HIERARCHY
ROOT Hips
{
	OFFSET -0.001795 -0.223333 0.028219
	CHANNELS 6 Xposition Yposition Zposition Zrotation Yrotation Xrotation 
	JOINT LeftUpLeg
	{
		OFFSET 0.069520 -0.091406 -0.006815
		CHANNELS 3 Zrotation Yrotation Xrotation
		JOINT LeftLeg
		{
			OFFSET 0.034277 -0.375199 -0.004496
			CHANNELS 3 Zrotation Yrotation Xrotation
			JOINT LeftFoot
			{
				OFFSET -0.013596 -0.397961 -0.043693
				CHANNELS 3 Zrotation Yrotation Xrotation
				JOINT LeftToe
				{
					OFFSET 0.026358 -0.055791 0.119288
					CHANNELS 3 Zrotation Yrotation Xrotation
					End Site
					{
						OFFSET 0.000000 0.000000 0.000000
					}
				}
			}
		}
	}
	JOINT RightUpLeg
	{
		OFFSET -0.067670 -0.090522 -0.004320
		CHANNELS 3 Zrotation Yrotation Xrotation
		JOINT RightLeg
		{
			OFFSET -0.038290 -0.382569 -0.008850
			CHANNELS 3 Zrotation Yrotation Xrotation
			JOINT RightFoot
			{
				OFFSET 0.015774 -0.398415 -0.042312
				CHANNELS 3 Zrotation Yrotation Xrotation
				JOINT RightToe
				{
					OFFSET -0.025372 -0.048144 0.123348
					CHANNELS 3 Zrotation Yrotation Xrotation
					End Site
					{
						OFFSET 0.000000 0.000000 0.000000
					}
				}
			}
		}
	}
	JOINT Spine
	{
		OFFSET -0.002533 0.108963 -0.026696
		CHANNELS 3 Zrotation Yrotation Xrotation
		JOINT Spine1
		{
			OFFSET 0.005487 0.135180 0.001092
			CHANNELS 3 Zrotation Yrotation Xrotation
			JOINT Spine2
			{
				OFFSET 0.001457 0.052922 0.025425
				CHANNELS 3 Zrotation Yrotation Xrotation
				JOINT Neck
				{
					OFFSET -0.002778 0.213870 -0.042857
					CHANNELS 3 Zrotation Yrotation Xrotation
					JOINT Head
					{
						OFFSET 0.005152 0.064970 0.051349
						CHANNELS 3 Zrotation Yrotation Xrotation
						End Site
						{
							OFFSET 0.000000 0.000000 0.000000
						}
					}
				}
				JOINT LeftShoulder
				{
					OFFSET 0.078845 0.121749 -0.034090
					CHANNELS 3 Zrotation Yrotation Xrotation
					JOINT LeftArm
					{
						OFFSET 0.090977 0.030469 -0.008868
						CHANNELS 3 Zrotation Yrotation Xrotation
						JOINT LeftForeArm
						{
							OFFSET 0.259612 -0.012772 -0.027456
							CHANNELS 3 Zrotation Yrotation Xrotation
							JOINT LeftHand
							{
								OFFSET 0.249234 0.008986 -0.001171
								CHANNELS 3 Zrotation Yrotation Xrotation
								End Site
								{
									OFFSET 0.000000 0.000000 0.000000
								}
							}
						}
					}
				}
				JOINT RightShoulder
				{
					OFFSET -0.081759 0.118833 -0.038615
					CHANNELS 3 Zrotation Yrotation Xrotation
					JOINT RightArm
					{
						OFFSET -0.096012 0.032551 -0.009143
						CHANNELS 3 Zrotation Yrotation Xrotation
						JOINT RightForeArm
						{
							OFFSET -0.253742 -0.013329 -0.021401
							CHANNELS 3 Zrotation Yrotation Xrotation
							JOINT RightHand
							{
								OFFSET -0.255298 0.007772 -0.005559
								CHANNELS 3 Zrotation Yrotation Xrotation
								End Site
								{
									OFFSET 0.000000 0.000000 0.000000
								}
							}
						}
					}
				}
			}
		}
	}
}
MOTION
Frames: 196
Frame Time: 0.050000
0.000000 0.940676 0.000000 -0.659428 -1.694724 6.044313 5.913337 -0.214915 -1.775612 1.164059 0.180941 -6.885482 1.176809 5.724411 9.807283 0.000000 0.000000 0.000000 -5.506377 0.445281 -4.053117 -1.432190 0.023485 -2.301020 -1.200325 -6.324551 8.326350 0.000000 0.000000 0.000000 3.088755 0.201764 -4.245862 -1.704418 0.818621 -3.326954 -1.751770 2.365271 3.090297 0.974636 0.290911 -10.816443 0.000000 0.000000 0.000000 -16.352224 1.574418 -2.769843 -54.959484 -6.773965 -3.240433 -8.212225 -14.761452 1.544584 0.000000 0.000000 0.000000 13.968462 -3.924920 -2.913807 60.819288 5.141974 -2.997231 6.849696 17.104785 1.493937 0.000000 0.000000 0.000000 
0.000382 0.940011 0.000570 -0.775942 -3.302650 6.432189 5.336969 -0.156937 -0.832458 2.291421 0.212124 -8.398151 1.710510 6.525841 9.987702 0.000000 0.000000 0.000000 -5.799903 0.504646 -4.694253 -1.210462 -0.001318 -2.365046 -0.212697 -4.388681 8.167505 0.000000 0.000000 0.000000 3.823223 0.214977 -4.328890 -2.871939 1.309652 -3.689809 -1.394609 2.973481 2.578158 -0.483115 1.294415 -11.946978 0.000000 0.000000 0.000000 -17.244276 3.000473 -3.565167 -54.341806 -6.704714 -3.176386 -9.176333 -14.349648 1.623301 0.000000 0.000000 0.000000 13.123644 -4.612809 -3.210276 61.925877 4.418241 -3.362520 7.377859 17.558211 1.596136 0.000000 0.000000 0.000000 
0.000631 0.939887 0.000833 -0.355480 -2.502977 6.399456 4.891035 -0.171336 -1.091739 2.499424 0.160884 -7.667754 1.084059 5.282670 9.083189 0.000000 0.000000 0.000000 -6.155474 0.499374 -4.744081 -1.206841 0.007736 -2.212798 -1.230323 -6.257441 7.725212 0.000000 0.000000 0.000000 3.246714 0.177652 -3.913890 -2.339412 1.080479 -5.076651 -1.951298 2.141587 2.914997 -0.999014 1.584061 -11.634089 0.000000 0.000000 0.000000 -16.573017 2.742496 -3.263087 -54.869155 -6.415384 -3.384816 -8.503584 -13.685391 1.475126 0.000000 0.000000 0.000000 14.281233 -3.592658 -2.902779 60.745360 4.035935 -3.565864 6.928362 17.400576 1.513453 0.000000 0.000000 0.000000 
0.000766 0.939906 0.000986 -0.447319 -2.791936 6.727732 4.905009 -0.174806 -1.115137 2.619460 0.178391 -8.037275 1.061504 5.294750 9.371756 0.000000 0.000000 0.000000 -6.355383 0.536542 -5.323454 -0.955523 -0.001373 -1.972104 -1.293284 -6.443534 7.812741 0.000000 0.000000 0.000000 3.220571 0.181281 -4.008982 -2.903647 1.313654 -4.977524 -1.116875 1.332928 2.043409 -2.169509 2.190071 -10.513358 0.000000 0.000000 0.000000 -16.377740 3.785626 -3.552242 -55.694829 -6.805281 -3.171712 -7.836912 -12.856080 1.328479 0.000000 0.000000 0.000000 13.024469 -3.468435 -2.887876 61.079318 3.858007 -3.618061 7.789817 17.523388 1.597470 0.000000 0.000000 0.000000 
0.000778 0.940421 0.001031 -0.356640 -2.161422 6.638596 4.594388 -0.177571 -1.159011 2.901112 0.166290 -8.013574 0.863813 5.017699 9.386312 0.000000 0.000000 0.000000 -6.430243 0.524071 -5.266034 -0.981271 -0.000803 -2.028890 -1.697951 -7.280180 7.993548 0.000000 0.000000 0.000000 2.913271 0.169851 -3.873143 -2.517455 1.158226 -5.214406 -1.309794 0.829797 2.263153 -2.814679 2.615867 -10.811880 0.000000 0.000000 0.000000 -16.258111 3.603578 -3.416676 -55.915896 -7.516678 -2.870867 -8.022466 -12.093255 1.267546 0.000000 0.000000 0.000000 12.811741 -3.642938 -2.953095 61.220287 4.054033 -3.553455 7.816393 17.205023 1.567447 0.000000 0.000000 0.000000 
0.000767 0.940703 0.001032 -0.388126 -2.099976 6.901895 4.581726 -0.194680 -1.421393 3.100707 0.158305 -8.002236 0.911240 5.125882 9.460916 0.000000 0.000000 0.000000 -6.397333 0.538588 -5.511830 -1.094475 0.003976 -2.119093 -1.651625 -7.306303 8.397234 0.000000 0.000000 0.000000 2.651019 0.180265 -4.076602 -2.469866 1.138133 -5.332976 -0.914365 0.571925 2.308848 -3.047610 2.740527 -10.676684 0.000000 0.000000 0.000000 -16.525879 4.090735 -3.638557 -56.265948 -8.072643 -2.625099 -7.540656 -11.340742 1.144366 0.000000 0.000000 0.000000 12.249237 -3.485941 -2.847521 61.463757 4.096920 -3.564157 7.812992 17.066109 1.543235 0.000000 0.000000 0.000000 
0.000713 0.940956 0.000949 -0.477819 -1.751670 6.894383 4.588635 -0.196459 -1.400643 3.258974 0.165012 -8.191797 0.830074 5.147405 9.897463 0.000000 0.000000 0.000000 -6.178332 0.530039 -5.428032 -1.292975 0.018469 -2.165851 -1.644653 -7.271503 8.434080 0.000000 0.000000 0.000000 2.491599 0.164504 -3.859523 -2.250257 1.051912 -5.488702 -0.943411 0.089469 2.347612 -3.079061 2.754619 -11.198075 0.000000 0.000000 0.000000 -16.458859 4.241378 -3.646980 -56.425567 -8.121871 -2.611669 -7.975115 -11.267118 1.183176 0.000000 0.000000 0.000000 12.408159 -3.386185 -2.867091 61.400168 3.928157 -3.666542 7.776417 17.181275 1.540884 0.000000 0.000000 0.000000 
0.000718 0.941049 0.000817 -0.663829 -1.537629 7.075853 4.674622 -0.219526 -1.754046 3.549699 0.132326 -7.856554 0.943754 5.274639 9.589585 0.000000 0.000000 0.000000 -6.043258 0.536427 -5.550271 -1.339026 0.029816 -2.024551 -1.688200 -7.293021 8.280293 0.000000 0.000000 0.000000 2.328574 0.168520 -3.957786 -2.120170 1.000619 -5.483548 -0.687459 -0.089597 2.334338 -3.139278 2.788402 -11.368254 0.000000 0.000000 0.000000 -16.301664 4.289419 -3.626501 -56.559618 -8.310320 -2.521706 -8.367304 -11.379249 1.235225 0.000000 0.000000 0.000000 12.152173 -3.378309 -2.843993 61.692713 3.782495 -3.766783 7.833607 17.027941 1.529118 0.000000 0.000000 0.000000 
0.000696 0.941309 0.000654 -0.827836 -1.354589 7.159047 4.917680 -0.236401 -1.993862 3.570763 0.113273 -7.579438 0.893649 5.135232 9.352904 0.000000 0.000000 0.000000 -5.951821 0.535813 -5.549315 -1.276883 0.020429 -2.115190 -1.648520 -7.166259 8.191963 0.000000 0.000000 0.000000 2.128957 0.170443 -4.005784 -1.896530 0.911145 -5.734762 -0.413633 -0.170529 2.471834 -2.985520 2.693790 -11.568469 0.000000 0.000000 0.000000 -15.903232 4.236726 -3.534033 -56.910408 -8.540994 -2.432524 -8.784331 -11.269983 1.263065 0.000000 0.000000 0.000000 12.131990 -3.309681 -2.811876 61.481367 3.772984 -3.773808 7.685610 16.616076 1.469679 0.000000 0.000000 0.000000 
0.000636 0.941497 0.000484 -0.976305 -1.456020 7.253931 5.001613 -0.254065 -2.347475 3.652256 0.092334 -7.322871 1.024862 5.299285 9.171500 0.000000 0.000000 0.000000 -5.901066 0.540855 -5.594628 -1.239445 0.007926 -2.296853 -1.484423 -6.857238 8.251286 0.000000 0.000000 0.000000 2.010327 0.172814 -4.052889 -1.875548 0.902201 -5.890548 -0.121317 -0.096057 2.661299 -2.907506 2.650720 -11.934708 0.000000 0.000000 0.000000 -15.593494 4.381116 -3.548537 -57.082221 -8.737441 -2.357051 -9.199697 -11.476511 1.330333 0.000000 0.000000 0.000000 12.139168 -3.064246 -2.704631 61.245338 3.849748 -3.737704 7.647762 16.307297 1.433308 0.000000 0.000000 0.000000 
0.000549 0.941558 0.000343 -1.087573 -1.550437 7.367783 5.356390 -0.260746 -2.429487 3.531316 0.100827 -7.371374 0.946548 5.129950 9.097913 0.000000 0.000000 0.000000 -5.899821 0.541196 -5.537448 -1.191431 -0.017094 -2.717291 -1.384155 -6.698714 8.373165 0.000000 0.000000 0.000000 1.951353 0.171773 -4.044638 -1.900046 0.910759 -5.933311 0.054087 0.036547 2.681739 -2.781040 2.577896 -12.103779 0.000000 0.000000 0.000000 -15.362611 4.397990 -3.531975 -57.006676 -8.841844 -2.303184 -9.491559 -12.026622 1.427078 0.000000 0.000000 0.000000 12.123664 -2.942563 -2.639910 61.324501 4.063593 -3.629326 7.519052 15.930963 1.381843 0.000000 0.000000 0.000000 
0.000459 0.941402 0.000237 -1.161876 -1.605387 7.559696 5.842409 -0.273963 -2.636810 3.486996 0.113701 -7.532119 0.675621 4.733746 9.380800 0.000000 0.000000 0.000000 -5.905379 0.545986 -5.556964 -1.184404 -0.026850 -2.897954 -1.279681 -6.505563 8.425259 0.000000 0.000000 0.000000 1.700831 0.180906 -4.219013 -1.709924 0.832303 -5.909556 0.334867 0.024061 2.616049 -2.439772 2.365718 -12.511630 0.000000 0.000000 0.000000 -14.990784 4.569296 -3.548718 -57.098664 -8.660362 -2.379069 -9.813783 -12.582896 1.532937 0.000000 0.000000 0.000000 11.676766 -2.805659 -2.529346 61.317480 4.040824 -3.639206 7.685788 15.821386 1.387706 0.000000 0.000000 0.000000 
0.000398 0.941453 0.000168 -1.344624 -1.901490 7.666656 6.124202 -0.275174 -2.698126 3.680576 0.110390 -7.608018 0.497178 4.393096 9.387886 0.000000 0.000000 0.000000 -5.810547 0.553969 -5.612957 -1.261170 -0.035201 -3.163379 -1.055884 -6.187189 8.755103 0.000000 0.000000 0.000000 1.607002 0.187238 -4.316043 -1.662526 0.807926 -5.872457 0.631995 0.246853 2.423277 -2.060415 2.133413 -12.708745 0.000000 0.000000 0.000000 -14.948935 4.727121 -3.625948 -56.835333 -8.534035 -2.410607 -10.090096 -12.952945 1.609551 0.000000 0.000000 0.000000 11.771306 -2.666440 -2.481659 60.961001 4.047778 -3.590926 7.849694 15.648231 1.389172 0.000000 0.000000 0.000000 
0.000355 0.941263 0.000049 -1.598270 -2.225105 7.864729 6.260858 -0.281704 -2.903365 3.863261 0.110201 -7.719954 0.471042 4.333091 9.453262 0.000000 0.000000 0.000000 -5.724437 0.571390 -5.817537 -1.336895 -0.034750 -3.242458 -0.847113 -5.832592 8.861952 0.000000 0.000000 0.000000 1.574030 0.198611 -4.507759 -1.582541 0.770489 -5.861091 0.953150 0.438958 2.248310 -1.649934 1.878929 -12.912007 0.000000 0.000000 0.000000 -14.655871 4.786193 -3.607967 -56.865159 -8.204521 -2.545333 -10.431383 -13.326576 1.697789 0.000000 0.000000 0.000000 11.384617 -2.633555 -2.423500 60.959797 3.883755 -3.659867 7.943063 15.604264 1.392832 0.000000 0.000000 0.000000 
0.000319 0.941300 -0.000113 -1.816225 -2.547667 8.047481 6.510355 -0.279281 -2.867891 4.055492 0.125564 -8.042519 0.471013 4.328851 9.557880 0.000000 0.000000 0.000000 -5.711442 0.576669 -5.790171 -1.245003 -0.067203 -3.751960 -0.649733 -5.614254 9.285961 0.000000 0.000000 0.000000 1.663688 0.205346 -4.615405 -1.588579 0.769178 -5.992540 1.174131 0.646153 2.124781 -1.536668 1.806226 -12.948493 0.000000 0.000000 0.000000 -14.696577 5.050155 -3.741076 -56.592509 -7.940903 -2.645149 -10.665590 -13.306828 1.722756 0.000000 0.000000 0.000000 11.058592 -2.635456 -2.385008 60.884220 3.884956 -3.641093 8.204097 15.754186 1.436238 0.000000 0.000000 0.000000 
0.000241 0.941190 -0.000317 -1.977541 -2.885912 8.124074 6.756921 -0.272343 -2.759330 4.076321 0.147258 -8.354237 0.500180 4.319597 9.477849 0.000000 0.000000 0.000000 -5.528637 0.580183 -5.766289 -1.323336 -0.081601 -4.128112 -0.401818 -5.142360 9.258784 0.000000 0.000000 0.000000 1.588132 0.202033 -4.546674 -1.500612 0.728409 -5.950162 1.375224 0.708062 1.744621 -1.391262 1.723547 -13.452342 0.000000 0.000000 0.000000 -14.525178 5.246079 -3.792856 -56.470528 -7.528077 -2.792005 -10.990667 -13.420367 1.777327 0.000000 0.000000 0.000000 10.746225 -2.382614 -2.256457 60.946384 3.924245 -3.595707 8.421578 16.020511 1.482795 0.000000 0.000000 0.000000 
0.000139 0.941232 -0.000546 -2.167405 -3.218285 8.114596 7.020859 -0.257267 -2.429353 4.156062 0.164884 -8.633262 0.599457 4.451036 9.455658 0.000000 0.000000 0.000000 -5.500275 0.576903 -5.642404 -1.249342 -0.107583 -4.558946 -0.209797 -4.883116 9.502715 0.000000 0.000000 0.000000 1.534975 0.196939 -4.437033 -1.433238 0.696610 -6.004073 1.629821 0.684133 1.690522 -1.328399 1.669936 -13.614166 0.000000 0.000000 0.000000 -14.660273 5.456950 -3.873848 -56.246937 -7.219358 -2.919009 -11.185020 -13.588217 1.829379 0.000000 0.000000 0.000000 10.726368 -2.379007 -2.286870 60.807539 4.015667 -3.549398 8.565931 16.373450 1.529817 0.000000 0.000000 0.000000 
0.000020 0.941135 -0.000811 -2.359851 -3.557467 8.226699 7.256162 -0.251247 -2.312048 4.211089 0.173774 -8.777486 0.714310 4.552721 9.235203 0.000000 0.000000 0.000000 -5.503013 0.586758 -5.724053 -1.190875 -0.124026 -4.824141 0.004829 -4.551473 9.662633 0.000000 0.000000 0.000000 1.479865 0.201425 -4.499834 -1.338247 0.652290 -5.926158 1.881290 0.611950 1.532742 -1.406747 1.707682 -13.980466 0.000000 0.000000 0.000000 -14.362088 5.632501 -3.870785 -56.445608 -6.972732 -3.015391 -11.628208 -13.552256 1.881990 0.000000 0.000000 0.000000 10.292154 -2.215479 -2.193217 60.846485 4.125926 -3.501702 8.947456 16.708907 1.603923 0.000000 0.000000 0.000000 
-0.000125 0.941018 -0.001124 -2.495397 -3.873228 8.202187 7.396193 -0.243653 -2.235106 4.248393 0.161083 -8.637272 0.810010 4.670096 9.167117 0.000000 0.000000 0.000000 -5.383066 0.578607 -5.532674 -1.136685 -0.144699 -5.199210 0.204636 -4.225199 9.758507 0.000000 0.000000 0.000000 1.465421 0.204644 -4.532169 -1.316097 0.638936 -5.929648 2.021663 0.503358 1.597403 -1.494075 1.741292 -14.149949 0.000000 0.000000 0.000000 -14.268629 5.758606 -3.868485 -56.519899 -6.878738 -3.060469 -12.021497 -13.773066 1.969545 0.000000 0.000000 0.000000 10.230506 -2.175564 -2.203723 60.761620 4.296846 -3.436550 9.416982 17.236961 1.713306 0.000000 0.000000 0.000000 
-0.000253 0.940770 -0.001513 -2.651386 -4.077095 8.153294 7.574277 -0.236523 -2.100053 4.040235 0.158602 -8.517522 0.990122 4.879550 8.846487 0.000000 0.000000 0.000000 -5.201197 0.572246 -5.415251 -1.158403 -0.151050 -5.357162 0.246384 -4.184031 9.803113 0.000000 0.000000 0.000000 1.449236 0.206159 -4.544843 -1.395595 0.667702 -5.714925 2.135901 0.382019 1.442406 -1.739449 1.867739 -14.131566 0.000000 0.000000 0.000000 -14.052267 6.100575 -3.968287 -56.652810 -7.083809 -2.942204 -12.350614 -13.951215 2.042320 0.000000 0.000000 0.000000 10.178728 -2.172591 -2.228112 60.784628 4.352833 -3.411686 9.800036 17.688896 1.805225 0.000000 0.000000 0.000000 
-0.000365 0.940556 -0.001909 -2.726274 -4.195165 7.952299 7.710021 -0.225364 -1.860096 3.931438 0.150554 -8.366802 1.028896 4.881735 8.634688 0.000000 0.000000 0.000000 -5.120407 0.558660 -5.212278 -1.063759 -0.157173 -5.394554 0.313775 -4.068428 9.818152 0.000000 0.000000 0.000000 1.325760 0.192651 -4.298349 -1.466301 0.695459 -5.710664 2.297592 0.316271 1.465303 -1.968128 2.000805 -14.377549 0.000000 0.000000 0.000000 -13.872784 6.253451 -3.992315 -57.007260 -7.602780 -2.701274 -12.207312 -14.260908 2.076762 0.000000 0.000000 0.000000 9.986276 -2.115485 -2.192854 61.051213 4.597987 -3.321896 10.055710 18.021934 1.873012 0.000000 0.000000 0.000000 
-0.000418 0.940384 -0.002321 -2.753004 -4.221918 7.797730 7.935866 -0.219625 -1.722303 3.790394 0.145134 -8.226478 0.942794 4.725620 8.627262 0.000000 0.000000 0.000000 -5.030914 0.540091 -4.933851 -1.123779 -0.164674 -5.622560 0.162415 -4.458275 10.031094 0.000000 0.000000 0.000000 1.219346 0.194684 -4.325868 -1.554142 0.730797 -5.317662 2.334511 0.330532 1.271277 -2.111640 2.093347 -14.562225 0.000000 0.000000 0.000000 -13.641314 6.374301 -4.022017 -57.279458 -8.211399 -2.394511 -12.051003 -14.384007 2.074799 0.000000 0.000000 0.000000 9.946773 -2.113172 -2.187907 61.182222 4.560382 -3.334728 9.966361 18.413951 1.904123 0.000000 0.000000 0.000000 
-0.000418 0.940201 -0.002765 -2.741531 -4.181088 7.840205 7.871435 -0.229494 -2.085984 3.823877 0.114770 -7.827981 0.807399 4.449569 8.489185 0.000000 0.000000 0.000000 -4.996582 0.551938 -5.141606 -1.036859 -0.159442 -5.418052 0.018487 -4.769194 10.106846 0.000000 0.000000 0.000000 1.047879 0.195682 -4.352942 -1.605834 0.752937 -5.395074 2.339402 0.316268 1.329881 -2.272878 2.188417 -14.473800 0.000000 0.000000 0.000000 -13.404446 6.409241 -4.005566 -57.597662 -8.937778 -2.047240 -11.757943 -14.386847 2.038587 0.000000 0.000000 0.000000 9.696828 -2.306557 -2.230641 61.472302 4.606436 -3.340982 9.936268 18.317330 1.889505 0.000000 0.000000 0.000000 
-0.000396 0.939978 -0.003239 -2.845374 -4.200853 7.733375 7.977616 -0.227991 -2.141595 3.807505 0.089273 -7.473144 0.694517 4.236716 8.451581 0.000000 0.000000 0.000000 -4.833959 0.546052 -5.093059 -0.969086 -0.162742 -5.421592 -0.202116 -5.396652 10.609237 0.000000 0.000000 0.000000 0.972071 0.194351 -4.321252 -1.675951 0.781888 -5.412239 2.471591 0.353730 1.656260 -2.478672 2.312748 -14.437730 0.000000 0.000000 0.000000 -13.093042 6.451576 -3.976148 -57.931874 -9.942018 -1.583240 -11.279534 -14.021440 1.927058 0.000000 0.000000 0.000000 9.475031 -2.388646 -2.226261 61.650077 4.627070 -3.382688 9.704379 18.257492 1.853422 0.000000 0.000000 0.000000 
-0.000333 0.939708 -0.003801 -2.901896 -4.111098 7.565066 7.945665 -0.225933 -2.124682 3.875232 0.073264 -7.296261 0.659393 4.207823 8.534081 0.000000 0.000000 0.000000 -4.617572 0.532873 -4.960186 -1.041068 -0.156877 -5.369939 -0.283374 -5.578197 10.697075 0.000000 0.000000 0.000000 0.879043 0.181060 -4.074467 -1.691166 0.789702 -5.285259 2.413374 0.482807 1.720054 -2.585019 2.396965 -14.544209 0.000000 0.000000 0.000000 -12.743434 6.401049 -3.929170 -57.984517 -10.563827 -1.284740 -10.810170 -13.869081 1.843589 0.000000 0.000000 0.000000 9.381233 -2.232737 -2.121923 61.803684 4.395768 -3.509148 9.417533 18.304723 1.826455 0.000000 0.000000 0.000000 
-0.000242 0.939605 -0.004406 -2.931433 -4.122090 7.484443 7.843795 -0.222414 -2.060581 3.864089 0.061664 -7.133243 0.769869 4.406635 8.541535 0.000000 0.000000 0.000000 -4.550845 0.529827 -4.939061 -0.899537 -0.164225 -5.383740 -0.344876 -5.734820 10.794005 0.000000 0.000000 0.000000 0.708373 0.174092 -3.934198 -1.682107 0.786015 -5.247258 2.419501 0.798114 2.019675 -2.551476 2.403997 -14.499331 0.000000 0.000000 0.000000 -12.364555 6.135146 -3.788312 -57.957580 -11.546764 -0.834638 -10.067070 -13.418913 1.688223 0.000000 0.000000 0.000000 9.347398 -2.236273 -2.078801 61.940532 4.367920 -3.539896 8.877671 18.209840 1.754299 0.000000 0.000000 0.000000 
-0.000127 0.939463 -0.005033 -2.884778 -3.769795 7.448364 7.821302 -0.230127 -2.144049 3.743975 0.063392 -7.061945 0.749109 4.388403 8.492256 0.000000 0.000000 0.000000 -4.481533 0.520699 -4.852048 -0.968058 -0.163702 -5.444497 -0.526035 -6.053379 10.822197 0.000000 0.000000 0.000000 0.524049 0.164184 -3.754594 -1.623403 0.767084 -5.367488 2.356432 0.778567 2.352522 -2.649678 2.484161 -14.644202 0.000000 0.000000 0.000000 -11.694637 6.154994 -3.719776 -57.968357 -12.272412 -0.502683 -9.600464 -13.120243 1.593766 0.000000 0.000000 0.000000 9.090762 -2.131056 -1.972402 62.037043 4.075301 -3.721349 8.482584 18.127496 1.698735 0.000000 0.000000 0.000000 
-0.000084 0.939339 -0.005724 -2.838188 -3.581330 7.540889 7.860726 -0.238335 -2.267189 3.713291 0.070186 -7.125859 0.837549 4.636847 8.756170 0.000000 0.000000 0.000000 -4.454351 0.509850 -4.686376 -0.892102 -0.182221 -5.777341 -0.667018 -6.318460 10.869861 0.000000 0.000000 0.000000 0.196313 0.163973 -3.739097 -1.461300 0.703086 -5.495486 2.391047 0.982867 2.669411 -2.756600 2.579193 -14.722114 0.000000 0.000000 0.000000 -11.166782 6.081639 -3.643348 -57.383976 -12.867915 -0.254803 -8.992047 -12.979490 1.502793 0.000000 0.000000 0.000000 8.877602 -2.290235 -1.972832 61.856306 3.586022 -3.973562 8.159351 18.303562 1.684580 0.000000 0.000000 0.000000 
-0.000080 0.939048 -0.006436 -2.946596 -3.326840 7.624910 7.927357 -0.247043 -2.369611 3.971925 0.068438 -7.255194 0.676798 4.420752 8.912241 0.000000 0.000000 0.000000 -4.307360 0.503014 -4.616688 -0.805192 -0.191607 -5.896306 -0.745664 -6.401656 10.758265 0.000000 0.000000 0.000000 0.112357 0.162820 -3.720603 -1.531346 0.735317 -5.497515 2.596846 1.003936 2.821960 -2.854986 2.655011 -14.950226 0.000000 0.000000 0.000000 -10.414411 6.370424 -3.673565 -56.700479 -13.427303 -0.004541 -8.389378 -13.074874 1.445147 0.000000 0.000000 0.000000 8.648283 -2.377476 -1.964286 61.560004 3.147805 -4.186551 7.610292 18.401741 1.621744 0.000000 0.000000 0.000000 
-0.000111 0.938836 -0.007057 -3.058079 -3.074922 7.751480 7.967890 -0.256678 -2.473418 4.130461 0.064311 -7.282049 0.577904 4.228347 8.775234 0.000000 0.000000 0.000000 -4.201505 0.501178 -4.609658 -0.732323 -0.206438 -6.156295 -0.955619 -6.830994 10.921008 0.000000 0.000000 0.000000 -0.172083 0.162132 -3.687569 -1.389560 0.680425 -5.530231 2.643714 1.303331 2.946053 -3.028709 2.804059 -15.179073 0.000000 0.000000 0.000000 -9.626099 6.458465 -3.637692 -55.351426 -13.994942 0.209579 -8.077842 -13.535968 1.453772 0.000000 0.000000 0.000000 8.554556 -2.560036 -1.983059 60.770666 2.559169 -4.401900 6.575256 18.445176 1.493918 0.000000 0.000000 0.000000 
-0.000078 0.938828 -0.007466 -3.117514 -2.557171 7.956768 8.100318 -0.275144 -2.683635 4.181335 0.094851 -7.696786 0.390087 4.086520 9.241953 0.000000 0.000000 0.000000 -4.121119 0.504270 -4.684514 -0.677004 -0.214595 -6.272051 -1.088099 -6.987598 10.805543 0.000000 0.000000 0.000000 -0.331510 0.162561 -3.697775 -1.315543 0.657150 -5.672745 2.717911 1.295557 3.061215 -3.054729 2.850424 -15.417977 0.000000 0.000000 0.000000 -9.035190 6.873377 -3.748326 -53.831769 -14.548649 0.404128 -7.639392 -14.030804 1.451430 0.000000 0.000000 0.000000 8.063822 -2.908911 -2.037363 59.829425 2.086759 -4.555041 5.911058 18.457549 1.410347 0.000000 0.000000 0.000000 
0.000083 0.938825 -0.007679 -3.213885 -2.279472 8.271046 8.162369 -0.289849 -2.792577 4.290809 0.131601 -8.224447 0.132437 3.823542 9.767293 0.000000 0.000000 0.000000 -3.935319 0.502698 -4.660149 -0.788874 -0.228315 -6.676358 -1.257357 -7.362774 11.070166 0.000000 0.000000 0.000000 -0.432960 0.162582 -3.686609 -1.296476 0.652664 -5.672298 2.670318 1.471456 2.956783 -3.052875 2.887477 -15.782693 0.000000 0.000000 0.000000 -8.358133 7.466774 -3.919486 -51.876836 -14.739231 0.430630 -7.257000 -14.954158 1.493625 0.000000 0.000000 0.000000 7.509762 -3.556249 -2.204793 58.163449 1.791978 -4.517904 4.969712 18.363833 1.278411 0.000000 0.000000 0.000000 
0.000377 0.938801 -0.007880 -3.249469 -1.980789 8.475165 8.163168 -0.300636 -2.792157 4.441567 0.178547 -8.890192 -0.024371 3.676405 10.070535 0.000000 0.000000 0.000000 -3.850218 0.497283 -4.581874 -0.781041 -0.254830 -7.251172 -1.310798 -7.440159 11.110686 0.000000 0.000000 0.000000 -0.421234 0.160135 -3.643684 -1.501013 0.741696 -5.859880 2.719602 1.398735 3.113660 -3.077899 2.916462 -16.071681 0.000000 0.000000 0.000000 -7.449419 8.409445 -4.158076 -50.516922 -14.993814 0.486354 -6.043624 -15.923806 1.429082 0.000000 0.000000 0.000000 6.461865 -4.215954 -2.324847 56.675789 2.000597 -4.299491 3.216305 18.091869 1.016217 0.000000 0.000000 0.000000 
0.000698 0.938750 -0.008170 -3.258478 -1.981726 8.819664 8.017940 -0.306900 -2.762892 4.810298 0.222240 -9.558169 -0.424102 3.139912 10.549785 0.000000 0.000000 0.000000 -3.769932 0.498618 -4.561922 -1.005604 -0.270912 -7.761515 -1.333860 -7.593571 11.482833 0.000000 0.000000 0.000000 -0.553968 0.163964 -3.688108 -1.538559 0.757591 -6.104671 2.702392 1.415639 3.171816 -3.113866 2.954676 -16.641667 0.000000 0.000000 0.000000 -6.791344 9.193476 -4.360897 -48.309438 -14.506729 0.218585 -5.596388 -17.042177 1.467829 0.000000 0.000000 0.000000 5.380514 -4.741024 -2.379866 54.038447 2.362961 -3.925845 1.863653 17.225903 0.786559 0.000000 0.000000 0.000000 
0.001039 0.939014 -0.008455 -3.329551 -2.106051 9.049136 7.799603 -0.308942 -2.775288 5.226150 0.262906 -10.146698 -0.672547 2.819883 10.914311 0.000000 0.000000 0.000000 -3.737311 0.493121 -4.441424 -1.073226 -0.292608 -8.272867 -1.241440 -7.447640 11.537729 0.000000 0.000000 0.000000 -0.533764 0.166235 -3.727053 -1.785544 0.855997 -6.310436 2.640585 1.522281 3.219649 -2.895710 2.836189 -16.775489 0.000000 0.000000 0.000000 -5.227281 10.079505 -4.419536 -46.947646 -14.430217 0.154485 -4.435169 -17.181132 1.307380 0.000000 0.000000 0.000000 3.869359 -5.465457 -2.437195 51.903303 3.403715 -3.323301 0.559162 15.917777 0.567676 0.000000 0.000000 0.000000 
0.001315 0.939530 -0.008755 -3.424968 -2.043654 9.211582 7.606887 -0.309341 -2.617920 5.566669 0.315772 -10.811056 -1.104133 2.256305 11.395197 0.000000 0.000000 0.000000 -3.523956 0.488663 -4.398674 -1.338740 -0.293214 -8.416473 -1.359740 -7.775638 11.917117 0.000000 0.000000 0.000000 -0.611764 0.159447 -3.523826 -1.782825 0.856203 -6.457066 2.654483 1.612612 2.914981 -2.661558 2.688822 -16.167443 0.000000 0.000000 0.000000 -4.099010 10.735558 -4.453113 -44.930742 -14.384431 0.111375 -3.562502 -17.415334 1.189079 0.000000 0.000000 0.000000 2.115938 -5.985580 -2.365542 49.359821 3.776896 -2.975577 0.041205 14.523693 0.460340 0.000000 0.000000 0.000000 
0.001629 0.940031 -0.009027 -3.469484 -1.722418 9.434199 7.336853 -0.317338 -2.616438 6.144448 0.369272 -11.453198 -1.544858 1.738099 11.923229 0.000000 0.000000 0.000000 -3.360835 0.472032 -4.186375 -1.539424 -0.324547 -9.105032 -1.438044 -7.984933 12.291116 0.000000 0.000000 0.000000 -0.744651 0.157874 -3.446228 -1.779449 0.860400 -6.587302 2.707581 1.100086 2.810604 -2.746036 2.715109 -16.569690 0.000000 0.000000 0.000000 -2.604362 11.821004 -4.549291 -43.692301 -14.805307 0.255784 -2.391825 -16.897214 0.995212 0.000000 0.000000 0.000000 0.087985 -6.297311 -2.163859 47.772638 5.381036 -2.282286 -0.906903 12.578749 0.304937 0.000000 0.000000 0.000000 
0.001933 0.940452 -0.009291 -3.470483 -1.742297 9.317080 7.186547 -0.304030 -2.265952 6.491046 0.428867 -12.098041 -1.976735 1.243067 12.547573 0.000000 0.000000 0.000000 -3.294902 0.448850 -3.891973 -1.543507 -0.330080 -9.220210 -1.319638 -7.867080 12.658007 0.000000 0.000000 0.000000 -0.793171 0.146882 -3.134466 -1.797001 0.868142 -6.760651 2.844343 0.979667 2.621012 -2.527663 2.549908 -15.893347 0.000000 0.000000 0.000000 -1.001709 12.407881 -4.428498 -41.816913 -14.809912 0.224503 -1.219085 -16.486503 0.809117 0.000000 0.000000 0.000000 -2.224259 -6.786433 -1.952777 45.760580 6.247639 -1.881897 -1.020348 11.363565 0.263993 0.000000 0.000000 0.000000 
0.002327 0.941242 -0.009641 -3.596923 -1.620261 9.437455 6.927890 -0.309710 -2.416912 6.981290 0.427277 -12.079711 -2.117393 1.082238 12.698682 0.000000 0.000000 0.000000 -3.217132 0.459886 -4.053968 -1.558842 -0.318850 -8.993863 -1.189273 -7.600049 12.625283 0.000000 0.000000 0.000000 -0.775149 0.146601 -3.132060 -1.763663 0.857278 -6.868309 2.933879 0.738516 2.743377 -2.343379 2.412641 -15.560877 0.000000 0.000000 0.000000 1.043508 13.425962 -4.353120 -40.625382 -15.447014 0.404384 -0.668860 -15.413415 0.688200 0.000000 0.000000 0.000000 -4.167247 -7.366729 -1.805862 43.863743 7.729009 -1.330990 -1.179624 10.243413 0.226092 0.000000 0.000000 0.000000 
0.002866 0.941973 -0.010323 -3.689208 -1.955232 9.353395 6.702034 -0.297892 -2.338778 7.683365 0.411383 -11.920821 -2.173075 0.948153 12.697829 0.000000 0.000000 0.000000 -3.345573 0.467754 -4.128216 -1.502280 -0.309436 -8.809036 -0.992319 -7.450331 13.215571 0.000000 0.000000 0.000000 -0.771250 0.148733 -3.177559 -1.633126 0.802996 -7.205772 3.021380 0.842590 3.403118 -2.226563 2.305359 -14.601453 0.000000 0.000000 0.000000 3.159823 13.583435 -3.974479 -38.808949 -15.420754 0.294754 0.110785 -14.444677 0.551853 0.000000 0.000000 0.000000 -6.362609 -7.495837 -1.482661 41.621944 8.239944 -1.177467 -0.848998 9.315942 0.226952 0.000000 0.000000 0.000000 
0.003298 0.942588 -0.011249 -3.689783 -2.365205 9.415633 6.117326 -0.293302 -2.495300 8.650586 0.374319 -11.593799 -2.093606 1.087648 12.864127 0.000000 0.000000 0.000000 -3.448259 0.518669 -4.791879 -1.479140 -0.269228 -8.014115 -0.782331 -7.104154 13.146901 0.000000 0.000000 0.000000 -0.892684 0.149992 -3.121571 -1.738674 0.836065 -6.919869 3.473117 0.632400 3.309959 -2.049056 2.135899 -14.201922 0.000000 0.000000 0.000000 5.737241 14.006835 -3.607297 -37.480899 -15.027744 0.177867 -0.390526 -13.741205 0.592157 0.000000 0.000000 0.000000 -7.902959 -7.598513 -1.202071 39.223922 9.456950 -0.798736 -0.968055 8.789246 0.201998 0.000000 0.000000 0.000000 
0.003556 0.943206 -0.012126 -3.811843 -3.177407 9.453581 5.955743 -0.275736 -2.323426 9.008326 0.333395 -11.254841 -1.559710 1.750978 12.547537 0.000000 0.000000 0.000000 -3.640870 0.557748 -5.258603 -1.179684 -0.269098 -7.879256 -0.319875 -6.477534 13.496386 0.000000 0.000000 0.000000 -0.844580 0.162678 -3.433879 -1.573914 0.760887 -7.220722 3.604532 0.748399 4.209697 -2.137419 2.158218 -14.070904 0.000000 0.000000 0.000000 8.293068 14.267797 -3.220219 -36.748967 -14.913888 0.105403 -1.265811 -12.415865 0.629520 0.000000 0.000000 0.000000 -9.812917 -7.665933 -0.875816 37.053130 10.221695 -0.648948 0.866645 8.181539 0.279165 0.000000 0.000000 0.000000 
0.003514 0.943785 -0.012772 -3.823479 -3.694396 9.507220 5.711971 -0.267571 -2.306852 9.264832 0.318235 -11.137580 -1.263993 2.301286 12.948347 0.000000 0.000000 0.000000 -3.581863 0.593604 -5.741324 -1.345844 -0.250892 -7.611605 0.102510 -5.799076 13.542001 0.000000 0.000000 0.000000 -0.581092 0.171420 -3.706436 -1.807738 0.843349 -6.683201 3.870140 0.457101 4.042829 -2.179308 2.123157 -13.960005 0.000000 0.000000 0.000000 10.486181 14.089253 -2.816307 -35.828246 -14.624248 0.065736 -3.511515 -11.035879 0.766327 0.000000 0.000000 0.000000 -10.911150 -7.390381 -0.537099 35.920788 11.458357 -0.343555 1.490578 7.099641 0.261595 0.000000 0.000000 0.000000 
0.003319 0.944747 -0.013140 -3.726499 -4.758369 9.662138 5.360298 -0.252838 -2.219471 9.258851 0.265616 -10.711397 -0.473058 3.344362 12.562235 0.000000 0.000000 0.000000 -4.211000 0.646360 -6.337868 -0.894073 -0.246303 -7.263609 0.858448 -4.547934 13.514676 0.000000 0.000000 0.000000 -0.400613 0.206545 -4.482245 -2.036674 0.919014 -6.399181 4.065455 0.388460 4.445815 -2.283167 2.119747 -13.533304 0.000000 0.000000 0.000000 12.762461 12.493925 -2.136161 -34.519086 -13.900623 -0.129832 -6.033088 -10.684365 0.970879 0.000000 0.000000 0.000000 -13.166308 -7.005822 0.019595 34.954083 12.378743 -0.191976 4.186999 7.365915 0.384557 0.000000 0.000000 0.000000 
0.002876 0.945738 -0.013281 -3.770392 -4.957276 9.789628 4.948746 -0.253223 -2.285908 9.704257 0.227352 -10.446306 -0.393206 3.414480 12.438908 0.000000 0.000000 0.000000 -4.091739 0.685522 -6.892963 -1.379640 -0.201122 -6.598801 1.123250 -4.055579 13.410845 0.000000 0.000000 0.000000 -0.416729 0.208335 -4.497290 -2.125927 0.952451 -6.291790 4.416818 -0.228248 4.018426 -2.164561 1.965706 -13.190209 0.000000 0.000000 0.000000 14.791660 11.463922 -1.693744 -32.467105 -14.084857 -0.052614 -8.892789 -10.444566 1.211702 0.000000 0.000000 0.000000 -14.977391 -6.906665 0.491684 32.877083 14.377191 0.223702 5.749570 6.673292 0.393342 0.000000 0.000000 0.000000 
0.002232 0.947065 -0.013297 -3.605210 -5.356183 9.734865 4.694241 -0.242308 -2.153588 9.461714 0.169630 -9.975212 0.228047 4.185158 11.656329 0.000000 0.000000 0.000000 -4.412049 0.722291 -7.406548 -1.682476 -0.170922 -6.203261 1.672657 -3.081361 13.388753 0.000000 0.000000 0.000000 -0.393120 0.240173 -5.182542 -2.229354 0.990034 -6.171942 4.492490 -0.410639 4.225896 -2.815946 2.338189 -12.746648 0.000000 0.000000 0.000000 17.887282 10.155705 -1.052452 -29.476132 -14.379237 -0.034718 -10.474342 -10.778558 1.408106 0.000000 0.000000 0.000000 -18.246729 -6.454249 1.200266 30.042811 15.480878 0.318924 8.283404 7.438113 0.552194 0.000000 0.000000 0.000000 
0.001215 0.947728 -0.013318 -3.635902 -5.364757 9.882393 4.594694 -0.264806 -2.563662 9.424963 0.110591 -9.497887 0.100072 3.783187 10.988237 0.000000 0.000000 0.000000 -4.377569 0.743741 -7.699177 -2.025558 -0.119030 -5.462061 1.956814 -2.311255 12.836689 0.000000 0.000000 0.000000 -0.516117 0.239761 -5.159923 -2.214595 0.983465 -6.167073 4.706647 -0.811282 3.599233 -2.756231 2.248092 -11.480057 0.000000 0.000000 0.000000 21.060198 9.112011 -0.504455 -26.023220 -14.646035 -0.029215 -11.232299 -11.849497 1.651906 0.000000 0.000000 0.000000 -21.215587 -6.265903 1.842430 25.279628 17.528157 0.468006 8.775562 7.857321 0.609319 0.000000 0.000000 0.000000 
0.000005 0.948747 -0.013435 -3.838112 -5.352829 9.712376 4.763314 -0.286708 -3.034127 9.529881 0.011978 -8.739496 0.135368 3.751795 10.646492 0.000000 0.000000 0.000000 -4.564152 0.757079 -7.935565 -2.129318 -0.048656 -4.262970 1.934595 -2.294331 12.715269 0.000000 0.000000 0.000000 -0.278759 0.233801 -5.044385 -1.866979 0.842031 -6.874787 4.760471 -1.191041 4.053374 -3.639254 2.799155 -10.341073 0.000000 0.000000 0.000000 25.145607 8.239904 0.020446 -22.122389 -15.249277 -0.048912 -9.984036 -11.327010 1.454627 0.000000 0.000000 0.000000 -26.022477 -6.886868 2.629543 20.406205 19.208120 0.323389 8.580877 9.761543 0.776073 0.000000 0.000000 0.000000 
-0.001233 0.950261 -0.013469 -3.947438 -4.829626 9.903978 4.740095 -0.342716 -4.044278 9.617009 -0.134039 -7.567484 0.129299 3.600581 9.954013 0.000000 0.000000 0.000000 -4.471918 0.784305 -8.364052 -2.373451 0.016391 -3.402547 1.496593 -2.995560 12.584877 0.000000 0.000000 0.000000 -0.704046 0.219859 -4.715766 -1.818167 0.829024 -7.299092 5.131692 -1.295901 3.724837 -3.859649 2.976605 -7.270587 0.000000 0.000000 0.000000 29.715656 7.784171 0.675161 -17.532109 -16.437694 -0.059818 -6.104912 -11.983752 1.141194 0.000000 0.000000 0.000000 -30.152834 -8.185572 3.207318 14.608171 19.716464 -0.062173 6.487851 10.867925 0.730095 0.000000 0.000000 0.000000 
-0.002149 0.952036 -0.013563 -4.385514 -4.832835 9.922762 5.278402 -0.378059 -4.973478 9.508106 -0.242706 -6.647955 0.252316 3.811785 9.950730 0.000000 0.000000 0.000000 -4.531697 0.792629 -8.475866 -2.165674 0.045302 -2.666041 1.508018 -2.882096 12.382759 0.000000 0.000000 0.000000 -0.597306 0.218491 -4.687134 -1.598747 0.743054 -7.236000 5.581848 -1.269214 3.444538 -4.600664 3.522234 -5.837083 0.000000 0.000000 0.000000 33.796195 7.071884 1.225106 -12.665920 -16.698386 -0.241542 -2.171980 -10.183118 0.623057 0.000000 0.000000 0.000000 -34.913104 -9.100677 4.017998 8.836055 19.390090 -0.531984 4.529152 12.528910 0.676169 0.000000 0.000000 0.000000 
-0.002755 0.953979 -0.013672 -4.723722 -3.839542 10.068960 5.735325 -0.411736 -5.741640 9.145554 -0.290187 -6.054590 0.270902 3.819290 9.508424 0.000000 0.000000 0.000000 -4.056508 0.790697 -8.439847 -2.556129 0.092335 -2.408660 1.068292 -3.548620 12.294413 0.000000 0.000000 0.000000 -0.749916 0.199214 -4.254835 -1.419484 0.691998 -7.930788 5.739353 -1.241694 3.332519 -4.618377 3.608987 -3.109706 0.000000 0.000000 0.000000 37.295406 7.461233 1.804351 -8.002499 -18.592410 -0.390293 1.082798 -8.325964 0.285798 0.000000 0.000000 0.000000 -38.221593 -10.862211 4.448809 3.756614 18.812314 -0.899815 3.490675 12.598206 0.594394 0.000000 0.000000 0.000000 
-0.003062 0.955577 -0.013851 -5.168042 -3.042612 9.947297 6.351829 -0.403276 -5.644736 8.798919 -0.228196 -6.400592 0.382043 4.196699 9.852300 0.000000 0.000000 0.000000 -3.834712 0.749781 -7.897336 -2.221497 0.075845 -2.317753 0.575192 -4.242512 11.940871 0.000000 0.000000 0.000000 -0.463472 0.194761 -4.278741 -1.404752 0.701745 -8.283491 6.079504 -0.960513 3.671636 -5.060176 3.973780 -2.693679 0.000000 0.000000 0.000000 39.595454 7.334062 2.256781 -4.148483 -20.053980 -0.629265 2.927771 -5.437629 0.110380 0.000000 0.000000 0.000000 -41.243835 -12.143008 4.813617 0.293083 17.803912 -1.084918 1.558418 12.445780 0.425957 0.000000 0.000000 0.000000 
-0.003310 0.956547 -0.014031 -5.206191 -1.622743 9.903896 6.426356 -0.426667 -5.815113 8.694891 -0.173372 -6.765544 0.009334 3.781560 10.094356 0.000000 0.000000 0.000000 -3.561570 0.713804 -7.466515 -2.627864 0.147356 -1.770838 0.165441 -4.781641 11.798300 0.000000 0.000000 0.000000 -0.498145 0.191430 -4.307590 -1.375412 0.715729 -8.363421 6.161160 -1.151166 3.569569 -5.492698 4.349040 -1.358764 0.000000 0.000000 0.000000 41.517792 8.535943 2.715501 -1.517383 -22.690157 -0.890385 2.199640 -3.120463 0.081596 0.000000 0.000000 0.000000 -42.993733 -13.047328 5.023085 -2.606613 16.725340 -1.174741 1.899371 11.736306 0.441900 0.000000 0.000000 0.000000 
-0.003617 0.957256 -0.014366 -5.311512 -1.105732 9.800682 6.406675 -0.438253 -5.994367 8.963795 -0.177139 -6.813820 0.040585 3.950806 10.271183 0.000000 0.000000 0.000000 -3.740747 0.692760 -7.245718 -2.329227 0.132501 -1.644305 -0.190944 -5.311313 11.549845 0.000000 0.000000 0.000000 -0.331232 0.192210 -4.399150 -1.399010 0.740409 -9.093121 5.917544 -0.017757 4.600299 -5.696885 4.559105 -0.617670 0.000000 0.000000 0.000000 43.013877 8.846756 3.300642 0.442065 -24.193856 -1.223263 2.025565 -1.093420 0.036636 0.000000 0.000000 0.000000 -44.282139 -14.237777 4.797151 -3.568038 15.512916 -1.077449 0.761629 11.948642 0.383213 0.000000 0.000000 0.000000 
-0.004132 0.957157 -0.014804 -5.110161 0.093258 9.524574 6.306456 -0.444869 -5.816534 8.873834 -0.185965 -6.653901 -0.220289 3.494458 9.837604 0.000000 0.000000 0.000000 -3.873262 0.656241 -6.889043 -2.496989 0.173953 -1.294034 -0.597411 -5.864797 11.325759 0.000000 0.000000 0.000000 -0.424201 0.192707 -4.524425 -1.680448 0.866058 -8.858605 6.038718 0.250477 4.440470 -6.162411 4.955637 0.858878 0.000000 0.000000 0.000000 43.870512 9.438448 3.749662 2.180985 -25.540493 -1.552957 1.407523 -0.033483 0.010065 0.000000 0.000000 0.000000 -45.253321 -14.407204 4.755578 -4.029188 14.598714 -0.989293 2.026848 10.362960 0.435605 0.000000 0.000000 0.000000 
-0.004829 0.957015 -0.015115 -4.815363 0.569225 9.154941 5.826147 -0.453741 -5.897533 8.488366 -0.232089 -6.055683 -0.083826 3.541347 9.120934 0.000000 0.000000 0.000000 -4.203220 0.633747 -6.729566 -2.405031 0.206793 -0.663299 -0.948358 -6.200821 10.364585 0.000000 0.000000 0.000000 -0.217087 0.213412 -5.134213 -2.182879 1.064752 -8.883171 5.832893 1.365905 5.425356 -6.731292 5.451857 1.613315 0.000000 0.000000 0.000000 45.426846 9.637167 4.354070 2.999626 -26.549228 -1.842120 2.572618 -0.020330 0.012571 0.000000 0.000000 0.000000 -46.725973 -14.596757 4.531387 -3.345786 13.499242 -0.834334 3.003159 10.170113 0.513214 0.000000 0.000000 0.000000 
-0.005918 0.956110 -0.015237 -4.819197 1.372849 8.742982 5.624144 -0.448215 -5.630311 8.809097 -0.300593 -5.560850 -0.305744 2.855013 8.080472 0.000000 0.000000 0.000000 -4.016774 0.593648 -6.233842 -2.407717 0.247219 -0.062980 -1.471384 -6.974100 9.752359 0.000000 0.000000 0.000000 0.133863 0.227656 -5.535113 -2.605659 1.237531 -8.528927 6.006801 2.396718 5.417973 -7.107352 5.756933 3.909131 0.000000 0.000000 0.000000 46.541630 9.777662 4.993589 4.059038 -27.534497 -2.194523 4.868730 -1.025851 0.002835 0.000000 0.000000 0.000000 -48.156135 -14.059973 4.350041 -2.829417 12.512553 -0.714405 3.195438 9.789951 0.523302 0.000000 0.000000 0.000000 
-0.007419 0.956623 -0.015359 -4.836586 2.628081 8.232581 5.730992 -0.462986 -5.852880 8.746367 -0.417604 -4.397199 -1.239054 1.113863 7.635075 0.000000 0.000000 0.000000 -3.548692 0.546387 -5.650655 -2.872263 0.315760 0.155625 -2.159102 -8.300068 10.133458 0.000000 0.000000 0.000000 0.345499 0.236844 -5.856910 -2.678695 1.288922 -8.579761 6.023898 3.488426 6.278684 -7.009114 5.639754 4.461763 0.000000 0.000000 0.000000 47.656191 10.679498 5.719241 5.248769 -29.045286 -2.725003 8.324224 -1.184526 -0.062902 0.000000 0.000000 0.000000 -49.149544 -14.387785 3.920244 -2.781370 11.385514 -0.601307 3.824858 10.660655 0.653265 0.000000 0.000000 0.000000 
-0.009248 0.956760 -0.015703 -4.679407 3.873538 7.661910 5.504972 -0.492852 -6.369066 8.832292 -0.537083 -3.296442 -1.748869 0.055695 7.092256 0.000000 0.000000 0.000000 -3.320767 0.501485 -5.150611 -2.882086 0.380441 1.057397 -3.484747 -10.805385 10.228640 0.000000 0.000000 0.000000 0.406134 0.220616 -5.593584 -2.928986 1.408702 -8.931311 6.294950 4.299422 6.946686 -6.589851 5.239483 4.761925 0.000000 0.000000 0.000000 48.195602 11.431467 6.260109 6.891920 -29.053091 -3.138386 10.705933 -4.253262 -0.337641 0.000000 0.000000 0.000000 -50.178660 -14.714609 3.629967 -2.810080 9.950345 -0.480570 2.836019 12.694710 0.757475 0.000000 0.000000 0.000000 
-0.010844 0.958250 -0.016418 -4.331895 4.958502 7.528048 5.333812 -0.533069 -6.989469 9.176451 -0.727469 -1.788097 -3.195012 -3.079548 6.100125 0.000000 0.000000 0.000000 -3.785691 0.493693 -5.227037 -2.604317 0.374631 1.441090 -4.569918 -12.956668 11.574952 0.000000 0.000000 0.000000 0.155708 0.211749 -5.578085 -3.256119 1.549156 -9.104680 6.802924 5.791663 7.539441 -6.439169 5.035948 4.928743 0.000000 0.000000 0.000000 48.113148 12.835260 6.924624 7.981349 -30.264755 -3.743044 14.771676 -7.786407 -1.019575 0.000000 0.000000 0.000000 -50.811824 -15.178094 3.134247 -2.446997 8.975682 -0.399856 -0.767558 14.629456 0.608179 0.000000 0.000000 0.000000 
-0.011562 0.958989 -0.017434 -4.235608 6.106433 7.056650 5.188641 -0.573970 -7.683304 9.183041 -0.874729 -0.462185 -4.373276 -5.431965 5.808418 0.000000 0.000000 0.000000 -4.059842 0.443985 -4.742024 -2.617457 0.389618 1.591440 -4.988711 -13.664124 12.082767 0.000000 0.000000 0.000000 0.898226 0.223307 -5.756630 -3.155282 1.535209 -9.666421 6.424284 7.724827 8.616744 -5.598770 4.307964 4.233816 0.000000 0.000000 0.000000 46.780748 13.307570 7.408780 7.660320 -30.973273 -4.110148 20.328585 -14.985569 -3.029701 0.000000 0.000000 0.000000 -49.989726 -14.934208 1.992315 -1.444059 9.486035 -0.415400 -7.366215 15.223216 0.140702 0.000000 0.000000 0.000000 
-0.011227 0.958154 -0.018429 -3.769573 7.611571 7.065642 4.802656 -0.643683 -8.571473 9.512791 -1.105303 1.251192 -5.376300 -8.561402 4.039214 0.000000 0.000000 0.000000 -4.404481 0.410687 -4.490724 -2.248525 0.345460 1.559600 -5.610274 -14.668266 11.921649 0.000000 0.000000 0.000000 1.064681 0.242212 -6.405582 -3.511094 1.692187 -9.333454 7.219604 8.885744 9.426914 -4.539907 3.147504 5.987723 0.000000 0.000000 0.000000 43.276642 14.553216 7.225873 4.296399 -32.981631 -4.022099 32.325618 -24.888557 -8.688516 0.000000 0.000000 0.000000 -48.484392 -14.864905 0.967587 1.920335 10.433273 -0.450860 -18.585109 16.453262 -0.555846 0.000000 0.000000 0.000000 
-0.010456 0.954750 -0.019332 -3.443811 8.851466 7.192890 4.096776 -0.703829 -9.087614 9.899448 -1.280257 2.313539 -6.124832 -10.361511 3.645778 0.000000 0.000000 0.000000 -4.793837 0.387039 -4.395837 -1.866131 0.289837 1.381008 -6.404113 -16.039765 12.410314 0.000000 0.000000 0.000000 2.062219 0.278340 -6.983116 -3.721770 1.788061 -8.774280 6.891316 10.682110 9.110416 -3.616717 2.691065 2.934009 0.000000 0.000000 0.000000 37.840822 15.369631 6.757462 -0.570468 -36.135137 -3.755200 47.636957 -39.721750 -21.621126 0.000000 0.000000 0.000000 -43.839842 -13.143992 -0.778763 5.733632 11.257653 -0.392470 -32.054629 20.916078 -1.632223 0.000000 0.000000 0.000000 
-0.010694 0.948755 -0.020208 -2.868969 9.323783 6.896769 3.553874 -0.768635 -9.788402 9.819342 -1.577561 4.667514 -5.997728 -11.893727 1.497080 0.000000 0.000000 0.000000 -5.070884 0.343050 -3.928993 -2.219656 0.355331 1.730149 -6.862784 -16.918229 10.803512 0.000000 0.000000 0.000000 1.540645 0.273442 -7.271598 -3.636971 1.767791 -8.226888 7.676560 12.592804 9.025664 -2.018988 1.682949 1.012087 0.000000 0.000000 0.000000 30.559693 15.521059 5.423316 -8.784940 -38.550931 -2.304101 66.621527 -54.942618 -43.458958 0.000000 0.000000 0.000000 -36.026328 -11.182927 -2.597662 11.356567 15.315086 0.053497 -50.703828 26.525850 -4.262208 0.000000 0.000000 0.000000 
-0.013110 0.944447 -0.021400 -2.721662 9.078614 6.651942 3.460043 -0.772204 -9.843705 9.105100 -1.535952 5.169860 -5.672711 -11.316792 1.343257 0.000000 0.000000 0.000000 -5.432586 0.331782 -3.869228 -2.011975 0.367056 2.532141 -7.147678 -17.524379 10.191545 0.000000 0.000000 0.000000 1.836618 0.313878 -7.980666 -3.940645 1.878815 -7.143947 8.349852 14.773175 8.379224 -1.253477 1.816595 -2.886394 0.000000 0.000000 0.000000 24.629168 13.934053 4.311605 -18.496670 -40.343068 -0.267498 84.418752 -65.380761 -67.237960 0.000000 0.000000 0.000000 -28.347213 -6.568861 -3.222096 20.880956 22.017462 2.142011 -69.926111 31.397056 -9.350507 0.000000 0.000000 0.000000 
-0.018144 0.943758 -0.022725 -2.905789 8.879237 6.962203 4.049870 -0.783807 -10.307203 8.623711 -1.481331 5.345326 -5.387969 -10.834726 1.186202 0.000000 0.000000 0.000000 -5.219819 0.389485 -4.758305 -2.031293 0.408612 3.350102 -6.930278 -17.152040 9.061891 0.000000 0.000000 0.000000 1.879862 0.359933 -9.132807 -3.623638 1.747589 -6.436186 8.679711 16.145965 7.693083 -1.348529 2.156533 -4.364459 0.000000 0.000000 0.000000 20.479262 12.254992 3.537392 -30.322303 -40.884227 2.310254 107.241961 -72.485109 -96.755269 0.000000 0.000000 0.000000 -22.880440 -1.615132 -2.600033 30.715082 30.446796 6.587343 -77.158136 32.322918 -12.369415 0.000000 0.000000 0.000000 
-0.024967 0.945831 -0.024169 -3.322765 8.896267 7.538703 4.584373 -0.810147 -10.947827 9.057307 -1.425943 4.407592 -5.730315 -10.500331 2.487960 0.000000 0.000000 0.000000 -4.968084 0.428605 -5.214626 -1.664172 0.347519 3.197340 -6.902867 -17.088958 9.160743 0.000000 0.000000 0.000000 2.521570 0.419374 -10.002786 -3.775443 1.803463 -6.730721 9.344624 17.172867 7.578552 -1.573728 2.829256 -7.134314 0.000000 0.000000 0.000000 17.308609 10.289419 3.000519 -43.000168 -41.317973 4.844030 120.292387 -75.176028 -112.907644 0.000000 0.000000 0.000000 -19.802685 1.530385 -1.899474 44.129768 37.376803 14.097586 -84.628655 34.224286 -17.018354 0.000000 0.000000 0.000000 
-0.031993 0.945328 -0.025361 -3.576514 9.105914 7.874028 4.921458 -0.848023 -11.691685 9.473805 -1.631489 5.518961 -5.138729 -10.550820 0.895780 0.000000 0.000000 0.000000 -4.036957 0.479630 -5.595677 -2.189099 0.443716 3.617770 -6.958871 -17.301677 6.995321 0.000000 0.000000 0.000000 2.753753 0.459366 -10.833705 -3.835818 1.828724 -7.329093 9.597212 17.545536 7.518810 -0.352518 2.343057 -8.905770 0.000000 0.000000 0.000000 15.730700 8.986852 2.802269 -54.802387 -41.267747 6.935561 124.430257 -75.435265 -116.669252 0.000000 0.000000 0.000000 -15.911237 4.394763 -0.798819 54.079784 43.618366 21.909161 -85.503383 32.218670 -16.847074 0.000000 0.000000 0.000000 
-0.037532 0.942266 -0.026109 -3.742860 9.911592 7.810220 4.890036 -0.891357 -12.179182 10.153557 -1.783206 5.846072 -5.700485 -11.813658 0.888885 0.000000 0.000000 0.000000 -4.296778 0.436455 -5.150112 -1.526022 0.326293 3.182570 -7.203406 -17.840919 6.298344 0.000000 0.000000 0.000000 3.224611 0.465070 -10.720415 -4.309230 2.019921 -6.986792 9.537187 18.329871 6.477608 0.319853 2.373595 -11.355408 0.000000 0.000000 0.000000 12.756284 7.923429 2.201477 -66.647044 -40.305817 8.524397 132.251815 -76.330678 -125.419850 0.000000 0.000000 0.000000 -11.447172 5.988603 0.292512 63.108445 44.683084 27.155577 -91.276265 31.828695 -18.622335 0.000000 0.000000 0.000000 
-0.041490 0.936797 -0.026476 -3.613003 10.933519 7.037689 4.212479 -0.940849 -12.313440 11.165765 -2.169248 7.260412 -5.854696 -13.461247 -0.485534 0.000000 0.000000 0.000000 -4.038442 0.375891 -4.345983 -1.882491 0.440198 4.626335 -7.988050 -19.684425 4.996376 0.000000 0.000000 0.000000 2.865316 0.406188 -9.967245 -4.388821 2.069192 -6.739711 9.773597 18.364298 5.481848 1.903401 1.587900 -12.417751 0.000000 0.000000 0.000000 9.157855 6.846708 1.243151 -73.110527 -38.101300 8.628820 141.436891 -78.442675 -137.229252 0.000000 0.000000 0.000000 -7.025741 7.689531 1.733269 67.168130 45.110364 29.135855 -92.940447 33.777762 -21.431014 0.000000 0.000000 0.000000 
-0.044218 0.931822 -0.026613 -3.338863 11.728531 6.124322 3.848081 -0.994552 -12.722732 11.759958 -2.604327 9.192627 -6.413118 -15.598014 -1.261116 0.000000 0.000000 0.000000 -4.362583 0.286982 -3.348417 -2.083226 0.505256 5.460935 -8.038894 -19.912599 4.302037 0.000000 0.000000 0.000000 3.044091 0.396259 -9.577533 -4.746822 2.222179 -5.752218 9.614501 18.008310 4.615995 1.902726 1.933487 -14.448220 0.000000 0.000000 0.000000 7.143856 6.915602 0.517715 -76.759861 -36.349833 8.311583 158.101049 -80.020996 -157.347530 0.000000 0.000000 0.000000 -4.417155 8.180010 2.498801 70.670477 44.993519 30.660279 -92.961101 35.405891 -23.349921 0.000000 0.000000 0.000000 
-0.046393 0.929973 -0.026517 -3.248178 12.581821 6.005611 3.652098 -1.052354 -13.176016 12.421151 -2.718591 9.058733 -6.826927 -15.681594 -0.368128 0.000000 0.000000 0.000000 -4.332872 0.257923 -3.024215 -2.037481 0.499143 5.587263 -8.385018 -20.647023 4.616148 0.000000 0.000000 0.000000 2.759411 0.371871 -9.578185 -4.756511 2.237130 -6.348043 9.653627 18.442013 4.455789 1.981244 1.922697 -14.234681 0.000000 0.000000 0.000000 6.616581 5.946648 0.612643 -76.831300 -35.954158 7.783434 169.518601 -82.259204 -171.755435 0.000000 0.000000 0.000000 -3.514071 7.958843 2.626907 71.319742 42.784315 29.340205 -91.126056 39.294586 -26.025926 0.000000 0.000000 0.000000 
-0.048345 0.931866 -0.026336 -3.116099 12.840448 5.949695 3.890150 -0.985913 -12.478938 12.246171 -2.406462 7.463782 -7.495448 -16.103436 0.698745 0.000000 0.000000 0.000000 -3.756594 0.221342 -2.345787 -2.634188 0.564163 4.718033 -9.055571 -21.958737 5.613661 0.000000 0.000000 0.000000 2.649167 0.384040 -10.186367 -4.245282 2.038835 -5.860625 9.549579 18.688661 3.946704 2.405356 1.538799 -13.478518 0.000000 0.000000 0.000000 7.231048 6.274308 0.803298 -74.060693 -34.810529 6.494276 179.040028 -84.122679 176.605504 0.000000 0.000000 0.000000 -4.429695 7.412475 2.212045 71.446699 41.434953 28.689238 -87.041582 42.828069 -27.392616 0.000000 0.000000 0.000000 
-0.049977 0.933885 -0.026666 -3.242255 13.880150 6.401080 4.366021 -0.973205 -12.382662 11.791492 -2.007442 5.585020 -8.475278 -16.673668 2.280409 0.000000 0.000000 0.000000 -2.837263 0.213441 -2.085449 -3.232218 0.614775 3.791099 -9.422767 -22.518869 6.725762 0.000000 0.000000 0.000000 2.314730 0.366513 -10.993184 -3.956251 1.929208 -5.704766 9.662317 18.746680 3.474700 3.366476 1.039240 -13.721488 0.000000 0.000000 0.000000 8.388816 6.799604 1.173450 -73.364801 -34.752536 5.972869 -146.065847 -85.026086 138.361187 0.000000 0.000000 0.000000 -5.206779 6.671105 1.759052 70.224062 40.740725 27.819995 -81.675910 45.421569 -26.950954 0.000000 0.000000 0.000000 
-0.051149 0.935043 -0.027575 -3.216119 14.014959 6.735932 5.124186 -0.937162 -12.248871 10.806849 -1.645360 4.288070 -8.850463 -16.887527 2.873991 0.000000 0.000000 0.000000 -2.707941 0.216020 -2.067398 -3.340099 0.580663 2.823189 -9.528806 -22.543286 7.580982 0.000000 0.000000 0.000000 1.906588 0.337004 -10.952018 -3.894859 1.914685 -6.382655 9.791406 19.512564 3.696697 3.712266 0.883850 -13.594699 0.000000 0.000000 0.000000 9.346474 7.446094 1.465576 -72.390677 -34.233381 5.007200 -122.289757 -81.872524 109.711121 0.000000 0.000000 0.000000 -6.205647 5.711509 1.160177 69.104043 39.343965 26.593054 -77.887802 48.226454 -26.979317 0.000000 0.000000 0.000000 
-0.051983 0.936131 -0.029241 -3.255390 14.711736 7.067861 5.996898 -0.943139 -12.601493 9.915041 -1.351111 3.176397 -9.839072 -17.186714 4.663051 0.000000 0.000000 0.000000 -2.365876 0.254224 -2.491669 -3.566555 0.608703 2.718338 -10.196651 -23.591262 8.845303 0.000000 0.000000 0.000000 1.726346 0.313162 -11.062892 -4.095916 1.987240 -5.762796 9.466609 20.120704 3.088924 3.940539 0.671286 -13.046092 0.000000 0.000000 0.000000 9.471953 8.291434 1.424563 -72.092540 -33.376942 4.108560 -119.163580 -77.384426 101.385741 0.000000 0.000000 0.000000 -5.825827 4.995855 0.974135 67.711456 38.632441 25.500854 -73.559741 51.533714 -26.963878 0.000000 0.000000 0.000000 
-0.052595 0.936957 -0.031671 -2.901841 15.115831 7.367827 6.077596 -0.968642 -12.873835 9.199465 -1.207944 2.859305 -10.355507 -17.624300 5.311915 0.000000 0.000000 0.000000 -2.619079 0.263294 -2.661325 -3.393539 0.556332 2.204743 -10.276942 -23.594222 9.376126 0.000000 0.000000 0.000000 1.039947 0.255446 -10.396123 -4.277191 2.060229 -5.807967 9.163129 21.048994 2.956472 3.261336 1.365223 -13.941498 0.000000 0.000000 0.000000 8.759133 8.219012 1.241072 -71.480824 -33.002573 3.638720 -119.393260 -72.650323 95.954040 0.000000 0.000000 0.000000 -4.961436 5.302422 1.289329 65.455192 37.883839 23.776397 -71.728002 54.989123 -28.030333 0.000000 0.000000 0.000000 
-0.053297 0.937877 -0.034681 -2.748924 15.950085 7.636302 6.355717 -1.025993 -13.611538 8.666759 -1.112455 2.706137 -11.200899 -18.037324 6.633933 0.000000 0.000000 0.000000 -2.758455 0.289857 -3.083766 -3.131087 0.527661 2.343552 -10.468323 -23.848228 9.692460 0.000000 0.000000 0.000000 0.899431 0.223925 -9.514991 -4.645781 2.207251 -5.881402 8.472588 21.484197 2.537681 3.360006 1.382541 -14.027211 0.000000 0.000000 0.000000 8.222954 7.402582 1.278165 -71.625073 -33.328173 3.696975 -121.660038 -69.589543 94.559717 0.000000 0.000000 0.000000 -4.023452 5.597582 1.658603 64.061168 37.915739 23.069548 -69.407253 57.145862 -28.001853 0.000000 0.000000 0.000000 
-0.054000 0.938133 -0.037813 -2.483895 17.053528 7.860739 6.168481 -1.097174 -14.169273 8.445097 -1.072787 2.680589 -11.977507 -18.765065 7.463783 0.000000 0.000000 0.000000 -3.007070 0.328035 -3.776131 -2.988486 0.529822 2.797552 -10.837282 -24.457510 9.903720 0.000000 0.000000 0.000000 0.209054 0.172268 -8.649646 -4.794758 2.263573 -5.438168 7.800634 21.937022 1.913095 3.342746 1.470125 -14.118773 0.000000 0.000000 0.000000 7.615597 6.115721 1.386674 -70.602234 -33.683480 3.791342 -126.558643 -67.426743 96.954376 0.000000 0.000000 0.000000 -2.911450 6.157933 2.223487 62.665596 37.622099 22.088334 -70.505840 59.247854 -29.841578 0.000000 0.000000 0.000000 
-0.054767 0.937573 -0.040568 -2.269234 18.967014 7.971648 6.020960 -1.213372 -15.047903 8.280062 -1.079247 3.027458 -12.890762 -19.896844 8.136669 0.000000 0.000000 0.000000 -3.447720 0.312996 -4.016033 -2.179086 0.420370 3.202046 -11.802089 -26.059444 10.642484 0.000000 0.000000 0.000000 -0.300829 0.128022 -7.888788 -4.711617 2.235436 -5.188159 7.185849 21.147010 1.929851 3.334271 1.572106 -14.378769 0.000000 0.000000 0.000000 6.284371 5.350045 0.993581 -69.575956 -33.929291 4.191740 -132.384385 -66.937014 103.045772 0.000000 0.000000 0.000000 -1.923978 6.449451 2.637612 61.707063 36.965257 20.949241 -73.583219 61.149499 -32.921613 0.000000 0.000000 0.000000 
-0.055309 0.936842 -0.042636 -1.869915 20.002048 8.091461 5.569455 -1.328212 -15.860149 7.985975 -1.154374 4.009264 -13.322736 -20.701319 8.235298 0.000000 0.000000 0.000000 -3.883214 0.322832 -4.671778 -1.754128 0.378627 4.280682 -12.276557 -26.920659 10.665779 0.000000 0.000000 0.000000 -1.129483 0.091238 -7.217678 -4.687178 2.210303 -4.453019 6.645597 20.964015 1.211165 2.819634 1.808768 -14.145342 0.000000 0.000000 0.000000 5.565496 4.416883 0.925680 -68.794745 -33.706971 4.226950 -136.605299 -66.395902 107.342460 0.000000 0.000000 0.000000 -0.425836 7.291905 3.479809 60.361446 36.005623 19.332835 -78.821031 62.263298 -37.163741 0.000000 0.000000 0.000000 
-0.055546 0.936595 -0.043940 -1.608726 21.265063 8.100373 5.077017 -1.443544 -16.499445 8.121199 -1.231723 4.516641 -14.066561 -21.578823 8.825776 0.000000 0.000000 0.000000 -4.420001 0.276826 -4.652960 -1.110980 0.257709 4.150213 -13.296324 -28.315236 12.079464 0.000000 0.000000 0.000000 -1.685321 0.068246 -6.485802 -4.636343 2.176618 -3.964246 6.105098 20.182946 0.790324 1.655094 2.559509 -14.713029 0.000000 0.000000 0.000000 4.228910 3.815388 0.484694 -67.249618 -32.461124 3.938641 -142.869234 -65.041870 113.849562 0.000000 0.000000 0.000000 1.146939 7.135635 3.891634 59.712651 34.785816 17.858669 -86.117534 64.134490 -43.802288 0.000000 0.000000 0.000000 
-0.055560 0.936560 -0.044680 -1.479992 21.814596 8.170541 4.683986 -1.512286 -16.832051 8.377984 -1.298821 4.759572 -14.205459 -22.159140 8.593965 0.000000 0.000000 0.000000 -4.384522 0.286854 -4.925019 -1.130780 0.269091 4.892089 -13.611310 -28.820906 12.246496 0.000000 0.000000 0.000000 -1.795362 0.062429 -6.350538 -4.453459 2.096594 -3.774217 5.776792 20.021080 0.578262 0.902664 2.922895 -14.479392 0.000000 0.000000 0.000000 4.155654 3.506508 0.534391 -67.120035 -31.422332 3.349590 -147.238878 -63.989076 118.827742 0.000000 0.000000 0.000000 1.781786 7.497243 4.272740 59.430878 33.603438 16.822705 -92.950847 64.158937 -48.863047 0.000000 0.000000 0.000000 
-0.055614 0.937143 -0.045180 -1.272858 22.823475 8.264546 4.418085 -1.567348 -16.989656 8.460246 -1.306399 4.761374 -15.040007 -22.623616 9.656421 0.000000 0.000000 0.000000 -4.528293 0.272491 -5.098789 -1.148895 0.266726 4.997037 -14.250685 -29.575718 13.202891 0.000000 0.000000 0.000000 -1.890658 0.054366 -6.087568 -4.311901 2.042404 -3.844260 5.527544 19.453432 0.337819 -1.038112 4.139625 -15.648691 0.000000 0.000000 0.000000 4.103882 3.044649 0.625303 -66.532769 -29.886674 2.497690 -153.706166 -61.550324 126.333035 0.000000 0.000000 0.000000 2.011007 7.398917 4.296827 59.984941 32.791754 16.525124 -100.838728 64.058340 -55.060849 0.000000 0.000000 0.000000 
-0.056095 0.937220 -0.045522 -1.243050 23.020575 8.469294 4.387281 -1.578755 -17.023302 8.717518 -1.333810 4.692526 -15.241864 -23.379887 9.406306 0.000000 0.000000 0.000000 -4.443381 0.290789 -5.372573 -0.915519 0.222966 5.256940 -14.794218 -30.539697 13.306321 0.000000 0.000000 0.000000 -2.055461 0.042726 -6.418553 -4.073806 1.949325 -3.894145 5.349371 19.155512 0.200128 -2.037972 4.581476 -15.383269 0.000000 0.000000 0.000000 4.548820 2.822085 0.874877 -65.593259 -29.386095 2.193087 -159.851331 -60.531128 135.391094 0.000000 0.000000 0.000000 2.501600 7.874301 4.667411 60.284756 33.174789 16.730186 -106.284282 62.793272 -58.310495 0.000000 0.000000 0.000000 
-0.057093 0.936920 -0.045846 -1.082783 24.272834 8.545419 4.401156 -1.642180 -17.349465 8.596458 -1.281647 4.493404 -15.892765 -24.077385 9.952987 0.000000 0.000000 0.000000 -4.333563 0.278667 -5.297241 -0.794883 0.189358 5.243944 -15.547782 -31.685200 13.791971 0.000000 0.000000 0.000000 -2.359014 0.027023 -6.172317 -3.756475 1.824949 -3.889577 5.072074 18.333306 -0.286222 -4.241042 5.674195 -15.725750 0.000000 0.000000 0.000000 5.015636 2.230472 1.218515 -64.398514 -29.726057 2.346348 -164.726455 -59.334947 142.843884 0.000000 0.000000 0.000000 2.981643 7.939907 4.842477 61.097401 34.008849 17.524847 -110.795140 61.558353 -60.952217 0.000000 0.000000 0.000000 
-0.058122 0.936964 -0.046372 -1.199824 24.545676 8.592815 4.699233 -1.635716 -17.378590 8.426595 -1.215414 4.199806 -16.503481 -24.745853 10.475917 0.000000 0.000000 0.000000 -4.147577 0.282367 -5.177832 -0.419326 0.113374 5.244159 -15.794931 -32.090502 13.912637 0.000000 0.000000 0.000000 -2.341149 0.019715 -6.380705 -3.587026 1.742542 -3.602939 5.018076 17.701050 -0.699267 -5.291854 6.067794 -15.230837 0.000000 0.000000 0.000000 6.194015 2.008243 1.751924 -63.741518 -30.911692 2.830054 -167.245094 -59.045890 147.227088 0.000000 0.000000 0.000000 3.391240 8.486264 5.189766 61.606522 35.306181 18.430071 -112.414695 59.088597 -59.724233 0.000000 0.000000 0.000000 
-0.058624 0.937032 -0.047182 -1.338024 25.748488 8.696034 5.144676 -1.658541 -17.550922 7.843406 -1.040031 3.539144 -17.085428 -25.429770 10.905522 0.000000 0.000000 0.000000 -3.620265 0.312541 -5.283347 -0.656805 0.149081 5.141879 -16.333928 -32.812639 14.390828 0.000000 0.000000 0.000000 -2.632241 0.007354 -6.095125 -2.630460 1.389167 -3.999731 4.718992 16.953328 -0.896852 -6.786192 6.626088 -13.902891 0.000000 0.000000 0.000000 7.848984 1.708706 2.484179 -63.099306 -32.045382 2.959581 -167.425561 -57.937152 146.906169 0.000000 0.000000 0.000000 3.454244 7.816995 4.895207 62.690835 35.734596 19.262059 -116.424481 57.666728 -61.451190 0.000000 0.000000 0.000000 
-0.057924 0.937638 -0.048619 -1.145457 26.296777 8.705372 4.928214 -1.711709 -17.804078 7.788119 -1.009285 3.371886 -17.929661 -26.185174 11.745926 0.000000 0.000000 0.000000 -3.917537 0.281025 -5.223710 -0.070239 0.026282 5.318202 -16.660499 -33.338580 14.507216 0.000000 0.000000 0.000000 -2.895462 -0.006578 -6.101657 -1.906839 1.095599 -3.902071 4.960027 16.091174 -1.180057 -7.847788 6.983060 -12.664762 0.000000 0.000000 0.000000 8.818203 1.796608 2.802607 -62.617812 -32.345211 3.036099 -164.850581 -57.925958 142.466008 0.000000 0.000000 0.000000 3.124028 8.349718 4.984683 62.319495 36.195056 19.348674 -116.778083 56.080238 -60.071314 0.000000 0.000000 0.000000 
-0.056177 0.937986 -0.050844 -0.830021 27.531069 8.875360 4.818984 -1.822256 -18.392230 7.832488 -1.015210 3.434023 -17.911729 -25.829072 11.963461 0.000000 0.000000 0.000000 -4.388920 0.235559 -5.433361 0.442407 -0.099851 5.696221 -17.043031 -34.194185 14.114011 0.000000 0.000000 0.000000 -3.056112 -0.002942 -5.419687 -1.101634 0.846341 -4.752735 4.520052 15.428831 -1.363328 -9.222794 7.420742 -10.398677 0.000000 0.000000 0.000000 9.799232 1.390763 3.271805 -61.467146 -32.486651 2.830885 -162.788162 -57.940239 138.245297 0.000000 0.000000 0.000000 3.064452 7.456721 4.559198 61.617572 35.469466 18.608788 -119.561993 54.895923 -60.753625 0.000000 0.000000 0.000000 
-0.054049 0.937886 -0.053841 -0.417446 28.351464 8.973301 3.838664 -1.966717 -18.853037 8.076630 -1.040281 3.428030 -17.797078 -25.246273 12.197031 0.000000 0.000000 0.000000 -5.146652 0.151496 -5.361617 0.949040 -0.216386 5.595192 -18.083013 -35.617667 14.916520 0.000000 0.000000 0.000000 -2.979634 0.012620 -4.640722 -0.457244 0.638946 -5.249842 4.238022 15.084853 -1.588881 -9.784170 7.536715 -8.998400 0.000000 0.000000 0.000000 10.174810 1.222676 3.455744 -61.925830 -31.928927 2.362360 -160.365620 -56.594376 133.020542 0.000000 0.000000 0.000000 2.285452 7.118341 4.189335 61.157017 34.495869 17.967058 -121.426581 53.628916 -60.471829 0.000000 0.000000 0.000000 
-0.052676 0.938040 -0.056892 -0.135505 29.994320 8.884869 3.228775 -2.086407 -19.125785 7.925575 -1.022453 3.548965 -17.720233 -25.383986 11.899067 0.000000 0.000000 0.000000 -5.909814 0.027654 -4.950986 1.691379 -0.423969 6.089551 -18.376967 -35.772241 15.475869 0.000000 0.000000 0.000000 -2.423745 0.032584 -3.594889 -0.438886 0.697875 -5.841614 3.392734 14.639037 -1.779429 -10.143032 7.498694 -7.270377 0.000000 0.000000 0.000000 10.855619 0.515530 3.917482 -62.612840 -32.058239 2.087625 -158.466960 -56.190152 128.699553 0.000000 0.000000 0.000000 2.071707 6.302129 3.807449 60.958756 33.307558 17.269374 -121.755313 53.134128 -59.411233 0.000000 0.000000 0.000000 
-0.052744 0.938757 -0.059530 0.229567 30.572003 9.246935 2.684023 -2.209882 -19.518471 7.787323 -0.975614 3.364876 -17.643639 -24.299078 12.538741 0.000000 0.000000 0.000000 -6.395090 -0.030973 -5.225669 1.678616 -0.449446 6.473394 -19.555899 -36.458257 17.750648 0.000000 0.000000 0.000000 -2.452899 0.034667 -3.086519 -0.136566 0.721151 -7.394676 2.926830 14.941414 -0.809359 -9.325121 6.948912 -6.049906 0.000000 0.000000 0.000000 11.910464 0.586441 4.362989 -64.658006 -32.412191 1.431496 -157.056116 -55.810185 126.109816 0.000000 0.000000 0.000000 1.351860 6.220143 3.646182 61.380003 33.262196 17.596031 -116.834673 53.010920 -53.686615 0.000000 0.000000 0.000000 
-0.054541 0.939181 -0.061246 0.255548 30.547985 9.634546 2.752313 -2.237913 -19.721428 7.729195 -0.992813 3.567302 -17.077197 -24.141139 11.746702 0.000000 0.000000 0.000000 -6.561126 -0.023316 -6.411949 1.555447 -0.469525 7.575756 -19.448871 -36.095933 17.854384 0.000000 0.000000 0.000000 -1.560130 0.043003 -3.132157 -0.529442 0.863062 -7.414215 1.800323 15.489526 -1.165450 -8.005989 5.897595 -4.546953 0.000000 0.000000 0.000000 13.160547 0.124131 4.984317 -65.159510 -32.467029 0.840839 -154.845932 -55.795786 121.986044 0.000000 0.000000 0.000000 0.182782 5.627125 3.076118 62.470986 31.558230 17.424525 -114.372853 54.946029 -53.602938 0.000000 0.000000 0.000000 
-0.057887 0.938492 -0.062374 -0.095360 28.490627 9.285106 3.404606 -2.094656 -19.466986 7.681192 -1.028927 3.785094 -15.620186 -22.418277 10.699866 0.000000 0.000000 0.000000 -6.935558 -0.004118 -7.493080 2.365851 -0.707434 9.209627 -18.581908 -35.284457 16.606521 0.000000 0.000000 0.000000 -1.243932 0.052403 -2.815299 -0.699451 0.893020 -7.300730 1.018888 15.767339 -1.319780 -6.470482 4.702093 -3.020390 0.000000 0.000000 0.000000 12.990591 0.500750 4.763101 -64.561424 -31.650279 0.716824 -152.086138 -55.942232 117.888568 0.000000 0.000000 0.000000 -0.188041 7.001553 3.543537 61.376384 30.778565 16.426066 -107.029071 57.143704 -51.244087 0.000000 0.000000 0.000000 
-0.062155 0.935133 -0.063033 -0.388813 26.490088 9.450754 4.568509 -2.012106 -19.865799 7.335118 -1.193248 5.294052 -13.028975 -19.041101 8.989749 0.000000 0.000000 0.000000 -7.397318 -0.010294 -10.498538 3.445868 -1.240718 13.385265 -16.876967 -33.413493 14.132169 0.000000 0.000000 0.000000 -0.954097 0.055138 -2.348159 -0.566221 0.872899 -8.164843 0.012213 16.097206 -0.946263 -3.898378 3.319819 -3.859374 0.000000 0.000000 0.000000 14.637087 0.472544 5.287367 -62.758383 -32.430775 0.846044 -148.556546 -58.581411 114.825680 0.000000 0.000000 0.000000 -0.156146 6.580154 3.352444 58.674821 28.488736 13.723653 -102.972879 62.006637 -53.324841 0.000000 0.000000 0.000000 
-0.066666 0.928714 -0.063187 -0.713323 22.227796 9.494002 5.800552 -1.811806 -20.052150 5.810426 -1.284564 7.691893 -9.370156 -15.799150 5.091186 0.000000 0.000000 0.000000 -8.132404 -0.024743 -13.758472 4.326552 -1.711932 17.957855 -14.136927 -30.045292 10.349360 0.000000 0.000000 0.000000 -1.156563 0.064735 -2.063169 -0.521075 0.749319 -7.429197 -0.249128 14.923024 -0.630925 -1.772789 2.243587 -4.956400 0.000000 0.000000 0.000000 13.276118 1.611424 4.236407 -59.739211 -29.769288 1.071893 -146.085138 -59.556230 113.192127 0.000000 0.000000 0.000000 0.333726 6.405984 3.213670 57.082184 27.242989 11.850207 -106.107840 66.366624 -62.455252 0.000000 0.000000 0.000000 
-0.070445 0.924285 -0.062060 -0.979701 16.073215 9.795367 6.868052 -1.484539 -19.769608 4.287320 -1.258526 9.737240 -5.773795 -9.668041 3.542072 0.000000 0.000000 0.000000 -7.955500 0.205252 -17.210135 3.465140 -1.364229 22.379612 -10.739380 -24.213666 8.529977 0.000000 0.000000 0.000000 -1.894323 0.089616 -1.886154 0.549484 0.256923 -7.588133 -0.413209 13.312399 -0.224516 -0.849724 2.186174 -7.977143 0.000000 0.000000 0.000000 12.860411 2.778943 3.382377 -57.941017 -26.522704 1.025690 -141.317257 -59.612400 108.346373 0.000000 0.000000 0.000000 -0.421205 4.802120 2.142730 56.488737 25.070979 9.916183 -119.862368 71.214282 -83.158613 0.000000 0.000000 0.000000 
-0.073820 0.926218 -0.059352 -1.598335 9.339249 10.268012 7.872101 -1.013458 -17.510982 3.731687 -1.060775 9.133911 -3.407003 -5.747261 2.352451 0.000000 0.000000 0.000000 -7.151444 0.661388 -19.379548 2.887446 -0.709521 23.981042 -7.793973 -19.033821 5.648519 0.000000 0.000000 0.000000 -2.577164 0.138463 -2.840473 1.406519 -0.244440 -6.574893 -0.293595 9.168139 -0.208969 0.239392 1.608704 -11.058000 0.000000 0.000000 0.000000 10.812296 4.595044 1.567568 -54.033558 -23.180941 1.675445 -141.212310 -60.661372 114.053165 0.000000 0.000000 0.000000 0.431170 3.936702 1.667837 53.153247 24.627205 7.884028 -134.722012 73.636404 -106.987014 0.000000 0.000000 0.000000 
-0.077008 0.933707 -0.055559 -2.156528 2.107742 10.410072 7.729347 -0.660997 -13.557891 3.847993 -0.825543 6.194485 -0.243091 1.318944 3.899697 0.000000 0.000000 0.000000 -6.014763 1.184132 -20.481766 0.717986 0.544108 23.070294 -3.872365 -10.822652 4.480939 0.000000 0.000000 0.000000 -2.965959 0.181624 -3.493847 3.432184 -1.179815 -6.221541 -0.138906 4.155406 0.009106 -0.500547 1.586648 -12.100952 0.000000 0.000000 0.000000 10.806334 5.426451 0.401535 -51.680050 -20.168895 2.077697 -144.862306 -61.552373 126.201331 0.000000 0.000000 0.000000 -2.277766 3.252204 1.194366 55.216143 24.757149 7.613349 -158.510431 72.361306 -141.394778 0.000000 0.000000 0.000000 
-0.080192 0.940161 -0.053173 -2.725020 -5.907497 11.442627 6.827884 -0.483331 -10.667226 5.479999 -0.844016 2.975355 2.478670 6.994325 7.330788 0.000000 0.000000 0.000000 -4.023325 1.798311 -20.975801 -1.179443 1.383800 19.889555 -1.846500 -6.274166 3.259766 0.000000 0.000000 0.000000 -3.378342 0.253600 -4.423561 4.618749 -1.785254 -5.404370 0.532636 -1.311763 -0.631712 -0.672832 1.059580 -14.065060 0.000000 0.000000 0.000000 12.411252 3.718381 -0.174100 -49.770015 -16.847789 2.349097 -154.447483 -63.297115 149.428505 0.000000 0.000000 0.000000 -4.540534 3.811731 1.750843 57.633295 25.346930 6.892034 -172.599296 70.670095 -167.499206 0.000000 0.000000 0.000000 
-0.082274 0.941909 -0.053040 -3.507390 -13.037419 11.743663 6.445599 -0.318194 -8.251061 5.618854 -0.822343 1.986660 5.875651 12.666017 7.918596 0.000000 0.000000 0.000000 -3.241753 2.217678 -21.711471 -2.283903 1.797190 18.297068 1.435972 0.930948 3.621057 0.000000 0.000000 0.000000 -3.196264 0.268398 -3.646163 5.734543 -2.231277 -5.976884 1.589432 -7.265698 -0.023614 -3.296936 1.773172 -15.874662 0.000000 0.000000 0.000000 13.486138 2.421159 -1.136779 -49.675590 -16.863856 4.049291 -165.779580 -67.721795 176.337237 0.000000 0.000000 0.000000 -6.964484 4.482774 2.832071 61.602598 25.943839 5.360469 175.959265 69.661089 168.211511 0.000000 0.000000 0.000000 
-0.082439 0.937821 -0.054846 -4.134302 -19.633428 11.872883 6.888976 -0.128049 -7.064651 4.140243 -0.730098 3.890022 8.019260 16.316074 6.912163 0.000000 0.000000 0.000000 -2.324509 2.819770 -23.585030 -3.059862 2.391175 19.592804 3.086290 5.266812 3.008866 0.000000 0.000000 0.000000 -3.256455 0.241517 -1.668923 6.630550 -2.522974 -7.018579 2.170860 -12.651829 1.222074 -4.971990 1.743037 -18.888798 0.000000 0.000000 0.000000 12.960911 0.922610 -1.823162 -49.377063 -18.671428 6.104159 173.163502 -73.784152 -148.302747 0.000000 0.000000 0.000000 -7.571425 3.182529 3.243052 64.163772 23.974316 1.860803 156.085026 66.654756 131.045667 0.000000 0.000000 0.000000 
-0.080204 0.931188 -0.055578 -5.275284 -27.193058 11.534478 7.241013 0.113810 -5.851205 2.732561 -0.496874 6.585770 11.093288 21.986011 6.818661 0.000000 0.000000 0.000000 -0.640589 3.644837 -25.291982 -4.178786 3.458157 22.167363 5.167000 10.159168 3.390514 0.000000 0.000000 0.000000 -2.035617 0.123279 0.332378 6.870576 -2.656721 -6.006945 2.711695 -14.782137 0.954380 -5.621606 1.370928 -21.238242 0.000000 0.000000 0.000000 8.594852 -0.678520 -1.143657 -48.465101 -20.711853 6.949389 143.316562 -79.018930 -112.806976 0.000000 0.000000 0.000000 -4.965583 1.250149 2.088600 64.906519 20.306191 -0.988826 135.948627 64.100034 96.288917 0.000000 0.000000 0.000000 
-0.076480 0.923927 -0.053438 -6.282329 -32.406024 11.868237 7.745870 0.314175 -5.312107 1.104935 -0.000478 9.018099 12.526398 25.203183 5.796349 0.000000 0.000000 0.000000 0.467701 4.330103 -26.647563 -5.422482 4.291982 23.206321 6.912693 14.594608 3.709305 0.000000 0.000000 0.000000 -1.354153 0.055540 1.238284 7.226414 -2.748867 -5.906694 2.520710 -17.780830 1.861464 -4.775746 0.295754 -22.193423 0.000000 0.000000 0.000000 6.206539 -1.726025 -0.361002 -52.645794 -24.873530 10.519882 78.023262 -76.961689 -44.555618 0.000000 0.000000 0.000000 -3.773336 -0.632961 1.080928 66.419962 15.120935 -5.193866 122.183932 57.468835 68.651125 0.000000 0.000000 0.000000 
-0.071330 0.920610 -0.048367 -7.513122 -38.539712 12.212871 7.616689 0.494622 -3.005630 0.528404 0.269598 8.753981 14.033334 28.035337 6.672940 0.000000 0.000000 0.000000 1.295179 4.998789 -27.607665 -6.139696 4.948632 23.745755 9.287254 18.915347 5.410199 0.000000 0.000000 0.000000 -0.313395 -0.054246 2.510738 7.391880 -2.741814 -6.075111 2.062324 -18.726427 2.340276 -2.484346 -1.174024 -21.787517 0.000000 0.000000 0.000000 4.343131 -3.184786 0.871028 -56.430565 -26.243033 12.885694 66.628231 -72.577330 -31.741123 0.000000 0.000000 0.000000 -2.927368 -0.603756 0.543434 65.824300 9.809615 -8.540232 118.643605 54.513825 58.953335 0.000000 0.000000 0.000000 
-0.065832 0.919533 -0.042002 -7.910417 -43.285345 12.879935 6.194962 0.439882 -2.221269 0.933165 0.221195 7.938556 15.184558 29.483560 8.422425 0.000000 0.000000 0.000000 1.245501 5.440687 -28.403365 -7.329254 5.206139 22.729515 11.186280 21.642686 7.139981 0.000000 0.000000 0.000000 -0.195247 -0.052309 2.301725 7.640519 -2.742540 -5.776753 2.195399 -20.222860 1.438031 -2.447766 -1.387417 -21.509108 0.000000 0.000000 0.000000 2.152983 -2.353061 1.444266 -61.492962 -28.485812 16.698093 62.668172 -71.496211 -27.724855 0.000000 0.000000 0.000000 -3.018330 -0.692480 0.447265 63.747609 8.362944 -9.208498 115.789757 55.108810 54.757355 0.000000 0.000000 0.000000 
-0.060835 0.921657 -0.035965 -8.760975 -47.959359 13.946782 5.813385 0.547285 -0.954551 0.726780 0.240605 6.152191 16.880971 30.707054 11.810164 0.000000 0.000000 0.000000 1.933070 5.781774 -28.442781 -9.131379 5.344716 20.921980 15.071632 25.595653 11.176936 0.000000 0.000000 0.000000 0.241757 -0.064974 1.801528 7.824603 -2.691181 -6.073365 1.955044 -20.306193 1.271396 -1.323813 -1.978252 -20.623248 0.000000 0.000000 0.000000 0.701615 -2.608034 2.334496 -63.896426 -30.418474 19.177408 62.165130 -74.320790 -28.694427 0.000000 0.000000 0.000000 -3.737560 -0.791838 0.736186 61.642145 8.210212 -9.163429 116.798656 59.522929 60.313957 0.000000 0.000000 0.000000 
-0.057781 0.927054 -0.030979 -9.579366 -50.333648 15.335716 4.749985 0.533174 0.557111 2.610911 -0.315041 3.158195 17.044314 29.108558 14.877283 0.000000 0.000000 0.000000 2.607970 5.711501 -27.713062 -10.648368 4.808084 17.854752 18.013658 27.412229 14.490230 0.000000 0.000000 0.000000 0.429421 -0.005397 0.241955 8.445171 -2.765490 -5.530938 2.346588 -21.985101 -0.329162 -1.915982 -1.698519 -20.512521 0.000000 0.000000 0.000000 -0.293261 -1.750357 2.582258 -65.600955 -30.645146 20.577050 63.947949 -79.077031 -32.426613 0.000000 0.000000 0.000000 -5.180048 -0.674836 1.606049 60.551162 11.316641 -8.196847 116.792090 64.220392 65.189245 0.000000 0.000000 0.000000 
-0.056547 0.934954 -0.027831 -10.072834 -51.943892 16.300826 3.852772 0.556506 1.734673 3.726270 -0.551695 0.303020 17.547010 27.246756 19.348539 0.000000 0.000000 0.000000 2.880679 5.382747 -26.516078 -11.564063 3.877165 14.125984 21.679282 28.402239 19.012591 0.000000 0.000000 0.000000 0.722887 0.064565 -1.030665 8.974173 -2.819904 -5.842826 1.779886 -23.394013 -1.072586 -1.454925 -1.754899 -18.825875 0.000000 0.000000 0.000000 1.094730 -1.925577 2.305996 -66.879927 -29.636542 21.548875 75.025726 -82.135149 -43.614120 0.000000 0.000000 0.000000 -7.125292 -1.812538 2.514434 60.978489 13.178132 -8.537834 119.766238 64.900948 68.121855 0.000000 0.000000 0.000000 
-0.056216 0.943234 -0.027280 -10.495738 -52.532394 16.910966 3.236644 0.633636 3.052765 5.508576 -0.747869 -2.062880 16.955818 24.601872 22.395842 0.000000 0.000000 0.000000 3.127181 4.959681 -25.239227 -11.650018 3.083070 11.381778 23.456054 27.919508 21.519625 0.000000 0.000000 0.000000 0.693923 0.177635 -2.389459 9.395032 -2.886792 -6.112971 2.047188 -25.038733 -1.979574 -1.339046 -1.684054 -18.238347 0.000000 0.000000 0.000000 3.010413 -3.001487 2.227911 -68.315626 -30.159708 23.962000 82.564321 -79.446127 -48.370026 0.000000 0.000000 0.000000 -9.266949 -2.284752 3.802361 60.661118 15.782232 -8.383032 125.596027 64.646271 72.952441 0.000000 0.000000 0.000000 
-0.055546 0.946986 -0.029886 -10.559985 -51.822165 17.604759 3.479916 0.610848 2.843460 5.785290 -0.736480 -2.797331 17.187361 24.394151 23.620428 0.000000 0.000000 0.000000 3.165980 4.769694 -24.750775 -11.228842 2.412605 9.191559 24.679754 28.138667 23.097023 0.000000 0.000000 0.000000 0.277561 0.277284 -3.296728 10.327419 -3.072272 -7.378455 1.293932 -26.465517 -1.726970 -1.601072 -1.650335 -18.368067 0.000000 0.000000 0.000000 6.148334 -3.995985 1.446151 -69.579015 -31.017719 26.814505 81.733948 -76.418190 -45.123343 0.000000 0.000000 0.000000 -11.149819 -3.454500 4.744181 61.179738 18.398683 -8.422283 128.990513 63.093321 74.308853 0.000000 0.000000 0.000000 
-0.053921 0.947723 -0.034768 -10.864714 -51.148430 18.676475 4.327518 0.578389 1.955753 5.554286 -0.686841 -3.071792 16.782504 23.805201 23.276173 0.000000 0.000000 0.000000 2.938758 4.843881 -25.109268 -10.666596 2.177024 8.684196 24.435877 28.427611 22.661510 0.000000 0.000000 0.000000 0.080390 0.368960 -4.119204 10.686473 -3.127153 -7.917542 1.368739 -26.569584 -2.121385 -1.771470 -1.581791 -18.795497 0.000000 0.000000 0.000000 7.195301 -5.632195 1.850785 -68.635763 -32.948017 27.963730 82.575014 -73.184856 -43.666021 0.000000 0.000000 0.000000 -12.217810 -3.741540 5.411353 61.479266 19.594043 -8.344702 134.397979 61.418646 78.650243 0.000000 0.000000 0.000000 
-0.051955 0.945962 -0.040509 -10.746253 -50.283317 18.714205 5.158187 0.559516 0.812117 4.817734 -0.660866 -1.761348 15.503493 22.792115 20.789756 0.000000 0.000000 0.000000 2.529437 4.933440 -25.626232 -10.059826 2.264163 9.599072 24.021432 28.905641 21.961199 0.000000 0.000000 0.000000 -0.346516 0.396453 -4.284627 11.367226 -3.314273 -7.180147 1.708766 -25.875821 -3.686657 -2.786463 -0.985499 -18.896682 0.000000 0.000000 0.000000 7.202861 -6.044597 2.007922 -68.369176 -34.639564 28.684234 76.812121 -73.634514 -39.913908 0.000000 0.000000 0.000000 -12.184450 -4.285588 5.351302 61.650143 21.702899 -7.022045 136.360974 59.971196 79.930139 0.000000 0.000000 0.000000 
-0.050529 0.944592 -0.045285 -10.257361 -49.425301 18.183133 5.424018 0.568160 0.826181 4.594068 -0.636366 -1.568527 14.414559 21.516332 19.765221 0.000000 0.000000 0.000000 2.565042 4.705105 -25.075674 -10.541938 2.178906 8.825784 23.331379 29.688226 20.482000 0.000000 0.000000 0.000000 -0.680646 0.397227 -4.258172 11.523762 -3.392023 -7.081418 1.915788 -25.044662 -4.533569 -3.479038 -0.575879 -18.948071 0.000000 0.000000 0.000000 6.897436 -6.158794 2.115297 -67.393135 -35.113741 28.084609 73.193291 -75.641229 -39.033248 0.000000 0.000000 0.000000 -12.336785 -3.974681 5.531505 62.794797 24.210783 -6.058186 138.436345 59.492511 83.291678 0.000000 0.000000 0.000000 
-0.049872 0.945534 -0.048590 -9.346797 -47.412161 17.179673 5.430264 0.540019 1.162854 4.740116 -0.577704 -2.988944 13.286196 20.162306 19.071477 0.000000 0.000000 0.000000 1.446395 4.158771 -24.034477 -9.156717 1.762887 8.029232 21.992106 29.372874 18.666292 0.000000 0.000000 0.000000 -0.818769 0.393107 -4.338982 11.720743 -3.546356 -6.644065 1.228160 -23.920302 -5.380769 -5.153854 0.408207 -18.596105 0.000000 0.000000 0.000000 5.593059 -6.205861 2.523442 -66.519785 -35.130287 26.483352 77.219564 -79.997096 -46.222787 0.000000 0.000000 0.000000 -12.466369 -2.639669 5.877954 62.733840 26.397316 -4.204519 142.628699 61.154509 91.267899 0.000000 0.000000 0.000000 
-0.049290 0.947351 -0.050960 -8.187343 -45.740189 16.412440 4.897493 0.436063 1.015117 5.475581 -0.581835 -3.970081 13.056591 19.743772 19.669609 0.000000 0.000000 0.000000 0.551672 3.668759 -22.838626 -8.247296 1.346615 6.496523 20.787995 27.561269 17.805880 0.000000 0.000000 0.000000 -0.909056 0.406165 -4.561681 11.228098 -3.486822 -7.017151 0.533197 -21.492659 -6.080722 -5.335248 0.824035 -17.716451 0.000000 0.000000 0.000000 5.296442 -6.324438 2.469014 -67.170058 -35.289539 26.344002 96.807586 -84.293827 -69.617151 0.000000 0.000000 0.000000 -12.321569 -2.675814 5.673212 62.219530 27.591425 -2.560839 144.421221 61.824685 95.987217 0.000000 0.000000 0.000000 
-0.048496 0.948088 -0.053394 -7.207073 -42.953552 15.538258 5.110382 0.413017 1.234828 5.364681 -0.382869 -5.864705 13.278441 20.047893 20.949701 0.000000 0.000000 0.000000 -0.123092 3.262383 -21.768694 -7.305212 1.005682 5.062155 19.449371 26.257060 16.579651 0.000000 0.000000 0.000000 -1.066927 0.433593 -5.010056 11.507449 -3.621887 -7.520140 -0.951233 -20.158988 -6.242564 -6.469057 1.620254 -17.450533 0.000000 0.000000 0.000000 4.507420 -5.918794 2.361511 -67.609384 -35.621381 26.049636 142.010754 -85.911558 -117.966861 0.000000 0.000000 0.000000 -11.861536 -1.507765 5.466677 60.433690 29.018139 -0.628724 145.729363 65.222967 102.680060 0.000000 0.000000 0.000000 
-0.047122 0.946336 -0.056037 -6.508950 -40.477938 14.978868 5.378559 0.367615 0.970278 5.138085 -0.293027 -6.398575 12.893543 20.093823 19.823800 0.000000 0.000000 0.000000 -0.681566 3.021463 -21.147434 -7.201704 0.890297 4.223755 18.059800 25.106506 15.208622 0.000000 0.000000 0.000000 -0.691258 0.413626 -5.044080 11.099256 -3.559438 -8.047825 -1.924266 -18.977256 -6.163359 -6.536391 1.882866 -16.903462 0.000000 0.000000 0.000000 3.545701 -6.047260 2.605492 -68.094323 -36.540217 26.185183 164.580287 -85.670569 -142.598283 0.000000 0.000000 0.000000 -10.594689 -1.224366 4.717981 58.643648 29.091133 0.735917 143.236177 67.613401 102.862834 0.000000 0.000000 0.000000 
-0.045674 0.944032 -0.058656 -6.272417 -38.467659 14.415996 5.918077 0.366461 0.845980 4.822799 -0.171869 -7.214044 13.127868 20.678438 19.977678 0.000000 0.000000 0.000000 -1.016743 2.947747 -21.096742 -6.837406 0.919819 4.638652 16.543243 24.049586 13.585953 0.000000 0.000000 0.000000 -0.597185 0.376391 -4.788800 11.434193 -3.727409 -7.650007 -2.344749 -18.398174 -6.692836 -7.435483 2.439766 -17.428691 0.000000 0.000000 0.000000 2.195366 -5.451487 2.673097 -68.336334 -36.041632 25.209632 -174.786998 -83.837653 -164.960714 0.000000 0.000000 0.000000 -8.991629 -0.413025 3.999961 57.379069 29.406483 2.012198 137.316105 69.899185 98.546306 0.000000 0.000000 0.000000 
-0.044126 0.943198 -0.061166 -5.809906 -36.523061 13.965164 5.730245 0.326212 0.971266 5.532774 -0.133705 -7.870767 12.700850 20.139628 20.323998 0.000000 0.000000 0.000000 -1.208006 2.834935 -20.808297 -6.676850 0.886073 4.424292 15.907087 23.448951 13.029430 0.000000 0.000000 0.000000 -0.628160 0.349097 -4.547551 11.258703 -3.726778 -7.699051 -2.515295 -18.439047 -6.532345 -8.311090 2.840202 -18.439864 0.000000 0.000000 0.000000 1.087675 -5.206811 2.855529 -69.400041 -35.918930 25.189736 -164.261888 -83.641807 -177.162950 0.000000 0.000000 0.000000 -7.956738 -0.281551 3.479206 56.518777 29.401468 2.639897 129.217488 69.630769 88.836931 0.000000 0.000000 0.000000 
-0.042351 0.943541 -0.063773 -5.655956 -34.424936 13.816043 5.853245 0.300659 1.098081 6.164096 0.035545 -9.362604 12.494398 19.984043 20.696653 0.000000 0.000000 0.000000 -1.733436 2.802106 -21.019281 -6.215426 0.858884 4.509597 15.418144 22.735018 12.859761 0.000000 0.000000 0.000000 -0.584729 0.313709 -4.231595 11.195127 -3.739872 -7.950986 -2.986478 -18.368876 -5.978999 -9.095344 3.120314 -20.003415 0.000000 0.000000 0.000000 0.175109 -5.493389 3.210518 -69.989291 -35.541025 24.630464 -152.501922 -82.091498 168.929811 0.000000 0.000000 0.000000 -6.964421 0.848031 3.187440 55.955459 28.729196 2.983622 121.445798 69.565002 80.267571 0.000000 0.000000 0.000000 
-0.039954 0.943971 -0.066777 -5.342524 -32.838520 14.250676 5.702145 0.216946 0.509177 6.778207 0.179128 -10.463490 11.861240 18.914833 21.751360 0.000000 0.000000 0.000000 -1.852979 2.886449 -21.639196 -6.532094 0.860900 4.161606 15.288048 22.427169 13.001325 0.000000 0.000000 0.000000 -0.383224 0.319295 -4.421290 11.057330 -3.689585 -8.368889 -3.554547 -18.126954 -5.522308 -8.888561 3.038904 -20.298749 0.000000 0.000000 0.000000 0.730090 -5.911517 3.176283 -71.636067 -35.424185 25.351501 -147.340457 -81.480550 162.283672 0.000000 0.000000 0.000000 -6.541055 1.150844 3.014791 55.454983 28.028925 3.084847 117.498546 66.902190 72.855630 0.000000 0.000000 0.000000 
-0.036823 0.943622 -0.070027 -5.242703 -31.721464 15.144758 5.683018 0.120253 -0.594779 7.378591 0.266612 -11.067980 11.574182 18.654776 21.269277 0.000000 0.000000 0.000000 -2.691360 3.066890 -22.983133 -6.009682 0.768227 3.835785 15.129427 21.789787 13.378579 0.000000 0.000000 0.000000 -0.459276 0.330836 -4.543369 11.040691 -3.651990 -8.795899 -3.864377 -17.450338 -5.393328 -8.161045 2.649848 -21.185320 0.000000 0.000000 0.000000 0.813866 -6.383065 3.303772 -71.290156 -35.207877 24.708633 -142.220970 -80.680962 155.532486 0.000000 0.000000 0.000000 -5.990121 1.344383 2.763023 54.123675 26.903068 3.138706 115.909796 64.767675 68.782329 0.000000 0.000000 0.000000 
-0.033491 0.943089 -0.072753 -5.300787 -30.951755 15.533848 5.932408 0.087017 -1.220031 7.579274 0.324113 -11.427393 10.940303 17.815734 20.931026 0.000000 0.000000 0.000000 -2.793669 3.074316 -23.159960 -5.966051 0.655902 2.870263 15.139186 20.767141 14.161877 0.000000 0.000000 0.000000 -0.285765 0.285443 -4.017412 10.949325 -3.587544 -9.296784 -3.884098 -17.263232 -5.006127 -7.447765 2.244526 -21.793962 0.000000 0.000000 0.000000 0.134785 -5.987897 3.307659 -71.026474 -34.453699 23.652510 -130.072287 -78.814644 140.448855 0.000000 0.000000 0.000000 -5.461347 2.068089 2.660467 52.608701 25.592489 2.946600 114.847983 62.884914 65.130223 0.000000 0.000000 0.000000 
-0.030666 0.941957 -0.074626 -5.542590 -30.668593 15.937004 6.026535 0.071945 -1.507770 7.768086 0.401364 -11.906656 10.265070 16.922336 20.202541 0.000000 0.000000 0.000000 -3.032737 3.129043 -23.556850 -5.561120 0.614854 2.865997 14.900308 20.022020 14.333446 0.000000 0.000000 0.000000 -0.365914 0.265893 -3.697673 10.997574 -3.592891 -9.371686 -3.744611 -16.757439 -4.827476 -7.450638 2.185497 -22.964914 0.000000 0.000000 0.000000 -0.451935 -5.958796 3.444057 -70.272763 -33.103710 21.894748 -123.337373 -76.479137 130.892616 0.000000 0.000000 0.000000 -4.308098 2.661910 2.258423 50.792889 23.831373 2.793507 114.413658 60.850291 62.006498 0.000000 0.000000 0.000000 
-0.028656 0.941479 -0.075689 -5.696253 -30.208694 16.235309 6.311143 0.067899 -1.772504 7.993314 0.426656 -12.049275 9.796331 16.241772 20.198187 0.000000 0.000000 0.000000 -3.187623 3.096329 -23.513771 -5.561002 0.527401 2.001794 14.652957 18.593887 14.968765 0.000000 0.000000 0.000000 -0.446682 0.244837 -3.342536 10.954724 -3.563597 -9.569720 -3.951031 -16.489553 -4.625067 -7.123827 2.033748 -23.336579 0.000000 0.000000 0.000000 -0.877122 -5.553365 3.349807 -70.277914 -31.641460 20.577868 -111.818064 -73.118907 114.412333 0.000000 0.000000 0.000000 -3.950204 2.282756 1.994860 50.117953 22.536068 2.483919 113.380926 59.065082 58.947390 0.000000 0.000000 0.000000 
-0.027166 0.941183 -0.076619 -5.953286 -29.591975 16.262034 6.782662 0.093215 -1.623885 7.572134 0.451970 -12.194214 9.526862 16.058130 19.323701 0.000000 0.000000 0.000000 -3.233367 3.090784 -23.607607 -5.462063 0.505477 1.833252 14.351168 17.773467 15.122933 0.000000 0.000000 0.000000 -0.587394 0.235388 -3.135122 10.626975 -3.495500 -9.441017 -3.776488 -16.415429 -4.507568 -6.674246 1.839082 -23.422070 0.000000 0.000000 0.000000 -1.587183 -5.107935 3.313826 -69.556850 -30.349838 19.047700 -108.281508 -70.221333 107.480682 0.000000 0.000000 0.000000 -3.095277 2.738412 1.715678 48.774932 21.098860 2.316440 113.605776 58.463047 58.484813 0.000000 0.000000 0.000000 
-0.025538 0.941115 -0.077548 -6.176736 -28.434799 16.339895 7.548776 0.107236 -1.993726 7.184344 0.475393 -12.319505 9.355029 15.935745 19.337170 0.000000 0.000000 0.000000 -2.924547 3.032336 -23.365176 -5.818059 0.484979 1.242579 13.761198 16.760545 14.916721 0.000000 0.000000 0.000000 -0.725139 0.222739 -2.878711 10.551665 -3.484503 -9.458221 -4.126544 -16.446426 -4.711187 -6.094046 1.648827 -23.068878 0.000000 0.000000 0.000000 -0.977183 -5.581855 3.323880 -69.990389 -30.226453 19.178932 -104.099270 -70.615988 102.605073 0.000000 0.000000 0.000000 -2.809048 2.614443 1.561757 48.826380 20.412509 2.241384 113.826727 57.501503 57.799796 0.000000 0.000000 0.000000 
-0.023693 0.940844 -0.078628 -6.233532 -27.845977 16.248672 7.725239 0.104538 -2.110789 7.110588 0.476773 -12.320583 9.164103 15.763023 19.039141 0.000000 0.000000 0.000000 -2.616720 3.040279 -23.372856 -6.187282 0.542334 1.446656 13.334018 16.798114 14.131391 0.000000 0.000000 0.000000 -1.158034 0.242260 -2.880558 10.394528 -3.460009 -9.307066 -4.015502 -16.379186 -4.967379 -5.612348 1.485260 -22.716755 0.000000 0.000000 0.000000 -0.937112 -5.180837 3.088548 -70.598173 -30.302982 19.559286 -99.262237 -70.544148 96.710304 0.000000 0.000000 0.000000 -2.493419 2.678372 1.444882 49.055756 20.723929 2.513102 114.323263 57.996694 59.108903 0.000000 0.000000 0.000000 
-0.021688 0.940948 -0.079527 -6.127937 -26.625017 15.981987 7.999828 0.088920 -2.510164 6.594108 0.471570 -12.255296 8.857667 15.495962 18.710733 0.000000 0.000000 0.000000 -2.586591 2.912850 -22.894051 -6.332408 0.532271 1.135021 12.935218 16.485987 13.727280 0.000000 0.000000 0.000000 -1.762405 0.263797 -2.794595 10.350804 -3.466056 -9.268990 -4.532497 -16.301078 -4.974217 -5.279703 1.431763 -22.183816 0.000000 0.000000 0.000000 -0.280657 -6.227295 3.341765 -71.904675 -31.463466 21.001235 -92.801968 -72.844705 91.357807 0.000000 0.000000 0.000000 -2.574839 2.665052 1.484038 51.052556 21.447405 2.767563 115.148722 59.920035 63.172581 0.000000 0.000000 0.000000 
-0.019950 0.941113 -0.080168 -6.222381 -25.482795 15.586449 8.284167 0.086261 -2.517333 6.172552 0.466584 -12.187262 8.860401 15.711372 18.372123 0.000000 0.000000 0.000000 -2.429240 2.762450 -22.183632 -6.117524 0.497070 0.887546 12.486026 15.900212 13.434102 0.000000 0.000000 0.000000 -2.707610 0.312783 -2.918295 10.474266 -3.527668 -9.177511 -4.493526 -16.445631 -4.804745 -4.582903 1.170214 -21.290812 0.000000 0.000000 0.000000 0.991883 -6.847301 3.257875 -73.865516 -32.508989 23.005679 -87.128133 -74.929085 86.989975 0.000000 0.000000 0.000000 -2.875653 2.670511 1.618950 52.674109 22.160950 2.941454 115.044756 61.951194 66.199284 0.000000 0.000000 0.000000 
-0.018724 0.941243 -0.080376 -6.302313 -23.886142 15.290142 9.047928 0.099173 -2.417550 5.485394 0.561150 -12.824487 8.581027 15.507733 18.392726 0.000000 0.000000 0.000000 -2.466381 2.590059 -21.464917 -5.830595 0.433851 0.368936 12.045859 15.357089 13.196145 0.000000 0.000000 0.000000 -3.299254 0.344195 -3.122612 10.678070 -3.579599 -9.441883 -4.935713 -16.305608 -4.760376 -3.488318 0.795557 -19.791766 0.000000 0.000000 0.000000 1.950439 -7.685459 3.320144 -75.160161 -32.714521 23.750314 -84.774850 -75.069668 83.983548 0.000000 0.000000 0.000000 -2.698240 1.856708 1.342162 53.970334 21.137277 2.608331 115.741605 62.922722 69.198197 0.000000 0.000000 0.000000 
-0.017797 0.941318 -0.080395 -6.347024 -22.380418 14.830077 9.672235 0.105828 -2.242126 4.911959 0.588806 -13.020708 8.416585 15.549094 17.609726 0.000000 0.000000 0.000000 -2.244606 2.429465 -20.610891 -5.715393 0.414151 0.134432 11.274034 14.873483 12.197167 0.000000 0.000000 0.000000 -4.233337 0.393744 -3.541932 10.942776 -3.684722 -9.389818 -5.205201 -16.281529 -4.368985 -2.315079 0.362118 -17.475921 0.000000 0.000000 0.000000 3.060714 -8.452015 3.321894 -76.121110 -33.214592 24.620132 -83.130210 -75.327394 81.954224 0.000000 0.000000 0.000000 -2.997711 1.450988 1.360380 55.243737 19.882026 2.023590 115.429157 65.002409 72.388397 0.000000 0.000000 0.000000 
-0.016713 0.941195 -0.080254 -6.539661 -20.658724 14.294491 10.572851 0.114585 -2.047326 3.830218 0.631684 -13.348157 7.878722 14.998094 17.114502 0.000000 0.000000 0.000000 -2.107890 2.284101 -19.880965 -5.700143 0.453338 0.424172 10.667552 14.355601 11.586314 0.000000 0.000000 0.000000 -4.798978 0.407523 -3.644154 11.110082 -3.748057 -9.484020 -5.563560 -16.339733 -4.467758 -1.397523 0.028483 -15.972964 0.000000 0.000000 0.000000 4.004531 -9.094962 3.325961 -77.058421 -33.361448 25.131714 -81.853812 -74.859491 79.535831 0.000000 0.000000 0.000000 -2.729959 0.307657 0.957535 56.213682 18.140420 1.349055 112.363739 66.412670 71.993458 0.000000 0.000000 0.000000 
-0.015262 0.940978 -0.080086 -6.627490 -19.440566 13.777775 10.833763 0.102511 -2.102594 3.278261 0.581662 -12.895582 7.768298 15.072149 15.878118 0.000000 0.000000 0.000000 -1.785118 2.173545 -19.148209 -5.767441 0.496032 0.698316 10.080147 14.016280 10.756140 0.000000 0.000000 0.000000 -5.467524 0.424765 -3.728801 11.303738 -3.810509 -9.636470 -5.768927 -16.681074 -3.941193 -0.578912 -0.346148 -14.346943 0.000000 0.000000 0.000000 4.144068 -9.347166 3.377502 -77.145467 -33.870164 25.472603 -77.758065 -73.526321 74.047672 0.000000 0.000000 0.000000 -2.759292 -0.299296 0.805462 56.635769 16.707582 0.654779 107.468717 67.678675 69.060045 0.000000 0.000000 0.000000 
-0.013628 0.940389 -0.080074 -6.954217 -18.503158 13.293715 11.255505 0.105559 -2.038441 2.992188 0.533911 -12.427024 7.713600 15.150312 15.151933 0.000000 0.000000 0.000000 -1.497143 2.109764 -18.694005 -5.666720 0.524630 1.008186 9.871269 13.886988 10.525559 0.000000 0.000000 0.000000 -6.009221 0.434867 -3.778044 11.277925 -3.824037 -9.580659 -5.583618 -16.760570 -3.891607 0.133775 -0.687151 -13.534012 0.000000 0.000000 0.000000 4.518517 -9.605919 3.380981 -77.172519 -33.979582 25.511901 -76.501166 -72.186900 71.301064 0.000000 0.000000 0.000000 -2.849351 -1.309955 0.577525 56.535541 14.638249 -0.309885 101.566190 67.594652 63.889875 0.000000 0.000000 0.000000 
-0.011957 0.940476 -0.080417 -7.311430 -17.632048 12.813126 11.721443 0.110070 -1.721973 2.485156 0.510803 -12.121900 7.600932 15.144704 14.055837 0.000000 0.000000 0.000000 -1.242494 2.046946 -18.229115 -5.474020 0.546606 1.350229 9.481483 13.689461 9.939975 0.000000 0.000000 0.000000 -6.405380 0.433653 -3.497681 11.582331 -3.903692 -9.863563 -5.782474 -17.148598 -3.432516 0.427470 -0.830429 -12.521878 0.000000 0.000000 0.000000 4.810045 -10.059969 3.485799 -76.807055 -34.531407 25.738419 -73.984253 -71.452685 68.215047 0.000000 0.000000 0.000000 -2.834670 -1.214835 0.588382 56.035389 12.842615 -1.082457 97.429811 67.570676 60.221081 0.000000 0.000000 0.000000 
-0.010305 0.940548 -0.081418 -7.443726 -17.167182 12.495239 11.748724 0.103188 -1.880370 2.357242 0.451794 -11.452850 7.935639 15.758686 13.793869 0.000000 0.000000 0.000000 -1.038009 2.046637 -18.180329 -5.471171 0.557183 1.416137 9.525352 13.460753 10.318687 0.000000 0.000000 0.000000 -6.777566 0.439969 -3.570366 11.332552 -3.852613 -9.710326 -5.527506 -17.581929 -3.130925 0.211204 -0.722530 -12.221447 0.000000 0.000000 0.000000 5.010598 -10.017495 3.421272 -77.196655 -35.452236 26.846291 -70.291087 -70.483403 63.857694 0.000000 0.000000 0.000000 -3.057121 -1.266914 0.662177 55.518652 11.460742 -1.787066 96.611317 65.863691 57.606232 0.000000 0.000000 0.000000 
-0.008536 0.940888 -0.083037 -7.644957 -16.941148 12.244944 12.050815 0.115804 -1.855796 1.894803 0.427414 -11.016651 7.971117 15.891136 13.125355 0.000000 0.000000 0.000000 -0.727168 2.033431 -17.953351 -5.212073 0.531033 1.386640 8.976528 12.536138 10.008231 0.000000 0.000000 0.000000 -7.076682 0.446541 -3.458220 11.378863 -3.849261 -9.906401 -5.862387 -17.575785 -2.761248 0.574512 -0.908478 -11.476525 0.000000 0.000000 0.000000 4.790070 -10.842130 3.792235 -76.362301 -36.910612 27.389568 -65.508814 -69.561711 58.721194 0.000000 0.000000 0.000000 -3.275122 -0.977704 0.811275 54.793124 10.120145 -2.353127 96.676157 65.453935 57.480123 0.000000 0.000000 0.000000 
-0.006852 0.940576 -0.084967 -7.710865 -16.583724 12.234412 11.900860 0.100794 -2.442874 1.865826 0.367347 -10.258203 8.189099 16.314410 12.555217 0.000000 0.000000 0.000000 -0.792666 2.062356 -18.227781 -4.625390 0.505976 1.716387 8.378048 11.493989 9.749566 0.000000 0.000000 0.000000 -7.332774 0.455774 -3.435975 11.064065 -3.739576 -10.009642 -6.027487 -17.867080 -2.308534 0.524115 -0.888863 -11.180804 0.000000 0.000000 0.000000 4.332715 -11.263462 4.074372 -76.040132 -38.757019 28.647798 -60.758401 -69.473561 54.508885 0.000000 0.000000 0.000000 -3.037759 -0.472851 0.838406 53.914616 9.187864 -2.646649 98.302163 64.533956 57.914459 0.000000 0.000000 0.000000 
-0.005265 0.940153 -0.086716 -8.072986 -16.694118 11.881192 12.019369 0.119156 -1.928320 1.904726 0.346181 -10.014323 8.531730 16.897828 12.490668 0.000000 0.000000 0.000000 -0.240519 2.091869 -18.108922 -4.495130 0.512404 1.932544 8.142392 10.747154 9.939435 0.000000 0.000000 0.000000 -7.374774 0.449163 -3.110216 10.985258 -3.728359 -9.952031 -6.112218 -17.732331 -2.288767 0.067456 -0.643665 -11.573850 0.000000 0.000000 0.000000 3.994016 -11.497487 4.249414 -76.238479 -40.053263 29.744933 -57.509722 -69.608146 51.790617 0.000000 0.000000 0.000000 -3.270075 0.193542 1.098448 53.949556 9.152797 -2.722720 97.443519 65.079967 57.899313 0.000000 0.000000 0.000000 
-0.004024 0.939606 -0.088289 -8.205753 -16.685945 11.834646 11.830571 0.116330 -2.157342 2.378562 0.279633 -9.426322 8.418106 16.753677 11.915856 0.000000 0.000000 0.000000 0.085003 2.153270 -18.332318 -4.211328 0.531513 2.470410 7.956090 10.527025 9.737020 0.000000 0.000000 0.000000 -7.549587 0.458325 -2.920586 10.607596 -3.634007 -9.710309 -6.163225 -17.337865 -2.359475 0.013708 -0.574459 -11.297579 0.000000 0.000000 0.000000 3.448905 -11.592127 4.411975 -76.387596 -40.640855 30.090199 -58.032463 -69.594635 52.120558 0.000000 0.000000 0.000000 -2.930188 0.690689 1.090038 53.174011 8.641933 -2.732688 95.510165 66.517182 58.244349 0.000000 0.000000 0.000000 
-0.003131 0.939293 -0.089734 -8.560116 -17.387470 11.448383 11.852806 0.152842 -1.189329 2.891411 0.256333 -9.435778 8.381952 16.639042 12.087821 0.000000 0.000000 0.000000 0.740200 2.219942 -18.316214 -4.273065 0.600340 3.193339 8.226508 11.511796 9.262657 0.000000 0.000000 0.000000 -7.224194 0.435674 -2.677973 10.115232 -3.529479 -9.243191 -5.914986 -16.629600 -2.581648 -0.568066 -0.199614 -11.012786 0.000000 0.000000 0.000000 2.754838 -11.412644 4.496016 -76.496303 -40.699526 29.968831 -57.744455 -70.248300 52.427840 0.000000 0.000000 0.000000 -2.923059 1.029556 1.176776 53.753328 8.662542 -2.794887 92.739310 67.545776 57.182960 0.000000 0.000000 0.000000 
-0.002518 0.939224 -0.091460 -8.608249 -17.603040 11.223900 11.667807 0.160966 -1.027777 3.133284 0.215608 -9.097918 8.328165 16.550143 11.931099 0.000000 0.000000 0.000000 0.966208 2.255601 -18.383027 -3.965295 0.629648 3.895127 8.331009 11.970764 9.032763 0.000000 0.000000 0.000000 -7.245849 0.431898 -2.619280 9.696427 -3.434762 -8.851904 -5.958748 -16.229324 -2.345624 -0.527959 -0.214628 -10.786807 0.000000 0.000000 0.000000 2.086073 -11.388569 4.636370 -76.094301 -40.646581 29.422017 -56.832914 -70.771213 52.146564 0.000000 0.000000 0.000000 -2.786796 1.134520 1.148495 54.145216 9.420973 -2.526201 88.630638 69.782223 56.289921 0.000000 0.000000 0.000000 
-0.002146 0.939339 -0.093287 -8.813584 -18.305086 11.118363 11.889224 0.205020 -0.530466 3.051142 0.185355 -8.726038 8.286272 16.456883 11.679486 0.000000 0.000000 0.000000 1.609443 2.325550 -18.379271 -4.216583 0.674633 4.088170 8.703992 12.842306 8.944464 0.000000 0.000000 0.000000 -7.108728 0.424219 -2.800354 9.442292 -3.408811 -8.246780 -5.650966 -15.551988 -2.739485 -0.906483 0.070213 -10.272732 0.000000 0.000000 0.000000 1.407216 -11.207334 4.713796 -75.567868 -40.407557 28.692944 -53.503344 -70.830345 49.341961 0.000000 0.000000 0.000000 -3.338291 1.678063 1.491146 55.305732 10.716151 -2.207521 82.860419 71.633693 53.484435 0.000000 0.000000 0.000000 
-0.001916 0.939885 -0.094968 -8.960135 -18.613247 10.805051 11.869883 0.229661 -0.092729 2.957420 0.152690 -8.295388 8.214183 16.340172 11.454890 0.000000 0.000000 0.000000 2.088782 2.347209 -18.198773 -4.033634 0.682132 4.404874 9.164057 13.697058 9.119952 0.000000 0.000000 0.000000 -6.970776 0.409256 -2.694662 9.154171 -3.313511 -8.306041 -5.351091 -15.256701 -2.153773 -0.770745 -0.079169 -10.751383 0.000000 0.000000 0.000000 1.081570 -11.453695 4.895927 -74.303937 -40.428004 27.830261 -48.136158 -70.992551 45.161716 0.000000 0.000000 0.000000 -3.770515 1.516262 1.599840 56.539179 12.624002 -1.703558 76.456455 73.578642 49.993560 0.000000 0.000000 0.000000 
-0.001757 0.940183 -0.096076 -8.998977 -19.443791 10.698793 11.966012 0.272946 0.530883 2.692759 0.171606 -8.379241 8.265717 16.334127 11.871955 0.000000 0.000000 0.000000 2.497145 2.339472 -17.880075 -4.175651 0.665047 4.088740 9.722576 14.512050 9.474719 0.000000 0.000000 0.000000 -6.808738 0.401457 -3.200088 9.004886 -3.322391 -7.655606 -4.550628 -15.031974 -2.446939 -1.214141 0.204491 -10.383499 0.000000 0.000000 0.000000 0.624227 -11.313950 4.976430 -73.351806 -40.019032 26.950510 -42.532426 -69.980523 39.993602 0.000000 0.000000 0.000000 -4.514730 1.874664 1.968809 57.497740 14.797347 -1.047250 69.624136 75.121540 45.502856 0.000000 0.000000 0.000000 
-0.001619 0.940629 -0.096801 -9.005507 -20.260229 10.319321 11.605840 0.306829 1.321014 2.812640 0.149040 -8.224531 8.161563 16.113021 11.901941 0.000000 0.000000 0.000000 2.623458 2.312144 -17.592223 -3.941858 0.647985 4.223028 10.532646 15.098642 10.561231 0.000000 0.000000 0.000000 -6.489042 0.382100 -3.333594 9.081774 -3.380522 -7.333225 -3.787324 -14.996827 -2.617881 -1.424883 0.360171 -9.756015 0.000000 0.000000 0.000000 -0.487504 -10.363156 4.881343 -71.375003 -38.881659 24.855942 -42.571562 -68.021674 38.990721 0.000000 0.000000 0.000000 -4.952080 1.778260 2.121331 57.896097 16.800892 -0.385118 65.024372 76.057383 42.226233 0.000000 0.000000 0.000000 
-0.001427 0.941065 -0.097364 -8.929580 -21.036461 10.098862 11.348022 0.340181 2.179473 2.683440 0.146391 -8.123375 8.231504 16.189116 12.033217 0.000000 0.000000 0.000000 2.696700 2.291459 -17.405475 -3.865638 0.656375 4.434554 11.037753 16.044772 10.684484 0.000000 0.000000 0.000000 -6.077402 0.365093 -3.410760 8.859856 -3.342441 -6.864715 -2.902836 -14.902387 -2.924541 -1.791745 0.655824 -8.932871 0.000000 0.000000 0.000000 -1.125281 -9.982839 4.912403 -70.017030 -38.275828 23.635475 -39.549952 -66.079347 35.531933 0.000000 0.000000 0.000000 -5.016429 1.340871 2.058039 58.478930 18.151089 0.042542 64.071760 75.940575 41.251974 0.000000 0.000000 0.000000 
-0.001111 0.941427 -0.098187 -8.550658 -21.303444 9.607198 11.059874 0.361965 2.763991 2.352018 0.148685 -7.898695 8.145785 16.080017 11.773201 0.000000 0.000000 0.000000 2.527051 2.236762 -17.154808 -3.747983 0.636091 4.368104 11.504981 16.676739 11.053782 0.000000 0.000000 0.000000 -5.651684 0.342743 -3.640257 8.940051 -3.425667 -6.213276 -2.079186 -15.132264 -3.327288 -1.980468 0.831356 -8.383798 0.000000 0.000000 0.000000 -2.117976 -9.370314 4.928117 -68.392347 -37.500878 22.119232 -38.941515 -64.071810 33.932124 0.000000 0.000000 0.000000 -5.123085 1.012151 2.041686 58.541489 18.857476 0.254779 66.645908 75.038514 42.457807 0.000000 0.000000 0.000000 
-0.000482 0.941912 -0.099453 -8.205046 -21.550396 9.523594 10.810703 0.362200 2.723993 2.263527 0.128662 -7.567038 8.031345 15.880868 11.633044 0.000000 0.000000 0.000000 2.231736 2.222683 -17.207346 -3.619678 0.637197 4.542165 11.410554 16.676693 10.844370 0.000000 0.000000 0.000000 -5.220786 0.329765 -3.700966 8.929571 -3.440810 -5.934668 -1.396312 -14.784176 -3.402882 -2.200486 1.007447 -8.140976 0.000000 0.000000 0.000000 -2.550470 -9.055568 4.883961 -67.238030 -37.310523 21.313091 -38.076365 -63.108081 32.685924 0.000000 0.000000 0.000000 -4.969876 0.685343 1.900314 57.860986 19.726151 0.705798 64.881211 73.556349 40.019513 0.000000 0.000000 0.000000 
0.000565 0.942058 -0.101094 -7.682233 -21.708498 9.293594 10.187595 0.348238 2.552147 2.329344 0.073799 -6.902330 7.806576 15.575257 10.790500 0.000000 0.000000 0.000000 1.604938 2.194747 -17.331018 -3.364066 0.664190 5.143502 11.170825 16.926701 10.157140 0.000000 0.000000 0.000000 -4.994670 0.321749 -3.778478 8.830487 -3.429909 -5.612533 -0.434700 -14.605817 -3.222867 -2.953652 1.511873 -7.968269 0.000000 0.000000 0.000000 -2.974715 -8.474796 4.729886 -66.281870 -37.442251 20.892046 -38.615303 -62.773247 32.940177 0.000000 0.000000 0.000000 -4.870825 1.458877 2.054772 56.562823 20.456170 1.148609 64.415860 71.995237 38.274575 0.000000 0.000000 0.000000 
0.001992 0.942131 -0.102980 -7.356129 -21.514465 9.492176 9.769133 0.307525 2.085611 2.443272 0.028161 -6.376939 7.493374 15.031283 10.657426 0.000000 0.000000 0.000000 1.304851 2.198481 -17.518576 -3.368692 0.642316 4.905413 10.782568 16.402487 9.839086 0.000000 0.000000 0.000000 -4.517358 0.315203 -3.980257 8.812851 -3.457132 -5.090594 -0.037604 -14.090136 -3.240641 -3.440186 1.886148 -7.719325 0.000000 0.000000 0.000000 -3.615147 -8.040483 4.639146 -65.871244 -37.541431 20.556588 -38.859052 -61.806757 32.406230 0.000000 0.000000 0.000000 -4.046453 1.927972 1.852860 54.845446 21.099783 1.784752 61.125940 69.462577 34.179293 0.000000 0.000000 0.000000 
0.003716 0.941845 -0.105163 -6.946293 -21.131769 9.672170 9.446797 0.257815 1.347969 2.334711 0.000231 -5.826113 7.377879 14.880176 10.215853 0.000000 0.000000 0.000000 0.803405 2.200865 -17.809644 -3.058296 0.608493 4.922613 10.571467 16.363931 9.505235 0.000000 0.000000 0.000000 -4.119697 0.303313 -3.872688 8.828087 -3.474389 -4.895253 0.333625 -13.626518 -2.941455 -3.576779 1.965862 -7.916358 0.000000 0.000000 0.000000 -3.903762 -8.071669 4.673508 -65.234851 -37.839889 20.280033 -39.118804 -61.892539 32.565076 0.000000 0.000000 0.000000 -3.644422 2.850916 1.925405 53.297246 22.051891 2.393672 55.619629 67.431068 29.220109 0.000000 0.000000 0.000000 
0.005593 0.941826 -0.107688 -6.670365 -20.745484 9.859254 9.385851 0.215375 0.328917 2.372164 -0.052368 -5.058932 7.232309 14.670900 9.684663 0.000000 0.000000 0.000000 0.280179 2.298512 -18.682831 -2.833059 0.632590 5.469466 10.232553 16.093560 9.123375 0.000000 0.000000 0.000000 -3.541196 0.279209 -3.548222 8.547579 -3.392691 -4.547257 0.526601 -13.120573 -2.380996 -3.683078 2.060024 -7.796511 0.000000 0.000000 0.000000 -4.426295 -8.220346 4.806175 -64.838720 -38.395528 20.236662 -37.838867 -62.263387 31.744081 0.000000 0.000000 0.000000 -2.497159 3.724388 1.741585 51.744002 22.773825 2.947692 51.793548 65.728446 26.076738 0.000000 0.000000 0.000000 
0.007723 0.941787 -0.110725 -6.296916 -20.205569 10.406324 9.363509 0.159693 -1.012904 2.255365 -0.079776 -4.408004 7.273893 14.756464 9.521826 0.000000 0.000000 0.000000 0.149268 2.385428 -19.333385 -3.436454 0.676214 5.144892 10.636729 16.806319 9.426924 0.000000 0.000000 0.000000 -3.151074 0.252017 -2.888519 8.293935 -3.286028 -4.654828 0.482209 -12.592943 -1.418530 -4.055820 2.189093 -8.844841 0.000000 0.000000 0.000000 -3.494718 -8.949233 4.860330 -65.532876 -39.630598 21.456001 -35.513587 -63.700252 30.798714 0.000000 0.000000 0.000000 -1.783167 4.511973 1.705308 50.879886 23.991460 3.573949 46.085819 64.922249 22.356141 0.000000 0.000000 0.000000 
0.010027 0.941890 -0.114098 -6.082795 -19.405659 11.125110 9.237267 0.093534 -2.452336 2.399824 -0.120434 -3.894434 6.977161 14.299984 8.802955 0.000000 0.000000 0.000000 -0.253244 2.551031 -20.653408 -3.546781 0.700719 5.238598 10.559852 16.367995 9.783418 0.000000 0.000000 0.000000 -2.662727 0.229891 -2.557087 7.795009 -3.103305 -4.487842 0.796899 -12.816544 -0.558566 -4.448994 2.335721 -9.760022 0.000000 0.000000 0.000000 -3.164720 -9.215016 4.902145 -66.817343 -41.182545 23.286344 -31.364353 -64.891256 28.422846 0.000000 0.000000 0.000000 -0.692684 5.354897 1.577234 49.889272 25.316036 4.151842 43.877944 64.575008 21.009389 0.000000 0.000000 0.000000 
0.012432 0.942375 -0.117550 -5.934796 -18.794259 11.588005 9.263743 0.060202 -3.991273 2.270212 -0.149121 -3.117291 7.064887 14.489922 8.409705 0.000000 0.000000 0.000000 -0.366009 2.658191 -21.436592 -3.619702 0.687709 4.993751 10.718425 16.576929 10.029635 0.000000 0.000000 0.000000 -2.309475 0.169580 -1.052834 7.431588 -2.924689 -5.124166 0.515549 -12.324883 0.878078 -4.544544 2.227889 -11.406503 0.000000 0.000000 0.000000 -1.479841 -10.167388 4.871737 -67.407913 -42.500390 24.687963 -27.797335 -66.665940 26.687323 0.000000 0.000000 0.000000 0.144384 6.208090 1.562468 49.613872 26.888571 4.830852 41.586921 64.693494 20.000124 0.000000 0.000000 0.000000 
0.014680 0.943209 -0.120591 -5.641818 -17.689311 12.274008 9.210069 0.005874 -5.673095 2.207380 -0.150226 -2.877969 6.832906 14.100593 8.430993 0.000000 0.000000 0.000000 -0.968414 2.745150 -22.569010 -3.542748 0.688848 5.081731 10.322410 15.612879 10.220552 0.000000 0.000000 0.000000 -1.937864 0.119146 0.117031 6.631288 -2.640321 -4.675215 0.563357 -12.538733 1.884637 -5.319565 2.613438 -12.557970 0.000000 0.000000 0.000000 0.237747 -10.001151 4.378662 -69.590107 -43.598551 27.040384 -23.499592 -68.712709 24.472434 0.000000 0.000000 0.000000 0.553805 7.101134 1.705970 49.383210 28.432028 5.363781 43.476130 66.255185 22.196425 0.000000 0.000000 0.000000 
0.016956 0.944051 -0.123505 -5.465363 -17.174094 12.826744 9.314697 0.005341 -7.648825 2.082739 -0.200240 -1.569049 6.525408 13.564313 7.812359 0.000000 0.000000 0.000000 -1.150028 2.849710 -23.420114 -3.383482 0.642146 4.766892 9.800466 14.534106 10.171554 0.000000 0.000000 0.000000 -1.432061 0.034569 2.019281 5.918407 -2.312581 -5.724961 -0.029363 -11.563754 3.955030 -4.870871 2.259226 -13.684247 0.000000 0.000000 0.000000 2.067405 -10.164396 3.972718 -71.207520 -43.589167 27.927335 -22.895337 -69.407014 24.232760 0.000000 0.000000 0.000000 1.231664 7.651050 1.716291 49.838948 29.616424 5.883563 44.530413 66.808492 23.778533 0.000000 0.000000 0.000000 
0.019081 0.943934 -0.126529 -5.211560 -16.470217 13.761414 9.306912 -0.009407 -9.861369 1.938846 -0.212433 -0.850951 6.520510 13.558513 7.913166 0.000000 0.000000 0.000000 -1.666453 2.928163 -24.485413 -3.343127 0.669940 5.125836 9.029412 13.796279 9.274999 0.000000 0.000000 0.000000 -0.902295 -0.044923 3.521802 4.839676 -1.898939 -5.579724 -0.054947 -10.436306 5.381520 -5.228147 2.503066 -14.553591 0.000000 0.000000 0.000000 2.675398 -9.515377 3.551046 -72.827708 -42.993965 28.048695 -24.356898 -69.506393 25.222585 0.000000 0.000000 0.000000 1.382920 7.733806 1.770100 50.600144 31.688129 6.757053 46.340263 66.670513 25.802160 0.000000 0.000000 0.000000 
0.021233 0.942680 -0.129877 -5.025836 -15.499548 14.185885 9.517520 0.018131 -12.069623 1.388319 -0.213330 1.110449 6.199881 13.040962 6.911174 0.000000 0.000000 0.000000 -2.049327 3.025841 -25.710722 -2.785467 0.669201 5.913961 8.078605 12.037781 8.957071 0.000000 0.000000 0.000000 -0.641842 -0.136052 6.413345 4.046856 -1.573621 -5.894341 -0.266293 -8.814425 6.482871 -5.011036 2.523371 -14.645998 0.000000 0.000000 0.000000 1.825854 -9.942538 3.849601 -70.026699 -41.695287 24.580250 -29.156982 -68.687117 28.225637 0.000000 0.000000 0.000000 2.672931 9.118464 2.037825 51.384331 33.804196 8.031653 41.321955 66.861044 23.688418 0.000000 0.000000 0.000000 
0.022901 0.939548 -0.133209 -4.606923 -13.774332 15.048727 9.546058 -0.001279 -14.728589 0.679953 -0.155114 2.675629 6.178356 13.102286 6.229369 0.000000 0.000000 0.000000 -2.557931 3.126187 -27.491002 -2.842285 0.781264 7.137309 6.872195 10.318968 8.041433 0.000000 0.000000 0.000000 -0.523335 -0.196476 8.839124 3.183843 -1.237933 -5.247709 0.303865 -7.008179 7.122474 -5.271936 2.928172 -14.409270 0.000000 0.000000 0.000000 -0.198757 -10.610793 4.429529 -66.892219 -40.963036 21.338647 -29.449804 -67.740706 27.668847 0.000000 0.000000 0.000000 3.218044 9.569245 2.294128 52.201252 36.737484 9.695058 35.566613 66.976818 21.322620 0.000000 0.000000 0.000000 
0.024051 0.936832 -0.135599 -4.542130 -12.304789 15.838111 9.999465 0.077511 -17.491384 0.382205 -0.151417 4.603327 5.842561 12.534572 5.658814 0.000000 0.000000 0.000000 -2.931342 3.173616 -28.817240 -2.204949 0.727579 7.667949 6.070387 8.572821 8.099934 0.000000 0.000000 0.000000 -0.262290 -0.282345 11.154038 2.482365 -0.962939 -4.556230 0.503750 -5.273377 7.442885 -4.843716 2.877414 -14.314627 0.000000 0.000000 0.000000 -1.683771 -10.906961 4.685920 -63.092282 -39.973448 18.132640 -31.272157 -66.324887 27.816438 0.000000 0.000000 0.000000 3.359842 11.545112 3.207445 52.571789 40.412424 11.694841 21.083935 66.665526 13.018759 0.000000 0.000000 0.000000 
0.024274 0.934242 -0.136282 -4.401498 -10.317427 16.545432 10.085095 0.035486 -19.429664 0.190071 -0.135129 4.864142 5.324779 11.653776 5.168919 0.000000 0.000000 0.000000 -3.380561 3.098135 -29.815807 -2.043616 0.752924 8.426137 5.270500 7.415706 7.517977 0.000000 0.000000 0.000000 -0.184935 -0.347601 12.931264 1.939101 -0.741850 -3.878398 1.118029 -2.843962 7.552665 -4.309143 2.856653 -13.741940 0.000000 0.000000 0.000000 -2.886745 -12.000647 5.088364 -60.471344 -39.768369 16.142775 -29.182958 -65.647988 25.226487 0.000000 0.000000 0.000000 3.265374 12.174766 3.775851 51.879499 43.075966 13.138476 11.097998 65.030751 7.753240 0.000000 0.000000 0.000000 
0.024056 0.934010 -0.135231 -4.221523 -7.643114 17.496268 9.687921 -0.157246 -20.892316 0.832659 -0.218910 3.722203 5.085237 11.470045 6.291521 0.000000 0.000000 0.000000 -4.027126 2.879214 -30.540122 -1.304020 0.630492 8.619260 4.303199 5.484630 7.460666 0.000000 0.000000 0.000000 0.187868 -0.487114 13.948981 1.700496 -0.625545 -3.964865 1.289125 -1.356150 8.080502 -3.967881 2.884787 -13.630834 0.000000 0.000000 0.000000 -2.917373 -12.177370 4.959965 -60.482732 -39.524493 15.478904 -29.261521 -63.495456 23.616240 0.000000 0.000000 0.000000 1.742024 13.001002 4.402012 52.492006 45.291992 14.735200 2.163465 62.196415 3.069611 0.000000 0.000000 0.000000 
0.023674 0.934397 -0.133531 -4.271056 -4.962194 18.539307 9.562030 -0.349276 -21.511453 1.419373 -0.220880 1.530638 4.341691 10.517294 7.881620 0.000000 0.000000 0.000000 -4.398237 2.665420 -31.124621 -0.888088 0.519603 8.249465 3.639497 3.995118 7.838966 0.000000 0.000000 0.000000 0.797682 -0.688307 14.647527 1.362380 -0.461622 -4.322774 1.475012 0.175146 8.528915 -2.936732 2.473851 -12.874694 0.000000 0.000000 0.000000 -2.999067 -12.530806 4.899412 -60.468203 -40.314625 15.449357 -26.511419 -62.249331 20.659182 0.000000 0.000000 0.000000 0.355356 12.782972 4.527812 53.391600 46.094336 15.932112 -0.848836 60.280607 2.066996 0.000000 0.000000 0.000000 
0.023351 0.935955 -0.132198 -4.097177 -2.145988 19.482229 9.440201 -0.546666 -22.509383 1.704150 -0.183663 0.095116 3.693871 9.854057 9.170091 0.000000 0.000000 0.000000 -4.922395 2.379196 -31.701018 -0.158667 0.353434 7.757865 2.804548 2.129604 8.365107 0.000000 0.000000 0.000000 1.476061 -0.937413 15.489378 1.105906 -0.335746 -4.494459 1.486575 1.058428 8.787170 -2.164858 2.134699 -11.647423 0.000000 0.000000 0.000000 -2.603763 -12.561687 4.724180 -61.040174 -41.609938 16.062138 -23.453044 -62.058377 18.180397 0.000000 0.000000 0.000000 -1.049376 12.502114 4.512876 54.016894 46.871141 17.046936 -4.884483 58.466001 0.362138 0.000000 0.000000 0.000000 
0.022889 0.936880 -0.131575 -4.028966 0.342568 20.451484 9.249945 -0.748040 -24.019828 2.059945 -0.173582 -0.666788 3.092589 9.278126 10.103073 0.000000 0.000000 0.000000 -5.031403 2.185987 -32.373628 -0.070622 0.291054 7.055532 2.326912 0.999991 9.099600 0.000000 0.000000 0.000000 2.065785 -1.178841 16.191897 0.713007 -0.156366 -4.726891 1.656626 1.861288 9.155088 -1.600492 1.901901 -11.124989 0.000000 0.000000 0.000000 -2.041918 -12.944570 4.717099 -61.769893 -43.104964 16.889068 -20.004026 -61.608694 15.489382 0.000000 0.000000 0.000000 -2.697608 12.255959 4.416608 54.511771 47.619779 18.133512 -7.936419 57.197628 -0.824443 0.000000 0.000000 0.000000 
0.021962 0.938481 -0.131505 -3.717429 2.610212 21.209769 9.113447 -0.941980 -24.883738 1.900742 -0.100025 -1.664264 2.571501 8.927910 11.241445 0.000000 0.000000 0.000000 -5.326974 1.936061 -32.966979 0.352764 0.189072 6.580209 1.660834 -0.401077 9.692585 0.000000 0.000000 0.000000 2.132554 -1.294918 16.651344 0.686359 -0.128366 -4.802210 1.618234 2.029339 9.331394 -1.515252 1.916931 -10.616030 0.000000 0.000000 0.000000 -1.364660 -13.052886 4.666285 -62.182424 -44.539127 17.668454 -16.155042 -62.081465 13.025168 0.000000 0.000000 0.000000 -3.353336 12.206003 4.386190 54.060033 47.829145 18.368561 -10.329064 56.417657 -1.772698 0.000000 0.000000 0.000000 
0.020327 0.938630 -0.131697 -3.681094 4.771939 22.206812 9.295180 -1.101686 -26.036512 2.004131 -0.061404 -2.427960 2.224727 8.798948 11.933516 0.000000 0.000000 0.000000 -5.379291 1.741157 -33.771552 0.617652 0.113947 5.979131 0.984124 -1.892415 10.631452 0.000000 0.000000 0.000000 2.348754 -1.462051 17.206556 0.580744 -0.039204 -5.667188 1.783960 2.182349 10.101560 -1.486505 2.007968 -10.910565 0.000000 0.000000 0.000000 -0.480066 -12.806486 4.515483 -63.017204 -45.819294 18.480104 -14.896345 -62.016920 12.082620 0.000000 0.000000 0.000000 -4.128149 11.674219 4.160917 54.643876 48.157537 19.107987 -11.304989 55.460010 -1.951873 0.000000 0.000000 0.000000 
0.018139 0.938495 -0.132139 -3.523338 6.571460 23.048694 9.260771 -1.282447 -27.147803 1.898464 -0.004957 -3.283464 1.800603 8.611340 12.909563 0.000000 0.000000 0.000000 -5.351662 1.578211 -34.646954 0.983025 0.038080 5.772895 0.131856 -3.521214 11.032845 0.000000 0.000000 0.000000 2.375066 -1.565041 17.561674 0.495541 -0.000147 -5.516881 1.822904 2.259849 9.945299 -1.408396 1.982037 -10.329144 0.000000 0.000000 0.000000 0.432606 -12.702266 4.448707 -63.124260 -46.375158 18.635842 -13.292969 -61.698271 10.849711 0.000000 0.000000 0.000000 -4.851477 11.931830 4.200330 54.465896 48.478480 19.513439 -13.068503 53.958870 -2.602914 0.000000 0.000000 0.000000 
0.015427 0.938088 -0.132898 -3.419645 8.262947 23.893914 9.544349 -1.420819 -28.196294 1.875359 0.030154 -3.869860 1.466777 8.551627 13.772234 0.000000 0.000000 0.000000 -5.080157 1.466887 -35.400389 0.951236 0.032933 5.857687 -0.318850 -4.194814 10.984047 0.000000 0.000000 0.000000 2.353239 -1.707129 18.470684 0.308289 0.109335 -6.129729 1.893944 2.084111 10.524993 -1.919097 2.376079 -10.591302 0.000000 0.000000 0.000000 1.302137 -12.350253 4.333808 -63.396322 -47.476239 19.221433 -11.150133 -60.784286 9.334907 0.000000 0.000000 0.000000 -5.251026 12.204040 4.265028 53.866564 49.511461 19.986422 -14.486881 52.077832 -3.034171 0.000000 0.000000 0.000000 
0.012600 0.937699 -0.134272 -3.304632 9.951258 24.653561 9.790637 -1.582368 -29.400188 1.540148 0.070749 -4.304219 1.179908 8.634494 14.767093 0.000000 0.000000 0.000000 -5.161861 1.245819 -36.266962 1.194938 -0.020646 5.815018 -0.785136 -4.980095 11.305572 0.000000 0.000000 0.000000 2.508038 -1.884059 19.110978 -0.009733 0.247640 -6.322533 1.996805 2.008386 10.680048 -1.798009 2.375671 -10.968685 0.000000 0.000000 0.000000 1.738113 -12.193420 4.282143 -62.851919 -48.053035 19.129177 -10.779096 -60.412784 8.940618 0.000000 0.000000 0.000000 -5.487018 12.559150 4.369514 52.743047 49.939575 19.883310 -15.329419 51.117355 -3.255045 0.000000 0.000000 0.000000 
0.009790 0.937677 -0.135991 -3.348671 10.792799 25.459467 9.969165 -1.686501 -30.451906 1.769059 0.081510 -4.736137 1.101892 9.008461 16.001209 0.000000 0.000000 0.000000 -5.130712 1.148389 -37.008674 0.949601 0.004160 5.165692 -0.896561 -5.344322 12.487427 0.000000 0.000000 0.000000 2.180500 -1.935886 20.048544 -0.190015 0.316945 -6.270731 2.301463 2.566278 10.682378 -2.260876 2.725879 -11.008514 0.000000 0.000000 0.000000 1.698639 -12.789811 4.466821 -61.737484 -48.688230 18.827538 -7.809885 -59.984618 6.994566 0.000000 0.000000 0.000000 -5.102561 13.732996 4.863739 50.154019 50.026116 18.812440 -15.342164 50.188472 -3.073648 0.000000 0.000000 0.000000 
0.006733 0.936401 -0.137644 -3.269598 11.778480 26.347479 10.250337 -1.818324 -31.884292 1.845621 0.082326 -4.775327 1.125412 9.562031 17.204025 0.000000 0.000000 0.000000 -5.295333 0.952909 -38.158471 1.186014 -0.043267 4.936467 -1.022813 -5.548844 12.985914 0.000000 0.000000 0.000000 1.973233 -2.022095 20.881444 -0.436499 0.395725 -5.905230 2.432484 2.967048 10.349810 -2.543899 2.909769 -10.550788 0.000000 0.000000 0.000000 1.177528 -13.454515 4.656703 -60.114263 -49.433096 18.453431 -5.692980 -59.759790 5.617183 0.000000 0.000000 0.000000 -4.285479 14.442340 5.288640 47.444706 49.298975 17.205898 -15.124118 50.737548 -2.867569 0.000000 0.000000 0.000000 
0.003191 0.934911 -0.138676 -3.407793 12.502734 27.238996 10.810798 -1.877406 -33.296375 1.798821 0.073291 -4.492890 1.324554 10.090531 17.625427 0.000000 0.000000 0.000000 -4.870058 0.962066 -39.199948 0.988817 -0.018383 4.668404 -1.009636 -5.551390 13.582774 0.000000 0.000000 0.000000 1.534408 -2.048001 21.873323 -0.768244 0.509335 -5.671819 2.845562 3.121065 9.955404 -2.761690 2.993527 -9.810256 0.000000 0.000000 0.000000 0.340452 -13.789525 4.737677 -58.272450 -49.599559 17.773942 -3.924706 -60.109531 4.590808 0.000000 0.000000 0.000000 -2.850596 15.605681 6.014744 44.001100 48.390202 15.099230 -14.176798 51.829832 -2.421776 0.000000 0.000000 0.000000 
-0.000564 0.931316 -0.139203 -3.871790 12.903485 27.975551 11.997113 -1.767185 -34.558051 1.643795 0.060554 -4.030823 1.351533 10.248936 17.897803 0.000000 0.000000 0.000000 -4.683018 0.948858 -40.411444 1.584244 -0.113862 4.701517 -1.041141 -5.597572 13.636523 0.000000 0.000000 0.000000 1.133531 -2.063822 22.839698 -1.292042 0.689641 -5.385648 3.272725 3.409454 9.993082 -3.660127 3.554901 -9.701219 0.000000 0.000000 0.000000 -0.302908 -14.744462 5.054813 -56.020396 -49.939858 16.974042 -1.911852 -60.040796 3.420673 0.000000 0.000000 0.000000 -1.447174 16.540951 6.694066 41.329622 47.454038 13.374798 -13.932121 53.192455 -2.270832 0.000000 0.000000 0.000000 
-0.003989 0.929052 -0.139353 -4.172006 13.432270 28.867025 12.981646 -1.694216 -35.609412 1.289825 0.077491 -4.027353 1.503557 10.590468 18.131365 0.000000 0.000000 0.000000 -4.402714 0.938875 -41.603614 1.992280 -0.181558 4.623021 -1.295770 -6.086102 13.884144 0.000000 0.000000 0.000000 0.598813 -2.042226 23.824905 -1.774135 0.859574 -5.227416 3.518378 3.274063 9.962915 -4.244150 3.905868 -9.791278 0.000000 0.000000 0.000000 -0.376888 -15.650423 5.409877 -53.909229 -50.277340 16.270203 0.787201 -58.791510 1.864866 0.000000 0.000000 0.000000 0.534708 17.900855 7.709497 38.059074 46.143764 11.229706 -13.894355 54.734014 -2.246979 0.000000 0.000000 0.000000 
-0.006571 0.926891 -0.139503 -4.744832 13.517359 29.553197 14.226624 -1.502649 -37.069984 1.137840 0.050713 -3.209727 1.712445 10.957203 18.381617 0.000000 0.000000 0.000000 -4.048750 1.020230 -43.135293 2.401699 -0.244312 4.834964 -1.556881 -6.700256 14.275024 0.000000 0.000000 0.000000 0.060337 -1.962524 24.617690 -2.363468 1.060243 -4.794976 3.906303 3.356106 9.844617 -5.257350 4.525836 -10.253729 0.000000 0.000000 0.000000 -0.296179 -16.528089 5.762079 -52.286085 -50.614876 15.765850 3.420934 -56.754813 0.414083 0.000000 0.000000 0.000000 1.993650 19.249198 8.658418 35.391329 45.365778 9.722856 -14.074129 54.992935 -2.358109 0.000000 0.000000 0.000000 
-0.008224 0.926205 -0.139682 -5.237769 13.519332 30.020537 14.839110 -1.393290 -38.070392 1.511250 0.011897 -2.783165 1.333475 10.402554 18.500036 0.000000 0.000000 0.000000 -3.534216 1.195902 -43.755691 2.663322 -0.285222 4.476339 -2.003182 -7.632774 14.579944 0.000000 0.000000 0.000000 -0.380121 -1.912342 25.480364 -2.931088 1.264709 -4.633628 4.155052 3.629802 9.848580 -6.056526 5.021078 -10.743879 0.000000 0.000000 0.000000 -0.310662 -17.378314 6.079406 -51.439274 -50.932323 15.527288 6.222747 -54.627913 -1.041005 0.000000 0.000000 0.000000 2.404318 20.297481 9.294602 34.412050 44.862056 9.116308 -14.651754 55.343450 -2.632180 0.000000 0.000000 0.000000 
-0.009415 0.926064 -0.139657 -5.537425 13.997239 30.487173 15.308535 -1.382903 -38.985136 1.572014 0.007941 -2.755071 1.574738 10.973938 19.016073 0.000000 0.000000 0.000000 -3.422040 1.146213 -44.388494 3.269809 -0.385603 4.276193 -2.587466 -8.741408 15.076019 0.000000 0.000000 0.000000 -0.654206 -1.900257 25.883533 -3.083004 1.321026 -4.702792 4.068589 3.617729 10.254281 -7.038371 5.636880 -11.425311 0.000000 0.000000 0.000000 -0.135007 -17.965800 6.300194 -50.806123 -52.093819 15.733381 9.086023 -52.197902 -2.353087 0.000000 0.000000 0.000000 2.608809 20.814735 9.640278 33.488637 44.676701 8.663929 -15.493379 55.232530 -3.019862 0.000000 0.000000 0.000000 
-0.010740 0.926323 -0.139180 -6.019443 14.137944 30.823313 15.804677 -1.290358 -39.319115 1.853191 -0.000297 -2.899655 1.533408 10.922328 19.096508 0.000000 0.000000 0.000000 -2.763794 1.368866 -44.487997 3.512026 -0.420819 3.684528 -2.981719 -9.523975 15.367745 0.000000 0.000000 0.000000 -0.734315 -1.910240 26.140342 -3.506268 1.482251 -5.139076 4.020106 3.595495 10.632178 -7.790795 6.092942 -12.160108 0.000000 0.000000 0.000000 -0.311891 -18.616944 6.555620 -49.384880 -52.997544 15.520829 11.373366 -50.071892 -3.250010 0.000000 0.000000 0.000000 2.454853 20.865004 9.641743 34.047229 44.999410 9.002443 -16.199754 55.109958 -3.364116 0.000000 0.000000 0.000000 
-0.012476 0.926910 -0.138105 -6.431230 14.449257 30.999621 16.264759 -1.228964 -39.280605 2.105249 0.021563 -3.581967 1.547061 11.031350 19.360225 0.000000 0.000000 0.000000 -2.290015 1.492239 -44.402047 3.866884 -0.474177 3.043073 -3.383960 -10.284846 15.885889 0.000000 0.000000 0.000000 -0.947958 -1.850021 26.063556 -3.366720 1.440573 -5.547388 3.883751 3.363675 10.978359 -8.690649 6.618764 -13.639924 0.000000 0.000000 0.000000 -0.040236 -18.734278 6.608769 -48.680910 -53.509807 15.409949 12.677456 -48.288323 -3.683516 0.000000 0.000000 0.000000 2.212259 20.868515 9.581998 35.239371 45.340995 9.597893 -16.392147 54.686045 -3.435810 0.000000 0.000000 0.000000 
-0.014813 0.927207 -0.136455 -6.718658 14.797157 31.077291 16.797320 -1.162101 -39.323882 2.073735 0.031962 -3.744633 1.483434 10.938378 19.256718 0.000000 0.000000 0.000000 -1.592129 1.683424 -44.041815 3.903689 -0.476718 2.040466 -3.953006 -11.341181 16.676338 0.000000 0.000000 0.000000 -0.844433 -1.910291 26.079858 -3.667781 1.555959 -6.227135 3.803289 2.892174 11.584296 -9.007744 6.801390 -14.840234 0.000000 0.000000 0.000000 0.148382 -19.436240 6.907168 -46.819048 -53.812960 14.687392 14.225504 -46.970424 -4.184253 0.000000 0.000000 0.000000 2.952088 21.173708 9.864728 35.751529 45.786206 9.848694 -16.866146 53.707913 -3.653670 0.000000 0.000000 0.000000 
-0.017590 0.928441 -0.134575 -6.784549 15.470174 30.977694 17.256390 -1.171444 -39.372926 1.671913 0.066824 -4.072352 1.607438 11.406788 20.034267 0.000000 0.000000 0.000000 -1.155334 1.717532 -43.606009 3.773889 -0.462365 1.451642 -4.173374 -11.626401 16.921810 0.000000 0.000000 0.000000 -0.990345 -1.855859 25.666114 -3.696235 1.568856 -6.254701 3.778742 2.562338 11.583906 -9.411674 7.022872 -16.006187 0.000000 0.000000 0.000000 0.852096 -19.537241 6.926456 -45.700875 -54.404069 14.393527 14.639031 -46.258565 -4.314540 0.000000 0.000000 0.000000 2.857619 20.893631 9.680229 37.562844 46.528257 10.911384 -16.814245 52.436987 -3.571869 0.000000 0.000000 0.000000 
-0.020437 0.928673 -0.132692 -6.872881 15.916795 30.434900 17.516037 -1.180400 -39.192886 1.802218 0.038516 -3.588414 1.175642 10.720380 19.562497 0.000000 0.000000 0.000000 -0.483946 1.863087 -42.755785 3.318422 -0.404549 0.893868 -4.745600 -12.542008 16.967136 0.000000 0.000000 0.000000 -1.042209 -1.893767 25.893788 -3.767356 1.601839 -6.540616 3.763988 2.148692 11.574038 -9.380553 7.004212 -16.509489 0.000000 0.000000 0.000000 0.321782 -20.007047 7.117180 -42.829984 -54.046315 12.988836 15.155352 -45.384694 -4.440626 0.000000 0.000000 0.000000 3.591726 21.368988 10.022864 36.910633 46.998337 10.760719 -16.080467 50.498310 -3.219957 0.000000 0.000000 0.000000 
-0.023097 0.928474 -0.131278 -6.579340 16.131414 30.302964 17.599120 -1.205638 -38.875407 1.658883 0.058398 -3.863198 0.891907 10.326236 19.523024 0.000000 0.000000 0.000000 -0.702978 1.752088 -42.376837 3.214961 -0.393747 0.731149 -5.102487 -13.089519 16.568690 0.000000 0.000000 0.000000 -1.250232 -1.839168 25.888407 -3.790091 1.619869 -7.010131 3.464788 1.775910 11.886870 -9.816463 7.234485 -16.922000 0.000000 0.000000 0.000000 0.314439 -20.413511 7.278338 -40.112162 -53.810019 11.681375 15.827510 -44.759045 -4.649163 0.000000 0.000000 0.000000 4.054782 21.555373 10.204893 36.248430 47.468473 10.586835 -15.694015 49.121253 -3.004689 0.000000 0.000000 0.000000 
-0.025425 0.927129 -0.130373 -6.506378 16.975115 30.030965 17.910751 -1.282040 -38.914809 1.359870 0.075930 -3.957180 0.558119 9.886551 19.248031 0.000000 0.000000 0.000000 -0.783150 1.581157 -42.081616 3.281060 -0.409387 0.736812 -5.770171 -14.092803 16.349659 0.000000 0.000000 0.000000 -0.897813 -2.096613 26.488243 -3.559296 1.564009 -7.719199 2.944226 1.392387 12.391741 -9.420777 7.021865 -18.874211 0.000000 0.000000 0.000000 0.873326 -20.479439 7.272625 -38.141823 -54.250375 10.880332 16.146569 -43.762244 -4.684745 0.000000 0.000000 0.000000 2.690239 21.637021 9.894812 36.147538 48.520543 11.066014 -16.902413 47.168093 -3.446841 0.000000 0.000000 0.000000 
-0.027249 0.925032 -0.130031 -6.544244 17.024647 29.710444 18.324138 -1.198266 -38.652495 1.273504 0.079929 -3.966709 0.443774 9.350882 18.110916 0.000000 0.000000 0.000000 -1.077348 1.484787 -41.986755 3.815957 -0.485561 1.323591 -5.960875 -14.422735 15.534460 0.000000 0.000000 0.000000 -0.858895 -2.129319 26.594078 -3.694001 1.611699 -7.838314 3.169695 1.513417 12.340272 -9.587821 7.128249 -18.361552 0.000000 0.000000 0.000000 0.058826 -21.446481 7.644643 -35.422628 -53.737915 9.549928 16.559245 -41.885095 -4.639330 0.000000 0.000000 0.000000 3.154587 22.072594 10.220712 34.382292 48.119226 10.118615 -16.315125 46.306221 -3.173392 0.000000 0.000000 0.000000 
-0.028547 0.922230 -0.129954 -6.470885 17.174556 29.253728 18.960283 -1.095268 -38.613131 0.939950 0.077380 -3.557654 0.263790 8.914676 17.554729 0.000000 0.000000 0.000000 -1.114020 1.442688 -41.859559 4.144370 -0.542825 2.211597 -6.005841 -14.476760 14.448034 0.000000 0.000000 0.000000 -0.400615 -2.363583 27.029210 -3.674776 1.614764 -8.204634 2.836888 1.680177 12.554280 -8.460834 6.572606 -19.391991 0.000000 0.000000 0.000000 0.844188 -21.683640 7.669590 -36.029263 -53.432521 9.629685 17.649094 -40.934949 -4.992182 0.000000 0.000000 0.000000 3.128868 22.161315 10.299719 34.896537 48.459213 10.468962 -17.123739 45.248967 -3.412183 0.000000 0.000000 0.000000 
-0.029064 0.920672 -0.129992 -6.727921 16.952953 28.467905 19.781623 -0.864212 -38.395312 0.864497 0.035957 -2.456212 0.231150 8.465349 16.559922 0.000000 0.000000 0.000000 -1.424735 1.397683 -41.887094 4.800774 -0.663729 3.510753 -6.085535 -14.683581 14.048288 0.000000 0.000000 0.000000 0.070032 -2.524349 27.132591 -4.122734 1.761255 -8.173052 3.030301 0.989502 12.104244 -8.905371 6.722414 -18.937074 0.000000 0.000000 0.000000 0.049738 -21.943935 7.868223 -33.439671 -53.361213 8.762370 16.459132 -37.789193 -4.097628 0.000000 0.000000 0.000000 2.924110 22.741582 10.357644 35.659131 49.068484 10.973657 -16.293639 43.354855 -3.095568 0.000000 0.000000 0.000000 
-0.028756 0.918943 -0.129844 -6.675868 16.014285 27.541830 19.500652 -0.763385 -37.009544 0.424610 0.056349 -2.393258 0.156755 7.784780 15.254168 0.000000 0.000000 0.000000 -1.750913 1.422259 -41.742271 5.237435 -0.763716 4.992066 -5.314785 -13.358726 13.385350 0.000000 0.000000 0.000000 -0.937972 -2.119304 27.370436 -3.494652 1.551578 -8.209201 3.247540 1.105953 12.657858 -8.363790 6.490411 -18.067601 0.000000 0.000000 0.000000 -2.302700 -23.113885 8.467261 -32.278588 -50.614836 7.551927 18.960841 -37.442910 -4.903433 0.000000 0.000000 0.000000 4.563659 23.578945 11.069300 33.978020 47.831380 9.603594 -17.404835 43.818872 -3.597355 0.000000 0.000000 0.000000 
-0.027725 0.917473 -0.129204 -6.428095 16.373345 27.068762 19.466054 -0.804629 -38.055319 0.073063 0.015342 -0.732415 0.217287 8.063904 15.498349 0.000000 0.000000 0.000000 -1.607095 1.416391 -41.282463 4.609380 -0.666664 5.373207 -5.093034 -12.829926 11.095319 0.000000 0.000000 0.000000 -0.621692 -2.259179 27.407017 -3.165919 1.427930 -7.347876 3.050071 0.840258 11.119623 -7.365487 5.891369 -19.875873 0.000000 0.000000 0.000000 -3.516581 -21.745346 7.987715 -34.352838 -51.524721 8.842054 15.753539 -36.729422 -3.701144 0.000000 0.000000 0.000000 5.233417 22.288817 10.622891 35.333760 48.606776 10.431918 -15.685759 40.940237 -2.734089 0.000000 0.000000 0.000000 
-0.026174 0.916687 -0.128623 -4.605481 16.847466 26.302913 17.505592 -1.307269 -38.465776 -0.796618 -0.011422 1.845228 0.252525 7.475092 13.218633 0.000000 0.000000 0.000000 -2.785222 0.897157 -40.715267 3.008068 -0.415205 7.228609 -3.923466 -10.236623 9.338498 0.000000 0.000000 0.000000 -1.379876 -2.027722 27.483351 -2.087015 1.073804 -7.421434 1.410131 -0.262964 11.480983 -4.505549 4.433453 -19.779156 0.000000 0.000000 0.000000 -3.266818 -23.405562 8.670578 -31.775901 -49.288020 7.207712 17.062408 -36.591153 -4.159193 0.000000 0.000000 0.000000 6.594169 22.785954 11.092947 35.477981 47.011474 9.700758 -15.509253 42.295051 -2.792736 0.000000 0.000000 0.000000 
