HIERARCHY
ROOT Hips
{
	OFFSET -0.001795 -0.223333 0.028219
	CHANNELS 6 Xposition Yposition Zposition Zrotation Yrotation Xrotation 
	JOINT LeftUpLeg
	{
		OFFSET 0.069520 -0.091406 -0.006815
		CHANNELS 3 Zrotation Yrotation Xrotation
		JOINT LeftLeg
		{
			OFFSET 0.034277 -0.375199 -0.004496
			CHANNELS 3 Zrotation Yrotation Xrotation
			JOINT LeftFoot
			{
				OFFSET -0.013596 -0.397961 -0.043693
				CHANNELS 3 Zrotation Yrotation Xrotation
				JOINT LeftToe
				{
					OFFSET 0.026358 -0.055791 0.119288
					CHANNELS 3 Zrotation Yrotation Xrotation
					End Site
					{
						OFFSET 0.000000 0.000000 0.000000
					}
				}
			}
		}
	}
	JOINT RightUpLeg
	{
		OFFSET -0.067670 -0.090522 -0.004320
		CHANNELS 3 Zrotation Yrotation Xrotation
		JOINT RightLeg
		{
			OFFSET -0.038290 -0.382569 -0.008850
			CHANNELS 3 Zrotation Yrotation Xrotation
			JOINT RightFoot
			{
				OFFSET 0.015774 -0.398415 -0.042312
				CHANNELS 3 Zrotation Yrotation Xrotation
				JOINT RightToe
				{
					OFFSET -0.025372 -0.048144 0.123348
					CHANNELS 3 Zrotation Yrotation Xrotation
					End Site
					{
						OFFSET 0.000000 0.000000 0.000000
					}
				}
			}
		}
	}
	JOINT Spine
	{
		OFFSET -0.002533 0.108963 -0.026696
		CHANNELS 3 Zrotation Yrotation Xrotation
		JOINT Spine1
		{
			OFFSET 0.005487 0.135180 0.001092
			CHANNELS 3 Zrotation Yrotation Xrotation
			JOINT Spine2
			{
				OFFSET 0.001457 0.052922 0.025425
				CHANNELS 3 Zrotation Yrotation Xrotation
				JOINT Neck
				{
					OFFSET -0.002778 0.213870 -0.042857
					CHANNELS 3 Zrotation Yrotation Xrotation
					JOINT Head
					{
						OFFSET 0.005152 0.064970 0.051349
						CHANNELS 3 Zrotation Yrotation Xrotation
						End Site
						{
							OFFSET 0.000000 0.000000 0.000000
						}
					}
				}
				JOINT LeftShoulder
				{
					OFFSET 0.078845 0.121749 -0.034090
					CHANNELS 3 Zrotation Yrotation Xrotation
					JOINT LeftArm
					{
						OFFSET 0.090977 0.030469 -0.008868
						CHANNELS 3 Zrotation Yrotation Xrotation
						JOINT LeftForeArm
						{
							OFFSET 0.259612 -0.012772 -0.027456
							CHANNELS 3 Zrotation Yrotation Xrotation
							JOINT LeftHand
							{
								OFFSET 0.249234 0.008986 -0.001171
								CHANNELS 3 Zrotation Yrotation Xrotation
								End Site
								{
									OFFSET 0.000000 0.000000 0.000000
								}
							}
						}
					}
				}
				JOINT RightShoulder
				{
					OFFSET -0.081759 0.118833 -0.038615
					CHANNELS 3 Zrotation Yrotation Xrotation
					JOINT RightArm
					{
						OFFSET -0.096012 0.032551 -0.009143
						CHANNELS 3 Zrotation Yrotation Xrotation
						JOINT RightForeArm
						{
							OFFSET -0.253742 -0.013329 -0.021401
							CHANNELS 3 Zrotation Yrotation Xrotation
							JOINT RightHand
							{
								OFFSET -0.255298 0.007772 -0.005559
								CHANNELS 3 Zrotation Yrotation Xrotation
								End Site
								{
									OFFSET 0.000000 0.000000 0.000000
								}
							}
						}
					}
				}
			}
		}
	}
}
MOTION
Frames: 196
Frame Time: 0.050000
0.000000 0.967398 0.000000 -1.072036 3.997865 -0.928356 3.710787 0.329930 7.664352 -2.102599 0.322791 -8.369852 2.757284 6.430660 1.816573 0.000000 0.000000 0.000000 -2.236477 -0.213906 2.837650 0.315713 -0.065797 -0.828385 -5.039471 -14.188117 13.890969 0.000000 0.000000 0.000000 4.978157 -0.520763 5.719397 -5.526093 1.964715 -25.826134 -1.661151 0.739207 27.624153 7.806879 -5.430542 -9.805299 0.000000 0.000000 0.000000 8.366284 0.216057 0.453044 -9.505189 -15.072955 -1.264302 16.632018 -0.491113 -0.081056 0.000000 0.000000 0.000000 1.716776 -11.119487 -4.290155 10.732236 14.858526 -1.297575 -16.351329 5.864968 -0.177264 0.000000 0.000000 0.000000 
0.000297 0.966578 -0.000694 -1.331703 3.453448 -0.667975 3.506686 0.361631 7.770606 -1.482219 0.328770 -9.594479 3.073728 7.370176 2.765790 0.000000 0.000000 0.000000 -2.111805 -0.218268 2.895092 0.511311 -0.098645 -1.184091 -4.634965 -13.420211 12.893008 0.000000 0.000000 0.000000 5.854398 -0.540776 5.345019 -6.468832 2.161202 -25.866868 -1.380858 0.866532 27.226777 6.948666 -5.019480 -8.159345 0.000000 0.000000 0.000000 8.639696 0.185790 0.459801 -10.597634 -14.439149 -1.300991 15.677533 -2.163922 -0.234637 0.000000 0.000000 0.000000 2.445369 -11.897568 -4.680395 10.490399 14.172505 -1.271973 -14.791593 9.266078 -0.484461 0.000000 0.000000 0.000000 
0.000514 0.965816 -0.001535 -0.825102 2.491996 -0.994185 3.062617 0.424898 7.818463 -1.408813 0.314743 -8.301961 3.121619 7.125734 1.758875 0.000000 0.000000 0.000000 -3.119593 -0.200535 3.263989 0.836295 -0.136405 -1.351037 -3.852570 -12.016746 12.289781 0.000000 0.000000 0.000000 5.846940 -0.540710 5.468893 -6.402240 2.107109 -26.718773 -1.758112 2.628423 29.130061 8.303770 -5.923285 -8.911928 0.000000 0.000000 0.000000 8.305600 0.428346 0.433993 -11.243659 -15.661399 -1.352087 16.570239 -2.080270 -0.282693 0.000000 0.000000 0.000000 4.894090 -12.860812 -5.342589 10.966591 16.332255 -1.347466 -16.240951 8.168752 -0.392199 0.000000 0.000000 0.000000 
0.000748 0.966755 -0.002384 -0.909708 2.171342 -1.575683 3.039711 0.455374 8.147357 -1.499798 0.309699 -7.690017 3.429348 7.672982 1.566592 0.000000 0.000000 0.000000 -3.329652 -0.211349 3.510562 1.295227 -0.172314 -1.005530 -3.714564 -11.856173 12.644797 0.000000 0.000000 0.000000 6.411719 -0.583242 5.711981 -6.746986 2.193963 -26.456765 -1.832514 2.649932 29.850731 8.121559 -5.838845 -8.781040 0.000000 0.000000 0.000000 8.238206 0.257407 0.446127 -13.761562 -15.781632 -1.442812 18.640408 -3.227445 -0.469640 0.000000 0.000000 0.000000 5.729061 -12.819992 -5.423630 11.439225 17.378126 -1.334957 -15.818267 8.262657 -0.385553 0.000000 0.000000 0.000000 
0.000741 0.967380 -0.003268 -0.649672 1.995146 -1.761148 3.186845 0.443590 8.060648 -2.130158 0.330701 -7.323127 3.340883 7.557849 1.753268 0.000000 0.000000 0.000000 -3.633442 -0.201669 3.579360 1.192572 -0.156484 -0.837731 -3.487347 -11.451592 12.599953 0.000000 0.000000 0.000000 6.070203 -0.582798 5.958710 -6.072484 2.043716 -26.544804 -2.284738 3.230269 29.360942 8.319993 -5.942613 -8.654734 0.000000 0.000000 0.000000 6.912067 -0.315511 0.573079 -15.181326 -15.903857 -1.451309 19.405616 -5.573728 -0.842457 0.000000 0.000000 0.000000 6.877166 -12.057374 -5.188159 13.357560 17.075450 -1.340351 -15.794314 9.314986 -0.469376 0.000000 0.000000 0.000000 
0.000682 0.967701 -0.004055 -0.524491 1.821638 -1.752709 3.143122 0.437034 7.821451 -2.143780 0.327702 -6.926564 3.267348 7.405876 1.730191 0.000000 0.000000 0.000000 -3.989782 -0.172283 3.420669 1.270763 -0.156901 -0.579094 -3.039910 -10.616014 12.440531 0.000000 0.000000 0.000000 6.085478 -0.563944 5.759009 -6.223400 2.085406 -26.185497 -2.270451 3.075903 29.262460 8.470350 -5.750925 -10.211018 0.000000 0.000000 0.000000 5.961264 -0.349061 0.511706 -18.220702 -16.134671 -1.508305 19.999381 -7.679599 -1.145237 0.000000 0.000000 0.000000 7.427665 -12.181799 -5.323486 16.967314 18.042908 -1.246228 -16.142989 10.180510 -0.547885 0.000000 0.000000 0.000000 
0.000525 0.967201 -0.004747 -0.489313 1.558299 -1.714526 3.342159 0.412752 7.596811 -2.410449 0.340232 -6.804494 3.256662 7.430908 1.879145 0.000000 0.000000 0.000000 -3.947430 -0.148440 3.098538 1.083695 -0.134047 -0.493384 -3.005951 -10.635428 12.710441 0.000000 0.000000 0.000000 5.988612 -0.547454 5.645223 -5.731177 1.994657 -25.537759 -2.660572 3.039555 28.449729 8.448974 -5.698144 -10.317490 0.000000 0.000000 0.000000 3.640679 -0.543771 0.425014 -20.472685 -15.500426 -1.594305 20.142116 -9.752076 -1.431139 0.000000 0.000000 0.000000 9.105197 -11.682857 -5.308511 19.425440 18.109625 -1.174535 -16.633084 11.656154 -0.723936 0.000000 0.000000 0.000000 
0.000323 0.966648 -0.005304 -0.551123 1.342245 -1.505251 3.429400 0.364336 6.839006 -2.528829 0.339376 -6.032491 3.507909 7.872816 1.699799 0.000000 0.000000 0.000000 -3.900197 -0.097183 2.382600 1.142119 -0.120032 0.180734 -3.026365 -10.662495 12.533021 0.000000 0.000000 0.000000 6.233983 -0.548939 5.484556 -5.543727 1.950091 -25.414882 -2.899798 3.123645 28.504543 8.879946 -5.836675 -11.366250 0.000000 0.000000 0.000000 0.907122 -0.993600 0.391688 -23.227603 -14.998532 -1.751295 20.405573 -12.006655 -1.759053 0.000000 0.000000 0.000000 11.099312 -11.689217 -5.553442 23.080453 18.496546 -1.104077 -17.470512 13.327692 -0.926269 0.000000 0.000000 0.000000 
0.000057 0.965923 -0.005740 -0.521256 0.870283 -1.325922 3.555911 0.331215 6.303802 -2.854261 0.356479 -5.529498 3.769729 8.377786 1.647586 0.000000 0.000000 0.000000 -4.015215 -0.064279 2.062572 1.227436 -0.127458 0.204429 -2.833183 -10.315995 12.315392 0.000000 0.000000 0.000000 6.202465 -0.528462 5.267721 -5.279172 1.887302 -25.136471 -2.908753 3.374841 28.326549 8.706016 -5.447209 -12.465713 0.000000 0.000000 0.000000 -1.934600 -1.680361 0.445877 -26.103416 -14.874682 -1.850965 20.155249 -13.022820 -1.839780 0.000000 0.000000 0.000000 13.291020 -11.333233 -5.653874 26.834293 18.258405 -1.085286 -18.002350 15.345004 -1.161019 0.000000 0.000000 0.000000 
-0.000278 0.965469 -0.006013 -0.504638 0.960279 -1.123031 3.907169 0.266872 5.613890 -3.232853 0.376728 -5.232855 3.645345 8.253835 2.074371 0.000000 0.000000 0.000000 -3.960801 -0.012394 1.268071 1.119599 -0.099761 0.747251 -3.027906 -10.781061 12.923065 0.000000 0.000000 0.000000 6.187549 -0.493882 4.869821 -5.048947 1.852928 -24.367062 -3.150922 3.239449 27.891347 8.858723 -5.302374 -13.713403 0.000000 0.000000 0.000000 -4.871775 -2.206978 0.447350 -29.173241 -14.648155 -1.953699 19.881547 -14.764264 -2.015877 0.000000 0.000000 0.000000 15.775343 -10.881262 -5.751881 30.886587 17.678775 -1.116440 -18.125476 16.909842 -1.305142 0.000000 0.000000 0.000000 
-0.000621 0.964803 -0.006088 -0.529196 0.943663 -1.034019 4.084125 0.235978 5.249602 -3.242170 0.375590 -4.865967 3.533227 8.010174 1.992649 0.000000 0.000000 0.000000 -4.100038 0.010764 0.990118 1.304395 -0.114647 0.976911 -2.905738 -10.550243 12.881336 0.000000 0.000000 0.000000 6.107104 -0.499090 4.946642 -4.874404 1.814727 -24.164160 -3.091490 3.224551 27.616281 8.606381 -4.988805 -14.291167 0.000000 0.000000 0.000000 -7.734723 -2.718067 0.455929 -32.024689 -14.017486 -2.157354 18.703326 -17.212759 -2.148062 0.000000 0.000000 0.000000 18.286303 -10.406787 -5.825619 34.982194 16.703842 -1.289143 -17.365740 19.064676 -1.394245 0.000000 0.000000 0.000000 
-0.000902 0.964394 -0.005965 -0.549903 0.888113 -0.891272 4.231576 0.197830 4.696632 -3.343979 0.380167 -4.340498 3.563459 8.074614 2.012303 0.000000 0.000000 0.000000 -4.137547 0.037700 0.619819 1.339297 -0.111257 1.241776 -2.830730 -10.430648 12.944511 0.000000 0.000000 0.000000 6.165967 -0.496326 4.858986 -5.128596 1.879725 -23.945041 -2.789855 3.319368 27.635679 8.659356 -4.808517 -15.380998 0.000000 0.000000 0.000000 -10.067042 -2.856440 0.340509 -35.825976 -13.411112 -2.444398 16.738695 -20.375546 -2.164800 0.000000 0.000000 0.000000 20.489253 -10.074640 -5.916263 39.746205 15.280876 -1.655092 -16.143041 21.181606 -1.350901 0.000000 0.000000 0.000000 
-0.001148 0.964183 -0.005704 -0.538129 1.225940 -0.707682 4.406047 0.144572 3.960316 -3.586036 0.392938 -3.737054 3.517734 8.015464 2.112173 0.000000 0.000000 0.000000 -4.115329 0.054710 0.323087 1.168305 -0.089262 1.331731 -2.841796 -10.482844 13.334979 0.000000 0.000000 0.000000 6.120066 -0.497191 4.842750 -5.108636 1.879022 -23.896703 -2.617983 3.281686 27.574201 8.503748 -4.561268 -15.938711 0.000000 0.000000 0.000000 -12.647261 -3.254023 0.293005 -39.737159 -12.613627 -2.811282 14.393032 -23.269791 -1.970597 0.000000 0.000000 0.000000 22.668739 -9.756296 -5.971018 44.487517 13.346007 -2.303346 -14.776135 23.133482 -1.205301 0.000000 0.000000 0.000000 
-0.001354 0.963853 -0.005395 -0.560961 1.429237 -0.639089 4.587421 0.102859 3.362755 -3.713534 0.399793 -3.161939 3.461823 7.951588 2.265698 0.000000 0.000000 0.000000 -4.161937 0.067611 0.116830 1.214812 -0.095119 1.347021 -2.878091 -10.621751 13.869287 0.000000 0.000000 0.000000 6.227831 -0.505840 4.855972 -5.345289 1.948779 -23.608977 -2.282525 3.287515 27.581123 8.762394 -4.559921 -16.848860 0.000000 0.000000 0.000000 -14.417242 -3.213336 0.099042 -43.959374 -12.161139 -3.135929 11.228496 -24.799348 -1.375122 0.000000 0.000000 0.000000 24.201845 -9.764668 -6.146258 48.863485 11.459733 -3.050377 -12.754281 25.010440 -0.882848 0.000000 0.000000 0.000000 
-0.001596 0.963619 -0.005006 -0.653336 1.690861 -0.596084 4.751115 0.069694 2.899967 -3.704538 0.396450 -2.665804 3.395947 7.835088 2.297811 0.000000 0.000000 0.000000 -4.133488 0.058459 0.215579 1.204213 -0.103901 1.016393 -2.787729 -10.502775 14.306003 0.000000 0.000000 0.000000 6.209312 -0.509268 4.881374 -5.379274 1.961345 -23.610291 -2.109504 3.386292 27.789349 8.779161 -4.448948 -17.328532 0.000000 0.000000 0.000000 -15.542485 -3.243623 -0.034900 -47.648862 -11.226590 -3.674105 8.477465 -26.078815 -0.791825 0.000000 0.000000 0.000000 25.253876 -9.483841 -6.011528 51.865411 9.730809 -3.865002 -9.891934 25.753955 -0.314043 0.000000 0.000000 0.000000 
-0.001973 0.963135 -0.004565 -0.679426 2.186462 -0.527898 4.926400 0.043082 2.638926 -3.793239 0.399155 -2.662415 3.199887 7.507977 2.463695 0.000000 0.000000 0.000000 -4.287532 0.047255 0.362171 1.437982 -0.142815 0.659533 -2.808133 -10.533852 14.650809 0.000000 0.000000 0.000000 6.034655 -0.501682 4.865815 -5.484786 2.000002 -23.506976 -1.879592 3.145719 27.902890 9.022094 -4.572912 -17.594545 0.000000 0.000000 0.000000 -16.302744 -3.083067 -0.204508 -50.912928 -10.622889 -4.104393 6.160462 -26.255511 -0.231025 0.000000 0.000000 0.000000 25.757135 -9.543972 -6.089469 54.791723 8.259687 -4.584019 -7.215323 26.026979 0.243572 0.000000 0.000000 0.000000 
-0.002377 0.962919 -0.004111 -0.812742 2.405771 -0.583019 5.125802 0.022532 2.411172 -3.968788 0.411526 -2.403843 3.325131 7.781704 2.555183 0.000000 0.000000 0.000000 -4.138849 0.027342 0.578903 1.358796 -0.141402 0.390900 -2.732228 -10.410959 14.894520 0.000000 0.000000 0.000000 5.960772 -0.503319 4.927055 -5.572839 2.024298 -23.612008 -1.816466 2.974091 28.111116 9.142631 -4.729139 -17.337047 0.000000 0.000000 0.000000 -16.912424 -3.311299 -0.131104 -52.948062 -9.772579 -4.614824 4.548920 -26.038765 0.163181 0.000000 0.000000 0.000000 26.417515 -9.006439 -5.816611 56.397013 7.123024 -5.200816 -5.490460 25.810780 0.584907 0.000000 0.000000 0.000000 
-0.002804 0.962678 -0.003664 -1.032572 2.423111 -0.608474 5.242596 0.014280 2.330387 -3.892513 0.405080 -2.283884 3.552267 8.207802 2.512053 0.000000 0.000000 0.000000 -4.065301 0.011748 0.782254 1.608182 -0.177534 0.096263 -2.591327 -10.174031 14.980100 0.000000 0.000000 0.000000 5.975057 -0.509314 4.980793 -5.787459 2.078241 -23.566999 -1.575989 2.968039 28.324289 9.194918 -4.782334 -17.296811 0.000000 0.000000 0.000000 -17.208368 -3.581338 -0.013911 -54.627656 -8.967579 -5.110447 3.688302 -25.570748 0.370686 0.000000 0.000000 0.000000 26.738467 -8.998312 -5.841054 57.878657 6.469556 -5.591916 -4.080235 26.216954 0.901611 0.000000 0.000000 0.000000 
-0.003081 0.962715 -0.003171 -1.187684 2.247787 -0.636062 5.467594 0.008715 2.339831 -3.983863 0.414200 -2.257270 3.652876 8.431509 2.617093 0.000000 0.000000 0.000000 -4.002525 0.008740 0.827992 1.638631 -0.186013 -0.135082 -2.315094 -9.799153 15.443629 0.000000 0.000000 0.000000 5.970849 -0.507033 4.963451 -5.885539 2.101623 -23.437725 -1.527794 2.948554 28.402766 9.323888 -4.889927 -17.354679 0.000000 0.000000 0.000000 -17.361975 -3.685509 0.064133 -55.476251 -7.962940 -5.653615 3.175718 -25.288161 0.495895 0.000000 0.000000 0.000000 26.958289 -8.730838 -5.734148 58.187756 6.277704 -5.709107 -3.625001 26.680492 1.011966 0.000000 0.000000 0.000000 
-0.003248 0.962476 -0.002645 -1.244740 2.132221 -0.611862 5.652133 0.002513 2.320385 -4.080387 0.423201 -2.375710 3.628132 8.454300 2.860193 0.000000 0.000000 0.000000 -4.224397 0.015969 0.815218 1.936185 -0.221334 -0.266757 -2.001552 -9.319573 15.707169 0.000000 0.000000 0.000000 5.737154 -0.496344 4.976235 -5.827627 2.086069 -23.387962 -1.434726 2.976927 28.392483 9.206906 -4.905870 -16.860579 0.000000 0.000000 0.000000 -17.507301 -3.905550 0.175697 -56.020783 -7.317110 -5.989314 3.046867 -24.877020 0.520029 0.000000 0.000000 0.000000 27.059711 -8.595124 -5.678227 58.242138 6.071192 -5.800216 -3.284439 27.334258 1.113410 0.000000 0.000000 0.000000 
-0.003284 0.962336 -0.002045 -1.250238 2.164166 -0.655130 5.766548 0.003970 2.475216 -4.218642 0.433783 -2.495341 3.568782 8.331767 2.832158 0.000000 0.000000 0.000000 -4.298033 0.019640 0.771777 1.938805 -0.221046 -0.233049 -1.875889 -9.174325 16.090834 0.000000 0.000000 0.000000 5.581628 -0.485033 4.949137 -5.798589 2.083331 -23.287941 -1.550346 2.792380 28.293587 9.099679 -5.030482 -15.952962 0.000000 0.000000 0.000000 -17.850978 -3.994416 0.230731 -55.911319 -7.020444 -6.100647 3.063812 -24.502257 0.512961 0.000000 0.000000 0.000000 27.176586 -8.296538 -5.556660 58.039144 5.937725 -5.837882 -2.970335 27.918784 1.194698 0.000000 0.000000 0.000000 
-0.003289 0.962146 -0.001524 -1.277307 2.150201 -0.651359 5.789663 0.007899 2.601151 -4.253491 0.436132 -2.652762 3.616669 8.412590 2.795234 0.000000 0.000000 0.000000 -4.418176 0.032290 0.616970 2.058836 -0.227524 0.087150 -1.687790 -8.834815 16.024278 0.000000 0.000000 0.000000 5.537635 -0.481956 4.939296 -5.859268 2.096209 -23.333110 -1.575228 2.799658 28.361561 9.011790 -5.190702 -14.852964 0.000000 0.000000 0.000000 -18.113241 -4.362567 0.404659 -55.723123 -6.716978 -6.217152 2.835509 -24.413847 0.554330 0.000000 0.000000 0.000000 27.294836 -8.107924 -5.443735 57.765402 5.757846 -5.922327 -2.456894 28.720821 1.354248 0.000000 0.000000 0.000000 
-0.003313 0.962018 -0.001124 -1.291881 2.204899 -0.665017 5.872962 0.003329 2.587647 -4.273514 0.437598 -2.553108 3.523747 8.209364 2.709768 0.000000 0.000000 0.000000 -4.502975 0.040536 0.501053 2.113173 -0.230031 0.280290 -1.563684 -8.646033 16.192523 0.000000 0.000000 0.000000 5.574793 -0.474568 4.838902 -5.933715 2.127852 -22.999487 -1.638329 2.721481 28.027893 8.862728 -5.160727 -14.395229 0.000000 0.000000 0.000000 -18.271715 -4.589576 0.507514 -55.449539 -6.738671 -6.132041 2.798528 -24.377435 0.551856 0.000000 0.000000 0.000000 27.439231 -7.988348 -5.407698 57.535937 5.725549 -5.889271 -2.417393 29.157849 1.378660 0.000000 0.000000 0.000000 
-0.003453 0.961979 -0.000834 -1.343595 1.985916 -0.762875 5.834961 0.014390 2.717424 -4.085562 0.424800 -2.510974 3.594318 8.342479 2.705749 0.000000 0.000000 0.000000 -4.467909 0.050315 0.358306 2.080556 -0.218675 0.603337 -1.411946 -8.435173 16.279394 0.000000 0.000000 0.000000 5.600336 -0.492834 5.048199 -5.897344 2.119414 -22.886054 -1.723120 2.852472 27.928003 8.666168 -5.216716 -13.316363 0.000000 0.000000 0.000000 -18.546053 -4.903684 0.649689 -54.945921 -6.729699 -6.060624 2.492220 -24.393399 0.605944 0.000000 0.000000 0.000000 27.646956 -7.724631 -5.263966 57.028413 5.506776 -5.960047 -1.892212 29.651542 1.517116 0.000000 0.000000 0.000000 
-0.003789 0.961906 -0.000467 -1.334068 1.935200 -0.773047 5.801148 0.018979 2.778241 -3.940308 0.413454 -2.418022 3.541942 8.187546 2.523981 0.000000 0.000000 0.000000 -4.598332 0.064628 0.172936 2.208036 -0.230661 0.740901 -1.286473 -8.326083 16.722709 0.000000 0.000000 0.000000 5.566611 -0.490435 5.045843 -5.842194 2.117229 -22.544029 -1.833296 2.900018 27.687974 8.451536 -5.186388 -12.557477 0.000000 0.000000 0.000000 -18.823305 -5.270282 0.809336 -54.455994 -6.963739 -5.864876 2.280701 -24.338123 0.635384 0.000000 0.000000 0.000000 27.876327 -7.606794 -5.216864 56.590769 5.312344 -6.006857 -1.517483 29.627613 1.588651 0.000000 0.000000 0.000000 
-0.004294 0.961840 0.000048 -1.332449 1.782940 -0.784649 5.808027 0.018953 2.715363 -3.751344 0.398951 -2.272236 3.480127 8.096855 2.626117 0.000000 0.000000 0.000000 -4.556120 0.087985 -0.190784 2.110291 -0.209753 1.172174 -1.219475 -8.321779 17.104905 0.000000 0.000000 0.000000 5.570960 -0.504682 5.205392 -5.879247 2.126355 -22.473095 -1.933418 3.012299 27.612296 8.162838 -5.180461 -11.403719 0.000000 0.000000 0.000000 -19.042135 -5.568790 0.948429 -53.968571 -6.839458 -5.855876 2.032360 -24.570341 0.685996 0.000000 0.000000 0.000000 28.117668 -7.375655 -5.087975 56.154893 4.975343 -6.138076 -1.256988 29.714366 1.643407 0.000000 0.000000 0.000000 
-0.004887 0.961564 0.000662 -1.352369 1.750661 -0.804617 5.842228 0.012444 2.557346 -3.639948 0.389236 -1.973971 3.482950 8.099531 2.617367 0.000000 0.000000 0.000000 -4.514128 0.096880 -0.341542 2.087350 -0.201929 1.415374 -1.187401 -8.298096 17.219750 0.000000 0.000000 0.000000 5.662367 -0.524939 5.376034 -5.940059 2.145330 -22.359623 -1.963583 3.090599 27.577514 8.096091 -5.130657 -11.326016 0.000000 0.000000 0.000000 -18.997078 -5.792530 1.053011 -53.728251 -6.867722 -5.810045 1.772758 -24.695180 0.735968 0.000000 0.000000 0.000000 28.160860 -7.406938 -5.094919 55.970432 4.332320 -6.417478 -0.994871 29.618212 1.695031 0.000000 0.000000 0.000000 
-0.005458 0.961355 0.001322 -1.431730 1.496935 -0.795779 5.777205 0.012610 2.401294 -3.367823 0.364759 -1.441008 3.656570 8.331376 2.264807 0.000000 0.000000 0.000000 -4.451534 0.119285 -0.669720 2.084241 -0.191701 1.835435 -1.005460 -8.066276 17.377094 0.000000 0.000000 0.000000 5.785973 -0.580118 5.897284 -6.075264 2.169394 -22.516641 -1.993768 3.265481 27.674144 8.155354 -5.202372 -11.203898 0.000000 0.000000 0.000000 -19.012400 -5.909079 1.117848 -53.387095 -6.859168 -5.791904 1.625903 -25.004665 0.775114 0.000000 0.000000 0.000000 28.327249 -7.345127 -5.064712 55.751000 3.772450 -6.673116 -0.915437 29.458128 1.697124 0.000000 0.000000 0.000000 
-0.005936 0.960899 0.002099 -1.459480 1.308881 -0.699639 5.709635 0.002490 2.037194 -3.196697 0.347021 -0.937999 3.845159 8.671790 2.170274 0.000000 0.000000 0.000000 -4.504937 0.145108 -1.031784 2.222934 -0.203747 2.065173 -0.948176 -8.088001 17.747456 0.000000 0.000000 0.000000 5.801794 -0.616923 6.266038 -6.174700 2.196636 -22.327729 -1.957605 3.312285 27.662464 8.030568 -5.060566 -11.433137 0.000000 0.000000 0.000000 -19.042155 -5.983876 1.177740 -53.341536 -6.774243 -5.824717 1.635617 -25.382959 0.790025 0.000000 0.000000 0.000000 28.451852 -7.245330 -5.041866 55.575117 3.193690 -6.914489 -1.022977 29.181756 1.637225 0.000000 0.000000 0.000000 
-0.006266 0.960569 0.003234 -1.456477 1.143000 -0.570322 5.711332 -0.005638 1.805749 -3.113622 0.338176 -0.668851 3.894219 8.760036 2.140759 0.000000 0.000000 0.000000 -4.526688 0.163655 -1.280988 2.112611 -0.183373 2.321500 -0.659646 -7.606781 17.657977 0.000000 0.000000 0.000000 5.760797 -0.642546 6.548226 -6.200608 2.199480 -22.284417 -1.970676 3.361259 27.839866 7.976804 -4.977830 -11.680230 0.000000 0.000000 0.000000 -18.966916 -5.991297 1.212806 -53.492157 -6.614843 -5.934776 1.647813 -25.632580 0.804822 0.000000 0.000000 0.000000 28.609777 -6.985133 -4.899295 55.358175 2.742969 -7.118618 -1.161267 28.911840 1.574598 0.000000 0.000000 0.000000 
-0.006369 0.960225 0.005070 -1.482875 1.028406 -0.416323 5.656301 -0.023143 1.333408 -2.960019 0.317697 0.005670 4.032363 8.994549 2.008841 0.000000 0.000000 0.000000 -4.425655 0.187059 -1.624023 2.002112 -0.158551 2.777900 -0.687580 -7.636760 17.515974 0.000000 0.000000 0.000000 5.837254 -0.682003 6.887218 -6.379437 2.242029 -22.257418 -1.944338 3.314334 28.015037 8.084875 -5.060077 -11.817394 0.000000 0.000000 0.000000 -18.952982 -5.934776 1.226171 -53.768833 -6.362349 -6.101078 1.788065 -26.017578 0.802204 0.000000 0.000000 0.000000 28.519271 -7.031010 -4.965568 55.423602 2.231161 -7.352753 -1.107426 29.046582 1.590126 0.000000 0.000000 0.000000 
-0.006156 0.959746 0.007908 -1.492105 0.863195 -0.417243 5.603570 -0.029762 1.083175 -2.940024 0.309874 0.783459 4.239527 9.317489 1.692722 0.000000 0.000000 0.000000 -4.449422 0.201192 -1.825079 1.938557 -0.135872 3.384070 -0.542041 -7.373306 17.337086 0.000000 0.000000 0.000000 5.918153 -0.756866 7.625810 -6.630065 2.291667 -22.545826 -1.801881 3.289802 28.329347 8.327576 -5.101626 -12.747623 0.000000 0.000000 0.000000 -18.917674 -5.748078 1.181569 -53.752062 -6.211764 -6.219974 1.676235 -26.553460 0.862703 0.000000 0.000000 0.000000 28.523319 -7.052782 -5.028179 55.027043 1.713305 -7.566083 -1.013121 29.435294 1.627757 0.000000 0.000000 0.000000 
-0.005539 0.959189 0.011808 -1.487910 0.537116 -0.344778 5.438007 -0.038087 0.712365 -2.910978 0.300669 1.710097 4.630183 10.028459 1.440195 0.000000 0.000000 0.000000 -4.472020 0.216826 -2.014338 1.773469 -0.096931 3.977239 -0.301951 -6.921620 16.963431 0.000000 0.000000 0.000000 5.959308 -0.818188 8.242033 -6.713671 2.292032 -22.861124 -1.793752 3.580436 28.623989 8.427253 -5.024178 -13.517501 0.000000 0.000000 0.000000 -18.807376 -5.715939 1.168356 -53.975911 -5.853776 -6.442203 1.558642 -27.279150 0.924727 0.000000 0.000000 0.000000 28.482253 -7.214933 -5.101506 54.783517 1.219445 -7.791097 -0.376122 30.053961 1.834075 0.000000 0.000000 0.000000 
-0.004488 0.958442 0.016718 -1.542090 0.320598 -0.313953 5.292988 -0.049525 0.337176 -2.851939 0.283543 2.933358 4.993147 10.619593 0.869667 0.000000 0.000000 0.000000 -4.595795 0.226711 -2.132298 1.730643 -0.074371 4.597145 0.077190 -6.255584 16.781016 0.000000 0.000000 0.000000 6.086062 -0.859868 8.577461 -6.821511 2.318027 -22.795765 -1.750355 3.438266 28.868793 8.379386 -4.934682 -14.035527 0.000000 0.000000 0.000000 -18.804437 -5.753427 1.276278 -54.115535 -5.528518 -6.643311 1.237243 -27.644586 1.039097 0.000000 0.000000 0.000000 28.405284 -6.979862 -5.029732 54.685991 1.025209 -7.869450 -0.514916 30.639348 1.828570 0.000000 0.000000 0.000000 
-0.003050 0.957988 0.022502 -1.524231 0.156734 -0.326623 5.070062 -0.055546 0.087626 -2.824870 0.271104 4.005652 5.318635 11.198945 0.522568 0.000000 0.000000 0.000000 -4.654201 0.242694 -2.372123 1.671560 -0.038674 5.630702 -0.002736 -6.359843 16.559367 0.000000 0.000000 0.000000 6.283996 -0.920060 9.040986 -6.947062 2.344134 -22.857719 -1.824668 3.615841 28.988572 8.553059 -5.023305 -14.251375 0.000000 0.000000 0.000000 -18.536782 -5.905033 1.362829 -54.459476 -5.261327 -6.825252 1.268441 -28.040536 1.052310 0.000000 0.000000 0.000000 28.206844 -7.105036 -5.065323 54.542324 0.647436 -8.029002 -0.051470 31.272522 1.999916 0.000000 0.000000 0.000000 
-0.001490 0.956913 0.028882 -1.468786 0.180719 -0.697488 4.901991 -0.067731 -0.289107 -2.967844 0.271902 6.348341 5.585064 11.487971 -0.658156 0.000000 0.000000 0.000000 -4.645600 0.250399 -2.571144 1.520310 0.026631 7.228989 -0.380089 -7.007024 16.541833 0.000000 0.000000 0.000000 6.310610 -1.006101 9.972723 -6.865416 2.317361 -23.145432 -1.827769 3.628715 29.685590 8.720132 -5.017892 -15.077085 0.000000 0.000000 0.000000 -18.448641 -5.912961 1.397273 -54.382881 -5.047318 -7.008363 1.066921 -28.485030 1.134933 0.000000 0.000000 0.000000 28.072763 -7.262088 -5.119774 54.341115 0.491607 -8.155952 0.208911 32.539118 2.199916 0.000000 0.000000 0.000000 
-0.000201 0.955218 0.035476 -1.677942 0.032182 -1.071532 5.006149 -0.080680 -0.666189 -3.026957 0.265795 8.608707 5.918439 11.980631 -1.656875 0.000000 0.000000 0.000000 -4.535409 0.281391 -3.116225 1.521022 0.085686 9.396150 -0.394523 -7.071084 16.597558 0.000000 0.000000 0.000000 6.577766 -1.132047 11.058628 -6.556542 2.243275 -23.071876 -1.964190 4.073465 29.832453 8.951422 -4.983112 -15.925454 0.000000 0.000000 0.000000 -18.162869 -6.156820 1.460449 -54.208524 -4.909380 -7.074686 0.632926 -28.756570 1.232774 0.000000 0.000000 0.000000 28.035801 -7.301036 -5.001298 53.832365 0.663263 -8.079169 0.335801 33.305867 2.329950 0.000000 0.000000 0.000000 
0.000605 0.952398 0.041997 -1.744558 -0.168206 -1.709284 5.209677 -0.101833 -1.328773 -3.539212 0.355050 11.862559 6.347145 12.675885 -2.822367 0.000000 0.000000 0.000000 -4.578793 0.329432 -3.991791 1.859013 0.109434 12.893299 -0.869293 -7.722780 15.816152 0.000000 0.000000 0.000000 6.802573 -1.286176 12.493949 -6.512108 2.234754 -23.069422 -2.065826 4.085581 30.203990 9.013386 -4.983272 -16.353924 0.000000 0.000000 0.000000 -17.952636 -6.153740 1.515901 -53.971998 -4.635270 -7.236563 0.560533 -29.632565 1.309597 0.000000 0.000000 0.000000 27.907944 -7.190919 -4.922692 53.503711 0.520211 -8.152217 0.931994 34.906458 2.655099 0.000000 0.000000 0.000000 
0.000778 0.948666 0.048338 -1.819267 -0.311001 -2.215174 5.469256 -0.120676 -1.970988 -4.185151 0.507784 14.961849 6.826081 13.475702 -4.237595 0.000000 0.000000 0.000000 -4.703110 0.398092 -5.242661 2.357446 0.083167 16.778895 -1.248126 -8.242007 15.160844 0.000000 0.000000 0.000000 6.770078 -1.402138 13.796514 -6.262092 2.174931 -23.109371 -2.107923 4.360319 30.440290 8.911071 -4.925594 -16.153115 0.000000 0.000000 0.000000 -17.704283 -5.910047 1.361096 -53.525995 -4.589732 -7.231899 -0.420605 -29.642925 1.545062 0.000000 0.000000 0.000000 27.626726 -7.360565 -4.926374 53.351084 0.319666 -8.250890 1.719834 35.791390 3.001648 0.000000 0.000000 0.000000 
0.000317 0.942194 0.054213 -1.957301 -0.390071 -2.782402 5.970890 -0.158368 -3.302665 -5.174781 0.805613 19.272374 7.486084 14.684265 -5.985000 0.000000 0.000000 0.000000 -4.627486 0.485469 -6.735439 2.730030 0.069699 21.206953 -1.781462 -8.949961 14.153824 0.000000 0.000000 0.000000 6.894504 -1.593098 15.617779 -6.227416 2.180764 -22.799622 -2.123097 4.595065 30.652600 8.783787 -4.881292 -15.777176 0.000000 0.000000 0.000000 -17.777638 -5.762308 1.236871 -53.057340 -4.577749 -7.198134 -0.373562 -30.223230 1.553727 0.000000 0.000000 0.000000 27.758729 -7.482982 -4.933151 53.229855 0.317568 -8.288493 2.363313 36.883689 3.360100 0.000000 0.000000 0.000000 
-0.000882 0.932991 0.059202 -1.923406 -0.332272 -3.373061 6.682423 -0.196733 -5.249232 -6.405511 1.271026 24.328333 7.930935 15.479616 -7.565830 0.000000 0.000000 0.000000 -4.676490 0.580365 -8.459589 3.008290 0.061860 26.097515 -2.294132 -9.547679 12.776035 0.000000 0.000000 0.000000 6.996896 -1.773007 17.316172 -6.474723 2.269816 -22.409772 -2.031690 5.020317 30.808081 9.153996 -5.187196 -15.388270 0.000000 0.000000 0.000000 -17.975471 -6.137767 1.313297 -52.556281 -5.072516 -6.937355 -0.075913 -29.982761 1.427163 0.000000 0.000000 0.000000 27.895354 -7.595596 -4.837088 53.375253 0.190303 -8.437503 2.906045 37.689242 3.701385 0.000000 0.000000 0.000000 
-0.002738 0.921758 0.063163 -1.792039 -0.385369 -3.879426 7.356345 -0.223972 -7.674302 -7.734008 1.927567 29.968036 8.460921 16.579151 -8.977207 0.000000 0.000000 0.000000 -4.677181 0.705903 -10.616319 3.266720 0.055439 31.396126 -3.066796 -10.708071 11.521170 0.000000 0.000000 0.000000 6.712411 -1.948497 19.581881 -6.517297 2.292254 -22.269484 -1.798932 5.541985 31.078268 9.575458 -5.425569 -15.542690 0.000000 0.000000 0.000000 -18.167377 -5.913566 1.071078 -52.095195 -5.486644 -6.724195 -0.015183 -30.475554 1.408043 0.000000 0.000000 0.000000 28.597685 -7.996660 -4.992935 52.750225 0.249780 -8.436665 3.568361 38.268279 4.050295 0.000000 0.000000 0.000000 
-0.005318 0.912171 0.066490 -1.750170 -0.185098 -3.906479 8.022313 -0.232439 -9.917655 -8.644094 2.440245 34.004051 8.820442 17.354594 -9.673405 0.000000 0.000000 0.000000 -4.653169 0.803046 -12.250669 3.362055 0.039943 35.197790 -3.175472 -10.498602 9.657263 0.000000 0.000000 0.000000 6.546556 -2.097883 21.258601 -6.540287 2.321505 -21.841965 -1.951342 5.860656 31.086390 10.073847 -5.995597 -14.508427 0.000000 0.000000 0.000000 -18.848106 -6.007544 0.968481 -51.403825 -5.730390 -6.522575 1.059488 -30.328167 1.082934 0.000000 0.000000 0.000000 29.400916 -7.582857 -4.631955 52.495559 0.753040 -8.288054 3.454569 37.721124 3.963825 0.000000 0.000000 0.000000 
-0.008399 0.905395 0.069299 -1.672577 -0.295198 -3.526100 8.647640 -0.220002 -12.230052 -9.612408 3.082672 37.459030 9.187494 18.282955 -9.649428 0.000000 0.000000 0.000000 -4.515208 0.921398 -13.856061 3.534151 0.017171 38.100022 -3.513078 -10.803367 7.909459 0.000000 0.000000 0.000000 6.322485 -2.200060 22.680942 -6.949080 2.438850 -21.515524 -1.696271 6.465119 31.128488 10.437367 -6.468146 -13.381623 0.000000 0.000000 0.000000 -19.076052 -5.863484 0.735422 -50.873035 -5.403613 -6.558039 0.931798 -30.899361 1.093929 0.000000 0.000000 0.000000 29.820445 -8.012060 -4.779656 52.397773 0.918769 -8.274559 4.173536 38.254338 4.341193 0.000000 0.000000 0.000000 
-0.011480 0.902438 0.071331 -1.758614 -0.049117 -2.699710 8.972385 -0.237444 -14.370711 -9.764504 3.241359 39.509794 9.402161 18.817859 -9.096402 0.000000 0.000000 0.000000 -4.294352 1.022058 -15.036551 3.477186 0.004191 39.052112 -3.357505 -10.325935 7.252022 0.000000 0.000000 0.000000 6.135830 -2.323579 23.993012 -6.942491 2.424487 -21.653762 -1.915930 6.930254 31.091272 11.010013 -6.897340 -13.187486 0.000000 0.000000 0.000000 -19.072551 -5.551904 0.418075 -50.766295 -4.430917 -6.916927 0.688376 -31.407658 1.136541 0.000000 0.000000 0.000000 30.419557 -8.310873 -4.843956 52.318395 0.847879 -8.359080 5.181386 38.925917 4.846022 0.000000 0.000000 0.000000 
-0.013894 0.900475 0.071919 -1.835324 0.271174 -1.827725 8.870865 -0.309589 -16.580219 -9.599907 3.213389 41.349498 9.839252 19.869184 -8.241031 0.000000 0.000000 0.000000 -4.038885 1.146739 -16.505985 3.569461 -0.096351 40.218213 -3.569162 -10.718085 7.127464 0.000000 0.000000 0.000000 5.773621 -2.435780 25.563503 -6.912307 2.400158 -21.873068 -1.668578 7.538758 31.406117 11.567073 -7.280615 -13.049511 0.000000 0.000000 0.000000 -18.928192 -5.295003 0.095749 -50.816273 -3.492232 -7.289779 0.397982 -32.301650 1.195333 0.000000 0.000000 0.000000 30.369955 -9.175619 -5.156570 52.449829 1.056785 -8.372016 6.630608 39.927815 5.649952 0.000000 0.000000 0.000000 
-0.015574 0.898135 0.070798 -1.988850 0.228509 -0.671980 9.011472 -0.340480 -18.970178 -9.520686 3.302627 43.036288 10.082096 20.480253 -7.684626 0.000000 0.000000 0.000000 -3.842417 1.306682 -18.365696 3.524525 -0.063134 41.356942 -3.300788 -10.036307 6.530875 0.000000 0.000000 0.000000 5.456563 -2.526577 27.087207 -6.804506 2.357370 -21.822750 -1.772345 7.964416 31.119313 11.701666 -7.302075 -13.028322 0.000000 0.000000 0.000000 -18.910257 -4.680804 -0.344099 -50.931152 -3.086205 -7.412599 0.684667 -32.494327 1.086092 0.000000 0.000000 0.000000 29.988288 -9.141990 -4.989353 52.543303 1.285734 -8.247893 7.559978 41.089224 6.233481 0.000000 0.000000 0.000000 
-0.016588 0.893623 0.068151 -1.884160 0.614363 0.390817 8.775033 -0.464982 -21.944163 -9.458454 3.337687 45.389615 10.447795 21.311886 -6.932133 0.000000 0.000000 0.000000 -4.042081 1.424442 -20.738653 3.823448 -0.292813 42.948768 -6.238561 -15.121941 -2.987507 0.000000 0.000000 0.000000 5.254027 -2.706494 29.015467 -7.248943 2.437214 -22.422416 -1.367827 8.272699 31.271819 12.469983 -7.733703 -13.483171 0.000000 0.000000 0.000000 -19.151682 -5.053537 -0.311053 -50.924043 -2.532864 -7.598289 1.032188 -33.229405 0.968257 0.000000 0.000000 0.000000 29.644099 -9.640619 -5.130000 52.404186 1.399712 -8.213063 8.636921 42.563785 7.024685 0.000000 0.000000 0.000000 
-0.017622 0.887787 0.065073 -1.888549 0.619195 1.390697 8.741733 -0.528779 -24.353065 -9.464548 3.455898 46.950076 10.927623 22.412521 -6.626082 0.000000 0.000000 0.000000 -4.317596 1.514721 -22.809361 4.195659 -0.495312 44.270403 -6.467166 -15.429873 -5.521806 0.000000 0.000000 0.000000 4.843397 -2.738838 30.389363 -7.084858 2.395444 -22.055661 -1.573414 8.578956 30.664607 12.998191 -8.030020 -13.699488 0.000000 0.000000 0.000000 -19.387621 -5.373994 -0.267208 -50.459679 -2.087822 -7.609068 2.361494 -33.536644 0.535586 0.000000 0.000000 0.000000 29.906557 -9.248235 -4.826193 51.283656 1.813594 -7.888547 8.674409 43.477554 7.160421 0.000000 0.000000 0.000000 
-0.018930 0.882786 0.062440 -1.914898 0.680529 2.386681 8.906976 -0.553786 -26.757549 -9.623966 3.654927 48.518701 11.289838 23.215522 -6.097040 0.000000 0.000000 0.000000 -4.591528 1.592264 -24.868526 4.532528 -0.701414 45.491292 -6.447515 -15.366085 -5.778244 0.000000 0.000000 0.000000 4.872963 -2.906039 31.837738 -7.512628 2.459124 -22.711722 -1.439587 8.589328 30.886010 13.369806 -8.177602 -14.261551 0.000000 0.000000 0.000000 -19.727601 -5.848684 -0.042284 -50.236666 -1.801233 -7.699252 3.325549 -34.071347 0.257331 0.000000 0.000000 0.000000 30.006033 -9.014509 -4.685029 50.670254 2.003593 -7.764516 8.576182 44.535529 7.298792 0.000000 0.000000 0.000000 
-0.020669 0.880361 0.060761 -1.900916 0.607268 2.926289 9.251408 -0.492517 -27.681660 -10.018499 3.901014 48.213617 11.744341 24.161037 -5.271508 0.000000 0.000000 0.000000 -4.660950 1.635182 -25.686384 4.653512 -0.752868 45.499152 -6.477256 -15.412976 -6.114041 0.000000 0.000000 0.000000 4.581479 -2.901058 32.741060 -7.428096 2.435486 -22.543211 -1.408499 8.382543 30.540222 13.005894 -7.815399 -14.545368 0.000000 0.000000 0.000000 -19.671785 -5.588430 -0.121079 -50.391771 -1.486403 -7.825232 3.930515 -34.714800 0.090222 0.000000 0.000000 0.000000 29.794163 -9.021685 -4.804703 50.262285 1.785878 -7.713375 8.628071 45.585939 7.462854 0.000000 0.000000 0.000000 
-0.022704 0.880811 0.059797 -1.827420 0.586023 3.390865 9.455905 -0.454291 -27.943063 -10.164939 3.931615 47.144549 11.954336 24.555676 -4.513762 0.000000 0.000000 0.000000 -4.862942 1.620313 -26.042072 4.840517 -0.841469 44.565390 -6.451598 -15.418937 -5.596207 0.000000 0.000000 0.000000 4.647299 -3.004511 33.586897 -7.649010 2.464351 -22.915555 -1.346341 7.726448 30.617684 12.877510 -7.635685 -15.239840 0.000000 0.000000 0.000000 -19.838493 -5.751852 0.152913 -50.583690 -1.094284 -8.066736 4.118621 -35.680585 0.107988 0.000000 0.000000 0.000000 29.831896 -8.950894 -5.028680 49.951157 1.412176 -7.763718 8.816554 46.138040 7.533560 0.000000 0.000000 0.000000 
-0.024867 0.883552 0.058906 -1.768030 0.355974 3.898136 9.815471 -0.356291 -27.566955 -10.390387 3.989294 45.165450 11.933588 24.497867 -4.029112 0.000000 0.000000 0.000000 -5.037878 1.615848 -26.223701 5.093937 -0.909498 43.050542 -6.412638 -15.448467 -4.542459 0.000000 0.000000 0.000000 4.578552 -3.009158 34.084152 -7.376721 2.371123 -23.219967 -1.414226 7.321756 30.545798 12.707292 -7.360179 -16.003682 0.000000 0.000000 0.000000 -19.848355 -5.468356 0.142043 -50.783303 -0.471684 -8.363361 4.180648 -37.008664 0.142927 0.000000 0.000000 0.000000 29.783344 -9.128056 -5.363548 49.997636 0.574168 -8.016374 8.928723 46.904371 7.664639 0.000000 0.000000 0.000000 
-0.026967 0.888699 0.057360 -1.626356 0.152411 4.665504 9.951844 -0.318531 -27.415299 -10.406958 3.917513 43.158610 11.719509 24.026795 -3.247577 0.000000 0.000000 0.000000 -5.359757 1.577008 -26.306686 5.597556 -1.100569 41.071760 -6.400656 -15.552388 -3.561838 0.000000 0.000000 0.000000 4.648065 -3.022714 34.143852 -7.515847 2.387377 -23.274878 -1.419814 6.584114 30.356911 12.488650 -7.109512 -16.740911 0.000000 0.000000 0.000000 -19.383093 -5.439794 0.409202 -51.373860 -0.030470 -8.686763 4.303935 -38.315280 0.199688 0.000000 0.000000 0.000000 29.682999 -9.183169 -5.737978 50.141739 -0.120978 -8.181576 8.865270 47.233174 7.567256 0.000000 0.000000 0.000000 
-0.028865 0.895561 0.054658 -1.483988 0.018215 5.280567 9.915100 -0.323680 -27.032315 -10.184068 3.660735 40.659578 11.546068 23.592234 -1.777606 0.000000 0.000000 0.000000 -5.650305 1.522199 -26.064629 6.071068 -1.263471 38.582046 -6.407160 -15.762390 -2.028554 0.000000 0.000000 0.000000 4.727643 -3.066818 34.426759 -7.369505 2.315957 -23.829430 -1.435126 6.208659 30.764557 12.356533 -6.875934 -17.567811 0.000000 0.000000 0.000000 -19.103594 -5.288649 0.489178 -51.721054 -0.223124 -8.733419 4.238212 -39.997540 0.304714 0.000000 0.000000 0.000000 29.645828 -9.437150 -6.079320 50.478534 -0.545947 -8.372819 8.443884 48.004128 7.513457 0.000000 0.000000 0.000000 
-0.030584 0.902970 0.050743 -1.478993 0.066073 6.235985 10.029053 -0.318869 -27.031462 -9.886542 3.338623 38.038322 11.177211 22.808690 -0.272773 0.000000 0.000000 0.000000 -5.793608 1.501169 -26.056613 6.456854 -1.392029 35.788528 -6.380229 -15.912325 -0.273087 0.000000 0.000000 0.000000 4.813320 -3.124719 34.510868 -7.203430 2.256024 -23.970251 -1.288738 5.706295 30.603653 12.154750 -6.681814 -17.979365 0.000000 0.000000 0.000000 -19.130777 -5.830817 0.913315 -52.079006 -0.382851 -8.728468 4.701883 -41.224706 0.205536 0.000000 0.000000 0.000000 29.834891 -9.195033 -6.144433 50.379642 -0.628561 -8.324413 6.917417 48.022523 6.743872 0.000000 0.000000 0.000000 
-0.032149 0.910017 0.046136 -1.476035 -0.155170 7.140154 10.340799 -0.247031 -26.920784 -10.012854 3.271107 35.435319 10.904572 22.251265 1.124409 0.000000 0.000000 0.000000 -5.802384 1.529168 -26.137289 6.683645 -1.393857 33.033551 -6.413458 -16.211735 1.669815 0.000000 0.000000 0.000000 4.977193 -3.205687 34.900555 -7.182801 2.211493 -24.480747 -1.187444 5.285800 30.679130 12.042944 -6.520693 -18.658767 0.000000 0.000000 0.000000 -19.238161 -5.845294 1.065117 -51.973882 -0.469800 -8.692038 4.691268 -43.024539 0.287803 0.000000 0.000000 0.000000 30.039990 -8.971136 -6.235699 50.065175 -0.685719 -8.259047 6.139660 48.641678 6.404915 0.000000 0.000000 0.000000 
-0.033542 0.915378 0.041376 -1.422590 -0.070355 8.064116 10.491797 -0.237513 -27.358735 -9.748008 3.017452 33.447548 10.436516 21.356324 2.818173 0.000000 0.000000 0.000000 -5.856600 1.523662 -26.156023 6.900519 -1.430853 30.541520 -6.507973 -16.545292 2.777248 0.000000 0.000000 0.000000 4.869577 -3.219159 35.196828 -6.737096 2.102844 -24.435617 -1.286350 5.217996 30.491636 12.080835 -6.320533 -19.487302 0.000000 0.000000 0.000000 -18.968671 -6.384497 1.378144 -52.453880 -0.837355 -8.582374 5.466320 -44.447235 -0.004307 0.000000 0.000000 0.000000 30.034805 -8.849252 -6.184214 50.321289 -0.484364 -8.168053 5.324337 48.884869 6.080217 0.000000 0.000000 0.000000 
-0.034652 0.919202 0.036693 -1.377920 0.025515 8.396286 10.526623 -0.245330 -27.328763 -9.654799 2.890739 32.264221 10.106707 20.757566 3.335797 0.000000 0.000000 0.000000 -5.958921 1.494882 -26.037219 7.052398 -1.456017 28.899880 -6.464974 -16.549743 3.933202 0.000000 0.000000 0.000000 4.992062 -3.305394 35.482933 -6.687790 2.101455 -24.130697 -1.380923 4.946656 30.278432 12.268452 -6.411423 -19.746611 0.000000 0.000000 0.000000 -18.789889 -6.657170 1.589475 -52.469353 -1.252434 -8.388358 5.465188 -45.519216 0.019237 0.000000 0.000000 0.000000 30.088416 -8.432900 -5.989010 50.740745 -0.007479 -7.995126 4.168023 48.672706 5.519101 0.000000 0.000000 0.000000 
-0.035372 0.922019 0.032019 -1.340667 0.169641 8.713713 10.400545 -0.290997 -27.437481 -9.298954 2.650624 31.003751 9.965776 20.507205 4.326087 0.000000 0.000000 0.000000 -5.915247 1.488498 -25.884588 6.829298 -1.354635 27.618573 -6.230918 -16.067825 4.277955 0.000000 0.000000 0.000000 4.818206 -3.290385 35.767302 -6.262808 2.015303 -23.844455 -1.428455 5.339302 30.255535 12.636712 -6.479831 -20.165882 0.000000 0.000000 0.000000 -18.732024 -7.356098 1.844038 -52.271828 -1.785209 -8.099132 5.942422 -45.801919 -0.256870 0.000000 0.000000 0.000000 30.330136 -8.273389 -5.723602 50.657048 0.556930 -7.804851 3.147816 48.153009 5.075086 0.000000 0.000000 0.000000 
-0.035564 0.924016 0.027259 -1.236653 0.330850 8.782985 10.210390 -0.349185 -27.537198 -9.036861 2.485970 30.315044 9.770468 20.168451 4.975802 0.000000 0.000000 0.000000 -6.123662 1.442648 -26.004137 6.848963 -1.363760 27.032784 -6.081403 -15.816751 5.123114 0.000000 0.000000 0.000000 4.736040 -3.328618 36.299882 -6.316483 2.035626 -23.765960 -1.351812 5.456243 30.402773 12.918790 -6.506597 -20.721260 0.000000 0.000000 0.000000 -18.779287 -7.789950 2.016840 -51.859770 -2.819542 -7.589425 6.777346 -45.752451 -0.644287 0.000000 0.000000 0.000000 30.016038 -8.108711 -5.483777 51.316369 0.861412 -7.771732 2.799343 47.224955 4.852976 0.000000 0.000000 0.000000 
-0.035346 0.925656 0.022611 -1.220996 0.395698 9.019569 10.200059 -0.361567 -27.929897 -8.842236 2.358472 29.466543 9.703606 20.068125 6.399983 0.000000 0.000000 0.000000 -6.251856 1.426511 -26.245380 6.638716 -1.281032 26.435689 -5.653832 -14.974233 5.744292 0.000000 0.000000 0.000000 4.677223 -3.347568 36.613470 -6.064584 1.990291 -23.350424 -1.488695 5.949539 30.447829 13.240525 -6.582285 -20.935219 0.000000 0.000000 0.000000 -18.748755 -8.523936 2.271944 -51.759011 -3.556913 -7.237938 7.444733 -45.649642 -0.997886 0.000000 0.000000 0.000000 30.063142 -7.843806 -5.092655 51.692621 1.392054 -7.649300 2.007113 46.537708 4.521250 0.000000 0.000000 0.000000 
-0.034652 0.926324 0.018357 -1.200161 0.388918 9.150685 10.198194 -0.363362 -28.205936 -8.876771 2.351498 29.030982 9.695009 20.059578 6.940025 0.000000 0.000000 0.000000 -6.422375 1.407600 -26.517666 6.578155 -1.251671 26.148616 -5.376723 -14.437533 6.112072 0.000000 0.000000 0.000000 4.733386 -3.401835 36.969690 -6.297361 2.051034 -23.135892 -1.464881 6.021018 30.375799 13.100644 -6.506757 -20.780102 0.000000 0.000000 0.000000 -19.350686 -8.804975 2.371742 -51.133599 -4.171589 -6.863302 8.403806 -45.189782 -1.402053 0.000000 0.000000 0.000000 29.857622 -7.574073 -4.856397 52.077876 1.539262 -7.619194 1.883899 45.623604 4.360660 0.000000 0.000000 0.000000 
-0.033854 0.927383 0.014749 -1.210146 0.267649 8.934958 10.087399 -0.372579 -28.062649 -8.770501 2.288532 28.386347 9.929694 20.441365 8.035295 0.000000 0.000000 0.000000 -6.553733 1.389674 -26.552722 6.469851 -1.199613 25.985422 -5.014983 -13.791608 6.896085 0.000000 0.000000 0.000000 4.800508 -3.463338 37.571577 -6.590719 2.112503 -23.393826 -1.230252 6.223388 31.012228 12.631067 -6.115191 -21.121344 0.000000 0.000000 0.000000 -19.516560 -9.188541 2.559060 -51.190993 -4.772567 -6.685945 9.369625 -45.410275 -1.790923 0.000000 0.000000 0.000000 29.417173 -7.472478 -4.655292 52.631219 1.918287 -7.594105 1.799864 45.748057 4.414142 0.000000 0.000000 0.000000 
-0.032969 0.928051 0.011768 -1.309276 0.096016 8.860502 9.953484 -0.382517 -27.933558 -8.485293 2.175509 27.862607 10.102398 20.707966 8.497833 0.000000 0.000000 0.000000 -6.580124 1.398926 -26.576900 6.359080 -1.136774 25.613993 -4.675036 -13.194080 7.496953 0.000000 0.000000 0.000000 4.772491 -3.469421 38.000784 -6.633881 2.123832 -23.293081 -1.169772 6.617014 30.847892 12.519537 -5.970510 -21.121931 0.000000 0.000000 0.000000 -20.015783 -9.144070 2.404237 -50.693885 -4.767621 -6.555481 9.793786 -45.805278 -2.050926 0.000000 0.000000 0.000000 28.939186 -7.431240 -4.470176 53.224500 2.024245 -7.585877 1.469654 45.774500 4.341114 0.000000 0.000000 0.000000 
-0.032300 0.929279 0.009414 -1.379273 -0.188041 8.736076 10.027788 -0.337592 -27.435326 -8.702624 2.241938 27.035185 10.358222 21.100029 8.698136 0.000000 0.000000 0.000000 -6.823859 1.360898 -26.308603 6.416205 -1.120388 25.065624 -3.977910 -11.831791 7.764365 0.000000 0.000000 0.000000 4.903860 -3.497841 38.205678 -7.032615 2.214943 -23.189888 -1.094310 6.832879 31.054426 12.444506 -5.806447 -21.619435 0.000000 0.000000 0.000000 -19.959045 -9.217082 2.436444 -50.533289 -4.783521 -6.556050 9.587589 -46.733626 -2.016556 0.000000 0.000000 0.000000 28.781323 -7.442023 -4.429250 53.355172 2.143447 -7.575942 1.643869 46.751589 4.569616 0.000000 0.000000 0.000000 
-0.031876 0.930566 0.007794 -1.490868 -0.524563 8.933164 9.946146 -0.326235 -27.408423 -8.309957 2.099204 26.285428 10.515127 21.314168 9.597463 0.000000 0.000000 0.000000 -6.913542 1.365469 -26.131694 6.466147 -1.088748 24.082547 -3.506807 -10.956214 8.051694 0.000000 0.000000 0.000000 4.622866 -3.317742 37.892267 -6.748564 2.134204 -23.351480 -1.052953 7.590075 31.154738 12.613278 -5.714933 -22.062442 0.000000 0.000000 0.000000 -19.865015 -9.311453 2.318484 -50.220934 -4.340296 -6.654380 9.131642 -48.140720 -1.997970 0.000000 0.000000 0.000000 28.794090 -7.903564 -4.534934 53.375282 2.094093 -7.639121 2.133364 48.188334 5.088942 0.000000 0.000000 0.000000 
-0.031644 0.932642 0.007282 -1.745162 -0.755486 9.017928 10.122414 -0.265979 -27.207077 -8.311194 2.075718 25.328276 11.059682 22.100125 10.992134 0.000000 0.000000 0.000000 -6.844751 1.382058 -25.733793 6.527115 -1.066486 22.914047 -3.025634 -10.181673 8.872420 0.000000 0.000000 0.000000 4.791158 -3.244688 36.643108 -6.838140 2.162158 -23.063632 -1.040675 7.786124 31.245152 12.369695 -5.460873 -22.433674 0.000000 0.000000 0.000000 -19.171943 -8.638072 1.982533 -50.281666 -4.196013 -6.765369 8.035365 -49.944041 -1.590223 0.000000 0.000000 0.000000 28.615304 -8.149646 -4.667884 53.576885 1.626275 -7.857711 3.159660 50.385767 5.919168 0.000000 0.000000 0.000000 
-0.031509 0.935699 0.008660 -1.913168 -0.895883 8.912171 9.825226 -0.315759 -26.450553 -7.785427 1.849298 24.118718 11.596078 22.842126 12.112539 0.000000 0.000000 0.000000 -6.548094 1.395869 -24.669387 6.163412 -0.922962 21.578416 -2.567121 -9.297008 9.001704 0.000000 0.000000 0.000000 4.675139 -3.110082 35.770812 -6.807888 2.122581 -23.884288 -0.738300 7.963035 31.733167 12.256905 -5.393168 -22.465801 0.000000 0.000000 0.000000 -19.305576 -8.322630 1.793982 -49.870724 -3.696004 -6.959868 6.337136 -52.085877 -0.860673 0.000000 0.000000 0.000000 28.829952 -8.732474 -5.045080 53.124412 1.325301 -8.012531 5.437596 52.546524 7.413003 0.000000 0.000000 0.000000 
-0.031136 0.938925 0.012259 -2.136607 -1.228045 8.553204 9.534211 -0.342740 -25.135809 -7.067638 1.586468 22.908951 11.887653 23.193406 12.874496 0.000000 0.000000 0.000000 -6.219648 1.394863 -23.187912 6.060884 -0.850770 20.001395 -2.328238 -8.954876 9.428068 0.000000 0.000000 0.000000 4.624502 -2.917455 34.143359 -6.744238 2.102390 -23.882587 -0.649552 7.976593 31.778497 12.090677 -5.250664 -22.791948 0.000000 0.000000 0.000000 -18.735620 -7.198302 1.278687 -49.960786 -3.438682 -7.136963 4.327164 -54.289691 0.153484 0.000000 0.000000 0.000000 28.963755 -9.037137 -5.328651 53.021686 0.814589 -8.224224 7.114618 54.965055 8.729722 0.000000 0.000000 0.000000 
-0.030517 0.942066 0.018024 -2.336215 -1.450930 8.053814 9.183721 -0.382932 -23.392307 -6.385037 1.333689 21.527205 12.138219 23.506501 13.229270 0.000000 0.000000 0.000000 -5.835436 1.373825 -21.558881 5.621609 -0.705062 18.818927 -1.880512 -8.141427 9.662891 0.000000 0.000000 0.000000 4.757586 -2.774100 32.156771 -6.958452 2.134801 -24.319492 -0.392096 7.997664 32.145173 12.041344 -5.482445 -21.818637 0.000000 0.000000 0.000000 -18.470308 -6.208785 0.820388 -49.862451 -2.602671 -7.537565 1.432990 -57.143605 1.768815 0.000000 0.000000 0.000000 29.330224 -9.747093 -5.889705 52.928953 0.315889 -8.487464 8.633313 57.740233 10.214806 0.000000 0.000000 0.000000 
-0.029601 0.945306 0.025324 -2.429844 -1.654446 7.349177 8.559543 -0.456126 -21.135905 -5.612115 1.068004 20.110639 12.297327 23.740131 12.824507 0.000000 0.000000 0.000000 -5.634440 1.282667 -19.427482 5.227291 -0.583579 17.229924 -1.371836 -7.254552 10.037812 0.000000 0.000000 0.000000 4.734702 -2.541636 29.701005 -6.836988 2.125946 -23.965419 -0.487670 7.975986 32.010778 11.971383 -5.354672 -22.313036 0.000000 0.000000 0.000000 -17.657667 -4.816825 0.185621 -49.969893 -1.903270 -7.861354 -2.726411 -59.451641 4.226666 0.000000 0.000000 0.000000 29.623881 -10.377302 -6.420589 52.792912 -0.449388 -8.775946 10.294861 60.423585 11.823313 0.000000 0.000000 0.000000 
-0.028684 0.947953 0.032980 -2.584011 -1.627783 6.523745 8.233557 -0.475212 -19.001251 -5.040100 0.872860 19.135991 12.068595 23.436822 12.199150 0.000000 0.000000 0.000000 -5.230985 1.223235 -17.751415 4.759263 -0.468159 16.444496 -1.212454 -7.226397 11.007099 0.000000 0.000000 0.000000 4.901351 -2.416796 27.638229 -6.947877 2.144909 -24.422571 -0.320883 7.928605 32.463338 12.026444 -5.650508 -21.384811 0.000000 0.000000 0.000000 -17.780064 -4.223237 -0.104154 -49.042563 -1.163647 -8.065786 -6.357818 -61.571707 6.561634 0.000000 0.000000 0.000000 30.322530 -10.985328 -6.926899 52.152593 -0.498254 -8.820923 11.195384 62.578857 12.999436 0.000000 0.000000 0.000000 
-0.027806 0.950552 0.040155 -2.639172 -1.490302 5.799053 7.746807 -0.511166 -17.145261 -4.230522 0.617873 18.114150 11.818078 23.060112 12.184888 0.000000 0.000000 0.000000 -4.866877 1.131549 -15.812371 4.158885 -0.334249 15.271203 -1.053008 -7.008766 11.376433 0.000000 0.000000 0.000000 4.959730 -2.248872 25.426089 -6.765449 2.116187 -24.534523 -0.309705 7.737511 32.557344 11.693756 -5.461003 -21.348264 0.000000 0.000000 0.000000 -17.473182 -3.223930 -0.567367 -48.413217 -0.875955 -8.091007 -10.487381 -63.161442 9.301962 0.000000 0.000000 0.000000 29.956589 -11.385479 -7.191417 52.428659 -0.946284 -9.023226 13.909873 64.158213 15.193547 0.000000 0.000000 0.000000 
-0.026910 0.952460 0.046738 -2.829658 -1.206485 5.263699 7.643811 -0.499640 -15.713953 -3.771894 0.472086 17.636516 11.300639 22.332139 11.429613 0.000000 0.000000 0.000000 -4.563871 1.067555 -14.526485 3.731479 -0.252917 14.381021 -0.786349 -6.864822 12.722336 0.000000 0.000000 0.000000 5.169209 -2.167912 23.726434 -6.870100 2.121370 -25.357838 0.017284 7.537512 33.232620 11.364969 -5.012490 -22.576026 0.000000 0.000000 0.000000 -16.784819 -3.046599 -0.557023 -48.397963 -1.097824 -8.086265 -13.674854 -64.158174 11.520447 0.000000 0.000000 0.000000 29.389826 -11.564978 -7.198381 52.778794 -0.747234 -9.044086 15.180608 64.670286 16.302534 0.000000 0.000000 0.000000 
-0.025954 0.954607 0.052918 -2.938669 -1.034569 5.062065 7.509146 -0.494741 -14.607614 -3.297422 0.333589 16.993796 10.754809 21.519765 11.037421 0.000000 0.000000 0.000000 -4.225093 1.006136 -13.221273 3.073568 -0.127973 13.064367 -0.451546 -6.443385 13.479255 0.000000 0.000000 0.000000 5.073351 -2.003844 21.993234 -6.540275 2.038605 -25.870614 -0.200448 7.484416 33.116840 11.244178 -4.623716 -23.929372 0.000000 0.000000 0.000000 -15.970815 -2.293601 -0.872457 -48.455243 -0.908970 -8.150503 -17.046464 -64.831875 13.787338 0.000000 0.000000 0.000000 28.521101 -11.795239 -7.241502 53.053720 -1.102922 -9.140020 18.481262 63.280135 17.889795 0.000000 0.000000 0.000000 
-0.024926 0.956297 0.058829 -2.933611 -0.623084 4.964611 7.322043 -0.498454 -13.445357 -3.215961 0.295186 15.909473 10.538721 21.218881 10.469458 0.000000 0.000000 0.000000 -4.006380 0.932587 -11.993084 2.507380 -0.039536 11.838328 -0.354359 -6.322857 13.882857 0.000000 0.000000 0.000000 5.203429 -1.885317 20.143746 -6.747566 2.063556 -26.769424 -0.025839 7.277542 33.663694 11.227386 -4.371352 -25.215880 0.000000 0.000000 0.000000 -15.312276 -1.658947 -1.111134 -48.600826 -0.821029 -8.273014 -21.288170 -65.583859 16.788056 0.000000 0.000000 0.000000 27.797199 -12.486558 -7.589758 53.375675 -1.199070 -9.228236 21.055880 61.570897 18.939549 0.000000 0.000000 0.000000 
-0.023774 0.957771 0.064409 -2.933122 -0.208160 4.918233 7.108261 -0.499715 -12.320194 -2.951447 0.217643 14.805751 10.137587 20.617017 9.823953 0.000000 0.000000 0.000000 -3.623029 0.893389 -11.139288 1.614360 0.111131 10.819386 -0.254607 -6.392564 14.955135 0.000000 0.000000 0.000000 5.307089 -1.741081 18.150992 -6.602553 2.022493 -27.221817 -0.486103 7.179290 33.617739 11.250819 -4.271357 -25.618078 0.000000 0.000000 0.000000 -14.537466 -0.691011 -1.529207 -48.881447 -0.412238 -8.484720 -26.750663 -65.930855 20.502089 0.000000 0.000000 0.000000 26.839970 -13.023951 -7.774324 53.686430 -1.982031 -9.536792 24.508963 59.511112 20.248389 0.000000 0.000000 0.000000 
-0.022597 0.958812 0.069579 -2.947752 -0.154132 4.737733 6.876717 -0.495829 -11.542014 -2.764124 0.174020 14.257828 10.266216 20.814704 10.049344 0.000000 0.000000 0.000000 -3.403549 0.850932 -10.377155 1.142602 0.190651 10.355072 -0.201165 -6.387861 15.299552 0.000000 0.000000 0.000000 5.233313 -1.600037 16.744777 -6.692825 2.044814 -27.211241 -0.516061 7.338003 33.375331 11.327940 -4.265006 -25.661906 0.000000 0.000000 0.000000 -14.144125 -0.084012 -1.823847 -49.096610 -0.159551 -8.595954 -30.853803 -66.365003 23.393322 0.000000 0.000000 0.000000 26.082134 -13.559302 -7.980481 53.446969 -2.568648 -9.670654 26.880171 57.371568 20.707443 0.000000 0.000000 0.000000 
-0.021469 0.959574 0.074492 -2.897822 -0.221667 4.835862 6.693109 -0.497532 -11.139915 -2.568437 0.135076 13.788370 10.230563 20.751766 10.464055 0.000000 0.000000 0.000000 -3.428343 0.805527 -9.736729 0.768725 0.244386 9.729765 0.172855 -5.687674 15.156164 0.000000 0.000000 0.000000 5.258173 -1.440533 14.919421 -6.873392 2.092818 -26.928260 -0.989153 7.545374 33.088433 11.601390 -4.329129 -25.959164 0.000000 0.000000 0.000000 -13.221458 0.822832 -2.166837 -49.776206 0.208023 -8.854487 -36.057955 -66.960404 27.254522 0.000000 0.000000 0.000000 24.969317 -14.247937 -8.257570 53.670029 -4.017767 -10.180668 30.406738 55.582154 21.914928 0.000000 0.000000 0.000000 
-0.020471 0.960097 0.079859 -2.875571 -0.555109 4.782511 6.464824 -0.487859 -10.550894 -2.594480 0.154010 13.531605 10.653643 21.386503 10.655388 0.000000 0.000000 0.000000 -3.487817 0.766359 -9.183480 0.615463 0.270968 9.514462 0.454021 -5.163027 14.917057 0.000000 0.000000 0.000000 5.204469 -1.280078 13.276563 -7.094385 2.163556 -26.297441 -1.317428 7.912024 32.683970 11.950753 -4.586819 -25.494374 0.000000 0.000000 0.000000 -12.347191 1.555793 -2.418501 -50.459062 0.710971 -9.152809 -41.733629 -68.046239 31.859693 0.000000 0.000000 0.000000 23.703510 -14.895804 -8.482837 54.070348 -5.588353 -10.738084 33.220440 54.931849 23.197813 0.000000 0.000000 0.000000 
-0.019667 0.960446 0.086164 -2.875600 -1.154420 4.866479 6.332866 -0.471396 -10.116351 -2.648935 0.188189 13.261842 11.203421 22.176948 11.395537 0.000000 0.000000 0.000000 -3.610381 0.757430 -9.036100 0.439184 0.315010 9.568743 1.025641 -4.288081 15.083642 0.000000 0.000000 0.000000 5.212567 -1.123227 11.538498 -7.199685 2.181853 -26.248053 -1.523739 8.455086 32.757434 12.229704 -4.686378 -25.703377 0.000000 0.000000 0.000000 -11.364765 2.528143 -2.736584 -51.114105 1.471238 -9.617682 -50.503968 -68.667048 38.800416 0.000000 0.000000 0.000000 22.194583 -15.856127 -8.851733 54.141810 -7.702916 -11.497983 38.280626 54.788636 26.073417 0.000000 0.000000 0.000000 
-0.019232 0.960842 0.092809 -2.831934 -1.555653 4.799293 6.128552 -0.446632 -9.216667 -2.457727 0.162249 12.381239 11.517124 22.588174 12.209477 0.000000 0.000000 0.000000 -3.512632 0.738130 -8.664130 0.142249 0.379681 9.648599 1.103647 -4.219946 15.091432 0.000000 0.000000 0.000000 5.416231 -1.052630 10.508026 -7.634562 2.281742 -25.982101 -1.851263 8.557217 32.610977 11.871847 -4.644896 -24.866001 0.000000 0.000000 0.000000 -10.799206 3.630194 -3.125981 -51.418838 1.790656 -9.813617 -57.004453 -69.536992 44.597577 0.000000 0.000000 0.000000 20.479572 -16.687462 -9.152644 54.687346 -9.583388 -12.246927 43.793763 56.064742 30.164051 0.000000 0.000000 0.000000 
-0.019374 0.961217 0.098145 -2.706328 -2.378936 5.232784 5.996258 -0.434584 -8.890586 -2.404915 0.177394 11.849754 11.590713 22.636583 12.650854 0.000000 0.000000 0.000000 -3.436156 0.783835 -9.104595 0.074469 0.404267 9.659720 0.771050 -5.113450 15.535203 0.000000 0.000000 0.000000 5.178642 -0.987810 10.083558 -7.855125 2.308084 -26.239245 -1.888336 8.849021 32.812409 11.976844 -4.788164 -24.724841 0.000000 0.000000 0.000000 -9.907050 4.295153 -3.231079 -50.981725 2.316530 -9.977863 -66.669357 -70.407148 53.333785 0.000000 0.000000 0.000000 18.932101 -17.338386 -9.360686 54.769467 -11.068026 -12.807361 50.525039 57.814129 35.610020 0.000000 0.000000 0.000000 
-0.019964 0.961847 0.100009 -2.702602 -3.094900 5.985032 6.113423 -0.437165 -9.299709 -2.332942 0.183199 11.411088 11.562501 22.497608 13.556876 0.000000 0.000000 0.000000 -3.295020 0.859346 -9.871548 0.276365 0.379724 9.722069 0.298984 -5.962633 15.185385 0.000000 0.000000 0.000000 5.082839 -0.996703 10.255296 -8.193270 2.382081 -25.800906 -2.083060 8.814534 32.382134 12.183439 -4.847909 -25.389651 0.000000 0.000000 0.000000 -8.572774 4.842447 -3.188291 -50.494883 1.607525 -9.577458 -74.708374 -71.726525 61.647762 0.000000 0.000000 0.000000 18.010193 -17.463247 -9.398060 54.479380 -11.393197 -12.802468 55.292182 60.196273 40.409121 0.000000 0.000000 0.000000 
-0.020572 0.962282 0.097964 -2.755333 -3.662638 6.491881 6.431093 -0.436642 -10.222008 -2.643569 0.267508 11.720943 11.848633 22.799612 14.658921 0.000000 0.000000 0.000000 -3.301988 0.956787 -11.010228 0.676520 0.344833 10.415405 0.076261 -6.432774 15.114078 0.000000 0.000000 0.000000 4.467259 -1.039162 11.756136 -7.804565 2.288504 -25.744506 -2.452186 9.428435 31.980119 12.856452 -5.107803 -25.803815 0.000000 0.000000 0.000000 -7.244491 4.719015 -2.941379 -50.051814 0.317138 -8.976389 -84.545193 -74.041507 72.777633 0.000000 0.000000 0.000000 16.995329 -17.361568 -9.133374 54.888423 -10.892170 -12.576568 60.781557 63.570598 47.316138 0.000000 0.000000 0.000000 
-0.020419 0.960938 0.092606 -2.794889 -3.605719 7.305553 6.945571 -0.468417 -12.906299 -3.411845 0.457258 13.733648 12.379373 23.471869 15.724486 0.000000 0.000000 0.000000 -3.250629 1.106071 -12.801861 1.087360 0.319364 11.720075 -0.677315 -7.503712 14.241159 0.000000 0.000000 0.000000 4.195412 -1.166111 13.889710 -7.600905 2.241128 -25.508244 -2.672205 9.450059 31.790192 13.449947 -5.071736 -27.493967 0.000000 0.000000 0.000000 -6.400225 4.445508 -2.702325 -49.452712 -1.469879 -8.153525 -93.649647 -76.964162 84.539010 0.000000 0.000000 0.000000 16.883341 -17.397662 -9.143459 54.301891 -9.737953 -11.918099 66.391972 66.648171 54.503658 0.000000 0.000000 0.000000 
-0.019077 0.957175 0.087289 -2.697196 -3.982979 8.259409 7.239033 -0.486230 -15.753228 -4.352223 0.768661 16.828485 12.559842 23.833029 14.412677 0.000000 0.000000 0.000000 -4.001992 1.288429 -15.673800 2.521012 0.117343 14.256680 -1.579784 -8.950191 13.395092 0.000000 0.000000 0.000000 4.183251 -1.318463 16.074446 -7.684936 2.220829 -26.106681 -2.705615 9.590919 32.379442 14.042296 -5.130496 -29.163576 0.000000 0.000000 0.000000 -6.636465 3.653652 -2.393149 -49.621371 -2.328879 -7.946344 -104.758145 -79.719861 99.044133 0.000000 0.000000 0.000000 17.591240 -16.318285 -8.643702 53.952106 -8.286030 -11.415171 71.834623 69.795005 62.167189 0.000000 0.000000 0.000000 
-0.016953 0.951125 0.084975 -2.331358 -4.575475 8.759428 7.166406 -0.501511 -17.326099 -5.480267 1.172595 18.547071 13.459047 25.233791 13.373189 0.000000 0.000000 0.000000 -5.091776 1.344785 -17.547590 3.658204 -0.073796 16.047749 -2.164460 -9.767316 12.153862 0.000000 0.000000 0.000000 4.189929 -1.413328 17.660705 -8.283867 2.373300 -25.130669 -2.582341 9.316217 31.650656 13.591294 -4.857746 -29.493142 0.000000 0.000000 0.000000 -7.509702 3.415486 -2.380253 -50.492738 -1.324571 -8.385450 -111.137225 -79.571253 106.008834 0.000000 0.000000 0.000000 17.679986 -15.722655 -8.438901 55.009473 -8.436404 -11.643300 79.129057 69.382874 68.106428 0.000000 0.000000 0.000000 
-0.015042 0.944533 0.086741 -2.133688 -5.164235 9.011837 7.153657 -0.490627 -18.218611 -6.207420 1.489815 19.919197 14.195259 26.432430 12.423246 0.000000 0.000000 0.000000 -5.632135 1.402494 -18.859443 4.296824 -0.163815 17.832298 -2.910409 -10.856274 10.658616 0.000000 0.000000 0.000000 4.236428 -1.438369 18.148635 -8.547800 2.427063 -24.976849 -2.361197 8.959120 32.077147 13.870189 -5.249567 -29.132545 0.000000 0.000000 0.000000 -7.972492 3.405893 -2.357989 -52.121784 1.055156 -9.687588 -108.355707 -78.529418 102.680730 0.000000 0.000000 0.000000 17.241096 -15.350518 -8.282464 56.016447 -9.304720 -12.290177 82.794400 67.128692 68.967725 0.000000 0.000000 0.000000 
-0.013869 0.941308 0.091190 -2.093210 -5.898819 8.541581 6.838038 -0.487491 -16.959829 -6.311053 1.569265 19.843350 14.493841 27.171778 10.615275 0.000000 0.000000 0.000000 -5.951804 1.386101 -18.807968 4.780990 -0.233635 18.617374 -3.190563 -11.390972 10.362797 0.000000 0.000000 0.000000 4.703243 -1.513227 18.359053 -8.952439 2.524485 -24.703827 -2.468417 8.606414 32.568443 13.552202 -5.360273 -28.492377 0.000000 0.000000 0.000000 -7.628029 4.349101 -2.627838 -53.433187 3.200178 -10.899135 -105.797176 -76.249570 98.334591 0.000000 0.000000 0.000000 16.902369 -15.344134 -8.352977 56.766924 -10.610499 -13.129210 86.656878 63.914530 68.953870 0.000000 0.000000 0.000000 
-0.013593 0.942790 0.094186 -1.634241 -5.835749 8.745179 6.088466 -0.584349 -16.129903 -5.948066 1.353174 17.833828 14.776327 27.436188 11.597818 0.000000 0.000000 0.000000 -6.110191 1.342722 -18.440265 4.529392 -0.196822 17.553921 -3.807750 -12.717174 11.060028 0.000000 0.000000 0.000000 4.334000 -1.475119 18.898093 -8.398382 2.406881 -24.493286 -3.015701 7.984864 32.109918 13.665475 -5.662294 -27.514800 0.000000 0.000000 0.000000 -5.513222 5.853903 -2.951787 -53.274143 5.587532 -11.759980 -107.619904 -72.471620 96.440324 0.000000 0.000000 0.000000 15.320280 -16.472940 -8.838628 55.748837 -12.381636 -13.504538 92.226638 61.101345 70.566677 0.000000 0.000000 0.000000 
-0.013748 0.948704 0.092229 -1.681847 -6.059219 9.827865 6.118883 -0.593496 -16.577789 -5.711686 1.213638 15.950605 14.833437 27.089305 13.985763 0.000000 0.000000 0.000000 -5.916187 1.426261 -19.059404 4.406239 -0.199225 15.615622 -3.888038 -13.489121 13.848414 0.000000 0.000000 0.000000 3.951802 -1.426011 19.270581 -7.723348 2.215502 -24.999237 -3.234903 7.772672 32.247866 14.058154 -6.136393 -26.593655 0.000000 0.000000 0.000000 -2.497534 6.879524 -2.952830 -52.066813 5.759148 -11.503530 -109.536803 -69.425305 95.273756 0.000000 0.000000 0.000000 13.660189 -16.867372 -8.816053 52.914706 -12.584452 -12.839453 97.325526 60.152676 73.892714 0.000000 0.000000 0.000000 
-0.013718 0.953689 0.083539 -1.758912 -5.872294 11.287851 6.412703 -0.611424 -19.074667 -5.650701 1.171642 15.600390 15.160107 26.963786 17.491346 0.000000 0.000000 0.000000 -5.713949 1.578643 -20.746141 4.222282 -0.195513 14.158382 -4.072240 -14.363098 16.900711 0.000000 0.000000 0.000000 3.176104 -1.357330 20.732564 -7.142100 2.098163 -24.210666 -3.356224 8.052971 30.892484 14.228138 -6.563620 -24.323527 0.000000 0.000000 0.000000 0.567014 5.805195 -2.150733 -50.908159 4.442210 -10.605174 -114.483665 -68.938262 99.621457 0.000000 0.000000 0.000000 12.183956 -17.256643 -8.719065 50.901204 -12.225535 -11.957730 103.119402 59.906777 79.363845 0.000000 0.000000 0.000000 
-0.013646 0.954449 0.070272 -1.847197 -5.313444 13.108796 7.214466 -0.550949 -23.121850 -6.176192 1.356991 17.189755 14.720619 26.207462 18.961463 0.000000 0.000000 0.000000 -5.442957 1.821267 -23.621247 4.054010 -0.178946 14.115063 -4.778185 -15.692182 18.358640 0.000000 0.000000 0.000000 2.322240 -1.306093 23.391232 -6.237868 1.894573 -23.866773 -3.746116 8.189234 29.427089 15.258018 -6.811791 -25.000247 0.000000 0.000000 0.000000 2.748338 4.295973 -1.336099 -49.894870 2.037612 -9.329250 -116.741157 -70.973192 103.612154 0.000000 0.000000 0.000000 11.415125 -17.066464 -8.461870 48.665195 -11.668325 -10.951109 103.087544 61.312581 80.783236 0.000000 0.000000 0.000000 
-0.013717 0.948992 0.057447 -2.037798 -4.952644 14.456620 8.229339 -0.357633 -27.652035 -6.909264 1.737890 20.779063 14.477909 25.908614 19.246531 0.000000 0.000000 0.000000 -6.063279 2.000552 -27.414121 5.970838 -0.601698 16.577943 -6.357755 -18.192017 18.405390 0.000000 0.000000 0.000000 2.228664 -1.428518 26.352599 -6.778941 1.970495 -25.090390 -2.840307 8.337411 30.199299 15.795238 -6.442473 -27.703915 0.000000 0.000000 0.000000 3.183013 2.512254 -0.698446 -50.277835 -0.737817 -8.434855 -124.230206 -74.433298 115.686344 0.000000 0.000000 0.000000 11.664415 -16.329542 -8.091192 49.022205 -10.294701 -10.595534 101.326753 64.170705 82.606775 0.000000 0.000000 0.000000 
-0.013977 0.936979 0.049058 -2.075146 -4.907772 14.940396 9.301325 -0.043249 -31.071636 -8.211292 2.405524 24.456692 14.991231 26.677326 18.774590 0.000000 0.000000 0.000000 -6.860920 2.050187 -30.192648 7.627917 -1.036054 19.311610 -7.585890 -20.101150 16.706033 0.000000 0.000000 0.000000 1.723259 -1.386326 29.451563 -6.577288 1.933188 -24.675778 -3.253019 8.802645 29.287618 16.519125 -6.513820 -28.516067 0.000000 0.000000 0.000000 1.450527 0.513556 -0.182860 -50.264884 -3.359073 -7.362953 -134.224872 -77.757399 129.861161 0.000000 0.000000 0.000000 13.132349 -14.017866 -7.017948 51.255411 -8.670144 -10.422466 99.262675 68.076564 85.306319 0.000000 0.000000 0.000000 
-0.014239 0.925252 0.044607 -2.046852 -4.541619 14.894260 9.979313 0.161364 -33.415869 -9.104052 2.993503 28.224713 14.785410 26.788682 16.483191 0.000000 0.000000 0.000000 -7.016333 2.117082 -32.217775 8.679184 -1.419018 22.783426 -9.275090 -22.855193 13.816433 0.000000 0.000000 0.000000 1.369242 -1.374904 31.894880 -6.516649 1.891856 -25.919748 -2.922833 8.705999 30.564245 17.493102 -6.652366 -30.465115 0.000000 0.000000 0.000000 -0.486114 -1.866474 0.487041 -51.477006 -6.240679 -6.527766 -142.803333 -81.624187 142.905601 0.000000 0.000000 0.000000 15.551139 -12.467448 -6.422987 53.394705 -5.906658 -10.002229 91.376067 70.731404 80.801529 0.000000 0.000000 0.000000 
-0.013922 0.920225 0.044053 -2.213102 -4.606083 14.423467 10.325097 0.302932 -34.159577 -9.349453 3.228585 29.752627 15.588742 27.682475 17.616124 0.000000 0.000000 0.000000 -6.762951 2.208432 -32.686628 9.038889 -1.554876 24.210818 -10.277834 -24.573059 13.325701 0.000000 0.000000 0.000000 1.165717 -1.325183 32.933474 -6.492113 1.873881 -26.542636 -2.517297 9.129600 31.423053 17.651492 -6.634302 -30.924168 0.000000 0.000000 0.000000 -2.038128 -3.049482 0.793247 -53.265825 -8.226861 -6.024823 -156.394967 -82.895980 159.153846 0.000000 0.000000 0.000000 16.558910 -11.238582 -5.716419 57.155165 -3.802384 -9.863611 82.439632 72.590869 74.901157 0.000000 0.000000 0.000000 
-0.012176 0.923699 0.047123 -2.462449 -4.712917 14.070430 10.388660 0.335319 -33.982492 -9.077283 3.139260 29.860456 15.871040 27.609786 20.252850 0.000000 0.000000 0.000000 -6.575131 2.230310 -32.255635 8.997028 -1.513901 23.536592 -10.806618 -25.240923 16.424657 0.000000 0.000000 0.000000 1.483700 -1.408926 32.265302 -6.511665 1.891575 -26.193191 -2.367030 9.000117 31.779586 16.969919 -6.232124 -31.294139 0.000000 0.000000 0.000000 -3.099447 -3.546425 0.924091 -55.267682 -9.829360 -5.517014 -167.487672 -81.854480 172.105559 0.000000 0.000000 0.000000 16.192207 -10.509689 -5.288084 60.494633 -2.855676 -9.900480 85.499942 74.460880 80.195290 0.000000 0.000000 0.000000 
-0.009113 0.931853 0.053464 -2.581817 -4.921135 13.912498 9.692536 0.119814 -32.490826 -8.002276 2.576251 27.848034 16.001563 27.344672 22.824131 0.000000 0.000000 0.000000 -5.695331 2.361373 -31.215371 7.776456 -1.109414 22.524318 -11.118462 -25.554506 18.652423 0.000000 0.000000 0.000000 1.848322 -1.465018 30.653226 -6.252457 1.828909 -26.393480 -2.386281 8.827206 31.760520 16.377114 -6.303670 -29.954224 0.000000 0.000000 0.000000 -4.319618 -2.799071 0.571814 -56.339997 -9.630972 -5.683619 -166.364051 -78.566075 170.709682 0.000000 0.000000 0.000000 17.572755 -10.526879 -5.494329 61.914531 -2.942362 -10.260567 92.335297 75.879094 88.635005 0.000000 0.000000 0.000000 
-0.005285 0.938231 0.062347 -2.665061 -4.789303 13.230424 8.924997 -0.140934 -30.399454 -7.183292 2.166745 26.585377 15.638921 26.882376 22.923430 0.000000 0.000000 0.000000 -5.147672 2.292123 -29.221026 7.331234 -0.970421 20.857731 -12.381840 -27.095946 21.020401 0.000000 0.000000 0.000000 2.744690 -1.675023 28.434467 -6.495712 1.894779 -25.828152 -1.981014 8.226533 31.830694 15.898271 -6.198994 -29.831979 0.000000 0.000000 0.000000 -5.145091 -2.268580 0.354249 -56.786147 -11.263563 -4.929548 -171.073456 -75.578658 176.822450 0.000000 0.000000 0.000000 17.893245 -11.145680 -6.001200 63.479932 -3.461674 -10.814064 106.820452 75.827495 103.812345 0.000000 0.000000 0.000000 
-0.000833 0.937814 0.072696 -2.799660 -5.273577 12.153107 8.757211 -0.154417 -28.646488 -7.203627 2.254550 27.015582 15.561505 26.796563 22.370842 0.000000 0.000000 0.000000 -5.156809 2.181061 -27.583469 7.589756 -1.007813 21.104208 -12.731167 -27.624103 20.561845 0.000000 0.000000 0.000000 3.653053 -1.814721 26.647126 -7.080246 2.012072 -25.993535 -1.776084 7.841621 31.540173 15.234584 -6.078914 -29.285224 0.000000 0.000000 0.000000 -5.459468 -1.897585 0.247255 -56.913116 -12.472413 -4.302506 -173.976801 -72.765702 -178.905051 0.000000 0.000000 0.000000 18.669083 -11.880590 -6.674512 63.827804 -3.552434 -10.990550 122.302574 74.791902 119.956484 0.000000 0.000000 0.000000 
0.004640 0.932992 0.082518 -2.471511 -5.276108 9.894796 7.900686 -0.359111 -26.373968 -7.219267 2.343083 28.332990 16.045713 27.527699 21.310923 0.000000 0.000000 0.000000 -5.254166 1.953927 -25.336907 7.562566 -1.007916 22.358288 -14.377048 -29.897915 19.857101 0.000000 0.000000 0.000000 4.291011 -1.908974 25.673814 -7.450349 2.106982 -26.129350 -2.073935 6.785465 31.545851 14.586781 -5.504342 -31.277436 0.000000 0.000000 0.000000 -5.588813 -2.859613 0.747687 -56.857434 -16.051972 -2.557294 174.901931 -71.556891 -162.570552 0.000000 0.000000 0.000000 20.292539 -11.582690 -6.933993 63.488199 -1.352896 -10.001926 136.385450 75.261271 136.956865 0.000000 0.000000 0.000000 
0.011330 0.929474 0.090683 -2.368901 -5.667341 7.975007 7.610026 -0.381152 -24.990555 -7.491336 2.634235 30.298125 16.069564 27.438610 21.730077 0.000000 0.000000 0.000000 -5.548365 1.757189 -23.419261 7.420889 -0.940083 23.513290 -14.476634 -30.109137 18.966365 0.000000 0.000000 0.000000 4.668341 -1.897132 24.643762 -7.558873 2.129564 -26.718685 -2.347184 5.752904 32.178995 13.471465 -5.085994 -31.761784 0.000000 0.000000 0.000000 -5.613680 -5.646548 2.020526 -56.552244 -21.899257 0.295483 156.726635 -70.497329 -136.081453 0.000000 0.000000 0.000000 20.999167 -10.307656 -6.524171 63.505518 3.140306 -7.876035 152.887821 75.201083 157.497954 0.000000 0.000000 0.000000 
0.019348 0.934256 0.097396 -2.409533 -6.764634 6.799047 6.904740 -0.442461 -23.104752 -7.204786 2.644100 30.127443 16.142241 27.198888 23.181177 0.000000 0.000000 0.000000 -5.344540 1.648507 -21.165502 6.576191 -0.609106 22.256813 -14.078978 -29.501712 19.388836 0.000000 0.000000 0.000000 5.087486 -1.834770 23.208972 -7.257190 2.093501 -25.825360 -2.942681 5.604150 31.276931 11.975778 -4.403757 -31.494912 0.000000 0.000000 0.000000 -4.633914 -6.335323 2.335655 -56.947907 -26.777013 3.026769 145.828311 -68.268876 -119.398486 0.000000 0.000000 0.000000 20.706196 -9.905583 -6.448190 64.057885 8.128792 -5.141415 165.838517 73.553498 173.664126 0.000000 0.000000 0.000000 
0.028083 0.943240 0.103585 -2.536303 -7.938710 6.554117 6.322913 -0.478728 -20.388529 -6.747257 2.359813 27.002124 15.152935 25.817021 23.672439 0.000000 0.000000 0.000000 -5.312186 1.565709 -19.548026 5.876295 -0.364195 20.431482 -12.937140 -27.887664 20.171548 0.000000 0.000000 0.000000 5.478494 -1.740109 21.157740 -6.780419 1.963589 -26.411375 -3.148283 5.886293 31.628080 11.832791 -4.585475 -30.616956 0.000000 0.000000 0.000000 -2.749066 -6.626099 2.436031 -59.308409 -30.343633 5.422974 138.972481 -65.482017 -107.010516 0.000000 0.000000 0.000000 19.318678 -9.832580 -6.294794 65.250262 12.080154 -2.973102 175.459290 71.035423 -173.208539 0.000000 0.000000 0.000000 
0.036245 0.950429 0.109135 -2.638879 -9.233622 6.844463 5.771078 -0.501989 -18.117073 -6.192504 2.074170 24.167696 13.343998 23.601969 22.303532 0.000000 0.000000 0.000000 -5.404263 1.547662 -18.850970 5.203656 -0.154571 18.898550 -5.893197 -17.345400 14.367278 0.000000 0.000000 0.000000 6.189566 -1.669393 18.475642 -6.821648 1.946947 -26.661200 -3.564466 6.194647 31.826380 11.408353 -4.589023 -29.994853 0.000000 0.000000 0.000000 -1.704403 -5.876507 2.149173 -61.205959 -32.069069 6.918138 137.477439 -63.581558 -102.336978 0.000000 0.000000 0.000000 18.982887 -9.501514 -6.185326 66.024132 15.407096 -1.103059 -177.832720 67.092712 -162.939312 0.000000 0.000000 0.000000 
0.042914 0.951529 0.114196 -2.711508 -10.091683 6.415329 5.588301 -0.471631 -15.930171 -6.626043 2.140414 22.048132 13.357315 23.613374 21.599737 0.000000 0.000000 0.000000 -5.246722 1.492012 -17.741693 4.719395 -0.014762 18.174250 -2.465135 -10.977547 12.116265 0.000000 0.000000 0.000000 6.567497 -1.549678 16.228674 -6.938610 1.971424 -26.458220 -3.764249 6.137939 31.533776 11.733164 -5.075571 -28.994525 0.000000 0.000000 0.000000 -0.866764 -6.040828 2.191140 -62.538918 -32.326644 7.579771 136.787763 -61.721521 -98.866949 0.000000 0.000000 0.000000 18.703387 -8.893359 -5.950220 67.059227 19.159674 1.240343 -169.310943 63.921971 -148.898946 0.000000 0.000000 0.000000 
0.047698 0.948979 0.118907 -2.613762 -10.934554 5.716983 5.342315 -0.453482 -14.551248 -7.230339 2.369119 21.411024 14.234473 24.670054 21.643128 0.000000 0.000000 0.000000 -5.178387 1.458602 -17.088754 4.017805 0.221039 18.707738 -1.020553 -8.207489 11.552574 0.000000 0.000000 0.000000 6.678151 -1.416399 14.591477 -6.897690 1.945218 -27.164340 -4.135097 6.112855 32.088138 12.003901 -5.403023 -29.027939 0.000000 0.000000 0.000000 -1.165517 -6.169090 2.270469 -61.602884 -32.736181 7.613811 134.265583 -60.164437 -93.446335 0.000000 0.000000 0.000000 19.498678 -8.134846 -5.785157 66.679542 22.546676 3.122306 -163.816381 61.288859 -138.825133 0.000000 0.000000 0.000000 
0.051082 0.947007 0.123430 -2.700825 -11.018034 4.904847 5.181300 -0.443594 -13.293787 -7.221845 2.391482 21.614341 13.883352 24.435069 20.122035 0.000000 0.000000 0.000000 -4.913786 1.415438 -16.419980 3.555946 0.372871 19.345690 -1.393453 -8.895015 11.516044 0.000000 0.000000 0.000000 6.826608 -1.326667 13.318592 -7.192811 2.014932 -27.129402 -3.938727 5.481750 32.247051 11.721013 -5.593815 -27.911452 0.000000 0.000000 0.000000 -1.086837 -6.326613 2.337190 -60.576034 -32.674262 7.423228 132.994489 -58.108981 -89.115349 0.000000 0.000000 0.000000 19.467625 -8.144955 -5.947150 67.133371 24.790708 4.530852 -161.912811 59.389670 -134.775200 0.000000 0.000000 0.000000 
0.053598 0.948682 0.127941 -2.673806 -11.002973 4.430834 4.980104 -0.436224 -11.961801 -7.107811 2.237351 20.328399 13.758182 24.145189 21.104691 0.000000 0.000000 0.000000 -4.797667 1.386371 -16.045179 2.650409 0.604996 19.409899 -0.822554 -8.509499 13.357727 0.000000 0.000000 0.000000 6.740012 -1.190922 11.816632 -6.720120 1.928835 -26.539820 -4.658989 5.368554 31.964004 11.648744 -5.847593 -26.407241 0.000000 0.000000 0.000000 -0.237023 -5.933377 2.137001 -59.603527 -32.921433 7.423736 132.848598 -56.240447 -86.735184 0.000000 0.000000 0.000000 18.950627 -8.140872 -5.889391 67.524394 26.371157 5.623669 -160.899858 57.621269 -131.777383 0.000000 0.000000 0.000000 
0.056164 0.952841 0.131521 -2.657659 -10.683534 4.439929 4.722629 -0.443950 -10.875094 -6.873048 2.016676 18.894252 12.853022 23.022959 20.846280 0.000000 0.000000 0.000000 -4.925258 1.312684 -15.396933 2.379086 0.591753 18.383031 -0.474700 -8.432281 15.018126 0.000000 0.000000 0.000000 6.740459 -1.084065 10.411211 -6.767230 1.948674 -26.290443 -4.755010 4.883924 32.078866 11.641636 -6.076412 -25.527638 0.000000 0.000000 0.000000 0.615079 -5.864085 2.055025 -59.500219 -33.567626 7.874892 133.450905 -53.999566 -84.458127 0.000000 0.000000 0.000000 18.504300 -8.271887 -5.952099 67.533041 27.351838 6.212517 -160.361656 55.769243 -129.471732 0.000000 0.000000 0.000000 
0.058998 0.955165 0.133421 -2.680496 -10.320180 4.595268 4.903014 -0.430432 -10.755764 -7.091075 2.007089 18.224828 12.196058 22.094865 21.772000 0.000000 0.000000 0.000000 -4.911803 1.301198 -15.324326 1.884351 0.685409 18.190224 -0.406568 -7.609019 13.176758 0.000000 0.000000 0.000000 6.782582 -1.026339 9.578026 -6.794482 1.963964 -25.896107 -5.079682 4.862853 32.050099 11.923432 -6.186319 -25.727473 0.000000 0.000000 0.000000 1.532875 -5.598427 1.899852 -59.691218 -34.600112 8.549886 134.908395 -52.584799 -84.537819 0.000000 0.000000 0.000000 17.855366 -8.056448 -5.667552 67.234130 28.769465 7.062350 -158.358591 53.915225 -124.096985 0.000000 0.000000 0.000000 
0.062129 0.954377 0.133063 -2.579754 -9.996195 4.816428 5.029091 -0.449824 -11.635255 -7.599187 2.194103 18.838842 12.100887 21.939132 22.444863 0.000000 0.000000 0.000000 -5.195228 1.334457 -16.043284 1.855348 0.755012 19.348429 -0.565120 -6.919742 10.737993 0.000000 0.000000 0.000000 6.957460 -1.076153 9.884006 -7.293467 2.085672 -25.856823 -5.102967 4.861314 32.335056 12.267429 -6.229889 -26.487827 0.000000 0.000000 0.000000 2.958436 -5.781054 1.866056 -60.065070 -35.621017 9.300970 135.859477 -50.184992 -82.652408 0.000000 0.000000 0.000000 16.899018 -8.056689 -5.452654 66.902780 29.906208 7.700710 -156.376023 52.449540 -118.954150 0.000000 0.000000 0.000000 
0.065234 0.951074 0.130670 -2.405667 -9.426366 5.028151 5.155885 -0.495323 -13.508278 -8.273556 2.555642 20.975443 12.206914 22.120728 22.604888 0.000000 0.000000 0.000000 -5.680052 1.403048 -17.563852 2.046945 0.807548 21.364733 -0.789392 -6.768963 9.454215 0.000000 0.000000 0.000000 6.572340 -1.145692 11.069013 -7.303968 2.092416 -25.821373 -5.299978 4.827130 32.580332 12.738850 -6.291633 -27.354285 0.000000 0.000000 0.000000 3.498084 -6.312603 2.007393 -60.192596 -36.146794 9.585482 137.577427 -48.223794 -82.355343 0.000000 0.000000 0.000000 16.867779 -7.693880 -5.169810 65.173236 31.200329 8.095084 -154.839053 50.962430 -114.442576 0.000000 0.000000 0.000000 
0.067799 0.946183 0.126755 -2.012532 -8.941584 5.165268 5.244225 -0.549660 -15.949383 -9.005878 3.017692 23.613387 12.457371 22.358962 24.169656 0.000000 0.000000 0.000000 -6.205517 1.451243 -19.054408 2.286908 0.861380 23.721811 -0.677961 -6.431068 9.331942 0.000000 0.000000 0.000000 6.097671 -1.216173 12.599073 -7.678184 2.214130 -24.849371 -5.441829 4.752051 32.124182 13.323194 -6.354458 -28.319341 0.000000 0.000000 0.000000 3.991152 -7.143778 2.248349 -60.304557 -37.158703 10.232314 137.439289 -47.536379 -81.449113 0.000000 0.000000 0.000000 16.727699 -7.199644 -4.824119 63.622647 31.819942 8.177979 -153.996004 49.889092 -111.717742 0.000000 0.000000 0.000000 
0.069587 0.940792 0.122190 -1.847114 -7.953693 5.758763 5.348882 -0.619545 -18.503285 -9.413865 3.284006 25.835171 12.652546 22.701287 24.281630 0.000000 0.000000 0.000000 -6.594065 1.488332 -20.602618 2.734687 0.765698 25.673736 -0.811856 -6.535263 9.213930 0.000000 0.000000 0.000000 5.675636 -1.318881 14.422246 -7.379399 2.147027 -24.952246 -5.694273 4.724848 32.418674 13.800048 -6.574195 -28.208767 0.000000 0.000000 0.000000 4.144070 -8.203409 2.586574 -60.687849 -38.156123 10.785509 137.256611 -46.924047 -80.527866 0.000000 0.000000 0.000000 16.900752 -7.122118 -4.670808 62.137744 32.598640 8.268300 -153.669317 49.407161 -110.084014 0.000000 0.000000 0.000000 
0.070616 0.936906 0.117620 -1.840119 -7.088701 6.385637 5.585531 -0.658968 -20.923634 -9.536557 3.405237 27.615861 12.671042 22.727497 25.517308 0.000000 0.000000 0.000000 -6.772786 1.545940 -22.206458 3.264881 0.590528 27.097623 -1.114635 -7.358075 10.065477 0.000000 0.000000 0.000000 5.616647 -1.470997 16.282939 -7.547387 2.206705 -24.478828 -5.824968 4.053678 31.821649 13.843853 -6.603980 -28.010452 0.000000 0.000000 0.000000 3.657970 -8.912030 2.856693 -60.606341 -39.049597 11.372550 136.420797 -47.878130 -80.822380 0.000000 0.000000 0.000000 16.718038 -6.587965 -4.385104 60.770191 32.639367 8.019034 -152.856695 48.860047 -108.241331 0.000000 0.000000 0.000000 
0.071146 0.933526 0.113641 -2.013730 -6.300028 7.138454 5.972811 -0.658003 -22.765520 -9.735893 3.531561 29.103618 12.145564 22.306522 23.911821 0.000000 0.000000 0.000000 -6.897173 1.587334 -23.541080 3.973611 0.319209 28.220790 -1.804400 -8.281701 8.989758 0.000000 0.000000 0.000000 5.395392 -1.586318 17.964101 -7.494936 2.207807 -24.042987 -5.696569 3.852842 31.204062 13.856604 -7.131664 -25.133332 0.000000 0.000000 0.000000 3.625581 -9.685514 3.123724 -60.786604 -38.632627 11.154926 138.246960 -47.518360 -83.026471 0.000000 0.000000 0.000000 16.694424 -6.647697 -4.357115 59.693984 32.453009 7.737432 -151.591633 48.606834 -105.626055 0.000000 0.000000 0.000000 
0.071265 0.931747 0.110624 -2.141903 -5.649983 7.526241 6.246507 -0.655439 -23.652532 -9.852974 3.564621 29.836476 11.564826 21.766070 22.197326 0.000000 0.000000 0.000000 -6.923297 1.608620 -24.408389 4.461478 0.091079 28.477713 -2.402021 -9.633994 9.692155 0.000000 0.000000 0.000000 5.373632 -1.681021 18.972404 -7.523027 2.243177 -23.370581 -5.563418 3.346400 30.924146 13.351556 -7.111159 -23.733772 0.000000 0.000000 0.000000 2.715426 -9.282245 3.077128 -60.868324 -36.584840 9.906889 140.874427 -49.122856 -88.771753 0.000000 0.000000 0.000000 16.868300 -6.764973 -4.469993 58.693118 31.523487 6.997471 -151.552542 49.623388 -107.056098 0.000000 0.000000 0.000000 
0.071007 0.931802 0.108846 -1.955451 -4.784453 8.073945 6.122431 -0.756120 -24.633422 -9.618733 3.361388 29.974687 10.825070 20.930055 22.390784 0.000000 0.000000 0.000000 -7.253815 1.549297 -25.119093 5.325857 -0.311103 28.177642 -3.648977 -12.265725 10.887425 0.000000 0.000000 0.000000 4.840253 -1.662179 19.702182 -7.471466 2.242430 -23.249256 -5.187850 3.064073 30.584235 13.242233 -7.598656 -20.886084 0.000000 0.000000 0.000000 2.224427 -9.011236 3.037994 -61.976702 -33.573155 8.315001 144.886075 -50.793224 -96.845625 0.000000 0.000000 0.000000 16.935662 -7.491265 -4.835873 58.992903 27.975411 5.187457 -156.798263 51.637554 -118.381471 0.000000 0.000000 0.000000 
0.070635 0.933996 0.107245 -1.865054 -4.440895 8.466168 6.171019 -0.775820 -24.722706 -9.693700 3.289782 29.350663 10.177303 20.166531 21.755434 0.000000 0.000000 0.000000 -7.707761 1.477008 -25.521226 5.727943 -0.498070 27.627520 -4.028281 -12.832283 10.249977 0.000000 0.000000 0.000000 4.328380 -1.638725 20.698272 -7.037563 2.136861 -23.289276 -5.258454 2.952085 31.166701 12.968302 -7.572221 -20.133167 0.000000 0.000000 0.000000 1.519367 -6.634106 2.292598 -63.021180 -29.672723 6.050794 150.482002 -53.089434 -108.017886 0.000000 0.000000 0.000000 17.602264 -8.612223 -5.542367 59.559382 24.087417 3.138836 -164.549479 52.963934 -133.706849 0.000000 0.000000 0.000000 
0.070379 0.938194 0.104245 -1.780065 -3.920389 9.261098 6.098941 -0.841995 -25.157573 -9.270170 2.914428 27.651200 9.499324 19.353819 23.636407 0.000000 0.000000 0.000000 -7.695239 1.471509 -25.881868 5.752214 -0.569337 26.469121 -4.506509 -13.574798 9.471029 0.000000 0.000000 0.000000 4.101208 -1.719823 22.281470 -7.014188 2.139858 -23.096213 -4.838044 2.572136 30.360010 12.476397 -7.773266 -17.244612 0.000000 0.000000 0.000000 2.358773 -4.766629 1.640913 -63.951272 -24.969451 3.531842 154.311318 -54.637586 -116.115224 0.000000 0.000000 0.000000 17.059688 -10.228156 -6.413465 60.407404 19.039168 0.740715 -172.954244 53.397341 -150.667843 0.000000 0.000000 0.000000 
0.070588 0.942493 0.097928 -1.898896 -3.725396 10.509492 6.500088 -0.795312 -25.940379 -9.060649 2.692610 26.037600 7.877168 17.350234 23.724046 0.000000 0.000000 0.000000 -7.785112 1.509302 -26.824529 5.989887 -0.674957 24.654177 -3.848533 -12.280368 9.422586 0.000000 0.000000 0.000000 3.597836 -1.739653 24.239906 -6.348212 1.940576 -24.330960 -4.356170 3.168363 31.063200 12.665755 -7.713204 -17.630943 0.000000 0.000000 0.000000 2.718023 -2.176291 0.779643 -62.905055 -21.238925 1.020601 156.820992 -56.374389 -122.633006 0.000000 0.000000 0.000000 17.021061 -12.187787 -7.393448 60.048338 14.411433 -1.694135 -179.734696 52.283927 -163.704004 0.000000 0.000000 0.000000 
0.071216 0.944742 0.087545 -2.154742 -3.852350 11.835081 7.308855 -0.635592 -28.223063 -9.333553 2.783383 25.715778 7.068733 16.468003 26.500602 0.000000 0.000000 0.000000 -8.031569 1.607393 -28.992700 6.372859 -0.790173 24.366549 -2.307576 -9.467039 10.237002 0.000000 0.000000 0.000000 2.911484 -1.690567 26.602571 -6.097730 1.877831 -24.037839 -3.571151 4.488021 30.509092 12.707808 -7.608672 -17.080980 0.000000 0.000000 0.000000 3.750592 -1.439731 0.584243 -60.690572 -17.617804 -1.306596 156.665732 -58.316941 -125.832112 0.000000 0.000000 0.000000 17.086878 -12.999092 -7.639791 58.090459 12.183291 -2.724197 -178.320642 53.162359 -160.562159 0.000000 0.000000 0.000000 
0.072201 0.944303 0.074688 -2.288154 -4.277261 13.303978 8.181125 -0.385529 -30.574379 -10.104649 3.124040 25.818175 6.247097 15.405662 26.333487 0.000000 0.000000 0.000000 -8.123456 1.776169 -31.317423 6.962754 -0.939942 23.762837 -0.968396 -7.104549 10.984749 0.000000 0.000000 0.000000 1.871468 -1.487270 29.659204 -5.454987 1.699868 -24.795250 -3.197122 6.066555 31.034757 13.759432 -7.743853 -18.737825 0.000000 0.000000 0.000000 4.502761 -0.336532 0.285035 -57.265204 -15.991759 -2.499242 152.489945 -61.862042 -124.250531 0.000000 0.000000 0.000000 16.818550 -13.308524 -7.512824 54.429411 10.302775 -3.616977 -173.117729 56.341962 -151.144373 0.000000 0.000000 0.000000 
0.073021 0.942412 0.062976 -2.306344 -4.135405 14.280664 9.267825 -0.095691 -32.780527 -11.029878 3.430603 25.656191 4.894066 14.044963 28.911772 0.000000 0.000000 0.000000 -8.901011 1.713898 -33.499076 8.210019 -1.345532 23.709088 0.077235 -5.461627 12.284324 0.000000 0.000000 0.000000 1.112351 -1.361342 33.075727 -5.112973 1.612952 -25.639069 -2.567655 7.208189 31.613855 13.602335 -7.530915 -18.309190 0.000000 0.000000 0.000000 6.084774 -0.460024 0.451295 -55.621778 -13.551052 -3.878037 149.948388 -63.808638 -123.670435 0.000000 0.000000 0.000000 15.248267 -13.647527 -7.234613 52.286837 6.485604 -5.116327 -172.775926 61.967283 -152.659327 0.000000 0.000000 0.000000 
0.073481 0.940119 0.054835 -2.731849 -4.658762 15.109936 10.462621 0.326560 -33.703747 -11.811322 3.700496 24.913156 4.251245 13.210967 29.008677 0.000000 0.000000 0.000000 -8.890774 1.872780 -34.935208 8.969301 -1.509124 22.639105 -0.153472 -6.616234 14.132046 0.000000 0.000000 0.000000 0.265574 -1.057873 36.638323 -4.715183 1.519862 -26.263684 -2.273303 8.102539 31.998859 13.502270 -7.323715 -18.196432 0.000000 0.000000 0.000000 8.896916 1.631849 0.071180 -55.238566 -11.014878 -5.078023 150.956680 -67.234292 -128.992704 0.000000 0.000000 0.000000 13.292218 -14.149386 -7.146641 50.891196 3.335898 -6.104284 178.950746 71.217875 -168.090543 0.000000 0.000000 0.000000 
0.073546 0.937565 0.050149 -2.963838 -4.538585 15.918190 11.321532 0.571700 -34.351922 -12.407155 3.818252 24.103103 3.453398 12.177568 28.224426 0.000000 0.000000 0.000000 -9.020700 1.886483 -35.777885 9.371760 -1.615796 21.860682 -0.235796 -6.837048 14.366558 0.000000 0.000000 0.000000 -0.095255 -0.956070 39.148557 -4.537081 1.485070 -26.520130 -2.084795 7.964286 32.549477 12.571432 -7.216950 -15.822680 0.000000 0.000000 0.000000 10.537279 2.866707 -0.156720 -54.778958 -7.103352 -6.796329 159.436397 -71.439167 -143.814399 0.000000 0.000000 0.000000 11.885409 -15.242822 -7.570251 49.702539 -0.440222 -7.330413 150.203224 75.916901 153.639454 0.000000 0.000000 0.000000 
0.073628 0.934615 0.047494 -3.248517 -4.277874 16.530676 12.017988 0.777438 -35.232760 -12.852182 3.965775 24.197962 3.115420 11.721222 27.582207 0.000000 0.000000 0.000000 -8.813918 1.966381 -36.665553 9.703539 -1.708752 21.301602 -0.975265 -8.482548 15.379142 0.000000 0.000000 0.000000 -0.313264 -0.919024 41.245889 -4.367476 1.446888 -27.184252 -1.836348 8.239946 33.075730 12.992720 -7.740051 -14.783890 0.000000 0.000000 0.000000 10.989967 4.609395 -0.571035 -52.425810 -4.293480 -7.767659 173.687935 -74.936671 -165.072472 0.000000 0.000000 0.000000 11.936317 -16.720403 -8.347174 46.201732 -3.084085 -7.761991 120.331745 75.285374 116.409623 0.000000 0.000000 0.000000 
0.073877 0.930099 0.045848 -3.450340 -3.957335 16.654767 12.692992 0.982974 -36.159429 -13.124193 4.139387 25.110483 2.026092 10.481947 27.773140 0.000000 0.000000 0.000000 -8.984338 1.928150 -37.564735 10.386921 -1.948869 21.769109 -1.583342 -9.741983 16.179332 0.000000 0.000000 0.000000 -0.353829 -0.967361 42.632344 -4.235652 1.427578 -27.205485 -1.641036 8.371890 33.574353 13.455022 -8.320419 -13.837467 0.000000 0.000000 0.000000 12.323420 5.311917 -0.599105 -52.323760 -1.745254 -8.873633 -162.694142 -76.319038 164.110615 0.000000 0.000000 0.000000 11.128758 -17.849027 -8.801530 43.741294 -5.391910 -8.049452 109.796748 71.311972 99.992145 0.000000 0.000000 0.000000 
0.074304 0.924169 0.045592 -3.301293 -3.262950 16.829546 12.969762 1.049245 -37.878617 -13.539162 4.462364 27.199970 1.267639 9.733958 28.005220 0.000000 0.000000 0.000000 -9.183675 1.830833 -38.899476 10.752595 -2.195444 23.384971 -2.877529 -11.909995 16.089191 0.000000 0.000000 0.000000 -0.222034 -1.173862 43.866119 -4.193194 1.420849 -28.100071 -1.312337 8.026575 34.703811 14.281380 -9.508746 -12.248600 0.000000 0.000000 0.000000 12.631242 5.845798 -0.750939 -51.272658 -0.147173 -9.423203 -146.700158 -76.548605 144.106852 0.000000 0.000000 0.000000 11.028705 -18.341246 -9.062736 41.022556 -6.909423 -8.065070 103.560577 68.305537 89.372921 0.000000 0.000000 0.000000 
0.074933 0.917959 0.047414 -3.270646 -2.657548 16.577220 13.034515 1.028834 -39.008741 -13.516811 4.618910 29.220825 0.739211 9.323475 28.615040 0.000000 0.000000 0.000000 -9.606838 1.625414 -39.342810 11.246748 -2.501411 25.060128 -3.163813 -12.049485 14.655568 0.000000 0.000000 0.000000 0.096403 -1.448562 44.263613 -4.022790 1.400918 -27.416608 -1.257822 7.976603 34.707702 14.827251 -10.181317 -11.411034 0.000000 0.000000 0.000000 12.449707 6.224029 -0.844346 -51.742468 0.535168 -9.827107 -127.814581 -76.038020 120.990416 0.000000 0.000000 0.000000 10.852006 -18.907026 -9.313039 40.498541 -8.233175 -8.310509 100.454606 66.851948 84.467096 0.000000 0.000000 0.000000 
0.075487 0.911060 0.052348 -2.983520 -1.818139 16.280753 12.840488 0.845417 -39.688400 -13.444740 4.709209 31.209076 -0.205636 8.093657 27.568535 0.000000 0.000000 0.000000 -9.959383 1.384703 -39.720547 11.320288 -2.741853 27.154164 -3.772318 -12.728175 12.893733 0.000000 0.000000 0.000000 0.692490 -1.867141 43.576100 -3.832449 1.374693 -27.800053 -1.411088 7.523888 35.179322 15.273425 -10.639259 -11.349236 0.000000 0.000000 0.000000 11.668486 5.925302 -0.882467 -53.387143 1.698498 -10.695680 -113.979704 -73.831945 103.472420 0.000000 0.000000 0.000000 10.730946 -19.266677 -9.500534 40.018467 -8.930729 -8.420588 99.735287 65.792857 82.346613 0.000000 0.000000 0.000000 
0.075742 0.904945 0.060828 -2.971443 -1.530357 15.203835 12.683533 0.736558 -39.273287 -13.776523 5.083664 33.587674 1.084421 9.398915 25.737805 0.000000 0.000000 0.000000 -9.989576 1.292694 -39.145748 11.416011 -2.947524 29.340890 -3.959131 -12.718335 11.106381 0.000000 0.000000 0.000000 0.772332 -1.935282 43.021129 -3.546844 1.326912 -27.744011 -1.356037 7.628595 34.919199 16.455651 -11.370546 -12.179569 0.000000 0.000000 0.000000 9.798727 5.834520 -1.042160 -54.636121 2.491680 -11.348045 -104.342851 -71.398687 90.456208 0.000000 0.000000 0.000000 10.953215 -19.365034 -9.538127 41.052831 -9.998802 -8.938322 97.209899 65.230408 79.340623 0.000000 0.000000 0.000000 
0.075608 0.899054 0.072932 -3.171093 -0.939598 13.944846 12.639559 0.606298 -38.526091 -13.532929 5.104023 35.565784 1.433453 10.010582 26.132088 0.000000 0.000000 0.000000 -9.808997 1.208402 -38.127251 11.506732 -3.187896 31.319701 -4.185622 -12.878289 9.997273 0.000000 0.000000 0.000000 1.340409 -2.202125 41.073326 -3.599636 1.346759 -27.567642 -1.403386 7.038380 34.869946 15.842150 -11.284736 -11.193971 0.000000 0.000000 0.000000 7.217242 6.362186 -1.560225 -55.290105 4.436333 -12.320866 -97.306110 -66.966316 78.814123 0.000000 0.000000 0.000000 11.611775 -19.430339 -9.707972 42.734055 -11.184556 -9.734295 95.104423 64.125753 76.020291 0.000000 0.000000 0.000000 
0.075476 0.894075 0.087380 -3.044656 -0.824034 11.884877 12.516534 0.514477 -36.914074 -13.648063 5.398241 38.040014 1.366735 10.125074 27.051969 0.000000 0.000000 0.000000 -9.772703 1.123604 -36.431036 11.264603 -3.234610 33.168338 -4.274300 -13.077545 10.504857 0.000000 0.000000 0.000000 1.378122 -2.156948 39.607675 -3.630227 1.366577 -26.860694 -1.309566 6.948865 34.189745 16.768311 -12.448372 -10.213061 0.000000 0.000000 0.000000 5.592172 6.788195 -1.870103 -55.188424 6.433190 -13.118732 -93.023840 -63.528423 70.809029 0.000000 0.000000 0.000000 11.781679 -19.788090 -9.884837 43.942410 -13.162351 -10.593459 92.747310 62.688124 72.166919 0.000000 0.000000 0.000000 
0.075922 0.889390 0.100233 -3.202569 -1.204269 9.947351 12.845370 0.664585 -35.773662 -14.251189 6.128426 41.105689 2.128259 11.243421 28.418182 0.000000 0.000000 0.000000 -9.397002 1.215169 -35.179252 11.047570 -3.241011 35.621435 -4.314050 -13.191157 10.730253 0.000000 0.000000 0.000000 1.431548 -2.046100 38.166173 -4.102994 1.464515 -26.722284 -1.113143 6.889501 34.329805 16.362929 -12.340917 -9.862232 0.000000 0.000000 0.000000 5.993425 7.362533 -1.993724 -55.049592 8.593216 -14.060724 -92.851817 -61.570424 68.704901 0.000000 0.000000 0.000000 12.573055 -19.626770 -9.914604 44.083497 -14.360878 -11.134157 93.934011 63.002606 73.593537 0.000000 0.000000 0.000000 
0.077326 0.885850 0.108721 -3.098736 -1.668773 8.456323 12.747267 0.690463 -34.778381 -15.050906 6.839885 42.709116 4.338031 14.059424 30.702061 0.000000 0.000000 0.000000 -9.142730 1.286679 -34.278030 10.680267 -3.104587 37.420239 -4.737587 -14.060657 11.016560 0.000000 0.000000 0.000000 1.293729 -1.901320 37.739940 -4.239914 1.502733 -26.222050 -1.024596 7.819729 33.554792 16.456881 -12.795638 -8.587802 0.000000 0.000000 0.000000 5.647543 6.847294 -1.797913 -52.687788 9.286919 -13.712638 -94.348143 -61.978616 69.711755 0.000000 0.000000 0.000000 12.709901 -20.244016 -10.153482 43.405185 -15.558629 -11.277499 95.559494 63.009294 75.478701 0.000000 0.000000 0.000000 
0.079397 0.882315 0.111738 -2.727550 -2.238253 7.627154 12.797818 0.801941 -34.785414 -15.973506 7.762633 44.642989 4.518144 14.258947 31.226746 0.000000 0.000000 0.000000 -9.591908 1.235374 -34.659661 10.982268 -3.265307 39.538544 -5.254141 -15.154214 11.654622 0.000000 0.000000 0.000000 1.070410 -1.741031 37.982256 -4.331247 1.525619 -25.539963 -1.403970 8.453973 33.243055 16.517940 -12.884154 -8.414889 0.000000 0.000000 0.000000 6.387379 5.956987 -1.368080 -50.728997 9.075615 -13.094947 -95.849152 -64.246439 73.061935 0.000000 0.000000 0.000000 12.121355 -19.909884 -9.792378 41.949247 -16.060903 -11.015862 98.431105 64.038216 79.509927 0.000000 0.000000 0.000000 
0.081114 0.879408 0.109663 -2.400327 -2.220178 6.884966 13.180759 0.942123 -35.282121 -17.074312 8.597954 46.034718 4.031003 13.951278 33.144129 0.000000 0.000000 0.000000 -9.961882 1.133862 -35.279063 11.672497 -3.723884 41.369654 -6.740546 -17.928934 12.827352 0.000000 0.000000 0.000000 0.754454 -1.669327 39.269185 -4.301878 1.526370 -25.626124 -1.341827 8.949954 33.129226 16.879699 -12.881268 -9.185735 0.000000 0.000000 0.000000 8.143112 4.457749 -0.622864 -49.104278 8.393995 -12.433035 -98.814165 -66.689163 77.990488 0.000000 0.000000 0.000000 11.424546 -19.700838 -9.477003 40.844298 -16.600890 -10.830788 100.028593 65.444112 82.932307 0.000000 0.000000 0.000000 
0.082105 0.877300 0.103766 -2.016919 -2.339973 7.024933 13.652754 1.146552 -36.251288 -18.188921 9.391298 46.622311 3.075086 12.911404 33.078553 0.000000 0.000000 0.000000 -10.398111 1.066217 -36.707652 12.371309 -4.146679 42.626557 -8.071143 -20.298073 13.462098 0.000000 0.000000 0.000000 -0.057602 -1.383507 41.238174 -3.696105 1.394877 -25.759024 -1.572700 9.175176 33.331817 16.705075 -12.852500 -8.820425 0.000000 0.000000 0.000000 9.425281 3.916205 -0.301357 -47.655779 7.014282 -11.568535 -98.914746 -69.810214 81.123824 0.000000 0.000000 0.000000 11.802471 -19.093403 -9.185854 39.756078 -16.205403 -10.473596 100.078771 67.769622 85.553037 0.000000 0.000000 0.000000 
0.082622 0.876548 0.095900 -1.771976 -1.899085 7.493432 13.984780 1.229967 -37.541022 -18.665462 9.615669 46.926540 1.369412 11.032950 32.617890 0.000000 0.000000 0.000000 -10.724864 0.935818 -37.907005 13.148148 -4.711223 43.317872 -9.284073 -22.359174 12.898365 0.000000 0.000000 0.000000 -0.248389 -1.430554 43.125432 -3.896240 1.445505 -25.582218 -1.237675 8.831897 33.296646 16.190349 -12.784381 -7.658778 0.000000 0.000000 0.000000 10.946264 2.977377 0.114927 -47.059269 6.017189 -11.048977 -99.299765 -73.215767 85.069503 0.000000 0.000000 0.000000 11.807693 -18.593486 -8.935165 39.375954 -15.843871 -10.274031 103.618882 70.540754 92.255574 0.000000 0.000000 0.000000 
0.083025 0.877592 0.087439 -1.678816 -1.877809 7.862484 14.213262 1.309896 -37.875065 -18.905460 9.575964 45.970989 0.340684 9.746674 31.844130 0.000000 0.000000 0.000000 -10.553096 1.007543 -38.838487 13.089467 -4.674749 43.152526 -10.030059 -23.614108 13.554264 0.000000 0.000000 0.000000 -0.859973 -1.217324 45.235488 -3.160442 1.287220 -25.842911 -1.169266 9.368325 33.776556 16.447884 -13.058663 -7.431399 0.000000 0.000000 0.000000 12.108974 3.450922 0.165763 -46.476931 4.695414 -10.528268 -98.771001 -76.028167 87.051536 0.000000 0.000000 0.000000 12.082010 -18.480206 -8.850063 39.270300 -15.543299 -10.204056 107.639520 72.568987 99.151789 0.000000 0.000000 0.000000 
0.083782 0.879835 0.079346 -1.693968 -1.647743 8.363158 14.028487 1.235961 -38.594482 -18.430969 9.037814 44.847715 -0.490771 9.159406 33.492752 0.000000 0.000000 0.000000 -10.363262 1.049838 -39.451399 13.119971 -4.676610 42.383453 -10.773603 -24.817719 14.077315 0.000000 0.000000 0.000000 -1.274744 -1.108375 46.881098 -2.712237 1.196996 -25.515845 -0.915069 10.017267 33.828673 16.123895 -13.023888 -6.485966 0.000000 0.000000 0.000000 12.860749 3.277289 0.366571 -46.220922 3.914731 -10.296373 -102.474922 -78.934799 93.355583 0.000000 0.000000 0.000000 12.550483 -18.481899 -8.836255 38.238246 -14.846227 -9.769779 116.246946 75.489771 112.040785 0.000000 0.000000 0.000000 
0.084964 0.882260 0.072521 -1.702336 -1.186319 8.998207 13.488693 0.975235 -38.819381 -17.769033 8.321474 43.470894 -0.599609 8.770671 32.007595 0.000000 0.000000 0.000000 -10.321833 1.009079 -40.066497 13.076307 -4.665988 41.426210 -11.406919 -25.729314 15.148706 0.000000 0.000000 0.000000 -1.304526 -1.230733 48.512396 -2.649454 1.189920 -25.688168 -0.398626 10.501440 34.056394 16.373011 -13.534446 -5.595134 0.000000 0.000000 0.000000 13.245842 4.296547 0.232083 -45.343462 3.115514 -9.867338 -109.267858 -80.276586 101.178753 0.000000 0.000000 0.000000 12.438938 -18.932118 -9.000772 37.124474 -14.127309 -9.296107 118.031309 77.780101 116.599708 0.000000 0.000000 0.000000 
0.086514 0.884738 0.067274 -1.804322 -0.753584 9.662875 13.249255 0.813946 -38.931006 -17.347125 7.712644 41.712831 -0.965879 8.340197 31.761690 0.000000 0.000000 0.000000 -10.337680 0.947282 -40.310134 13.081461 -4.664497 40.404615 -11.390308 -25.703002 14.932342 0.000000 0.000000 0.000000 -1.237769 -1.367303 48.694010 -2.356046 1.129872 -24.888002 -0.255187 11.254834 33.823806 16.296615 -13.780103 -4.619332 0.000000 0.000000 0.000000 12.957168 4.079071 0.347414 -45.305882 3.101532 -9.920637 -117.795293 -80.831827 110.118210 0.000000 0.000000 0.000000 13.343078 -18.587400 -8.808635 35.904223 -13.964902 -8.985585 123.965377 79.631747 125.178557 0.000000 0.000000 0.000000 
0.087892 0.887416 0.063825 -1.740330 -0.386059 10.340546 12.689208 0.559139 -39.085522 -16.911669 7.227565 40.524792 -0.533681 8.572954 30.340929 0.000000 0.000000 0.000000 -10.428240 0.864999 -40.247051 12.972630 -4.559104 39.059532 -11.385244 -25.731000 14.461838 0.000000 0.000000 0.000000 -1.094917 -1.544191 49.491007 -2.734344 1.212800 -25.661675 0.214233 11.245692 34.297744 16.651800 -14.466886 -3.922239 0.000000 0.000000 0.000000 11.032555 3.664679 0.160695 -44.312983 3.331145 -9.754072 -126.044917 -81.611703 119.574864 0.000000 0.000000 0.000000 14.268820 -18.009894 -8.563068 34.610262 -13.237477 -8.593362 122.040645 81.088660 124.082776 0.000000 0.000000 0.000000 
0.088856 0.889993 0.061797 -1.676779 -0.126330 10.807603 12.098016 0.311247 -38.918582 -16.445133 6.746714 39.217163 0.170144 9.269317 29.554032 0.000000 0.000000 0.000000 -10.530577 0.793030 -39.946717 12.684932 -4.365306 37.910290 -10.869289 -24.928609 13.832331 0.000000 0.000000 0.000000 -0.774774 -1.750299 49.144083 -2.774725 1.222933 -25.297881 0.225684 11.500756 34.057346 17.176422 -14.962644 -3.925733 0.000000 0.000000 0.000000 9.365519 3.273319 0.053047 -43.524482 2.386446 -9.207153 -126.744605 -82.651895 120.956126 0.000000 0.000000 0.000000 14.985860 -17.551435 -8.325047 33.808493 -12.417194 -8.254596 116.386578 82.006867 118.743373 0.000000 0.000000 0.000000 
0.089286 0.893492 0.060640 -1.514752 0.390055 11.050234 11.517583 0.027631 -38.639450 -15.989452 6.277422 38.184302 0.302177 9.388793 29.050292 0.000000 0.000000 0.000000 -10.779892 0.626845 -39.071120 12.531251 -4.237795 36.319678 -10.455405 -24.217401 13.387062 0.000000 0.000000 0.000000 -0.536341 -1.955746 48.556126 -3.122257 1.303577 -25.976854 0.534540 11.164175 34.563873 17.383354 -14.839999 -4.802479 0.000000 0.000000 0.000000 7.708020 2.218950 0.096029 -43.007213 1.629413 -8.835352 -129.331438 -82.964827 124.146139 0.000000 0.000000 0.000000 15.310883 -17.378818 -8.270406 34.360204 -11.336842 -8.228625 117.886818 81.326670 119.871862 0.000000 0.000000 0.000000 
0.089582 0.896659 0.059759 -1.417801 0.565744 11.193742 11.145396 -0.122861 -38.426669 -15.569171 5.913719 37.208566 0.157894 9.463861 30.151167 0.000000 0.000000 0.000000 -10.737930 0.610432 -38.250340 12.196067 -3.949402 34.460383 -10.517784 -24.255988 13.925349 0.000000 0.000000 0.000000 -0.301765 -2.062559 47.618160 -3.235715 1.326280 -26.261289 0.329471 10.727131 34.855534 17.642468 -14.355799 -6.628386 0.000000 0.000000 0.000000 7.107653 2.175638 0.004486 -43.073326 0.103719 -8.362017 -125.324009 -83.366125 120.562163 0.000000 0.000000 0.000000 15.087856 -17.214445 -8.204797 35.431378 -9.830369 -8.174821 116.672747 80.255054 117.764119 0.000000 0.000000 0.000000 
0.089705 0.900076 0.058889 -1.371072 0.722688 11.459755 10.756007 -0.273905 -38.123942 -14.997463 5.485335 36.108471 -0.043415 9.284036 30.327417 0.000000 0.000000 0.000000 -10.916567 0.539926 -37.231569 12.027700 -3.724713 32.412806 -9.801246 -23.057767 13.516608 0.000000 0.000000 0.000000 0.024891 -2.180747 46.268760 -3.710537 1.424815 -26.153216 0.542727 10.022845 34.689967 17.371656 -13.820683 -7.362174 0.000000 0.000000 0.000000 6.050242 1.306917 0.102420 -43.557632 -1.376222 -7.930343 -122.985944 -83.467843 118.768309 0.000000 0.000000 0.000000 15.187927 -17.068889 -8.224907 37.295392 -8.076080 -8.192721 122.731124 78.721073 123.395702 0.000000 0.000000 0.000000 
0.089732 0.903129 0.057956 -1.575986 0.383780 11.555114 10.750441 -0.221461 -37.545425 -14.517799 5.226761 35.251139 -0.400653 8.656228 29.578067 0.000000 0.000000 0.000000 -10.462879 0.725859 -36.606284 11.632213 -3.399159 31.008761 -9.524047 -22.615870 13.596077 0.000000 0.000000 0.000000 0.306425 -2.175642 44.941128 -3.755008 1.424996 -26.111114 0.327800 9.381523 34.871267 17.121492 -13.013833 -8.937638 0.000000 0.000000 0.000000 5.833542 1.622120 -0.047561 -45.240660 -2.693582 -7.784734 -125.209856 -83.143243 121.717976 0.000000 0.000000 0.000000 14.520865 -16.853116 -8.146623 40.175111 -6.356859 -8.291415 127.367407 76.937261 127.468651 0.000000 0.000000 0.000000 
0.089517 0.905082 0.057087 -1.655548 0.095006 11.766529 10.599302 -0.225350 -37.260355 -14.068484 4.958303 34.224041 -0.340011 8.834761 30.252315 0.000000 0.000000 0.000000 -10.303805 0.815454 -36.054588 11.341402 -3.149948 29.707318 -8.939238 -21.668536 13.074272 0.000000 0.000000 0.000000 0.523221 -2.139711 43.408380 -3.585171 1.386218 -25.616810 0.081607 8.914013 34.375733 16.727728 -12.259880 -10.008555 0.000000 0.000000 0.000000 4.410671 1.413723 -0.170279 -48.003026 -3.569582 -7.869484 -129.760419 -83.228978 127.597025 0.000000 0.000000 0.000000 14.378307 -16.503824 -8.032556 43.846656 -5.775935 -8.719113 136.960366 74.598461 137.414227 0.000000 0.000000 0.000000 
0.088990 0.906099 0.056168 -1.927671 -0.528607 11.976542 10.712586 -0.090891 -37.227685 -13.628124 4.851941 34.048168 -0.348723 8.647214 29.844865 0.000000 0.000000 0.000000 -10.099029 0.969103 -35.915459 11.201448 -2.961376 28.902212 -8.090179 -20.266679 12.756007 0.000000 0.000000 0.000000 0.721745 -2.061711 42.310914 -3.432317 1.341527 -25.950268 -0.077881 8.375456 34.908057 16.829641 -11.709681 -12.121091 0.000000 0.000000 0.000000 2.618092 2.014830 -0.614141 -50.858690 -4.554681 -7.935361 -142.414362 -82.586557 142.218505 0.000000 0.000000 0.000000 14.728869 -16.571098 -8.254053 46.550399 -4.943877 -8.949073 144.639968 72.018398 145.339785 0.000000 0.000000 0.000000 
0.088195 0.905644 0.055236 -2.160247 -1.068366 12.094039 10.964081 0.074432 -37.278093 -13.692852 4.958155 33.939956 0.407732 9.468134 29.863569 0.000000 0.000000 0.000000 -10.148169 1.038992 -35.931335 11.729152 -3.071399 28.602562 -7.675695 -19.588450 12.057390 0.000000 0.000000 0.000000 0.930124 -2.025380 41.519443 -3.331460 1.309698 -25.197529 -0.485771 7.861421 34.007734 16.055347 -10.751247 -13.097719 0.000000 0.000000 0.000000 1.103771 1.778684 -0.704470 -54.193613 -4.630404 -8.225913 -155.816657 -81.745477 157.906640 0.000000 0.000000 0.000000 14.820768 -16.186482 -8.195599 49.911040 -4.955662 -9.384027 151.903628 69.119600 153.259975 0.000000 0.000000 0.000000 
0.087051 0.904896 0.054498 -2.258363 -1.871541 12.028563 11.301603 0.299921 -36.957224 -13.781070 5.100216 33.724826 0.223526 9.103062 29.689629 0.000000 0.000000 0.000000 -9.945914 1.205012 -35.875385 11.845745 -2.999077 28.325927 -7.554940 -19.451670 11.506999 0.000000 0.000000 0.000000 0.915040 -1.864846 40.997061 -3.486039 1.325501 -25.317878 -0.696631 7.559850 34.083920 15.966538 -10.657243 -13.470216 0.000000 0.000000 0.000000 0.086936 1.785934 -0.812971 -56.831573 -4.478551 -8.622346 -164.233558 -78.947638 167.909865 0.000000 0.000000 0.000000 15.329487 -15.873536 -8.199170 52.554602 -5.262618 -9.983680 154.285730 66.222537 154.983667 0.000000 0.000000 0.000000 
0.085729 0.905482 0.053651 -2.315850 -2.439722 11.704624 11.497485 0.439443 -36.456810 -13.734017 5.148898 33.552564 -0.009921 8.806878 29.997285 0.000000 0.000000 0.000000 -9.626843 1.353987 -35.549979 11.850227 -2.914833 28.093990 -7.633436 -19.647213 11.404561 0.000000 0.000000 0.000000 1.134576 -1.854833 40.753707 -3.629389 1.349640 -25.037299 -1.088673 7.334945 34.124635 15.597170 -10.446955 -13.456015 0.000000 0.000000 0.000000 -0.420889 2.012850 -0.939157 -57.355961 -4.476818 -8.656055 -169.260409 -75.783614 174.155785 0.000000 0.000000 0.000000 15.809243 -15.882063 -8.354271 53.708525 -5.671456 -10.407283 157.079826 63.281064 157.545115 0.000000 0.000000 0.000000 
0.084379 0.908610 0.052361 -2.410596 -2.750217 11.612677 11.415244 0.450139 -36.034054 -13.071878 4.780164 32.496739 -0.531117 8.666557 32.498445 0.000000 0.000000 0.000000 -9.469407 1.431399 -35.393946 11.895225 -2.857070 27.527046 -7.457241 -19.398065 12.599707 0.000000 0.000000 0.000000 1.288450 -1.862202 40.556909 -3.980746 1.422635 -24.451521 -1.530316 6.641239 33.169526 14.847053 -10.148839 -12.585698 0.000000 0.000000 0.000000 0.100247 2.702848 -1.120312 -57.406750 -3.941388 -8.709187 -168.865080 -71.300150 173.461817 0.000000 0.000000 0.000000 15.003751 -16.331572 -8.648890 53.209624 -6.328624 -10.461956 157.766250 59.796289 155.775948 0.000000 0.000000 0.000000 
0.083030 0.913887 0.049764 -2.330527 -3.058883 11.716177 11.349892 0.454274 -35.569168 -12.755069 4.550566 31.300896 -1.237634 8.018952 33.424045 0.000000 0.000000 0.000000 -9.091260 1.561882 -35.190339 11.354957 -2.585137 26.654260 -7.247766 -19.102562 13.613088 0.000000 0.000000 0.000000 0.879310 -1.633873 40.328287 -3.970495 1.415368 -24.942793 -1.271769 6.610656 33.386237 14.536082 -9.903467 -12.656603 0.000000 0.000000 0.000000 1.656720 3.649575 -1.307370 -56.714760 -2.913163 -9.069494 -167.226643 -65.998743 170.034749 0.000000 0.000000 0.000000 13.708557 -17.423520 -9.069352 51.404734 -7.315454 -10.458715 159.847525 56.971234 157.244665 0.000000 0.000000 0.000000 
0.081663 0.918528 0.045946 -2.507878 -3.296244 12.144354 11.629621 0.587164 -35.970537 -12.337393 4.324578 30.512549 -2.460833 7.201722 35.909418 0.000000 0.000000 0.000000 -8.839004 1.673012 -35.319369 11.251568 -2.470741 25.686533 -6.766198 -18.353932 14.530552 0.000000 0.000000 0.000000 0.877568 -1.588552 40.060185 -4.077079 1.427692 -25.396114 -1.679584 6.556542 33.628902 13.948328 -9.110872 -13.782355 0.000000 0.000000 0.000000 3.684239 5.329558 -1.684713 -57.100106 -2.553171 -9.250808 -166.297852 -62.004456 167.745755 0.000000 0.000000 0.000000 12.636797 -18.952897 -9.769110 49.831755 -7.767214 -10.234330 161.381651 54.206704 157.882235 0.000000 0.000000 0.000000 
0.080269 0.921732 0.042237 -2.641903 -3.374533 12.709075 12.064785 0.749858 -36.480412 -12.404153 4.298704 29.896887 -3.231943 6.587836 36.856231 0.000000 0.000000 0.000000 -8.663982 1.775289 -36.082992 11.231496 -2.432234 25.230883 -6.719475 -18.399120 16.151010 0.000000 0.000000 0.000000 0.730102 -1.503191 39.600589 -4.139113 1.436068 -25.542225 -1.733249 6.510340 33.565267 13.960885 -9.043492 -14.045313 0.000000 0.000000 0.000000 3.939984 5.686870 -1.788002 -57.179901 -2.501979 -9.240972 -166.830662 -60.412013 168.273178 0.000000 0.000000 0.000000 12.891382 -20.091487 -10.491548 48.680050 -7.541971 -9.884723 162.114476 53.876675 158.758987 0.000000 0.000000 0.000000 
0.079076 0.923328 0.040189 -2.803619 -3.796736 13.067730 12.301417 0.908102 -36.764559 -12.255266 4.246744 29.446330 -3.399159 6.650348 38.099331 0.000000 0.000000 0.000000 -8.353936 1.960056 -36.786394 11.467563 -2.482313 25.567023 -6.973899 -18.898284 16.288871 0.000000 0.000000 0.000000 0.473459 -1.319774 38.909621 -4.132469 1.424609 -25.525818 -1.772055 6.742219 33.643525 14.165818 -9.117212 -14.330181 0.000000 0.000000 0.000000 3.323780 6.422761 -2.130883 -57.820645 -2.695252 -9.246007 -167.296209 -59.910980 169.087015 0.000000 0.000000 0.000000 14.403976 -20.336951 -10.967912 48.799744 -6.744197 -9.671676 162.838722 54.436481 160.467876 0.000000 0.000000 0.000000 
0.078128 0.925356 0.040163 -3.116456 -3.703653 12.938987 12.435847 0.914742 -36.237788 -11.931342 4.028438 28.711424 -3.171223 7.022600 38.669912 0.000000 0.000000 0.000000 -8.057019 2.005796 -36.350556 11.478502 -2.473621 25.262896 -6.570001 -18.213678 16.390987 0.000000 0.000000 0.000000 0.681169 -1.405581 38.326983 -4.255260 1.451245 -25.191408 -1.808305 6.626453 33.198778 13.804454 -8.955553 -13.912884 0.000000 0.000000 0.000000 1.017192 5.943682 -2.248262 -58.554082 -3.727468 -8.829310 -164.598217 -60.497682 164.954800 0.000000 0.000000 0.000000 15.839417 -19.564566 -10.838611 50.690167 -4.994589 -9.423810 164.602017 55.074018 164.646007 0.000000 0.000000 0.000000 
0.077402 0.928384 0.041553 -3.265372 -3.941041 12.833171 12.273140 0.862688 -35.377880 -11.213692 3.685053 27.816341 -3.644505 6.507780 38.730752 0.000000 0.000000 0.000000 -7.594295 2.130939 -35.860908 11.148029 -2.311873 24.719970 -6.468733 -18.112114 16.926482 0.000000 0.000000 0.000000 0.399427 -1.245579 37.441439 -4.000799 1.392710 -24.848483 -1.879852 6.718021 32.684690 14.112435 -9.311061 -13.540102 0.000000 0.000000 0.000000 -0.290186 5.554824 -2.263517 -58.982420 -3.898228 -8.778345 -160.512057 -60.886002 158.375235 0.000000 0.000000 0.000000 17.153239 -18.594693 -10.537767 51.626108 -3.219134 -8.948696 164.453549 55.996955 165.088656 0.000000 0.000000 0.000000 
0.076665 0.932026 0.043543 -3.245514 -4.208210 12.324071 11.850078 0.714181 -33.977702 -10.610167 3.371111 26.651572 -3.355606 6.866079 39.205848 0.000000 0.000000 0.000000 -6.965233 2.221470 -34.412119 10.184692 -1.940426 23.833444 -5.898954 -17.142709 16.306273 0.000000 0.000000 0.000000 0.409933 -1.189967 36.257037 -4.001383 1.392125 -24.612467 -1.863595 7.368770 32.471150 14.552195 -9.792198 -12.878409 0.000000 0.000000 0.000000 -0.026266 5.183035 -2.084709 -58.994333 -3.713743 -8.925403 -158.176778 -60.093496 153.651763 0.000000 0.000000 0.000000 17.645537 -18.369949 -10.382489 51.759060 -2.074169 -8.557911 166.656083 55.893603 169.764753 0.000000 0.000000 0.000000 
0.075978 0.935246 0.045351 -3.407128 -4.376708 11.641047 11.652877 0.638535 -32.835820 -9.915628 3.073164 26.032865 -3.587520 6.947613 40.622184 0.000000 0.000000 0.000000 -6.490710 2.244963 -32.957431 9.491913 -1.675355 22.781707 -5.124133 -15.919303 16.845292 0.000000 0.000000 0.000000 0.551738 -1.200251 35.061108 -3.820067 1.355658 -24.079341 -1.894610 7.622448 32.159241 14.317547 -10.010970 -11.474307 0.000000 0.000000 0.000000 -0.000363 5.915932 -2.346768 -57.153981 -3.807421 -8.602895 -156.872386 -58.677648 150.093364 0.000000 0.000000 0.000000 17.139350 -18.461736 -10.287839 49.939578 -0.538498 -7.710635 169.840295 54.847870 175.487426 0.000000 0.000000 0.000000 
0.075238 0.937077 0.046873 -3.326052 -4.609543 11.312327 11.302458 0.547910 -32.216689 -9.376829 2.859024 25.574303 -3.693961 7.126341 41.948311 0.000000 0.000000 0.000000 -6.190699 2.277108 -32.203933 9.089825 -1.518127 22.134259 -5.143525 -16.018115 17.159719 0.000000 0.000000 0.000000 0.569432 -1.154037 33.880619 -3.807963 1.351794 -24.256983 -1.663710 7.810269 32.557833 14.568012 -10.480683 -10.720489 0.000000 0.000000 0.000000 1.341283 6.002482 -2.190598 -56.383734 -3.560169 -8.663521 -155.710932 -56.783434 146.751931 0.000000 0.000000 0.000000 15.770923 -18.553394 -10.041959 48.321650 0.784065 -7.045251 172.451887 54.192376 -179.496709 0.000000 0.000000 0.000000 
0.074665 0.937910 0.048162 -3.404659 -4.641900 11.272045 11.106533 0.485536 -31.844643 -8.904800 2.674199 25.344311 -3.596415 7.077483 41.399069 0.000000 0.000000 0.000000 -5.916131 2.305221 -31.715140 8.799926 -1.416750 21.619249 -4.990641 -15.751842 16.980339 0.000000 0.000000 0.000000 0.920305 -1.233791 32.218740 -3.827645 1.357340 -24.037066 -1.694790 7.882929 32.692773 14.270835 -10.420294 -10.190434 0.000000 0.000000 0.000000 2.147275 6.596334 -2.290912 -55.573616 -3.600547 -8.532000 -155.414145 -55.231051 144.966459 0.000000 0.000000 0.000000 15.104708 -18.599215 -9.927598 46.451783 2.464271 -6.265657 174.028043 53.535449 -176.531080 0.000000 0.000000 0.000000 
0.074224 0.937577 0.049811 -3.368444 -4.719389 11.091037 11.009197 0.465280 -31.703523 -8.789556 2.645355 25.425642 -3.480787 7.393738 42.299732 0.000000 0.000000 0.000000 -5.783419 2.321851 -31.490163 8.653105 -1.367206 21.556901 -5.162931 -16.069431 17.166313 0.000000 0.000000 0.000000 1.197342 -1.287225 31.046772 -3.964698 1.386521 -24.103685 -1.475402 7.930198 32.855343 14.263574 -10.651164 -9.492745 0.000000 0.000000 0.000000 2.265015 6.451834 -2.220042 -55.137019 -3.774856 -8.413608 -155.744330 -54.244820 144.826015 0.000000 0.000000 0.000000 14.595686 -18.603396 -9.822175 45.429058 4.169618 -5.609679 175.094999 52.925424 -174.402839 0.000000 0.000000 0.000000 
0.074025 0.937144 0.052418 -3.357942 -4.653572 11.024967 10.851527 0.404873 -31.367803 -8.813153 2.654001 25.497147 -2.635278 7.916844 41.002542 0.000000 0.000000 0.000000 -5.539918 2.334122 -31.054315 8.461055 -1.316228 21.613086 -5.392561 -16.226676 15.241926 0.000000 0.000000 0.000000 1.536455 -1.356727 29.553941 -3.942713 1.381871 -24.055181 -1.376991 7.983435 33.131382 14.576457 -10.891770 -9.761860 0.000000 0.000000 0.000000 2.139863 6.604207 -2.289345 -54.853746 -4.244044 -8.207703 -156.124573 -53.899644 145.254926 0.000000 0.000000 0.000000 15.170535 -18.502735 -9.852800 44.429685 6.211176 -4.950923 174.946574 51.890736 -174.635755 0.000000 0.000000 0.000000 
0.073888 0.936672 0.056545 -3.344802 -4.499528 10.760623 10.617450 0.315375 -31.031631 -8.838094 2.645229 25.482411 -1.280568 9.463121 42.071634 0.000000 0.000000 0.000000 -5.400315 2.294929 -30.410241 8.207868 -1.261566 22.054367 -5.344818 -15.867636 13.175491 0.000000 0.000000 0.000000 2.051948 -1.477826 28.238233 -4.052525 1.409969 -23.947257 -1.388687 7.684331 32.998031 14.281409 -11.021224 -8.681036 0.000000 0.000000 0.000000 1.512160 6.489535 -2.326155 -54.799924 -4.432644 -8.095921 -156.447098 -53.585991 145.847439 0.000000 0.000000 0.000000 15.443265 -18.218213 -9.771196 44.311490 8.011667 -4.381024 173.591882 50.987603 -177.658947 0.000000 0.000000 0.000000 
0.073955 0.936325 0.062330 -3.328784 -4.355880 10.084205 10.274680 0.185251 -29.936036 -8.809335 2.619068 25.479024 0.184083 10.789403 41.640920 0.000000 0.000000 0.000000 -5.289956 2.189627 -29.062900 7.839827 -1.163730 21.996830 -5.251804 -15.461759 11.646751 0.000000 0.000000 0.000000 2.704445 -1.613431 26.893141 -4.225637 1.455210 -24.158246 -1.201152 7.265774 33.570593 14.044405 -11.073763 -8.265183 0.000000 0.000000 0.000000 0.704210 6.745461 -2.522118 -55.105578 -5.311928 -7.791492 -155.983040 -53.506097 145.515889 0.000000 0.000000 0.000000 15.827430 -18.094480 -9.812087 44.651414 9.116386 -4.118777 172.227771 50.226040 179.152509 0.000000 0.000000 0.000000 
0.074306 0.936029 0.069339 -3.097874 -4.200110 9.504333 9.785740 0.023179 -28.854595 -8.723017 2.568154 25.466046 0.768130 11.292394 41.171254 0.000000 0.000000 0.000000 -5.392784 2.061992 -27.958596 7.575257 -1.105981 22.613081 -5.371327 -15.404405 9.908280 0.000000 0.000000 0.000000 3.190250 -1.683124 25.543270 -4.387414 1.499319 -24.179750 -1.221682 6.694284 33.618538 13.542359 -10.784605 -8.028241 0.000000 0.000000 0.000000 0.256580 6.427700 -2.446173 -55.762901 -5.733256 -7.654443 -156.672086 -53.861254 147.670289 0.000000 0.000000 0.000000 15.672226 -17.907446 -9.741441 46.362078 9.252092 -4.148597 170.282927 49.274315 174.628025 0.000000 0.000000 0.000000 
0.074980 0.935710 0.076980 -2.895107 -4.236548 8.675286 9.336563 -0.092170 -27.733362 -8.753359 2.625002 26.060079 1.492057 11.885083 40.543650 0.000000 0.000000 0.000000 -5.432712 1.945488 -26.630991 7.217156 -0.998961 23.048539 -5.373507 -15.181006 8.537005 0.000000 0.000000 0.000000 3.762836 -1.739551 24.134117 -4.493689 1.530404 -23.930093 -1.364213 6.104065 33.612310 12.919193 -10.171159 -8.588570 0.000000 0.000000 0.000000 -0.726514 6.769194 -2.676379 -56.306165 -6.889034 -7.134248 -157.498256 -54.955075 150.637533 0.000000 0.000000 0.000000 15.762946 -17.518618 -9.620098 48.186964 9.443255 -4.164110 168.094392 49.360707 169.718577 0.000000 0.000000 0.000000 
0.075610 0.934610 0.084704 -2.669722 -4.029779 7.892273 8.890492 -0.215066 -27.076056 -8.569667 2.586357 26.813512 1.610364 12.262872 42.074721 0.000000 0.000000 0.000000 -5.698762 1.789974 -25.483740 7.164666 -1.005511 23.765284 -5.440451 -15.113955 7.540541 0.000000 0.000000 0.000000 4.305189 -1.779877 22.666058 -4.768287 1.606969 -23.624690 -1.204273 5.538420 33.661962 12.060653 -9.470730 -8.609918 0.000000 0.000000 0.000000 -1.350986 6.211730 -2.509361 -57.431583 -8.375448 -6.505409 -159.335353 -55.883731 155.198455 0.000000 0.000000 0.000000 15.462015 -17.616079 -9.668495 51.049362 9.071132 -4.401254 165.908736 49.701776 165.354504 0.000000 0.000000 0.000000 
0.075767 0.933805 0.092523 -2.526424 -3.744998 6.848622 8.539186 -0.313169 -25.996809 -8.558540 2.602909 27.602884 2.247460 12.950114 42.429445 0.000000 0.000000 0.000000 -5.713604 1.662900 -24.129512 7.173766 -1.035950 24.377604 -5.533472 -15.098719 6.592828 0.000000 0.000000 0.000000 4.667568 -1.771254 21.375108 -4.708750 1.613779 -23.164704 -1.232438 4.988517 33.399052 11.667957 -8.954551 -9.472870 0.000000 0.000000 0.000000 -2.168677 6.275733 -2.599615 -57.916248 -9.637494 -5.870451 -160.585623 -56.575101 158.173969 0.000000 0.000000 0.000000 15.649940 -17.492424 -9.681921 52.711287 8.455093 -4.693898 163.499858 49.798453 160.178929 0.000000 0.000000 0.000000 
0.075458 0.933684 0.100398 -2.522112 -3.687954 6.251189 8.327888 -0.358433 -25.171636 -8.339882 2.548719 28.147831 2.476041 13.213052 42.745420 0.000000 0.000000 0.000000 -5.733210 1.585081 -23.171288 7.110140 -1.022086 24.703519 -5.556815 -15.074854 6.286255 0.000000 0.000000 0.000000 5.040508 -1.767659 20.320491 -5.043413 1.700339 -23.198343 -0.898109 4.683080 33.305517 11.004929 -8.203124 -10.317751 0.000000 0.000000 0.000000 -3.171718 6.019261 -2.589033 -58.079934 -10.335834 -5.495503 -161.040463 -56.720845 159.238850 0.000000 0.000000 0.000000 15.784078 -17.718903 -9.871104 54.611474 7.777443 -5.049746 160.795920 50.554977 155.148160 0.000000 0.000000 0.000000 
0.074963 0.936511 0.108472 -2.615511 -3.832897 5.573191 8.160409 -0.372543 -23.283920 -8.109886 2.418334 27.278693 2.900639 13.530055 42.404388 0.000000 0.000000 0.000000 -5.171048 1.549521 -21.429484 6.677442 -0.865027 23.716220 -5.294175 -14.540959 6.439807 0.000000 0.000000 0.000000 5.323605 -1.683501 18.681151 -5.000450 1.697269 -23.039010 -0.954319 4.678112 32.965061 10.240211 -7.609416 -10.043241 0.000000 0.000000 0.000000 -4.200859 5.929976 -2.651191 -57.587167 -10.220046 -5.474667 -159.760288 -58.575205 157.790168 0.000000 0.000000 0.000000 16.620508 -17.448361 -9.907401 55.367498 6.364219 -5.695111 156.242192 51.796077 146.954071 0.000000 0.000000 0.000000 
0.074697 0.941264 0.116599 -2.688593 -4.031217 5.090511 7.776790 -0.418224 -21.234530 -7.598352 2.138562 25.499442 3.522315 14.157779 43.327351 0.000000 0.000000 0.000000 -4.776990 1.484910 -19.748686 6.286469 -0.728151 22.376177 -5.233562 -14.545323 7.254766 0.000000 0.000000 0.000000 5.738821 -1.584243 16.658714 -5.489964 1.819743 -22.924217 -0.539988 4.513945 32.726506 9.600629 -7.067165 -10.131411 0.000000 0.000000 0.000000 -5.209386 5.625156 -2.610091 -57.178288 -8.844006 -6.048633 -156.754375 -60.753114 153.932583 0.000000 0.000000 0.000000 16.703772 -17.346438 -9.905860 56.309730 4.353978 -6.642322 149.417095 53.074632 135.360019 0.000000 0.000000 0.000000 
0.075097 0.947924 0.124329 -2.726940 -4.548078 4.788604 7.367907 -0.434378 -18.433206 -6.924703 1.770466 22.281343 3.072594 13.701155 43.690277 0.000000 0.000000 0.000000 -4.232195 1.391036 -17.477460 5.423979 -0.464287 19.588329 -4.794057 -14.002431 8.992031 0.000000 0.000000 0.000000 5.851429 -1.386728 14.242773 -5.329710 1.785424 -22.313693 -0.694939 4.866268 31.898496 8.860920 -6.344970 -10.309174 0.000000 0.000000 0.000000 -5.958120 5.895105 -2.812384 -56.607554 -7.176959 -6.659921 -149.348698 -63.307651 143.501282 0.000000 0.000000 0.000000 16.779366 -17.101900 -9.776275 56.992932 2.321957 -7.525427 141.387081 55.685849 124.553271 0.000000 0.000000 0.000000 
0.076046 0.953764 0.131551 -2.802641 -4.696399 4.446281 6.817117 -0.467336 -15.794090 -5.915075 1.321796 19.302474 2.274633 12.953982 43.753401 0.000000 0.000000 0.000000 -3.763478 1.280972 -15.487207 4.758299 -0.316731 17.048430 -4.679702 -14.265919 11.694919 0.000000 0.000000 0.000000 6.271647 -1.277702 12.390498 -5.523905 1.828997 -22.592020 -0.675949 4.864954 31.672177 8.451063 -5.890945 -10.859135 0.000000 0.000000 0.000000 -6.065072 5.432652 -2.615118 -56.159956 -5.313682 -7.413987 -140.175808 -65.570272 131.830774 0.000000 0.000000 0.000000 16.349135 -16.817010 -9.530248 57.089744 0.522167 -8.313569 131.623938 58.659367 113.205345 0.000000 0.000000 0.000000 
0.077359 0.958438 0.138288 -2.788781 -4.959648 4.137941 6.207004 -0.468784 -12.904149 -4.992840 0.944528 15.666475 1.635261 12.370778 44.113986 0.000000 0.000000 0.000000 -3.741870 1.089363 -13.031792 4.295718 -0.253404 13.771640 -4.097283 -13.645945 13.952618 0.000000 0.000000 0.000000 6.465616 -1.118078 10.449001 -5.571398 1.847187 -22.313057 -0.845621 5.397072 30.258375 8.098888 -5.163454 -12.519610 0.000000 0.000000 0.000000 -6.413667 4.631026 -2.349623 -55.293074 -3.677234 -7.881184 -126.041621 -67.668244 114.421559 0.000000 0.000000 0.000000 16.089400 -15.456685 -8.648197 57.355431 -0.845492 -8.797322 117.635826 63.217220 100.354094 0.000000 0.000000 0.000000 
0.078723 0.960675 0.144665 -2.843363 -5.160996 3.605048 5.856553 -0.405810 -9.852677 -4.450372 0.726972 12.280894 1.248983 11.891251 43.508523 0.000000 0.000000 0.000000 -3.346783 0.937402 -10.830039 3.639856 -0.167437 11.078109 -4.182361 -14.253939 16.535954 0.000000 0.000000 0.000000 6.508127 -0.986204 9.100019 -5.633008 1.856077 -22.888396 -0.951215 5.729639 29.759751 8.102428 -4.943402 -13.399729 0.000000 0.000000 0.000000 -6.358365 3.600885 -1.922908 -55.034781 -2.889373 -8.128153 -109.465327 -69.191288 96.246654 0.000000 0.000000 0.000000 15.896619 -14.283689 -7.923323 56.607375 -0.953513 -8.681570 97.027780 65.986544 80.675881 0.000000 0.000000 0.000000 
0.079927 0.961770 0.150515 -2.593421 -5.488121 3.124909 5.273702 -0.339779 -7.064720 -3.782544 0.528354 8.847749 0.097202 10.937019 44.400322 0.000000 0.000000 0.000000 -3.537068 0.738517 -8.388768 3.019992 -0.114087 8.358081 -3.462295 -13.079332 16.376965 0.000000 0.000000 0.000000 6.590026 -0.834335 7.526224 -5.895477 1.932858 -22.455628 -1.292846 6.233869 28.587129 8.434963 -4.791470 -15.094198 0.000000 0.000000 0.000000 -6.740373 2.565551 -1.560642 -54.766006 -2.929723 -7.951385 -83.913218 -69.625673 70.237955 0.000000 0.000000 0.000000 16.489788 -13.134441 -7.351834 55.917816 -0.875647 -8.444845 70.621641 65.496307 55.667518 0.000000 0.000000 0.000000 
0.080850 0.961755 0.155490 -2.601147 -5.572075 2.858634 5.151349 -0.253106 -4.894603 -3.362721 0.423452 6.119057 -1.151713 9.815023 44.513236 0.000000 0.000000 0.000000 -3.477395 0.601919 -6.564988 2.427780 -0.085496 5.904546 -2.928157 -12.351536 17.080034 0.000000 0.000000 0.000000 6.276242 -0.698957 6.369211 -6.133983 1.978306 -23.095463 -1.040006 6.424486 28.733064 8.608605 -4.774477 -15.820463 0.000000 0.000000 0.000000 -7.595649 0.523008 -0.773994 -55.118583 -3.714342 -7.679326 -56.002168 -67.053155 43.981605 0.000000 0.000000 0.000000 17.315112 -11.753210 -6.684699 55.619578 0.074182 -8.053028 48.421341 60.819013 35.015218 0.000000 0.000000 0.000000 
0.081727 0.961368 0.159669 -2.360717 -5.772027 2.501483 4.519662 -0.191598 -3.234720 -2.695780 0.308708 4.368158 -1.836069 9.169968 44.552758 0.000000 0.000000 0.000000 -3.572196 0.507501 -5.301573 1.945278 -0.047724 4.837513 -2.748920 -12.002683 16.697523 0.000000 0.000000 0.000000 6.148541 -0.621719 5.701228 -6.423894 2.049081 -23.166436 -1.462460 6.541560 28.187240 8.750619 -4.626320 -17.106207 0.000000 0.000000 0.000000 -8.992125 -0.783903 -0.323856 -55.554719 -4.556994 -7.293380 -32.546804 -59.155953 22.784722 0.000000 0.000000 0.000000 19.217204 -10.447797 -6.238779 55.691862 1.007656 -7.663975 32.727033 52.999652 20.803736 0.000000 0.000000 0.000000 
0.082627 0.961014 0.163361 -2.309726 -6.011869 2.108566 4.418752 -0.117417 -1.877794 -2.647184 0.306768 3.087448 -2.261847 8.874146 45.132005 0.000000 0.000000 0.000000 -3.659658 0.403357 -3.837585 1.805511 -0.079407 3.152227 -2.596986 -11.864940 17.075593 0.000000 0.000000 0.000000 6.031852 -0.549028 5.068734 -6.675657 2.116180 -23.097219 -1.538435 6.465805 27.831144 8.530365 -4.436331 -17.398788 0.000000 0.000000 0.000000 -10.832839 -2.723188 0.448955 -56.040989 -6.033741 -6.608794 -19.021728 -47.981404 11.427288 0.000000 0.000000 0.000000 20.901071 -9.064526 -5.735921 56.269640 1.289427 -7.602512 22.556027 45.490225 12.683813 0.000000 0.000000 0.000000 
0.083637 0.960780 0.166752 -2.126541 -6.730911 1.725397 3.998141 -0.024694 -0.324415 -2.418657 0.288401 1.365504 -2.389121 8.927456 46.418431 0.000000 0.000000 0.000000 -3.965855 0.341001 -2.808891 1.576368 -0.073029 2.384160 -1.933545 -10.768637 16.613952 0.000000 0.000000 0.000000 5.785768 -0.488304 4.631740 -6.746803 2.124658 -23.051362 -1.670804 6.974344 27.361410 8.474543 -4.273480 -17.912083 0.000000 0.000000 0.000000 -12.268695 -4.198110 1.039736 -56.627751 -6.988499 -6.160711 -12.339959 -37.792500 6.296062 0.000000 0.000000 0.000000 22.374679 -8.184021 -5.413834 57.288200 1.727625 -7.488490 16.714046 38.380289 8.240461 0.000000 0.000000 0.000000 
0.084576 0.960382 0.169806 -2.005207 -7.101623 1.306513 3.716504 0.064457 1.005600 -2.328065 0.288530 0.192519 -2.408152 8.915718 46.666768 0.000000 0.000000 0.000000 -4.232419 0.294096 -1.970326 1.475806 -0.083071 1.675470 -1.596358 -10.368644 17.017795 0.000000 0.000000 0.000000 5.702169 -0.418090 3.974263 -6.893205 2.166809 -22.751056 -1.808482 6.733182 27.356232 8.530793 -4.368664 -18.015295 0.000000 0.000000 0.000000 -13.286634 -5.158024 1.542054 -57.861141 -7.133469 -6.179896 -8.933467 -32.032249 4.270580 0.000000 0.000000 0.000000 23.305375 -7.167782 -5.058504 58.160081 1.865230 -7.515344 12.905768 33.815481 5.862342 0.000000 0.000000 0.000000 
0.085256 0.959713 0.172405 -1.800064 -7.210000 0.847779 3.507908 0.146689 2.141740 -2.333786 0.302981 -1.023229 -2.720772 9.019108 48.384427 0.000000 0.000000 0.000000 -4.566509 0.238801 -0.890712 1.446521 -0.099076 1.057176 -1.361086 -9.844171 16.474574 0.000000 0.000000 0.000000 5.326082 -0.365817 3.630639 -6.782077 2.149922 -22.374022 -1.983712 6.537189 27.220896 8.531710 -4.416740 -17.953565 0.000000 0.000000 0.000000 -13.723970 -5.649910 1.809162 -58.304515 -7.076971 -6.215990 -8.151902 -29.172115 3.643621 0.000000 0.000000 0.000000 23.629719 -6.746837 -4.916057 59.385406 1.892611 -7.605281 10.651697 31.514107 4.754895 0.000000 0.000000 0.000000 
0.085462 0.959265 0.174015 -1.678938 -6.943173 0.394985 3.483355 0.219297 3.175486 -2.358890 0.311259 -1.577461 -3.563328 8.037468 47.053991 0.000000 0.000000 0.000000 -4.754296 0.215666 -0.469483 1.602692 -0.102205 1.523614 -1.603881 -10.086405 16.039038 0.000000 0.000000 0.000000 5.370865 -0.344920 3.453089 -7.291534 2.301647 -22.213319 -2.071607 5.940408 27.260990 8.761005 -4.595846 -18.315689 0.000000 0.000000 0.000000 -13.847224 -6.603612 2.351584 -58.123857 -7.082102 -6.209180 -7.393160 -28.006015 3.299106 0.000000 0.000000 0.000000 23.775368 -6.339693 -4.809269 60.099348 1.260664 -7.983206 9.505062 29.773781 4.109885 0.000000 0.000000 0.000000 
0.085087 0.959211 0.174671 -1.729518 -7.310351 -0.008893 3.509872 0.285507 4.016925 -2.322716 0.315387 -2.051773 -3.525917 7.995556 46.933194 0.000000 0.000000 0.000000 -4.826278 0.184919 0.162833 1.997853 -0.150837 1.163485 -1.678911 -10.236773 15.952694 0.000000 0.000000 0.000000 5.281406 -0.369551 3.863649 -7.269513 2.280399 -22.506332 -1.759071 5.867988 27.018063 8.563032 -4.428756 -18.677873 0.000000 0.000000 0.000000 -15.349448 -6.468827 2.322961 -57.079342 -6.892892 -6.174929 -6.663784 -27.011301 2.989465 0.000000 0.000000 0.000000 24.522045 -5.893061 -4.736316 59.558113 0.924168 -8.056773 8.632530 29.985833 3.883919 0.000000 0.000000 0.000000 
0.084127 0.959211 0.174484 -1.838828 -7.649321 -0.178915 3.891973 0.290148 4.161205 -2.590289 0.345183 -1.955056 -3.951732 7.709908 47.483565 0.000000 0.000000 0.000000 -4.403973 0.201346 -0.442298 1.880668 -0.106387 2.291289 -2.150748 -11.084711 15.986702 0.000000 0.000000 0.000000 5.156127 -0.387949 4.179558 -7.416534 2.324497 -22.239365 -1.911709 5.719060 26.780001 9.314028 -5.024709 -18.513711 0.000000 0.000000 0.000000 -14.434269 -6.583011 2.446713 -57.194204 -6.919191 -6.138473 -8.118831 -27.862787 3.475221 0.000000 0.000000 0.000000 23.918282 -5.376678 -4.448144 60.688504 0.679364 -8.250080 7.854097 29.599435 3.602655 0.000000 0.000000 0.000000 
0.082812 0.960269 0.173951 -1.889919 -7.483600 -0.653170 4.165742 0.311892 4.568106 -2.486872 0.332044 -1.831699 -5.176159 6.764156 47.838997 0.000000 0.000000 0.000000 -4.281387 0.139623 0.456990 2.132272 -0.157102 1.432283 -2.451880 -11.724554 16.688460 0.000000 0.000000 0.000000 4.968250 -0.431392 4.886966 -7.583607 2.383964 -21.997362 -1.425969 5.344936 26.062803 9.663999 -5.460551 -17.599259 0.000000 0.000000 0.000000 -14.654676 -6.681160 2.519830 -57.683480 -6.441359 -6.339350 -7.244903 -27.638316 3.236713 0.000000 0.000000 0.000000 24.079968 -5.712337 -4.769890 60.048074 0.830275 -8.023159 8.452818 28.857558 3.602007 0.000000 0.000000 0.000000 
