+ cd ../../depth_anything_baseline/scripts
+ cd ../../depth_anything_baseline/scripts
+ echo 'Generating depth frames...'
+ echo 'Generating depth frames...'
+ conda run -n depthanything python Video_YTB_text.py --start 900 --end 1000
+ conda run -n depthanything python Video_YTB_text.py --start 800 --end 900
+ local cmd=run
+ local cmd=run
+ case "$cmd" in
+ case "$cmd" in
+ __conda_exe run -n depthanything python Video_YTB_text.py --start 900 --end 1000
+ __conda_exe run -n depthanything python Video_YTB_text.py --start 800 --end 900
+ '[' -n '' ']'
+ '[' -n '' ']'
+ /jet/home/byler/miniconda3/bin/conda run -n depthanything python Video_YTB_text.py --start 900 --end 1000
+ /jet/home/byler/miniconda3/bin/conda run -n depthanything python Video_YTB_text.py --start 800 --end 900
xFormers not available
xFormers not available

Processing frames:   0%|          | 0/23 [00:00<?, ?it/s]
Processing frames:   4%|▍         | 1/23 [00:07<02:41,  7.33s/it]
Processing frames:   9%|▊         | 2/23 [00:07<01:08,  3.27s/it]
Processing frames:  13%|█▎        | 3/23 [00:08<00:39,  1.99s/it]
Processing frames:  17%|█▋        | 4/23 [00:08<00:26,  1.37s/it]
Processing frames:  22%|██▏       | 5/23 [00:09<00:18,  1.04s/it]
Processing frames:  26%|██▌       | 6/23 [00:09<00:14,  1.21it/s]
Processing frames:  30%|███       | 7/23 [00:10<00:11,  1.38it/s]
Processing frames:  35%|███▍      | 8/23 [00:10<00:09,  1.60it/s]
Processing frames:  39%|███▉      | 9/23 [00:10<00:07,  1.77it/s]
Processing frames:  43%|████▎     | 10/23 [00:11<00:06,  1.92it/s]
Processing frames:  48%|████▊     | 11/23 [00:11<00:05,  2.02it/s]
Processing frames:  52%|█████▏    | 12/23 [00:12<00:05,  2.13it/s]
Processing frames:  57%|█████▋    | 13/23 [00:12<00:04,  2.19it/s]
Processing frames:  61%|██████    | 14/23 [00:12<00:03,  2.26it/s]
Processing frames:  65%|██████▌   | 15/23 [00:13<00:03,  2.32it/s]
Processing frames:  70%|██████▉   | 16/23 [00:13<00:03,  2.25it/s]
Processing frames:  74%|███████▍  | 17/23 [00:14<00:02,  2.29it/s]
Processing frames:  78%|███████▊  | 18/23 [00:14<00:02,  2.31it/s]
Processing frames:  83%|████████▎ | 19/23 [00:15<00:01,  2.30it/s]
Processing frames:  87%|████████▋ | 20/23 [00:15<00:01,  2.34it/s]
Processing frames:  91%|█████████▏| 21/23 [00:16<00:00,  2.08it/s]
Processing frames:  96%|█████████▌| 22/23 [00:16<00:00,  2.18it/s]
Processing frames: 100%|██████████| 23/23 [00:16<00:00,  2.23it/s]
Processing frames: 100%|██████████| 23/23 [00:16<00:00,  1.35it/s]

Processing frames:   0%|          | 0/144 [00:00<?, ?it/s]
Processing frames:   1%|          | 1/144 [00:00<00:39,  3.66it/s]
Processing frames:   1%|▏         | 2/144 [00:00<00:39,  3.63it/s]
Processing frames:   2%|▏         | 3/144 [00:00<00:39,  3.57it/s]
Processing frames:   3%|▎         | 4/144 [00:01<00:40,  3.45it/s]
Processing frames:   3%|▎         | 5/144 [00:01<00:40,  3.44it/s]
Processing frames:   4%|▍         | 6/144 [00:01<00:39,  3.49it/s]
Processing frames:   5%|▍         | 7/144 [00:02<00:39,  3.48it/s]
Processing frames:   6%|▌         | 8/144 [00:02<00:38,  3.51it/s]
Processing frames:   6%|▋         | 9/144 [00:02<00:39,  3.45it/s]
Processing frames:   7%|▋         | 10/144 [00:02<00:38,  3.49it/s]
Processing frames:   8%|▊         | 11/144 [00:03<00:37,  3.51it/s]
Processing frames:   8%|▊         | 12/144 [00:03<00:38,  3.42it/s]
Processing frames:   9%|▉         | 13/144 [00:03<00:39,  3.32it/s]
Processing frames:  10%|▉         | 14/144 [00:04<00:39,  3.30it/s]
Processing frames:  10%|█         | 15/144 [00:04<00:38,  3.34it/s]
Processing frames:  11%|█         | 16/144 [00:04<00:38,  3.37it/s]
Processing frames:  12%|█▏        | 17/144 [00:04<00:37,  3.37it/s]
Processing frames:  12%|█▎        | 18/144 [00:05<00:36,  3.42it/s]
Processing frames:  13%|█▎        | 19/144 [00:05<00:37,  3.35it/s]
Processing frames:  14%|█▍        | 20/144 [00:05<00:37,  3.28it/s]
Processing frames:  15%|█▍        | 21/144 [00:06<00:37,  3.29it/s]
Processing frames:  15%|█▌        | 22/144 [00:06<00:42,  2.87it/s]
Processing frames:  16%|█▌        | 23/144 [00:06<00:40,  3.02it/s]
Processing frames:  17%|█▋        | 24/144 [00:07<00:38,  3.13it/s]
Processing frames:  17%|█▋        | 25/144 [00:07<00:37,  3.21it/s]
Processing frames:  18%|█▊        | 26/144 [00:07<00:35,  3.28it/s]
Processing frames:  19%|█▉        | 27/144 [00:08<00:34,  3.36it/s]
Processing frames:  19%|█▉        | 28/144 [00:08<00:33,  3.42it/s]
Processing frames:  20%|██        | 29/144 [00:08<00:33,  3.46it/s]
Processing frames:  21%|██        | 30/144 [00:08<00:33,  3.45it/s]
Processing frames:  22%|██▏       | 31/144 [00:09<00:32,  3.45it/s]
Processing frames:  22%|██▏       | 32/144 [00:09<00:32,  3.45it/s]
Processing frames:  23%|██▎       | 33/144 [00:09<00:32,  3.39it/s]
Processing frames:  24%|██▎       | 34/144 [00:10<00:32,  3.38it/s]
Processing frames:  24%|██▍       | 35/144 [00:10<00:32,  3.36it/s]
Processing frames:  25%|██▌       | 36/144 [00:10<00:31,  3.41it/s]
Processing frames:  26%|██▌       | 37/144 [00:10<00:30,  3.46it/s]
Processing frames:  26%|██▋       | 38/144 [00:11<00:30,  3.49it/s]
Processing frames:  27%|██▋       | 39/144 [00:11<00:30,  3.41it/s]
Processing frames:  28%|██▊       | 40/144 [00:11<00:30,  3.46it/s]
Processing frames:  28%|██▊       | 41/144 [00:12<00:29,  3.50it/s]
Processing frames:  29%|██▉       | 42/144 [00:12<00:28,  3.52it/s]
Processing frames:  30%|██▉       | 43/144 [00:12<00:29,  3.48it/s]
Processing frames:  31%|███       | 44/144 [00:12<00:28,  3.50it/s]
Processing frames:  31%|███▏      | 45/144 [00:13<00:28,  3.51it/s]
Processing frames:  32%|███▏      | 46/144 [00:13<00:28,  3.46it/s]
Processing frames:  33%|███▎      | 47/144 [00:13<00:28,  3.42it/s]
Processing frames:  33%|███▎      | 48/144 [00:14<00:27,  3.43it/s]
Processing frames:  34%|███▍      | 49/144 [00:14<00:28,  3.35it/s]
Processing frames:  35%|███▍      | 50/144 [00:14<00:27,  3.42it/s]
Processing frames:  35%|███▌      | 51/144 [00:15<00:26,  3.46it/s]
Processing frames:  36%|███▌      | 52/144 [00:15<00:26,  3.45it/s]
Processing frames:  37%|███▋      | 53/144 [00:15<00:26,  3.42it/s]
Processing frames:  38%|███▊      | 54/144 [00:15<00:25,  3.47it/s]
Processing frames:  38%|███▊      | 55/144 [00:16<00:25,  3.50it/s]
Processing frames:  39%|███▉      | 56/144 [00:16<00:25,  3.51it/s]
Processing frames:  40%|███▉      | 57/144 [00:16<00:25,  3.47it/s]
Processing frames:  40%|████      | 58/144 [00:17<00:25,  3.32it/s]
Processing frames:  41%|████      | 59/144 [00:17<00:25,  3.39it/s]
Processing frames:  42%|████▏     | 60/144 [00:17<00:24,  3.44it/s]
Processing frames:  42%|████▏     | 61/144 [00:17<00:23,  3.48it/s]
Processing frames:  43%|████▎     | 62/144 [00:18<00:23,  3.50it/s]
Processing frames:  44%|████▍     | 63/144 [00:18<00:23,  3.52it/s]
Processing frames:  44%|████▍     | 64/144 [00:18<00:22,  3.53it/s]
Processing frames:  45%|████▌     | 65/144 [00:19<00:22,  3.50it/s]
Processing frames:  46%|████▌     | 66/144 [00:19<00:22,  3.52it/s]
Processing frames:  47%|████▋     | 67/144 [00:19<00:21,  3.53it/s]
Processing frames:  47%|████▋     | 68/144 [00:19<00:22,  3.44it/s]
Processing frames:  48%|████▊     | 69/144 [00:20<00:21,  3.46it/s]
Processing frames:  49%|████▊     | 70/144 [00:20<00:21,  3.44it/s]
Processing frames:  49%|████▉     | 71/144 [00:20<00:21,  3.39it/s]
Processing frames:  50%|█████     | 72/144 [00:21<00:21,  3.41it/s]
Processing frames:  51%|█████     | 73/144 [00:21<00:20,  3.45it/s]
Processing frames:  51%|█████▏    | 74/144 [00:21<00:20,  3.39it/s]
Processing frames:  52%|█████▏    | 75/144 [00:21<00:20,  3.36it/s]
Processing frames:  53%|█████▎    | 76/144 [00:22<00:20,  3.35it/s]
Processing frames:  53%|█████▎    | 77/144 [00:22<00:19,  3.42it/s]
Processing frames:  54%|█████▍    | 78/144 [00:22<00:20,  3.25it/s]
Processing frames:  55%|█████▍    | 79/144 [00:23<00:19,  3.34it/s]
Processing frames:  56%|█████▌    | 80/144 [00:23<00:19,  3.24it/s]
Processing frames:  56%|█████▋    | 81/144 [00:23<00:19,  3.30it/s]
Processing frames:  57%|█████▋    | 82/144 [00:24<00:18,  3.37it/s]
Processing frames:  58%|█████▊    | 83/144 [00:24<00:18,  3.38it/s]
Processing frames:  58%|█████▊    | 84/144 [00:24<00:17,  3.41it/s]
Processing frames:  59%|█████▉    | 85/144 [00:24<00:17,  3.41it/s]
Processing frames:  60%|█████▉    | 86/144 [00:25<00:17,  3.38it/s]
Processing frames:  60%|██████    | 87/144 [00:25<00:16,  3.38it/s]
Processing frames:  61%|██████    | 88/144 [00:25<00:16,  3.43it/s]
Processing frames:  62%|██████▏   | 89/144 [00:26<00:15,  3.47it/s]
Processing frames:  62%|██████▎   | 90/144 [00:26<00:15,  3.46it/s]
Processing frames:  63%|██████▎   | 91/144 [00:26<00:15,  3.43it/s]
Processing frames:  64%|██████▍   | 92/144 [00:27<00:14,  3.47it/s]
Processing frames:  65%|██████▍   | 93/144 [00:27<00:14,  3.50it/s]
Processing frames:  65%|██████▌   | 94/144 [00:27<00:14,  3.47it/s]
Processing frames:  66%|██████▌   | 95/144 [00:27<00:14,  3.44it/s]
Processing frames:  67%|██████▋   | 96/144 [00:28<00:13,  3.48it/s]
Processing frames:  67%|██████▋   | 97/144 [00:28<00:13,  3.45it/s]
Processing frames:  68%|██████▊   | 98/144 [00:28<00:13,  3.43it/s]
Processing frames:  69%|██████▉   | 99/144 [00:29<00:13,  3.46it/s]
Processing frames:  69%|██████▉   | 100/144 [00:29<00:12,  3.49it/s]
Processing frames:  70%|███████   | 101/144 [00:29<00:12,  3.51it/s]
Processing frames:  71%|███████   | 102/144 [00:29<00:12,  3.44it/s]
Processing frames:  72%|███████▏  | 103/144 [00:30<00:12,  3.37it/s]
Processing frames:  72%|███████▏  | 104/144 [00:30<00:11,  3.43it/s]
Processing frames:  73%|███████▎  | 105/144 [00:30<00:11,  3.41it/s]
Processing frames:  74%|███████▎  | 106/144 [00:31<00:10,  3.46it/s]
Processing frames:  74%|███████▍  | 107/144 [00:31<00:10,  3.43it/s]
Processing frames:  75%|███████▌  | 108/144 [00:31<00:10,  3.38it/s]
Processing frames:  76%|███████▌  | 109/144 [00:31<00:10,  3.32it/s]
Processing frames:  76%|███████▋  | 110/144 [00:32<00:10,  3.39it/s]
Processing frames:  77%|███████▋  | 111/144 [00:32<00:09,  3.44it/s]
Processing frames:  78%|███████▊  | 112/144 [00:32<00:09,  3.48it/s]
Processing frames:  78%|███████▊  | 113/144 [00:33<00:08,  3.50it/s]
Processing frames:  79%|███████▉  | 114/144 [00:33<00:08,  3.52it/s]
Processing frames:  80%|███████▉  | 115/144 [00:33<00:08,  3.49it/s]
Processing frames:  81%|████████  | 116/144 [00:33<00:08,  3.48it/s]
Processing frames:  81%|████████▏ | 117/144 [00:34<00:07,  3.47it/s]
Processing frames:  82%|████████▏ | 118/144 [00:34<00:07,  3.43it/s]
Processing frames:  83%|████████▎ | 119/144 [00:34<00:07,  3.36it/s]
Processing frames:  83%|████████▎ | 120/144 [00:35<00:07,  3.41it/s]
Processing frames:  84%|████████▍ | 121/144 [00:35<00:06,  3.44it/s]
Processing frames:  85%|████████▍ | 122/144 [00:35<00:06,  3.48it/s]
Processing frames:  85%|████████▌ | 123/144 [00:35<00:05,  3.50it/s]
Processing frames:  86%|████████▌ | 124/144 [00:36<00:05,  3.52it/s]
Processing frames:  87%|████████▋ | 125/144 [00:36<00:05,  3.40it/s]
Processing frames:  88%|████████▊ | 126/144 [00:36<00:05,  3.45it/s]
Processing frames:  88%|████████▊ | 127/144 [00:37<00:04,  3.46it/s]
Processing frames:  89%|████████▉ | 128/144 [00:37<00:04,  3.49it/s]
Processing frames:  90%|████████▉ | 129/144 [00:37<00:04,  3.50it/s]
Processing frames:  90%|█████████ | 130/144 [00:38<00:04,  3.46it/s]
Processing frames:  91%|█████████ | 131/144 [00:38<00:03,  3.46it/s]
Processing frames:  92%|█████████▏| 132/144 [00:38<00:03,  3.49it/s]
Processing frames:  92%|█████████▏| 133/144 [00:38<00:03,  3.47it/s]
Processing frames:  93%|█████████▎| 134/144 [00:39<00:02,  3.49it/s]
Processing frames:  94%|█████████▍| 135/144 [00:39<00:02,  3.05it/s]
Processing frames:  94%|█████████▍| 136/144 [00:39<00:02,  3.17it/s]
Processing frames:  95%|█████████▌| 137/144 [00:40<00:02,  3.25it/s]
Processing frames:  96%|█████████▌| 138/144 [00:40<00:01,  3.28it/s]
Processing frames:  97%|█████████▋| 139/144 [00:40<00:01,  3.35it/s]
Processing frames:  97%|█████████▋| 140/144 [00:41<00:01,  3.19it/s]
Processing frames:  98%|█████████▊| 141/144 [00:41<00:00,  3.18it/s]
Processing frames:  99%|█████████▊| 142/144 [00:41<00:00,  3.21it/s]
Processing frames:  99%|█████████▉| 143/144 [00:42<00:00,  3.27it/s]
Processing frames: 100%|██████████| 144/144 [00:42<00:00,  3.34it/s]
Processing frames: 100%|██████████| 144/144 [00:42<00:00,  3.40it/s]

Processing frames:   0%|          | 0/86 [00:00<?, ?it/s]
Processing frames:   1%|          | 1/86 [00:00<00:40,  2.08it/s]
Processing frames:   2%|▏         | 2/86 [00:00<00:39,  2.12it/s]
Processing frames:   3%|▎         | 3/86 [00:01<00:39,  2.12it/s]
Processing frames:   5%|▍         | 4/86 [00:01<00:37,  2.21it/s]
Processing frames:   6%|▌         | 5/86 [00:02<00:35,  2.26it/s]
Processing frames:   7%|▋         | 6/86 [00:02<00:34,  2.32it/s]
Processing frames:   8%|▊         | 7/86 [00:03<00:33,  2.34it/s]
Processing frames:   9%|▉         | 8/86 [00:03<00:33,  2.36it/s]
Processing frames:  10%|█         | 9/86 [00:03<00:32,  2.37it/s]
Processing frames:  12%|█▏        | 10/86 [00:04<00:31,  2.41it/s]
Processing frames:  13%|█▎        | 11/86 [00:04<00:31,  2.37it/s]
Processing frames:  14%|█▍        | 12/86 [00:05<00:31,  2.38it/s]
Processing frames:  15%|█▌        | 13/86 [00:05<00:30,  2.39it/s]
Processing frames:  16%|█▋        | 14/86 [00:06<00:29,  2.41it/s]
Processing frames:  17%|█▋        | 15/86 [00:06<00:30,  2.34it/s]
Processing frames:  19%|█▊        | 16/86 [00:06<00:30,  2.33it/s]
Processing frames:  20%|█▉        | 17/86 [00:07<00:29,  2.35it/s]
Processing frames:  21%|██        | 18/86 [00:07<00:28,  2.37it/s]
Processing frames:  22%|██▏       | 19/86 [00:08<00:28,  2.37it/s]
Processing frames:  23%|██▎       | 20/86 [00:08<00:27,  2.37it/s]
Processing frames:  24%|██▍       | 21/86 [00:08<00:27,  2.36it/s]
Processing frames:  26%|██▌       | 22/86 [00:09<00:27,  2.37it/s]
Processing frames:  27%|██▋       | 23/86 [00:09<00:26,  2.38it/s]
Processing frames:  28%|██▊       | 24/86 [00:10<00:26,  2.35it/s]
Processing frames:  29%|██▉       | 25/86 [00:10<00:25,  2.39it/s]
Processing frames:  30%|███       | 26/86 [00:11<00:24,  2.40it/s]
Processing frames:  31%|███▏      | 27/86 [00:11<00:24,  2.41it/s]
Processing frames:  33%|███▎      | 28/86 [00:11<00:24,  2.40it/s]
Processing frames:  34%|███▎      | 29/86 [00:12<00:23,  2.38it/s]
Processing frames:  35%|███▍      | 30/86 [00:12<00:23,  2.40it/s]
Processing frames:  36%|███▌      | 31/86 [00:13<00:22,  2.39it/s]
Processing frames:  37%|███▋      | 32/86 [00:13<00:22,  2.39it/s]
Processing frames:  38%|███▊      | 33/86 [00:14<00:22,  2.39it/s]
Processing frames:  40%|███▉      | 34/86 [00:14<00:21,  2.39it/s]
Processing frames:  41%|████      | 35/86 [00:14<00:21,  2.34it/s]
Processing frames:  42%|████▏     | 36/86 [00:15<00:21,  2.37it/s]
Processing frames:  43%|████▎     | 37/86 [00:15<00:20,  2.39it/s]
Processing frames:  44%|████▍     | 38/86 [00:16<00:19,  2.41it/s]
Processing frames:  45%|████▌     | 39/86 [00:16<00:19,  2.39it/s]
Processing frames:  47%|████▋     | 40/86 [00:16<00:19,  2.39it/s]
Processing frames:  48%|████▊     | 41/86 [00:17<00:18,  2.40it/s]
Processing frames:  49%|████▉     | 42/86 [00:17<00:18,  2.37it/s]
Processing frames:  50%|█████     | 43/86 [00:18<00:18,  2.38it/s]
Processing frames:  51%|█████     | 44/86 [00:18<00:17,  2.40it/s]
Processing frames:  52%|█████▏    | 45/86 [00:19<00:17,  2.36it/s]
Processing frames:  53%|█████▎    | 46/86 [00:19<00:16,  2.39it/s]
Processing frames:  55%|█████▍    | 47/86 [00:19<00:16,  2.40it/s]
Processing frames:  56%|█████▌    | 48/86 [00:20<00:15,  2.38it/s]
Processing frames:  57%|█████▋    | 49/86 [00:20<00:15,  2.40it/s]
Processing frames:  58%|█████▊    | 50/86 [00:21<00:15,  2.38it/s]
Processing frames:  59%|█████▉    | 51/86 [00:21<00:14,  2.39it/s]
Processing frames:  60%|██████    | 52/86 [00:21<00:14,  2.39it/s]
Processing frames:  62%|██████▏   | 53/86 [00:22<00:13,  2.39it/s]
Processing frames:  63%|██████▎   | 54/86 [00:22<00:13,  2.39it/s]
Processing frames:  64%|██████▍   | 55/86 [00:23<00:13,  2.37it/s]
Processing frames:  65%|██████▌   | 56/86 [00:23<00:12,  2.37it/s]
Processing frames:  66%|██████▋   | 57/86 [00:24<00:12,  2.39it/s]
Processing frames:  67%|██████▋   | 58/86 [00:24<00:11,  2.39it/s]
Processing frames:  69%|██████▊   | 59/86 [00:24<00:11,  2.40it/s]
Processing frames:  70%|██████▉   | 60/86 [00:25<00:10,  2.38it/s]
Processing frames:  71%|███████   | 61/86 [00:25<00:10,  2.37it/s]
Processing frames:  72%|███████▏  | 62/86 [00:26<00:10,  2.40it/s]
Processing frames:  73%|███████▎  | 63/86 [00:26<00:09,  2.38it/s]
Processing frames:  74%|███████▍  | 64/86 [00:27<00:09,  2.38it/s]
Processing frames:  76%|███████▌  | 65/86 [00:27<00:08,  2.34it/s]
Processing frames:  77%|███████▋  | 66/86 [00:27<00:08,  2.34it/s]
Processing frames:  78%|███████▊  | 67/86 [00:28<00:08,  2.35it/s]
Processing frames:  79%|███████▉  | 68/86 [00:28<00:07,  2.39it/s]
Processing frames:  80%|████████  | 69/86 [00:29<00:07,  2.39it/s]
Processing frames:  81%|████████▏ | 70/86 [00:29<00:06,  2.41it/s]
Processing frames:  83%|████████▎ | 71/86 [00:29<00:06,  2.39it/s]
Processing frames:  84%|████████▎ | 72/86 [00:30<00:05,  2.40it/s]
Processing frames:  85%|████████▍ | 73/86 [00:30<00:05,  2.40it/s]
Processing frames:  86%|████████▌ | 74/86 [00:31<00:05,  2.39it/s]
Processing frames:  87%|████████▋ | 75/86 [00:31<00:04,  2.39it/s]
Processing frames:  88%|████████▊ | 76/86 [00:32<00:04,  2.41it/s]
Processing frames:  90%|████████▉ | 77/86 [00:32<00:04,  2.21it/s]
Processing frames:  91%|█████████ | 78/86 [00:32<00:03,  2.28it/s]
Processing frames:  92%|█████████▏| 79/86 [00:33<00:03,  2.30it/s]
Processing frames:  93%|█████████▎| 80/86 [00:33<00:02,  2.31it/s]
Processing frames:  94%|█████████▍| 81/86 [00:34<00:02,  2.35it/s]
Processing frames:  95%|█████████▌| 82/86 [00:34<00:01,  2.35it/s]
Processing frames:  97%|█████████▋| 83/86 [00:35<00:01,  2.37it/s]
Processing frames:  98%|█████████▊| 84/86 [00:35<00:00,  2.40it/s]
Processing frames:  99%|█████████▉| 85/86 [00:35<00:00,  2.41it/s]
Processing frames: 100%|██████████| 86/86 [00:36<00:00,  2.44it/s]
Processing frames: 100%|██████████| 86/86 [00:36<00:00,  2.37it/s]

Processing frames:   0%|          | 0/45 [00:00<?, ?it/s]
Processing frames:   2%|▏         | 1/45 [00:00<00:13,  3.19it/s]
Processing frames:   4%|▍         | 2/45 [00:00<00:13,  3.19it/s]
Processing frames:   7%|▋         | 3/45 [00:00<00:13,  3.18it/s]
Processing frames:   9%|▉         | 4/45 [00:01<00:12,  3.22it/s]
Processing frames:  11%|█         | 5/45 [00:01<00:12,  3.28it/s]
Processing frames:  13%|█▎        | 6/45 [00:01<00:11,  3.34it/s]
Processing frames:  16%|█▌        | 7/45 [00:02<00:11,  3.29it/s]
Processing frames:  18%|█▊        | 8/45 [00:02<00:11,  3.34it/s]
Processing frames:  20%|██        | 9/45 [00:02<00:10,  3.38it/s]
Processing frames:  22%|██▏       | 10/45 [00:03<00:10,  3.36it/s]
Processing frames:  24%|██▍       | 11/45 [00:03<00:10,  3.39it/s]
Processing frames:  27%|██▋       | 12/45 [00:03<00:09,  3.39it/s]
Processing frames:  29%|██▉       | 13/45 [00:03<00:09,  3.41it/s]
Processing frames:  31%|███       | 14/45 [00:04<00:09,  3.42it/s]
Processing frames:  33%|███▎      | 15/45 [00:04<00:08,  3.37it/s]
Processing frames:  36%|███▌      | 16/45 [00:04<00:08,  3.35it/s]
Processing frames:  38%|███▊      | 17/45 [00:05<00:08,  3.35it/s]
Processing frames:  40%|████      | 18/45 [00:05<00:07,  3.38it/s]
Processing frames:  42%|████▏     | 19/45 [00:05<00:07,  3.41it/s]
Processing frames:  44%|████▍     | 20/45 [00:05<00:07,  3.42it/s]
Processing frames:  47%|████▋     | 21/45 [00:06<00:06,  3.43it/s]
Processing frames:  49%|████▉     | 22/45 [00:06<00:06,  3.44it/s]
Processing frames:  51%|█████     | 23/45 [00:06<00:06,  3.44it/s]
Processing frames:  53%|█████▎    | 24/45 [00:07<00:06,  3.37it/s]
Processing frames:  56%|█████▌    | 25/45 [00:07<00:06,  3.32it/s]
Processing frames:  58%|█████▊    | 26/45 [00:07<00:05,  3.36it/s]
Processing frames:  60%|██████    | 27/45 [00:08<00:05,  3.36it/s]
Processing frames:  62%|██████▏   | 28/45 [00:08<00:05,  3.39it/s]
Processing frames:  64%|██████▍   | 29/45 [00:08<00:04,  3.41it/s]
Processing frames:  67%|██████▋   | 30/45 [00:08<00:04,  3.43it/s]
Processing frames:  69%|██████▉   | 31/45 [00:09<00:04,  3.44it/s]
Processing frames:  71%|███████   | 32/45 [00:09<00:03,  3.44it/s]
Processing frames:  73%|███████▎  | 33/45 [00:09<00:03,  3.45it/s]
Processing frames:  76%|███████▌  | 34/45 [00:10<00:03,  3.45it/s]
Processing frames:  78%|███████▊  | 35/45 [00:10<00:02,  3.40it/s]
Processing frames:  80%|████████  | 36/45 [00:10<00:02,  3.34it/s]
Processing frames:  82%|████████▏ | 37/45 [00:10<00:02,  3.38it/s]
Processing frames:  84%|████████▍ | 38/45 [00:11<00:02,  3.34it/s]
Processing frames:  87%|████████▋ | 39/45 [00:11<00:01,  3.38it/s]
Processing frames:  89%|████████▉ | 40/45 [00:11<00:01,  3.33it/s]
Processing frames:  91%|█████████ | 41/45 [00:12<00:01,  3.37it/s]
Processing frames:  93%|█████████▎| 42/45 [00:12<00:01,  2.89it/s]
Processing frames:  96%|█████████▌| 43/45 [00:12<00:00,  3.04it/s]
Processing frames:  98%|█████████▊| 44/45 [00:13<00:00,  3.13it/s]
Processing frames: 100%|██████████| 45/45 [00:13<00:00,  3.12it/s]
Processing frames: 100%|██████████| 45/45 [00:13<00:00,  3.33it/s]

Processing frames:   0%|          | 0/85 [00:00<?, ?it/s]
Processing frames:   1%|          | 1/85 [00:00<00:22,  3.77it/s]
Processing frames:   2%|▏         | 2/85 [00:00<00:18,  4.58it/s]
Processing frames:   4%|▎         | 3/85 [00:00<00:17,  4.56it/s]
Processing frames:   5%|▍         | 4/85 [00:00<00:17,  4.71it/s]
Processing frames:   6%|▌         | 5/85 [00:01<00:16,  4.92it/s]
Processing frames:   7%|▋         | 6/85 [00:01<00:15,  5.06it/s]
Processing frames:   8%|▊         | 7/85 [00:01<00:15,  5.15it/s]
Processing frames:   9%|▉         | 8/85 [00:01<00:14,  5.22it/s]
Processing frames:  11%|█         | 9/85 [00:01<00:14,  5.14it/s]
Processing frames:  12%|█▏        | 10/85 [00:02<00:14,  5.21it/s]
Processing frames:  13%|█▎        | 11/85 [00:02<00:14,  5.25it/s]
Processing frames:  14%|█▍        | 12/85 [00:02<00:13,  5.27it/s]
Processing frames:  15%|█▌        | 13/85 [00:02<00:13,  5.29it/s]
Processing frames:  16%|█▋        | 14/85 [00:02<00:13,  5.31it/s]
Processing frames:  18%|█▊        | 15/85 [00:02<00:13,  5.31it/s]
Processing frames:  19%|█▉        | 16/85 [00:03<00:12,  5.32it/s]
Processing frames:  20%|██        | 17/85 [00:03<00:12,  5.32it/s]
Processing frames:  21%|██        | 18/85 [00:03<00:12,  5.33it/s]
Processing frames:  22%|██▏       | 19/85 [00:03<00:12,  5.18it/s]
Processing frames:  24%|██▎       | 20/85 [00:04<00:14,  4.44it/s]
Processing frames:  25%|██▍       | 21/85 [00:04<00:13,  4.67it/s]
Processing frames:  26%|██▌       | 22/85 [00:04<00:12,  4.85it/s]
Processing frames:  27%|██▋       | 23/85 [00:04<00:12,  4.99it/s]
Processing frames:  28%|██▊       | 24/85 [00:04<00:12,  4.99it/s]
Processing frames:  29%|██▉       | 25/85 [00:04<00:11,  5.00it/s]
Processing frames:  31%|███       | 26/85 [00:05<00:11,  5.08it/s]
Processing frames:  32%|███▏      | 27/85 [00:05<00:11,  5.16it/s]
Processing frames:  33%|███▎      | 28/85 [00:05<00:10,  5.22it/s]
Processing frames:  34%|███▍      | 29/85 [00:05<00:10,  5.25it/s]
Processing frames:  35%|███▌      | 30/85 [00:05<00:10,  5.27it/s]
Processing frames:  36%|███▋      | 31/85 [00:06<00:10,  5.30it/s]
Processing frames:  38%|███▊      | 32/85 [00:06<00:09,  5.32it/s]
Processing frames:  39%|███▉      | 33/85 [00:06<00:09,  5.34it/s]
Processing frames:  40%|████      | 34/85 [00:06<00:09,  5.34it/s]
Processing frames:  41%|████      | 35/85 [00:06<00:09,  5.35it/s]
Processing frames:  42%|████▏     | 36/85 [00:07<00:09,  5.27it/s]
Processing frames:  44%|████▎     | 37/85 [00:07<00:09,  5.28it/s]
Processing frames:  45%|████▍     | 38/85 [00:07<00:08,  5.28it/s]
Processing frames:  46%|████▌     | 39/85 [00:07<00:08,  5.21it/s]
Processing frames:  47%|████▋     | 40/85 [00:07<00:08,  5.16it/s]
Processing frames:  48%|████▊     | 41/85 [00:08<00:08,  5.21it/s]
Processing frames:  49%|████▉     | 42/85 [00:08<00:08,  5.25it/s]
Processing frames:  51%|█████     | 43/85 [00:08<00:08,  5.14it/s]
Processing frames:  52%|█████▏    | 44/85 [00:08<00:07,  5.19it/s]
Processing frames:  53%|█████▎    | 45/85 [00:08<00:07,  5.24it/s]
Processing frames:  54%|█████▍    | 46/85 [00:08<00:07,  5.27it/s]
Processing frames:  55%|█████▌    | 47/85 [00:09<00:07,  5.29it/s]
Processing frames:  56%|█████▋    | 48/85 [00:09<00:07,  5.18it/s]
Processing frames:  58%|█████▊    | 49/85 [00:09<00:06,  5.23it/s]
Processing frames:  59%|█████▉    | 50/85 [00:09<00:06,  5.25it/s]
Processing frames:  60%|██████    | 51/85 [00:09<00:06,  5.27it/s]
Processing frames:  61%|██████    | 52/85 [00:10<00:06,  5.26it/s]
Processing frames:  62%|██████▏   | 53/85 [00:10<00:06,  5.28it/s]
Processing frames:  64%|██████▎   | 54/85 [00:10<00:05,  5.30it/s]
Processing frames:  65%|██████▍   | 55/85 [00:10<00:05,  5.31it/s]
Processing frames:  66%|██████▌   | 56/85 [00:10<00:05,  5.22it/s]
Processing frames:  67%|██████▋   | 57/85 [00:11<00:05,  5.25it/s]
Processing frames:  68%|██████▊   | 58/85 [00:11<00:05,  5.27it/s]
Processing frames:  69%|██████▉   | 59/85 [00:11<00:04,  5.22it/s]
Processing frames:  71%|███████   | 60/85 [00:11<00:04,  5.14it/s]
Processing frames:  72%|███████▏  | 61/85 [00:11<00:04,  5.13it/s]
Processing frames:  73%|███████▎  | 62/85 [00:12<00:04,  5.19it/s]
Processing frames:  74%|███████▍  | 63/85 [00:12<00:04,  5.23it/s]
Processing frames:  75%|███████▌  | 64/85 [00:12<00:03,  5.26it/s]
Processing frames:  76%|███████▋  | 65/85 [00:12<00:03,  5.28it/s]
Processing frames:  78%|███████▊  | 66/85 [00:12<00:03,  5.19it/s]
Processing frames:  79%|███████▉  | 67/85 [00:12<00:03,  5.23it/s]
Processing frames:  80%|████████  | 68/85 [00:13<00:03,  5.27it/s]
Processing frames:  81%|████████  | 69/85 [00:13<00:03,  5.28it/s]
Processing frames:  82%|████████▏ | 70/85 [00:13<00:02,  5.31it/s]
Processing frames:  84%|████████▎ | 71/85 [00:13<00:02,  5.29it/s]
Processing frames:  85%|████████▍ | 72/85 [00:13<00:02,  5.20it/s]
Processing frames:  86%|████████▌ | 73/85 [00:14<00:02,  5.24it/s]
Processing frames:  87%|████████▋ | 74/85 [00:14<00:02,  5.18it/s]
Processing frames:  88%|████████▊ | 75/85 [00:14<00:01,  5.23it/s]
Processing frames:  89%|████████▉ | 76/85 [00:14<00:01,  5.26it/s]
Processing frames:  91%|█████████ | 77/85 [00:14<00:01,  5.28it/s]
Processing frames:  92%|█████████▏| 78/85 [00:15<00:01,  5.25it/s]
Processing frames:  93%|█████████▎| 79/85 [00:15<00:01,  5.28it/s]
Processing frames:  94%|█████████▍| 80/85 [00:15<00:00,  5.29it/s]
Processing frames:  95%|█████████▌| 81/85 [00:15<00:00,  5.31it/s]
Processing frames:  96%|█████████▋| 82/85 [00:15<00:00,  5.31it/s]
Processing frames:  98%|█████████▊| 83/85 [00:16<00:00,  5.23it/s]
Processing frames:  99%|█████████▉| 84/85 [00:16<00:00,  5.26it/s]
Processing frames: 100%|██████████| 85/85 [00:16<00:00,  5.29it/s]
Processing frames: 100%|██████████| 85/85 [00:16<00:00,  5.19it/s]

Processing frames:   0%|          | 0/5 [00:00<?, ?it/s]
Processing frames:  20%|██        | 1/5 [00:00<00:01,  2.98it/s]
Processing frames:  40%|████      | 2/5 [00:00<00:01,  2.92it/s]
Processing frames:  60%|██████    | 3/5 [00:01<00:00,  2.90it/s]
Processing frames:  80%|████████  | 4/5 [00:01<00:00,  2.95it/s]
Processing frames: 100%|██████████| 5/5 [00:01<00:00,  2.95it/s]
Processing frames: 100%|██████████| 5/5 [00:01<00:00,  2.94it/s]

Processing frames:   0%|          | 0/234 [00:00<?, ?it/s]
Processing frames:   0%|          | 1/234 [00:00<03:21,  1.16it/s]
Processing frames:   1%|          | 2/234 [00:01<03:18,  1.17it/s]
Processing frames:   1%|▏         | 3/234 [00:02<03:11,  1.21it/s]
Processing frames:   2%|▏         | 4/234 [00:03<03:10,  1.21it/s]
Processing frames:   2%|▏         | 5/234 [00:04<03:09,  1.21it/s]
Processing frames:   3%|▎         | 6/234 [00:04<03:09,  1.20it/s]
Processing frames:   3%|▎         | 7/234 [00:05<03:09,  1.20it/s]
Processing frames:   3%|▎         | 8/234 [00:06<03:10,  1.19it/s]
Processing frames:   4%|▍         | 9/234 [00:07<03:09,  1.19it/s]
Processing frames:   4%|▍         | 10/234 [00:08<03:08,  1.19it/s]
Processing frames:   5%|▍         | 11/234 [00:09<03:09,  1.18it/s]
Processing frames:   5%|▌         | 12/234 [00:10<03:07,  1.18it/s]
Processing frames:   6%|▌         | 13/234 [00:10<03:06,  1.19it/s]
Processing frames:   6%|▌         | 14/234 [00:11<03:05,  1.19it/s]
Processing frames:   6%|▋         | 15/234 [00:12<03:04,  1.19it/s]
Processing frames:   7%|▋         | 16/234 [00:13<03:03,  1.19it/s]
Processing frames:   7%|▋         | 17/234 [00:14<03:03,  1.18it/s]
Processing frames:   8%|▊         | 18/234 [00:15<03:02,  1.18it/s]
Processing frames:   8%|▊         | 19/234 [00:15<02:59,  1.19it/s]
Processing frames:   9%|▊         | 20/234 [00:16<02:57,  1.20it/s]
Processing frames:   9%|▉         | 21/234 [00:17<02:57,  1.20it/s]
Processing frames:   9%|▉         | 22/234 [00:18<02:54,  1.22it/s]
Processing frames:  10%|▉         | 23/234 [00:19<02:52,  1.22it/s]
Processing frames:  10%|█         | 24/234 [00:20<02:51,  1.22it/s]
Processing frames:  11%|█         | 25/234 [00:20<02:51,  1.22it/s]
Processing frames:  11%|█         | 26/234 [00:21<02:50,  1.22it/s]
Processing frames:  12%|█▏        | 27/234 [00:22<02:51,  1.21it/s]
Processing frames:  12%|█▏        | 28/234 [00:23<02:52,  1.20it/s]
Processing frames:  12%|█▏        | 29/234 [00:24<02:50,  1.20it/s]
Processing frames:  13%|█▎        | 30/234 [00:25<02:49,  1.20it/s]
Processing frames:  13%|█▎        | 31/234 [00:25<02:51,  1.18it/s]
Processing frames:  14%|█▎        | 32/234 [00:26<02:50,  1.19it/s]
Processing frames:  14%|█▍        | 33/234 [00:27<02:48,  1.19it/s]
Processing frames:  15%|█▍        | 34/234 [00:28<02:46,  1.20it/s]
Processing frames:  15%|█▍        | 35/234 [00:29<02:46,  1.20it/s]
Processing frames:  15%|█▌        | 36/234 [00:30<02:45,  1.19it/s]
Processing frames:  16%|█▌        | 37/234 [00:30<02:44,  1.20it/s]
Processing frames:  16%|█▌        | 38/234 [00:31<02:42,  1.21it/s]
Processing frames:  17%|█▋        | 39/234 [00:32<02:43,  1.20it/s]
Processing frames:  17%|█▋        | 40/234 [00:33<02:42,  1.19it/s]
Processing frames:  18%|█▊        | 41/234 [00:34<02:40,  1.20it/s]
Processing frames:  18%|█▊        | 42/234 [00:35<02:38,  1.21it/s]
Processing frames:  18%|█▊        | 43/234 [00:35<02:37,  1.21it/s]
Processing frames:  19%|█▉        | 44/234 [00:36<02:36,  1.22it/s]
Processing frames:  19%|█▉        | 45/234 [00:37<02:35,  1.21it/s]
Processing frames:  20%|█▉        | 46/234 [00:38<02:35,  1.21it/s]
Processing frames:  20%|██        | 47/234 [00:39<02:46,  1.12it/s]
Processing frames:  21%|██        | 48/234 [00:40<02:41,  1.15it/s]
Processing frames:  21%|██        | 49/234 [00:41<02:37,  1.17it/s]
Processing frames:  21%|██▏       | 50/234 [00:41<02:36,  1.18it/s]
Processing frames:  22%|██▏       | 51/234 [00:42<02:35,  1.18it/s]
Processing frames:  22%|██▏       | 52/234 [00:43<02:34,  1.18it/s]
Processing frames:  23%|██▎       | 53/234 [00:44<02:33,  1.18it/s]
Processing frames:  23%|██▎       | 54/234 [00:45<02:32,  1.18it/s]
Processing frames:  24%|██▎       | 55/234 [00:46<02:29,  1.20it/s]
Processing frames:  24%|██▍       | 56/234 [00:46<02:27,  1.21it/s]
Processing frames:  24%|██▍       | 57/234 [00:47<02:30,  1.18it/s]
Processing frames:  25%|██▍       | 58/234 [00:48<02:33,  1.15it/s]
Processing frames:  25%|██▌       | 59/234 [00:49<02:30,  1.16it/s]
Processing frames:  26%|██▌       | 60/234 [00:50<02:29,  1.16it/s]
Processing frames:  26%|██▌       | 61/234 [00:51<02:27,  1.17it/s]
Processing frames:  26%|██▋       | 62/234 [00:52<02:27,  1.17it/s]
Processing frames:  27%|██▋       | 63/234 [00:53<02:39,  1.07it/s]
Processing frames:  27%|██▋       | 64/234 [00:54<02:35,  1.10it/s]
Processing frames:  28%|██▊       | 65/234 [00:54<02:32,  1.11it/s]
Processing frames:  28%|██▊       | 66/234 [00:55<02:26,  1.15it/s]
Processing frames:  29%|██▊       | 67/234 [00:56<02:23,  1.17it/s]
Processing frames:  29%|██▉       | 68/234 [00:57<02:20,  1.18it/s]
Processing frames:  29%|██▉       | 69/234 [00:58<02:18,  1.19it/s]
Processing frames:  30%|██▉       | 70/234 [00:59<02:16,  1.20it/s]
Processing frames:  30%|███       | 71/234 [00:59<02:17,  1.19it/s]
Processing frames:  31%|███       | 72/234 [01:00<02:16,  1.19it/s]
Processing frames:  31%|███       | 73/234 [01:01<02:15,  1.19it/s]
Processing frames:  32%|███▏      | 74/234 [01:02<02:13,  1.20it/s]
Processing frames:  32%|███▏      | 75/234 [01:03<02:12,  1.20it/s]
Processing frames:  32%|███▏      | 76/234 [01:04<02:11,  1.20it/s]
Processing frames:  33%|███▎      | 77/234 [01:04<02:10,  1.20it/s]
Processing frames:  33%|███▎      | 78/234 [01:05<02:09,  1.21it/s]
Processing frames:  34%|███▍      | 79/234 [01:06<02:07,  1.21it/s]
Processing frames:  34%|███▍      | 80/234 [01:07<02:06,  1.22it/s]
Processing frames:  35%|███▍      | 81/234 [01:08<02:04,  1.22it/s]
Processing frames:  35%|███▌      | 82/234 [01:08<02:03,  1.24it/s]
Processing frames:  35%|███▌      | 83/234 [01:09<02:02,  1.23it/s]
Processing frames:  36%|███▌      | 84/234 [01:10<02:02,  1.23it/s]
Processing frames:  36%|███▋      | 85/234 [01:11<02:01,  1.22it/s]
Processing frames:  37%|███▋      | 86/234 [01:12<02:00,  1.22it/s]
Processing frames:  37%|███▋      | 87/234 [01:13<02:00,  1.22it/s]
Processing frames:  38%|███▊      | 88/234 [01:13<01:59,  1.22it/s]
Processing frames:  38%|███▊      | 89/234 [01:14<01:59,  1.21it/s]
Processing frames:  38%|███▊      | 90/234 [01:15<01:58,  1.22it/s]
Processing frames:  39%|███▉      | 91/234 [01:16<01:59,  1.20it/s]
Processing frames:  39%|███▉      | 92/234 [01:17<01:57,  1.21it/s]
Processing frames:  40%|███▉      | 93/234 [01:18<01:57,  1.20it/s]
Processing frames:  40%|████      | 94/234 [01:18<01:58,  1.18it/s]
Processing frames:  41%|████      | 95/234 [01:19<01:57,  1.19it/s]
Processing frames:  41%|████      | 96/234 [01:20<01:55,  1.20it/s]
Processing frames:  41%|████▏     | 97/234 [01:21<01:54,  1.20it/s]
Processing frames:  42%|████▏     | 98/234 [01:22<01:54,  1.19it/s]
Processing frames:  42%|████▏     | 99/234 [01:23<01:53,  1.19it/s]
Processing frames:  43%|████▎     | 100/234 [01:23<01:52,  1.19it/s]
Processing frames:  43%|████▎     | 101/234 [01:24<01:50,  1.20it/s]
Processing frames:  44%|████▎     | 102/234 [01:25<01:48,  1.21it/s]
Processing frames:  44%|████▍     | 103/234 [01:26<01:50,  1.18it/s]
Processing frames:  44%|████▍     | 104/234 [01:27<01:48,  1.20it/s]
Processing frames:  45%|████▍     | 105/234 [01:28<01:47,  1.20it/s]
Processing frames:  45%|████▌     | 106/234 [01:28<01:45,  1.22it/s]
Processing frames:  46%|████▌     | 107/234 [01:29<01:45,  1.20it/s]
Processing frames:  46%|████▌     | 108/234 [01:30<01:44,  1.21it/s]
Processing frames:  47%|████▋     | 109/234 [01:31<01:43,  1.21it/s]
Processing frames:  47%|████▋     | 110/234 [01:32<01:42,  1.21it/s]
Processing frames:  47%|████▋     | 111/234 [01:33<01:42,  1.20it/s]
Processing frames:  48%|████▊     | 112/234 [01:33<01:42,  1.20it/s]
Processing frames:  48%|████▊     | 113/234 [01:34<01:40,  1.20it/s]
Processing frames:  49%|████▊     | 114/234 [01:35<01:39,  1.21it/s]
Processing frames:  49%|████▉     | 115/234 [01:36<01:39,  1.20it/s]
Processing frames:  50%|████▉     | 116/234 [01:37<01:38,  1.20it/s]
Processing frames:  50%|█████     | 117/234 [01:38<01:36,  1.21it/s]
Processing frames:  50%|█████     | 118/234 [01:38<01:35,  1.21it/s]
Processing frames:  51%|█████     | 119/234 [01:39<01:35,  1.21it/s]
Processing frames:  51%|█████▏    | 120/234 [01:40<01:35,  1.20it/s]
Processing frames:  52%|█████▏    | 121/234 [01:41<01:33,  1.20it/s]
Processing frames:  52%|█████▏    | 122/234 [01:42<01:32,  1.21it/s]
Processing frames:  53%|█████▎    | 123/234 [01:43<01:33,  1.19it/s]
Processing frames:  53%|█████▎    | 124/234 [01:43<01:31,  1.20it/s]
Processing frames:  53%|█████▎    | 125/234 [01:44<01:30,  1.21it/s]
Processing frames:  54%|█████▍    | 126/234 [01:45<01:29,  1.21it/s]
Processing frames:  54%|█████▍    | 127/234 [01:46<01:28,  1.21it/s]
Processing frames:  55%|█████▍    | 128/234 [01:47<01:27,  1.21it/s]
Processing frames:  55%|█████▌    | 129/234 [01:48<01:28,  1.19it/s]
Processing frames:  56%|█████▌    | 130/234 [01:48<01:28,  1.17it/s]
Processing frames:  56%|█████▌    | 131/234 [01:49<01:27,  1.18it/s]
Processing frames:  56%|█████▋    | 132/234 [01:50<01:26,  1.18it/s]
Processing frames:  57%|█████▋    | 133/234 [01:51<01:25,  1.18it/s]
Processing frames:  57%|█████▋    | 134/234 [01:52<01:23,  1.20it/s]
Processing frames:  58%|█████▊    | 135/234 [01:53<01:21,  1.21it/s]
Processing frames:  58%|█████▊    | 136/234 [01:53<01:20,  1.21it/s]
Processing frames:  59%|█████▊    | 137/234 [01:54<01:20,  1.21it/s]
Processing frames:  59%|█████▉    | 138/234 [01:55<01:18,  1.22it/s]
Processing frames:  59%|█████▉    | 139/234 [01:56<01:17,  1.22it/s]
Processing frames:  60%|█████▉    | 140/234 [01:57<01:16,  1.22it/s]
Processing frames:  60%|██████    | 141/234 [01:57<01:16,  1.22it/s]
Processing frames:  61%|██████    | 142/234 [01:58<01:15,  1.21it/s]
Processing frames:  61%|██████    | 143/234 [01:59<01:14,  1.21it/s]
Processing frames:  62%|██████▏   | 144/234 [02:00<01:13,  1.22it/s]
Processing frames:  62%|██████▏   | 145/234 [02:01<01:13,  1.22it/s]
Processing frames:  62%|██████▏   | 146/234 [02:02<01:13,  1.20it/s]
Processing frames:  63%|██████▎   | 147/234 [02:02<01:12,  1.21it/s]
Processing frames:  63%|██████▎   | 148/234 [02:03<01:11,  1.21it/s]
Processing frames:  64%|██████▎   | 149/234 [02:04<01:10,  1.21it/s]
Processing frames:  64%|██████▍   | 150/234 [02:05<01:10,  1.20it/s]
Processing frames:  65%|██████▍   | 151/234 [02:06<01:11,  1.15it/s]
Processing frames:  65%|██████▍   | 152/234 [02:07<01:11,  1.14it/s]
Processing frames:  65%|██████▌   | 153/234 [02:08<01:09,  1.16it/s]
Processing frames:  66%|██████▌   | 154/234 [02:08<01:07,  1.18it/s]
Processing frames:  66%|██████▌   | 155/234 [02:09<01:06,  1.19it/s]
Processing frames:  67%|██████▋   | 156/234 [02:10<01:04,  1.20it/s]
Processing frames:  67%|██████▋   | 157/234 [02:11<01:03,  1.20it/s]
Processing frames:  68%|██████▊   | 158/234 [02:12<01:02,  1.21it/s]
Processing frames:  68%|██████▊   | 159/234 [02:13<01:03,  1.19it/s]
Processing frames:  68%|██████▊   | 160/234 [02:13<01:03,  1.17it/s]
Processing frames:  69%|██████▉   | 161/234 [02:14<01:02,  1.17it/s]
Processing frames:  69%|██████▉   | 162/234 [02:15<01:00,  1.19it/s]
Processing frames:  70%|██████▉   | 163/234 [02:16<00:59,  1.20it/s]
Processing frames:  70%|███████   | 164/234 [02:17<00:57,  1.21it/s]
Processing frames:  71%|███████   | 165/234 [02:18<00:56,  1.22it/s]
Processing frames:  71%|███████   | 166/234 [02:18<00:56,  1.20it/s]
Processing frames:  71%|███████▏  | 167/234 [02:19<00:55,  1.20it/s]
Processing frames:  72%|███████▏  | 168/234 [02:20<00:54,  1.20it/s]
Processing frames:  72%|███████▏  | 169/234 [02:21<00:53,  1.21it/s]
Processing frames:  73%|███████▎  | 170/234 [02:22<00:52,  1.21it/s]
Processing frames:  73%|███████▎  | 171/234 [02:23<00:52,  1.19it/s]
Processing frames:  74%|███████▎  | 172/234 [02:24<00:53,  1.17it/s]
Processing frames:  74%|███████▍  | 173/234 [02:24<00:51,  1.18it/s]
Processing frames:  74%|███████▍  | 174/234 [02:25<00:50,  1.18it/s]
Processing frames:  75%|███████▍  | 175/234 [02:26<00:52,  1.11it/s]
Processing frames:  75%|███████▌  | 176/234 [02:27<00:51,  1.12it/s]
Processing frames:  76%|███████▌  | 177/234 [02:28<00:49,  1.15it/s]
Processing frames:  76%|███████▌  | 178/234 [02:29<00:48,  1.16it/s]
Processing frames:  76%|███████▋  | 179/234 [02:30<00:46,  1.18it/s]
Processing frames:  77%|███████▋  | 180/234 [02:30<00:46,  1.16it/s]
Processing frames:  77%|███████▋  | 181/234 [02:31<00:45,  1.16it/s]
Processing frames:  78%|███████▊  | 182/234 [02:32<00:45,  1.15it/s]
Processing frames:  78%|███████▊  | 183/234 [02:33<00:43,  1.16it/s]
Processing frames:  79%|███████▊  | 184/234 [02:34<00:43,  1.15it/s]
Processing frames:  79%|███████▉  | 185/234 [02:35<00:42,  1.14it/s]
Processing frames:  79%|███████▉  | 186/234 [02:36<00:41,  1.16it/s]
Processing frames:  80%|███████▉  | 187/234 [02:36<00:40,  1.17it/s]
Processing frames:  80%|████████  | 188/234 [02:37<00:38,  1.19it/s]
Processing frames:  81%|████████  | 189/234 [02:38<00:38,  1.18it/s]
Processing frames:  81%|████████  | 190/234 [02:39<00:37,  1.17it/s]
Processing frames:  82%|████████▏ | 191/234 [02:40<00:36,  1.17it/s]
Processing frames:  82%|████████▏ | 192/234 [02:41<00:35,  1.17it/s]
Processing frames:  82%|████████▏ | 193/234 [02:42<00:35,  1.16it/s]
Processing frames:  83%|████████▎ | 194/234 [02:42<00:34,  1.15it/s]
Processing frames:  83%|████████▎ | 195/234 [02:43<00:33,  1.17it/s]
Processing frames:  84%|████████▍ | 196/234 [02:44<00:31,  1.20it/s]
Processing frames:  84%|████████▍ | 197/234 [02:45<00:31,  1.19it/s]
Processing frames:  85%|████████▍ | 198/234 [02:46<00:30,  1.20it/s]
Processing frames:  85%|████████▌ | 199/234 [02:47<00:29,  1.20it/s]
Processing frames:  85%|████████▌ | 200/234 [02:47<00:28,  1.20it/s]
Processing frames:  86%|████████▌ | 201/234 [02:48<00:27,  1.20it/s]
Processing frames:  86%|████████▋ | 202/234 [02:49<00:26,  1.20it/s]
Processing frames:  87%|████████▋ | 203/234 [02:50<00:25,  1.21it/s]
Processing frames:  87%|████████▋ | 204/234 [02:51<00:24,  1.21it/s]
Processing frames:  88%|████████▊ | 205/234 [02:52<00:24,  1.20it/s]
Processing frames:  88%|████████▊ | 206/234 [02:53<00:24,  1.16it/s]
Processing frames:  88%|████████▊ | 207/234 [02:53<00:23,  1.16it/s]
Processing frames:  89%|████████▉ | 208/234 [02:54<00:22,  1.18it/s]
Processing frames:  89%|████████▉ | 209/234 [02:55<00:21,  1.19it/s]
Processing frames:  90%|████████▉ | 210/234 [02:56<00:19,  1.21it/s]
Processing frames:  90%|█████████ | 211/234 [02:57<00:19,  1.20it/s]
Processing frames:  91%|█████████ | 212/234 [02:58<00:18,  1.20it/s]
Processing frames:  91%|█████████ | 213/234 [02:58<00:17,  1.20it/s]
Processing frames:  91%|█████████▏| 214/234 [02:59<00:16,  1.20it/s]
Processing frames:  92%|█████████▏| 215/234 [03:00<00:15,  1.21it/s]
Processing frames:  92%|█████████▏| 216/234 [03:01<00:14,  1.22it/s]
Processing frames:  93%|█████████▎| 217/234 [03:02<00:13,  1.23it/s]
Processing frames:  93%|█████████▎| 218/234 [03:02<00:13,  1.20it/s]
Processing frames:  94%|█████████▎| 219/234 [03:03<00:12,  1.20it/s]
Processing frames:  94%|█████████▍| 220/234 [03:04<00:11,  1.19it/s]
Processing frames:  94%|█████████▍| 221/234 [03:05<00:10,  1.19it/s]
Processing frames:  95%|█████████▍| 222/234 [03:06<00:09,  1.21it/s]
Processing frames:  95%|█████████▌| 223/234 [03:07<00:09,  1.22it/s]
Processing frames:  96%|█████████▌| 224/234 [03:07<00:08,  1.21it/s]
Processing frames:  96%|█████████▌| 225/234 [03:08<00:07,  1.21it/s]
Processing frames:  97%|█████████▋| 226/234 [03:09<00:06,  1.19it/s]
Processing frames:  97%|█████████▋| 227/234 [03:10<00:05,  1.18it/s]
Processing frames:  97%|█████████▋| 228/234 [03:11<00:05,  1.19it/s]
Processing frames:  98%|█████████▊| 229/234 [03:12<00:04,  1.20it/s]
Processing frames:  98%|█████████▊| 230/234 [03:12<00:03,  1.19it/s]
Processing frames:  99%|█████████▊| 231/234 [03:13<00:02,  1.19it/s]
Processing frames:  99%|█████████▉| 232/234 [03:14<00:01,  1.20it/s]
Processing frames: 100%|█████████▉| 233/234 [03:15<00:00,  1.19it/s]
Processing frames: 100%|██████████| 234/234 [03:16<00:00,  1.19it/s]
Processing frames: 100%|██████████| 234/234 [03:16<00:00,  1.19it/s]

Processing frames:   0%|          | 0/13 [00:00<?, ?it/s]
Processing frames:   8%|▊         | 1/13 [00:00<00:04,  2.48it/s]
Processing frames:  15%|█▌        | 2/13 [00:00<00:04,  2.46it/s]
Processing frames:  23%|██▎       | 3/13 [00:01<00:04,  2.39it/s]
Processing frames:  31%|███       | 4/13 [00:01<00:03,  2.35it/s]
Processing frames:  38%|███▊      | 5/13 [00:02<00:03,  2.30it/s]
Processing frames:  46%|████▌     | 6/13 [00:02<00:03,  2.29it/s]
Processing frames:  54%|█████▍    | 7/13 [00:03<00:02,  2.29it/s]
Processing frames:  62%|██████▏   | 8/13 [00:03<00:02,  2.31it/s]
Processing frames:  69%|██████▉   | 9/13 [00:03<00:01,  2.35it/s]
Processing frames:  77%|███████▋  | 10/13 [00:04<00:01,  2.37it/s]
Processing frames:  85%|████████▍ | 11/13 [00:04<00:00,  2.41it/s]
Processing frames:  92%|█████████▏| 12/13 [00:05<00:00,  2.42it/s]
Processing frames: 100%|██████████| 13/13 [00:05<00:00,  2.43it/s]
Processing frames: 100%|██████████| 13/13 [00:05<00:00,  2.38it/s]

Processing frames:   0%|          | 0/29 [00:00<?, ?it/s]
Processing frames:   3%|▎         | 1/29 [00:00<00:13,  2.02it/s]
Processing frames:   7%|▋         | 2/29 [00:00<00:10,  2.49it/s]
Processing frames:  10%|█         | 3/29 [00:01<00:09,  2.67it/s]
Processing frames:  14%|█▍        | 4/29 [00:01<00:08,  2.80it/s]
Processing frames:  17%|█▋        | 5/29 [00:01<00:08,  2.83it/s]
Processing frames:  21%|██        | 6/29 [00:02<00:07,  2.94it/s]
Processing frames:  24%|██▍       | 7/29 [00:02<00:07,  2.98it/s]
Processing frames:  28%|██▊       | 8/29 [00:02<00:06,  3.03it/s]
Processing frames:  31%|███       | 9/29 [00:03<00:06,  3.05it/s]
Processing frames:  34%|███▍      | 10/29 [00:03<00:06,  3.09it/s]
Processing frames:  38%|███▊      | 11/29 [00:03<00:06,  2.95it/s]
Processing frames:  41%|████▏     | 12/29 [00:04<00:05,  3.04it/s]
Processing frames:  45%|████▍     | 13/29 [00:04<00:05,  3.02it/s]
Processing frames:  48%|████▊     | 14/29 [00:04<00:04,  3.07it/s]
Processing frames:  52%|█████▏    | 15/29 [00:05<00:04,  3.07it/s]
Processing frames:  55%|█████▌    | 16/29 [00:05<00:04,  3.11it/s]
Processing frames:  59%|█████▊    | 17/29 [00:05<00:03,  3.15it/s]
Processing frames:  62%|██████▏   | 18/29 [00:06<00:03,  3.10it/s]
Processing frames:  66%|██████▌   | 19/29 [00:06<00:03,  3.12it/s]
Processing frames:  69%|██████▉   | 20/29 [00:06<00:02,  3.08it/s]
Processing frames:  72%|███████▏  | 21/29 [00:07<00:02,  3.07it/s]
Processing frames:  76%|███████▌  | 22/29 [00:07<00:02,  3.04it/s]
Processing frames:  79%|███████▉  | 23/29 [00:07<00:02,  2.98it/s]
Processing frames:  83%|████████▎ | 24/29 [00:08<00:01,  3.04it/s]
Processing frames:  86%|████████▌ | 25/29 [00:08<00:01,  3.08it/s]
Processing frames:  90%|████████▉ | 26/29 [00:08<00:00,  3.11it/s]
Processing frames:  93%|█████████▎| 27/29 [00:08<00:00,  3.11it/s]
Processing frames:  97%|█████████▋| 28/29 [00:09<00:00,  3.12it/s]
Processing frames: 100%|██████████| 29/29 [00:09<00:00,  3.11it/s]
Processing frames: 100%|██████████| 29/29 [00:09<00:00,  3.01it/s]

Processing frames:   0%|          | 0/10 [00:00<?, ?it/s]
Processing frames:  10%|█         | 1/10 [00:00<00:07,  1.20it/s]
Processing frames:  20%|██        | 2/10 [00:01<00:06,  1.21it/s]
Processing frames:  30%|███       | 3/10 [00:02<00:05,  1.21it/s]
Processing frames:  40%|████      | 4/10 [00:03<00:04,  1.22it/s]
Processing frames:  50%|█████     | 5/10 [00:04<00:04,  1.21it/s]
Processing frames:  60%|██████    | 6/10 [00:04<00:03,  1.21it/s]
Processing frames:  70%|███████   | 7/10 [00:05<00:02,  1.21it/s]
Processing frames:  80%|████████  | 8/10 [00:06<00:01,  1.20it/s]
Processing frames:  90%|█████████ | 9/10 [00:07<00:00,  1.18it/s]
Processing frames: 100%|██████████| 10/10 [00:08<00:00,  1.19it/s]
Processing frames: 100%|██████████| 10/10 [00:08<00:00,  1.20it/s]

Processing frames:   0%|          | 0/71 [00:00<?, ?it/s]
Processing frames:   1%|▏         | 1/71 [00:00<00:20,  3.39it/s]
Processing frames:   3%|▎         | 2/71 [00:00<00:20,  3.41it/s]
Processing frames:   4%|▍         | 3/71 [00:00<00:19,  3.40it/s]
Processing frames:   6%|▌         | 4/71 [00:01<00:19,  3.40it/s]
Processing frames:   7%|▋         | 5/71 [00:01<00:19,  3.43it/s]
Processing frames:   8%|▊         | 6/71 [00:01<00:19,  3.31it/s]
Processing frames:  10%|▉         | 7/71 [00:02<00:19,  3.37it/s]
Processing frames:  11%|█▏        | 8/71 [00:02<00:18,  3.41it/s]
Processing frames:  13%|█▎        | 9/71 [00:02<00:18,  3.43it/s]
Processing frames:  14%|█▍        | 10/71 [00:02<00:17,  3.40it/s]
Processing frames:  15%|█▌        | 11/71 [00:03<00:17,  3.43it/s]
Processing frames:  17%|█▋        | 12/71 [00:03<00:17,  3.45it/s]
Processing frames:  18%|█▊        | 13/71 [00:03<00:16,  3.47it/s]
Processing frames:  20%|█▉        | 14/71 [00:04<00:16,  3.45it/s]
Processing frames:  21%|██        | 15/71 [00:04<00:16,  3.46it/s]
Processing frames:  23%|██▎       | 16/71 [00:04<00:15,  3.48it/s]
Processing frames:  24%|██▍       | 17/71 [00:04<00:15,  3.40it/s]
Processing frames:  25%|██▌       | 18/71 [00:05<00:15,  3.43it/s]
Processing frames:  27%|██▋       | 19/71 [00:05<00:15,  3.36it/s]
Processing frames:  28%|██▊       | 20/71 [00:05<00:15,  3.34it/s]
Processing frames:  30%|██▉       | 21/71 [00:06<00:14,  3.39it/s]
Processing frames:  31%|███       | 22/71 [00:06<00:14,  3.43it/s]
Processing frames:  32%|███▏      | 23/71 [00:06<00:14,  3.39it/s]
Processing frames:  34%|███▍      | 24/71 [00:07<00:13,  3.38it/s]
Processing frames:  35%|███▌      | 25/71 [00:07<00:13,  3.29it/s]
Processing frames:  37%|███▋      | 26/71 [00:07<00:13,  3.32it/s]
Processing frames:  38%|███▊      | 27/71 [00:07<00:13,  3.37it/s]
Processing frames:  39%|███▉      | 28/71 [00:08<00:12,  3.37it/s]
Processing frames:  41%|████      | 29/71 [00:08<00:12,  3.35it/s]
Processing frames:  42%|████▏     | 30/71 [00:08<00:12,  3.39it/s]
Processing frames:  44%|████▎     | 31/71 [00:09<00:11,  3.38it/s]
Processing frames:  45%|████▌     | 32/71 [00:09<00:11,  3.34it/s]
Processing frames:  46%|████▋     | 33/71 [00:09<00:11,  3.38it/s]
Processing frames:  48%|████▊     | 34/71 [00:10<00:11,  3.36it/s]
Processing frames:  49%|████▉     | 35/71 [00:10<00:10,  3.39it/s]
Processing frames:  51%|█████     | 36/71 [00:10<00:10,  3.38it/s]
Processing frames:  52%|█████▏    | 37/71 [00:10<00:10,  3.38it/s]
Processing frames:  54%|█████▎    | 38/71 [00:11<00:09,  3.38it/s]
Processing frames:  55%|█████▍    | 39/71 [00:11<00:09,  3.37it/s]
Processing frames:  56%|█████▋    | 40/71 [00:11<00:09,  3.36it/s]
Processing frames:  58%|█████▊    | 41/71 [00:12<00:08,  3.40it/s]
Processing frames:  59%|█████▉    | 42/71 [00:12<00:08,  3.41it/s]
Processing frames:  61%|██████    | 43/71 [00:12<00:08,  3.42it/s]
Processing frames:  62%|██████▏   | 44/71 [00:12<00:07,  3.43it/s]
Processing frames:  63%|██████▎   | 45/71 [00:13<00:07,  3.43it/s]
Processing frames:  65%|██████▍   | 46/71 [00:13<00:07,  3.41it/s]
Processing frames:  66%|██████▌   | 47/71 [00:13<00:07,  3.28it/s]
Processing frames:  68%|██████▊   | 48/71 [00:14<00:06,  3.33it/s]
Processing frames:  69%|██████▉   | 49/71 [00:14<00:06,  3.37it/s]
Processing frames:  70%|███████   | 50/71 [00:14<00:06,  3.41it/s]
Processing frames:  72%|███████▏  | 51/71 [00:15<00:05,  3.40it/s]
Processing frames:  73%|███████▎  | 52/71 [00:15<00:05,  3.38it/s]
Processing frames:  75%|███████▍  | 53/71 [00:15<00:05,  3.42it/s]
Processing frames:  76%|███████▌  | 54/71 [00:15<00:05,  3.35it/s]
Processing frames:  77%|███████▋  | 55/71 [00:16<00:04,  3.35it/s]
Processing frames:  79%|███████▉  | 56/71 [00:16<00:04,  3.34it/s]
Processing frames:  80%|████████  | 57/71 [00:16<00:04,  3.37it/s]
Processing frames:  82%|████████▏ | 58/71 [00:17<00:03,  3.42it/s]
Processing frames:  83%|████████▎ | 59/71 [00:17<00:03,  3.45it/s]
Processing frames:  85%|████████▍ | 60/71 [00:17<00:03,  3.48it/s]
Processing frames:  86%|████████▌ | 61/71 [00:17<00:02,  3.44it/s]
Processing frames:  87%|████████▋ | 62/71 [00:18<00:02,  3.46it/s]
Processing frames:  89%|████████▊ | 63/71 [00:18<00:02,  3.45it/s]
Processing frames:  90%|█████████ | 64/71 [00:18<00:02,  3.45it/s]
Processing frames:  92%|█████████▏| 65/71 [00:19<00:01,  3.44it/s]
Processing frames:  93%|█████████▎| 66/71 [00:19<00:01,  3.39it/s]
Processing frames:  94%|█████████▍| 67/71 [00:19<00:01,  3.40it/s]
Processing frames:  96%|█████████▌| 68/71 [00:20<00:01,  2.80it/s]
Processing frames:  97%|█████████▋| 69/71 [00:20<00:00,  2.96it/s]
Processing frames:  99%|█████████▊| 70/71 [00:20<00:00,  3.09it/s]
Processing frames: 100%|██████████| 71/71 [00:21<00:00,  3.11it/s]
Processing frames: 100%|██████████| 71/71 [00:21<00:00,  3.36it/s]

Processing frames:   0%|          | 0/25 [00:00<?, ?it/s]
Processing frames:   4%|▍         | 1/25 [00:00<00:04,  4.93it/s]
Processing frames:   8%|▊         | 2/25 [00:00<00:04,  4.96it/s]
Processing frames:  12%|█▏        | 3/25 [00:00<00:04,  4.85it/s]
Processing frames:  16%|█▌        | 4/25 [00:00<00:04,  4.90it/s]
Processing frames:  20%|██        | 5/25 [00:01<00:04,  4.76it/s]
Processing frames:  24%|██▍       | 6/25 [00:01<00:03,  4.84it/s]
Processing frames:  28%|██▊       | 7/25 [00:01<00:03,  4.82it/s]
Processing frames:  32%|███▏      | 8/25 [00:01<00:04,  4.11it/s]
Processing frames:  36%|███▌      | 9/25 [00:01<00:03,  4.36it/s]
Processing frames:  40%|████      | 10/25 [00:02<00:03,  4.37it/s]
Processing frames:  44%|████▍     | 11/25 [00:02<00:03,  4.47it/s]
Processing frames:  48%|████▊     | 12/25 [00:02<00:02,  4.62it/s]
Processing frames:  52%|█████▏    | 13/25 [00:02<00:02,  4.74it/s]
Processing frames:  56%|█████▌    | 14/25 [00:03<00:02,  4.82it/s]
Processing frames:  60%|██████    | 15/25 [00:03<00:02,  4.79it/s]
Processing frames:  64%|██████▍   | 16/25 [00:03<00:01,  4.58it/s]
Processing frames:  68%|██████▊   | 17/25 [00:03<00:01,  4.53it/s]
Processing frames:  72%|███████▏  | 18/25 [00:03<00:01,  4.66it/s]
Processing frames:  76%|███████▌  | 19/25 [00:04<00:01,  4.69it/s]
Processing frames:  80%|████████  | 20/25 [00:04<00:01,  4.78it/s]
Processing frames:  84%|████████▍ | 21/25 [00:04<00:00,  4.85it/s]
Processing frames:  88%|████████▊ | 22/25 [00:04<00:00,  4.90it/s]
Processing frames:  92%|█████████▏| 23/25 [00:04<00:00,  4.84it/s]
Processing frames:  96%|█████████▌| 24/25 [00:05<00:00,  4.79it/s]
Processing frames: 100%|██████████| 25/25 [00:05<00:00,  4.77it/s]
Processing frames: 100%|██████████| 25/25 [00:05<00:00,  4.69it/s]

Processing frames:   0%|          | 0/100 [00:00<?, ?it/s]
Processing frames:   1%|          | 1/100 [00:00<01:25,  1.16it/s]
Processing frames:   2%|▏         | 2/100 [00:01<01:24,  1.16it/s]
Processing frames:   3%|▎         | 3/100 [00:02<01:22,  1.18it/s]
Processing frames:   4%|▍         | 4/100 [00:03<01:19,  1.21it/s]
Processing frames:   5%|▌         | 5/100 [00:04<01:18,  1.21it/s]
Processing frames:   6%|▌         | 6/100 [00:05<01:17,  1.21it/s]
Processing frames:   7%|▋         | 7/100 [00:05<01:17,  1.21it/s]
Processing frames:   8%|▊         | 8/100 [00:06<01:15,  1.21it/s]
Processing frames:   9%|▉         | 9/100 [00:07<01:14,  1.22it/s]
Processing frames:  10%|█         | 10/100 [00:08<01:15,  1.19it/s]
Processing frames:  11%|█         | 11/100 [00:09<01:14,  1.19it/s]
Processing frames:  12%|█▏        | 12/100 [00:10<01:14,  1.18it/s]
Processing frames:  13%|█▎        | 13/100 [00:10<01:14,  1.17it/s]
Processing frames:  14%|█▍        | 14/100 [00:11<01:12,  1.19it/s]
Processing frames:  15%|█▌        | 15/100 [00:12<01:10,  1.20it/s]
Processing frames:  16%|█▌        | 16/100 [00:13<01:09,  1.21it/s]
Processing frames:  17%|█▋        | 17/100 [00:14<01:09,  1.20it/s]
Processing frames:  18%|█▊        | 18/100 [00:15<01:07,  1.21it/s]
Processing frames:  19%|█▉        | 19/100 [00:15<01:06,  1.22it/s]
Processing frames:  20%|██        | 20/100 [00:16<01:05,  1.22it/s]
Processing frames:  21%|██        | 21/100 [00:17<01:05,  1.21it/s]
Processing frames:  22%|██▏       | 22/100 [00:18<01:04,  1.21it/s]
Processing frames:  23%|██▎       | 23/100 [00:19<01:04,  1.20it/s]
Processing frames:  24%|██▍       | 24/100 [00:19<01:03,  1.20it/s]
Processing frames:  25%|██▌       | 25/100 [00:20<01:02,  1.21it/s]
Processing frames:  26%|██▌       | 26/100 [00:21<01:00,  1.22it/s]
Processing frames:  27%|██▋       | 27/100 [00:22<01:00,  1.21it/s]
Processing frames:  28%|██▊       | 28/100 [00:23<00:59,  1.22it/s]
Processing frames:  29%|██▉       | 29/100 [00:24<00:57,  1.23it/s]
Processing frames:  30%|███       | 30/100 [00:24<00:56,  1.24it/s]
Processing frames:  31%|███       | 31/100 [00:25<00:55,  1.25it/s]
Processing frames:  32%|███▏      | 32/100 [00:26<00:54,  1.24it/s]
Processing frames:  33%|███▎      | 33/100 [00:27<00:54,  1.24it/s]
Processing frames:  34%|███▍      | 34/100 [00:28<00:52,  1.25it/s]
Processing frames:  35%|███▌      | 35/100 [00:28<00:52,  1.23it/s]
Processing frames:  36%|███▌      | 36/100 [00:29<00:52,  1.23it/s]
Processing frames:  37%|███▋      | 37/100 [00:30<00:51,  1.22it/s]
Processing frames:  38%|███▊      | 38/100 [00:31<00:51,  1.21it/s]
Processing frames:  39%|███▉      | 39/100 [00:32<00:50,  1.20it/s]
Processing frames:  40%|████      | 40/100 [00:33<00:50,  1.20it/s]
Processing frames:  41%|████      | 41/100 [00:33<00:49,  1.20it/s]
Processing frames:  42%|████▏     | 42/100 [00:34<00:48,  1.19it/s]
Processing frames:  43%|████▎     | 43/100 [00:35<00:48,  1.18it/s]
Processing frames:  44%|████▍     | 44/100 [00:36<00:48,  1.16it/s]
Processing frames:  45%|████▌     | 45/100 [00:37<00:47,  1.16it/s]
Processing frames:  46%|████▌     | 46/100 [00:38<00:46,  1.16it/s]
Processing frames:  47%|████▋     | 47/100 [00:39<00:45,  1.17it/s]
Processing frames:  48%|████▊     | 48/100 [00:39<00:44,  1.17it/s]
Processing frames:  49%|████▉     | 49/100 [00:40<00:43,  1.17it/s]
Processing frames:  50%|█████     | 50/100 [00:41<00:41,  1.19it/s]
Processing frames:  51%|█████     | 51/100 [00:42<00:40,  1.21it/s]
Processing frames:  52%|█████▏    | 52/100 [00:43<00:39,  1.21it/s]
Processing frames:  53%|█████▎    | 53/100 [00:44<00:39,  1.19it/s]
Processing frames:  54%|█████▍    | 54/100 [00:44<00:38,  1.19it/s]
Processing frames:  55%|█████▌    | 55/100 [00:45<00:38,  1.18it/s]
Processing frames:  56%|█████▌    | 56/100 [00:46<00:37,  1.18it/s]
Processing frames:  57%|█████▋    | 57/100 [00:47<00:36,  1.18it/s]
Processing frames:  58%|█████▊    | 58/100 [00:48<00:35,  1.19it/s]
Processing frames:  59%|█████▉    | 59/100 [00:49<00:34,  1.18it/s]
Processing frames:  60%|██████    | 60/100 [00:50<00:33,  1.18it/s]
Processing frames:  61%|██████    | 61/100 [00:50<00:33,  1.17it/s]
Processing frames:  62%|██████▏   | 62/100 [00:51<00:32,  1.18it/s]
Processing frames:  63%|██████▎   | 63/100 [00:52<00:30,  1.19it/s]
Processing frames:  64%|██████▍   | 64/100 [00:53<00:29,  1.21it/s]
Processing frames:  65%|██████▌   | 65/100 [00:54<00:29,  1.20it/s]
Processing frames:  66%|██████▌   | 66/100 [00:55<00:28,  1.20it/s]
Processing frames:  67%|██████▋   | 67/100 [00:55<00:27,  1.19it/s]
Processing frames:  68%|██████▊   | 68/100 [00:56<00:27,  1.18it/s]
Processing frames:  69%|██████▉   | 69/100 [00:57<00:26,  1.16it/s]
Processing frames:  70%|███████   | 70/100 [00:58<00:25,  1.18it/s]
Processing frames:  71%|███████   | 71/100 [00:59<00:26,  1.10it/s]
Processing frames:  72%|███████▏  | 72/100 [01:00<00:24,  1.14it/s]
Processing frames:  73%|███████▎  | 73/100 [01:01<00:23,  1.16it/s]
Processing frames:  74%|███████▍  | 74/100 [01:01<00:22,  1.18it/s]
Processing frames:  75%|███████▌  | 75/100 [01:02<00:21,  1.19it/s]
Processing frames:  76%|███████▌  | 76/100 [01:03<00:20,  1.20it/s]
Processing frames:  77%|███████▋  | 77/100 [01:04<00:18,  1.22it/s]
Processing frames:  78%|███████▊  | 78/100 [01:05<00:18,  1.22it/s]
Processing frames:  79%|███████▉  | 79/100 [01:06<00:17,  1.21it/s]
Processing frames:  80%|████████  | 80/100 [01:06<00:16,  1.20it/s]
Processing frames:  81%|████████  | 81/100 [01:07<00:15,  1.22it/s]
Processing frames:  82%|████████▏ | 82/100 [01:08<00:14,  1.23it/s]
Processing frames:  83%|████████▎ | 83/100 [01:09<00:13,  1.23it/s]
Processing frames:  84%|████████▍ | 84/100 [01:10<00:13,  1.22it/s]
Processing frames:  85%|████████▌ | 85/100 [01:11<00:12,  1.19it/s]
Processing frames:  86%|████████▌ | 86/100 [01:11<00:11,  1.20it/s]
Processing frames:  87%|████████▋ | 87/100 [01:12<00:11,  1.14it/s]
Processing frames:  88%|████████▊ | 88/100 [01:13<00:10,  1.16it/s]
Processing frames:  89%|████████▉ | 89/100 [01:14<00:09,  1.15it/s]
Processing frames:  90%|█████████ | 90/100 [01:15<00:08,  1.18it/s]
Processing frames:  91%|█████████ | 91/100 [01:16<00:07,  1.19it/s]
Processing frames:  92%|█████████▏| 92/100 [01:16<00:06,  1.20it/s]
Processing frames:  93%|█████████▎| 93/100 [01:17<00:05,  1.21it/s]
Processing frames:  94%|█████████▍| 94/100 [01:18<00:04,  1.22it/s]
Processing frames:  95%|█████████▌| 95/100 [01:19<00:04,  1.23it/s]
Processing frames:  96%|█████████▌| 96/100 [01:20<00:03,  1.23it/s]
Processing frames:  97%|█████████▋| 97/100 [01:21<00:02,  1.23it/s]
Processing frames:  98%|█████████▊| 98/100 [01:21<00:01,  1.24it/s]
Processing frames:  99%|█████████▉| 99/100 [01:22<00:00,  1.23it/s]
Processing frames: 100%|██████████| 100/100 [01:23<00:00,  1.21it/s]
Processing frames: 100%|██████████| 100/100 [01:23<00:00,  1.20it/s]

Processing frames:   0%|          | 0/196 [00:00<?, ?it/s]
Processing frames:   1%|          | 1/196 [00:00<01:21,  2.39it/s]
Processing frames:   1%|          | 2/196 [00:00<01:21,  2.38it/s]
Processing frames:   2%|▏         | 3/196 [00:01<01:19,  2.43it/s]
Processing frames:   2%|▏         | 4/196 [00:01<01:21,  2.35it/s]
Processing frames:   3%|▎         | 5/196 [00:02<01:20,  2.36it/s]
Processing frames:   3%|▎         | 6/196 [00:02<01:23,  2.27it/s]
Processing frames:   4%|▎         | 7/196 [00:03<01:22,  2.28it/s]
Processing frames:   4%|▍         | 8/196 [00:03<01:26,  2.18it/s]
Processing frames:   5%|▍         | 9/196 [00:03<01:22,  2.27it/s]
Processing frames:   5%|▌         | 10/196 [00:04<01:22,  2.26it/s]
Processing frames:   6%|▌         | 11/196 [00:04<01:20,  2.31it/s]
Processing frames:   6%|▌         | 12/196 [00:05<01:20,  2.29it/s]
Processing frames:   7%|▋         | 13/196 [00:05<01:18,  2.33it/s]
Processing frames:   7%|▋         | 14/196 [00:06<01:18,  2.31it/s]
Processing frames:   8%|▊         | 15/196 [00:06<01:17,  2.32it/s]
Processing frames:   8%|▊         | 16/196 [00:06<01:17,  2.33it/s]
Processing frames:   9%|▊         | 17/196 [00:07<01:17,  2.31it/s]
Processing frames:   9%|▉         | 18/196 [00:07<01:17,  2.29it/s]
Processing frames:  10%|▉         | 19/196 [00:08<01:17,  2.27it/s]
Processing frames:  10%|█         | 20/196 [00:08<01:17,  2.28it/s]
Processing frames:  11%|█         | 21/196 [00:09<01:16,  2.30it/s]
Processing frames:  11%|█         | 22/196 [00:09<01:18,  2.23it/s]
Processing frames:  12%|█▏        | 23/196 [00:10<01:22,  2.11it/s]
Processing frames:  12%|█▏        | 24/196 [00:10<01:18,  2.20it/s]
Processing frames:  13%|█▎        | 25/196 [00:10<01:14,  2.29it/s]
Processing frames:  13%|█▎        | 26/196 [00:11<01:12,  2.36it/s]
Processing frames:  14%|█▍        | 27/196 [00:11<01:10,  2.41it/s]
Processing frames:  14%|█▍        | 28/196 [00:12<01:08,  2.44it/s]
Processing frames:  15%|█▍        | 29/196 [00:12<01:08,  2.45it/s]
Processing frames:  15%|█▌        | 30/196 [00:12<01:08,  2.43it/s]
Processing frames:  16%|█▌        | 31/196 [00:13<01:07,  2.44it/s]
Processing frames:  16%|█▋        | 32/196 [00:13<01:08,  2.39it/s]
Processing frames:  17%|█▋        | 33/196 [00:14<01:08,  2.39it/s]
Processing frames:  17%|█▋        | 34/196 [00:14<01:07,  2.40it/s]
Processing frames:  18%|█▊        | 35/196 [00:15<01:07,  2.39it/s]
Processing frames:  18%|█▊        | 36/196 [00:15<01:06,  2.41it/s]
Processing frames:  19%|█▉        | 37/196 [00:15<01:06,  2.39it/s]
Processing frames:  19%|█▉        | 38/196 [00:16<01:05,  2.41it/s]
Processing frames:  20%|█▉        | 39/196 [00:16<01:04,  2.42it/s]
Processing frames:  20%|██        | 40/196 [00:17<01:04,  2.43it/s]
Processing frames:  21%|██        | 41/196 [00:17<01:04,  2.42it/s]
Processing frames:  21%|██▏       | 42/196 [00:17<01:04,  2.37it/s]
Processing frames:  22%|██▏       | 43/196 [00:18<01:03,  2.39it/s]
Processing frames:  22%|██▏       | 44/196 [00:18<01:03,  2.41it/s]
Processing frames:  23%|██▎       | 45/196 [00:19<01:09,  2.16it/s]
Processing frames:  23%|██▎       | 46/196 [00:19<01:07,  2.24it/s]
Processing frames:  24%|██▍       | 47/196 [00:20<01:04,  2.29it/s]
Processing frames:  24%|██▍       | 48/196 [00:20<01:03,  2.33it/s]
Processing frames:  25%|██▌       | 49/196 [00:20<01:02,  2.36it/s]
Processing frames:  26%|██▌       | 50/196 [00:21<01:02,  2.34it/s]
Processing frames:  26%|██▌       | 51/196 [00:21<01:01,  2.35it/s]
Processing frames:  27%|██▋       | 52/196 [00:22<01:01,  2.36it/s]
Processing frames:  27%|██▋       | 53/196 [00:22<01:00,  2.35it/s]
Processing frames:  28%|██▊       | 54/196 [00:23<01:00,  2.35it/s]
Processing frames:  28%|██▊       | 55/196 [00:23<01:00,  2.33it/s]
Processing frames:  29%|██▊       | 56/196 [00:23<00:59,  2.34it/s]
Processing frames:  29%|██▉       | 57/196 [00:24<00:59,  2.34it/s]
Processing frames:  30%|██▉       | 58/196 [00:24<00:59,  2.33it/s]
Processing frames:  30%|███       | 59/196 [00:25<00:59,  2.29it/s]
Processing frames:  31%|███       | 60/196 [00:25<00:58,  2.33it/s]
Processing frames:  31%|███       | 61/196 [00:26<00:59,  2.26it/s]
Processing frames:  32%|███▏      | 62/196 [00:26<00:58,  2.30it/s]
Processing frames:  32%|███▏      | 63/196 [00:27<00:57,  2.32it/s]
Processing frames:  33%|███▎      | 64/196 [00:27<00:55,  2.36it/s]
Processing frames:  33%|███▎      | 65/196 [00:27<00:55,  2.38it/s]
Processing frames:  34%|███▎      | 66/196 [00:28<00:54,  2.37it/s]
Processing frames:  34%|███▍      | 67/196 [00:28<00:54,  2.39it/s]
Processing frames:  35%|███▍      | 68/196 [00:29<00:53,  2.41it/s]
Processing frames:  35%|███▌      | 69/196 [00:29<00:54,  2.35it/s]
Processing frames:  36%|███▌      | 70/196 [00:29<00:53,  2.34it/s]
Processing frames:  36%|███▌      | 71/196 [00:30<00:52,  2.37it/s]
Processing frames:  37%|███▋      | 72/196 [00:30<00:51,  2.39it/s]
Processing frames:  37%|███▋      | 73/196 [00:31<00:51,  2.38it/s]
Processing frames:  38%|███▊      | 74/196 [00:31<00:50,  2.40it/s]
Processing frames:  38%|███▊      | 75/196 [00:32<00:50,  2.41it/s]
Processing frames:  39%|███▉      | 76/196 [00:32<00:49,  2.41it/s]
Processing frames:  39%|███▉      | 77/196 [00:32<00:49,  2.42it/s]
Processing frames:  40%|███▉      | 78/196 [00:33<00:48,  2.43it/s]
Processing frames:  40%|████      | 79/196 [00:33<00:50,  2.32it/s]
Processing frames:  41%|████      | 80/196 [00:34<00:49,  2.34it/s]
Processing frames:  41%|████▏     | 81/196 [00:34<00:48,  2.36it/s]
Processing frames:  42%|████▏     | 82/196 [00:34<00:47,  2.39it/s]
Processing frames:  42%|████▏     | 83/196 [00:35<00:46,  2.42it/s]
Processing frames:  43%|████▎     | 84/196 [00:35<00:46,  2.43it/s]
Processing frames:  43%|████▎     | 85/196 [00:36<00:45,  2.42it/s]
Processing frames:  44%|████▍     | 86/196 [00:36<00:45,  2.41it/s]
Processing frames:  44%|████▍     | 87/196 [00:37<00:45,  2.41it/s]
Processing frames:  45%|████▍     | 88/196 [00:37<00:44,  2.44it/s]
Processing frames:  45%|████▌     | 89/196 [00:37<00:43,  2.43it/s]
Processing frames:  46%|████▌     | 90/196 [00:38<00:43,  2.42it/s]
Processing frames:  46%|████▋     | 91/196 [00:38<00:43,  2.42it/s]
Processing frames:  47%|████▋     | 92/196 [00:39<00:43,  2.41it/s]
Processing frames:  47%|████▋     | 93/196 [00:39<00:44,  2.32it/s]
Processing frames:  48%|████▊     | 94/196 [00:39<00:43,  2.36it/s]
Processing frames:  48%|████▊     | 95/196 [00:40<00:42,  2.36it/s]
Processing frames:  49%|████▉     | 96/196 [00:40<00:42,  2.38it/s]
Processing frames:  49%|████▉     | 97/196 [00:41<00:41,  2.39it/s]
Processing frames:  50%|█████     | 98/196 [00:41<00:41,  2.35it/s]
Processing frames:  51%|█████     | 99/196 [00:42<00:41,  2.35it/s]
Processing frames:  51%|█████     | 100/196 [00:42<00:40,  2.36it/s]
Processing frames:  52%|█████▏    | 101/196 [00:42<00:40,  2.34it/s]
Processing frames:  52%|█████▏    | 102/196 [00:43<00:40,  2.35it/s]
Processing frames:  53%|█████▎    | 103/196 [00:43<00:40,  2.29it/s]
Processing frames:  53%|█████▎    | 104/196 [00:44<00:39,  2.32it/s]
Processing frames:  54%|█████▎    | 105/196 [00:44<00:39,  2.32it/s]
Processing frames:  54%|█████▍    | 106/196 [00:45<00:38,  2.34it/s]
Processing frames:  55%|█████▍    | 107/196 [00:45<00:38,  2.32it/s]
Processing frames:  55%|█████▌    | 108/196 [00:46<00:55,  1.59it/s]
Processing frames:  56%|█████▌    | 109/196 [00:47<00:49,  1.75it/s]
Processing frames:  56%|█████▌    | 110/196 [00:47<00:45,  1.91it/s]
Processing frames:  57%|█████▋    | 111/196 [00:47<00:42,  2.02it/s]
Processing frames:  57%|█████▋    | 112/196 [00:48<00:39,  2.11it/s]
Processing frames:  58%|█████▊    | 113/196 [00:48<00:37,  2.20it/s]
Processing frames:  58%|█████▊    | 114/196 [00:49<00:36,  2.25it/s]
Processing frames:  59%|█████▊    | 115/196 [00:49<00:35,  2.29it/s]
Processing frames:  59%|█████▉    | 116/196 [00:50<00:34,  2.31it/s]
Processing frames:  60%|█████▉    | 117/196 [00:50<00:34,  2.30it/s]
Processing frames:  60%|██████    | 118/196 [00:50<00:33,  2.36it/s]
Processing frames:  61%|██████    | 119/196 [00:51<00:33,  2.29it/s]
Processing frames:  61%|██████    | 120/196 [00:51<00:33,  2.30it/s]
Processing frames:  62%|██████▏   | 121/196 [00:52<00:32,  2.30it/s]
Processing frames:  62%|██████▏   | 122/196 [00:52<00:32,  2.26it/s]
Processing frames:  63%|██████▎   | 123/196 [00:53<00:32,  2.26it/s]
Processing frames:  63%|██████▎   | 124/196 [00:53<00:31,  2.31it/s]
Processing frames:  64%|██████▍   | 125/196 [00:53<00:30,  2.34it/s]
Processing frames:  64%|██████▍   | 126/196 [00:54<00:29,  2.38it/s]
Processing frames:  65%|██████▍   | 127/196 [00:54<00:29,  2.36it/s]
Processing frames:  65%|██████▌   | 128/196 [00:55<00:28,  2.40it/s]
Processing frames:  66%|██████▌   | 129/196 [00:55<00:27,  2.42it/s]
Processing frames:  66%|██████▋   | 130/196 [00:55<00:27,  2.39it/s]
Processing frames:  67%|██████▋   | 131/196 [00:56<00:26,  2.42it/s]
Processing frames:  67%|██████▋   | 132/196 [00:56<00:26,  2.44it/s]
Processing frames:  68%|██████▊   | 133/196 [00:57<00:26,  2.41it/s]
Processing frames:  68%|██████▊   | 134/196 [00:57<00:25,  2.41it/s]
Processing frames:  69%|██████▉   | 135/196 [00:58<00:25,  2.39it/s]
Processing frames:  69%|██████▉   | 136/196 [00:58<00:25,  2.39it/s]
Processing frames:  70%|██████▉   | 137/196 [00:58<00:24,  2.37it/s]
Processing frames:  70%|███████   | 138/196 [00:59<00:24,  2.34it/s]
Processing frames:  71%|███████   | 139/196 [00:59<00:23,  2.40it/s]
Processing frames:  71%|███████▏  | 140/196 [01:00<00:23,  2.43it/s]
Processing frames:  72%|███████▏  | 141/196 [01:00<00:22,  2.40it/s]
Processing frames:  72%|███████▏  | 142/196 [01:00<00:22,  2.40it/s]
Processing frames:  73%|███████▎  | 143/196 [01:01<00:22,  2.39it/s]
Processing frames:  73%|███████▎  | 144/196 [01:01<00:22,  2.36it/s]
Processing frames:  74%|███████▍  | 145/196 [01:02<00:21,  2.38it/s]
Processing frames:  74%|███████▍  | 146/196 [01:02<00:20,  2.40it/s]
Processing frames:  75%|███████▌  | 147/196 [01:03<00:20,  2.40it/s]
Processing frames:  76%|███████▌  | 148/196 [01:03<00:20,  2.34it/s]
Processing frames:  76%|███████▌  | 149/196 [01:03<00:19,  2.38it/s]
Processing frames:  77%|███████▋  | 150/196 [01:04<00:19,  2.39it/s]
Processing frames:  77%|███████▋  | 151/196 [01:04<00:18,  2.40it/s]
Processing frames:  78%|███████▊  | 152/196 [01:05<00:18,  2.38it/s]
Processing frames:  78%|███████▊  | 153/196 [01:05<00:17,  2.40it/s]
Processing frames:  79%|███████▊  | 154/196 [01:05<00:17,  2.43it/s]
Processing frames:  79%|███████▉  | 155/196 [01:06<00:16,  2.46it/s]
Processing frames:  80%|███████▉  | 156/196 [01:06<00:16,  2.44it/s]
Processing frames:  80%|████████  | 157/196 [01:07<00:15,  2.46it/s]
Processing frames:  81%|████████  | 158/196 [01:07<00:15,  2.43it/s]
Processing frames:  81%|████████  | 159/196 [01:08<00:15,  2.42it/s]
Processing frames:  82%|████████▏ | 160/196 [01:08<00:14,  2.44it/s]
Processing frames:  82%|████████▏ | 161/196 [01:08<00:14,  2.43it/s]
Processing frames:  83%|████████▎ | 162/196 [01:09<00:13,  2.45it/s]
Processing frames:  83%|████████▎ | 163/196 [01:09<00:13,  2.43it/s]
Processing frames:  84%|████████▎ | 164/196 [01:10<00:13,  2.42it/s]
Processing frames:  84%|████████▍ | 165/196 [01:10<00:12,  2.41it/s]
Processing frames:  85%|████████▍ | 166/196 [01:10<00:12,  2.42it/s]
Processing frames:  85%|████████▌ | 167/196 [01:11<00:12,  2.41it/s]
Processing frames:  86%|████████▌ | 168/196 [01:11<00:11,  2.41it/s]
Processing frames:  86%|████████▌ | 169/196 [01:12<00:11,  2.37it/s]
Processing frames:  87%|████████▋ | 170/196 [01:12<00:11,  2.36it/s]
Processing frames:  87%|████████▋ | 171/196 [01:13<00:10,  2.37it/s]
Processing frames:  88%|████████▊ | 172/196 [01:13<00:10,  2.38it/s]
Processing frames:  88%|████████▊ | 173/196 [01:13<00:09,  2.39it/s]
Processing frames:  89%|████████▉ | 174/196 [01:14<00:09,  2.33it/s]
Processing frames:  89%|████████▉ | 175/196 [01:14<00:09,  2.33it/s]
Processing frames:  90%|████████▉ | 176/196 [01:15<00:08,  2.35it/s]
Processing frames:  90%|█████████ | 177/196 [01:15<00:08,  2.35it/s]
Processing frames:  91%|█████████ | 178/196 [01:16<00:07,  2.34it/s]
Processing frames:  91%|█████████▏| 179/196 [01:16<00:07,  2.36it/s]
Processing frames:  92%|█████████▏| 180/196 [01:16<00:06,  2.31it/s]
Processing frames:  92%|█████████▏| 181/196 [01:17<00:06,  2.31it/s]
Processing frames:  93%|█████████▎| 182/196 [01:17<00:05,  2.34it/s]
Processing frames:  93%|█████████▎| 183/196 [01:18<00:05,  2.35it/s]
Processing frames:  94%|█████████▍| 184/196 [01:18<00:05,  2.29it/s]
Processing frames:  94%|█████████▍| 185/196 [01:19<00:04,  2.33it/s]
Processing frames:  95%|█████████▍| 186/196 [01:19<00:04,  2.16it/s]
Processing frames:  95%|█████████▌| 187/196 [01:19<00:04,  2.24it/s]
Processing frames:  96%|█████████▌| 188/196 [01:20<00:03,  2.31it/s]
Processing frames:  96%|█████████▋| 189/196 [01:20<00:02,  2.34it/s]
Processing frames:  97%|█████████▋| 190/196 [01:21<00:02,  2.37it/s]
Processing frames:  97%|█████████▋| 191/196 [01:21<00:02,  2.38it/s]
Processing frames:  98%|█████████▊| 192/196 [01:22<00:01,  2.41it/s]
Processing frames:  98%|█████████▊| 193/196 [01:22<00:01,  2.43it/s]
Processing frames:  99%|█████████▉| 194/196 [01:22<00:00,  2.42it/s]
Processing frames:  99%|█████████▉| 195/196 [01:23<00:00,  2.41it/s]
Processing frames: 100%|██████████| 196/196 [01:23<00:00,  2.39it/s]
Processing frames: 100%|██████████| 196/196 [01:23<00:00,  2.34it/s]

Processing frames:   0%|          | 0/1241 [00:00<?, ?it/s]
Processing frames:   0%|          | 1/1241 [00:00<08:53,  2.33it/s]
Processing frames:   0%|          | 2/1241 [00:00<08:28,  2.43it/s]
Processing frames:   0%|          | 3/1241 [00:01<08:37,  2.39it/s]
Processing frames:   0%|          | 4/1241 [00:01<08:50,  2.33it/s]
Processing frames:   0%|          | 5/1241 [00:02<08:39,  2.38it/s]
Processing frames:   0%|          | 6/1241 [00:02<08:32,  2.41it/s]
Processing frames:   1%|          | 7/1241 [00:02<08:40,  2.37it/s]
Processing frames:   1%|          | 8/1241 [00:03<08:38,  2.38it/s]
Processing frames:   1%|          | 9/1241 [00:03<09:49,  2.09it/s]
Processing frames:   1%|          | 10/1241 [00:04<09:34,  2.14it/s]
Processing frames:   1%|          | 11/1241 [00:04<09:22,  2.19it/s]
Processing frames:   1%|          | 12/1241 [00:05<09:13,  2.22it/s]
Processing frames:   1%|          | 13/1241 [00:05<09:05,  2.25it/s]
Processing frames:   1%|          | 14/1241 [00:06<08:53,  2.30it/s]
Processing frames:   1%|          | 15/1241 [00:06<08:39,  2.36it/s]
Processing frames:   1%|▏         | 16/1241 [00:06<08:35,  2.37it/s]
Processing frames:   1%|▏         | 17/1241 [00:07<08:27,  2.41it/s]
Processing frames:   1%|▏         | 18/1241 [00:07<08:41,  2.34it/s]
Processing frames:   2%|▏         | 19/1241 [00:08<08:35,  2.37it/s]
Processing frames:   2%|▏         | 20/1241 [00:08<08:34,  2.37it/s]
Processing frames:   2%|▏         | 21/1241 [00:09<08:26,  2.41it/s]
Processing frames:   2%|▏         | 22/1241 [00:09<08:21,  2.43it/s]
Processing frames:   2%|▏         | 23/1241 [00:09<08:21,  2.43it/s]
Processing frames:   2%|▏         | 24/1241 [00:10<08:22,  2.42it/s]
Processing frames:   2%|▏         | 25/1241 [00:10<08:18,  2.44it/s]
Processing frames:   2%|▏         | 26/1241 [00:11<08:14,  2.46it/s]
Processing frames:   2%|▏         | 27/1241 [00:11<08:12,  2.47it/s]
Processing frames:   2%|▏         | 28/1241 [00:11<08:15,  2.45it/s]
Processing frames:   2%|▏         | 29/1241 [00:12<08:18,  2.43it/s]
Processing frames:   2%|▏         | 30/1241 [00:12<08:15,  2.44it/s]
Processing frames:   2%|▏         | 31/1241 [00:13<08:12,  2.46it/s]
Processing frames:   3%|▎         | 32/1241 [00:13<08:13,  2.45it/s]
Processing frames:   3%|▎         | 33/1241 [00:13<08:08,  2.47it/s]
Processing frames:   3%|▎         | 34/1241 [00:14<08:11,  2.46it/s]
Processing frames:   3%|▎         | 35/1241 [00:14<08:11,  2.45it/s]
Processing frames:   3%|▎         | 36/1241 [00:15<08:14,  2.43it/s]
Processing frames:   3%|▎         | 37/1241 [00:15<08:16,  2.43it/s]
Processing frames:   3%|▎         | 38/1241 [00:15<08:12,  2.44it/s]
Processing frames:   3%|▎         | 39/1241 [00:16<08:08,  2.46it/s]
Processing frames:   3%|▎         | 40/1241 [00:16<08:10,  2.45it/s]
Processing frames:   3%|▎         | 41/1241 [00:17<08:14,  2.43it/s]
Processing frames:   3%|▎         | 42/1241 [00:17<08:14,  2.42it/s]
Processing frames:   3%|▎         | 43/1241 [00:18<08:09,  2.45it/s]
Processing frames:   4%|▎         | 44/1241 [00:18<08:14,  2.42it/s]
Processing frames:   4%|▎         | 45/1241 [00:18<08:13,  2.42it/s]
Processing frames:   4%|▎         | 46/1241 [00:19<08:08,  2.45it/s]
Processing frames:   4%|▍         | 47/1241 [00:19<08:21,  2.38it/s]
Processing frames:   4%|▍         | 48/1241 [00:20<08:16,  2.40it/s]
Processing frames:   4%|▍         | 49/1241 [00:20<08:19,  2.38it/s]
Processing frames:   4%|▍         | 50/1241 [00:20<08:17,  2.39it/s]
Processing frames:   4%|▍         | 51/1241 [00:21<08:12,  2.41it/s]
Processing frames:   4%|▍         | 52/1241 [00:21<08:16,  2.40it/s]
Processing frames:   4%|▍         | 53/1241 [00:22<08:17,  2.39it/s]
Processing frames:   4%|▍         | 54/1241 [00:22<08:16,  2.39it/s]
Processing frames:   4%|▍         | 55/1241 [00:23<08:15,  2.39it/s]
Processing frames:   5%|▍         | 56/1241 [00:23<08:11,  2.41it/s]
Processing frames:   5%|▍         | 57/1241 [00:23<08:11,  2.41it/s]
Processing frames:   5%|▍         | 58/1241 [00:24<08:11,  2.41it/s]
Processing frames:   5%|▍         | 59/1241 [00:24<08:09,  2.41it/s]
Processing frames:   5%|▍         | 60/1241 [00:25<08:02,  2.45it/s]
Processing frames:   5%|▍         | 61/1241 [00:25<07:57,  2.47it/s]
Processing frames:   5%|▍         | 62/1241 [00:25<08:13,  2.39it/s]
Processing frames:   5%|▌         | 63/1241 [00:26<08:06,  2.42it/s]
Processing frames:   5%|▌         | 64/1241 [00:26<08:11,  2.39it/s]
Processing frames:   5%|▌         | 65/1241 [00:27<08:03,  2.43it/s]
Processing frames:   5%|▌         | 66/1241 [00:27<07:58,  2.45it/s]
Processing frames:   5%|▌         | 67/1241 [00:27<07:59,  2.45it/s]
Processing frames:   5%|▌         | 68/1241 [00:28<07:59,  2.44it/s]
Processing frames:   6%|▌         | 69/1241 [00:28<07:54,  2.47it/s]
Processing frames:   6%|▌         | 70/1241 [00:29<07:55,  2.46it/s]
Processing frames:   6%|▌         | 71/1241 [00:29<08:07,  2.40it/s]
Processing frames:   6%|▌         | 72/1241 [00:30<08:03,  2.42it/s]
Processing frames:   6%|▌         | 73/1241 [00:30<08:00,  2.43it/s]
Processing frames:   6%|▌         | 74/1241 [00:30<07:53,  2.46it/s]
Processing frames:   6%|▌         | 75/1241 [00:31<07:49,  2.48it/s]
Processing frames:   6%|▌         | 76/1241 [00:31<07:45,  2.50it/s]
Processing frames:   6%|▌         | 77/1241 [00:32<07:48,  2.48it/s]
Processing frames:   6%|▋         | 78/1241 [00:32<07:45,  2.50it/s]
Processing frames:   6%|▋         | 79/1241 [00:32<07:43,  2.51it/s]
Processing frames:   6%|▋         | 80/1241 [00:33<07:42,  2.51it/s]
Processing frames:   7%|▋         | 81/1241 [00:33<07:50,  2.47it/s]
Processing frames:   7%|▋         | 82/1241 [00:34<07:54,  2.44it/s]
Processing frames:   7%|▋         | 83/1241 [00:34<07:49,  2.46it/s]
Processing frames:   7%|▋         | 84/1241 [00:34<07:52,  2.45it/s]
Processing frames:   7%|▋         | 85/1241 [00:35<07:59,  2.41it/s]
Processing frames:   7%|▋         | 86/1241 [00:35<07:54,  2.43it/s]
Processing frames:   7%|▋         | 87/1241 [00:36<07:55,  2.43it/s]
Processing frames:   7%|▋         | 88/1241 [00:36<07:48,  2.46it/s]
Processing frames:   7%|▋         | 89/1241 [00:36<07:51,  2.44it/s]
Processing frames:   7%|▋         | 90/1241 [00:37<07:51,  2.44it/s]
Processing frames:   7%|▋         | 91/1241 [00:37<07:53,  2.43it/s]
Processing frames:   7%|▋         | 92/1241 [00:38<07:47,  2.46it/s]
Processing frames:   7%|▋         | 93/1241 [00:38<07:42,  2.48it/s]
Processing frames:   8%|▊         | 94/1241 [00:38<07:43,  2.48it/s]
Processing frames:   8%|▊         | 95/1241 [00:39<07:39,  2.50it/s]
Processing frames:   8%|▊         | 96/1241 [00:39<07:43,  2.47it/s]
Processing frames:   8%|▊         | 97/1241 [00:40<07:42,  2.47it/s]
Processing frames:   8%|▊         | 98/1241 [00:40<07:43,  2.47it/s]
Processing frames:   8%|▊         | 99/1241 [00:40<07:45,  2.45it/s]
Processing frames:   8%|▊         | 100/1241 [00:41<07:47,  2.44it/s]
Processing frames:   8%|▊         | 101/1241 [00:41<07:44,  2.46it/s]
Processing frames:   8%|▊         | 102/1241 [00:42<07:48,  2.43it/s]
Processing frames:   8%|▊         | 103/1241 [00:42<07:45,  2.44it/s]
Processing frames:   8%|▊         | 104/1241 [00:43<07:41,  2.46it/s]
Processing frames:   8%|▊         | 105/1241 [00:43<07:43,  2.45it/s]
Processing frames:   9%|▊         | 106/1241 [00:43<07:38,  2.48it/s]
Processing frames:   9%|▊         | 107/1241 [00:44<07:35,  2.49it/s]
Processing frames:   9%|▊         | 108/1241 [00:44<07:37,  2.47it/s]
Processing frames:   9%|▉         | 109/1241 [00:45<07:35,  2.49it/s]
Processing frames:   9%|▉         | 110/1241 [00:45<07:38,  2.47it/s]
Processing frames:   9%|▉         | 111/1241 [00:45<07:43,  2.44it/s]
Processing frames:   9%|▉         | 112/1241 [00:46<07:39,  2.46it/s]
Processing frames:   9%|▉         | 113/1241 [00:46<07:37,  2.47it/s]
Processing frames:   9%|▉         | 114/1241 [00:47<07:45,  2.42it/s]
Processing frames:   9%|▉         | 115/1241 [00:47<07:39,  2.45it/s]
Processing frames:   9%|▉         | 116/1241 [00:47<07:37,  2.46it/s]
Processing frames:   9%|▉         | 117/1241 [00:48<07:33,  2.48it/s]
Processing frames:  10%|▉         | 118/1241 [00:48<07:43,  2.42it/s]
Processing frames:  10%|▉         | 119/1241 [00:49<07:37,  2.45it/s]
Processing frames:  10%|▉         | 120/1241 [00:49<07:52,  2.37it/s]
Processing frames:  10%|▉         | 121/1241 [00:49<07:47,  2.40it/s]
Processing frames:  10%|▉         | 122/1241 [00:50<07:39,  2.44it/s]
Processing frames:  10%|▉         | 123/1241 [00:50<07:38,  2.44it/s]
Processing frames:  10%|▉         | 124/1241 [00:51<07:33,  2.47it/s]
Processing frames:  10%|█         | 125/1241 [00:51<07:34,  2.46it/s]
Processing frames:  10%|█         | 126/1241 [00:51<07:30,  2.47it/s]
Processing frames:  10%|█         | 127/1241 [00:52<07:27,  2.49it/s]
Processing frames:  10%|█         | 128/1241 [00:52<07:29,  2.47it/s]
Processing frames:  10%|█         | 129/1241 [00:53<07:26,  2.49it/s]
Processing frames:  10%|█         | 130/1241 [00:53<07:27,  2.48it/s]
Processing frames:  11%|█         | 131/1241 [00:53<07:25,  2.49it/s]
Processing frames:  11%|█         | 132/1241 [00:54<07:26,  2.49it/s]
Processing frames:  11%|█         | 133/1241 [00:54<07:26,  2.48it/s]
Processing frames:  11%|█         | 134/1241 [00:55<07:27,  2.47it/s]
Processing frames:  11%|█         | 135/1241 [00:55<08:24,  2.19it/s]
Processing frames:  11%|█         | 136/1241 [00:56<08:11,  2.25it/s]
Processing frames:  11%|█         | 137/1241 [00:56<08:00,  2.30it/s]
Processing frames:  11%|█         | 138/1241 [00:57<07:48,  2.36it/s]
Processing frames:  11%|█         | 139/1241 [00:57<07:43,  2.38it/s]
Processing frames:  11%|█▏        | 140/1241 [00:57<07:41,  2.39it/s]
Processing frames:  11%|█▏        | 141/1241 [00:58<07:32,  2.43it/s]
Processing frames:  11%|█▏        | 142/1241 [00:58<07:35,  2.41it/s]
Processing frames:  12%|█▏        | 143/1241 [00:59<07:34,  2.42it/s]
Processing frames:  12%|█▏        | 144/1241 [00:59<07:31,  2.43it/s]
Processing frames:  12%|█▏        | 145/1241 [00:59<07:27,  2.45it/s]
Processing frames:  12%|█▏        | 146/1241 [01:00<07:27,  2.44it/s]
Processing frames:  12%|█▏        | 147/1241 [01:00<07:23,  2.47it/s]
Processing frames:  12%|█▏        | 148/1241 [01:01<07:33,  2.41it/s]
Processing frames:  12%|█▏        | 149/1241 [01:01<07:26,  2.45it/s]
Processing frames:  12%|█▏        | 150/1241 [01:01<07:24,  2.46it/s]
Processing frames:  12%|█▏        | 151/1241 [01:02<07:19,  2.48it/s]
Processing frames:  12%|█▏        | 152/1241 [01:02<07:17,  2.49it/s]
Processing frames:  12%|█▏        | 153/1241 [01:03<07:15,  2.50it/s]
Processing frames:  12%|█▏        | 154/1241 [01:03<07:16,  2.49it/s]
Processing frames:  12%|█▏        | 155/1241 [01:03<07:46,  2.33it/s]
Processing frames:  13%|█▎        | 156/1241 [01:04<07:39,  2.36it/s]
Processing frames:  13%|█▎        | 157/1241 [01:04<07:52,  2.29it/s]
Processing frames:  13%|█▎        | 158/1241 [01:05<07:41,  2.35it/s]
Processing frames:  13%|█▎        | 159/1241 [01:05<07:30,  2.40it/s]
Processing frames:  13%|█▎        | 160/1241 [01:06<07:23,  2.44it/s]
Processing frames:  13%|█▎        | 161/1241 [01:06<07:24,  2.43it/s]
Processing frames:  13%|█▎        | 162/1241 [01:06<07:25,  2.42it/s]
Processing frames:  13%|█▎        | 163/1241 [01:07<07:23,  2.43it/s]
Processing frames:  13%|█▎        | 164/1241 [01:07<07:27,  2.41it/s]
Processing frames:  13%|█▎        | 165/1241 [01:08<07:28,  2.40it/s]
Processing frames:  13%|█▎        | 166/1241 [01:08<07:39,  2.34it/s]
Processing frames:  13%|█▎        | 167/1241 [01:08<07:28,  2.40it/s]
Processing frames:  14%|█▎        | 168/1241 [01:09<07:25,  2.41it/s]
Processing frames:  14%|█▎        | 169/1241 [01:09<07:22,  2.42it/s]
Processing frames:  14%|█▎        | 170/1241 [01:10<07:24,  2.41it/s]
Processing frames:  14%|█▍        | 171/1241 [01:10<07:27,  2.39it/s]
Processing frames:  14%|█▍        | 172/1241 [01:11<07:19,  2.43it/s]
Processing frames:  14%|█▍        | 173/1241 [01:11<07:21,  2.42it/s]
Processing frames:  14%|█▍        | 174/1241 [01:11<07:18,  2.43it/s]
Processing frames:  14%|█▍        | 175/1241 [01:12<07:14,  2.45it/s]
Processing frames:  14%|█▍        | 176/1241 [01:12<07:18,  2.43it/s]
Processing frames:  14%|█▍        | 177/1241 [01:13<07:24,  2.39it/s]
Processing frames:  14%|█▍        | 178/1241 [01:13<07:17,  2.43it/s]
Processing frames:  14%|█▍        | 179/1241 [01:13<07:10,  2.46it/s]
Processing frames:  15%|█▍        | 180/1241 [01:14<07:12,  2.45it/s]
Processing frames:  15%|█▍        | 181/1241 [01:14<07:17,  2.42it/s]
Processing frames:  15%|█▍        | 182/1241 [01:15<07:21,  2.40it/s]
Processing frames:  15%|█▍        | 183/1241 [01:15<07:16,  2.42it/s]
Processing frames:  15%|█▍        | 184/1241 [01:15<07:15,  2.43it/s]
Processing frames:  15%|█▍        | 185/1241 [01:16<07:14,  2.43it/s]
Processing frames:  15%|█▍        | 186/1241 [01:16<07:16,  2.42it/s]
Processing frames:  15%|█▌        | 187/1241 [01:17<07:11,  2.44it/s]
Processing frames:  15%|█▌        | 188/1241 [01:17<07:12,  2.43it/s]
Processing frames:  15%|█▌        | 189/1241 [01:18<07:09,  2.45it/s]
Processing frames:  15%|█▌        | 190/1241 [01:18<07:05,  2.47it/s]
Processing frames:  15%|█▌        | 191/1241 [01:18<07:11,  2.44it/s]
Processing frames:  15%|█▌        | 192/1241 [01:19<07:14,  2.41it/s]
Processing frames:  16%|█▌        | 193/1241 [01:19<07:08,  2.45it/s]
Processing frames:  16%|█▌        | 194/1241 [01:20<07:08,  2.44it/s]
Processing frames:  16%|█▌        | 195/1241 [01:20<07:07,  2.45it/s]
Processing frames:  16%|█▌        | 196/1241 [01:20<07:06,  2.45it/s]
Processing frames:  16%|█▌        | 197/1241 [01:21<07:02,  2.47it/s]
Processing frames:  16%|█▌        | 198/1241 [01:21<07:01,  2.47it/s]
Processing frames:  16%|█▌        | 199/1241 [01:22<06:58,  2.49it/s]
Processing frames:  16%|█▌        | 200/1241 [01:22<06:55,  2.50it/s]
Processing frames:  16%|█▌        | 201/1241 [01:22<06:53,  2.52it/s]
Processing frames:  16%|█▋        | 202/1241 [01:23<07:02,  2.46it/s]
Processing frames:  16%|█▋        | 203/1241 [01:23<07:21,  2.35it/s]
Processing frames:  16%|█▋        | 204/1241 [01:24<07:11,  2.40it/s]
Processing frames:  17%|█▋        | 205/1241 [01:24<07:05,  2.43it/s]
Processing frames:  17%|█▋        | 206/1241 [01:25<07:37,  2.26it/s]
Processing frames:  17%|█▋        | 207/1241 [01:25<07:28,  2.30it/s]
Processing frames:  17%|█▋        | 208/1241 [01:25<07:36,  2.26it/s]
Processing frames:  17%|█▋        | 209/1241 [01:26<07:20,  2.34it/s]
Processing frames:  17%|█▋        | 210/1241 [01:26<07:10,  2.40it/s]
Processing frames:  17%|█▋        | 211/1241 [01:27<07:04,  2.42it/s]
Processing frames:  17%|█▋        | 212/1241 [01:27<07:08,  2.40it/s]
Processing frames:  17%|█▋        | 213/1241 [01:27<07:07,  2.41it/s]
Processing frames:  17%|█▋        | 214/1241 [01:28<07:02,  2.43it/s]
Processing frames:  17%|█▋        | 215/1241 [01:28<07:00,  2.44it/s]
Processing frames:  17%|█▋        | 216/1241 [01:29<06:57,  2.45it/s]
Processing frames:  17%|█▋        | 217/1241 [01:29<06:54,  2.47it/s]
Processing frames:  18%|█▊        | 218/1241 [01:30<06:55,  2.46it/s]
Processing frames:  18%|█▊        | 219/1241 [01:30<07:05,  2.40it/s]
Processing frames:  18%|█▊        | 220/1241 [01:30<07:03,  2.41it/s]
Processing frames:  18%|█▊        | 221/1241 [01:31<06:58,  2.43it/s]
Processing frames:  18%|█▊        | 222/1241 [01:31<06:55,  2.45it/s]
Processing frames:  18%|█▊        | 223/1241 [01:32<06:55,  2.45it/s]
Processing frames:  18%|█▊        | 224/1241 [01:32<06:52,  2.47it/s]
Processing frames:  18%|█▊        | 225/1241 [01:32<06:54,  2.45it/s]
Processing frames:  18%|█▊        | 226/1241 [01:33<06:52,  2.46it/s]
Processing frames:  18%|█▊        | 227/1241 [01:33<06:51,  2.46it/s]
Processing frames:  18%|█▊        | 228/1241 [01:34<06:56,  2.43it/s]
Processing frames:  18%|█▊        | 229/1241 [01:34<06:51,  2.46it/s]
Processing frames:  19%|█▊        | 230/1241 [01:34<06:52,  2.45it/s]
Processing frames:  19%|█▊        | 231/1241 [01:35<06:52,  2.45it/s]
Processing frames:  19%|█▊        | 232/1241 [01:35<06:59,  2.41it/s]
Processing frames:  19%|█▉        | 233/1241 [01:36<06:52,  2.44it/s]
Processing frames:  19%|█▉        | 234/1241 [01:36<06:52,  2.44it/s]
Processing frames:  19%|█▉        | 235/1241 [01:36<06:47,  2.47it/s]
Processing frames:  19%|█▉        | 236/1241 [01:37<06:46,  2.47it/s]
Processing frames:  19%|█▉        | 237/1241 [01:37<06:46,  2.47it/s]
Processing frames:  19%|█▉        | 238/1241 [01:38<06:47,  2.46it/s]
Processing frames:  19%|█▉        | 239/1241 [01:38<06:48,  2.45it/s]
Processing frames:  19%|█▉        | 240/1241 [01:38<06:45,  2.47it/s]
Processing frames:  19%|█▉        | 241/1241 [01:39<06:44,  2.47it/s]
Processing frames:  20%|█▉        | 242/1241 [01:39<06:44,  2.47it/s]
Processing frames:  20%|█▉        | 243/1241 [01:40<06:44,  2.47it/s]
Processing frames:  20%|█▉        | 244/1241 [01:40<06:43,  2.47it/s]
Processing frames:  20%|█▉        | 245/1241 [01:41<06:46,  2.45it/s]
Processing frames:  20%|█▉        | 246/1241 [01:41<06:47,  2.44it/s]
Processing frames:  20%|█▉        | 247/1241 [01:41<06:45,  2.45it/s]
Processing frames:  20%|█▉        | 248/1241 [01:42<06:43,  2.46it/s]
Processing frames:  20%|██        | 249/1241 [01:42<06:40,  2.48it/s]
Processing frames:  20%|██        | 250/1241 [01:43<06:41,  2.47it/s]
Processing frames:  20%|██        | 251/1241 [01:43<06:43,  2.45it/s]
Processing frames:  20%|██        | 252/1241 [01:43<06:46,  2.44it/s]
Processing frames:  20%|██        | 253/1241 [01:44<06:47,  2.42it/s]
Processing frames:  20%|██        | 254/1241 [01:44<06:45,  2.43it/s]
Processing frames:  21%|██        | 255/1241 [01:45<06:52,  2.39it/s]
Processing frames:  21%|██        | 256/1241 [01:45<06:45,  2.43it/s]
Processing frames:  21%|██        | 257/1241 [01:45<06:39,  2.46it/s]
Processing frames:  21%|██        | 258/1241 [01:46<06:38,  2.47it/s]
Processing frames:  21%|██        | 259/1241 [01:46<06:35,  2.48it/s]
Processing frames:  21%|██        | 260/1241 [01:47<06:32,  2.50it/s]
Processing frames:  21%|██        | 261/1241 [01:47<06:29,  2.51it/s]
Processing frames:  21%|██        | 262/1241 [01:48<07:05,  2.30it/s]
Processing frames:  21%|██        | 263/1241 [01:48<06:56,  2.35it/s]
Processing frames:  21%|██▏       | 264/1241 [01:48<06:56,  2.35it/s]
Processing frames:  21%|██▏       | 265/1241 [01:49<06:47,  2.40it/s]
Processing frames:  21%|██▏       | 266/1241 [01:49<06:48,  2.38it/s]
Processing frames:  22%|██▏       | 267/1241 [01:50<07:10,  2.26it/s]
Processing frames:  22%|██▏       | 268/1241 [01:50<07:02,  2.30it/s]
Processing frames:  22%|██▏       | 269/1241 [01:51<06:52,  2.36it/s]
Processing frames:  22%|██▏       | 270/1241 [01:51<06:52,  2.35it/s]
Processing frames:  22%|██▏       | 271/1241 [01:51<06:45,  2.39it/s]
Processing frames:  22%|██▏       | 272/1241 [01:52<06:41,  2.41it/s]
Processing frames:  22%|██▏       | 273/1241 [01:52<06:37,  2.44it/s]
Processing frames:  22%|██▏       | 274/1241 [01:53<06:56,  2.32it/s]
Processing frames:  22%|██▏       | 275/1241 [01:53<06:49,  2.36it/s]
Processing frames:  22%|██▏       | 276/1241 [01:53<06:46,  2.38it/s]
Processing frames:  22%|██▏       | 277/1241 [01:54<06:38,  2.42it/s]
Processing frames:  22%|██▏       | 278/1241 [01:54<06:37,  2.42it/s]
Processing frames:  22%|██▏       | 279/1241 [01:55<06:35,  2.43it/s]
Processing frames:  23%|██▎       | 280/1241 [01:55<06:34,  2.43it/s]
Processing frames:  23%|██▎       | 281/1241 [01:55<06:32,  2.44it/s]
Processing frames:  23%|██▎       | 282/1241 [01:56<06:31,  2.45it/s]
Processing frames:  23%|██▎       | 283/1241 [01:56<06:27,  2.47it/s]
Processing frames:  23%|██▎       | 284/1241 [01:57<06:29,  2.46it/s]
Processing frames:  23%|██▎       | 285/1241 [01:57<06:27,  2.47it/s]
Processing frames:  23%|██▎       | 286/1241 [01:57<06:24,  2.48it/s]
Processing frames:  23%|██▎       | 287/1241 [01:58<06:25,  2.48it/s]
Processing frames:  23%|██▎       | 288/1241 [01:58<06:22,  2.49it/s]
Processing frames:  23%|██▎       | 289/1241 [01:59<06:29,  2.45it/s]
Processing frames:  23%|██▎       | 290/1241 [01:59<07:17,  2.18it/s]
Processing frames:  23%|██▎       | 291/1241 [02:00<07:00,  2.26it/s]
Processing frames:  24%|██▎       | 292/1241 [02:00<06:58,  2.27it/s]
Processing frames:  24%|██▎       | 293/1241 [02:01<06:48,  2.32it/s]
Processing frames:  24%|██▎       | 294/1241 [02:01<06:40,  2.36it/s]
Processing frames:  24%|██▍       | 295/1241 [02:01<06:40,  2.36it/s]
Processing frames:  24%|██▍       | 296/1241 [02:02<06:31,  2.41it/s]
Processing frames:  24%|██▍       | 297/1241 [02:02<06:26,  2.44it/s]
Processing frames:  24%|██▍       | 298/1241 [02:03<06:24,  2.45it/s]
Processing frames:  24%|██▍       | 299/1241 [02:03<06:20,  2.48it/s]
Processing frames:  24%|██▍       | 300/1241 [02:03<06:17,  2.49it/s]
Processing frames:  24%|██▍       | 301/1241 [02:04<06:15,  2.51it/s]
Processing frames:  24%|██▍       | 302/1241 [02:04<06:22,  2.45it/s]
Processing frames:  24%|██▍       | 303/1241 [02:05<06:20,  2.46it/s]
Processing frames:  24%|██▍       | 304/1241 [02:05<06:30,  2.40it/s]
Processing frames:  25%|██▍       | 305/1241 [02:05<06:30,  2.40it/s]
Processing frames:  25%|██▍       | 306/1241 [02:06<06:26,  2.42it/s]
Processing frames:  25%|██▍       | 307/1241 [02:06<06:31,  2.39it/s]
Processing frames:  25%|██▍       | 308/1241 [02:07<06:41,  2.32it/s]
Processing frames:  25%|██▍       | 309/1241 [02:07<06:52,  2.26it/s]
Processing frames:  25%|██▍       | 310/1241 [02:08<06:46,  2.29it/s]
Processing frames:  25%|██▌       | 311/1241 [02:08<06:37,  2.34it/s]
Processing frames:  25%|██▌       | 312/1241 [02:09<06:52,  2.25it/s]
Processing frames:  25%|██▌       | 313/1241 [02:09<06:46,  2.28it/s]
Processing frames:  25%|██▌       | 314/1241 [02:09<06:38,  2.32it/s]
Processing frames:  25%|██▌       | 315/1241 [02:10<06:31,  2.37it/s]
Processing frames:  25%|██▌       | 316/1241 [02:10<06:39,  2.32it/s]
Processing frames:  26%|██▌       | 317/1241 [02:11<06:30,  2.36it/s]
Processing frames:  26%|██▌       | 318/1241 [02:11<06:25,  2.40it/s]
Processing frames:  26%|██▌       | 319/1241 [02:11<06:28,  2.37it/s]
Processing frames:  26%|██▌       | 320/1241 [02:12<06:31,  2.35it/s]
Processing frames:  26%|██▌       | 321/1241 [02:12<06:25,  2.38it/s]
Processing frames:  26%|██▌       | 322/1241 [02:13<06:24,  2.39it/s]
Processing frames:  26%|██▌       | 323/1241 [02:13<06:34,  2.33it/s]
Processing frames:  26%|██▌       | 324/1241 [02:14<06:30,  2.35it/s]
Processing frames:  26%|██▌       | 325/1241 [02:14<06:24,  2.38it/s]
Processing frames:  26%|██▋       | 326/1241 [02:14<06:21,  2.40it/s]
Processing frames:  26%|██▋       | 327/1241 [02:15<06:17,  2.42it/s]
Processing frames:  26%|██▋       | 328/1241 [02:15<06:16,  2.43it/s]
Processing frames:  27%|██▋       | 329/1241 [02:16<06:22,  2.38it/s]
Processing frames:  27%|██▋       | 330/1241 [02:16<06:22,  2.38it/s]
Processing frames:  27%|██▋       | 331/1241 [02:16<06:18,  2.40it/s]
Processing frames:  27%|██▋       | 332/1241 [02:17<06:13,  2.43it/s]
Processing frames:  27%|██▋       | 333/1241 [02:17<06:13,  2.43it/s]
Processing frames:  27%|██▋       | 334/1241 [02:18<06:10,  2.45it/s]
Processing frames:  27%|██▋       | 335/1241 [02:18<06:06,  2.47it/s]
Processing frames:  27%|██▋       | 336/1241 [02:18<06:05,  2.48it/s]
Processing frames:  27%|██▋       | 337/1241 [02:19<06:04,  2.48it/s]
Processing frames:  27%|██▋       | 338/1241 [02:19<06:02,  2.49it/s]
Processing frames:  27%|██▋       | 339/1241 [02:20<06:00,  2.50it/s]
Processing frames:  27%|██▋       | 340/1241 [02:20<06:06,  2.46it/s]
Processing frames:  27%|██▋       | 341/1241 [02:21<06:05,  2.46it/s]
Processing frames:  28%|██▊       | 342/1241 [02:21<06:07,  2.45it/s]
Processing frames:  28%|██▊       | 343/1241 [02:21<06:08,  2.44it/s]
Processing frames:  28%|██▊       | 344/1241 [02:22<06:10,  2.42it/s]
Processing frames:  28%|██▊       | 345/1241 [02:22<06:08,  2.43it/s]
Processing frames:  28%|██▊       | 346/1241 [02:23<06:11,  2.41it/s]
Processing frames:  28%|██▊       | 347/1241 [02:23<06:06,  2.44it/s]
Processing frames:  28%|██▊       | 348/1241 [02:23<06:05,  2.44it/s]
Processing frames:  28%|██▊       | 349/1241 [02:24<06:01,  2.46it/s]
Processing frames:  28%|██▊       | 350/1241 [02:24<06:08,  2.42it/s]
Processing frames:  28%|██▊       | 351/1241 [02:25<06:03,  2.45it/s]
Processing frames:  28%|██▊       | 352/1241 [02:25<06:03,  2.44it/s]
Processing frames:  28%|██▊       | 353/1241 [02:25<06:02,  2.45it/s]
Processing frames:  29%|██▊       | 354/1241 [02:26<05:58,  2.47it/s]
Processing frames:  29%|██▊       | 355/1241 [02:26<05:56,  2.48it/s]
Processing frames:  29%|██▊       | 356/1241 [02:27<06:01,  2.45it/s]
Processing frames:  29%|██▉       | 357/1241 [02:27<05:57,  2.47it/s]
Processing frames:  29%|██▉       | 358/1241 [02:27<05:55,  2.49it/s]
Processing frames:  29%|██▉       | 359/1241 [02:28<06:03,  2.43it/s]
Processing frames:  29%|██▉       | 360/1241 [02:28<05:58,  2.46it/s]
Processing frames:  29%|██▉       | 361/1241 [02:29<06:20,  2.31it/s]
Processing frames:  29%|██▉       | 362/1241 [02:29<06:13,  2.35it/s]
Processing frames:  29%|██▉       | 363/1241 [02:30<06:42,  2.18it/s]
Processing frames:  29%|██▉       | 364/1241 [02:30<06:26,  2.27it/s]
Processing frames:  29%|██▉       | 365/1241 [02:30<06:13,  2.34it/s]
Processing frames:  29%|██▉       | 366/1241 [02:31<06:09,  2.37it/s]
Processing frames:  30%|██▉       | 367/1241 [02:32<06:58,  2.09it/s]
Processing frames:  30%|██▉       | 368/1241 [02:32<06:36,  2.20it/s]
Processing frames:  30%|██▉       | 369/1241 [02:32<06:22,  2.28it/s]
Processing frames:  30%|██▉       | 370/1241 [02:33<06:14,  2.33it/s]
Processing frames:  30%|██▉       | 371/1241 [02:33<06:08,  2.36it/s]
Processing frames:  30%|██▉       | 372/1241 [02:34<06:07,  2.37it/s]
Processing frames:  30%|███       | 373/1241 [02:34<06:04,  2.38it/s]
Processing frames:  30%|███       | 374/1241 [02:34<06:02,  2.39it/s]
Processing frames:  30%|███       | 375/1241 [02:35<06:00,  2.40it/s]
Processing frames:  30%|███       | 376/1241 [02:35<05:55,  2.43it/s]
Processing frames:  30%|███       | 377/1241 [02:36<05:54,  2.44it/s]
Processing frames:  30%|███       | 378/1241 [02:36<05:51,  2.45it/s]
Processing frames:  31%|███       | 379/1241 [02:36<05:50,  2.46it/s]
Processing frames:  31%|███       | 380/1241 [02:37<05:47,  2.48it/s]
Processing frames:  31%|███       | 381/1241 [02:37<05:43,  2.50it/s]
Processing frames:  31%|███       | 382/1241 [02:38<05:45,  2.49it/s]
Processing frames:  31%|███       | 383/1241 [02:38<05:46,  2.47it/s]
Processing frames:  31%|███       | 384/1241 [02:38<05:47,  2.47it/s]
Processing frames:  31%|███       | 385/1241 [02:39<05:46,  2.47it/s]
Processing frames:  31%|███       | 386/1241 [02:39<05:47,  2.46it/s]
Processing frames:  31%|███       | 387/1241 [02:40<05:47,  2.46it/s]
Processing frames:  31%|███▏      | 388/1241 [02:40<05:47,  2.45it/s]
Processing frames:  31%|███▏      | 389/1241 [02:40<05:44,  2.47it/s]
Processing frames:  31%|███▏      | 390/1241 [02:41<05:41,  2.49it/s]
Processing frames:  32%|███▏      | 391/1241 [02:41<05:40,  2.49it/s]
Processing frames:  32%|███▏      | 392/1241 [02:42<05:41,  2.48it/s]
Processing frames:  32%|███▏      | 393/1241 [02:42<05:41,  2.48it/s]
Processing frames:  32%|███▏      | 394/1241 [02:42<05:43,  2.47it/s]
Processing frames:  32%|███▏      | 395/1241 [02:43<05:45,  2.45it/s]
Processing frames:  32%|███▏      | 396/1241 [02:43<05:45,  2.45it/s]
Processing frames:  32%|███▏      | 397/1241 [02:44<05:45,  2.44it/s]
Processing frames:  32%|███▏      | 398/1241 [02:44<05:42,  2.46it/s]
Processing frames:  32%|███▏      | 399/1241 [02:45<05:43,  2.45it/s]
Processing frames:  32%|███▏      | 400/1241 [02:45<05:40,  2.47it/s]
Processing frames:  32%|███▏      | 401/1241 [02:45<05:38,  2.48it/s]
Processing frames:  32%|███▏      | 402/1241 [02:46<05:36,  2.50it/s]
Processing frames:  32%|███▏      | 403/1241 [02:46<05:34,  2.51it/s]
Processing frames:  33%|███▎      | 404/1241 [02:46<05:32,  2.52it/s]
Processing frames:  33%|███▎      | 405/1241 [02:47<05:34,  2.50it/s]
Processing frames:  33%|███▎      | 406/1241 [02:47<05:36,  2.48it/s]
Processing frames:  33%|███▎      | 407/1241 [02:48<05:37,  2.47it/s]
Processing frames:  33%|███▎      | 408/1241 [02:48<05:35,  2.49it/s]
Processing frames:  33%|███▎      | 409/1241 [02:49<05:38,  2.46it/s]
Processing frames:  33%|███▎      | 410/1241 [02:49<05:40,  2.44it/s]
Processing frames:  33%|███▎      | 411/1241 [02:49<05:36,  2.47it/s]
Processing frames:  33%|███▎      | 412/1241 [02:50<05:38,  2.45it/s]
Processing frames:  33%|███▎      | 413/1241 [02:50<05:35,  2.47it/s]
Processing frames:  33%|███▎      | 414/1241 [02:51<05:33,  2.48it/s]
Processing frames:  33%|███▎      | 415/1241 [02:51<05:32,  2.48it/s]
Processing frames:  34%|███▎      | 416/1241 [02:51<05:39,  2.43it/s]
Processing frames:  34%|███▎      | 417/1241 [02:52<05:34,  2.46it/s]
Processing frames:  34%|███▎      | 418/1241 [02:52<05:31,  2.48it/s]
Processing frames:  34%|███▍      | 419/1241 [02:53<05:33,  2.47it/s]
Processing frames:  34%|███▍      | 420/1241 [02:53<05:35,  2.45it/s]
Processing frames:  34%|███▍      | 421/1241 [02:53<05:36,  2.44it/s]
Processing frames:  34%|███▍      | 422/1241 [02:54<05:31,  2.47it/s]
Processing frames:  34%|███▍      | 423/1241 [02:54<05:30,  2.47it/s]
Processing frames:  34%|███▍      | 424/1241 [02:55<05:31,  2.47it/s]
Processing frames:  34%|███▍      | 425/1241 [02:55<05:30,  2.47it/s]
Processing frames:  34%|███▍      | 426/1241 [02:55<05:31,  2.46it/s]
Processing frames:  34%|███▍      | 427/1241 [02:56<05:30,  2.46it/s]
Processing frames:  34%|███▍      | 428/1241 [02:56<05:27,  2.48it/s]
Processing frames:  35%|███▍      | 429/1241 [02:57<05:29,  2.47it/s]
Processing frames:  35%|███▍      | 430/1241 [02:57<05:50,  2.32it/s]
Processing frames:  35%|███▍      | 431/1241 [02:58<05:56,  2.27it/s]
Processing frames:  35%|███▍      | 432/1241 [02:58<05:45,  2.34it/s]
Processing frames:  35%|███▍      | 433/1241 [02:58<05:45,  2.34it/s]
Processing frames:  35%|███▍      | 434/1241 [02:59<05:40,  2.37it/s]
Processing frames:  35%|███▌      | 435/1241 [02:59<05:37,  2.39it/s]
Processing frames:  35%|███▌      | 436/1241 [03:00<05:34,  2.41it/s]
Processing frames:  35%|███▌      | 437/1241 [03:00<05:31,  2.43it/s]
Processing frames:  35%|███▌      | 438/1241 [03:00<05:31,  2.42it/s]
Processing frames:  35%|███▌      | 439/1241 [03:01<05:33,  2.41it/s]
Processing frames:  35%|███▌      | 440/1241 [03:01<05:28,  2.44it/s]
Processing frames:  36%|███▌      | 441/1241 [03:02<05:24,  2.47it/s]
Processing frames:  36%|███▌      | 442/1241 [03:02<05:30,  2.42it/s]
Processing frames:  36%|███▌      | 443/1241 [03:03<05:25,  2.45it/s]
Processing frames:  36%|███▌      | 444/1241 [03:03<05:26,  2.44it/s]
Processing frames:  36%|███▌      | 445/1241 [03:04<06:15,  2.12it/s]
Processing frames:  36%|███▌      | 446/1241 [03:04<06:03,  2.19it/s]
Processing frames:  36%|███▌      | 447/1241 [03:04<05:53,  2.25it/s]
Processing frames:  36%|███▌      | 448/1241 [03:05<05:43,  2.31it/s]
Processing frames:  36%|███▌      | 449/1241 [03:05<05:34,  2.37it/s]
Processing frames:  36%|███▋      | 450/1241 [03:06<05:28,  2.40it/s]
Processing frames:  36%|███▋      | 451/1241 [03:06<05:24,  2.43it/s]
Processing frames:  36%|███▋      | 452/1241 [03:06<05:22,  2.44it/s]
Processing frames:  37%|███▋      | 453/1241 [03:07<05:22,  2.44it/s]
Processing frames:  37%|███▋      | 454/1241 [03:07<05:19,  2.46it/s]
Processing frames:  37%|███▋      | 455/1241 [03:08<05:20,  2.45it/s]
Processing frames:  37%|███▋      | 456/1241 [03:08<05:17,  2.47it/s]
Processing frames:  37%|███▋      | 457/1241 [03:08<05:20,  2.45it/s]
Processing frames:  37%|███▋      | 458/1241 [03:09<05:18,  2.46it/s]
Processing frames:  37%|███▋      | 459/1241 [03:09<05:22,  2.43it/s]
Processing frames:  37%|███▋      | 460/1241 [03:10<05:18,  2.45it/s]
Processing frames:  37%|███▋      | 461/1241 [03:10<05:14,  2.48it/s]
Processing frames:  37%|███▋      | 462/1241 [03:10<05:12,  2.49it/s]
Processing frames:  37%|███▋      | 463/1241 [03:11<05:15,  2.47it/s]
Processing frames:  37%|███▋      | 464/1241 [03:11<05:16,  2.46it/s]
Processing frames:  37%|███▋      | 465/1241 [03:12<05:14,  2.46it/s]
Processing frames:  38%|███▊      | 466/1241 [03:12<05:20,  2.42it/s]
Processing frames:  38%|███▊      | 467/1241 [03:13<05:19,  2.42it/s]
Processing frames:  38%|███▊      | 468/1241 [03:13<05:20,  2.42it/s]
Processing frames:  38%|███▊      | 469/1241 [03:13<05:28,  2.35it/s]
Processing frames:  38%|███▊      | 470/1241 [03:14<05:22,  2.39it/s]
Processing frames:  38%|███▊      | 471/1241 [03:14<05:23,  2.38it/s]
Processing frames:  38%|███▊      | 472/1241 [03:15<05:20,  2.40it/s]
Processing frames:  38%|███▊      | 473/1241 [03:15<05:18,  2.41it/s]
Processing frames:  38%|███▊      | 474/1241 [03:15<05:24,  2.37it/s]
Processing frames:  38%|███▊      | 475/1241 [03:16<05:20,  2.39it/s]
Processing frames:  38%|███▊      | 476/1241 [03:16<05:17,  2.41it/s]
Processing frames:  38%|███▊      | 477/1241 [03:17<05:17,  2.40it/s]
Processing frames:  39%|███▊      | 478/1241 [03:17<05:15,  2.42it/s]
Processing frames:  39%|███▊      | 479/1241 [03:18<05:16,  2.41it/s]
Processing frames:  39%|███▊      | 480/1241 [03:18<05:15,  2.41it/s]
Processing frames:  39%|███▉      | 481/1241 [03:18<05:11,  2.44it/s]
Processing frames:  39%|███▉      | 482/1241 [03:19<05:09,  2.45it/s]
Processing frames:  39%|███▉      | 483/1241 [03:19<05:10,  2.44it/s]
Processing frames:  39%|███▉      | 484/1241 [03:20<05:09,  2.45it/s]
Processing frames:  39%|███▉      | 485/1241 [03:20<05:11,  2.43it/s]
Processing frames:  39%|███▉      | 486/1241 [03:20<05:15,  2.40it/s]
Processing frames:  39%|███▉      | 487/1241 [03:21<05:09,  2.43it/s]
Processing frames:  39%|███▉      | 488/1241 [03:21<05:15,  2.39it/s]
Processing frames:  39%|███▉      | 489/1241 [03:22<05:09,  2.43it/s]
Processing frames:  39%|███▉      | 490/1241 [03:22<05:10,  2.42it/s]
Processing frames:  40%|███▉      | 491/1241 [03:22<05:11,  2.41it/s]
Processing frames:  40%|███▉      | 492/1241 [03:23<05:08,  2.43it/s]
Processing frames:  40%|███▉      | 493/1241 [03:23<05:06,  2.44it/s]
Processing frames:  40%|███▉      | 494/1241 [03:24<05:10,  2.41it/s]
Processing frames:  40%|███▉      | 495/1241 [03:24<05:13,  2.38it/s]
Processing frames:  40%|███▉      | 496/1241 [03:25<05:10,  2.40it/s]
Processing frames:  40%|████      | 497/1241 [03:25<05:04,  2.44it/s]
Processing frames:  40%|████      | 498/1241 [03:25<05:02,  2.46it/s]
Processing frames:  40%|████      | 499/1241 [03:26<05:00,  2.47it/s]
Processing frames:  40%|████      | 500/1241 [03:26<04:59,  2.48it/s]
Processing frames:  40%|████      | 501/1241 [03:27<05:19,  2.31it/s]
Processing frames:  40%|████      | 502/1241 [03:27<05:14,  2.35it/s]
Processing frames:  41%|████      | 503/1241 [03:27<05:08,  2.39it/s]
Processing frames:  41%|████      | 504/1241 [03:28<05:12,  2.36it/s]
Processing frames:  41%|████      | 505/1241 [03:28<05:09,  2.38it/s]
Processing frames:  41%|████      | 506/1241 [03:29<05:07,  2.39it/s]
Processing frames:  41%|████      | 507/1241 [03:29<05:02,  2.42it/s]
Processing frames:  41%|████      | 508/1241 [03:30<05:04,  2.40it/s]
Processing frames:  41%|████      | 509/1241 [03:30<05:02,  2.42it/s]
Processing frames:  41%|████      | 510/1241 [03:30<05:00,  2.43it/s]
Processing frames:  41%|████      | 511/1241 [03:31<05:02,  2.41it/s]
Processing frames:  41%|████▏     | 512/1241 [03:31<05:00,  2.43it/s]
Processing frames:  41%|████▏     | 513/1241 [03:32<04:56,  2.45it/s]
Processing frames:  41%|████▏     | 514/1241 [03:32<04:57,  2.44it/s]
Processing frames:  41%|████▏     | 515/1241 [03:32<04:55,  2.45it/s]
Processing frames:  42%|████▏     | 516/1241 [03:33<04:56,  2.45it/s]
Processing frames:  42%|████▏     | 517/1241 [03:33<04:57,  2.43it/s]
Processing frames:  42%|████▏     | 518/1241 [03:34<04:59,  2.42it/s]
Processing frames:  42%|████▏     | 519/1241 [03:34<04:58,  2.42it/s]
Processing frames:  42%|████▏     | 520/1241 [03:34<04:55,  2.44it/s]
Processing frames:  42%|████▏     | 521/1241 [03:35<04:58,  2.41it/s]
Processing frames:  42%|████▏     | 522/1241 [03:35<04:55,  2.43it/s]
Processing frames:  42%|████▏     | 523/1241 [03:36<04:56,  2.42it/s]
Processing frames:  42%|████▏     | 524/1241 [03:36<04:56,  2.42it/s]
Processing frames:  42%|████▏     | 525/1241 [03:37<04:52,  2.45it/s]
Processing frames:  42%|████▏     | 526/1241 [03:37<04:49,  2.47it/s]
Processing frames:  42%|████▏     | 527/1241 [03:37<04:56,  2.41it/s]
Processing frames:  43%|████▎     | 528/1241 [03:38<04:51,  2.44it/s]
Processing frames:  43%|████▎     | 529/1241 [03:38<04:55,  2.41it/s]
Processing frames:  43%|████▎     | 530/1241 [03:39<04:52,  2.43it/s]
Processing frames:  43%|████▎     | 531/1241 [03:39<04:56,  2.39it/s]
Processing frames:  43%|████▎     | 532/1241 [03:39<04:55,  2.40it/s]
Processing frames:  43%|████▎     | 533/1241 [03:40<04:54,  2.41it/s]
Processing frames:  43%|████▎     | 534/1241 [03:40<04:49,  2.44it/s]
Processing frames:  43%|████▎     | 535/1241 [03:41<04:51,  2.42it/s]
Processing frames:  43%|████▎     | 536/1241 [03:41<04:49,  2.44it/s]
Processing frames:  43%|████▎     | 537/1241 [03:41<04:46,  2.46it/s]
Processing frames:  43%|████▎     | 538/1241 [03:42<04:43,  2.48it/s]
Processing frames:  43%|████▎     | 539/1241 [03:42<04:42,  2.49it/s]
Processing frames:  44%|████▎     | 540/1241 [03:43<04:45,  2.45it/s]
Processing frames:  44%|████▎     | 541/1241 [03:43<04:46,  2.45it/s]
Processing frames:  44%|████▎     | 542/1241 [03:43<04:42,  2.47it/s]
Processing frames:  44%|████▍     | 543/1241 [03:44<04:40,  2.49it/s]
Processing frames:  44%|████▍     | 544/1241 [03:44<04:39,  2.50it/s]
Processing frames:  44%|████▍     | 545/1241 [03:45<04:40,  2.48it/s]
Processing frames:  44%|████▍     | 546/1241 [03:45<04:46,  2.43it/s]
Processing frames:  44%|████▍     | 547/1241 [03:46<04:43,  2.45it/s]
Processing frames:  44%|████▍     | 548/1241 [03:46<04:43,  2.44it/s]
Processing frames:  44%|████▍     | 549/1241 [03:46<04:45,  2.42it/s]
Processing frames:  44%|████▍     | 550/1241 [03:47<04:44,  2.43it/s]
Processing frames:  44%|████▍     | 551/1241 [03:47<04:46,  2.41it/s]
Processing frames:  44%|████▍     | 552/1241 [03:48<04:42,  2.44it/s]
Processing frames:  45%|████▍     | 553/1241 [03:48<04:39,  2.46it/s]
Processing frames:  45%|████▍     | 554/1241 [03:48<04:44,  2.41it/s]
Processing frames:  45%|████▍     | 555/1241 [03:49<04:40,  2.45it/s]
Processing frames:  45%|████▍     | 556/1241 [03:49<04:40,  2.44it/s]
Processing frames:  45%|████▍     | 557/1241 [03:50<04:42,  2.42it/s]
Processing frames:  45%|████▍     | 558/1241 [03:50<04:39,  2.44it/s]
Processing frames:  45%|████▌     | 559/1241 [03:50<04:37,  2.45it/s]
Processing frames:  45%|████▌     | 560/1241 [03:51<04:37,  2.46it/s]
Processing frames:  45%|████▌     | 561/1241 [03:51<04:40,  2.42it/s]
Processing frames:  45%|████▌     | 562/1241 [03:52<04:37,  2.45it/s]
Processing frames:  45%|████▌     | 563/1241 [03:52<04:36,  2.45it/s]
Processing frames:  45%|████▌     | 564/1241 [03:52<04:34,  2.46it/s]
Processing frames:  46%|████▌     | 565/1241 [03:53<04:40,  2.41it/s]
Processing frames:  46%|████▌     | 566/1241 [03:53<04:36,  2.44it/s]
Processing frames:  46%|████▌     | 567/1241 [03:54<04:36,  2.44it/s]
Processing frames:  46%|████▌     | 568/1241 [03:54<04:39,  2.41it/s]
Processing frames:  46%|████▌     | 569/1241 [03:55<04:37,  2.43it/s]
Processing frames:  46%|████▌     | 570/1241 [03:55<04:37,  2.42it/s]
Processing frames:  46%|████▌     | 571/1241 [03:56<05:13,  2.14it/s]
Processing frames:  46%|████▌     | 572/1241 [03:56<05:03,  2.20it/s]
Processing frames:  46%|████▌     | 573/1241 [03:56<04:53,  2.28it/s]
Processing frames:  46%|████▋     | 574/1241 [03:57<04:47,  2.32it/s]
Processing frames:  46%|████▋     | 575/1241 [03:57<04:44,  2.34it/s]
Processing frames:  46%|████▋     | 576/1241 [03:58<04:43,  2.34it/s]
Processing frames:  46%|████▋     | 577/1241 [03:58<04:38,  2.39it/s]
Processing frames:  47%|████▋     | 578/1241 [03:58<04:34,  2.42it/s]
Processing frames:  47%|████▋     | 579/1241 [03:59<04:35,  2.40it/s]
Processing frames:  47%|████▋     | 580/1241 [03:59<04:32,  2.43it/s]
Processing frames:  47%|████▋     | 581/1241 [04:00<04:30,  2.44it/s]
Processing frames:  47%|████▋     | 582/1241 [04:00<04:31,  2.43it/s]
Processing frames:  47%|████▋     | 583/1241 [04:01<04:41,  2.34it/s]
Processing frames:  47%|████▋     | 584/1241 [04:01<04:39,  2.35it/s]
Processing frames:  47%|████▋     | 585/1241 [04:01<04:37,  2.36it/s]
Processing frames:  47%|████▋     | 586/1241 [04:02<04:36,  2.37it/s]
Processing frames:  47%|████▋     | 587/1241 [04:02<04:33,  2.39it/s]
Processing frames:  47%|████▋     | 588/1241 [04:03<05:07,  2.12it/s]
Processing frames:  47%|████▋     | 589/1241 [04:03<04:52,  2.23it/s]
Processing frames:  48%|████▊     | 590/1241 [04:04<04:43,  2.29it/s]
Processing frames:  48%|████▊     | 591/1241 [04:04<04:38,  2.34it/s]
Processing frames:  48%|████▊     | 592/1241 [04:04<04:32,  2.38it/s]
Processing frames:  48%|████▊     | 593/1241 [04:05<04:28,  2.41it/s]
Processing frames:  48%|████▊     | 594/1241 [04:05<04:28,  2.41it/s]
Processing frames:  48%|████▊     | 595/1241 [04:06<04:27,  2.41it/s]
Processing frames:  48%|████▊     | 596/1241 [04:06<04:24,  2.44it/s]
Processing frames:  48%|████▊     | 597/1241 [04:06<04:22,  2.46it/s]
Processing frames:  48%|████▊     | 598/1241 [04:07<04:22,  2.45it/s]
Processing frames:  48%|████▊     | 599/1241 [04:07<04:20,  2.47it/s]
Processing frames:  48%|████▊     | 600/1241 [04:08<04:20,  2.46it/s]
Processing frames:  48%|████▊     | 601/1241 [04:08<04:24,  2.42it/s]
Processing frames:  49%|████▊     | 602/1241 [04:09<04:24,  2.42it/s]
Processing frames:  49%|████▊     | 603/1241 [04:09<04:25,  2.41it/s]
Processing frames:  49%|████▊     | 604/1241 [04:09<04:21,  2.43it/s]
Processing frames:  49%|████▉     | 605/1241 [04:10<04:20,  2.44it/s]
Processing frames:  49%|████▉     | 606/1241 [04:10<04:19,  2.44it/s]
Processing frames:  49%|████▉     | 607/1241 [04:11<04:20,  2.43it/s]
Processing frames:  49%|████▉     | 608/1241 [04:11<04:18,  2.45it/s]
Processing frames:  49%|████▉     | 609/1241 [04:11<04:16,  2.47it/s]
Processing frames:  49%|████▉     | 610/1241 [04:12<04:17,  2.45it/s]
Processing frames:  49%|████▉     | 611/1241 [04:12<04:15,  2.46it/s]
Processing frames:  49%|████▉     | 612/1241 [04:13<04:15,  2.46it/s]
Processing frames:  49%|████▉     | 613/1241 [04:13<04:15,  2.46it/s]
Processing frames:  49%|████▉     | 614/1241 [04:13<04:14,  2.46it/s]
Processing frames:  50%|████▉     | 615/1241 [04:14<04:14,  2.46it/s]
Processing frames:  50%|████▉     | 616/1241 [04:14<04:12,  2.48it/s]
Processing frames:  50%|████▉     | 617/1241 [04:15<04:12,  2.47it/s]
Processing frames:  50%|████▉     | 618/1241 [04:15<04:15,  2.43it/s]
Processing frames:  50%|████▉     | 619/1241 [04:15<04:16,  2.42it/s]
Processing frames:  50%|████▉     | 620/1241 [04:16<04:14,  2.44it/s]
Processing frames:  50%|█████     | 621/1241 [04:16<04:11,  2.46it/s]
Processing frames:  50%|█████     | 622/1241 [04:17<04:10,  2.47it/s]
Processing frames:  50%|█████     | 623/1241 [04:17<04:10,  2.47it/s]
Processing frames:  50%|█████     | 624/1241 [04:17<04:08,  2.48it/s]
Processing frames:  50%|█████     | 625/1241 [04:18<04:10,  2.46it/s]
Processing frames:  50%|█████     | 626/1241 [04:18<04:09,  2.47it/s]
Processing frames:  51%|█████     | 627/1241 [04:19<04:12,  2.43it/s]
Processing frames:  51%|█████     | 628/1241 [04:19<04:10,  2.45it/s]
Processing frames:  51%|█████     | 629/1241 [04:20<04:23,  2.32it/s]
Processing frames:  51%|█████     | 630/1241 [04:20<04:20,  2.35it/s]
Processing frames:  51%|█████     | 631/1241 [04:20<04:14,  2.39it/s]
Processing frames:  51%|█████     | 632/1241 [04:21<04:13,  2.40it/s]
Processing frames:  51%|█████     | 633/1241 [04:21<04:11,  2.42it/s]
Processing frames:  51%|█████     | 634/1241 [04:22<04:07,  2.45it/s]
Processing frames:  51%|█████     | 635/1241 [04:22<04:05,  2.47it/s]
Processing frames:  51%|█████     | 636/1241 [04:22<04:06,  2.45it/s]
Processing frames:  51%|█████▏    | 637/1241 [04:23<04:04,  2.47it/s]
Processing frames:  51%|█████▏    | 638/1241 [04:23<04:05,  2.45it/s]
Processing frames:  51%|█████▏    | 639/1241 [04:24<04:30,  2.22it/s]
Processing frames:  52%|█████▏    | 640/1241 [04:24<04:21,  2.30it/s]
Processing frames:  52%|█████▏    | 641/1241 [04:25<04:14,  2.36it/s]
Processing frames:  52%|█████▏    | 642/1241 [04:25<04:08,  2.41it/s]
Processing frames:  52%|█████▏    | 643/1241 [04:25<04:08,  2.40it/s]
Processing frames:  52%|█████▏    | 644/1241 [04:26<04:04,  2.44it/s]
Processing frames:  52%|█████▏    | 645/1241 [04:26<04:01,  2.47it/s]
Processing frames:  52%|█████▏    | 646/1241 [04:27<04:01,  2.46it/s]
Processing frames:  52%|█████▏    | 647/1241 [04:27<04:00,  2.47it/s]
Processing frames:  52%|█████▏    | 648/1241 [04:27<03:58,  2.49it/s]
Processing frames:  52%|█████▏    | 649/1241 [04:28<03:56,  2.50it/s]
Processing frames:  52%|█████▏    | 650/1241 [04:28<03:56,  2.50it/s]
Processing frames:  52%|█████▏    | 651/1241 [04:29<03:55,  2.50it/s]
Processing frames:  53%|█████▎    | 652/1241 [04:29<04:01,  2.44it/s]
Processing frames:  53%|█████▎    | 653/1241 [04:29<04:01,  2.44it/s]
Processing frames:  53%|█████▎    | 654/1241 [04:30<04:00,  2.44it/s]
Processing frames:  53%|█████▎    | 655/1241 [04:30<04:01,  2.43it/s]
Processing frames:  53%|█████▎    | 656/1241 [04:31<04:02,  2.41it/s]
Processing frames:  53%|█████▎    | 657/1241 [04:31<04:00,  2.43it/s]
Processing frames:  53%|█████▎    | 658/1241 [04:32<04:00,  2.43it/s]
Processing frames:  53%|█████▎    | 659/1241 [04:32<03:58,  2.44it/s]
Processing frames:  53%|█████▎    | 660/1241 [04:32<03:55,  2.47it/s]
Processing frames:  53%|█████▎    | 661/1241 [04:33<03:52,  2.49it/s]
Processing frames:  53%|█████▎    | 662/1241 [04:33<03:50,  2.51it/s]
Processing frames:  53%|█████▎    | 663/1241 [04:34<03:51,  2.49it/s]
Processing frames:  54%|█████▎    | 664/1241 [04:34<03:54,  2.46it/s]
Processing frames:  54%|█████▎    | 665/1241 [04:34<03:54,  2.45it/s]
Processing frames:  54%|█████▎    | 666/1241 [04:35<03:53,  2.46it/s]
Processing frames:  54%|█████▎    | 667/1241 [04:35<03:53,  2.46it/s]
Processing frames:  54%|█████▍    | 668/1241 [04:36<03:51,  2.47it/s]
Processing frames:  54%|█████▍    | 669/1241 [04:36<03:54,  2.44it/s]
Processing frames:  54%|█████▍    | 670/1241 [04:36<03:51,  2.47it/s]
Processing frames:  54%|█████▍    | 671/1241 [04:37<03:52,  2.45it/s]
Processing frames:  54%|█████▍    | 672/1241 [04:37<03:49,  2.47it/s]
Processing frames:  54%|█████▍    | 673/1241 [04:38<03:50,  2.47it/s]
Processing frames:  54%|█████▍    | 674/1241 [04:38<03:53,  2.43it/s]
Processing frames:  54%|█████▍    | 675/1241 [04:38<03:49,  2.46it/s]
Processing frames:  54%|█████▍    | 676/1241 [04:39<03:47,  2.48it/s]
Processing frames:  55%|█████▍    | 677/1241 [04:39<04:13,  2.22it/s]
Processing frames:  55%|█████▍    | 678/1241 [04:40<04:04,  2.30it/s]
Processing frames:  55%|█████▍    | 679/1241 [04:40<04:04,  2.29it/s]
Processing frames:  55%|█████▍    | 680/1241 [04:41<03:58,  2.35it/s]
Processing frames:  55%|█████▍    | 681/1241 [04:41<03:55,  2.38it/s]
Processing frames:  55%|█████▍    | 682/1241 [04:41<03:50,  2.43it/s]
Processing frames:  55%|█████▌    | 683/1241 [04:42<03:51,  2.41it/s]
Processing frames:  55%|█████▌    | 684/1241 [04:42<03:50,  2.42it/s]
Processing frames:  55%|█████▌    | 685/1241 [04:43<03:50,  2.41it/s]
Processing frames:  55%|█████▌    | 686/1241 [04:43<03:48,  2.43it/s]
Processing frames:  55%|█████▌    | 687/1241 [04:43<03:48,  2.43it/s]
Processing frames:  55%|█████▌    | 688/1241 [04:44<03:45,  2.45it/s]
Processing frames:  56%|█████▌    | 689/1241 [04:44<03:50,  2.40it/s]
Processing frames:  56%|█████▌    | 690/1241 [04:45<03:46,  2.43it/s]
Processing frames:  56%|█████▌    | 691/1241 [04:45<03:44,  2.45it/s]
Processing frames:  56%|█████▌    | 692/1241 [04:45<03:43,  2.46it/s]
Processing frames:  56%|█████▌    | 693/1241 [04:46<03:42,  2.46it/s]
Processing frames:  56%|█████▌    | 694/1241 [04:46<03:45,  2.43it/s]
Processing frames:  56%|█████▌    | 695/1241 [04:47<03:43,  2.44it/s]
Processing frames:  56%|█████▌    | 696/1241 [04:47<03:46,  2.41it/s]
Processing frames:  56%|█████▌    | 697/1241 [04:48<03:52,  2.34it/s]
Processing frames:  56%|█████▌    | 698/1241 [04:48<03:49,  2.36it/s]
Processing frames:  56%|█████▋    | 699/1241 [04:48<03:46,  2.39it/s]
Processing frames:  56%|█████▋    | 700/1241 [04:49<03:47,  2.38it/s]
Processing frames:  56%|█████▋    | 701/1241 [04:49<03:44,  2.41it/s]
Processing frames:  57%|█████▋    | 702/1241 [04:50<03:44,  2.40it/s]
Processing frames:  57%|█████▋    | 703/1241 [04:50<03:41,  2.43it/s]
Processing frames:  57%|█████▋    | 704/1241 [04:50<03:38,  2.46it/s]
Processing frames:  57%|█████▋    | 705/1241 [04:51<03:36,  2.48it/s]
Processing frames:  57%|█████▋    | 706/1241 [04:51<03:34,  2.49it/s]
Processing frames:  57%|█████▋    | 707/1241 [04:52<03:39,  2.43it/s]
Processing frames:  57%|█████▋    | 708/1241 [04:52<03:36,  2.46it/s]
Processing frames:  57%|█████▋    | 709/1241 [04:53<03:36,  2.46it/s]
Processing frames:  57%|█████▋    | 710/1241 [04:53<03:37,  2.44it/s]
Processing frames:  57%|█████▋    | 711/1241 [04:53<03:38,  2.43it/s]
Processing frames:  57%|█████▋    | 712/1241 [04:54<03:36,  2.44it/s]
Processing frames:  57%|█████▋    | 713/1241 [04:54<03:36,  2.44it/s]
Processing frames:  58%|█████▊    | 714/1241 [04:55<03:35,  2.44it/s]
Processing frames:  58%|█████▊    | 715/1241 [04:55<03:33,  2.47it/s]
Processing frames:  58%|█████▊    | 716/1241 [04:55<03:33,  2.46it/s]
Processing frames:  58%|█████▊    | 717/1241 [04:56<03:37,  2.41it/s]
Processing frames:  58%|█████▊    | 718/1241 [04:56<03:37,  2.41it/s]
Processing frames:  58%|█████▊    | 719/1241 [04:57<03:35,  2.43it/s]
Processing frames:  58%|█████▊    | 720/1241 [04:57<03:33,  2.44it/s]
Processing frames:  58%|█████▊    | 721/1241 [04:57<03:32,  2.44it/s]
Processing frames:  58%|█████▊    | 722/1241 [04:58<03:32,  2.44it/s]
Processing frames:  58%|█████▊    | 723/1241 [04:58<03:32,  2.43it/s]
Processing frames:  58%|█████▊    | 724/1241 [04:59<03:31,  2.44it/s]
Processing frames:  58%|█████▊    | 725/1241 [04:59<03:33,  2.42it/s]
Processing frames:  59%|█████▊    | 726/1241 [04:59<03:30,  2.45it/s]
Processing frames:  59%|█████▊    | 727/1241 [05:00<03:29,  2.46it/s]
Processing frames:  59%|█████▊    | 728/1241 [05:00<03:32,  2.41it/s]
Processing frames:  59%|█████▊    | 729/1241 [05:01<03:29,  2.45it/s]
Processing frames:  59%|█████▉    | 730/1241 [05:01<03:27,  2.47it/s]
Processing frames:  59%|█████▉    | 731/1241 [05:02<03:25,  2.49it/s]
Processing frames:  59%|█████▉    | 732/1241 [05:02<03:25,  2.48it/s]
Processing frames:  59%|█████▉    | 733/1241 [05:02<03:25,  2.48it/s]
Processing frames:  59%|█████▉    | 734/1241 [05:03<03:26,  2.46it/s]
Processing frames:  59%|█████▉    | 735/1241 [05:03<03:32,  2.39it/s]
Processing frames:  59%|█████▉    | 736/1241 [05:04<03:38,  2.31it/s]
Processing frames:  59%|█████▉    | 737/1241 [05:04<03:46,  2.23it/s]
Processing frames:  59%|█████▉    | 738/1241 [05:05<03:41,  2.27it/s]
Processing frames:  60%|█████▉    | 739/1241 [05:05<03:35,  2.33it/s]
Processing frames:  60%|█████▉    | 740/1241 [05:05<03:32,  2.35it/s]
Processing frames:  60%|█████▉    | 741/1241 [05:06<03:32,  2.35it/s]
Processing frames:  60%|█████▉    | 742/1241 [05:06<03:31,  2.36it/s]
Processing frames:  60%|█████▉    | 743/1241 [05:07<03:28,  2.39it/s]
Processing frames:  60%|█████▉    | 744/1241 [05:07<03:28,  2.39it/s]
Processing frames:  60%|██████    | 745/1241 [05:07<03:27,  2.39it/s]
Processing frames:  60%|██████    | 746/1241 [05:08<03:23,  2.43it/s]
Processing frames:  60%|██████    | 747/1241 [05:08<03:23,  2.43it/s]
Processing frames:  60%|██████    | 748/1241 [05:09<03:20,  2.45it/s]
Processing frames:  60%|██████    | 749/1241 [05:09<03:19,  2.47it/s]
Processing frames:  60%|██████    | 750/1241 [05:09<03:20,  2.45it/s]
Processing frames:  61%|██████    | 751/1241 [05:10<03:19,  2.46it/s]
Processing frames:  61%|██████    | 752/1241 [05:10<03:18,  2.46it/s]
Processing frames:  61%|██████    | 753/1241 [05:11<03:21,  2.42it/s]
Processing frames:  61%|██████    | 754/1241 [05:11<03:19,  2.45it/s]
Processing frames:  61%|██████    | 755/1241 [05:12<03:17,  2.46it/s]
Processing frames:  61%|██████    | 756/1241 [05:12<03:17,  2.45it/s]
Processing frames:  61%|██████    | 757/1241 [05:12<03:16,  2.46it/s]
Processing frames:  61%|██████    | 758/1241 [05:13<03:15,  2.47it/s]
Processing frames:  61%|██████    | 759/1241 [05:13<03:15,  2.46it/s]
Processing frames:  61%|██████    | 760/1241 [05:14<03:21,  2.39it/s]
Processing frames:  61%|██████▏   | 761/1241 [05:14<03:20,  2.40it/s]
Processing frames:  61%|██████▏   | 762/1241 [05:14<03:16,  2.43it/s]
Processing frames:  61%|██████▏   | 763/1241 [05:15<03:18,  2.41it/s]
Processing frames:  62%|██████▏   | 764/1241 [05:15<03:15,  2.43it/s]
Processing frames:  62%|██████▏   | 765/1241 [05:16<03:17,  2.41it/s]
Processing frames:  62%|██████▏   | 766/1241 [05:16<03:16,  2.41it/s]
Processing frames:  62%|██████▏   | 767/1241 [05:16<03:17,  2.40it/s]
Processing frames:  62%|██████▏   | 768/1241 [05:17<03:15,  2.42it/s]
Processing frames:  62%|██████▏   | 769/1241 [05:17<03:12,  2.45it/s]
Processing frames:  62%|██████▏   | 770/1241 [05:18<03:11,  2.46it/s]
Processing frames:  62%|██████▏   | 771/1241 [05:18<03:13,  2.43it/s]
Processing frames:  62%|██████▏   | 772/1241 [05:19<03:13,  2.42it/s]
Processing frames:  62%|██████▏   | 773/1241 [05:19<03:11,  2.44it/s]
Processing frames:  62%|██████▏   | 774/1241 [05:19<03:10,  2.45it/s]
Processing frames:  62%|██████▏   | 775/1241 [05:20<03:19,  2.34it/s]
Processing frames:  63%|██████▎   | 776/1241 [05:20<03:16,  2.37it/s]
Processing frames:  63%|██████▎   | 777/1241 [05:21<03:18,  2.34it/s]
Processing frames:  63%|██████▎   | 778/1241 [05:21<03:15,  2.37it/s]
Processing frames:  63%|██████▎   | 779/1241 [05:21<03:14,  2.37it/s]
Processing frames:  63%|██████▎   | 780/1241 [05:22<03:15,  2.35it/s]
Processing frames:  63%|██████▎   | 781/1241 [05:22<03:11,  2.40it/s]
Processing frames:  63%|██████▎   | 782/1241 [05:23<03:14,  2.36it/s]
Processing frames:  63%|██████▎   | 783/1241 [05:23<03:12,  2.39it/s]
Processing frames:  63%|██████▎   | 784/1241 [05:24<03:09,  2.41it/s]
Processing frames:  63%|██████▎   | 785/1241 [05:24<03:06,  2.45it/s]
Processing frames:  63%|██████▎   | 786/1241 [05:24<03:04,  2.47it/s]
Processing frames:  63%|██████▎   | 787/1241 [05:25<03:02,  2.48it/s]
Processing frames:  63%|██████▎   | 788/1241 [05:25<03:01,  2.49it/s]
Processing frames:  64%|██████▎   | 789/1241 [05:26<03:01,  2.48it/s]
Processing frames:  64%|██████▎   | 790/1241 [05:26<03:01,  2.49it/s]
Processing frames:  64%|██████▎   | 791/1241 [05:26<02:59,  2.50it/s]
Processing frames:  64%|██████▍   | 792/1241 [05:27<03:01,  2.47it/s]
Processing frames:  64%|██████▍   | 793/1241 [05:27<03:00,  2.49it/s]
Processing frames:  64%|██████▍   | 794/1241 [05:28<03:00,  2.47it/s]
Processing frames:  64%|██████▍   | 795/1241 [05:28<02:59,  2.49it/s]
Processing frames:  64%|██████▍   | 796/1241 [05:28<03:00,  2.47it/s]
Processing frames:  64%|██████▍   | 797/1241 [05:29<02:58,  2.48it/s]
Processing frames:  64%|██████▍   | 798/1241 [05:29<02:57,  2.50it/s]
Processing frames:  64%|██████▍   | 799/1241 [05:30<02:58,  2.47it/s]
Processing frames:  64%|██████▍   | 800/1241 [05:30<02:57,  2.49it/s]
Processing frames:  65%|██████▍   | 801/1241 [05:30<03:00,  2.44it/s]
Processing frames:  65%|██████▍   | 802/1241 [05:31<02:58,  2.46it/s]
Processing frames:  65%|██████▍   | 803/1241 [05:31<02:58,  2.45it/s]
Processing frames:  65%|██████▍   | 804/1241 [05:32<02:56,  2.47it/s]
Processing frames:  65%|██████▍   | 805/1241 [05:32<02:56,  2.47it/s]
Processing frames:  65%|██████▍   | 806/1241 [05:32<02:56,  2.47it/s]
Processing frames:  65%|██████▌   | 807/1241 [05:33<02:57,  2.45it/s]
Processing frames:  65%|██████▌   | 808/1241 [05:33<02:56,  2.45it/s]
Processing frames:  65%|██████▌   | 809/1241 [05:34<02:59,  2.41it/s]
Processing frames:  65%|██████▌   | 810/1241 [05:34<02:56,  2.44it/s]
Processing frames:  65%|██████▌   | 811/1241 [05:34<02:54,  2.46it/s]
Processing frames:  65%|██████▌   | 812/1241 [05:35<03:17,  2.17it/s]
Processing frames:  66%|██████▌   | 813/1241 [05:35<03:10,  2.25it/s]
Processing frames:  66%|██████▌   | 814/1241 [05:36<03:08,  2.27it/s]
Processing frames:  66%|██████▌   | 815/1241 [05:36<03:04,  2.31it/s]
Processing frames:  66%|██████▌   | 816/1241 [05:37<03:01,  2.34it/s]
Processing frames:  66%|██████▌   | 817/1241 [05:37<02:58,  2.37it/s]
Processing frames:  66%|██████▌   | 818/1241 [05:38<03:26,  2.05it/s]
Processing frames:  66%|██████▌   | 819/1241 [05:38<03:16,  2.15it/s]
Processing frames:  66%|██████▌   | 820/1241 [05:39<03:06,  2.25it/s]
Processing frames:  66%|██████▌   | 821/1241 [05:39<03:02,  2.30it/s]
Processing frames:  66%|██████▌   | 822/1241 [05:39<02:57,  2.36it/s]
Processing frames:  66%|██████▋   | 823/1241 [05:40<02:55,  2.38it/s]
Processing frames:  66%|██████▋   | 824/1241 [05:40<02:52,  2.42it/s]
Processing frames:  66%|██████▋   | 825/1241 [05:41<02:50,  2.44it/s]
Processing frames:  67%|██████▋   | 826/1241 [05:41<02:51,  2.41it/s]
Processing frames:  67%|██████▋   | 827/1241 [05:41<02:50,  2.43it/s]
Processing frames:  67%|██████▋   | 828/1241 [05:42<02:50,  2.43it/s]
Processing frames:  67%|██████▋   | 829/1241 [05:42<02:49,  2.43it/s]
Processing frames:  67%|██████▋   | 830/1241 [05:43<02:48,  2.43it/s]
Processing frames:  67%|██████▋   | 831/1241 [05:43<02:46,  2.46it/s]
Processing frames:  67%|██████▋   | 832/1241 [05:44<02:47,  2.44it/s]
Processing frames:  67%|██████▋   | 833/1241 [05:44<02:52,  2.37it/s]
Processing frames:  67%|██████▋   | 834/1241 [05:44<02:49,  2.40it/s]
Processing frames:  67%|██████▋   | 835/1241 [05:45<02:48,  2.42it/s]
Processing frames:  67%|██████▋   | 836/1241 [05:45<02:45,  2.44it/s]
Processing frames:  67%|██████▋   | 837/1241 [05:46<02:43,  2.47it/s]
Processing frames:  68%|██████▊   | 838/1241 [05:46<02:41,  2.49it/s]
Processing frames:  68%|██████▊   | 839/1241 [05:46<02:40,  2.50it/s]
Processing frames:  68%|██████▊   | 840/1241 [05:47<02:39,  2.51it/s]
Processing frames:  68%|██████▊   | 841/1241 [05:47<02:39,  2.51it/s]
Processing frames:  68%|██████▊   | 842/1241 [05:48<02:39,  2.50it/s]
Processing frames:  68%|██████▊   | 843/1241 [05:48<02:39,  2.49it/s]
Processing frames:  68%|██████▊   | 844/1241 [05:48<02:41,  2.46it/s]
Processing frames:  68%|██████▊   | 845/1241 [05:49<02:39,  2.49it/s]
Processing frames:  68%|██████▊   | 846/1241 [05:49<02:39,  2.47it/s]
Processing frames:  68%|██████▊   | 847/1241 [05:50<02:39,  2.46it/s]
Processing frames:  68%|██████▊   | 848/1241 [05:50<02:39,  2.46it/s]
Processing frames:  68%|██████▊   | 849/1241 [05:50<02:39,  2.46it/s]
Processing frames:  68%|██████▊   | 850/1241 [05:51<02:37,  2.48it/s]
Processing frames:  69%|██████▊   | 851/1241 [05:51<02:36,  2.49it/s]
Processing frames:  69%|██████▊   | 852/1241 [05:52<02:36,  2.48it/s]
Processing frames:  69%|██████▊   | 853/1241 [05:52<02:35,  2.50it/s]
Processing frames:  69%|██████▉   | 854/1241 [05:52<02:34,  2.51it/s]
Processing frames:  69%|██████▉   | 855/1241 [05:53<02:35,  2.49it/s]
Processing frames:  69%|██████▉   | 856/1241 [05:53<02:34,  2.50it/s]
Processing frames:  69%|██████▉   | 857/1241 [05:54<02:33,  2.51it/s]
Processing frames:  69%|██████▉   | 858/1241 [05:54<02:37,  2.44it/s]
Processing frames:  69%|██████▉   | 859/1241 [05:54<02:34,  2.47it/s]
Processing frames:  69%|██████▉   | 860/1241 [05:55<02:35,  2.45it/s]
Processing frames:  69%|██████▉   | 861/1241 [05:55<02:33,  2.47it/s]
Processing frames:  69%|██████▉   | 862/1241 [05:56<02:32,  2.48it/s]
Processing frames:  70%|██████▉   | 863/1241 [05:56<02:33,  2.46it/s]
Processing frames:  70%|██████▉   | 864/1241 [05:56<02:33,  2.45it/s]
Processing frames:  70%|██████▉   | 865/1241 [05:57<02:31,  2.48it/s]
Processing frames:  70%|██████▉   | 866/1241 [05:57<02:32,  2.45it/s]
Processing frames:  70%|██████▉   | 867/1241 [05:58<02:33,  2.44it/s]
Processing frames:  70%|██████▉   | 868/1241 [05:58<02:32,  2.44it/s]
Processing frames:  70%|███████   | 869/1241 [05:58<02:31,  2.45it/s]
Processing frames:  70%|███████   | 870/1241 [05:59<02:29,  2.47it/s]
Processing frames:  70%|███████   | 871/1241 [05:59<02:42,  2.28it/s]
Processing frames:  70%|███████   | 872/1241 [06:00<02:37,  2.35it/s]
Processing frames:  70%|███████   | 873/1241 [06:00<02:36,  2.34it/s]
Processing frames:  70%|███████   | 874/1241 [06:01<02:34,  2.38it/s]
Processing frames:  71%|███████   | 875/1241 [06:01<02:32,  2.40it/s]
Processing frames:  71%|███████   | 876/1241 [06:02<02:37,  2.32it/s]
Processing frames:  71%|███████   | 877/1241 [06:02<02:32,  2.38it/s]
Processing frames:  71%|███████   | 878/1241 [06:02<02:31,  2.40it/s]
Processing frames:  71%|███████   | 879/1241 [06:03<02:30,  2.41it/s]
Processing frames:  71%|███████   | 880/1241 [06:03<02:28,  2.44it/s]
Processing frames:  71%|███████   | 881/1241 [06:04<02:29,  2.41it/s]
Processing frames:  71%|███████   | 882/1241 [06:04<02:27,  2.43it/s]
Processing frames:  71%|███████   | 883/1241 [06:04<02:26,  2.45it/s]
Processing frames:  71%|███████   | 884/1241 [06:05<02:26,  2.43it/s]
Processing frames:  71%|███████▏  | 885/1241 [06:05<02:25,  2.44it/s]
Processing frames:  71%|███████▏  | 886/1241 [06:06<02:26,  2.43it/s]
Processing frames:  71%|███████▏  | 887/1241 [06:06<02:24,  2.45it/s]
Processing frames:  72%|███████▏  | 888/1241 [06:06<02:27,  2.40it/s]
Processing frames:  72%|███████▏  | 889/1241 [06:07<02:26,  2.41it/s]
Processing frames:  72%|███████▏  | 890/1241 [06:07<02:25,  2.42it/s]
Processing frames:  72%|███████▏  | 891/1241 [06:08<02:23,  2.44it/s]
Processing frames:  72%|███████▏  | 892/1241 [06:08<02:23,  2.43it/s]
Processing frames:  72%|███████▏  | 893/1241 [06:08<02:22,  2.44it/s]
Processing frames:  72%|███████▏  | 894/1241 [06:09<02:22,  2.44it/s]
Processing frames:  72%|███████▏  | 895/1241 [06:09<02:22,  2.42it/s]
Processing frames:  72%|███████▏  | 896/1241 [06:10<02:25,  2.38it/s]
Processing frames:  72%|███████▏  | 897/1241 [06:10<02:22,  2.42it/s]
Processing frames:  72%|███████▏  | 898/1241 [06:11<02:21,  2.43it/s]
Processing frames:  72%|███████▏  | 899/1241 [06:11<02:18,  2.46it/s]
Processing frames:  73%|███████▎  | 900/1241 [06:11<02:17,  2.48it/s]
Processing frames:  73%|███████▎  | 901/1241 [06:12<02:16,  2.50it/s]
Processing frames:  73%|███████▎  | 902/1241 [06:12<02:16,  2.48it/s]
Processing frames:  73%|███████▎  | 903/1241 [06:13<02:16,  2.48it/s]
Processing frames:  73%|███████▎  | 904/1241 [06:13<02:14,  2.50it/s]
Processing frames:  73%|███████▎  | 905/1241 [06:13<02:16,  2.46it/s]
Processing frames:  73%|███████▎  | 906/1241 [06:14<02:14,  2.49it/s]
Processing frames:  73%|███████▎  | 907/1241 [06:14<02:13,  2.51it/s]
Processing frames:  73%|███████▎  | 908/1241 [06:15<02:12,  2.52it/s]
Processing frames:  73%|███████▎  | 909/1241 [06:15<02:15,  2.46it/s]
Processing frames:  73%|███████▎  | 910/1241 [06:15<02:16,  2.43it/s]
Processing frames:  73%|███████▎  | 911/1241 [06:16<02:15,  2.44it/s]
Processing frames:  73%|███████▎  | 912/1241 [06:16<02:13,  2.46it/s]
Processing frames:  74%|███████▎  | 913/1241 [06:17<02:12,  2.47it/s]
Processing frames:  74%|███████▎  | 914/1241 [06:17<02:12,  2.47it/s]
Processing frames:  74%|███████▎  | 915/1241 [06:17<02:12,  2.47it/s]
Processing frames:  74%|███████▍  | 916/1241 [06:18<02:12,  2.45it/s]
Processing frames:  74%|███████▍  | 917/1241 [06:18<02:12,  2.45it/s]
Processing frames:  74%|███████▍  | 918/1241 [06:19<02:25,  2.22it/s]
Processing frames:  74%|███████▍  | 919/1241 [06:19<02:21,  2.28it/s]
Processing frames:  74%|███████▍  | 920/1241 [06:20<02:16,  2.35it/s]
Processing frames:  74%|███████▍  | 921/1241 [06:20<02:13,  2.41it/s]
Processing frames:  74%|███████▍  | 922/1241 [06:20<02:10,  2.44it/s]
Processing frames:  74%|███████▍  | 923/1241 [06:21<02:09,  2.45it/s]
Processing frames:  74%|███████▍  | 924/1241 [06:21<02:10,  2.42it/s]
Processing frames:  75%|███████▍  | 925/1241 [06:22<02:09,  2.44it/s]
Processing frames:  75%|███████▍  | 926/1241 [06:22<02:09,  2.43it/s]
Processing frames:  75%|███████▍  | 927/1241 [06:22<02:08,  2.44it/s]
Processing frames:  75%|███████▍  | 928/1241 [06:23<02:06,  2.48it/s]
Processing frames:  75%|███████▍  | 929/1241 [06:23<02:05,  2.48it/s]
Processing frames:  75%|███████▍  | 930/1241 [06:24<02:08,  2.42it/s]
Processing frames:  75%|███████▌  | 931/1241 [06:24<02:08,  2.40it/s]
Processing frames:  75%|███████▌  | 932/1241 [06:24<02:07,  2.42it/s]
Processing frames:  75%|███████▌  | 933/1241 [06:25<02:06,  2.43it/s]
Processing frames:  75%|███████▌  | 934/1241 [06:25<02:06,  2.43it/s]
Processing frames:  75%|███████▌  | 935/1241 [06:26<02:04,  2.45it/s]
Processing frames:  75%|███████▌  | 936/1241 [06:26<02:04,  2.46it/s]
Processing frames:  76%|███████▌  | 937/1241 [06:27<02:03,  2.47it/s]
Processing frames:  76%|███████▌  | 938/1241 [06:27<02:01,  2.49it/s]
Processing frames:  76%|███████▌  | 939/1241 [06:27<02:03,  2.45it/s]
Processing frames:  76%|███████▌  | 940/1241 [06:28<02:02,  2.46it/s]
Processing frames:  76%|███████▌  | 941/1241 [06:28<02:01,  2.47it/s]
Processing frames:  76%|███████▌  | 942/1241 [06:29<02:01,  2.47it/s]
Processing frames:  76%|███████▌  | 943/1241 [06:29<01:59,  2.49it/s]
Processing frames:  76%|███████▌  | 944/1241 [06:29<01:59,  2.48it/s]
Processing frames:  76%|███████▌  | 945/1241 [06:30<01:58,  2.49it/s]
Processing frames:  76%|███████▌  | 946/1241 [06:30<01:58,  2.49it/s]
Processing frames:  76%|███████▋  | 947/1241 [06:31<01:58,  2.49it/s]
Processing frames:  76%|███████▋  | 948/1241 [06:31<01:56,  2.51it/s]
Processing frames:  76%|███████▋  | 949/1241 [06:31<01:55,  2.52it/s]
Processing frames:  77%|███████▋  | 950/1241 [06:32<01:59,  2.43it/s]
Processing frames:  77%|███████▋  | 951/1241 [06:32<01:59,  2.42it/s]
Processing frames:  77%|███████▋  | 952/1241 [06:33<01:59,  2.43it/s]
Processing frames:  77%|███████▋  | 953/1241 [06:33<01:57,  2.46it/s]
Processing frames:  77%|███████▋  | 954/1241 [06:33<01:57,  2.45it/s]
Processing frames:  77%|███████▋  | 955/1241 [06:34<01:56,  2.46it/s]
Processing frames:  77%|███████▋  | 956/1241 [06:34<01:55,  2.46it/s]
Processing frames:  77%|███████▋  | 957/1241 [06:35<01:56,  2.44it/s]
Processing frames:  77%|███████▋  | 958/1241 [06:35<01:54,  2.47it/s]
Processing frames:  77%|███████▋  | 959/1241 [06:35<01:55,  2.44it/s]
Processing frames:  77%|███████▋  | 960/1241 [06:36<01:54,  2.45it/s]
Processing frames:  77%|███████▋  | 961/1241 [06:36<01:54,  2.45it/s]
Processing frames:  78%|███████▊  | 962/1241 [06:37<01:52,  2.47it/s]
Processing frames:  78%|███████▊  | 963/1241 [06:37<01:52,  2.48it/s]
Processing frames:  78%|███████▊  | 964/1241 [06:37<01:51,  2.48it/s]
Processing frames:  78%|███████▊  | 965/1241 [06:38<01:50,  2.50it/s]
Processing frames:  78%|███████▊  | 966/1241 [06:38<01:49,  2.51it/s]
Processing frames:  78%|███████▊  | 967/1241 [06:39<01:50,  2.48it/s]
Processing frames:  78%|███████▊  | 968/1241 [06:39<01:49,  2.50it/s]
Processing frames:  78%|███████▊  | 969/1241 [06:39<01:50,  2.47it/s]
Processing frames:  78%|███████▊  | 970/1241 [06:40<01:48,  2.49it/s]
Processing frames:  78%|███████▊  | 971/1241 [06:40<01:47,  2.51it/s]
Processing frames:  78%|███████▊  | 972/1241 [06:41<01:47,  2.50it/s]
Processing frames:  78%|███████▊  | 973/1241 [06:41<01:47,  2.49it/s]
Processing frames:  78%|███████▊  | 974/1241 [06:41<01:48,  2.46it/s]
Processing frames:  79%|███████▊  | 975/1241 [06:42<01:49,  2.44it/s]
Processing frames:  79%|███████▊  | 976/1241 [06:42<01:49,  2.43it/s]
Processing frames:  79%|███████▊  | 977/1241 [06:43<01:47,  2.44it/s]
Processing frames:  79%|███████▉  | 978/1241 [06:43<01:49,  2.41it/s]
Processing frames:  79%|███████▉  | 979/1241 [06:44<01:47,  2.44it/s]
Processing frames:  79%|███████▉  | 980/1241 [06:44<01:46,  2.45it/s]
Processing frames:  79%|███████▉  | 981/1241 [06:44<01:47,  2.42it/s]
Processing frames:  79%|███████▉  | 982/1241 [06:45<01:46,  2.43it/s]
Processing frames:  79%|███████▉  | 983/1241 [06:45<01:45,  2.45it/s]
Processing frames:  79%|███████▉  | 984/1241 [06:46<01:44,  2.46it/s]
Processing frames:  79%|███████▉  | 985/1241 [06:46<01:44,  2.45it/s]
Processing frames:  79%|███████▉  | 986/1241 [06:46<01:45,  2.42it/s]
Processing frames:  80%|███████▉  | 987/1241 [06:47<01:44,  2.44it/s]
Processing frames:  80%|███████▉  | 988/1241 [06:47<01:43,  2.46it/s]
Processing frames:  80%|███████▉  | 989/1241 [06:48<01:42,  2.47it/s]
Processing frames:  80%|███████▉  | 990/1241 [06:48<01:43,  2.42it/s]
Processing frames:  80%|███████▉  | 991/1241 [06:48<01:43,  2.42it/s]
Processing frames:  80%|███████▉  | 992/1241 [06:49<01:41,  2.45it/s]
Processing frames:  80%|████████  | 993/1241 [06:49<01:42,  2.42it/s]
Processing frames:  80%|████████  | 994/1241 [06:50<01:41,  2.44it/s]
Processing frames:  80%|████████  | 995/1241 [06:50<01:40,  2.44it/s]
Processing frames:  80%|████████  | 996/1241 [06:50<01:40,  2.44it/s]
Processing frames:  80%|████████  | 997/1241 [06:51<01:39,  2.45it/s]
Processing frames:  80%|████████  | 998/1241 [06:51<01:38,  2.46it/s]
Processing frames:  80%|████████  | 999/1241 [06:52<01:38,  2.46it/s]
Processing frames:  81%|████████  | 1000/1241 [06:52<01:38,  2.44it/s]
Processing frames:  81%|████████  | 1001/1241 [06:53<01:42,  2.35it/s]
Processing frames:  81%|████████  | 1002/1241 [06:53<01:40,  2.39it/s]
Processing frames:  81%|████████  | 1003/1241 [06:53<01:39,  2.39it/s]
Processing frames:  81%|████████  | 1004/1241 [06:54<01:37,  2.42it/s]
Processing frames:  81%|████████  | 1005/1241 [06:54<01:37,  2.42it/s]
Processing frames:  81%|████████  | 1006/1241 [06:55<01:37,  2.41it/s]
Processing frames:  81%|████████  | 1007/1241 [06:55<01:36,  2.41it/s]
Processing frames:  81%|████████  | 1008/1241 [06:55<01:36,  2.42it/s]
Processing frames:  81%|████████▏ | 1009/1241 [06:56<01:35,  2.44it/s]
Processing frames:  81%|████████▏ | 1010/1241 [06:56<01:34,  2.45it/s]
Processing frames:  81%|████████▏ | 1011/1241 [06:57<01:33,  2.46it/s]
Processing frames:  82%|████████▏ | 1012/1241 [06:57<01:33,  2.44it/s]
Processing frames:  82%|████████▏ | 1013/1241 [06:58<01:34,  2.41it/s]
Processing frames:  82%|████████▏ | 1014/1241 [06:58<01:33,  2.44it/s]
Processing frames:  82%|████████▏ | 1015/1241 [06:58<01:32,  2.45it/s]
Processing frames:  82%|████████▏ | 1016/1241 [06:59<01:31,  2.46it/s]
Processing frames:  82%|████████▏ | 1017/1241 [06:59<01:30,  2.47it/s]
Processing frames:  82%|████████▏ | 1018/1241 [07:00<01:31,  2.43it/s]
Processing frames:  82%|████████▏ | 1019/1241 [07:00<01:31,  2.42it/s]
Processing frames:  82%|████████▏ | 1020/1241 [07:00<01:30,  2.44it/s]
Processing frames:  82%|████████▏ | 1021/1241 [07:01<01:30,  2.42it/s]
Processing frames:  82%|████████▏ | 1022/1241 [07:01<01:37,  2.23it/s]
Processing frames:  82%|████████▏ | 1023/1241 [07:02<01:34,  2.31it/s]
Processing frames:  83%|████████▎ | 1024/1241 [07:02<01:32,  2.36it/s]
Processing frames:  83%|████████▎ | 1025/1241 [07:03<01:30,  2.38it/s]
Processing frames:  83%|████████▎ | 1026/1241 [07:03<01:30,  2.38it/s]
Processing frames:  83%|████████▎ | 1027/1241 [07:03<01:29,  2.39it/s]
Processing frames:  83%|████████▎ | 1028/1241 [07:04<01:28,  2.40it/s]
Processing frames:  83%|████████▎ | 1029/1241 [07:04<01:28,  2.40it/s]
Processing frames:  83%|████████▎ | 1030/1241 [07:05<01:27,  2.42it/s]
Processing frames:  83%|████████▎ | 1031/1241 [07:05<01:26,  2.43it/s]
Processing frames:  83%|████████▎ | 1032/1241 [07:05<01:25,  2.45it/s]
Processing frames:  83%|████████▎ | 1033/1241 [07:06<01:24,  2.46it/s]
Processing frames:  83%|████████▎ | 1034/1241 [07:06<01:24,  2.44it/s]
Processing frames:  83%|████████▎ | 1035/1241 [07:07<01:25,  2.42it/s]
Processing frames:  83%|████████▎ | 1036/1241 [07:07<01:24,  2.44it/s]
Processing frames:  84%|████████▎ | 1037/1241 [07:07<01:25,  2.39it/s]
Processing frames:  84%|████████▎ | 1038/1241 [07:08<01:24,  2.39it/s]
Processing frames:  84%|████████▎ | 1039/1241 [07:08<01:24,  2.40it/s]
Processing frames:  84%|████████▍ | 1040/1241 [07:09<01:24,  2.38it/s]
Processing frames:  84%|████████▍ | 1041/1241 [07:09<01:23,  2.40it/s]
Processing frames:  84%|████████▍ | 1042/1241 [07:10<01:23,  2.38it/s]
Processing frames:  84%|████████▍ | 1043/1241 [07:10<01:22,  2.41it/s]
Processing frames:  84%|████████▍ | 1044/1241 [07:10<01:21,  2.42it/s]
Processing frames:  84%|████████▍ | 1045/1241 [07:11<01:20,  2.44it/s]
Processing frames:  84%|████████▍ | 1046/1241 [07:11<01:20,  2.44it/s]
Processing frames:  84%|████████▍ | 1047/1241 [07:12<01:19,  2.45it/s]
Processing frames:  84%|████████▍ | 1048/1241 [07:12<01:18,  2.46it/s]
Processing frames:  85%|████████▍ | 1049/1241 [07:12<01:17,  2.47it/s]
Processing frames:  85%|████████▍ | 1050/1241 [07:13<01:17,  2.48it/s]
Processing frames:  85%|████████▍ | 1051/1241 [07:13<01:17,  2.46it/s]
Processing frames:  85%|████████▍ | 1052/1241 [07:14<01:16,  2.48it/s]
Processing frames:  85%|████████▍ | 1053/1241 [07:14<01:15,  2.48it/s]
Processing frames:  85%|████████▍ | 1054/1241 [07:14<01:15,  2.49it/s]
Processing frames:  85%|████████▌ | 1055/1241 [07:15<01:14,  2.49it/s]
Processing frames:  85%|████████▌ | 1056/1241 [07:15<01:24,  2.19it/s]
Processing frames:  85%|████████▌ | 1057/1241 [07:16<01:27,  2.11it/s]
Processing frames:  85%|████████▌ | 1058/1241 [07:16<01:23,  2.20it/s]
Processing frames:  85%|████████▌ | 1059/1241 [07:17<01:20,  2.27it/s]
Processing frames:  85%|████████▌ | 1060/1241 [07:17<01:17,  2.34it/s]
Processing frames:  85%|████████▌ | 1061/1241 [07:18<01:15,  2.38it/s]
Processing frames:  86%|████████▌ | 1062/1241 [07:18<01:14,  2.39it/s]
Processing frames:  86%|████████▌ | 1063/1241 [07:18<01:13,  2.43it/s]
Processing frames:  86%|████████▌ | 1064/1241 [07:19<01:12,  2.45it/s]
Processing frames:  86%|████████▌ | 1065/1241 [07:19<01:12,  2.44it/s]
Processing frames:  86%|████████▌ | 1066/1241 [07:20<01:11,  2.46it/s]
Processing frames:  86%|████████▌ | 1067/1241 [07:20<01:10,  2.45it/s]
Processing frames:  86%|████████▌ | 1068/1241 [07:20<01:09,  2.47it/s]
Processing frames:  86%|████████▌ | 1069/1241 [07:21<01:10,  2.45it/s]
Processing frames:  86%|████████▌ | 1070/1241 [07:21<01:09,  2.45it/s]
Processing frames:  86%|████████▋ | 1071/1241 [07:22<01:09,  2.44it/s]
Processing frames:  86%|████████▋ | 1072/1241 [07:22<01:08,  2.46it/s]
Processing frames:  86%|████████▋ | 1073/1241 [07:22<01:10,  2.40it/s]
Processing frames:  87%|████████▋ | 1074/1241 [07:23<01:09,  2.40it/s]
Processing frames:  87%|████████▋ | 1075/1241 [07:23<01:08,  2.43it/s]
Processing frames:  87%|████████▋ | 1076/1241 [07:24<01:07,  2.45it/s]
Processing frames:  87%|████████▋ | 1077/1241 [07:24<01:07,  2.44it/s]
Processing frames:  87%|████████▋ | 1078/1241 [07:25<01:08,  2.39it/s]
Processing frames:  87%|████████▋ | 1079/1241 [07:25<01:07,  2.38it/s]
Processing frames:  87%|████████▋ | 1080/1241 [07:25<01:06,  2.42it/s]
Processing frames:  87%|████████▋ | 1081/1241 [07:26<01:05,  2.44it/s]
Processing frames:  87%|████████▋ | 1082/1241 [07:26<01:04,  2.45it/s]
Processing frames:  87%|████████▋ | 1083/1241 [07:27<01:04,  2.45it/s]
Processing frames:  87%|████████▋ | 1084/1241 [07:27<01:04,  2.44it/s]
Processing frames:  87%|████████▋ | 1085/1241 [07:27<01:04,  2.43it/s]
Processing frames:  88%|████████▊ | 1086/1241 [07:28<01:03,  2.45it/s]
Processing frames:  88%|████████▊ | 1087/1241 [07:28<01:03,  2.43it/s]
Processing frames:  88%|████████▊ | 1088/1241 [07:29<01:02,  2.45it/s]
Processing frames:  88%|████████▊ | 1089/1241 [07:29<01:02,  2.44it/s]
Processing frames:  88%|████████▊ | 1090/1241 [07:29<01:02,  2.40it/s]
Processing frames:  88%|████████▊ | 1091/1241 [07:30<01:02,  2.41it/s]
Processing frames:  88%|████████▊ | 1092/1241 [07:30<01:01,  2.42it/s]
Processing frames:  88%|████████▊ | 1093/1241 [07:31<01:02,  2.37it/s]
Processing frames:  88%|████████▊ | 1094/1241 [07:31<01:01,  2.40it/s]
Processing frames:  88%|████████▊ | 1095/1241 [07:32<01:00,  2.43it/s]
Processing frames:  88%|████████▊ | 1096/1241 [07:32<01:00,  2.39it/s]
Processing frames:  88%|████████▊ | 1097/1241 [07:32<00:59,  2.40it/s]
Processing frames:  88%|████████▊ | 1098/1241 [07:33<01:00,  2.38it/s]
Processing frames:  89%|████████▊ | 1099/1241 [07:33<00:58,  2.41it/s]
Processing frames:  89%|████████▊ | 1100/1241 [07:34<00:57,  2.44it/s]
Processing frames:  89%|████████▊ | 1101/1241 [07:34<00:58,  2.39it/s]
Processing frames:  89%|████████▉ | 1102/1241 [07:34<00:57,  2.42it/s]
Processing frames:  89%|████████▉ | 1103/1241 [07:35<00:57,  2.40it/s]
Processing frames:  89%|████████▉ | 1104/1241 [07:35<00:56,  2.40it/s]
Processing frames:  89%|████████▉ | 1105/1241 [07:36<00:56,  2.43it/s]
Processing frames:  89%|████████▉ | 1106/1241 [07:36<00:55,  2.44it/s]
Processing frames:  89%|████████▉ | 1107/1241 [07:37<00:55,  2.42it/s]
Processing frames:  89%|████████▉ | 1108/1241 [07:37<00:54,  2.44it/s]
Processing frames:  89%|████████▉ | 1109/1241 [07:37<00:56,  2.35it/s]
Processing frames:  89%|████████▉ | 1110/1241 [07:38<00:55,  2.36it/s]
Processing frames:  90%|████████▉ | 1111/1241 [07:38<00:54,  2.39it/s]
Processing frames:  90%|████████▉ | 1112/1241 [07:39<00:53,  2.40it/s]
Processing frames:  90%|████████▉ | 1113/1241 [07:39<00:54,  2.36it/s]
Processing frames:  90%|████████▉ | 1114/1241 [07:39<00:53,  2.36it/s]
Processing frames:  90%|████████▉ | 1115/1241 [07:40<00:53,  2.37it/s]
Processing frames:  90%|████████▉ | 1116/1241 [07:40<00:52,  2.38it/s]
Processing frames:  90%|█████████ | 1117/1241 [07:41<00:51,  2.41it/s]
Processing frames:  90%|█████████ | 1118/1241 [07:41<00:51,  2.41it/s]
Processing frames:  90%|█████████ | 1119/1241 [07:42<00:50,  2.39it/s]
Processing frames:  90%|█████████ | 1120/1241 [07:42<00:51,  2.37it/s]
Processing frames:  90%|█████████ | 1121/1241 [07:42<00:50,  2.36it/s]
Processing frames:  90%|█████████ | 1122/1241 [07:43<00:50,  2.36it/s]
Processing frames:  90%|█████████ | 1123/1241 [07:43<00:49,  2.39it/s]
Processing frames:  91%|█████████ | 1124/1241 [07:44<00:49,  2.39it/s]
Processing frames:  91%|█████████ | 1125/1241 [07:44<00:48,  2.38it/s]
Processing frames:  91%|█████████ | 1126/1241 [07:44<00:47,  2.41it/s]
Processing frames:  91%|█████████ | 1127/1241 [07:45<00:47,  2.39it/s]
Processing frames:  91%|█████████ | 1128/1241 [07:45<00:50,  2.26it/s]
Processing frames:  91%|█████████ | 1129/1241 [07:46<00:48,  2.32it/s]
Processing frames:  91%|█████████ | 1130/1241 [07:46<00:47,  2.34it/s]
Processing frames:  91%|█████████ | 1131/1241 [07:47<00:47,  2.33it/s]
Processing frames:  91%|█████████ | 1132/1241 [07:47<00:46,  2.34it/s]
Processing frames:  91%|█████████▏| 1133/1241 [07:47<00:45,  2.38it/s]
Processing frames:  91%|█████████▏| 1134/1241 [07:48<00:44,  2.40it/s]
Processing frames:  91%|█████████▏| 1135/1241 [07:48<00:43,  2.43it/s]
Processing frames:  92%|█████████▏| 1136/1241 [07:49<00:43,  2.41it/s]
Processing frames:  92%|█████████▏| 1137/1241 [07:49<00:42,  2.44it/s]
Processing frames:  92%|█████████▏| 1138/1241 [07:50<00:42,  2.40it/s]
Processing frames:  92%|█████████▏| 1139/1241 [07:50<00:42,  2.39it/s]
Processing frames:  92%|█████████▏| 1140/1241 [07:50<00:42,  2.40it/s]
Processing frames:  92%|█████████▏| 1141/1241 [07:51<00:41,  2.40it/s]
Processing frames:  92%|█████████▏| 1142/1241 [07:51<00:40,  2.42it/s]
Processing frames:  92%|█████████▏| 1143/1241 [07:52<00:40,  2.44it/s]
Processing frames:  92%|█████████▏| 1144/1241 [07:52<00:40,  2.41it/s]
Processing frames:  92%|█████████▏| 1145/1241 [07:52<00:40,  2.39it/s]
Processing frames:  92%|█████████▏| 1146/1241 [07:53<00:39,  2.39it/s]
Processing frames:  92%|█████████▏| 1147/1241 [07:53<00:38,  2.42it/s]
Processing frames:  93%|█████████▎| 1148/1241 [07:54<00:38,  2.44it/s]
Processing frames:  93%|█████████▎| 1149/1241 [07:54<00:37,  2.43it/s]
Processing frames:  93%|█████████▎| 1150/1241 [07:55<00:37,  2.41it/s]
Processing frames:  93%|█████████▎| 1151/1241 [07:55<00:37,  2.41it/s]
Processing frames:  93%|█████████▎| 1152/1241 [07:55<00:36,  2.41it/s]
Processing frames:  93%|█████████▎| 1153/1241 [07:56<00:36,  2.42it/s]
Processing frames:  93%|█████████▎| 1154/1241 [07:56<00:36,  2.41it/s]
Processing frames:  93%|█████████▎| 1155/1241 [07:57<00:35,  2.43it/s]
Processing frames:  93%|█████████▎| 1156/1241 [07:57<00:34,  2.45it/s]
Processing frames:  93%|█████████▎| 1157/1241 [07:57<00:34,  2.41it/s]
Processing frames:  93%|█████████▎| 1158/1241 [07:58<00:34,  2.41it/s]
Processing frames:  93%|█████████▎| 1159/1241 [07:58<00:33,  2.43it/s]
Processing frames:  93%|█████████▎| 1160/1241 [07:59<00:33,  2.42it/s]
Processing frames:  94%|█████████▎| 1161/1241 [07:59<00:32,  2.45it/s]
Processing frames:  94%|█████████▎| 1162/1241 [07:59<00:32,  2.42it/s]
Processing frames:  94%|█████████▎| 1163/1241 [08:00<00:36,  2.11it/s]
Processing frames:  94%|█████████▍| 1164/1241 [08:01<00:35,  2.18it/s]
Processing frames:  94%|█████████▍| 1165/1241 [08:01<00:34,  2.23it/s]
Processing frames:  94%|█████████▍| 1166/1241 [08:01<00:32,  2.28it/s]
Processing frames:  94%|█████████▍| 1167/1241 [08:02<00:31,  2.34it/s]
Processing frames:  94%|█████████▍| 1168/1241 [08:02<00:30,  2.38it/s]
Processing frames:  94%|█████████▍| 1169/1241 [08:03<00:29,  2.41it/s]
Processing frames:  94%|█████████▍| 1170/1241 [08:03<00:29,  2.41it/s]
Processing frames:  94%|█████████▍| 1171/1241 [08:03<00:29,  2.39it/s]
Processing frames:  94%|█████████▍| 1172/1241 [08:04<00:28,  2.41it/s]
Processing frames:  95%|█████████▍| 1173/1241 [08:04<00:28,  2.42it/s]
Processing frames:  95%|█████████▍| 1174/1241 [08:05<00:27,  2.42it/s]
Processing frames:  95%|█████████▍| 1175/1241 [08:05<00:27,  2.40it/s]
Processing frames:  95%|█████████▍| 1176/1241 [08:05<00:27,  2.39it/s]
Processing frames:  95%|█████████▍| 1177/1241 [08:06<00:26,  2.42it/s]
Processing frames:  95%|█████████▍| 1178/1241 [08:06<00:26,  2.42it/s]
Processing frames:  95%|█████████▌| 1179/1241 [08:07<00:25,  2.40it/s]
Processing frames:  95%|█████████▌| 1180/1241 [08:07<00:25,  2.40it/s]
Processing frames:  95%|█████████▌| 1181/1241 [08:08<00:25,  2.33it/s]
Processing frames:  95%|█████████▌| 1182/1241 [08:08<00:24,  2.37it/s]
Processing frames:  95%|█████████▌| 1183/1241 [08:08<00:24,  2.41it/s]
Processing frames:  95%|█████████▌| 1184/1241 [08:09<00:23,  2.38it/s]
Processing frames:  95%|█████████▌| 1185/1241 [08:09<00:23,  2.42it/s]
Processing frames:  96%|█████████▌| 1186/1241 [08:10<00:22,  2.43it/s]
Processing frames:  96%|█████████▌| 1187/1241 [08:10<00:22,  2.42it/s]
Processing frames:  96%|█████████▌| 1188/1241 [08:10<00:21,  2.44it/s]
Processing frames:  96%|█████████▌| 1189/1241 [08:11<00:21,  2.45it/s]
Processing frames:  96%|█████████▌| 1190/1241 [08:11<00:20,  2.46it/s]
Processing frames:  96%|█████████▌| 1191/1241 [08:12<00:20,  2.47it/s]
Processing frames:  96%|█████████▌| 1192/1241 [08:12<00:19,  2.47it/s]
Processing frames:  96%|█████████▌| 1193/1241 [08:12<00:19,  2.46it/s]
Processing frames:  96%|█████████▌| 1194/1241 [08:13<00:19,  2.45it/s]
Processing frames:  96%|█████████▋| 1195/1241 [08:13<00:18,  2.43it/s]
Processing frames:  96%|█████████▋| 1196/1241 [08:14<00:18,  2.41it/s]
Processing frames:  96%|█████████▋| 1197/1241 [08:14<00:18,  2.39it/s]
Processing frames:  97%|█████████▋| 1198/1241 [08:15<00:18,  2.39it/s]
Processing frames:  97%|█████████▋| 1199/1241 [08:15<00:17,  2.39it/s]
Processing frames:  97%|█████████▋| 1200/1241 [08:15<00:17,  2.40it/s]
Processing frames:  97%|█████████▋| 1201/1241 [08:16<00:16,  2.42it/s]
Processing frames:  97%|█████████▋| 1202/1241 [08:16<00:16,  2.43it/s]
Processing frames:  97%|█████████▋| 1203/1241 [08:17<00:16,  2.37it/s]
Processing frames:  97%|█████████▋| 1204/1241 [08:17<00:15,  2.36it/s]
Processing frames:  97%|█████████▋| 1205/1241 [08:18<00:15,  2.36it/s]
Processing frames:  97%|█████████▋| 1206/1241 [08:18<00:14,  2.35it/s]
Processing frames:  97%|█████████▋| 1207/1241 [08:18<00:14,  2.39it/s]
Processing frames:  97%|█████████▋| 1208/1241 [08:19<00:13,  2.42it/s]
Processing frames:  97%|█████████▋| 1209/1241 [08:19<00:13,  2.45it/s]
Processing frames:  98%|█████████▊| 1210/1241 [08:20<00:12,  2.46it/s]
Processing frames:  98%|█████████▊| 1211/1241 [08:20<00:12,  2.44it/s]
Processing frames:  98%|█████████▊| 1212/1241 [08:20<00:11,  2.43it/s]
Processing frames:  98%|█████████▊| 1213/1241 [08:21<00:11,  2.42it/s]
Processing frames:  98%|█████████▊| 1214/1241 [08:21<00:11,  2.38it/s]
Processing frames:  98%|█████████▊| 1215/1241 [08:22<00:10,  2.41it/s]
Processing frames:  98%|█████████▊| 1216/1241 [08:22<00:10,  2.44it/s]
Processing frames:  98%|█████████▊| 1217/1241 [08:22<00:09,  2.46it/s]
Processing frames:  98%|█████████▊| 1218/1241 [08:23<00:09,  2.46it/s]
Processing frames:  98%|█████████▊| 1219/1241 [08:23<00:08,  2.46it/s]
Processing frames:  98%|█████████▊| 1220/1241 [08:24<00:08,  2.44it/s]
Processing frames:  98%|█████████▊| 1221/1241 [08:24<00:08,  2.37it/s]
Processing frames:  98%|█████████▊| 1222/1241 [08:25<00:08,  2.37it/s]
Processing frames:  99%|█████████▊| 1223/1241 [08:25<00:07,  2.36it/s]
Processing frames:  99%|█████████▊| 1224/1241 [08:25<00:07,  2.40it/s]
Processing frames:  99%|█████████▊| 1225/1241 [08:26<00:06,  2.42it/s]
Processing frames:  99%|█████████▉| 1226/1241 [08:26<00:06,  2.42it/s]
Processing frames:  99%|█████████▉| 1227/1241 [08:27<00:05,  2.41it/s]
Processing frames:  99%|█████████▉| 1228/1241 [08:27<00:05,  2.41it/s]
Processing frames:  99%|█████████▉| 1229/1241 [08:27<00:05,  2.39it/s]
Processing frames:  99%|█████████▉| 1230/1241 [08:28<00:04,  2.42it/s]
Processing frames:  99%|█████████▉| 1231/1241 [08:28<00:04,  2.45it/s]
Processing frames:  99%|█████████▉| 1232/1241 [08:29<00:03,  2.44it/s]
Processing frames:  99%|█████████▉| 1233/1241 [08:29<00:03,  2.43it/s]
Processing frames:  99%|█████████▉| 1234/1241 [08:29<00:02,  2.45it/s]
Processing frames: 100%|█████████▉| 1235/1241 [08:30<00:02,  2.42it/s]
Processing frames: 100%|█████████▉| 1236/1241 [08:30<00:02,  2.42it/s]
Processing frames: 100%|█████████▉| 1237/1241 [08:31<00:01,  2.43it/s]
Processing frames: 100%|█████████▉| 1238/1241 [08:31<00:01,  2.41it/s]
Processing frames: 100%|█████████▉| 1239/1241 [08:32<00:00,  2.32it/s]
Processing frames: 100%|█████████▉| 1240/1241 [08:32<00:00,  2.33it/s]
Processing frames: 100%|██████████| 1241/1241 [08:32<00:00,  2.33it/s]
Processing frames: 100%|██████████| 1241/1241 [08:32<00:00,  2.42it/s]
[av1 @ 0x1ddd6780] Your platform doesn't suppport hardware accelerated AV1 decoding.
[av1 @ 0x1ddd6780] Failed to get pixel format.
[av1 @ 0x1ddd6780] Missing Sequence Header.
[av1 @ 0x1ddd6780] Missing Sequence Header.
[av1 @ 0x1ddd6780] Missing Sequence Header.
[av1 @ 0x1ddd6780] Missing Sequence Header.
[av1 @ 0x1ddd6780] Missing Sequence Header.
[av1 @ 0x1ddd6780] Missing Sequence Header.
[av1 @ 0x1ddd6780] Missing Sequence Header.
[av1 @ 0x1ddd6780] Missing Sequence Header.
[av1 @ 0x1ddd6780] Missing Sequence Header.
[av1 @ 0x1ddd6780] Missing Sequence Header.
[av1 @ 0x1ddd6780] Missing Sequence Header.
[av1 @ 0x1ddd6780] Missing Sequence Header.
[av1 @ 0x1ddd6780] Missing Sequence Header.
[av1 @ 0x1ddd6780] Missing Sequence Header.
[av1 @ 0x1ddd6780] Missing Sequence Header.
[av1 @ 0x1ddd6780] Missing Sequence Header.
[av1 @ 0x1ddd6780] Missing Sequence Header.
[av1 @ 0x1ddd6780] Missing Sequence Header.
[av1 @ 0x1ddd6780] Missing Sequence Header.
[av1 @ 0x1ddd6780] Missing Sequence Header.
[av1 @ 0x1ddd6780] Missing Sequence Header.
[av1 @ 0x1ddd6780] Missing Sequence Header.
[av1 @ 0x1ddd6780] Missing Sequence Header.
[av1 @ 0x1ddd6780] Missing Sequence Header.
[av1 @ 0x1ddd6780] Missing Sequence Header.
[av1 @ 0x1ddd6780] Missing Sequence Header.
[av1 @ 0x1ddd6780] Missing Sequence Header.
[av1 @ 0x1ddd6780] Missing Sequence Header.
[av1 @ 0x1ddd6780] Missing Sequence Header.
[av1 @ 0x1ddd6780] Missing Sequence Header.
[av1 @ 0x1ddd6780] Missing Sequence Header.
[av1 @ 0x1ddd6780] Missing Sequence Header.
[av1 @ 0x1ddd6780] Missing Sequence Header.
[av1 @ 0x1ddd6780] Missing Sequence Header.
[av1 @ 0x1ddd6780] Missing Sequence Header.
[av1 @ 0x1ddd6780] Missing Sequence Header.
[av1 @ 0x1ddd6780] Missing Sequence Header.
[av1 @ 0x1ddd6780] Missing Sequence Header.
[av1 @ 0x1ddd6780] Missing Sequence Header.
[av1 @ 0x1ddd6780] Missing Sequence Header.
[av1 @ 0x1ddd6780] Missing Sequence Header.
[av1 @ 0x1ddd6780] Missing Sequence Header.
[av1 @ 0x1ddd6780] Missing Sequence Header.
[av1 @ 0x1ddd6780] Missing Sequence Header.
[av1 @ 0x1ddd6780] Missing Sequence Header.
[av1 @ 0x1ddd6780] Missing Sequence Header.
[av1 @ 0x1ddd6780] Missing Sequence Header.
[av1 @ 0x1ddd6780] Missing Sequence Header.
[av1 @ 0x1ddd6780] Missing Sequence Header.
[av1 @ 0x1ddd6780] Missing Sequence Header.
[av1 @ 0x1ddd6780] Missing Sequence Header.
[av1 @ 0x1ddd6780] Missing Sequence Header.
[av1 @ 0x1ddd6780] Missing Sequence Header.
[av1 @ 0x1ddd6780] Missing Sequence Header.
[av1 @ 0x1ddd6780] Missing Sequence Header.
[av1 @ 0x1ddd6780] Missing Sequence Header.
[av1 @ 0x1ddd6780] Missing Sequence Header.
[av1 @ 0x1ddd6780] Missing Sequence Header.
[av1 @ 0x1ddd6780] Missing Sequence Header.
[av1 @ 0x1ddd6780] Missing Sequence Header.
[av1 @ 0x1ddd6780] Missing Sequence Header.
[av1 @ 0x1ddd6780] Missing Sequence Header.
[av1 @ 0x1ddd6780] Missing Sequence Header.
[av1 @ 0x1ddd6780] Missing Sequence Header.
[av1 @ 0x1ddd6780] Missing Sequence Header.
[av1 @ 0x1ddd6780] Missing Sequence Header.
[av1 @ 0x1ddd6780] Missing Sequence Header.
[av1 @ 0x1ddd6780] Missing Sequence Header.
[av1 @ 0x1ddd6780] Missing Sequence Header.
[av1 @ 0x1ddd6780] Missing Sequence Header.
[av1 @ 0x1ddd6780] Missing Sequence Header.
[av1 @ 0x1ddd6780] Missing Sequence Header.
[av1 @ 0x1ddd6780] Missing Sequence Header.
[av1 @ 0x1ddd6780] Missing Sequence Header.
[av1 @ 0x1ddd6780] Missing Sequence Header.
[av1 @ 0x1ddd6780] Missing Sequence Header.
[av1 @ 0x1ddd6780] Missing Sequence Header.
[av1 @ 0x1ddd6780] Missing Sequence Header.
[av1 @ 0x1ddd6780] Missing Sequence Header.
[av1 @ 0x1ddd6780] Missing Sequence Header.
[av1 @ 0x1ddd6780] Missing Sequence Header.
[av1 @ 0x1ddd6780] Missing Sequence Header.
[av1 @ 0x1ddd6780] Missing Sequence Header.
[av1 @ 0x1ddd6780] Missing Sequence Header.
[av1 @ 0x1ddd6780] Missing Sequence Header.
[av1 @ 0x1ddd6780] Missing Sequence Header.
[av1 @ 0x1ddd6780] Missing Sequence Header.
[av1 @ 0x1ddd6780] Missing Sequence Header.
[av1 @ 0x1ddd6780] Missing Sequence Header.
[av1 @ 0x1ddd6780] Missing Sequence Header.
[av1 @ 0x1ddd6780] Missing Sequence Header.
[av1 @ 0x1ddd6780] Missing Sequence Header.
[av1 @ 0x1ddd6780] Missing Sequence Header.
[av1 @ 0x1ddd6780] Missing Sequence Header.
[av1 @ 0x1ddd6780] Missing Sequence Header.
[av1 @ 0x1ddd6780] Missing Sequence Header.
[av1 @ 0x1ddd6780] Missing Sequence Header.
[av1 @ 0x1ddd6780] Missing Sequence Header.
[av1 @ 0x1ddd6780] Missing Sequence Header.
[av1 @ 0x1ddd6780] Missing Sequence Header.
[av1 @ 0x1ddd6780] Missing Sequence Header.
[av1 @ 0x1ddd6780] Missing Sequence Header.
[av1 @ 0x1ddd6780] Missing Sequence Header.
[av1 @ 0x1ddd6780] Missing Sequence Header.
[av1 @ 0x1ddd6780] Missing Sequence Header.
[av1 @ 0x1ddd6780] Missing Sequence Header.
[av1 @ 0x1ddd6780] Missing Sequence Header.
[av1 @ 0x1ddd6780] Missing Sequence Header.
[av1 @ 0x1ddd6780] Missing Sequence Header.
[av1 @ 0x1ddd6780] Missing Sequence Header.
[av1 @ 0x1ddd6780] Missing Sequence Header.
[av1 @ 0x1ddd6780] Missing Sequence Header.
[av1 @ 0x1ddd6780] Missing Sequence Header.
[av1 @ 0x1ddd6780] Missing Sequence Header.
[av1 @ 0x1ddd6780] Missing Sequence Header.
[av1 @ 0x1ddd6780] Missing Sequence Header.
[av1 @ 0x1ddd6780] Missing Sequence Header.
[av1 @ 0x1ddd6780] Missing Sequence Header.
[av1 @ 0x1ddd6780] Missing Sequence Header.
[av1 @ 0x1ddd6780] Missing Sequence Header.
[av1 @ 0x1ddd6780] Missing Sequence Header.
[av1 @ 0x1ddd6780] Missing Sequence Header.
[av1 @ 0x1ddd6780] Missing Sequence Header.
[av1 @ 0x1ddd6780] Missing Sequence Header.
[av1 @ 0x1ddd6780] Missing Sequence Header.
[av1 @ 0x1ddd6780] Missing Sequence Header.
[av1 @ 0x1ddd6780] Your platform doesn't suppport hardware accelerated AV1 decoding.
[av1 @ 0x1ddd6780] Failed to get pixel format.
[av1 @ 0x1ddd6780] Missing Sequence Header.
[av1 @ 0x1ddd6780] Missing Sequence Header.
[av1 @ 0x1ddd6780] Missing Sequence Header.
[av1 @ 0x1ddd6780] Missing Sequence Header.
[av1 @ 0x1ddd6780] Missing Sequence Header.
[av1 @ 0x1ddd6780] Missing Sequence Header.
[av1 @ 0x1ddd6780] Missing Sequence Header.
[av1 @ 0x1ddd6780] Missing Sequence Header.
[av1 @ 0x1ddd6780] Missing Sequence Header.
[av1 @ 0x1ddd6780] Missing Sequence Header.
[av1 @ 0x1ddd6780] Missing Sequence Header.
[av1 @ 0x1ddd6780] Missing Sequence Header.
[av1 @ 0x1ddd6780] Missing Sequence Header.
[av1 @ 0x1ddd6780] Missing Sequence Header.
[av1 @ 0x1ddd6780] Missing Sequence Header.
[av1 @ 0x1ddd6780] Missing Sequence Header.
[av1 @ 0x1ddd6780] Missing Sequence Header.
[av1 @ 0x1ddd6780] Missing Sequence Header.
[av1 @ 0x1ddd6780] Missing Sequence Header.
[av1 @ 0x1ddd6780] Missing Sequence Header.
[av1 @ 0x1ddd6780] Missing Sequence Header.
[av1 @ 0x1ddd6780] Missing Sequence Header.
[av1 @ 0x1e585600] Your platform doesn't suppport hardware accelerated AV1 decoding.
[av1 @ 0x1e585600] Failed to get pixel format.

Processing frames:   0%|          | 0/6 [00:00<?, ?it/s]
Processing frames:  17%|█▋        | 1/6 [00:00<00:04,  1.19it/s]
Processing frames:  33%|███▎      | 2/6 [00:01<00:03,  1.19it/s]
Processing frames:  50%|█████     | 3/6 [00:02<00:02,  1.22it/s]
Processing frames:  67%|██████▋   | 4/6 [00:03<00:01,  1.24it/s]
Processing frames:  83%|████████▎ | 5/6 [00:04<00:00,  1.24it/s]
Processing frames: 100%|██████████| 6/6 [00:04<00:00,  1.21it/s]
Processing frames: 100%|██████████| 6/6 [00:04<00:00,  1.21it/s]

Processing frames:   0%|          | 0/64 [00:00<?, ?it/s]
Processing frames:   2%|▏         | 1/64 [00:00<00:22,  2.85it/s]
Processing frames:   3%|▎         | 2/64 [00:00<00:21,  2.91it/s]
Processing frames:   5%|▍         | 3/64 [00:01<00:20,  2.96it/s]
Processing frames:   6%|▋         | 4/64 [00:01<00:20,  2.99it/s]
Processing frames:   8%|▊         | 5/64 [00:01<00:19,  2.96it/s]
Processing frames:   9%|▉         | 6/64 [00:02<00:19,  3.01it/s]
Processing frames:  11%|█         | 7/64 [00:02<00:20,  2.78it/s]
Processing frames:  12%|█▎        | 8/64 [00:02<00:19,  2.89it/s]
Processing frames:  14%|█▍        | 9/64 [00:03<00:18,  2.92it/s]
Processing frames:  16%|█▌        | 10/64 [00:03<00:18,  2.99it/s]
Processing frames:  17%|█▋        | 11/64 [00:03<00:17,  3.01it/s]
Processing frames:  19%|█▉        | 12/64 [00:04<00:17,  3.02it/s]
Processing frames:  20%|██        | 13/64 [00:04<00:16,  3.06it/s]
Processing frames:  22%|██▏       | 14/64 [00:04<00:16,  3.09it/s]
Processing frames:  23%|██▎       | 15/64 [00:05<00:15,  3.10it/s]
Processing frames:  25%|██▌       | 16/64 [00:05<00:15,  3.14it/s]
Processing frames:  27%|██▋       | 17/64 [00:05<00:14,  3.16it/s]
Processing frames:  28%|██▊       | 18/64 [00:05<00:14,  3.14it/s]
Processing frames:  30%|██▉       | 19/64 [00:06<00:14,  3.04it/s]
Processing frames:  31%|███▏      | 20/64 [00:06<00:14,  3.01it/s]
Processing frames:  33%|███▎      | 21/64 [00:06<00:14,  2.98it/s]
Processing frames:  34%|███▍      | 22/64 [00:07<00:14,  3.00it/s]
Processing frames:  36%|███▌      | 23/64 [00:07<00:13,  3.04it/s]
Processing frames:  38%|███▊      | 24/64 [00:07<00:13,  3.07it/s]
Processing frames:  39%|███▉      | 25/64 [00:08<00:12,  3.05it/s]
Processing frames:  41%|████      | 26/64 [00:08<00:12,  3.08it/s]
Processing frames:  42%|████▏     | 27/64 [00:08<00:12,  3.03it/s]
Processing frames:  44%|████▍     | 28/64 [00:09<00:11,  3.07it/s]
Processing frames:  45%|████▌     | 29/64 [00:09<00:11,  3.07it/s]
Processing frames:  47%|████▋     | 30/64 [00:09<00:11,  3.05it/s]
Processing frames:  48%|████▊     | 31/64 [00:10<00:10,  3.07it/s]
Processing frames:  50%|█████     | 32/64 [00:10<00:10,  3.06it/s]
Processing frames:  52%|█████▏    | 33/64 [00:10<00:10,  3.05it/s]
Processing frames:  53%|█████▎    | 34/64 [00:11<00:10,  2.99it/s]
Processing frames:  55%|█████▍    | 35/64 [00:11<00:09,  3.00it/s]
Processing frames:  56%|█████▋    | 36/64 [00:11<00:09,  3.04it/s]
Processing frames:  58%|█████▊    | 37/64 [00:12<00:08,  3.05it/s]
Processing frames:  59%|█████▉    | 38/64 [00:12<00:08,  3.05it/s]
Processing frames:  61%|██████    | 39/64 [00:12<00:08,  3.02it/s]
Processing frames:  62%|██████▎   | 40/64 [00:13<00:07,  3.01it/s]
Processing frames:  64%|██████▍   | 41/64 [00:13<00:07,  2.98it/s]
Processing frames:  66%|██████▌   | 42/64 [00:13<00:07,  3.02it/s]
Processing frames:  67%|██████▋   | 43/64 [00:14<00:06,  3.01it/s]
Processing frames:  69%|██████▉   | 44/64 [00:14<00:06,  3.04it/s]
Processing frames:  70%|███████   | 45/64 [00:14<00:06,  3.07it/s]
Processing frames:  72%|███████▏  | 46/64 [00:15<00:05,  3.07it/s]
Processing frames:  73%|███████▎  | 47/64 [00:15<00:05,  3.01it/s]
Processing frames:  75%|███████▌  | 48/64 [00:15<00:05,  2.99it/s]
Processing frames:  77%|███████▋  | 49/64 [00:16<00:04,  3.03it/s]
Processing frames:  78%|███████▊  | 50/64 [00:16<00:04,  3.00it/s]
Processing frames:  80%|███████▉  | 51/64 [00:16<00:04,  3.03it/s]
Processing frames:  81%|████████▏ | 52/64 [00:17<00:03,  3.06it/s]
Processing frames:  83%|████████▎ | 53/64 [00:17<00:03,  3.05it/s]
Processing frames:  84%|████████▍ | 54/64 [00:17<00:03,  3.02it/s]
Processing frames:  86%|████████▌ | 55/64 [00:18<00:03,  2.91it/s]
Processing frames:  88%|████████▊ | 56/64 [00:18<00:02,  2.98it/s]
Processing frames:  89%|████████▉ | 57/64 [00:18<00:02,  3.02it/s]
Processing frames:  91%|█████████ | 58/64 [00:19<00:01,  3.05it/s]
Processing frames:  92%|█████████▏| 59/64 [00:19<00:01,  3.00it/s]
Processing frames:  94%|█████████▍| 60/64 [00:19<00:01,  3.04it/s]
Processing frames:  95%|█████████▌| 61/64 [00:20<00:00,  3.04it/s]
Processing frames:  97%|█████████▋| 62/64 [00:20<00:00,  3.05it/s]
Processing frames:  98%|█████████▊| 63/64 [00:20<00:00,  3.06it/s]
Processing frames: 100%|██████████| 64/64 [00:21<00:00,  3.06it/s]
Processing frames: 100%|██████████| 64/64 [00:21<00:00,  3.03it/s]

Processing frames:   0%|          | 0/11 [00:00<?, ?it/s]
Processing frames:   9%|▉         | 1/11 [00:00<00:02,  3.37it/s]
Processing frames:  18%|█▊        | 2/11 [00:00<00:02,  3.30it/s]
Processing frames:  27%|██▋       | 3/11 [00:00<00:02,  3.36it/s]
Processing frames:  36%|███▋      | 4/11 [00:01<00:02,  3.22it/s]
Processing frames:  45%|████▌     | 5/11 [00:01<00:01,  3.25it/s]
Processing frames:  55%|█████▍    | 6/11 [00:01<00:01,  3.24it/s]
Processing frames:  64%|██████▎   | 7/11 [00:02<00:01,  3.30it/s]
Processing frames:  73%|███████▎  | 8/11 [00:02<00:00,  3.31it/s]
Processing frames:  82%|████████▏ | 9/11 [00:02<00:00,  3.33it/s]
Processing frames:  91%|█████████ | 10/11 [00:03<00:00,  3.37it/s]
Processing frames: 100%|██████████| 11/11 [00:03<00:00,  3.36it/s]
Processing frames: 100%|██████████| 11/11 [00:03<00:00,  3.32it/s]

Processing frames:   0%|          | 0/117 [00:00<?, ?it/s]
Processing frames:   1%|          | 1/117 [00:00<00:50,  2.30it/s]
Processing frames:   2%|▏         | 2/117 [00:00<00:49,  2.32it/s]
Processing frames:   3%|▎         | 3/117 [00:01<00:48,  2.34it/s]
Processing frames:   3%|▎         | 4/117 [00:01<00:48,  2.35it/s]
Processing frames:   4%|▍         | 5/117 [00:02<00:46,  2.40it/s]
Processing frames:   5%|▌         | 6/117 [00:02<00:46,  2.40it/s]
Processing frames:   6%|▌         | 7/117 [00:02<00:45,  2.40it/s]
Processing frames:   7%|▋         | 8/117 [00:03<00:45,  2.40it/s]
Processing frames:   8%|▊         | 9/117 [00:03<00:45,  2.38it/s]
Processing frames:   9%|▊         | 10/117 [00:04<00:46,  2.32it/s]
Processing frames:   9%|▉         | 11/117 [00:04<00:45,  2.33it/s]
Processing frames:  10%|█         | 12/117 [00:05<00:45,  2.33it/s]
Processing frames:  11%|█         | 13/117 [00:05<00:43,  2.37it/s]
Processing frames:  12%|█▏        | 14/117 [00:05<00:43,  2.39it/s]
Processing frames:  13%|█▎        | 15/117 [00:06<00:42,  2.38it/s]
Processing frames:  14%|█▎        | 16/117 [00:06<00:42,  2.38it/s]
Processing frames:  15%|█▍        | 17/117 [00:07<00:42,  2.38it/s]
Processing frames:  15%|█▌        | 18/117 [00:07<00:41,  2.38it/s]
Processing frames:  16%|█▌        | 19/117 [00:08<00:41,  2.38it/s]
Processing frames:  17%|█▋        | 20/117 [00:08<00:41,  2.36it/s]
Processing frames:  18%|█▊        | 21/117 [00:08<00:41,  2.31it/s]
Processing frames:  19%|█▉        | 22/117 [00:09<00:40,  2.36it/s]
Processing frames:  20%|█▉        | 23/117 [00:09<00:40,  2.34it/s]
Processing frames:  21%|██        | 24/117 [00:10<00:39,  2.35it/s]
Processing frames:  21%|██▏       | 25/117 [00:10<00:38,  2.36it/s]
Processing frames:  22%|██▏       | 26/117 [00:11<00:39,  2.28it/s]
Processing frames:  23%|██▎       | 27/117 [00:11<00:39,  2.30it/s]
Processing frames:  24%|██▍       | 28/117 [00:11<00:38,  2.34it/s]
Processing frames:  25%|██▍       | 29/117 [00:12<00:37,  2.33it/s]
Processing frames:  26%|██▌       | 30/117 [00:12<00:38,  2.27it/s]
Processing frames:  26%|██▋       | 31/117 [00:13<00:37,  2.31it/s]
Processing frames:  27%|██▋       | 32/117 [00:13<00:36,  2.31it/s]
Processing frames:  28%|██▊       | 33/117 [00:14<00:35,  2.34it/s]
Processing frames:  29%|██▉       | 34/117 [00:14<00:35,  2.37it/s]
Processing frames:  30%|██▉       | 35/117 [00:14<00:34,  2.39it/s]
Processing frames:  31%|███       | 36/117 [00:15<00:34,  2.37it/s]
Processing frames:  32%|███▏      | 37/117 [00:15<00:33,  2.38it/s]
Processing frames:  32%|███▏      | 38/117 [00:16<00:33,  2.36it/s]
Processing frames:  33%|███▎      | 39/117 [00:16<00:32,  2.39it/s]
Processing frames:  34%|███▍      | 40/117 [00:16<00:32,  2.40it/s]
Processing frames:  35%|███▌      | 41/117 [00:17<00:32,  2.37it/s]
Processing frames:  36%|███▌      | 42/117 [00:17<00:31,  2.39it/s]
Processing frames:  37%|███▋      | 43/117 [00:18<00:30,  2.40it/s]
Processing frames:  38%|███▊      | 44/117 [00:18<00:30,  2.41it/s]
Processing frames:  38%|███▊      | 45/117 [00:19<00:30,  2.38it/s]
Processing frames:  39%|███▉      | 46/117 [00:19<00:29,  2.37it/s]
Processing frames:  40%|████      | 47/117 [00:20<00:33,  2.11it/s]
Processing frames:  41%|████      | 48/117 [00:20<00:31,  2.17it/s]
Processing frames:  42%|████▏     | 49/117 [00:20<00:30,  2.23it/s]
Processing frames:  43%|████▎     | 50/117 [00:21<00:29,  2.28it/s]
Processing frames:  44%|████▎     | 51/117 [00:21<00:28,  2.33it/s]
Processing frames:  44%|████▍     | 52/117 [00:22<00:27,  2.36it/s]
Processing frames:  45%|████▌     | 53/117 [00:22<00:26,  2.38it/s]
Processing frames:  46%|████▌     | 54/117 [00:23<00:26,  2.38it/s]
Processing frames:  47%|████▋     | 55/117 [00:23<00:26,  2.38it/s]
Processing frames:  48%|████▊     | 56/117 [00:23<00:25,  2.37it/s]
Processing frames:  49%|████▊     | 57/117 [00:24<00:25,  2.39it/s]
Processing frames:  50%|████▉     | 58/117 [00:24<00:24,  2.39it/s]
Processing frames:  50%|█████     | 59/117 [00:25<00:24,  2.38it/s]
Processing frames:  51%|█████▏    | 60/117 [00:25<00:23,  2.38it/s]
Processing frames:  52%|█████▏    | 61/117 [00:25<00:23,  2.36it/s]
Processing frames:  53%|█████▎    | 62/117 [00:26<00:23,  2.36it/s]
Processing frames:  54%|█████▍    | 63/117 [00:26<00:22,  2.36it/s]
Processing frames:  55%|█████▍    | 64/117 [00:27<00:22,  2.38it/s]
Processing frames:  56%|█████▌    | 65/117 [00:27<00:21,  2.38it/s]
Processing frames:  56%|█████▋    | 66/117 [00:28<00:21,  2.40it/s]
Processing frames:  57%|█████▋    | 67/117 [00:28<00:20,  2.41it/s]
Processing frames:  58%|█████▊    | 68/117 [00:28<00:20,  2.40it/s]
Processing frames:  59%|█████▉    | 69/117 [00:29<00:20,  2.36it/s]
Processing frames:  60%|█████▉    | 70/117 [00:29<00:19,  2.39it/s]
Processing frames:  61%|██████    | 71/117 [00:30<00:19,  2.38it/s]
Processing frames:  62%|██████▏   | 72/117 [00:30<00:18,  2.39it/s]
Processing frames:  62%|██████▏   | 73/117 [00:31<00:18,  2.35it/s]
Processing frames:  63%|██████▎   | 74/117 [00:31<00:18,  2.38it/s]
Processing frames:  64%|██████▍   | 75/117 [00:31<00:17,  2.40it/s]
Processing frames:  65%|██████▍   | 76/117 [00:32<00:17,  2.37it/s]
Processing frames:  66%|██████▌   | 77/117 [00:32<00:16,  2.40it/s]
Processing frames:  67%|██████▋   | 78/117 [00:33<00:16,  2.34it/s]
Processing frames:  68%|██████▊   | 79/117 [00:33<00:16,  2.34it/s]
Processing frames:  68%|██████▊   | 80/117 [00:33<00:15,  2.36it/s]
Processing frames:  69%|██████▉   | 81/117 [00:34<00:15,  2.28it/s]
Processing frames:  70%|███████   | 82/117 [00:34<00:15,  2.32it/s]
Processing frames:  71%|███████   | 83/117 [00:35<00:15,  2.25it/s]
Processing frames:  72%|███████▏  | 84/117 [00:35<00:14,  2.30it/s]
Processing frames:  73%|███████▎  | 85/117 [00:36<00:13,  2.33it/s]
Processing frames:  74%|███████▎  | 86/117 [00:36<00:13,  2.33it/s]
Processing frames:  74%|███████▍  | 87/117 [00:36<00:12,  2.35it/s]
Processing frames:  75%|███████▌  | 88/117 [00:37<00:12,  2.38it/s]
Processing frames:  76%|███████▌  | 89/117 [00:37<00:11,  2.36it/s]
Processing frames:  77%|███████▋  | 90/117 [00:38<00:11,  2.36it/s]
Processing frames:  78%|███████▊  | 91/117 [00:38<00:11,  2.35it/s]
Processing frames:  79%|███████▊  | 92/117 [00:39<00:10,  2.37it/s]
Processing frames:  79%|███████▉  | 93/117 [00:39<00:10,  2.39it/s]
Processing frames:  80%|████████  | 94/117 [00:39<00:09,  2.38it/s]
Processing frames:  81%|████████  | 95/117 [00:40<00:09,  2.38it/s]
Processing frames:  82%|████████▏ | 96/117 [00:40<00:08,  2.38it/s]
Processing frames:  83%|████████▎ | 97/117 [00:41<00:08,  2.38it/s]
Processing frames:  84%|████████▍ | 98/117 [00:41<00:07,  2.38it/s]
Processing frames:  85%|████████▍ | 99/117 [00:42<00:07,  2.39it/s]
Processing frames:  85%|████████▌ | 100/117 [00:42<00:07,  2.40it/s]
Processing frames:  86%|████████▋ | 101/117 [00:42<00:06,  2.41it/s]
Processing frames:  87%|████████▋ | 102/117 [00:43<00:06,  2.42it/s]
Processing frames:  88%|████████▊ | 103/117 [00:43<00:05,  2.43it/s]
Processing frames:  89%|████████▉ | 104/117 [00:44<00:05,  2.41it/s]
Processing frames:  90%|████████▉ | 105/117 [00:44<00:05,  2.35it/s]
Processing frames:  91%|█████████ | 106/117 [00:44<00:04,  2.36it/s]
Processing frames:  91%|█████████▏| 107/117 [00:45<00:04,  2.36it/s]
Processing frames:  92%|█████████▏| 108/117 [00:45<00:03,  2.39it/s]
Processing frames:  93%|█████████▎| 109/117 [00:46<00:03,  2.38it/s]
Processing frames:  94%|█████████▍| 110/117 [00:46<00:02,  2.37it/s]
Processing frames:  95%|█████████▍| 111/117 [00:47<00:02,  2.35it/s]
Processing frames:  96%|█████████▌| 112/117 [00:47<00:02,  2.29it/s]
Processing frames:  97%|█████████▋| 113/117 [00:47<00:01,  2.32it/s]
Processing frames:  97%|█████████▋| 114/117 [00:48<00:01,  2.34it/s]
Processing frames:  98%|█████████▊| 115/117 [00:48<00:00,  2.36it/s]
Processing frames:  99%|█████████▉| 116/117 [00:49<00:00,  2.38it/s]
Processing frames: 100%|██████████| 117/117 [00:49<00:00,  2.38it/s]
Processing frames: 100%|██████████| 117/117 [00:49<00:00,  2.36it/s]

Processing frames:   0%|          | 0/15 [00:00<?, ?it/s]
Processing frames:   7%|▋         | 1/15 [00:00<00:04,  3.00it/s]
Processing frames:  13%|█▎        | 2/15 [00:00<00:04,  3.00it/s]
Processing frames:  20%|██        | 3/15 [00:00<00:03,  3.10it/s]
Processing frames:  27%|██▋       | 4/15 [00:01<00:03,  3.13it/s]
Processing frames:  33%|███▎      | 5/15 [00:01<00:03,  3.16it/s]
Processing frames:  40%|████      | 6/15 [00:01<00:02,  3.18it/s]
Processing frames:  47%|████▋     | 7/15 [00:02<00:02,  3.15it/s]
Processing frames:  53%|█████▎    | 8/15 [00:02<00:02,  3.19it/s]
Processing frames:  60%|██████    | 9/15 [00:02<00:01,  3.18it/s]
Processing frames:  67%|██████▋   | 10/15 [00:03<00:01,  3.09it/s]
Processing frames:  73%|███████▎  | 11/15 [00:03<00:01,  3.06it/s]
Processing frames:  80%|████████  | 12/15 [00:03<00:00,  3.06it/s]
Processing frames:  87%|████████▋ | 13/15 [00:04<00:00,  3.03it/s]
Processing frames:  93%|█████████▎| 14/15 [00:04<00:00,  3.06it/s]
Processing frames: 100%|██████████| 15/15 [00:04<00:00,  3.02it/s]
Processing frames: 100%|██████████| 15/15 [00:04<00:00,  3.08it/s]

Processing frames:   0%|          | 0/28 [00:00<?, ?it/s]
Processing frames:   4%|▎         | 1/28 [00:00<00:11,  2.33it/s]
Processing frames:   7%|▋         | 2/28 [00:00<00:10,  2.41it/s]
Processing frames:  11%|█         | 3/28 [00:01<00:10,  2.44it/s]
Processing frames:  14%|█▍        | 4/28 [00:01<00:09,  2.45it/s]
Processing frames:  18%|█▊        | 5/28 [00:02<00:09,  2.46it/s]
Processing frames:  21%|██▏       | 6/28 [00:02<00:09,  2.43it/s]
Processing frames:  25%|██▌       | 7/28 [00:02<00:08,  2.42it/s]
Processing frames:  29%|██▊       | 8/28 [00:03<00:08,  2.46it/s]
Processing frames:  32%|███▏      | 9/28 [00:03<00:07,  2.39it/s]
Processing frames:  36%|███▌      | 10/28 [00:04<00:07,  2.39it/s]
Processing frames:  39%|███▉      | 11/28 [00:04<00:07,  2.40it/s]
Processing frames:  43%|████▎     | 12/28 [00:04<00:06,  2.44it/s]
Processing frames:  46%|████▋     | 13/28 [00:05<00:06,  2.43it/s]
Processing frames:  50%|█████     | 14/28 [00:05<00:05,  2.40it/s]
Processing frames:  54%|█████▎    | 15/28 [00:06<00:05,  2.41it/s]
Processing frames:  57%|█████▋    | 16/28 [00:06<00:05,  2.37it/s]
Processing frames:  61%|██████    | 17/28 [00:07<00:04,  2.39it/s]
Processing frames:  64%|██████▍   | 18/28 [00:07<00:04,  2.42it/s]
Processing frames:  68%|██████▊   | 19/28 [00:07<00:03,  2.46it/s]
Processing frames:  71%|███████▏  | 20/28 [00:08<00:03,  2.22it/s]
Processing frames:  75%|███████▌  | 21/28 [00:08<00:03,  2.28it/s]
Processing frames:  79%|███████▊  | 22/28 [00:09<00:02,  2.31it/s]
Processing frames:  82%|████████▏ | 23/28 [00:09<00:02,  2.37it/s]
Processing frames:  86%|████████▌ | 24/28 [00:10<00:01,  2.43it/s]
Processing frames:  89%|████████▉ | 25/28 [00:10<00:01,  2.43it/s]
Processing frames:  93%|█████████▎| 26/28 [00:10<00:00,  2.46it/s]
Processing frames:  96%|█████████▋| 27/28 [00:11<00:00,  2.45it/s]
Processing frames: 100%|██████████| 28/28 [00:11<00:00,  2.38it/s]
Processing frames: 100%|██████████| 28/28 [00:11<00:00,  2.40it/s]

Processing frames:   0%|          | 0/437 [00:00<?, ?it/s]
Processing frames:   0%|          | 1/437 [00:00<02:54,  2.49it/s]
Processing frames:   0%|          | 2/437 [00:00<02:57,  2.46it/s]
Processing frames:   1%|          | 3/437 [00:01<02:52,  2.52it/s]
Processing frames:   1%|          | 4/437 [00:01<02:54,  2.49it/s]
Processing frames:   1%|          | 5/437 [00:02<02:56,  2.44it/s]
Processing frames:   1%|▏         | 6/437 [00:02<02:54,  2.46it/s]
Processing frames:   2%|▏         | 7/437 [00:02<02:51,  2.51it/s]
Processing frames:   2%|▏         | 8/437 [00:03<02:53,  2.48it/s]
Processing frames:   2%|▏         | 9/437 [00:03<02:50,  2.51it/s]
Processing frames:   2%|▏         | 10/437 [00:04<02:48,  2.53it/s]
Processing frames:   3%|▎         | 11/437 [00:04<02:48,  2.52it/s]
Processing frames:   3%|▎         | 12/437 [00:04<02:48,  2.52it/s]
Processing frames:   3%|▎         | 13/437 [00:05<02:50,  2.49it/s]
Processing frames:   3%|▎         | 14/437 [00:05<02:49,  2.49it/s]
Processing frames:   3%|▎         | 15/437 [00:05<02:46,  2.54it/s]
Processing frames:   4%|▎         | 16/437 [00:06<02:49,  2.49it/s]
Processing frames:   4%|▍         | 17/437 [00:06<02:44,  2.55it/s]
Processing frames:   4%|▍         | 18/437 [00:07<02:44,  2.55it/s]
Processing frames:   4%|▍         | 19/437 [00:07<02:41,  2.59it/s]
Processing frames:   5%|▍         | 20/437 [00:07<02:39,  2.61it/s]
Processing frames:   5%|▍         | 21/437 [00:08<02:37,  2.64it/s]
Processing frames:   5%|▌         | 22/437 [00:08<02:36,  2.65it/s]
Processing frames:   5%|▌         | 23/437 [00:09<02:36,  2.65it/s]
Processing frames:   5%|▌         | 24/437 [00:09<02:36,  2.64it/s]
Processing frames:   6%|▌         | 25/437 [00:09<02:37,  2.61it/s]
Processing frames:   6%|▌         | 26/437 [00:10<02:36,  2.63it/s]
Processing frames:   6%|▌         | 27/437 [00:10<02:35,  2.64it/s]
Processing frames:   6%|▋         | 28/437 [00:10<02:34,  2.65it/s]
Processing frames:   7%|▋         | 29/437 [00:11<02:41,  2.53it/s]
Processing frames:   7%|▋         | 30/437 [00:11<02:40,  2.54it/s]
Processing frames:   7%|▋         | 31/437 [00:12<02:42,  2.49it/s]
Processing frames:   7%|▋         | 32/437 [00:12<02:39,  2.53it/s]
Processing frames:   8%|▊         | 33/437 [00:12<02:41,  2.51it/s]
Processing frames:   8%|▊         | 34/437 [00:13<02:39,  2.52it/s]
Processing frames:   8%|▊         | 35/437 [00:13<02:37,  2.55it/s]
Processing frames:   8%|▊         | 36/437 [00:14<02:36,  2.57it/s]
Processing frames:   8%|▊         | 37/437 [00:14<02:35,  2.58it/s]
Processing frames:   9%|▊         | 38/437 [00:14<02:34,  2.57it/s]
Processing frames:   9%|▉         | 39/437 [00:15<02:34,  2.57it/s]
Processing frames:   9%|▉         | 40/437 [00:15<02:37,  2.53it/s]
Processing frames:   9%|▉         | 41/437 [00:16<02:34,  2.57it/s]
Processing frames:  10%|▉         | 42/437 [00:16<02:32,  2.59it/s]
Processing frames:  10%|▉         | 43/437 [00:16<02:31,  2.60it/s]
Processing frames:  10%|█         | 44/437 [00:17<02:29,  2.63it/s]
Processing frames:  10%|█         | 45/437 [00:17<02:28,  2.63it/s]
Processing frames:  11%|█         | 46/437 [00:17<02:29,  2.62it/s]
Processing frames:  11%|█         | 47/437 [00:18<02:31,  2.58it/s]
Processing frames:  11%|█         | 48/437 [00:18<02:31,  2.57it/s]
Processing frames:  11%|█         | 49/437 [00:19<02:30,  2.58it/s]
Processing frames:  11%|█▏        | 50/437 [00:19<02:30,  2.56it/s]
Processing frames:  12%|█▏        | 51/437 [00:19<02:32,  2.54it/s]
Processing frames:  12%|█▏        | 52/437 [00:20<02:34,  2.50it/s]
Processing frames:  12%|█▏        | 53/437 [00:20<02:32,  2.51it/s]
Processing frames:  12%|█▏        | 54/437 [00:21<02:33,  2.50it/s]
Processing frames:  13%|█▎        | 55/437 [00:21<02:33,  2.48it/s]
Processing frames:  13%|█▎        | 56/437 [00:21<02:31,  2.52it/s]
Processing frames:  13%|█▎        | 57/437 [00:22<02:29,  2.55it/s]
Processing frames:  13%|█▎        | 58/437 [00:22<02:28,  2.55it/s]
Processing frames:  14%|█▎        | 59/437 [00:23<02:29,  2.52it/s]
Processing frames:  14%|█▎        | 60/437 [00:23<02:29,  2.52it/s]
Processing frames:  14%|█▍        | 61/437 [00:23<02:28,  2.53it/s]
Processing frames:  14%|█▍        | 62/437 [00:24<02:26,  2.55it/s]
Processing frames:  14%|█▍        | 63/437 [00:24<02:25,  2.56it/s]
Processing frames:  15%|█▍        | 64/437 [00:25<02:25,  2.56it/s]
Processing frames:  15%|█▍        | 65/437 [00:25<02:24,  2.57it/s]
Processing frames:  15%|█▌        | 66/437 [00:25<02:29,  2.49it/s]
Processing frames:  15%|█▌        | 67/437 [00:26<02:30,  2.45it/s]
Processing frames:  16%|█▌        | 68/437 [00:26<02:29,  2.47it/s]
Processing frames:  16%|█▌        | 69/437 [00:27<02:30,  2.45it/s]
Processing frames:  16%|█▌        | 70/437 [00:27<02:35,  2.36it/s]
Processing frames:  16%|█▌        | 71/437 [00:27<02:30,  2.43it/s]
Processing frames:  16%|█▋        | 72/437 [00:28<02:27,  2.48it/s]
Processing frames:  17%|█▋        | 73/437 [00:28<02:26,  2.49it/s]
Processing frames:  17%|█▋        | 74/437 [00:29<02:23,  2.53it/s]
Processing frames:  17%|█▋        | 75/437 [00:29<02:23,  2.52it/s]
Processing frames:  17%|█▋        | 76/437 [00:30<02:39,  2.27it/s]
Processing frames:  18%|█▊        | 77/437 [00:30<02:34,  2.33it/s]
Processing frames:  18%|█▊        | 78/437 [00:30<02:31,  2.37it/s]
Processing frames:  18%|█▊        | 79/437 [00:31<02:28,  2.41it/s]
Processing frames:  18%|█▊        | 80/437 [00:31<02:26,  2.43it/s]
Processing frames:  19%|█▊        | 81/437 [00:32<02:26,  2.42it/s]
Processing frames:  19%|█▉        | 82/437 [00:32<02:25,  2.44it/s]
Processing frames:  19%|█▉        | 83/437 [00:32<02:25,  2.43it/s]
Processing frames:  19%|█▉        | 84/437 [00:33<02:25,  2.42it/s]
Processing frames:  19%|█▉        | 85/437 [00:33<02:25,  2.42it/s]
Processing frames:  20%|█▉        | 86/437 [00:34<02:23,  2.44it/s]
Processing frames:  20%|█▉        | 87/437 [00:34<02:23,  2.44it/s]
Processing frames:  20%|██        | 88/437 [00:35<02:24,  2.42it/s]
Processing frames:  20%|██        | 89/437 [00:35<02:27,  2.36it/s]
Processing frames:  21%|██        | 90/437 [00:35<02:25,  2.39it/s]
Processing frames:  21%|██        | 91/437 [00:36<02:22,  2.42it/s]
Processing frames:  21%|██        | 92/437 [00:36<02:33,  2.24it/s]
Processing frames:  21%|██▏       | 93/437 [00:37<02:31,  2.27it/s]
Processing frames:  22%|██▏       | 94/437 [00:37<02:26,  2.34it/s]
Processing frames:  22%|██▏       | 95/437 [00:38<02:32,  2.25it/s]
Processing frames:  22%|██▏       | 96/437 [00:38<02:27,  2.31it/s]
Processing frames:  22%|██▏       | 97/437 [00:38<02:23,  2.36it/s]
Processing frames:  22%|██▏       | 98/437 [00:39<02:22,  2.38it/s]
Processing frames:  23%|██▎       | 99/437 [00:39<02:20,  2.41it/s]
Processing frames:  23%|██▎       | 100/437 [00:40<02:18,  2.43it/s]
Processing frames:  23%|██▎       | 101/437 [00:40<02:17,  2.45it/s]
Processing frames:  23%|██▎       | 102/437 [00:40<02:15,  2.47it/s]
Processing frames:  24%|██▎       | 103/437 [00:41<02:19,  2.40it/s]
Processing frames:  24%|██▍       | 104/437 [00:41<02:18,  2.40it/s]
Processing frames:  24%|██▍       | 105/437 [00:42<02:20,  2.36it/s]
Processing frames:  24%|██▍       | 106/437 [00:42<02:18,  2.39it/s]
Processing frames:  24%|██▍       | 107/437 [00:43<02:19,  2.36it/s]
Processing frames:  25%|██▍       | 108/437 [00:43<02:18,  2.37it/s]
Processing frames:  25%|██▍       | 109/437 [00:43<02:16,  2.40it/s]
Processing frames:  25%|██▌       | 110/437 [00:44<02:18,  2.36it/s]
Processing frames:  25%|██▌       | 111/437 [00:44<02:16,  2.38it/s]
Processing frames:  26%|██▌       | 112/437 [00:45<02:14,  2.41it/s]
Processing frames:  26%|██▌       | 113/437 [00:45<02:13,  2.43it/s]
Processing frames:  26%|██▌       | 114/437 [00:45<02:09,  2.49it/s]
Processing frames:  26%|██▋       | 115/437 [00:46<02:08,  2.51it/s]
Processing frames:  27%|██▋       | 116/437 [00:46<02:06,  2.53it/s]
Processing frames:  27%|██▋       | 117/437 [00:47<02:09,  2.48it/s]
Processing frames:  27%|██▋       | 118/437 [00:47<02:06,  2.52it/s]
Processing frames:  27%|██▋       | 119/437 [00:47<02:05,  2.53it/s]
Processing frames:  27%|██▋       | 120/437 [00:48<02:03,  2.57it/s]
Processing frames:  28%|██▊       | 121/437 [00:48<02:01,  2.59it/s]
Processing frames:  28%|██▊       | 122/437 [00:49<02:00,  2.60it/s]
Processing frames:  28%|██▊       | 123/437 [00:49<01:59,  2.62it/s]
Processing frames:  28%|██▊       | 124/437 [00:49<01:59,  2.63it/s]
Processing frames:  29%|██▊       | 125/437 [00:50<01:59,  2.60it/s]
Processing frames:  29%|██▉       | 126/437 [00:50<01:58,  2.62it/s]
Processing frames:  29%|██▉       | 127/437 [00:50<01:57,  2.63it/s]
Processing frames:  29%|██▉       | 128/437 [00:51<01:56,  2.65it/s]
Processing frames:  30%|██▉       | 129/437 [00:51<01:56,  2.64it/s]
Processing frames:  30%|██▉       | 130/437 [00:52<02:05,  2.44it/s]
Processing frames:  30%|██▉       | 131/437 [00:52<02:02,  2.51it/s]
Processing frames:  30%|███       | 132/437 [00:52<01:59,  2.55it/s]
Processing frames:  30%|███       | 133/437 [00:53<01:57,  2.59it/s]
Processing frames:  31%|███       | 134/437 [00:53<01:56,  2.60it/s]
Processing frames:  31%|███       | 135/437 [00:54<01:57,  2.57it/s]
Processing frames:  31%|███       | 136/437 [00:54<01:55,  2.61it/s]
Processing frames:  31%|███▏      | 137/437 [00:54<01:55,  2.61it/s]
Processing frames:  32%|███▏      | 138/437 [00:55<01:54,  2.60it/s]
Processing frames:  32%|███▏      | 139/437 [00:55<01:54,  2.60it/s]
Processing frames:  32%|███▏      | 140/437 [00:55<01:54,  2.60it/s]
Processing frames:  32%|███▏      | 141/437 [00:56<01:54,  2.59it/s]
Processing frames:  32%|███▏      | 142/437 [00:56<01:53,  2.61it/s]
Processing frames:  33%|███▎      | 143/437 [00:57<01:53,  2.60it/s]
Processing frames:  33%|███▎      | 144/437 [00:57<01:51,  2.62it/s]
Processing frames:  33%|███▎      | 145/437 [00:57<01:50,  2.64it/s]
Processing frames:  33%|███▎      | 146/437 [00:58<01:49,  2.65it/s]
Processing frames:  34%|███▎      | 147/437 [00:58<01:50,  2.63it/s]
Processing frames:  34%|███▍      | 148/437 [00:59<01:49,  2.64it/s]
Processing frames:  34%|███▍      | 149/437 [00:59<01:49,  2.64it/s]
Processing frames:  34%|███▍      | 150/437 [00:59<01:51,  2.58it/s]
Processing frames:  35%|███▍      | 151/437 [01:00<01:49,  2.60it/s]
Processing frames:  35%|███▍      | 152/437 [01:00<01:49,  2.59it/s]
Processing frames:  35%|███▌      | 153/437 [01:00<01:52,  2.51it/s]
Processing frames:  35%|███▌      | 154/437 [01:01<01:51,  2.54it/s]
Processing frames:  35%|███▌      | 155/437 [01:01<01:49,  2.57it/s]
Processing frames:  36%|███▌      | 156/437 [01:02<01:49,  2.57it/s]
Processing frames:  36%|███▌      | 157/437 [01:02<01:49,  2.55it/s]
Processing frames:  36%|███▌      | 158/437 [01:02<01:48,  2.56it/s]
Processing frames:  36%|███▋      | 159/437 [01:03<01:51,  2.50it/s]
Processing frames:  37%|███▋      | 160/437 [01:03<01:49,  2.54it/s]
Processing frames:  37%|███▋      | 161/437 [01:04<01:48,  2.54it/s]
Processing frames:  37%|███▋      | 162/437 [01:04<01:47,  2.57it/s]
Processing frames:  37%|███▋      | 163/437 [01:04<01:46,  2.57it/s]
Processing frames:  38%|███▊      | 164/437 [01:05<01:46,  2.55it/s]
Processing frames:  38%|███▊      | 165/437 [01:05<01:45,  2.57it/s]
Processing frames:  38%|███▊      | 166/437 [01:06<01:45,  2.57it/s]
Processing frames:  38%|███▊      | 167/437 [01:06<01:45,  2.55it/s]
Processing frames:  38%|███▊      | 168/437 [01:06<01:46,  2.52it/s]
Processing frames:  39%|███▊      | 169/437 [01:07<01:45,  2.55it/s]
Processing frames:  39%|███▉      | 170/437 [01:07<01:45,  2.54it/s]
Processing frames:  39%|███▉      | 171/437 [01:08<01:44,  2.55it/s]
Processing frames:  39%|███▉      | 172/437 [01:08<01:43,  2.55it/s]
Processing frames:  40%|███▉      | 173/437 [01:08<01:42,  2.57it/s]
Processing frames:  40%|███▉      | 174/437 [01:09<01:42,  2.58it/s]
Processing frames:  40%|████      | 175/437 [01:09<01:42,  2.55it/s]
Processing frames:  40%|████      | 176/437 [01:10<01:44,  2.50it/s]
Processing frames:  41%|████      | 177/437 [01:10<01:43,  2.52it/s]
Processing frames:  41%|████      | 178/437 [01:10<01:41,  2.54it/s]
Processing frames:  41%|████      | 179/437 [01:11<01:40,  2.56it/s]
Processing frames:  41%|████      | 180/437 [01:11<01:39,  2.57it/s]
Processing frames:  41%|████▏     | 181/437 [01:11<01:39,  2.58it/s]
Processing frames:  42%|████▏     | 182/437 [01:12<01:38,  2.59it/s]
Processing frames:  42%|████▏     | 183/437 [01:12<01:38,  2.58it/s]
Processing frames:  42%|████▏     | 184/437 [01:13<01:39,  2.54it/s]
Processing frames:  42%|████▏     | 185/437 [01:13<01:40,  2.52it/s]
Processing frames:  43%|████▎     | 186/437 [01:13<01:39,  2.51it/s]
Processing frames:  43%|████▎     | 187/437 [01:14<01:40,  2.48it/s]
Processing frames:  43%|████▎     | 188/437 [01:14<01:41,  2.46it/s]
Processing frames:  43%|████▎     | 189/437 [01:15<01:40,  2.47it/s]
Processing frames:  43%|████▎     | 190/437 [01:15<01:41,  2.43it/s]
Processing frames:  44%|████▎     | 191/437 [01:15<01:40,  2.45it/s]
Processing frames:  44%|████▍     | 192/437 [01:16<01:39,  2.46it/s]
Processing frames:  44%|████▍     | 193/437 [01:16<01:38,  2.47it/s]
Processing frames:  44%|████▍     | 194/437 [01:17<01:44,  2.33it/s]
Processing frames:  45%|████▍     | 195/437 [01:17<01:41,  2.39it/s]
Processing frames:  45%|████▍     | 196/437 [01:18<01:39,  2.43it/s]
Processing frames:  45%|████▌     | 197/437 [01:18<01:36,  2.49it/s]
Processing frames:  45%|████▌     | 198/437 [01:18<01:34,  2.52it/s]
Processing frames:  46%|████▌     | 199/437 [01:19<01:34,  2.53it/s]
Processing frames:  46%|████▌     | 200/437 [01:19<01:33,  2.53it/s]
Processing frames:  46%|████▌     | 201/437 [01:20<01:34,  2.49it/s]
Processing frames:  46%|████▌     | 202/437 [01:20<01:34,  2.50it/s]
Processing frames:  46%|████▋     | 203/437 [01:20<01:36,  2.41it/s]
Processing frames:  47%|████▋     | 204/437 [01:21<01:34,  2.46it/s]
Processing frames:  47%|████▋     | 205/437 [01:21<01:33,  2.48it/s]
Processing frames:  47%|████▋     | 206/437 [01:22<01:32,  2.51it/s]
Processing frames:  47%|████▋     | 207/437 [01:22<01:30,  2.53it/s]
Processing frames:  48%|████▊     | 208/437 [01:22<01:29,  2.56it/s]
Processing frames:  48%|████▊     | 209/437 [01:23<01:28,  2.56it/s]
Processing frames:  48%|████▊     | 210/437 [01:23<01:30,  2.51it/s]
Processing frames:  48%|████▊     | 211/437 [01:24<01:29,  2.52it/s]
Processing frames:  49%|████▊     | 212/437 [01:24<01:29,  2.51it/s]
Processing frames:  49%|████▊     | 213/437 [01:24<01:27,  2.55it/s]
Processing frames:  49%|████▉     | 214/437 [01:25<01:28,  2.51it/s]
Processing frames:  49%|████▉     | 215/437 [01:25<01:27,  2.55it/s]
Processing frames:  49%|████▉     | 216/437 [01:25<01:26,  2.55it/s]
Processing frames:  50%|████▉     | 217/437 [01:26<01:25,  2.57it/s]
Processing frames:  50%|████▉     | 218/437 [01:26<01:24,  2.58it/s]
Processing frames:  50%|█████     | 219/437 [01:27<01:23,  2.60it/s]
Processing frames:  50%|█████     | 220/437 [01:27<01:23,  2.60it/s]
Processing frames:  51%|█████     | 221/437 [01:27<01:22,  2.60it/s]
Processing frames:  51%|█████     | 222/437 [01:28<01:22,  2.60it/s]
Processing frames:  51%|█████     | 223/437 [01:28<01:22,  2.60it/s]
Processing frames:  51%|█████▏    | 224/437 [01:29<01:22,  2.59it/s]
Processing frames:  51%|█████▏    | 225/437 [01:29<01:21,  2.61it/s]
Processing frames:  52%|█████▏    | 226/437 [01:29<01:21,  2.60it/s]
Processing frames:  52%|█████▏    | 227/437 [01:30<01:20,  2.60it/s]
Processing frames:  52%|█████▏    | 228/437 [01:30<01:22,  2.53it/s]
Processing frames:  52%|█████▏    | 229/437 [01:31<01:23,  2.50it/s]
Processing frames:  53%|█████▎    | 230/437 [01:31<01:22,  2.52it/s]
Processing frames:  53%|█████▎    | 231/437 [01:31<01:22,  2.51it/s]
Processing frames:  53%|█████▎    | 232/437 [01:32<01:22,  2.50it/s]
Processing frames:  53%|█████▎    | 233/437 [01:32<01:20,  2.53it/s]
Processing frames:  54%|█████▎    | 234/437 [01:33<01:21,  2.49it/s]
Processing frames:  54%|█████▍    | 235/437 [01:33<01:20,  2.52it/s]
Processing frames:  54%|█████▍    | 236/437 [01:33<01:19,  2.54it/s]
Processing frames:  54%|█████▍    | 237/437 [01:34<01:19,  2.53it/s]
Processing frames:  54%|█████▍    | 238/437 [01:34<01:20,  2.48it/s]
Processing frames:  55%|█████▍    | 239/437 [01:34<01:18,  2.52it/s]
Processing frames:  55%|█████▍    | 240/437 [01:35<01:18,  2.52it/s]
Processing frames:  55%|█████▌    | 241/437 [01:35<01:17,  2.52it/s]
Processing frames:  55%|█████▌    | 242/437 [01:36<01:17,  2.52it/s]
Processing frames:  56%|█████▌    | 243/437 [01:36<01:16,  2.55it/s]
Processing frames:  56%|█████▌    | 244/437 [01:36<01:15,  2.56it/s]
Processing frames:  56%|█████▌    | 245/437 [01:37<01:15,  2.53it/s]
Processing frames:  56%|█████▋    | 246/437 [01:37<01:15,  2.53it/s]
Processing frames:  57%|█████▋    | 247/437 [01:38<01:15,  2.50it/s]
Processing frames:  57%|█████▋    | 248/437 [01:38<01:14,  2.53it/s]
Processing frames:  57%|█████▋    | 249/437 [01:38<01:15,  2.50it/s]
Processing frames:  57%|█████▋    | 250/437 [01:39<01:13,  2.53it/s]
Processing frames:  57%|█████▋    | 251/437 [01:39<01:14,  2.51it/s]
Processing frames:  58%|█████▊    | 252/437 [01:40<01:14,  2.47it/s]
Processing frames:  58%|█████▊    | 253/437 [01:40<01:13,  2.52it/s]
Processing frames:  58%|█████▊    | 254/437 [01:40<01:11,  2.54it/s]
Processing frames:  58%|█████▊    | 255/437 [01:41<01:11,  2.55it/s]
Processing frames:  59%|█████▊    | 256/437 [01:41<01:11,  2.54it/s]
Processing frames:  59%|█████▉    | 257/437 [01:42<01:09,  2.57it/s]
Processing frames:  59%|█████▉    | 258/437 [01:42<01:09,  2.58it/s]
Processing frames:  59%|█████▉    | 259/437 [01:42<01:10,  2.53it/s]
Processing frames:  59%|█████▉    | 260/437 [01:43<01:09,  2.56it/s]
Processing frames:  60%|█████▉    | 261/437 [01:43<01:08,  2.57it/s]
Processing frames:  60%|█████▉    | 262/437 [01:44<01:09,  2.53it/s]
Processing frames:  60%|██████    | 263/437 [01:44<01:07,  2.57it/s]
Processing frames:  60%|██████    | 264/437 [01:44<01:07,  2.58it/s]
Processing frames:  61%|██████    | 265/437 [01:45<01:09,  2.47it/s]
Processing frames:  61%|██████    | 266/437 [01:45<01:07,  2.53it/s]
Processing frames:  61%|██████    | 267/437 [01:46<01:06,  2.57it/s]
Processing frames:  61%|██████▏   | 268/437 [01:46<01:05,  2.60it/s]
Processing frames:  62%|██████▏   | 269/437 [01:46<01:04,  2.62it/s]
Processing frames:  62%|██████▏   | 270/437 [01:47<01:04,  2.59it/s]
Processing frames:  62%|██████▏   | 271/437 [01:47<01:04,  2.56it/s]
Processing frames:  62%|██████▏   | 272/437 [01:47<01:03,  2.58it/s]
Processing frames:  62%|██████▏   | 273/437 [01:48<01:03,  2.60it/s]
Processing frames:  63%|██████▎   | 274/437 [01:48<01:03,  2.58it/s]
Processing frames:  63%|██████▎   | 275/437 [01:49<01:02,  2.61it/s]
Processing frames:  63%|██████▎   | 276/437 [01:49<01:03,  2.53it/s]
Processing frames:  63%|██████▎   | 277/437 [01:49<01:02,  2.57it/s]
Processing frames:  64%|██████▎   | 278/437 [01:50<01:01,  2.59it/s]
Processing frames:  64%|██████▍   | 279/437 [01:50<01:00,  2.60it/s]
Processing frames:  64%|██████▍   | 280/437 [01:51<01:00,  2.58it/s]
Processing frames:  64%|██████▍   | 281/437 [01:51<01:00,  2.58it/s]
Processing frames:  65%|██████▍   | 282/437 [01:51<01:00,  2.55it/s]
Processing frames:  65%|██████▍   | 283/437 [01:52<00:59,  2.58it/s]
Processing frames:  65%|██████▍   | 284/437 [01:52<00:59,  2.58it/s]
Processing frames:  65%|██████▌   | 285/437 [01:52<00:58,  2.60it/s]
Processing frames:  65%|██████▌   | 286/437 [01:53<01:07,  2.23it/s]
Processing frames:  66%|██████▌   | 287/437 [01:53<01:05,  2.28it/s]
Processing frames:  66%|██████▌   | 288/437 [01:54<01:02,  2.38it/s]
Processing frames:  66%|██████▌   | 289/437 [01:54<01:00,  2.46it/s]
Processing frames:  66%|██████▋   | 290/437 [01:55<00:59,  2.49it/s]
Processing frames:  67%|██████▋   | 291/437 [01:55<00:58,  2.48it/s]
Processing frames:  67%|██████▋   | 292/437 [01:55<00:57,  2.50it/s]
Processing frames:  67%|██████▋   | 293/437 [01:56<00:56,  2.55it/s]
Processing frames:  67%|██████▋   | 294/437 [01:56<00:55,  2.58it/s]
Processing frames:  68%|██████▊   | 295/437 [01:57<00:54,  2.60it/s]
Processing frames:  68%|██████▊   | 296/437 [01:57<00:55,  2.56it/s]
Processing frames:  68%|██████▊   | 297/437 [01:57<00:56,  2.49it/s]
Processing frames:  68%|██████▊   | 298/437 [01:58<00:55,  2.50it/s]
Processing frames:  68%|██████▊   | 299/437 [01:58<00:54,  2.51it/s]
Processing frames:  69%|██████▊   | 300/437 [01:59<00:53,  2.55it/s]
Processing frames:  69%|██████▉   | 301/437 [01:59<00:52,  2.58it/s]
Processing frames:  69%|██████▉   | 302/437 [01:59<00:52,  2.55it/s]
Processing frames:  69%|██████▉   | 303/437 [02:00<00:52,  2.56it/s]
Processing frames:  70%|██████▉   | 304/437 [02:00<00:51,  2.57it/s]
Processing frames:  70%|██████▉   | 305/437 [02:01<00:51,  2.57it/s]
Processing frames:  70%|███████   | 306/437 [02:01<00:51,  2.54it/s]
Processing frames:  70%|███████   | 307/437 [02:01<00:50,  2.55it/s]
Processing frames:  70%|███████   | 308/437 [02:02<00:51,  2.53it/s]
Processing frames:  71%|███████   | 309/437 [02:02<00:50,  2.55it/s]
Processing frames:  71%|███████   | 310/437 [02:03<00:53,  2.37it/s]
Processing frames:  71%|███████   | 311/437 [02:03<00:52,  2.41it/s]
Processing frames:  71%|███████▏  | 312/437 [02:03<00:51,  2.42it/s]
Processing frames:  72%|███████▏  | 313/437 [02:04<00:50,  2.47it/s]
Processing frames:  72%|███████▏  | 314/437 [02:04<00:49,  2.47it/s]
Processing frames:  72%|███████▏  | 315/437 [02:05<00:48,  2.49it/s]
Processing frames:  72%|███████▏  | 316/437 [02:05<00:48,  2.52it/s]
Processing frames:  73%|███████▎  | 317/437 [02:05<00:48,  2.50it/s]
Processing frames:  73%|███████▎  | 318/437 [02:06<00:47,  2.51it/s]
Processing frames:  73%|███████▎  | 319/437 [02:06<00:46,  2.55it/s]
Processing frames:  73%|███████▎  | 320/437 [02:07<00:45,  2.58it/s]
Processing frames:  73%|███████▎  | 321/437 [02:07<00:45,  2.57it/s]
Processing frames:  74%|███████▎  | 322/437 [02:07<00:44,  2.60it/s]
Processing frames:  74%|███████▍  | 323/437 [02:08<00:44,  2.58it/s]
Processing frames:  74%|███████▍  | 324/437 [02:08<00:43,  2.60it/s]
Processing frames:  74%|███████▍  | 325/437 [02:08<00:42,  2.62it/s]
Processing frames:  75%|███████▍  | 326/437 [02:09<00:42,  2.60it/s]
Processing frames:  75%|███████▍  | 327/437 [02:09<00:42,  2.60it/s]
Processing frames:  75%|███████▌  | 328/437 [02:10<00:42,  2.59it/s]
Processing frames:  75%|███████▌  | 329/437 [02:10<00:41,  2.59it/s]
Processing frames:  76%|███████▌  | 330/437 [02:10<00:42,  2.51it/s]
Processing frames:  76%|███████▌  | 331/437 [02:11<00:44,  2.37it/s]
Processing frames:  76%|███████▌  | 332/437 [02:11<00:42,  2.45it/s]
Processing frames:  76%|███████▌  | 333/437 [02:12<00:41,  2.48it/s]
Processing frames:  76%|███████▋  | 334/437 [02:12<00:40,  2.53it/s]
Processing frames:  77%|███████▋  | 335/437 [02:13<00:46,  2.21it/s]
Processing frames:  77%|███████▋  | 336/437 [02:13<00:43,  2.32it/s]
Processing frames:  77%|███████▋  | 337/437 [02:13<00:41,  2.39it/s]
Processing frames:  77%|███████▋  | 338/437 [02:14<00:40,  2.45it/s]
Processing frames:  78%|███████▊  | 339/437 [02:14<00:40,  2.45it/s]
Processing frames:  78%|███████▊  | 340/437 [02:15<00:38,  2.50it/s]
Processing frames:  78%|███████▊  | 341/437 [02:15<00:44,  2.16it/s]
Processing frames:  78%|███████▊  | 342/437 [02:16<00:41,  2.29it/s]
Processing frames:  78%|███████▊  | 343/437 [02:16<00:39,  2.37it/s]
Processing frames:  79%|███████▊  | 344/437 [02:16<00:37,  2.45it/s]
Processing frames:  79%|███████▉  | 345/437 [02:17<00:36,  2.51it/s]
Processing frames:  79%|███████▉  | 346/437 [02:17<00:35,  2.55it/s]
Processing frames:  79%|███████▉  | 347/437 [02:17<00:34,  2.59it/s]
Processing frames:  80%|███████▉  | 348/437 [02:18<00:34,  2.57it/s]
Processing frames:  80%|███████▉  | 349/437 [02:18<00:34,  2.56it/s]
Processing frames:  80%|████████  | 350/437 [02:19<00:33,  2.59it/s]
Processing frames:  80%|████████  | 351/437 [02:19<00:33,  2.57it/s]
Processing frames:  81%|████████  | 352/437 [02:19<00:33,  2.53it/s]
Processing frames:  81%|████████  | 353/437 [02:20<00:33,  2.50it/s]
Processing frames:  81%|████████  | 354/437 [02:20<00:32,  2.54it/s]
Processing frames:  81%|████████  | 355/437 [02:21<00:32,  2.55it/s]
Processing frames:  81%|████████▏ | 356/437 [02:21<00:31,  2.56it/s]
Processing frames:  82%|████████▏ | 357/437 [02:21<00:32,  2.46it/s]
Processing frames:  82%|████████▏ | 358/437 [02:22<00:32,  2.46it/s]
Processing frames:  82%|████████▏ | 359/437 [02:22<00:31,  2.49it/s]
Processing frames:  82%|████████▏ | 360/437 [02:23<00:30,  2.53it/s]
Processing frames:  83%|████████▎ | 361/437 [02:23<00:29,  2.54it/s]
Processing frames:  83%|████████▎ | 362/437 [02:23<00:29,  2.55it/s]
Processing frames:  83%|████████▎ | 363/437 [02:24<00:29,  2.53it/s]
Processing frames:  83%|████████▎ | 364/437 [02:24<00:28,  2.53it/s]
Processing frames:  84%|████████▎ | 365/437 [02:25<00:28,  2.56it/s]
Processing frames:  84%|████████▍ | 366/437 [02:25<00:28,  2.53it/s]
Processing frames:  84%|████████▍ | 367/437 [02:25<00:27,  2.52it/s]
Processing frames:  84%|████████▍ | 368/437 [02:26<00:27,  2.53it/s]
Processing frames:  84%|████████▍ | 369/437 [02:26<00:27,  2.49it/s]
Processing frames:  85%|████████▍ | 370/437 [02:27<00:26,  2.51it/s]
Processing frames:  85%|████████▍ | 371/437 [02:27<00:30,  2.17it/s]
Processing frames:  85%|████████▌ | 372/437 [02:28<00:28,  2.28it/s]
Processing frames:  85%|████████▌ | 373/437 [02:28<00:27,  2.34it/s]
Processing frames:  86%|████████▌ | 374/437 [02:28<00:26,  2.41it/s]
Processing frames:  86%|████████▌ | 375/437 [02:29<00:25,  2.45it/s]
Processing frames:  86%|████████▌ | 376/437 [02:29<00:24,  2.46it/s]
Processing frames:  86%|████████▋ | 377/437 [02:30<00:24,  2.47it/s]
Processing frames:  86%|████████▋ | 378/437 [02:30<00:23,  2.50it/s]
Processing frames:  87%|████████▋ | 379/437 [02:30<00:23,  2.49it/s]
Processing frames:  87%|████████▋ | 380/437 [02:31<00:23,  2.43it/s]
Processing frames:  87%|████████▋ | 381/437 [02:31<00:22,  2.47it/s]
Processing frames:  87%|████████▋ | 382/437 [02:32<00:21,  2.50it/s]
Processing frames:  88%|████████▊ | 383/437 [02:32<00:21,  2.52it/s]
Processing frames:  88%|████████▊ | 384/437 [02:32<00:21,  2.50it/s]
Processing frames:  88%|████████▊ | 385/437 [02:33<00:20,  2.48it/s]
Processing frames:  88%|████████▊ | 386/437 [02:33<00:20,  2.50it/s]
Processing frames:  89%|████████▊ | 387/437 [02:34<00:19,  2.53it/s]
Processing frames:  89%|████████▉ | 388/437 [02:34<00:19,  2.53it/s]
Processing frames:  89%|████████▉ | 389/437 [02:34<00:18,  2.55it/s]
Processing frames:  89%|████████▉ | 390/437 [02:35<00:18,  2.55it/s]
Processing frames:  89%|████████▉ | 391/437 [02:35<00:18,  2.53it/s]
Processing frames:  90%|████████▉ | 392/437 [02:35<00:17,  2.55it/s]
Processing frames:  90%|████████▉ | 393/437 [02:36<00:17,  2.54it/s]
Processing frames:  90%|█████████ | 394/437 [02:36<00:17,  2.50it/s]
Processing frames:  90%|█████████ | 395/437 [02:37<00:16,  2.53it/s]
Processing frames:  91%|█████████ | 396/437 [02:37<00:16,  2.52it/s]
Processing frames:  91%|█████████ | 397/437 [02:37<00:16,  2.49it/s]
Processing frames:  91%|█████████ | 398/437 [02:38<00:17,  2.24it/s]
Processing frames:  91%|█████████▏| 399/437 [02:38<00:16,  2.33it/s]
Processing frames:  92%|█████████▏| 400/437 [02:39<00:15,  2.36it/s]
Processing frames:  92%|█████████▏| 401/437 [02:39<00:15,  2.36it/s]
Processing frames:  92%|█████████▏| 402/437 [02:40<00:14,  2.41it/s]
Processing frames:  92%|█████████▏| 403/437 [02:40<00:14,  2.42it/s]
Processing frames:  92%|█████████▏| 404/437 [02:40<00:13,  2.46it/s]
Processing frames:  93%|█████████▎| 405/437 [02:41<00:14,  2.21it/s]
Processing frames:  93%|█████████▎| 406/437 [02:41<00:13,  2.30it/s]
Processing frames:  93%|█████████▎| 407/437 [02:42<00:12,  2.35it/s]
Processing frames:  93%|█████████▎| 408/437 [02:42<00:12,  2.39it/s]
Processing frames:  94%|█████████▎| 409/437 [02:43<00:11,  2.42it/s]
Processing frames:  94%|█████████▍| 410/437 [02:43<00:11,  2.41it/s]
Processing frames:  94%|█████████▍| 411/437 [02:43<00:10,  2.42it/s]
Processing frames:  94%|█████████▍| 412/437 [02:44<00:10,  2.44it/s]
Processing frames:  95%|█████████▍| 413/437 [02:44<00:09,  2.45it/s]
Processing frames:  95%|█████████▍| 414/437 [02:45<00:09,  2.46it/s]
Processing frames:  95%|█████████▍| 415/437 [02:45<00:08,  2.45it/s]
Processing frames:  95%|█████████▌| 416/437 [02:45<00:08,  2.48it/s]
Processing frames:  95%|█████████▌| 417/437 [02:46<00:08,  2.49it/s]
Processing frames:  96%|█████████▌| 418/437 [02:46<00:07,  2.50it/s]
Processing frames:  96%|█████████▌| 419/437 [02:47<00:07,  2.52it/s]
Processing frames:  96%|█████████▌| 420/437 [02:47<00:06,  2.52it/s]
Processing frames:  96%|█████████▋| 421/437 [02:47<00:06,  2.52it/s]
Processing frames:  97%|█████████▋| 422/437 [02:48<00:05,  2.53it/s]
Processing frames:  97%|█████████▋| 423/437 [02:48<00:05,  2.54it/s]
Processing frames:  97%|█████████▋| 424/437 [02:49<00:05,  2.48it/s]
Processing frames:  97%|█████████▋| 425/437 [02:49<00:04,  2.50it/s]
Processing frames:  97%|█████████▋| 426/437 [02:49<00:04,  2.52it/s]
Processing frames:  98%|█████████▊| 427/437 [02:50<00:04,  2.48it/s]
Processing frames:  98%|█████████▊| 428/437 [02:50<00:03,  2.48it/s]
Processing frames:  98%|█████████▊| 429/437 [02:51<00:03,  2.49it/s]
Processing frames:  98%|█████████▊| 430/437 [02:51<00:02,  2.49it/s]
Processing frames:  99%|█████████▊| 431/437 [02:51<00:02,  2.51it/s]
Processing frames:  99%|█████████▉| 432/437 [02:52<00:01,  2.50it/s]
Processing frames:  99%|█████████▉| 433/437 [02:52<00:01,  2.50it/s]
Processing frames:  99%|█████████▉| 434/437 [02:53<00:01,  2.52it/s]
Processing frames: 100%|█████████▉| 435/437 [02:53<00:00,  2.51it/s]
Processing frames: 100%|█████████▉| 436/437 [02:53<00:00,  2.48it/s]
Processing frames: 100%|██████████| 437/437 [02:54<00:00,  2.50it/s]
Processing frames: 100%|██████████| 437/437 [02:54<00:00,  2.51it/s]

Processing frames:   0%|          | 0/537 [00:00<?, ?it/s]
Processing frames:   0%|          | 1/537 [00:00<03:54,  2.29it/s]
Processing frames:   0%|          | 2/537 [00:00<03:43,  2.39it/s]
Processing frames:   1%|          | 3/537 [00:01<03:48,  2.33it/s]
Processing frames:   1%|          | 4/537 [00:01<03:45,  2.36it/s]
Processing frames:   1%|          | 5/537 [00:02<03:43,  2.38it/s]
Processing frames:   1%|          | 6/537 [00:02<03:41,  2.39it/s]
Processing frames:   1%|▏         | 7/537 [00:03<03:53,  2.27it/s]
Processing frames:   1%|▏         | 8/537 [00:03<03:52,  2.27it/s]
Processing frames:   2%|▏         | 9/537 [00:03<03:46,  2.34it/s]
Processing frames:   2%|▏         | 10/537 [00:04<03:43,  2.35it/s]
Processing frames:   2%|▏         | 11/537 [00:04<03:41,  2.37it/s]
Processing frames:   2%|▏         | 12/537 [00:05<03:44,  2.34it/s]
Processing frames:   2%|▏         | 13/537 [00:05<03:42,  2.36it/s]
Processing frames:   3%|▎         | 14/537 [00:05<03:42,  2.35it/s]
Processing frames:   3%|▎         | 15/537 [00:06<04:17,  2.03it/s]
Processing frames:   3%|▎         | 16/537 [00:07<04:02,  2.14it/s]
Processing frames:   3%|▎         | 17/537 [00:07<03:54,  2.22it/s]
Processing frames:   3%|▎         | 18/537 [00:07<03:48,  2.28it/s]
Processing frames:   4%|▎         | 19/537 [00:08<03:41,  2.33it/s]
Processing frames:   4%|▎         | 20/537 [00:08<03:39,  2.35it/s]
Processing frames:   4%|▍         | 21/537 [00:09<03:36,  2.38it/s]
Processing frames:   4%|▍         | 22/537 [00:09<03:34,  2.40it/s]
Processing frames:   4%|▍         | 23/537 [00:09<03:33,  2.41it/s]
Processing frames:   4%|▍         | 24/537 [00:10<03:32,  2.42it/s]
Processing frames:   5%|▍         | 25/537 [00:10<03:31,  2.42it/s]
Processing frames:   5%|▍         | 26/537 [00:11<03:32,  2.41it/s]
Processing frames:   5%|▌         | 27/537 [00:11<03:32,  2.40it/s]
Processing frames:   5%|▌         | 28/537 [00:11<03:31,  2.40it/s]
Processing frames:   5%|▌         | 29/537 [00:12<03:32,  2.39it/s]
Processing frames:   6%|▌         | 30/537 [00:12<03:32,  2.39it/s]
Processing frames:   6%|▌         | 31/537 [00:13<03:29,  2.42it/s]
Processing frames:   6%|▌         | 32/537 [00:13<03:27,  2.43it/s]
Processing frames:   6%|▌         | 33/537 [00:14<03:30,  2.39it/s]
Processing frames:   6%|▋         | 34/537 [00:14<03:29,  2.40it/s]
Processing frames:   7%|▋         | 35/537 [00:14<03:28,  2.40it/s]
Processing frames:   7%|▋         | 36/537 [00:15<03:26,  2.43it/s]
Processing frames:   7%|▋         | 37/537 [00:15<03:27,  2.41it/s]
Processing frames:   7%|▋         | 38/537 [00:16<03:25,  2.43it/s]
Processing frames:   7%|▋         | 39/537 [00:16<03:22,  2.45it/s]
Processing frames:   7%|▋         | 40/537 [00:16<03:21,  2.47it/s]
Processing frames:   8%|▊         | 41/537 [00:17<03:21,  2.47it/s]
Processing frames:   8%|▊         | 42/537 [00:17<03:19,  2.48it/s]
Processing frames:   8%|▊         | 43/537 [00:18<03:22,  2.44it/s]
Processing frames:   8%|▊         | 44/537 [00:18<03:20,  2.46it/s]
Processing frames:   8%|▊         | 45/537 [00:18<03:20,  2.45it/s]
Processing frames:   9%|▊         | 46/537 [00:19<03:22,  2.43it/s]
Processing frames:   9%|▉         | 47/537 [00:19<03:23,  2.41it/s]
Processing frames:   9%|▉         | 48/537 [00:20<03:23,  2.41it/s]
Processing frames:   9%|▉         | 49/537 [00:20<03:21,  2.43it/s]
Processing frames:   9%|▉         | 50/537 [00:21<03:20,  2.43it/s]
Processing frames:   9%|▉         | 51/537 [00:21<03:21,  2.41it/s]
Processing frames:  10%|▉         | 52/537 [00:21<03:19,  2.43it/s]
Processing frames:  10%|▉         | 53/537 [00:22<03:22,  2.39it/s]
Processing frames:  10%|█         | 54/537 [00:22<03:22,  2.39it/s]
Processing frames:  10%|█         | 55/537 [00:23<03:22,  2.39it/s]
Processing frames:  10%|█         | 56/537 [00:23<03:20,  2.40it/s]
Processing frames:  11%|█         | 57/537 [00:23<03:21,  2.38it/s]
Processing frames:  11%|█         | 58/537 [00:24<03:20,  2.39it/s]
Processing frames:  11%|█         | 59/537 [00:24<03:21,  2.37it/s]
Processing frames:  11%|█         | 60/537 [00:25<03:19,  2.39it/s]
Processing frames:  11%|█▏        | 61/537 [00:25<03:19,  2.39it/s]
Processing frames:  12%|█▏        | 62/537 [00:26<03:25,  2.32it/s]
Processing frames:  12%|█▏        | 63/537 [00:26<03:20,  2.36it/s]
Processing frames:  12%|█▏        | 64/537 [00:26<03:17,  2.39it/s]
Processing frames:  12%|█▏        | 65/537 [00:27<03:14,  2.42it/s]
Processing frames:  12%|█▏        | 66/537 [00:27<03:16,  2.40it/s]
Processing frames:  12%|█▏        | 67/537 [00:28<03:14,  2.42it/s]
Processing frames:  13%|█▎        | 68/537 [00:28<03:14,  2.41it/s]
Processing frames:  13%|█▎        | 69/537 [00:28<03:16,  2.38it/s]
Processing frames:  13%|█▎        | 70/537 [00:29<03:15,  2.39it/s]
Processing frames:  13%|█▎        | 71/537 [00:29<03:15,  2.38it/s]
Processing frames:  13%|█▎        | 72/537 [00:30<03:14,  2.39it/s]
Processing frames:  14%|█▎        | 73/537 [00:30<03:15,  2.37it/s]
Processing frames:  14%|█▍        | 74/537 [00:31<03:14,  2.38it/s]
Processing frames:  14%|█▍        | 75/537 [00:31<03:11,  2.41it/s]
Processing frames:  14%|█▍        | 76/537 [00:31<03:09,  2.43it/s]
Processing frames:  14%|█▍        | 77/537 [00:32<03:09,  2.43it/s]
Processing frames:  15%|█▍        | 78/537 [00:32<03:10,  2.41it/s]
Processing frames:  15%|█▍        | 79/537 [00:33<03:10,  2.40it/s]
Processing frames:  15%|█▍        | 80/537 [00:33<03:08,  2.43it/s]
Processing frames:  15%|█▌        | 81/537 [00:33<03:07,  2.43it/s]
Processing frames:  15%|█▌        | 82/537 [00:34<03:11,  2.38it/s]
Processing frames:  15%|█▌        | 83/537 [00:34<03:11,  2.37it/s]
Processing frames:  16%|█▌        | 84/537 [00:35<03:10,  2.38it/s]
Processing frames:  16%|█▌        | 85/537 [00:35<03:09,  2.39it/s]
Processing frames:  16%|█▌        | 86/537 [00:36<03:09,  2.38it/s]
Processing frames:  16%|█▌        | 87/537 [00:36<03:07,  2.41it/s]
Processing frames:  16%|█▋        | 88/537 [00:36<03:06,  2.41it/s]
Processing frames:  17%|█▋        | 89/537 [00:37<03:06,  2.40it/s]
Processing frames:  17%|█▋        | 90/537 [00:37<03:07,  2.39it/s]
Processing frames:  17%|█▋        | 91/537 [00:38<03:07,  2.38it/s]
Processing frames:  17%|█▋        | 92/537 [00:38<03:05,  2.40it/s]
Processing frames:  17%|█▋        | 93/537 [00:39<03:04,  2.40it/s]
Processing frames:  18%|█▊        | 94/537 [00:39<03:04,  2.40it/s]
Processing frames:  18%|█▊        | 95/537 [00:39<03:02,  2.42it/s]
Processing frames:  18%|█▊        | 96/537 [00:40<03:00,  2.44it/s]
Processing frames:  18%|█▊        | 97/537 [00:40<02:59,  2.45it/s]
Processing frames:  18%|█▊        | 98/537 [00:41<02:58,  2.45it/s]
Processing frames:  18%|█▊        | 99/537 [00:41<03:05,  2.36it/s]
Processing frames:  19%|█▊        | 100/537 [00:41<03:03,  2.39it/s]
Processing frames:  19%|█▉        | 101/537 [00:42<03:01,  2.40it/s]
Processing frames:  19%|█▉        | 102/537 [00:42<03:01,  2.40it/s]
Processing frames:  19%|█▉        | 103/537 [00:43<03:01,  2.40it/s]
Processing frames:  19%|█▉        | 104/537 [00:43<03:01,  2.38it/s]
Processing frames:  20%|█▉        | 105/537 [00:43<03:01,  2.38it/s]
Processing frames:  20%|█▉        | 106/537 [00:44<03:02,  2.36it/s]
Processing frames:  20%|█▉        | 107/537 [00:44<03:05,  2.32it/s]
Processing frames:  20%|██        | 108/537 [00:45<03:05,  2.31it/s]
Processing frames:  20%|██        | 109/537 [00:45<03:06,  2.30it/s]
Processing frames:  20%|██        | 110/537 [00:46<03:01,  2.35it/s]
Processing frames:  21%|██        | 111/537 [00:46<03:05,  2.30it/s]
Processing frames:  21%|██        | 112/537 [00:47<03:01,  2.34it/s]
Processing frames:  21%|██        | 113/537 [00:47<02:57,  2.39it/s]
Processing frames:  21%|██        | 114/537 [00:47<02:54,  2.42it/s]
Processing frames:  21%|██▏       | 115/537 [00:48<02:54,  2.42it/s]
Processing frames:  22%|██▏       | 116/537 [00:48<02:57,  2.37it/s]
Processing frames:  22%|██▏       | 117/537 [00:49<02:54,  2.41it/s]
Processing frames:  22%|██▏       | 118/537 [00:49<02:53,  2.42it/s]
Processing frames:  22%|██▏       | 119/537 [00:49<02:53,  2.41it/s]
Processing frames:  22%|██▏       | 120/537 [00:50<02:51,  2.44it/s]
Processing frames:  23%|██▎       | 121/537 [00:50<02:55,  2.37it/s]
Processing frames:  23%|██▎       | 122/537 [00:51<02:54,  2.37it/s]
Processing frames:  23%|██▎       | 123/537 [00:51<02:52,  2.41it/s]
Processing frames:  23%|██▎       | 124/537 [00:51<02:49,  2.43it/s]
Processing frames:  23%|██▎       | 125/537 [00:52<02:48,  2.44it/s]
Processing frames:  23%|██▎       | 126/537 [00:52<02:48,  2.44it/s]
Processing frames:  24%|██▎       | 127/537 [00:53<02:47,  2.44it/s]
Processing frames:  24%|██▍       | 128/537 [00:53<02:48,  2.43it/s]
Processing frames:  24%|██▍       | 129/537 [00:54<02:47,  2.44it/s]
Processing frames:  24%|██▍       | 130/537 [00:54<03:13,  2.10it/s]
Processing frames:  24%|██▍       | 131/537 [00:55<03:05,  2.18it/s]
Processing frames:  25%|██▍       | 132/537 [00:55<02:59,  2.26it/s]
Processing frames:  25%|██▍       | 133/537 [00:55<02:56,  2.28it/s]
Processing frames:  25%|██▍       | 134/537 [00:56<02:53,  2.32it/s]
Processing frames:  25%|██▌       | 135/537 [00:56<02:50,  2.35it/s]
Processing frames:  25%|██▌       | 136/537 [00:57<02:48,  2.38it/s]
Processing frames:  26%|██▌       | 137/537 [00:57<02:45,  2.41it/s]
Processing frames:  26%|██▌       | 138/537 [00:57<02:46,  2.40it/s]
Processing frames:  26%|██▌       | 139/537 [00:58<02:44,  2.41it/s]
Processing frames:  26%|██▌       | 140/537 [00:58<02:48,  2.36it/s]
Processing frames:  26%|██▋       | 141/537 [00:59<02:44,  2.40it/s]
Processing frames:  26%|██▋       | 142/537 [00:59<02:44,  2.40it/s]
Processing frames:  27%|██▋       | 143/537 [01:00<02:45,  2.38it/s]
Processing frames:  27%|██▋       | 144/537 [01:00<02:44,  2.39it/s]
Processing frames:  27%|██▋       | 145/537 [01:00<02:44,  2.38it/s]
Processing frames:  27%|██▋       | 146/537 [01:01<02:43,  2.39it/s]
Processing frames:  27%|██▋       | 147/537 [01:01<02:43,  2.39it/s]
Processing frames:  28%|██▊       | 148/537 [01:02<02:40,  2.42it/s]
Processing frames:  28%|██▊       | 149/537 [01:02<02:41,  2.41it/s]
Processing frames:  28%|██▊       | 150/537 [01:02<02:40,  2.41it/s]
Processing frames:  28%|██▊       | 151/537 [01:03<02:38,  2.43it/s]
Processing frames:  28%|██▊       | 152/537 [01:03<02:38,  2.43it/s]
Processing frames:  28%|██▊       | 153/537 [01:04<02:36,  2.45it/s]
Processing frames:  29%|██▊       | 154/537 [01:04<02:35,  2.46it/s]
Processing frames:  29%|██▉       | 155/537 [01:05<02:38,  2.42it/s]
Processing frames:  29%|██▉       | 156/537 [01:05<02:37,  2.42it/s]
Processing frames:  29%|██▉       | 157/537 [01:05<02:35,  2.45it/s]
Processing frames:  29%|██▉       | 158/537 [01:06<02:35,  2.43it/s]
Processing frames:  30%|██▉       | 159/537 [01:06<02:41,  2.35it/s]
Processing frames:  30%|██▉       | 160/537 [01:07<02:38,  2.37it/s]
Processing frames:  30%|██▉       | 161/537 [01:07<02:36,  2.40it/s]
Processing frames:  30%|███       | 162/537 [01:07<02:39,  2.35it/s]
Processing frames:  30%|███       | 163/537 [01:08<02:36,  2.40it/s]
Processing frames:  31%|███       | 164/537 [01:08<02:35,  2.40it/s]
Processing frames:  31%|███       | 165/537 [01:09<02:33,  2.42it/s]
Processing frames:  31%|███       | 166/537 [01:09<02:33,  2.42it/s]
Processing frames:  31%|███       | 167/537 [01:10<02:31,  2.44it/s]
Processing frames:  31%|███▏      | 168/537 [01:10<02:32,  2.43it/s]
Processing frames:  31%|███▏      | 169/537 [01:10<02:31,  2.44it/s]
Processing frames:  32%|███▏      | 170/537 [01:11<02:32,  2.41it/s]
Processing frames:  32%|███▏      | 171/537 [01:11<02:30,  2.44it/s]
Processing frames:  32%|███▏      | 172/537 [01:12<02:28,  2.46it/s]
Processing frames:  32%|███▏      | 173/537 [01:12<02:30,  2.42it/s]
Processing frames:  32%|███▏      | 174/537 [01:12<02:28,  2.44it/s]
Processing frames:  33%|███▎      | 175/537 [01:13<02:27,  2.45it/s]
Processing frames:  33%|███▎      | 176/537 [01:13<02:26,  2.46it/s]
Processing frames:  33%|███▎      | 177/537 [01:14<02:26,  2.45it/s]
Processing frames:  33%|███▎      | 178/537 [01:14<02:28,  2.42it/s]
Processing frames:  33%|███▎      | 179/537 [01:14<02:28,  2.41it/s]
Processing frames:  34%|███▎      | 180/537 [01:15<02:28,  2.40it/s]
Processing frames:  34%|███▎      | 181/537 [01:15<02:26,  2.43it/s]
Processing frames:  34%|███▍      | 182/537 [01:16<02:26,  2.42it/s]
Processing frames:  34%|███▍      | 183/537 [01:16<02:25,  2.44it/s]
Processing frames:  34%|███▍      | 184/537 [01:17<02:26,  2.42it/s]
Processing frames:  34%|███▍      | 185/537 [01:17<02:26,  2.40it/s]
Processing frames:  35%|███▍      | 186/537 [01:17<02:24,  2.43it/s]
Processing frames:  35%|███▍      | 187/537 [01:18<02:24,  2.42it/s]
Processing frames:  35%|███▌      | 188/537 [01:18<02:23,  2.43it/s]
Processing frames:  35%|███▌      | 189/537 [01:19<02:23,  2.42it/s]
Processing frames:  35%|███▌      | 190/537 [01:19<02:25,  2.38it/s]
Processing frames:  36%|███▌      | 191/537 [01:19<02:25,  2.38it/s]
Processing frames:  36%|███▌      | 192/537 [01:20<02:22,  2.42it/s]
Processing frames:  36%|███▌      | 193/537 [01:20<02:23,  2.40it/s]
Processing frames:  36%|███▌      | 194/537 [01:21<02:23,  2.38it/s]
Processing frames:  36%|███▋      | 195/537 [01:21<02:22,  2.40it/s]
Processing frames:  36%|███▋      | 196/537 [01:22<02:22,  2.39it/s]
Processing frames:  37%|███▋      | 197/537 [01:22<02:24,  2.36it/s]
Processing frames:  37%|███▋      | 198/537 [01:22<02:22,  2.38it/s]
Processing frames:  37%|███▋      | 199/537 [01:23<02:21,  2.39it/s]
Processing frames:  37%|███▋      | 200/537 [01:23<02:20,  2.40it/s]
Processing frames:  37%|███▋      | 201/537 [01:24<02:21,  2.38it/s]
Processing frames:  38%|███▊      | 202/537 [01:24<02:21,  2.37it/s]
Processing frames:  38%|███▊      | 203/537 [01:24<02:19,  2.39it/s]
Processing frames:  38%|███▊      | 204/537 [01:25<02:20,  2.37it/s]
Processing frames:  38%|███▊      | 205/537 [01:25<02:19,  2.38it/s]
Processing frames:  38%|███▊      | 206/537 [01:26<02:17,  2.42it/s]
Processing frames:  39%|███▊      | 207/537 [01:26<02:21,  2.34it/s]
Processing frames:  39%|███▊      | 208/537 [01:27<02:18,  2.37it/s]
Processing frames:  39%|███▉      | 209/537 [01:27<02:18,  2.37it/s]
Processing frames:  39%|███▉      | 210/537 [01:27<02:16,  2.40it/s]
Processing frames:  39%|███▉      | 211/537 [01:28<02:15,  2.40it/s]
Processing frames:  39%|███▉      | 212/537 [01:28<02:15,  2.40it/s]
Processing frames:  40%|███▉      | 213/537 [01:29<02:15,  2.39it/s]
Processing frames:  40%|███▉      | 214/537 [01:29<02:13,  2.43it/s]
Processing frames:  40%|████      | 215/537 [01:29<02:11,  2.45it/s]
Processing frames:  40%|████      | 216/537 [01:30<02:16,  2.36it/s]
Processing frames:  40%|████      | 217/537 [01:30<02:13,  2.40it/s]
Processing frames:  41%|████      | 218/537 [01:31<02:11,  2.43it/s]
Processing frames:  41%|████      | 219/537 [01:31<02:11,  2.41it/s]
Processing frames:  41%|████      | 220/537 [01:32<02:10,  2.42it/s]
Processing frames:  41%|████      | 221/537 [01:32<02:10,  2.41it/s]
Processing frames:  41%|████▏     | 222/537 [01:32<02:12,  2.38it/s]
Processing frames:  42%|████▏     | 223/537 [01:33<02:10,  2.41it/s]
Processing frames:  42%|████▏     | 224/537 [01:33<02:08,  2.43it/s]
Processing frames:  42%|████▏     | 225/537 [01:34<02:07,  2.44it/s]
Processing frames:  42%|████▏     | 226/537 [01:34<02:06,  2.45it/s]
Processing frames:  42%|████▏     | 227/537 [01:34<02:05,  2.46it/s]
Processing frames:  42%|████▏     | 228/537 [01:35<02:08,  2.41it/s]
Processing frames:  43%|████▎     | 229/537 [01:35<02:06,  2.44it/s]
Processing frames:  43%|████▎     | 230/537 [01:36<02:06,  2.42it/s]
Processing frames:  43%|████▎     | 231/537 [01:36<02:05,  2.43it/s]
Processing frames:  43%|████▎     | 232/537 [01:36<02:04,  2.44it/s]
Processing frames:  43%|████▎     | 233/537 [01:37<02:04,  2.43it/s]
Processing frames:  44%|████▎     | 234/537 [01:37<02:03,  2.45it/s]
Processing frames:  44%|████▍     | 235/537 [01:38<02:03,  2.44it/s]
Processing frames:  44%|████▍     | 236/537 [01:38<02:02,  2.45it/s]
Processing frames:  44%|████▍     | 237/537 [01:39<02:01,  2.47it/s]
Processing frames:  44%|████▍     | 238/537 [01:39<02:00,  2.47it/s]
Processing frames:  45%|████▍     | 239/537 [01:39<02:01,  2.45it/s]
Processing frames:  45%|████▍     | 240/537 [01:40<02:02,  2.43it/s]
Processing frames:  45%|████▍     | 241/537 [01:40<02:03,  2.40it/s]
Processing frames:  45%|████▌     | 242/537 [01:41<02:02,  2.40it/s]
Processing frames:  45%|████▌     | 243/537 [01:41<02:02,  2.40it/s]
Processing frames:  45%|████▌     | 244/537 [01:41<02:02,  2.39it/s]
Processing frames:  46%|████▌     | 245/537 [01:42<02:02,  2.38it/s]
Processing frames:  46%|████▌     | 246/537 [01:42<02:01,  2.40it/s]
Processing frames:  46%|████▌     | 247/537 [01:43<02:00,  2.41it/s]
Processing frames:  46%|████▌     | 248/537 [01:43<01:59,  2.42it/s]
Processing frames:  46%|████▋     | 249/537 [01:43<01:59,  2.40it/s]
Processing frames:  47%|████▋     | 250/537 [01:44<02:00,  2.39it/s]
Processing frames:  47%|████▋     | 251/537 [01:44<02:00,  2.37it/s]
Processing frames:  47%|████▋     | 252/537 [01:45<01:58,  2.40it/s]
Processing frames:  47%|████▋     | 253/537 [01:45<01:58,  2.40it/s]
Processing frames:  47%|████▋     | 254/537 [01:46<02:08,  2.20it/s]
Processing frames:  47%|████▋     | 255/537 [01:46<02:05,  2.25it/s]
Processing frames:  48%|████▊     | 256/537 [01:47<02:01,  2.30it/s]
Processing frames:  48%|████▊     | 257/537 [01:47<02:00,  2.32it/s]
Processing frames:  48%|████▊     | 258/537 [01:47<01:58,  2.36it/s]
Processing frames:  48%|████▊     | 259/537 [01:48<01:58,  2.34it/s]
Processing frames:  48%|████▊     | 260/537 [01:48<01:59,  2.33it/s]
Processing frames:  49%|████▊     | 261/537 [01:49<01:57,  2.34it/s]
Processing frames:  49%|████▉     | 262/537 [01:49<01:56,  2.35it/s]
Processing frames:  49%|████▉     | 263/537 [01:50<01:56,  2.36it/s]
Processing frames:  49%|████▉     | 264/537 [01:50<01:57,  2.31it/s]
Processing frames:  49%|████▉     | 265/537 [01:50<01:56,  2.33it/s]
Processing frames:  50%|████▉     | 266/537 [01:51<01:53,  2.38it/s]
Processing frames:  50%|████▉     | 267/537 [01:51<01:53,  2.38it/s]
Processing frames:  50%|████▉     | 268/537 [01:52<01:51,  2.42it/s]
Processing frames:  50%|█████     | 269/537 [01:52<01:51,  2.41it/s]
Processing frames:  50%|█████     | 270/537 [01:52<01:49,  2.44it/s]
Processing frames:  50%|█████     | 271/537 [01:53<01:48,  2.45it/s]
Processing frames:  51%|█████     | 272/537 [01:53<01:48,  2.45it/s]
Processing frames:  51%|█████     | 273/537 [01:54<01:47,  2.45it/s]
Processing frames:  51%|█████     | 274/537 [01:54<01:46,  2.47it/s]
Processing frames:  51%|█████     | 275/537 [01:54<01:47,  2.44it/s]
Processing frames:  51%|█████▏    | 276/537 [01:55<01:46,  2.44it/s]
Processing frames:  52%|█████▏    | 277/537 [01:55<01:46,  2.44it/s]
Processing frames:  52%|█████▏    | 278/537 [01:56<01:44,  2.47it/s]
Processing frames:  52%|█████▏    | 279/537 [01:56<01:43,  2.48it/s]
Processing frames:  52%|█████▏    | 280/537 [01:56<01:43,  2.48it/s]
Processing frames:  52%|█████▏    | 281/537 [01:57<01:43,  2.48it/s]
Processing frames:  53%|█████▎    | 282/537 [01:57<01:44,  2.45it/s]
Processing frames:  53%|█████▎    | 283/537 [01:58<01:44,  2.43it/s]
Processing frames:  53%|█████▎    | 284/537 [01:58<01:42,  2.46it/s]
Processing frames:  53%|█████▎    | 285/537 [01:59<01:45,  2.40it/s]
Processing frames:  53%|█████▎    | 286/537 [01:59<01:43,  2.42it/s]
Processing frames:  53%|█████▎    | 287/537 [01:59<01:43,  2.42it/s]
Processing frames:  54%|█████▎    | 288/537 [02:00<01:42,  2.44it/s]
Processing frames:  54%|█████▍    | 289/537 [02:00<01:41,  2.45it/s]
Processing frames:  54%|█████▍    | 290/537 [02:01<01:40,  2.45it/s]
Processing frames:  54%|█████▍    | 291/537 [02:01<01:40,  2.44it/s]
Processing frames:  54%|█████▍    | 292/537 [02:01<01:39,  2.46it/s]
Processing frames:  55%|█████▍    | 293/537 [02:02<01:39,  2.46it/s]
Processing frames:  55%|█████▍    | 294/537 [02:02<01:38,  2.46it/s]
Processing frames:  55%|█████▍    | 295/537 [02:03<01:37,  2.48it/s]
Processing frames:  55%|█████▌    | 296/537 [02:03<01:36,  2.49it/s]
Processing frames:  55%|█████▌    | 297/537 [02:03<01:38,  2.44it/s]
Processing frames:  55%|█████▌    | 298/537 [02:04<01:38,  2.44it/s]
Processing frames:  56%|█████▌    | 299/537 [02:04<01:38,  2.42it/s]
Processing frames:  56%|█████▌    | 300/537 [02:05<01:41,  2.33it/s]
Processing frames:  56%|█████▌    | 301/537 [02:05<01:39,  2.38it/s]
Processing frames:  56%|█████▌    | 302/537 [02:06<01:38,  2.40it/s]
Processing frames:  56%|█████▋    | 303/537 [02:06<01:37,  2.41it/s]
Processing frames:  57%|█████▋    | 304/537 [02:06<01:38,  2.35it/s]
Processing frames:  57%|█████▋    | 305/537 [02:07<01:37,  2.38it/s]
Processing frames:  57%|█████▋    | 306/537 [02:07<01:35,  2.42it/s]
Processing frames:  57%|█████▋    | 307/537 [02:08<01:38,  2.34it/s]
Processing frames:  57%|█████▋    | 308/537 [02:08<01:35,  2.39it/s]
Processing frames:  58%|█████▊    | 309/537 [02:09<01:36,  2.35it/s]
Processing frames:  58%|█████▊    | 310/537 [02:09<01:35,  2.37it/s]
Processing frames:  58%|█████▊    | 311/537 [02:09<01:33,  2.41it/s]
Processing frames:  58%|█████▊    | 312/537 [02:10<01:32,  2.43it/s]
Processing frames:  58%|█████▊    | 313/537 [02:10<01:31,  2.45it/s]
Processing frames:  58%|█████▊    | 314/537 [02:11<01:30,  2.46it/s]
Processing frames:  59%|█████▊    | 315/537 [02:11<01:30,  2.46it/s]
Processing frames:  59%|█████▉    | 316/537 [02:11<01:28,  2.48it/s]
Processing frames:  59%|█████▉    | 317/537 [02:12<01:28,  2.48it/s]
Processing frames:  59%|█████▉    | 318/537 [02:12<01:29,  2.46it/s]
Processing frames:  59%|█████▉    | 319/537 [02:13<01:28,  2.47it/s]
Processing frames:  60%|█████▉    | 320/537 [02:13<01:28,  2.46it/s]
Processing frames:  60%|█████▉    | 321/537 [02:13<01:27,  2.47it/s]
Processing frames:  60%|█████▉    | 322/537 [02:14<01:28,  2.43it/s]
Processing frames:  60%|██████    | 323/537 [02:14<01:28,  2.42it/s]
Processing frames:  60%|██████    | 324/537 [02:15<01:27,  2.44it/s]
Processing frames:  61%|██████    | 325/537 [02:15<01:27,  2.42it/s]
Processing frames:  61%|██████    | 326/537 [02:15<01:26,  2.43it/s]
Processing frames:  61%|██████    | 327/537 [02:16<01:25,  2.45it/s]
Processing frames:  61%|██████    | 328/537 [02:16<01:25,  2.46it/s]
Processing frames:  61%|██████▏   | 329/537 [02:17<01:29,  2.31it/s]
Processing frames:  61%|██████▏   | 330/537 [02:17<01:27,  2.37it/s]
Processing frames:  62%|██████▏   | 331/537 [02:18<01:25,  2.40it/s]
Processing frames:  62%|██████▏   | 332/537 [02:18<01:25,  2.39it/s]
Processing frames:  62%|██████▏   | 333/537 [02:18<01:24,  2.42it/s]
Processing frames:  62%|██████▏   | 334/537 [02:19<01:23,  2.43it/s]
Processing frames:  62%|██████▏   | 335/537 [02:19<01:23,  2.42it/s]
Processing frames:  63%|██████▎   | 336/537 [02:20<01:22,  2.43it/s]
Processing frames:  63%|██████▎   | 337/537 [02:20<01:22,  2.42it/s]
Processing frames:  63%|██████▎   | 338/537 [02:20<01:23,  2.39it/s]
Processing frames:  63%|██████▎   | 339/537 [02:21<01:22,  2.39it/s]
Processing frames:  63%|██████▎   | 340/537 [02:21<01:21,  2.40it/s]
Processing frames:  64%|██████▎   | 341/537 [02:22<01:24,  2.33it/s]
Processing frames:  64%|██████▎   | 342/537 [02:22<01:22,  2.35it/s]
Processing frames:  64%|██████▍   | 343/537 [02:23<01:21,  2.39it/s]
Processing frames:  64%|██████▍   | 344/537 [02:23<01:21,  2.36it/s]
Processing frames:  64%|██████▍   | 345/537 [02:23<01:20,  2.39it/s]
Processing frames:  64%|██████▍   | 346/537 [02:24<01:19,  2.39it/s]
Processing frames:  65%|██████▍   | 347/537 [02:24<01:20,  2.35it/s]
Processing frames:  65%|██████▍   | 348/537 [02:25<01:18,  2.40it/s]
Processing frames:  65%|██████▍   | 349/537 [02:25<01:18,  2.40it/s]
Processing frames:  65%|██████▌   | 350/537 [02:25<01:17,  2.41it/s]
Processing frames:  65%|██████▌   | 351/537 [02:26<01:16,  2.44it/s]
Processing frames:  66%|██████▌   | 352/537 [02:26<01:16,  2.43it/s]
Processing frames:  66%|██████▌   | 353/537 [02:27<01:17,  2.38it/s]
Processing frames:  66%|██████▌   | 354/537 [02:27<01:18,  2.32it/s]
Processing frames:  66%|██████▌   | 355/537 [02:28<01:18,  2.32it/s]
Processing frames:  66%|██████▋   | 356/537 [02:28<01:16,  2.36it/s]
Processing frames:  66%|██████▋   | 357/537 [02:28<01:16,  2.35it/s]
Processing frames:  67%|██████▋   | 358/537 [02:29<01:16,  2.35it/s]
Processing frames:  67%|██████▋   | 359/537 [02:29<01:15,  2.36it/s]
Processing frames:  67%|██████▋   | 360/537 [02:30<01:15,  2.35it/s]
Processing frames:  67%|██████▋   | 361/537 [02:30<01:15,  2.34it/s]
Processing frames:  67%|██████▋   | 362/537 [02:31<01:14,  2.33it/s]
Processing frames:  68%|██████▊   | 363/537 [02:31<01:14,  2.34it/s]
Processing frames:  68%|██████▊   | 364/537 [02:31<01:14,  2.31it/s]
Processing frames:  68%|██████▊   | 365/537 [02:32<01:13,  2.34it/s]
Processing frames:  68%|██████▊   | 366/537 [02:32<01:13,  2.33it/s]
Processing frames:  68%|██████▊   | 367/537 [02:33<01:12,  2.35it/s]
Processing frames:  69%|██████▊   | 368/537 [02:33<01:11,  2.38it/s]
Processing frames:  69%|██████▊   | 369/537 [02:34<01:09,  2.41it/s]
Processing frames:  69%|██████▉   | 370/537 [02:34<01:10,  2.38it/s]
Processing frames:  69%|██████▉   | 371/537 [02:34<01:08,  2.42it/s]
Processing frames:  69%|██████▉   | 372/537 [02:35<01:08,  2.40it/s]
Processing frames:  69%|██████▉   | 373/537 [02:35<01:07,  2.44it/s]
Processing frames:  70%|██████▉   | 374/537 [02:36<01:06,  2.44it/s]
Processing frames:  70%|██████▉   | 375/537 [02:36<01:05,  2.46it/s]
Processing frames:  70%|███████   | 376/537 [02:36<01:06,  2.42it/s]
Processing frames:  70%|███████   | 377/537 [02:37<01:05,  2.44it/s]
Processing frames:  70%|███████   | 378/537 [02:37<01:06,  2.40it/s]
Processing frames:  71%|███████   | 379/537 [02:38<01:07,  2.34it/s]
Processing frames:  71%|███████   | 380/537 [02:38<01:06,  2.36it/s]
Processing frames:  71%|███████   | 381/537 [02:39<01:06,  2.36it/s]
Processing frames:  71%|███████   | 382/537 [02:39<01:06,  2.32it/s]
Processing frames:  71%|███████▏  | 383/537 [02:39<01:06,  2.31it/s]
Processing frames:  72%|███████▏  | 384/537 [02:40<01:05,  2.34it/s]
Processing frames:  72%|███████▏  | 385/537 [02:40<01:05,  2.32it/s]
Processing frames:  72%|███████▏  | 386/537 [02:41<01:04,  2.32it/s]
Processing frames:  72%|███████▏  | 387/537 [02:41<01:03,  2.36it/s]
Processing frames:  72%|███████▏  | 388/537 [02:42<01:02,  2.37it/s]
Processing frames:  72%|███████▏  | 389/537 [02:42<01:02,  2.38it/s]
Processing frames:  73%|███████▎  | 390/537 [02:42<01:02,  2.37it/s]
Processing frames:  73%|███████▎  | 391/537 [02:43<01:01,  2.39it/s]
Processing frames:  73%|███████▎  | 392/537 [02:43<01:00,  2.41it/s]
Processing frames:  73%|███████▎  | 393/537 [02:44<00:59,  2.40it/s]
Processing frames:  73%|███████▎  | 394/537 [02:44<00:59,  2.42it/s]
Processing frames:  74%|███████▎  | 395/537 [02:44<00:58,  2.42it/s]
Processing frames:  74%|███████▎  | 396/537 [02:45<00:58,  2.43it/s]
Processing frames:  74%|███████▍  | 397/537 [02:45<00:57,  2.44it/s]
Processing frames:  74%|███████▍  | 398/537 [02:46<00:56,  2.44it/s]
Processing frames:  74%|███████▍  | 399/537 [02:46<00:56,  2.43it/s]
Processing frames:  74%|███████▍  | 400/537 [02:46<00:56,  2.42it/s]
Processing frames:  75%|███████▍  | 401/537 [02:47<00:55,  2.43it/s]
Processing frames:  75%|███████▍  | 402/537 [02:47<00:55,  2.44it/s]
Processing frames:  75%|███████▌  | 403/537 [02:48<00:55,  2.43it/s]
Processing frames:  75%|███████▌  | 404/537 [02:48<00:55,  2.42it/s]
Processing frames:  75%|███████▌  | 405/537 [02:49<00:55,  2.37it/s]
Processing frames:  76%|███████▌  | 406/537 [02:49<00:54,  2.40it/s]
Processing frames:  76%|███████▌  | 407/537 [02:49<00:54,  2.41it/s]
Processing frames:  76%|███████▌  | 408/537 [02:50<00:54,  2.38it/s]
Processing frames:  76%|███████▌  | 409/537 [02:50<01:00,  2.12it/s]
Processing frames:  76%|███████▋  | 410/537 [02:51<00:57,  2.20it/s]
Processing frames:  77%|███████▋  | 411/537 [02:51<00:56,  2.22it/s]
Processing frames:  77%|███████▋  | 412/537 [02:52<00:54,  2.28it/s]
Processing frames:  77%|███████▋  | 413/537 [02:52<00:53,  2.33it/s]
Processing frames:  77%|███████▋  | 414/537 [02:53<00:52,  2.36it/s]
Processing frames:  77%|███████▋  | 415/537 [02:53<00:51,  2.38it/s]
Processing frames:  77%|███████▋  | 416/537 [02:53<00:52,  2.29it/s]
Processing frames:  78%|███████▊  | 417/537 [02:54<00:51,  2.34it/s]
Processing frames:  78%|███████▊  | 418/537 [02:54<00:50,  2.34it/s]
Processing frames:  78%|███████▊  | 419/537 [02:55<00:50,  2.36it/s]
Processing frames:  78%|███████▊  | 420/537 [02:55<00:48,  2.39it/s]
Processing frames:  78%|███████▊  | 421/537 [02:55<00:48,  2.41it/s]
Processing frames:  79%|███████▊  | 422/537 [02:56<00:48,  2.40it/s]
Processing frames:  79%|███████▉  | 423/537 [02:56<00:47,  2.41it/s]
Processing frames:  79%|███████▉  | 424/537 [02:57<00:46,  2.42it/s]
Processing frames:  79%|███████▉  | 425/537 [02:57<00:46,  2.39it/s]
Processing frames:  79%|███████▉  | 426/537 [02:58<00:46,  2.40it/s]
Processing frames:  80%|███████▉  | 427/537 [02:58<00:45,  2.41it/s]
Processing frames:  80%|███████▉  | 428/537 [02:58<00:46,  2.34it/s]
Processing frames:  80%|███████▉  | 429/537 [02:59<00:45,  2.35it/s]
Processing frames:  80%|████████  | 430/537 [02:59<00:45,  2.37it/s]
Processing frames:  80%|████████  | 431/537 [03:00<00:43,  2.41it/s]
Processing frames:  80%|████████  | 432/537 [03:00<00:43,  2.41it/s]
Processing frames:  81%|████████  | 433/537 [03:00<00:42,  2.43it/s]
Processing frames:  81%|████████  | 434/537 [03:01<00:42,  2.42it/s]
Processing frames:  81%|████████  | 435/537 [03:01<00:42,  2.42it/s]
Processing frames:  81%|████████  | 436/537 [03:02<00:41,  2.43it/s]
Processing frames:  81%|████████▏ | 437/537 [03:02<00:41,  2.43it/s]
Processing frames:  82%|████████▏ | 438/537 [03:03<00:41,  2.41it/s]
Processing frames:  82%|████████▏ | 439/537 [03:03<00:40,  2.42it/s]
Processing frames:  82%|████████▏ | 440/537 [03:03<00:40,  2.42it/s]
Processing frames:  82%|████████▏ | 441/537 [03:04<00:39,  2.41it/s]
Processing frames:  82%|████████▏ | 442/537 [03:04<00:39,  2.40it/s]
Processing frames:  82%|████████▏ | 443/537 [03:05<00:39,  2.36it/s]
Processing frames:  83%|████████▎ | 444/537 [03:05<00:39,  2.36it/s]
Processing frames:  83%|████████▎ | 445/537 [03:05<00:39,  2.34it/s]
Processing frames:  83%|████████▎ | 446/537 [03:06<00:38,  2.35it/s]
Processing frames:  83%|████████▎ | 447/537 [03:06<00:39,  2.27it/s]
Processing frames:  83%|████████▎ | 448/537 [03:07<00:40,  2.20it/s]
Processing frames:  84%|████████▎ | 449/537 [03:07<00:39,  2.22it/s]
Processing frames:  84%|████████▍ | 450/537 [03:08<00:39,  2.20it/s]
Processing frames:  84%|████████▍ | 451/537 [03:08<00:38,  2.24it/s]
Processing frames:  84%|████████▍ | 452/537 [03:09<00:36,  2.31it/s]
Processing frames:  84%|████████▍ | 453/537 [03:09<00:35,  2.34it/s]
Processing frames:  85%|████████▍ | 454/537 [03:09<00:34,  2.38it/s]
Processing frames:  85%|████████▍ | 455/537 [03:10<00:34,  2.41it/s]
Processing frames:  85%|████████▍ | 456/537 [03:10<00:33,  2.45it/s]
Processing frames:  85%|████████▌ | 457/537 [03:11<00:32,  2.47it/s]
Processing frames:  85%|████████▌ | 458/537 [03:11<00:31,  2.49it/s]
Processing frames:  85%|████████▌ | 459/537 [03:11<00:31,  2.45it/s]
Processing frames:  86%|████████▌ | 460/537 [03:12<00:31,  2.44it/s]
Processing frames:  86%|████████▌ | 461/537 [03:12<00:30,  2.47it/s]
Processing frames:  86%|████████▌ | 462/537 [03:13<00:30,  2.45it/s]
Processing frames:  86%|████████▌ | 463/537 [03:13<00:29,  2.47it/s]
Processing frames:  86%|████████▋ | 464/537 [03:13<00:29,  2.45it/s]
Processing frames:  87%|████████▋ | 465/537 [03:14<00:29,  2.46it/s]
Processing frames:  87%|████████▋ | 466/537 [03:14<00:28,  2.45it/s]
Processing frames:  87%|████████▋ | 467/537 [03:15<00:28,  2.48it/s]
Processing frames:  87%|████████▋ | 468/537 [03:15<00:27,  2.48it/s]
Processing frames:  87%|████████▋ | 469/537 [03:15<00:27,  2.47it/s]
Processing frames:  88%|████████▊ | 470/537 [03:16<00:27,  2.45it/s]
Processing frames:  88%|████████▊ | 471/537 [03:16<00:26,  2.45it/s]
Processing frames:  88%|████████▊ | 472/537 [03:17<00:26,  2.42it/s]
Processing frames:  88%|████████▊ | 473/537 [03:17<00:26,  2.43it/s]
Processing frames:  88%|████████▊ | 474/537 [03:18<00:26,  2.39it/s]
Processing frames:  88%|████████▊ | 475/537 [03:18<00:25,  2.42it/s]
Processing frames:  89%|████████▊ | 476/537 [03:18<00:25,  2.39it/s]
Processing frames:  89%|████████▉ | 477/537 [03:19<00:25,  2.40it/s]
Processing frames:  89%|████████▉ | 478/537 [03:19<00:24,  2.39it/s]
Processing frames:  89%|████████▉ | 479/537 [03:20<00:24,  2.41it/s]
Processing frames:  89%|████████▉ | 480/537 [03:20<00:23,  2.42it/s]
Processing frames:  90%|████████▉ | 481/537 [03:20<00:23,  2.41it/s]
Processing frames:  90%|████████▉ | 482/537 [03:21<00:22,  2.42it/s]
Processing frames:  90%|████████▉ | 483/537 [03:21<00:22,  2.43it/s]
Processing frames:  90%|█████████ | 484/537 [03:22<00:21,  2.44it/s]
Processing frames:  90%|█████████ | 485/537 [03:22<00:21,  2.45it/s]
Processing frames:  91%|█████████ | 486/537 [03:23<00:21,  2.42it/s]
Processing frames:  91%|█████████ | 487/537 [03:23<00:20,  2.43it/s]
Processing frames:  91%|█████████ | 488/537 [03:23<00:20,  2.44it/s]
Processing frames:  91%|█████████ | 489/537 [03:24<00:19,  2.42it/s]
Processing frames:  91%|█████████ | 490/537 [03:24<00:20,  2.32it/s]
Processing frames:  91%|█████████▏| 491/537 [03:25<00:19,  2.31it/s]
Processing frames:  92%|█████████▏| 492/537 [03:25<00:19,  2.34it/s]
Processing frames:  92%|█████████▏| 493/537 [03:26<00:18,  2.35it/s]
Processing frames:  92%|█████████▏| 494/537 [03:26<00:18,  2.38it/s]
Processing frames:  92%|█████████▏| 495/537 [03:26<00:17,  2.40it/s]
Processing frames:  92%|█████████▏| 496/537 [03:27<00:17,  2.39it/s]
Processing frames:  93%|█████████▎| 497/537 [03:27<00:16,  2.36it/s]
Processing frames:  93%|█████████▎| 498/537 [03:28<00:16,  2.37it/s]
Processing frames:  93%|█████████▎| 499/537 [03:28<00:15,  2.40it/s]
Processing frames:  93%|█████████▎| 500/537 [03:28<00:15,  2.38it/s]
Processing frames:  93%|█████████▎| 501/537 [03:29<00:15,  2.40it/s]
Processing frames:  93%|█████████▎| 502/537 [03:29<00:14,  2.40it/s]
Processing frames:  94%|█████████▎| 503/537 [03:30<00:14,  2.43it/s]
Processing frames:  94%|█████████▍| 504/537 [03:30<00:13,  2.43it/s]
Processing frames:  94%|█████████▍| 505/537 [03:30<00:13,  2.44it/s]
Processing frames:  94%|█████████▍| 506/537 [03:31<00:12,  2.43it/s]
Processing frames:  94%|█████████▍| 507/537 [03:31<00:12,  2.42it/s]
Processing frames:  95%|█████████▍| 508/537 [03:32<00:11,  2.42it/s]
Processing frames:  95%|█████████▍| 509/537 [03:32<00:11,  2.42it/s]
Processing frames:  95%|█████████▍| 510/537 [03:33<00:11,  2.43it/s]
Processing frames:  95%|█████████▌| 511/537 [03:33<00:10,  2.43it/s]
Processing frames:  95%|█████████▌| 512/537 [03:33<00:10,  2.45it/s]
Processing frames:  96%|█████████▌| 513/537 [03:34<00:09,  2.44it/s]
Processing frames:  96%|█████████▌| 514/537 [03:34<00:09,  2.46it/s]
Processing frames:  96%|█████████▌| 515/537 [03:35<00:09,  2.29it/s]
Processing frames:  96%|█████████▌| 516/537 [03:35<00:09,  2.32it/s]
Processing frames:  96%|█████████▋| 517/537 [03:36<00:08,  2.32it/s]
Processing frames:  96%|█████████▋| 518/537 [03:36<00:07,  2.38it/s]
Processing frames:  97%|█████████▋| 519/537 [03:36<00:07,  2.37it/s]
Processing frames:  97%|█████████▋| 520/537 [03:37<00:07,  2.37it/s]
Processing frames:  97%|█████████▋| 521/537 [03:37<00:06,  2.39it/s]
Processing frames:  97%|█████████▋| 522/537 [03:38<00:06,  2.42it/s]
Processing frames:  97%|█████████▋| 523/537 [03:38<00:05,  2.41it/s]
Processing frames:  98%|█████████▊| 524/537 [03:38<00:05,  2.41it/s]
Processing frames:  98%|█████████▊| 525/537 [03:39<00:05,  2.37it/s]
Processing frames:  98%|█████████▊| 526/537 [03:39<00:04,  2.38it/s]
Processing frames:  98%|█████████▊| 527/537 [03:40<00:04,  2.41it/s]
Processing frames:  98%|█████████▊| 528/537 [03:40<00:03,  2.43it/s]
Processing frames:  99%|█████████▊| 529/537 [03:40<00:03,  2.44it/s]
Processing frames:  99%|█████████▊| 530/537 [03:41<00:02,  2.44it/s]
Processing frames:  99%|█████████▉| 531/537 [03:41<00:02,  2.46it/s]
Processing frames:  99%|█████████▉| 532/537 [03:42<00:02,  2.40it/s]
Processing frames:  99%|█████████▉| 533/537 [03:42<00:01,  2.41it/s]
Processing frames:  99%|█████████▉| 534/537 [03:43<00:01,  2.42it/s]
Processing frames: 100%|█████████▉| 535/537 [03:43<00:00,  2.43it/s]
Processing frames: 100%|█████████▉| 536/537 [03:43<00:00,  2.40it/s]
Processing frames: 100%|██████████| 537/537 [03:44<00:00,  2.41it/s]
Processing frames: 100%|██████████| 537/537 [03:44<00:00,  2.39it/s]

Processing frames:   0%|          | 0/7 [00:00<?, ?it/s]
Processing frames:  14%|█▍        | 1/7 [00:00<00:02,  2.93it/s]
Processing frames:  29%|██▊       | 2/7 [00:00<00:01,  2.84it/s]
Processing frames:  43%|████▎     | 3/7 [00:01<00:01,  2.92it/s]
Processing frames:  57%|█████▋    | 4/7 [00:01<00:01,  2.92it/s]
Processing frames:  71%|███████▏  | 5/7 [00:01<00:00,  2.97it/s]
Processing frames:  86%|████████▌ | 6/7 [00:02<00:00,  3.02it/s]
Processing frames: 100%|██████████| 7/7 [00:02<00:00,  3.01it/s]
Processing frames: 100%|██████████| 7/7 [00:02<00:00,  2.97it/s]

Processing frames:   0%|          | 0/156 [00:00<?, ?it/s]
Processing frames:   1%|          | 1/156 [00:00<01:08,  2.27it/s]
Processing frames:   1%|▏         | 2/156 [00:00<01:07,  2.27it/s]
Processing frames:   2%|▏         | 3/156 [00:01<01:04,  2.37it/s]
Processing frames:   3%|▎         | 4/156 [00:01<01:05,  2.32it/s]
Processing frames:   3%|▎         | 5/156 [00:02<01:04,  2.33it/s]
Processing frames:   4%|▍         | 6/156 [00:02<01:04,  2.31it/s]
Processing frames:   4%|▍         | 7/156 [00:03<01:04,  2.30it/s]
Processing frames:   5%|▌         | 8/156 [00:03<01:04,  2.31it/s]
Processing frames:   6%|▌         | 9/156 [00:03<01:04,  2.26it/s]
Processing frames:   6%|▋         | 10/156 [00:04<01:04,  2.27it/s]
Processing frames:   7%|▋         | 11/156 [00:04<01:04,  2.25it/s]
Processing frames:   8%|▊         | 12/156 [00:05<01:03,  2.28it/s]
Processing frames:   8%|▊         | 13/156 [00:05<01:02,  2.30it/s]
Processing frames:   9%|▉         | 14/156 [00:06<01:01,  2.30it/s]
Processing frames:  10%|▉         | 15/156 [00:06<01:01,  2.28it/s]
Processing frames:  10%|█         | 16/156 [00:06<01:00,  2.31it/s]
Processing frames:  11%|█         | 17/156 [00:07<00:59,  2.34it/s]
Processing frames:  12%|█▏        | 18/156 [00:07<00:57,  2.41it/s]
Processing frames:  12%|█▏        | 19/156 [00:08<00:56,  2.41it/s]
Processing frames:  13%|█▎        | 20/156 [00:08<00:56,  2.41it/s]
Processing frames:  13%|█▎        | 21/156 [00:09<00:56,  2.39it/s]
Processing frames:  14%|█▍        | 22/156 [00:09<00:57,  2.35it/s]
Processing frames:  15%|█▍        | 23/156 [00:09<00:57,  2.32it/s]
Processing frames:  15%|█▌        | 24/156 [00:10<00:55,  2.37it/s]
Processing frames:  16%|█▌        | 25/156 [00:10<00:56,  2.33it/s]
Processing frames:  17%|█▋        | 26/156 [00:11<00:56,  2.31it/s]
Processing frames:  17%|█▋        | 27/156 [00:11<00:55,  2.31it/s]
Processing frames:  18%|█▊        | 28/156 [00:12<01:04,  1.99it/s]
Processing frames:  19%|█▊        | 29/156 [00:12<01:00,  2.08it/s]
Processing frames:  19%|█▉        | 30/156 [00:13<00:57,  2.19it/s]
Processing frames:  20%|█▉        | 31/156 [00:13<00:56,  2.21it/s]
Processing frames:  21%|██        | 32/156 [00:13<00:54,  2.26it/s]
Processing frames:  21%|██        | 33/156 [00:14<00:53,  2.31it/s]
Processing frames:  22%|██▏       | 34/156 [00:14<00:52,  2.33it/s]
Processing frames:  22%|██▏       | 35/156 [00:15<00:52,  2.32it/s]
Processing frames:  23%|██▎       | 36/156 [00:15<00:50,  2.36it/s]
Processing frames:  24%|██▎       | 37/156 [00:16<00:50,  2.38it/s]
Processing frames:  24%|██▍       | 38/156 [00:16<00:49,  2.40it/s]
Processing frames:  25%|██▌       | 39/156 [00:16<00:49,  2.37it/s]
Processing frames:  26%|██▌       | 40/156 [00:17<00:48,  2.38it/s]
Processing frames:  26%|██▋       | 41/156 [00:17<00:47,  2.42it/s]
Processing frames:  27%|██▋       | 42/156 [00:18<00:47,  2.42it/s]
Processing frames:  28%|██▊       | 43/156 [00:18<00:46,  2.43it/s]
Processing frames:  28%|██▊       | 44/156 [00:18<00:46,  2.42it/s]
Processing frames:  29%|██▉       | 45/156 [00:19<00:45,  2.43it/s]
Processing frames:  29%|██▉       | 46/156 [00:19<00:45,  2.42it/s]
Processing frames:  30%|███       | 47/156 [00:20<00:45,  2.42it/s]
Processing frames:  31%|███       | 48/156 [00:20<00:44,  2.42it/s]
Processing frames:  31%|███▏      | 49/156 [00:21<00:43,  2.44it/s]
Processing frames:  32%|███▏      | 50/156 [00:21<00:43,  2.45it/s]
Processing frames:  33%|███▎      | 51/156 [00:21<00:43,  2.39it/s]
Processing frames:  33%|███▎      | 52/156 [00:22<00:43,  2.40it/s]
Processing frames:  34%|███▍      | 53/156 [00:22<00:42,  2.40it/s]
Processing frames:  35%|███▍      | 54/156 [00:23<00:41,  2.43it/s]
Processing frames:  35%|███▌      | 55/156 [00:23<00:41,  2.45it/s]
Processing frames:  36%|███▌      | 56/156 [00:23<00:40,  2.47it/s]
Processing frames:  37%|███▋      | 57/156 [00:24<00:40,  2.46it/s]
Processing frames:  37%|███▋      | 58/156 [00:24<00:39,  2.46it/s]
Processing frames:  38%|███▊      | 59/156 [00:25<00:39,  2.44it/s]
Processing frames:  38%|███▊      | 60/156 [00:25<00:39,  2.41it/s]
Processing frames:  39%|███▉      | 61/156 [00:25<00:39,  2.40it/s]
Processing frames:  40%|███▉      | 62/156 [00:26<00:39,  2.40it/s]
Processing frames:  40%|████      | 63/156 [00:26<00:38,  2.41it/s]
Processing frames:  41%|████      | 64/156 [00:27<00:37,  2.42it/s]
Processing frames:  42%|████▏     | 65/156 [00:27<00:37,  2.43it/s]
Processing frames:  42%|████▏     | 66/156 [00:28<00:37,  2.40it/s]
Processing frames:  43%|████▎     | 67/156 [00:28<00:36,  2.41it/s]
Processing frames:  44%|████▎     | 68/156 [00:28<00:36,  2.41it/s]
Processing frames:  44%|████▍     | 69/156 [00:29<00:36,  2.39it/s]
Processing frames:  45%|████▍     | 70/156 [00:29<00:36,  2.35it/s]
Processing frames:  46%|████▌     | 71/156 [00:30<00:35,  2.36it/s]
Processing frames:  46%|████▌     | 72/156 [00:30<00:35,  2.38it/s]
Processing frames:  47%|████▋     | 73/156 [00:30<00:34,  2.40it/s]
Processing frames:  47%|████▋     | 74/156 [00:31<00:34,  2.36it/s]
Processing frames:  48%|████▊     | 75/156 [00:31<00:34,  2.38it/s]
Processing frames:  49%|████▊     | 76/156 [00:32<00:33,  2.37it/s]
Processing frames:  49%|████▉     | 77/156 [00:32<00:33,  2.38it/s]
Processing frames:  50%|█████     | 78/156 [00:33<00:32,  2.39it/s]
Processing frames:  51%|█████     | 79/156 [00:33<00:32,  2.39it/s]
Processing frames:  51%|█████▏    | 80/156 [00:33<00:32,  2.37it/s]
Processing frames:  52%|█████▏    | 81/156 [00:34<00:31,  2.36it/s]
Processing frames:  53%|█████▎    | 82/156 [00:34<00:31,  2.37it/s]
Processing frames:  53%|█████▎    | 83/156 [00:35<00:30,  2.36it/s]
Processing frames:  54%|█████▍    | 84/156 [00:35<00:29,  2.41it/s]
Processing frames:  54%|█████▍    | 85/156 [00:36<00:29,  2.42it/s]
Processing frames:  55%|█████▌    | 86/156 [00:36<00:28,  2.43it/s]
Processing frames:  56%|█████▌    | 87/156 [00:36<00:28,  2.41it/s]
Processing frames:  56%|█████▋    | 88/156 [00:37<00:30,  2.25it/s]
Processing frames:  57%|█████▋    | 89/156 [00:37<00:29,  2.27it/s]
Processing frames:  58%|█████▊    | 90/156 [00:38<00:28,  2.29it/s]
Processing frames:  58%|█████▊    | 91/156 [00:38<00:28,  2.30it/s]
Processing frames:  59%|█████▉    | 92/156 [00:39<00:27,  2.32it/s]
Processing frames:  60%|█████▉    | 93/156 [00:39<00:27,  2.31it/s]
Processing frames:  60%|██████    | 94/156 [00:39<00:26,  2.33it/s]
Processing frames:  61%|██████    | 95/156 [00:40<00:25,  2.35it/s]
Processing frames:  62%|██████▏   | 96/156 [00:40<00:25,  2.37it/s]
Processing frames:  62%|██████▏   | 97/156 [00:41<00:24,  2.40it/s]
Processing frames:  63%|██████▎   | 98/156 [00:41<00:24,  2.41it/s]
Processing frames:  63%|██████▎   | 99/156 [00:41<00:23,  2.42it/s]
Processing frames:  64%|██████▍   | 100/156 [00:42<00:22,  2.44it/s]
Processing frames:  65%|██████▍   | 101/156 [00:42<00:23,  2.38it/s]
Processing frames:  65%|██████▌   | 102/156 [00:43<00:22,  2.37it/s]
Processing frames:  66%|██████▌   | 103/156 [00:43<00:22,  2.38it/s]
Processing frames:  67%|██████▋   | 104/156 [00:44<00:21,  2.38it/s]
Processing frames:  67%|██████▋   | 105/156 [00:44<00:21,  2.39it/s]
Processing frames:  68%|██████▊   | 106/156 [00:44<00:21,  2.38it/s]
Processing frames:  69%|██████▊   | 107/156 [00:45<00:20,  2.37it/s]
Processing frames:  69%|██████▉   | 108/156 [00:45<00:20,  2.39it/s]
Processing frames:  70%|██████▉   | 109/156 [00:46<00:19,  2.40it/s]
Processing frames:  71%|███████   | 110/156 [00:46<00:19,  2.38it/s]
Processing frames:  71%|███████   | 111/156 [00:47<00:18,  2.37it/s]
Processing frames:  72%|███████▏  | 112/156 [00:47<00:23,  1.86it/s]
Processing frames:  72%|███████▏  | 113/156 [00:48<00:22,  1.92it/s]
Processing frames:  73%|███████▎  | 114/156 [00:48<00:20,  2.03it/s]
Processing frames:  74%|███████▎  | 115/156 [00:49<00:19,  2.15it/s]
Processing frames:  74%|███████▍  | 116/156 [00:49<00:17,  2.24it/s]
Processing frames:  75%|███████▌  | 117/156 [00:49<00:16,  2.30it/s]
Processing frames:  76%|███████▌  | 118/156 [00:50<00:16,  2.31it/s]
Processing frames:  76%|███████▋  | 119/156 [00:50<00:15,  2.35it/s]
Processing frames:  77%|███████▋  | 120/156 [00:51<00:15,  2.34it/s]
Processing frames:  78%|███████▊  | 121/156 [00:51<00:14,  2.36it/s]
Processing frames:  78%|███████▊  | 122/156 [00:52<00:14,  2.34it/s]
Processing frames:  79%|███████▉  | 123/156 [00:52<00:14,  2.33it/s]
Processing frames:  79%|███████▉  | 124/156 [00:52<00:13,  2.35it/s]
Processing frames:  80%|████████  | 125/156 [00:53<00:13,  2.37it/s]
Processing frames:  81%|████████  | 126/156 [00:53<00:14,  2.09it/s]
Processing frames:  81%|████████▏ | 127/156 [00:54<00:13,  2.18it/s]
Processing frames:  82%|████████▏ | 128/156 [00:54<00:12,  2.24it/s]
Processing frames:  83%|████████▎ | 129/156 [00:55<00:11,  2.28it/s]
Processing frames:  83%|████████▎ | 130/156 [00:55<00:12,  2.16it/s]
Processing frames:  84%|████████▍ | 131/156 [00:56<00:11,  2.24it/s]
Processing frames:  85%|████████▍ | 132/156 [00:56<00:10,  2.31it/s]
Processing frames:  85%|████████▌ | 133/156 [00:56<00:09,  2.36it/s]
Processing frames:  86%|████████▌ | 134/156 [00:57<00:09,  2.40it/s]
Processing frames:  87%|████████▋ | 135/156 [00:57<00:08,  2.43it/s]
Processing frames:  87%|████████▋ | 136/156 [00:58<00:08,  2.43it/s]
Processing frames:  88%|████████▊ | 137/156 [00:58<00:07,  2.43it/s]
Processing frames:  88%|████████▊ | 138/156 [00:58<00:07,  2.44it/s]
Processing frames:  89%|████████▉ | 139/156 [00:59<00:06,  2.45it/s]
Processing frames:  90%|████████▉ | 140/156 [00:59<00:06,  2.46it/s]
Processing frames:  90%|█████████ | 141/156 [01:00<00:06,  2.43it/s]
Processing frames:  91%|█████████ | 142/156 [01:00<00:05,  2.42it/s]
Processing frames:  92%|█████████▏| 143/156 [01:01<00:05,  2.41it/s]
Processing frames:  92%|█████████▏| 144/156 [01:01<00:05,  2.40it/s]
Processing frames:  93%|█████████▎| 145/156 [01:01<00:04,  2.39it/s]
Processing frames:  94%|█████████▎| 146/156 [01:02<00:04,  2.39it/s]
Processing frames:  94%|█████████▍| 147/156 [01:02<00:03,  2.40it/s]
Processing frames:  95%|█████████▍| 148/156 [01:03<00:03,  2.42it/s]
Processing frames:  96%|█████████▌| 149/156 [01:03<00:02,  2.43it/s]
Processing frames:  96%|█████████▌| 150/156 [01:03<00:02,  2.43it/s]
Processing frames:  97%|█████████▋| 151/156 [01:04<00:02,  2.42it/s]
Processing frames:  97%|█████████▋| 152/156 [01:04<00:01,  2.44it/s]
Processing frames:  98%|█████████▊| 153/156 [01:05<00:01,  2.45it/s]
Processing frames:  99%|█████████▊| 154/156 [01:05<00:00,  2.40it/s]
Processing frames:  99%|█████████▉| 155/156 [01:06<00:00,  2.39it/s]
Processing frames: 100%|██████████| 156/156 [01:06<00:00,  2.37it/s]
Processing frames: 100%|██████████| 156/156 [01:06<00:00,  2.35it/s]

Processing frames:   0%|          | 0/396 [00:00<?, ?it/s]
Processing frames:   0%|          | 1/396 [00:00<02:36,  2.53it/s]
Processing frames:   1%|          | 2/396 [00:00<02:31,  2.61it/s]
Processing frames:   1%|          | 3/396 [00:01<02:33,  2.55it/s]
Processing frames:   1%|          | 4/396 [00:01<02:42,  2.41it/s]
Processing frames:   1%|▏         | 5/396 [00:02<02:38,  2.47it/s]
Processing frames:   2%|▏         | 6/396 [00:02<02:33,  2.53it/s]
Processing frames:   2%|▏         | 7/396 [00:02<02:31,  2.57it/s]
Processing frames:   2%|▏         | 8/396 [00:03<02:32,  2.55it/s]
Processing frames:   2%|▏         | 9/396 [00:03<02:32,  2.54it/s]
Processing frames:   3%|▎         | 10/396 [00:03<02:30,  2.57it/s]
Processing frames:   3%|▎         | 11/396 [00:04<02:26,  2.62it/s]
Processing frames:   3%|▎         | 12/396 [00:04<02:25,  2.65it/s]
Processing frames:   3%|▎         | 13/396 [00:05<02:29,  2.56it/s]
Processing frames:   4%|▎         | 14/396 [00:05<02:26,  2.60it/s]
Processing frames:   4%|▍         | 15/396 [00:05<02:24,  2.63it/s]
Processing frames:   4%|▍         | 16/396 [00:06<02:25,  2.62it/s]
Processing frames:   4%|▍         | 17/396 [00:06<02:23,  2.64it/s]
Processing frames:   5%|▍         | 18/396 [00:06<02:22,  2.66it/s]
Processing frames:   5%|▍         | 19/396 [00:07<02:21,  2.66it/s]
Processing frames:   5%|▌         | 20/396 [00:07<02:20,  2.68it/s]
Processing frames:   5%|▌         | 21/396 [00:08<02:19,  2.68it/s]
Processing frames:   6%|▌         | 22/396 [00:08<02:21,  2.64it/s]
Processing frames:   6%|▌         | 23/396 [00:08<02:21,  2.63it/s]
Processing frames:   6%|▌         | 24/396 [00:09<02:21,  2.63it/s]
Processing frames:   6%|▋         | 25/396 [00:09<02:21,  2.63it/s]
Processing frames:   7%|▋         | 26/396 [00:09<02:20,  2.64it/s]
Processing frames:   7%|▋         | 27/396 [00:10<02:21,  2.60it/s]
Processing frames:   7%|▋         | 28/396 [00:10<02:21,  2.61it/s]
Processing frames:   7%|▋         | 29/396 [00:11<02:19,  2.64it/s]
Processing frames:   8%|▊         | 30/396 [00:11<02:17,  2.66it/s]
Processing frames:   8%|▊         | 31/396 [00:11<02:17,  2.66it/s]
Processing frames:   8%|▊         | 32/396 [00:12<02:17,  2.64it/s]
Processing frames:   8%|▊         | 33/396 [00:12<02:19,  2.61it/s]
Processing frames:   9%|▊         | 34/396 [00:13<02:19,  2.60it/s]
Processing frames:   9%|▉         | 35/396 [00:13<02:18,  2.60it/s]
Processing frames:   9%|▉         | 36/396 [00:13<02:19,  2.58it/s]
Processing frames:   9%|▉         | 37/396 [00:14<02:30,  2.38it/s]
Processing frames:  10%|▉         | 38/396 [00:14<02:28,  2.42it/s]
Processing frames:  10%|▉         | 39/396 [00:15<02:24,  2.47it/s]
Processing frames:  10%|█         | 40/396 [00:15<02:21,  2.51it/s]
Processing frames:  10%|█         | 41/396 [00:15<02:22,  2.50it/s]
Processing frames:  11%|█         | 42/396 [00:16<02:20,  2.51it/s]
Processing frames:  11%|█         | 43/396 [00:16<02:19,  2.53it/s]
Processing frames:  11%|█         | 44/396 [00:17<02:17,  2.56it/s]
Processing frames:  11%|█▏        | 45/396 [00:17<02:16,  2.57it/s]
Processing frames:  12%|█▏        | 46/396 [00:17<02:17,  2.55it/s]
Processing frames:  12%|█▏        | 47/396 [00:18<02:16,  2.55it/s]
Processing frames:  12%|█▏        | 48/396 [00:18<02:16,  2.55it/s]
Processing frames:  12%|█▏        | 49/396 [00:18<02:14,  2.59it/s]
Processing frames:  13%|█▎        | 50/396 [00:19<02:12,  2.61it/s]
Processing frames:  13%|█▎        | 51/396 [00:19<02:11,  2.63it/s]
Processing frames:  13%|█▎        | 52/396 [00:20<02:22,  2.41it/s]
Processing frames:  13%|█▎        | 53/396 [00:20<02:18,  2.48it/s]
Processing frames:  14%|█▎        | 54/396 [00:20<02:15,  2.52it/s]
Processing frames:  14%|█▍        | 55/396 [00:21<02:13,  2.56it/s]
Processing frames:  14%|█▍        | 56/396 [00:21<02:12,  2.56it/s]
Processing frames:  14%|█▍        | 57/396 [00:22<02:12,  2.56it/s]
Processing frames:  15%|█▍        | 58/396 [00:22<02:15,  2.50it/s]
Processing frames:  15%|█▍        | 59/396 [00:22<02:12,  2.55it/s]
Processing frames:  15%|█▌        | 60/396 [00:23<02:10,  2.57it/s]
Processing frames:  15%|█▌        | 61/396 [00:23<02:09,  2.59it/s]
Processing frames:  16%|█▌        | 62/396 [00:24<02:11,  2.54it/s]
Processing frames:  16%|█▌        | 63/396 [00:24<02:08,  2.59it/s]
Processing frames:  16%|█▌        | 64/396 [00:24<02:14,  2.47it/s]
Processing frames:  16%|█▋        | 65/396 [00:25<02:10,  2.53it/s]
Processing frames:  17%|█▋        | 66/396 [00:25<02:09,  2.56it/s]
Processing frames:  17%|█▋        | 67/396 [00:26<02:07,  2.58it/s]
Processing frames:  17%|█▋        | 68/396 [00:26<02:09,  2.54it/s]
Processing frames:  17%|█▋        | 69/396 [00:26<02:07,  2.56it/s]
Processing frames:  18%|█▊        | 70/396 [00:27<02:05,  2.60it/s]
Processing frames:  18%|█▊        | 71/396 [00:27<02:03,  2.63it/s]
Processing frames:  18%|█▊        | 72/396 [00:27<02:02,  2.63it/s]
Processing frames:  18%|█▊        | 73/396 [00:28<02:04,  2.60it/s]
Processing frames:  19%|█▊        | 74/396 [00:28<02:02,  2.62it/s]
Processing frames:  19%|█▉        | 75/396 [00:29<02:01,  2.65it/s]
Processing frames:  19%|█▉        | 76/396 [00:29<02:01,  2.64it/s]
Processing frames:  19%|█▉        | 77/396 [00:29<01:59,  2.66it/s]
Processing frames:  20%|█▉        | 78/396 [00:30<01:59,  2.67it/s]
Processing frames:  20%|█▉        | 79/396 [00:30<01:58,  2.67it/s]
Processing frames:  20%|██        | 80/396 [00:31<01:59,  2.64it/s]
Processing frames:  20%|██        | 81/396 [00:31<01:58,  2.65it/s]
Processing frames:  21%|██        | 82/396 [00:31<01:57,  2.66it/s]
Processing frames:  21%|██        | 83/396 [00:32<01:57,  2.65it/s]
Processing frames:  21%|██        | 84/396 [00:32<01:58,  2.64it/s]
Processing frames:  21%|██▏       | 85/396 [00:32<01:57,  2.66it/s]
Processing frames:  22%|██▏       | 86/396 [00:33<01:57,  2.64it/s]
Processing frames:  22%|██▏       | 87/396 [00:33<01:57,  2.63it/s]
Processing frames:  22%|██▏       | 88/396 [00:34<01:56,  2.65it/s]
Processing frames:  22%|██▏       | 89/396 [00:34<01:55,  2.66it/s]
Processing frames:  23%|██▎       | 90/396 [00:34<01:54,  2.67it/s]
Processing frames:  23%|██▎       | 91/396 [00:35<01:54,  2.67it/s]
Processing frames:  23%|██▎       | 92/396 [00:35<01:55,  2.63it/s]
Processing frames:  23%|██▎       | 93/396 [00:35<01:54,  2.65it/s]
Processing frames:  24%|██▎       | 94/396 [00:36<01:54,  2.63it/s]
Processing frames:  24%|██▍       | 95/396 [00:36<01:53,  2.64it/s]
Processing frames:  24%|██▍       | 96/396 [00:37<01:53,  2.65it/s]
Processing frames:  24%|██▍       | 97/396 [00:37<01:53,  2.63it/s]
Processing frames:  25%|██▍       | 98/396 [00:37<01:52,  2.64it/s]
Processing frames:  25%|██▌       | 99/396 [00:38<01:56,  2.55it/s]
Processing frames:  25%|██▌       | 100/396 [00:38<01:54,  2.58it/s]
Processing frames:  26%|██▌       | 101/396 [00:38<01:52,  2.61it/s]
Processing frames:  26%|██▌       | 102/396 [00:39<01:51,  2.65it/s]
Processing frames:  26%|██▌       | 103/396 [00:39<01:50,  2.64it/s]
Processing frames:  26%|██▋       | 104/396 [00:40<01:49,  2.66it/s]
Processing frames:  27%|██▋       | 105/396 [00:40<01:48,  2.68it/s]
Processing frames:  27%|██▋       | 106/396 [00:40<01:50,  2.63it/s]
Processing frames:  27%|██▋       | 107/396 [00:41<01:49,  2.65it/s]
Processing frames:  27%|██▋       | 108/396 [00:41<01:50,  2.60it/s]
Processing frames:  28%|██▊       | 109/396 [00:42<01:50,  2.60it/s]
Processing frames:  28%|██▊       | 110/396 [00:42<01:52,  2.53it/s]
Processing frames:  28%|██▊       | 111/396 [00:42<01:50,  2.57it/s]
Processing frames:  28%|██▊       | 112/396 [00:43<01:50,  2.57it/s]
Processing frames:  29%|██▊       | 113/396 [00:43<01:49,  2.60it/s]
Processing frames:  29%|██▉       | 114/396 [00:43<01:48,  2.60it/s]
Processing frames:  29%|██▉       | 115/396 [00:44<01:47,  2.61it/s]
Processing frames:  29%|██▉       | 116/396 [00:44<01:46,  2.62it/s]
Processing frames:  30%|██▉       | 117/396 [00:45<01:46,  2.62it/s]
Processing frames:  30%|██▉       | 118/396 [00:45<01:46,  2.61it/s]
Processing frames:  30%|███       | 119/396 [00:45<01:45,  2.63it/s]
Processing frames:  30%|███       | 120/396 [00:46<01:45,  2.61it/s]
Processing frames:  31%|███       | 121/396 [00:46<01:46,  2.57it/s]
Processing frames:  31%|███       | 122/396 [00:47<01:47,  2.56it/s]
Processing frames:  31%|███       | 123/396 [00:47<01:46,  2.57it/s]
Processing frames:  31%|███▏      | 124/396 [00:47<01:47,  2.53it/s]
Processing frames:  32%|███▏      | 125/396 [00:48<01:47,  2.52it/s]
Processing frames:  32%|███▏      | 126/396 [00:48<01:46,  2.54it/s]
Processing frames:  32%|███▏      | 127/396 [00:48<01:44,  2.57it/s]
Processing frames:  32%|███▏      | 128/396 [00:49<01:45,  2.54it/s]
Processing frames:  33%|███▎      | 129/396 [00:49<01:44,  2.55it/s]
Processing frames:  33%|███▎      | 130/396 [00:50<01:42,  2.59it/s]
Processing frames:  33%|███▎      | 131/396 [00:50<01:44,  2.55it/s]
Processing frames:  33%|███▎      | 132/396 [00:50<01:41,  2.59it/s]
Processing frames:  34%|███▎      | 133/396 [00:51<01:40,  2.61it/s]
Processing frames:  34%|███▍      | 134/396 [00:51<01:40,  2.61it/s]
Processing frames:  34%|███▍      | 135/396 [00:52<01:40,  2.59it/s]
Processing frames:  34%|███▍      | 136/396 [00:52<01:42,  2.53it/s]
Processing frames:  35%|███▍      | 137/396 [00:52<01:41,  2.56it/s]
Processing frames:  35%|███▍      | 138/396 [00:53<01:40,  2.57it/s]
Processing frames:  35%|███▌      | 139/396 [00:53<01:39,  2.58it/s]
Processing frames:  35%|███▌      | 140/396 [00:54<01:39,  2.56it/s]
Processing frames:  36%|███▌      | 141/396 [00:54<01:39,  2.57it/s]
Processing frames:  36%|███▌      | 142/396 [00:54<01:37,  2.61it/s]
Processing frames:  36%|███▌      | 143/396 [00:55<01:36,  2.63it/s]
Processing frames:  36%|███▋      | 144/396 [00:55<01:37,  2.57it/s]
Processing frames:  37%|███▋      | 145/396 [00:55<01:37,  2.58it/s]
Processing frames:  37%|███▋      | 146/396 [00:56<01:36,  2.59it/s]
Processing frames:  37%|███▋      | 147/396 [00:56<01:35,  2.60it/s]
Processing frames:  37%|███▋      | 148/396 [00:57<01:34,  2.63it/s]
Processing frames:  38%|███▊      | 149/396 [00:57<01:33,  2.64it/s]
Processing frames:  38%|███▊      | 150/396 [00:57<01:32,  2.65it/s]
Processing frames:  38%|███▊      | 151/396 [00:58<01:41,  2.41it/s]
Processing frames:  38%|███▊      | 152/396 [00:58<01:38,  2.48it/s]
Processing frames:  39%|███▊      | 153/396 [00:59<01:37,  2.49it/s]
Processing frames:  39%|███▉      | 154/396 [00:59<01:34,  2.55it/s]
Processing frames:  39%|███▉      | 155/396 [00:59<01:33,  2.59it/s]
Processing frames:  39%|███▉      | 156/396 [01:00<01:31,  2.63it/s]
Processing frames:  40%|███▉      | 157/396 [01:00<01:30,  2.64it/s]
Processing frames:  40%|███▉      | 158/396 [01:01<01:30,  2.62it/s]
Processing frames:  40%|████      | 159/396 [01:01<01:30,  2.62it/s]
Processing frames:  40%|████      | 160/396 [01:01<01:29,  2.64it/s]
Processing frames:  41%|████      | 161/396 [01:02<01:28,  2.66it/s]
Processing frames:  41%|████      | 162/396 [01:02<01:27,  2.68it/s]
Processing frames:  41%|████      | 163/396 [01:02<01:26,  2.69it/s]
Processing frames:  41%|████▏     | 164/396 [01:03<01:25,  2.70it/s]
Processing frames:  42%|████▏     | 165/396 [01:03<01:25,  2.70it/s]
Processing frames:  42%|████▏     | 166/396 [01:03<01:25,  2.68it/s]
Processing frames:  42%|████▏     | 167/396 [01:04<01:25,  2.68it/s]
Processing frames:  42%|████▏     | 168/396 [01:04<01:24,  2.68it/s]
Processing frames:  43%|████▎     | 169/396 [01:05<01:24,  2.68it/s]
Processing frames:  43%|████▎     | 170/396 [01:05<01:23,  2.69it/s]
Processing frames:  43%|████▎     | 171/396 [01:05<01:23,  2.69it/s]
Processing frames:  43%|████▎     | 172/396 [01:06<01:23,  2.68it/s]
Processing frames:  44%|████▎     | 173/396 [01:06<01:23,  2.66it/s]
Processing frames:  44%|████▍     | 174/396 [01:07<01:38,  2.25it/s]
Processing frames:  44%|████▍     | 175/396 [01:07<01:35,  2.31it/s]
Processing frames:  44%|████▍     | 176/396 [01:08<01:34,  2.34it/s]
Processing frames:  45%|████▍     | 177/396 [01:08<01:33,  2.34it/s]
Processing frames:  45%|████▍     | 178/396 [01:08<01:32,  2.36it/s]
Processing frames:  45%|████▌     | 179/396 [01:09<01:31,  2.37it/s]
Processing frames:  45%|████▌     | 180/396 [01:09<01:27,  2.46it/s]
Processing frames:  46%|████▌     | 181/396 [01:10<01:25,  2.52it/s]
Processing frames:  46%|████▌     | 182/396 [01:10<01:24,  2.55it/s]
Processing frames:  46%|████▌     | 183/396 [01:10<01:22,  2.58it/s]
Processing frames:  46%|████▋     | 184/396 [01:11<01:22,  2.57it/s]
Processing frames:  47%|████▋     | 185/396 [01:11<01:24,  2.51it/s]
Processing frames:  47%|████▋     | 186/396 [01:12<01:23,  2.51it/s]
Processing frames:  47%|████▋     | 187/396 [01:12<01:21,  2.56it/s]
Processing frames:  47%|████▋     | 188/396 [01:12<01:21,  2.54it/s]
Processing frames:  48%|████▊     | 189/396 [01:13<01:21,  2.54it/s]
Processing frames:  48%|████▊     | 190/396 [01:13<01:20,  2.57it/s]
Processing frames:  48%|████▊     | 191/396 [01:13<01:20,  2.54it/s]
Processing frames:  48%|████▊     | 192/396 [01:14<01:19,  2.58it/s]
Processing frames:  49%|████▊     | 193/396 [01:14<01:17,  2.61it/s]
Processing frames:  49%|████▉     | 194/396 [01:15<01:16,  2.63it/s]
Processing frames:  49%|████▉     | 195/396 [01:15<01:16,  2.62it/s]
Processing frames:  49%|████▉     | 196/396 [01:15<01:17,  2.59it/s]
Processing frames:  50%|████▉     | 197/396 [01:16<01:16,  2.60it/s]
Processing frames:  50%|█████     | 198/396 [01:16<01:15,  2.62it/s]
Processing frames:  50%|█████     | 199/396 [01:17<01:16,  2.57it/s]
Processing frames:  51%|█████     | 200/396 [01:17<01:15,  2.60it/s]
Processing frames:  51%|█████     | 201/396 [01:17<01:14,  2.62it/s]
Processing frames:  51%|█████     | 202/396 [01:18<01:13,  2.63it/s]
Processing frames:  51%|█████▏    | 203/396 [01:18<01:13,  2.62it/s]
Processing frames:  52%|█████▏    | 204/396 [01:18<01:13,  2.61it/s]
Processing frames:  52%|█████▏    | 205/396 [01:19<01:12,  2.62it/s]
Processing frames:  52%|█████▏    | 206/396 [01:19<01:14,  2.56it/s]
Processing frames:  52%|█████▏    | 207/396 [01:20<01:13,  2.59it/s]
Processing frames:  53%|█████▎    | 208/396 [01:20<01:12,  2.61it/s]
Processing frames:  53%|█████▎    | 209/396 [01:20<01:11,  2.62it/s]
Processing frames:  53%|█████▎    | 210/396 [01:21<01:11,  2.59it/s]
Processing frames:  53%|█████▎    | 211/396 [01:21<01:12,  2.56it/s]
Processing frames:  54%|█████▎    | 212/396 [01:22<01:11,  2.57it/s]
Processing frames:  54%|█████▍    | 213/396 [01:22<01:11,  2.56it/s]
Processing frames:  54%|█████▍    | 214/396 [01:22<01:10,  2.59it/s]
Processing frames:  54%|█████▍    | 215/396 [01:23<01:09,  2.61it/s]
Processing frames:  55%|█████▍    | 216/396 [01:23<01:15,  2.37it/s]
Processing frames:  55%|█████▍    | 217/396 [01:24<01:13,  2.42it/s]
Processing frames:  55%|█████▌    | 218/396 [01:24<01:11,  2.50it/s]
Processing frames:  55%|█████▌    | 219/396 [01:24<01:09,  2.53it/s]
Processing frames:  56%|█████▌    | 220/396 [01:25<01:08,  2.56it/s]
Processing frames:  56%|█████▌    | 221/396 [01:25<01:08,  2.57it/s]
Processing frames:  56%|█████▌    | 222/396 [01:25<01:07,  2.59it/s]
Processing frames:  56%|█████▋    | 223/396 [01:26<01:05,  2.63it/s]
Processing frames:  57%|█████▋    | 224/396 [01:26<01:04,  2.65it/s]
Processing frames:  57%|█████▋    | 225/396 [01:27<01:04,  2.67it/s]
Processing frames:  57%|█████▋    | 226/396 [01:27<01:04,  2.62it/s]
Processing frames:  57%|█████▋    | 227/396 [01:27<01:03,  2.64it/s]
Processing frames:  58%|█████▊    | 228/396 [01:28<01:04,  2.62it/s]
Processing frames:  58%|█████▊    | 229/396 [01:28<01:03,  2.63it/s]
Processing frames:  58%|█████▊    | 230/396 [01:28<01:03,  2.63it/s]
Processing frames:  58%|█████▊    | 231/396 [01:29<01:02,  2.63it/s]
Processing frames:  59%|█████▊    | 232/396 [01:29<01:03,  2.57it/s]
Processing frames:  59%|█████▉    | 233/396 [01:30<01:02,  2.62it/s]
Processing frames:  59%|█████▉    | 234/396 [01:30<01:01,  2.65it/s]
Processing frames:  59%|█████▉    | 235/396 [01:30<01:00,  2.67it/s]
Processing frames:  60%|█████▉    | 236/396 [01:31<00:59,  2.67it/s]
Processing frames:  60%|█████▉    | 237/396 [01:31<01:00,  2.61it/s]
Processing frames:  60%|██████    | 238/396 [01:32<00:59,  2.65it/s]
Processing frames:  60%|██████    | 239/396 [01:32<00:58,  2.68it/s]
Processing frames:  61%|██████    | 240/396 [01:32<00:59,  2.64it/s]
Processing frames:  61%|██████    | 241/396 [01:33<00:58,  2.64it/s]
Processing frames:  61%|██████    | 242/396 [01:33<01:00,  2.56it/s]
Processing frames:  61%|██████▏   | 243/396 [01:33<00:59,  2.57it/s]
Processing frames:  62%|██████▏   | 244/396 [01:34<00:58,  2.60it/s]
Processing frames:  62%|██████▏   | 245/396 [01:34<00:57,  2.60it/s]
Processing frames:  62%|██████▏   | 246/396 [01:35<00:57,  2.60it/s]
Processing frames:  62%|██████▏   | 247/396 [01:35<01:03,  2.34it/s]
Processing frames:  63%|██████▎   | 248/396 [01:36<01:00,  2.43it/s]
Processing frames:  63%|██████▎   | 249/396 [01:36<00:58,  2.49it/s]
Processing frames:  63%|██████▎   | 250/396 [01:36<00:58,  2.50it/s]
Processing frames:  63%|██████▎   | 251/396 [01:37<00:57,  2.52it/s]
Processing frames:  64%|██████▎   | 252/396 [01:37<00:56,  2.56it/s]
Processing frames:  64%|██████▍   | 253/396 [01:37<00:54,  2.60it/s]
Processing frames:  64%|██████▍   | 254/396 [01:38<00:53,  2.63it/s]
Processing frames:  64%|██████▍   | 255/396 [01:38<00:53,  2.63it/s]
Processing frames:  65%|██████▍   | 256/396 [01:39<00:55,  2.53it/s]
Processing frames:  65%|██████▍   | 257/396 [01:39<00:54,  2.55it/s]
Processing frames:  65%|██████▌   | 258/396 [01:39<00:54,  2.55it/s]
Processing frames:  65%|██████▌   | 259/396 [01:40<00:52,  2.59it/s]
Processing frames:  66%|██████▌   | 260/396 [01:40<00:53,  2.57it/s]
Processing frames:  66%|██████▌   | 261/396 [01:41<00:52,  2.57it/s]
Processing frames:  66%|██████▌   | 262/396 [01:41<00:53,  2.52it/s]
Processing frames:  66%|██████▋   | 263/396 [01:41<00:52,  2.54it/s]
Processing frames:  67%|██████▋   | 264/396 [01:42<00:51,  2.58it/s]
Processing frames:  67%|██████▋   | 265/396 [01:42<00:50,  2.57it/s]
Processing frames:  67%|██████▋   | 266/396 [01:42<00:50,  2.58it/s]
Processing frames:  67%|██████▋   | 267/396 [01:43<00:50,  2.58it/s]
Processing frames:  68%|██████▊   | 268/396 [01:43<00:49,  2.60it/s]
Processing frames:  68%|██████▊   | 269/396 [01:44<00:48,  2.60it/s]
Processing frames:  68%|██████▊   | 270/396 [01:44<00:48,  2.62it/s]
Processing frames:  68%|██████▊   | 271/396 [01:44<00:47,  2.61it/s]
Processing frames:  69%|██████▊   | 272/396 [01:45<00:47,  2.59it/s]
Processing frames:  69%|██████▉   | 273/396 [01:45<00:47,  2.61it/s]
Processing frames:  69%|██████▉   | 274/396 [01:46<00:46,  2.60it/s]
Processing frames:  69%|██████▉   | 275/396 [01:46<00:45,  2.63it/s]
Processing frames:  70%|██████▉   | 276/396 [01:46<00:45,  2.62it/s]
Processing frames:  70%|██████▉   | 277/396 [01:47<00:45,  2.63it/s]
Processing frames:  70%|███████   | 278/396 [01:47<00:44,  2.65it/s]
Processing frames:  70%|███████   | 279/396 [01:47<00:44,  2.65it/s]
Processing frames:  71%|███████   | 280/396 [01:48<00:43,  2.67it/s]
Processing frames:  71%|███████   | 281/396 [01:48<00:50,  2.30it/s]
Processing frames:  71%|███████   | 282/396 [01:49<00:47,  2.40it/s]
Processing frames:  71%|███████▏  | 283/396 [01:49<00:45,  2.48it/s]
Processing frames:  72%|███████▏  | 284/396 [01:49<00:44,  2.53it/s]
Processing frames:  72%|███████▏  | 285/396 [01:50<00:43,  2.57it/s]
Processing frames:  72%|███████▏  | 286/396 [01:50<00:42,  2.58it/s]
Processing frames:  72%|███████▏  | 287/396 [01:51<00:41,  2.62it/s]
Processing frames:  73%|███████▎  | 288/396 [01:51<00:40,  2.64it/s]
Processing frames:  73%|███████▎  | 289/396 [01:51<00:40,  2.65it/s]
Processing frames:  73%|███████▎  | 290/396 [01:52<00:40,  2.63it/s]
Processing frames:  73%|███████▎  | 291/396 [01:52<00:39,  2.65it/s]
Processing frames:  74%|███████▎  | 292/396 [01:53<00:39,  2.63it/s]
Processing frames:  74%|███████▍  | 293/396 [01:53<00:39,  2.60it/s]
Processing frames:  74%|███████▍  | 294/396 [01:53<00:39,  2.60it/s]
Processing frames:  74%|███████▍  | 295/396 [01:54<00:38,  2.61it/s]
Processing frames:  75%|███████▍  | 296/396 [01:54<00:37,  2.64it/s]
Processing frames:  75%|███████▌  | 297/396 [01:54<00:38,  2.60it/s]
Processing frames:  75%|███████▌  | 298/396 [01:55<00:37,  2.60it/s]
Processing frames:  76%|███████▌  | 299/396 [01:55<00:37,  2.59it/s]
Processing frames:  76%|███████▌  | 300/396 [01:56<00:36,  2.60it/s]
Processing frames:  76%|███████▌  | 301/396 [01:56<00:36,  2.59it/s]
Processing frames:  76%|███████▋  | 302/396 [01:56<00:36,  2.56it/s]
Processing frames:  77%|███████▋  | 303/396 [01:57<00:36,  2.56it/s]
Processing frames:  77%|███████▋  | 304/396 [01:57<00:36,  2.53it/s]
Processing frames:  77%|███████▋  | 305/396 [01:58<00:36,  2.51it/s]
Processing frames:  77%|███████▋  | 306/396 [01:58<00:35,  2.54it/s]
Processing frames:  78%|███████▊  | 307/396 [01:58<00:34,  2.54it/s]
Processing frames:  78%|███████▊  | 308/396 [01:59<00:34,  2.56it/s]
Processing frames:  78%|███████▊  | 309/396 [01:59<00:34,  2.54it/s]
Processing frames:  78%|███████▊  | 310/396 [02:00<00:34,  2.47it/s]
Processing frames:  79%|███████▊  | 311/396 [02:00<00:33,  2.51it/s]
Processing frames:  79%|███████▉  | 312/396 [02:00<00:33,  2.54it/s]
Processing frames:  79%|███████▉  | 313/396 [02:01<00:32,  2.55it/s]
Processing frames:  79%|███████▉  | 314/396 [02:01<00:32,  2.55it/s]
Processing frames:  80%|███████▉  | 315/396 [02:02<00:31,  2.57it/s]
Processing frames:  80%|███████▉  | 316/396 [02:02<00:30,  2.59it/s]
Processing frames:  80%|████████  | 317/396 [02:02<00:30,  2.61it/s]
Processing frames:  80%|████████  | 318/396 [02:03<00:29,  2.61it/s]
Processing frames:  81%|████████  | 319/396 [02:03<00:32,  2.34it/s]
Processing frames:  81%|████████  | 320/396 [02:04<00:31,  2.43it/s]
Processing frames:  81%|████████  | 321/396 [02:04<00:30,  2.50it/s]
Processing frames:  81%|████████▏ | 322/396 [02:04<00:29,  2.50it/s]
Processing frames:  82%|████████▏ | 323/396 [02:05<00:28,  2.54it/s]
Processing frames:  82%|████████▏ | 324/396 [02:05<00:28,  2.55it/s]
Processing frames:  82%|████████▏ | 325/396 [02:05<00:27,  2.55it/s]
Processing frames:  82%|████████▏ | 326/396 [02:06<00:27,  2.57it/s]
Processing frames:  83%|████████▎ | 327/396 [02:06<00:26,  2.58it/s]
Processing frames:  83%|████████▎ | 328/396 [02:07<00:26,  2.59it/s]
Processing frames:  83%|████████▎ | 329/396 [02:07<00:26,  2.55it/s]
Processing frames:  83%|████████▎ | 330/396 [02:07<00:25,  2.55it/s]
Processing frames:  84%|████████▎ | 331/396 [02:08<00:25,  2.59it/s]
Processing frames:  84%|████████▍ | 332/396 [02:08<00:24,  2.56it/s]
Processing frames:  84%|████████▍ | 333/396 [02:09<00:24,  2.57it/s]
Processing frames:  84%|████████▍ | 334/396 [02:09<00:24,  2.58it/s]
Processing frames:  85%|████████▍ | 335/396 [02:09<00:23,  2.55it/s]
Processing frames:  85%|████████▍ | 336/396 [02:10<00:24,  2.41it/s]
Processing frames:  85%|████████▌ | 337/396 [02:10<00:24,  2.45it/s]
Processing frames:  85%|████████▌ | 338/396 [02:11<00:23,  2.52it/s]
Processing frames:  86%|████████▌ | 339/396 [02:11<00:22,  2.53it/s]
Processing frames:  86%|████████▌ | 340/396 [02:11<00:21,  2.55it/s]
Processing frames:  86%|████████▌ | 341/396 [02:12<00:21,  2.58it/s]
Processing frames:  86%|████████▋ | 342/396 [02:12<00:21,  2.56it/s]
Processing frames:  87%|████████▋ | 343/396 [02:13<00:20,  2.59it/s]
Processing frames:  87%|████████▋ | 344/396 [02:13<00:20,  2.58it/s]
Processing frames:  87%|████████▋ | 345/396 [02:13<00:19,  2.61it/s]
Processing frames:  87%|████████▋ | 346/396 [02:14<00:19,  2.60it/s]
Processing frames:  88%|████████▊ | 347/396 [02:14<00:18,  2.59it/s]
Processing frames:  88%|████████▊ | 348/396 [02:14<00:18,  2.60it/s]
Processing frames:  88%|████████▊ | 349/396 [02:15<00:17,  2.61it/s]
Processing frames:  88%|████████▊ | 350/396 [02:15<00:17,  2.61it/s]
Processing frames:  89%|████████▊ | 351/396 [02:16<00:17,  2.62it/s]
Processing frames:  89%|████████▉ | 352/396 [02:16<00:16,  2.62it/s]
Processing frames:  89%|████████▉ | 353/396 [02:16<00:16,  2.63it/s]
Processing frames:  89%|████████▉ | 354/396 [02:17<00:15,  2.64it/s]
Processing frames:  90%|████████▉ | 355/396 [02:17<00:15,  2.61it/s]
Processing frames:  90%|████████▉ | 356/396 [02:18<00:15,  2.60it/s]
Processing frames:  90%|█████████ | 357/396 [02:18<00:15,  2.59it/s]
Processing frames:  90%|█████████ | 358/396 [02:18<00:14,  2.58it/s]
Processing frames:  91%|█████████ | 359/396 [02:19<00:14,  2.60it/s]
Processing frames:  91%|█████████ | 360/396 [02:19<00:13,  2.60it/s]
Processing frames:  91%|█████████ | 361/396 [02:19<00:13,  2.59it/s]
Processing frames:  91%|█████████▏| 362/396 [02:20<00:13,  2.58it/s]
Processing frames:  92%|█████████▏| 363/396 [02:20<00:13,  2.48it/s]
Processing frames:  92%|█████████▏| 364/396 [02:21<00:12,  2.52it/s]
Processing frames:  92%|█████████▏| 365/396 [02:21<00:12,  2.54it/s]
Processing frames:  92%|█████████▏| 366/396 [02:21<00:11,  2.56it/s]
Processing frames:  93%|█████████▎| 367/396 [02:22<00:11,  2.55it/s]
Processing frames:  93%|█████████▎| 368/396 [02:22<00:10,  2.56it/s]
Processing frames:  93%|█████████▎| 369/396 [02:23<00:10,  2.59it/s]
Processing frames:  93%|█████████▎| 370/396 [02:23<00:09,  2.61it/s]
Processing frames:  94%|█████████▎| 371/396 [02:23<00:09,  2.62it/s]
Processing frames:  94%|█████████▍| 372/396 [02:24<00:09,  2.62it/s]
Processing frames:  94%|█████████▍| 373/396 [02:24<00:08,  2.63it/s]
Processing frames:  94%|█████████▍| 374/396 [02:24<00:08,  2.64it/s]
Processing frames:  95%|█████████▍| 375/396 [02:25<00:08,  2.35it/s]
Processing frames:  95%|█████████▍| 376/396 [02:25<00:08,  2.44it/s]
Processing frames:  95%|█████████▌| 377/396 [02:26<00:07,  2.50it/s]
Processing frames:  95%|█████████▌| 378/396 [02:26<00:07,  2.55it/s]
Processing frames:  96%|█████████▌| 379/396 [02:27<00:06,  2.56it/s]
Processing frames:  96%|█████████▌| 380/396 [02:27<00:06,  2.50it/s]
Processing frames:  96%|█████████▌| 381/396 [02:27<00:05,  2.53it/s]
Processing frames:  96%|█████████▋| 382/396 [02:28<00:05,  2.56it/s]
Processing frames:  97%|█████████▋| 383/396 [02:28<00:05,  2.58it/s]
Processing frames:  97%|█████████▋| 384/396 [02:28<00:04,  2.62it/s]
Processing frames:  97%|█████████▋| 385/396 [02:29<00:04,  2.60it/s]
Processing frames:  97%|█████████▋| 386/396 [02:29<00:03,  2.63it/s]
Processing frames:  98%|█████████▊| 387/396 [02:30<00:03,  2.64it/s]
Processing frames:  98%|█████████▊| 388/396 [02:30<00:03,  2.66it/s]
Processing frames:  98%|█████████▊| 389/396 [02:30<00:02,  2.68it/s]
Processing frames:  98%|█████████▊| 390/396 [02:31<00:02,  2.70it/s]
Processing frames:  99%|█████████▊| 391/396 [02:31<00:01,  2.66it/s]
Processing frames:  99%|█████████▉| 392/396 [02:31<00:01,  2.65it/s]
Processing frames:  99%|█████████▉| 393/396 [02:32<00:01,  2.65it/s]
Processing frames:  99%|█████████▉| 394/396 [02:32<00:00,  2.66it/s]
Processing frames: 100%|█████████▉| 395/396 [02:33<00:00,  2.61it/s]
Processing frames: 100%|██████████| 396/396 [02:33<00:00,  2.59it/s]
Processing frames: 100%|██████████| 396/396 [02:33<00:00,  2.58it/s]

Processing frames:   0%|          | 0/194 [00:00<?, ?it/s]
Processing frames:   1%|          | 1/194 [00:00<01:00,  3.21it/s]
Processing frames:   1%|          | 2/194 [00:00<00:56,  3.37it/s]
Processing frames:   2%|▏         | 3/194 [00:00<00:54,  3.49it/s]
Processing frames:   2%|▏         | 4/194 [00:01<00:53,  3.56it/s]
Processing frames:   3%|▎         | 5/194 [00:01<00:52,  3.60it/s]
Processing frames:   3%|▎         | 6/194 [00:01<00:52,  3.56it/s]
Processing frames:   4%|▎         | 7/194 [00:01<00:52,  3.54it/s]
Processing frames:   4%|▍         | 8/194 [00:02<00:51,  3.58it/s]
Processing frames:   5%|▍         | 9/194 [00:02<00:51,  3.59it/s]
Processing frames:   5%|▌         | 10/194 [00:02<00:53,  3.47it/s]
Processing frames:   6%|▌         | 11/194 [00:03<00:54,  3.35it/s]
Processing frames:   6%|▌         | 12/194 [00:03<00:52,  3.45it/s]
Processing frames:   7%|▋         | 13/194 [00:03<00:51,  3.51it/s]
Processing frames:   7%|▋         | 14/194 [00:03<00:50,  3.55it/s]
Processing frames:   8%|▊         | 15/194 [00:04<00:50,  3.51it/s]
Processing frames:   8%|▊         | 16/194 [00:04<00:50,  3.52it/s]
Processing frames:   9%|▉         | 17/194 [00:04<00:50,  3.52it/s]
Processing frames:   9%|▉         | 18/194 [00:05<00:49,  3.54it/s]
Processing frames:  10%|▉         | 19/194 [00:05<00:49,  3.53it/s]
Processing frames:  10%|█         | 20/194 [00:05<00:48,  3.57it/s]
Processing frames:  11%|█         | 21/194 [00:05<00:48,  3.60it/s]
Processing frames:  11%|█▏        | 22/194 [00:06<00:47,  3.62it/s]
Processing frames:  12%|█▏        | 23/194 [00:06<00:47,  3.59it/s]
Processing frames:  12%|█▏        | 24/194 [00:06<00:47,  3.54it/s]
Processing frames:  13%|█▎        | 25/194 [00:07<00:47,  3.58it/s]
Processing frames:  13%|█▎        | 26/194 [00:07<00:46,  3.61it/s]
Processing frames:  14%|█▍        | 27/194 [00:07<00:46,  3.61it/s]
Processing frames:  14%|█▍        | 28/194 [00:07<00:45,  3.63it/s]
Processing frames:  15%|█▍        | 29/194 [00:08<00:45,  3.64it/s]
Processing frames:  15%|█▌        | 30/194 [00:08<00:44,  3.66it/s]
Processing frames:  16%|█▌        | 31/194 [00:08<00:44,  3.67it/s]
Processing frames:  16%|█▋        | 32/194 [00:08<00:44,  3.65it/s]
Processing frames:  17%|█▋        | 33/194 [00:09<00:44,  3.58it/s]
Processing frames:  18%|█▊        | 34/194 [00:09<00:45,  3.55it/s]
Processing frames:  18%|█▊        | 35/194 [00:09<00:44,  3.59it/s]
Processing frames:  19%|█▊        | 36/194 [00:10<00:43,  3.62it/s]
Processing frames:  19%|█▉        | 37/194 [00:10<00:43,  3.64it/s]
Processing frames:  20%|█▉        | 38/194 [00:10<00:43,  3.59it/s]
Processing frames:  20%|██        | 39/194 [00:10<00:42,  3.62it/s]
Processing frames:  21%|██        | 40/194 [00:11<00:42,  3.64it/s]
Processing frames:  21%|██        | 41/194 [00:11<00:41,  3.65it/s]
Processing frames:  22%|██▏       | 42/194 [00:11<00:42,  3.60it/s]
Processing frames:  22%|██▏       | 43/194 [00:12<00:47,  3.17it/s]
Processing frames:  23%|██▎       | 44/194 [00:12<00:45,  3.31it/s]
Processing frames:  23%|██▎       | 45/194 [00:12<00:43,  3.41it/s]
Processing frames:  24%|██▎       | 46/194 [00:12<00:42,  3.49it/s]
Processing frames:  24%|██▍       | 47/194 [00:13<00:42,  3.44it/s]
Processing frames:  25%|██▍       | 48/194 [00:13<00:41,  3.51it/s]
Processing frames:  25%|██▌       | 49/194 [00:13<00:40,  3.55it/s]
Processing frames:  26%|██▌       | 50/194 [00:14<00:40,  3.52it/s]
Processing frames:  26%|██▋       | 51/194 [00:14<00:40,  3.56it/s]
Processing frames:  27%|██▋       | 52/194 [00:14<00:39,  3.60it/s]
Processing frames:  27%|██▋       | 53/194 [00:14<00:38,  3.62it/s]
Processing frames:  28%|██▊       | 54/194 [00:15<00:38,  3.63it/s]
Processing frames:  28%|██▊       | 55/194 [00:15<00:38,  3.64it/s]
Processing frames:  29%|██▉       | 56/194 [00:15<00:37,  3.65it/s]
Processing frames:  29%|██▉       | 57/194 [00:16<00:37,  3.66it/s]
Processing frames:  30%|██▉       | 58/194 [00:16<00:37,  3.66it/s]
Processing frames:  30%|███       | 59/194 [00:16<00:37,  3.59it/s]
Processing frames:  31%|███       | 60/194 [00:16<00:37,  3.61it/s]
Processing frames:  31%|███▏      | 61/194 [00:17<00:36,  3.63it/s]
Processing frames:  32%|███▏      | 62/194 [00:17<00:36,  3.64it/s]
Processing frames:  32%|███▏      | 63/194 [00:17<00:35,  3.65it/s]
Processing frames:  33%|███▎      | 64/194 [00:17<00:35,  3.66it/s]
Processing frames:  34%|███▎      | 65/194 [00:18<00:35,  3.66it/s]
Processing frames:  34%|███▍      | 66/194 [00:18<00:34,  3.66it/s]
Processing frames:  35%|███▍      | 67/194 [00:18<00:34,  3.66it/s]
Processing frames:  35%|███▌      | 68/194 [00:19<00:35,  3.59it/s]
Processing frames:  36%|███▌      | 69/194 [00:19<00:34,  3.62it/s]
Processing frames:  36%|███▌      | 70/194 [00:19<00:34,  3.64it/s]
Processing frames:  37%|███▋      | 71/194 [00:19<00:33,  3.64it/s]
Processing frames:  37%|███▋      | 72/194 [00:20<00:33,  3.62it/s]
Processing frames:  38%|███▊      | 73/194 [00:20<00:33,  3.58it/s]
Processing frames:  38%|███▊      | 74/194 [00:20<00:33,  3.56it/s]
Processing frames:  39%|███▊      | 75/194 [00:21<00:33,  3.60it/s]
Processing frames:  39%|███▉      | 76/194 [00:21<00:32,  3.58it/s]
Processing frames:  40%|███▉      | 77/194 [00:21<00:32,  3.58it/s]
Processing frames:  40%|████      | 78/194 [00:21<00:32,  3.60it/s]
Processing frames:  41%|████      | 79/194 [00:22<00:31,  3.62it/s]
Processing frames:  41%|████      | 80/194 [00:22<00:31,  3.63it/s]
Processing frames:  42%|████▏     | 81/194 [00:22<00:31,  3.61it/s]
Processing frames:  42%|████▏     | 82/194 [00:22<00:31,  3.56it/s]
Processing frames:  43%|████▎     | 83/194 [00:23<00:30,  3.59it/s]
Processing frames:  43%|████▎     | 84/194 [00:23<00:30,  3.61it/s]
Processing frames:  44%|████▍     | 85/194 [00:23<00:30,  3.63it/s]
Processing frames:  44%|████▍     | 86/194 [00:24<00:29,  3.64it/s]
Processing frames:  45%|████▍     | 87/194 [00:24<00:29,  3.65it/s]
Processing frames:  45%|████▌     | 88/194 [00:24<00:29,  3.64it/s]
Processing frames:  46%|████▌     | 89/194 [00:24<00:29,  3.58it/s]
Processing frames:  46%|████▋     | 90/194 [00:25<00:28,  3.61it/s]
Processing frames:  47%|████▋     | 91/194 [00:25<00:28,  3.62it/s]
Processing frames:  47%|████▋     | 92/194 [00:25<00:28,  3.63it/s]
Processing frames:  48%|████▊     | 93/194 [00:26<00:31,  3.17it/s]
Processing frames:  48%|████▊     | 94/194 [00:26<00:30,  3.28it/s]
Processing frames:  49%|████▉     | 95/194 [00:26<00:29,  3.39it/s]
Processing frames:  49%|████▉     | 96/194 [00:26<00:28,  3.41it/s]
Processing frames:  50%|█████     | 97/194 [00:27<00:28,  3.45it/s]
Processing frames:  51%|█████     | 98/194 [00:27<00:27,  3.51it/s]
Processing frames:  51%|█████     | 99/194 [00:27<00:26,  3.55it/s]
Processing frames:  52%|█████▏    | 100/194 [00:28<00:26,  3.58it/s]
Processing frames:  52%|█████▏    | 101/194 [00:28<00:25,  3.60it/s]
Processing frames:  53%|█████▎    | 102/194 [00:28<00:25,  3.56it/s]
Processing frames:  53%|█████▎    | 103/194 [00:28<00:25,  3.59it/s]
Processing frames:  54%|█████▎    | 104/194 [00:29<00:24,  3.61it/s]
Processing frames:  54%|█████▍    | 105/194 [00:29<00:24,  3.62it/s]
Processing frames:  55%|█████▍    | 106/194 [00:29<00:24,  3.63it/s]
Processing frames:  55%|█████▌    | 107/194 [00:29<00:23,  3.63it/s]
Processing frames:  56%|█████▌    | 108/194 [00:30<00:23,  3.63it/s]
Processing frames:  56%|█████▌    | 109/194 [00:30<00:23,  3.61it/s]
Processing frames:  57%|█████▋    | 110/194 [00:30<00:24,  3.44it/s]
Processing frames:  57%|█████▋    | 111/194 [00:31<00:23,  3.50it/s]
Processing frames:  58%|█████▊    | 112/194 [00:31<00:23,  3.50it/s]
Processing frames:  58%|█████▊    | 113/194 [00:31<00:22,  3.54it/s]
Processing frames:  59%|█████▉    | 114/194 [00:31<00:22,  3.55it/s]
Processing frames:  59%|█████▉    | 115/194 [00:32<00:22,  3.58it/s]
Processing frames:  60%|█████▉    | 116/194 [00:32<00:21,  3.61it/s]
Processing frames:  60%|██████    | 117/194 [00:32<00:21,  3.52it/s]
Processing frames:  61%|██████    | 118/194 [00:33<00:21,  3.52it/s]
Processing frames:  61%|██████▏   | 119/194 [00:33<00:21,  3.54it/s]
Processing frames:  62%|██████▏   | 120/194 [00:33<00:20,  3.58it/s]
Processing frames:  62%|██████▏   | 121/194 [00:33<00:20,  3.54it/s]
Processing frames:  63%|██████▎   | 122/194 [00:34<00:20,  3.58it/s]
Processing frames:  63%|██████▎   | 123/194 [00:34<00:19,  3.60it/s]
Processing frames:  64%|██████▍   | 124/194 [00:34<00:19,  3.58it/s]
Processing frames:  64%|██████▍   | 125/194 [00:35<00:19,  3.60it/s]
Processing frames:  65%|██████▍   | 126/194 [00:35<00:18,  3.62it/s]
Processing frames:  65%|██████▌   | 127/194 [00:35<00:18,  3.54it/s]
Processing frames:  66%|██████▌   | 128/194 [00:35<00:18,  3.52it/s]
Processing frames:  66%|██████▋   | 129/194 [00:36<00:18,  3.56it/s]
Processing frames:  67%|██████▋   | 130/194 [00:36<00:17,  3.59it/s]
Processing frames:  68%|██████▊   | 131/194 [00:36<00:17,  3.56it/s]
Processing frames:  68%|██████▊   | 132/194 [00:37<00:17,  3.53it/s]
Processing frames:  69%|██████▊   | 133/194 [00:37<00:17,  3.46it/s]
Processing frames:  69%|██████▉   | 134/194 [00:37<00:17,  3.51it/s]
Processing frames:  70%|██████▉   | 135/194 [00:37<00:16,  3.55it/s]
Processing frames:  70%|███████   | 136/194 [00:38<00:27,  2.12it/s]
Processing frames:  71%|███████   | 137/194 [00:39<00:23,  2.42it/s]
Processing frames:  71%|███████   | 138/194 [00:39<00:21,  2.64it/s]
Processing frames:  72%|███████▏  | 139/194 [00:39<00:21,  2.55it/s]
Processing frames:  72%|███████▏  | 140/194 [00:40<00:19,  2.80it/s]
Processing frames:  73%|███████▎  | 141/194 [00:40<00:17,  2.98it/s]
Processing frames:  73%|███████▎  | 142/194 [00:40<00:16,  3.15it/s]
Processing frames:  74%|███████▎  | 143/194 [00:40<00:16,  3.18it/s]
Processing frames:  74%|███████▍  | 144/194 [00:41<00:15,  3.25it/s]
Processing frames:  75%|███████▍  | 145/194 [00:41<00:14,  3.37it/s]
Processing frames:  75%|███████▌  | 146/194 [00:41<00:14,  3.37it/s]
Processing frames:  76%|███████▌  | 147/194 [00:42<00:14,  3.15it/s]
Processing frames:  76%|███████▋  | 148/194 [00:42<00:14,  3.25it/s]
Processing frames:  77%|███████▋  | 149/194 [00:42<00:13,  3.37it/s]
Processing frames:  77%|███████▋  | 150/194 [00:43<00:12,  3.45it/s]
Processing frames:  78%|███████▊  | 151/194 [00:43<00:12,  3.51it/s]
Processing frames:  78%|███████▊  | 152/194 [00:43<00:11,  3.54it/s]
Processing frames:  79%|███████▉  | 153/194 [00:43<00:11,  3.52it/s]
Processing frames:  79%|███████▉  | 154/194 [00:44<00:11,  3.42it/s]
Processing frames:  80%|███████▉  | 155/194 [00:44<00:11,  3.49it/s]
Processing frames:  80%|████████  | 156/194 [00:44<00:10,  3.50it/s]
Processing frames:  81%|████████  | 157/194 [00:44<00:10,  3.53it/s]
Processing frames:  81%|████████▏ | 158/194 [00:45<00:10,  3.56it/s]
Processing frames:  82%|████████▏ | 159/194 [00:45<00:09,  3.59it/s]
Processing frames:  82%|████████▏ | 160/194 [00:45<00:09,  3.53it/s]
Processing frames:  83%|████████▎ | 161/194 [00:46<00:09,  3.57it/s]
Processing frames:  84%|████████▎ | 162/194 [00:46<00:09,  3.55it/s]
Processing frames:  84%|████████▍ | 163/194 [00:46<00:08,  3.58it/s]
Processing frames:  85%|████████▍ | 164/194 [00:46<00:08,  3.60it/s]
Processing frames:  85%|████████▌ | 165/194 [00:47<00:08,  3.55it/s]
Processing frames:  86%|████████▌ | 166/194 [00:47<00:08,  3.49it/s]
Processing frames:  86%|████████▌ | 167/194 [00:47<00:07,  3.53it/s]
Processing frames:  87%|████████▋ | 168/194 [00:48<00:07,  3.56it/s]
Processing frames:  87%|████████▋ | 169/194 [00:48<00:07,  3.55it/s]
Processing frames:  88%|████████▊ | 170/194 [00:48<00:06,  3.58it/s]
Processing frames:  88%|████████▊ | 171/194 [00:48<00:06,  3.53it/s]
Processing frames:  89%|████████▊ | 172/194 [00:49<00:06,  3.52it/s]
Processing frames:  89%|████████▉ | 173/194 [00:49<00:05,  3.55it/s]
Processing frames:  90%|████████▉ | 174/194 [00:49<00:05,  3.55it/s]
Processing frames:  90%|█████████ | 175/194 [00:50<00:05,  3.52it/s]
Processing frames:  91%|█████████ | 176/194 [00:50<00:05,  3.55it/s]
Processing frames:  91%|█████████ | 177/194 [00:50<00:04,  3.51it/s]
Processing frames:  92%|█████████▏| 178/194 [00:50<00:04,  3.52it/s]
Processing frames:  92%|█████████▏| 179/194 [00:51<00:04,  3.50it/s]
Processing frames:  93%|█████████▎| 180/194 [00:51<00:03,  3.51it/s]
Processing frames:  93%|█████████▎| 181/194 [00:51<00:03,  3.51it/s]
Processing frames:  94%|█████████▍| 182/194 [00:52<00:03,  3.56it/s]
Processing frames:  94%|█████████▍| 183/194 [00:52<00:03,  3.58it/s]
Processing frames:  95%|█████████▍| 184/194 [00:52<00:02,  3.59it/s]
Processing frames:  95%|█████████▌| 185/194 [00:52<00:02,  3.58it/s]
Processing frames:  96%|█████████▌| 186/194 [00:53<00:02,  3.60it/s]
Processing frames:  96%|█████████▋| 187/194 [00:53<00:01,  3.62it/s]
Processing frames:  97%|█████████▋| 188/194 [00:53<00:01,  3.61it/s]
Processing frames:  97%|█████████▋| 189/194 [00:53<00:01,  3.57it/s]
Processing frames:  98%|█████████▊| 190/194 [00:54<00:01,  3.59it/s]
Processing frames:  98%|█████████▊| 191/194 [00:54<00:00,  3.60it/s]
Processing frames:  99%|█████████▉| 192/194 [00:54<00:00,  3.50it/s]
Processing frames:  99%|█████████▉| 193/194 [00:55<00:00,  3.54it/s]
Processing frames: 100%|██████████| 194/194 [00:55<00:00,  3.52it/s]
Processing frames: 100%|██████████| 194/194 [00:55<00:00,  3.50it/s]

Processing frames:   0%|          | 0/4 [00:00<?, ?it/s]
Processing frames:  25%|██▌       | 1/4 [00:00<00:01,  2.45it/s]
Processing frames:  50%|█████     | 2/4 [00:00<00:00,  2.48it/s]
Processing frames:  75%|███████▌  | 3/4 [00:01<00:00,  2.47it/s]
Processing frames: 100%|██████████| 4/4 [00:01<00:00,  2.41it/s]
Processing frames: 100%|██████████| 4/4 [00:01<00:00,  2.43it/s]

Processing frames:   0%|          | 0/35 [00:00<?, ?it/s]
Processing frames:   3%|▎         | 1/35 [00:00<00:15,  2.22it/s]
Processing frames:   6%|▌         | 2/35 [00:00<00:14,  2.29it/s]
Processing frames:   9%|▊         | 3/35 [00:01<00:14,  2.27it/s]
Processing frames:  11%|█▏        | 4/35 [00:01<00:13,  2.26it/s]
Processing frames:  14%|█▍        | 5/35 [00:02<00:13,  2.23it/s]
Processing frames:  17%|█▋        | 6/35 [00:02<00:12,  2.28it/s]
Processing frames:  20%|██        | 7/35 [00:03<00:11,  2.36it/s]
Processing frames:  23%|██▎       | 8/35 [00:03<00:11,  2.38it/s]
Processing frames:  26%|██▌       | 9/35 [00:03<00:10,  2.43it/s]
Processing frames:  29%|██▊       | 10/35 [00:04<00:10,  2.39it/s]
Processing frames:  31%|███▏      | 11/35 [00:04<00:09,  2.40it/s]
Processing frames:  34%|███▍      | 12/35 [00:05<00:09,  2.42it/s]
Processing frames:  37%|███▋      | 13/35 [00:05<00:09,  2.38it/s]
Processing frames:  40%|████      | 14/35 [00:05<00:08,  2.38it/s]
Processing frames:  43%|████▎     | 15/35 [00:06<00:08,  2.37it/s]
Processing frames:  46%|████▌     | 16/35 [00:06<00:08,  2.34it/s]
Processing frames:  49%|████▊     | 17/35 [00:07<00:07,  2.33it/s]
Processing frames:  51%|█████▏    | 18/35 [00:07<00:07,  2.34it/s]
Processing frames:  54%|█████▍    | 19/35 [00:08<00:06,  2.31it/s]
Processing frames:  57%|█████▋    | 20/35 [00:08<00:06,  2.32it/s]
Processing frames:  60%|██████    | 21/35 [00:08<00:06,  2.32it/s]
Processing frames:  63%|██████▎   | 22/35 [00:09<00:05,  2.37it/s]
Processing frames:  66%|██████▌   | 23/35 [00:09<00:05,  2.39it/s]
Processing frames:  69%|██████▊   | 24/35 [00:10<00:04,  2.37it/s]
Processing frames:  71%|███████▏  | 25/35 [00:10<00:04,  2.35it/s]
Processing frames:  74%|███████▍  | 26/35 [00:11<00:03,  2.36it/s]
Processing frames:  77%|███████▋  | 27/35 [00:11<00:03,  2.38it/s]
Processing frames:  80%|████████  | 28/35 [00:11<00:02,  2.38it/s]
Processing frames:  83%|████████▎ | 29/35 [00:12<00:02,  2.40it/s]
Processing frames:  86%|████████▌ | 30/35 [00:12<00:02,  2.37it/s]
Processing frames:  89%|████████▊ | 31/35 [00:13<00:01,  2.36it/s]
Processing frames:  91%|█████████▏| 32/35 [00:13<00:01,  2.36it/s]
Processing frames:  94%|█████████▍| 33/35 [00:13<00:00,  2.41it/s]
Processing frames:  97%|█████████▋| 34/35 [00:14<00:00,  2.37it/s]
Processing frames: 100%|██████████| 35/35 [00:14<00:00,  2.30it/s]
Processing frames: 100%|██████████| 35/35 [00:14<00:00,  2.35it/s]

Processing frames:   0%|          | 0/251 [00:00<?, ?it/s]
Processing frames:   0%|          | 1/251 [00:00<01:47,  2.33it/s]
Processing frames:   1%|          | 2/251 [00:00<01:44,  2.39it/s]
Processing frames:   1%|          | 3/251 [00:01<01:42,  2.42it/s]
Processing frames:   2%|▏         | 4/251 [00:01<01:40,  2.46it/s]
Processing frames:   2%|▏         | 5/251 [00:02<01:40,  2.45it/s]
Processing frames:   2%|▏         | 6/251 [00:02<01:40,  2.45it/s]
Processing frames:   3%|▎         | 7/251 [00:02<01:39,  2.44it/s]
Processing frames:   3%|▎         | 8/251 [00:03<01:38,  2.47it/s]
Processing frames:   4%|▎         | 9/251 [00:03<01:39,  2.42it/s]
Processing frames:   4%|▍         | 10/251 [00:04<01:39,  2.43it/s]
Processing frames:   4%|▍         | 11/251 [00:04<01:39,  2.42it/s]
Processing frames:   5%|▍         | 12/251 [00:04<01:37,  2.45it/s]
Processing frames:   5%|▌         | 13/251 [00:05<01:36,  2.46it/s]
Processing frames:   6%|▌         | 14/251 [00:05<01:35,  2.48it/s]
Processing frames:   6%|▌         | 15/251 [00:06<01:35,  2.48it/s]
Processing frames:   6%|▋         | 16/251 [00:06<01:34,  2.50it/s]
Processing frames:   7%|▋         | 17/251 [00:06<01:36,  2.43it/s]
Processing frames:   7%|▋         | 18/251 [00:07<01:34,  2.48it/s]
Processing frames:   8%|▊         | 19/251 [00:07<01:33,  2.47it/s]
Processing frames:   8%|▊         | 20/251 [00:08<01:33,  2.47it/s]
Processing frames:   8%|▊         | 21/251 [00:08<01:32,  2.48it/s]
Processing frames:   9%|▉         | 22/251 [00:08<01:32,  2.47it/s]
Processing frames:   9%|▉         | 23/251 [00:09<01:32,  2.47it/s]
Processing frames:  10%|▉         | 24/251 [00:09<01:31,  2.47it/s]
Processing frames:  10%|▉         | 25/251 [00:10<01:31,  2.47it/s]
Processing frames:  10%|█         | 26/251 [00:10<01:29,  2.51it/s]
Processing frames:  11%|█         | 27/251 [00:11<01:38,  2.29it/s]
Processing frames:  11%|█         | 28/251 [00:11<01:36,  2.32it/s]
Processing frames:  12%|█▏        | 29/251 [00:11<01:36,  2.30it/s]
Processing frames:  12%|█▏        | 30/251 [00:12<01:34,  2.33it/s]
Processing frames:  12%|█▏        | 31/251 [00:12<01:33,  2.35it/s]
Processing frames:  13%|█▎        | 32/251 [00:13<01:33,  2.35it/s]
Processing frames:  13%|█▎        | 33/251 [00:13<01:31,  2.38it/s]
Processing frames:  14%|█▎        | 34/251 [00:14<01:31,  2.36it/s]
Processing frames:  14%|█▍        | 35/251 [00:14<01:30,  2.39it/s]
Processing frames:  14%|█▍        | 36/251 [00:14<01:28,  2.42it/s]
Processing frames:  15%|█▍        | 37/251 [00:15<01:30,  2.38it/s]
Processing frames:  15%|█▌        | 38/251 [00:15<01:28,  2.40it/s]
Processing frames:  16%|█▌        | 39/251 [00:16<01:27,  2.42it/s]
Processing frames:  16%|█▌        | 40/251 [00:16<01:26,  2.44it/s]
Processing frames:  16%|█▋        | 41/251 [00:16<01:27,  2.41it/s]
Processing frames:  17%|█▋        | 42/251 [00:17<01:26,  2.42it/s]
Processing frames:  17%|█▋        | 43/251 [00:17<01:26,  2.40it/s]
Processing frames:  18%|█▊        | 44/251 [00:18<01:27,  2.38it/s]
Processing frames:  18%|█▊        | 45/251 [00:18<01:24,  2.42it/s]
Processing frames:  18%|█▊        | 46/251 [00:18<01:23,  2.46it/s]
Processing frames:  19%|█▊        | 47/251 [00:19<01:23,  2.44it/s]
Processing frames:  19%|█▉        | 48/251 [00:19<01:23,  2.43it/s]
Processing frames:  20%|█▉        | 49/251 [00:20<01:22,  2.46it/s]
Processing frames:  20%|█▉        | 50/251 [00:20<01:21,  2.45it/s]
Processing frames:  20%|██        | 51/251 [00:21<01:22,  2.43it/s]
Processing frames:  21%|██        | 52/251 [00:21<01:20,  2.46it/s]
Processing frames:  21%|██        | 53/251 [00:21<01:21,  2.44it/s]
Processing frames:  22%|██▏       | 54/251 [00:22<01:20,  2.45it/s]
Processing frames:  22%|██▏       | 55/251 [00:22<01:20,  2.45it/s]
Processing frames:  22%|██▏       | 56/251 [00:23<01:19,  2.45it/s]
Processing frames:  23%|██▎       | 57/251 [00:23<01:18,  2.48it/s]
Processing frames:  23%|██▎       | 58/251 [00:23<01:17,  2.48it/s]
Processing frames:  24%|██▎       | 59/251 [00:24<01:18,  2.45it/s]
Processing frames:  24%|██▍       | 60/251 [00:24<01:17,  2.45it/s]
Processing frames:  24%|██▍       | 61/251 [00:25<01:17,  2.46it/s]
Processing frames:  25%|██▍       | 62/251 [00:25<01:16,  2.47it/s]
Processing frames:  25%|██▌       | 63/251 [00:25<01:16,  2.47it/s]
Processing frames:  25%|██▌       | 64/251 [00:26<01:16,  2.44it/s]
Processing frames:  26%|██▌       | 65/251 [00:26<01:16,  2.44it/s]
Processing frames:  26%|██▋       | 66/251 [00:27<01:16,  2.42it/s]
Processing frames:  27%|██▋       | 67/251 [00:27<01:16,  2.40it/s]
Processing frames:  27%|██▋       | 68/251 [00:27<01:15,  2.43it/s]
Processing frames:  27%|██▋       | 69/251 [00:28<01:15,  2.40it/s]
Processing frames:  28%|██▊       | 70/251 [00:28<01:15,  2.41it/s]
Processing frames:  28%|██▊       | 71/251 [00:29<01:14,  2.43it/s]
Processing frames:  29%|██▊       | 72/251 [00:29<01:13,  2.44it/s]
Processing frames:  29%|██▉       | 73/251 [00:30<01:12,  2.45it/s]
Processing frames:  29%|██▉       | 74/251 [00:30<01:12,  2.45it/s]
Processing frames:  30%|██▉       | 75/251 [00:30<01:11,  2.45it/s]
Processing frames:  30%|███       | 76/251 [00:31<01:11,  2.46it/s]
Processing frames:  31%|███       | 77/251 [00:31<01:12,  2.41it/s]
Processing frames:  31%|███       | 78/251 [00:32<01:10,  2.47it/s]
Processing frames:  31%|███▏      | 79/251 [00:32<01:09,  2.46it/s]
Processing frames:  32%|███▏      | 80/251 [00:32<01:14,  2.31it/s]
Processing frames:  32%|███▏      | 81/251 [00:33<01:13,  2.33it/s]
Processing frames:  33%|███▎      | 82/251 [00:33<01:10,  2.38it/s]
Processing frames:  33%|███▎      | 83/251 [00:34<01:10,  2.37it/s]
Processing frames:  33%|███▎      | 84/251 [00:34<01:09,  2.39it/s]
Processing frames:  34%|███▍      | 85/251 [00:35<01:10,  2.36it/s]
Processing frames:  34%|███▍      | 86/251 [00:35<01:08,  2.40it/s]
Processing frames:  35%|███▍      | 87/251 [00:35<01:09,  2.37it/s]
Processing frames:  35%|███▌      | 88/251 [00:36<01:07,  2.41it/s]
Processing frames:  35%|███▌      | 89/251 [00:36<01:06,  2.44it/s]
Processing frames:  36%|███▌      | 90/251 [00:37<01:06,  2.42it/s]
Processing frames:  36%|███▋      | 91/251 [00:37<01:05,  2.44it/s]
Processing frames:  37%|███▋      | 92/251 [00:37<01:04,  2.45it/s]
Processing frames:  37%|███▋      | 93/251 [00:38<01:04,  2.45it/s]
Processing frames:  37%|███▋      | 94/251 [00:38<01:04,  2.44it/s]
Processing frames:  38%|███▊      | 95/251 [00:39<01:03,  2.45it/s]
Processing frames:  38%|███▊      | 96/251 [00:39<01:03,  2.45it/s]
Processing frames:  39%|███▊      | 97/251 [00:39<01:02,  2.45it/s]
Processing frames:  39%|███▉      | 98/251 [00:40<01:02,  2.46it/s]
Processing frames:  39%|███▉      | 99/251 [00:40<01:01,  2.46it/s]
Processing frames:  40%|███▉      | 100/251 [00:41<01:01,  2.45it/s]
Processing frames:  40%|████      | 101/251 [00:41<01:02,  2.39it/s]
Processing frames:  41%|████      | 102/251 [00:42<01:02,  2.39it/s]
Processing frames:  41%|████      | 103/251 [00:42<01:01,  2.40it/s]
Processing frames:  41%|████▏     | 104/251 [00:42<01:01,  2.40it/s]
Processing frames:  42%|████▏     | 105/251 [00:43<01:00,  2.42it/s]
Processing frames:  42%|████▏     | 106/251 [00:43<00:59,  2.43it/s]
Processing frames:  43%|████▎     | 107/251 [00:44<01:03,  2.27it/s]
Processing frames:  43%|████▎     | 108/251 [00:44<01:01,  2.33it/s]
Processing frames:  43%|████▎     | 109/251 [00:45<01:00,  2.34it/s]
Processing frames:  44%|████▍     | 110/251 [00:45<01:00,  2.33it/s]
Processing frames:  44%|████▍     | 111/251 [00:45<00:59,  2.35it/s]
Processing frames:  45%|████▍     | 112/251 [00:46<00:58,  2.38it/s]
Processing frames:  45%|████▌     | 113/251 [00:46<00:57,  2.40it/s]
Processing frames:  45%|████▌     | 114/251 [00:47<00:57,  2.39it/s]
Processing frames:  46%|████▌     | 115/251 [00:47<00:57,  2.36it/s]
Processing frames:  46%|████▌     | 116/251 [00:47<00:56,  2.39it/s]
Processing frames:  47%|████▋     | 117/251 [00:48<00:55,  2.41it/s]
Processing frames:  47%|████▋     | 118/251 [00:48<00:55,  2.42it/s]
Processing frames:  47%|████▋     | 119/251 [00:49<00:54,  2.41it/s]
Processing frames:  48%|████▊     | 120/251 [00:49<00:54,  2.42it/s]
Processing frames:  48%|████▊     | 121/251 [00:50<00:55,  2.35it/s]
Processing frames:  49%|████▊     | 122/251 [00:50<00:54,  2.36it/s]
Processing frames:  49%|████▉     | 123/251 [00:50<00:53,  2.38it/s]
Processing frames:  49%|████▉     | 124/251 [00:51<00:53,  2.39it/s]
Processing frames:  50%|████▉     | 125/251 [00:51<00:52,  2.41it/s]
Processing frames:  50%|█████     | 126/251 [00:52<00:52,  2.39it/s]
Processing frames:  51%|█████     | 127/251 [00:52<00:51,  2.40it/s]
Processing frames:  51%|█████     | 128/251 [00:52<00:51,  2.39it/s]
Processing frames:  51%|█████▏    | 129/251 [00:53<00:50,  2.40it/s]
Processing frames:  52%|█████▏    | 130/251 [00:53<00:49,  2.43it/s]
Processing frames:  52%|█████▏    | 131/251 [00:54<00:49,  2.44it/s]
Processing frames:  53%|█████▎    | 132/251 [00:54<00:48,  2.45it/s]
Processing frames:  53%|█████▎    | 133/251 [00:54<00:47,  2.48it/s]
Processing frames:  53%|█████▎    | 134/251 [00:55<00:46,  2.51it/s]
Processing frames:  54%|█████▍    | 135/251 [00:55<00:46,  2.49it/s]
Processing frames:  54%|█████▍    | 136/251 [00:56<00:45,  2.50it/s]
Processing frames:  55%|█████▍    | 137/251 [00:56<00:45,  2.49it/s]
Processing frames:  55%|█████▍    | 138/251 [00:57<00:46,  2.43it/s]
Processing frames:  55%|█████▌    | 139/251 [00:57<00:45,  2.47it/s]
Processing frames:  56%|█████▌    | 140/251 [00:57<00:45,  2.47it/s]
Processing frames:  56%|█████▌    | 141/251 [00:58<00:44,  2.47it/s]
Processing frames:  57%|█████▋    | 142/251 [00:58<00:43,  2.50it/s]
Processing frames:  57%|█████▋    | 143/251 [00:59<00:43,  2.50it/s]
Processing frames:  57%|█████▋    | 144/251 [00:59<00:42,  2.53it/s]
Processing frames:  58%|█████▊    | 145/251 [00:59<00:42,  2.49it/s]
Processing frames:  58%|█████▊    | 146/251 [01:00<00:42,  2.48it/s]
Processing frames:  59%|█████▊    | 147/251 [01:00<00:41,  2.49it/s]
Processing frames:  59%|█████▉    | 148/251 [01:01<00:41,  2.51it/s]
Processing frames:  59%|█████▉    | 149/251 [01:01<00:40,  2.52it/s]
Processing frames:  60%|█████▉    | 150/251 [01:01<00:39,  2.54it/s]
Processing frames:  60%|██████    | 151/251 [01:02<00:40,  2.46it/s]
Processing frames:  61%|██████    | 152/251 [01:02<00:39,  2.49it/s]
Processing frames:  61%|██████    | 153/251 [01:03<00:39,  2.49it/s]
Processing frames:  61%|██████▏   | 154/251 [01:03<00:38,  2.51it/s]
Processing frames:  62%|██████▏   | 155/251 [01:03<00:37,  2.54it/s]
Processing frames:  62%|██████▏   | 156/251 [01:04<00:37,  2.54it/s]
Processing frames:  63%|██████▎   | 157/251 [01:04<00:37,  2.53it/s]
Processing frames:  63%|██████▎   | 158/251 [01:04<00:36,  2.54it/s]
Processing frames:  63%|██████▎   | 159/251 [01:05<00:36,  2.52it/s]
Processing frames:  64%|██████▎   | 160/251 [01:05<00:35,  2.53it/s]
Processing frames:  64%|██████▍   | 161/251 [01:06<00:35,  2.53it/s]
Processing frames:  65%|██████▍   | 162/251 [01:06<00:35,  2.54it/s]
Processing frames:  65%|██████▍   | 163/251 [01:06<00:34,  2.55it/s]
Processing frames:  65%|██████▌   | 164/251 [01:07<00:34,  2.54it/s]
Processing frames:  66%|██████▌   | 165/251 [01:07<00:34,  2.51it/s]
Processing frames:  66%|██████▌   | 166/251 [01:08<00:33,  2.52it/s]
Processing frames:  67%|██████▋   | 167/251 [01:08<00:33,  2.52it/s]
Processing frames:  67%|██████▋   | 168/251 [01:08<00:32,  2.53it/s]
Processing frames:  67%|██████▋   | 169/251 [01:09<00:32,  2.54it/s]
Processing frames:  68%|██████▊   | 170/251 [01:09<00:31,  2.54it/s]
Processing frames:  68%|██████▊   | 171/251 [01:10<00:31,  2.52it/s]
Processing frames:  69%|██████▊   | 172/251 [01:10<00:31,  2.53it/s]
Processing frames:  69%|██████▉   | 173/251 [01:10<00:31,  2.51it/s]
Processing frames:  69%|██████▉   | 174/251 [01:11<00:30,  2.51it/s]
Processing frames:  70%|██████▉   | 175/251 [01:11<00:30,  2.53it/s]
Processing frames:  70%|███████   | 176/251 [01:12<00:29,  2.54it/s]
Processing frames:  71%|███████   | 177/251 [01:12<00:29,  2.53it/s]
Processing frames:  71%|███████   | 178/251 [01:12<00:28,  2.54it/s]
Processing frames:  71%|███████▏  | 179/251 [01:13<00:28,  2.54it/s]
Processing frames:  72%|███████▏  | 180/251 [01:13<00:28,  2.53it/s]
Processing frames:  72%|███████▏  | 181/251 [01:14<00:27,  2.50it/s]
Processing frames:  73%|███████▎  | 182/251 [01:14<00:27,  2.51it/s]
Processing frames:  73%|███████▎  | 183/251 [01:14<00:26,  2.52it/s]
Processing frames:  73%|███████▎  | 184/251 [01:15<00:26,  2.51it/s]
Processing frames:  74%|███████▎  | 185/251 [01:15<00:26,  2.52it/s]
Processing frames:  74%|███████▍  | 186/251 [01:16<00:25,  2.52it/s]
Processing frames:  75%|███████▍  | 187/251 [01:16<00:25,  2.51it/s]
Processing frames:  75%|███████▍  | 188/251 [01:16<00:24,  2.52it/s]
Processing frames:  75%|███████▌  | 189/251 [01:17<00:24,  2.53it/s]
Processing frames:  76%|███████▌  | 190/251 [01:17<00:24,  2.49it/s]
Processing frames:  76%|███████▌  | 191/251 [01:18<00:23,  2.51it/s]
Processing frames:  76%|███████▋  | 192/251 [01:18<00:23,  2.49it/s]
Processing frames:  77%|███████▋  | 193/251 [01:18<00:23,  2.46it/s]
Processing frames:  77%|███████▋  | 194/251 [01:19<00:23,  2.48it/s]
Processing frames:  78%|███████▊  | 195/251 [01:19<00:22,  2.50it/s]
Processing frames:  78%|███████▊  | 196/251 [01:20<00:22,  2.49it/s]
Processing frames:  78%|███████▊  | 197/251 [01:20<00:21,  2.52it/s]
Processing frames:  79%|███████▉  | 198/251 [01:20<00:21,  2.48it/s]
Processing frames:  79%|███████▉  | 199/251 [01:21<00:20,  2.48it/s]
Processing frames:  80%|███████▉  | 200/251 [01:21<00:20,  2.51it/s]
Processing frames:  80%|████████  | 201/251 [01:22<00:19,  2.53it/s]
Processing frames:  80%|████████  | 202/251 [01:22<00:19,  2.54it/s]
Processing frames:  81%|████████  | 203/251 [01:22<00:19,  2.50it/s]
Processing frames:  81%|████████▏ | 204/251 [01:23<00:18,  2.50it/s]
Processing frames:  82%|████████▏ | 205/251 [01:23<00:18,  2.51it/s]
Processing frames:  82%|████████▏ | 206/251 [01:24<00:17,  2.52it/s]
Processing frames:  82%|████████▏ | 207/251 [01:24<00:17,  2.51it/s]
Processing frames:  83%|████████▎ | 208/251 [01:25<00:19,  2.19it/s]
Processing frames:  83%|████████▎ | 209/251 [01:25<00:18,  2.30it/s]
Processing frames:  84%|████████▎ | 210/251 [01:25<00:17,  2.37it/s]
Processing frames:  84%|████████▍ | 211/251 [01:26<00:17,  2.34it/s]
Processing frames:  84%|████████▍ | 212/251 [01:26<00:16,  2.40it/s]
Processing frames:  85%|████████▍ | 213/251 [01:27<00:15,  2.43it/s]
Processing frames:  85%|████████▌ | 214/251 [01:27<00:15,  2.46it/s]
Processing frames:  86%|████████▌ | 215/251 [01:27<00:14,  2.46it/s]
Processing frames:  86%|████████▌ | 216/251 [01:28<00:14,  2.46it/s]
Processing frames:  86%|████████▋ | 217/251 [01:28<00:13,  2.44it/s]
Processing frames:  87%|████████▋ | 218/251 [01:29<00:13,  2.43it/s]
Processing frames:  87%|████████▋ | 219/251 [01:29<00:13,  2.46it/s]
Processing frames:  88%|████████▊ | 220/251 [01:29<00:12,  2.46it/s]
Processing frames:  88%|████████▊ | 221/251 [01:30<00:12,  2.47it/s]
Processing frames:  88%|████████▊ | 222/251 [01:30<00:11,  2.47it/s]
Processing frames:  89%|████████▉ | 223/251 [01:31<00:11,  2.46it/s]
Processing frames:  89%|████████▉ | 224/251 [01:31<00:11,  2.44it/s]
Processing frames:  90%|████████▉ | 225/251 [01:31<00:10,  2.43it/s]
Processing frames:  90%|█████████ | 226/251 [01:32<00:10,  2.42it/s]
Processing frames:  90%|█████████ | 227/251 [01:32<00:09,  2.43it/s]
Processing frames:  91%|█████████ | 228/251 [01:33<00:09,  2.43it/s]
Processing frames:  91%|█████████ | 229/251 [01:33<00:09,  2.44it/s]
Processing frames:  92%|█████████▏| 230/251 [01:33<00:08,  2.45it/s]
Processing frames:  92%|█████████▏| 231/251 [01:34<00:08,  2.42it/s]
Processing frames:  92%|█████████▏| 232/251 [01:34<00:07,  2.45it/s]
Processing frames:  93%|█████████▎| 233/251 [01:35<00:07,  2.47it/s]
Processing frames:  93%|█████████▎| 234/251 [01:35<00:06,  2.49it/s]
Processing frames:  94%|█████████▎| 235/251 [01:35<00:06,  2.50it/s]
Processing frames:  94%|█████████▍| 236/251 [01:36<00:05,  2.50it/s]
Processing frames:  94%|█████████▍| 237/251 [01:36<00:05,  2.49it/s]
Processing frames:  95%|█████████▍| 238/251 [01:37<00:05,  2.48it/s]
Processing frames:  95%|█████████▌| 239/251 [01:37<00:04,  2.49it/s]
Processing frames:  96%|█████████▌| 240/251 [01:37<00:04,  2.50it/s]
Processing frames:  96%|█████████▌| 241/251 [01:38<00:04,  2.46it/s]
Processing frames:  96%|█████████▋| 242/251 [01:38<00:03,  2.42it/s]
Processing frames:  97%|█████████▋| 243/251 [01:39<00:03,  2.45it/s]
Processing frames:  97%|█████████▋| 244/251 [01:39<00:02,  2.44it/s]
Processing frames:  98%|█████████▊| 245/251 [01:40<00:02,  2.42it/s]
Processing frames:  98%|█████████▊| 246/251 [01:40<00:02,  2.40it/s]
Processing frames:  98%|█████████▊| 247/251 [01:40<00:01,  2.41it/s]
Processing frames:  99%|█████████▉| 248/251 [01:41<00:01,  2.43it/s]
Processing frames:  99%|█████████▉| 249/251 [01:41<00:00,  2.46it/s]
Processing frames: 100%|█████████▉| 250/251 [01:42<00:00,  2.44it/s]
Processing frames: 100%|██████████| 251/251 [01:42<00:00,  2.43it/s]
Processing frames: 100%|██████████| 251/251 [01:42<00:00,  2.45it/s]

Processing frames:   0%|          | 0/30 [00:00<?, ?it/s]
Processing frames:   3%|▎         | 1/30 [00:00<00:10,  2.84it/s]
Processing frames:   7%|▋         | 2/30 [00:00<00:09,  2.93it/s]
Processing frames:  10%|█         | 3/30 [00:01<00:08,  3.03it/s]
Processing frames:  13%|█▎        | 4/30 [00:01<00:08,  3.08it/s]
Processing frames:  17%|█▋        | 5/30 [00:01<00:07,  3.13it/s]
Processing frames:  20%|██        | 6/30 [00:01<00:07,  3.07it/s]
Processing frames:  23%|██▎       | 7/30 [00:02<00:07,  3.06it/s]
Processing frames:  27%|██▋       | 8/30 [00:02<00:07,  3.05it/s]
Processing frames:  30%|███       | 9/30 [00:02<00:06,  3.07it/s]
Processing frames:  33%|███▎      | 10/30 [00:03<00:06,  3.06it/s]
Processing frames:  37%|███▋      | 11/30 [00:03<00:06,  3.07it/s]
Processing frames:  40%|████      | 12/30 [00:03<00:06,  2.96it/s]
Processing frames:  43%|████▎     | 13/30 [00:04<00:05,  3.01it/s]
Processing frames:  47%|████▋     | 14/30 [00:04<00:05,  3.03it/s]
Processing frames:  50%|█████     | 15/30 [00:04<00:04,  3.07it/s]
Processing frames:  53%|█████▎    | 16/30 [00:05<00:04,  3.06it/s]
Processing frames:  57%|█████▋    | 17/30 [00:05<00:04,  3.01it/s]
Processing frames:  60%|██████    | 18/30 [00:05<00:03,  3.05it/s]
Processing frames:  63%|██████▎   | 19/30 [00:06<00:03,  3.08it/s]
Processing frames:  67%|██████▋   | 20/30 [00:06<00:03,  3.11it/s]
Processing frames:  70%|███████   | 21/30 [00:06<00:02,  3.13it/s]
Processing frames:  73%|███████▎  | 22/30 [00:07<00:02,  3.11it/s]
Processing frames:  77%|███████▋  | 23/30 [00:07<00:02,  3.13it/s]
Processing frames:  80%|████████  | 24/30 [00:07<00:01,  3.14it/s]
Processing frames:  83%|████████▎ | 25/30 [00:08<00:01,  3.14it/s]
Processing frames:  87%|████████▋ | 26/30 [00:08<00:01,  3.15it/s]
Processing frames:  90%|█████████ | 27/30 [00:08<00:00,  3.14it/s]
Processing frames:  93%|█████████▎| 28/30 [00:09<00:00,  3.14it/s]
Processing frames:  97%|█████████▋| 29/30 [00:09<00:00,  3.06it/s]
Processing frames: 100%|██████████| 30/30 [00:09<00:00,  3.08it/s]
Processing frames: 100%|██████████| 30/30 [00:09<00:00,  3.07it/s]

Processing frames:   0%|          | 0/297 [00:00<?, ?it/s]
Processing frames:   0%|          | 1/297 [00:00<02:12,  2.24it/s]
Processing frames:   1%|          | 2/297 [00:00<02:15,  2.17it/s]
Processing frames:   1%|          | 3/297 [00:01<02:10,  2.25it/s]
Processing frames:   1%|▏         | 4/297 [00:01<02:05,  2.33it/s]
Processing frames:   2%|▏         | 5/297 [00:02<02:05,  2.33it/s]
Processing frames:   2%|▏         | 6/297 [00:02<02:01,  2.39it/s]
Processing frames:   2%|▏         | 7/297 [00:03<02:03,  2.35it/s]
Processing frames:   3%|▎         | 8/297 [00:03<02:03,  2.34it/s]
Processing frames:   3%|▎         | 9/297 [00:03<02:02,  2.36it/s]
Processing frames:   3%|▎         | 10/297 [00:04<02:00,  2.38it/s]
Processing frames:   4%|▎         | 11/297 [00:04<01:59,  2.38it/s]
Processing frames:   4%|▍         | 12/297 [00:05<01:59,  2.39it/s]
Processing frames:   4%|▍         | 13/297 [00:05<01:58,  2.40it/s]
Processing frames:   5%|▍         | 14/297 [00:05<01:57,  2.41it/s]
Processing frames:   5%|▌         | 15/297 [00:06<02:10,  2.16it/s]
Processing frames:   5%|▌         | 16/297 [00:06<02:07,  2.20it/s]
Processing frames:   6%|▌         | 17/297 [00:07<02:05,  2.23it/s]
Processing frames:   6%|▌         | 18/297 [00:07<02:02,  2.28it/s]
Processing frames:   6%|▋         | 19/297 [00:08<02:01,  2.29it/s]
Processing frames:   7%|▋         | 20/297 [00:08<02:00,  2.30it/s]
Processing frames:   7%|▋         | 21/297 [00:09<01:58,  2.32it/s]
Processing frames:   7%|▋         | 22/297 [00:09<01:57,  2.34it/s]
Processing frames:   8%|▊         | 23/297 [00:09<01:56,  2.35it/s]
Processing frames:   8%|▊         | 24/297 [00:10<01:55,  2.36it/s]
Processing frames:   8%|▊         | 25/297 [00:10<01:54,  2.37it/s]
Processing frames:   9%|▉         | 26/297 [00:11<01:54,  2.36it/s]
Processing frames:   9%|▉         | 27/297 [00:11<01:55,  2.33it/s]
Processing frames:   9%|▉         | 28/297 [00:12<01:54,  2.36it/s]
Processing frames:  10%|▉         | 29/297 [00:12<01:53,  2.37it/s]
Processing frames:  10%|█         | 30/297 [00:12<01:51,  2.40it/s]
Processing frames:  10%|█         | 31/297 [00:13<01:51,  2.38it/s]
Processing frames:  11%|█         | 32/297 [00:13<01:52,  2.36it/s]
Processing frames:  11%|█         | 33/297 [00:14<01:50,  2.39it/s]
Processing frames:  11%|█▏        | 34/297 [00:14<01:51,  2.36it/s]
Processing frames:  12%|█▏        | 35/297 [00:14<01:50,  2.38it/s]
Processing frames:  12%|█▏        | 36/297 [00:15<01:48,  2.40it/s]
Processing frames:  12%|█▏        | 37/297 [00:15<01:50,  2.36it/s]
Processing frames:  13%|█▎        | 38/297 [00:16<01:48,  2.38it/s]
Processing frames:  13%|█▎        | 39/297 [00:16<01:46,  2.41it/s]
Processing frames:  13%|█▎        | 40/297 [00:17<01:46,  2.41it/s]
Processing frames:  14%|█▍        | 41/297 [00:17<01:45,  2.43it/s]
Processing frames:  14%|█▍        | 42/297 [00:17<01:44,  2.43it/s]
Processing frames:  14%|█▍        | 43/297 [00:18<01:56,  2.18it/s]
Processing frames:  15%|█▍        | 44/297 [00:18<01:53,  2.23it/s]
Processing frames:  15%|█▌        | 45/297 [00:19<01:49,  2.30it/s]
Processing frames:  15%|█▌        | 46/297 [00:19<01:45,  2.37it/s]
Processing frames:  16%|█▌        | 47/297 [00:20<01:46,  2.36it/s]
Processing frames:  16%|█▌        | 48/297 [00:20<01:45,  2.36it/s]
Processing frames:  16%|█▋        | 49/297 [00:20<01:46,  2.33it/s]
Processing frames:  17%|█▋        | 50/297 [00:21<01:44,  2.36it/s]
Processing frames:  17%|█▋        | 51/297 [00:21<01:42,  2.40it/s]
Processing frames:  18%|█▊        | 52/297 [00:22<01:41,  2.42it/s]
Processing frames:  18%|█▊        | 53/297 [00:22<01:40,  2.42it/s]
Processing frames:  18%|█▊        | 54/297 [00:22<01:40,  2.42it/s]
Processing frames:  19%|█▊        | 55/297 [00:23<01:39,  2.42it/s]
Processing frames:  19%|█▉        | 56/297 [00:23<01:40,  2.40it/s]
Processing frames:  19%|█▉        | 57/297 [00:24<01:40,  2.39it/s]
Processing frames:  20%|█▉        | 58/297 [00:24<01:39,  2.39it/s]
Processing frames:  20%|█▉        | 59/297 [00:25<01:42,  2.33it/s]
Processing frames:  20%|██        | 60/297 [00:25<01:42,  2.32it/s]
Processing frames:  21%|██        | 61/297 [00:25<01:39,  2.37it/s]
Processing frames:  21%|██        | 62/297 [00:26<01:57,  2.00it/s]
Processing frames:  21%|██        | 63/297 [00:27<01:53,  2.07it/s]
Processing frames:  22%|██▏       | 64/297 [00:27<01:48,  2.14it/s]
Processing frames:  22%|██▏       | 65/297 [00:27<01:45,  2.21it/s]
Processing frames:  22%|██▏       | 66/297 [00:28<01:41,  2.28it/s]
Processing frames:  23%|██▎       | 67/297 [00:28<01:38,  2.33it/s]
Processing frames:  23%|██▎       | 68/297 [00:29<01:37,  2.36it/s]
Processing frames:  23%|██▎       | 69/297 [00:29<01:37,  2.34it/s]
Processing frames:  24%|██▎       | 70/297 [00:30<01:37,  2.34it/s]
Processing frames:  24%|██▍       | 71/297 [00:30<01:36,  2.33it/s]
Processing frames:  24%|██▍       | 72/297 [00:30<01:35,  2.36it/s]
Processing frames:  25%|██▍       | 73/297 [00:31<01:34,  2.37it/s]
Processing frames:  25%|██▍       | 74/297 [00:31<01:34,  2.37it/s]
Processing frames:  25%|██▌       | 75/297 [00:32<01:33,  2.38it/s]
Processing frames:  26%|██▌       | 76/297 [00:32<01:32,  2.38it/s]
Processing frames:  26%|██▌       | 77/297 [00:32<01:33,  2.36it/s]
Processing frames:  26%|██▋       | 78/297 [00:33<01:32,  2.38it/s]
Processing frames:  27%|██▋       | 79/297 [00:33<01:30,  2.40it/s]
Processing frames:  27%|██▋       | 80/297 [00:34<01:32,  2.35it/s]
Processing frames:  27%|██▋       | 81/297 [00:34<01:31,  2.36it/s]
Processing frames:  28%|██▊       | 82/297 [00:35<01:31,  2.36it/s]
Processing frames:  28%|██▊       | 83/297 [00:35<01:31,  2.34it/s]
Processing frames:  28%|██▊       | 84/297 [00:35<01:31,  2.34it/s]
Processing frames:  29%|██▊       | 85/297 [00:36<01:30,  2.35it/s]
Processing frames:  29%|██▉       | 86/297 [00:36<01:28,  2.38it/s]
Processing frames:  29%|██▉       | 87/297 [00:37<01:27,  2.39it/s]
Processing frames:  30%|██▉       | 88/297 [00:37<01:27,  2.39it/s]
Processing frames:  30%|██▉       | 89/297 [00:38<01:26,  2.39it/s]
Processing frames:  30%|███       | 90/297 [00:38<01:27,  2.36it/s]
Processing frames:  31%|███       | 91/297 [00:38<01:26,  2.38it/s]
Processing frames:  31%|███       | 92/297 [00:39<01:26,  2.36it/s]
Processing frames:  31%|███▏      | 93/297 [00:39<01:26,  2.35it/s]
Processing frames:  32%|███▏      | 94/297 [00:40<01:26,  2.35it/s]
Processing frames:  32%|███▏      | 95/297 [00:40<01:25,  2.35it/s]
Processing frames:  32%|███▏      | 96/297 [00:40<01:25,  2.36it/s]
Processing frames:  33%|███▎      | 97/297 [00:41<01:24,  2.38it/s]
Processing frames:  33%|███▎      | 98/297 [00:41<01:23,  2.37it/s]
Processing frames:  33%|███▎      | 99/297 [00:42<01:23,  2.38it/s]
Processing frames:  34%|███▎      | 100/297 [00:42<01:27,  2.25it/s]
Processing frames:  34%|███▍      | 101/297 [00:43<01:25,  2.29it/s]
Processing frames:  34%|███▍      | 102/297 [00:43<01:24,  2.32it/s]
Processing frames:  35%|███▍      | 103/297 [00:44<01:23,  2.34it/s]
Processing frames:  35%|███▌      | 104/297 [00:44<01:22,  2.35it/s]
Processing frames:  35%|███▌      | 105/297 [00:44<01:21,  2.37it/s]
Processing frames:  36%|███▌      | 106/297 [00:45<01:19,  2.40it/s]
Processing frames:  36%|███▌      | 107/297 [00:45<01:18,  2.43it/s]
Processing frames:  36%|███▋      | 108/297 [00:46<01:17,  2.43it/s]
Processing frames:  37%|███▋      | 109/297 [00:46<01:17,  2.43it/s]
Processing frames:  37%|███▋      | 110/297 [00:46<01:16,  2.43it/s]
Processing frames:  37%|███▋      | 111/297 [00:47<01:17,  2.41it/s]
Processing frames:  38%|███▊      | 112/297 [00:47<01:16,  2.42it/s]
Processing frames:  38%|███▊      | 113/297 [00:48<01:17,  2.36it/s]
Processing frames:  38%|███▊      | 114/297 [00:48<01:18,  2.35it/s]
Processing frames:  39%|███▊      | 115/297 [00:49<01:18,  2.31it/s]
Processing frames:  39%|███▉      | 116/297 [00:49<01:16,  2.37it/s]
Processing frames:  39%|███▉      | 117/297 [00:49<01:15,  2.38it/s]
Processing frames:  40%|███▉      | 118/297 [00:50<01:22,  2.17it/s]
Processing frames:  40%|████      | 119/297 [00:50<01:20,  2.22it/s]
Processing frames:  40%|████      | 120/297 [00:51<01:19,  2.23it/s]
Processing frames:  41%|████      | 121/297 [00:51<01:16,  2.29it/s]
Processing frames:  41%|████      | 122/297 [00:52<01:15,  2.32it/s]
Processing frames:  41%|████▏     | 123/297 [00:52<01:15,  2.31it/s]
Processing frames:  42%|████▏     | 124/297 [00:52<01:14,  2.32it/s]
Processing frames:  42%|████▏     | 125/297 [00:53<01:14,  2.30it/s]
Processing frames:  42%|████▏     | 126/297 [00:53<01:12,  2.36it/s]
Processing frames:  43%|████▎     | 127/297 [00:54<01:12,  2.35it/s]
Processing frames:  43%|████▎     | 128/297 [00:54<01:10,  2.38it/s]
Processing frames:  43%|████▎     | 129/297 [00:55<01:10,  2.38it/s]
Processing frames:  44%|████▍     | 130/297 [00:55<01:09,  2.41it/s]
Processing frames:  44%|████▍     | 131/297 [00:55<01:09,  2.38it/s]
Processing frames:  44%|████▍     | 132/297 [00:56<01:09,  2.36it/s]
Processing frames:  45%|████▍     | 133/297 [00:56<01:08,  2.38it/s]
Processing frames:  45%|████▌     | 134/297 [00:57<01:08,  2.36it/s]
Processing frames:  45%|████▌     | 135/297 [00:57<01:07,  2.39it/s]
Processing frames:  46%|████▌     | 136/297 [00:58<01:09,  2.32it/s]
Processing frames:  46%|████▌     | 137/297 [00:58<01:07,  2.36it/s]
Processing frames:  46%|████▋     | 138/297 [00:58<01:07,  2.37it/s]
Processing frames:  47%|████▋     | 139/297 [00:59<01:06,  2.39it/s]
Processing frames:  47%|████▋     | 140/297 [00:59<01:04,  2.42it/s]
Processing frames:  47%|████▋     | 141/297 [01:00<01:04,  2.43it/s]
Processing frames:  48%|████▊     | 142/297 [01:00<01:04,  2.42it/s]
Processing frames:  48%|████▊     | 143/297 [01:00<01:04,  2.39it/s]
Processing frames:  48%|████▊     | 144/297 [01:01<01:04,  2.37it/s]
Processing frames:  49%|████▉     | 145/297 [01:01<01:04,  2.36it/s]
Processing frames:  49%|████▉     | 146/297 [01:02<01:03,  2.36it/s]
Processing frames:  49%|████▉     | 147/297 [01:02<01:03,  2.38it/s]
Processing frames:  50%|████▉     | 148/297 [01:03<01:02,  2.40it/s]
Processing frames:  50%|█████     | 149/297 [01:03<01:02,  2.38it/s]
Processing frames:  51%|█████     | 150/297 [01:03<01:02,  2.37it/s]
Processing frames:  51%|█████     | 151/297 [01:04<01:02,  2.35it/s]
Processing frames:  51%|█████     | 152/297 [01:04<01:01,  2.36it/s]
Processing frames:  52%|█████▏    | 153/297 [01:05<01:02,  2.32it/s]
Processing frames:  52%|█████▏    | 154/297 [01:05<01:01,  2.34it/s]
Processing frames:  52%|█████▏    | 155/297 [01:06<01:00,  2.33it/s]
Processing frames:  53%|█████▎    | 156/297 [01:06<00:59,  2.36it/s]
Processing frames:  53%|█████▎    | 157/297 [01:06<00:58,  2.39it/s]
Processing frames:  53%|█████▎    | 158/297 [01:07<00:57,  2.41it/s]
Processing frames:  54%|█████▎    | 159/297 [01:07<00:57,  2.42it/s]
Processing frames:  54%|█████▍    | 160/297 [01:08<00:57,  2.38it/s]
Processing frames:  54%|█████▍    | 161/297 [01:08<00:57,  2.37it/s]
Processing frames:  55%|█████▍    | 162/297 [01:08<00:57,  2.36it/s]
Processing frames:  55%|█████▍    | 163/297 [01:09<00:56,  2.36it/s]
Processing frames:  55%|█████▌    | 164/297 [01:09<00:56,  2.37it/s]
Processing frames:  56%|█████▌    | 165/297 [01:10<00:55,  2.38it/s]
Processing frames:  56%|█████▌    | 166/297 [01:10<00:54,  2.39it/s]
Processing frames:  56%|█████▌    | 167/297 [01:11<00:54,  2.39it/s]
Processing frames:  57%|█████▋    | 168/297 [01:11<00:54,  2.36it/s]
Processing frames:  57%|█████▋    | 169/297 [01:11<00:54,  2.34it/s]
Processing frames:  57%|█████▋    | 170/297 [01:12<00:53,  2.37it/s]
Processing frames:  58%|█████▊    | 171/297 [01:12<00:53,  2.38it/s]
Processing frames:  58%|█████▊    | 172/297 [01:13<00:52,  2.39it/s]
Processing frames:  58%|█████▊    | 173/297 [01:13<00:52,  2.37it/s]
Processing frames:  59%|█████▊    | 174/297 [01:14<00:52,  2.35it/s]
Processing frames:  59%|█████▉    | 175/297 [01:14<00:51,  2.38it/s]
Processing frames:  59%|█████▉    | 176/297 [01:14<00:50,  2.41it/s]
Processing frames:  60%|█████▉    | 177/297 [01:15<00:50,  2.38it/s]
Processing frames:  60%|█████▉    | 178/297 [01:15<00:49,  2.39it/s]
Processing frames:  60%|██████    | 179/297 [01:16<00:49,  2.38it/s]
Processing frames:  61%|██████    | 180/297 [01:16<00:48,  2.42it/s]
Processing frames:  61%|██████    | 181/297 [01:16<00:47,  2.42it/s]
Processing frames:  61%|██████▏   | 182/297 [01:17<00:47,  2.43it/s]
Processing frames:  62%|██████▏   | 183/297 [01:17<00:46,  2.43it/s]
Processing frames:  62%|██████▏   | 184/297 [01:18<00:47,  2.39it/s]
Processing frames:  62%|██████▏   | 185/297 [01:18<00:50,  2.23it/s]
Processing frames:  63%|██████▎   | 186/297 [01:19<00:49,  2.25it/s]
Processing frames:  63%|██████▎   | 187/297 [01:19<00:48,  2.27it/s]
Processing frames:  63%|██████▎   | 188/297 [01:19<00:47,  2.29it/s]
Processing frames:  64%|██████▎   | 189/297 [01:20<00:46,  2.31it/s]
Processing frames:  64%|██████▍   | 190/297 [01:20<00:45,  2.35it/s]
Processing frames:  64%|██████▍   | 191/297 [01:21<00:44,  2.37it/s]
Processing frames:  65%|██████▍   | 192/297 [01:21<00:44,  2.36it/s]
Processing frames:  65%|██████▍   | 193/297 [01:22<00:43,  2.37it/s]
Processing frames:  65%|██████▌   | 194/297 [01:22<00:49,  2.09it/s]
Processing frames:  66%|██████▌   | 195/297 [01:23<00:47,  2.17it/s]
Processing frames:  66%|██████▌   | 196/297 [01:23<00:45,  2.23it/s]
Processing frames:  66%|██████▋   | 197/297 [01:23<00:43,  2.28it/s]
Processing frames:  67%|██████▋   | 198/297 [01:24<00:42,  2.33it/s]
Processing frames:  67%|██████▋   | 199/297 [01:24<00:42,  2.32it/s]
Processing frames:  67%|██████▋   | 200/297 [01:25<00:40,  2.37it/s]
Processing frames:  68%|██████▊   | 201/297 [01:25<00:40,  2.34it/s]
Processing frames:  68%|██████▊   | 202/297 [01:26<00:40,  2.34it/s]
Processing frames:  68%|██████▊   | 203/297 [01:26<00:40,  2.34it/s]
Processing frames:  69%|██████▊   | 204/297 [01:26<00:39,  2.35it/s]
Processing frames:  69%|██████▉   | 205/297 [01:27<00:38,  2.36it/s]
Processing frames:  69%|██████▉   | 206/297 [01:27<00:38,  2.37it/s]
Processing frames:  70%|██████▉   | 207/297 [01:28<00:38,  2.31it/s]
Processing frames:  70%|███████   | 208/297 [01:28<00:39,  2.24it/s]
Processing frames:  70%|███████   | 209/297 [01:29<00:38,  2.27it/s]
Processing frames:  71%|███████   | 210/297 [01:29<00:37,  2.33it/s]
Processing frames:  71%|███████   | 211/297 [01:29<00:37,  2.28it/s]
Processing frames:  71%|███████▏  | 212/297 [01:30<00:37,  2.28it/s]
Processing frames:  72%|███████▏  | 213/297 [01:30<00:36,  2.28it/s]
Processing frames:  72%|███████▏  | 214/297 [01:31<00:35,  2.31it/s]
Processing frames:  72%|███████▏  | 215/297 [01:31<00:34,  2.35it/s]
Processing frames:  73%|███████▎  | 216/297 [01:32<00:34,  2.36it/s]
Processing frames:  73%|███████▎  | 217/297 [01:32<00:33,  2.38it/s]
Processing frames:  73%|███████▎  | 218/297 [01:32<00:33,  2.39it/s]
Processing frames:  74%|███████▎  | 219/297 [01:33<00:32,  2.39it/s]
Processing frames:  74%|███████▍  | 220/297 [01:33<00:32,  2.40it/s]
Processing frames:  74%|███████▍  | 221/297 [01:34<00:32,  2.35it/s]
Processing frames:  75%|███████▍  | 222/297 [01:34<00:32,  2.33it/s]
Processing frames:  75%|███████▌  | 223/297 [01:35<00:36,  2.01it/s]
Processing frames:  75%|███████▌  | 224/297 [01:35<00:34,  2.11it/s]
Processing frames:  76%|███████▌  | 225/297 [01:36<00:32,  2.20it/s]
Processing frames:  76%|███████▌  | 226/297 [01:36<00:31,  2.25it/s]
Processing frames:  76%|███████▋  | 227/297 [01:36<00:30,  2.30it/s]
Processing frames:  77%|███████▋  | 228/297 [01:37<00:29,  2.33it/s]
Processing frames:  77%|███████▋  | 229/297 [01:37<00:29,  2.33it/s]
Processing frames:  77%|███████▋  | 230/297 [01:38<00:28,  2.37it/s]
Processing frames:  78%|███████▊  | 231/297 [01:38<00:29,  2.27it/s]
Processing frames:  78%|███████▊  | 232/297 [01:39<00:28,  2.28it/s]
Processing frames:  78%|███████▊  | 233/297 [01:39<00:27,  2.31it/s]
Processing frames:  79%|███████▉  | 234/297 [01:39<00:26,  2.34it/s]
Processing frames:  79%|███████▉  | 235/297 [01:40<00:26,  2.36it/s]
Processing frames:  79%|███████▉  | 236/297 [01:40<00:26,  2.33it/s]
Processing frames:  80%|███████▉  | 237/297 [01:41<00:27,  2.20it/s]
Processing frames:  80%|████████  | 238/297 [01:41<00:26,  2.23it/s]
Processing frames:  80%|████████  | 239/297 [01:42<00:25,  2.29it/s]
Processing frames:  81%|████████  | 240/297 [01:42<00:24,  2.32it/s]
Processing frames:  81%|████████  | 241/297 [01:43<00:24,  2.33it/s]
Processing frames:  81%|████████▏ | 242/297 [01:43<00:23,  2.33it/s]
Processing frames:  82%|████████▏ | 243/297 [01:43<00:22,  2.35it/s]
Processing frames:  82%|████████▏ | 244/297 [01:44<00:22,  2.39it/s]
Processing frames:  82%|████████▏ | 245/297 [01:44<00:21,  2.42it/s]
Processing frames:  83%|████████▎ | 246/297 [01:45<00:20,  2.44it/s]
Processing frames:  83%|████████▎ | 247/297 [01:45<00:20,  2.42it/s]
Processing frames:  84%|████████▎ | 248/297 [01:45<00:20,  2.43it/s]
Processing frames:  84%|████████▍ | 249/297 [01:46<00:19,  2.41it/s]
Processing frames:  84%|████████▍ | 250/297 [01:46<00:19,  2.41it/s]
Processing frames:  85%|████████▍ | 251/297 [01:47<00:18,  2.43it/s]
Processing frames:  85%|████████▍ | 252/297 [01:47<00:18,  2.39it/s]
Processing frames:  85%|████████▌ | 253/297 [01:48<00:18,  2.38it/s]
Processing frames:  86%|████████▌ | 254/297 [01:48<00:18,  2.37it/s]
Processing frames:  86%|████████▌ | 255/297 [01:48<00:17,  2.37it/s]
Processing frames:  86%|████████▌ | 256/297 [01:49<00:19,  2.07it/s]
Processing frames:  87%|████████▋ | 257/297 [01:49<00:18,  2.18it/s]
Processing frames:  87%|████████▋ | 258/297 [01:50<00:17,  2.24it/s]
Processing frames:  87%|████████▋ | 259/297 [01:50<00:16,  2.29it/s]
Processing frames:  88%|████████▊ | 260/297 [01:51<00:15,  2.32it/s]
Processing frames:  88%|████████▊ | 261/297 [01:51<00:15,  2.34it/s]
Processing frames:  88%|████████▊ | 262/297 [01:51<00:14,  2.35it/s]
Processing frames:  89%|████████▊ | 263/297 [01:52<00:14,  2.37it/s]
Processing frames:  89%|████████▉ | 264/297 [01:52<00:13,  2.41it/s]
Processing frames:  89%|████████▉ | 265/297 [01:53<00:13,  2.44it/s]
Processing frames:  90%|████████▉ | 266/297 [01:53<00:12,  2.40it/s]
Processing frames:  90%|████████▉ | 267/297 [01:54<00:12,  2.40it/s]
Processing frames:  90%|█████████ | 268/297 [01:54<00:12,  2.38it/s]
Processing frames:  91%|█████████ | 269/297 [01:54<00:11,  2.37it/s]
Processing frames:  91%|█████████ | 270/297 [01:55<00:11,  2.41it/s]
Processing frames:  91%|█████████ | 271/297 [01:55<00:10,  2.41it/s]
Processing frames:  92%|█████████▏| 272/297 [01:56<00:11,  2.20it/s]
Processing frames:  92%|█████████▏| 273/297 [01:56<00:10,  2.26it/s]
Processing frames:  92%|█████████▏| 274/297 [01:57<00:10,  2.29it/s]
Processing frames:  93%|█████████▎| 275/297 [01:57<00:09,  2.33it/s]
Processing frames:  93%|█████████▎| 276/297 [01:57<00:08,  2.35it/s]
Processing frames:  93%|█████████▎| 277/297 [01:58<00:08,  2.31it/s]
Processing frames:  94%|█████████▎| 278/297 [01:58<00:08,  2.32it/s]
Processing frames:  94%|█████████▍| 279/297 [01:59<00:07,  2.35it/s]
Processing frames:  94%|█████████▍| 280/297 [01:59<00:07,  2.34it/s]
Processing frames:  95%|█████████▍| 281/297 [02:00<00:06,  2.34it/s]
Processing frames:  95%|█████████▍| 282/297 [02:00<00:06,  2.38it/s]
Processing frames:  95%|█████████▌| 283/297 [02:00<00:05,  2.39it/s]
Processing frames:  96%|█████████▌| 284/297 [02:01<00:05,  2.35it/s]
Processing frames:  96%|█████████▌| 285/297 [02:01<00:05,  2.34it/s]
Processing frames:  96%|█████████▋| 286/297 [02:02<00:04,  2.36it/s]
Processing frames:  97%|█████████▋| 287/297 [02:02<00:04,  2.36it/s]
Processing frames:  97%|█████████▋| 288/297 [02:03<00:03,  2.37it/s]
Processing frames:  97%|█████████▋| 289/297 [02:03<00:03,  2.40it/s]
Processing frames:  98%|█████████▊| 290/297 [02:03<00:02,  2.40it/s]
Processing frames:  98%|█████████▊| 291/297 [02:04<00:02,  2.42it/s]
Processing frames:  98%|█████████▊| 292/297 [02:04<00:02,  2.42it/s]
Processing frames:  99%|█████████▊| 293/297 [02:05<00:01,  2.39it/s]
Processing frames:  99%|█████████▉| 294/297 [02:05<00:01,  2.38it/s]
Processing frames:  99%|█████████▉| 295/297 [02:05<00:00,  2.38it/s]
Processing frames: 100%|█████████▉| 296/297 [02:06<00:00,  2.20it/s]
Processing frames: 100%|██████████| 297/297 [02:06<00:00,  2.28it/s]
Processing frames: 100%|██████████| 297/297 [02:06<00:00,  2.34it/s]

Processing frames:   0%|          | 0/8 [00:00<?, ?it/s]
Processing frames:  12%|█▎        | 1/8 [00:00<00:06,  1.13it/s]
Processing frames:  25%|██▌       | 2/8 [00:01<00:05,  1.16it/s]
Processing frames:  38%|███▊      | 3/8 [00:02<00:04,  1.20it/s]
Processing frames:  50%|█████     | 4/8 [00:03<00:03,  1.22it/s]
Processing frames:  62%|██████▎   | 5/8 [00:04<00:02,  1.23it/s]
Processing frames:  75%|███████▌  | 6/8 [00:04<00:01,  1.24it/s]
Processing frames:  88%|████████▊ | 7/8 [00:05<00:00,  1.26it/s]
Processing frames: 100%|██████████| 8/8 [00:06<00:00,  1.26it/s]
Processing frames: 100%|██████████| 8/8 [00:06<00:00,  1.23it/s]

Processing frames:   0%|          | 0/18 [00:00<?, ?it/s]
Processing frames:   6%|▌         | 1/18 [00:00<00:06,  2.59it/s]
Processing frames:  11%|█         | 2/18 [00:00<00:06,  2.58it/s]
Processing frames:  17%|█▋        | 3/18 [00:01<00:05,  2.50it/s]
Processing frames:  22%|██▏       | 4/18 [00:01<00:05,  2.41it/s]
Processing frames:  28%|██▊       | 5/18 [00:02<00:05,  2.42it/s]
Processing frames:  33%|███▎      | 6/18 [00:02<00:04,  2.43it/s]
Processing frames:  39%|███▉      | 7/18 [00:02<00:04,  2.45it/s]
Processing frames:  44%|████▍     | 8/18 [00:03<00:04,  2.43it/s]
Processing frames:  50%|█████     | 9/18 [00:03<00:03,  2.40it/s]
Processing frames:  56%|█████▌    | 10/18 [00:04<00:03,  2.40it/s]
Processing frames:  61%|██████    | 11/18 [00:04<00:03,  2.33it/s]
Processing frames:  67%|██████▋   | 12/18 [00:04<00:02,  2.34it/s]
Processing frames:  72%|███████▏  | 13/18 [00:05<00:02,  2.32it/s]
Processing frames:  78%|███████▊  | 14/18 [00:05<00:01,  2.33it/s]
Processing frames:  83%|████████▎ | 15/18 [00:06<00:01,  2.33it/s]
Processing frames:  89%|████████▉ | 16/18 [00:06<00:00,  2.37it/s]
Processing frames:  94%|█████████▍| 17/18 [00:07<00:00,  2.40it/s]
Processing frames: 100%|██████████| 18/18 [00:07<00:00,  2.43it/s]
Processing frames: 100%|██████████| 18/18 [00:07<00:00,  2.40it/s]

Processing frames:   0%|          | 0/49 [00:00<?, ?it/s]
Processing frames:   2%|▏         | 1/49 [00:00<00:20,  2.32it/s]
Processing frames:   4%|▍         | 2/49 [00:00<00:20,  2.35it/s]
Processing frames:   6%|▌         | 3/49 [00:01<00:19,  2.37it/s]
Processing frames:   8%|▊         | 4/49 [00:01<00:19,  2.36it/s]
Processing frames:  10%|█         | 5/49 [00:02<00:18,  2.36it/s]
Processing frames:  12%|█▏        | 6/49 [00:02<00:18,  2.36it/s]
Processing frames:  14%|█▍        | 7/49 [00:02<00:17,  2.39it/s]
Processing frames:  16%|█▋        | 8/49 [00:03<00:16,  2.41it/s]
Processing frames:  18%|█▊        | 9/49 [00:03<00:16,  2.41it/s]
Processing frames:  20%|██        | 10/49 [00:04<00:16,  2.39it/s]
Processing frames:  22%|██▏       | 11/49 [00:04<00:16,  2.35it/s]
Processing frames:  24%|██▍       | 12/49 [00:05<00:15,  2.38it/s]
Processing frames:  27%|██▋       | 13/49 [00:05<00:15,  2.39it/s]
Processing frames:  29%|██▊       | 14/49 [00:05<00:14,  2.41it/s]
Processing frames:  31%|███       | 15/49 [00:06<00:14,  2.40it/s]
Processing frames:  33%|███▎      | 16/49 [00:06<00:13,  2.37it/s]
Processing frames:  35%|███▍      | 17/49 [00:07<00:13,  2.40it/s]
Processing frames:  37%|███▋      | 18/49 [00:07<00:12,  2.42it/s]
Processing frames:  39%|███▉      | 19/49 [00:07<00:12,  2.40it/s]
Processing frames:  41%|████      | 20/49 [00:08<00:11,  2.44it/s]
Processing frames:  43%|████▎     | 21/49 [00:08<00:11,  2.46it/s]
Processing frames:  45%|████▍     | 22/49 [00:09<00:11,  2.45it/s]
Processing frames:  47%|████▋     | 23/49 [00:09<00:10,  2.43it/s]
Processing frames:  49%|████▉     | 24/49 [00:10<00:10,  2.42it/s]
Processing frames:  51%|█████     | 25/49 [00:10<00:09,  2.43it/s]
Processing frames:  53%|█████▎    | 26/49 [00:10<00:09,  2.43it/s]
Processing frames:  55%|█████▌    | 27/49 [00:11<00:09,  2.41it/s]
Processing frames:  57%|█████▋    | 28/49 [00:11<00:08,  2.42it/s]
Processing frames:  59%|█████▉    | 29/49 [00:12<00:08,  2.40it/s]
Processing frames:  61%|██████    | 30/49 [00:12<00:07,  2.38it/s]
Processing frames:  63%|██████▎   | 31/49 [00:12<00:07,  2.40it/s]
Processing frames:  65%|██████▌   | 32/49 [00:13<00:07,  2.39it/s]
Processing frames:  67%|██████▋   | 33/49 [00:13<00:06,  2.36it/s]
Processing frames:  69%|██████▉   | 34/49 [00:14<00:06,  2.31it/s]
Processing frames:  71%|███████▏  | 35/49 [00:14<00:05,  2.36it/s]
Processing frames:  73%|███████▎  | 36/49 [00:15<00:05,  2.40it/s]
Processing frames:  76%|███████▌  | 37/49 [00:15<00:04,  2.40it/s]
Processing frames:  78%|███████▊  | 38/49 [00:15<00:04,  2.41it/s]
Processing frames:  80%|███████▉  | 39/49 [00:16<00:04,  2.39it/s]
Processing frames:  82%|████████▏ | 40/49 [00:16<00:03,  2.39it/s]
Processing frames:  84%|████████▎ | 41/49 [00:17<00:03,  2.36it/s]
Processing frames:  86%|████████▌ | 42/49 [00:17<00:03,  2.30it/s]
Processing frames:  88%|████████▊ | 43/49 [00:18<00:02,  2.32it/s]
Processing frames:  90%|████████▉ | 44/49 [00:18<00:02,  2.33it/s]
Processing frames:  92%|█████████▏| 45/49 [00:18<00:01,  2.33it/s]
Processing frames:  94%|█████████▍| 46/49 [00:19<00:01,  2.33it/s]
Processing frames:  96%|█████████▌| 47/49 [00:19<00:00,  2.33it/s]
Processing frames:  98%|█████████▊| 48/49 [00:20<00:00,  2.35it/s]
Processing frames: 100%|██████████| 49/49 [00:20<00:00,  2.39it/s]
Processing frames: 100%|██████████| 49/49 [00:20<00:00,  2.38it/s]

Processing frames:   0%|          | 0/7 [00:00<?, ?it/s]
Processing frames:  14%|█▍        | 1/7 [00:00<00:02,  2.34it/s]
Processing frames:  29%|██▊       | 2/7 [00:00<00:02,  2.29it/s]
Processing frames:  43%|████▎     | 3/7 [00:01<00:01,  2.34it/s]
Processing frames:  57%|█████▋    | 4/7 [00:01<00:01,  2.39it/s]
Processing frames:  71%|███████▏  | 5/7 [00:02<00:00,  2.35it/s]
Processing frames:  86%|████████▌ | 6/7 [00:02<00:00,  2.39it/s]
Processing frames: 100%|██████████| 7/7 [00:02<00:00,  2.39it/s]
Processing frames: 100%|██████████| 7/7 [00:02<00:00,  2.37it/s]

Processing frames:   0%|          | 0/81 [00:00<?, ?it/s]
Processing frames:   1%|          | 1/81 [00:00<00:34,  2.34it/s]
Processing frames:   2%|▏         | 2/81 [00:00<00:35,  2.22it/s]
Processing frames:   4%|▎         | 3/81 [00:01<00:33,  2.32it/s]
Processing frames:   5%|▍         | 4/81 [00:01<00:32,  2.39it/s]
Processing frames:   6%|▌         | 5/81 [00:02<00:32,  2.35it/s]
Processing frames:   7%|▋         | 6/81 [00:02<00:31,  2.36it/s]
Processing frames:   9%|▊         | 7/81 [00:02<00:31,  2.37it/s]
Processing frames:  10%|▉         | 8/81 [00:03<00:30,  2.40it/s]
Processing frames:  11%|█         | 9/81 [00:03<00:30,  2.38it/s]
Processing frames:  12%|█▏        | 10/81 [00:04<00:29,  2.40it/s]
Processing frames:  14%|█▎        | 11/81 [00:04<00:29,  2.37it/s]
Processing frames:  15%|█▍        | 12/81 [00:05<00:28,  2.39it/s]
Processing frames:  16%|█▌        | 13/81 [00:05<00:28,  2.41it/s]
Processing frames:  17%|█▋        | 14/81 [00:05<00:27,  2.44it/s]
Processing frames:  19%|█▊        | 15/81 [00:06<00:27,  2.43it/s]
Processing frames:  20%|█▉        | 16/81 [00:06<00:26,  2.44it/s]
Processing frames:  21%|██        | 17/81 [00:07<00:26,  2.40it/s]
Processing frames:  22%|██▏       | 18/81 [00:07<00:26,  2.39it/s]
Processing frames:  23%|██▎       | 19/81 [00:07<00:26,  2.38it/s]
Processing frames:  25%|██▍       | 20/81 [00:08<00:25,  2.40it/s]
Processing frames:  26%|██▌       | 21/81 [00:08<00:24,  2.42it/s]
Processing frames:  27%|██▋       | 22/81 [00:09<00:24,  2.43it/s]
Processing frames:  28%|██▊       | 23/81 [00:09<00:24,  2.39it/s]
Processing frames:  30%|██▉       | 24/81 [00:10<00:23,  2.40it/s]
Processing frames:  31%|███       | 25/81 [00:10<00:23,  2.40it/s]
Processing frames:  32%|███▏      | 26/81 [00:10<00:22,  2.42it/s]
Processing frames:  33%|███▎      | 27/81 [00:11<00:22,  2.44it/s]
Processing frames:  35%|███▍      | 28/81 [00:11<00:23,  2.22it/s]
Processing frames:  36%|███▌      | 29/81 [00:12<00:22,  2.30it/s]
Processing frames:  37%|███▋      | 30/81 [00:12<00:21,  2.36it/s]
Processing frames:  38%|███▊      | 31/81 [00:13<00:20,  2.40it/s]
Processing frames:  40%|███▉      | 32/81 [00:13<00:20,  2.39it/s]
Processing frames:  41%|████      | 33/81 [00:13<00:20,  2.34it/s]
Processing frames:  42%|████▏     | 34/81 [00:14<00:20,  2.32it/s]
Processing frames:  43%|████▎     | 35/81 [00:14<00:19,  2.32it/s]
Processing frames:  44%|████▍     | 36/81 [00:15<00:19,  2.36it/s]
Processing frames:  46%|████▌     | 37/81 [00:15<00:18,  2.37it/s]
Processing frames:  47%|████▋     | 38/81 [00:15<00:18,  2.37it/s]
Processing frames:  48%|████▊     | 39/81 [00:16<00:17,  2.38it/s]
Processing frames:  49%|████▉     | 40/81 [00:16<00:17,  2.36it/s]
Processing frames:  51%|█████     | 41/81 [00:17<00:17,  2.24it/s]
Processing frames:  52%|█████▏    | 42/81 [00:17<00:17,  2.27it/s]
Processing frames:  53%|█████▎    | 43/81 [00:18<00:16,  2.34it/s]
Processing frames:  54%|█████▍    | 44/81 [00:18<00:15,  2.36it/s]
Processing frames:  56%|█████▌    | 45/81 [00:18<00:15,  2.38it/s]
Processing frames:  57%|█████▋    | 46/81 [00:19<00:14,  2.38it/s]
Processing frames:  58%|█████▊    | 47/81 [00:19<00:14,  2.37it/s]
Processing frames:  59%|█████▉    | 48/81 [00:20<00:14,  2.21it/s]
Processing frames:  60%|██████    | 49/81 [00:20<00:14,  2.27it/s]
Processing frames:  62%|██████▏   | 50/81 [00:21<00:13,  2.33it/s]
Processing frames:  63%|██████▎   | 51/81 [00:21<00:12,  2.32it/s]
Processing frames:  64%|██████▍   | 52/81 [00:22<00:12,  2.36it/s]
Processing frames:  65%|██████▌   | 53/81 [00:22<00:11,  2.34it/s]
Processing frames:  67%|██████▋   | 54/81 [00:22<00:11,  2.38it/s]
Processing frames:  68%|██████▊   | 55/81 [00:23<00:10,  2.38it/s]
Processing frames:  69%|██████▉   | 56/81 [00:23<00:10,  2.37it/s]
Processing frames:  70%|███████   | 57/81 [00:24<00:10,  2.39it/s]
Processing frames:  72%|███████▏  | 58/81 [00:24<00:09,  2.42it/s]
Processing frames:  73%|███████▎  | 59/81 [00:24<00:09,  2.39it/s]
Processing frames:  74%|███████▍  | 60/81 [00:25<00:08,  2.42it/s]
Processing frames:  75%|███████▌  | 61/81 [00:25<00:08,  2.37it/s]
Processing frames:  77%|███████▋  | 62/81 [00:26<00:07,  2.38it/s]
Processing frames:  78%|███████▊  | 63/81 [00:26<00:07,  2.38it/s]
Processing frames:  79%|███████▉  | 64/81 [00:27<00:07,  2.40it/s]
Processing frames:  80%|████████  | 65/81 [00:27<00:06,  2.38it/s]
Processing frames:  81%|████████▏ | 66/81 [00:27<00:06,  2.37it/s]
Processing frames:  83%|████████▎ | 67/81 [00:28<00:05,  2.36it/s]
Processing frames:  84%|████████▍ | 68/81 [00:28<00:05,  2.31it/s]
Processing frames:  85%|████████▌ | 69/81 [00:29<00:05,  2.34it/s]
Processing frames:  86%|████████▋ | 70/81 [00:29<00:04,  2.35it/s]
Processing frames:  88%|████████▊ | 71/81 [00:30<00:04,  2.35it/s]
Processing frames:  89%|████████▉ | 72/81 [00:30<00:03,  2.36it/s]
Processing frames:  90%|█████████ | 73/81 [00:30<00:03,  2.34it/s]
Processing frames:  91%|█████████▏| 74/81 [00:31<00:02,  2.39it/s]
Processing frames:  93%|█████████▎| 75/81 [00:31<00:02,  2.39it/s]
Processing frames:  94%|█████████▍| 76/81 [00:32<00:02,  2.41it/s]
Processing frames:  95%|█████████▌| 77/81 [00:32<00:01,  2.42it/s]
Processing frames:  96%|█████████▋| 78/81 [00:32<00:01,  2.43it/s]
Processing frames:  98%|█████████▊| 79/81 [00:33<00:00,  2.45it/s]
Processing frames:  99%|█████████▉| 80/81 [00:33<00:00,  2.44it/s]
Processing frames: 100%|██████████| 81/81 [00:34<00:00,  2.44it/s]
Processing frames: 100%|██████████| 81/81 [00:34<00:00,  2.37it/s]

Processing frames:   0%|          | 0/303 [00:00<?, ?it/s]
Processing frames:   0%|          | 1/303 [00:00<02:12,  2.29it/s]
Processing frames:   1%|          | 2/303 [00:00<02:08,  2.34it/s]
Processing frames:   1%|          | 3/303 [00:01<02:07,  2.35it/s]
Processing frames:   1%|▏         | 4/303 [00:01<02:08,  2.33it/s]
Processing frames:   2%|▏         | 5/303 [00:02<02:05,  2.37it/s]
Processing frames:   2%|▏         | 6/303 [00:02<02:05,  2.36it/s]
Processing frames:   2%|▏         | 7/303 [00:02<02:05,  2.35it/s]
Processing frames:   3%|▎         | 8/303 [00:03<02:05,  2.36it/s]
Processing frames:   3%|▎         | 9/303 [00:03<02:05,  2.34it/s]
Processing frames:   3%|▎         | 10/303 [00:04<02:05,  2.33it/s]
Processing frames:   4%|▎         | 11/303 [00:04<02:04,  2.34it/s]
Processing frames:   4%|▍         | 12/303 [00:05<02:05,  2.32it/s]
Processing frames:   4%|▍         | 13/303 [00:05<02:04,  2.34it/s]
Processing frames:   5%|▍         | 14/303 [00:06<02:05,  2.31it/s]
Processing frames:   5%|▍         | 15/303 [00:06<02:28,  1.94it/s]
Processing frames:   5%|▌         | 16/303 [00:07<02:19,  2.06it/s]
Processing frames:   6%|▌         | 17/303 [00:07<02:14,  2.12it/s]
Processing frames:   6%|▌         | 18/303 [00:08<02:13,  2.14it/s]
Processing frames:   6%|▋         | 19/303 [00:08<02:08,  2.22it/s]
Processing frames:   7%|▋         | 20/303 [00:08<02:08,  2.21it/s]
Processing frames:   7%|▋         | 21/303 [00:09<02:05,  2.25it/s]
Processing frames:   7%|▋         | 22/303 [00:09<02:03,  2.28it/s]
Processing frames:   8%|▊         | 23/303 [00:10<02:03,  2.27it/s]
Processing frames:   8%|▊         | 24/303 [00:10<02:02,  2.27it/s]
Processing frames:   8%|▊         | 25/303 [00:11<02:01,  2.30it/s]
Processing frames:   9%|▊         | 26/303 [00:11<02:00,  2.29it/s]
Processing frames:   9%|▉         | 27/303 [00:11<02:00,  2.29it/s]
Processing frames:   9%|▉         | 28/303 [00:12<01:59,  2.29it/s]
Processing frames:  10%|▉         | 29/303 [00:12<02:01,  2.25it/s]
Processing frames:  10%|▉         | 30/303 [00:13<02:00,  2.26it/s]
Processing frames:  10%|█         | 31/303 [00:13<02:01,  2.24it/s]
Processing frames:  11%|█         | 32/303 [00:14<02:00,  2.25it/s]
Processing frames:  11%|█         | 33/303 [00:14<02:02,  2.20it/s]
Processing frames:  11%|█         | 34/303 [00:15<01:59,  2.24it/s]
Processing frames:  12%|█▏        | 35/303 [00:15<01:58,  2.27it/s]
Processing frames:  12%|█▏        | 36/303 [00:15<01:56,  2.30it/s]
Processing frames:  12%|█▏        | 37/303 [00:16<01:55,  2.30it/s]
Processing frames:  13%|█▎        | 38/303 [00:16<01:54,  2.30it/s]
Processing frames:  13%|█▎        | 39/303 [00:17<01:53,  2.32it/s]
Processing frames:  13%|█▎        | 40/303 [00:17<01:54,  2.30it/s]
Processing frames:  14%|█▎        | 41/303 [00:18<01:54,  2.28it/s]
Processing frames:  14%|█▍        | 42/303 [00:18<01:54,  2.27it/s]
Processing frames:  14%|█▍        | 43/303 [00:18<01:52,  2.32it/s]
Processing frames:  15%|█▍        | 44/303 [00:19<01:51,  2.33it/s]
Processing frames:  15%|█▍        | 45/303 [00:19<01:49,  2.36it/s]
Processing frames:  15%|█▌        | 46/303 [00:20<01:48,  2.38it/s]
Processing frames:  16%|█▌        | 47/303 [00:20<01:47,  2.37it/s]
Processing frames:  16%|█▌        | 48/303 [00:21<01:46,  2.39it/s]
Processing frames:  16%|█▌        | 49/303 [00:21<01:46,  2.39it/s]
Processing frames:  17%|█▋        | 50/303 [00:21<01:47,  2.36it/s]
Processing frames:  17%|█▋        | 51/303 [00:22<01:47,  2.35it/s]
Processing frames:  17%|█▋        | 52/303 [00:22<01:48,  2.31it/s]
Processing frames:  17%|█▋        | 53/303 [00:23<01:49,  2.27it/s]
Processing frames:  18%|█▊        | 54/303 [00:23<01:48,  2.30it/s]
Processing frames:  18%|█▊        | 55/303 [00:24<01:47,  2.30it/s]
Processing frames:  18%|█▊        | 56/303 [00:24<01:45,  2.34it/s]
Processing frames:  19%|█▉        | 57/303 [00:24<01:44,  2.35it/s]
Processing frames:  19%|█▉        | 58/303 [00:25<01:44,  2.35it/s]
Processing frames:  19%|█▉        | 59/303 [00:25<01:43,  2.35it/s]
Processing frames:  20%|█▉        | 60/303 [00:26<01:43,  2.35it/s]
Processing frames:  20%|██        | 61/303 [00:26<01:43,  2.34it/s]
Processing frames:  20%|██        | 62/303 [00:27<01:42,  2.34it/s]
Processing frames:  21%|██        | 63/303 [00:27<01:41,  2.36it/s]
Processing frames:  21%|██        | 64/303 [00:27<01:41,  2.36it/s]
Processing frames:  21%|██▏       | 65/303 [00:28<01:40,  2.36it/s]
Processing frames:  22%|██▏       | 66/303 [00:28<01:40,  2.35it/s]
Processing frames:  22%|██▏       | 67/303 [00:29<01:40,  2.35it/s]
Processing frames:  22%|██▏       | 68/303 [00:29<01:39,  2.35it/s]
Processing frames:  23%|██▎       | 69/303 [00:29<01:38,  2.37it/s]
Processing frames:  23%|██▎       | 70/303 [00:30<01:37,  2.38it/s]
Processing frames:  23%|██▎       | 71/303 [00:30<01:36,  2.40it/s]
Processing frames:  24%|██▍       | 72/303 [00:31<01:36,  2.39it/s]
Processing frames:  24%|██▍       | 73/303 [00:31<01:37,  2.36it/s]
Processing frames:  24%|██▍       | 74/303 [00:32<01:37,  2.35it/s]
Processing frames:  25%|██▍       | 75/303 [00:32<01:36,  2.37it/s]
Processing frames:  25%|██▌       | 76/303 [00:33<01:46,  2.14it/s]
Processing frames:  25%|██▌       | 77/303 [00:33<01:43,  2.19it/s]
Processing frames:  26%|██▌       | 78/303 [00:33<01:41,  2.21it/s]
Processing frames:  26%|██▌       | 79/303 [00:34<01:40,  2.24it/s]
Processing frames:  26%|██▋       | 80/303 [00:34<01:40,  2.21it/s]
Processing frames:  27%|██▋       | 81/303 [00:35<01:39,  2.23it/s]
Processing frames:  27%|██▋       | 82/303 [00:35<01:36,  2.28it/s]
Processing frames:  27%|██▋       | 83/303 [00:36<01:34,  2.33it/s]
Processing frames:  28%|██▊       | 84/303 [00:36<01:34,  2.33it/s]
Processing frames:  28%|██▊       | 85/303 [00:36<01:32,  2.35it/s]
Processing frames:  28%|██▊       | 86/303 [00:37<01:33,  2.33it/s]
Processing frames:  29%|██▊       | 87/303 [00:37<01:32,  2.33it/s]
Processing frames:  29%|██▉       | 88/303 [00:38<01:32,  2.33it/s]
Processing frames:  29%|██▉       | 89/303 [00:38<01:30,  2.36it/s]
Processing frames:  30%|██▉       | 90/303 [00:39<01:29,  2.38it/s]
Processing frames:  30%|███       | 91/303 [00:39<01:29,  2.37it/s]
Processing frames:  30%|███       | 92/303 [00:39<01:30,  2.33it/s]
Processing frames:  31%|███       | 93/303 [00:40<01:29,  2.36it/s]
Processing frames:  31%|███       | 94/303 [00:40<01:30,  2.30it/s]
Processing frames:  31%|███▏      | 95/303 [00:41<01:30,  2.30it/s]
Processing frames:  32%|███▏      | 96/303 [00:41<01:28,  2.33it/s]
Processing frames:  32%|███▏      | 97/303 [00:42<01:27,  2.36it/s]
Processing frames:  32%|███▏      | 98/303 [00:42<01:25,  2.39it/s]
Processing frames:  33%|███▎      | 99/303 [00:42<01:26,  2.35it/s]
Processing frames:  33%|███▎      | 100/303 [00:43<01:26,  2.35it/s]
Processing frames:  33%|███▎      | 101/303 [00:43<01:25,  2.37it/s]
Processing frames:  34%|███▎      | 102/303 [00:44<01:25,  2.36it/s]
Processing frames:  34%|███▍      | 103/303 [00:44<01:24,  2.36it/s]
Processing frames:  34%|███▍      | 104/303 [00:45<01:23,  2.38it/s]
Processing frames:  35%|███▍      | 105/303 [00:45<01:23,  2.36it/s]
Processing frames:  35%|███▍      | 106/303 [00:45<01:24,  2.34it/s]
Processing frames:  35%|███▌      | 107/303 [00:46<01:22,  2.37it/s]
Processing frames:  36%|███▌      | 108/303 [00:46<01:23,  2.34it/s]
Processing frames:  36%|███▌      | 109/303 [00:47<01:23,  2.33it/s]
Processing frames:  36%|███▋      | 110/303 [00:47<01:22,  2.35it/s]
Processing frames:  37%|███▋      | 111/303 [00:48<01:21,  2.36it/s]
Processing frames:  37%|███▋      | 112/303 [00:48<01:21,  2.34it/s]
Processing frames:  37%|███▋      | 113/303 [00:49<01:57,  1.62it/s]
Processing frames:  38%|███▊      | 114/303 [00:49<01:44,  1.80it/s]
Processing frames:  38%|███▊      | 115/303 [00:50<01:36,  1.94it/s]
Processing frames:  38%|███▊      | 116/303 [00:50<01:30,  2.06it/s]
Processing frames:  39%|███▊      | 117/303 [00:51<01:26,  2.14it/s]
Processing frames:  39%|███▉      | 118/303 [00:51<01:24,  2.20it/s]
Processing frames:  39%|███▉      | 119/303 [00:52<01:21,  2.24it/s]
Processing frames:  40%|███▉      | 120/303 [00:52<01:21,  2.25it/s]
Processing frames:  40%|███▉      | 121/303 [00:52<01:18,  2.30it/s]
Processing frames:  40%|████      | 122/303 [00:53<01:18,  2.30it/s]
Processing frames:  41%|████      | 123/303 [00:53<01:16,  2.34it/s]
Processing frames:  41%|████      | 124/303 [00:54<01:16,  2.35it/s]
Processing frames:  41%|████▏     | 125/303 [00:54<01:14,  2.38it/s]
Processing frames:  42%|████▏     | 126/303 [00:54<01:13,  2.39it/s]
Processing frames:  42%|████▏     | 127/303 [00:55<01:13,  2.41it/s]
Processing frames:  42%|████▏     | 128/303 [00:55<01:12,  2.40it/s]
Processing frames:  43%|████▎     | 129/303 [00:56<01:12,  2.39it/s]
Processing frames:  43%|████▎     | 130/303 [00:56<01:12,  2.39it/s]
Processing frames:  43%|████▎     | 131/303 [00:57<01:11,  2.40it/s]
Processing frames:  44%|████▎     | 132/303 [00:57<01:11,  2.38it/s]
Processing frames:  44%|████▍     | 133/303 [00:57<01:10,  2.40it/s]
Processing frames:  44%|████▍     | 134/303 [00:58<01:10,  2.39it/s]
Processing frames:  45%|████▍     | 135/303 [00:58<01:10,  2.38it/s]
Processing frames:  45%|████▍     | 136/303 [00:59<01:09,  2.40it/s]
Processing frames:  45%|████▌     | 137/303 [00:59<01:09,  2.39it/s]
Processing frames:  46%|████▌     | 138/303 [01:00<01:08,  2.40it/s]
Processing frames:  46%|████▌     | 139/303 [01:00<01:08,  2.39it/s]
Processing frames:  46%|████▌     | 140/303 [01:00<01:10,  2.32it/s]
Processing frames:  47%|████▋     | 141/303 [01:01<01:09,  2.34it/s]
Processing frames:  47%|████▋     | 142/303 [01:01<01:08,  2.34it/s]
Processing frames:  47%|████▋     | 143/303 [01:02<01:07,  2.36it/s]
Processing frames:  48%|████▊     | 144/303 [01:02<01:06,  2.39it/s]
Processing frames:  48%|████▊     | 145/303 [01:02<01:06,  2.39it/s]
Processing frames:  48%|████▊     | 146/303 [01:03<01:05,  2.40it/s]
Processing frames:  49%|████▊     | 147/303 [01:03<01:06,  2.33it/s]
Processing frames:  49%|████▉     | 148/303 [01:04<01:08,  2.26it/s]
Processing frames:  49%|████▉     | 149/303 [01:04<01:06,  2.31it/s]
Processing frames:  50%|████▉     | 150/303 [01:05<01:05,  2.32it/s]
Processing frames:  50%|████▉     | 151/303 [01:05<01:04,  2.35it/s]
Processing frames:  50%|█████     | 152/303 [01:05<01:03,  2.38it/s]
Processing frames:  50%|█████     | 153/303 [01:06<01:02,  2.39it/s]
Processing frames:  51%|█████     | 154/303 [01:06<01:02,  2.40it/s]
Processing frames:  51%|█████     | 155/303 [01:07<01:01,  2.41it/s]
Processing frames:  51%|█████▏    | 156/303 [01:07<01:01,  2.40it/s]
Processing frames:  52%|█████▏    | 157/303 [01:08<01:01,  2.38it/s]
Processing frames:  52%|█████▏    | 158/303 [01:08<01:01,  2.37it/s]
Processing frames:  52%|█████▏    | 159/303 [01:09<01:14,  1.94it/s]
Processing frames:  53%|█████▎    | 160/303 [01:09<01:09,  2.06it/s]
Processing frames:  53%|█████▎    | 161/303 [01:10<01:05,  2.16it/s]
Processing frames:  53%|█████▎    | 162/303 [01:10<01:04,  2.19it/s]
Processing frames:  54%|█████▍    | 163/303 [01:10<01:02,  2.24it/s]
Processing frames:  54%|█████▍    | 164/303 [01:11<01:00,  2.28it/s]
Processing frames:  54%|█████▍    | 165/303 [01:11<00:59,  2.32it/s]
Processing frames:  55%|█████▍    | 166/303 [01:12<00:58,  2.35it/s]
Processing frames:  55%|█████▌    | 167/303 [01:12<00:57,  2.37it/s]
Processing frames:  55%|█████▌    | 168/303 [01:13<00:57,  2.34it/s]
Processing frames:  56%|█████▌    | 169/303 [01:13<00:57,  2.32it/s]
Processing frames:  56%|█████▌    | 170/303 [01:13<00:56,  2.34it/s]
Processing frames:  56%|█████▋    | 171/303 [01:14<00:56,  2.33it/s]
Processing frames:  57%|█████▋    | 172/303 [01:14<00:56,  2.34it/s]
Processing frames:  57%|█████▋    | 173/303 [01:15<00:55,  2.34it/s]
Processing frames:  57%|█████▋    | 174/303 [01:15<00:54,  2.35it/s]
Processing frames:  58%|█████▊    | 175/303 [01:15<00:54,  2.36it/s]
Processing frames:  58%|█████▊    | 176/303 [01:16<00:53,  2.37it/s]
Processing frames:  58%|█████▊    | 177/303 [01:16<00:53,  2.38it/s]
Processing frames:  59%|█████▊    | 178/303 [01:17<00:52,  2.38it/s]
Processing frames:  59%|█████▉    | 179/303 [01:17<00:52,  2.37it/s]
Processing frames:  59%|█████▉    | 180/303 [01:18<00:51,  2.38it/s]
Processing frames:  60%|█████▉    | 181/303 [01:18<00:51,  2.38it/s]
Processing frames:  60%|██████    | 182/303 [01:18<00:50,  2.38it/s]
Processing frames:  60%|██████    | 183/303 [01:19<00:51,  2.32it/s]
Processing frames:  61%|██████    | 184/303 [01:19<00:51,  2.30it/s]
Processing frames:  61%|██████    | 185/303 [01:20<00:50,  2.33it/s]
Processing frames:  61%|██████▏   | 186/303 [01:20<00:55,  2.11it/s]
Processing frames:  62%|██████▏   | 187/303 [01:21<00:53,  2.19it/s]
Processing frames:  62%|██████▏   | 188/303 [01:21<00:51,  2.21it/s]
Processing frames:  62%|██████▏   | 189/303 [01:22<00:50,  2.26it/s]
Processing frames:  63%|██████▎   | 190/303 [01:22<00:49,  2.27it/s]
Processing frames:  63%|██████▎   | 191/303 [01:22<00:48,  2.30it/s]
Processing frames:  63%|██████▎   | 192/303 [01:23<00:48,  2.31it/s]
Processing frames:  64%|██████▎   | 193/303 [01:23<00:47,  2.33it/s]
Processing frames:  64%|██████▍   | 194/303 [01:24<00:46,  2.35it/s]
Processing frames:  64%|██████▍   | 195/303 [01:24<00:51,  2.10it/s]
Processing frames:  65%|██████▍   | 196/303 [01:25<00:49,  2.16it/s]
Processing frames:  65%|██████▌   | 197/303 [01:25<00:47,  2.23it/s]
Processing frames:  65%|██████▌   | 198/303 [01:26<00:46,  2.28it/s]
Processing frames:  66%|██████▌   | 199/303 [01:26<00:46,  2.26it/s]
Processing frames:  66%|██████▌   | 200/303 [01:26<00:45,  2.28it/s]
Processing frames:  66%|██████▋   | 201/303 [01:27<00:44,  2.31it/s]
Processing frames:  67%|██████▋   | 202/303 [01:27<00:44,  2.28it/s]
Processing frames:  67%|██████▋   | 203/303 [01:28<00:43,  2.32it/s]
Processing frames:  67%|██████▋   | 204/303 [01:28<00:45,  2.19it/s]
Processing frames:  68%|██████▊   | 205/303 [01:29<00:43,  2.24it/s]
Processing frames:  68%|██████▊   | 206/303 [01:29<00:43,  2.25it/s]
Processing frames:  68%|██████▊   | 207/303 [01:30<00:43,  2.22it/s]
Processing frames:  69%|██████▊   | 208/303 [01:30<00:41,  2.27it/s]
Processing frames:  69%|██████▉   | 209/303 [01:30<00:40,  2.31it/s]
Processing frames:  69%|██████▉   | 210/303 [01:31<00:40,  2.31it/s]
Processing frames:  70%|██████▉   | 211/303 [01:31<00:39,  2.33it/s]
Processing frames:  70%|██████▉   | 212/303 [01:32<00:39,  2.33it/s]
Processing frames:  70%|███████   | 213/303 [01:32<00:38,  2.33it/s]
Processing frames:  71%|███████   | 214/303 [01:33<00:38,  2.33it/s]
Processing frames:  71%|███████   | 215/303 [01:33<00:37,  2.35it/s]
Processing frames:  71%|███████▏  | 216/303 [01:33<00:37,  2.33it/s]
Processing frames:  72%|███████▏  | 217/303 [01:34<00:36,  2.35it/s]
Processing frames:  72%|███████▏  | 218/303 [01:34<00:35,  2.37it/s]
Processing frames:  72%|███████▏  | 219/303 [01:35<00:35,  2.36it/s]
Processing frames:  73%|███████▎  | 220/303 [01:35<00:35,  2.37it/s]
Processing frames:  73%|███████▎  | 221/303 [01:36<00:35,  2.33it/s]
Processing frames:  73%|███████▎  | 222/303 [01:36<00:39,  2.07it/s]
Processing frames:  74%|███████▎  | 223/303 [01:37<00:37,  2.15it/s]
Processing frames:  74%|███████▍  | 224/303 [01:37<00:36,  2.16it/s]
Processing frames:  74%|███████▍  | 225/303 [01:37<00:35,  2.23it/s]
Processing frames:  75%|███████▍  | 226/303 [01:38<00:33,  2.28it/s]
Processing frames:  75%|███████▍  | 227/303 [01:38<00:32,  2.32it/s]
Processing frames:  75%|███████▌  | 228/303 [01:39<00:32,  2.34it/s]
Processing frames:  76%|███████▌  | 229/303 [01:39<00:31,  2.35it/s]
Processing frames:  76%|███████▌  | 230/303 [01:40<00:31,  2.35it/s]
Processing frames:  76%|███████▌  | 231/303 [01:40<00:30,  2.33it/s]
Processing frames:  77%|███████▋  | 232/303 [01:40<00:30,  2.32it/s]
Processing frames:  77%|███████▋  | 233/303 [01:41<00:29,  2.34it/s]
Processing frames:  77%|███████▋  | 234/303 [01:41<00:29,  2.33it/s]
Processing frames:  78%|███████▊  | 235/303 [01:42<00:28,  2.35it/s]
Processing frames:  78%|███████▊  | 236/303 [01:42<00:28,  2.31it/s]
Processing frames:  78%|███████▊  | 237/303 [01:43<00:28,  2.32it/s]
Processing frames:  79%|███████▊  | 238/303 [01:43<00:27,  2.34it/s]
Processing frames:  79%|███████▉  | 239/303 [01:43<00:27,  2.33it/s]
Processing frames:  79%|███████▉  | 240/303 [01:44<00:26,  2.34it/s]
Processing frames:  80%|███████▉  | 241/303 [01:44<00:26,  2.36it/s]
Processing frames:  80%|███████▉  | 242/303 [01:45<00:25,  2.37it/s]
Processing frames:  80%|████████  | 243/303 [01:45<00:25,  2.37it/s]
Processing frames:  81%|████████  | 244/303 [01:46<00:25,  2.35it/s]
Processing frames:  81%|████████  | 245/303 [01:46<00:25,  2.32it/s]
Processing frames:  81%|████████  | 246/303 [01:46<00:24,  2.34it/s]
Processing frames:  82%|████████▏ | 247/303 [01:47<00:23,  2.34it/s]
Processing frames:  82%|████████▏ | 248/303 [01:47<00:24,  2.29it/s]
Processing frames:  82%|████████▏ | 249/303 [01:48<00:23,  2.28it/s]
Processing frames:  83%|████████▎ | 250/303 [01:48<00:23,  2.27it/s]
Processing frames:  83%|████████▎ | 251/303 [01:49<00:22,  2.27it/s]
Processing frames:  83%|████████▎ | 252/303 [01:49<00:22,  2.31it/s]
Processing frames:  83%|████████▎ | 253/303 [01:49<00:21,  2.28it/s]
Processing frames:  84%|████████▍ | 254/303 [01:50<00:21,  2.29it/s]
Processing frames:  84%|████████▍ | 255/303 [01:50<00:20,  2.32it/s]
Processing frames:  84%|████████▍ | 256/303 [01:51<00:20,  2.25it/s]
Processing frames:  85%|████████▍ | 257/303 [01:51<00:20,  2.30it/s]
Processing frames:  85%|████████▌ | 258/303 [01:52<00:19,  2.31it/s]
Processing frames:  85%|████████▌ | 259/303 [01:52<00:19,  2.29it/s]
Processing frames:  86%|████████▌ | 260/303 [01:52<00:18,  2.31it/s]
Processing frames:  86%|████████▌ | 261/303 [01:53<00:17,  2.33it/s]
Processing frames:  86%|████████▋ | 262/303 [01:53<00:17,  2.33it/s]
Processing frames:  87%|████████▋ | 263/303 [01:54<00:17,  2.34it/s]
Processing frames:  87%|████████▋ | 264/303 [01:54<00:16,  2.35it/s]
Processing frames:  87%|████████▋ | 265/303 [01:55<00:16,  2.36it/s]
Processing frames:  88%|████████▊ | 266/303 [01:55<00:15,  2.36it/s]
Processing frames:  88%|████████▊ | 267/303 [01:55<00:15,  2.34it/s]
Processing frames:  88%|████████▊ | 268/303 [01:56<00:15,  2.33it/s]
Processing frames:  89%|████████▉ | 269/303 [01:56<00:14,  2.32it/s]
Processing frames:  89%|████████▉ | 270/303 [01:57<00:14,  2.33it/s]
Processing frames:  89%|████████▉ | 271/303 [01:57<00:13,  2.29it/s]
Processing frames:  90%|████████▉ | 272/303 [01:58<00:13,  2.32it/s]
Processing frames:  90%|█████████ | 273/303 [01:58<00:13,  2.17it/s]
Processing frames:  90%|█████████ | 274/303 [01:59<00:13,  2.23it/s]
Processing frames:  91%|█████████ | 275/303 [01:59<00:12,  2.27it/s]
Processing frames:  91%|█████████ | 276/303 [01:59<00:11,  2.31it/s]
Processing frames:  91%|█████████▏| 277/303 [02:00<00:11,  2.33it/s]
Processing frames:  92%|█████████▏| 278/303 [02:00<00:10,  2.35it/s]
Processing frames:  92%|█████████▏| 279/303 [02:01<00:10,  2.36it/s]
Processing frames:  92%|█████████▏| 280/303 [02:01<00:10,  2.28it/s]
Processing frames:  93%|█████████▎| 281/303 [02:02<00:09,  2.31it/s]
Processing frames:  93%|█████████▎| 282/303 [02:02<00:08,  2.33it/s]
Processing frames:  93%|█████████▎| 283/303 [02:02<00:08,  2.33it/s]
Processing frames:  94%|█████████▎| 284/303 [02:03<00:08,  2.35it/s]
Processing frames:  94%|█████████▍| 285/303 [02:03<00:07,  2.35it/s]
Processing frames:  94%|█████████▍| 286/303 [02:04<00:07,  2.36it/s]
Processing frames:  95%|█████████▍| 287/303 [02:04<00:06,  2.37it/s]
Processing frames:  95%|█████████▌| 288/303 [02:05<00:06,  2.35it/s]
Processing frames:  95%|█████████▌| 289/303 [02:05<00:05,  2.36it/s]
Processing frames:  96%|█████████▌| 290/303 [02:05<00:05,  2.37it/s]
Processing frames:  96%|█████████▌| 291/303 [02:06<00:05,  2.35it/s]
Processing frames:  96%|█████████▋| 292/303 [02:06<00:04,  2.35it/s]
Processing frames:  97%|█████████▋| 293/303 [02:07<00:04,  2.34it/s]
Processing frames:  97%|█████████▋| 294/303 [02:07<00:03,  2.36it/s]
Processing frames:  97%|█████████▋| 295/303 [02:08<00:03,  2.33it/s]
Processing frames:  98%|█████████▊| 296/303 [02:08<00:02,  2.35it/s]
Processing frames:  98%|█████████▊| 297/303 [02:08<00:02,  2.36it/s]
Processing frames:  98%|█████████▊| 298/303 [02:09<00:02,  2.34it/s]
Processing frames:  99%|█████████▊| 299/303 [02:09<00:01,  2.33it/s]
Processing frames:  99%|█████████▉| 300/303 [02:10<00:01,  2.35it/s]
Processing frames:  99%|█████████▉| 301/303 [02:10<00:00,  2.35it/s]
Processing frames: 100%|█████████▉| 302/303 [02:11<00:00,  2.32it/s]
Processing frames: 100%|██████████| 303/303 [02:11<00:00,  2.31it/s]
Processing frames: 100%|██████████| 303/303 [02:11<00:00,  2.31it/s]

Processing frames:   0%|          | 0/820 [00:00<?, ?it/s]
Processing frames:   0%|          | 1/820 [00:00<05:31,  2.47it/s]
Processing frames:   0%|          | 2/820 [00:00<04:49,  2.83it/s]
Processing frames:   0%|          | 3/820 [00:01<04:51,  2.80it/s]
Processing frames:   0%|          | 4/820 [00:01<04:37,  2.94it/s]
Processing frames:   1%|          | 5/820 [00:01<04:53,  2.78it/s]
Processing frames:   1%|          | 6/820 [00:02<04:42,  2.88it/s]
Processing frames:   1%|          | 7/820 [00:02<04:33,  2.98it/s]
Processing frames:   1%|          | 8/820 [00:02<04:53,  2.76it/s]
Processing frames:   1%|          | 9/820 [00:03<04:45,  2.84it/s]
Processing frames:   1%|          | 10/820 [00:03<04:35,  2.94it/s]
Processing frames:   1%|▏         | 11/820 [00:03<04:28,  3.01it/s]
Processing frames:   1%|▏         | 12/820 [00:04<04:34,  2.94it/s]
Processing frames:   2%|▏         | 13/820 [00:04<04:27,  3.01it/s]
Processing frames:   2%|▏         | 14/820 [00:04<04:23,  3.06it/s]
Processing frames:   2%|▏         | 15/820 [00:05<04:32,  2.96it/s]
Processing frames:   2%|▏         | 16/820 [00:05<04:33,  2.94it/s]
Processing frames:   2%|▏         | 17/820 [00:05<04:50,  2.76it/s]
Processing frames:   2%|▏         | 18/820 [00:06<04:39,  2.87it/s]
Processing frames:   2%|▏         | 19/820 [00:06<04:54,  2.72it/s]
Processing frames:   2%|▏         | 20/820 [00:06<04:44,  2.81it/s]
Processing frames:   3%|▎         | 21/820 [00:07<04:34,  2.91it/s]
Processing frames:   3%|▎         | 22/820 [00:07<04:29,  2.96it/s]
Processing frames:   3%|▎         | 23/820 [00:07<04:23,  3.03it/s]
Processing frames:   3%|▎         | 24/820 [00:08<04:18,  3.08it/s]
Processing frames:   3%|▎         | 25/820 [00:08<04:18,  3.08it/s]
Processing frames:   3%|▎         | 26/820 [00:08<04:34,  2.89it/s]
Processing frames:   3%|▎         | 27/820 [00:09<04:27,  2.97it/s]
Processing frames:   3%|▎         | 28/820 [00:09<04:21,  3.03it/s]
Processing frames:   4%|▎         | 29/820 [00:09<04:16,  3.08it/s]
Processing frames:   4%|▎         | 30/820 [00:10<04:57,  2.65it/s]
Processing frames:   4%|▍         | 31/820 [00:10<04:44,  2.77it/s]
Processing frames:   4%|▍         | 32/820 [00:11<04:33,  2.89it/s]
Processing frames:   4%|▍         | 33/820 [00:11<04:25,  2.97it/s]
Processing frames:   4%|▍         | 34/820 [00:11<04:22,  3.00it/s]
Processing frames:   4%|▍         | 35/820 [00:11<04:17,  3.05it/s]
Processing frames:   4%|▍         | 36/820 [00:12<04:16,  3.06it/s]
Processing frames:   5%|▍         | 37/820 [00:12<04:23,  2.97it/s]
Processing frames:   5%|▍         | 38/820 [00:13<05:02,  2.59it/s]
Processing frames:   5%|▍         | 39/820 [00:13<04:45,  2.73it/s]
Processing frames:   5%|▍         | 40/820 [00:13<04:32,  2.86it/s]
Processing frames:   5%|▌         | 41/820 [00:14<04:28,  2.90it/s]
Processing frames:   5%|▌         | 42/820 [00:14<04:23,  2.96it/s]
Processing frames:   5%|▌         | 43/820 [00:14<04:21,  2.98it/s]
Processing frames:   5%|▌         | 44/820 [00:15<04:21,  2.97it/s]
Processing frames:   5%|▌         | 45/820 [00:16<08:00,  1.61it/s]
Processing frames:   6%|▌         | 46/820 [00:16<06:51,  1.88it/s]
Processing frames:   6%|▌         | 47/820 [00:17<06:15,  2.06it/s]
Processing frames:   6%|▌         | 48/820 [00:17<05:37,  2.28it/s]
Processing frames:   6%|▌         | 49/820 [00:17<05:08,  2.50it/s]
Processing frames:   6%|▌         | 50/820 [00:18<04:48,  2.67it/s]
Processing frames:   6%|▌         | 51/820 [00:18<04:37,  2.77it/s]
Processing frames:   6%|▋         | 52/820 [00:18<04:29,  2.85it/s]
Processing frames:   6%|▋         | 53/820 [00:19<04:36,  2.78it/s]
Processing frames:   7%|▋         | 54/820 [00:19<04:24,  2.89it/s]
Processing frames:   7%|▋         | 55/820 [00:19<04:57,  2.57it/s]
Processing frames:   7%|▋         | 56/820 [00:20<04:42,  2.70it/s]
Processing frames:   7%|▋         | 57/820 [00:20<04:29,  2.84it/s]
Processing frames:   7%|▋         | 58/820 [00:20<04:23,  2.89it/s]
Processing frames:   7%|▋         | 59/820 [00:21<04:18,  2.94it/s]
Processing frames:   7%|▋         | 60/820 [00:21<04:18,  2.94it/s]
Processing frames:   7%|▋         | 61/820 [00:21<04:16,  2.96it/s]
Processing frames:   8%|▊         | 62/820 [00:22<04:57,  2.55it/s]
Processing frames:   8%|▊         | 63/820 [00:22<04:39,  2.71it/s]
Processing frames:   8%|▊         | 64/820 [00:23<04:26,  2.84it/s]
Processing frames:   8%|▊         | 65/820 [00:23<04:17,  2.93it/s]
Processing frames:   8%|▊         | 66/820 [00:23<04:13,  2.98it/s]
Processing frames:   8%|▊         | 67/820 [00:23<04:10,  3.01it/s]
Processing frames:   8%|▊         | 68/820 [00:24<04:13,  2.97it/s]
Processing frames:   8%|▊         | 69/820 [00:24<04:10,  3.00it/s]
Processing frames:   9%|▊         | 70/820 [00:24<04:05,  3.05it/s]
Processing frames:   9%|▊         | 71/820 [00:25<04:02,  3.09it/s]
Processing frames:   9%|▉         | 72/820 [00:25<04:00,  3.11it/s]
Processing frames:   9%|▉         | 73/820 [00:26<04:26,  2.80it/s]
Processing frames:   9%|▉         | 74/820 [00:26<04:22,  2.85it/s]
Processing frames:   9%|▉         | 75/820 [00:26<04:17,  2.90it/s]
Processing frames:   9%|▉         | 76/820 [00:27<04:15,  2.91it/s]
Processing frames:   9%|▉         | 77/820 [00:27<04:08,  2.99it/s]
Processing frames:  10%|▉         | 78/820 [00:27<04:26,  2.78it/s]
Processing frames:  10%|▉         | 79/820 [00:28<05:06,  2.42it/s]
Processing frames:  10%|▉         | 80/820 [00:28<05:18,  2.33it/s]
Processing frames:  10%|▉         | 81/820 [00:29<05:04,  2.43it/s]
Processing frames:  10%|█         | 82/820 [00:29<04:42,  2.61it/s]
Processing frames:  10%|█         | 83/820 [00:29<04:26,  2.76it/s]
Processing frames:  10%|█         | 84/820 [00:30<04:15,  2.88it/s]
Processing frames:  10%|█         | 85/820 [00:30<04:12,  2.91it/s]
Processing frames:  10%|█         | 86/820 [00:30<04:11,  2.92it/s]
Processing frames:  11%|█         | 87/820 [00:31<04:14,  2.88it/s]
Processing frames:  11%|█         | 88/820 [00:31<04:10,  2.92it/s]
Processing frames:  11%|█         | 89/820 [00:31<04:16,  2.85it/s]
Processing frames:  11%|█         | 90/820 [00:32<04:11,  2.91it/s]
Processing frames:  11%|█         | 91/820 [00:32<04:04,  2.98it/s]
Processing frames:  11%|█         | 92/820 [00:32<03:59,  3.04it/s]
Processing frames:  11%|█▏        | 93/820 [00:33<03:56,  3.08it/s]
Processing frames:  11%|█▏        | 94/820 [00:33<03:56,  3.06it/s]
Processing frames:  12%|█▏        | 95/820 [00:33<03:56,  3.07it/s]
Processing frames:  12%|█▏        | 96/820 [00:34<03:53,  3.10it/s]
Processing frames:  12%|█▏        | 97/820 [00:34<03:52,  3.11it/s]
Processing frames:  12%|█▏        | 98/820 [00:34<03:52,  3.11it/s]
Processing frames:  12%|█▏        | 99/820 [00:35<03:50,  3.13it/s]
Processing frames:  12%|█▏        | 100/820 [00:35<03:48,  3.14it/s]
Processing frames:  12%|█▏        | 101/820 [00:35<03:48,  3.15it/s]
Processing frames:  12%|█▏        | 102/820 [00:35<03:50,  3.11it/s]
Processing frames:  13%|█▎        | 103/820 [00:36<04:00,  2.99it/s]
Processing frames:  13%|█▎        | 104/820 [00:36<03:57,  3.01it/s]
Processing frames:  13%|█▎        | 105/820 [00:37<03:56,  3.02it/s]
Processing frames:  13%|█▎        | 106/820 [00:37<03:52,  3.07it/s]
Processing frames:  13%|█▎        | 107/820 [00:37<03:50,  3.10it/s]
Processing frames:  13%|█▎        | 108/820 [00:38<07:28,  1.59it/s]
Processing frames:  13%|█▎        | 109/820 [00:39<06:21,  1.87it/s]
Processing frames:  13%|█▎        | 110/820 [00:39<05:36,  2.11it/s]
Processing frames:  14%|█▎        | 111/820 [00:39<05:05,  2.32it/s]
Processing frames:  14%|█▎        | 112/820 [00:40<04:45,  2.48it/s]
Processing frames:  14%|█▍        | 113/820 [00:40<04:57,  2.37it/s]
Processing frames:  14%|█▍        | 114/820 [00:41<04:34,  2.57it/s]
Processing frames:  14%|█▍        | 115/820 [00:41<04:58,  2.36it/s]
Processing frames:  14%|█▍        | 116/820 [00:41<04:35,  2.55it/s]
Processing frames:  14%|█▍        | 117/820 [00:42<04:36,  2.54it/s]
Processing frames:  14%|█▍        | 118/820 [00:42<04:30,  2.59it/s]
Processing frames:  15%|█▍        | 119/820 [00:42<04:15,  2.75it/s]
Processing frames:  15%|█▍        | 120/820 [00:43<04:06,  2.85it/s]
Processing frames:  15%|█▍        | 121/820 [00:43<04:00,  2.90it/s]
Processing frames:  15%|█▍        | 122/820 [00:43<03:57,  2.94it/s]
Processing frames:  15%|█▌        | 123/820 [00:45<07:52,  1.48it/s]
Processing frames:  15%|█▌        | 124/820 [00:45<07:07,  1.63it/s]
Processing frames:  15%|█▌        | 125/820 [00:47<11:11,  1.03it/s]
Processing frames:  15%|█▌        | 126/820 [00:48<09:35,  1.21it/s]
Processing frames:  15%|█▌        | 127/820 [00:48<07:49,  1.48it/s]
Processing frames:  16%|█▌        | 128/820 [00:48<06:35,  1.75it/s]
Processing frames:  16%|█▌        | 129/820 [00:49<05:45,  2.00it/s]
Processing frames:  16%|█▌        | 130/820 [00:49<05:09,  2.23it/s]
Processing frames:  16%|█▌        | 131/820 [00:49<05:16,  2.18it/s]
Processing frames:  16%|█▌        | 132/820 [00:50<04:55,  2.33it/s]
Processing frames:  16%|█▌        | 133/820 [00:50<04:58,  2.30it/s]
Processing frames:  16%|█▋        | 134/820 [00:51<04:35,  2.49it/s]
Processing frames:  16%|█▋        | 135/820 [00:51<04:54,  2.32it/s]
Processing frames:  17%|█▋        | 136/820 [00:55<15:56,  1.40s/it]
Processing frames:  17%|█▋        | 137/820 [00:57<17:04,  1.50s/it]
Processing frames:  17%|█▋        | 138/820 [00:57<14:51,  1.31s/it]
Processing frames:  17%|█▋        | 139/820 [00:58<11:31,  1.02s/it]
Processing frames:  17%|█▋        | 140/820 [00:58<09:31,  1.19it/s]
Processing frames:  17%|█▋        | 141/820 [00:58<07:50,  1.44it/s]
Processing frames:  17%|█▋        | 142/820 [00:59<06:34,  1.72it/s]
Processing frames:  17%|█▋        | 143/820 [00:59<05:41,  1.98it/s]
Processing frames:  18%|█▊        | 144/820 [00:59<05:03,  2.23it/s]
Processing frames:  18%|█▊        | 145/820 [01:00<04:37,  2.43it/s]
Processing frames:  18%|█▊        | 146/820 [01:00<04:16,  2.63it/s]
Processing frames:  18%|█▊        | 147/820 [01:00<04:04,  2.75it/s]
Processing frames:  18%|█▊        | 148/820 [01:01<03:55,  2.86it/s]
Processing frames:  18%|█▊        | 149/820 [01:01<03:49,  2.92it/s]
Processing frames:  18%|█▊        | 150/820 [01:01<03:43,  2.99it/s]
Processing frames:  18%|█▊        | 151/820 [01:02<03:40,  3.04it/s]
Processing frames:  19%|█▊        | 152/820 [01:02<03:39,  3.05it/s]
Processing frames:  19%|█▊        | 153/820 [01:02<03:36,  3.08it/s]
Processing frames:  19%|█▉        | 154/820 [01:03<03:34,  3.11it/s]
Processing frames:  19%|█▉        | 155/820 [01:03<03:36,  3.07it/s]
Processing frames:  19%|█▉        | 156/820 [01:03<04:08,  2.67it/s]
Processing frames:  19%|█▉        | 157/820 [01:04<06:20,  1.74it/s]
Processing frames:  19%|█▉        | 158/820 [01:05<05:28,  2.02it/s]
Processing frames:  19%|█▉        | 159/820 [01:05<04:54,  2.24it/s]
Processing frames:  20%|█▉        | 160/820 [01:05<04:28,  2.46it/s]
Processing frames:  20%|█▉        | 161/820 [01:06<04:09,  2.64it/s]
Processing frames:  20%|█▉        | 162/820 [01:06<03:55,  2.79it/s]
Processing frames:  20%|█▉        | 163/820 [01:06<03:48,  2.88it/s]
Processing frames:  20%|██        | 164/820 [01:07<03:42,  2.94it/s]
Processing frames:  20%|██        | 165/820 [01:07<03:36,  3.02it/s]
Processing frames:  20%|██        | 166/820 [01:07<03:40,  2.97it/s]
Processing frames:  20%|██        | 167/820 [01:08<03:38,  2.99it/s]
Processing frames:  20%|██        | 168/820 [01:08<03:35,  3.03it/s]
Processing frames:  21%|██        | 169/820 [01:08<03:31,  3.07it/s]
Processing frames:  21%|██        | 170/820 [01:09<03:34,  3.02it/s]
Processing frames:  21%|██        | 171/820 [01:09<03:31,  3.07it/s]
Processing frames:  21%|██        | 172/820 [01:09<03:31,  3.07it/s]
Processing frames:  21%|██        | 173/820 [01:10<03:28,  3.10it/s]
Processing frames:  21%|██        | 174/820 [01:10<03:26,  3.12it/s]
Processing frames:  21%|██▏       | 175/820 [01:10<03:25,  3.14it/s]
Processing frames:  21%|██▏       | 176/820 [01:11<03:24,  3.16it/s]
Processing frames:  22%|██▏       | 177/820 [01:11<03:32,  3.03it/s]
Processing frames:  22%|██▏       | 178/820 [01:11<03:35,  2.98it/s]
Processing frames:  22%|██▏       | 179/820 [01:12<03:40,  2.90it/s]
Processing frames:  22%|██▏       | 180/820 [01:12<03:39,  2.91it/s]
Processing frames:  22%|██▏       | 181/820 [01:12<03:37,  2.94it/s]
Processing frames:  22%|██▏       | 182/820 [01:13<03:31,  3.01it/s]
Processing frames:  22%|██▏       | 183/820 [01:13<03:27,  3.06it/s]
Processing frames:  22%|██▏       | 184/820 [01:13<03:25,  3.10it/s]
Processing frames:  23%|██▎       | 185/820 [01:14<03:25,  3.09it/s]
Processing frames:  23%|██▎       | 186/820 [01:14<03:27,  3.06it/s]
Processing frames:  23%|██▎       | 187/820 [01:14<03:25,  3.08it/s]
Processing frames:  23%|██▎       | 188/820 [01:15<03:23,  3.11it/s]
Processing frames:  23%|██▎       | 189/820 [01:15<03:23,  3.09it/s]
Processing frames:  23%|██▎       | 190/820 [01:15<03:22,  3.12it/s]
Processing frames:  23%|██▎       | 191/820 [01:16<03:21,  3.12it/s]
Processing frames:  23%|██▎       | 192/820 [01:16<03:23,  3.08it/s]
Processing frames:  24%|██▎       | 193/820 [01:16<03:23,  3.08it/s]
Processing frames:  24%|██▎       | 194/820 [01:16<03:21,  3.11it/s]
Processing frames:  24%|██▍       | 195/820 [01:17<03:41,  2.82it/s]
Processing frames:  24%|██▍       | 196/820 [01:17<03:35,  2.90it/s]
Processing frames:  24%|██▍       | 197/820 [01:18<03:31,  2.95it/s]
Processing frames:  24%|██▍       | 198/820 [01:18<03:26,  3.02it/s]
Processing frames:  24%|██▍       | 199/820 [01:18<03:24,  3.03it/s]
Processing frames:  24%|██▍       | 200/820 [01:19<03:21,  3.07it/s]
Processing frames:  25%|██▍       | 201/820 [01:19<04:57,  2.08it/s]
Processing frames:  25%|██▍       | 202/820 [01:20<04:28,  2.30it/s]
Processing frames:  25%|██▍       | 203/820 [01:20<04:05,  2.51it/s]
Processing frames:  25%|██▍       | 204/820 [01:20<03:49,  2.68it/s]
Processing frames:  25%|██▌       | 205/820 [01:21<03:41,  2.78it/s]
Processing frames:  25%|██▌       | 206/820 [01:21<03:32,  2.88it/s]
Processing frames:  25%|██▌       | 207/820 [01:21<03:28,  2.95it/s]
Processing frames:  25%|██▌       | 208/820 [01:22<03:23,  3.01it/s]
Processing frames:  25%|██▌       | 209/820 [01:22<03:20,  3.05it/s]
Processing frames:  26%|██▌       | 210/820 [01:22<03:17,  3.09it/s]
Processing frames:  26%|██▌       | 211/820 [01:23<03:18,  3.07it/s]
Processing frames:  26%|██▌       | 212/820 [01:23<03:18,  3.06it/s]
Processing frames:  26%|██▌       | 213/820 [01:23<03:15,  3.10it/s]
Processing frames:  26%|██▌       | 214/820 [01:24<03:17,  3.08it/s]
Processing frames:  26%|██▌       | 215/820 [01:24<03:22,  2.99it/s]
Processing frames:  26%|██▋       | 216/820 [01:24<03:20,  3.01it/s]
Processing frames:  26%|██▋       | 217/820 [01:25<03:17,  3.05it/s]
Processing frames:  27%|██▋       | 218/820 [01:25<03:16,  3.07it/s]
Processing frames:  27%|██▋       | 219/820 [01:25<03:15,  3.07it/s]
Processing frames:  27%|██▋       | 220/820 [01:26<03:16,  3.06it/s]
Processing frames:  27%|██▋       | 221/820 [01:26<03:15,  3.06it/s]
Processing frames:  27%|██▋       | 222/820 [01:26<03:12,  3.10it/s]
Processing frames:  27%|██▋       | 223/820 [01:26<03:10,  3.13it/s]
Processing frames:  27%|██▋       | 224/820 [01:27<03:08,  3.16it/s]
Processing frames:  27%|██▋       | 225/820 [01:27<03:08,  3.15it/s]
Processing frames:  28%|██▊       | 226/820 [01:27<03:09,  3.13it/s]
Processing frames:  28%|██▊       | 227/820 [01:28<03:14,  3.05it/s]
Processing frames:  28%|██▊       | 228/820 [01:28<03:12,  3.08it/s]
Processing frames:  28%|██▊       | 229/820 [01:28<03:11,  3.09it/s]
Processing frames:  28%|██▊       | 230/820 [01:29<03:08,  3.13it/s]
Processing frames:  28%|██▊       | 231/820 [01:29<03:09,  3.11it/s]
Processing frames:  28%|██▊       | 232/820 [01:29<03:11,  3.06it/s]
Processing frames:  28%|██▊       | 233/820 [01:30<03:10,  3.09it/s]
Processing frames:  29%|██▊       | 234/820 [01:30<03:09,  3.09it/s]
Processing frames:  29%|██▊       | 235/820 [01:30<03:10,  3.07it/s]
Processing frames:  29%|██▉       | 236/820 [01:31<03:07,  3.12it/s]
Processing frames:  29%|██▉       | 237/820 [01:31<03:04,  3.15it/s]
Processing frames:  29%|██▉       | 238/820 [01:31<03:06,  3.12it/s]
Processing frames:  29%|██▉       | 239/820 [01:32<03:04,  3.15it/s]
Processing frames:  29%|██▉       | 240/820 [01:32<03:06,  3.11it/s]
Processing frames:  29%|██▉       | 241/820 [01:32<03:03,  3.15it/s]
Processing frames:  30%|██▉       | 242/820 [01:33<03:05,  3.12it/s]
Processing frames:  30%|██▉       | 243/820 [01:33<03:04,  3.13it/s]
Processing frames:  30%|██▉       | 244/820 [01:33<03:03,  3.15it/s]
Processing frames:  30%|██▉       | 245/820 [01:34<03:03,  3.13it/s]
Processing frames:  30%|███       | 246/820 [01:34<03:16,  2.92it/s]
Processing frames:  30%|███       | 247/820 [01:34<03:11,  2.98it/s]
Processing frames:  30%|███       | 248/820 [01:35<03:08,  3.04it/s]
Processing frames:  30%|███       | 249/820 [01:35<03:05,  3.08it/s]
Processing frames:  30%|███       | 250/820 [01:35<03:07,  3.03it/s]
Processing frames:  31%|███       | 251/820 [01:36<03:32,  2.68it/s]
Processing frames:  31%|███       | 252/820 [01:36<03:22,  2.81it/s]
Processing frames:  31%|███       | 253/820 [01:36<03:14,  2.91it/s]
Processing frames:  31%|███       | 254/820 [01:37<03:12,  2.94it/s]
Processing frames:  31%|███       | 255/820 [01:37<03:09,  2.97it/s]
Processing frames:  31%|███       | 256/820 [01:37<03:07,  3.00it/s]
Processing frames:  31%|███▏      | 257/820 [01:38<03:06,  3.03it/s]
Processing frames:  31%|███▏      | 258/820 [01:38<03:05,  3.03it/s]
Processing frames:  32%|███▏      | 259/820 [01:38<03:04,  3.05it/s]
Processing frames:  32%|███▏      | 260/820 [01:39<03:01,  3.09it/s]
Processing frames:  32%|███▏      | 261/820 [01:39<03:00,  3.09it/s]
Processing frames:  32%|███▏      | 262/820 [01:39<02:59,  3.11it/s]
Processing frames:  32%|███▏      | 263/820 [01:40<03:15,  2.85it/s]
Processing frames:  32%|███▏      | 264/820 [01:40<03:09,  2.94it/s]
Processing frames:  32%|███▏      | 265/820 [01:40<03:08,  2.94it/s]
Processing frames:  32%|███▏      | 266/820 [01:41<03:04,  3.01it/s]
Processing frames:  33%|███▎      | 267/820 [01:41<03:02,  3.03it/s]
Processing frames:  33%|███▎      | 268/820 [01:41<03:01,  3.05it/s]
Processing frames:  33%|███▎      | 269/820 [01:42<02:58,  3.09it/s]
Processing frames:  33%|███▎      | 270/820 [01:42<02:58,  3.08it/s]
Processing frames:  33%|███▎      | 271/820 [01:42<02:58,  3.07it/s]
Processing frames:  33%|███▎      | 272/820 [01:43<03:00,  3.04it/s]
Processing frames:  33%|███▎      | 273/820 [01:43<02:57,  3.08it/s]
Processing frames:  33%|███▎      | 274/820 [01:43<02:57,  3.08it/s]
Processing frames:  34%|███▎      | 275/820 [01:44<02:55,  3.11it/s]
Processing frames:  34%|███▎      | 276/820 [01:44<02:53,  3.13it/s]
Processing frames:  34%|███▍      | 277/820 [01:44<02:52,  3.15it/s]
Processing frames:  34%|███▍      | 278/820 [01:44<02:51,  3.16it/s]
Processing frames:  34%|███▍      | 279/820 [01:45<02:50,  3.17it/s]
Processing frames:  34%|███▍      | 280/820 [01:45<02:52,  3.12it/s]
Processing frames:  34%|███▍      | 281/820 [01:45<02:51,  3.14it/s]
Processing frames:  34%|███▍      | 282/820 [01:46<02:52,  3.11it/s]
Processing frames:  35%|███▍      | 283/820 [01:46<02:51,  3.13it/s]
Processing frames:  35%|███▍      | 284/820 [01:46<02:51,  3.13it/s]
Processing frames:  35%|███▍      | 285/820 [01:47<02:52,  3.11it/s]
Processing frames:  35%|███▍      | 286/820 [01:47<03:20,  2.66it/s]
Processing frames:  35%|███▌      | 287/820 [01:48<03:30,  2.53it/s]
Processing frames:  35%|███▌      | 288/820 [01:48<03:17,  2.69it/s]
Processing frames:  35%|███▌      | 289/820 [01:48<03:08,  2.82it/s]
Processing frames:  35%|███▌      | 290/820 [01:49<03:06,  2.84it/s]
Processing frames:  35%|███▌      | 291/820 [01:49<03:03,  2.88it/s]
Processing frames:  36%|███▌      | 292/820 [01:49<02:58,  2.96it/s]
Processing frames:  36%|███▌      | 293/820 [01:50<02:54,  3.02it/s]
Processing frames:  36%|███▌      | 294/820 [01:50<02:51,  3.07it/s]
Processing frames:  36%|███▌      | 295/820 [01:50<02:49,  3.10it/s]
Processing frames:  36%|███▌      | 296/820 [01:51<02:47,  3.13it/s]
Processing frames:  36%|███▌      | 297/820 [01:51<02:48,  3.10it/s]
Processing frames:  36%|███▋      | 298/820 [01:51<02:47,  3.12it/s]
Processing frames:  36%|███▋      | 299/820 [01:52<02:46,  3.13it/s]
Processing frames:  37%|███▋      | 300/820 [01:52<02:47,  3.11it/s]
Processing frames:  37%|███▋      | 301/820 [01:52<02:46,  3.12it/s]
Processing frames:  37%|███▋      | 302/820 [01:52<02:45,  3.13it/s]
Processing frames:  37%|███▋      | 303/820 [01:53<02:44,  3.14it/s]
Processing frames:  37%|███▋      | 304/820 [01:53<02:45,  3.12it/s]
Processing frames:  37%|███▋      | 305/820 [01:53<02:44,  3.12it/s]
Processing frames:  37%|███▋      | 306/820 [01:54<02:46,  3.10it/s]
Processing frames:  37%|███▋      | 307/820 [01:54<02:44,  3.11it/s]
Processing frames:  38%|███▊      | 308/820 [01:54<02:43,  3.13it/s]
Processing frames:  38%|███▊      | 309/820 [01:55<02:47,  3.05it/s]
Processing frames:  38%|███▊      | 310/820 [01:55<02:47,  3.04it/s]
Processing frames:  38%|███▊      | 311/820 [01:55<02:49,  3.01it/s]
Processing frames:  38%|███▊      | 312/820 [01:56<02:48,  3.01it/s]
Processing frames:  38%|███▊      | 313/820 [01:56<02:46,  3.05it/s]
Processing frames:  38%|███▊      | 314/820 [01:56<02:47,  3.03it/s]
Processing frames:  38%|███▊      | 315/820 [01:57<02:49,  2.99it/s]
Processing frames:  39%|███▊      | 316/820 [01:57<02:46,  3.03it/s]
Processing frames:  39%|███▊      | 317/820 [01:57<02:45,  3.05it/s]
Processing frames:  39%|███▉      | 318/820 [01:58<02:44,  3.05it/s]
Processing frames:  39%|███▉      | 319/820 [01:58<02:42,  3.09it/s]
Processing frames:  39%|███▉      | 320/820 [01:58<02:40,  3.12it/s]
Processing frames:  39%|███▉      | 321/820 [01:59<02:44,  3.03it/s]
Processing frames:  39%|███▉      | 322/820 [01:59<02:47,  2.98it/s]
Processing frames:  39%|███▉      | 323/820 [01:59<02:46,  2.99it/s]
Processing frames:  40%|███▉      | 324/820 [02:00<02:42,  3.05it/s]
Processing frames:  40%|███▉      | 325/820 [02:00<02:46,  2.97it/s]
Processing frames:  40%|███▉      | 326/820 [02:00<02:45,  2.98it/s]
Processing frames:  40%|███▉      | 327/820 [02:01<02:42,  3.03it/s]
Processing frames:  40%|████      | 328/820 [02:01<02:39,  3.08it/s]
Processing frames:  40%|████      | 329/820 [02:01<02:37,  3.11it/s]
Processing frames:  40%|████      | 330/820 [02:02<02:40,  3.06it/s]
Processing frames:  40%|████      | 331/820 [02:02<02:39,  3.06it/s]
Processing frames:  40%|████      | 332/820 [02:02<02:37,  3.10it/s]
Processing frames:  41%|████      | 333/820 [02:03<02:35,  3.12it/s]
Processing frames:  41%|████      | 334/820 [02:03<02:34,  3.14it/s]
Processing frames:  41%|████      | 335/820 [02:03<02:36,  3.10it/s]
Processing frames:  41%|████      | 336/820 [02:04<02:36,  3.09it/s]
Processing frames:  41%|████      | 337/820 [02:04<02:35,  3.11it/s]
Processing frames:  41%|████      | 338/820 [02:04<02:33,  3.13it/s]
Processing frames:  41%|████▏     | 339/820 [02:05<02:34,  3.11it/s]
Processing frames:  41%|████▏     | 340/820 [02:05<02:33,  3.14it/s]
Processing frames:  42%|████▏     | 341/820 [02:05<02:32,  3.15it/s]
Processing frames:  42%|████▏     | 342/820 [02:06<02:41,  2.96it/s]
Processing frames:  42%|████▏     | 343/820 [02:06<02:39,  2.98it/s]
Processing frames:  42%|████▏     | 344/820 [02:06<02:38,  3.00it/s]
Processing frames:  42%|████▏     | 345/820 [02:07<02:35,  3.05it/s]
Processing frames:  42%|████▏     | 346/820 [02:07<02:39,  2.97it/s]
Processing frames:  42%|████▏     | 347/820 [02:07<02:36,  3.03it/s]
Processing frames:  42%|████▏     | 348/820 [02:08<02:33,  3.07it/s]
Processing frames:  43%|████▎     | 349/820 [02:08<02:33,  3.08it/s]
Processing frames:  43%|████▎     | 350/820 [02:08<02:33,  3.06it/s]
Processing frames:  43%|████▎     | 351/820 [02:08<02:31,  3.10it/s]
Processing frames:  43%|████▎     | 352/820 [02:09<02:35,  3.01it/s]
Processing frames:  43%|████▎     | 353/820 [02:09<02:34,  3.02it/s]
Processing frames:  43%|████▎     | 354/820 [02:09<02:31,  3.07it/s]
Processing frames:  43%|████▎     | 355/820 [02:10<02:30,  3.09it/s]
Processing frames:  43%|████▎     | 356/820 [02:10<02:30,  3.07it/s]
Processing frames:  44%|████▎     | 357/820 [02:11<02:40,  2.89it/s]
Processing frames:  44%|████▎     | 358/820 [02:11<02:35,  2.97it/s]
Processing frames:  44%|████▍     | 359/820 [02:11<02:34,  2.98it/s]
Processing frames:  44%|████▍     | 360/820 [02:12<02:33,  3.00it/s]
Processing frames:  44%|████▍     | 361/820 [02:12<02:33,  2.98it/s]
Processing frames:  44%|████▍     | 362/820 [02:12<02:32,  3.00it/s]
Processing frames:  44%|████▍     | 363/820 [02:12<02:29,  3.05it/s]
Processing frames:  44%|████▍     | 364/820 [02:13<02:29,  3.04it/s]
Processing frames:  45%|████▍     | 365/820 [02:13<02:29,  3.05it/s]
Processing frames:  45%|████▍     | 366/820 [02:13<02:30,  3.03it/s]
Processing frames:  45%|████▍     | 367/820 [02:14<02:28,  3.04it/s]
Processing frames:  45%|████▍     | 368/820 [02:14<02:28,  3.05it/s]
Processing frames:  45%|████▌     | 369/820 [02:14<02:27,  3.06it/s]
Processing frames:  45%|████▌     | 370/820 [02:15<02:27,  3.05it/s]
Processing frames:  45%|████▌     | 371/820 [02:15<02:26,  3.06it/s]
Processing frames:  45%|████▌     | 372/820 [02:15<02:25,  3.07it/s]
Processing frames:  45%|████▌     | 373/820 [02:16<02:24,  3.10it/s]
Processing frames:  46%|████▌     | 374/820 [02:16<02:22,  3.12it/s]
Processing frames:  46%|████▌     | 375/820 [02:16<02:26,  3.03it/s]
Processing frames:  46%|████▌     | 376/820 [02:17<02:24,  3.08it/s]
Processing frames:  46%|████▌     | 377/820 [02:17<02:24,  3.07it/s]
Processing frames:  46%|████▌     | 378/820 [02:17<02:23,  3.08it/s]
Processing frames:  46%|████▌     | 379/820 [02:18<02:22,  3.10it/s]
Processing frames:  46%|████▋     | 380/820 [02:18<02:22,  3.08it/s]
Processing frames:  46%|████▋     | 381/820 [02:18<02:22,  3.07it/s]
Processing frames:  47%|████▋     | 382/820 [02:19<02:23,  3.05it/s]
Processing frames:  47%|████▋     | 383/820 [02:19<02:21,  3.09it/s]
Processing frames:  47%|████▋     | 384/820 [02:19<02:20,  3.11it/s]
Processing frames:  47%|████▋     | 385/820 [02:20<02:19,  3.13it/s]
Processing frames:  47%|████▋     | 386/820 [02:20<02:18,  3.13it/s]
Processing frames:  47%|████▋     | 387/820 [02:20<02:21,  3.06it/s]
Processing frames:  47%|████▋     | 388/820 [02:21<02:19,  3.10it/s]
Processing frames:  47%|████▋     | 389/820 [02:21<02:18,  3.12it/s]
Processing frames:  48%|████▊     | 390/820 [02:21<02:21,  3.03it/s]
Processing frames:  48%|████▊     | 391/820 [02:22<02:20,  3.04it/s]
Processing frames:  48%|████▊     | 392/820 [02:22<02:20,  3.05it/s]
Processing frames:  48%|████▊     | 393/820 [02:22<02:20,  3.03it/s]
Processing frames:  48%|████▊     | 394/820 [02:23<02:20,  3.04it/s]
Processing frames:  48%|████▊     | 395/820 [02:23<02:18,  3.08it/s]
Processing frames:  48%|████▊     | 396/820 [02:23<02:16,  3.11it/s]
Processing frames:  48%|████▊     | 397/820 [02:24<02:42,  2.60it/s]
Processing frames:  49%|████▊     | 398/820 [02:24<02:36,  2.70it/s]
Processing frames:  49%|████▊     | 399/820 [02:24<02:31,  2.79it/s]
Processing frames:  49%|████▉     | 400/820 [02:25<02:30,  2.80it/s]
Processing frames:  49%|████▉     | 401/820 [02:25<02:24,  2.90it/s]
Processing frames:  49%|████▉     | 402/820 [02:25<02:20,  2.99it/s]
Processing frames:  49%|████▉     | 403/820 [02:26<02:18,  3.00it/s]
Processing frames:  49%|████▉     | 404/820 [02:26<02:16,  3.06it/s]
Processing frames:  49%|████▉     | 405/820 [02:26<02:14,  3.08it/s]
Processing frames:  50%|████▉     | 406/820 [02:27<02:13,  3.11it/s]
Processing frames:  50%|████▉     | 407/820 [02:27<02:13,  3.10it/s]
Processing frames:  50%|████▉     | 408/820 [02:27<02:13,  3.09it/s]
Processing frames:  50%|████▉     | 409/820 [02:28<02:14,  3.06it/s]
Processing frames:  50%|█████     | 410/820 [02:28<02:13,  3.07it/s]
Processing frames:  50%|█████     | 411/820 [02:28<02:11,  3.10it/s]
Processing frames:  50%|█████     | 412/820 [02:29<02:10,  3.13it/s]
Processing frames:  50%|█████     | 413/820 [02:29<02:09,  3.14it/s]
Processing frames:  50%|█████     | 414/820 [02:29<02:09,  3.13it/s]
Processing frames:  51%|█████     | 415/820 [02:30<02:08,  3.15it/s]
Processing frames:  51%|█████     | 416/820 [02:30<02:08,  3.13it/s]
Processing frames:  51%|█████     | 417/820 [02:30<02:10,  3.09it/s]
Processing frames:  51%|█████     | 418/820 [02:31<02:10,  3.08it/s]
Processing frames:  51%|█████     | 419/820 [02:31<02:09,  3.11it/s]
Processing frames:  51%|█████     | 420/820 [02:31<02:07,  3.13it/s]
Processing frames:  51%|█████▏    | 421/820 [02:32<02:09,  3.09it/s]
Processing frames:  51%|█████▏    | 422/820 [02:32<02:09,  3.07it/s]
Processing frames:  52%|█████▏    | 423/820 [02:32<02:10,  3.04it/s]
Processing frames:  52%|█████▏    | 424/820 [02:32<02:08,  3.08it/s]
Processing frames:  52%|█████▏    | 425/820 [02:33<02:12,  2.97it/s]
Processing frames:  52%|█████▏    | 426/820 [02:33<02:10,  3.01it/s]
Processing frames:  52%|█████▏    | 427/820 [02:34<02:10,  3.02it/s]
Processing frames:  52%|█████▏    | 428/820 [02:34<02:08,  3.04it/s]
Processing frames:  52%|█████▏    | 429/820 [02:34<02:21,  2.77it/s]
Processing frames:  52%|█████▏    | 430/820 [02:35<02:16,  2.85it/s]
Processing frames:  53%|█████▎    | 431/820 [02:35<02:12,  2.94it/s]
Processing frames:  53%|█████▎    | 432/820 [02:35<02:08,  3.01it/s]
Processing frames:  53%|█████▎    | 433/820 [02:36<02:06,  3.06it/s]
Processing frames:  53%|█████▎    | 434/820 [02:36<02:05,  3.07it/s]
Processing frames:  53%|█████▎    | 435/820 [02:36<02:05,  3.07it/s]
Processing frames:  53%|█████▎    | 436/820 [02:37<02:03,  3.11it/s]
Processing frames:  53%|█████▎    | 437/820 [02:37<02:02,  3.13it/s]
Processing frames:  53%|█████▎    | 438/820 [02:37<02:03,  3.10it/s]
Processing frames:  54%|█████▎    | 439/820 [02:37<02:03,  3.08it/s]
Processing frames:  54%|█████▎    | 440/820 [02:38<02:05,  3.03it/s]
Processing frames:  54%|█████▍    | 441/820 [02:38<02:03,  3.07it/s]
Processing frames:  54%|█████▍    | 442/820 [02:38<02:03,  3.07it/s]
Processing frames:  54%|█████▍    | 443/820 [02:39<02:01,  3.10it/s]
Processing frames:  54%|█████▍    | 444/820 [02:39<02:00,  3.13it/s]
Processing frames:  54%|█████▍    | 445/820 [02:39<01:59,  3.14it/s]
Processing frames:  54%|█████▍    | 446/820 [02:40<01:58,  3.15it/s]
Processing frames:  55%|█████▍    | 447/820 [02:40<01:59,  3.11it/s]
Processing frames:  55%|█████▍    | 448/820 [02:40<02:02,  3.05it/s]
Processing frames:  55%|█████▍    | 449/820 [02:41<02:03,  3.00it/s]
Processing frames:  55%|█████▍    | 450/820 [02:41<02:03,  3.01it/s]
Processing frames:  55%|█████▌    | 451/820 [02:41<02:02,  3.01it/s]
Processing frames:  55%|█████▌    | 452/820 [02:42<02:00,  3.05it/s]
Processing frames:  55%|█████▌    | 453/820 [02:42<02:00,  3.04it/s]
Processing frames:  55%|█████▌    | 454/820 [02:42<02:03,  2.97it/s]
Processing frames:  55%|█████▌    | 455/820 [02:43<02:01,  3.01it/s]
Processing frames:  56%|█████▌    | 456/820 [02:43<02:01,  2.99it/s]
Processing frames:  56%|█████▌    | 457/820 [02:43<01:59,  3.04it/s]
Processing frames:  56%|█████▌    | 458/820 [02:44<01:58,  3.06it/s]
Processing frames:  56%|█████▌    | 459/820 [02:44<01:56,  3.11it/s]
Processing frames:  56%|█████▌    | 460/820 [02:44<01:54,  3.14it/s]
Processing frames:  56%|█████▌    | 461/820 [02:45<01:53,  3.17it/s]
Processing frames:  56%|█████▋    | 462/820 [02:45<01:54,  3.13it/s]
Processing frames:  56%|█████▋    | 463/820 [02:45<01:53,  3.16it/s]
Processing frames:  57%|█████▋    | 464/820 [02:46<01:53,  3.14it/s]
Processing frames:  57%|█████▋    | 465/820 [02:46<01:52,  3.16it/s]
Processing frames:  57%|█████▋    | 466/820 [02:46<01:51,  3.18it/s]
Processing frames:  57%|█████▋    | 467/820 [02:47<01:50,  3.19it/s]
Processing frames:  57%|█████▋    | 468/820 [02:47<01:57,  3.00it/s]
Processing frames:  57%|█████▋    | 469/820 [02:47<01:55,  3.04it/s]
Processing frames:  57%|█████▋    | 470/820 [02:48<01:52,  3.10it/s]
Processing frames:  57%|█████▋    | 471/820 [02:48<01:51,  3.14it/s]
Processing frames:  58%|█████▊    | 472/820 [02:48<01:49,  3.17it/s]
Processing frames:  58%|█████▊    | 473/820 [02:48<01:48,  3.19it/s]
Processing frames:  58%|█████▊    | 474/820 [02:49<01:49,  3.15it/s]
Processing frames:  58%|█████▊    | 475/820 [02:49<01:49,  3.15it/s]
Processing frames:  58%|█████▊    | 476/820 [02:49<01:48,  3.16it/s]
Processing frames:  58%|█████▊    | 477/820 [02:50<01:48,  3.15it/s]
Processing frames:  58%|█████▊    | 478/820 [02:50<01:47,  3.17it/s]
Processing frames:  58%|█████▊    | 479/820 [02:51<02:09,  2.64it/s]
Processing frames:  59%|█████▊    | 480/820 [02:51<02:02,  2.77it/s]
Processing frames:  59%|█████▊    | 481/820 [02:51<01:57,  2.90it/s]
Processing frames:  59%|█████▉    | 482/820 [02:52<01:53,  2.99it/s]
Processing frames:  59%|█████▉    | 483/820 [02:52<01:50,  3.05it/s]
Processing frames:  59%|█████▉    | 484/820 [02:52<01:51,  3.03it/s]
Processing frames:  59%|█████▉    | 485/820 [02:52<01:48,  3.08it/s]
Processing frames:  59%|█████▉    | 486/820 [02:53<01:46,  3.13it/s]
Processing frames:  59%|█████▉    | 487/820 [02:53<01:47,  3.10it/s]
Processing frames:  60%|█████▉    | 488/820 [02:53<01:46,  3.13it/s]
Processing frames:  60%|█████▉    | 489/820 [02:54<01:44,  3.16it/s]
Processing frames:  60%|█████▉    | 490/820 [02:54<01:44,  3.14it/s]
Processing frames:  60%|█████▉    | 491/820 [02:54<01:43,  3.17it/s]
Processing frames:  60%|██████    | 492/820 [02:55<01:44,  3.14it/s]
Processing frames:  60%|██████    | 493/820 [02:55<01:43,  3.16it/s]
Processing frames:  60%|██████    | 494/820 [02:55<01:42,  3.17it/s]
Processing frames:  60%|██████    | 495/820 [02:56<01:41,  3.19it/s]
Processing frames:  60%|██████    | 496/820 [02:56<01:47,  3.02it/s]
Processing frames:  61%|██████    | 497/820 [02:56<01:44,  3.08it/s]
Processing frames:  61%|██████    | 498/820 [02:57<01:44,  3.07it/s]
Processing frames:  61%|██████    | 499/820 [02:57<01:43,  3.09it/s]
Processing frames:  61%|██████    | 500/820 [02:57<01:46,  3.00it/s]
Processing frames:  61%|██████    | 501/820 [02:58<01:45,  3.03it/s]
Processing frames:  61%|██████    | 502/820 [02:58<01:44,  3.04it/s]
Processing frames:  61%|██████▏   | 503/820 [02:58<01:44,  3.04it/s]
Processing frames:  61%|██████▏   | 504/820 [02:59<01:45,  3.01it/s]
Processing frames:  62%|██████▏   | 505/820 [02:59<01:42,  3.06it/s]
Processing frames:  62%|██████▏   | 506/820 [02:59<01:41,  3.10it/s]
Processing frames:  62%|██████▏   | 507/820 [03:00<01:40,  3.13it/s]
Processing frames:  62%|██████▏   | 508/820 [03:00<01:39,  3.14it/s]
Processing frames:  62%|██████▏   | 509/820 [03:00<01:39,  3.14it/s]
Processing frames:  62%|██████▏   | 510/820 [03:01<01:39,  3.12it/s]
Processing frames:  62%|██████▏   | 511/820 [03:01<01:39,  3.09it/s]
Processing frames:  62%|██████▏   | 512/820 [03:01<01:38,  3.12it/s]
Processing frames:  63%|██████▎   | 513/820 [03:02<01:39,  3.07it/s]
Processing frames:  63%|██████▎   | 514/820 [03:02<01:39,  3.06it/s]
Processing frames:  63%|██████▎   | 515/820 [03:02<01:40,  3.05it/s]
Processing frames:  63%|██████▎   | 516/820 [03:02<01:39,  3.06it/s]
Processing frames:  63%|██████▎   | 517/820 [03:03<01:37,  3.10it/s]
Processing frames:  63%|██████▎   | 518/820 [03:03<01:37,  3.09it/s]
Processing frames:  63%|██████▎   | 519/820 [03:03<01:36,  3.12it/s]
Processing frames:  63%|██████▎   | 520/820 [03:04<01:38,  3.05it/s]
Processing frames:  64%|██████▎   | 521/820 [03:04<01:37,  3.07it/s]
Processing frames:  64%|██████▎   | 522/820 [03:04<01:36,  3.08it/s]
Processing frames:  64%|██████▍   | 523/820 [03:05<01:36,  3.08it/s]
Processing frames:  64%|██████▍   | 524/820 [03:05<01:36,  3.08it/s]
Processing frames:  64%|██████▍   | 525/820 [03:05<01:35,  3.07it/s]
Processing frames:  64%|██████▍   | 526/820 [03:06<01:36,  3.06it/s]
Processing frames:  64%|██████▍   | 527/820 [03:06<01:36,  3.04it/s]
Processing frames:  64%|██████▍   | 528/820 [03:06<01:40,  2.90it/s]
Processing frames:  65%|██████▍   | 529/820 [03:07<01:38,  2.95it/s]
Processing frames:  65%|██████▍   | 530/820 [03:07<01:36,  3.02it/s]
Processing frames:  65%|██████▍   | 531/820 [03:07<01:35,  3.03it/s]
Processing frames:  65%|██████▍   | 532/820 [03:08<01:33,  3.08it/s]
Processing frames:  65%|██████▌   | 533/820 [03:08<01:34,  3.04it/s]
Processing frames:  65%|██████▌   | 534/820 [03:08<01:33,  3.06it/s]
Processing frames:  65%|██████▌   | 535/820 [03:09<01:36,  2.95it/s]
Processing frames:  65%|██████▌   | 536/820 [03:09<01:34,  3.00it/s]
Processing frames:  65%|██████▌   | 537/820 [03:09<01:32,  3.05it/s]
Processing frames:  66%|██████▌   | 538/820 [03:10<01:31,  3.09it/s]
Processing frames:  66%|██████▌   | 539/820 [03:10<01:30,  3.09it/s]
Processing frames:  66%|██████▌   | 540/820 [03:10<01:29,  3.13it/s]
Processing frames:  66%|██████▌   | 541/820 [03:11<01:28,  3.16it/s]
Processing frames:  66%|██████▌   | 542/820 [03:11<01:27,  3.18it/s]
Processing frames:  66%|██████▌   | 543/820 [03:11<01:26,  3.20it/s]
Processing frames:  66%|██████▋   | 544/820 [03:12<01:25,  3.21it/s]
Processing frames:  66%|██████▋   | 545/820 [03:12<01:25,  3.21it/s]
Processing frames:  67%|██████▋   | 546/820 [03:12<01:24,  3.22it/s]
Processing frames:  67%|██████▋   | 547/820 [03:13<01:24,  3.23it/s]
Processing frames:  67%|██████▋   | 548/820 [03:13<01:24,  3.23it/s]
Processing frames:  67%|██████▋   | 549/820 [03:13<01:23,  3.23it/s]
Processing frames:  67%|██████▋   | 550/820 [03:13<01:23,  3.23it/s]
Processing frames:  67%|██████▋   | 551/820 [03:14<01:27,  3.06it/s]
Processing frames:  67%|██████▋   | 552/820 [03:14<01:27,  3.05it/s]
Processing frames:  67%|██████▋   | 553/820 [03:14<01:27,  3.06it/s]
Processing frames:  68%|██████▊   | 554/820 [03:15<01:27,  3.06it/s]
Processing frames:  68%|██████▊   | 555/820 [03:15<01:26,  3.07it/s]
Processing frames:  68%|██████▊   | 556/820 [03:15<01:24,  3.12it/s]
Processing frames:  68%|██████▊   | 557/820 [03:16<01:23,  3.16it/s]
Processing frames:  68%|██████▊   | 558/820 [03:16<01:23,  3.14it/s]
Processing frames:  68%|██████▊   | 559/820 [03:16<01:22,  3.16it/s]
Processing frames:  68%|██████▊   | 560/820 [03:17<01:21,  3.18it/s]
Processing frames:  68%|██████▊   | 561/820 [03:17<01:22,  3.15it/s]
Processing frames:  69%|██████▊   | 562/820 [03:17<01:21,  3.16it/s]
Processing frames:  69%|██████▊   | 563/820 [03:18<01:20,  3.18it/s]
Processing frames:  69%|██████▉   | 564/820 [03:18<01:20,  3.20it/s]
Processing frames:  69%|██████▉   | 565/820 [03:18<01:21,  3.13it/s]
Processing frames:  69%|██████▉   | 566/820 [03:19<01:22,  3.09it/s]
Processing frames:  69%|██████▉   | 567/820 [03:19<01:20,  3.13it/s]
Processing frames:  69%|██████▉   | 568/820 [03:19<01:29,  2.80it/s]
Processing frames:  69%|██████▉   | 569/820 [03:20<01:26,  2.90it/s]
Processing frames:  70%|██████▉   | 570/820 [03:20<01:24,  2.95it/s]
Processing frames:  70%|██████▉   | 571/820 [03:20<01:23,  2.98it/s]
Processing frames:  70%|██████▉   | 572/820 [03:21<01:21,  3.04it/s]
Processing frames:  70%|██████▉   | 573/820 [03:21<01:20,  3.05it/s]
Processing frames:  70%|███████   | 574/820 [03:21<01:20,  3.04it/s]
Processing frames:  70%|███████   | 575/820 [03:22<01:20,  3.04it/s]
Processing frames:  70%|███████   | 576/820 [03:22<01:20,  3.03it/s]
Processing frames:  70%|███████   | 577/820 [03:22<01:19,  3.07it/s]
Processing frames:  70%|███████   | 578/820 [03:23<01:18,  3.08it/s]
Processing frames:  71%|███████   | 579/820 [03:23<01:17,  3.10it/s]
Processing frames:  71%|███████   | 580/820 [03:23<01:16,  3.13it/s]
Processing frames:  71%|███████   | 581/820 [03:24<01:16,  3.14it/s]
Processing frames:  71%|███████   | 582/820 [03:24<01:15,  3.16it/s]
Processing frames:  71%|███████   | 583/820 [03:24<01:17,  3.07it/s]
Processing frames:  71%|███████   | 584/820 [03:25<01:16,  3.08it/s]
Processing frames:  71%|███████▏  | 585/820 [03:25<01:18,  3.00it/s]
Processing frames:  71%|███████▏  | 586/820 [03:25<01:17,  3.02it/s]
Processing frames:  72%|███████▏  | 587/820 [03:26<01:17,  3.03it/s]
Processing frames:  72%|███████▏  | 588/820 [03:26<01:16,  3.03it/s]
Processing frames:  72%|███████▏  | 589/820 [03:26<01:15,  3.05it/s]
Processing frames:  72%|███████▏  | 590/820 [03:26<01:14,  3.10it/s]
Processing frames:  72%|███████▏  | 591/820 [03:27<01:14,  3.09it/s]
Processing frames:  72%|███████▏  | 592/820 [03:27<01:18,  2.91it/s]
Processing frames:  72%|███████▏  | 593/820 [03:28<01:15,  2.99it/s]
Processing frames:  72%|███████▏  | 594/820 [03:28<01:14,  3.02it/s]
Processing frames:  73%|███████▎  | 595/820 [03:28<01:13,  3.08it/s]
Processing frames:  73%|███████▎  | 596/820 [03:28<01:11,  3.12it/s]
Processing frames:  73%|███████▎  | 597/820 [03:29<01:10,  3.15it/s]
Processing frames:  73%|███████▎  | 598/820 [03:29<01:10,  3.14it/s]
Processing frames:  73%|███████▎  | 599/820 [03:29<01:09,  3.16it/s]
Processing frames:  73%|███████▎  | 600/820 [03:30<01:09,  3.15it/s]
Processing frames:  73%|███████▎  | 601/820 [03:30<01:08,  3.18it/s]
Processing frames:  73%|███████▎  | 602/820 [03:30<01:11,  3.04it/s]
Processing frames:  74%|███████▎  | 603/820 [03:31<01:11,  3.05it/s]
Processing frames:  74%|███████▎  | 604/820 [03:31<01:11,  3.02it/s]
Processing frames:  74%|███████▍  | 605/820 [03:31<01:09,  3.08it/s]
Processing frames:  74%|███████▍  | 606/820 [03:32<01:12,  2.94it/s]
Processing frames:  74%|███████▍  | 607/820 [03:32<01:11,  2.97it/s]
Processing frames:  74%|███████▍  | 608/820 [03:32<01:10,  3.01it/s]
Processing frames:  74%|███████▍  | 609/820 [03:33<01:12,  2.91it/s]
Processing frames:  74%|███████▍  | 610/820 [03:33<01:09,  3.00it/s]
Processing frames:  75%|███████▍  | 611/820 [03:33<01:09,  3.02it/s]
Processing frames:  75%|███████▍  | 612/820 [03:34<01:07,  3.08it/s]
Processing frames:  75%|███████▍  | 613/820 [03:34<01:06,  3.10it/s]
Processing frames:  75%|███████▍  | 614/820 [03:34<01:09,  2.96it/s]
Processing frames:  75%|███████▌  | 615/820 [03:35<01:07,  3.03it/s]
Processing frames:  75%|███████▌  | 616/820 [03:35<01:06,  3.05it/s]
Processing frames:  75%|███████▌  | 617/820 [03:35<01:06,  3.07it/s]
Processing frames:  75%|███████▌  | 618/820 [03:36<01:04,  3.12it/s]
Processing frames:  75%|███████▌  | 619/820 [03:36<01:03,  3.14it/s]
Processing frames:  76%|███████▌  | 620/820 [03:36<01:03,  3.17it/s]
Processing frames:  76%|███████▌  | 621/820 [03:37<01:02,  3.19it/s]
Processing frames:  76%|███████▌  | 622/820 [03:37<01:01,  3.20it/s]
Processing frames:  76%|███████▌  | 623/820 [03:37<01:02,  3.16it/s]
Processing frames:  76%|███████▌  | 624/820 [03:38<01:01,  3.18it/s]
Processing frames:  76%|███████▌  | 625/820 [03:38<01:01,  3.19it/s]
Processing frames:  76%|███████▋  | 626/820 [03:38<01:01,  3.18it/s]
Processing frames:  76%|███████▋  | 627/820 [03:38<01:00,  3.18it/s]
Processing frames:  77%|███████▋  | 628/820 [03:39<01:00,  3.17it/s]
Processing frames:  77%|███████▋  | 629/820 [03:39<01:00,  3.17it/s]
Processing frames:  77%|███████▋  | 630/820 [03:39<00:59,  3.17it/s]
Processing frames:  77%|███████▋  | 631/820 [03:40<00:59,  3.15it/s]
Processing frames:  77%|███████▋  | 632/820 [03:40<01:01,  3.06it/s]
Processing frames:  77%|███████▋  | 633/820 [03:40<01:00,  3.10it/s]
Processing frames:  77%|███████▋  | 634/820 [03:41<01:00,  3.09it/s]
Processing frames:  77%|███████▋  | 635/820 [03:41<00:59,  3.12it/s]
Processing frames:  78%|███████▊  | 636/820 [03:41<00:58,  3.12it/s]
Processing frames:  78%|███████▊  | 637/820 [03:42<00:58,  3.11it/s]
Processing frames:  78%|███████▊  | 638/820 [03:42<00:58,  3.09it/s]
Processing frames:  78%|███████▊  | 639/820 [03:42<00:58,  3.11it/s]
Processing frames:  78%|███████▊  | 640/820 [03:43<00:59,  3.05it/s]
Processing frames:  78%|███████▊  | 641/820 [03:43<00:58,  3.07it/s]
Processing frames:  78%|███████▊  | 642/820 [03:43<00:57,  3.10it/s]
Processing frames:  78%|███████▊  | 643/820 [03:44<00:56,  3.12it/s]
Processing frames:  79%|███████▊  | 644/820 [03:44<00:56,  3.12it/s]
Processing frames:  79%|███████▊  | 645/820 [03:44<00:55,  3.14it/s]
Processing frames:  79%|███████▉  | 646/820 [03:45<00:55,  3.15it/s]
Processing frames:  79%|███████▉  | 647/820 [03:45<00:59,  2.90it/s]
Processing frames:  79%|███████▉  | 648/820 [03:45<00:57,  2.97it/s]
Processing frames:  79%|███████▉  | 649/820 [03:46<00:57,  2.98it/s]
Processing frames:  79%|███████▉  | 650/820 [03:46<00:56,  3.00it/s]
Processing frames:  79%|███████▉  | 651/820 [03:46<00:56,  2.99it/s]
Processing frames:  80%|███████▉  | 652/820 [03:47<00:56,  2.99it/s]
Processing frames:  80%|███████▉  | 653/820 [03:47<00:57,  2.91it/s]
Processing frames:  80%|███████▉  | 654/820 [03:47<00:55,  2.98it/s]
Processing frames:  80%|███████▉  | 655/820 [03:48<00:55,  3.00it/s]
Processing frames:  80%|████████  | 656/820 [03:48<00:53,  3.05it/s]
Processing frames:  80%|████████  | 657/820 [03:48<00:52,  3.09it/s]
Processing frames:  80%|████████  | 658/820 [03:49<00:55,  2.93it/s]
Processing frames:  80%|████████  | 659/820 [03:49<00:53,  3.00it/s]
Processing frames:  80%|████████  | 660/820 [03:49<00:52,  3.06it/s]
Processing frames:  81%|████████  | 661/820 [03:50<00:51,  3.10it/s]
Processing frames:  81%|████████  | 662/820 [03:50<00:51,  3.09it/s]
Processing frames:  81%|████████  | 663/820 [03:50<00:50,  3.11it/s]
Processing frames:  81%|████████  | 664/820 [03:51<00:49,  3.12it/s]
Processing frames:  81%|████████  | 665/820 [03:51<00:50,  3.09it/s]
Processing frames:  81%|████████  | 666/820 [03:51<00:50,  3.08it/s]
Processing frames:  81%|████████▏ | 667/820 [03:52<00:49,  3.07it/s]
Processing frames:  81%|████████▏ | 668/820 [03:52<00:48,  3.12it/s]
Processing frames:  82%|████████▏ | 669/820 [03:52<00:49,  3.06it/s]
Processing frames:  82%|████████▏ | 670/820 [03:53<00:48,  3.07it/s]
Processing frames:  82%|████████▏ | 671/820 [03:53<00:48,  3.09it/s]
Processing frames:  82%|████████▏ | 672/820 [03:53<00:47,  3.11it/s]
Processing frames:  82%|████████▏ | 673/820 [03:53<00:47,  3.10it/s]
Processing frames:  82%|████████▏ | 674/820 [03:54<00:46,  3.12it/s]
Processing frames:  82%|████████▏ | 675/820 [03:54<00:46,  3.11it/s]
Processing frames:  82%|████████▏ | 676/820 [03:54<00:47,  3.06it/s]
Processing frames:  83%|████████▎ | 677/820 [03:55<00:46,  3.06it/s]
Processing frames:  83%|████████▎ | 678/820 [03:55<00:46,  3.04it/s]
Processing frames:  83%|████████▎ | 679/820 [03:55<00:45,  3.08it/s]
Processing frames:  83%|████████▎ | 680/820 [03:56<00:45,  3.11it/s]
Processing frames:  83%|████████▎ | 681/820 [03:56<00:44,  3.13it/s]
Processing frames:  83%|████████▎ | 682/820 [03:56<00:43,  3.15it/s]
Processing frames:  83%|████████▎ | 683/820 [03:57<00:43,  3.17it/s]
Processing frames:  83%|████████▎ | 684/820 [03:57<00:42,  3.18it/s]
Processing frames:  84%|████████▎ | 685/820 [03:57<00:42,  3.18it/s]
Processing frames:  84%|████████▎ | 686/820 [03:58<00:42,  3.19it/s]
Processing frames:  84%|████████▍ | 687/820 [03:58<00:42,  3.16it/s]
Processing frames:  84%|████████▍ | 688/820 [03:58<00:41,  3.17it/s]
Processing frames:  84%|████████▍ | 689/820 [03:59<00:42,  3.09it/s]
Processing frames:  84%|████████▍ | 690/820 [03:59<00:41,  3.10it/s]
Processing frames:  84%|████████▍ | 691/820 [03:59<00:41,  3.10it/s]
Processing frames:  84%|████████▍ | 692/820 [04:00<00:40,  3.13it/s]
Processing frames:  85%|████████▍ | 693/820 [04:00<00:40,  3.14it/s]
Processing frames:  85%|████████▍ | 694/820 [04:00<00:39,  3.16it/s]
Processing frames:  85%|████████▍ | 695/820 [04:01<00:39,  3.16it/s]
Processing frames:  85%|████████▍ | 696/820 [04:01<00:39,  3.17it/s]
Processing frames:  85%|████████▌ | 697/820 [04:01<00:39,  3.10it/s]
Processing frames:  85%|████████▌ | 698/820 [04:01<00:39,  3.08it/s]
Processing frames:  85%|████████▌ | 699/820 [04:02<00:39,  3.10it/s]
Processing frames:  85%|████████▌ | 700/820 [04:02<00:39,  3.07it/s]
Processing frames:  85%|████████▌ | 701/820 [04:02<00:38,  3.07it/s]
Processing frames:  86%|████████▌ | 702/820 [04:03<00:38,  3.10it/s]
Processing frames:  86%|████████▌ | 703/820 [04:03<00:37,  3.10it/s]
Processing frames:  86%|████████▌ | 704/820 [04:03<00:37,  3.12it/s]
Processing frames:  86%|████████▌ | 705/820 [04:04<00:37,  3.04it/s]
Processing frames:  86%|████████▌ | 706/820 [04:04<00:37,  3.08it/s]
Processing frames:  86%|████████▌ | 707/820 [04:04<00:36,  3.10it/s]
Processing frames:  86%|████████▋ | 708/820 [04:05<00:35,  3.12it/s]
Processing frames:  86%|████████▋ | 709/820 [04:05<00:35,  3.14it/s]
Processing frames:  87%|████████▋ | 710/820 [04:05<00:35,  3.11it/s]
Processing frames:  87%|████████▋ | 711/820 [04:06<00:35,  3.07it/s]
Processing frames:  87%|████████▋ | 712/820 [04:06<00:35,  3.04it/s]
Processing frames:  87%|████████▋ | 713/820 [04:06<00:34,  3.07it/s]
Processing frames:  87%|████████▋ | 714/820 [04:07<00:34,  3.06it/s]
Processing frames:  87%|████████▋ | 715/820 [04:07<00:34,  3.01it/s]
Processing frames:  87%|████████▋ | 716/820 [04:07<00:34,  3.06it/s]
Processing frames:  87%|████████▋ | 717/820 [04:08<00:33,  3.06it/s]
Processing frames:  88%|████████▊ | 718/820 [04:08<00:33,  3.05it/s]
Processing frames:  88%|████████▊ | 719/820 [04:08<00:32,  3.06it/s]
Processing frames:  88%|████████▊ | 720/820 [04:09<00:32,  3.07it/s]
Processing frames:  88%|████████▊ | 721/820 [04:09<00:31,  3.10it/s]
Processing frames:  88%|████████▊ | 722/820 [04:09<00:31,  3.09it/s]
Processing frames:  88%|████████▊ | 723/820 [04:10<00:31,  3.10it/s]
Processing frames:  88%|████████▊ | 724/820 [04:10<00:31,  3.08it/s]
Processing frames:  88%|████████▊ | 725/820 [04:10<00:30,  3.06it/s]
Processing frames:  89%|████████▊ | 726/820 [04:11<00:30,  3.06it/s]
Processing frames:  89%|████████▊ | 727/820 [04:11<00:30,  3.08it/s]
Processing frames:  89%|████████▉ | 728/820 [04:11<00:29,  3.10it/s]
Processing frames:  89%|████████▉ | 729/820 [04:12<00:29,  3.12it/s]
Processing frames:  89%|████████▉ | 730/820 [04:12<00:28,  3.12it/s]
Processing frames:  89%|████████▉ | 731/820 [04:12<00:28,  3.14it/s]
Processing frames:  89%|████████▉ | 732/820 [04:13<00:28,  3.09it/s]
Processing frames:  89%|████████▉ | 733/820 [04:13<00:27,  3.11it/s]
Processing frames:  90%|████████▉ | 734/820 [04:13<00:27,  3.08it/s]
Processing frames:  90%|████████▉ | 735/820 [04:13<00:27,  3.08it/s]
Processing frames:  90%|████████▉ | 736/820 [04:14<00:26,  3.11it/s]
Processing frames:  90%|████████▉ | 737/820 [04:14<00:26,  3.13it/s]
Processing frames:  90%|█████████ | 738/820 [04:14<00:26,  3.11it/s]
Processing frames:  90%|█████████ | 739/820 [04:15<00:25,  3.13it/s]
Processing frames:  90%|█████████ | 740/820 [04:15<00:25,  3.14it/s]
Processing frames:  90%|█████████ | 741/820 [04:15<00:26,  2.97it/s]
Processing frames:  90%|█████████ | 742/820 [04:16<00:26,  2.96it/s]
Processing frames:  91%|█████████ | 743/820 [04:16<00:25,  3.03it/s]
Processing frames:  91%|█████████ | 744/820 [04:16<00:26,  2.87it/s]
Processing frames:  91%|█████████ | 745/820 [04:17<00:25,  2.90it/s]
Processing frames:  91%|█████████ | 746/820 [04:17<00:25,  2.94it/s]
Processing frames:  91%|█████████ | 747/820 [04:17<00:24,  2.99it/s]
Processing frames:  91%|█████████ | 748/820 [04:18<00:23,  3.05it/s]
Processing frames:  91%|█████████▏| 749/820 [04:18<00:23,  3.02it/s]
Processing frames:  91%|█████████▏| 750/820 [04:18<00:22,  3.07it/s]
Processing frames:  92%|█████████▏| 751/820 [04:19<00:22,  3.07it/s]
Processing frames:  92%|█████████▏| 752/820 [04:19<00:22,  3.06it/s]
Processing frames:  92%|█████████▏| 753/820 [04:19<00:22,  2.96it/s]
Processing frames:  92%|█████████▏| 754/820 [04:20<00:21,  3.02it/s]
Processing frames:  92%|█████████▏| 755/820 [04:20<00:21,  3.07it/s]
Processing frames:  92%|█████████▏| 756/820 [04:20<00:20,  3.06it/s]
Processing frames:  92%|█████████▏| 757/820 [04:21<00:20,  3.09it/s]
Processing frames:  92%|█████████▏| 758/820 [04:21<00:20,  2.99it/s]
Processing frames:  93%|█████████▎| 759/820 [04:21<00:20,  3.05it/s]
Processing frames:  93%|█████████▎| 760/820 [04:22<00:19,  3.08it/s]
Processing frames:  93%|█████████▎| 761/820 [04:22<00:19,  3.08it/s]
Processing frames:  93%|█████████▎| 762/820 [04:22<00:18,  3.11it/s]
Processing frames:  93%|█████████▎| 763/820 [04:23<00:18,  3.08it/s]
Processing frames:  93%|█████████▎| 764/820 [04:23<00:18,  3.09it/s]
Processing frames:  93%|█████████▎| 765/820 [04:23<00:17,  3.08it/s]
Processing frames:  93%|█████████▎| 766/820 [04:24<00:17,  3.11it/s]
Processing frames:  94%|█████████▎| 767/820 [04:24<00:17,  3.10it/s]
Processing frames:  94%|█████████▎| 768/820 [04:24<00:16,  3.10it/s]
Processing frames:  94%|█████████▍| 769/820 [04:25<00:16,  3.04it/s]
Processing frames:  94%|█████████▍| 770/820 [04:25<00:16,  3.08it/s]
Processing frames:  94%|█████████▍| 771/820 [04:25<00:15,  3.11it/s]
Processing frames:  94%|█████████▍| 772/820 [04:26<00:15,  3.07it/s]
Processing frames:  94%|█████████▍| 773/820 [04:26<00:15,  3.06it/s]
Processing frames:  94%|█████████▍| 774/820 [04:26<00:14,  3.09it/s]
Processing frames:  95%|█████████▍| 775/820 [04:27<00:14,  3.09it/s]
Processing frames:  95%|█████████▍| 776/820 [04:27<00:14,  3.04it/s]
Processing frames:  95%|█████████▍| 777/820 [04:27<00:14,  3.01it/s]
Processing frames:  95%|█████████▍| 778/820 [04:28<00:13,  3.06it/s]
Processing frames:  95%|█████████▌| 779/820 [04:28<00:13,  3.06it/s]
Processing frames:  95%|█████████▌| 780/820 [04:28<00:13,  3.06it/s]
Processing frames:  95%|█████████▌| 781/820 [04:29<00:12,  3.10it/s]
Processing frames:  95%|█████████▌| 782/820 [04:29<00:12,  3.13it/s]
Processing frames:  95%|█████████▌| 783/820 [04:29<00:11,  3.09it/s]
Processing frames:  96%|█████████▌| 784/820 [04:30<00:11,  3.12it/s]
Processing frames:  96%|█████████▌| 785/820 [04:30<00:11,  3.14it/s]
Processing frames:  96%|█████████▌| 786/820 [04:30<00:10,  3.14it/s]
Processing frames:  96%|█████████▌| 787/820 [04:30<00:10,  3.16it/s]
Processing frames:  96%|█████████▌| 788/820 [04:31<00:10,  3.17it/s]
Processing frames:  96%|█████████▌| 789/820 [04:31<00:09,  3.18it/s]
Processing frames:  96%|█████████▋| 790/820 [04:31<00:09,  3.15it/s]
Processing frames:  96%|█████████▋| 791/820 [04:32<00:09,  3.14it/s]
Processing frames:  97%|█████████▋| 792/820 [04:32<00:08,  3.16it/s]
Processing frames:  97%|█████████▋| 793/820 [04:32<00:08,  3.14it/s]
Processing frames:  97%|█████████▋| 794/820 [04:33<00:08,  3.16it/s]
Processing frames:  97%|█████████▋| 795/820 [04:33<00:07,  3.13it/s]
Processing frames:  97%|█████████▋| 796/820 [04:33<00:07,  3.14it/s]
Processing frames:  97%|█████████▋| 797/820 [04:34<00:07,  3.15it/s]
Processing frames:  97%|█████████▋| 798/820 [04:34<00:07,  3.11it/s]
Processing frames:  97%|█████████▋| 799/820 [04:34<00:06,  3.10it/s]
Processing frames:  98%|█████████▊| 800/820 [04:35<00:06,  3.05it/s]
Processing frames:  98%|█████████▊| 801/820 [04:35<00:06,  3.08it/s]
Processing frames:  98%|█████████▊| 802/820 [04:35<00:05,  3.11it/s]
Processing frames:  98%|█████████▊| 803/820 [04:36<00:05,  3.13it/s]
Processing frames:  98%|█████████▊| 804/820 [04:36<00:05,  3.15it/s]
Processing frames:  98%|█████████▊| 805/820 [04:36<00:04,  3.12it/s]
Processing frames:  98%|█████████▊| 806/820 [04:37<00:04,  3.10it/s]
Processing frames:  98%|█████████▊| 807/820 [04:37<00:04,  3.09it/s]
Processing frames:  99%|█████████▊| 808/820 [04:37<00:03,  3.05it/s]
Processing frames:  99%|█████████▊| 809/820 [04:38<00:03,  3.04it/s]
Processing frames:  99%|█████████▉| 810/820 [04:38<00:03,  3.05it/s]
Processing frames:  99%|█████████▉| 811/820 [04:38<00:02,  3.06it/s]
Processing frames:  99%|█████████▉| 812/820 [04:38<00:02,  3.10it/s]
Processing frames:  99%|█████████▉| 813/820 [04:39<00:02,  3.13it/s]
Processing frames:  99%|█████████▉| 814/820 [04:39<00:01,  3.16it/s]
Processing frames:  99%|█████████▉| 815/820 [04:39<00:01,  3.17it/s]
Processing frames: 100%|█████████▉| 816/820 [04:40<00:01,  3.14it/s]
Processing frames: 100%|█████████▉| 817/820 [04:40<00:00,  3.08it/s]
Processing frames: 100%|█████████▉| 818/820 [04:40<00:00,  3.11it/s]
Processing frames: 100%|█████████▉| 819/820 [04:41<00:00,  3.12it/s]
Processing frames: 100%|██████████| 820/820 [04:41<00:00,  3.13it/s]
Processing frames: 100%|██████████| 820/820 [04:41<00:00,  2.91it/s]

Processing frames:   0%|          | 0/13 [00:00<?, ?it/s]
Processing frames:   8%|▊         | 1/13 [00:00<00:08,  1.38it/s]
Processing frames:  15%|█▌        | 2/13 [00:01<00:05,  1.85it/s]
Processing frames:  23%|██▎       | 3/13 [00:01<00:04,  2.07it/s]
Processing frames:  31%|███       | 4/13 [00:01<00:04,  2.15it/s]
Processing frames:  38%|███▊      | 5/13 [00:02<00:03,  2.22it/s]
Processing frames:  46%|████▌     | 6/13 [00:02<00:03,  2.23it/s]
Processing frames:  54%|█████▍    | 7/13 [00:03<00:02,  2.04it/s]
Processing frames:  62%|██████▏   | 8/13 [00:03<00:02,  2.13it/s]
Processing frames:  69%|██████▉   | 9/13 [00:04<00:01,  2.19it/s]
Processing frames:  77%|███████▋  | 10/13 [00:04<00:01,  2.24it/s]
Processing frames:  85%|████████▍ | 11/13 [00:05<00:00,  2.31it/s]
Processing frames:  92%|█████████▏| 12/13 [00:05<00:00,  2.00it/s]
Processing frames: 100%|██████████| 13/13 [00:06<00:00,  2.11it/s]
Processing frames: 100%|██████████| 13/13 [00:06<00:00,  2.10it/s]

Processing frames:   0%|          | 0/17 [00:00<?, ?it/s]
Processing frames:   6%|▌         | 1/17 [00:00<00:06,  2.34it/s]
Processing frames:  12%|█▏        | 2/17 [00:00<00:06,  2.30it/s]
Processing frames:  18%|█▊        | 3/17 [00:01<00:05,  2.36it/s]
Processing frames:  24%|██▎       | 4/17 [00:01<00:05,  2.36it/s]
Processing frames:  29%|██▉       | 5/17 [00:02<00:05,  2.39it/s]
Processing frames:  35%|███▌      | 6/17 [00:02<00:04,  2.39it/s]
Processing frames:  41%|████      | 7/17 [00:02<00:04,  2.40it/s]
Processing frames:  47%|████▋     | 8/17 [00:03<00:03,  2.42it/s]
Processing frames:  53%|█████▎    | 9/17 [00:03<00:03,  2.39it/s]
Processing frames:  59%|█████▉    | 10/17 [00:04<00:02,  2.42it/s]
Processing frames:  65%|██████▍   | 11/17 [00:04<00:02,  2.38it/s]
Processing frames:  71%|███████   | 12/17 [00:05<00:02,  2.37it/s]
Processing frames:  76%|███████▋  | 13/17 [00:05<00:01,  2.40it/s]
Processing frames:  82%|████████▏ | 14/17 [00:05<00:01,  2.40it/s]
Processing frames:  88%|████████▊ | 15/17 [00:06<00:00,  2.42it/s]
Processing frames:  94%|█████████▍| 16/17 [00:06<00:00,  2.40it/s]
Processing frames: 100%|██████████| 17/17 [00:07<00:00,  2.37it/s]
Processing frames: 100%|██████████| 17/17 [00:07<00:00,  2.38it/s]

Processing frames:   0%|          | 0/36 [00:00<?, ?it/s]
Processing frames:   3%|▎         | 1/36 [00:00<00:14,  2.49it/s]
Processing frames:   6%|▌         | 2/36 [00:00<00:14,  2.42it/s]
Processing frames:   8%|▊         | 3/36 [00:01<00:13,  2.36it/s]
Processing frames:  11%|█         | 4/36 [00:01<00:13,  2.40it/s]
Processing frames:  14%|█▍        | 5/36 [00:02<00:12,  2.42it/s]
Processing frames:  17%|█▋        | 6/36 [00:02<00:12,  2.46it/s]
Processing frames:  19%|█▉        | 7/36 [00:02<00:12,  2.40it/s]
Processing frames:  22%|██▏       | 8/36 [00:03<00:11,  2.44it/s]
Processing frames:  25%|██▌       | 9/36 [00:03<00:10,  2.46it/s]
Processing frames:  28%|██▊       | 10/36 [00:04<00:10,  2.39it/s]
Processing frames:  31%|███       | 11/36 [00:04<00:10,  2.34it/s]
Processing frames:  33%|███▎      | 12/36 [00:04<00:10,  2.38it/s]
Processing frames:  36%|███▌      | 13/36 [00:05<00:09,  2.42it/s]
Processing frames:  39%|███▉      | 14/36 [00:05<00:09,  2.44it/s]
Processing frames:  42%|████▏     | 15/36 [00:06<00:08,  2.45it/s]
Processing frames:  44%|████▍     | 16/36 [00:06<00:08,  2.45it/s]
Processing frames:  47%|████▋     | 17/36 [00:07<00:07,  2.44it/s]
Processing frames:  50%|█████     | 18/36 [00:07<00:07,  2.42it/s]
Processing frames:  53%|█████▎    | 19/36 [00:07<00:07,  2.41it/s]
Processing frames:  56%|█████▌    | 20/36 [00:08<00:06,  2.37it/s]
Processing frames:  58%|█████▊    | 21/36 [00:08<00:06,  2.38it/s]
Processing frames:  61%|██████    | 22/36 [00:09<00:05,  2.39it/s]
Processing frames:  64%|██████▍   | 23/36 [00:09<00:05,  2.39it/s]
Processing frames:  67%|██████▋   | 24/36 [00:09<00:04,  2.43it/s]
Processing frames:  69%|██████▉   | 25/36 [00:10<00:04,  2.45it/s]
Processing frames:  72%|███████▏  | 26/36 [00:10<00:04,  2.45it/s]
Processing frames:  75%|███████▌  | 27/36 [00:11<00:03,  2.42it/s]
Processing frames:  78%|███████▊  | 28/36 [00:11<00:03,  2.44it/s]
Processing frames:  81%|████████  | 29/36 [00:12<00:02,  2.41it/s]
Processing frames:  83%|████████▎ | 30/36 [00:12<00:02,  2.42it/s]
Processing frames:  86%|████████▌ | 31/36 [00:12<00:02,  2.43it/s]
Processing frames:  89%|████████▉ | 32/36 [00:13<00:01,  2.44it/s]
Processing frames:  92%|█████████▏| 33/36 [00:13<00:01,  2.39it/s]
Processing frames:  94%|█████████▍| 34/36 [00:14<00:00,  2.41it/s]
Processing frames:  97%|█████████▋| 35/36 [00:14<00:00,  2.42it/s]
Processing frames: 100%|██████████| 36/36 [00:14<00:00,  2.46it/s]
Processing frames: 100%|██████████| 36/36 [00:14<00:00,  2.42it/s]

Processing frames:   0%|          | 0/13 [00:00<?, ?it/s]
Processing frames:   8%|▊         | 1/13 [00:00<00:03,  3.40it/s]
Processing frames:  15%|█▌        | 2/13 [00:00<00:03,  3.50it/s]
Processing frames:  23%|██▎       | 3/13 [00:00<00:02,  3.49it/s]
Processing frames:  31%|███       | 4/13 [00:01<00:02,  3.54it/s]
Processing frames:  38%|███▊      | 5/13 [00:01<00:02,  3.55it/s]
Processing frames:  46%|████▌     | 6/13 [00:01<00:01,  3.57it/s]
Processing frames:  54%|█████▍    | 7/13 [00:01<00:01,  3.58it/s]
Processing frames:  62%|██████▏   | 8/13 [00:02<00:01,  3.59it/s]
Processing frames:  69%|██████▉   | 9/13 [00:02<00:01,  3.54it/s]
Processing frames:  77%|███████▋  | 10/13 [00:02<00:00,  3.56it/s]
Processing frames:  85%|████████▍ | 11/13 [00:03<00:00,  3.48it/s]
Processing frames:  92%|█████████▏| 12/13 [00:03<00:00,  3.52it/s]
Processing frames: 100%|██████████| 13/13 [00:03<00:00,  3.55it/s]
Processing frames: 100%|██████████| 13/13 [00:03<00:00,  3.54it/s]

Processing frames:   0%|          | 0/7 [00:00<?, ?it/s]
Processing frames:  14%|█▍        | 1/7 [00:00<00:02,  2.39it/s]
Processing frames:  29%|██▊       | 2/7 [00:00<00:02,  2.35it/s]
Processing frames:  43%|████▎     | 3/7 [00:01<00:01,  2.35it/s]
Processing frames:  57%|█████▋    | 4/7 [00:01<00:01,  2.38it/s]
Processing frames:  71%|███████▏  | 5/7 [00:02<00:00,  2.40it/s]
Processing frames:  86%|████████▌ | 6/7 [00:02<00:00,  2.39it/s]
Processing frames: 100%|██████████| 7/7 [00:02<00:00,  2.38it/s]
Processing frames: 100%|██████████| 7/7 [00:02<00:00,  2.38it/s]

Processing frames:   0%|          | 0/138 [00:00<?, ?it/s]
Processing frames:   1%|          | 1/138 [00:00<00:46,  2.94it/s]
Processing frames:   1%|▏         | 2/138 [00:00<00:44,  3.07it/s]
Processing frames:   2%|▏         | 3/138 [00:00<00:43,  3.09it/s]
Processing frames:   3%|▎         | 4/138 [00:01<00:43,  3.11it/s]
Processing frames:   4%|▎         | 5/138 [00:01<00:43,  3.03it/s]
Processing frames:   4%|▍         | 6/138 [00:01<00:43,  3.01it/s]
Processing frames:   5%|▌         | 7/138 [00:02<00:43,  3.01it/s]
Processing frames:   6%|▌         | 8/138 [00:02<00:43,  3.01it/s]
Processing frames:   7%|▋         | 9/138 [00:03<00:47,  2.74it/s]
Processing frames:   7%|▋         | 10/138 [00:03<00:45,  2.82it/s]
Processing frames:   8%|▊         | 11/138 [00:03<00:43,  2.90it/s]
Processing frames:   9%|▊         | 12/138 [00:04<00:42,  2.95it/s]
Processing frames:   9%|▉         | 13/138 [00:04<00:41,  2.99it/s]
Processing frames:  10%|█         | 14/138 [00:04<00:41,  2.99it/s]
Processing frames:  11%|█         | 15/138 [00:05<00:40,  3.02it/s]
Processing frames:  12%|█▏        | 16/138 [00:05<00:39,  3.06it/s]
Processing frames:  12%|█▏        | 17/138 [00:05<00:39,  3.04it/s]
Processing frames:  13%|█▎        | 18/138 [00:06<00:38,  3.08it/s]
Processing frames:  14%|█▍        | 19/138 [00:06<00:38,  3.12it/s]
Processing frames:  14%|█▍        | 20/138 [00:06<00:39,  2.97it/s]
Processing frames:  15%|█▌        | 21/138 [00:06<00:38,  3.05it/s]
Processing frames:  16%|█▌        | 22/138 [00:07<00:37,  3.07it/s]
Processing frames:  17%|█▋        | 23/138 [00:07<00:37,  3.10it/s]
Processing frames:  17%|█▋        | 24/138 [00:07<00:36,  3.11it/s]
Processing frames:  18%|█▊        | 25/138 [00:08<00:35,  3.15it/s]
Processing frames:  19%|█▉        | 26/138 [00:08<00:35,  3.13it/s]
Processing frames:  20%|█▉        | 27/138 [00:08<00:35,  3.15it/s]
Processing frames:  20%|██        | 28/138 [00:09<00:34,  3.15it/s]
Processing frames:  21%|██        | 29/138 [00:09<00:35,  3.10it/s]
Processing frames:  22%|██▏       | 30/138 [00:09<00:34,  3.14it/s]
Processing frames:  22%|██▏       | 31/138 [00:10<00:33,  3.15it/s]
Processing frames:  23%|██▎       | 32/138 [00:10<00:34,  3.12it/s]
Processing frames:  24%|██▍       | 33/138 [00:10<00:33,  3.12it/s]
Processing frames:  25%|██▍       | 34/138 [00:11<00:33,  3.12it/s]
Processing frames:  25%|██▌       | 35/138 [00:11<00:32,  3.13it/s]
Processing frames:  26%|██▌       | 36/138 [00:11<00:32,  3.09it/s]
Processing frames:  27%|██▋       | 37/138 [00:12<00:32,  3.14it/s]
Processing frames:  28%|██▊       | 38/138 [00:12<00:31,  3.14it/s]
Processing frames:  28%|██▊       | 39/138 [00:12<00:31,  3.18it/s]
Processing frames:  29%|██▉       | 40/138 [00:13<00:30,  3.17it/s]
Processing frames:  30%|██▉       | 41/138 [00:13<00:30,  3.14it/s]
Processing frames:  30%|███       | 42/138 [00:13<00:30,  3.17it/s]
Processing frames:  31%|███       | 43/138 [00:13<00:29,  3.20it/s]
Processing frames:  32%|███▏      | 44/138 [00:14<00:30,  3.12it/s]
Processing frames:  33%|███▎      | 45/138 [00:14<00:34,  2.70it/s]
Processing frames:  33%|███▎      | 46/138 [00:15<00:32,  2.82it/s]
Processing frames:  34%|███▍      | 47/138 [00:15<00:32,  2.80it/s]
Processing frames:  35%|███▍      | 48/138 [00:15<00:31,  2.87it/s]
Processing frames:  36%|███▌      | 49/138 [00:16<00:30,  2.95it/s]
Processing frames:  36%|███▌      | 50/138 [00:16<00:28,  3.04it/s]
Processing frames:  37%|███▋      | 51/138 [00:16<00:28,  3.05it/s]
Processing frames:  38%|███▊      | 52/138 [00:17<00:28,  3.06it/s]
Processing frames:  38%|███▊      | 53/138 [00:17<00:27,  3.09it/s]
Processing frames:  39%|███▉      | 54/138 [00:17<00:26,  3.11it/s]
Processing frames:  40%|███▉      | 55/138 [00:18<00:26,  3.12it/s]
Processing frames:  41%|████      | 56/138 [00:18<00:25,  3.16it/s]
Processing frames:  41%|████▏     | 57/138 [00:18<00:25,  3.13it/s]
Processing frames:  42%|████▏     | 58/138 [00:18<00:25,  3.15it/s]
Processing frames:  43%|████▎     | 59/138 [00:19<00:25,  3.13it/s]
Processing frames:  43%|████▎     | 60/138 [00:19<00:25,  3.09it/s]
Processing frames:  44%|████▍     | 61/138 [00:19<00:24,  3.14it/s]
Processing frames:  45%|████▍     | 62/138 [00:20<00:23,  3.17it/s]
Processing frames:  46%|████▌     | 63/138 [00:20<00:23,  3.16it/s]
Processing frames:  46%|████▋     | 64/138 [00:20<00:23,  3.17it/s]
Processing frames:  47%|████▋     | 65/138 [00:21<00:22,  3.20it/s]
Processing frames:  48%|████▊     | 66/138 [00:21<00:22,  3.18it/s]
Processing frames:  49%|████▊     | 67/138 [00:21<00:22,  3.17it/s]
Processing frames:  49%|████▉     | 68/138 [00:22<00:22,  3.15it/s]
Processing frames:  50%|█████     | 69/138 [00:22<00:22,  3.12it/s]
Processing frames:  51%|█████     | 70/138 [00:22<00:21,  3.11it/s]
Processing frames:  51%|█████▏    | 71/138 [00:23<00:21,  3.09it/s]
Processing frames:  52%|█████▏    | 72/138 [00:23<00:21,  3.08it/s]
Processing frames:  53%|█████▎    | 73/138 [00:23<00:21,  3.07it/s]
Processing frames:  54%|█████▎    | 74/138 [00:24<00:20,  3.13it/s]
Processing frames:  54%|█████▍    | 75/138 [00:24<00:20,  3.08it/s]
Processing frames:  55%|█████▌    | 76/138 [00:24<00:20,  3.09it/s]
Processing frames:  56%|█████▌    | 77/138 [00:25<00:19,  3.09it/s]
Processing frames:  57%|█████▋    | 78/138 [00:25<00:19,  3.09it/s]
Processing frames:  57%|█████▋    | 79/138 [00:25<00:19,  3.08it/s]
Processing frames:  58%|█████▊    | 80/138 [00:26<00:19,  3.05it/s]
Processing frames:  59%|█████▊    | 81/138 [00:26<00:18,  3.06it/s]
Processing frames:  59%|█████▉    | 82/138 [00:26<00:18,  3.03it/s]
Processing frames:  60%|██████    | 83/138 [00:27<00:18,  3.00it/s]
Processing frames:  61%|██████    | 84/138 [00:27<00:17,  3.02it/s]
Processing frames:  62%|██████▏   | 85/138 [00:27<00:17,  3.03it/s]
Processing frames:  62%|██████▏   | 86/138 [00:28<00:17,  3.05it/s]
Processing frames:  63%|██████▎   | 87/138 [00:28<00:16,  3.12it/s]
Processing frames:  64%|██████▍   | 88/138 [00:28<00:16,  3.12it/s]
Processing frames:  64%|██████▍   | 89/138 [00:28<00:15,  3.16it/s]
Processing frames:  65%|██████▌   | 90/138 [00:29<00:15,  3.18it/s]
Processing frames:  66%|██████▌   | 91/138 [00:29<00:14,  3.17it/s]
Processing frames:  67%|██████▋   | 92/138 [00:29<00:14,  3.20it/s]
Processing frames:  67%|██████▋   | 93/138 [00:30<00:14,  3.16it/s]
Processing frames:  68%|██████▊   | 94/138 [00:30<00:14,  3.10it/s]
Processing frames:  69%|██████▉   | 95/138 [00:30<00:13,  3.10it/s]
Processing frames:  70%|██████▉   | 96/138 [00:31<00:13,  3.10it/s]
Processing frames:  70%|███████   | 97/138 [00:31<00:13,  3.11it/s]
Processing frames:  71%|███████   | 98/138 [00:31<00:12,  3.09it/s]
Processing frames:  72%|███████▏  | 99/138 [00:32<00:12,  3.10it/s]
Processing frames:  72%|███████▏  | 100/138 [00:32<00:12,  3.04it/s]
Processing frames:  73%|███████▎  | 101/138 [00:32<00:12,  3.05it/s]
Processing frames:  74%|███████▍  | 102/138 [00:33<00:11,  3.03it/s]
Processing frames:  75%|███████▍  | 103/138 [00:33<00:11,  3.01it/s]
Processing frames:  75%|███████▌  | 104/138 [00:33<00:11,  2.98it/s]
Processing frames:  76%|███████▌  | 105/138 [00:34<00:10,  3.01it/s]
Processing frames:  77%|███████▋  | 106/138 [00:34<00:10,  3.01it/s]
Processing frames:  78%|███████▊  | 107/138 [00:34<00:10,  3.00it/s]
Processing frames:  78%|███████▊  | 108/138 [00:35<00:09,  3.01it/s]
Processing frames:  79%|███████▉  | 109/138 [00:35<00:09,  3.08it/s]
Processing frames:  80%|███████▉  | 110/138 [00:35<00:09,  3.08it/s]
Processing frames:  80%|████████  | 111/138 [00:36<00:08,  3.04it/s]
Processing frames:  81%|████████  | 112/138 [00:36<00:08,  3.06it/s]
Processing frames:  82%|████████▏ | 113/138 [00:36<00:08,  3.02it/s]
Processing frames:  83%|████████▎ | 114/138 [00:37<00:07,  3.01it/s]
Processing frames:  83%|████████▎ | 115/138 [00:37<00:07,  3.04it/s]
Processing frames:  84%|████████▍ | 116/138 [00:37<00:07,  2.99it/s]
Processing frames:  85%|████████▍ | 117/138 [00:38<00:06,  3.02it/s]
Processing frames:  86%|████████▌ | 118/138 [00:38<00:06,  3.04it/s]
Processing frames:  86%|████████▌ | 119/138 [00:38<00:06,  3.03it/s]
Processing frames:  87%|████████▋ | 120/138 [00:39<00:05,  3.02it/s]
Processing frames:  88%|████████▊ | 121/138 [00:39<00:05,  3.05it/s]
Processing frames:  88%|████████▊ | 122/138 [00:39<00:05,  3.03it/s]
Processing frames:  89%|████████▉ | 123/138 [00:40<00:04,  3.02it/s]
Processing frames:  90%|████████▉ | 124/138 [00:40<00:04,  3.01it/s]
Processing frames:  91%|█████████ | 125/138 [00:40<00:04,  3.02it/s]
Processing frames:  91%|█████████▏| 126/138 [00:41<00:03,  3.05it/s]
Processing frames:  92%|█████████▏| 127/138 [00:41<00:03,  2.87it/s]
Processing frames:  93%|█████████▎| 128/138 [00:41<00:03,  2.90it/s]
Processing frames:  93%|█████████▎| 129/138 [00:42<00:03,  2.93it/s]
Processing frames:  94%|█████████▍| 130/138 [00:42<00:02,  2.91it/s]
Processing frames:  95%|█████████▍| 131/138 [00:42<00:02,  2.96it/s]
Processing frames:  96%|█████████▌| 132/138 [00:43<00:02,  2.89it/s]
Processing frames:  96%|█████████▋| 133/138 [00:43<00:01,  2.89it/s]
Processing frames:  97%|█████████▋| 134/138 [00:43<00:01,  2.96it/s]
Processing frames:  98%|█████████▊| 135/138 [00:44<00:00,  3.01it/s]
Processing frames:  99%|█████████▊| 136/138 [00:44<00:00,  2.94it/s]
Processing frames:  99%|█████████▉| 137/138 [00:44<00:00,  2.95it/s]
Processing frames: 100%|██████████| 138/138 [00:45<00:00,  2.96it/s]
Processing frames: 100%|██████████| 138/138 [00:45<00:00,  3.05it/s]

Processing frames:   0%|          | 0/3 [00:00<?, ?it/s]
Processing frames:  33%|███▎      | 1/3 [00:02<00:04,  2.24s/it]
Processing frames:  67%|██████▋   | 2/3 [00:02<00:01,  1.09s/it]
Processing frames: 100%|██████████| 3/3 [00:02<00:00,  1.41it/s]
Processing frames: 100%|██████████| 3/3 [00:02<00:00,  1.08it/s]
[av1 @ 0x1e60f680] Your platform doesn't suppport hardware accelerated AV1 decoding.
[av1 @ 0x1e60f680] Failed to get pixel format.
[av1 @ 0x1e60f680] Missing Sequence Header.
[av1 @ 0x1e60f680] Missing Sequence Header.
[av1 @ 0x1e60f680] Missing Sequence Header.
[av1 @ 0x1e60f680] Missing Sequence Header.
[av1 @ 0x1e60f680] Missing Sequence Header.
[av1 @ 0x1e60f680] Missing Sequence Header.
[av1 @ 0x1e60f680] Missing Sequence Header.
[av1 @ 0x1e60f680] Missing Sequence Header.
[av1 @ 0x1e60f680] Missing Sequence Header.
[av1 @ 0x1e60f680] Missing Sequence Header.
[av1 @ 0x1e60f680] Missing Sequence Header.
[av1 @ 0x1e60f680] Missing Sequence Header.
[av1 @ 0x1e60f680] Missing Sequence Header.
[av1 @ 0x1e60f680] Your platform doesn't suppport hardware accelerated AV1 decoding.
[av1 @ 0x1e60f680] Failed to get pixel format.
[av1 @ 0x1e60f680] Missing Sequence Header.
[av1 @ 0x1e60f680] Missing Sequence Header.
[av1 @ 0x1e60f680] Missing Sequence Header.
[av1 @ 0x1e60f680] Missing Sequence Header.
[av1 @ 0x1e60f680] Missing Sequence Header.
[av1 @ 0x1e60f680] Missing Sequence Header.
[av1 @ 0x1e60f680] Missing Sequence Header.
[av1 @ 0x1e60f680] Missing Sequence Header.
[av1 @ 0x1e60f680] Missing Sequence Header.
[av1 @ 0x1e60f680] Missing Sequence Header.
[av1 @ 0x1e60f680] Missing Sequence Header.
[av1 @ 0x1e60f680] Missing Sequence Header.
[av1 @ 0x1e60f680] Missing Sequence Header.
[av1 @ 0x1e60f680] Missing Sequence Header.
[av1 @ 0x1e60f680] Missing Sequence Header.
[av1 @ 0x1e60f680] Missing Sequence Header.
[av1 @ 0x1e60f680] Missing Sequence Header.
[av1 @ 0x1e60f680] Missing Sequence Header.
[av1 @ 0x1e60f680] Missing Sequence Header.
[av1 @ 0x1e60f680] Missing Sequence Header.
[av1 @ 0x1e60f680] Missing Sequence Header.
[av1 @ 0x1e60f680] Missing Sequence Header.
[av1 @ 0x1e60f680] Missing Sequence Header.
[av1 @ 0x1e60f680] Missing Sequence Header.
[av1 @ 0x1e60f680] Missing Sequence Header.
[av1 @ 0x1e60f680] Missing Sequence Header.
[av1 @ 0x1e60f680] Missing Sequence Header.
[av1 @ 0x1e60f680] Missing Sequence Header.
[av1 @ 0x1e60f680] Missing Sequence Header.
[av1 @ 0x1e60f680] Missing Sequence Header.
[av1 @ 0x1e60f680] Missing Sequence Header.
[av1 @ 0x1e60f680] Missing Sequence Header.
[av1 @ 0x1e60f680] Missing Sequence Header.
[av1 @ 0x1e60f680] Missing Sequence Header.
[av1 @ 0x1e60f680] Missing Sequence Header.
[av1 @ 0x1e60f680] Missing Sequence Header.
[av1 @ 0x1e60f680] Missing Sequence Header.
[av1 @ 0x1e60f680] Missing Sequence Header.
[av1 @ 0x1e60f680] Missing Sequence Header.
[av1 @ 0x1e60f680] Missing Sequence Header.
[av1 @ 0x1e60f680] Missing Sequence Header.
[av1 @ 0x1e60f680] Missing Sequence Header.
[av1 @ 0x1e60f680] Missing Sequence Header.
[av1 @ 0x1e60f680] Missing Sequence Header.
[av1 @ 0x1e60f680] Missing Sequence Header.
[av1 @ 0x1e60f680] Missing Sequence Header.
[av1 @ 0x1e60f680] Missing Sequence Header.
[av1 @ 0x1e60f680] Missing Sequence Header.
[av1 @ 0x1e60f680] Missing Sequence Header.
[av1 @ 0x1e60f680] Missing Sequence Header.
[av1 @ 0x1e60f680] Missing Sequence Header.
[av1 @ 0x1e60f680] Missing Sequence Header.
[av1 @ 0x1e60f680] Missing Sequence Header.
[av1 @ 0x1e60f680] Missing Sequence Header.
[av1 @ 0x1e60f680] Missing Sequence Header.
[av1 @ 0x1e60f680] Missing Sequence Header.
[av1 @ 0x1e60f680] Missing Sequence Header.
[av1 @ 0x1e60f680] Missing Sequence Header.
[av1 @ 0x1e60f680] Missing Sequence Header.
[av1 @ 0x1e60f680] Missing Sequence Header.
[av1 @ 0x1e60f680] Missing Sequence Header.
[av1 @ 0x1e60f680] Missing Sequence Header.
[av1 @ 0x1e60f680] Missing Sequence Header.
[av1 @ 0x1e60f680] Missing Sequence Header.
[av1 @ 0x1e60f680] Missing Sequence Header.
[av1 @ 0x1e60f680] Missing Sequence Header.
[av1 @ 0x1e60f680] Missing Sequence Header.
[av1 @ 0x1e60f680] Missing Sequence Header.
[av1 @ 0x1e60f680] Missing Sequence Header.
[av1 @ 0x1e60f680] Missing Sequence Header.
[av1 @ 0x1e60f680] Missing Sequence Header.
[av1 @ 0x1e60f680] Missing Sequence Header.
[av1 @ 0x1e60f680] Missing Sequence Header.
[av1 @ 0x1e60f680] Missing Sequence Header.
[av1 @ 0x1e60f680] Missing Sequence Header.
[av1 @ 0x1e60f680] Missing Sequence Header.
[av1 @ 0x1e60f680] Missing Sequence Header.
[av1 @ 0x1e60f680] Missing Sequence Header.
[av1 @ 0x1e60f680] Missing Sequence Header.
[av1 @ 0x1e60f680] Missing Sequence Header.
[av1 @ 0x1e60f680] Missing Sequence Header.
[av1 @ 0x1e60f680] Missing Sequence Header.
[av1 @ 0x1e60f680] Missing Sequence Header.
[av1 @ 0x1e60f680] Missing Sequence Header.
[av1 @ 0x1e60f680] Missing Sequence Header.
[av1 @ 0x1e60f680] Missing Sequence Header.
[av1 @ 0x1e60f680] Missing Sequence Header.
[av1 @ 0x1e60f680] Missing Sequence Header.
[av1 @ 0x1e60f680] Missing Sequence Header.
[av1 @ 0x1e60f680] Missing Sequence Header.
[av1 @ 0x1e60f680] Missing Sequence Header.
[av1 @ 0x1e60f680] Missing Sequence Header.
[av1 @ 0x1e60f680] Missing Sequence Header.
[av1 @ 0x1e60f680] Missing Sequence Header.
[av1 @ 0x1e60f680] Missing Sequence Header.
[av1 @ 0x1e60f680] Missing Sequence Header.
[av1 @ 0x1e60f680] Missing Sequence Header.
[av1 @ 0x1e60f680] Missing Sequence Header.
[av1 @ 0x1e60f680] Missing Sequence Header.
[av1 @ 0x1e60f680] Missing Sequence Header.
[av1 @ 0x1e60f680] Missing Sequence Header.
[av1 @ 0x1e60f680] Missing Sequence Header.
[av1 @ 0x1e60f680] Missing Sequence Header.
[av1 @ 0x1e60f680] Missing Sequence Header.
[av1 @ 0x1e60f680] Missing Sequence Header.
[av1 @ 0x1e60f680] Missing Sequence Header.
[av1 @ 0x1e60f680] Missing Sequence Header.
[av1 @ 0x1e60f680] Missing Sequence Header.
[av1 @ 0x1e60f680] Missing Sequence Header.
[av1 @ 0x1e60f680] Missing Sequence Header.
[av1 @ 0x1e60f680] Missing Sequence Header.
[av1 @ 0x1e60f680] Missing Sequence Header.
[av1 @ 0x1e60f680] Missing Sequence Header.
[av1 @ 0x1e60f680] Missing Sequence Header.
[av1 @ 0x1e60f680] Missing Sequence Header.
[av1 @ 0x1e60f680] Missing Sequence Header.
[av1 @ 0x1e60f680] Missing Sequence Header.
[av1 @ 0x1e60f680] Missing Sequence Header.
[av1 @ 0x1e60f680] Missing Sequence Header.
[av1 @ 0x1e60f680] Missing Sequence Header.
[av1 @ 0x1e60f680] Missing Sequence Header.
[av1 @ 0x1e60f680] Missing Sequence Header.
[av1 @ 0x1e60f680] Missing Sequence Header.
[av1 @ 0x1e60f680] Missing Sequence Header.
[av1 @ 0x1e60f680] Missing Sequence Header.
[av1 @ 0x1e60f680] Missing Sequence Header.
[av1 @ 0x1e60f680] Missing Sequence Header.
[av1 @ 0x1e60f680] Missing Sequence Header.
[av1 @ 0x1e60f680] Missing Sequence Header.
[av1 @ 0x1e60f680] Missing Sequence Header.
[av1 @ 0x1e60f680] Missing Sequence Header.
[av1 @ 0x1e60f680] Missing Sequence Header.
[av1 @ 0x1e60f680] Missing Sequence Header.
[av1 @ 0x1e60f680] Missing Sequence Header.
[av1 @ 0x1e60f680] Missing Sequence Header.
[av1 @ 0x1e60f680] Missing Sequence Header.
[av1 @ 0x1e60f680] Missing Sequence Header.
[av1 @ 0x1e60f680] Missing Sequence Header.
[av1 @ 0x1e60f680] Missing Sequence Header.
[av1 @ 0x1e60f680] Missing Sequence Header.
[av1 @ 0x1e60f680] Missing Sequence Header.
[av1 @ 0x1e60f680] Missing Sequence Header.
[av1 @ 0x1e60f680] Missing Sequence Header.
[av1 @ 0x1e60f680] Missing Sequence Header.
[av1 @ 0x1e60f680] Missing Sequence Header.
[av1 @ 0x1e60f680] Missing Sequence Header.
[av1 @ 0x1e60f680] Missing Sequence Header.
[av1 @ 0x1e60f680] Missing Sequence Header.
[av1 @ 0x1e60f680] Missing Sequence Header.
[av1 @ 0x1e60f680] Missing Sequence Header.
[av1 @ 0x1e60f680] Missing Sequence Header.
[av1 @ 0x1e60f680] Missing Sequence Header.
[av1 @ 0x1e60f680] Missing Sequence Header.
[av1 @ 0x1e60f680] Missing Sequence Header.
[av1 @ 0x1e60f680] Missing Sequence Header.
[av1 @ 0x1e60f680] Missing Sequence Header.
[av1 @ 0x1e60f680] Missing Sequence Header.
[av1 @ 0x1e60f680] Missing Sequence Header.
[av1 @ 0x1e60f680] Missing Sequence Header.
[av1 @ 0x1e60f680] Missing Sequence Header.
[av1 @ 0x1e60f680] Missing Sequence Header.
[av1 @ 0x1e60f680] Missing Sequence Header.
[av1 @ 0x1e60f680] Missing Sequence Header.
[av1 @ 0x1e60f680] Missing Sequence Header.
[av1 @ 0x1e60f680] Missing Sequence Header.
[av1 @ 0x1e60f680] Missing Sequence Header.
[av1 @ 0x1e60f680] Missing Sequence Header.
[av1 @ 0x1e60f680] Missing Sequence Header.
[av1 @ 0x1e60f680] Missing Sequence Header.
[av1 @ 0x1e60f680] Missing Sequence Header.
[av1 @ 0x1e60f680] Missing Sequence Header.
[av1 @ 0x1e60f680] Missing Sequence Header.
[av1 @ 0x1e60f680] Missing Sequence Header.
[av1 @ 0x1e60f680] Missing Sequence Header.
[av1 @ 0x1e60f680] Missing Sequence Header.
[av1 @ 0x1e60f680] Missing Sequence Header.
[av1 @ 0x1e60f680] Missing Sequence Header.
[av1 @ 0x1e60f680] Missing Sequence Header.
[av1 @ 0x1e60f680] Missing Sequence Header.
[av1 @ 0x1e60f680] Missing Sequence Header.
[av1 @ 0x1e60f680] Missing Sequence Header.
[av1 @ 0x1e60f680] Missing Sequence Header.
[av1 @ 0x1e60f680] Missing Sequence Header.
[av1 @ 0x1e60f680] Missing Sequence Header.
[av1 @ 0x1e60f680] Missing Sequence Header.
[av1 @ 0x1e60f680] Missing Sequence Header.
[av1 @ 0x1e60f680] Missing Sequence Header.
[av1 @ 0x1e60f680] Missing Sequence Header.
[av1 @ 0x1e60f680] Missing Sequence Header.
[av1 @ 0x1e60f680] Missing Sequence Header.
[av1 @ 0x1e60f680] Missing Sequence Header.
[av1 @ 0x1e60f680] Missing Sequence Header.
[av1 @ 0x1e60f680] Missing Sequence Header.
[av1 @ 0x1e60f680] Missing Sequence Header.
[av1 @ 0x1e60f680] Missing Sequence Header.
[av1 @ 0x1e60f680] Missing Sequence Header.
[av1 @ 0x1e60f680] Missing Sequence Header.
[av1 @ 0x1e60f680] Missing Sequence Header.
[av1 @ 0x1e60f680] Missing Sequence Header.
[av1 @ 0x1e60f680] Missing Sequence Header.
[av1 @ 0x1e60f680] Missing Sequence Header.
[av1 @ 0x1e60f680] Missing Sequence Header.
[av1 @ 0x1e60f680] Missing Sequence Header.
[av1 @ 0x1e60f680] Missing Sequence Header.
[av1 @ 0x1e60f680] Missing Sequence Header.
[av1 @ 0x1e60f680] Missing Sequence Header.
[av1 @ 0x1e60f680] Missing Sequence Header.
[av1 @ 0x1e60f680] Missing Sequence Header.
[av1 @ 0x1e60f680] Missing Sequence Header.
[av1 @ 0x1e60f680] Missing Sequence Header.
[av1 @ 0x1e60f680] Missing Sequence Header.
[av1 @ 0x1e60f680] Missing Sequence Header.
[av1 @ 0x1e60f680] Missing Sequence Header.
[av1 @ 0x1e60f680] Missing Sequence Header.
[av1 @ 0x1e60f680] Missing Sequence Header.
[av1 @ 0x1e60f680] Missing Sequence Header.
[av1 @ 0x1e60f680] Missing Sequence Header.
[av1 @ 0x1e60f680] Missing Sequence Header.
[av1 @ 0x1e60f680] Missing Sequence Header.
[av1 @ 0x1e60f680] Missing Sequence Header.
[av1 @ 0x1e60f680] Missing Sequence Header.
[av1 @ 0x1e60f680] Missing Sequence Header.
[av1 @ 0x1e60f680] Missing Sequence Header.
[av1 @ 0x1e60f680] Missing Sequence Header.
[av1 @ 0x1e60f680] Missing Sequence Header.
[av1 @ 0x1e60f680] Missing Sequence Header.
[av1 @ 0x1e60f680] Missing Sequence Header.
[av1 @ 0x1e60f680] Missing Sequence Header.
[av1 @ 0x1e60f680] Missing Sequence Header.
[av1 @ 0x1e60f680] Missing Sequence Header.
[av1 @ 0x1e60f680] Missing Sequence Header.
[av1 @ 0x1e60f680] Missing Sequence Header.
[av1 @ 0x1e60f680] Missing Sequence Header.
[av1 @ 0x1e60f680] Missing Sequence Header.
[av1 @ 0x1e60f680] Missing Sequence Header.
[av1 @ 0x1e60f680] Missing Sequence Header.
[av1 @ 0x1e60f680] Missing Sequence Header.
[av1 @ 0x1e60f680] Missing Sequence Header.
[av1 @ 0x1e60f680] Missing Sequence Header.
[av1 @ 0x1e60f680] Missing Sequence Header.
[av1 @ 0x1e60f680] Missing Sequence Header.
[av1 @ 0x1e60f680] Missing Sequence Header.
[av1 @ 0x1e60f680] Missing Sequence Header.
[av1 @ 0x1e60f680] Missing Sequence Header.
[av1 @ 0x1e60f680] Missing Sequence Header.
[av1 @ 0x1e60f680] Missing Sequence Header.
[av1 @ 0x1e60f680] Missing Sequence Header.
[av1 @ 0x1e60f680] Missing Sequence Header.
[av1 @ 0x1e60f680] Missing Sequence Header.
[av1 @ 0x1e60f680] Missing Sequence Header.
[av1 @ 0x1e60f680] Missing Sequence Header.
[av1 @ 0x1e60f680] Missing Sequence Header.
[av1 @ 0x1e60f680] Missing Sequence Header.
[av1 @ 0x1e60f680] Missing Sequence Header.
[av1 @ 0x1e60f680] Missing Sequence Header.
[av1 @ 0x1e60f680] Your platform doesn't suppport hardware accelerated AV1 decoding.
[av1 @ 0x1e60f680] Failed to get pixel format.
[av1 @ 0x1e60f680] Missing Sequence Header.
[av1 @ 0x1e60f680] Missing Sequence Header.
[av1 @ 0x1e60f680] Missing Sequence Header.
[av1 @ 0x1e60f680] Missing Sequence Header.
[av1 @ 0x1e60f680] Missing Sequence Header.
[av1 @ 0x1e60f680] Missing Sequence Header.
[av1 @ 0x1e60f680] Missing Sequence Header.
[av1 @ 0x1e60f680] Missing Sequence Header.
[av1 @ 0x1e60f680] Missing Sequence Header.
[av1 @ 0x1e60f680] Missing Sequence Header.
[av1 @ 0x1e60f680] Missing Sequence Header.
[av1 @ 0x1e60f680] Missing Sequence Header.
[av1 @ 0x1e60f680] Missing Sequence Header.
[av1 @ 0x1e60f680] Missing Sequence Header.
[av1 @ 0x1e60f680] Missing Sequence Header.
[av1 @ 0x1e60f680] Missing Sequence Header.
[av1 @ 0x1e60f680] Missing Sequence Header.
[av1 @ 0x1e60f680] Missing Sequence Header.
[av1 @ 0x1e60f680] Missing Sequence Header.
[av1 @ 0x1e60f680] Missing Sequence Header.
[av1 @ 0x1e60f680] Missing Sequence Header.
[av1 @ 0x1e60f680] Missing Sequence Header.
[av1 @ 0x1e60f680] Missing Sequence Header.
[av1 @ 0x1e60f680] Missing Sequence Header.
[av1 @ 0x1e60f680] Missing Sequence Header.
[av1 @ 0x1e60f680] Missing Sequence Header.
[av1 @ 0x1e60f680] Missing Sequence Header.
[av1 @ 0x1e60f680] Missing Sequence Header.
[av1 @ 0x1e60f680] Missing Sequence Header.
[av1 @ 0x1e60f680] Missing Sequence Header.
[av1 @ 0x14b86800] Your platform doesn't suppport hardware accelerated AV1 decoding.
[av1 @ 0x14b86800] Failed to get pixel format.

Processing frames:   0%|          | 0/63 [00:00<?, ?it/s]
Processing frames:   2%|▏         | 1/63 [00:00<00:28,  2.14it/s]
Processing frames:   3%|▎         | 2/63 [00:00<00:27,  2.24it/s]
Processing frames:   5%|▍         | 3/63 [00:01<00:26,  2.26it/s]
Processing frames:   6%|▋         | 4/63 [00:01<00:26,  2.26it/s]
Processing frames:   8%|▊         | 5/63 [00:02<00:25,  2.30it/s]
Processing frames:  10%|▉         | 6/63 [00:02<00:24,  2.32it/s]
Processing frames:  11%|█         | 7/63 [00:03<00:24,  2.31it/s]
Processing frames:  13%|█▎        | 8/63 [00:03<00:23,  2.30it/s]
Processing frames:  14%|█▍        | 9/63 [00:03<00:23,  2.30it/s]
Processing frames:  16%|█▌        | 10/63 [00:04<00:22,  2.32it/s]
Processing frames:  17%|█▋        | 11/63 [00:04<00:23,  2.22it/s]
Processing frames:  19%|█▉        | 12/63 [00:05<00:22,  2.24it/s]
Processing frames:  21%|██        | 13/63 [00:05<00:22,  2.25it/s]
Processing frames:  22%|██▏       | 14/63 [00:06<00:21,  2.32it/s]
Processing frames:  24%|██▍       | 15/63 [00:06<00:20,  2.32it/s]
Processing frames:  25%|██▌       | 16/63 [00:06<00:20,  2.34it/s]
Processing frames:  27%|██▋       | 17/63 [00:07<00:19,  2.31it/s]
Processing frames:  29%|██▊       | 18/63 [00:07<00:19,  2.35it/s]
Processing frames:  30%|███       | 19/63 [00:08<00:18,  2.36it/s]
Processing frames:  32%|███▏      | 20/63 [00:08<00:17,  2.40it/s]
Processing frames:  33%|███▎      | 21/63 [00:09<00:17,  2.40it/s]
Processing frames:  35%|███▍      | 22/63 [00:09<00:17,  2.38it/s]
Processing frames:  37%|███▋      | 23/63 [00:09<00:17,  2.27it/s]
Processing frames:  38%|███▊      | 24/63 [00:10<00:16,  2.31it/s]
Processing frames:  40%|███▉      | 25/63 [00:10<00:16,  2.34it/s]
Processing frames:  41%|████▏     | 26/63 [00:11<00:15,  2.36it/s]
Processing frames:  43%|████▎     | 27/63 [00:11<00:15,  2.34it/s]
Processing frames:  44%|████▍     | 28/63 [00:12<00:14,  2.34it/s]
Processing frames:  46%|████▌     | 29/63 [00:12<00:14,  2.33it/s]
Processing frames:  48%|████▊     | 30/63 [00:12<00:14,  2.32it/s]
Processing frames:  49%|████▉     | 31/63 [00:13<00:13,  2.33it/s]
Processing frames:  51%|█████     | 32/63 [00:13<00:13,  2.31it/s]
Processing frames:  52%|█████▏    | 33/63 [00:14<00:12,  2.31it/s]
Processing frames:  54%|█████▍    | 34/63 [00:14<00:12,  2.34it/s]
Processing frames:  56%|█████▌    | 35/63 [00:15<00:11,  2.35it/s]
Processing frames:  57%|█████▋    | 36/63 [00:15<00:11,  2.34it/s]
Processing frames:  59%|█████▊    | 37/63 [00:15<00:11,  2.35it/s]
Processing frames:  60%|██████    | 38/63 [00:16<00:10,  2.40it/s]
Processing frames:  62%|██████▏   | 39/63 [00:16<00:09,  2.43it/s]
Processing frames:  63%|██████▎   | 40/63 [00:17<00:09,  2.42it/s]
Processing frames:  65%|██████▌   | 41/63 [00:17<00:09,  2.38it/s]
Processing frames:  67%|██████▋   | 42/63 [00:18<00:08,  2.38it/s]
Processing frames:  68%|██████▊   | 43/63 [00:18<00:08,  2.34it/s]
Processing frames:  70%|██████▉   | 44/63 [00:18<00:08,  2.31it/s]
Processing frames:  71%|███████▏  | 45/63 [00:19<00:07,  2.30it/s]
Processing frames:  73%|███████▎  | 46/63 [00:19<00:07,  2.30it/s]
Processing frames:  75%|███████▍  | 47/63 [00:20<00:06,  2.34it/s]
Processing frames:  76%|███████▌  | 48/63 [00:20<00:06,  2.36it/s]
Processing frames:  78%|███████▊  | 49/63 [00:21<00:05,  2.36it/s]
Processing frames:  79%|███████▉  | 50/63 [00:21<00:05,  2.38it/s]
Processing frames:  81%|████████  | 51/63 [00:21<00:05,  2.34it/s]
Processing frames:  83%|████████▎ | 52/63 [00:22<00:04,  2.34it/s]
Processing frames:  84%|████████▍ | 53/63 [00:22<00:04,  2.40it/s]
Processing frames:  86%|████████▌ | 54/63 [00:23<00:03,  2.42it/s]
Processing frames:  87%|████████▋ | 55/63 [00:23<00:03,  2.46it/s]
Processing frames:  89%|████████▉ | 56/63 [00:23<00:02,  2.46it/s]
Processing frames:  90%|█████████ | 57/63 [00:24<00:02,  2.44it/s]
Processing frames:  92%|█████████▏| 58/63 [00:24<00:02,  2.41it/s]
Processing frames:  94%|█████████▎| 59/63 [00:25<00:01,  2.37it/s]
Processing frames:  95%|█████████▌| 60/63 [00:25<00:01,  2.38it/s]
Processing frames:  97%|█████████▋| 61/63 [00:26<00:00,  2.39it/s]
Processing frames:  98%|█████████▊| 62/63 [00:26<00:00,  2.38it/s]
Processing frames: 100%|██████████| 63/63 [00:26<00:00,  2.36it/s]
Processing frames: 100%|██████████| 63/63 [00:26<00:00,  2.34it/s]
[av1 @ 0x1e60f680] Your platform doesn't suppport hardware accelerated AV1 decoding.
[av1 @ 0x1e60f680] Failed to get pixel format.
[av1 @ 0x1e60f680] Missing Sequence Header.
[av1 @ 0x1e60f680] Missing Sequence Header.
[av1 @ 0x1e60f680] Missing Sequence Header.
[av1 @ 0x1e60f680] Missing Sequence Header.
[av1 @ 0x1e60f680] Missing Sequence Header.
[av1 @ 0x1e60f680] Missing Sequence Header.
[av1 @ 0x1e60f680] Missing Sequence Header.
[av1 @ 0x1e60f680] Missing Sequence Header.
[av1 @ 0x1e60f680] Missing Sequence Header.
[av1 @ 0x1e60f680] Missing Sequence Header.
[av1 @ 0x1e60f680] Missing Sequence Header.
[av1 @ 0x1e60f680] Missing Sequence Header.
[av1 @ 0x1e60f680] Missing Sequence Header.
[av1 @ 0x1e60f680] Missing Sequence Header.
[av1 @ 0x1e60f680] Missing Sequence Header.
[av1 @ 0x1e60f680] Missing Sequence Header.
[av1 @ 0x1e60f680] Missing Sequence Header.
[av1 @ 0x1e60f680] Missing Sequence Header.
[av1 @ 0x1e60f680] Missing Sequence Header.
[av1 @ 0x1e60f680] Missing Sequence Header.
[av1 @ 0x1e60f680] Missing Sequence Header.
[av1 @ 0x1e60f680] Missing Sequence Header.
[av1 @ 0x1e60f680] Missing Sequence Header.
[av1 @ 0x1e60f680] Missing Sequence Header.
[av1 @ 0x1e60f680] Missing Sequence Header.
[av1 @ 0x1e60f680] Missing Sequence Header.
[av1 @ 0x1e60f680] Missing Sequence Header.
[av1 @ 0x1e60f680] Missing Sequence Header.
[av1 @ 0x1e60f680] Missing Sequence Header.
[av1 @ 0x1e60f680] Missing Sequence Header.
[av1 @ 0x1e60f680] Missing Sequence Header.
[av1 @ 0x1e60f680] Missing Sequence Header.
[av1 @ 0x1e60f680] Missing Sequence Header.
[av1 @ 0x1e60f680] Missing Sequence Header.
[av1 @ 0x1e60f680] Missing Sequence Header.
[av1 @ 0x1e60f680] Missing Sequence Header.
[av1 @ 0x1e60f680] Missing Sequence Header.
[av1 @ 0x1e60f680] Missing Sequence Header.
[av1 @ 0x1e60f680] Missing Sequence Header.
[av1 @ 0x1e60f680] Missing Sequence Header.
[av1 @ 0x1e60f680] Missing Sequence Header.
[av1 @ 0x1e60f680] Missing Sequence Header.
[av1 @ 0x1e60f680] Missing Sequence Header.
[av1 @ 0x1e60f680] Missing Sequence Header.
[av1 @ 0x1e60f680] Missing Sequence Header.
[av1 @ 0x1e60f680] Missing Sequence Header.
[av1 @ 0x1e60f680] Missing Sequence Header.
[av1 @ 0x1e60f680] Missing Sequence Header.
[av1 @ 0x1e60f680] Missing Sequence Header.
[av1 @ 0x1e60f680] Missing Sequence Header.
[av1 @ 0x1e60f680] Missing Sequence Header.
[av1 @ 0x1e60f680] Missing Sequence Header.
[av1 @ 0x1e60f680] Missing Sequence Header.
[av1 @ 0x1e60f680] Missing Sequence Header.
[av1 @ 0x1e60f680] Missing Sequence Header.
[av1 @ 0x1e60f680] Missing Sequence Header.
[av1 @ 0x1e60f680] Missing Sequence Header.
[av1 @ 0x1e60f680] Missing Sequence Header.
[av1 @ 0x1e60f680] Missing Sequence Header.
[av1 @ 0x1e60f680] Missing Sequence Header.
[av1 @ 0x1e60f680] Missing Sequence Header.
[av1 @ 0x1e60f680] Missing Sequence Header.
[av1 @ 0x1e60f680] Missing Sequence Header.
[av1 @ 0x1e60f680] Missing Sequence Header.
[av1 @ 0x1e60f680] Missing Sequence Header.
[av1 @ 0x1e60f680] Missing Sequence Header.
[av1 @ 0x1e60f680] Missing Sequence Header.
[av1 @ 0x1e60f680] Missing Sequence Header.
[av1 @ 0x1e60f680] Missing Sequence Header.
[av1 @ 0x1e60f680] Missing Sequence Header.
[av1 @ 0x1e60f680] Missing Sequence Header.
[av1 @ 0x1e60f680] Missing Sequence Header.
[av1 @ 0x1e60f680] Missing Sequence Header.
[av1 @ 0x1e60f680] Missing Sequence Header.
[av1 @ 0x1e60f680] Missing Sequence Header.
[av1 @ 0x1e60f680] Missing Sequence Header.
[av1 @ 0x1e60f680] Missing Sequence Header.
[av1 @ 0x1e60f680] Missing Sequence Header.
[av1 @ 0x1e60f680] Missing Sequence Header.
[av1 @ 0x1e60f680] Missing Sequence Header.
[av1 @ 0x1e60f680] Missing Sequence Header.
[av1 @ 0x1e60f680] Missing Sequence Header.
[av1 @ 0x1e60f680] Missing Sequence Header.
[av1 @ 0x1e60f680] Missing Sequence Header.
[av1 @ 0x1e60f680] Missing Sequence Header.
[av1 @ 0x1e60f680] Missing Sequence Header.
[av1 @ 0x1e60f680] Missing Sequence Header.
[av1 @ 0x1e60f680] Missing Sequence Header.
[av1 @ 0x1e60f680] Missing Sequence Header.
[av1 @ 0x1e60f680] Missing Sequence Header.
[av1 @ 0x1e60f680] Missing Sequence Header.
[av1 @ 0x1e60f680] Missing Sequence Header.
[av1 @ 0x1e60f680] Missing Sequence Header.
[av1 @ 0x1e60f680] Missing Sequence Header.
[av1 @ 0x1e60f680] Missing Sequence Header.
[av1 @ 0x1e60f680] Missing Sequence Header.
[av1 @ 0x1e60f680] Missing Sequence Header.
[av1 @ 0x1e60f680] Missing Sequence Header.
[av1 @ 0x1e60f680] Missing Sequence Header.
[av1 @ 0x1e60f680] Missing Sequence Header.
[av1 @ 0x1e60f680] Missing Sequence Header.
[av1 @ 0x1e60f680] Missing Sequence Header.
[av1 @ 0x1e60f680] Missing Sequence Header.
[av1 @ 0x1e60f680] Missing Sequence Header.
[av1 @ 0x1e60f680] Missing Sequence Header.
[av1 @ 0x1e60f680] Missing Sequence Header.
[av1 @ 0x1e60f680] Missing Sequence Header.
[av1 @ 0x1e60f680] Missing Sequence Header.
[av1 @ 0x1e60f680] Missing Sequence Header.
[av1 @ 0x1e60f680] Missing Sequence Header.
[av1 @ 0x1e60f680] Missing Sequence Header.
[av1 @ 0x1e60f680] Missing Sequence Header.
[av1 @ 0x1e60f680] Missing Sequence Header.
[av1 @ 0x1e60f680] Missing Sequence Header.
[av1 @ 0x1e60f680] Missing Sequence Header.
[av1 @ 0x1e60f680] Missing Sequence Header.
[av1 @ 0x1e60f680] Missing Sequence Header.
[av1 @ 0x1e60f680] Missing Sequence Header.
[av1 @ 0x1e60f680] Missing Sequence Header.
[av1 @ 0x1e60f680] Missing Sequence Header.
[av1 @ 0x1e60f680] Missing Sequence Header.
[av1 @ 0x1e60f680] Missing Sequence Header.
[av1 @ 0x1e60f680] Missing Sequence Header.
[av1 @ 0x1e60f680] Missing Sequence Header.
[av1 @ 0x1e60f680] Missing Sequence Header.
[av1 @ 0x1e60f680] Missing Sequence Header.
[av1 @ 0x1e60f680] Missing Sequence Header.
[av1 @ 0x1e60f680] Missing Sequence Header.
[av1 @ 0x1e60f680] Missing Sequence Header.
[av1 @ 0x1e60f680] Missing Sequence Header.
[av1 @ 0x1e60f680] Missing Sequence Header.
[av1 @ 0x1e60f680] Missing Sequence Header.
[av1 @ 0x1e60f680] Missing Sequence Header.
[av1 @ 0x1e60f680] Missing Sequence Header.
[av1 @ 0x1e60f680] Missing Sequence Header.
[av1 @ 0x1e60f680] Missing Sequence Header.
[av1 @ 0x1e60f680] Missing Sequence Header.
[av1 @ 0x1e60f680] Missing Sequence Header.
[av1 @ 0x1e60f680] Missing Sequence Header.
[av1 @ 0x1e60f680] Missing Sequence Header.
[av1 @ 0x1e60f680] Missing Sequence Header.
[av1 @ 0x1e60f680] Missing Sequence Header.
[av1 @ 0x1e60f680] Missing Sequence Header.
[av1 @ 0x1e60f680] Missing Sequence Header.
[av1 @ 0x1e60f680] Missing Sequence Header.
[av1 @ 0x1e60f680] Missing Sequence Header.
[av1 @ 0x1e60f680] Missing Sequence Header.
[av1 @ 0x1e60f680] Missing Sequence Header.
[av1 @ 0x1e60f680] Missing Sequence Header.
[av1 @ 0x1dfbca00] Your platform doesn't suppport hardware accelerated AV1 decoding.
[av1 @ 0x1dfbca00] Failed to get pixel format.

Processing frames:   0%|          | 0/48 [00:00<?, ?it/s]
Processing frames:   2%|▏         | 1/48 [00:00<00:38,  1.21it/s]
Processing frames:   4%|▍         | 2/48 [00:01<00:38,  1.21it/s]
Processing frames:   6%|▋         | 3/48 [00:02<00:36,  1.23it/s]
Processing frames:   8%|▊         | 4/48 [00:03<00:35,  1.24it/s]
Processing frames:  10%|█         | 5/48 [00:04<00:34,  1.25it/s]
Processing frames:  12%|█▎        | 6/48 [00:04<00:33,  1.25it/s]
Processing frames:  15%|█▍        | 7/48 [00:05<00:32,  1.25it/s]
Processing frames:  17%|█▋        | 8/48 [00:06<00:32,  1.24it/s]
Processing frames:  19%|█▉        | 9/48 [00:07<00:31,  1.25it/s]
Processing frames:  21%|██        | 10/48 [00:08<00:30,  1.23it/s]
Processing frames:  23%|██▎       | 11/48 [00:08<00:29,  1.24it/s]
Processing frames:  25%|██▌       | 12/48 [00:09<00:29,  1.24it/s]
Processing frames:  27%|██▋       | 13/48 [00:10<00:28,  1.24it/s]
Processing frames:  29%|██▉       | 14/48 [00:11<00:27,  1.24it/s]
Processing frames:  31%|███▏      | 15/48 [00:12<00:26,  1.23it/s]
Processing frames:  33%|███▎      | 16/48 [00:12<00:25,  1.23it/s]
Processing frames:  35%|███▌      | 17/48 [00:13<00:24,  1.24it/s]
Processing frames:  38%|███▊      | 18/48 [00:14<00:24,  1.24it/s]
Processing frames:  40%|███▉      | 19/48 [00:15<00:23,  1.24it/s]
Processing frames:  42%|████▏     | 20/48 [00:16<00:22,  1.22it/s]
Processing frames:  44%|████▍     | 21/48 [00:16<00:22,  1.22it/s]
Processing frames:  46%|████▌     | 22/48 [00:17<00:21,  1.21it/s]
Processing frames:  48%|████▊     | 23/48 [00:18<00:20,  1.21it/s]
Processing frames:  50%|█████     | 24/48 [00:19<00:19,  1.21it/s]
Processing frames:  52%|█████▏    | 25/48 [00:20<00:18,  1.21it/s]
Processing frames:  54%|█████▍    | 26/48 [00:21<00:18,  1.22it/s]
Processing frames:  56%|█████▋    | 27/48 [00:21<00:17,  1.20it/s]
Processing frames:  58%|█████▊    | 28/48 [00:22<00:16,  1.20it/s]
Processing frames:  60%|██████    | 29/48 [00:23<00:15,  1.19it/s]
Processing frames:  62%|██████▎   | 30/48 [00:24<00:15,  1.19it/s]
Processing frames:  65%|██████▍   | 31/48 [00:25<00:14,  1.19it/s]
Processing frames:  67%|██████▋   | 32/48 [00:26<00:13,  1.19it/s]
Processing frames:  69%|██████▉   | 33/48 [00:27<00:12,  1.17it/s]
Processing frames:  71%|███████   | 34/48 [00:27<00:11,  1.17it/s]
Processing frames:  73%|███████▎  | 35/48 [00:28<00:11,  1.16it/s]
Processing frames:  75%|███████▌  | 36/48 [00:29<00:10,  1.17it/s]
Processing frames:  77%|███████▋  | 37/48 [00:30<00:09,  1.19it/s]
Processing frames:  79%|███████▉  | 38/48 [00:31<00:08,  1.20it/s]
Processing frames:  81%|████████▏ | 39/48 [00:32<00:07,  1.20it/s]
Processing frames:  83%|████████▎ | 40/48 [00:32<00:06,  1.20it/s]
Processing frames:  85%|████████▌ | 41/48 [00:33<00:05,  1.20it/s]
Processing frames:  88%|████████▊ | 42/48 [00:34<00:05,  1.20it/s]
Processing frames:  90%|████████▉ | 43/48 [00:35<00:04,  1.20it/s]
Processing frames:  92%|█████████▏| 44/48 [00:36<00:03,  1.16it/s]
Processing frames:  94%|█████████▍| 45/48 [00:37<00:02,  1.12it/s]
Processing frames:  96%|█████████▌| 46/48 [00:38<00:01,  1.10it/s]
Processing frames:  98%|█████████▊| 47/48 [00:39<00:00,  1.08it/s]
Processing frames: 100%|██████████| 48/48 [00:40<00:00,  1.13it/s]
Processing frames: 100%|██████████| 48/48 [00:40<00:00,  1.20it/s]

Processing frames:   0%|          | 0/59 [00:00<?, ?it/s]
Processing frames:   2%|▏         | 1/59 [00:00<00:23,  2.46it/s]
Processing frames:   3%|▎         | 2/59 [00:00<00:23,  2.44it/s]
Processing frames:   5%|▌         | 3/59 [00:01<00:23,  2.40it/s]
Processing frames:   7%|▋         | 4/59 [00:01<00:22,  2.41it/s]
Processing frames:   8%|▊         | 5/59 [00:02<00:22,  2.38it/s]
Processing frames:  10%|█         | 6/59 [00:02<00:22,  2.35it/s]
Processing frames:  12%|█▏        | 7/59 [00:02<00:21,  2.38it/s]
Processing frames:  14%|█▎        | 8/59 [00:03<00:22,  2.29it/s]
Processing frames:  15%|█▌        | 9/59 [00:03<00:21,  2.28it/s]
Processing frames:  17%|█▋        | 10/59 [00:04<00:21,  2.33it/s]
Processing frames:  19%|█▊        | 11/59 [00:04<00:20,  2.34it/s]
Processing frames:  20%|██        | 12/59 [00:05<00:20,  2.24it/s]
Processing frames:  22%|██▏       | 13/59 [00:05<00:20,  2.27it/s]
Processing frames:  24%|██▎       | 14/59 [00:06<00:19,  2.30it/s]
Processing frames:  25%|██▌       | 15/59 [00:06<00:18,  2.33it/s]
Processing frames:  27%|██▋       | 16/59 [00:06<00:18,  2.34it/s]
Processing frames:  29%|██▉       | 17/59 [00:07<00:18,  2.32it/s]
Processing frames:  31%|███       | 18/59 [00:07<00:17,  2.34it/s]
Processing frames:  32%|███▏      | 19/59 [00:08<00:17,  2.35it/s]
Processing frames:  34%|███▍      | 20/59 [00:08<00:16,  2.34it/s]
Processing frames:  36%|███▌      | 21/59 [00:08<00:15,  2.38it/s]
Processing frames:  37%|███▋      | 22/59 [00:09<00:15,  2.41it/s]
Processing frames:  39%|███▉      | 23/59 [00:09<00:14,  2.41it/s]
Processing frames:  41%|████      | 24/59 [00:10<00:14,  2.36it/s]
Processing frames:  42%|████▏     | 25/59 [00:10<00:14,  2.39it/s]
Processing frames:  44%|████▍     | 26/59 [00:11<00:13,  2.41it/s]
Processing frames:  46%|████▌     | 27/59 [00:11<00:13,  2.40it/s]
Processing frames:  47%|████▋     | 28/59 [00:11<00:12,  2.39it/s]
Processing frames:  49%|████▉     | 29/59 [00:12<00:12,  2.39it/s]
Processing frames:  51%|█████     | 30/59 [00:12<00:13,  2.10it/s]
Processing frames:  53%|█████▎    | 31/59 [00:13<00:12,  2.16it/s]
Processing frames:  54%|█████▍    | 32/59 [00:13<00:12,  2.21it/s]
Processing frames:  56%|█████▌    | 33/59 [00:14<00:11,  2.20it/s]
Processing frames:  58%|█████▊    | 34/59 [00:14<00:11,  2.17it/s]
Processing frames:  59%|█████▉    | 35/59 [00:15<00:10,  2.20it/s]
Processing frames:  61%|██████    | 36/59 [00:15<00:10,  2.23it/s]
Processing frames:  63%|██████▎   | 37/59 [00:16<00:09,  2.28it/s]
Processing frames:  64%|██████▍   | 38/59 [00:16<00:09,  2.30it/s]
Processing frames:  66%|██████▌   | 39/59 [00:16<00:08,  2.31it/s]
Processing frames:  68%|██████▊   | 40/59 [00:17<00:08,  2.35it/s]
Processing frames:  69%|██████▉   | 41/59 [00:17<00:07,  2.35it/s]
Processing frames:  71%|███████   | 42/59 [00:18<00:07,  2.34it/s]
Processing frames:  73%|███████▎  | 43/59 [00:18<00:06,  2.38it/s]
Processing frames:  75%|███████▍  | 44/59 [00:18<00:06,  2.42it/s]
Processing frames:  76%|███████▋  | 45/59 [00:19<00:05,  2.45it/s]
Processing frames:  78%|███████▊  | 46/59 [00:19<00:05,  2.46it/s]
Processing frames:  80%|███████▉  | 47/59 [00:20<00:04,  2.44it/s]
Processing frames:  81%|████████▏ | 48/59 [00:20<00:04,  2.37it/s]
Processing frames:  83%|████████▎ | 49/59 [00:21<00:04,  2.36it/s]
Processing frames:  85%|████████▍ | 50/59 [00:21<00:03,  2.37it/s]
Processing frames:  86%|████████▋ | 51/59 [00:21<00:03,  2.36it/s]
Processing frames:  88%|████████▊ | 52/59 [00:22<00:02,  2.36it/s]
Processing frames:  90%|████████▉ | 53/59 [00:22<00:02,  2.35it/s]
Processing frames:  92%|█████████▏| 54/59 [00:23<00:02,  2.39it/s]
Processing frames:  93%|█████████▎| 55/59 [00:23<00:01,  2.39it/s]
Processing frames:  95%|█████████▍| 56/59 [00:23<00:01,  2.40it/s]
Processing frames:  97%|█████████▋| 57/59 [00:24<00:00,  2.40it/s]
Processing frames:  98%|█████████▊| 58/59 [00:24<00:00,  2.23it/s]
Processing frames: 100%|██████████| 59/59 [00:25<00:00,  2.28it/s]
Processing frames: 100%|██████████| 59/59 [00:25<00:00,  2.33it/s]

Processing frames:   0%|          | 0/9 [00:00<?, ?it/s]
Processing frames:  11%|█         | 1/9 [00:00<00:02,  3.01it/s]
Processing frames:  22%|██▏       | 2/9 [00:00<00:02,  2.94it/s]
Processing frames:  33%|███▎      | 3/9 [00:01<00:02,  2.98it/s]
Processing frames:  44%|████▍     | 4/9 [00:01<00:01,  2.92it/s]
Processing frames:  56%|█████▌    | 5/9 [00:01<00:01,  2.97it/s]
Processing frames:  67%|██████▋   | 6/9 [00:02<00:01,  2.95it/s]
Processing frames:  78%|███████▊  | 7/9 [00:02<00:00,  2.95it/s]
Processing frames:  89%|████████▉ | 8/9 [00:02<00:00,  2.98it/s]
Processing frames: 100%|██████████| 9/9 [00:03<00:00,  3.01it/s]
Processing frames: 100%|██████████| 9/9 [00:03<00:00,  2.98it/s]

Processing frames:   0%|          | 0/12 [00:00<?, ?it/s]
Processing frames:   8%|▊         | 1/12 [00:00<00:08,  1.24it/s]
Processing frames:  17%|█▋        | 2/12 [00:01<00:08,  1.24it/s]
Processing frames:  25%|██▌       | 3/12 [00:02<00:07,  1.24it/s]
Processing frames:  33%|███▎      | 4/12 [00:03<00:06,  1.23it/s]
Processing frames:  42%|████▏     | 5/12 [00:04<00:05,  1.22it/s]
Processing frames:  50%|█████     | 6/12 [00:04<00:04,  1.21it/s]
Processing frames:  58%|█████▊    | 7/12 [00:05<00:04,  1.22it/s]
Processing frames:  67%|██████▋   | 8/12 [00:06<00:03,  1.22it/s]
Processing frames:  75%|███████▌  | 9/12 [00:07<00:02,  1.23it/s]
Processing frames:  83%|████████▎ | 10/12 [00:08<00:01,  1.21it/s]
Processing frames:  92%|█████████▏| 11/12 [00:08<00:00,  1.23it/s]
Processing frames: 100%|██████████| 12/12 [00:09<00:00,  1.25it/s]
Processing frames: 100%|██████████| 12/12 [00:09<00:00,  1.23it/s]

Processing frames:   0%|          | 0/176 [00:00<?, ?it/s]
Processing frames:   1%|          | 1/176 [00:00<01:17,  2.27it/s]
Processing frames:   1%|          | 2/176 [00:00<01:15,  2.30it/s]
Processing frames:   2%|▏         | 3/176 [00:01<01:29,  1.93it/s]
Processing frames:   2%|▏         | 4/176 [00:01<01:22,  2.09it/s]
Processing frames:   3%|▎         | 5/176 [00:02<01:18,  2.17it/s]
Processing frames:   3%|▎         | 6/176 [00:02<01:14,  2.27it/s]
Processing frames:   4%|▍         | 7/176 [00:03<01:12,  2.33it/s]
Processing frames:   5%|▍         | 8/176 [00:03<01:11,  2.35it/s]
Processing frames:   5%|▌         | 9/176 [00:03<01:10,  2.35it/s]
Processing frames:   6%|▌         | 10/176 [00:04<01:10,  2.36it/s]
Processing frames:   6%|▋         | 11/176 [00:04<01:09,  2.38it/s]
Processing frames:   7%|▋         | 12/176 [00:05<01:08,  2.40it/s]
Processing frames:   7%|▋         | 13/176 [00:05<01:08,  2.37it/s]
Processing frames:   8%|▊         | 14/176 [00:06<01:09,  2.34it/s]
Processing frames:   9%|▊         | 15/176 [00:06<01:08,  2.36it/s]
Processing frames:   9%|▉         | 16/176 [00:06<01:08,  2.34it/s]
Processing frames:  10%|▉         | 17/176 [00:07<01:07,  2.35it/s]
Processing frames:  10%|█         | 18/176 [00:07<01:06,  2.38it/s]
Processing frames:  11%|█         | 19/176 [00:08<01:04,  2.43it/s]
Processing frames:  11%|█▏        | 20/176 [00:08<01:03,  2.46it/s]
Processing frames:  12%|█▏        | 21/176 [00:08<01:03,  2.46it/s]
Processing frames:  12%|█▎        | 22/176 [00:09<01:02,  2.48it/s]
Processing frames:  13%|█▎        | 23/176 [00:09<01:02,  2.46it/s]
Processing frames:  14%|█▎        | 24/176 [00:10<01:01,  2.46it/s]
Processing frames:  14%|█▍        | 25/176 [00:10<01:00,  2.48it/s]
Processing frames:  15%|█▍        | 26/176 [00:10<01:00,  2.47it/s]
Processing frames:  15%|█▌        | 27/176 [00:11<01:00,  2.47it/s]
Processing frames:  16%|█▌        | 28/176 [00:11<01:00,  2.44it/s]
Processing frames:  16%|█▋        | 29/176 [00:12<01:01,  2.39it/s]
Processing frames:  17%|█▋        | 30/176 [00:12<01:00,  2.39it/s]
Processing frames:  18%|█▊        | 31/176 [00:13<01:00,  2.40it/s]
Processing frames:  18%|█▊        | 32/176 [00:13<01:00,  2.38it/s]
Processing frames:  19%|█▉        | 33/176 [00:13<00:59,  2.41it/s]
Processing frames:  19%|█▉        | 34/176 [00:14<00:59,  2.37it/s]
Processing frames:  20%|█▉        | 35/176 [00:14<00:59,  2.38it/s]
Processing frames:  20%|██        | 36/176 [00:15<00:58,  2.39it/s]
Processing frames:  21%|██        | 37/176 [00:15<00:57,  2.41it/s]
Processing frames:  22%|██▏       | 38/176 [00:16<00:57,  2.38it/s]
Processing frames:  22%|██▏       | 39/176 [00:16<00:57,  2.36it/s]
Processing frames:  23%|██▎       | 40/176 [00:16<00:57,  2.38it/s]
Processing frames:  23%|██▎       | 41/176 [00:17<00:56,  2.37it/s]
Processing frames:  24%|██▍       | 42/176 [00:17<01:02,  2.16it/s]
Processing frames:  24%|██▍       | 43/176 [00:18<00:59,  2.25it/s]
Processing frames:  25%|██▌       | 44/176 [00:18<00:57,  2.31it/s]
Processing frames:  26%|██▌       | 45/176 [00:19<00:56,  2.34it/s]
Processing frames:  26%|██▌       | 46/176 [00:19<00:55,  2.35it/s]
Processing frames:  27%|██▋       | 47/176 [00:19<00:53,  2.39it/s]
Processing frames:  27%|██▋       | 48/176 [00:20<00:53,  2.41it/s]
Processing frames:  28%|██▊       | 49/176 [00:20<00:52,  2.44it/s]
Processing frames:  28%|██▊       | 50/176 [00:21<00:52,  2.41it/s]
Processing frames:  29%|██▉       | 51/176 [00:21<00:51,  2.42it/s]
Processing frames:  30%|██▉       | 52/176 [00:21<00:51,  2.41it/s]
Processing frames:  30%|███       | 53/176 [00:22<00:51,  2.37it/s]
Processing frames:  31%|███       | 54/176 [00:22<00:52,  2.34it/s]
Processing frames:  31%|███▏      | 55/176 [00:23<00:51,  2.37it/s]
Processing frames:  32%|███▏      | 56/176 [00:23<00:51,  2.35it/s]
Processing frames:  32%|███▏      | 57/176 [00:24<00:49,  2.40it/s]
Processing frames:  33%|███▎      | 58/176 [00:24<00:49,  2.40it/s]
Processing frames:  34%|███▎      | 59/176 [00:24<00:48,  2.44it/s]
Processing frames:  34%|███▍      | 60/176 [00:25<00:48,  2.39it/s]
Processing frames:  35%|███▍      | 61/176 [00:25<00:47,  2.43it/s]
Processing frames:  35%|███▌      | 62/176 [00:26<00:46,  2.46it/s]
Processing frames:  36%|███▌      | 63/176 [00:26<00:46,  2.44it/s]
Processing frames:  36%|███▋      | 64/176 [00:26<00:45,  2.44it/s]
Processing frames:  37%|███▋      | 65/176 [00:27<00:45,  2.43it/s]
Processing frames:  38%|███▊      | 66/176 [00:27<00:45,  2.40it/s]
Processing frames:  38%|███▊      | 67/176 [00:28<00:46,  2.37it/s]
Processing frames:  39%|███▊      | 68/176 [00:28<00:45,  2.37it/s]
Processing frames:  39%|███▉      | 69/176 [00:29<00:45,  2.36it/s]
Processing frames:  40%|███▉      | 70/176 [00:29<00:44,  2.39it/s]
Processing frames:  40%|████      | 71/176 [00:29<00:44,  2.38it/s]
Processing frames:  41%|████      | 72/176 [00:30<00:42,  2.43it/s]
Processing frames:  41%|████▏     | 73/176 [00:30<00:41,  2.45it/s]
Processing frames:  42%|████▏     | 74/176 [00:31<00:41,  2.48it/s]
Processing frames:  43%|████▎     | 75/176 [00:31<00:41,  2.41it/s]
Processing frames:  43%|████▎     | 76/176 [00:31<00:41,  2.40it/s]
Processing frames:  44%|████▍     | 77/176 [00:32<00:40,  2.44it/s]
Processing frames:  44%|████▍     | 78/176 [00:32<00:39,  2.47it/s]
Processing frames:  45%|████▍     | 79/176 [00:33<00:39,  2.45it/s]
Processing frames:  45%|████▌     | 80/176 [00:33<00:39,  2.43it/s]
Processing frames:  46%|████▌     | 81/176 [00:33<00:38,  2.44it/s]
Processing frames:  47%|████▋     | 82/176 [00:34<00:39,  2.39it/s]
Processing frames:  47%|████▋     | 83/176 [00:34<00:38,  2.39it/s]
Processing frames:  48%|████▊     | 84/176 [00:35<00:38,  2.39it/s]
Processing frames:  48%|████▊     | 85/176 [00:35<00:37,  2.40it/s]
Processing frames:  49%|████▉     | 86/176 [00:36<00:37,  2.41it/s]
Processing frames:  49%|████▉     | 87/176 [00:36<00:36,  2.42it/s]
Processing frames:  50%|█████     | 88/176 [00:36<00:36,  2.43it/s]
Processing frames:  51%|█████     | 89/176 [00:37<00:35,  2.42it/s]
Processing frames:  51%|█████     | 90/176 [00:37<00:35,  2.43it/s]
Processing frames:  52%|█████▏    | 91/176 [00:38<00:34,  2.46it/s]
Processing frames:  52%|█████▏    | 92/176 [00:38<00:34,  2.43it/s]
Processing frames:  53%|█████▎    | 93/176 [00:38<00:34,  2.43it/s]
Processing frames:  53%|█████▎    | 94/176 [00:39<00:33,  2.41it/s]
Processing frames:  54%|█████▍    | 95/176 [00:39<00:33,  2.42it/s]
Processing frames:  55%|█████▍    | 96/176 [00:40<00:32,  2.43it/s]
Processing frames:  55%|█████▌    | 97/176 [00:40<00:32,  2.45it/s]
Processing frames:  56%|█████▌    | 98/176 [00:41<00:33,  2.32it/s]
Processing frames:  56%|█████▋    | 99/176 [00:41<00:32,  2.36it/s]
Processing frames:  57%|█████▋    | 100/176 [00:41<00:32,  2.35it/s]
Processing frames:  57%|█████▋    | 101/176 [00:42<00:32,  2.34it/s]
Processing frames:  58%|█████▊    | 102/176 [00:42<00:31,  2.36it/s]
Processing frames:  59%|█████▊    | 103/176 [00:43<00:31,  2.34it/s]
Processing frames:  59%|█████▉    | 104/176 [00:43<00:30,  2.35it/s]
Processing frames:  60%|█████▉    | 105/176 [00:44<00:29,  2.37it/s]
Processing frames:  60%|██████    | 106/176 [00:44<00:30,  2.29it/s]
Processing frames:  61%|██████    | 107/176 [00:44<00:30,  2.29it/s]
Processing frames:  61%|██████▏   | 108/176 [00:45<00:29,  2.32it/s]
Processing frames:  62%|██████▏   | 109/176 [00:45<00:28,  2.37it/s]
Processing frames:  62%|██████▎   | 110/176 [00:46<00:27,  2.37it/s]
Processing frames:  63%|██████▎   | 111/176 [00:46<00:27,  2.33it/s]
Processing frames:  64%|██████▎   | 112/176 [00:47<00:27,  2.36it/s]
Processing frames:  64%|██████▍   | 113/176 [00:47<00:26,  2.40it/s]
Processing frames:  65%|██████▍   | 114/176 [00:47<00:26,  2.38it/s]
Processing frames:  65%|██████▌   | 115/176 [00:48<00:25,  2.41it/s]
Processing frames:  66%|██████▌   | 116/176 [00:48<00:25,  2.37it/s]
Processing frames:  66%|██████▋   | 117/176 [00:49<00:25,  2.36it/s]
Processing frames:  67%|██████▋   | 118/176 [00:49<00:24,  2.39it/s]
Processing frames:  68%|██████▊   | 119/176 [00:49<00:24,  2.33it/s]
Processing frames:  68%|██████▊   | 120/176 [00:50<00:23,  2.35it/s]
Processing frames:  69%|██████▉   | 121/176 [00:50<00:23,  2.39it/s]
Processing frames:  69%|██████▉   | 122/176 [00:51<00:22,  2.39it/s]
Processing frames:  70%|██████▉   | 123/176 [00:51<00:22,  2.35it/s]
Processing frames:  70%|███████   | 124/176 [00:52<00:21,  2.39it/s]
Processing frames:  71%|███████   | 125/176 [00:52<00:21,  2.39it/s]
Processing frames:  72%|███████▏  | 126/176 [00:52<00:20,  2.42it/s]
Processing frames:  72%|███████▏  | 127/176 [00:53<00:20,  2.45it/s]
Processing frames:  73%|███████▎  | 128/176 [00:53<00:19,  2.45it/s]
Processing frames:  73%|███████▎  | 129/176 [00:54<00:19,  2.42it/s]
Processing frames:  74%|███████▍  | 130/176 [00:54<00:19,  2.34it/s]
Processing frames:  74%|███████▍  | 131/176 [00:55<00:19,  2.33it/s]
Processing frames:  75%|███████▌  | 132/176 [00:55<00:18,  2.38it/s]
Processing frames:  76%|███████▌  | 133/176 [00:55<00:17,  2.39it/s]
Processing frames:  76%|███████▌  | 134/176 [00:56<00:17,  2.36it/s]
Processing frames:  77%|███████▋  | 135/176 [00:56<00:17,  2.30it/s]
Processing frames:  77%|███████▋  | 136/176 [00:57<00:17,  2.28it/s]
Processing frames:  78%|███████▊  | 137/176 [00:57<00:16,  2.30it/s]
Processing frames:  78%|███████▊  | 138/176 [00:58<00:16,  2.35it/s]
Processing frames:  79%|███████▉  | 139/176 [00:58<00:15,  2.37it/s]
Processing frames:  80%|███████▉  | 140/176 [00:58<00:15,  2.37it/s]
Processing frames:  80%|████████  | 141/176 [00:59<00:14,  2.37it/s]
Processing frames:  81%|████████  | 142/176 [00:59<00:14,  2.39it/s]
Processing frames:  81%|████████▏ | 143/176 [01:00<00:13,  2.43it/s]
Processing frames:  82%|████████▏ | 144/176 [01:00<00:13,  2.46it/s]
Processing frames:  82%|████████▏ | 145/176 [01:00<00:12,  2.46it/s]
Processing frames:  83%|████████▎ | 146/176 [01:01<00:12,  2.41it/s]
Processing frames:  84%|████████▎ | 147/176 [01:01<00:11,  2.44it/s]
Processing frames:  84%|████████▍ | 148/176 [01:02<00:11,  2.40it/s]
Processing frames:  85%|████████▍ | 149/176 [01:02<00:11,  2.35it/s]
Processing frames:  85%|████████▌ | 150/176 [01:02<00:10,  2.37it/s]
Processing frames:  86%|████████▌ | 151/176 [01:03<00:10,  2.38it/s]
Processing frames:  86%|████████▋ | 152/176 [01:03<00:09,  2.41it/s]
Processing frames:  87%|████████▋ | 153/176 [01:04<00:09,  2.39it/s]
Processing frames:  88%|████████▊ | 154/176 [01:04<00:09,  2.39it/s]
Processing frames:  88%|████████▊ | 155/176 [01:05<00:08,  2.38it/s]
Processing frames:  89%|████████▊ | 156/176 [01:05<00:08,  2.39it/s]
Processing frames:  89%|████████▉ | 157/176 [01:05<00:07,  2.42it/s]
Processing frames:  90%|████████▉ | 158/176 [01:06<00:07,  2.41it/s]
Processing frames:  90%|█████████ | 159/176 [01:06<00:07,  2.38it/s]
Processing frames:  91%|█████████ | 160/176 [01:07<00:06,  2.38it/s]
Processing frames:  91%|█████████▏| 161/176 [01:07<00:06,  2.40it/s]
Processing frames:  92%|█████████▏| 162/176 [01:07<00:05,  2.42it/s]
Processing frames:  93%|█████████▎| 163/176 [01:08<00:05,  2.41it/s]
Processing frames:  93%|█████████▎| 164/176 [01:08<00:04,  2.43it/s]
Processing frames:  94%|█████████▍| 165/176 [01:09<00:04,  2.44it/s]
Processing frames:  94%|█████████▍| 166/176 [01:09<00:04,  2.44it/s]
Processing frames:  95%|█████████▍| 167/176 [01:10<00:03,  2.46it/s]
Processing frames:  95%|█████████▌| 168/176 [01:10<00:03,  2.45it/s]
Processing frames:  96%|█████████▌| 169/176 [01:10<00:02,  2.39it/s]
Processing frames:  97%|█████████▋| 170/176 [01:11<00:02,  2.41it/s]
Processing frames:  97%|█████████▋| 171/176 [01:11<00:02,  2.39it/s]
Processing frames:  98%|█████████▊| 172/176 [01:12<00:01,  2.39it/s]
Processing frames:  98%|█████████▊| 173/176 [01:12<00:01,  2.38it/s]
Processing frames:  99%|█████████▉| 174/176 [01:12<00:00,  2.37it/s]
Processing frames:  99%|█████████▉| 175/176 [01:13<00:00,  2.40it/s]
Processing frames: 100%|██████████| 176/176 [01:13<00:00,  2.37it/s]
Processing frames: 100%|██████████| 176/176 [01:13<00:00,  2.38it/s]

Processing frames:   0%|          | 0/136 [00:00<?, ?it/s]
Processing frames:   1%|          | 1/136 [00:00<00:26,  5.01it/s]
Processing frames:   1%|▏         | 2/136 [00:00<00:25,  5.17it/s]
Processing frames:   2%|▏         | 3/136 [00:00<00:25,  5.16it/s]
Processing frames:   3%|▎         | 4/136 [00:00<00:25,  5.15it/s]
Processing frames:   4%|▎         | 5/136 [00:00<00:25,  5.10it/s]
Processing frames:   4%|▍         | 6/136 [00:01<00:25,  5.14it/s]
Processing frames:   5%|▌         | 7/136 [00:01<00:24,  5.20it/s]
Processing frames:   6%|▌         | 8/136 [00:01<00:24,  5.26it/s]
Processing frames:   7%|▋         | 9/136 [00:01<00:24,  5.29it/s]
Processing frames:   7%|▋         | 10/136 [00:01<00:24,  5.16it/s]
Processing frames:   8%|▊         | 11/136 [00:02<00:25,  4.89it/s]
Processing frames:   9%|▉         | 12/136 [00:02<00:24,  5.02it/s]
Processing frames:  10%|▉         | 13/136 [00:02<00:24,  4.93it/s]
Processing frames:  10%|█         | 14/136 [00:02<00:24,  5.06it/s]
Processing frames:  11%|█         | 15/136 [00:02<00:24,  5.00it/s]
Processing frames:  12%|█▏        | 16/136 [00:03<00:23,  5.11it/s]
Processing frames:  12%|█▎        | 17/136 [00:03<00:22,  5.19it/s]
Processing frames:  13%|█▎        | 18/136 [00:03<00:22,  5.24it/s]
Processing frames:  14%|█▍        | 19/136 [00:03<00:22,  5.28it/s]
Processing frames:  15%|█▍        | 20/136 [00:03<00:21,  5.31it/s]
Processing frames:  15%|█▌        | 21/136 [00:04<00:21,  5.32it/s]
Processing frames:  16%|█▌        | 22/136 [00:04<00:21,  5.25it/s]
Processing frames:  17%|█▋        | 23/136 [00:04<00:22,  5.11it/s]
Processing frames:  18%|█▊        | 24/136 [00:04<00:21,  5.19it/s]
Processing frames:  18%|█▊        | 25/136 [00:04<00:21,  5.12it/s]
Processing frames:  19%|█▉        | 26/136 [00:05<00:21,  5.18it/s]
Processing frames:  20%|█▉        | 27/136 [00:05<00:21,  5.15it/s]
Processing frames:  21%|██        | 28/136 [00:05<00:20,  5.22it/s]
Processing frames:  21%|██▏       | 29/136 [00:05<00:20,  5.18it/s]
Processing frames:  22%|██▏       | 30/136 [00:05<00:20,  5.23it/s]
Processing frames:  23%|██▎       | 31/136 [00:06<00:21,  5.00it/s]
Processing frames:  24%|██▎       | 32/136 [00:06<00:20,  5.10it/s]
Processing frames:  24%|██▍       | 33/136 [00:06<00:20,  5.04it/s]
Processing frames:  25%|██▌       | 34/136 [00:06<00:19,  5.14it/s]
Processing frames:  26%|██▌       | 35/136 [00:06<00:19,  5.21it/s]
Processing frames:  26%|██▋       | 36/136 [00:06<00:19,  5.19it/s]
Processing frames:  27%|██▋       | 37/136 [00:07<00:18,  5.23it/s]
Processing frames:  28%|██▊       | 38/136 [00:07<00:18,  5.27it/s]
Processing frames:  29%|██▊       | 39/136 [00:07<00:18,  5.22it/s]
Processing frames:  29%|██▉       | 40/136 [00:07<00:18,  5.13it/s]
Processing frames:  30%|███       | 41/136 [00:07<00:18,  5.19it/s]
Processing frames:  31%|███       | 42/136 [00:08<00:18,  5.13it/s]
Processing frames:  32%|███▏      | 43/136 [00:08<00:17,  5.20it/s]
Processing frames:  32%|███▏      | 44/136 [00:08<00:17,  5.23it/s]
Processing frames:  33%|███▎      | 45/136 [00:08<00:17,  5.17it/s]
Processing frames:  34%|███▍      | 46/136 [00:08<00:17,  5.11it/s]
Processing frames:  35%|███▍      | 47/136 [00:09<00:17,  5.18it/s]
Processing frames:  35%|███▌      | 48/136 [00:09<00:16,  5.23it/s]
Processing frames:  36%|███▌      | 49/136 [00:09<00:16,  5.27it/s]
Processing frames:  37%|███▋      | 50/136 [00:09<00:16,  5.30it/s]
Processing frames:  38%|███▊      | 51/136 [00:09<00:15,  5.32it/s]
Processing frames:  38%|███▊      | 52/136 [00:10<00:15,  5.33it/s]
Processing frames:  39%|███▉      | 53/136 [00:10<00:15,  5.34it/s]
Processing frames:  40%|███▉      | 54/136 [00:10<00:15,  5.34it/s]
Processing frames:  40%|████      | 55/136 [00:10<00:15,  5.34it/s]
Processing frames:  41%|████      | 56/136 [00:10<00:14,  5.35it/s]
Processing frames:  42%|████▏     | 57/136 [00:11<00:15,  5.12it/s]
Processing frames:  43%|████▎     | 58/136 [00:11<00:15,  5.19it/s]
Processing frames:  43%|████▎     | 59/136 [00:11<00:15,  5.12it/s]
Processing frames:  44%|████▍     | 60/136 [00:11<00:14,  5.08it/s]
Processing frames:  45%|████▍     | 61/136 [00:11<00:15,  4.81it/s]
Processing frames:  46%|████▌     | 62/136 [00:12<00:14,  4.97it/s]
Processing frames:  46%|████▋     | 63/136 [00:12<00:14,  5.00it/s]
Processing frames:  47%|████▋     | 64/136 [00:12<00:14,  5.10it/s]
Processing frames:  48%|████▊     | 65/136 [00:12<00:14,  5.07it/s]
Processing frames:  49%|████▊     | 66/136 [00:12<00:13,  5.10it/s]
Processing frames:  49%|████▉     | 67/136 [00:12<00:13,  5.17it/s]
Processing frames:  50%|█████     | 68/136 [00:13<00:13,  5.22it/s]
Processing frames:  51%|█████     | 69/136 [00:13<00:12,  5.25it/s]
Processing frames:  51%|█████▏    | 70/136 [00:13<00:13,  4.91it/s]
Processing frames:  52%|█████▏    | 71/136 [00:13<00:13,  4.80it/s]
Processing frames:  53%|█████▎    | 72/136 [00:13<00:12,  4.95it/s]
Processing frames:  54%|█████▎    | 73/136 [00:14<00:12,  5.07it/s]
Processing frames:  54%|█████▍    | 74/136 [00:14<00:12,  5.15it/s]
Processing frames:  55%|█████▌    | 75/136 [00:14<00:11,  5.11it/s]
Processing frames:  56%|█████▌    | 76/136 [00:14<00:14,  4.11it/s]
Processing frames:  57%|█████▋    | 77/136 [00:15<00:13,  4.33it/s]
Processing frames:  57%|█████▋    | 78/136 [00:15<00:12,  4.53it/s]
Processing frames:  58%|█████▊    | 79/136 [00:15<00:11,  4.75it/s]
Processing frames:  59%|█████▉    | 80/136 [00:15<00:11,  4.92it/s]
Processing frames:  60%|█████▉    | 81/136 [00:15<00:10,  5.05it/s]
Processing frames:  60%|██████    | 82/136 [00:16<00:10,  5.14it/s]
Processing frames:  61%|██████    | 83/136 [00:16<00:10,  5.20it/s]
Processing frames:  62%|██████▏   | 84/136 [00:16<00:09,  5.25it/s]
Processing frames:  62%|██████▎   | 85/136 [00:16<00:09,  5.15it/s]
Processing frames:  63%|██████▎   | 86/136 [00:16<00:09,  5.11it/s]
Processing frames:  64%|██████▍   | 87/136 [00:17<00:09,  5.10it/s]
Processing frames:  65%|██████▍   | 88/136 [00:17<00:09,  5.17it/s]
Processing frames:  65%|██████▌   | 89/136 [00:17<00:09,  5.08it/s]
Processing frames:  66%|██████▌   | 90/136 [00:17<00:09,  5.07it/s]
Processing frames:  67%|██████▋   | 91/136 [00:17<00:08,  5.00it/s]
Processing frames:  68%|██████▊   | 92/136 [00:18<00:08,  4.94it/s]
Processing frames:  68%|██████▊   | 93/136 [00:18<00:08,  5.05it/s]
Processing frames:  69%|██████▉   | 94/136 [00:18<00:08,  5.14it/s]
Processing frames:  70%|██████▉   | 95/136 [00:18<00:07,  5.19it/s]
Processing frames:  71%|███████   | 96/136 [00:18<00:07,  5.21it/s]
Processing frames:  71%|███████▏  | 97/136 [00:18<00:07,  5.26it/s]
Processing frames:  72%|███████▏  | 98/136 [00:19<00:07,  4.92it/s]
Processing frames:  73%|███████▎  | 99/136 [00:19<00:07,  4.99it/s]
Processing frames:  74%|███████▎  | 100/136 [00:19<00:07,  5.09it/s]
Processing frames:  74%|███████▍  | 101/136 [00:19<00:06,  5.16it/s]
Processing frames:  75%|███████▌  | 102/136 [00:19<00:06,  5.11it/s]
Processing frames:  76%|███████▌  | 103/136 [00:20<00:06,  5.18it/s]
Processing frames:  76%|███████▋  | 104/136 [00:20<00:06,  5.09it/s]
Processing frames:  77%|███████▋  | 105/136 [00:20<00:06,  5.10it/s]
Processing frames:  78%|███████▊  | 106/136 [00:20<00:05,  5.18it/s]
Processing frames:  79%|███████▊  | 107/136 [00:20<00:05,  5.10it/s]
Processing frames:  79%|███████▉  | 108/136 [00:21<00:05,  5.18it/s]
Processing frames:  80%|████████  | 109/136 [00:21<00:05,  5.23it/s]
Processing frames:  81%|████████  | 110/136 [00:21<00:05,  5.08it/s]
Processing frames:  82%|████████▏ | 111/136 [00:21<00:04,  5.09it/s]
Processing frames:  82%|████████▏ | 112/136 [00:21<00:04,  5.16it/s]
Processing frames:  83%|████████▎ | 113/136 [00:22<00:04,  4.93it/s]
Processing frames:  84%|████████▍ | 114/136 [00:22<00:04,  4.96it/s]
Processing frames:  85%|████████▍ | 115/136 [00:22<00:04,  4.88it/s]
Processing frames:  85%|████████▌ | 116/136 [00:22<00:03,  5.02it/s]
Processing frames:  86%|████████▌ | 117/136 [00:22<00:03,  5.03it/s]
Processing frames:  87%|████████▋ | 118/136 [00:23<00:03,  5.12it/s]
Processing frames:  88%|████████▊ | 119/136 [00:23<00:03,  5.18it/s]
Processing frames:  88%|████████▊ | 120/136 [00:23<00:03,  5.23it/s]
Processing frames:  89%|████████▉ | 121/136 [00:23<00:02,  5.27it/s]
Processing frames:  90%|████████▉ | 122/136 [00:23<00:02,  5.29it/s]
Processing frames:  90%|█████████ | 123/136 [00:24<00:02,  5.31it/s]
Processing frames:  91%|█████████ | 124/136 [00:24<00:02,  5.23it/s]
Processing frames:  92%|█████████▏| 125/136 [00:24<00:02,  5.14it/s]
Processing frames:  93%|█████████▎| 126/136 [00:24<00:01,  5.03it/s]
Processing frames:  93%|█████████▎| 127/136 [00:24<00:01,  5.12it/s]
Processing frames:  94%|█████████▍| 128/136 [00:25<00:01,  5.07it/s]
Processing frames:  95%|█████████▍| 129/136 [00:25<00:01,  5.05it/s]
Processing frames:  96%|█████████▌| 130/136 [00:25<00:01,  5.13it/s]
Processing frames:  96%|█████████▋| 131/136 [00:25<00:00,  5.13it/s]
Processing frames:  97%|█████████▋| 132/136 [00:25<00:00,  5.18it/s]
Processing frames:  98%|█████████▊| 133/136 [00:26<00:00,  5.23it/s]
Processing frames:  99%|█████████▊| 134/136 [00:26<00:00,  5.05it/s]
Processing frames:  99%|█████████▉| 135/136 [00:26<00:00,  4.90it/s]
Processing frames: 100%|██████████| 136/136 [00:26<00:00,  4.79it/s]
Processing frames: 100%|██████████| 136/136 [00:26<00:00,  5.10it/s]

Processing frames:   0%|          | 0/212 [00:00<?, ?it/s]
Processing frames:   0%|          | 1/212 [00:00<01:38,  2.15it/s]
Processing frames:   1%|          | 2/212 [00:00<01:33,  2.23it/s]
Processing frames:   1%|▏         | 3/212 [00:01<01:31,  2.27it/s]
Processing frames:   2%|▏         | 4/212 [00:01<01:30,  2.29it/s]
Processing frames:   2%|▏         | 5/212 [00:02<01:31,  2.27it/s]
Processing frames:   3%|▎         | 6/212 [00:02<01:30,  2.29it/s]
Processing frames:   3%|▎         | 7/212 [00:03<01:29,  2.28it/s]
Processing frames:   4%|▍         | 8/212 [00:03<01:29,  2.29it/s]
Processing frames:   4%|▍         | 9/212 [00:03<01:28,  2.29it/s]
Processing frames:   5%|▍         | 10/212 [00:04<01:30,  2.24it/s]
Processing frames:   5%|▌         | 11/212 [00:04<01:32,  2.18it/s]
Processing frames:   6%|▌         | 12/212 [00:05<01:31,  2.18it/s]
Processing frames:   6%|▌         | 13/212 [00:05<01:29,  2.22it/s]
Processing frames:   7%|▋         | 14/212 [00:06<01:30,  2.19it/s]
Processing frames:   7%|▋         | 15/212 [00:06<01:29,  2.19it/s]
Processing frames:   8%|▊         | 16/212 [00:07<01:28,  2.23it/s]
Processing frames:   8%|▊         | 17/212 [00:07<01:30,  2.16it/s]
Processing frames:   8%|▊         | 18/212 [00:08<01:28,  2.19it/s]
Processing frames:   9%|▉         | 19/212 [00:08<01:27,  2.20it/s]
Processing frames:   9%|▉         | 20/212 [00:08<01:25,  2.23it/s]
Processing frames:  10%|▉         | 21/212 [00:09<01:24,  2.25it/s]
Processing frames:  10%|█         | 22/212 [00:09<01:25,  2.23it/s]
Processing frames:  11%|█         | 23/212 [00:10<01:23,  2.26it/s]
Processing frames:  11%|█▏        | 24/212 [00:10<01:22,  2.27it/s]
Processing frames:  12%|█▏        | 25/212 [00:11<01:21,  2.30it/s]
Processing frames:  12%|█▏        | 26/212 [00:11<01:20,  2.30it/s]
Processing frames:  13%|█▎        | 27/212 [00:12<01:20,  2.29it/s]
Processing frames:  13%|█▎        | 28/212 [00:12<01:20,  2.28it/s]
Processing frames:  14%|█▎        | 29/212 [00:12<01:19,  2.29it/s]
Processing frames:  14%|█▍        | 30/212 [00:13<01:19,  2.30it/s]
Processing frames:  15%|█▍        | 31/212 [00:13<01:28,  2.04it/s]
Processing frames:  15%|█▌        | 32/212 [00:14<01:24,  2.12it/s]
Processing frames:  16%|█▌        | 33/212 [00:14<01:22,  2.16it/s]
Processing frames:  16%|█▌        | 34/212 [00:15<01:21,  2.18it/s]
Processing frames:  17%|█▋        | 35/212 [00:15<01:19,  2.22it/s]
Processing frames:  17%|█▋        | 36/212 [00:16<01:18,  2.24it/s]
Processing frames:  17%|█▋        | 37/212 [00:16<01:16,  2.28it/s]
Processing frames:  18%|█▊        | 38/212 [00:16<01:15,  2.32it/s]
Processing frames:  18%|█▊        | 39/212 [00:17<01:15,  2.31it/s]
Processing frames:  19%|█▉        | 40/212 [00:17<01:14,  2.30it/s]
Processing frames:  19%|█▉        | 41/212 [00:18<01:14,  2.31it/s]
Processing frames:  20%|█▉        | 42/212 [00:18<01:12,  2.34it/s]
Processing frames:  20%|██        | 43/212 [00:19<01:14,  2.28it/s]
Processing frames:  21%|██        | 44/212 [00:19<01:12,  2.32it/s]
Processing frames:  21%|██        | 45/212 [00:20<01:11,  2.33it/s]
Processing frames:  22%|██▏       | 46/212 [00:20<01:11,  2.32it/s]
Processing frames:  22%|██▏       | 47/212 [00:20<01:11,  2.32it/s]
Processing frames:  23%|██▎       | 48/212 [00:21<01:10,  2.33it/s]
Processing frames:  23%|██▎       | 49/212 [00:21<01:10,  2.30it/s]
Processing frames:  24%|██▎       | 50/212 [00:22<01:10,  2.31it/s]
Processing frames:  24%|██▍       | 51/212 [00:22<01:08,  2.35it/s]
Processing frames:  25%|██▍       | 52/212 [00:23<01:08,  2.34it/s]
Processing frames:  25%|██▌       | 53/212 [00:23<01:07,  2.34it/s]
Processing frames:  25%|██▌       | 54/212 [00:23<01:07,  2.34it/s]
Processing frames:  26%|██▌       | 55/212 [00:24<01:07,  2.33it/s]
Processing frames:  26%|██▋       | 56/212 [00:24<01:07,  2.31it/s]
Processing frames:  27%|██▋       | 57/212 [00:25<01:06,  2.32it/s]
Processing frames:  27%|██▋       | 58/212 [00:25<01:11,  2.15it/s]
Processing frames:  28%|██▊       | 59/212 [00:26<01:10,  2.18it/s]
Processing frames:  28%|██▊       | 60/212 [00:26<01:07,  2.24it/s]
Processing frames:  29%|██▉       | 61/212 [00:27<01:10,  2.14it/s]
Processing frames:  29%|██▉       | 62/212 [00:27<01:08,  2.20it/s]
Processing frames:  30%|██▉       | 63/212 [00:27<01:06,  2.25it/s]
Processing frames:  30%|███       | 64/212 [00:28<01:05,  2.26it/s]
Processing frames:  31%|███       | 65/212 [00:28<01:04,  2.29it/s]
Processing frames:  31%|███       | 66/212 [00:29<01:03,  2.29it/s]
Processing frames:  32%|███▏      | 67/212 [00:29<01:02,  2.31it/s]
Processing frames:  32%|███▏      | 68/212 [00:30<01:02,  2.30it/s]
Processing frames:  33%|███▎      | 69/212 [00:30<01:01,  2.31it/s]
Processing frames:  33%|███▎      | 70/212 [00:30<01:01,  2.30it/s]
Processing frames:  33%|███▎      | 71/212 [00:31<01:01,  2.31it/s]
Processing frames:  34%|███▍      | 72/212 [00:31<01:00,  2.33it/s]
Processing frames:  34%|███▍      | 73/212 [00:32<01:00,  2.31it/s]
Processing frames:  35%|███▍      | 74/212 [00:32<00:59,  2.31it/s]
Processing frames:  35%|███▌      | 75/212 [00:33<00:58,  2.32it/s]
Processing frames:  36%|███▌      | 76/212 [00:33<00:58,  2.31it/s]
Processing frames:  36%|███▋      | 77/212 [00:33<00:58,  2.29it/s]
Processing frames:  37%|███▋      | 78/212 [00:34<00:57,  2.32it/s]
Processing frames:  37%|███▋      | 79/212 [00:34<00:58,  2.29it/s]
Processing frames:  38%|███▊      | 80/212 [00:35<00:57,  2.31it/s]
Processing frames:  38%|███▊      | 81/212 [00:35<00:57,  2.29it/s]
Processing frames:  39%|███▊      | 82/212 [00:36<00:57,  2.27it/s]
Processing frames:  39%|███▉      | 83/212 [00:36<00:57,  2.25it/s]
Processing frames:  40%|███▉      | 84/212 [00:37<00:56,  2.26it/s]
Processing frames:  40%|████      | 85/212 [00:37<00:56,  2.24it/s]
Processing frames:  41%|████      | 86/212 [00:37<00:57,  2.21it/s]
Processing frames:  41%|████      | 87/212 [00:38<00:56,  2.22it/s]
Processing frames:  42%|████▏     | 88/212 [00:38<00:55,  2.23it/s]
Processing frames:  42%|████▏     | 89/212 [00:39<00:54,  2.27it/s]
Processing frames:  42%|████▏     | 90/212 [00:39<00:53,  2.27it/s]
Processing frames:  43%|████▎     | 91/212 [00:40<00:52,  2.29it/s]
Processing frames:  43%|████▎     | 92/212 [00:40<00:52,  2.31it/s]
Processing frames:  44%|████▍     | 93/212 [00:41<00:51,  2.30it/s]
Processing frames:  44%|████▍     | 94/212 [00:41<00:51,  2.30it/s]
Processing frames:  45%|████▍     | 95/212 [00:41<00:50,  2.31it/s]
Processing frames:  45%|████▌     | 96/212 [00:42<00:50,  2.29it/s]
Processing frames:  46%|████▌     | 97/212 [00:42<00:50,  2.30it/s]
Processing frames:  46%|████▌     | 98/212 [00:43<00:49,  2.30it/s]
Processing frames:  47%|████▋     | 99/212 [00:43<00:49,  2.28it/s]
Processing frames:  47%|████▋     | 100/212 [00:44<00:49,  2.28it/s]
Processing frames:  48%|████▊     | 101/212 [00:44<00:48,  2.28it/s]
Processing frames:  48%|████▊     | 102/212 [00:44<00:48,  2.28it/s]
Processing frames:  49%|████▊     | 103/212 [00:45<00:48,  2.23it/s]
Processing frames:  49%|████▉     | 104/212 [00:45<00:47,  2.26it/s]
Processing frames:  50%|████▉     | 105/212 [00:46<00:46,  2.28it/s]
Processing frames:  50%|█████     | 106/212 [00:46<00:46,  2.30it/s]
Processing frames:  50%|█████     | 107/212 [00:47<00:45,  2.29it/s]
Processing frames:  51%|█████     | 108/212 [00:47<00:44,  2.31it/s]
Processing frames:  51%|█████▏    | 109/212 [00:48<00:44,  2.31it/s]
Processing frames:  52%|█████▏    | 110/212 [00:48<00:44,  2.30it/s]
Processing frames:  52%|█████▏    | 111/212 [00:48<00:43,  2.33it/s]
Processing frames:  53%|█████▎    | 112/212 [00:49<00:43,  2.31it/s]
Processing frames:  53%|█████▎    | 113/212 [00:49<00:43,  2.29it/s]
Processing frames:  54%|█████▍    | 114/212 [00:50<00:42,  2.28it/s]
Processing frames:  54%|█████▍    | 115/212 [00:50<00:42,  2.29it/s]
Processing frames:  55%|█████▍    | 116/212 [00:51<00:41,  2.30it/s]
Processing frames:  55%|█████▌    | 117/212 [00:51<00:41,  2.30it/s]
Processing frames:  56%|█████▌    | 118/212 [00:51<00:40,  2.30it/s]
Processing frames:  56%|█████▌    | 119/212 [00:52<00:40,  2.32it/s]
Processing frames:  57%|█████▋    | 120/212 [00:52<00:39,  2.33it/s]
Processing frames:  57%|█████▋    | 121/212 [00:53<00:38,  2.34it/s]
Processing frames:  58%|█████▊    | 122/212 [00:53<00:38,  2.36it/s]
Processing frames:  58%|█████▊    | 123/212 [00:54<00:37,  2.35it/s]
Processing frames:  58%|█████▊    | 124/212 [00:54<00:37,  2.33it/s]
Processing frames:  59%|█████▉    | 125/212 [00:54<00:37,  2.33it/s]
Processing frames:  59%|█████▉    | 126/212 [00:55<00:36,  2.36it/s]
Processing frames:  60%|█████▉    | 127/212 [00:55<00:36,  2.36it/s]
Processing frames:  60%|██████    | 128/212 [00:56<00:35,  2.37it/s]
Processing frames:  61%|██████    | 129/212 [00:56<00:35,  2.33it/s]
Processing frames:  61%|██████▏   | 130/212 [00:57<00:35,  2.32it/s]
Processing frames:  62%|██████▏   | 131/212 [00:57<00:36,  2.20it/s]
Processing frames:  62%|██████▏   | 132/212 [00:57<00:35,  2.25it/s]
Processing frames:  63%|██████▎   | 133/212 [00:58<00:34,  2.26it/s]
Processing frames:  63%|██████▎   | 134/212 [00:58<00:34,  2.29it/s]
Processing frames:  64%|██████▎   | 135/212 [00:59<00:33,  2.30it/s]
Processing frames:  64%|██████▍   | 136/212 [00:59<00:32,  2.30it/s]
Processing frames:  65%|██████▍   | 137/212 [01:00<00:32,  2.31it/s]
Processing frames:  65%|██████▌   | 138/212 [01:00<00:31,  2.32it/s]
Processing frames:  66%|██████▌   | 139/212 [01:01<00:31,  2.31it/s]
Processing frames:  66%|██████▌   | 140/212 [01:01<00:31,  2.31it/s]
Processing frames:  67%|██████▋   | 141/212 [01:01<00:30,  2.30it/s]
Processing frames:  67%|██████▋   | 142/212 [01:02<00:30,  2.33it/s]
Processing frames:  67%|██████▋   | 143/212 [01:02<00:29,  2.33it/s]
Processing frames:  68%|██████▊   | 144/212 [01:03<00:28,  2.35it/s]
Processing frames:  68%|██████▊   | 145/212 [01:03<00:28,  2.37it/s]
Processing frames:  69%|██████▉   | 146/212 [01:03<00:27,  2.37it/s]
Processing frames:  69%|██████▉   | 147/212 [01:04<00:27,  2.34it/s]
Processing frames:  70%|██████▉   | 148/212 [01:04<00:27,  2.34it/s]
Processing frames:  70%|███████   | 149/212 [01:05<00:26,  2.35it/s]
Processing frames:  71%|███████   | 150/212 [01:05<00:26,  2.30it/s]
Processing frames:  71%|███████   | 151/212 [01:06<00:26,  2.31it/s]
Processing frames:  72%|███████▏  | 152/212 [01:06<00:26,  2.29it/s]
Processing frames:  72%|███████▏  | 153/212 [01:07<00:25,  2.30it/s]
Processing frames:  73%|███████▎  | 154/212 [01:07<00:25,  2.28it/s]
Processing frames:  73%|███████▎  | 155/212 [01:07<00:25,  2.24it/s]
Processing frames:  74%|███████▎  | 156/212 [01:08<00:24,  2.27it/s]
Processing frames:  74%|███████▍  | 157/212 [01:08<00:24,  2.28it/s]
Processing frames:  75%|███████▍  | 158/212 [01:09<00:23,  2.31it/s]
Processing frames:  75%|███████▌  | 159/212 [01:09<00:22,  2.33it/s]
Processing frames:  75%|███████▌  | 160/212 [01:10<00:22,  2.30it/s]
Processing frames:  76%|███████▌  | 161/212 [01:10<00:22,  2.29it/s]
Processing frames:  76%|███████▋  | 162/212 [01:10<00:21,  2.31it/s]
Processing frames:  77%|███████▋  | 163/212 [01:11<00:21,  2.33it/s]
Processing frames:  77%|███████▋  | 164/212 [01:11<00:20,  2.34it/s]
Processing frames:  78%|███████▊  | 165/212 [01:12<00:19,  2.35it/s]
Processing frames:  78%|███████▊  | 166/212 [01:12<00:19,  2.36it/s]
Processing frames:  79%|███████▉  | 167/212 [01:13<00:19,  2.33it/s]
Processing frames:  79%|███████▉  | 168/212 [01:13<00:18,  2.32it/s]
Processing frames:  80%|███████▉  | 169/212 [01:13<00:18,  2.33it/s]
Processing frames:  80%|████████  | 170/212 [01:14<00:18,  2.32it/s]
Processing frames:  81%|████████  | 171/212 [01:14<00:17,  2.30it/s]
Processing frames:  81%|████████  | 172/212 [01:15<00:17,  2.31it/s]
Processing frames:  82%|████████▏ | 173/212 [01:15<00:16,  2.34it/s]
Processing frames:  82%|████████▏ | 174/212 [01:16<00:16,  2.33it/s]
Processing frames:  83%|████████▎ | 175/212 [01:16<00:16,  2.31it/s]
Processing frames:  83%|████████▎ | 176/212 [01:16<00:15,  2.31it/s]
Processing frames:  83%|████████▎ | 177/212 [01:17<00:14,  2.34it/s]
Processing frames:  84%|████████▍ | 178/212 [01:17<00:15,  2.22it/s]
Processing frames:  84%|████████▍ | 179/212 [01:18<00:14,  2.27it/s]
Processing frames:  85%|████████▍ | 180/212 [01:18<00:13,  2.29it/s]
Processing frames:  85%|████████▌ | 181/212 [01:19<00:13,  2.32it/s]
Processing frames:  86%|████████▌ | 182/212 [01:19<00:12,  2.31it/s]
Processing frames:  86%|████████▋ | 183/212 [01:20<00:12,  2.31it/s]
Processing frames:  87%|████████▋ | 184/212 [01:20<00:12,  2.31it/s]
Processing frames:  87%|████████▋ | 185/212 [01:20<00:11,  2.29it/s]
Processing frames:  88%|████████▊ | 186/212 [01:21<00:11,  2.31it/s]
Processing frames:  88%|████████▊ | 187/212 [01:21<00:10,  2.31it/s]
Processing frames:  89%|████████▊ | 188/212 [01:22<00:10,  2.32it/s]
Processing frames:  89%|████████▉ | 189/212 [01:22<00:10,  2.20it/s]
Processing frames:  90%|████████▉ | 190/212 [01:23<00:09,  2.23it/s]
Processing frames:  90%|█████████ | 191/212 [01:23<00:09,  2.22it/s]
Processing frames:  91%|█████████ | 192/212 [01:24<00:08,  2.26it/s]
Processing frames:  91%|█████████ | 193/212 [01:24<00:08,  2.28it/s]
Processing frames:  92%|█████████▏| 194/212 [01:24<00:07,  2.31it/s]
Processing frames:  92%|█████████▏| 195/212 [01:25<00:07,  2.22it/s]
Processing frames:  92%|█████████▏| 196/212 [01:25<00:07,  2.26it/s]
Processing frames:  93%|█████████▎| 197/212 [01:26<00:06,  2.28it/s]
Processing frames:  93%|█████████▎| 198/212 [01:26<00:06,  2.26it/s]
Processing frames:  94%|█████████▍| 199/212 [01:27<00:05,  2.29it/s]
Processing frames:  94%|█████████▍| 200/212 [01:27<00:05,  2.29it/s]
Processing frames:  95%|█████████▍| 201/212 [01:27<00:04,  2.29it/s]
Processing frames:  95%|█████████▌| 202/212 [01:28<00:04,  2.30it/s]
Processing frames:  96%|█████████▌| 203/212 [01:28<00:03,  2.28it/s]
Processing frames:  96%|█████████▌| 204/212 [01:29<00:03,  2.27it/s]
Processing frames:  97%|█████████▋| 205/212 [01:29<00:03,  2.29it/s]
Processing frames:  97%|█████████▋| 206/212 [01:30<00:02,  2.33it/s]
Processing frames:  98%|█████████▊| 207/212 [01:30<00:02,  2.36it/s]
Processing frames:  98%|█████████▊| 208/212 [01:30<00:01,  2.38it/s]
Processing frames:  99%|█████████▊| 209/212 [01:31<00:01,  2.42it/s]
Processing frames:  99%|█████████▉| 210/212 [01:31<00:00,  2.44it/s]
Processing frames: 100%|█████████▉| 211/212 [01:32<00:00,  2.40it/s]
Processing frames: 100%|██████████| 212/212 [01:32<00:00,  2.42it/s]
Processing frames: 100%|██████████| 212/212 [01:32<00:00,  2.29it/s]

Processing frames:   0%|          | 0/129 [00:00<?, ?it/s]
Processing frames:   1%|          | 1/129 [00:00<01:12,  1.75it/s]
Processing frames:   2%|▏         | 2/129 [00:01<01:13,  1.73it/s]
Processing frames:   2%|▏         | 3/129 [00:01<01:10,  1.78it/s]
Processing frames:   3%|▎         | 4/129 [00:02<01:07,  1.85it/s]
Processing frames:   4%|▍         | 5/129 [00:02<01:06,  1.87it/s]
Processing frames:   5%|▍         | 6/129 [00:03<01:04,  1.91it/s]
Processing frames:   5%|▌         | 7/129 [00:03<01:03,  1.91it/s]
Processing frames:   6%|▌         | 8/129 [00:04<01:02,  1.93it/s]
Processing frames:   7%|▋         | 9/129 [00:04<01:02,  1.92it/s]
Processing frames:   8%|▊         | 10/129 [00:05<01:01,  1.93it/s]
Processing frames:   9%|▊         | 11/129 [00:05<01:01,  1.93it/s]
Processing frames:   9%|▉         | 12/129 [00:06<01:00,  1.94it/s]
Processing frames:  10%|█         | 13/129 [00:06<01:00,  1.93it/s]
Processing frames:  11%|█         | 14/129 [00:07<00:59,  1.94it/s]
Processing frames:  12%|█▏        | 15/129 [00:07<00:59,  1.93it/s]
Processing frames:  12%|█▏        | 16/129 [00:08<00:58,  1.92it/s]
Processing frames:  13%|█▎        | 17/129 [00:08<00:57,  1.94it/s]
Processing frames:  14%|█▍        | 18/129 [00:09<00:57,  1.94it/s]
Processing frames:  15%|█▍        | 19/129 [00:10<00:58,  1.87it/s]
Processing frames:  16%|█▌        | 20/129 [00:10<00:58,  1.87it/s]
Processing frames:  16%|█▋        | 21/129 [00:11<00:56,  1.91it/s]
Processing frames:  17%|█▋        | 22/129 [00:11<00:57,  1.85it/s]
Processing frames:  18%|█▊        | 23/129 [00:12<00:55,  1.89it/s]
Processing frames:  19%|█▊        | 24/129 [00:12<00:54,  1.91it/s]
Processing frames:  19%|█▉        | 25/129 [00:13<00:55,  1.88it/s]
Processing frames:  20%|██        | 26/129 [00:13<00:54,  1.90it/s]
Processing frames:  21%|██        | 27/129 [00:14<00:53,  1.91it/s]
Processing frames:  22%|██▏       | 28/129 [00:14<00:52,  1.92it/s]
Processing frames:  22%|██▏       | 29/129 [00:15<00:52,  1.92it/s]
Processing frames:  23%|██▎       | 30/129 [00:15<00:51,  1.93it/s]
Processing frames:  24%|██▍       | 31/129 [00:16<00:51,  1.92it/s]
Processing frames:  25%|██▍       | 32/129 [00:16<00:50,  1.91it/s]
Processing frames:  26%|██▌       | 33/129 [00:17<00:49,  1.93it/s]
Processing frames:  26%|██▋       | 34/129 [00:17<00:49,  1.94it/s]
Processing frames:  27%|██▋       | 35/129 [00:18<00:48,  1.94it/s]
Processing frames:  28%|██▊       | 36/129 [00:18<00:49,  1.89it/s]
Processing frames:  29%|██▊       | 37/129 [00:19<00:48,  1.90it/s]
Processing frames:  29%|██▉       | 38/129 [00:19<00:47,  1.92it/s]
Processing frames:  30%|███       | 39/129 [00:20<00:46,  1.92it/s]
Processing frames:  31%|███       | 40/129 [00:20<00:46,  1.90it/s]
Processing frames:  32%|███▏      | 41/129 [00:21<00:45,  1.93it/s]
Processing frames:  33%|███▎      | 42/129 [00:22<00:45,  1.93it/s]
Processing frames:  33%|███▎      | 43/129 [00:22<00:44,  1.92it/s]
Processing frames:  34%|███▍      | 44/129 [00:23<00:43,  1.94it/s]
Processing frames:  35%|███▍      | 45/129 [00:23<00:43,  1.94it/s]
Processing frames:  36%|███▌      | 46/129 [00:24<00:42,  1.95it/s]
Processing frames:  36%|███▋      | 47/129 [00:24<00:42,  1.95it/s]
Processing frames:  37%|███▋      | 48/129 [00:25<00:42,  1.92it/s]
Processing frames:  38%|███▊      | 49/129 [00:25<00:41,  1.95it/s]
Processing frames:  39%|███▉      | 50/129 [00:26<00:40,  1.96it/s]
Processing frames:  40%|███▉      | 51/129 [00:26<00:39,  1.95it/s]
Processing frames:  40%|████      | 52/129 [00:27<00:39,  1.95it/s]
Processing frames:  41%|████      | 53/129 [00:27<00:38,  1.96it/s]
Processing frames:  42%|████▏     | 54/129 [00:28<00:38,  1.96it/s]
Processing frames:  43%|████▎     | 55/129 [00:28<00:38,  1.90it/s]
Processing frames:  43%|████▎     | 56/129 [00:29<00:39,  1.87it/s]
Processing frames:  44%|████▍     | 57/129 [00:29<00:39,  1.85it/s]
Processing frames:  45%|████▍     | 58/129 [00:30<00:38,  1.87it/s]
Processing frames:  46%|████▌     | 59/129 [00:30<00:36,  1.92it/s]
Processing frames:  47%|████▋     | 60/129 [00:31<00:35,  1.93it/s]
Processing frames:  47%|████▋     | 61/129 [00:31<00:35,  1.92it/s]
Processing frames:  48%|████▊     | 62/129 [00:32<00:34,  1.93it/s]
Processing frames:  49%|████▉     | 63/129 [00:32<00:33,  1.95it/s]
Processing frames:  50%|████▉     | 64/129 [00:33<00:33,  1.94it/s]
Processing frames:  50%|█████     | 65/129 [00:33<00:32,  1.94it/s]
Processing frames:  51%|█████     | 66/129 [00:34<00:32,  1.93it/s]
Processing frames:  52%|█████▏    | 67/129 [00:34<00:31,  1.94it/s]
Processing frames:  53%|█████▎    | 68/129 [00:35<00:31,  1.94it/s]
Processing frames:  53%|█████▎    | 69/129 [00:36<00:31,  1.91it/s]
Processing frames:  54%|█████▍    | 70/129 [00:36<00:30,  1.92it/s]
Processing frames:  55%|█████▌    | 71/129 [00:37<00:29,  1.96it/s]
Processing frames:  56%|█████▌    | 72/129 [00:37<00:29,  1.94it/s]
Processing frames:  57%|█████▋    | 73/129 [00:38<00:29,  1.92it/s]
Processing frames:  57%|█████▋    | 74/129 [00:38<00:28,  1.93it/s]
Processing frames:  58%|█████▊    | 75/129 [00:39<00:27,  1.94it/s]
Processing frames:  59%|█████▉    | 76/129 [00:39<00:27,  1.96it/s]
Processing frames:  60%|█████▉    | 77/129 [00:40<00:26,  1.96it/s]
Processing frames:  60%|██████    | 78/129 [00:40<00:26,  1.94it/s]
Processing frames:  61%|██████    | 79/129 [00:41<00:25,  1.96it/s]
Processing frames:  62%|██████▏   | 80/129 [00:41<00:25,  1.95it/s]
Processing frames:  63%|██████▎   | 81/129 [00:42<00:24,  1.96it/s]
Processing frames:  64%|██████▎   | 82/129 [00:42<00:23,  1.97it/s]
Processing frames:  64%|██████▍   | 83/129 [00:43<00:23,  1.93it/s]
Processing frames:  65%|██████▌   | 84/129 [00:43<00:23,  1.94it/s]
Processing frames:  66%|██████▌   | 85/129 [00:44<00:22,  1.93it/s]
Processing frames:  67%|██████▋   | 86/129 [00:44<00:22,  1.92it/s]
Processing frames:  67%|██████▋   | 87/129 [00:45<00:21,  1.92it/s]
Processing frames:  68%|██████▊   | 88/129 [00:45<00:21,  1.93it/s]
Processing frames:  69%|██████▉   | 89/129 [00:46<00:20,  1.95it/s]
Processing frames:  70%|██████▉   | 90/129 [00:46<00:20,  1.92it/s]
Processing frames:  71%|███████   | 91/129 [00:47<00:19,  1.94it/s]
Processing frames:  71%|███████▏  | 92/129 [00:47<00:18,  1.95it/s]
Processing frames:  72%|███████▏  | 93/129 [00:48<00:18,  1.96it/s]
Processing frames:  73%|███████▎  | 94/129 [00:48<00:18,  1.89it/s]
Processing frames:  74%|███████▎  | 95/129 [00:49<00:17,  1.90it/s]
Processing frames:  74%|███████▍  | 96/129 [00:49<00:17,  1.92it/s]
Processing frames:  75%|███████▌  | 97/129 [00:50<00:16,  1.89it/s]
Processing frames:  76%|███████▌  | 98/129 [00:51<00:16,  1.91it/s]
Processing frames:  77%|███████▋  | 99/129 [00:51<00:15,  1.92it/s]
Processing frames:  78%|███████▊  | 100/129 [00:52<00:15,  1.92it/s]
Processing frames:  78%|███████▊  | 101/129 [00:52<00:14,  1.89it/s]
Processing frames:  79%|███████▉  | 102/129 [00:53<00:14,  1.92it/s]
Processing frames:  80%|███████▉  | 103/129 [00:53<00:13,  1.92it/s]
Processing frames:  81%|████████  | 104/129 [00:54<00:13,  1.91it/s]
Processing frames:  81%|████████▏ | 105/129 [00:54<00:12,  1.93it/s]
Processing frames:  82%|████████▏ | 106/129 [00:55<00:12,  1.92it/s]
Processing frames:  83%|████████▎ | 107/129 [00:55<00:11,  1.89it/s]
Processing frames:  84%|████████▎ | 108/129 [00:56<00:11,  1.90it/s]
Processing frames:  84%|████████▍ | 109/129 [00:56<00:10,  1.92it/s]
Processing frames:  85%|████████▌ | 110/129 [00:57<00:09,  1.96it/s]
Processing frames:  86%|████████▌ | 111/129 [00:57<00:09,  1.96it/s]
Processing frames:  87%|████████▋ | 112/129 [00:58<00:08,  1.97it/s]
Processing frames:  88%|████████▊ | 113/129 [00:58<00:08,  1.98it/s]
Processing frames:  88%|████████▊ | 114/129 [00:59<00:07,  1.98it/s]
Processing frames:  89%|████████▉ | 115/129 [00:59<00:07,  1.99it/s]
Processing frames:  90%|████████▉ | 116/129 [01:00<00:06,  1.95it/s]
Processing frames:  91%|█████████ | 117/129 [01:00<00:06,  1.97it/s]
Processing frames:  91%|█████████▏| 118/129 [01:01<00:05,  1.94it/s]
Processing frames:  92%|█████████▏| 119/129 [01:01<00:05,  1.93it/s]
Processing frames:  93%|█████████▎| 120/129 [01:02<00:04,  1.85it/s]
Processing frames:  94%|█████████▍| 121/129 [01:02<00:04,  1.87it/s]
Processing frames:  95%|█████████▍| 122/129 [01:03<00:03,  1.90it/s]
Processing frames:  95%|█████████▌| 123/129 [01:03<00:03,  1.91it/s]
Processing frames:  96%|█████████▌| 124/129 [01:04<00:02,  1.90it/s]
Processing frames:  97%|█████████▋| 125/129 [01:05<00:02,  1.91it/s]
Processing frames:  98%|█████████▊| 126/129 [01:05<00:01,  1.92it/s]
Processing frames:  98%|█████████▊| 127/129 [01:06<00:01,  1.89it/s]
Processing frames:  99%|█████████▉| 128/129 [01:06<00:00,  1.91it/s]
Processing frames: 100%|██████████| 129/129 [01:07<00:00,  1.94it/s]
Processing frames: 100%|██████████| 129/129 [01:07<00:00,  1.92it/s]

Processing frames:   0%|          | 0/29 [00:00<?, ?it/s]
Processing frames:   3%|▎         | 1/29 [00:00<00:09,  3.00it/s]
Processing frames:   7%|▋         | 2/29 [00:00<00:08,  3.00it/s]
Processing frames:  10%|█         | 3/29 [00:00<00:08,  3.05it/s]
Processing frames:  14%|█▍        | 4/29 [00:01<00:08,  3.11it/s]
Processing frames:  17%|█▋        | 5/29 [00:01<00:07,  3.08it/s]
Processing frames:  21%|██        | 6/29 [00:01<00:07,  3.06it/s]
Processing frames:  24%|██▍       | 7/29 [00:02<00:07,  3.10it/s]
Processing frames:  28%|██▊       | 8/29 [00:02<00:06,  3.04it/s]
Processing frames:  31%|███       | 9/29 [00:02<00:06,  3.08it/s]
Processing frames:  34%|███▍      | 10/29 [00:03<00:06,  3.06it/s]
Processing frames:  38%|███▊      | 11/29 [00:03<00:05,  3.06it/s]
Processing frames:  41%|████▏     | 12/29 [00:03<00:05,  3.11it/s]
Processing frames:  45%|████▍     | 13/29 [00:04<00:05,  3.13it/s]
Processing frames:  48%|████▊     | 14/29 [00:04<00:04,  3.11it/s]
Processing frames:  52%|█████▏    | 15/29 [00:04<00:04,  3.12it/s]
Processing frames:  55%|█████▌    | 16/29 [00:05<00:04,  3.13it/s]
Processing frames:  59%|█████▊    | 17/29 [00:05<00:03,  3.10it/s]
Processing frames:  62%|██████▏   | 18/29 [00:05<00:03,  3.11it/s]
Processing frames:  66%|██████▌   | 19/29 [00:06<00:03,  2.85it/s]
Processing frames:  69%|██████▉   | 20/29 [00:06<00:03,  2.88it/s]
Processing frames:  72%|███████▏  | 21/29 [00:06<00:02,  2.93it/s]
Processing frames:  76%|███████▌  | 22/29 [00:07<00:02,  2.98it/s]
Processing frames:  79%|███████▉  | 23/29 [00:07<00:01,  3.00it/s]
Processing frames:  83%|████████▎ | 24/29 [00:07<00:01,  3.06it/s]
Processing frames:  86%|████████▌ | 25/29 [00:08<00:01,  3.06it/s]
Processing frames:  90%|████████▉ | 26/29 [00:08<00:01,  3.00it/s]
Processing frames:  93%|█████████▎| 27/29 [00:08<00:00,  3.01it/s]
Processing frames:  97%|█████████▋| 28/29 [00:09<00:00,  3.00it/s]
Processing frames: 100%|██████████| 29/29 [00:09<00:00,  3.03it/s]
Processing frames: 100%|██████████| 29/29 [00:09<00:00,  3.04it/s]

Processing frames:   0%|          | 0/16 [00:00<?, ?it/s]
Processing frames:   6%|▋         | 1/16 [00:00<00:03,  4.90it/s]
Processing frames:  12%|█▎        | 2/16 [00:00<00:02,  4.92it/s]
Processing frames:  19%|█▉        | 3/16 [00:00<00:02,  4.85it/s]
Processing frames:  25%|██▌       | 4/16 [00:00<00:02,  4.92it/s]
Processing frames:  31%|███▏      | 5/16 [00:01<00:02,  4.95it/s]
Processing frames:  38%|███▊      | 6/16 [00:01<00:02,  4.87it/s]
Processing frames:  44%|████▍     | 7/16 [00:01<00:01,  4.88it/s]
Processing frames:  50%|█████     | 8/16 [00:01<00:01,  4.60it/s]
Processing frames:  56%|█████▋    | 9/16 [00:01<00:01,  4.68it/s]
Processing frames:  62%|██████▎   | 10/16 [00:02<00:01,  4.69it/s]
Processing frames:  69%|██████▉   | 11/16 [00:02<00:01,  4.72it/s]
Processing frames:  75%|███████▌  | 12/16 [00:02<00:00,  4.76it/s]
Processing frames:  81%|████████▏ | 13/16 [00:02<00:00,  4.84it/s]
Processing frames:  88%|████████▊ | 14/16 [00:02<00:00,  4.89it/s]
Processing frames:  94%|█████████▍| 15/16 [00:03<00:00,  4.93it/s]
Processing frames: 100%|██████████| 16/16 [00:03<00:00,  4.85it/s]
Processing frames: 100%|██████████| 16/16 [00:03<00:00,  4.82it/s]

Processing frames:   0%|          | 0/10 [00:00<?, ?it/s]
Processing frames:  10%|█         | 1/10 [00:00<00:04,  2.24it/s]
Processing frames:  20%|██        | 2/10 [00:00<00:03,  2.28it/s]
Processing frames:  30%|███       | 3/10 [00:01<00:02,  2.36it/s]
Processing frames:  40%|████      | 4/10 [00:01<00:02,  2.38it/s]
Processing frames:  50%|█████     | 5/10 [00:02<00:02,  2.38it/s]
Processing frames:  60%|██████    | 6/10 [00:02<00:01,  2.35it/s]
Processing frames:  70%|███████   | 7/10 [00:02<00:01,  2.35it/s]
Processing frames:  80%|████████  | 8/10 [00:03<00:00,  2.38it/s]
Processing frames:  90%|█████████ | 9/10 [00:03<00:00,  2.40it/s]
Processing frames: 100%|██████████| 10/10 [00:04<00:00,  2.38it/s]
Processing frames: 100%|██████████| 10/10 [00:04<00:00,  2.36it/s]

Processing frames:   0%|          | 0/33 [00:00<?, ?it/s]
Processing frames:   3%|▎         | 1/33 [00:00<00:10,  3.03it/s]
Processing frames:   6%|▌         | 2/33 [00:00<00:10,  3.01it/s]
Processing frames:   9%|▉         | 3/33 [00:00<00:09,  3.04it/s]
Processing frames:  12%|█▏        | 4/33 [00:01<00:09,  3.09it/s]
Processing frames:  15%|█▌        | 5/33 [00:01<00:08,  3.13it/s]
Processing frames:  18%|█▊        | 6/33 [00:01<00:08,  3.15it/s]
Processing frames:  21%|██        | 7/33 [00:02<00:08,  3.11it/s]
Processing frames:  24%|██▍       | 8/33 [00:02<00:08,  3.10it/s]
Processing frames:  27%|██▋       | 9/33 [00:02<00:07,  3.13it/s]
Processing frames:  30%|███       | 10/33 [00:03<00:07,  3.12it/s]
Processing frames:  33%|███▎      | 11/33 [00:03<00:07,  3.11it/s]
Processing frames:  36%|███▋      | 12/33 [00:03<00:06,  3.07it/s]
Processing frames:  39%|███▉      | 13/33 [00:04<00:06,  3.10it/s]
Processing frames:  42%|████▏     | 14/33 [00:04<00:06,  3.12it/s]
Processing frames:  45%|████▌     | 15/33 [00:04<00:05,  3.11it/s]
Processing frames:  48%|████▊     | 16/33 [00:05<00:05,  3.13it/s]
Processing frames:  52%|█████▏    | 17/33 [00:05<00:05,  3.14it/s]
Processing frames:  55%|█████▍    | 18/33 [00:05<00:04,  3.15it/s]
Processing frames:  58%|█████▊    | 19/33 [00:06<00:04,  3.11it/s]
Processing frames:  61%|██████    | 20/33 [00:06<00:04,  3.13it/s]
Processing frames:  64%|██████▎   | 21/33 [00:06<00:03,  3.15it/s]
Processing frames:  67%|██████▋   | 22/33 [00:07<00:03,  3.12it/s]
Processing frames:  70%|██████▉   | 23/33 [00:07<00:03,  3.13it/s]
Processing frames:  73%|███████▎  | 24/33 [00:07<00:02,  3.15it/s]
Processing frames:  76%|███████▌  | 25/33 [00:08<00:02,  3.16it/s]
Processing frames:  79%|███████▉  | 26/33 [00:08<00:02,  3.13it/s]
Processing frames:  82%|████████▏ | 27/33 [00:08<00:01,  3.10it/s]
Processing frames:  85%|████████▍ | 28/33 [00:08<00:01,  3.08it/s]
Processing frames:  88%|████████▊ | 29/33 [00:09<00:01,  3.06it/s]
Processing frames:  91%|█████████ | 30/33 [00:09<00:00,  3.10it/s]
Processing frames:  94%|█████████▍| 31/33 [00:09<00:00,  3.04it/s]
Processing frames:  97%|█████████▋| 32/33 [00:10<00:00,  3.08it/s]
Processing frames: 100%|██████████| 33/33 [00:10<00:00,  3.08it/s]
Processing frames: 100%|██████████| 33/33 [00:10<00:00,  3.11it/s]

Processing frames:   0%|          | 0/5 [00:00<?, ?it/s]
Processing frames:  20%|██        | 1/5 [00:00<00:01,  2.37it/s]
Processing frames:  40%|████      | 2/5 [00:00<00:01,  2.30it/s]
Processing frames:  60%|██████    | 3/5 [00:01<00:00,  2.33it/s]
Processing frames:  80%|████████  | 4/5 [00:01<00:00,  2.35it/s]
Processing frames: 100%|██████████| 5/5 [00:02<00:00,  2.33it/s]
Processing frames: 100%|██████████| 5/5 [00:02<00:00,  2.33it/s]

Processing frames:   0%|          | 0/8 [00:00<?, ?it/s]
Processing frames:  12%|█▎        | 1/8 [00:00<00:05,  1.19it/s]
Processing frames:  25%|██▌       | 2/8 [00:01<00:04,  1.22it/s]
Processing frames:  38%|███▊      | 3/8 [00:02<00:04,  1.23it/s]
Processing frames:  50%|█████     | 4/8 [00:03<00:03,  1.23it/s]
Processing frames:  62%|██████▎   | 5/8 [00:04<00:02,  1.20it/s]
Processing frames:  75%|███████▌  | 6/8 [00:04<00:01,  1.21it/s]
Processing frames:  88%|████████▊ | 7/8 [00:05<00:00,  1.20it/s]
Processing frames: 100%|██████████| 8/8 [00:06<00:00,  1.20it/s]
Processing frames: 100%|██████████| 8/8 [00:06<00:00,  1.21it/s]

Processing frames:   0%|          | 0/39 [00:00<?, ?it/s]
Processing frames:   3%|▎         | 1/39 [00:00<00:14,  2.60it/s]
Processing frames:   5%|▌         | 2/39 [00:00<00:14,  2.51it/s]
Processing frames:   8%|▊         | 3/39 [00:01<00:13,  2.57it/s]
Processing frames:  10%|█         | 4/39 [00:01<00:13,  2.52it/s]
Processing frames:  13%|█▎        | 5/39 [00:02<00:14,  2.42it/s]
Processing frames:  15%|█▌        | 6/39 [00:02<00:13,  2.42it/s]
Processing frames:  18%|█▊        | 7/39 [00:02<00:13,  2.44it/s]
Processing frames:  21%|██        | 8/39 [00:03<00:12,  2.40it/s]
Processing frames:  23%|██▎       | 9/39 [00:03<00:12,  2.42it/s]
Processing frames:  26%|██▌       | 10/39 [00:04<00:12,  2.41it/s]
Processing frames:  28%|██▊       | 11/39 [00:04<00:11,  2.41it/s]
Processing frames:  31%|███       | 12/39 [00:04<00:11,  2.43it/s]
Processing frames:  33%|███▎      | 13/39 [00:05<00:10,  2.43it/s]
Processing frames:  36%|███▌      | 14/39 [00:05<00:10,  2.45it/s]
Processing frames:  38%|███▊      | 15/39 [00:06<00:09,  2.46it/s]
Processing frames:  41%|████      | 16/39 [00:06<00:09,  2.43it/s]
Processing frames:  44%|████▎     | 17/39 [00:06<00:09,  2.37it/s]
Processing frames:  46%|████▌     | 18/39 [00:07<00:08,  2.38it/s]
Processing frames:  49%|████▊     | 19/39 [00:07<00:08,  2.34it/s]
Processing frames:  51%|█████▏    | 20/39 [00:08<00:07,  2.39it/s]
Processing frames:  54%|█████▍    | 21/39 [00:08<00:07,  2.42it/s]
Processing frames:  56%|█████▋    | 22/39 [00:09<00:07,  2.33it/s]
Processing frames:  59%|█████▉    | 23/39 [00:09<00:06,  2.37it/s]
Processing frames:  62%|██████▏   | 24/39 [00:09<00:06,  2.40it/s]
Processing frames:  64%|██████▍   | 25/39 [00:10<00:05,  2.44it/s]
Processing frames:  67%|██████▋   | 26/39 [00:10<00:05,  2.46it/s]
Processing frames:  69%|██████▉   | 27/39 [00:11<00:04,  2.41it/s]
Processing frames:  72%|███████▏  | 28/39 [00:11<00:04,  2.31it/s]
Processing frames:  74%|███████▍  | 29/39 [00:12<00:04,  2.04it/s]
Processing frames:  77%|███████▋  | 30/39 [00:12<00:04,  2.15it/s]
Processing frames:  79%|███████▉  | 31/39 [00:13<00:03,  2.23it/s]
Processing frames:  82%|████████▏ | 32/39 [00:13<00:03,  2.28it/s]
Processing frames:  85%|████████▍ | 33/39 [00:13<00:02,  2.32it/s]
Processing frames:  87%|████████▋ | 34/39 [00:14<00:02,  2.35it/s]
Processing frames:  90%|████████▉ | 35/39 [00:14<00:01,  2.37it/s]
Processing frames:  92%|█████████▏| 36/39 [00:15<00:01,  2.24it/s]
Processing frames:  95%|█████████▍| 37/39 [00:15<00:00,  2.26it/s]
Processing frames:  97%|█████████▋| 38/39 [00:16<00:00,  2.29it/s]
Processing frames: 100%|██████████| 39/39 [00:16<00:00,  2.28it/s]
Processing frames: 100%|██████████| 39/39 [00:16<00:00,  2.36it/s]

Processing frames:   0%|          | 0/196 [00:00<?, ?it/s]
Processing frames:   1%|          | 1/196 [00:00<01:27,  2.23it/s]
Processing frames:   1%|          | 2/196 [00:00<01:27,  2.21it/s]
Processing frames:   2%|▏         | 3/196 [00:01<01:23,  2.31it/s]
Processing frames:   2%|▏         | 4/196 [00:01<01:21,  2.35it/s]
Processing frames:   3%|▎         | 5/196 [00:02<01:20,  2.37it/s]
Processing frames:   3%|▎         | 6/196 [00:02<01:30,  2.11it/s]
Processing frames:   4%|▎         | 7/196 [00:03<01:27,  2.16it/s]
Processing frames:   4%|▍         | 8/196 [00:03<01:24,  2.22it/s]
Processing frames:   5%|▍         | 9/196 [00:04<01:22,  2.26it/s]
Processing frames:   5%|▌         | 10/196 [00:04<01:22,  2.27it/s]
Processing frames:   6%|▌         | 11/196 [00:04<01:20,  2.31it/s]
Processing frames:   6%|▌         | 12/196 [00:05<01:18,  2.35it/s]
Processing frames:   7%|▋         | 13/196 [00:05<01:18,  2.33it/s]
Processing frames:   7%|▋         | 14/196 [00:06<01:17,  2.34it/s]
Processing frames:   8%|▊         | 15/196 [00:06<01:17,  2.34it/s]
Processing frames:   8%|▊         | 16/196 [00:06<01:17,  2.32it/s]
Processing frames:   9%|▊         | 17/196 [00:07<01:16,  2.34it/s]
Processing frames:   9%|▉         | 18/196 [00:07<01:15,  2.34it/s]
Processing frames:  10%|▉         | 19/196 [00:08<01:15,  2.33it/s]
Processing frames:  10%|█         | 20/196 [00:08<01:14,  2.35it/s]
Processing frames:  11%|█         | 21/196 [00:09<01:15,  2.32it/s]
Processing frames:  11%|█         | 22/196 [00:09<01:15,  2.32it/s]
Processing frames:  12%|█▏        | 23/196 [00:09<01:13,  2.35it/s]
Processing frames:  12%|█▏        | 24/196 [00:10<01:12,  2.36it/s]
Processing frames:  13%|█▎        | 25/196 [00:10<01:13,  2.33it/s]
Processing frames:  13%|█▎        | 26/196 [00:11<01:12,  2.35it/s]
Processing frames:  14%|█▍        | 27/196 [00:11<01:11,  2.35it/s]
Processing frames:  14%|█▍        | 28/196 [00:12<01:10,  2.38it/s]
Processing frames:  15%|█▍        | 29/196 [00:12<01:11,  2.35it/s]
Processing frames:  15%|█▌        | 30/196 [00:12<01:10,  2.34it/s]
Processing frames:  16%|█▌        | 31/196 [00:13<01:10,  2.35it/s]
Processing frames:  16%|█▋        | 32/196 [00:13<01:11,  2.31it/s]
Processing frames:  17%|█▋        | 33/196 [00:14<01:10,  2.33it/s]
Processing frames:  17%|█▋        | 34/196 [00:14<01:09,  2.32it/s]
Processing frames:  18%|█▊        | 35/196 [00:15<01:09,  2.32it/s]
Processing frames:  18%|█▊        | 36/196 [00:15<01:08,  2.33it/s]
Processing frames:  19%|█▉        | 37/196 [00:15<01:06,  2.37it/s]
Processing frames:  19%|█▉        | 38/196 [00:16<01:06,  2.39it/s]
Processing frames:  20%|█▉        | 39/196 [00:16<01:06,  2.37it/s]
Processing frames:  20%|██        | 40/196 [00:17<01:08,  2.28it/s]
Processing frames:  21%|██        | 41/196 [00:17<01:07,  2.28it/s]
Processing frames:  21%|██▏       | 42/196 [00:18<01:07,  2.29it/s]
Processing frames:  22%|██▏       | 43/196 [00:18<01:06,  2.29it/s]
Processing frames:  22%|██▏       | 44/196 [00:19<01:05,  2.31it/s]
Processing frames:  23%|██▎       | 45/196 [00:19<01:04,  2.33it/s]
Processing frames:  23%|██▎       | 46/196 [00:19<01:03,  2.35it/s]
Processing frames:  24%|██▍       | 47/196 [00:20<01:04,  2.31it/s]
Processing frames:  24%|██▍       | 48/196 [00:20<01:03,  2.33it/s]
Processing frames:  25%|██▌       | 49/196 [00:21<01:02,  2.35it/s]
Processing frames:  26%|██▌       | 50/196 [00:21<01:01,  2.38it/s]
Processing frames:  26%|██▌       | 51/196 [00:21<01:00,  2.39it/s]
Processing frames:  27%|██▋       | 52/196 [00:22<01:00,  2.39it/s]
Processing frames:  27%|██▋       | 53/196 [00:22<00:59,  2.40it/s]
Processing frames:  28%|██▊       | 54/196 [00:23<00:58,  2.41it/s]
Processing frames:  28%|██▊       | 55/196 [00:23<00:59,  2.39it/s]
Processing frames:  29%|██▊       | 56/196 [00:24<00:59,  2.35it/s]
Processing frames:  29%|██▉       | 57/196 [00:24<01:00,  2.30it/s]
Processing frames:  30%|██▉       | 58/196 [00:24<00:59,  2.33it/s]
Processing frames:  30%|███       | 59/196 [00:25<00:58,  2.34it/s]
Processing frames:  31%|███       | 60/196 [00:25<00:58,  2.34it/s]
Processing frames:  31%|███       | 61/196 [00:26<00:57,  2.35it/s]
Processing frames:  32%|███▏      | 62/196 [00:26<00:57,  2.35it/s]
Processing frames:  32%|███▏      | 63/196 [00:27<00:56,  2.36it/s]
Processing frames:  33%|███▎      | 64/196 [00:27<00:55,  2.37it/s]
Processing frames:  33%|███▎      | 65/196 [00:27<00:56,  2.33it/s]
Processing frames:  34%|███▎      | 66/196 [00:28<00:55,  2.36it/s]
Processing frames:  34%|███▍      | 67/196 [00:28<00:54,  2.37it/s]
Processing frames:  35%|███▍      | 68/196 [00:29<00:54,  2.34it/s]
Processing frames:  35%|███▌      | 69/196 [00:29<00:54,  2.32it/s]
Processing frames:  36%|███▌      | 70/196 [00:30<00:54,  2.33it/s]
Processing frames:  36%|███▌      | 71/196 [00:30<00:54,  2.31it/s]
Processing frames:  37%|███▋      | 72/196 [00:30<00:52,  2.34it/s]
Processing frames:  37%|███▋      | 73/196 [00:31<00:52,  2.33it/s]
Processing frames:  38%|███▊      | 74/196 [00:31<00:52,  2.34it/s]
Processing frames:  38%|███▊      | 75/196 [00:32<00:52,  2.29it/s]
Processing frames:  39%|███▉      | 76/196 [00:32<00:52,  2.30it/s]
Processing frames:  39%|███▉      | 77/196 [00:33<00:52,  2.29it/s]
Processing frames:  40%|███▉      | 78/196 [00:33<00:51,  2.30it/s]
Processing frames:  40%|████      | 79/196 [00:33<00:50,  2.32it/s]
Processing frames:  41%|████      | 80/196 [00:34<00:49,  2.33it/s]
Processing frames:  41%|████▏     | 81/196 [00:34<00:49,  2.31it/s]
Processing frames:  42%|████▏     | 82/196 [00:35<00:48,  2.35it/s]
Processing frames:  42%|████▏     | 83/196 [00:35<00:48,  2.35it/s]
Processing frames:  43%|████▎     | 84/196 [00:36<00:46,  2.39it/s]
Processing frames:  43%|████▎     | 85/196 [00:36<00:46,  2.40it/s]
Processing frames:  44%|████▍     | 86/196 [00:36<00:45,  2.40it/s]
Processing frames:  44%|████▍     | 87/196 [00:37<00:45,  2.40it/s]
Processing frames:  45%|████▍     | 88/196 [00:37<00:45,  2.40it/s]
Processing frames:  45%|████▌     | 89/196 [00:38<00:44,  2.39it/s]
Processing frames:  46%|████▌     | 90/196 [00:38<00:44,  2.37it/s]
Processing frames:  46%|████▋     | 91/196 [00:38<00:44,  2.36it/s]
Processing frames:  47%|████▋     | 92/196 [00:39<00:44,  2.34it/s]
Processing frames:  47%|████▋     | 93/196 [00:39<00:43,  2.36it/s]
Processing frames:  48%|████▊     | 94/196 [00:40<00:43,  2.36it/s]
Processing frames:  48%|████▊     | 95/196 [00:40<00:42,  2.40it/s]
Processing frames:  49%|████▉     | 96/196 [00:41<00:42,  2.37it/s]
Processing frames:  49%|████▉     | 97/196 [00:41<00:41,  2.38it/s]
Processing frames:  50%|█████     | 98/196 [00:41<00:41,  2.36it/s]
Processing frames:  51%|█████     | 99/196 [00:42<00:41,  2.33it/s]
Processing frames:  51%|█████     | 100/196 [00:42<00:41,  2.33it/s]
Processing frames:  52%|█████▏    | 101/196 [00:43<00:40,  2.34it/s]
Processing frames:  52%|█████▏    | 102/196 [00:43<00:39,  2.35it/s]
Processing frames:  53%|█████▎    | 103/196 [00:44<00:39,  2.36it/s]
Processing frames:  53%|█████▎    | 104/196 [00:44<00:39,  2.35it/s]
Processing frames:  54%|█████▎    | 105/196 [00:44<00:39,  2.32it/s]
Processing frames:  54%|█████▍    | 106/196 [00:45<00:38,  2.33it/s]
Processing frames:  55%|█████▍    | 107/196 [00:45<00:38,  2.31it/s]
Processing frames:  55%|█████▌    | 108/196 [00:46<00:37,  2.33it/s]
Processing frames:  56%|█████▌    | 109/196 [00:46<00:36,  2.36it/s]
Processing frames:  56%|█████▌    | 110/196 [00:47<00:36,  2.36it/s]
Processing frames:  57%|█████▋    | 111/196 [00:47<00:35,  2.38it/s]
Processing frames:  57%|█████▋    | 112/196 [00:47<00:35,  2.36it/s]
Processing frames:  58%|█████▊    | 113/196 [00:48<00:35,  2.36it/s]
Processing frames:  58%|█████▊    | 114/196 [00:48<00:34,  2.38it/s]
Processing frames:  59%|█████▊    | 115/196 [00:49<00:34,  2.35it/s]
Processing frames:  59%|█████▉    | 116/196 [00:49<00:33,  2.39it/s]
Processing frames:  60%|█████▉    | 117/196 [00:50<00:32,  2.40it/s]
Processing frames:  60%|██████    | 118/196 [00:50<00:32,  2.42it/s]
Processing frames:  61%|██████    | 119/196 [00:50<00:32,  2.37it/s]
Processing frames:  61%|██████    | 120/196 [00:51<00:31,  2.39it/s]
Processing frames:  62%|██████▏   | 121/196 [00:51<00:31,  2.36it/s]
Processing frames:  62%|██████▏   | 122/196 [00:52<00:31,  2.35it/s]
Processing frames:  63%|██████▎   | 123/196 [00:52<00:30,  2.38it/s]
Processing frames:  63%|██████▎   | 124/196 [00:52<00:30,  2.38it/s]
Processing frames:  64%|██████▍   | 125/196 [00:53<00:29,  2.38it/s]
Processing frames:  64%|██████▍   | 126/196 [00:53<00:28,  2.42it/s]
Processing frames:  65%|██████▍   | 127/196 [00:54<00:28,  2.41it/s]
Processing frames:  65%|██████▌   | 128/196 [00:54<00:29,  2.33it/s]
Processing frames:  66%|██████▌   | 129/196 [00:55<00:29,  2.31it/s]
Processing frames:  66%|██████▋   | 130/196 [00:55<00:28,  2.32it/s]
Processing frames:  67%|██████▋   | 131/196 [00:55<00:28,  2.30it/s]
Processing frames:  67%|██████▋   | 132/196 [00:56<00:27,  2.36it/s]
Processing frames:  68%|██████▊   | 133/196 [00:56<00:27,  2.32it/s]
Processing frames:  68%|██████▊   | 134/196 [00:57<00:26,  2.32it/s]
Processing frames:  69%|██████▉   | 135/196 [00:57<00:26,  2.31it/s]
Processing frames:  69%|██████▉   | 136/196 [00:58<00:26,  2.29it/s]
Processing frames:  70%|██████▉   | 137/196 [00:58<00:25,  2.31it/s]
Processing frames:  70%|███████   | 138/196 [00:58<00:25,  2.31it/s]
Processing frames:  71%|███████   | 139/196 [00:59<00:24,  2.34it/s]
Processing frames:  71%|███████▏  | 140/196 [00:59<00:23,  2.36it/s]
Processing frames:  72%|███████▏  | 141/196 [01:00<00:23,  2.32it/s]
Processing frames:  72%|███████▏  | 142/196 [01:00<00:22,  2.35it/s]
Processing frames:  73%|███████▎  | 143/196 [01:01<00:22,  2.35it/s]
Processing frames:  73%|███████▎  | 144/196 [01:01<00:22,  2.33it/s]
Processing frames:  74%|███████▍  | 145/196 [01:01<00:22,  2.30it/s]
Processing frames:  74%|███████▍  | 146/196 [01:02<00:21,  2.30it/s]
Processing frames:  75%|███████▌  | 147/196 [01:02<00:21,  2.29it/s]
Processing frames:  76%|███████▌  | 148/196 [01:03<00:21,  2.27it/s]
Processing frames:  76%|███████▌  | 149/196 [01:03<00:20,  2.25it/s]
Processing frames:  77%|███████▋  | 150/196 [01:04<00:20,  2.25it/s]
Processing frames:  77%|███████▋  | 151/196 [01:04<00:19,  2.27it/s]
Processing frames:  78%|███████▊  | 152/196 [01:05<00:19,  2.28it/s]
Processing frames:  78%|███████▊  | 153/196 [01:05<00:18,  2.28it/s]
Processing frames:  79%|███████▊  | 154/196 [01:05<00:18,  2.28it/s]
Processing frames:  79%|███████▉  | 155/196 [01:06<00:18,  2.26it/s]
Processing frames:  80%|███████▉  | 156/196 [01:06<00:17,  2.28it/s]
Processing frames:  80%|████████  | 157/196 [01:07<00:17,  2.27it/s]
Processing frames:  81%|████████  | 158/196 [01:07<00:16,  2.28it/s]
Processing frames:  81%|████████  | 159/196 [01:08<00:16,  2.30it/s]
Processing frames:  82%|████████▏ | 160/196 [01:08<00:15,  2.34it/s]
Processing frames:  82%|████████▏ | 161/196 [01:08<00:14,  2.35it/s]
Processing frames:  83%|████████▎ | 162/196 [01:09<00:14,  2.37it/s]
Processing frames:  83%|████████▎ | 163/196 [01:09<00:13,  2.37it/s]
Processing frames:  84%|████████▎ | 164/196 [01:10<00:13,  2.38it/s]
Processing frames:  84%|████████▍ | 165/196 [01:10<00:13,  2.36it/s]
Processing frames:  85%|████████▍ | 166/196 [01:11<00:12,  2.36it/s]
Processing frames:  85%|████████▌ | 167/196 [01:11<00:12,  2.35it/s]
Processing frames:  86%|████████▌ | 168/196 [01:12<00:13,  2.03it/s]
Processing frames:  86%|████████▌ | 169/196 [01:12<00:12,  2.12it/s]
Processing frames:  87%|████████▋ | 170/196 [01:12<00:11,  2.19it/s]
Processing frames:  87%|████████▋ | 171/196 [01:13<00:11,  2.26it/s]
Processing frames:  88%|████████▊ | 172/196 [01:13<00:10,  2.21it/s]
Processing frames:  88%|████████▊ | 173/196 [01:14<00:10,  2.25it/s]
Processing frames:  89%|████████▉ | 174/196 [01:14<00:09,  2.26it/s]
Processing frames:  89%|████████▉ | 175/196 [01:15<00:09,  2.28it/s]
Processing frames:  90%|████████▉ | 176/196 [01:15<00:08,  2.29it/s]
Processing frames:  90%|█████████ | 177/196 [01:16<00:08,  2.25it/s]
Processing frames:  91%|█████████ | 178/196 [01:16<00:07,  2.26it/s]
Processing frames:  91%|█████████▏| 179/196 [01:16<00:07,  2.23it/s]
Processing frames:  92%|█████████▏| 180/196 [01:17<00:07,  2.01it/s]
Processing frames:  92%|█████████▏| 181/196 [01:18<00:07,  2.08it/s]
Processing frames:  93%|█████████▎| 182/196 [01:18<00:06,  2.12it/s]
Processing frames:  93%|█████████▎| 183/196 [01:18<00:06,  2.13it/s]
Processing frames:  94%|█████████▍| 184/196 [01:19<00:05,  2.19it/s]
Processing frames:  94%|█████████▍| 185/196 [01:19<00:04,  2.23it/s]
Processing frames:  95%|█████████▍| 186/196 [01:20<00:04,  2.25it/s]
Processing frames:  95%|█████████▌| 187/196 [01:20<00:03,  2.26it/s]
Processing frames:  96%|█████████▌| 188/196 [01:21<00:03,  2.29it/s]
Processing frames:  96%|█████████▋| 189/196 [01:21<00:03,  2.32it/s]
Processing frames:  97%|█████████▋| 190/196 [01:21<00:02,  2.33it/s]
Processing frames:  97%|█████████▋| 191/196 [01:22<00:02,  2.29it/s]
Processing frames:  98%|█████████▊| 192/196 [01:22<00:01,  2.31it/s]
Processing frames:  98%|█████████▊| 193/196 [01:23<00:01,  2.28it/s]
Processing frames:  99%|█████████▉| 194/196 [01:23<00:00,  2.33it/s]
Processing frames:  99%|█████████▉| 195/196 [01:24<00:00,  2.38it/s]
Processing frames: 100%|██████████| 196/196 [01:24<00:00,  2.40it/s]
Processing frames: 100%|██████████| 196/196 [01:24<00:00,  2.32it/s]

Processing frames:   0%|          | 0/12 [00:00<?, ?it/s]
Processing frames:   8%|▊         | 1/12 [00:00<00:03,  3.17it/s]
Processing frames:  17%|█▋        | 2/12 [00:00<00:03,  3.17it/s]
Processing frames:  25%|██▌       | 3/12 [00:00<00:02,  3.31it/s]
Processing frames:  33%|███▎      | 4/12 [00:01<00:02,  3.31it/s]
Processing frames:  42%|████▏     | 5/12 [00:01<00:02,  3.36it/s]
Processing frames:  50%|█████     | 6/12 [00:01<00:01,  3.40it/s]
Processing frames:  58%|█████▊    | 7/12 [00:02<00:01,  3.39it/s]
Processing frames:  67%|██████▋   | 8/12 [00:02<00:01,  3.42it/s]
Processing frames:  75%|███████▌  | 9/12 [00:02<00:00,  3.27it/s]
Processing frames:  83%|████████▎ | 10/12 [00:02<00:00,  3.35it/s]
Processing frames:  92%|█████████▏| 11/12 [00:03<00:00,  3.32it/s]
Processing frames: 100%|██████████| 12/12 [00:03<00:00,  3.28it/s]
Processing frames: 100%|██████████| 12/12 [00:03<00:00,  3.32it/s]

Processing frames:   0%|          | 0/611 [00:00<?, ?it/s]
Processing frames:   0%|          | 1/611 [00:00<03:21,  3.03it/s]
Processing frames:   0%|          | 2/611 [00:00<03:18,  3.07it/s]
Processing frames:   0%|          | 3/611 [00:00<03:22,  3.00it/s]
Processing frames:   1%|          | 4/611 [00:01<03:21,  3.01it/s]
Processing frames:   1%|          | 5/611 [00:01<03:19,  3.04it/s]
Processing frames:   1%|          | 6/611 [00:01<03:14,  3.11it/s]
Processing frames:   1%|          | 7/611 [00:02<03:14,  3.10it/s]
Processing frames:   1%|▏         | 8/611 [00:02<03:15,  3.09it/s]
Processing frames:   1%|▏         | 9/611 [00:02<03:12,  3.13it/s]
Processing frames:   2%|▏         | 10/611 [00:03<03:10,  3.16it/s]
Processing frames:   2%|▏         | 11/611 [00:03<03:10,  3.15it/s]
Processing frames:   2%|▏         | 12/611 [00:03<03:11,  3.13it/s]
Processing frames:   2%|▏         | 13/611 [00:04<03:09,  3.15it/s]
Processing frames:   2%|▏         | 14/611 [00:04<03:10,  3.14it/s]
Processing frames:   2%|▏         | 15/611 [00:04<03:11,  3.12it/s]
Processing frames:   3%|▎         | 16/611 [00:05<03:08,  3.15it/s]
Processing frames:   3%|▎         | 17/611 [00:05<03:09,  3.14it/s]
Processing frames:   3%|▎         | 18/611 [00:05<03:07,  3.16it/s]
Processing frames:   3%|▎         | 19/611 [00:06<03:09,  3.12it/s]
Processing frames:   3%|▎         | 20/611 [00:06<03:10,  3.11it/s]
Processing frames:   3%|▎         | 21/611 [00:06<03:07,  3.14it/s]
Processing frames:   4%|▎         | 22/611 [00:07<03:06,  3.16it/s]
Processing frames:   4%|▍         | 23/611 [00:07<03:05,  3.17it/s]
Processing frames:   4%|▍         | 24/611 [00:07<03:04,  3.18it/s]
Processing frames:   4%|▍         | 25/611 [00:08<03:07,  3.12it/s]
Processing frames:   4%|▍         | 26/611 [00:08<03:09,  3.09it/s]
Processing frames:   4%|▍         | 27/611 [00:08<03:09,  3.08it/s]
Processing frames:   5%|▍         | 28/611 [00:09<03:12,  3.03it/s]
Processing frames:   5%|▍         | 29/611 [00:09<03:13,  3.01it/s]
Processing frames:   5%|▍         | 30/611 [00:09<03:12,  3.01it/s]
Processing frames:   5%|▌         | 31/611 [00:10<03:11,  3.03it/s]
Processing frames:   5%|▌         | 32/611 [00:10<03:07,  3.09it/s]
Processing frames:   5%|▌         | 33/611 [00:10<03:04,  3.13it/s]
Processing frames:   6%|▌         | 34/611 [00:10<03:03,  3.15it/s]
Processing frames:   6%|▌         | 35/611 [00:11<03:01,  3.17it/s]
Processing frames:   6%|▌         | 36/611 [00:11<03:00,  3.18it/s]
Processing frames:   6%|▌         | 37/611 [00:11<03:05,  3.10it/s]
Processing frames:   6%|▌         | 38/611 [00:12<03:05,  3.09it/s]
Processing frames:   6%|▋         | 39/611 [00:12<03:03,  3.11it/s]
Processing frames:   7%|▋         | 40/611 [00:12<03:05,  3.07it/s]
Processing frames:   7%|▋         | 41/611 [00:13<03:07,  3.04it/s]
Processing frames:   7%|▋         | 42/611 [00:13<03:07,  3.04it/s]
Processing frames:   7%|▋         | 43/611 [00:13<03:06,  3.04it/s]
Processing frames:   7%|▋         | 44/611 [00:14<03:03,  3.08it/s]
Processing frames:   7%|▋         | 45/611 [00:14<03:08,  3.01it/s]
Processing frames:   8%|▊         | 46/611 [00:14<03:08,  3.00it/s]
Processing frames:   8%|▊         | 47/611 [00:15<03:09,  2.98it/s]
Processing frames:   8%|▊         | 48/611 [00:15<03:08,  2.99it/s]
Processing frames:   8%|▊         | 49/611 [00:15<03:08,  2.97it/s]
Processing frames:   8%|▊         | 50/611 [00:16<03:08,  2.98it/s]
Processing frames:   8%|▊         | 51/611 [00:16<03:07,  2.99it/s]
Processing frames:   9%|▊         | 52/611 [00:16<03:09,  2.95it/s]
Processing frames:   9%|▊         | 53/611 [00:17<03:05,  3.01it/s]
Processing frames:   9%|▉         | 54/611 [00:17<03:04,  3.02it/s]
Processing frames:   9%|▉         | 55/611 [00:17<03:04,  3.01it/s]
Processing frames:   9%|▉         | 56/611 [00:18<03:02,  3.04it/s]
Processing frames:   9%|▉         | 57/611 [00:18<03:00,  3.07it/s]
Processing frames:   9%|▉         | 58/611 [00:18<02:58,  3.10it/s]
Processing frames:  10%|▉         | 59/611 [00:19<02:59,  3.08it/s]
Processing frames:  10%|▉         | 60/611 [00:19<02:59,  3.07it/s]
Processing frames:  10%|▉         | 61/611 [00:19<03:00,  3.04it/s]
Processing frames:  10%|█         | 62/611 [00:20<03:00,  3.04it/s]
Processing frames:  10%|█         | 63/611 [00:20<02:58,  3.06it/s]
Processing frames:  10%|█         | 64/611 [00:20<02:56,  3.10it/s]
Processing frames:  11%|█         | 65/611 [00:21<02:55,  3.12it/s]
Processing frames:  11%|█         | 66/611 [00:21<02:53,  3.14it/s]
Processing frames:  11%|█         | 67/611 [00:21<02:55,  3.09it/s]
Processing frames:  11%|█         | 68/611 [00:22<02:54,  3.12it/s]
Processing frames:  11%|█▏        | 69/611 [00:22<02:54,  3.10it/s]
Processing frames:  11%|█▏        | 70/611 [00:22<02:55,  3.07it/s]
Processing frames:  12%|█▏        | 71/611 [00:23<02:53,  3.11it/s]
Processing frames:  12%|█▏        | 72/611 [00:23<02:56,  3.05it/s]
Processing frames:  12%|█▏        | 73/611 [00:23<02:54,  3.09it/s]
Processing frames:  12%|█▏        | 74/611 [00:24<03:00,  2.98it/s]
Processing frames:  12%|█▏        | 75/611 [00:24<02:56,  3.03it/s]
Processing frames:  12%|█▏        | 76/611 [00:24<02:57,  3.02it/s]
Processing frames:  13%|█▎        | 77/611 [00:25<02:59,  2.98it/s]
Processing frames:  13%|█▎        | 78/611 [00:25<02:55,  3.03it/s]
Processing frames:  13%|█▎        | 79/611 [00:25<02:53,  3.07it/s]
Processing frames:  13%|█▎        | 80/611 [00:26<02:51,  3.09it/s]
Processing frames:  13%|█▎        | 81/611 [00:26<02:55,  3.03it/s]
Processing frames:  13%|█▎        | 82/611 [00:26<02:52,  3.07it/s]
Processing frames:  14%|█▎        | 83/611 [00:27<02:52,  3.07it/s]
Processing frames:  14%|█▎        | 84/611 [00:27<02:52,  3.05it/s]
Processing frames:  14%|█▍        | 85/611 [00:27<02:52,  3.05it/s]
Processing frames:  14%|█▍        | 86/611 [00:27<02:52,  3.04it/s]
Processing frames:  14%|█▍        | 87/611 [00:28<02:51,  3.05it/s]
Processing frames:  14%|█▍        | 88/611 [00:28<02:54,  3.01it/s]
Processing frames:  15%|█▍        | 89/611 [00:28<02:51,  3.05it/s]
Processing frames:  15%|█▍        | 90/611 [00:29<02:51,  3.04it/s]
Processing frames:  15%|█▍        | 91/611 [00:29<02:50,  3.04it/s]
Processing frames:  15%|█▌        | 92/611 [00:29<02:50,  3.04it/s]
Processing frames:  15%|█▌        | 93/611 [00:30<02:48,  3.07it/s]
Processing frames:  15%|█▌        | 94/611 [00:30<02:49,  3.06it/s]
Processing frames:  16%|█▌        | 95/611 [00:30<02:49,  3.04it/s]
Processing frames:  16%|█▌        | 96/611 [00:31<02:47,  3.07it/s]
Processing frames:  16%|█▌        | 97/611 [00:31<02:49,  3.03it/s]
Processing frames:  16%|█▌        | 98/611 [00:31<02:47,  3.06it/s]
Processing frames:  16%|█▌        | 99/611 [00:32<02:46,  3.08it/s]
Processing frames:  16%|█▋        | 100/611 [00:32<02:44,  3.10it/s]
Processing frames:  17%|█▋        | 101/611 [00:32<02:44,  3.11it/s]
Processing frames:  17%|█▋        | 102/611 [00:33<02:45,  3.08it/s]
Processing frames:  17%|█▋        | 103/611 [00:33<02:45,  3.07it/s]
Processing frames:  17%|█▋        | 104/611 [00:33<02:48,  3.01it/s]
Processing frames:  17%|█▋        | 105/611 [00:34<02:49,  2.99it/s]
Processing frames:  17%|█▋        | 106/611 [00:34<02:49,  2.98it/s]
Processing frames:  18%|█▊        | 107/611 [00:34<02:49,  2.98it/s]
Processing frames:  18%|█▊        | 108/611 [00:35<02:49,  2.97it/s]
Processing frames:  18%|█▊        | 109/611 [00:35<02:51,  2.93it/s]
Processing frames:  18%|█▊        | 110/611 [00:35<02:47,  2.99it/s]
Processing frames:  18%|█▊        | 111/611 [00:36<02:46,  3.00it/s]
Processing frames:  18%|█▊        | 112/611 [00:36<02:45,  3.02it/s]
Processing frames:  18%|█▊        | 113/611 [00:36<02:45,  3.01it/s]
Processing frames:  19%|█▊        | 114/611 [00:37<02:43,  3.04it/s]
Processing frames:  19%|█▉        | 115/611 [00:37<02:41,  3.07it/s]
Processing frames:  19%|█▉        | 116/611 [00:37<02:40,  3.09it/s]
Processing frames:  19%|█▉        | 117/611 [00:38<02:39,  3.10it/s]
Processing frames:  19%|█▉        | 118/611 [00:38<02:38,  3.11it/s]
Processing frames:  19%|█▉        | 119/611 [00:38<02:39,  3.09it/s]
Processing frames:  20%|█▉        | 120/611 [00:39<02:40,  3.06it/s]
Processing frames:  20%|█▉        | 121/611 [00:39<02:44,  2.99it/s]
Processing frames:  20%|█▉        | 122/611 [00:39<02:41,  3.03it/s]
Processing frames:  20%|██        | 123/611 [00:40<02:41,  3.02it/s]
Processing frames:  20%|██        | 124/611 [00:40<02:39,  3.06it/s]
Processing frames:  20%|██        | 125/611 [00:40<02:40,  3.03it/s]
Processing frames:  21%|██        | 126/611 [00:41<02:43,  2.97it/s]
Processing frames:  21%|██        | 127/611 [00:41<02:41,  3.00it/s]
Processing frames:  21%|██        | 128/611 [00:41<02:38,  3.06it/s]
Processing frames:  21%|██        | 129/611 [00:42<02:41,  2.99it/s]
Processing frames:  21%|██▏       | 130/611 [00:42<02:38,  3.04it/s]
Processing frames:  21%|██▏       | 131/611 [00:42<02:36,  3.07it/s]
Processing frames:  22%|██▏       | 132/611 [00:43<02:38,  3.03it/s]
Processing frames:  22%|██▏       | 133/611 [00:43<02:36,  3.06it/s]
Processing frames:  22%|██▏       | 134/611 [00:43<02:34,  3.08it/s]
Processing frames:  22%|██▏       | 135/611 [00:44<02:33,  3.09it/s]
Processing frames:  22%|██▏       | 136/611 [00:44<02:32,  3.11it/s]
Processing frames:  22%|██▏       | 137/611 [00:44<02:34,  3.06it/s]
Processing frames:  23%|██▎       | 138/611 [00:45<02:34,  3.06it/s]
Processing frames:  23%|██▎       | 139/611 [00:45<02:34,  3.06it/s]
Processing frames:  23%|██▎       | 140/611 [00:45<02:32,  3.08it/s]
Processing frames:  23%|██▎       | 141/611 [00:46<02:33,  3.06it/s]
Processing frames:  23%|██▎       | 142/611 [00:46<02:32,  3.07it/s]
Processing frames:  23%|██▎       | 143/611 [00:46<02:33,  3.06it/s]
Processing frames:  24%|██▎       | 144/611 [00:47<02:31,  3.08it/s]
Processing frames:  24%|██▎       | 145/611 [00:47<02:31,  3.07it/s]
Processing frames:  24%|██▍       | 146/611 [00:47<02:30,  3.10it/s]
Processing frames:  24%|██▍       | 147/611 [00:48<02:30,  3.08it/s]
Processing frames:  24%|██▍       | 148/611 [00:48<02:29,  3.09it/s]
Processing frames:  24%|██▍       | 149/611 [00:48<02:30,  3.08it/s]
Processing frames:  25%|██▍       | 150/611 [00:48<02:29,  3.07it/s]
Processing frames:  25%|██▍       | 151/611 [00:49<02:30,  3.05it/s]
Processing frames:  25%|██▍       | 152/611 [00:49<02:30,  3.04it/s]
Processing frames:  25%|██▌       | 153/611 [00:49<02:30,  3.04it/s]
Processing frames:  25%|██▌       | 154/611 [00:50<02:29,  3.06it/s]
Processing frames:  25%|██▌       | 155/611 [00:50<02:27,  3.09it/s]
Processing frames:  26%|██▌       | 156/611 [00:50<02:28,  3.06it/s]
Processing frames:  26%|██▌       | 157/611 [00:51<02:32,  2.97it/s]
Processing frames:  26%|██▌       | 158/611 [00:51<02:31,  3.00it/s]
Processing frames:  26%|██▌       | 159/611 [00:51<02:31,  2.98it/s]
Processing frames:  26%|██▌       | 160/611 [00:52<02:30,  2.99it/s]
Processing frames:  26%|██▋       | 161/611 [00:52<02:28,  3.03it/s]
Processing frames:  27%|██▋       | 162/611 [00:52<02:30,  2.98it/s]
Processing frames:  27%|██▋       | 163/611 [00:53<02:28,  3.02it/s]
Processing frames:  27%|██▋       | 164/611 [00:53<02:27,  3.04it/s]
Processing frames:  27%|██▋       | 165/611 [00:53<02:25,  3.07it/s]
Processing frames:  27%|██▋       | 166/611 [00:54<02:25,  3.06it/s]
Processing frames:  27%|██▋       | 167/611 [00:54<02:30,  2.95it/s]
Processing frames:  27%|██▋       | 168/611 [00:55<02:37,  2.82it/s]
Processing frames:  28%|██▊       | 169/611 [00:55<02:40,  2.76it/s]
Processing frames:  28%|██▊       | 170/611 [00:55<02:34,  2.86it/s]
Processing frames:  28%|██▊       | 171/611 [00:56<02:31,  2.91it/s]
Processing frames:  28%|██▊       | 172/611 [00:56<02:29,  2.93it/s]
Processing frames:  28%|██▊       | 173/611 [00:56<02:26,  2.99it/s]
Processing frames:  28%|██▊       | 174/611 [00:57<02:25,  2.99it/s]
Processing frames:  29%|██▊       | 175/611 [00:57<02:25,  3.00it/s]
Processing frames:  29%|██▉       | 176/611 [00:57<02:25,  3.00it/s]
Processing frames:  29%|██▉       | 177/611 [00:58<02:23,  3.03it/s]
Processing frames:  29%|██▉       | 178/611 [00:58<02:21,  3.07it/s]
Processing frames:  29%|██▉       | 179/611 [00:58<02:21,  3.05it/s]
Processing frames:  29%|██▉       | 180/611 [00:58<02:20,  3.08it/s]
Processing frames:  30%|██▉       | 181/611 [00:59<02:20,  3.06it/s]
Processing frames:  30%|██▉       | 182/611 [00:59<02:19,  3.08it/s]
Processing frames:  30%|██▉       | 183/611 [00:59<02:19,  3.07it/s]
Processing frames:  30%|███       | 184/611 [01:00<02:23,  2.97it/s]
Processing frames:  30%|███       | 185/611 [01:00<02:22,  2.99it/s]
Processing frames:  30%|███       | 186/611 [01:00<02:21,  3.01it/s]
Processing frames:  31%|███       | 187/611 [01:01<02:19,  3.05it/s]
Processing frames:  31%|███       | 188/611 [01:01<02:17,  3.08it/s]
Processing frames:  31%|███       | 189/611 [01:01<02:17,  3.06it/s]
Processing frames:  31%|███       | 190/611 [01:02<02:18,  3.05it/s]
Processing frames:  31%|███▏      | 191/611 [01:02<02:17,  3.06it/s]
Processing frames:  31%|███▏      | 192/611 [01:02<02:15,  3.09it/s]
Processing frames:  32%|███▏      | 193/611 [01:03<02:42,  2.58it/s]
Processing frames:  32%|███▏      | 194/611 [01:03<02:34,  2.70it/s]
Processing frames:  32%|███▏      | 195/611 [01:04<02:27,  2.82it/s]
Processing frames:  32%|███▏      | 196/611 [01:04<02:24,  2.87it/s]
Processing frames:  32%|███▏      | 197/611 [01:04<02:22,  2.91it/s]
Processing frames:  32%|███▏      | 198/611 [01:05<02:18,  2.98it/s]
Processing frames:  33%|███▎      | 199/611 [01:05<02:17,  3.00it/s]
Processing frames:  33%|███▎      | 200/611 [01:05<02:15,  3.02it/s]
Processing frames:  33%|███▎      | 201/611 [01:06<02:16,  3.00it/s]
Processing frames:  33%|███▎      | 202/611 [01:06<02:15,  3.02it/s]
Processing frames:  33%|███▎      | 203/611 [01:06<02:14,  3.03it/s]
Processing frames:  33%|███▎      | 204/611 [01:07<02:14,  3.03it/s]
Processing frames:  34%|███▎      | 205/611 [01:07<02:12,  3.06it/s]
Processing frames:  34%|███▎      | 206/611 [01:07<02:14,  3.00it/s]
Processing frames:  34%|███▍      | 207/611 [01:08<02:12,  3.04it/s]
Processing frames:  34%|███▍      | 208/611 [01:08<02:12,  3.05it/s]
Processing frames:  34%|███▍      | 209/611 [01:08<02:10,  3.08it/s]
Processing frames:  34%|███▍      | 210/611 [01:09<02:10,  3.06it/s]
Processing frames:  35%|███▍      | 211/611 [01:09<02:09,  3.08it/s]
Processing frames:  35%|███▍      | 212/611 [01:09<02:11,  3.04it/s]
Processing frames:  35%|███▍      | 213/611 [01:10<02:09,  3.06it/s]
Processing frames:  35%|███▌      | 214/611 [01:10<02:10,  3.03it/s]
Processing frames:  35%|███▌      | 215/611 [01:10<02:10,  3.03it/s]
Processing frames:  35%|███▌      | 216/611 [01:11<02:10,  3.03it/s]
Processing frames:  36%|███▌      | 217/611 [01:11<02:09,  3.03it/s]
Processing frames:  36%|███▌      | 218/611 [01:11<02:11,  3.00it/s]
Processing frames:  36%|███▌      | 219/611 [01:12<02:11,  2.97it/s]
Processing frames:  36%|███▌      | 220/611 [01:12<02:09,  3.02it/s]
Processing frames:  36%|███▌      | 221/611 [01:12<02:11,  2.97it/s]
Processing frames:  36%|███▋      | 222/611 [01:13<02:09,  3.00it/s]
Processing frames:  36%|███▋      | 223/611 [01:13<02:07,  3.04it/s]
Processing frames:  37%|███▋      | 224/611 [01:13<02:09,  2.99it/s]
Processing frames:  37%|███▋      | 225/611 [01:14<02:06,  3.04it/s]
Processing frames:  37%|███▋      | 226/611 [01:14<02:06,  3.05it/s]
Processing frames:  37%|███▋      | 227/611 [01:14<02:04,  3.08it/s]
Processing frames:  37%|███▋      | 228/611 [01:14<02:05,  3.05it/s]
Processing frames:  37%|███▋      | 229/611 [01:15<02:07,  2.99it/s]
Processing frames:  38%|███▊      | 230/611 [01:15<02:09,  2.94it/s]
Processing frames:  38%|███▊      | 231/611 [01:16<02:07,  2.98it/s]
Processing frames:  38%|███▊      | 232/611 [01:16<02:07,  2.97it/s]
Processing frames:  38%|███▊      | 233/611 [01:16<02:04,  3.02it/s]
Processing frames:  38%|███▊      | 234/611 [01:16<02:03,  3.06it/s]
Processing frames:  38%|███▊      | 235/611 [01:17<02:01,  3.09it/s]
Processing frames:  39%|███▊      | 236/611 [01:17<02:01,  3.08it/s]
Processing frames:  39%|███▉      | 237/611 [01:17<02:02,  3.06it/s]
Processing frames:  39%|███▉      | 238/611 [01:18<02:00,  3.09it/s]
Processing frames:  39%|███▉      | 239/611 [01:18<01:59,  3.11it/s]
Processing frames:  39%|███▉      | 240/611 [01:18<01:58,  3.12it/s]
Processing frames:  39%|███▉      | 241/611 [01:19<01:58,  3.13it/s]
Processing frames:  40%|███▉      | 242/611 [01:19<02:03,  2.99it/s]
Processing frames:  40%|███▉      | 243/611 [01:19<02:03,  2.98it/s]
Processing frames:  40%|███▉      | 244/611 [01:20<02:01,  3.01it/s]
Processing frames:  40%|████      | 245/611 [01:20<02:07,  2.87it/s]
Processing frames:  40%|████      | 246/611 [01:20<02:06,  2.90it/s]
Processing frames:  40%|████      | 247/611 [01:21<02:05,  2.90it/s]
Processing frames:  41%|████      | 248/611 [01:21<02:05,  2.90it/s]
Processing frames:  41%|████      | 249/611 [01:21<02:01,  2.97it/s]
Processing frames:  41%|████      | 250/611 [01:22<02:00,  3.00it/s]
Processing frames:  41%|████      | 251/611 [01:22<02:00,  2.99it/s]
Processing frames:  41%|████      | 252/611 [01:22<01:58,  3.03it/s]
Processing frames:  41%|████▏     | 253/611 [01:23<01:57,  3.03it/s]
Processing frames:  42%|████▏     | 254/611 [01:23<01:56,  3.06it/s]
Processing frames:  42%|████▏     | 255/611 [01:23<01:57,  3.04it/s]
Processing frames:  42%|████▏     | 256/611 [01:24<01:56,  3.06it/s]
Processing frames:  42%|████▏     | 257/611 [01:24<01:55,  3.07it/s]
Processing frames:  42%|████▏     | 258/611 [01:24<01:54,  3.07it/s]
Processing frames:  42%|████▏     | 259/611 [01:25<01:54,  3.09it/s]
Processing frames:  43%|████▎     | 260/611 [01:25<01:54,  3.05it/s]
Processing frames:  43%|████▎     | 261/611 [01:25<01:56,  3.01it/s]
Processing frames:  43%|████▎     | 262/611 [01:26<01:55,  3.03it/s]
Processing frames:  43%|████▎     | 263/611 [01:26<01:58,  2.95it/s]
Processing frames:  43%|████▎     | 264/611 [01:26<01:56,  2.98it/s]
Processing frames:  43%|████▎     | 265/611 [01:27<01:55,  3.00it/s]
Processing frames:  44%|████▎     | 266/611 [01:27<01:53,  3.04it/s]
Processing frames:  44%|████▎     | 267/611 [01:27<01:52,  3.07it/s]
Processing frames:  44%|████▍     | 268/611 [01:28<01:54,  3.01it/s]
Processing frames:  44%|████▍     | 269/611 [01:28<01:52,  3.05it/s]
Processing frames:  44%|████▍     | 270/611 [01:28<01:52,  3.03it/s]
Processing frames:  44%|████▍     | 271/611 [01:29<01:52,  3.02it/s]
Processing frames:  45%|████▍     | 272/611 [01:29<01:52,  3.03it/s]
Processing frames:  45%|████▍     | 273/611 [01:29<01:51,  3.03it/s]
Processing frames:  45%|████▍     | 274/611 [01:30<01:49,  3.07it/s]
Processing frames:  45%|████▌     | 275/611 [01:30<01:48,  3.09it/s]
Processing frames:  45%|████▌     | 276/611 [01:30<01:49,  3.07it/s]
Processing frames:  45%|████▌     | 277/611 [01:31<01:50,  3.01it/s]
Processing frames:  45%|████▌     | 278/611 [01:31<01:50,  3.01it/s]
Processing frames:  46%|████▌     | 279/611 [01:31<01:49,  3.03it/s]
Processing frames:  46%|████▌     | 280/611 [01:32<01:49,  3.03it/s]
Processing frames:  46%|████▌     | 281/611 [01:32<01:49,  3.02it/s]
Processing frames:  46%|████▌     | 282/611 [01:32<01:49,  2.99it/s]
Processing frames:  46%|████▋     | 283/611 [01:33<01:49,  3.00it/s]
Processing frames:  46%|████▋     | 284/611 [01:33<01:50,  2.95it/s]
Processing frames:  47%|████▋     | 285/611 [01:33<01:50,  2.96it/s]
Processing frames:  47%|████▋     | 286/611 [01:34<01:49,  2.98it/s]
Processing frames:  47%|████▋     | 287/611 [01:34<01:47,  3.02it/s]
Processing frames:  47%|████▋     | 288/611 [01:34<01:52,  2.87it/s]
Processing frames:  47%|████▋     | 289/611 [01:35<01:49,  2.95it/s]
Processing frames:  47%|████▋     | 290/611 [01:35<01:50,  2.89it/s]
Processing frames:  48%|████▊     | 291/611 [01:35<01:48,  2.96it/s]
Processing frames:  48%|████▊     | 292/611 [01:36<01:47,  2.98it/s]
Processing frames:  48%|████▊     | 293/611 [01:36<01:45,  3.02it/s]
Processing frames:  48%|████▊     | 294/611 [01:36<01:43,  3.06it/s]
Processing frames:  48%|████▊     | 295/611 [01:37<01:43,  3.04it/s]
Processing frames:  48%|████▊     | 296/611 [01:37<01:43,  3.04it/s]
Processing frames:  49%|████▊     | 297/611 [01:37<01:43,  3.02it/s]
Processing frames:  49%|████▉     | 298/611 [01:38<01:43,  3.03it/s]
Processing frames:  49%|████▉     | 299/611 [01:38<01:43,  3.01it/s]
Processing frames:  49%|████▉     | 300/611 [01:38<01:41,  3.05it/s]
Processing frames:  49%|████▉     | 301/611 [01:39<01:43,  3.01it/s]
Processing frames:  49%|████▉     | 302/611 [01:39<01:42,  3.02it/s]
Processing frames:  50%|████▉     | 303/611 [01:40<01:54,  2.70it/s]
Processing frames:  50%|████▉     | 304/611 [01:40<01:48,  2.82it/s]
Processing frames:  50%|████▉     | 305/611 [01:40<01:45,  2.91it/s]
Processing frames:  50%|█████     | 306/611 [01:40<01:43,  2.94it/s]
Processing frames:  50%|█████     | 307/611 [01:41<01:42,  2.95it/s]
Processing frames:  50%|█████     | 308/611 [01:41<01:42,  2.97it/s]
Processing frames:  51%|█████     | 309/611 [01:42<01:44,  2.89it/s]
Processing frames:  51%|█████     | 310/611 [01:42<01:42,  2.94it/s]
Processing frames:  51%|█████     | 311/611 [01:42<01:40,  3.00it/s]
Processing frames:  51%|█████     | 312/611 [01:42<01:38,  3.04it/s]
Processing frames:  51%|█████     | 313/611 [01:43<01:37,  3.05it/s]
Processing frames:  51%|█████▏    | 314/611 [01:43<01:38,  3.03it/s]
Processing frames:  52%|█████▏    | 315/611 [01:43<01:37,  3.02it/s]
Processing frames:  52%|█████▏    | 316/611 [01:44<01:37,  3.03it/s]
Processing frames:  52%|█████▏    | 317/611 [01:44<01:36,  3.06it/s]
Processing frames:  52%|█████▏    | 318/611 [01:44<01:36,  3.04it/s]
Processing frames:  52%|█████▏    | 319/611 [01:45<01:35,  3.05it/s]
Processing frames:  52%|█████▏    | 320/611 [01:45<01:34,  3.07it/s]
Processing frames:  53%|█████▎    | 321/611 [01:45<01:38,  2.95it/s]
Processing frames:  53%|█████▎    | 322/611 [01:46<01:45,  2.74it/s]
Processing frames:  53%|█████▎    | 323/611 [01:46<01:44,  2.75it/s]
Processing frames:  53%|█████▎    | 324/611 [01:47<01:42,  2.81it/s]
Processing frames:  53%|█████▎    | 325/611 [01:47<01:40,  2.84it/s]
Processing frames:  53%|█████▎    | 326/611 [01:47<01:37,  2.92it/s]
Processing frames:  54%|█████▎    | 327/611 [01:48<01:38,  2.87it/s]
Processing frames:  54%|█████▎    | 328/611 [01:48<01:37,  2.89it/s]
Processing frames:  54%|█████▍    | 329/611 [01:48<01:36,  2.94it/s]
Processing frames:  54%|█████▍    | 330/611 [01:49<01:34,  2.97it/s]
Processing frames:  54%|█████▍    | 331/611 [01:49<01:32,  3.02it/s]
Processing frames:  54%|█████▍    | 332/611 [01:49<01:31,  3.06it/s]
Processing frames:  55%|█████▍    | 333/611 [01:50<01:30,  3.08it/s]
Processing frames:  55%|█████▍    | 334/611 [01:50<01:30,  3.05it/s]
Processing frames:  55%|█████▍    | 335/611 [01:50<01:30,  3.05it/s]
Processing frames:  55%|█████▍    | 336/611 [01:51<01:31,  2.99it/s]
Processing frames:  55%|█████▌    | 337/611 [01:51<01:34,  2.90it/s]
Processing frames:  55%|█████▌    | 338/611 [01:51<01:31,  2.97it/s]
Processing frames:  55%|█████▌    | 339/611 [01:52<01:30,  3.02it/s]
Processing frames:  56%|█████▌    | 340/611 [01:52<01:29,  3.02it/s]
Processing frames:  56%|█████▌    | 341/611 [01:52<01:30,  3.00it/s]
Processing frames:  56%|█████▌    | 342/611 [01:53<01:30,  2.96it/s]
Processing frames:  56%|█████▌    | 343/611 [01:53<01:29,  3.01it/s]
Processing frames:  56%|█████▋    | 344/611 [01:53<01:28,  3.02it/s]
Processing frames:  56%|█████▋    | 345/611 [01:54<01:27,  3.04it/s]
Processing frames:  57%|█████▋    | 346/611 [01:54<01:27,  3.03it/s]
Processing frames:  57%|█████▋    | 347/611 [01:54<01:28,  2.97it/s]
Processing frames:  57%|█████▋    | 348/611 [01:55<01:26,  3.02it/s]
Processing frames:  57%|█████▋    | 349/611 [01:55<01:26,  3.02it/s]
Processing frames:  57%|█████▋    | 350/611 [01:55<01:26,  3.01it/s]
Processing frames:  57%|█████▋    | 351/611 [01:56<01:25,  3.05it/s]
Processing frames:  58%|█████▊    | 352/611 [01:56<01:24,  3.06it/s]
Processing frames:  58%|█████▊    | 353/611 [01:56<01:23,  3.08it/s]
Processing frames:  58%|█████▊    | 354/611 [01:57<01:22,  3.10it/s]
Processing frames:  58%|█████▊    | 355/611 [01:57<01:22,  3.11it/s]
Processing frames:  58%|█████▊    | 356/611 [01:57<01:23,  3.06it/s]
Processing frames:  58%|█████▊    | 357/611 [01:58<01:23,  3.04it/s]
Processing frames:  59%|█████▊    | 358/611 [01:58<01:23,  3.01it/s]
Processing frames:  59%|█████▉    | 359/611 [01:58<01:23,  3.00it/s]
Processing frames:  59%|█████▉    | 360/611 [01:59<01:23,  2.99it/s]
Processing frames:  59%|█████▉    | 361/611 [01:59<01:23,  3.01it/s]
Processing frames:  59%|█████▉    | 362/611 [01:59<01:21,  3.05it/s]
Processing frames:  59%|█████▉    | 363/611 [02:00<01:23,  2.96it/s]
Processing frames:  60%|█████▉    | 364/611 [02:00<01:23,  2.97it/s]
Processing frames:  60%|█████▉    | 365/611 [02:00<01:23,  2.94it/s]
Processing frames:  60%|█████▉    | 366/611 [02:01<01:22,  2.96it/s]
Processing frames:  60%|██████    | 367/611 [02:01<01:21,  3.01it/s]
Processing frames:  60%|██████    | 368/611 [02:01<01:19,  3.05it/s]
Processing frames:  60%|██████    | 369/611 [02:01<01:18,  3.08it/s]
Processing frames:  61%|██████    | 370/611 [02:02<01:17,  3.11it/s]
Processing frames:  61%|██████    | 371/611 [02:02<01:19,  3.04it/s]
Processing frames:  61%|██████    | 372/611 [02:03<01:19,  3.00it/s]
Processing frames:  61%|██████    | 373/611 [02:03<01:21,  2.93it/s]
Processing frames:  61%|██████    | 374/611 [02:03<01:20,  2.94it/s]
Processing frames:  61%|██████▏   | 375/611 [02:04<01:19,  2.97it/s]
Processing frames:  62%|██████▏   | 376/611 [02:04<01:20,  2.93it/s]
Processing frames:  62%|██████▏   | 377/611 [02:04<01:18,  2.98it/s]
Processing frames:  62%|██████▏   | 378/611 [02:05<01:18,  2.96it/s]
Processing frames:  62%|██████▏   | 379/611 [02:05<01:17,  2.99it/s]
Processing frames:  62%|██████▏   | 380/611 [02:05<01:16,  3.03it/s]
Processing frames:  62%|██████▏   | 381/611 [02:06<01:33,  2.46it/s]
Processing frames:  63%|██████▎   | 382/611 [02:06<01:28,  2.60it/s]
Processing frames:  63%|██████▎   | 383/611 [02:06<01:23,  2.73it/s]
Processing frames:  63%|██████▎   | 384/611 [02:07<01:21,  2.80it/s]
Processing frames:  63%|██████▎   | 385/611 [02:07<01:27,  2.57it/s]
Processing frames:  63%|██████▎   | 386/611 [02:08<01:23,  2.71it/s]
Processing frames:  63%|██████▎   | 387/611 [02:08<01:19,  2.82it/s]
Processing frames:  64%|██████▎   | 388/611 [02:08<01:16,  2.91it/s]
Processing frames:  64%|██████▎   | 389/611 [02:09<01:15,  2.95it/s]
Processing frames:  64%|██████▍   | 390/611 [02:09<01:14,  2.97it/s]
Processing frames:  64%|██████▍   | 391/611 [02:09<01:13,  2.99it/s]
Processing frames:  64%|██████▍   | 392/611 [02:09<01:12,  3.04it/s]
Processing frames:  64%|██████▍   | 393/611 [02:10<01:11,  3.07it/s]
Processing frames:  64%|██████▍   | 394/611 [02:10<01:11,  3.04it/s]
Processing frames:  65%|██████▍   | 395/611 [02:10<01:11,  3.01it/s]
Processing frames:  65%|██████▍   | 396/611 [02:11<01:10,  3.05it/s]
Processing frames:  65%|██████▍   | 397/611 [02:11<01:09,  3.07it/s]
Processing frames:  65%|██████▌   | 398/611 [02:11<01:09,  3.07it/s]
Processing frames:  65%|██████▌   | 399/611 [02:12<01:09,  3.05it/s]
Processing frames:  65%|██████▌   | 400/611 [02:12<01:09,  3.03it/s]
Processing frames:  66%|██████▌   | 401/611 [02:12<01:10,  2.97it/s]
Processing frames:  66%|██████▌   | 402/611 [02:13<01:09,  3.02it/s]
Processing frames:  66%|██████▌   | 403/611 [02:13<01:08,  3.02it/s]
Processing frames:  66%|██████▌   | 404/611 [02:13<01:07,  3.05it/s]
Processing frames:  66%|██████▋   | 405/611 [02:14<01:07,  3.05it/s]
Processing frames:  66%|██████▋   | 406/611 [02:14<01:07,  3.04it/s]
Processing frames:  67%|██████▋   | 407/611 [02:14<01:06,  3.06it/s]
Processing frames:  67%|██████▋   | 408/611 [02:15<01:07,  3.01it/s]
Processing frames:  67%|██████▋   | 409/611 [02:15<01:07,  3.01it/s]
Processing frames:  67%|██████▋   | 410/611 [02:15<01:06,  3.03it/s]
Processing frames:  67%|██████▋   | 411/611 [02:16<01:05,  3.05it/s]
Processing frames:  67%|██████▋   | 412/611 [02:16<01:06,  2.99it/s]
Processing frames:  68%|██████▊   | 413/611 [02:17<01:10,  2.81it/s]
Processing frames:  68%|██████▊   | 414/611 [02:17<01:11,  2.77it/s]
Processing frames:  68%|██████▊   | 415/611 [02:17<01:08,  2.85it/s]
Processing frames:  68%|██████▊   | 416/611 [02:18<01:07,  2.88it/s]
Processing frames:  68%|██████▊   | 417/611 [02:18<01:05,  2.95it/s]
Processing frames:  68%|██████▊   | 418/611 [02:18<01:04,  2.98it/s]
Processing frames:  69%|██████▊   | 419/611 [02:19<01:04,  2.99it/s]
Processing frames:  69%|██████▊   | 420/611 [02:19<01:03,  3.02it/s]
Processing frames:  69%|██████▉   | 421/611 [02:19<01:17,  2.45it/s]
Processing frames:  69%|██████▉   | 422/611 [02:20<01:12,  2.59it/s]
Processing frames:  69%|██████▉   | 423/611 [02:20<01:09,  2.72it/s]
Processing frames:  69%|██████▉   | 424/611 [02:20<01:06,  2.83it/s]
Processing frames:  70%|██████▉   | 425/611 [02:21<01:03,  2.92it/s]
Processing frames:  70%|██████▉   | 426/611 [02:21<01:02,  2.96it/s]
Processing frames:  70%|██████▉   | 427/611 [02:21<01:01,  3.01it/s]
Processing frames:  70%|███████   | 428/611 [02:22<00:59,  3.05it/s]
Processing frames:  70%|███████   | 429/611 [02:22<01:00,  3.02it/s]
Processing frames:  70%|███████   | 430/611 [02:22<00:59,  3.06it/s]
Processing frames:  71%|███████   | 431/611 [02:23<00:58,  3.06it/s]
Processing frames:  71%|███████   | 432/611 [02:23<01:00,  2.97it/s]
Processing frames:  71%|███████   | 433/611 [02:23<00:59,  2.99it/s]
Processing frames:  71%|███████   | 434/611 [02:24<00:58,  3.03it/s]
Processing frames:  71%|███████   | 435/611 [02:24<00:58,  3.02it/s]
Processing frames:  71%|███████▏  | 436/611 [02:24<00:58,  3.01it/s]
Processing frames:  72%|███████▏  | 437/611 [02:25<00:57,  3.05it/s]
Processing frames:  72%|███████▏  | 438/611 [02:25<00:56,  3.08it/s]
Processing frames:  72%|███████▏  | 439/611 [02:25<00:56,  3.07it/s]
Processing frames:  72%|███████▏  | 440/611 [02:26<00:56,  3.05it/s]
Processing frames:  72%|███████▏  | 441/611 [02:26<00:56,  3.01it/s]
Processing frames:  72%|███████▏  | 442/611 [02:26<00:55,  3.05it/s]
Processing frames:  73%|███████▎  | 443/611 [02:27<00:55,  3.05it/s]
Processing frames:  73%|███████▎  | 444/611 [02:27<00:54,  3.08it/s]
Processing frames:  73%|███████▎  | 445/611 [02:27<00:54,  3.07it/s]
Processing frames:  73%|███████▎  | 446/611 [02:28<00:54,  3.05it/s]
Processing frames:  73%|███████▎  | 447/611 [02:28<00:53,  3.04it/s]
Processing frames:  73%|███████▎  | 448/611 [02:28<00:54,  3.02it/s]
Processing frames:  73%|███████▎  | 449/611 [02:29<00:53,  3.02it/s]
Processing frames:  74%|███████▎  | 450/611 [02:29<00:54,  2.95it/s]
Processing frames:  74%|███████▍  | 451/611 [02:29<00:53,  2.97it/s]
Processing frames:  74%|███████▍  | 452/611 [02:30<00:52,  3.02it/s]
Processing frames:  74%|███████▍  | 453/611 [02:30<00:51,  3.06it/s]
Processing frames:  74%|███████▍  | 454/611 [02:30<00:50,  3.08it/s]
Processing frames:  74%|███████▍  | 455/611 [02:31<00:51,  3.06it/s]
Processing frames:  75%|███████▍  | 456/611 [02:31<00:50,  3.08it/s]
Processing frames:  75%|███████▍  | 457/611 [02:31<00:50,  3.08it/s]
Processing frames:  75%|███████▍  | 458/611 [02:32<00:49,  3.09it/s]
Processing frames:  75%|███████▌  | 459/611 [02:32<00:49,  3.07it/s]
Processing frames:  75%|███████▌  | 460/611 [02:32<00:50,  3.00it/s]
Processing frames:  75%|███████▌  | 461/611 [02:33<00:50,  3.00it/s]
Processing frames:  76%|███████▌  | 462/611 [02:33<00:49,  3.00it/s]
Processing frames:  76%|███████▌  | 463/611 [02:33<00:48,  3.04it/s]
Processing frames:  76%|███████▌  | 464/611 [02:34<00:48,  3.00it/s]
Processing frames:  76%|███████▌  | 465/611 [02:34<00:48,  3.01it/s]
Processing frames:  76%|███████▋  | 466/611 [02:34<00:47,  3.03it/s]
Processing frames:  76%|███████▋  | 467/611 [02:35<00:47,  3.03it/s]
Processing frames:  77%|███████▋  | 468/611 [02:35<00:47,  3.02it/s]
Processing frames:  77%|███████▋  | 469/611 [02:35<00:46,  3.03it/s]
Processing frames:  77%|███████▋  | 470/611 [02:36<00:46,  3.03it/s]
Processing frames:  77%|███████▋  | 471/611 [02:36<00:46,  3.00it/s]
Processing frames:  77%|███████▋  | 472/611 [02:36<00:45,  3.04it/s]
Processing frames:  77%|███████▋  | 473/611 [02:37<00:45,  3.04it/s]
Processing frames:  78%|███████▊  | 474/611 [02:37<00:44,  3.07it/s]
Processing frames:  78%|███████▊  | 475/611 [02:37<00:44,  3.09it/s]
Processing frames:  78%|███████▊  | 476/611 [02:37<00:43,  3.08it/s]
Processing frames:  78%|███████▊  | 477/611 [02:38<00:43,  3.09it/s]
Processing frames:  78%|███████▊  | 478/611 [02:38<00:43,  3.06it/s]
Processing frames:  78%|███████▊  | 479/611 [02:38<00:43,  3.06it/s]
Processing frames:  79%|███████▊  | 480/611 [02:39<00:42,  3.09it/s]
Processing frames:  79%|███████▊  | 481/611 [02:39<00:42,  3.04it/s]
Processing frames:  79%|███████▉  | 482/611 [02:39<00:41,  3.07it/s]
Processing frames:  79%|███████▉  | 483/611 [02:40<00:41,  3.09it/s]
Processing frames:  79%|███████▉  | 484/611 [02:40<00:41,  3.07it/s]
Processing frames:  79%|███████▉  | 485/611 [02:40<00:40,  3.09it/s]
Processing frames:  80%|███████▉  | 486/611 [02:41<00:40,  3.11it/s]
Processing frames:  80%|███████▉  | 487/611 [02:41<00:39,  3.12it/s]
Processing frames:  80%|███████▉  | 488/611 [02:41<00:39,  3.13it/s]
Processing frames:  80%|████████  | 489/611 [02:42<00:38,  3.14it/s]
Processing frames:  80%|████████  | 490/611 [02:42<00:40,  2.99it/s]
Processing frames:  80%|████████  | 491/611 [02:42<00:39,  3.03it/s]
Processing frames:  81%|████████  | 492/611 [02:43<00:39,  3.02it/s]
Processing frames:  81%|████████  | 493/611 [02:43<00:38,  3.05it/s]
Processing frames:  81%|████████  | 494/611 [02:43<00:37,  3.08it/s]
Processing frames:  81%|████████  | 495/611 [02:44<00:37,  3.10it/s]
Processing frames:  81%|████████  | 496/611 [02:44<00:36,  3.12it/s]
Processing frames:  81%|████████▏ | 497/611 [02:44<00:36,  3.12it/s]
Processing frames:  82%|████████▏ | 498/611 [02:45<00:36,  3.13it/s]
Processing frames:  82%|████████▏ | 499/611 [02:45<00:37,  3.02it/s]
Processing frames:  82%|████████▏ | 500/611 [02:45<00:36,  3.01it/s]
Processing frames:  82%|████████▏ | 501/611 [02:46<00:36,  3.05it/s]
Processing frames:  82%|████████▏ | 502/611 [02:46<00:35,  3.08it/s]
Processing frames:  82%|████████▏ | 503/611 [02:46<00:34,  3.09it/s]
Processing frames:  82%|████████▏ | 504/611 [02:47<00:34,  3.07it/s]
Processing frames:  83%|████████▎ | 505/611 [02:47<00:35,  3.02it/s]
Processing frames:  83%|████████▎ | 506/611 [02:47<00:34,  3.06it/s]
Processing frames:  83%|████████▎ | 507/611 [02:48<00:34,  3.04it/s]
Processing frames:  83%|████████▎ | 508/611 [02:48<00:34,  3.01it/s]
Processing frames:  83%|████████▎ | 509/611 [02:48<00:33,  3.05it/s]
Processing frames:  83%|████████▎ | 510/611 [02:49<00:32,  3.07it/s]
Processing frames:  84%|████████▎ | 511/611 [02:49<00:32,  3.04it/s]
Processing frames:  84%|████████▍ | 512/611 [02:49<00:32,  3.03it/s]
Processing frames:  84%|████████▍ | 513/611 [02:50<00:32,  3.02it/s]
Processing frames:  84%|████████▍ | 514/611 [02:50<00:35,  2.70it/s]
Processing frames:  84%|████████▍ | 515/611 [02:50<00:35,  2.72it/s]
Processing frames:  84%|████████▍ | 516/611 [02:51<00:35,  2.71it/s]
Processing frames:  85%|████████▍ | 517/611 [02:51<00:34,  2.76it/s]
Processing frames:  85%|████████▍ | 518/611 [02:52<00:34,  2.68it/s]
Processing frames:  85%|████████▍ | 519/611 [02:52<00:32,  2.81it/s]
Processing frames:  85%|████████▌ | 520/611 [02:52<00:31,  2.90it/s]
Processing frames:  85%|████████▌ | 521/611 [02:52<00:30,  2.94it/s]
Processing frames:  85%|████████▌ | 522/611 [02:53<00:29,  2.97it/s]
Processing frames:  86%|████████▌ | 523/611 [02:53<00:29,  3.02it/s]
Processing frames:  86%|████████▌ | 524/611 [02:53<00:29,  2.99it/s]
Processing frames:  86%|████████▌ | 525/611 [02:54<00:28,  3.04it/s]
Processing frames:  86%|████████▌ | 526/611 [02:54<00:27,  3.08it/s]
Processing frames:  86%|████████▋ | 527/611 [02:54<00:28,  2.97it/s]
Processing frames:  86%|████████▋ | 528/611 [02:55<00:27,  3.02it/s]
Processing frames:  87%|████████▋ | 529/611 [02:55<00:26,  3.05it/s]
Processing frames:  87%|████████▋ | 530/611 [02:55<00:27,  2.96it/s]
Processing frames:  87%|████████▋ | 531/611 [02:56<00:26,  3.02it/s]
Processing frames:  87%|████████▋ | 532/611 [02:56<00:26,  3.03it/s]
Processing frames:  87%|████████▋ | 533/611 [02:56<00:25,  3.06it/s]
Processing frames:  87%|████████▋ | 534/611 [02:57<00:25,  3.06it/s]
Processing frames:  88%|████████▊ | 535/611 [02:57<00:25,  3.02it/s]
Processing frames:  88%|████████▊ | 536/611 [02:57<00:24,  3.01it/s]
Processing frames:  88%|████████▊ | 537/611 [02:58<00:24,  3.05it/s]
Processing frames:  88%|████████▊ | 538/611 [02:58<00:24,  3.02it/s]
Processing frames:  88%|████████▊ | 539/611 [02:58<00:23,  3.05it/s]
Processing frames:  88%|████████▊ | 540/611 [02:59<00:23,  3.08it/s]
Processing frames:  89%|████████▊ | 541/611 [02:59<00:23,  3.03it/s]
Processing frames:  89%|████████▊ | 542/611 [02:59<00:22,  3.03it/s]
Processing frames:  89%|████████▉ | 543/611 [03:00<00:22,  3.06it/s]
Processing frames:  89%|████████▉ | 544/611 [03:00<00:21,  3.08it/s]
Processing frames:  89%|████████▉ | 545/611 [03:00<00:21,  3.04it/s]
Processing frames:  89%|████████▉ | 546/611 [03:01<00:21,  3.07it/s]
Processing frames:  90%|████████▉ | 547/611 [03:01<00:20,  3.09it/s]
Processing frames:  90%|████████▉ | 548/611 [03:01<00:20,  3.11it/s]
Processing frames:  90%|████████▉ | 549/611 [03:02<00:19,  3.12it/s]
Processing frames:  90%|█████████ | 550/611 [03:02<00:20,  2.99it/s]
Processing frames:  90%|█████████ | 551/611 [03:02<00:20,  2.98it/s]
Processing frames:  90%|█████████ | 552/611 [03:03<00:19,  3.03it/s]
Processing frames:  91%|█████████ | 553/611 [03:03<00:19,  2.98it/s]
Processing frames:  91%|█████████ | 554/611 [03:03<00:18,  3.03it/s]
Processing frames:  91%|█████████ | 555/611 [03:04<00:18,  3.04it/s]
Processing frames:  91%|█████████ | 556/611 [03:05<00:36,  1.52it/s]
Processing frames:  91%|█████████ | 557/611 [03:05<00:30,  1.80it/s]
Processing frames:  91%|█████████▏| 558/611 [03:06<00:25,  2.04it/s]
Processing frames:  91%|█████████▏| 559/611 [03:06<00:23,  2.26it/s]
Processing frames:  92%|█████████▏| 560/611 [03:06<00:20,  2.46it/s]
Processing frames:  92%|█████████▏| 561/611 [03:07<00:19,  2.63it/s]
Processing frames:  92%|█████████▏| 562/611 [03:08<00:25,  1.92it/s]
Processing frames:  92%|█████████▏| 563/611 [03:08<00:22,  2.13it/s]
Processing frames:  92%|█████████▏| 564/611 [03:08<00:20,  2.30it/s]
Processing frames:  92%|█████████▏| 565/611 [03:09<00:18,  2.50it/s]
Processing frames:  93%|█████████▎| 566/611 [03:09<00:17,  2.64it/s]
Processing frames:  93%|█████████▎| 567/611 [03:09<00:16,  2.73it/s]
Processing frames:  93%|█████████▎| 568/611 [03:10<00:15,  2.83it/s]
Processing frames:  93%|█████████▎| 569/611 [03:10<00:14,  2.82it/s]
Processing frames:  93%|█████████▎| 570/611 [03:10<00:14,  2.91it/s]
Processing frames:  93%|█████████▎| 571/611 [03:11<00:13,  2.94it/s]
Processing frames:  94%|█████████▎| 572/611 [03:11<00:13,  2.98it/s]
Processing frames:  94%|█████████▍| 573/611 [03:11<00:12,  3.03it/s]
Processing frames:  94%|█████████▍| 574/611 [03:12<00:12,  3.07it/s]
Processing frames:  94%|█████████▍| 575/611 [03:12<00:11,  3.09it/s]
Processing frames:  94%|█████████▍| 576/611 [03:12<00:11,  3.08it/s]
Processing frames:  94%|█████████▍| 577/611 [03:13<00:10,  3.11it/s]
Processing frames:  95%|█████████▍| 578/611 [03:13<00:10,  3.11it/s]
Processing frames:  95%|█████████▍| 579/611 [03:13<00:10,  3.04it/s]
Processing frames:  95%|█████████▍| 580/611 [03:13<00:10,  3.04it/s]
Processing frames:  95%|█████████▌| 581/611 [03:14<00:09,  3.02it/s]
Processing frames:  95%|█████████▌| 582/611 [03:14<00:09,  3.06it/s]
Processing frames:  95%|█████████▌| 583/611 [03:14<00:09,  3.04it/s]
Processing frames:  96%|█████████▌| 584/611 [03:15<00:08,  3.04it/s]
Processing frames:  96%|█████████▌| 585/611 [03:15<00:08,  3.08it/s]
Processing frames:  96%|█████████▌| 586/611 [03:15<00:08,  3.11it/s]
Processing frames:  96%|█████████▌| 587/611 [03:16<00:07,  3.10it/s]
Processing frames:  96%|█████████▌| 588/611 [03:16<00:07,  3.09it/s]
Processing frames:  96%|█████████▋| 589/611 [03:16<00:07,  3.10it/s]
Processing frames:  97%|█████████▋| 590/611 [03:17<00:06,  3.06it/s]
Processing frames:  97%|█████████▋| 591/611 [03:17<00:06,  3.10it/s]
Processing frames:  97%|█████████▋| 592/611 [03:17<00:06,  3.12it/s]
Processing frames:  97%|█████████▋| 593/611 [03:18<00:05,  3.12it/s]
Processing frames:  97%|█████████▋| 594/611 [03:18<00:05,  3.08it/s]
Processing frames:  97%|█████████▋| 595/611 [03:18<00:05,  3.07it/s]
Processing frames:  98%|█████████▊| 596/611 [03:19<00:04,  3.09it/s]
Processing frames:  98%|█████████▊| 597/611 [03:19<00:05,  2.58it/s]
Processing frames:  98%|█████████▊| 598/611 [03:20<00:04,  2.67it/s]
Processing frames:  98%|█████████▊| 599/611 [03:20<00:04,  2.73it/s]
Processing frames:  98%|█████████▊| 600/611 [03:20<00:03,  2.79it/s]
Processing frames:  98%|█████████▊| 601/611 [03:21<00:03,  2.90it/s]
Processing frames:  99%|█████████▊| 602/611 [03:21<00:03,  2.95it/s]
Processing frames:  99%|█████████▊| 603/611 [03:21<00:02,  3.00it/s]
Processing frames:  99%|█████████▉| 604/611 [03:22<00:02,  3.07it/s]
Processing frames:  99%|█████████▉| 605/611 [03:22<00:02,  2.97it/s]
Processing frames:  99%|█████████▉| 606/611 [03:22<00:01,  2.96it/s]
Processing frames:  99%|█████████▉| 607/611 [03:23<00:01,  3.02it/s]
Processing frames: 100%|█████████▉| 608/611 [03:23<00:00,  3.07it/s]
Processing frames: 100%|█████████▉| 609/611 [03:23<00:00,  3.05it/s]
Processing frames: 100%|█████████▉| 610/611 [03:23<00:00,  3.09it/s]
Processing frames: 100%|██████████| 611/611 [03:24<00:00,  3.06it/s]
Processing frames: 100%|██████████| 611/611 [03:24<00:00,  2.99it/s]

Processing frames:   0%|          | 0/9 [00:00<?, ?it/s]
Processing frames:  11%|█         | 1/9 [00:00<00:02,  2.94it/s]
Processing frames:  22%|██▏       | 2/9 [00:00<00:02,  3.03it/s]
Processing frames:  33%|███▎      | 3/9 [00:01<00:02,  3.00it/s]
Processing frames:  44%|████▍     | 4/9 [00:01<00:01,  3.01it/s]
Processing frames:  56%|█████▌    | 5/9 [00:01<00:01,  3.02it/s]
Processing frames:  67%|██████▋   | 6/9 [00:02<00:01,  2.97it/s]
Processing frames:  78%|███████▊  | 7/9 [00:02<00:00,  2.88it/s]
Processing frames:  89%|████████▉ | 8/9 [00:02<00:00,  2.89it/s]
Processing frames: 100%|██████████| 9/9 [00:03<00:00,  2.83it/s]
Processing frames: 100%|██████████| 9/9 [00:03<00:00,  2.91it/s]

Processing frames:   0%|          | 0/204 [00:00<?, ?it/s]
Processing frames:   0%|          | 1/204 [00:00<01:29,  2.27it/s]
Processing frames:   1%|          | 2/204 [00:00<01:23,  2.41it/s]
Processing frames:   1%|▏         | 3/204 [00:01<01:22,  2.43it/s]
Processing frames:   2%|▏         | 4/204 [00:01<01:21,  2.46it/s]
Processing frames:   2%|▏         | 5/204 [00:02<01:21,  2.44it/s]
Processing frames:   3%|▎         | 6/204 [00:02<01:21,  2.43it/s]
Processing frames:   3%|▎         | 7/204 [00:02<01:20,  2.43it/s]
Processing frames:   4%|▍         | 8/204 [00:03<01:19,  2.46it/s]
Processing frames:   4%|▍         | 9/204 [00:03<01:18,  2.48it/s]
Processing frames:   5%|▍         | 10/204 [00:14<11:41,  3.62s/it]
Processing frames:   5%|▌         | 11/204 [00:14<08:29,  2.64s/it]
Processing frames:   6%|▌         | 12/204 [00:15<06:15,  1.96s/it]
Processing frames:   6%|▋         | 13/204 [00:15<04:43,  1.48s/it]
Processing frames:   7%|▋         | 14/204 [00:16<03:38,  1.15s/it]
Processing frames:   7%|▋         | 15/204 [00:16<02:56,  1.07it/s]
Processing frames:   8%|▊         | 16/204 [00:16<02:25,  1.29it/s]
Processing frames:   8%|▊         | 17/204 [00:17<02:04,  1.50it/s]
Processing frames:   9%|▉         | 18/204 [00:17<01:49,  1.69it/s]
Processing frames:   9%|▉         | 19/204 [00:18<01:38,  1.89it/s]
Processing frames:  10%|▉         | 20/204 [00:18<01:30,  2.03it/s]
Processing frames:  10%|█         | 21/204 [00:18<01:25,  2.14it/s]
Processing frames:  11%|█         | 22/204 [00:19<01:20,  2.25it/s]
Processing frames:  11%|█▏        | 23/204 [00:19<01:17,  2.34it/s]
Processing frames:  12%|█▏        | 24/204 [00:20<01:15,  2.37it/s]
Processing frames:  12%|█▏        | 25/204 [00:20<01:14,  2.40it/s]
Processing frames:  13%|█▎        | 26/204 [00:20<01:13,  2.42it/s]
Processing frames:  13%|█▎        | 27/204 [00:21<01:12,  2.43it/s]
Processing frames:  14%|█▎        | 28/204 [00:21<01:11,  2.47it/s]
Processing frames:  14%|█▍        | 29/204 [00:22<01:10,  2.47it/s]
Processing frames:  15%|█▍        | 30/204 [00:22<01:13,  2.38it/s]
Processing frames:  15%|█▌        | 31/204 [00:22<01:11,  2.43it/s]
Processing frames:  16%|█▌        | 32/204 [00:23<01:09,  2.47it/s]
Processing frames:  16%|█▌        | 33/204 [00:23<01:08,  2.49it/s]
Processing frames:  17%|█▋        | 34/204 [00:24<01:07,  2.51it/s]
Processing frames:  17%|█▋        | 35/204 [00:24<01:07,  2.52it/s]
Processing frames:  18%|█▊        | 36/204 [00:24<01:07,  2.49it/s]
Processing frames:  18%|█▊        | 37/204 [00:25<01:07,  2.47it/s]
Processing frames:  19%|█▊        | 38/204 [00:25<01:07,  2.48it/s]
Processing frames:  19%|█▉        | 39/204 [00:26<01:06,  2.48it/s]
Processing frames:  20%|█▉        | 40/204 [00:26<01:05,  2.49it/s]
Processing frames:  20%|██        | 41/204 [00:26<01:05,  2.49it/s]
Processing frames:  21%|██        | 42/204 [00:27<01:05,  2.47it/s]
Processing frames:  21%|██        | 43/204 [00:27<01:04,  2.49it/s]
Processing frames:  22%|██▏       | 44/204 [00:28<01:03,  2.51it/s]
Processing frames:  22%|██▏       | 45/204 [00:28<01:03,  2.50it/s]
Processing frames:  23%|██▎       | 46/204 [00:28<01:02,  2.51it/s]
Processing frames:  23%|██▎       | 47/204 [00:29<01:02,  2.51it/s]
Processing frames:  24%|██▎       | 48/204 [00:29<01:01,  2.52it/s]
Processing frames:  24%|██▍       | 49/204 [00:30<01:02,  2.49it/s]
Processing frames:  25%|██▍       | 50/204 [00:30<01:03,  2.43it/s]
Processing frames:  25%|██▌       | 51/204 [00:31<01:02,  2.45it/s]
Processing frames:  25%|██▌       | 52/204 [00:31<01:01,  2.46it/s]
Processing frames:  26%|██▌       | 53/204 [00:31<01:01,  2.47it/s]
Processing frames:  26%|██▋       | 54/204 [00:32<01:00,  2.49it/s]
Processing frames:  27%|██▋       | 55/204 [00:32<00:59,  2.50it/s]
Processing frames:  27%|██▋       | 56/204 [00:33<01:00,  2.47it/s]
Processing frames:  28%|██▊       | 57/204 [00:33<00:59,  2.45it/s]
Processing frames:  28%|██▊       | 58/204 [00:34<01:08,  2.12it/s]
Processing frames:  29%|██▉       | 59/204 [00:34<01:05,  2.23it/s]
Processing frames:  29%|██▉       | 60/204 [00:34<01:02,  2.29it/s]
Processing frames:  30%|██▉       | 61/204 [00:35<01:00,  2.34it/s]
Processing frames:  30%|███       | 62/204 [00:35<00:59,  2.40it/s]
Processing frames:  31%|███       | 63/204 [00:36<00:58,  2.40it/s]
Processing frames:  31%|███▏      | 64/204 [00:36<00:57,  2.44it/s]
Processing frames:  32%|███▏      | 65/204 [00:36<00:58,  2.39it/s]
Processing frames:  32%|███▏      | 66/204 [00:37<00:56,  2.44it/s]
Processing frames:  33%|███▎      | 67/204 [00:37<00:55,  2.47it/s]
Processing frames:  33%|███▎      | 68/204 [00:38<00:54,  2.49it/s]
Processing frames:  34%|███▍      | 69/204 [00:38<00:54,  2.47it/s]
Processing frames:  34%|███▍      | 70/204 [00:38<00:54,  2.45it/s]
Processing frames:  35%|███▍      | 71/204 [00:39<00:54,  2.44it/s]
Processing frames:  35%|███▌      | 72/204 [00:39<00:53,  2.47it/s]
Processing frames:  36%|███▌      | 73/204 [00:40<00:52,  2.50it/s]
Processing frames:  36%|███▋      | 74/204 [00:40<00:51,  2.51it/s]
Processing frames:  37%|███▋      | 75/204 [00:40<00:51,  2.50it/s]
Processing frames:  37%|███▋      | 76/204 [00:41<00:52,  2.42it/s]
Processing frames:  38%|███▊      | 77/204 [00:41<00:52,  2.44it/s]
Processing frames:  38%|███▊      | 78/204 [00:42<00:51,  2.44it/s]
Processing frames:  39%|███▊      | 79/204 [00:42<00:51,  2.41it/s]
Processing frames:  39%|███▉      | 80/204 [00:43<00:51,  2.41it/s]
Processing frames:  40%|███▉      | 81/204 [00:43<00:50,  2.43it/s]
Processing frames:  40%|████      | 82/204 [00:43<00:49,  2.44it/s]
Processing frames:  41%|████      | 83/204 [00:44<00:49,  2.44it/s]
Processing frames:  41%|████      | 84/204 [00:44<00:48,  2.45it/s]
Processing frames:  42%|████▏     | 85/204 [00:45<00:48,  2.44it/s]
Processing frames:  42%|████▏     | 86/204 [00:45<00:48,  2.45it/s]
Processing frames:  43%|████▎     | 87/204 [00:45<00:48,  2.42it/s]
Processing frames:  43%|████▎     | 88/204 [00:46<00:47,  2.44it/s]
Processing frames:  44%|████▎     | 89/204 [00:46<00:46,  2.46it/s]
Processing frames:  44%|████▍     | 90/204 [00:47<00:45,  2.48it/s]
Processing frames:  45%|████▍     | 91/204 [00:47<00:45,  2.50it/s]
Processing frames:  45%|████▌     | 92/204 [00:47<00:44,  2.52it/s]
Processing frames:  46%|████▌     | 93/204 [00:48<00:44,  2.50it/s]
Processing frames:  46%|████▌     | 94/204 [00:48<00:43,  2.50it/s]
Processing frames:  47%|████▋     | 95/204 [00:49<00:43,  2.52it/s]
Processing frames:  47%|████▋     | 96/204 [00:49<00:43,  2.51it/s]
Processing frames:  48%|████▊     | 97/204 [00:49<00:42,  2.50it/s]
Processing frames:  48%|████▊     | 98/204 [00:50<00:42,  2.51it/s]
Processing frames:  49%|████▊     | 99/204 [00:50<00:42,  2.49it/s]
Processing frames:  49%|████▉     | 100/204 [00:51<00:41,  2.51it/s]
Processing frames:  50%|████▉     | 101/204 [00:51<00:40,  2.53it/s]
Processing frames:  50%|█████     | 102/204 [00:51<00:40,  2.52it/s]
Processing frames:  50%|█████     | 103/204 [00:52<00:40,  2.52it/s]
Processing frames:  51%|█████     | 104/204 [00:52<00:39,  2.52it/s]
Processing frames:  51%|█████▏    | 105/204 [00:53<00:40,  2.44it/s]
Processing frames:  52%|█████▏    | 106/204 [00:53<00:39,  2.49it/s]
Processing frames:  52%|█████▏    | 107/204 [00:53<00:38,  2.50it/s]
Processing frames:  53%|█████▎    | 108/204 [00:54<00:38,  2.46it/s]
Processing frames:  53%|█████▎    | 109/204 [00:54<00:38,  2.49it/s]
Processing frames:  54%|█████▍    | 110/204 [00:55<00:37,  2.50it/s]
Processing frames:  54%|█████▍    | 111/204 [00:55<00:36,  2.52it/s]
Processing frames:  55%|█████▍    | 112/204 [00:55<00:36,  2.50it/s]
Processing frames:  55%|█████▌    | 113/204 [00:56<00:36,  2.48it/s]
Processing frames:  56%|█████▌    | 114/204 [00:56<00:36,  2.50it/s]
Processing frames:  56%|█████▋    | 115/204 [00:57<00:35,  2.51it/s]
Processing frames:  57%|█████▋    | 116/204 [00:57<00:35,  2.45it/s]
Processing frames:  57%|█████▋    | 117/204 [00:57<00:35,  2.48it/s]
Processing frames:  58%|█████▊    | 118/204 [00:58<00:34,  2.51it/s]
Processing frames:  58%|█████▊    | 119/204 [00:58<00:34,  2.50it/s]
Processing frames:  59%|█████▉    | 120/204 [00:59<00:33,  2.51it/s]
Processing frames:  59%|█████▉    | 121/204 [00:59<00:33,  2.44it/s]
Processing frames:  60%|█████▉    | 122/204 [00:59<00:33,  2.45it/s]
Processing frames:  60%|██████    | 123/204 [01:00<00:32,  2.49it/s]
Processing frames:  61%|██████    | 124/204 [01:00<00:31,  2.51it/s]
Processing frames:  61%|██████▏   | 125/204 [01:01<00:31,  2.50it/s]
Processing frames:  62%|██████▏   | 126/204 [01:01<00:31,  2.48it/s]
Processing frames:  62%|██████▏   | 127/204 [01:01<00:31,  2.48it/s]
Processing frames:  63%|██████▎   | 128/204 [01:02<00:30,  2.48it/s]
Processing frames:  63%|██████▎   | 129/204 [01:02<00:30,  2.48it/s]
Processing frames:  64%|██████▎   | 130/204 [01:03<00:29,  2.50it/s]
Processing frames:  64%|██████▍   | 131/204 [01:03<00:29,  2.49it/s]
Processing frames:  65%|██████▍   | 132/204 [01:03<00:28,  2.49it/s]
Processing frames:  65%|██████▌   | 133/204 [01:04<00:28,  2.47it/s]
Processing frames:  66%|██████▌   | 134/204 [01:04<00:28,  2.47it/s]
Processing frames:  66%|██████▌   | 135/204 [01:05<00:28,  2.44it/s]
Processing frames:  67%|██████▋   | 136/204 [01:05<00:27,  2.48it/s]
Processing frames:  67%|██████▋   | 137/204 [01:05<00:26,  2.50it/s]
Processing frames:  68%|██████▊   | 138/204 [01:06<00:26,  2.50it/s]
Processing frames:  68%|██████▊   | 139/204 [01:06<00:28,  2.26it/s]
Processing frames:  69%|██████▊   | 140/204 [01:07<00:27,  2.34it/s]
Processing frames:  69%|██████▉   | 141/204 [01:07<00:26,  2.41it/s]
Processing frames:  70%|██████▉   | 142/204 [01:08<00:25,  2.44it/s]
Processing frames:  70%|███████   | 143/204 [01:08<00:25,  2.42it/s]
Processing frames:  71%|███████   | 144/204 [01:08<00:25,  2.39it/s]
Processing frames:  71%|███████   | 145/204 [01:09<00:24,  2.44it/s]
Processing frames:  72%|███████▏  | 146/204 [01:09<00:23,  2.48it/s]
Processing frames:  72%|███████▏  | 147/204 [01:10<00:22,  2.49it/s]
Processing frames:  73%|███████▎  | 148/204 [01:10<00:22,  2.47it/s]
Processing frames:  73%|███████▎  | 149/204 [01:10<00:22,  2.46it/s]
Processing frames:  74%|███████▎  | 150/204 [01:11<00:21,  2.48it/s]
Processing frames:  74%|███████▍  | 151/204 [01:11<00:21,  2.50it/s]
Processing frames:  75%|███████▍  | 152/204 [01:12<00:20,  2.52it/s]
Processing frames:  75%|███████▌  | 153/204 [01:12<00:20,  2.53it/s]
Processing frames:  75%|███████▌  | 154/204 [01:12<00:19,  2.51it/s]
Processing frames:  76%|███████▌  | 155/204 [01:13<00:19,  2.51it/s]
Processing frames:  76%|███████▋  | 156/204 [01:13<00:19,  2.51it/s]
Processing frames:  77%|███████▋  | 157/204 [01:14<00:18,  2.49it/s]
Processing frames:  77%|███████▋  | 158/204 [01:14<00:18,  2.49it/s]
Processing frames:  78%|███████▊  | 159/204 [01:14<00:18,  2.49it/s]
Processing frames:  78%|███████▊  | 160/204 [01:15<00:17,  2.51it/s]
Processing frames:  79%|███████▉  | 161/204 [01:15<00:17,  2.51it/s]
Processing frames:  79%|███████▉  | 162/204 [01:16<00:17,  2.33it/s]
Processing frames:  80%|███████▉  | 163/204 [01:16<00:17,  2.36it/s]
Processing frames:  80%|████████  | 164/204 [01:16<00:16,  2.41it/s]
Processing frames:  81%|████████  | 165/204 [01:17<00:15,  2.45it/s]
Processing frames:  81%|████████▏ | 166/204 [01:17<00:15,  2.46it/s]
Processing frames:  82%|████████▏ | 167/204 [01:18<00:15,  2.45it/s]
Processing frames:  82%|████████▏ | 168/204 [01:18<00:14,  2.47it/s]
Processing frames:  83%|████████▎ | 169/204 [01:18<00:14,  2.49it/s]
Processing frames:  83%|████████▎ | 170/204 [01:19<00:13,  2.49it/s]
Processing frames:  84%|████████▍ | 171/204 [01:19<00:13,  2.48it/s]
Processing frames:  84%|████████▍ | 172/204 [01:20<00:12,  2.47it/s]
Processing frames:  85%|████████▍ | 173/204 [01:20<00:12,  2.48it/s]
Processing frames:  85%|████████▌ | 174/204 [01:20<00:12,  2.50it/s]
Processing frames:  86%|████████▌ | 175/204 [01:21<00:11,  2.47it/s]
Processing frames:  86%|████████▋ | 176/204 [01:21<00:11,  2.49it/s]
Processing frames:  87%|████████▋ | 177/204 [01:22<00:10,  2.48it/s]
Processing frames:  87%|████████▋ | 178/204 [01:22<00:10,  2.45it/s]
Processing frames:  88%|████████▊ | 179/204 [01:23<00:10,  2.42it/s]
Processing frames:  88%|████████▊ | 180/204 [01:23<00:10,  2.39it/s]
Processing frames:  89%|████████▊ | 181/204 [01:23<00:09,  2.36it/s]
Processing frames:  89%|████████▉ | 182/204 [01:24<00:09,  2.36it/s]
Processing frames:  90%|████████▉ | 183/204 [01:24<00:08,  2.42it/s]
Processing frames:  90%|█████████ | 184/204 [01:25<00:08,  2.46it/s]
Processing frames:  91%|█████████ | 185/204 [01:25<00:07,  2.46it/s]
Processing frames:  91%|█████████ | 186/204 [01:25<00:07,  2.49it/s]
Processing frames:  92%|█████████▏| 187/204 [01:26<00:06,  2.46it/s]
Processing frames:  92%|█████████▏| 188/204 [01:26<00:06,  2.49it/s]
Processing frames:  93%|█████████▎| 189/204 [01:27<00:05,  2.50it/s]
Processing frames:  93%|█████████▎| 190/204 [01:27<00:05,  2.52it/s]
Processing frames:  94%|█████████▎| 191/204 [01:27<00:05,  2.53it/s]
Processing frames:  94%|█████████▍| 192/204 [01:28<00:04,  2.51it/s]
Processing frames:  95%|█████████▍| 193/204 [01:28<00:04,  2.52it/s]
Processing frames:  95%|█████████▌| 194/204 [01:29<00:03,  2.53it/s]
Processing frames:  96%|█████████▌| 195/204 [01:29<00:03,  2.54it/s]
Processing frames:  96%|█████████▌| 196/204 [01:29<00:03,  2.53it/s]
Processing frames:  97%|█████████▋| 197/204 [01:30<00:02,  2.54it/s]
Processing frames:  97%|█████████▋| 198/204 [01:30<00:02,  2.54it/s]
Processing frames:  98%|█████████▊| 199/204 [01:31<00:01,  2.51it/s]
Processing frames:  98%|█████████▊| 200/204 [01:31<00:01,  2.47it/s]
Processing frames:  99%|█████████▊| 201/204 [01:31<00:01,  2.47it/s]
Processing frames:  99%|█████████▉| 202/204 [01:32<00:00,  2.49it/s]
Processing frames: 100%|█████████▉| 203/204 [01:32<00:00,  2.49it/s]
Processing frames: 100%|██████████| 204/204 [01:33<00:00,  2.45it/s]
Processing frames: 100%|██████████| 204/204 [01:33<00:00,  2.19it/s]

Processing frames:   0%|          | 0/143 [00:00<?, ?it/s]
Processing frames:   1%|          | 1/143 [00:00<01:01,  2.32it/s]
Processing frames:   1%|▏         | 2/143 [00:00<01:00,  2.34it/s]
Processing frames:   2%|▏         | 3/143 [00:01<00:59,  2.34it/s]
Processing frames:   3%|▎         | 4/143 [00:01<01:00,  2.31it/s]
Processing frames:   3%|▎         | 5/143 [00:02<00:59,  2.32it/s]
Processing frames:   4%|▍         | 6/143 [00:02<00:58,  2.33it/s]
Processing frames:   5%|▍         | 7/143 [00:02<00:57,  2.35it/s]
Processing frames:   6%|▌         | 8/143 [00:03<00:57,  2.36it/s]
Processing frames:   6%|▋         | 9/143 [00:03<00:56,  2.36it/s]
Processing frames:   7%|▋         | 10/143 [00:04<00:56,  2.37it/s]
Processing frames:   8%|▊         | 11/143 [00:04<00:55,  2.37it/s]
Processing frames:   8%|▊         | 12/143 [00:05<00:55,  2.37it/s]
Processing frames:   9%|▉         | 13/143 [00:05<00:54,  2.37it/s]
Processing frames:  10%|▉         | 14/143 [00:05<00:54,  2.35it/s]
Processing frames:  10%|█         | 15/143 [00:06<00:54,  2.34it/s]
Processing frames:  11%|█         | 16/143 [00:06<00:54,  2.34it/s]
Processing frames:  12%|█▏        | 17/143 [00:07<00:54,  2.31it/s]
Processing frames:  13%|█▎        | 18/143 [00:07<00:54,  2.31it/s]
Processing frames:  13%|█▎        | 19/143 [00:08<00:52,  2.36it/s]
Processing frames:  14%|█▍        | 20/143 [00:08<00:51,  2.38it/s]
Processing frames:  15%|█▍        | 21/143 [00:08<00:50,  2.40it/s]
Processing frames:  15%|█▌        | 22/143 [00:09<00:50,  2.40it/s]
Processing frames:  16%|█▌        | 23/143 [00:09<00:49,  2.42it/s]
Processing frames:  17%|█▋        | 24/143 [00:10<00:48,  2.44it/s]
Processing frames:  17%|█▋        | 25/143 [00:10<00:48,  2.44it/s]
Processing frames:  18%|█▊        | 26/143 [00:10<00:47,  2.44it/s]
Processing frames:  19%|█▉        | 27/143 [00:11<00:47,  2.44it/s]
Processing frames:  20%|█▉        | 28/143 [00:11<00:47,  2.42it/s]
Processing frames:  20%|██        | 29/143 [00:12<00:47,  2.41it/s]
Processing frames:  21%|██        | 30/143 [00:12<00:46,  2.43it/s]
Processing frames:  22%|██▏       | 31/143 [00:13<00:46,  2.42it/s]
Processing frames:  22%|██▏       | 32/143 [00:13<00:45,  2.42it/s]
Processing frames:  23%|██▎       | 33/143 [00:13<00:45,  2.43it/s]
Processing frames:  24%|██▍       | 34/143 [00:14<00:45,  2.41it/s]
Processing frames:  24%|██▍       | 35/143 [00:14<00:45,  2.38it/s]
Processing frames:  25%|██▌       | 36/143 [00:15<00:44,  2.38it/s]
Processing frames:  26%|██▌       | 37/143 [00:15<00:44,  2.39it/s]
Processing frames:  27%|██▋       | 38/143 [00:15<00:44,  2.37it/s]
Processing frames:  27%|██▋       | 39/143 [00:16<00:43,  2.38it/s]
Processing frames:  28%|██▊       | 40/143 [00:16<00:43,  2.35it/s]
Processing frames:  29%|██▊       | 41/143 [00:17<00:44,  2.31it/s]
Processing frames:  29%|██▉       | 42/143 [00:17<00:43,  2.34it/s]
Processing frames:  30%|███       | 43/143 [00:18<00:42,  2.35it/s]
Processing frames:  31%|███       | 44/143 [00:18<00:41,  2.37it/s]
Processing frames:  31%|███▏      | 45/143 [00:19<00:44,  2.23it/s]
Processing frames:  32%|███▏      | 46/143 [00:19<00:42,  2.28it/s]
Processing frames:  33%|███▎      | 47/143 [00:19<00:41,  2.32it/s]
Processing frames:  34%|███▎      | 48/143 [00:20<00:40,  2.35it/s]
Processing frames:  34%|███▍      | 49/143 [00:20<00:39,  2.40it/s]
Processing frames:  35%|███▍      | 50/143 [00:21<00:38,  2.43it/s]
Processing frames:  36%|███▌      | 51/143 [00:21<00:43,  2.12it/s]
Processing frames:  36%|███▋      | 52/143 [00:22<00:41,  2.21it/s]
Processing frames:  37%|███▋      | 53/143 [00:22<00:39,  2.29it/s]
Processing frames:  38%|███▊      | 54/143 [00:22<00:37,  2.34it/s]
Processing frames:  38%|███▊      | 55/143 [00:23<00:37,  2.36it/s]
Processing frames:  39%|███▉      | 56/143 [00:23<00:36,  2.36it/s]
Processing frames:  40%|███▉      | 57/143 [00:24<00:36,  2.37it/s]
Processing frames:  41%|████      | 58/143 [00:24<00:35,  2.41it/s]
Processing frames:  41%|████▏     | 59/143 [00:24<00:34,  2.44it/s]
Processing frames:  42%|████▏     | 60/143 [00:25<00:34,  2.44it/s]
Processing frames:  43%|████▎     | 61/143 [00:25<00:34,  2.40it/s]
Processing frames:  43%|████▎     | 62/143 [00:26<00:33,  2.41it/s]
Processing frames:  44%|████▍     | 63/143 [00:26<00:33,  2.40it/s]
Processing frames:  45%|████▍     | 64/143 [00:27<00:32,  2.42it/s]
Processing frames:  45%|████▌     | 65/143 [00:27<00:31,  2.44it/s]
Processing frames:  46%|████▌     | 66/143 [00:27<00:32,  2.37it/s]
Processing frames:  47%|████▋     | 67/143 [00:28<00:31,  2.41it/s]
Processing frames:  48%|████▊     | 68/143 [00:28<00:30,  2.44it/s]
Processing frames:  48%|████▊     | 69/143 [00:29<00:30,  2.45it/s]
Processing frames:  49%|████▉     | 70/143 [00:29<00:29,  2.47it/s]
Processing frames:  50%|████▉     | 71/143 [00:29<00:29,  2.46it/s]
Processing frames:  50%|█████     | 72/143 [00:30<00:28,  2.48it/s]
Processing frames:  51%|█████     | 73/143 [00:30<00:28,  2.47it/s]
Processing frames:  52%|█████▏    | 74/143 [00:31<00:28,  2.46it/s]
Processing frames:  52%|█████▏    | 75/143 [00:31<00:27,  2.46it/s]
Processing frames:  53%|█████▎    | 76/143 [00:31<00:27,  2.41it/s]
Processing frames:  54%|█████▍    | 77/143 [00:32<00:27,  2.39it/s]
Processing frames:  55%|█████▍    | 78/143 [00:32<00:27,  2.38it/s]
Processing frames:  55%|█████▌    | 79/143 [00:33<00:26,  2.42it/s]
Processing frames:  56%|█████▌    | 80/143 [00:33<00:25,  2.42it/s]
Processing frames:  57%|█████▋    | 81/143 [00:34<00:25,  2.45it/s]
Processing frames:  57%|█████▋    | 82/143 [00:34<00:24,  2.45it/s]
Processing frames:  58%|█████▊    | 83/143 [00:34<00:24,  2.47it/s]
Processing frames:  59%|█████▊    | 84/143 [00:35<00:24,  2.46it/s]
Processing frames:  59%|█████▉    | 85/143 [00:35<00:23,  2.47it/s]
Processing frames:  60%|██████    | 86/143 [00:36<00:23,  2.47it/s]
Processing frames:  61%|██████    | 87/143 [00:36<00:22,  2.45it/s]
Processing frames:  62%|██████▏   | 88/143 [00:36<00:22,  2.42it/s]
Processing frames:  62%|██████▏   | 89/143 [00:37<00:22,  2.44it/s]
Processing frames:  63%|██████▎   | 90/143 [00:37<00:21,  2.44it/s]
Processing frames:  64%|██████▎   | 91/143 [00:38<00:21,  2.43it/s]
Processing frames:  64%|██████▍   | 92/143 [00:38<00:21,  2.39it/s]
Processing frames:  65%|██████▌   | 93/143 [00:38<00:21,  2.32it/s]
Processing frames:  66%|██████▌   | 94/143 [00:39<00:20,  2.37it/s]
Processing frames:  66%|██████▋   | 95/143 [00:39<00:20,  2.39it/s]
Processing frames:  67%|██████▋   | 96/143 [00:40<00:19,  2.37it/s]
Processing frames:  68%|██████▊   | 97/143 [00:40<00:19,  2.33it/s]
Processing frames:  69%|██████▊   | 98/143 [00:41<00:19,  2.33it/s]
Processing frames:  69%|██████▉   | 99/143 [00:41<00:18,  2.37it/s]
Processing frames:  70%|██████▉   | 100/143 [00:41<00:17,  2.40it/s]
Processing frames:  71%|███████   | 101/143 [00:42<00:17,  2.43it/s]
Processing frames:  71%|███████▏  | 102/143 [00:42<00:16,  2.44it/s]
Processing frames:  72%|███████▏  | 103/143 [00:43<00:16,  2.45it/s]
Processing frames:  73%|███████▎  | 104/143 [00:43<00:16,  2.43it/s]
Processing frames:  73%|███████▎  | 105/143 [00:43<00:15,  2.44it/s]
Processing frames:  74%|███████▍  | 106/143 [00:44<00:15,  2.43it/s]
Processing frames:  75%|███████▍  | 107/143 [00:44<00:14,  2.45it/s]
Processing frames:  76%|███████▌  | 108/143 [00:45<00:14,  2.46it/s]
Processing frames:  76%|███████▌  | 109/143 [00:45<00:13,  2.47it/s]
Processing frames:  77%|███████▋  | 110/143 [00:45<00:13,  2.47it/s]
Processing frames:  78%|███████▊  | 111/143 [00:46<00:12,  2.47it/s]
Processing frames:  78%|███████▊  | 112/143 [00:46<00:12,  2.40it/s]
Processing frames:  79%|███████▉  | 113/143 [00:47<00:12,  2.33it/s]
Processing frames:  80%|███████▉  | 114/143 [00:47<00:12,  2.35it/s]
Processing frames:  80%|████████  | 115/143 [00:48<00:11,  2.39it/s]
Processing frames:  81%|████████  | 116/143 [00:48<00:11,  2.38it/s]
Processing frames:  82%|████████▏ | 117/143 [00:48<00:10,  2.38it/s]
Processing frames:  83%|████████▎ | 118/143 [00:49<00:10,  2.40it/s]
Processing frames:  83%|████████▎ | 119/143 [00:49<00:10,  2.39it/s]
Processing frames:  84%|████████▍ | 120/143 [00:50<00:09,  2.37it/s]
Processing frames:  85%|████████▍ | 121/143 [00:50<00:09,  2.37it/s]
Processing frames:  85%|████████▌ | 122/143 [00:51<00:09,  2.32it/s]
Processing frames:  86%|████████▌ | 123/143 [00:51<00:08,  2.29it/s]
Processing frames:  87%|████████▋ | 124/143 [00:51<00:08,  2.32it/s]
Processing frames:  87%|████████▋ | 125/143 [00:52<00:07,  2.37it/s]
Processing frames:  88%|████████▊ | 126/143 [00:52<00:07,  2.37it/s]
Processing frames:  89%|████████▉ | 127/143 [00:53<00:06,  2.40it/s]
Processing frames:  90%|████████▉ | 128/143 [00:53<00:06,  2.27it/s]
Processing frames:  90%|█████████ | 129/143 [00:54<00:06,  2.26it/s]
Processing frames:  91%|█████████ | 130/143 [00:54<00:05,  2.29it/s]
Processing frames:  92%|█████████▏| 131/143 [00:54<00:05,  2.31it/s]
Processing frames:  92%|█████████▏| 132/143 [00:55<00:04,  2.33it/s]
Processing frames:  93%|█████████▎| 133/143 [00:55<00:04,  2.37it/s]
Processing frames:  94%|█████████▎| 134/143 [00:56<00:03,  2.37it/s]
Processing frames:  94%|█████████▍| 135/143 [00:56<00:03,  2.41it/s]
Processing frames:  95%|█████████▌| 136/143 [00:57<00:02,  2.36it/s]
Processing frames:  96%|█████████▌| 137/143 [00:57<00:02,  2.39it/s]
Processing frames:  97%|█████████▋| 138/143 [00:57<00:02,  2.41it/s]
Processing frames:  97%|█████████▋| 139/143 [00:58<00:01,  2.43it/s]
Processing frames:  98%|█████████▊| 140/143 [00:58<00:01,  2.39it/s]
Processing frames:  99%|█████████▊| 141/143 [00:59<00:00,  2.35it/s]
Processing frames:  99%|█████████▉| 142/143 [00:59<00:00,  2.34it/s]
Processing frames: 100%|██████████| 143/143 [01:00<00:00,  2.33it/s]
Processing frames: 100%|██████████| 143/143 [01:00<00:00,  2.38it/s]

Processing frames:   0%|          | 0/5 [00:00<?, ?it/s]
Processing frames:  20%|██        | 1/5 [00:00<00:01,  2.15it/s]
Processing frames:  40%|████      | 2/5 [00:00<00:01,  2.13it/s]
Processing frames:  60%|██████    | 3/5 [00:01<00:00,  2.15it/s]
Processing frames:  80%|████████  | 4/5 [00:01<00:00,  2.16it/s]
Processing frames: 100%|██████████| 5/5 [00:02<00:00,  2.15it/s]
Processing frames: 100%|██████████| 5/5 [00:02<00:00,  2.15it/s]

Processing frames:   0%|          | 0/52 [00:00<?, ?it/s]
Processing frames:   2%|▏         | 1/52 [00:00<00:20,  2.44it/s]
Processing frames:   4%|▍         | 2/52 [00:00<00:20,  2.43it/s]
Processing frames:   6%|▌         | 3/52 [00:01<00:20,  2.43it/s]
Processing frames:   8%|▊         | 4/52 [00:01<00:20,  2.36it/s]
Processing frames:  10%|▉         | 5/52 [00:02<00:20,  2.34it/s]
Processing frames:  12%|█▏        | 6/52 [00:02<00:19,  2.38it/s]
Processing frames:  13%|█▎        | 7/52 [00:02<00:19,  2.36it/s]
Processing frames:  15%|█▌        | 8/52 [00:03<00:18,  2.38it/s]
Processing frames:  17%|█▋        | 9/52 [00:03<00:17,  2.39it/s]
Processing frames:  19%|█▉        | 10/52 [00:04<00:17,  2.37it/s]
Processing frames:  21%|██        | 11/52 [00:04<00:17,  2.40it/s]
Processing frames:  23%|██▎       | 12/52 [00:05<00:16,  2.41it/s]
Processing frames:  25%|██▌       | 13/52 [00:05<00:16,  2.43it/s]
Processing frames:  27%|██▋       | 14/52 [00:05<00:15,  2.42it/s]
Processing frames:  29%|██▉       | 15/52 [00:06<00:15,  2.38it/s]
Processing frames:  31%|███       | 16/52 [00:06<00:15,  2.39it/s]
Processing frames:  33%|███▎      | 17/52 [00:07<00:14,  2.41it/s]
Processing frames:  35%|███▍      | 18/52 [00:07<00:14,  2.37it/s]
Processing frames:  37%|███▋      | 19/52 [00:07<00:14,  2.31it/s]
Processing frames:  38%|███▊      | 20/52 [00:08<00:13,  2.31it/s]
Processing frames:  40%|████      | 21/52 [00:08<00:13,  2.34it/s]
Processing frames:  42%|████▏     | 22/52 [00:09<00:12,  2.35it/s]
Processing frames:  44%|████▍     | 23/52 [00:09<00:12,  2.33it/s]
Processing frames:  46%|████▌     | 24/52 [00:10<00:12,  2.25it/s]
Processing frames:  48%|████▊     | 25/52 [00:10<00:11,  2.29it/s]
Processing frames:  50%|█████     | 26/52 [00:11<00:11,  2.29it/s]
Processing frames:  52%|█████▏    | 27/52 [00:11<00:10,  2.34it/s]
Processing frames:  54%|█████▍    | 28/52 [00:11<00:10,  2.39it/s]
Processing frames:  56%|█████▌    | 29/52 [00:12<00:09,  2.41it/s]
Processing frames:  58%|█████▊    | 30/52 [00:12<00:09,  2.40it/s]
Processing frames:  60%|█████▉    | 31/52 [00:13<00:08,  2.40it/s]
Processing frames:  62%|██████▏   | 32/52 [00:13<00:08,  2.40it/s]
Processing frames:  63%|██████▎   | 33/52 [00:13<00:07,  2.39it/s]
Processing frames:  65%|██████▌   | 34/52 [00:14<00:07,  2.41it/s]
Processing frames:  67%|██████▋   | 35/52 [00:14<00:07,  2.43it/s]
Processing frames:  69%|██████▉   | 36/52 [00:15<00:06,  2.42it/s]
Processing frames:  71%|███████   | 37/52 [00:15<00:06,  2.44it/s]
Processing frames:  73%|███████▎  | 38/52 [00:15<00:05,  2.42it/s]
Processing frames:  75%|███████▌  | 39/52 [00:16<00:05,  2.42it/s]
Processing frames:  77%|███████▋  | 40/52 [00:16<00:04,  2.42it/s]
Processing frames:  79%|███████▉  | 41/52 [00:17<00:04,  2.41it/s]
Processing frames:  81%|████████  | 42/52 [00:17<00:04,  2.43it/s]
Processing frames:  83%|████████▎ | 43/52 [00:18<00:03,  2.37it/s]
Processing frames:  85%|████████▍ | 44/52 [00:18<00:03,  2.39it/s]
Processing frames:  87%|████████▋ | 45/52 [00:18<00:02,  2.40it/s]
Processing frames:  88%|████████▊ | 46/52 [00:19<00:02,  2.40it/s]
Processing frames:  90%|█████████ | 47/52 [00:19<00:02,  2.41it/s]
Processing frames:  92%|█████████▏| 48/52 [00:20<00:01,  2.43it/s]
Processing frames:  94%|█████████▍| 49/52 [00:20<00:01,  2.36it/s]
Processing frames:  96%|█████████▌| 50/52 [00:20<00:00,  2.39it/s]
Processing frames:  98%|█████████▊| 51/52 [00:21<00:00,  2.43it/s]
Processing frames: 100%|██████████| 52/52 [00:21<00:00,  2.42it/s]
Processing frames: 100%|██████████| 52/52 [00:21<00:00,  2.39it/s]

Processing frames:   0%|          | 0/363 [00:00<?, ?it/s]
Processing frames:   0%|          | 1/363 [00:00<04:00,  1.50it/s]
Processing frames:   1%|          | 2/363 [00:01<03:42,  1.62it/s]
Processing frames:   1%|          | 3/363 [00:01<03:35,  1.67it/s]
Processing frames:   1%|          | 4/363 [00:02<03:32,  1.69it/s]
Processing frames:   1%|▏         | 5/363 [00:02<03:29,  1.71it/s]
Processing frames:   2%|▏         | 6/363 [00:03<03:29,  1.71it/s]
Processing frames:   2%|▏         | 7/363 [00:04<03:34,  1.66it/s]
Processing frames:   2%|▏         | 8/363 [00:04<03:28,  1.70it/s]
Processing frames:   2%|▏         | 9/363 [00:05<03:26,  1.72it/s]
Processing frames:   3%|▎         | 10/363 [00:05<03:27,  1.70it/s]
Processing frames:   3%|▎         | 11/363 [00:06<03:26,  1.70it/s]
Processing frames:   3%|▎         | 12/363 [00:07<03:23,  1.73it/s]
Processing frames:   4%|▎         | 13/363 [00:07<03:20,  1.74it/s]
Processing frames:   4%|▍         | 14/363 [00:08<03:20,  1.74it/s]
Processing frames:   4%|▍         | 15/363 [00:08<03:18,  1.75it/s]
Processing frames:   4%|▍         | 16/363 [00:09<03:19,  1.74it/s]
Processing frames:   5%|▍         | 17/363 [00:09<03:17,  1.75it/s]
Processing frames:   5%|▍         | 18/363 [00:10<03:17,  1.74it/s]
Processing frames:   5%|▌         | 19/363 [00:11<03:16,  1.75it/s]
Processing frames:   6%|▌         | 20/363 [00:11<03:15,  1.76it/s]
Processing frames:   6%|▌         | 21/363 [00:12<03:13,  1.76it/s]
Processing frames:   6%|▌         | 22/363 [00:12<03:14,  1.76it/s]
Processing frames:   6%|▋         | 23/363 [00:13<03:14,  1.75it/s]
Processing frames:   7%|▋         | 24/363 [00:13<03:21,  1.68it/s]
Processing frames:   7%|▋         | 25/363 [00:14<03:17,  1.71it/s]
Processing frames:   7%|▋         | 26/363 [00:15<03:17,  1.71it/s]
Processing frames:   7%|▋         | 27/363 [00:15<03:15,  1.71it/s]
Processing frames:   8%|▊         | 28/363 [00:16<03:13,  1.73it/s]
Processing frames:   8%|▊         | 29/363 [00:17<03:32,  1.57it/s]
Processing frames:   8%|▊         | 30/363 [00:17<03:24,  1.63it/s]
Processing frames:   9%|▊         | 31/363 [00:18<03:16,  1.69it/s]
Processing frames:   9%|▉         | 32/363 [00:18<03:16,  1.68it/s]
Processing frames:   9%|▉         | 33/363 [00:19<03:14,  1.70it/s]
Processing frames:   9%|▉         | 34/363 [00:19<03:11,  1.72it/s]
Processing frames:  10%|▉         | 35/363 [00:20<03:06,  1.76it/s]
Processing frames:  10%|▉         | 36/363 [00:20<03:04,  1.77it/s]
Processing frames:  10%|█         | 37/363 [00:21<03:02,  1.79it/s]
Processing frames:  10%|█         | 38/363 [00:22<02:59,  1.81it/s]
Processing frames:  11%|█         | 39/363 [00:22<02:59,  1.80it/s]
Processing frames:  11%|█         | 40/363 [00:23<03:00,  1.78it/s]
Processing frames:  11%|█▏        | 41/363 [00:23<03:00,  1.78it/s]
Processing frames:  12%|█▏        | 42/363 [00:24<03:00,  1.78it/s]
Processing frames:  12%|█▏        | 43/363 [00:24<03:00,  1.77it/s]
Processing frames:  12%|█▏        | 44/363 [00:25<02:59,  1.77it/s]
Processing frames:  12%|█▏        | 45/363 [00:26<02:59,  1.78it/s]
Processing frames:  13%|█▎        | 46/363 [00:26<03:01,  1.75it/s]
Processing frames:  13%|█▎        | 47/363 [00:27<02:59,  1.76it/s]
Processing frames:  13%|█▎        | 48/363 [00:27<02:58,  1.76it/s]
Processing frames:  13%|█▎        | 49/363 [00:28<02:58,  1.76it/s]
Processing frames:  14%|█▍        | 50/363 [00:28<02:58,  1.75it/s]
Processing frames:  14%|█▍        | 51/363 [00:29<02:57,  1.76it/s]
Processing frames:  14%|█▍        | 52/363 [00:30<02:56,  1.77it/s]
Processing frames:  15%|█▍        | 53/363 [00:30<02:55,  1.77it/s]
Processing frames:  15%|█▍        | 54/363 [00:31<02:55,  1.76it/s]
Processing frames:  15%|█▌        | 55/363 [00:31<02:54,  1.77it/s]
Processing frames:  15%|█▌        | 56/363 [00:32<02:53,  1.77it/s]
Processing frames:  16%|█▌        | 57/363 [00:33<03:08,  1.62it/s]
Processing frames:  16%|█▌        | 58/363 [00:33<03:03,  1.66it/s]
Processing frames:  16%|█▋        | 59/363 [00:34<02:59,  1.70it/s]
Processing frames:  17%|█▋        | 60/363 [00:34<02:57,  1.71it/s]
Processing frames:  17%|█▋        | 61/363 [00:35<02:55,  1.72it/s]
Processing frames:  17%|█▋        | 62/363 [00:35<02:56,  1.71it/s]
Processing frames:  17%|█▋        | 63/363 [00:36<02:54,  1.72it/s]
Processing frames:  18%|█▊        | 64/363 [00:37<02:51,  1.74it/s]
Processing frames:  18%|█▊        | 65/363 [00:37<02:49,  1.76it/s]
Processing frames:  18%|█▊        | 66/363 [00:38<02:47,  1.78it/s]
Processing frames:  18%|█▊        | 67/363 [00:38<02:50,  1.73it/s]
Processing frames:  19%|█▊        | 68/363 [00:39<02:48,  1.75it/s]
Processing frames:  19%|█▉        | 69/363 [00:39<02:47,  1.76it/s]
Processing frames:  19%|█▉        | 70/363 [00:40<02:46,  1.76it/s]
Processing frames:  20%|█▉        | 71/363 [00:40<02:46,  1.76it/s]
Processing frames:  20%|█▉        | 72/363 [00:41<02:44,  1.77it/s]
Processing frames:  20%|██        | 73/363 [00:42<02:44,  1.76it/s]
Processing frames:  20%|██        | 74/363 [00:42<02:43,  1.77it/s]
Processing frames:  21%|██        | 75/363 [00:43<02:44,  1.76it/s]
Processing frames:  21%|██        | 76/363 [00:43<02:48,  1.70it/s]
Processing frames:  21%|██        | 77/363 [00:44<02:46,  1.72it/s]
Processing frames:  21%|██▏       | 78/363 [00:45<02:44,  1.73it/s]
Processing frames:  22%|██▏       | 79/363 [00:45<02:46,  1.70it/s]
Processing frames:  22%|██▏       | 80/363 [00:46<02:43,  1.73it/s]
Processing frames:  22%|██▏       | 81/363 [00:46<02:41,  1.75it/s]
Processing frames:  23%|██▎       | 82/363 [00:47<02:39,  1.76it/s]
Processing frames:  23%|██▎       | 83/363 [00:47<02:38,  1.76it/s]
Processing frames:  23%|██▎       | 84/363 [00:48<02:39,  1.74it/s]
Processing frames:  23%|██▎       | 85/363 [00:49<02:39,  1.75it/s]
Processing frames:  24%|██▎       | 86/363 [00:49<02:36,  1.77it/s]
Processing frames:  24%|██▍       | 87/363 [00:50<02:35,  1.78it/s]
Processing frames:  24%|██▍       | 88/363 [00:50<02:34,  1.78it/s]
Processing frames:  25%|██▍       | 89/363 [00:51<02:33,  1.78it/s]
Processing frames:  25%|██▍       | 90/363 [00:51<02:33,  1.78it/s]
Processing frames:  25%|██▌       | 91/363 [00:52<02:32,  1.78it/s]
Processing frames:  25%|██▌       | 92/363 [00:52<02:32,  1.77it/s]
Processing frames:  26%|██▌       | 93/363 [00:53<02:32,  1.77it/s]
Processing frames:  26%|██▌       | 94/363 [00:54<02:30,  1.78it/s]
Processing frames:  26%|██▌       | 95/363 [00:54<02:29,  1.79it/s]
Processing frames:  26%|██▋       | 96/363 [00:55<02:28,  1.79it/s]
Processing frames:  27%|██▋       | 97/363 [00:55<02:28,  1.79it/s]
Processing frames:  27%|██▋       | 98/363 [00:56<02:28,  1.78it/s]
Processing frames:  27%|██▋       | 99/363 [00:56<02:28,  1.78it/s]
Processing frames:  28%|██▊       | 100/363 [00:57<02:27,  1.79it/s]
Processing frames:  28%|██▊       | 101/363 [00:57<02:25,  1.80it/s]
Processing frames:  28%|██▊       | 102/363 [00:58<02:25,  1.79it/s]
Processing frames:  28%|██▊       | 103/363 [00:59<02:26,  1.77it/s]
Processing frames:  29%|██▊       | 104/363 [00:59<02:25,  1.77it/s]
Processing frames:  29%|██▉       | 105/363 [01:00<02:23,  1.79it/s]
Processing frames:  29%|██▉       | 106/363 [01:00<02:22,  1.80it/s]
Processing frames:  29%|██▉       | 107/363 [01:01<02:21,  1.80it/s]
Processing frames:  30%|██▉       | 108/363 [01:01<02:21,  1.81it/s]
Processing frames:  30%|███       | 109/363 [01:02<02:19,  1.82it/s]
Processing frames:  30%|███       | 110/363 [01:02<02:21,  1.78it/s]
Processing frames:  31%|███       | 111/363 [01:03<02:22,  1.77it/s]
Processing frames:  31%|███       | 112/363 [01:04<02:22,  1.76it/s]
Processing frames:  31%|███       | 113/363 [01:04<02:23,  1.74it/s]
Processing frames:  31%|███▏      | 114/363 [01:05<02:23,  1.73it/s]
Processing frames:  32%|███▏      | 115/363 [01:05<02:22,  1.74it/s]
Processing frames:  32%|███▏      | 116/363 [01:06<02:22,  1.73it/s]
Processing frames:  32%|███▏      | 117/363 [01:07<02:22,  1.73it/s]
Processing frames:  33%|███▎      | 118/363 [01:07<02:20,  1.74it/s]
Processing frames:  33%|███▎      | 119/363 [01:08<02:19,  1.75it/s]
Processing frames:  33%|███▎      | 120/363 [01:08<02:18,  1.76it/s]
Processing frames:  33%|███▎      | 121/363 [01:09<02:17,  1.75it/s]
Processing frames:  34%|███▎      | 122/363 [01:09<02:16,  1.76it/s]
Processing frames:  34%|███▍      | 123/363 [01:10<02:16,  1.76it/s]
Processing frames:  34%|███▍      | 124/363 [01:11<02:16,  1.75it/s]
Processing frames:  34%|███▍      | 125/363 [01:11<02:16,  1.74it/s]
Processing frames:  35%|███▍      | 126/363 [01:12<02:19,  1.70it/s]
Processing frames:  35%|███▍      | 127/363 [01:12<02:19,  1.70it/s]
Processing frames:  35%|███▌      | 128/363 [01:13<02:17,  1.71it/s]
Processing frames:  36%|███▌      | 129/363 [01:13<02:16,  1.72it/s]
Processing frames:  36%|███▌      | 130/363 [01:14<02:14,  1.73it/s]
Processing frames:  36%|███▌      | 131/363 [01:15<02:13,  1.74it/s]
Processing frames:  36%|███▋      | 132/363 [01:15<02:13,  1.74it/s]
Processing frames:  37%|███▋      | 133/363 [01:16<02:12,  1.73it/s]
Processing frames:  37%|███▋      | 134/363 [01:16<02:12,  1.73it/s]
Processing frames:  37%|███▋      | 135/363 [01:17<02:10,  1.75it/s]
Processing frames:  37%|███▋      | 136/363 [01:17<02:10,  1.74it/s]
Processing frames:  38%|███▊      | 137/363 [01:18<02:09,  1.74it/s]
Processing frames:  38%|███▊      | 138/363 [01:19<02:10,  1.73it/s]
Processing frames:  38%|███▊      | 139/363 [01:19<02:09,  1.73it/s]
Processing frames:  39%|███▊      | 140/363 [01:20<02:08,  1.73it/s]
Processing frames:  39%|███▉      | 141/363 [01:20<02:07,  1.74it/s]
Processing frames:  39%|███▉      | 142/363 [01:21<02:07,  1.73it/s]
Processing frames:  39%|███▉      | 143/363 [01:22<02:08,  1.72it/s]
Processing frames:  40%|███▉      | 144/363 [01:22<02:07,  1.72it/s]
Processing frames:  40%|███▉      | 145/363 [01:23<02:06,  1.73it/s]
Processing frames:  40%|████      | 146/363 [01:23<02:05,  1.73it/s]
Processing frames:  40%|████      | 147/363 [01:24<02:05,  1.73it/s]
Processing frames:  41%|████      | 148/363 [01:24<02:02,  1.75it/s]
Processing frames:  41%|████      | 149/363 [01:25<02:00,  1.78it/s]
Processing frames:  41%|████▏     | 150/363 [01:26<01:58,  1.79it/s]
Processing frames:  42%|████▏     | 151/363 [01:26<01:58,  1.78it/s]
Processing frames:  42%|████▏     | 152/363 [01:27<01:58,  1.79it/s]
Processing frames:  42%|████▏     | 153/363 [01:27<01:57,  1.79it/s]
Processing frames:  42%|████▏     | 154/363 [01:28<01:55,  1.81it/s]
Processing frames:  43%|████▎     | 155/363 [01:28<01:55,  1.80it/s]
Processing frames:  43%|████▎     | 156/363 [01:29<01:54,  1.81it/s]
Processing frames:  43%|████▎     | 157/363 [01:29<01:55,  1.79it/s]
Processing frames:  44%|████▎     | 158/363 [01:30<01:55,  1.77it/s]
Processing frames:  44%|████▍     | 159/363 [01:31<01:54,  1.78it/s]
Processing frames:  44%|████▍     | 160/363 [01:31<01:53,  1.79it/s]
Processing frames:  44%|████▍     | 161/363 [01:32<01:53,  1.79it/s]
Processing frames:  45%|████▍     | 162/363 [01:32<01:52,  1.79it/s]
Processing frames:  45%|████▍     | 163/363 [01:33<01:51,  1.79it/s]
Processing frames:  45%|████▌     | 164/363 [01:33<01:50,  1.80it/s]
Processing frames:  45%|████▌     | 165/363 [01:34<01:50,  1.79it/s]
Processing frames:  46%|████▌     | 166/363 [01:34<01:51,  1.77it/s]
Processing frames:  46%|████▌     | 167/363 [01:35<01:50,  1.77it/s]
Processing frames:  46%|████▋     | 168/363 [01:36<01:50,  1.76it/s]
Processing frames:  47%|████▋     | 169/363 [01:36<01:49,  1.76it/s]
Processing frames:  47%|████▋     | 170/363 [01:37<01:48,  1.78it/s]
Processing frames:  47%|████▋     | 171/363 [01:37<01:50,  1.74it/s]
Processing frames:  47%|████▋     | 172/363 [01:38<01:49,  1.75it/s]
Processing frames:  48%|████▊     | 173/363 [01:38<01:47,  1.77it/s]
Processing frames:  48%|████▊     | 174/363 [01:39<01:46,  1.78it/s]
Processing frames:  48%|████▊     | 175/363 [01:40<01:47,  1.76it/s]
Processing frames:  48%|████▊     | 176/363 [01:40<01:46,  1.76it/s]
Processing frames:  49%|████▉     | 177/363 [01:41<01:54,  1.63it/s]
Processing frames:  49%|████▉     | 178/363 [01:41<01:49,  1.68it/s]
Processing frames:  49%|████▉     | 179/363 [01:42<01:47,  1.72it/s]
Processing frames:  50%|████▉     | 180/363 [01:43<01:45,  1.73it/s]
Processing frames:  50%|████▉     | 181/363 [01:43<01:45,  1.73it/s]
Processing frames:  50%|█████     | 182/363 [01:44<01:43,  1.75it/s]
Processing frames:  50%|█████     | 183/363 [01:44<01:41,  1.78it/s]
Processing frames:  51%|█████     | 184/363 [01:45<01:41,  1.77it/s]
Processing frames:  51%|█████     | 185/363 [01:45<01:41,  1.75it/s]
Processing frames:  51%|█████     | 186/363 [01:46<01:41,  1.75it/s]
Processing frames:  52%|█████▏    | 187/363 [01:47<01:40,  1.75it/s]
Processing frames:  52%|█████▏    | 188/363 [01:47<01:39,  1.77it/s]
Processing frames:  52%|█████▏    | 189/363 [01:48<01:38,  1.77it/s]
Processing frames:  52%|█████▏    | 190/363 [01:48<01:38,  1.76it/s]
Processing frames:  53%|█████▎    | 191/363 [01:49<01:37,  1.76it/s]
Processing frames:  53%|█████▎    | 192/363 [01:49<01:36,  1.77it/s]
Processing frames:  53%|█████▎    | 193/363 [01:50<01:37,  1.74it/s]
Processing frames:  53%|█████▎    | 194/363 [01:51<01:37,  1.73it/s]
Processing frames:  54%|█████▎    | 195/363 [01:51<01:36,  1.74it/s]
Processing frames:  54%|█████▍    | 196/363 [01:52<01:36,  1.74it/s]
Processing frames:  54%|█████▍    | 197/363 [01:52<01:34,  1.76it/s]
Processing frames:  55%|█████▍    | 198/363 [01:53<01:33,  1.77it/s]
Processing frames:  55%|█████▍    | 199/363 [01:53<01:32,  1.77it/s]
Processing frames:  55%|█████▌    | 200/363 [01:54<01:31,  1.78it/s]
Processing frames:  55%|█████▌    | 201/363 [01:54<01:31,  1.77it/s]
Processing frames:  56%|█████▌    | 202/363 [01:55<01:31,  1.76it/s]
Processing frames:  56%|█████▌    | 203/363 [01:56<01:30,  1.77it/s]
Processing frames:  56%|█████▌    | 204/363 [01:56<01:30,  1.76it/s]
Processing frames:  56%|█████▋    | 205/363 [01:57<01:29,  1.76it/s]
Processing frames:  57%|█████▋    | 206/363 [01:57<01:28,  1.77it/s]
Processing frames:  57%|█████▋    | 207/363 [01:58<01:27,  1.78it/s]
Processing frames:  57%|█████▋    | 208/363 [01:58<01:27,  1.78it/s]
Processing frames:  58%|█████▊    | 209/363 [01:59<01:26,  1.77it/s]
Processing frames:  58%|█████▊    | 210/363 [02:00<01:26,  1.76it/s]
Processing frames:  58%|█████▊    | 211/363 [02:00<01:26,  1.76it/s]
Processing frames:  58%|█████▊    | 212/363 [02:01<01:25,  1.77it/s]
Processing frames:  59%|█████▊    | 213/363 [02:01<01:24,  1.77it/s]
Processing frames:  59%|█████▉    | 214/363 [02:02<01:24,  1.77it/s]
Processing frames:  59%|█████▉    | 215/363 [02:02<01:23,  1.77it/s]
Processing frames:  60%|█████▉    | 216/363 [02:03<01:23,  1.77it/s]
Processing frames:  60%|█████▉    | 217/363 [02:03<01:22,  1.78it/s]
Processing frames:  60%|██████    | 218/363 [02:04<01:22,  1.77it/s]
Processing frames:  60%|██████    | 219/363 [02:05<01:22,  1.74it/s]
Processing frames:  61%|██████    | 220/363 [02:05<01:21,  1.76it/s]
Processing frames:  61%|██████    | 221/363 [02:06<01:20,  1.77it/s]
Processing frames:  61%|██████    | 222/363 [02:06<01:19,  1.77it/s]
Processing frames:  61%|██████▏   | 223/363 [02:07<01:20,  1.75it/s]
Processing frames:  62%|██████▏   | 224/363 [02:08<01:20,  1.74it/s]
Processing frames:  62%|██████▏   | 225/363 [02:08<01:19,  1.75it/s]
Processing frames:  62%|██████▏   | 226/363 [02:09<01:18,  1.75it/s]
Processing frames:  63%|██████▎   | 227/363 [02:09<01:17,  1.76it/s]
Processing frames:  63%|██████▎   | 228/363 [02:10<01:16,  1.76it/s]
Processing frames:  63%|██████▎   | 229/363 [02:10<01:15,  1.77it/s]
Processing frames:  63%|██████▎   | 230/363 [02:11<01:14,  1.78it/s]
Processing frames:  64%|██████▎   | 231/363 [02:11<01:14,  1.77it/s]
Processing frames:  64%|██████▍   | 232/363 [02:12<01:14,  1.76it/s]
Processing frames:  64%|██████▍   | 233/363 [02:13<01:14,  1.75it/s]
Processing frames:  64%|██████▍   | 234/363 [02:13<01:13,  1.76it/s]
Processing frames:  65%|██████▍   | 235/363 [02:14<01:13,  1.75it/s]
Processing frames:  65%|██████▌   | 236/363 [02:14<01:12,  1.76it/s]
Processing frames:  65%|██████▌   | 237/363 [02:15<01:11,  1.76it/s]
Processing frames:  66%|██████▌   | 238/363 [02:15<01:10,  1.77it/s]
Processing frames:  66%|██████▌   | 239/363 [02:16<01:09,  1.78it/s]
Processing frames:  66%|██████▌   | 240/363 [02:17<01:09,  1.77it/s]
Processing frames:  66%|██████▋   | 241/363 [02:17<01:08,  1.77it/s]
Processing frames:  67%|██████▋   | 242/363 [02:18<01:08,  1.76it/s]
Processing frames:  67%|██████▋   | 243/363 [02:18<01:07,  1.77it/s]
Processing frames:  67%|██████▋   | 244/363 [02:19<01:07,  1.77it/s]
Processing frames:  67%|██████▋   | 245/363 [02:19<01:06,  1.78it/s]
Processing frames:  68%|██████▊   | 246/363 [02:20<01:05,  1.78it/s]
Processing frames:  68%|██████▊   | 247/363 [02:21<01:05,  1.78it/s]
Processing frames:  68%|██████▊   | 248/363 [02:21<01:04,  1.78it/s]
Processing frames:  69%|██████▊   | 249/363 [02:22<01:04,  1.77it/s]
Processing frames:  69%|██████▉   | 250/363 [02:22<01:03,  1.77it/s]
Processing frames:  69%|██████▉   | 251/363 [02:23<01:02,  1.79it/s]
Processing frames:  69%|██████▉   | 252/363 [02:23<01:03,  1.76it/s]
Processing frames:  70%|██████▉   | 253/363 [02:24<01:01,  1.78it/s]
Processing frames:  70%|██████▉   | 254/363 [02:24<01:00,  1.80it/s]
Processing frames:  70%|███████   | 255/363 [02:25<01:01,  1.76it/s]
Processing frames:  71%|███████   | 256/363 [02:26<01:00,  1.77it/s]
Processing frames:  71%|███████   | 257/363 [02:26<00:59,  1.79it/s]
Processing frames:  71%|███████   | 258/363 [02:27<00:58,  1.79it/s]
Processing frames:  71%|███████▏  | 259/363 [02:27<01:04,  1.62it/s]
Processing frames:  72%|███████▏  | 260/363 [02:28<01:01,  1.68it/s]
Processing frames:  72%|███████▏  | 261/363 [02:29<00:59,  1.71it/s]
Processing frames:  72%|███████▏  | 262/363 [02:29<00:57,  1.75it/s]
Processing frames:  72%|███████▏  | 263/363 [02:30<00:57,  1.75it/s]
Processing frames:  73%|███████▎  | 264/363 [02:30<00:56,  1.76it/s]
Processing frames:  73%|███████▎  | 265/363 [02:31<00:56,  1.72it/s]
Processing frames:  73%|███████▎  | 266/363 [02:31<00:57,  1.69it/s]
Processing frames:  74%|███████▎  | 267/363 [02:32<00:56,  1.71it/s]
Processing frames:  74%|███████▍  | 268/363 [02:33<00:54,  1.74it/s]
Processing frames:  74%|███████▍  | 269/363 [02:33<00:53,  1.76it/s]
Processing frames:  74%|███████▍  | 270/363 [02:34<00:52,  1.78it/s]
Processing frames:  75%|███████▍  | 271/363 [02:34<00:51,  1.80it/s]
Processing frames:  75%|███████▍  | 272/363 [02:35<00:50,  1.81it/s]
Processing frames:  75%|███████▌  | 273/363 [02:35<00:49,  1.82it/s]
Processing frames:  75%|███████▌  | 274/363 [02:36<00:48,  1.82it/s]
Processing frames:  76%|███████▌  | 275/363 [02:36<00:48,  1.81it/s]
Processing frames:  76%|███████▌  | 276/363 [02:37<00:49,  1.77it/s]
Processing frames:  76%|███████▋  | 277/363 [02:38<00:48,  1.78it/s]
Processing frames:  77%|███████▋  | 278/363 [02:38<00:47,  1.79it/s]
Processing frames:  77%|███████▋  | 279/363 [02:39<00:46,  1.80it/s]
Processing frames:  77%|███████▋  | 280/363 [02:39<00:45,  1.81it/s]
Processing frames:  77%|███████▋  | 281/363 [02:40<00:45,  1.82it/s]
Processing frames:  78%|███████▊  | 282/363 [02:40<00:44,  1.81it/s]
Processing frames:  78%|███████▊  | 283/363 [02:41<00:44,  1.79it/s]
Processing frames:  78%|███████▊  | 284/363 [02:41<00:43,  1.80it/s]
Processing frames:  79%|███████▊  | 285/363 [02:42<00:43,  1.81it/s]
Processing frames:  79%|███████▉  | 286/363 [02:43<00:42,  1.81it/s]
Processing frames:  79%|███████▉  | 287/363 [02:43<00:42,  1.78it/s]
Processing frames:  79%|███████▉  | 288/363 [02:44<00:42,  1.78it/s]
Processing frames:  80%|███████▉  | 289/363 [02:44<00:41,  1.79it/s]
Processing frames:  80%|███████▉  | 290/363 [02:45<00:40,  1.80it/s]
Processing frames:  80%|████████  | 291/363 [02:45<00:39,  1.81it/s]
Processing frames:  80%|████████  | 292/363 [02:46<00:39,  1.81it/s]
Processing frames:  81%|████████  | 293/363 [02:46<00:39,  1.79it/s]
Processing frames:  81%|████████  | 294/363 [02:47<00:38,  1.80it/s]
Processing frames:  81%|████████▏ | 295/363 [02:48<00:37,  1.81it/s]
Processing frames:  82%|████████▏ | 296/363 [02:48<00:37,  1.81it/s]
Processing frames:  82%|████████▏ | 297/363 [02:49<00:36,  1.80it/s]
Processing frames:  82%|████████▏ | 298/363 [02:49<00:36,  1.80it/s]
Processing frames:  82%|████████▏ | 299/363 [02:50<00:35,  1.80it/s]
Processing frames:  83%|████████▎ | 300/363 [02:50<00:34,  1.80it/s]
Processing frames:  83%|████████▎ | 301/363 [02:51<00:34,  1.80it/s]
Processing frames:  83%|████████▎ | 302/363 [02:51<00:34,  1.77it/s]
Processing frames:  83%|████████▎ | 303/363 [02:52<00:33,  1.79it/s]
Processing frames:  84%|████████▎ | 304/363 [02:53<00:32,  1.80it/s]
Processing frames:  84%|████████▍ | 305/363 [02:53<00:32,  1.79it/s]
Processing frames:  84%|████████▍ | 306/363 [02:54<00:31,  1.79it/s]
Processing frames:  85%|████████▍ | 307/363 [02:54<00:31,  1.80it/s]
Processing frames:  85%|████████▍ | 308/363 [02:55<00:30,  1.79it/s]
Processing frames:  85%|████████▌ | 309/363 [02:55<00:30,  1.80it/s]
Processing frames:  85%|████████▌ | 310/363 [02:56<00:29,  1.78it/s]
Processing frames:  86%|████████▌ | 311/363 [02:56<00:28,  1.80it/s]
Processing frames:  86%|████████▌ | 312/363 [02:57<00:28,  1.79it/s]
Processing frames:  86%|████████▌ | 313/363 [02:58<00:28,  1.78it/s]
Processing frames:  87%|████████▋ | 314/363 [02:58<00:27,  1.78it/s]
Processing frames:  87%|████████▋ | 315/363 [02:59<00:26,  1.79it/s]
Processing frames:  87%|████████▋ | 316/363 [02:59<00:26,  1.78it/s]
Processing frames:  87%|████████▋ | 317/363 [03:00<00:25,  1.78it/s]
Processing frames:  88%|████████▊ | 318/363 [03:00<00:25,  1.79it/s]
Processing frames:  88%|████████▊ | 319/363 [03:01<00:24,  1.80it/s]
Processing frames:  88%|████████▊ | 320/363 [03:01<00:24,  1.79it/s]
Processing frames:  88%|████████▊ | 321/363 [03:02<00:23,  1.79it/s]
Processing frames:  89%|████████▊ | 322/363 [03:03<00:22,  1.80it/s]
Processing frames:  89%|████████▉ | 323/363 [03:03<00:22,  1.80it/s]
Processing frames:  89%|████████▉ | 324/363 [03:04<00:21,  1.80it/s]
Processing frames:  90%|████████▉ | 325/363 [03:04<00:21,  1.80it/s]
Processing frames:  90%|████████▉ | 326/363 [03:05<00:20,  1.81it/s]
Processing frames:  90%|█████████ | 327/363 [03:05<00:19,  1.81it/s]
Processing frames:  90%|█████████ | 328/363 [03:06<00:19,  1.82it/s]
Processing frames:  91%|█████████ | 329/363 [03:06<00:18,  1.81it/s]
Processing frames:  91%|█████████ | 330/363 [03:07<00:18,  1.81it/s]
Processing frames:  91%|█████████ | 331/363 [03:08<00:17,  1.80it/s]
Processing frames:  91%|█████████▏| 332/363 [03:08<00:17,  1.81it/s]
Processing frames:  92%|█████████▏| 333/363 [03:09<00:16,  1.80it/s]
Processing frames:  92%|█████████▏| 334/363 [03:09<00:16,  1.81it/s]
Processing frames:  92%|█████████▏| 335/363 [03:10<00:15,  1.81it/s]
Processing frames:  93%|█████████▎| 336/363 [03:10<00:15,  1.79it/s]
Processing frames:  93%|█████████▎| 337/363 [03:11<00:14,  1.80it/s]
Processing frames:  93%|█████████▎| 338/363 [03:11<00:13,  1.79it/s]
Processing frames:  93%|█████████▎| 339/363 [03:12<00:13,  1.79it/s]
Processing frames:  94%|█████████▎| 340/363 [03:13<00:12,  1.78it/s]
Processing frames:  94%|█████████▍| 341/363 [03:13<00:12,  1.80it/s]
Processing frames:  94%|█████████▍| 342/363 [03:14<00:11,  1.79it/s]
Processing frames:  94%|█████████▍| 343/363 [03:14<00:11,  1.78it/s]
Processing frames:  95%|█████████▍| 344/363 [03:15<00:10,  1.78it/s]
Processing frames:  95%|█████████▌| 345/363 [03:15<00:09,  1.80it/s]
Processing frames:  95%|█████████▌| 346/363 [03:16<00:09,  1.81it/s]
Processing frames:  96%|█████████▌| 347/363 [03:16<00:08,  1.81it/s]
Processing frames:  96%|█████████▌| 348/363 [03:17<00:08,  1.81it/s]
Processing frames:  96%|█████████▌| 349/363 [03:18<00:07,  1.80it/s]
Processing frames:  96%|█████████▋| 350/363 [03:18<00:07,  1.79it/s]
Processing frames:  97%|█████████▋| 351/363 [03:19<00:06,  1.76it/s]
Processing frames:  97%|█████████▋| 352/363 [03:19<00:06,  1.77it/s]
Processing frames:  97%|█████████▋| 353/363 [03:20<00:05,  1.77it/s]
Processing frames:  98%|█████████▊| 354/363 [03:20<00:05,  1.77it/s]
Processing frames:  98%|█████████▊| 355/363 [03:21<00:04,  1.78it/s]
Processing frames:  98%|█████████▊| 356/363 [03:22<00:03,  1.80it/s]
Processing frames:  98%|█████████▊| 357/363 [03:22<00:03,  1.80it/s]
Processing frames:  99%|█████████▊| 358/363 [03:23<00:02,  1.81it/s]
Processing frames:  99%|█████████▉| 359/363 [03:23<00:02,  1.80it/s]
Processing frames:  99%|█████████▉| 360/363 [03:24<00:01,  1.78it/s]
Processing frames:  99%|█████████▉| 361/363 [03:24<00:01,  1.79it/s]
Processing frames: 100%|█████████▉| 362/363 [03:25<00:00,  1.79it/s]
Processing frames: 100%|██████████| 363/363 [03:25<00:00,  1.80it/s]
Processing frames: 100%|██████████| 363/363 [03:25<00:00,  1.76it/s]

Processing frames:   0%|          | 0/8 [00:00<?, ?it/s]
Processing frames:  12%|█▎        | 1/8 [00:00<00:02,  2.37it/s]
Processing frames:  25%|██▌       | 2/8 [00:00<00:02,  2.35it/s]
Processing frames:  38%|███▊      | 3/8 [00:01<00:02,  2.27it/s]
Processing frames:  50%|█████     | 4/8 [00:01<00:01,  2.28it/s]
Processing frames:  62%|██████▎   | 5/8 [00:02<00:01,  2.30it/s]
Processing frames:  75%|███████▌  | 6/8 [00:02<00:00,  2.36it/s]
Processing frames:  88%|████████▊ | 7/8 [00:02<00:00,  2.41it/s]
Processing frames: 100%|██████████| 8/8 [00:03<00:00,  2.42it/s]
Processing frames: 100%|██████████| 8/8 [00:03<00:00,  2.37it/s]

Processing frames:   0%|          | 0/432 [00:00<?, ?it/s]
Processing frames:   0%|          | 1/432 [00:00<03:12,  2.24it/s]
Processing frames:   0%|          | 2/432 [00:00<03:05,  2.32it/s]
Processing frames:   1%|          | 3/432 [00:01<03:00,  2.38it/s]
Processing frames:   1%|          | 4/432 [00:01<02:59,  2.38it/s]
Processing frames:   1%|          | 5/432 [00:02<03:00,  2.37it/s]
Processing frames:   1%|▏         | 6/432 [00:02<02:57,  2.40it/s]
Processing frames:   2%|▏         | 7/432 [00:02<02:56,  2.40it/s]
Processing frames:   2%|▏         | 8/432 [00:03<02:55,  2.42it/s]
Processing frames:   2%|▏         | 9/432 [00:03<02:54,  2.42it/s]
Processing frames:   2%|▏         | 10/432 [00:04<02:57,  2.37it/s]
Processing frames:   3%|▎         | 11/432 [00:04<02:57,  2.37it/s]
Processing frames:   3%|▎         | 12/432 [00:05<02:55,  2.39it/s]
Processing frames:   3%|▎         | 13/432 [00:05<02:52,  2.43it/s]
Processing frames:   3%|▎         | 14/432 [00:05<02:52,  2.42it/s]
Processing frames:   3%|▎         | 15/432 [00:06<02:50,  2.45it/s]
Processing frames:   4%|▎         | 16/432 [00:06<02:49,  2.46it/s]
Processing frames:   4%|▍         | 17/432 [00:07<02:47,  2.47it/s]
Processing frames:   4%|▍         | 18/432 [00:07<02:48,  2.45it/s]
Processing frames:   4%|▍         | 19/432 [00:07<02:46,  2.48it/s]
Processing frames:   5%|▍         | 20/432 [00:08<02:46,  2.47it/s]
Processing frames:   5%|▍         | 21/432 [00:08<02:45,  2.49it/s]
Processing frames:   5%|▌         | 22/432 [00:09<02:44,  2.49it/s]
Processing frames:   5%|▌         | 23/432 [00:09<02:43,  2.50it/s]
Processing frames:   6%|▌         | 24/432 [00:09<02:42,  2.51it/s]
Processing frames:   6%|▌         | 25/432 [00:10<02:42,  2.51it/s]
Processing frames:   6%|▌         | 26/432 [00:10<02:43,  2.49it/s]
Processing frames:   6%|▋         | 27/432 [00:11<02:42,  2.49it/s]
Processing frames:   6%|▋         | 28/432 [00:11<02:42,  2.49it/s]
Processing frames:   7%|▋         | 29/432 [00:11<02:41,  2.50it/s]
Processing frames:   7%|▋         | 30/432 [00:12<02:40,  2.51it/s]
Processing frames:   7%|▋         | 31/432 [00:12<02:41,  2.48it/s]
Processing frames:   7%|▋         | 32/432 [00:13<02:41,  2.48it/s]
Processing frames:   8%|▊         | 33/432 [00:13<02:41,  2.48it/s]
Processing frames:   8%|▊         | 34/432 [00:13<02:40,  2.49it/s]
Processing frames:   8%|▊         | 35/432 [00:14<02:39,  2.49it/s]
Processing frames:   8%|▊         | 36/432 [00:14<02:40,  2.47it/s]
Processing frames:   9%|▊         | 37/432 [00:15<02:39,  2.48it/s]
Processing frames:   9%|▉         | 38/432 [00:15<02:41,  2.44it/s]
Processing frames:   9%|▉         | 39/432 [00:15<02:40,  2.45it/s]
Processing frames:   9%|▉         | 40/432 [00:16<02:39,  2.46it/s]
Processing frames:   9%|▉         | 41/432 [00:16<02:37,  2.49it/s]
Processing frames:  10%|▉         | 42/432 [00:17<02:35,  2.51it/s]
Processing frames:  10%|▉         | 43/432 [00:17<02:34,  2.51it/s]
Processing frames:  10%|█         | 44/432 [00:17<02:35,  2.50it/s]
Processing frames:  10%|█         | 45/432 [00:18<02:47,  2.31it/s]
Processing frames:  11%|█         | 46/432 [00:18<02:43,  2.36it/s]
Processing frames:  11%|█         | 47/432 [00:19<02:43,  2.36it/s]
Processing frames:  11%|█         | 48/432 [00:19<02:40,  2.39it/s]
Processing frames:  11%|█▏        | 49/432 [00:20<02:38,  2.42it/s]
Processing frames:  12%|█▏        | 50/432 [00:20<02:37,  2.42it/s]
Processing frames:  12%|█▏        | 51/432 [00:20<02:37,  2.42it/s]
Processing frames:  12%|█▏        | 52/432 [00:21<02:37,  2.41it/s]
Processing frames:  12%|█▏        | 53/432 [00:21<02:36,  2.42it/s]
Processing frames:  12%|█▎        | 54/432 [00:22<02:35,  2.44it/s]
Processing frames:  13%|█▎        | 55/432 [00:22<02:33,  2.45it/s]
Processing frames:  13%|█▎        | 56/432 [00:22<02:32,  2.46it/s]
Processing frames:  13%|█▎        | 57/432 [00:23<02:30,  2.48it/s]
Processing frames:  13%|█▎        | 58/432 [00:23<02:30,  2.49it/s]
Processing frames:  14%|█▎        | 59/432 [00:24<02:30,  2.48it/s]
Processing frames:  14%|█▍        | 60/432 [00:24<02:30,  2.47it/s]
Processing frames:  14%|█▍        | 61/432 [00:24<02:30,  2.47it/s]
Processing frames:  14%|█▍        | 62/432 [00:25<02:29,  2.48it/s]
Processing frames:  15%|█▍        | 63/432 [00:25<02:28,  2.49it/s]
Processing frames:  15%|█▍        | 64/432 [00:26<02:29,  2.47it/s]
Processing frames:  15%|█▌        | 65/432 [00:26<02:27,  2.48it/s]
Processing frames:  15%|█▌        | 66/432 [00:26<02:27,  2.48it/s]
Processing frames:  16%|█▌        | 67/432 [00:27<02:26,  2.49it/s]
Processing frames:  16%|█▌        | 68/432 [00:27<02:27,  2.46it/s]
Processing frames:  16%|█▌        | 69/432 [00:28<02:27,  2.45it/s]
Processing frames:  16%|█▌        | 70/432 [00:28<02:27,  2.45it/s]
Processing frames:  16%|█▋        | 71/432 [00:28<02:28,  2.43it/s]
Processing frames:  17%|█▋        | 72/432 [00:29<02:27,  2.44it/s]
Processing frames:  17%|█▋        | 73/432 [00:29<02:27,  2.44it/s]
Processing frames:  17%|█▋        | 74/432 [00:30<02:25,  2.47it/s]
Processing frames:  17%|█▋        | 75/432 [00:30<02:23,  2.49it/s]
Processing frames:  18%|█▊        | 76/432 [00:31<02:24,  2.47it/s]
Processing frames:  18%|█▊        | 77/432 [00:31<02:23,  2.47it/s]
Processing frames:  18%|█▊        | 78/432 [00:31<02:26,  2.42it/s]
Processing frames:  18%|█▊        | 79/432 [00:32<02:26,  2.40it/s]
Processing frames:  19%|█▊        | 80/432 [00:32<02:24,  2.43it/s]
Processing frames:  19%|█▉        | 81/432 [00:33<02:23,  2.45it/s]
Processing frames:  19%|█▉        | 82/432 [00:33<02:23,  2.43it/s]
Processing frames:  19%|█▉        | 83/432 [00:33<02:22,  2.45it/s]
Processing frames:  19%|█▉        | 84/432 [00:34<02:21,  2.45it/s]
Processing frames:  20%|█▉        | 85/432 [00:34<02:19,  2.49it/s]
Processing frames:  20%|█▉        | 86/432 [00:35<02:18,  2.50it/s]
Processing frames:  20%|██        | 87/432 [00:35<02:17,  2.51it/s]
Processing frames:  20%|██        | 88/432 [00:35<02:19,  2.47it/s]
Processing frames:  21%|██        | 89/432 [00:36<02:19,  2.46it/s]
Processing frames:  21%|██        | 90/432 [00:36<02:18,  2.47it/s]
Processing frames:  21%|██        | 91/432 [00:37<02:20,  2.42it/s]
Processing frames:  21%|██▏       | 92/432 [00:37<02:20,  2.41it/s]
Processing frames:  22%|██▏       | 93/432 [00:37<02:21,  2.40it/s]
Processing frames:  22%|██▏       | 94/432 [00:38<02:20,  2.40it/s]
Processing frames:  22%|██▏       | 95/432 [00:38<02:20,  2.39it/s]
Processing frames:  22%|██▏       | 96/432 [00:39<02:20,  2.39it/s]
Processing frames:  22%|██▏       | 97/432 [00:39<02:18,  2.42it/s]
Processing frames:  23%|██▎       | 98/432 [00:40<02:17,  2.43it/s]
Processing frames:  23%|██▎       | 99/432 [00:40<02:16,  2.44it/s]
Processing frames:  23%|██▎       | 100/432 [00:40<02:15,  2.45it/s]
Processing frames:  23%|██▎       | 101/432 [00:41<02:14,  2.47it/s]
Processing frames:  24%|██▎       | 102/432 [00:41<02:17,  2.40it/s]
Processing frames:  24%|██▍       | 103/432 [00:42<02:17,  2.39it/s]
Processing frames:  24%|██▍       | 104/432 [00:42<02:15,  2.42it/s]
Processing frames:  24%|██▍       | 105/432 [00:42<02:13,  2.44it/s]
Processing frames:  25%|██▍       | 106/432 [00:43<02:12,  2.45it/s]
Processing frames:  25%|██▍       | 107/432 [00:43<02:12,  2.46it/s]
Processing frames:  25%|██▌       | 108/432 [00:44<02:16,  2.37it/s]
Processing frames:  25%|██▌       | 109/432 [00:44<02:16,  2.36it/s]
Processing frames:  25%|██▌       | 110/432 [00:45<02:17,  2.34it/s]
Processing frames:  26%|██▌       | 111/432 [00:45<02:15,  2.38it/s]
Processing frames:  26%|██▌       | 112/432 [00:45<02:12,  2.42it/s]
Processing frames:  26%|██▌       | 113/432 [00:46<02:11,  2.42it/s]
Processing frames:  26%|██▋       | 114/432 [00:46<02:13,  2.39it/s]
Processing frames:  27%|██▋       | 115/432 [00:47<02:13,  2.37it/s]
Processing frames:  27%|██▋       | 116/432 [00:47<02:11,  2.40it/s]
Processing frames:  27%|██▋       | 117/432 [00:47<02:09,  2.43it/s]
Processing frames:  27%|██▋       | 118/432 [00:48<02:08,  2.45it/s]
Processing frames:  28%|██▊       | 119/432 [00:48<02:07,  2.46it/s]
Processing frames:  28%|██▊       | 120/432 [00:49<02:06,  2.47it/s]
Processing frames:  28%|██▊       | 121/432 [00:49<02:06,  2.46it/s]
Processing frames:  28%|██▊       | 122/432 [00:49<02:06,  2.46it/s]
Processing frames:  28%|██▊       | 123/432 [00:50<02:07,  2.43it/s]
Processing frames:  29%|██▊       | 124/432 [00:50<02:07,  2.41it/s]
Processing frames:  29%|██▉       | 125/432 [00:51<02:11,  2.34it/s]
Processing frames:  29%|██▉       | 126/432 [00:51<02:11,  2.32it/s]
Processing frames:  29%|██▉       | 127/432 [00:52<02:10,  2.33it/s]
Processing frames:  30%|██▉       | 128/432 [00:52<02:09,  2.35it/s]
Processing frames:  30%|██▉       | 129/432 [00:52<02:09,  2.34it/s]
Processing frames:  30%|███       | 130/432 [00:53<02:08,  2.35it/s]
Processing frames:  30%|███       | 131/432 [00:53<02:08,  2.34it/s]
Processing frames:  31%|███       | 132/432 [00:54<02:07,  2.35it/s]
Processing frames:  31%|███       | 133/432 [00:54<02:10,  2.29it/s]
Processing frames:  31%|███       | 134/432 [00:55<02:09,  2.31it/s]
Processing frames:  31%|███▏      | 135/432 [00:55<02:08,  2.32it/s]
Processing frames:  31%|███▏      | 136/432 [00:55<02:06,  2.34it/s]
Processing frames:  32%|███▏      | 137/432 [00:56<02:04,  2.36it/s]
Processing frames:  32%|███▏      | 138/432 [00:56<02:03,  2.39it/s]
Processing frames:  32%|███▏      | 139/432 [00:57<02:01,  2.42it/s]
Processing frames:  32%|███▏      | 140/432 [00:57<02:00,  2.42it/s]
Processing frames:  33%|███▎      | 141/432 [00:58<02:00,  2.42it/s]
Processing frames:  33%|███▎      | 142/432 [00:58<02:00,  2.41it/s]
Processing frames:  33%|███▎      | 143/432 [00:58<02:00,  2.39it/s]
Processing frames:  33%|███▎      | 144/432 [00:59<02:01,  2.38it/s]
Processing frames:  34%|███▎      | 145/432 [00:59<02:00,  2.39it/s]
Processing frames:  34%|███▍      | 146/432 [01:00<01:58,  2.40it/s]
Processing frames:  34%|███▍      | 147/432 [01:00<02:00,  2.37it/s]
Processing frames:  34%|███▍      | 148/432 [01:00<01:59,  2.37it/s]
Processing frames:  34%|███▍      | 149/432 [01:01<01:58,  2.40it/s]
Processing frames:  35%|███▍      | 150/432 [01:01<01:56,  2.41it/s]
Processing frames:  35%|███▍      | 151/432 [01:02<01:57,  2.39it/s]
Processing frames:  35%|███▌      | 152/432 [01:02<01:56,  2.41it/s]
Processing frames:  35%|███▌      | 153/432 [01:03<01:54,  2.44it/s]
Processing frames:  36%|███▌      | 154/432 [01:03<01:53,  2.44it/s]
Processing frames:  36%|███▌      | 155/432 [01:03<01:52,  2.47it/s]
Processing frames:  36%|███▌      | 156/432 [01:04<01:53,  2.44it/s]
Processing frames:  36%|███▋      | 157/432 [01:04<01:52,  2.44it/s]
Processing frames:  37%|███▋      | 158/432 [01:05<01:51,  2.45it/s]
Processing frames:  37%|███▋      | 159/432 [01:05<01:52,  2.44it/s]
Processing frames:  37%|███▋      | 160/432 [01:05<01:53,  2.39it/s]
Processing frames:  37%|███▋      | 161/432 [01:06<01:52,  2.42it/s]
Processing frames:  38%|███▊      | 162/432 [01:06<01:50,  2.43it/s]
Processing frames:  38%|███▊      | 163/432 [01:07<01:50,  2.44it/s]
Processing frames:  38%|███▊      | 164/432 [01:07<01:51,  2.41it/s]
Processing frames:  38%|███▊      | 165/432 [01:07<01:50,  2.41it/s]
Processing frames:  38%|███▊      | 166/432 [01:08<01:49,  2.42it/s]
Processing frames:  39%|███▊      | 167/432 [01:08<01:49,  2.43it/s]
Processing frames:  39%|███▉      | 168/432 [01:09<01:49,  2.42it/s]
Processing frames:  39%|███▉      | 169/432 [01:09<01:49,  2.40it/s]
Processing frames:  39%|███▉      | 170/432 [01:10<01:49,  2.39it/s]
Processing frames:  40%|███▉      | 171/432 [01:10<01:50,  2.36it/s]
Processing frames:  40%|███▉      | 172/432 [01:10<01:55,  2.26it/s]
Processing frames:  40%|████      | 173/432 [01:11<01:53,  2.29it/s]
Processing frames:  40%|████      | 174/432 [01:11<01:51,  2.32it/s]
Processing frames:  41%|████      | 175/432 [01:12<01:50,  2.33it/s]
Processing frames:  41%|████      | 176/432 [01:12<01:49,  2.33it/s]
Processing frames:  41%|████      | 177/432 [01:13<01:48,  2.34it/s]
Processing frames:  41%|████      | 178/432 [01:13<01:47,  2.36it/s]
Processing frames:  41%|████▏     | 179/432 [01:13<01:47,  2.36it/s]
Processing frames:  42%|████▏     | 180/432 [01:14<01:58,  2.12it/s]
Processing frames:  42%|████▏     | 181/432 [01:14<01:54,  2.18it/s]
Processing frames:  42%|████▏     | 182/432 [01:15<01:50,  2.26it/s]
Processing frames:  42%|████▏     | 183/432 [01:15<01:49,  2.27it/s]
Processing frames:  43%|████▎     | 184/432 [01:16<01:48,  2.28it/s]
Processing frames:  43%|████▎     | 185/432 [01:16<01:45,  2.34it/s]
Processing frames:  43%|████▎     | 186/432 [01:17<01:45,  2.34it/s]
Processing frames:  43%|████▎     | 187/432 [01:17<01:42,  2.38it/s]
Processing frames:  44%|████▎     | 188/432 [01:17<01:40,  2.42it/s]
Processing frames:  44%|████▍     | 189/432 [01:18<01:40,  2.42it/s]
Processing frames:  44%|████▍     | 190/432 [01:18<01:41,  2.39it/s]
Processing frames:  44%|████▍     | 191/432 [01:19<01:39,  2.41it/s]
Processing frames:  44%|████▍     | 192/432 [01:19<01:40,  2.40it/s]
Processing frames:  45%|████▍     | 193/432 [01:19<01:39,  2.39it/s]
Processing frames:  45%|████▍     | 194/432 [01:20<01:39,  2.39it/s]
Processing frames:  45%|████▌     | 195/432 [01:20<01:39,  2.38it/s]
Processing frames:  45%|████▌     | 196/432 [01:21<01:38,  2.40it/s]
Processing frames:  46%|████▌     | 197/432 [01:21<01:38,  2.38it/s]
Processing frames:  46%|████▌     | 198/432 [01:22<01:37,  2.39it/s]
Processing frames:  46%|████▌     | 199/432 [01:22<01:36,  2.42it/s]
Processing frames:  46%|████▋     | 200/432 [01:22<01:36,  2.41it/s]
Processing frames:  47%|████▋     | 201/432 [01:23<01:35,  2.41it/s]
Processing frames:  47%|████▋     | 202/432 [01:23<01:34,  2.43it/s]
Processing frames:  47%|████▋     | 203/432 [01:24<01:34,  2.42it/s]
Processing frames:  47%|████▋     | 204/432 [01:24<01:33,  2.44it/s]
Processing frames:  47%|████▋     | 205/432 [01:24<01:35,  2.38it/s]
Processing frames:  48%|████▊     | 206/432 [01:25<01:34,  2.40it/s]
Processing frames:  48%|████▊     | 207/432 [01:25<01:35,  2.37it/s]
Processing frames:  48%|████▊     | 208/432 [01:26<01:34,  2.37it/s]
Processing frames:  48%|████▊     | 209/432 [01:26<01:33,  2.39it/s]
Processing frames:  49%|████▊     | 210/432 [01:27<01:32,  2.40it/s]
Processing frames:  49%|████▉     | 211/432 [01:27<01:32,  2.38it/s]
Processing frames:  49%|████▉     | 212/432 [01:27<01:32,  2.37it/s]
Processing frames:  49%|████▉     | 213/432 [01:28<01:32,  2.38it/s]
Processing frames:  50%|████▉     | 214/432 [01:28<01:31,  2.38it/s]
Processing frames:  50%|████▉     | 215/432 [01:29<01:31,  2.38it/s]
Processing frames:  50%|█████     | 216/432 [01:29<01:30,  2.39it/s]
Processing frames:  50%|█████     | 217/432 [01:29<01:30,  2.38it/s]
Processing frames:  50%|█████     | 218/432 [01:30<01:29,  2.38it/s]
Processing frames:  51%|█████     | 219/432 [01:30<01:29,  2.38it/s]
Processing frames:  51%|█████     | 220/432 [01:31<01:28,  2.39it/s]
Processing frames:  51%|█████     | 221/432 [01:31<01:27,  2.40it/s]
Processing frames:  51%|█████▏    | 222/432 [01:32<01:28,  2.37it/s]
Processing frames:  52%|█████▏    | 223/432 [01:32<01:26,  2.41it/s]
Processing frames:  52%|█████▏    | 224/432 [01:32<01:25,  2.42it/s]
Processing frames:  52%|█████▏    | 225/432 [01:33<01:24,  2.44it/s]
Processing frames:  52%|█████▏    | 226/432 [01:33<01:24,  2.45it/s]
Processing frames:  53%|█████▎    | 227/432 [01:34<01:30,  2.27it/s]
Processing frames:  53%|█████▎    | 228/432 [01:34<01:28,  2.30it/s]
Processing frames:  53%|█████▎    | 229/432 [01:35<01:26,  2.35it/s]
Processing frames:  53%|█████▎    | 230/432 [01:35<01:24,  2.38it/s]
Processing frames:  53%|█████▎    | 231/432 [01:35<01:24,  2.37it/s]
Processing frames:  54%|█████▎    | 232/432 [01:36<01:26,  2.33it/s]
Processing frames:  54%|█████▍    | 233/432 [01:36<01:24,  2.37it/s]
Processing frames:  54%|█████▍    | 234/432 [01:37<01:22,  2.39it/s]
Processing frames:  54%|█████▍    | 235/432 [01:37<01:23,  2.36it/s]
Processing frames:  55%|█████▍    | 236/432 [01:37<01:23,  2.34it/s]
Processing frames:  55%|█████▍    | 237/432 [01:38<01:22,  2.36it/s]
Processing frames:  55%|█████▌    | 238/432 [01:38<01:22,  2.37it/s]
Processing frames:  55%|█████▌    | 239/432 [01:39<01:20,  2.39it/s]
Processing frames:  56%|█████▌    | 240/432 [01:39<01:20,  2.39it/s]
Processing frames:  56%|█████▌    | 241/432 [01:40<01:19,  2.40it/s]
Processing frames:  56%|█████▌    | 242/432 [01:40<01:18,  2.42it/s]
Processing frames:  56%|█████▋    | 243/432 [01:40<01:17,  2.44it/s]
Processing frames:  56%|█████▋    | 244/432 [01:41<01:17,  2.42it/s]
Processing frames:  57%|█████▋    | 245/432 [01:41<01:17,  2.43it/s]
Processing frames:  57%|█████▋    | 246/432 [01:42<01:17,  2.40it/s]
Processing frames:  57%|█████▋    | 247/432 [01:42<01:17,  2.38it/s]
Processing frames:  57%|█████▋    | 248/432 [01:42<01:17,  2.38it/s]
Processing frames:  58%|█████▊    | 249/432 [01:43<01:16,  2.38it/s]
Processing frames:  58%|█████▊    | 250/432 [01:43<01:17,  2.36it/s]
Processing frames:  58%|█████▊    | 251/432 [01:44<01:15,  2.41it/s]
Processing frames:  58%|█████▊    | 252/432 [01:44<01:14,  2.43it/s]
Processing frames:  59%|█████▊    | 253/432 [01:45<01:14,  2.42it/s]
Processing frames:  59%|█████▉    | 254/432 [01:45<01:14,  2.38it/s]
Processing frames:  59%|█████▉    | 255/432 [01:45<01:14,  2.38it/s]
Processing frames:  59%|█████▉    | 256/432 [01:46<01:14,  2.36it/s]
Processing frames:  59%|█████▉    | 257/432 [01:46<01:14,  2.35it/s]
Processing frames:  60%|█████▉    | 258/432 [01:47<01:13,  2.37it/s]
Processing frames:  60%|█████▉    | 259/432 [01:47<01:13,  2.37it/s]
Processing frames:  60%|██████    | 260/432 [01:48<01:11,  2.39it/s]
Processing frames:  60%|██████    | 261/432 [01:48<01:10,  2.41it/s]
Processing frames:  61%|██████    | 262/432 [01:48<01:10,  2.43it/s]
Processing frames:  61%|██████    | 263/432 [01:49<01:10,  2.41it/s]
Processing frames:  61%|██████    | 264/432 [01:49<01:09,  2.42it/s]
Processing frames:  61%|██████▏   | 265/432 [01:50<01:08,  2.44it/s]
Processing frames:  62%|██████▏   | 266/432 [01:50<01:07,  2.45it/s]
Processing frames:  62%|██████▏   | 267/432 [01:50<01:07,  2.43it/s]
Processing frames:  62%|██████▏   | 268/432 [01:51<01:10,  2.31it/s]
Processing frames:  62%|██████▏   | 269/432 [01:51<01:10,  2.32it/s]
Processing frames:  62%|██████▎   | 270/432 [01:52<01:08,  2.36it/s]
Processing frames:  63%|██████▎   | 271/432 [01:52<01:09,  2.31it/s]
Processing frames:  63%|██████▎   | 272/432 [01:53<01:13,  2.17it/s]
Processing frames:  63%|██████▎   | 273/432 [01:53<01:11,  2.23it/s]
Processing frames:  63%|██████▎   | 274/432 [01:54<01:09,  2.27it/s]
Processing frames:  64%|██████▎   | 275/432 [01:54<01:08,  2.28it/s]
Processing frames:  64%|██████▍   | 276/432 [01:54<01:07,  2.31it/s]
Processing frames:  64%|██████▍   | 277/432 [01:55<01:07,  2.28it/s]
Processing frames:  64%|██████▍   | 278/432 [01:55<01:06,  2.31it/s]
Processing frames:  65%|██████▍   | 279/432 [01:56<01:06,  2.31it/s]
Processing frames:  65%|██████▍   | 280/432 [01:56<01:05,  2.33it/s]
Processing frames:  65%|██████▌   | 281/432 [01:57<01:03,  2.36it/s]
Processing frames:  65%|██████▌   | 282/432 [01:57<01:03,  2.38it/s]
Processing frames:  66%|██████▌   | 283/432 [01:57<01:03,  2.34it/s]
Processing frames:  66%|██████▌   | 284/432 [01:58<01:02,  2.37it/s]
Processing frames:  66%|██████▌   | 285/432 [01:58<01:01,  2.38it/s]
Processing frames:  66%|██████▌   | 286/432 [01:59<01:01,  2.38it/s]
Processing frames:  66%|██████▋   | 287/432 [01:59<01:00,  2.41it/s]
Processing frames:  67%|██████▋   | 288/432 [01:59<00:59,  2.42it/s]
Processing frames:  67%|██████▋   | 289/432 [02:00<00:59,  2.41it/s]
Processing frames:  67%|██████▋   | 290/432 [02:00<00:59,  2.37it/s]
Processing frames:  67%|██████▋   | 291/432 [02:01<00:58,  2.39it/s]
Processing frames:  68%|██████▊   | 292/432 [02:01<00:58,  2.40it/s]
Processing frames:  68%|██████▊   | 293/432 [02:02<00:57,  2.41it/s]
Processing frames:  68%|██████▊   | 294/432 [02:02<00:56,  2.44it/s]
Processing frames:  68%|██████▊   | 295/432 [02:02<00:56,  2.45it/s]
Processing frames:  69%|██████▊   | 296/432 [02:03<00:56,  2.40it/s]
Processing frames:  69%|██████▉   | 297/432 [02:03<00:55,  2.42it/s]
Processing frames:  69%|██████▉   | 298/432 [02:04<00:55,  2.42it/s]
Processing frames:  69%|██████▉   | 299/432 [02:04<00:54,  2.42it/s]
Processing frames:  69%|██████▉   | 300/432 [02:04<00:54,  2.44it/s]
Processing frames:  70%|██████▉   | 301/432 [02:05<00:54,  2.42it/s]
Processing frames:  70%|██████▉   | 302/432 [02:05<00:52,  2.46it/s]
Processing frames:  70%|███████   | 303/432 [02:06<00:52,  2.48it/s]
Processing frames:  70%|███████   | 304/432 [02:06<00:51,  2.47it/s]
Processing frames:  71%|███████   | 305/432 [02:06<00:52,  2.43it/s]
Processing frames:  71%|███████   | 306/432 [02:07<00:51,  2.46it/s]
Processing frames:  71%|███████   | 307/432 [02:07<00:51,  2.44it/s]
Processing frames:  71%|███████▏  | 308/432 [02:08<00:50,  2.46it/s]
Processing frames:  72%|███████▏  | 309/432 [02:08<00:50,  2.45it/s]
Processing frames:  72%|███████▏  | 310/432 [02:08<00:49,  2.46it/s]
Processing frames:  72%|███████▏  | 311/432 [02:09<00:48,  2.47it/s]
Processing frames:  72%|███████▏  | 312/432 [02:09<00:48,  2.48it/s]
Processing frames:  72%|███████▏  | 313/432 [02:10<00:47,  2.49it/s]
Processing frames:  73%|███████▎  | 314/432 [02:10<00:47,  2.46it/s]
Processing frames:  73%|███████▎  | 315/432 [02:10<00:47,  2.45it/s]
Processing frames:  73%|███████▎  | 316/432 [02:11<00:47,  2.45it/s]
Processing frames:  73%|███████▎  | 317/432 [02:11<00:46,  2.47it/s]
Processing frames:  74%|███████▎  | 318/432 [02:12<00:46,  2.43it/s]
Processing frames:  74%|███████▍  | 319/432 [02:12<00:47,  2.39it/s]
Processing frames:  74%|███████▍  | 320/432 [02:13<00:46,  2.39it/s]
Processing frames:  74%|███████▍  | 321/432 [02:13<00:45,  2.42it/s]
Processing frames:  75%|███████▍  | 322/432 [02:13<00:45,  2.43it/s]
Processing frames:  75%|███████▍  | 323/432 [02:14<00:45,  2.39it/s]
Processing frames:  75%|███████▌  | 324/432 [02:14<00:45,  2.38it/s]
Processing frames:  75%|███████▌  | 325/432 [02:15<00:45,  2.37it/s]
Processing frames:  75%|███████▌  | 326/432 [02:15<00:44,  2.39it/s]
Processing frames:  76%|███████▌  | 327/432 [02:15<00:44,  2.38it/s]
Processing frames:  76%|███████▌  | 328/432 [02:16<00:43,  2.40it/s]
Processing frames:  76%|███████▌  | 329/432 [02:16<00:43,  2.39it/s]
Processing frames:  76%|███████▋  | 330/432 [02:17<00:42,  2.38it/s]
Processing frames:  77%|███████▋  | 331/432 [02:17<00:41,  2.41it/s]
Processing frames:  77%|███████▋  | 332/432 [02:18<00:41,  2.43it/s]
Processing frames:  77%|███████▋  | 333/432 [02:18<00:40,  2.44it/s]
Processing frames:  77%|███████▋  | 334/432 [02:18<00:39,  2.45it/s]
Processing frames:  78%|███████▊  | 335/432 [02:19<00:39,  2.45it/s]
Processing frames:  78%|███████▊  | 336/432 [02:19<00:39,  2.45it/s]
Processing frames:  78%|███████▊  | 337/432 [02:20<00:39,  2.42it/s]
Processing frames:  78%|███████▊  | 338/432 [02:20<00:39,  2.39it/s]
Processing frames:  78%|███████▊  | 339/432 [02:20<00:38,  2.39it/s]
Processing frames:  79%|███████▊  | 340/432 [02:21<00:37,  2.42it/s]
Processing frames:  79%|███████▉  | 341/432 [02:21<00:37,  2.44it/s]
Processing frames:  79%|███████▉  | 342/432 [02:22<00:36,  2.45it/s]
Processing frames:  79%|███████▉  | 343/432 [02:22<00:36,  2.47it/s]
Processing frames:  80%|███████▉  | 344/432 [02:22<00:35,  2.49it/s]
Processing frames:  80%|███████▉  | 345/432 [02:23<00:35,  2.45it/s]
Processing frames:  80%|████████  | 346/432 [02:23<00:34,  2.47it/s]
Processing frames:  80%|████████  | 347/432 [02:24<00:34,  2.45it/s]
Processing frames:  81%|████████  | 348/432 [02:24<00:34,  2.46it/s]
Processing frames:  81%|████████  | 349/432 [02:24<00:33,  2.46it/s]
Processing frames:  81%|████████  | 350/432 [02:25<00:33,  2.42it/s]
Processing frames:  81%|████████▏ | 351/432 [02:25<00:33,  2.42it/s]
Processing frames:  81%|████████▏ | 352/432 [02:26<00:33,  2.40it/s]
Processing frames:  82%|████████▏ | 353/432 [02:26<00:33,  2.39it/s]
Processing frames:  82%|████████▏ | 354/432 [02:27<00:32,  2.39it/s]
Processing frames:  82%|████████▏ | 355/432 [02:27<00:32,  2.38it/s]
Processing frames:  82%|████████▏ | 356/432 [02:27<00:31,  2.39it/s]
Processing frames:  83%|████████▎ | 357/432 [02:28<00:31,  2.38it/s]
Processing frames:  83%|████████▎ | 358/432 [02:28<00:31,  2.38it/s]
Processing frames:  83%|████████▎ | 359/432 [02:29<00:30,  2.40it/s]
Processing frames:  83%|████████▎ | 360/432 [02:29<00:29,  2.41it/s]
Processing frames:  84%|████████▎ | 361/432 [02:30<00:29,  2.40it/s]
Processing frames:  84%|████████▍ | 362/432 [02:30<00:29,  2.39it/s]
Processing frames:  84%|████████▍ | 363/432 [02:30<00:28,  2.41it/s]
Processing frames:  84%|████████▍ | 364/432 [02:31<00:28,  2.42it/s]
Processing frames:  84%|████████▍ | 365/432 [02:31<00:27,  2.41it/s]
Processing frames:  85%|████████▍ | 366/432 [02:32<00:27,  2.40it/s]
Processing frames:  85%|████████▍ | 367/432 [02:32<00:27,  2.40it/s]
Processing frames:  85%|████████▌ | 368/432 [02:32<00:26,  2.39it/s]
Processing frames:  85%|████████▌ | 369/432 [02:33<00:26,  2.36it/s]
Processing frames:  86%|████████▌ | 370/432 [02:33<00:26,  2.38it/s]
Processing frames:  86%|████████▌ | 371/432 [02:34<00:25,  2.41it/s]
Processing frames:  86%|████████▌ | 372/432 [02:34<00:25,  2.40it/s]
Processing frames:  86%|████████▋ | 373/432 [02:35<00:24,  2.42it/s]
Processing frames:  87%|████████▋ | 374/432 [02:35<00:23,  2.43it/s]
Processing frames:  87%|████████▋ | 375/432 [02:35<00:23,  2.45it/s]
Processing frames:  87%|████████▋ | 376/432 [02:36<00:22,  2.46it/s]
Processing frames:  87%|████████▋ | 377/432 [02:36<00:22,  2.45it/s]
Processing frames:  88%|████████▊ | 378/432 [02:37<00:21,  2.46it/s]
Processing frames:  88%|████████▊ | 379/432 [02:37<00:21,  2.42it/s]
Processing frames:  88%|████████▊ | 380/432 [02:37<00:21,  2.43it/s]
Processing frames:  88%|████████▊ | 381/432 [02:38<00:20,  2.46it/s]
Processing frames:  88%|████████▊ | 382/432 [02:38<00:20,  2.44it/s]
Processing frames:  89%|████████▊ | 383/432 [02:39<00:20,  2.45it/s]
Processing frames:  89%|████████▉ | 384/432 [02:39<00:19,  2.41it/s]
Processing frames:  89%|████████▉ | 385/432 [02:39<00:19,  2.45it/s]
Processing frames:  89%|████████▉ | 386/432 [02:40<00:18,  2.44it/s]
Processing frames:  90%|████████▉ | 387/432 [02:40<00:18,  2.43it/s]
Processing frames:  90%|████████▉ | 388/432 [02:41<00:18,  2.43it/s]
Processing frames:  90%|█████████ | 389/432 [02:41<00:17,  2.39it/s]
Processing frames:  90%|█████████ | 390/432 [02:42<00:17,  2.35it/s]
Processing frames:  91%|█████████ | 391/432 [02:42<00:17,  2.36it/s]
Processing frames:  91%|█████████ | 392/432 [02:42<00:16,  2.38it/s]
Processing frames:  91%|█████████ | 393/432 [02:43<00:16,  2.37it/s]
Processing frames:  91%|█████████ | 394/432 [02:43<00:15,  2.40it/s]
Processing frames:  91%|█████████▏| 395/432 [02:44<00:15,  2.40it/s]
Processing frames:  92%|█████████▏| 396/432 [02:44<00:15,  2.34it/s]
Processing frames:  92%|█████████▏| 397/432 [02:44<00:14,  2.35it/s]
Processing frames:  92%|█████████▏| 398/432 [02:45<00:14,  2.37it/s]
Processing frames:  92%|█████████▏| 399/432 [02:45<00:14,  2.30it/s]
Processing frames:  93%|█████████▎| 400/432 [02:46<00:13,  2.34it/s]
Processing frames:  93%|█████████▎| 401/432 [02:46<00:13,  2.38it/s]
Processing frames:  93%|█████████▎| 402/432 [02:47<00:12,  2.38it/s]
Processing frames:  93%|█████████▎| 403/432 [02:47<00:12,  2.40it/s]
Processing frames:  94%|█████████▎| 404/432 [02:47<00:11,  2.38it/s]
Processing frames:  94%|█████████▍| 405/432 [02:48<00:11,  2.41it/s]
Processing frames:  94%|█████████▍| 406/432 [02:48<00:10,  2.41it/s]
Processing frames:  94%|█████████▍| 407/432 [02:49<00:10,  2.40it/s]
Processing frames:  94%|█████████▍| 408/432 [02:49<00:09,  2.45it/s]
Processing frames:  95%|█████████▍| 409/432 [02:49<00:09,  2.42it/s]
Processing frames:  95%|█████████▍| 410/432 [02:50<00:09,  2.43it/s]
Processing frames:  95%|█████████▌| 411/432 [02:50<00:08,  2.42it/s]
Processing frames:  95%|█████████▌| 412/432 [02:51<00:08,  2.44it/s]
Processing frames:  96%|█████████▌| 413/432 [02:51<00:07,  2.43it/s]
Processing frames:  96%|█████████▌| 414/432 [02:52<00:07,  2.46it/s]
Processing frames:  96%|█████████▌| 415/432 [02:52<00:06,  2.46it/s]
Processing frames:  96%|█████████▋| 416/432 [02:52<00:06,  2.42it/s]
Processing frames:  97%|█████████▋| 417/432 [02:53<00:06,  2.38it/s]
Processing frames:  97%|█████████▋| 418/432 [02:53<00:05,  2.40it/s]
Processing frames:  97%|█████████▋| 419/432 [02:54<00:05,  2.42it/s]
Processing frames:  97%|█████████▋| 420/432 [02:54<00:04,  2.43it/s]
Processing frames:  97%|█████████▋| 421/432 [02:54<00:04,  2.42it/s]
Processing frames:  98%|█████████▊| 422/432 [02:55<00:04,  2.43it/s]
Processing frames:  98%|█████████▊| 423/432 [02:55<00:03,  2.44it/s]
Processing frames:  98%|█████████▊| 424/432 [02:56<00:03,  2.45it/s]
Processing frames:  98%|█████████▊| 425/432 [02:56<00:02,  2.43it/s]
Processing frames:  99%|█████████▊| 426/432 [02:56<00:02,  2.42it/s]
Processing frames:  99%|█████████▉| 427/432 [02:57<00:02,  2.46it/s]
Processing frames:  99%|█████████▉| 428/432 [02:57<00:01,  2.47it/s]
Processing frames:  99%|█████████▉| 429/432 [02:58<00:01,  2.47it/s]
Processing frames: 100%|█████████▉| 430/432 [02:58<00:00,  2.46it/s]
Processing frames: 100%|█████████▉| 431/432 [02:59<00:00,  2.26it/s]
Processing frames: 100%|██████████| 432/432 [02:59<00:00,  2.34it/s]
Processing frames: 100%|██████████| 432/432 [02:59<00:00,  2.41it/s]

Processing frames:   0%|          | 0/55 [00:00<?, ?it/s]
Processing frames:   2%|▏         | 1/55 [00:00<00:23,  2.25it/s]
Processing frames:   4%|▎         | 2/55 [00:00<00:22,  2.39it/s]
Processing frames:   5%|▌         | 3/55 [00:01<00:21,  2.42it/s]
Processing frames:   7%|▋         | 4/55 [00:01<00:20,  2.43it/s]
Processing frames:   9%|▉         | 5/55 [00:02<00:21,  2.36it/s]
Processing frames:  11%|█         | 6/55 [00:02<00:20,  2.40it/s]
Processing frames:  13%|█▎        | 7/55 [00:03<00:22,  2.18it/s]
Processing frames:  15%|█▍        | 8/55 [00:03<00:21,  2.23it/s]
Processing frames:  16%|█▋        | 9/55 [00:03<00:20,  2.27it/s]
Processing frames:  18%|█▊        | 10/55 [00:04<00:19,  2.34it/s]
Processing frames:  20%|██        | 11/55 [00:04<00:18,  2.36it/s]
Processing frames:  22%|██▏       | 12/55 [00:05<00:17,  2.40it/s]
Processing frames:  24%|██▎       | 13/55 [00:05<00:17,  2.42it/s]
Processing frames:  25%|██▌       | 14/55 [00:05<00:16,  2.45it/s]
Processing frames:  27%|██▋       | 15/55 [00:06<00:17,  2.26it/s]
Processing frames:  29%|██▉       | 16/55 [00:06<00:16,  2.32it/s]
Processing frames:  31%|███       | 17/55 [00:07<00:16,  2.35it/s]
Processing frames:  33%|███▎      | 18/55 [00:07<00:15,  2.34it/s]
Processing frames:  35%|███▍      | 19/55 [00:08<00:15,  2.39it/s]
Processing frames:  36%|███▋      | 20/55 [00:08<00:14,  2.38it/s]
Processing frames:  38%|███▊      | 21/55 [00:08<00:14,  2.42it/s]
Processing frames:  40%|████      | 22/55 [00:09<00:13,  2.45it/s]
Processing frames:  42%|████▏     | 23/55 [00:09<00:12,  2.47it/s]
Processing frames:  44%|████▎     | 24/55 [00:10<00:12,  2.47it/s]
Processing frames:  45%|████▌     | 25/55 [00:10<00:12,  2.43it/s]
Processing frames:  47%|████▋     | 26/55 [00:10<00:11,  2.46it/s]
Processing frames:  49%|████▉     | 27/55 [00:11<00:11,  2.47it/s]
Processing frames:  51%|█████     | 28/55 [00:11<00:11,  2.45it/s]
Processing frames:  53%|█████▎    | 29/55 [00:12<00:10,  2.42it/s]
Processing frames:  55%|█████▍    | 30/55 [00:12<00:10,  2.42it/s]
Processing frames:  56%|█████▋    | 31/55 [00:12<00:09,  2.45it/s]
Processing frames:  58%|█████▊    | 32/55 [00:13<00:09,  2.44it/s]
Processing frames:  60%|██████    | 33/55 [00:13<00:09,  2.44it/s]
Processing frames:  62%|██████▏   | 34/55 [00:14<00:08,  2.47it/s]
Processing frames:  64%|██████▎   | 35/55 [00:14<00:08,  2.48it/s]
Processing frames:  65%|██████▌   | 36/55 [00:15<00:07,  2.46it/s]
Processing frames:  67%|██████▋   | 37/55 [00:15<00:07,  2.43it/s]
Processing frames:  69%|██████▉   | 38/55 [00:15<00:06,  2.46it/s]
Processing frames:  71%|███████   | 39/55 [00:16<00:06,  2.46it/s]
Processing frames:  73%|███████▎  | 40/55 [00:16<00:06,  2.44it/s]
Processing frames:  75%|███████▍  | 41/55 [00:17<00:05,  2.48it/s]
Processing frames:  76%|███████▋  | 42/55 [00:17<00:05,  2.46it/s]
Processing frames:  78%|███████▊  | 43/55 [00:17<00:04,  2.46it/s]
Processing frames:  80%|████████  | 44/55 [00:18<00:04,  2.48it/s]
Processing frames:  82%|████████▏ | 45/55 [00:18<00:04,  2.49it/s]
Processing frames:  84%|████████▎ | 46/55 [00:19<00:03,  2.50it/s]
Processing frames:  85%|████████▌ | 47/55 [00:19<00:03,  2.46it/s]
Processing frames:  87%|████████▋ | 48/55 [00:19<00:02,  2.47it/s]
Processing frames:  89%|████████▉ | 49/55 [00:20<00:02,  2.48it/s]
Processing frames:  91%|█████████ | 50/55 [00:20<00:02,  2.49it/s]
Processing frames:  93%|█████████▎| 51/55 [00:21<00:01,  2.50it/s]
Processing frames:  95%|█████████▍| 52/55 [00:21<00:01,  2.49it/s]
Processing frames:  96%|█████████▋| 53/55 [00:21<00:00,  2.48it/s]
Processing frames:  98%|█████████▊| 54/55 [00:22<00:00,  2.47it/s]
Processing frames: 100%|██████████| 55/55 [00:22<00:00,  2.48it/s]
Processing frames: 100%|██████████| 55/55 [00:22<00:00,  2.42it/s]

Processing frames:   0%|          | 0/77 [00:00<?, ?it/s]
Processing frames:   1%|▏         | 1/77 [00:00<01:08,  1.11it/s]
Processing frames:   3%|▎         | 2/77 [00:01<01:05,  1.14it/s]
Processing frames:   4%|▍         | 3/77 [00:02<01:02,  1.18it/s]
Processing frames:   5%|▌         | 4/77 [00:03<01:00,  1.21it/s]
Processing frames:   6%|▋         | 5/77 [00:04<01:00,  1.19it/s]
Processing frames:   8%|▊         | 6/77 [00:05<00:59,  1.20it/s]
Processing frames:   9%|▉         | 7/77 [00:05<00:59,  1.19it/s]
Processing frames:  10%|█         | 8/77 [00:06<00:58,  1.18it/s]
Processing frames:  12%|█▏        | 9/77 [00:07<00:57,  1.18it/s]
Processing frames:  13%|█▎        | 10/77 [00:08<00:57,  1.17it/s]
Processing frames:  14%|█▍        | 11/77 [00:09<00:56,  1.17it/s]
Processing frames:  16%|█▌        | 12/77 [00:10<00:55,  1.17it/s]
Processing frames:  17%|█▋        | 13/77 [00:11<00:54,  1.17it/s]
Processing frames:  18%|█▊        | 14/77 [00:11<00:53,  1.18it/s]
Processing frames:  19%|█▉        | 15/77 [00:12<00:53,  1.17it/s]
Processing frames:  21%|██        | 16/77 [00:13<00:52,  1.16it/s]
Processing frames:  22%|██▏       | 17/77 [00:14<00:51,  1.16it/s]
Processing frames:  23%|██▎       | 18/77 [00:15<00:50,  1.16it/s]
Processing frames:  25%|██▍       | 19/77 [00:16<00:50,  1.16it/s]
Processing frames:  26%|██▌       | 20/77 [00:17<00:49,  1.16it/s]
Processing frames:  27%|██▋       | 21/77 [00:17<00:47,  1.17it/s]
Processing frames:  29%|██▊       | 22/77 [00:18<00:46,  1.18it/s]
Processing frames:  30%|██▉       | 23/77 [00:19<00:45,  1.20it/s]
Processing frames:  31%|███       | 24/77 [00:20<00:44,  1.20it/s]
Processing frames:  32%|███▏      | 25/77 [00:21<00:43,  1.21it/s]
Processing frames:  34%|███▍      | 26/77 [00:22<00:42,  1.20it/s]
Processing frames:  35%|███▌      | 27/77 [00:22<00:41,  1.20it/s]
Processing frames:  36%|███▋      | 28/77 [00:23<00:40,  1.20it/s]
Processing frames:  38%|███▊      | 29/77 [00:24<00:39,  1.20it/s]
Processing frames:  39%|███▉      | 30/77 [00:25<00:39,  1.20it/s]
Processing frames:  40%|████      | 31/77 [00:26<00:38,  1.20it/s]
Processing frames:  42%|████▏     | 32/77 [00:27<00:37,  1.19it/s]
Processing frames:  43%|████▎     | 33/77 [00:27<00:37,  1.18it/s]
Processing frames:  44%|████▍     | 34/77 [00:28<00:36,  1.18it/s]
Processing frames:  45%|████▌     | 35/77 [00:29<00:35,  1.17it/s]
Processing frames:  47%|████▋     | 36/77 [00:30<00:35,  1.17it/s]
Processing frames:  48%|████▊     | 37/77 [00:31<00:34,  1.16it/s]
Processing frames:  49%|████▉     | 38/77 [00:32<00:33,  1.17it/s]
Processing frames:  51%|█████     | 39/77 [00:33<00:31,  1.19it/s]
Processing frames:  52%|█████▏    | 40/77 [00:33<00:30,  1.21it/s]
Processing frames:  53%|█████▎    | 41/77 [00:34<00:29,  1.20it/s]
Processing frames:  55%|█████▍    | 42/77 [00:35<00:28,  1.21it/s]
Processing frames:  56%|█████▌    | 43/77 [00:36<00:28,  1.19it/s]
Processing frames:  57%|█████▋    | 44/77 [00:37<00:27,  1.19it/s]
Processing frames:  58%|█████▊    | 45/77 [00:38<00:26,  1.20it/s]
Processing frames:  60%|█████▉    | 46/77 [00:38<00:25,  1.20it/s]
Processing frames:  61%|██████    | 47/77 [00:39<00:25,  1.20it/s]
Processing frames:  62%|██████▏   | 48/77 [00:40<00:24,  1.19it/s]
Processing frames:  64%|██████▎   | 49/77 [00:41<00:23,  1.20it/s]
Processing frames:  65%|██████▍   | 50/77 [00:42<00:22,  1.21it/s]
Processing frames:  66%|██████▌   | 51/77 [00:43<00:21,  1.19it/s]
Processing frames:  68%|██████▊   | 52/77 [00:43<00:21,  1.19it/s]
Processing frames:  69%|██████▉   | 53/77 [00:44<00:20,  1.18it/s]
Processing frames:  70%|███████   | 54/77 [00:45<00:19,  1.18it/s]
Processing frames:  71%|███████▏  | 55/77 [00:46<00:18,  1.18it/s]
Processing frames:  73%|███████▎  | 56/77 [00:47<00:17,  1.19it/s]
Processing frames:  74%|███████▍  | 57/77 [00:48<00:16,  1.21it/s]
Processing frames:  75%|███████▌  | 58/77 [00:48<00:15,  1.21it/s]
Processing frames:  77%|███████▋  | 59/77 [00:49<00:14,  1.21it/s]
Processing frames:  78%|███████▊  | 60/77 [00:50<00:14,  1.21it/s]
Processing frames:  79%|███████▉  | 61/77 [00:51<00:13,  1.21it/s]
Processing frames:  81%|████████  | 62/77 [00:52<00:12,  1.20it/s]
Processing frames:  82%|████████▏ | 63/77 [00:53<00:11,  1.20it/s]
Processing frames:  83%|████████▎ | 64/77 [00:53<00:10,  1.19it/s]
Processing frames:  84%|████████▍ | 65/77 [00:54<00:10,  1.18it/s]
Processing frames:  86%|████████▌ | 66/77 [00:55<00:09,  1.18it/s]
Processing frames:  87%|████████▋ | 67/77 [00:56<00:08,  1.18it/s]
Processing frames:  88%|████████▊ | 68/77 [00:57<00:07,  1.18it/s]
Processing frames:  90%|████████▉ | 69/77 [00:58<00:06,  1.17it/s]
Processing frames:  91%|█████████ | 70/77 [00:59<00:05,  1.17it/s]
Processing frames:  92%|█████████▏| 71/77 [00:59<00:05,  1.18it/s]
Processing frames:  94%|█████████▎| 72/77 [01:00<00:04,  1.18it/s]
Processing frames:  95%|█████████▍| 73/77 [01:01<00:03,  1.18it/s]
Processing frames:  96%|█████████▌| 74/77 [01:02<00:02,  1.18it/s]
Processing frames:  97%|█████████▋| 75/77 [01:03<00:01,  1.18it/s]
Processing frames:  99%|█████████▊| 76/77 [01:04<00:00,  1.18it/s]
Processing frames: 100%|██████████| 77/77 [01:04<00:00,  1.17it/s]
Processing frames: 100%|██████████| 77/77 [01:04<00:00,  1.19it/s]

Processing frames:   0%|          | 0/113 [00:00<?, ?it/s]
Processing frames:   1%|          | 1/113 [00:00<00:47,  2.35it/s]
Processing frames:   2%|▏         | 2/113 [00:00<00:47,  2.36it/s]
Processing frames:   3%|▎         | 3/113 [00:01<00:46,  2.38it/s]
Processing frames:   4%|▎         | 4/113 [00:01<00:45,  2.41it/s]
Processing frames:   4%|▍         | 5/113 [00:02<00:44,  2.45it/s]
Processing frames:   5%|▌         | 6/113 [00:02<00:43,  2.44it/s]
Processing frames:   6%|▌         | 7/113 [00:02<00:42,  2.47it/s]
Processing frames:   7%|▋         | 8/113 [00:03<00:42,  2.46it/s]
Processing frames:   8%|▊         | 9/113 [00:03<00:42,  2.42it/s]
Processing frames:   9%|▉         | 10/113 [00:04<00:42,  2.41it/s]
Processing frames:  10%|▉         | 11/113 [00:04<00:41,  2.44it/s]
Processing frames:  11%|█         | 12/113 [00:04<00:41,  2.46it/s]
Processing frames:  12%|█▏        | 13/113 [00:05<00:40,  2.46it/s]
Processing frames:  12%|█▏        | 14/113 [00:05<00:40,  2.46it/s]
Processing frames:  13%|█▎        | 15/113 [00:06<00:40,  2.43it/s]
Processing frames:  14%|█▍        | 16/113 [00:06<00:39,  2.43it/s]
Processing frames:  15%|█▌        | 17/113 [00:06<00:39,  2.43it/s]
Processing frames:  16%|█▌        | 18/113 [00:07<00:38,  2.45it/s]
Processing frames:  17%|█▋        | 19/113 [00:07<00:38,  2.46it/s]
Processing frames:  18%|█▊        | 20/113 [00:08<00:38,  2.44it/s]
Processing frames:  19%|█▊        | 21/113 [00:08<00:37,  2.45it/s]
Processing frames:  19%|█▉        | 22/113 [00:09<00:37,  2.45it/s]
Processing frames:  20%|██        | 23/113 [00:09<00:36,  2.46it/s]
Processing frames:  21%|██        | 24/113 [00:09<00:36,  2.46it/s]
Processing frames:  22%|██▏       | 25/113 [00:10<00:35,  2.48it/s]
Processing frames:  23%|██▎       | 26/113 [00:10<00:35,  2.46it/s]
Processing frames:  24%|██▍       | 27/113 [00:11<00:35,  2.42it/s]
Processing frames:  25%|██▍       | 28/113 [00:11<00:35,  2.42it/s]
Processing frames:  26%|██▌       | 29/113 [00:11<00:34,  2.44it/s]
Processing frames:  27%|██▋       | 30/113 [00:12<00:33,  2.45it/s]
Processing frames:  27%|██▋       | 31/113 [00:12<00:33,  2.46it/s]
Processing frames:  28%|██▊       | 32/113 [00:13<00:32,  2.46it/s]
Processing frames:  29%|██▉       | 33/113 [00:13<00:32,  2.46it/s]
Processing frames:  30%|███       | 34/113 [00:13<00:32,  2.46it/s]
Processing frames:  31%|███       | 35/113 [00:14<00:31,  2.46it/s]
Processing frames:  32%|███▏      | 36/113 [00:14<00:31,  2.47it/s]
Processing frames:  33%|███▎      | 37/113 [00:15<00:31,  2.43it/s]
Processing frames:  34%|███▎      | 38/113 [00:15<00:31,  2.41it/s]
Processing frames:  35%|███▍      | 39/113 [00:15<00:30,  2.42it/s]
Processing frames:  35%|███▌      | 40/113 [00:16<00:30,  2.43it/s]
Processing frames:  36%|███▋      | 41/113 [00:16<00:29,  2.45it/s]
Processing frames:  37%|███▋      | 42/113 [00:17<00:29,  2.37it/s]
Processing frames:  38%|███▊      | 43/113 [00:17<00:29,  2.38it/s]
Processing frames:  39%|███▉      | 44/113 [00:18<00:28,  2.39it/s]
Processing frames:  40%|███▉      | 45/113 [00:18<00:28,  2.41it/s]
Processing frames:  41%|████      | 46/113 [00:18<00:27,  2.42it/s]
Processing frames:  42%|████▏     | 47/113 [00:19<00:27,  2.43it/s]
Processing frames:  42%|████▏     | 48/113 [00:19<00:27,  2.40it/s]
Processing frames:  43%|████▎     | 49/113 [00:20<00:26,  2.42it/s]
Processing frames:  44%|████▍     | 50/113 [00:20<00:26,  2.41it/s]
Processing frames:  45%|████▌     | 51/113 [00:20<00:25,  2.41it/s]
Processing frames:  46%|████▌     | 52/113 [00:21<00:25,  2.43it/s]
Processing frames:  47%|████▋     | 53/113 [00:21<00:25,  2.38it/s]
Processing frames:  48%|████▊     | 54/113 [00:22<00:24,  2.40it/s]
Processing frames:  49%|████▊     | 55/113 [00:22<00:24,  2.40it/s]
Processing frames:  50%|████▉     | 56/113 [00:23<00:23,  2.41it/s]
Processing frames:  50%|█████     | 57/113 [00:23<00:23,  2.41it/s]
Processing frames:  51%|█████▏    | 58/113 [00:23<00:22,  2.40it/s]
Processing frames:  52%|█████▏    | 59/113 [00:24<00:22,  2.38it/s]
Processing frames:  53%|█████▎    | 60/113 [00:24<00:22,  2.40it/s]
Processing frames:  54%|█████▍    | 61/113 [00:25<00:21,  2.42it/s]
Processing frames:  55%|█████▍    | 62/113 [00:25<00:21,  2.41it/s]
Processing frames:  56%|█████▌    | 63/113 [00:25<00:20,  2.43it/s]
Processing frames:  57%|█████▋    | 64/113 [00:26<00:20,  2.44it/s]
Processing frames:  58%|█████▊    | 65/113 [00:26<00:19,  2.44it/s]
Processing frames:  58%|█████▊    | 66/113 [00:27<00:19,  2.42it/s]
Processing frames:  59%|█████▉    | 67/113 [00:27<00:19,  2.39it/s]
Processing frames:  60%|██████    | 68/113 [00:28<00:18,  2.40it/s]
Processing frames:  61%|██████    | 69/113 [00:28<00:18,  2.42it/s]
Processing frames:  62%|██████▏   | 70/113 [00:28<00:17,  2.40it/s]
Processing frames:  63%|██████▎   | 71/113 [00:29<00:17,  2.43it/s]
Processing frames:  64%|██████▎   | 72/113 [00:29<00:16,  2.44it/s]
Processing frames:  65%|██████▍   | 73/113 [00:30<00:16,  2.45it/s]
Processing frames:  65%|██████▌   | 74/113 [00:30<00:15,  2.44it/s]
Processing frames:  66%|██████▋   | 75/113 [00:30<00:15,  2.45it/s]
Processing frames:  67%|██████▋   | 76/113 [00:31<00:15,  2.46it/s]
Processing frames:  68%|██████▊   | 77/113 [00:31<00:16,  2.23it/s]
Processing frames:  69%|██████▉   | 78/113 [00:32<00:15,  2.28it/s]
Processing frames:  70%|██████▉   | 79/113 [00:32<00:14,  2.31it/s]
Processing frames:  71%|███████   | 80/113 [00:33<00:14,  2.35it/s]
Processing frames:  72%|███████▏  | 81/113 [00:33<00:13,  2.40it/s]
Processing frames:  73%|███████▎  | 82/113 [00:33<00:12,  2.41it/s]
Processing frames:  73%|███████▎  | 83/113 [00:34<00:12,  2.41it/s]
Processing frames:  74%|███████▍  | 84/113 [00:34<00:11,  2.43it/s]
Processing frames:  75%|███████▌  | 85/113 [00:35<00:11,  2.45it/s]
Processing frames:  76%|███████▌  | 86/113 [00:35<00:11,  2.43it/s]
Processing frames:  77%|███████▋  | 87/113 [00:35<00:10,  2.44it/s]
Processing frames:  78%|███████▊  | 88/113 [00:36<00:10,  2.45it/s]
Processing frames:  79%|███████▉  | 89/113 [00:36<00:09,  2.44it/s]
Processing frames:  80%|███████▉  | 90/113 [00:37<00:09,  2.44it/s]
Processing frames:  81%|████████  | 91/113 [00:37<00:09,  2.42it/s]
Processing frames:  81%|████████▏ | 92/113 [00:37<00:08,  2.42it/s]
Processing frames:  82%|████████▏ | 93/113 [00:38<00:08,  2.44it/s]
Processing frames:  83%|████████▎ | 94/113 [00:38<00:07,  2.45it/s]
Processing frames:  84%|████████▍ | 95/113 [00:39<00:07,  2.46it/s]
Processing frames:  85%|████████▍ | 96/113 [00:39<00:07,  2.41it/s]
Processing frames:  86%|████████▌ | 97/113 [00:40<00:06,  2.40it/s]
Processing frames:  87%|████████▋ | 98/113 [00:40<00:06,  2.42it/s]
Processing frames:  88%|████████▊ | 99/113 [00:40<00:05,  2.43it/s]
Processing frames:  88%|████████▊ | 100/113 [00:41<00:05,  2.43it/s]
Processing frames:  89%|████████▉ | 101/113 [00:41<00:04,  2.44it/s]
Processing frames:  90%|█████████ | 102/113 [00:42<00:04,  2.43it/s]
Processing frames:  91%|█████████ | 103/113 [00:42<00:04,  2.44it/s]
Processing frames:  92%|█████████▏| 104/113 [00:42<00:03,  2.45it/s]
Processing frames:  93%|█████████▎| 105/113 [00:43<00:03,  2.46it/s]
Processing frames:  94%|█████████▍| 106/113 [00:43<00:02,  2.46it/s]
Processing frames:  95%|█████████▍| 107/113 [00:44<00:02,  2.47it/s]
Processing frames:  96%|█████████▌| 108/113 [00:44<00:02,  2.47it/s]
Processing frames:  96%|█████████▋| 109/113 [00:44<00:01,  2.47it/s]
Processing frames:  97%|█████████▋| 110/113 [00:45<00:01,  2.48it/s]
Processing frames:  98%|█████████▊| 111/113 [00:45<00:00,  2.47it/s]
Processing frames:  99%|█████████▉| 112/113 [00:46<00:00,  2.49it/s]
Processing frames: 100%|██████████| 113/113 [00:46<00:00,  2.44it/s]
Processing frames: 100%|██████████| 113/113 [00:46<00:00,  2.43it/s]

Processing frames:   0%|          | 0/9 [00:00<?, ?it/s]
Processing frames:  11%|█         | 1/9 [00:00<00:04,  1.84it/s]
Processing frames:  22%|██▏       | 2/9 [00:01<00:03,  1.87it/s]
Processing frames:  33%|███▎      | 3/9 [00:01<00:03,  1.89it/s]
Processing frames:  44%|████▍     | 4/9 [00:02<00:02,  1.92it/s]
Processing frames:  56%|█████▌    | 5/9 [00:02<00:02,  1.94it/s]
Processing frames:  67%|██████▋   | 6/9 [00:03<00:01,  1.95it/s]
Processing frames:  78%|███████▊  | 7/9 [00:03<00:01,  1.96it/s]
Processing frames:  89%|████████▉ | 8/9 [00:04<00:00,  1.94it/s]
Processing frames: 100%|██████████| 9/9 [00:04<00:00,  1.95it/s]
Processing frames: 100%|██████████| 9/9 [00:04<00:00,  1.94it/s]

Processing frames:   0%|          | 0/47 [00:00<?, ?it/s]
Processing frames:   2%|▏         | 1/47 [00:00<00:18,  2.43it/s]
Processing frames:   4%|▍         | 2/47 [00:00<00:18,  2.47it/s]
Processing frames:   6%|▋         | 3/47 [00:01<00:17,  2.45it/s]
Processing frames:   9%|▊         | 4/47 [00:01<00:17,  2.44it/s]
Processing frames:  11%|█         | 5/47 [00:02<00:16,  2.48it/s]
Processing frames:  13%|█▎        | 6/47 [00:02<00:16,  2.46it/s]
Processing frames:  15%|█▍        | 7/47 [00:02<00:16,  2.43it/s]
Processing frames:  17%|█▋        | 8/47 [00:03<00:16,  2.42it/s]
Processing frames:  19%|█▉        | 9/47 [00:03<00:15,  2.43it/s]
Processing frames:  21%|██▏       | 10/47 [00:04<00:15,  2.41it/s]
Processing frames:  23%|██▎       | 11/47 [00:04<00:14,  2.42it/s]
Processing frames:  26%|██▌       | 12/47 [00:04<00:14,  2.41it/s]
Processing frames:  28%|██▊       | 13/47 [00:05<00:14,  2.39it/s]
Processing frames:  30%|██▉       | 14/47 [00:05<00:13,  2.40it/s]
Processing frames:  32%|███▏      | 15/47 [00:06<00:13,  2.42it/s]
Processing frames:  34%|███▍      | 16/47 [00:06<00:12,  2.40it/s]
Processing frames:  36%|███▌      | 17/47 [00:07<00:12,  2.39it/s]
Processing frames:  38%|███▊      | 18/47 [00:07<00:12,  2.36it/s]
Processing frames:  40%|████      | 19/47 [00:07<00:11,  2.37it/s]
Processing frames:  43%|████▎     | 20/47 [00:08<00:11,  2.42it/s]
Processing frames:  45%|████▍     | 21/47 [00:08<00:10,  2.41it/s]
Processing frames:  47%|████▋     | 22/47 [00:09<00:10,  2.39it/s]
Processing frames:  49%|████▉     | 23/47 [00:09<00:09,  2.41it/s]
Processing frames:  51%|█████     | 24/47 [00:09<00:09,  2.38it/s]
Processing frames:  53%|█████▎    | 25/47 [00:10<00:09,  2.40it/s]
Processing frames:  55%|█████▌    | 26/47 [00:10<00:08,  2.38it/s]
Processing frames:  57%|█████▋    | 27/47 [00:11<00:08,  2.41it/s]
Processing frames:  60%|█████▉    | 28/47 [00:11<00:07,  2.42it/s]
Processing frames:  62%|██████▏   | 29/47 [00:12<00:07,  2.39it/s]
Processing frames:  64%|██████▍   | 30/47 [00:12<00:07,  2.42it/s]
Processing frames:  66%|██████▌   | 31/47 [00:12<00:06,  2.41it/s]
Processing frames:  68%|██████▊   | 32/47 [00:13<00:06,  2.38it/s]
Processing frames:  70%|███████   | 33/47 [00:13<00:05,  2.39it/s]
Processing frames:  72%|███████▏  | 34/47 [00:14<00:05,  2.37it/s]
Processing frames:  74%|███████▍  | 35/47 [00:14<00:05,  2.39it/s]
Processing frames:  77%|███████▋  | 36/47 [00:14<00:04,  2.41it/s]
Processing frames:  79%|███████▊  | 37/47 [00:15<00:04,  2.44it/s]
Processing frames:  81%|████████  | 38/47 [00:15<00:03,  2.46it/s]
Processing frames:  83%|████████▎ | 39/47 [00:16<00:03,  2.44it/s]
Processing frames:  85%|████████▌ | 40/47 [00:16<00:02,  2.43it/s]
Processing frames:  87%|████████▋ | 41/47 [00:17<00:02,  2.38it/s]
Processing frames:  89%|████████▉ | 42/47 [00:17<00:02,  2.40it/s]
Processing frames:  91%|█████████▏| 43/47 [00:17<00:01,  2.36it/s]
Processing frames:  94%|█████████▎| 44/47 [00:18<00:01,  2.38it/s]
Processing frames:  96%|█████████▌| 45/47 [00:18<00:00,  2.40it/s]
Processing frames:  98%|█████████▊| 46/47 [00:19<00:00,  2.40it/s]
Processing frames: 100%|██████████| 47/47 [00:19<00:00,  2.40it/s]
Processing frames: 100%|██████████| 47/47 [00:19<00:00,  2.41it/s]

Processing frames:   0%|          | 0/8 [00:00<?, ?it/s]
Processing frames:  12%|█▎        | 1/8 [00:00<00:05,  1.21it/s]
Processing frames:  25%|██▌       | 2/8 [00:01<00:04,  1.24it/s]
Processing frames:  38%|███▊      | 3/8 [00:02<00:03,  1.26it/s]
Processing frames:  50%|█████     | 4/8 [00:03<00:03,  1.23it/s]
Processing frames:  62%|██████▎   | 5/8 [00:04<00:02,  1.22it/s]
Processing frames:  75%|███████▌  | 6/8 [00:04<00:01,  1.23it/s]
Processing frames:  88%|████████▊ | 7/8 [00:05<00:00,  1.24it/s]
Processing frames: 100%|██████████| 8/8 [00:06<00:00,  1.24it/s]
Processing frames: 100%|██████████| 8/8 [00:06<00:00,  1.24it/s]

Processing frames:   0%|          | 0/167 [00:00<?, ?it/s]
Processing frames:   1%|          | 1/167 [00:00<01:07,  2.46it/s]
Processing frames:   1%|          | 2/167 [00:00<01:06,  2.47it/s]
Processing frames:   2%|▏         | 3/167 [00:01<01:07,  2.41it/s]
Processing frames:   2%|▏         | 4/167 [00:01<01:15,  2.16it/s]
Processing frames:   3%|▎         | 5/167 [00:02<01:11,  2.26it/s]
Processing frames:   4%|▎         | 6/167 [00:02<01:09,  2.32it/s]
Processing frames:   4%|▍         | 7/167 [00:03<01:09,  2.30it/s]
Processing frames:   5%|▍         | 8/167 [00:03<01:09,  2.29it/s]
Processing frames:   5%|▌         | 9/167 [00:03<01:07,  2.34it/s]
Processing frames:   6%|▌         | 10/167 [00:04<01:07,  2.33it/s]
Processing frames:   7%|▋         | 11/167 [00:04<01:06,  2.34it/s]
Processing frames:   7%|▋         | 12/167 [00:05<01:05,  2.35it/s]
Processing frames:   8%|▊         | 13/167 [00:05<01:04,  2.39it/s]
Processing frames:   8%|▊         | 14/167 [00:05<01:03,  2.43it/s]
Processing frames:   9%|▉         | 15/167 [00:06<01:02,  2.43it/s]
Processing frames:  10%|▉         | 16/167 [00:06<01:02,  2.42it/s]
Processing frames:  10%|█         | 17/167 [00:07<01:01,  2.44it/s]
Processing frames:  11%|█         | 18/167 [00:07<01:01,  2.42it/s]
Processing frames:  11%|█▏        | 19/167 [00:08<01:00,  2.43it/s]
Processing frames:  12%|█▏        | 20/167 [00:08<01:01,  2.39it/s]
Processing frames:  13%|█▎        | 21/167 [00:08<01:00,  2.40it/s]
Processing frames:  13%|█▎        | 22/167 [00:09<01:00,  2.41it/s]
Processing frames:  14%|█▍        | 23/167 [00:09<01:00,  2.40it/s]
Processing frames:  14%|█▍        | 24/167 [00:10<00:59,  2.41it/s]
Processing frames:  15%|█▍        | 25/167 [00:10<00:59,  2.37it/s]
Processing frames:  16%|█▌        | 26/167 [00:10<00:58,  2.39it/s]
Processing frames:  16%|█▌        | 27/167 [00:11<00:59,  2.34it/s]
Processing frames:  17%|█▋        | 28/167 [00:11<01:02,  2.23it/s]
Processing frames:  17%|█▋        | 29/167 [00:12<01:00,  2.30it/s]
Processing frames:  18%|█▊        | 30/167 [00:12<00:58,  2.34it/s]
Processing frames:  19%|█▊        | 31/167 [00:13<00:58,  2.34it/s]
Processing frames:  19%|█▉        | 32/167 [00:13<00:57,  2.36it/s]
Processing frames:  20%|█▉        | 33/167 [00:13<00:55,  2.40it/s]
Processing frames:  20%|██        | 34/167 [00:14<00:55,  2.41it/s]
Processing frames:  21%|██        | 35/167 [00:14<00:54,  2.43it/s]
Processing frames:  22%|██▏       | 36/167 [00:15<00:54,  2.43it/s]
Processing frames:  22%|██▏       | 37/167 [00:15<00:54,  2.40it/s]
Processing frames:  23%|██▎       | 38/167 [00:16<00:54,  2.37it/s]
Processing frames:  23%|██▎       | 39/167 [00:16<00:54,  2.37it/s]
Processing frames:  24%|██▍       | 40/167 [00:16<00:54,  2.34it/s]
Processing frames:  25%|██▍       | 41/167 [00:17<00:53,  2.35it/s]
Processing frames:  25%|██▌       | 42/167 [00:17<00:53,  2.34it/s]
Processing frames:  26%|██▌       | 43/167 [00:18<00:52,  2.35it/s]
Processing frames:  26%|██▋       | 44/167 [00:18<00:52,  2.33it/s]
Processing frames:  27%|██▋       | 45/167 [00:19<00:51,  2.37it/s]
Processing frames:  28%|██▊       | 46/167 [00:19<00:51,  2.36it/s]
Processing frames:  28%|██▊       | 47/167 [00:19<00:50,  2.36it/s]
Processing frames:  29%|██▊       | 48/167 [00:20<00:51,  2.32it/s]
Processing frames:  29%|██▉       | 49/167 [00:20<00:50,  2.35it/s]
Processing frames:  30%|██▉       | 50/167 [00:21<00:49,  2.38it/s]
Processing frames:  31%|███       | 51/167 [00:21<00:48,  2.38it/s]
Processing frames:  31%|███       | 52/167 [00:21<00:47,  2.40it/s]
Processing frames:  32%|███▏      | 53/167 [00:22<00:47,  2.43it/s]
Processing frames:  32%|███▏      | 54/167 [00:22<00:46,  2.45it/s]
Processing frames:  33%|███▎      | 55/167 [00:23<00:45,  2.45it/s]
Processing frames:  34%|███▎      | 56/167 [00:23<00:45,  2.43it/s]
Processing frames:  34%|███▍      | 57/167 [00:23<00:44,  2.45it/s]
Processing frames:  35%|███▍      | 58/167 [00:24<00:44,  2.43it/s]
Processing frames:  35%|███▌      | 59/167 [00:24<00:44,  2.43it/s]
Processing frames:  36%|███▌      | 60/167 [00:25<00:44,  2.43it/s]
Processing frames:  37%|███▋      | 61/167 [00:25<00:43,  2.45it/s]
Processing frames:  37%|███▋      | 62/167 [00:26<00:42,  2.47it/s]
Processing frames:  38%|███▊      | 63/167 [00:26<00:41,  2.49it/s]
Processing frames:  38%|███▊      | 64/167 [00:26<00:41,  2.49it/s]
Processing frames:  39%|███▉      | 65/167 [00:27<00:40,  2.50it/s]
Processing frames:  40%|███▉      | 66/167 [00:27<00:40,  2.51it/s]
Processing frames:  40%|████      | 67/167 [00:28<00:39,  2.51it/s]
Processing frames:  41%|████      | 68/167 [00:28<00:39,  2.52it/s]
Processing frames:  41%|████▏     | 69/167 [00:28<00:38,  2.52it/s]
Processing frames:  42%|████▏     | 70/167 [00:29<00:38,  2.50it/s]
Processing frames:  43%|████▎     | 71/167 [00:29<00:38,  2.51it/s]
Processing frames:  43%|████▎     | 72/167 [00:30<00:37,  2.52it/s]
Processing frames:  44%|████▎     | 73/167 [00:30<00:37,  2.52it/s]
Processing frames:  44%|████▍     | 74/167 [00:30<00:37,  2.46it/s]
Processing frames:  45%|████▍     | 75/167 [00:31<00:37,  2.46it/s]
Processing frames:  46%|████▌     | 76/167 [00:31<00:37,  2.45it/s]
Processing frames:  46%|████▌     | 77/167 [00:32<00:36,  2.47it/s]
Processing frames:  47%|████▋     | 78/167 [00:32<00:36,  2.47it/s]
Processing frames:  47%|████▋     | 79/167 [00:32<00:36,  2.43it/s]
Processing frames:  48%|████▊     | 80/167 [00:33<00:35,  2.46it/s]
Processing frames:  49%|████▊     | 81/167 [00:33<00:35,  2.44it/s]
Processing frames:  49%|████▉     | 82/167 [00:34<00:35,  2.43it/s]
Processing frames:  50%|████▉     | 83/167 [00:34<00:35,  2.37it/s]
Processing frames:  50%|█████     | 84/167 [00:34<00:34,  2.37it/s]
Processing frames:  51%|█████     | 85/167 [00:35<00:34,  2.39it/s]
Processing frames:  51%|█████▏    | 86/167 [00:35<00:33,  2.39it/s]
Processing frames:  52%|█████▏    | 87/167 [00:36<00:33,  2.36it/s]
Processing frames:  53%|█████▎    | 88/167 [00:36<00:32,  2.40it/s]
Processing frames:  53%|█████▎    | 89/167 [00:37<00:32,  2.42it/s]
Processing frames:  54%|█████▍    | 90/167 [00:37<00:31,  2.42it/s]
Processing frames:  54%|█████▍    | 91/167 [00:37<00:31,  2.43it/s]
Processing frames:  55%|█████▌    | 92/167 [00:38<00:30,  2.46it/s]
Processing frames:  56%|█████▌    | 93/167 [00:38<00:29,  2.48it/s]
Processing frames:  56%|█████▋    | 94/167 [00:39<00:29,  2.49it/s]
Processing frames:  57%|█████▋    | 95/167 [00:39<00:29,  2.46it/s]
Processing frames:  57%|█████▋    | 96/167 [00:39<00:29,  2.45it/s]
Processing frames:  58%|█████▊    | 97/167 [00:40<00:28,  2.45it/s]
Processing frames:  59%|█████▊    | 98/167 [00:40<00:28,  2.44it/s]
Processing frames:  59%|█████▉    | 99/167 [00:41<00:27,  2.44it/s]
Processing frames:  60%|█████▉    | 100/167 [00:41<00:27,  2.46it/s]
Processing frames:  60%|██████    | 101/167 [00:41<00:26,  2.46it/s]
Processing frames:  61%|██████    | 102/167 [00:42<00:26,  2.46it/s]
Processing frames:  62%|██████▏   | 103/167 [00:42<00:26,  2.44it/s]
Processing frames:  62%|██████▏   | 104/167 [00:43<00:25,  2.46it/s]
Processing frames:  63%|██████▎   | 105/167 [00:43<00:25,  2.41it/s]
Processing frames:  63%|██████▎   | 106/167 [00:44<00:26,  2.32it/s]
Processing frames:  64%|██████▍   | 107/167 [00:44<00:25,  2.34it/s]
Processing frames:  65%|██████▍   | 108/167 [00:44<00:24,  2.37it/s]
Processing frames:  65%|██████▌   | 109/167 [00:45<00:24,  2.38it/s]
Processing frames:  66%|██████▌   | 110/167 [00:45<00:23,  2.40it/s]
Processing frames:  66%|██████▋   | 111/167 [00:46<00:23,  2.41it/s]
Processing frames:  67%|██████▋   | 112/167 [00:46<00:22,  2.45it/s]
Processing frames:  68%|██████▊   | 113/167 [00:46<00:21,  2.46it/s]
Processing frames:  68%|██████▊   | 114/167 [00:47<00:21,  2.46it/s]
Processing frames:  69%|██████▉   | 115/167 [00:47<00:20,  2.48it/s]
Processing frames:  69%|██████▉   | 116/167 [00:48<00:20,  2.49it/s]
Processing frames:  70%|███████   | 117/167 [00:48<00:20,  2.46it/s]
Processing frames:  71%|███████   | 118/167 [00:48<00:20,  2.41it/s]
Processing frames:  71%|███████▏  | 119/167 [00:49<00:20,  2.38it/s]
Processing frames:  72%|███████▏  | 120/167 [00:49<00:20,  2.35it/s]
Processing frames:  72%|███████▏  | 121/167 [00:50<00:19,  2.36it/s]
Processing frames:  73%|███████▎  | 122/167 [00:50<00:21,  2.05it/s]
Processing frames:  74%|███████▎  | 123/167 [00:51<00:20,  2.17it/s]
Processing frames:  74%|███████▍  | 124/167 [00:51<00:19,  2.24it/s]
Processing frames:  75%|███████▍  | 125/167 [00:52<00:18,  2.28it/s]
Processing frames:  75%|███████▌  | 126/167 [00:52<00:17,  2.35it/s]
Processing frames:  76%|███████▌  | 127/167 [00:52<00:16,  2.40it/s]
Processing frames:  77%|███████▋  | 128/167 [00:53<00:16,  2.43it/s]
Processing frames:  77%|███████▋  | 129/167 [00:53<00:15,  2.45it/s]
Processing frames:  78%|███████▊  | 130/167 [00:54<00:14,  2.47it/s]
Processing frames:  78%|███████▊  | 131/167 [00:54<00:14,  2.47it/s]
Processing frames:  79%|███████▉  | 132/167 [00:54<00:14,  2.49it/s]
Processing frames:  80%|███████▉  | 133/167 [00:55<00:13,  2.50it/s]
Processing frames:  80%|████████  | 134/167 [00:55<00:13,  2.48it/s]
Processing frames:  81%|████████  | 135/167 [00:56<00:12,  2.48it/s]
Processing frames:  81%|████████▏ | 136/167 [00:56<00:12,  2.44it/s]
Processing frames:  82%|████████▏ | 137/167 [00:56<00:12,  2.45it/s]
Processing frames:  83%|████████▎ | 138/167 [00:57<00:11,  2.43it/s]
Processing frames:  83%|████████▎ | 139/167 [00:57<00:11,  2.43it/s]
Processing frames:  84%|████████▍ | 140/167 [00:58<00:11,  2.43it/s]
Processing frames:  84%|████████▍ | 141/167 [00:58<00:10,  2.43it/s]
Processing frames:  85%|████████▌ | 142/167 [00:59<00:10,  2.43it/s]
Processing frames:  86%|████████▌ | 143/167 [00:59<00:09,  2.41it/s]
Processing frames:  86%|████████▌ | 144/167 [00:59<00:09,  2.43it/s]
Processing frames:  87%|████████▋ | 145/167 [01:00<00:09,  2.43it/s]
Processing frames:  87%|████████▋ | 146/167 [01:00<00:08,  2.44it/s]
Processing frames:  88%|████████▊ | 147/167 [01:01<00:08,  2.44it/s]
Processing frames:  89%|████████▊ | 148/167 [01:01<00:07,  2.45it/s]
Processing frames:  89%|████████▉ | 149/167 [01:01<00:07,  2.46it/s]
Processing frames:  90%|████████▉ | 150/167 [01:02<00:07,  2.22it/s]
Processing frames:  90%|█████████ | 151/167 [01:02<00:07,  2.26it/s]
Processing frames:  91%|█████████ | 152/167 [01:03<00:06,  2.32it/s]
Processing frames:  92%|█████████▏| 153/167 [01:03<00:05,  2.35it/s]
Processing frames:  92%|█████████▏| 154/167 [01:04<00:05,  2.38it/s]
Processing frames:  93%|█████████▎| 155/167 [01:04<00:04,  2.40it/s]
Processing frames:  93%|█████████▎| 156/167 [01:04<00:04,  2.37it/s]
Processing frames:  94%|█████████▍| 157/167 [01:05<00:04,  2.41it/s]
Processing frames:  95%|█████████▍| 158/167 [01:05<00:03,  2.42it/s]
Processing frames:  95%|█████████▌| 159/167 [01:06<00:03,  2.44it/s]
Processing frames:  96%|█████████▌| 160/167 [01:06<00:02,  2.42it/s]
Processing frames:  96%|█████████▋| 161/167 [01:06<00:02,  2.41it/s]
Processing frames:  97%|█████████▋| 162/167 [01:07<00:02,  2.43it/s]
Processing frames:  98%|█████████▊| 163/167 [01:07<00:01,  2.40it/s]
Processing frames:  98%|█████████▊| 164/167 [01:08<00:01,  2.39it/s]
Processing frames:  99%|█████████▉| 165/167 [01:08<00:00,  2.34it/s]
Processing frames:  99%|█████████▉| 166/167 [01:09<00:00,  2.34it/s]
Processing frames: 100%|██████████| 167/167 [01:09<00:00,  2.35it/s]
Processing frames: 100%|██████████| 167/167 [01:09<00:00,  2.40it/s]

Processing frames:   0%|          | 0/218 [00:00<?, ?it/s]
Processing frames:   0%|          | 1/218 [00:00<01:31,  2.37it/s]
Processing frames:   1%|          | 2/218 [00:00<01:33,  2.31it/s]
Processing frames:   1%|▏         | 3/218 [00:01<01:30,  2.38it/s]
Processing frames:   2%|▏         | 4/218 [00:01<01:28,  2.40it/s]
Processing frames:   2%|▏         | 5/218 [00:02<01:29,  2.38it/s]
Processing frames:   3%|▎         | 6/218 [00:02<01:29,  2.38it/s]
Processing frames:   3%|▎         | 7/218 [00:02<01:26,  2.43it/s]
Processing frames:   4%|▎         | 8/218 [00:03<01:29,  2.35it/s]
Processing frames:   4%|▍         | 9/218 [00:03<01:26,  2.40it/s]
Processing frames:   5%|▍         | 10/218 [00:04<01:25,  2.43it/s]
Processing frames:   5%|▌         | 11/218 [00:04<01:24,  2.44it/s]
Processing frames:   6%|▌         | 12/218 [00:04<01:24,  2.44it/s]
Processing frames:   6%|▌         | 13/218 [00:05<01:23,  2.46it/s]
Processing frames:   6%|▋         | 14/218 [00:05<01:23,  2.44it/s]
Processing frames:   7%|▋         | 15/218 [00:06<01:24,  2.41it/s]
Processing frames:   7%|▋         | 16/218 [00:06<01:22,  2.44it/s]
Processing frames:   8%|▊         | 17/218 [00:07<01:22,  2.43it/s]
Processing frames:   8%|▊         | 18/218 [00:07<01:21,  2.44it/s]
Processing frames:   9%|▊         | 19/218 [00:07<01:21,  2.45it/s]
Processing frames:   9%|▉         | 20/218 [00:08<01:22,  2.41it/s]
Processing frames:  10%|▉         | 21/218 [00:08<01:21,  2.41it/s]
Processing frames:  10%|█         | 22/218 [00:09<01:21,  2.41it/s]
Processing frames:  11%|█         | 23/218 [00:09<01:21,  2.41it/s]
Processing frames:  11%|█         | 24/218 [00:09<01:20,  2.41it/s]
Processing frames:  11%|█▏        | 25/218 [00:10<01:19,  2.41it/s]
Processing frames:  12%|█▏        | 26/218 [00:10<01:18,  2.45it/s]
Processing frames:  12%|█▏        | 27/218 [00:11<01:18,  2.43it/s]
Processing frames:  13%|█▎        | 28/218 [00:11<01:17,  2.44it/s]
Processing frames:  13%|█▎        | 29/218 [00:12<01:20,  2.36it/s]
Processing frames:  14%|█▍        | 30/218 [00:12<01:21,  2.32it/s]
Processing frames:  14%|█▍        | 31/218 [00:12<01:20,  2.34it/s]
Processing frames:  15%|█▍        | 32/218 [00:13<01:19,  2.35it/s]
Processing frames:  15%|█▌        | 33/218 [00:13<01:20,  2.30it/s]
Processing frames:  16%|█▌        | 34/218 [00:14<01:18,  2.33it/s]
Processing frames:  16%|█▌        | 35/218 [00:14<01:17,  2.35it/s]
Processing frames:  17%|█▋        | 36/218 [00:15<01:17,  2.35it/s]
Processing frames:  17%|█▋        | 37/218 [00:15<01:16,  2.37it/s]
Processing frames:  17%|█▋        | 38/218 [00:15<01:15,  2.40it/s]
Processing frames:  18%|█▊        | 39/218 [00:16<01:14,  2.41it/s]
Processing frames:  18%|█▊        | 40/218 [00:16<01:12,  2.44it/s]
Processing frames:  19%|█▉        | 41/218 [00:17<01:12,  2.45it/s]
Processing frames:  19%|█▉        | 42/218 [00:17<01:12,  2.43it/s]
Processing frames:  20%|█▉        | 43/218 [00:17<01:12,  2.41it/s]
Processing frames:  20%|██        | 44/218 [00:18<01:12,  2.41it/s]
Processing frames:  21%|██        | 45/218 [00:18<01:11,  2.42it/s]
Processing frames:  21%|██        | 46/218 [00:19<01:10,  2.45it/s]
Processing frames:  22%|██▏       | 47/218 [00:19<01:09,  2.45it/s]
Processing frames:  22%|██▏       | 48/218 [00:19<01:08,  2.47it/s]
Processing frames:  22%|██▏       | 49/218 [00:20<01:10,  2.41it/s]
Processing frames:  23%|██▎       | 50/218 [00:20<01:08,  2.44it/s]
Processing frames:  23%|██▎       | 51/218 [00:21<01:07,  2.46it/s]
Processing frames:  24%|██▍       | 52/218 [00:21<01:07,  2.48it/s]
Processing frames:  24%|██▍       | 53/218 [00:21<01:06,  2.48it/s]
Processing frames:  25%|██▍       | 54/218 [00:22<01:06,  2.48it/s]
Processing frames:  25%|██▌       | 55/218 [00:22<01:05,  2.50it/s]
Processing frames:  26%|██▌       | 56/218 [00:23<01:04,  2.51it/s]
Processing frames:  26%|██▌       | 57/218 [00:23<01:04,  2.50it/s]
Processing frames:  27%|██▋       | 58/218 [00:23<01:05,  2.46it/s]
Processing frames:  27%|██▋       | 59/218 [00:24<01:04,  2.47it/s]
Processing frames:  28%|██▊       | 60/218 [00:24<01:04,  2.46it/s]
Processing frames:  28%|██▊       | 61/218 [00:25<01:03,  2.47it/s]
Processing frames:  28%|██▊       | 62/218 [00:25<01:02,  2.48it/s]
Processing frames:  29%|██▉       | 63/218 [00:25<01:02,  2.49it/s]
Processing frames:  29%|██▉       | 64/218 [00:26<01:01,  2.51it/s]
Processing frames:  30%|██▉       | 65/218 [00:26<01:01,  2.49it/s]
Processing frames:  30%|███       | 66/218 [00:27<01:01,  2.46it/s]
Processing frames:  31%|███       | 67/218 [00:27<01:01,  2.45it/s]
Processing frames:  31%|███       | 68/218 [00:28<01:00,  2.48it/s]
Processing frames:  32%|███▏      | 69/218 [00:28<00:59,  2.50it/s]
Processing frames:  32%|███▏      | 70/218 [00:28<00:59,  2.48it/s]
Processing frames:  33%|███▎      | 71/218 [00:29<00:59,  2.46it/s]
Processing frames:  33%|███▎      | 72/218 [00:29<00:59,  2.46it/s]
Processing frames:  33%|███▎      | 73/218 [00:30<00:58,  2.48it/s]
Processing frames:  34%|███▍      | 74/218 [00:30<00:58,  2.48it/s]
Processing frames:  34%|███▍      | 75/218 [00:30<00:57,  2.50it/s]
Processing frames:  35%|███▍      | 76/218 [00:31<00:57,  2.49it/s]
Processing frames:  35%|███▌      | 77/218 [00:31<00:57,  2.45it/s]
Processing frames:  36%|███▌      | 78/218 [00:32<00:57,  2.45it/s]
Processing frames:  36%|███▌      | 79/218 [00:32<00:56,  2.45it/s]
Processing frames:  37%|███▋      | 80/218 [00:32<00:55,  2.48it/s]
Processing frames:  37%|███▋      | 81/218 [00:33<00:55,  2.46it/s]
Processing frames:  38%|███▊      | 82/218 [00:33<00:54,  2.49it/s]
Processing frames:  38%|███▊      | 83/218 [00:34<00:54,  2.46it/s]
Processing frames:  39%|███▊      | 84/218 [00:34<01:00,  2.20it/s]
Processing frames:  39%|███▉      | 85/218 [00:35<00:58,  2.29it/s]
Processing frames:  39%|███▉      | 86/218 [00:35<00:56,  2.35it/s]
Processing frames:  40%|███▉      | 87/218 [00:35<00:54,  2.39it/s]
Processing frames:  40%|████      | 88/218 [00:36<00:54,  2.38it/s]
Processing frames:  41%|████      | 89/218 [00:36<00:53,  2.40it/s]
Processing frames:  41%|████▏     | 90/218 [00:37<00:53,  2.41it/s]
Processing frames:  42%|████▏     | 91/218 [00:37<00:52,  2.42it/s]
Processing frames:  42%|████▏     | 92/218 [00:37<00:52,  2.40it/s]
Processing frames:  43%|████▎     | 93/218 [00:38<00:51,  2.44it/s]
Processing frames:  43%|████▎     | 94/218 [00:38<00:50,  2.44it/s]
Processing frames:  44%|████▎     | 95/218 [00:39<00:49,  2.46it/s]
Processing frames:  44%|████▍     | 96/218 [00:39<00:49,  2.47it/s]
Processing frames:  44%|████▍     | 97/218 [00:39<00:49,  2.46it/s]
Processing frames:  45%|████▍     | 98/218 [00:40<00:48,  2.48it/s]
Processing frames:  45%|████▌     | 99/218 [00:40<00:47,  2.48it/s]
Processing frames:  46%|████▌     | 100/218 [00:41<00:48,  2.45it/s]
Processing frames:  46%|████▋     | 101/218 [00:41<00:47,  2.45it/s]
Processing frames:  47%|████▋     | 102/218 [00:41<00:47,  2.46it/s]
Processing frames:  47%|████▋     | 103/218 [00:42<00:47,  2.43it/s]
Processing frames:  48%|████▊     | 104/218 [00:42<00:46,  2.45it/s]
Processing frames:  48%|████▊     | 105/218 [00:43<00:46,  2.45it/s]
Processing frames:  49%|████▊     | 106/218 [00:43<00:45,  2.46it/s]
Processing frames:  49%|████▉     | 107/218 [00:44<00:45,  2.45it/s]
Processing frames:  50%|████▉     | 108/218 [00:44<00:44,  2.45it/s]
Processing frames:  50%|█████     | 109/218 [00:44<00:44,  2.44it/s]
Processing frames:  50%|█████     | 110/218 [00:45<00:44,  2.44it/s]
Processing frames:  51%|█████     | 111/218 [00:45<00:43,  2.43it/s]
Processing frames:  51%|█████▏    | 112/218 [00:46<00:43,  2.43it/s]
Processing frames:  52%|█████▏    | 113/218 [00:46<00:43,  2.42it/s]
Processing frames:  52%|█████▏    | 114/218 [00:46<00:43,  2.38it/s]
Processing frames:  53%|█████▎    | 115/218 [00:47<00:42,  2.41it/s]
Processing frames:  53%|█████▎    | 116/218 [00:47<00:42,  2.41it/s]
Processing frames:  54%|█████▎    | 117/218 [00:48<00:41,  2.43it/s]
Processing frames:  54%|█████▍    | 118/218 [00:48<00:40,  2.45it/s]
Processing frames:  55%|█████▍    | 119/218 [00:48<00:40,  2.44it/s]
Processing frames:  55%|█████▌    | 120/218 [00:49<00:40,  2.43it/s]
Processing frames:  56%|█████▌    | 121/218 [00:49<00:40,  2.42it/s]
Processing frames:  56%|█████▌    | 122/218 [00:50<00:39,  2.44it/s]
Processing frames:  56%|█████▋    | 123/218 [00:50<00:38,  2.46it/s]
Processing frames:  57%|█████▋    | 124/218 [00:51<00:38,  2.44it/s]
Processing frames:  57%|█████▋    | 125/218 [00:51<00:37,  2.45it/s]
Processing frames:  58%|█████▊    | 126/218 [00:51<00:37,  2.43it/s]
Processing frames:  58%|█████▊    | 127/218 [00:52<00:37,  2.44it/s]
Processing frames:  59%|█████▊    | 128/218 [00:52<00:36,  2.45it/s]
Processing frames:  59%|█████▉    | 129/218 [00:53<00:36,  2.47it/s]
Processing frames:  60%|█████▉    | 130/218 [00:53<00:35,  2.47it/s]
Processing frames:  60%|██████    | 131/218 [00:53<00:35,  2.48it/s]
Processing frames:  61%|██████    | 132/218 [00:54<00:34,  2.48it/s]
Processing frames:  61%|██████    | 133/218 [00:54<00:34,  2.45it/s]
Processing frames:  61%|██████▏   | 134/218 [00:55<00:34,  2.46it/s]
Processing frames:  62%|██████▏   | 135/218 [00:55<00:33,  2.46it/s]
Processing frames:  62%|██████▏   | 136/218 [00:55<00:34,  2.39it/s]
Processing frames:  63%|██████▎   | 137/218 [00:56<00:33,  2.39it/s]
Processing frames:  63%|██████▎   | 138/218 [00:56<00:33,  2.36it/s]
Processing frames:  64%|██████▍   | 139/218 [00:57<00:33,  2.38it/s]
Processing frames:  64%|██████▍   | 140/218 [00:57<00:32,  2.40it/s]
Processing frames:  65%|██████▍   | 141/218 [00:58<00:31,  2.41it/s]
Processing frames:  65%|██████▌   | 142/218 [00:58<00:31,  2.39it/s]
Processing frames:  66%|██████▌   | 143/218 [00:58<00:31,  2.40it/s]
Processing frames:  66%|██████▌   | 144/218 [00:59<00:32,  2.26it/s]
Processing frames:  67%|██████▋   | 145/218 [00:59<00:31,  2.29it/s]
Processing frames:  67%|██████▋   | 146/218 [01:00<00:30,  2.34it/s]
Processing frames:  67%|██████▋   | 147/218 [01:00<00:30,  2.36it/s]
Processing frames:  68%|██████▊   | 148/218 [01:01<00:29,  2.39it/s]
Processing frames:  68%|██████▊   | 149/218 [01:01<00:28,  2.42it/s]
Processing frames:  69%|██████▉   | 150/218 [01:01<00:28,  2.39it/s]
Processing frames:  69%|██████▉   | 151/218 [01:02<00:28,  2.39it/s]
Processing frames:  70%|██████▉   | 152/218 [01:02<00:27,  2.41it/s]
Processing frames:  70%|███████   | 153/218 [01:03<00:26,  2.43it/s]
Processing frames:  71%|███████   | 154/218 [01:03<00:26,  2.43it/s]
Processing frames:  71%|███████   | 155/218 [01:03<00:25,  2.43it/s]
Processing frames:  72%|███████▏  | 156/218 [01:04<00:25,  2.44it/s]
Processing frames:  72%|███████▏  | 157/218 [01:04<00:24,  2.45it/s]
Processing frames:  72%|███████▏  | 158/218 [01:05<00:24,  2.43it/s]
Processing frames:  73%|███████▎  | 159/218 [01:05<00:24,  2.45it/s]
Processing frames:  73%|███████▎  | 160/218 [01:05<00:23,  2.44it/s]
Processing frames:  74%|███████▍  | 161/218 [01:06<00:23,  2.45it/s]
Processing frames:  74%|███████▍  | 162/218 [01:06<00:22,  2.47it/s]
Processing frames:  75%|███████▍  | 163/218 [01:07<00:22,  2.49it/s]
Processing frames:  75%|███████▌  | 164/218 [01:07<00:21,  2.49it/s]
Processing frames:  76%|███████▌  | 165/218 [01:07<00:21,  2.50it/s]
Processing frames:  76%|███████▌  | 166/218 [01:08<00:21,  2.47it/s]
Processing frames:  77%|███████▋  | 167/218 [01:08<00:20,  2.45it/s]
Processing frames:  77%|███████▋  | 168/218 [01:09<00:20,  2.46it/s]
Processing frames:  78%|███████▊  | 169/218 [01:09<00:19,  2.47it/s]
Processing frames:  78%|███████▊  | 170/218 [01:09<00:19,  2.48it/s]
Processing frames:  78%|███████▊  | 171/218 [01:10<00:19,  2.44it/s]
Processing frames:  79%|███████▉  | 172/218 [01:10<00:18,  2.43it/s]
Processing frames:  79%|███████▉  | 173/218 [01:11<00:18,  2.43it/s]
Processing frames:  80%|███████▉  | 174/218 [01:11<00:18,  2.44it/s]
Processing frames:  80%|████████  | 175/218 [01:12<00:17,  2.43it/s]
Processing frames:  81%|████████  | 176/218 [01:12<00:17,  2.44it/s]
Processing frames:  81%|████████  | 177/218 [01:12<00:16,  2.42it/s]
Processing frames:  82%|████████▏ | 178/218 [01:13<00:16,  2.41it/s]
Processing frames:  82%|████████▏ | 179/218 [01:13<00:17,  2.26it/s]
Processing frames:  83%|████████▎ | 180/218 [01:14<00:16,  2.30it/s]
Processing frames:  83%|████████▎ | 181/218 [01:14<00:15,  2.33it/s]
Processing frames:  83%|████████▎ | 182/218 [01:15<00:15,  2.37it/s]
Processing frames:  84%|████████▍ | 183/218 [01:15<00:14,  2.36it/s]
Processing frames:  84%|████████▍ | 184/218 [01:15<00:14,  2.38it/s]
Processing frames:  85%|████████▍ | 185/218 [01:16<00:13,  2.42it/s]
Processing frames:  85%|████████▌ | 186/218 [01:16<00:13,  2.41it/s]
Processing frames:  86%|████████▌ | 187/218 [01:17<00:12,  2.44it/s]
Processing frames:  86%|████████▌ | 188/218 [01:17<00:12,  2.42it/s]
Processing frames:  87%|████████▋ | 189/218 [01:17<00:12,  2.37it/s]
Processing frames:  87%|████████▋ | 190/218 [01:18<00:11,  2.41it/s]
Processing frames:  88%|████████▊ | 191/218 [01:18<00:11,  2.43it/s]
Processing frames:  88%|████████▊ | 192/218 [01:19<00:10,  2.45it/s]
Processing frames:  89%|████████▊ | 193/218 [01:19<00:10,  2.37it/s]
Processing frames:  89%|████████▉ | 194/218 [01:20<00:09,  2.41it/s]
Processing frames:  89%|████████▉ | 195/218 [01:20<00:09,  2.43it/s]
Processing frames:  90%|████████▉ | 196/218 [01:20<00:08,  2.45it/s]
Processing frames:  90%|█████████ | 197/218 [01:21<00:08,  2.46it/s]
Processing frames:  91%|█████████ | 198/218 [01:21<00:08,  2.47it/s]
Processing frames:  91%|█████████▏| 199/218 [01:22<00:07,  2.47it/s]
Processing frames:  92%|█████████▏| 200/218 [01:22<00:07,  2.44it/s]
Processing frames:  92%|█████████▏| 201/218 [01:22<00:06,  2.44it/s]
Processing frames:  93%|█████████▎| 202/218 [01:23<00:06,  2.43it/s]
Processing frames:  93%|█████████▎| 203/218 [01:23<00:06,  2.44it/s]
Processing frames:  94%|█████████▎| 204/218 [01:24<00:05,  2.45it/s]
Processing frames:  94%|█████████▍| 205/218 [01:24<00:05,  2.43it/s]
Processing frames:  94%|█████████▍| 206/218 [01:24<00:04,  2.43it/s]
Processing frames:  95%|█████████▍| 207/218 [01:25<00:04,  2.39it/s]
Processing frames:  95%|█████████▌| 208/218 [01:25<00:04,  2.39it/s]
Processing frames:  96%|█████████▌| 209/218 [01:26<00:03,  2.38it/s]
Processing frames:  96%|█████████▋| 210/218 [01:26<00:03,  2.42it/s]
Processing frames:  97%|█████████▋| 211/218 [01:26<00:02,  2.44it/s]
Processing frames:  97%|█████████▋| 212/218 [01:27<00:02,  2.42it/s]
Processing frames:  98%|█████████▊| 213/218 [01:27<00:02,  2.42it/s]
Processing frames:  98%|█████████▊| 214/218 [01:28<00:01,  2.42it/s]
Processing frames:  99%|█████████▊| 215/218 [01:28<00:01,  2.43it/s]
Processing frames:  99%|█████████▉| 216/218 [01:29<00:00,  2.45it/s]
Processing frames: 100%|█████████▉| 217/218 [01:29<00:00,  2.45it/s]
Processing frames: 100%|██████████| 218/218 [01:29<00:00,  2.47it/s]
Processing frames: 100%|██████████| 218/218 [01:29<00:00,  2.43it/s]
[av1 @ 0x14ab9b80] Your platform doesn't suppport hardware accelerated AV1 decoding.
[av1 @ 0x14ab9b80] Failed to get pixel format.
[av1 @ 0x14ab9b80] Missing Sequence Header.
[av1 @ 0x14ab9b80] Missing Sequence Header.
[av1 @ 0x14ab9b80] Missing Sequence Header.
[av1 @ 0x14ab9b80] Missing Sequence Header.
[av1 @ 0x14ab9b80] Missing Sequence Header.
[av1 @ 0x14ab9b80] Missing Sequence Header.
[av1 @ 0x14ab9b80] Missing Sequence Header.
[av1 @ 0x14ab9b80] Missing Sequence Header.
[av1 @ 0x14ab9b80] Missing Sequence Header.
[av1 @ 0x14ab9b80] Missing Sequence Header.
[av1 @ 0x14ab9b80] Missing Sequence Header.
[av1 @ 0x14ab9b80] Missing Sequence Header.
[av1 @ 0x14ab9b80] Missing Sequence Header.
[av1 @ 0x14ab9b80] Missing Sequence Header.
[av1 @ 0x14ab9b80] Missing Sequence Header.
[av1 @ 0x14ab9b80] Missing Sequence Header.
[av1 @ 0x14ab9b80] Missing Sequence Header.
[av1 @ 0x14ab9b80] Missing Sequence Header.
[av1 @ 0x14ab9b80] Missing Sequence Header.
[av1 @ 0x14ab9b80] Missing Sequence Header.
[av1 @ 0x14ab9b80] Missing Sequence Header.
[av1 @ 0x14ab9b80] Missing Sequence Header.
[av1 @ 0x14ab9b80] Missing Sequence Header.
[av1 @ 0x14ab9b80] Missing Sequence Header.
[av1 @ 0x14ab9b80] Missing Sequence Header.
[av1 @ 0x14ab9b80] Missing Sequence Header.
[av1 @ 0x14ab9b80] Missing Sequence Header.
[av1 @ 0x14ab9b80] Missing Sequence Header.
[av1 @ 0x14ab9b80] Missing Sequence Header.
[av1 @ 0x14ab9b80] Missing Sequence Header.
[av1 @ 0x14ab9b80] Missing Sequence Header.
[av1 @ 0x14ab9b80] Missing Sequence Header.
[av1 @ 0x14ab9b80] Missing Sequence Header.
[av1 @ 0x14ab9b80] Missing Sequence Header.
[av1 @ 0x14ab9b80] Missing Sequence Header.
[av1 @ 0x14ab9b80] Missing Sequence Header.
[av1 @ 0x14ab9b80] Missing Sequence Header.
[av1 @ 0x14ab9b80] Missing Sequence Header.
[av1 @ 0x14ab9b80] Missing Sequence Header.
[av1 @ 0x14ab9b80] Missing Sequence Header.
[av1 @ 0x14ab9b80] Missing Sequence Header.
[av1 @ 0x14ab9b80] Missing Sequence Header.
[av1 @ 0x14ab9b80] Missing Sequence Header.
[av1 @ 0x14ab9b80] Missing Sequence Header.
[av1 @ 0x14ab9b80] Missing Sequence Header.
[av1 @ 0x14ab9b80] Missing Sequence Header.
[av1 @ 0x14ab9b80] Missing Sequence Header.
[av1 @ 0x14ab9b80] Missing Sequence Header.
[av1 @ 0x14ab9b80] Missing Sequence Header.
[av1 @ 0x14ab9b80] Missing Sequence Header.
[av1 @ 0x14ab9b80] Missing Sequence Header.
[av1 @ 0x14ab9b80] Missing Sequence Header.
[av1 @ 0x14ab9b80] Missing Sequence Header.
[av1 @ 0x14ab9b80] Missing Sequence Header.
[av1 @ 0x14ab9b80] Missing Sequence Header.
[av1 @ 0x14ab9b80] Missing Sequence Header.
[av1 @ 0x14ab9b80] Missing Sequence Header.
[av1 @ 0x14ab9b80] Missing Sequence Header.
[av1 @ 0x14ab9b80] Missing Sequence Header.
[av1 @ 0x14ab9b80] Missing Sequence Header.
[av1 @ 0x14ab9b80] Missing Sequence Header.
[av1 @ 0x14ab9b80] Missing Sequence Header.
[av1 @ 0x14ab9b80] Missing Sequence Header.
[av1 @ 0x14ab9b80] Missing Sequence Header.
[av1 @ 0x14ab9b80] Missing Sequence Header.
[av1 @ 0x14ab9b80] Missing Sequence Header.
[av1 @ 0x14ab9b80] Missing Sequence Header.
[av1 @ 0x14ab9b80] Missing Sequence Header.
[av1 @ 0x14ab9b80] Missing Sequence Header.
[av1 @ 0x14ab9b80] Missing Sequence Header.
[av1 @ 0x14ab9b80] Missing Sequence Header.
[av1 @ 0x14ab9b80] Missing Sequence Header.
[av1 @ 0x14ab9b80] Missing Sequence Header.
[av1 @ 0x14ab9b80] Missing Sequence Header.
[av1 @ 0x14ab9b80] Missing Sequence Header.
[av1 @ 0x14ab9b80] Missing Sequence Header.
[av1 @ 0x14ab9b80] Missing Sequence Header.
[av1 @ 0x14ab9b80] Missing Sequence Header.
[av1 @ 0x14ab9b80] Missing Sequence Header.
[av1 @ 0x14ab9b80] Missing Sequence Header.
[av1 @ 0x14ab9b80] Missing Sequence Header.
[av1 @ 0x14ab9b80] Missing Sequence Header.
[av1 @ 0x14ab9b80] Missing Sequence Header.
[av1 @ 0x14ab9b80] Missing Sequence Header.
[av1 @ 0x14ab9b80] Missing Sequence Header.
[av1 @ 0x14ab9b80] Missing Sequence Header.
[av1 @ 0x14ab9b80] Missing Sequence Header.
[av1 @ 0x14ab9b80] Missing Sequence Header.
[av1 @ 0x14ab9b80] Missing Sequence Header.
[av1 @ 0x14d99480] Your platform doesn't suppport hardware accelerated AV1 decoding.
[av1 @ 0x14d99480] Failed to get pixel format.

Processing frames:   0%|          | 0/197 [00:00<?, ?it/s]
Processing frames:   1%|          | 1/197 [00:00<01:22,  2.37it/s]
Processing frames:   1%|          | 2/197 [00:01<01:47,  1.82it/s]
Processing frames:   2%|▏         | 3/197 [00:01<01:33,  2.07it/s]
Processing frames:   2%|▏         | 4/197 [00:01<01:27,  2.21it/s]
Processing frames:   3%|▎         | 5/197 [00:02<01:24,  2.27it/s]
Processing frames:   3%|▎         | 6/197 [00:02<01:22,  2.32it/s]
Processing frames:   4%|▎         | 7/197 [00:03<01:21,  2.33it/s]
Processing frames:   4%|▍         | 8/197 [00:03<01:20,  2.36it/s]
Processing frames:   5%|▍         | 9/197 [00:03<01:18,  2.40it/s]
Processing frames:   5%|▌         | 10/197 [00:04<01:18,  2.38it/s]
Processing frames:   6%|▌         | 11/197 [00:04<01:18,  2.37it/s]
Processing frames:   6%|▌         | 12/197 [00:05<01:17,  2.37it/s]
Processing frames:   7%|▋         | 13/197 [00:05<01:18,  2.36it/s]
Processing frames:   7%|▋         | 14/197 [00:06<01:16,  2.39it/s]
Processing frames:   8%|▊         | 15/197 [00:06<01:16,  2.38it/s]
Processing frames:   8%|▊         | 16/197 [00:06<01:15,  2.41it/s]
Processing frames:   9%|▊         | 17/197 [00:07<01:14,  2.42it/s]
Processing frames:   9%|▉         | 18/197 [00:07<01:14,  2.40it/s]
Processing frames:  10%|▉         | 19/197 [00:08<01:13,  2.41it/s]
Processing frames:  10%|█         | 20/197 [00:08<01:13,  2.42it/s]
Processing frames:  11%|█         | 21/197 [00:08<01:13,  2.38it/s]
Processing frames:  11%|█         | 22/197 [00:09<01:14,  2.36it/s]
Processing frames:  12%|█▏        | 23/197 [00:09<01:17,  2.25it/s]
Processing frames:  12%|█▏        | 24/197 [00:10<01:14,  2.31it/s]
Processing frames:  13%|█▎        | 25/197 [00:10<01:13,  2.35it/s]
Processing frames:  13%|█▎        | 26/197 [00:11<01:11,  2.38it/s]
Processing frames:  14%|█▎        | 27/197 [00:11<01:11,  2.37it/s]
Processing frames:  14%|█▍        | 28/197 [00:11<01:10,  2.40it/s]
Processing frames:  15%|█▍        | 29/197 [00:12<01:09,  2.42it/s]
Processing frames:  15%|█▌        | 30/197 [00:12<01:08,  2.43it/s]
Processing frames:  16%|█▌        | 31/197 [00:13<01:09,  2.40it/s]
Processing frames:  16%|█▌        | 32/197 [00:13<01:08,  2.40it/s]
Processing frames:  17%|█▋        | 33/197 [00:14<01:07,  2.41it/s]
Processing frames:  17%|█▋        | 34/197 [00:14<01:07,  2.42it/s]
Processing frames:  18%|█▊        | 35/197 [00:14<01:07,  2.41it/s]
Processing frames:  18%|█▊        | 36/197 [00:15<01:06,  2.42it/s]
Processing frames:  19%|█▉        | 37/197 [00:15<01:05,  2.43it/s]
Processing frames:  19%|█▉        | 38/197 [00:16<01:05,  2.41it/s]
Processing frames:  20%|█▉        | 39/197 [00:16<01:05,  2.42it/s]
Processing frames:  20%|██        | 40/197 [00:16<01:05,  2.41it/s]
Processing frames:  21%|██        | 41/197 [00:17<01:05,  2.38it/s]
Processing frames:  21%|██▏       | 42/197 [00:17<01:04,  2.40it/s]
Processing frames:  22%|██▏       | 43/197 [00:18<01:04,  2.39it/s]
Processing frames:  22%|██▏       | 44/197 [00:18<01:03,  2.41it/s]
Processing frames:  23%|██▎       | 45/197 [00:18<01:02,  2.42it/s]
Processing frames:  23%|██▎       | 46/197 [00:19<01:02,  2.40it/s]
Processing frames:  24%|██▍       | 47/197 [00:19<01:02,  2.41it/s]
Processing frames:  24%|██▍       | 48/197 [00:20<01:01,  2.42it/s]
Processing frames:  25%|██▍       | 49/197 [00:20<01:01,  2.40it/s]
Processing frames:  25%|██▌       | 50/197 [00:21<01:02,  2.36it/s]
Processing frames:  26%|██▌       | 51/197 [00:21<01:01,  2.36it/s]
Processing frames:  26%|██▋       | 52/197 [00:21<01:02,  2.33it/s]
Processing frames:  27%|██▋       | 53/197 [00:22<01:00,  2.36it/s]
Processing frames:  27%|██▋       | 54/197 [00:22<01:00,  2.35it/s]
Processing frames:  28%|██▊       | 55/197 [00:23<01:00,  2.35it/s]
Processing frames:  28%|██▊       | 56/197 [00:23<00:59,  2.38it/s]
Processing frames:  29%|██▉       | 57/197 [00:24<00:58,  2.38it/s]
Processing frames:  29%|██▉       | 58/197 [00:24<00:58,  2.39it/s]
Processing frames:  30%|██▉       | 59/197 [00:24<00:57,  2.40it/s]
Processing frames:  30%|███       | 60/197 [00:25<00:56,  2.42it/s]
Processing frames:  31%|███       | 61/197 [00:25<00:56,  2.42it/s]
Processing frames:  31%|███▏      | 62/197 [00:26<00:56,  2.40it/s]
Processing frames:  32%|███▏      | 63/197 [00:26<00:56,  2.39it/s]
Processing frames:  32%|███▏      | 64/197 [00:26<00:55,  2.38it/s]
Processing frames:  33%|███▎      | 65/197 [00:27<00:55,  2.37it/s]
Processing frames:  34%|███▎      | 66/197 [00:27<00:55,  2.36it/s]
Processing frames:  34%|███▍      | 67/197 [00:28<00:55,  2.36it/s]
Processing frames:  35%|███▍      | 68/197 [00:28<00:55,  2.34it/s]
Processing frames:  35%|███▌      | 69/197 [00:29<00:53,  2.37it/s]
Processing frames:  36%|███▌      | 70/197 [00:29<00:53,  2.39it/s]
Processing frames:  36%|███▌      | 71/197 [00:29<00:53,  2.37it/s]
Processing frames:  37%|███▋      | 72/197 [00:30<00:52,  2.39it/s]
Processing frames:  37%|███▋      | 73/197 [00:30<00:51,  2.39it/s]
Processing frames:  38%|███▊      | 74/197 [00:31<00:52,  2.36it/s]
Processing frames:  38%|███▊      | 75/197 [00:31<00:51,  2.39it/s]
Processing frames:  39%|███▊      | 76/197 [00:32<00:51,  2.36it/s]
Processing frames:  39%|███▉      | 77/197 [00:32<00:50,  2.36it/s]
Processing frames:  40%|███▉      | 78/197 [00:32<00:50,  2.37it/s]
Processing frames:  40%|████      | 79/197 [00:33<00:49,  2.38it/s]
Processing frames:  41%|████      | 80/197 [00:33<00:48,  2.40it/s]
Processing frames:  41%|████      | 81/197 [00:34<00:48,  2.41it/s]
Processing frames:  42%|████▏     | 82/197 [00:34<00:47,  2.42it/s]
Processing frames:  42%|████▏     | 83/197 [00:34<00:47,  2.42it/s]
Processing frames:  43%|████▎     | 84/197 [00:35<00:46,  2.42it/s]
Processing frames:  43%|████▎     | 85/197 [00:35<00:46,  2.41it/s]
Processing frames:  44%|████▎     | 86/197 [00:36<00:45,  2.42it/s]
Processing frames:  44%|████▍     | 87/197 [00:36<00:45,  2.41it/s]
Processing frames:  45%|████▍     | 88/197 [00:37<00:44,  2.42it/s]
Processing frames:  45%|████▌     | 89/197 [00:37<00:44,  2.43it/s]
Processing frames:  46%|████▌     | 90/197 [00:37<00:44,  2.41it/s]
Processing frames:  46%|████▌     | 91/197 [00:38<00:43,  2.43it/s]
Processing frames:  47%|████▋     | 92/197 [00:38<00:43,  2.43it/s]
Processing frames:  47%|████▋     | 93/197 [00:39<00:43,  2.39it/s]
Processing frames:  48%|████▊     | 94/197 [00:39<00:43,  2.36it/s]
Processing frames:  48%|████▊     | 95/197 [00:39<00:43,  2.36it/s]
Processing frames:  49%|████▊     | 96/197 [00:40<00:42,  2.36it/s]
Processing frames:  49%|████▉     | 97/197 [00:40<00:42,  2.36it/s]
Processing frames:  50%|████▉     | 98/197 [00:41<00:41,  2.38it/s]
Processing frames:  50%|█████     | 99/197 [00:41<00:40,  2.40it/s]
Processing frames:  51%|█████     | 100/197 [00:42<00:40,  2.39it/s]
Processing frames:  51%|█████▏    | 101/197 [00:42<00:39,  2.40it/s]
Processing frames:  52%|█████▏    | 102/197 [00:42<00:39,  2.42it/s]
Processing frames:  52%|█████▏    | 103/197 [00:43<00:39,  2.41it/s]
Processing frames:  53%|█████▎    | 104/197 [00:43<00:38,  2.42it/s]
Processing frames:  53%|█████▎    | 105/197 [00:44<00:37,  2.44it/s]
Processing frames:  54%|█████▍    | 106/197 [00:44<00:37,  2.41it/s]
Processing frames:  54%|█████▍    | 107/197 [00:44<00:37,  2.40it/s]
Processing frames:  55%|█████▍    | 108/197 [00:45<00:36,  2.41it/s]
Processing frames:  55%|█████▌    | 109/197 [00:45<00:36,  2.40it/s]
Processing frames:  56%|█████▌    | 110/197 [00:46<00:36,  2.38it/s]
Processing frames:  56%|█████▋    | 111/197 [00:46<00:35,  2.39it/s]
Processing frames:  57%|█████▋    | 112/197 [00:47<00:35,  2.41it/s]
Processing frames:  57%|█████▋    | 113/197 [00:47<00:35,  2.37it/s]
Processing frames:  58%|█████▊    | 114/197 [00:47<00:34,  2.39it/s]
Processing frames:  58%|█████▊    | 115/197 [00:48<00:40,  2.03it/s]
Processing frames:  59%|█████▉    | 116/197 [00:48<00:38,  2.12it/s]
Processing frames:  59%|█████▉    | 117/197 [00:49<00:36,  2.21it/s]
Processing frames:  60%|█████▉    | 118/197 [00:49<00:34,  2.26it/s]
Processing frames:  60%|██████    | 119/197 [00:50<00:33,  2.32it/s]
Processing frames:  61%|██████    | 120/197 [00:50<00:33,  2.32it/s]
Processing frames:  61%|██████▏   | 121/197 [00:51<00:32,  2.36it/s]
Processing frames:  62%|██████▏   | 122/197 [00:51<00:31,  2.37it/s]
Processing frames:  62%|██████▏   | 123/197 [00:51<00:30,  2.39it/s]
Processing frames:  63%|██████▎   | 124/197 [00:52<00:30,  2.40it/s]
Processing frames:  63%|██████▎   | 125/197 [00:52<00:29,  2.41it/s]
Processing frames:  64%|██████▍   | 126/197 [00:53<00:29,  2.42it/s]
Processing frames:  64%|██████▍   | 127/197 [00:53<00:29,  2.39it/s]
Processing frames:  65%|██████▍   | 128/197 [00:54<00:30,  2.27it/s]
Processing frames:  65%|██████▌   | 129/197 [00:54<00:29,  2.29it/s]
Processing frames:  66%|██████▌   | 130/197 [00:54<00:28,  2.33it/s]
Processing frames:  66%|██████▋   | 131/197 [00:55<00:27,  2.36it/s]
Processing frames:  67%|██████▋   | 132/197 [00:55<00:27,  2.38it/s]
Processing frames:  68%|██████▊   | 133/197 [00:56<00:26,  2.39it/s]
Processing frames:  68%|██████▊   | 134/197 [00:56<00:26,  2.40it/s]
Processing frames:  69%|██████▊   | 135/197 [00:56<00:25,  2.42it/s]
Processing frames:  69%|██████▉   | 136/197 [00:57<00:25,  2.43it/s]
Processing frames:  70%|██████▉   | 137/197 [00:57<00:25,  2.39it/s]
Processing frames:  70%|███████   | 138/197 [00:58<00:25,  2.34it/s]
Processing frames:  71%|███████   | 139/197 [00:58<00:24,  2.34it/s]
Processing frames:  71%|███████   | 140/197 [00:59<00:24,  2.34it/s]
Processing frames:  72%|███████▏  | 141/197 [00:59<00:23,  2.37it/s]
Processing frames:  72%|███████▏  | 142/197 [00:59<00:23,  2.33it/s]
Processing frames:  73%|███████▎  | 143/197 [01:00<00:22,  2.36it/s]
Processing frames:  73%|███████▎  | 144/197 [01:00<00:22,  2.38it/s]
Processing frames:  74%|███████▎  | 145/197 [01:01<00:21,  2.38it/s]
Processing frames:  74%|███████▍  | 146/197 [01:01<00:21,  2.40it/s]
Processing frames:  75%|███████▍  | 147/197 [01:01<00:21,  2.38it/s]
Processing frames:  75%|███████▌  | 148/197 [01:02<00:20,  2.38it/s]
Processing frames:  76%|███████▌  | 149/197 [01:02<00:20,  2.40it/s]
Processing frames:  76%|███████▌  | 150/197 [01:03<00:19,  2.39it/s]
Processing frames:  77%|███████▋  | 151/197 [01:03<00:20,  2.25it/s]
Processing frames:  77%|███████▋  | 152/197 [01:04<00:19,  2.31it/s]
Processing frames:  78%|███████▊  | 153/197 [01:04<00:18,  2.33it/s]
Processing frames:  78%|███████▊  | 154/197 [01:05<00:19,  2.19it/s]
Processing frames:  79%|███████▊  | 155/197 [01:05<00:18,  2.26it/s]
Processing frames:  79%|███████▉  | 156/197 [01:05<00:17,  2.28it/s]
Processing frames:  80%|███████▉  | 157/197 [01:06<00:17,  2.31it/s]
Processing frames:  80%|████████  | 158/197 [01:06<00:16,  2.30it/s]
Processing frames:  81%|████████  | 159/197 [01:07<00:16,  2.34it/s]
Processing frames:  81%|████████  | 160/197 [01:07<00:15,  2.34it/s]
Processing frames:  82%|████████▏ | 161/197 [01:08<00:15,  2.36it/s]
Processing frames:  82%|████████▏ | 162/197 [01:08<00:14,  2.35it/s]
Processing frames:  83%|████████▎ | 163/197 [01:08<00:14,  2.37it/s]
Processing frames:  83%|████████▎ | 164/197 [01:09<00:13,  2.38it/s]
Processing frames:  84%|████████▍ | 165/197 [01:09<00:13,  2.39it/s]
Processing frames:  84%|████████▍ | 166/197 [01:10<00:12,  2.42it/s]
Processing frames:  85%|████████▍ | 167/197 [01:10<00:12,  2.43it/s]
Processing frames:  85%|████████▌ | 168/197 [01:10<00:11,  2.42it/s]
Processing frames:  86%|████████▌ | 169/197 [01:11<00:11,  2.41it/s]
Processing frames:  86%|████████▋ | 170/197 [01:11<00:11,  2.41it/s]
Processing frames:  87%|████████▋ | 171/197 [01:12<00:10,  2.38it/s]
Processing frames:  87%|████████▋ | 172/197 [01:12<00:11,  2.14it/s]
Processing frames:  88%|████████▊ | 173/197 [01:13<00:10,  2.21it/s]
Processing frames:  88%|████████▊ | 174/197 [01:13<00:10,  2.27it/s]
Processing frames:  89%|████████▉ | 175/197 [01:14<00:09,  2.29it/s]
Processing frames:  89%|████████▉ | 176/197 [01:14<00:09,  2.31it/s]
Processing frames:  90%|████████▉ | 177/197 [01:14<00:08,  2.33it/s]
Processing frames:  90%|█████████ | 178/197 [01:15<00:07,  2.38it/s]
Processing frames:  91%|█████████ | 179/197 [01:15<00:07,  2.41it/s]
Processing frames:  91%|█████████▏| 180/197 [01:16<00:07,  2.40it/s]
Processing frames:  92%|█████████▏| 181/197 [01:16<00:06,  2.33it/s]
Processing frames:  92%|█████████▏| 182/197 [01:16<00:06,  2.35it/s]
Processing frames:  93%|█████████▎| 183/197 [01:17<00:05,  2.37it/s]
Processing frames:  93%|█████████▎| 184/197 [01:17<00:05,  2.33it/s]
Processing frames:  94%|█████████▍| 185/197 [01:18<00:05,  2.35it/s]
Processing frames:  94%|█████████▍| 186/197 [01:18<00:04,  2.36it/s]
Processing frames:  95%|█████████▍| 187/197 [01:19<00:04,  2.33it/s]
Processing frames:  95%|█████████▌| 188/197 [01:19<00:03,  2.33it/s]
Processing frames:  96%|█████████▌| 189/197 [01:19<00:03,  2.38it/s]
Processing frames:  96%|█████████▋| 190/197 [01:20<00:03,  2.14it/s]
Processing frames:  97%|█████████▋| 191/197 [01:20<00:02,  2.21it/s]
Processing frames:  97%|█████████▋| 192/197 [01:21<00:02,  2.26it/s]
Processing frames:  98%|█████████▊| 193/197 [01:21<00:01,  2.30it/s]
Processing frames:  98%|█████████▊| 194/197 [01:22<00:01,  2.33it/s]
Processing frames:  99%|█████████▉| 195/197 [01:22<00:00,  2.35it/s]
Processing frames:  99%|█████████▉| 196/197 [01:23<00:00,  2.34it/s]
Processing frames: 100%|██████████| 197/197 [01:23<00:00,  2.34it/s]
Processing frames: 100%|██████████| 197/197 [01:23<00:00,  2.36it/s]

Processing frames:   0%|          | 0/226 [00:00<?, ?it/s]
Processing frames:   0%|          | 1/226 [00:00<01:16,  2.95it/s]
Processing frames:   1%|          | 2/226 [00:00<01:12,  3.08it/s]
Processing frames:   1%|▏         | 3/226 [00:00<01:11,  3.12it/s]
Processing frames:   2%|▏         | 4/226 [00:01<01:12,  3.07it/s]
Processing frames:   2%|▏         | 5/226 [00:01<01:13,  3.02it/s]
Processing frames:   3%|▎         | 6/226 [00:01<01:11,  3.06it/s]
Processing frames:   3%|▎         | 7/226 [00:02<01:12,  3.03it/s]
Processing frames:   4%|▎         | 8/226 [00:02<01:12,  3.02it/s]
Processing frames:   4%|▍         | 9/226 [00:02<01:10,  3.07it/s]
Processing frames:   4%|▍         | 10/226 [00:03<01:11,  3.01it/s]
Processing frames:   5%|▍         | 11/226 [00:03<01:11,  2.99it/s]
Processing frames:   5%|▌         | 12/226 [00:03<01:10,  3.05it/s]
Processing frames:   6%|▌         | 13/226 [00:04<01:08,  3.10it/s]
Processing frames:   6%|▌         | 14/226 [00:04<01:08,  3.10it/s]
Processing frames:   7%|▋         | 15/226 [00:04<01:07,  3.11it/s]
Processing frames:   7%|▋         | 16/226 [00:05<01:07,  3.12it/s]
Processing frames:   8%|▊         | 17/226 [00:05<01:11,  2.92it/s]
Processing frames:   8%|▊         | 18/226 [00:05<01:09,  2.99it/s]
Processing frames:   8%|▊         | 19/226 [00:06<01:07,  3.06it/s]
Processing frames:   9%|▉         | 20/226 [00:06<01:06,  3.09it/s]
Processing frames:   9%|▉         | 21/226 [00:06<01:05,  3.11it/s]
Processing frames:  10%|▉         | 22/226 [00:07<01:06,  3.08it/s]
Processing frames:  10%|█         | 23/226 [00:07<01:05,  3.09it/s]
Processing frames:  11%|█         | 24/226 [00:07<01:06,  3.05it/s]
Processing frames:  11%|█         | 25/226 [00:08<01:05,  3.07it/s]
Processing frames:  12%|█▏        | 26/226 [00:08<01:05,  3.05it/s]
Processing frames:  12%|█▏        | 27/226 [00:08<01:04,  3.08it/s]
Processing frames:  12%|█▏        | 28/226 [00:09<01:03,  3.10it/s]
Processing frames:  13%|█▎        | 29/226 [00:09<01:02,  3.13it/s]
Processing frames:  13%|█▎        | 30/226 [00:09<01:02,  3.15it/s]
Processing frames:  14%|█▎        | 31/226 [00:10<01:01,  3.15it/s]
Processing frames:  14%|█▍        | 32/226 [00:10<01:01,  3.16it/s]
Processing frames:  15%|█▍        | 33/226 [00:10<01:01,  3.16it/s]
Processing frames:  15%|█▌        | 34/226 [00:11<01:00,  3.16it/s]
Processing frames:  15%|█▌        | 35/226 [00:11<01:00,  3.17it/s]
Processing frames:  16%|█▌        | 36/226 [00:11<01:00,  3.14it/s]
Processing frames:  16%|█▋        | 37/226 [00:11<01:00,  3.14it/s]
Processing frames:  17%|█▋        | 38/226 [00:12<00:59,  3.17it/s]
Processing frames:  17%|█▋        | 39/226 [00:12<01:00,  3.12it/s]
Processing frames:  18%|█▊        | 40/226 [00:12<00:59,  3.13it/s]
Processing frames:  18%|█▊        | 41/226 [00:13<01:00,  3.07it/s]
Processing frames:  19%|█▊        | 42/226 [00:13<01:00,  3.06it/s]
Processing frames:  19%|█▉        | 43/226 [00:13<00:59,  3.08it/s]
Processing frames:  19%|█▉        | 44/226 [00:14<00:59,  3.07it/s]
Processing frames:  20%|█▉        | 45/226 [00:14<00:58,  3.07it/s]
Processing frames:  20%|██        | 46/226 [00:14<00:58,  3.07it/s]
Processing frames:  21%|██        | 47/226 [00:15<00:57,  3.09it/s]
Processing frames:  21%|██        | 48/226 [00:15<00:56,  3.13it/s]
Processing frames:  22%|██▏       | 49/226 [00:15<00:56,  3.15it/s]
Processing frames:  22%|██▏       | 50/226 [00:16<00:55,  3.15it/s]
Processing frames:  23%|██▎       | 51/226 [00:16<00:55,  3.16it/s]
Processing frames:  23%|██▎       | 52/226 [00:16<00:55,  3.12it/s]
Processing frames:  23%|██▎       | 53/226 [00:17<00:56,  3.04it/s]
Processing frames:  24%|██▍       | 54/226 [00:17<00:55,  3.08it/s]
Processing frames:  24%|██▍       | 55/226 [00:17<00:55,  3.08it/s]
Processing frames:  25%|██▍       | 56/226 [00:18<00:54,  3.12it/s]
Processing frames:  25%|██▌       | 57/226 [00:18<00:54,  3.13it/s]
Processing frames:  26%|██▌       | 58/226 [00:18<00:54,  3.07it/s]
Processing frames:  26%|██▌       | 59/226 [00:19<00:55,  2.99it/s]
Processing frames:  27%|██▋       | 60/226 [00:19<00:54,  3.04it/s]
Processing frames:  27%|██▋       | 61/226 [00:19<00:53,  3.06it/s]
Processing frames:  27%|██▋       | 62/226 [00:20<00:52,  3.10it/s]
Processing frames:  28%|██▊       | 63/226 [00:20<00:51,  3.14it/s]
Processing frames:  28%|██▊       | 64/226 [00:20<00:51,  3.13it/s]
Processing frames:  29%|██▉       | 65/226 [00:21<00:50,  3.17it/s]
Processing frames:  29%|██▉       | 66/226 [00:21<00:50,  3.16it/s]
Processing frames:  30%|██▉       | 67/226 [00:21<00:49,  3.18it/s]
Processing frames:  30%|███       | 68/226 [00:21<00:49,  3.17it/s]
Processing frames:  31%|███       | 69/226 [00:22<00:50,  3.13it/s]
Processing frames:  31%|███       | 70/226 [00:22<00:49,  3.15it/s]
Processing frames:  31%|███▏      | 71/226 [00:22<00:48,  3.16it/s]
Processing frames:  32%|███▏      | 72/226 [00:23<00:48,  3.18it/s]
Processing frames:  32%|███▏      | 73/226 [00:23<00:48,  3.18it/s]
Processing frames:  33%|███▎      | 74/226 [00:23<00:47,  3.18it/s]
Processing frames:  33%|███▎      | 75/226 [00:24<00:47,  3.15it/s]
Processing frames:  34%|███▎      | 76/226 [00:24<00:48,  3.12it/s]
Processing frames:  34%|███▍      | 77/226 [00:24<00:52,  2.81it/s]
Processing frames:  35%|███▍      | 78/226 [00:25<00:50,  2.93it/s]
Processing frames:  35%|███▍      | 79/226 [00:25<00:48,  3.01it/s]
Processing frames:  35%|███▌      | 80/226 [00:25<00:47,  3.07it/s]
Processing frames:  36%|███▌      | 81/226 [00:26<00:46,  3.11it/s]
Processing frames:  36%|███▋      | 82/226 [00:26<00:45,  3.13it/s]
Processing frames:  37%|███▋      | 83/226 [00:26<00:45,  3.17it/s]
Processing frames:  37%|███▋      | 84/226 [00:27<00:44,  3.19it/s]
Processing frames:  38%|███▊      | 85/226 [00:27<00:44,  3.14it/s]
Processing frames:  38%|███▊      | 86/226 [00:27<00:44,  3.17it/s]
Processing frames:  38%|███▊      | 87/226 [00:28<00:43,  3.19it/s]
Processing frames:  39%|███▉      | 88/226 [00:28<00:43,  3.17it/s]
Processing frames:  39%|███▉      | 89/226 [00:28<00:43,  3.16it/s]
Processing frames:  40%|███▉      | 90/226 [00:29<00:42,  3.18it/s]
Processing frames:  40%|████      | 91/226 [00:29<00:42,  3.19it/s]
Processing frames:  41%|████      | 92/226 [00:29<00:41,  3.20it/s]
Processing frames:  41%|████      | 93/226 [00:29<00:42,  3.14it/s]
Processing frames:  42%|████▏     | 94/226 [00:30<00:57,  2.29it/s]
Processing frames:  42%|████▏     | 95/226 [00:31<00:52,  2.48it/s]
Processing frames:  42%|████▏     | 96/226 [00:31<00:48,  2.66it/s]
Processing frames:  43%|████▎     | 97/226 [00:31<00:47,  2.71it/s]
Processing frames:  43%|████▎     | 98/226 [00:31<00:45,  2.83it/s]
Processing frames:  44%|████▍     | 99/226 [00:32<00:43,  2.93it/s]
Processing frames:  44%|████▍     | 100/226 [00:32<00:42,  2.99it/s]
Processing frames:  45%|████▍     | 101/226 [00:32<00:41,  3.04it/s]
Processing frames:  45%|████▌     | 102/226 [00:33<00:40,  3.10it/s]
Processing frames:  46%|████▌     | 103/226 [00:33<00:39,  3.11it/s]
Processing frames:  46%|████▌     | 104/226 [00:33<00:38,  3.15it/s]
Processing frames:  46%|████▋     | 105/226 [00:34<00:38,  3.17it/s]
Processing frames:  47%|████▋     | 106/226 [00:34<00:37,  3.18it/s]
Processing frames:  47%|████▋     | 107/226 [00:34<00:37,  3.17it/s]
Processing frames:  48%|████▊     | 108/226 [00:35<00:37,  3.17it/s]
Processing frames:  48%|████▊     | 109/226 [00:35<00:36,  3.17it/s]
Processing frames:  49%|████▊     | 110/226 [00:35<00:38,  3.00it/s]
Processing frames:  49%|████▉     | 111/226 [00:36<00:38,  3.00it/s]
Processing frames:  50%|████▉     | 112/226 [00:36<00:37,  3.05it/s]
Processing frames:  50%|█████     | 113/226 [00:36<00:37,  3.05it/s]
Processing frames:  50%|█████     | 114/226 [00:37<00:36,  3.10it/s]
Processing frames:  51%|█████     | 115/226 [00:37<00:35,  3.12it/s]
Processing frames:  51%|█████▏    | 116/226 [00:37<00:35,  3.14it/s]
Processing frames:  52%|█████▏    | 117/226 [00:38<00:35,  3.05it/s]
Processing frames:  52%|█████▏    | 118/226 [00:38<00:34,  3.09it/s]
Processing frames:  53%|█████▎    | 119/226 [00:38<00:35,  3.04it/s]
Processing frames:  53%|█████▎    | 120/226 [00:39<00:35,  3.02it/s]
Processing frames:  54%|█████▎    | 121/226 [00:39<00:34,  3.06it/s]
Processing frames:  54%|█████▍    | 122/226 [00:39<00:33,  3.09it/s]
Processing frames:  54%|█████▍    | 123/226 [00:40<00:33,  3.12it/s]
Processing frames:  55%|█████▍    | 124/226 [00:40<00:33,  3.09it/s]
Processing frames:  55%|█████▌    | 125/226 [00:40<00:32,  3.12it/s]
Processing frames:  56%|█████▌    | 126/226 [00:40<00:31,  3.15it/s]
Processing frames:  56%|█████▌    | 127/226 [00:41<00:31,  3.16it/s]
Processing frames:  57%|█████▋    | 128/226 [00:41<00:30,  3.17it/s]
Processing frames:  57%|█████▋    | 129/226 [00:41<00:30,  3.17it/s]
Processing frames:  58%|█████▊    | 130/226 [00:42<00:30,  3.18it/s]
Processing frames:  58%|█████▊    | 131/226 [00:42<00:29,  3.18it/s]
Processing frames:  58%|█████▊    | 132/226 [00:42<00:30,  3.12it/s]
Processing frames:  59%|█████▉    | 133/226 [00:43<00:29,  3.13it/s]
Processing frames:  59%|█████▉    | 134/226 [00:43<00:29,  3.15it/s]
Processing frames:  60%|█████▉    | 135/226 [00:43<00:28,  3.16it/s]
Processing frames:  60%|██████    | 136/226 [00:44<00:28,  3.16it/s]
Processing frames:  61%|██████    | 137/226 [00:44<00:28,  3.17it/s]
Processing frames:  61%|██████    | 138/226 [00:44<00:27,  3.17it/s]
Processing frames:  62%|██████▏   | 139/226 [00:45<00:27,  3.15it/s]
Processing frames:  62%|██████▏   | 140/226 [00:45<00:28,  3.05it/s]
Processing frames:  62%|██████▏   | 141/226 [00:45<00:28,  2.97it/s]
Processing frames:  63%|██████▎   | 142/226 [00:46<00:27,  3.01it/s]
Processing frames:  63%|██████▎   | 143/226 [00:46<00:27,  3.04it/s]
Processing frames:  64%|██████▎   | 144/226 [00:46<00:27,  3.01it/s]
Processing frames:  64%|██████▍   | 145/226 [00:47<00:26,  3.05it/s]
Processing frames:  65%|██████▍   | 146/226 [00:47<00:25,  3.09it/s]
Processing frames:  65%|██████▌   | 147/226 [00:47<00:25,  3.05it/s]
Processing frames:  65%|██████▌   | 148/226 [00:48<00:25,  3.01it/s]
Processing frames:  66%|██████▌   | 149/226 [00:48<00:25,  3.04it/s]
Processing frames:  66%|██████▋   | 150/226 [00:48<00:24,  3.07it/s]
Processing frames:  67%|██████▋   | 151/226 [00:49<00:24,  3.09it/s]
Processing frames:  67%|██████▋   | 152/226 [00:49<00:23,  3.10it/s]
Processing frames:  68%|██████▊   | 153/226 [00:49<00:23,  3.14it/s]
Processing frames:  68%|██████▊   | 154/226 [00:49<00:22,  3.15it/s]
Processing frames:  69%|██████▊   | 155/226 [00:50<00:22,  3.13it/s]
Processing frames:  69%|██████▉   | 156/226 [00:50<00:22,  3.15it/s]
Processing frames:  69%|██████▉   | 157/226 [00:50<00:21,  3.17it/s]
Processing frames:  70%|██████▉   | 158/226 [00:51<00:21,  3.12it/s]
Processing frames:  70%|███████   | 159/226 [00:51<00:21,  3.09it/s]
Processing frames:  71%|███████   | 160/226 [00:51<00:21,  3.11it/s]
Processing frames:  71%|███████   | 161/226 [00:52<00:20,  3.11it/s]
Processing frames:  72%|███████▏  | 162/226 [00:52<00:20,  3.10it/s]
Processing frames:  72%|███████▏  | 163/226 [00:52<00:20,  3.12it/s]
Processing frames:  73%|███████▎  | 164/226 [00:53<00:19,  3.11it/s]
Processing frames:  73%|███████▎  | 165/226 [00:53<00:19,  3.05it/s]
Processing frames:  73%|███████▎  | 166/226 [00:53<00:19,  3.07it/s]
Processing frames:  74%|███████▍  | 167/226 [00:54<00:19,  3.08it/s]
Processing frames:  74%|███████▍  | 168/226 [00:54<00:18,  3.08it/s]
Processing frames:  75%|███████▍  | 169/226 [00:54<00:18,  3.07it/s]
Processing frames:  75%|███████▌  | 170/226 [00:55<00:18,  3.09it/s]
Processing frames:  76%|███████▌  | 171/226 [00:55<00:17,  3.07it/s]
Processing frames:  76%|███████▌  | 172/226 [00:55<00:17,  3.06it/s]
Processing frames:  77%|███████▋  | 173/226 [00:56<00:17,  3.06it/s]
Processing frames:  77%|███████▋  | 174/226 [00:56<00:16,  3.09it/s]
Processing frames:  77%|███████▋  | 175/226 [00:56<00:16,  3.09it/s]
Processing frames:  78%|███████▊  | 176/226 [00:57<00:16,  3.10it/s]
Processing frames:  78%|███████▊  | 177/226 [00:57<00:15,  3.10it/s]
Processing frames:  79%|███████▉  | 178/226 [00:57<00:15,  3.11it/s]
Processing frames:  79%|███████▉  | 179/226 [00:58<00:15,  3.12it/s]
Processing frames:  80%|███████▉  | 180/226 [00:58<00:14,  3.13it/s]
Processing frames:  80%|████████  | 181/226 [00:58<00:14,  3.14it/s]
Processing frames:  81%|████████  | 182/226 [00:59<00:14,  3.12it/s]
Processing frames:  81%|████████  | 183/226 [00:59<00:13,  3.13it/s]
Processing frames:  81%|████████▏ | 184/226 [00:59<00:13,  3.14it/s]
Processing frames:  82%|████████▏ | 185/226 [00:59<00:13,  3.12it/s]
Processing frames:  82%|████████▏ | 186/226 [01:00<00:12,  3.11it/s]
Processing frames:  83%|████████▎ | 187/226 [01:00<00:12,  3.09it/s]
Processing frames:  83%|████████▎ | 188/226 [01:00<00:12,  3.12it/s]
Processing frames:  84%|████████▎ | 189/226 [01:01<00:11,  3.13it/s]
Processing frames:  84%|████████▍ | 190/226 [01:01<00:11,  3.10it/s]
Processing frames:  85%|████████▍ | 191/226 [01:01<00:11,  3.11it/s]
Processing frames:  85%|████████▍ | 192/226 [01:02<00:10,  3.14it/s]
Processing frames:  85%|████████▌ | 193/226 [01:02<00:10,  3.15it/s]
Processing frames:  86%|████████▌ | 194/226 [01:02<00:10,  3.17it/s]
Processing frames:  86%|████████▋ | 195/226 [01:03<00:09,  3.17it/s]
Processing frames:  87%|████████▋ | 196/226 [01:03<00:09,  3.15it/s]
Processing frames:  87%|████████▋ | 197/226 [01:03<00:09,  3.08it/s]
Processing frames:  88%|████████▊ | 198/226 [01:04<00:09,  3.07it/s]
Processing frames:  88%|████████▊ | 199/226 [01:04<00:08,  3.07it/s]
Processing frames:  88%|████████▊ | 200/226 [01:04<00:08,  3.04it/s]
Processing frames:  89%|████████▉ | 201/226 [01:05<00:08,  3.09it/s]
Processing frames:  89%|████████▉ | 202/226 [01:05<00:07,  3.11it/s]
Processing frames:  90%|████████▉ | 203/226 [01:05<00:07,  3.09it/s]
Processing frames:  90%|█████████ | 204/226 [01:06<00:07,  3.03it/s]
Processing frames:  91%|█████████ | 205/226 [01:06<00:06,  3.08it/s]
Processing frames:  91%|█████████ | 206/226 [01:06<00:06,  3.13it/s]
Processing frames:  92%|█████████▏| 207/226 [01:07<00:06,  3.12it/s]
Processing frames:  92%|█████████▏| 208/226 [01:07<00:05,  3.13it/s]
Processing frames:  92%|█████████▏| 209/226 [01:07<00:05,  3.15it/s]
Processing frames:  93%|█████████▎| 210/226 [01:08<00:05,  3.16it/s]
Processing frames:  93%|█████████▎| 211/226 [01:08<00:04,  3.10it/s]
Processing frames:  94%|█████████▍| 212/226 [01:08<00:04,  3.08it/s]
Processing frames:  94%|█████████▍| 213/226 [01:09<00:04,  3.10it/s]
Processing frames:  95%|█████████▍| 214/226 [01:09<00:03,  3.13it/s]
Processing frames:  95%|█████████▌| 215/226 [01:09<00:03,  3.10it/s]
Processing frames:  96%|█████████▌| 216/226 [01:09<00:03,  3.11it/s]
Processing frames:  96%|█████████▌| 217/226 [01:10<00:02,  3.12it/s]
Processing frames:  96%|█████████▋| 218/226 [01:10<00:02,  3.13it/s]
Processing frames:  97%|█████████▋| 219/226 [01:10<00:02,  3.15it/s]
Processing frames:  97%|█████████▋| 220/226 [01:11<00:01,  3.14it/s]
Processing frames:  98%|█████████▊| 221/226 [01:11<00:01,  3.09it/s]
Processing frames:  98%|█████████▊| 222/226 [01:11<00:01,  3.12it/s]
Processing frames:  99%|█████████▊| 223/226 [01:12<00:00,  3.12it/s]
Processing frames:  99%|█████████▉| 224/226 [01:12<00:00,  3.11it/s]
Processing frames: 100%|█████████▉| 225/226 [01:12<00:00,  3.13it/s]
Processing frames: 100%|██████████| 226/226 [01:13<00:00,  3.15it/s]
Processing frames: 100%|██████████| 226/226 [01:13<00:00,  3.09it/s]

Processing frames:   0%|          | 0/24 [00:00<?, ?it/s]
Processing frames:   4%|▍         | 1/24 [00:00<00:09,  2.35it/s]
Processing frames:   8%|▊         | 2/24 [00:00<00:09,  2.42it/s]
Processing frames:  12%|█▎        | 3/24 [00:02<00:16,  1.31it/s]
Processing frames:  17%|█▋        | 4/24 [00:02<00:12,  1.59it/s]
Processing frames:  21%|██        | 5/24 [00:02<00:10,  1.80it/s]
Processing frames:  25%|██▌       | 6/24 [00:03<00:09,  1.98it/s]
Processing frames:  29%|██▉       | 7/24 [00:03<00:08,  2.10it/s]
Processing frames:  33%|███▎      | 8/24 [00:04<00:07,  2.20it/s]
Processing frames:  38%|███▊      | 9/24 [00:04<00:06,  2.26it/s]
Processing frames:  42%|████▏     | 10/24 [00:04<00:06,  2.28it/s]
Processing frames:  46%|████▌     | 11/24 [00:05<00:05,  2.32it/s]
Processing frames:  50%|█████     | 12/24 [00:05<00:05,  2.36it/s]
Processing frames:  54%|█████▍    | 13/24 [00:06<00:04,  2.40it/s]
Processing frames:  58%|█████▊    | 14/24 [00:06<00:04,  2.37it/s]
Processing frames:  62%|██████▎   | 15/24 [00:06<00:03,  2.40it/s]
Processing frames:  67%|██████▋   | 16/24 [00:07<00:03,  2.33it/s]
Processing frames:  71%|███████   | 17/24 [00:07<00:02,  2.36it/s]
Processing frames:  75%|███████▌  | 18/24 [00:08<00:02,  2.38it/s]
Processing frames:  79%|███████▉  | 19/24 [00:08<00:02,  2.41it/s]
Processing frames:  83%|████████▎ | 20/24 [00:09<00:01,  2.39it/s]
Processing frames:  88%|████████▊ | 21/24 [00:09<00:01,  2.41it/s]
Processing frames:  92%|█████████▏| 22/24 [00:09<00:00,  2.43it/s]
Processing frames:  96%|█████████▌| 23/24 [00:10<00:00,  2.40it/s]
Processing frames: 100%|██████████| 24/24 [00:10<00:00,  2.41it/s]
Processing frames: 100%|██████████| 24/24 [00:10<00:00,  2.23it/s]

Processing frames:   0%|          | 0/128 [00:00<?, ?it/s]
Processing frames:   1%|          | 1/128 [00:00<00:54,  2.31it/s]
Processing frames:   2%|▏         | 2/128 [00:00<00:51,  2.42it/s]
Processing frames:   2%|▏         | 3/128 [00:01<00:50,  2.47it/s]
Processing frames:   3%|▎         | 4/128 [00:01<00:50,  2.46it/s]
Processing frames:   4%|▍         | 5/128 [00:02<00:49,  2.48it/s]
Processing frames:   5%|▍         | 6/128 [00:02<00:50,  2.43it/s]
Processing frames:   5%|▌         | 7/128 [00:02<00:49,  2.46it/s]
Processing frames:   6%|▋         | 8/128 [00:03<00:49,  2.44it/s]
Processing frames:   7%|▋         | 9/128 [00:03<00:49,  2.41it/s]
Processing frames:   8%|▊         | 10/128 [00:04<00:49,  2.40it/s]
Processing frames:   9%|▊         | 11/128 [00:04<00:48,  2.40it/s]
Processing frames:   9%|▉         | 12/128 [00:04<00:48,  2.37it/s]
Processing frames:  10%|█         | 13/128 [00:05<00:47,  2.40it/s]
Processing frames:  11%|█         | 14/128 [00:05<00:47,  2.38it/s]
Processing frames:  12%|█▏        | 15/128 [00:06<00:48,  2.34it/s]
Processing frames:  12%|█▎        | 16/128 [00:06<00:47,  2.36it/s]
Processing frames:  13%|█▎        | 17/128 [00:07<00:46,  2.39it/s]
Processing frames:  14%|█▍        | 18/128 [00:07<00:46,  2.38it/s]
Processing frames:  15%|█▍        | 19/128 [00:07<00:45,  2.39it/s]
Processing frames:  16%|█▌        | 20/128 [00:08<00:44,  2.42it/s]
Processing frames:  16%|█▋        | 21/128 [00:08<00:43,  2.43it/s]
Processing frames:  17%|█▋        | 22/128 [00:09<00:43,  2.41it/s]
Processing frames:  18%|█▊        | 23/128 [00:09<00:43,  2.41it/s]
Processing frames:  19%|█▉        | 24/128 [00:09<00:42,  2.43it/s]
Processing frames:  20%|█▉        | 25/128 [00:10<00:41,  2.46it/s]
Processing frames:  20%|██        | 26/128 [00:10<00:41,  2.47it/s]
Processing frames:  21%|██        | 27/128 [00:11<00:41,  2.44it/s]
Processing frames:  22%|██▏       | 28/128 [00:11<00:41,  2.44it/s]
Processing frames:  23%|██▎       | 29/128 [00:11<00:40,  2.45it/s]
Processing frames:  23%|██▎       | 30/128 [00:12<00:40,  2.43it/s]
Processing frames:  24%|██▍       | 31/128 [00:12<00:39,  2.45it/s]
Processing frames:  25%|██▌       | 32/128 [00:13<00:38,  2.46it/s]
Processing frames:  26%|██▌       | 33/128 [00:13<00:38,  2.47it/s]
Processing frames:  27%|██▋       | 34/128 [00:14<00:38,  2.47it/s]
Processing frames:  27%|██▋       | 35/128 [00:14<00:37,  2.45it/s]
Processing frames:  28%|██▊       | 36/128 [00:14<00:37,  2.45it/s]
Processing frames:  29%|██▉       | 37/128 [00:15<00:37,  2.46it/s]
Processing frames:  30%|██▉       | 38/128 [00:15<00:36,  2.46it/s]
Processing frames:  30%|███       | 39/128 [00:16<00:36,  2.44it/s]
Processing frames:  31%|███▏      | 40/128 [00:16<00:36,  2.43it/s]
Processing frames:  32%|███▏      | 41/128 [00:16<00:35,  2.43it/s]
Processing frames:  33%|███▎      | 42/128 [00:17<00:35,  2.45it/s]
Processing frames:  34%|███▎      | 43/128 [00:17<00:35,  2.40it/s]
Processing frames:  34%|███▍      | 44/128 [00:18<00:35,  2.38it/s]
Processing frames:  35%|███▌      | 45/128 [00:18<00:34,  2.43it/s]
Processing frames:  36%|███▌      | 46/128 [00:18<00:33,  2.46it/s]
Processing frames:  37%|███▋      | 47/128 [00:19<00:33,  2.41it/s]
Processing frames:  38%|███▊      | 48/128 [00:19<00:32,  2.43it/s]
Processing frames:  38%|███▊      | 49/128 [00:20<00:32,  2.41it/s]
Processing frames:  39%|███▉      | 50/128 [00:20<00:32,  2.43it/s]
Processing frames:  40%|███▉      | 51/128 [00:21<00:31,  2.44it/s]
Processing frames:  41%|████      | 52/128 [00:21<00:32,  2.37it/s]
Processing frames:  41%|████▏     | 53/128 [00:21<00:31,  2.35it/s]
Processing frames:  42%|████▏     | 54/128 [00:22<00:31,  2.37it/s]
Processing frames:  43%|████▎     | 55/128 [00:22<00:30,  2.41it/s]
Processing frames:  44%|████▍     | 56/128 [00:23<00:30,  2.39it/s]
Processing frames:  45%|████▍     | 57/128 [00:23<00:29,  2.41it/s]
Processing frames:  45%|████▌     | 58/128 [00:24<00:30,  2.29it/s]
Processing frames:  46%|████▌     | 59/128 [00:24<00:29,  2.35it/s]
Processing frames:  47%|████▋     | 60/128 [00:24<00:28,  2.39it/s]
Processing frames:  48%|████▊     | 61/128 [00:25<00:29,  2.30it/s]
Processing frames:  48%|████▊     | 62/128 [00:25<00:28,  2.33it/s]
Processing frames:  49%|████▉     | 63/128 [00:26<00:27,  2.36it/s]
Processing frames:  50%|█████     | 64/128 [00:26<00:26,  2.38it/s]
Processing frames:  51%|█████     | 65/128 [00:26<00:26,  2.41it/s]
Processing frames:  52%|█████▏    | 66/128 [00:27<00:26,  2.38it/s]
Processing frames:  52%|█████▏    | 67/128 [00:27<00:25,  2.38it/s]
Processing frames:  53%|█████▎    | 68/128 [00:28<00:25,  2.36it/s]
Processing frames:  54%|█████▍    | 69/128 [00:28<00:24,  2.39it/s]
Processing frames:  55%|█████▍    | 70/128 [00:29<00:23,  2.43it/s]
Processing frames:  55%|█████▌    | 71/128 [00:29<00:23,  2.44it/s]
Processing frames:  56%|█████▋    | 72/128 [00:29<00:23,  2.42it/s]
Processing frames:  57%|█████▋    | 73/128 [00:30<00:22,  2.42it/s]
Processing frames:  58%|█████▊    | 74/128 [00:30<00:22,  2.42it/s]
Processing frames:  59%|█████▊    | 75/128 [00:31<00:21,  2.44it/s]
Processing frames:  59%|█████▉    | 76/128 [00:31<00:21,  2.41it/s]
Processing frames:  60%|██████    | 77/128 [00:31<00:21,  2.42it/s]
Processing frames:  61%|██████    | 78/128 [00:32<00:20,  2.45it/s]
Processing frames:  62%|██████▏   | 79/128 [00:32<00:20,  2.42it/s]
Processing frames:  62%|██████▎   | 80/128 [00:33<00:19,  2.42it/s]
Processing frames:  63%|██████▎   | 81/128 [00:33<00:19,  2.42it/s]
Processing frames:  64%|██████▍   | 82/128 [00:34<00:19,  2.39it/s]
Processing frames:  65%|██████▍   | 83/128 [00:34<00:18,  2.40it/s]
Processing frames:  66%|██████▌   | 84/128 [00:34<00:18,  2.43it/s]
Processing frames:  66%|██████▋   | 85/128 [00:35<00:17,  2.45it/s]
Processing frames:  67%|██████▋   | 86/128 [00:35<00:17,  2.43it/s]
Processing frames:  68%|██████▊   | 87/128 [00:36<00:16,  2.41it/s]
Processing frames:  69%|██████▉   | 88/128 [00:36<00:16,  2.38it/s]
Processing frames:  70%|██████▉   | 89/128 [00:36<00:16,  2.37it/s]
Processing frames:  70%|███████   | 90/128 [00:37<00:15,  2.39it/s]
Processing frames:  71%|███████   | 91/128 [00:37<00:15,  2.39it/s]
Processing frames:  72%|███████▏  | 92/128 [00:38<00:15,  2.39it/s]
Processing frames:  73%|███████▎  | 93/128 [00:38<00:16,  2.18it/s]
Processing frames:  73%|███████▎  | 94/128 [00:39<00:15,  2.25it/s]
Processing frames:  74%|███████▍  | 95/128 [00:39<00:14,  2.32it/s]
Processing frames:  75%|███████▌  | 96/128 [00:39<00:13,  2.37it/s]
Processing frames:  76%|███████▌  | 97/128 [00:40<00:13,  2.38it/s]
Processing frames:  77%|███████▋  | 98/128 [00:40<00:12,  2.41it/s]
Processing frames:  77%|███████▋  | 99/128 [00:41<00:12,  2.41it/s]
Processing frames:  78%|███████▊  | 100/128 [00:41<00:11,  2.44it/s]
Processing frames:  79%|███████▉  | 101/128 [00:41<00:11,  2.43it/s]
Processing frames:  80%|███████▉  | 102/128 [00:42<00:10,  2.43it/s]
Processing frames:  80%|████████  | 103/128 [00:42<00:10,  2.40it/s]
Processing frames:  81%|████████▏ | 104/128 [00:43<00:10,  2.38it/s]
Processing frames:  82%|████████▏ | 105/128 [00:43<00:09,  2.37it/s]
Processing frames:  83%|████████▎ | 106/128 [00:44<00:09,  2.41it/s]
Processing frames:  84%|████████▎ | 107/128 [00:44<00:08,  2.39it/s]
Processing frames:  84%|████████▍ | 108/128 [00:44<00:08,  2.41it/s]
Processing frames:  85%|████████▌ | 109/128 [00:45<00:07,  2.40it/s]
Processing frames:  86%|████████▌ | 110/128 [00:45<00:07,  2.42it/s]
Processing frames:  87%|████████▋ | 111/128 [00:46<00:07,  2.40it/s]
Processing frames:  88%|████████▊ | 112/128 [00:46<00:06,  2.42it/s]
Processing frames:  88%|████████▊ | 113/128 [00:46<00:06,  2.42it/s]
Processing frames:  89%|████████▉ | 114/128 [00:47<00:05,  2.39it/s]
Processing frames:  90%|████████▉ | 115/128 [00:47<00:05,  2.42it/s]
Processing frames:  91%|█████████ | 116/128 [00:48<00:04,  2.45it/s]
Processing frames:  91%|█████████▏| 117/128 [00:48<00:05,  2.11it/s]
Processing frames:  92%|█████████▏| 118/128 [00:49<00:04,  2.14it/s]
Processing frames:  93%|█████████▎| 119/128 [00:49<00:04,  2.02it/s]
Processing frames:  94%|█████████▍| 120/128 [00:50<00:03,  2.14it/s]
Processing frames:  95%|█████████▍| 121/128 [00:50<00:03,  2.23it/s]
Processing frames:  95%|█████████▌| 122/128 [00:51<00:02,  2.31it/s]
Processing frames:  96%|█████████▌| 123/128 [00:51<00:02,  2.36it/s]
Processing frames:  97%|█████████▋| 124/128 [00:51<00:01,  2.35it/s]
Processing frames:  98%|█████████▊| 125/128 [00:52<00:01,  2.40it/s]
Processing frames:  98%|█████████▊| 126/128 [00:52<00:00,  2.41it/s]
Processing frames:  99%|█████████▉| 127/128 [00:53<00:00,  2.45it/s]
Processing frames: 100%|██████████| 128/128 [00:53<00:00,  2.47it/s]
Processing frames: 100%|██████████| 128/128 [00:53<00:00,  2.39it/s]

Processing frames:   0%|          | 0/31 [00:00<?, ?it/s]
Processing frames:   3%|▎         | 1/31 [00:00<00:06,  4.73it/s]
Processing frames:   6%|▋         | 2/31 [00:00<00:06,  4.71it/s]
Processing frames:  10%|▉         | 3/31 [00:00<00:06,  4.62it/s]
Processing frames:  13%|█▎        | 4/31 [00:00<00:05,  4.67it/s]
Processing frames:  16%|█▌        | 5/31 [00:01<00:05,  4.77it/s]
Processing frames:  19%|█▉        | 6/31 [00:01<00:05,  4.72it/s]
Processing frames:  23%|██▎       | 7/31 [00:01<00:04,  4.88it/s]
Processing frames:  26%|██▌       | 8/31 [00:01<00:04,  5.00it/s]
Processing frames:  29%|██▉       | 9/31 [00:01<00:04,  4.82it/s]
Processing frames:  32%|███▏      | 10/31 [00:02<00:04,  4.86it/s]
Processing frames:  35%|███▌      | 11/31 [00:02<00:04,  4.81it/s]
Processing frames:  39%|███▊      | 12/31 [00:02<00:03,  4.92it/s]
Processing frames:  42%|████▏     | 13/31 [00:02<00:03,  4.84it/s]
Processing frames:  45%|████▌     | 14/31 [00:02<00:03,  4.73it/s]
Processing frames:  48%|████▊     | 15/31 [00:03<00:03,  4.76it/s]
Processing frames:  52%|█████▏    | 16/31 [00:03<00:03,  4.66it/s]
Processing frames:  55%|█████▍    | 17/31 [00:03<00:02,  4.68it/s]
Processing frames:  58%|█████▊    | 18/31 [00:03<00:02,  4.70it/s]
Processing frames:  61%|██████▏   | 19/31 [00:03<00:02,  4.70it/s]
Processing frames:  65%|██████▍   | 20/31 [00:04<00:02,  4.72it/s]
Processing frames:  68%|██████▊   | 21/31 [00:04<00:02,  4.71it/s]
Processing frames:  71%|███████   | 22/31 [00:04<00:01,  4.63it/s]
Processing frames:  74%|███████▍  | 23/31 [00:04<00:01,  4.66it/s]
Processing frames:  77%|███████▋  | 24/31 [00:05<00:01,  4.59it/s]
Processing frames:  81%|████████  | 25/31 [00:05<00:01,  4.58it/s]
Processing frames:  84%|████████▍ | 26/31 [00:05<00:01,  4.62it/s]
Processing frames:  87%|████████▋ | 27/31 [00:05<00:00,  4.61it/s]
Processing frames:  90%|█████████ | 28/31 [00:05<00:00,  4.70it/s]
Processing frames:  94%|█████████▎| 29/31 [00:06<00:00,  4.63it/s]
Processing frames:  97%|█████████▋| 30/31 [00:06<00:00,  4.75it/s]
Processing frames: 100%|██████████| 31/31 [00:06<00:00,  4.87it/s]
Processing frames: 100%|██████████| 31/31 [00:06<00:00,  4.74it/s]

Processing frames:   0%|          | 0/1258 [00:00<?, ?it/s]
Processing frames:   0%|          | 1/1258 [00:00<10:05,  2.08it/s]
Processing frames:   0%|          | 2/1258 [00:00<09:12,  2.27it/s]
Processing frames:   0%|          | 3/1258 [00:01<08:53,  2.35it/s]
Processing frames:   0%|          | 4/1258 [00:01<09:05,  2.30it/s]
Processing frames:   0%|          | 5/1258 [00:02<08:50,  2.36it/s]
Processing frames:   0%|          | 6/1258 [00:02<08:43,  2.39it/s]
Processing frames:   1%|          | 7/1258 [00:02<08:39,  2.41it/s]
Processing frames:   1%|          | 8/1258 [00:03<08:45,  2.38it/s]
Processing frames:   1%|          | 9/1258 [00:03<08:42,  2.39it/s]
Processing frames:   1%|          | 10/1258 [00:04<08:43,  2.38it/s]
Processing frames:   1%|          | 11/1258 [00:04<08:33,  2.43it/s]
Processing frames:   1%|          | 12/1258 [00:05<08:29,  2.44it/s]
Processing frames:   1%|          | 13/1258 [00:05<08:34,  2.42it/s]
Processing frames:   1%|          | 14/1258 [00:05<08:40,  2.39it/s]
Processing frames:   1%|          | 15/1258 [00:06<08:35,  2.41it/s]
Processing frames:   1%|▏         | 16/1258 [00:06<08:35,  2.41it/s]
Processing frames:   1%|▏         | 17/1258 [00:07<08:35,  2.41it/s]
Processing frames:   1%|▏         | 18/1258 [00:07<08:33,  2.41it/s]
Processing frames:   2%|▏         | 19/1258 [00:07<08:38,  2.39it/s]
Processing frames:   2%|▏         | 20/1258 [00:08<08:27,  2.44it/s]
Processing frames:   2%|▏         | 21/1258 [00:08<08:27,  2.44it/s]
Processing frames:   2%|▏         | 22/1258 [00:09<08:21,  2.46it/s]
Processing frames:   2%|▏         | 23/1258 [00:09<08:31,  2.41it/s]
Processing frames:   2%|▏         | 24/1258 [00:10<08:37,  2.38it/s]
Processing frames:   2%|▏         | 25/1258 [00:10<08:31,  2.41it/s]
Processing frames:   2%|▏         | 26/1258 [00:10<08:25,  2.44it/s]
Processing frames:   2%|▏         | 27/1258 [00:11<08:18,  2.47it/s]
Processing frames:   2%|▏         | 28/1258 [00:11<08:30,  2.41it/s]
Processing frames:   2%|▏         | 29/1258 [00:12<08:26,  2.43it/s]
Processing frames:   2%|▏         | 30/1258 [00:12<08:25,  2.43it/s]
Processing frames:   2%|▏         | 31/1258 [00:12<08:42,  2.35it/s]
Processing frames:   3%|▎         | 32/1258 [00:13<08:42,  2.34it/s]
Processing frames:   3%|▎         | 33/1258 [00:13<08:34,  2.38it/s]
Processing frames:   3%|▎         | 34/1258 [00:14<08:23,  2.43it/s]
Processing frames:   3%|▎         | 35/1258 [00:14<08:15,  2.47it/s]
Processing frames:   3%|▎         | 36/1258 [00:14<08:20,  2.44it/s]
Processing frames:   3%|▎         | 37/1258 [00:15<08:20,  2.44it/s]
Processing frames:   3%|▎         | 38/1258 [00:15<08:15,  2.46it/s]
Processing frames:   3%|▎         | 39/1258 [00:16<08:12,  2.47it/s]
Processing frames:   3%|▎         | 40/1258 [00:16<08:15,  2.46it/s]
Processing frames:   3%|▎         | 41/1258 [00:16<08:09,  2.49it/s]
Processing frames:   3%|▎         | 42/1258 [00:17<08:26,  2.40it/s]
Processing frames:   3%|▎         | 43/1258 [00:17<08:17,  2.44it/s]
Processing frames:   3%|▎         | 44/1258 [00:18<08:27,  2.39it/s]
Processing frames:   4%|▎         | 45/1258 [00:18<08:25,  2.40it/s]
Processing frames:   4%|▎         | 46/1258 [00:19<08:22,  2.41it/s]
Processing frames:   4%|▎         | 47/1258 [00:19<08:15,  2.44it/s]
Processing frames:   4%|▍         | 48/1258 [00:19<08:10,  2.47it/s]
Processing frames:   4%|▍         | 49/1258 [00:20<08:16,  2.43it/s]
Processing frames:   4%|▍         | 50/1258 [00:20<08:12,  2.45it/s]
Processing frames:   4%|▍         | 51/1258 [00:21<08:18,  2.42it/s]
Processing frames:   4%|▍         | 52/1258 [00:21<08:24,  2.39it/s]
Processing frames:   4%|▍         | 53/1258 [00:21<08:24,  2.39it/s]
Processing frames:   4%|▍         | 54/1258 [00:22<08:21,  2.40it/s]
Processing frames:   4%|▍         | 55/1258 [00:22<08:21,  2.40it/s]
Processing frames:   4%|▍         | 56/1258 [00:23<08:17,  2.41it/s]
Processing frames:   5%|▍         | 57/1258 [00:23<08:14,  2.43it/s]
Processing frames:   5%|▍         | 58/1258 [00:24<08:13,  2.43it/s]
Processing frames:   5%|▍         | 59/1258 [00:24<08:15,  2.42it/s]
Processing frames:   5%|▍         | 60/1258 [00:24<08:16,  2.41it/s]
Processing frames:   5%|▍         | 61/1258 [00:25<08:08,  2.45it/s]
Processing frames:   5%|▍         | 62/1258 [00:25<08:06,  2.46it/s]
Processing frames:   5%|▌         | 63/1258 [00:26<08:10,  2.43it/s]
Processing frames:   5%|▌         | 64/1258 [00:26<08:10,  2.44it/s]
Processing frames:   5%|▌         | 65/1258 [00:26<08:12,  2.42it/s]
Processing frames:   5%|▌         | 66/1258 [00:27<08:17,  2.40it/s]
Processing frames:   5%|▌         | 67/1258 [00:27<08:20,  2.38it/s]
Processing frames:   5%|▌         | 68/1258 [00:28<08:14,  2.41it/s]
Processing frames:   5%|▌         | 69/1258 [00:28<08:10,  2.42it/s]
Processing frames:   6%|▌         | 70/1258 [00:29<08:16,  2.39it/s]
Processing frames:   6%|▌         | 71/1258 [00:29<08:09,  2.43it/s]
Processing frames:   6%|▌         | 72/1258 [00:29<08:06,  2.44it/s]
Processing frames:   6%|▌         | 73/1258 [00:30<08:08,  2.42it/s]
Processing frames:   6%|▌         | 74/1258 [00:30<08:11,  2.41it/s]
Processing frames:   6%|▌         | 75/1258 [00:31<08:05,  2.43it/s]
Processing frames:   6%|▌         | 76/1258 [00:31<08:03,  2.44it/s]
Processing frames:   6%|▌         | 77/1258 [00:31<08:09,  2.41it/s]
Processing frames:   6%|▌         | 78/1258 [00:32<08:09,  2.41it/s]
Processing frames:   6%|▋         | 79/1258 [00:32<08:26,  2.33it/s]
Processing frames:   6%|▋         | 80/1258 [00:33<08:25,  2.33it/s]
Processing frames:   6%|▋         | 81/1258 [00:33<08:20,  2.35it/s]
Processing frames:   7%|▋         | 82/1258 [00:34<08:16,  2.37it/s]
Processing frames:   7%|▋         | 83/1258 [00:34<08:21,  2.34it/s]
Processing frames:   7%|▋         | 84/1258 [00:35<12:55,  1.51it/s]
Processing frames:   7%|▋         | 85/1258 [00:36<11:37,  1.68it/s]
Processing frames:   7%|▋         | 86/1258 [00:36<10:33,  1.85it/s]
Processing frames:   7%|▋         | 87/1258 [00:36<09:49,  1.99it/s]
Processing frames:   7%|▋         | 88/1258 [00:37<09:11,  2.12it/s]
Processing frames:   7%|▋         | 89/1258 [00:37<08:57,  2.18it/s]
Processing frames:   7%|▋         | 90/1258 [00:38<08:36,  2.26it/s]
Processing frames:   7%|▋         | 91/1258 [00:38<08:40,  2.24it/s]
Processing frames:   7%|▋         | 92/1258 [00:39<08:25,  2.31it/s]
Processing frames:   7%|▋         | 93/1258 [00:39<08:19,  2.33it/s]
Processing frames:   7%|▋         | 94/1258 [00:39<08:07,  2.39it/s]
Processing frames:   8%|▊         | 95/1258 [00:40<08:12,  2.36it/s]
Processing frames:   8%|▊         | 96/1258 [00:40<08:04,  2.40it/s]
Processing frames:   8%|▊         | 97/1258 [00:41<07:58,  2.42it/s]
Processing frames:   8%|▊         | 98/1258 [00:41<08:01,  2.41it/s]
Processing frames:   8%|▊         | 99/1258 [00:41<07:54,  2.44it/s]
Processing frames:   8%|▊         | 100/1258 [00:42<07:56,  2.43it/s]
Processing frames:   8%|▊         | 101/1258 [00:42<07:50,  2.46it/s]
Processing frames:   8%|▊         | 102/1258 [00:43<07:50,  2.46it/s]
Processing frames:   8%|▊         | 103/1258 [00:43<07:55,  2.43it/s]
Processing frames:   8%|▊         | 104/1258 [00:43<07:58,  2.41it/s]
Processing frames:   8%|▊         | 105/1258 [00:44<07:55,  2.42it/s]
Processing frames:   8%|▊         | 106/1258 [00:44<07:56,  2.42it/s]
Processing frames:   9%|▊         | 107/1258 [00:45<07:54,  2.42it/s]
Processing frames:   9%|▊         | 108/1258 [00:45<08:58,  2.13it/s]
Processing frames:   9%|▊         | 109/1258 [00:46<08:45,  2.19it/s]
Processing frames:   9%|▊         | 110/1258 [00:46<08:41,  2.20it/s]
Processing frames:   9%|▉         | 111/1258 [00:47<08:25,  2.27it/s]
Processing frames:   9%|▉         | 112/1258 [00:47<08:18,  2.30it/s]
Processing frames:   9%|▉         | 113/1258 [00:47<08:10,  2.34it/s]
Processing frames:   9%|▉         | 114/1258 [00:48<08:04,  2.36it/s]
Processing frames:   9%|▉         | 115/1258 [00:48<08:10,  2.33it/s]
Processing frames:   9%|▉         | 116/1258 [00:49<08:01,  2.37it/s]
Processing frames:   9%|▉         | 117/1258 [00:49<08:03,  2.36it/s]
Processing frames:   9%|▉         | 118/1258 [00:50<08:09,  2.33it/s]
Processing frames:   9%|▉         | 119/1258 [00:50<08:07,  2.34it/s]
Processing frames:  10%|▉         | 120/1258 [00:50<07:59,  2.38it/s]
Processing frames:  10%|▉         | 121/1258 [00:51<08:03,  2.35it/s]
Processing frames:  10%|▉         | 122/1258 [00:51<08:00,  2.36it/s]
Processing frames:  10%|▉         | 123/1258 [00:52<07:53,  2.40it/s]
Processing frames:  10%|▉         | 124/1258 [00:52<07:49,  2.41it/s]
Processing frames:  10%|▉         | 125/1258 [00:52<07:45,  2.44it/s]
Processing frames:  10%|█         | 126/1258 [00:53<07:48,  2.42it/s]
Processing frames:  10%|█         | 127/1258 [00:53<07:51,  2.40it/s]
Processing frames:  10%|█         | 128/1258 [00:54<07:46,  2.42it/s]
Processing frames:  10%|█         | 129/1258 [00:54<07:42,  2.44it/s]
Processing frames:  10%|█         | 130/1258 [00:55<07:51,  2.39it/s]
Processing frames:  10%|█         | 131/1258 [00:55<07:53,  2.38it/s]
Processing frames:  10%|█         | 132/1258 [00:55<07:50,  2.39it/s]
Processing frames:  11%|█         | 133/1258 [00:56<07:45,  2.42it/s]
Processing frames:  11%|█         | 134/1258 [00:56<07:41,  2.44it/s]
Processing frames:  11%|█         | 135/1258 [00:57<07:38,  2.45it/s]
Processing frames:  11%|█         | 136/1258 [00:57<07:37,  2.45it/s]
Processing frames:  11%|█         | 137/1258 [00:58<08:24,  2.22it/s]
Processing frames:  11%|█         | 138/1258 [00:58<08:10,  2.28it/s]
Processing frames:  11%|█         | 139/1258 [00:58<08:03,  2.31it/s]
Processing frames:  11%|█         | 140/1258 [00:59<07:53,  2.36it/s]
Processing frames:  11%|█         | 141/1258 [00:59<07:48,  2.39it/s]
Processing frames:  11%|█▏        | 142/1258 [01:00<07:42,  2.41it/s]
Processing frames:  11%|█▏        | 143/1258 [01:00<07:42,  2.41it/s]
Processing frames:  11%|█▏        | 144/1258 [01:00<07:38,  2.43it/s]
Processing frames:  12%|█▏        | 145/1258 [01:01<07:45,  2.39it/s]
Processing frames:  12%|█▏        | 146/1258 [01:01<07:40,  2.42it/s]
Processing frames:  12%|█▏        | 147/1258 [01:02<07:43,  2.40it/s]
Processing frames:  12%|█▏        | 148/1258 [01:02<07:40,  2.41it/s]
Processing frames:  12%|█▏        | 149/1258 [01:02<07:37,  2.43it/s]
Processing frames:  12%|█▏        | 150/1258 [01:03<07:40,  2.41it/s]
Processing frames:  12%|█▏        | 151/1258 [01:03<07:33,  2.44it/s]
Processing frames:  12%|█▏        | 152/1258 [01:04<07:34,  2.44it/s]
Processing frames:  12%|█▏        | 153/1258 [01:04<07:49,  2.35it/s]
Processing frames:  12%|█▏        | 154/1258 [01:05<07:42,  2.39it/s]
Processing frames:  12%|█▏        | 155/1258 [01:05<07:40,  2.39it/s]
Processing frames:  12%|█▏        | 156/1258 [01:05<07:36,  2.42it/s]
Processing frames:  12%|█▏        | 157/1258 [01:06<07:30,  2.44it/s]
Processing frames:  13%|█▎        | 158/1258 [01:06<07:25,  2.47it/s]
Processing frames:  13%|█▎        | 159/1258 [01:07<07:33,  2.42it/s]
Processing frames:  13%|█▎        | 160/1258 [01:07<07:35,  2.41it/s]
Processing frames:  13%|█▎        | 161/1258 [01:07<07:34,  2.41it/s]
Processing frames:  13%|█▎        | 162/1258 [01:08<07:37,  2.40it/s]
Processing frames:  13%|█▎        | 163/1258 [01:08<07:31,  2.42it/s]
Processing frames:  13%|█▎        | 164/1258 [01:09<07:28,  2.44it/s]
Processing frames:  13%|█▎        | 165/1258 [01:09<07:29,  2.43it/s]
Processing frames:  13%|█▎        | 166/1258 [01:10<07:31,  2.42it/s]
Processing frames:  13%|█▎        | 167/1258 [01:10<07:28,  2.43it/s]
Processing frames:  13%|█▎        | 168/1258 [01:10<07:20,  2.47it/s]
Processing frames:  13%|█▎        | 169/1258 [01:11<07:20,  2.47it/s]
Processing frames:  14%|█▎        | 170/1258 [01:11<07:23,  2.45it/s]
Processing frames:  14%|█▎        | 171/1258 [01:12<07:30,  2.41it/s]
Processing frames:  14%|█▎        | 172/1258 [01:12<07:32,  2.40it/s]
Processing frames:  14%|█▍        | 173/1258 [01:12<07:27,  2.42it/s]
Processing frames:  14%|█▍        | 174/1258 [01:13<07:30,  2.40it/s]
Processing frames:  14%|█▍        | 175/1258 [01:13<07:23,  2.44it/s]
Processing frames:  14%|█▍        | 176/1258 [01:14<07:22,  2.44it/s]
Processing frames:  14%|█▍        | 177/1258 [01:14<07:18,  2.46it/s]
Processing frames:  14%|█▍        | 178/1258 [01:14<07:20,  2.45it/s]
Processing frames:  14%|█▍        | 179/1258 [01:15<07:16,  2.47it/s]
Processing frames:  14%|█▍        | 180/1258 [01:15<07:16,  2.47it/s]
Processing frames:  14%|█▍        | 181/1258 [01:16<07:33,  2.37it/s]
Processing frames:  14%|█▍        | 182/1258 [01:16<07:38,  2.35it/s]
Processing frames:  15%|█▍        | 183/1258 [01:17<07:40,  2.33it/s]
Processing frames:  15%|█▍        | 184/1258 [01:17<07:40,  2.33it/s]
Processing frames:  15%|█▍        | 185/1258 [01:17<07:38,  2.34it/s]
Processing frames:  15%|█▍        | 186/1258 [01:18<07:31,  2.38it/s]
Processing frames:  15%|█▍        | 187/1258 [01:18<07:24,  2.41it/s]
Processing frames:  15%|█▍        | 188/1258 [01:19<07:25,  2.40it/s]
Processing frames:  15%|█▌        | 189/1258 [01:19<07:19,  2.43it/s]
Processing frames:  15%|█▌        | 190/1258 [01:19<07:21,  2.42it/s]
Processing frames:  15%|█▌        | 191/1258 [01:20<07:18,  2.43it/s]
Processing frames:  15%|█▌        | 192/1258 [01:20<07:21,  2.41it/s]
Processing frames:  15%|█▌        | 193/1258 [01:21<07:31,  2.36it/s]
Processing frames:  15%|█▌        | 194/1258 [01:21<07:30,  2.36it/s]
Processing frames:  16%|█▌        | 195/1258 [01:22<07:18,  2.42it/s]
Processing frames:  16%|█▌        | 196/1258 [01:22<07:16,  2.43it/s]
Processing frames:  16%|█▌        | 197/1258 [01:22<07:13,  2.45it/s]
Processing frames:  16%|█▌        | 198/1258 [01:23<07:15,  2.43it/s]
Processing frames:  16%|█▌        | 199/1258 [01:23<07:15,  2.43it/s]
Processing frames:  16%|█▌        | 200/1258 [01:24<07:13,  2.44it/s]
Processing frames:  16%|█▌        | 201/1258 [01:24<07:17,  2.41it/s]
Processing frames:  16%|█▌        | 202/1258 [01:24<07:14,  2.43it/s]
Processing frames:  16%|█▌        | 203/1258 [01:25<07:15,  2.43it/s]
Processing frames:  16%|█▌        | 204/1258 [01:25<07:36,  2.31it/s]
Processing frames:  16%|█▋        | 205/1258 [01:26<07:26,  2.36it/s]
Processing frames:  16%|█▋        | 206/1258 [01:26<07:17,  2.40it/s]
Processing frames:  16%|█▋        | 207/1258 [01:27<07:12,  2.43it/s]
Processing frames:  17%|█▋        | 208/1258 [01:27<07:07,  2.45it/s]
Processing frames:  17%|█▋        | 209/1258 [01:27<07:06,  2.46it/s]
Processing frames:  17%|█▋        | 210/1258 [01:28<07:04,  2.47it/s]
Processing frames:  17%|█▋        | 211/1258 [01:28<07:04,  2.47it/s]
Processing frames:  17%|█▋        | 212/1258 [01:29<07:07,  2.45it/s]
Processing frames:  17%|█▋        | 213/1258 [01:29<07:08,  2.44it/s]
Processing frames:  17%|█▋        | 214/1258 [01:29<07:11,  2.42it/s]
Processing frames:  17%|█▋        | 215/1258 [01:30<07:08,  2.44it/s]
Processing frames:  17%|█▋        | 216/1258 [01:30<07:11,  2.41it/s]
Processing frames:  17%|█▋        | 217/1258 [01:31<07:16,  2.39it/s]
Processing frames:  17%|█▋        | 218/1258 [01:31<07:26,  2.33it/s]
Processing frames:  17%|█▋        | 219/1258 [01:32<07:26,  2.33it/s]
Processing frames:  17%|█▋        | 220/1258 [01:32<07:32,  2.30it/s]
Processing frames:  18%|█▊        | 221/1258 [01:32<07:27,  2.32it/s]
Processing frames:  18%|█▊        | 222/1258 [01:33<07:23,  2.34it/s]
Processing frames:  18%|█▊        | 223/1258 [01:33<07:20,  2.35it/s]
Processing frames:  18%|█▊        | 224/1258 [01:34<07:20,  2.35it/s]
Processing frames:  18%|█▊        | 225/1258 [01:34<07:16,  2.37it/s]
Processing frames:  18%|█▊        | 226/1258 [01:34<07:07,  2.41it/s]
Processing frames:  18%|█▊        | 227/1258 [01:35<07:01,  2.45it/s]
Processing frames:  18%|█▊        | 228/1258 [01:35<06:57,  2.47it/s]
Processing frames:  18%|█▊        | 229/1258 [01:36<07:00,  2.44it/s]
Processing frames:  18%|█▊        | 230/1258 [01:36<06:59,  2.45it/s]
Processing frames:  18%|█▊        | 231/1258 [01:36<06:56,  2.46it/s]
Processing frames:  18%|█▊        | 232/1258 [01:37<06:55,  2.47it/s]
Processing frames:  19%|█▊        | 233/1258 [01:37<07:03,  2.42it/s]
Processing frames:  19%|█▊        | 234/1258 [01:38<07:04,  2.41it/s]
Processing frames:  19%|█▊        | 235/1258 [01:38<07:04,  2.41it/s]
Processing frames:  19%|█▉        | 236/1258 [01:39<07:00,  2.43it/s]
Processing frames:  19%|█▉        | 237/1258 [01:39<07:02,  2.42it/s]
Processing frames:  19%|█▉        | 238/1258 [01:39<06:57,  2.44it/s]
Processing frames:  19%|█▉        | 239/1258 [01:40<06:57,  2.44it/s]
Processing frames:  19%|█▉        | 240/1258 [01:40<06:53,  2.46it/s]
Processing frames:  19%|█▉        | 241/1258 [01:41<06:50,  2.48it/s]
Processing frames:  19%|█▉        | 242/1258 [01:41<06:52,  2.47it/s]
Processing frames:  19%|█▉        | 243/1258 [01:41<07:02,  2.40it/s]
Processing frames:  19%|█▉        | 244/1258 [01:42<07:01,  2.40it/s]
Processing frames:  19%|█▉        | 245/1258 [01:42<06:55,  2.44it/s]
Processing frames:  20%|█▉        | 246/1258 [01:43<06:54,  2.44it/s]
Processing frames:  20%|█▉        | 247/1258 [01:43<06:52,  2.45it/s]
Processing frames:  20%|█▉        | 248/1258 [01:43<06:55,  2.43it/s]
Processing frames:  20%|█▉        | 249/1258 [01:44<07:00,  2.40it/s]
Processing frames:  20%|█▉        | 250/1258 [01:44<06:57,  2.41it/s]
Processing frames:  20%|█▉        | 251/1258 [01:45<06:52,  2.44it/s]
Processing frames:  20%|██        | 252/1258 [01:45<06:50,  2.45it/s]
Processing frames:  20%|██        | 253/1258 [01:46<06:47,  2.47it/s]
Processing frames:  20%|██        | 254/1258 [01:46<06:54,  2.42it/s]
Processing frames:  20%|██        | 255/1258 [01:46<06:51,  2.44it/s]
Processing frames:  20%|██        | 256/1258 [01:47<06:50,  2.44it/s]
Processing frames:  20%|██        | 257/1258 [01:47<06:49,  2.44it/s]
Processing frames:  21%|██        | 258/1258 [01:48<06:45,  2.47it/s]
Processing frames:  21%|██        | 259/1258 [01:48<06:42,  2.48it/s]
Processing frames:  21%|██        | 260/1258 [01:48<06:40,  2.49it/s]
Processing frames:  21%|██        | 261/1258 [01:49<06:41,  2.48it/s]
Processing frames:  21%|██        | 262/1258 [01:49<06:41,  2.48it/s]
Processing frames:  21%|██        | 263/1258 [01:50<06:45,  2.45it/s]
Processing frames:  21%|██        | 264/1258 [01:50<06:48,  2.43it/s]
Processing frames:  21%|██        | 265/1258 [01:50<06:46,  2.44it/s]
Processing frames:  21%|██        | 266/1258 [01:51<06:52,  2.40it/s]
Processing frames:  21%|██        | 267/1258 [01:51<06:47,  2.43it/s]
Processing frames:  21%|██▏       | 268/1258 [01:52<06:42,  2.46it/s]
Processing frames:  21%|██▏       | 269/1258 [01:52<06:42,  2.46it/s]
Processing frames:  21%|██▏       | 270/1258 [01:52<06:39,  2.47it/s]
Processing frames:  22%|██▏       | 271/1258 [01:53<06:44,  2.44it/s]
Processing frames:  22%|██▏       | 272/1258 [01:53<06:48,  2.41it/s]
Processing frames:  22%|██▏       | 273/1258 [01:54<06:46,  2.42it/s]
Processing frames:  22%|██▏       | 274/1258 [01:54<06:52,  2.39it/s]
Processing frames:  22%|██▏       | 275/1258 [01:55<06:55,  2.37it/s]
Processing frames:  22%|██▏       | 276/1258 [01:55<06:56,  2.36it/s]
Processing frames:  22%|██▏       | 277/1258 [01:55<06:56,  2.35it/s]
Processing frames:  22%|██▏       | 278/1258 [01:56<06:50,  2.39it/s]
Processing frames:  22%|██▏       | 279/1258 [01:56<07:06,  2.29it/s]
Processing frames:  22%|██▏       | 280/1258 [01:57<07:05,  2.30it/s]
Processing frames:  22%|██▏       | 281/1258 [01:57<07:02,  2.31it/s]
Processing frames:  22%|██▏       | 282/1258 [01:58<07:01,  2.32it/s]
Processing frames:  22%|██▏       | 283/1258 [01:58<07:00,  2.32it/s]
Processing frames:  23%|██▎       | 284/1258 [01:58<06:54,  2.35it/s]
Processing frames:  23%|██▎       | 285/1258 [01:59<06:55,  2.34it/s]
Processing frames:  23%|██▎       | 286/1258 [01:59<06:49,  2.38it/s]
Processing frames:  23%|██▎       | 287/1258 [02:00<07:00,  2.31it/s]
Processing frames:  23%|██▎       | 288/1258 [02:00<06:55,  2.34it/s]
Processing frames:  23%|██▎       | 289/1258 [02:01<06:54,  2.34it/s]
Processing frames:  23%|██▎       | 290/1258 [02:01<06:53,  2.34it/s]
Processing frames:  23%|██▎       | 291/1258 [02:01<06:50,  2.36it/s]
Processing frames:  23%|██▎       | 292/1258 [02:02<06:44,  2.39it/s]
Processing frames:  23%|██▎       | 293/1258 [02:02<06:45,  2.38it/s]
Processing frames:  23%|██▎       | 294/1258 [02:03<06:39,  2.41it/s]
Processing frames:  23%|██▎       | 295/1258 [02:03<06:34,  2.44it/s]
Processing frames:  24%|██▎       | 296/1258 [02:03<06:33,  2.45it/s]
Processing frames:  24%|██▎       | 297/1258 [02:04<06:37,  2.42it/s]
Processing frames:  24%|██▎       | 298/1258 [02:04<06:32,  2.45it/s]
Processing frames:  24%|██▍       | 299/1258 [02:05<06:34,  2.43it/s]
Processing frames:  24%|██▍       | 300/1258 [02:05<06:39,  2.40it/s]
Processing frames:  24%|██▍       | 301/1258 [02:06<06:45,  2.36it/s]
Processing frames:  24%|██▍       | 302/1258 [02:06<06:43,  2.37it/s]
Processing frames:  24%|██▍       | 303/1258 [02:06<06:37,  2.40it/s]
Processing frames:  24%|██▍       | 304/1258 [02:07<06:37,  2.40it/s]
Processing frames:  24%|██▍       | 305/1258 [02:07<06:32,  2.43it/s]
Processing frames:  24%|██▍       | 306/1258 [02:08<06:33,  2.42it/s]
Processing frames:  24%|██▍       | 307/1258 [02:08<06:29,  2.44it/s]
Processing frames:  24%|██▍       | 308/1258 [02:08<06:30,  2.43it/s]
Processing frames:  25%|██▍       | 309/1258 [02:09<06:26,  2.45it/s]
Processing frames:  25%|██▍       | 310/1258 [02:09<06:32,  2.42it/s]
Processing frames:  25%|██▍       | 311/1258 [02:10<06:34,  2.40it/s]
Processing frames:  25%|██▍       | 312/1258 [02:10<07:20,  2.15it/s]
Processing frames:  25%|██▍       | 313/1258 [02:11<07:07,  2.21it/s]
Processing frames:  25%|██▍       | 314/1258 [02:11<06:59,  2.25it/s]
Processing frames:  25%|██▌       | 315/1258 [02:12<06:50,  2.30it/s]
Processing frames:  25%|██▌       | 316/1258 [02:12<06:38,  2.37it/s]
Processing frames:  25%|██▌       | 317/1258 [02:12<06:40,  2.35it/s]
Processing frames:  25%|██▌       | 318/1258 [02:13<06:47,  2.31it/s]
Processing frames:  25%|██▌       | 319/1258 [02:13<06:36,  2.37it/s]
Processing frames:  25%|██▌       | 320/1258 [02:14<06:32,  2.39it/s]
Processing frames:  26%|██▌       | 321/1258 [02:14<06:28,  2.41it/s]
Processing frames:  26%|██▌       | 322/1258 [02:14<06:25,  2.43it/s]
Processing frames:  26%|██▌       | 323/1258 [02:15<06:25,  2.43it/s]
Processing frames:  26%|██▌       | 324/1258 [02:15<07:12,  2.16it/s]
Processing frames:  26%|██▌       | 325/1258 [02:16<06:54,  2.25it/s]
Processing frames:  26%|██▌       | 326/1258 [02:16<06:39,  2.33it/s]
Processing frames:  26%|██▌       | 327/1258 [02:17<06:38,  2.34it/s]
Processing frames:  26%|██▌       | 328/1258 [02:17<06:32,  2.37it/s]
Processing frames:  26%|██▌       | 329/1258 [02:17<06:31,  2.37it/s]
Processing frames:  26%|██▌       | 330/1258 [02:18<06:23,  2.42it/s]
Processing frames:  26%|██▋       | 331/1258 [02:18<06:19,  2.44it/s]
Processing frames:  26%|██▋       | 332/1258 [02:19<06:23,  2.42it/s]
Processing frames:  26%|██▋       | 333/1258 [02:19<06:24,  2.41it/s]
Processing frames:  27%|██▋       | 334/1258 [02:19<06:20,  2.43it/s]
Processing frames:  27%|██▋       | 335/1258 [02:20<06:20,  2.43it/s]
Processing frames:  27%|██▋       | 336/1258 [02:20<06:18,  2.44it/s]
Processing frames:  27%|██▋       | 337/1258 [02:21<06:20,  2.42it/s]
Processing frames:  27%|██▋       | 338/1258 [02:21<06:25,  2.39it/s]
Processing frames:  27%|██▋       | 339/1258 [02:22<06:52,  2.23it/s]
Processing frames:  27%|██▋       | 340/1258 [02:22<06:47,  2.26it/s]
Processing frames:  27%|██▋       | 341/1258 [02:23<06:43,  2.27it/s]
Processing frames:  27%|██▋       | 342/1258 [02:23<06:38,  2.30it/s]
Processing frames:  27%|██▋       | 343/1258 [02:23<06:35,  2.31it/s]
Processing frames:  27%|██▋       | 344/1258 [02:24<06:29,  2.35it/s]
Processing frames:  27%|██▋       | 345/1258 [02:24<06:29,  2.35it/s]
Processing frames:  28%|██▊       | 346/1258 [02:25<06:26,  2.36it/s]
Processing frames:  28%|██▊       | 347/1258 [02:25<06:25,  2.36it/s]
Processing frames:  28%|██▊       | 348/1258 [02:25<06:22,  2.38it/s]
Processing frames:  28%|██▊       | 349/1258 [02:26<06:18,  2.40it/s]
Processing frames:  28%|██▊       | 350/1258 [02:26<06:18,  2.40it/s]
Processing frames:  28%|██▊       | 351/1258 [02:27<06:12,  2.44it/s]
Processing frames:  28%|██▊       | 352/1258 [02:27<06:11,  2.44it/s]
Processing frames:  28%|██▊       | 353/1258 [02:28<06:10,  2.44it/s]
Processing frames:  28%|██▊       | 354/1258 [02:28<06:09,  2.45it/s]
Processing frames:  28%|██▊       | 355/1258 [02:28<06:08,  2.45it/s]
Processing frames:  28%|██▊       | 356/1258 [02:29<06:08,  2.45it/s]
Processing frames:  28%|██▊       | 357/1258 [02:29<06:07,  2.45it/s]
Processing frames:  28%|██▊       | 358/1258 [02:30<06:05,  2.47it/s]
Processing frames:  29%|██▊       | 359/1258 [02:30<06:23,  2.35it/s]
Processing frames:  29%|██▊       | 360/1258 [02:31<07:22,  2.03it/s]
Processing frames:  29%|██▊       | 361/1258 [02:31<06:57,  2.15it/s]
Processing frames:  29%|██▉       | 362/1258 [02:31<06:43,  2.22it/s]
Processing frames:  29%|██▉       | 363/1258 [02:32<06:42,  2.23it/s]
Processing frames:  29%|██▉       | 364/1258 [02:32<06:34,  2.27it/s]
Processing frames:  29%|██▉       | 365/1258 [02:33<06:24,  2.32it/s]
Processing frames:  29%|██▉       | 366/1258 [02:33<06:17,  2.36it/s]
Processing frames:  29%|██▉       | 367/1258 [02:34<06:13,  2.39it/s]
Processing frames:  29%|██▉       | 368/1258 [02:34<06:10,  2.40it/s]
Processing frames:  29%|██▉       | 369/1258 [02:34<06:07,  2.42it/s]
Processing frames:  29%|██▉       | 370/1258 [02:35<06:06,  2.42it/s]
Processing frames:  29%|██▉       | 371/1258 [02:35<06:03,  2.44it/s]
Processing frames:  30%|██▉       | 372/1258 [02:36<06:02,  2.45it/s]
Processing frames:  30%|██▉       | 373/1258 [02:36<05:56,  2.48it/s]
Processing frames:  30%|██▉       | 374/1258 [02:36<05:56,  2.48it/s]
Processing frames:  30%|██▉       | 375/1258 [02:37<05:58,  2.46it/s]
Processing frames:  30%|██▉       | 376/1258 [02:37<05:59,  2.45it/s]
Processing frames:  30%|██▉       | 377/1258 [02:38<06:31,  2.25it/s]
Processing frames:  30%|███       | 378/1258 [02:38<06:41,  2.19it/s]
Processing frames:  30%|███       | 379/1258 [02:39<06:27,  2.27it/s]
Processing frames:  30%|███       | 380/1258 [02:39<06:21,  2.30it/s]
Processing frames:  30%|███       | 381/1258 [02:40<06:20,  2.30it/s]
Processing frames:  30%|███       | 382/1258 [02:40<06:15,  2.33it/s]
Processing frames:  30%|███       | 383/1258 [02:40<06:11,  2.36it/s]
Processing frames:  31%|███       | 384/1258 [02:41<06:07,  2.38it/s]
Processing frames:  31%|███       | 385/1258 [02:41<06:03,  2.40it/s]
Processing frames:  31%|███       | 386/1258 [02:42<06:07,  2.37it/s]
Processing frames:  31%|███       | 387/1258 [02:42<06:03,  2.40it/s]
Processing frames:  31%|███       | 388/1258 [02:42<06:00,  2.41it/s]
Processing frames:  31%|███       | 389/1258 [02:43<05:57,  2.43it/s]
Processing frames:  31%|███       | 390/1258 [02:43<06:00,  2.41it/s]
Processing frames:  31%|███       | 391/1258 [02:44<05:55,  2.44it/s]
Processing frames:  31%|███       | 392/1258 [02:44<05:53,  2.45it/s]
Processing frames:  31%|███       | 393/1258 [02:44<05:51,  2.46it/s]
Processing frames:  31%|███▏      | 394/1258 [02:45<05:49,  2.47it/s]
Processing frames:  31%|███▏      | 395/1258 [02:45<05:46,  2.49it/s]
Processing frames:  31%|███▏      | 396/1258 [02:46<05:50,  2.46it/s]
Processing frames:  32%|███▏      | 397/1258 [02:46<05:49,  2.46it/s]
Processing frames:  32%|███▏      | 398/1258 [02:46<05:50,  2.45it/s]
Processing frames:  32%|███▏      | 399/1258 [02:47<05:50,  2.45it/s]
Processing frames:  32%|███▏      | 400/1258 [02:47<06:03,  2.36it/s]
Processing frames:  32%|███▏      | 401/1258 [02:48<06:01,  2.37it/s]
Processing frames:  32%|███▏      | 402/1258 [02:48<05:55,  2.40it/s]
Processing frames:  32%|███▏      | 403/1258 [02:49<05:51,  2.43it/s]
Processing frames:  32%|███▏      | 404/1258 [02:49<05:46,  2.46it/s]
Processing frames:  32%|███▏      | 405/1258 [02:49<05:46,  2.46it/s]
Processing frames:  32%|███▏      | 406/1258 [02:50<05:47,  2.45it/s]
Processing frames:  32%|███▏      | 407/1258 [02:50<05:47,  2.45it/s]
Processing frames:  32%|███▏      | 408/1258 [02:51<05:46,  2.45it/s]
Processing frames:  33%|███▎      | 409/1258 [02:51<05:55,  2.39it/s]
Processing frames:  33%|███▎      | 410/1258 [02:51<05:54,  2.39it/s]
Processing frames:  33%|███▎      | 411/1258 [02:52<05:53,  2.40it/s]
Processing frames:  33%|███▎      | 412/1258 [02:52<05:55,  2.38it/s]
Processing frames:  33%|███▎      | 413/1258 [02:53<05:54,  2.38it/s]
Processing frames:  33%|███▎      | 414/1258 [02:53<05:49,  2.41it/s]
Processing frames:  33%|███▎      | 415/1258 [02:54<05:48,  2.42it/s]
Processing frames:  33%|███▎      | 416/1258 [02:54<05:44,  2.44it/s]
Processing frames:  33%|███▎      | 417/1258 [02:54<05:41,  2.46it/s]
Processing frames:  33%|███▎      | 418/1258 [02:55<05:43,  2.44it/s]
Processing frames:  33%|███▎      | 419/1258 [02:55<06:16,  2.23it/s]
Processing frames:  33%|███▎      | 420/1258 [02:56<06:03,  2.30it/s]
Processing frames:  33%|███▎      | 421/1258 [02:56<05:59,  2.33it/s]
Processing frames:  34%|███▎      | 422/1258 [02:56<05:51,  2.38it/s]
Processing frames:  34%|███▎      | 423/1258 [02:57<05:46,  2.41it/s]
Processing frames:  34%|███▎      | 424/1258 [02:57<05:42,  2.43it/s]
Processing frames:  34%|███▍      | 425/1258 [02:58<05:41,  2.44it/s]
Processing frames:  34%|███▍      | 426/1258 [02:58<05:42,  2.43it/s]
Processing frames:  34%|███▍      | 427/1258 [02:59<05:44,  2.41it/s]
Processing frames:  34%|███▍      | 428/1258 [02:59<05:48,  2.38it/s]
Processing frames:  34%|███▍      | 429/1258 [02:59<05:42,  2.42it/s]
Processing frames:  34%|███▍      | 430/1258 [03:00<05:41,  2.43it/s]
Processing frames:  34%|███▍      | 431/1258 [03:00<05:38,  2.44it/s]
Processing frames:  34%|███▍      | 432/1258 [03:01<05:38,  2.44it/s]
Processing frames:  34%|███▍      | 433/1258 [03:01<05:34,  2.46it/s]
Processing frames:  34%|███▍      | 434/1258 [03:01<05:37,  2.44it/s]
Processing frames:  35%|███▍      | 435/1258 [03:02<05:41,  2.41it/s]
Processing frames:  35%|███▍      | 436/1258 [03:02<05:40,  2.42it/s]
Processing frames:  35%|███▍      | 437/1258 [03:03<05:38,  2.42it/s]
Processing frames:  35%|███▍      | 438/1258 [03:03<05:39,  2.41it/s]
Processing frames:  35%|███▍      | 439/1258 [03:03<05:39,  2.41it/s]
Processing frames:  35%|███▍      | 440/1258 [03:04<05:42,  2.39it/s]
Processing frames:  35%|███▌      | 441/1258 [03:04<05:49,  2.34it/s]
Processing frames:  35%|███▌      | 442/1258 [03:05<05:40,  2.40it/s]
Processing frames:  35%|███▌      | 443/1258 [03:05<05:41,  2.39it/s]
Processing frames:  35%|███▌      | 444/1258 [03:06<05:35,  2.42it/s]
Processing frames:  35%|███▌      | 445/1258 [03:06<05:36,  2.42it/s]
Processing frames:  35%|███▌      | 446/1258 [03:06<05:32,  2.44it/s]
Processing frames:  36%|███▌      | 447/1258 [03:07<05:30,  2.46it/s]
Processing frames:  36%|███▌      | 448/1258 [03:07<05:35,  2.41it/s]
Processing frames:  36%|███▌      | 449/1258 [03:08<05:28,  2.46it/s]
Processing frames:  36%|███▌      | 450/1258 [03:08<05:28,  2.46it/s]
Processing frames:  36%|███▌      | 451/1258 [03:08<05:28,  2.46it/s]
Processing frames:  36%|███▌      | 452/1258 [03:09<05:29,  2.45it/s]
Processing frames:  36%|███▌      | 453/1258 [03:09<05:52,  2.28it/s]
Processing frames:  36%|███▌      | 454/1258 [03:10<05:47,  2.32it/s]
Processing frames:  36%|███▌      | 455/1258 [03:10<05:41,  2.35it/s]
Processing frames:  36%|███▌      | 456/1258 [03:11<05:37,  2.38it/s]
Processing frames:  36%|███▋      | 457/1258 [03:11<05:33,  2.40it/s]
Processing frames:  36%|███▋      | 458/1258 [03:11<05:32,  2.41it/s]
Processing frames:  36%|███▋      | 459/1258 [03:12<05:28,  2.43it/s]
Processing frames:  37%|███▋      | 460/1258 [03:12<05:58,  2.23it/s]
Processing frames:  37%|███▋      | 461/1258 [03:13<05:46,  2.30it/s]
Processing frames:  37%|███▋      | 462/1258 [03:13<05:38,  2.35it/s]
Processing frames:  37%|███▋      | 463/1258 [03:14<05:31,  2.40it/s]
Processing frames:  37%|███▋      | 464/1258 [03:14<05:29,  2.41it/s]
Processing frames:  37%|███▋      | 465/1258 [03:14<05:23,  2.45it/s]
Processing frames:  37%|███▋      | 466/1258 [03:15<05:26,  2.42it/s]
Processing frames:  37%|███▋      | 467/1258 [03:15<05:27,  2.41it/s]
Processing frames:  37%|███▋      | 468/1258 [03:16<05:23,  2.44it/s]
Processing frames:  37%|███▋      | 469/1258 [03:16<05:22,  2.45it/s]
Processing frames:  37%|███▋      | 470/1258 [03:16<05:18,  2.47it/s]
Processing frames:  37%|███▋      | 471/1258 [03:17<05:17,  2.48it/s]
Processing frames:  38%|███▊      | 472/1258 [03:17<05:20,  2.45it/s]
Processing frames:  38%|███▊      | 473/1258 [03:18<05:23,  2.43it/s]
Processing frames:  38%|███▊      | 474/1258 [03:18<05:22,  2.43it/s]
Processing frames:  38%|███▊      | 475/1258 [03:18<05:24,  2.42it/s]
Processing frames:  38%|███▊      | 476/1258 [03:19<06:11,  2.10it/s]
Processing frames:  38%|███▊      | 477/1258 [03:19<05:56,  2.19it/s]
Processing frames:  38%|███▊      | 478/1258 [03:20<05:46,  2.25it/s]
Processing frames:  38%|███▊      | 479/1258 [03:20<05:35,  2.33it/s]
Processing frames:  38%|███▊      | 480/1258 [03:21<05:31,  2.35it/s]
Processing frames:  38%|███▊      | 481/1258 [03:21<05:24,  2.39it/s]
Processing frames:  38%|███▊      | 482/1258 [03:22<05:22,  2.40it/s]
Processing frames:  38%|███▊      | 483/1258 [03:22<05:20,  2.42it/s]
Processing frames:  38%|███▊      | 484/1258 [03:22<05:17,  2.44it/s]
Processing frames:  39%|███▊      | 485/1258 [03:23<05:14,  2.46it/s]
Processing frames:  39%|███▊      | 486/1258 [03:23<05:13,  2.46it/s]
Processing frames:  39%|███▊      | 487/1258 [03:24<05:12,  2.47it/s]
Processing frames:  39%|███▉      | 488/1258 [03:24<05:11,  2.47it/s]
Processing frames:  39%|███▉      | 489/1258 [03:24<05:10,  2.48it/s]
Processing frames:  39%|███▉      | 490/1258 [03:25<05:14,  2.44it/s]
Processing frames:  39%|███▉      | 491/1258 [03:25<05:14,  2.44it/s]
Processing frames:  39%|███▉      | 492/1258 [03:26<05:15,  2.43it/s]
Processing frames:  39%|███▉      | 493/1258 [03:26<05:14,  2.44it/s]
Processing frames:  39%|███▉      | 494/1258 [03:26<05:12,  2.44it/s]
Processing frames:  39%|███▉      | 495/1258 [03:27<05:12,  2.44it/s]
Processing frames:  39%|███▉      | 496/1258 [03:27<05:12,  2.44it/s]
Processing frames:  40%|███▉      | 497/1258 [03:28<05:10,  2.45it/s]
Processing frames:  40%|███▉      | 498/1258 [03:28<05:10,  2.45it/s]
Processing frames:  40%|███▉      | 499/1258 [03:28<05:12,  2.43it/s]
Processing frames:  40%|███▉      | 500/1258 [03:29<05:14,  2.41it/s]
Processing frames:  40%|███▉      | 501/1258 [03:29<05:14,  2.41it/s]
Processing frames:  40%|███▉      | 502/1258 [03:30<05:14,  2.41it/s]
Processing frames:  40%|███▉      | 503/1258 [03:30<05:08,  2.44it/s]
Processing frames:  40%|████      | 504/1258 [03:31<05:05,  2.47it/s]
Processing frames:  40%|████      | 505/1258 [03:31<05:08,  2.44it/s]
Processing frames:  40%|████      | 506/1258 [03:31<05:12,  2.41it/s]
Processing frames:  40%|████      | 507/1258 [03:32<05:08,  2.44it/s]
Processing frames:  40%|████      | 508/1258 [03:32<05:12,  2.40it/s]
Processing frames:  40%|████      | 509/1258 [03:33<05:10,  2.41it/s]
Processing frames:  41%|████      | 510/1258 [03:33<05:10,  2.41it/s]
Processing frames:  41%|████      | 511/1258 [03:33<05:13,  2.38it/s]
Processing frames:  41%|████      | 512/1258 [03:34<05:12,  2.39it/s]
Processing frames:  41%|████      | 513/1258 [03:34<05:15,  2.36it/s]
Processing frames:  41%|████      | 514/1258 [03:35<05:15,  2.36it/s]
Processing frames:  41%|████      | 515/1258 [03:35<05:10,  2.39it/s]
Processing frames:  41%|████      | 516/1258 [03:36<05:05,  2.43it/s]
Processing frames:  41%|████      | 517/1258 [03:36<05:03,  2.44it/s]
Processing frames:  41%|████      | 518/1258 [03:36<05:08,  2.40it/s]
Processing frames:  41%|████▏     | 519/1258 [03:37<05:08,  2.39it/s]
Processing frames:  41%|████▏     | 520/1258 [03:37<05:05,  2.42it/s]
Processing frames:  41%|████▏     | 521/1258 [03:38<05:03,  2.43it/s]
Processing frames:  41%|████▏     | 522/1258 [03:38<05:03,  2.42it/s]
Processing frames:  42%|████▏     | 523/1258 [03:39<05:44,  2.13it/s]
Processing frames:  42%|████▏     | 524/1258 [03:39<05:36,  2.18it/s]
Processing frames:  42%|████▏     | 525/1258 [03:39<05:24,  2.26it/s]
Processing frames:  42%|████▏     | 526/1258 [03:40<05:20,  2.28it/s]
Processing frames:  42%|████▏     | 527/1258 [03:40<05:18,  2.30it/s]
Processing frames:  42%|████▏     | 528/1258 [03:41<05:11,  2.34it/s]
Processing frames:  42%|████▏     | 529/1258 [03:41<05:07,  2.37it/s]
Processing frames:  42%|████▏     | 530/1258 [03:42<05:09,  2.36it/s]
Processing frames:  42%|████▏     | 531/1258 [03:42<05:05,  2.38it/s]
Processing frames:  42%|████▏     | 532/1258 [03:42<05:01,  2.41it/s]
Processing frames:  42%|████▏     | 533/1258 [03:43<05:00,  2.41it/s]
Processing frames:  42%|████▏     | 534/1258 [03:43<05:40,  2.12it/s]
Processing frames:  43%|████▎     | 535/1258 [03:44<05:27,  2.21it/s]
Processing frames:  43%|████▎     | 536/1258 [03:44<05:17,  2.28it/s]
Processing frames:  43%|████▎     | 537/1258 [03:45<05:12,  2.31it/s]
Processing frames:  43%|████▎     | 538/1258 [03:45<05:04,  2.37it/s]
Processing frames:  43%|████▎     | 539/1258 [03:45<05:03,  2.37it/s]
Processing frames:  43%|████▎     | 540/1258 [03:46<05:00,  2.39it/s]
Processing frames:  43%|████▎     | 541/1258 [03:46<04:57,  2.41it/s]
Processing frames:  43%|████▎     | 542/1258 [03:47<04:57,  2.41it/s]
Processing frames:  43%|████▎     | 543/1258 [03:47<04:54,  2.43it/s]
Processing frames:  43%|████▎     | 544/1258 [03:47<04:52,  2.44it/s]
Processing frames:  43%|████▎     | 545/1258 [03:48<04:49,  2.46it/s]
Processing frames:  43%|████▎     | 546/1258 [03:48<04:46,  2.48it/s]
Processing frames:  43%|████▎     | 547/1258 [03:49<04:49,  2.46it/s]
Processing frames:  44%|████▎     | 548/1258 [03:49<04:47,  2.47it/s]
Processing frames:  44%|████▎     | 549/1258 [03:50<04:49,  2.45it/s]
Processing frames:  44%|████▎     | 550/1258 [03:50<04:45,  2.48it/s]
Processing frames:  44%|████▍     | 551/1258 [03:50<04:47,  2.46it/s]
Processing frames:  44%|████▍     | 552/1258 [03:51<04:46,  2.46it/s]
Processing frames:  44%|████▍     | 553/1258 [03:51<04:51,  2.42it/s]
Processing frames:  44%|████▍     | 554/1258 [03:52<04:48,  2.44it/s]
Processing frames:  44%|████▍     | 555/1258 [03:52<04:47,  2.45it/s]
Processing frames:  44%|████▍     | 556/1258 [03:53<05:49,  2.01it/s]
Processing frames:  44%|████▍     | 557/1258 [03:53<05:31,  2.12it/s]
Processing frames:  44%|████▍     | 558/1258 [03:54<05:20,  2.18it/s]
Processing frames:  44%|████▍     | 559/1258 [03:54<05:09,  2.26it/s]
Processing frames:  45%|████▍     | 560/1258 [03:54<05:02,  2.31it/s]
Processing frames:  45%|████▍     | 561/1258 [03:55<04:59,  2.33it/s]
Processing frames:  45%|████▍     | 562/1258 [03:55<04:59,  2.33it/s]
Processing frames:  45%|████▍     | 563/1258 [03:56<04:53,  2.37it/s]
Processing frames:  45%|████▍     | 564/1258 [03:56<04:49,  2.40it/s]
Processing frames:  45%|████▍     | 565/1258 [03:56<04:45,  2.42it/s]
Processing frames:  45%|████▍     | 566/1258 [03:57<04:42,  2.45it/s]
Processing frames:  45%|████▌     | 567/1258 [03:57<04:39,  2.48it/s]
Processing frames:  45%|████▌     | 568/1258 [03:58<04:38,  2.48it/s]
Processing frames:  45%|████▌     | 569/1258 [03:58<04:42,  2.44it/s]
Processing frames:  45%|████▌     | 570/1258 [03:58<04:43,  2.43it/s]
Processing frames:  45%|████▌     | 571/1258 [03:59<04:41,  2.44it/s]
Processing frames:  45%|████▌     | 572/1258 [03:59<04:43,  2.42it/s]
Processing frames:  46%|████▌     | 573/1258 [04:00<04:43,  2.41it/s]
Processing frames:  46%|████▌     | 574/1258 [04:00<04:46,  2.39it/s]
Processing frames:  46%|████▌     | 575/1258 [04:01<04:43,  2.41it/s]
Processing frames:  46%|████▌     | 576/1258 [04:01<04:39,  2.44it/s]
Processing frames:  46%|████▌     | 577/1258 [04:01<04:43,  2.40it/s]
Processing frames:  46%|████▌     | 578/1258 [04:02<04:45,  2.38it/s]
Processing frames:  46%|████▌     | 579/1258 [04:02<04:41,  2.41it/s]
Processing frames:  46%|████▌     | 580/1258 [04:03<04:37,  2.44it/s]
Processing frames:  46%|████▌     | 581/1258 [04:03<05:07,  2.20it/s]
Processing frames:  46%|████▋     | 582/1258 [04:04<04:57,  2.28it/s]
Processing frames:  46%|████▋     | 583/1258 [04:04<04:54,  2.29it/s]
Processing frames:  46%|████▋     | 584/1258 [04:04<04:47,  2.34it/s]
Processing frames:  47%|████▋     | 585/1258 [04:05<04:44,  2.36it/s]
Processing frames:  47%|████▋     | 586/1258 [04:05<04:43,  2.37it/s]
Processing frames:  47%|████▋     | 587/1258 [04:06<04:38,  2.41it/s]
Processing frames:  47%|████▋     | 588/1258 [04:06<04:33,  2.45it/s]
Processing frames:  47%|████▋     | 589/1258 [04:06<04:31,  2.47it/s]
Processing frames:  47%|████▋     | 590/1258 [04:07<04:29,  2.48it/s]
Processing frames:  47%|████▋     | 591/1258 [04:07<04:28,  2.48it/s]
Processing frames:  47%|████▋     | 592/1258 [04:08<04:29,  2.47it/s]
Processing frames:  47%|████▋     | 593/1258 [04:08<04:33,  2.43it/s]
Processing frames:  47%|████▋     | 594/1258 [04:08<04:32,  2.44it/s]
Processing frames:  47%|████▋     | 595/1258 [04:09<04:33,  2.43it/s]
Processing frames:  47%|████▋     | 596/1258 [04:09<04:32,  2.43it/s]
Processing frames:  47%|████▋     | 597/1258 [04:10<04:29,  2.45it/s]
Processing frames:  48%|████▊     | 598/1258 [04:10<04:28,  2.46it/s]
Processing frames:  48%|████▊     | 599/1258 [04:10<04:28,  2.46it/s]
Processing frames:  48%|████▊     | 600/1258 [04:11<04:25,  2.48it/s]
Processing frames:  48%|████▊     | 601/1258 [04:11<04:24,  2.49it/s]
Processing frames:  48%|████▊     | 602/1258 [04:12<04:24,  2.48it/s]
Processing frames:  48%|████▊     | 603/1258 [04:12<04:23,  2.49it/s]
Processing frames:  48%|████▊     | 604/1258 [04:12<04:23,  2.49it/s]
Processing frames:  48%|████▊     | 605/1258 [04:13<04:22,  2.49it/s]
Processing frames:  48%|████▊     | 606/1258 [04:13<04:24,  2.46it/s]
Processing frames:  48%|████▊     | 607/1258 [04:14<04:23,  2.47it/s]
Processing frames:  48%|████▊     | 608/1258 [04:14<04:21,  2.48it/s]
Processing frames:  48%|████▊     | 609/1258 [04:14<04:20,  2.50it/s]
Processing frames:  48%|████▊     | 610/1258 [04:15<04:20,  2.48it/s]
Processing frames:  49%|████▊     | 611/1258 [04:15<04:25,  2.44it/s]
Processing frames:  49%|████▊     | 612/1258 [04:16<04:29,  2.39it/s]
Processing frames:  49%|████▊     | 613/1258 [04:16<04:30,  2.38it/s]
Processing frames:  49%|████▉     | 614/1258 [04:17<04:27,  2.41it/s]
Processing frames:  49%|████▉     | 615/1258 [04:17<04:24,  2.43it/s]
Processing frames:  49%|████▉     | 616/1258 [04:17<04:22,  2.45it/s]
Processing frames:  49%|████▉     | 617/1258 [04:18<04:21,  2.45it/s]
Processing frames:  49%|████▉     | 618/1258 [04:18<04:19,  2.47it/s]
Processing frames:  49%|████▉     | 619/1258 [04:19<04:19,  2.46it/s]
Processing frames:  49%|████▉     | 620/1258 [04:19<04:18,  2.47it/s]
Processing frames:  49%|████▉     | 621/1258 [04:19<04:19,  2.45it/s]
Processing frames:  49%|████▉     | 622/1258 [04:20<04:21,  2.43it/s]
Processing frames:  50%|████▉     | 623/1258 [04:20<04:29,  2.36it/s]
Processing frames:  50%|████▉     | 624/1258 [04:21<04:27,  2.37it/s]
Processing frames:  50%|████▉     | 625/1258 [04:21<04:21,  2.42it/s]
Processing frames:  50%|████▉     | 626/1258 [04:21<04:17,  2.45it/s]
Processing frames:  50%|████▉     | 627/1258 [04:22<04:29,  2.35it/s]
Processing frames:  50%|████▉     | 628/1258 [04:22<04:33,  2.30it/s]
Processing frames:  50%|█████     | 629/1258 [04:23<04:27,  2.35it/s]
Processing frames:  50%|█████     | 630/1258 [04:23<04:21,  2.40it/s]
Processing frames:  50%|█████     | 631/1258 [04:24<04:23,  2.38it/s]
Processing frames:  50%|█████     | 632/1258 [04:24<04:19,  2.41it/s]
Processing frames:  50%|█████     | 633/1258 [04:24<04:18,  2.41it/s]
Processing frames:  50%|█████     | 634/1258 [04:25<04:19,  2.41it/s]
Processing frames:  50%|█████     | 635/1258 [04:25<04:20,  2.39it/s]
Processing frames:  51%|█████     | 636/1258 [04:26<04:16,  2.42it/s]
Processing frames:  51%|█████     | 637/1258 [04:26<04:18,  2.40it/s]
Processing frames:  51%|█████     | 638/1258 [04:27<04:13,  2.45it/s]
Processing frames:  51%|█████     | 639/1258 [04:27<04:13,  2.44it/s]
Processing frames:  51%|█████     | 640/1258 [04:27<04:14,  2.43it/s]
Processing frames:  51%|█████     | 641/1258 [04:28<04:13,  2.43it/s]
Processing frames:  51%|█████     | 642/1258 [04:28<04:11,  2.45it/s]
Processing frames:  51%|█████     | 643/1258 [04:29<04:15,  2.40it/s]
Processing frames:  51%|█████     | 644/1258 [04:29<04:13,  2.42it/s]
Processing frames:  51%|█████▏    | 645/1258 [04:29<04:10,  2.45it/s]
Processing frames:  51%|█████▏    | 646/1258 [04:30<04:11,  2.43it/s]
Processing frames:  51%|█████▏    | 647/1258 [04:30<04:12,  2.42it/s]
Processing frames:  52%|█████▏    | 648/1258 [04:31<04:10,  2.44it/s]
Processing frames:  52%|█████▏    | 649/1258 [04:31<04:26,  2.29it/s]
Processing frames:  52%|█████▏    | 650/1258 [04:32<04:19,  2.34it/s]
Processing frames:  52%|█████▏    | 651/1258 [04:32<04:14,  2.38it/s]
Processing frames:  52%|█████▏    | 652/1258 [04:32<04:11,  2.41it/s]
Processing frames:  52%|█████▏    | 653/1258 [04:33<04:06,  2.45it/s]
Processing frames:  52%|█████▏    | 654/1258 [04:33<04:07,  2.44it/s]
Processing frames:  52%|█████▏    | 655/1258 [04:34<04:03,  2.48it/s]
Processing frames:  52%|█████▏    | 656/1258 [04:34<04:05,  2.45it/s]
Processing frames:  52%|█████▏    | 657/1258 [04:35<05:07,  1.95it/s]
Processing frames:  52%|█████▏    | 658/1258 [04:35<04:51,  2.06it/s]
Processing frames:  52%|█████▏    | 659/1258 [04:36<04:35,  2.18it/s]
Processing frames:  52%|█████▏    | 660/1258 [04:36<04:27,  2.23it/s]
Processing frames:  53%|█████▎    | 661/1258 [04:36<04:22,  2.27it/s]
Processing frames:  53%|█████▎    | 662/1258 [04:37<04:17,  2.32it/s]
Processing frames:  53%|█████▎    | 663/1258 [04:37<04:10,  2.37it/s]
Processing frames:  53%|█████▎    | 664/1258 [04:38<04:14,  2.33it/s]
Processing frames:  53%|█████▎    | 665/1258 [04:38<04:13,  2.34it/s]
Processing frames:  53%|█████▎    | 666/1258 [04:38<04:11,  2.35it/s]
Processing frames:  53%|█████▎    | 667/1258 [04:39<04:10,  2.36it/s]
Processing frames:  53%|█████▎    | 668/1258 [04:39<04:08,  2.38it/s]
Processing frames:  53%|█████▎    | 669/1258 [04:40<04:04,  2.41it/s]
Processing frames:  53%|█████▎    | 670/1258 [04:40<04:03,  2.42it/s]
Processing frames:  53%|█████▎    | 671/1258 [04:41<04:02,  2.42it/s]
Processing frames:  53%|█████▎    | 672/1258 [04:41<03:59,  2.44it/s]
Processing frames:  53%|█████▎    | 673/1258 [04:41<03:58,  2.45it/s]
Processing frames:  54%|█████▎    | 674/1258 [04:42<04:00,  2.43it/s]
Processing frames:  54%|█████▎    | 675/1258 [04:42<03:59,  2.43it/s]
Processing frames:  54%|█████▎    | 676/1258 [04:43<03:58,  2.44it/s]
Processing frames:  54%|█████▍    | 677/1258 [04:43<03:59,  2.43it/s]
Processing frames:  54%|█████▍    | 678/1258 [04:43<04:00,  2.42it/s]
Processing frames:  54%|█████▍    | 679/1258 [04:44<03:58,  2.42it/s]
Processing frames:  54%|█████▍    | 680/1258 [04:44<03:57,  2.43it/s]
Processing frames:  54%|█████▍    | 681/1258 [04:45<03:56,  2.44it/s]
Processing frames:  54%|█████▍    | 682/1258 [04:45<03:57,  2.43it/s]
Processing frames:  54%|█████▍    | 683/1258 [04:45<03:56,  2.43it/s]
Processing frames:  54%|█████▍    | 684/1258 [04:46<03:55,  2.44it/s]
Processing frames:  54%|█████▍    | 685/1258 [04:46<03:53,  2.45it/s]
Processing frames:  55%|█████▍    | 686/1258 [04:47<03:55,  2.43it/s]
Processing frames:  55%|█████▍    | 687/1258 [04:47<03:54,  2.44it/s]
Processing frames:  55%|█████▍    | 688/1258 [04:48<03:54,  2.43it/s]
Processing frames:  55%|█████▍    | 689/1258 [04:48<03:54,  2.43it/s]
Processing frames:  55%|█████▍    | 690/1258 [04:48<03:53,  2.44it/s]
Processing frames:  55%|█████▍    | 691/1258 [04:49<03:52,  2.44it/s]
Processing frames:  55%|█████▌    | 692/1258 [04:49<03:53,  2.43it/s]
Processing frames:  55%|█████▌    | 693/1258 [04:50<04:28,  2.10it/s]
Processing frames:  55%|█████▌    | 694/1258 [04:50<04:19,  2.17it/s]
Processing frames:  55%|█████▌    | 695/1258 [04:51<04:12,  2.23it/s]
Processing frames:  55%|█████▌    | 696/1258 [04:51<04:03,  2.31it/s]
Processing frames:  55%|█████▌    | 697/1258 [04:51<03:59,  2.34it/s]
Processing frames:  55%|█████▌    | 698/1258 [04:52<03:56,  2.37it/s]
Processing frames:  56%|█████▌    | 699/1258 [04:52<03:53,  2.40it/s]
Processing frames:  56%|█████▌    | 700/1258 [04:53<03:55,  2.37it/s]
Processing frames:  56%|█████▌    | 701/1258 [04:53<03:52,  2.40it/s]
Processing frames:  56%|█████▌    | 702/1258 [04:54<03:51,  2.41it/s]
Processing frames:  56%|█████▌    | 703/1258 [04:54<03:48,  2.42it/s]
Processing frames:  56%|█████▌    | 704/1258 [04:54<03:46,  2.44it/s]
Processing frames:  56%|█████▌    | 705/1258 [04:55<03:47,  2.43it/s]
Processing frames:  56%|█████▌    | 706/1258 [04:55<03:48,  2.42it/s]
Processing frames:  56%|█████▌    | 707/1258 [04:56<03:50,  2.39it/s]
Processing frames:  56%|█████▋    | 708/1258 [04:56<03:47,  2.41it/s]
Processing frames:  56%|█████▋    | 709/1258 [04:56<03:48,  2.40it/s]
Processing frames:  56%|█████▋    | 710/1258 [04:57<03:52,  2.36it/s]
Processing frames:  57%|█████▋    | 711/1258 [04:57<03:52,  2.35it/s]
Processing frames:  57%|█████▋    | 712/1258 [04:58<03:50,  2.37it/s]
Processing frames:  57%|█████▋    | 713/1258 [04:58<03:49,  2.37it/s]
Processing frames:  57%|█████▋    | 714/1258 [04:59<03:46,  2.40it/s]
Processing frames:  57%|█████▋    | 715/1258 [04:59<03:46,  2.40it/s]
Processing frames:  57%|█████▋    | 716/1258 [04:59<03:47,  2.39it/s]
Processing frames:  57%|█████▋    | 717/1258 [05:00<03:43,  2.42it/s]
Processing frames:  57%|█████▋    | 718/1258 [05:00<03:41,  2.44it/s]
Processing frames:  57%|█████▋    | 719/1258 [05:01<03:40,  2.44it/s]
Processing frames:  57%|█████▋    | 720/1258 [05:01<03:39,  2.45it/s]
Processing frames:  57%|█████▋    | 721/1258 [05:01<03:46,  2.37it/s]
Processing frames:  57%|█████▋    | 722/1258 [05:02<03:44,  2.39it/s]
Processing frames:  57%|█████▋    | 723/1258 [05:02<03:42,  2.40it/s]
Processing frames:  58%|█████▊    | 724/1258 [05:03<03:40,  2.42it/s]
Processing frames:  58%|█████▊    | 725/1258 [05:03<03:44,  2.38it/s]
Processing frames:  58%|█████▊    | 726/1258 [05:04<03:43,  2.38it/s]
Processing frames:  58%|█████▊    | 727/1258 [05:04<03:45,  2.35it/s]
Processing frames:  58%|█████▊    | 728/1258 [05:04<03:44,  2.36it/s]
Processing frames:  58%|█████▊    | 729/1258 [05:05<03:47,  2.32it/s]
Processing frames:  58%|█████▊    | 730/1258 [05:05<03:45,  2.35it/s]
Processing frames:  58%|█████▊    | 731/1258 [05:06<03:44,  2.35it/s]
Processing frames:  58%|█████▊    | 732/1258 [05:06<03:43,  2.35it/s]
Processing frames:  58%|█████▊    | 733/1258 [05:07<04:16,  2.04it/s]
Processing frames:  58%|█████▊    | 734/1258 [05:07<04:06,  2.12it/s]
Processing frames:  58%|█████▊    | 735/1258 [05:08<03:59,  2.18it/s]
Processing frames:  59%|█████▊    | 736/1258 [05:08<03:51,  2.25it/s]
Processing frames:  59%|█████▊    | 737/1258 [05:08<03:47,  2.29it/s]
Processing frames:  59%|█████▊    | 738/1258 [05:09<03:42,  2.33it/s]
Processing frames:  59%|█████▊    | 739/1258 [05:09<03:42,  2.33it/s]
Processing frames:  59%|█████▉    | 740/1258 [05:10<03:48,  2.27it/s]
Processing frames:  59%|█████▉    | 741/1258 [05:10<03:42,  2.33it/s]
Processing frames:  59%|█████▉    | 742/1258 [05:11<03:41,  2.33it/s]
Processing frames:  59%|█████▉    | 743/1258 [05:11<03:39,  2.35it/s]
Processing frames:  59%|█████▉    | 744/1258 [05:11<03:36,  2.37it/s]
Processing frames:  59%|█████▉    | 745/1258 [05:12<03:32,  2.41it/s]
Processing frames:  59%|█████▉    | 746/1258 [05:12<03:30,  2.44it/s]
Processing frames:  59%|█████▉    | 747/1258 [05:13<03:28,  2.45it/s]
Processing frames:  59%|█████▉    | 748/1258 [05:13<03:28,  2.45it/s]
Processing frames:  60%|█████▉    | 749/1258 [05:13<03:28,  2.44it/s]
Processing frames:  60%|█████▉    | 750/1258 [05:14<03:28,  2.43it/s]
Processing frames:  60%|█████▉    | 751/1258 [05:14<03:27,  2.45it/s]
Processing frames:  60%|█████▉    | 752/1258 [05:15<03:25,  2.46it/s]
Processing frames:  60%|█████▉    | 753/1258 [05:15<03:26,  2.44it/s]
Processing frames:  60%|█████▉    | 754/1258 [05:15<03:30,  2.40it/s]
Processing frames:  60%|██████    | 755/1258 [05:16<03:33,  2.35it/s]
Processing frames:  60%|██████    | 756/1258 [05:16<03:31,  2.38it/s]
Processing frames:  60%|██████    | 757/1258 [05:17<03:28,  2.40it/s]
Processing frames:  60%|██████    | 758/1258 [05:17<03:26,  2.42it/s]
Processing frames:  60%|██████    | 759/1258 [05:18<03:26,  2.42it/s]
Processing frames:  60%|██████    | 760/1258 [05:18<03:24,  2.44it/s]
Processing frames:  60%|██████    | 761/1258 [05:18<03:23,  2.44it/s]
Processing frames:  61%|██████    | 762/1258 [05:19<03:21,  2.46it/s]
Processing frames:  61%|██████    | 763/1258 [05:19<03:20,  2.47it/s]
Processing frames:  61%|██████    | 764/1258 [05:20<03:19,  2.48it/s]
Processing frames:  61%|██████    | 765/1258 [05:20<03:20,  2.46it/s]
Processing frames:  61%|██████    | 766/1258 [05:20<03:22,  2.43it/s]
Processing frames:  61%|██████    | 767/1258 [05:21<03:23,  2.42it/s]
Processing frames:  61%|██████    | 768/1258 [05:21<03:22,  2.42it/s]
Processing frames:  61%|██████    | 769/1258 [05:22<03:26,  2.37it/s]
Processing frames:  61%|██████    | 770/1258 [05:22<03:30,  2.32it/s]
Processing frames:  61%|██████▏   | 771/1258 [05:23<03:28,  2.34it/s]
Processing frames:  61%|██████▏   | 772/1258 [05:23<03:23,  2.39it/s]
Processing frames:  61%|██████▏   | 773/1258 [05:23<03:24,  2.37it/s]
Processing frames:  62%|██████▏   | 774/1258 [05:24<03:24,  2.37it/s]
Processing frames:  62%|██████▏   | 775/1258 [05:24<03:20,  2.41it/s]
Processing frames:  62%|██████▏   | 776/1258 [05:25<03:17,  2.44it/s]
Processing frames:  62%|██████▏   | 777/1258 [05:25<03:15,  2.46it/s]
Processing frames:  62%|██████▏   | 778/1258 [05:25<03:14,  2.46it/s]
Processing frames:  62%|██████▏   | 779/1258 [05:26<03:15,  2.44it/s]
Processing frames:  62%|██████▏   | 780/1258 [05:26<03:14,  2.46it/s]
Processing frames:  62%|██████▏   | 781/1258 [05:27<03:15,  2.43it/s]
Processing frames:  62%|██████▏   | 782/1258 [05:27<03:17,  2.42it/s]
Processing frames:  62%|██████▏   | 783/1258 [05:27<03:15,  2.43it/s]
Processing frames:  62%|██████▏   | 784/1258 [05:28<03:14,  2.44it/s]
Processing frames:  62%|██████▏   | 785/1258 [05:28<03:13,  2.45it/s]
Processing frames:  62%|██████▏   | 786/1258 [05:29<03:14,  2.42it/s]
Processing frames:  63%|██████▎   | 787/1258 [05:29<03:12,  2.44it/s]
Processing frames:  63%|██████▎   | 788/1258 [05:29<03:12,  2.44it/s]
Processing frames:  63%|██████▎   | 789/1258 [05:30<03:15,  2.40it/s]
Processing frames:  63%|██████▎   | 790/1258 [05:30<03:16,  2.39it/s]
Processing frames:  63%|██████▎   | 791/1258 [05:31<03:15,  2.39it/s]
Processing frames:  63%|██████▎   | 792/1258 [05:31<03:13,  2.41it/s]
Processing frames:  63%|██████▎   | 793/1258 [05:32<03:15,  2.38it/s]
Processing frames:  63%|██████▎   | 794/1258 [05:32<03:11,  2.42it/s]
Processing frames:  63%|██████▎   | 795/1258 [05:32<03:09,  2.44it/s]
Processing frames:  63%|██████▎   | 796/1258 [05:33<03:11,  2.41it/s]
Processing frames:  63%|██████▎   | 797/1258 [05:33<03:09,  2.44it/s]
Processing frames:  63%|██████▎   | 798/1258 [05:34<03:07,  2.45it/s]
Processing frames:  64%|██████▎   | 799/1258 [05:34<03:06,  2.46it/s]
Processing frames:  64%|██████▎   | 800/1258 [05:34<03:07,  2.45it/s]
Processing frames:  64%|██████▎   | 801/1258 [05:35<03:09,  2.42it/s]
Processing frames:  64%|██████▍   | 802/1258 [05:35<03:07,  2.43it/s]
Processing frames:  64%|██████▍   | 803/1258 [05:36<03:21,  2.25it/s]
Processing frames:  64%|██████▍   | 804/1258 [05:37<03:57,  1.91it/s]
Processing frames:  64%|██████▍   | 805/1258 [05:37<03:39,  2.06it/s]
Processing frames:  64%|██████▍   | 806/1258 [05:37<03:27,  2.17it/s]
Processing frames:  64%|██████▍   | 807/1258 [05:38<03:20,  2.25it/s]
Processing frames:  64%|██████▍   | 808/1258 [05:38<03:17,  2.28it/s]
Processing frames:  64%|██████▍   | 809/1258 [05:39<03:15,  2.30it/s]
Processing frames:  64%|██████▍   | 810/1258 [05:39<03:13,  2.31it/s]
Processing frames:  64%|██████▍   | 811/1258 [05:39<03:11,  2.33it/s]
Processing frames:  65%|██████▍   | 812/1258 [05:40<03:10,  2.35it/s]
Processing frames:  65%|██████▍   | 813/1258 [05:40<03:09,  2.35it/s]
Processing frames:  65%|██████▍   | 814/1258 [05:41<03:19,  2.22it/s]
Processing frames:  65%|██████▍   | 815/1258 [05:41<03:14,  2.27it/s]
Processing frames:  65%|██████▍   | 816/1258 [05:42<03:10,  2.32it/s]
Processing frames:  65%|██████▍   | 817/1258 [05:42<03:09,  2.33it/s]
Processing frames:  65%|██████▌   | 818/1258 [05:43<03:16,  2.24it/s]
Processing frames:  65%|██████▌   | 819/1258 [05:43<03:09,  2.32it/s]
Processing frames:  65%|██████▌   | 820/1258 [05:43<03:08,  2.32it/s]
Processing frames:  65%|██████▌   | 821/1258 [05:44<03:12,  2.27it/s]
Processing frames:  65%|██████▌   | 822/1258 [05:44<03:09,  2.30it/s]
Processing frames:  65%|██████▌   | 823/1258 [05:45<03:11,  2.27it/s]
Processing frames:  66%|██████▌   | 824/1258 [05:45<03:11,  2.27it/s]
Processing frames:  66%|██████▌   | 825/1258 [05:46<03:07,  2.31it/s]
Processing frames:  66%|██████▌   | 826/1258 [05:46<03:01,  2.38it/s]
Processing frames:  66%|██████▌   | 827/1258 [05:46<02:59,  2.40it/s]
Processing frames:  66%|██████▌   | 828/1258 [05:47<02:57,  2.42it/s]
Processing frames:  66%|██████▌   | 829/1258 [05:47<02:56,  2.43it/s]
Processing frames:  66%|██████▌   | 830/1258 [05:48<02:55,  2.44it/s]
Processing frames:  66%|██████▌   | 831/1258 [05:48<02:58,  2.39it/s]
Processing frames:  66%|██████▌   | 832/1258 [05:48<02:57,  2.41it/s]
Processing frames:  66%|██████▌   | 833/1258 [05:49<02:54,  2.43it/s]
Processing frames:  66%|██████▋   | 834/1258 [05:49<02:51,  2.47it/s]
Processing frames:  66%|██████▋   | 835/1258 [05:50<02:51,  2.47it/s]
Processing frames:  66%|██████▋   | 836/1258 [05:50<02:49,  2.49it/s]
Processing frames:  67%|██████▋   | 837/1258 [05:50<02:48,  2.50it/s]
Processing frames:  67%|██████▋   | 838/1258 [05:51<02:57,  2.37it/s]
Processing frames:  67%|██████▋   | 839/1258 [05:51<02:56,  2.37it/s]
Processing frames:  67%|██████▋   | 840/1258 [05:52<02:54,  2.39it/s]
Processing frames:  67%|██████▋   | 841/1258 [05:52<02:54,  2.39it/s]
Processing frames:  67%|██████▋   | 842/1258 [05:53<02:52,  2.41it/s]
Processing frames:  67%|██████▋   | 843/1258 [05:53<02:51,  2.42it/s]
Processing frames:  67%|██████▋   | 844/1258 [05:53<02:49,  2.44it/s]
Processing frames:  67%|██████▋   | 845/1258 [05:54<02:48,  2.44it/s]
Processing frames:  67%|██████▋   | 846/1258 [05:54<02:49,  2.43it/s]
Processing frames:  67%|██████▋   | 847/1258 [05:55<02:47,  2.45it/s]
Processing frames:  67%|██████▋   | 848/1258 [05:55<02:47,  2.45it/s]
Processing frames:  67%|██████▋   | 849/1258 [05:55<02:46,  2.46it/s]
Processing frames:  68%|██████▊   | 850/1258 [05:56<02:45,  2.46it/s]
Processing frames:  68%|██████▊   | 851/1258 [05:56<02:47,  2.43it/s]
Processing frames:  68%|██████▊   | 852/1258 [05:57<02:46,  2.44it/s]
Processing frames:  68%|██████▊   | 853/1258 [05:57<02:46,  2.43it/s]
Processing frames:  68%|██████▊   | 854/1258 [05:57<02:46,  2.43it/s]
Processing frames:  68%|██████▊   | 855/1258 [05:58<02:44,  2.46it/s]
Processing frames:  68%|██████▊   | 856/1258 [05:58<02:42,  2.47it/s]
Processing frames:  68%|██████▊   | 857/1258 [05:59<02:41,  2.48it/s]
Processing frames:  68%|██████▊   | 858/1258 [05:59<02:41,  2.47it/s]
Processing frames:  68%|██████▊   | 859/1258 [05:59<02:45,  2.41it/s]
Processing frames:  68%|██████▊   | 860/1258 [06:00<02:45,  2.40it/s]
Processing frames:  68%|██████▊   | 861/1258 [06:00<02:44,  2.42it/s]
Processing frames:  69%|██████▊   | 862/1258 [06:01<02:43,  2.43it/s]
Processing frames:  69%|██████▊   | 863/1258 [06:01<02:43,  2.42it/s]
Processing frames:  69%|██████▊   | 864/1258 [06:02<02:44,  2.40it/s]
Processing frames:  69%|██████▉   | 865/1258 [06:02<03:01,  2.17it/s]
Processing frames:  69%|██████▉   | 866/1258 [06:03<02:56,  2.22it/s]
Processing frames:  69%|██████▉   | 867/1258 [06:03<02:54,  2.25it/s]
Processing frames:  69%|██████▉   | 868/1258 [06:03<02:51,  2.27it/s]
Processing frames:  69%|██████▉   | 869/1258 [06:04<02:47,  2.33it/s]
Processing frames:  69%|██████▉   | 870/1258 [06:04<02:42,  2.38it/s]
Processing frames:  69%|██████▉   | 871/1258 [06:05<02:40,  2.42it/s]
Processing frames:  69%|██████▉   | 872/1258 [06:05<02:38,  2.43it/s]
Processing frames:  69%|██████▉   | 873/1258 [06:05<02:37,  2.44it/s]
Processing frames:  69%|██████▉   | 874/1258 [06:06<02:38,  2.42it/s]
Processing frames:  70%|██████▉   | 875/1258 [06:06<02:38,  2.42it/s]
Processing frames:  70%|██████▉   | 876/1258 [06:07<02:36,  2.44it/s]
Processing frames:  70%|██████▉   | 877/1258 [06:07<02:36,  2.43it/s]
Processing frames:  70%|██████▉   | 878/1258 [06:07<02:36,  2.43it/s]
Processing frames:  70%|██████▉   | 879/1258 [06:08<02:34,  2.45it/s]
Processing frames:  70%|██████▉   | 880/1258 [06:08<02:35,  2.42it/s]
Processing frames:  70%|███████   | 881/1258 [06:09<02:33,  2.45it/s]
Processing frames:  70%|███████   | 882/1258 [06:09<02:35,  2.41it/s]
Processing frames:  70%|███████   | 883/1258 [06:10<02:36,  2.39it/s]
Processing frames:  70%|███████   | 884/1258 [06:10<02:37,  2.38it/s]
Processing frames:  70%|███████   | 885/1258 [06:10<02:35,  2.40it/s]
Processing frames:  70%|███████   | 886/1258 [06:11<02:35,  2.40it/s]
Processing frames:  71%|███████   | 887/1258 [06:11<02:37,  2.36it/s]
Processing frames:  71%|███████   | 888/1258 [06:12<02:38,  2.33it/s]
Processing frames:  71%|███████   | 889/1258 [06:12<02:35,  2.37it/s]
Processing frames:  71%|███████   | 890/1258 [06:12<02:33,  2.39it/s]
Processing frames:  71%|███████   | 891/1258 [06:13<02:35,  2.36it/s]
Processing frames:  71%|███████   | 892/1258 [06:13<02:33,  2.38it/s]
Processing frames:  71%|███████   | 893/1258 [06:14<02:33,  2.38it/s]
Processing frames:  71%|███████   | 894/1258 [06:14<02:33,  2.36it/s]
Processing frames:  71%|███████   | 895/1258 [06:15<02:32,  2.38it/s]
Processing frames:  71%|███████   | 896/1258 [06:15<02:32,  2.38it/s]
Processing frames:  71%|███████▏  | 897/1258 [06:15<02:30,  2.40it/s]
Processing frames:  71%|███████▏  | 898/1258 [06:16<02:29,  2.40it/s]
Processing frames:  71%|███████▏  | 899/1258 [06:16<02:29,  2.40it/s]
Processing frames:  72%|███████▏  | 900/1258 [06:17<02:29,  2.39it/s]
Processing frames:  72%|███████▏  | 901/1258 [06:17<02:29,  2.38it/s]
Processing frames:  72%|███████▏  | 902/1258 [06:18<02:28,  2.40it/s]
Processing frames:  72%|███████▏  | 903/1258 [06:18<02:28,  2.38it/s]
Processing frames:  72%|███████▏  | 904/1258 [06:18<02:28,  2.39it/s]
Processing frames:  72%|███████▏  | 905/1258 [06:19<02:25,  2.42it/s]
Processing frames:  72%|███████▏  | 906/1258 [06:19<02:23,  2.45it/s]
Processing frames:  72%|███████▏  | 907/1258 [06:20<02:26,  2.39it/s]
Processing frames:  72%|███████▏  | 908/1258 [06:20<02:25,  2.41it/s]
Processing frames:  72%|███████▏  | 909/1258 [06:20<02:23,  2.44it/s]
Processing frames:  72%|███████▏  | 910/1258 [06:21<02:22,  2.43it/s]
Processing frames:  72%|███████▏  | 911/1258 [06:21<02:26,  2.37it/s]
Processing frames:  72%|███████▏  | 912/1258 [06:22<02:26,  2.36it/s]
Processing frames:  73%|███████▎  | 913/1258 [06:22<02:24,  2.38it/s]
Processing frames:  73%|███████▎  | 914/1258 [06:23<02:22,  2.42it/s]
Processing frames:  73%|███████▎  | 915/1258 [06:23<02:20,  2.45it/s]
Processing frames:  73%|███████▎  | 916/1258 [06:23<02:18,  2.46it/s]
Processing frames:  73%|███████▎  | 917/1258 [06:24<02:21,  2.40it/s]
Processing frames:  73%|███████▎  | 918/1258 [06:24<02:21,  2.41it/s]
Processing frames:  73%|███████▎  | 919/1258 [06:25<02:19,  2.43it/s]
Processing frames:  73%|███████▎  | 920/1258 [06:25<02:20,  2.41it/s]
Processing frames:  73%|███████▎  | 921/1258 [06:25<02:23,  2.34it/s]
Processing frames:  73%|███████▎  | 922/1258 [06:26<02:22,  2.35it/s]
Processing frames:  73%|███████▎  | 923/1258 [06:26<02:20,  2.39it/s]
Processing frames:  73%|███████▎  | 924/1258 [06:27<02:18,  2.41it/s]
Processing frames:  74%|███████▎  | 925/1258 [06:27<02:16,  2.44it/s]
Processing frames:  74%|███████▎  | 926/1258 [06:27<02:15,  2.45it/s]
Processing frames:  74%|███████▎  | 927/1258 [06:28<02:14,  2.46it/s]
Processing frames:  74%|███████▍  | 928/1258 [06:28<02:15,  2.43it/s]
Processing frames:  74%|███████▍  | 929/1258 [06:29<02:13,  2.46it/s]
Processing frames:  74%|███████▍  | 930/1258 [06:29<02:15,  2.43it/s]
Processing frames:  74%|███████▍  | 931/1258 [06:30<02:15,  2.41it/s]
Processing frames:  74%|███████▍  | 932/1258 [06:30<02:15,  2.40it/s]
Processing frames:  74%|███████▍  | 933/1258 [06:30<02:14,  2.42it/s]
Processing frames:  74%|███████▍  | 934/1258 [06:31<02:13,  2.43it/s]
Processing frames:  74%|███████▍  | 935/1258 [06:31<02:12,  2.44it/s]
Processing frames:  74%|███████▍  | 936/1258 [06:32<02:13,  2.42it/s]
Processing frames:  74%|███████▍  | 937/1258 [06:32<02:11,  2.44it/s]
Processing frames:  75%|███████▍  | 938/1258 [06:32<02:14,  2.38it/s]
Processing frames:  75%|███████▍  | 939/1258 [06:33<02:12,  2.41it/s]
Processing frames:  75%|███████▍  | 940/1258 [06:33<02:12,  2.40it/s]
Processing frames:  75%|███████▍  | 941/1258 [06:34<02:13,  2.38it/s]
Processing frames:  75%|███████▍  | 942/1258 [06:34<02:10,  2.43it/s]
Processing frames:  75%|███████▍  | 943/1258 [06:34<02:09,  2.44it/s]
Processing frames:  75%|███████▌  | 944/1258 [06:35<02:10,  2.41it/s]
Processing frames:  75%|███████▌  | 945/1258 [06:35<02:08,  2.44it/s]
Processing frames:  75%|███████▌  | 946/1258 [06:36<02:07,  2.45it/s]
Processing frames:  75%|███████▌  | 947/1258 [06:36<02:09,  2.40it/s]
Processing frames:  75%|███████▌  | 948/1258 [06:37<02:10,  2.38it/s]
Processing frames:  75%|███████▌  | 949/1258 [06:37<02:09,  2.39it/s]
Processing frames:  76%|███████▌  | 950/1258 [06:37<02:08,  2.39it/s]
Processing frames:  76%|███████▌  | 951/1258 [06:38<02:08,  2.39it/s]
Processing frames:  76%|███████▌  | 952/1258 [06:39<03:18,  1.54it/s]
Processing frames:  76%|███████▌  | 953/1258 [06:40<03:05,  1.64it/s]
Processing frames:  76%|███████▌  | 954/1258 [06:40<02:47,  1.82it/s]
Processing frames:  76%|███████▌  | 955/1258 [06:40<02:33,  1.97it/s]
Processing frames:  76%|███████▌  | 956/1258 [06:41<02:24,  2.08it/s]
Processing frames:  76%|███████▌  | 957/1258 [06:41<02:17,  2.19it/s]
Processing frames:  76%|███████▌  | 958/1258 [06:42<02:13,  2.25it/s]
Processing frames:  76%|███████▌  | 959/1258 [06:42<02:08,  2.32it/s]
Processing frames:  76%|███████▋  | 960/1258 [06:42<02:06,  2.35it/s]
Processing frames:  76%|███████▋  | 961/1258 [06:43<02:04,  2.39it/s]
Processing frames:  76%|███████▋  | 962/1258 [06:43<02:02,  2.42it/s]
Processing frames:  77%|███████▋  | 963/1258 [06:44<02:00,  2.44it/s]
Processing frames:  77%|███████▋  | 964/1258 [06:44<02:02,  2.39it/s]
Processing frames:  77%|███████▋  | 965/1258 [06:44<02:01,  2.42it/s]
Processing frames:  77%|███████▋  | 966/1258 [06:45<01:59,  2.45it/s]
Processing frames:  77%|███████▋  | 967/1258 [06:45<01:57,  2.47it/s]
Processing frames:  77%|███████▋  | 968/1258 [06:46<01:56,  2.49it/s]
Processing frames:  77%|███████▋  | 969/1258 [06:46<01:55,  2.50it/s]
Processing frames:  77%|███████▋  | 970/1258 [06:46<01:54,  2.52it/s]
Processing frames:  77%|███████▋  | 971/1258 [06:47<01:54,  2.51it/s]
Processing frames:  77%|███████▋  | 972/1258 [06:47<01:53,  2.51it/s]
Processing frames:  77%|███████▋  | 973/1258 [06:48<01:54,  2.49it/s]
Processing frames:  77%|███████▋  | 974/1258 [06:48<01:55,  2.47it/s]
Processing frames:  78%|███████▊  | 975/1258 [06:48<01:57,  2.40it/s]
Processing frames:  78%|███████▊  | 976/1258 [06:49<01:55,  2.43it/s]
Processing frames:  78%|███████▊  | 977/1258 [06:49<01:54,  2.45it/s]
Processing frames:  78%|███████▊  | 978/1258 [06:50<01:55,  2.43it/s]
Processing frames:  78%|███████▊  | 979/1258 [06:50<01:56,  2.40it/s]
Processing frames:  78%|███████▊  | 980/1258 [06:51<01:56,  2.39it/s]
Processing frames:  78%|███████▊  | 981/1258 [06:51<01:54,  2.42it/s]
Processing frames:  78%|███████▊  | 982/1258 [06:51<01:52,  2.46it/s]
Processing frames:  78%|███████▊  | 983/1258 [06:52<02:00,  2.29it/s]
Processing frames:  78%|███████▊  | 984/1258 [06:52<01:57,  2.33it/s]
Processing frames:  78%|███████▊  | 985/1258 [06:53<01:54,  2.38it/s]
Processing frames:  78%|███████▊  | 986/1258 [06:53<01:53,  2.41it/s]
Processing frames:  78%|███████▊  | 987/1258 [06:53<01:51,  2.43it/s]
Processing frames:  79%|███████▊  | 988/1258 [06:54<02:02,  2.21it/s]
Processing frames:  79%|███████▊  | 989/1258 [06:54<01:59,  2.25it/s]
Processing frames:  79%|███████▊  | 990/1258 [06:55<01:57,  2.29it/s]
Processing frames:  79%|███████▉  | 991/1258 [06:55<01:54,  2.33it/s]
Processing frames:  79%|███████▉  | 992/1258 [06:56<01:51,  2.39it/s]
Processing frames:  79%|███████▉  | 993/1258 [06:56<01:48,  2.43it/s]
Processing frames:  79%|███████▉  | 994/1258 [06:56<01:48,  2.44it/s]
Processing frames:  79%|███████▉  | 995/1258 [06:57<01:48,  2.42it/s]
Processing frames:  79%|███████▉  | 996/1258 [06:57<01:47,  2.45it/s]
Processing frames:  79%|███████▉  | 997/1258 [06:58<01:46,  2.45it/s]
Processing frames:  79%|███████▉  | 998/1258 [06:58<01:45,  2.45it/s]
Processing frames:  79%|███████▉  | 999/1258 [06:59<01:44,  2.47it/s]
Processing frames:  79%|███████▉  | 1000/1258 [06:59<01:44,  2.47it/s]
Processing frames:  80%|███████▉  | 1001/1258 [06:59<01:44,  2.46it/s]
Processing frames:  80%|███████▉  | 1002/1258 [07:00<01:44,  2.44it/s]
Processing frames:  80%|███████▉  | 1003/1258 [07:00<01:43,  2.45it/s]
Processing frames:  80%|███████▉  | 1004/1258 [07:01<01:46,  2.39it/s]
Processing frames:  80%|███████▉  | 1005/1258 [07:01<01:45,  2.41it/s]
Processing frames:  80%|███████▉  | 1006/1258 [07:01<01:44,  2.41it/s]
Processing frames:  80%|████████  | 1007/1258 [07:02<01:42,  2.44it/s]
Processing frames:  80%|████████  | 1008/1258 [07:02<01:42,  2.44it/s]
Processing frames:  80%|████████  | 1009/1258 [07:03<01:42,  2.42it/s]
Processing frames:  80%|████████  | 1010/1258 [07:03<01:43,  2.41it/s]
Processing frames:  80%|████████  | 1011/1258 [07:03<01:43,  2.38it/s]
Processing frames:  80%|████████  | 1012/1258 [07:04<01:42,  2.41it/s]
Processing frames:  81%|████████  | 1013/1258 [07:04<01:44,  2.34it/s]
Processing frames:  81%|████████  | 1014/1258 [07:05<01:42,  2.38it/s]
Processing frames:  81%|████████  | 1015/1258 [07:05<01:42,  2.37it/s]
Processing frames:  81%|████████  | 1016/1258 [07:06<01:41,  2.40it/s]
Processing frames:  81%|████████  | 1017/1258 [07:06<01:39,  2.41it/s]
Processing frames:  81%|████████  | 1018/1258 [07:06<01:38,  2.44it/s]
Processing frames:  81%|████████  | 1019/1258 [07:07<01:37,  2.45it/s]
Processing frames:  81%|████████  | 1020/1258 [07:07<01:37,  2.45it/s]
Processing frames:  81%|████████  | 1021/1258 [07:08<01:35,  2.48it/s]
Processing frames:  81%|████████  | 1022/1258 [07:08<01:34,  2.49it/s]
Processing frames:  81%|████████▏ | 1023/1258 [07:08<01:34,  2.50it/s]
Processing frames:  81%|████████▏ | 1024/1258 [07:09<01:38,  2.38it/s]
Processing frames:  81%|████████▏ | 1025/1258 [07:09<01:36,  2.41it/s]
Processing frames:  82%|████████▏ | 1026/1258 [07:10<01:35,  2.44it/s]
Processing frames:  82%|████████▏ | 1027/1258 [07:10<01:36,  2.40it/s]
Processing frames:  82%|████████▏ | 1028/1258 [07:11<01:36,  2.39it/s]
Processing frames:  82%|████████▏ | 1029/1258 [07:12<02:23,  1.59it/s]
Processing frames:  82%|████████▏ | 1030/1258 [07:12<02:09,  1.76it/s]
Processing frames:  82%|████████▏ | 1031/1258 [07:12<01:57,  1.93it/s]
Processing frames:  82%|████████▏ | 1032/1258 [07:13<01:50,  2.05it/s]
Processing frames:  82%|████████▏ | 1033/1258 [07:13<01:43,  2.16it/s]
Processing frames:  82%|████████▏ | 1034/1258 [07:14<01:38,  2.26it/s]
Processing frames:  82%|████████▏ | 1035/1258 [07:14<01:36,  2.31it/s]
Processing frames:  82%|████████▏ | 1036/1258 [07:14<01:34,  2.36it/s]
Processing frames:  82%|████████▏ | 1037/1258 [07:15<01:32,  2.39it/s]
Processing frames:  83%|████████▎ | 1038/1258 [07:15<01:30,  2.43it/s]
Processing frames:  83%|████████▎ | 1039/1258 [07:16<01:33,  2.35it/s]
Processing frames:  83%|████████▎ | 1040/1258 [07:16<01:32,  2.36it/s]
Processing frames:  83%|████████▎ | 1041/1258 [07:17<01:30,  2.40it/s]
Processing frames:  83%|████████▎ | 1042/1258 [07:17<01:29,  2.40it/s]
Processing frames:  83%|████████▎ | 1043/1258 [07:17<01:28,  2.43it/s]
Processing frames:  83%|████████▎ | 1044/1258 [07:18<01:27,  2.46it/s]
Processing frames:  83%|████████▎ | 1045/1258 [07:18<01:26,  2.45it/s]
Processing frames:  83%|████████▎ | 1046/1258 [07:19<01:26,  2.44it/s]
Processing frames:  83%|████████▎ | 1047/1258 [07:19<01:25,  2.47it/s]
Processing frames:  83%|████████▎ | 1048/1258 [07:19<01:26,  2.44it/s]
Processing frames:  83%|████████▎ | 1049/1258 [07:20<01:26,  2.42it/s]
Processing frames:  83%|████████▎ | 1050/1258 [07:20<01:27,  2.39it/s]
Processing frames:  84%|████████▎ | 1051/1258 [07:21<01:26,  2.41it/s]
Processing frames:  84%|████████▎ | 1052/1258 [07:21<01:24,  2.43it/s]
Processing frames:  84%|████████▎ | 1053/1258 [07:21<01:24,  2.42it/s]
Processing frames:  84%|████████▍ | 1054/1258 [07:22<01:23,  2.45it/s]
Processing frames:  84%|████████▍ | 1055/1258 [07:22<01:23,  2.44it/s]
Processing frames:  84%|████████▍ | 1056/1258 [07:23<01:23,  2.42it/s]
Processing frames:  84%|████████▍ | 1057/1258 [07:23<01:23,  2.42it/s]
Processing frames:  84%|████████▍ | 1058/1258 [07:24<01:22,  2.44it/s]
Processing frames:  84%|████████▍ | 1059/1258 [07:24<01:21,  2.45it/s]
Processing frames:  84%|████████▍ | 1060/1258 [07:24<01:20,  2.46it/s]
Processing frames:  84%|████████▍ | 1061/1258 [07:25<01:20,  2.44it/s]
Processing frames:  84%|████████▍ | 1062/1258 [07:25<01:21,  2.40it/s]
Processing frames:  84%|████████▍ | 1063/1258 [07:26<01:22,  2.36it/s]
Processing frames:  85%|████████▍ | 1064/1258 [07:26<01:20,  2.40it/s]
Processing frames:  85%|████████▍ | 1065/1258 [07:26<01:19,  2.42it/s]
Processing frames:  85%|████████▍ | 1066/1258 [07:27<01:19,  2.42it/s]
Processing frames:  85%|████████▍ | 1067/1258 [07:27<01:18,  2.45it/s]
Processing frames:  85%|████████▍ | 1068/1258 [07:28<01:17,  2.45it/s]
Processing frames:  85%|████████▍ | 1069/1258 [07:28<01:17,  2.43it/s]
Processing frames:  85%|████████▌ | 1070/1258 [07:29<01:18,  2.40it/s]
Processing frames:  85%|████████▌ | 1071/1258 [07:29<01:16,  2.44it/s]
Processing frames:  85%|████████▌ | 1072/1258 [07:29<01:16,  2.44it/s]
Processing frames:  85%|████████▌ | 1073/1258 [07:30<01:19,  2.33it/s]
Processing frames:  85%|████████▌ | 1074/1258 [07:30<01:19,  2.32it/s]
Processing frames:  85%|████████▌ | 1075/1258 [07:31<01:18,  2.33it/s]
Processing frames:  86%|████████▌ | 1076/1258 [07:31<01:18,  2.32it/s]
Processing frames:  86%|████████▌ | 1077/1258 [07:32<01:17,  2.33it/s]
Processing frames:  86%|████████▌ | 1078/1258 [07:32<01:17,  2.32it/s]
Processing frames:  86%|████████▌ | 1079/1258 [07:32<01:16,  2.33it/s]
Processing frames:  86%|████████▌ | 1080/1258 [07:33<01:15,  2.35it/s]
Processing frames:  86%|████████▌ | 1081/1258 [07:33<01:16,  2.31it/s]
Processing frames:  86%|████████▌ | 1082/1258 [07:34<01:15,  2.33it/s]
Processing frames:  86%|████████▌ | 1083/1258 [07:34<01:15,  2.33it/s]
Processing frames:  86%|████████▌ | 1084/1258 [07:35<01:14,  2.33it/s]
Processing frames:  86%|████████▌ | 1085/1258 [07:35<01:14,  2.31it/s]
Processing frames:  86%|████████▋ | 1086/1258 [07:35<01:13,  2.33it/s]
Processing frames:  86%|████████▋ | 1087/1258 [07:36<01:12,  2.37it/s]
Processing frames:  86%|████████▋ | 1088/1258 [07:36<01:11,  2.37it/s]
Processing frames:  87%|████████▋ | 1089/1258 [07:37<01:10,  2.38it/s]
Processing frames:  87%|████████▋ | 1090/1258 [07:37<01:09,  2.41it/s]
Processing frames:  87%|████████▋ | 1091/1258 [07:37<01:08,  2.43it/s]
Processing frames:  87%|████████▋ | 1092/1258 [07:38<01:07,  2.45it/s]
Processing frames:  87%|████████▋ | 1093/1258 [07:38<01:06,  2.47it/s]
Processing frames:  87%|████████▋ | 1094/1258 [07:39<01:08,  2.38it/s]
Processing frames:  87%|████████▋ | 1095/1258 [07:39<01:07,  2.41it/s]
Processing frames:  87%|████████▋ | 1096/1258 [07:39<01:06,  2.45it/s]
Processing frames:  87%|████████▋ | 1097/1258 [07:40<01:05,  2.45it/s]
Processing frames:  87%|████████▋ | 1098/1258 [07:40<01:05,  2.46it/s]
Processing frames:  87%|████████▋ | 1099/1258 [07:41<01:04,  2.45it/s]
Processing frames:  87%|████████▋ | 1100/1258 [07:41<01:04,  2.46it/s]
Processing frames:  88%|████████▊ | 1101/1258 [07:42<01:03,  2.47it/s]
Processing frames:  88%|████████▊ | 1102/1258 [07:42<01:04,  2.42it/s]
Processing frames:  88%|████████▊ | 1103/1258 [07:42<01:03,  2.42it/s]
Processing frames:  88%|████████▊ | 1104/1258 [07:43<01:03,  2.43it/s]
Processing frames:  88%|████████▊ | 1105/1258 [07:43<01:03,  2.42it/s]
Processing frames:  88%|████████▊ | 1106/1258 [07:44<01:01,  2.45it/s]
Processing frames:  88%|████████▊ | 1107/1258 [07:44<01:01,  2.46it/s]
Processing frames:  88%|████████▊ | 1108/1258 [07:44<01:00,  2.47it/s]
Processing frames:  88%|████████▊ | 1109/1258 [07:45<01:00,  2.48it/s]
Processing frames:  88%|████████▊ | 1110/1258 [07:45<00:59,  2.47it/s]
Processing frames:  88%|████████▊ | 1111/1258 [07:46<00:58,  2.50it/s]
Processing frames:  88%|████████▊ | 1112/1258 [07:46<00:59,  2.46it/s]
Processing frames:  88%|████████▊ | 1113/1258 [07:46<00:58,  2.46it/s]
Processing frames:  89%|████████▊ | 1114/1258 [07:47<00:58,  2.47it/s]
Processing frames:  89%|████████▊ | 1115/1258 [07:47<00:57,  2.48it/s]
Processing frames:  89%|████████▊ | 1116/1258 [07:48<00:56,  2.49it/s]
Processing frames:  89%|████████▉ | 1117/1258 [07:48<00:56,  2.50it/s]
Processing frames:  89%|████████▉ | 1118/1258 [07:48<00:56,  2.49it/s]
Processing frames:  89%|████████▉ | 1119/1258 [07:49<00:55,  2.50it/s]
Processing frames:  89%|████████▉ | 1120/1258 [07:49<00:55,  2.48it/s]
Processing frames:  89%|████████▉ | 1121/1258 [07:50<00:56,  2.43it/s]
Processing frames:  89%|████████▉ | 1122/1258 [07:50<00:55,  2.45it/s]
Processing frames:  89%|████████▉ | 1123/1258 [07:50<00:54,  2.46it/s]
Processing frames:  89%|████████▉ | 1124/1258 [07:51<00:55,  2.44it/s]
Processing frames:  89%|████████▉ | 1125/1258 [07:51<00:54,  2.45it/s]
Processing frames:  90%|████████▉ | 1126/1258 [07:52<00:53,  2.47it/s]
Processing frames:  90%|████████▉ | 1127/1258 [07:52<00:53,  2.44it/s]
Processing frames:  90%|████████▉ | 1128/1258 [07:52<00:52,  2.45it/s]
Processing frames:  90%|████████▉ | 1129/1258 [07:53<00:52,  2.46it/s]
Processing frames:  90%|████████▉ | 1130/1258 [07:53<00:52,  2.45it/s]
Processing frames:  90%|████████▉ | 1131/1258 [07:54<00:52,  2.43it/s]
Processing frames:  90%|████████▉ | 1132/1258 [07:54<00:51,  2.44it/s]
Processing frames:  90%|█████████ | 1133/1258 [07:55<00:51,  2.41it/s]
Processing frames:  90%|█████████ | 1134/1258 [07:55<00:51,  2.43it/s]
Processing frames:  90%|█████████ | 1135/1258 [07:55<00:54,  2.28it/s]
Processing frames:  90%|█████████ | 1136/1258 [07:56<00:52,  2.31it/s]
Processing frames:  90%|█████████ | 1137/1258 [07:56<00:51,  2.34it/s]
Processing frames:  90%|█████████ | 1138/1258 [07:57<00:50,  2.37it/s]
Processing frames:  91%|█████████ | 1139/1258 [07:57<00:49,  2.40it/s]
Processing frames:  91%|█████████ | 1140/1258 [07:58<00:48,  2.41it/s]
Processing frames:  91%|█████████ | 1141/1258 [07:58<00:48,  2.40it/s]
Processing frames:  91%|█████████ | 1142/1258 [07:58<00:48,  2.40it/s]
Processing frames:  91%|█████████ | 1143/1258 [07:59<00:47,  2.40it/s]
Processing frames:  91%|█████████ | 1144/1258 [07:59<00:46,  2.43it/s]
Processing frames:  91%|█████████ | 1145/1258 [08:00<00:46,  2.43it/s]
Processing frames:  91%|█████████ | 1146/1258 [08:00<00:45,  2.45it/s]
Processing frames:  91%|█████████ | 1147/1258 [08:00<00:44,  2.47it/s]
Processing frames:  91%|█████████▏| 1148/1258 [08:01<00:46,  2.39it/s]
Processing frames:  91%|█████████▏| 1149/1258 [08:01<00:45,  2.41it/s]
Processing frames:  91%|█████████▏| 1150/1258 [08:02<00:44,  2.43it/s]
Processing frames:  91%|█████████▏| 1151/1258 [08:02<00:43,  2.45it/s]
Processing frames:  92%|█████████▏| 1152/1258 [08:02<00:42,  2.47it/s]
Processing frames:  92%|█████████▏| 1153/1258 [08:03<00:42,  2.48it/s]
Processing frames:  92%|█████████▏| 1154/1258 [08:03<00:42,  2.46it/s]
Processing frames:  92%|█████████▏| 1155/1258 [08:04<00:41,  2.48it/s]
Processing frames:  92%|█████████▏| 1156/1258 [08:04<00:41,  2.45it/s]
Processing frames:  92%|█████████▏| 1157/1258 [08:04<00:41,  2.46it/s]
Processing frames:  92%|█████████▏| 1158/1258 [08:05<00:41,  2.42it/s]
Processing frames:  92%|█████████▏| 1159/1258 [08:05<00:41,  2.41it/s]
Processing frames:  92%|█████████▏| 1160/1258 [08:06<00:40,  2.41it/s]
Processing frames:  92%|█████████▏| 1161/1258 [08:06<00:40,  2.42it/s]
Processing frames:  92%|█████████▏| 1162/1258 [08:07<00:39,  2.45it/s]
Processing frames:  92%|█████████▏| 1163/1258 [08:07<00:38,  2.45it/s]
Processing frames:  93%|█████████▎| 1164/1258 [08:07<00:37,  2.47it/s]
Processing frames:  93%|█████████▎| 1165/1258 [08:08<00:37,  2.49it/s]
Processing frames:  93%|█████████▎| 1166/1258 [08:08<00:37,  2.47it/s]
Processing frames:  93%|█████████▎| 1167/1258 [08:09<00:37,  2.44it/s]
Processing frames:  93%|█████████▎| 1168/1258 [08:09<00:36,  2.44it/s]
Processing frames:  93%|█████████▎| 1169/1258 [08:09<00:37,  2.40it/s]
Processing frames:  93%|█████████▎| 1170/1258 [08:10<00:37,  2.37it/s]
Processing frames:  93%|█████████▎| 1171/1258 [08:10<00:36,  2.40it/s]
Processing frames:  93%|█████████▎| 1172/1258 [08:11<00:35,  2.44it/s]
Processing frames:  93%|█████████▎| 1173/1258 [08:11<00:34,  2.45it/s]
Processing frames:  93%|█████████▎| 1174/1258 [08:11<00:34,  2.42it/s]
Processing frames:  93%|█████████▎| 1175/1258 [08:12<00:33,  2.45it/s]
Processing frames:  93%|█████████▎| 1176/1258 [08:12<00:34,  2.41it/s]
Processing frames:  94%|█████████▎| 1177/1258 [08:13<00:33,  2.41it/s]
Processing frames:  94%|█████████▎| 1178/1258 [08:13<00:33,  2.42it/s]
Processing frames:  94%|█████████▎| 1179/1258 [08:14<00:34,  2.31it/s]
Processing frames:  94%|█████████▍| 1180/1258 [08:14<00:33,  2.32it/s]
Processing frames:  94%|█████████▍| 1181/1258 [08:14<00:33,  2.33it/s]
Processing frames:  94%|█████████▍| 1182/1258 [08:15<00:32,  2.32it/s]
Processing frames:  94%|█████████▍| 1183/1258 [08:15<00:31,  2.38it/s]
Processing frames:  94%|█████████▍| 1184/1258 [08:16<00:30,  2.40it/s]
Processing frames:  94%|█████████▍| 1185/1258 [08:16<00:30,  2.41it/s]
Processing frames:  94%|█████████▍| 1186/1258 [08:17<00:30,  2.40it/s]
Processing frames:  94%|█████████▍| 1187/1258 [08:17<00:29,  2.38it/s]
Processing frames:  94%|█████████▍| 1188/1258 [08:17<00:29,  2.40it/s]
Processing frames:  95%|█████████▍| 1189/1258 [08:18<00:28,  2.41it/s]
Processing frames:  95%|█████████▍| 1190/1258 [08:18<00:28,  2.42it/s]
Processing frames:  95%|█████████▍| 1191/1258 [08:19<00:27,  2.43it/s]
Processing frames:  95%|█████████▍| 1192/1258 [08:19<00:27,  2.40it/s]
Processing frames:  95%|█████████▍| 1193/1258 [08:19<00:27,  2.34it/s]
Processing frames:  95%|█████████▍| 1194/1258 [08:20<00:27,  2.33it/s]
Processing frames:  95%|█████████▍| 1195/1258 [08:20<00:27,  2.32it/s]
Processing frames:  95%|█████████▌| 1196/1258 [08:21<00:26,  2.36it/s]
Processing frames:  95%|█████████▌| 1197/1258 [08:21<00:25,  2.39it/s]
Processing frames:  95%|█████████▌| 1198/1258 [08:22<00:28,  2.10it/s]
Processing frames:  95%|█████████▌| 1199/1258 [08:22<00:27,  2.14it/s]
Processing frames:  95%|█████████▌| 1200/1258 [08:23<00:26,  2.22it/s]
Processing frames:  95%|█████████▌| 1201/1258 [08:23<00:25,  2.25it/s]
Processing frames:  96%|█████████▌| 1202/1258 [08:23<00:24,  2.29it/s]
Processing frames:  96%|█████████▌| 1203/1258 [08:24<00:23,  2.30it/s]
Processing frames:  96%|█████████▌| 1204/1258 [08:24<00:22,  2.35it/s]
Processing frames:  96%|█████████▌| 1205/1258 [08:25<00:22,  2.37it/s]
Processing frames:  96%|█████████▌| 1206/1258 [08:25<00:25,  2.07it/s]
Processing frames:  96%|█████████▌| 1207/1258 [08:26<00:23,  2.16it/s]
Processing frames:  96%|█████████▌| 1208/1258 [08:26<00:22,  2.25it/s]
Processing frames:  96%|█████████▌| 1209/1258 [08:27<00:21,  2.24it/s]
Processing frames:  96%|█████████▌| 1210/1258 [08:27<00:20,  2.30it/s]
Processing frames:  96%|█████████▋| 1211/1258 [08:27<00:20,  2.33it/s]
Processing frames:  96%|█████████▋| 1212/1258 [08:28<00:19,  2.36it/s]
Processing frames:  96%|█████████▋| 1213/1258 [08:28<00:18,  2.40it/s]
Processing frames:  97%|█████████▋| 1214/1258 [08:29<00:18,  2.42it/s]
Processing frames:  97%|█████████▋| 1215/1258 [08:29<00:17,  2.43it/s]
Processing frames:  97%|█████████▋| 1216/1258 [08:29<00:17,  2.40it/s]
Processing frames:  97%|█████████▋| 1217/1258 [08:30<00:17,  2.41it/s]
Processing frames:  97%|█████████▋| 1218/1258 [08:30<00:16,  2.40it/s]
Processing frames:  97%|█████████▋| 1219/1258 [08:31<00:15,  2.45it/s]
Processing frames:  97%|█████████▋| 1220/1258 [08:31<00:15,  2.40it/s]
Processing frames:  97%|█████████▋| 1221/1258 [08:32<00:15,  2.42it/s]
Processing frames:  97%|█████████▋| 1222/1258 [08:32<00:14,  2.45it/s]
Processing frames:  97%|█████████▋| 1223/1258 [08:32<00:14,  2.48it/s]
Processing frames:  97%|█████████▋| 1224/1258 [08:33<00:13,  2.44it/s]
Processing frames:  97%|█████████▋| 1225/1258 [08:33<00:13,  2.45it/s]
Processing frames:  97%|█████████▋| 1226/1258 [08:34<00:13,  2.44it/s]
Processing frames:  98%|█████████▊| 1227/1258 [08:34<00:12,  2.47it/s]
Processing frames:  98%|█████████▊| 1228/1258 [08:34<00:12,  2.49it/s]
Processing frames:  98%|█████████▊| 1229/1258 [08:35<00:11,  2.44it/s]
Processing frames:  98%|█████████▊| 1230/1258 [08:35<00:11,  2.44it/s]
Processing frames:  98%|█████████▊| 1231/1258 [08:36<00:11,  2.43it/s]
Processing frames:  98%|█████████▊| 1232/1258 [08:36<00:10,  2.43it/s]
Processing frames:  98%|█████████▊| 1233/1258 [08:36<00:10,  2.41it/s]
Processing frames:  98%|█████████▊| 1234/1258 [08:37<00:10,  2.39it/s]
Processing frames:  98%|█████████▊| 1235/1258 [08:37<00:09,  2.43it/s]
Processing frames:  98%|█████████▊| 1236/1258 [08:38<00:08,  2.46it/s]
Processing frames:  98%|█████████▊| 1237/1258 [08:38<00:08,  2.49it/s]
Processing frames:  98%|█████████▊| 1238/1258 [08:38<00:08,  2.47it/s]
Processing frames:  98%|█████████▊| 1239/1258 [08:39<00:07,  2.47it/s]
Processing frames:  99%|█████████▊| 1240/1258 [08:39<00:07,  2.44it/s]
Processing frames:  99%|█████████▊| 1241/1258 [08:40<00:06,  2.45it/s]
Processing frames:  99%|█████████▊| 1242/1258 [08:40<00:06,  2.43it/s]
Processing frames:  99%|█████████▉| 1243/1258 [08:41<00:06,  2.40it/s]
Processing frames:  99%|█████████▉| 1244/1258 [08:41<00:05,  2.41it/s]
Processing frames:  99%|█████████▉| 1245/1258 [08:41<00:05,  2.43it/s]
Processing frames:  99%|█████████▉| 1246/1258 [08:42<00:04,  2.46it/s]
Processing frames:  99%|█████████▉| 1247/1258 [08:42<00:04,  2.46it/s]
Processing frames:  99%|█████████▉| 1248/1258 [08:43<00:04,  2.11it/s]
Processing frames:  99%|█████████▉| 1249/1258 [08:43<00:04,  2.21it/s]
Processing frames:  99%|█████████▉| 1250/1258 [08:44<00:03,  2.25it/s]
Processing frames:  99%|█████████▉| 1251/1258 [08:44<00:03,  2.28it/s]
Processing frames: 100%|█████████▉| 1252/1258 [08:44<00:02,  2.33it/s]
Processing frames: 100%|█████████▉| 1253/1258 [08:45<00:02,  2.34it/s]
Processing frames: 100%|█████████▉| 1254/1258 [08:45<00:01,  2.38it/s]
Processing frames: 100%|█████████▉| 1255/1258 [08:46<00:01,  2.43it/s]
Processing frames: 100%|█████████▉| 1256/1258 [08:46<00:00,  2.45it/s]
Processing frames: 100%|█████████▉| 1257/1258 [08:46<00:00,  2.46it/s]
Processing frames: 100%|██████████| 1258/1258 [08:47<00:00,  2.45it/s]
Processing frames: 100%|██████████| 1258/1258 [08:47<00:00,  2.39it/s]

Processing frames:   0%|          | 0/157 [00:00<?, ?it/s]
Processing frames:   1%|          | 1/157 [00:00<01:44,  1.50it/s]
Processing frames:   1%|▏         | 2/157 [00:01<01:22,  1.88it/s]
Processing frames:   2%|▏         | 3/157 [00:01<01:14,  2.08it/s]
Processing frames:   3%|▎         | 4/157 [00:01<01:11,  2.14it/s]
Processing frames:   3%|▎         | 5/157 [00:02<01:08,  2.23it/s]
Processing frames:   4%|▍         | 6/157 [00:02<01:06,  2.26it/s]
Processing frames:   4%|▍         | 7/157 [00:03<01:05,  2.28it/s]
Processing frames:   5%|▌         | 8/157 [00:03<01:04,  2.30it/s]
Processing frames:   6%|▌         | 9/157 [00:04<01:04,  2.31it/s]
Processing frames:   6%|▋         | 10/157 [00:04<01:03,  2.32it/s]
Processing frames:   7%|▋         | 11/157 [00:04<01:02,  2.32it/s]
Processing frames:   8%|▊         | 12/157 [00:05<01:01,  2.35it/s]
Processing frames:   8%|▊         | 13/157 [00:05<01:00,  2.39it/s]
Processing frames:   9%|▉         | 14/157 [00:06<00:59,  2.42it/s]
Processing frames:  10%|▉         | 15/157 [00:06<00:58,  2.42it/s]
Processing frames:  10%|█         | 16/157 [00:07<00:58,  2.42it/s]
Processing frames:  11%|█         | 17/157 [00:07<00:58,  2.41it/s]
Processing frames:  11%|█▏        | 18/157 [00:07<00:57,  2.40it/s]
Processing frames:  12%|█▏        | 19/157 [00:08<00:56,  2.43it/s]
Processing frames:  13%|█▎        | 20/157 [00:08<00:55,  2.45it/s]
Processing frames:  13%|█▎        | 21/157 [00:09<00:55,  2.47it/s]
Processing frames:  14%|█▍        | 22/157 [00:09<00:54,  2.47it/s]
Processing frames:  15%|█▍        | 23/157 [00:09<00:54,  2.46it/s]
Processing frames:  15%|█▌        | 24/157 [00:10<00:53,  2.47it/s]
Processing frames:  16%|█▌        | 25/157 [00:10<00:53,  2.48it/s]
Processing frames:  17%|█▋        | 26/157 [00:11<00:53,  2.45it/s]
Processing frames:  17%|█▋        | 27/157 [00:11<00:54,  2.39it/s]
Processing frames:  18%|█▊        | 28/157 [00:11<00:53,  2.42it/s]
Processing frames:  18%|█▊        | 29/157 [00:12<00:53,  2.39it/s]
Processing frames:  19%|█▉        | 30/157 [00:12<00:52,  2.43it/s]
Processing frames:  20%|█▉        | 31/157 [00:13<00:51,  2.45it/s]
Processing frames:  20%|██        | 32/157 [00:13<00:50,  2.47it/s]
Processing frames:  21%|██        | 33/157 [00:13<00:49,  2.51it/s]
Processing frames:  22%|██▏       | 34/157 [00:14<00:49,  2.49it/s]
Processing frames:  22%|██▏       | 35/157 [00:14<00:49,  2.45it/s]
Processing frames:  23%|██▎       | 36/157 [00:15<00:49,  2.44it/s]
Processing frames:  24%|██▎       | 37/157 [00:15<00:48,  2.47it/s]
Processing frames:  24%|██▍       | 38/157 [00:15<00:48,  2.45it/s]
Processing frames:  25%|██▍       | 39/157 [00:16<00:47,  2.47it/s]
Processing frames:  25%|██▌       | 40/157 [00:16<00:46,  2.50it/s]
Processing frames:  26%|██▌       | 41/157 [00:17<00:46,  2.51it/s]
Processing frames:  27%|██▋       | 42/157 [00:17<00:46,  2.48it/s]
Processing frames:  27%|██▋       | 43/157 [00:17<00:45,  2.48it/s]
Processing frames:  28%|██▊       | 44/157 [00:18<00:45,  2.49it/s]
Processing frames:  29%|██▊       | 45/157 [00:18<00:44,  2.51it/s]
Processing frames:  29%|██▉       | 46/157 [00:19<00:45,  2.45it/s]
Processing frames:  30%|██▉       | 47/157 [00:19<00:44,  2.48it/s]
Processing frames:  31%|███       | 48/157 [00:19<00:43,  2.49it/s]
Processing frames:  31%|███       | 49/157 [00:20<00:43,  2.50it/s]
Processing frames:  32%|███▏      | 50/157 [00:20<00:43,  2.49it/s]
Processing frames:  32%|███▏      | 51/157 [00:21<00:42,  2.51it/s]
Processing frames:  33%|███▎      | 52/157 [00:21<00:42,  2.49it/s]
Processing frames:  34%|███▍      | 53/157 [00:22<00:42,  2.47it/s]
Processing frames:  34%|███▍      | 54/157 [00:22<00:41,  2.50it/s]
Processing frames:  35%|███▌      | 55/157 [00:22<00:40,  2.50it/s]
Processing frames:  36%|███▌      | 56/157 [00:23<00:40,  2.51it/s]
Processing frames:  36%|███▋      | 57/157 [00:23<00:40,  2.48it/s]
Processing frames:  37%|███▋      | 58/157 [00:24<00:40,  2.46it/s]
Processing frames:  38%|███▊      | 59/157 [00:24<00:39,  2.46it/s]
Processing frames:  38%|███▊      | 60/157 [00:24<00:39,  2.48it/s]
Processing frames:  39%|███▉      | 61/157 [00:25<00:38,  2.47it/s]
Processing frames:  39%|███▉      | 62/157 [00:25<00:38,  2.48it/s]
Processing frames:  40%|████      | 63/157 [00:26<00:38,  2.46it/s]
Processing frames:  41%|████      | 64/157 [00:26<00:37,  2.48it/s]
Processing frames:  41%|████▏     | 65/157 [00:26<00:36,  2.49it/s]
Processing frames:  42%|████▏     | 66/157 [00:27<00:36,  2.50it/s]
Processing frames:  43%|████▎     | 67/157 [00:27<00:36,  2.46it/s]
Processing frames:  43%|████▎     | 68/157 [00:28<00:36,  2.43it/s]
Processing frames:  44%|████▍     | 69/157 [00:28<00:36,  2.43it/s]
Processing frames:  45%|████▍     | 70/157 [00:28<00:35,  2.43it/s]
Processing frames:  45%|████▌     | 71/157 [00:29<00:34,  2.47it/s]
Processing frames:  46%|████▌     | 72/157 [00:29<00:34,  2.48it/s]
Processing frames:  46%|████▋     | 73/157 [00:30<00:33,  2.49it/s]
Processing frames:  47%|████▋     | 74/157 [00:30<00:34,  2.40it/s]
Processing frames:  48%|████▊     | 75/157 [00:30<00:33,  2.42it/s]
Processing frames:  48%|████▊     | 76/157 [00:31<00:33,  2.45it/s]
Processing frames:  49%|████▉     | 77/157 [00:31<00:32,  2.47it/s]
Processing frames:  50%|████▉     | 78/157 [00:32<00:31,  2.48it/s]
Processing frames:  50%|█████     | 79/157 [00:32<00:31,  2.49it/s]
Processing frames:  51%|█████     | 80/157 [00:32<00:31,  2.44it/s]
Processing frames:  52%|█████▏    | 81/157 [00:33<00:31,  2.42it/s]
Processing frames:  52%|█████▏    | 82/157 [00:33<00:30,  2.45it/s]
Processing frames:  53%|█████▎    | 83/157 [00:34<00:29,  2.48it/s]
Processing frames:  54%|█████▎    | 84/157 [00:34<00:29,  2.51it/s]
Processing frames:  54%|█████▍    | 85/157 [00:34<00:28,  2.51it/s]
Processing frames:  55%|█████▍    | 86/157 [00:35<00:28,  2.53it/s]
Processing frames:  55%|█████▌    | 87/157 [00:35<00:27,  2.54it/s]
Processing frames:  56%|█████▌    | 88/157 [00:36<00:27,  2.54it/s]
Processing frames:  57%|█████▋    | 89/157 [00:36<00:26,  2.56it/s]
Processing frames:  57%|█████▋    | 90/157 [00:36<00:26,  2.57it/s]
Processing frames:  58%|█████▊    | 91/157 [00:37<00:26,  2.51it/s]
Processing frames:  59%|█████▊    | 92/157 [00:37<00:26,  2.48it/s]
Processing frames:  59%|█████▉    | 93/157 [00:38<00:25,  2.49it/s]
Processing frames:  60%|█████▉    | 94/157 [00:38<00:25,  2.49it/s]
Processing frames:  61%|██████    | 95/157 [00:38<00:24,  2.49it/s]
Processing frames:  61%|██████    | 96/157 [00:39<00:24,  2.48it/s]
Processing frames:  62%|██████▏   | 97/157 [00:39<00:24,  2.47it/s]
Processing frames:  62%|██████▏   | 98/157 [00:40<00:23,  2.50it/s]
Processing frames:  63%|██████▎   | 99/157 [00:40<00:23,  2.49it/s]
Processing frames:  64%|██████▎   | 100/157 [00:40<00:23,  2.45it/s]
Processing frames:  64%|██████▍   | 101/157 [00:41<00:22,  2.49it/s]
Processing frames:  65%|██████▍   | 102/157 [00:41<00:22,  2.48it/s]
Processing frames:  66%|██████▌   | 103/157 [00:42<00:22,  2.39it/s]
Processing frames:  66%|██████▌   | 104/157 [00:42<00:22,  2.39it/s]
Processing frames:  67%|██████▋   | 105/157 [00:43<00:21,  2.42it/s]
Processing frames:  68%|██████▊   | 106/157 [00:43<00:21,  2.36it/s]
Processing frames:  68%|██████▊   | 107/157 [00:43<00:20,  2.40it/s]
Processing frames:  69%|██████▉   | 108/157 [00:44<00:20,  2.39it/s]
Processing frames:  69%|██████▉   | 109/157 [00:44<00:20,  2.39it/s]
Processing frames:  70%|███████   | 110/157 [00:45<00:19,  2.41it/s]
Processing frames:  71%|███████   | 111/157 [00:45<00:19,  2.40it/s]
Processing frames:  71%|███████▏  | 112/157 [00:45<00:18,  2.38it/s]
Processing frames:  72%|███████▏  | 113/157 [00:46<00:18,  2.37it/s]
Processing frames:  73%|███████▎  | 114/157 [00:46<00:17,  2.39it/s]
Processing frames:  73%|███████▎  | 115/157 [00:47<00:17,  2.40it/s]
Processing frames:  74%|███████▍  | 116/157 [00:47<00:16,  2.44it/s]
Processing frames:  75%|███████▍  | 117/157 [00:48<00:16,  2.45it/s]
Processing frames:  75%|███████▌  | 118/157 [00:48<00:15,  2.45it/s]
Processing frames:  76%|███████▌  | 119/157 [00:48<00:15,  2.44it/s]
Processing frames:  76%|███████▋  | 120/157 [00:49<00:15,  2.44it/s]
Processing frames:  77%|███████▋  | 121/157 [00:49<00:14,  2.45it/s]
Processing frames:  78%|███████▊  | 122/157 [00:50<00:14,  2.44it/s]
Processing frames:  78%|███████▊  | 123/157 [00:50<00:13,  2.44it/s]
Processing frames:  79%|███████▉  | 124/157 [00:50<00:13,  2.42it/s]
Processing frames:  80%|███████▉  | 125/157 [00:51<00:13,  2.43it/s]
Processing frames:  80%|████████  | 126/157 [00:51<00:12,  2.43it/s]
Processing frames:  81%|████████  | 127/157 [00:52<00:12,  2.46it/s]
Processing frames:  82%|████████▏ | 128/157 [00:52<00:11,  2.44it/s]
Processing frames:  82%|████████▏ | 129/157 [00:52<00:11,  2.43it/s]
Processing frames:  83%|████████▎ | 130/157 [00:53<00:11,  2.43it/s]
Processing frames:  83%|████████▎ | 131/157 [00:53<00:10,  2.45it/s]
Processing frames:  84%|████████▍ | 132/157 [00:54<00:10,  2.44it/s]
Processing frames:  85%|████████▍ | 133/157 [00:54<00:09,  2.45it/s]
Processing frames:  85%|████████▌ | 134/157 [00:55<00:09,  2.38it/s]
Processing frames:  86%|████████▌ | 135/157 [00:55<00:09,  2.36it/s]
Processing frames:  87%|████████▋ | 136/157 [00:55<00:09,  2.31it/s]
Processing frames:  87%|████████▋ | 137/157 [00:56<00:08,  2.31it/s]
Processing frames:  88%|████████▊ | 138/157 [00:56<00:08,  2.35it/s]
Processing frames:  89%|████████▊ | 139/157 [00:57<00:07,  2.38it/s]
Processing frames:  89%|████████▉ | 140/157 [00:57<00:07,  2.40it/s]
Processing frames:  90%|████████▉ | 141/157 [00:57<00:06,  2.41it/s]
Processing frames:  90%|█████████ | 142/157 [00:58<00:06,  2.43it/s]
Processing frames:  91%|█████████ | 143/157 [00:58<00:05,  2.41it/s]
Processing frames:  92%|█████████▏| 144/157 [00:59<00:05,  2.43it/s]
Processing frames:  92%|█████████▏| 145/157 [00:59<00:04,  2.42it/s]
Processing frames:  93%|█████████▎| 146/157 [01:00<00:04,  2.39it/s]
Processing frames:  94%|█████████▎| 147/157 [01:00<00:04,  2.34it/s]
Processing frames:  94%|█████████▍| 148/157 [01:00<00:03,  2.37it/s]
Processing frames:  95%|█████████▍| 149/157 [01:01<00:03,  2.37it/s]
Processing frames:  96%|█████████▌| 150/157 [01:01<00:02,  2.37it/s]
Processing frames:  96%|█████████▌| 151/157 [01:02<00:02,  2.38it/s]
Processing frames:  97%|█████████▋| 152/157 [01:02<00:02,  2.35it/s]
Processing frames:  97%|█████████▋| 153/157 [01:03<00:01,  2.33it/s]
Processing frames:  98%|█████████▊| 154/157 [01:03<00:01,  2.37it/s]
Processing frames:  99%|█████████▊| 155/157 [01:03<00:00,  2.38it/s]
Processing frames:  99%|█████████▉| 156/157 [01:04<00:00,  2.28it/s]
Processing frames: 100%|██████████| 157/157 [01:04<00:00,  2.29it/s]
Processing frames: 100%|██████████| 157/157 [01:04<00:00,  2.42it/s]

Processing frames:   0%|          | 0/8 [00:00<?, ?it/s]
Processing frames:  12%|█▎        | 1/8 [00:00<00:02,  2.46it/s]
Processing frames:  25%|██▌       | 2/8 [00:00<00:02,  2.44it/s]
Processing frames:  38%|███▊      | 3/8 [00:01<00:02,  2.27it/s]
Processing frames:  50%|█████     | 4/8 [00:01<00:01,  2.32it/s]
Processing frames:  62%|██████▎   | 5/8 [00:02<00:01,  2.35it/s]
Processing frames:  75%|███████▌  | 6/8 [00:02<00:00,  2.37it/s]
Processing frames:  88%|████████▊ | 7/8 [00:02<00:00,  2.40it/s]
Processing frames: 100%|██████████| 8/8 [00:03<00:00,  2.42it/s]
Processing frames: 100%|██████████| 8/8 [00:03<00:00,  2.38it/s]

Processing frames:   0%|          | 0/84 [00:00<?, ?it/s]
Processing frames:   1%|          | 1/84 [00:00<00:34,  2.41it/s]
Processing frames:   2%|▏         | 2/84 [00:00<00:34,  2.41it/s]
Processing frames:   4%|▎         | 3/84 [00:01<00:33,  2.42it/s]
Processing frames:   5%|▍         | 4/84 [00:01<00:32,  2.46it/s]
Processing frames:   6%|▌         | 5/84 [00:02<00:31,  2.48it/s]
Processing frames:   7%|▋         | 6/84 [00:02<00:31,  2.49it/s]
Processing frames:   8%|▊         | 7/84 [00:02<00:31,  2.45it/s]
Processing frames:  10%|▉         | 8/84 [00:03<00:30,  2.46it/s]
Processing frames:  11%|█         | 9/84 [00:03<00:30,  2.47it/s]
Processing frames:  12%|█▏        | 10/84 [00:04<00:29,  2.48it/s]
Processing frames:  13%|█▎        | 11/84 [00:04<00:30,  2.43it/s]
Processing frames:  14%|█▍        | 12/84 [00:04<00:29,  2.40it/s]
Processing frames:  15%|█▌        | 13/84 [00:05<00:29,  2.41it/s]
Processing frames:  17%|█▋        | 14/84 [00:05<00:28,  2.44it/s]
Processing frames:  18%|█▊        | 15/84 [00:06<00:28,  2.46it/s]
Processing frames:  19%|█▉        | 16/84 [00:06<00:27,  2.46it/s]
Processing frames:  20%|██        | 17/84 [00:06<00:27,  2.47it/s]
Processing frames:  21%|██▏       | 18/84 [00:07<00:26,  2.46it/s]
Processing frames:  23%|██▎       | 19/84 [00:07<00:26,  2.45it/s]
Processing frames:  24%|██▍       | 20/84 [00:08<00:26,  2.42it/s]
Processing frames:  25%|██▌       | 21/84 [00:08<00:26,  2.42it/s]
Processing frames:  26%|██▌       | 22/84 [00:09<00:25,  2.43it/s]
Processing frames:  27%|██▋       | 23/84 [00:09<00:25,  2.40it/s]
Processing frames:  29%|██▊       | 24/84 [00:09<00:25,  2.39it/s]
Processing frames:  30%|██▉       | 25/84 [00:10<00:24,  2.41it/s]
Processing frames:  31%|███       | 26/84 [00:10<00:24,  2.41it/s]
Processing frames:  32%|███▏      | 27/84 [00:11<00:26,  2.13it/s]
Processing frames:  33%|███▎      | 28/84 [00:11<00:25,  2.16it/s]
Processing frames:  35%|███▍      | 29/84 [00:12<00:25,  2.16it/s]
Processing frames:  36%|███▌      | 30/84 [00:12<00:24,  2.25it/s]
Processing frames:  37%|███▋      | 31/84 [00:12<00:22,  2.31it/s]
Processing frames:  38%|███▊      | 32/84 [00:13<00:22,  2.33it/s]
Processing frames:  39%|███▉      | 33/84 [00:13<00:21,  2.34it/s]
Processing frames:  40%|████      | 34/84 [00:14<00:21,  2.35it/s]
Processing frames:  42%|████▏     | 35/84 [00:14<00:20,  2.36it/s]
Processing frames:  43%|████▎     | 36/84 [00:15<00:19,  2.41it/s]
Processing frames:  44%|████▍     | 37/84 [00:15<00:19,  2.38it/s]
Processing frames:  45%|████▌     | 38/84 [00:15<00:19,  2.37it/s]
Processing frames:  46%|████▋     | 39/84 [00:16<00:19,  2.35it/s]
Processing frames:  48%|████▊     | 40/84 [00:16<00:18,  2.38it/s]
Processing frames:  49%|████▉     | 41/84 [00:17<00:18,  2.37it/s]
Processing frames:  50%|█████     | 42/84 [00:17<00:17,  2.38it/s]
Processing frames:  51%|█████     | 43/84 [00:18<00:17,  2.38it/s]
Processing frames:  52%|█████▏    | 44/84 [00:18<00:17,  2.35it/s]
Processing frames:  54%|█████▎    | 45/84 [00:18<00:16,  2.41it/s]
Processing frames:  55%|█████▍    | 46/84 [00:19<00:15,  2.43it/s]
Processing frames:  56%|█████▌    | 47/84 [00:19<00:15,  2.43it/s]
Processing frames:  57%|█████▋    | 48/84 [00:20<00:15,  2.39it/s]
Processing frames:  58%|█████▊    | 49/84 [00:20<00:14,  2.38it/s]
Processing frames:  60%|█████▉    | 50/84 [00:20<00:14,  2.42it/s]
Processing frames:  61%|██████    | 51/84 [00:21<00:13,  2.36it/s]
Processing frames:  62%|██████▏   | 52/84 [00:21<00:13,  2.36it/s]
Processing frames:  63%|██████▎   | 53/84 [00:22<00:13,  2.37it/s]
Processing frames:  64%|██████▍   | 54/84 [00:22<00:12,  2.39it/s]
Processing frames:  65%|██████▌   | 55/84 [00:23<00:12,  2.41it/s]
Processing frames:  67%|██████▋   | 56/84 [00:23<00:11,  2.42it/s]
Processing frames:  68%|██████▊   | 57/84 [00:23<00:11,  2.42it/s]
Processing frames:  69%|██████▉   | 58/84 [00:24<00:10,  2.45it/s]
Processing frames:  70%|███████   | 59/84 [00:24<00:10,  2.45it/s]
Processing frames:  71%|███████▏  | 60/84 [00:25<00:09,  2.42it/s]
Processing frames:  73%|███████▎  | 61/84 [00:25<00:09,  2.42it/s]
Processing frames:  74%|███████▍  | 62/84 [00:25<00:09,  2.34it/s]
Processing frames:  75%|███████▌  | 63/84 [00:26<00:08,  2.37it/s]
Processing frames:  76%|███████▌  | 64/84 [00:26<00:08,  2.36it/s]
Processing frames:  77%|███████▋  | 65/84 [00:27<00:07,  2.38it/s]
Processing frames:  79%|███████▊  | 66/84 [00:27<00:07,  2.34it/s]
Processing frames:  80%|███████▉  | 67/84 [00:28<00:07,  2.38it/s]
Processing frames:  81%|████████  | 68/84 [00:28<00:06,  2.37it/s]
Processing frames:  82%|████████▏ | 69/84 [00:28<00:06,  2.40it/s]
Processing frames:  83%|████████▎ | 70/84 [00:29<00:05,  2.40it/s]
Processing frames:  85%|████████▍ | 71/84 [00:29<00:05,  2.42it/s]
Processing frames:  86%|████████▌ | 72/84 [00:30<00:04,  2.44it/s]
Processing frames:  87%|████████▋ | 73/84 [00:30<00:04,  2.43it/s]
Processing frames:  88%|████████▊ | 74/84 [00:30<00:04,  2.41it/s]
Processing frames:  89%|████████▉ | 75/84 [00:31<00:03,  2.40it/s]
Processing frames:  90%|█████████ | 76/84 [00:31<00:03,  2.36it/s]
Processing frames:  92%|█████████▏| 77/84 [00:32<00:02,  2.37it/s]
Processing frames:  93%|█████████▎| 78/84 [00:32<00:02,  2.37it/s]
Processing frames:  94%|█████████▍| 79/84 [00:33<00:02,  2.42it/s]
Processing frames:  95%|█████████▌| 80/84 [00:33<00:01,  2.39it/s]
Processing frames:  96%|█████████▋| 81/84 [00:33<00:01,  2.43it/s]
Processing frames:  98%|█████████▊| 82/84 [00:34<00:00,  2.46it/s]
Processing frames:  99%|█████████▉| 83/84 [00:34<00:00,  2.48it/s]
Processing frames: 100%|██████████| 84/84 [00:35<00:00,  2.45it/s]
Processing frames: 100%|██████████| 84/84 [00:35<00:00,  2.39it/s]

Processing frames:   0%|          | 0/324 [00:00<?, ?it/s]
Processing frames:   0%|          | 1/324 [00:00<01:50,  2.93it/s]
Processing frames:   1%|          | 2/324 [00:00<01:48,  2.96it/s]
Processing frames:   1%|          | 3/324 [00:01<01:46,  3.01it/s]
Processing frames:   1%|          | 4/324 [00:01<01:44,  3.06it/s]
Processing frames:   2%|▏         | 5/324 [00:01<01:43,  3.09it/s]
Processing frames:   2%|▏         | 6/324 [00:01<01:46,  2.99it/s]
Processing frames:   2%|▏         | 7/324 [00:02<01:44,  3.03it/s]
Processing frames:   2%|▏         | 8/324 [00:02<01:44,  3.02it/s]
Processing frames:   3%|▎         | 9/324 [00:02<01:44,  3.03it/s]
Processing frames:   3%|▎         | 10/324 [00:03<01:42,  3.06it/s]
Processing frames:   3%|▎         | 11/324 [00:03<01:43,  3.03it/s]
Processing frames:   4%|▎         | 12/324 [00:03<01:43,  3.02it/s]
Processing frames:   4%|▍         | 13/324 [00:04<01:47,  2.90it/s]
Processing frames:   4%|▍         | 14/324 [00:04<01:45,  2.94it/s]
Processing frames:   5%|▍         | 15/324 [00:04<01:43,  2.99it/s]
Processing frames:   5%|▍         | 16/324 [00:05<01:42,  3.01it/s]
Processing frames:   5%|▌         | 17/324 [00:05<01:40,  3.06it/s]
Processing frames:   6%|▌         | 18/324 [00:05<01:38,  3.10it/s]
Processing frames:   6%|▌         | 19/324 [00:06<01:38,  3.09it/s]
Processing frames:   6%|▌         | 20/324 [00:06<01:39,  3.06it/s]
Processing frames:   6%|▋         | 21/324 [00:06<01:37,  3.09it/s]
Processing frames:   7%|▋         | 22/324 [00:07<01:37,  3.09it/s]
Processing frames:   7%|▋         | 23/324 [00:08<02:26,  2.06it/s]
Processing frames:   7%|▋         | 24/324 [00:08<02:16,  2.20it/s]
Processing frames:   8%|▊         | 25/324 [00:08<02:03,  2.42it/s]
Processing frames:   8%|▊         | 26/324 [00:09<01:54,  2.61it/s]
Processing frames:   8%|▊         | 27/324 [00:09<01:48,  2.74it/s]
Processing frames:   9%|▊         | 28/324 [00:09<01:43,  2.86it/s]
Processing frames:   9%|▉         | 29/324 [00:10<01:40,  2.95it/s]
Processing frames:   9%|▉         | 30/324 [00:10<01:38,  2.98it/s]
Processing frames:  10%|▉         | 31/324 [00:10<01:40,  2.92it/s]
Processing frames:  10%|▉         | 32/324 [00:11<01:37,  2.99it/s]
Processing frames:  10%|█         | 33/324 [00:11<01:37,  2.97it/s]
Processing frames:  10%|█         | 34/324 [00:11<01:36,  3.02it/s]
Processing frames:  11%|█         | 35/324 [00:12<01:35,  3.02it/s]
Processing frames:  11%|█         | 36/324 [00:12<01:34,  3.05it/s]
Processing frames:  11%|█▏        | 37/324 [00:12<01:35,  3.00it/s]
Processing frames:  12%|█▏        | 38/324 [00:13<01:34,  3.04it/s]
Processing frames:  12%|█▏        | 39/324 [00:13<01:33,  3.04it/s]
Processing frames:  12%|█▏        | 40/324 [00:13<01:32,  3.06it/s]
Processing frames:  13%|█▎        | 41/324 [00:14<01:32,  3.05it/s]
Processing frames:  13%|█▎        | 42/324 [00:14<01:31,  3.07it/s]
Processing frames:  13%|█▎        | 43/324 [00:14<01:30,  3.09it/s]
Processing frames:  14%|█▎        | 44/324 [00:14<01:30,  3.10it/s]
Processing frames:  14%|█▍        | 45/324 [00:15<01:29,  3.10it/s]
Processing frames:  14%|█▍        | 46/324 [00:15<01:29,  3.10it/s]
Processing frames:  15%|█▍        | 47/324 [00:15<01:30,  3.06it/s]
Processing frames:  15%|█▍        | 48/324 [00:16<01:29,  3.08it/s]
Processing frames:  15%|█▌        | 49/324 [00:16<01:28,  3.09it/s]
Processing frames:  15%|█▌        | 50/324 [00:16<01:28,  3.08it/s]
Processing frames:  16%|█▌        | 51/324 [00:17<01:28,  3.07it/s]
Processing frames:  16%|█▌        | 52/324 [00:17<01:28,  3.07it/s]
Processing frames:  16%|█▋        | 53/324 [00:17<01:27,  3.11it/s]
Processing frames:  17%|█▋        | 54/324 [00:18<01:28,  3.05it/s]
Processing frames:  17%|█▋        | 55/324 [00:18<01:27,  3.08it/s]
Processing frames:  17%|█▋        | 56/324 [00:18<01:28,  3.02it/s]
Processing frames:  18%|█▊        | 57/324 [00:19<01:28,  3.02it/s]
Processing frames:  18%|█▊        | 58/324 [00:19<01:26,  3.07it/s]
Processing frames:  18%|█▊        | 59/324 [00:19<01:25,  3.09it/s]
Processing frames:  19%|█▊        | 60/324 [00:20<01:25,  3.09it/s]
Processing frames:  19%|█▉        | 61/324 [00:20<01:24,  3.10it/s]
Processing frames:  19%|█▉        | 62/324 [00:20<01:25,  3.08it/s]
Processing frames:  19%|█▉        | 63/324 [00:21<01:23,  3.11it/s]
Processing frames:  20%|█▉        | 64/324 [00:21<01:24,  3.08it/s]
Processing frames:  20%|██        | 65/324 [00:21<01:23,  3.11it/s]
Processing frames:  20%|██        | 66/324 [00:22<01:22,  3.14it/s]
Processing frames:  21%|██        | 67/324 [00:22<01:21,  3.15it/s]
Processing frames:  21%|██        | 68/324 [00:22<01:21,  3.16it/s]
Processing frames:  21%|██▏       | 69/324 [00:23<01:21,  3.13it/s]
Processing frames:  22%|██▏       | 70/324 [00:23<01:20,  3.14it/s]
Processing frames:  22%|██▏       | 71/324 [00:23<01:20,  3.16it/s]
Processing frames:  22%|██▏       | 72/324 [00:24<01:19,  3.16it/s]
Processing frames:  23%|██▎       | 73/324 [00:24<01:19,  3.17it/s]
Processing frames:  23%|██▎       | 74/324 [00:24<01:18,  3.17it/s]
Processing frames:  23%|██▎       | 75/324 [00:24<01:18,  3.17it/s]
Processing frames:  23%|██▎       | 76/324 [00:25<01:19,  3.11it/s]
Processing frames:  24%|██▍       | 77/324 [00:25<01:20,  3.07it/s]
Processing frames:  24%|██▍       | 78/324 [00:25<01:19,  3.10it/s]
Processing frames:  24%|██▍       | 79/324 [00:26<01:18,  3.11it/s]
Processing frames:  25%|██▍       | 80/324 [00:26<01:19,  3.07it/s]
Processing frames:  25%|██▌       | 81/324 [00:26<01:19,  3.05it/s]
Processing frames:  25%|██▌       | 82/324 [00:27<01:19,  3.03it/s]
Processing frames:  26%|██▌       | 83/324 [00:27<01:18,  3.06it/s]
Processing frames:  26%|██▌       | 84/324 [00:27<01:17,  3.08it/s]
Processing frames:  26%|██▌       | 85/324 [00:28<01:17,  3.07it/s]
Processing frames:  27%|██▋       | 86/324 [00:28<01:16,  3.10it/s]
Processing frames:  27%|██▋       | 87/324 [00:28<01:15,  3.12it/s]
Processing frames:  27%|██▋       | 88/324 [00:29<01:15,  3.11it/s]
Processing frames:  27%|██▋       | 89/324 [00:29<01:15,  3.12it/s]
Processing frames:  28%|██▊       | 90/324 [00:29<01:15,  3.10it/s]
Processing frames:  28%|██▊       | 91/324 [00:30<01:14,  3.12it/s]
Processing frames:  28%|██▊       | 92/324 [00:30<01:13,  3.14it/s]
Processing frames:  29%|██▊       | 93/324 [00:30<01:13,  3.12it/s]
Processing frames:  29%|██▉       | 94/324 [00:31<01:13,  3.15it/s]
Processing frames:  29%|██▉       | 95/324 [00:31<01:12,  3.16it/s]
Processing frames:  30%|██▉       | 96/324 [00:31<01:12,  3.13it/s]
Processing frames:  30%|██▉       | 97/324 [00:32<01:12,  3.15it/s]
Processing frames:  30%|███       | 98/324 [00:32<01:11,  3.16it/s]
Processing frames:  31%|███       | 99/324 [00:32<01:10,  3.17it/s]
Processing frames:  31%|███       | 100/324 [00:33<01:10,  3.18it/s]
Processing frames:  31%|███       | 101/324 [00:33<01:12,  3.10it/s]
Processing frames:  31%|███▏      | 102/324 [00:33<01:11,  3.12it/s]
Processing frames:  32%|███▏      | 103/324 [00:33<01:11,  3.09it/s]
Processing frames:  32%|███▏      | 104/324 [00:34<01:11,  3.08it/s]
Processing frames:  32%|███▏      | 105/324 [00:34<01:11,  3.07it/s]
Processing frames:  33%|███▎      | 106/324 [00:34<01:10,  3.11it/s]
Processing frames:  33%|███▎      | 107/324 [00:35<01:10,  3.06it/s]
Processing frames:  33%|███▎      | 108/324 [00:35<01:11,  3.00it/s]
Processing frames:  34%|███▎      | 109/324 [00:35<01:10,  3.05it/s]
Processing frames:  34%|███▍      | 110/324 [00:36<01:09,  3.10it/s]
Processing frames:  34%|███▍      | 111/324 [00:36<01:10,  3.01it/s]
Processing frames:  35%|███▍      | 112/324 [00:36<01:11,  2.98it/s]
Processing frames:  35%|███▍      | 113/324 [00:37<01:09,  3.03it/s]
Processing frames:  35%|███▌      | 114/324 [00:37<01:09,  3.03it/s]
Processing frames:  35%|███▌      | 115/324 [00:37<01:09,  3.01it/s]
Processing frames:  36%|███▌      | 116/324 [00:38<01:08,  3.03it/s]
Processing frames:  36%|███▌      | 117/324 [00:38<01:07,  3.07it/s]
Processing frames:  36%|███▋      | 118/324 [00:38<01:07,  3.07it/s]
Processing frames:  37%|███▋      | 119/324 [00:39<01:07,  3.05it/s]
Processing frames:  37%|███▋      | 120/324 [00:39<01:07,  3.04it/s]
Processing frames:  37%|███▋      | 121/324 [00:39<01:05,  3.08it/s]
Processing frames:  38%|███▊      | 122/324 [00:40<01:04,  3.11it/s]
Processing frames:  38%|███▊      | 123/324 [00:40<01:04,  3.13it/s]
Processing frames:  38%|███▊      | 124/324 [00:40<01:03,  3.14it/s]
Processing frames:  39%|███▊      | 125/324 [00:41<01:04,  3.10it/s]
Processing frames:  39%|███▉      | 126/324 [00:41<01:03,  3.12it/s]
Processing frames:  39%|███▉      | 127/324 [00:41<01:03,  3.09it/s]
Processing frames:  40%|███▉      | 128/324 [00:42<01:02,  3.12it/s]
Processing frames:  40%|███▉      | 129/324 [00:42<01:02,  3.13it/s]
Processing frames:  40%|████      | 130/324 [00:42<01:01,  3.15it/s]
Processing frames:  40%|████      | 131/324 [00:43<01:01,  3.16it/s]
Processing frames:  41%|████      | 132/324 [00:43<01:01,  3.14it/s]
Processing frames:  41%|████      | 133/324 [00:43<01:02,  3.07it/s]
Processing frames:  41%|████▏     | 134/324 [00:44<01:02,  3.02it/s]
Processing frames:  42%|████▏     | 135/324 [00:44<01:01,  3.05it/s]
Processing frames:  42%|████▏     | 136/324 [00:44<01:01,  3.05it/s]
Processing frames:  42%|████▏     | 137/324 [00:45<01:01,  3.05it/s]
Processing frames:  43%|████▎     | 138/324 [00:45<01:00,  3.09it/s]
Processing frames:  43%|████▎     | 139/324 [00:45<01:00,  3.08it/s]
Processing frames:  43%|████▎     | 140/324 [00:46<00:59,  3.08it/s]
Processing frames:  44%|████▎     | 141/324 [00:46<00:58,  3.11it/s]
Processing frames:  44%|████▍     | 142/324 [00:46<00:58,  3.13it/s]
Processing frames:  44%|████▍     | 143/324 [00:46<00:57,  3.13it/s]
Processing frames:  44%|████▍     | 144/324 [00:47<00:58,  3.09it/s]
Processing frames:  45%|████▍     | 145/324 [00:47<00:59,  3.00it/s]
Processing frames:  45%|████▌     | 146/324 [00:47<00:58,  3.03it/s]
Processing frames:  45%|████▌     | 147/324 [00:48<00:58,  3.04it/s]
Processing frames:  46%|████▌     | 148/324 [00:48<00:58,  2.99it/s]
Processing frames:  46%|████▌     | 149/324 [00:48<00:57,  3.05it/s]
Processing frames:  46%|████▋     | 150/324 [00:49<00:56,  3.08it/s]
Processing frames:  47%|████▋     | 151/324 [00:49<00:55,  3.11it/s]
Processing frames:  47%|████▋     | 152/324 [00:49<00:54,  3.13it/s]
Processing frames:  47%|████▋     | 153/324 [00:50<00:55,  3.10it/s]
Processing frames:  48%|████▊     | 154/324 [00:50<00:54,  3.09it/s]
Processing frames:  48%|████▊     | 155/324 [00:50<00:54,  3.12it/s]
Processing frames:  48%|████▊     | 156/324 [00:51<00:53,  3.13it/s]
Processing frames:  48%|████▊     | 157/324 [00:51<00:53,  3.14it/s]
Processing frames:  49%|████▉     | 158/324 [00:51<00:53,  3.10it/s]
Processing frames:  49%|████▉     | 159/324 [00:52<00:53,  3.09it/s]
Processing frames:  49%|████▉     | 160/324 [00:52<00:52,  3.11it/s]
Processing frames:  50%|████▉     | 161/324 [00:52<00:52,  3.13it/s]
Processing frames:  50%|█████     | 162/324 [00:53<00:52,  3.07it/s]
Processing frames:  50%|█████     | 163/324 [00:53<00:51,  3.10it/s]
Processing frames:  51%|█████     | 164/324 [00:53<00:51,  3.12it/s]
Processing frames:  51%|█████     | 165/324 [00:54<00:51,  3.11it/s]
Processing frames:  51%|█████     | 166/324 [00:54<00:50,  3.12it/s]
Processing frames:  52%|█████▏    | 167/324 [00:54<00:50,  3.13it/s]
Processing frames:  52%|█████▏    | 168/324 [00:55<00:49,  3.15it/s]
Processing frames:  52%|█████▏    | 169/324 [00:55<00:49,  3.16it/s]
Processing frames:  52%|█████▏    | 170/324 [00:55<00:49,  3.14it/s]
Processing frames:  53%|█████▎    | 171/324 [00:56<00:48,  3.15it/s]
Processing frames:  53%|█████▎    | 172/324 [00:56<00:48,  3.11it/s]
Processing frames:  53%|█████▎    | 173/324 [00:56<00:48,  3.09it/s]
Processing frames:  54%|█████▎    | 174/324 [00:57<00:48,  3.07it/s]
Processing frames:  54%|█████▍    | 175/324 [00:57<00:48,  3.10it/s]
Processing frames:  54%|█████▍    | 176/324 [00:57<00:48,  3.06it/s]
Processing frames:  55%|█████▍    | 177/324 [00:57<00:47,  3.10it/s]
Processing frames:  55%|█████▍    | 178/324 [00:58<00:47,  3.08it/s]
Processing frames:  55%|█████▌    | 179/324 [00:58<00:46,  3.11it/s]
Processing frames:  56%|█████▌    | 180/324 [00:58<00:46,  3.13it/s]
Processing frames:  56%|█████▌    | 181/324 [00:59<00:46,  3.08it/s]
Processing frames:  56%|█████▌    | 182/324 [00:59<00:45,  3.11it/s]
Processing frames:  56%|█████▋    | 183/324 [00:59<00:44,  3.13it/s]
Processing frames:  57%|█████▋    | 184/324 [01:00<00:45,  3.09it/s]
Processing frames:  57%|█████▋    | 185/324 [01:00<00:45,  3.08it/s]
Processing frames:  57%|█████▋    | 186/324 [01:00<00:44,  3.11it/s]
Processing frames:  58%|█████▊    | 187/324 [01:01<00:44,  3.07it/s]
Processing frames:  58%|█████▊    | 188/324 [01:01<00:46,  2.92it/s]
Processing frames:  58%|█████▊    | 189/324 [01:01<00:45,  3.00it/s]
Processing frames:  59%|█████▊    | 190/324 [01:02<00:44,  2.98it/s]
Processing frames:  59%|█████▉    | 191/324 [01:02<00:43,  3.04it/s]
Processing frames:  59%|█████▉    | 192/324 [01:02<00:46,  2.87it/s]
Processing frames:  60%|█████▉    | 193/324 [01:03<00:44,  2.95it/s]
Processing frames:  60%|█████▉    | 194/324 [01:03<00:43,  3.02it/s]
Processing frames:  60%|██████    | 195/324 [01:03<00:42,  3.05it/s]
Processing frames:  60%|██████    | 196/324 [01:04<00:41,  3.09it/s]
Processing frames:  61%|██████    | 197/324 [01:04<00:41,  3.08it/s]
Processing frames:  61%|██████    | 198/324 [01:04<00:40,  3.11it/s]
Processing frames:  61%|██████▏   | 199/324 [01:05<00:39,  3.13it/s]
Processing frames:  62%|██████▏   | 200/324 [01:05<00:39,  3.15it/s]
Processing frames:  62%|██████▏   | 201/324 [01:05<00:40,  3.06it/s]
Processing frames:  62%|██████▏   | 202/324 [01:06<00:45,  2.66it/s]
Processing frames:  63%|██████▎   | 203/324 [01:06<00:43,  2.76it/s]
Processing frames:  63%|██████▎   | 204/324 [01:06<00:42,  2.85it/s]
Processing frames:  63%|██████▎   | 205/324 [01:07<00:40,  2.95it/s]
Processing frames:  64%|██████▎   | 206/324 [01:07<00:39,  3.02it/s]
Processing frames:  64%|██████▍   | 207/324 [01:07<00:38,  3.02it/s]
Processing frames:  64%|██████▍   | 208/324 [01:08<00:37,  3.07it/s]
Processing frames:  65%|██████▍   | 209/324 [01:08<00:37,  3.10it/s]
Processing frames:  65%|██████▍   | 210/324 [01:08<00:37,  3.07it/s]
Processing frames:  65%|██████▌   | 211/324 [01:09<00:36,  3.06it/s]
Processing frames:  65%|██████▌   | 212/324 [01:09<00:36,  3.10it/s]
Processing frames:  66%|██████▌   | 213/324 [01:09<00:35,  3.12it/s]
Processing frames:  66%|██████▌   | 214/324 [01:10<00:35,  3.14it/s]
Processing frames:  66%|██████▋   | 215/324 [01:10<00:34,  3.15it/s]
Processing frames:  67%|██████▋   | 216/324 [01:10<00:34,  3.09it/s]
Processing frames:  67%|██████▋   | 217/324 [01:11<00:34,  3.12it/s]
Processing frames:  67%|██████▋   | 218/324 [01:11<00:35,  2.97it/s]
Processing frames:  68%|██████▊   | 219/324 [01:11<00:35,  3.00it/s]
Processing frames:  68%|██████▊   | 220/324 [01:12<00:34,  3.05it/s]
Processing frames:  68%|██████▊   | 221/324 [01:12<00:33,  3.05it/s]
Processing frames:  69%|██████▊   | 222/324 [01:12<00:33,  3.09it/s]
Processing frames:  69%|██████▉   | 223/324 [01:13<00:33,  3.03it/s]
Processing frames:  69%|██████▉   | 224/324 [01:13<00:32,  3.08it/s]
Processing frames:  69%|██████▉   | 225/324 [01:13<00:31,  3.11it/s]
Processing frames:  70%|██████▉   | 226/324 [01:14<00:31,  3.13it/s]
Processing frames:  70%|███████   | 227/324 [01:14<00:30,  3.15it/s]
Processing frames:  70%|███████   | 228/324 [01:14<00:30,  3.16it/s]
Processing frames:  71%|███████   | 229/324 [01:15<00:30,  3.14it/s]
Processing frames:  71%|███████   | 230/324 [01:15<00:30,  3.10it/s]
Processing frames:  71%|███████▏  | 231/324 [01:15<00:30,  3.08it/s]
Processing frames:  72%|███████▏  | 232/324 [01:15<00:29,  3.10it/s]
Processing frames:  72%|███████▏  | 233/324 [01:16<00:29,  3.13it/s]
Processing frames:  72%|███████▏  | 234/324 [01:16<00:28,  3.11it/s]
Processing frames:  73%|███████▎  | 235/324 [01:16<00:28,  3.10it/s]
Processing frames:  73%|███████▎  | 236/324 [01:17<00:28,  3.13it/s]
Processing frames:  73%|███████▎  | 237/324 [01:17<00:27,  3.11it/s]
Processing frames:  73%|███████▎  | 238/324 [01:17<00:27,  3.12it/s]
Processing frames:  74%|███████▍  | 239/324 [01:18<00:27,  3.14it/s]
Processing frames:  74%|███████▍  | 240/324 [01:18<00:27,  3.11it/s]
Processing frames:  74%|███████▍  | 241/324 [01:18<00:26,  3.13it/s]
Processing frames:  75%|███████▍  | 242/324 [01:19<00:27,  2.99it/s]
Processing frames:  75%|███████▌  | 243/324 [01:19<00:26,  3.04it/s]
Processing frames:  75%|███████▌  | 244/324 [01:19<00:26,  3.06it/s]
Processing frames:  76%|███████▌  | 245/324 [01:20<00:26,  3.02it/s]
Processing frames:  76%|███████▌  | 246/324 [01:20<00:25,  3.07it/s]
Processing frames:  76%|███████▌  | 247/324 [01:20<00:24,  3.10it/s]
Processing frames:  77%|███████▋  | 248/324 [01:21<00:24,  3.11it/s]
Processing frames:  77%|███████▋  | 249/324 [01:21<00:23,  3.13it/s]
Processing frames:  77%|███████▋  | 250/324 [01:21<00:23,  3.10it/s]
Processing frames:  77%|███████▋  | 251/324 [01:22<00:23,  3.12it/s]
Processing frames:  78%|███████▊  | 252/324 [01:22<00:23,  3.11it/s]
Processing frames:  78%|███████▊  | 253/324 [01:22<00:23,  3.08it/s]
Processing frames:  78%|███████▊  | 254/324 [01:23<00:22,  3.11it/s]
Processing frames:  79%|███████▊  | 255/324 [01:23<00:22,  3.04it/s]
Processing frames:  79%|███████▉  | 256/324 [01:23<00:22,  3.08it/s]
Processing frames:  79%|███████▉  | 257/324 [01:24<00:21,  3.09it/s]
Processing frames:  80%|███████▉  | 258/324 [01:24<00:21,  3.02it/s]
Processing frames:  80%|███████▉  | 259/324 [01:24<00:21,  3.03it/s]
Processing frames:  80%|████████  | 260/324 [01:25<00:20,  3.08it/s]
Processing frames:  81%|████████  | 261/324 [01:25<00:20,  3.11it/s]
Processing frames:  81%|████████  | 262/324 [01:25<00:19,  3.13it/s]
Processing frames:  81%|████████  | 263/324 [01:26<00:19,  3.14it/s]
Processing frames:  81%|████████▏ | 264/324 [01:26<00:19,  3.15it/s]
Processing frames:  82%|████████▏ | 265/324 [01:26<00:18,  3.13it/s]
Processing frames:  82%|████████▏ | 266/324 [01:26<00:18,  3.09it/s]
Processing frames:  82%|████████▏ | 267/324 [01:27<00:18,  3.11it/s]
Processing frames:  83%|████████▎ | 268/324 [01:27<00:17,  3.13it/s]
Processing frames:  83%|████████▎ | 269/324 [01:27<00:17,  3.10it/s]
Processing frames:  83%|████████▎ | 270/324 [01:28<00:17,  3.13it/s]
Processing frames:  84%|████████▎ | 271/324 [01:28<00:17,  3.09it/s]
Processing frames:  84%|████████▍ | 272/324 [01:28<00:16,  3.11it/s]
Processing frames:  84%|████████▍ | 273/324 [01:29<00:16,  3.13it/s]
Processing frames:  85%|████████▍ | 274/324 [01:29<00:16,  3.09it/s]
Processing frames:  85%|████████▍ | 275/324 [01:29<00:15,  3.12it/s]
Processing frames:  85%|████████▌ | 276/324 [01:30<00:15,  3.13it/s]
Processing frames:  85%|████████▌ | 277/324 [01:30<00:15,  3.11it/s]
Processing frames:  86%|████████▌ | 278/324 [01:30<00:14,  3.13it/s]
Processing frames:  86%|████████▌ | 279/324 [01:31<00:14,  3.11it/s]
Processing frames:  86%|████████▋ | 280/324 [01:31<00:14,  3.13it/s]
Processing frames:  87%|████████▋ | 281/324 [01:31<00:13,  3.14it/s]
Processing frames:  87%|████████▋ | 282/324 [01:32<00:13,  3.15it/s]
Processing frames:  87%|████████▋ | 283/324 [01:32<00:13,  3.12it/s]
Processing frames:  88%|████████▊ | 284/324 [01:32<00:13,  3.07it/s]
Processing frames:  88%|████████▊ | 285/324 [01:33<00:12,  3.00it/s]
Processing frames:  88%|████████▊ | 286/324 [01:33<00:12,  3.01it/s]
Processing frames:  89%|████████▊ | 287/324 [01:33<00:12,  3.06it/s]
Processing frames:  89%|████████▉ | 288/324 [01:34<00:11,  3.08it/s]
Processing frames:  89%|████████▉ | 289/324 [01:34<00:11,  3.06it/s]
Processing frames:  90%|████████▉ | 290/324 [01:34<00:11,  3.09it/s]
Processing frames:  90%|████████▉ | 291/324 [01:35<00:10,  3.09it/s]
Processing frames:  90%|█████████ | 292/324 [01:35<00:10,  3.07it/s]
Processing frames:  90%|█████████ | 293/324 [01:35<00:09,  3.10it/s]
Processing frames:  91%|█████████ | 294/324 [01:36<00:10,  2.98it/s]
Processing frames:  91%|█████████ | 295/324 [01:36<00:09,  3.04it/s]
Processing frames:  91%|█████████▏| 296/324 [01:36<00:09,  2.93it/s]
Processing frames:  92%|█████████▏| 297/324 [01:37<00:09,  2.94it/s]
Processing frames:  92%|█████████▏| 298/324 [01:37<00:08,  2.97it/s]
Processing frames:  92%|█████████▏| 299/324 [01:37<00:08,  2.92it/s]
Processing frames:  93%|█████████▎| 300/324 [01:38<00:08,  2.94it/s]
Processing frames:  93%|█████████▎| 301/324 [01:38<00:07,  2.91it/s]
Processing frames:  93%|█████████▎| 302/324 [01:38<00:07,  2.88it/s]
Processing frames:  94%|█████████▎| 303/324 [01:39<00:07,  2.92it/s]
Processing frames:  94%|█████████▍| 304/324 [01:39<00:06,  2.97it/s]
Processing frames:  94%|█████████▍| 305/324 [01:39<00:06,  3.03it/s]
Processing frames:  94%|█████████▍| 306/324 [01:40<00:06,  2.97it/s]
Processing frames:  95%|█████████▍| 307/324 [01:40<00:05,  2.94it/s]
Processing frames:  95%|█████████▌| 308/324 [01:40<00:05,  2.99it/s]
Processing frames:  95%|█████████▌| 309/324 [01:41<00:05,  2.94it/s]
Processing frames:  96%|█████████▌| 310/324 [01:41<00:05,  2.73it/s]
Processing frames:  96%|█████████▌| 311/324 [01:41<00:04,  2.84it/s]
Processing frames:  96%|█████████▋| 312/324 [01:42<00:04,  2.94it/s]
Processing frames:  97%|█████████▋| 313/324 [01:42<00:03,  3.00it/s]
Processing frames:  97%|█████████▋| 314/324 [01:42<00:03,  3.05it/s]
Processing frames:  97%|█████████▋| 315/324 [01:43<00:03,  3.00it/s]
Processing frames:  98%|█████████▊| 316/324 [01:43<00:02,  2.96it/s]
Processing frames:  98%|█████████▊| 317/324 [01:43<00:02,  2.96it/s]
Processing frames:  98%|█████████▊| 318/324 [01:44<00:01,  3.02it/s]
Processing frames:  98%|█████████▊| 319/324 [01:44<00:01,  2.76it/s]
Processing frames:  99%|█████████▉| 320/324 [01:44<00:01,  2.87it/s]
Processing frames:  99%|█████████▉| 321/324 [01:45<00:01,  2.88it/s]
Processing frames:  99%|█████████▉| 322/324 [01:45<00:00,  2.93it/s]
Processing frames: 100%|█████████▉| 323/324 [01:45<00:00,  2.96it/s]
Processing frames: 100%|██████████| 324/324 [01:46<00:00,  3.03it/s]
Processing frames: 100%|██████████| 324/324 [01:46<00:00,  3.05it/s]

Processing frames:   0%|          | 0/7 [00:00<?, ?it/s]
Processing frames:  14%|█▍        | 1/7 [00:01<00:06,  1.02s/it]
Processing frames:  29%|██▊       | 2/7 [00:01<00:03,  1.29it/s]
Processing frames:  43%|████▎     | 3/7 [00:02<00:02,  1.47it/s]
Processing frames:  57%|█████▋    | 4/7 [00:02<00:01,  1.55it/s]
Processing frames:  71%|███████▏  | 5/7 [00:03<00:01,  1.61it/s]
Processing frames:  86%|████████▌ | 6/7 [00:03<00:00,  1.65it/s]
Processing frames: 100%|██████████| 7/7 [00:04<00:00,  1.69it/s]
Processing frames: 100%|██████████| 7/7 [00:04<00:00,  1.55it/s]

Processing frames:   0%|          | 0/180 [00:00<?, ?it/s]
Processing frames:   1%|          | 1/180 [00:00<02:33,  1.16it/s]
Processing frames:   1%|          | 2/180 [00:01<02:32,  1.17it/s]
Processing frames:   2%|▏         | 3/180 [00:02<02:27,  1.20it/s]
Processing frames:   2%|▏         | 4/180 [00:03<02:26,  1.20it/s]
Processing frames:   3%|▎         | 5/180 [00:04<02:30,  1.17it/s]
Processing frames:   3%|▎         | 6/180 [00:05<02:26,  1.19it/s]
Processing frames:   4%|▍         | 7/180 [00:05<02:24,  1.20it/s]
Processing frames:   4%|▍         | 8/180 [00:06<02:22,  1.21it/s]
Processing frames:   5%|▌         | 9/180 [00:07<02:20,  1.21it/s]
Processing frames:   6%|▌         | 10/180 [00:08<02:20,  1.21it/s]
Processing frames:   6%|▌         | 11/180 [00:09<02:18,  1.22it/s]
Processing frames:   7%|▋         | 12/180 [00:09<02:17,  1.22it/s]
Processing frames:   7%|▋         | 13/180 [00:10<02:17,  1.22it/s]
Processing frames:   8%|▊         | 14/180 [00:11<02:16,  1.22it/s]
Processing frames:   8%|▊         | 15/180 [00:12<02:14,  1.23it/s]
Processing frames:   9%|▉         | 16/180 [00:13<02:12,  1.24it/s]
Processing frames:   9%|▉         | 17/180 [00:14<02:11,  1.24it/s]
Processing frames:  10%|█         | 18/180 [00:14<02:10,  1.24it/s]
Processing frames:  11%|█         | 19/180 [00:15<02:20,  1.15it/s]
Processing frames:  11%|█         | 20/180 [00:16<02:15,  1.18it/s]
Processing frames:  12%|█▏        | 21/180 [00:17<02:13,  1.20it/s]
Processing frames:  12%|█▏        | 22/180 [00:18<02:10,  1.21it/s]
Processing frames:  13%|█▎        | 23/180 [00:19<02:09,  1.21it/s]
Processing frames:  13%|█▎        | 24/180 [00:19<02:06,  1.23it/s]
Processing frames:  14%|█▍        | 25/180 [00:20<02:05,  1.23it/s]
Processing frames:  14%|█▍        | 26/180 [00:21<02:04,  1.24it/s]
Processing frames:  15%|█▌        | 27/180 [00:22<02:03,  1.24it/s]
Processing frames:  16%|█▌        | 28/180 [00:23<02:02,  1.24it/s]
Processing frames:  16%|█▌        | 29/180 [00:23<02:00,  1.25it/s]
Processing frames:  17%|█▋        | 30/180 [00:24<02:01,  1.24it/s]
Processing frames:  17%|█▋        | 31/180 [00:25<02:00,  1.24it/s]
Processing frames:  18%|█▊        | 32/180 [00:26<01:59,  1.24it/s]
Processing frames:  18%|█▊        | 33/180 [00:27<01:58,  1.24it/s]
Processing frames:  19%|█▉        | 34/180 [00:27<01:58,  1.23it/s]
Processing frames:  19%|█▉        | 35/180 [00:28<01:57,  1.23it/s]
Processing frames:  20%|██        | 36/180 [00:29<01:57,  1.23it/s]
Processing frames:  21%|██        | 37/180 [00:30<01:58,  1.21it/s]
Processing frames:  21%|██        | 38/180 [00:31<01:57,  1.21it/s]
Processing frames:  22%|██▏       | 39/180 [00:32<01:55,  1.22it/s]
Processing frames:  22%|██▏       | 40/180 [00:32<01:54,  1.22it/s]
Processing frames:  23%|██▎       | 41/180 [00:33<01:52,  1.23it/s]
Processing frames:  23%|██▎       | 42/180 [00:34<01:51,  1.24it/s]
Processing frames:  24%|██▍       | 43/180 [00:35<01:50,  1.24it/s]
Processing frames:  24%|██▍       | 44/180 [00:36<01:49,  1.25it/s]
Processing frames:  25%|██▌       | 45/180 [00:36<01:49,  1.24it/s]
Processing frames:  26%|██▌       | 46/180 [00:37<01:48,  1.23it/s]
Processing frames:  26%|██▌       | 47/180 [00:38<01:48,  1.22it/s]
Processing frames:  27%|██▋       | 48/180 [00:39<01:47,  1.23it/s]
Processing frames:  27%|██▋       | 49/180 [00:40<01:45,  1.24it/s]
Processing frames:  28%|██▊       | 50/180 [00:40<01:45,  1.24it/s]
Processing frames:  28%|██▊       | 51/180 [00:41<01:45,  1.23it/s]
Processing frames:  29%|██▉       | 52/180 [00:42<01:44,  1.22it/s]
Processing frames:  29%|██▉       | 53/180 [00:43<01:44,  1.22it/s]
Processing frames:  30%|███       | 54/180 [00:44<01:42,  1.23it/s]
Processing frames:  31%|███       | 55/180 [00:45<01:42,  1.22it/s]
Processing frames:  31%|███       | 56/180 [00:45<01:41,  1.22it/s]
Processing frames:  32%|███▏      | 57/180 [00:46<01:40,  1.22it/s]
Processing frames:  32%|███▏      | 58/180 [00:47<01:39,  1.23it/s]
Processing frames:  33%|███▎      | 59/180 [00:48<01:37,  1.24it/s]
Processing frames:  33%|███▎      | 60/180 [00:49<01:38,  1.22it/s]
Processing frames:  34%|███▍      | 61/180 [00:49<01:38,  1.21it/s]
Processing frames:  34%|███▍      | 62/180 [00:50<01:36,  1.22it/s]
Processing frames:  35%|███▌      | 63/180 [00:51<01:35,  1.22it/s]
Processing frames:  36%|███▌      | 64/180 [00:52<01:37,  1.19it/s]
Processing frames:  36%|███▌      | 65/180 [00:53<01:36,  1.20it/s]
Processing frames:  37%|███▋      | 66/180 [00:54<01:35,  1.19it/s]
Processing frames:  37%|███▋      | 67/180 [00:54<01:33,  1.21it/s]
Processing frames:  38%|███▊      | 68/180 [00:55<01:31,  1.22it/s]
Processing frames:  38%|███▊      | 69/180 [00:56<01:32,  1.21it/s]
Processing frames:  39%|███▉      | 70/180 [00:57<01:32,  1.19it/s]
Processing frames:  39%|███▉      | 71/180 [00:58<01:34,  1.16it/s]
Processing frames:  40%|████      | 72/180 [00:59<01:31,  1.18it/s]
Processing frames:  41%|████      | 73/180 [00:59<01:29,  1.19it/s]
Processing frames:  41%|████      | 74/180 [01:00<01:28,  1.20it/s]
Processing frames:  42%|████▏     | 75/180 [01:01<01:26,  1.21it/s]
Processing frames:  42%|████▏     | 76/180 [01:02<01:25,  1.21it/s]
Processing frames:  43%|████▎     | 77/180 [01:03<01:24,  1.22it/s]
Processing frames:  43%|████▎     | 78/180 [01:04<01:23,  1.22it/s]
Processing frames:  44%|████▍     | 79/180 [01:04<01:23,  1.21it/s]
Processing frames:  44%|████▍     | 80/180 [01:05<01:23,  1.20it/s]
Processing frames:  45%|████▌     | 81/180 [01:06<01:23,  1.19it/s]
Processing frames:  46%|████▌     | 82/180 [01:07<01:21,  1.21it/s]
Processing frames:  46%|████▌     | 83/180 [01:08<01:19,  1.21it/s]
Processing frames:  47%|████▋     | 84/180 [01:09<01:19,  1.21it/s]
Processing frames:  47%|████▋     | 85/180 [01:09<01:19,  1.20it/s]
Processing frames:  48%|████▊     | 86/180 [01:10<01:19,  1.19it/s]
Processing frames:  48%|████▊     | 87/180 [01:11<01:19,  1.18it/s]
Processing frames:  49%|████▉     | 88/180 [01:12<01:18,  1.18it/s]
Processing frames:  49%|████▉     | 89/180 [01:13<01:15,  1.21it/s]
Processing frames:  50%|█████     | 90/180 [01:14<01:14,  1.20it/s]
Processing frames:  51%|█████     | 91/180 [01:14<01:13,  1.21it/s]
Processing frames:  51%|█████     | 92/180 [01:15<01:12,  1.21it/s]
Processing frames:  52%|█████▏    | 93/180 [01:16<01:11,  1.22it/s]
Processing frames:  52%|█████▏    | 94/180 [01:17<01:10,  1.22it/s]
Processing frames:  53%|█████▎    | 95/180 [01:18<01:10,  1.20it/s]
Processing frames:  53%|█████▎    | 96/180 [01:19<01:10,  1.19it/s]
Processing frames:  54%|█████▍    | 97/180 [01:20<01:15,  1.11it/s]
Processing frames:  54%|█████▍    | 98/180 [01:20<01:11,  1.15it/s]
Processing frames:  55%|█████▌    | 99/180 [01:21<01:08,  1.18it/s]
Processing frames:  56%|█████▌    | 100/180 [01:22<01:07,  1.18it/s]
Processing frames:  56%|█████▌    | 101/180 [01:23<01:06,  1.19it/s]
Processing frames:  57%|█████▋    | 102/180 [01:24<01:08,  1.14it/s]
Processing frames:  57%|█████▋    | 103/180 [01:25<01:06,  1.16it/s]
Processing frames:  58%|█████▊    | 104/180 [01:26<01:05,  1.17it/s]
Processing frames:  58%|█████▊    | 105/180 [01:26<01:03,  1.18it/s]
Processing frames:  59%|█████▉    | 106/180 [01:27<01:01,  1.20it/s]
Processing frames:  59%|█████▉    | 107/180 [01:28<01:00,  1.20it/s]
Processing frames:  60%|██████    | 108/180 [01:29<01:01,  1.17it/s]
Processing frames:  61%|██████    | 109/180 [01:30<01:00,  1.18it/s]
Processing frames:  61%|██████    | 110/180 [01:31<00:59,  1.18it/s]
Processing frames:  62%|██████▏   | 111/180 [01:32<01:00,  1.13it/s]
Processing frames:  62%|██████▏   | 112/180 [01:32<00:59,  1.15it/s]
Processing frames:  63%|██████▎   | 113/180 [01:33<00:57,  1.17it/s]
Processing frames:  63%|██████▎   | 114/180 [01:34<00:55,  1.20it/s]
Processing frames:  64%|██████▍   | 115/180 [01:35<00:54,  1.19it/s]
Processing frames:  64%|██████▍   | 116/180 [01:36<00:53,  1.19it/s]
Processing frames:  65%|██████▌   | 117/180 [01:36<00:51,  1.21it/s]
Processing frames:  66%|██████▌   | 118/180 [01:37<00:50,  1.22it/s]
Processing frames:  66%|██████▌   | 119/180 [01:38<00:49,  1.22it/s]
Processing frames:  67%|██████▋   | 120/180 [01:39<00:48,  1.23it/s]
Processing frames:  67%|██████▋   | 121/180 [01:40<00:47,  1.24it/s]
Processing frames:  68%|██████▊   | 122/180 [01:41<00:46,  1.24it/s]
Processing frames:  68%|██████▊   | 123/180 [01:41<00:46,  1.23it/s]
Processing frames:  69%|██████▉   | 124/180 [01:42<00:45,  1.23it/s]
Processing frames:  69%|██████▉   | 125/180 [01:43<00:44,  1.23it/s]
Processing frames:  70%|███████   | 126/180 [01:44<00:43,  1.23it/s]
Processing frames:  71%|███████   | 127/180 [01:45<00:43,  1.23it/s]
Processing frames:  71%|███████   | 128/180 [01:45<00:42,  1.23it/s]
Processing frames:  72%|███████▏  | 129/180 [01:46<00:42,  1.21it/s]
Processing frames:  72%|███████▏  | 130/180 [01:47<00:41,  1.21it/s]
Processing frames:  73%|███████▎  | 131/180 [01:48<00:40,  1.22it/s]
Processing frames:  73%|███████▎  | 132/180 [01:49<00:39,  1.21it/s]
Processing frames:  74%|███████▍  | 133/180 [01:50<00:38,  1.22it/s]
Processing frames:  74%|███████▍  | 134/180 [01:50<00:37,  1.23it/s]
Processing frames:  75%|███████▌  | 135/180 [01:52<00:45,  1.00s/it]
Processing frames:  76%|███████▌  | 136/180 [01:53<00:41,  1.05it/s]
Processing frames:  76%|███████▌  | 137/180 [01:53<00:39,  1.10it/s]
Processing frames:  77%|███████▋  | 138/180 [01:54<00:37,  1.13it/s]
Processing frames:  77%|███████▋  | 139/180 [01:55<00:35,  1.16it/s]
Processing frames:  78%|███████▊  | 140/180 [01:56<00:33,  1.19it/s]
Processing frames:  78%|███████▊  | 141/180 [01:57<00:32,  1.20it/s]
Processing frames:  79%|███████▉  | 142/180 [01:57<00:31,  1.21it/s]
Processing frames:  79%|███████▉  | 143/180 [01:58<00:30,  1.22it/s]
Processing frames:  80%|████████  | 144/180 [01:59<00:29,  1.21it/s]
Processing frames:  81%|████████  | 145/180 [02:00<00:29,  1.19it/s]
Processing frames:  81%|████████  | 146/180 [02:01<00:29,  1.15it/s]
Processing frames:  82%|████████▏ | 147/180 [02:02<00:29,  1.11it/s]
Processing frames:  82%|████████▏ | 148/180 [02:03<00:28,  1.10it/s]
Processing frames:  83%|████████▎ | 149/180 [02:04<00:27,  1.11it/s]
Processing frames:  83%|████████▎ | 150/180 [02:04<00:26,  1.15it/s]
Processing frames:  84%|████████▍ | 151/180 [02:05<00:24,  1.17it/s]
Processing frames:  84%|████████▍ | 152/180 [02:06<00:23,  1.18it/s]
Processing frames:  85%|████████▌ | 153/180 [02:07<00:22,  1.19it/s]
Processing frames:  86%|████████▌ | 154/180 [02:08<00:21,  1.19it/s]
Processing frames:  86%|████████▌ | 155/180 [02:09<00:20,  1.20it/s]
Processing frames:  87%|████████▋ | 156/180 [02:09<00:20,  1.20it/s]
Processing frames:  87%|████████▋ | 157/180 [02:10<00:19,  1.20it/s]
Processing frames:  88%|████████▊ | 158/180 [02:11<00:18,  1.21it/s]
Processing frames:  88%|████████▊ | 159/180 [02:12<00:17,  1.22it/s]
Processing frames:  89%|████████▉ | 160/180 [02:13<00:16,  1.22it/s]
Processing frames:  89%|████████▉ | 161/180 [02:14<00:15,  1.23it/s]
Processing frames:  90%|█████████ | 162/180 [02:14<00:14,  1.22it/s]
Processing frames:  91%|█████████ | 163/180 [02:15<00:14,  1.20it/s]
Processing frames:  91%|█████████ | 164/180 [02:16<00:13,  1.20it/s]
Processing frames:  92%|█████████▏| 165/180 [02:17<00:12,  1.21it/s]
Processing frames:  92%|█████████▏| 166/180 [02:18<00:11,  1.21it/s]
Processing frames:  93%|█████████▎| 167/180 [02:18<00:10,  1.23it/s]
Processing frames:  93%|█████████▎| 168/180 [02:19<00:09,  1.23it/s]
Processing frames:  94%|█████████▍| 169/180 [02:20<00:08,  1.22it/s]
Processing frames:  94%|█████████▍| 170/180 [02:21<00:08,  1.21it/s]
Processing frames:  95%|█████████▌| 171/180 [02:22<00:07,  1.21it/s]
Processing frames:  96%|█████████▌| 172/180 [02:23<00:06,  1.19it/s]
Processing frames:  96%|█████████▌| 173/180 [02:24<00:06,  1.16it/s]
Processing frames:  97%|█████████▋| 174/180 [02:24<00:05,  1.18it/s]
Processing frames:  97%|█████████▋| 175/180 [02:25<00:04,  1.17it/s]
Processing frames:  98%|█████████▊| 176/180 [02:26<00:03,  1.07it/s]
Processing frames:  98%|█████████▊| 177/180 [02:27<00:02,  1.10it/s]
Processing frames:  99%|█████████▉| 178/180 [02:28<00:01,  1.14it/s]
Processing frames:  99%|█████████▉| 179/180 [02:29<00:00,  1.16it/s]
Processing frames: 100%|██████████| 180/180 [02:30<00:00,  1.18it/s]
Processing frames: 100%|██████████| 180/180 [02:30<00:00,  1.20it/s]

Processing frames:   0%|          | 0/125 [00:00<?, ?it/s]
Processing frames:   1%|          | 1/125 [00:00<00:43,  2.88it/s]
Processing frames:   2%|▏         | 2/125 [00:00<00:42,  2.92it/s]
Processing frames:   2%|▏         | 3/125 [00:01<00:40,  2.98it/s]
Processing frames:   3%|▎         | 4/125 [00:01<00:41,  2.92it/s]
Processing frames:   4%|▍         | 5/125 [00:01<00:39,  3.02it/s]
Processing frames:   5%|▍         | 6/125 [00:01<00:38,  3.06it/s]
Processing frames:   6%|▌         | 7/125 [00:02<00:39,  2.96it/s]
Processing frames:   6%|▋         | 8/125 [00:02<00:39,  2.97it/s]
Processing frames:   7%|▋         | 9/125 [00:03<00:39,  2.97it/s]
Processing frames:   8%|▊         | 10/125 [00:03<00:39,  2.95it/s]
Processing frames:   9%|▉         | 11/125 [00:03<00:38,  2.98it/s]
Processing frames:  10%|▉         | 12/125 [00:04<00:37,  2.98it/s]
Processing frames:  10%|█         | 13/125 [00:04<00:37,  3.00it/s]
Processing frames:  11%|█         | 14/125 [00:04<00:36,  3.06it/s]
Processing frames:  12%|█▏        | 15/125 [00:04<00:35,  3.09it/s]
Processing frames:  13%|█▎        | 16/125 [00:05<00:35,  3.08it/s]
Processing frames:  14%|█▎        | 17/125 [00:05<00:34,  3.09it/s]
Processing frames:  14%|█▍        | 18/125 [00:05<00:35,  3.03it/s]
Processing frames:  15%|█▌        | 19/125 [00:06<00:36,  2.87it/s]
Processing frames:  16%|█▌        | 20/125 [00:06<00:36,  2.91it/s]
Processing frames:  17%|█▋        | 21/125 [00:07<00:35,  2.92it/s]
Processing frames:  18%|█▊        | 22/125 [00:07<00:35,  2.94it/s]
Processing frames:  18%|█▊        | 23/125 [00:07<00:34,  2.94it/s]
Processing frames:  19%|█▉        | 24/125 [00:08<00:34,  2.96it/s]
Processing frames:  20%|██        | 25/125 [00:08<00:34,  2.94it/s]
Processing frames:  21%|██        | 26/125 [00:08<00:33,  2.93it/s]
Processing frames:  22%|██▏       | 27/125 [00:09<00:32,  2.98it/s]
Processing frames:  22%|██▏       | 28/125 [00:09<00:32,  3.02it/s]
Processing frames:  23%|██▎       | 29/125 [00:09<00:34,  2.82it/s]
Processing frames:  24%|██▍       | 30/125 [00:10<00:32,  2.90it/s]
Processing frames:  25%|██▍       | 31/125 [00:10<00:32,  2.91it/s]
Processing frames:  26%|██▌       | 32/125 [00:10<00:31,  2.98it/s]
Processing frames:  26%|██▋       | 33/125 [00:11<00:31,  2.94it/s]
Processing frames:  27%|██▋       | 34/125 [00:11<00:30,  2.97it/s]
Processing frames:  28%|██▊       | 35/125 [00:11<00:29,  3.03it/s]
Processing frames:  29%|██▉       | 36/125 [00:12<00:28,  3.07it/s]
Processing frames:  30%|██▉       | 37/125 [00:12<00:31,  2.78it/s]
Processing frames:  30%|███       | 38/125 [00:12<00:30,  2.90it/s]
Processing frames:  31%|███       | 39/125 [00:13<00:28,  2.98it/s]
Processing frames:  32%|███▏      | 40/125 [00:13<00:28,  3.03it/s]
Processing frames:  33%|███▎      | 41/125 [00:13<00:28,  2.92it/s]
Processing frames:  34%|███▎      | 42/125 [00:14<00:28,  2.96it/s]
Processing frames:  34%|███▍      | 43/125 [00:14<00:27,  2.96it/s]
Processing frames:  35%|███▌      | 44/125 [00:14<00:26,  3.01it/s]
Processing frames:  36%|███▌      | 45/125 [00:15<00:26,  3.03it/s]
Processing frames:  37%|███▋      | 46/125 [00:15<00:25,  3.07it/s]
Processing frames:  38%|███▊      | 47/125 [00:15<00:24,  3.12it/s]
Processing frames:  38%|███▊      | 48/125 [00:16<00:24,  3.11it/s]
Processing frames:  39%|███▉      | 49/125 [00:16<00:24,  3.04it/s]
Processing frames:  40%|████      | 50/125 [00:16<00:24,  3.01it/s]
Processing frames:  41%|████      | 51/125 [00:17<00:24,  3.01it/s]
Processing frames:  42%|████▏     | 52/125 [00:17<00:23,  3.05it/s]
Processing frames:  42%|████▏     | 53/125 [00:17<00:23,  3.07it/s]
Processing frames:  43%|████▎     | 54/125 [00:18<00:23,  3.05it/s]
Processing frames:  44%|████▍     | 55/125 [00:18<00:23,  3.03it/s]
Processing frames:  45%|████▍     | 56/125 [00:18<00:22,  3.08it/s]
Processing frames:  46%|████▌     | 57/125 [00:19<00:22,  3.01it/s]
Processing frames:  46%|████▋     | 58/125 [00:19<00:22,  3.02it/s]
Processing frames:  47%|████▋     | 59/125 [00:19<00:21,  3.06it/s]
Processing frames:  48%|████▊     | 60/125 [00:20<00:21,  3.03it/s]
Processing frames:  49%|████▉     | 61/125 [00:20<00:20,  3.07it/s]
Processing frames:  50%|████▉     | 62/125 [00:20<00:20,  3.08it/s]
Processing frames:  50%|█████     | 63/125 [00:21<00:20,  3.08it/s]
Processing frames:  51%|█████     | 64/125 [00:21<00:20,  3.04it/s]
Processing frames:  52%|█████▏    | 65/125 [00:21<00:19,  3.00it/s]
Processing frames:  53%|█████▎    | 66/125 [00:22<00:19,  3.01it/s]
Processing frames:  54%|█████▎    | 67/125 [00:22<00:19,  3.00it/s]
Processing frames:  54%|█████▍    | 68/125 [00:22<00:18,  3.03it/s]
Processing frames:  55%|█████▌    | 69/125 [00:23<00:18,  3.06it/s]
Processing frames:  56%|█████▌    | 70/125 [00:23<00:17,  3.06it/s]
Processing frames:  57%|█████▋    | 71/125 [00:23<00:17,  3.08it/s]
Processing frames:  58%|█████▊    | 72/125 [00:23<00:17,  3.06it/s]
Processing frames:  58%|█████▊    | 73/125 [00:24<00:17,  3.05it/s]
Processing frames:  59%|█████▉    | 74/125 [00:24<00:16,  3.06it/s]
Processing frames:  60%|██████    | 75/125 [00:24<00:16,  3.09it/s]
Processing frames:  61%|██████    | 76/125 [00:25<00:15,  3.11it/s]
Processing frames:  62%|██████▏   | 77/125 [00:25<00:15,  3.13it/s]
Processing frames:  62%|██████▏   | 78/125 [00:26<00:16,  2.83it/s]
Processing frames:  63%|██████▎   | 79/125 [00:26<00:16,  2.82it/s]
Processing frames:  64%|██████▍   | 80/125 [00:26<00:15,  2.90it/s]
Processing frames:  65%|██████▍   | 81/125 [00:27<00:15,  2.81it/s]
Processing frames:  66%|██████▌   | 82/125 [00:27<00:14,  2.91it/s]
Processing frames:  66%|██████▋   | 83/125 [00:27<00:14,  2.94it/s]
Processing frames:  67%|██████▋   | 84/125 [00:28<00:13,  2.99it/s]
Processing frames:  68%|██████▊   | 85/125 [00:28<00:13,  3.04it/s]
Processing frames:  69%|██████▉   | 86/125 [00:28<00:12,  3.03it/s]
Processing frames:  70%|██████▉   | 87/125 [00:29<00:12,  2.98it/s]
Processing frames:  70%|███████   | 88/125 [00:29<00:12,  3.04it/s]
Processing frames:  71%|███████   | 89/125 [00:29<00:11,  3.06it/s]
Processing frames:  72%|███████▏  | 90/125 [00:29<00:11,  3.11it/s]
Processing frames:  73%|███████▎  | 91/125 [00:30<00:11,  3.07it/s]
Processing frames:  74%|███████▎  | 92/125 [00:30<00:10,  3.02it/s]
Processing frames:  74%|███████▍  | 93/125 [00:31<00:10,  3.00it/s]
Processing frames:  75%|███████▌  | 94/125 [00:31<00:10,  3.02it/s]
Processing frames:  76%|███████▌  | 95/125 [00:31<00:10,  2.98it/s]
Processing frames:  77%|███████▋  | 96/125 [00:32<00:09,  2.98it/s]
Processing frames:  78%|███████▊  | 97/125 [00:32<00:09,  3.05it/s]
Processing frames:  78%|███████▊  | 98/125 [00:32<00:08,  3.06it/s]
Processing frames:  79%|███████▉  | 99/125 [00:33<00:08,  2.94it/s]
Processing frames:  80%|████████  | 100/125 [00:33<00:08,  2.99it/s]
Processing frames:  81%|████████  | 101/125 [00:33<00:07,  3.03it/s]
Processing frames:  82%|████████▏ | 102/125 [00:33<00:07,  3.06it/s]
Processing frames:  82%|████████▏ | 103/125 [00:34<00:07,  3.06it/s]
Processing frames:  83%|████████▎ | 104/125 [00:34<00:06,  3.03it/s]
Processing frames:  84%|████████▍ | 105/125 [00:34<00:06,  3.01it/s]
Processing frames:  85%|████████▍ | 106/125 [00:35<00:06,  3.05it/s]
Processing frames:  86%|████████▌ | 107/125 [00:35<00:05,  3.08it/s]
Processing frames:  86%|████████▋ | 108/125 [00:35<00:05,  2.96it/s]
Processing frames:  87%|████████▋ | 109/125 [00:36<00:05,  2.95it/s]
Processing frames:  88%|████████▊ | 110/125 [00:36<00:05,  2.87it/s]
Processing frames:  89%|████████▉ | 111/125 [00:37<00:04,  2.94it/s]
Processing frames:  90%|████████▉ | 112/125 [00:37<00:04,  3.00it/s]
Processing frames:  90%|█████████ | 113/125 [00:37<00:03,  3.03it/s]
Processing frames:  91%|█████████ | 114/125 [00:37<00:03,  3.05it/s]
Processing frames:  92%|█████████▏| 115/125 [00:38<00:03,  2.97it/s]
Processing frames:  93%|█████████▎| 116/125 [00:38<00:03,  2.76it/s]
Processing frames:  94%|█████████▎| 117/125 [00:39<00:02,  2.84it/s]
Processing frames:  94%|█████████▍| 118/125 [00:39<00:02,  2.93it/s]
Processing frames:  95%|█████████▌| 119/125 [00:39<00:02,  3.00it/s]
Processing frames:  96%|█████████▌| 120/125 [00:40<00:01,  2.88it/s]
Processing frames:  97%|█████████▋| 121/125 [00:40<00:01,  2.93it/s]
Processing frames:  98%|█████████▊| 122/125 [00:40<00:01,  2.91it/s]
Processing frames:  98%|█████████▊| 123/125 [00:41<00:00,  2.94it/s]
Processing frames:  99%|█████████▉| 124/125 [00:41<00:00,  2.95it/s]
Processing frames: 100%|██████████| 125/125 [00:41<00:00,  2.97it/s]
Processing frames: 100%|██████████| 125/125 [00:41<00:00,  2.99it/s]

Processing frames:   0%|          | 0/158 [00:00<?, ?it/s]
Processing frames:   1%|          | 1/158 [00:00<02:15,  1.16it/s]
Processing frames:   1%|▏         | 2/158 [00:01<02:11,  1.19it/s]
Processing frames:   2%|▏         | 3/158 [00:02<02:12,  1.17it/s]
Processing frames:   3%|▎         | 4/158 [00:03<02:11,  1.17it/s]
Processing frames:   3%|▎         | 5/158 [00:04<02:07,  1.20it/s]
Processing frames:   4%|▍         | 6/158 [00:05<02:09,  1.17it/s]
Processing frames:   4%|▍         | 7/158 [00:05<02:06,  1.19it/s]
Processing frames:   5%|▌         | 8/158 [00:06<02:04,  1.20it/s]
Processing frames:   6%|▌         | 9/158 [00:07<02:05,  1.19it/s]
Processing frames:   6%|▋         | 10/158 [00:08<02:04,  1.19it/s]
Processing frames:   7%|▋         | 11/158 [00:09<02:03,  1.19it/s]
Processing frames:   8%|▊         | 12/158 [00:10<02:02,  1.20it/s]
Processing frames:   8%|▊         | 13/158 [00:10<02:02,  1.18it/s]
Processing frames:   9%|▉         | 14/158 [00:11<02:01,  1.19it/s]
Processing frames:   9%|▉         | 15/158 [00:12<01:59,  1.19it/s]
Processing frames:  10%|█         | 16/158 [00:13<01:58,  1.19it/s]
Processing frames:  11%|█         | 17/158 [00:14<01:58,  1.19it/s]
Processing frames:  11%|█▏        | 18/158 [00:15<01:56,  1.20it/s]
Processing frames:  12%|█▏        | 19/158 [00:15<01:55,  1.20it/s]
Processing frames:  13%|█▎        | 20/158 [00:16<01:53,  1.22it/s]
Processing frames:  13%|█▎        | 21/158 [00:17<01:51,  1.23it/s]
Processing frames:  14%|█▍        | 22/158 [00:18<01:53,  1.19it/s]
Processing frames:  15%|█▍        | 23/158 [00:19<01:53,  1.19it/s]
Processing frames:  15%|█▌        | 24/158 [00:20<01:53,  1.18it/s]
Processing frames:  16%|█▌        | 25/158 [00:20<01:51,  1.19it/s]
Processing frames:  16%|█▋        | 26/158 [00:21<01:49,  1.20it/s]
Processing frames:  17%|█▋        | 27/158 [00:22<01:48,  1.21it/s]
Processing frames:  18%|█▊        | 28/158 [00:23<01:48,  1.20it/s]
Processing frames:  18%|█▊        | 29/158 [00:24<01:48,  1.19it/s]
Processing frames:  19%|█▉        | 30/158 [00:25<01:48,  1.18it/s]
Processing frames:  20%|█▉        | 31/158 [00:26<01:47,  1.18it/s]
Processing frames:  20%|██        | 32/158 [00:26<01:47,  1.17it/s]
Processing frames:  21%|██        | 33/158 [00:27<01:45,  1.18it/s]
Processing frames:  22%|██▏       | 34/158 [00:28<01:43,  1.20it/s]
Processing frames:  22%|██▏       | 35/158 [00:29<01:42,  1.20it/s]
Processing frames:  23%|██▎       | 36/158 [00:30<01:42,  1.19it/s]
Processing frames:  23%|██▎       | 37/158 [00:31<01:42,  1.18it/s]
Processing frames:  24%|██▍       | 38/158 [00:32<02:10,  1.09s/it]
Processing frames:  25%|██▍       | 39/158 [00:33<01:59,  1.00s/it]
Processing frames:  25%|██▌       | 40/158 [00:34<01:52,  1.04it/s]
Processing frames:  26%|██▌       | 41/158 [00:35<01:47,  1.09it/s]
Processing frames:  27%|██▋       | 42/158 [00:36<01:43,  1.12it/s]
Processing frames:  27%|██▋       | 43/158 [00:36<01:40,  1.15it/s]
Processing frames:  28%|██▊       | 44/158 [00:37<01:36,  1.18it/s]
Processing frames:  28%|██▊       | 45/158 [00:38<01:35,  1.19it/s]
Processing frames:  29%|██▉       | 46/158 [00:39<01:33,  1.20it/s]
Processing frames:  30%|██▉       | 47/158 [00:40<01:31,  1.22it/s]
Processing frames:  30%|███       | 48/158 [00:42<02:17,  1.25s/it]
Processing frames:  31%|███       | 49/158 [00:43<02:01,  1.12s/it]
Processing frames:  32%|███▏      | 50/158 [00:43<01:50,  1.03s/it]
Processing frames:  32%|███▏      | 51/158 [00:44<01:43,  1.03it/s]
Processing frames:  33%|███▎      | 52/158 [00:45<01:37,  1.08it/s]
Processing frames:  34%|███▎      | 53/158 [00:46<01:36,  1.09it/s]
Processing frames:  34%|███▍      | 54/158 [00:47<01:34,  1.10it/s]
Processing frames:  35%|███▍      | 55/158 [00:48<01:30,  1.13it/s]
Processing frames:  35%|███▌      | 56/158 [00:49<01:27,  1.16it/s]
Processing frames:  36%|███▌      | 57/158 [00:49<01:27,  1.16it/s]
Processing frames:  37%|███▋      | 58/158 [00:50<01:26,  1.15it/s]
Processing frames:  37%|███▋      | 59/158 [00:51<01:26,  1.14it/s]
Processing frames:  38%|███▊      | 60/158 [00:52<01:24,  1.15it/s]
Processing frames:  39%|███▊      | 61/158 [00:53<01:22,  1.17it/s]
Processing frames:  39%|███▉      | 62/158 [00:54<01:20,  1.19it/s]
Processing frames:  40%|███▉      | 63/158 [00:55<01:20,  1.18it/s]
Processing frames:  41%|████      | 64/158 [00:55<01:18,  1.20it/s]
Processing frames:  41%|████      | 65/158 [00:56<01:17,  1.19it/s]
Processing frames:  42%|████▏     | 66/158 [00:57<01:16,  1.20it/s]
Processing frames:  42%|████▏     | 67/158 [00:58<01:15,  1.20it/s]
Processing frames:  43%|████▎     | 68/158 [00:59<01:14,  1.21it/s]
Processing frames:  44%|████▎     | 69/158 [00:59<01:14,  1.19it/s]
Processing frames:  44%|████▍     | 70/158 [01:00<01:13,  1.19it/s]
Processing frames:  45%|████▍     | 71/158 [01:01<01:12,  1.20it/s]
Processing frames:  46%|████▌     | 72/158 [01:02<01:11,  1.20it/s]
Processing frames:  46%|████▌     | 73/158 [01:03<01:10,  1.21it/s]
Processing frames:  47%|████▋     | 74/158 [01:04<01:12,  1.16it/s]
Processing frames:  47%|████▋     | 75/158 [01:05<01:10,  1.17it/s]
Processing frames:  48%|████▊     | 76/158 [01:05<01:09,  1.19it/s]
Processing frames:  49%|████▊     | 77/158 [01:06<01:07,  1.20it/s]
Processing frames:  49%|████▉     | 78/158 [01:07<01:07,  1.19it/s]
Processing frames:  50%|█████     | 79/158 [01:08<01:05,  1.20it/s]
Processing frames:  51%|█████     | 80/158 [01:09<01:04,  1.21it/s]
Processing frames:  51%|█████▏    | 81/158 [01:10<01:03,  1.21it/s]
Processing frames:  52%|█████▏    | 82/158 [01:10<01:02,  1.21it/s]
Processing frames:  53%|█████▎    | 83/158 [01:11<01:01,  1.22it/s]
Processing frames:  53%|█████▎    | 84/158 [01:15<02:00,  1.63s/it]
Processing frames:  54%|█████▍    | 85/158 [01:16<01:42,  1.40s/it]
Processing frames:  54%|█████▍    | 86/158 [01:16<01:29,  1.24s/it]
Processing frames:  55%|█████▌    | 87/158 [01:17<01:24,  1.19s/it]
Processing frames:  56%|█████▌    | 88/158 [01:18<01:16,  1.10s/it]
Processing frames:  56%|█████▋    | 89/158 [01:19<01:10,  1.03s/it]
Processing frames:  57%|█████▋    | 90/158 [01:20<01:05,  1.04it/s]
Processing frames:  58%|█████▊    | 91/158 [01:21<01:03,  1.05it/s]
Processing frames:  58%|█████▊    | 92/158 [01:22<01:00,  1.10it/s]
Processing frames:  59%|█████▉    | 93/158 [01:23<00:57,  1.13it/s]
Processing frames:  59%|█████▉    | 94/158 [01:23<00:55,  1.16it/s]
Processing frames:  60%|██████    | 95/158 [01:25<01:09,  1.11s/it]
Processing frames:  61%|██████    | 96/158 [01:26<01:03,  1.02s/it]
Processing frames:  61%|██████▏   | 97/158 [01:27<00:58,  1.04it/s]
Processing frames:  62%|██████▏   | 98/158 [01:28<00:56,  1.07it/s]
Processing frames:  63%|██████▎   | 99/158 [01:28<00:53,  1.10it/s]
Processing frames:  63%|██████▎   | 100/158 [01:29<00:51,  1.13it/s]
Processing frames:  64%|██████▍   | 101/158 [01:30<00:49,  1.15it/s]
Processing frames:  65%|██████▍   | 102/158 [01:31<00:47,  1.17it/s]
Processing frames:  65%|██████▌   | 103/158 [01:32<00:46,  1.18it/s]
Processing frames:  66%|██████▌   | 104/158 [01:33<00:46,  1.16it/s]
Processing frames:  66%|██████▋   | 105/158 [01:33<00:45,  1.17it/s]
Processing frames:  67%|██████▋   | 106/158 [01:34<00:43,  1.19it/s]
Processing frames:  68%|██████▊   | 107/158 [01:35<00:42,  1.19it/s]
Processing frames:  68%|██████▊   | 108/158 [01:36<00:41,  1.20it/s]
Processing frames:  69%|██████▉   | 109/158 [01:37<00:40,  1.22it/s]
Processing frames:  70%|██████▉   | 110/158 [01:38<00:39,  1.22it/s]
Processing frames:  70%|███████   | 111/158 [01:38<00:38,  1.22it/s]
Processing frames:  71%|███████   | 112/158 [01:39<00:37,  1.23it/s]
Processing frames:  72%|███████▏  | 113/158 [01:40<00:36,  1.22it/s]
Processing frames:  72%|███████▏  | 114/158 [01:41<00:36,  1.22it/s]
Processing frames:  73%|███████▎  | 115/158 [01:42<00:35,  1.22it/s]
Processing frames:  73%|███████▎  | 116/158 [01:42<00:34,  1.20it/s]
Processing frames:  74%|███████▍  | 117/158 [01:43<00:33,  1.21it/s]
Processing frames:  75%|███████▍  | 118/158 [01:44<00:33,  1.21it/s]
Processing frames:  75%|███████▌  | 119/158 [01:45<00:32,  1.21it/s]
Processing frames:  76%|███████▌  | 120/158 [01:46<00:31,  1.22it/s]
Processing frames:  77%|███████▋  | 121/158 [01:47<00:30,  1.22it/s]
Processing frames:  77%|███████▋  | 122/158 [01:47<00:29,  1.23it/s]
Processing frames:  78%|███████▊  | 123/158 [01:48<00:28,  1.23it/s]
Processing frames:  78%|███████▊  | 124/158 [01:49<00:29,  1.16it/s]
Processing frames:  79%|███████▉  | 125/158 [01:50<00:27,  1.18it/s]
Processing frames:  80%|███████▉  | 126/158 [01:51<00:26,  1.19it/s]
Processing frames:  80%|████████  | 127/158 [01:52<00:26,  1.18it/s]
Processing frames:  81%|████████  | 128/158 [01:53<00:25,  1.18it/s]
Processing frames:  82%|████████▏ | 129/158 [01:53<00:24,  1.19it/s]
Processing frames:  82%|████████▏ | 130/158 [01:54<00:23,  1.21it/s]
Processing frames:  83%|████████▎ | 131/158 [01:55<00:22,  1.22it/s]
Processing frames:  84%|████████▎ | 132/158 [01:56<00:21,  1.22it/s]
Processing frames:  84%|████████▍ | 133/158 [01:57<00:20,  1.22it/s]
Processing frames:  85%|████████▍ | 134/158 [01:57<00:19,  1.21it/s]
Processing frames:  85%|████████▌ | 135/158 [01:58<00:18,  1.22it/s]
Processing frames:  86%|████████▌ | 136/158 [01:59<00:18,  1.21it/s]
Processing frames:  87%|████████▋ | 137/158 [02:00<00:17,  1.21it/s]
Processing frames:  87%|████████▋ | 138/158 [02:01<00:16,  1.20it/s]
Processing frames:  88%|████████▊ | 139/158 [02:02<00:15,  1.20it/s]
Processing frames:  89%|████████▊ | 140/158 [02:02<00:15,  1.20it/s]
Processing frames:  89%|████████▉ | 141/158 [02:03<00:14,  1.20it/s]
Processing frames:  90%|████████▉ | 142/158 [02:04<00:13,  1.20it/s]
Processing frames:  91%|█████████ | 143/158 [02:05<00:12,  1.20it/s]
Processing frames:  91%|█████████ | 144/158 [02:06<00:11,  1.19it/s]
Processing frames:  92%|█████████▏| 145/158 [02:07<00:10,  1.20it/s]
Processing frames:  92%|█████████▏| 146/158 [02:07<00:10,  1.20it/s]
Processing frames:  93%|█████████▎| 147/158 [02:08<00:09,  1.21it/s]
Processing frames:  94%|█████████▎| 148/158 [02:09<00:08,  1.17it/s]
Processing frames:  94%|█████████▍| 149/158 [02:10<00:07,  1.18it/s]
Processing frames:  95%|█████████▍| 150/158 [02:11<00:06,  1.20it/s]
Processing frames:  96%|█████████▌| 151/158 [02:12<00:05,  1.19it/s]
Processing frames:  96%|█████████▌| 152/158 [02:12<00:05,  1.20it/s]
Processing frames:  97%|█████████▋| 153/158 [02:13<00:04,  1.20it/s]
Processing frames:  97%|█████████▋| 154/158 [02:14<00:03,  1.21it/s]
Processing frames:  98%|█████████▊| 155/158 [02:15<00:02,  1.21it/s]
Processing frames:  99%|█████████▊| 156/158 [02:16<00:01,  1.21it/s]
Processing frames:  99%|█████████▉| 157/158 [02:17<00:00,  1.21it/s]
Processing frames: 100%|██████████| 158/158 [02:17<00:00,  1.21it/s]
Processing frames: 100%|██████████| 158/158 [02:17<00:00,  1.15it/s]
[av1 @ 0x14b38840] Your platform doesn't suppport hardware accelerated AV1 decoding.
[av1 @ 0x14b38840] Failed to get pixel format.
[av1 @ 0x14b38840] Missing Sequence Header.
[av1 @ 0x14b38840] Missing Sequence Header.
[av1 @ 0x14b38840] Missing Sequence Header.
[av1 @ 0x14b38840] Missing Sequence Header.
[av1 @ 0x14b38840] Missing Sequence Header.
[av1 @ 0x14b38840] Missing Sequence Header.
[av1 @ 0x14b38840] Missing Sequence Header.
[av1 @ 0x14b38840] Missing Sequence Header.
[av1 @ 0x14b38840] Missing Sequence Header.
[av1 @ 0x14b38840] Missing Sequence Header.
[av1 @ 0x14b38840] Missing Sequence Header.
[av1 @ 0x14b38840] Missing Sequence Header.
[av1 @ 0x14b38840] Missing Sequence Header.
[av1 @ 0x14b38840] Missing Sequence Header.
[av1 @ 0x14b38840] Missing Sequence Header.
[av1 @ 0x14b38840] Missing Sequence Header.
[av1 @ 0x14b38840] Missing Sequence Header.
[av1 @ 0x14b38840] Missing Sequence Header.
[av1 @ 0x14b38840] Missing Sequence Header.
[av1 @ 0x14b38840] Missing Sequence Header.
[av1 @ 0x14b38840] Missing Sequence Header.
[av1 @ 0x14b38840] Missing Sequence Header.
[av1 @ 0x14b38840] Missing Sequence Header.
[av1 @ 0x14b38840] Missing Sequence Header.
[av1 @ 0x14b38840] Missing Sequence Header.
[av1 @ 0x14b38840] Missing Sequence Header.
[av1 @ 0x14b38840] Missing Sequence Header.
[av1 @ 0x14b38840] Missing Sequence Header.
[av1 @ 0x14b38840] Missing Sequence Header.
[av1 @ 0x14b38840] Missing Sequence Header.
[av1 @ 0x14b38840] Missing Sequence Header.
[av1 @ 0x14b38840] Missing Sequence Header.
[av1 @ 0x14b38840] Missing Sequence Header.
[av1 @ 0x14b38840] Missing Sequence Header.
[av1 @ 0x14b38840] Missing Sequence Header.
[av1 @ 0x14b38840] Missing Sequence Header.
[av1 @ 0x14b38840] Missing Sequence Header.
[av1 @ 0x14b38840] Missing Sequence Header.
[av1 @ 0x14b38840] Missing Sequence Header.
[av1 @ 0x14b38840] Missing Sequence Header.
[av1 @ 0x14b38840] Missing Sequence Header.
[av1 @ 0x14b38840] Missing Sequence Header.
[av1 @ 0x14b38840] Missing Sequence Header.
[av1 @ 0x14b38840] Missing Sequence Header.
[av1 @ 0x14b38840] Missing Sequence Header.
[av1 @ 0x14b38840] Missing Sequence Header.
[av1 @ 0x14b38840] Missing Sequence Header.
[av1 @ 0x14b38840] Missing Sequence Header.
[av1 @ 0x14b38840] Missing Sequence Header.
[av1 @ 0x14b38840] Missing Sequence Header.
[av1 @ 0x14b38840] Missing Sequence Header.
[av1 @ 0x14b38840] Missing Sequence Header.
[av1 @ 0x14b38840] Missing Sequence Header.
[av1 @ 0x14b38840] Missing Sequence Header.
[av1 @ 0x14b38840] Missing Sequence Header.
[av1 @ 0x14b38840] Missing Sequence Header.
[av1 @ 0x14b38840] Missing Sequence Header.
[av1 @ 0x14b38840] Missing Sequence Header.
[av1 @ 0x14b38840] Missing Sequence Header.
[av1 @ 0x14b38840] Missing Sequence Header.
[av1 @ 0x14b38840] Missing Sequence Header.
[av1 @ 0x14b38840] Missing Sequence Header.
[av1 @ 0x14b38840] Missing Sequence Header.
[av1 @ 0x14b38840] Missing Sequence Header.
[av1 @ 0x14b38840] Missing Sequence Header.
[av1 @ 0x14b38840] Missing Sequence Header.
[av1 @ 0x14b38840] Missing Sequence Header.
[av1 @ 0x14b38840] Missing Sequence Header.
[av1 @ 0x14b38840] Missing Sequence Header.
[av1 @ 0x14b38840] Missing Sequence Header.
[av1 @ 0x14b38840] Missing Sequence Header.
[av1 @ 0x14b38840] Missing Sequence Header.
[av1 @ 0x14b38840] Missing Sequence Header.
[av1 @ 0x14b38840] Missing Sequence Header.
[av1 @ 0x14b38840] Missing Sequence Header.
[av1 @ 0x14b38840] Missing Sequence Header.
[av1 @ 0x14b38840] Missing Sequence Header.
[av1 @ 0x14b38840] Missing Sequence Header.
[av1 @ 0x14b38840] Missing Sequence Header.
[av1 @ 0x14b38840] Missing Sequence Header.
[av1 @ 0x14b38840] Missing Sequence Header.
[av1 @ 0x14b38840] Missing Sequence Header.
[av1 @ 0x14b38840] Missing Sequence Header.
[av1 @ 0x14b38840] Missing Sequence Header.
[av1 @ 0x14b38840] Missing Sequence Header.
[av1 @ 0x14b38840] Missing Sequence Header.
[av1 @ 0x14b38840] Missing Sequence Header.
[av1 @ 0x14b38840] Missing Sequence Header.
[av1 @ 0x14b38840] Missing Sequence Header.
[av1 @ 0x14b38840] Missing Sequence Header.
[av1 @ 0x14b38840] Missing Sequence Header.
[av1 @ 0x14b38840] Missing Sequence Header.
[av1 @ 0x14b38840] Missing Sequence Header.
[av1 @ 0x14b38840] Missing Sequence Header.
[av1 @ 0x14b38840] Your platform doesn't suppport hardware accelerated AV1 decoding.
[av1 @ 0x14b38840] Failed to get pixel format.
[av1 @ 0x14b38840] Missing Sequence Header.
[av1 @ 0x14b38840] Missing Sequence Header.
[av1 @ 0x14b38840] Missing Sequence Header.
[av1 @ 0x14b38840] Missing Sequence Header.
[av1 @ 0x14b38840] Missing Sequence Header.
[av1 @ 0x14b38840] Missing Sequence Header.
[av1 @ 0x14b38840] Missing Sequence Header.
[av1 @ 0x14b38840] Missing Sequence Header.
[av1 @ 0x14b38840] Missing Sequence Header.
[av1 @ 0x14b38840] Missing Sequence Header.
[av1 @ 0x14b38840] Missing Sequence Header.
[av1 @ 0x14b38840] Missing Sequence Header.
[av1 @ 0x14b38840] Missing Sequence Header.
[av1 @ 0x14b38840] Missing Sequence Header.
[av1 @ 0x14b38840] Missing Sequence Header.
[av1 @ 0x14b38840] Missing Sequence Header.
[av1 @ 0x14b38840] Missing Sequence Header.
[av1 @ 0x14b38840] Missing Sequence Header.
[av1 @ 0x14b38840] Missing Sequence Header.
[av1 @ 0x14b38840] Missing Sequence Header.
[av1 @ 0x14b38840] Missing Sequence Header.
[av1 @ 0x14b38840] Missing Sequence Header.
[av1 @ 0x14b38840] Missing Sequence Header.
[av1 @ 0x14b38840] Missing Sequence Header.
[av1 @ 0x14b38840] Missing Sequence Header.
[av1 @ 0x14b38840] Missing Sequence Header.
[av1 @ 0x14b38840] Missing Sequence Header.
[av1 @ 0x14b38840] Missing Sequence Header.
[av1 @ 0x14b38840] Missing Sequence Header.
[av1 @ 0x14b38840] Missing Sequence Header.
[av1 @ 0x14b38840] Missing Sequence Header.
[av1 @ 0x14b38840] Missing Sequence Header.
[av1 @ 0x14b38840] Missing Sequence Header.
[av1 @ 0x14b38840] Missing Sequence Header.
[av1 @ 0x14b38840] Missing Sequence Header.
[av1 @ 0x14b38840] Missing Sequence Header.
[av1 @ 0x14b38840] Missing Sequence Header.
[av1 @ 0x14b38840] Missing Sequence Header.
[av1 @ 0x14b38840] Missing Sequence Header.
[av1 @ 0x14b38840] Missing Sequence Header.
[av1 @ 0x14b38840] Missing Sequence Header.
[av1 @ 0x14b38840] Missing Sequence Header.
[av1 @ 0x14b38840] Missing Sequence Header.
[av1 @ 0x14b38840] Missing Sequence Header.
[av1 @ 0x14b38840] Missing Sequence Header.
[av1 @ 0x14b38840] Missing Sequence Header.
[av1 @ 0x14b38840] Missing Sequence Header.
[av1 @ 0x14b38840] Missing Sequence Header.
[av1 @ 0x14b38840] Missing Sequence Header.
[av1 @ 0x14b38840] Missing Sequence Header.
[av1 @ 0x14b38840] Missing Sequence Header.
[av1 @ 0x14b38840] Missing Sequence Header.
[av1 @ 0x14b38840] Missing Sequence Header.
[av1 @ 0x14b38840] Missing Sequence Header.
[av1 @ 0x14b38840] Missing Sequence Header.
[av1 @ 0x14b38840] Missing Sequence Header.
[av1 @ 0x14b38840] Missing Sequence Header.
[av1 @ 0x14b38840] Missing Sequence Header.
[av1 @ 0x14b38840] Missing Sequence Header.
[av1 @ 0x14b38840] Missing Sequence Header.
[av1 @ 0x14b38840] Missing Sequence Header.
[av1 @ 0x14b38840] Missing Sequence Header.
[av1 @ 0x14b38840] Missing Sequence Header.
[av1 @ 0x14b38840] Missing Sequence Header.
[av1 @ 0x14b38840] Missing Sequence Header.
[av1 @ 0x14b38840] Missing Sequence Header.
[av1 @ 0x14b38840] Missing Sequence Header.
[av1 @ 0x14b38840] Missing Sequence Header.
[av1 @ 0x14b38840] Missing Sequence Header.
[av1 @ 0x14b38840] Missing Sequence Header.
[av1 @ 0x14b38840] Missing Sequence Header.
[av1 @ 0x14b38840] Missing Sequence Header.
[av1 @ 0x14b38840] Missing Sequence Header.
[av1 @ 0x14b38840] Missing Sequence Header.
[av1 @ 0x14b38840] Missing Sequence Header.
[av1 @ 0x14b38840] Missing Sequence Header.
[av1 @ 0x14b38840] Missing Sequence Header.
[av1 @ 0x14b38840] Missing Sequence Header.
[av1 @ 0x14b38840] Missing Sequence Header.
[av1 @ 0x14b38840] Missing Sequence Header.
[av1 @ 0x14b38840] Missing Sequence Header.
[av1 @ 0x14b38840] Missing Sequence Header.
[av1 @ 0x14b38840] Missing Sequence Header.
[av1 @ 0x14b38840] Missing Sequence Header.
[av1 @ 0x14b38840] Missing Sequence Header.
[av1 @ 0x14b38840] Missing Sequence Header.
[av1 @ 0x14b38840] Missing Sequence Header.
[av1 @ 0x14b38840] Missing Sequence Header.
[av1 @ 0x14b38840] Missing Sequence Header.
[av1 @ 0x14b38840] Missing Sequence Header.
[av1 @ 0x14b38840] Your platform doesn't suppport hardware accelerated AV1 decoding.
[av1 @ 0x14b38840] Failed to get pixel format.
[av1 @ 0x14b38840] Missing Sequence Header.
[av1 @ 0x14b38840] Missing Sequence Header.
[av1 @ 0x14b38840] Missing Sequence Header.
[av1 @ 0x14b38840] Missing Sequence Header.
[av1 @ 0x14b38840] Missing Sequence Header.
[av1 @ 0x14b38840] Missing Sequence Header.
[av1 @ 0x14b38840] Missing Sequence Header.
[av1 @ 0x14b38840] Missing Sequence Header.
[av1 @ 0x14b38840] Missing Sequence Header.
[av1 @ 0x14b38840] Missing Sequence Header.
[av1 @ 0x14b38840] Missing Sequence Header.
[av1 @ 0x14b38840] Missing Sequence Header.
[av1 @ 0x14b38840] Missing Sequence Header.
[av1 @ 0x14b38840] Missing Sequence Header.
[av1 @ 0x14b38840] Missing Sequence Header.
[av1 @ 0x14b38840] Missing Sequence Header.
[av1 @ 0x14b38840] Missing Sequence Header.
[av1 @ 0x14b38840] Missing Sequence Header.
[av1 @ 0x14b38840] Missing Sequence Header.
[av1 @ 0x14b38840] Missing Sequence Header.
[av1 @ 0x14b38840] Missing Sequence Header.
[av1 @ 0x14b38840] Missing Sequence Header.
[av1 @ 0x14b38840] Missing Sequence Header.
[av1 @ 0x14b38840] Missing Sequence Header.
[av1 @ 0x14b38840] Missing Sequence Header.
[av1 @ 0x14b38840] Missing Sequence Header.
[av1 @ 0x14b38840] Missing Sequence Header.
[av1 @ 0x14b38840] Missing Sequence Header.
[av1 @ 0x14b38840] Missing Sequence Header.
[av1 @ 0x14b38840] Missing Sequence Header.
[av1 @ 0x14b38840] Missing Sequence Header.
[av1 @ 0x14b38840] Missing Sequence Header.
[av1 @ 0x14b38840] Missing Sequence Header.
[av1 @ 0x14b38840] Missing Sequence Header.
[av1 @ 0x14b38840] Missing Sequence Header.
[av1 @ 0x14b38840] Missing Sequence Header.
[av1 @ 0x14b38840] Missing Sequence Header.
[av1 @ 0x14b38840] Missing Sequence Header.
[av1 @ 0x14b38840] Missing Sequence Header.
[av1 @ 0x14b38840] Missing Sequence Header.
[av1 @ 0x14b38840] Missing Sequence Header.
[av1 @ 0x14b38840] Missing Sequence Header.
[av1 @ 0x14b38840] Missing Sequence Header.
[av1 @ 0x14b38840] Missing Sequence Header.
[av1 @ 0x14b38840] Missing Sequence Header.
[av1 @ 0x14b38840] Missing Sequence Header.
[av1 @ 0x14b38840] Missing Sequence Header.
[av1 @ 0x14b38840] Missing Sequence Header.
[av1 @ 0x14b38840] Missing Sequence Header.
[av1 @ 0x14b38840] Missing Sequence Header.
[av1 @ 0x14b38840] Missing Sequence Header.
[av1 @ 0x14b38840] Missing Sequence Header.
[av1 @ 0x14b38840] Missing Sequence Header.
[av1 @ 0x14b38840] Missing Sequence Header.
[av1 @ 0x14b38840] Missing Sequence Header.
[av1 @ 0x14b38840] Missing Sequence Header.
[av1 @ 0x14b38840] Missing Sequence Header.
[av1 @ 0x14b38840] Missing Sequence Header.
[av1 @ 0x14b38840] Missing Sequence Header.
[av1 @ 0x14b38840] Missing Sequence Header.
[av1 @ 0x14b38840] Missing Sequence Header.
[av1 @ 0x14b38840] Missing Sequence Header.
[av1 @ 0x14b38840] Missing Sequence Header.
[av1 @ 0x14b38840] Missing Sequence Header.
[av1 @ 0x14b38840] Missing Sequence Header.
[av1 @ 0x14b38840] Missing Sequence Header.
[av1 @ 0x14b38840] Missing Sequence Header.
[av1 @ 0x14b38840] Missing Sequence Header.
[av1 @ 0x14b38840] Missing Sequence Header.
[av1 @ 0x14b38840] Missing Sequence Header.
[av1 @ 0x14b38840] Missing Sequence Header.
[av1 @ 0x14b38840] Missing Sequence Header.
[av1 @ 0x14b38840] Missing Sequence Header.
[av1 @ 0x14b38840] Missing Sequence Header.
[av1 @ 0x14b38840] Missing Sequence Header.
[av1 @ 0x14b38840] Missing Sequence Header.
[av1 @ 0x14b38840] Missing Sequence Header.
[av1 @ 0x14b38840] Missing Sequence Header.
[av1 @ 0x14b38840] Missing Sequence Header.
[av1 @ 0x14b38840] Missing Sequence Header.
[av1 @ 0x14b38840] Missing Sequence Header.
[av1 @ 0x14b38840] Missing Sequence Header.
[av1 @ 0x14b38840] Missing Sequence Header.
[av1 @ 0x14b38840] Missing Sequence Header.
[av1 @ 0x14b38840] Missing Sequence Header.
[av1 @ 0x14b38840] Missing Sequence Header.
[av1 @ 0x14b38840] Missing Sequence Header.
[av1 @ 0x14b38840] Missing Sequence Header.
[av1 @ 0x14b38840] Missing Sequence Header.
[av1 @ 0x14b38840] Missing Sequence Header.
[av1 @ 0x14b38840] Missing Sequence Header.
[av1 @ 0x14b38840] Missing Sequence Header.
[av1 @ 0x14b38840] Missing Sequence Header.
[av1 @ 0x14b38840] Missing Sequence Header.
[av1 @ 0x14b38840] Missing Sequence Header.
[av1 @ 0x14b38840] Missing Sequence Header.
[av1 @ 0x14b38840] Missing Sequence Header.
[av1 @ 0x14b38840] Missing Sequence Header.
[av1 @ 0x14b38840] Missing Sequence Header.
[av1 @ 0x14b38840] Missing Sequence Header.
[av1 @ 0x14b38840] Missing Sequence Header.
[av1 @ 0x14b38840] Missing Sequence Header.
[av1 @ 0x14b38840] Missing Sequence Header.
[av1 @ 0x14b38840] Missing Sequence Header.
[av1 @ 0x14b38840] Missing Sequence Header.
[av1 @ 0x14b38840] Missing Sequence Header.
[av1 @ 0x14b38840] Missing Sequence Header.
[av1 @ 0x14b38840] Missing Sequence Header.
[av1 @ 0x14b38840] Missing Sequence Header.
[av1 @ 0x14b38840] Missing Sequence Header.
[av1 @ 0x14b38840] Missing Sequence Header.
[av1 @ 0x14b38840] Missing Sequence Header.
[av1 @ 0x14b38840] Missing Sequence Header.
[av1 @ 0x14b38840] Missing Sequence Header.
[av1 @ 0x14f92f00] Your platform doesn't suppport hardware accelerated AV1 decoding.
[av1 @ 0x14f92f00] Failed to get pixel format.

