HIERARCHY
ROOT Hips
{
	OFFSET -0.001795 -0.223333 0.028219
	CHANNELS 6 Xposition Yposition Zposition Zrotation Yrotation Xrotation 
	JOINT LeftUpLeg
	{
		OFFSET 0.069520 -0.091406 -0.006815
		CHANNELS 3 Zrotation Yrotation Xrotation
		JOINT LeftLeg
		{
			OFFSET 0.034277 -0.375199 -0.004496
			CHANNELS 3 Zrotation Yrotation Xrotation
			JOINT LeftFoot
			{
				OFFSET -0.013596 -0.397961 -0.043693
				CHANNELS 3 Zrotation Yrotation Xrotation
				JOINT LeftToe
				{
					OFFSET 0.026358 -0.055791 0.119288
					CHANNELS 3 Zrotation Yrotation Xrotation
					End Site
					{
						OFFSET 0.000000 0.000000 0.000000
					}
				}
			}
		}
	}
	JOINT RightUpLeg
	{
		OFFSET -0.067670 -0.090522 -0.004320
		CHANNELS 3 Zrotation Yrotation Xrotation
		JOINT RightLeg
		{
			OFFSET -0.038290 -0.382569 -0.008850
			CHANNELS 3 Zrotation Yrotation Xrotation
			JOINT RightFoot
			{
				OFFSET 0.015774 -0.398415 -0.042312
				CHANNELS 3 Zrotation Yrotation Xrotation
				JOINT RightToe
				{
					OFFSET -0.025372 -0.048144 0.123348
					CHANNELS 3 Zrotation Yrotation Xrotation
					End Site
					{
						OFFSET 0.000000 0.000000 0.000000
					}
				}
			}
		}
	}
	JOINT Spine
	{
		OFFSET -0.002533 0.108963 -0.026696
		CHANNELS 3 Zrotation Yrotation Xrotation
		JOINT Spine1
		{
			OFFSET 0.005487 0.135180 0.001092
			CHANNELS 3 Zrotation Yrotation Xrotation
			JOINT Spine2
			{
				OFFSET 0.001457 0.052922 0.025425
				CHANNELS 3 Zrotation Yrotation Xrotation
				JOINT Neck
				{
					OFFSET -0.002778 0.213870 -0.042857
					CHANNELS 3 Zrotation Yrotation Xrotation
					JOINT Head
					{
						OFFSET 0.005152 0.064970 0.051349
						CHANNELS 3 Zrotation Yrotation Xrotation
						End Site
						{
							OFFSET 0.000000 0.000000 0.000000
						}
					}
				}
				JOINT LeftShoulder
				{
					OFFSET 0.078845 0.121749 -0.034090
					CHANNELS 3 Zrotation Yrotation Xrotation
					JOINT LeftArm
					{
						OFFSET 0.090977 0.030469 -0.008868
						CHANNELS 3 Zrotation Yrotation Xrotation
						JOINT LeftForeArm
						{
							OFFSET 0.259612 -0.012772 -0.027456
							CHANNELS 3 Zrotation Yrotation Xrotation
							JOINT LeftHand
							{
								OFFSET 0.249234 0.008986 -0.001171
								CHANNELS 3 Zrotation Yrotation Xrotation
								End Site
								{
									OFFSET 0.000000 0.000000 0.000000
								}
							}
						}
					}
				}
				JOINT RightShoulder
				{
					OFFSET -0.081759 0.118833 -0.038615
					CHANNELS 3 Zrotation Yrotation Xrotation
					JOINT RightArm
					{
						OFFSET -0.096012 0.032551 -0.009143
						CHANNELS 3 Zrotation Yrotation Xrotation
						JOINT RightForeArm
						{
							OFFSET -0.253742 -0.013329 -0.021401
							CHANNELS 3 Zrotation Yrotation Xrotation
							JOINT RightHand
							{
								OFFSET -0.255298 0.007772 -0.005559
								CHANNELS 3 Zrotation Yrotation Xrotation
								End Site
								{
									OFFSET 0.000000 0.000000 0.000000
								}
							}
						}
					}
				}
			}
		}
	}
}
MOTION
Frames: 196
Frame Time: 0.050000
0.000000 0.949892 0.000000 -1.991469 22.155211 4.422541 6.139000 -0.445849 1.318171 -1.656898 0.136520 -4.562773 10.334299 21.598114 16.631982 0.000000 0.000000 0.000000 -3.628811 0.515117 -11.350986 2.520480 -0.481659 6.313092 -9.543599 -18.477749 22.396309 0.000000 0.000000 0.000000 1.164211 -0.623691 9.018679 4.072055 0.090773 -25.660712 -2.595713 -11.114607 26.870597 -0.997596 2.535399 -26.942653 0.000000 0.000000 0.000000 -20.259961 -11.477378 4.271104 -47.519340 -27.472790 2.969478 -36.295443 -60.248835 25.026556 0.000000 0.000000 0.000000 11.650616 8.307181 3.991737 54.420205 12.579402 -2.069952 22.401865 51.433762 14.509470 0.000000 0.000000 0.000000 
0.003000 0.950086 0.001226 -2.410044 21.396266 4.703363 5.398960 -0.359463 1.822373 -0.061049 0.121776 -5.758254 10.736197 22.086731 17.166312 0.000000 0.000000 0.000000 -3.750060 0.515299 -11.209861 2.985634 -0.549556 5.591052 -8.518627 -17.050685 21.671437 0.000000 0.000000 0.000000 1.048541 -0.514030 7.847917 4.182594 0.046418 -26.407826 -2.753086 -12.193017 28.314010 -0.970587 2.368304 -28.514326 0.000000 0.000000 0.000000 -20.091230 -8.177118 2.885314 -49.376513 -23.701468 1.394034 -43.987845 -58.022278 29.239807 0.000000 0.000000 0.000000 10.192435 7.112980 3.154691 56.049704 10.192599 -3.268975 24.707461 48.840083 14.615611 0.000000 0.000000 0.000000 
0.005210 0.950212 0.003064 -2.421502 20.465386 4.433180 5.074466 -0.301522 2.220127 0.132116 0.119052 -5.344169 11.269154 22.690463 17.433880 0.000000 0.000000 0.000000 -4.098347 0.495038 -11.579518 3.081199 -0.612657 7.464124 -7.028917 -14.959147 19.825748 0.000000 0.000000 0.000000 1.085553 -0.527361 8.056955 4.289783 0.016793 -26.694802 -3.564773 -11.216867 28.594994 -0.634334 2.153908 -26.666268 0.000000 0.000000 0.000000 -20.928158 -5.741952 1.412764 -50.095531 -18.805352 -0.630865 -46.143070 -53.802620 28.021813 0.000000 0.000000 0.000000 11.894343 4.137480 1.887984 56.403445 6.365189 -5.126789 25.748518 46.737060 14.448871 0.000000 0.000000 0.000000 
0.006670 0.949646 0.005434 -2.529594 19.583159 4.681908 4.572479 -0.234315 2.600246 0.916900 0.116475 -5.945567 11.781930 23.275027 17.857974 0.000000 0.000000 0.000000 -4.168183 0.502184 -11.164077 3.284799 -0.608314 6.522670 -6.417670 -14.151171 18.843640 0.000000 0.000000 0.000000 0.606789 -0.432702 7.403617 4.668449 -0.083928 -27.037440 -3.670299 -12.075795 29.155848 -0.198924 1.626284 -25.974415 0.000000 0.000000 0.000000 -21.303584 -2.182155 -0.205269 -50.686376 -13.401562 -3.000060 -47.644344 -48.700124 26.257018 0.000000 0.000000 0.000000 10.705774 2.484418 0.880912 57.089840 3.868687 -6.370790 26.925448 44.951990 14.105318 0.000000 0.000000 0.000000 
0.006980 0.949628 0.007876 -2.873449 18.932442 4.473537 4.600663 -0.218642 3.019669 1.378678 0.109137 -5.992044 12.188813 23.727730 18.201586 0.000000 0.000000 0.000000 -3.619637 0.571541 -10.857742 2.868316 -0.499863 6.232409 -5.973534 -13.506025 18.828896 0.000000 0.000000 0.000000 0.486166 -0.425359 7.471915 5.003840 -0.161566 -27.252521 -4.131571 -12.481554 29.251020 0.670814 0.909917 -25.127316 0.000000 0.000000 0.000000 -21.060413 0.069061 -1.205949 -51.073182 -8.692850 -5.045354 -46.139059 -44.947486 23.536682 0.000000 0.000000 0.000000 10.708869 0.169302 -0.332079 57.408248 1.547009 -7.510243 27.209876 44.123097 13.802019 0.000000 0.000000 0.000000 
0.006827 0.949630 0.009508 -3.199187 17.682276 4.176726 4.683890 -0.187707 3.975232 1.564018 0.125285 -6.687511 12.887966 24.492745 18.941184 0.000000 0.000000 0.000000 -3.198338 0.627406 -10.537752 2.479115 -0.388316 5.626375 -5.107374 -12.247432 19.343381 0.000000 0.000000 0.000000 0.024332 -0.336293 6.776879 5.471776 -0.291823 -26.717246 -4.286633 -12.609411 29.964608 0.995401 0.506543 -24.545614 0.000000 0.000000 0.000000 -19.983562 1.348967 -1.554514 -51.162962 -4.977864 -6.699763 -44.833185 -43.935674 22.557755 0.000000 0.000000 0.000000 10.210894 -0.921038 -0.931669 58.423830 0.812085 -8.088282 26.224617 43.119502 12.920237 0.000000 0.000000 0.000000 
0.006386 0.949649 0.009685 -3.444784 16.597743 3.954876 4.938433 -0.188540 4.391850 1.321403 0.134847 -6.743284 13.538915 25.195493 19.434888 0.000000 0.000000 0.000000 -2.715452 0.711178 -10.898202 2.191288 -0.324604 6.374632 -4.720370 -11.782227 18.935093 0.000000 0.000000 0.000000 0.018780 -0.333535 6.772064 5.620986 -0.343583 -26.663045 -4.725473 -12.789230 30.052690 1.900246 -0.196932 -24.586312 0.000000 0.000000 0.000000 -19.590019 2.250512 -1.784639 -51.117488 -2.714481 -7.652174 -41.700490 -42.514436 20.462251 0.000000 0.000000 0.000000 10.120282 -1.649807 -1.394660 58.732754 0.749865 -8.197137 25.103396 41.984199 11.911269 0.000000 0.000000 0.000000 
0.006071 0.949694 0.008267 -3.855871 15.723366 3.546974 5.283342 -0.202718 4.719783 1.224141 0.135822 -6.597138 14.111407 25.807848 19.740664 0.000000 0.000000 0.000000 -2.148353 0.796859 -11.189450 1.890184 -0.253043 6.574927 -4.508048 -11.614500 20.200390 0.000000 0.000000 0.000000 0.002254 -0.340932 6.939272 6.291618 -0.518812 -26.416865 -5.554302 -13.011327 30.457227 2.466784 -0.686440 -24.579673 0.000000 0.000000 0.000000 -19.811751 1.906090 -1.373774 -51.076894 -3.487899 -7.405536 -35.874619 -41.074506 17.254105 0.000000 0.000000 0.000000 9.513417 -1.430960 -1.348436 60.254645 1.814598 -7.945296 21.862277 40.665481 10.145957 0.000000 0.000000 0.000000 
0.005614 0.949794 0.005728 -4.064569 15.174918 3.445338 5.480492 -0.214098 4.645371 1.087657 0.137561 -6.469780 14.469220 26.198795 19.921794 0.000000 0.000000 0.000000 -1.930223 0.850517 -11.621337 2.116987 -0.292288 6.749161 -4.797438 -12.207940 20.862656 0.000000 0.000000 0.000000 -0.013380 -0.351631 7.149030 6.628930 -0.626017 -25.973787 -6.029463 -13.544218 30.030737 2.626417 -0.931865 -24.497169 0.000000 0.000000 0.000000 -19.990544 0.415433 -0.320672 -50.969022 -6.584522 -6.131810 -28.361635 -37.975042 12.903611 0.000000 0.000000 0.000000 9.767311 -0.377952 -1.025502 60.663752 3.833751 -6.981558 18.794657 38.462601 8.271586 0.000000 0.000000 0.000000 
0.004810 0.949838 0.003102 -4.320974 14.054049 3.411107 5.727761 -0.217440 4.692235 0.837048 0.148457 -6.512058 15.166163 26.942835 20.426273 0.000000 0.000000 0.000000 -1.479295 0.945795 -12.158106 2.236011 -0.300770 7.008601 -5.003406 -12.750843 20.923437 0.000000 0.000000 0.000000 -0.007555 -0.356387 7.263044 7.022955 -0.731045 -26.004724 -6.635340 -14.228917 30.092484 3.109016 -1.467175 -24.593805 0.000000 0.000000 0.000000 -20.573438 -0.471441 0.557649 -49.880327 -9.579454 -4.929271 -23.912558 -35.595382 10.480859 0.000000 0.000000 0.000000 10.070176 0.992456 -0.641362 60.625820 5.743909 -6.095176 16.574017 36.299066 6.810954 0.000000 0.000000 0.000000 
0.003557 0.949744 0.000970 -4.471302 12.572445 3.327615 6.083134 -0.218436 4.960394 0.168075 0.173697 -6.615601 16.063862 27.876389 21.104203 0.000000 0.000000 0.000000 -1.005070 1.021751 -12.246005 2.086435 -0.246026 6.789043 -4.731913 -12.566539 20.422838 0.000000 0.000000 0.000000 -0.108873 -0.367979 7.676716 6.927024 -0.724177 -26.140709 -6.803016 -14.759972 30.170245 3.306460 -1.833927 -24.649029 0.000000 0.000000 0.000000 -20.596628 -1.411840 1.506292 -49.041538 -12.245962 -3.911150 -21.100419 -34.845618 9.330807 0.000000 0.000000 0.000000 9.734502 1.543403 -0.576765 60.869116 6.562792 -5.806566 17.463965 36.036114 6.848307 0.000000 0.000000 0.000000 
0.001852 0.949939 -0.000336 -4.701885 10.856418 3.436943 6.405238 -0.211959 5.148990 -0.284961 0.197323 -6.805737 17.104132 28.919079 22.124146 0.000000 0.000000 0.000000 -0.544731 1.114950 -12.577160 2.085841 -0.220416 6.837103 -4.066698 -11.749646 19.590486 0.000000 0.000000 0.000000 -0.103064 -0.368321 7.766451 6.904029 -0.711215 -26.624674 -7.174721 -15.364226 30.540347 3.918825 -2.522119 -24.561523 0.000000 0.000000 0.000000 -20.324037 -1.885918 2.234712 -48.451129 -13.932975 -3.326045 -19.787342 -34.907885 8.995702 0.000000 0.000000 0.000000 9.491061 1.911020 -0.630355 61.374867 7.503411 -5.532478 18.324348 36.299704 6.978694 0.000000 0.000000 0.000000 
0.000040 0.950126 -0.000991 -4.933482 9.254871 3.507698 6.823796 -0.214721 5.310262 -0.849983 0.222022 -6.821654 18.097067 29.880535 23.094074 0.000000 0.000000 0.000000 0.096907 1.221417 -12.865697 1.653125 -0.116651 6.685047 -3.374393 -10.911364 19.632209 0.000000 0.000000 0.000000 -0.344656 -0.350991 7.930975 7.234027 -0.797636 -26.740211 -7.299472 -15.963870 30.335967 4.033398 -2.884224 -24.139276 0.000000 0.000000 0.000000 -20.238212 -1.955420 2.688787 -47.963481 -13.829046 -3.398182 -20.584771 -36.860098 9.987721 0.000000 0.000000 0.000000 9.068707 1.640282 -0.929800 61.847855 7.299459 -5.788518 20.795671 37.967850 7.923554 0.000000 0.000000 0.000000 
-0.001577 0.950509 -0.001286 -5.058549 7.723366 3.603988 7.104471 -0.201345 5.569508 -1.376455 0.249868 -6.998903 19.013818 30.719081 24.154799 0.000000 0.000000 0.000000 0.432994 1.312596 -13.335727 1.367552 -0.043275 6.795409 -2.452030 -9.748309 20.069227 0.000000 0.000000 0.000000 -0.599716 -0.334542 8.177891 7.665025 -0.863218 -27.314746 -7.806537 -16.711880 30.436085 4.222621 -3.282096 -24.203323 0.000000 0.000000 0.000000 -20.528444 -2.290018 3.371673 -47.251055 -14.735197 -3.152582 -20.321711 -37.621030 10.231375 0.000000 0.000000 0.000000 8.738554 1.963185 -0.979199 62.186679 7.338123 -5.966366 22.758383 39.318921 8.651417 0.000000 0.000000 0.000000 
-0.002627 0.950583 -0.001613 -5.170256 6.743305 3.688813 7.241123 -0.191069 5.487270 -1.581683 0.259992 -6.733256 19.662639 31.316492 24.765347 0.000000 0.000000 0.000000 0.469718 1.368911 -13.791959 1.296922 -0.017398 6.867439 -1.472723 -8.500730 20.940703 0.000000 0.000000 0.000000 -0.599717 -0.342790 8.429500 7.945974 -0.922064 -27.448982 -8.049038 -17.635071 30.278555 3.949949 -3.368270 -24.091175 0.000000 0.000000 0.000000 -20.857305 -2.939655 4.192708 -46.781429 -16.594781 -2.500576 -19.448999 -38.049693 10.095042 0.000000 0.000000 0.000000 8.462502 2.410118 -0.961047 62.671462 7.713691 -5.934572 23.023064 40.043223 8.658516 0.000000 0.000000 0.000000 
-0.003145 0.950691 -0.002147 -5.076632 5.914690 3.623929 7.059826 -0.150721 5.529367 -1.636725 0.263774 -6.430943 20.182890 31.779250 25.285664 0.000000 0.000000 0.000000 0.113424 1.385031 -14.269937 1.424238 -0.025797 7.178696 -0.477269 -7.334737 22.193439 0.000000 0.000000 0.000000 -0.515287 -0.367547 8.871034 8.021368 -0.925369 -27.675295 -8.424200 -18.151176 29.943782 3.091386 -3.020876 -23.729028 0.000000 0.000000 0.000000 -21.042577 -4.399811 5.357729 -46.734859 -20.393658 -1.042459 -16.595757 -37.136951 8.764144 0.000000 0.000000 0.000000 8.574215 3.247882 -0.787499 62.815105 8.092820 -5.755714 22.183814 39.612354 8.073770 0.000000 0.000000 0.000000 
-0.003160 0.950641 -0.002636 -4.979797 5.837686 3.487206 7.052564 -0.144484 5.599462 -1.832962 0.270479 -6.301811 20.214829 31.817384 25.261127 0.000000 0.000000 0.000000 -0.202424 1.376475 -14.555506 1.408508 -0.017429 7.487920 0.170946 -6.588948 23.331602 0.000000 0.000000 0.000000 -0.435751 -0.392707 9.240258 7.860979 -0.871632 -27.944811 -8.534476 -19.169711 29.978992 1.654892 -2.278202 -24.428784 0.000000 0.000000 0.000000 -21.274796 -6.145146 6.732199 -47.445230 -25.723032 1.168494 -12.063883 -35.753071 6.816946 0.000000 0.000000 0.000000 8.552958 4.890715 -0.254529 63.082129 9.538333 -5.063965 19.394965 38.427278 6.740063 0.000000 0.000000 0.000000 
-0.002949 0.950922 -0.002824 -4.984283 5.890278 3.256320 7.211527 -0.155170 5.722426 -2.107640 0.279210 -6.116876 20.151192 31.759748 25.202852 0.000000 0.000000 0.000000 -0.679855 1.335790 -14.710847 1.897339 -0.105633 7.846249 0.744225 -5.966107 24.463992 0.000000 0.000000 0.000000 -0.235451 -0.429819 9.565829 7.980995 -0.877174 -28.208031 -8.917342 -19.486618 30.043220 0.023995 -1.334852 -24.560929 0.000000 0.000000 0.000000 -21.166184 -7.750099 7.716301 -47.823763 -30.562416 3.376052 -9.138148 -35.346334 5.704354 0.000000 0.000000 0.000000 8.638204 6.155352 0.219438 62.615854 10.009190 -4.756253 18.310474 38.354286 6.334274 0.000000 0.000000 0.000000 
-0.002753 0.951297 -0.002491 -4.950583 6.395552 3.278514 7.209805 -0.168716 5.743422 -2.034943 0.274518 -6.339246 19.781190 31.400932 25.015033 0.000000 0.000000 0.000000 -1.047621 1.280187 -14.633126 2.063833 -0.146951 7.616617 1.206960 -5.342223 25.215668 0.000000 0.000000 0.000000 -0.013749 -0.454381 9.539932 7.754296 -0.803682 -28.519597 -8.998868 -20.130876 30.067595 -1.195595 -0.621894 -25.295395 0.000000 0.000000 0.000000 -20.713823 -8.995891 8.414241 -48.653631 -34.531676 5.476991 -7.273783 -36.115826 5.248494 0.000000 0.000000 0.000000 8.062189 7.076987 0.667449 62.892606 10.432945 -4.630496 17.267872 37.859406 5.881081 0.000000 0.000000 0.000000 
-0.002646 0.951877 -0.001645 -4.926325 6.740352 3.047042 7.319850 -0.180267 6.120394 -2.164950 0.278879 -6.589265 19.464910 31.076079 24.959190 0.000000 0.000000 0.000000 -1.437316 1.199691 -14.219848 2.338444 -0.205825 7.393326 1.789607 -4.542109 25.766589 0.000000 0.000000 0.000000 0.067301 -0.466855 9.580103 7.465578 -0.738787 -28.639381 -8.979516 -20.314163 29.919239 -2.492963 0.180786 -25.679544 0.000000 0.000000 0.000000 -20.353292 -9.579439 8.633635 -50.048610 -36.880237 7.087789 -7.205767 -36.834867 5.388716 0.000000 0.000000 0.000000 7.732921 6.967007 0.696253 62.479477 10.054859 -4.797019 17.843351 38.010297 6.077105 0.000000 0.000000 0.000000 
-0.002793 0.952155 -0.000458 -5.007302 7.303294 2.926607 7.501460 -0.210786 6.367812 -2.125845 0.274877 -6.885927 19.063136 30.682200 24.743022 0.000000 0.000000 0.000000 -1.469857 1.161777 -13.876475 2.165208 -0.182698 7.303960 2.334875 -3.616128 25.786973 0.000000 0.000000 0.000000 0.332763 -0.491560 9.475333 7.083663 -0.627767 -29.097821 -9.079159 -20.607395 30.134803 -2.869415 0.408665 -25.671481 0.000000 0.000000 0.000000 -20.141433 -9.259213 8.374209 -51.191387 -37.070535 7.543653 -9.146711 -38.834987 6.556442 0.000000 0.000000 0.000000 7.727284 6.449718 0.500916 61.859453 9.066256 -5.256660 19.725484 38.456216 6.755733 0.000000 0.000000 0.000000 
-0.003171 0.952102 0.000887 -4.980382 7.956339 2.721299 7.544474 -0.231007 6.437057 -1.989402 0.264177 -6.699474 18.645997 30.296641 24.352412 0.000000 0.000000 0.000000 -1.584242 1.114344 -13.543836 2.310896 -0.220589 7.381067 2.084757 -3.828116 25.735558 0.000000 0.000000 0.000000 0.260362 -0.467491 9.135782 6.761848 -0.573400 -28.894799 -8.887763 -20.932417 30.201854 -3.663463 0.901932 -25.719301 0.000000 0.000000 0.000000 -20.023061 -8.665993 7.967629 -52.502020 -36.047323 7.406033 -11.826355 -40.308291 8.002312 0.000000 0.000000 0.000000 7.488027 5.545201 0.198017 61.467201 8.223917 -5.671122 21.249989 38.962116 7.345469 0.000000 0.000000 0.000000 
-0.003787 0.951698 0.002343 -5.193828 8.162614 2.406671 7.723070 -0.251176 6.749616 -1.736364 0.253839 -6.607887 18.558762 30.222498 24.153615 0.000000 0.000000 0.000000 -1.377254 1.102775 -13.122485 2.180359 -0.199300 7.422011 2.517976 -3.092461 25.571180 0.000000 0.000000 0.000000 0.417514 -0.471099 8.922667 6.318039 -0.476743 -29.028860 -8.697108 -20.814156 30.656184 -3.363525 0.742007 -25.631925 0.000000 0.000000 0.000000 -19.994905 -7.957690 7.499942 -53.226518 -32.970845 5.922270 -15.162920 -41.742324 9.823969 0.000000 0.000000 0.000000 7.537444 4.316771 -0.271598 60.886810 7.464183 -6.025375 22.706938 38.891302 7.838274 0.000000 0.000000 0.000000 
-0.004611 0.951052 0.003857 -5.467069 8.615776 1.939396 8.002326 -0.290796 7.054880 -1.443877 0.237988 -6.318923 18.347606 30.045977 23.717225 0.000000 0.000000 0.000000 -0.948277 1.072022 -12.199566 1.956177 -0.165989 6.912469 2.489553 -2.932740 25.237910 0.000000 0.000000 0.000000 0.356891 -0.452774 8.674842 6.255510 -0.480775 -28.745834 -8.568446 -20.906413 30.955887 -3.271398 0.715305 -25.966573 0.000000 0.000000 0.000000 -20.677618 -6.395693 6.697733 -53.207481 -29.016184 3.742741 -19.999619 -41.645713 11.910986 0.000000 0.000000 0.000000 7.534364 3.211156 -0.690336 60.470815 6.616826 -6.424178 23.062078 38.570917 7.904470 0.000000 0.000000 0.000000 
-0.005500 0.950664 0.005269 -5.769183 8.551257 1.759062 8.305973 -0.322969 7.425583 -1.294989 0.235751 -6.523607 18.422882 30.114155 23.744750 0.000000 0.000000 0.000000 -0.624800 1.072041 -11.782779 1.883910 -0.154504 6.454617 2.947134 -2.338161 25.532844 0.000000 0.000000 0.000000 0.484545 -0.435695 8.196348 6.014161 -0.447107 -28.462804 -8.466360 -20.635116 31.131967 -2.592619 0.332495 -25.715770 0.000000 0.000000 0.000000 -21.164047 -5.128499 5.988322 -52.193278 -24.866532 1.438170 -23.522123 -39.614264 12.628625 0.000000 0.000000 0.000000 7.773725 2.183264 -1.133349 59.833538 5.487081 -6.878736 22.725003 37.579133 7.587502 0.000000 0.000000 0.000000 
-0.006287 0.950571 0.006383 -5.820554 8.869976 1.516405 8.519492 -0.357710 7.794461 -1.365274 0.238368 -6.736301 18.190364 29.879170 23.595271 0.000000 0.000000 0.000000 -0.272680 1.036091 -10.983719 1.426991 -0.084174 5.538854 2.872571 -2.440586 25.789729 0.000000 0.000000 0.000000 0.470582 -0.411643 7.806889 5.815187 -0.427408 -27.963933 -8.384421 -20.283751 31.006991 -2.068804 0.102332 -25.268581 0.000000 0.000000 0.000000 -21.331736 -3.403007 4.835122 -51.480179 -19.997128 -0.903380 -25.593757 -36.476330 12.233459 0.000000 0.000000 0.000000 7.596153 0.881192 -1.558372 59.820706 3.873661 -7.654923 22.304777 36.882306 7.370251 0.000000 0.000000 0.000000 
-0.006909 0.950518 0.007182 -5.900442 9.093910 1.452476 8.596463 -0.376550 7.950280 -1.197480 0.234042 -6.921471 18.046106 29.729100 23.539869 0.000000 0.000000 0.000000 0.077322 1.028915 -10.565807 1.141030 -0.043195 5.041000 2.548885 -2.818524 25.633816 0.000000 0.000000 0.000000 0.369653 -0.392634 7.608215 5.693770 -0.386517 -28.266276 -8.553543 -19.761127 31.677406 -1.262459 -0.308687 -25.190445 0.000000 0.000000 0.000000 -21.488930 -1.349087 3.492834 -50.592168 -15.602747 -2.955856 -25.104124 -33.203967 10.789103 0.000000 0.000000 0.000000 7.634190 -0.466643 -2.044798 59.617543 2.473645 -8.348016 21.819946 35.699664 7.067004 0.000000 0.000000 0.000000 
-0.007401 0.950267 0.007704 -6.056248 9.212542 1.261667 8.841165 -0.414107 8.391555 -1.230957 0.238905 -7.369948 17.961636 29.636947 23.484838 0.000000 0.000000 0.000000 0.483321 0.994722 -9.820613 0.866714 -0.012983 4.162155 2.345735 -3.027540 25.422421 0.000000 0.000000 0.000000 0.384856 -0.363597 7.087149 5.778188 -0.425884 -27.828691 -8.468915 -19.011395 31.613167 -0.551965 -0.628487 -24.508939 0.000000 0.000000 0.000000 -21.475312 0.382836 2.239204 -49.483723 -11.256265 -4.747319 -25.009442 -30.403976 9.694049 0.000000 0.000000 0.000000 7.069221 -1.061054 -2.054842 59.680591 0.560204 -9.304457 21.819040 34.568601 6.931256 0.000000 0.000000 0.000000 
-0.007723 0.949957 0.008157 -6.123105 9.013523 1.132685 8.950678 -0.421970 8.695894 -1.308509 0.244028 -7.540585 18.083980 29.754103 23.553207 0.000000 0.000000 0.000000 0.565023 0.957618 -9.338781 1.009636 -0.044309 3.655676 2.260553 -3.093463 25.027226 0.000000 0.000000 0.000000 0.424009 -0.357562 6.942875 5.690351 -0.415996 -27.704107 -8.236477 -17.648818 31.802678 -0.088221 -0.704470 -24.428031 0.000000 0.000000 0.000000 -21.387275 1.754670 1.109659 -48.973880 -7.691061 -6.117068 -24.106715 -27.630500 8.403012 0.000000 0.000000 0.000000 7.077996 -1.824056 -2.228525 59.770242 -0.593954 -9.853972 20.776036 32.730056 6.405036 0.000000 0.000000 0.000000 
-0.007955 0.949541 0.008510 -6.347894 9.018558 0.789046 9.104744 -0.450165 9.475961 -1.114308 0.247135 -8.272731 18.066460 29.719587 23.573247 0.000000 0.000000 0.000000 0.800966 0.915386 -8.716184 0.932639 -0.042363 3.153540 2.537827 -2.691727 25.111638 0.000000 0.000000 0.000000 0.572482 -0.361763 6.832261 5.446018 -0.369137 -27.679759 -7.814229 -16.573152 31.878152 0.543471 -0.928552 -24.076854 0.000000 0.000000 0.000000 -20.907098 3.182151 -0.027050 -48.736470 -4.025106 -7.457451 -23.861227 -25.823442 7.720242 0.000000 0.000000 0.000000 6.844319 -2.281771 -2.241934 60.166853 -1.896782 -10.548380 20.277543 30.318102 5.892298 0.000000 0.000000 0.000000 
-0.007916 0.948840 0.008824 -6.293049 9.634403 0.801942 9.274565 -0.504258 9.653823 -1.343988 0.248949 -8.815732 17.695829 29.366870 23.130758 0.000000 0.000000 0.000000 0.741187 0.879746 -8.398604 1.085746 -0.075871 2.806678 1.832306 -3.482019 24.575561 0.000000 0.000000 0.000000 0.575184 -0.354669 6.683365 5.215451 -0.306153 -27.772637 -7.544701 -15.759080 31.951227 0.932222 -0.988211 -23.627555 0.000000 0.000000 0.000000 -20.819276 4.606785 -1.178151 -48.302021 -1.305399 -8.372470 -23.756283 -24.156401 7.114047 0.000000 0.000000 0.000000 7.062785 -2.541822 -2.262928 60.244846 -3.441156 -11.242367 19.385572 28.383300 5.388522 0.000000 0.000000 0.000000 
-0.007649 0.948560 0.008980 -6.196213 10.164174 0.598312 9.416139 -0.553313 10.059498 -1.652416 0.247897 -9.314681 17.324366 28.996288 22.813709 0.000000 0.000000 0.000000 0.536962 0.817377 -7.891528 1.243973 -0.108294 2.509443 1.524727 -3.763904 24.282518 0.000000 0.000000 0.000000 0.748090 -0.384977 6.969501 4.826680 -0.209119 -27.962525 -7.069264 -15.132238 31.946084 1.162197 -0.933877 -24.128608 0.000000 0.000000 0.000000 -20.608730 5.551713 -1.986198 -48.137054 1.195653 -9.208249 -23.959367 -24.247432 7.153316 0.000000 0.000000 0.000000 6.785329 -2.716655 -2.176015 60.574438 -4.376018 -11.737872 18.976579 27.049479 5.111354 0.000000 0.000000 0.000000 
-0.007063 0.948322 0.008959 -6.067614 10.613819 0.599218 9.304835 -0.561253 10.196238 -1.641237 0.242842 -9.696578 17.034704 28.704064 22.572937 0.000000 0.000000 0.000000 0.388167 0.767884 -7.470629 1.350330 -0.135019 2.027788 0.987521 -4.377601 23.801338 0.000000 0.000000 0.000000 0.781809 -0.386733 6.942771 4.593626 -0.156555 -27.890892 -6.802088 -14.522168 32.018594 1.168510 -0.779277 -24.234945 0.000000 0.000000 0.000000 -20.244941 6.360301 -2.684596 -47.886486 2.899970 -9.719505 -24.378804 -24.695147 7.351163 0.000000 0.000000 0.000000 6.777657 -2.662375 -2.056519 60.632216 -5.236496 -12.124194 19.102768 26.303153 5.062626 0.000000 0.000000 0.000000 
-0.006297 0.948485 0.008743 -5.987082 11.488175 0.396909 9.298857 -0.606201 10.475869 -1.628503 0.231010 -10.161403 16.459341 28.110617 22.203778 0.000000 0.000000 0.000000 0.127365 0.707589 -7.004098 1.402525 -0.149870 1.872691 0.866629 -4.339867 23.632152 0.000000 0.000000 0.000000 0.836565 -0.403787 7.123077 4.342392 -0.089858 -27.993904 -6.627819 -14.237417 32.221862 1.075142 -0.518647 -25.151466 0.000000 0.000000 0.000000 -20.030148 6.709808 -3.089138 -47.671518 3.795337 -9.976769 -24.947529 -25.300048 7.638521 0.000000 0.000000 0.000000 6.955084 -2.739708 -2.025741 60.250212 -5.958843 -12.342416 19.804512 25.826004 5.184852 0.000000 0.000000 0.000000 
-0.005396 0.948824 0.008398 -5.857220 12.253109 0.394669 9.345020 -0.651520 10.538665 -1.858447 0.216602 -10.573913 15.947089 27.577103 21.930581 0.000000 0.000000 0.000000 -0.078974 0.658628 -6.608896 1.265762 -0.141257 1.390522 0.771941 -4.341487 23.710913 0.000000 0.000000 0.000000 0.931813 -0.413887 7.130995 4.117636 -0.038460 -27.903895 -6.440660 -14.376022 32.134926 0.523611 -0.107435 -25.359808 0.000000 0.000000 0.000000 -19.820803 6.834906 -3.249542 -47.856023 3.704593 -9.937110 -25.760901 -25.826382 8.004084 0.000000 0.000000 0.000000 6.446273 -2.572399 -1.844807 60.122226 -6.426464 -12.514752 21.112298 26.748593 5.723171 0.000000 0.000000 0.000000 
-0.004451 0.948923 0.007935 -5.803278 13.237277 0.413725 9.423780 -0.706593 10.350639 -1.954212 0.198973 -10.713808 15.371292 26.985610 21.438045 0.000000 0.000000 0.000000 -0.456534 0.616936 -6.401763 1.516985 -0.186643 1.144359 0.633017 -4.400051 23.943337 0.000000 0.000000 0.000000 0.909542 -0.442032 7.518519 3.894284 0.031633 -28.532325 -6.256255 -14.550474 32.500445 0.215255 0.225425 -26.647736 0.000000 0.000000 0.000000 -19.857592 6.344778 -3.070675 -47.914231 3.097305 -9.758460 -26.466541 -26.603542 8.418836 0.000000 0.000000 0.000000 6.101830 -2.661553 -1.788099 59.281231 -7.073116 -12.640432 23.784341 28.061277 6.737994 0.000000 0.000000 0.000000 
-0.003581 0.949219 0.007548 -5.732922 14.089503 0.643877 9.644317 -0.783054 10.225367 -2.368302 0.168847 -11.300460 14.835007 26.418952 21.201352 0.000000 0.000000 0.000000 -0.492507 0.588648 -6.115283 1.295642 -0.171044 0.396737 0.290407 -4.766530 24.087848 0.000000 0.000000 0.000000 0.859845 -0.448108 7.605695 3.993370 0.023801 -28.701542 -6.284201 -14.983347 32.225260 -0.134672 0.497556 -27.352863 0.000000 0.000000 0.000000 -19.937188 6.424042 -3.168305 -47.685444 2.615528 -9.502500 -27.365448 -27.115584 8.829246 0.000000 0.000000 0.000000 5.424634 -2.500548 -1.626342 58.579379 -7.454665 -12.608094 26.008990 29.802782 7.785917 0.000000 0.000000 0.000000 
-0.002833 0.949261 0.007325 -5.758418 14.547943 0.737767 9.784707 -0.822289 10.009667 -2.541895 0.155791 -11.317818 14.590925 26.165788 20.955172 0.000000 0.000000 0.000000 -0.774715 0.555844 -5.919646 1.540441 -0.215235 -0.041819 0.497898 -4.391379 24.266368 0.000000 0.000000 0.000000 0.893250 -0.473116 7.881142 3.928885 0.048734 -29.293957 -6.164113 -15.087100 32.233200 -0.284440 0.661437 -28.163661 0.000000 0.000000 0.000000 -19.737977 6.010974 -2.958939 -47.823347 2.202525 -9.376263 -28.296891 -27.582581 9.249685 0.000000 0.000000 0.000000 4.772312 -2.340976 -1.462973 57.577147 -7.814150 -12.528927 30.156073 31.372021 9.430852 0.000000 0.000000 0.000000 
-0.002246 0.949669 0.007191 -5.803661 15.126771 0.872501 10.059667 -0.891413 9.845084 -2.868373 0.130518 -11.567346 14.240508 25.793505 20.823909 0.000000 0.000000 0.000000 -0.895647 0.534877 -5.756890 1.331770 -0.192513 -0.268270 1.111660 -3.277867 24.035549 0.000000 0.000000 0.000000 0.841370 -0.494332 8.184017 3.925538 0.056012 -29.528670 -6.164266 -15.814047 31.943173 -0.602949 0.799350 -28.573015 0.000000 0.000000 0.000000 -19.672462 5.822418 -2.770983 -47.629129 1.531924 -9.083686 -29.062240 -28.169218 9.706625 0.000000 0.000000 0.000000 4.099390 -2.200122 -1.348448 56.667198 -7.453114 -12.144981 33.945926 32.377691 10.817184 0.000000 0.000000 0.000000 
-0.001771 0.949672 0.006914 -5.747677 15.469789 1.159033 10.033010 -0.893971 9.521090 -2.901374 0.119250 -11.685881 14.057044 25.604074 20.698575 0.000000 0.000000 0.000000 -1.192657 0.526756 -5.863855 1.307529 -0.191219 -0.319434 1.689256 -2.220764 23.621064 0.000000 0.000000 0.000000 0.820121 -0.495393 8.188358 4.122826 0.019643 -29.615939 -6.263487 -16.035192 31.835159 -0.286898 0.635426 -28.799848 0.000000 0.000000 0.000000 -18.973152 5.310967 -2.446126 -47.487762 0.314230 -8.585291 -29.724225 -28.720298 10.101752 0.000000 0.000000 0.000000 3.848341 -2.129905 -1.293252 55.469890 -7.198370 -11.720685 37.787135 33.654753 12.477503 0.000000 0.000000 0.000000 
-0.001323 0.949863 0.006245 -5.724261 15.578825 1.198027 10.098533 -0.902418 9.365478 -3.102272 0.114146 -11.588736 13.988650 25.536733 20.626701 0.000000 0.000000 0.000000 -1.422013 0.516600 -5.904337 1.175008 -0.169417 -0.144051 2.467821 -0.920380 23.324319 0.000000 0.000000 0.000000 0.717308 -0.521032 8.640972 4.188208 -0.000301 -29.539780 -5.947253 -16.437595 31.558081 -0.664312 0.818325 -29.347528 0.000000 0.000000 0.000000 -18.574576 4.609940 -1.962421 -46.929327 -1.136382 -7.971201 -29.988264 -29.456996 10.458946 0.000000 0.000000 0.000000 3.557337 -1.554813 -1.048657 54.638115 -6.855650 -11.384455 40.577407 35.185291 13.958736 0.000000 0.000000 0.000000 
-0.000681 0.949988 0.004836 -5.751665 15.537723 1.402355 10.208406 -0.906756 9.021697 -3.369837 0.108436 -11.513450 14.034462 25.593772 20.589310 0.000000 0.000000 0.000000 -1.533988 0.545415 -6.353543 0.968972 -0.131176 0.278023 3.115817 0.152715 23.062129 0.000000 0.000000 0.000000 0.656896 -0.544046 9.011810 4.497782 -0.060358 -29.684196 -5.876886 -16.618696 31.641058 -0.374240 0.662429 -30.155649 0.000000 0.000000 0.000000 -18.031911 3.699557 -1.378904 -46.074496 -2.848033 -7.267642 -29.698126 -30.335484 10.685089 0.000000 0.000000 0.000000 3.520444 -1.131837 -0.892630 53.777698 -6.259276 -10.949116 43.297545 36.424136 15.410407 0.000000 0.000000 0.000000 
0.000360 0.950146 0.002719 -5.869022 15.144098 1.521175 10.203447 -0.884199 8.879723 -3.420678 0.112570 -11.585242 14.282426 25.862980 20.718529 0.000000 0.000000 0.000000 -1.631736 0.583143 -6.912429 0.955683 -0.122202 0.554406 3.768921 0.903872 23.690538 0.000000 0.000000 0.000000 0.777496 -0.591422 9.494642 5.023924 -0.172798 -29.416995 -5.852132 -16.709562 31.449111 0.007968 0.432034 -30.665687 0.000000 0.000000 0.000000 -17.371469 2.798639 -0.796033 -45.430977 -4.688063 -6.533537 -28.748500 -31.053300 10.647582 0.000000 0.000000 0.000000 3.530694 -0.229250 -0.565625 53.445226 -5.008749 -10.340105 43.413361 37.636563 15.924279 0.000000 0.000000 0.000000 
0.001575 0.950420 0.000349 -5.619892 14.651183 1.870256 9.658144 -0.771633 8.618603 -3.249503 0.125053 -11.697763 14.526322 26.128784 20.977644 0.000000 0.000000 0.000000 -1.957898 0.617558 -7.666372 0.960763 -0.111019 1.060240 3.811670 0.879569 23.623691 0.000000 0.000000 0.000000 0.348430 -0.551595 9.583925 5.789570 -0.337878 -29.144390 -5.818238 -17.082893 31.806548 0.164683 0.275303 -31.581802 0.000000 0.000000 0.000000 -17.006675 1.687455 -0.013282 -44.559575 -6.571447 -5.881311 -27.622509 -32.558421 10.870160 0.000000 0.000000 0.000000 3.663057 0.887469 -0.188941 53.506447 -2.623954 -9.420718 42.099174 38.636992 15.775357 0.000000 0.000000 0.000000 
0.002723 0.950656 -0.001679 -5.483217 14.195620 1.899984 9.483511 -0.728128 8.739828 -3.497151 0.121754 -11.913900 14.735030 26.346977 21.198932 0.000000 0.000000 0.000000 -2.212891 0.630708 -8.109387 0.890879 -0.096105 1.214522 4.260539 1.140958 24.690903 0.000000 0.000000 0.000000 0.153382 -0.568383 10.149814 6.790711 -0.572941 -28.492766 -5.878313 -17.214445 31.331194 0.489056 0.045679 -31.669837 0.000000 0.000000 0.000000 -16.366694 0.356752 0.769607 -43.490165 -8.347552 -5.160883 -26.787424 -34.485568 11.268430 0.000000 0.000000 0.000000 4.283231 1.919864 0.102957 53.611748 -0.568811 -8.518650 40.564838 39.430588 15.452327 0.000000 0.000000 0.000000 
0.003482 0.950860 -0.003191 -5.192986 13.936993 2.066173 9.036832 -0.651494 8.758737 -3.443679 0.121976 -12.181230 14.813000 26.424145 21.410660 0.000000 0.000000 0.000000 -2.553701 0.624518 -8.385197 0.811582 -0.081561 1.307112 4.425285 1.301831 24.769739 0.000000 0.000000 0.000000 -0.157642 -0.553028 10.442212 7.356804 -0.716063 -28.051340 -5.684078 -17.840979 31.547068 0.126887 0.158406 -32.772086 0.000000 0.000000 0.000000 -16.422703 -1.037683 1.690972 -41.810836 -11.078136 -4.229546 -25.231838 -36.684001 11.463939 0.000000 0.000000 0.000000 4.931002 3.355958 0.528565 53.746163 2.266294 -7.381003 37.719414 40.012761 14.489815 0.000000 0.000000 0.000000 
0.003772 0.951252 -0.004456 -5.047356 13.935757 2.061029 8.923797 -0.628665 8.569950 -3.581308 0.125335 -11.913843 14.781654 26.397525 21.392578 0.000000 0.000000 0.000000 -2.747990 0.604609 -8.315730 0.820266 -0.086180 1.148654 4.452101 1.307395 24.875694 0.000000 0.000000 0.000000 -0.010476 -0.623724 11.213921 7.728050 -0.792574 -28.054606 -5.448306 -18.449894 31.263357 -0.491780 0.394170 -33.183960 0.000000 0.000000 0.000000 -16.064188 -2.446315 2.529988 -40.569011 -13.892446 -3.279980 -25.025303 -38.616353 12.067984 0.000000 0.000000 0.000000 5.311303 5.386125 1.225578 54.533495 4.963148 -6.309537 34.295723 39.958286 13.107257 0.000000 0.000000 0.000000 
0.003664 0.951823 -0.005807 -5.099297 13.724622 2.132017 9.105218 -0.641369 8.332282 -3.879659 0.126465 -11.736968 14.888117 26.510279 21.550338 0.000000 0.000000 0.000000 -2.532733 0.621776 -8.255286 0.767042 -0.084906 0.823883 4.107779 0.801057 24.683423 0.000000 0.000000 0.000000 -0.194586 -0.633466 11.649370 8.432905 -0.968267 -27.796297 -5.135144 -18.714917 30.691340 -0.844277 0.531215 -33.373799 0.000000 0.000000 0.000000 -15.439386 -3.363128 2.997376 -39.617060 -17.834865 -1.929080 -24.838883 -40.412357 12.614485 0.000000 0.000000 0.000000 5.565792 7.183105 1.856465 55.261950 8.091611 -4.954630 31.102321 39.527022 11.739939 0.000000 0.000000 0.000000 
0.003150 0.952441 -0.007075 -5.136506 13.952045 2.551739 9.347703 -0.674899 7.696280 -4.156446 0.114082 -11.698761 14.751923 26.378861 21.617484 0.000000 0.000000 0.000000 -2.302899 0.651671 -8.423307 0.701980 -0.083578 0.510078 3.494121 0.104575 24.070624 0.000000 0.000000 0.000000 -0.166524 -0.660933 11.925759 8.402831 -0.923033 -28.329444 -4.523692 -19.680750 30.348562 -1.416205 0.709400 -33.726436 0.000000 0.000000 0.000000 -14.820668 -4.268172 3.535403 -39.204036 -21.050138 -0.863864 -24.927027 -42.906461 13.649139 0.000000 0.000000 0.000000 5.098110 8.865754 2.468658 56.309680 10.836906 -3.829552 28.768182 39.080065 10.667600 0.000000 0.000000 0.000000 
0.002143 0.952892 -0.007643 -5.391548 13.566784 2.817107 9.725952 -0.706142 7.235851 -4.340857 0.125261 -11.458473 15.019843 26.662178 21.887511 0.000000 0.000000 0.000000 -1.917902 0.695526 -8.537833 1.060715 -0.133987 0.433418 2.863341 -0.613923 22.862671 0.000000 0.000000 0.000000 -0.266783 -0.650018 11.968125 9.184620 -1.088896 -28.441313 -4.370062 -19.596511 30.065010 -1.619389 0.780239 -33.411711 0.000000 0.000000 0.000000 -14.130234 -4.338997 3.495469 -39.139160 -23.264105 -0.041599 -25.917035 -46.231247 15.410016 0.000000 0.000000 0.000000 5.119281 10.100896 2.916428 56.936425 12.964897 -2.845845 26.555471 38.625740 9.763611 0.000000 0.000000 0.000000 
0.000683 0.952826 -0.007315 -5.410581 12.729536 3.300650 9.684304 -0.668608 6.993419 -4.269703 0.141167 -11.632929 15.520255 27.168608 22.441680 0.000000 0.000000 0.000000 -1.742592 0.721490 -8.590443 1.240231 -0.165065 0.006536 2.798187 -0.480232 21.396691 0.000000 0.000000 0.000000 -0.409084 -0.624090 11.980105 8.977678 -1.043121 -28.497008 -3.583524 -19.237942 29.714908 -2.018759 0.961741 -33.344012 0.000000 0.000000 0.000000 -14.119182 -3.871965 3.285660 -39.515603 -22.813358 -0.137646 -28.049389 -51.029898 18.576796 0.000000 0.000000 0.000000 5.266821 10.268563 2.948317 57.416883 13.939792 -2.389962 25.670220 38.315133 9.367410 0.000000 0.000000 0.000000 
-0.000875 0.952432 -0.006058 -5.744396 11.760221 3.576088 10.153954 -0.693486 6.816058 -4.512012 0.162070 -11.478391 16.188639 27.846293 22.881697 0.000000 0.000000 0.000000 -1.123624 0.786622 -8.766110 1.375596 -0.179753 0.011007 2.605432 -0.637923 20.165866 0.000000 0.000000 0.000000 -0.552933 -0.589926 11.877101 9.248116 -1.104760 -28.517321 -3.578440 -18.678555 29.776236 -1.359708 0.612230 -32.992979 0.000000 0.000000 0.000000 -14.929928 -2.574023 2.733463 -40.245895 -21.239173 -0.664724 -30.099687 -53.584899 20.981815 0.000000 0.000000 0.000000 5.782783 10.170760 2.856083 57.490430 13.943940 -2.354605 25.394862 38.884263 9.421731 0.000000 0.000000 0.000000 
-0.002201 0.951862 -0.004620 -5.877801 10.616141 3.915095 10.285854 -0.671523 6.870445 -4.617254 0.181668 -11.658294 16.918257 28.560940 23.485099 0.000000 0.000000 0.000000 -0.823125 0.841849 -9.102506 1.418022 -0.185672 -0.186158 2.918988 -0.298373 19.996997 0.000000 0.000000 0.000000 -0.881720 -0.516457 11.551605 9.530004 -1.180874 -28.331303 -3.614517 -17.822446 30.047960 -0.114826 -0.016691 -32.810441 0.000000 0.000000 0.000000 -15.889747 -1.036393 2.024055 -41.300664 -17.752980 -1.883478 -33.451754 -55.203314 23.857992 0.000000 0.000000 0.000000 6.520085 9.279932 2.454071 57.612892 13.758692 -2.436702 25.101888 39.179106 9.438270 0.000000 0.000000 0.000000 
-0.002969 0.951050 -0.003478 -6.107582 9.374060 4.170426 10.513497 -0.655861 6.974514 -4.818776 0.204497 -11.761008 17.751114 29.377422 24.028333 0.000000 0.000000 0.000000 -0.349659 0.934288 -9.736856 1.256859 -0.151862 0.217141 3.259946 0.084975 19.791932 0.000000 0.000000 0.000000 -1.188023 -0.461957 11.475032 9.900858 -1.279349 -28.139173 -3.806238 -17.225603 30.288829 1.390519 -0.836541 -32.453000 0.000000 0.000000 0.000000 -16.370573 0.937792 1.063562 -43.101250 -13.227546 -3.434879 -37.054563 -57.001679 27.314312 0.000000 0.000000 0.000000 6.809641 8.296340 1.996302 57.935576 13.222036 -2.710680 24.616142 39.555399 9.329894 0.000000 0.000000 0.000000 
-0.003139 0.950721 -0.002855 -6.387656 8.579236 4.254005 10.602515 -0.633296 6.866840 -4.638088 0.235338 -11.402380 18.343158 29.965496 24.314901 0.000000 0.000000 0.000000 0.061778 1.014078 -10.268325 1.071715 -0.109969 0.858596 3.654904 0.632393 19.659949 0.000000 0.000000 0.000000 -1.218493 -0.448190 11.425181 9.969264 -1.324606 -27.817834 -4.225166 -16.871271 30.679038 2.717440 -1.525351 -32.654683 0.000000 0.000000 0.000000 -16.861166 3.193636 -0.083400 -44.619073 -8.693470 -5.099279 -39.406527 -57.175379 29.180219 0.000000 0.000000 0.000000 6.986864 6.347163 1.160971 58.066252 12.117425 -3.290311 25.416996 40.101031 9.720480 0.000000 0.000000 0.000000 
-0.002942 0.950274 -0.002674 -6.424658 8.166843 4.286740 10.589946 -0.617116 6.969536 -4.686232 0.242816 -11.450244 18.627814 30.247341 24.431080 0.000000 0.000000 0.000000 0.065929 1.055933 -10.713153 1.086054 -0.095436 1.484665 3.855465 0.913430 19.576409 0.000000 0.000000 0.000000 -1.358571 -0.428924 11.465019 10.116447 -1.352662 -27.882081 -4.669535 -16.822532 31.467196 4.222970 -2.428288 -32.102567 0.000000 0.000000 0.000000 -17.405687 4.468981 -0.666024 -45.448039 -4.838172 -6.626611 -39.914549 -58.119795 30.327721 0.000000 0.000000 0.000000 6.655226 5.154715 0.699711 57.883198 10.998767 -3.934356 26.292465 41.821978 10.475356 0.000000 0.000000 0.000000 
-0.002623 0.950471 -0.002659 -6.585115 7.706125 4.419725 10.553073 -0.594971 6.886938 -4.485454 0.256654 -11.399099 18.949164 30.544421 24.734336 0.000000 0.000000 0.000000 0.275537 1.134458 -11.378135 1.011281 -0.069224 2.081818 4.046056 0.950370 20.111078 0.000000 0.000000 0.000000 -1.559583 -0.395728 11.381176 10.819088 -1.554380 -27.403536 -5.396798 -16.488484 31.353286 4.655146 -2.709631 -31.442759 0.000000 0.000000 0.000000 -17.377873 5.792019 -1.425286 -45.116602 -2.570423 -7.322344 -40.010240 -59.431740 31.179247 0.000000 0.000000 0.000000 6.131426 3.822110 0.234122 58.152314 9.897718 -4.492774 27.537171 42.894289 11.232304 0.000000 0.000000 0.000000 
-0.002447 0.950815 -0.002902 -6.597348 7.770759 4.364125 10.602021 -0.603239 6.923843 -4.551490 0.254021 -11.417681 18.880266 30.468592 24.763764 0.000000 0.000000 0.000000 0.320281 1.193857 -12.011575 0.895214 -0.036675 2.770991 4.092889 0.609665 21.336274 0.000000 0.000000 0.000000 -1.730762 -0.386762 11.617717 10.937773 -1.568987 -27.501254 -5.721234 -16.889894 31.730597 5.525602 -3.278231 -31.253920 0.000000 0.000000 0.000000 -17.762379 5.621609 -1.201331 -44.063062 -2.708449 -7.277002 -36.699160 -61.151374 30.058237 0.000000 0.000000 0.000000 5.396921 3.416614 0.152224 58.498591 9.693995 -4.741089 28.609366 44.087004 11.949331 0.000000 0.000000 0.000000 
-0.002408 0.951280 -0.003595 -6.501688 7.750467 4.215627 10.764338 -0.613348 6.725940 -5.032150 0.262749 -10.842956 18.863071 30.464223 24.702102 0.000000 0.000000 0.000000 0.174170 1.207611 -12.314330 0.958497 -0.042937 2.900822 4.176275 0.173042 22.980395 0.000000 0.000000 0.000000 -1.869698 -0.390060 12.060389 11.183054 -1.646171 -27.294568 -6.239641 -17.197994 31.468761 5.542787 -3.403704 -30.669023 0.000000 0.000000 0.000000 -17.837022 4.946933 -0.758431 -42.049989 -4.687802 -6.436556 -29.631626 -61.461459 25.373505 0.000000 0.000000 0.000000 4.794057 3.622927 0.298090 58.586850 9.941309 -4.662510 29.011730 45.397780 12.425586 0.000000 0.000000 0.000000 
-0.002499 0.951965 -0.004713 -6.285873 7.825868 3.899956 10.626728 -0.598585 6.986038 -5.178499 0.260845 -10.814203 18.693399 30.277388 24.762650 0.000000 0.000000 0.000000 -0.036970 1.193758 -12.394346 1.061142 -0.053834 3.124750 3.932594 -0.601858 24.219877 0.000000 0.000000 0.000000 -1.830514 -0.412825 12.419938 11.155472 -1.655619 -27.152393 -6.650059 -17.715142 31.345138 4.642140 -3.069028 -30.244928 0.000000 0.000000 0.000000 -17.859739 3.389807 0.218822 -39.966056 -8.109974 -5.252256 -19.756525 -60.721088 18.599242 0.000000 0.000000 0.000000 4.203182 3.942025 0.480126 59.042826 10.532830 -4.495884 29.071138 45.857311 12.499651 0.000000 0.000000 0.000000 
-0.002723 0.952366 -0.006067 -5.863069 8.428004 3.482986 10.470073 -0.596227 7.036644 -5.522269 0.256038 -10.410031 18.206401 29.820507 24.372649 0.000000 0.000000 0.000000 -0.503850 1.114151 -12.040253 1.278460 -0.084029 3.467087 3.234391 -1.427810 23.834321 0.000000 0.000000 0.000000 -1.821691 -0.445576 12.909066 10.831025 -1.569453 -27.312303 -6.901636 -18.889494 31.274255 3.048708 -2.407649 -29.809159 0.000000 0.000000 0.000000 -18.053767 1.181132 1.639101 -37.433545 -12.990181 -3.751923 -8.851986 -56.437851 10.639268 0.000000 0.000000 0.000000 3.641708 5.132667 0.964097 59.281305 11.670975 -4.068546 28.640428 46.495531 12.357985 0.000000 0.000000 0.000000 
-0.003021 0.952928 -0.007242 -5.669472 8.468650 2.998560 10.494550 -0.593942 7.217511 -5.893105 0.268968 -9.912273 18.087114 29.703058 24.310155 0.000000 0.000000 0.000000 -0.745421 1.044516 -11.458613 1.620097 -0.139363 3.355233 2.802196 -2.058171 23.726574 0.000000 0.000000 0.000000 -1.650298 -0.493943 13.398373 10.633539 -1.533291 -27.226685 -7.033686 -19.324439 31.154696 1.233707 -1.514192 -29.782559 0.000000 0.000000 0.000000 -18.090603 -0.918698 2.888316 -34.290007 -17.882362 -2.377872 -2.332974 -51.577972 5.931700 0.000000 0.000000 0.000000 3.666072 6.496813 1.444158 59.222866 13.325499 -3.297782 27.589198 46.473213 11.856651 0.000000 0.000000 0.000000 
-0.003409 0.952494 -0.008108 -5.305548 8.641235 2.709766 10.592404 -0.613571 7.587881 -6.673645 0.255282 -10.077269 17.873490 29.499038 24.103263 0.000000 0.000000 0.000000 -1.049532 1.001253 -11.290662 1.888377 -0.176221 3.887655 1.952705 -3.066454 22.706009 0.000000 0.000000 0.000000 -1.452274 -0.546123 13.849723 10.453625 -1.446987 -27.690076 -6.932571 -20.217088 31.543863 -0.209970 -0.891404 -29.878262 0.000000 0.000000 0.000000 -18.204313 -2.845299 4.149525 -31.175999 -21.995348 -1.459772 1.585714 -46.465005 3.197648 0.000000 0.000000 0.000000 3.296231 8.360137 2.135430 58.717371 15.023693 -2.605784 26.153020 46.565512 11.156768 0.000000 0.000000 0.000000 
-0.003876 0.952216 -0.008476 -5.305224 8.145452 2.370954 10.756038 -0.614142 7.987595 -7.044263 0.270615 -9.980992 18.139706 29.758339 24.242050 0.000000 0.000000 0.000000 -1.196750 0.946898 -10.694427 2.377669 -0.248924 4.135599 2.000822 -2.537487 20.659061 0.000000 0.000000 0.000000 -1.120974 -0.592439 13.997901 10.820654 -1.545348 -27.565578 -7.082888 -19.879516 31.274046 -1.976250 0.120873 -30.247353 0.000000 0.000000 0.000000 -17.934904 -3.969117 4.706978 -29.545337 -25.244577 -0.734806 3.711434 -41.698332 1.772968 0.000000 0.000000 0.000000 3.823253 9.223551 2.379586 57.959445 16.249304 -1.896044 24.892127 45.371855 10.313185 0.000000 0.000000 0.000000 
-0.004689 0.951378 -0.008268 -5.335462 7.978404 2.142077 10.964037 -0.640167 8.477495 -7.304824 0.259523 -10.318833 18.229474 29.852794 24.192373 0.000000 0.000000 0.000000 -1.086967 0.923092 -10.271415 2.460594 -0.258611 4.525539 1.884201 -2.192200 18.649232 0.000000 0.000000 0.000000 -0.717199 -0.651308 14.099166 10.591048 -1.455764 -27.952798 -6.834383 -20.335238 31.692336 -3.142270 0.653464 -30.332776 0.000000 0.000000 0.000000 -18.280587 -4.419289 5.164933 -28.933227 -27.140613 -0.435032 5.757424 -39.446060 0.896523 0.000000 0.000000 0.000000 3.961400 10.034157 2.618436 57.703047 16.929134 -1.651855 23.316679 44.701755 9.439840 0.000000 0.000000 0.000000 
-0.005961 0.950993 -0.007343 -5.351430 7.802815 1.864560 11.205367 -0.667639 8.865429 -7.582133 0.263322 -10.311214 18.302245 29.920576 24.230048 0.000000 0.000000 0.000000 -1.011729 0.889345 -9.770033 2.694304 -0.294807 4.784048 1.713793 -2.084306 17.146554 0.000000 0.000000 0.000000 -0.282755 -0.719041 14.257136 10.600404 -1.454553 -28.020611 -6.887841 -20.022478 31.712960 -4.087931 1.221429 -30.089829 0.000000 0.000000 0.000000 -18.379171 -4.522140 5.186696 -29.017246 -27.275188 -0.389187 5.967793 -38.459530 0.753280 0.000000 0.000000 0.000000 4.501870 9.865763 2.502371 57.629237 16.480627 -1.799506 22.979787 44.662367 9.339385 0.000000 0.000000 0.000000 
-0.007860 0.950646 -0.005600 -5.429190 7.500326 1.728398 11.196893 -0.664755 9.408150 -7.263374 0.256353 -10.724200 18.457848 30.042492 24.507750 0.000000 0.000000 0.000000 -0.687459 0.873701 -9.285960 2.437770 -0.249651 4.635010 1.978151 -1.383745 16.215947 0.000000 0.000000 0.000000 -0.087046 -0.727742 14.054328 10.701941 -1.473932 -28.042268 -6.932075 -19.823389 31.808796 -4.036265 1.196408 -29.881780 0.000000 0.000000 0.000000 -19.007999 -3.755120 4.866413 -29.832541 -25.941777 -0.682143 5.158897 -39.346787 1.111826 0.000000 0.000000 0.000000 5.276977 8.981796 2.055911 57.784247 15.369736 -2.263483 23.136526 44.349536 9.317318 0.000000 0.000000 0.000000 
-0.010240 0.950313 -0.003077 -5.558237 7.391906 1.610962 11.596653 -0.722856 9.783528 -7.441075 0.250421 -10.888866 18.494347 30.054201 24.672095 0.000000 0.000000 0.000000 -0.325073 0.832374 -8.535124 2.372263 -0.245104 3.750094 2.030293 -1.247349 16.033739 0.000000 0.000000 0.000000 0.072906 -0.743317 13.971978 10.918205 -1.522026 -28.073338 -6.964210 -19.574891 31.593746 -3.907326 1.171728 -29.604822 0.000000 0.000000 0.000000 -19.556157 -2.062263 3.937915 -31.896562 -23.818285 -1.073148 2.474823 -40.658531 2.271393 0.000000 0.000000 0.000000 5.930538 7.494107 1.389490 57.704505 13.293748 -3.131021 23.840970 44.272269 9.554600 0.000000 0.000000 0.000000 
-0.012842 0.950254 -0.000222 -5.629403 7.381950 1.637623 11.733143 -0.758030 10.223629 -7.214830 0.229276 -11.436105 18.443325 29.951464 24.992797 0.000000 0.000000 0.000000 0.057387 0.806913 -8.007120 2.185594 -0.223642 3.041278 2.030523 -1.198848 15.889657 0.000000 0.000000 0.000000 0.075634 -0.697611 13.249074 10.943692 -1.528464 -28.085304 -7.373818 -19.294626 32.002162 -3.169844 0.793748 -29.387310 0.000000 0.000000 0.000000 -19.952646 -0.334613 2.945935 -34.421999 -20.749017 -1.804164 -0.393595 -42.908559 3.756411 0.000000 0.000000 0.000000 6.495563 5.690655 0.610819 58.078617 11.167530 -4.145989 24.324751 43.445484 9.595927 0.000000 0.000000 0.000000 
-0.015332 0.949864 0.002579 -5.681179 7.458323 1.524181 12.043004 -0.822399 10.714414 -7.315254 0.207524 -11.836280 18.340097 29.819329 25.127464 0.000000 0.000000 0.000000 0.515860 0.760262 -7.272909 1.818668 -0.181273 2.257534 1.975082 -1.198594 15.631848 0.000000 0.000000 0.000000 0.067836 -0.680200 12.972213 10.796258 -1.478658 -28.321428 -7.427833 -18.836311 32.217120 -2.365345 0.426785 -29.350894 0.000000 0.000000 0.000000 -20.171136 1.961896 1.526103 -37.718068 -17.456897 -2.686484 -4.501598 -45.065665 6.007461 0.000000 0.000000 0.000000 6.526705 3.366756 -0.275390 58.786584 8.483301 -5.496169 25.087169 43.110326 9.888127 0.000000 0.000000 0.000000 
-0.017470 0.949798 0.005128 -5.732737 7.660215 1.421845 12.089632 -0.846946 10.897159 -6.956277 0.210004 -11.803228 18.210672 29.676771 25.168021 0.000000 0.000000 0.000000 0.748283 0.711998 -6.681506 1.802637 -0.189835 1.684893 1.887387 -1.284267 15.519074 0.000000 0.000000 0.000000 -0.131609 -0.607538 12.158708 10.762185 -1.480963 -28.266699 -7.788688 -18.219382 32.709284 -1.600871 0.115064 -29.305500 0.000000 0.000000 0.000000 -20.433583 4.046550 0.148822 -39.965435 -14.100735 -3.720205 -8.686522 -46.884298 8.343609 0.000000 0.000000 0.000000 6.877527 1.469954 -1.032515 59.423305 6.187605 -6.675891 24.949000 42.078475 9.739678 0.000000 0.000000 0.000000 
-0.019252 0.949371 0.007262 -5.790178 8.067463 1.300771 12.290528 -0.902467 10.968953 -6.843212 0.205490 -11.670998 17.991751 29.471088 24.949375 0.000000 0.000000 0.000000 0.919308 0.682390 -6.316708 1.859066 -0.202529 1.529650 1.664591 -1.541539 15.269704 0.000000 0.000000 0.000000 -0.126835 -0.591463 11.803064 10.342373 -1.370327 -28.512988 -7.653129 -17.576308 32.879411 -0.534327 -0.353966 -28.847450 0.000000 0.000000 0.000000 -20.513763 6.011362 -1.244589 -41.977672 -10.318459 -4.931140 -14.180338 -48.421931 11.357597 0.000000 0.000000 0.000000 6.755687 0.165438 -1.432982 59.980783 3.646401 -7.998505 24.809002 41.602050 9.762293 0.000000 0.000000 0.000000 
-0.020657 0.948979 0.009129 -5.677179 8.242131 1.293053 12.220907 -0.902042 10.984081 -6.691848 0.209351 -11.536840 17.889399 29.374155 24.862322 0.000000 0.000000 0.000000 0.784215 0.647653 -6.032475 2.078461 -0.237687 1.285344 1.565630 -1.628083 15.045903 0.000000 0.000000 0.000000 -0.312591 -0.526448 11.050189 9.966939 -1.310980 -28.284279 -7.562297 -16.769597 33.075182 -0.352478 -0.309242 -28.667857 0.000000 0.000000 0.000000 -20.494057 7.850815 -2.584533 -43.226163 -6.870642 -6.047504 -19.659838 -49.904816 14.503320 0.000000 0.000000 0.000000 6.889735 -1.242371 -1.937628 60.239211 1.600229 -9.016684 24.733531 40.531865 9.636283 0.000000 0.000000 0.000000 
-0.021831 0.948318 0.010767 -5.691590 8.599897 1.322614 12.367565 -0.955075 11.159258 -6.662146 0.185315 -11.886644 17.689070 29.178893 24.707292 0.000000 0.000000 0.000000 0.831701 0.632035 -5.860271 2.191653 -0.257537 1.131627 1.360927 -1.865759 14.783468 0.000000 0.000000 0.000000 -0.313047 -0.493299 10.430432 9.336662 -1.159584 -28.452417 -7.145025 -16.209958 33.220178 -0.023833 -0.371327 -28.463875 0.000000 0.000000 0.000000 -20.247416 9.645402 -3.870258 -44.612431 -3.291459 -7.265179 -25.552389 -50.238927 17.629836 0.000000 0.000000 0.000000 6.569735 -2.345767 -2.239283 60.925200 0.196086 -9.842781 24.327496 39.473265 9.387731 0.000000 0.000000 0.000000 
-0.022788 0.948300 0.012252 -5.688951 8.667256 1.415908 12.393233 -0.968214 11.216882 -6.561621 0.179177 -12.043379 17.634082 29.107521 24.815649 0.000000 0.000000 0.000000 0.857893 0.620243 -5.735671 2.278010 -0.272904 0.890117 1.335081 -1.891726 14.744903 0.000000 0.000000 0.000000 -0.208374 -0.475132 9.915182 8.700310 -1.024264 -28.472449 -6.764681 -15.421839 33.370602 0.021446 -0.278854 -27.956404 0.000000 0.000000 0.000000 -20.318674 10.802264 -4.783070 -44.804035 -0.571060 -8.132460 -29.516177 -49.617493 19.267269 0.000000 0.000000 0.000000 6.333893 -2.790572 -2.284096 61.425075 -0.703283 -10.377809 24.615113 38.816252 9.488725 0.000000 0.000000 0.000000 
-0.023610 0.948285 0.013391 -5.707345 8.809664 1.341881 12.322124 -0.975778 11.448273 -6.247371 0.173927 -12.260277 17.530437 28.989962 24.870858 0.000000 0.000000 0.000000 0.848206 0.612685 -5.663774 2.450064 -0.295458 1.033006 1.260214 -1.983032 14.656576 0.000000 0.000000 0.000000 -0.298744 -0.461587 9.817863 8.185546 -0.903754 -28.623011 -6.281596 -14.919789 33.433516 0.076741 -0.237138 -27.500612 0.000000 0.000000 0.000000 -20.168208 11.614445 -5.415512 -45.139071 1.916381 -8.948983 -32.331256 -48.872388 20.279658 0.000000 0.000000 0.000000 5.781836 -3.568751 -2.435341 62.064908 -1.222684 -10.778176 25.135444 38.283892 9.656509 0.000000 0.000000 0.000000 
-0.024291 0.948325 0.014122 -5.653147 8.856323 1.366336 12.122823 -0.951596 11.540119 -5.896291 0.176178 -12.401756 17.485622 28.931915 24.967989 0.000000 0.000000 0.000000 0.740470 0.607094 -5.648343 2.628884 -0.320215 1.049147 1.239505 -2.004569 14.617275 0.000000 0.000000 0.000000 -0.332618 -0.443990 9.565331 7.678992 -0.790478 -28.713937 -6.019086 -14.241898 33.607721 0.420348 -0.343866 -27.061079 0.000000 0.000000 0.000000 -19.762565 12.183887 -5.894381 -45.342054 3.523864 -9.458923 -34.024383 -48.370168 20.778000 0.000000 0.000000 0.000000 5.608044 -3.528966 -2.317491 62.574912 -1.107229 -10.793597 25.892364 38.313655 10.090689 0.000000 0.000000 0.000000 
-0.024890 0.948440 0.014493 -5.648755 8.970864 1.261905 12.092186 -0.959102 11.704109 -5.740308 0.173318 -12.510020 17.388872 28.826549 25.002574 0.000000 0.000000 0.000000 0.845428 0.584066 -5.386849 2.518019 -0.308111 0.836565 1.196713 -2.068070 14.632128 0.000000 0.000000 0.000000 -0.390569 -0.432948 9.452945 7.152555 -0.676684 -28.795055 -5.756923 -14.002714 33.793449 0.414772 -0.318603 -26.579410 0.000000 0.000000 0.000000 -19.474625 12.736634 -6.278609 -45.333485 5.113327 -9.941396 -35.788752 -48.315308 21.582925 0.000000 0.000000 0.000000 5.428609 -3.972973 -2.436960 62.761697 -1.451394 -11.009526 26.743388 38.118583 10.400974 0.000000 0.000000 0.000000 
-0.025451 0.948340 0.014581 -5.588923 9.066171 1.237388 12.061544 -0.963705 11.804919 -5.706046 0.166260 -12.663970 17.310685 28.744463 25.002159 0.000000 0.000000 0.000000 0.780643 0.573141 -5.302475 2.587452 -0.318997 0.763742 1.149521 -2.126811 14.579412 0.000000 0.000000 0.000000 -0.581511 -0.414033 9.432761 6.932383 -0.634876 -28.710385 -5.519732 -13.678276 33.943632 0.416130 -0.275988 -26.247693 0.000000 0.000000 0.000000 -19.150454 13.049694 -6.516736 -45.210068 6.113257 -10.219723 -37.508910 -48.579921 22.530307 0.000000 0.000000 0.000000 5.031129 -3.921721 -2.310108 62.623774 -1.553038 -11.038460 27.695774 38.565981 10.953465 0.000000 0.000000 0.000000 
-0.025979 0.948272 0.014531 -5.476927 9.205054 1.298054 12.150041 -0.985788 11.778292 -5.973750 0.150525 -12.778546 17.196118 28.629111 24.972544 0.000000 0.000000 0.000000 0.812488 0.577593 -5.335218 2.380438 -0.291879 0.741859 1.059997 -2.244780 14.491716 0.000000 0.000000 0.000000 -0.770101 -0.398430 9.464813 6.868776 -0.642395 -28.335524 -5.248585 -13.358733 33.907094 1.054396 -0.630967 -25.604333 0.000000 0.000000 0.000000 -19.022963 13.241503 -6.716652 -45.425331 7.083573 -10.542147 -40.070376 -49.607586 24.352330 0.000000 0.000000 0.000000 4.656375 -4.075030 -2.276485 62.510681 -1.377340 -10.898876 27.782530 39.001527 11.196959 0.000000 0.000000 0.000000 
-0.026314 0.948418 0.014342 -5.477788 9.268020 1.301016 12.222547 -0.993843 11.628739 -6.043832 0.154588 -12.582348 17.161194 28.599837 24.933835 0.000000 0.000000 0.000000 0.903543 0.572246 -5.252988 2.258685 -0.278104 0.569097 1.041206 -2.286146 14.556223 0.000000 0.000000 0.000000 -0.824991 -0.400480 9.593948 6.920260 -0.671292 -28.023066 -5.209547 -13.179723 34.144215 1.490499 -0.881655 -25.487608 0.000000 0.000000 0.000000 -18.995643 13.733075 -7.049587 -45.608723 8.244474 -10.966797 -44.142432 -50.931137 27.371285 0.000000 0.000000 0.000000 4.570267 -4.250074 -2.316990 62.142682 -1.833945 -11.072106 27.688445 39.567397 11.379538 0.000000 0.000000 0.000000 
-0.026481 0.948305 0.014090 -5.387828 9.450903 1.544371 12.129983 -0.977848 11.262200 -5.984475 0.154692 -12.490623 17.087196 28.538509 24.823527 0.000000 0.000000 0.000000 0.658268 0.605843 -5.664623 2.530832 -0.312437 0.837201 0.934529 -2.443834 14.506246 0.000000 0.000000 0.000000 -1.089838 -0.386685 9.805837 7.103501 -0.718168 -27.849072 -5.016584 -12.992219 34.204570 2.253377 -1.294989 -25.528597 0.000000 0.000000 0.000000 -19.166638 13.632425 -7.078466 -46.100734 9.337894 -11.447551 -49.303743 -52.931564 31.636052 0.000000 0.000000 0.000000 4.884788 -4.286195 -2.363093 61.134833 -2.167868 -11.012908 27.141306 40.475114 11.487919 0.000000 0.000000 0.000000 
-0.026464 0.947989 0.013654 -5.290315 9.642178 1.785335 12.253914 -0.996280 10.905869 -6.341975 0.141805 -12.428984 17.003425 28.473877 24.640399 0.000000 0.000000 0.000000 0.535405 0.630164 -5.954540 2.549278 -0.315364 0.885620 0.815754 -2.610533 14.417574 0.000000 0.000000 0.000000 -1.013371 -0.412936 10.152711 7.360173 -0.772476 -27.760882 -5.216554 -12.845931 34.262261 2.457132 -1.370350 -25.634511 0.000000 0.000000 0.000000 -19.425727 14.227030 -7.529692 -45.856152 10.192209 -11.657731 -55.946871 -54.339005 36.756820 0.000000 0.000000 0.000000 4.639927 -4.941733 -2.580485 60.537109 -2.731683 -11.155213 26.607295 41.428880 11.603130 0.000000 0.000000 0.000000 
-0.026445 0.948018 0.012991 -4.923681 9.865228 2.096904 12.098509 -0.967602 10.467652 -6.707003 0.130172 -12.318068 16.834000 28.316570 24.530256 0.000000 0.000000 0.000000 0.169477 0.662940 -6.460451 2.476965 -0.302558 1.249369 0.661209 -2.829917 14.289190 0.000000 0.000000 0.000000 -0.982515 -0.425421 10.335496 7.137733 -0.729026 -27.568983 -4.934296 -12.788236 34.294899 3.115307 -1.711299 -26.005473 0.000000 0.000000 0.000000 -20.117693 13.637354 -7.305796 -45.617283 10.179679 -11.653056 -63.614109 -56.537017 43.687064 0.000000 0.000000 0.000000 4.711239 -5.205181 -2.689065 59.508988 -2.503983 -10.827220 26.186472 42.864712 11.901448 0.000000 0.000000 0.000000 
-0.026352 0.948414 0.011999 -4.752862 9.894315 2.192852 11.990766 -0.942830 10.253193 -6.857416 0.130661 -12.201427 16.775276 28.257268 24.565930 0.000000 0.000000 0.000000 -0.189762 0.655930 -6.566578 2.751114 -0.342012 1.191555 0.679982 -2.837789 14.454393 0.000000 0.000000 0.000000 -0.909425 -0.463124 10.888532 7.628707 -0.851710 -27.341009 -5.078042 -12.530687 34.049568 3.395349 -1.767449 -26.542120 0.000000 0.000000 0.000000 -20.559822 13.299272 -7.215796 -45.038317 9.243446 -11.205877 -72.305011 -58.425746 51.800474 0.000000 0.000000 0.000000 4.399771 -4.924053 -2.511036 58.955020 -0.848592 -9.874192 24.558222 44.505142 11.767145 0.000000 0.000000 0.000000 
-0.026257 0.948841 0.010729 -4.643251 10.490043 2.406576 12.159816 -0.982117 9.722941 -7.218898 0.108881 -12.052296 16.419550 27.918641 24.329482 0.000000 0.000000 0.000000 -0.374433 0.651133 -6.617900 2.839976 -0.361271 0.834030 0.438830 -3.255958 14.728883 0.000000 0.000000 0.000000 -0.896797 -0.478494 11.046574 8.005610 -0.964511 -26.816707 -4.591400 -12.904843 33.587984 3.692209 -1.870924 -27.149352 0.000000 0.000000 0.000000 -21.165009 11.720461 -6.326428 -45.289029 6.630862 -10.450687 -81.613485 -60.549554 61.717780 0.000000 0.000000 0.000000 3.855761 -3.699434 -1.932508 57.515742 2.027523 -8.249022 20.330685 45.932058 10.323999 0.000000 0.000000 0.000000 
-0.025759 0.949587 0.008895 -4.510604 10.585096 2.394256 12.048656 -0.953961 9.382543 -7.332331 0.123478 -11.637572 16.331426 27.837301 24.291081 0.000000 0.000000 0.000000 -0.656285 0.610556 -6.313141 2.992878 -0.387952 0.169955 0.484569 -3.264949 15.159800 0.000000 0.000000 0.000000 -0.757935 -0.513529 11.367100 8.103202 -1.003410 -26.560804 -4.207167 -12.866889 32.977438 3.548086 -1.701989 -27.623263 0.000000 0.000000 0.000000 -20.777846 9.194194 -4.762632 -46.142843 2.228939 -9.153219 -86.804184 -61.610640 67.793539 0.000000 0.000000 0.000000 3.879851 -1.161848 -0.920084 55.215642 6.640595 -5.797012 13.651367 45.816796 7.410605 0.000000 0.000000 0.000000 
-0.024876 0.950578 0.006278 -4.597279 11.126531 2.657884 12.045242 -0.951135 8.490469 -7.161342 0.135152 -11.130702 16.078259 27.608016 24.062433 0.000000 0.000000 0.000000 -0.467879 0.665039 -6.828230 2.664762 -0.345213 0.329596 0.254767 -3.697917 15.627174 0.000000 0.000000 0.000000 -0.258116 -0.600180 11.697554 8.419767 -1.095262 -26.179210 -3.589353 -12.579987 32.065315 3.093403 -1.308812 -27.580289 0.000000 0.000000 0.000000 -20.818257 5.172289 -2.544036 -46.678280 -4.881861 -6.699614 -87.076396 -63.110123 69.540369 0.000000 0.000000 0.000000 4.058575 2.049742 0.356645 51.944999 10.912769 -3.578373 7.067324 44.405586 4.486274 0.000000 0.000000 0.000000 
-0.023674 0.951343 0.002849 -4.356479 11.410388 2.872220 11.910923 -0.907476 7.508862 -7.498526 0.164603 -10.230015 15.928916 27.494177 23.794557 0.000000 0.000000 0.000000 -0.539177 0.684597 -7.104633 2.114976 -0.273977 0.173386 0.139032 -3.934003 15.989236 0.000000 0.000000 0.000000 0.345202 -0.726836 12.390233 8.271550 -1.044772 -26.310304 -2.921077 -12.772892 31.278551 2.070573 -0.705255 -27.609377 0.000000 0.000000 0.000000 -20.561992 1.130237 -0.173435 -47.855328 -13.365223 -3.585224 -77.975485 -65.354431 63.730347 0.000000 0.000000 0.000000 3.961715 5.074736 1.528503 49.426204 15.480457 -1.589282 2.981866 42.536028 2.647731 0.000000 0.000000 0.000000 
-0.022456 0.951994 -0.000602 -4.294749 11.161455 3.316320 11.621186 -0.831554 6.568959 -7.383769 0.199201 -9.680616 16.137233 27.723696 23.866426 0.000000 0.000000 0.000000 -0.807041 0.755350 -8.109745 2.223849 -0.279735 0.698062 0.268176 -3.822252 16.328838 0.000000 0.000000 0.000000 1.321721 -0.911571 13.091700 8.215440 -1.021094 -26.329169 -3.058595 -12.812137 30.470493 1.367055 -0.363631 -27.096065 0.000000 0.000000 0.000000 -21.216652 -2.072209 1.739556 -47.604866 -19.537742 -1.139561 -70.195362 -66.508178 57.990947 0.000000 0.000000 0.000000 3.728927 7.661714 2.501368 47.764613 18.097209 -0.527284 1.457962 43.012526 2.008505 0.000000 0.000000 0.000000 
-0.021699 0.952055 -0.003104 -3.946226 11.001783 4.063341 11.248410 -0.764792 5.761144 -7.566598 0.196130 -9.779009 16.237652 27.835757 24.007399 0.000000 0.000000 0.000000 -1.118964 0.823204 -9.205954 2.168592 -0.259503 1.599317 0.017138 -4.017996 15.059766 0.000000 0.000000 0.000000 1.765273 -1.046696 13.906984 8.180904 -0.992180 -26.522837 -2.982571 -13.167794 29.654881 0.886682 -0.154036 -26.928902 0.000000 0.000000 0.000000 -21.292459 -3.567275 2.740167 -48.356053 -22.334914 0.109682 -66.253120 -67.602855 55.823323 0.000000 0.000000 0.000000 2.835211 8.175479 2.680193 48.480708 18.273080 -0.388439 4.338033 47.619498 3.393024 0.000000 0.000000 0.000000 
-0.021794 0.952178 -0.003889 -3.599585 10.242504 4.756674 10.812294 -0.680989 5.229225 -7.666504 0.212573 -9.863990 16.656324 28.233002 24.536532 0.000000 0.000000 0.000000 -1.450290 0.860207 -9.928623 2.389558 -0.281757 2.048838 -0.058272 -3.975740 13.704036 0.000000 0.000000 0.000000 2.246603 -1.156284 14.414461 7.883628 -0.890640 -26.949190 -3.473589 -13.705528 29.509605 0.429829 -0.030828 -27.498061 0.000000 0.000000 0.000000 -21.767710 -3.984246 3.326924 -48.324231 -23.368605 0.475971 -59.003994 -68.287002 50.677573 0.000000 0.000000 0.000000 2.994136 7.958073 2.526476 49.883881 17.162010 -0.825470 10.769461 52.052679 6.649458 0.000000 0.000000 0.000000 
-0.022667 0.952325 -0.003424 -3.300114 9.437372 5.112612 10.430832 -0.615570 5.283865 -7.681565 0.218671 -10.218386 17.045008 28.564831 25.177642 0.000000 0.000000 0.000000 -1.689608 0.899884 -10.626077 2.400906 -0.269466 2.936249 0.166705 -3.452337 12.775172 0.000000 0.000000 0.000000 2.111626 -1.184638 15.117129 8.224527 -0.945583 -27.242106 -4.206407 -14.264198 29.123561 0.382500 -0.193910 -27.109109 0.000000 0.000000 0.000000 -22.848725 -3.479393 3.409064 -47.621214 -22.246442 -0.112575 -52.657346 -69.447504 46.568404 0.000000 0.000000 0.000000 3.797138 7.222607 2.120759 51.845560 14.158950 -2.038441 20.461840 56.638287 12.279784 0.000000 0.000000 0.000000 
-0.023681 0.952007 -0.003009 -2.908724 8.956950 5.487422 10.151594 -0.573510 5.252154 -7.946055 0.211959 -10.565758 17.253093 28.733918 25.555755 0.000000 0.000000 0.000000 -1.872504 0.919411 -11.037235 2.267785 -0.241621 3.307532 0.084073 -3.447619 11.854706 0.000000 0.000000 0.000000 1.903294 -1.145181 15.165081 8.676405 -1.019893 -27.534054 -5.251245 -15.384209 29.380007 0.446827 -0.429897 -27.819219 0.000000 0.000000 0.000000 -22.715793 -3.500292 3.837562 -46.619596 -23.299189 0.159230 -35.553944 -70.977001 34.334138 0.000000 0.000000 0.000000 4.221518 6.790225 1.804036 53.538292 12.954188 -2.665094 28.541405 58.616128 17.026094 0.000000 0.000000 0.000000 
-0.024242 0.952054 -0.003717 -2.902653 8.145079 5.575594 9.826054 -0.510738 5.039157 -7.574890 0.259162 -10.170789 17.784876 29.233457 25.936503 0.000000 0.000000 0.000000 -1.945009 0.967795 -11.686978 2.418202 -0.251511 4.121008 0.390567 -2.898993 11.604686 0.000000 0.000000 0.000000 2.013756 -1.163383 15.349699 8.826483 -1.015952 -27.952001 -5.877277 -16.612641 29.801398 -0.260176 -0.335763 -28.133026 0.000000 0.000000 0.000000 -22.959935 -4.439487 4.960046 -44.330423 -26.399925 0.990577 -10.693523 -69.394340 15.376114 0.000000 0.000000 0.000000 4.680849 7.337048 1.816739 54.601935 13.308120 -2.686686 29.852955 58.069463 17.143066 0.000000 0.000000 0.000000 
-0.023949 0.952026 -0.005892 -2.915743 7.640079 5.475702 9.786328 -0.483936 4.654187 -7.690807 0.308732 -9.381187 18.167522 29.623801 25.980185 0.000000 0.000000 0.000000 -1.703220 1.018302 -12.041600 1.887745 -0.153587 4.850532 0.646608 -2.323097 11.113805 0.000000 0.000000 0.000000 2.131610 -1.206963 15.762578 9.433389 -1.154667 -27.853125 -6.366096 -17.461080 29.808882 -1.065641 -0.055358 -28.608566 0.000000 0.000000 0.000000 -22.718835 -6.067277 6.249202 -40.862851 -30.957581 2.184735 7.760153 -63.461461 1.968275 0.000000 0.000000 0.000000 5.286080 8.813868 2.198383 54.706509 15.698205 -1.656260 26.210030 56.751469 14.420546 0.000000 0.000000 0.000000 
-0.023025 0.952257 -0.008441 -3.037134 7.175423 5.805929 9.782585 -0.468854 3.896414 -7.729180 0.345101 -8.841791 18.562526 30.019031 26.145082 0.000000 0.000000 0.000000 -1.799418 1.088621 -13.062629 2.089681 -0.173634 5.751453 0.862080 -1.940546 11.052748 0.000000 0.000000 0.000000 2.658103 -1.285461 15.707107 9.339090 -1.110914 -28.078602 -6.203724 -18.247928 30.288238 -2.266508 0.453148 -30.039164 0.000000 0.000000 0.000000 -21.798044 -8.608290 7.926967 -37.586772 -36.660732 3.593324 16.923283 -54.507640 -3.383534 0.000000 0.000000 0.000000 5.027956 10.660954 2.837605 54.945922 19.865278 0.027808 18.764723 52.715339 9.464471 0.000000 0.000000 0.000000 
-0.022127 0.952697 -0.009719 -3.182494 6.784501 5.955832 9.583508 -0.439299 3.090480 -7.333733 0.393900 -7.761163 18.940865 30.403595 26.255222 0.000000 0.000000 0.000000 -1.789440 1.152544 -13.872950 2.446532 -0.227225 6.275915 0.730371 -2.519555 11.899339 0.000000 0.000000 0.000000 3.183587 -1.408114 16.113670 9.270713 -1.115239 -27.829462 -6.220057 -18.501648 30.327417 -2.118262 0.292171 -30.615902 0.000000 0.000000 0.000000 -21.753457 -9.683347 8.690948 -35.590826 -37.815570 3.527848 17.524174 -51.878547 -3.711690 0.000000 0.000000 0.000000 5.373799 11.930003 3.239698 54.464973 22.327355 1.075455 14.416883 49.795996 6.888513 0.000000 0.000000 0.000000 
-0.021820 0.952843 -0.008594 -3.087809 6.571136 6.401523 9.252214 -0.414563 2.856511 -7.019430 0.384829 -7.987978 19.069885 30.499237 26.536528 0.000000 0.000000 0.000000 -1.910208 1.165819 -14.170549 2.679787 -0.267362 5.761152 0.503432 -3.159204 12.469301 0.000000 0.000000 0.000000 3.337500 -1.417207 15.930203 9.031447 -1.109962 -27.304659 -5.677587 -17.918754 29.677484 -1.551953 0.091926 -30.485800 0.000000 0.000000 0.000000 -21.472822 -8.972084 8.087847 -37.375167 -34.634988 2.902989 13.196682 -56.396265 -1.592887 0.000000 0.000000 0.000000 5.889642 11.783874 3.166335 54.101492 22.323270 1.218464 12.518766 48.464140 5.916414 0.000000 0.000000 0.000000 
-0.022143 0.952951 -0.005588 -2.882664 6.386594 6.778022 8.987131 -0.395618 2.738575 -6.924418 0.384272 -8.071900 19.137459 30.524411 26.835959 0.000000 0.000000 0.000000 -2.024362 1.130660 -13.759481 2.674399 -0.271032 4.522945 0.450696 -3.351672 12.700648 0.000000 0.000000 0.000000 3.150271 -1.343704 15.511160 8.429312 -0.947303 -27.705135 -5.333370 -17.737719 30.247643 -0.532355 -0.483722 -30.344984 0.000000 0.000000 0.000000 -22.454807 -6.733216 6.971408 -40.247912 -28.700404 1.152815 1.536442 -62.814548 5.757844 0.000000 0.000000 0.000000 6.409911 10.439072 2.592311 54.340699 20.197133 0.268820 12.013176 47.748645 5.612091 0.000000 0.000000 0.000000 
-0.022542 0.952536 -0.002197 -2.821874 5.760106 6.705056 8.922786 -0.369694 3.220133 -7.034081 0.397723 -8.171222 19.488667 30.810496 27.203765 0.000000 0.000000 0.000000 -1.733011 1.151636 -13.545051 2.217321 -0.194746 4.293871 0.567474 -3.271298 12.860007 0.000000 0.000000 0.000000 2.848667 -1.310545 15.914630 8.543485 -1.028940 -27.097348 -5.164423 -16.615197 29.889213 1.482072 -1.459494 -29.864745 0.000000 0.000000 0.000000 -23.000927 -3.957212 5.168031 -42.033011 -20.516165 -1.527862 -20.803421 -69.285756 22.593449 0.000000 0.000000 0.000000 7.856625 8.555173 1.725744 53.897569 17.735663 -0.611854 12.682088 48.877955 6.112773 0.000000 0.000000 0.000000 
-0.022477 0.951472 -0.000063 -2.616504 5.204593 6.854996 8.815873 -0.347201 3.354091 -7.397963 0.415416 -8.225212 19.846926 31.141192 27.360328 0.000000 0.000000 0.000000 -2.088601 1.153777 -13.930061 2.445029 -0.218905 4.868150 0.718171 -2.907901 12.335802 0.000000 0.000000 0.000000 2.829708 -1.320366 16.224844 8.494013 -0.996414 -27.391938 -5.507778 -15.715224 30.470780 2.500339 -1.896728 -30.344313 0.000000 0.000000 0.000000 -22.996352 -1.787646 3.719560 -42.856493 -13.557700 -3.913110 -47.790566 -71.937244 45.099359 0.000000 0.000000 0.000000 8.209735 7.340131 1.250525 54.433558 16.373657 -1.241586 13.983612 49.947478 6.981828 0.000000 0.000000 0.000000 
-0.021455 0.951381 -0.000074 -2.638903 4.785615 6.951661 8.972964 -0.351377 2.987985 -7.873371 0.458236 -7.637728 20.175611 31.454467 27.480087 0.000000 0.000000 0.000000 -2.189770 1.195459 -14.554632 2.522153 -0.218434 5.704459 0.871203 -2.653388 12.265021 0.000000 0.000000 0.000000 2.805418 -1.352166 16.754878 8.671596 -1.025888 -27.506334 -5.680309 -15.092401 30.737144 3.434705 -2.301135 -30.754753 0.000000 0.000000 0.000000 -23.381336 -0.460107 2.863202 -42.725704 -10.259073 -5.021085 -60.538184 -70.965883 54.987785 0.000000 0.000000 0.000000 8.755419 7.115096 1.121646 54.332151 16.067122 -1.334816 13.414319 49.821576 6.776234 0.000000 0.000000 0.000000 
-0.019652 0.951926 -0.002192 -2.512214 5.330160 6.716235 9.086366 -0.369006 3.109277 -8.358128 0.449751 -7.779843 19.740317 31.074371 27.139499 0.000000 0.000000 0.000000 -2.452784 1.186455 -15.013244 2.570297 -0.225873 6.786651 0.562866 -3.263718 12.567666 0.000000 0.000000 0.000000 3.031938 -1.464837 17.442532 9.053893 -1.081493 -27.710929 -5.960208 -15.223583 30.615673 2.545739 -1.836949 -30.194706 0.000000 0.000000 0.000000 -23.411632 -1.053129 3.185947 -42.070512 -12.168393 -4.369824 -49.706380 -71.374733 46.053289 0.000000 0.000000 0.000000 8.526866 7.585487 1.376599 54.792928 17.245674 -0.811946 11.927931 48.275450 5.964472 0.000000 0.000000 0.000000 
-0.017338 0.953045 -0.005256 -2.323188 5.883618 6.573630 8.853811 -0.365741 2.681721 -8.424821 0.460931 -7.241014 19.353563 30.742124 26.835194 0.000000 0.000000 0.000000 -3.144021 1.100190 -15.027451 3.088878 -0.327113 6.935761 0.460049 -3.512297 13.023092 0.000000 0.000000 0.000000 3.374859 -1.574591 17.776777 9.062955 -1.066456 -27.873825 -5.840494 -15.736557 30.121219 0.178735 -0.601939 -29.624746 0.000000 0.000000 0.000000 -23.712886 -3.085777 4.496619 -40.991522 -18.384447 -2.316830 -19.805573 -68.384460 21.217460 0.000000 0.000000 0.000000 7.921540 9.472147 2.213556 55.726893 19.799290 0.363073 9.396191 45.626295 4.611888 0.000000 0.000000 0.000000 
-0.014829 0.954157 -0.008152 -2.415523 6.613114 6.284575 8.948721 -0.388512 2.495551 -8.508706 0.459224 -6.912523 18.882829 30.334345 26.414307 0.000000 0.000000 0.000000 -3.471483 1.045863 -15.003921 3.402150 -0.396936 7.107021 0.393919 -3.792127 13.961590 0.000000 0.000000 0.000000 4.040287 -1.753680 18.066693 8.837359 -0.989862 -28.182042 -5.744165 -16.051822 29.388516 -1.632700 0.389839 -28.609090 0.000000 0.000000 0.000000 -23.575073 -5.392969 5.801337 -38.595451 -25.373956 -0.085706 -2.220168 -61.493118 7.345715 0.000000 0.000000 0.000000 8.304889 11.018543 2.829724 55.639349 21.918229 1.454816 8.504591 43.070478 4.045561 0.000000 0.000000 0.000000 
-0.012225 0.954533 -0.010164 -2.351745 7.215133 5.645241 9.193843 -0.410338 3.103098 -9.194405 0.448499 -7.105732 18.396600 29.893651 25.944560 0.000000 0.000000 0.000000 -3.739063 0.958748 -14.252389 3.453752 -0.418140 7.195233 0.219887 -3.961707 13.726440 0.000000 0.000000 0.000000 4.233401 -1.800708 18.077586 8.288578 -0.842755 -28.645159 -5.520256 -17.009418 29.436973 -3.721745 1.453560 -27.965766 0.000000 0.000000 0.000000 -22.610401 -7.555953 7.085713 -36.658144 -31.629015 1.754497 7.407080 -54.588810 1.094229 0.000000 0.000000 0.000000 7.624002 12.459021 3.415037 56.288765 23.735979 2.245285 8.734468 41.210081 3.915140 0.000000 0.000000 0.000000 
-0.009612 0.954495 -0.011178 -2.568926 7.331150 4.927340 9.656525 -0.440795 3.827026 -9.860195 0.456511 -7.146241 18.286302 29.808283 25.635507 0.000000 0.000000 0.000000 -3.816584 0.905430 -13.524688 3.820127 -0.493911 7.556253 0.127020 -3.953718 13.084259 0.000000 0.000000 0.000000 4.385882 -1.816425 18.011516 7.973026 -0.772363 -28.812643 -5.843154 -16.974901 29.415436 -4.977008 2.207612 -27.733637 0.000000 0.000000 0.000000 -21.665271 -8.556437 7.442218 -36.067674 -35.344520 2.949661 10.994603 -50.220561 -0.838960 0.000000 0.000000 0.000000 8.066567 12.723380 3.507302 56.883386 23.983742 2.452043 9.811268 40.879856 4.307071 0.000000 0.000000 0.000000 
-0.007449 0.954038 -0.011067 -2.665945 7.668652 4.434468 9.898112 -0.469904 4.598002 -10.246195 0.423230 -7.609603 18.033948 29.585773 25.235132 0.000000 0.000000 0.000000 -3.878272 0.865650 -13.081347 4.059933 -0.557721 8.295520 -0.195440 -4.247499 12.012938 0.000000 0.000000 0.000000 4.375438 -1.744601 17.348869 7.085572 -0.613570 -28.593648 -5.533821 -17.496708 29.780641 -5.226070 2.296519 -27.852304 0.000000 0.000000 0.000000 -21.296263 -8.363682 7.339956 -36.975719 -36.273592 3.435739 12.230483 -49.940470 -1.282859 0.000000 0.000000 0.000000 7.792624 12.192670 3.282353 57.864398 23.518598 2.192137 11.577304 41.776801 5.040257 0.000000 0.000000 0.000000 
-0.006065 0.953825 -0.009839 -2.807818 7.521022 3.653259 10.109573 -0.479930 5.593310 -10.516733 0.430112 -7.665224 18.053703 29.604465 25.123374 0.000000 0.000000 0.000000 -4.005410 0.817129 -12.474748 4.738179 -0.701735 8.755206 -0.485493 -4.822654 11.948068 0.000000 0.000000 0.000000 4.042186 -1.648579 17.179691 6.860742 -0.594728 -28.355590 -5.578733 -17.426787 30.133146 -5.122457 2.244383 -27.645403 0.000000 0.000000 0.000000 -21.400413 -7.013592 6.555483 -39.351561 -34.402080 3.244921 8.974246 -50.739259 0.377480 0.000000 0.000000 0.000000 7.830139 10.496452 2.588368 59.264889 21.595230 1.262198 14.225723 43.350257 6.270331 0.000000 0.000000 0.000000 
-0.005537 0.953345 -0.007630 -2.917511 7.373479 3.397261 10.135313 -0.481008 6.253228 -10.426808 0.410466 -8.033933 18.123483 29.667601 25.108907 0.000000 0.000000 0.000000 -3.949075 0.826159 -12.545266 4.920516 -0.749099 9.332201 -0.600868 -5.116106 12.140522 0.000000 0.000000 0.000000 3.533731 -1.496274 16.642794 6.893435 -0.617132 -28.224392 -5.872023 -17.095844 30.425297 -3.661476 1.435609 -27.257016 0.000000 0.000000 0.000000 -22.131582 -5.135291 5.509977 -41.095966 -29.628717 1.718476 3.528963 -52.613429 3.234213 0.000000 0.000000 0.000000 8.766352 8.402497 1.640440 60.039606 17.937499 -0.498441 18.729283 44.860235 8.337958 0.000000 0.000000 0.000000 
-0.005508 0.952599 -0.004965 -2.987763 6.808486 3.104250 10.110953 -0.457840 6.803146 -10.378960 0.435772 -7.956635 18.478273 30.012069 25.232630 0.000000 0.000000 0.000000 -3.769854 0.832164 -12.190585 4.831037 -0.706769 8.893071 -0.509855 -5.197273 12.855928 0.000000 0.000000 0.000000 3.118667 -1.349844 16.043709 6.668954 -0.578557 -28.212528 -6.205507 -17.075284 31.036591 -2.598590 0.738142 -26.753485 0.000000 0.000000 0.000000 -23.078205 -1.943478 3.831992 -43.060549 -24.018644 -0.253344 -4.167117 -52.866003 7.346387 0.000000 0.000000 0.000000 9.023226 5.459702 0.296694 60.818362 13.423841 -2.875690 24.413290 45.344710 10.657360 0.000000 0.000000 0.000000 
-0.005475 0.951976 -0.002473 -3.186324 6.166120 2.735556 10.176039 -0.439106 7.333302 -10.273385 0.472091 -7.721471 18.906777 30.430308 25.391873 0.000000 0.000000 0.000000 -3.111606 0.869906 -11.685431 4.374104 -0.592739 8.453452 -0.672295 -5.682325 13.214996 0.000000 0.000000 0.000000 2.702239 -1.227476 15.635609 6.585272 -0.579286 -28.096575 -6.938070 -17.037625 31.748075 -1.348977 -0.090928 -26.506849 0.000000 0.000000 0.000000 -23.598627 0.767276 2.353963 -44.271784 -18.304414 -2.398918 -10.254641 -52.144291 10.473366 0.000000 0.000000 0.000000 9.728051 2.901390 -0.996670 60.603591 9.201046 -5.026553 28.367279 44.973611 12.045068 0.000000 0.000000 0.000000 
-0.005042 0.951300 -0.000767 -3.172437 5.279856 2.479955 10.012376 -0.386863 8.095517 -10.309047 0.482661 -8.067068 19.399540 30.883071 25.771683 0.000000 0.000000 0.000000 -3.051887 0.864757 -11.368197 4.196868 -0.536028 8.238584 -0.290792 -5.108000 13.254221 0.000000 0.000000 0.000000 2.366275 -1.122355 15.271629 6.077230 -0.462262 -28.533981 -7.479925 -17.125483 32.793632 -0.571487 -0.689893 -26.709896 0.000000 0.000000 0.000000 -23.338144 3.719231 0.712359 -45.427300 -12.698173 -4.504317 -15.170265 -50.356894 12.708517 0.000000 0.000000 0.000000 9.633541 0.541388 -2.119495 60.752639 5.773989 -6.915430 31.721052 44.363460 13.045131 0.000000 0.000000 0.000000 
-0.004338 0.950814 0.000098 -3.404140 4.207727 2.444597 9.749725 -0.315319 8.327312 -9.824597 0.512667 -7.994985 20.168100 31.608433 26.230219 0.000000 0.000000 0.000000 -2.585244 0.933435 -11.594410 3.778327 -0.432993 8.355215 0.095289 -4.612621 13.501809 0.000000 0.000000 0.000000 2.295164 -1.044924 14.683925 5.884061 -0.415395 -28.750684 -7.879785 -16.773227 33.488409 0.074497 -1.143292 -26.889146 0.000000 0.000000 0.000000 -23.516742 6.311852 -0.796662 -45.621090 -8.033471 -6.237946 -18.168211 -48.260893 13.627359 0.000000 0.000000 0.000000 9.616348 -1.748949 -3.184958 60.382393 2.859040 -8.415705 33.660240 43.688173 13.469224 0.000000 0.000000 0.000000 
-0.003627 0.950650 0.000285 -3.478979 3.470467 2.256402 9.351849 -0.239464 8.802144 -9.301385 0.511567 -8.212544 20.649502 32.040755 26.604427 0.000000 0.000000 0.000000 -2.392252 0.977783 -11.879001 3.227116 -0.310979 9.307184 0.796725 -3.262058 13.032508 0.000000 0.000000 0.000000 2.125146 -1.015252 14.836715 6.239906 -0.460988 -29.243879 -8.245185 -16.535284 33.909270 0.803650 -1.601634 -27.195143 0.000000 0.000000 0.000000 -23.295376 7.950675 -1.761615 -45.838465 -4.261305 -7.564314 -19.778409 -47.683578 14.323819 0.000000 0.000000 0.000000 9.216035 -3.021724 -3.687141 60.647822 1.359702 -9.302621 33.340095 43.651952 13.254700 0.000000 0.000000 0.000000 
-0.003136 0.950971 0.000363 -3.676248 2.814305 2.317561 9.200246 -0.197907 8.897259 -8.931175 0.517067 -8.310180 21.099627 32.420887 27.088091 0.000000 0.000000 0.000000 -2.117733 1.018266 -11.993508 2.585395 -0.171463 9.296308 1.782825 -1.551093 13.211991 0.000000 0.000000 0.000000 2.052601 -0.942941 14.106533 6.578527 -0.521311 -29.423417 -8.591876 -16.253068 34.114069 1.009042 -1.739267 -27.194820 0.000000 0.000000 0.000000 -22.756334 9.141180 -2.509187 -45.983480 -1.921978 -8.295301 -21.299114 -46.918736 14.826259 0.000000 0.000000 0.000000 8.759448 -4.336950 -4.167637 60.712598 0.036902 -10.041369 33.710115 43.391846 13.243080 0.000000 0.000000 0.000000 
-0.002768 0.950872 0.000675 -3.984627 2.973906 2.163426 9.457460 -0.231403 9.219316 -8.787238 0.494140 -8.609422 21.026203 32.366781 26.938932 0.000000 0.000000 0.000000 -1.556191 1.004095 -11.266958 1.815253 -0.039859 8.329425 2.228942 -0.748023 13.411850 0.000000 0.000000 0.000000 1.884699 -0.895874 13.713635 6.661757 -0.516368 -29.745807 -8.529649 -16.541430 34.420389 1.223952 -1.903733 -27.232291 0.000000 0.000000 0.000000 -22.241482 9.658121 -2.788338 -46.721103 -1.050124 -8.657109 -22.053886 -45.619525 14.795785 0.000000 0.000000 0.000000 7.985124 -5.287019 -4.383129 61.219860 -0.694587 -10.645261 33.036861 43.253366 12.903178 0.000000 0.000000 0.000000 
-0.002347 0.951181 0.001116 -4.128529 3.395835 2.118389 9.796946 -0.289201 9.446191 -9.017113 0.466360 -9.015927 20.697838 32.051621 26.779442 0.000000 0.000000 0.000000 -1.192700 0.961221 -10.467320 1.417827 0.004533 7.135584 2.090327 -0.995145 13.563290 0.000000 0.000000 0.000000 1.938822 -0.874179 13.182308 6.435806 -0.484839 -29.595493 -8.170575 -16.977333 34.374227 0.944097 -1.748566 -27.383762 0.000000 0.000000 0.000000 -21.462888 9.253840 -2.525049 -47.509398 -1.307395 -8.579200 -22.404750 -44.217708 14.449749 0.000000 0.000000 0.000000 7.088878 -5.743216 -4.329964 62.069024 -0.788195 -10.986777 31.307629 43.452068 12.287269 0.000000 0.000000 0.000000 
-0.001670 0.951221 0.001375 -4.325861 3.936099 2.074273 9.892845 -0.325374 9.460703 -8.719110 0.440021 -9.122492 20.411936 31.813564 26.434666 0.000000 0.000000 0.000000 -1.088017 0.926658 -10.013463 1.542157 -0.035240 6.526781 1.885010 -1.343650 13.704949 0.000000 0.000000 0.000000 2.048402 -0.874783 12.864727 6.367814 -0.486591 -29.329115 -7.893903 -17.024680 33.955051 0.872061 -1.618434 -27.624225 0.000000 0.000000 0.000000 -21.137996 8.287877 -2.024155 -48.284713 -2.033607 -8.348067 -23.084108 -42.949956 14.207720 0.000000 0.000000 0.000000 6.987378 -5.733136 -4.254145 62.800788 -0.804142 -11.107645 29.851647 43.516744 11.834443 0.000000 0.000000 0.000000 
-0.000769 0.951262 0.000988 -4.408011 4.108067 2.138548 9.987029 -0.345476 9.351971 -8.784364 0.433670 -9.159979 20.329785 31.750891 26.296332 0.000000 0.000000 0.000000 -0.992802 0.931893 -10.004035 1.424956 -0.019846 6.368548 1.820019 -1.472221 13.806002 0.000000 0.000000 0.000000 2.245915 -0.918027 13.045616 6.048071 -0.414357 -29.466364 -7.364212 -17.149565 33.975131 0.427826 -1.343248 -28.002462 0.000000 0.000000 0.000000 -21.259276 7.381680 -1.447185 -49.437114 -3.638667 -7.897413 -22.493094 -41.729745 13.497988 0.000000 0.000000 0.000000 6.950535 -5.360389 -4.085969 62.845373 0.084130 -10.664050 28.160236 43.431695 11.164560 0.000000 0.000000 0.000000 
0.000035 0.951294 0.000103 -4.479382 3.877182 2.169159 10.000257 -0.335689 9.051055 -8.842731 0.462093 -8.721774 20.544268 31.970820 26.319134 0.000000 0.000000 0.000000 -0.869501 0.938581 -9.964819 1.242441 0.007812 6.094811 1.950337 -1.306724 13.925825 0.000000 0.000000 0.000000 2.159777 -0.915646 13.202372 6.434779 -0.523377 -28.989440 -7.162183 -16.927007 33.280435 0.092033 -1.071731 -28.461362 0.000000 0.000000 0.000000 -21.779120 6.651755 -1.017643 -50.243403 -5.196396 -7.340986 -22.560758 -41.170251 13.285072 0.000000 0.000000 0.000000 7.431142 -4.485427 -3.836885 62.480604 1.034483 -9.949385 26.345634 43.044266 10.339048 0.000000 0.000000 0.000000 
0.000537 0.950920 -0.000929 -4.634632 3.409098 2.338310 10.018578 -0.319884 8.892208 -8.805961 0.473985 -8.737707 20.927004 32.344121 26.470712 0.000000 0.000000 0.000000 -0.877514 0.966878 -10.250045 1.474273 -0.027498 6.046173 2.174506 -0.986300 13.989535 0.000000 0.000000 0.000000 2.093416 -0.935820 13.667825 6.739694 -0.628582 -28.440458 -6.970203 -16.693044 32.670435 0.251485 -1.138774 -28.490833 0.000000 0.000000 0.000000 -22.145250 5.710565 -0.393692 -51.022293 -6.560736 -6.862371 -22.584690 -42.019677 13.653717 0.000000 0.000000 0.000000 7.714799 -3.294037 -3.415360 62.342808 2.192011 -9.218161 25.729275 42.609840 9.954762 0.000000 0.000000 0.000000 
0.000436 0.950809 -0.001489 -4.648733 2.716089 2.471673 10.028155 -0.294007 9.112813 -9.015416 0.476337 -9.209465 21.318630 32.666553 26.942857 0.000000 0.000000 0.000000 -0.825776 0.963370 -10.116694 1.410799 -0.025278 5.366317 2.528831 -0.468108 14.071730 0.000000 0.000000 0.000000 1.826201 -0.903732 13.885473 6.703995 -0.633799 -28.308866 -6.664895 -16.743158 32.692201 -0.032268 -1.070354 -28.487637 0.000000 0.000000 0.000000 -22.564265 4.624448 0.461132 -51.453340 -8.801279 -6.051821 -21.385466 -43.510761 13.749248 0.000000 0.000000 0.000000 8.214991 -2.049784 -3.085025 61.623836 3.609129 -8.328846 25.493684 42.047625 9.611707 0.000000 0.000000 0.000000 
0.000065 0.950373 -0.001540 -4.770951 1.974285 2.359373 10.162766 -0.275667 9.692581 -9.217023 0.475507 -9.761679 21.737096 33.019826 27.353472 0.000000 0.000000 0.000000 -0.566585 0.970613 -9.973537 1.238725 0.003549 5.192739 2.866097 0.077391 13.981032 0.000000 0.000000 0.000000 1.746328 -0.898976 14.188234 6.767963 -0.681648 -27.900127 -6.853220 -16.823955 32.025412 0.268365 -1.320907 -28.088478 0.000000 0.000000 0.000000 -22.818795 4.000842 0.993393 -50.975958 -10.324546 -5.401615 -21.306277 -46.115325 14.742651 0.000000 0.000000 0.000000 8.882992 -0.804531 -2.816507 61.547004 4.137918 -7.898854 26.709397 42.044424 9.912204 0.000000 0.000000 0.000000 
-0.000177 0.950195 -0.001647 -4.756627 1.558889 2.304397 10.227513 -0.263438 10.078578 -9.464590 0.470925 -10.195694 21.922097 33.158364 27.627140 0.000000 0.000000 0.000000 -0.505055 0.962036 -9.823727 1.133912 0.016646 4.956788 3.062609 0.394351 13.940316 0.000000 0.000000 0.000000 1.679657 -0.902649 14.515457 6.897406 -0.717738 -27.861856 -6.989945 -17.055731 31.802324 0.583021 -1.576952 -28.002742 0.000000 0.000000 0.000000 -22.415786 2.409032 2.063507 -49.944848 -13.634774 -4.003856 -18.242981 -49.259932 14.400126 0.000000 0.000000 0.000000 8.456794 0.130632 -2.378387 61.809630 4.728730 -7.670734 29.450784 42.472824 10.927047 0.000000 0.000000 0.000000 
0.000182 0.950379 -0.002416 -4.643243 1.647421 2.292043 10.329366 -0.279093 10.144368 -9.870233 0.462583 -10.394445 21.776543 33.011708 27.612782 0.000000 0.000000 0.000000 -0.736551 0.942966 -9.776575 1.276441 -0.009223 4.826932 3.046456 0.337369 14.037916 0.000000 0.000000 0.000000 1.674329 -0.906963 14.578409 6.858465 -0.688235 -28.120957 -7.247430 -18.266639 31.925497 0.179974 -1.541794 -28.329094 0.000000 0.000000 0.000000 -21.980087 1.413469 2.904756 -48.493888 -17.915605 -2.283374 -11.829212 -50.934809 11.785413 0.000000 0.000000 0.000000 7.798116 1.260329 -1.896864 61.879603 5.311050 -7.518231 32.421713 42.653139 11.822744 0.000000 0.000000 0.000000 
0.001242 0.950678 -0.004234 -4.541902 1.730613 2.196853 10.513366 -0.301548 10.137772 -10.476357 0.465013 -10.422950 21.631135 32.878752 27.539625 0.000000 0.000000 0.000000 -0.765178 0.944969 -9.829269 1.004034 0.034244 4.922031 3.028189 0.260754 14.172282 0.000000 0.000000 0.000000 1.528964 -0.898329 14.784848 7.390276 -0.796155 -28.100716 -7.542109 -18.935858 31.752286 0.207729 -1.636896 -28.354393 0.000000 0.000000 0.000000 -20.873710 -0.434882 3.989889 -46.624892 -23.378644 -0.073234 -2.945082 -50.163362 7.166294 0.000000 0.000000 0.000000 7.226061 1.938867 -1.549510 61.690679 5.678446 -7.364456 36.938912 43.626531 13.678738 0.000000 0.000000 0.000000 
0.002636 0.951228 -0.006723 -4.566968 2.260387 2.375332 10.719124 -0.349612 9.504574 -10.794075 0.467325 -10.122996 21.333636 32.636147 27.215345 0.000000 0.000000 0.000000 -0.944771 0.947404 -10.004022 1.179003 -0.002477 4.685102 2.851408 -0.142269 14.577793 0.000000 0.000000 0.000000 1.887399 -0.977198 14.991427 7.385353 -0.728006 -28.843532 -7.538078 -20.337204 32.142669 -1.051328 -1.123443 -28.694582 0.000000 0.000000 0.000000 -19.971480 -2.440414 5.259571 -43.944172 -30.127640 2.380784 6.926664 -46.489313 2.099932 0.000000 0.000000 0.000000 5.784251 2.531995 -1.047272 61.632528 6.704557 -7.151661 40.599654 44.855544 15.325344 0.000000 0.000000 0.000000 
0.003699 0.951897 -0.008919 -4.780919 2.419511 2.636338 10.903110 -0.377550 8.831184 -10.798382 0.482644 -9.778609 21.334138 32.647320 27.161047 0.000000 0.000000 0.000000 -1.019028 0.970354 -10.306812 1.536380 -0.061465 4.526761 2.903110 -0.166372 14.954980 0.000000 0.000000 0.000000 1.987164 -0.992064 14.875905 7.674152 -0.779644 -28.907566 -7.320009 -20.891201 31.988260 -1.062297 -1.185459 -28.690566 0.000000 0.000000 0.000000 -19.152582 -3.905868 6.013631 -41.318467 -34.082592 3.595236 13.343073 -43.900172 -0.740791 0.000000 0.000000 0.000000 4.985169 3.029594 -0.667852 60.430848 7.339275 -6.778247 44.797446 46.704499 17.701063 0.000000 0.000000 0.000000 
0.004084 0.951966 -0.010027 -4.732705 2.427739 2.741045 11.032410 -0.393428 8.795524 -11.165752 0.469941 -10.037542 21.276596 32.582124 27.193793 0.000000 0.000000 0.000000 -1.099516 0.965024 -10.304943 1.599119 -0.080109 4.115396 2.837192 -0.399907 15.246162 0.000000 0.000000 0.000000 1.906214 -0.975705 14.806244 7.658719 -0.759781 -29.083830 -6.977250 -20.878512 31.888639 -1.820654 -0.763910 -28.326264 0.000000 0.000000 0.000000 -18.544919 -3.733636 5.754434 -39.652620 -35.115953 3.722579 16.357102 -44.479925 -1.904740 0.000000 0.000000 0.000000 4.204333 2.734081 -0.560784 59.973537 7.436155 -6.761147 48.998855 48.748771 20.514657 0.000000 0.000000 0.000000 
0.004010 0.951737 -0.009891 -4.736464 1.719673 2.908912 10.747254 -0.331434 8.578463 -10.875753 0.512244 -9.738581 21.820497 33.073329 27.554534 0.000000 0.000000 0.000000 -1.395762 0.954667 -10.347783 1.738621 -0.104161 3.724789 3.771986 1.094626 15.474439 0.000000 0.000000 0.000000 2.039677 -0.964386 14.529752 7.341329 -0.684943 -29.241608 -6.413826 -19.653180 31.776356 -1.216548 -0.974418 -27.960838 0.000000 0.000000 0.000000 -18.946149 -3.013563 5.256752 -40.244062 -32.562861 2.815632 17.415698 -47.629050 -2.335330 0.000000 0.000000 0.000000 3.941963 2.040055 -0.669776 58.989610 7.042232 -6.769653 53.471552 50.941280 24.061155 0.000000 0.000000 0.000000 
0.003730 0.951258 -0.009156 -4.459344 1.316777 2.801272 10.372360 -0.272370 9.017885 -10.837649 0.507690 -10.063904 21.992036 33.211697 27.767567 0.000000 0.000000 0.000000 -1.762999 0.914754 -10.134833 1.402944 -0.063811 3.340242 4.700621 2.530799 15.896533 0.000000 0.000000 0.000000 2.080731 -0.947759 14.358308 7.124762 -0.675558 -28.829543 -6.142439 -17.943382 31.662104 -0.269017 -1.289003 -27.558556 0.000000 0.000000 0.000000 -19.817924 -1.424985 4.176533 -41.295213 -27.873749 1.121474 14.994124 -53.555499 -1.271471 0.000000 0.000000 0.000000 4.812721 1.193610 -1.077075 57.861176 6.656617 -6.565327 56.457219 53.305997 27.557306 0.000000 0.000000 0.000000 
0.003660 0.950368 -0.008485 -4.215209 0.820371 3.077028 10.001754 -0.216197 9.033530 -10.820080 0.507473 -10.370436 22.319956 33.507849 27.977002 0.000000 0.000000 0.000000 -2.074314 0.945341 -10.688651 1.407368 -0.055280 3.576355 4.997911 2.941876 15.984483 0.000000 0.000000 0.000000 2.049702 -0.913015 14.016567 7.124094 -0.678451 -28.814669 -5.906481 -16.521620 31.684580 0.245818 -1.409379 -27.249557 0.000000 0.000000 0.000000 -20.748975 0.458736 2.969845 -43.599168 -22.753259 -0.614012 11.333535 -58.904220 0.943758 0.000000 0.000000 0.000000 5.103900 0.556171 -1.293346 57.186183 6.286997 -6.532701 59.092201 55.296908 30.751361 0.000000 0.000000 0.000000 
0.003712 0.949925 -0.008336 -4.187262 0.895056 3.240041 9.754390 -0.198065 8.783362 -10.438001 0.505187 -10.251673 22.381250 33.599689 27.824220 0.000000 0.000000 0.000000 -2.314172 0.961304 -11.085456 1.754794 -0.094555 3.987597 4.913170 2.866111 15.848692 0.000000 0.000000 0.000000 2.160664 -0.926651 13.943061 7.070774 -0.652779 -28.974664 -5.888767 -15.868860 31.955770 1.519542 -2.012149 -27.604321 0.000000 0.000000 0.000000 -21.785542 1.902981 2.084580 -45.389969 -18.121699 -2.354001 4.197580 -61.867133 5.402323 0.000000 0.000000 0.000000 5.986533 0.102957 -1.625880 56.152460 6.160716 -6.325954 59.926362 57.040705 32.700251 0.000000 0.000000 0.000000 
0.003838 0.949754 -0.008870 -4.202207 1.092921 3.238345 9.674279 -0.198770 8.731612 -10.229272 0.493050 -10.277965 22.297434 33.551509 27.636316 0.000000 0.000000 0.000000 -2.458524 0.975402 -11.418797 1.800264 -0.089261 4.576388 5.093739 3.262394 15.786576 0.000000 0.000000 0.000000 2.087967 -0.932709 14.145332 7.326391 -0.651406 -29.533259 -5.897366 -15.651986 32.389068 2.202193 -2.338206 -28.054419 0.000000 0.000000 0.000000 -22.185339 2.585218 1.655763 -46.609218 -15.759342 -3.282288 -1.939321 -62.467396 9.277263 0.000000 0.000000 0.000000 6.134888 0.443723 -1.488314 55.762323 6.547634 -6.105802 57.937488 57.833662 32.169374 0.000000 0.000000 0.000000 
0.003894 0.949760 -0.009723 -4.083340 1.158009 3.329513 9.391742 -0.175213 8.517442 -9.955482 0.491155 -10.197858 22.292422 33.556489 27.588773 0.000000 0.000000 0.000000 -2.633699 0.988612 -11.765329 1.702350 -0.066656 4.946660 5.270777 3.604393 15.775140 0.000000 0.000000 0.000000 2.175468 -0.944318 14.111541 7.223443 -0.642789 -29.384134 -6.021327 -15.896544 31.895627 2.275923 -2.380496 -28.118602 0.000000 0.000000 0.000000 -22.279581 2.004362 2.060309 -47.331063 -15.667059 -3.256176 -2.208720 -59.956268 8.881867 0.000000 0.000000 0.000000 6.320683 1.125298 -1.286076 55.811344 6.634229 -5.992057 54.681328 58.381711 30.397223 0.000000 0.000000 0.000000 
0.004010 0.949947 -0.010700 -4.105737 1.334208 3.030269 9.510012 -0.187402 8.623758 -10.067099 0.499989 -9.974266 22.156129 33.454402 27.419619 0.000000 0.000000 0.000000 -2.558978 0.993423 -11.810764 1.813079 -0.072413 5.541449 4.875031 2.948493 15.686681 0.000000 0.000000 0.000000 2.550098 -1.025822 14.492569 7.246647 -0.642117 -29.510379 -6.612980 -16.317934 31.537608 2.564230 -2.558401 -28.250741 0.000000 0.000000 0.000000 -21.761977 0.403406 3.041205 -47.451697 -17.417281 -2.477630 -1.258494 -56.486721 7.544946 0.000000 0.000000 0.000000 6.566128 1.498909 -1.236575 56.005820 6.584889 -5.960285 50.741891 57.850206 27.529025 0.000000 0.000000 0.000000 
0.004222 0.949711 -0.011840 -3.948825 0.983737 2.648935 9.385606 -0.151591 8.760040 -10.266539 0.543681 -9.494903 22.368057 33.673504 27.441249 0.000000 0.000000 0.000000 -2.588183 0.992088 -11.810081 2.167612 -0.111115 6.292086 4.073104 1.751502 14.929148 0.000000 0.000000 0.000000 2.517017 -1.024852 14.723192 7.171886 -0.620862 -29.605287 -6.846549 -17.436405 31.430185 1.453354 -2.132943 -28.475479 0.000000 0.000000 0.000000 -21.524948 -1.123345 4.266996 -46.977093 -21.177675 -0.986047 1.685922 -51.775084 5.195703 0.000000 0.000000 0.000000 5.972145 2.335771 -0.916243 56.619918 7.019291 -5.932906 46.523233 56.525271 23.835232 0.000000 0.000000 0.000000 
0.004646 0.949386 -0.013319 -3.856747 0.710036 2.294332 9.369954 -0.128080 9.166473 -10.539908 0.554848 -9.597058 22.474926 33.790753 27.449600 0.000000 0.000000 0.000000 -2.322609 1.013907 -11.820764 1.933522 -0.055949 6.945369 3.502406 0.915414 14.302085 0.000000 0.000000 0.000000 2.801010 -1.053649 14.674081 7.019944 -0.625351 -29.285389 -7.439639 -18.578723 31.450703 0.043415 -1.533143 -29.070628 0.000000 0.000000 0.000000 -21.234929 -2.891646 5.594203 -45.300707 -25.426671 0.569103 3.323910 -46.675000 3.550957 0.000000 0.000000 0.000000 5.810253 2.741501 -0.863787 57.304023 7.262924 -5.999999 42.986480 55.318096 20.880930 0.000000 0.000000 0.000000 
0.005232 0.948865 -0.015084 -3.899479 0.438209 2.141052 9.502013 -0.126593 9.210579 -10.844230 0.578077 -9.490163 22.678529 34.021068 27.376148 0.000000 0.000000 0.000000 -2.252603 1.056970 -12.263960 2.006787 -0.049388 7.702982 3.347778 0.583853 14.292465 0.000000 0.000000 0.000000 2.962100 -1.083433 14.865455 7.006291 -0.591778 -29.646566 -7.914421 -19.930448 31.922994 -1.174216 -1.092053 -29.795528 0.000000 0.000000 0.000000 -20.821030 -4.588703 6.928853 -44.346989 -29.760003 2.175588 5.609390 -42.228973 2.076243 0.000000 0.000000 0.000000 5.386452 2.927414 -0.863625 57.974721 8.221188 -5.812037 39.877558 53.434048 17.952432 0.000000 0.000000 0.000000 
0.005535 0.948910 -0.016578 -4.041042 0.117030 1.994381 9.511632 -0.110980 9.258688 -10.723328 0.594550 -9.373708 22.930187 34.260835 27.501789 0.000000 0.000000 0.000000 -2.186250 1.097138 -12.647507 2.027922 -0.031302 8.520104 3.643034 1.115902 14.222607 0.000000 0.000000 0.000000 3.100940 -1.092617 14.801244 7.154400 -0.640243 -29.461895 -8.518700 -21.173571 32.313858 -2.304211 -0.691398 -30.791552 0.000000 0.000000 0.000000 -21.138459 -5.335397 7.828156 -42.840432 -32.236338 2.800458 5.455575 -39.881433 1.816046 0.000000 0.000000 0.000000 5.176031 3.240464 -0.836593 58.264835 8.454606 -5.921930 37.812939 52.394401 16.159888 0.000000 0.000000 0.000000 
0.005204 0.948812 -0.017244 -4.054809 -0.259777 2.336178 9.412082 -0.093450 9.074993 -10.621434 0.587036 -9.679371 23.209198 34.481326 27.806967 0.000000 0.000000 0.000000 -1.983567 1.156467 -13.074164 1.787011 0.021307 8.635590 3.687776 1.296263 13.878171 0.000000 0.000000 0.000000 3.131020 -1.090579 14.762240 7.199314 -0.639189 -29.526864 -8.733861 -21.526598 32.383615 -2.424983 -0.727301 -30.543846 0.000000 0.000000 0.000000 -20.727383 -4.995828 7.669163 -43.534581 -32.161756 2.973981 4.546754 -41.358284 2.365612 0.000000 0.000000 0.000000 5.232661 2.195843 -1.335750 58.676526 8.010668 -6.237049 37.781527 50.712513 15.339326 0.000000 0.000000 0.000000 
0.004172 0.949157 -0.016796 -3.850457 -1.173969 2.804102 8.823681 -0.011622 8.812434 -10.160257 0.599003 -9.834636 23.829535 34.917303 28.693510 0.000000 0.000000 0.000000 -2.150167 1.192403 -13.501616 1.845987 0.023670 8.577122 4.018199 1.960056 13.491154 0.000000 0.000000 0.000000 3.067022 -1.028915 14.211377 7.097301 -0.623609 -29.439585 -8.990313 -21.293460 32.515932 -2.231198 -0.907363 -30.306987 0.000000 0.000000 0.000000 -20.864652 -3.499596 6.914430 -44.885657 -29.452886 2.063950 1.338693 -44.126801 4.132938 0.000000 0.000000 0.000000 5.775132 1.134375 -1.979411 58.615474 6.454542 -6.911604 38.682679 50.077009 15.371328 0.000000 0.000000 0.000000 
0.002682 0.949104 -0.015686 -3.587651 -1.669021 3.064954 8.444952 0.041295 8.961118 -9.994743 0.585782 -10.345930 24.070856 35.036583 29.238333 0.000000 0.000000 0.000000 -2.073659 1.217044 -13.626295 1.414156 0.100855 8.343961 4.151886 2.251425 13.257905 0.000000 0.000000 0.000000 2.780009 -0.952140 13.769662 7.316457 -0.688293 -29.186168 -9.214970 -20.751542 32.595757 -1.713481 -1.170184 -29.935143 0.000000 0.000000 0.000000 -21.313922 -1.327534 5.663711 -46.172580 -24.459824 0.121860 -4.755713 -49.596758 8.099873 0.000000 0.000000 0.000000 6.245511 -0.815942 -2.887422 58.473902 4.550610 -7.745396 41.213999 49.525723 16.339709 0.000000 0.000000 0.000000 
0.001411 0.948888 -0.014645 -3.223036 -2.195243 3.619275 8.008002 0.090228 8.854818 -9.972240 0.572529 -10.992147 24.329579 35.160614 29.824842 0.000000 0.000000 0.000000 -2.092493 1.268443 -14.124953 1.030617 0.174186 8.311279 4.068780 2.295350 12.686017 0.000000 0.000000 0.000000 2.152637 -0.819717 13.098833 7.605926 -0.747593 -29.039425 -9.469177 -20.311067 33.008386 -1.081732 -1.512902 -30.075070 0.000000 0.000000 0.000000 -21.528181 1.061497 4.251034 -47.857705 -19.866291 -1.627342 -12.697424 -53.859119 13.696557 0.000000 0.000000 0.000000 6.567876 -1.927201 -3.457284 57.878221 3.164158 -8.257461 43.134054 49.329836 17.088242 0.000000 0.000000 0.000000 
0.000712 0.948886 -0.014214 -3.171167 -2.435956 3.782099 7.700316 0.117099 8.611569 -9.537673 0.581306 -10.784733 24.571753 35.347078 30.057914 0.000000 0.000000 0.000000 -2.132377 1.311432 -14.600671 1.050671 0.190762 8.783249 4.187080 2.469808 12.725956 0.000000 0.000000 0.000000 2.030303 -0.783422 12.784830 8.045927 -0.862554 -28.738691 -9.627881 -19.772811 33.213450 -0.100444 -1.965858 -30.433901 0.000000 0.000000 0.000000 -21.964464 2.797207 3.188821 -48.500614 -15.796581 -3.323174 -22.150882 -57.410711 20.767632 0.000000 0.000000 0.000000 6.924260 -2.611561 -3.822742 57.271722 2.127826 -8.559356 44.794019 49.685833 18.068861 0.000000 0.000000 0.000000 
0.000629 0.949050 -0.014494 -3.205303 -2.041431 3.884494 7.660329 0.099389 8.405596 -9.271437 0.562854 -10.759378 24.352174 35.173620 29.841497 0.000000 0.000000 0.000000 -2.116417 1.330923 -14.867963 0.938071 0.220476 9.187726 4.174076 2.552818 12.637091 0.000000 0.000000 0.000000 1.636401 -0.738321 12.803383 9.011787 -1.036061 -28.805916 -9.368204 -19.760492 33.143212 0.571166 -2.293292 -30.358748 0.000000 0.000000 0.000000 -21.958708 3.524104 2.683114 -48.618721 -13.336325 -4.313498 -35.085964 -59.925104 30.577311 0.000000 0.000000 0.000000 6.193352 -2.434245 -3.448752 56.603444 2.000662 -8.538584 44.717631 50.334753 18.336397 0.000000 0.000000 0.000000 
0.001036 0.949556 -0.015359 -3.024653 -1.622109 4.052593 7.265069 0.102867 7.916129 -8.836660 0.551157 -10.467143 24.121502 34.974227 29.672453 0.000000 0.000000 0.000000 -2.380562 1.307673 -14.971676 1.058500 0.189358 9.100990 3.898754 2.086653 12.624820 0.000000 0.000000 0.000000 1.497552 -0.727395 12.828055 9.584581 -1.144523 -28.816979 -9.039040 -19.873185 32.655262 -0.159048 -1.832077 -30.515425 0.000000 0.000000 0.000000 -21.804334 3.286828 2.730035 -47.409512 -13.657494 -4.145021 -44.485920 -60.641052 37.488341 0.000000 0.000000 0.000000 5.575769 -1.465376 -2.820007 55.625756 2.408884 -8.123973 42.308351 51.184713 17.530071 0.000000 0.000000 0.000000 
0.001706 0.950327 -0.016695 -3.044673 -0.622550 4.305753 7.332694 0.047687 7.440084 -8.683813 0.512863 -10.543881 23.458354 34.411794 29.174715 0.000000 0.000000 0.000000 -2.134637 1.310152 -14.908944 0.801807 0.201721 8.497180 3.181196 0.665050 13.013755 0.000000 0.000000 0.000000 2.081745 -0.818249 12.751634 9.769982 -1.135227 -29.184475 -8.676985 -20.194217 32.045340 -0.386860 -1.679612 -29.983402 0.000000 0.000000 0.000000 -21.936414 1.316625 3.889463 -45.464840 -16.678181 -3.069868 -48.850281 -61.183598 40.687862 0.000000 0.000000 0.000000 5.352838 -0.595869 -2.366093 54.744966 3.070768 -7.558760 38.389731 51.605719 15.882651 0.000000 0.000000 0.000000 
0.002737 0.951006 -0.018502 -2.941198 0.495965 4.467650 7.501929 -0.017779 6.868210 -8.949498 0.489834 -10.360334 22.698929 33.784731 28.522370 0.000000 0.000000 0.000000 -2.072465 1.264716 -14.511316 0.527924 0.200738 7.434153 2.500841 -0.661810 13.491238 0.000000 0.000000 0.000000 2.308392 -0.858620 12.635252 9.953684 -1.148310 -29.384157 -8.376462 -20.985241 31.489893 -1.124220 -1.274178 -29.996094 0.000000 0.000000 0.000000 -21.078817 -1.483031 5.377966 -44.214463 -22.007944 -0.942411 -43.819109 -62.160271 37.224907 0.000000 0.000000 0.000000 4.608839 1.142335 -1.456786 54.292204 4.610890 -6.812761 33.074610 52.217925 13.559809 0.000000 0.000000 0.000000 
0.004027 0.951838 -0.020531 -3.011521 1.537416 4.439787 7.745216 -0.075675 6.608578 -9.076788 0.457269 -10.362102 21.990411 33.180267 27.947911 0.000000 0.000000 0.000000 -1.732621 1.236663 -13.971387 0.114961 0.229800 6.530720 1.815416 -1.942105 13.900856 0.000000 0.000000 0.000000 2.736220 -0.916506 12.422815 10.331662 -1.245069 -29.155481 -8.367607 -21.929960 30.614410 -2.772760 -0.416158 -29.329626 0.000000 0.000000 0.000000 -20.464196 -4.577663 7.064656 -42.039766 -28.174727 1.345795 -32.420227 -62.862448 28.953425 0.000000 0.000000 0.000000 4.973473 2.859940 -0.936015 53.033469 6.465589 -5.625819 27.796935 52.389567 11.021513 0.000000 0.000000 0.000000 
0.005372 0.952330 -0.022293 -3.015968 2.670246 4.355215 7.925120 -0.125509 6.558830 -9.212779 0.408464 -10.606473 21.205259 32.503504 27.289122 0.000000 0.000000 0.000000 -1.674524 1.184246 -13.462603 -0.035454 0.220881 5.813406 1.186330 -3.061946 14.297557 0.000000 0.000000 0.000000 3.077408 -0.977430 12.424247 10.324938 -1.208377 -29.501095 -8.452380 -23.446119 30.252892 -4.065217 0.172227 -29.663219 0.000000 0.000000 0.000000 -19.278380 -7.192038 8.415790 -40.980567 -34.776112 3.971905 -17.422488 -59.973025 17.447475 0.000000 0.000000 0.000000 4.863546 4.054098 -0.539641 52.564293 7.808856 -4.952502 25.501827 52.589273 9.753764 0.000000 0.000000 0.000000 
0.006468 0.953287 -0.023350 -3.219291 3.493521 3.920415 8.072960 -0.153479 6.897600 -8.970311 0.374123 -10.723135 20.625967 31.975374 26.900541 0.000000 0.000000 0.000000 -1.527912 1.105468 -12.468244 -0.027729 0.184238 4.940017 0.924556 -3.560198 14.787180 0.000000 0.000000 0.000000 3.192157 -0.991300 12.307980 10.801647 -1.325526 -29.363098 -8.922183 -24.418446 30.049454 -5.475062 0.889772 -30.026626 0.000000 0.000000 0.000000 -17.773495 -9.483928 9.295586 -38.952755 -40.317310 5.969160 -7.867941 -54.518687 9.799400 0.000000 0.000000 0.000000 5.085786 5.236090 -0.191279 52.042378 7.905405 -4.776152 25.110089 53.369439 9.626920 0.000000 0.000000 0.000000 
0.007185 0.953533 -0.023735 -3.338844 4.202685 3.710654 8.311030 -0.195009 7.050920 -9.042677 0.344456 -10.833396 20.157162 31.561184 26.476204 0.000000 0.000000 0.000000 -1.388986 1.072781 -12.019119 -0.133026 0.187352 4.654744 0.630362 -4.029062 14.965141 0.000000 0.000000 0.000000 3.173528 -1.002879 12.382549 11.095098 -1.355918 -29.659374 -9.009014 -25.358717 30.253507 -6.292296 1.255227 -30.072144 0.000000 0.000000 0.000000 -16.755704 -10.648251 9.695800 -38.117967 -43.690972 7.281871 -3.192273 -50.426131 6.363195 0.000000 0.000000 0.000000 4.942213 5.234793 -0.203562 52.666117 8.064563 -4.872398 26.296919 53.896629 10.204562 0.000000 0.000000 0.000000 
0.007521 0.953691 -0.023756 -3.370635 4.478867 3.549697 8.437078 -0.212796 7.152226 -9.159397 0.338117 -10.781336 19.962222 31.387824 26.305163 0.000000 0.000000 0.000000 -1.345915 1.050525 -11.740947 -0.183578 0.189788 4.532681 0.520158 -4.201295 15.030545 0.000000 0.000000 0.000000 3.030422 -0.957716 12.038713 11.395313 -1.475069 -29.161277 -9.294203 -25.488347 29.956616 -6.340281 1.308874 -29.649987 0.000000 0.000000 0.000000 -15.849734 -11.360780 9.747700 -38.360286 -44.747631 7.992912 -2.711971 -47.480703 5.510365 0.000000 0.000000 0.000000 5.144223 4.824841 -0.403594 53.140725 6.819189 -5.423131 29.836483 55.095774 12.251902 0.000000 0.000000 0.000000 
0.007685 0.953421 -0.023883 -3.511269 4.855685 3.259488 8.653205 -0.242557 7.149610 -9.182948 0.349157 -10.356927 19.793766 31.285242 25.880999 0.000000 0.000000 0.000000 -1.131472 1.038740 -11.438410 -0.305548 0.209917 4.611525 0.335484 -4.455658 14.973559 0.000000 0.000000 0.000000 2.600396 -0.879964 11.726800 11.615697 -1.586055 -28.626730 -9.352016 -25.609022 30.005905 -6.154383 1.225926 -29.246815 0.000000 0.000000 0.000000 -15.774398 -11.162924 9.581108 -38.883941 -43.835496 7.801034 -3.483010 -47.191854 5.817244 0.000000 0.000000 0.000000 5.275900 4.074037 -0.717751 54.354587 5.543738 -6.173480 33.977131 55.583978 14.537921 0.000000 0.000000 0.000000 
0.007924 0.952985 -0.024397 -3.468962 5.123465 2.949129 8.699694 -0.250554 7.022758 -9.298242 0.379270 -9.660802 19.693489 31.254679 25.438291 0.000000 0.000000 0.000000 -1.184925 1.045652 -11.625320 -0.319058 0.243838 5.556460 0.153613 -4.679872 14.739039 0.000000 0.000000 0.000000 2.251466 -0.826064 11.594566 11.098139 -1.550037 -28.049257 -8.911231 -25.315368 30.084612 -6.157856 1.314746 -28.411920 0.000000 0.000000 0.000000 -15.638365 -10.620714 9.146111 -40.520085 -41.717059 7.428219 -6.652069 -47.887852 7.465756 0.000000 0.000000 0.000000 4.929292 3.151275 -0.897631 55.470173 4.179502 -7.085381 39.816772 55.567241 17.734803 0.000000 0.000000 0.000000 
0.008304 0.952128 -0.025112 -3.491362 5.119994 2.684366 8.121394 -0.188831 6.944278 -8.304629 0.399923 -9.088542 19.873556 31.507201 25.052857 0.000000 0.000000 0.000000 -1.207722 1.068009 -11.945803 -0.278647 0.270523 6.558221 0.085613 -4.721268 14.429221 0.000000 0.000000 0.000000 2.198760 -0.809315 11.492862 10.510350 -1.453248 -27.827867 -8.904362 -24.309961 30.447045 -5.540469 1.116200 -27.953361 0.000000 0.000000 0.000000 -16.586134 -9.582254 8.706486 -41.478310 -37.783272 5.786315 -12.565840 -48.904621 10.575671 0.000000 0.000000 0.000000 5.862626 2.030163 -1.506891 55.722941 2.775295 -7.643389 44.565204 54.465415 20.071480 0.000000 0.000000 0.000000 
0.008820 0.951753 -0.025689 -3.567191 5.085755 2.526239 7.794214 -0.154700 6.793338 -7.664002 0.413903 -8.581274 20.022825 31.700586 24.843734 0.000000 0.000000 0.000000 -1.565142 1.078341 -12.487355 0.438723 0.175908 7.719018 0.057192 -4.756331 14.327824 0.000000 0.000000 0.000000 2.311887 -0.803117 11.251763 9.444435 -1.303266 -27.030599 -8.136935 -23.281338 30.091246 -5.328790 1.176607 -26.921754 0.000000 0.000000 0.000000 -17.629020 -8.482069 8.205918 -43.210229 -32.451305 3.777505 -20.846099 -49.479443 14.989209 0.000000 0.000000 0.000000 5.970711 1.285604 -1.701502 55.562440 1.197324 -8.259869 50.320623 53.672704 22.978445 0.000000 0.000000 0.000000 
0.009190 0.951492 -0.025803 -3.453588 5.493519 2.466065 7.245597 -0.119730 6.306126 -6.853860 0.419707 -7.719282 19.902507 31.645647 24.415930 0.000000 0.000000 0.000000 -1.862404 1.064411 -12.757749 0.843909 0.109431 8.396869 -0.373464 -5.457856 14.218054 0.000000 0.000000 0.000000 2.376904 -0.797870 11.042709 8.483156 -1.107931 -26.801611 -7.660518 -21.665216 30.042882 -4.781886 1.169822 -25.996804 0.000000 0.000000 0.000000 -18.910332 -7.071311 7.342601 -43.073092 -26.884769 1.316520 -30.727916 -48.773676 19.759576 0.000000 0.000000 0.000000 6.470939 -0.107286 -2.173799 55.008011 -0.581966 -8.842716 55.072251 51.962349 25.156852 0.000000 0.000000 0.000000 
0.009272 0.951179 -0.025571 -3.392850 6.349211 2.546488 7.115564 -0.134018 6.179642 -6.529959 0.389341 -7.851284 19.392067 31.182984 23.857372 0.000000 0.000000 0.000000 -1.875812 1.055141 -12.815441 1.099769 0.052386 8.698733 -1.290921 -6.925120 13.820913 0.000000 0.000000 0.000000 2.376793 -0.767964 10.541788 7.489470 -0.894817 -26.574663 -7.221879 -20.355468 29.946076 -4.323987 1.209346 -24.596208 0.000000 0.000000 0.000000 -19.554445 -5.707778 6.286514 -43.145954 -21.306996 -0.846795 -39.199906 -46.826363 23.208441 0.000000 0.000000 0.000000 6.416843 -0.698948 -2.173049 54.449277 -1.734019 -9.182281 57.402255 50.469339 26.123338 0.000000 0.000000 0.000000 
0.009204 0.951081 -0.025153 -3.478956 7.329567 2.456054 7.150685 -0.169667 5.672819 -6.155757 0.385088 -7.041468 18.890915 30.750739 23.136596 0.000000 0.000000 0.000000 -1.801561 1.036114 -12.643328 1.439562 -0.027374 9.047766 -2.103518 -8.188577 13.311912 0.000000 0.000000 0.000000 2.266157 -0.735121 10.168342 6.788514 -0.735574 -26.484133 -6.797238 -19.003089 30.107803 -4.004822 1.336984 -24.390848 0.000000 0.000000 0.000000 -19.708528 -4.355619 5.075137 -43.047257 -16.984494 -2.412583 -46.312725 -43.959163 25.223419 0.000000 0.000000 0.000000 6.447886 -0.933378 -2.039234 53.569742 -2.722783 -9.395023 59.712303 49.673471 27.581763 0.000000 0.000000 0.000000 
0.009087 0.950955 -0.024998 -3.707900 8.396081 2.179860 7.287968 -0.209535 5.496255 -5.669368 0.366396 -6.553803 18.321179 30.231991 22.378312 0.000000 0.000000 0.000000 -1.515506 1.054571 -12.728660 1.807490 -0.120495 9.688996 -3.220650 -10.167551 13.741339 0.000000 0.000000 0.000000 2.298221 -0.754946 10.282418 6.383009 -0.623300 -26.650689 -6.453692 -17.688612 30.157565 -3.430753 1.313105 -23.691604 0.000000 0.000000 0.000000 -19.367282 -3.385448 4.000792 -43.076205 -13.206230 -3.652137 -50.505777 -42.146256 26.106195 0.000000 0.000000 0.000000 6.022066 -1.356895 -1.892330 52.644328 -3.513017 -9.512728 61.916706 48.086937 28.388740 0.000000 0.000000 0.000000 
0.009227 0.951092 -0.025086 -3.850533 9.785045 2.329463 7.366577 -0.262407 4.785532 -5.211512 0.341242 -6.074383 17.561554 29.502180 21.566226 0.000000 0.000000 0.000000 -1.644444 1.034914 -12.928735 2.500219 -0.299752 9.791954 -4.236223 -11.882971 14.342639 0.000000 0.000000 0.000000 2.278992 -0.720484 9.718240 5.821647 -0.481282 -26.600954 -6.051002 -16.850739 30.054910 -2.802364 1.201422 -23.711848 0.000000 0.000000 0.000000 -19.254006 -2.837174 3.261667 -42.604910 -10.646843 -4.432024 -52.873997 -40.638570 26.069264 0.000000 0.000000 0.000000 5.959608 -0.880606 -1.511841 50.895020 -3.807336 -9.183241 63.765092 47.682864 29.670997 0.000000 0.000000 0.000000 
0.009554 0.951135 -0.025252 -4.206986 11.134028 2.165584 7.495611 -0.310346 4.542053 -4.479874 0.304819 -5.891333 16.834248 28.775254 20.752459 0.000000 0.000000 0.000000 -1.178376 1.058738 -12.837794 2.704246 -0.379071 9.982955 -5.425053 -13.856708 14.759944 0.000000 0.000000 0.000000 2.283099 -0.705482 9.411053 5.521241 -0.395759 -26.612762 -5.704718 -16.079277 29.783650 -2.324255 1.165032 -22.687411 0.000000 0.000000 0.000000 -18.943544 -2.431444 2.597511 -42.501280 -8.460472 -5.038839 -54.071887 -39.274874 25.475051 0.000000 0.000000 0.000000 5.787833 -0.592435 -1.205702 49.648048 -4.482007 -9.118478 65.370792 46.848621 30.498740 0.000000 0.000000 0.000000 
0.010053 0.951108 -0.025112 -4.297071 12.662952 2.010305 7.610490 -0.360179 4.496088 -4.210231 0.274979 -6.026513 15.933016 27.831038 19.919723 0.000000 0.000000 0.000000 -1.192479 1.022539 -12.644346 2.848862 -0.444917 9.781315 -6.392176 -15.350952 15.969259 0.000000 0.000000 0.000000 2.144566 -0.696109 9.353918 5.068963 -0.269773 -26.736347 -5.430430 -16.025906 29.695887 -2.187981 1.232788 -22.240326 0.000000 0.000000 0.000000 -18.862266 -2.131467 2.164251 -42.032225 -7.216634 -5.348546 -55.171614 -38.403529 25.199891 0.000000 0.000000 0.000000 5.192526 -0.403195 -0.943231 48.338484 -5.178010 -9.090895 68.106368 46.439822 32.016472 0.000000 0.000000 0.000000 
0.010630 0.950914 -0.024704 -4.307907 14.300017 2.062567 7.688150 -0.411433 4.249078 -4.016551 0.245903 -6.191983 14.992534 26.820286 19.064763 0.000000 0.000000 0.000000 -1.133985 0.990878 -12.407158 2.724871 -0.451063 9.540007 -7.278784 -16.645280 16.453680 0.000000 0.000000 0.000000 2.184465 -0.671789 8.892428 4.462785 -0.117176 -26.547666 -5.251939 -16.054852 29.405072 -1.973935 1.259164 -22.032818 0.000000 0.000000 0.000000 -19.186521 -1.719197 1.671898 -41.427477 -5.898789 -5.630465 -55.930031 -37.737111 24.811059 0.000000 0.000000 0.000000 5.192295 -0.313568 -0.824248 47.372702 -5.822355 -9.069269 69.455800 46.102856 32.870342 0.000000 0.000000 0.000000 
0.011344 0.950786 -0.024314 -4.298406 15.344785 1.844488 7.602125 -0.425961 4.167651 -3.721277 0.232129 -5.915237 14.412415 26.181574 18.441362 0.000000 0.000000 0.000000 -1.187027 0.958007 -12.232458 2.834926 -0.499379 9.434627 -8.250927 -18.065942 17.699759 0.000000 0.000000 0.000000 2.057242 -0.663802 8.899386 4.406129 -0.089857 -26.637894 -5.363093 -15.664847 29.519271 -1.435767 1.061459 -21.405072 0.000000 0.000000 0.000000 -19.371223 -1.288821 1.171268 -40.976538 -4.567768 -5.953166 -57.679227 -37.467429 25.219421 0.000000 0.000000 0.000000 5.294138 -0.675981 -0.895394 46.860045 -6.293046 -9.121403 70.650283 45.947146 33.882187 0.000000 0.000000 0.000000 
0.012097 0.950660 -0.024181 -4.217097 16.774172 1.721048 7.559901 -0.453540 3.783017 -3.572576 0.219006 -5.411995 13.629506 25.300695 17.619787 0.000000 0.000000 0.000000 -1.569746 0.881655 -12.042320 3.091413 -0.598195 9.536674 -8.830294 -18.768182 18.396579 0.000000 0.000000 0.000000 1.818591 -0.646666 8.900068 4.091942 -0.003053 -26.378495 -5.176102 -15.841817 29.289456 -1.361642 1.136925 -21.706624 0.000000 0.000000 0.000000 -19.712565 -1.258277 0.958958 -40.805852 -4.202355 -5.999771 -58.706174 -37.089657 25.264105 0.000000 0.000000 0.000000 5.658642 -0.582355 -0.837735 46.284580 -6.580991 -9.065883 70.542008 46.224178 34.331566 0.000000 0.000000 0.000000 
0.012918 0.950381 -0.024510 -4.055849 18.149859 1.716960 7.559919 -0.483432 3.258116 -3.689306 0.211707 -4.871321 12.894137 24.449959 16.805978 0.000000 0.000000 0.000000 -1.875580 0.815968 -11.871459 3.006421 -0.603546 9.280449 -9.485864 -19.511626 19.519526 0.000000 0.000000 0.000000 1.583248 -0.640914 9.020081 3.993229 0.041616 -26.438311 -5.186625 -15.660388 29.196340 -1.321994 1.260290 -21.275909 0.000000 0.000000 0.000000 -20.091393 -1.261975 0.676991 -40.722313 -4.302979 -5.893361 -60.287552 -36.773454 25.550321 0.000000 0.000000 0.000000 6.045825 -0.681528 -0.831242 46.137876 -6.548838 -8.997859 70.062069 46.583031 34.801537 0.000000 0.000000 0.000000 
0.013686 0.950211 -0.025222 -3.937961 19.386768 1.767787 7.520372 -0.505784 2.801534 -3.700337 0.201101 -4.568965 12.232340 23.664121 16.148755 0.000000 0.000000 0.000000 -2.056964 0.763956 -11.635575 2.816073 -0.574442 8.879768 -10.013747 -20.069667 20.337108 0.000000 0.000000 0.000000 1.204245 -0.623574 9.174997 3.974535 0.062724 -26.316972 -4.957561 -15.483851 28.749752 -0.820279 1.081125 -21.096920 0.000000 0.000000 0.000000 -20.137801 -1.612967 0.596017 -40.982032 -5.411488 -5.488816 -62.740267 -36.453400 26.295637 0.000000 0.000000 0.000000 6.342549 -0.419552 -0.667481 46.213292 -6.330898 -8.890983 69.621229 47.121778 35.386379 0.000000 0.000000 0.000000 
0.014419 0.949582 -0.026124 -3.764483 20.559152 1.966491 7.474918 -0.524662 1.927918 -3.825742 0.199862 -3.766613 11.677376 22.984736 15.346856 0.000000 0.000000 0.000000 -2.322501 0.702602 -11.385876 2.607686 -0.534253 8.356136 -10.299991 -20.304493 20.646459 0.000000 0.000000 0.000000 0.939277 -0.616329 9.320438 3.668801 0.154520 -26.661556 -4.686538 -15.510461 28.817874 -1.024648 1.341778 -21.499302 0.000000 0.000000 0.000000 -20.305121 -2.295854 0.783946 -41.302087 -7.741995 -4.774083 -65.160269 -36.502547 27.421235 0.000000 0.000000 0.000000 6.705717 0.186719 -0.368691 46.246218 -5.255963 -8.529320 68.995823 48.383473 36.398526 0.000000 0.000000 0.000000 
0.015000 0.949157 -0.026875 -3.904629 21.496248 2.003214 7.591168 -0.556031 1.348932 -3.696944 0.191722 -3.284333 11.262068 22.452038 14.723287 0.000000 0.000000 0.000000 -2.249298 0.692385 -11.262621 2.409987 -0.494118 7.934126 -10.657208 -20.586674 21.485482 0.000000 0.000000 0.000000 0.725450 -0.607592 9.393256 3.860952 0.126141 -26.454052 -4.373263 -15.114222 28.309655 -0.375892 1.067275 -21.174591 0.000000 0.000000 0.000000 -20.408951 -3.448462 1.137882 -41.577750 -10.331447 -3.870099 -68.788637 -36.748505 29.211539 0.000000 0.000000 0.000000 7.211535 0.903477 -0.001064 46.080160 -3.876947 -7.981914 68.463664 49.698663 37.549249 0.000000 0.000000 0.000000 
0.015524 0.948363 -0.027211 -3.825209 22.156514 2.064166 7.571980 -0.566598 0.890485 -3.759137 0.190443 -2.769217 10.995873 22.084089 14.149569 0.000000 0.000000 0.000000 -2.465498 0.640960 -10.897489 2.281668 -0.469063 7.643916 -10.345982 -20.090766 20.888335 0.000000 0.000000 0.000000 0.203996 -0.571232 9.536057 4.111130 0.075557 -26.271295 -4.212900 -15.024526 27.890101 -0.556741 1.277266 -21.278053 0.000000 0.000000 0.000000 -20.175056 -4.593404 1.619811 -42.636511 -12.339597 -3.190113 -71.674961 -37.613636 31.388326 0.000000 0.000000 0.000000 7.277289 2.097004 0.557040 46.307009 -2.525697 -7.511828 67.837236 51.175599 38.572007 0.000000 0.000000 0.000000 
0.016019 0.947881 -0.027049 -4.023942 22.323811 1.972310 7.587767 -0.571289 0.554409 -3.446955 0.183767 -2.146461 11.013098 22.070895 13.798560 0.000000 0.000000 0.000000 -2.059197 0.678987 -10.692425 2.208682 -0.452668 7.534003 -10.785770 -20.878879 20.455238 0.000000 0.000000 0.000000 -0.081911 -0.542908 9.515322 4.259295 0.043871 -26.343081 -3.939159 -14.839728 27.978580 -0.239610 1.134630 -21.534350 0.000000 0.000000 0.000000 -19.945931 -5.156943 1.853926 -43.046879 -13.487126 -2.809274 -73.698814 -38.201423 32.970859 0.000000 0.000000 0.000000 7.224054 2.740060 0.870427 45.981506 -1.649878 -7.172196 68.399483 52.045154 39.791039 0.000000 0.000000 0.000000 
0.016501 0.947532 -0.026562 -4.129158 22.509609 1.891420 7.592345 -0.574887 0.553360 -3.264816 0.176661 -2.046775 10.962853 21.979045 13.577479 0.000000 0.000000 0.000000 -1.819685 0.690077 -10.366081 2.104597 -0.418466 7.052012 -11.196668 -21.491470 20.666908 0.000000 0.000000 0.000000 -0.369771 -0.518931 9.544007 4.326669 0.027586 -26.244792 -3.772976 -14.665312 27.847500 -0.215680 1.188707 -21.835875 0.000000 0.000000 0.000000 -19.481732 -5.381698 1.894123 -43.040235 -13.549258 -2.749276 -74.982826 -38.075010 33.469031 0.000000 0.000000 0.000000 6.988226 2.887079 0.965699 45.821636 -1.663210 -7.134839 71.234197 52.690319 42.378648 0.000000 0.000000 0.000000 
0.017039 0.947370 -0.025882 -4.237812 22.790717 2.006468 7.564373 -0.579668 0.451777 -2.998552 0.165165 -2.166721 10.842354 21.813816 13.429518 0.000000 0.000000 0.000000 -1.743388 0.684417 -10.120240 2.153470 -0.427573 6.799965 -11.048636 -21.371895 19.933647 0.000000 0.000000 0.000000 -0.397565 -0.505069 9.379128 4.063099 0.092386 -26.377046 -3.584957 -14.878790 28.005117 -0.118400 1.122799 -21.907741 0.000000 0.000000 0.000000 -18.795545 -5.618745 2.039465 -43.372007 -13.491664 -2.799514 -75.969697 -38.241923 34.228755 0.000000 0.000000 0.000000 6.823325 2.744420 0.912417 45.341468 -2.302329 -7.296675 75.744487 52.520791 45.401782 0.000000 0.000000 0.000000 
0.017552 0.947481 -0.025082 -4.395470 23.198234 1.886621 7.470158 -0.578021 0.457658 -2.496922 0.145891 -2.094066 10.639870 21.539513 13.259524 0.000000 0.000000 0.000000 -1.507629 0.694686 -9.900872 2.001302 -0.393733 6.519847 -11.441836 -21.811492 20.635197 0.000000 0.000000 0.000000 -0.600665 -0.481518 9.283076 4.299250 0.044638 -26.510968 -3.601145 -14.621661 28.355095 0.038785 1.100289 -21.800231 0.000000 0.000000 0.000000 -18.214753 -5.372656 1.784797 -42.952262 -12.892301 -2.987019 -76.287118 -37.832508 33.808497 0.000000 0.000000 0.000000 6.439311 2.301170 0.785535 44.462879 -3.735846 -7.646323 81.664439 52.026842 49.492242 0.000000 0.000000 0.000000 
0.018040 0.947661 -0.024162 -4.434700 23.633897 1.853480 7.294555 -0.568113 0.433001 -2.050434 0.127891 -2.050632 10.399549 21.225709 13.130791 0.000000 0.000000 0.000000 -1.450578 0.685215 -9.701890 1.956356 -0.386977 6.354174 -11.704066 -22.107029 20.975653 0.000000 0.000000 0.000000 -0.617408 -0.457699 8.961728 4.277808 0.052842 -26.062518 -3.514317 -14.537066 28.201265 0.119254 1.073218 -21.230741 0.000000 0.000000 0.000000 -17.493339 -4.708531 1.353775 -42.302979 -11.819343 -3.281777 -76.420417 -37.169950 33.054996 0.000000 0.000000 0.000000 5.830804 1.510816 0.489880 43.483949 -5.505046 -8.012079 87.487307 50.102571 52.107155 0.000000 0.000000 0.000000 
0.018385 0.947725 -0.023028 -4.401746 23.876283 1.682220 7.059194 -0.546632 0.439653 -1.634827 0.107549 -1.652707 10.274713 21.052626 13.004109 0.000000 0.000000 0.000000 -1.549809 0.669239 -9.695238 2.052334 -0.423930 6.744385 -11.914090 -22.327093 21.362514 0.000000 0.000000 0.000000 -0.795408 -0.436130 8.871093 4.302767 0.051785 -26.009633 -3.333049 -14.241785 28.422800 0.248839 1.049856 -21.080154 0.000000 0.000000 0.000000 -17.010016 -3.935286 0.872785 -41.149309 -10.341824 -3.698647 -76.783785 -36.592541 32.454102 0.000000 0.000000 0.000000 5.247346 0.869117 0.269440 42.541060 -7.231338 -8.377439 91.904210 47.675470 53.161203 0.000000 0.000000 0.000000 
0.018669 0.947852 -0.021825 -4.422797 24.004797 1.556917 6.943997 -0.535402 0.489341 -1.345088 0.092011 -1.417035 10.206163 20.958588 12.958630 0.000000 0.000000 0.000000 -1.520146 0.649897 -9.277979 1.734973 -0.351927 6.620601 -11.298512 -21.396910 20.948252 0.000000 0.000000 0.000000 -0.764565 -0.424508 8.667238 4.133958 0.090287 -25.817934 -3.170597 -13.694861 28.630891 0.215060 1.199486 -21.315317 0.000000 0.000000 0.000000 -16.311255 -3.035009 0.305709 -40.125007 -8.687296 -4.114165 -76.618837 -36.245098 31.672776 0.000000 0.000000 0.000000 4.935833 0.096451 -0.001624 41.629543 -8.393626 -8.539753 94.255997 45.558928 52.961058 0.000000 0.000000 0.000000 
0.018800 0.948283 -0.020548 -4.295462 24.257101 1.524410 6.773900 -0.521442 0.579796 -1.179597 0.083321 -1.372098 10.016503 20.734684 13.018362 0.000000 0.000000 0.000000 -1.684115 0.633689 -9.417245 1.777115 -0.378822 7.055863 -11.486231 -21.540459 21.491519 0.000000 0.000000 0.000000 -0.779361 -0.415306 8.556140 4.089245 0.107603 -25.721393 -3.090102 -13.173316 28.834839 0.427344 1.163831 -21.124347 0.000000 0.000000 0.000000 -16.087663 -1.936398 -0.381968 -38.685224 -6.739813 -4.530748 -77.197741 -35.456587 30.845590 0.000000 0.000000 0.000000 4.490194 -0.560432 -0.224141 41.062674 -9.335742 -8.692271 95.940006 43.315417 52.117855 0.000000 0.000000 0.000000 
0.018856 0.948623 -0.019285 -4.180207 24.571609 1.433575 6.702350 -0.516793 0.749003 -1.147176 0.081187 -1.389211 9.798352 20.464880 13.030174 0.000000 0.000000 0.000000 -1.725532 0.616549 -9.264087 1.514647 -0.329323 7.200886 -11.427979 -21.327597 21.814384 0.000000 0.000000 0.000000 -0.790624 -0.407992 8.455459 3.871312 0.163466 -25.773779 -3.073570 -12.698410 29.160225 0.574411 1.174783 -21.042222 0.000000 0.000000 0.000000 -15.659984 -1.182443 -0.862070 -37.954536 -4.696393 -5.012637 -77.784371 -34.804660 30.199903 0.000000 0.000000 0.000000 4.330412 -1.039974 -0.380236 40.866979 -9.807433 -8.790706 96.256203 41.760176 50.976986 0.000000 0.000000 0.000000 
0.018775 0.948627 -0.018007 -4.081641 24.815464 1.516986 6.695715 -0.520703 0.806982 -1.195813 0.084610 -1.534383 9.646344 20.273523 13.011776 0.000000 0.000000 0.000000 -1.842486 0.608296 -9.452415 1.444220 -0.322754 7.372726 -11.580913 -21.363090 22.555210 0.000000 0.000000 0.000000 -0.868957 -0.386016 8.232097 3.822319 0.180249 -25.707408 -2.936502 -12.320106 29.441893 0.496161 1.330068 -21.202945 0.000000 0.000000 0.000000 -15.564291 -0.171270 -1.467764 -37.326575 -2.838228 -5.430744 -78.844002 -33.908858 29.624223 0.000000 0.000000 0.000000 4.349721 -1.274490 -0.444175 40.612083 -10.095422 -8.832671 96.536780 41.132657 50.800300 0.000000 0.000000 0.000000 
0.018570 0.948934 -0.016684 -4.045554 25.115163 1.459704 6.642349 -0.519198 0.925428 -1.024182 0.077429 -1.587299 9.446147 20.029972 13.038601 0.000000 0.000000 0.000000 -1.827050 0.604429 -9.438200 1.403558 -0.325548 7.579237 -11.777450 -21.544072 22.957824 0.000000 0.000000 0.000000 -0.978780 -0.365135 8.039575 3.850653 0.176502 -25.530948 -2.983748 -11.951068 29.726705 0.562538 1.369814 -21.050420 0.000000 0.000000 0.000000 -15.352921 0.544974 -1.912065 -36.764951 -0.821267 -5.877040 -80.020465 -33.501833 29.523474 0.000000 0.000000 0.000000 4.522761 -1.527712 -0.515083 40.590274 -10.437497 -8.935880 96.589177 40.738628 50.718633 0.000000 0.000000 0.000000 
0.018324 0.949005 -0.015211 -4.022159 25.313333 1.407818 6.574459 -0.515404 1.148511 -0.810462 0.071906 -1.790765 9.312302 19.861835 13.064702 0.000000 0.000000 0.000000 -1.733766 0.607943 -9.359871 1.249014 -0.293398 7.560951 -12.008139 -21.755602 23.494287 0.000000 0.000000 0.000000 -1.153543 -0.332754 7.746203 4.079011 0.125682 -25.285938 -3.035422 -11.551081 29.909463 0.548620 1.507097 -21.467074 0.000000 0.000000 0.000000 -15.325491 1.230485 -2.361654 -36.586118 0.763165 -6.245965 -81.321078 -32.793539 29.246963 0.000000 0.000000 0.000000 4.969354 -1.757365 -0.573218 40.515587 -10.589296 -8.975247 96.908969 40.948911 51.535989 0.000000 0.000000 0.000000 
0.018141 0.948997 -0.013498 -3.987407 25.807772 1.266292 6.499757 -0.514974 1.525598 -0.543871 0.067298 -2.162675 9.013496 19.469464 12.991001 0.000000 0.000000 0.000000 -1.714012 0.588890 -9.076243 1.250053 -0.298256 7.396220 -12.506181 -22.289193 24.254962 0.000000 0.000000 0.000000 -1.273178 -0.310410 7.512754 4.082963 0.135590 -25.301880 -3.103999 -11.300670 30.256147 0.769116 1.463291 -21.446821 0.000000 0.000000 0.000000 -15.827199 1.008862 -2.452596 -36.027340 1.793348 -6.388722 -82.636212 -32.759045 29.569770 0.000000 0.000000 0.000000 5.590705 -1.835625 -0.551822 40.173920 -10.757835 -8.985402 96.954650 40.965427 51.910318 0.000000 0.000000 0.000000 
0.018142 0.948690 -0.011672 -4.025509 26.324760 0.987362 6.470443 -0.520565 1.921469 -0.237592 0.058314 -2.345524 8.750235 19.086653 12.779046 0.000000 0.000000 0.000000 -1.699262 0.576344 -8.964754 1.491838 -0.366589 7.448905 -13.582196 -23.492244 25.820363 0.000000 0.000000 0.000000 -1.410785 -0.275612 7.074570 4.259817 0.104644 -24.967767 -3.202157 -11.129442 30.241055 0.852788 1.492667 -21.392266 0.000000 0.000000 0.000000 -16.046603 1.082029 -2.643482 -34.844536 2.531068 -6.303605 -84.656077 -32.318165 29.799058 0.000000 0.000000 0.000000 5.943113 -1.789186 -0.485260 39.733528 -11.066476 -8.975812 97.323834 41.047661 52.521726 0.000000 0.000000 0.000000 
0.018438 0.948255 -0.010175 -3.974032 26.987706 0.831232 6.433403 -0.529550 2.261697 -0.093826 0.057728 -2.668346 8.410692 18.596843 12.508817 0.000000 0.000000 0.000000 -1.776661 0.549706 -8.809992 1.613243 -0.413104 7.554538 -14.335388 -24.297046 26.725078 0.000000 0.000000 0.000000 -1.573129 -0.246458 6.730378 4.542769 0.051568 -24.606362 -3.313203 -10.910254 30.128672 0.908838 1.520019 -20.875179 0.000000 0.000000 0.000000 -16.476080 0.291264 -2.470455 -33.765564 2.537817 -6.026009 -86.311898 -31.990839 29.932459 0.000000 0.000000 0.000000 6.246718 -1.591314 -0.341156 39.191341 -11.028833 -8.840621 96.634777 41.414505 52.641820 0.000000 0.000000 0.000000 
0.018921 0.947980 -0.009464 -3.967149 27.490007 0.466080 6.671473 -0.566749 2.545261 -0.450157 0.064819 -2.543500 8.181161 18.228175 12.197064 0.000000 0.000000 0.000000 -1.882819 0.519502 -8.609338 1.915128 -0.502900 7.719202 -15.324499 -25.367360 27.969289 0.000000 0.000000 0.000000 -1.658817 -0.230352 6.490110 4.583118 0.044689 -24.103629 -3.194279 -10.835424 29.897276 0.672775 1.738111 -20.846715 0.000000 0.000000 0.000000 -16.165703 -0.687748 -2.024591 -32.994427 1.421984 -5.569736 -87.126934 -31.499243 29.590642 0.000000 0.000000 0.000000 5.957434 -0.726796 0.049554 38.256380 -10.430515 -8.455741 96.217135 41.673601 52.685601 0.000000 0.000000 0.000000 
0.019457 0.948145 -0.009757 -3.971450 28.153898 0.255721 6.474089 -0.554584 2.556417 -0.044984 0.047576 -2.408161 7.830473 17.740327 11.973325 0.000000 0.000000 0.000000 -1.321776 0.554152 -8.201037 1.389798 -0.377793 7.381605 -16.737152 -27.094490 28.783812 0.000000 0.000000 0.000000 -1.597002 -0.244172 6.641131 4.808838 -0.003859 -23.535513 -3.496427 -10.539837 29.278818 0.309933 2.062418 -20.454688 0.000000 0.000000 0.000000 -16.093415 -2.078744 -1.503872 -31.813975 -0.740433 -4.755167 -87.464604 -31.188499 29.035701 0.000000 0.000000 0.000000 5.545520 -0.106841 0.331291 37.956469 -9.731426 -8.142381 94.877047 41.731962 51.997617 0.000000 0.000000 0.000000 
0.020076 0.948801 -0.010920 -4.176065 28.690786 0.001062 6.731921 -0.602607 2.945791 -0.189767 0.061710 -3.089059 7.488110 17.318304 12.013555 0.000000 0.000000 0.000000 -1.424448 0.522087 -7.916267 1.668605 -0.435522 6.916556 -17.169048 -27.215856 30.206080 0.000000 0.000000 0.000000 -1.673270 -0.260155 6.929932 4.727261 0.025124 -23.639664 -3.101045 -11.108239 29.036364 -0.821039 2.778255 -20.579062 0.000000 0.000000 0.000000 -15.660078 -3.689803 -0.608082 -31.868502 -3.189664 -4.225006 -87.559051 -31.381120 29.399286 0.000000 0.000000 0.000000 4.788008 1.626672 1.006463 37.683452 -8.500735 -7.779245 93.183624 42.197025 51.139971 0.000000 0.000000 0.000000 
0.020677 0.949933 -0.012599 -4.216925 28.285192 -0.167237 7.224162 -0.653594 2.853064 -1.217966 0.082324 -2.650916 7.647076 17.583129 12.270592 0.000000 0.000000 0.000000 -0.852443 0.563766 -7.497680 1.434262 -0.343389 6.055038 -18.452408 -28.945207 30.690340 0.000000 0.000000 0.000000 -1.136657 -0.329782 7.522463 4.245937 0.137838 -23.163253 -3.320056 -10.895337 28.043054 -1.093799 2.901347 -20.038179 0.000000 0.000000 0.000000 -15.413976 -5.284958 0.205397 -30.262360 -4.248133 -3.714212 -87.147743 -32.095195 29.825133 0.000000 0.000000 0.000000 5.758397 2.540247 1.445023 37.091132 -6.937526 -7.230330 91.708978 44.062235 51.699019 0.000000 0.000000 0.000000 
0.021465 0.951167 -0.014503 -4.473243 27.859528 -0.147648 7.794855 -0.720925 2.828591 -2.045379 0.102142 -2.897428 7.803868 17.874634 12.686827 0.000000 0.000000 0.000000 -1.689847 0.536538 -8.582035 2.319681 -0.580866 7.148990 -17.166161 -26.815254 32.060870 0.000000 0.000000 0.000000 -1.398787 -0.417609 8.959353 4.800336 -0.017061 -25.034795 -3.374855 -10.827783 27.969561 -0.939541 2.816864 -21.032179 0.000000 0.000000 0.000000 -14.963015 -3.991387 -0.293671 -31.694101 -5.639731 -3.629141 -87.114821 -30.738645 28.658811 0.000000 0.000000 0.000000 4.291280 4.260266 2.007184 38.357424 -5.869456 -7.131371 89.408586 45.353736 51.322801 0.000000 0.000000 0.000000 
0.022578 0.951516 -0.016415 -3.782220 28.767358 0.424082 7.978708 -0.753252 2.059682 -3.622486 0.112872 -2.525360 7.272451 17.216392 12.538414 0.000000 0.000000 0.000000 -2.457618 0.425574 -8.423792 1.985008 -0.493683 6.556302 -17.032313 -26.390910 32.386626 0.000000 0.000000 0.000000 -1.805291 -0.383596 8.912834 4.059514 0.178650 -23.611595 -2.376865 -11.122831 26.837596 -1.366583 2.919325 -17.951210 0.000000 0.000000 0.000000 -16.001393 -6.419743 0.693390 -31.288371 -5.871831 -3.432423 -84.004465 -33.315854 29.682824 0.000000 0.000000 0.000000 6.349131 4.767846 2.433969 38.496860 -4.447818 -6.790872 86.602390 47.995982 51.759707 0.000000 0.000000 0.000000 
