HIERARCHY
ROOT Hips
{
	OFFSET -0.001795 -0.223333 0.028219
	CHANNELS 6 Xposition Yposition Zposition Zrotation Yrotation Xrotation 
	JOINT LeftUpLeg
	{
		OFFSET 0.069520 -0.091406 -0.006815
		CHANNELS 3 Zrotation Yrotation Xrotation
		JOINT LeftLeg
		{
			OFFSET 0.034277 -0.375199 -0.004496
			CHANNELS 3 Zrotation Yrotation Xrotation
			JOINT LeftFoot
			{
				OFFSET -0.013596 -0.397961 -0.043693
				CHANNELS 3 Zrotation Yrotation Xrotation
				JOINT LeftToe
				{
					OFFSET 0.026358 -0.055791 0.119288
					CHANNELS 3 Zrotation Yrotation Xrotation
					End Site
					{
						OFFSET 0.000000 0.000000 0.000000
					}
				}
			}
		}
	}
	JOINT RightUpLeg
	{
		OFFSET -0.067670 -0.090522 -0.004320
		CHANNELS 3 Zrotation Yrotation Xrotation
		JOINT RightLeg
		{
			OFFSET -0.038290 -0.382569 -0.008850
			CHANNELS 3 Zrotation Yrotation Xrotation
			JOINT RightFoot
			{
				OFFSET 0.015774 -0.398415 -0.042312
				CHANNELS 3 Zrotation Yrotation Xrotation
				JOINT RightToe
				{
					OFFSET -0.025372 -0.048144 0.123348
					CHANNELS 3 Zrotation Yrotation Xrotation
					End Site
					{
						OFFSET 0.000000 0.000000 0.000000
					}
				}
			}
		}
	}
	JOINT Spine
	{
		OFFSET -0.002533 0.108963 -0.026696
		CHANNELS 3 Zrotation Yrotation Xrotation
		JOINT Spine1
		{
			OFFSET 0.005487 0.135180 0.001092
			CHANNELS 3 Zrotation Yrotation Xrotation
			JOINT Spine2
			{
				OFFSET 0.001457 0.052922 0.025425
				CHANNELS 3 Zrotation Yrotation Xrotation
				JOINT Neck
				{
					OFFSET -0.002778 0.213870 -0.042857
					CHANNELS 3 Zrotation Yrotation Xrotation
					JOINT Head
					{
						OFFSET 0.005152 0.064970 0.051349
						CHANNELS 3 Zrotation Yrotation Xrotation
						End Site
						{
							OFFSET 0.000000 0.000000 0.000000
						}
					}
				}
				JOINT LeftShoulder
				{
					OFFSET 0.078845 0.121749 -0.034090
					CHANNELS 3 Zrotation Yrotation Xrotation
					JOINT LeftArm
					{
						OFFSET 0.090977 0.030469 -0.008868
						CHANNELS 3 Zrotation Yrotation Xrotation
						JOINT LeftForeArm
						{
							OFFSET 0.259612 -0.012772 -0.027456
							CHANNELS 3 Zrotation Yrotation Xrotation
							JOINT LeftHand
							{
								OFFSET 0.249234 0.008986 -0.001171
								CHANNELS 3 Zrotation Yrotation Xrotation
								End Site
								{
									OFFSET 0.000000 0.000000 0.000000
								}
							}
						}
					}
				}
				JOINT RightShoulder
				{
					OFFSET -0.081759 0.118833 -0.038615
					CHANNELS 3 Zrotation Yrotation Xrotation
					JOINT RightArm
					{
						OFFSET -0.096012 0.032551 -0.009143
						CHANNELS 3 Zrotation Yrotation Xrotation
						JOINT RightForeArm
						{
							OFFSET -0.253742 -0.013329 -0.021401
							CHANNELS 3 Zrotation Yrotation Xrotation
							JOINT RightHand
							{
								OFFSET -0.255298 0.007772 -0.005559
								CHANNELS 3 Zrotation Yrotation Xrotation
								End Site
								{
									OFFSET 0.000000 0.000000 0.000000
								}
							}
						}
					}
				}
			}
		}
	}
}
MOTION
Frames: 196
Frame Time: 0.050000
0.000000 0.799228 0.000000 -2.229021 2.157806 22.955848 7.151922 -3.012194 -72.057452 -6.806579 1.850338 42.052795 6.164251 14.797675 7.619023 0.000000 0.000000 0.000000 -7.291923 1.923558 -56.445730 12.454763 -11.026225 84.431884 -7.419360 -18.662691 3.945879 0.000000 0.000000 0.000000 -6.768739 0.935959 67.117603 0.643805 0.264007 -14.947059 0.228013 2.594965 19.137296 0.947951 1.608246 -27.628867 0.000000 0.000000 0.000000 -0.847801 -22.796510 8.733660 -34.104900 -29.051996 2.093512 53.200076 -41.282365 -18.673510 0.000000 0.000000 0.000000 5.026498 15.240732 6.834111 55.247406 28.502518 6.899512 -55.540616 67.862593 -31.156241 0.000000 0.000000 0.000000 
0.014424 0.797422 0.044812 -4.509872 0.674860 23.295389 8.428076 -1.265536 -71.030569 -7.824030 2.763302 45.823459 7.340405 16.123437 1.166945 0.000000 0.000000 0.000000 -5.478865 3.768469 -64.052178 13.256688 -11.145785 86.322715 -6.193865 -15.346293 -2.129668 0.000000 0.000000 0.000000 -6.475412 1.483607 66.558992 1.244865 -0.100845 -10.748072 -0.467160 4.581166 14.125250 2.539592 0.650408 -22.416722 0.000000 0.000000 0.000000 -8.142029 -26.013969 10.843752 -27.172926 -24.792279 0.711779 47.953800 -40.496902 -16.592787 0.000000 0.000000 0.000000 14.015820 18.716660 10.443609 46.842094 24.188873 3.462370 -69.284829 64.684194 -38.898704 0.000000 0.000000 0.000000 
0.028663 0.796372 0.088656 -3.739028 1.418370 21.196293 6.816417 -2.635882 -67.564593 -8.792309 3.345932 49.133244 7.985336 16.957386 -4.264589 0.000000 0.000000 0.000000 -8.666240 1.668269 -67.415071 15.901892 -13.930460 82.946937 -7.301512 -18.121236 -3.156121 0.000000 0.000000 0.000000 -6.577896 1.168419 69.556822 1.416265 -0.107255 -11.979560 1.519120 4.202333 15.115509 1.976593 0.671877 -20.121505 0.000000 0.000000 0.000000 -9.757859 -28.063636 12.167178 -29.600138 -25.166712 1.044888 43.484153 -38.166237 -13.787982 0.000000 0.000000 0.000000 10.506066 17.454395 8.784657 47.791719 24.919214 4.110525 -65.120600 64.954318 -36.523360 0.000000 0.000000 0.000000 
0.041538 0.794382 0.130975 -4.778469 0.355408 20.477531 6.194070 -2.478449 -66.043727 -8.160414 3.385955 53.710206 8.620102 18.024949 -7.743086 0.000000 0.000000 0.000000 -8.449074 2.454455 -73.353225 16.914075 -13.010444 76.397230 -8.651189 -21.710600 -0.740330 0.000000 0.000000 0.000000 -5.650670 0.962109 69.897348 0.286915 0.149794 -8.758633 1.749474 5.645064 12.043662 3.726050 -0.213587 -19.432132 0.000000 0.000000 0.000000 -12.233252 -27.571869 11.938134 -30.000333 -23.466272 1.033229 39.174449 -42.388980 -13.872767 0.000000 0.000000 0.000000 10.608263 14.963306 7.672990 49.598020 21.963505 3.471951 -71.643731 67.609987 -43.147745 0.000000 0.000000 0.000000 
0.053148 0.789796 0.172652 -4.439253 0.529200 19.450603 4.834985 -3.342693 -64.846955 -8.392604 3.747160 58.552445 9.077429 18.950456 -8.984424 0.000000 0.000000 0.000000 -9.959464 1.318063 -75.907856 19.419219 -13.492448 68.018794 -9.760839 -24.020818 3.873278 0.000000 0.000000 0.000000 -4.298400 -0.223864 71.323715 -0.471148 0.433752 -9.533418 1.178535 4.750967 12.915411 4.556108 -0.691538 -20.153261 0.000000 0.000000 0.000000 -14.082974 -28.573373 12.947172 -32.118155 -22.007365 0.897470 36.383798 -43.997709 -13.152273 0.000000 0.000000 0.000000 10.972953 14.596057 7.372174 50.161651 20.310862 2.716276 -75.182071 68.466538 -46.929682 0.000000 0.000000 0.000000 
0.062799 0.786461 0.213558 -4.641135 -0.525717 18.760708 4.483884 -3.030930 -62.593991 -9.132398 4.743678 61.314606 9.690654 20.327251 -10.741274 0.000000 0.000000 0.000000 -9.743578 2.042996 -76.310078 20.167515 -11.754923 58.526238 -8.097750 -20.659697 3.429153 0.000000 0.000000 0.000000 -3.547819 -0.318940 72.515165 0.027612 0.247128 -9.583568 -0.174831 4.610554 12.441269 5.074679 -0.892964 -20.868415 0.000000 0.000000 0.000000 -14.075825 -26.163493 11.598269 -38.159573 -19.559848 0.787212 31.807717 -47.750940 -12.321432 0.000000 0.000000 0.000000 11.011187 13.838168 6.943662 51.278740 18.833014 2.267669 -84.903736 69.883302 -56.365555 0.000000 0.000000 0.000000 
0.070127 0.784594 0.253123 -4.442651 -2.259757 19.502263 4.694706 -2.228690 -61.398403 -10.794660 6.652328 62.703709 10.294187 21.780351 -10.610119 0.000000 0.000000 0.000000 -8.147890 4.144833 -76.783087 18.639953 -8.540211 48.203044 -6.268524 -17.309057 8.775230 0.000000 0.000000 0.000000 -2.901906 0.033176 72.044040 0.076186 0.213405 -9.544736 -1.088535 4.925698 11.752992 6.029654 -1.488603 -20.011349 0.000000 0.000000 0.000000 -15.469776 -24.249637 10.668305 -41.802401 -15.734292 -0.094444 26.827438 -51.850710 -11.134760 0.000000 0.000000 0.000000 11.990472 12.215989 6.284004 52.106302 15.224946 0.847052 -96.554262 72.096184 -69.138860 0.000000 0.000000 0.000000 
0.075558 0.784041 0.289911 -3.211781 -1.972134 20.534345 3.555374 -2.966588 -60.870481 -11.805775 7.449556 63.731659 10.630551 22.537399 -8.756124 0.000000 0.000000 0.000000 -6.613120 4.969559 -76.015856 15.276772 -6.020109 43.592852 -4.776980 -14.933136 13.034385 0.000000 0.000000 0.000000 -1.445195 -1.309360 71.704850 0.202696 0.167258 -9.637400 -2.374483 3.790598 11.536493 7.416451 -2.457532 -19.295570 0.000000 0.000000 0.000000 -14.633146 -21.997499 9.605990 -46.491264 -12.959079 -0.992587 20.977540 -56.350450 -8.962123 0.000000 0.000000 0.000000 11.849908 10.279088 5.080134 54.712440 11.131135 -0.742483 -107.643429 73.310910 -81.931229 0.000000 0.000000 0.000000 
0.079052 0.785795 0.323857 -2.068337 -1.600832 21.428789 2.937851 -3.443610 -60.459070 -12.811572 8.299397 65.081895 9.999867 20.971183 -5.773319 0.000000 0.000000 0.000000 -5.482904 5.465765 -75.580941 12.576584 -4.730877 44.980580 -3.985806 -13.454300 13.083457 0.000000 0.000000 0.000000 -0.201607 -2.557343 72.311052 0.812749 -0.019735 -10.588428 -3.629701 3.713569 12.158858 9.700146 -3.659124 -19.758326 0.000000 0.000000 0.000000 -14.519384 -20.720493 8.907177 -48.597178 -10.376146 -2.026016 17.724682 -60.175617 -7.848798 0.000000 0.000000 0.000000 10.635438 7.035782 3.356348 56.335162 7.336980 -2.400539 -125.611473 74.528282 -102.479015 0.000000 0.000000 0.000000 
0.080821 0.791018 0.354065 -2.033077 -0.617914 23.279181 2.499542 -3.996526 -60.656271 -12.394689 7.918261 67.046118 9.033508 18.827335 -5.731281 0.000000 0.000000 0.000000 -4.021172 5.997535 -75.739967 11.085769 -4.067546 46.094782 -4.429383 -14.132212 12.125748 0.000000 0.000000 0.000000 0.420226 -3.516344 71.407742 1.442761 -0.233574 -10.514144 -3.216168 4.852596 12.657267 10.234693 -3.683616 -20.518652 0.000000 0.000000 0.000000 -13.994477 -19.531480 7.997275 -51.648306 -8.810172 -2.766915 13.063357 -63.399143 -5.778904 0.000000 0.000000 0.000000 9.517353 4.233220 2.145459 58.366618 4.503960 -3.654560 -135.941906 75.841148 -114.889500 0.000000 0.000000 0.000000 
0.081238 0.799005 0.380896 -1.575436 -0.412545 24.829635 2.993121 -3.887279 -61.914917 -12.701244 8.393518 68.937282 6.862672 14.628936 -0.137588 0.000000 0.000000 0.000000 -3.626717 6.091315 -75.327553 10.676401 -3.821332 45.702763 -6.025890 -17.216999 11.564877 0.000000 0.000000 0.000000 0.691126 -3.853038 71.302012 2.330137 -0.531331 -10.572412 -3.012625 5.234556 13.604628 10.189602 -3.681139 -20.333761 0.000000 0.000000 0.000000 -12.198603 -18.292693 7.231984 -53.529658 -8.735306 -3.037052 9.410477 -66.831347 -3.832796 0.000000 0.000000 0.000000 8.738938 2.751375 1.467027 59.349219 3.301717 -4.266675 -141.134466 78.267924 -122.943514 0.000000 0.000000 0.000000 
0.080496 0.805718 0.405088 -0.769544 0.535761 26.952376 3.495839 -4.067632 -63.241683 -12.140199 7.825232 70.517208 4.847381 10.632877 0.545530 0.000000 0.000000 0.000000 -3.519462 5.581558 -75.060823 9.921219 -3.439957 44.599003 -7.143953 -19.322306 10.030787 0.000000 0.000000 0.000000 1.536819 -4.954260 69.957134 3.291684 -0.909469 -9.485129 -2.976139 5.089759 12.502170 10.466380 -3.949772 -19.451387 0.000000 0.000000 0.000000 -12.743114 -18.263820 7.310959 -53.344527 -7.892502 -3.234285 4.367484 -68.319217 -0.578743 0.000000 0.000000 0.000000 9.068576 1.915538 1.041084 59.308095 2.519914 -4.499867 -149.134713 81.246022 -134.767199 0.000000 0.000000 0.000000 
0.079073 0.811000 0.427157 -0.394181 0.073109 28.100662 5.491627 -2.915572 -65.874747 -14.351810 10.597397 73.514265 5.634799 13.127791 5.820101 0.000000 0.000000 0.000000 -3.369274 5.871072 -74.937497 9.953358 -3.501222 46.160414 -7.348560 -19.739563 6.847626 0.000000 0.000000 0.000000 2.069280 -5.161383 69.751056 2.449547 -0.589403 -10.117751 -2.083889 3.987728 12.729092 9.684256 -3.518081 -20.144170 0.000000 0.000000 0.000000 -12.478299 -17.608100 7.308331 -51.159134 -9.147390 -2.637092 5.409010 -69.183877 -0.880441 0.000000 0.000000 0.000000 8.999469 0.948481 0.358155 58.810369 2.673520 -4.472773 -176.242430 85.183443 -167.654470 0.000000 0.000000 0.000000 
0.077388 0.815908 0.447055 0.530695 0.772320 28.869604 6.592104 -2.708718 -68.144754 -14.953215 11.220609 74.752396 7.372000 16.520909 8.341465 0.000000 0.000000 0.000000 -3.089177 5.532687 -73.995166 9.804688 -3.554104 46.871167 -8.547997 -22.283772 3.596522 0.000000 0.000000 0.000000 2.818310 -6.029736 68.444833 3.396343 -1.035964 -7.873053 -2.523554 3.439027 11.091829 8.451460 -2.848078 -20.103342 0.000000 0.000000 0.000000 -13.116361 -16.701477 6.962968 -47.601412 -9.888948 -2.095230 7.621698 -70.692682 -2.337291 0.000000 0.000000 0.000000 9.808902 1.973369 0.768265 56.855176 3.363076 -3.958070 151.319091 86.264852 157.018830 0.000000 0.000000 0.000000 
0.076302 0.819941 0.465501 1.080449 0.029505 28.895649 7.231615 -2.095942 -69.890072 -15.770789 12.027260 73.776443 10.930646 22.505006 7.357549 0.000000 0.000000 0.000000 -2.123712 6.291428 -72.273000 8.934951 -3.030954 48.119048 -8.863415 -23.308044 -0.947090 0.000000 0.000000 0.000000 2.657989 -5.634343 68.448106 3.288659 -0.935287 -9.006599 -2.366073 3.522497 11.942078 8.518306 -3.013368 -19.390823 0.000000 0.000000 0.000000 -13.998467 -17.824354 7.681444 -45.804157 -11.559152 -1.525549 18.892792 -69.859618 -10.020867 0.000000 0.000000 0.000000 8.434309 2.145315 0.898111 58.997348 4.394698 -3.600619 89.705257 87.636634 94.654916 0.000000 0.000000 0.000000 
0.075879 0.825059 0.484473 1.193484 -1.557780 28.080402 7.856464 -0.993809 -71.415580 -14.445263 10.638764 70.662153 12.656174 25.646839 4.794903 0.000000 0.000000 0.000000 -1.112579 7.418857 -70.401301 8.147042 -2.362408 48.757030 -9.377260 -24.695132 -1.210883 0.000000 0.000000 0.000000 1.429215 -3.915241 68.199351 4.071040 -1.285055 -7.819116 -2.187418 4.531134 11.388612 8.923557 -3.247375 -18.810399 0.000000 0.000000 0.000000 -13.881372 -18.046087 7.526869 -44.674387 -13.863117 -0.693558 23.308437 -68.524650 -12.933030 0.000000 0.000000 0.000000 7.522921 1.683112 0.803234 59.130412 5.661768 -2.890983 67.340327 85.943570 71.289432 0.000000 0.000000 0.000000 
0.076091 0.828177 0.504973 1.373113 -2.864028 27.183788 7.567660 -0.569877 -73.797428 -11.980005 7.890623 65.766413 11.062812 23.028596 2.938577 0.000000 0.000000 0.000000 -0.572775 8.068834 -68.808581 7.564128 -1.862282 50.316346 -9.358714 -24.718937 -1.745557 0.000000 0.000000 0.000000 0.575237 -2.667290 68.022461 4.073217 -1.278205 -8.033156 -2.594838 4.808126 11.143537 8.673409 -3.085158 -18.808305 0.000000 0.000000 0.000000 -13.041058 -17.908592 7.308641 -44.212379 -16.047283 0.040466 22.522323 -64.913971 -11.567812 0.000000 0.000000 0.000000 6.685045 1.299862 0.648344 61.478497 6.047514 -2.631470 57.091278 82.830993 58.626731 0.000000 0.000000 0.000000 
0.077004 0.828473 0.527644 1.842252 -2.991307 24.520178 6.675931 -1.172099 -73.823542 -9.648098 5.028221 56.866448 10.723944 22.539126 1.942281 0.000000 0.000000 0.000000 -0.332270 7.810591 -65.761356 7.848761 -2.054527 52.950861 -9.825877 -25.759117 -2.869897 0.000000 0.000000 0.000000 0.024406 -2.201966 69.659020 4.358393 -1.392364 -8.002234 -3.155580 4.930155 11.054566 9.034055 -3.209261 -19.204220 0.000000 0.000000 0.000000 -11.851104 -18.619720 7.467936 -43.359460 -18.678023 0.876150 24.086219 -60.665605 -11.620074 0.000000 0.000000 0.000000 5.291810 1.358477 0.699540 64.128489 6.637541 -2.257226 51.546260 82.349872 53.237278 0.000000 0.000000 0.000000 
0.078426 0.823303 0.552616 1.599691 -3.426582 22.030957 6.486282 -1.076183 -72.917343 -7.880206 3.070086 45.286255 10.015939 21.138328 2.232131 0.000000 0.000000 0.000000 0.565326 8.147348 -63.291230 8.018338 -2.090850 55.890709 -10.689441 -27.777717 -3.119027 0.000000 0.000000 0.000000 -0.125716 -1.859396 70.759746 3.588920 -1.137781 -7.838676 -3.257448 5.182272 11.298509 8.588138 -2.913424 -19.488080 0.000000 0.000000 0.000000 -10.182009 -19.885120 7.854511 -43.411600 -20.296421 1.392583 28.276868 -57.917443 -13.492406 0.000000 0.000000 0.000000 3.969312 1.792293 0.912931 67.253251 7.264685 -1.838540 46.524733 82.116167 48.691084 0.000000 0.000000 0.000000 
0.080317 0.809240 0.579926 1.679653 -4.438348 19.149148 4.905466 -1.660927 -69.820563 -4.469949 0.851824 27.324196 11.548905 23.197669 10.525826 0.000000 0.000000 0.000000 0.918959 8.269465 -60.536760 9.120311 -2.685228 60.355979 -11.162569 -29.597243 -7.100715 0.000000 0.000000 0.000000 -0.351986 -1.156464 72.068588 3.677621 -1.162028 -8.366373 -4.445453 5.506910 13.001529 9.132812 -2.888085 -21.576675 0.000000 0.000000 0.000000 -5.592666 -20.573122 7.697428 -44.630205 -22.857522 2.165694 29.606029 -53.779058 -13.222961 0.000000 0.000000 0.000000 2.172315 2.458209 1.188072 70.339732 7.553430 -1.658766 47.864608 82.302704 50.472599 0.000000 0.000000 0.000000 
0.082128 0.788965 0.609922 0.866479 -5.085212 16.727338 4.211611 -1.769782 -67.556480 -1.977904 0.054476 13.688104 14.068099 25.049894 25.594204 0.000000 0.000000 0.000000 2.341649 8.943575 -58.644445 10.101018 -3.294421 64.915963 -12.707494 -34.142377 -8.817140 0.000000 0.000000 0.000000 -0.607656 -0.586448 73.592245 2.747715 -0.774349 -9.541869 -4.663804 5.353151 13.824715 9.845989 -3.564431 -20.391288 0.000000 0.000000 0.000000 -3.498176 -21.698240 7.945979 -43.838216 -22.557048 1.913434 30.943105 -50.785033 -13.102609 0.000000 0.000000 0.000000 1.880812 4.039067 1.791335 72.742913 6.923311 -2.140403 45.877640 82.206994 48.550833 0.000000 0.000000 0.000000 
0.083775 0.764617 0.643007 0.352785 -5.637922 14.568925 3.255018 -2.101823 -66.338342 0.407775 -0.354838 8.967685 16.586802 26.486245 34.968303 0.000000 0.000000 0.000000 2.363053 8.939150 -57.358755 12.871276 -5.724564 71.291117 -13.337190 -36.920045 -11.698674 0.000000 0.000000 0.000000 -0.566524 -0.268050 74.575522 3.048916 -0.957014 -8.389052 -5.928896 5.215248 13.269143 10.952205 -4.080494 -21.028815 0.000000 0.000000 0.000000 -2.201680 -22.253166 7.950456 -42.747609 -22.543966 1.861086 27.947069 -47.772992 -10.959466 0.000000 0.000000 0.000000 1.616067 4.061742 1.750713 73.720511 6.293648 -2.496984 51.865617 79.317053 51.531900 0.000000 0.000000 0.000000 
0.084929 0.742073 0.677519 -0.345579 -5.966615 13.362938 3.308512 -1.938856 -67.558265 0.972969 -0.515841 10.377542 21.060105 29.998277 38.465214 0.000000 0.000000 0.000000 3.170284 9.201331 -56.114770 14.181193 -7.234045 76.653801 -13.704284 -38.991007 -13.787918 0.000000 0.000000 0.000000 -0.916805 0.219299 76.379391 2.688985 -0.822016 -8.492727 -5.609284 4.097410 13.267154 10.371270 -4.120280 -19.863949 0.000000 0.000000 0.000000 -3.579979 -23.613661 8.714756 -40.502553 -20.833779 1.194080 28.844646 -45.776113 -10.687820 0.000000 0.000000 0.000000 3.517380 5.065954 2.132657 71.684215 5.319422 -3.541144 48.508633 78.358072 47.226527 0.000000 0.000000 0.000000 
0.085809 0.725430 0.712758 -0.627581 -6.575941 14.330457 2.993339 -1.862809 -69.742235 1.897106 -0.747222 11.294391 20.876992 28.971283 43.353262 0.000000 0.000000 0.000000 2.772977 9.378947 -57.002497 15.248066 -8.668220 81.446916 -13.570635 -38.420540 -13.589838 0.000000 0.000000 0.000000 -2.038137 1.517629 76.890968 3.302353 -1.077783 -7.935089 -5.792035 3.182418 12.244920 9.986343 -4.447407 -17.201646 0.000000 0.000000 0.000000 -4.047841 -23.741499 8.954926 -39.080445 -18.637477 0.533053 27.492403 -45.324620 -9.906314 0.000000 0.000000 0.000000 5.178912 6.320723 2.654852 70.728314 4.497255 -4.159101 47.076043 73.302940 41.654001 0.000000 0.000000 0.000000 
0.086530 0.713240 0.749237 -0.767596 -7.434405 15.754312 2.566369 -1.728309 -72.722721 2.585195 -1.147689 16.355407 12.673996 22.566369 31.299382 0.000000 0.000000 0.000000 2.472375 9.512392 -57.175164 16.072246 -9.617490 84.653052 -13.519186 -38.322743 -13.622768 0.000000 0.000000 0.000000 -2.741036 2.561368 76.200885 3.194691 -1.092268 -6.796178 -5.990241 2.316800 11.550791 10.102103 -4.902100 -15.478677 0.000000 0.000000 0.000000 -5.105034 -24.265679 9.476673 -38.842319 -16.219851 -0.131971 26.431732 -46.938263 -9.717014 0.000000 0.000000 0.000000 7.323585 7.070611 2.962303 70.286136 2.915749 -5.239729 44.144079 67.357268 34.756648 0.000000 0.000000 0.000000 
0.088129 0.706875 0.787563 -0.879902 -7.646401 17.862405 2.472858 -1.649658 -75.674542 2.154865 -1.251797 20.860018 6.649028 15.757852 23.446206 0.000000 0.000000 0.000000 0.831166 9.070474 -58.668787 16.618418 -10.695560 86.946847 -13.369790 -35.211791 -8.390194 0.000000 0.000000 0.000000 -3.700465 3.496747 75.975411 3.738711 -1.304022 -6.570260 -6.226031 2.156764 9.959061 10.414152 -5.324982 -13.891297 0.000000 0.000000 0.000000 -6.911929 -23.946411 9.653734 -38.903935 -13.289078 -0.847102 21.734872 -50.278970 -8.305065 0.000000 0.000000 0.000000 9.309928 7.164235 3.060960 68.328391 1.070508 -6.047338 42.410449 62.106664 29.971817 0.000000 0.000000 0.000000 
0.091235 0.703730 0.827607 -1.031561 -6.887998 20.140281 2.468355 -2.047877 -78.365474 1.130593 -1.132451 25.069249 3.174965 10.874809 19.101487 0.000000 0.000000 0.000000 -1.170587 7.995015 -59.710023 17.495859 -12.467565 87.724163 -12.726783 -32.796086 -6.675886 0.000000 0.000000 0.000000 -4.145007 3.484724 75.737296 3.095138 -1.055328 -6.168670 -5.833193 2.243836 9.233359 10.598745 -5.532602 -13.082591 0.000000 0.000000 0.000000 -8.607143 -23.220245 9.595569 -39.556165 -10.882383 -1.486237 18.769258 -53.218237 -7.402155 0.000000 0.000000 0.000000 11.528252 6.307094 2.734625 66.115083 0.092101 -6.323295 41.755418 57.456443 26.801212 0.000000 0.000000 0.000000 
0.096206 0.702722 0.868647 -1.123820 -6.264030 22.402191 1.953159 -2.831229 -80.500916 0.894829 -1.239185 28.905880 1.624560 7.881421 14.848151 0.000000 0.000000 0.000000 -3.581147 6.650564 -60.299609 17.054206 -12.945662 89.438333 -9.892252 -25.255997 -6.968147 0.000000 0.000000 0.000000 -4.891568 3.763134 75.261750 3.000539 -0.955889 -7.089025 -5.288027 2.999573 9.560057 10.550201 -5.491912 -12.736748 0.000000 0.000000 0.000000 -10.168969 -22.746684 9.504133 -42.460071 -6.865670 -2.799522 14.690577 -57.080764 -6.003317 0.000000 0.000000 0.000000 12.974260 5.807470 2.684623 64.214565 -0.711848 -6.548618 39.759296 53.284385 23.500974 0.000000 0.000000 0.000000 
0.103046 0.702610 0.910680 -1.571269 -6.172249 25.259284 1.718936 -3.117582 -84.001103 0.440187 -1.327337 34.513232 1.564479 6.786629 10.511555 0.000000 0.000000 0.000000 -5.643007 5.731926 -61.395963 17.173842 -13.501571 89.580668 -8.804353 -22.347930 -8.292517 0.000000 0.000000 0.000000 -5.117778 3.859484 73.872085 2.333389 -0.698557 -6.875492 -4.856497 4.508324 9.152128 11.315652 -6.079555 -11.533291 0.000000 0.000000 0.000000 -11.186665 -22.058452 9.044483 -45.947636 -3.763089 -3.998783 7.846648 -60.251099 -2.760931 0.000000 0.000000 0.000000 14.849328 4.640840 2.471888 61.546200 -1.773344 -6.708184 43.238854 51.587887 24.823312 0.000000 0.000000 0.000000 
0.111052 0.704128 0.953323 -1.514611 -5.397089 27.551814 1.080872 -4.302042 -86.851586 -0.011267 -1.437336 40.159860 2.003843 6.209156 5.413417 0.000000 0.000000 0.000000 -7.762283 4.397572 -61.491290 16.453150 -13.414304 89.683199 -7.971194 -19.882252 -9.089581 0.000000 0.000000 0.000000 -5.467859 3.679113 72.847992 2.022152 -0.492223 -8.658271 -4.102894 4.820176 11.373960 9.830178 -4.904911 -12.614421 0.000000 0.000000 0.000000 -11.639998 -21.029957 8.643966 -51.054849 -1.827231 -5.421692 5.422686 -60.922178 -1.455572 0.000000 0.000000 0.000000 15.398276 4.582109 2.571520 60.560024 -2.045517 -6.918921 42.510163 49.883040 23.535246 0.000000 0.000000 0.000000 
0.119322 0.708111 0.997014 -1.329769 -5.196144 29.350691 0.338918 -5.217929 -88.692340 -0.600080 -1.406179 45.421659 3.009026 6.722670 0.477095 0.000000 0.000000 0.000000 -9.305431 3.516381 -60.894594 15.856366 -13.113352 89.987966 -7.509627 -18.546239 -7.375491 0.000000 0.000000 0.000000 -5.924689 3.948592 72.107562 1.913823 -0.424597 -9.061427 -3.611467 4.971366 12.140222 9.308579 -4.263508 -14.109838 0.000000 0.000000 0.000000 -10.892447 -20.468084 8.344261 -56.298599 -2.128931 -6.031459 4.110516 -59.664298 -0.670652 0.000000 0.000000 0.000000 14.290639 3.981544 2.267871 61.001172 -1.941205 -6.889475 42.243812 48.983241 22.964493 0.000000 0.000000 0.000000 
0.126711 0.713792 1.042278 -0.587307 -3.986942 31.449519 -0.279891 -6.744158 -89.628727 -1.782033 -0.949977 48.816635 3.870483 7.224177 -4.050627 0.000000 0.000000 0.000000 -10.115692 2.588472 -58.766426 13.656369 -11.066738 89.256193 -5.764735 -13.760429 -5.539656 0.000000 0.000000 0.000000 -5.744272 3.056322 70.299780 1.723698 -0.362039 -8.752739 -3.262827 4.682722 13.197823 8.964496 -3.689902 -16.168518 0.000000 0.000000 0.000000 -11.069032 -20.777970 8.650420 -59.265523 -4.108471 -5.525685 6.108343 -57.790149 -1.615497 0.000000 0.000000 0.000000 11.119481 2.970861 1.608941 64.589191 -2.145338 -7.283461 40.581257 50.645329 22.929227 0.000000 0.000000 0.000000 
0.132533 0.722755 1.090265 0.284827 -2.921772 33.497461 -1.419216 -8.579731 -89.635350 -1.940544 -1.047321 51.499978 4.458312 7.304498 -8.064637 0.000000 0.000000 0.000000 -9.692929 2.318339 -56.053281 11.215214 -8.319523 86.903435 -4.357579 -10.946436 -1.127145 0.000000 0.000000 0.000000 -5.887983 2.530196 67.657275 1.737579 -0.375969 -8.226989 -3.081764 3.523313 14.488360 7.752215 -3.100641 -16.082753 0.000000 0.000000 0.000000 -12.255643 -20.905753 9.186133 -60.635416 -7.412035 -4.085320 12.356524 -54.800645 -4.366583 0.000000 0.000000 0.000000 9.521169 2.243152 1.037534 67.071308 -2.407798 -7.839296 39.676728 52.222409 23.052006 0.000000 0.000000 0.000000 
0.137284 0.734150 1.141813 0.602956 -2.387371 35.063929 -1.768125 -9.064315 -88.274610 -3.110272 -0.378315 53.332914 5.143376 7.665366 -12.146723 0.000000 0.000000 0.000000 -8.245433 2.573577 -51.079211 8.229494 -4.625511 82.257430 -2.682804 -7.820886 2.362643 0.000000 0.000000 0.000000 -6.911298 2.907958 64.230912 2.252696 -0.601167 -7.055850 -2.687754 5.198884 15.405009 9.110574 -3.678502 -16.454979 0.000000 0.000000 0.000000 -15.018157 -23.070030 10.254222 -58.575870 -9.136945 -3.156547 16.358472 -53.377991 -6.439559 0.000000 0.000000 0.000000 7.471203 0.572276 0.515696 71.737192 -4.382140 -9.228424 43.142600 56.633846 27.998250 0.000000 0.000000 0.000000 
0.141620 0.748983 1.196615 1.303909 -1.316323 36.225352 -2.855532 -10.483514 -86.480846 -3.180592 -0.494368 55.562168 5.311594 7.343325 -14.106843 0.000000 0.000000 0.000000 -8.024917 2.273290 -48.416986 6.412931 -3.232166 80.307976 -1.331544 -6.625459 8.328897 0.000000 0.000000 0.000000 -7.140085 2.528575 62.012218 2.292319 -0.629805 -6.428594 -2.449770 3.642500 15.089296 7.870879 -3.089059 -16.201460 0.000000 0.000000 0.000000 -17.934033 -21.545023 10.146958 -55.712438 -9.542308 -2.753404 20.270977 -53.418973 -8.104498 0.000000 0.000000 0.000000 4.198132 1.090993 0.566623 75.287848 -5.414360 -10.409872 48.031796 62.595390 34.363344 0.000000 0.000000 0.000000 
0.146025 0.763998 1.251407 3.039008 0.253760 36.557046 -4.209218 -12.450925 -84.395293 -4.046936 -0.153554 58.238249 5.136263 7.060913 -13.361432 0.000000 0.000000 0.000000 -9.796296 1.190124 -47.517719 6.951739 -5.085416 81.247530 0.141273 -6.187990 16.553482 0.000000 0.000000 0.000000 -7.794971 2.198039 59.020237 2.679988 -0.797444 -5.770535 -1.184498 4.412107 15.908231 9.082615 -3.406769 -17.869834 0.000000 0.000000 0.000000 -22.298847 -24.109603 11.908375 -50.217289 -9.563183 -2.447001 22.336952 -53.981284 -9.414475 0.000000 0.000000 0.000000 2.166796 -3.907650 -1.562931 76.729845 -7.903713 -11.832916 59.950054 66.310084 46.470543 0.000000 0.000000 0.000000 
0.149920 0.774842 1.303572 4.298252 2.129444 34.316759 -6.339076 -13.812346 -77.994923 -4.286800 -0.278680 59.048568 5.275013 6.210513 -15.828380 0.000000 0.000000 0.000000 -10.170183 0.493806 -49.053933 6.536276 -6.274338 88.132860 1.980306 -4.154714 20.032502 0.000000 0.000000 0.000000 -5.833162 0.114584 59.252770 1.106184 -0.191025 -6.299661 -0.589884 3.245055 16.659479 8.786423 -3.360938 -17.918129 0.000000 0.000000 0.000000 -24.960472 -24.217406 12.633355 -46.337180 -10.077419 -2.212943 23.914248 -55.763005 -10.369525 0.000000 0.000000 0.000000 -1.074672 -5.250517 -1.997219 78.826438 -8.591708 -12.883828 88.786438 73.622418 78.965078 0.000000 0.000000 0.000000 
0.152869 0.785608 1.354156 4.582937 3.205903 31.099714 -8.064640 -13.834655 -71.244428 -4.360800 -0.465164 60.435879 5.255866 5.527876 -16.780686 0.000000 0.000000 0.000000 -8.911345 0.572306 -52.798946 5.205016 -5.270042 95.747722 1.375884 -4.558980 17.847705 0.000000 0.000000 0.000000 -4.574701 -1.111813 59.895483 0.382516 0.055945 -5.849048 -0.436494 4.245620 16.677821 9.920253 -3.932467 -18.020591 0.000000 0.000000 0.000000 -25.045523 -24.550396 12.257722 -44.949765 -11.060274 -1.770501 25.431701 -58.348675 -11.937933 0.000000 0.000000 0.000000 -2.456327 -5.826618 -2.101103 79.164636 -8.308157 -12.334349 151.698496 76.813072 154.314224 0.000000 0.000000 0.000000 
0.154436 0.794858 1.404809 4.952848 4.287969 27.839609 -9.927565 -13.718186 -64.812476 -4.168962 -0.965797 62.158843 4.952350 4.811064 -15.976424 0.000000 0.000000 0.000000 -8.899430 0.078216 -58.011488 5.346909 -5.992219 101.804980 -0.005475 -6.046106 14.708943 0.000000 0.000000 0.000000 -2.254684 -3.133204 61.262815 -0.611123 0.460799 -7.072980 -0.364579 4.170211 16.127768 11.343364 -4.711917 -18.414326 0.000000 0.000000 0.000000 -29.297129 -25.092059 13.150120 -40.781665 -10.934123 -1.573316 26.320816 -58.071976 -12.248297 0.000000 0.000000 0.000000 -4.206235 -6.536296 -2.237213 78.411363 -7.352116 -11.393704 -175.853588 72.665867 -163.197734 0.000000 0.000000 0.000000 
0.154621 0.804741 1.456438 4.986822 5.476927 24.705727 -11.578146 -13.116334 -58.003306 -3.475230 -1.918737 62.988495 4.388806 3.729904 -14.379063 0.000000 0.000000 0.000000 -8.633402 -0.423343 -63.494642 5.817380 -6.719885 103.405859 -1.258545 -7.387579 11.435978 0.000000 0.000000 0.000000 -0.477907 -4.715429 61.347899 -0.312797 0.314640 -5.871323 -0.569756 5.640150 14.637928 12.805893 -5.337547 -18.753943 0.000000 0.000000 0.000000 -31.515014 -25.725744 12.957799 -38.772620 -10.243262 -1.373788 26.748432 -58.892556 -12.945356 0.000000 0.000000 0.000000 -5.647893 -6.396624 -2.121463 77.963304 -7.325760 -10.536219 -157.583857 65.459109 -132.474524 0.000000 0.000000 0.000000 
0.153776 0.813695 1.509193 5.086755 7.071270 22.190476 -13.557661 -12.265335 -50.550597 -1.809156 -3.743491 62.118595 3.812221 2.081380 -13.672486 0.000000 0.000000 0.000000 -9.615376 -1.842891 -66.706780 7.296339 -8.659581 98.318538 -3.571533 -10.589909 6.047551 0.000000 0.000000 0.000000 1.853221 -6.874440 61.564467 -0.519421 0.397755 -5.945750 -0.363745 6.063547 13.024856 15.006366 -6.449390 -19.231266 0.000000 0.000000 0.000000 -35.355740 -25.092869 12.483659 -35.959791 -9.848424 -1.126982 24.459305 -58.169409 -11.424512 0.000000 0.000000 0.000000 -7.387132 -7.762873 -2.480640 77.698910 -7.503089 -10.101599 -149.806410 63.979557 -120.054393 0.000000 0.000000 0.000000 
0.152591 0.820583 1.563153 4.693461 6.606299 19.899613 -14.504580 -10.700482 -44.474180 -0.629504 -4.553023 61.678252 3.087612 1.867373 -10.456084 0.000000 0.000000 0.000000 -9.743099 -1.869486 -69.421508 9.630805 -9.306814 86.712356 -6.033951 -15.075824 0.575648 0.000000 0.000000 0.000000 4.230660 -8.155136 61.194942 0.218722 0.153239 -7.185113 -2.042748 5.892246 13.294158 16.500930 -6.459429 -22.831133 0.000000 0.000000 0.000000 -33.674797 -24.764529 12.038199 -37.205713 -10.444994 -1.059955 28.034349 -57.692819 -13.398308 0.000000 0.000000 0.000000 -7.578547 -7.440507 -2.332132 76.237801 -8.297999 -10.626825 -145.337023 64.048084 -114.184959 0.000000 0.000000 0.000000 
0.151394 0.824407 1.618954 3.635914 4.976581 17.728162 -15.050249 -8.873648 -38.474993 0.102336 -4.435451 59.694621 4.117739 7.278062 -4.744946 0.000000 0.000000 0.000000 -9.685054 -1.065280 -70.578616 13.078154 -9.607028 70.800042 -7.542205 -18.522476 -5.970840 0.000000 0.000000 0.000000 6.349298 -8.699569 60.066393 -0.056499 0.326700 -10.123420 -2.254807 5.283253 14.510657 18.239115 -7.611976 -23.107856 0.000000 0.000000 0.000000 -34.918442 -22.679183 11.093171 -35.347018 -9.931419 -1.383932 25.441577 -58.917640 -12.042230 0.000000 0.000000 0.000000 -4.523228 -8.412035 -2.814312 71.773561 -9.393752 -11.452154 -147.662074 65.539774 -119.184348 0.000000 0.000000 0.000000 
0.149555 0.826424 1.677308 3.126154 3.809576 15.314619 -15.625725 -6.851352 -30.813226 0.419924 -4.016890 56.767155 5.758651 11.944842 -1.218996 0.000000 0.000000 0.000000 -10.102934 -0.661872 -68.426127 14.978332 -7.113125 47.100491 -7.926186 -19.706996 6.168282 0.000000 0.000000 0.000000 8.765812 -9.368823 58.079272 0.211941 0.250173 -11.269444 -3.243272 2.745691 15.499271 17.666926 -7.149800 -25.222663 0.000000 0.000000 0.000000 -33.098281 -21.581202 11.477088 -37.271667 -11.173529 -1.593462 27.056425 -58.708848 -12.543416 0.000000 0.000000 0.000000 -2.591509 -8.417162 -2.883736 68.544269 -10.289916 -12.510170 -155.998555 68.677824 -134.984848 0.000000 0.000000 0.000000 
0.147517 0.823301 1.738480 2.567804 2.104811 13.818235 -15.543373 -4.877815 -23.481728 0.189497 -2.973944 52.496943 8.070093 17.055152 2.559643 0.000000 0.000000 0.000000 -9.379036 0.617754 -64.512564 15.517766 -4.433131 25.660454 -13.049819 -26.110733 30.732788 0.000000 0.000000 0.000000 10.154177 -8.936164 54.624233 1.968508 -0.363496 -11.344451 -5.699271 0.825551 15.050118 19.135839 -8.008696 -26.044977 0.000000 0.000000 0.000000 -29.831166 -19.569575 10.523164 -37.329044 -11.854659 -1.713458 25.423250 -60.735177 -11.810864 0.000000 0.000000 0.000000 2.542715 -7.771812 -3.214545 65.135275 -10.625306 -12.669262 -170.789878 72.001127 -158.881296 0.000000 0.000000 0.000000 
0.145263 0.816406 1.802578 2.516654 0.594509 13.571822 -14.766832 -3.307530 -17.575860 -2.344144 -0.815966 49.313645 10.817878 21.951590 6.113876 0.000000 0.000000 0.000000 -8.210906 1.872468 -62.828078 15.936673 -3.389045 16.121454 -23.612992 -32.900626 53.120546 0.000000 0.000000 0.000000 12.627655 -8.970296 49.873690 2.992057 -0.866723 -8.870787 -7.902725 -2.780539 12.114300 19.283557 -8.619118 -24.558848 0.000000 0.000000 0.000000 -26.742445 -18.252022 10.595440 -39.471423 -11.754073 -1.928569 23.294946 -63.657947 -10.550698 0.000000 0.000000 0.000000 6.588364 -8.127866 -4.189021 61.985086 -12.968702 -13.416116 163.326041 76.222838 163.515539 0.000000 0.000000 0.000000 
0.142632 0.808287 1.868416 1.449810 -2.453694 12.631730 -11.554930 -2.270957 -14.269185 -6.224960 2.554858 50.810298 9.385549 19.506165 15.572019 0.000000 0.000000 0.000000 -5.903694 4.330455 -62.696119 17.023716 -3.750056 18.466489 -34.417157 -38.183037 63.957110 0.000000 0.000000 0.000000 14.413763 -8.614981 47.605861 3.049539 -0.744931 -12.724418 -9.463206 -4.337378 14.695017 19.230830 -9.126841 -24.503877 0.000000 0.000000 0.000000 -25.744940 -16.070682 10.076118 -37.548037 -11.331031 -2.493569 9.213377 -66.819429 -1.448603 0.000000 0.000000 0.000000 9.932672 -8.174092 -5.127485 59.582820 -16.790410 -15.145663 114.953676 76.846159 104.699374 0.000000 0.000000 0.000000 
0.140271 0.805795 1.929167 -0.098923 -7.936636 11.108910 -6.756383 -1.879679 -14.589214 -11.236159 8.943289 57.321454 3.840752 12.176990 23.222362 0.000000 0.000000 0.000000 -0.868580 9.122036 -62.465358 15.388916 -3.515255 25.052836 -49.656495 -44.531504 72.900459 0.000000 0.000000 0.000000 15.366776 -7.355931 45.807010 2.486702 -0.687463 -12.472793 -10.185861 -6.598303 14.693622 18.169092 -8.706359 -25.744872 0.000000 0.000000 0.000000 -22.408649 -13.853518 9.441518 -39.603577 -13.806884 -2.071624 1.630812 -68.902902 4.759199 0.000000 0.000000 0.000000 11.847372 -7.944652 -6.031628 59.414759 -18.287112 -16.116932 82.113416 72.969285 65.401463 0.000000 0.000000 0.000000 
0.138942 0.811219 1.980389 -2.092361 -11.943959 9.304522 -1.236254 -1.532666 -18.636048 -12.273159 14.417556 68.151551 -0.708788 7.694068 28.860613 0.000000 0.000000 0.000000 2.073054 11.786025 -60.827345 16.521573 -4.051638 32.058278 -50.716927 -45.086900 73.193049 0.000000 0.000000 0.000000 15.905854 -6.687367 46.747515 1.925308 -0.558277 -13.562901 -9.667782 -9.132576 15.127842 17.484814 -8.962394 -24.909279 0.000000 0.000000 0.000000 -20.817553 -13.105163 9.870287 -40.215654 -16.775947 -1.414654 4.331397 -68.178777 3.848072 0.000000 0.000000 0.000000 12.597840 -7.691364 -6.734349 59.376006 -21.598889 -18.044256 63.108693 66.624513 42.169957 0.000000 0.000000 0.000000 
0.138620 0.821766 2.025121 -3.171030 -17.349439 9.109029 1.963287 -0.834707 -23.537115 -10.293729 17.282535 73.705532 -1.909339 6.123701 27.751551 0.000000 0.000000 0.000000 4.556871 13.716301 -57.223807 17.424139 -3.753243 33.775131 -50.062893 -46.671855 69.561715 0.000000 0.000000 0.000000 13.237657 -4.201287 44.471993 2.752348 -0.957882 -12.827060 -8.057756 -10.028199 15.686347 16.517071 -8.903970 -25.043550 0.000000 0.000000 0.000000 -20.119007 -12.500299 10.421037 -41.491506 -19.716443 -0.719048 5.672326 -69.025153 4.132691 0.000000 0.000000 0.000000 14.691206 -6.637284 -7.593725 58.389319 -21.915375 -17.827515 53.033843 63.570877 31.715785 0.000000 0.000000 0.000000 
0.139208 0.835864 2.066869 -3.397889 -24.223767 8.051586 3.320819 0.246096 -28.095239 -3.573313 15.609622 78.058125 0.063059 5.672463 16.018282 0.000000 0.000000 0.000000 7.134367 14.968625 -52.068647 17.630565 -2.747935 35.389494 -46.164796 -47.325748 63.335227 0.000000 0.000000 0.000000 10.495757 -1.736176 43.510940 4.299376 -1.643440 -12.069778 -9.261741 -10.429018 15.813116 14.766185 -8.743144 -23.386238 0.000000 0.000000 0.000000 -21.260051 -10.763964 10.591385 -41.343010 -20.870362 -0.760498 11.763314 -70.860321 0.927549 0.000000 0.000000 0.000000 17.304496 -4.931475 -8.471923 56.383314 -23.145752 -17.337885 48.958604 61.461681 26.965723 0.000000 0.000000 0.000000 
0.140470 0.855274 2.107160 -3.042946 -33.146022 7.044449 4.118639 1.774211 -30.472010 2.696965 13.348409 75.612821 4.210667 8.519685 -0.206392 0.000000 0.000000 0.000000 9.961212 15.025106 -45.087419 16.636336 -0.772715 35.231978 -38.092366 -46.875247 52.216812 0.000000 0.000000 0.000000 7.241339 0.627322 39.237371 3.931691 -1.756419 -9.698724 -8.970444 -10.116051 15.681041 13.110326 -8.710476 -21.403752 0.000000 0.000000 0.000000 -20.783077 -9.328554 10.732816 -43.596869 -21.916376 -0.387971 11.660446 -70.475731 2.110744 0.000000 0.000000 0.000000 18.258500 -3.990240 -9.464663 54.112414 -24.684823 -17.002544 54.769808 60.303857 28.839068 0.000000 0.000000 0.000000 
0.141977 0.877400 2.145887 -3.238271 -43.135143 5.945466 5.085202 3.481532 -30.267128 9.895677 9.359164 67.546730 2.537174 4.231591 -4.964716 0.000000 0.000000 0.000000 13.976559 13.934121 -36.845985 13.005568 2.011290 34.456338 -27.290902 -43.145683 39.456947 0.000000 0.000000 0.000000 5.340973 1.932041 34.914884 2.774228 -1.515466 -8.022612 -9.574810 -9.306674 16.297493 11.389656 -8.186761 -23.218721 0.000000 0.000000 0.000000 -21.186963 -6.383236 10.545175 -45.884234 -21.554025 -0.766795 13.751220 -72.290954 2.457204 0.000000 0.000000 0.000000 17.460450 -3.225660 -10.043133 53.729410 -22.960133 -16.143118 60.755667 60.763484 31.336174 0.000000 0.000000 0.000000 
0.143421 0.898797 2.183291 -2.379686 -53.179081 4.947896 5.553951 4.398081 -27.692769 12.579181 7.169889 53.867184 0.704585 1.209321 -10.049156 0.000000 0.000000 0.000000 15.060655 11.380031 -30.286509 9.898678 4.045367 32.812358 -17.127671 -36.363672 28.834640 0.000000 0.000000 0.000000 3.508625 2.689213 30.783263 0.688544 -0.895950 -7.914168 -8.611613 -6.907846 16.963218 9.739915 -7.673577 -25.138757 0.000000 0.000000 0.000000 -20.124008 -4.408674 10.154847 -50.198560 -21.015790 -0.333198 13.262400 -71.457700 4.119598 0.000000 0.000000 0.000000 14.070720 -4.493536 -9.926871 55.296424 -19.856107 -16.112129 70.629998 58.583517 34.174838 0.000000 0.000000 0.000000 
0.144310 0.914758 2.218698 -1.799356 -63.231966 3.730886 6.069719 4.627084 -23.322096 11.916650 5.609654 39.719052 0.109873 2.509669 -7.743212 0.000000 0.000000 0.000000 15.544592 8.292179 -23.993467 5.923979 5.493512 30.282637 -8.873841 -27.437814 20.224562 0.000000 0.000000 0.000000 2.475015 2.654009 26.358586 0.418036 -0.828680 -7.700026 -9.448104 -3.254928 16.477242 9.770854 -8.473063 -22.352546 0.000000 0.000000 0.000000 -20.344002 -2.754180 10.112244 -50.994043 -17.929901 -1.704946 10.124927 -73.117078 7.220571 0.000000 0.000000 0.000000 14.941257 -2.314784 -10.526154 53.648037 -16.716186 -13.542301 82.157298 59.080258 40.640153 0.000000 0.000000 0.000000 
0.144242 0.925777 2.252340 -0.218793 -72.609527 1.714104 7.297949 4.741063 -18.339582 10.696487 3.000133 26.062023 1.225014 2.252313 5.889066 0.000000 0.000000 0.000000 13.794575 5.243517 -19.186978 3.559935 5.848754 27.441888 -2.817029 -17.655570 14.525807 0.000000 0.000000 0.000000 1.946054 2.610302 23.615885 -0.148396 -0.797908 -9.077903 -9.100125 0.515724 16.629352 10.796488 -9.379805 -22.878603 0.000000 0.000000 0.000000 -18.558173 -2.123260 9.816068 -54.339126 -15.657573 -1.830762 7.026670 -73.680980 10.448156 0.000000 0.000000 0.000000 14.370304 -1.414774 -10.946097 53.908449 -12.739102 -11.771269 92.230806 57.527067 44.363807 0.000000 0.000000 0.000000 
0.143807 0.932568 2.284196 5.985139 -80.804128 -6.146636 6.934975 4.099258 -13.867770 11.360386 2.282507 21.042317 2.563177 0.541418 22.060258 0.000000 0.000000 0.000000 11.456072 2.680945 -14.593807 1.061521 6.058171 25.429038 1.342841 -8.584685 11.091388 0.000000 0.000000 0.000000 2.477032 2.359128 21.591991 -1.565981 -0.589907 -10.475119 -7.850306 2.880693 17.499666 9.072994 -9.108734 -21.449001 0.000000 0.000000 0.000000 -19.291968 -1.728805 11.048060 -54.545949 -15.721726 -1.905093 9.004245 -73.019591 8.859205 0.000000 0.000000 0.000000 13.580510 0.445052 -11.121583 54.661514 -10.243964 -10.943586 100.828929 56.487176 47.742862 0.000000 0.000000 0.000000 
0.143006 0.934473 2.314465 18.410132 -85.988544 -20.157213 5.687210 3.091233 -9.895240 11.407670 2.209189 18.599493 7.913331 4.110343 35.772375 0.000000 0.000000 0.000000 9.151414 1.123806 -10.741079 -0.423962 5.536409 22.922235 3.344005 -1.782167 8.389410 0.000000 0.000000 0.000000 3.471422 1.723364 19.177813 -0.807715 -0.578674 -9.630551 -8.277658 4.486044 17.417044 8.901485 -9.267990 -22.296244 0.000000 0.000000 0.000000 -18.217442 -1.724201 11.352527 -56.025101 -15.399953 -1.568998 5.192056 -73.311363 12.242477 0.000000 0.000000 0.000000 13.141690 1.811535 -11.559367 56.633667 -8.047943 -10.460611 106.087454 55.599384 49.093182 0.000000 0.000000 0.000000 
0.143080 0.931750 2.342427 126.698829 -88.426266 -129.556824 3.943399 2.172006 -6.207740 10.936783 2.345192 16.975755 11.640686 7.079142 36.463680 0.000000 0.000000 0.000000 7.479942 0.671548 -9.396908 -1.286814 5.978162 23.124527 4.084863 2.960996 6.222530 0.000000 0.000000 0.000000 4.180869 1.236739 17.209950 -1.388711 -0.086119 -8.492119 -6.412033 4.494869 16.788084 6.543874 -8.156938 -20.871303 0.000000 0.000000 0.000000 -16.932631 -2.761188 12.219653 -58.389673 -15.952976 -0.249258 8.112649 -73.223861 10.197529 0.000000 0.000000 0.000000 10.854686 2.698531 -10.734946 58.195434 -6.668180 -10.812378 114.076152 53.376974 50.632145 0.000000 0.000000 0.000000 
0.146147 0.929888 2.367004 162.573092 -84.938865 -165.605376 3.000710 1.901630 -4.673080 8.967671 2.780914 15.659555 14.690431 9.524535 38.435228 0.000000 0.000000 0.000000 6.182550 0.507564 -8.845516 -3.318211 5.947743 22.011075 4.520901 7.581040 4.307214 0.000000 0.000000 0.000000 5.130184 0.848007 15.580366 -2.113094 0.141842 -8.933748 -5.995467 4.326298 17.055950 6.020187 -8.054435 -21.322110 0.000000 0.000000 0.000000 -18.139746 -3.371343 14.652826 -57.797369 -16.836685 -0.491534 9.550019 -73.444995 9.139670 0.000000 0.000000 0.000000 11.627751 3.723866 -12.555766 58.401359 -7.085956 -10.599738 118.231199 50.939546 49.854680 0.000000 0.000000 0.000000 
0.152529 0.929360 2.388211 171.370235 -80.473953 -174.151166 1.932633 1.719094 -4.182954 7.962398 3.415574 15.315773 17.676790 12.143048 39.389865 0.000000 0.000000 0.000000 5.169838 0.595822 -9.505666 -4.567996 5.973920 21.268888 6.039171 12.077154 4.030965 0.000000 0.000000 0.000000 5.282529 0.663737 14.463548 -2.303767 0.225631 -9.620703 -5.342891 4.692177 17.470004 5.214004 -7.831495 -22.076513 0.000000 0.000000 0.000000 -18.103665 -3.465457 15.806342 -57.843605 -18.014916 0.346339 12.813286 -74.889283 6.899733 0.000000 0.000000 0.000000 12.100543 5.137653 -14.084569 58.831232 -7.752573 -10.779779 122.422393 46.827908 46.737055 0.000000 0.000000 0.000000 
0.161351 0.931877 2.406576 174.690844 -76.651792 -177.720648 1.322984 1.698822 -4.021422 7.065144 4.283312 15.541636 19.519080 13.420835 41.047418 0.000000 0.000000 0.000000 4.460792 0.553999 -9.092408 -5.919603 5.219240 19.005881 8.827831 15.981475 5.396780 0.000000 0.000000 0.000000 5.376953 0.483750 13.452915 -2.055581 0.383045 -9.717740 -5.116421 4.277660 17.713730 6.378240 -8.119111 -22.320807 0.000000 0.000000 0.000000 -17.779414 -3.456085 16.864708 -58.159534 -18.819586 1.100785 15.564582 -76.696119 5.279601 0.000000 0.000000 0.000000 11.144438 6.201300 -14.646723 60.443665 -8.463224 -12.102378 123.525652 42.818292 39.805773 0.000000 0.000000 0.000000 
0.171809 0.934375 2.423586 176.380630 -72.769365 -178.908237 0.754934 1.725213 -4.577920 6.098046 4.862298 15.115796 21.501268 14.623081 43.056111 0.000000 0.000000 0.000000 3.496811 0.602325 -8.886114 -6.647317 3.729147 15.248371 12.265089 19.883319 7.564807 0.000000 0.000000 0.000000 5.082101 0.459111 13.134592 -2.037338 0.327231 -10.818086 -4.954937 4.791861 17.518780 7.949156 -8.298976 -21.697777 0.000000 0.000000 0.000000 -17.582556 -3.280315 17.594195 -57.878252 -19.631963 1.781816 14.413799 -78.448792 6.361560 0.000000 0.000000 0.000000 11.050758 7.296762 -15.725520 61.111576 -10.335874 -13.328455 122.486346 40.059153 33.484441 0.000000 0.000000 0.000000 
0.184009 0.936300 2.440987 176.738376 -68.889690 -179.344718 0.215805 1.740791 -4.668111 4.783213 5.521976 14.466220 23.477773 15.855437 45.094130 0.000000 0.000000 0.000000 2.891752 0.658269 -8.615890 -7.864125 2.673447 12.003685 16.135194 22.908033 10.517956 0.000000 0.000000 0.000000 5.179732 0.603645 13.641854 -2.573751 0.050327 -12.934738 -4.621963 5.410040 18.888835 8.729567 -8.326987 -23.004193 0.000000 0.000000 0.000000 -17.880201 -2.850442 18.934201 -57.220362 -19.838193 1.615738 10.723352 -79.788233 9.455447 0.000000 0.000000 0.000000 11.276771 7.895434 -17.980112 60.767463 -12.866631 -14.234062 119.636828 38.410059 28.505624 0.000000 0.000000 0.000000 
0.198245 0.937652 2.459826 177.653617 -65.279075 179.854274 -0.193038 1.856861 -5.503538 4.079708 6.151844 14.273621 25.243284 16.816266 46.941280 0.000000 0.000000 0.000000 2.297168 0.798202 -8.963873 -8.003892 1.838106 9.176328 20.385485 24.517115 14.447044 0.000000 0.000000 0.000000 5.372424 0.761125 14.170613 -2.558001 -0.018359 -13.937477 -4.550031 5.762642 19.410811 9.682112 -8.158303 -23.703700 0.000000 0.000000 0.000000 -18.455301 -2.891894 20.599729 -56.223346 -20.625756 1.538093 21.962055 -80.860805 -0.443882 0.000000 0.000000 0.000000 10.854436 8.399705 -19.205026 60.249505 -15.749469 -15.626691 118.142490 36.806029 25.058567 0.000000 0.000000 0.000000 
0.214365 0.938750 2.480900 178.449722 -60.471594 179.027512 -0.783191 2.123280 -7.122991 4.279879 7.490735 15.509699 26.697723 17.021806 49.422969 0.000000 0.000000 0.000000 1.922525 0.926509 -9.098460 -8.000769 1.066480 5.507921 26.095814 25.492794 20.077626 0.000000 0.000000 0.000000 5.892790 1.113504 15.430061 -3.802815 0.045174 -15.040355 -3.591757 6.658318 20.064121 10.383540 -7.699337 -25.549057 0.000000 0.000000 0.000000 -18.885291 -1.951838 21.664844 -55.169036 -21.380663 1.526037 25.709234 -81.164186 -4.128219 0.000000 0.000000 0.000000 11.031650 8.585988 -21.350938 58.388278 -17.546923 -15.357520 114.443258 36.939462 23.818939 0.000000 0.000000 0.000000 
0.231437 0.939567 2.503557 178.951691 -57.296682 178.361134 -1.223063 2.418045 -8.601128 5.998135 8.734931 17.824119 21.486465 12.254708 44.614136 0.000000 0.000000 0.000000 2.198567 0.931606 -9.105439 -8.923876 0.656554 1.958047 30.657127 24.412362 25.172714 0.000000 0.000000 0.000000 6.122350 1.652240 17.009560 -3.916541 -0.111577 -16.228326 -2.949693 7.484292 20.599410 11.032458 -7.348299 -25.687107 0.000000 0.000000 0.000000 -18.751200 -2.050596 22.601555 -55.131595 -22.398644 2.024513 31.246272 -79.756756 -9.523020 0.000000 0.000000 0.000000 11.089542 8.554055 -22.932456 57.157752 -19.312188 -15.448716 108.897161 38.182849 23.076654 0.000000 0.000000 0.000000 
0.247993 0.941098 2.527390 178.504044 -52.711703 179.310688 -1.832467 3.001841 -10.735300 7.777325 10.791750 20.672812 14.167821 6.825787 37.293392 0.000000 0.000000 0.000000 1.262320 1.294581 -10.017374 -8.078720 0.810109 -2.018279 35.272225 21.700661 31.197240 0.000000 0.000000 0.000000 5.350924 1.841520 17.149902 -4.555122 0.673980 -14.640999 -2.578804 8.472599 19.323925 11.193514 -6.831784 -26.493279 0.000000 0.000000 0.000000 -17.656675 -0.425564 21.124580 -55.830358 -21.753314 2.895038 26.783502 -80.188650 -5.386066 0.000000 0.000000 0.000000 11.032265 7.657708 -24.785266 57.174379 -19.831402 -15.579026 100.794934 38.713581 19.706859 0.000000 0.000000 0.000000 
0.263174 0.942289 2.551869 178.598783 -48.725959 -179.907881 -1.902387 3.697156 -12.040428 12.251915 13.253438 25.262202 -7.077117 -1.216700 18.363935 0.000000 0.000000 0.000000 0.727662 1.655007 -11.173313 -7.211060 1.682064 -5.887492 38.148828 17.582890 36.120103 0.000000 0.000000 0.000000 4.792736 1.785654 16.653058 -5.259634 0.988312 -14.805202 -1.587644 8.746319 18.949891 11.998432 -5.711569 -25.373192 0.000000 0.000000 0.000000 -18.003911 0.844558 21.942121 -56.348578 -20.867269 2.595402 30.575322 -78.935479 -8.630858 0.000000 0.000000 0.000000 10.945695 8.933396 -26.384568 56.317291 -22.388470 -16.353711 94.429418 39.268086 17.790137 0.000000 0.000000 0.000000 
0.276231 0.942328 2.576474 179.410727 -45.125712 -179.814989 -2.345352 3.470410 -11.441486 19.107465 14.811560 29.194444 -37.246418 -8.895333 5.291745 0.000000 0.000000 0.000000 0.825399 1.878366 -12.028958 -6.463493 3.281898 -9.655780 39.545296 13.152057 39.844611 0.000000 0.000000 0.000000 4.631104 1.348847 15.270176 -6.286446 2.037128 -13.496488 -0.590382 8.904282 18.094467 10.568560 -4.946050 -25.783288 0.000000 0.000000 0.000000 -18.070763 2.237362 22.015771 -55.841148 -20.635776 2.708920 26.411936 -77.858840 -5.113042 0.000000 0.000000 0.000000 11.314110 9.070039 -28.621497 56.578691 -25.783840 -17.963359 87.224366 38.025517 14.236115 0.000000 0.000000 0.000000 
0.287210 0.941170 2.601750 -179.935188 -41.847677 179.307686 -2.729671 2.701774 -8.869875 18.345802 13.606336 26.269386 -45.700939 -8.390843 -0.691297 0.000000 0.000000 0.000000 1.621727 1.810878 -12.087409 -6.917779 4.693933 -12.409439 40.567551 9.954807 42.794448 0.000000 0.000000 0.000000 4.312148 1.324667 15.070898 -6.467131 2.259688 -13.891048 -0.423111 8.867268 18.550079 11.656671 -3.753857 -26.246617 0.000000 0.000000 0.000000 -18.933766 3.239881 23.737665 -53.532611 -21.855633 2.523095 26.522640 -75.870000 -6.294434 0.000000 0.000000 0.000000 12.565776 9.438588 -33.233023 55.458349 -30.868308 -19.119152 82.390251 35.709854 12.404368 0.000000 0.000000 0.000000 
0.296923 0.939923 2.628053 -179.842753 -38.407705 178.903523 -3.047690 2.235705 -6.200744 14.557199 11.003425 20.809281 -47.981214 -4.988324 -6.689483 0.000000 0.000000 0.000000 1.458991 2.002532 -12.305444 -6.551412 6.784684 -15.016468 37.897574 -4.666123 57.692699 0.000000 0.000000 0.000000 3.792185 1.285331 14.689074 -7.786222 3.586196 -12.522580 0.455812 6.216743 18.616726 11.755415 -1.982475 -26.310840 0.000000 0.000000 0.000000 -19.360465 4.927946 24.983909 -51.646941 -24.134815 3.420044 26.625731 -73.969436 -6.912541 0.000000 0.000000 0.000000 12.789912 8.650492 -37.368869 54.871729 -35.212152 -20.979095 78.838618 35.181521 12.594021 0.000000 0.000000 0.000000 
0.306553 0.939782 2.654849 -179.778340 -34.965518 179.130592 -3.907151 1.848726 -4.724395 11.459902 7.899441 15.131667 -45.105598 0.317073 -12.121679 0.000000 0.000000 0.000000 0.074028 2.796554 -13.708369 -4.416145 9.591941 -16.688595 71.681057 16.287707 132.526670 0.000000 0.000000 0.000000 2.720638 1.190132 13.832259 -5.634032 3.660587 -12.440225 -1.342684 5.417344 19.138108 12.020143 -0.121890 -25.923638 0.000000 0.000000 0.000000 -18.791754 5.864601 26.926821 -50.476474 -27.428547 5.577993 28.475959 -68.787884 -8.655338 0.000000 0.000000 0.000000 11.612946 8.773373 -42.913421 54.716933 -42.379906 -24.950344 77.501694 31.224037 10.289249 0.000000 0.000000 0.000000 
0.316516 0.941369 2.680573 -179.801414 -31.944098 179.031586 -4.508865 1.664024 -3.602382 9.560858 5.567497 10.645048 -42.586803 5.296187 -14.737662 0.000000 0.000000 0.000000 -0.588255 3.232373 -14.113046 -3.735910 12.764929 -19.161121 -176.754460 2.265090 150.362055 0.000000 0.000000 0.000000 1.261079 1.357900 13.504608 -3.664286 3.914181 -12.444999 -2.977224 3.327512 19.412675 11.183748 1.855319 -25.104632 0.000000 0.000000 0.000000 -19.122302 8.155310 28.915567 -48.288876 -29.797215 6.446051 28.914987 -65.731647 -9.075756 0.000000 0.000000 0.000000 10.330448 9.557782 -48.673191 52.242293 -51.303040 -28.385935 77.391309 26.135058 7.563237 0.000000 0.000000 0.000000 
0.327015 0.942084 2.704886 -179.881595 -28.001470 179.820204 -4.544963 1.928176 -4.704141 8.047887 5.100422 8.614603 -40.795814 9.033878 -15.998204 0.000000 0.000000 0.000000 -0.470194 3.360141 -13.909501 -0.851223 10.520312 -13.832371 -167.141880 0.332868 149.080700 0.000000 0.000000 0.000000 0.947886 1.178412 12.710687 -4.191346 4.788228 -12.011254 -3.466436 1.736951 18.999919 11.642935 4.751833 -24.196330 0.000000 0.000000 0.000000 -18.016255 10.036796 30.729083 -50.200900 -32.448858 9.867611 29.919031 -59.240144 -9.403539 0.000000 0.000000 0.000000 8.828285 10.256146 -55.815993 48.116495 -60.461748 -30.121990 74.681968 19.187508 2.572108 0.000000 0.000000 0.000000 
0.337946 0.941472 2.728659 179.199407 -23.689404 -178.855511 -5.075164 2.053014 -5.967569 6.352872 4.883484 6.514298 -38.607119 13.015097 -16.886699 0.000000 0.000000 0.000000 -0.653559 3.433406 -12.482274 1.767386 5.275755 4.435311 134.142299 -4.635587 163.539976 0.000000 0.000000 0.000000 -0.057658 1.186430 11.990369 -4.974433 4.658409 -13.369288 -3.595601 1.982950 19.575687 11.980372 7.956238 -22.743900 0.000000 0.000000 0.000000 -16.670873 11.615937 34.050298 -51.025448 -34.749388 12.947500 32.726947 -52.798379 -10.389247 0.000000 0.000000 0.000000 6.517748 10.258731 -64.582911 40.394991 -71.425452 -29.841542 72.902986 9.856074 -3.900062 0.000000 0.000000 0.000000 
0.349391 0.940103 2.752703 178.610798 -18.604438 -177.076566 -4.817272 2.891059 -8.223533 4.242610 5.276567 4.798680 -36.469682 16.507828 -17.241849 0.000000 0.000000 0.000000 -0.211230 3.426965 -11.228292 5.353038 9.796592 18.513574 34.872983 32.331595 135.087795 0.000000 0.000000 0.000000 -0.525610 1.079651 11.117686 -6.118976 5.221732 -13.799699 -3.814899 2.643181 18.234321 13.793849 12.411819 -20.052492 0.000000 0.000000 0.000000 -15.320712 13.178574 38.494467 -52.764930 -37.865782 17.067571 36.105787 -44.076387 -10.889359 0.000000 0.000000 0.000000 3.548932 9.477502 -75.753700 -3.718125 -81.439026 4.684559 68.686203 -0.489507 -10.611913 0.000000 0.000000 0.000000 
0.360881 0.938859 2.776500 178.002924 -15.070570 -176.032698 -4.856723 3.693832 -10.307543 3.122823 5.654043 3.967918 -34.205186 18.805517 -16.307472 0.000000 0.000000 0.000000 -0.358989 3.634507 -8.525863 9.241787 13.539249 24.783628 -45.855148 42.506488 57.809857 0.000000 0.000000 0.000000 -0.449608 1.041909 10.858549 -7.901874 4.239006 -16.131145 -2.360317 3.919288 19.898246 13.152878 14.846562 -19.766195 0.000000 0.000000 0.000000 -14.575151 14.554311 44.595640 -52.073037 -43.289433 20.367726 36.150863 -36.492939 -10.047656 0.000000 0.000000 0.000000 0.201539 7.890406 -86.590175 -80.622413 -77.655632 71.626454 65.192847 -8.978928 -15.822685 0.000000 0.000000 0.000000 
0.372059 0.937780 2.798636 178.327644 -11.791314 -175.167039 -4.268423 5.135800 -12.289859 2.619455 5.421258 2.908922 -31.970200 20.856467 -15.075120 0.000000 0.000000 0.000000 0.207931 3.658514 -7.140185 8.613060 12.782693 22.086932 -90.164183 56.979174 27.541491 0.000000 0.000000 0.000000 -0.191810 0.885532 10.627487 -7.893284 3.386284 -18.289066 -1.665158 4.705858 21.673668 14.359042 18.412285 -19.669912 0.000000 0.000000 0.000000 -12.677880 17.415339 51.711210 -53.011556 -50.733497 27.151109 37.080406 -28.059209 -8.304449 0.000000 0.000000 0.000000 -4.635387 5.208314 -102.186804 -98.403355 -59.999813 74.125344 61.615632 -23.200371 -23.660118 0.000000 0.000000 0.000000 
0.382441 0.936918 2.817311 178.361557 -8.588403 -175.357621 -3.394485 6.798685 -13.631827 1.804784 6.579362 3.609317 -31.187828 21.562039 -14.267054 0.000000 0.000000 0.000000 0.477624 4.088974 -4.344799 6.694700 10.264369 15.663301 -141.717650 63.888109 -10.142998 0.000000 0.000000 0.000000 -0.094844 0.895688 10.778290 -7.200979 2.714815 -19.975784 -1.385288 5.313763 23.722214 14.154024 21.379203 -19.391132 0.000000 0.000000 0.000000 -10.618258 19.884956 62.317253 -49.712299 -61.432845 32.755786 37.232605 -18.243561 -5.978109 0.000000 0.000000 0.000000 -10.790034 3.838090 -115.601013 -107.458861 -45.293193 66.629397 54.876550 -33.789402 -28.439726 0.000000 0.000000 0.000000 
0.392057 0.936473 2.831935 178.273023 -6.077225 -175.369901 -2.670787 8.039114 -14.209040 0.963504 7.041704 3.133954 -29.734225 22.641929 -13.020163 0.000000 0.000000 0.000000 0.537699 4.649441 -2.445318 5.175708 8.538307 10.099839 -166.180099 60.528136 -29.085359 0.000000 0.000000 0.000000 0.263838 0.737875 10.728276 -6.822999 3.057294 -20.088960 -1.443370 4.256434 23.895931 14.481836 24.475877 -18.247790 0.000000 0.000000 0.000000 -8.869112 22.300068 72.780383 -38.468032 -70.559381 30.246073 36.628853 -11.913388 -4.408411 0.000000 0.000000 0.000000 -14.697328 0.202305 -131.593939 -108.187085 -28.190907 49.665024 42.886757 -44.928793 -28.579680 0.000000 0.000000 0.000000 
0.401401 0.935942 2.842840 177.875220 -4.286409 -176.137570 -2.102589 8.219746 -13.342646 0.267220 7.129831 2.089479 -28.494552 24.305705 -12.211678 0.000000 0.000000 0.000000 0.747972 5.426686 -0.037662 3.606117 7.294841 5.936515 -170.880013 57.117869 -32.453182 0.000000 0.000000 0.000000 -0.012463 0.926804 11.215076 -5.049334 2.749087 -21.016641 -2.204172 4.023644 25.416759 15.103367 27.171676 -18.191681 0.000000 0.000000 0.000000 -5.452215 23.837616 86.404767 2.138074 -79.784766 2.170437 36.005685 -3.117370 -2.201510 0.000000 0.000000 0.000000 -17.693408 -4.685876 -148.314425 -109.393610 -10.888749 30.185290 23.781851 -52.577043 -21.522416 0.000000 0.000000 0.000000 
0.410929 0.936720 2.850819 177.644984 -3.234898 -176.652398 -1.670084 8.118422 -12.400020 0.050283 6.505264 0.550164 -26.497820 26.084282 -10.533283 0.000000 0.000000 0.000000 1.007448 5.613694 0.593244 3.233323 7.137235 4.716661 -172.046867 55.775088 -33.499895 0.000000 0.000000 0.000000 0.571226 0.615942 10.701771 -4.891193 3.173474 -20.597418 -2.323504 2.580565 25.308531 15.592006 29.289909 -17.152687 0.000000 0.000000 0.000000 -2.434711 24.625465 96.568553 48.904517 -78.642627 -35.326474 36.362782 1.151093 -1.331203 0.000000 0.000000 0.000000 -18.674097 -7.874634 -159.868309 -108.747609 0.547967 15.732513 5.731148 -54.492555 -12.215336 0.000000 0.000000 0.000000 
0.420893 0.937747 2.856989 177.535227 -2.128140 -177.619404 -1.006493 8.498937 -11.665754 0.081088 6.608111 0.552714 -25.768467 26.889665 -9.475859 0.000000 0.000000 0.000000 1.337661 6.261035 2.343714 3.189484 7.192740 2.537822 -170.564639 55.372473 -32.928724 0.000000 0.000000 0.000000 0.378766 0.641462 10.779301 -3.047295 3.954861 -20.044727 -3.186027 1.233947 25.368865 16.209229 31.367467 -16.677888 0.000000 0.000000 0.000000 1.474332 24.333722 111.117355 80.145252 -68.595240 -53.271703 37.069997 8.181975 0.331053 0.000000 0.000000 0.000000 -19.259246 -11.381447 -172.367802 -107.550515 11.628097 0.805369 -11.984699 -50.783259 -2.887405 0.000000 0.000000 0.000000 
0.431450 0.938430 2.861742 177.411771 -1.928107 -178.528272 -0.367517 8.559461 -10.556877 0.028031 6.266200 -0.204797 -24.606555 27.489905 -7.917789 0.000000 0.000000 0.000000 2.175009 6.251253 3.327772 2.646671 6.910745 1.992496 -170.475544 54.888686 -33.082114 0.000000 0.000000 0.000000 0.460670 0.577962 10.644416 -2.319058 4.257526 -19.765764 -3.355532 -0.067251 25.380254 15.844899 32.174371 -16.345842 0.000000 0.000000 0.000000 3.532889 23.497020 119.582271 84.697608 -61.528420 -50.635250 37.881498 11.208406 0.937242 0.000000 0.000000 0.000000 -19.708129 -12.644915 -177.406585 -106.405739 15.427781 -5.048337 -17.418883 -47.638974 -0.676220 0.000000 0.000000 0.000000 
0.442920 0.938529 2.865432 177.343453 -2.174679 -179.794042 0.752685 9.255209 -9.557419 -0.505336 6.835145 0.095396 -24.800541 26.565938 -6.866895 0.000000 0.000000 0.000000 3.280590 6.681550 5.289028 2.146636 6.673571 0.578728 -169.614228 55.417265 -32.554784 0.000000 0.000000 0.000000 0.369407 0.484761 10.317326 -1.021847 5.366991 -18.511829 -3.894058 -2.190191 25.373232 16.473850 33.170414 -15.596034 0.000000 0.000000 0.000000 4.697707 22.543376 126.213284 86.117554 -55.301536 -46.524693 38.794929 13.394843 1.416766 0.000000 0.000000 0.000000 -20.005307 -12.531408 -179.899499 -105.381505 15.823480 -6.213268 -15.721261 -46.369487 -1.934715 0.000000 0.000000 0.000000 
0.454627 0.938804 2.868986 177.270315 -2.143151 179.194730 1.446693 9.943937 -9.268342 -0.192147 7.203233 1.105725 -24.959317 25.920173 -5.897027 0.000000 0.000000 0.000000 3.876048 7.282049 6.705999 2.619745 7.135542 -0.505254 -167.767982 56.585093 -31.275416 0.000000 0.000000 0.000000 0.307297 0.561226 10.544127 -0.002089 5.531856 -18.589785 -4.506391 -2.520188 25.593028 17.979645 34.675067 -14.578312 0.000000 0.000000 0.000000 6.856143 21.047542 132.750545 87.646712 -49.781257 -41.658740 38.283793 17.586078 2.498711 0.000000 0.000000 0.000000 -20.449425 -14.410270 176.744429 -105.159129 18.474614 -11.052618 -19.032010 -43.141294 -0.816743 0.000000 0.000000 0.000000 
0.465630 0.939120 2.873343 177.182461 -0.742031 177.916688 2.348192 11.658404 -10.111267 0.686945 9.383421 5.034010 -27.288751 24.308039 -6.110234 0.000000 0.000000 0.000000 4.688361 8.004362 8.157806 2.334301 7.137028 -1.151730 -167.664454 56.035900 -31.594916 0.000000 0.000000 0.000000 0.753526 0.422188 10.401964 0.262596 7.100974 -16.725127 -4.713081 -3.978292 24.487585 19.590882 37.013245 -13.555568 0.000000 0.000000 0.000000 10.968891 17.964483 145.349853 91.314845 -39.969556 -32.745751 36.090627 26.713656 4.406672 0.000000 0.000000 0.000000 -20.515308 -16.388298 170.159618 -104.026893 24.151745 -18.847803 -24.096835 -39.057687 0.576699 0.000000 0.000000 0.000000 
0.474859 0.939556 2.878794 176.989784 0.922379 176.887251 6.300365 -7.069959 -9.859373 -7.407511 -9.873386 5.561211 -167.761977 -79.168207 -68.156449 0.000000 0.000000 0.000000 2.073426 -7.774724 7.398572 -0.507313 -9.106013 1.897102 96.540665 -7.522528 -30.681626 0.000000 0.000000 0.000000 0.872530 -1.124737 11.116390 -1.449192 -6.884382 -16.677600 1.255778 10.868599 24.668900 -4.811904 -34.790664 -19.496004 0.000000 0.000000 0.000000 13.176049 16.073344 152.064812 91.253466 -34.681018 -15.702939 25.998147 37.277870 2.227382 0.000000 0.000000 0.000000 -13.968998 -23.432736 141.748351 -97.094127 48.245245 -35.990842 -34.272448 -26.842009 5.686587 0.000000 0.000000 0.000000 
0.481269 0.940862 2.884670 177.090846 2.527737 175.947026 7.193078 -7.516558 -11.284026 -9.213643 -10.736987 9.717880 149.078950 -85.192293 -27.681993 0.000000 0.000000 0.000000 2.337412 -7.689324 7.865640 -0.587903 -9.082740 2.137522 95.332892 -8.374792 -28.821250 0.000000 0.000000 0.000000 1.770347 -1.540690 12.113335 -1.564417 -6.958074 -16.209774 1.279539 12.116250 24.791987 -2.439312 -31.562932 -21.350499 0.000000 0.000000 0.000000 17.426773 10.312625 169.157728 93.054606 -20.099390 -1.339289 10.612839 45.209061 -3.208373 0.000000 0.000000 0.000000 -9.971708 -26.716981 128.783251 -87.245291 57.803488 -41.338444 -38.677857 -18.327552 5.165561 0.000000 0.000000 0.000000 
0.485094 0.941658 2.889368 176.878810 4.546336 175.416091 7.393035 -7.651735 -13.635442 -10.945393 -11.902106 13.687050 75.060573 -82.251759 43.603844 0.000000 0.000000 0.000000 1.827909 -7.991946 8.325784 -0.234517 -8.850721 1.729365 93.488083 -9.143783 -26.030050 0.000000 0.000000 0.000000 2.539801 -1.763669 12.367789 -2.392769 -7.367028 -15.335135 1.448253 12.961122 25.074392 -1.488910 -29.586234 -21.276067 0.000000 0.000000 0.000000 21.088914 5.524854 -172.104446 92.580787 -4.361517 11.515350 -4.676300 48.517422 -10.579770 0.000000 0.000000 0.000000 -5.436919 -29.403776 111.718004 -64.064017 68.452937 -34.042485 -41.587586 -8.149157 3.463558 0.000000 0.000000 0.000000 
0.487228 0.943008 2.892043 176.624487 7.222872 174.900617 7.725338 -7.765444 -14.973374 -11.875862 -12.220007 14.943771 60.758814 -71.558816 53.320600 0.000000 0.000000 0.000000 1.486519 -8.114042 8.738264 -0.503818 -8.052554 1.393822 90.873013 -9.876431 -23.093039 0.000000 0.000000 0.000000 3.346700 -2.265644 13.162263 -3.300955 -6.884612 -15.508192 1.384652 13.677980 25.982616 -0.055192 -27.270781 -20.982105 0.000000 0.000000 0.000000 23.164773 1.217156 -153.188619 92.611964 10.248618 21.669946 -17.791383 48.503536 -17.421915 0.000000 0.000000 0.000000 0.770500 -31.657385 92.672679 -14.344595 69.795980 -1.779537 -44.202165 5.525655 0.177346 0.000000 0.000000 0.000000 
0.488737 0.943630 2.892553 176.288033 9.181142 174.223590 7.372552 -7.583711 -16.090224 -11.472030 -11.879447 15.082098 59.030679 -61.835392 49.612329 0.000000 0.000000 0.000000 0.972459 -8.596456 9.592126 -0.745391 -7.302131 0.842701 89.403025 -10.170734 -20.855454 0.000000 0.000000 0.000000 3.377282 -2.792154 14.244949 -3.354249 -6.381271 -15.611061 1.454243 14.289376 27.065828 1.349451 -25.134424 -21.258814 0.000000 0.000000 0.000000 24.122845 1.921987 -143.313601 92.429648 13.977773 21.787489 -17.653651 53.305438 -18.829865 0.000000 0.000000 0.000000 5.308383 -33.575184 76.422900 14.225515 58.861160 13.667905 -43.929634 17.280226 -2.362474 0.000000 0.000000 0.000000 
0.489964 0.943554 2.891142 176.059477 10.327543 173.644972 6.421854 -7.053888 -16.413201 -8.865300 -10.416506 14.088509 60.695012 -55.797288 42.666843 0.000000 0.000000 0.000000 0.769336 -9.175324 10.853821 -1.151990 -6.176063 -0.399837 88.447895 -10.378231 -19.961546 0.000000 0.000000 0.000000 3.395415 -3.422902 15.369282 -3.783386 -6.178357 -15.590246 2.115871 15.057987 27.453407 2.294128 -23.376739 -22.207731 0.000000 0.000000 0.000000 25.199616 4.107313 -140.115654 92.798308 10.644596 16.473488 -7.696950 57.697315 -14.324949 0.000000 0.000000 0.000000 7.661305 -35.243260 65.389625 24.245961 47.769421 15.675037 -43.081671 27.211215 -4.190086 0.000000 0.000000 0.000000 
0.491372 0.943260 2.888481 175.910525 10.644147 173.418196 6.539291 -7.098345 -16.447250 -8.440259 -10.050631 13.513121 57.539677 -50.995288 41.636830 0.000000 0.000000 0.000000 1.642533 -8.836060 11.102964 -2.747483 -5.009795 -0.445784 88.722296 -10.148342 -21.523669 0.000000 0.000000 0.000000 2.980580 -3.502304 15.650970 -3.457201 -6.278184 -15.175485 2.149075 15.395066 27.607277 2.143460 -23.424587 -22.113482 0.000000 0.000000 0.000000 26.481808 8.473423 -141.350594 93.391859 4.507611 8.842657 10.429149 58.115714 -3.972781 0.000000 0.000000 0.000000 9.219312 -36.275191 60.034514 27.395959 40.350765 14.174564 -40.701384 31.459294 -4.708136 0.000000 0.000000 0.000000 
0.493061 0.942699 2.885645 175.937881 9.668321 173.441279 6.324991 -7.065241 -16.400603 -7.314575 -9.373368 12.131741 54.065160 -48.752549 41.429572 0.000000 0.000000 0.000000 2.299695 -8.812537 11.424144 -3.424464 -4.531958 -0.724561 89.659398 -10.034872 -23.512378 0.000000 0.000000 0.000000 2.706036 -3.354639 15.405460 -2.712123 -6.314007 -14.923493 2.045439 13.994259 27.793001 0.628861 -24.290127 -21.934256 0.000000 0.000000 0.000000 26.656221 11.043672 -144.571983 93.961831 -0.531123 4.081711 18.891824 55.176549 0.557938 0.000000 0.000000 0.000000 8.842087 -36.971866 57.952404 29.936789 38.601827 15.565962 -38.414379 30.624028 -3.999493 0.000000 0.000000 0.000000 
0.495006 0.942302 2.883168 176.149849 8.940467 173.714445 7.015262 -7.479220 -16.310392 -6.353709 -8.645439 10.900891 48.230064 -44.098015 41.987822 0.000000 0.000000 0.000000 3.108170 -8.439634 11.286578 -3.853044 -4.378499 -0.628085 90.339650 -9.928949 -25.143492 0.000000 0.000000 0.000000 2.703499 -3.158225 15.016839 -2.382591 -6.430192 -14.802724 1.664957 12.780150 28.006165 -0.175159 -25.181513 -21.251844 0.000000 0.000000 0.000000 26.880623 12.509649 -145.609504 95.034032 -1.017798 3.376944 18.229107 52.014691 -0.228823 0.000000 0.000000 0.000000 9.116804 -37.057276 58.297195 31.737314 40.598200 17.252746 -35.013060 26.402921 -3.340021 0.000000 0.000000 0.000000 
0.496814 0.941967 2.881162 175.818262 8.353016 173.761411 7.224529 -7.845693 -17.090428 -6.335689 -8.651405 10.766041 43.561252 -42.207095 44.864124 0.000000 0.000000 0.000000 3.442791 -8.276658 11.172008 -4.657803 -3.974512 -0.412108 90.941500 -9.591897 -26.644886 0.000000 0.000000 0.000000 2.044167 -2.809691 14.603080 -2.357834 -7.275063 -13.925215 1.728322 12.507522 27.085161 -3.480400 -28.690334 -18.457841 0.000000 0.000000 0.000000 26.018061 12.842358 -147.502225 95.406275 -1.792916 3.939722 12.742708 49.362527 -2.861362 0.000000 0.000000 0.000000 8.296177 -36.319654 60.613260 34.295298 44.019644 20.404387 -33.536751 21.212027 -2.753282 0.000000 0.000000 0.000000 
0.498279 0.941549 2.879617 175.830462 6.988922 174.183154 7.308831 -8.203902 -17.700589 -6.430605 -8.759890 10.056596 43.293198 -43.787607 45.901073 0.000000 0.000000 0.000000 3.672409 -8.036361 10.662963 -4.425996 -4.462013 0.053559 92.135450 -9.198618 -28.156610 0.000000 0.000000 0.000000 2.067307 -2.640490 14.186601 -2.836432 -8.034970 -13.385754 2.451214 12.431245 26.040873 -6.179922 -32.055548 -16.488630 0.000000 0.000000 0.000000 25.647478 15.255429 -157.239313 95.887932 -9.312129 -2.479658 17.022646 44.153271 -1.116595 0.000000 0.000000 0.000000 7.143535 -37.063905 66.641806 34.601002 50.101373 24.103389 -33.040408 14.835604 -1.735325 0.000000 0.000000 0.000000 
0.499277 0.941089 2.878303 175.496333 7.023209 174.674476 7.877093 -8.818525 -18.754151 -7.032487 -8.998006 9.643648 40.568843 -43.643359 49.528956 0.000000 0.000000 0.000000 3.137757 -7.946227 10.082603 -3.964090 -4.822211 0.308611 92.174640 -8.849301 -27.725457 0.000000 0.000000 0.000000 2.041948 -2.377560 13.647841 -3.941387 -8.751083 -12.810795 3.038967 13.241459 25.214926 -9.963796 -35.374677 -13.480419 0.000000 0.000000 0.000000 25.217399 15.388083 -160.568954 95.873468 -11.564236 -4.218880 15.440185 42.799122 -1.835270 0.000000 0.000000 0.000000 7.114177 -37.508874 69.071966 34.338924 53.552809 25.780213 -31.887957 12.397525 -1.515625 0.000000 0.000000 0.000000 
0.499800 0.941057 2.877022 175.387831 5.705562 175.368663 8.188558 -9.646572 -20.246611 -7.729730 -9.542701 9.757020 40.391727 -44.982130 50.559155 0.000000 0.000000 0.000000 3.398201 -7.557121 9.321661 -3.969828 -5.066027 0.564285 92.726114 -8.619340 -29.366208 0.000000 0.000000 0.000000 1.862970 -2.243454 13.409496 -3.906812 -8.773350 -13.171437 3.216004 13.222607 24.687733 -13.082729 -38.757182 -11.504292 0.000000 0.000000 0.000000 24.410970 18.502958 -172.282699 95.165169 -22.157630 -14.605494 22.297483 37.164095 0.335136 0.000000 0.000000 0.000000 5.124120 -38.700751 76.271239 32.157787 59.249628 28.453562 -32.727908 8.409834 -0.807468 0.000000 0.000000 0.000000 
0.499904 0.940950 2.875392 175.142964 5.182932 175.921404 8.301195 -10.108827 -21.122317 -7.902698 -9.689802 8.960012 38.885882 -44.742966 51.730526 0.000000 0.000000 0.000000 3.134707 -7.417867 8.655090 -3.760598 -5.427235 0.917328 93.016969 -8.336224 -29.688370 0.000000 0.000000 0.000000 1.635624 -2.145002 13.273167 -4.435159 -8.985954 -13.347192 3.617855 14.187109 24.254483 -17.275854 -42.369297 -8.530967 0.000000 0.000000 0.000000 22.826814 21.643520 176.611993 92.963287 -31.860181 -23.642694 27.881393 31.242152 1.238828 0.000000 0.000000 0.000000 4.165581 -40.172599 82.145106 26.116345 63.083827 26.280907 -32.703829 6.932499 -0.665807 0.000000 0.000000 0.000000 
0.499853 0.939717 2.873159 175.440388 4.414391 176.179982 8.598836 -10.449286 -21.407897 -7.712732 -9.591059 8.619078 39.110963 -45.848563 52.093479 0.000000 0.000000 0.000000 3.705489 -6.937620 8.122211 -3.917927 -5.920905 1.800660 94.485449 -7.525128 -30.963957 0.000000 0.000000 0.000000 2.217731 -2.323414 13.479116 -5.006415 -9.546570 -13.096901 3.919571 15.450249 23.469501 -17.969091 -43.800929 -7.617651 0.000000 0.000000 0.000000 21.477939 23.630584 168.157675 91.054897 -39.357957 -30.767841 31.076133 26.945891 1.165369 0.000000 0.000000 0.000000 2.262090 -40.745210 88.241124 19.851259 66.471376 24.276529 -32.853105 4.606788 -0.272026 0.000000 0.000000 0.000000 
0.499710 0.938532 2.870143 175.572799 3.616406 176.853488 8.958840 -10.990288 -22.068638 -8.018675 -9.821465 8.495890 41.271298 -48.995683 52.177671 0.000000 0.000000 0.000000 3.686061 -6.673371 7.336538 -3.421872 -6.822001 2.460326 95.763862 -6.771311 -31.425666 0.000000 0.000000 0.000000 2.261888 -2.417742 13.697713 -5.594489 -10.004054 -13.211506 4.546413 16.224561 23.014231 -18.602922 -45.112830 -7.490859 0.000000 0.000000 0.000000 18.882949 26.671804 156.730677 86.743537 -48.378288 -37.661713 33.501490 20.566050 0.267566 0.000000 0.000000 0.000000 0.654591 -41.447043 96.352921 4.801842 69.575542 14.138947 -33.223833 1.853614 0.332252 0.000000 0.000000 0.000000 
0.499244 0.937298 2.866261 175.853262 2.906852 177.272327 8.835798 -10.844810 -21.670641 -7.189416 -9.359944 7.416869 43.101956 -49.906712 49.894996 0.000000 0.000000 0.000000 4.188215 -6.173411 6.667648 -3.607724 -7.422046 3.439703 97.143609 -5.915038 -32.451843 0.000000 0.000000 0.000000 2.377397 -2.520968 13.823388 -6.094821 -10.801594 -12.674031 5.335603 17.079766 22.125026 -18.959805 -45.733445 -8.055928 0.000000 0.000000 0.000000 16.313983 28.536514 147.854228 82.196494 -55.273638 -41.500592 35.191907 16.098539 -0.630639 0.000000 0.000000 0.000000 -1.252400 -41.742832 101.312776 -3.941286 70.622118 9.235744 -33.316767 0.081041 0.794736 0.000000 0.000000 0.000000 
0.498288 0.936512 2.861780 176.236945 2.224548 177.580092 8.633677 -10.756555 -21.483337 -6.584118 -9.085600 7.071385 48.057172 -52.244818 45.584271 0.000000 0.000000 0.000000 4.631359 -5.916551 6.491350 -3.568544 -7.804866 3.785978 98.147940 -5.462940 -33.317324 0.000000 0.000000 0.000000 2.644176 -2.765051 14.164342 -6.091373 -10.699833 -13.045615 5.396806 16.801043 22.244495 -18.895256 -45.690945 -9.492208 0.000000 0.000000 0.000000 13.337341 31.160869 139.604897 75.475510 -60.991711 -42.283779 36.429678 11.694337 -1.619545 0.000000 0.000000 0.000000 -2.273571 -41.439846 105.735318 -14.486393 71.017050 1.513796 -33.931273 -2.321653 1.493530 0.000000 0.000000 0.000000 
0.496648 0.937060 2.856938 176.360211 1.858415 177.670300 8.043420 -10.315008 -20.947220 -6.398846 -9.102135 6.717918 51.525015 -54.881531 43.705326 0.000000 0.000000 0.000000 4.987510 -5.434771 5.756426 -4.327874 -8.572493 5.543464 98.634692 -5.288906 -33.581209 0.000000 0.000000 0.000000 2.377724 -3.070172 14.863877 -6.087549 -10.748303 -13.272208 5.613891 17.456717 22.213921 -19.184230 -46.401297 -9.203036 0.000000 0.000000 0.000000 11.340606 33.193815 132.990862 68.890948 -64.779342 -41.457134 37.197974 8.351696 -2.645480 0.000000 0.000000 0.000000 -3.275645 -42.069882 107.772257 -18.273089 71.300834 -0.158549 -35.543844 -3.765882 2.338763 0.000000 0.000000 0.000000 
0.493996 0.936778 2.851648 176.573007 1.596524 178.147097 7.684269 -10.233189 -21.055858 -6.628599 -9.335195 7.757844 61.291188 -61.172511 38.985599 0.000000 0.000000 0.000000 5.437896 -4.842928 4.805099 -5.093549 -9.230190 6.998902 98.913115 -5.006759 -33.854120 0.000000 0.000000 0.000000 2.475737 -3.364155 15.338537 -5.829719 -9.882128 -14.316461 5.042561 17.330063 22.900861 -16.658098 -45.310077 -10.781891 0.000000 0.000000 0.000000 9.004682 34.062212 127.339588 60.703018 -67.861338 -37.959330 38.785018 6.284538 -3.159278 0.000000 0.000000 0.000000 -2.909338 -42.287839 111.383635 -25.498550 70.511275 -7.089836 -37.166502 -5.235002 2.980764 0.000000 0.000000 0.000000 
0.490169 0.937109 2.845212 176.459735 1.418818 178.336534 6.687398 -10.062894 -21.591041 -7.652831 -10.251919 9.680685 67.688165 -67.627163 37.669448 0.000000 0.000000 0.000000 4.928837 -5.089175 4.723832 -5.165288 -9.660521 7.541316 99.119534 -5.067022 -33.395739 0.000000 0.000000 0.000000 2.721908 -3.549131 15.603668 -6.050160 -10.371117 -14.023870 4.413176 18.482255 22.964481 -14.658803 -44.546405 -11.413623 0.000000 0.000000 0.000000 10.602857 33.538695 130.230967 65.754053 -65.876983 -40.523151 41.059100 8.577422 -2.601408 0.000000 0.000000 0.000000 -1.236690 -43.114861 110.784549 -24.316722 69.274906 -8.195709 -41.266167 -4.097883 3.478184 0.000000 0.000000 0.000000 
0.485580 0.935373 2.837844 176.421395 0.946074 178.297061 7.432135 -11.338767 -23.483485 -10.898874 -12.416526 12.895465 71.343834 -73.646933 39.405301 0.000000 0.000000 0.000000 4.913452 -5.052532 4.491556 -6.237971 -10.680787 9.409895 103.028310 -3.136501 -33.529318 0.000000 0.000000 0.000000 2.382301 -3.763183 16.107226 -5.205585 -9.505483 -14.771685 3.564226 18.703120 24.345375 -11.232807 -42.777634 -12.684536 0.000000 0.000000 0.000000 10.794106 34.032264 129.032239 63.626509 -66.110249 -40.161513 44.279873 5.825615 -3.610516 0.000000 0.000000 0.000000 -1.562500 -42.906657 115.294997 -30.241194 68.127535 -13.050982 -46.731007 -6.729338 5.887505 0.000000 0.000000 0.000000 
0.480555 0.932683 2.829133 176.542400 1.006558 178.203119 10.349093 -14.011060 -26.361414 -18.873704 -17.027825 16.550766 29.835022 -79.176017 87.281990 0.000000 0.000000 0.000000 5.183149 -4.570992 3.509990 -8.864167 -13.321515 13.669270 111.153046 -0.555541 -31.476269 0.000000 0.000000 0.000000 2.369963 -3.836799 16.523942 -6.294450 -10.344018 -15.030308 6.101313 20.386716 25.507880 -9.055239 -40.292238 -15.004316 0.000000 0.000000 0.000000 2.779712 33.940572 111.798181 29.443233 -69.757480 -17.991552 47.538470 -3.899682 -7.018082 0.000000 0.000000 0.000000 -3.302052 -44.310985 119.985649 -37.043322 65.188250 -13.783117 -51.717196 -11.966248 10.901958 0.000000 0.000000 0.000000 
0.475181 0.927304 2.818107 176.767913 -0.189091 177.426377 -13.202695 26.350938 -38.184017 31.155258 20.957216 34.443437 -55.065773 4.001858 17.070940 0.000000 0.000000 0.000000 5.651272 4.499520 3.143141 4.851721 10.876984 17.309610 169.098622 52.577600 -41.236441 0.000000 0.000000 0.000000 4.173655 3.150920 17.824998 1.013904 8.545793 -15.422571 -6.879762 -2.546145 26.518721 38.366698 48.627785 2.589815 0.000000 0.000000 0.000000 -0.260303 34.266206 101.758062 10.244718 -67.368317 -6.331651 51.587642 -12.606712 -3.541347 0.000000 0.000000 0.000000 -7.618135 -42.261912 135.370885 -57.476159 58.002374 -25.644236 -57.864433 -28.026366 14.193942 0.000000 0.000000 0.000000 
0.469079 0.919707 2.804020 176.785100 -0.933945 176.293408 -17.252649 27.934862 -42.435227 32.988019 19.891194 34.301531 -55.995352 1.305222 17.423726 0.000000 0.000000 0.000000 4.817329 5.206007 3.996023 8.647344 13.186450 20.899639 176.657068 56.921674 -33.580142 0.000000 0.000000 0.000000 3.876553 4.031462 19.350357 1.600476 10.169126 -13.959172 -6.610161 -5.137499 24.652259 37.895745 47.272373 3.015361 0.000000 0.000000 0.000000 -5.847260 34.820868 88.055654 -7.859094 -59.638997 2.151492 58.039266 -23.874442 -7.075184 0.000000 0.000000 0.000000 -14.067779 -36.474553 155.537151 -71.857615 44.416292 -23.419726 -62.679759 -54.981929 32.956908 0.000000 0.000000 0.000000 
0.462426 0.909586 2.787002 177.510186 -1.854226 175.933089 -21.622230 30.224146 -47.796408 27.759327 15.195203 27.847636 -46.542722 0.602999 20.389170 0.000000 0.000000 0.000000 5.086922 4.785433 3.463085 11.493368 15.711540 25.418079 -166.562174 59.806030 -19.341178 0.000000 0.000000 0.000000 4.108402 4.279383 19.566041 2.894740 10.669526 -13.163390 -6.945064 -4.463206 24.635378 40.348781 46.729419 3.584688 0.000000 0.000000 0.000000 -6.118443 32.100003 84.006639 -8.933390 -57.698258 2.571681 65.973414 -25.360905 -6.947189 0.000000 0.000000 0.000000 -16.766389 -32.038429 169.338300 -76.810381 30.090209 -13.257820 -55.036268 -81.075749 45.557273 0.000000 0.000000 0.000000 
0.454850 0.898462 2.767054 177.509335 -0.321072 175.984784 -25.214923 32.549612 -52.296898 22.600455 11.074469 21.593845 -44.639313 2.583140 22.436978 0.000000 0.000000 0.000000 4.472476 4.716727 2.439149 14.921071 18.279022 29.152336 160.776603 62.824866 -44.092130 0.000000 0.000000 0.000000 3.567627 5.127468 20.484849 3.896281 12.319718 -12.058073 -8.242547 -4.566736 22.868933 43.917884 49.228746 6.764005 0.000000 0.000000 0.000000 -3.034808 30.823507 89.936411 3.986017 -60.722146 -3.573797 74.990965 -17.091949 -1.406675 0.000000 0.000000 0.000000 -17.499837 -28.369503 171.056399 -77.969867 24.644985 -7.424712 164.191169 -84.321429 -162.997755 0.000000 0.000000 0.000000 
0.446198 0.885368 2.743874 177.890091 -0.828000 175.145584 -24.747263 33.310494 -52.669003 16.713684 7.484639 15.898384 -46.102817 4.206080 20.993225 0.000000 0.000000 0.000000 4.115299 4.512315 1.685696 22.236640 22.040750 35.871351 163.037703 72.206893 -43.780492 0.000000 0.000000 0.000000 3.409200 6.977451 22.897100 5.968830 13.386785 -12.254320 -9.597705 -7.337039 22.813853 40.837781 48.270686 5.074729 0.000000 0.000000 0.000000 -3.581857 28.449144 92.731467 17.250773 -59.958206 -12.254095 79.653431 -10.721007 2.299785 0.000000 0.000000 0.000000 -20.331979 -17.822838 -174.753520 -81.549526 8.955712 6.035184 118.972442 -60.089956 -91.830246 0.000000 0.000000 0.000000 
0.435963 0.870519 2.716469 178.133633 -0.722451 175.404119 -26.150501 34.984852 -55.305008 11.617850 4.613932 10.684318 -44.296014 4.843046 23.627701 0.000000 0.000000 0.000000 2.383296 5.471482 1.649730 29.385343 23.839422 39.244078 174.875090 77.374802 -29.810495 0.000000 0.000000 0.000000 4.074011 8.103058 24.327444 5.574999 14.202267 -11.134890 -10.459470 -8.286154 21.420305 38.286554 47.045353 2.518209 0.000000 0.000000 0.000000 -0.151227 21.659277 99.584971 34.943453 -60.182713 -21.884589 83.490834 0.506972 8.841288 0.000000 0.000000 0.000000 -20.022494 -10.059776 -162.955761 -81.824368 -4.735608 19.186725 122.213538 -43.239545 -70.764418 0.000000 0.000000 0.000000 
0.423642 0.850636 2.685220 178.648695 1.352775 176.121447 39.465327 -29.693207 -43.771185 -6.274437 -7.048023 -2.968720 34.149464 -46.316952 65.717055 0.000000 0.000000 0.000000 0.475009 -7.528912 -1.732038 -68.976120 -34.400900 68.764482 -173.248665 -45.222321 -24.762513 0.000000 0.000000 0.000000 -7.152978 -10.616788 26.461607 -8.663669 -16.147424 -10.766041 17.779166 39.202353 23.332297 29.680279 41.706613 -1.887675 0.000000 0.000000 0.000000 -1.237921 17.811961 99.183052 40.663610 -58.620231 -22.402849 85.176800 2.855279 12.665889 0.000000 0.000000 0.000000 -20.519478 4.335602 -142.837546 -80.430729 -27.779453 32.361564 117.817631 -27.297135 -56.833836 0.000000 0.000000 0.000000 
0.409139 0.824634 2.651087 179.880654 1.633043 177.715904 51.515236 -33.443133 -50.419472 -9.787036 -8.874869 -4.465767 24.876924 -35.274243 74.581169 0.000000 0.000000 0.000000 0.446978 -8.090135 -5.049923 -93.420912 -28.853016 82.412876 -124.275886 -54.623654 -68.473936 0.000000 0.000000 0.000000 -9.566193 -13.814447 30.216989 -9.799214 -15.899227 -12.656545 20.553084 42.904597 25.301846 30.895276 42.998606 -3.477151 0.000000 0.000000 0.000000 1.134004 12.802391 105.693028 50.706521 -53.218098 -25.218664 87.898756 8.884076 15.595998 0.000000 0.000000 0.000000 -17.957340 7.337962 -141.056911 -78.432429 -33.951075 38.745785 115.448312 -26.363702 -48.991303 0.000000 0.000000 0.000000 
0.392188 0.794816 2.615855 -179.970902 2.320786 179.106120 63.206587 -35.803977 -57.286411 -15.017170 -12.968947 -6.913555 14.917074 -29.595302 88.114996 0.000000 0.000000 0.000000 -0.029073 -9.707280 -8.576312 -119.937117 -19.946165 88.009251 -83.628234 -32.207795 -119.223804 0.000000 0.000000 0.000000 -17.219808 -18.820941 36.499296 -13.943403 -19.281406 -13.198900 32.082548 51.077411 30.041144 28.363116 42.907598 -3.574776 0.000000 0.000000 0.000000 1.461400 8.509607 107.373581 51.433225 -49.051821 -23.809463 86.653320 8.810112 10.785919 0.000000 0.000000 0.000000 -16.524791 12.843405 -134.474773 -75.019193 -44.592013 45.303935 110.384652 -21.290003 -39.444505 0.000000 0.000000 0.000000 
0.373396 0.763427 2.580989 179.792866 1.666152 -178.784494 81.559693 -36.976128 -69.131066 -19.082299 -18.941800 -12.867146 2.909251 -25.205257 103.465944 0.000000 0.000000 0.000000 -0.694187 -12.609289 -12.356269 -143.712822 -15.753617 86.680266 -70.610895 -31.592369 -140.526666 0.000000 0.000000 0.000000 -29.369765 -25.143944 44.879254 -12.056252 -14.297186 -18.644504 40.169640 53.663852 38.565073 26.138072 44.332743 -6.977078 0.000000 0.000000 0.000000 0.030568 6.190701 102.995699 50.583033 -46.680752 -23.164208 85.549173 5.980792 4.498053 0.000000 0.000000 0.000000 -14.941983 18.256126 -124.254199 -66.700389 -57.037930 48.184197 105.067930 -9.035611 -20.978699 0.000000 0.000000 0.000000 
0.351463 0.741305 2.545933 179.636163 -0.478943 -175.810169 -85.094208 22.482110 -102.738866 42.890485 7.069848 4.050628 -52.715806 3.469681 56.798071 0.000000 0.000000 0.000000 -5.979635 8.309941 -11.989300 104.993989 15.718460 81.112534 -73.025441 16.693992 114.223198 0.000000 0.000000 0.000000 38.827795 31.976655 62.927169 8.935895 9.495846 -15.347873 -30.261630 -43.996583 26.587341 25.540263 50.093380 -11.014428 0.000000 0.000000 0.000000 9.492301 1.950911 120.648236 64.699596 -32.842215 -20.975915 88.231708 30.208370 17.445402 0.000000 0.000000 0.000000 -21.481598 17.265757 -134.868510 -76.231940 -54.784813 58.071825 101.758113 -7.754289 -13.341302 0.000000 0.000000 0.000000 
0.326490 0.731805 2.508811 179.219857 1.550703 -172.350030 122.501651 -30.521986 -89.192742 -9.494353 -30.119363 -39.079201 -25.417234 -7.030592 123.405974 0.000000 0.000000 0.000000 -1.877692 -17.716661 -16.897104 -148.159656 -22.719070 80.839346 -79.363088 -10.657403 -147.356111 0.000000 0.000000 0.000000 -60.623288 -32.822618 64.316863 -14.213791 -10.453142 -20.651360 73.458443 66.836176 65.068330 20.932422 45.231335 -19.642697 0.000000 0.000000 0.000000 22.541630 -3.891220 144.113562 73.111312 -10.466405 0.828410 92.968077 78.249150 76.453886 0.000000 0.000000 0.000000 -23.405408 14.991179 -142.132350 -79.831017 -52.369049 50.770855 100.807048 -17.839405 -37.279208 0.000000 0.000000 0.000000 
0.298660 0.733819 2.465672 -179.578391 2.884567 -167.564961 139.777165 -26.373927 -92.724182 1.841402 -27.286600 -52.154208 -35.684740 3.070707 123.251126 0.000000 0.000000 0.000000 -2.377414 -18.157330 -17.057451 -126.367480 -27.075750 73.740199 -79.569900 -44.909212 -124.542535 0.000000 0.000000 0.000000 -72.197946 -33.286345 70.748305 -13.329120 -6.484165 -22.709939 87.067898 68.759992 78.214462 12.586514 25.326217 -28.977365 0.000000 0.000000 0.000000 31.010429 -6.100583 153.053036 75.759389 0.255327 16.761754 -108.697305 74.736958 -89.746813 0.000000 0.000000 0.000000 -29.972958 13.832235 -135.812808 -86.855503 -60.883693 45.410075 102.782369 -24.620800 -58.280200 0.000000 0.000000 0.000000 
0.268303 0.743505 2.411604 -177.723568 4.678555 -163.386297 149.331186 -24.505175 -93.272295 8.500859 -23.999199 -59.925323 -42.986499 10.566558 122.848239 0.000000 0.000000 0.000000 -3.620624 -19.241824 -16.887838 -102.578217 -28.549332 64.306136 -120.542162 -70.762470 -80.737156 0.000000 0.000000 0.000000 -75.895086 -33.366376 70.672365 -13.237898 -4.669291 -22.374796 91.607710 69.536046 84.300326 7.370024 -15.581066 -36.742842 0.000000 0.000000 0.000000 43.642475 -24.699165 -142.028993 52.240912 57.636255 18.586886 -92.774947 14.960636 -61.448673 0.000000 0.000000 0.000000 -32.326167 -9.075771 161.106194 -100.760669 5.062575 26.486691 118.392875 -63.181787 -81.239375 0.000000 0.000000 0.000000 
0.236913 0.759901 2.343034 -175.347787 6.249233 -160.153475 151.016126 -25.031946 -92.679138 11.090814 -23.750787 -65.518400 -47.317779 16.323751 125.149018 0.000000 0.000000 0.000000 -4.487212 -18.065443 -15.141269 -83.980412 -28.144417 55.942134 141.241659 -65.297191 6.461004 0.000000 0.000000 0.000000 -82.035873 -33.478331 71.281696 -12.082095 -3.090722 -23.737128 100.175984 68.304237 91.852307 7.879885 -13.720283 -37.812427 0.000000 0.000000 0.000000 44.764395 -22.698352 -136.104530 55.038935 63.277003 17.333089 -94.772054 14.540686 -63.616116 0.000000 0.000000 0.000000 -31.374722 -13.390970 152.140014 -104.765045 17.559578 16.133450 134.847947 -73.284132 -109.523876 0.000000 0.000000 0.000000 
0.205071 0.774780 2.263071 -173.992217 5.489911 -156.407691 150.331334 -24.036734 -92.985277 13.467692 -24.754296 -70.357255 -54.361401 20.570137 126.845095 0.000000 0.000000 0.000000 -4.617607 -18.719216 -15.923509 -73.922518 -27.213517 50.252074 100.405434 -52.389138 31.438287 0.000000 0.000000 0.000000 -79.435852 -34.553503 66.648388 -12.937234 -3.404493 -21.441071 91.914547 67.424106 82.907036 7.695083 -14.303005 -37.401509 0.000000 0.000000 0.000000 45.774531 -19.308329 -141.429130 75.652185 60.216926 25.869440 -93.020054 25.909066 -71.649593 0.000000 0.000000 0.000000 -31.303886 -15.785235 151.341270 -108.056634 23.513828 13.168792 134.988300 -78.507516 -114.025027 0.000000 0.000000 0.000000 
0.174639 0.786434 2.180864 -172.180644 5.820383 -155.366052 138.287328 -25.911183 -91.594893 8.670231 -34.548014 -72.787821 -55.331379 23.595736 133.729070 0.000000 0.000000 0.000000 -3.281836 -17.255732 -16.886612 -81.466384 -28.197557 52.497405 79.761829 -48.314278 46.970366 0.000000 0.000000 0.000000 -78.094328 -34.867278 64.306158 -11.775399 -2.601868 -21.707585 86.331968 67.253567 78.965677 10.242082 -11.021469 -38.516900 0.000000 0.000000 0.000000 46.311151 -16.289651 -141.557626 82.183572 61.145393 27.979634 -91.241417 32.767438 -75.138821 0.000000 0.000000 0.000000 -28.048357 -18.610080 150.251243 -111.395108 27.941082 3.400272 -143.874419 -83.772793 150.792769 0.000000 0.000000 0.000000 
0.145395 0.797481 2.101959 -172.393613 4.002204 -155.481916 121.198250 -27.597158 -90.548109 1.776782 -48.808491 -70.611964 -59.226248 22.943904 138.422596 0.000000 0.000000 0.000000 -0.120469 -17.538210 -20.963618 -105.059635 -29.824786 62.552992 63.091767 -54.791465 67.740019 0.000000 0.000000 0.000000 -81.483494 -35.049091 67.309911 -9.893108 -1.622411 -22.834539 87.242098 67.038226 80.838100 11.357926 -9.685222 -38.816509 0.000000 0.000000 0.000000 46.771023 -18.703279 -140.702051 75.614421 64.169106 24.362096 -90.331745 27.111555 -69.440149 0.000000 0.000000 0.000000 -28.026492 -18.559011 154.386438 -113.565002 25.788561 6.641896 -160.203197 -86.403181 167.653321 0.000000 0.000000 0.000000 
0.115838 0.808306 2.024966 -172.174393 2.607408 -155.950284 104.273156 -30.154114 -88.025919 -12.027571 -62.418602 -59.975777 -56.810833 21.034539 141.242688 0.000000 0.000000 0.000000 5.231697 -19.459339 -27.677197 -129.469102 -30.768417 69.438748 34.641987 -61.461346 100.314592 0.000000 0.000000 0.000000 -80.511785 -34.971710 67.721318 -8.270271 -0.894589 -22.787986 80.006756 66.750017 76.275994 11.263574 -9.192550 -38.919048 0.000000 0.000000 0.000000 47.712680 -19.630547 -136.017004 62.893855 71.173787 15.971173 -91.452965 20.095188 -64.288574 0.000000 0.000000 0.000000 -28.808316 -17.006914 156.539362 -116.051749 23.289412 10.325483 130.947844 -82.056854 -118.187048 0.000000 0.000000 0.000000 
0.085763 0.819717 1.944906 -172.274930 0.877522 -157.353989 80.493127 -34.031553 -80.034686 -56.015216 -70.763069 -14.241232 -55.242202 13.340946 144.261434 0.000000 0.000000 0.000000 14.423062 -23.696749 -37.821849 -158.042693 -35.353112 75.102722 -13.680660 -52.419399 144.105060 0.000000 0.000000 0.000000 -76.722655 -34.485281 68.287062 -7.007552 -0.701507 -22.791857 71.290162 66.410279 68.070160 10.797928 -8.514917 -38.530048 0.000000 0.000000 0.000000 46.408077 -20.752221 -138.984612 55.236083 69.226788 11.197440 -95.371477 17.474288 -64.619918 0.000000 0.000000 0.000000 -27.285861 -15.521315 160.746388 -113.390820 19.493131 13.768260 125.236999 -75.973401 -105.074482 0.000000 0.000000 0.000000 
0.053760 0.827190 1.857001 -172.379821 -1.978542 -158.930145 -56.989040 29.436675 -72.897819 99.035546 35.262545 37.643310 -90.588054 13.209343 63.454410 0.000000 0.000000 0.000000 -17.983882 24.740708 -40.591682 144.680718 23.414056 71.926313 -36.308799 -18.422796 140.919616 0.000000 0.000000 0.000000 54.543154 34.798016 77.946576 4.663260 3.657827 -24.156410 -45.910163 -51.852625 44.472617 9.694313 29.289719 -37.148459 0.000000 0.000000 0.000000 41.054430 1.643135 153.612848 90.194609 7.234710 26.163699 -109.785750 56.837438 -70.310480 0.000000 0.000000 0.000000 -32.839391 -5.927904 -173.567296 -113.428966 -5.459411 20.724040 124.870526 -66.610786 -107.982637 0.000000 0.000000 0.000000 
0.020273 0.835296 1.758034 -172.348531 -3.386555 -161.836586 -28.602529 24.786750 -47.825483 94.552803 27.709709 58.222821 -87.507628 10.432355 48.292748 0.000000 0.000000 0.000000 -26.664222 30.814528 -51.266747 160.846407 36.688342 70.794168 -53.738394 -26.930572 163.378977 0.000000 0.000000 0.000000 48.958297 33.465125 71.282493 4.836031 4.585278 -24.194225 -42.823415 -49.844313 40.209596 11.027012 33.541850 -33.655561 0.000000 0.000000 0.000000 38.112628 0.462743 156.961904 88.337338 9.594295 28.306398 -117.888019 55.470807 -75.565951 0.000000 0.000000 0.000000 -29.945464 -10.057868 178.938862 -106.841197 5.009536 1.327087 169.884456 -74.894099 -171.900960 0.000000 0.000000 0.000000 
-0.014679 0.842498 1.645971 -173.079997 -7.067553 -165.981731 -10.987761 10.642445 -24.987793 79.092566 29.404519 69.622824 -81.117651 12.147836 32.753841 0.000000 0.000000 0.000000 -40.912341 35.209250 -64.981566 167.977524 54.071266 71.883199 -86.041929 -10.594760 -174.343756 0.000000 0.000000 0.000000 40.762923 30.066374 61.743821 3.939706 4.677951 -24.901956 -38.435096 -46.981422 38.577192 10.765334 34.983444 -30.636168 0.000000 0.000000 0.000000 36.742631 -0.051964 160.488809 82.619715 12.330158 28.450499 -123.854005 51.863982 -72.782364 0.000000 0.000000 0.000000 -28.182929 -8.911646 175.741046 -97.078312 8.971528 -1.555469 164.742063 -68.899793 -166.909316 0.000000 0.000000 0.000000 
-0.050723 0.850923 1.521292 -173.085798 -9.410114 -169.761831 -5.620238 2.343310 -7.471417 53.076011 34.716891 59.245201 -66.976054 13.435674 19.584765 0.000000 0.000000 0.000000 -54.091861 35.883276 -75.583545 152.039853 67.512714 63.240079 -132.742213 14.438844 163.785927 0.000000 0.000000 0.000000 29.147068 25.070468 50.184463 3.371413 4.307501 -23.432289 -27.303382 -40.478873 30.961346 11.399254 35.734168 -26.659266 0.000000 0.000000 0.000000 30.903231 6.373751 144.510909 81.417152 -1.089448 16.497288 -153.856348 60.475312 -119.471389 0.000000 0.000000 0.000000 -28.495833 -8.396566 -173.574054 -86.155428 0.791230 6.797233 141.026503 -58.150658 -128.869814 0.000000 0.000000 0.000000 
-0.089319 0.868294 1.383795 -171.342202 -12.224177 -172.141318 -3.673335 4.378561 6.335430 27.723887 26.506171 35.342205 -43.417217 15.217318 17.059588 0.000000 0.000000 0.000000 -62.328349 35.213573 -82.641905 89.872484 65.377399 17.989945 -134.289272 -4.691960 147.065194 0.000000 0.000000 0.000000 18.446306 16.960706 37.875066 4.913181 5.762921 -21.939624 -18.468946 -32.946489 26.797351 8.857995 29.842344 -26.741355 0.000000 0.000000 0.000000 28.414303 11.334767 130.793251 81.019545 -11.622966 10.575179 -171.839544 57.810206 -136.431091 0.000000 0.000000 0.000000 -32.512878 -6.257518 -158.305425 -79.445501 -9.274198 10.624440 129.709318 -47.709107 -111.480035 0.000000 0.000000 0.000000 
-0.129840 0.889263 1.233998 -170.644217 -16.118242 -173.777947 1.774536 12.810842 18.039901 21.148923 14.072967 21.187651 -36.069157 15.741859 26.873183 0.000000 0.000000 0.000000 -54.283051 34.843642 -75.677644 63.363487 50.224019 7.866361 -98.252244 -10.888355 126.185968 0.000000 0.000000 0.000000 13.932806 9.277851 28.432528 6.573196 6.834225 -21.751511 -16.976561 -26.586461 25.898014 13.177231 32.332263 -23.871503 0.000000 0.000000 0.000000 26.865133 14.448923 120.836149 82.363180 -16.970602 9.869150 178.996944 58.141912 -145.240042 0.000000 0.000000 0.000000 -34.591583 -14.010345 -158.050869 -73.298698 -5.575870 5.121928 140.186764 -54.879462 -139.951566 0.000000 0.000000 0.000000 
-0.170524 0.900056 1.080591 -170.840860 -18.063150 -174.596934 8.741444 19.813779 25.436158 21.214219 9.011481 15.245427 -35.322562 15.146607 37.503695 0.000000 0.000000 0.000000 -44.325553 33.920068 -68.090470 45.246297 35.467646 5.299760 -67.084897 10.187600 105.377459 0.000000 0.000000 0.000000 12.031708 4.455260 20.468665 5.674002 6.867597 -16.698713 -11.438379 -26.286945 19.523891 13.655893 32.946084 -16.703188 0.000000 0.000000 0.000000 24.000696 16.636859 108.642038 82.556453 -27.937684 3.227519 160.560494 58.709791 -174.376826 0.000000 0.000000 0.000000 -40.308284 -8.015594 -130.198589 -69.848192 -21.580641 9.400528 132.765277 -38.798999 -130.884961 0.000000 0.000000 0.000000 
-0.209643 0.899695 0.929955 -171.882995 -20.743049 -176.374769 14.990310 22.897592 28.564078 26.754507 11.406676 18.890144 -38.043063 13.064974 39.768553 0.000000 0.000000 0.000000 -34.762749 31.199554 -59.352918 33.910152 24.655517 6.084429 -55.714211 30.960365 91.979087 0.000000 0.000000 0.000000 10.298865 2.382957 16.689996 6.062276 6.079130 -18.014378 -11.261912 -25.371702 21.214497 15.931764 32.593571 -15.000825 0.000000 0.000000 0.000000 22.710412 16.821839 105.796938 84.578542 -25.813044 6.169829 154.838946 63.600829 174.775818 0.000000 0.000000 0.000000 -41.260622 -8.196235 -124.203362 -67.966925 -20.926746 8.082635 135.932558 -32.214115 -132.280823 0.000000 0.000000 0.000000 
-0.246585 0.885405 0.782471 -172.793988 -22.466583 -178.467130 17.552718 22.527449 26.710989 40.705295 19.306399 31.323687 -45.902894 11.452929 39.970253 0.000000 0.000000 0.000000 -27.386309 28.392742 -52.881450 23.953245 16.231122 7.060820 -53.924626 41.106554 78.093553 0.000000 0.000000 0.000000 8.804124 1.444109 14.888871 7.675526 6.958477 -17.423617 -12.462390 -26.965190 20.564202 17.841926 33.442552 -12.627211 0.000000 0.000000 0.000000 21.575554 16.353760 107.506857 85.923382 -24.505792 6.361940 145.778157 65.229774 158.638184 0.000000 0.000000 0.000000 -41.147214 -7.390619 -122.064768 -67.821955 -24.305447 9.528115 136.371974 -27.975063 -128.667181 0.000000 0.000000 0.000000 
-0.281441 0.869358 0.637619 -174.252187 -21.255200 -178.248982 16.146181 20.510989 22.521045 64.146409 26.690469 50.072395 -59.387482 13.297769 43.106767 0.000000 0.000000 0.000000 -33.080459 29.902411 -56.304746 24.456522 15.763878 6.887172 -48.658509 37.186768 80.338121 0.000000 0.000000 0.000000 8.063034 0.814606 13.082343 6.310526 6.479969 -17.111198 -10.418474 -26.996630 18.323713 15.092358 32.277282 -14.422223 0.000000 0.000000 0.000000 20.899618 16.785267 115.314888 89.271788 -22.681800 6.506844 145.223386 63.919686 154.590322 0.000000 0.000000 0.000000 -39.711699 -3.830703 -127.571582 -74.641347 -24.993531 11.811865 145.246339 -27.926075 -135.221184 0.000000 0.000000 0.000000 
-0.315388 0.861703 0.497286 -175.238413 -17.719837 -179.700878 11.324166 15.506619 13.642045 111.223543 22.676878 78.861127 -67.524754 40.853798 70.309061 0.000000 0.000000 0.000000 -26.633518 29.425305 -53.193132 29.400426 18.343433 15.038106 -46.821028 43.198295 83.831794 0.000000 0.000000 0.000000 8.575737 1.038768 13.763945 4.531157 7.089232 -15.798833 -9.052178 -22.235242 15.092607 19.440726 34.902251 -10.095638 0.000000 0.000000 0.000000 18.002246 15.544357 111.904127 91.081172 -30.893833 -3.492224 124.466173 54.364421 113.205067 0.000000 0.000000 0.000000 -35.624601 -7.037274 -136.117331 -79.426572 -24.840838 15.484610 152.011537 -33.422249 -137.181046 0.000000 0.000000 0.000000 
-0.348020 0.862531 0.364252 -175.285335 -14.585461 177.336435 6.420739 10.612893 2.150159 158.598022 7.566154 85.468890 -18.467675 40.940133 123.397392 0.000000 0.000000 0.000000 -11.644773 25.373928 -44.318662 39.384878 23.926234 30.206424 -45.772852 54.121629 95.315031 0.000000 0.000000 0.000000 10.354976 2.134330 16.335231 4.658663 8.779704 -14.610121 -10.293241 -19.351960 13.678913 23.219287 37.521542 -8.015594 0.000000 0.000000 0.000000 15.153176 13.812980 112.192505 92.075811 -36.557193 -14.351228 116.629392 40.927240 84.267431 0.000000 0.000000 0.000000 -31.873916 -0.819563 -134.666378 -79.991717 -37.664375 27.208132 141.862964 -27.088208 -98.011110 0.000000 0.000000 0.000000 
-0.379306 0.867149 0.237316 -176.483400 -11.204566 174.378164 1.824767 10.771121 -11.427623 179.631392 6.083741 81.531251 1.566475 30.734996 141.970948 0.000000 0.000000 0.000000 0.690287 16.851974 -33.425360 46.803122 27.472818 45.987488 -66.327573 47.432238 82.043990 0.000000 0.000000 0.000000 9.497000 3.595445 19.898562 4.137241 8.798548 -16.130324 -8.460334 -14.627248 12.796967 30.173287 41.299086 -1.609160 0.000000 0.000000 0.000000 9.258988 12.452905 106.225529 88.548778 -46.478210 -30.327007 106.456715 21.304278 45.268842 0.000000 0.000000 0.000000 -27.868068 7.157712 -124.903509 -68.291202 -55.670535 35.049284 131.036364 -13.219728 -53.844701 0.000000 0.000000 0.000000 
-0.409138 0.871805 0.114278 -177.871724 -9.423616 170.501109 -5.005830 14.064994 -22.905665 163.405567 12.339226 81.706331 -9.092296 48.438853 145.063446 0.000000 0.000000 0.000000 6.557344 7.230176 -23.024661 47.662538 28.864996 54.765764 -80.827422 18.388251 60.555312 0.000000 0.000000 0.000000 8.594763 4.093572 20.921319 2.801193 9.435644 -15.187312 -7.369731 -11.197403 12.886319 40.547852 43.430969 6.256287 0.000000 0.000000 0.000000 5.184134 9.676353 97.010773 81.820507 -56.964840 -39.856876 96.546313 7.742098 20.399552 0.000000 0.000000 0.000000 -23.428493 13.926451 -109.934515 -21.418794 -67.585090 9.607372 119.438730 8.927253 -11.312968 0.000000 0.000000 0.000000 
-0.437441 0.870638 -0.004786 -179.547722 -7.721590 167.389775 -11.598534 19.088799 -32.196818 118.140942 22.723259 73.525901 -85.640117 56.987204 69.161886 0.000000 0.000000 0.000000 5.273121 2.617888 -14.603161 51.913281 29.007114 59.786573 -80.202346 -5.083635 49.660145 0.000000 0.000000 0.000000 8.536313 6.115373 24.011146 2.270523 8.405496 -17.170052 -8.154630 -8.327202 14.793212 55.278382 48.304934 15.191223 0.000000 0.000000 0.000000 2.591191 9.871340 94.641132 74.353296 -58.927227 -39.903491 89.289455 3.766071 11.301748 0.000000 0.000000 0.000000 -22.080015 16.907752 -109.186735 0.288890 -66.343496 -3.214840 113.811271 17.944905 3.599915 0.000000 0.000000 0.000000 
-0.463149 0.859219 -0.118163 179.588640 -5.939204 164.951273 -13.550890 21.608879 -35.479472 66.934005 25.569007 51.729664 -101.806108 29.389165 28.437275 0.000000 0.000000 0.000000 4.029574 1.772699 -7.255141 58.537219 28.322929 63.480128 -80.500912 -15.029140 48.556573 0.000000 0.000000 0.000000 9.180299 7.355557 25.706499 -0.239415 8.728066 -16.233226 -6.919599 -7.388700 14.058548 64.024924 49.247001 20.691270 0.000000 0.000000 0.000000 -0.025583 7.309847 89.415692 63.709115 -60.431024 -36.733587 83.500745 -1.257004 2.872289 0.000000 0.000000 0.000000 -19.592305 21.171576 -96.922774 23.843818 -53.456894 -15.187891 110.514102 34.280499 23.511982 0.000000 0.000000 0.000000 
-0.485484 0.842907 -0.223044 178.928059 -3.424012 164.171249 -14.788468 23.915749 -37.976194 37.844545 20.029875 34.942808 -84.420423 15.232522 16.288847 0.000000 0.000000 0.000000 3.254213 3.002439 -1.899643 69.659481 26.674120 69.327347 -84.302907 -22.526491 55.296348 0.000000 0.000000 0.000000 8.770755 7.583926 25.979177 -0.826784 9.730745 -16.324321 -6.936936 -6.239329 15.379205 90.735999 51.840876 39.934992 0.000000 0.000000 0.000000 0.423680 7.379486 96.546794 67.288749 -53.855644 -35.383834 78.995153 7.201288 6.257627 0.000000 0.000000 0.000000 -19.804884 22.290312 -104.735414 18.173902 -50.619214 -8.506628 105.903826 34.769207 26.552036 0.000000 0.000000 0.000000 
-0.504343 0.830044 -0.317073 178.669545 -1.962525 164.956528 -16.374127 26.011924 -40.541791 28.463866 16.342721 28.291004 -77.944018 13.739190 13.999163 0.000000 0.000000 0.000000 2.843937 4.298399 0.602843 75.469792 25.586281 71.114647 -83.207296 8.406596 73.885190 0.000000 0.000000 0.000000 8.305959 6.900494 25.195865 -2.141094 11.094860 -15.811464 -5.527093 -5.839593 15.907856 94.378640 51.539037 42.387928 0.000000 0.000000 0.000000 -0.841402 6.066742 99.216656 63.352219 -51.016187 -32.686297 76.910143 8.916401 4.875775 0.000000 0.000000 0.000000 -19.488157 22.058280 -105.594947 16.129259 -47.391872 -6.183298 111.545944 35.254726 34.519082 0.000000 0.000000 0.000000 
-0.520855 0.824955 -0.400224 178.585368 -0.082339 167.678913 18.842071 -21.633078 -35.708619 -20.460924 -16.610866 13.474340 44.876271 -79.504515 74.253556 0.000000 0.000000 0.000000 1.797226 -6.949587 1.250728 -114.128328 -23.139908 89.788254 -96.499389 -42.745315 -110.564960 0.000000 0.000000 0.000000 0.483645 -7.213582 22.449853 -7.339443 -14.739164 -16.127845 12.733987 33.144262 19.772605 96.634493 51.437927 42.695663 0.000000 0.000000 0.000000 3.121509 6.665202 111.712404 70.717451 -44.454872 -28.420302 72.852701 23.723583 16.462117 0.000000 0.000000 0.000000 -19.940652 23.057932 -114.297443 2.668036 -49.709556 0.447469 112.532129 27.478837 23.398421 0.000000 0.000000 0.000000 
-0.537135 0.827850 -0.477371 178.700329 3.456896 170.905294 21.838636 -22.353584 -36.671502 -12.828642 -11.446667 5.503951 43.471150 -67.980857 67.122764 0.000000 0.000000 0.000000 1.001352 -7.264318 2.364654 -103.846343 -26.718325 83.382660 165.799830 -74.920105 -16.090522 0.000000 0.000000 0.000000 -0.065524 -6.863333 22.122091 -7.702522 -11.816059 -17.967134 12.699019 31.183041 21.632184 -45.289879 -58.035790 26.282157 0.000000 0.000000 0.000000 -0.301540 8.816420 105.215431 59.865152 -54.680747 -17.319843 72.153746 22.753808 11.940720 0.000000 0.000000 0.000000 -25.768810 12.360181 -148.097088 -51.842582 -49.115876 30.782488 116.390591 -10.673062 -1.720001 0.000000 0.000000 0.000000 
-0.554346 0.835480 -0.554924 179.043456 3.786395 175.554396 28.070854 -25.820337 -41.164376 -11.749300 -11.080335 1.345970 33.425328 -53.956640 70.671872 0.000000 0.000000 0.000000 -1.590447 -9.369606 3.358370 -92.847081 -29.525310 76.885810 169.954663 -72.553993 -23.870617 0.000000 0.000000 0.000000 -0.184752 -4.045266 18.490462 -8.507250 -13.238892 -16.366173 11.886352 31.395692 21.438554 -33.267522 -57.156204 15.964820 0.000000 0.000000 0.000000 0.994990 9.231865 105.734230 56.205422 -58.453375 -19.378307 69.964694 16.744979 6.226535 0.000000 0.000000 0.000000 -22.431856 8.326481 -146.144213 -63.360022 -43.153740 33.689979 118.071839 -19.953432 -17.429005 0.000000 0.000000 0.000000 
-0.573688 0.844112 -0.637172 179.634807 5.699978 177.016711 28.293106 -25.546084 -40.936927 -15.128258 -12.569779 4.012022 32.487348 -46.588902 69.942694 0.000000 0.000000 0.000000 -4.159059 -11.723085 7.271634 -80.176596 -31.045359 66.647409 139.164613 -65.441875 0.765372 0.000000 0.000000 0.000000 -1.283096 -3.656162 17.829119 -7.843153 -11.306048 -16.380112 10.064747 31.160532 23.430801 -24.340105 -56.041303 8.701493 0.000000 0.000000 0.000000 4.386341 11.391722 114.197090 63.312381 -58.192026 -23.287035 66.252064 21.420261 8.088889 0.000000 0.000000 0.000000 -22.374291 -0.571717 -159.769111 -81.631081 -24.559440 30.843561 121.874800 -46.263186 -61.967897 0.000000 0.000000 0.000000 
-0.594413 0.852979 -0.721769 179.918342 6.232875 178.449352 28.544302 -26.109445 -42.529595 -24.064479 -17.512152 10.619425 30.022128 -49.312062 79.554357 0.000000 0.000000 0.000000 -7.335691 -14.160805 7.634893 -81.149593 -30.375336 64.645774 97.035727 -62.196687 34.727461 0.000000 0.000000 0.000000 -3.746419 -3.633857 17.646628 -8.371943 -12.251820 -15.142790 11.227986 31.305962 23.441415 -20.806172 -54.664746 3.675069 0.000000 0.000000 0.000000 -0.631459 18.074583 103.857513 40.736417 -65.874406 -15.907627 57.517730 4.046367 -1.839175 0.000000 0.000000 0.000000 -21.640294 -6.915935 -169.030419 -88.525009 -4.761933 17.157991 129.619905 -71.755468 -103.450441 0.000000 0.000000 0.000000 
-0.613819 0.862542 -0.801069 179.662281 6.834127 179.094303 25.867092 -25.433939 -42.313838 -34.114536 -23.104835 17.927721 24.631770 -54.805554 93.963639 0.000000 0.000000 0.000000 -7.207395 -13.455088 3.325144 -103.460086 -27.531557 73.679577 62.780060 -59.813373 68.644569 0.000000 0.000000 0.000000 -6.463242 -4.580711 18.525661 -7.749174 -10.254192 -16.210528 11.929966 31.069171 26.414815 -9.445463 -49.923045 -7.829981 0.000000 0.000000 0.000000 2.988501 20.300874 108.105808 43.924773 -68.012362 -21.699484 51.303577 2.203920 -3.807810 0.000000 0.000000 0.000000 -18.881578 -12.710176 -171.961292 -90.351892 6.733277 3.463235 -43.582272 -87.184824 47.492323 0.000000 0.000000 0.000000 
-0.629955 0.880143 -0.873021 179.816584 5.854040 177.814629 15.717426 -20.461820 -36.041400 -35.950969 -24.285627 26.041017 31.829683 -62.733208 89.759356 0.000000 0.000000 0.000000 -4.784114 -11.759550 -1.769044 -125.245214 -22.233684 82.118108 40.276938 -64.071012 95.965508 0.000000 0.000000 0.000000 -7.239119 -6.434708 21.312199 -8.000908 -10.684398 -15.859607 11.014140 31.618874 26.044318 -8.584084 -48.715937 -9.766029 0.000000 0.000000 0.000000 8.020224 24.001343 117.674171 61.139963 -66.836675 -35.293009 47.344096 5.783013 -3.303504 0.000000 0.000000 0.000000 -16.664301 -21.490604 171.887265 -87.789313 28.547299 -18.523589 -63.320580 -53.789762 39.249083 0.000000 0.000000 0.000000 
-0.643929 0.901661 -0.939751 179.814958 3.937281 177.151031 5.537707 -14.132720 -29.199506 -28.162753 -22.603400 29.124674 53.600862 -71.945046 66.228838 0.000000 0.000000 0.000000 -2.563378 -12.271069 -8.781650 -133.902054 -18.156309 85.262010 33.498940 -66.265735 108.587505 0.000000 0.000000 0.000000 -6.861654 -7.377732 22.580464 -6.787081 -9.721106 -16.584814 9.251338 28.775715 27.256185 -6.434822 -46.203087 -12.893932 0.000000 0.000000 0.000000 9.950582 26.280375 121.934988 66.966086 -65.640310 -39.636610 44.343317 7.119092 -3.021719 0.000000 0.000000 0.000000 -13.842477 -27.644980 160.066413 -83.380380 42.482692 -31.328683 -58.159799 -32.916024 21.438439 0.000000 0.000000 0.000000 
-0.656300 0.926049 -1.002072 -179.659136 2.077563 176.671869 -1.177886 -7.855813 -22.105008 -16.687643 -19.151407 25.949932 88.526605 -74.264668 26.751095 0.000000 0.000000 0.000000 1.262855 -13.670390 -16.391098 -125.291650 -19.126521 84.937860 68.184577 -69.531812 80.921669 0.000000 0.000000 0.000000 -4.976292 -7.373493 22.567561 -6.469346 -11.130795 -14.882547 7.316861 26.241345 25.559039 -11.685726 -47.772337 -9.098546 0.000000 0.000000 0.000000 13.523025 27.403811 132.520467 76.142878 -60.628960 -42.282213 43.999625 12.898595 -1.153628 0.000000 0.000000 0.000000 -10.014570 -34.240881 138.793255 -65.940417 62.035593 -35.509625 -55.681365 -9.867266 8.341163 0.000000 0.000000 0.000000 
-0.667435 0.944544 -1.061136 -179.003011 0.138771 175.919753 -4.248096 -2.856689 -13.668401 -7.199533 -13.947336 18.912317 110.006254 -67.035043 -0.501491 0.000000 0.000000 0.000000 4.752869 -16.109479 -22.382905 -99.532989 -25.773779 77.199250 103.833294 -50.199170 40.790454 0.000000 0.000000 0.000000 -2.397914 -7.066695 21.857915 -5.210876 -10.865931 -14.503263 4.867561 21.732699 24.206639 53.614227 52.950622 13.256210 0.000000 0.000000 0.000000 9.775123 30.297601 117.759954 53.967089 -70.370415 -23.931716 44.638257 8.064969 4.059870 0.000000 0.000000 0.000000 -13.562919 -34.859313 143.591408 -65.181516 61.648705 -38.413218 -52.169650 -5.941220 -1.780515 0.000000 0.000000 0.000000 
-0.676707 0.955189 -1.117539 -178.315186 -1.291196 174.798221 -5.584415 2.862942 -5.525058 7.463832 13.840461 13.572990 -56.355151 23.517680 -14.189006 0.000000 0.000000 0.000000 -2.144220 8.281564 -20.842955 42.798084 28.152496 45.288935 -32.751102 80.815600 105.516897 0.000000 0.000000 0.000000 3.533357 5.961162 21.702351 3.425908 10.607693 -14.184674 -11.728064 -13.500072 25.357679 75.544680 56.451660 32.756559 0.000000 0.000000 0.000000 13.202843 30.096965 127.929789 67.068159 -63.573688 -32.474343 47.192495 12.470057 6.302792 0.000000 0.000000 0.000000 -15.203615 -35.689555 140.867189 -59.157815 64.297509 -35.521677 -50.546442 -2.769630 -2.484056 0.000000 0.000000 0.000000 
-0.684459 0.955485 -1.171811 -178.599751 -4.099483 174.777730 -6.011828 2.530640 0.302488 5.398334 10.665759 9.262390 -60.336524 23.588564 -18.496948 0.000000 0.000000 0.000000 -1.473567 7.448249 -20.149627 15.901044 17.124624 22.970894 -129.275458 68.364368 -0.576626 0.000000 0.000000 0.000000 2.444640 4.404568 19.468644 4.706837 11.294963 -12.876427 -11.410654 -15.005442 24.083378 66.283458 53.586030 26.299109 0.000000 0.000000 0.000000 8.412424 30.685583 116.525265 49.730666 -66.259960 -24.083116 49.384522 4.159539 3.597461 0.000000 0.000000 0.000000 -21.298555 -33.008045 158.253491 -74.115587 55.127684 -40.173368 -51.658752 -10.964904 0.388157 0.000000 0.000000 0.000000 
-0.691426 0.948785 -1.224291 -178.708600 -6.903735 174.244160 -5.903918 4.029699 5.947374 4.847444 8.128669 6.215694 -67.890228 21.207706 -23.084989 0.000000 0.000000 0.000000 -0.246542 5.968650 -18.371101 5.456698 9.250434 7.384470 -136.367265 59.380382 -13.528088 0.000000 0.000000 0.000000 2.200631 3.837586 18.657256 3.724419 9.390405 -13.979510 -9.665777 -14.419094 24.425608 57.184369 50.601828 19.675051 0.000000 0.000000 0.000000 3.184834 30.448549 102.604379 30.275312 -66.980093 -14.071121 50.238062 -5.265300 0.266881 0.000000 0.000000 0.000000 -25.843873 -28.381104 177.043223 -86.173980 40.848206 -35.357288 -50.507820 -25.521983 6.110282 0.000000 0.000000 0.000000 
-0.698029 0.939501 -1.275762 -179.474022 -9.340646 174.163138 -5.911196 5.306956 8.989809 5.363644 9.080087 7.824956 -76.746121 16.700199 -25.066069 0.000000 0.000000 0.000000 0.487818 5.303961 -17.878699 4.289121 9.171311 -0.308271 -129.002275 60.635280 -9.386876 0.000000 0.000000 0.000000 1.953887 2.730614 17.007007 4.225694 10.643863 -11.922688 -10.346884 -15.693563 22.862498 56.819983 48.468382 18.785076 0.000000 0.000000 0.000000 1.186865 26.961185 96.468847 22.068385 -66.392017 -9.216582 51.393070 -6.368100 -0.132238 0.000000 0.000000 0.000000 -26.206042 -23.937827 -170.559522 -90.362503 29.865765 -26.157627 -46.789407 -39.265739 10.385203 0.000000 0.000000 0.000000 
-0.703963 0.930059 -1.327627 179.615600 -11.539794 174.748104 -5.622715 6.480804 11.162607 6.607478 10.101973 10.020148 -87.653111 13.438849 -24.443184 0.000000 0.000000 0.000000 0.242462 5.617661 -18.714739 4.613635 9.207348 -0.577449 -104.756231 64.785184 9.417898 0.000000 0.000000 0.000000 2.131560 2.099968 16.015534 2.426861 8.431461 -13.797603 -9.201796 -14.061260 23.389288 56.075297 46.923138 17.833681 0.000000 0.000000 0.000000 -3.101658 26.272970 88.918670 14.426294 -65.334335 -6.517166 50.781443 -9.764976 -1.912929 0.000000 0.000000 0.000000 -24.185385 -22.340295 -165.647712 -91.489790 23.304165 -17.826190 -38.980432 -48.360196 10.616500 0.000000 0.000000 0.000000 
-0.709602 0.924361 -1.381682 179.532839 -12.583937 174.920605 -4.184333 8.129161 13.177998 8.534450 12.053228 13.238807 -93.349963 13.512209 -21.089537 0.000000 0.000000 0.000000 0.914010 5.421350 -18.836112 5.622196 8.898287 4.388877 -90.791085 62.301708 20.040167 0.000000 0.000000 0.000000 3.319144 1.005146 13.973660 0.842389 7.868403 -13.757108 -9.100613 -11.180680 22.651127 52.237455 44.657338 14.557094 0.000000 0.000000 0.000000 -3.614649 24.158603 82.474348 1.960930 -66.001501 2.531794 49.655765 -11.849331 -2.610479 0.000000 0.000000 0.000000 -21.295871 -20.801591 -160.969866 -92.158248 18.171316 -9.777436 -26.848410 -57.100805 7.240241 0.000000 0.000000 0.000000 
-0.713573 0.925940 -1.437488 179.764207 -13.473129 175.485410 -1.242621 9.071359 13.116473 12.715230 18.775092 21.223331 -96.047334 16.916703 -11.154249 0.000000 0.000000 0.000000 1.395566 5.511349 -19.373359 8.140335 10.373701 8.525743 -84.310006 66.568428 29.429427 0.000000 0.000000 0.000000 4.282132 0.446526 12.557754 -1.641567 5.118208 -16.773529 -6.627217 -8.297429 23.925772 53.442862 44.207664 14.708479 0.000000 0.000000 0.000000 -5.398556 23.772445 78.497910 -7.520963 -64.955886 7.556934 47.218665 -16.994261 -4.933528 0.000000 0.000000 0.000000 -20.280292 -20.403495 -156.817969 -91.776766 13.835936 -4.818824 -19.076390 -58.548514 3.348969 0.000000 0.000000 0.000000 
-0.715016 0.933255 -1.491747 179.815716 -12.627133 175.333786 1.358021 9.019458 10.277595 26.399881 29.200327 36.932159 -89.587357 25.804361 7.935137 0.000000 0.000000 0.000000 2.134542 4.414686 -17.303597 9.041532 11.222305 10.751784 -73.260239 58.893544 34.614386 0.000000 0.000000 0.000000 3.996571 -0.050402 10.590490 -2.123348 5.851171 -15.866823 -5.128840 -7.072318 22.926570 48.857825 41.676521 13.290894 0.000000 0.000000 0.000000 -7.628934 23.407018 74.088128 -15.659218 -62.586533 11.460935 41.497210 -22.446155 -6.795317 0.000000 0.000000 0.000000 -19.849279 -19.514458 -151.960714 -92.940525 9.465851 -0.836544 -10.463456 -57.921619 -2.077412 0.000000 0.000000 0.000000 
-0.714607 0.942347 -1.541015 179.993960 -11.232815 174.811846 4.711074 10.100490 5.961101 48.149077 34.561528 56.336786 -75.080556 30.091266 31.237794 0.000000 0.000000 0.000000 4.568760 2.512483 -13.660794 7.831996 10.952121 10.994851 -85.274730 62.060555 24.942757 0.000000 0.000000 0.000000 3.700323 -0.072139 10.232018 -1.095456 4.936814 -17.464283 -5.320937 -4.352692 23.784528 60.248479 44.487310 20.404768 0.000000 0.000000 0.000000 -5.730064 25.067034 75.752630 -17.811270 -64.103901 15.692518 39.159231 -20.974664 -5.968047 0.000000 0.000000 0.000000 -20.460541 -22.083573 -159.308936 -94.278021 18.063312 -10.054984 -23.886905 -53.356148 4.528394 0.000000 0.000000 0.000000 
-0.714012 0.950351 -1.584461 179.889376 -9.977870 174.242951 5.130048 10.286306 0.545154 67.208762 33.545478 70.555030 -66.734576 25.444977 42.349435 0.000000 0.000000 0.000000 6.171282 1.221492 -8.987747 5.267198 9.341458 9.001992 -89.563172 59.542252 18.213552 0.000000 0.000000 0.000000 2.893697 -0.010661 10.258199 -0.486811 5.343666 -17.305258 -4.941432 -3.793130 23.663125 64.972000 45.712583 22.774658 0.000000 0.000000 0.000000 -6.414380 25.786899 76.338063 -16.887170 -63.097495 14.238806 35.064682 -21.795234 -6.113782 0.000000 0.000000 0.000000 -20.485026 -23.011237 -162.201440 -94.862242 22.405493 -14.974104 -28.407787 -48.963736 5.929086 0.000000 0.000000 0.000000 
-0.714519 0.955276 -1.621923 179.465917 -8.028160 173.962798 4.154596 10.635472 -4.923696 73.630337 32.025730 73.700190 -76.980100 24.719039 37.422363 0.000000 0.000000 0.000000 7.205963 0.986864 -5.233699 3.608494 8.260651 7.038944 -101.207465 62.262322 9.247874 0.000000 0.000000 0.000000 1.643531 0.063779 9.852998 0.527485 6.160386 -16.682015 -5.333896 -2.507305 23.039196 75.231666 46.542810 30.167862 0.000000 0.000000 0.000000 -5.219595 26.453916 78.516910 -16.173645 -63.703022 15.314842 33.376825 -18.532534 -5.261526 0.000000 0.000000 0.000000 -20.691333 -25.199909 -167.547645 -94.968116 28.829285 -22.526866 -34.681366 -42.777574 6.887215 0.000000 0.000000 0.000000 
-0.716268 0.957193 -1.654846 179.074308 -5.582490 173.859100 3.082456 11.597774 -9.121336 70.898683 32.293379 71.005280 -89.531008 24.463738 28.304682 0.000000 0.000000 0.000000 7.778814 1.420871 -2.048156 2.342973 7.514785 5.622320 -111.805539 62.472633 0.419063 0.000000 0.000000 0.000000 1.367023 0.186376 10.289212 1.212679 7.626982 -15.575886 -5.719438 -2.557038 22.177846 87.457016 47.773610 38.741461 0.000000 0.000000 0.000000 -4.105541 27.899254 83.901336 -9.189954 -65.031599 11.269194 32.483778 -15.772582 -4.613835 0.000000 0.000000 0.000000 -20.757903 -27.231787 -175.785391 -94.334888 38.297563 -32.999642 -43.403496 -34.500279 7.572087 0.000000 0.000000 0.000000 
-0.718437 0.956962 -1.683966 178.413883 -2.942099 174.246949 0.901518 11.922012 -13.111531 55.705842 32.887439 59.158643 -90.337680 19.756022 16.540919 0.000000 0.000000 0.000000 7.782624 2.372981 0.710702 1.294218 6.887691 4.994206 -125.928611 58.933525 -10.801384 0.000000 0.000000 0.000000 1.097199 0.147054 9.708607 1.143137 8.020045 -15.307894 -5.148823 -2.043979 22.031627 91.585182 48.198998 43.143281 0.000000 0.000000 0.000000 -0.756583 28.925475 95.015088 7.326563 -68.497496 1.999501 32.405400 -9.642522 -3.422406 0.000000 0.000000 0.000000 -21.599836 -30.076623 175.702137 -93.629972 47.535799 -44.978118 -49.374281 -23.465693 4.527239 0.000000 0.000000 0.000000 
-0.720560 0.955543 -1.710619 178.078405 -0.281913 174.982328 -0.679235 13.228323 -16.570048 36.724965 29.597759 43.484124 -83.967184 15.765272 5.728097 0.000000 0.000000 0.000000 7.684725 3.297022 2.418148 1.098777 6.879179 5.134844 -140.938940 55.392472 -20.758677 0.000000 0.000000 0.000000 1.168841 0.068409 9.234630 1.865423 9.486514 -14.135509 -6.002845 -2.488073 20.821876 100.215954 49.231520 50.002326 0.000000 0.000000 0.000000 5.037471 28.435437 113.403959 43.315626 -67.464619 -20.627814 32.806604 0.416518 -1.216355 0.000000 0.000000 0.000000 -20.764605 -33.793753 163.055254 -89.772652 59.233331 -56.151486 -53.694641 -10.561304 -0.693371 0.000000 0.000000 0.000000 
-0.722277 0.952604 -1.735951 177.804710 3.458917 175.225453 4.626536 -6.720374 -16.002040 -14.678055 -15.624654 20.087380 74.515183 -61.367637 33.713047 0.000000 0.000000 0.000000 7.112544 -3.535336 3.430676 -5.109709 -9.948570 7.676189 94.107898 -10.987666 -29.689332 0.000000 0.000000 0.000000 1.461046 -0.691054 8.942346 -2.212217 -8.790697 -13.874916 2.566396 15.677008 19.543085 -53.896743 -53.289881 31.779431 0.000000 0.000000 0.000000 18.033278 22.408836 156.439858 84.187006 -41.859897 -28.702759 27.551623 21.843097 -0.141437 0.000000 0.000000 0.000000 -2.175100 -41.022490 98.321691 46.021582 63.205085 48.207845 -51.937604 18.343140 -6.823889 0.000000 0.000000 0.000000 
-0.723473 0.949654 -1.760545 177.745593 7.240791 175.769421 3.948120 -6.340541 -16.822886 -8.423868 -10.501000 9.446006 57.034717 -47.885492 33.990505 0.000000 0.000000 0.000000 6.690433 -3.796141 4.340703 -5.844620 -9.707111 8.514466 96.734481 -8.533279 -26.746275 0.000000 0.000000 0.000000 1.945708 -0.637169 8.390892 -2.296414 -8.145570 -13.541753 1.696799 16.013953 18.434878 -42.467425 -49.914511 23.568623 0.000000 0.000000 0.000000 22.315061 11.794063 -172.612422 90.455175 -14.795108 -3.341138 9.647962 35.567601 -3.684515 0.000000 0.000000 0.000000 4.842811 -38.902759 78.857852 50.570751 49.283139 38.294062 -46.068962 32.624170 -11.279862 0.000000 0.000000 0.000000 
-0.724245 0.945939 -1.784875 177.863883 12.458856 176.440067 4.037189 -6.158074 -17.452372 -6.345858 -8.644164 4.429301 34.802891 -28.065821 28.643352 0.000000 0.000000 0.000000 6.214312 -3.920082 5.143100 -6.643294 -8.961708 9.146580 96.131253 -6.597538 -22.110604 0.000000 0.000000 0.000000 2.015942 -0.557262 7.784833 -2.682571 -8.125834 -12.213510 2.177067 17.806813 16.330584 -27.473451 -43.907542 11.495708 0.000000 0.000000 0.000000 20.771663 -0.445045 -139.813274 89.897040 18.165297 27.328231 -18.076204 34.405675 -13.322467 0.000000 0.000000 0.000000 9.278058 -35.125088 60.664004 53.351996 36.067112 30.251774 -36.096117 42.094132 -10.734641 0.000000 0.000000 0.000000 
-0.724360 0.942848 -1.809324 177.826061 16.748866 176.211893 2.785903 -5.084498 -16.708940 -4.415022 -7.062375 3.740573 15.407870 -19.089414 23.516311 0.000000 0.000000 0.000000 5.472203 -4.234847 6.028353 -7.427040 -8.520932 9.967343 90.471785 -6.066026 -17.713200 0.000000 0.000000 0.000000 2.118724 -0.620282 8.102131 -2.889485 -7.983195 -11.158683 1.364318 17.910262 15.236086 -17.219771 -37.069114 4.294971 0.000000 0.000000 0.000000 13.871504 -9.429527 -109.011533 78.995471 50.803458 46.945771 -32.036052 18.292581 -12.539030 0.000000 0.000000 0.000000 12.664591 -30.310712 48.393115 53.526381 27.982108 22.041474 -23.353072 47.320921 -7.206306 0.000000 0.000000 0.000000 
-0.723730 0.939203 -1.834509 177.684178 22.402131 175.758822 1.888003 -4.259047 -16.282080 -2.843899 -5.689077 6.783121 5.909051 -15.330178 21.030068 0.000000 0.000000 0.000000 4.130396 -4.742357 7.017092 -8.444940 -8.234812 11.238950 85.657579 -3.995140 -11.809057 0.000000 0.000000 0.000000 1.698818 -0.631009 8.391932 -3.999546 -7.762605 -10.129945 1.814948 17.695335 14.417731 -7.436259 -28.374035 -2.317963 0.000000 0.000000 0.000000 5.365993 -13.436647 -82.852064 33.362442 71.695670 24.644351 -32.312440 2.615750 -6.904071 0.000000 0.000000 0.000000 14.179744 -25.245894 37.901845 54.457956 20.980308 16.231969 -14.205814 45.322971 -3.893529 0.000000 0.000000 0.000000 
-0.722460 0.936253 -1.860023 177.748920 27.790433 175.704497 1.072308 -3.245285 -14.591677 -0.841880 -4.609013 7.894438 3.240447 -13.827431 18.878314 0.000000 0.000000 0.000000 3.104679 -4.227518 5.312406 -9.773267 -10.391268 15.335619 73.994795 -1.880431 -5.253449 0.000000 0.000000 0.000000 1.155938 -0.605830 8.537346 -3.681716 -6.391549 -10.627651 1.291094 16.564275 14.997230 -3.699247 -23.233357 -3.687291 0.000000 0.000000 0.000000 -0.610592 -16.487410 -65.269396 -22.442059 66.467324 -16.053351 -28.385869 -7.290441 -3.427201 0.000000 0.000000 0.000000 16.620205 -22.292363 32.393496 52.950025 18.831374 11.145744 -9.427376 42.248279 -2.486913 0.000000 0.000000 0.000000 
-0.721438 0.936605 -1.884010 177.327457 31.551324 174.724070 1.210597 -2.588924 -12.338685 -2.525132 -5.026530 8.596789 6.519634 -11.663026 17.050623 0.000000 0.000000 0.000000 2.210571 -4.203145 4.687374 -12.207377 -12.022221 19.015174 64.347530 -0.078489 -0.667841 0.000000 0.000000 0.000000 0.005683 -0.523800 8.298286 -2.937843 -4.962050 -11.359108 0.630672 14.436431 18.038359 -0.214683 -17.387784 -8.064256 0.000000 0.000000 0.000000 -2.907291 -17.592285 -56.309242 -39.889499 55.454116 -23.905108 -25.788120 -12.323740 -2.260343 0.000000 0.000000 0.000000 17.431101 -20.437148 30.487809 53.651107 20.040826 10.193102 -9.287816 38.761169 -2.663274 0.000000 0.000000 0.000000 
-0.721679 0.939579 -1.903887 177.131968 35.043978 174.119423 1.162834 -2.077250 -9.954727 -3.318633 -4.930501 7.931253 8.110383 -9.416152 16.555657 0.000000 0.000000 0.000000 1.502526 -3.785903 1.101859 -17.609389 -17.017089 27.446512 52.757255 3.139468 7.716187 0.000000 0.000000 0.000000 -1.184340 -0.579825 8.669091 -2.343200 -3.907359 -11.880945 0.307718 12.320048 19.187726 -0.501087 -12.975779 -10.112743 0.000000 0.000000 0.000000 -4.937956 -18.683436 -49.074644 -46.815072 44.965881 -22.828299 -21.866246 -16.726379 -1.696948 0.000000 0.000000 0.000000 17.380833 -17.236332 29.618305 54.407712 19.100503 8.221564 -9.550972 35.058612 -2.895317 0.000000 0.000000 0.000000 
-0.722486 0.943317 -1.918775 177.033228 38.723315 173.989577 0.514618 -1.589146 -7.559489 -2.357902 -4.034115 5.890674 8.819584 -7.685397 16.613165 0.000000 0.000000 0.000000 0.207756 -4.252056 -2.830207 -17.725253 -20.266421 32.024422 24.868887 4.152740 14.517518 0.000000 0.000000 0.000000 -0.808713 -0.664441 9.314831 -2.497491 -3.393327 -11.794136 -0.064972 10.219365 18.760664 0.083414 -8.500115 -11.644765 0.000000 0.000000 0.000000 -7.277801 -19.959617 -42.346518 -48.808883 36.097577 -18.655350 -20.067603 -20.615739 -1.420630 0.000000 0.000000 0.000000 16.368345 -13.843102 26.214775 56.402781 16.394699 7.232960 -7.711531 32.535896 -2.417980 0.000000 0.000000 0.000000 
-0.722691 0.946562 -1.929244 176.917098 42.682674 174.258418 0.585512 -1.462913 -6.094920 -2.574464 -3.678879 4.212362 9.979946 -5.101381 17.466962 0.000000 0.000000 0.000000 -0.732477 -4.775046 -5.214499 -13.970028 -20.152309 31.201494 11.965398 1.059436 9.575166 0.000000 0.000000 0.000000 -0.584537 -0.955360 10.879485 -2.711702 -1.726752 -14.383345 -0.878351 8.243637 20.514237 2.191800 -5.331736 -13.061071 0.000000 0.000000 0.000000 -8.239439 -19.195587 -37.266222 -49.866107 28.013833 -15.576424 -18.960285 -24.545169 -1.455858 0.000000 0.000000 0.000000 17.058244 -12.846114 24.130503 56.216547 15.198092 5.456571 -4.873276 34.093099 -1.566428 0.000000 0.000000 0.000000 
-0.722088 0.949999 -1.936390 177.335059 47.588481 174.850047 0.632915 -1.372825 -4.512605 -1.635042 -2.918959 2.369281 11.273773 -2.278517 18.595801 0.000000 0.000000 0.000000 -0.919626 -4.472892 -5.986119 -8.927696 -17.469081 27.009605 5.756681 -4.904012 3.891120 0.000000 0.000000 0.000000 -0.457202 -1.190410 11.904367 -1.739572 -0.473202 -15.698613 -2.090940 7.445706 21.139611 3.445519 -1.756405 -15.184990 0.000000 0.000000 0.000000 -10.299154 -18.260703 -33.373037 -48.412808 22.061114 -11.727749 -19.023250 -26.651303 -1.044429 0.000000 0.000000 0.000000 18.999288 -10.842929 24.011492 55.437796 14.514015 2.729890 -5.115495 35.233249 -1.641845 0.000000 0.000000 0.000000 
-0.720468 0.952010 -1.940722 177.925598 52.704725 175.891645 1.837388 -1.620214 -3.827743 -2.653722 -2.945977 1.403191 13.806181 1.061492 20.365275 0.000000 0.000000 0.000000 -0.864184 -3.852998 -5.488608 -2.749356 -13.792484 20.244789 -0.663082 -13.490585 2.633948 0.000000 0.000000 0.000000 -0.011243 -1.091222 11.466985 -2.453893 0.094239 -16.217263 -1.581001 8.149566 22.000095 4.725705 0.721720 -17.073764 0.000000 0.000000 0.000000 -10.333642 -17.577849 -30.297575 -49.208519 19.574519 -11.331268 -18.222727 -29.485803 -1.414806 0.000000 0.000000 0.000000 19.544616 -10.548843 22.439659 55.885068 14.211081 2.304743 -2.503798 36.097219 -0.718050 0.000000 0.000000 0.000000 
-0.717467 0.952518 -1.943233 178.239360 57.344654 176.716905 1.838642 -1.477670 -3.693101 -1.894988 -2.408682 1.491348 15.947746 3.358923 21.498731 0.000000 0.000000 0.000000 -0.572066 -3.215142 -5.115490 0.639174 -10.959278 15.357646 -7.742082 -21.386636 6.768790 0.000000 0.000000 0.000000 -0.487879 -1.138783 11.766803 -1.840340 0.904822 -17.301170 -1.542961 7.437787 22.491624 4.348732 2.658827 -18.291075 0.000000 0.000000 0.000000 -11.351007 -16.036381 -28.403943 -49.429431 17.462614 -10.512012 -18.129761 -31.137264 -1.263363 0.000000 0.000000 0.000000 19.463585 -8.742859 21.748914 56.452418 14.076252 1.797044 -1.928924 36.548633 -0.403532 0.000000 0.000000 0.000000 
-0.713099 0.952586 -1.944240 178.852316 61.845356 177.842271 2.703049 -1.604301 -3.456581 -2.454274 -2.298286 1.371619 18.487690 5.897449 23.213877 0.000000 0.000000 0.000000 -0.542114 -2.840998 -5.254347 2.009224 -9.205370 12.857893 -11.299140 -22.721860 11.214955 0.000000 0.000000 0.000000 0.255171 -1.012000 10.989047 -2.397041 1.072105 -16.819670 -1.074452 6.922149 21.889476 3.781267 4.156061 -18.861913 0.000000 0.000000 0.000000 -11.352781 -13.853102 -25.812617 -51.343669 16.441905 -11.462122 -18.807644 -32.693550 -1.308044 0.000000 0.000000 0.000000 18.581379 -7.918412 18.991605 57.949583 11.902068 1.665698 0.700021 37.204521 0.906811 0.000000 0.000000 0.000000 
-0.706908 0.950921 -1.944197 178.237638 64.903855 177.250274 2.564487 -1.523354 -2.622515 -2.361117 -2.088627 1.334053 20.302420 7.452048 24.067893 0.000000 0.000000 0.000000 -0.117859 -2.387231 -4.671067 1.663401 -7.186990 10.690156 -13.001747 -23.683278 13.425138 0.000000 0.000000 0.000000 0.181022 -0.871426 10.386184 -1.316960 1.473886 -17.467385 -2.451591 5.772249 23.247190 4.937737 4.766410 -19.606536 0.000000 0.000000 0.000000 -11.397883 -13.428577 -23.841169 -52.600908 16.941298 -12.485728 -18.715432 -34.351351 -1.480824 0.000000 0.000000 0.000000 19.490689 -7.198298 19.306421 58.553448 12.793256 1.290945 -0.187638 37.556903 0.791870 0.000000 0.000000 0.000000 
-0.699653 0.949317 -1.941780 178.146543 68.631269 177.067870 2.703742 -1.490832 -2.205125 -2.092511 -1.810799 2.337607 22.521777 9.278961 25.418339 0.000000 0.000000 0.000000 0.362007 -1.885668 -3.885251 1.524528 -5.791711 9.048053 -12.447870 -22.848671 13.150856 0.000000 0.000000 0.000000 0.873472 -0.749678 9.516104 -1.948085 1.335075 -15.893836 -2.082896 5.353567 22.354331 4.944740 5.004427 -18.799338 0.000000 0.000000 0.000000 -12.295404 -12.257573 -22.404935 -53.658612 16.597087 -12.823062 -19.524132 -34.514825 -1.071946 0.000000 0.000000 0.000000 20.446974 -7.101675 18.074479 58.869743 12.776828 0.831618 -0.413727 36.678477 0.991488 0.000000 0.000000 0.000000 
-0.691838 0.947163 -1.935859 177.748655 72.723396 176.811860 3.332050 -1.489817 -2.682113 -2.660506 -1.801603 4.550905 25.026637 11.499947 27.479822 0.000000 0.000000 0.000000 0.710180 -1.500497 -2.988746 0.955302 -4.296582 7.285949 -9.787279 -19.275069 11.293039 0.000000 0.000000 0.000000 1.162617 -0.573988 8.328843 -0.975915 1.328086 -14.755120 -3.165188 4.667341 22.559422 6.732206 4.947626 -19.263670 0.000000 0.000000 0.000000 -12.658694 -11.016562 -20.445219 -55.477259 16.016932 -13.695101 -18.712882 -33.967554 -1.068700 0.000000 0.000000 0.000000 21.082135 -5.955294 17.765648 59.699723 13.308908 0.744650 -1.395746 36.177931 0.910172 0.000000 0.000000 0.000000 
-0.684645 0.946207 -1.926517 177.560223 77.630481 176.805030 4.983242 -1.814354 -2.534470 -5.015945 -2.095419 5.657039 28.522684 14.488914 31.361282 0.000000 0.000000 0.000000 1.245542 -1.087796 -2.595423 0.604188 -3.255229 6.038255 -7.205519 -14.924005 9.963215 0.000000 0.000000 0.000000 1.520981 -0.401844 6.900215 -1.123313 0.986817 -12.222551 -2.486234 6.065954 20.168335 7.001095 4.947578 -19.338594 0.000000 0.000000 0.000000 -14.446956 -10.945861 -19.510932 -55.181272 15.854211 -12.869082 -15.978586 -30.604343 -1.027514 0.000000 0.000000 0.000000 21.728835 -5.581606 16.590613 59.626306 12.081953 -0.148582 -0.489068 35.005355 1.304278 0.000000 0.000000 0.000000 
-0.678134 0.944988 -1.914775 176.582170 79.698802 175.409128 6.397258 -2.109394 -3.647842 -7.071182 -2.702146 9.693345 29.511700 16.256762 32.945961 0.000000 0.000000 0.000000 1.415948 -0.958324 -1.934844 1.030675 -3.201006 5.598850 -6.071451 -12.940983 9.587759 0.000000 0.000000 0.000000 1.839289 -0.508854 7.366650 0.372553 1.097153 -12.651857 -4.601626 3.729560 20.880626 9.032210 3.416198 -17.865728 0.000000 0.000000 0.000000 -14.420468 -8.578535 -18.837508 -56.408183 15.794775 -13.766571 -15.116462 -29.320866 -1.080538 0.000000 0.000000 0.000000 20.422593 -4.983211 15.046886 61.896360 12.553358 1.160397 -1.658393 33.214712 0.986185 0.000000 0.000000 0.000000 
-0.671984 0.944376 -1.902264 168.063615 83.349065 166.292188 6.112233 -1.853671 -4.043128 -7.119199 -2.924442 12.867594 29.671945 17.945765 36.901028 0.000000 0.000000 0.000000 1.494523 -0.860112 -0.499457 0.701909 -2.461099 4.463166 -4.368650 -10.842243 8.004815 0.000000 0.000000 0.000000 2.142199 -0.567768 7.579132 -1.981723 1.385199 -12.181423 -2.702195 4.053646 20.218483 9.776534 3.278119 -18.216650 0.000000 0.000000 0.000000 -14.402794 -9.303037 -17.204793 -58.065168 15.966688 -14.631907 -13.347774 -26.176112 -1.076542 0.000000 0.000000 0.000000 21.528932 -5.624045 14.257268 62.200157 11.249352 -0.152427 -3.289471 34.788767 1.108547 0.000000 0.000000 0.000000 
-0.665899 0.944254 -1.889118 168.486389 86.049718 166.710795 6.671898 -1.926422 -4.167852 -6.492629 -2.845754 13.929031 32.373866 18.522127 41.401008 0.000000 0.000000 0.000000 2.649977 -0.613937 0.783211 1.264546 -2.076521 2.467112 -3.567118 -9.034170 8.003830 0.000000 0.000000 0.000000 2.500388 -0.603743 7.397988 -1.667811 1.324523 -11.250863 -2.114770 2.987001 18.907602 9.568370 2.518912 -16.417091 0.000000 0.000000 0.000000 -16.429560 -9.918967 -17.086802 -56.891639 17.213402 -13.943124 -12.159976 -23.674811 -0.775012 0.000000 0.000000 0.000000 22.058295 -4.473037 14.219662 60.182138 11.226490 -1.105741 -2.887533 34.257746 1.130144 0.000000 0.000000 0.000000 
-0.660374 0.944446 -1.876276 46.068233 88.917281 45.420171 7.010523 -1.859127 -5.120159 -5.982882 -2.898290 15.483354 31.419390 19.795114 44.739755 0.000000 0.000000 0.000000 3.732579 -0.230136 0.152242 0.428201 -1.394156 1.721815 -2.200362 -5.857836 7.699440 0.000000 0.000000 0.000000 3.076978 -0.403056 5.170061 -2.734907 0.889537 -8.048941 -1.457026 4.237489 16.320599 9.574784 2.344322 -16.811321 0.000000 0.000000 0.000000 -16.336985 -9.016261 -15.849108 -58.186501 16.703702 -14.356582 -9.996728 -23.834863 -1.082781 0.000000 0.000000 0.000000 20.542789 -4.407881 12.146372 61.789097 10.121067 -0.492795 -3.831077 34.621468 1.490713 0.000000 0.000000 0.000000 
-0.655951 0.945901 -1.864413 19.076638 86.404271 18.028427 6.980508 -1.772915 -4.907817 -4.309395 -2.826826 16.133380 27.615412 19.074725 49.732646 0.000000 0.000000 0.000000 3.836826 -0.236376 0.752272 0.450059 -1.311070 1.879067 -1.226493 -3.603146 7.780478 0.000000 0.000000 0.000000 3.020504 -0.662412 7.282353 -2.967450 1.705918 -10.877783 -0.697456 4.597996 16.866554 11.096182 1.394290 -16.627753 0.000000 0.000000 0.000000 -18.380506 -10.406868 -16.629306 -56.149211 19.391787 -13.917070 -10.957777 -22.813904 -0.613095 0.000000 0.000000 0.000000 24.033034 -4.282325 14.355017 58.137346 11.312452 -2.550396 -3.912173 34.204279 1.381275 0.000000 0.000000 0.000000 
