HIERARCHY
ROOT Hips
{
	OFFSET -0.001795 -0.223333 0.028219
	CHANNELS 6 Xposition Yposition Zposition Zrotation Yrotation Xrotation 
	JOINT LeftUpLeg
	{
		OFFSET 0.069520 -0.091406 -0.006815
		CHANNELS 3 Zrotation Yrotation Xrotation
		JOINT LeftLeg
		{
			OFFSET 0.034277 -0.375199 -0.004496
			CHANNELS 3 Zrotation Yrotation Xrotation
			JOINT LeftFoot
			{
				OFFSET -0.013596 -0.397961 -0.043693
				CHANNELS 3 Zrotation Yrotation Xrotation
				JOINT LeftToe
				{
					OFFSET 0.026358 -0.055791 0.119288
					CHANNELS 3 Zrotation Yrotation Xrotation
					End Site
					{
						OFFSET 0.000000 0.000000 0.000000
					}
				}
			}
		}
	}
	JOINT RightUpLeg
	{
		OFFSET -0.067670 -0.090522 -0.004320
		CHANNELS 3 Zrotation Yrotation Xrotation
		JOINT RightLeg
		{
			OFFSET -0.038290 -0.382569 -0.008850
			CHANNELS 3 Zrotation Yrotation Xrotation
			JOINT RightFoot
			{
				OFFSET 0.015774 -0.398415 -0.042312
				CHANNELS 3 Zrotation Yrotation Xrotation
				JOINT RightToe
				{
					OFFSET -0.025372 -0.048144 0.123348
					CHANNELS 3 Zrotation Yrotation Xrotation
					End Site
					{
						OFFSET 0.000000 0.000000 0.000000
					}
				}
			}
		}
	}
	JOINT Spine
	{
		OFFSET -0.002533 0.108963 -0.026696
		CHANNELS 3 Zrotation Yrotation Xrotation
		JOINT Spine1
		{
			OFFSET 0.005487 0.135180 0.001092
			CHANNELS 3 Zrotation Yrotation Xrotation
			JOINT Spine2
			{
				OFFSET 0.001457 0.052922 0.025425
				CHANNELS 3 Zrotation Yrotation Xrotation
				JOINT Neck
				{
					OFFSET -0.002778 0.213870 -0.042857
					CHANNELS 3 Zrotation Yrotation Xrotation
					JOINT Head
					{
						OFFSET 0.005152 0.064970 0.051349
						CHANNELS 3 Zrotation Yrotation Xrotation
						End Site
						{
							OFFSET 0.000000 0.000000 0.000000
						}
					}
				}
				JOINT LeftShoulder
				{
					OFFSET 0.078845 0.121749 -0.034090
					CHANNELS 3 Zrotation Yrotation Xrotation
					JOINT LeftArm
					{
						OFFSET 0.090977 0.030469 -0.008868
						CHANNELS 3 Zrotation Yrotation Xrotation
						JOINT LeftForeArm
						{
							OFFSET 0.259612 -0.012772 -0.027456
							CHANNELS 3 Zrotation Yrotation Xrotation
							JOINT LeftHand
							{
								OFFSET 0.249234 0.008986 -0.001171
								CHANNELS 3 Zrotation Yrotation Xrotation
								End Site
								{
									OFFSET 0.000000 0.000000 0.000000
								}
							}
						}
					}
				}
				JOINT RightShoulder
				{
					OFFSET -0.081759 0.118833 -0.038615
					CHANNELS 3 Zrotation Yrotation Xrotation
					JOINT RightArm
					{
						OFFSET -0.096012 0.032551 -0.009143
						CHANNELS 3 Zrotation Yrotation Xrotation
						JOINT RightForeArm
						{
							OFFSET -0.253742 -0.013329 -0.021401
							CHANNELS 3 Zrotation Yrotation Xrotation
							JOINT RightHand
							{
								OFFSET -0.255298 0.007772 -0.005559
								CHANNELS 3 Zrotation Yrotation Xrotation
								End Site
								{
									OFFSET 0.000000 0.000000 0.000000
								}
							}
						}
					}
				}
			}
		}
	}
}
MOTION
Frames: 196
Frame Time: 0.050000
0.000000 0.937093 0.000000 0.447743 -11.199722 9.939871 6.938390 -0.328644 -11.316177 1.734011 -0.237184 0.561567 3.154304 8.519513 12.958868 0.000000 0.000000 0.000000 -6.688064 1.375878 -16.951215 1.066445 0.053511 3.649208 -3.233352 -12.989924 13.754970 0.000000 0.000000 0.000000 7.562794 -1.306274 10.586341 -2.340170 1.162330 0.875063 -2.500938 1.340165 4.271957 8.529441 -5.293503 -9.573814 0.000000 0.000000 0.000000 -14.357525 -24.794549 12.167554 -44.079992 -38.938371 9.213092 15.329507 -58.945093 -5.076067 0.000000 0.000000 0.000000 11.569534 17.781260 6.558565 49.556650 32.244812 8.653386 7.451091 70.288919 6.935534 0.000000 0.000000 0.000000 
0.000503 0.938344 0.001547 0.131573 -11.269316 10.735675 6.595096 -0.377132 -11.511386 2.855084 -0.331390 -0.307888 3.175254 8.602752 13.500536 0.000000 0.000000 0.000000 -6.379442 1.394201 -16.740896 0.975294 -0.003394 1.953049 -3.028134 -12.848479 14.557352 0.000000 0.000000 0.000000 7.304793 -1.186286 9.266030 -1.080791 0.558497 0.461285 -2.552688 0.372029 2.943523 9.031685 -6.056216 -6.705640 0.000000 0.000000 0.000000 -16.767805 -23.551994 12.310141 -41.048823 -42.321465 9.647133 16.339286 -58.382706 -5.376143 0.000000 0.000000 0.000000 10.973300 15.617452 5.314226 51.966680 27.992346 7.379843 26.061941 72.821801 20.406259 0.000000 0.000000 0.000000 
0.000929 0.939720 0.003726 0.125261 -11.309764 9.944274 6.694748 -0.346244 -11.191653 2.519200 -0.352596 0.893338 3.160120 8.573013 13.423439 0.000000 0.000000 0.000000 -5.683009 1.336205 -15.555793 -0.233895 0.096854 1.641872 -2.828690 -12.560532 14.738435 0.000000 0.000000 0.000000 7.961541 -1.072337 7.537491 -1.237636 0.626967 0.326424 -2.640627 -1.646347 3.014355 6.819360 -4.812379 -4.951357 0.000000 0.000000 0.000000 -17.544648 -23.481205 13.024531 -37.836723 -42.957533 8.727108 19.304023 -54.150354 -6.205598 0.000000 0.000000 0.000000 10.939996 13.535635 3.954144 53.048163 24.336015 5.863652 44.395788 70.771570 32.129540 0.000000 0.000000 0.000000 
0.001371 0.940232 0.006423 0.618855 -10.847634 10.294031 6.618275 -0.377610 -11.538166 1.677730 -0.235277 0.720244 2.894602 8.221814 13.554518 0.000000 0.000000 0.000000 -6.230075 1.284934 -15.359615 -0.337067 0.071564 0.911855 -3.055811 -12.931666 14.982713 0.000000 0.000000 0.000000 7.952778 -0.932931 5.986091 -1.416523 0.702367 0.135639 -2.393409 -3.285040 2.953899 6.031263 -4.215821 -5.606396 0.000000 0.000000 0.000000 -14.984603 -22.332053 12.175986 -38.036943 -45.487359 9.869230 22.773646 -55.012315 -7.776129 0.000000 0.000000 0.000000 9.492541 10.810672 2.589083 54.923073 21.662805 4.747538 56.865063 68.209219 38.975250 0.000000 0.000000 0.000000 
0.001889 0.941490 0.009486 0.906950 -11.468460 9.319579 6.001182 -0.392878 -10.589027 1.924969 -0.296592 1.368417 3.133444 8.552212 13.684882 0.000000 0.000000 0.000000 -6.275570 1.190045 -14.037158 -0.849251 0.094377 0.473566 -2.633781 -12.294378 15.000196 0.000000 0.000000 0.000000 7.942562 -0.856967 5.560008 -1.665952 0.800128 -0.494660 -2.163367 -3.939293 3.561358 5.382140 -3.870366 -5.103148 0.000000 0.000000 0.000000 -14.123407 -21.454413 11.723160 -36.194292 -45.369192 9.174073 27.586222 -56.740748 -10.449232 0.000000 0.000000 0.000000 9.197286 9.572357 1.934586 55.043520 19.730673 3.734968 62.337569 66.390609 41.171103 0.000000 0.000000 0.000000 
0.002526 0.942178 0.012348 1.246726 -11.690328 9.529723 5.613544 -0.427009 -10.565215 1.782168 -0.269031 1.157997 3.208750 8.672916 13.934248 0.000000 0.000000 0.000000 -6.770203 1.158922 -13.746745 -0.785304 0.048455 -0.348140 -2.494876 -12.149204 15.253963 0.000000 0.000000 0.000000 7.833225 -0.756647 4.607922 -1.571869 0.745818 -0.880995 -2.102967 -3.440358 3.657499 5.709921 -3.920314 -7.143250 0.000000 0.000000 0.000000 -13.419878 -20.327754 10.887876 -36.163365 -44.800495 8.978894 29.577892 -60.437389 -12.344383 0.000000 0.000000 0.000000 8.701454 9.026697 1.810633 54.778666 18.435993 3.103239 64.234354 65.955445 42.323175 0.000000 0.000000 0.000000 
0.003211 0.941822 0.014973 1.308967 -12.239705 9.082610 5.223257 -0.435354 -10.135364 2.098430 -0.336352 1.725234 3.523319 9.079726 13.672390 0.000000 0.000000 0.000000 -6.791031 1.123733 -13.122579 -0.984944 0.053838 -0.536857 -2.225048 -11.685885 14.965406 0.000000 0.000000 0.000000 7.679773 -0.678260 4.089777 -1.885067 0.871815 -1.364832 -1.908187 -2.720745 4.086045 5.667318 -3.835997 -7.856480 0.000000 0.000000 0.000000 -12.486629 -19.222899 10.013079 -36.371667 -42.406107 8.195842 31.961188 -64.776202 -14.904882 0.000000 0.000000 0.000000 8.796051 8.678145 1.704846 54.372059 19.114983 3.352806 61.868032 65.557649 40.442220 0.000000 0.000000 0.000000 
0.003973 0.941708 0.017258 1.376801 -12.425837 9.127305 4.825149 -0.468124 -10.148784 2.490953 -0.400466 1.942151 3.652347 9.251928 13.570306 0.000000 0.000000 0.000000 -6.588089 1.110581 -12.760078 -1.625358 0.070470 -1.118612 -2.091790 -11.501501 15.002062 0.000000 0.000000 0.000000 7.761212 -0.628160 3.560892 -2.365082 1.081745 -1.557828 -1.996679 -1.748678 3.805751 5.467992 -3.502757 -9.364790 0.000000 0.000000 0.000000 -12.209272 -17.786135 9.010655 -37.374332 -39.821950 7.622999 30.714048 -69.634263 -15.601878 0.000000 0.000000 0.000000 8.548614 8.930599 1.953221 53.826529 20.640306 4.055407 59.003219 66.235207 39.208322 0.000000 0.000000 0.000000 
0.004732 0.941065 0.019471 1.182428 -12.241408 8.992566 4.972498 -0.447910 -9.873625 2.488943 -0.401780 1.980789 3.618473 9.177545 13.144123 0.000000 0.000000 0.000000 -6.139993 1.077424 -12.162840 -2.156224 0.085493 -1.531177 -2.143571 -11.538137 14.911425 0.000000 0.000000 0.000000 7.853121 -0.586592 3.150426 -2.885862 1.311774 -1.704964 -1.783150 -0.644713 3.846143 5.445884 -3.280314 -10.800943 0.000000 0.000000 0.000000 -12.620723 -16.534954 8.202685 -39.025384 -37.325047 7.169075 26.480668 -73.862191 -13.912135 0.000000 0.000000 0.000000 8.834070 9.415563 2.289489 53.366174 22.863177 5.051443 54.693074 66.844164 37.052939 0.000000 0.000000 0.000000 
0.005518 0.940285 0.021427 1.171339 -11.992420 8.739452 4.999625 -0.443584 -9.750597 2.365911 -0.401442 2.380022 3.551157 9.051603 12.653357 0.000000 0.000000 0.000000 -5.937893 1.037068 -11.608303 -2.597100 0.106582 -1.709009 -2.273455 -11.657211 14.703910 0.000000 0.000000 0.000000 7.944953 -0.582188 3.116715 -3.404440 1.526390 -2.163495 -1.990137 0.603403 3.757714 5.980692 -3.341404 -12.455901 0.000000 0.000000 0.000000 -12.684760 -15.860075 7.549975 -40.472658 -34.549652 6.557304 21.658603 -76.593675 -11.270528 0.000000 0.000000 0.000000 8.456501 9.559291 2.582610 53.345112 25.702114 6.363616 49.026325 66.562352 33.434976 0.000000 0.000000 0.000000 
0.006368 0.940075 0.022706 0.937762 -11.311548 8.898840 5.252721 -0.440484 -9.951151 2.363117 -0.401112 2.404086 3.264741 8.623542 12.331020 0.000000 0.000000 0.000000 -5.683922 1.022095 -11.435144 -2.685814 0.107047 -1.845376 -2.579040 -12.123129 14.861534 0.000000 0.000000 0.000000 8.075778 -0.536724 2.563862 -4.064096 1.829399 -2.096841 -1.985731 2.067418 3.741481 6.519330 -3.386107 -13.684984 0.000000 0.000000 0.000000 -12.911618 -15.508474 7.008073 -41.599896 -33.154451 6.340075 19.826905 -78.088170 -10.741199 0.000000 0.000000 0.000000 8.458869 10.234441 3.131261 52.169567 28.245168 7.387573 42.928431 67.204685 30.307233 0.000000 0.000000 0.000000 
0.007401 0.940075 0.023055 0.722102 -10.308019 9.063195 5.457700 -0.451361 -10.310718 2.468632 -0.416561 2.447532 2.812935 7.954755 12.050144 0.000000 0.000000 0.000000 -5.658473 1.005999 -11.383677 -2.375056 0.093143 -1.777673 -3.055680 -12.849700 15.121154 0.000000 0.000000 0.000000 8.104651 -0.515797 2.274680 -4.535185 2.052132 -1.967683 -2.251003 3.533065 2.989159 7.227658 -3.578543 -14.038814 0.000000 0.000000 0.000000 -13.333638 -15.931658 6.780607 -41.514767 -32.367477 6.153865 26.085672 -78.021906 -16.697403 0.000000 0.000000 0.000000 8.092828 11.279452 3.874118 50.171303 31.031164 8.372661 35.511275 67.378924 25.982807 0.000000 0.000000 0.000000 
0.008322 0.940860 0.022501 0.570431 -8.695617 9.373095 5.661350 -0.489973 -11.140424 2.579592 -0.438959 2.651996 2.030289 6.841672 11.996598 0.000000 0.000000 0.000000 -5.532865 0.990133 -11.409412 -2.286986 0.093760 -1.758434 -3.789104 -13.993695 15.795688 0.000000 0.000000 0.000000 7.963545 -0.493427 1.961484 -4.945268 2.235578 -2.042818 -2.556055 4.578391 2.580638 7.902497 -3.736907 -14.548273 0.000000 0.000000 0.000000 -13.595532 -16.603626 6.688526 -40.868502 -32.934687 6.318547 35.501554 -76.367872 -24.499372 0.000000 0.000000 0.000000 7.128981 12.929291 4.829730 47.088156 34.170304 9.106709 27.623258 68.765913 21.798304 0.000000 0.000000 0.000000 
0.008898 0.941970 0.021283 0.476133 -7.436732 9.450479 5.781507 -0.524373 -11.891602 2.691128 -0.479234 3.194992 1.392650 5.963076 12.102388 0.000000 0.000000 0.000000 -5.514541 0.968056 -11.344213 -2.070805 0.086498 -1.684274 -4.345592 -14.847441 16.451584 0.000000 0.000000 0.000000 8.014439 -0.499470 1.914618 -5.375706 2.427804 -2.135548 -3.408077 6.385071 1.906151 8.973848 -4.184093 -14.369906 0.000000 0.000000 0.000000 -13.473069 -17.637621 6.572782 -39.701377 -33.685186 6.459444 44.957383 -74.001221 -31.925012 0.000000 0.000000 0.000000 6.646641 14.825355 5.960645 42.848824 37.771680 9.577874 15.240638 68.145946 13.823676 0.000000 0.000000 0.000000 
0.008946 0.942497 0.019559 0.564633 -5.839678 9.679735 5.814627 -0.582889 -12.745142 2.722737 -0.491806 3.393718 0.589766 4.857238 12.185898 0.000000 0.000000 0.000000 -5.672888 0.951772 -11.530340 -1.817636 0.086967 -1.416540 -5.155873 -16.006791 16.965570 0.000000 0.000000 0.000000 8.010127 -0.516936 1.927435 -6.183712 2.810792 -1.808951 -3.958023 7.488387 1.400066 9.803275 -4.465940 -14.579736 0.000000 0.000000 0.000000 -12.946330 -18.888016 6.687701 -38.171101 -35.515457 6.800689 51.099575 -70.120466 -35.189746 0.000000 0.000000 0.000000 5.083983 17.451993 7.175163 38.700750 42.490456 10.244566 -0.015461 64.711841 3.756609 0.000000 0.000000 0.000000 
0.008586 0.943267 0.017374 0.613347 -4.646580 9.436824 5.823951 -0.610852 -12.949611 2.820326 -0.509410 3.479252 -0.057828 3.990821 12.364100 0.000000 0.000000 0.000000 -5.795575 0.900519 -11.137590 -1.494590 0.062160 -1.463476 -5.716503 -16.786684 17.455149 0.000000 0.000000 0.000000 8.178080 -0.585383 2.472792 -6.971299 3.156668 -1.991940 -5.157189 9.447533 1.209610 11.053224 -5.099074 -14.217828 0.000000 0.000000 0.000000 -12.224784 -21.171385 7.143085 -35.853231 -36.564940 6.592691 55.522296 -66.034397 -36.855412 0.000000 0.000000 0.000000 4.198441 20.840364 8.829194 33.499752 46.819109 10.089195 -11.003093 56.378414 -2.331386 0.000000 0.000000 0.000000 
0.007923 0.943374 0.014558 0.883687 -3.191827 9.409771 5.696593 -0.682940 -13.774537 2.797562 -0.534923 4.034240 -0.799439 2.988686 12.452650 0.000000 0.000000 0.000000 -5.838274 0.894531 -11.534445 -1.718642 0.138458 -0.490964 -6.521987 -17.886721 17.671116 0.000000 0.000000 0.000000 7.663421 -0.611816 2.916358 -7.736421 3.499921 -1.952950 -5.707517 11.102951 1.081532 11.999290 -5.372969 -14.692446 0.000000 0.000000 0.000000 -11.612597 -23.199150 7.543382 -33.573244 -38.530301 6.561843 57.588635 -62.622304 -36.856165 0.000000 0.000000 0.000000 2.316142 24.015403 10.069748 27.721400 51.982040 9.666510 -17.238997 45.057058 -4.301521 0.000000 0.000000 0.000000 
0.007063 0.944035 0.011368 0.963781 -2.413345 9.474232 5.683242 -0.731257 -14.565401 2.867592 -0.576725 4.610010 -1.235383 2.473801 12.752255 0.000000 0.000000 0.000000 -6.088554 0.874812 -11.648512 -1.360710 0.112489 -0.394766 -6.667494 -18.022219 17.876261 0.000000 0.000000 0.000000 7.423548 -0.662113 3.484908 -8.208543 3.718120 -1.826292 -6.831808 12.878051 0.603922 12.858229 -5.778439 -14.437379 0.000000 0.000000 0.000000 -10.990423 -25.054698 7.870376 -31.167940 -40.202610 6.319954 56.992162 -58.789893 -34.591483 0.000000 0.000000 0.000000 -0.184871 26.294296 10.612644 21.139027 56.254682 8.276543 -18.891749 34.993430 -3.824303 0.000000 0.000000 0.000000 
0.006081 0.944114 0.008096 1.144168 -0.743845 9.944455 5.912732 -0.816222 -16.142764 2.435990 -0.556375 5.421791 -2.061393 1.421369 12.980855 0.000000 0.000000 0.000000 -6.430483 0.858013 -12.259384 -1.050838 0.121714 0.324911 -7.108276 -18.489095 17.741729 0.000000 0.000000 0.000000 6.889682 -0.671425 3.744581 -8.618026 3.859550 -2.205632 -7.361667 13.928512 0.911580 13.737812 -5.973117 -15.184462 0.000000 0.000000 0.000000 -10.131136 -26.294860 8.022048 -29.790988 -42.378974 6.283720 59.285128 -56.653559 -35.265305 0.000000 0.000000 0.000000 -3.077761 27.374958 10.346613 15.102073 59.867288 6.587772 -19.974592 26.650751 -3.139591 0.000000 0.000000 0.000000 
0.004990 0.944605 0.005498 1.064388 0.045599 10.115815 6.281110 -0.828075 -16.854875 2.153148 -0.530002 5.728104 -2.485416 0.943380 13.280664 0.000000 0.000000 0.000000 -6.555227 0.842302 -12.397249 -0.964470 0.108502 0.210065 -6.774608 -17.869238 18.319480 0.000000 0.000000 0.000000 6.269089 -0.679124 4.225755 -8.735453 3.883017 -2.534252 -7.818341 14.766313 0.945840 14.543981 -6.217874 -15.722577 0.000000 0.000000 0.000000 -10.031245 -27.485863 8.279844 -28.014501 -43.448831 5.915638 60.349368 -54.930741 -35.113005 0.000000 0.000000 0.000000 -5.184502 28.554974 10.227836 8.449496 61.675313 3.764217 -19.769796 20.616654 -2.381817 0.000000 0.000000 0.000000 
0.003935 0.945138 0.003893 0.812797 0.802327 10.288796 6.768473 -0.825932 -17.582902 1.973303 -0.527201 6.183750 -2.866113 0.505961 13.503905 0.000000 0.000000 0.000000 -6.221153 0.860980 -12.636711 -0.653010 0.078050 0.236287 -7.556550 -19.012718 19.009549 0.000000 0.000000 0.000000 5.722998 -0.674301 4.561557 -9.163071 4.085039 -2.164274 -8.022548 15.115158 0.558032 14.898835 -6.387440 -15.665401 0.000000 0.000000 0.000000 -10.045849 -28.119791 8.391822 -26.439477 -44.553621 5.614307 61.634299 -54.144943 -35.552269 0.000000 0.000000 0.000000 -6.597576 29.521776 10.199002 2.904760 62.563842 1.121417 -19.354639 16.651115 -1.851777 0.000000 0.000000 0.000000 
0.003025 0.945361 0.003416 0.522723 1.159838 10.390809 7.230753 -0.791082 -17.703457 1.863191 -0.501091 6.002713 -3.043520 0.299334 13.600960 0.000000 0.000000 0.000000 -5.732117 0.879676 -12.459166 -0.546657 0.047785 -0.204031 -8.062695 -19.753783 19.151963 0.000000 0.000000 0.000000 4.985007 -0.666358 5.150161 -8.950886 3.971239 -2.412061 -8.234544 15.718529 0.336019 15.488388 -6.754776 -15.469555 0.000000 0.000000 0.000000 -10.314483 -29.052990 8.630787 -25.121216 -44.420991 5.188715 63.919989 -53.533490 -36.802223 0.000000 0.000000 0.000000 -7.688564 30.668469 10.327465 -0.681128 62.573877 -0.595352 -19.529498 14.053403 -1.557088 0.000000 0.000000 0.000000 
0.002317 0.945668 0.003814 0.215275 1.625897 10.446647 7.697887 -0.761508 -17.918722 1.752502 -0.490877 6.118887 -3.257278 0.029563 13.652803 0.000000 0.000000 0.000000 -5.198009 0.900345 -12.324415 -0.476877 0.032853 -0.392677 -8.680303 -20.643073 19.402215 0.000000 0.000000 0.000000 4.661558 -0.650648 5.267137 -9.231375 4.121361 -1.885098 -8.383626 15.821967 -0.488066 15.922491 -7.212283 -14.787516 0.000000 0.000000 0.000000 -10.609863 -29.578359 8.757415 -24.666633 -44.434573 5.129704 64.225041 -53.964571 -37.407258 0.000000 0.000000 0.000000 -7.910041 31.646976 10.702225 -2.812399 61.946097 -1.682663 -19.426643 13.001980 -1.409281 0.000000 0.000000 0.000000 
0.001886 0.945640 0.004885 -0.033320 2.229644 10.515151 8.063057 -0.747508 -18.012630 1.691266 -0.477495 6.013067 -3.519203 -0.343221 13.600341 0.000000 0.000000 0.000000 -4.632170 0.909242 -11.985223 -0.734300 0.040316 -0.819598 -9.143104 -21.268649 19.624581 0.000000 0.000000 0.000000 4.056634 -0.621055 5.550822 -8.832551 3.971862 -1.334418 -8.963770 16.279590 -1.287245 16.447236 -7.556264 -14.517627 0.000000 0.000000 0.000000 -11.052678 -30.412662 8.913553 -23.755685 -44.006766 4.861915 64.625591 -54.104034 -37.978342 0.000000 0.000000 0.000000 -7.775762 32.741733 11.310252 -4.672654 61.079200 -2.545796 -18.966587 11.918233 -1.241676 0.000000 0.000000 0.000000 
0.001762 0.945722 0.006224 -0.373405 2.484480 10.547140 8.450867 -0.715175 -18.043805 1.703812 -0.481411 6.041812 -3.601695 -0.491244 13.502393 0.000000 0.000000 0.000000 -4.102115 0.936222 -11.918567 -0.953714 0.063202 -0.801330 -9.244415 -21.387902 19.775911 0.000000 0.000000 0.000000 3.787554 -0.615602 5.775883 -9.097440 4.099847 -1.085634 -8.987652 16.518112 -1.779710 16.922798 -8.007712 -14.038524 0.000000 0.000000 0.000000 -11.220198 -31.259831 9.214027 -22.891688 -43.719661 4.597020 63.256024 -53.580781 -36.703926 0.000000 0.000000 0.000000 -8.012058 33.744068 11.684407 -6.786339 60.381738 -3.565618 -18.120655 11.315577 -1.107594 0.000000 0.000000 0.000000 
0.001996 0.945797 0.007614 -0.638593 2.511778 10.398954 8.798146 -0.666640 -17.654607 1.575922 -0.448504 5.786667 -3.592732 -0.527308 13.383078 0.000000 0.000000 0.000000 -3.638576 0.929518 -11.379141 -1.255431 0.066329 -1.333178 -9.188738 -21.294069 19.906698 0.000000 0.000000 0.000000 3.361518 -0.597612 6.109202 -9.154616 4.150156 -0.684146 -9.175085 16.903440 -2.347328 17.392442 -8.323348 -13.921870 0.000000 0.000000 0.000000 -11.533475 -31.981792 9.435076 -21.985721 -43.568946 4.353767 61.759074 -52.409583 -34.938542 0.000000 0.000000 0.000000 -8.038839 35.344151 12.392235 -8.843418 59.409851 -4.537842 -17.376264 10.202451 -0.937711 0.000000 0.000000 0.000000 
0.002722 0.946284 0.008776 -0.779504 2.465697 10.400834 8.950350 -0.647117 -17.600981 1.490149 -0.437737 5.838668 -3.566850 -0.488312 13.394366 0.000000 0.000000 0.000000 -3.468842 0.913898 -10.970121 -1.354591 0.042963 -1.963161 -9.089138 -21.135870 20.181822 0.000000 0.000000 0.000000 3.256382 -0.623138 6.589756 -9.635891 4.372079 -0.592567 -9.218980 17.432395 -2.435667 17.586535 -8.442071 -13.867784 0.000000 0.000000 0.000000 -11.275700 -32.951419 9.771058 -20.830887 -43.847739 3.978923 60.434595 -49.795159 -32.395785 0.000000 0.000000 0.000000 -8.778363 36.397729 12.566980 -11.297442 58.884863 -5.601227 -16.476032 8.746528 -0.732892 0.000000 0.000000 0.000000 
0.003974 0.946355 0.009479 -0.756542 2.683385 10.460913 8.909493 -0.658926 -17.439500 1.398408 -0.403953 5.428373 -3.667829 -0.635721 13.371321 0.000000 0.000000 0.000000 -3.448153 0.899197 -10.761358 -1.551104 0.043213 -2.293967 -9.179720 -21.232340 20.412028 0.000000 0.000000 0.000000 2.956106 -0.603576 6.736537 -9.731747 4.435213 -0.210031 -9.322856 17.865297 -2.584220 18.133146 -8.805834 -13.810910 0.000000 0.000000 0.000000 -11.657800 -33.643078 9.960120 -19.524807 -44.344097 3.625713 58.660246 -46.967436 -29.495490 0.000000 0.000000 0.000000 -9.062499 37.335631 12.890803 -13.401338 58.523289 -6.516015 -15.991644 7.423843 -0.582152 0.000000 0.000000 0.000000 
0.005838 0.946754 0.009700 -0.763366 2.714564 10.723507 8.929304 -0.668357 -17.714759 1.184592 -0.371652 5.422833 -3.671508 -0.617002 13.428885 0.000000 0.000000 0.000000 -3.496051 0.909539 -10.921812 -1.679475 0.044030 -2.476884 -9.166089 -21.193400 20.740560 0.000000 0.000000 0.000000 2.843058 -0.605851 6.892470 -10.089405 4.602863 -0.044420 -9.582518 18.246372 -2.923169 18.695882 -9.056806 -14.060322 0.000000 0.000000 0.000000 -11.136150 -34.426113 10.202059 -18.610623 -44.998223 3.322534 56.909585 -43.499357 -26.452078 0.000000 0.000000 0.000000 -9.882540 37.754529 12.785815 -15.374274 58.935666 -7.396996 -15.469120 5.704498 -0.396501 0.000000 0.000000 0.000000 
0.008062 0.946930 0.009563 -0.706257 2.585358 10.764837 8.899076 -0.668469 -17.787654 0.866639 -0.328027 5.517513 -3.596266 -0.531587 13.385653 0.000000 0.000000 0.000000 -3.872075 0.898296 -11.025780 -1.404459 0.024047 -2.410200 -9.092393 -21.093375 20.852416 0.000000 0.000000 0.000000 2.555866 -0.578351 6.946521 -10.272100 4.691658 0.056269 -9.421254 18.469747 -2.964859 18.637921 -9.226388 -13.522309 0.000000 0.000000 0.000000 -11.382275 -35.106986 10.505011 -16.890658 -44.770183 2.745319 55.286518 -40.208662 -23.551047 0.000000 0.000000 0.000000 -10.095064 38.618740 13.053356 -16.507068 58.934599 -7.963217 -16.041549 4.885663 -0.331807 0.000000 0.000000 0.000000 
0.010335 0.947215 0.009183 -0.770679 2.514717 10.757599 9.017262 -0.654149 -17.886830 0.517838 -0.282565 5.690923 -3.546371 -0.480320 13.344353 0.000000 0.000000 0.000000 -4.130258 0.895467 -11.188454 -1.470940 0.037818 -2.252348 -8.549889 -20.274938 21.326816 0.000000 0.000000 0.000000 2.364646 -0.575757 7.223921 -10.294370 4.700461 0.027264 -9.387784 18.465321 -3.025420 18.555593 -9.158500 -13.539446 0.000000 0.000000 0.000000 -11.324973 -35.283530 10.586973 -15.388997 -44.794652 2.227950 53.151386 -37.400822 -20.858370 0.000000 0.000000 0.000000 -10.339697 38.832024 13.037698 -17.223948 60.000275 -8.501059 -17.003410 4.125987 -0.268557 0.000000 0.000000 0.000000 
0.012401 0.946892 0.008614 -0.686820 2.469195 10.835013 8.879107 -0.676214 -18.285163 0.366570 -0.279988 6.200388 -3.474559 -0.443414 13.171499 0.000000 0.000000 0.000000 -4.319725 0.898332 -11.393233 -1.732834 0.048351 -2.463543 -8.576438 -20.296085 22.323608 0.000000 0.000000 0.000000 2.016074 -0.540222 7.271265 -10.079906 4.598792 -0.023140 -9.267141 18.622671 -2.743565 18.586912 -8.962182 -14.086787 0.000000 0.000000 0.000000 -10.796583 -35.683636 10.754156 -13.623866 -44.543731 1.534861 52.155418 -34.760893 -18.948642 0.000000 0.000000 0.000000 -10.466155 38.482960 12.832484 -15.868843 60.425436 -7.834582 -18.848787 4.752065 -0.370336 0.000000 0.000000 0.000000 
0.014246 0.946720 0.007755 -0.832969 2.385659 10.835294 9.114641 -0.651205 -18.636056 0.023004 -0.246071 6.748235 -3.380773 -0.372329 13.012906 0.000000 0.000000 0.000000 -4.415255 0.912413 -11.696687 -1.455735 0.031150 -2.345620 -8.864056 -20.708272 23.052263 0.000000 0.000000 0.000000 1.810253 -0.529291 7.461527 -9.851019 4.512245 0.231282 -9.370628 18.357019 -2.932677 18.615480 -9.119484 -13.768134 0.000000 0.000000 0.000000 -10.541673 -35.731406 10.838005 -12.082073 -43.715478 0.996948 50.756872 -33.143035 -17.410787 0.000000 0.000000 0.000000 -9.910658 37.860240 12.823716 -13.622436 61.595196 -6.908676 -21.197557 5.979513 -0.585127 0.000000 0.000000 0.000000 
0.015908 0.946075 0.006577 -0.739935 2.841471 10.938074 9.464944 -0.648298 -19.613416 -0.906448 -0.135453 7.913590 -3.523268 -0.615047 12.886204 0.000000 0.000000 0.000000 -4.412194 0.929245 -12.104712 -2.083149 0.094640 -2.193126 -9.103201 -20.938302 24.295072 0.000000 0.000000 0.000000 1.541249 -0.522282 7.812417 -9.643725 4.394668 0.055150 -9.329467 17.778302 -2.619321 18.755100 -9.086810 -14.163206 0.000000 0.000000 0.000000 -10.431140 -35.617123 10.885834 -11.321034 -43.213517 0.726041 51.027945 -33.334319 -17.511577 0.000000 0.000000 0.000000 -8.607263 36.967544 12.985210 -11.006741 62.193877 -5.760368 -24.580679 8.017123 -1.003814 0.000000 0.000000 0.000000 
0.017718 0.945765 0.005167 -0.766992 2.830448 10.979154 9.464329 -0.654957 -20.069869 -1.056087 -0.126168 8.476058 -3.473878 -0.589634 12.763467 0.000000 0.000000 0.000000 -4.601039 0.934250 -12.409948 -1.847521 0.076619 -2.151822 -9.488395 -21.449191 25.001820 0.000000 0.000000 0.000000 1.399886 -0.503536 7.771158 -9.131967 4.157190 -0.017223 -9.494697 17.461517 -2.548306 18.471630 -8.896918 -14.197398 0.000000 0.000000 0.000000 -10.227533 -35.371494 10.844034 -11.236412 -42.483976 0.688765 50.580987 -33.506500 -17.372432 0.000000 0.000000 0.000000 -6.742388 35.818254 13.284141 -5.739011 62.665438 -3.163366 -28.425630 10.361150 -1.586737 0.000000 0.000000 0.000000 
0.019447 0.945297 0.003816 -0.723678 3.018538 10.863967 9.608069 -0.656887 -20.912914 -1.583419 -0.072607 9.915660 -3.510378 -0.683764 12.643430 0.000000 0.000000 0.000000 -4.729490 0.920561 -12.403954 -2.901923 0.170725 -2.123137 -7.992755 -19.324979 25.691084 0.000000 0.000000 0.000000 1.371825 -0.504308 7.836198 -8.768266 4.001295 0.153965 -9.599063 16.950590 -2.492745 18.707027 -9.139271 -14.083295 0.000000 0.000000 0.000000 -10.319537 -34.697857 10.625016 -11.596284 -42.138828 0.821546 51.410478 -34.921177 -18.393052 0.000000 0.000000 0.000000 -4.766982 34.285638 13.420067 -0.136492 63.059356 -0.322472 -32.680698 13.063355 -2.403040 0.000000 0.000000 0.000000 
0.021253 0.944807 0.002764 -0.657578 2.869697 10.759036 9.575297 -0.653901 -21.140557 -1.873346 -0.027974 10.455885 -3.404535 -0.594450 12.483749 0.000000 0.000000 0.000000 -5.209318 0.889475 -12.413621 -3.449851 0.199626 -2.377324 -6.313770 -17.048237 26.818049 0.000000 0.000000 0.000000 1.429321 -0.526624 8.130114 -8.416416 3.821309 -0.302105 -9.571966 16.782540 -1.729686 18.787746 -8.903545 -14.959349 0.000000 0.000000 0.000000 -10.066233 -34.081106 10.419196 -12.527966 -42.056381 1.055952 51.817634 -36.803217 -19.560243 0.000000 0.000000 0.000000 -3.146785 32.596858 13.282345 5.874639 62.596525 2.748807 -36.609569 16.731772 -3.608416 0.000000 0.000000 0.000000 
0.022863 0.944047 0.002144 -0.652846 2.565245 10.590432 9.815209 -0.600543 -21.270899 -2.505248 0.090986 11.052155 -3.211299 -0.408600 12.259111 0.000000 0.000000 0.000000 -5.561245 0.871402 -12.458465 -3.610948 0.213482 -2.350941 -5.274313 -15.705693 27.317185 0.000000 0.000000 0.000000 1.564993 -0.523166 7.851467 -8.213353 3.759512 0.150981 -9.647634 16.060051 -1.659839 18.865426 -8.912475 -15.243330 0.000000 0.000000 0.000000 -9.898923 -33.305405 10.252515 -13.694151 -41.380171 1.411224 52.283211 -39.255200 -20.997485 0.000000 0.000000 0.000000 -0.862069 31.597630 13.647597 9.668265 61.153291 4.244223 -39.535465 21.086973 -5.176180 0.000000 0.000000 0.000000 
0.024231 0.943407 0.001827 -0.519007 1.900589 10.298284 9.633767 -0.578348 -20.912741 -2.660052 0.133438 11.232978 -2.879097 -0.039101 11.984971 0.000000 0.000000 0.000000 -5.922476 0.853741 -12.411970 -3.437739 0.210255 -2.146090 -4.959701 -15.374755 26.935635 0.000000 0.000000 0.000000 1.538713 -0.519777 7.944575 -8.095335 3.712498 0.037068 -9.366563 15.696154 -1.297745 18.571222 -8.853956 -15.060070 0.000000 0.000000 0.000000 -10.386579 -32.214112 9.939656 -15.058093 -40.575308 1.823599 53.239655 -43.069611 -23.451203 0.000000 0.000000 0.000000 0.822577 30.411171 13.641881 13.770139 59.503917 5.838531 -41.946171 26.763926 -7.344581 0.000000 0.000000 0.000000 
0.025279 0.942398 0.001677 -0.343026 1.588056 10.133480 9.604930 -0.562082 -20.889010 -3.085429 0.223474 11.613603 -2.687037 0.136671 11.716462 0.000000 0.000000 0.000000 -6.216004 0.846131 -12.589080 -3.416040 0.243106 -1.625108 -4.875986 -15.283960 26.481469 0.000000 0.000000 0.000000 1.479950 -0.512298 7.984092 -7.433540 3.415706 0.035983 -9.141101 14.829251 -0.823377 18.107346 -8.316938 -15.921480 0.000000 0.000000 0.000000 -10.276568 -30.761069 9.510442 -17.050599 -40.038768 2.350077 54.177809 -47.297184 -26.259049 0.000000 0.000000 0.000000 2.087949 29.146792 13.369529 16.380855 58.254011 6.671833 -43.444770 31.535701 -9.292386 0.000000 0.000000 0.000000 
0.025976 0.941401 0.001898 -0.287783 0.613955 9.933493 9.730342 -0.481864 -20.442820 -3.552710 0.345844 11.638273 -2.195046 0.726000 11.386728 0.000000 0.000000 0.000000 -6.389665 0.866884 -12.930113 -3.370672 0.277418 -0.999486 -4.439774 -14.813579 25.839742 0.000000 0.000000 0.000000 1.565578 -0.513662 7.957988 -7.161311 3.302519 0.002539 -8.818938 14.601926 -0.487310 17.988982 -8.081396 -16.590945 0.000000 0.000000 0.000000 -10.446346 -29.811267 9.256754 -18.370017 -39.175014 2.648996 55.668516 -51.241627 -29.356999 0.000000 0.000000 0.000000 3.612293 27.672107 13.107905 19.605048 56.557557 7.638804 -44.646350 37.236771 -11.637864 0.000000 0.000000 0.000000 
0.026605 0.940172 0.002648 -0.270599 0.413287 9.974548 9.874074 -0.450599 -20.398569 -3.906620 0.426077 11.656889 -2.019631 0.852217 11.014264 0.000000 0.000000 0.000000 -6.353683 0.891668 -13.331282 -3.575538 0.341796 -0.346911 -4.427713 -14.795320 25.364504 0.000000 0.000000 0.000000 1.808560 -0.530229 7.788643 -6.525589 2.992506 -0.498603 -8.315648 13.644521 0.447280 17.685419 -7.567937 -17.927409 0.000000 0.000000 0.000000 -10.156603 -28.424676 8.890157 -20.216573 -38.888851 3.056195 55.724818 -55.184497 -31.649110 0.000000 0.000000 0.000000 4.553947 26.361262 12.609981 22.314524 54.507968 8.181957 -45.386102 43.538954 -14.290834 0.000000 0.000000 0.000000 
0.027254 0.939957 0.004286 -0.292206 -0.267046 9.771477 9.924146 -0.399045 -19.874174 -4.093020 0.484334 11.594459 -1.695229 1.254221 10.806945 0.000000 0.000000 0.000000 -6.233869 0.906818 -13.216649 -3.851039 0.372369 -0.250847 -4.063645 -14.386638 25.084573 0.000000 0.000000 0.000000 2.288322 -0.554412 7.407888 -5.993589 2.752389 -0.640753 -7.834135 12.949684 0.914809 17.018750 -7.165636 -18.256601 0.000000 0.000000 0.000000 -10.367223 -27.381932 8.670566 -21.773382 -38.212086 3.376522 54.094615 -58.905851 -32.657023 0.000000 0.000000 0.000000 5.773410 24.654363 11.993540 26.672659 51.559656 9.100733 -45.760279 51.583707 -17.653793 0.000000 0.000000 0.000000 
0.028163 0.939396 0.006722 -0.224744 -0.568037 9.895637 9.789399 -0.403826 -19.629222 -4.114884 0.495499 11.338784 -1.496685 1.447730 10.503999 0.000000 0.000000 0.000000 -6.321934 0.916899 -13.388642 -3.965640 0.399167 -0.018082 -3.958558 -14.266888 24.812181 0.000000 0.000000 0.000000 2.809659 -0.565980 6.744964 -5.417218 2.485305 -0.825690 -7.525352 11.765039 1.228262 16.471790 -6.737435 -18.999169 0.000000 0.000000 0.000000 -9.892584 -25.770966 8.214636 -24.515524 -37.985321 4.009884 51.995774 -62.875970 -33.460514 0.000000 0.000000 0.000000 6.913706 22.599048 11.125127 30.923669 48.504839 9.733706 -44.849119 60.455435 -20.901398 0.000000 0.000000 0.000000 
0.029000 0.939280 0.009508 0.039492 -1.357009 9.874778 9.162465 -0.446575 -18.764336 -3.716840 0.428581 10.498107 -1.117301 1.936108 10.274702 0.000000 0.000000 0.000000 -6.526501 0.920791 -13.402422 -4.275257 0.430044 0.037998 -3.574298 -13.834702 24.515248 0.000000 0.000000 0.000000 3.151862 -0.567000 6.319112 -4.722237 2.151775 -1.638436 -7.003797 11.144303 2.027909 15.473334 -6.367259 -18.664738 0.000000 0.000000 0.000000 -10.052776 -24.291338 7.797362 -26.536003 -36.930162 4.286907 49.647796 -66.551256 -33.748892 0.000000 0.000000 0.000000 7.311783 20.146864 9.865501 35.384977 45.589977 10.333912 -40.501129 68.662632 -21.498711 0.000000 0.000000 0.000000 
0.029659 0.938780 0.011777 0.180815 -1.772650 10.041004 8.735497 -0.482557 -18.322682 -3.366566 0.365637 9.835869 -0.872976 2.217800 10.001249 0.000000 0.000000 0.000000 -6.605267 0.934030 -13.554171 -4.543168 0.456784 0.073473 -3.402134 -13.636674 24.254464 0.000000 0.000000 0.000000 3.823453 -0.576493 5.571995 -4.317599 1.968602 -1.751357 -6.657562 9.911819 2.492885 14.766631 -5.948317 -19.223442 0.000000 0.000000 0.000000 -9.655489 -22.188827 7.145275 -29.221578 -36.371420 4.768393 47.123478 -70.004976 -33.606936 0.000000 0.000000 0.000000 6.749226 17.813057 8.405968 39.809931 42.974831 10.914938 -34.432507 75.547699 -19.775382 0.000000 0.000000 0.000000 
0.029847 0.938300 0.013189 0.298404 -2.539555 9.993083 8.445256 -0.481722 -17.802382 -3.198126 0.347691 9.470565 -0.494472 2.722723 9.788496 0.000000 0.000000 0.000000 -6.918571 0.948866 -13.944491 -4.301065 0.475915 0.684524 -3.084600 -13.262030 23.789631 0.000000 0.000000 0.000000 4.183570 -0.593509 5.418146 -3.879831 1.764507 -2.130625 -6.342947 9.188535 2.828531 14.412844 -5.933585 -18.970907 0.000000 0.000000 0.000000 -9.932523 -21.238443 6.954814 -30.700446 -35.163781 4.823021 43.218807 -72.387338 -31.599249 0.000000 0.000000 0.000000 6.888782 15.692609 7.281599 42.332948 40.760457 10.807291 -19.220480 80.509389 -8.973222 0.000000 0.000000 0.000000 
0.029633 0.937909 0.013738 0.351745 -3.004468 10.153265 8.375956 -0.472185 -17.766120 -3.197174 0.357243 9.336595 -0.257409 3.062006 9.716525 0.000000 0.000000 0.000000 -6.938241 0.987010 -14.488324 -4.401458 0.524625 1.202542 -2.901278 -13.047788 23.500334 0.000000 0.000000 0.000000 4.664735 -0.625328 5.281078 -3.618468 1.645466 -2.217351 -6.194919 8.307059 2.924532 14.283206 -6.001432 -18.833646 0.000000 0.000000 0.000000 -9.925172 -19.915714 6.581563 -32.222705 -34.772321 5.048346 37.086356 -73.779893 -27.175282 0.000000 0.000000 0.000000 6.787652 14.540235 6.578519 43.587796 39.717054 10.740683 -6.883522 81.973380 1.094800 0.000000 0.000000 0.000000 
0.029311 0.937558 0.013944 0.339229 -3.698305 10.140576 8.467234 -0.427881 -17.595669 -3.370231 0.406437 9.351412 0.069153 3.536632 9.650214 0.000000 0.000000 0.000000 -6.963806 1.016389 -14.759781 -4.347575 0.532343 1.422764 -2.580219 -12.667553 23.197954 0.000000 0.000000 0.000000 4.984974 -0.632719 5.077068 -3.264822 1.491924 -1.959808 -6.157643 8.013127 3.052586 13.846938 -5.872321 -18.592656 0.000000 0.000000 0.000000 -9.987038 -19.235575 6.400419 -33.338697 -34.443260 5.194044 32.303544 -74.526049 -23.565151 0.000000 0.000000 0.000000 6.531535 13.621747 6.036940 44.605095 39.063223 10.771467 3.147281 82.351748 9.624175 0.000000 0.000000 0.000000 
0.029083 0.937157 0.014117 0.301091 -4.382278 10.029083 8.502770 -0.389123 -17.116378 -3.418198 0.428369 9.019811 0.393188 3.993268 9.526195 0.000000 0.000000 0.000000 -6.828740 1.048619 -14.873327 -4.529009 0.559450 1.557280 -2.245523 -12.259794 22.897388 0.000000 0.000000 0.000000 5.396636 -0.661494 5.074007 -3.095451 1.416449 -1.933715 -6.039592 7.818951 3.230216 13.833097 -5.944081 -18.530586 0.000000 0.000000 0.000000 -10.021997 -18.642256 6.247584 -34.323696 -34.292841 5.344298 28.016857 -74.864512 -20.143453 0.000000 0.000000 0.000000 6.516660 12.953835 5.659360 45.296739 39.465723 11.137764 6.995502 81.337492 12.523806 0.000000 0.000000 0.000000 
0.028964 0.937131 0.014440 0.327868 -5.145116 9.924127 8.417600 -0.364930 -16.680595 -3.408469 0.440652 8.776882 0.731597 4.507850 9.539422 0.000000 0.000000 0.000000 -6.803805 1.069045 -14.862373 -4.653339 0.557711 1.428985 -1.844993 -11.783866 22.720843 0.000000 0.000000 0.000000 5.717384 -0.659550 4.813348 -3.081909 1.414250 -1.673675 -6.058089 7.930602 3.025736 14.198771 -6.188355 -18.514226 0.000000 0.000000 0.000000 -10.039750 -18.643772 6.291954 -34.652222 -34.200178 5.402307 24.999258 -74.151307 -17.488261 0.000000 0.000000 0.000000 6.215419 12.998807 5.599029 45.328977 40.218781 11.503910 1.438036 79.678224 7.358096 0.000000 0.000000 0.000000 
0.028855 0.937352 0.014827 0.347700 -6.037038 9.790232 8.427846 -0.324154 -15.981061 -3.576639 0.485290 8.177337 1.102228 5.087600 9.652114 0.000000 0.000000 0.000000 -6.847204 1.082923 -14.768789 -4.639771 0.527712 1.153229 -1.363015 -11.220836 22.619442 0.000000 0.000000 0.000000 6.199678 -0.674800 4.648458 -3.108229 1.427248 -1.585538 -6.169074 8.174395 2.799724 14.593742 -6.567437 -18.009835 0.000000 0.000000 0.000000 -10.104658 -18.832981 6.408876 -35.102714 -34.857088 5.698493 23.732149 -72.886510 -16.073683 0.000000 0.000000 0.000000 6.169831 13.553376 5.801196 44.278564 41.523152 11.722152 -4.757193 77.490388 1.953726 0.000000 0.000000 0.000000 
0.028549 0.937882 0.015178 0.421741 -6.675350 9.727695 8.261002 -0.319134 -15.541647 -3.487897 0.475595 7.781523 1.352847 5.507194 9.873623 0.000000 0.000000 0.000000 -6.862992 1.091962 -14.666900 -4.743312 0.507058 0.827020 -0.996375 -10.811159 22.670738 0.000000 0.000000 0.000000 6.573273 -0.677909 4.439111 -2.932988 1.351916 -1.426167 -6.371996 8.416837 2.378361 14.977323 -6.971844 -17.294987 0.000000 0.000000 0.000000 -9.828315 -19.506608 6.700421 -34.873641 -35.779190 5.932601 25.709689 -71.096386 -16.983631 0.000000 0.000000 0.000000 5.716433 13.989805 5.922207 42.999983 43.093288 11.998050 -9.721265 75.085374 -2.023180 0.000000 0.000000 0.000000 
0.028020 0.938394 0.015461 0.425964 -7.194889 9.497549 8.299504 -0.290969 -14.954992 -3.590258 0.500512 7.416534 1.538462 5.817074 10.068635 0.000000 0.000000 0.000000 -6.770628 1.089645 -14.353960 -4.849959 0.487742 0.509525 -0.677494 -10.445758 22.701447 0.000000 0.000000 0.000000 7.033079 -0.692026 4.332351 -2.700330 1.249585 -1.290924 -6.606333 8.481571 2.084082 15.417294 -7.507776 -16.320824 0.000000 0.000000 0.000000 -9.764906 -19.668370 6.786324 -34.845422 -37.235682 6.359322 27.288800 -69.653405 -17.620298 0.000000 0.000000 0.000000 5.320245 14.624250 6.116857 41.669077 44.779169 12.250647 -14.165058 72.303236 -5.288466 0.000000 0.000000 0.000000 
0.027199 0.938793 0.015653 0.577464 -7.566187 9.495825 8.243632 -0.285172 -14.813165 -3.740511 0.534267 7.284558 1.662162 6.046171 10.328556 0.000000 0.000000 0.000000 -6.746742 1.087135 -14.130299 -5.108065 0.461335 -0.058401 -0.451072 -10.197428 22.765731 0.000000 0.000000 0.000000 7.353391 -0.690595 4.117177 -2.667053 1.239836 -1.054299 -6.719023 8.471293 1.686545 15.600048 -7.819811 -15.582382 0.000000 0.000000 0.000000 -9.327625 -20.640192 7.221378 -34.247346 -38.583643 6.609789 30.531532 -67.644260 -19.156755 0.000000 0.000000 0.000000 4.830174 15.340443 6.336388 40.326822 46.493035 12.478413 -18.078448 69.252190 -7.790844 0.000000 0.000000 0.000000 
0.026268 0.939435 0.015849 0.596310 -8.038645 9.562864 8.217870 -0.273010 -14.517867 -3.697467 0.527463 6.832280 1.835140 6.353262 10.641516 0.000000 0.000000 0.000000 -6.665361 1.093954 -13.959822 -5.196304 0.411520 -0.685294 -0.151667 -9.886980 22.935592 0.000000 0.000000 0.000000 7.540051 -0.686179 3.961745 -2.386039 1.112105 -1.012121 -6.891640 8.554416 1.192566 16.013894 -8.142705 -15.298615 0.000000 0.000000 0.000000 -9.295587 -21.212927 7.479566 -33.748913 -39.748612 6.844563 31.628287 -65.699591 -19.171113 0.000000 0.000000 0.000000 4.517463 16.139669 6.618211 39.115178 48.005055 12.645598 -19.985435 65.933596 -8.642761 0.000000 0.000000 0.000000 
0.025150 0.940025 0.016118 0.775382 -8.440394 9.611960 7.965048 -0.292041 -14.324519 -3.533580 0.498708 6.526947 1.975447 6.611113 10.973264 0.000000 0.000000 0.000000 -6.681029 1.095844 -13.837341 -5.404100 0.383301 -1.181876 0.088913 -9.635499 23.041079 0.000000 0.000000 0.000000 7.735219 -0.682322 3.812347 -2.376473 1.101738 -1.235742 -7.013731 8.774036 1.203463 16.111550 -8.383586 -14.682048 0.000000 0.000000 0.000000 -9.070301 -21.862096 7.753529 -33.220774 -40.998160 7.032678 32.789216 -63.992010 -19.286699 0.000000 0.000000 0.000000 4.061828 16.604508 6.749630 38.538138 49.590215 13.065824 -21.524206 62.675958 -9.075488 0.000000 0.000000 0.000000 
0.024013 0.940781 0.016565 0.861768 -8.676476 9.691089 7.974566 -0.285434 -13.987535 -3.630654 0.511342 5.897411 2.021134 6.733398 11.356333 0.000000 0.000000 0.000000 -6.633220 1.106281 -13.862936 -5.534757 0.377381 -1.352253 0.242062 -9.491518 23.177963 0.000000 0.000000 0.000000 7.845036 -0.668794 3.606538 -2.258531 1.046911 -1.267798 -7.105652 8.928885 0.868088 16.559970 -8.707481 -14.483778 0.000000 0.000000 0.000000 -8.944607 -22.315866 7.928202 -32.375522 -42.181371 7.126398 32.927158 -62.213633 -18.718869 0.000000 0.000000 0.000000 3.603929 17.202726 6.937802 37.787552 50.769811 13.266520 -21.799293 59.443339 -8.702456 0.000000 0.000000 0.000000 
0.022994 0.941599 0.017103 0.946787 -8.886980 9.703994 7.741033 -0.306232 -13.681161 -3.319775 0.452636 5.454217 2.071651 6.852945 11.687461 0.000000 0.000000 0.000000 -6.550390 1.101854 -13.643425 -5.730263 0.350594 -1.812403 0.411586 -9.338341 23.383577 0.000000 0.000000 0.000000 7.966105 -0.666994 3.532457 -2.215459 1.019976 -1.548244 -7.164345 9.114620 0.943706 16.687467 -8.776764 -14.538963 0.000000 0.000000 0.000000 -8.583624 -22.665530 8.050472 -31.676103 -42.995839 7.106596 33.505740 -61.038810 -18.643034 0.000000 0.000000 0.000000 3.468986 17.530801 7.059372 37.392882 51.799553 13.508273 -22.110348 56.881141 -8.430918 0.000000 0.000000 0.000000 
0.022261 0.942274 0.017613 1.019714 -8.891983 9.774063 7.556664 -0.328056 -13.346435 -3.071352 0.402644 4.777030 2.029693 6.831577 11.971164 0.000000 0.000000 0.000000 -6.427958 1.111798 -13.696736 -6.008145 0.373313 -1.801903 0.447444 -9.329213 23.527594 0.000000 0.000000 0.000000 8.071214 -0.669233 3.477934 -2.383924 1.094634 -1.601205 -7.217749 9.272629 0.811626 17.104420 -8.908776 -14.937351 0.000000 0.000000 0.000000 -8.144582 -23.089001 8.176798 -30.701957 -43.905917 7.023401 33.678268 -60.105034 -18.426491 0.000000 0.000000 0.000000 3.363769 18.114148 7.303706 36.009638 52.141526 13.036974 -23.025962 54.795970 -8.524374 0.000000 0.000000 0.000000 
0.022025 0.942974 0.017726 1.069305 -8.930826 9.856812 7.296004 -0.358031 -13.298298 -2.696712 0.337601 4.543274 2.020833 6.853603 12.210053 0.000000 0.000000 0.000000 -6.416235 1.111703 -13.656704 -6.096502 0.357286 -2.049316 0.515325 -9.301153 23.774312 0.000000 0.000000 0.000000 8.143400 -0.682753 3.541229 -2.363200 1.083317 -1.666616 -7.297966 9.534179 0.732682 17.582431 -8.996007 -15.595602 0.000000 0.000000 0.000000 -7.543986 -23.573295 8.302911 -29.693363 -44.514674 6.822144 34.532123 -59.076174 -18.606032 0.000000 0.000000 0.000000 3.241100 18.616290 7.523220 34.151118 52.369447 12.301239 -23.898518 53.228121 -8.635693 0.000000 0.000000 0.000000 
0.022272 0.943379 0.017385 1.244494 -8.907964 10.106761 7.164724 -0.379977 -13.581237 -2.806624 0.355003 4.437056 1.980845 6.832678 12.443287 0.000000 0.000000 0.000000 -6.620348 1.126163 -13.992557 -6.123856 0.362787 -2.006528 0.501868 -9.356190 23.935631 0.000000 0.000000 0.000000 8.148375 -0.700865 3.636242 -2.463598 1.129748 -1.614671 -7.223790 9.592975 0.549536 18.173276 -9.119487 -16.349687 0.000000 0.000000 0.000000 -7.322100 -24.008961 8.462880 -28.602406 -45.100596 6.605712 34.846427 -58.429720 -18.541695 0.000000 0.000000 0.000000 2.909410 19.088711 7.677156 32.396963 52.522450 11.583778 -25.107527 52.044228 -8.983862 0.000000 0.000000 0.000000 
0.023022 0.943788 0.016586 1.245303 -8.946611 10.344420 6.966977 -0.408000 -13.992179 -2.530157 0.309257 4.605015 2.005394 6.890197 12.572202 0.000000 0.000000 0.000000 -6.753692 1.137441 -14.207781 -5.983851 0.333143 -2.205190 0.552955 -9.358073 24.212092 0.000000 0.000000 0.000000 8.220142 -0.724923 3.759051 -2.350697 1.077918 -1.659357 -7.223849 9.727470 0.602199 18.733383 -9.292437 -16.896154 0.000000 0.000000 0.000000 -6.848892 -24.399430 8.581947 -28.054982 -45.704853 6.533802 34.935695 -57.728082 -18.332590 0.000000 0.000000 0.000000 2.461186 19.347204 7.722755 31.074787 52.808483 11.102747 -26.197346 50.887449 -9.237300 0.000000 0.000000 0.000000 
0.023959 0.944085 0.015444 1.314318 -8.897855 10.633623 6.806851 -0.436294 -14.449307 -2.444406 0.294040 4.657587 1.979573 6.878948 12.714142 0.000000 0.000000 0.000000 -7.020380 1.157344 -14.712428 -5.768819 0.334803 -2.001879 0.518723 -9.444170 24.409707 0.000000 0.000000 0.000000 8.075203 -0.760372 4.091567 -2.270131 1.045223 -1.493899 -7.064575 9.639329 0.657281 19.054608 -9.386675 -17.244833 0.000000 0.000000 0.000000 -6.867077 -24.777868 8.763615 -27.188197 -46.273555 6.363157 35.150979 -57.280378 -18.232433 0.000000 0.000000 0.000000 2.531067 19.712921 7.887637 30.276129 52.981342 10.768173 -27.815665 50.359858 -9.867506 0.000000 0.000000 0.000000 
0.024986 0.944444 0.014174 1.402322 -8.891579 10.942329 6.603603 -0.471107 -15.052973 -2.330397 0.274644 4.919295 1.975044 6.901690 12.874550 0.000000 0.000000 0.000000 -7.311387 1.167501 -15.072396 -5.559615 0.306541 -2.135821 0.526260 -9.498192 24.698335 0.000000 0.000000 0.000000 7.802980 -0.805428 4.615159 -1.872448 0.866405 -1.479935 -7.207691 9.610816 0.694177 19.488033 -9.535161 -17.599972 0.000000 0.000000 0.000000 -6.414906 -25.130796 8.880285 -26.259799 -47.273977 6.225091 34.422470 -55.821741 -17.236909 0.000000 0.000000 0.000000 2.961348 19.819103 8.027223 30.022944 53.387636 10.754210 -29.104355 49.842325 -10.310185 0.000000 0.000000 0.000000 
0.025801 0.944510 0.013115 1.459073 -8.945427 11.275421 6.442029 -0.500161 -15.595541 -2.215098 0.255199 5.090440 2.013330 6.973331 12.962663 0.000000 0.000000 0.000000 -7.661157 1.182736 -15.561235 -5.176069 0.281390 -2.080033 0.522574 -9.540317 24.843865 0.000000 0.000000 0.000000 7.519197 -0.812320 4.793636 -1.669028 0.789898 -0.767376 -7.001936 9.272987 0.302366 19.442131 -9.625350 -17.168749 0.000000 0.000000 0.000000 -6.316584 -25.575469 9.112300 -24.835887 -48.005526 5.904144 33.820652 -54.410739 -16.295931 0.000000 0.000000 0.000000 3.200872 20.115114 8.172495 30.111507 53.235725 10.719456 -30.359753 49.942448 -10.939404 0.000000 0.000000 0.000000 
0.026386 0.944929 0.012255 1.425075 -9.121783 11.495313 6.335222 -0.512572 -15.795313 -2.029713 0.225130 4.975877 2.089506 7.104018 13.139460 0.000000 0.000000 0.000000 -7.813171 1.199610 -15.861134 -4.922468 0.254817 -2.155566 0.631316 -9.475001 25.076531 0.000000 0.000000 0.000000 7.172360 -0.846060 5.371333 -1.107542 0.537545 -0.623935 -7.045602 9.058113 0.262827 19.448599 -9.862627 -16.452000 0.000000 0.000000 0.000000 -5.716026 -25.778169 9.188061 -23.613468 -48.948960 5.622550 32.713926 -52.476278 -14.957774 0.000000 0.000000 0.000000 3.608385 20.123018 8.230694 30.762383 53.590162 11.089652 -31.575288 50.476079 -11.660212 0.000000 0.000000 0.000000 
0.026748 0.944795 0.011397 1.342737 -9.364616 11.792727 6.529856 -0.485545 -16.232735 -2.250568 0.265921 5.171111 2.225464 7.300165 13.183949 0.000000 0.000000 0.000000 -7.860087 1.237092 -16.356707 -4.756079 0.249109 -2.047324 0.735657 -9.387060 25.122451 0.000000 0.000000 0.000000 6.940352 -0.862363 5.686164 -0.787321 0.399425 -0.194778 -7.052490 8.901078 0.356127 19.441823 -10.014848 -16.007988 0.000000 0.000000 0.000000 -5.122223 -25.899595 9.223984 -22.171696 -49.687126 5.189707 32.069088 -51.087289 -14.095901 0.000000 0.000000 0.000000 4.063378 20.081299 8.274461 31.201823 53.908109 11.342786 -32.763419 51.368907 -12.486067 0.000000 0.000000 0.000000 
0.027043 0.944731 0.010105 1.259357 -9.500806 11.989169 6.625895 -0.471907 -16.657707 -2.272616 0.271950 5.459635 2.307240 7.420294 13.216680 0.000000 0.000000 0.000000 -7.919364 1.261431 -16.714179 -4.536524 0.236301 -1.988780 0.796061 -9.346317 25.198766 0.000000 0.000000 0.000000 6.690893 -0.913739 6.452698 -0.390014 0.219645 -0.149928 -7.115046 8.873341 0.603030 19.800138 -10.265913 -15.976790 0.000000 0.000000 0.000000 -4.380427 -26.211782 9.298464 -21.148623 -50.171704 4.832891 32.188301 -49.451037 -13.590667 0.000000 0.000000 0.000000 4.337543 20.055612 8.313944 31.656087 53.897888 11.509520 -34.234128 52.439564 -13.498715 0.000000 0.000000 0.000000 
0.027402 0.944569 0.008303 1.209575 -9.603046 12.347506 6.614717 -0.475220 -17.468729 -2.151835 0.253232 6.032209 2.385251 7.539286 13.258044 0.000000 0.000000 0.000000 -8.005973 1.297892 -17.284818 -4.360025 0.227775 -1.912972 0.826815 -9.350961 25.304270 0.000000 0.000000 0.000000 6.490812 -0.938359 6.867516 -0.107010 0.096919 0.360892 -7.322981 8.984807 0.653229 19.720278 -10.353763 -15.522812 0.000000 0.000000 0.000000 -3.865611 -26.507342 9.352010 -20.313287 -50.397222 4.504394 32.028840 -48.373131 -13.179122 0.000000 0.000000 0.000000 4.692038 20.316881 8.524742 31.152072 53.681258 11.179101 -34.912310 52.726637 -13.872707 0.000000 0.000000 0.000000 
0.027869 0.944309 0.006028 1.301014 -9.470898 12.686769 6.666557 -0.479151 -18.333020 -2.371371 0.293628 6.542640 2.330075 7.481817 13.325728 0.000000 0.000000 0.000000 -8.241772 1.318221 -17.923890 -4.204619 0.236120 -1.656561 0.709813 -9.503421 25.375872 0.000000 0.000000 0.000000 6.266887 -0.991025 7.651155 0.264815 -0.073014 0.488981 -7.623818 9.044528 0.830842 19.912698 -10.386062 -15.774822 0.000000 0.000000 0.000000 -3.264757 -26.633193 9.323739 -20.363327 -50.370670 4.462678 32.280824 -47.723062 -13.111168 0.000000 0.000000 0.000000 4.856222 20.362966 8.624025 31.007415 53.412546 11.010236 -34.935393 52.776820 -13.830366 0.000000 0.000000 0.000000 
0.028278 0.944152 0.003587 1.326719 -9.523091 12.913664 6.800173 -0.457206 -19.220041 -2.629835 0.349901 7.370474 2.358031 7.540207 13.419516 0.000000 0.000000 0.000000 -8.309625 1.353218 -18.539424 -4.195532 0.260795 -1.315956 0.715025 -9.524686 25.437615 0.000000 0.000000 0.000000 6.087699 -1.033807 8.359654 0.512658 -0.184177 0.868730 -7.826333 9.424202 0.943131 20.302901 -10.583942 -15.880480 0.000000 0.000000 0.000000 -3.389176 -26.997778 9.437677 -20.275067 -50.061582 4.337987 31.845639 -47.607126 -12.920389 0.000000 0.000000 0.000000 5.237876 20.488233 8.823555 30.160928 52.714501 10.391076 -34.387931 53.193048 -13.599319 0.000000 0.000000 0.000000 
0.028656 0.944061 0.001184 1.331527 -9.436097 13.026272 6.914831 -0.442050 -19.782138 -2.805078 0.387574 7.819749 2.311405 7.492617 13.497504 0.000000 0.000000 0.000000 -8.411892 1.362403 -18.875325 -4.060530 0.260960 -1.178536 0.663453 -9.604537 25.542085 0.000000 0.000000 0.000000 6.050051 -1.093089 9.112860 0.739976 -0.288649 1.394432 -8.096003 9.645245 0.935047 20.851545 -10.766532 -16.312580 0.000000 0.000000 0.000000 -3.225307 -27.266451 9.485811 -20.579495 -49.745483 4.368076 31.798156 -47.714573 -12.987453 0.000000 0.000000 0.000000 5.429911 20.578373 8.964671 29.602194 52.009718 9.927263 -33.732841 52.898346 -13.115470 0.000000 0.000000 0.000000 
0.028811 0.944073 -0.000852 1.273845 -9.432280 13.306954 6.908583 -0.441897 -20.334072 -2.642812 0.357591 8.033168 2.314262 7.515445 13.609479 0.000000 0.000000 0.000000 -8.389244 1.397841 -19.387820 -4.026060 0.269203 -1.027733 0.661532 -9.647478 25.686822 0.000000 0.000000 0.000000 5.939495 -1.113542 9.481768 0.949776 -0.385341 1.710518 -8.257719 9.986398 1.181090 21.202925 -11.006318 -16.263385 0.000000 0.000000 0.000000 -3.604575 -27.805189 9.699907 -20.797084 -49.338291 4.355212 31.610758 -47.967687 -13.023007 0.000000 0.000000 0.000000 5.653759 20.686944 9.124814 29.174423 51.214348 9.479992 -32.780991 52.864780 -12.561187 0.000000 0.000000 0.000000 
0.028767 0.943855 -0.002450 1.252374 -9.424727 13.407999 6.991996 -0.427151 -20.587500 -2.698430 0.369373 8.108745 2.314436 7.521000 13.635486 0.000000 0.000000 0.000000 -8.233863 1.427075 -19.643528 -4.254130 0.294292 -0.941006 0.666244 -9.651583 25.702501 0.000000 0.000000 0.000000 5.907381 -1.146814 9.931903 0.901765 -0.360688 2.213755 -8.275408 9.980439 1.059726 21.340956 -11.163827 -16.030794 0.000000 0.000000 0.000000 -4.244790 -28.182086 9.917027 -21.133816 -48.797823 4.431055 30.717408 -48.143513 -12.655781 0.000000 0.000000 0.000000 6.089659 20.924415 9.339255 28.779966 50.360222 9.030059 -31.242298 52.484059 -11.703647 0.000000 0.000000 0.000000 
0.028472 0.943604 -0.003775 1.135585 -9.681337 13.477101 7.346234 -0.350103 -20.891589 -3.054430 0.451887 8.486693 2.440598 7.697825 13.673464 0.000000 0.000000 0.000000 -8.141231 1.466908 -19.966323 -4.157979 0.299895 -0.743422 0.782421 -9.527460 25.642236 0.000000 0.000000 0.000000 5.863206 -1.177829 10.440727 0.951796 -0.379937 2.468029 -8.342433 10.151804 0.981111 21.360872 -11.143472 -16.094833 0.000000 0.000000 0.000000 -4.768361 -28.807248 10.223958 -21.681193 -48.151995 4.557052 29.801793 -48.228638 -12.258800 0.000000 0.000000 0.000000 6.079999 21.347506 9.554067 28.301870 49.344885 8.528454 -30.010041 51.836969 -10.935778 0.000000 0.000000 0.000000 
0.027899 0.943305 -0.005170 1.167625 -9.929488 13.449804 7.442608 -0.319560 -20.938728 -3.212241 0.490278 8.546799 2.552708 7.854068 13.722503 0.000000 0.000000 0.000000 -8.019964 1.508983 -20.309796 -4.358252 0.345695 -0.356231 0.887446 -9.394682 25.482009 0.000000 0.000000 0.000000 5.725582 -1.197370 11.016803 1.017045 -0.406041 2.831082 -8.418124 10.033181 0.668274 21.257052 -11.009521 -16.231478 0.000000 0.000000 0.000000 -5.324606 -29.388239 10.558786 -21.984255 -47.833625 4.671424 29.105047 -48.275362 -11.911135 0.000000 0.000000 0.000000 6.398750 21.779552 9.805631 28.046117 48.603203 8.197345 -28.680977 51.351569 -10.227820 0.000000 0.000000 0.000000 
0.027152 0.943092 -0.006835 1.048057 -10.060957 13.519584 7.767663 -0.249799 -21.304787 -3.439376 0.548951 8.966618 2.612645 7.946430 13.791147 0.000000 0.000000 0.000000 -7.929822 1.550942 -20.723177 -4.194840 0.361169 0.032242 0.925366 -9.348449 25.403095 0.000000 0.000000 0.000000 5.566362 -1.227898 11.786349 1.118576 -0.452988 2.846510 -8.350537 9.950572 0.716018 21.022067 -10.786760 -16.447759 0.000000 0.000000 0.000000 -5.577247 -30.316725 11.021523 -22.048408 -47.912177 4.719745 28.885321 -48.174643 -11.728220 0.000000 0.000000 0.000000 6.108472 22.306514 9.977044 27.965196 48.164679 8.034898 -28.320462 51.004054 -9.997822 0.000000 0.000000 0.000000 
0.026193 0.942854 -0.008730 1.068871 -10.114621 13.558454 7.850431 -0.226000 -21.629854 -3.471483 0.563649 9.275191 2.627206 7.979841 13.884663 0.000000 0.000000 0.000000 -7.860741 1.585847 -21.112399 -4.238385 0.395488 0.416091 0.922142 -9.340052 25.295573 0.000000 0.000000 0.000000 5.476392 -1.250410 12.321583 1.039845 -0.412965 3.149447 -8.120467 9.521015 0.615044 20.594810 -10.418733 -16.757254 0.000000 0.000000 0.000000 -5.833172 -30.940432 11.411965 -21.662099 -48.485174 4.708455 28.920577 -47.705500 -11.514575 0.000000 0.000000 0.000000 5.618431 22.760680 10.016724 28.366449 48.285988 8.227639 -28.245480 50.574164 -9.929917 0.000000 0.000000 0.000000 
0.025118 0.942550 -0.010618 0.971609 -10.230259 13.702952 8.195142 -0.152432 -21.885710 -3.726638 0.622394 9.334088 2.679007 8.061717 13.977178 0.000000 0.000000 0.000000 -7.858837 1.615444 -21.431660 -3.933657 0.370816 0.472947 0.943533 -9.317469 25.246354 0.000000 0.000000 0.000000 5.392912 -1.270269 12.808394 1.068245 -0.424350 3.177132 -7.889711 9.095499 0.758646 19.559555 -9.909217 -16.415661 0.000000 0.000000 0.000000 -6.177493 -31.781334 11.942239 -21.103148 -48.654588 4.555942 28.944604 -47.243820 -11.283692 0.000000 0.000000 0.000000 5.400086 23.117773 10.062916 28.826733 48.322223 8.389253 -28.412709 50.587281 -10.079854 0.000000 0.000000 0.000000 
0.023976 0.942444 -0.012381 0.913044 -10.291841 13.757373 8.453249 -0.098234 -22.043598 -3.899348 0.662055 9.375215 2.692759 8.095579 14.104356 0.000000 0.000000 0.000000 -7.822558 1.643577 -21.738475 -3.742605 0.371333 0.713634 0.947410 -9.311150 25.198432 0.000000 0.000000 0.000000 5.346739 -1.303641 13.446879 1.012164 -0.396345 3.178489 -7.573752 8.581979 0.571836 18.808864 -9.453538 -16.406687 0.000000 0.000000 0.000000 -6.885742 -32.384179 12.455782 -20.245625 -48.588190 4.290045 28.936406 -46.713681 -11.021531 0.000000 0.000000 0.000000 5.665837 23.492807 10.211485 29.695250 48.055271 8.625950 -28.183857 51.060269 -10.170421 0.000000 0.000000 0.000000 
0.022931 0.942245 -0.014099 0.868293 -10.265166 13.881268 8.599387 -0.068401 -22.283900 -3.902705 0.662557 9.398694 2.676694 8.085975 14.192109 0.000000 0.000000 0.000000 -7.823689 1.664065 -22.026516 -3.537697 0.360445 0.826703 0.902442 -9.362395 25.171136 0.000000 0.000000 0.000000 5.040460 -1.279854 13.850069 1.089220 -0.433370 3.287551 -7.256518 8.248689 0.446812 17.679235 -8.783495 -16.325165 0.000000 0.000000 0.000000 -7.315170 -33.187053 12.990204 -19.525016 -48.613365 4.058883 28.517678 -45.798045 -10.516786 0.000000 0.000000 0.000000 5.836767 23.468406 10.192826 30.977161 47.612521 8.984330 -28.772002 52.070061 -10.725958 0.000000 0.000000 0.000000 
0.021899 0.942271 -0.015783 0.668016 -10.021527 13.927556 8.976494 -0.003824 -22.555055 -4.004177 0.684714 9.605654 2.550931 7.930850 14.269734 0.000000 0.000000 0.000000 -7.648918 1.681097 -22.160575 -3.322929 0.350918 0.956522 0.784640 -9.501528 25.232162 0.000000 0.000000 0.000000 4.993080 -1.295014 14.129155 1.218659 -0.499889 3.174972 -7.199728 8.025493 0.496902 17.141509 -8.553955 -16.000744 0.000000 0.000000 0.000000 -7.447604 -33.521611 13.204452 -18.895455 -48.972396 3.876274 27.717531 -44.589934 -9.829536 0.000000 0.000000 0.000000 6.614972 23.269857 10.250205 32.287241 47.000062 9.269750 -29.457196 53.440618 -11.400337 0.000000 0.000000 0.000000 
0.020892 0.942202 -0.017154 0.525984 -9.734672 14.090851 9.207920 0.034476 -23.025851 -3.960184 0.676911 9.930881 2.414092 7.763975 14.336635 0.000000 0.000000 0.000000 -7.813033 1.651810 -22.145104 -2.652208 0.265670 0.621275 0.611830 -9.708442 25.348189 0.000000 0.000000 0.000000 4.632188 -1.235814 14.018590 1.298038 -0.542477 3.394978 -6.817197 7.646128 0.430723 15.835925 -8.023041 -15.040613 0.000000 0.000000 0.000000 -7.338693 -33.921290 13.441642 -18.419528 -48.725042 3.678959 27.366092 -43.855664 -9.455498 0.000000 0.000000 0.000000 6.746462 22.935425 10.079087 33.677204 46.360561 9.591665 -30.870532 54.813782 -12.500503 0.000000 0.000000 0.000000 
0.019891 0.942308 -0.017867 0.267080 -9.411193 14.147535 9.650540 0.109481 -23.295982 -4.085642 0.704784 10.207696 2.255975 7.563438 14.379396 0.000000 0.000000 0.000000 -7.556258 1.651443 -21.939252 -2.475922 0.228342 0.277420 0.485436 -9.860072 25.478063 0.000000 0.000000 0.000000 4.471966 -1.202486 13.769652 1.103549 -0.452831 3.638384 -6.393376 7.115698 0.259221 14.748289 -7.564926 -14.275412 0.000000 0.000000 0.000000 -7.887203 -33.794771 13.592688 -18.555137 -48.190692 3.703067 26.633074 -43.748899 -9.076422 0.000000 0.000000 0.000000 7.451936 22.837717 10.091803 34.379944 44.992446 9.379982 -31.161612 56.490139 -13.204679 0.000000 0.000000 0.000000 
0.018795 0.942497 -0.017813 0.117864 -9.080535 14.215771 9.791236 0.114811 -23.309016 -3.899771 0.651707 10.061746 2.101490 7.362854 14.403081 0.000000 0.000000 0.000000 -7.495863 1.641494 -21.903333 -2.172370 0.202369 0.274367 0.313773 -10.051879 25.534530 0.000000 0.000000 0.000000 4.110424 -1.132033 13.491625 1.083443 -0.450027 3.500243 -6.217850 7.132610 0.577185 13.987938 -7.088767 -14.317980 0.000000 0.000000 0.000000 -8.208860 -33.610247 13.558980 -18.919206 -47.610311 3.739259 25.855655 -44.272370 -8.885923 0.000000 0.000000 0.000000 7.794123 22.486261 10.012206 35.488543 44.031261 9.434258 -32.302838 57.746653 -14.142307 0.000000 0.000000 0.000000 
0.017491 0.942310 -0.017047 -0.133012 -8.967851 14.212867 10.140346 0.171918 -23.161584 -3.900002 0.647623 9.981050 2.070034 7.305077 14.294836 0.000000 0.000000 0.000000 -7.064413 1.649565 -21.420484 -2.283289 0.172602 -0.367627 0.300702 -10.047413 25.497914 0.000000 0.000000 0.000000 3.901711 -1.074817 13.038621 0.712416 -0.270654 3.692036 -6.286361 7.240970 0.450192 13.827676 -6.952503 -14.396451 0.000000 0.000000 0.000000 -8.172743 -32.988305 13.206406 -20.287562 -46.465497 4.067409 25.235190 -45.673534 -8.988667 0.000000 0.000000 0.000000 8.439493 22.051758 9.958200 35.942562 43.138224 9.287333 -31.572190 58.954872 -14.055337 0.000000 0.000000 0.000000 
0.015965 0.941965 -0.015882 -0.195266 -8.975278 14.200574 10.355368 0.206362 -22.936573 -4.010774 0.668020 9.808647 2.089379 7.315749 14.207002 0.000000 0.000000 0.000000 -6.844383 1.638759 -20.946698 -2.370681 0.139406 -1.021635 0.310836 -10.002051 25.347957 0.000000 0.000000 0.000000 3.599974 -0.997918 12.544931 0.215072 -0.028588 3.512213 -6.524040 7.866780 0.568193 14.267269 -7.040400 -14.989996 0.000000 0.000000 0.000000 -7.970667 -32.520890 12.805771 -20.884372 -45.329910 4.074283 24.303313 -46.643186 -8.901039 0.000000 0.000000 0.000000 8.455823 21.949217 10.029894 35.860087 42.797647 9.148957 -32.123726 58.494822 -14.091426 0.000000 0.000000 0.000000 
0.014370 0.941010 -0.014692 -0.315043 -8.682242 14.135371 10.727700 0.250079 -22.725016 -4.244096 0.707974 9.668398 1.997884 7.152894 13.904383 0.000000 0.000000 0.000000 -6.586840 1.609543 -20.364296 -2.401588 0.105682 -1.633827 0.134173 -10.124543 25.050164 0.000000 0.000000 0.000000 3.394832 -0.936374 11.933508 -0.193502 0.164340 3.510889 -6.702824 8.545735 0.619581 14.533780 -6.977792 -15.661092 0.000000 0.000000 0.000000 -7.462440 -32.086247 12.338635 -21.445194 -44.174794 4.048906 24.206921 -47.293289 -9.146010 0.000000 0.000000 0.000000 7.991781 22.480705 10.333448 34.458050 43.564313 8.951986 -31.697922 56.567555 -13.166769 0.000000 0.000000 0.000000 
0.012779 0.940622 -0.013773 -0.403828 -8.456736 13.950641 10.832996 0.239494 -22.293583 -4.087481 0.661187 9.354267 1.911678 7.007863 13.722903 0.000000 0.000000 0.000000 -6.310688 1.570677 -19.618424 -2.494741 0.068642 -2.372873 0.043092 -10.177594 24.914704 0.000000 0.000000 0.000000 3.343395 -0.906982 11.517448 -0.739827 0.424959 3.345649 -7.198496 9.628314 0.549522 15.611818 -7.487881 -15.915636 0.000000 0.000000 0.000000 -6.525129 -32.220507 11.993701 -20.163782 -43.051160 3.430813 23.980278 -46.930043 -9.156464 0.000000 0.000000 0.000000 7.038328 23.359683 10.752299 32.295576 45.002254 8.727861 -32.697249 53.079597 -12.524648 0.000000 0.000000 0.000000 
0.011500 0.940235 -0.013004 -0.401731 -8.125091 13.759231 11.097209 0.258804 -22.077842 -4.390509 0.716459 9.313061 1.756375 6.781670 13.605565 0.000000 0.000000 0.000000 -6.213464 1.525054 -19.062870 -2.493290 0.046738 -2.761343 -0.137699 -10.325090 24.742982 0.000000 0.000000 0.000000 2.953223 -0.828725 11.115257 -1.175333 0.624859 2.982671 -7.425058 10.908806 0.651391 16.707343 -7.728867 -17.098009 0.000000 0.000000 0.000000 -5.540051 -32.687472 11.788884 -18.320018 -42.867650 2.755749 24.007192 -45.218958 -8.973558 0.000000 0.000000 0.000000 5.581826 24.611727 11.208457 28.320276 47.366931 8.068709 -33.280338 49.056288 -11.538509 0.000000 0.000000 0.000000 
0.010508 0.940876 -0.012163 -0.519072 -7.863798 13.596499 11.044704 0.225624 -21.872302 -3.975548 0.622866 9.305849 1.611201 6.594147 13.670180 0.000000 0.000000 0.000000 -5.805671 1.498395 -18.360058 -2.821918 0.025832 -3.460223 -0.160968 -10.363159 24.976131 0.000000 0.000000 0.000000 3.123594 -0.840857 10.835370 -2.034409 1.031078 2.599700 -7.845671 11.925566 0.241802 17.723175 -8.116331 -17.542476 0.000000 0.000000 0.000000 -4.271513 -33.188544 11.616458 -15.946657 -42.569855 1.934359 23.805705 -42.954635 -8.515349 0.000000 0.000000 0.000000 3.550261 26.437104 11.658826 22.981458 49.823562 6.806021 -34.095510 43.527769 -10.343225 0.000000 0.000000 0.000000 
0.009822 0.941581 -0.010761 -0.461295 -7.134444 13.482010 10.978266 0.156533 -21.678934 -3.851102 0.574006 9.017556 1.236116 6.106134 13.759696 0.000000 0.000000 0.000000 -5.695332 1.444761 -17.818781 -3.023798 0.021945 -3.757718 -0.480869 -10.714781 25.176377 0.000000 0.000000 0.000000 2.703285 -0.759908 10.326373 -2.518909 1.243527 2.140024 -8.152982 13.094108 -0.133072 18.994923 -8.607079 -18.059166 0.000000 0.000000 0.000000 -3.543649 -34.126217 11.659200 -13.596665 -43.384342 1.172781 22.968065 -39.657305 -7.590972 0.000000 0.000000 0.000000 1.205612 27.545723 11.659722 17.743162 52.198344 5.426739 -34.690648 38.635056 -9.166253 0.000000 0.000000 0.000000 
0.009320 0.942709 -0.008474 -0.457338 -6.922900 13.398728 10.966595 0.127888 -21.295712 -3.814436 0.555759 8.671640 1.088676 5.941274 13.967215 0.000000 0.000000 0.000000 -5.388811 1.403708 -17.015823 -3.481213 -0.010975 -4.670684 -0.452056 -10.719271 25.581264 0.000000 0.000000 0.000000 2.680315 -0.725229 9.704870 -3.201847 1.558866 1.777030 -8.978617 14.276474 -1.094058 20.265097 -9.234319 -18.117194 0.000000 0.000000 0.000000 -3.148214 -34.454893 11.515271 -12.653853 -43.554917 0.840175 21.314537 -37.388955 -6.639470 0.000000 0.000000 0.000000 -0.302537 28.803131 11.914294 12.685081 54.474583 3.879534 -33.814060 32.322666 -7.242450 0.000000 0.000000 0.000000 
0.009094 0.943313 -0.005349 -0.295733 -6.034656 13.230640 10.867043 0.044238 -21.085170 -3.887676 0.549080 8.542556 0.644860 5.353009 13.967185 0.000000 0.000000 0.000000 -5.347579 1.322655 -16.182659 -3.810766 -0.022760 -5.141885 -0.865653 -11.150800 25.770941 0.000000 0.000000 0.000000 2.531725 -0.674998 9.039184 -3.914262 1.867184 1.147401 -9.198263 15.574010 -1.289459 21.246423 -9.451754 -18.896496 0.000000 0.000000 0.000000 -2.980160 -35.345696 11.597206 -12.527423 -43.471747 0.712214 20.633271 -36.688869 -6.414494 0.000000 0.000000 0.000000 -2.184052 29.347962 11.697006 8.675586 56.397705 2.641930 -31.232062 26.168589 -5.149632 0.000000 0.000000 0.000000 
0.009039 0.943966 -0.001747 -0.257165 -5.385515 13.036340 10.640086 -0.045221 -20.595926 -3.565347 0.468336 8.182065 0.328984 4.916402 13.896686 0.000000 0.000000 0.000000 -5.072701 1.243392 -15.022020 -4.312805 -0.069662 -6.164426 -1.088854 -11.394250 26.120726 0.000000 0.000000 0.000000 2.439846 -0.628968 8.362909 -4.703243 2.231018 1.010200 -9.753086 16.555000 -2.393140 22.253370 -9.865646 -19.075968 0.000000 0.000000 0.000000 -3.674797 -35.930827 11.667881 -13.344265 -43.000221 1.005794 19.061009 -36.490346 -5.959794 0.000000 0.000000 0.000000 -3.362879 30.550879 11.969443 5.412531 57.333989 1.488267 -28.053365 19.439247 -3.204763 0.000000 0.000000 0.000000 
0.009097 0.943893 0.001720 -0.119436 -4.438797 12.895150 10.555841 -0.119503 -20.568496 -3.635101 0.464585 8.359435 -0.099473 4.301553 13.686298 0.000000 0.000000 0.000000 -5.005227 1.171850 -14.210604 -4.667177 -0.082668 -6.573436 -1.575365 -11.881768 26.179031 0.000000 0.000000 0.000000 2.356359 -0.582761 7.642950 -5.674223 2.662565 0.612543 -9.929835 17.681456 -2.783875 23.264580 -10.246735 -19.450479 0.000000 0.000000 0.000000 -4.423480 -36.513438 11.707161 -14.152083 -42.875545 1.268143 18.264671 -37.273830 -5.982423 0.000000 0.000000 0.000000 -4.629371 31.262555 11.964672 1.041637 57.803496 -0.262567 -24.299787 13.561268 -1.736033 0.000000 0.000000 0.000000 
0.009043 0.944266 0.004717 -0.000918 -4.205697 12.659576 10.761296 -0.109717 -20.112401 -4.233705 0.572719 8.213333 -0.244767 4.107185 13.716215 0.000000 0.000000 0.000000 -4.920968 1.108407 -13.281748 -4.998624 -0.129453 -7.340193 -1.628523 -11.930824 26.355534 0.000000 0.000000 0.000000 1.965777 -0.522431 7.397389 -6.349939 2.970010 0.449503 -10.505681 18.973502 -4.006097 24.112035 -10.700522 -19.285875 0.000000 0.000000 0.000000 -5.093230 -36.910238 11.640516 -14.226349 -42.514281 1.338224 17.775517 -37.537778 -6.004073 0.000000 0.000000 0.000000 -4.839682 32.607942 12.661188 -3.939869 57.246134 -2.441973 -20.676567 7.466921 -0.597078 0.000000 0.000000 0.000000 
0.008962 0.944504 0.006845 -0.012524 -3.157418 12.714292 11.018479 -0.131317 -20.439936 -4.549253 0.614628 8.471726 -0.731820 3.460555 13.723258 0.000000 0.000000 0.000000 -4.862555 1.057196 -12.701239 -5.009297 -0.163935 -7.812180 -2.146433 -12.480131 26.672949 0.000000 0.000000 0.000000 1.893777 -0.490747 6.865671 -7.050930 3.273423 0.220138 -10.511033 19.749863 -4.377797 24.735979 -11.079778 -19.142181 0.000000 0.000000 0.000000 -4.994070 -37.395915 11.601911 -14.208786 -42.616889 1.299640 18.966820 -37.731165 -6.625851 0.000000 0.000000 0.000000 -5.851385 33.543119 12.807767 -8.142687 56.100105 -4.106437 -17.837575 2.961185 0.033510 0.000000 0.000000 0.000000 
0.008833 0.945063 0.008312 -0.113279 -2.477027 12.433290 11.093930 -0.160828 -20.282686 -4.440305 0.581011 8.624550 -1.071956 2.998733 13.713429 0.000000 0.000000 0.000000 -4.587429 1.006269 -11.909144 -5.194998 -0.190812 -8.231762 -2.414778 -12.757339 26.983127 0.000000 0.000000 0.000000 1.359616 -0.433394 6.894345 -7.105187 3.285574 0.086955 -10.840581 20.523897 -5.171962 25.202289 -11.647751 -18.313807 0.000000 0.000000 0.000000 -5.043460 -37.492487 11.417634 -13.693386 -42.519472 1.132759 19.710858 -37.542324 -6.997477 0.000000 0.000000 0.000000 -6.490271 34.298086 13.034573 -11.276964 54.420032 -5.157741 -15.201619 -0.083999 0.331332 0.000000 0.000000 0.000000 
0.008873 0.945650 0.009192 -0.495517 -1.716191 12.551255 11.596212 -0.130011 -20.638133 -4.511119 0.581305 8.839563 -1.410694 2.564285 13.776770 0.000000 0.000000 0.000000 -4.288454 0.987740 -11.548176 -4.908060 -0.234708 -8.699329 -2.717214 -13.089529 27.485347 0.000000 0.000000 0.000000 1.285460 -0.411842 6.545287 -7.557824 3.486079 0.120593 -10.599944 20.604514 -5.842094 25.735215 -12.238506 -17.690919 0.000000 0.000000 0.000000 -5.270296 -37.682925 11.418284 -12.746487 -42.229613 0.882917 20.589825 -37.296712 -7.296324 0.000000 0.000000 0.000000 -7.199106 35.178168 13.208128 -13.179627 52.993035 -5.705470 -13.556832 -1.339722 0.395181 0.000000 0.000000 0.000000 
0.009076 0.946053 0.009947 -0.706314 -1.191532 12.441305 11.731961 -0.140049 -20.742891 -4.332791 0.538538 9.109476 -1.650297 2.233774 13.745357 0.000000 0.000000 0.000000 -4.105805 0.957348 -11.075724 -4.830895 -0.184854 -8.075120 -2.366711 -12.148284 25.180099 0.000000 0.000000 0.000000 0.846777 -0.361888 6.471939 -7.719954 3.538886 -0.156630 -10.335755 20.856527 -6.259986 26.025302 -12.443729 -17.572316 0.000000 0.000000 0.000000 -5.038680 -37.690719 11.333418 -12.094325 -42.039586 0.658469 21.695224 -37.003204 -7.677932 0.000000 0.000000 0.000000 -6.824032 35.683036 13.667154 -13.653774 51.892502 -5.760578 -13.268733 -1.311665 0.381159 0.000000 0.000000 0.000000 
0.009525 0.946397 0.010635 -1.013025 -0.617898 12.251730 11.958747 -0.144934 -20.490268 -4.158006 0.491485 8.887837 -1.906302 1.857927 13.650536 0.000000 0.000000 0.000000 -3.953507 0.922417 -10.571452 -4.623755 -0.131778 -7.362801 -1.948286 -11.058377 23.036467 0.000000 0.000000 0.000000 0.652891 -0.330509 6.211624 -7.968357 3.644377 -0.216280 -9.876868 20.669197 -6.496544 25.745127 -12.548721 -16.910423 0.000000 0.000000 0.000000 -4.956047 -37.026063 11.050984 -11.767633 -42.196806 0.564717 22.498843 -36.719079 -7.933901 0.000000 0.000000 0.000000 -6.538004 35.807320 13.850587 -12.348112 51.007831 -5.164899 -13.537427 0.111586 0.268628 0.000000 0.000000 0.000000 
0.010065 0.946554 0.011337 -1.354130 -0.247613 11.913951 12.073019 -0.148121 -20.221623 -3.767286 0.411748 9.009314 -2.055970 1.587216 13.436236 0.000000 0.000000 0.000000 -3.609333 0.894557 -10.073281 -4.717598 -0.046310 -6.382843 -1.489601 -9.847654 20.744548 0.000000 0.000000 0.000000 0.282228 -0.276273 5.854292 -7.831735 3.595590 0.033004 -9.590127 20.772965 -6.912780 26.190590 -12.859295 -16.861786 0.000000 0.000000 0.000000 -4.652426 -36.338513 10.730343 -11.899265 -42.071706 0.594703 23.887387 -37.069170 -8.615633 0.000000 0.000000 0.000000 -5.192832 35.625427 14.392548 -10.493400 50.634337 -4.497404 -14.516474 2.424591 0.075754 0.000000 0.000000 0.000000 
0.010703 0.946403 0.011941 -1.878593 -0.139191 11.602541 12.399866 -0.107351 -19.893701 -3.424509 0.345679 9.104535 -2.052814 1.482101 13.094254 0.000000 0.000000 0.000000 -3.222749 0.880929 -9.734889 -4.575402 0.017144 -5.525104 -1.048344 -8.746556 19.002655 0.000000 0.000000 0.000000 0.307773 -0.265787 5.545265 -8.020167 3.691732 0.149815 -9.398005 20.771419 -7.290940 26.823336 -13.314842 -16.838707 0.000000 0.000000 0.000000 -4.702882 -35.672109 10.460480 -12.253710 -41.531851 0.746017 24.399890 -38.031379 -9.117121 0.000000 0.000000 0.000000 -3.668026 35.304656 14.923019 -8.296415 50.243087 -3.747023 -15.537461 5.495868 -0.225094 0.000000 0.000000 0.000000 
0.011334 0.946212 0.012430 -2.331581 -0.435993 11.244072 12.365755 -0.096511 -19.241028 -2.636907 0.204954 8.909633 -1.861526 1.620206 12.699660 0.000000 0.000000 0.000000 -2.786338 0.857674 -9.246722 -4.441390 0.029646 -5.268172 -0.892195 -8.289071 17.900343 0.000000 0.000000 0.000000 0.091988 -0.220810 5.005258 -8.050857 3.722208 0.275732 -8.993641 20.978724 -7.311034 27.006477 -13.296503 -17.174260 0.000000 0.000000 0.000000 -4.159072 -34.684935 10.085014 -12.861559 -41.516373 0.888543 25.336112 -38.223949 -9.616350 0.000000 0.000000 0.000000 -2.033822 35.222201 15.580191 -6.411969 50.113255 -3.175052 -16.172068 8.411725 -0.545430 0.000000 0.000000 0.000000 
0.011973 0.946005 0.012711 -2.687491 -0.972314 10.834592 12.451134 -0.056724 -18.557045 -2.263512 0.144985 8.838913 -1.582700 1.906166 12.379173 0.000000 0.000000 0.000000 -2.436186 0.840681 -8.905417 -4.435536 0.017880 -5.391657 -0.686579 -8.112475 18.162942 0.000000 0.000000 0.000000 -0.012101 -0.208947 4.971038 -8.416325 3.906929 0.319455 -8.495953 21.001505 -7.516304 27.130475 -13.581424 -16.804750 0.000000 0.000000 0.000000 -4.294511 -34.124651 9.926283 -12.830755 -40.625639 0.927615 24.852767 -38.530241 -9.478563 0.000000 0.000000 0.000000 -0.355853 35.155940 16.237712 -4.639129 49.948265 -2.670654 -16.895081 11.070323 -0.866765 0.000000 0.000000 0.000000 
0.012491 0.945710 0.012880 -2.938182 -1.846448 10.602704 12.265736 -0.039615 -17.827204 -1.632397 0.044502 8.513940 -1.139401 2.442743 12.093251 0.000000 0.000000 0.000000 -2.159471 0.826210 -8.620651 -4.199974 -0.014220 -5.602163 -0.776869 -8.327518 17.776018 0.000000 0.000000 0.000000 -0.006460 -0.189894 4.534091 -8.690924 4.067037 0.534166 -8.093217 21.210585 -7.770153 26.991753 -13.522197 -16.730066 0.000000 0.000000 0.000000 -3.962639 -33.353753 9.682209 -13.462841 -40.403435 1.112193 23.508575 -38.148606 -8.854332 0.000000 0.000000 0.000000 0.731546 35.075251 16.634594 -3.087151 50.491558 -2.200679 -17.289101 13.477711 -1.167451 0.000000 0.000000 0.000000 
0.012805 0.945624 0.012978 -3.162447 -2.837944 10.461221 12.238442 -0.002285 -17.087234 -1.313937 0.005721 8.053554 -0.662206 3.076301 11.959846 0.000000 0.000000 0.000000 -1.907111 0.816353 -8.416262 -3.982547 -0.059319 -6.020989 -0.788781 -8.528411 17.785951 0.000000 0.000000 0.000000 -0.090140 -0.169799 4.249670 -9.181909 4.317478 0.556794 -7.566709 21.460784 -7.997700 27.346359 -13.908033 -16.483429 0.000000 0.000000 0.000000 -3.635225 -32.924132 9.573299 -13.774411 -39.589801 1.204623 21.679121 -37.638677 -8.015354 0.000000 0.000000 0.000000 1.133656 34.760147 16.594978 -1.774814 51.323111 -1.738391 -17.877603 15.555590 -1.453411 0.000000 0.000000 0.000000 
0.012883 0.945432 0.013150 -3.478666 -3.478554 10.284819 12.399435 0.046534 -16.646799 -1.086781 -0.027291 8.035069 -0.337253 3.491231 11.789403 0.000000 0.000000 0.000000 -1.365026 0.807792 -8.212418 -4.119799 -0.072532 -6.258551 -0.837616 -8.745252 17.847288 0.000000 0.000000 0.000000 0.143617 -0.174422 3.903402 -9.236306 4.351663 0.497559 -7.336320 21.728441 -8.105022 27.322713 -13.896143 -16.482538 0.000000 0.000000 0.000000 -3.409655 -32.286344 9.355093 -14.687880 -39.126774 1.456163 19.353269 -37.374671 -7.110974 0.000000 0.000000 0.000000 1.409083 34.510782 16.563740 -0.618125 51.942767 -1.288406 -18.204000 17.777890 -1.744016 0.000000 0.000000 0.000000 
0.012797 0.944932 0.013668 -3.501206 -4.262511 10.138911 12.362347 0.069601 -16.053379 -1.076050 -0.015541 7.760345 0.047279 3.996743 11.630516 0.000000 0.000000 0.000000 -1.284592 0.793780 -8.046257 -4.137301 -0.091878 -6.506921 -0.709773 -8.647025 17.760870 0.000000 0.000000 0.000000 0.247352 -0.161609 3.434977 -9.490481 4.467626 0.257110 -6.853624 21.930460 -7.908389 26.580538 -13.496215 -16.279407 0.000000 0.000000 0.000000 -3.609993 -31.651789 9.160210 -15.767839 -38.071663 1.750427 17.314721 -38.235438 -6.536633 0.000000 0.000000 0.000000 1.133359 34.446958 16.333009 0.731341 53.201462 -0.696623 -18.868613 19.257276 -2.007016 0.000000 0.000000 0.000000 
0.012824 0.944505 0.014705 -3.518161 -4.425554 9.908186 12.296657 0.063604 -15.628190 -0.972143 -0.031552 7.669616 0.143987 4.082337 11.415437 0.000000 0.000000 0.000000 -1.138576 0.753292 -7.605249 -4.381516 -0.101016 -6.765751 -0.618726 -8.494891 17.654590 0.000000 0.000000 0.000000 0.471462 -0.160818 3.050026 -9.424549 4.407834 -0.160648 -6.618995 22.221471 -7.486228 26.146268 -13.239301 -16.248703 0.000000 0.000000 0.000000 -2.997513 -30.981554 8.914084 -17.823099 -37.539448 2.211040 15.916192 -39.102611 -6.321794 0.000000 0.000000 0.000000 0.380051 33.684161 15.609413 3.124571 54.131378 0.486759 -19.733319 22.028636 -2.455356 0.000000 0.000000 0.000000 
0.012966 0.943948 0.016350 -3.361508 -4.491137 9.617734 12.072667 0.030813 -15.079645 -0.931970 -0.035314 7.456048 0.192386 4.090171 11.165105 0.000000 0.000000 0.000000 -1.238602 0.718304 -7.251313 -4.541307 -0.087704 -6.674292 -0.640671 -8.455938 17.353487 0.000000 0.000000 0.000000 0.785838 -0.163514 2.658812 -9.581696 4.454988 -0.540478 -6.283890 22.393222 -6.787937 25.338877 -12.818828 -16.041080 0.000000 0.000000 0.000000 -3.700264 -29.945910 8.508840 -19.598157 -36.578334 2.628117 14.887221 -41.781106 -6.527417 0.000000 0.000000 0.000000 0.061979 32.953341 15.063487 6.078710 54.591948 1.883090 -21.742943 25.662830 -3.264301 0.000000 0.000000 0.000000 
0.013342 0.943725 0.018363 -3.417149 -4.262023 9.556323 12.398401 0.051620 -14.836062 -1.423428 0.053534 7.268754 0.103019 3.918205 11.001486 0.000000 0.000000 0.000000 -1.038829 0.697409 -7.018238 -4.812645 -0.075404 -6.663690 -0.755460 -8.596760 17.301486 0.000000 0.000000 0.000000 1.277514 -0.164194 2.054092 -9.829307 4.577120 -0.497613 -6.091320 22.310211 -6.854174 24.609515 -12.495721 -15.612031 0.000000 0.000000 0.000000 -3.687622 -28.925666 8.127551 -22.695733 -35.660597 3.320049 14.338252 -44.616605 -7.046375 0.000000 0.000000 0.000000 0.048409 31.935980 14.561560 10.200113 54.726831 3.803537 -23.998160 30.769063 -4.447532 0.000000 0.000000 0.000000 
0.013789 0.943414 0.020410 -3.235855 -3.998502 9.362514 12.022502 -0.014823 -14.255326 -1.156755 0.010859 6.684859 -0.001594 3.713970 10.803235 0.000000 0.000000 0.000000 -1.280190 0.662064 -6.658051 -4.764320 -0.073581 -6.632832 -0.930548 -8.795110 17.135169 0.000000 0.000000 0.000000 1.626696 -0.168290 1.770761 -9.954177 4.595541 -0.938040 -5.831630 22.030248 -6.523477 23.981117 -12.255531 -15.216754 0.000000 0.000000 0.000000 -5.344837 -27.953333 7.689969 -24.479185 -34.549975 3.732043 11.931180 -47.123476 -6.444611 0.000000 0.000000 0.000000 0.874742 31.343966 14.555961 13.612849 53.984041 5.123129 -25.825810 37.728871 -6.031356 0.000000 0.000000 0.000000 
0.014282 0.943033 0.022201 -3.088796 -3.679724 9.434372 12.183149 -0.023460 -13.974803 -1.736948 0.114993 6.069495 -0.138898 3.483420 10.705260 0.000000 0.000000 0.000000 -1.696396 0.651897 -6.555149 -4.343430 -0.092022 -6.669207 -1.139564 -9.055653 17.021487 0.000000 0.000000 0.000000 1.925505 -0.157074 1.280838 -9.839045 4.517023 -1.171441 -6.241085 22.032341 -6.591550 23.265233 -12.082062 -14.460400 0.000000 0.000000 0.000000 -5.885019 -27.345124 7.369528 -27.235122 -33.717280 4.266302 9.802758 -48.237092 -5.816136 0.000000 0.000000 0.000000 2.085092 30.093779 14.487668 17.220607 53.294853 6.524472 -26.156020 45.776382 -7.431504 0.000000 0.000000 0.000000 
0.014641 0.942800 0.023562 -2.911624 -3.334276 9.432584 11.755480 -0.085478 -13.891910 -1.337165 0.047173 5.879630 -0.273465 3.251917 10.572891 0.000000 0.000000 0.000000 -2.008012 0.641611 -6.449252 -4.139886 -0.094249 -6.606425 -1.356950 -9.334052 16.920551 0.000000 0.000000 0.000000 2.199645 -0.148869 0.912798 -10.073764 4.608164 -1.336758 -6.039623 21.497192 -6.418235 22.383907 -11.903280 -13.495197 0.000000 0.000000 0.000000 -7.027225 -26.356474 6.943794 -29.622046 -33.158890 4.764666 5.839871 -48.550731 -4.010272 0.000000 0.000000 0.000000 2.707455 29.101717 14.170846 20.831075 52.026038 7.752524 -24.962531 55.601356 -8.464390 0.000000 0.000000 0.000000 
0.014895 0.942450 0.024383 -2.835419 -2.873521 9.353250 11.838825 -0.099485 -13.720286 -1.598856 0.090094 5.581275 -0.479412 2.909888 10.448222 0.000000 0.000000 0.000000 -2.286858 0.626626 -6.291640 -4.688731 -0.013843 -5.886572 -0.218559 -6.971003 15.725264 0.000000 0.000000 0.000000 2.509721 -0.136207 0.488440 -9.884544 4.505393 -1.487951 -6.337142 21.378813 -6.139251 21.394693 -11.519213 -12.780856 0.000000 0.000000 0.000000 -7.615974 -25.875985 6.665534 -32.517287 -32.430796 5.223186 3.083026 -48.079690 -2.809329 0.000000 0.000000 0.000000 2.997985 27.807865 13.657905 24.366393 50.619364 8.909400 -20.770630 64.868859 -7.237092 0.000000 0.000000 0.000000 
0.014907 0.942587 0.024768 -2.706649 -2.683145 9.282012 11.733916 -0.122916 -13.435518 -1.645209 0.101892 5.143478 -0.597387 2.754303 10.526427 0.000000 0.000000 0.000000 -2.458929 0.619668 -6.219994 -4.640357 0.001658 -5.673565 -0.270390 -6.956414 15.487903 0.000000 0.000000 0.000000 2.635301 -0.123812 0.220727 -10.103943 4.593803 -1.618157 -6.244734 20.795719 -5.777533 20.951336 -11.434973 -12.314407 0.000000 0.000000 0.000000 -8.525702 -25.288264 6.431688 -34.021576 -31.439194 5.339085 0.605498 -47.574661 -1.576094 0.000000 0.000000 0.000000 3.285304 27.434259 13.481048 25.666412 48.633669 8.799828 -12.962536 72.758392 -2.506558 0.000000 0.000000 0.000000 
0.014750 0.942747 0.024742 -2.586262 -2.678430 9.185156 11.607700 -0.142449 -12.866742 -1.641407 0.113403 4.305841 -0.647952 2.716128 10.672594 0.000000 0.000000 0.000000 -2.911001 0.616599 -6.198470 -4.503301 0.023213 -5.312943 0.347708 -5.722249 15.067440 0.000000 0.000000 0.000000 2.772970 -0.127467 0.205696 -10.161590 4.605061 -1.805435 -6.522217 20.804964 -5.884894 20.751318 -11.380430 -12.099983 0.000000 0.000000 0.000000 -8.932830 -24.803889 6.173691 -35.624209 -30.557017 5.441412 -1.397587 -47.930837 -0.771823 0.000000 0.000000 0.000000 2.909455 26.367086 12.826525 26.906847 47.441354 9.007594 1.154258 78.631255 9.083323 0.000000 0.000000 0.000000 
0.014497 0.943452 0.024401 -2.432960 -2.237719 8.991839 11.339291 -0.184727 -12.523440 -1.393107 0.082344 3.785198 -0.932435 2.373356 10.943024 0.000000 0.000000 0.000000 -3.032797 0.607748 -6.128756 -4.824648 0.084370 -4.800950 0.632782 -5.075966 14.884775 0.000000 0.000000 0.000000 3.039240 -0.116505 -0.088891 -10.629081 4.837675 -1.575934 -6.506800 20.229533 -5.862146 20.402392 -11.344493 -11.634324 0.000000 0.000000 0.000000 -9.222604 -24.233659 5.969971 -36.634611 -29.778186 5.425653 -2.681590 -48.469168 -0.205917 0.000000 0.000000 0.000000 2.434853 26.158511 12.479835 26.885739 45.955362 8.572049 17.508231 81.889517 24.000610 0.000000 0.000000 0.000000 
0.014214 0.943871 0.023770 -2.299132 -2.066205 8.812420 11.056112 -0.214575 -12.134496 -1.109706 0.051158 3.267740 -1.076797 2.218433 11.142920 0.000000 0.000000 0.000000 -3.434555 0.597532 -6.037991 -4.385219 0.074930 -4.615322 0.667293 -4.977121 14.872819 0.000000 0.000000 0.000000 3.284864 -0.131751 0.023691 -10.646077 4.797385 -2.116632 -7.069835 20.725340 -5.387992 20.490191 -11.564434 -11.315839 0.000000 0.000000 0.000000 -9.298581 -24.084079 5.779843 -37.314839 -29.193078 5.346107 -4.479423 -49.235455 0.423119 0.000000 0.000000 0.000000 1.630503 25.193890 11.798298 27.451565 45.378846 8.727676 31.032048 83.480524 37.362309 0.000000 0.000000 0.000000 
0.013872 0.944380 0.022901 -2.153679 -1.633300 8.631747 10.845780 -0.244302 -12.056157 -0.937652 0.027937 3.142004 -1.343631 1.889837 11.342801 0.000000 0.000000 0.000000 -3.394696 0.582381 -5.882903 -4.218571 0.073603 -4.536779 -0.076254 -6.269229 14.955047 0.000000 0.000000 0.000000 3.352456 -0.131889 0.014760 -10.645130 4.786965 -2.213524 -7.439521 20.763181 -5.245175 20.820890 -11.877643 -11.180513 0.000000 0.000000 0.000000 -9.257857 -23.760860 5.590184 -37.694215 -28.509255 5.201628 -6.505561 -50.361296 1.222913 0.000000 0.000000 0.000000 1.226480 24.703318 11.450135 27.005642 44.302651 8.284018 36.743646 83.832514 43.052166 0.000000 0.000000 0.000000 
0.013503 0.944638 0.021989 -2.069765 -1.054790 8.576104 10.750719 -0.270395 -12.101968 -0.822101 0.014893 2.932284 -1.657924 1.486572 11.501979 0.000000 0.000000 0.000000 -3.381573 0.552449 -5.518159 -3.891823 0.023206 -4.999766 -0.809261 -7.531877 15.130098 0.000000 0.000000 0.000000 3.349404 -0.125627 -0.062889 -10.387182 4.679104 -2.083682 -7.922284 21.059129 -5.255471 21.386309 -12.326179 -11.114820 0.000000 0.000000 0.000000 -9.282941 -23.775906 5.455119 -37.954250 -28.230211 5.183464 -8.369553 -51.182712 1.908253 0.000000 0.000000 0.000000 1.122420 24.398929 11.360296 27.536948 43.485728 8.271341 32.821353 82.837754 39.002386 0.000000 0.000000 0.000000 
0.012969 0.944751 0.021233 -1.879336 -0.802488 8.486978 10.591488 -0.290278 -12.058271 -0.823580 0.017347 2.799485 -1.822122 1.293041 11.639233 0.000000 0.000000 0.000000 -3.487703 0.530409 -5.240196 -3.966660 0.005039 -5.320938 -0.917980 -7.704887 15.215673 0.000000 0.000000 0.000000 3.331496 -0.116174 -0.170734 -10.267871 4.630516 -2.026785 -8.404551 21.665937 -5.206375 21.740811 -12.580384 -11.134310 0.000000 0.000000 0.000000 -9.090669 -23.988910 5.415627 -38.072966 -28.328666 5.203030 -11.143442 -51.437106 3.030273 0.000000 0.000000 0.000000 1.386433 24.287075 11.508199 28.320122 43.054655 8.438918 25.511736 80.545749 31.215696 0.000000 0.000000 0.000000 
0.012319 0.944786 0.020854 -1.787868 -0.517997 8.264706 10.520030 -0.300727 -11.714267 -0.778441 0.019864 2.433235 -2.004258 1.060906 11.735750 0.000000 0.000000 0.000000 -3.381027 0.498272 -4.845539 -4.203042 0.003686 -5.535590 -1.038138 -7.884288 15.255402 0.000000 0.000000 0.000000 3.426417 -0.121791 -0.100354 -10.386153 4.681672 -2.064863 -8.431015 21.893418 -4.891607 22.152539 -12.720382 -11.519440 0.000000 0.000000 0.000000 -9.392806 -23.968370 5.301669 -37.513274 -28.598940 5.213497 -13.296981 -51.651228 4.008024 0.000000 0.000000 0.000000 1.988693 24.647227 11.937886 29.048355 42.886750 8.582661 23.086733 78.312288 27.872826 0.000000 0.000000 0.000000 
0.011754 0.944723 0.020848 -1.786034 -0.567417 8.205453 10.369516 -0.308630 -11.502836 -0.461470 -0.014326 2.202692 -1.989550 1.086275 11.748859 0.000000 0.000000 0.000000 -3.323356 0.463744 -4.372162 -4.246834 -0.051490 -6.284542 -0.957533 -7.792945 15.423315 0.000000 0.000000 0.000000 3.565739 -0.114710 -0.251922 -10.427343 4.752911 -1.467465 -8.681120 22.435765 -5.392835 22.533792 -13.021969 -11.443205 0.000000 0.000000 0.000000 -9.595727 -24.286518 5.280740 -36.840604 -28.891886 5.262488 -15.300103 -51.244474 4.837741 0.000000 0.000000 0.000000 3.064856 24.880421 12.571907 29.732813 42.696135 8.677788 23.686268 76.024396 27.160170 0.000000 0.000000 0.000000 
0.011403 0.944581 0.021123 -1.800327 -0.544295 8.354314 10.195857 -0.324329 -11.395174 -0.078753 -0.048647 1.757215 -1.995272 1.090448 11.779510 0.000000 0.000000 0.000000 -3.229792 0.452239 -4.210578 -4.343155 -0.088994 -6.823844 -0.936073 -7.787613 15.562271 0.000000 0.000000 0.000000 3.796861 -0.127253 -0.212050 -10.392777 4.715321 -1.705989 -8.671920 22.955476 -5.339715 23.242483 -13.154930 -12.259086 0.000000 0.000000 0.000000 -9.895899 -24.660402 5.286590 -36.296924 -28.998834 5.260729 -16.650374 -51.055438 5.385728 0.000000 0.000000 0.000000 3.766994 25.078751 13.031818 31.032591 42.797893 9.125560 28.993753 74.463277 30.568617 0.000000 0.000000 0.000000 
0.011296 0.944367 0.021408 -1.714445 -0.721818 8.575817 9.819735 -0.349246 -11.246743 0.418810 -0.088986 1.191192 -1.908593 1.232149 11.829022 0.000000 0.000000 0.000000 -3.158877 0.443304 -4.064418 -4.662538 -0.134472 -7.543480 -0.815843 -7.650430 15.736220 0.000000 0.000000 0.000000 3.885976 -0.119013 -0.392965 -10.244184 4.667887 -1.460526 -8.653279 23.201995 -5.571051 23.716342 -13.412688 -12.446809 0.000000 0.000000 0.000000 -10.064159 -24.832796 5.288215 -36.069135 -29.038565 5.291776 -17.193181 -49.999984 5.525806 0.000000 0.000000 0.000000 4.310065 25.616116 13.568313 31.966346 43.150616 9.530275 33.524529 74.497240 34.199281 0.000000 0.000000 0.000000 
0.011207 0.944311 0.021476 -1.645255 -1.028905 8.734199 9.539005 -0.361608 -11.166908 0.759806 -0.117791 0.898079 -1.765595 1.458430 11.897440 0.000000 0.000000 0.000000 -3.226639 0.441994 -4.001334 -4.723369 -0.175375 -8.066221 -0.638250 -7.426350 15.873550 0.000000 0.000000 0.000000 3.949563 -0.126027 -0.347769 -10.003373 4.563989 -1.422053 -8.465866 23.361634 -5.736339 24.259092 -13.496157 -13.091723 0.000000 0.000000 0.000000 -10.191759 -25.225385 5.421475 -36.485013 -28.904560 5.376963 -17.389543 -48.390379 5.459107 0.000000 0.000000 0.000000 4.362569 26.063472 13.824085 33.509664 44.149674 10.490295 32.996045 75.300505 34.224465 0.000000 0.000000 0.000000 
0.011027 0.944302 0.021321 -1.685850 -1.290358 9.006353 9.458673 -0.365264 -11.330135 0.984831 -0.139057 0.778158 -1.627913 1.675930 11.959773 0.000000 0.000000 0.000000 -3.183287 0.455466 -4.148576 -4.750188 -0.206183 -8.444966 -0.483542 -7.238340 16.016573 0.000000 0.000000 0.000000 3.911099 -0.138058 -0.213025 -9.551461 4.378323 -1.148260 -8.385509 23.193559 -5.972013 24.281373 -13.190822 -13.696659 0.000000 0.000000 0.000000 -10.339767 -25.432000 5.535029 -37.077280 -29.116978 5.558190 -16.572762 -46.548067 5.018973 0.000000 0.000000 0.000000 4.775704 26.188960 14.036229 35.912517 45.966754 12.124902 27.015833 76.408246 29.911250 0.000000 0.000000 0.000000 
0.010528 0.944330 0.021006 -1.745593 -1.668366 9.124603 9.563716 -0.349350 -11.436501 0.936480 -0.138437 0.890908 -1.439734 1.957530 12.007641 0.000000 0.000000 0.000000 -3.010605 0.469623 -4.333191 -4.949292 -0.207623 -8.516118 -0.289136 -6.969694 16.032281 0.000000 0.000000 0.000000 3.468354 -0.140659 0.030972 -8.763340 4.017217 -1.172726 -7.728396 22.748158 -5.799345 24.824502 -13.274247 -14.409919 0.000000 0.000000 0.000000 -10.485126 -25.197440 5.565360 -38.187981 -29.685028 5.883370 -14.997268 -44.944253 4.370492 0.000000 0.000000 0.000000 5.166001 26.203894 14.073146 38.570653 47.615604 13.889782 17.979302 77.346332 22.850029 0.000000 0.000000 0.000000 
0.009858 0.944442 0.020620 -2.050324 -2.055973 9.351910 10.041560 -0.305331 -11.612200 0.733985 -0.117214 0.950219 -1.231563 2.269578 12.063986 0.000000 0.000000 0.000000 -2.867628 0.490922 -4.595969 -4.591670 -0.229354 -8.663159 -0.059924 -6.664978 16.128547 0.000000 0.000000 0.000000 3.256462 -0.143081 0.154168 -8.167786 3.797223 -0.370524 -7.543076 22.297848 -6.693834 24.942201 -13.167198 -14.711114 0.000000 0.000000 0.000000 -10.114409 -25.457956 5.830097 -39.360266 -30.980944 6.446186 -13.770576 -43.723174 3.878528 0.000000 0.000000 0.000000 5.812983 26.096577 14.209569 41.761803 48.465736 15.659608 9.879386 77.988041 16.377356 0.000000 0.000000 0.000000 
0.009343 0.944126 0.020235 -1.982063 -2.175853 9.361843 9.948669 -0.309686 -11.663077 0.815936 -0.130147 1.031686 -1.164186 2.352775 12.021354 0.000000 0.000000 0.000000 -2.713067 0.487825 -4.571062 -4.964795 -0.232800 -8.812679 -0.009921 -6.582556 16.070256 0.000000 0.000000 0.000000 2.816326 -0.150978 0.538681 -7.478937 3.457299 -0.690800 -6.947716 21.731284 -6.090834 24.874725 -13.007174 -15.039733 0.000000 0.000000 0.000000 -10.115723 -25.681965 6.097821 -40.727132 -32.523676 7.065312 -12.119417 -43.751071 3.374003 0.000000 0.000000 0.000000 6.432158 25.880425 14.184503 44.044222 48.240085 16.456146 3.476388 78.476071 11.209074 0.000000 0.000000 0.000000 
0.009192 0.944015 0.019716 -2.043592 -2.426222 9.404345 10.154432 -0.285852 -11.667863 0.568883 -0.100798 1.030950 -1.039174 2.529440 12.027030 0.000000 0.000000 0.000000 -2.730059 0.510751 -4.852132 -4.670736 -0.208714 -8.410160 -0.142951 -6.722774 15.617652 0.000000 0.000000 0.000000 2.845480 -0.165366 0.731748 -7.204667 3.353558 -0.317769 -6.587785 21.096339 -6.020456 24.411778 -12.569093 -15.295597 0.000000 0.000000 0.000000 -9.720697 -25.791788 6.356412 -41.773087 -34.659811 7.843024 -9.973569 -44.416957 2.678945 0.000000 0.000000 0.000000 6.373306 25.238812 13.675623 45.873490 46.939099 16.601765 1.283625 78.386404 9.363394 0.000000 0.000000 0.000000 
0.009590 0.943697 0.018915 -1.900774 -2.180273 9.428392 10.175237 -0.293339 -12.031877 0.251244 -0.075227 1.390730 -1.139081 2.361698 11.930691 0.000000 0.000000 0.000000 -2.837017 0.521350 -4.982714 -4.156386 -0.196049 -8.061437 -1.116485 -8.216880 14.983074 0.000000 0.000000 0.000000 3.018811 -0.165798 0.608444 -6.880029 3.217036 0.002175 -6.474061 20.254312 -5.814093 23.764820 -12.112758 -15.340987 0.000000 0.000000 0.000000 -9.613000 -26.256322 6.713930 -42.568757 -36.330426 8.512775 -8.388063 -45.787065 2.184823 0.000000 0.000000 0.000000 6.808227 24.390327 13.266335 46.176571 44.475555 15.348265 1.772033 77.676698 9.624494 0.000000 0.000000 0.000000 
0.010234 0.943565 0.017903 -1.797367 -2.399575 9.535329 10.055223 -0.297720 -12.178490 0.175666 -0.066608 1.414290 -1.030772 2.518160 11.943613 0.000000 0.000000 0.000000 -3.031799 0.555171 -5.391191 -4.134792 -0.173598 -7.736359 -1.057035 -8.113203 14.862294 0.000000 0.000000 0.000000 3.412919 -0.179520 0.533181 -6.709097 3.129734 -0.149023 -6.124338 19.580096 -5.342363 22.822729 -11.719883 -14.845750 0.000000 0.000000 0.000000 -9.395428 -26.430660 6.994920 -42.905822 -37.946217 9.057009 -6.099893 -48.200696 1.378808 0.000000 0.000000 0.000000 6.573682 23.327934 12.477894 46.568511 42.326187 14.373706 4.499471 75.358716 11.236298 0.000000 0.000000 0.000000 
0.011028 0.943522 0.016856 -1.671521 -2.269390 9.699289 9.962662 -0.313379 -12.607688 0.035811 -0.057029 1.648150 -1.083831 2.448156 11.954684 0.000000 0.000000 0.000000 -3.336621 0.572718 -5.597131 -3.918679 -0.183120 -7.774298 -1.133767 -8.246792 14.941920 0.000000 0.000000 0.000000 3.917022 -0.186656 0.292092 -6.415637 2.986403 -0.215808 -5.907729 18.401602 -5.108484 21.820381 -11.235455 -14.447182 0.000000 0.000000 0.000000 -9.279833 -26.434146 7.240419 -42.784964 -39.117786 9.413096 -4.130580 -50.845245 0.664608 0.000000 0.000000 0.000000 6.382155 22.378908 11.733026 46.053077 39.733361 12.839123 5.930018 74.315252 11.984396 0.000000 0.000000 0.000000 
0.011837 0.943458 0.016123 -1.627592 -2.772497 9.693010 9.860642 -0.303346 -12.606218 -0.018067 -0.054305 1.797603 -0.837603 2.785682 11.920382 0.000000 0.000000 0.000000 -3.551722 0.584315 -5.716566 -3.798064 -0.190220 -7.813903 -0.892679 -7.896701 14.935903 0.000000 0.000000 0.000000 4.472556 -0.192083 0.077249 -6.198571 2.875097 -0.488658 -5.775132 18.080883 -4.915137 21.318559 -11.198310 -13.803498 0.000000 0.000000 0.000000 -9.309784 -25.919131 7.134766 -42.574363 -39.750913 9.573620 -3.368927 -53.972637 0.302978 0.000000 0.000000 0.000000 6.273489 20.717638 10.766936 46.275346 37.617050 11.871862 9.116674 73.909729 14.365502 0.000000 0.000000 0.000000 
0.012608 0.943440 0.015693 -1.422354 -2.936958 9.795910 9.574211 -0.323638 -12.817947 -0.013609 -0.059626 1.959765 -0.760091 2.901915 11.942397 0.000000 0.000000 0.000000 -3.979362 0.593232 -5.796636 -3.562042 -0.209695 -7.995704 -0.825929 -7.819577 15.003509 0.000000 0.000000 0.000000 5.176150 -0.189068 -0.291547 -6.459236 2.991732 -0.595469 -5.441093 16.891072 -4.699524 20.168763 -10.845824 -12.828230 0.000000 0.000000 0.000000 -9.811621 -25.162970 7.040371 -41.566693 -39.887868 9.441849 -4.270041 -56.727901 1.001441 0.000000 0.000000 0.000000 6.126723 19.426990 9.868618 46.024652 36.090002 11.024791 11.491548 74.215221 16.090063 0.000000 0.000000 0.000000 
0.013227 0.943222 0.015421 -1.229345 -3.276460 9.653691 9.244376 -0.337792 -12.742123 0.074753 -0.077677 2.187053 -0.595794 3.108397 11.850366 0.000000 0.000000 0.000000 -4.099255 0.579053 -5.568644 -3.849551 -0.222206 -8.294139 -0.657021 -7.577079 15.012498 0.000000 0.000000 0.000000 5.618509 -0.158565 -0.755030 -6.224058 2.870385 -0.910976 -5.207025 16.334309 -4.222774 18.911280 -10.354654 -11.984971 0.000000 0.000000 0.000000 -10.866457 -24.067742 6.671025 -40.500718 -39.178250 9.014239 -7.743200 -59.033618 3.134315 0.000000 0.000000 0.000000 5.980732 17.918862 8.962310 46.197779 34.934394 10.512204 16.376223 74.572182 19.903290 0.000000 0.000000 0.000000 
0.013661 0.942950 0.014913 -1.048295 -3.341929 9.955961 8.956851 -0.367352 -12.945339 0.195683 -0.084346 1.904624 -0.558656 3.177634 11.906777 0.000000 0.000000 0.000000 -4.441370 0.598465 -5.782764 -3.674339 -0.247740 -8.598813 -0.645622 -7.585224 15.089121 0.000000 0.000000 0.000000 6.169994 -0.108167 -1.504123 -6.409353 2.962747 -0.761500 -5.009125 15.537137 -4.273471 18.518922 -10.352858 -11.337541 0.000000 0.000000 0.000000 -11.548115 -23.266826 6.441522 -39.636774 -38.479707 8.668970 -11.429105 -60.927396 5.530785 0.000000 0.000000 0.000000 5.913993 16.594074 8.189069 46.856756 34.479222 10.499178 20.282727 75.162932 23.076906 0.000000 0.000000 0.000000 
0.013794 0.942792 0.014148 -0.946340 -3.522311 9.829032 8.743947 -0.377707 -12.752591 0.337870 -0.098504 1.783473 -0.485507 3.278334 11.905131 0.000000 0.000000 0.000000 -4.539355 0.597318 -5.757090 -3.739381 -0.243432 -8.561838 -0.574250 -7.463918 15.007331 0.000000 0.000000 0.000000 6.470225 -0.063040 -1.994505 -6.040961 2.773616 -1.195064 -5.065759 15.373273 -3.753092 18.240325 -10.309903 -11.048688 0.000000 0.000000 0.000000 -11.782066 -22.437855 6.124658 -39.423150 -38.208282 8.492605 -15.288069 -61.923590 7.996893 0.000000 0.000000 0.000000 5.839866 15.373703 7.542237 47.347143 34.054001 10.447367 24.325993 76.313865 26.836406 0.000000 0.000000 0.000000 
0.013725 0.943018 0.013159 -0.876757 -3.838980 9.886481 8.543633 -0.387406 -12.728669 0.535767 -0.118739 1.642915 -0.361859 3.494805 12.071694 0.000000 0.000000 0.000000 -4.702856 0.618386 -6.027243 -3.623669 -0.237672 -8.432304 -0.434246 -7.263557 15.004401 0.000000 0.000000 0.000000 6.834258 -0.047689 -2.219327 -6.265506 2.878065 -1.158578 -4.663613 15.015599 -3.753531 17.744440 -10.281723 -10.243186 0.000000 0.000000 0.000000 -12.165213 -21.762312 5.922091 -39.014018 -38.430243 8.496302 -18.299236 -62.360941 10.030508 0.000000 0.000000 0.000000 5.710982 14.631896 7.076342 47.564363 34.036444 10.518192 26.430870 77.042324 28.739760 0.000000 0.000000 0.000000 
0.013551 0.943187 0.012309 -0.789138 -3.979231 9.936568 8.349969 -0.400497 -12.624083 0.720215 -0.129909 1.310051 -0.329404 3.582780 12.249288 0.000000 0.000000 0.000000 -4.776924 0.643914 -6.415755 -3.668180 -0.207634 -7.994563 -0.407417 -7.204020 14.884426 0.000000 0.000000 0.000000 7.054096 -0.030658 -2.416047 -6.026402 2.765787 -1.227978 -4.745239 14.810987 -3.434355 17.146169 -9.949943 -10.049750 0.000000 0.000000 0.000000 -12.197669 -21.233124 5.741292 -38.619275 -39.420478 8.664018 -19.189241 -62.281393 10.657795 0.000000 0.000000 0.000000 5.555353 13.805802 6.627221 48.168826 34.345653 10.847431 25.913511 77.659343 28.615187 0.000000 0.000000 0.000000 
0.013501 0.943290 0.011740 -0.759932 -4.358596 10.005112 8.171464 -0.405457 -12.421009 0.947491 -0.142975 0.916625 -0.171943 3.837479 12.399356 0.000000 0.000000 0.000000 -4.796947 0.667013 -6.723428 -3.741800 -0.192638 -7.792683 -0.242440 -6.955108 14.829760 0.000000 0.000000 0.000000 7.504234 -0.021170 -2.566711 -6.227638 2.862525 -1.155827 -4.486083 14.780048 -3.483304 16.917458 -9.844705 -9.910301 0.000000 0.000000 0.000000 -12.570435 -20.990294 5.657089 -38.439342 -39.866954 8.800679 -21.224288 -62.116950 11.913069 0.000000 0.000000 0.000000 5.673473 13.006445 6.240342 48.318697 34.662207 11.050558 27.123806 77.234663 29.284503 0.000000 0.000000 0.000000 
0.013580 0.942741 0.011520 -0.641935 -4.443338 10.272437 7.853224 -0.436497 -12.483417 1.283673 -0.166250 0.506148 -0.115476 3.916173 12.393908 0.000000 0.000000 0.000000 -4.821688 0.678742 -6.854537 -3.971824 -0.211253 -8.148835 -0.217530 -6.929015 14.844452 0.000000 0.000000 0.000000 7.739546 0.001487 -2.849579 -6.176578 2.846425 -0.994803 -4.469033 14.685448 -3.562457 16.628536 -9.721639 -9.675980 0.000000 0.000000 0.000000 -12.410173 -21.026502 5.719867 -38.002511 -40.820200 8.956447 -20.412344 -61.305411 11.344122 0.000000 0.000000 0.000000 5.641981 12.910155 6.170467 47.940700 34.615725 10.916853 24.177511 76.847490 26.606499 0.000000 0.000000 0.000000 
0.013790 0.942750 0.011539 -0.543466 -4.725858 10.421271 7.551723 -0.456017 -12.336400 1.572941 -0.180586 0.062656 0.000843 4.108014 12.529883 0.000000 0.000000 0.000000 -4.786223 0.694320 -7.041501 -4.303610 -0.208946 -8.223837 -0.083485 -6.750987 14.883637 0.000000 0.000000 0.000000 7.994152 -0.000415 -2.873707 -6.236609 2.891757 -0.692838 -4.498363 14.906730 -4.054922 16.673101 -9.666955 -9.835227 0.000000 0.000000 0.000000 -12.536770 -21.343311 5.814777 -38.093076 -41.911181 9.376706 -19.881159 -59.928394 10.726616 0.000000 0.000000 0.000000 6.006643 12.676704 6.142586 47.758514 34.550299 10.844941 21.058411 75.105141 23.286928 0.000000 0.000000 0.000000 
0.013968 0.942534 0.011653 -0.322035 -4.657108 10.895312 7.153564 -0.505928 -12.676531 1.861080 -0.194576 -0.311977 -0.037686 4.088635 12.665457 0.000000 0.000000 0.000000 -4.871377 0.713524 -7.278591 -4.631024 -0.237594 -8.706113 -0.120049 -6.863499 15.071249 0.000000 0.000000 0.000000 8.207126 -0.011592 -2.914491 -6.174004 2.849551 -0.854319 -4.257714 14.848823 -4.207350 16.066787 -9.078048 -10.252294 0.000000 0.000000 0.000000 -12.669869 -21.427907 5.860138 -37.646610 -43.585280 9.782435 -17.436846 -58.333359 9.134181 0.000000 0.000000 0.000000 5.640376 12.527476 5.999901 47.773988 34.646645 10.945234 17.188501 73.108505 19.442772 0.000000 0.000000 0.000000 
0.013967 0.942718 0.011758 -0.096031 -4.938699 11.140064 6.724631 -0.545590 -12.919155 2.152942 -0.228956 -0.276171 0.078259 4.287156 12.831736 0.000000 0.000000 0.000000 -4.985233 0.734601 -7.539536 -4.930206 -0.242556 -8.841608 0.006140 -6.716191 15.164999 0.000000 0.000000 0.000000 8.379634 -0.017729 -2.922680 -6.295451 2.939780 -0.249914 -4.219900 14.933390 -4.998880 15.616274 -8.892069 -9.769688 0.000000 0.000000 0.000000 -12.767123 -21.700942 5.961055 -36.758904 -45.198522 10.063771 -15.334850 -57.141582 7.837210 0.000000 0.000000 0.000000 5.882221 13.036784 6.272418 47.366178 35.344283 11.183090 9.844372 69.546001 12.836667 0.000000 0.000000 0.000000 
0.013712 0.942643 0.011669 0.160329 -5.304805 11.533301 6.525327 -0.570232 -13.372784 2.016816 -0.221007 -0.150794 0.251787 4.559111 12.975052 0.000000 0.000000 0.000000 -5.216384 0.764586 -7.906708 -5.074543 -0.263876 -9.138296 0.157126 -6.532496 15.248038 0.000000 0.000000 0.000000 8.600433 -0.059690 -2.676522 -6.537245 3.062771 -0.070133 -3.864502 15.087144 -5.271170 15.225319 -8.518634 -10.027160 0.000000 0.000000 0.000000 -12.601839 -22.544076 6.378340 -35.548632 -46.846544 10.148808 -11.619310 -57.251150 5.927134 0.000000 0.000000 0.000000 5.626486 13.974181 6.654715 47.748325 37.133171 12.179758 2.135045 64.620403 6.600141 0.000000 0.000000 0.000000 
0.013358 0.942992 0.011110 0.495918 -5.442891 11.978410 6.467386 -0.592124 -14.014456 1.526473 -0.174498 0.031158 0.282348 4.667282 13.273569 0.000000 0.000000 0.000000 -5.438490 0.793350 -8.294036 -5.344896 -0.286924 -9.471198 0.219612 -6.521214 15.490632 0.000000 0.000000 0.000000 8.474779 -0.114663 -2.304297 -6.444096 3.020229 0.015444 -3.839883 15.135553 -5.628453 15.001157 -8.393750 -9.877148 0.000000 0.000000 0.000000 -12.576830 -23.460304 6.800357 -33.998229 -48.485777 10.076305 -8.116786 -57.614317 4.135840 0.000000 0.000000 0.000000 5.378696 15.519400 7.332172 47.265221 39.136087 12.997100 -5.590810 59.529811 1.419060 0.000000 0.000000 0.000000 
0.013005 0.943384 0.010102 0.868659 -6.016424 12.179525 6.383105 -0.599277 -14.522250 0.950129 -0.129554 0.544299 0.523231 5.051103 13.551499 0.000000 0.000000 0.000000 -5.757327 0.833842 -8.866722 -5.564714 -0.267327 -9.248099 0.445058 -6.207859 15.464916 0.000000 0.000000 0.000000 8.430595 -0.187789 -1.714687 -6.758871 3.175318 0.095772 -3.464992 15.222858 -5.635861 14.771553 -8.152572 -10.142584 0.000000 0.000000 0.000000 -12.661152 -24.245190 7.242144 -32.865026 -49.970848 10.059679 -4.336025 -58.841251 2.242577 0.000000 0.000000 0.000000 4.966555 16.891337 7.852879 47.482776 41.541084 14.256663 -11.528293 54.834681 -1.902150 0.000000 0.000000 0.000000 
0.012749 0.944132 0.009128 1.106308 -6.167536 12.766799 6.309272 -0.626344 -15.337548 0.681051 -0.103685 0.724377 0.548958 5.176959 13.988428 0.000000 0.000000 0.000000 -6.095403 0.875986 -9.495878 -5.455927 -0.288695 -9.471629 0.520594 -6.211661 15.815155 0.000000 0.000000 0.000000 8.159734 -0.220398 -1.508081 -6.708939 3.159425 0.277806 -3.271231 15.127877 -6.058889 14.210422 -7.772819 -10.078705 0.000000 0.000000 0.000000 -13.044321 -24.735612 7.498995 -32.395249 -50.748453 10.168288 -1.715010 -59.187593 0.833114 0.000000 0.000000 0.000000 3.855111 17.621915 7.945587 48.572953 43.286280 15.687745 -14.810241 51.982130 -3.424649 0.000000 0.000000 0.000000 
0.012447 0.945026 0.008655 1.344228 -5.950301 12.943146 6.297294 -0.645905 -15.845436 0.319026 -0.070922 1.072861 0.383846 5.025542 14.312755 0.000000 0.000000 0.000000 -6.424366 0.887255 -9.805528 -5.285700 -0.273980 -9.245031 0.394766 -6.435765 15.957406 0.000000 0.000000 0.000000 8.012697 -0.255599 -1.211068 -6.579685 3.095119 0.282791 -3.340848 14.666220 -5.718415 14.244376 -7.860252 -9.938952 0.000000 0.000000 0.000000 -13.235657 -24.877438 7.654810 -32.229460 -51.641439 10.336258 1.000106 -58.755786 -0.576380 0.000000 0.000000 0.000000 3.559746 18.282261 8.145901 49.000647 44.351249 16.388194 -18.376788 50.978804 -5.031628 0.000000 0.000000 0.000000 
0.012020 0.945875 0.008802 1.643093 -5.546117 12.956522 5.916342 -0.706547 -15.991404 0.500392 -0.094526 1.100443 0.108140 4.723380 14.605234 0.000000 0.000000 0.000000 -6.885442 0.880219 -9.936261 -4.955689 -0.250220 -8.867467 0.148629 -6.790806 15.972754 0.000000 0.000000 0.000000 7.686164 -0.276340 -0.951291 -6.414157 3.007857 0.203952 -3.418786 13.887033 -5.278931 13.581057 -7.330141 -10.290402 0.000000 0.000000 0.000000 -12.879917 -24.957106 7.855898 -31.713369 -52.130017 10.196921 3.115756 -57.432675 -1.516796 0.000000 0.000000 0.000000 3.532358 18.265391 8.070379 50.471605 45.038058 17.318636 -20.675727 50.580788 -6.082364 0.000000 0.000000 0.000000 
0.011413 0.946599 0.009098 1.664998 -4.724297 12.771807 5.906626 -0.728997 -15.929700 0.614023 -0.108058 1.086697 -0.345158 4.162522 14.736001 0.000000 0.000000 0.000000 -6.884984 0.836576 -9.368266 -4.785489 -0.270447 -9.111864 -0.194178 -7.319519 16.219130 0.000000 0.000000 0.000000 7.242272 -0.279694 -0.761876 -5.773344 2.698844 0.184045 -3.631915 13.079615 -4.737241 13.060854 -7.109910 -9.953656 0.000000 0.000000 0.000000 -12.441357 -25.262581 8.102231 -30.633290 -52.845829 9.844834 5.798240 -54.490825 -2.616538 0.000000 0.000000 0.000000 3.834077 18.191830 8.058846 50.820431 44.668480 17.164655 -23.292326 51.435760 -7.397310 0.000000 0.000000 0.000000 
0.010789 0.946988 0.009100 1.698036 -4.574615 12.826397 6.077340 -0.719593 -16.031868 0.341693 -0.075240 1.101629 -0.445343 4.068975 14.893483 0.000000 0.000000 0.000000 -7.010025 0.844583 -9.606068 -4.540009 -0.246250 -8.723838 -0.301672 -7.453558 16.144199 0.000000 0.000000 0.000000 6.980769 -0.315942 -0.351064 -5.691242 2.648240 -0.003019 -3.796629 12.494836 -4.355556 12.866699 -7.183981 -9.354649 0.000000 0.000000 0.000000 -11.716969 -25.511690 8.332487 -28.837006 -53.652911 9.189039 7.806218 -51.079843 -3.178878 0.000000 0.000000 0.000000 3.646611 18.246813 7.995444 51.771242 45.486578 17.982486 -25.828277 50.713645 -8.484935 0.000000 0.000000 0.000000 
0.010285 0.947231 0.008194 1.630548 -4.212601 12.701448 6.325426 -0.704564 -16.169602 0.136546 -0.058644 1.363010 -0.630909 3.840980 14.932974 0.000000 0.000000 0.000000 -6.844844 0.847036 -9.784513 -4.578174 -0.198346 -8.097010 -0.495944 -7.690755 15.994523 0.000000 0.000000 0.000000 6.551037 -0.372098 0.413890 -5.357014 2.489076 -0.038926 -4.232170 12.234212 -4.412171 13.019375 -7.313681 -9.229064 0.000000 0.000000 0.000000 -11.237727 -26.616500 8.835529 -27.187943 -54.409290 8.593031 9.238843 -47.117439 -3.402755 0.000000 0.000000 0.000000 4.053665 18.775380 8.332829 51.794052 46.535387 18.557538 -27.411066 49.178930 -8.896105 0.000000 0.000000 0.000000 
0.009863 0.947156 0.006408 1.547303 -4.291188 12.772200 6.628767 -0.672376 -16.279239 -0.163145 -0.018278 1.262225 -0.596470 3.908622 15.032543 0.000000 0.000000 0.000000 -6.757750 0.878290 -10.359827 -4.538869 -0.150982 -7.443489 -0.501461 -7.659516 15.794680 0.000000 0.000000 0.000000 6.269675 -0.407903 0.907301 -5.673199 2.636590 -0.003360 -4.239453 12.271141 -4.422551 12.755617 -7.364218 -8.441758 0.000000 0.000000 0.000000 -10.754773 -27.389563 9.193058 -25.737088 -55.002774 8.020234 10.925229 -44.638922 -3.800593 0.000000 0.000000 0.000000 3.906004 19.930748 8.833939 51.335149 48.649430 19.535871 -29.274281 46.118553 -9.062821 0.000000 0.000000 0.000000 
0.009576 0.946746 0.004242 1.563181 -3.925055 12.768369 6.840244 -0.667997 -16.687326 -0.457216 0.008492 1.602018 -0.757897 3.692686 14.977794 0.000000 0.000000 0.000000 -6.667174 0.892170 -10.760431 -4.653958 -0.097804 -6.807331 -0.734649 -7.942912 15.555450 0.000000 0.000000 0.000000 5.990483 -0.442812 1.437176 -6.253177 2.902320 -0.003879 -4.172679 12.403953 -4.347973 12.861444 -7.441866 -8.393847 0.000000 0.000000 0.000000 -10.561492 -28.224857 9.517443 -24.204001 -55.761371 7.418807 11.120194 -42.636077 -3.637991 0.000000 0.000000 0.000000 3.306262 20.988500 9.216213 50.587563 51.113239 20.650869 -29.815817 42.268815 -8.433683 0.000000 0.000000 0.000000 
0.009529 0.946837 0.002529 1.574025 -3.376395 12.656578 6.731417 -0.704597 -17.007056 -0.217800 -0.033619 1.979495 -1.032511 3.341327 14.970751 0.000000 0.000000 0.000000 -6.549673 0.880397 -10.696032 -4.790091 -0.079000 -6.660815 -0.984404 -8.310355 15.619549 0.000000 0.000000 0.000000 5.784288 -0.492520 2.126005 -6.701055 3.114414 0.134444 -4.520148 13.136613 -4.730400 12.592918 -7.504927 -7.410531 0.000000 0.000000 0.000000 -10.799873 -28.946389 9.617895 -23.558911 -55.847184 7.102368 10.394817 -42.098001 -3.379659 0.000000 0.000000 0.000000 3.386042 21.796093 9.753849 48.217445 52.669102 20.462770 -29.492808 38.395611 -7.417398 0.000000 0.000000 0.000000 
0.009759 0.946653 0.001639 1.696584 -2.853536 12.689011 6.856705 -0.713246 -17.199893 -0.630849 0.019124 1.938023 -1.296126 3.009173 14.993363 0.000000 0.000000 0.000000 -6.428480 0.873095 -10.675453 -5.208194 -0.058089 -6.632349 -1.239833 -8.687650 15.672892 0.000000 0.000000 0.000000 5.549458 -0.502186 2.398712 -7.202929 3.326875 -0.118482 -4.647917 13.932501 -4.519715 12.901421 -7.611558 -7.692834 0.000000 0.000000 0.000000 -10.522191 -28.805686 9.309588 -24.530686 -56.060254 7.452665 9.774952 -42.753185 -3.322636 0.000000 0.000000 0.000000 3.575760 22.196504 10.131022 46.690316 53.337303 20.122721 -29.227662 36.071275 -6.790412 0.000000 0.000000 0.000000 
0.010171 0.946766 0.001349 1.819002 -2.089127 12.838495 6.695035 -0.768512 -17.470478 -0.548735 0.010469 1.797939 -1.688372 2.531040 15.076389 0.000000 0.000000 0.000000 -6.361362 0.859483 -10.587845 -5.519817 -0.054283 -6.765109 -1.596285 -9.235919 15.896291 0.000000 0.000000 0.000000 5.267089 -0.515280 2.728429 -7.790437 3.584908 -0.178323 -4.676615 14.801255 -4.698222 12.993865 -7.615215 -7.736765 0.000000 0.000000 0.000000 -10.680838 -29.244943 9.248952 -24.572450 -55.759953 7.350694 8.754733 -43.707272 -3.126237 0.000000 0.000000 0.000000 3.884898 22.262585 10.430890 44.602853 53.581086 19.288469 -29.010272 34.459923 -6.330243 0.000000 0.000000 0.000000 
0.010541 0.946692 0.001187 1.934786 -0.995113 13.033956 6.768795 -0.807745 -17.630771 -0.829576 0.055434 1.280310 -2.246737 1.851631 15.197098 0.000000 0.000000 0.000000 -6.371703 0.827202 -10.247019 -5.623502 -0.089966 -7.268706 -2.106598 -10.009380 16.241299 0.000000 0.000000 0.000000 5.000557 -0.520788 2.951848 -7.915263 3.635371 -0.020947 -4.923793 15.268492 -4.977588 13.163144 -7.710881 -7.678594 0.000000 0.000000 0.000000 -10.745281 -29.099676 8.941087 -25.595465 -55.873072 7.777846 8.271717 -44.147309 -3.100358 0.000000 0.000000 0.000000 4.202214 22.703150 10.898349 41.636052 53.120321 17.603603 -29.119770 33.125685 -6.036203 0.000000 0.000000 0.000000 
0.010671 0.946559 0.001000 2.048592 0.023615 13.312953 6.437933 -0.894920 -17.893188 -0.381793 0.014637 0.826527 -2.769636 1.214799 15.289740 0.000000 0.000000 0.000000 -6.228082 0.811850 -10.101100 -5.981103 -0.105701 -7.615223 -2.591279 -10.732008 16.548939 0.000000 0.000000 0.000000 4.525632 -0.517499 3.293712 -7.970695 3.634058 -0.200390 -5.028276 15.860584 -5.155249 13.448393 -7.930271 -7.513596 0.000000 0.000000 0.000000 -10.926997 -29.461275 8.859545 -26.056722 -55.767987 7.914945 7.217789 -44.726498 -2.834861 0.000000 0.000000 0.000000 4.446067 23.084221 11.342263 39.316502 52.579322 16.253151 -29.217595 31.892796 -5.755789 0.000000 0.000000 0.000000 
0.010540 0.946457 0.000579 2.094879 1.257736 13.587394 6.531386 -0.945155 -18.258445 -0.500151 0.036993 0.457659 -3.390121 0.479989 15.453878 0.000000 0.000000 0.000000 -5.977976 0.794173 -9.903433 -6.318651 -0.125233 -7.978281 -3.173143 -11.582934 16.925599 0.000000 0.000000 0.000000 4.151598 -0.537616 3.865534 -7.989587 3.607895 -0.434534 -5.250488 16.135591 -5.189013 13.762895 -7.997194 -7.861027 0.000000 0.000000 0.000000 -10.453563 -29.606786 8.726014 -26.163706 -56.363506 7.920218 7.280246 -44.391600 -2.920382 0.000000 0.000000 0.000000 4.687987 23.546964 11.811634 36.311948 52.365069 14.708736 -29.456042 30.392726 -5.463845 0.000000 0.000000 0.000000 
0.010227 0.946606 -0.000105 2.112990 2.367292 13.797255 6.328408 -1.023369 -18.570942 -0.054820 0.000080 0.143461 -3.974848 -0.193727 15.649895 0.000000 0.000000 0.000000 -5.311708 0.797606 -9.791402 -7.327707 -0.109893 -8.159000 -3.663120 -12.299168 17.382622 0.000000 0.000000 0.000000 3.744380 -0.538520 4.299997 -8.018418 3.604117 -0.427936 -5.415502 16.499156 -5.269559 14.123605 -8.103067 -8.191776 0.000000 0.000000 0.000000 -10.475652 -30.327217 8.846958 -24.887873 -56.347162 7.248356 7.306658 -44.267366 -2.973460 0.000000 0.000000 0.000000 4.698900 24.490345 12.454777 32.716554 52.087133 12.909407 -29.710263 28.328864 -5.070257 0.000000 0.000000 0.000000 
0.009968 0.946728 -0.000933 2.097411 3.265382 14.094976 6.568567 -1.055304 -19.066573 -0.324532 0.030207 0.026152 -4.425109 -0.679126 15.873798 0.000000 0.000000 0.000000 -5.048524 0.793425 -9.697413 -7.596862 -0.148697 -8.598800 -4.064529 -12.876652 17.842470 0.000000 0.000000 0.000000 3.229471 -0.527034 4.751196 -8.171680 3.644422 -0.647534 -5.353471 16.619026 -5.313408 14.763084 -8.022782 -9.552780 0.000000 0.000000 0.000000 -9.959272 -30.962567 9.034046 -24.121556 -56.106971 6.746983 7.598059 -44.345060 -3.143999 0.000000 0.000000 0.000000 4.505252 25.412589 12.958416 29.349780 52.151411 11.388190 -29.290567 26.183026 -4.551245 0.000000 0.000000 0.000000 
0.009955 0.947135 -0.001592 2.211568 4.187860 14.320504 6.319058 -1.134274 -19.342203 -0.042586 0.014010 -0.309068 -4.946143 -1.218379 16.185251 0.000000 0.000000 0.000000 -4.639411 0.785379 -9.465228 -7.720454 -0.190957 -9.027682 -5.310472 -14.822349 18.138014 0.000000 0.000000 0.000000 2.824694 -0.503401 4.948305 -8.440926 3.741995 -0.740317 -5.282439 17.025639 -5.061417 15.220269 -8.108216 -10.120267 0.000000 0.000000 0.000000 -9.814117 -31.899089 9.296885 -22.377665 -55.638725 5.774300 7.930166 -44.743983 -3.358304 0.000000 0.000000 0.000000 4.522037 26.628894 13.717161 25.263844 51.598265 9.337869 -28.629984 23.921116 -3.989305 0.000000 0.000000 0.000000 
0.010278 0.947059 -0.002174 2.276997 4.974031 14.608240 6.289570 -1.191050 -19.727390 -0.081323 0.024496 -0.515603 -5.346041 -1.653349 16.350984 0.000000 0.000000 0.000000 -4.520375 0.769372 -9.205264 -6.815257 -0.257236 -9.473501 -6.981704 -17.445757 17.720203 0.000000 0.000000 0.000000 2.447899 -0.493059 5.311327 -8.647649 3.814666 -0.751582 -5.286828 17.319303 -4.936585 15.830841 -8.310201 -10.632031 0.000000 0.000000 0.000000 -9.357435 -32.370655 9.380912 -21.279326 -55.436077 5.112294 7.741039 -45.697968 -3.436494 0.000000 0.000000 0.000000 4.613718 27.608027 14.379545 21.560268 51.391939 7.640637 -27.544361 21.476795 -3.372600 0.000000 0.000000 0.000000 
0.010850 0.947058 -0.002667 2.439812 5.589151 14.929499 5.908154 -1.289227 -20.207071 0.267947 -0.006341 -0.525488 -5.676000 -2.012986 16.473315 0.000000 0.000000 0.000000 -4.287082 0.766419 -9.089285 -6.434845 -0.275410 -9.588856 -8.280207 -19.531654 16.972506 0.000000 0.000000 0.000000 2.299611 -0.466948 5.107061 -8.894109 3.915820 -0.566988 -5.476093 17.907098 -4.797429 16.140592 -8.433771 -10.785084 0.000000 0.000000 0.000000 -9.854616 -33.295679 9.599270 -19.610968 -54.479291 4.267419 7.078617 -46.830140 -3.319089 0.000000 0.000000 0.000000 4.968503 28.890326 15.357197 18.408720 50.745289 6.089333 -26.480397 19.345921 -2.860579 0.000000 0.000000 0.000000 
0.011478 0.946626 -0.003261 2.732197 6.513944 15.110877 5.624226 -1.389598 -20.663138 0.194970 -0.004263 -0.402630 -6.135840 -2.565924 16.532933 0.000000 0.000000 0.000000 -4.205492 0.756365 -9.029623 -6.226692 -0.255513 -9.390609 -9.551721 -21.575949 16.534125 0.000000 0.000000 0.000000 1.969620 -0.448309 5.320439 -9.230300 4.043470 -0.489626 -5.506289 18.221573 -4.995271 16.498000 -8.630393 -10.821432 0.000000 0.000000 0.000000 -9.812383 -34.265841 9.861187 -18.426964 -54.172103 3.665315 6.824431 -47.746722 -3.372558 0.000000 0.000000 0.000000 5.339646 29.674250 16.092988 15.829968 50.436962 4.926201 -24.473190 17.432779 -2.325909 0.000000 0.000000 0.000000 
0.011877 0.946611 -0.003914 3.022153 7.615944 15.217497 5.388976 -1.480072 -20.912556 0.050937 0.013471 -0.545678 -6.733064 -3.206168 16.788938 0.000000 0.000000 0.000000 -3.969253 0.748803 -8.987138 -6.267681 -0.228361 -9.185439 -10.953964 -23.771302 16.719717 0.000000 0.000000 0.000000 1.764626 -0.431376 5.379727 -9.362278 4.081943 -0.409419 -5.685975 18.324971 -4.652409 16.311852 -8.325640 -11.191156 0.000000 0.000000 0.000000 -9.784185 -35.298869 10.192963 -15.504803 -54.015426 2.264597 7.319755 -48.308278 -3.622244 0.000000 0.000000 0.000000 5.312901 30.703640 16.748326 13.763138 49.951873 3.995754 -23.457672 15.307845 -1.914412 0.000000 0.000000 0.000000 
0.012038 0.946263 -0.004550 3.139532 8.356420 15.204402 5.421333 -1.526572 -21.188097 -0.219908 0.028237 -0.324104 -7.078395 -3.631566 16.814517 0.000000 0.000000 0.000000 -3.889773 0.741851 -8.973218 -6.092018 -0.195226 -8.863973 -11.758271 -25.050962 16.618692 0.000000 0.000000 0.000000 1.653725 -0.429625 5.527642 -9.526998 4.138017 -0.401431 -5.768400 18.560290 -4.725190 16.385388 -8.354566 -11.172080 0.000000 0.000000 0.000000 -9.703967 -36.240756 10.476359 -13.537065 -53.876635 1.319933 8.256881 -48.625975 -4.099063 0.000000 0.000000 0.000000 4.738179 31.393095 16.975147 12.483218 49.789414 3.540019 -21.769966 14.238374 -1.628987 0.000000 0.000000 0.000000 
0.011973 0.946181 -0.005034 3.228066 8.863263 15.088154 5.311679 -1.551083 -21.086777 -0.201179 0.031352 -0.471103 -7.363083 -3.950227 16.906639 0.000000 0.000000 0.000000 -4.016598 0.719345 -8.791833 -5.745666 -0.195035 -8.797492 -12.221715 -25.764878 16.664933 0.000000 0.000000 0.000000 1.587337 -0.415406 5.417144 -9.825145 4.260908 -0.339521 -5.728684 18.627320 -4.579636 16.404617 -8.294208 -11.329186 0.000000 0.000000 0.000000 -9.404100 -36.885120 10.710782 -11.054531 -53.777608 0.121373 9.875642 -48.551499 -4.771225 0.000000 0.000000 0.000000 3.888854 32.142237 17.009647 11.548216 50.034536 3.307140 -20.109269 12.894715 -1.338442 0.000000 0.000000 0.000000 
0.011778 0.946162 -0.005468 3.273795 9.349370 15.198748 5.411452 -1.567489 -21.167611 -0.416450 0.056927 -0.736731 -7.627973 -4.192326 17.099710 0.000000 0.000000 0.000000 -3.820211 0.723945 -8.823186 -6.064309 -0.184747 -8.803969 -12.489015 -26.107561 16.941735 0.000000 0.000000 0.000000 1.448124 -0.385604 5.161442 -10.054494 4.336549 -0.551916 -5.792165 19.044005 -4.660833 16.657419 -8.582034 -11.000179 0.000000 0.000000 0.000000 -9.229323 -37.741624 10.936270 -9.373629 -53.374071 -0.701024 10.135689 -48.600455 -4.927221 0.000000 0.000000 0.000000 3.157591 32.282093 16.862374 11.114379 50.674086 3.359643 -19.159422 12.140770 -1.189685 0.000000 0.000000 0.000000 
0.011473 0.945991 -0.005878 3.283334 9.845202 15.380377 5.428374 -1.598624 -21.311024 -0.397901 0.064373 -1.034238 -7.891285 -4.448431 17.257815 0.000000 0.000000 0.000000 -3.619840 0.724480 -8.741980 -6.303212 -0.216039 -9.161341 -12.748302 -26.417859 17.291163 0.000000 0.000000 0.000000 1.510425 -0.387548 5.053359 -10.271585 4.410787 -0.637590 -6.177219 19.134772 -4.977021 16.914305 -8.725159 -11.032140 0.000000 0.000000 0.000000 -9.119287 -38.204397 11.050123 -7.631089 -52.693868 -1.458250 10.565852 -49.168711 -5.193775 0.000000 0.000000 0.000000 2.828252 32.775164 17.067787 9.887258 51.239963 3.003905 -18.146591 11.119587 -1.018996 0.000000 0.000000 0.000000 
0.011100 0.945883 -0.006239 3.179803 10.383444 15.346929 5.675385 -1.573782 -21.085006 -0.591685 0.094967 -1.614427 -8.187812 -4.728365 17.454347 0.000000 0.000000 0.000000 -3.323885 0.730779 -8.716080 -6.545249 -0.171357 -8.840143 -12.798018 -26.495873 17.114894 0.000000 0.000000 0.000000 1.369921 -0.367146 4.944029 -10.359259 4.430114 -0.810769 -6.050608 19.290605 -5.224218 16.828372 -8.757210 -10.758883 0.000000 0.000000 0.000000 -9.346592 -38.536002 11.104252 -6.852581 -52.490272 -1.769977 10.414449 -50.116621 -5.278921 0.000000 0.000000 0.000000 2.000229 32.892990 16.815031 9.294396 51.980467 2.996051 -17.691011 10.369351 -0.911044 0.000000 0.000000 0.000000 
0.010831 0.945791 -0.006680 3.198959 11.088646 15.388726 5.683681 -1.590872 -20.962108 -0.611588 0.110750 -2.178620 -8.593841 -5.111433 17.714245 0.000000 0.000000 0.000000 -3.076242 0.722101 -8.478009 -6.861199 -0.150996 -8.765117 -12.834243 -26.572646 16.804565 0.000000 0.000000 0.000000 1.241871 -0.368886 5.164024 -10.269734 4.362222 -1.155531 -6.309418 19.259997 -5.364415 16.999072 -8.618393 -11.304545 0.000000 0.000000 0.000000 -9.073764 -38.341129 10.906444 -6.520852 -52.915687 -2.033838 10.477949 -51.162371 -5.539093 0.000000 0.000000 0.000000 1.332985 32.453975 16.361446 8.600137 52.253351 2.867483 -16.925041 10.694815 -0.901625 0.000000 0.000000 0.000000 
0.010801 0.945553 -0.007212 2.984884 11.203966 15.788965 5.826446 -1.601825 -21.196882 -0.395403 0.111610 -2.692600 -8.642683 -5.112723 17.830270 0.000000 0.000000 0.000000 -2.907353 0.751786 -8.783677 -6.825031 -0.137103 -8.625782 -12.413366 -26.039016 16.024799 0.000000 0.000000 0.000000 1.403503 -0.374247 4.907884 -10.714751 4.531841 -1.151671 -6.137073 19.103866 -5.887047 17.147123 -8.795101 -11.108915 0.000000 0.000000 0.000000 -9.901631 -38.180108 10.846312 -6.355446 -52.676534 -1.909257 9.772338 -52.785774 -5.377325 0.000000 0.000000 0.000000 0.716114 32.159025 15.936399 8.667874 52.318352 2.995333 -16.983185 11.620474 -0.992589 0.000000 0.000000 0.000000 
0.011204 0.945305 -0.007843 3.020206 11.647705 16.291896 5.887566 -1.661378 -21.723169 -0.533274 0.124863 -2.929741 -8.850496 -5.268027 18.034914 0.000000 0.000000 0.000000 -2.722793 0.770127 -8.940859 -7.152827 -0.092959 -8.336118 -12.016407 -25.604335 14.805585 0.000000 0.000000 0.000000 1.371490 -0.366270 4.767838 -11.021300 4.617595 -1.533037 -5.875652 18.668822 -6.036107 17.457492 -8.748436 -11.724392 0.000000 0.000000 0.000000 -10.287201 -37.808634 10.722698 -7.062745 -53.135237 -1.536957 9.230836 -53.875193 -5.244600 0.000000 0.000000 0.000000 0.379814 31.119218 15.241377 9.315600 52.188702 3.305614 -17.314770 14.639319 -1.309074 0.000000 0.000000 0.000000 
0.012113 0.945382 -0.008570 3.009425 12.042146 16.642346 5.613194 -1.736262 -22.015368 -0.102194 0.110670 -3.267432 -9.091799 -5.469644 18.223523 0.000000 0.000000 0.000000 -2.650497 0.765180 -8.815619 -7.409252 -0.120956 -8.634595 -11.698842 -25.099499 14.433755 0.000000 0.000000 0.000000 1.762489 -0.415817 4.823091 -11.331621 4.702497 -1.909044 -5.790628 18.098915 -6.084633 17.463929 -8.604473 -12.076873 0.000000 0.000000 0.000000 -11.529595 -37.130687 10.478886 -8.309350 -53.318168 -0.755825 7.590790 -54.663861 -4.443229 0.000000 0.000000 0.000000 0.864431 30.263138 14.979641 9.797838 50.668047 3.209553 -17.989193 18.939927 -1.790034 0.000000 0.000000 0.000000 
0.013537 0.945328 -0.009209 3.087962 11.986970 17.099714 5.287483 -1.808908 -22.399579 0.208494 0.100787 -3.458746 -9.083236 -5.420918 18.299902 0.000000 0.000000 0.000000 -3.006272 0.762491 -8.959995 -7.224242 -0.178775 -9.052123 -11.444111 -24.675971 14.311367 0.000000 0.000000 0.000000 1.925771 -0.415786 4.499783 -11.820730 4.860257 -2.366869 -5.347062 18.043706 -5.896469 17.691540 -8.687971 -12.287027 0.000000 0.000000 0.000000 -11.708782 -36.590497 10.269958 -10.110037 -53.537854 0.086823 7.258642 -55.121205 -4.387233 0.000000 0.000000 0.000000 1.016737 29.071857 14.422082 11.265922 49.208444 3.548435 -18.968592 23.556729 -2.348036 0.000000 0.000000 0.000000 
0.015229 0.945386 -0.009520 3.210611 12.155223 17.400870 4.866677 -1.875113 -22.484079 0.537078 0.098376 -3.885708 -9.233869 -5.529238 18.451010 0.000000 0.000000 0.000000 -3.389276 0.737665 -8.804453 -7.329204 -0.252414 -9.665311 -11.107542 -23.986869 14.642500 0.000000 0.000000 0.000000 2.419347 -0.457136 4.269981 -12.158671 4.947011 -2.941259 -5.332464 17.637513 -5.695445 17.516503 -8.609817 -12.216878 0.000000 0.000000 0.000000 -12.061404 -35.384491 9.753980 -12.291187 -53.552521 1.138222 4.860761 -55.685497 -3.241442 0.000000 0.000000 0.000000 1.325966 27.833821 13.882389 12.463776 47.634207 3.710944 -19.360443 28.542293 -2.867677 0.000000 0.000000 0.000000 
0.016857 0.945476 -0.009314 3.455137 12.375816 17.469061 4.245501 -1.955630 -22.461447 0.958859 0.081177 -3.963772 -9.415095 -5.740167 18.481801 0.000000 0.000000 0.000000 -3.651332 0.709920 -8.554937 -7.349578 -0.277873 -9.878957 -11.268709 -24.228935 14.751969 0.000000 0.000000 0.000000 2.625084 -0.459977 3.989515 -12.253047 4.953068 -3.300297 -5.148046 17.437873 -5.306865 17.313775 -8.432739 -12.344214 0.000000 0.000000 0.000000 -12.534884 -34.790581 9.479239 -13.909659 -53.309102 1.919978 3.161863 -56.067073 -2.442142 0.000000 0.000000 0.000000 1.457715 26.819465 13.390758 13.160197 46.646960 3.778464 -19.793194 32.457688 -3.297294 0.000000 0.000000 0.000000 
0.018184 0.945458 -0.008950 3.508004 12.236730 17.368242 3.955153 -1.956464 -22.205143 1.183086 0.075081 -4.086665 -9.371609 -5.742176 18.380634 0.000000 0.000000 0.000000 -3.800835 0.698257 -8.440979 -7.487042 -0.288581 -9.976699 -11.190601 -24.038403 15.047977 0.000000 0.000000 0.000000 2.976263 -0.476843 3.713914 -12.571476 5.085264 -3.160155 -5.017600 17.574827 -5.339106 17.227020 -8.468343 -12.120031 0.000000 0.000000 0.000000 -12.242534 -34.443766 9.338760 -14.816333 -52.458436 2.278980 1.934585 -57.066737 -1.947933 0.000000 0.000000 0.000000 1.784335 26.470345 13.340941 12.141675 46.232927 3.307849 -19.581413 33.392529 -3.321333 0.000000 0.000000 0.000000 
0.019164 0.945548 -0.008993 3.344772 11.825643 17.254580 3.819959 -1.913218 -21.802810 1.571846 0.072741 -4.489861 -9.200038 -5.567487 18.309462 0.000000 0.000000 0.000000 -3.902399 0.689512 -8.266537 -7.452006 -0.330583 -10.291459 -10.727198 -23.248552 15.105058 0.000000 0.000000 0.000000 3.220831 -0.512098 3.848128 -12.916704 5.220521 -3.194403 -4.660515 18.319476 -5.629690 17.343033 -8.504267 -12.182396 0.000000 0.000000 0.000000 -11.907202 -34.282383 9.156042 -14.994576 -51.885701 2.289845 1.141052 -57.825663 -1.707652 0.000000 0.000000 0.000000 1.752709 26.375530 13.351230 10.406100 45.787508 2.652203 -19.066212 32.443536 -3.090507 0.000000 0.000000 0.000000 
0.019939 0.946063 -0.009699 3.322708 11.612037 17.465285 3.740050 -1.929108 -21.947002 1.674070 0.074467 -4.644262 -9.132933 -5.398978 18.477813 0.000000 0.000000 0.000000 -4.088451 0.708485 -8.678675 -7.579809 -0.314605 -10.158962 -10.361182 -22.574314 15.344464 0.000000 0.000000 0.000000 3.424391 -0.520573 3.618631 -13.030078 5.294871 -2.659529 -4.330571 18.880525 -6.056323 17.463330 -8.746807 -11.741566 0.000000 0.000000 0.000000 -11.928474 -34.168638 8.996035 -14.984107 -51.348917 2.292875 2.025487 -58.561449 -2.350914 0.000000 0.000000 0.000000 1.157861 27.139150 13.552558 7.276091 45.679205 1.625308 -17.394184 28.861116 -2.422406 0.000000 0.000000 0.000000 
0.020699 0.946917 -0.011064 3.120029 11.032954 17.093868 3.764807 -1.837397 -21.298468 1.818946 0.086601 -5.102719 -8.927610 -5.074812 18.620911 0.000000 0.000000 0.000000 -4.326183 0.683030 -8.282612 -7.743191 -0.363317 -10.543531 -9.254481 -20.660681 15.527918 0.000000 0.000000 0.000000 3.762149 -0.603224 4.263158 -13.303623 5.435826 -2.423467 -4.089884 20.054669 -6.457298 17.828664 -9.439430 -10.681329 0.000000 0.000000 0.000000 -12.275293 -34.557702 8.919780 -15.145085 -50.397596 2.382844 1.709511 -59.187209 -2.421892 0.000000 0.000000 0.000000 0.587284 28.211957 13.975028 4.279862 44.902191 0.624321 -15.795248 24.889209 -1.822100 0.000000 0.000000 0.000000 
0.021519 0.947400 -0.012961 3.156989 10.986865 17.215987 3.780952 -1.830557 -21.258302 1.601371 0.114660 -5.581145 -8.982066 -4.965199 18.972613 0.000000 0.000000 0.000000 -4.672940 0.687368 -8.630587 -7.515200 -0.347238 -10.397533 -9.124974 -20.406953 15.734849 0.000000 0.000000 0.000000 4.225931 -0.688730 4.617672 -13.641728 5.547117 -2.646663 -3.358506 20.614515 -6.116224 17.596377 -9.115809 -11.007961 0.000000 0.000000 0.000000 -12.823186 -34.270401 8.599624 -16.103738 -49.779603 2.801888 2.265451 -60.001908 -2.991014 0.000000 0.000000 0.000000 -1.187243 29.172346 13.733792 2.196777 44.559270 0.082446 -13.628799 21.269575 -1.235767 0.000000 0.000000 0.000000 
0.022422 0.947835 -0.015053 3.254733 11.587135 16.734415 3.651975 -1.811218 -20.744353 1.409256 0.133339 -5.920431 -9.392505 -5.313894 19.268451 0.000000 0.000000 0.000000 -4.915624 0.644098 -8.222337 -7.051697 -0.349029 -10.408296 -9.782172 -21.394600 16.409277 0.000000 0.000000 0.000000 4.368117 -0.791943 5.657725 -13.360010 5.407113 -2.948367 -2.988347 20.874173 -5.702717 17.049574 -8.850239 -10.691213 0.000000 0.000000 0.000000 -15.291863 -34.478310 8.290541 -17.210136 -47.562192 3.509826 -0.777136 -60.715605 -1.408000 0.000000 0.000000 0.000000 -1.108139 29.425640 13.948669 0.683919 43.322960 -0.456902 -11.176378 20.198717 -0.830825 0.000000 0.000000 0.000000 
0.023225 0.947753 -0.017010 3.313727 12.139677 17.023199 3.854300 -1.884567 -21.464632 0.898089 0.137703 -5.560505 -9.621455 -5.509138 19.413806 0.000000 0.000000 0.000000 -4.984476 0.646443 -8.508113 -6.497646 -0.275740 -9.746390 -10.218241 -22.274607 15.264110 0.000000 0.000000 0.000000 4.921604 -0.883533 5.820402 -13.496482 5.445823 -2.881537 -3.503875 20.894783 -5.639807 16.953890 -8.320642 -11.654557 0.000000 0.000000 0.000000 -15.825597 -33.756357 7.583377 -19.309515 -47.166386 4.380672 -7.094883 -59.324858 1.857002 0.000000 0.000000 0.000000 -0.527124 28.958917 14.063128 0.032650 42.696022 -0.714513 -9.599691 19.670114 -0.582955 0.000000 0.000000 0.000000 
0.023981 0.947479 -0.018602 3.139986 13.920471 16.432472 3.434924 -1.958700 -21.189195 1.708132 0.110895 -5.624891 -10.605204 -6.641827 19.519545 0.000000 0.000000 0.000000 -5.290229 0.577787 -8.131283 -4.663641 -0.305588 -9.723736 -12.319597 -25.417292 16.881811 0.000000 0.000000 0.000000 5.487100 -0.963081 5.934539 -13.061603 5.258284 -2.754378 -2.590123 19.755571 -4.957935 15.481400 -7.802021 -10.425798 0.000000 0.000000 0.000000 -18.001279 -33.150419 7.185181 -22.532842 -43.524609 5.603148 -7.767545 -62.128713 2.089179 0.000000 0.000000 0.000000 0.686606 29.250539 14.611310 0.921493 41.854433 -0.636068 -8.587406 20.665400 -0.474420 0.000000 0.000000 0.000000 
0.024355 0.947199 -0.019703 3.109512 13.333626 16.509521 3.174926 -2.030953 -21.821211 2.211618 0.050822 -4.616122 -10.204695 -6.417030 19.083563 0.000000 0.000000 0.000000 -6.232603 0.559156 -8.425666 -2.837174 -0.278708 -8.758302 -11.616224 -24.859758 14.369598 0.000000 0.000000 0.000000 4.487559 -0.831629 5.864055 -11.698647 4.793762 -1.887551 -4.172565 20.356371 -6.399891 14.960008 -9.203833 -6.274682 0.000000 0.000000 0.000000 -19.057567 -30.540636 5.474234 -25.028051 -41.588879 6.495301 -15.131409 -62.259501 6.313925 0.000000 0.000000 0.000000 5.426019 27.505982 16.005081 -1.265039 40.628984 -1.615149 -6.884326 22.343421 -0.220967 0.000000 0.000000 0.000000 
0.024646 0.946994 -0.020227 2.924991 15.150790 16.188926 2.874565 -2.266365 -22.964001 3.021779 -0.085747 -2.622716 -10.980619 -7.590812 18.734247 0.000000 0.000000 0.000000 -6.840803 0.463951 -7.689196 -0.164990 -0.375030 -8.345530 -12.622572 -26.862752 13.305455 0.000000 0.000000 0.000000 5.756344 -0.834288 4.315122 -12.749743 5.313977 0.404982 -2.355360 20.327273 -4.911038 14.367592 -8.807956 -6.181110 0.000000 0.000000 0.000000 -22.490013 -32.626700 6.087772 -25.244496 -35.873101 6.199115 -16.397679 -61.456648 7.036626 0.000000 0.000000 0.000000 2.356765 26.230601 13.929031 5.112477 40.450155 0.387284 -9.128014 23.464393 -0.548789 0.000000 0.000000 0.000000 
