HIERARCHY
ROOT Hips
{
	OFFSET -0.001795 -0.223333 0.028219
	CHANNELS 6 Xposition Yposition Zposition Zrotation Yrotation Xrotation 
	JOINT LeftUpLeg
	{
		OFFSET 0.069520 -0.091406 -0.006815
		CHANNELS 3 Zrotation Yrotation Xrotation
		JOINT LeftLeg
		{
			OFFSET 0.034277 -0.375199 -0.004496
			CHANNELS 3 Zrotation Yrotation Xrotation
			JOINT LeftFoot
			{
				OFFSET -0.013596 -0.397961 -0.043693
				CHANNELS 3 Zrotation Yrotation Xrotation
				JOINT LeftToe
				{
					OFFSET 0.026358 -0.055791 0.119288
					CHANNELS 3 Zrotation Yrotation Xrotation
					End Site
					{
						OFFSET 0.000000 0.000000 0.000000
					}
				}
			}
		}
	}
	JOINT RightUpLeg
	{
		OFFSET -0.067670 -0.090522 -0.004320
		CHANNELS 3 Zrotation Yrotation Xrotation
		JOINT RightLeg
		{
			OFFSET -0.038290 -0.382569 -0.008850
			CHANNELS 3 Zrotation Yrotation Xrotation
			JOINT RightFoot
			{
				OFFSET 0.015774 -0.398415 -0.042312
				CHANNELS 3 Zrotation Yrotation Xrotation
				JOINT RightToe
				{
					OFFSET -0.025372 -0.048144 0.123348
					CHANNELS 3 Zrotation Yrotation Xrotation
					End Site
					{
						OFFSET 0.000000 0.000000 0.000000
					}
				}
			}
		}
	}
	JOINT Spine
	{
		OFFSET -0.002533 0.108963 -0.026696
		CHANNELS 3 Zrotation Yrotation Xrotation
		JOINT Spine1
		{
			OFFSET 0.005487 0.135180 0.001092
			CHANNELS 3 Zrotation Yrotation Xrotation
			JOINT Spine2
			{
				OFFSET 0.001457 0.052922 0.025425
				CHANNELS 3 Zrotation Yrotation Xrotation
				JOINT Neck
				{
					OFFSET -0.002778 0.213870 -0.042857
					CHANNELS 3 Zrotation Yrotation Xrotation
					JOINT Head
					{
						OFFSET 0.005152 0.064970 0.051349
						CHANNELS 3 Zrotation Yrotation Xrotation
						End Site
						{
							OFFSET 0.000000 0.000000 0.000000
						}
					}
				}
				JOINT LeftShoulder
				{
					OFFSET 0.078845 0.121749 -0.034090
					CHANNELS 3 Zrotation Yrotation Xrotation
					JOINT LeftArm
					{
						OFFSET 0.090977 0.030469 -0.008868
						CHANNELS 3 Zrotation Yrotation Xrotation
						JOINT LeftForeArm
						{
							OFFSET 0.259612 -0.012772 -0.027456
							CHANNELS 3 Zrotation Yrotation Xrotation
							JOINT LeftHand
							{
								OFFSET 0.249234 0.008986 -0.001171
								CHANNELS 3 Zrotation Yrotation Xrotation
								End Site
								{
									OFFSET 0.000000 0.000000 0.000000
								}
							}
						}
					}
				}
				JOINT RightShoulder
				{
					OFFSET -0.081759 0.118833 -0.038615
					CHANNELS 3 Zrotation Yrotation Xrotation
					JOINT RightArm
					{
						OFFSET -0.096012 0.032551 -0.009143
						CHANNELS 3 Zrotation Yrotation Xrotation
						JOINT RightForeArm
						{
							OFFSET -0.253742 -0.013329 -0.021401
							CHANNELS 3 Zrotation Yrotation Xrotation
							JOINT RightHand
							{
								OFFSET -0.255298 0.007772 -0.005559
								CHANNELS 3 Zrotation Yrotation Xrotation
								End Site
								{
									OFFSET 0.000000 0.000000 0.000000
								}
							}
						}
					}
				}
			}
		}
	}
}
MOTION
Frames: 192
Frame Time: 0.050000
0.000000 0.937270 0.000000 -0.959407 1.987881 4.423018 9.556789 -0.261359 1.702486 2.262988 0.588080 -16.061316 0.188346 7.471628 20.158343 0.000000 0.000000 0.000000 -7.000192 0.220276 -0.421967 7.482486 -0.674875 -5.825145 -8.615562 -20.613308 14.652124 0.000000 0.000000 0.000000 -2.620885 0.067328 -0.537663 5.024986 -0.873427 -19.349741 -0.838276 -1.757035 26.126897 -1.330599 2.123566 -22.577095 0.000000 0.000000 0.000000 -22.687725 2.206259 -2.578384 -51.187580 -9.219809 -4.432072 -6.384732 -22.845383 2.454686 0.000000 0.000000 0.000000 14.549025 3.993608 1.153671 55.616974 7.897737 -4.077771 -2.491606 19.172717 0.433584 0.000000 0.000000 0.000000 
0.000342 0.936569 0.000144 -1.077529 0.992850 4.804383 9.955046 -0.258823 2.077750 1.693705 0.628145 -16.928613 0.697585 8.082471 20.450451 0.000000 0.000000 0.000000 -7.147827 0.278555 -1.208160 7.762405 -0.678874 -5.432722 -8.202748 -19.998032 14.205018 0.000000 0.000000 0.000000 -2.594177 0.094839 -1.788526 5.025713 -0.924024 -18.891619 -0.989559 -0.760202 26.687380 -1.959033 2.584508 -22.568689 0.000000 0.000000 0.000000 -22.335022 3.063852 -3.143560 -51.379923 -9.132994 -4.504069 -7.460953 -23.809373 2.795502 0.000000 0.000000 0.000000 14.515335 4.040118 1.264846 56.064176 7.917658 -4.150168 -3.835456 20.503364 0.286941 0.000000 0.000000 0.000000 
0.000601 0.936783 0.000060 -0.835980 1.168280 4.880449 9.755620 -0.258650 1.440195 1.560505 0.579913 -16.051762 0.663610 7.990012 20.138943 0.000000 0.000000 0.000000 -7.546558 0.281922 -1.118263 7.997805 -0.689282 -5.693975 -8.277378 -20.107370 14.374553 0.000000 0.000000 0.000000 -2.588732 0.100211 -2.082993 5.038761 -0.927725 -18.822114 -1.371988 -1.005919 26.979185 -1.316074 2.140507 -21.987199 0.000000 0.000000 0.000000 -22.254210 2.437568 -2.712436 -51.366397 -9.598561 -4.356391 -6.590853 -23.095623 2.529048 0.000000 0.000000 0.000000 15.169379 4.544458 1.484546 55.288158 8.499807 -3.880610 -3.778147 19.696229 0.270395 0.000000 0.000000 0.000000 
0.000779 0.936269 0.000074 -0.857011 0.820478 4.959522 10.076997 -0.264052 1.457122 0.998044 0.567783 -16.058885 0.882484 8.211842 20.033712 0.000000 0.000000 0.000000 -7.868885 0.314905 -1.663291 8.524207 -0.735846 -4.973599 -8.163982 -19.943178 14.018775 0.000000 0.000000 0.000000 -2.938048 0.110225 -2.479980 5.155287 -0.966599 -18.852260 -1.402723 -1.223195 27.281831 -2.149487 2.569372 -21.051909 0.000000 0.000000 0.000000 -22.466411 3.173963 -3.041619 -51.354008 -9.406731 -4.474544 -7.739236 -23.560050 2.849301 0.000000 0.000000 0.000000 14.707425 4.998847 1.638863 55.204928 8.848570 -3.748254 -3.541021 20.025181 0.296796 0.000000 0.000000 0.000000 
0.000878 0.936491 0.000077 -0.882132 1.088138 4.714805 10.069929 -0.266112 1.412169 1.063442 0.547200 -15.646815 0.761034 8.040224 19.837125 0.000000 0.000000 0.000000 -7.878008 0.293298 -1.293468 8.624774 -0.746452 -5.078270 -8.245298 -20.062204 14.170055 0.000000 0.000000 0.000000 -2.965788 0.102309 -2.163998 5.259412 -1.011460 -18.592863 -1.622707 -1.266270 26.787728 -1.986556 2.474939 -20.748874 0.000000 0.000000 0.000000 -22.075955 2.906392 -2.898601 -51.660271 -9.310614 -4.463221 -8.322192 -23.601344 2.961874 0.000000 0.000000 0.000000 14.760072 4.766466 1.529129 54.918677 9.152969 -3.534130 -3.258931 19.846146 0.331934 0.000000 0.000000 0.000000 
0.001003 0.936587 0.000040 -0.928250 0.882600 4.732592 9.923088 -0.255167 1.335716 1.385473 0.551990 -15.448189 0.880493 8.165740 19.790258 0.000000 0.000000 0.000000 -7.861248 0.303206 -1.472218 8.632877 -0.749045 -4.859475 -8.157026 -19.926523 14.116089 0.000000 0.000000 0.000000 -3.306804 0.108170 -2.452358 5.282969 -1.020059 -18.623867 -1.380167 -1.168660 27.180997 -2.169703 2.582995 -20.504846 0.000000 0.000000 0.000000 -21.725681 3.162953 -2.987568 -52.123356 -9.489342 -4.452864 -8.682852 -24.020792 3.111490 0.000000 0.000000 0.000000 14.339602 4.897407 1.603927 54.509746 9.528445 -3.392561 -3.011660 20.068614 0.369773 0.000000 0.000000 0.000000 
0.001103 0.936866 -0.000054 -0.958778 0.910221 4.559597 10.022963 -0.255625 1.427558 1.252006 0.541052 -15.303691 0.857382 8.132006 19.758331 0.000000 0.000000 0.000000 -7.877929 0.293423 -1.275754 8.714917 -0.755038 -4.876040 -8.136468 -19.889144 14.214820 0.000000 0.000000 0.000000 -3.402117 0.103930 -2.231871 5.162284 -1.005372 -18.349877 -1.335720 -1.344828 27.086031 -2.189307 2.568236 -20.495127 0.000000 0.000000 0.000000 -21.743504 3.163256 -2.946232 -52.292782 -9.354816 -4.518018 -9.137572 -24.668641 3.315323 0.000000 0.000000 0.000000 14.017560 5.314852 1.779118 54.485668 9.814503 -3.249292 -2.942160 20.263283 0.375266 0.000000 0.000000 0.000000 
0.001236 0.936966 -0.000261 -1.062660 0.819528 4.468957 9.949410 -0.248026 1.414557 1.564431 0.541024 -15.087840 0.916651 8.185872 19.679320 0.000000 0.000000 0.000000 -7.683758 0.287424 -1.211910 8.542569 -0.742108 -4.865086 -8.081401 -19.803341 14.228590 0.000000 0.000000 0.000000 -3.370831 0.103781 -2.282089 5.032350 -0.989629 -18.073574 -1.315553 -0.898785 27.052025 -1.983209 2.498877 -20.415219 0.000000 0.000000 0.000000 -21.607812 2.790698 -2.824127 -52.433470 -9.333651 -4.517711 -9.971096 -25.388900 3.592645 0.000000 0.000000 0.000000 14.074947 5.406765 1.900496 54.391179 10.285462 -3.039160 -3.101931 20.432896 0.365998 0.000000 0.000000 0.000000 
0.001336 0.936982 -0.000552 -1.077209 0.877071 4.435702 9.831671 -0.244774 1.374052 1.794056 0.542318 -15.016417 0.890178 8.150730 19.647376 0.000000 0.000000 0.000000 -7.703673 0.286929 -1.236175 8.602324 -0.750731 -4.776296 -8.107551 -19.843470 14.242800 0.000000 0.000000 0.000000 -3.409476 0.103261 -2.277223 4.910717 -0.950369 -18.106246 -1.287326 -0.688232 27.150038 -1.878650 2.480373 -20.698432 0.000000 0.000000 0.000000 -21.235299 2.646083 -2.764983 -53.014528 -9.542965 -4.454606 -10.016095 -25.523554 3.618350 0.000000 0.000000 0.000000 13.871816 5.502335 1.998979 54.499723 10.667833 -2.876384 -3.221387 20.402363 0.354836 0.000000 0.000000 0.000000 
0.001341 0.936926 -0.000927 -1.137674 0.913313 4.426433 9.848876 -0.246609 1.319981 1.887166 0.541588 -14.966633 0.881534 8.136512 19.613378 0.000000 0.000000 0.000000 -7.614212 0.288800 -1.364879 8.564210 -0.756508 -4.565842 -8.137955 -19.893213 14.199907 0.000000 0.000000 0.000000 -3.366544 0.102574 -2.238299 4.756899 -0.914798 -17.953965 -1.262522 -0.544931 27.058272 -1.827858 2.483085 -20.957090 0.000000 0.000000 0.000000 -21.057765 2.396139 -2.652116 -53.176670 -9.733513 -4.359865 -10.310147 -25.886355 3.732723 0.000000 0.000000 0.000000 13.553594 5.764426 2.155876 54.771854 10.966975 -2.726303 -3.413730 20.536303 0.331724 0.000000 0.000000 0.000000 
0.001209 0.936827 -0.001311 -1.143976 0.733834 4.416012 9.852296 -0.241431 1.309953 1.898730 0.540650 -14.883987 0.979181 8.242867 19.595892 0.000000 0.000000 0.000000 -7.638783 0.294004 -1.407338 8.606588 -0.754913 -4.564433 -8.055668 -19.767433 14.129911 0.000000 0.000000 0.000000 -3.373257 0.101973 -2.128323 4.594272 -0.871123 -17.946897 -1.236811 -0.340374 26.920353 -1.768595 2.472783 -21.264173 0.000000 0.000000 0.000000 -21.128912 2.069247 -2.502581 -52.986257 -9.992140 -4.220427 -10.416392 -25.664309 3.708339 0.000000 0.000000 0.000000 13.538076 5.953245 2.261841 54.858129 11.384732 -2.523203 -3.285778 20.467269 0.351127 0.000000 0.000000 0.000000 
0.001042 0.936747 -0.001594 -1.170524 0.529532 4.335929 10.169935 -0.245671 1.329146 1.394947 0.523049 -14.692914 1.102725 8.362619 19.505414 0.000000 0.000000 0.000000 -7.595068 0.296026 -1.421337 8.567837 -0.750976 -4.471682 -7.962121 -19.626142 14.022646 0.000000 0.000000 0.000000 -3.397905 0.097868 -1.764184 4.553085 -0.852168 -18.115761 -1.181131 -0.425243 26.695167 -1.501325 2.300551 -22.114318 0.000000 0.000000 0.000000 -21.369644 2.240669 -2.575878 -52.703242 -10.242996 -4.084240 -10.196662 -25.287601 3.603352 0.000000 0.000000 0.000000 13.361057 6.024245 2.247497 55.235612 11.718733 -2.344993 -3.188155 20.904212 0.370160 0.000000 0.000000 0.000000 
0.000935 0.936657 -0.001628 -1.322154 0.279152 4.302291 10.350301 -0.244189 1.266036 1.374187 0.512311 -14.391387 1.270351 8.528548 19.362739 0.000000 0.000000 0.000000 -7.311057 0.292960 -1.381469 8.334675 -0.726622 -4.550086 -7.837495 -19.433156 13.957731 0.000000 0.000000 0.000000 -3.389494 0.096017 -1.560042 4.690575 -0.880996 -18.372746 -1.196914 -0.412454 26.596919 -1.204447 2.119363 -22.723626 0.000000 0.000000 0.000000 -21.656068 2.225826 -2.561781 -52.429351 -10.384674 -4.008764 -10.089838 -24.752350 3.496208 0.000000 0.000000 0.000000 13.489419 6.310273 2.357746 55.287587 12.065752 -2.178877 -3.219839 21.386105 0.371887 0.000000 0.000000 0.000000 
0.001011 0.936423 -0.001435 -1.421851 0.144040 4.221262 10.528092 -0.244581 1.292307 1.241842 0.502484 -14.189738 1.374897 8.618172 19.192040 0.000000 0.000000 0.000000 -7.227772 0.292562 -1.385559 8.350807 -0.729697 -4.395579 -7.775902 -19.336952 13.829093 0.000000 0.000000 0.000000 -3.298829 0.091930 -1.328125 4.672137 -0.864237 -18.595827 -1.259367 -0.505268 26.485318 -0.873103 1.905092 -23.113145 0.000000 0.000000 0.000000 -21.825436 2.130991 -2.476746 -52.124525 -10.398971 -3.991954 -9.639857 -24.203517 3.314526 0.000000 0.000000 0.000000 13.668392 6.409072 2.369315 55.281408 12.036055 -2.185090 -3.157985 21.957403 0.389143 0.000000 0.000000 0.000000 
0.001228 0.936402 -0.001174 -1.432151 -0.085217 4.150813 10.632021 -0.239209 1.248751 1.036700 0.486626 -13.829489 1.521424 8.756081 19.025398 0.000000 0.000000 0.000000 -7.172622 0.295391 -1.421703 8.210850 -0.720751 -4.220684 -7.679810 -19.189101 13.713016 0.000000 0.000000 0.000000 -3.326454 0.089494 -1.126647 4.805042 -0.891765 -18.824610 -1.262392 -0.610029 26.468071 -0.925919 1.907134 -23.332184 0.000000 0.000000 0.000000 -22.000563 2.425990 -2.598499 -51.978229 -10.482208 -3.957688 -9.423482 -23.816731 3.219117 0.000000 0.000000 0.000000 13.846280 6.286829 2.258137 55.073179 11.946871 -2.224700 -3.057414 22.652379 0.413688 0.000000 0.000000 0.000000 
0.001515 0.936423 -0.001003 -1.395565 -0.199525 4.054551 10.869538 -0.240175 1.167864 0.501372 0.465297 -13.425484 1.606485 8.820990 18.841092 0.000000 0.000000 0.000000 -7.235065 0.294331 -1.350022 8.198095 -0.718911 -4.167329 -7.622492 -19.097202 13.666558 0.000000 0.000000 0.000000 -3.365596 0.086750 -0.931327 5.005163 -0.941745 -18.969679 -1.407423 -0.733237 26.491017 -0.955037 1.905369 -23.602239 0.000000 0.000000 0.000000 -22.363537 2.744849 -2.768674 -51.609771 -10.481908 -3.958621 -9.016289 -23.595137 3.107602 0.000000 0.000000 0.000000 14.411813 6.292596 2.219825 54.572232 11.646294 -2.368627 -3.054386 23.261121 0.420146 0.000000 0.000000 0.000000 
0.001742 0.936497 -0.000961 -1.370070 -0.376958 3.886096 11.075984 -0.236268 1.201848 0.041866 0.450356 -13.068198 1.708800 8.911808 18.698100 0.000000 0.000000 0.000000 -7.230173 0.292090 -1.296367 8.084311 -0.713734 -3.972280 -7.541336 -18.969970 13.571797 0.000000 0.000000 0.000000 -3.382287 0.082556 -0.694652 5.172435 -0.991087 -19.015699 -1.378435 -0.803931 26.576721 -0.990947 1.897281 -23.589544 0.000000 0.000000 0.000000 -22.791223 2.976454 -2.894643 -51.391371 -10.511772 -3.960908 -8.480293 -23.689180 3.019011 0.000000 0.000000 0.000000 14.667701 6.240825 2.154710 54.231455 11.279198 -2.542861 -3.158439 23.788777 0.405014 0.000000 0.000000 0.000000 
0.001844 0.936714 -0.000995 -1.349112 -0.416461 3.767038 11.281825 -0.237560 1.134672 -0.382067 0.436642 -12.705124 1.735759 8.922581 18.593746 0.000000 0.000000 0.000000 -7.245011 0.285163 -1.140748 8.052180 -0.709138 -4.031098 -7.502880 -18.908267 13.626690 0.000000 0.000000 0.000000 -3.521519 0.081528 -0.522052 5.452412 -1.063979 -19.131980 -1.448819 -0.901766 26.855130 -0.895537 1.820486 -23.649820 0.000000 0.000000 0.000000 -23.065820 3.365531 -3.111793 -51.424269 -10.784458 -3.886227 -8.238981 -23.639589 2.974457 0.000000 0.000000 0.000000 15.034718 6.112303 2.066389 53.899395 11.042600 -2.675903 -3.300550 23.978257 0.379467 0.000000 0.000000 0.000000 
0.001865 0.936927 -0.001091 -1.268742 -0.382456 3.764308 11.431460 -0.241707 1.026650 -0.807302 0.430816 -12.540400 1.710065 8.892948 18.602570 0.000000 0.000000 0.000000 -7.334799 0.283368 -1.050038 8.058288 -0.705297 -4.191554 -7.505803 -18.912567 13.723191 0.000000 0.000000 0.000000 -3.552943 0.081368 -0.468439 5.585091 -1.105693 -19.067090 -1.493781 -1.118622 26.909180 -0.910903 1.788864 -23.473729 0.000000 0.000000 0.000000 -23.158957 3.489641 -3.135310 -51.412935 -10.802930 -3.897089 -8.158054 -24.014665 3.022168 0.000000 0.000000 0.000000 15.103912 5.884838 1.910288 53.823704 10.536604 -2.902753 -3.147356 24.059761 0.402045 0.000000 0.000000 0.000000 
0.001854 0.936857 -0.001193 -1.229295 -0.105304 3.716892 11.534536 -0.251270 0.854788 -1.041210 0.420873 -12.301504 1.585811 8.726705 18.470060 0.000000 0.000000 0.000000 -7.324163 0.270328 -0.855905 8.009657 -0.702702 -4.379056 -7.628178 -19.101919 13.790554 0.000000 0.000000 0.000000 -3.668355 0.081525 -0.410545 5.779275 -1.150790 -19.128636 -1.615293 -1.560067 27.252434 -1.036485 1.804628 -23.206023 0.000000 0.000000 0.000000 -23.420578 3.692056 -3.192855 -51.359196 -11.085254 -3.831484 -8.171120 -24.335000 3.088697 0.000000 0.000000 0.000000 15.426481 5.808935 1.817437 53.495143 10.170412 -3.091842 -3.163008 23.736314 0.382550 0.000000 0.000000 0.000000 
0.001843 0.936766 -0.001335 -1.169369 -0.062062 3.659912 11.624017 -0.253176 0.818858 -1.312033 0.417221 -12.169184 1.568883 8.693455 18.403503 0.000000 0.000000 0.000000 -7.431749 0.264227 -0.664844 8.094176 -0.702495 -4.611976 -7.632279 -19.107485 13.820684 0.000000 0.000000 0.000000 -3.683750 0.079399 -0.234570 5.762201 -1.137862 -19.222119 -1.536403 -1.702557 27.430816 -1.037360 1.781997 -23.166053 0.000000 0.000000 0.000000 -23.565545 3.810251 -3.236790 -51.338509 -11.292069 -3.773732 -8.329442 -24.693737 3.186050 0.000000 0.000000 0.000000 15.425396 5.533797 1.658412 53.363551 9.753045 -3.292976 -2.968968 23.581390 0.411928 0.000000 0.000000 0.000000 
0.001875 0.936587 -0.001566 -1.127939 0.106149 3.696356 11.632258 -0.257832 0.628158 -1.393904 0.411894 -12.017384 1.505528 8.605211 18.307044 0.000000 0.000000 0.000000 -7.520096 0.260767 -0.566526 8.194810 -0.705477 -4.838330 -7.704831 -19.218107 13.870237 0.000000 0.000000 0.000000 -3.707421 0.080412 -0.297891 5.826732 -1.157210 -19.170169 -1.529339 -2.016707 27.721936 -1.133230 1.803092 -23.203365 0.000000 0.000000 0.000000 -23.826865 4.034182 -3.326270 -51.301246 -11.463476 -3.746794 -8.613418 -25.065856 3.321675 0.000000 0.000000 0.000000 15.589196 5.281290 1.488858 53.035097 9.570169 -3.391085 -3.043584 23.025775 0.380128 0.000000 0.000000 0.000000 
0.001947 0.936407 -0.001957 -1.113046 0.157566 3.802502 11.729266 -0.263368 0.452957 -1.593440 0.410949 -11.983248 1.499269 8.592534 18.272005 0.000000 0.000000 0.000000 -7.711318 0.269933 -0.657385 8.504718 -0.723380 -4.919225 -7.727906 -19.254094 13.905994 0.000000 0.000000 0.000000 -3.650375 0.081051 -0.348650 5.824060 -1.146546 -19.273415 -1.538846 -2.081730 27.949957 -0.940320 1.682720 -23.359071 0.000000 0.000000 0.000000 -23.598974 4.047133 -3.289750 -51.610438 -11.457179 -3.780745 -8.879863 -25.221738 3.414524 0.000000 0.000000 0.000000 15.478559 4.921532 1.309699 52.858614 9.431992 -3.468604 -2.902414 22.356642 0.390820 0.000000 0.000000 0.000000 
0.002035 0.936173 -0.002423 -1.169261 0.168450 3.954311 11.927052 -0.269307 0.179706 -1.832286 0.409332 -11.851508 1.531461 8.620716 18.194222 0.000000 0.000000 0.000000 -7.730917 0.281139 -0.899265 8.638899 -0.734545 -4.841077 -7.751355 -19.293008 13.882099 0.000000 0.000000 0.000000 -3.583569 0.083075 -0.486825 5.773374 -1.145609 -19.085637 -1.443184 -2.290450 28.084537 -1.010279 1.671661 -22.913575 0.000000 0.000000 0.000000 -23.411463 4.085046 -3.227061 -51.850576 -11.575024 -3.759094 -8.906832 -25.486046 3.477246 0.000000 0.000000 0.000000 15.476034 4.707458 1.161057 52.561501 9.612694 -3.389925 -3.064015 21.684702 0.342319 0.000000 0.000000 0.000000 
0.002172 0.936016 -0.002844 -1.220532 0.021186 3.985069 12.052231 -0.266922 0.103707 -1.974988 0.410100 -11.749572 1.627275 8.723406 18.135548 0.000000 0.000000 0.000000 -7.815275 0.292540 -1.077139 8.847420 -0.749799 -4.676660 -7.690288 -19.197305 13.814861 0.000000 0.000000 0.000000 -3.504391 0.082488 -0.486961 5.700005 -1.143851 -18.874491 -1.342328 -2.251268 28.236833 -1.017610 1.649312 -22.476832 0.000000 0.000000 0.000000 -23.408173 4.048375 -3.180410 -51.770095 -11.426972 -3.843262 -8.984943 -25.502329 3.501520 0.000000 0.000000 0.000000 15.663523 4.533124 1.057000 52.193837 9.635512 -3.384428 -3.172706 21.300493 0.315449 0.000000 0.000000 0.000000 
0.002383 0.935777 -0.003168 -1.257202 -0.094298 3.969719 12.204103 -0.263652 -0.033296 -2.198034 0.408698 -11.456620 1.718990 8.803563 17.970787 0.000000 0.000000 0.000000 -7.915685 0.301646 -1.232875 9.052242 -0.769359 -4.439845 -7.649052 -19.133764 13.707600 0.000000 0.000000 0.000000 -3.541598 0.081369 -0.315852 5.650353 -1.134050 -18.844821 -1.172079 -2.197246 28.399851 -1.228205 1.771934 -22.343482 0.000000 0.000000 0.000000 -23.417710 4.007038 -3.141185 -51.815061 -11.351831 -3.896059 -8.704240 -25.627662 3.461952 0.000000 0.000000 0.000000 15.824049 4.378481 0.970038 51.939604 9.918820 -3.272178 -3.268400 21.070426 0.296268 0.000000 0.000000 0.000000 
0.002721 0.935472 -0.003453 -1.353951 -0.326069 3.969094 12.366233 -0.257086 -0.101931 -2.344804 0.409921 -11.246741 1.876448 8.964574 17.813627 0.000000 0.000000 0.000000 -7.889691 0.311920 -1.437125 9.117042 -0.778357 -4.171362 -7.558670 -18.993870 13.554180 0.000000 0.000000 0.000000 -3.508484 0.081187 -0.310032 5.641850 -1.149925 -18.670432 -1.149124 -2.120869 28.555206 -1.094598 1.667524 -22.076003 0.000000 0.000000 0.000000 -23.273235 3.991671 -3.087739 -51.666384 -11.204225 -3.977562 -8.288842 -25.502739 3.352366 0.000000 0.000000 0.000000 15.881720 4.383263 0.958242 51.941844 10.194436 -3.174184 -3.261289 21.011353 0.295972 0.000000 0.000000 0.000000 
0.003150 0.935159 -0.003759 -1.384262 -0.514000 4.027666 12.513695 -0.250514 -0.341117 -2.601270 0.410604 -10.875305 2.023195 9.107103 17.610853 0.000000 0.000000 0.000000 -8.048145 0.321036 -1.463521 9.378624 -0.784313 -4.329231 -7.462454 -18.843207 13.541786 0.000000 0.000000 0.000000 -3.576804 0.082739 -0.193179 5.546652 -1.135483 -18.545374 -1.016117 -2.021643 28.575537 -1.553964 1.952030 -21.911117 0.000000 0.000000 0.000000 -22.772427 3.995424 -3.034813 -51.853072 -11.212999 -3.973236 -7.645738 -25.474636 3.207013 0.000000 0.000000 0.000000 15.527983 4.290962 0.926101 52.377663 10.457928 -3.082122 -3.232533 21.481001 0.312354 0.000000 0.000000 0.000000 
0.003647 0.935014 -0.004171 -1.448884 -0.796250 4.036840 12.629681 -0.238094 -0.557985 -2.752789 0.410990 -10.409849 2.213617 9.303036 17.409782 0.000000 0.000000 0.000000 -8.030263 0.330394 -1.595560 9.371126 -0.779902 -4.238029 -7.337982 -18.648767 13.470609 0.000000 0.000000 0.000000 -3.732899 0.083519 0.165021 5.443492 -1.106018 -18.614446 -0.919905 -1.939895 28.605053 -1.752884 2.056889 -21.631644 0.000000 0.000000 0.000000 -22.332013 4.086976 -3.020843 -51.813460 -11.599027 -3.804848 -6.563272 -24.880328 2.885966 0.000000 0.000000 0.000000 15.527213 4.378305 0.947929 52.623857 10.668391 -2.995663 -2.627600 22.143695 0.425049 0.000000 0.000000 0.000000 
0.004150 0.934866 -0.004769 -1.633974 -1.027326 4.137720 13.104001 -0.235020 -0.713231 -3.295602 0.423563 -10.269384 2.363286 9.475336 17.342257 0.000000 0.000000 0.000000 -7.883339 0.344062 -1.921966 9.374544 -0.784291 -3.987627 -7.245328 -18.506452 13.422788 0.000000 0.000000 0.000000 -3.946080 0.087500 0.611306 5.593636 -1.131021 -18.882257 -0.935723 -1.836705 28.740329 -2.193616 2.332485 -21.581896 0.000000 0.000000 0.000000 -21.795049 4.160232 -3.003202 -51.341005 -11.856104 -3.677345 -5.632265 -24.449234 2.622715 0.000000 0.000000 0.000000 15.172289 4.644460 1.094626 53.552592 11.160895 -2.817776 -2.775762 22.805450 0.421951 0.000000 0.000000 0.000000 
0.004874 0.934788 -0.005456 -1.853587 -1.431278 4.290917 13.417735 -0.211066 -1.332180 -3.520677 0.428121 -9.322651 2.666187 9.796661 17.009429 0.000000 0.000000 0.000000 -7.637519 0.363686 -2.341517 9.218902 -0.773147 -3.726471 -7.077681 -18.247144 13.367347 0.000000 0.000000 0.000000 -4.208661 0.095893 1.143352 5.422135 -1.084292 -18.933076 -0.672372 -1.763045 28.539760 -2.433680 2.464222 -21.725135 0.000000 0.000000 0.000000 -21.559633 4.038444 -2.870518 -50.720577 -12.618536 -3.329137 -4.569065 -24.127907 2.356367 0.000000 0.000000 0.000000 15.126359 5.235196 1.350257 53.897761 11.501165 -2.645448 -2.539904 23.500221 0.472853 0.000000 0.000000 0.000000 
0.006178 0.934916 -0.005781 -2.000107 -1.668949 4.646192 13.782414 -0.202449 -1.735154 -4.038980 0.446593 -9.195395 2.834093 10.005709 17.008901 0.000000 0.000000 0.000000 -7.519591 0.386835 -2.756698 9.099981 -0.755649 -3.790516 -6.970809 -18.094255 13.540846 0.000000 0.000000 0.000000 -4.809900 0.123578 1.731212 5.640147 -1.107944 -19.432945 -0.618019 -1.765783 28.649912 -2.704064 2.617600 -21.989728 0.000000 0.000000 0.000000 -21.586662 4.143165 -2.898748 -49.626433 -13.545738 -2.947071 -3.701045 -24.187199 2.176348 0.000000 0.000000 0.000000 15.152941 5.714942 1.563611 54.179891 11.596047 -2.612820 -1.942665 24.576380 0.611833 0.000000 0.000000 0.000000 
0.008478 0.935116 -0.005113 -2.209683 -2.187346 4.907740 13.898224 -0.173648 -2.219403 -4.142852 0.456276 -8.476998 3.193395 10.412425 16.717619 0.000000 0.000000 0.000000 -7.291017 0.406829 -3.034618 8.747545 -0.715667 -3.863739 -6.715673 -17.708967 13.686791 0.000000 0.000000 0.000000 -5.191533 0.147803 2.181080 5.628292 -1.104293 -19.515535 -0.398772 -1.702851 28.502906 -2.807185 2.647372 -22.118785 0.000000 0.000000 0.000000 -21.712495 4.098089 -2.820762 -48.235251 -14.273970 -2.652396 -3.791980 -24.666306 2.239378 0.000000 0.000000 0.000000 15.207043 6.192432 1.743112 54.385630 11.743544 -2.528639 -1.408666 25.722929 0.744785 0.000000 0.000000 0.000000 
0.012007 0.935122 -0.003126 -2.282114 -2.426782 5.139335 13.880525 -0.157555 -2.684411 -4.410850 0.470602 -7.749659 3.431788 10.649955 16.238899 0.000000 0.000000 0.000000 -7.377380 0.426296 -3.300694 8.570178 -0.704533 -3.684283 -6.607483 -17.553174 13.804909 0.000000 0.000000 0.000000 -5.811006 0.186364 2.543344 6.099786 -1.224658 -19.652637 -0.532098 -1.845038 28.316197 -3.272960 2.893998 -21.841589 0.000000 0.000000 0.000000 -21.850869 4.215784 -2.838398 -46.758632 -15.088599 -2.333986 -3.741306 -25.200885 2.277243 0.000000 0.000000 0.000000 14.994965 6.730742 1.957591 54.966309 11.707838 -2.528652 -1.037110 26.218179 0.828714 0.000000 0.000000 0.000000 
0.016660 0.935495 0.000062 -2.448213 -2.868795 5.224177 13.825441 -0.140640 -2.741735 -4.604848 0.486872 -7.214207 3.744146 10.990060 15.790993 0.000000 0.000000 0.000000 -7.470166 0.434399 -3.234083 8.419778 -0.682914 -3.724987 -6.340135 -17.158303 14.106162 0.000000 0.000000 0.000000 -6.054228 0.207749 2.952184 6.029662 -1.208051 -19.695709 -0.448815 -2.098027 28.151948 -3.519955 2.966083 -21.513104 0.000000 0.000000 0.000000 -21.924380 4.362092 -2.796438 -45.516529 -15.769087 -2.100810 -4.101195 -26.202835 2.473505 0.000000 0.000000 0.000000 14.912874 7.004711 1.977520 54.946609 11.271532 -2.699799 -0.290034 27.786745 1.023793 0.000000 0.000000 0.000000 
0.021939 0.935566 0.003626 -2.459706 -3.232965 5.414452 13.723019 -0.130743 -2.827398 -5.089851 0.519847 -6.858176 4.017995 11.287765 15.328288 0.000000 0.000000 0.000000 -7.720381 0.449974 -3.266936 8.176833 -0.658295 -3.750397 -6.142757 -16.876447 14.337650 0.000000 0.000000 0.000000 -6.593847 0.251772 3.334846 6.269212 -1.267231 -19.791935 -0.603231 -2.373931 28.156864 -4.198801 3.324347 -21.313853 0.000000 0.000000 0.000000 -22.108521 4.497417 -2.759478 -43.789889 -16.794586 -1.793215 -4.017883 -26.871271 2.529388 0.000000 0.000000 0.000000 14.699142 7.344775 2.052106 55.379830 10.499354 -3.065255 0.759377 29.560597 1.330397 0.000000 0.000000 0.000000 
0.027240 0.935682 0.006873 -2.639126 -3.591592 5.572751 13.664280 -0.125547 -2.696023 -5.332096 0.538796 -6.846743 4.275644 11.583282 14.944934 0.000000 0.000000 0.000000 -7.648357 0.448457 -2.988624 7.693498 -0.605190 -4.290460 -5.895664 -16.530030 14.733708 0.000000 0.000000 0.000000 -6.967625 0.290012 3.789409 6.360443 -1.306118 -19.666677 -0.600409 -3.046225 28.025928 -4.834852 3.590170 -21.233738 0.000000 0.000000 0.000000 -21.933899 4.319904 -2.398938 -42.122641 -18.149035 -1.409150 -3.456287 -27.443090 2.473962 0.000000 0.000000 0.000000 14.178199 7.660186 2.036922 55.415050 9.873734 -3.334231 2.077800 31.728143 1.719879 0.000000 0.000000 0.000000 
0.032085 0.935512 0.009238 -2.925331 -4.512723 5.798144 13.844672 -0.086878 -2.818809 -5.801483 0.586921 -6.310749 4.840388 12.286402 14.484748 0.000000 0.000000 0.000000 -7.816182 0.482770 -3.298669 7.799435 -0.593569 -4.176217 -5.422329 -15.843023 14.878308 0.000000 0.000000 0.000000 -7.549742 0.351022 4.147397 6.514367 -1.398722 -19.228673 -0.628386 -3.266807 27.895973 -5.340320 3.807510 -20.902281 0.000000 0.000000 0.000000 -21.244658 4.342193 -2.182034 -40.452808 -19.516799 -1.026443 -2.467536 -28.287600 2.332651 0.000000 0.000000 0.000000 13.508839 7.874109 2.015586 55.421312 9.376567 -3.559661 4.814494 34.282129 2.593333 0.000000 0.000000 0.000000 
0.036514 0.935690 0.010478 -3.342616 -5.346659 6.316666 14.033759 -0.061200 -2.894280 -5.973684 0.606537 -6.568406 5.338386 12.950188 14.415789 0.000000 0.000000 0.000000 -7.592186 0.512059 -3.620965 7.534330 -0.545406 -4.699866 -4.944605 -15.197862 15.339912 0.000000 0.000000 0.000000 -7.990368 0.417512 4.576912 6.506861 -1.416847 -19.063515 -0.644474 -3.785248 27.913089 -5.716771 3.899735 -20.689034 0.000000 0.000000 0.000000 -20.573943 4.232960 -1.830970 -38.820939 -21.230081 -0.599087 -0.988226 -28.492048 2.015693 0.000000 0.000000 0.000000 12.802049 7.549754 1.704832 55.996848 9.335155 -3.631784 7.308960 37.110900 3.526967 0.000000 0.000000 0.000000 
0.040722 0.935594 0.010789 -3.754889 -6.143793 6.887481 14.150032 -0.027114 -3.276476 -5.988357 0.619985 -6.500869 5.856622 13.643215 14.228500 0.000000 0.000000 0.000000 -7.426755 0.569345 -4.672738 7.389425 -0.537384 -4.120368 -4.572022 -14.703224 15.478969 0.000000 0.000000 0.000000 -8.700630 0.517412 5.071085 6.757851 -1.503639 -18.911711 -0.857295 -4.648121 28.203864 -6.435669 4.166499 -20.606549 0.000000 0.000000 0.000000 -20.235215 4.060396 -1.379444 -37.125967 -23.043518 -0.247711 0.747790 -28.719071 1.649612 0.000000 0.000000 0.000000 12.508409 7.874598 1.627932 55.674610 9.506296 -3.574521 10.991140 40.269363 4.979490 0.000000 0.000000 0.000000 
0.044986 0.935638 0.010485 -4.080900 -6.975994 7.560698 14.308016 0.009300 -3.685560 -6.255475 0.649037 -6.657467 6.361328 14.334323 14.244248 0.000000 0.000000 0.000000 -7.314726 0.636384 -5.799975 7.162493 -0.519248 -3.701102 -4.178586 -14.201368 15.706345 0.000000 0.000000 0.000000 -9.235142 0.630323 5.863662 6.769446 -1.526538 -18.737208 -0.897349 -5.431550 28.095286 -7.243834 4.505772 -20.569564 0.000000 0.000000 0.000000 -20.260969 3.767555 -0.902792 -34.672646 -24.907996 0.024344 2.616054 -28.382946 1.182999 0.000000 0.000000 0.000000 12.506298 8.194918 1.528916 55.387111 9.202441 -3.675128 14.560722 43.753471 6.627613 0.000000 0.000000 0.000000 
0.049439 0.935788 0.009897 -4.461405 -7.996228 8.311237 14.342957 0.049493 -4.067184 -6.255778 0.661027 -6.932560 6.969328 15.168536 14.356800 0.000000 0.000000 0.000000 -7.265342 0.718886 -7.096999 7.097924 -0.506945 -3.209226 -3.683743 -13.581964 15.998343 0.000000 0.000000 0.000000 -9.841336 0.760256 6.455015 7.008805 -1.617782 -18.484002 -1.092455 -5.941051 28.138029 -7.960701 4.829540 -20.382865 0.000000 0.000000 0.000000 -20.249889 3.399528 -0.411753 -32.840019 -26.767166 0.273840 4.873863 -27.531799 0.631733 0.000000 0.000000 0.000000 12.976601 8.510791 1.405832 54.454798 9.007620 -3.657757 18.849662 46.777572 8.719387 0.000000 0.000000 0.000000 
0.053799 0.936189 0.009257 -4.666022 -8.488082 9.033322 14.461127 0.074315 -4.558031 -6.641976 0.690599 -7.293307 7.272661 15.583652 14.556326 0.000000 0.000000 0.000000 -7.240904 0.798199 -8.405470 6.827756 -0.497921 -2.535603 -3.456108 -13.358485 16.334923 0.000000 0.000000 0.000000 -10.212164 0.857479 6.873045 7.170074 -1.678463 -18.262838 -1.313424 -6.786051 28.054238 -8.598517 5.077939 -20.445959 0.000000 0.000000 0.000000 -20.251809 3.259456 -0.051548 -31.713525 -28.246684 0.467998 6.686400 -26.287988 0.227575 0.000000 0.000000 0.000000 13.000126 8.588149 1.207048 53.765367 8.621619 -3.740604 22.748745 49.444452 10.769372 0.000000 0.000000 0.000000 
0.057698 0.936432 0.008830 -4.957770 -9.216749 9.687814 14.566299 0.111198 -4.924742 -6.833217 0.712175 -7.557124 7.706787 16.171326 14.711009 0.000000 0.000000 0.000000 -7.197765 0.867903 -9.369765 6.713666 -0.480854 -2.353371 -3.073297 -12.925056 16.708047 0.000000 0.000000 0.000000 -10.728224 0.962957 7.028714 7.468625 -1.762304 -18.229270 -1.461743 -7.113906 28.090042 -8.931073 5.227550 -20.003446 0.000000 0.000000 0.000000 -19.768798 2.889775 0.330318 -30.811111 -29.590551 0.670157 8.069914 -25.051325 -0.059144 0.000000 0.000000 0.000000 12.996904 8.689780 1.105179 53.271771 8.156391 -3.888692 26.759915 51.499103 12.997569 0.000000 0.000000 0.000000 
0.060802 0.936791 0.008915 -5.287811 -9.660410 10.203308 14.832192 0.143261 -5.156352 -7.105387 0.734206 -7.843221 7.975999 16.534134 14.862946 0.000000 0.000000 0.000000 -7.067175 0.913066 -9.910970 6.657731 -0.465955 -2.482376 -2.788890 -12.632583 17.148218 0.000000 0.000000 0.000000 -10.968852 1.022292 7.091563 7.498417 -1.758612 -18.342842 -1.551306 -7.716472 28.101748 -9.106323 5.224017 -19.898571 0.000000 0.000000 0.000000 -19.182216 2.710646 0.600594 -29.967954 -30.471772 0.772885 9.018851 -24.160827 -0.227365 0.000000 0.000000 0.000000 12.839328 8.405081 0.816280 52.880637 7.503728 -4.123618 30.368398 52.927454 14.946060 0.000000 0.000000 0.000000 
0.062930 0.936779 0.009587 -5.723173 -10.342165 10.476493 15.233071 0.191831 -5.069540 -7.374008 0.764329 -7.959699 8.360701 17.057633 14.867559 0.000000 0.000000 0.000000 -6.828402 0.945735 -10.180662 6.698314 -0.452888 -2.557733 -2.391377 -12.142709 17.355392 0.000000 0.000000 0.000000 -11.263277 1.094315 7.285938 7.642426 -1.781066 -18.540355 -1.645691 -7.972855 28.168160 -9.133678 5.194956 -19.405270 0.000000 0.000000 0.000000 -18.657039 2.737593 0.693918 -29.551774 -30.915265 0.824832 9.873782 -23.658689 -0.358690 0.000000 0.000000 0.000000 12.671865 8.256893 0.643497 52.726895 6.836025 -4.403755 34.115618 54.056860 17.039281 0.000000 0.000000 0.000000 
0.064207 0.936572 0.010511 -6.139018 -10.830203 10.548209 15.718496 0.238361 -4.882476 -7.709471 0.799689 -7.910524 8.634631 17.439645 14.732055 0.000000 0.000000 0.000000 -6.455546 0.954082 -10.119479 6.603567 -0.435827 -2.714941 -2.086050 -11.745359 17.430904 0.000000 0.000000 0.000000 -11.482930 1.140504 7.382526 7.593621 -1.774516 -18.526490 -1.566980 -8.343094 27.950622 -9.226257 5.174604 -19.266361 0.000000 0.000000 0.000000 -18.255983 2.720922 0.798636 -29.023448 -30.958665 0.792261 9.985071 -23.136298 -0.365592 0.000000 0.000000 0.000000 12.794777 8.077482 0.394232 52.847805 6.212736 -4.627793 35.495244 54.486998 17.703752 0.000000 0.000000 0.000000 
0.064915 0.936306 0.011320 -6.682213 -11.578045 10.474816 16.206742 0.308267 -4.679102 -7.803546 0.834468 -7.398329 9.056983 18.040581 14.466815 0.000000 0.000000 0.000000 -5.910908 0.963867 -10.069263 6.486796 -0.419645 -2.575510 -1.657309 -11.153677 17.358121 0.000000 0.000000 0.000000 -11.610963 1.191682 7.729826 7.611244 -1.778283 -18.637081 -1.654846 -8.430510 27.737446 -8.922697 4.884802 -19.321414 0.000000 0.000000 0.000000 -17.952151 2.833943 0.805735 -28.943295 -30.930387 0.804313 10.262492 -22.703325 -0.389944 0.000000 0.000000 0.000000 12.814522 7.925692 0.197322 53.257584 6.083524 -4.694887 36.137537 54.351841 17.812035 0.000000 0.000000 0.000000 
0.065387 0.935998 0.011485 -7.157294 -11.958125 10.469467 16.818032 0.367869 -4.566341 -8.123223 0.875368 -7.136036 9.274942 18.360787 14.263907 0.000000 0.000000 0.000000 -5.359176 0.966055 -9.979824 6.314121 -0.404376 -2.621981 -1.409671 -10.814866 17.348865 0.000000 0.000000 0.000000 -11.856486 1.244414 7.899512 7.675027 -1.813598 -18.496617 -1.513226 -8.781197 27.443628 -8.748049 4.687410 -19.277040 0.000000 0.000000 0.000000 -18.249768 2.945465 0.879825 -28.716142 -31.006006 0.769788 9.972663 -21.748197 -0.324922 0.000000 0.000000 0.000000 12.961289 8.090432 0.117142 53.716279 6.236931 -4.627740 35.147996 53.817955 16.944648 0.000000 0.000000 0.000000 
0.065802 0.935898 0.010892 -7.748945 -12.729420 10.665927 17.531718 0.487274 -4.865981 -8.463506 0.946132 -6.316378 9.719888 18.993148 14.125060 0.000000 0.000000 0.000000 -4.745381 1.010587 -10.374853 6.198694 -0.390541 -2.319841 -0.982927 -10.258451 17.359615 0.000000 0.000000 0.000000 -11.961962 1.298532 8.130893 7.594148 -1.799315 -18.481891 -1.487947 -8.823609 27.185043 -8.366294 4.348919 -19.397786 0.000000 0.000000 0.000000 -18.000911 2.948134 0.939674 -29.097154 -30.617560 0.771509 9.801431 -21.355089 -0.280397 0.000000 0.000000 0.000000 13.116459 8.370339 0.098718 54.271975 6.623052 -4.473307 33.482124 53.167555 15.750973 0.000000 0.000000 0.000000 
0.066004 0.935994 0.009493 -8.117864 -13.238574 10.863290 18.009237 0.576130 -5.131569 -8.707709 0.995076 -5.894001 10.002331 19.380414 14.189735 0.000000 0.000000 0.000000 -4.242459 1.030619 -10.480475 5.944210 -0.365867 -2.626416 -0.654762 -9.869021 17.526310 0.000000 0.000000 0.000000 -12.127996 1.345889 8.208798 7.489423 -1.764770 -18.587245 -1.409627 -8.982351 27.213582 -8.173430 4.112672 -19.821234 0.000000 0.000000 0.000000 -18.213931 2.831372 1.130041 -29.436353 -30.380215 0.740018 9.607849 -21.118506 -0.240655 0.000000 0.000000 0.000000 13.443077 8.432962 -0.053044 54.722673 7.427813 -4.128612 30.316918 52.073071 13.753125 0.000000 0.000000 0.000000 
0.065903 0.936245 0.007751 -8.613084 -13.935996 10.949805 18.791555 0.697728 -5.130736 -9.259558 1.081591 -5.561890 10.323915 19.805242 14.383551 0.000000 0.000000 0.000000 -3.598644 1.066788 -10.743113 5.702759 -0.347940 -2.436108 -0.241971 -9.354386 17.606531 0.000000 0.000000 0.000000 -12.213610 1.406501 8.608204 7.291068 -1.724358 -18.559936 -1.515144 -9.229364 27.317631 -7.591231 3.665084 -19.373572 0.000000 0.000000 0.000000 -18.262756 2.881055 1.244003 -29.828670 -29.640934 0.597672 9.292808 -21.726850 -0.177623 0.000000 0.000000 0.000000 13.563672 8.712533 -0.100800 55.025460 8.361481 -3.741162 28.133453 51.433021 12.399048 0.000000 0.000000 0.000000 
0.065457 0.936487 0.006050 -9.071932 -14.492484 11.048553 19.438861 0.796004 -5.071200 -9.572832 1.135113 -5.427339 10.583563 20.139754 14.607684 0.000000 0.000000 0.000000 -3.082912 1.085692 -10.824783 5.678390 -0.336203 -2.548865 0.113737 -8.931086 17.771083 0.000000 0.000000 0.000000 -12.352950 1.443370 8.632586 7.261556 -1.749571 -18.292471 -1.550043 -9.287324 27.396952 -7.054089 3.251525 -19.365202 0.000000 0.000000 0.000000 -18.543545 2.856699 1.378202 -30.246990 -28.527610 0.327515 9.149567 -23.183035 -0.136327 0.000000 0.000000 0.000000 13.958155 8.779856 -0.241863 55.188472 9.349328 -3.289439 25.558933 51.061171 11.056313 0.000000 0.000000 0.000000 
0.064981 0.936970 0.004720 -9.503482 -15.338745 11.226208 19.961585 0.912954 -5.002708 -9.809024 1.192803 -5.232941 10.985419 20.642553 14.979416 0.000000 0.000000 0.000000 -2.503197 1.116028 -10.987165 5.441889 -0.312645 -2.662773 0.625887 -8.323479 17.949248 0.000000 0.000000 0.000000 -12.468817 1.496185 8.779563 7.162126 -1.752141 -18.100463 -1.701592 -9.154434 27.311680 -6.325398 2.767359 -18.626430 0.000000 0.000000 0.000000 -18.666361 2.946583 1.412515 -30.937058 -27.407204 0.115634 8.580308 -24.684622 0.001263 0.000000 0.000000 0.000000 14.108536 8.673225 -0.422815 55.487329 10.191256 -2.917529 24.578295 50.970901 10.500779 0.000000 0.000000 0.000000 
0.064665 0.937369 0.003780 -9.623198 -15.906989 11.049505 20.302773 0.981430 -4.756702 -10.270280 1.275248 -4.992605 11.176324 20.868807 15.227527 0.000000 0.000000 0.000000 -2.313092 1.105266 -10.848739 5.337960 -0.301113 -2.679368 0.951577 -7.911147 18.008229 0.000000 0.000000 0.000000 -12.504384 1.525355 8.992727 6.854819 -1.715773 -17.749472 -1.902923 -9.237433 27.356745 -6.200353 2.664047 -18.178668 0.000000 0.000000 0.000000 -19.066171 2.862961 1.609146 -31.276574 -26.095031 -0.242117 8.444347 -26.204398 0.067775 0.000000 0.000000 0.000000 14.163502 8.627819 -0.545882 55.684709 10.493120 -2.813881 24.811271 51.559808 10.666321 0.000000 0.000000 0.000000 
0.064643 0.938031 0.003262 -9.742361 -16.610494 11.083832 20.451813 1.033883 -4.480885 -10.486873 1.317770 -5.087740 11.465830 21.200072 15.674577 0.000000 0.000000 0.000000 -2.233094 1.132537 -11.066324 5.343475 -0.293268 -2.461386 1.331781 -7.464048 18.132346 0.000000 0.000000 0.000000 -12.466060 1.544617 9.102984 6.649478 -1.708804 -17.363174 -2.103955 -9.215518 27.266981 -5.717194 2.314475 -17.726814 0.000000 0.000000 0.000000 -19.693150 3.095777 1.634290 -31.481359 -25.255487 -0.505139 7.810729 -27.080316 0.232048 0.000000 0.000000 0.000000 14.142394 8.213248 -0.820067 55.850953 10.994294 -2.626027 25.643658 52.397108 11.168254 0.000000 0.000000 0.000000 
0.064739 0.938466 0.002951 -9.659522 -16.894266 11.034583 20.269205 1.020928 -4.262707 -10.402662 1.304739 -5.304962 11.575789 21.310210 15.945392 0.000000 0.000000 0.000000 -2.269895 1.155137 -11.273408 5.216499 -0.289193 -2.122970 1.459814 -7.305759 18.123390 0.000000 0.000000 0.000000 -12.469217 1.577102 9.392543 6.642985 -1.731446 -17.145752 -2.515655 -9.543632 27.334570 -5.535964 2.136653 -17.568449 0.000000 0.000000 0.000000 -20.578569 3.433150 1.670128 -31.485224 -24.491271 -0.811601 7.633019 -28.079367 0.318736 0.000000 0.000000 0.000000 14.080062 7.760684 -1.121860 55.859315 11.132403 -2.608285 27.584747 53.675799 12.310673 0.000000 0.000000 0.000000 
0.064741 0.939022 0.002789 -9.551329 -17.258897 10.812613 20.154491 1.005989 -3.799253 -10.501894 1.315025 -5.575044 11.668888 21.390538 16.269068 0.000000 0.000000 0.000000 -2.339857 1.162171 -11.347773 5.111051 -0.285166 -1.691044 1.627355 -7.079433 18.084898 0.000000 0.000000 0.000000 -12.345297 1.555009 9.393099 6.450271 -1.737423 -16.602816 -2.769195 -9.804492 27.346270 -5.248645 1.895878 -17.265211 0.000000 0.000000 0.000000 -21.319402 3.632662 1.757568 -30.988735 -24.243461 -1.004387 7.178939 -28.268769 0.415514 0.000000 0.000000 0.000000 13.999125 7.617310 -1.258330 56.151180 11.485181 -2.525665 28.306381 55.202201 12.994312 0.000000 0.000000 0.000000 
0.064662 0.939111 0.002793 -9.419608 -17.295359 10.884632 19.958032 0.976561 -3.717603 -10.408155 1.287793 -5.924030 11.687696 21.393517 16.431351 0.000000 0.000000 0.000000 -2.427902 1.186558 -11.582117 5.014909 -0.282493 -1.492923 1.611195 -7.091295 18.027507 0.000000 0.000000 0.000000 -12.185748 1.533446 9.398898 6.647353 -1.792258 -16.579132 -3.111186 -9.898030 27.546601 -5.366860 1.959687 -17.264838 0.000000 0.000000 0.000000 -21.986290 3.707895 1.844425 -30.505744 -24.177572 -1.144476 7.080390 -28.688801 0.436338 0.000000 0.000000 0.000000 14.098329 7.499954 -1.350394 55.770555 11.944437 -2.322613 29.129953 56.664442 13.831141 0.000000 0.000000 0.000000 
0.064659 0.939068 0.003009 -9.218920 -17.159735 10.768040 19.635035 0.929645 -3.687356 -10.181798 1.255524 -5.956599 11.624556 21.320433 16.378738 0.000000 0.000000 0.000000 -2.649713 1.180437 -11.579116 5.046428 -0.287127 -1.339260 1.500321 -7.199926 17.928619 0.000000 0.000000 0.000000 -11.965931 1.481397 9.299977 6.615719 -1.817791 -16.190703 -3.055209 -9.868355 27.421053 -4.912282 1.672365 -17.227843 0.000000 0.000000 0.000000 -22.300506 3.352702 2.083090 -30.287872 -24.064867 -1.211733 7.004949 -28.918093 0.432610 0.000000 0.000000 0.000000 13.745716 7.522538 -1.189455 55.714433 12.834117 -1.998714 27.955781 57.527438 13.537071 0.000000 0.000000 0.000000 
0.064972 0.938763 0.003445 -8.756781 -16.667755 10.646113 19.156645 0.854839 -3.873874 -10.112934 1.233237 -5.960994 11.381760 21.022659 16.178857 0.000000 0.000000 0.000000 -3.050196 1.176128 -11.646881 4.901573 -0.290063 -1.109646 1.162865 -7.571105 17.701426 0.000000 0.000000 0.000000 -11.878909 1.473503 9.488634 6.810478 -1.838792 -16.460966 -3.091422 -9.654158 27.608170 -4.818403 1.632882 -17.897006 0.000000 0.000000 0.000000 -22.723513 3.106790 2.177399 -30.442213 -24.361262 -1.165796 6.951668 -29.651765 0.451389 0.000000 0.000000 0.000000 13.880297 7.725981 -0.995482 54.982663 13.985145 -1.459290 25.598713 57.573995 12.474332 0.000000 0.000000 0.000000 
0.065784 0.938545 0.004045 -8.320695 -16.083416 10.429646 18.608448 0.777501 -4.082205 -9.915101 1.203543 -5.770514 11.098838 20.685035 15.866473 0.000000 0.000000 0.000000 -3.509095 1.149745 -11.520910 4.865831 -0.297337 -0.990622 0.807864 -7.991347 17.566220 0.000000 0.000000 0.000000 -11.795705 1.435786 9.423354 6.985349 -1.913887 -16.099007 -2.917981 -9.118849 27.505974 -4.681339 1.654315 -18.262449 0.000000 0.000000 0.000000 -22.975910 2.695206 2.227901 -30.693752 -24.573275 -1.076496 6.711098 -30.531377 0.506607 0.000000 0.000000 0.000000 14.128447 8.503211 -0.464859 54.290478 15.228402 -0.847857 21.203707 57.372937 10.372739 0.000000 0.000000 0.000000 
0.067250 0.938058 0.004888 -7.732574 -15.138296 10.101066 17.939441 0.666690 -4.275277 -9.791446 1.169004 -5.660888 10.627054 20.107213 15.359435 0.000000 0.000000 0.000000 -4.190136 1.115993 -11.394141 4.897416 -0.313590 -0.627487 0.233999 -8.678907 17.344543 0.000000 0.000000 0.000000 -11.597220 1.387186 9.571862 7.238193 -1.966841 -16.188714 -2.767338 -8.352182 27.658906 -4.503791 1.695912 -18.803142 0.000000 0.000000 0.000000 -22.713229 2.229567 2.140538 -31.752431 -24.766422 -0.882929 6.338735 -31.963569 0.641744 0.000000 0.000000 0.000000 14.409851 9.028636 0.048611 53.487680 16.748288 -0.172944 16.965655 56.384004 8.357950 0.000000 0.000000 0.000000 
0.069399 0.937365 0.005811 -7.139196 -14.382048 9.728706 17.267368 0.569046 -4.397646 -9.816200 1.160625 -5.459190 10.243338 19.648227 14.787230 0.000000 0.000000 0.000000 -4.875073 1.075773 -11.185091 4.822473 -0.320820 -0.332517 -0.239316 -9.230115 17.104018 0.000000 0.000000 0.000000 -11.246104 1.299780 9.494310 7.450226 -2.064466 -15.717712 -2.103179 -7.453101 27.403289 -4.312234 1.762500 -19.165210 0.000000 0.000000 0.000000 -23.388161 1.743457 2.142276 -32.481630 -24.355019 -0.905913 5.443525 -33.682506 0.913466 0.000000 0.000000 0.000000 14.921622 9.989312 0.751646 52.056922 17.677577 0.295444 12.106317 55.458008 6.074768 0.000000 0.000000 0.000000 
0.072170 0.936719 0.006878 -6.558618 -13.498721 9.589337 16.462200 0.478567 -4.897678 -9.638469 1.135727 -5.060664 9.858626 19.174886 14.153244 0.000000 0.000000 0.000000 -5.515464 1.065565 -11.336114 4.611020 -0.318587 0.223456 -0.780646 -9.917833 16.924094 0.000000 0.000000 0.000000 -10.795935 1.221527 9.642858 7.666628 -2.139024 -15.494523 -1.813779 -6.398130 26.880666 -3.941808 1.744490 -19.592538 0.000000 0.000000 0.000000 -23.595211 1.433796 1.877041 -33.514130 -23.773218 -0.852988 4.252636 -35.662336 1.318877 0.000000 0.000000 0.000000 15.736001 10.445642 1.222303 50.878885 18.324514 0.657864 8.479315 54.690369 4.519185 0.000000 0.000000 0.000000 
0.075350 0.936066 0.007898 -5.955502 -12.523073 9.265562 15.600970 0.385611 -5.388988 -9.445143 1.120570 -4.350361 9.421845 18.624061 13.375664 0.000000 0.000000 0.000000 -6.252303 1.013719 -11.014087 4.508269 -0.323892 0.348054 -1.321173 -10.620155 16.860877 0.000000 0.000000 0.000000 -10.131661 1.129012 10.176726 7.781643 -2.114427 -16.001248 -1.466309 -5.607557 26.993822 -3.846237 1.868983 -20.018655 0.000000 0.000000 0.000000 -24.069832 1.305945 1.613525 -34.560187 -22.910918 -0.971792 2.949405 -37.746219 1.833460 0.000000 0.000000 0.000000 15.859369 10.798332 1.723140 50.272374 19.060932 0.896930 4.821794 54.469199 2.991395 0.000000 0.000000 0.000000 
0.078558 0.935612 0.009003 -5.382994 -11.662891 8.994154 14.930064 0.310736 -5.732528 -9.575669 1.136713 -3.871102 9.003898 18.064077 12.799776 0.000000 0.000000 0.000000 -6.965317 0.973115 -10.806778 4.397545 -0.325279 0.609191 -1.795474 -11.253774 16.848237 0.000000 0.000000 0.000000 -9.664954 1.035847 10.200570 7.961881 -2.164322 -15.945742 -1.161855 -4.561906 26.839419 -3.593674 1.939235 -19.775339 0.000000 0.000000 0.000000 -24.072362 1.376338 1.091858 -35.903614 -21.866918 -1.053858 0.497763 -39.926338 2.803085 0.000000 0.000000 0.000000 16.342999 10.853957 2.082691 49.268434 19.626147 1.085144 1.872458 54.256178 1.837527 0.000000 0.000000 0.000000 
0.081279 0.935093 0.010132 -5.036016 -10.606084 8.969812 14.463514 0.240795 -6.172612 -9.552481 1.118690 -3.632050 8.535905 17.418143 12.236111 0.000000 0.000000 0.000000 -7.441575 0.935638 -10.572136 4.369261 -0.335288 0.534111 -2.335200 -12.004298 16.973194 0.000000 0.000000 0.000000 -8.943319 0.920643 10.414969 8.117673 -2.155811 -16.333649 -0.682780 -3.618707 26.907742 -3.652096 2.201879 -19.862629 0.000000 0.000000 0.000000 -24.269319 1.520323 0.537820 -37.450035 -20.601629 -1.229166 -2.504093 -41.965992 4.069788 0.000000 0.000000 0.000000 16.705055 10.938952 2.482481 48.381882 19.852766 1.097025 -1.341649 54.509749 0.556373 0.000000 0.000000 0.000000 
0.083201 0.934904 0.011274 -4.624683 -9.873216 8.709699 13.942082 0.172901 -6.127767 -9.541080 1.099638 -3.623383 8.161238 16.881331 11.922629 0.000000 0.000000 0.000000 -7.816251 0.899369 -10.311617 4.109756 -0.320993 0.799653 -2.720327 -12.518331 16.965785 0.000000 0.000000 0.000000 -8.405858 0.820081 10.385454 8.298128 -2.218610 -16.177564 -0.303476 -2.359673 26.790009 -3.370268 2.277604 -19.369687 0.000000 0.000000 0.000000 -24.063012 2.071532 -0.336315 -39.275904 -18.848180 -1.540113 -5.888007 -44.249906 5.671259 0.000000 0.000000 0.000000 16.960455 10.633644 2.737852 47.551405 20.076096 1.092305 -4.024991 54.538869 -0.454510 0.000000 0.000000 0.000000 
0.084307 0.934557 0.012350 -4.207904 -8.513974 8.448005 13.494634 0.089061 -6.168777 -9.470090 1.053965 -3.695388 7.499317 15.913012 11.503921 0.000000 0.000000 0.000000 -7.955150 0.843882 -9.796995 3.611006 -0.290744 0.879221 -3.409700 -13.446470 16.981574 0.000000 0.000000 0.000000 -7.710564 0.709122 10.827756 8.262296 -2.160444 -16.515014 0.293888 -1.458760 26.780628 -3.275323 2.458661 -19.461124 0.000000 0.000000 0.000000 -24.659042 2.693944 -1.259245 -40.650217 -17.494598 -1.817305 -9.735531 -45.361301 7.362115 0.000000 0.000000 0.000000 17.001608 10.382656 3.030202 47.069414 20.083996 1.004675 -6.829935 54.268636 -1.515600 0.000000 0.000000 0.000000 
0.084953 0.934717 0.013127 -3.725608 -7.379691 8.287756 13.052735 0.017587 -6.192391 -9.523929 1.020032 -3.910069 6.908180 15.035962 11.441229 0.000000 0.000000 0.000000 -8.226049 0.800950 -9.454097 3.248927 -0.266369 0.973898 -3.987499 -14.243535 17.110280 0.000000 0.000000 0.000000 -7.155494 0.602362 10.691272 8.392768 -2.190796 -16.480522 0.497337 -0.327793 26.781889 -2.887913 2.467345 -18.483558 0.000000 0.000000 0.000000 -24.859300 3.026722 -2.053069 -41.678599 -16.003119 -2.146114 -13.657233 -46.059830 9.024710 0.000000 0.000000 0.000000 17.223890 10.288650 3.437724 46.471771 20.354128 0.986731 -9.035317 54.201924 -2.244779 0.000000 0.000000 0.000000 
0.085345 0.934708 0.013430 -3.430896 -6.026488 8.203825 12.807610 -0.045299 -6.392322 -9.498902 0.977516 -4.013436 6.253754 14.066302 11.267917 0.000000 0.000000 0.000000 -8.396348 0.751302 -8.925143 3.143446 -0.270890 0.684820 -4.651971 -15.159895 17.367743 0.000000 0.000000 0.000000 -6.509263 0.497461 10.983512 8.145914 -2.090690 -16.574982 1.386309 0.935029 26.682194 -2.499467 2.499176 -17.983716 0.000000 0.000000 0.000000 -25.295330 2.988461 -2.733362 -42.116523 -15.019291 -2.288070 -17.978864 -46.111699 10.673752 0.000000 0.000000 0.000000 16.973104 10.324703 3.966487 45.497353 21.032296 1.091421 -10.901580 53.691955 -2.772818 0.000000 0.000000 0.000000 
0.085746 0.935054 0.013302 -3.023985 -5.075278 8.158673 12.422482 -0.099804 -6.452107 -9.513216 0.939437 -4.331800 5.744564 13.326436 11.406480 0.000000 0.000000 0.000000 -8.612728 0.721917 -8.765380 2.848093 -0.247882 0.780434 -5.138137 -15.837476 17.592252 0.000000 0.000000 0.000000 -6.034839 0.414674 10.867173 8.231292 -2.138780 -16.214189 1.819937 2.591545 26.497547 -2.085007 2.524038 -16.949196 0.000000 0.000000 0.000000 -25.614943 2.617093 -3.271919 -42.182069 -14.071386 -2.403590 -21.145499 -46.057355 11.753107 0.000000 0.000000 0.000000 17.528981 10.853800 4.812457 42.934768 22.176172 1.206011 -13.534858 52.914044 -3.682068 0.000000 0.000000 0.000000 
0.086111 0.935365 0.012891 -2.822545 -4.059692 8.119091 12.207472 -0.147119 -6.494722 -9.422480 0.888312 -4.681140 5.227522 12.577218 11.479619 0.000000 0.000000 0.000000 -8.740066 0.688725 -8.476409 2.815508 -0.253465 0.666006 -5.630509 -16.518615 17.924625 0.000000 0.000000 0.000000 -5.234068 0.284960 10.503501 8.033313 -2.135962 -15.537215 2.458000 4.202931 26.491255 -1.508633 2.412151 -15.943586 0.000000 0.000000 0.000000 -25.867079 1.931731 -3.621704 -42.331046 -13.395872 -2.427234 -22.858267 -45.429962 12.002592 0.000000 0.000000 0.000000 17.803807 11.326195 5.634832 40.344284 23.544559 1.311498 -16.824457 52.116755 -4.895017 0.000000 0.000000 0.000000 
0.086240 0.935920 0.012284 -2.472779 -3.195606 8.126553 11.851465 -0.193395 -6.548271 -9.368364 0.843300 -5.077195 4.746039 11.908943 11.758189 0.000000 0.000000 0.000000 -8.977879 0.658532 -8.195845 2.695743 -0.251470 0.397424 -6.053992 -17.098662 18.280738 0.000000 0.000000 0.000000 -4.967989 0.241968 10.668695 7.997994 -2.135733 -15.264258 2.821269 5.384938 26.527692 -1.024152 2.273850 -15.150464 0.000000 0.000000 0.000000 -26.204296 1.626630 -4.069268 -42.594123 -13.200243 -2.345283 -22.982650 -44.581025 11.584633 0.000000 0.000000 0.000000 17.909334 12.119893 6.497669 37.730815 25.600913 1.587685 -20.022604 50.966446 -6.080550 0.000000 0.000000 0.000000 
0.085930 0.936202 0.011542 -2.311403 -2.382784 8.078994 11.778070 -0.223451 -6.551662 -9.408917 0.809761 -5.402124 4.309993 11.303424 11.926558 0.000000 0.000000 0.000000 -9.035694 0.630097 -7.873998 2.669443 -0.258092 0.151547 -6.450023 -17.631076 18.556645 0.000000 0.000000 0.000000 -4.619149 0.183210 10.237047 7.836953 -2.157285 -14.440115 3.317905 6.262412 26.537199 -0.421705 2.034351 -15.111483 0.000000 0.000000 0.000000 -26.634877 1.315501 -4.431107 -43.102590 -13.261068 -2.201063 -22.223929 -43.433355 10.773307 0.000000 0.000000 0.000000 17.792108 12.827717 7.196236 35.665102 27.389480 1.800005 -23.954358 50.111769 -7.606242 0.000000 0.000000 0.000000 
0.085133 0.936552 0.010687 -2.322775 -1.785879 7.921908 11.919561 -0.237872 -6.411894 -9.469465 0.785094 -5.670104 3.977353 10.850033 12.094276 0.000000 0.000000 0.000000 -9.005658 0.606240 -7.540236 2.849724 -0.282018 0.001651 -6.721728 -17.985759 18.759615 0.000000 0.000000 0.000000 -4.447281 0.151817 10.289999 7.931010 -2.228406 -13.938150 3.560579 7.196529 26.616686 0.115920 1.815048 -14.848621 0.000000 0.000000 0.000000 -26.602701 1.178456 -4.802852 -43.718078 -13.121528 -2.148870 -21.668076 -42.565031 10.160289 0.000000 0.000000 0.000000 17.572967 13.230495 7.689562 34.501792 28.919419 2.029368 -28.660476 50.322914 -9.604741 0.000000 0.000000 0.000000 
0.084001 0.936792 0.009790 -2.276708 -1.292058 7.877694 11.984983 -0.251864 -6.418556 -9.478251 0.763007 -5.870603 3.704870 10.492782 12.278113 0.000000 0.000000 0.000000 -9.009708 0.592092 -7.452978 2.991639 -0.299244 0.023445 -6.973703 -18.320259 18.872021 0.000000 0.000000 0.000000 -4.292146 0.125572 10.160150 7.799633 -2.211279 -13.626739 4.146281 7.975364 26.967954 0.649019 1.652312 -15.557806 0.000000 0.000000 0.000000 -26.654797 0.765108 -4.942532 -44.246993 -13.137784 -2.072255 -20.986507 -41.830556 9.579649 0.000000 0.000000 0.000000 17.173318 13.555825 8.050244 33.421808 30.046540 2.142650 -32.674425 50.438101 -11.315167 0.000000 0.000000 0.000000 
0.082656 0.937093 0.008987 -2.156950 -0.682981 7.770966 11.943133 -0.267531 -6.637282 -9.406547 0.754622 -5.612824 3.394749 10.069586 12.343246 0.000000 0.000000 0.000000 -9.017710 0.573657 -7.384241 3.045198 -0.305881 0.258646 -7.295485 -18.746211 18.958191 0.000000 0.000000 0.000000 -4.341832 0.124300 10.080015 7.835443 -2.264108 -13.132865 4.088307 8.340540 26.806828 0.696817 1.747154 -15.890924 0.000000 0.000000 0.000000 -26.253548 0.715421 -5.094494 -44.909670 -13.331922 -1.953367 -20.011963 -40.880773 8.883266 0.000000 0.000000 0.000000 16.862187 13.613865 8.180114 32.990375 30.908869 2.321222 -37.308830 51.418791 -13.616594 0.000000 0.000000 0.000000 
0.081312 0.937380 0.008422 -2.016964 -0.216439 7.712072 11.926684 -0.280956 -6.746693 -9.438329 0.746702 -5.558557 3.134960 9.732837 12.500718 0.000000 0.000000 0.000000 -9.076927 0.558817 -7.311789 3.122580 -0.315927 0.367043 -7.546432 -19.076671 19.021627 0.000000 0.000000 0.000000 -4.334608 0.121062 9.417985 7.709953 -2.270537 -12.576464 4.317486 8.839706 27.024500 1.051692 1.641586 -16.213261 0.000000 0.000000 0.000000 -26.141531 0.522387 -5.226169 -45.452371 -13.479477 -1.861442 -19.728802 -40.333997 8.565691 0.000000 0.000000 0.000000 16.134126 13.308568 8.040944 32.387005 31.253899 2.328325 -41.201930 53.129248 -15.953969 0.000000 0.000000 0.000000 
0.079863 0.937587 0.007827 -1.779646 0.579592 7.624454 11.756815 -0.308187 -6.933969 -9.349312 0.725818 -5.440221 2.721128 9.177009 12.598506 0.000000 0.000000 0.000000 -9.283779 0.530835 -7.188217 3.343970 -0.343677 0.575067 -7.978510 -19.646975 19.127517 0.000000 0.000000 0.000000 -4.429581 0.124264 9.399180 7.802245 -2.295399 -12.529246 4.231368 9.243882 26.914055 1.148061 1.654972 -15.822734 0.000000 0.000000 0.000000 -26.202602 0.413329 -5.492878 -45.616927 -13.422327 -1.784743 -19.865202 -40.628008 8.573913 0.000000 0.000000 0.000000 15.501214 13.551503 8.211373 30.995653 31.467549 2.183422 -44.531679 53.832465 -17.834471 0.000000 0.000000 0.000000 
0.078215 0.937879 0.006947 -1.514736 1.159149 7.474193 11.560932 -0.328030 -7.071413 -9.273448 0.716061 -5.233303 2.397372 8.756367 12.737521 0.000000 0.000000 0.000000 -9.461078 0.508042 -7.120013 3.445158 -0.357006 0.891202 -8.301983 -20.076319 19.157728 0.000000 0.000000 0.000000 -4.427098 0.118185 9.234729 7.594574 -2.288738 -11.821419 4.373524 9.713433 26.458875 1.434430 1.566043 -15.876810 0.000000 0.000000 0.000000 -26.434623 -0.135921 -5.511228 -45.837923 -13.790221 -1.513786 -19.916784 -40.777364 8.524502 0.000000 0.000000 0.000000 14.563550 14.246875 8.498735 29.081545 32.063218 2.098137 -46.974860 52.506193 -18.523568 0.000000 0.000000 0.000000 
0.076162 0.937964 0.005629 -1.181899 1.977135 7.471600 11.322655 -0.357754 -7.437448 -9.183896 0.698483 -5.042319 1.972465 8.207707 12.889420 0.000000 0.000000 0.000000 -9.578711 0.481728 -6.959663 3.394022 -0.358403 0.821534 -8.763841 -20.690372 19.246736 0.000000 0.000000 0.000000 -4.410577 0.109125 9.322719 7.383851 -2.152232 -12.317834 4.352421 10.208797 26.530408 1.750623 1.470813 -15.763887 0.000000 0.000000 0.000000 -26.531314 -0.809985 -5.477940 -45.858563 -13.984021 -1.342451 -20.253064 -41.699238 8.742409 0.000000 0.000000 0.000000 13.705060 15.228247 8.971695 26.235706 32.907145 1.835063 -45.841368 48.719651 -16.465768 0.000000 0.000000 0.000000 
0.073820 0.938155 0.004097 -0.926055 2.678675 7.402106 11.098994 -0.383046 -7.699692 -8.959136 0.674885 -4.878653 1.597322 7.735189 13.056602 0.000000 0.000000 0.000000 -9.463828 0.464959 -6.900072 3.095205 -0.327238 0.986512 -9.167392 -21.231300 19.293721 0.000000 0.000000 0.000000 -4.306089 0.088497 9.526531 6.979811 -2.005167 -12.261038 4.574652 10.792791 26.194463 1.598422 1.744838 -16.100264 0.000000 0.000000 0.000000 -26.955526 -1.409653 -5.586667 -45.639103 -14.526320 -0.975220 -21.068710 -42.634469 9.149803 0.000000 0.000000 0.000000 12.459335 16.435171 9.402990 23.424569 34.334320 1.727932 -42.709291 42.424769 -12.854421 0.000000 0.000000 0.000000 
0.071566 0.937991 0.002884 -0.604688 3.511767 7.207512 10.819100 -0.409645 -7.790326 -8.779558 0.649651 -4.772840 1.157293 7.153882 13.122727 0.000000 0.000000 0.000000 -9.437119 0.434684 -6.606209 2.842791 -0.301985 1.089981 -9.642623 -21.874731 19.274994 0.000000 0.000000 0.000000 -4.343885 0.080539 9.732452 6.740496 -1.857075 -12.836756 4.771260 11.311892 26.478074 1.942711 1.669817 -16.197849 0.000000 0.000000 0.000000 -27.388907 -2.179505 -5.607684 -45.427975 -14.695478 -0.784719 -21.973906 -44.092528 9.731881 0.000000 0.000000 0.000000 11.450564 17.222432 9.671673 21.009818 36.066944 1.624091 -38.018846 36.287600 -9.305731 0.000000 0.000000 0.000000 
0.069735 0.938088 0.002259 -0.377211 4.057453 6.897076 10.595817 -0.422218 -7.703627 -8.596765 0.635870 -4.580258 0.846998 6.744864 13.174460 0.000000 0.000000 0.000000 -9.250482 0.410938 -6.152140 2.396084 -0.251260 1.073822 -9.936107 -22.268487 19.273586 0.000000 0.000000 0.000000 -4.368961 0.070489 10.019219 6.584577 -1.803030 -12.773751 4.938810 11.947820 26.078396 1.849302 1.900098 -16.483572 0.000000 0.000000 0.000000 -27.774608 -2.568758 -5.845728 -45.150145 -14.882410 -0.532160 -24.156028 -44.928326 10.703764 0.000000 0.000000 0.000000 10.973326 18.098066 10.085758 19.081106 37.276762 1.493045 -33.954870 30.375421 -6.620980 0.000000 0.000000 0.000000 
0.068503 0.938352 0.002066 -0.256795 4.551316 6.642078 10.514770 -0.430804 -7.466816 -8.528641 0.616085 -4.695507 0.547509 6.372118 13.314092 0.000000 0.000000 0.000000 -9.315518 0.383651 -5.732153 2.525889 -0.271310 1.014552 -10.175467 -22.579149 19.372784 0.000000 0.000000 0.000000 -4.405124 0.066470 9.967427 6.496095 -1.741691 -13.044070 5.221814 12.211295 26.315946 1.940546 1.923805 -16.476797 0.000000 0.000000 0.000000 -27.929007 -2.855293 -5.922192 -45.056848 -14.819353 -0.493909 -25.804259 -45.815815 11.565012 0.000000 0.000000 0.000000 10.689276 18.601759 10.321208 18.561000 37.782160 1.481335 -31.263262 26.900301 -5.204093 0.000000 0.000000 0.000000 
0.067691 0.938745 0.001973 -0.057476 5.084160 6.478455 10.183526 -0.446707 -7.385263 -8.219576 0.588061 -4.696440 0.236557 5.983479 13.428110 0.000000 0.000000 0.000000 -9.433462 0.356854 -5.346286 2.556434 -0.280302 0.887799 -10.439609 -22.913437 19.569998 0.000000 0.000000 0.000000 -4.358205 0.051569 10.122171 6.516304 -1.743146 -13.001999 5.224082 12.292908 25.888340 1.772712 2.068455 -16.366819 0.000000 0.000000 0.000000 -27.808271 -3.221248 -5.813076 -44.627780 -14.844495 -0.402615 -28.084348 -46.305740 12.614065 0.000000 0.000000 0.000000 10.898894 18.844845 10.560461 18.606535 37.616943 1.488243 -30.119475 25.657738 -4.706326 0.000000 0.000000 0.000000 
0.067177 0.939035 0.001760 -0.047644 5.377330 6.416385 10.081158 -0.453926 -7.302987 -7.989923 0.564119 -4.848774 0.062740 5.780159 13.532877 0.000000 0.000000 0.000000 -9.551940 0.344934 -5.364110 2.867129 -0.318317 1.127939 -10.584890 -23.095507 19.681377 0.000000 0.000000 0.000000 -4.296856 0.040636 10.093643 6.675364 -1.793226 -12.998539 5.123906 12.283667 25.964292 1.428108 2.308291 -16.188969 0.000000 0.000000 0.000000 -27.779089 -3.497467 -5.691843 -44.045670 -15.019317 -0.327014 -29.057665 -46.563465 13.093194 0.000000 0.000000 0.000000 11.361875 18.876269 10.757393 18.936030 37.509047 1.500118 -29.888118 25.489047 -4.616194 0.000000 0.000000 0.000000 
0.066830 0.939254 0.001431 0.063386 5.505197 6.434877 10.025993 -0.459187 -7.388905 -8.061371 0.566320 -4.804379 -0.026452 5.695526 13.658902 0.000000 0.000000 0.000000 -9.842636 0.334850 -5.419049 3.228221 -0.364562 1.220023 -10.650391 -23.177206 19.735083 0.000000 0.000000 0.000000 -4.139590 0.025051 9.901400 6.711142 -1.822942 -12.778846 5.065548 12.067171 25.916273 1.070490 2.508971 -16.032413 0.000000 0.000000 0.000000 -27.606605 -3.688401 -5.464735 -43.525170 -15.245132 -0.270191 -30.223301 -47.216229 13.827696 0.000000 0.000000 0.000000 11.571878 18.615579 10.677361 20.299463 36.670396 1.643547 -31.121020 27.659045 -5.294653 0.000000 0.000000 0.000000 
0.066650 0.939204 0.001127 -0.018892 5.680647 6.331325 9.936449 -0.461438 -7.196554 -7.726959 0.537244 -5.048232 -0.115920 5.567161 13.625735 0.000000 0.000000 0.000000 -9.935646 0.324696 -5.377770 3.604541 -0.414379 1.360178 -10.725408 -23.274728 19.760210 0.000000 0.000000 0.000000 -4.179768 0.023926 10.033080 7.047649 -1.968472 -12.461877 4.759435 11.787890 25.771769 0.738071 2.677685 -15.811872 0.000000 0.000000 0.000000 -27.628141 -3.631486 -5.428985 -42.923521 -15.515022 -0.187809 -30.821431 -47.938243 14.358602 0.000000 0.000000 0.000000 12.221945 18.285032 10.696848 21.864326 35.765108 1.761027 -33.134686 30.948834 -6.463530 0.000000 0.000000 0.000000 
0.066591 0.938989 0.000879 0.076977 5.582213 6.468043 9.815417 -0.464397 -7.256843 -7.694778 0.532808 -5.187393 -0.067773 5.642215 13.660621 0.000000 0.000000 0.000000 -10.240908 0.325329 -5.730696 3.934401 -0.456083 1.674210 -10.704193 -23.262971 19.626540 0.000000 0.000000 0.000000 -4.141477 0.028475 9.697571 7.154965 -2.055114 -11.964681 4.552290 11.470312 25.987661 0.359337 2.852712 -15.446634 0.000000 0.000000 0.000000 -27.256111 -3.508965 -5.250428 -42.449987 -15.893886 -0.158372 -30.740370 -49.041321 14.736932 0.000000 0.000000 0.000000 12.865616 17.645150 10.527518 23.770626 34.407716 1.806357 -36.093791 35.966268 -8.474099 0.000000 0.000000 0.000000 
0.066720 0.938748 0.000594 0.139369 5.619421 6.584677 9.687275 -0.469289 -7.212290 -7.603831 0.515271 -5.526006 -0.093125 5.623377 13.708171 0.000000 0.000000 0.000000 -10.421021 0.323956 -6.292986 4.112246 -0.481768 2.447101 -10.769664 -23.368507 19.530262 0.000000 0.000000 0.000000 -4.042021 0.022388 9.462030 7.266624 -2.144849 -11.452789 4.208738 11.351023 25.913246 -0.083385 3.119412 -15.274114 0.000000 0.000000 0.000000 -26.938956 -3.349788 -5.227129 -42.261706 -16.192747 -0.093926 -30.159416 -49.415192 14.586274 0.000000 0.000000 0.000000 13.364336 17.032298 10.365900 25.751760 33.178388 1.888896 -38.908703 40.686190 -10.636770 0.000000 0.000000 0.000000 
0.066908 0.938465 0.000256 0.200465 5.356988 6.805989 9.491184 -0.473245 -7.397539 -7.405878 0.510605 -5.564781 0.060608 5.820037 13.664182 0.000000 0.000000 0.000000 -10.774918 0.326958 -6.912563 4.526465 -0.539684 2.981955 -10.673315 -23.261198 19.353822 0.000000 0.000000 0.000000 -4.065519 0.037788 9.006702 7.188530 -2.158318 -11.058309 4.400134 10.957071 26.347855 -0.829606 3.588013 -15.442025 0.000000 0.000000 0.000000 -26.887014 -3.248793 -5.058079 -42.103641 -16.802926 -0.002561 -29.605264 -49.483042 14.451528 0.000000 0.000000 0.000000 13.732602 16.711707 10.225814 26.988527 32.481023 1.897866 -40.371653 44.789408 -12.465227 0.000000 0.000000 0.000000 
0.067115 0.938149 -0.000114 0.291839 5.455304 6.867433 9.293524 -0.479746 -7.411836 -7.257659 0.497159 -5.717934 0.017617 5.754954 13.626098 0.000000 0.000000 0.000000 -10.970344 0.315773 -7.358886 4.677182 -0.569017 3.680414 -10.762802 -23.396545 19.275920 0.000000 0.000000 0.000000 -4.117766 0.044612 8.922969 7.429764 -2.300518 -10.516396 4.242990 10.804500 26.192326 -1.259089 3.827716 -15.075550 0.000000 0.000000 0.000000 -26.842434 -3.204622 -5.036005 -42.028050 -17.456434 0.204067 -29.129004 -49.223557 14.158589 0.000000 0.000000 0.000000 13.995088 16.774634 10.317215 28.433029 31.809866 1.995244 -40.394105 47.258445 -13.255570 0.000000 0.000000 0.000000 
0.067259 0.937855 -0.000362 0.334294 5.313969 7.136865 9.304617 -0.487362 -7.780877 -7.367259 0.509196 -5.566148 0.126704 5.892689 13.579956 0.000000 0.000000 0.000000 -11.216720 0.315970 -7.833450 4.968836 -0.613681 3.921674 -10.727625 -23.364318 19.184733 0.000000 0.000000 0.000000 -4.168048 0.062744 8.369134 7.693296 -2.429679 -10.219736 4.291958 10.844838 26.637915 -1.828522 4.269322 -15.557936 0.000000 0.000000 0.000000 -26.924241 -3.393698 -4.925208 -41.857038 -18.307764 0.437934 -28.424977 -48.844089 13.735932 0.000000 0.000000 0.000000 14.393277 16.612654 10.352481 29.603615 31.156329 1.987325 -38.509200 48.747350 -12.913684 0.000000 0.000000 0.000000 
0.067275 0.937649 -0.000494 0.412245 5.346782 7.285858 9.105752 -0.497096 -7.932402 -7.163329 0.498609 -5.600245 0.124644 5.885027 13.545341 0.000000 0.000000 0.000000 -11.245638 0.316097 -8.015563 4.867983 -0.599188 3.980030 -10.776814 -23.439173 19.147114 0.000000 0.000000 0.000000 -4.323883 0.083570 8.144365 7.931479 -2.568659 -9.743481 4.218483 10.939347 26.519726 -2.097572 4.472599 -15.696016 0.000000 0.000000 0.000000 -26.687166 -3.343067 -4.944106 -41.877383 -18.879322 0.626755 -28.378499 -48.663435 13.630786 0.000000 0.000000 0.000000 14.652663 16.822269 10.558347 31.146877 30.050700 1.964694 -35.820037 49.631115 -11.974862 0.000000 0.000000 0.000000 
0.067176 0.937588 -0.000588 0.482002 5.213810 7.408571 9.009735 -0.503037 -8.202611 -7.116309 0.508129 -5.318747 0.212931 5.992428 13.492741 0.000000 0.000000 0.000000 -11.220163 0.324765 -8.114884 4.670123 -0.565541 3.870114 -10.730446 -23.387015 19.084040 0.000000 0.000000 0.000000 -4.422906 0.101075 7.740139 7.966951 -2.633326 -9.291348 4.145612 11.077091 26.739040 -2.382793 4.691676 -15.824484 0.000000 0.000000 0.000000 -26.437393 -3.363950 -4.895023 -41.707464 -19.609204 0.828384 -28.708417 -48.846460 13.826903 0.000000 0.000000 0.000000 14.922585 16.815286 10.652038 32.313891 29.019364 1.851707 -33.080023 50.051768 -10.866924 0.000000 0.000000 0.000000 
0.066914 0.937677 -0.000717 0.435666 5.047392 7.593940 9.024657 -0.506080 -8.391297 -7.019572 0.506840 -5.313982 0.303956 6.133059 13.547251 0.000000 0.000000 0.000000 -11.093193 0.342580 -8.142760 4.529848 -0.538434 3.460537 -10.652551 -23.280343 19.092020 0.000000 0.000000 0.000000 -4.384984 0.102704 7.602324 8.113003 -2.691612 -9.266432 4.196388 11.237614 26.905630 -2.518518 4.853559 -16.609149 0.000000 0.000000 0.000000 -26.330009 -3.380895 -4.887511 -41.676220 -19.976939 0.930205 -29.068766 -49.241877 14.112164 0.000000 0.000000 0.000000 15.052260 16.662784 10.635167 33.246364 28.259756 1.762630 -29.994457 49.733616 -9.420016 0.000000 0.000000 0.000000 
0.066596 0.937988 -0.000866 0.374750 4.835660 7.650322 9.070092 -0.503655 -8.546589 -6.950480 0.513894 -5.106298 0.410220 6.290370 13.593625 0.000000 0.000000 0.000000 -10.829075 0.364035 -7.844954 4.180455 -0.481575 2.696010 -10.522182 -23.094012 19.155195 0.000000 0.000000 0.000000 -4.368766 0.104137 7.503951 8.090342 -2.687975 -9.241924 4.144074 11.159409 26.922727 -3.090033 5.209876 -16.811509 0.000000 0.000000 0.000000 -26.278676 -3.214821 -4.908615 -41.396553 -20.351272 1.017587 -29.486661 -49.570752 14.441379 0.000000 0.000000 0.000000 14.959840 16.649356 10.567716 34.325595 27.192428 1.626847 -27.728144 49.862875 -8.451271 0.000000 0.000000 0.000000 
0.066213 0.938338 -0.000960 0.164503 4.500298 7.597834 9.365234 -0.487760 -8.623574 -7.033124 0.533833 -4.796462 0.588964 6.530660 13.598436 0.000000 0.000000 0.000000 -10.643130 0.382294 -7.650545 4.241809 -0.485040 2.239209 -10.303997 -22.791373 19.176797 0.000000 0.000000 0.000000 -4.197121 0.087780 7.566097 7.891458 -2.596622 -9.426220 4.288298 11.166859 27.043434 -3.521703 5.510951 -17.527892 0.000000 0.000000 0.000000 -26.235873 -3.032518 -4.934419 -41.087719 -20.438686 0.996430 -30.018201 -50.001221 14.867605 0.000000 0.000000 0.000000 14.891850 16.336809 10.349936 35.232937 26.432422 1.524549 -26.193537 50.430530 -7.848294 0.000000 0.000000 0.000000 
0.065867 0.938738 -0.000960 -0.029637 4.146122 7.774566 9.542872 -0.480283 -8.853858 -6.934028 0.539776 -4.633675 0.778385 6.807262 13.673000 0.000000 0.000000 0.000000 -10.392696 0.408880 -7.680899 4.146832 -0.467510 1.750662 -10.098786 -22.505135 19.255631 0.000000 0.000000 0.000000 -4.009497 0.076368 7.333325 7.949032 -2.589342 -9.704608 4.095379 11.160016 27.200465 -3.760690 5.651494 -17.841621 0.000000 0.000000 0.000000 -26.065319 -2.845875 -4.934927 -41.048274 -20.254726 0.893290 -30.158351 -50.465741 15.116838 0.000000 0.000000 0.000000 14.708447 15.800045 9.996309 36.667565 24.983593 1.267838 -25.189768 52.350818 -7.615719 0.000000 0.000000 0.000000 
0.065463 0.938983 -0.000875 -0.242071 3.983859 7.641453 9.720244 -0.467579 -8.857978 -6.799643 0.544315 -4.322706 0.878184 6.920916 13.590765 0.000000 0.000000 0.000000 -10.211366 0.415965 -7.323868 4.262926 -0.480385 1.265499 -9.960922 -22.307645 19.304517 0.000000 0.000000 0.000000 -4.094571 0.083389 7.316072 7.839183 -2.552483 -9.709695 3.988233 10.873857 27.114273 -3.814134 5.646913 -18.295523 0.000000 0.000000 0.000000 -26.176074 -2.603727 -4.970997 -41.002882 -20.140705 0.836002 -29.341542 -50.808222 14.893217 0.000000 0.000000 0.000000 14.670958 15.008881 9.501377 38.336931 23.422606 0.982574 -24.673064 54.624961 -7.620150 0.000000 0.000000 0.000000 
0.064985 0.939516 -0.000739 -0.338697 3.741585 7.570535 9.802202 -0.456156 -8.746642 -6.717946 0.544899 -4.289036 0.967920 7.068963 13.716390 0.000000 0.000000 0.000000 -10.157338 0.420374 -6.994674 4.373840 -0.491089 0.700944 -9.781429 -22.051584 19.409540 0.000000 0.000000 0.000000 -4.282836 0.102065 7.311753 7.930610 -2.582238 -9.795880 3.646783 10.596680 26.860824 -3.551984 5.394592 -17.984324 0.000000 0.000000 0.000000 -26.024348 -2.138237 -5.066819 -41.077880 -19.923762 0.740773 -28.324177 -50.772596 14.436628 0.000000 0.000000 0.000000 14.628298 14.163107 8.971347 40.602777 21.221546 0.520072 -23.850315 57.905225 -7.556269 0.000000 0.000000 0.000000 
0.064526 0.939844 -0.000533 -0.662399 3.739283 7.575008 10.154142 -0.445229 -8.775652 -6.649540 0.541854 -4.252430 0.986242 7.099504 13.731110 0.000000 0.000000 0.000000 -9.873196 0.430965 -6.951057 4.557850 -0.512779 0.567517 -9.739066 -21.978699 19.548268 0.000000 0.000000 0.000000 -4.662893 0.138290 7.221025 8.169877 -2.647947 -10.023383 3.445830 10.194997 26.818081 -3.599314 5.375291 -18.307009 0.000000 0.000000 0.000000 -26.084597 -1.546794 -5.307858 -41.413456 -19.528903 0.599731 -27.383722 -51.096206 14.138971 0.000000 0.000000 0.000000 14.594477 12.988960 8.286305 42.773154 18.974695 -0.058865 -22.648997 61.258097 -7.200973 0.000000 0.000000 0.000000 
0.064139 0.939996 -0.000204 -0.867247 3.570645 7.653572 10.364454 -0.435269 -8.731983 -6.579293 0.536847 -4.397695 1.075401 7.232022 13.782954 0.000000 0.000000 0.000000 -9.663433 0.444080 -6.909733 4.601184 -0.515095 0.270566 -9.627805 -21.824134 19.590908 0.000000 0.000000 0.000000 -5.007865 0.173955 6.940134 8.242284 -2.667561 -10.103482 3.259919 9.721607 26.631482 -3.521567 5.241119 -18.366937 0.000000 0.000000 0.000000 -26.061040 -1.317424 -5.235206 -41.328834 -19.257323 0.466702 -26.031426 -51.184088 13.589042 0.000000 0.000000 0.000000 14.269709 12.230293 7.710156 44.611885 17.213305 -0.511791 -21.247614 64.083360 -6.662418 0.000000 0.000000 0.000000 
0.063850 0.939907 0.000472 -1.011227 3.578596 7.537877 10.548052 -0.426402 -8.562457 -6.590557 0.537296 -4.408952 1.084607 7.221393 13.693277 0.000000 0.000000 0.000000 -9.514450 0.444944 -6.855653 4.661099 -0.522955 0.454604 -9.621926 -21.820339 19.519593 0.000000 0.000000 0.000000 -5.339689 0.202044 6.606070 8.209645 -2.649968 -10.177686 2.934346 9.442213 26.649420 -3.662787 5.283748 -18.050469 0.000000 0.000000 0.000000 -26.449891 -0.886660 -5.503247 -41.402654 -19.218404 0.455595 -24.452535 -51.036068 12.824965 0.000000 0.000000 0.000000 14.167354 11.593847 7.307644 45.728408 16.243823 -0.787823 -18.896418 66.191866 -5.368360 0.000000 0.000000 0.000000 
0.063620 0.939582 0.001488 -1.221970 3.547286 7.386388 10.908884 -0.411083 -8.191758 -6.793348 0.543084 -4.657599 1.114145 7.231015 13.587492 0.000000 0.000000 0.000000 -9.315499 0.446580 -6.755122 4.750113 -0.534170 0.642671 -9.594920 -21.793615 19.374263 0.000000 0.000000 0.000000 -5.604955 0.221497 6.333180 8.269267 -2.662670 -10.289864 2.675533 9.450592 26.539715 -3.513730 5.171329 -17.618876 0.000000 0.000000 0.000000 -26.686614 -0.655907 -5.709711 -41.479338 -18.770141 0.342534 -23.717684 -50.976390 12.444627 0.000000 0.000000 0.000000 13.935916 11.184445 7.042692 46.403032 15.846719 -0.869643 -17.463337 67.337132 -4.470027 0.000000 0.000000 0.000000 
0.063233 0.939258 0.002798 -1.325859 3.670878 7.126288 11.150308 -0.402529 -7.844008 -6.969430 0.550973 -4.674654 1.064647 7.119070 13.418583 0.000000 0.000000 0.000000 -9.156880 0.433946 -6.319069 4.758851 -0.536746 0.558676 -9.636526 -21.854171 19.255236 0.000000 0.000000 0.000000 -5.803077 0.230112 5.945221 8.012340 -2.553170 -10.451746 2.436780 9.554132 26.537719 -3.308934 5.043771 -16.985284 0.000000 0.000000 0.000000 -26.875939 -0.492662 -5.928379 -41.319864 -18.201557 0.193452 -23.294175 -50.939623 12.185871 0.000000 0.000000 0.000000 13.948609 11.080177 7.021457 46.375829 16.275639 -0.713986 -16.178115 67.113196 -3.580636 0.000000 0.000000 0.000000 
0.062626 0.939020 0.004264 -1.268066 3.748360 6.830475 11.268009 -0.395592 -7.500580 -7.219919 0.567500 -4.566597 1.015632 7.015079 13.293401 0.000000 0.000000 0.000000 -9.153405 0.414765 -5.814568 4.747371 -0.536365 0.448683 -9.660407 -21.895460 19.089907 0.000000 0.000000 0.000000 -6.152924 0.250285 5.816084 7.727900 -2.437410 -10.598801 2.328939 9.900641 26.404889 -2.975144 4.843560 -16.238649 0.000000 0.000000 0.000000 -26.787170 -0.257776 -6.202423 -41.317231 -17.683692 0.082714 -23.436252 -50.540448 12.057645 0.000000 0.000000 0.000000 13.984686 11.234819 7.167784 45.918986 17.384281 -0.306152 -16.514543 66.289181 -3.727604 0.000000 0.000000 0.000000 
0.061772 0.939003 0.005592 -1.192831 3.950985 6.609557 11.356799 -0.395437 -7.256442 -7.411399 0.577175 -4.494342 0.892975 6.837162 13.268483 0.000000 0.000000 0.000000 -9.239367 0.394599 -5.390954 4.910586 -0.557894 0.363427 -9.747003 -22.013012 19.023858 0.000000 0.000000 0.000000 -6.539766 0.270206 5.454148 7.630213 -2.384566 -10.763452 2.378034 10.450650 26.649151 -2.738796 4.763230 -15.770569 0.000000 0.000000 0.000000 -26.507650 -0.335595 -6.330008 -41.570596 -17.189474 -0.031201 -24.434347 -49.731940 12.188243 0.000000 0.000000 0.000000 13.698198 11.915050 7.572314 45.050801 19.375428 0.385391 -17.741226 64.800873 -4.353505 0.000000 0.000000 0.000000 
0.060731 0.938887 0.006541 -1.160053 4.237845 6.452749 11.343115 -0.399517 -7.343650 -7.308087 0.580661 -4.041118 0.775836 6.635376 13.093294 0.000000 0.000000 0.000000 -9.098003 0.380093 -5.048715 4.789950 -0.546870 0.281282 -9.894311 -22.217908 18.969263 0.000000 0.000000 0.000000 -6.923653 0.294215 5.579871 7.506026 -2.317300 -10.948855 2.608631 11.045036 26.660829 -2.404963 4.619182 -15.381389 0.000000 0.000000 0.000000 -26.520032 -0.443551 -6.560244 -41.717480 -17.153981 0.047103 -24.511128 -48.631089 11.797568 0.000000 0.000000 0.000000 13.136350 12.897039 8.059713 43.764634 21.921518 1.275605 -19.271547 62.648285 -5.127657 0.000000 0.000000 0.000000 
0.059395 0.938919 0.006924 -1.003224 4.338115 6.209996 11.291006 -0.397631 -7.229798 -7.365153 0.591901 -3.760236 0.696804 6.524077 13.096255 0.000000 0.000000 0.000000 -9.170326 0.361489 -4.596896 4.799773 -0.548483 0.052572 -9.932493 -22.278076 18.860880 0.000000 0.000000 0.000000 -7.197437 0.312618 5.849415 7.122212 -2.163610 -11.089534 2.966068 11.786150 26.911814 -1.990187 4.439172 -15.095358 0.000000 0.000000 0.000000 -26.180488 -0.733400 -6.578090 -42.075702 -17.066890 0.062928 -24.955798 -47.796652 11.645921 0.000000 0.000000 0.000000 12.678416 13.986477 8.614458 42.084382 24.648256 2.107094 -20.501487 60.218327 -5.665653 0.000000 0.000000 0.000000 
0.057914 0.938793 0.006833 -1.105467 4.889024 6.245333 11.485335 -0.411159 -7.435304 -7.292655 0.577959 -3.721158 0.448645 6.190789 13.089247 0.000000 0.000000 0.000000 -8.905923 0.353831 -4.555174 4.815177 -0.556787 0.072800 -10.232519 -22.684933 18.935382 0.000000 0.000000 0.000000 -7.574837 0.345349 6.312241 7.244158 -2.162680 -11.432106 3.319845 12.454120 26.956529 -1.707620 4.382391 -15.185599 0.000000 0.000000 0.000000 -26.205257 -0.707334 -6.998859 -42.260906 -17.201427 0.228509 -26.072003 -46.791439 11.703720 0.000000 0.000000 0.000000 11.933198 14.768151 8.964437 40.647862 26.715232 2.731287 -20.801597 58.517130 -5.655229 0.000000 0.000000 0.000000 
0.056426 0.938810 0.006514 -1.068767 5.409926 6.286073 11.466946 -0.426858 -7.810437 -7.121186 0.567693 -3.392878 0.210646 5.872218 13.082020 0.000000 0.000000 0.000000 -8.762269 0.341602 -4.363657 4.770519 -0.556151 -0.199275 -10.511466 -23.056996 19.055795 0.000000 0.000000 0.000000 -7.632241 0.352176 6.646370 7.150684 -2.134054 -11.278246 3.479651 12.927308 27.023471 -1.397860 4.272275 -15.214845 0.000000 0.000000 0.000000 -26.053764 -1.273456 -6.901969 -42.458043 -17.143597 0.278474 -26.303975 -46.223254 11.531056 0.000000 0.000000 0.000000 11.463776 15.682419 9.394343 39.363734 28.289581 3.144412 -22.208715 57.491940 -6.323021 0.000000 0.000000 0.000000 
0.055250 0.938684 0.006248 -1.178655 5.940866 6.414313 11.456168 -0.446081 -8.050656 -6.714715 0.530601 -3.488574 -0.020764 5.562834 13.064278 0.000000 0.000000 0.000000 -8.584895 0.339359 -4.491786 4.911574 -0.579743 -0.100283 -10.809271 -23.456758 19.170967 0.000000 0.000000 0.000000 -7.645863 0.353852 6.846916 7.048525 -2.115199 -11.002753 3.766231 13.268104 26.904406 -0.754939 3.878157 -14.930619 0.000000 0.000000 0.000000 -25.996669 -1.243011 -7.167519 -42.685619 -17.347949 0.436154 -27.655914 -45.269408 11.730688 0.000000 0.000000 0.000000 10.601825 15.823173 9.302489 38.505677 29.494356 3.527472 -22.171425 57.517176 -6.257062 0.000000 0.000000 0.000000 
0.054594 0.938594 0.006128 -1.254741 6.513457 6.657422 11.416831 -0.470098 -8.443390 -6.375725 0.499621 -3.532700 -0.263235 5.240688 13.053876 0.000000 0.000000 0.000000 -8.489496 0.340330 -4.684619 5.081634 -0.607077 -0.071587 -11.133804 -23.879753 19.372588 0.000000 0.000000 0.000000 -7.627131 0.355023 6.964013 7.000979 -2.093778 -10.909395 3.885171 13.408813 26.946965 -0.489300 3.722004 -14.701231 0.000000 0.000000 0.000000 -25.756967 -1.225886 -7.280014 -43.185368 -17.168430 0.399822 -28.600900 -44.652161 11.871587 0.000000 0.000000 0.000000 9.992206 15.891125 9.217081 37.713256 30.047231 3.643522 -23.174109 57.890046 -6.791549 0.000000 0.000000 0.000000 
0.054398 0.938663 0.006106 -1.310264 7.003194 6.708059 11.369692 -0.487419 -8.514092 -6.135479 0.473778 -3.723993 -0.502419 4.933091 13.091214 0.000000 0.000000 0.000000 -8.323392 0.334622 -4.670836 5.023135 -0.606155 -0.044725 -11.397716 -24.212136 19.588022 0.000000 0.000000 0.000000 -7.544335 0.344798 7.024149 7.016236 -2.121093 -10.609139 3.988154 13.726837 26.948699 0.035673 3.405941 -14.465820 0.000000 0.000000 0.000000 -25.860263 -1.174854 -7.571113 -43.454008 -16.961040 0.401180 -29.484334 -43.989389 11.954917 0.000000 0.000000 0.000000 9.107140 16.049190 9.092025 36.626450 30.873753 3.820567 -24.324626 57.356923 -7.293409 0.000000 0.000000 0.000000 
0.054473 0.938678 0.005906 -1.207164 7.546521 6.999303 11.343029 -0.512238 -8.983957 -6.253509 0.471481 -3.688933 -0.752022 4.630008 13.183668 0.000000 0.000000 0.000000 -8.491721 0.328076 -4.748973 5.225067 -0.635410 -0.280770 -11.702884 -24.588915 19.873258 0.000000 0.000000 0.000000 -7.585564 0.353271 7.186535 7.009258 -2.107827 -10.585090 4.000723 13.906271 26.952493 0.310409 3.270908 -14.453383 0.000000 0.000000 0.000000 -25.917210 -0.995224 -7.894707 -43.757922 -16.845137 0.418351 -30.423949 -43.428961 12.090487 0.000000 0.000000 0.000000 8.320148 16.523268 9.125138 34.998376 32.304069 4.065555 -24.956996 54.855900 -7.348014 0.000000 0.000000 0.000000 
0.054376 0.939125 0.005406 -1.270469 7.644116 7.189616 11.417158 -0.519434 -9.007914 -6.241027 0.457932 -4.130078 -0.839986 4.604067 13.470376 0.000000 0.000000 0.000000 -8.393418 0.337148 -4.882063 5.197631 -0.631114 -0.468129 -11.749464 -24.614386 20.116009 0.000000 0.000000 0.000000 -7.469681 0.351651 7.506657 6.802992 -2.016076 -10.697122 4.322365 14.531136 27.145431 0.967765 3.011097 -15.172883 0.000000 0.000000 0.000000 -26.248595 -1.037378 -8.254695 -43.939843 -16.671525 0.445528 -31.001041 -43.043707 12.124321 0.000000 0.000000 0.000000 7.294108 17.526338 9.318931 32.736612 34.613866 4.439902 -25.574577 50.015592 -7.068232 0.000000 0.000000 0.000000 
0.054088 0.939630 0.004494 -1.236141 7.882490 7.336830 11.372557 -0.531465 -9.260678 -6.187426 0.450195 -4.171634 -0.991222 4.481723 13.706710 0.000000 0.000000 0.000000 -8.344161 0.334756 -4.780370 5.118737 -0.620117 -0.960004 -11.860445 -24.712190 20.430004 0.000000 0.000000 0.000000 -7.565605 0.366679 7.906080 6.809831 -2.016913 -10.649815 4.395668 15.246442 26.930332 1.612388 2.684515 -15.206311 0.000000 0.000000 0.000000 -26.370473 -1.009540 -8.664975 -44.206781 -16.651381 0.571318 -31.963537 -42.680035 12.254527 0.000000 0.000000 0.000000 6.629389 19.061935 9.884335 29.243307 37.494141 4.584539 -24.768630 43.072645 -5.972289 0.000000 0.000000 0.000000 
0.053611 0.940221 0.003454 -1.128063 8.057470 7.445378 11.205242 -0.543237 -9.544124 -6.048018 0.443286 -4.056474 -1.120827 4.387513 13.938615 0.000000 0.000000 0.000000 -8.345719 0.333399 -4.770073 4.992548 -0.605384 -1.231300 -11.950396 -24.792530 20.687742 0.000000 0.000000 0.000000 -7.544231 0.377547 8.893654 6.563712 -1.872614 -11.129996 4.669151 16.147443 26.952627 2.281185 2.393922 -15.401920 0.000000 0.000000 0.000000 -26.851806 -1.551593 -8.917479 -43.868646 -16.637364 0.725110 -32.808318 -42.719118 12.489333 0.000000 0.000000 0.000000 5.697359 20.286463 10.197687 25.999025 40.202465 4.633005 -24.443401 36.378643 -5.058258 0.000000 0.000000 0.000000 
0.053281 0.940667 0.002705 -1.073098 8.394981 7.818854 11.098900 -0.567354 -10.233412 -5.897675 0.436528 -3.779175 -1.280699 4.241985 14.105101 0.000000 0.000000 0.000000 -8.148945 0.345463 -4.955369 4.636550 -0.566245 -1.591683 -12.159358 -25.015026 21.052145 0.000000 0.000000 0.000000 -7.544773 0.385847 9.122422 6.302991 -1.762412 -11.168886 4.839405 16.716520 26.605671 2.624993 2.224536 -15.207671 0.000000 0.000000 0.000000 -27.186424 -1.731882 -9.262205 -43.766124 -16.503911 0.837944 -33.747544 -43.156801 12.892608 0.000000 0.000000 0.000000 5.243428 21.419218 10.634503 22.678122 42.338253 4.305585 -22.822134 30.485970 -3.940680 0.000000 0.000000 0.000000 
0.053248 0.940854 0.002488 -1.102496 8.787153 7.850434 11.054560 -0.583220 -10.522613 -5.744647 0.427972 -3.522932 -1.459138 4.005140 14.085631 0.000000 0.000000 0.000000 -7.956022 0.344150 -4.941556 4.439542 -0.547888 -1.578677 -12.377006 -25.266438 21.285229 0.000000 0.000000 0.000000 -7.471116 0.379168 9.772292 6.125076 -1.669684 -11.380125 4.925146 17.455131 26.226534 3.677493 1.562111 -14.937124 0.000000 0.000000 0.000000 -27.614514 -2.296776 -9.479350 -43.488963 -16.138605 0.910252 -35.014448 -44.240516 13.639765 0.000000 0.000000 0.000000 5.000987 21.766102 10.811228 20.125048 43.212853 3.829296 -21.362661 26.557742 -3.172306 0.000000 0.000000 0.000000 
0.053460 0.941003 0.002787 -1.058984 9.116171 8.085115 10.899355 -0.606814 -11.007707 -5.547027 0.418597 -3.203409 -1.590561 3.828437 14.054201 0.000000 0.000000 0.000000 -7.899537 0.350583 -5.137659 4.306994 -0.535469 -1.522465 -12.585214 -25.506096 21.508547 0.000000 0.000000 0.000000 -7.350773 0.369028 9.938629 5.947645 -1.570074 -11.665807 4.935327 17.739375 26.276722 4.473365 1.015691 -14.689831 0.000000 0.000000 0.000000 -28.113302 -2.666575 -9.664065 -43.251103 -15.936524 0.959367 -36.121607 -46.060407 14.698333 0.000000 0.000000 0.000000 4.944426 21.736062 10.842408 18.615612 43.615656 3.474991 -19.912164 24.381768 -2.674117 0.000000 0.000000 0.000000 
0.053850 0.941094 0.003424 -1.097534 9.506326 8.034414 10.960005 -0.618184 -11.243940 -5.602987 0.423383 -2.781055 -1.746976 3.581094 13.930036 0.000000 0.000000 0.000000 -7.770838 0.343606 -5.051893 4.211113 -0.528094 -1.375658 -12.796680 -25.750149 21.704720 0.000000 0.000000 0.000000 -7.386370 0.367808 10.418496 5.940163 -1.540167 -11.883184 4.878792 17.942223 26.047067 5.539847 0.219926 -14.313291 0.000000 0.000000 0.000000 -28.375437 -2.925040 -9.801333 -43.092150 -15.764072 1.013785 -38.054552 -47.973562 16.187449 0.000000 0.000000 0.000000 5.239775 21.475442 10.905505 17.218148 43.180333 2.954418 -18.104565 22.806350 -2.214620 0.000000 0.000000 0.000000 
0.054238 0.941236 0.004239 -1.034942 9.960315 8.014021 11.090297 -0.632280 -11.746043 -5.964395 0.453513 -1.933294 -1.919885 3.308895 13.804696 0.000000 0.000000 0.000000 -7.821061 0.331919 -5.056437 4.256908 -0.537979 -1.050028 -13.056595 -26.055859 21.904412 0.000000 0.000000 0.000000 -7.087100 0.326559 10.664463 5.743569 -1.448348 -12.025442 4.644927 17.889747 25.923578 6.183538 -0.323988 -13.910892 0.000000 0.000000 0.000000 -28.656231 -3.154927 -9.847517 -42.936590 -15.842688 1.100237 -39.948301 -49.684170 17.736715 0.000000 0.000000 0.000000 5.604078 21.161317 10.941911 16.583198 42.196698 2.549548 -16.806905 22.196129 -1.952258 0.000000 0.000000 0.000000 
0.054566 0.941371 0.005094 -1.059599 10.209103 8.032578 11.417573 -0.633998 -12.176147 -6.495334 0.497391 -1.229563 -1.991806 3.189116 13.737033 0.000000 0.000000 0.000000 -7.725170 0.330809 -5.084532 4.173333 -0.530326 -0.857684 -13.200003 -26.214950 22.055961 0.000000 0.000000 0.000000 -7.033068 0.315790 10.946083 5.550113 -1.353464 -12.284328 4.651294 17.720338 26.135440 6.617755 -0.635288 -13.940498 0.000000 0.000000 0.000000 -28.745307 -3.360128 -9.757489 -42.657715 -16.295726 1.243196 -41.251926 -51.300176 19.068871 0.000000 0.000000 0.000000 5.776783 20.892491 10.888229 15.686283 41.452509 2.131692 -15.778260 21.884567 -1.769669 0.000000 0.000000 0.000000 
0.054854 0.941385 0.005896 -1.142433 9.967471 8.012708 11.826974 -0.611847 -12.525445 -7.071312 0.561511 -0.419974 -1.815580 3.378772 13.614700 0.000000 0.000000 0.000000 -7.723244 0.336122 -5.117926 4.254703 -0.538091 -0.777743 -13.053731 -26.039157 21.962565 0.000000 0.000000 0.000000 -7.009739 0.316304 11.221510 5.354123 -1.305981 -12.080421 4.655224 17.743611 25.936918 6.936775 -0.790567 -14.361333 0.000000 0.000000 0.000000 -28.886894 -3.473509 -9.678161 -42.497381 -16.511624 1.323870 -42.075782 -52.212998 19.927213 0.000000 0.000000 0.000000 5.796123 20.988701 10.923696 14.784392 40.798323 1.776786 -14.776722 21.407736 -1.587844 0.000000 0.000000 0.000000 
0.055078 0.941364 0.006624 -1.134293 9.860318 8.182660 12.046316 -0.604564 -12.723993 -7.469190 0.596321 -0.275058 -1.740251 3.491143 13.649062 0.000000 0.000000 0.000000 -7.769639 0.345040 -5.290382 4.281671 -0.540150 -0.748654 -13.009620 -25.985932 21.939261 0.000000 0.000000 0.000000 -7.109213 0.334064 11.376290 5.218019 -1.242808 -12.271243 4.863930 17.507695 26.190064 7.045461 -0.776100 -14.905955 0.000000 0.000000 0.000000 -28.870611 -3.363319 -9.607691 -42.741109 -16.838965 1.364488 -42.566402 -53.091961 20.646152 0.000000 0.000000 0.000000 5.915237 20.995968 10.944415 13.926741 40.374165 1.436717 -14.345765 21.393635 -1.527738 0.000000 0.000000 0.000000 
0.055224 0.941553 0.007022 -1.273756 9.575747 8.456404 12.098423 -0.599198 -12.952151 -7.291233 0.588562 -0.267904 -1.574877 3.722067 13.657694 0.000000 0.000000 0.000000 -7.810709 0.360104 -5.437687 4.540073 -0.567611 -1.128304 -12.830039 -25.737728 21.988978 0.000000 0.000000 0.000000 -7.006854 0.332464 11.472384 5.060240 -1.199908 -12.162985 4.929687 17.647318 26.162080 7.341162 -1.004541 -14.864719 0.000000 0.000000 0.000000 -28.959899 -3.603460 -9.486822 -42.939290 -16.947806 1.412084 -41.594395 -53.619511 20.390340 0.000000 0.000000 0.000000 5.784427 21.121813 10.956906 12.978927 40.236100 1.176160 -14.453074 21.348103 -1.541393 0.000000 0.000000 0.000000 
0.055181 0.941761 0.007058 -1.356667 9.428258 8.812240 12.196172 -0.599119 -13.278449 -7.270792 0.587668 -0.336057 -1.485446 3.887838 13.774543 0.000000 0.000000 0.000000 -7.758820 0.381931 -5.744924 4.570506 -0.568451 -1.358154 -12.757022 -25.623639 22.091302 0.000000 0.000000 0.000000 -7.022827 0.345656 11.574169 4.888842 -1.153430 -11.996909 5.265873 17.633167 26.183688 7.594708 -1.059020 -15.470627 0.000000 0.000000 0.000000 -28.921051 -3.547092 -9.474753 -43.501707 -17.256240 1.506196 -41.350735 -53.927706 20.412067 0.000000 0.000000 0.000000 5.194568 21.126936 10.717842 11.896354 40.495208 0.975880 -15.193244 20.827178 -1.599327 0.000000 0.000000 0.000000 
0.054977 0.941955 0.006769 -1.510853 9.347333 9.303301 12.176680 -0.610223 -13.767663 -6.880304 0.556612 -0.452546 -1.411564 4.029569 13.863540 0.000000 0.000000 0.000000 -7.754127 0.407317 -6.169180 4.841581 -0.597023 -1.690573 -12.715401 -25.537423 22.264490 0.000000 0.000000 0.000000 -6.970521 0.352654 11.506709 4.932465 -1.194396 -11.632747 5.380640 17.783181 25.926092 7.926197 -1.177849 -15.943880 0.000000 0.000000 0.000000 -28.903371 -3.671462 -9.422852 -43.973611 -17.362752 1.564668 -40.682050 -53.788351 19.990407 0.000000 0.000000 0.000000 5.067063 21.563270 10.893922 9.872246 40.607611 0.478408 -15.927007 19.926042 -1.635408 0.000000 0.000000 0.000000 
0.054590 0.942200 0.006386 -1.601115 9.378533 9.710730 12.198675 -0.622265 -14.328525 -6.663539 0.542404 -0.331962 -1.398453 4.094649 13.973898 0.000000 0.000000 0.000000 -7.531281 0.435257 -6.524168 4.653691 -0.574381 -1.931708 -12.752805 -25.554177 22.456440 0.000000 0.000000 0.000000 -7.072470 0.375313 11.686896 4.901292 -1.178618 -11.652461 5.924114 17.999839 26.231756 8.066865 -1.189103 -16.172420 0.000000 0.000000 0.000000 -29.080009 -3.925753 -9.449205 -44.045566 -17.556061 1.659303 -40.601682 -54.032298 20.045573 0.000000 0.000000 0.000000 4.201890 22.137020 10.818247 8.204391 40.866689 0.162736 -16.727718 18.450025 -1.603652 0.000000 0.000000 0.000000 
0.054160 0.942251 0.006013 -1.640805 9.547859 10.129648 12.095273 -0.648422 -15.160468 -6.309817 0.522923 0.201052 -1.422758 4.072143 13.953905 0.000000 0.000000 0.000000 -7.391720 0.458250 -6.932340 4.549466 -0.563579 -2.035606 -12.882962 -25.694608 22.624391 0.000000 0.000000 0.000000 -6.992930 0.371144 12.018917 4.929411 -1.199375 -11.431452 6.089400 18.628028 25.937601 8.423138 -1.319332 -16.270122 0.000000 0.000000 0.000000 -29.038125 -4.042439 -9.687775 -44.188739 -17.585439 1.780462 -41.214950 -53.806377 20.129534 0.000000 0.000000 0.000000 3.781988 22.705021 10.998369 6.235330 41.158360 -0.241007 -17.220505 16.561462 -1.472685 0.000000 0.000000 0.000000 
0.053718 0.942054 0.005895 -1.626592 9.863146 10.491783 11.856286 -0.689614 -15.810911 -5.818369 0.482613 0.510027 -1.524757 3.926515 13.877033 0.000000 0.000000 0.000000 -7.125784 0.479353 -7.238976 4.161931 -0.523129 -2.106086 -13.112510 -25.969003 22.761750 0.000000 0.000000 0.000000 -6.952578 0.366611 12.369903 4.990397 -1.196585 -11.609902 6.420333 19.258298 26.248673 8.741397 -1.336807 -16.611212 0.000000 0.000000 0.000000 -29.334334 -4.362292 -10.002724 -43.963672 -17.301001 1.807258 -41.909623 -54.108372 20.513374 0.000000 0.000000 0.000000 3.310326 23.030559 11.039515 5.030217 41.145381 -0.463649 -17.625413 15.336081 -1.385011 0.000000 0.000000 0.000000 
0.053320 0.941996 0.006092 -1.557815 9.978095 10.807549 11.647169 -0.721917 -16.428216 -5.496237 0.459076 0.982391 -1.541787 3.901180 13.831424 0.000000 0.000000 0.000000 -6.929366 0.504563 -7.680953 3.747554 -0.476280 -1.853549 -13.242534 -26.135660 22.791888 0.000000 0.000000 0.000000 -6.862171 0.357274 12.650653 4.796419 -1.099627 -11.907622 6.852397 19.941072 26.665801 9.015989 -1.284412 -17.109132 0.000000 0.000000 0.000000 -29.436571 -4.456113 -10.353203 -43.683647 -17.115473 1.818997 -42.882187 -54.248426 20.992131 0.000000 0.000000 0.000000 3.035466 23.191998 11.078631 4.311009 41.034477 -0.583714 -17.968396 14.620977 -1.339852 0.000000 0.000000 0.000000 
0.052949 0.941570 0.006630 -1.557466 10.225957 11.040697 11.323529 -0.767027 -16.906694 -4.844121 0.400480 1.345848 -1.601569 3.756836 13.606730 0.000000 0.000000 0.000000 -6.777387 0.519630 -7.943709 3.579932 -0.457938 -1.699928 -13.432799 -26.387533 22.779450 0.000000 0.000000 0.000000 -6.600724 0.318368 12.804717 4.684823 -1.081258 -11.575038 6.981728 20.435170 26.412754 9.438449 -1.289028 -17.906415 0.000000 0.000000 0.000000 -29.360869 -4.470565 -10.604537 -43.808394 -16.844120 1.823700 -43.099078 -54.389964 21.039386 0.000000 0.000000 0.000000 2.530507 23.110275 10.906134 4.514655 40.721390 -0.444803 -18.421720 14.619252 -1.361819 0.000000 0.000000 0.000000 
0.052589 0.941760 0.007331 -1.485251 10.063378 11.117133 11.111928 -0.776775 -16.908027 -4.564741 0.376980 1.372840 -1.543376 3.848427 13.638815 0.000000 0.000000 0.000000 -6.774568 0.529390 -8.141913 3.452166 -0.440087 -1.448950 -13.365765 -26.319380 22.697407 0.000000 0.000000 0.000000 -6.347202 0.282704 13.101821 4.475648 -0.987702 -11.871945 7.180528 20.596020 26.690551 9.506488 -1.331938 -17.868912 0.000000 0.000000 0.000000 -29.774620 -4.474899 -10.818214 -43.219983 -16.380723 1.699265 -42.505282 -54.080921 20.651701 0.000000 0.000000 0.000000 2.156759 22.976895 10.686149 5.203585 40.524174 -0.238786 -19.266117 15.475161 -1.527647 0.000000 0.000000 0.000000 
0.052316 0.941809 0.007891 -1.188506 10.116192 11.294770 10.607121 -0.822288 -17.041744 -4.198067 0.342602 1.394345 -1.603783 3.792747 13.692554 0.000000 0.000000 0.000000 -7.059477 0.523703 -8.468120 3.438731 -0.435768 -1.022461 -13.462213 -26.459354 22.634481 0.000000 0.000000 0.000000 -6.203258 0.259503 13.488988 4.639897 -1.024990 -12.068870 6.894701 20.382081 26.622362 9.531076 -1.515277 -17.311544 0.000000 0.000000 0.000000 -29.927217 -4.390740 -10.864172 -42.747131 -15.911693 1.539547 -40.833000 -53.512739 19.579560 0.000000 0.000000 0.000000 2.171868 22.585767 10.520262 5.385411 40.568019 -0.206912 -19.662877 16.654224 -1.701610 0.000000 0.000000 0.000000 
0.052122 0.942002 0.007998 -0.902487 9.763594 11.392633 10.171783 -0.838371 -16.879626 -3.979146 0.326555 1.157410 -1.499025 3.982382 13.839893 0.000000 0.000000 0.000000 -7.425126 0.514860 -8.609641 3.475339 -0.436951 -0.961880 -13.295588 -26.279287 22.468243 0.000000 0.000000 0.000000 -5.955736 0.226839 13.803266 4.680011 -1.043705 -12.082091 6.488612 19.874633 26.638166 9.053402 -1.414588 -16.794880 0.000000 0.000000 0.000000 -30.490154 -4.384979 -10.783419 -42.024854 -16.074558 1.556110 -37.157039 -52.351224 17.433108 0.000000 0.000000 0.000000 1.800612 22.415995 10.219506 6.248266 40.475771 -0.004842 -20.545558 18.360729 -2.001769 0.000000 0.000000 0.000000 
0.052006 0.942020 0.007606 -0.603919 9.434145 11.752552 9.871689 -0.859905 -17.028888 -4.003087 0.332081 0.889197 -1.380840 4.216043 14.052593 0.000000 0.000000 0.000000 -7.888107 0.509256 -8.962981 3.631907 -0.453270 -1.083312 -13.162938 -26.133935 22.348359 0.000000 0.000000 0.000000 -5.747335 0.203802 14.098612 4.656922 -1.027143 -12.217741 6.201382 19.026753 26.643562 8.883801 -1.479806 -16.643994 0.000000 0.000000 0.000000 -30.920765 -4.618266 -10.355930 -41.375213 -16.209183 1.513565 -33.581106 -51.419477 15.534860 0.000000 0.000000 0.000000 1.575802 22.233469 9.970011 6.658944 40.604175 0.050850 -21.619933 20.465647 -2.411424 0.000000 0.000000 0.000000 
0.051877 0.942123 0.006984 -0.357614 8.855307 12.021931 9.497679 -0.869099 -16.938478 -3.828258 0.323259 0.429529 -1.162867 4.579449 14.282372 0.000000 0.000000 0.000000 -8.254507 0.513714 -9.399500 3.655270 -0.450627 -1.021718 -12.889015 -25.825961 22.125956 0.000000 0.000000 0.000000 -5.696039 0.207063 14.503018 4.977817 -1.122407 -12.501709 5.710775 18.370212 26.728995 8.544496 -1.416132 -16.478932 0.000000 0.000000 0.000000 -31.422088 -4.528183 -10.167148 -40.753489 -16.569425 1.527401 -30.653604 -50.550347 14.052989 0.000000 0.000000 0.000000 1.533427 21.735594 9.671358 6.937770 40.703580 0.051983 -22.865853 23.001750 -2.936592 0.000000 0.000000 0.000000 
0.051624 0.942084 0.006667 -0.121586 8.665750 12.495670 9.253342 -0.902369 -17.316643 -3.790314 0.321695 0.270675 -1.089953 4.745619 14.477592 0.000000 0.000000 0.000000 -8.647576 0.510965 -9.911758 3.849030 -0.471168 -1.059764 -12.848631 -25.789234 22.077619 0.000000 0.000000 0.000000 -5.367972 0.164129 14.601321 5.133424 -1.167175 -12.562878 5.109448 17.410674 26.459806 8.273648 -1.538692 -15.864945 0.000000 0.000000 0.000000 -31.516555 -4.446528 -9.739912 -40.334734 -17.033203 1.527659 -28.241186 -49.997205 12.927736 0.000000 0.000000 0.000000 1.323669 21.432204 9.396589 7.922215 40.542896 0.227095 -24.082815 25.993773 -3.568306 0.000000 0.000000 0.000000 
0.051154 0.942185 0.007233 0.169105 8.554052 12.760444 9.002120 -0.924044 -17.312636 -3.833388 0.326813 -0.080936 -1.091172 4.815826 14.697392 0.000000 0.000000 0.000000 -8.787019 0.510943 -10.272301 5.009661 -0.602150 -1.621666 -15.749461 -29.688561 23.537401 0.000000 0.000000 0.000000 -5.205790 0.140841 14.691396 5.448307 -1.250137 -12.853753 4.402939 16.704544 26.349111 7.919217 -1.518632 -15.343528 0.000000 0.000000 0.000000 -31.604798 -4.526157 -9.367561 -39.766954 -17.313353 1.509930 -25.400131 -49.790420 11.667205 0.000000 0.000000 0.000000 1.415302 20.893908 9.166466 9.896394 40.424174 0.655777 -25.495124 29.082712 -4.291180 0.000000 0.000000 0.000000 
0.050234 0.942148 0.008943 0.525685 8.533385 13.004623 8.643611 -0.961001 -17.400927 -3.746114 0.319287 -0.121300 -1.119414 4.815431 14.800375 0.000000 0.000000 0.000000 -8.944859 0.505808 -10.619023 5.523933 -0.658980 -1.743118 -17.631577 -32.031299 24.558707 0.000000 0.000000 0.000000 -5.203393 0.146961 14.685090 5.501306 -1.250823 -12.998803 3.961878 15.902229 26.235042 7.880383 -1.819658 -14.494134 0.000000 0.000000 0.000000 -31.227435 -4.422696 -8.901020 -39.671823 -17.714214 1.474820 -23.592954 -49.798453 10.922632 0.000000 0.000000 0.000000 2.230133 20.589900 9.296749 11.133987 40.381171 0.827210 -25.653694 31.881836 -4.791822 0.000000 0.000000 0.000000 
0.048923 0.942087 0.011539 0.521880 8.341668 13.042704 8.742447 -0.943565 -17.308674 -3.739367 0.319972 -0.004825 -1.010227 4.938882 14.748190 0.000000 0.000000 0.000000 -8.775412 0.524626 -10.732705 5.799440 -0.685894 -1.857836 -18.725639 -33.301913 25.328973 0.000000 0.000000 0.000000 -5.246325 0.165675 14.354141 5.674110 -1.323059 -12.875032 3.850079 15.601583 26.133935 7.674843 -1.834498 -14.063568 0.000000 0.000000 0.000000 -30.913214 -4.402766 -8.590079 -39.336736 -17.960375 1.446416 -23.134189 -50.006488 10.810741 0.000000 0.000000 0.000000 2.919839 20.494957 9.480611 13.140495 39.921276 1.198928 -25.652341 34.402276 -5.185210 0.000000 0.000000 0.000000 
0.047584 0.941997 0.014445 0.585331 8.273631 13.158274 8.657391 -0.954273 -17.413568 -3.518052 0.299872 0.319551 -0.954571 4.983784 14.652659 0.000000 0.000000 0.000000 -8.778715 0.531003 -10.896407 5.899093 -0.696986 -1.763125 -19.191236 -33.763097 25.870532 0.000000 0.000000 0.000000 -5.223839 0.173262 13.986839 5.763928 -1.383679 -12.517266 3.694141 15.413510 25.788975 8.071404 -2.152308 -14.123832 0.000000 0.000000 0.000000 -30.148362 -4.421082 -8.195759 -39.747461 -18.278216 1.475769 -22.780065 -50.398474 10.712064 0.000000 0.000000 0.000000 3.742363 20.685655 9.861264 14.787715 39.569309 1.489872 -24.901198 35.219200 -5.112675 0.000000 0.000000 0.000000 
0.046711 0.942026 0.017301 0.613716 7.968656 13.136623 8.589237 -0.944564 -17.302467 -3.352086 0.285672 0.606779 -0.793497 5.160225 14.552018 0.000000 0.000000 0.000000 -8.785078 0.540187 -10.985830 5.777781 -0.683931 -1.369839 -18.845014 -33.381765 25.696376 0.000000 0.000000 0.000000 -5.256734 0.189173 13.742749 5.755705 -1.411032 -12.252466 3.953259 15.389877 25.600592 8.232971 -2.313431 -14.058772 0.000000 0.000000 0.000000 -29.597567 -4.511584 -7.855285 -39.679662 -18.693839 1.538691 -23.906144 -50.970636 11.382303 0.000000 0.000000 0.000000 4.124797 20.751002 10.018849 17.033576 39.469190 2.010525 -24.550730 35.482275 -5.022957 0.000000 0.000000 0.000000 
0.046539 0.941997 0.019990 0.580165 7.831325 13.168995 8.603677 -0.940146 -17.345621 -3.273189 0.276454 0.975211 -0.687548 5.253376 14.397115 0.000000 0.000000 0.000000 -8.699145 0.551101 -10.978922 5.514961 -0.649139 -1.653576 -19.204385 -33.498206 26.953254 0.000000 0.000000 0.000000 -5.239042 0.193032 13.497375 6.011354 -1.493848 -12.318572 4.084825 15.240120 25.810860 8.133981 -2.218621 -14.262172 0.000000 0.000000 0.000000 -29.231153 -4.611310 -7.569051 -39.699458 -18.955650 1.541574 -25.363273 -51.849050 12.326643 0.000000 0.000000 0.000000 4.799571 20.926095 10.326843 18.552905 39.258392 2.281982 -24.304005 35.192428 -4.916935 0.000000 0.000000 0.000000 
0.047033 0.942143 0.022455 0.539209 7.335421 12.964006 8.440771 -0.915924 -16.899340 -3.019146 0.255404 1.058673 -0.446596 5.517500 14.247439 0.000000 0.000000 0.000000 -8.820078 0.551397 -10.853821 5.693849 -0.665936 -1.369919 -18.852347 -33.174713 26.626849 0.000000 0.000000 0.000000 -5.178941 0.187817 13.558315 6.247842 -1.605466 -12.103616 4.436677 15.141897 25.737952 8.246039 -2.241855 -14.712910 0.000000 0.000000 0.000000 -28.865620 -4.720950 -7.198208 -39.746177 -19.382907 1.599720 -27.541020 -52.540062 13.640219 0.000000 0.000000 0.000000 5.156173 21.041171 10.464652 20.628723 39.041611 2.727152 -24.845503 34.577821 -4.943627 0.000000 0.000000 0.000000 
0.047795 0.941908 0.024603 0.496439 7.146171 12.958849 8.317799 -0.914766 -16.792330 -2.811248 0.234655 1.207939 -0.312954 5.627332 14.016368 0.000000 0.000000 0.000000 -8.836758 0.556367 -10.979494 5.709227 -0.670328 -0.949674 -18.744169 -33.098869 26.446954 0.000000 0.000000 0.000000 -5.151965 0.186480 13.511099 6.644834 -1.755440 -11.997275 4.421713 14.623400 25.792761 8.096305 -2.076947 -15.319792 0.000000 0.000000 0.000000 -28.865815 -5.166936 -6.636394 -39.363392 -19.649718 1.585940 -29.399128 -53.263530 14.913664 0.000000 0.000000 0.000000 6.194864 20.998670 10.765455 21.917380 38.727691 2.851355 -25.669649 34.545047 -5.159413 0.000000 0.000000 0.000000 
0.048479 0.941610 0.026268 0.358501 6.490355 12.816642 8.292455 -0.883374 -16.569733 -2.649962 0.218752 1.518648 0.061388 6.043302 13.745690 0.000000 0.000000 0.000000 -8.905842 0.569250 -11.183171 5.896143 -0.691082 -0.372339 -18.321777 -32.736508 25.950414 0.000000 0.000000 0.000000 -5.171714 0.200539 13.418454 7.052925 -1.923699 -11.850411 4.452333 14.361869 25.851429 7.866635 -1.911816 -15.681467 0.000000 0.000000 0.000000 -28.421831 -5.190562 -6.211042 -39.284284 -20.102444 1.603177 -31.433743 -53.603481 16.153723 0.000000 0.000000 0.000000 6.789244 20.930115 10.869468 23.379265 38.412224 3.069793 -26.471597 34.452997 -5.338468 0.000000 0.000000 0.000000 
0.048944 0.941493 0.027356 0.275966 5.951085 12.877586 8.248181 -0.879976 -16.892621 -2.510320 0.195575 2.293326 0.387722 6.433800 13.562419 0.000000 0.000000 0.000000 -9.035719 0.581861 -11.492449 6.114240 -0.714716 -0.021174 -17.991669 -32.433981 25.636293 0.000000 0.000000 0.000000 -5.096035 0.197324 13.560217 7.359034 -2.034367 -11.875970 4.163479 13.648117 25.977044 7.332652 -1.547203 -16.284279 0.000000 0.000000 0.000000 -28.033481 -5.502901 -5.461588 -38.795495 -20.469920 1.522935 -32.675225 -54.789033 17.397143 0.000000 0.000000 0.000000 7.409678 20.872364 10.945951 24.545382 38.064361 3.163755 -27.426395 34.723967 -5.635396 0.000000 0.000000 0.000000 
0.049249 0.941288 0.027978 0.110818 5.193129 12.863155 8.279328 -0.851197 -16.946743 -2.366659 0.176746 2.761092 0.810298 6.961523 13.412443 0.000000 0.000000 0.000000 -8.965661 0.613754 -11.874343 6.104680 -0.709698 0.461774 -17.522589 -32.003364 25.159589 0.000000 0.000000 0.000000 -5.168184 0.220622 13.807993 7.656627 -2.160286 -11.780086 4.024017 13.105075 25.784426 6.973266 -1.377277 -16.545132 0.000000 0.000000 0.000000 -28.225780 -5.730589 -4.959951 -38.011431 -20.967221 1.543015 -34.118458 -55.014043 18.458200 0.000000 0.000000 0.000000 7.654520 20.743089 10.846445 26.041904 37.927522 3.450001 -28.688581 34.984371 -5.996452 0.000000 0.000000 0.000000 
0.049552 0.941295 0.028331 -0.009355 4.583499 13.043258 8.099050 -0.860020 -17.340594 -1.911480 0.114063 3.378182 1.150787 7.413724 13.353225 0.000000 0.000000 0.000000 -9.073738 0.635700 -12.350380 6.341072 -0.733817 0.756974 -17.157088 -31.640635 24.892930 0.000000 0.000000 0.000000 -5.092558 0.220729 14.041208 7.558711 -2.119033 -11.908689 3.609172 12.078414 25.536221 6.130094 -0.982119 -16.595398 0.000000 0.000000 0.000000 -28.000482 -5.934650 -4.182329 -37.251396 -21.442615 1.464480 -34.487590 -55.800920 19.229215 0.000000 0.000000 0.000000 8.418655 20.517247 10.830943 26.843504 37.662408 3.453238 -29.420275 36.582680 -6.532256 0.000000 0.000000 0.000000 
0.049941 0.941131 0.028683 -0.331401 3.535613 13.031342 8.478548 -0.786698 -17.499766 -2.130675 0.136018 4.100667 1.737744 8.180826 13.252316 0.000000 0.000000 0.000000 -8.907573 0.687486 -12.770276 6.391013 -0.729115 1.150265 -16.493183 -30.983068 24.330540 0.000000 0.000000 0.000000 -5.070160 0.236801 14.112843 7.541992 -2.108485 -12.120038 3.156532 11.562067 25.574851 5.903617 -0.970023 -16.652845 0.000000 0.000000 0.000000 -27.751031 -5.932648 -3.649747 -36.830548 -22.013400 1.441863 -33.887162 -55.995195 19.189749 0.000000 0.000000 0.000000 8.835469 20.018079 10.578993 28.189317 37.016399 3.539728 -29.973115 39.010322 -7.190694 0.000000 0.000000 0.000000 
0.050496 0.941167 0.029180 -0.483522 2.614077 13.332583 8.320736 -0.780201 -17.901207 -1.726046 0.076866 4.648104 2.228804 8.858463 13.283659 0.000000 0.000000 0.000000 -8.828247 0.735501 -13.188897 6.264199 -0.695432 1.035233 -15.935644 -30.398152 23.996405 0.000000 0.000000 0.000000 -4.874886 0.226486 13.925773 7.114090 -1.955219 -12.354203 2.696594 10.370389 25.439777 4.995971 -0.553661 -16.887301 0.000000 0.000000 0.000000 -27.404308 -6.118470 -2.743872 -36.548134 -21.995270 1.216740 -32.313918 -56.679270 18.893180 0.000000 0.000000 0.000000 9.496010 19.478553 10.289354 29.865436 36.326534 3.648593 -30.227437 42.535294 -8.041122 0.000000 0.000000 0.000000 
0.051061 0.940820 0.030141 -0.863182 1.624847 13.317229 8.594442 -0.707227 -17.841503 -1.681568 0.069735 5.082921 2.788064 9.582849 13.123285 0.000000 0.000000 0.000000 -8.404425 0.801750 -13.486895 5.982118 -0.650039 1.342672 -15.313882 -29.766532 23.453570 0.000000 0.000000 0.000000 -4.885088 0.246889 13.753480 6.925112 -1.894583 -12.516493 2.380893 9.695670 25.389416 4.803817 -0.498776 -17.556462 0.000000 0.000000 0.000000 -27.068689 -6.325996 -2.024753 -36.664607 -22.417320 1.183931 -29.042199 -56.338803 17.177899 0.000000 0.000000 0.000000 10.028271 18.714686 9.877368 31.659514 34.940338 3.623761 -30.033261 46.688867 -8.886848 0.000000 0.000000 0.000000 
0.051531 0.941070 0.031522 -1.112048 0.476313 13.451199 8.619332 -0.656298 -17.773222 -1.473801 0.043355 5.337982 3.371821 10.391764 13.247091 0.000000 0.000000 0.000000 -8.081363 0.869194 -13.834062 5.599541 -0.588293 1.470577 -14.600664 -28.990803 23.028061 0.000000 0.000000 0.000000 -5.035491 0.297875 13.309683 6.694978 -1.822427 -12.688390 1.791044 8.728281 25.281586 4.325180 -0.434608 -17.372416 0.000000 0.000000 0.000000 -26.477598 -6.409292 -1.218018 -36.761213 -22.675936 1.066297 -25.214869 -55.981793 15.237929 0.000000 0.000000 0.000000 10.893430 17.933659 9.467348 33.673334 33.617413 3.603663 -28.699593 51.228708 -9.359376 0.000000 0.000000 0.000000 
0.051891 0.941134 0.033162 -1.514207 -0.673002 13.496362 8.793122 -0.581194 -17.277848 -1.241600 0.023093 5.078202 3.968713 11.200263 13.306338 0.000000 0.000000 0.000000 -7.646098 0.940019 -14.048114 5.215786 -0.530587 2.015891 -13.188718 -27.398330 21.468937 0.000000 0.000000 0.000000 -5.174252 0.339593 12.694415 6.582251 -1.810980 -12.645982 1.492035 7.850542 25.254916 3.530298 -0.118615 -17.379456 0.000000 0.000000 0.000000 -26.202323 -6.262534 -0.661361 -36.906156 -22.892922 0.966800 -22.496255 -55.441756 13.877835 0.000000 0.000000 0.000000 11.371436 17.167358 8.940523 35.978098 31.657989 3.447216 -26.571212 55.803191 -9.361159 0.000000 0.000000 0.000000 
0.052230 0.941360 0.034654 -1.925496 -1.875335 13.626560 8.932502 -0.512288 -16.985079 -0.949912 -0.011567 5.042233 4.592284 12.054955 13.455523 0.000000 0.000000 0.000000 -7.225703 1.018289 -14.455212 4.813426 -0.468189 2.482170 -12.026983 -25.983922 20.637503 0.000000 0.000000 0.000000 -5.396986 0.393595 12.099562 6.401859 -1.767712 -12.703441 1.011508 6.965848 25.139240 3.091345 -0.093873 -16.959983 0.000000 0.000000 0.000000 -25.628641 -6.241266 0.001976 -37.248523 -23.093900 0.874971 -19.426408 -54.896513 12.362946 0.000000 0.000000 0.000000 12.285966 16.521465 8.527334 37.352542 30.043716 3.160940 -22.261239 59.710237 -7.963158 0.000000 0.000000 0.000000 
0.052657 0.941047 0.035910 -2.255811 -3.170396 13.578257 9.097208 -0.435381 -16.519157 -0.910247 -0.008884 5.072051 5.278530 12.976109 13.471180 0.000000 0.000000 0.000000 -7.027625 1.075806 -14.691630 4.716597 -0.439642 2.838606 -11.118284 -24.877486 19.891065 0.000000 0.000000 0.000000 -5.504652 0.423423 11.491426 6.206726 -1.747418 -12.462024 0.797633 6.492113 24.975599 2.607154 0.074218 -17.031786 0.000000 0.000000 0.000000 -25.416267 -6.122894 0.409047 -37.183191 -23.634577 0.906831 -17.501512 -55.024072 11.592325 0.000000 0.000000 0.000000 12.618949 16.072043 8.127254 38.617814 28.447014 2.875399 -18.506873 63.320493 -6.474136 0.000000 0.000000 0.000000 
0.053289 0.940668 0.036739 -2.392209 -4.204599 13.720587 9.110245 -0.391151 -16.402104 -0.948356 0.003292 5.160265 5.833217 13.729917 13.522829 0.000000 0.000000 0.000000 -6.874727 1.129789 -15.003335 4.408161 -0.390710 2.774701 -10.691145 -24.379364 19.800604 0.000000 0.000000 0.000000 -5.663870 0.460325 11.017673 6.147717 -1.731841 -12.595711 0.413645 5.955538 25.023272 2.002458 0.378898 -17.609239 0.000000 0.000000 0.000000 -25.029933 -6.271079 0.958215 -37.003199 -24.257661 0.941867 -15.161908 -55.636786 10.690121 0.000000 0.000000 0.000000 13.048201 15.936119 7.911760 38.792269 27.804069 2.685060 -14.563671 65.913279 -4.543687 0.000000 0.000000 0.000000 
0.054042 0.939949 0.037290 -2.407456 -4.885836 13.644916 9.104207 -0.362242 -16.165788 -1.142453 0.038266 5.249670 6.209368 14.230569 13.374873 0.000000 0.000000 0.000000 -6.930645 1.150729 -15.158674 4.379307 -0.378916 2.805737 -10.690253 -24.442043 19.950066 0.000000 0.000000 0.000000 -5.760811 0.482143 10.891483 6.040622 -1.697397 -12.732439 0.212952 5.296968 24.933228 1.619355 0.522422 -18.085747 0.000000 0.000000 0.000000 -25.120702 -6.258623 1.335954 -36.293891 -25.189152 1.043205 -13.450115 -56.356038 10.108209 0.000000 0.000000 0.000000 12.927564 15.800801 7.612485 39.033132 27.269323 2.572506 -9.125676 67.893904 -1.376438 0.000000 0.000000 0.000000 
0.054814 0.939553 0.037555 -2.434129 -5.505956 13.637121 9.001577 -0.348066 -16.153374 -1.133426 0.037716 5.540846 6.546297 14.688606 13.328185 0.000000 0.000000 0.000000 -6.985827 1.169360 -15.268470 4.313449 -0.363799 2.860319 -10.365940 -24.053642 19.654771 0.000000 0.000000 0.000000 -5.936625 0.516144 10.730571 6.011873 -1.698132 -12.727413 -0.003521 4.921382 24.813865 0.581159 1.115624 -18.258761 0.000000 0.000000 0.000000 -24.787714 -6.221953 1.586069 -36.149536 -26.011985 1.199585 -11.379053 -57.549942 9.347803 0.000000 0.000000 0.000000 13.391160 16.039643 7.645968 38.754255 27.104775 2.492552 -6.264211 69.378706 0.331187 0.000000 0.000000 0.000000 
0.055470 0.939237 0.037446 -2.413795 -5.974493 13.655933 8.932773 -0.337654 -16.023193 -1.221949 0.057556 5.450528 6.792648 15.023965 13.320973 0.000000 0.000000 0.000000 -7.038709 1.176332 -15.229631 4.199970 -0.347827 2.595818 -10.114851 -23.744565 19.459406 0.000000 0.000000 0.000000 -6.065543 0.543333 10.716348 6.093491 -1.719905 -12.883454 0.028276 4.618214 24.832886 0.121779 1.355051 -18.594656 0.000000 0.000000 0.000000 -24.550748 -6.187972 1.774602 -35.860427 -26.927941 1.376049 -10.213483 -58.968854 9.072816 0.000000 0.000000 0.000000 13.480456 16.197579 7.617083 38.686251 27.177337 2.516370 -4.599466 71.031473 1.380238 0.000000 0.000000 0.000000 
0.055900 0.939047 0.036832 -2.414152 -6.246230 13.691625 8.944914 -0.324394 -16.114283 -1.337153 0.077765 5.580638 6.938923 15.224523 13.325127 0.000000 0.000000 0.000000 -7.018530 1.181162 -15.157425 4.066004 -0.333191 2.244659 -9.957519 -23.545374 19.375376 0.000000 0.000000 0.000000 -6.203862 0.570334 10.719446 6.163096 -1.744158 -12.898643 0.041211 4.282511 24.827472 -0.875697 1.947433 -18.940368 0.000000 0.000000 0.000000 -24.091113 -6.079364 1.888787 -35.795136 -27.815611 1.578264 -8.716957 -60.346552 8.562436 0.000000 0.000000 0.000000 13.972726 16.455411 7.702188 38.435221 27.379408 2.553434 -4.336389 72.633519 1.481494 0.000000 0.000000 0.000000 
0.056076 0.939018 0.035698 -2.372720 -6.564587 13.780398 8.934199 -0.311975 -16.294180 -1.461289 0.100459 5.711402 7.094540 15.439083 13.445063 0.000000 0.000000 0.000000 -7.098484 1.185941 -15.153759 4.048400 -0.331311 1.825634 -9.780899 -23.321589 19.331076 0.000000 0.000000 0.000000 -6.368642 0.606410 10.825630 6.236256 -1.772981 -12.864390 0.311468 4.080962 24.850719 -1.249477 2.148475 -19.366209 0.000000 0.000000 0.000000 -23.697344 -6.283065 2.151892 -35.574098 -28.770365 1.789037 -6.148732 -61.579824 7.325522 0.000000 0.000000 0.000000 14.236681 16.750540 7.799622 38.453250 27.696185 2.662553 -7.054963 74.222640 -0.580836 0.000000 0.000000 0.000000 
0.056061 0.938781 0.034240 -2.322727 -6.647523 13.808805 8.929543 -0.305896 -16.638259 -1.536190 0.110964 6.114962 7.142778 15.506983 13.443811 0.000000 0.000000 0.000000 -7.044685 1.197691 -15.273505 3.850886 -0.311207 1.788455 -9.749919 -23.291854 19.249681 0.000000 0.000000 0.000000 -6.483073 0.634257 11.089579 6.405178 -1.821491 -12.920536 0.361199 3.727050 24.932635 -1.988192 2.577797 -19.947958 0.000000 0.000000 0.000000 -23.612994 -6.359497 2.337991 -35.162145 -29.574054 1.918165 -3.591740 -62.473748 5.993629 0.000000 0.000000 0.000000 14.404949 17.032085 7.874811 38.691411 28.508839 2.955784 -11.202927 75.272863 -3.816377 0.000000 0.000000 0.000000 
0.055860 0.938535 0.032670 -2.253122 -6.915484 13.884041 8.956336 -0.286930 -17.061314 -1.715435 0.142675 6.625123 7.280051 15.696477 13.524821 0.000000 0.000000 0.000000 -7.063040 1.224750 -15.642606 3.723520 -0.293296 2.026995 -9.644755 -23.180552 19.078283 0.000000 0.000000 0.000000 -6.516631 0.656324 11.453892 6.456286 -1.835668 -12.968244 0.481721 3.653496 24.961436 -2.098942 2.616131 -20.017418 0.000000 0.000000 0.000000 -23.414405 -6.583684 2.556709 -34.713734 -30.132378 1.986332 -1.613058 -63.067656 4.900635 0.000000 0.000000 0.000000 14.613740 17.284399 7.980877 38.804450 29.297151 3.221865 -16.161093 76.007044 -7.719515 0.000000 0.000000 0.000000 
0.055513 0.938367 0.031286 -2.301377 -6.935529 13.763674 9.040492 -0.268365 -17.277761 -1.717428 0.141828 7.107438 7.294924 15.716732 13.500431 0.000000 0.000000 0.000000 -7.059887 1.220552 -15.591388 3.871715 -0.308108 2.013209 -9.635223 -23.167792 19.005549 0.000000 0.000000 0.000000 -6.533366 0.671655 11.978462 6.498622 -1.851410 -12.953077 0.583462 3.708206 24.963399 -2.719535 3.012089 -19.917838 0.000000 0.000000 0.000000 -23.122424 -7.076609 2.843041 -34.024945 -30.454563 1.980201 0.261019 -63.781533 3.765783 0.000000 0.000000 0.000000 14.990515 17.749852 8.273213 38.704489 30.255436 3.507687 -23.031863 75.861570 -12.974970 0.000000 0.000000 0.000000 
0.054960 0.938451 0.030190 -2.240224 -7.082151 13.639660 9.080629 -0.248855 -17.624063 -1.857929 0.168619 7.869755 7.346853 15.786611 13.635327 0.000000 0.000000 0.000000 -6.981060 1.230377 -15.663909 3.675142 -0.284760 2.211892 -9.562479 -23.080908 18.893033 0.000000 0.000000 0.000000 -6.564719 0.692252 12.452503 6.389785 -1.827072 -12.852158 0.660328 3.777710 24.956370 -2.783382 3.049400 -19.827900 0.000000 0.000000 0.000000 -22.836545 -7.330704 3.006512 -33.466056 -30.618843 1.934887 2.026222 -63.888145 2.665056 0.000000 0.000000 0.000000 14.941535 18.208253 8.495713 38.931979 31.421758 3.928500 -29.371405 75.104542 -17.625075 0.000000 0.000000 0.000000 
0.054108 0.938543 0.029516 -2.125106 -7.111362 13.468078 8.948765 -0.260214 -17.773247 -1.752470 0.148220 8.368267 7.333725 15.766607 13.749578 0.000000 0.000000 0.000000 -6.994249 1.223976 -15.620829 3.593389 -0.274323 2.375117 -9.559738 -23.079593 18.782823 0.000000 0.000000 0.000000 -6.644808 0.720829 12.984541 6.357482 -1.804537 -13.026025 0.639511 4.041121 25.118598 -2.926846 3.183461 -19.979292 0.000000 0.000000 0.000000 -22.466081 -7.902544 3.268391 -32.523500 -30.750579 1.841490 5.907085 -63.780921 0.145353 0.000000 0.000000 0.000000 15.381662 18.586109 8.807984 38.701205 32.737536 4.290315 -32.168050 73.880708 -19.248923 0.000000 0.000000 0.000000 
0.052939 0.938658 0.029217 -2.046502 -7.162200 13.308476 8.892217 -0.259554 -17.997600 -1.683793 0.134970 9.041589 7.331491 15.762529 13.896235 0.000000 0.000000 0.000000 -6.907278 1.231995 -15.705060 3.433314 -0.251293 2.790962 -9.552019 -23.078065 18.629775 0.000000 0.000000 0.000000 -6.759734 0.751568 13.343320 6.252816 -1.784040 -12.905346 0.566939 4.139087 24.906772 -2.801346 3.107015 -19.584449 0.000000 0.000000 0.000000 -21.909869 -8.054175 3.316845 -31.799561 -30.636205 1.738795 8.977470 -63.814966 -1.825073 0.000000 0.000000 0.000000 15.367209 19.206618 9.139442 39.530398 33.928451 4.887785 -34.917025 72.364327 -20.657257 0.000000 0.000000 0.000000 
0.051589 0.938540 0.029200 -1.943437 -7.074517 12.924680 8.809555 -0.272771 -17.802758 -1.581762 0.112138 9.387564 7.259382 15.661476 13.877992 0.000000 0.000000 0.000000 -6.856376 1.222271 -15.646903 3.351824 -0.232944 3.467748 -9.633381 -23.188428 18.376304 0.000000 0.000000 0.000000 -6.872540 0.785643 13.973647 6.172236 -1.735131 -13.231674 0.507747 4.510571 25.190568 -2.537274 3.001012 -19.296211 0.000000 0.000000 0.000000 -21.360484 -8.577037 3.492521 -31.119339 -30.696199 1.667228 13.056081 -63.526746 -4.459121 0.000000 0.000000 0.000000 15.451311 19.639384 9.475327 39.981526 35.326929 5.448171 -35.995830 70.796513 -20.663716 0.000000 0.000000 0.000000 
0.050239 0.938394 0.029302 -1.942620 -6.921494 12.750798 8.912877 -0.264586 -17.728761 -1.588208 0.110473 9.562420 7.172063 15.541924 13.842102 0.000000 0.000000 0.000000 -6.769957 1.212118 -15.504578 3.397686 -0.237234 3.634111 -9.729036 -23.312749 18.237443 0.000000 0.000000 0.000000 -6.841814 0.779085 14.134880 5.964874 -1.696508 -12.889878 0.535330 4.689639 24.874168 -2.306856 2.885702 -19.115161 0.000000 0.000000 0.000000 -20.718491 -9.039851 3.653555 -30.584896 -31.173324 1.754874 17.098169 -62.425037 -6.902856 0.000000 0.000000 0.000000 15.393937 20.304390 9.863237 40.588392 36.468734 6.046534 -36.801778 68.845038 -20.383088 0.000000 0.000000 0.000000 
0.049152 0.938058 0.029451 -1.932115 -6.804388 12.353505 8.936394 -0.264983 -17.439109 -1.521509 0.093655 9.805298 7.102846 15.443024 13.694163 0.000000 0.000000 0.000000 -6.761916 1.184445 -15.184447 3.447033 -0.232530 4.388824 -9.279581 -22.620723 16.918748 0.000000 0.000000 0.000000 -6.797829 0.782861 14.773683 5.837108 -1.634943 -13.194482 0.514399 4.910292 24.892490 -2.052667 2.762850 -18.957854 0.000000 0.000000 0.000000 -20.538198 -9.783940 3.991920 -30.131980 -31.768726 1.843964 19.799201 -61.504375 -8.465257 0.000000 0.000000 0.000000 15.415578 20.838196 10.198583 40.665628 37.570948 6.480447 -36.785347 67.091936 -19.641001 0.000000 0.000000 0.000000 
0.048328 0.937834 0.029696 -1.860928 -6.762859 12.234910 8.920279 -0.270111 -17.241093 -1.533778 0.095478 9.692313 7.076060 15.403939 13.640936 0.000000 0.000000 0.000000 -6.802891 1.176658 -15.151970 3.462854 -0.224229 5.041116 -8.959618 -22.110313 15.790113 0.000000 0.000000 0.000000 -6.726861 0.777173 15.077904 5.526269 -1.522813 -13.396313 0.622712 4.877667 24.934255 -1.902458 2.665910 -19.055342 0.000000 0.000000 0.000000 -20.131075 -10.360362 4.314471 -30.221211 -32.520149 2.039101 21.243312 -60.258355 -9.094425 0.000000 0.000000 0.000000 15.283081 21.213519 10.358274 40.979631 38.340819 6.861849 -36.264580 65.192516 -18.592003 0.000000 0.000000 0.000000 
0.047673 0.937686 0.030110 -1.920354 -6.680953 12.188459 8.968996 -0.265705 -17.198683 -1.424566 0.071435 9.753035 7.043005 15.358041 13.579215 0.000000 0.000000 0.000000 -6.708380 1.184377 -15.235589 3.531170 -0.225740 5.527106 -8.945607 -22.078299 15.365682 0.000000 0.000000 0.000000 -6.621994 0.746833 14.914874 5.513963 -1.536029 -13.164254 0.451488 4.744100 24.624957 -1.747905 2.534049 -18.526545 0.000000 0.000000 0.000000 -20.111824 -10.819493 4.588698 -30.443733 -32.507998 2.099388 22.537041 -59.457874 -9.680047 0.000000 0.000000 0.000000 15.592756 21.569728 10.571380 40.969967 38.602079 6.983658 -34.808819 63.947011 -17.275762 0.000000 0.000000 0.000000 
0.046986 0.937403 0.030631 -1.938735 -6.902613 12.103833 8.998618 -0.251785 -17.071519 -1.417987 0.073857 9.866460 7.158730 15.514304 13.565847 0.000000 0.000000 0.000000 -6.758705 1.179041 -15.119437 3.864224 -0.266439 5.570336 -9.014665 -22.194764 14.929190 0.000000 0.000000 0.000000 -6.544671 0.734809 14.883991 5.208973 -1.445333 -13.155098 0.564799 4.530296 24.705826 -1.641831 2.409564 -18.345072 0.000000 0.000000 0.000000 -19.940595 -11.121365 4.858775 -30.882160 -32.581985 2.170903 23.246060 -59.142517 -9.944665 0.000000 0.000000 0.000000 15.464470 21.614516 10.482141 41.409135 38.716008 7.145604 -33.122340 63.060532 -16.008448 0.000000 0.000000 0.000000 
0.046140 0.937313 0.031134 -2.016000 -6.986109 11.903488 9.178197 -0.222308 -16.855290 -1.521157 0.096925 10.001175 7.191338 15.554840 13.548188 0.000000 0.000000 0.000000 -6.520694 1.170104 -14.751068 3.974188 -0.284918 5.197410 -9.452743 -22.887998 15.097119 0.000000 0.000000 0.000000 -6.626522 0.745810 14.825587 5.244353 -1.488858 -12.751872 0.504273 4.438561 24.418591 -1.628229 2.378367 -18.241495 0.000000 0.000000 0.000000 -19.982941 -11.361272 5.020388 -31.112225 -32.581671 2.231043 24.166600 -59.304020 -10.483074 0.000000 0.000000 0.000000 15.984048 21.940419 10.708082 41.203053 38.690680 7.100111 -31.412394 61.452476 -14.546003 0.000000 0.000000 0.000000 
0.045226 0.937140 0.031479 -2.199055 -7.319038 11.724401 9.446393 -0.167563 -16.709462 -1.617345 0.124682 10.342758 7.357021 15.777113 13.581269 0.000000 0.000000 0.000000 -6.302559 1.179172 -14.612607 4.233080 -0.315514 5.000405 -9.802075 -23.456980 15.436487 0.000000 0.000000 0.000000 -6.520352 0.728305 14.823274 5.033250 -1.440113 -12.615180 0.576067 4.239968 24.340537 -1.767465 2.415579 -18.314619 0.000000 0.000000 0.000000 -19.874090 -11.503028 5.210220 -31.321954 -32.550607 2.247925 25.637122 -59.946843 -11.387216 0.000000 0.000000 0.000000 15.878365 22.045220 10.636787 41.545750 38.351385 7.083187 -28.874768 60.808428 -12.975551 0.000000 0.000000 0.000000 
0.044404 0.937046 0.031642 -2.316115 -7.939964 11.432050 9.528389 -0.125538 -16.426631 -1.587213 0.132239 10.745690 7.649369 16.168789 13.724148 0.000000 0.000000 0.000000 -6.060651 1.181256 -14.298078 4.042613 -0.284957 4.898793 -9.455282 -22.954434 15.089505 0.000000 0.000000 0.000000 -6.676651 0.764398 14.763013 4.990239 -1.449201 -12.486397 0.377710 4.179961 24.325778 -1.890780 2.436285 -18.020301 0.000000 0.000000 0.000000 -19.777435 -11.517604 5.327500 -31.598521 -32.501398 2.265907 27.623505 -60.478175 -12.585625 0.000000 0.000000 0.000000 16.024552 22.270958 10.673725 41.162563 38.232596 6.937842 -27.201619 59.790016 -11.872821 0.000000 0.000000 0.000000 
0.043804 0.936987 0.031586 -2.525668 -8.527945 11.247946 9.682058 -0.077191 -16.200607 -1.520047 0.131759 11.037425 7.937517 16.554794 13.857853 0.000000 0.000000 0.000000 -5.805391 1.198846 -14.218530 3.979510 -0.267772 5.005396 -9.133325 -22.486497 14.822686 0.000000 0.000000 0.000000 -6.648803 0.764640 14.667928 4.669971 -1.362950 -12.443233 0.526896 3.766949 24.338213 -2.108666 2.457055 -17.354902 0.000000 0.000000 0.000000 -19.648572 -11.559071 5.555305 -31.750834 -32.498639 2.263000 30.700102 -60.883492 -14.363470 0.000000 0.000000 0.000000 15.819087 22.795946 10.716663 40.855193 38.164540 6.840511 -24.766549 58.703416 -10.435016 0.000000 0.000000 0.000000 
0.043517 0.936983 0.031341 -2.734232 -9.045311 11.168075 9.934014 -0.018481 -15.988777 -1.640123 0.171391 11.102281 8.191372 16.891465 13.974403 0.000000 0.000000 0.000000 -5.479369 1.218282 -14.134007 3.761635 -0.236172 4.904359 -8.836228 -22.053003 14.652315 0.000000 0.000000 0.000000 -6.686404 0.775752 14.560025 4.764602 -1.408799 -12.379669 0.322060 3.633557 24.275758 -2.079190 2.373973 -17.094360 0.000000 0.000000 0.000000 -19.424302 -11.560895 5.655169 -32.264184 -32.397722 2.320378 33.613620 -61.307447 -16.129228 0.000000 0.000000 0.000000 15.368526 22.912545 10.593042 40.795390 38.342877 6.896773 -24.159001 57.768503 -9.994290 0.000000 0.000000 0.000000 
0.043348 0.936908 0.030978 -2.957559 -9.768791 10.820922 10.143917 0.044070 -15.621009 -1.723155 0.211209 11.493494 8.533829 17.345242 14.112046 0.000000 0.000000 0.000000 -5.317891 1.229553 -14.058498 3.835608 -0.229913 5.272707 -8.457378 -21.489507 14.352568 0.000000 0.000000 0.000000 -6.657283 0.773658 14.450891 4.266664 -1.255674 -12.549934 0.572299 3.321931 24.468810 -2.270503 2.396708 -16.724021 0.000000 0.000000 0.000000 -19.640600 -11.462319 5.825804 -32.632416 -32.103519 2.262505 35.391962 -61.454086 -17.095627 0.000000 0.000000 0.000000 15.078305 23.050388 10.426083 39.732437 38.262639 6.564252 -23.944574 57.288781 -9.959872 0.000000 0.000000 0.000000 
0.043243 0.937111 0.030504 -3.056977 -10.306719 10.285327 10.245492 0.082281 -15.006283 -1.820906 0.249484 11.665716 8.751702 17.621913 14.251132 0.000000 0.000000 0.000000 -5.010818 1.220054 -13.719018 3.459867 -0.171460 5.562085 -8.150028 -21.018346 14.131705 0.000000 0.000000 0.000000 -6.848320 0.838730 15.113367 4.555315 -1.315340 -13.346947 0.298344 3.267824 24.717287 -1.740636 2.012137 -17.575667 0.000000 0.000000 0.000000 -20.034184 -11.236556 5.840057 -33.785231 -31.204627 2.171803 34.457222 -61.903432 -16.541041 0.000000 0.000000 0.000000 14.893693 22.904550 10.229430 39.216024 37.840830 6.263396 -24.974486 56.673404 -10.466718 0.000000 0.000000 0.000000 
0.043033 0.937083 0.029956 -3.232358 -10.107102 10.066752 10.376664 0.098595 -15.067659 -1.644197 0.208249 12.113586 8.642592 17.477892 14.166799 0.000000 0.000000 0.000000 -4.857891 1.203458 -13.486031 3.611019 -0.191605 5.619048 -8.227066 -21.119716 14.172134 0.000000 0.000000 0.000000 -6.839442 0.805960 14.718661 4.391092 -1.297770 -12.793340 0.397843 2.108204 24.255413 -2.596625 2.429591 -17.887633 0.000000 0.000000 0.000000 -21.165776 -10.424329 5.750406 -34.247992 -30.106156 1.904859 31.927091 -62.345970 -14.924822 0.000000 0.000000 0.000000 14.421628 22.802091 9.851281 38.628754 37.019359 5.880726 -24.996613 56.704829 -10.738970 0.000000 0.000000 0.000000 
0.042821 0.937259 0.029352 -3.306907 -10.731250 9.360963 10.335520 0.124417 -14.361780 -1.544675 0.206705 12.472142 8.894631 17.794769 14.351898 0.000000 0.000000 0.000000 -4.738721 1.199212 -13.352074 3.587038 -0.151999 6.838245 -7.824969 -20.444243 13.285879 0.000000 0.000000 0.000000 -6.603917 0.795597 15.502425 4.217492 -1.186722 -14.068022 0.179981 2.049601 24.737774 -1.924787 1.916166 -17.673785 0.000000 0.000000 0.000000 -22.184406 -10.299946 5.933932 -34.586671 -27.791272 1.213899 30.166396 -62.866676 -13.918893 0.000000 0.000000 0.000000 14.740160 21.618092 9.181940 38.675134 35.152967 5.232608 -23.388842 58.226323 -10.333016 0.000000 0.000000 0.000000 
0.042467 0.937712 0.028499 -3.388701 -11.279795 9.050587 10.527275 0.168259 -13.911992 -1.787469 0.279819 12.463063 9.109717 18.063655 14.641266 0.000000 0.000000 0.000000 -4.398416 1.198886 -13.118748 3.386551 -0.112330 7.027945 -7.733468 -20.273593 12.749356 0.000000 0.000000 0.000000 -6.564251 0.807861 15.760999 3.148294 -0.816967 -15.026502 1.027379 1.003575 25.088653 -1.784596 1.635697 -19.177900 0.000000 0.000000 0.000000 -22.520628 -8.484699 5.355356 -37.535433 -27.158406 1.233807 25.882455 -62.693750 -10.680613 0.000000 0.000000 0.000000 13.656291 20.569817 8.214847 40.994379 34.606118 5.540471 -22.937956 57.300086 -10.137524 0.000000 0.000000 0.000000 
0.042285 0.938477 0.027271 -3.302033 -11.880214 8.037239 10.777984 0.257473 -13.727978 -2.441334 0.506469 14.118616 9.224768 18.149626 15.232496 0.000000 0.000000 0.000000 -4.672961 1.124222 -12.374623 3.972910 -0.163741 7.753499 -7.499064 -19.785670 11.758687 0.000000 0.000000 0.000000 -6.424097 0.818308 16.584178 2.872864 -0.723682 -15.693164 0.314743 1.813697 24.736484 -1.296661 1.394796 -19.214274 0.000000 0.000000 0.000000 -21.368884 -8.877464 5.321166 -38.358157 -25.697175 0.996685 19.328846 -60.398447 -6.572663 0.000000 0.000000 0.000000 15.103120 19.991540 8.126704 40.836342 31.920002 4.680290 -24.969804 57.559889 -11.273341 0.000000 0.000000 0.000000 
