v -0.4332696497440338 -0.42395278811454773 1.061589002609253
v -0.2868618369102478 -0.4584490656852722 1.1976622343063354
v -0.12453263252973557 -0.4798155725002289 1.2421156167984009
v 0.05216260626912117 -0.45104604959487915 1.1742303371429443
v 0.21071022748947144 -0.4440668821334839 1.1673051118850708
v 0.3728415071964264 -0.4487594664096832 1.1541801691055298
v -0.33155426383018494 -0.4400568902492523 1.1364619731903076
v -0.16370144486427307 -0.4208374619483948 1.0711960792541504
v -0.019895872101187706 -0.48193415999412537 1.2662270069122314
v 0.15378624200820923 -0.4763471484184265 1.2326250076293945
v 0.30725157260894775 -0.4375636875629425 1.1587462425231934
v -0.37986257672309875 -0.4139919877052307 1.094075083732605
v -0.24144722521305084 -0.43629714846611023 1.1781049966812134
v -0.08845440298318863 -0.4715754985809326 1.246138334274292
v 0.0837651789188385 -0.4708881378173828 1.2352283000946045
v 0.2532397210597992 -0.4616907238960266 1.212969183921814
v 0.3994889557361603 -0.42789632081985474 1.129303216934204
v -0.31091219186782837 -0.4444560706615448 1.1826844215393066
v -0.1243506520986557 -0.3959498107433319 1.0309377908706665
v 0.016256840899586678 -0.4630379378795624 1.2293992042541504
v 0.18550170958042145 -0.4582507610321045 1.2195638418197632
v 0.3374527096748352 -0.4314658045768738 1.1555225849151611
v -0.3491595983505249 -0.4137892723083496 1.0963354110717773
v -0.18920694291591644 -0.40200918912887573 1.0696336030960083
v -0.05361580103635788 -0.4650265574455261 1.2538108825683594
v 0.1158263236284256 -0.46459081768989563 1.2323771715164185
v 0.283949077129364 -0.44808515906333923 1.201763391494751
v -0.4077029228210449 -0.3992437422275543 1.0828465223312378
v -0.28057095408439636 -0.43767380714416504 1.1946840286254883
v -0.12232893705368042 -0.4593959450721741 1.2430083751678467
v 0.04707279056310654 -0.4369591474533081 1.1957650184631348
v 0.2241830676794052 -0.45138078927993774 1.2227814197540283
v 0.35876014828681946 -0.4194071292877197 1.1030547618865967
v -0.32164135575294495 -0.42168912291526794 1.1082683801651
v -0.15724709630012512 -0.4004381597042084 1.0593291521072388
v -0.01805882900953293 -0.4625868797302246 1.2612946033477783
v 0.15131311118602753 -0.45128506422042847 1.2263826131820679
v 0.3052801787853241 -0.42218121886253357 1.1639611721038818
v -0.3736690282821655 -0.3999611735343933 1.088949203491211
v -0.23624780774116516 -0.42031896114349365 1.17295503616333
v -0.08484222739934921 -0.4554484486579895 1.2428792715072632
v 0.08338349312543869 -0.4500221014022827 1.2249972820281982
v 0.252526193857193 -0.44250112771987915 1.2054154872894287
v 0.3637101948261261 -0.379490464925766 1.0261898040771484
v -0.30611652135849 -0.4306398928165436 1.1794242858886719
v -0.12158524990081787 -0.38445398211479187 1.0320730209350586
v 0.018235625699162483 -0.44269174337387085 1.2196319103240967
v 0.1877600997686386 -0.4380936622619629 1.2120577096939087
v 0.32768991589546204 -0.41037508845329285 1.107688069343567
v -0.343772828578949 -0.40319252014160156 1.0917620658874512
v -0.18511486053466797 -0.38850677013397217 1.0671979188919067
v -0.049016986042261124 -0.4529436528682709 1.256298303604126
v 0.11618530005216599 -0.44155532121658325 1.220496416091919
v 0.2873696982860565 -0.43470245599746704 1.203461766242981
v -0.40374767780303955 -0.38980603218078613 1.084215760231018
v -0.27374961972236633 -0.4250536561012268 1.1913769245147705
v -0.11710307002067566 -0.4470999836921692 1.2399933338165283
v 0.048113852739334106 -0.42019253969192505 1.203543782234192
v 0.2234279066324234 -0.4368046224117279 1.2139159440994263
v 0.3572975993156433 -0.4063006341457367 1.0923243761062622
v -0.3123987019062042 -0.40800249576568604 1.0915864706039429
v -0.15449881553649902 -0.38848334550857544 1.0562154054641724
v -0.013994934037327766 -0.45195409655570984 1.2595030069351196
v 0.1529676616191864 -0.43729957938194275 1.2269296646118164
v 0.3106045722961426 -0.4157051742076874 1.1680024862289429
v -0.36811965703964233 -0.3908020555973053 1.0818296670913696
v -0.22503477334976196 -0.39062178134918213 1.118376612663269
v -0.08025519549846649 -0.4442163109779358 1.242785096168518
v 0.08228429406881332 -0.3948371708393097 1.0677275657653809
v 0.24227717518806458 -0.4029313027858734 1.1069172620773315
v 0.3614368140697479 -0.3652471899986267 1.0145418643951416
v -0.3003651797771454 -0.4200681447982788 1.1738592386245728
v -0.11890485137701035 -0.3776320517063141 1.0375499725341797
v 0.021072566509246826 -0.42947328090667725 1.2172176837921143
v 0.1864921599626541 -0.4248053729534149 1.2017993927001953
v 0.33005988597869873 -0.4016469717025757 1.1005446910858154
v -0.3386227786540985 -0.3928329646587372 1.087364912033081
v -0.1814732700586319 -0.37859049439430237 1.066428303718567
v -0.04490579292178154 -0.4430094063282013 1.2527167797088623
v 0.11245078593492508 -0.3882365822792053 1.064792513847351
v 0.2900539040565491 -0.42427581548690796 1.2034708261489868
v -0.3972786068916321 -0.3803512454032898 1.079935073852539
v -0.2678527235984802 -0.4155624210834503 1.1873091459274292
v -0.11271724104881287 -0.4372638761997223 1.2381645441055298
v 0.05570875480771065 -0.37809672951698303 1.05038583278656
v 0.2044021636247635 -0.3810727298259735 1.074994444847107
v 0.35581815242767334 -0.3929058313369751 1.081573486328125
v -0.3042747974395752 -0.39350011944770813 1.0796465873718262
v -0.15118417143821716 -0.3778039813041687 1.057875394821167
v -0.0026607103645801544 -0.3947645127773285 1.0948082208633423
v 0.15412764251232147 -0.42531368136405945 1.2208034992218018
v 0.31415337324142456 -0.4074116051197052 1.1645220518112183
v -0.36416399478912354 -0.3823329210281372 1.0804105997085571
v -0.20767390727996826 -0.37004244327545166 1.0538195371627808
v -0.07566125690937042 -0.4330484867095947 1.2395405769348145
v 0.0842553898692131 -0.38337835669517517 1.0691126585006714
v 0.24464155733585358 -0.39271533489227295 1.0981950759887695
v 0.3861321806907654 -0.37691691517829895 1.0742015838623047
v -0.26961979269981384 -0.38845786452293396 1.0690405368804932
v -0.11660218238830566 -0.37340274453163147 1.051821231842041
v 0.022932086139917374 -0.4149976968765259 1.2038296461105347
v 0.18418514728546143 -0.41143280267715454 1.1838371753692627
v 0.3313453197479248 -0.39182573556900024 1.0946484804153442
v -0.33364471793174744 -0.3820478320121765 1.0838780403137207
v -0.17864857614040375 -0.3688494563102722 1.0702708959579468
v -0.040399957448244095 -0.42844775319099426 1.2402502298355103
v 0.11465338617563248 -0.37532147765159607 1.0663461685180664
v 0.2930057644844055 -0.4152582883834839 1.1982622146606445
v -0.3927142322063446 -0.37194958329200745 1.0787907838821411
v -0.26167577505111694 -0.40559813380241394 1.179988145828247
v -0.10726617276668549 -0.42671406269073486 1.2346550226211548
v 0.05647845193743706 -0.3714480996131897 1.0555355548858643
v 0.2088100016117096 -0.3795640170574188 1.0837445259094238
v 0.3558597266674042 -0.3783181309700012 1.0763719081878662
v -0.29906681180000305 -0.3798117935657501 1.0762367248535156
v -0.1473541110754013 -0.36765754222869873 1.0622998476028442
v 0.0004764626210089773 -0.3794749677181244 1.069991946220398
v 0.15261323750019073 -0.4113401174545288 1.2140440940856934
v 0.3165115714073181 -0.39718469977378845 1.1569417715072632
v -0.36027610301971436 -0.3734554946422577 1.0794645547866821
v -0.20487505197525024 -0.36189377307891846 1.0570611953735352
v -0.07094564288854599 -0.42040592432022095 1.2326748371124268
v 0.08698555827140808 -0.3712001144886017 1.0674017667770386
v 0.2422562539577484 -0.39348891377449036 1.1426115036010742
v 0.3873463273048401 -0.36655592918395996 1.0692483186721802
v -0.26466187834739685 -0.3748951852321625 1.0627028942108154
v -0.11561872065067291 -0.37014085054397583 1.0650420188903809
v 0.029274605214595795 -0.3663195073604584 1.0508686304092407
v 0.18600448966026306 -0.3984360694885254 1.1738253831863403
v 0.3323610723018646 -0.3801290690898895 1.090614914894104
v -0.3289327025413513 -0.3716962933540344 1.0809180736541748
v -0.17517802119255066 -0.3609743118286133 1.0660589933395386
v -0.03807270899415016 -0.41527608036994934 1.2315136194229126
v 0.11894142627716064 -0.37188684940338135 1.109007716178894
v 0.2959643006324768 -0.406098872423172 1.192264199256897
v -0.38823971152305603 -0.36473193764686584 1.0709294080734253
v -0.2323509305715561 -0.36034244298934937 1.047515630722046
v -0.10198420286178589 -0.41561177372932434 1.2293974161148071
v 0.058790795505046844 -0.3656556010246277 1.0622684955596924
v 0.21062546968460083 -0.37046581506729126 1.0763700008392334
v 0.3565727174282074 -0.3660275638103485 1.0709627866744995
v -0.2954506278038025 -0.36802956461906433 1.0722521543502808
v -0.14404265582561493 -0.3593001663684845 1.066540241241455
v 0.003557227086275816 -0.36408939957618713 1.0487326383590698
v 0.15000800788402557 -0.36089763045310974 1.0577822923660278
v 0.3076874017715454 -0.37591424584388733 1.1014283895492554
v -0.3565885126590729 -0.3646441698074341 1.079038143157959
v -0.200894296169281 -0.3528996407985687 1.057574987411499
v -0.06681905686855316 -0.4081907868385315 1.2223544120788574
v 0.09120369702577591 -0.359296590089798 1.069627046585083
v 0.26093047857284546 -0.3970368504524231 1.1890696287155151
v 0.3904300630092621 -0.35706549882888794 1.068921446800232
v -0.25906816124916077 -0.3623620569705963 1.0529738664627075
v -0.11349091678857803 -0.3647083044052124 1.0722190141677856
v 0.03151142969727516 -0.3605068027973175 1.0544078350067139
v 0.18878428637981415 -0.38952261209487915 1.178959608078003
v 0.3336161971092224 -0.3678975999355316 1.084806203842163
v -0.32495397329330444 -0.36168164014816284 1.078019618988037
v -0.17173804342746735 -0.3509588837623596 1.0650949478149414
v -0.023082027211785316 -0.3580985367298126 1.0463823080062866
v 0.12083682417869568 -0.3540889620780945 1.0723575353622437
v 0.29847532510757446 -0.3958740532398224 1.1881531476974487
v -0.3859725296497345 -0.3590710759162903 1.0745090246200562
v -0.2295205146074295 -0.35215651988983154 1.0532584190368652
v -0.08248492330312729 -0.36302444338798523 1.050419569015503
v 0.06179764121770859 -0.3569678068161011 1.0641839504241943
v 0.2122931331396103 -0.3595624268054962 1.0689448118209839
v 0.3583529591560364 -0.35517337918281555 1.066057801246643
v -0.2919551432132721 -0.35698866844177246 1.068189024925232
v -0.142316997051239 -0.3531527519226074 1.0816630125045776
v 0.006031489465385675 -0.35207536816596985 1.0395357608795166
v 0.15290722250938416 -0.35108768939971924 1.0564823150634766
v 0.31025105714797974 -0.3685646951198578 1.0977407693862915
v -0.3531589210033417 -0.35587435960769653 1.0811190605163574
v -0.19837458431720734 -0.344145804643631 1.0569027662277222
v -0.04929805546998978 -0.34666135907173157 1.0290731191635132
v 0.09299953281879425 -0.3494884967803955 1.0676707029342651
v 0.2649078071117401 -0.38864460587501526 1.1910481452941895
v 0.39444175362586975 -0.3499171733856201 1.070502519607544
v -0.2517598867416382 -0.3485778570175171 1.0380269289016724
v -0.11017613857984543 -0.3565727770328522 1.0746482610702515
v 0.034055501222610474 -0.35309073328971863 1.0591851472854614
v 0.19497141242027283 -0.3848293423652649 1.1972249746322632
v 0.33529093861579895 -0.3562457859516144 1.079634428024292
v -0.32158106565475464 -0.3516893684864044 1.0799306631088257
v -0.16813808679580688 -0.343039333820343 1.0651494264602661
v -0.02093118615448475 -0.34597253799438477 1.045109510421753
v 0.12253931164741516 -0.34250545501708984 1.0593899488449097
v 0.28667181730270386 -0.36714717745780945 1.111770510673523
v -0.3835292160511017 -0.35256698727607727 1.0771147012710571
v -0.22695767879486084 -0.34315308928489685 1.0583531856536865
v -0.07952374219894409 -0.3528674840927124 1.0492076873779297
v 0.06515553593635559 -0.34710222482681274 1.066159725189209
v 0.23376084864139557 -0.3806841969490051 1.1926032304763794
v 0.36495864391326904 -0.34785473346710205 1.0807747840881348
v -0.2919679880142212 -0.35000041127204895 1.0852394104003906
v -0.13848836719989777 -0.344323992729187 1.0799113512039185
v 0.00827123410999775 -0.34323981404304504 1.0388315916061401
v 0.15474851429462433 -0.3416843116283417 1.0616748332977295
v 0.3109474778175354 -0.3583458662033081 1.0906232595443726
v -0.34940481185913086 -0.3470466434955597 1.0807210206985474
v -0.19551558792591095 -0.3352828621864319 1.0575790405273438
v -0.04972699284553528 -0.3515191972255707 1.1149460077285767
v 0.09538192301988602 -0.3375352919101715 1.0591466426849365
v 0.27017131447792053 -0.3808920681476593 1.1965450048446655
v 0.4024623930454254 -0.3459938168525696 1.0779609680175781
v -0.24652954936027527 -0.3341675102710724 1.0285903215408325
v -0.10690122842788696 -0.3479512631893158 1.0761961936950684
v 0.03695594519376755 -0.3449697494506836 1.062605857849121
v 0.20269979536533356 -0.3822704255580902 1.2169324159622192
v 0.33935660123825073 -0.34681761264801025 1.0869412422180176
v -0.3186397850513458 -0.34286874532699585 1.0814870595932007
v -0.16469311714172363 -0.33393362164497375 1.062296748161316
v -0.017867382615804672 -0.33298224210739136 1.0358684062957764
v 0.1253674179315567 -0.33337393403053284 1.0552297830581665
v 0.29029473662376404 -0.36167722940444946 1.1114990711212158
v -0.38089972734451294 -0.3453228175640106 1.0785841941833496
v -0.2241186499595642 -0.3348534107208252 1.0615185499191284
v -0.0767279863357544 -0.3415323495864868 1.0450762510299683
v 0.06850939989089966 -0.33686283230781555 1.0669726133346558
v 0.24187932908535004 -0.37780141830444336 1.2133128643035889
v 0.3695332705974579 -0.3414992690086365 1.0859822034835815
v -0.29397180676460266 -0.3463282883167267 1.101271152496338
v -0.13519252836704254 -0.3365180790424347 1.078837275505066
v 0.011226018890738487 -0.33624473214149475 1.0414878129959106
v 0.15848013758659363 -0.33163678646087646 1.0529320240020752
v 0.3116542398929596 -0.34524646401405334 1.0765268802642822
v -0.3457219898700714 -0.33849748969078064 1.0809671878814697
v -0.19253294169902802 -0.3269937336444855 1.059175729751587
v -0.04589764028787613 -0.33130890130996704 1.0810743570327759
v 0.0977463498711586 -0.32701531052589417 1.0516518354415894
v 0.27485957741737366 -0.3735277056694031 1.1993565559387207
v 0.4149673581123352 -0.3422505259513855 1.0925742387771606
v -0.2793116867542267 -0.3671175539493561 1.1755732297897339
v -0.1038849800825119 -0.3386557996273041 1.0772520303726196
v 0.040284860879182816 -0.3358291983604431 1.0659618377685547
v 0.20936055481433868 -0.37930476665496826 1.230318307876587
v 0.3420097529888153 -0.33811014890670776 1.088075041770935
v -0.31640195846557617 -0.33509522676467896 1.0857136249542236
v -0.16231366991996765 -0.3267180919647217 1.065788745880127
v -0.018003959208726883 -0.3304102420806885 1.0785564184188843
v 0.12817080318927765 -0.3233940899372101 1.052770733833313
v 0.2913244664669037 -0.3541199862957001 1.1051183938980103
v -0.37780046463012695 -0.3375283479690552 1.0785471200942993
v -0.22173282504081726 -0.327105313539505 1.0640454292297363
v -0.07269125431776047 -0.3263954222202301 1.0353667736053467
v 0.07134651392698288 -0.32761767506599426 1.0665394067764282
v 0.2497522234916687 -0.3768714368343353 1.2344446182250977
v 0.37604576349258423 -0.3372919261455536 1.1007378101348877
v -0.3022293746471405 -0.3496748208999634 1.1389422416687012
v -0.1326918601989746 -0.32853180170059204 1.080069899559021
v 0.014148931950330734 -0.3274866044521332 1.0492405891418457
v 0.17407839000225067 -0.37456226348876953 1.2265905141830444
v 0.31157150864601135 -0.33362817764282227 1.0696378946304321
v -0.34274500608444214 -0.3304935097694397 1.0828349590301514
v -0.18962660431861877 -0.3202035129070282 1.0622005462646484
v -0.04219324141740799 -0.3122640550136566 1.03891122341156
v 0.10029338300228119 -0.31799519062042236 1.049771785736084
v 0.2777806520462036 -0.364422470331192 1.196086049079895
v -0.41921356320381165 -0.336033433675766 1.0893675088882446
v -0.27455201745033264 -0.3590046763420105 1.1716194152832031
v -0.1013897955417633 -0.3291049599647522 1.0788602828979492
v 0.04353761300444603 -0.3268032670021057 1.0696169137954712
v 0.214841827750206 -0.37478795647621155 1.2363307476043701
v 0.34619268774986267 -0.3317330479621887 1.096174716949463
v -0.3162909746170044 -0.33028969168663025 1.0978665351867676
v -0.16038356721401215 -0.32027071714401245 1.07313072681427
v -0.015261819586157799 -0.3182032108306885 1.0712217092514038
v 0.13098804652690887 -0.3152935206890106 1.0543255805969238
v 0.2911281883716583 -0.34170907735824585 1.0943936109542847
v -0.37451598048210144 -0.3294264078140259 1.0782092809677124
v -0.2193354070186615 -0.31961849331855774 1.0643136501312256
v -0.06839603930711746 -0.31496724486351013 1.0517501831054688
v 0.0744209885597229 -0.3179156482219696 1.0623412132263184
v 0.2205904722213745 -0.341765820980072 1.1441700458526611
v 0.3923341929912567 -0.33974409103393555 1.140191912651062
v -0.3048354983329773 -0.35001781582832336 1.1589162349700928
v -0.12977877259254456 -0.3211263418197632 1.0811208486557007
v 0.017311954870820045 -0.31893688440322876 1.0576705932617188
v 0.1796441376209259 -0.37008965015411377 1.2350525856018066
v 0.3121514320373535 -0.3227345943450928 1.0623197555541992
v -0.34123873710632324 -0.32371050119400024 1.0865529775619507
v -0.18660371005535126 -0.31365907192230225 1.0684882402420044
v -0.03735802695155144 -0.2925393879413605 0.9908470511436462
v 0.10385418683290482 -0.3118257522583008 1.0557273626327515
v 0.27811378240585327 -0.35269027948379517 1.181187629699707
v -0.41396772861480713 -0.3288106918334961 1.0954716205596924
v -0.26848334074020386 -0.34891217947006226 1.1658408641815186
v -0.0986921489238739 -0.3201461732387543 1.0828838348388672
v 0.04686238244175911 -0.3182965815067291 1.0755587816238403
v 0.2178664654493332 -0.3644103407859802 1.2250968217849731
v 0.3409546911716461 -0.31858426332473755 1.0637590885162354
v -0.3205932378768921 -0.328788161277771 1.1205885410308838
v -0.15792079269886017 -0.3135635256767273 1.0757396221160889
v -0.014204130508005619 -0.312309205532074 1.0699392557144165
v 0.13447292149066925 -0.3096316456794739 1.058825969696045
v 0.2902776002883911 -0.3274410665035248 1.0811336040496826
v -0.3711943030357361 -0.3217829465866089 1.0775372982025146
v -0.21593625843524933 -0.3121267855167389 1.0627676248550415
v -0.06638834625482559 -0.303300142288208 1.0431734323501587
v 0.07716765254735947 -0.30789920687675476 1.0567760467529297
v 0.22581784427165985 -0.316796213388443 1.0562664270401
v 0.4044298827648163 -0.33883556723594666 1.165669322013855
v -0.30155351758003235 -0.3446181118488312 1.1641470193862915
v -0.12688866257667542 -0.31365036964416504 1.081507682800293
v 0.020284108817577362 -0.31121379137039185 1.0663983821868896
v 0.16697850823402405 -0.3080805540084839 1.0457444190979004
v 0.3129942715167999 -0.3132963478565216 1.0562418699264526
v -0.34412553906440735 -0.3211212754249573 1.1048413515090942
v -0.18455640971660614 -0.30744192004203796 1.075083613395691
v -0.0328042171895504 -0.27901050448417664 0.957290768623352
v 0.10779061913490295 -0.30735746026039124 1.0687321424484253
v 0.2639263868331909 -0.327279269695282 1.086107850074768
v -0.40806376934051514 -0.32018280029296875 1.0931552648544312
v -0.2393827885389328 -0.3042037785053253 1.032451868057251
v -0.09675300866365433 -0.31460827589035034 1.0863726139068604
v 0.04992971941828728 -0.31022387742996216 1.0754412412643433
v 0.19668130576610565 -0.314100444316864 1.0578516721725464
v 0.3830449879169464 -0.34100571274757385 1.2074860334396362
v -0.32272905111312866 -0.3265816867351532 1.1347547769546509
v -0.15551342070102692 -0.30611470341682434 1.078296184539795
v -0.011400002986192703 -0.305042564868927 1.0687810182571411
v 0.1381603628396988 -0.3041285574436188 1.061562418937683
v 0.2896677553653717 -0.31383970379829407 1.0680903196334839
v -0.3676161766052246 -0.3138462007045746 1.0769656896591187
v -0.2123008817434311 -0.3048153519630432 1.062672734260559
v -0.06338372081518173 -0.29385578632354736 1.044384241104126
v 0.07986032217741013 -0.29872819781303406 1.0527610778808594
v 0.2293078750371933 -0.3093620240688324 1.056373119354248
v 0.40585923194885254 -0.329752117395401 1.1635302305221558
v -0.2678374648094177 -0.3024364411830902 1.050865888595581
v -0.12414362281560898 -0.30594557523727417 1.0820382833480835
v 0.023144995793700218 -0.30726557970046997 1.0823816061019897
v 0.1702595055103302 -0.30468854308128357 1.0532495975494385
v 0.3146388828754425 -0.3037213087081909 1.0527740716934204
v -0.3537854850292206 -0.32435789704322815 1.1414356231689453
v -0.18206888437271118 -0.30195051431655884 1.080386757850647
v -0.030010893940925598 -0.2700185775756836 0.9537250399589539
v 0.11379069834947586 -0.3162483274936676 1.116078495979309
v 0.2625792324542999 -0.3140900135040283 1.065051794052124
v -0.40218496322631836 -0.31051933765411377 1.0896353721618652
v -0.25579169392585754 -0.32656097412109375 1.1509435176849365
v -0.09453872591257095 -0.3084471821784973 1.0914620161056519
v 0.052949026226997375 -0.30099084973335266 1.072019100189209
v 0.19660815596580505 -0.3033488392829895 1.0421416759490967
v 0.3851020932197571 -0.3337749242782593 1.2009856700897217
v -0.3191348612308502 -0.32048147916793823 1.1367616653442383
v -0.1528412103652954 -0.2994709610939026 1.0809130668640137
v -0.006793142296373844 -0.29561543464660645 1.0625461339950562
v 0.14188213646411896 -0.3011259436607361 1.0678696632385254
v 0.28885823488235474 -0.30142614245414734 1.0555857419967651
v -0.36394912004470825 -0.3060818016529083 1.076507806777954
v -0.208989217877388 -0.29745304584503174 1.06410813331604
v -0.056817494332790375 -0.2689298689365387 0.9656438827514648
v 0.08297750353813171 -0.2919378876686096 1.055748701095581
v 0.22688980400562286 -0.3032730519771576 1.0637272596359253
v 0.409400999546051 -0.31971320509910583 1.1545183658599854
v -0.2649163603782654 -0.2975081205368042 1.050223708152771
v -0.1213524118065834 -0.29864126443862915 1.083645224571228
v 0.026490002870559692 -0.30033227801322937 1.086358904838562
v 0.1716153472661972 -0.30113357305526733 1.0528429746627808
v 0.3160325288772583 -0.2932836711406708 1.0467392206192017
v -0.35463351011276245 -0.3210095465183258 1.1515638828277588
v -0.17958571016788483 -0.29698047041893005 1.0837717056274414
v -0.027478531002998352 -0.2636377215385437 0.9578388929367065
v 0.11479882895946503 -0.2972617745399475 1.0795836448669434
v 0.2590411901473999 -0.2973666489124298 1.033398985862732
v -0.3976677358150482 -0.30125224590301514 1.08743417263031
v -0.2550862431526184 -0.31964439153671265 1.1591466665267944
v -0.09197289496660233 -0.30107101798057556 1.0928421020507812
v 0.05595342814922333 -0.2917955815792084 1.0678800344467163
v 0.19550591707229614 -0.28918302059173584 1.0213350057601929
v 0.389494389295578 -0.32550525665283203 1.1880840063095093
v -0.28731754422187805 -0.2846734821796417 1.0269345045089722
v -0.14978446066379547 -0.2927511930465698 1.082872986793518
v -0.0037069462705403566 -0.2928607761859894 1.0803039073944092
v 0.1468040645122528 -0.2977740168571472 1.0725411176681519
v 0.2891358435153961 -0.2913200557231903 1.0490859746932983
v -0.36081427335739136 -0.29843348264694214 1.0756577253341675
v -0.2052343636751175 -0.29062333703041077 1.0643423795700073
v -0.05361807718873024 -0.2606005072593689 0.9601487517356873
v 0.08700720965862274 -0.28656458854675293 1.060942530632019
v 0.22814461588859558 -0.2890942692756653 1.0305980443954468
v 0.41381457448005676 -0.31005096435546875 1.1492353677749634
v -0.29472115635871887 -0.32468464970588684 1.1884777545928955
v -0.11827220767736435 -0.2913103699684143 1.0845856666564941
v 0.02906404621899128 -0.29293784499168396 1.0874290466308594
v 0.17194496095180511 -0.292847216129303 1.0446830987930298
v 0.36345285177230835 -0.32476380467414856 1.1982208490371704
v -0.35006779432296753 -0.31093722581863403 1.1476272344589233
v -0.1774040311574936 -0.2907727360725403 1.085489273071289
v -0.024627240374684334 -0.2582869231700897 0.9636606574058533
v 0.11893214285373688 -0.29363566637039185 1.0897595882415771
v 0.2592947781085968 -0.2836593985557556 1.0225235223770142
v -0.39422711730003357 -0.2927681505680084 1.0879875421524048
v -0.2575167119503021 -0.3142918646335602 1.18216872215271
v -0.08877071738243103 -0.2926900088787079 1.0927883386611938
v 0.05903103947639465 -0.28285810351371765 1.0643185377120972
v 0.19540125131607056 -0.2751955986022949 1.0120166540145874
v 0.3925059139728546 -0.3161226511001587 1.183645486831665
v -0.28912603855133057 -0.28458887338638306 1.0440500974655151
v -0.14766722917556763 -0.2861875891685486 1.0858293771743774
v -0.0011905509745702147 -0.2942116856575012 1.1036889553070068
v 0.1497689187526703 -0.29328563809394836 1.0753858089447021
v 0.2910011112689972 -0.28172847628593445 1.0477756261825562
v -0.3762115240097046 -0.3030484616756439 1.1369314193725586
v -0.20210997760295868 -0.28223076462745667 1.0592186450958252
v -0.05046672746539116 -0.25262221693992615 0.9566390514373779
v 0.09683524817228317 -0.3236438035964966 1.2124334573745728
v 0.22864456474781036 -0.27641719579696655 1.0195047855377197
v 0.4159128665924072 -0.29964905977249146 1.1391509771347046
v -0.2911747992038727 -0.31512176990509033 1.1922863721847534
v -0.11547689139842987 -0.2835632562637329 1.0848698616027832
v 0.03136871010065079 -0.2847660779953003 1.0875710248947144
v 0.17266377806663513 -0.27757132053375244 1.0307101011276245
v 0.3673439621925354 -0.31531211733818054 1.1933114528656006
v -0.34613075852394104 -0.3017781972885132 1.1438932418823242
v -0.17612874507904053 -0.2850067913532257 1.0895124673843384
v -0.021631130948662758 -0.2528008222579956 0.9689769148826599
v 0.12374215573072433 -0.28899064660072327 1.0975478887557983
v 0.26135894656181335 -0.27258262038230896 1.0184156894683838
v -0.3857428729534149 -0.28250783681869507 1.0683162212371826
v -0.24792540073394775 -0.2936083972454071 1.1656482219696045
v -0.08487467467784882 -0.2823791205883026 1.0912203788757324
v 0.06229674443602562 -0.27499133348464966 1.0640794038772583
v 0.19646263122558594 -0.2633444666862488 1.0039316415786743
v 0.3952570855617523 -0.3066296875476837 1.1793464422225952
v -0.2837696671485901 -0.2770218849182129 1.0386065244674683
v -0.14469404518604279 -0.27885371446609497 1.0890909433364868
v 0.0018956557614728808 -0.2894178330898285 1.119816780090332
v 0.1514841467142105 -0.2853524684906006 1.0765879154205322
v 0.3334037661552429 -0.3085353970527649 1.203610897064209
v -0.37206369638442993 -0.2952044904232025 1.1346566677093506
v -0.2007918357849121 -0.27422404289245605 1.0616495609283447
v -0.04776950180530548 -0.24578669667243958 0.9572842121124268
v 0.0997564047574997 -0.32064834237098694 1.2438074350357056
v 0.2308773398399353 -0.26594850420951843 1.0127716064453125
v 0.4156354069709778 -0.2893162667751312 1.1247332096099854
v -0.2504214942455292 -0.27072811126708984 1.0199118852615356
v -0.11274661868810654 -0.27564361691474915 1.0849164724349976
v 0.03410981222987175 -0.27589380741119385 1.08444082736969
v 0.18329894542694092 -0.271061509847641 1.0736334323883057
v 0.3700171709060669 -0.30627569556236267 1.188899040222168
v -0.32603514194488525 -0.2830255925655365 1.069872260093689
v -0.17481136322021484 -0.28017905354499817 1.098494052886963
v -0.018401164561510086 -0.2468026727437973 0.9746800661087036
v 0.12791632115840912 -0.28293129801750183 1.1038298606872559
v 0.2633669972419739 -0.262658953666687 1.0154941082000732
v -0.3803577423095703 -0.27425992488861084 1.064831256866455
v -0.21348132193088531 -0.2542571425437927 0.9976322650909424
v -0.08125437051057816 -0.27494940161705017 1.0901376008987427
v 0.06637769937515259 -0.2685966491699219 1.0690351724624634
v 0.19826740026474 -0.25289952754974365 0.9988340139389038
v 0.39658409357070923 -0.2967260777950287 1.17436945438385
v -0.2781188488006592 -0.2668103873729706 1.0339852571487427
v -0.14193914830684662 -0.2722168266773224 1.0909411907196045
v 0.0043569281697273254 -0.2837071120738983 1.1194568872451782
v 0.1660880744457245 -0.2912500202655792 1.1550320386886597
v 0.34577473998069763 -0.3075336217880249 1.234675645828247
v -0.36570125818252563 -0.28595420718193054 1.1237066984176636
v -0.19994914531707764 -0.26941385865211487 1.0740418434143066
v -0.045026663690805435 -0.2395966351032257 0.9601543545722961
v 0.1013321653008461 -0.281983345746994 1.1218302249908447
v 0.23319099843502045 -0.2562226951122284 1.0073447227478027
v 0.41406193375587463 -0.2789716124534607 1.1126108169555664
v -0.24628490209579468 -0.26063257455825806 1.019924283027649
v -0.11006671190261841 -0.26758629083633423 1.0846514701843262
v 0.03723909333348274 -0.2669491767883301 1.0783429145812988
v 0.17910006642341614 -0.2562090754508972 1.0451586246490479
v 0.3728162944316864 -0.29697537422180176 1.187130093574524
v -0.3167109489440918 -0.2710467576980591 1.0509774684906006
v -0.174014613032341 -0.2757877707481384 1.1111468076705933
v -0.014958438463509083 -0.24133509397506714 0.9827765822410583
v 0.13127639889717102 -0.2761131525039673 1.115199327468872
v 0.2655712068080902 -0.2515144944190979 1.012242317199707
v -0.3752232789993286 -0.2658163011074066 1.0606399774551392
v -0.21269524097442627 -0.24700114130973816 1.0007085800170898
v -0.07079286128282547 -0.2394091784954071 0.9754915237426758
v 0.0803685188293457 -0.3178632855415344 1.2748692035675049
v 0.20071616768836975 -0.24471640586853027 0.9963051676750183
v 0.39629223942756653 -0.28594478964805603 1.1677608489990234
v -0.2748432457447052 -0.25659486651420593 1.0315954685211182
v -0.13933342695236206 -0.2647651433944702 1.0938233137130737
v 0.008327798917889595 -0.275019109249115 1.1218968629837036
v 0.1694316565990448 -0.2794272005558014 1.1491365432739258
v 0.34702715277671814 -0.30099552869796753 1.2321285009384155
v -0.3440392315387726 -0.26716533303260803 1.0631593465805054
v -0.2020530104637146 -0.26849958300590515 1.0987629890441895
v -0.04246487841010094 -0.23352591693401337 0.9642603397369385
v 0.11150083690881729 -0.30321958661079407 1.2321785688400269
v 0.2360539734363556 -0.24578718841075897 1.0030934810638428
v 0.4146328270435333 -0.26531463861465454 1.0960419178009033
v -0.24579960107803345 -0.25229862332344055 1.0286283493041992
v -0.10725574195384979 -0.2594568729400635 1.08415949344635
v 0.040086787194013596 -0.2585601806640625 1.076507806777954
v 0.1728373020887375 -0.23893436789512634 0.9845882058143616
v 0.36798447370529175 -0.2838764190673828 1.1498360633850098
v -0.30969002842903137 -0.2587831914424896 1.0462042093276978
v -0.17297524213790894 -0.2707515060901642 1.1225519180297852
v -0.011740077286958694 -0.23724916577339172 0.9934720396995544
v 0.14300672709941864 -0.28827962279319763 1.1988449096679688
v 0.2679964303970337 -0.2400970458984375 1.0092347860336304
v -0.3709017336368561 -0.25749027729034424 1.058348298072815
v -0.21271468698978424 -0.2407509684562683 1.008285641670227
v -0.06764747202396393 -0.2303948551416397 0.9671083688735962
v 0.08296404033899307 -0.30066460371017456 1.2506617307662964
v 0.20363394916057587 -0.2356811761856079 0.9939978718757629
v 0.3945044279098511 -0.27404946088790894 1.1562283039093018
v -0.27010276913642883 -0.2466784566640854 1.027808427810669
v -0.13659492135047913 -0.2583211660385132 1.0963937044143677
v 0.013503375463187695 -0.25949007272720337 1.0966334342956543
v 0.15242129564285278 -0.24154283106327057 1.0121842622756958
v 0.35079336166381836 -0.29079803824424744 1.2170288562774658
v -0.3368794023990631 -0.25573378801345825 1.0549811124801636
v -0.20573200285434723 -0.26892220973968506 1.1287026405334473
v -0.03998357430100441 -0.22768816351890564 0.9691855907440186
v 0.11648134887218475 -0.29059848189353943 1.2232592105865479
v 0.23795291781425476 -0.23460368812084198 0.9995598196983337
v -0.41382256150245667 -0.25219687819480896 1.0743383169174194
v -0.24552090466022491 -0.2465810328722 1.0409983396530151
v -0.10435400903224945 -0.25139811635017395 1.0834050178527832
v 0.043654169887304306 -0.25092342495918274 1.075321912765503
v 0.17412404716014862 -0.2286217212677002 0.9751536250114441
v 0.37790441513061523 -0.27838030457496643 1.1836881637573242
v -0.30325421690940857 -0.2474522888660431 1.04294753074646
v -0.171192929148674 -0.26552265882492065 1.1313374042510986
v -0.022709069773554802 -0.2874971628189087 1.2430051565170288
v 0.14645367860794067 -0.2792605757713318 1.1968473196029663
v 0.27594757080078125 -0.23667801916599274 1.0359934568405151
v -0.36625826358795166 -0.24933503568172455 1.0557918548583984
v -0.21542859077453613 -0.2398272156715393 1.0351893901824951
v -0.06428298354148865 -0.22228750586509705 0.9651015400886536
v 0.08537645637989044 -0.2872830331325531 1.2342076301574707
v 0.20708413422107697 -0.2268299162387848 0.986801266670227
v 0.3880487084388733 -0.2589685916900635 1.1237775087356567
v -0.2657887935638428 -0.23790539801120758 1.0248860120773315
v -0.13366608321666718 -0.2504865229129791 1.097396969795227
v 0.016819685697555542 -0.25021156668663025 1.0915799140930176
v 0.15238235890865326 -0.2313658893108368 0.998988151550293
v 0.34101220965385437 -0.2689237892627716 1.158134937286377
v -0.3320625126361847 -0.24524638056755066 1.0508781671524048
v -0.2066490352153778 -0.2667657732963562 1.1493598222732544
v -0.03725185990333557 -0.22194857895374298 0.9752780795097351
v 0.11949745565652847 -0.2797553837299347 1.2179856300354004
v 0.24383915960788727 -0.22961808741092682 1.0267387628555298
v -0.40069976449012756 -0.24166640639305115 1.0593420267105103
v -0.24325037002563477 -0.23954139649868011 1.0501594543457031
v -0.10141734033823013 -0.24340492486953735 1.0822393894195557
v 0.04712623357772827 -0.24496600031852722 1.076300859451294
v 0.1768290400505066 -0.22020509839057922 0.9772228598594666
v 0.37765756249427795 -0.2682163715362549 1.176603078842163
v -0.29777097702026367 -0.23691262304782867 1.0385329723358154
v -0.16882632672786713 -0.2583589255809784 1.137795329093933
v -0.016428092494606972 -0.2755356431007385 1.2250335216522217
v 0.15087468922138214 -0.27159935235977173 1.2001599073410034
v 0.2949717342853546 -0.24515962600708008 1.1016303300857544
v -0.36081790924072266 -0.24092116951942444 1.0518004894256592
v -0.22296452522277832 -0.24619172513484955 1.0938602685928345
v -0.0617324560880661 -0.2153819352388382 0.9665626287460327
v 0.08769211918115616 -0.2711028754711151 1.2053303718566895
v 0.21913771331310272 -0.2492544949054718 1.1289989948272705
v 0.3708673417568207 -0.23871393501758575 1.0477216243743896
v -0.262019544839859 -0.22881387174129486 1.0195821523666382
v -0.13067100942134857 -0.24378754198551178 1.10181725025177
v 0.019917592406272888 -0.24065910279750824 1.0854068994522095
v 0.15255160629749298 -0.22025559842586517 0.9828695058822632
v 0.34970027208328247 -0.26630154252052307 1.1686898469924927
v -0.32800132036209106 -0.23529790341854095 1.0482087135314941
v -0.20522671937942505 -0.26182234287261963 1.1599823236465454
v -0.034309130162000656 -0.2165626585483551 0.9824368357658386
v 0.12192050367593765 -0.270001083612442 1.2113698720932007
v 0.2637762725353241 -0.24084517359733582 1.1016077995300293
v -0.3932936489582062 -0.23308764398097992 1.0541638135910034
v -0.2826724648475647 -0.26559293270111084 1.237058401107788
v -0.09842570871114731 -0.23550502955913544 1.0808628797531128
v 0.05423685163259506 -0.25748133659362793 1.176284909248352
v 0.217256560921669 -0.26775437593460083 1.1963659524917603
v 0.3623577058315277 -0.24937255680561066 1.1006814241409302
v -0.2926952540874481 -0.2269267588853836 1.0339497327804565
v -0.17793360352516174 -0.2678104341030121 1.2264392375946045
v -0.013145719654858112 -0.2646511495113373 1.2111817598342896
v 0.15506763756275177 -0.2627955377101898 1.199814796447754
v 0.3137878179550171 -0.25412026047706604 1.1580270528793335
v -0.35545316338539124 -0.232131689786911 1.0479708909988403
v -0.22874800860881805 -0.25033003091812134 1.1426423788070679
v -0.05937957391142845 -0.20910678803920746 0.9696564078330994
v 0.0881466493010521 -0.2544398009777069 1.1716195344924927
v 0.25850802659988403 -0.27045220136642456 1.2347254753112793
v 0.3785172998905182 -0.2328258454799652 1.0711075067520142
v -0.2583495080471039 -0.21999146044254303 1.016336441040039
v -0.13833396136760712 -0.25570040941238403 1.1938656568527222
v 0.022477688267827034 -0.23202061653137207 1.0806206464767456
v 0.18837128579616547 -0.2632046341896057 1.203215479850769
v 0.3518643081188202 -0.25925785303115845 1.1649677753448486
v -0.32349929213523865 -0.22615785896778107 1.0449801683425903
v -0.20249292254447937 -0.25529640913009644 1.168835997581482
v -0.03149842470884323 -0.21186795830726624 0.9937847852706909
v 0.12174338847398758 -0.2528759837150574 1.1769282817840576
v 0.2824922204017639 -0.24968673288822174 1.159226417541504
v -0.4172021150588989 -0.24049212038516998 1.135048747062683
v -0.28047558665275574 -0.25706949830055237 1.2352041006088257
v -0.08714092522859573 -0.20812071859836578 0.9896027445793152
v 0.056816745549440384 -0.24435706436634064 1.1552706956863403
v 0.21883434057235718 -0.2577882409095764 1.1919102668762207
v 0.3588293790817261 -0.23708751797676086 1.0832147598266602
v -0.28766894340515137 -0.21741771697998047 1.0288994312286377
v -0.17638429999351501 -0.26059919595718384 1.2335281372070312
v -0.00783747062087059 -0.24659600853919983 1.1720093488693237
v 0.13393640518188477 -0.21373745799064636 1.0046281814575195
v 0.3234874904155731 -0.25544461607933044 1.1768708229064941
v -0.35064536333084106 -0.22357645630836487 1.045141577720642
v -0.22946050763130188 -0.24717392027378082 1.1642463207244873
v -0.05696091055870056 -0.20302562415599823 0.9740010499954224
v 0.08935731649398804 -0.24105417728424072 1.1497435569763184
v 0.26197904348373413 -0.25907468795776367 1.2185418605804443
v 0.38138821721076965 -0.2249017059803009 1.069109559059143
v -0.2553136944770813 -0.21221116185188293 1.0174330472946167
v -0.13804946839809418 -0.2538265883922577 1.2179896831512451
v 0.025293342769145966 -0.22377769649028778 1.077709674835205
v 0.19163912534713745 -0.2534184753894806 1.2016680240631104
v 0.35794597864151 -0.2514009475708008 1.1847331523895264
v -0.3195391297340393 -0.21751998364925385 1.0417330265045166
v -0.1985953152179718 -0.24680383503437042 1.175694227218628
v -0.04003586247563362 -0.2472163736820221 1.2092523574829102
v 0.12235981971025467 -0.23810984194278717 1.1514787673950195
v 0.29199114441871643 -0.24887536466121674 1.1809970140457153
v -0.41870245337486267 -0.23659764230251312 1.1519825458526611
v -0.277273029088974 -0.24918238818645477 1.2276185750961304
v -0.08373922109603882 -0.19956791400909424 0.9782091379165649
v 0.05931323766708374 -0.23274508118629456 1.1390883922576904
v 0.22450488805770874 -0.25054994225502014 1.196984052658081
v 0.3587912619113922 -0.22650209069252014 1.076640248298645
v -0.2833890914916992 -0.20901699364185333 1.0279730558395386
v -0.17234089970588684 -0.2518176734447479 1.2333546876907349
v -0.001906595309264958 -0.22306039929389954 1.0977729558944702
v 0.1344785839319229 -0.2027948945760727 0.9888729453086853
v 0.3259146809577942 -0.24811741709709167 1.1742100715637207
v -0.34688958525657654 -0.21523740887641907 1.044768214225769
v -0.23592442274093628 -0.24525414407253265 1.2128791809082031
v -0.05453326553106308 -0.19716711342334747 0.9800666570663452
v 0.09114754945039749 -0.22907836735248566 1.1337082386016846
v 0.2635554075241089 -0.24652737379074097 1.2086377143859863
v 0.3795284926891327 -0.217344731092453 1.0513545274734497
v -0.2526015341281891 -0.20494551956653595 1.0190550088882446
v -0.13595536351203918 -0.24715867638587952 1.226854681968689
v 0.028774118050932884 -0.2153991460800171 1.074947476387024
v 0.1938498467206955 -0.2415938526391983 1.1891679763793945
v 0.34230732917785645 -0.23235808312892914 1.1122599840164185
v -0.3150932192802429 -0.20894591510295868 1.0401779413223267
v -0.20118123292922974 -0.24392899870872498 1.2232580184936523
v -0.03454669937491417 -0.23369558155536652 1.180860996246338
v 0.12364064902067184 -0.2257932871580124 1.1345114707946777
v 0.29600805044174194 -0.2421087920665741 1.1838659048080444
v -0.41436463594436646 -0.22924526035785675 1.1521151065826416
v -0.2687380313873291 -0.23850344121456146 1.215217113494873
v -0.0803772360086441 -0.19369320571422577 0.9827286005020142
v 0.0617443211376667 -0.22201192378997803 1.1265068054199219
v 0.22952690720558167 -0.24025453627109528 1.1969196796417236
v 0.36045190691947937 -0.21742790937423706 1.0724860429763794
v -0.2823348641395569 -0.20392945408821106 1.0415501594543457
v -0.16681797802448273 -0.24180765450000763 1.2286628484725952
v 0.0014495225623250008 -0.21226413547992706 1.0851706266403198
v 0.15293431282043457 -0.21950620412826538 1.1166273355484009
v 0.32427048683166504 -0.23627077043056488 1.1618478298187256
v -0.34419819712638855 -0.2075083702802658 1.0479035377502441
v -0.23186706006526947 -0.23678401112556458 1.2116687297821045
v -0.05231914296746254 -0.1917489469051361 0.9887295365333557
v 0.09324279427528381 -0.2179902046918869 1.1214582920074463
v 0.26665085554122925 -0.23676425218582153 1.20530366897583
v 0.37357985973358154 -0.20133469998836517 1.0139764547348022
v -0.2498089075088501 -0.1978985071182251 1.0212957859039307
v -0.13211995363235474 -0.23689165711402893 1.2251776456832886
v 0.033240146934986115 -0.21739545464515686 1.130918264389038
v 0.1927315890789032 -0.2254553735256195 1.1582047939300537
v 0.33870697021484375 -0.21822945773601532 1.0936559438705444
v -0.3111281096935272 -0.2008005529642105 1.0397343635559082
v -0.1965220719575882 -0.23467440903186798 1.219802737236023
v -0.03066874109208584 -0.22143544256687164 1.1607426404953003
v 0.12286189943552017 -0.21451187133789062 1.1170597076416016
v 0.29870131611824036 -0.23360706865787506 1.1811304092407227
v -0.40878042578697205 -0.22039014101028442 1.1457748413085938
v -0.2622559368610382 -0.22737570106983185 1.2052974700927734
v -0.07725676149129868 -0.189095601439476 0.9966286420822144
v 0.06406794488430023 -0.21213290095329285 1.1169604063034058
v 0.2325901985168457 -0.22922810912132263 1.1906932592391968
v 0.36288753151893616 -0.209453746676445 1.0705713033676147
v -0.3136955499649048 -0.22594840824604034 1.1734148263931274
v -0.1617945283651352 -0.2324826419353485 1.2213118076324463
v 0.0043652174063026905 -0.20245712995529175 1.0770899057388306
v 0.1545734852552414 -0.20876790583133698 1.1023595333099365
v 0.3213394284248352 -0.22217144072055817 1.1402956247329712
v -0.34337738156318665 -0.20036758482456207 1.0552970170974731
v -0.22738437354564667 -0.2279244214296341 1.2098100185394287
v -0.05001317337155342 -0.18638139963150024 0.9979115724563599
v 0.09566580504179001 -0.20747102797031403 1.111506700515747
v 0.2699110209941864 -0.22779232263565063 1.2022584676742554
v 0.3806992769241333 -0.19447766244411469 1.0191679000854492
v -0.24707648158073425 -0.190980464220047 1.0232391357421875
v -0.12756545841693878 -0.22552774846553802 1.2115960121154785
v 0.0360054112970829 -0.20787395536899567 1.1222457885742188
v 0.1910216063261032 -0.21138730645179749 1.1279511451721191
v 0.3386215269565582 -0.20688115060329437 1.0861047506332397
v -0.30957114696502686 -0.19535496830940247 1.0440502166748047
v -0.19089989364147186 -0.22421443462371826 1.2077107429504395
v -0.02795235440135002 -0.20797227323055267 1.1331406831741333
v 0.11515133827924728 -0.18452689051628113 0.9967147707939148
v 0.30064550042152405 -0.22386434674263 1.1775420904159546
v -0.403870552778244 -0.21226011216640472 1.1418554782867432
v -0.258341908454895 -0.21934659779071808 1.2032840251922607
v -0.0752779096364975 -0.1836940050125122 1.0071016550064087
v 0.06659190356731415 -0.20279525220394135 1.1093538999557495
v 0.23432718217372894 -0.21912917494773865 1.1840940713882446
v 0.36699050664901733 -0.20163781940937042 1.0728400945663452
v -0.31472525000572205 -0.21820726990699768 1.1872308254241943
v -0.153421089053154 -0.21629659831523895 1.182722806930542
v 0.0066957552917301655 -0.19373425841331482 1.0722298622131348
v 0.1556672751903534 -0.19823867082595825 1.0879381895065308
v 0.31919562816619873 -0.20957161486148834 1.1237473487854004
v -0.34395772218704224 -0.1936526596546173 1.0624010562896729
v -0.222157284617424 -0.2188320755958557 1.2030565738677979
v -0.047613825649023056 -0.18065117299556732 1.0060170888900757
v 0.0965278148651123 -0.1979721337556839 1.0991841554641724
v 0.2730104327201843 -0.21818099915981293 1.1981642246246338
v 0.39193466305732727 -0.18935443460941315 1.0325464010238647
v -0.24489726126194 -0.18421129882335663 1.0252563953399658
v -0.12108659744262695 -0.21132254600524902 1.1812059879302979
v 0.03871634230017662 -0.19822686910629272 1.1147425174713135
v 0.1904321014881134 -0.1986655741930008 1.106701135635376
v 0.3401314914226532 -0.197487935423851 1.0823310613632202
v -0.30949750542640686 -0.19002531468868256 1.05308997631073
v -0.18147122859954834 -0.20762768387794495 1.1658192873001099
v -0.021085374057292938 -0.19168312847614288 1.0895698070526123
v 0.12529563903808594 -0.1895715296268463 1.069459319114685
v 0.30223774909973145 -0.2137673795223236 1.172484040260315
v -0.3984518349170685 -0.20360532402992249 1.1377193927764893
v -0.251503586769104 -0.20970971882343292 1.1912150382995605
v -0.0732245221734047 -0.17739850282669067 1.012054204940796
v 0.06909903138875961 -0.19389905035495758 1.102637767791748
v 0.23518845438957214 -0.20792250335216522 1.1717063188552856
v 0.37227585911750793 -0.19470717012882233 1.0787376165390015
v -0.31506773829460144 -0.21167011559009552 1.1960632801055908
v -0.14632219076156616 -0.20179030299186707 1.1526201963424683
v 0.009168547578155994 -0.1855522096157074 1.068738341331482
v 0.1566813886165619 -0.18768160045146942 1.0739775896072388
v 0.3183540105819702 -0.19815649092197418 1.1087055206298828
v -0.3587980270385742 -0.19595089554786682 1.1245639324188232
v -0.2123519778251648 -0.2040604203939438 1.1708300113677979
v -0.04512866586446762 -0.17453859746456146 1.0132720470428467
v 0.09288200736045837 -0.17465989291667938 1.0060551166534424
v 0.27531060576438904 -0.20883263647556305 1.1927828788757324
v 0.40369877219200134 -0.18506845831871033 1.049764633178711
v -0.24245204031467438 -0.17731522023677826 1.0294102430343628
v -0.11521803587675095 -0.19866833090782166 1.1585986614227295
v 0.04130426421761513 -0.18899938464164734 1.1086934804916382
v 0.1904798448085785 -0.18763045966625214 1.089733362197876
v 0.3419910967350006 -0.18930019438266754 1.079106330871582
v -0.3120831847190857 -0.18451587855815887 1.0695819854736328
v -0.1740449070930481 -0.19500598311424255 1.1412506103515625
v -0.017338674515485764 -0.1825370490550995 1.0779929161071777
v 0.12682895362377167 -0.18026836216449738 1.0581756830215454
v 0.30363547801971436 -0.20337678492069244 1.166418194770813
v -0.3910827040672302 -0.19428648054599762 1.1189653873443604
v -0.23007579147815704 -0.18964767456054688 1.1078485250473022
v -0.0707247406244278 -0.1707042008638382 1.0178418159484863
v 0.06819326430559158 -0.17303061485290527 1.0233638286590576
v 0.23168738186359406 -0.1942652016878128 1.1399307250976562
v 0.37803393602371216 -0.18831083178520203 1.0854045152664185
v -0.3135577142238617 -0.20398679375648499 1.1983586549758911
v -0.14053665101528168 -0.18952392041683197 1.1311662197113037
v 0.012049724347889423 -0.17754530906677246 1.0651494264602661
v 0.1577216386795044 -0.1776188462972641 1.060933232307434
v 0.3181665539741516 -0.18813243508338928 1.098783254623413
v -0.3410925269126892 -0.1797824651002884 1.0666732788085938
v -0.2033073455095291 -0.19081315398216248 1.1432058811187744
v -0.042677171528339386 -0.16827285289764404 1.020095705986023
v 0.09433868527412415 -0.16525188088417053 0.9929677248001099
v 0.2777147889137268 -0.19919535517692566 1.1888837814331055
v -0.4307239055633545 -0.18855051696300507 1.1266114711761475
v -0.2751222252845764 -0.20086608827114105 1.194545030593872
v -0.11048045754432678 -0.18756519258022308 1.1419163942337036
v 0.04299953952431679 -0.18076030910015106 1.1032183170318604
v 0.19079649448394775 -0.17743530869483948 1.0752695798873901
v 0.34406688809394836 -0.1809462159872055 1.07624351978302
v -0.3189152777194977 -0.18053299188613892 1.0999215841293335
v -0.16773565113544464 -0.1830948144197464 1.1210483312606812
v -0.014117703773081303 -0.17367559671401978 1.0689665079116821
v 0.12828205525875092 -0.17042730748653412 1.0445375442504883
v 0.30539077520370483 -0.19324196875095367 1.1603164672851562
v -0.3859714865684509 -0.18559516966342926 1.11757230758667
v -0.2152399867773056 -0.1724727302789688 1.0552371740341187
v -0.06817715615034103 -0.16410163044929504 1.0224307775497437
v 0.06985797733068466 -0.16347216069698334 1.0103962421417236
v 0.22955140471458435 -0.18148186802864075 1.1153606176376343
v 0.3829684853553772 -0.1812230795621872 1.0874744653701782
v -0.3116767704486847 -0.19531145691871643 1.2039097547531128
v -0.13561546802520752 -0.1789921224117279 1.1170387268066406
v 0.0152119817212224 -0.16902916133403778 1.062701940536499
v 0.15883322060108185 -0.16797228157520294 1.0482507944107056
v 0.31910398602485657 -0.17897255718708038 1.0941082239151
v -0.3405291438102722 -0.17371878027915955 1.0746103525161743
v -0.1869853138923645 -0.17118234932422638 1.0689232349395752
v -0.04021698236465454 -0.16208533942699432 1.0264869928359985
v 0.10073450207710266 -0.16492542624473572 1.037954330444336
v 0.2800532281398773 -0.19008052349090576 1.1844298839569092
v -0.4238923490047455 -0.18131379783153534 1.1268706321716309
v -0.2741818428039551 -0.18889747560024261 1.1959455013275146
v -0.10623503476381302 -0.17751166224479675 1.1304651498794556
v 0.044599421322345734 -0.1609836369752884 1.0275543928146362
v 0.1912842094898224 -0.16768303513526917 1.0626057386398315
v 0.3467022180557251 -0.1728716343641281 1.0740869045257568
v -0.32532811164855957 -0.17864440381526947 1.1340852975845337
v -0.1611480861902237 -0.17271630465984344 1.1048626899719238
v -0.01119344960898161 -0.1652926355600357 1.0629714727401733
v 0.12976032495498657 -0.1609051376581192 1.032083511352539
v 0.3075549006462097 -0.1836201697587967 1.1563047170639038
v -0.381074458360672 -0.1767224371433258 1.1153528690338135
v -0.2113480269908905 -0.16316862404346466 1.049602746963501
v -0.06563705950975418 -0.1575068235397339 1.026285171508789
v 0.07157538831233978 -0.15530414879322052 1.001541256904602
v 0.2292398065328598 -0.1706700474023819 1.0988638401031494
v 0.3861215114593506 -0.1736057698726654 1.086019515991211
v -0.30878517031669617 -0.18552865087985992 1.203321933746338
v -0.13095073401927948 -0.16974911093711853 1.1073224544525146
v 0.01833702065050602 -0.15922056138515472 1.046210765838623
v 0.1599532514810562 -0.15873077511787415 1.0364761352539062
v 0.32105547189712524 -0.1708885133266449 1.0923370122909546
v -0.3408324420452118 -0.1674094945192337 1.0880626440048218
v -0.18306605517864227 -0.16225171089172363 1.0633575916290283
v -0.03777756914496422 -0.15556015074253082 1.0319883823394775
v 0.10241977125406265 -0.15550164878368378 1.0251542329788208
v 0.28248828649520874 -0.18077808618545532 1.1795921325683594
v -0.4162757992744446 -0.17245617508888245 1.1189073324203491
v -0.26797249913215637 -0.17738211154937744 1.17764413356781
v -0.1022738441824913 -0.1684853434562683 1.1236541271209717
v 0.046191249042749405 -0.15203608572483063 1.0146538019180298
v 0.19193357229232788 -0.15830640494823456 1.05122709274292
v 0.3492076098918915 -0.1650536060333252 1.0724704265594482
v -0.3286808729171753 -0.17441658675670624 1.1572189331054688
v -0.15426693856716156 -0.15926752984523773 1.0699481964111328
v -0.008752933703362942 -0.15745419263839722 1.0589581727981567
v 0.13126841187477112 -0.15169812738895416 1.020180344581604
v 0.31058233976364136 -0.1749204695224762 1.1548398733139038
v -0.3771553337574005 -0.16827574372291565 1.1132121086120605
v -0.20671801269054413 -0.1535816341638565 1.041369915008545
v -0.06323359906673431 -0.15085013210773468 1.0302941799163818
v 0.07660797238349915 -0.15101520717144012 1.0263458490371704
v 0.22918613255023956 -0.16052211821079254 1.0847145318984985
v 0.38848796486854553 -0.16575799882411957 1.0821278095245361
v -0.30454036593437195 -0.17607469856739044 1.2006826400756836
v -0.12482237815856934 -0.15617522597312927 1.0734519958496094
v 0.020989535376429558 -0.14931727945804596 1.029041051864624
v 0.16105352342128754 -0.14974786341190338 1.025334358215332
v 0.324078768491745 -0.16366924345493317 1.097594976425171
v -0.3438962996006012 -0.1624506562948227 1.1095945835113525
v -0.17872893810272217 -0.15339165925979614 1.0560742616653442
v -0.03504597395658493 -0.14924019575119019 1.036860704421997
v 0.1041765958070755 -0.14636337757110596 1.0129351615905762
v 0.2842383086681366 -0.17140324413776398 1.1730273962020874
v -0.40792304277420044 -0.16279327869415283 1.1092040538787842
v -0.25699087977409363 -0.1641843169927597 1.1439257860183716
v -0.09836815297603607 -0.15937687456607819 1.1162364482879639
v 0.050487276166677475 -0.14757266640663147 1.0365278720855713
v 0.19277703762054443 -0.1492086946964264 1.0407406091690063
v 0.3531627655029297 -0.15759126842021942 1.0731744766235352
v -0.3285132646560669 -0.1680259257555008 1.1690961122512817
v -0.15027767419815063 -0.15065471827983856 1.063058614730835
v -0.005827407352626324 -0.14809253811836243 1.0471651554107666
v 0.1328742951154709 -0.14291059970855713 1.0091500282287598
v 0.31392234563827515 -0.16605907678604126 1.1559457778930664
v -0.3734300434589386 -0.16011247038841248 1.110740065574646
v -0.21609973907470703 -0.15529124438762665 1.10149347782135
v -0.06065398454666138 -0.144289031624794 1.0341652631759644
v 0.07866398245096207 -0.1419009566307068 1.0131945610046387
v 0.22954419255256653 -0.15081602334976196 1.0725880861282349
v 0.38982734084129333 -0.15715710818767548 1.0786148309707642
v -0.30015629529953003 -0.16618835926055908 1.195754885673523
v -0.12069579213857651 -0.1473291665315628 1.0655428171157837
v 0.023329857736825943 -0.14045388996601105 1.016584873199463
v 0.16212210059165955 -0.14088614284992218 1.0148431062698364
v 0.32970917224884033 -0.15710291266441345 1.1075029373168945
v -0.34810835123062134 -0.15855105221271515 1.1338378190994263
v -0.17435407638549805 -0.14474499225616455 1.049155831336975
v -0.03220737352967262 -0.14271628856658936 1.0408368110656738
v 0.10583636909723282 -0.13743378221988678 1.0011729001998901
v 0.28373175859451294 -0.1605805605649948 1.1598637104034424
v -0.3998394012451172 -0.15285123884677887 1.101040244102478
v -0.247630774974823 -0.15265855193138123 1.1189512014389038
v -0.09010888636112213 -0.14346541464328766 1.0619237422943115
v 0.0528876855969429 -0.13894228637218475 1.0239496231079102
v 0.19376865029335022 -0.14034533500671387 1.0310313701629639
v 0.35850584506988525 -0.1498262882232666 1.0790162086486816
v -0.32727134227752686 -0.16061311960220337 1.1785728931427002
v -0.14631469547748566 -0.14202454686164856 1.0562492609024048
v -0.003043966833502054 -0.13873107731342316 1.033546805381775
v 0.13447579741477966 -0.13442166149616241 0.9991647601127625
v 0.31728866696357727 -0.15785625576972961 1.1570430994033813
v -0.36849597096443176 -0.15217578411102295 1.1090729236602783
v -0.20927028357982635 -0.14502890408039093 1.0871870517730713
v -0.05835478752851486 -0.13780224323272705 1.038338541984558
v 0.08053924143314362 -0.1327599138021469 0.9999606609344482
v 0.23017539083957672 -0.14158445596694946 1.061767578125
v 0.39066553115844727 -0.14771124720573425 1.0731593370437622
v -0.29301148653030396 -0.15620985627174377 1.1837317943572998
v -0.11653890460729599 -0.13888627290725708 1.0581471920013428
v 0.027005337178707123 -0.13561883568763733 1.0441888570785522
v 0.16328173875808716 -0.13233906030654907 1.0055022239685059
v 0.336967796087265 -0.15062183141708374 1.1204982995986938
v -0.3507826328277588 -0.15357187390327454 1.1522666215896606
v -0.17639106512069702 -0.1399647444486618 1.074918270111084
v -0.029552293941378593 -0.1362861692905426 1.044376254081726
v 0.10761454701423645 -0.1288108080625534 0.9904645085334778
v 0.28290966153144836 -0.15006041526794434 1.144538402557373
v -0.39272332191467285 -0.1436028629541397 1.0944359302520752
v -0.24029800295829773 -0.14213953912258148 1.0999914407730103
v -0.08662860840559006 -0.1351354569196701 1.0539801120758057
v 0.05526525527238846 -0.12918080389499664 1.0082478523254395
v 0.19489280879497528 -0.13174542784690857 1.021963119506836
v 0.3647896647453308 -0.14320741593837738 1.0881831645965576
v -0.32819119095802307 -0.15437912940979004 1.2007770538330078
v -0.1424877643585205 -0.1340644210577011 1.0508038997650146
v 0.00017814620514400303 -0.12898342311382294 1.0198637247085571
v 0.1360185593366623 -0.126142680644989 0.9902675747871399
v 0.3206675350666046 -0.14994153380393982 1.1593817472457886
v -0.3632294535636902 -0.14395460486412048 1.10719633102417
v -0.20353110134601593 -0.1352139264345169 1.074217677116394
v -0.05611921474337578 -0.13136906921863556 1.042588472366333
v 0.08222709596157074 -0.1238216683268547 0.9870699644088745
v 0.23107174038887024 -0.13270266354084015 1.0520613193511963
v 0.41297149658203125 -0.14750730991363525 1.146411418914795
v -0.2786371409893036 -0.1428019106388092 1.14021897315979
v -0.11251313239336014 -0.1308230608701706 1.0518854856491089
v 0.029284728690981865 -0.12658549845218658 1.0296316146850586
v 0.16458435356616974 -0.1240517869591713 0.9971958994865417
v 0.34600749611854553 -0.14465293288230896 1.1377406120300293
v -0.35052111744880676 -0.14679452776908875 1.1622060537338257
v -0.17166028916835785 -0.13106606900691986 1.0658615827560425
v -0.0245245099067688 -0.12246247380971909 1.0010349750518799
v 0.10952379554510117 -0.12050321698188782 0.9810298085212708
v 0.28214314579963684 -0.14025969803333282 1.128374457359314
v -0.37979796528816223 -0.13294221460819244 1.067978858947754
v -0.23362736403942108 -0.13198058307170868 1.0840203762054443
v -0.08342762291431427 -0.12778957188129425 1.048570156097412
v 0.05764555558562279 -0.11963355541229248 0.9922879934310913
v 0.19618521630764008 -0.12335723638534546 1.013680338859558
v 0.37042325735092163 -0.13582970201969147 1.0951182842254639
v -0.3232448399066925 -0.1449696123600006 1.1948785781860352
v -0.14344783127307892 -0.12831592559814453 1.0715676546096802
v 0.003193159122020006 -0.12359960377216339 1.0504597425460815
v 0.13757076859474182 -0.11807960271835327 0.9825042486190796
v 0.3237982392311096 -0.14206217229366302 1.1635972261428833
v -0.361145555973053 -0.13612565398216248 1.107876181602478
v -0.19828586280345917 -0.12600912153720856 1.0624295473098755
v -0.05429472774267197 -0.12441478669643402 1.0452591180801392
v 0.08396957814693451 -0.11545176804065704 0.9761754274368286
v 0.23217517137527466 -0.12408087402582169 1.0434621572494507
v 0.42658376693725586 -0.14297516644001007 1.1717232465744019
v -0.26865333318710327 -0.13112621009349823 1.11336350440979
v -0.10890544205904007 -0.12287801504135132 1.0483121871948242
v 0.031255148351192474 -0.11612391471862793 1.0089727640151978
v 0.16602307558059692 -0.11604960262775421 0.9899707436561584
v 0.35406193137168884 -0.13779579102993011 1.1514464616775513
v -0.3492424488067627 -0.1388586312532425 1.1700778007507324
v -0.167270690202713 -0.12261756509542465 1.0576646327972412
v -0.020820170640945435 -0.11133112758398056 0.9630805253982544
v 0.1114274188876152 -0.1124701201915741 0.9729134440422058
v 0.28201526403427124 -0.13075685501098633 1.1158041954040527
v -0.37402331829071045 -0.12491630017757416 1.064780592918396
v -0.22749944031238556 -0.1221792921423912 1.0698515176773071
v -0.07998675107955933 -0.12024377286434174 1.0417163372039795
v 0.06166798621416092 -0.09203997999429703 0.781097412109375
v 0.19762922823429108 -0.11515342444181442 1.006345510482788
v 0.37521615624427795 -0.12842527031898499 1.100257396697998
v -0.3173133134841919 -0.13435794413089752 1.1873159408569336
v -0.13959144055843353 -0.1204736977815628 1.0673202276229858
v 0.006251446902751923 -0.10175071656703949 0.8916763663291931
v 0.13913540542125702 -0.11024651676416397 0.9755935072898865
v 0.32781726121902466 -0.13306854665279388 1.1626254320144653
v -0.36472657322883606 -0.1302052140235901 1.1257712841033936
v -0.1933211386203766 -0.11702068895101547 1.0509984493255615
v -0.04679987579584122 -0.10973388701677322 0.9904166460037231
v 0.08586003631353378 -0.107524074614048 0.967136025428772
v 0.23335164785385132 -0.11571387201547623 1.0357680320739746
v 0.43983736634254456 -0.1380304992198944 1.1899205446243286
v -0.26062169671058655 -0.12039686739444733 1.0942012071609497
v -0.10607317090034485 -0.1159621998667717 1.0476993322372437
v 0.03129160776734352 -0.09122206270694733 0.8292474746704102
v 0.16761653125286102 -0.10827998071908951 0.9836493730545044
v 0.36092111468315125 -0.13094575703144073 1.1605265140533447
v -0.35016778111457825 -0.1311999261379242 1.1941189765930176
v -0.16314156353473663 -0.1142815351486206 1.0494338274002075
v -0.01785995438694954 -0.10109679400920868 0.93388432264328
v 0.11329653859138489 -0.10465225577354431 0.9658723473548889
v 0.28161484003067017 -0.121437206864357 1.103473424911499
v -0.3718593418598175 -0.11713014543056488 1.0664408206939697
v -0.22169505059719086 -0.11286137998104095 1.0570640563964844
v -0.07405702024698257 -0.1082516461610794 1.0125510692596436
v 0.06087449565529823 -0.10342922806739807 0.9641954898834229
v 0.19924217462539673 -0.1071493998169899 1.0000040531158447
v 0.38099342584609985 -0.12123130261898041 1.1085126399993896
v -0.30654704570770264 -0.12287193536758423 1.1598623991012573
v -0.13594605028629303 -0.11228582262992859 1.0622482299804688
v 0.008905117399990559 -0.09163860976696014 0.8780084848403931
v 0.14077916741371155 -0.1026110127568245 0.9694895148277283
v 0.3339349031448364 -0.12591318786144257 1.1748415231704712
v -0.36989089846611023 -0.12439681589603424 1.1507548093795776
v -0.18848171830177307 -0.10822697728872299 1.0402705669403076
v -0.043798670172691345 -0.10072973370552063 0.9663335084915161
v 0.0878990963101387 -0.09979850053787231 0.9593570232391357
v 0.23468254506587982 -0.10760300606489182 1.028826117515564
v 0.4514624774456024 -0.1296285092830658 1.1956570148468018
v -0.25319164991378784 -0.11073416471481323 1.0780794620513916
v -0.09935809671878815 -0.10417196154594421 1.010969638824463
v 0.03523434326052666 -0.10000336170196533 0.9640176892280579
v 0.16940180957317352 -0.1006564050912857 0.9782329797744751
v 0.36743947863578796 -0.12343232333660126 1.1683697700500488
v -0.3473733067512512 -0.1225336492061615 1.1945149898529053
v -0.1590094268321991 -0.1057705506682396 1.0404298305511475
v -0.016730643808841705 -0.10139847546815872 0.9957169890403748
v 0.11518540233373642 -0.09710841625928879 0.9596036672592163
v 0.28172069787979126 -0.11208625882863998 1.0927414894104004
v -0.371547132730484 -0.10969958454370499 1.0735270977020264
v -0.21609820425510406 -0.10365379601716995 1.0447449684143066
v -0.07021013647317886 -0.09886828809976578 0.9949295520782471
v 0.0630229264497757 -0.09560901671648026 0.9557492733001709
v 0.20099326968193054 -0.09940280765295029 0.9946514368057251
v 0.38885048031806946 -0.11410824954509735 1.1201295852661133
v -0.29316556453704834 -0.11076927185058594 1.122539758682251
v -0.13207212090492249 -0.10428448021411896 1.054350733757019
v 0.011270648799836636 -0.09649130702018738 0.9714581966400146
v 0.14255358278751373 -0.09511583298444748 0.9640845060348511
v 0.3378104567527771 -0.11721541732549667 1.1748385429382324
v -0.371727854013443 -0.11694411933422089 1.1661627292633057
v -0.18381981551647186 -0.09960857033729553 1.0307732820510864
v -0.04294703155755997 -0.09682789444923401 1.0047940015792847
v 0.09006032347679138 -0.09224436432123184 0.9525936841964722
v 0.2361748069524765 -0.09965714812278748 1.0226101875305176
v -0.4361830949783325 -0.10702173411846161 1.1126989126205444
v -0.22422988712787628 -0.09375845640897751 0.9390968680381775
v -0.09501293301582336 -0.09527596086263657 0.9958894848823547
v 0.038118984550237656 -0.09164244681596756 0.9548199772834778
v 0.1713632196187973 -0.09321155399084091 0.9736170172691345
v 0.37300199270248413 -0.11574384570121765 1.1730444431304932
v -0.3427719473838806 -0.11336212605237961 1.1907110214233398
v -0.1551842838525772 -0.09729630500078201 1.0321530103683472
v -0.013562933541834354 -0.09346219897270203 0.9839270710945129
v 0.11711686849594116 -0.0897790938615799 0.9539758563041687
v 0.2819131016731262 -0.10300138592720032 1.082389235496521
v -0.3774593770503998 -0.10365951061248779 1.096357822418213
v -0.1971418857574463 -0.08979500085115433 0.9605256915092468
v -0.06681086122989655 -0.0910361036658287 0.9852017760276794
v 0.06526567041873932 -0.08804021775722504 0.9484342336654663
v 0.20279191434383392 -0.09189499914646149 0.9901493787765503
v 0.397556334733963 -0.10700934380292892 1.133194923400879
v -0.28446900844573975 -0.10072363168001175 1.101373314857483
v -0.11952173709869385 -0.09028010815382004 0.9844330549240112
v 0.01394558884203434 -0.08801589906215668 0.9588316679000854
v 0.14441442489624023 -0.08776542544364929 0.9593402147293091
v 0.3404259979724884 -0.10911837965250015 1.1728622913360596
v -0.37169718742370605 -0.1090642586350441 1.1762257814407349
v -0.17936187982559204 -0.0913453996181488 1.0221549272537231
v -0.041406888514757156 -0.09211606532335281 1.022047519683838
v 0.09222321212291718 -0.0849188044667244 0.9466828107833862
v 0.2378585785627365 -0.0918467566370964 1.0172680616378784
v -0.41959673166275024 -0.09984239190816879 1.1088558435440063
v -0.24014081060886383 -0.09327507019042969 1.0487853288650513
v -0.09053688496351242 -0.0863795354962349 0.9777547717094421
v 0.04091589152812958 -0.08388535678386688 0.9468148350715637
v 0.17346307635307312 -0.08595386892557144 0.9696714878082275
v 0.37735602259635925 -0.10752962529659271 1.1752691268920898
v -0.33743947744369507 -0.10374587029218674 1.183776617050171
v -0.15190984308719635 -0.08970344811677933 1.024185299873352
v -0.010435066185891628 -0.08441425859928131 0.9679194092750549
v 0.11910217255353928 -0.08263610303401947 0.9489476680755615
v 0.28248074650764465 -0.09442783147096634 1.074040412902832
v -0.3891928493976593 -0.09996941685676575 1.1391746997833252
v -0.20535066723823547 -0.08789986371994019 1.0237908363342285
v -0.06578069180250168 -0.08586689829826355 1.0247583389282227
v 0.06755967438220978 -0.08071117103099823 0.9421511292457581
v 0.2047233134508133 -0.08459527045488358 0.9864445924758911
v 0.4254111647605896 -0.10672590881586075 1.218197226524353
v -0.27644312381744385 -0.09119769185781479 1.0829920768737793
v -0.11510620266199112 -0.08195822685956955 0.9708051681518555
v 0.01669147238135338 -0.0802079513669014 0.949552059173584
v 0.146403968334198 -0.08060251176357269 0.9552555680274963
v 0.3435783088207245 -0.10071397572755814 1.1727615594863892
v -0.3701198399066925 -0.10050445795059204 1.1821056604385376
v -0.1748293787240982 -0.08356796950101852 1.011963129043579
v -0.03571993112564087 -0.08153264224529266 0.9830552935600281
v 0.0943404883146286 -0.0778120830655098 0.9414321184158325
v 0.2397134155035019 -0.08414129912853241 1.012905478477478
v -0.4202516973018646 -0.09331761300563812 1.126699686050415
v -0.23507679998874664 -0.0844508484005928 1.0388628244400024
v -0.0909157544374466 -0.08142378181219101 1.0120998620986938
v 0.04349427670240402 -0.07654653489589691 0.939997673034668
v 0.17561930418014526 -0.07886381447315216 0.9662866592407227
v 0.3813138008117676 -0.09913581609725952 1.1754752397537231
v -0.32906094193458557 -0.0938321202993393 1.1659067869186401
v -0.13817913830280304 -0.07667461037635803 0.9598945379257202
v -0.007600827142596245 -0.07641368359327316 0.9559577107429504
v 0.12115788459777832 -0.07566595822572708 0.9445285797119141
v 0.28367650508880615 -0.0861772894859314 1.0675121545791626
v -0.39459988474845886 -0.09478843212127686 1.1602518558502197
v -0.2012026011943817 -0.07986769825220108 1.0158989429473877
v -0.06381144374608994 -0.07990477979183197 1.0189355611801147
v 0.06993021816015244 -0.07352927327156067 0.9366132616996765
v 0.206818625330925 -0.07733006775379181 0.9834413528442383
v 0.43101948499679565 -0.09885465353727341 1.2201863527297974
v -0.26945289969444275 -0.08208869397640228 1.0676337480545044
v -0.1112479567527771 -0.07449466735124588 0.9628947377204895
v 0.019280044361948967 -0.07275669276714325 0.9416888356208801
v 0.14853470027446747 -0.07362139970064163 0.9516942501068115
v 0.3475584089756012 -0.09275984764099121 1.172925591468811
v -0.3682031035423279 -0.0921093076467514 1.1949763298034668
v -0.17083755135536194 -0.07639174908399582 1.0026323795318604
v -0.03228182718157768 -0.07320785522460938 0.9648085832595825
v 0.09645700454711914 -0.07088841497898102 0.9367731213569641
v 0.2416931390762329 -0.07659178972244263 1.0094355344772339
v -0.4212530851364136 -0.08791417628526688 1.1378902196884155
v -0.23023736476898193 -0.07636511325836182 1.0302690267562866
v -0.08815209567546844 -0.07488030195236206 1.0111948251724243
v 0.04593362286686897 -0.06940297037363052 0.9340575933456421
v 0.17777788639068604 -0.07179704308509827 0.9633726477622986
v 0.38452115654945374 -0.09058935940265656 1.1739901304244995
v -0.3152022361755371 -0.08301596343517303 1.128725528717041
v -0.1341027468442917 -0.06855534017086029 0.9504603743553162
v -0.00480230525135994 -0.06884606927633286 0.9463088512420654
v 0.12324465066194534 -0.06881392747163773 0.9407017827033997
v 0.285338431596756 -0.07820138335227966 1.0624558925628662
v -0.3916821777820587 -0.08736345916986465 1.1575555801391602
v -0.19673699140548706 -0.07233273237943649 1.0089585781097412
v -0.05993931367993355 -0.07158444076776505 0.9987761974334717
v 0.07232127338647842 -0.06657064706087112 0.9317061901092529
v 0.20903119444847107 -0.07014548033475876 0.9809898138046265
v 0.4351930618286133 -0.09077513962984085 1.219239354133606
v -0.26325178146362305 -0.07375280559062958 1.0555775165557861
v -0.11266262084245682 -0.07003624737262726 0.9999743700027466
v 0.021879466250538826 -0.06549571454524994 0.9349361062049866
v 0.1507311761379242 -0.06672709435224533 0.948613703250885
v 0.35131901502609253 -0.08425044268369675 1.1730986833572388
v -0.36459898948669434 -0.08318354934453964 1.1945494413375854
v -0.16669118404388428 -0.06898612529039383 0.9971922039985657
v -0.029257740825414658 -0.0653953030705452 0.9529052376747131
v 0.09859554469585419 -0.06413456052541733 0.9326885342597961
v 0.243766650557518 -0.06918033212423325 1.006742000579834
v -0.4192652404308319 -0.08117526769638062 1.1387535333633423
v -0.22561173141002655 -0.06879159808158875 1.0225402116775513
v -0.08463413268327713 -0.06749444454908371 1.0031533241271973
v 0.04832109436392784 -0.06242125853896141 0.9289313554763794
v 0.17994864284992218 -0.06479516625404358 0.9608758091926575
v 0.3876381516456604 -0.08223242312669754 1.170905590057373
v -0.3050358295440674 -0.0733594298362732 1.1053404808044434
v -0.13728392124176025 -0.06565795093774796 0.991291344165802
v -0.0019881699699908495 -0.06160636246204376 0.9383293390274048
v 0.12536251544952393 -0.06200261041522026 0.9373763203620911
v 0.2871786952018738 -0.07032360881567001 1.0581202507019043
v -0.3848733603954315 -0.07863028347492218 1.1475913524627686
v -0.1925540715456009 -0.06497181206941605 1.0024735927581787
v -0.054292239248752594 -0.06238863244652748 0.9712274074554443
v 0.07466891407966614 -0.0597749724984169 0.9274031519889832
v 0.21138142049312592 -0.06306938827037811 0.9790389537811279
v 0.43857505917549133 -0.08206363022327423 1.2155632972717285
v -0.25763416290283203 -0.06583552062511444 1.0456024408340454
v -0.10893193632364273 -0.06274142116308212 0.9931978583335876
v 0.024465816095471382 -0.05846575275063515 0.9290165901184082
v 0.15296989679336548 -0.05984789878129959 0.9458944201469421
v 0.35498809814453125 -0.07574661076068878 1.173231840133667
v -0.36021822690963745 -0.07483763247728348 1.1906875371932983
v -0.16258440911769867 -0.061388049274683 0.99103844165802
v -0.026218822225928307 -0.05803719907999039 0.9437023401260376
v 0.10082247108221054 -0.0574311800301075 0.929142951965332
v 0.24612931907176971 -0.06191423162817955 1.0047916173934937
v -0.4085269570350647 -0.0724622905254364 1.120790958404541
v -0.22112038731575012 -0.06128412112593651 1.0154012441635132
v -0.08128511905670166 -0.059972722083330154 0.9935598373413086
v 0.05077751353383064 -0.05562950298190117 0.9244092702865601
v 0.18220654129981995 -0.05784858763217926 0.9587599635124207
v 0.3904249966144562 -0.07347701489925385 1.1668466329574585
v -0.29679572582244873 -0.06441899389028549 1.087772011756897
v -0.13341446220874786 -0.058126550167798996 0.9854512214660645
v 0.0008348934352397919 -0.05460403859615326 0.9316003322601318
v 0.12753300368785858 -0.05518368259072304 0.9344258308410645
v 0.2891809940338135 -0.06253346055746078 1.0546448230743408
v -0.3772687017917633 -0.06931178271770477 1.1362894773483276
v -0.18862579762935638 -0.057586267590522766 0.9964521527290344
v -0.05088255926966667 -0.05476680397987366 0.956961452960968
v 0.07697584480047226 -0.053004827350378036 0.9236207008361816
v 0.21386323869228363 -0.05609920248389244 0.9774417281150818
v 0.44171246886253357 -0.07318530976772308 1.2104767560958862
v -0.2523857057094574 -0.058009661734104156 1.036757230758667
v -0.10534659773111343 -0.05536273866891861 0.9855768084526062
v 0.027042750269174576 -0.051643822342157364 0.9238851070404053
v 0.15520431101322174 -0.05300411581993103 0.943454921245575
v 0.35740819573402405 -0.06734097748994827 1.1703659296035767
v -0.3560485541820526 -0.06497976183891296 1.1858208179473877
v -0.15867085754871368 -0.05399707704782486 0.9851787090301514
v -0.023346727713942528 -0.0509803332388401 0.9362284541130066
v 0.10308421403169632 -0.05072152987122536 0.9260176420211792
v 0.24860358238220215 -0.054736506193876266 1.0034507513046265
v -0.3942034840583801 -0.0626348927617073 1.0958150625228882
v -0.21679772436618805 -0.05371583253145218 1.0086562633514404
v -0.07764194160699844 -0.05213683843612671 0.9807837605476379
v 0.05324365571141243 -0.04891327768564224 0.9203634262084961
v 0.1845552772283554 -0.05096591264009476 0.9569637775421143
v 0.39385485649108887 -0.06508160382509232 1.1641836166381836
v -0.289416640996933 -0.05577855557203293 1.0732725858688354
v -0.12989263236522675 -0.050901032984256744 0.9795568585395813
v 0.0035731422249227762 -0.04778508096933365 0.9258165955543518
v 0.12974031269550323 -0.04842175170779228 0.9317901134490967
v 0.29144009947776794 -0.05478593334555626 1.0520941019058228
v -0.37030887603759766 -0.059993818402290344 1.1288065910339355
v -0.18483151495456696 -0.05013652890920639 0.9907119870185852
v -0.04775761067867279 -0.0474381260573864 0.9467166662216187
v 0.07927566021680832 -0.04626201093196869 0.9202462434768677
v 0.21645841002464294 -0.04922795668244362 0.9761767387390137
v 0.4451037049293518 -0.06456989049911499 1.204935908317566
v -0.24742096662521362 -0.05019785091280937 1.0285794734954834
v -0.10179281234741211 -0.047916099429130554 0.9772736430168152
v 0.029546216130256653 -0.04497608542442322 0.9193556308746338
v 0.15746311843395233 -0.046213191002607346 0.9413096308708191
v 0.35953524708747864 -0.058266520500183105 1.1669400930404663
v -0.35120660066604614 -0.05651403218507767 1.1812739372253418
v -0.15506161749362946 -0.046690985560417175 0.9796781539916992
v -0.020560719072818756 -0.04409369081258774 0.9299035668373108
v 0.1053394079208374 -0.04401619732379913 0.9232256412506104
v 0.25111719965934753 -0.047584958374500275 1.0025160312652588
v -0.3832167685031891 -0.052580855786800385 1.0800241231918335
v -0.21264688670635223 -0.046142783015966415 1.0023008584976196
v -0.07359436899423599 -0.04422075301408768 0.965591311454773
v 0.05568693205714226 -0.042222846299409866 0.9167357683181763
v 0.18702097237110138 -0.04412856698036194 0.955472469329834
v 0.3973955512046814 -0.056684985756874084 1.1631656885147095
v -0.2827102243900299 -0.04741944000124931 1.0608582496643066
v -0.12638121843338013 -0.04358554258942604 0.9733613133430481
v 0.0062295254319906235 -0.041046787053346634 0.9207385778427124
v 0.1319887489080429 -0.04170941933989525 0.9294576644897461
v 0.294068306684494 -0.04723940044641495 1.0511102676391602
v -0.3660334348678589 -0.05085388571023941 1.1299079656600952
v -0.18114735186100006 -0.042678043246269226 0.9852906465530396
v -0.04468356445431709 -0.04041289910674095 0.9386401176452637
v 0.08156955987215042 -0.03955303132534027 0.9172542691230774
v 0.21908143162727356 -0.042377252131700516 0.9752587676048279
v 0.43110227584838867 -0.052724819630384445 1.1286206245422363
v -0.2426861673593521 -0.04252151772379875 1.0210448503494263
v -0.09824123233556747 -0.04044010490179062 0.9687886834144592
v 0.032032955437898636 -0.038350049406290054 0.9153205752372742
v 0.1597822606563568 -0.03944884613156319 0.9394748210906982
v 0.3622558116912842 -0.050186943262815475 1.1658529043197632
v -0.34151291847229004 -0.04707454517483711 1.160373568534851
v -0.15148919820785522 -0.0393686443567276 0.9744390249252319
v -0.01782463863492012 -0.03727024421095848 0.9243787527084351
v 0.10761675238609314 -0.03732142224907875 0.920742928981781
v 0.2537440359592438 -0.04043396934866905 1.0020816326141357
v -0.37418049573898315 -0.04357761889696121 1.0663282871246338
v -0.2086423635482788 -0.03870049864053726 0.9963715672492981
v -0.06997254490852356 -0.036870259791612625 0.9535069465637207
v 0.05812547355890274 -0.03553206846117973 0.9135096669197083
v 0.1896059513092041 -0.03728969022631645 0.954299807548523
v 0.4007079601287842 -0.0482935793697834 1.1630146503448486
v -0.2766348123550415 -0.03937101364135742 1.050249457359314
v -0.12288574874401093 -0.036285728216171265 0.9672021865844727
v 0.008812667801976204 -0.03438310697674751 0.916218101978302
v 0.13426990807056427 -0.03503193333745003 0.9273839592933655
v 0.29731452465057373 -0.03990365192294121 1.051503300666809
v -0.36448508501052856 -0.04222963750362396 1.1382216215133667
v -0.1775408387184143 -0.0353488065302372 0.9801210761070251
v -0.04168834909796715 -0.033542416989803314 0.9318333864212036
v 0.08385757356882095 -0.03295378386974335 0.9146119952201843
v 0.22170567512512207 -0.035517629235982895 0.9746455550193787
v 0.4534880518913269 -0.046472933143377304 1.1960067749023438
v -0.23816867172718048 -0.035001154989004135 1.014081597328186
v -0.0947113037109375 -0.03307832032442093 0.9606918692588806
v 0.034552719444036484 -0.03171355277299881 0.9117326140403748
v 0.16220314800739288 -0.032729070633649826 0.9379734992980957
v 0.3644532859325409 -0.04173268377780914 1.1638256311416626
v -0.32708632946014404 -0.0376787930727005 1.1225051879882812
v -0.14800067245960236 -0.03212755545973778 0.9692725539207458
v -0.015100712887942791 -0.030544070526957512 0.9193997979164124
v 0.10991760343313217 -0.030660323798656464 0.9185306429862976
v 0.2564784586429596 -0.03333780914545059 1.0020239353179932
v -0.36503490805625916 -0.03483104705810547 1.0538803339004517
v -0.2047610878944397 -0.031408824026584625 0.990871012210846
v -0.06653830409049988 -0.02981633134186268 0.9440759420394897
v 0.06049462780356407 -0.028918318450450897 0.910647988319397
v 0.19227983057498932 -0.030540214851498604 0.9534177184104919
v 0.4045819640159607 -0.0397062823176384 1.1636916399002075
v -0.2710314989089966 -0.03161189332604408 1.0409148931503296
v -0.11948390305042267 -0.02902979589998722 0.9613133668899536
v 0.011346721090376377 -0.027719635516405106 0.9121766090393066
v 0.136586531996727 -0.02837597019970417 0.9255892038345337
v 0.30066147446632385 -0.03256690129637718 1.0526044368743896
v -0.3739719092845917 -0.03434448316693306 1.1795272827148438
v -0.17391997575759888 -0.028096793219447136 0.9752272367477417
v -0.038795966655015945 -0.02675151452422142 0.9258853793144226
v 0.08614204823970795 -0.026418326422572136 0.912290096282959
v 0.22432860732078552 -0.028700867667794228 0.974338173866272
v -0.414053350687027 -0.027644943445920944 1.0835033655166626
v -0.23383449018001556 -0.027559544891119003 1.0076117515563965
v -0.09124095737934113 -0.025920255109667778 0.9530667066574097
v 0.03707875683903694 -0.025046342983841896 0.9085744023323059
v 0.16471406817436218 -0.02607733942568302 0.9367902278900146
v 0.3626619279384613 -0.03202987462282181 1.1455820798873901
v -0.31522083282470703 -0.028903059661388397 1.0967020988464355
v -0.1445377767086029 -0.02489590086042881 0.9643364548683167
v -0.01239992119371891 -0.02386542409658432 0.9148836135864258
v 0.112249955534935 -0.024060864001512527 0.9166063070297241
v 0.25935953855514526 -0.02628021501004696 1.0023421049118042
v -0.35629507899284363 -0.02647833339869976 1.042606234550476
v -0.20092593133449554 -0.024135954678058624 0.9857503175735474
v -0.06330996006727219 -0.022927094250917435 0.9363409876823425
v 0.06282663345336914 -0.02235744707286358 0.9081432223320007
v 0.19496676325798035 -0.023888012394309044 0.9528651237487793
v 0.4081391394138336 -0.031196707859635353 1.162861704826355
v -0.26582589745521545 -0.02398756332695484 1.0326097011566162
v -0.11611663550138474 -0.021867714822292328 0.9557316899299622
v 0.013846633024513721 -0.0210505872964859 0.9085741639137268
v 0.13896967470645905 -0.021695712581276894 0.9241023063659668
v 0.30443936586380005 -0.02507561631500721 1.0549383163452148
v -0.37072551250457764 -0.02587476558983326 1.178614616394043
v -0.17030006647109985 -0.020967107266187668 0.9705673456192017
v -0.03595207631587982 -0.019988002255558968 0.9205994606018066
v 0.0884741023182869 -0.019871119409799576 0.9102638363838196
v 0.22703133523464203 -0.021862834692001343 0.9743493795394897
v -0.40718144178390503 -0.020894547924399376 1.0840468406677246
v -0.22956717014312744 -0.020163308829069138 1.001607894897461
v -0.08787316828966141 -0.018922897055745125 0.9459766149520874
v 0.03958039730787277 -0.01842484064400196 0.9057872891426086
v 0.16731712222099304 -0.019433941692113876 0.935920000076294
v 0.36554059386253357 -0.02376677095890045 1.143154501914978
v -0.3066554367542267 -0.02065649814903736 1.0786480903625488
v -0.14110194146633148 -0.017818637192249298 0.9596269130706787
v -0.009720639325678349 -0.0172255951911211 0.9108112454414368
v 0.11458894610404968 -0.017423951998353004 0.9149562120437622
v 0.2624801993370056 -0.019188718870282173 1.003023386001587
v -0.3492709994316101 -0.017599400132894516 1.0329535007476807
v -0.19715775549411774 -0.016944892704486847 0.9809040427207947
v -0.06023864075541496 -0.016174552962183952 0.9298426508903503
v 0.06517649441957474 -0.015802599489688873 0.905941903591156
v 0.1976815015077591 -0.017265280708670616 0.9526152014732361
v 0.4107435643672943 -0.02244655042886734 1.1597892045974731
v -0.2608773708343506 -0.016441021114587784 1.0250599384307861
v -0.11278175562620163 -0.014839887619018555 0.950415849685669
v 0.016376595944166183 -0.014440198428928852 0.9053829312324524
v 0.14142698049545288 -0.015013889409601688 0.922930121421814
v 0.30864423513412476 -0.017502056434750557 1.0583950281143188
v -0.36709412932395935 -0.01755598746240139 1.176895260810852
v -0.1667037457227707 -0.013944274745881557 0.9660946726799011
v -0.033155906945466995 -0.01329658180475235 0.915908694267273
v 0.09086131304502487 -0.013312205672264099 0.9084833860397339
v 0.2298532873392105 -0.01496918685734272 0.9746268391609192
v -0.3960040211677551 -0.013905424624681473 1.0670974254608154
v -0.2254260629415512 -0.012857986614108086 0.9960789084434509
v -0.0846450924873352 -0.012095688842236996 0.939521312713623
v 0.042027853429317474 -0.011897404678165913 0.903328537940979
v 0.1699683964252472 -0.012792713940143585 0.9353115558624268
v 0.3763047158718109 -0.016605935990810394 1.1660078763961792
v -0.29965028166770935 -0.012604858726263046 1.0649425983428955
v -0.13773393630981445 -0.010907861404120922 0.955104410648346
v -0.007062865421175957 -0.0106158796697855 0.9071573615074158
v 0.11693038791418076 -0.01080416701734066 0.9135956764221191
v 0.26573869585990906 -0.012076263315975666 1.0040898323059082
v -0.39153701066970825 -0.012693340890109539 1.162355661392212
v -0.19344095885753632 -0.009852450340986252 0.9763184189796448
v -0.057277705520391464 -0.009488827548921108 0.9242128729820251
v 0.06755316257476807 -0.00930492952466011 0.9040082097053528
v 0.20043602585792542 -0.010575477965176105 0.9526283740997314
v 0.41282784938812256 -0.013889474794268608 1.1550906896591187
v -0.2561708688735962 -0.008961513638496399 1.0181797742843628
v -0.10947437584400177 -0.008009768091142178 0.9453186392784119
v 0.018907031044363976 -0.007933372631669044 0.9025882482528687
v 0.14393728971481323 -0.008368602953851223 0.9220598340034485
v 0.3131306767463684 -0.009842104278504848 1.0629172325134277
v -0.3632602095603943 -0.009209342300891876 1.1758098602294922
v -0.16317765414714813 -0.007047949358820915 0.9618024230003357
v -0.03041158989071846 -0.006722927093505859 0.9117282629013062
v 0.09327978640794754 -0.006848843302577734 0.9069544672966003
v 0.23276814818382263 -0.007987313903868198 0.9751420617103577
v -0.3807803690433502 -0.0054505495354533195 1.0356471538543701
v -0.22144462168216705 -0.005707401782274246 0.991046130657196
v -0.08152901381254196 -0.005440093576908112 0.93361496925354
v 0.04447103664278984 -0.0055101425386965275 0.9011895656585693
v 0.1726413071155548 -0.0061046285554766655 0.9349752068519592
v 0.3791521489620209 -0.008441443555057049 1.1646685600280762
v -0.2931980788707733 -0.004727540537714958 1.0540755987167358
v -0.13441386818885803 -0.004174110479652882 0.9507116079330444
v -0.004401535261422396 -0.004147069528698921 0.9039242267608643
v 0.1193278357386589 -0.004308232571929693 0.9125304222106934
v 0.2691098749637604 -0.004935989622026682 1.005656123161316
v -0.39234110713005066 -0.0041885762475430965 1.1745448112487793
v -0.18982498347759247 -0.0029440682847052813 0.9719871282577515
v -0.05436612665653229 -0.002951882779598236 0.9192218780517578
v 0.06997509300708771 -0.00297846389003098 0.9023244380950928
v 0.20317226648330688 -0.0037760573904961348 0.9528677463531494
v 0.41364243626594543 -0.005660054739564657 1.1471292972564697
v -0.25171327590942383 -0.001619590213522315 1.012043833732605
v -0.1061626747250557 -0.0014254486886784434 0.940412700176239
v 0.02141914889216423 -0.001649187528528273 0.9001263380050659
v 0.14654290676116943 -0.0018501323647797108 0.9214838743209839
v 0.3180527687072754 -0.0022358603309839964 1.0688986778259277
v -0.3582169711589813 -0.000507632561493665 1.1707738637924194
v -0.15974591672420502 -0.00033307872945442796 0.9576969146728516
v -0.027702420949935913 -0.00039096272666938603 0.908021867275238
v 0.09575576335191727 -0.0005393364699557424 0.9056662917137146
v 0.2357395440340042 -0.0009613417787477374 0.9759414792060852
v -0.3730151057243347 0.002487216843292117 1.0220825672149658
v -0.2175963819026947 0.001211481518112123 0.9864220023155212
v -0.07848025113344193 0.000975398754235357 0.9282384514808655
v 0.046960990875959396 0.0007102906238287687 0.8993168473243713
v 0.17533110082149506 0.0005152043304406106 0.9349107146263123
v 0.37487703561782837 0.0007532988674938679 1.1336530447006226
v -0.287479966878891 0.0029457123018801212 1.0450830459594727
v -0.13108591735363007 0.0023997470270842314 0.9464553594589233
v -0.0017343414947390556 0.002112960908561945 0.9010725021362305
v 0.12182765454053879 0.0019902631174772978 0.9117133617401123
v 0.2725604474544525 0.0022140825167298317 1.0077098608016968
v -0.39133718609809875 0.004444194491952658 1.1807336807250977
v -0.18628017604351044 0.0037991576828062534 0.9678767323493958
v -0.05150609463453293 0.0034205776173621416 0.9148280024528503
v 0.07244130223989487 0.0032152377534657717 0.9008665084838867
v 0.20590238273143768 0.003097381442785263 0.9533082842826843
v 0.41328632831573486 0.002576954662799835 1.136497974395752
v -0.24750900268554688 0.005596436094492674 1.0065895318984985
v -0.10292647778987885 0.0050309207290410995 0.9356990456581116
v 0.023935427889227867 0.004487697966396809 0.8979594111442566
v 0.14917977154254913 0.0045658680610358715 0.9211609363555908
v 0.32382476329803467 0.005489807575941086 1.0776852369308472
v -0.3502999246120453 0.007945308461785316 1.1587657928466797
v -0.1563662439584732 0.006297657731920481 0.9537864923477173
v -0.025051530450582504 0.005879878997802734 0.9047256112098694
v 0.09821408987045288 0.005691582802683115 0.9046359062194824
v 0.23869086802005768 0.0060500591062009335 0.9770423173904419
v -0.3736206293106079 0.011706921271979809 1.0279892683029175
v -0.21390916407108307 0.00808696262538433 0.9821359515190125
v -0.07549556344747543 0.007360977120697498 0.923370897769928
v 0.04944711551070213 0.0069539351388812065 0.8976888656616211
v 0.1780422180891037 0.007094220723956823 0.9351258277893066
v 0.37753427028656006 0.008836380206048489 1.1312439441680908
v -0.28211963176727295 0.010486294515430927 1.0371931791305542
v -0.12778465449810028 0.008961010724306107 0.9423747658729553
v 0.0009091137326322496 0.008346201851963997 0.8985756039619446
v 0.12436247617006302 0.00828811340034008 0.9111300110816956
v 0.27610135078430176 0.009355620481073856 1.0102208852767944
v -0.3890070617198944 0.012862968258559704 1.184157371520996
v -0.18281349539756775 0.010522574186325073 0.9639695286750793
v -0.04870730638504028 0.009817518293857574 0.9109850525856018
v 0.07491432130336761 0.009447443298995495 0.8996360301971436
v 0.20869222283363342 0.009985852055251598 0.9539245367050171
v 0.4249313771724701 0.012117533944547176 1.1646968126296997
v -0.2435782551765442 0.012748155742883682 1.001752495765686
v -0.09981171041727066 0.011528464034199715 0.9312127232551575
v 0.026446478441357613 0.010695962235331535 0.8960962295532227
v 0.15182262659072876 0.010985121130943298 0.9211058616638184
v 0.3314536213874817 0.013136660680174828 1.0920528173446655
v -0.33885475993156433 0.01579088531434536 1.129531979560852
v -0.1530793011188507 0.012948657386004925 0.9500666260719299
v -0.02243719808757305 0.012218109332025051 0.901846706867218
v 0.10066090524196625 0.011993281543254852 0.9038561582565308
v 0.2417851835489273 0.013067927211523056 0.978475034236908
v -0.3856276571750641 0.020207226276397705 1.074592113494873
v -0.21036039292812347 0.01496786531060934 0.9781175255775452
v -0.07258393615484238 0.01380440965294838 0.9190126657485962
v 0.0519106425344944 0.013312946073710918 0.8963045477867126
v 0.18080300092697144 0.013663440011441708 0.9355454444885254
v 0.3849813938140869 0.016218727454543114 1.1474183797836304
v -0.27710676193237305 0.0178324393928051 1.0303581953048706
v -0.1245417669415474 0.015542649663984776 0.93848717212677
v 0.0035404337104409933 0.014629398472607136 0.8964289426803589
v 0.12693771719932556 0.014674443751573563 0.9107981324195862
v 0.27988201379776 0.01647811196744442 1.0132743120193481
v -0.3862617313861847 0.021348027512431145 1.186230182647705
v -0.1794358640909195 0.017276769503951073 0.9602872133255005
v -0.04593109339475632 0.01622948609292507 0.9076165556907654
v 0.07740597426891327 0.015804912894964218 0.8986527919769287
v 0.21159571409225464 0.016787059605121613 0.9547743797302246
v 0.42661193013191223 0.020680800080299377 1.1561435461044312
v -0.23980602622032166 0.019803477451205254 0.9973620772361755
v -0.09675832092761993 0.018057232722640038 0.9270337224006653
v 0.028997527435421944 0.01703694835305214 0.8945250511169434
v 0.15447741746902466 0.01743953302502632 0.9213002920150757
v 0.34065279364585876 0.020885249599814415 1.1100784540176392
v -0.32694077491760254 0.023366007953882217 1.1022642850875854
v -0.1497974544763565 0.019603004679083824 0.9465292692184448
v -0.019802000373601913 0.01857892796397209 0.8993210792541504
v 0.10313102602958679 0.018379807472229004 0.9033169746398926
v 0.24501009285449982 0.02008453942835331 0.9802740216255188
v -0.40178820490837097 0.0272664874792099 1.133097767829895
v -0.20687390863895416 0.02181582897901535 0.9743181467056274
v -0.06974077224731445 0.020231885835528374 0.9151697754859924
v 0.05435525253415108 0.019708581268787384 0.8951935768127441
v 0.18361133337020874 0.020261375233530998 0.9361972808837891
v 0.3868260681629181 0.024492619559168816 1.1446614265441895
v -0.27245062589645386 0.024938197806477547 1.024482011795044
v -0.12134058773517609 0.022080514580011368 0.9347782135009766
v 0.006164088379591703 0.020850466564297676 0.8946095108985901
v 0.1295592486858368 0.02113218791782856 0.9107142686843872
v 0.28392213582992554 0.023672908544540405 1.016994833946228
v -0.3824406564235687 0.03011994995176792 1.184645175933838
v -0.17608177661895752 0.023990698158740997 0.9568153023719788
v -0.043189480900764465 0.022506196051836014 0.9046628475189209
v 0.07987487316131592 0.022193090990185738 0.8979308009147644
v 0.21458972990512848 0.023520072922110558 0.955880880355835
v 0.4307658076286316 0.029159218072891235 1.1559890508651733
v -0.23615454137325287 0.026644768193364143 0.9933174848556519
v -0.0937664583325386 0.024486105889081955 0.9232041835784912
v 0.031534675508737564 0.023288898169994354 0.8932521343231201
v 0.15714123845100403 0.023930255323648453 0.9217190146446228
v 0.3490131199359894 0.029220718890428543 1.1251670122146606
v -0.317470908164978 0.030581427738070488 1.0843420028686523
v -0.1465662121772766 0.026199763640761375 0.9431410431861877
v -0.017162565141916275 0.024795982986688614 0.8971066474914551
v 0.10560476779937744 0.024761315435171127 0.9030053615570068
v 0.24837006628513336 0.02712719887495041 0.982435941696167
v -0.4086099863052368 0.03515174612402916 1.1603496074676514
v -0.20341752469539642 0.028480224311351776 0.9707536101341248
v -0.06694389879703522 0.026545220986008644 0.9118292331695557
v 0.056795984506607056 0.025983786210417747 0.8943249583244324
v 0.18644315004348755 0.026900865137577057 0.9370567798614502
v 0.387612521648407 0.033153243362903595 1.130625605583191
v -0.26814502477645874 0.03179481625556946 1.0194028615951538
v -0.11820876598358154 0.02850789949297905 0.9312736392021179
v 0.00875143613666296 0.02702636830508709 0.8931548595428467
v 0.13217568397521973 0.02755528874695301 0.9108498096466064
v 0.28816932439804077 0.03104129247367382 1.0214800834655762
v -0.3789593279361725 0.038604725152254105 1.183206558227539
v -0.1727573424577713 0.03059418313205242 0.9535735249519348
v -0.040492944419384 0.028697242960333824 0.9021226167678833
v 0.0823119506239891 0.0284801684319973 0.8974245190620422
v 0.21769505739212036 0.03025488182902336 0.9572829008102417
v 0.4374120831489563 0.03955603763461113 1.1611454486846924
v -0.23255732655525208 0.03334730118513107 0.9894964694976807
v -0.09085549414157867 0.030772730708122253 0.919761598110199
v 0.03401542827486992 0.02946542017161846 0.892257571220398
v 0.15983185172080994 0.030458753928542137 0.9223346710205078
v 0.3549908399581909 0.03708586096763611 1.130972981452942
v -0.3105159401893616 0.0376511812210083 1.0718731880187988
v -0.14338354766368866 0.03270334377884865 0.9399615526199341
v -0.01454831101000309 0.03097776509821415 0.8952390551567078
v 0.10809517651796341 0.031130237504839897 0.902899444103241
v 0.25190019607543945 0.03421255573630333 0.9850583672523499
v -0.40724828839302063 0.04345975071191788 1.1650959253311157
v -0.20001734793186188 0.03511805832386017 0.967422366142273
v -0.06416995078325272 0.032856207340955734 0.9089382886886597
v 0.05926363170146942 0.032222796231508255 0.8936969637870789
v 0.18933366239070892 0.03361938148736954 0.9381470084190369
v 0.39171862602233887 0.04107319936156273 1.1316274404525757
v -0.2640530467033386 0.03866492584347725 1.0148600339889526
v -0.11515820026397705 0.03493129834532738 0.9280394911766052
v 0.011326417326927185 0.03326840326189995 0.8920104503631592
v 0.1347951889038086 0.03401346132159233 0.9111939668655396
v 0.29271575808525085 0.038613103330135345 1.0266982316970825
v -0.37393486499786377 0.04629925638437271 1.1787729263305664
v -0.1694927215576172 0.03720402345061302 0.9506123065948486
v -0.037812184542417526 0.03495471552014351 0.899937093257904
v 0.08480079472064972 0.034833069890737534 0.897122323513031
v 0.22089020907878876 0.03709302097558975 0.959037184715271
v -0.45289406180381775 0.052976325154304504 1.1658802032470703
v -0.22906464338302612 0.04010746255517006 0.9859432578086853
v -0.08800878375768661 0.03711647167801857 0.9166858196258545
v 0.036495890468358994 0.03574034571647644 0.8915238976478577
v 0.16257761418819427 0.03700593486428261 0.9231699109077454
v 0.35912612080574036 0.04524464160203934 1.1337257623672485
v -0.30445802211761475 0.04487005993723869 1.0618677139282227
v -0.1402193009853363 0.03924160450696945 0.9370160698890686
v -0.011958591639995575 0.03723838925361633 0.8937117457389832
v 0.11068813502788544 0.03758087381720543 0.9029988050460815
v 0.2556471824645996 0.04133278876543045 0.9881668090820312
v -0.40324610471725464 0.05155962333083153 1.1646053791046143
v -0.1966877579689026 0.04183796048164368 0.9643293023109436
v -0.06139057129621506 0.03922143206000328 0.9064430594444275
v 0.06176435947418213 0.03850754350423813 0.8932967185974121
v 0.1922549605369568 0.04036407545208931 0.9394609928131104
v 0.3964102268218994 0.04907825589179993 1.132680892944336
v -0.26018741726875305 0.045642413198947906 1.010722279548645
v -0.11220216006040573 0.04141745716333389 0.9250942468643188
v 0.013845466077327728 0.03958410769701004 0.8911423087120056
v 0.13742578029632568 0.04047270119190216 0.9117670059204102
v 0.29773005843162537 0.0463704839348793 1.0330983400344849
v -0.36846786737442017 0.054543636739254 1.1733866930007935
v -0.1663062572479248 0.043842945247888565 0.9478796720504761
v -0.035151321440935135 0.04129333049058914 0.8980721235275269
v 0.08731521666049957 0.04117736220359802 0.8970203399658203
v 0.22414493560791016 0.04399789124727249 0.9611590504646301
v -0.44350770115852356 0.05748799815773964 1.1636264324188232
v -0.22563740611076355 0.046972375363111496 0.9826207160949707
v -0.0852215364575386 0.04353959485888481 0.9139714241027832
v 0.03892374783754349 0.042052268981933594 0.8910084962844849
v 0.16538526117801666 0.043599169701337814 0.9241842031478882
v 0.3635987639427185 0.05336365848779678 1.1376978158950806
v -0.2992040812969208 0.052089057862758636 1.053917646408081
v -0.13711386919021606 0.04581274464726448 0.9343509674072266
v -0.009404940530657768 0.04353708028793335 0.8924902677536011
v 0.11331146210432053 0.04399069771170616 0.9033031463623047
v 0.25954490900039673 0.048506222665309906 0.9918226599693298
v -0.3976590037345886 0.059359706938266754 1.1612385511398315
v -0.19339732825756073 0.04862942174077034 0.9614449739456177
v -0.058598678559064865 0.045607373118400574 0.9043151140213013
v 0.06424253433942795 0.044785160571336746 0.8930723071098328
v 0.19523070752620697 0.04714706167578697 0.9410353899002075
v 0.40191158652305603 0.05711313709616661 1.1330032348632812
v -0.25661125779151917 0.052656225860118866 1.0069929361343384
v -0.10935688763856888 0.04797090217471123 0.9224714040756226
v 0.01628158614039421 0.04590466246008873 0.890498697757721
v 0.1400950402021408 0.0469069667160511 0.9125469326972961
v 0.303180068731308 0.05427568033337593 1.04118013381958
v -0.36321213841438293 0.0624888613820076 1.1684794425964355
v -0.1632164567708969 0.05050022155046463 0.945361852645874
v -0.03249853104352951 0.047609277069568634 0.8965235948562622
v 0.08981549739837646 0.04757511243224144 0.897111177444458
v 0.22751623392105103 0.050971295684576035 0.9636669754981995
v -0.4372158646583557 0.06491068750619888 1.1600868701934814
v -0.22225916385650635 0.053876910358667374 0.9795293807983398
v -0.08242673426866531 0.049963247030973434 0.9116143584251404
v 0.04133116081357002 0.048420798033475876 0.8906863927841187
v 0.16827042400836945 0.05018540844321251 0.925426721572876
v 0.3679674565792084 0.06157207489013672 1.1421164274215698
v -0.29419875144958496 0.05926119536161423 1.047465443611145
v -0.1340797245502472 0.05242473632097244 0.932008683681488
v -0.006879091262817383 0.04982692003250122 0.8915699124336243
v 0.11593574285507202 0.05041731148958206 0.9038309454917908
v 0.26359692215919495 0.05579071864485741 0.9960945844650269
v -0.3904685080051422 0.06690648198127747 1.153771162033081
v -0.19017459452152252 0.0554216168820858 0.9588447213172913
v -0.05578729510307312 0.05189875513315201 0.9025118947029114
v 0.06670701503753662 0.051129065454006195 0.8930445313453674
v 0.19827643036842346 0.05391727015376091 0.9429289698600769
v 0.4063952565193176 0.06592769920825958 1.1317137479782104
v -0.25314363837242126 0.059689536690711975 1.0036054849624634
v -0.10656551271677017 0.05443236604332924 0.9201662540435791
v 0.01867445558309555 0.052275143563747406 0.8900848627090454
v 0.14283621311187744 0.05338553711771965 0.9135838150978088
v 0.3092718720436096 0.0623331293463707 1.0515180826187134
v -0.35838571190834045 0.07066895067691803 1.1633715629577637
v -0.16014719009399414 0.057113029062747955 0.9431132078170776
v -0.029900897294282913 0.05387936905026436 0.8952847123146057
v 0.09235340356826782 0.05399315059185028 0.8974091410636902
v 0.23103508353233337 0.058036670088768005 0.9666576981544495
v -0.42990899085998535 0.07225432991981506 1.1522305011749268
v -0.21895453333854675 0.06076351925730705 0.9767428636550903
v -0.07959970086812973 0.05630595609545708 0.9095600843429565
v 0.043748438358306885 0.05486619845032692 0.8905818462371826
v 0.17124579846858978 0.056818392127752304 0.9269298911094666
v 0.3722231686115265 0.0700078159570694 1.1472007036209106
v -0.2897152006626129 0.0664600133895874 1.0422762632369995
v -0.13112682104110718 0.05893326550722122 0.9299262762069702
v -0.004340094979852438 0.056183427572250366 0.8909322023391724
v 0.11855467408895493 0.056843698024749756 0.9046009182929993
v 0.26789790391921997 0.06326676905155182 1.001064658164978
v -0.3832496702671051 0.07465564459562302 1.1455137729644775
v -0.1869947910308838 0.062098097056150436 0.9565354585647583
v -0.05302506312727928 0.058198004961013794 0.9009965658187866
v 0.06920570135116577 0.05754802003502846 0.8932129144668579
v 0.20137551426887512 0.0606532096862793 0.9451691508293152
v 0.41026538610458374 0.0753708928823471 1.12548828125
v -0.24977442622184753 0.06670937687158585 1.0005508661270142
v -0.10380474478006363 0.06082293018698692 0.918103814125061
v 0.021070370450615883 0.0586848184466362 0.8898925185203552
v 0.14563097059726715 0.059946127235889435 0.9148547053337097
v 0.31611040234565735 0.07071639597415924 1.0650246143341064
v -0.35296252369880676 0.07864432036876678 1.1574233770370483
v -0.1571047455072403 0.06361211836338043 0.94107586145401
v -0.02733292244374752 0.06017668917775154 0.8943217992782593
v 0.09489546716213226 0.0604202002286911 0.8979530930519104
v 0.23468497395515442 0.06510217487812042 0.9701058864593506
v -0.41918158531188965 0.07916902750730515 1.1369210481643677
v -0.21566857397556305 0.0675848200917244 0.9742239117622375
v -0.07677953690290451 0.06264740228652954 0.9078246355056763
v 0.04619749262928963 0.061333201825618744 0.8906618356704712
v 0.17426766455173492 0.06350373476743698 0.9287190437316895
v 0.3756958246231079 0.07860511541366577 1.14054536819458
v -0.2856580317020416 0.07366921752691269 1.0379992723464966
v -0.12826265394687653 0.06541221588850021 0.9280586838722229
v -0.001792498747818172 0.06257801502943039 0.8905678391456604
v 0.12119734287261963 0.06328094750642776 0.9055988788604736
v 0.27240100502967834 0.07081130892038345 1.0067652463912964
v -0.37653759121894836 0.08198323100805283 1.1399219036102295
v -0.18386569619178772 0.06864934414625168 0.9544675350189209
v -0.050339944660663605 0.0645047053694725 0.8997596502304077
v 0.07173193991184235 0.06398971378803253 0.8935810327529907
v 0.2045639455318451 0.06749355047941208 0.9477592706680298
v 0.4152791202068329 0.08423906564712524 1.1200482845306396
v -0.24643467366695404 0.07364073395729065 0.9978229999542236
v -0.10104671120643616 0.06721998751163483 0.916309118270874
v 0.0235151220113039 0.06509740650653839 0.8899015188217163
v 0.14845313131809235 0.06654514372348785 0.916356086730957
v 0.32471874356269836 0.07942333817481995 1.082937479019165
v -0.34724149107933044 0.08619729429483414 1.1512088775634766
v -0.15408945083618164 0.07011669874191284 0.9392597079277039
v -0.024779753759503365 0.06649462133646011 0.8936340808868408
v 0.0974251851439476 0.06684036552906036 0.8987536430358887
v 0.238458052277565 0.07223550975322723 0.9740795493125916
v -0.41969025135040283 0.08862965553998947 1.1585217714309692
v -0.21239931881427765 0.0743183046579361 0.9719845652580261
v -0.07397958636283875 0.06901120394468307 0.9063810110092163
v 0.04864851385354996 0.06774196773767471 0.8909271359443665
v 0.17733827233314514 0.07024827599525452 0.9308261275291443
v 0.3803217113018036 0.08701997995376587 1.1404860019683838
v -0.2817768454551697 0.08080793917179108 1.0344083309173584
v -0.12546248733997345 0.07189040631055832 0.9263985753059387
v 0.0007706980686634779 0.06895130127668381 0.8904557228088379
v 0.12388364225625992 0.06973748654127121 0.9068673849105835
v 0.2772549092769623 0.07843146473169327 1.0134131908416748
v -0.37326228618621826 0.09046514332294464 1.140099048614502
v -0.18079043924808502 0.07520607858896255 0.9526365995407104
v -0.04769282788038254 0.07080383598804474 0.8987725377082825
v 0.07428160309791565 0.07042089849710464 0.8941705226898193
v 0.20788739621639252 0.07444635033607483 0.9507874250411987
v 0.4207378625869751 0.09239576011896133 1.1200546026229858
v -0.24311169981956482 0.08056640625 0.9954615235328674
v -0.09826594591140747 0.07361313700675964 0.9147837162017822
v 0.02596522681415081 0.07142004370689392 0.8900918364524841
v 0.15131697058677673 0.07317750155925751 0.9181277751922607
v 0.3368474543094635 0.08962874114513397 1.1107814311981201
v -0.3410937190055847 0.09307242184877396 1.1396652460098267
v -0.15110501646995544 0.07669088244438171 0.9376533627510071
v -0.022228393703699112 0.07279760390520096 0.8932132124900818
v 0.09995154291391373 0.07323607802391052 0.8998221755027771
v 0.24238476157188416 0.07951952517032623 0.9786056280136108
v -0.3922830820083618 0.09093386679887772 1.0903410911560059
v -0.20914708077907562 0.08103448897600174 0.9700246453285217
v -0.07121695578098297 0.07533722370862961 0.9052038192749023
v 0.051120318472385406 0.07405799627304077 0.8913784623146057
v 0.1804603636264801 0.0770392119884491 0.9332586526870728
v 0.3847016990184784 0.09530269354581833 1.1377943754196167
v -0.2780570983886719 0.0879456102848053 1.0313408374786377
v -0.12269068509340286 0.0783320814371109 0.9249303340911865
v 0.003323010401800275 0.07526220381259918 0.8905735015869141
v 0.12659229338169098 0.07625080645084381 0.9083828330039978
v 0.28254714608192444 0.08620459586381912 1.0213375091552734
v -0.3708760440349579 0.09944711625576019 1.1452958583831787
v -0.17778511345386505 0.0818120688199997 0.951034665107727
v -0.04507710412144661 0.07706340402364731 0.8980515003204346
v 0.07683581113815308 0.07682681083679199 0.8949780464172363
v 0.21134106814861298 0.08152982592582703 0.9542481899261475
v 0.4243535101413727 0.09959834069013596 1.1155225038528442
v -0.23974180221557617 0.08749483525753021 0.9933444261550903
v -0.09548450261354446 0.07995187491178513 0.9135330319404602
v 0.028409946709871292 0.07769565284252167 0.890453577041626
v 0.15424413979053497 0.07986532151699066 0.920157790184021
v 0.34631240367889404 0.09911181777715683 1.131866693496704
v -0.33419087529182434 0.10014936327934265 1.1251370906829834
v -0.14819373190402985 0.08326113969087601 0.9362257719039917
v -0.019688207656145096 0.07911890000104904 0.8930701613426208
v 0.10252951085567474 0.07965993881225586 0.9011200070381165
v 0.24644184112548828 0.0869225487112999 0.9836578369140625
v -0.38311973214149475 0.09888649731874466 1.0806682109832764
v -0.20597776770591736 0.08772636204957962 0.9683340191841125
v -0.06852880120277405 0.08157120645046234 0.9043448567390442
v 0.05363543704152107 0.0803656354546547 0.8920125961303711
v 0.18363657593727112 0.08393891900777817 0.9360403418540955
v 0.3883439302444458 0.10332021862268448 1.1314553022384644
v -0.2744285464286804 0.09511646628379822 1.0287171602249146
v -0.11995994299650192 0.08467385172843933 0.9236829876899719
v 0.005859819240868092 0.08155547827482224 0.890899658203125
v 0.12935857474803925 0.08286293596029282 0.9100998640060425
v 0.2883944511413574 0.09431089460849762 1.031009554862976
v -0.3706882894039154 0.1088266670703888 1.1545525789260864
v -0.17483703792095184 0.08843043446540833 0.9496718645095825
v -0.04248674586415291 0.08328906446695328 0.8975874781608582
v 0.07938771694898605 0.08323550969362259 0.8960025310516357
v 0.214924618601799 0.08873120695352554 0.9581200480461121
v 0.4246005415916443 0.1053953617811203 1.09940767288208
v -0.23638804256916046 0.09438402950763702 0.9915536642074585
v -0.09272217005491257 0.08621595799922943 0.9125685095787048
v 0.030864404514431953 0.0839659795165062 0.8909767270088196
v 0.15724250674247742 0.0866333544254303 0.922420084476471
v 0.35001376271247864 0.10792990028858185 1.1360851526260376
v -0.32731759548187256 0.10722485929727554 1.112741470336914
v -0.1453263908624649 0.08974497765302658 0.9350329637527466
v -0.0171352606266737 0.08546876907348633 0.8931845426559448
v 0.10519646853208542 0.08612368255853653 0.9026210904121399
v 0.2506974935531616 0.09450411051511765 0.9892985820770264
v -0.3765348494052887 0.1074499860405922 1.077555537223816
v -0.20289354026317596 0.09440287947654724 0.9669706225395203
v -0.06588468700647354 0.08775867521762848 0.9037569761276245
v 0.05621364340186119 0.08671882003545761 0.8928468823432922
v 0.18689103424549103 0.09091789275407791 0.9392116069793701
v 0.39250966906547546 0.11371219158172607 1.1291100978851318
v -0.2708907723426819 0.10224562883377075 1.0265179872512817
v -0.11725309491157532 0.09093679487705231 0.9226837158203125
v 0.008357275277376175 0.0878114402294159 0.8914023637771606
v 0.13220201432704926 0.08952804654836655 0.9120261669158936
v 0.29487183690071106 0.10278335213661194 1.0430119037628174
v -0.3699839115142822 0.11802352219820023 1.1628741025924683
v -0.1719222068786621 0.09503386914730072 0.9485374689102173
v -0.03989732638001442 0.08954782038927078 0.8973799347877502
v 0.08194344490766525 0.089610755443573 0.8972516059875488
v 0.2186552882194519 0.09604267030954361 0.9624916315078735
v 0.4876275360584259 0.13211913406848907 1.2918767929077148
v -0.2330954670906067 0.10119360685348511 0.9900944828987122
v -0.09000653773546219 0.09242910891771317 0.9118644595146179
v 0.03337248042225838 0.09026254713535309 0.8916861414909363
v 0.16033104062080383 0.09342795610427856 0.9249438643455505
v 0.3560338020324707 0.1170593723654747 1.143069863319397
v -0.32110312581062317 0.11429069936275482 1.1042569875717163
v -0.14249549806118011 0.09612448513507843 0.9340699315071106
v -0.014562439173460007 0.09179919958114624 0.8935363292694092
v 0.1079287901520729 0.09261807054281235 0.9043028354644775
v 0.2552340030670166 0.10224269330501556 0.9957016706466675
v -0.37282148003578186 0.11657837778329849 1.0767141580581665
v -0.1998937875032425 0.10108202695846558 0.965936005115509
v -0.0632719025015831 0.09396130591630936 0.9034238457679749
v 0.058836303651332855 0.09309165924787521 0.8938868045806885
v 0.19022302329540253 0.09795347601175308 0.9427946209907532
v 0.3980931043624878 0.12452932447195053 1.1336438655853271
v -0.26737675070762634 0.10925966501235962 1.024634838104248
v -0.11456923931837082 0.09717188775539398 0.9219451546669006
v 0.010836118832230568 0.09404920786619186 0.8920896053314209
v 0.1351013332605362 0.09619297832250595 0.9141637682914734
v 0.3019036650657654 0.11159668862819672 1.0576410293579102
v -0.36944830417633057 0.12755058705806732 1.1701345443725586
v -0.16905976831912994 0.10162588953971863 0.9476156830787659
v -0.03733740746974945 0.09583857655525208 0.8974246382713318
v 0.0845235213637352 0.09598131477832794 0.8987298607826233
v 0.2225821167230606 0.10341145843267441 0.9673465490341187
v -0.4374452829360962 0.12891799211502075 1.0961833000183105
v -0.22991076111793518 0.1079469621181488 0.9890726208686829
v -0.0873495563864708 0.09866750985383987 0.911440908908844
v 0.03596094623208046 0.09658762067556381 0.8925597667694092
v 0.16350647807121277 0.10025427490472794 0.927763819694519
v 0.36254212260246277 0.12658248841762543 1.148447036743164
v -0.3158876597881317 0.12138113379478455 1.098022699356079
v -0.13973695039749146 0.10247207432985306 0.9333527684211731
v -0.01201609056442976 0.09811326116323471 0.8941072821617126
v 0.11071912944316864 0.09915120899677277 0.9061630964279175
v 0.2600761950016022 0.11018110066652298 1.0030714273452759
v -0.3720054030418396 0.12635508179664612 1.0799782276153564
v -0.19696058332920074 0.10780929774045944 0.9652363061904907
v -0.06069452688097954 0.10022574663162231 0.9033193588256836
v 0.06148460879921913 0.0994795486330986 0.89515221118927
v 0.19366618990898132 0.1050146222114563 0.9467801451683044
v 0.4042472839355469 0.13507193326950073 1.1436010599136353
v -0.264029324054718 0.11620944738388062 1.0233488082885742
v -0.11192643642425537 0.10347104072570801 0.9214668273925781
v 0.013349898159503937 0.10031171888113022 0.8929435610771179
v 0.13802538812160492 0.1028698980808258 0.9165335893630981
v 0.31040307879447937 0.12112077325582504 1.0763633251190186
v -0.36858153343200684 0.13683441281318665 1.1763949394226074
v -0.16621874272823334 0.10821892321109772 0.9469404816627502
v -0.034835126250982285 0.10217331349849701 0.8977289795875549
v 0.08714547008275986 0.10239425301551819 0.900439977645874
v 0.2266484647989273 0.11086714267730713 0.9727502465248108
v -0.39568957686424255 0.12763318419456482 1.0329655408859253
v -0.22684451937675476 0.1147235855460167 0.9884892702102661
v -0.08473729342222214 0.10498762130737305 0.9112902879714966
v 0.038609474897384644 0.1029662936925888 0.8936203122138977
v 0.1667790412902832 0.10714798420667648 0.930924654006958
v 0.36956578493118286 0.13653095066547394 1.1525143384933472
v -0.31105613708496094 0.12875576317310333 1.0938998460769653
v -0.13707564771175385 0.10890061408281326 0.9328832626342773
v -0.009489002637565136 0.10445122420787811 0.8948404788970947
v 0.11358963698148727 0.10574473440647125 0.9082440733909607
v 0.2653093636035919 0.11837698519229889 1.0116894245147705
v -0.3736543357372284 0.13632920384407043 1.0941990613937378
v -0.19410566985607147 0.11455410718917847 0.9648004174232483
v -0.05814742296934128 0.1065942794084549 0.9034302234649658
v 0.06412666290998459 0.10587706416845322 0.896636426448822
v 0.19723713397979736 0.112200066447258 0.9512073397636414
v 0.4586032032966614 0.15565364062786102 1.3020294904708862
v -0.26091569662094116 0.12321754544973373 1.0227195024490356
v -0.10932055860757828 0.1098860576748848 0.9212433099746704
v 0.01592155732214451 0.1066712886095047 0.8939415216445923
v 0.14103840291500092 0.10961766541004181 0.9191890954971313
v 0.3247312903404236 0.13378170132637024 1.1115832328796387
v -0.36655279994010925 0.14598362147808075 1.179725170135498
v -0.16345222294330597 0.11484715342521667 0.9465349912643433
v -0.032358765602111816 0.1085604876279831 0.8982593417167664
v 0.08982446789741516 0.10888625681400299 0.9023674726486206
v 0.2308901995420456 0.11844634264707565 0.9787603616714478
v -0.5296473503112793 0.17109493911266327 1.3834433555603027
v -0.22390064597129822 0.12158241868019104 0.9883124232292175
v -0.08214697986841202 0.11144068837165833 0.9113761186599731
v 0.04127175733447075 0.1094059944152832 0.8948739171028137
v 0.17010349035263062 0.11414143443107605 0.9344679117202759
v 0.3750908672809601 0.144863098859787 1.1528555154800415
v -0.30692899227142334 0.1359381377696991 1.0910474061965942
v -0.1344946324825287 0.115455262362957 0.9326555728912354
v -0.0069444868713617325 0.11083254963159561 0.8957149386405945
v 0.11654660850763321 0.1124170571565628 0.9105661511421204
v 0.2710426449775696 0.12688787281513214 1.0217498540878296
v -0.4735963046550751 0.1683182418346405 1.4093610048294067
v -0.19134272634983063 0.1213037297129631 0.9646689891815186
v -0.05565702170133591 0.1130627989768982 0.9037518501281738
v 0.06676467508077621 0.11231951415538788 0.8983528017997742
v 0.20092469453811646 0.11951155215501785 0.9560642838478088
v 0.46282172203063965 0.16407828032970428 1.2978180646896362
v -0.25797998905181885 0.1303555965423584 1.0225825309753418
v -0.10676398873329163 0.11642760038375854 0.9212968945503235
v 0.01852014660835266 0.11312781274318695 0.8950608372688293
v 0.14413438737392426 0.1164458617568016 0.9221546053886414
v 0.3384803831577301 0.14672957360744476 1.1484317779541016
v -0.36336857080459595 0.15423767268657684 1.1807280778884888
v -0.16074694693088531 0.12151886522769928 0.9464336633682251
v -0.029910044744610786 0.11503245681524277 0.8990145325660706
v 0.09257891774177551 0.11549089848995209 0.9045025110244751
v 0.23529019951820374 0.12619201838970184 0.9854603409767151
v -0.5320607423782349 0.18920309841632843 1.419498324394226
v -0.2210928350687027 0.12851829826831818 0.988471269607544
v -0.07960047572851181 0.11800450831651688 0.9116801023483276
v 0.04389254003763199 0.11591188609600067 0.8963194489479065
v 0.1734420210123062 0.12123417854309082 0.9384043216705322
v 0.37649306654930115 0.15164783596992493 1.1475402116775513
v -0.3033881187438965 0.143536776304245 1.0896079540252686
v -0.131972998380661 0.12212290614843369 0.9326943159103394
v -0.004353687632828951 0.11728935688734055 0.8967391848564148
v 0.11952544003725052 0.11918213218450546 0.913121223449707
v 0.277474582195282 0.1358603686094284 1.033800721168518
v -0.4693632423877716 0.18190859258174896 1.4044713973999023
v -0.18868479132652283 0.12804819643497467 0.9648403525352478
v -0.053223781287670135 0.11960691213607788 0.9042993187904358
v 0.06938999146223068 0.11886321008205414 0.9002639651298523
v 0.20468932390213013 0.1269650012254715 0.9613705277442932
v 0.46434006094932556 0.17129449546337128 1.2897077798843384
v -0.25516417622566223 0.13760840892791748 1.0228360891342163
v -0.10423807054758072 0.12306509166955948 0.9216276407241821
v 0.021106697618961334 0.11967199295759201 0.8963204622268677
v 0.14732322096824646 0.1233658492565155 0.9254300594329834
v 0.34477660059928894 0.15589293837547302 1.1594929695129395
v -0.35963767766952515 0.1624515801668167 1.180285096168518
v -0.15809763967990875 0.12826833128929138 0.946653425693512
v -0.027464216575026512 0.12156812846660614 0.8999918103218079
v 0.09540658444166183 0.12220089882612228 0.9068341255187988
v 0.2398705929517746 0.1341383457183838 0.9929593801498413
v -0.5117786526679993 0.19387073814868927 1.3971792459487915
v -0.2184048295021057 0.13548749685287476 0.9889182448387146
v -0.0770808532834053 0.12461896985769272 0.9122152328491211
v 0.046477895230054855 0.12248066067695618 0.8979605436325073
v 0.17683786153793335 0.1284453123807907 0.9427611827850342
v 0.37961819767951965 0.16009411215782166 1.144248604774475
v -0.3002197742462158 0.15122778713703156 1.0896987915039062
v -0.12946711480617523 0.12885437905788422 0.9330260157585144
v -0.0017642201855778694 0.12380895763635635 0.8979184627532959
v 0.12251260131597519 0.1260267049074173 0.9159314036369324
v 0.2847208082675934 0.1454758495092392 1.0490328073501587
v -0.46352434158325195 0.19279250502586365 1.3972017765045166
v -0.18610653281211853 0.13486158847808838 0.9653274416923523
v -0.05079235881567001 0.1262134164571762 0.9051271080970764
v 0.07205457240343094 0.1254950761795044 0.9023715257644653
v 0.20858243107795715 0.1345566213130951 0.9671447277069092
v 0.4637201726436615 0.17910654842853546 1.2804312705993652
v -0.25241702795028687 0.14488273859024048 1.0234922170639038
v -0.10170504450798035 0.12971816956996918 0.9222185015678406
v 0.023668326437473297 0.12625350058078766 0.8977404236793518
v 0.15059015154838562 0.1303718239068985 0.9290626645088196
v 0.34714120626449585 0.16512954235076904 1.1570218801498413
v -0.35658523440361023 0.1708534210920334 1.180254578590393
v -0.1555243581533432 0.1350865364074707 0.9472105503082275
v -0.02498416043817997 0.12812288105487823 0.9011676907539368
v 0.09828685969114304 0.12900182604789734 0.9093775153160095
v 0.24475891888141632 0.14237216114997864 1.0014058351516724
v -0.4976842999458313 0.20116737484931946 1.3812792301177979
v -0.21581746637821198 0.14246635138988495 0.9896298050880432
v -0.07455534487962723 0.131208598613739 0.912950873374939
v 0.04904472455382347 0.1290920227766037 0.8998094797134399
v 0.18031594157218933 0.13577201962471008 0.9475252628326416
v 0.3815932869911194 0.1692865788936615 1.1414763927459717
v -0.2972521483898163 0.1592334359884262 1.0904262065887451
v -0.1269642561674118 0.1356116235256195 0.9336605072021484
v 0.0007957497145980597 0.13038186728954315 0.8992841243743896
v 0.1255272775888443 0.13294704258441925 0.91904217004776
v 0.29269644618034363 0.15569615364074707 1.0682755708694458
v -0.45717036724090576 0.20213742554187775 1.3908681869506836
v -0.18356658518314362 0.14174418151378632 0.966129720211029
v -0.04832019656896591 0.13280057907104492 0.9062429666519165
v 0.07474714517593384 0.1322273164987564 0.9046745300292969
v 0.21262593567371368 0.1423199325799942 0.9734571576118469
v 0.46074965596199036 0.18897505104541779 1.2639925479888916
v -0.24974921345710754 0.15218710899353027 1.0245290994644165
v -0.0991634726524353 0.1364070326089859 0.9230374097824097
v 0.026199551299214363 0.13287833333015442 0.8993651866912842
v 0.15389247238636017 0.13751333951950073 0.9330598711967468
v 0.35290446877479553 0.17527851462364197 1.1598153114318848
v -0.35387521982192993 0.17940685153007507 1.1800205707550049
v -0.15299929678440094 0.14193613827228546 0.9480768442153931
v -0.022484352812170982 0.13468028604984283 0.9025591611862183
v 0.101175956428051 0.13586574792861938 0.9121313691139221
v 0.2500668466091156 0.15095210075378418 1.0111076831817627
v -0.4900965392589569 0.20964756608009338 1.3775436878204346
v -0.2133379727602005 0.1495186984539032 0.9906289577484131
v -0.07204696536064148 0.1377921998500824 0.913939356803894
v 0.05163419619202614 0.13577118515968323 0.901877224445343
v 0.18391090631484985 0.1432304084300995 0.9527121782302856
v 0.43242260813713074 0.19669046998023987 1.2935296297073364
v -0.29460686445236206 0.16723178327083588 1.092527151107788
v -0.12445900589227676 0.1423579603433609 0.9346060156822205
v 0.0033378414809703827 0.13700109720230103 0.9008619785308838
v 0.128584086894989 0.1399792581796646 0.9224416017532349
v 0.3031667172908783 0.16738559305667877 1.0949528217315674
v -0.45079511404037476 0.21137098968029022 1.3859782218933105
v -0.18099887669086456 0.14870597422122955 0.9672385454177856
v -0.0458219051361084 0.13937155902385712 0.9076448678970337
v 0.07748503983020782 0.13901609182357788 0.9071775078773499
v 0.21688516438007355 0.15032991766929626 0.9803434014320374
v 0.4148346781730652 0.1743708848953247 1.0981825590133667
v -0.24720518290996552 0.15952341258525848 1.0258675813674927
v -0.09663163870573044 0.14314928650856018 0.924085795879364
v 0.028753262013196945 0.13953831791877747 0.9012175798416138
v 0.15727443993091583 0.1447889804840088 0.9374307990074158
v 0.3579486310482025 0.18459552526474 1.1621638536453247
v -0.350820928812027 0.18811418116092682 1.1803455352783203
v -0.15052039921283722 0.14879849553108215 0.9492512941360474
v -0.01994849182665348 0.14126193523406982 0.9041582345962524
v 0.10409553349018097 0.14277584850788116 0.9151521921157837
v 0.2559589147567749 0.16009390354156494 1.0224964618682861
v -0.4852723777294159 0.21866926550865173 1.3773728609085083
v -0.21088460087776184 0.15666311979293823 0.9919320344924927
v -0.06954236328601837 0.1444341242313385 0.9152342677116394
v 0.05428304895758629 0.14246799051761627 0.9041774272918701
v 0.18768210709095 0.15084803104400635 0.9583380818367004
v 0.4401547908782959 0.20361460745334625 1.311180591583252
v -0.29252827167510986 0.17552122473716736 1.096408486366272
v -0.12198377400636673 0.1491224318742752 0.9358408451080322
v 0.005904999561607838 0.143668070435524 0.9026528596878052
v 0.13169008493423462 0.14708763360977173 0.9261956810951233
v 0.3215982913970947 0.18469829857349396 1.1490756273269653
v -0.446241170167923 0.22089925408363342 1.3834636211395264
v -0.17843054234981537 0.15575332939624786 0.9686415195465088
v -0.04330390319228172 0.14600595831871033 0.9092780351638794
v 0.0802704244852066 0.1458233743906021 0.9099611043930054
v 0.22147056460380554 0.15864628553390503 0.9879884719848633
v 0.45843222737312317 0.19953331351280212 1.2289860248565674
v -0.24480929970741272 0.16695110499858856 1.0275888442993164
v -0.09413377195596695 0.14993512630462646 0.9253931045532227
v 0.0313432551920414 0.14621664583683014 0.9033612012863159
v 0.16074706614017487 0.15220226347446442 0.9421887397766113
v 0.3617669939994812 0.1919509768486023 1.1592941284179688
v -0.34752893447875977 0.19641096889972687 1.1797893047332764
v -0.14810779690742493 0.15567517280578613 0.9507250785827637
v -0.017367303371429443 0.14791208505630493 0.9059605598449707
v 0.10707120597362518 0.14974471926689148 0.918480634689331
v 0.26254719495773315 0.1698904186487198 1.0362884998321533
v -0.4806690216064453 0.2280653566122055 1.3763424158096313
v -0.20850405097007751 0.16390441358089447 0.9935532212257385
v -0.06704245507717133 0.15116900205612183 0.916802167892456
v 0.056953005492687225 0.14919616281986237 0.9067460298538208
v 0.19169504940509796 0.15863163769245148 0.9644197225570679
v 0.4462444484233856 0.21257290244102478 1.319380760192871
v -0.2906959354877472 0.1842375099658966 1.1016193628311157
v -0.11955488473176956 0.15593627095222473 0.9373653531074524
v 0.008506577461957932 0.15037080645561218 0.9047020077705383
v 0.1348901093006134 0.15428391098976135 0.930343747138977
v 0.328664630651474 0.19478008151054382 1.1649531126022339
v -0.4417177438735962 0.230189710855484 1.3821028470993042
v -0.175917387008667 0.1628725826740265 0.970282256603241
v -0.04077671468257904 0.15269897878170013 0.9111344814300537
v 0.08308203518390656 0.15269950032234192 0.9130353927612305
v 0.2263779640197754 0.1672544777393341 0.9966645836830139
v 0.4611676335334778 0.20387041568756104 1.2149790525436401
v -0.24253351986408234 0.17450188100337982 1.0297234058380127
v -0.09166127443313599 0.1567956656217575 0.9269803166389465
v 0.03394472971558571 0.15294010937213898 0.9057901501655579
v 0.16430124640464783 0.15976841747760773 0.9473694562911987
v 0.40040600299835205 0.21679410338401794 1.2722630500793457
v -0.34391605854034424 0.20405313372612 1.1785187721252441
v -0.14576569199562073 0.16259369254112244 0.9524917006492615
v -0.014744304120540619 0.15464173257350922 0.9079885482788086
v 0.1100769191980362 0.15683428943157196 0.9221184849739075
v 0.2700130343437195 0.1805112212896347 1.0534085035324097
v -0.4752711355686188 0.237209290266037 1.3738805055618286
v -0.20617391169071198 0.17128078639507294 0.9954460263252258
v -0.06456566601991653 0.1579781472682953 0.9186391234397888
v 0.059614378958940506 0.15598367154598236 0.9095939993858337
v 0.19588077068328857 0.1666431576013565 0.971039891242981
v 0.45089152455329895 0.22490936517715454 1.3217065334320068
v -0.28930994868278503 0.1931748390197754 1.1083345413208008
v -0.11715465784072876 0.16283470392227173 0.939177393913269
v 0.011106939986348152 0.1571149080991745 0.9070221185684204
v 0.13822287321090698 0.1615990251302719 0.9349191188812256
v 0.33182036876678467 0.20487138628959656 1.1658257246017456
v -0.437457412481308 0.2394368052482605 1.3810851573944092
v -0.1734696477651596 0.17006604373455048 0.972210168838501
v -0.03824549913406372 0.15945811569690704 0.9132131338119507
v 0.08592391759157181 0.159682035446167 0.9164094924926758
v 0.23170529305934906 0.1762569695711136 1.006609320640564
v -0.5134697556495667 0.23769424855709076 1.2626612186431885
v -0.24027536809444427 0.18222038447856903 1.0323150157928467
v -0.08918789774179459 0.16372931003570557 0.9288836717605591
v 0.03656487911939621 0.15972504019737244 0.9084874987602234
v 0.16795775294303894 0.1675182282924652 0.9530034065246582
v 0.4176388680934906 0.23502714931964874 1.3195149898529053
v -0.341056764125824 0.21247577667236328 1.178618311882019
v -0.14345683157444 0.16958996653556824 0.9545143842697144
v -0.01213469635695219 0.16144777834415436 0.9102444648742676
v 0.11315081268548965 0.1640809178352356 0.9260864853858948
v 0.27885833382606506 0.19239743053913116 1.0768364667892456
v -0.4701312780380249 0.2463410347700119 1.3713375329971313
v -0.20385397970676422 0.17876166105270386 0.9976952075958252
v -0.062091946601867676 0.16483096778392792 0.9207279086112976
v 0.06232624500989914 0.16289399564266205 0.9127324223518372
v 0.2002245932817459 0.17498141527175903 0.9783967733383179
v 0.45751017332077026 0.23828552663326263 1.323765516281128
v -0.2887881100177765 0.20273058116436005 1.11647629737854
v -0.11473792791366577 0.16983698308467865 0.9412202835083008
v 0.013728626072406769 0.16389718651771545 0.9095980525016785
v 0.14166410267353058 0.1690768152475357 0.9398834109306335
v 0.3366239666938782 0.215232715010643 1.1653287410736084
v -0.43402305245399475 0.24961261451244354 1.3813707828521729
v -0.17108647525310516 0.17730562388896942 0.9744126796722412
v -0.0357518196105957 0.16628366708755493 0.9155005812644958
v 0.08882251381874084 0.16679997742176056 0.9201029539108276
v 0.23749558627605438 0.18571044504642487 1.018200397491455
v -0.5212345123291016 0.2588764429092407 1.3538446426391602
v -0.23808526992797852 0.19008880853652954 1.0352685451507568
v -0.08668886870145798 0.1707056313753128 0.9310710430145264
v 0.03920195996761322 0.1666148602962494 0.911431610584259
v 0.1717519760131836 0.17547522485256195 0.9591298699378967
v 0.42152366042137146 0.2459435611963272 1.3201900720596313
v -0.3375454843044281 0.22107723355293274 1.1796014308929443
v -0.1411725878715515 0.1766946166753769 0.956751823425293
v -0.009530170820653439 0.16831065714359283 0.9127351641654968
v 0.11631333827972412 0.17150987684726715 0.9304123520851135
v 0.2962176203727722 0.21018609404563904 1.1285063028335571
v -0.46513381600379944 0.25553110241889954 1.3688899278640747
v -0.20150645077228546 0.18631677329540253 1.0003323554992676
v -0.05963990092277527 0.17173311114311218 0.9230588674545288
v 0.06510211527347565 0.1699482500553131 0.9161701202392578
v 0.204763263463974 0.18363353610038757 0.9866819977760315
v 0.46381548047065735 0.25086650252342224 1.324539303779602
v -0.2880299389362335 0.2124570906162262 1.1257773637771606
v -0.11227452009916306 0.17693756520748138 0.943509042263031
v 0.016345463693141937 0.17076657712459564 0.9124554991722107
v 0.1451665759086609 0.17675437033176422 0.9452563524246216
v 0.34168004989624023 0.222297802567482 1.1649539470672607
v -0.42999231815338135 0.25996074080467224 1.382317304611206
v -0.16877396404743195 0.18462198972702026 0.9768809676170349
v -0.033282194286584854 0.1732119619846344 0.9180169105529785
v 0.09181038290262222 0.17412827908992767 0.9240744709968567
v 0.24387963116168976 0.19575688242912292 1.0316356420516968
v -0.5065024495124817 0.26481011509895325 1.3491742610931396
v -0.23598656058311462 0.19818219542503357 1.0387428998947144
v -0.08422427624464035 0.1777196079492569 0.933490514755249
v 0.041905734688043594 0.17366522550582886 0.9146407246589661
v 0.17571936547756195 0.18362373113632202 0.9658305644989014
v 0.42545416951179504 0.2559249997138977 1.3184584379196167
v -0.33396875858306885 0.22964084148406982 1.1791067123413086
v -0.13885828852653503 0.1839025914669037 0.9592055678367615
v -0.006955290213227272 0.17523635923862457 0.9154587984085083
v 0.11955936253070831 0.17916302382946014 0.9351357221603394
v 0.3059356212615967 0.22209283709526062 1.1541107892990112
v -0.45955485105514526 0.2649914026260376 1.3668193817138672
v -0.19916969537734985 0.19396881759166718 1.0033857822418213
v -0.057217203080654144 0.1787298619747162 0.9256123304367065
v 0.06795061379671097 0.17718316614627838 0.9198901057243347
v 0.20957189798355103 0.1926710307598114 0.9961156249046326
v 0.4682593047618866 0.26180902123451233 1.3215463161468506
v -0.2873603403568268 0.22257418930530548 1.1377909183502197
v -0.10978353023529053 0.1841363161802292 0.9460435509681702
v 0.018998151645064354 0.17775771021842957 0.9155498147010803
v 0.1487560123205185 0.18468721210956573 0.9510822296142578
v 0.387397825717926 0.25716835260391235 1.30771005153656
v -0.42599058151245117 0.27018505334854126 1.3832097053527832
v -0.16648629307746887 0.19203834235668182 0.979607343673706
v -0.030791830271482468 0.18025629222393036 0.9207671880722046
v 0.0949021652340889 0.18163807690143585 0.9283715486526489
v 0.2508377432823181 0.20649512112140656 1.0481218099594116
v -0.49399334192276 0.2711200416088104 1.3427084684371948
v -0.23394641280174255 0.20637600123882294 1.0427558422088623
v -0.08176395297050476 0.184823676943779 0.9361077547073364
v 0.04465986415743828 0.18085478246212006 0.9181151986122131
v 0.17991159856319427 0.19202256202697754 0.9733022451400757
v 0.4294738471508026 0.2650451958179474 1.315348744392395
v -0.3296486437320709 0.2383052259683609 1.1792768239974976
v -0.13647525012493134 0.19124583899974823 0.9618780612945557
v -0.004366521257907152 0.18223996460437775 0.9184579849243164
v 0.1229000836610794 0.1869838684797287 0.9403013586997986
v 0.3118167221546173 0.23386648297309875 1.1675037145614624
v -0.4536789357662201 0.2741866111755371 1.3653197288513184
v -0.19686511158943176 0.20177137851715088 1.0067867040634155
v -0.05480429530143738 0.18586929142475128 0.9283860921859741
v 0.07086978107690811 0.18454408645629883 0.9239512085914612
v 0.21472123265266418 0.20214161276817322 1.0070927143096924
v 0.47188058495521545 0.2711513042449951 1.3177093267440796
v -0.2869616150856018 0.23304413259029388 1.153503656387329
v -0.10728676617145538 0.19141694903373718 0.9488273859024048
v 0.021660825237631798 0.18487943708896637 0.9189042448997498
v 0.1524576097726822 0.19287537038326263 0.9574532508850098
v 0.39194178581237793 0.2667984664440155 1.3068745136260986
v -0.4221726357936859 0.2806921601295471 1.383733868598938
v -0.16425266861915588 0.1995888352394104 0.9825977087020874
v -0.02825835533440113 0.18740694224834442 0.923749566078186
v 0.09807155281305313 0.18927936255931854 0.9330061674118042
v 0.2592845559120178 0.21867787837982178 1.0714856386184692
v -0.4860597848892212 0.27875393629074097 1.3328349590301514
v -0.23195476830005646 0.21467503905296326 1.0472966432571411
v -0.07929351180791855 0.192045196890831 0.9389477372169495
v 0.04743458330631256 0.18813630938529968 0.9219192862510681
v 0.1843578815460205 0.20074404776096344 0.9817368984222412
v 0.43340393900871277 0.27387547492980957 1.311905026435852
v -0.38089078664779663 0.2776792347431183 1.3837432861328125
v -0.13405968248844147 0.19871316850185394 0.9648408889770508
v -0.0017530078766867518 0.1893434375524521 0.9217474460601807
v 0.12632429599761963 0.19494515657424927 0.945918083190918
v 0.31419000029563904 0.24325372278690338 1.161586046218872
v -0.44814449548721313 0.28320571780204773 1.3631911277770996
v -0.19464923441410065 0.20971263945102692 1.0105597972869873
v -0.05238310620188713 0.19312244653701782 0.9314391613006592
v 0.07385578751564026 0.19203020632266998 0.9283152222633362
v 0.22039079666137695 0.21214167773723602 1.019985556602478
v 0.4755815267562866 0.27984488010406494 1.3137980699539185
v -0.2862953543663025 0.24365068972110748 1.1658248901367188
v -0.10480953007936478 0.19879403710365295 0.9518604874610901
v 0.024315161630511284 0.1921248883008957 0.9225348830223083
v 0.15630990266799927 0.2012903392314911 0.9645029306411743
v 0.39472121000289917 0.2763337194919586 1.3036283254623413
v -0.41748762130737305 0.2905614972114563 1.3825836181640625
v -0.16206075251102448 0.20725813508033752 0.9858664274215698
v -0.025707624852657318 0.194619819521904 0.9269886016845703
v 0.10128065198659897 0.19702202081680298 0.9380072355270386
v 0.27762454748153687 0.23883457481861115 1.131489634513855
v -0.47811105847358704 0.28790318965911865 1.3282734155654907
v -0.23008489608764648 0.223288893699646 1.0528439283370972
v -0.07686859369277954 0.19938814640045166 0.9420169591903687
v 0.05022335425019264 0.1955028474330902 0.9260405898094177
v 0.18907202780246735 0.20984597504138947 0.9913009405136108
v 0.43679195642471313 0.28255799412727356 1.3082765340805054
v -0.377737820148468 0.2889164686203003 1.3846099376678467
v -0.13162395358085632 0.2063167840242386 0.9680681824684143
v 0.0008579575805924833 0.1966015249490738 0.9253208041191101
v 0.12984029948711395 0.2030360847711563 0.9520743489265442
v 0.3182879686355591 0.250114381313324 1.1610784530639648
v -0.4431684911251068 0.2919471561908722 1.359805703163147
v -0.1925325244665146 0.2178030163049698 1.0146739482879639
v -0.04991830512881279 0.20048874616622925 0.9347578883171082
v 0.07690022140741348 0.19963277876377106 0.9329794645309448
v 0.22691792249679565 0.22297044098377228 1.0355569124221802
v 0.4800677001476288 0.2884977459907532 1.3093042373657227
v -0.28459861874580383 0.25289788842201233 1.1731938123703003
v -0.1023416593670845 0.20626771450042725 0.9551284313201904
v 0.026977624744176865 0.19950687885284424 0.9264329075813293
v 0.16034725308418274 0.20995207130908966 0.9723265171051025
v 0.39702561497688293 0.2844763398170471 1.2988395690917969
v -0.4119897186756134 0.2999533414840698 1.3797502517700195
v -0.15983028709888458 0.21507304906845093 0.9893906116485596
v -0.023123128339648247 0.2019226849079132 0.9304598569869995
v 0.10457421094179153 0.20486190915107727 0.9434522390365601
v 0.28786417841911316 0.2522179186344147 1.1597907543182373
v -0.474229097366333 0.2998773753643036 1.3364653587341309
v -0.22846361994743347 0.232331782579422 1.059753656387329
v -0.07441412657499313 0.20681968331336975 0.9452787041664124
v 0.053049392998218536 0.202970951795578 0.9304728507995605
v 0.1940762996673584 0.21934711933135986 1.0022145509719849
v 0.4402236044406891 0.2910941541194916 1.3042552471160889
v -0.37471914291381836 0.2997271716594696 1.384045958518982
v -0.1291942447423935 0.21403345465660095 0.9715296030044556
v 0.003503300016745925 0.2040170431137085 0.9291588068008423
v 0.13347049057483673 0.21126742660999298 0.958842396736145
v 0.320244699716568 0.2528682351112366 1.1504262685775757
v -0.4392808973789215 0.3002035319805145 1.356238603591919
v -0.19052542746067047 0.22603760659694672 1.019141435623169
v -0.04741710424423218 0.20795996487140656 0.938315212726593
v 0.08002610504627228 0.20735497772693634 0.9379745721817017
v 0.23440364003181458 0.23469620943069458 1.0554592609405518
v 0.4847075045108795 0.29721060395240784 1.303460955619812
v -0.28482604026794434 0.2640415132045746 1.1875743865966797
v -0.09985528141260147 0.21381938457489014 0.9586315155029297
v 0.02965630777180195 0.20702804625034332 0.9306275248527527
v 0.16466733813285828 0.2188587486743927 0.981077253818512
v 0.39933857321739197 0.29246985912323 1.2938706874847412
v -0.4072439670562744 0.30930960178375244 1.3756893873214722
v -0.15760530531406403 0.2230316698551178 0.9932729005813599
v -0.020558571442961693 0.20932362973690033 0.9342190027236938
v 0.10795100033283234 0.21279075741767883 0.9493871331214905
v 0.2928365170955658 0.26387807726860046 1.1719532012939453
v -0.47253820300102234 0.3107184171676636 1.3414028882980347
v -0.22696608304977417 0.24163039028644562 1.067613124847412
v -0.07196446508169174 0.21433480083942413 0.9488143920898438
v 0.05593951791524887 0.21058820188045502 0.935198962688446
v 0.19943097233772278 0.2293654978275299 1.0149667263031006
v 0.44329261779785156 0.2994333803653717 1.299544095993042
v -0.36846399307250977 0.3100472390651703 1.3758704662322998
v -0.1268097311258316 0.2218126505613327 0.9752836227416992
v 0.0061663431115448475 0.21158917248249054 0.9333080649375916
v 0.13724081218242645 0.21966318786144257 0.9663674831390381
v 0.32023534178733826 0.25736546516418457 1.1327974796295166
v -0.4359987676143646 0.30825871229171753 1.3494609594345093
v -0.1886596530675888 0.23443526029586792 1.0240930318832397
v -0.04490828514099121 0.21548452973365784 0.9421462416648865
v 0.08321411907672882 0.2152004837989807 0.9433450102806091
v 0.24459925293922424 0.24922655522823334 1.087053894996643
v 0.48882749676704407 0.304659366607666 1.2976056337356567
v -0.2857321798801422 0.27573028206825256 1.2045152187347412
v -0.09741390496492386 0.22143183648586273 0.9623855352401733
v 0.032338883727788925 0.2147127091884613 0.9351312518119812
v 0.16921263933181763 0.22802217304706573 0.9909576177597046
v 0.39999088644981384 0.2995656132698059 1.2879395484924316
v -0.40181446075439453 0.31658902764320374 1.369592308998108
v -0.15544401109218597 0.2311246395111084 0.9975991249084473
v -0.018025677651166916 0.21684928238391876 0.9383071660995483
v 0.1114228293299675 0.22088569402694702 0.9559382796287537
v 0.29144617915153503 0.26938676834106445 1.1441885232925415
v -0.4692489504814148 0.31897392868995667 1.3343316316604614
v -0.22567103803157806 0.2513391375541687 1.0770071744918823
v -0.06951788067817688 0.2219504863023758 0.9526280164718628
v 0.05892092362046242 0.21838974952697754 0.9402111172676086
v 0.20548228919506073 0.24039264023303986 1.030580997467041
v 0.44536980986595154 0.30750638246536255 1.293230414390564
v -0.35876455903053284 0.3163994550704956 1.3612662553787231
v -0.12446104735136032 0.229634091258049 0.9793349504470825
v 0.008842981420457363 0.21932756900787354 0.9377424120903015
v 0.14119595289230347 0.22827036678791046 0.9747704863548279
v 0.3183097243309021 0.2624996304512024 1.1091716289520264
v -0.4317137598991394 0.31642946600914 1.3393166065216064
v -0.18677495419979095 0.2430867850780487 1.0297311544418335
v -0.042412251234054565 0.22309856116771698 0.9462078213691711
v 0.0864672139286995 0.22320638597011566 0.9491942524909973
v 0.26375049352645874 0.27114924788475037 1.1526386737823486
v 0.4944736063480377 0.3134578764438629 1.2886011600494385
v -0.28962409496307373 0.29014846682548523 1.2412530183792114
v -0.09499730914831161 0.22915229201316833 0.9663481712341309
v 0.035045526921749115 0.2225390523672104 0.9399241209030151
v 0.17405743896961212 0.23764760792255402 1.00226628780365
v 0.400983989238739 0.306048721075058 1.2822070121765137
v -0.3955145478248596 0.32352396845817566 1.3589105606079102
v -0.15330934524536133 0.23939719796180725 1.0024006366729736
v -0.015466242097318172 0.2245631217956543 0.9426637887954712
v 0.11501678079366684 0.22923137247562408 0.9631935954093933
v 0.2936840355396271 0.2760149836540222 1.1370420455932617
v -0.46590766310691833 0.32613006234169006 1.328909993171692
v -0.22532421350479126 0.26234951615333557 1.0902378559112549
v -0.06705024838447571 0.22972966730594635 0.9566804766654968
v 0.06197718158364296 0.22639530897140503 0.9456111788749695
v 0.2126404047012329 0.25285354256629944 1.0510170459747314
v 0.44769978523254395 0.3153477609157562 1.2867422103881836
v -0.355286568403244 0.32524797320365906 1.3673691749572754
v -0.12213177978992462 0.2375451922416687 0.9837831854820251
v 0.011542754247784615 0.22723430395126343 0.9424406886100769
v 0.14541950821876526 0.2373466044664383 0.9841942191123962
v 0.31577247381210327 0.2673417329788208 1.087732195854187
v -0.42632001638412476 0.3247693181037903 1.329343557357788
v -0.18489786982536316 0.2521255910396576 1.036505103111267
v -0.03990796580910683 0.23086857795715332 0.9505454897880554
v 0.08978866785764694 0.23141735792160034 0.9556610584259033
v 0.26972728967666626 0.2827077805995941 1.1667001247406006
v -0.5434364676475525 0.3445126414299011 1.342022180557251
v -0.3039318025112152 0.31363731622695923 1.3349249362945557
v -0.0926157683134079 0.23702678084373474 0.9706118106842041
v 0.037788718938827515 0.23050150275230408 0.9450706243515015
v 0.17933213710784912 0.24807153642177582 1.015748381614685
v 0.403264582157135 0.3130120635032654 1.2766728401184082
v -0.3895777761936188 0.32925403118133545 1.3449890613555908
v -0.15123072266578674 0.2478448897600174 1.0077686309814453
v -0.012897679582238197 0.23249560594558716 0.9473609924316406
v 0.11875392496585846 0.23795396089553833 0.9713066220283508
v 0.2950497269630432 0.28078919649124146 1.126487374305725
v -0.4616866409778595 0.33357658982276917 1.3239755630493164
v -0.2255406677722931 0.2741716206073761 1.1084105968475342
v -0.06457734107971191 0.23767927289009094 0.9611528515815735
v 0.06509167701005936 0.2346065491437912 0.9515414834022522
v 0.2242458015680313 0.27050936222076416 1.088715672492981
v 0.4500231146812439 0.3227851688861847 1.2798335552215576
v -0.35550540685653687 0.33882004022598267 1.3807923793792725
v -0.119905024766922 0.2456219494342804 0.9887456297874451
v 0.014237266033887863 0.23527926206588745 0.947472870349884
v 0.14986076951026917 0.24698296189308167 0.9948573708534241
v 0.31670552492141724 0.2749312222003937 1.0789146423339844
v -0.4210224747657776 0.3323684632778168 1.3202003240585327
v -0.18327732384204865 0.2617408037185669 1.044830083847046
v -0.03748466446995735 0.23882152140140533 0.9552717208862305
v 0.09317919611930847 0.23995545506477356 0.9628489017486572
v 0.2841988205909729 0.302165687084198 1.2202626466751099
v -0.5052614212036133 0.34567001461982727 1.3242290019989014
v -0.3164902627468109 0.33800697326660156 1.4001296758651733
v -0.09029323607683182 0.24507535994052887 0.9753305912017822
v 0.040631890296936035 0.23864850401878357 0.950688362121582
v 0.18544869124889374 0.26000434160232544 1.032800316810608
v 0.40679624676704407 0.3213479220867157 1.272439956665039
v -0.38337442278862 0.3342024087905884 1.3309824466705322
v -0.14925970137119293 0.25653383135795593 1.0138440132141113
v -0.010335090570151806 0.24065080285072327 0.9524178504943848
v 0.12269406765699387 0.24719420075416565 0.980381429195404
v 0.29355016350746155 0.2839410901069641 1.1069011688232422
v -0.45652687549591064 0.34105294942855835 1.3198100328445435
v -0.22821739315986633 0.2903071641921997 1.1431431770324707
v -0.06215199455618858 0.2458084225654602 0.9661033153533936
v 0.06828495115041733 0.24304530024528503 0.9581109285354614
v 0.2373320758342743 0.2885447144508362 1.1373822689056396
v 0.45205703377723694 0.3301897346973419 1.2731542587280273
v -0.3511030673980713 0.3522201478481293 1.384975790977478
v -0.11772452294826508 0.2539285719394684 0.9941914081573486
v 0.016931461170315742 0.2434730976819992 0.9529464840888977
v 0.15465763211250305 0.25743821263313293 1.0074951648712158
v 0.35054710507392883 0.3076890707015991 1.2130160331726074
v -0.4153870642185211 0.33826109766960144 1.3122327327728271
v -0.1819048821926117 0.2719832956790924 1.0549894571304321
v -0.03506983444094658 0.2469836175441742 0.9604214429855347
v 0.09670586884021759 0.2488635629415512 0.9709120988845825
v 0.27150958776474 0.299037367105484 1.1429154872894287
v -0.49405375123023987 0.35133394598960876 1.3189347982406616
v -0.3209369480609894 0.3565543591976166 1.41420316696167
v -0.0879664346575737 0.2533624768257141 0.9806088805198669
v 0.04357525333762169 0.24700051546096802 0.9569129943847656
v 0.192984476685524 0.2737608850002289 1.0568759441375732
v 0.41078320145606995 0.33047378063201904 1.268620491027832
v -0.37968578934669495 0.34172341227531433 1.3311835527420044
v -0.14729586243629456 0.2655065953731537 1.0207759141921997
v -0.007711009122431278 0.24900157749652863 0.9579662084579468
v 0.126861110329628 0.25702065229415894 0.9906383156776428
v 0.3190343677997589 0.3133080303668976 1.2090260982513428
v -0.4516066312789917 0.34886494278907776 1.3170905113220215
v -0.23000067472457886 0.30399173498153687 1.1698696613311768
v -0.05977403745055199 0.25415414571762085 0.9715444445610046
v 0.071604885160923 0.2517229914665222 0.9654891490936279
v 0.24508540332317352 0.3058227598667145 1.1671028137207031
v 0.4535294771194458 0.33742663264274597 1.2671910524368286
v -0.34561485052108765 0.36317145824432373 1.382447600364685
v -0.11559130996465683 0.2625640630722046 1.0001102685928345
v 0.019617022946476936 0.25181296467781067 0.9590317606925964
v 0.1600310057401657 0.2692248523235321 1.0237122774124146
v 0.35618826746940613 0.31784719228744507 1.221818447113037
v -0.4089874029159546 0.3442307114601135 1.3047544956207275
v -0.18076564371585846 0.2828441858291626 1.0666121244430542
v -0.03261395916342735 0.255387544631958 0.9661457538604736
v 0.10045915842056274 0.2582496702671051 0.9799933433532715
v 0.3131219148635864 0.3424200415611267 1.3292641639709473
v -0.4863123595714569 0.3578149378299713 1.3141427040100098
v -0.31659945845603943 0.37119078636169434 1.4021110534667969
v -0.0856664851307869 0.26191890239715576 0.9865721464157104
v 0.04661863297224045 0.2555620074272156 0.963893473148346
v 0.2076752483844757 0.2966056168079376 1.1136581897735596
v 0.4136350154876709 0.3394536077976227 1.265611171722412
v -0.3765236437320709 0.35379332304000854 1.3414232730865479
v -0.14549031853675842 0.2748456597328186 1.0286329984664917
v -0.005061108153313398 0.257449746131897 0.9642410278320312
v 0.13124892115592957 0.2674919664859772 1.0027246475219727
v 0.32917022705078125 0.32541048526763916 1.231833815574646
v -0.44666871428489685 0.3570779263973236 1.3152953386306763
v -0.22615371644496918 0.31342074275016785 1.1562621593475342
v -0.057518795132637024 0.2627464234828949 0.9777193069458008
v 0.07505752146244049 0.26069462299346924 0.9737623333930969
v 0.26903143525123596 0.336679607629776 1.2639079093933105
v 0.45498085021972656 0.3449748158454895 1.2615119218826294
v -0.341318815946579 0.3729165196418762 1.3798243999481201
v -0.11350168287754059 0.27154573798179626 1.0067986249923706
v 0.022391442209482193 0.2603432238101959 0.965937614440918
v 0.16651897132396698 0.28301021456718445 1.0457782745361328
v 0.362989604473114 0.3293288052082062 1.2323726415634155
v -0.40195128321647644 0.3510282337665558 1.2988375425338745
v -0.18016746640205383 0.2945649325847626 1.0808919668197632
v -0.030205138027668 0.263965904712677 0.9726883769035339
v 0.10441284626722336 0.2681255638599396 0.9904006719589233
v 0.31465834379196167 0.353607177734375 1.3100969791412354
v -0.47971561551094055 0.365820050239563 1.3104742765426636
v -0.3078343868255615 0.37918737530708313 1.3872202634811401
v -0.0834452211856842 0.2708798050880432 0.993489146232605
v 0.049778107553720474 0.2643832862377167 0.9718055725097656
v 0.2167409360408783 0.31273120641708374 1.1465439796447754
v 0.4160458743572235 0.3481181859970093 1.2629255056381226
v -0.37247249484062195 0.36637935042381287 1.3521835803985596
v -0.14380130171775818 0.28487086296081543 1.0377782583236694
v -0.002391636371612549 0.2660524547100067 0.9713777899742126
v 0.13613572716712952 0.2793548107147217 1.0183172225952148
v 0.33790960907936096 0.33860623836517334 1.2574914693832397
v -0.44109517335891724 0.3654322624206543 1.3135552406311035
v -0.22345010936260223 0.3249725103378296 1.1636701822280884
v -0.05529699847102165 0.27168264985084534 0.9848166704177856
v 0.07870319485664368 0.2701337933540344 0.98328697681427
v 0.2897416949272156 0.36380261182785034 1.3348870277404785
v 0.45643332600593567 0.35293275117874146 1.2562291622161865
v -0.3369385898113251 0.38297247886657715 1.377001404762268
v -0.11143424361944199 0.28104886412620544 1.014851689338684
v 0.02527092956006527 0.2691768705844879 0.9737772941589355
v 0.17578035593032837 0.30144476890563965 1.0830156803131104
v 0.3702889680862427 0.3411015272140503 1.2425909042358398
v -0.3962256610393524 0.3598647713661194 1.2981551885604858
v -0.18045945465564728 0.3083804249763489 1.1016467809677124
v -0.027760623022913933 0.2728980779647827 0.9802005887031555
v 0.10863763839006424 0.27887845039367676 1.0031555891036987
v 0.319439172744751 0.365182489156723 1.30516517162323
v -0.4738357961177826 0.3743325471878052 1.3089098930358887
v -0.30021166801452637 0.38754937052726746 1.3774514198303223
v -0.08121811598539352 0.2803788483142853 1.0015465021133423
v 0.053124360740184784 0.2737608253955841 0.9809032082557678
v 0.22784025967121124 0.3369499444961548 1.2010843753814697
v 0.41881343722343445 0.35663479566574097 1.2609100341796875
v -0.3679511547088623 0.3795252740383148 1.3560845851898193
v -0.14241112768650055 0.2962625324726105 1.0500023365020752
v 0.00033174181589856744 0.2750258147716522 0.9794674515724182
v 0.14222370088100433 0.29350289702415466 1.0410983562469482
v 0.34887468814849854 0.35726386308670044 1.291135311126709
v -0.43506452441215515 0.3742096722126007 1.3124983310699463
v -0.25612473487854004 0.3760566711425781 1.371009111404419
v -0.05306122452020645 0.2811656892299652 0.9930702447891235
v 0.08254813402891159 0.28040483593940735 0.9947153925895691
v 0.2900683581829071 0.37309059500694275 1.3174039125442505
v 0.45813363790512085 0.3604884445667267 1.251302719116211
v -0.3331981301307678 0.3924371004104614 1.3729788064956665
v -0.10945695638656616 0.29136040806770325 1.0245766639709473
v 0.028250109404325485 0.2785966396331787 0.9827570915222168
v 0.1880299597978592 0.3226616680622101 1.138270616531372
v 0.3772495985031128 0.35389918088912964 1.252565860748291
v -0.3926425576210022 0.37146109342575073 1.30276358127594
v -0.183523029088974 0.3261830806732178 1.1368887424468994
v -0.02531813457608223 0.2822013795375824 0.9888404607772827
v 0.11338057368993759 0.29138368368148804 1.0202840566635132
v 0.32497093081474304 0.37598004937171936 1.3051546812057495
v -0.46888044476509094 0.38301584124565125 1.3080356121063232
v -0.2951972484588623 0.3957854211330414 1.37167489528656
v -0.07914189994335175 0.2905125916004181 1.0109525918960571
v 0.056615445762872696 0.2838718295097351 0.9916577935218811
v 0.25781139731407166 0.37405332922935486 1.3241500854492188
v 0.4223290979862213 0.3649994730949402 1.2595255374908447
v -0.36363959312438965 0.3926732540130615 1.3582621812820435
v -0.1417432427406311 0.3091614246368408 1.066518783569336
v 0.0031338778790086508 0.2845536768436432 0.9887435436248779
v 0.1506187915802002 0.31220418214797974 1.078771948814392
v 0.35343044996261597 0.3738327920436859 1.3087900876998901
v -0.4297328293323517 0.3837926685810089 1.312659740447998
v -0.26158425211906433 0.396083265542984 1.3959803581237793
v -0.05091480165719986 0.2911793291568756 1.0027899742126465
v 0.0864839032292366 0.2920065224170685 1.0088839530944824
v 0.2936379015445709 0.3825945258140564 1.3063101768493652
v 0.4600658714771271 0.36766308546066284 1.2468960285186768
v -0.32951244711875916 0.4011288583278656 1.3680073022842407
v -0.10778495669364929 0.3029818534851074 1.0369027853012085
v 0.03143957257270813 0.28882279992103577 0.9933853149414062
v 0.19715887308120728 0.3465016484260559 1.1853327751159668
v 0.38450515270233154 0.3675389587879181 1.2620882987976074
v -0.3910890817642212 0.38583460450172424 1.3158881664276123
v -0.18448622524738312 0.3422418534755707 1.1687023639678955
v -0.022850388661026955 0.2920820116996765 0.9989390969276428
v 0.11915981024503708 0.3063196539878845 1.0450714826583862
v 0.32928207516670227 0.38647645711898804 1.304451584815979
v -0.4643931984901428 0.3917037844657898 1.3085026741027832
v -0.290235698223114 0.4040355086326599 1.3668863773345947
v -0.07717227190732956 0.3015895187854767 1.022122859954834
v 0.06032480299472809 0.29521462321281433 1.0048120021820068
v 0.25945958495140076 0.3871600925922394 1.317133903503418
v 0.42599183320999146 0.3736962378025055 1.2583378553390503
v -0.3600195646286011 0.4053628146648407 1.359165906906128
v -0.14207801222801208 0.32472601532936096 1.0909132957458496
v 0.006069852504879236 0.2948853075504303 0.9997798204421997
v 0.1615036129951477 0.3340384364128113 1.1338945627212524
v 0.3596949577331543 0.38806092739105225 1.3038825988769531
v -0.42536434531211853 0.3945102393627167 1.3140919208526611
v -0.2544317841529846 0.4061104655265808 1.371099829673767
v -0.048774756491184235 0.3018331825733185 1.0143916606903076
v 0.09092722833156586 0.3058320879936218 1.0284358263015747
v 0.29816508293151855 0.3918400704860687 1.2999989986419678
v 0.4637349545955658 0.37564677000045776 1.242559790611267
v -0.3253348171710968 0.4098910987377167 1.3627201318740845
v -0.10638495534658432 0.3163456320762634 1.0534001588821411
v 0.03491165116429329 0.3002234995365143 1.0065408945083618
v 0.2210913449525833 0.3832267224788666 1.2913973331451416
v 0.3919632136821747 0.3817210793495178 1.2730785608291626
v -0.3893488347530365 0.40103381872177124 1.3300292491912842
v -0.19282357394695282 0.36637258529663086 1.2299541234970093
v -0.020206259563565254 0.30294349789619446 1.0110440254211426
v 0.12705150246620178 0.32618600130081177 1.08540678024292
v 0.33388781547546387 0.396697074174881 1.3016475439071655
v -0.4598502218723297 0.40085774660110474 1.3087270259857178
v -0.28590354323387146 0.4124957025051117 1.362785816192627
v -0.07540912926197052 0.31408506631851196 1.0368949174880981
v 0.06446125358343124 0.30859386920928955 1.0223430395126343
v 0.2617233991622925 0.3961002826690674 1.2989481687545776
v 0.42949390411376953 0.3828194737434387 1.2582577466964722
v -0.35660821199417114 0.4166131913661957 1.3581491708755493
v -0.14432017505168915 0.3439217507839203 1.1293786764144897
v 0.009164797142148018 0.3066224157810211 1.0134248733520508
v 0.17195692658424377 0.36205294728279114 1.2052229642868042
v 0.3662016689777374 0.4003739058971405 1.3008760213851929
v -0.42231008410453796 0.4061201512813568 1.3168771266937256
v -0.24765853583812714 0.41547754406929016 1.3597939014434814
v -0.04654664918780327 0.31373438239097595 1.0284382104873657
v 0.09644754976034164 0.32289597392082214 1.0588372945785522
v 0.30258485674858093 0.40080997347831726 1.2961945533752441
v 0.4710983633995056 0.3863445818424225 1.2407684326171875
v -0.3207434415817261 0.4186519384384155 1.358046293258667
v -0.10583747923374176 0.33237501978874207 1.0784164667129517
v 0.038744281977415085 0.31350278854370117 1.0238680839538574
v 0.22555334866046906 0.3981207013130188 1.3006672859191895
v 0.39961135387420654 0.3953026235103607 1.2820839881896973
v -0.3873617649078369 0.4155893325805664 1.3377437591552734
v -0.20663388073444366 0.4010748565196991 1.3352653980255127
v -0.017506234347820282 0.3153240382671356 1.0259848833084106
v 0.1344567984342575 0.3444000482559204 1.1270885467529297
v 0.33824780583381653 0.40623486042022705 1.2982594966888428
v -0.45539066195487976 0.41044577956199646 1.3097635507583618
v -0.2808380424976349 0.4209083914756775 1.3574793338775635
v -0.07394755631685257 0.3281029164791107 1.0563572645187378
v 0.06921090930700302 0.3244096636772156 1.047960638999939
v 0.26649537682533264 0.4055464565753937 1.2938687801361084
v 0.4334093928337097 0.39321914315223694 1.2600616216659546
v -0.35353541374206543 0.4263642430305481 1.3557603359222412
v -0.14327917993068695 0.3597201406955719 1.1498851776123047
v 0.012384473346173763 0.32042455673217773 1.0315977334976196
v 0.19390076398849487 0.3992203176021576 1.3038928508758545
v 0.37112393975257874 0.4095454514026642 1.2977497577667236
v -0.41915684938430786 0.4182836413383484 1.3201167583465576
v -0.24037837982177734 0.42208266258239746 1.3472168445587158
v -0.0443979874253273 0.32753095030784607 1.0473220348358154
v 0.10428588092327118 0.343776136636734 1.10675048828125
v 0.3057946562767029 0.41032931208610535 1.292447566986084
v -0.5098608732223511 0.4125913381576538 1.298961877822876
v -0.31574711203575134 0.4274207353591919 1.3537201881408691
v -0.10617058724164963 0.3501420021057129 1.1121078729629517
v 0.043048225343227386 0.3291689455509186 1.048687219619751
v 0.22898411750793457 0.4068099558353424 1.286913514137268
v 0.40564125776290894 0.40721553564071655 1.2849531173706055
v -0.3845619261264801 0.4289194345474243 1.342085599899292
v -0.20582817494869232 0.41957932710647583 1.3402647972106934
v -0.014836311340332031 0.33000677824020386 1.0476206541061401
v 0.13846486806869507 0.36199814081192017 1.1376134157180786
v 0.34179985523223877 0.4156017303466797 1.2946076393127441
v -0.4513564109802246 0.42080405354499817 1.310838222503662
v -0.2745242416858673 0.42946505546569824 1.3517297506332397
v -0.07313209027051926 0.34656840562820435 1.0874555110931396
v 0.07521677762269974 0.3451732397079468 1.092549204826355
v 0.27141720056533813 0.4141808748245239 1.2906041145324707
v 0.4383917450904846 0.4042885899543762 1.2626432180404663
v -0.3503097891807556 0.4358367919921875 1.352586269378662
v -0.14073054492473602 0.3727770149707794 1.1555691957473755
v 0.015736490488052368 0.337251216173172 1.0596721172332764
v 0.19439028203487396 0.4089598059654236 1.2833865880966187
v 0.3744211792945862 0.41845259070396423 1.2940407991409302
v -0.41583555936813354 0.4298860430717468 1.3238182067871094
v -0.23403747379779816 0.42853185534477234 1.3358895778656006
v -0.042744413018226624 0.34573403000831604 1.0788213014602661
v 0.11261699348688126 0.3735576272010803 1.1765832901000977
v 0.3093181550502777 0.420510858297348 1.2904853820800781
v -0.4909043312072754 0.42292338609695435 1.2967612743377686
v -0.3108830451965332 0.4361175298690796 1.3494137525558472
v -0.10684572905302048 0.3704581558704376 1.1497716903686523
v 0.04838544875383377 0.3518044650554657 1.097739338874817
v 0.23481819033622742 0.4162617027759552 1.2819548845291138
v 0.4091682732105255 0.4175325334072113 1.2828600406646729
v -0.381603479385376 0.43989941477775574 1.3443063497543335
v -0.1985294371843338 0.4306012988090515 1.3284275531768799
v -0.012298745103180408 0.3498624563217163 1.0850473642349243
v 0.16019634902477264 0.41408979892730713 1.2900519371032715
v 0.3445720374584198 0.4251372814178467 1.2910248041152954
v -0.4480975270271301 0.43138933181762695 1.3131253719329834
v -0.26839369535446167 0.4375772476196289 1.3450226783752441
v -0.07357856631278992 0.3680584132671356 1.136572241783142
v 0.08140351623296738 0.37065964937210083 1.1470282077789307
v 0.27573370933532715 0.4230079650878906 1.287893295288086
v 0.4418649971485138 0.41410425305366516 1.2619558572769165
v -0.346885085105896 0.4446641802787781 1.3487770557403564
v -0.16126017272472382 0.4228217899799347 1.3128966093063354
v 0.019001971930265427 0.3591791093349457 1.1079034805297852
v 0.19860213994979858 0.4189227223396301 1.275451421737671
v 0.37766844034194946 0.4269743859767914 1.2889398336410522
v -0.4129630923271179 0.4399227499961853 1.326654314994812
v -0.22977879643440247 0.4364299178123474 1.3287768363952637
v -0.04245421662926674 0.36743271350860596 1.1255760192871094
v 0.12703408300876617 0.41667887568473816 1.2950186729431152
v 0.313104510307312 0.43010252714157104 1.2887299060821533
v -0.4834875464439392 0.4333609342575073 1.2987529039382935
v -0.30593129992485046 0.44461721181869507 1.3449519872665405
v -0.1146262139081955 0.40431445837020874 1.2346513271331787
v 0.05254296958446503 0.3702273964881897 1.1316430568695068
v 0.24003566801548004 0.4245882034301758 1.279973030090332
v 0.4114057719707489 0.4263356626033783 1.2785536050796509
v -0.3785160779953003 0.4491806626319885 1.3434808254241943
v -0.19363243877887726 0.4386381506919861 1.3199989795684814
v -0.00991254672408104 0.37064608931541443 1.1249830722808838
v 0.1625118851661682 0.4208326041698456 1.2762014865875244
v 0.34713494777679443 0.4346192479133606 1.2872177362442017
v -0.44436386227607727 0.44125425815582275 1.3147493600845337
v -0.2626332938671112 0.44541239738464355 1.338204264640808
v -0.07269303500652313 0.38608017563819885 1.1592384576797485
v 0.0908985584974289 0.41114652156829834 1.2468594312667847
v 0.27946165204048157 0.4316917657852173 1.2847808599472046
v 0.4445760250091553 0.4218998849391937 1.258889079093933
v -0.3426961600780487 0.45315203070640564 1.3453351259231567
v -0.15427452325820923 0.43512415885925293 1.304566740989685
v 0.023031333461403847 0.37592917680740356 1.1265461444854736
v 0.20418713986873627 0.42670026421546936 1.2725223302841187
v 0.3800031840801239 0.4352101981639862 1.282605528831482
v -0.41017165780067444 0.4496157169342041 1.3288062810897827
v -0.22571013867855072 0.44435328245162964 1.322187066078186
v -0.038986943662166595 0.38368067145347595 1.1401838064193726
v 0.12874050438404083 0.4249909222126007 1.2732090950012207
v 0.31653791666030884 0.4391847848892212 1.2866356372833252
v -0.4774537682533264 0.4437032639980316 1.2998425960540771
v -0.30083832144737244 0.45269155502319336 1.3402734994888306
v -0.10269481688737869 0.39384353160858154 1.1558853387832642
v 0.057174455374479294 0.38513919711112976 1.1360549926757812
v 0.24393728375434875 0.4331679046154022 1.2766128778457642
v 0.4135676920413971 0.43420514464378357 1.2733595371246338
v -0.3747381865978241 0.45812511444091797 1.3411273956298828
v -0.18902498483657837 0.4450795650482178 1.311635971069336
v -0.005779682658612728 0.38515815138816833 1.136811375617981
v 0.16753776371479034 0.42995980381965637 1.2687594890594482
v 0.3493761718273163 0.443936824798584 1.2834230661392212
v -0.4402061402797699 0.4508814811706543 1.3153975009918213
v -0.25755199790000916 0.4533785581588745 1.3315773010253906
v -0.06872197985649109 0.39520972967147827 1.1514747142791748
v 0.09830539673566818 0.42756617069244385 1.264552354812622
v 0.28259387612342834 0.44079405069351196 1.2822632789611816
v 0.4472751319408417 0.42905423045158386 1.254318118095398
v -0.33830106258392334 0.4616364538669586 1.341907024383545
v -0.14858503639698029 0.4430118501186371 1.295555830001831
v 0.02699142135679722 0.3921355903148651 1.1400264501571655
v 0.2087973803281784 0.43561530113220215 1.269605278968811
v 0.3815872371196747 0.4443351626396179 1.2764291763305664
v -0.4060995876789093 0.4597361087799072 1.3291738033294678
v -0.22114793956279755 0.452913373708725 1.3158960342407227
v -0.036184944212436676 0.39717158675193787 1.1442615985870361
v 0.13307173550128937 0.4326949417591095 1.2636833190917969
v 0.3198595643043518 0.4484848380088806 1.2848453521728516
v -0.4723978638648987 0.4541611969470978 1.301849603652954
v -0.296222984790802 0.46063655614852905 1.3352971076965332
v -0.11198447644710541 0.4441218972206116 1.2837750911712646
v 0.062309566885232925 0.3974764049053192 1.1371642351150513
v 0.24628505110740662 0.44175201654434204 1.272891879081726
v 0.41495048999786377 0.4419781267642975 1.2669625282287598
v -0.37078699469566345 0.46703845262527466 1.3374035358428955
v -0.18485471606254578 0.45334914326667786 1.30661940574646
v -0.007741233333945274 0.4302891194820404 1.25698983669281
v 0.17339524626731873 0.4391677975654602 1.2666131258010864
v 0.35169968008995056 0.45290547609329224 1.279262900352478
v -0.43649208545684814 0.46121206879615784 1.3152832984924316
v -0.25312021374702454 0.4620479941368103 1.3246374130249023
v -0.07496466487646103 0.44605258107185364 1.275699257850647
v 0.10252688080072403 0.43860387802124023 1.2568155527114868
v 0.2853487432003021 0.4501785933971405 1.2803552150726318
v 0.4505040645599365 0.43665623664855957 1.2470948696136475
v -0.33379343152046204 0.4704461097717285 1.3378102779388428
v -0.1439950317144394 0.45170292258262634 1.2897083759307861
v 0.030028067529201508 0.43456578254699707 1.244698405265808
v 0.21253134310245514 0.44541603326797485 1.2664343118667603
v 0.38317641615867615 0.45333749055862427 1.270582675933838
v -0.40224140882492065 0.4696618318557739 1.3261044025421143
v -0.21668414771556854 0.46235668659210205 1.309609055519104
v -0.0375395342707634 0.44269949197769165 1.2604373693466187
v 0.1381031572818756 0.44161564111709595 1.259704351425171
v 0.32300105690956116 0.45799344778060913 1.2814900875091553
v -0.46792009472846985 0.46394097805023193 1.3021472692489624
v -0.29142093658447266 0.469228059053421 1.3297924995422363
v -0.1060635969042778 0.4523191452026367 1.2750977277755737
v 0.06879104673862457 0.44303104281425476 1.2513749599456787
v 0.2477949857711792 0.4504452645778656 1.269626259803772
v 0.4166390299797058 0.4497295320034027 1.2597577571868896
v -0.3670811951160431 0.4764072000980377 1.3329646587371826
v -0.17947298288345337 0.46201905608177185 1.3002846240997314
v -0.00032902517705224454 0.4419981837272644 1.2507400512695312
v 0.17659538984298706 0.4494202435016632 1.2629780769348145
v 0.35382452607154846 0.46157127618789673 1.2742738723754883
v -0.4332443177700043 0.4716668426990509 1.3132035732269287
v -0.24826042354106903 0.47103413939476013 1.3174805641174316
v -0.0679272934794426 0.4526284635066986 1.2624776363372803
v 0.1070619747042656 0.4475685954093933 1.2535765171051025
v 0.28802478313446045 0.45955711603164673 1.2789608240127563
v 0.45641401410102844 0.44638755917549133 1.23750638961792
v -0.32997727394104004 0.479173868894577 1.3332953453063965
v -0.13857220113277435 0.4603639245033264 1.283224105834961
v 0.03627407178282738 0.44404855370521545 1.23647141456604
v 0.21483294665813446 0.4563209116458893 1.2615290880203247
v 0.38505926728248596 0.4615587294101715 1.2640249729156494
v -0.3983609676361084 0.47996968030929565 1.3217523097991943
v -0.2126811444759369 0.47194164991378784 1.3037574291229248
v -0.030497394502162933 0.451720267534256 1.2543905973434448
v 0.14169086515903473 0.451301634311676 1.2558224201202393
v 0.32637104392051697 0.4683724641799927 1.2792456150054932
v -0.46408841013908386 0.47362715005874634 1.3005876541137695
v -0.287277489900589 0.478574275970459 1.325411319732666
v -0.10039083659648895 0.4605775475502014 1.2672263383865356
v 0.07375248521566391 0.4519971013069153 1.245537281036377
v 0.2504134178161621 0.46067434549331665 1.2674931287765503
v 0.41928812861442566 0.4579296112060547 1.2537305355072021
v -0.36387985944747925 0.4865482747554779 1.3286164999008179
v -0.17391270399093628 0.4714249074459076 1.293643593788147
v 0.005322977900505066 0.4535646438598633 1.2443499565124512
v 0.17966246604919434 0.4605511724948883 1.2584235668182373
v 0.3551076054573059 0.4708838164806366 1.269343614578247
v -0.43061283230781555 0.48279625177383423 1.3098692893981934
v -0.2444174587726593 0.4810273051261902 1.3103643655776978
v -0.06374362111091614 0.461948037147522 1.2573397159576416
v 0.11072200536727905 0.4571191966533661 1.2507758140563965
v 0.29263800382614136 0.4708297848701477 1.2778409719467163
v 0.4640159010887146 0.461803138256073 1.232029914855957
v -0.3263435363769531 0.489989697933197 1.3288038969039917
v -0.1340062916278839 0.4706668257713318 1.2768405675888062
v 0.040673207491636276 0.45565181970596313 1.2342668771743774
v 0.21675990521907806 0.4678839147090912 1.2577097415924072
v 0.38650941848754883 0.4709721505641937 1.2591607570648193
v -0.3955993950366974 0.4902796745300293 1.3166561126708984
v -0.20981228351593018 0.48078975081443787 1.2977824211120605
v -0.025531664490699768 0.4630565941333771 1.2496579885482788
v 0.1466751992702484 0.46392664313316345 1.2527470588684082
v 0.32958611845970154 0.47921380400657654 1.2771987915039062
v -0.4602273106575012 0.48868998885154724 1.2984092235565186
v -0.2834877073764801 0.49494874477386475 1.3247478008270264
v -0.09758667647838593 0.47084563970565796 1.2616994380950928
v 0.07774187624454498 0.46354222297668457 1.2411935329437256
v 0.2558167278766632 0.4763256907463074 1.2670996189117432
v 0.4230254292488098 0.4675832986831665 1.249402403831482
v -0.36105602979660034 0.4993163049221039 1.3229938745498657
v -0.16925640404224396 0.4839554727077484 1.2887589931488037
v 0.009819352068006992 0.4660625457763672 1.2384172677993774
v 0.1851796656847 0.47753268480300903 1.2551538944244385
v 0.35499608516693115 0.48311647772789 1.261817216873169
v -0.42579859495162964 0.49941694736480713 1.3031588792800903
v -0.24267853796482086 0.4954858422279358 1.2990869283676147
v -0.05867772549390793 0.48027560114860535 1.257779598236084
v 0.11582740396261215 0.47548916935920715 1.2474071979522705
v 0.29866862297058105 0.4949040710926056 1.2721526622772217
v 0.44790804386138916 0.48137903213500977 1.1815667152404785
