HIERARCHY
ROOT Hips
{
	OFFSET -0.001795 -0.223333 0.028219
	CHANNELS 6 Xposition Yposition Zposition Zrotation Yrotation Xrotation 
	JOINT LeftUpLeg
	{
		OFFSET 0.069520 -0.091406 -0.006815
		CHANNELS 3 Zrotation Yrotation Xrotation
		JOINT LeftLeg
		{
			OFFSET 0.034277 -0.375199 -0.004496
			CHANNELS 3 Zrotation Yrotation Xrotation
			JOINT LeftFoot
			{
				OFFSET -0.013596 -0.397961 -0.043693
				CHANNELS 3 Zrotation Yrotation Xrotation
				JOINT LeftToe
				{
					OFFSET 0.026358 -0.055791 0.119288
					CHANNELS 3 Zrotation Yrotation Xrotation
					End Site
					{
						OFFSET 0.000000 0.000000 0.000000
					}
				}
			}
		}
	}
	JOINT RightUpLeg
	{
		OFFSET -0.067670 -0.090522 -0.004320
		CHANNELS 3 Zrotation Yrotation Xrotation
		JOINT RightLeg
		{
			OFFSET -0.038290 -0.382569 -0.008850
			CHANNELS 3 Zrotation Yrotation Xrotation
			JOINT RightFoot
			{
				OFFSET 0.015774 -0.398415 -0.042312
				CHANNELS 3 Zrotation Yrotation Xrotation
				JOINT RightToe
				{
					OFFSET -0.025372 -0.048144 0.123348
					CHANNELS 3 Zrotation Yrotation Xrotation
					End Site
					{
						OFFSET 0.000000 0.000000 0.000000
					}
				}
			}
		}
	}
	JOINT Spine
	{
		OFFSET -0.002533 0.108963 -0.026696
		CHANNELS 3 Zrotation Yrotation Xrotation
		JOINT Spine1
		{
			OFFSET 0.005487 0.135180 0.001092
			CHANNELS 3 Zrotation Yrotation Xrotation
			JOINT Spine2
			{
				OFFSET 0.001457 0.052922 0.025425
				CHANNELS 3 Zrotation Yrotation Xrotation
				JOINT Neck
				{
					OFFSET -0.002778 0.213870 -0.042857
					CHANNELS 3 Zrotation Yrotation Xrotation
					JOINT Head
					{
						OFFSET 0.005152 0.064970 0.051349
						CHANNELS 3 Zrotation Yrotation Xrotation
						End Site
						{
							OFFSET 0.000000 0.000000 0.000000
						}
					}
				}
				JOINT LeftShoulder
				{
					OFFSET 0.078845 0.121749 -0.034090
					CHANNELS 3 Zrotation Yrotation Xrotation
					JOINT LeftArm
					{
						OFFSET 0.090977 0.030469 -0.008868
						CHANNELS 3 Zrotation Yrotation Xrotation
						JOINT LeftForeArm
						{
							OFFSET 0.259612 -0.012772 -0.027456
							CHANNELS 3 Zrotation Yrotation Xrotation
							JOINT LeftHand
							{
								OFFSET 0.249234 0.008986 -0.001171
								CHANNELS 3 Zrotation Yrotation Xrotation
								End Site
								{
									OFFSET 0.000000 0.000000 0.000000
								}
							}
						}
					}
				}
				JOINT RightShoulder
				{
					OFFSET -0.081759 0.118833 -0.038615
					CHANNELS 3 Zrotation Yrotation Xrotation
					JOINT RightArm
					{
						OFFSET -0.096012 0.032551 -0.009143
						CHANNELS 3 Zrotation Yrotation Xrotation
						JOINT RightForeArm
						{
							OFFSET -0.253742 -0.013329 -0.021401
							CHANNELS 3 Zrotation Yrotation Xrotation
							JOINT RightHand
							{
								OFFSET -0.255298 0.007772 -0.005559
								CHANNELS 3 Zrotation Yrotation Xrotation
								End Site
								{
									OFFSET 0.000000 0.000000 0.000000
								}
							}
						}
					}
				}
			}
		}
	}
}
MOTION
Frames: 196
Frame Time: 0.050000
0.000000 0.912286 0.000000 0.137160 10.707142 -0.643256 3.520709 0.081623 4.247640 -3.009649 -0.560247 22.765002 7.630365 14.468659 -2.045914 0.000000 0.000000 0.000000 1.617475 1.652891 -16.226161 5.447582 -1.335209 17.689975 -9.572321 -23.804677 -0.488879 0.000000 0.000000 0.000000 0.272275 -0.407567 8.195903 2.951940 -1.544984 1.122037 -1.981369 -4.339046 6.765581 4.936894 -1.459352 -18.606609 0.000000 0.000000 0.000000 -18.957082 -8.998134 2.676115 -52.104480 -12.089083 -1.172754 -2.846019 -24.950351 1.548588 0.000000 0.000000 0.000000 18.008820 11.255057 4.767470 54.980325 15.541821 1.478627 -1.881444 22.054290 0.466920 0.000000 0.000000 0.000000 
-0.006296 0.918403 0.038855 -0.005520 7.191592 0.061663 5.252990 -0.124368 0.607935 -6.071498 0.422919 30.322122 6.818453 14.351661 2.819916 0.000000 0.000000 0.000000 4.064871 1.823181 -14.476245 4.373086 -0.865183 19.079988 -9.229539 -23.177976 -2.080437 0.000000 0.000000 0.000000 0.991743 -0.319185 5.998895 3.036887 -1.654170 2.083069 -2.531980 -2.615067 6.368700 3.928056 -0.572032 -20.984542 0.000000 0.000000 0.000000 -17.401210 -7.731357 2.037006 -53.643866 -12.658339 -0.890551 -4.275030 -24.001535 1.780505 0.000000 0.000000 0.000000 16.101727 9.757537 3.892733 56.656925 15.276790 1.549585 -1.211358 23.310358 0.625206 0.000000 0.000000 0.000000 
-0.012624 0.923948 0.076442 -0.039738 2.871403 -1.351324 6.136119 -0.271420 -4.818441 -7.733752 1.739858 40.437476 8.290590 17.642946 8.287713 0.000000 0.000000 0.000000 5.367022 1.313404 -9.534433 4.003507 -0.483796 15.975299 -8.764515 -21.728312 -2.303617 0.000000 0.000000 0.000000 1.865566 -0.465181 7.833564 1.496897 -0.641928 -1.528614 -1.447218 -1.690788 9.766201 2.214255 0.043320 -19.684082 0.000000 0.000000 0.000000 -19.043384 -6.293147 1.716926 -52.776484 -12.216764 -1.508181 -3.279800 -24.042512 1.687135 0.000000 0.000000 0.000000 14.045430 9.822740 3.638551 56.417209 14.783843 0.960024 2.086411 25.754855 1.360047 0.000000 0.000000 0.000000 
-0.018918 0.927640 0.113667 0.694880 -1.040466 -2.804967 5.694994 -0.382342 -8.929082 -8.998287 3.288957 42.170333 9.476234 19.393312 2.947289 0.000000 0.000000 0.000000 5.604321 0.382667 -3.203056 2.698744 -0.057619 12.657622 -7.043242 -17.134878 -1.481060 0.000000 0.000000 0.000000 1.075320 -0.400157 8.197899 0.692559 -0.320005 -0.552844 -0.493786 0.038775 9.437270 2.977810 -0.468592 -19.491965 0.000000 0.000000 0.000000 -19.561958 -5.901366 1.615299 -52.253169 -11.472559 -1.837075 -4.235525 -23.942080 1.894499 0.000000 0.000000 0.000000 13.725783 10.563966 3.853905 55.539445 14.859602 0.992644 1.634641 29.009130 1.406707 0.000000 0.000000 0.000000 
-0.025411 0.929753 0.151154 1.445895 -6.053584 -3.649183 3.663978 -0.698146 -13.398493 -7.461142 3.079390 35.809155 10.163490 20.773230 0.642334 0.000000 0.000000 0.000000 5.394488 -0.422279 2.220774 0.828234 0.330123 10.039238 -4.995981 -11.525772 -1.976714 0.000000 0.000000 0.000000 0.790921 -0.407318 9.768329 0.016103 0.000464 -2.017647 -0.140163 3.054909 10.287869 3.064760 -0.494752 -19.387372 0.000000 0.000000 0.000000 -20.568037 -6.412229 1.832696 -51.068639 -10.704093 -2.224542 -4.919187 -24.991072 2.125649 0.000000 0.000000 0.000000 14.410132 9.776109 3.534657 54.583503 15.970225 1.373904 2.487030 30.158945 1.709865 0.000000 0.000000 0.000000 
-0.032180 0.929299 0.190216 1.433751 -9.740606 -4.182819 2.219211 -0.899545 -15.015996 -4.163511 1.335656 23.945254 8.281696 17.155805 1.445724 0.000000 0.000000 0.000000 5.571004 -0.907457 5.851568 -0.065349 0.474013 9.037127 -3.694672 -7.355912 -3.306676 0.000000 0.000000 0.000000 0.876842 -0.398414 10.330594 -0.583209 0.251960 -1.788774 0.571551 3.499321 9.621512 3.083043 -0.648921 -19.761692 0.000000 0.000000 0.000000 -20.336718 -6.225622 2.160397 -52.455957 -10.819648 -2.245594 -3.995914 -24.250713 1.930228 0.000000 0.000000 0.000000 13.068108 10.084582 3.324521 55.781583 16.350813 1.699551 2.454963 31.106780 1.640070 0.000000 0.000000 0.000000 
-0.039170 0.925787 0.231519 1.363022 -12.686320 -4.570690 0.656420 -1.057491 -14.661438 -0.781734 0.034980 9.690199 4.148934 9.265266 4.946126 0.000000 0.000000 0.000000 5.504850 -1.265858 9.156104 -0.784772 0.652427 9.512990 -2.853574 -4.913237 -3.338289 0.000000 0.000000 0.000000 1.098843 -0.397543 10.673839 -1.620085 0.679684 -3.159802 0.888007 4.131071 11.130722 3.680673 -1.202328 -19.309449 0.000000 0.000000 0.000000 -19.211327 -6.285365 2.557350 -53.281629 -12.224353 -1.831660 -2.030993 -23.293074 1.515583 0.000000 0.000000 0.000000 13.288296 9.126797 2.680340 56.515051 16.256796 1.538420 4.163764 31.798999 2.081234 0.000000 0.000000 0.000000 
-0.046077 0.920549 0.275518 1.516003 -16.263397 -5.078233 -0.255797 -1.097136 -14.011569 1.840380 -0.381095 3.645197 0.495043 2.511881 6.902196 0.000000 0.000000 0.000000 4.736947 -1.421570 12.537191 -1.367219 0.917729 11.127428 -2.301303 -2.301889 -4.660124 0.000000 0.000000 0.000000 0.334636 -0.290420 10.284825 -1.851156 0.814239 -1.435605 0.858410 5.468817 9.955225 5.512777 -2.382967 -18.600410 0.000000 0.000000 0.000000 -19.155482 -7.052358 3.038282 -52.957971 -13.006961 -1.385580 -0.701133 -22.763073 1.210352 0.000000 0.000000 0.000000 14.693666 8.931937 2.410472 56.931642 15.324471 1.256240 4.216162 30.751856 1.968792 0.000000 0.000000 0.000000 
-0.053435 0.917938 0.322147 1.789603 -20.059664 -6.047702 -1.063441 -1.096294 -12.875144 1.678309 -0.393404 7.531275 1.999085 5.063775 7.560590 0.000000 0.000000 0.000000 3.409961 -1.217014 14.509770 -2.108401 1.489119 14.702782 -1.271877 -0.557121 -3.188303 0.000000 0.000000 0.000000 -1.147780 -0.132996 9.409557 -2.001702 0.846603 -1.715618 1.598588 5.556064 11.827854 4.520399 -2.167562 -17.919304 0.000000 0.000000 0.000000 -19.798578 -6.708237 3.569986 -52.823481 -14.520450 -1.043710 1.307100 -22.236462 0.903170 0.000000 0.000000 0.000000 15.389354 10.365047 2.592227 57.185043 13.966356 0.492046 2.621432 30.268746 1.400604 0.000000 0.000000 0.000000 
-0.060903 0.920981 0.368788 2.065583 -21.697006 -6.738167 -2.411738 -1.103146 -10.385880 1.739139 -0.375994 9.937516 1.570653 4.106048 6.594656 0.000000 0.000000 0.000000 1.581088 -0.796637 12.501067 -0.308689 2.364595 24.059904 -0.497281 -0.075221 -1.397222 0.000000 0.000000 0.000000 -2.434245 -0.019231 9.152447 -1.453308 0.509641 -3.046729 1.691440 4.260203 12.916856 4.521594 -2.510683 -17.717260 0.000000 0.000000 0.000000 -19.401957 -6.815558 4.322676 -52.946873 -15.830258 -0.713447 2.007821 -21.648398 0.843531 0.000000 0.000000 0.000000 15.332938 9.139752 1.475579 58.716500 11.325672 -0.919981 4.487137 29.108281 1.635449 0.000000 0.000000 0.000000 
-0.068678 0.927816 0.411621 2.456736 -26.165085 -7.219208 -2.818944 -0.882882 -7.329746 0.396863 0.052284 10.147198 2.937838 6.431865 6.163669 0.000000 0.000000 0.000000 -1.470490 -0.123526 6.193666 3.707183 4.022827 38.793903 0.244704 -3.666457 6.043576 0.000000 0.000000 0.000000 -3.080780 0.051589 8.412003 -1.514828 0.549801 -2.179268 1.598251 3.148946 12.466801 4.175436 -2.741929 -16.891223 0.000000 0.000000 0.000000 -18.844530 -6.556771 5.046575 -52.988907 -17.579630 -0.034188 2.551831 -21.817209 0.868569 0.000000 0.000000 0.000000 14.652002 9.652208 0.977900 59.776665 9.461421 -1.856106 4.790080 29.042970 1.413549 0.000000 0.000000 0.000000 
-0.077032 0.933054 0.448015 2.077714 -28.620579 -6.607497 -3.104770 -0.533840 -3.573046 0.440925 0.007560 7.796378 3.854497 8.210472 5.220587 0.000000 0.000000 0.000000 -3.193435 0.325907 -1.609067 9.156721 4.245348 49.553712 -3.616046 -13.186233 11.420609 0.000000 0.000000 0.000000 -2.879630 0.055845 8.279555 -1.645696 0.600511 -2.162587 1.405751 0.196626 12.382189 2.150324 -1.968086 -16.789981 0.000000 0.000000 0.000000 -18.108088 -7.924998 6.741196 -50.978582 -20.012516 0.826943 3.246342 -21.185381 0.748785 0.000000 0.000000 0.000000 14.903232 9.728387 -0.025072 59.911957 7.325065 -2.846196 6.401561 29.155666 1.423417 0.000000 0.000000 0.000000 
-0.086811 0.937435 0.479712 1.487210 -30.522542 -6.206004 -3.297171 -0.112250 -0.024210 0.649724 -0.083122 5.127187 5.211831 10.851678 6.146802 0.000000 0.000000 0.000000 -3.725670 0.841617 -8.660042 14.205958 2.971286 54.155132 -8.519731 -21.455731 11.740359 0.000000 0.000000 0.000000 -2.820554 0.090446 8.955720 -1.055730 0.331038 -2.072865 1.123054 -2.769788 11.920323 0.671161 -1.454827 -17.863420 0.000000 0.000000 0.000000 -17.737154 -8.588786 7.916017 -48.879553 -22.632282 1.737284 4.584325 -21.799571 0.567438 0.000000 0.000000 0.000000 14.983961 10.432336 -0.656968 59.576197 6.591303 -3.024761 7.119260 28.625223 1.227788 0.000000 0.000000 0.000000 
-0.097903 0.939483 0.508895 0.233766 -32.238644 -5.734197 -2.481892 0.435929 3.620585 0.741165 -0.113792 3.178936 5.870117 12.285228 6.167354 0.000000 0.000000 0.000000 -3.264047 1.451982 -13.950199 16.551853 1.849080 51.673762 -11.852755 -26.978617 12.290037 0.000000 0.000000 0.000000 -2.226070 0.090445 10.037263 -0.422976 0.025784 -2.268019 0.682767 -4.552071 11.944617 -1.202244 -0.603464 -18.262809 0.000000 0.000000 0.000000 -17.216968 -9.518800 8.857090 -46.556001 -25.227871 2.565239 5.622127 -21.698629 0.360356 0.000000 0.000000 0.000000 15.714399 10.515954 -1.463886 58.243544 5.140669 -3.348658 8.577123 29.187189 1.336036 0.000000 0.000000 0.000000 
-0.110465 0.939417 0.536191 -0.345957 -33.068366 -5.225787 -1.997775 0.845638 6.127913 0.125615 0.003692 1.809192 6.268301 13.342051 5.654937 0.000000 0.000000 0.000000 -2.871475 2.122062 -18.143704 16.241789 1.343336 45.679874 -12.880197 -28.798852 9.791184 0.000000 0.000000 0.000000 -2.366673 0.141798 10.620407 0.118376 -0.222853 -2.428726 0.827178 -6.915466 12.075920 -2.318229 -0.274215 -19.519093 0.000000 0.000000 0.000000 -16.384622 -9.743321 9.329714 -45.767703 -28.493268 3.964740 8.055920 -21.039998 -0.032897 0.000000 0.000000 0.000000 15.034523 11.526240 -1.503677 57.995272 4.614185 -3.569720 8.776421 29.289894 1.136874 0.000000 0.000000 0.000000 
-0.124775 0.937084 0.562356 -0.338403 -34.585228 -4.835296 -2.083841 1.272086 8.431036 0.105732 0.014886 0.458671 6.999822 15.155186 5.236309 0.000000 0.000000 0.000000 -2.051692 2.580535 -20.073516 12.043262 1.726476 35.529912 -12.124599 -27.365553 6.179382 0.000000 0.000000 0.000000 -2.874900 0.245168 10.992188 0.809952 -0.558907 -3.066103 0.469626 -7.724761 12.452655 -3.725929 0.310537 -20.222321 0.000000 0.000000 0.000000 -15.491351 -10.881866 10.053258 -44.541575 -30.405775 4.655238 9.956858 -20.463568 -0.337764 0.000000 0.000000 0.000000 15.008493 11.446749 -1.971574 57.449981 3.902153 -3.791465 9.574130 28.696744 1.151086 0.000000 0.000000 0.000000 
-0.141380 0.932976 0.587967 -0.773044 -35.197292 -3.630113 -1.907974 1.609315 10.147250 0.600960 -0.058116 -0.733381 6.276912 14.161758 3.613673 0.000000 0.000000 0.000000 -1.523274 3.044314 -21.941029 7.830734 1.174830 23.427873 -9.673469 -22.996928 5.064909 0.000000 0.000000 0.000000 -2.086965 0.130462 10.323546 0.638849 -0.420266 -2.211781 0.347388 -9.368759 11.399307 -3.886179 0.324158 -18.951682 0.000000 0.000000 0.000000 -15.655905 -11.109186 10.666057 -43.377213 -32.926372 5.511031 10.803175 -18.445357 -0.445001 0.000000 0.000000 0.000000 14.309987 11.910990 -2.026641 58.659805 3.039371 -4.381965 8.177388 27.944019 0.660491 0.000000 0.000000 0.000000 
-0.160788 0.929954 0.613649 -0.174370 -35.552567 -3.572156 -2.604461 1.991068 11.728929 1.277175 -0.170857 -0.749243 6.801225 15.547813 3.471090 0.000000 0.000000 0.000000 -1.218559 2.740359 -20.337597 5.037059 0.440089 12.275496 -7.142726 -18.406198 5.286606 0.000000 0.000000 0.000000 -2.186264 0.148519 10.344287 1.365770 -0.709304 -1.945135 -0.609925 -9.812033 10.563162 -4.075471 0.403048 -19.035101 0.000000 0.000000 0.000000 -17.046296 -11.960897 11.788222 -40.869848 -33.223269 4.815061 12.082077 -17.676997 -0.621417 0.000000 0.000000 0.000000 14.839959 11.860967 -2.297023 58.342389 2.099129 -4.679741 7.103391 27.666378 0.443397 0.000000 0.000000 0.000000 
-0.184033 0.925581 0.639981 -0.134769 -34.705503 -3.299922 -2.141248 2.376601 13.623675 1.432253 -0.206158 -0.316223 6.894777 15.868928 3.516762 0.000000 0.000000 0.000000 -0.561132 2.556097 -19.169564 4.472415 0.242261 9.053083 -6.542260 -17.718254 6.271291 0.000000 0.000000 0.000000 -1.471363 0.050329 10.158252 1.081477 -0.598428 -2.122164 -0.804366 -10.769110 9.855405 -3.437214 0.127921 -17.366667 0.000000 0.000000 0.000000 -18.029903 -11.654658 12.147078 -41.893664 -33.410675 4.973330 11.288982 -17.837404 -0.529135 0.000000 0.000000 0.000000 14.405407 11.258740 -2.543991 60.173770 1.198391 -5.566894 6.371357 26.976219 0.227105 0.000000 0.000000 0.000000 
-0.211806 0.923028 0.666909 -0.366630 -34.011693 -3.061769 -1.115869 2.504484 14.613473 1.111711 -0.183581 3.182641 6.781761 16.227829 1.794738 0.000000 0.000000 0.000000 -0.572591 2.467825 -18.793656 5.089949 0.245737 10.157800 -6.914013 -19.062947 8.158848 0.000000 0.000000 0.000000 -0.854947 -0.043597 9.507754 0.785255 -0.492923 -2.444720 -1.057109 -10.785321 10.544006 -3.438350 0.165033 -16.919935 0.000000 0.000000 0.000000 -17.391735 -11.460929 11.677133 -43.792534 -33.007251 5.430101 11.996847 -19.935400 -0.648756 0.000000 0.000000 0.000000 14.923455 10.777668 -2.849680 59.709100 0.475298 -5.838346 6.744878 27.299905 0.350858 0.000000 0.000000 0.000000 
-0.243193 0.922800 0.693929 -0.817610 -33.098574 -2.555837 0.554527 2.361201 14.696031 1.487603 -0.209844 7.204744 6.210938 14.232552 3.764039 0.000000 0.000000 0.000000 -0.554096 2.247888 -17.716656 6.399271 0.215741 12.038403 -8.018478 -20.903124 8.690782 0.000000 0.000000 0.000000 -0.254482 -0.137423 7.968668 1.223888 -0.611991 -1.464926 -1.253160 -10.636829 10.003781 -3.188946 0.205938 -15.772780 0.000000 0.000000 0.000000 -18.040388 -10.629320 11.196742 -44.776753 -31.888284 5.156364 11.056382 -21.766423 -0.532352 0.000000 0.000000 0.000000 15.596478 10.922772 -2.812498 59.178745 0.122529 -5.725244 6.775080 27.303511 0.445680 0.000000 0.000000 0.000000 
-0.275295 0.925056 0.719878 -1.921655 -33.268846 -1.610385 4.019067 1.766877 12.415451 -0.864331 0.997430 15.346587 6.131179 13.381081 5.718642 0.000000 0.000000 0.000000 1.047185 2.118617 -16.350576 6.294829 0.352314 13.706712 -7.486582 -19.556507 7.431113 0.000000 0.000000 0.000000 0.812130 -0.215724 6.240211 1.337094 -0.592691 -0.591164 -0.882857 -9.557161 9.336331 -3.360171 0.586349 -14.176969 0.000000 0.000000 0.000000 -18.730505 -9.525259 10.506930 -46.399618 -30.676035 4.978622 11.090922 -24.100146 -0.511380 0.000000 0.000000 0.000000 14.338869 10.834911 -2.081487 58.905725 1.168885 -5.418873 7.255312 26.228880 0.671170 0.000000 0.000000 0.000000 
-0.305358 0.928430 0.743379 -2.257823 -32.265313 -2.278459 7.441339 1.240585 8.311830 -3.650532 3.965905 27.378931 6.446864 13.281970 9.522173 0.000000 0.000000 0.000000 2.092235 1.509753 -12.643747 5.579685 0.388262 13.483756 -7.064910 -18.060719 5.970815 0.000000 0.000000 0.000000 1.244246 -0.246548 6.835763 1.528567 -0.737284 -1.284496 -0.511015 -8.127180 9.403205 -3.489104 0.821904 -14.157245 0.000000 0.000000 0.000000 -19.232353 -10.149159 10.633158 -47.440449 -30.957590 5.220475 10.910161 -24.387165 -0.493413 0.000000 0.000000 0.000000 12.992459 10.492272 -1.353401 59.335275 2.503501 -5.154943 7.960531 26.308852 0.937950 0.000000 0.000000 0.000000 
-0.331433 0.930198 0.765417 -2.090149 -31.754879 -2.985257 9.046533 0.968587 3.117209 -4.268433 6.985277 38.344525 5.696266 11.895544 10.949553 0.000000 0.000000 0.000000 2.684793 0.887636 -8.591730 5.340244 0.298538 12.180041 -6.840630 -16.550373 3.889583 0.000000 0.000000 0.000000 1.561483 -0.267890 7.396783 1.337718 -0.686105 -1.661340 -0.523326 -7.142486 9.320171 -2.644093 0.405758 -13.799144 0.000000 0.000000 0.000000 -18.982276 -9.637896 9.927250 -49.099129 -31.728904 6.045346 10.839606 -24.134878 -0.459050 0.000000 0.000000 0.000000 12.331576 10.701019 -0.799461 59.513260 3.324609 -4.882752 6.860239 27.484689 0.796916 0.000000 0.000000 0.000000 
-0.354619 0.933568 0.787575 -1.666580 -31.744564 -3.199090 8.339668 0.735688 -1.503061 -3.729227 8.588621 44.473256 5.295029 11.287582 7.681045 0.000000 0.000000 0.000000 2.818148 0.460785 -5.473984 4.742219 0.264616 10.797420 -6.239486 -15.119805 3.560562 0.000000 0.000000 0.000000 1.541762 -0.265140 7.368507 0.905867 -0.536512 -2.296074 -0.253502 -5.194110 10.064692 -2.101425 0.180954 -13.842226 0.000000 0.000000 0.000000 -18.728694 -10.083371 9.712489 -51.089765 -31.816419 6.592057 10.529351 -24.935031 -0.412206 0.000000 0.000000 0.000000 13.254741 10.431231 -0.833661 58.012106 3.600097 -4.365240 6.133123 28.001231 0.777597 0.000000 0.000000 0.000000 
-0.376094 0.936342 0.810249 -1.641322 -31.187675 -3.105492 7.714908 0.589155 -6.220703 -3.306256 9.092612 47.488775 5.924312 12.412844 6.376767 0.000000 0.000000 0.000000 3.109709 0.154693 -2.911426 4.399406 0.196699 9.466282 -5.972764 -14.224798 2.963012 0.000000 0.000000 0.000000 1.931950 -0.281203 6.846884 0.313664 -0.227813 -1.527340 0.347148 -4.115987 9.336970 -1.618607 0.038656 -13.505371 0.000000 0.000000 0.000000 -19.483027 -9.319545 9.093147 -53.337559 -31.557126 7.029006 9.390555 -25.281761 -0.179472 0.000000 0.000000 0.000000 12.454530 9.638326 -0.636832 58.207075 4.699855 -3.969623 4.743468 27.797291 0.566945 0.000000 0.000000 0.000000 
-0.396267 0.937635 0.833473 -1.211056 -31.484141 -3.154296 6.284009 0.388637 -9.797406 -4.033294 9.371035 46.497105 6.989255 14.486089 3.275700 0.000000 0.000000 0.000000 3.624191 -0.183869 0.208025 3.009073 0.227899 7.870421 -5.248203 -12.260955 2.124749 0.000000 0.000000 0.000000 2.120662 -0.287891 6.766107 -0.463283 0.116984 -1.570996 0.755386 -2.259591 9.735202 -1.521947 0.102893 -13.898792 0.000000 0.000000 0.000000 -19.631403 -9.775796 8.990221 -54.013469 -30.245034 6.484662 9.652192 -24.633164 -0.271420 0.000000 0.000000 0.000000 12.663008 8.932638 -0.658597 57.156652 4.960539 -3.716597 4.843672 28.397057 0.719722 0.000000 0.000000 0.000000 
-0.415437 0.938087 0.857002 -1.162577 -31.203368 -3.112093 5.849398 0.389767 -13.395017 -5.740666 9.181338 43.017900 8.758924 17.869053 2.636175 0.000000 0.000000 0.000000 4.158125 -0.444812 2.863515 2.112589 0.258861 7.206199 -5.008412 -11.337538 1.464675 0.000000 0.000000 0.000000 1.952529 -0.267046 6.128132 -0.400944 0.129519 -1.057264 0.916695 -1.442448 10.103969 -1.237816 -0.007156 -14.254138 0.000000 0.000000 0.000000 -20.714774 -8.559517 8.291091 -54.364937 -28.342526 5.404743 7.921583 -23.937544 0.056522 0.000000 0.000000 0.000000 13.112899 8.508305 -0.740418 56.354434 5.423407 -3.388909 3.760508 28.337289 0.558426 0.000000 0.000000 0.000000 
-0.433510 0.936874 0.881046 -0.911325 -31.352634 -3.424469 4.388255 0.195003 -16.310009 -7.631371 8.219644 36.340205 10.475821 20.958207 3.116262 0.000000 0.000000 0.000000 4.172345 -0.640563 5.673018 1.523736 0.255893 6.405228 -4.688219 -10.384133 1.085833 0.000000 0.000000 0.000000 1.655217 -0.261492 6.701771 -0.740579 0.273366 -1.157703 1.061548 -0.148868 10.420479 -1.006308 -0.054291 -14.404326 0.000000 0.000000 0.000000 -20.777752 -8.231644 7.786085 -54.815011 -25.725549 4.133684 7.508472 -21.560177 0.066652 0.000000 0.000000 0.000000 13.774870 7.616275 -1.043749 55.812655 6.007063 -3.025111 3.373707 28.475434 0.555471 0.000000 0.000000 0.000000 
-0.450766 0.934551 0.906061 -1.183402 -31.745302 -2.899387 3.894081 0.195370 -18.390827 -9.323029 6.537270 27.263410 12.384027 23.727232 5.380116 0.000000 0.000000 0.000000 4.699417 -0.802277 7.580594 1.123747 0.293023 6.411983 -5.012630 -10.882027 1.040679 0.000000 0.000000 0.000000 1.587298 -0.256294 6.531386 -0.796586 0.295615 -1.245035 1.534940 1.067256 10.966975 -1.495906 0.329605 -15.672742 0.000000 0.000000 0.000000 -21.075577 -7.849857 7.387724 -54.284267 -23.494250 2.875725 6.815903 -18.605185 0.097998 0.000000 0.000000 0.000000 14.279551 7.797284 -0.890949 54.967003 7.180067 -2.386999 1.774024 27.557204 0.277135 0.000000 0.000000 0.000000 
-0.467314 0.931063 0.932687 -1.818020 -31.964644 -2.194160 2.762231 0.018018 -20.029288 -8.374481 3.900777 17.589179 14.839343 26.220523 10.270777 0.000000 0.000000 0.000000 5.341706 -0.966507 9.369734 0.805843 0.277608 5.776340 -5.276500 -10.984520 0.522459 0.000000 0.000000 0.000000 2.071075 -0.294802 7.083992 -0.860594 0.287803 -1.743464 1.328601 2.168918 11.300150 -1.294648 0.291015 -16.101316 0.000000 0.000000 0.000000 -21.278917 -6.930239 6.656328 -54.004187 -20.330877 1.239425 6.309968 -16.978697 0.140943 0.000000 0.000000 0.000000 14.640412 7.374807 -0.970333 54.523684 7.636457 -2.137956 1.184495 27.797840 0.203275 0.000000 0.000000 0.000000 
-0.483985 0.926434 0.961460 -2.474434 -31.831472 -1.625340 1.970530 -0.175287 -20.268071 -6.217036 1.748010 7.685697 16.798099 28.223641 13.484286 0.000000 0.000000 0.000000 6.153541 -1.150757 11.029977 0.296859 0.370430 6.419072 -5.270798 -10.881494 0.460126 0.000000 0.000000 0.000000 2.069951 -0.303239 7.430618 -0.928144 0.325515 -1.701315 1.571444 2.852503 11.604191 -1.115613 0.258818 -16.563835 0.000000 0.000000 0.000000 -21.411739 -6.435459 6.174894 -53.730129 -17.480356 -0.131455 5.929498 -16.322358 0.167358 0.000000 0.000000 0.000000 13.878622 7.425550 -0.605297 54.800113 9.061450 -1.653700 0.325787 27.863576 0.069481 0.000000 0.000000 0.000000 
-0.501281 0.921452 0.993225 -2.668784 -31.719559 -0.763167 1.858374 -0.225647 -19.814373 -5.487554 1.018451 -0.734839 18.378221 30.598048 14.012983 0.000000 0.000000 0.000000 6.435951 -1.237745 11.764878 0.097316 0.556290 8.373412 -6.520373 -12.600682 -0.651869 0.000000 0.000000 0.000000 1.625041 -0.282451 7.212531 -0.625290 0.171178 -2.012591 1.191726 4.043382 11.734221 -0.012479 -0.307590 -16.196404 0.000000 0.000000 0.000000 -21.270250 -5.816690 5.455328 -53.447690 -14.706861 -1.393206 5.583086 -15.810464 0.192826 0.000000 0.000000 0.000000 14.766430 6.887574 -0.753581 53.939325 9.651124 -1.310241 0.117961 27.635843 0.124601 0.000000 0.000000 0.000000 
-0.519825 0.916170 1.028900 -2.103795 -31.086973 -1.414152 0.729557 -0.576615 -18.209819 -4.029986 0.698770 -3.897352 17.430422 29.487450 13.654789 0.000000 0.000000 0.000000 5.465942 -1.181099 14.049546 0.664552 0.556211 9.263260 -6.784278 -13.040968 -0.815953 0.000000 0.000000 0.000000 0.633093 -0.214325 8.123089 -1.329133 0.413218 -2.923899 1.348081 4.169032 12.536809 0.108392 -0.380177 -15.373550 0.000000 0.000000 0.000000 -20.554765 -6.010494 5.360931 -53.948175 -13.087358 -2.057425 6.177892 -15.078156 0.109455 0.000000 0.000000 0.000000 15.386253 7.173909 -0.647495 55.657569 8.902751 -1.802133 -0.975344 27.554081 -0.077136 0.000000 0.000000 0.000000 
-0.539764 0.913419 1.069515 -1.770174 -30.173821 -1.845337 -0.311595 -0.838868 -17.326041 -3.909883 0.692100 -1.524442 17.931872 28.564703 18.281293 0.000000 0.000000 0.000000 4.901130 -1.147084 15.709626 1.262744 0.680538 11.647272 -6.262017 -13.527484 2.009457 0.000000 0.000000 0.000000 -0.577113 -0.128107 7.445068 -2.124228 0.831114 -2.192732 2.179593 4.260632 12.447796 -0.366721 -0.006759 -15.715780 0.000000 0.000000 0.000000 -20.230305 -6.198170 5.253835 -54.534648 -12.553091 -2.202588 7.141462 -13.160759 -0.000700 0.000000 0.000000 0.000000 16.241772 7.538654 -0.525455 55.824772 8.754273 -1.757988 -2.585090 26.463261 -0.379659 0.000000 0.000000 0.000000 
-0.559789 0.915073 1.114151 -0.957334 -28.137695 -2.922502 -2.120348 -1.186491 -14.388350 -3.206493 0.584850 0.606759 16.026138 25.962939 18.753721 0.000000 0.000000 0.000000 2.427833 -0.777947 13.870061 4.969835 0.788777 19.934993 -6.022611 -14.545648 4.789948 0.000000 0.000000 0.000000 -2.505701 0.022161 7.405901 -2.262207 0.852928 -2.833218 2.575273 3.813814 14.014512 -0.287896 -0.057067 -14.339523 0.000000 0.000000 0.000000 -19.101509 -5.184706 4.436198 -55.073709 -11.570100 -2.671406 8.607111 -14.339364 -0.112380 0.000000 0.000000 0.000000 16.373113 7.449711 -0.437939 55.969991 7.802949 -2.352481 -0.607336 26.074665 0.115010 0.000000 0.000000 0.000000 
-0.577652 0.919895 1.158944 -0.061155 -27.113360 -4.297384 -3.622241 -1.164725 -9.943917 -2.687580 0.489743 0.852666 15.084215 25.704962 16.166826 0.000000 0.000000 0.000000 -0.941098 -0.227907 9.080700 9.724079 0.989236 33.716112 -4.717472 -14.845890 11.629666 0.000000 0.000000 0.000000 -4.261721 0.157924 7.362163 -1.502060 0.610206 -1.378005 1.753812 4.054437 12.429147 -0.130240 -0.051061 -12.321846 0.000000 0.000000 0.000000 -18.193895 -5.441876 4.119449 -55.217974 -10.734921 -2.845801 8.066366 -14.488033 -0.093347 0.000000 0.000000 0.000000 15.548634 7.015326 -0.241692 58.699853 7.097021 -2.906159 -1.423265 24.443367 0.027663 0.000000 0.000000 0.000000 
-0.593094 0.922491 1.200328 0.312877 -24.607243 -5.105121 -4.371066 -0.835016 -5.644389 -3.807731 0.673457 0.692467 13.982461 25.609296 12.266088 0.000000 0.000000 0.000000 -2.908803 0.115439 2.150609 14.888618 0.014465 46.734247 -6.290496 -18.655700 19.768387 0.000000 0.000000 0.000000 -5.035460 0.210823 7.735794 -0.823543 0.337338 -0.708541 1.102064 2.437001 12.301657 -0.168585 -0.053895 -11.507815 0.000000 0.000000 0.000000 -18.835998 -5.196864 4.045728 -54.214538 -11.893082 -2.363407 6.677324 -15.504003 0.046123 0.000000 0.000000 0.000000 16.749521 7.911917 -0.013603 58.313496 6.138940 -3.242008 -1.897789 23.956383 -0.051667 0.000000 0.000000 0.000000 
-0.607989 0.924555 1.238299 0.424968 -21.739056 -6.202393 -5.165007 -0.344149 -1.495181 -3.604688 0.611750 1.097692 11.973957 23.661561 8.195142 0.000000 0.000000 0.000000 -4.609136 0.432404 -3.346270 18.372567 -1.991914 53.365147 -11.073341 -25.003968 21.667509 0.000000 0.000000 0.000000 -4.760299 0.189248 9.024522 -0.811696 0.342095 -0.483902 0.525993 0.770101 12.653318 -0.642930 0.263139 -11.768100 0.000000 0.000000 0.000000 -18.355155 -5.844438 4.342185 -53.251220 -13.658287 -1.605893 5.913053 -16.465224 0.132638 0.000000 0.000000 0.000000 17.083803 8.101902 0.042259 58.731604 6.020583 -3.369417 -1.572222 24.340695 0.018500 0.000000 0.000000 0.000000 
-0.623115 0.926641 1.274980 0.123037 -19.287950 -6.717649 -5.069467 0.206086 2.132328 -2.388015 0.376699 1.251038 10.008842 20.857769 5.384630 0.000000 0.000000 0.000000 -5.573346 0.695207 -8.027901 19.441817 -3.285591 52.340067 -15.224732 -30.983089 17.542505 0.000000 0.000000 0.000000 -4.641168 0.156402 9.508624 0.387154 -0.213774 -0.036183 -0.289413 -0.178675 12.479214 -1.071502 0.611072 -13.302343 0.000000 0.000000 0.000000 -18.479199 -6.029933 4.318783 -52.738401 -15.544346 -0.769317 5.607983 -17.182710 0.167574 0.000000 0.000000 0.000000 17.913889 8.237971 0.114623 58.712048 6.485357 -3.078568 -1.627189 23.960725 0.043217 0.000000 0.000000 0.000000 
-0.639205 0.928381 1.310508 -0.549928 -16.197855 -6.784425 -4.467749 0.676103 5.136167 -1.534395 0.213081 1.518310 8.339494 17.959424 3.332846 0.000000 0.000000 0.000000 -5.375037 0.906502 -11.447798 17.214448 -3.039613 46.245177 -15.887489 -32.615218 13.713718 0.000000 0.000000 0.000000 -4.079311 0.066710 9.543018 0.688284 -0.352096 0.326452 -0.003818 -1.986985 12.762628 -2.321015 1.421716 -14.235056 0.000000 0.000000 0.000000 -18.623977 -6.186497 4.464987 -52.728000 -17.851176 0.258315 5.906889 -18.571737 0.155445 0.000000 0.000000 0.000000 17.499215 9.116312 0.570636 59.009829 6.203549 -3.281222 -0.384011 24.924204 0.282390 0.000000 0.000000 0.000000 
-0.656652 0.929626 1.345068 -0.636946 -14.118595 -7.351703 -3.997180 1.095030 7.950732 -0.411040 0.018514 1.959329 6.703643 14.747431 1.716640 0.000000 0.000000 0.000000 -5.495484 0.946585 -12.535948 12.943404 -1.704730 35.883001 -13.176381 -29.271148 5.933480 0.000000 0.000000 0.000000 -3.998011 0.038931 10.034202 0.942943 -0.482850 0.132577 0.334097 -3.161105 12.983806 -2.462845 1.471399 -15.883856 0.000000 0.000000 0.000000 -18.525026 -5.481512 4.102410 -52.662563 -19.519900 0.999358 6.536114 -19.544462 0.100950 0.000000 0.000000 0.000000 16.975423 9.242946 0.676016 60.021088 7.355851 -2.859374 0.136949 25.140016 0.383818 0.000000 0.000000 0.000000 
-0.675981 0.928205 1.379211 -0.828236 -11.935901 -6.818220 -3.086046 1.462549 10.780519 0.340925 -0.073725 0.921787 5.144290 11.388190 0.541896 0.000000 0.000000 0.000000 -5.124411 1.035933 -13.700770 6.894166 -0.321935 22.541765 -8.527572 -20.610391 4.062022 0.000000 0.000000 0.000000 -3.812521 -0.003770 9.576854 1.975246 -0.981188 0.346919 -0.408576 -3.708719 12.158208 -2.271221 1.433866 -15.212886 0.000000 0.000000 0.000000 -18.098472 -5.492890 3.846403 -52.548957 -20.664002 1.677407 7.143085 -20.538915 -0.008949 0.000000 0.000000 0.000000 17.444936 9.201514 0.761300 60.655912 7.251064 -2.860689 0.124524 26.277754 0.419737 0.000000 0.000000 0.000000 
-0.697635 0.925549 1.412783 -0.472861 -10.135064 -6.736056 -2.403832 1.594332 12.244073 1.115297 -0.261432 3.182960 4.701147 10.298735 -0.303178 0.000000 0.000000 0.000000 -4.297850 1.049755 -13.401193 2.307217 0.253841 12.665176 -5.717178 -14.974160 4.290870 0.000000 0.000000 0.000000 -3.737766 -0.037966 8.483142 2.071171 -1.046309 1.653598 -0.210495 -4.260738 11.137165 -2.700401 1.759035 -15.931536 0.000000 0.000000 0.000000 -19.531721 -5.957965 4.100973 -50.993709 -21.127926 1.747733 7.019584 -21.021439 -0.028867 0.000000 0.000000 0.000000 17.752114 10.084938 1.257155 61.005573 8.468514 -2.132753 -2.706683 25.148161 -0.150266 0.000000 0.000000 0.000000 
-0.722452 0.920453 1.446305 -0.280275 -8.178472 -6.930412 -0.688164 1.511945 13.188672 1.442124 -0.423089 6.160715 4.277309 8.912080 -2.582044 0.000000 0.000000 0.000000 -3.860174 0.977257 -12.459311 2.203807 0.185975 11.697183 -5.152683 -14.209493 6.138033 0.000000 0.000000 0.000000 -3.291385 -0.086768 8.263010 1.856157 -0.954680 1.865568 -0.255817 -5.034059 10.518650 -2.539395 1.686336 -15.384581 0.000000 0.000000 0.000000 -20.034668 -6.100125 4.148629 -50.783756 -21.490429 1.901171 7.322756 -20.432310 -0.092357 0.000000 0.000000 0.000000 18.371858 11.338711 1.876975 60.939349 9.505209 -1.466200 -5.148445 24.346757 -0.616590 0.000000 0.000000 0.000000 
-0.750557 0.917164 1.479104 0.000421 -7.772288 -6.694324 0.384522 1.308701 12.429402 2.872006 -0.922213 11.619954 4.026338 7.954324 -4.272896 0.000000 0.000000 0.000000 -3.188433 1.062774 -12.854518 2.291118 0.350063 15.834011 -4.681958 -13.224352 6.072136 0.000000 0.000000 0.000000 -3.321426 -0.086051 7.541167 2.051620 -1.068549 2.585640 -0.305194 -4.550741 10.044665 -2.263264 1.600395 -16.174113 0.000000 0.000000 0.000000 -21.167184 -5.026353 3.410727 -50.024109 -21.060311 1.645075 7.906837 -21.776886 -0.206397 0.000000 0.000000 0.000000 19.324788 11.208061 1.922496 60.482018 10.759560 -0.716591 -5.384199 24.281776 -0.620642 0.000000 0.000000 0.000000 
-0.780386 0.918555 1.510264 -0.461280 -7.642701 -6.198848 2.710845 0.810094 9.319249 2.421450 -1.106047 20.687525 3.767536 7.532644 -3.001789 0.000000 0.000000 0.000000 -2.190319 1.064617 -11.952574 3.694371 0.093719 17.868196 -5.279068 -14.177731 5.070658 0.000000 0.000000 0.000000 -2.428686 -0.117863 5.737392 1.657111 -0.882463 3.797132 0.118967 -4.125235 9.337718 -2.167781 1.597151 -15.118197 0.000000 0.000000 0.000000 -20.814063 -4.699034 3.022734 -50.858209 -20.232394 1.489593 8.489854 -22.281697 -0.327145 0.000000 0.000000 0.000000 18.750273 11.851767 2.451462 60.637108 11.170091 -0.494399 -6.431612 23.297306 -0.756518 0.000000 0.000000 0.000000 
-0.808832 0.923665 1.538963 -1.327061 -7.793398 -5.513595 5.541782 0.331788 4.114385 -0.486744 -0.072395 32.502047 4.752517 10.496471 2.185421 0.000000 0.000000 0.000000 -0.119290 1.019951 -10.003535 4.249938 -0.058448 17.422003 -5.668382 -14.713058 3.929688 0.000000 0.000000 0.000000 -1.649355 -0.138098 5.213502 1.980353 -1.048185 3.764155 0.136553 -2.646979 8.744919 -2.431081 1.917866 -13.517627 0.000000 0.000000 0.000000 -22.270265 -5.263691 2.982821 -50.198706 -19.261003 1.076961 9.618813 -22.416809 -0.608640 0.000000 0.000000 0.000000 18.187213 11.097712 2.518717 59.674905 11.019481 -0.595252 -5.385221 22.248399 -0.445567 0.000000 0.000000 0.000000 
-0.834534 0.927015 1.566326 -1.210035 -6.789414 -6.130773 6.743784 0.082657 -1.752458 -1.428338 0.473592 43.807099 5.529639 12.621846 7.421584 0.000000 0.000000 0.000000 0.962449 0.568136 -5.421871 4.467535 -0.232635 14.496378 -5.554896 -14.163035 2.774216 0.000000 0.000000 0.000000 -1.437464 -0.172910 6.255090 1.001415 -0.535020 2.455306 0.927381 -3.168352 9.584220 -3.035307 2.292467 -12.079535 0.000000 0.000000 0.000000 -23.035211 -4.616031 2.743993 -50.328144 -19.001343 0.824904 8.821802 -23.268112 -0.447988 0.000000 0.000000 0.000000 15.930776 10.855436 2.515822 59.879077 11.431491 -0.595984 -3.271600 21.653531 -0.059356 0.000000 0.000000 0.000000 
-0.856679 0.929713 1.592724 -0.589893 -6.787224 -6.308972 5.969569 -0.132033 -6.671383 -3.166852 1.720463 48.687965 7.797375 16.507648 7.345120 0.000000 0.000000 0.000000 1.913181 0.200541 -2.011843 4.311130 -0.257371 11.873696 -5.510539 -13.841954 1.949511 0.000000 0.000000 0.000000 -1.839383 -0.158935 6.510180 0.558240 -0.304443 2.094298 1.144407 -1.862337 9.567773 -2.776178 2.232353 -11.144683 0.000000 0.000000 0.000000 -23.381274 -4.539321 2.340896 -51.063964 -18.099463 0.544150 9.683961 -24.006353 -0.672531 0.000000 0.000000 0.000000 15.886010 10.595743 2.678413 58.511950 10.658388 -0.971650 -2.613859 21.785046 0.102407 0.000000 0.000000 0.000000 
-0.876044 0.931964 1.618140 -0.008658 -6.852013 -6.424014 3.727004 -0.519344 -10.655063 -4.758393 2.691409 47.724020 9.419245 19.248291 4.728988 0.000000 0.000000 0.000000 2.807894 -0.152027 0.967704 2.675015 -0.003973 9.845105 -4.774195 -11.784766 0.599982 0.000000 0.000000 0.000000 -1.889752 -0.164630 7.117901 -0.597017 0.289427 2.421020 1.599323 -0.835194 9.229495 -3.177505 2.596629 -10.996222 0.000000 0.000000 0.000000 -22.992932 -4.369909 1.935015 -51.892061 -17.780576 0.567565 9.713636 -24.208778 -0.728524 0.000000 0.000000 0.000000 14.805942 10.456848 2.859649 58.088473 10.918450 -0.849086 -1.799389 21.275407 0.271432 0.000000 0.000000 0.000000 
-0.892831 0.933997 1.642902 0.048537 -7.231340 -6.685724 1.584521 -0.912440 -12.993549 -5.610025 2.863191 42.195223 9.806824 19.974029 2.544486 0.000000 0.000000 0.000000 4.119354 -0.515406 3.643829 1.586084 0.157438 8.922763 -4.697776 -11.452909 0.206364 0.000000 0.000000 0.000000 -1.554950 -0.198134 8.134347 -0.918250 0.454934 2.148596 1.203681 0.313807 9.746362 -2.760185 2.413463 -11.192129 0.000000 0.000000 0.000000 -22.431491 -4.461964 1.683378 -52.580762 -16.745051 0.173593 9.894787 -24.623738 -0.824269 0.000000 0.000000 0.000000 15.223317 10.233741 2.980870 56.475079 10.658461 -1.016297 -2.381315 21.712144 0.218315 0.000000 0.000000 0.000000 
-0.907869 0.935044 1.667413 0.756201 -7.767012 -6.815618 -1.157903 -1.430558 -14.840594 -6.315782 2.596201 32.993816 9.957470 20.211917 3.000745 0.000000 0.000000 0.000000 4.605111 -0.780422 5.608753 0.992811 0.256525 8.729182 -4.848847 -11.454445 -0.721490 0.000000 0.000000 0.000000 -2.197970 -0.161443 8.928733 -1.913435 0.972238 2.138557 1.849739 1.461474 9.778451 -3.448859 2.977107 -12.587433 0.000000 0.000000 0.000000 -21.872767 -3.397365 0.850794 -53.334314 -15.791902 -0.156830 10.287454 -24.814439 -0.944081 0.000000 0.000000 0.000000 14.562859 9.941880 3.012947 56.384959 10.929000 -0.907557 -2.655160 20.954063 0.194573 0.000000 0.000000 0.000000 
-0.921459 0.934198 1.692847 0.974360 -8.002147 -6.814270 -3.362790 -1.774017 -15.072568 -6.839979 2.011650 21.981783 9.274551 18.975252 3.085460 0.000000 0.000000 0.000000 5.027728 -1.123436 8.161461 1.073068 0.169508 7.094424 -5.209964 -12.018781 -1.503437 0.000000 0.000000 0.000000 -1.952469 -0.180181 9.607116 -3.437029 1.737944 1.494408 2.936000 0.824064 10.665488 -4.738349 3.787774 -11.225690 0.000000 0.000000 0.000000 -21.975836 -3.088763 0.976742 -53.311067 -14.282877 -0.981997 11.714645 -24.139224 -1.127957 0.000000 0.000000 0.000000 14.075068 10.180573 2.963540 56.465819 10.982116 -0.970711 -3.828234 21.178532 -0.027030 0.000000 0.000000 0.000000 
-0.934976 0.931368 1.719768 0.893974 -8.824859 -6.402081 -4.952273 -1.965334 -14.875829 -6.184570 1.397485 14.403772 8.616211 17.643859 7.195014 0.000000 0.000000 0.000000 5.531750 -1.319307 9.410144 1.329870 0.136810 7.091810 -5.221969 -11.866881 -1.794746 0.000000 0.000000 0.000000 -2.412301 -0.135618 9.891107 -4.217907 2.127046 1.224520 3.498777 2.078850 10.457630 -4.447523 3.646043 -11.907332 0.000000 0.000000 0.000000 -22.025805 -3.214971 0.817246 -52.719100 -13.172967 -1.409932 12.221452 -20.558863 -1.088573 0.000000 0.000000 0.000000 16.061809 10.395597 3.170509 54.863792 9.842613 -1.410241 -5.339653 23.078796 -0.293507 0.000000 0.000000 0.000000 
-0.948752 0.926941 1.749567 0.466587 -9.403087 -6.631110 -5.428027 -1.868296 -13.530300 -5.488906 1.129648 12.139049 9.650835 19.356759 8.451860 0.000000 0.000000 0.000000 5.404764 -1.453260 10.722523 3.151343 -0.068742 9.208755 -5.459144 -12.229798 -2.255022 0.000000 0.000000 0.000000 -2.739511 -0.105927 10.277704 -5.062446 2.577653 1.443918 4.341700 2.820956 10.276464 -5.292607 4.270237 -11.101950 0.000000 0.000000 0.000000 -21.396313 -3.350922 0.798790 -52.914745 -11.844546 -1.942477 11.823587 -18.235655 -0.920237 0.000000 0.000000 0.000000 15.896869 10.056870 3.073762 55.097970 9.790610 -1.421492 -5.780099 23.000252 -0.359550 0.000000 0.000000 0.000000 
-0.962066 0.924037 1.782015 0.156822 -9.781384 -6.638345 -6.066277 -1.759393 -12.007274 -4.973112 0.987456 11.424574 11.921006 22.886948 10.539683 0.000000 0.000000 0.000000 5.413634 -1.449599 10.754513 4.906822 -0.254214 13.839630 -6.839582 -15.406392 -2.627935 0.000000 0.000000 0.000000 -3.131283 -0.077514 9.019360 -6.015439 3.087175 1.617026 5.323444 1.814624 11.167267 -6.364101 4.840212 -13.286717 0.000000 0.000000 0.000000 -22.268834 -2.225730 0.555491 -51.432561 -10.907952 -2.527698 10.647781 -15.778883 -0.584880 0.000000 0.000000 0.000000 16.480595 10.702096 3.088916 55.209022 11.086943 -0.848683 -5.816439 23.796150 -0.441078 0.000000 0.000000 0.000000 
-0.973926 0.923494 1.816516 0.147736 -8.404504 -7.059790 -6.581206 -1.452052 -9.229642 -4.236550 0.757100 11.046197 12.293372 23.836575 8.804326 0.000000 0.000000 0.000000 4.243954 -0.948992 7.271584 7.786605 -0.854516 23.520976 -7.646804 -17.968602 -0.448557 0.000000 0.000000 0.000000 -3.999862 -0.039018 8.260260 -5.413156 2.738386 1.187857 4.550221 1.496636 12.484680 -7.165526 5.499306 -12.338644 0.000000 0.000000 0.000000 -20.683142 -2.479812 0.683089 -52.339842 -9.849710 -3.115431 11.127851 -13.675907 -0.539785 0.000000 0.000000 0.000000 17.471219 10.419934 3.070570 55.305109 10.502569 -1.255133 -5.542612 24.887111 -0.371721 0.000000 0.000000 0.000000 
-0.984159 0.927962 1.850453 0.584635 -6.739533 -7.603805 -7.692285 -1.206497 -6.900468 -3.746054 0.617716 12.048101 12.389795 23.998504 9.315684 0.000000 0.000000 0.000000 1.377229 -0.240726 2.211090 11.540874 -2.414267 36.305797 -7.777245 -19.233630 6.908860 0.000000 0.000000 0.000000 -5.006414 -0.009129 7.423078 -6.068633 3.145894 2.298183 5.576211 -0.045382 11.444870 -8.459048 6.359334 -11.153942 0.000000 0.000000 0.000000 -20.992245 -1.247621 0.184583 -52.368456 -9.126838 -3.402091 8.916295 -14.140615 -0.304955 0.000000 0.000000 0.000000 16.008263 9.870579 2.604875 58.046965 9.824148 -1.573115 -3.410720 25.188974 0.002382 0.000000 0.000000 0.000000 
-0.993928 0.931632 1.882110 0.034993 -2.586449 -7.843013 -7.247374 -0.722681 -4.089043 -3.255096 0.374973 11.608521 10.709788 21.523689 6.566078 0.000000 0.000000 0.000000 -0.889984 0.319644 -3.423977 14.461880 -5.216441 45.738959 -8.217380 -20.232215 14.388336 0.000000 0.000000 0.000000 -5.139345 -0.046568 6.968326 -6.053934 3.119420 2.664922 5.920655 -2.264061 11.374927 -9.247150 6.889536 -11.365917 0.000000 0.000000 0.000000 -21.698388 -1.314830 0.245449 -51.388365 -9.821087 -3.131283 7.275557 -13.882710 -0.128611 0.000000 0.000000 0.000000 16.403006 10.036521 2.656157 58.762121 8.017555 -2.525414 -2.535762 24.883489 0.180996 0.000000 0.000000 0.000000 
-1.004286 0.933785 1.910432 -0.687233 3.581188 -7.942314 -6.729907 -0.349612 -2.046132 -1.585795 -0.137259 11.571924 7.825249 16.399723 4.162544 0.000000 0.000000 0.000000 -2.429355 0.567137 -7.467749 14.027198 -7.239917 49.344547 -9.757892 -22.583381 12.913784 0.000000 0.000000 0.000000 -5.109819 -0.098210 7.143300 -5.283911 2.669309 3.879209 5.679534 -4.544516 10.065827 -10.559548 7.883163 -10.788638 0.000000 0.000000 0.000000 -21.727937 -0.737822 -0.376628 -50.774299 -10.661931 -2.601358 5.495780 -15.458660 0.039612 0.000000 0.000000 0.000000 15.881256 8.995395 2.338669 60.009894 6.654085 -3.232089 -2.289520 24.668328 0.260471 0.000000 0.000000 0.000000 
-1.015054 0.935401 1.935756 -1.386165 8.961187 -8.441433 -5.511570 -0.076523 -0.464367 -0.815718 -0.428460 12.088500 5.069644 10.581723 1.121029 0.000000 0.000000 0.000000 -3.147968 0.632131 -10.247274 9.980223 -6.228073 47.925723 -8.022464 -19.362625 8.558741 0.000000 0.000000 0.000000 -4.301866 -0.188522 8.158601 -5.110683 2.492276 3.666284 5.180570 -4.912212 10.366774 -9.761881 7.422330 -12.095361 0.000000 0.000000 0.000000 -21.785929 -1.209011 -0.820970 -50.662077 -13.236466 -1.362004 4.841462 -16.915598 0.057579 0.000000 0.000000 0.000000 17.266511 7.678537 2.230027 59.550750 5.264401 -3.978411 -0.068027 25.074972 0.843463 0.000000 0.000000 0.000000 
-1.027022 0.935108 1.959368 -2.033723 15.620033 -8.553081 -4.229300 0.069225 0.465766 0.317350 -0.786442 12.305428 2.407896 3.593429 -2.111056 0.000000 0.000000 0.000000 -3.302959 0.590547 -12.061203 4.595130 -3.896829 41.591723 -6.782065 -16.821180 1.767747 0.000000 0.000000 0.000000 -3.378318 -0.280807 8.341099 -4.710236 2.160744 3.753522 4.686455 -4.986515 11.014115 -10.246259 7.940646 -13.725838 0.000000 0.000000 0.000000 -21.703189 -2.988560 -0.820416 -51.465845 -16.131873 0.102723 6.144272 -18.342848 -0.262532 0.000000 0.000000 0.000000 17.297463 7.899079 3.239452 60.868705 5.012620 -4.326494 0.250866 24.256987 1.040733 0.000000 0.000000 0.000000 
-1.040647 0.934950 1.982307 -2.031684 22.996178 -8.087308 -3.004323 0.065203 0.311674 1.475978 -1.269621 13.651012 0.328615 -2.830511 -4.224023 0.000000 0.000000 0.000000 -4.012216 0.324896 -12.629978 -1.459378 -1.141518 33.497275 -2.455181 -6.193203 -1.542141 0.000000 0.000000 0.000000 -3.568905 -0.325251 8.481821 -4.147410 1.711297 3.839549 4.164182 -3.866863 10.516718 -8.605260 7.283857 -12.699697 0.000000 0.000000 0.000000 -22.859384 -5.418338 -1.197224 -50.702466 -17.863012 1.365121 6.267970 -18.730708 -0.508388 0.000000 0.000000 0.000000 17.716074 6.409204 3.693316 61.972784 5.819807 -3.964194 -0.187949 22.611070 1.050147 0.000000 0.000000 0.000000 
-1.055707 0.936951 2.005481 -2.638308 32.636271 -7.533567 -1.261298 -0.064172 -1.029952 3.511597 -1.920938 14.329761 -3.424209 -11.952522 -4.087706 0.000000 0.000000 0.000000 -4.570741 -0.094506 -13.855801 -8.650364 0.963417 29.812224 6.941985 13.910364 4.568616 0.000000 0.000000 0.000000 -3.104835 -0.357997 7.900110 -2.863778 0.643672 5.112608 3.499816 -3.667258 8.235113 -8.186324 7.218472 -9.771830 0.000000 0.000000 0.000000 -23.753467 -7.467005 -2.036717 -51.119417 -17.304254 1.935777 6.098293 -21.754043 -0.885532 0.000000 0.000000 0.000000 18.790677 6.059156 4.828004 61.584868 5.827323 -3.867956 0.142404 21.619734 1.133506 0.000000 0.000000 0.000000 
-1.072685 0.937275 2.029781 -2.737379 41.648512 -6.675153 0.863524 -0.309746 -3.654494 5.023512 -2.667704 15.802534 -7.266898 -21.466713 -3.469174 0.000000 0.000000 0.000000 -6.941841 -0.935819 -12.027604 -10.850888 1.171489 25.723981 11.022640 21.159179 4.381720 0.000000 0.000000 0.000000 -2.554548 -0.419912 8.030701 -2.391896 0.337778 3.780373 2.565714 -4.247076 9.105640 -6.976597 6.689629 -9.304499 0.000000 0.000000 0.000000 -24.754050 -9.171340 -2.876953 -50.019186 -18.125204 2.637266 3.255148 -23.672947 -0.573842 0.000000 0.000000 0.000000 19.280284 4.022442 4.893776 61.642055 5.023046 -4.318404 1.669266 22.212751 1.514005 0.000000 0.000000 0.000000 
-1.092343 0.934468 2.056038 -2.392053 51.107800 -6.096608 2.587654 -0.512266 -5.166452 5.255466 -2.654196 15.003139 -9.992381 -26.638828 -1.836629 0.000000 0.000000 0.000000 -8.125762 -1.502111 -8.925950 -9.032590 -0.089867 23.693012 11.506227 21.722837 1.973263 0.000000 0.000000 0.000000 -2.593931 -0.466341 8.186630 -1.579020 -0.540360 4.416913 1.557504 -4.081609 8.041331 -6.657472 6.627674 -8.964603 0.000000 0.000000 0.000000 -22.811893 -10.143865 -3.601521 -51.032661 -16.854989 2.393392 2.185196 -27.587225 -0.860412 0.000000 0.000000 0.000000 19.567284 4.374530 6.398472 61.682528 5.488113 -4.028028 1.156693 23.678485 1.600415 0.000000 0.000000 0.000000 
-1.114340 0.930643 2.083525 -1.637003 56.991104 -4.935740 4.057985 -0.815982 -7.713007 5.169424 -3.216475 16.887863 -8.788753 -28.631325 -3.996689 0.000000 0.000000 0.000000 -8.095349 -1.686152 -7.420241 -8.778951 -0.704160 23.270230 11.499674 21.616051 -0.803748 0.000000 0.000000 0.000000 -2.508340 -0.421504 7.516286 -2.459846 -0.657982 5.255011 1.962839 -2.578568 7.603135 -6.628409 6.944919 -10.462032 0.000000 0.000000 0.000000 -23.234293 -10.861137 -4.867876 -50.567875 -15.532589 2.295390 0.521807 -29.805089 -0.865138 0.000000 0.000000 0.000000 20.859604 4.340323 7.857723 59.355852 7.406964 -3.402923 1.951269 23.914693 1.742737 0.000000 0.000000 0.000000 
-1.138193 0.927861 2.111351 -0.818257 63.611965 -3.103741 5.798123 -1.344323 -11.244181 6.114896 -3.728164 17.496934 -11.238070 -30.266346 -0.819737 0.000000 0.000000 0.000000 -7.431780 -1.713314 -5.601412 -6.640776 -1.573345 20.955448 9.164253 16.337067 -4.235599 0.000000 0.000000 0.000000 -2.256670 -0.435393 7.462162 -2.462324 -1.172424 5.553226 1.790987 -1.037794 6.803939 -7.085359 7.578553 -12.374395 0.000000 0.000000 0.000000 -22.786092 -11.319575 -6.314523 -51.386290 -14.642098 2.331129 0.512119 -31.363435 -1.450048 0.000000 0.000000 0.000000 20.383982 4.858912 9.383660 57.853347 10.549936 -1.900296 1.480859 23.857274 1.579396 0.000000 0.000000 0.000000 
-1.162767 0.926512 2.138120 1.280599 69.860794 0.133243 5.835644 -2.082187 -15.750207 5.227570 -4.655933 20.360227 -9.169655 -26.833311 -1.275964 0.000000 0.000000 0.000000 -6.824785 -1.786949 -4.666098 -4.582502 -2.541535 19.499966 6.187558 8.243091 -7.421715 0.000000 0.000000 0.000000 -1.854448 -0.463844 7.555825 -3.496240 -1.530025 6.424530 2.595129 -0.021910 5.229782 -7.436128 8.027987 -14.045105 0.000000 0.000000 0.000000 -22.964212 -10.602974 -8.181988 -52.045752 -12.306803 1.740718 0.024649 -32.894366 -1.869068 0.000000 0.000000 0.000000 20.356688 5.485503 10.813871 55.420619 14.562331 -0.317859 0.020338 22.258736 1.081270 0.000000 0.000000 0.000000 
-1.185660 0.923968 2.161793 0.040253 76.939555 -0.053181 7.282032 -3.208584 -20.030013 0.894526 -5.497885 24.571053 -1.840224 -13.712880 -3.704684 0.000000 0.000000 0.000000 -5.001912 -1.570400 -4.628872 -3.305230 -3.744187 19.240110 4.211357 0.942658 -9.248702 0.000000 0.000000 0.000000 0.055132 -0.620598 7.859928 -4.333646 -1.319889 5.101544 3.461164 1.091092 5.164780 -8.961408 9.041934 -15.064963 0.000000 0.000000 0.000000 -25.594851 -11.988605 -11.079932 -50.483577 -7.423358 0.917877 -3.221364 -35.102583 -1.396600 0.000000 0.000000 0.000000 18.727968 5.912777 11.785543 54.483903 15.909066 0.546860 -1.090524 21.912584 0.783866 0.000000 0.000000 0.000000 
-1.204459 0.923955 2.180686 3.019498 84.663825 3.139404 6.906278 -4.332121 -23.330504 -3.637029 -6.678046 28.422671 5.449809 0.233412 -3.495173 0.000000 0.000000 0.000000 -3.682644 -1.544380 -4.126597 -1.188800 -5.161034 18.020886 2.586164 -6.966293 -10.867953 0.000000 0.000000 0.000000 0.846730 -0.808149 8.502050 -3.938858 -1.908335 4.495523 2.860122 2.361088 5.760401 -8.603046 9.186137 -16.813675 0.000000 0.000000 0.000000 -25.300089 -13.711136 -13.164026 -51.507047 -4.865119 0.548633 -3.590152 -34.650602 -1.966152 0.000000 0.000000 0.000000 17.768151 6.702671 13.476159 52.757495 17.302683 1.102307 -1.824887 22.370746 0.520760 0.000000 0.000000 0.000000 
-1.219067 0.925354 2.193717 129.772548 88.723643 129.579480 6.151627 -4.839617 -24.326886 -10.438838 -7.671156 31.849490 12.531563 12.392079 -1.192715 0.000000 0.000000 0.000000 -3.436983 -1.767528 -3.292874 0.562669 -6.217809 16.664388 1.633079 -11.797242 -10.922832 0.000000 0.000000 0.000000 0.245187 -1.095325 10.104200 -4.094215 -1.634205 2.530870 3.630480 3.547726 7.774785 -8.189012 9.464999 -18.265258 0.000000 0.000000 0.000000 -26.063829 -14.581949 -16.383843 -51.177510 -1.013380 -0.174388 -8.685961 -35.514191 -0.874257 0.000000 0.000000 0.000000 16.414742 7.482550 14.690477 50.970056 19.426116 2.069991 -2.196841 21.136643 0.194935 0.000000 0.000000 0.000000 
-1.230273 0.928388 2.201265 164.707045 84.489095 165.261707 4.101632 -4.981112 -24.371199 -16.193550 -8.070287 32.208874 19.218563 22.394102 4.820051 0.000000 0.000000 0.000000 -3.328205 -1.977038 -2.805481 1.980447 -6.502604 14.400961 0.861492 -15.897095 -10.948490 0.000000 0.000000 0.000000 0.101299 -1.026796 9.760358 -4.682892 -2.253118 3.099652 3.865913 6.454615 7.935926 -7.796423 9.329032 -19.525331 0.000000 0.000000 0.000000 -24.322696 -16.432335 -17.137672 -52.828243 0.808504 -1.019123 -9.397698 -33.153909 -1.108982 0.000000 0.000000 0.000000 16.877333 7.011657 16.110705 48.597135 21.543490 2.614471 -2.977272 20.190019 -0.128220 0.000000 0.000000 0.000000 
-1.238542 0.931570 2.204589 169.678646 78.626736 171.064705 1.652017 -4.687264 -23.273280 -16.821108 -8.256788 29.688004 21.757747 23.345970 9.254354 0.000000 0.000000 0.000000 -3.379214 -2.327772 -1.640732 3.788290 -6.781515 11.274309 -1.351727 -21.367108 -8.382614 0.000000 0.000000 0.000000 0.117564 -1.018588 9.627038 -3.614740 -2.689120 1.767167 3.509617 5.781747 9.228534 -8.234616 9.398836 -19.790471 0.000000 0.000000 0.000000 -25.320052 -16.235471 -20.552875 -52.839879 4.995411 -2.133715 -11.547665 -30.385211 -0.435441 0.000000 0.000000 0.000000 16.106033 7.277627 16.962822 47.590946 22.237538 3.177860 -4.387695 20.025227 -0.504299 0.000000 0.000000 0.000000 
-1.243177 0.932193 2.204942 170.409372 75.071525 172.799881 -0.490920 -3.872690 -21.076413 -14.868480 -7.600185 25.619112 23.993972 22.025908 11.026788 0.000000 0.000000 0.000000 -2.816152 -2.348265 -0.926126 4.184015 -6.006972 8.134389 -2.729192 -25.756294 -7.319289 0.000000 0.000000 0.000000 -0.351965 -0.933613 9.375821 -4.301646 -3.127945 1.822694 3.611166 7.744210 9.604222 -7.935777 8.943168 -19.759006 0.000000 0.000000 0.000000 -22.565006 -16.520976 -20.779781 -54.055710 5.532345 -3.195828 -11.321091 -26.742308 -0.717455 0.000000 0.000000 0.000000 15.092469 6.531326 16.993070 48.019146 23.803621 4.659427 -6.706087 20.454603 -0.856924 0.000000 0.000000 0.000000 
-1.244022 0.932700 2.202992 173.085197 71.905091 176.331872 -1.865188 -3.086259 -18.944186 -10.814006 -6.462750 21.560756 22.330499 17.487784 11.550748 0.000000 0.000000 0.000000 -2.124891 -2.305626 -0.968476 4.949032 -6.240544 6.577576 -5.704433 -30.221927 -3.910016 0.000000 0.000000 0.000000 -0.687109 -0.698727 8.286099 -3.842603 -3.327800 0.824395 4.171470 7.782268 11.365250 -7.461870 8.667926 -19.779845 0.000000 0.000000 0.000000 -21.960973 -15.335207 -23.145215 -54.116533 9.053960 -4.972967 -11.857423 -25.599601 -0.655335 0.000000 0.000000 0.000000 15.698539 6.260351 18.458367 45.638662 25.172266 4.633925 -8.313186 21.566919 -1.232516 0.000000 0.000000 0.000000 
-1.241291 0.933237 2.199031 173.475782 68.825292 177.113329 -3.227275 -2.212492 -16.437122 -7.673824 -5.048324 16.772032 20.999926 13.337713 11.459106 0.000000 0.000000 0.000000 -2.019190 -2.501447 0.244825 5.198020 -6.009788 4.814038 -7.759352 -33.309703 -1.280462 0.000000 0.000000 0.000000 -1.625480 -0.621126 8.007596 -4.427850 -3.976465 1.246133 4.755803 9.190720 10.971969 -7.684618 8.344057 -20.130770 0.000000 0.000000 0.000000 -21.054127 -14.987664 -24.276106 -53.465965 10.153998 -5.489810 -10.887917 -23.183983 -0.788732 0.000000 0.000000 0.000000 16.578525 5.759763 19.897333 44.222347 26.883261 4.817191 -10.065606 21.191182 -1.525249 0.000000 0.000000 0.000000 
-1.236037 0.932713 2.192836 175.089764 66.279334 178.592599 -3.367055 -1.737165 -14.892349 -6.445241 -4.331194 13.716016 20.563278 10.809471 11.645778 0.000000 0.000000 0.000000 -2.324023 -2.861622 1.037772 5.900294 -6.906040 5.056471 -8.901607 -34.228834 0.517557 0.000000 0.000000 0.000000 -2.424411 -0.588804 7.789729 -4.743388 -4.019353 0.533689 5.355550 9.802660 11.808837 -7.268384 7.885668 -19.947025 0.000000 0.000000 0.000000 -19.569451 -14.362160 -25.126445 -53.951318 11.131925 -6.664136 -9.281441 -22.864746 -1.237315 0.000000 0.000000 0.000000 16.812922 6.204861 21.611903 44.285344 28.181991 5.395312 -11.404923 21.393614 -1.873954 0.000000 0.000000 0.000000 
-1.229183 0.933038 2.184407 176.317321 63.596424 179.090134 -3.633201 -1.282169 -13.218263 -4.791722 -3.869861 12.203218 19.378691 7.829210 10.414066 0.000000 0.000000 0.000000 -2.664502 -3.298546 1.966431 6.641109 -8.328841 6.054407 -9.606472 -34.630684 1.841450 0.000000 0.000000 0.000000 -3.611794 -0.704038 8.212539 -4.809829 -4.263057 0.142380 6.274027 10.687578 11.806252 -6.849565 7.592990 -20.565248 0.000000 0.000000 0.000000 -19.102765 -14.265863 -26.723440 -52.823293 12.410330 -6.846390 -7.771702 -22.301681 -1.518747 0.000000 0.000000 0.000000 17.399627 6.310939 23.411775 44.988895 29.780027 6.065597 -12.576940 20.777362 -2.150724 0.000000 0.000000 0.000000 
-1.222030 0.933624 2.174481 176.915999 60.547178 178.710673 -4.214199 -0.847076 -11.308413 -4.189590 -3.758111 11.322988 19.063910 5.678195 9.627342 0.000000 0.000000 0.000000 -3.833204 -4.120069 2.486162 7.616957 -11.442281 9.129016 -8.838254 -32.824770 1.590379 0.000000 0.000000 0.000000 -4.706857 -0.901115 8.822214 -4.929595 -4.451929 -0.432664 7.117038 11.335556 12.403515 -7.251433 6.835444 -19.672389 0.000000 0.000000 0.000000 -19.147787 -14.732465 -29.082490 -51.655259 13.699547 -6.600784 -6.111072 -22.167697 -1.866826 0.000000 0.000000 0.000000 17.899982 6.284200 25.273323 45.786086 30.785240 6.494589 -12.741246 20.766841 -2.378376 0.000000 0.000000 0.000000 
-1.215399 0.934161 2.164240 177.347472 57.336334 178.075971 -4.307686 -0.540740 -9.310309 -3.807609 -3.815606 11.037304 19.195294 3.527505 8.554377 0.000000 0.000000 0.000000 -4.705824 -4.803194 1.684106 6.543588 -16.599044 15.702595 -7.172263 -28.678561 0.759046 0.000000 0.000000 0.000000 -5.604858 -1.171827 9.714577 -5.290545 -4.973482 -0.580562 8.060974 12.120606 12.703207 -6.880903 6.123738 -19.444868 0.000000 0.000000 0.000000 -18.884684 -15.635021 -30.966148 -50.654354 13.932234 -5.983664 -3.579526 -22.355396 -2.471957 0.000000 0.000000 0.000000 18.707362 6.485578 27.660380 46.498881 32.774889 7.211775 -14.061503 20.165475 -2.713787 0.000000 0.000000 0.000000 
-1.209081 0.934253 2.155067 177.597146 54.557777 177.170617 -4.441226 -0.359592 -7.167046 -3.853702 -3.839199 10.241923 18.843072 1.912139 8.269623 0.000000 0.000000 0.000000 -6.243239 -5.957912 -0.279578 2.007884 -23.997711 26.046934 -3.143348 -20.476232 -2.380618 0.000000 0.000000 0.000000 -6.206818 -1.554772 11.029336 -5.352398 -4.876966 -1.651257 8.452640 12.452860 13.814503 -7.223275 5.222401 -19.202622 0.000000 0.000000 0.000000 -18.547384 -16.732912 -32.968618 -48.744369 14.076916 -5.067972 -3.207586 -22.192960 -2.507998 0.000000 0.000000 0.000000 19.527613 6.469981 30.224679 46.183045 35.354528 7.769561 -14.483790 19.543598 -2.927066 0.000000 0.000000 0.000000 
-1.202682 0.934480 2.147294 177.798367 51.966660 176.441638 -4.492002 -0.344052 -5.465036 -2.948693 -3.739562 10.255629 17.377908 -0.409037 6.875493 0.000000 0.000000 0.000000 -6.344937 -6.500875 -2.475142 -6.300754 -28.727222 36.325540 1.455782 -10.857693 -4.591551 0.000000 0.000000 0.000000 -6.679038 -1.968530 12.291657 -5.882831 -5.027172 -2.245099 9.213575 12.541281 14.629703 -7.460274 4.559995 -19.300379 0.000000 0.000000 0.000000 -18.380818 -17.463054 -34.879854 -47.899196 13.896104 -4.333975 -1.590203 -22.911584 -2.977127 0.000000 0.000000 0.000000 19.652651 6.852325 32.051624 46.362984 38.293451 9.117097 -14.978587 18.361011 -3.023625 0.000000 0.000000 0.000000 
-1.195323 0.934590 2.141120 178.293543 49.621640 175.780090 -3.768026 -0.553872 -3.408647 -3.284903 -3.874469 10.157744 17.651047 -1.798169 5.447695 0.000000 0.000000 0.000000 -5.417147 -6.541813 -4.604559 -15.535726 -30.999390 45.125235 6.458781 -1.346845 -6.108861 0.000000 0.000000 0.000000 -6.759071 -2.306363 13.345726 -5.958822 -5.053145 -3.058787 9.153102 12.972733 15.525695 -6.581787 3.680355 -19.269882 0.000000 0.000000 0.000000 -17.816023 -17.934623 -36.679522 -47.193510 14.365229 -4.141243 -1.482312 -23.946182 -3.190941 0.000000 0.000000 0.000000 19.894596 7.186404 34.485439 45.991278 40.361101 9.684235 -15.688641 18.154403 -3.290346 0.000000 0.000000 0.000000 
-1.187107 0.936325 2.136014 178.006028 46.863343 174.250345 -4.243409 -0.600080 -2.505262 -3.418376 -4.516619 12.444911 17.093006 -2.927316 4.498581 0.000000 0.000000 0.000000 -4.520684 -6.176399 -3.529251 -17.734831 -31.517962 45.997111 10.643797 2.576245 -9.341426 0.000000 0.000000 0.000000 -8.339013 -3.403075 15.765293 -4.667305 -4.027653 -5.382959 8.833312 12.709193 17.619884 -7.053041 3.222095 -21.972561 0.000000 0.000000 0.000000 -17.371546 -18.918299 -39.342371 -46.056105 15.307759 -3.650169 -2.653572 -24.963398 -2.958073 0.000000 0.000000 0.000000 18.808858 6.462028 35.360863 46.626336 43.229263 11.809951 -15.955187 18.320891 -3.447214 0.000000 0.000000 0.000000 
-1.178055 0.937400 2.131900 178.496240 43.849122 174.223087 -4.124560 -0.700708 -2.498715 -3.198541 -5.251328 14.711289 18.869490 -4.434081 1.938531 0.000000 0.000000 0.000000 -3.248863 -5.621560 -2.742401 -14.832234 -30.049238 41.096898 13.872243 3.211767 -10.833457 0.000000 0.000000 0.000000 -8.320907 -3.585006 15.933029 -4.075307 -4.246524 -5.805743 9.022616 12.342315 18.743293 -7.340840 2.299225 -23.017059 0.000000 0.000000 0.000000 -15.707238 -19.566711 -40.627435 -47.301944 16.621557 -4.682427 -3.495870 -27.268102 -3.218576 0.000000 0.000000 0.000000 16.721489 6.965484 36.235667 48.741151 44.737253 14.870715 -16.768871 19.379406 -3.924894 0.000000 0.000000 0.000000 
-1.168667 0.937602 2.128572 178.829906 40.649935 174.852782 -4.835706 -0.562892 -3.595495 -1.339372 -5.769020 16.312410 23.084749 -5.522402 0.901921 0.000000 0.000000 0.000000 -1.950460 -5.088686 -1.209080 -8.024781 -24.267462 29.996971 20.383681 3.428956 -12.158799 0.000000 0.000000 0.000000 -7.430312 -3.600093 16.006412 -5.757260 -5.837053 -4.459871 10.719804 13.045300 17.340118 -7.717125 1.442715 -24.262992 0.000000 0.000000 0.000000 -14.388075 -20.475914 -42.422916 -48.930160 19.058725 -6.212750 -4.408400 -29.563558 -3.655702 0.000000 0.000000 0.000000 14.823599 6.756338 36.237168 49.462314 46.172713 17.440993 -16.421193 18.551159 -3.762342 0.000000 0.000000 0.000000 
-1.159345 0.935296 2.126059 178.637897 38.429975 174.675698 -5.562320 -0.374493 -6.454114 -0.743225 -8.374414 21.569374 23.776378 -5.696488 0.710603 0.000000 0.000000 0.000000 -0.945967 -4.728224 0.943437 -4.456317 -19.199499 22.538352 24.848253 2.137269 -11.223635 0.000000 0.000000 0.000000 -6.884460 -4.069276 17.178344 -5.359232 -5.830226 -5.233096 10.131038 14.408087 17.325828 -6.815376 -0.272396 -23.626039 0.000000 0.000000 0.000000 -14.503076 -21.296064 -45.450535 -49.209735 22.207451 -7.020850 -6.017548 -31.867265 -3.457658 0.000000 0.000000 0.000000 14.805061 4.887555 37.932489 47.800940 48.390692 17.951112 -17.053085 18.022507 -3.757716 0.000000 0.000000 0.000000 
-1.151597 0.928942 2.124928 178.946832 36.323946 175.918961 -5.266112 -1.204445 -12.852003 -7.688111 -15.222617 32.610711 28.387377 0.807843 7.038720 0.000000 0.000000 0.000000 0.494110 -4.047886 0.573412 -5.286280 -18.789905 22.279394 25.731887 0.654798 -12.736144 0.000000 0.000000 0.000000 -5.686339 -4.359512 17.965073 -5.884787 -6.640371 -4.978733 10.387299 17.850399 15.910609 -8.350778 -2.928304 -24.464449 0.000000 0.000000 0.000000 -15.415551 -23.757654 -49.183984 -47.342225 26.103303 -6.724265 -9.407500 -33.358670 -2.197419 0.000000 0.000000 0.000000 15.632266 3.957033 41.828965 43.445840 50.358116 16.302282 -17.941269 16.382230 -3.666448 0.000000 0.000000 0.000000 
-1.144625 0.923491 2.122153 178.785603 34.289880 175.452207 -3.738417 -3.579943 -19.163711 -23.489416 -20.811701 44.141156 35.837882 10.621293 18.925144 0.000000 0.000000 0.000000 0.420449 -4.473149 2.221436 -5.986440 -19.465988 22.641457 29.810108 2.565603 -13.339565 0.000000 0.000000 0.000000 -5.119323 -5.308578 19.631482 -7.240171 -7.329124 -4.782050 12.001298 20.394246 15.226931 -9.543876 -4.917298 -25.064916 0.000000 0.000000 0.000000 -16.546491 -24.161113 -54.093923 -45.532817 30.274239 -6.304485 -12.781043 -33.507497 -0.594872 0.000000 0.000000 0.000000 15.229881 3.550392 44.095859 38.379656 51.920734 14.820235 -16.309852 14.880856 -3.258839 0.000000 0.000000 0.000000 
-1.136099 0.922454 2.114365 178.818168 32.527925 175.628640 -0.740448 -6.580163 -24.192836 -33.165045 -21.314839 44.649379 45.944041 12.544976 32.568242 0.000000 0.000000 0.000000 0.339095 -4.936008 3.733367 -5.450189 -18.909409 21.293480 32.344346 2.579971 -14.523115 0.000000 0.000000 0.000000 -5.225973 -5.729258 20.223758 -6.435438 -7.806089 -4.442264 11.725040 22.137588 15.365505 -11.109045 -7.215063 -26.229559 0.000000 0.000000 0.000000 -16.384362 -24.647704 -56.685289 -45.363781 33.580105 -6.954210 -15.167572 -35.008053 0.242008 0.000000 0.000000 0.000000 13.465535 4.661248 47.219194 36.451519 55.658215 16.587247 -18.198700 11.722496 -2.953164 0.000000 0.000000 0.000000 
-1.125650 0.923860 2.100334 178.310196 31.291383 176.059346 2.122380 -8.453377 -26.641562 -29.802123 -19.428364 36.293826 49.811103 4.305093 37.197889 0.000000 0.000000 0.000000 -0.442970 -5.877847 5.584333 -4.723081 -17.183889 19.055095 34.221204 1.541699 -14.721229 0.000000 0.000000 0.000000 -6.192554 -5.725231 20.018972 -6.758950 -8.852337 -3.322142 12.420840 24.287783 14.978946 -10.162570 -7.830086 -26.863281 0.000000 0.000000 0.000000 -15.046895 -25.920459 -58.243691 -45.988823 36.149611 -8.239503 -14.624701 -33.632976 -0.364711 0.000000 0.000000 0.000000 11.978691 3.966512 48.524093 34.895216 58.153440 18.002515 -17.766551 11.718539 -2.976298 0.000000 0.000000 0.000000 
-1.114179 0.924717 2.080006 178.317030 29.593125 176.133932 2.894570 -9.388122 -27.713587 -21.432232 -16.070720 27.904698 49.958040 -4.433341 33.732317 0.000000 0.000000 0.000000 -1.030430 -7.499882 9.300332 -3.136034 -14.514549 15.085932 34.892446 -1.663175 -15.905979 0.000000 0.000000 0.000000 -6.213579 -5.877606 20.020984 -7.604742 -10.408467 -1.791432 12.539311 25.251507 14.933707 -10.709048 -8.990581 -26.803971 0.000000 0.000000 0.000000 -14.447879 -25.787853 -59.790692 -45.985662 37.615479 -8.842845 -13.180992 -34.008727 -1.054641 0.000000 0.000000 0.000000 10.121160 5.117530 50.591205 35.193739 62.338554 21.307201 -19.400840 10.371038 -3.083084 0.000000 0.000000 0.000000 
-1.102657 0.921578 2.053578 178.312548 29.686622 176.988350 3.227058 -9.350192 -27.548282 -15.140169 -12.550132 21.162107 50.784714 -10.286643 30.575203 0.000000 0.000000 0.000000 -1.205707 -8.177699 10.894547 -2.958317 -12.770105 13.282348 32.729408 -4.612596 -15.418221 0.000000 0.000000 0.000000 -7.363893 -5.651231 19.604412 -8.259656 -9.987905 -2.959463 13.900834 25.890337 16.799712 -10.557040 -10.402046 -27.983793 0.000000 0.000000 0.000000 -12.269534 -26.744664 -62.115023 -46.016059 40.524873 -10.406389 -12.690886 -31.866058 -1.602023 0.000000 0.000000 0.000000 10.070597 4.500008 55.664082 28.611335 65.991574 18.222222 -23.211456 10.067032 -3.712925 0.000000 0.000000 0.000000 
-1.091480 0.915620 2.020888 178.718601 28.215265 178.522949 3.611176 -10.347168 -28.629863 -14.215424 -12.124909 19.875817 52.951721 -15.576890 33.092564 0.000000 0.000000 0.000000 -0.822593 -8.453586 11.554153 -3.430885 -12.806551 13.199928 33.822400 -5.612583 -16.195260 0.000000 0.000000 0.000000 -8.545509 -5.555527 19.059247 -7.357735 -10.045640 -3.426556 13.340735 25.670318 16.930222 -10.164965 -11.668798 -28.380936 0.000000 0.000000 0.000000 -10.074534 -26.336997 -64.245660 -45.067496 42.037139 -11.743465 -14.993326 -29.161600 -1.020875 0.000000 0.000000 0.000000 10.356498 3.654186 60.740832 18.817651 69.715883 11.717852 -23.779411 8.822103 -3.748574 0.000000 0.000000 0.000000 
-1.081828 0.909646 1.981839 179.246335 28.303699 178.963849 4.513105 -10.413686 -28.556300 -17.479975 -13.524138 20.484415 56.302267 -21.401510 41.216758 0.000000 0.000000 0.000000 -1.053345 -8.976836 12.581226 -5.311460 -14.402397 16.132931 33.163970 -5.011377 -15.200690 0.000000 0.000000 0.000000 -9.710615 -5.338076 18.259717 -7.534628 -10.050183 -3.671258 14.341685 25.783980 17.983800 -9.728235 -12.100880 -28.438897 0.000000 0.000000 0.000000 -10.151338 -26.800933 -66.597673 -43.300702 43.559270 -10.695282 -14.898168 -26.172243 -0.834527 0.000000 0.000000 0.000000 10.218969 3.187007 63.174461 11.306281 71.244528 6.630119 -24.654884 8.190890 -3.769195 0.000000 0.000000 0.000000 
-1.074626 0.905199 1.937224 179.071272 25.812221 178.216095 3.689846 -9.817549 -27.555874 -22.493609 -16.587911 23.776659 60.947060 -30.548512 48.517973 0.000000 0.000000 0.000000 -2.228498 -9.936743 12.828573 -11.071234 -19.827262 24.026012 35.123717 -2.042493 -9.367069 0.000000 0.000000 0.000000 -11.690024 -6.473492 19.355895 -6.646715 -9.651246 -4.735613 14.715216 24.870820 19.497576 -8.054329 -12.460919 -28.677315 0.000000 0.000000 0.000000 -10.236884 -28.188023 -70.286114 -40.256811 45.371149 -8.389234 -15.591251 -24.407815 -0.195103 0.000000 0.000000 0.000000 9.076758 3.053020 68.756366 -5.717811 73.805052 -5.652955 -25.734660 5.345246 -3.474645 0.000000 0.000000 0.000000 
-1.070068 0.903763 1.891383 179.099818 23.079374 177.492152 1.469436 -8.568105 -25.802070 -26.032265 -19.177382 27.940627 65.832003 -39.098133 52.261423 0.000000 0.000000 0.000000 -3.329564 -9.291694 8.613916 -33.610928 -31.185501 46.938817 47.406554 8.976119 7.876061 0.000000 0.000000 0.000000 -13.179467 -7.437887 20.063016 -7.237757 -11.968720 -2.500022 15.417945 27.523098 18.628524 -6.675430 -12.633854 -28.767470 0.000000 0.000000 0.000000 -9.411159 -29.730854 -73.045102 -39.605336 47.197252 -7.784433 -16.730736 -24.994925 0.090823 0.000000 0.000000 0.000000 8.015767 1.467124 69.822560 -7.363473 75.657356 -6.410616 -24.431051 4.756690 -3.161768 0.000000 0.000000 0.000000 
-1.065825 0.904586 1.848776 179.504473 20.238075 176.467836 -1.041381 -6.459640 -22.670224 -26.181058 -20.432868 31.037958 71.330276 -40.262218 47.260669 0.000000 0.000000 0.000000 -4.061407 -9.061981 1.159970 -78.813582 -28.753176 80.771766 69.669995 10.220448 40.899050 0.000000 0.000000 0.000000 -14.601626 -9.133361 22.362671 -6.475574 -11.423971 -3.941176 15.634950 27.089889 20.283628 -5.688926 -13.533871 -30.114750 0.000000 0.000000 0.000000 -7.477819 -32.434581 -76.922605 -38.732437 48.905488 -6.594403 -18.494187 -25.481039 0.687847 0.000000 0.000000 0.000000 7.368427 -0.662051 74.427458 -27.378976 76.366314 -22.716061 -23.879061 3.150076 -2.883153 0.000000 0.000000 0.000000 
-1.059937 0.908541 1.810063 -179.272148 16.524412 176.562470 -2.961537 -4.009414 -18.397640 -19.318577 -18.831595 29.415255 81.620778 -39.269683 31.463655 0.000000 0.000000 0.000000 -2.363427 -9.135431 -6.689440 -107.661291 -16.564787 92.590157 80.452531 -4.557712 64.054924 0.000000 0.000000 0.000000 -14.987164 -10.851629 24.622639 -6.091128 -11.433470 -4.600637 15.567579 25.944490 20.470324 -5.442609 -15.025948 -30.529495 0.000000 0.000000 0.000000 -5.550279 -32.665205 -80.610299 -38.223276 48.620147 -6.048220 -20.512214 -26.487063 1.420330 0.000000 0.000000 0.000000 4.140387 -0.930061 80.147801 -55.477888 76.411382 -43.985608 -23.852281 -1.107644 -2.136070 0.000000 0.000000 0.000000 
-1.052641 0.915276 1.772525 -177.824837 13.025493 176.494441 -2.734625 -2.506864 -13.665755 -12.872910 -15.987185 25.116767 92.254346 -39.500647 17.177975 0.000000 0.000000 0.000000 0.579546 -9.929407 -13.477089 -112.788890 -14.714259 92.663976 85.542481 -11.815597 66.874542 0.000000 0.000000 0.000000 -16.170656 -13.090027 27.497600 -4.982675 -10.885230 -5.964398 16.352542 25.602598 21.875381 -5.296022 -17.167034 -31.765521 0.000000 0.000000 0.000000 -1.787837 -33.520417 -86.038491 -37.909074 49.560122 -6.215677 -23.429108 -28.053922 2.216752 0.000000 0.000000 0.000000 1.386744 -2.188516 88.647569 -77.877755 69.221388 -56.345778 -23.247112 -5.438111 -1.466344 0.000000 0.000000 0.000000 
-1.044459 0.922691 1.734908 -176.788239 10.336921 177.099086 -2.438497 -2.093746 -9.918165 -9.480846 -14.118074 22.501792 95.336120 -35.843119 9.007386 0.000000 0.000000 0.000000 4.355882 -11.482004 -19.904291 -94.479275 -23.653254 84.541777 86.344447 -6.181665 50.175598 0.000000 0.000000 0.000000 -16.461285 -14.262955 28.862520 -5.456535 -12.493058 -4.935796 17.009190 27.285551 21.799586 -5.413761 -18.987810 -31.985991 0.000000 0.000000 0.000000 2.222343 -34.429234 -89.466706 -38.348829 48.778716 -7.146742 -27.896422 -30.852244 3.542800 0.000000 0.000000 0.000000 -0.637178 -2.402864 95.612539 -88.328453 62.206081 -58.416637 -23.420115 -9.389700 -1.105014 0.000000 0.000000 0.000000 
-1.035972 0.926715 1.696963 -175.856441 6.324981 176.989762 -1.313557 -2.681615 -7.437378 -9.459636 -14.392187 22.748960 100.346405 -36.880127 5.013965 0.000000 0.000000 0.000000 8.146001 -13.059658 -24.504699 -67.685391 -30.461445 67.491039 85.550079 -7.915844 31.418395 0.000000 0.000000 0.000000 -18.422303 -17.229415 32.024556 -7.190535 -13.830635 -4.268489 20.378917 30.627913 23.207572 -3.544463 -20.764597 -32.947159 0.000000 0.000000 0.000000 9.169349 -34.768697 -102.592554 -33.171497 55.622444 -6.435732 -33.572061 -31.298886 4.491006 0.000000 0.000000 0.000000 -9.627493 -2.909156 114.251639 -100.224542 43.480384 -42.938986 -19.373093 -20.842267 -0.534904 0.000000 0.000000 0.000000 
-1.027562 0.926404 1.657681 -175.681245 3.045041 177.804804 -1.197042 -3.012548 -6.623390 -9.016632 -14.689611 22.944318 103.158020 -38.554431 1.758406 0.000000 0.000000 0.000000 11.138988 -15.359338 -28.475994 -37.957930 -27.872598 44.316390 88.279134 -13.353423 14.826070 0.000000 0.000000 0.000000 -18.170652 -18.048882 32.896141 -7.878923 -15.400515 -3.919631 21.326154 31.245362 23.872091 -3.798667 -23.701881 -34.429793 0.000000 0.000000 0.000000 15.960573 -36.115492 -113.845243 -23.803878 61.547135 -2.060166 -38.453332 -30.522907 4.653527 0.000000 0.000000 0.000000 -17.319658 0.815224 135.359847 -103.320887 20.323873 -16.965973 -7.288309 -30.119914 -3.692366 0.000000 0.000000 0.000000 
-1.019508 0.921810 1.615789 -176.179425 -0.129869 177.951379 -2.628628 5.818610 -7.781475 25.116965 26.462937 32.812386 -155.118758 23.032576 -27.268227 0.000000 0.000000 0.000000 -1.577269 11.875485 -26.977502 18.944554 18.853168 22.143631 -117.050346 71.601862 6.527924 0.000000 0.000000 0.000000 9.667419 20.589889 36.365265 21.037952 22.090282 -7.253901 -26.390157 -48.171408 24.204623 -1.142355 -21.034579 -35.748630 0.000000 0.000000 0.000000 18.117815 -38.034300 -113.131056 -24.418914 60.527233 -9.762627 -43.645835 -28.375841 1.923298 0.000000 0.000000 0.000000 -22.537760 7.065173 155.176041 -103.063561 -3.514660 16.730261 13.550353 -29.006452 -10.362707 0.000000 0.000000 0.000000 
-1.012683 0.914892 1.571005 -176.738372 -2.648183 177.449799 -2.655886 6.194760 -9.394642 39.061662 30.763485 44.533728 -144.477441 34.492345 -16.972277 0.000000 0.000000 0.000000 -0.762051 12.018163 -27.694041 15.920568 17.060599 21.936804 -99.017312 67.664526 19.625756 0.000000 0.000000 0.000000 12.503984 21.592046 38.751561 21.563721 21.773356 -8.132649 -29.383914 -49.226146 26.132835 2.313952 20.054191 -33.804920 0.000000 0.000000 0.000000 18.892634 -38.588498 -111.513620 -29.730172 60.119776 -21.789694 -45.336038 -23.192516 2.201841 0.000000 0.000000 0.000000 -25.093475 12.792722 170.566484 -100.174248 -25.248098 42.967725 25.063249 -17.173487 -12.487188 0.000000 0.000000 0.000000 
-1.008305 0.904463 1.525367 -177.058547 -5.876424 177.901649 -2.463761 10.004423 -16.028290 71.600121 31.167045 68.285944 -119.528707 52.632740 15.188920 0.000000 0.000000 0.000000 -2.729379 14.583877 -30.958089 23.712836 20.581194 29.016173 -69.066749 64.637877 52.255703 0.000000 0.000000 0.000000 15.399338 21.749114 40.612632 22.902656 22.277782 -7.454969 -30.848156 -49.688654 23.909994 2.546799 18.962775 -32.486013 0.000000 0.000000 0.000000 21.687908 -34.220963 -141.748466 41.850694 66.745848 23.492652 -51.972719 2.685012 -12.174101 0.000000 0.000000 0.000000 -26.896089 26.739631 -151.727871 -83.031487 -66.857807 68.275044 27.176125 3.289741 -6.884539 0.000000 0.000000 0.000000 
-1.005941 0.894037 1.481560 -177.050321 -7.997574 177.569358 -4.059136 17.302024 -25.245706 105.211630 21.265623 80.195258 -74.648522 52.580396 67.063805 0.000000 0.000000 0.000000 -2.201916 13.471943 -30.063238 29.584874 22.965068 33.495436 -65.744848 70.059222 64.356778 0.000000 0.000000 0.000000 19.672312 22.974111 43.524803 24.393024 22.152621 -6.831267 -33.675851 -51.999640 23.667345 1.135020 16.931037 -31.688629 0.000000 0.000000 0.000000 19.769138 -22.700007 179.899881 82.942642 34.940757 27.724707 -37.138154 32.793253 -22.653231 0.000000 0.000000 0.000000 -23.301417 37.705004 -125.057791 19.225691 -73.840030 -9.195052 18.763065 13.072092 -3.938123 0.000000 0.000000 0.000000 
-1.006337 0.884749 1.441488 -177.743614 -10.284515 178.616781 -11.085020 23.654457 -36.504853 119.162235 18.416535 75.094691 -66.692869 41.701124 82.422549 0.000000 0.000000 0.000000 -3.262466 13.252915 -30.013132 36.984085 24.910473 37.221687 -51.146405 72.054745 87.472603 0.000000 0.000000 0.000000 24.202270 24.133306 46.791438 21.741275 18.762197 -10.173483 -33.450201 -50.902438 24.548744 1.418475 13.996198 -33.351329 0.000000 0.000000 0.000000 9.740898 -14.827821 147.755526 87.574548 1.494663 -3.719576 -1.093597 43.264374 -10.493055 0.000000 0.000000 0.000000 -18.747591 44.194190 -105.432918 44.303532 -53.971271 -18.731027 9.717708 14.798386 -3.392180 0.000000 0.000000 0.000000 
-1.009661 0.881566 1.404700 -178.171650 -10.232252 179.917784 -16.893986 26.893868 -43.384646 110.299922 20.525150 68.964574 -79.895262 33.501178 72.552594 0.000000 0.000000 0.000000 -2.983229 12.540647 -29.037344 36.539125 24.881319 36.837834 -36.429939 80.112148 106.203443 0.000000 0.000000 0.000000 27.228513 25.477597 49.708854 23.005065 19.535169 -8.959085 -36.824670 -53.218318 25.300572 1.698952 13.698261 -33.498432 0.000000 0.000000 0.000000 3.297840 -14.200540 130.346387 84.936609 -14.176500 -19.074704 11.348526 33.821125 -3.888508 0.000000 0.000000 0.000000 -15.728705 47.388480 -96.679780 46.810611 -43.144908 -13.318823 5.047766 14.046077 -3.246618 0.000000 0.000000 0.000000 
-1.015222 0.882577 1.370481 -178.369464 -10.332692 -177.436271 -24.839637 28.445099 -50.558765 87.949807 22.356813 56.880340 -84.881827 17.858701 56.566141 0.000000 0.000000 0.000000 -4.779620 13.358789 -29.662528 38.861275 25.448540 35.343968 12.384034 79.894412 157.128924 0.000000 0.000000 0.000000 29.307051 26.228738 51.576004 20.744557 17.359542 -9.664586 -35.022813 -52.681332 24.222186 2.528993 13.261464 -34.382598 0.000000 0.000000 0.000000 1.009797 -15.009818 121.611417 82.246145 -22.005904 -24.983731 15.807975 29.300393 -2.298060 0.000000 0.000000 0.000000 -14.426725 49.391571 -91.463372 48.031751 -36.015447 -9.735377 3.340197 13.131683 -2.965140 0.000000 0.000000 0.000000 
-1.022695 0.886087 1.338537 -178.252455 -10.132278 -175.100599 -30.666815 28.907784 -55.116088 66.628974 20.480555 45.160663 -82.554354 8.216125 44.864453 0.000000 0.000000 0.000000 -5.215745 13.691629 -29.850333 37.823221 25.306940 32.869616 61.545868 73.284960 -150.458352 0.000000 0.000000 0.000000 30.504466 26.970450 53.139743 22.289391 18.420392 -8.469158 -37.522282 -54.640321 25.555956 2.077089 10.952859 -36.945974 0.000000 0.000000 0.000000 2.267660 -16.589926 119.394400 82.258145 -22.469998 -23.946260 10.785097 29.078705 -2.838418 0.000000 0.000000 0.000000 -13.870340 51.576147 -87.313859 48.305250 -29.084462 -6.357666 1.454326 11.763599 -2.800626 0.000000 0.000000 0.000000 
-1.031983 0.887797 1.307974 -178.202467 -10.786079 -172.884687 -35.131518 28.468432 -58.228917 53.451750 16.975455 35.190276 -78.528752 6.811383 39.498076 0.000000 0.000000 0.000000 -6.422959 13.922043 -30.019937 39.548311 26.001986 31.359379 58.906252 70.721844 -152.391104 0.000000 0.000000 0.000000 33.132780 27.562356 55.048139 23.350922 18.623307 -8.290933 -40.613397 -56.530531 28.057014 4.686465 13.033772 -34.790387 0.000000 0.000000 0.000000 4.178336 -19.130135 117.307751 81.168459 -22.040199 -21.029381 7.208203 28.584121 -3.336657 0.000000 0.000000 0.000000 -13.377672 53.572377 -79.437613 48.338917 -19.486437 -4.083344 0.696034 11.620136 -2.861672 0.000000 0.000000 0.000000 
-1.043139 0.887029 1.279204 -178.114658 -9.231429 -170.589284 -39.636670 28.784755 -61.491062 49.503901 15.310270 30.109789 -76.869541 9.762145 39.231052 0.000000 0.000000 0.000000 -7.875759 15.373428 -31.365024 43.204248 27.804059 31.483542 67.365629 55.695445 -142.013660 0.000000 0.000000 0.000000 35.471180 29.243877 58.392138 24.024034 19.527479 -9.225265 -44.894564 -58.927164 32.208231 6.084656 14.340106 -36.066844 0.000000 0.000000 0.000000 15.234207 -23.581585 134.606788 81.699344 -1.999334 -0.324674 -8.543312 29.935702 -8.234206 0.000000 0.000000 0.000000 -17.140463 54.339626 -80.774622 48.567559 -17.208346 -5.912591 -0.343417 13.823063 -3.910595 0.000000 0.000000 0.000000 
-1.055820 0.881942 1.252025 -177.353441 -7.341395 -169.214508 -40.033411 29.455410 -62.094113 50.118005 15.805318 29.731297 -78.703609 10.053352 37.840256 0.000000 0.000000 0.000000 -9.441234 17.396081 -33.427657 51.361107 31.269159 34.124492 69.630923 33.471361 -141.944267 0.000000 0.000000 0.000000 39.018465 30.843405 62.010217 27.893434 22.136081 -7.297045 -54.745093 -62.955004 37.836902 9.033244 18.965336 -33.350516 0.000000 0.000000 0.000000 25.677657 -26.968085 143.011637 80.624258 11.457178 15.570064 -17.852135 25.064578 -9.795281 0.000000 0.000000 0.000000 -18.539902 54.605300 -84.890348 47.981236 -17.832509 -5.251896 -0.293920 14.702513 -4.049194 0.000000 0.000000 0.000000 
-1.069611 0.877024 1.225045 -176.813103 -5.809286 -168.964448 -39.138111 29.893677 -61.716472 52.765771 17.199964 31.616032 -81.016170 9.984435 37.175679 0.000000 0.000000 0.000000 -11.512544 19.440509 -35.710500 63.024503 34.980545 39.050533 68.131640 20.724508 -151.340830 0.000000 0.000000 0.000000 44.002623 32.311648 66.731788 30.140118 23.357997 -7.722134 -68.277746 -66.011462 48.500421 12.647505 24.396810 -30.193063 0.000000 0.000000 0.000000 35.955735 -33.084510 161.026146 71.341687 32.703639 30.679976 -25.493538 16.067739 -9.047187 0.000000 0.000000 0.000000 -22.665296 55.657869 -89.766862 46.944780 -19.152180 -7.243754 0.948603 15.741660 -4.270129 0.000000 0.000000 0.000000 
-1.084874 0.873680 1.195851 -175.657295 -5.069390 -169.812592 -33.895100 30.169445 -57.946718 56.253321 19.348698 36.852906 -82.810920 6.695042 35.338530 0.000000 0.000000 0.000000 -16.092863 22.872174 -39.887054 81.824866 39.636041 45.830432 58.990974 15.401810 -173.260671 0.000000 0.000000 0.000000 51.993381 32.935483 73.286345 29.608196 22.177128 -10.551755 -77.551167 -68.164120 57.084979 13.839003 26.516067 -27.135686 0.000000 0.000000 0.000000 38.278861 -33.548833 159.763399 69.815767 33.835144 31.643461 -25.429422 14.433766 -8.351787 0.000000 0.000000 0.000000 -22.917712 56.070002 -87.906521 46.776679 -16.704834 -6.927550 1.670376 17.039638 -4.369025 0.000000 0.000000 0.000000 
-1.100453 0.875063 1.162471 -175.268783 -4.332061 -170.720827 -27.064875 28.913105 -51.654735 56.189594 21.347142 41.795482 -82.599506 3.118819 30.924237 0.000000 0.000000 0.000000 -22.053928 25.846475 -43.809030 96.582632 45.198691 48.709900 52.489231 8.692945 171.586028 0.000000 0.000000 0.000000 54.737501 33.281413 76.173964 30.344173 23.489309 -12.184416 -88.939070 -69.362787 67.327892 12.114662 26.523699 -27.097245 0.000000 0.000000 0.000000 41.766451 -37.194230 171.067373 60.014642 44.744571 33.332503 -27.061202 9.395582 -7.028159 0.000000 0.000000 0.000000 -24.688869 56.531203 -95.745186 45.693495 -23.345154 -7.184200 4.370282 18.217648 -3.955509 0.000000 0.000000 0.000000 
-1.115568 0.873940 1.124094 -174.735894 -2.881478 -172.861205 -19.756631 26.962464 -44.510214 61.254100 24.404690 48.909233 -93.510425 14.831863 30.708662 0.000000 0.000000 0.000000 -27.795521 28.943495 -48.810905 100.733295 50.858460 46.724672 57.449400 4.128354 163.103094 0.000000 0.000000 0.000000 58.596226 33.469174 79.596353 31.838637 24.415242 -12.251751 -99.164689 -70.548789 76.037793 9.393679 25.352167 -26.519940 0.000000 0.000000 0.000000 41.738478 -36.870697 169.813828 63.250806 44.488264 34.738340 -27.827456 9.753997 -7.506765 0.000000 0.000000 0.000000 -25.150096 55.317525 -99.631608 46.316115 -28.085428 -7.810089 5.456277 18.645500 -3.810737 0.000000 0.000000 0.000000 
-1.129466 0.874586 1.082745 -175.069315 -2.727575 -173.801109 -13.213539 22.728206 -36.560172 60.402137 27.195349 54.632625 -94.587803 12.506504 26.086029 0.000000 0.000000 0.000000 -30.739750 29.959006 -50.858544 85.276609 49.598641 36.329763 60.832701 8.425654 170.577387 0.000000 0.000000 0.000000 58.844742 33.392618 79.654670 34.235906 27.678409 -11.861078 -109.417921 -69.733737 82.594786 9.775565 26.612084 -24.049854 0.000000 0.000000 0.000000 39.890661 -39.062023 171.341732 65.174731 44.294056 34.476729 -30.098866 11.798709 -9.305158 0.000000 0.000000 0.000000 -22.743199 52.796629 -104.783184 46.498367 -36.257902 -9.361983 7.165519 18.251490 -3.472433 0.000000 0.000000 0.000000 
-1.141592 0.872604 1.040842 -174.861010 -1.179605 -174.724551 -8.225927 18.911601 -29.637945 61.773647 30.446203 60.960646 -105.945432 20.103541 21.475633 0.000000 0.000000 0.000000 -28.618452 30.430661 -51.336671 62.799559 41.761702 25.961798 70.547183 15.722782 -170.652407 0.000000 0.000000 0.000000 57.000754 33.716382 78.353008 37.014603 31.325581 -9.779298 -117.109111 -68.338465 88.634856 10.186068 31.613315 -21.771671 0.000000 0.000000 0.000000 42.654584 -43.494565 -169.873389 47.722926 60.340884 31.599015 -30.856563 0.720616 -5.838462 0.000000 0.000000 0.000000 -26.702086 49.441260 -125.400472 38.615382 -53.661147 -6.788975 11.059642 16.347495 -2.869100 0.000000 0.000000 0.000000 
-1.151498 0.868354 0.999017 -175.543644 -4.325879 -175.304756 -7.494353 15.888873 -27.052812 70.592489 30.201479 68.516714 -105.425257 22.054602 27.736156 0.000000 0.000000 0.000000 -25.787117 29.014922 -49.410796 52.062631 35.627487 22.016814 65.054510 29.691154 -164.885863 0.000000 0.000000 0.000000 57.995017 32.080477 76.311420 34.737902 29.037199 -11.500962 -108.895874 -68.015486 81.436476 11.128733 27.672011 -22.788111 0.000000 0.000000 0.000000 39.118045 -36.399446 167.824264 76.040918 41.962834 39.940010 -32.207725 14.206222 -11.298091 0.000000 0.000000 0.000000 -18.633255 50.120291 -109.893544 42.370896 -44.831204 -7.260340 9.075089 16.115764 -2.663395 0.000000 0.000000 0.000000 
-1.158985 0.861492 0.959037 -176.454398 -7.567771 -174.906753 -7.587879 15.864350 -27.754565 81.969547 27.073436 75.801710 -102.877126 23.629141 39.072844 0.000000 0.000000 0.000000 -26.293200 28.067772 -48.616635 53.181215 34.452223 23.400754 54.162063 35.345929 -173.373727 0.000000 0.000000 0.000000 54.872874 30.612393 71.019752 34.793715 28.196844 -9.993376 -103.375335 -67.142439 76.519362 12.707616 27.648494 -20.913763 0.000000 0.000000 0.000000 34.867774 -32.081971 157.559458 83.728203 28.832268 34.239170 -29.548911 21.087924 -13.192060 0.000000 0.000000 0.000000 -15.411678 51.428409 -103.020570 43.001961 -39.835068 -5.578982 6.228897 13.540469 -2.466465 0.000000 0.000000 0.000000 
-1.163345 0.849035 0.921990 -176.893622 -8.709880 -174.369755 -9.979921 19.798066 -32.795608 109.889609 17.747060 81.863627 -91.213131 40.710059 67.265324 0.000000 0.000000 0.000000 -27.198726 28.678340 -49.977893 59.680499 35.709583 27.592052 50.892192 29.717051 -176.513014 0.000000 0.000000 0.000000 55.955306 29.848493 70.172921 34.065897 26.584509 -9.450631 -95.770092 -66.646188 69.216194 10.770143 24.730465 -22.087938 0.000000 0.000000 0.000000 23.955236 -27.847507 135.470089 86.988459 2.046993 8.514255 -15.274413 31.721754 -11.657923 0.000000 0.000000 0.000000 -10.675831 51.639617 -91.447549 44.514062 -31.190935 -2.479372 5.584637 12.520999 -1.865371 0.000000 0.000000 0.000000 
-1.165249 0.833722 0.887536 -177.758160 -10.291363 -173.485383 -16.627072 26.188894 -43.157278 136.464574 13.578304 76.075138 -61.307691 41.159326 103.633694 0.000000 0.000000 0.000000 -27.139037 28.342476 -49.956232 69.959361 38.202008 33.190264 52.291835 17.470166 -176.619529 0.000000 0.000000 0.000000 58.251395 29.392328 70.500728 32.764442 24.262727 -10.819060 -91.333989 -66.572798 64.692846 8.348260 20.446975 -25.333255 0.000000 0.000000 0.000000 12.570183 -27.024511 119.527747 83.269160 -16.949483 -12.909224 0.085939 33.933802 -6.637784 0.000000 0.000000 0.000000 -8.730985 54.635004 -82.006393 43.279437 -21.934265 1.571400 4.163243 8.323103 -1.052868 0.000000 0.000000 0.000000 
-1.166316 0.816180 0.854200 -178.584321 -10.107277 -173.560103 -26.809443 31.928389 -55.799275 146.736225 18.084350 68.517120 -71.320821 29.573070 108.704547 0.000000 0.000000 0.000000 -27.202103 27.917581 -49.130432 81.160082 40.240851 39.409828 47.650517 10.159371 -178.031992 0.000000 0.000000 0.000000 62.950292 29.437986 74.694554 31.846220 21.364531 -11.603317 -90.072968 -67.900451 63.493385 7.959172 19.733042 -23.581956 0.000000 0.000000 0.000000 1.498714 -28.464615 100.014202 73.220335 -35.298955 -27.508913 13.071348 26.417878 -1.727320 0.000000 0.000000 0.000000 -5.596974 57.739874 -70.415089 40.085495 -10.795460 6.609040 2.610911 6.804894 -0.776221 0.000000 0.000000 0.000000 
-1.167755 0.795870 0.820968 -179.457170 -11.755264 -173.044666 -41.083761 33.773605 -70.462821 135.818003 24.799484 57.096882 -89.362312 18.000047 97.831488 0.000000 0.000000 0.000000 -31.566170 28.419368 -50.312410 95.789221 45.746022 42.354476 45.921995 -3.827862 173.354795 0.000000 0.000000 0.000000 70.844510 28.228566 79.256319 28.053933 16.109888 -15.554345 -90.857048 -67.626996 65.879376 8.337315 18.793552 -24.268212 0.000000 0.000000 0.000000 -4.614087 -29.978287 90.614209 64.663355 -40.970428 -29.125492 16.855933 21.891467 -0.824000 0.000000 0.000000 0.000000 -5.822858 58.712468 -61.653746 37.127498 0.404553 8.023523 4.630586 4.298736 -0.005183 0.000000 0.000000 0.000000 
-1.171028 0.777012 0.788033 -179.641188 -12.123228 -172.588111 -56.552426 31.526478 -83.623988 119.977787 29.787572 42.105333 -96.215048 15.899970 90.522412 0.000000 0.000000 0.000000 -34.016513 28.452252 -49.718122 111.827525 51.106950 47.794029 46.450044 -15.858096 166.177628 0.000000 0.000000 0.000000 72.616409 27.705939 81.863293 27.331784 14.181728 -15.703380 -88.992276 -67.794075 64.479462 11.498023 20.607136 -22.134780 0.000000 0.000000 0.000000 -12.054373 -31.814840 81.449645 51.333785 -45.638158 -26.599536 18.000765 15.180521 -0.624376 0.000000 0.000000 0.000000 -4.718295 60.129437 -56.429537 32.744071 6.960334 10.303608 3.740361 3.599892 0.087818 0.000000 0.000000 0.000000 
-1.176487 0.760853 0.755512 -179.833084 -13.674564 -172.633226 -66.258342 27.442268 -89.489856 100.110178 27.368389 28.035577 -98.561304 13.106955 80.723099 0.000000 0.000000 0.000000 -37.027187 28.055776 -47.330553 126.452238 58.099321 52.081242 26.455494 -20.971158 159.964799 0.000000 0.000000 0.000000 75.645874 26.693317 84.090955 25.929273 11.138203 -16.776523 -88.179626 -68.052479 65.186423 8.251490 16.572829 -23.104602 0.000000 0.000000 0.000000 -14.864993 -32.701562 74.913723 43.781919 -45.716953 -22.553466 18.513317 10.906687 -0.793206 0.000000 0.000000 0.000000 -5.461235 60.146661 -47.792649 29.080288 12.580709 8.900301 3.136408 5.968503 -0.074171 0.000000 0.000000 0.000000 
-1.185071 0.752772 0.723483 -179.310831 -14.265356 -171.972177 -74.747258 23.479512 -94.548458 84.113120 22.242345 16.580304 -92.638660 20.378641 76.354995 0.000000 0.000000 0.000000 -36.584331 27.458355 -45.038328 143.114280 61.031161 61.120241 9.192451 -27.433073 160.917523 0.000000 0.000000 0.000000 78.636199 25.519405 87.687923 25.015381 9.593186 -18.737553 -89.023707 -67.543270 66.242802 9.056951 13.875279 -25.698608 0.000000 0.000000 0.000000 -16.982969 -33.916999 71.101505 41.130889 -45.422854 -21.093802 16.132188 10.518670 -0.583255 0.000000 0.000000 0.000000 -7.222591 56.396420 -38.426385 27.437286 20.148082 6.061789 3.446715 7.443360 -0.131339 0.000000 0.000000 0.000000 
-1.197237 0.747550 0.692461 -178.823274 -13.981434 -172.095362 -76.539080 22.430345 -94.511480 75.832795 19.596292 12.469229 -89.251298 25.013554 73.700993 0.000000 0.000000 0.000000 -31.294639 24.963671 -40.260030 147.010277 57.338847 64.871353 24.144769 -29.263593 156.158911 0.000000 0.000000 0.000000 80.313448 25.163153 89.757053 24.526428 7.949119 -18.629953 -91.490183 -68.629696 71.673213 8.003300 12.361548 -27.262306 0.000000 0.000000 0.000000 -13.866121 -30.966933 68.731406 46.367064 -45.760381 -22.617608 13.771496 11.971003 -0.407905 0.000000 0.000000 0.000000 -9.799357 58.693616 -36.664251 24.051389 23.221346 4.801011 2.177163 8.072903 -0.345030 0.000000 0.000000 0.000000 
-1.213654 0.747922 0.663196 -178.473122 -13.217399 -170.988056 -79.950256 20.953201 -94.608401 74.020618 20.841475 8.612044 -80.730321 32.251661 77.010786 0.000000 0.000000 0.000000 -28.743583 23.675635 -37.466912 144.665486 53.296652 64.466676 21.915669 -26.232956 158.244961 0.000000 0.000000 0.000000 83.175758 24.094632 93.033609 22.292430 6.361281 -20.356492 -93.252713 -68.718662 74.212258 7.005266 10.314499 -29.767521 0.000000 0.000000 0.000000 -9.395596 -30.642522 69.656144 50.319071 -46.322676 -23.593432 12.444967 13.425355 -0.413254 0.000000 0.000000 0.000000 -10.894368 57.790072 -36.472447 25.383526 22.799493 4.347803 1.088008 9.472225 -0.858352 0.000000 0.000000 0.000000 
-1.233043 0.752742 0.636159 -176.569641 -11.618029 -169.694026 -84.209706 19.236239 -97.245253 72.933450 23.719772 2.861459 -76.278480 29.441124 77.609693 0.000000 0.000000 0.000000 -27.940804 23.417849 -36.092678 142.045087 52.290577 64.280800 29.640358 -22.607670 156.665270 0.000000 0.000000 0.000000 80.878693 25.626488 93.290325 22.073924 6.475813 -19.248636 -85.520909 -68.634432 69.845220 6.262144 9.107284 -31.838912 0.000000 0.000000 0.000000 -0.069732 -26.701122 72.318907 61.750833 -44.850823 -24.429864 10.865174 16.110032 -0.715923 0.000000 0.000000 0.000000 -14.044390 56.966413 -37.714044 27.337279 23.029040 3.151597 -3.476892 12.167003 -2.741835 0.000000 0.000000 0.000000 
-1.252999 0.763902 0.611235 -175.710636 -9.819015 -168.031648 -87.751544 17.694829 -99.755210 74.235242 26.962790 -0.250970 -74.075318 29.439755 80.096121 0.000000 0.000000 0.000000 -26.294551 22.934573 -35.108135 134.968560 48.969351 62.548862 41.268195 -16.999082 155.284103 0.000000 0.000000 0.000000 79.281685 26.930404 93.642853 21.280199 6.177003 -18.332788 -80.161573 -68.393471 67.089027 4.559478 7.718573 -33.798542 0.000000 0.000000 0.000000 10.286208 -23.274263 81.388485 71.435568 -37.119114 -18.352133 7.359195 21.250327 -1.537080 0.000000 0.000000 0.000000 -18.101920 54.978993 -36.450340 27.418100 25.118979 -0.467979 -3.728078 14.986875 -3.964116 0.000000 0.000000 0.000000 
-1.272189 0.777995 0.587277 -174.020322 -7.837671 -166.865558 -87.584335 18.401340 -100.908040 75.202282 29.253205 -0.438810 -75.107412 29.021162 79.194090 0.000000 0.000000 0.000000 -24.169770 22.182900 -33.778648 127.334545 46.829678 61.122111 46.517283 -9.928298 158.144010 0.000000 0.000000 0.000000 77.515760 28.328833 93.969076 21.772237 6.763272 -16.963634 -73.513224 -68.819338 61.355632 4.785314 7.606040 -35.273343 0.000000 0.000000 0.000000 13.693275 -21.771928 84.752663 73.713360 -33.982574 -15.521776 8.016865 22.363949 -1.586673 0.000000 0.000000 0.000000 -19.576518 55.282495 -39.650238 28.032983 23.350489 0.012722 -3.524127 15.181604 -4.021153 0.000000 0.000000 0.000000 
-1.290313 0.790312 0.562372 -172.980873 -4.708502 -165.774352 -85.459984 20.666749 -102.006905 75.162309 29.068470 2.402138 -77.793055 30.589034 76.168411 0.000000 0.000000 0.000000 -22.305552 21.742826 -32.946221 119.291724 44.715430 59.889095 55.725213 -4.272035 162.320170 0.000000 0.000000 0.000000 79.282192 28.705534 96.252908 21.652116 7.053079 -16.891260 -76.854190 -69.913031 64.962925 4.219254 9.438502 -36.102306 0.000000 0.000000 0.000000 22.983250 -18.575343 99.550035 79.072583 -20.027306 -3.217360 1.865318 26.808807 -3.434566 0.000000 0.000000 0.000000 -24.694873 57.254254 -51.756012 30.651314 17.677317 0.844840 -2.088114 15.956081 -3.856582 0.000000 0.000000 0.000000 
-1.308584 0.799676 0.535045 -171.855006 -2.744452 -164.917947 -81.230588 23.974141 -100.398276 75.558493 29.337058 5.943564 -80.695808 35.574670 73.259213 0.000000 0.000000 0.000000 -21.146962 21.518798 -32.496667 115.169705 43.803502 59.470695 57.510566 0.047786 163.599926 0.000000 0.000000 0.000000 79.819340 29.115168 97.230154 21.493889 7.695962 -17.327219 -78.350465 -70.135359 66.853704 5.886264 14.069292 -35.196158 0.000000 0.000000 0.000000 28.419902 -17.541844 114.317307 80.222293 -5.807310 7.102160 -5.569974 28.768930 -5.941213 0.000000 0.000000 0.000000 -29.708653 56.531716 -63.651964 34.204362 12.055625 0.412921 -0.791049 16.660272 -3.962459 0.000000 0.000000 0.000000 
-1.326899 0.808102 0.506586 -171.836411 -1.508492 -165.002494 -74.881218 27.848405 -96.846322 78.125452 28.258424 13.646795 -86.668992 30.027386 66.964758 0.000000 0.000000 0.000000 -22.029857 21.850462 -31.514006 112.534944 43.819226 58.152888 50.565029 5.031189 164.212837 0.000000 0.000000 0.000000 80.905021 28.917068 97.687625 22.909598 9.571463 -17.941210 -89.012161 -70.324727 75.331637 8.907375 23.486947 -31.339576 0.000000 0.000000 0.000000 31.710134 -20.850838 133.130849 75.301418 10.754692 15.114127 -11.176385 29.714475 -8.487530 0.000000 0.000000 0.000000 -35.365832 57.828519 -84.071599 35.652400 -0.085457 2.482527 2.267230 18.418184 -3.189946 0.000000 0.000000 0.000000 
-1.344085 0.815129 0.477647 -170.244455 2.068653 -165.154211 77.424617 -36.294191 -66.985577 -55.752065 -57.208315 -5.951653 -29.717076 -5.291174 155.496015 0.000000 0.000000 0.000000 14.385884 -30.864310 -42.797240 -107.501382 -21.965146 69.316983 88.137394 -8.661261 61.848882 0.000000 0.000000 0.000000 -92.056448 -34.021377 76.358132 -23.782657 -20.276052 -30.474523 134.444379 47.912415 116.890845 9.437491 22.771073 -27.010060 0.000000 0.000000 0.000000 34.457668 -25.922860 145.047957 70.252053 21.195950 25.602630 -22.087692 24.860999 -9.933241 0.000000 0.000000 0.000000 -21.774081 58.100678 -55.280085 32.939038 13.872820 -7.164608 1.891570 17.081589 -3.493115 0.000000 0.000000 0.000000 
-1.358667 0.821314 0.448865 -169.989495 4.102437 -166.014459 62.286447 -34.632956 -58.019537 -66.994016 -51.962071 10.308198 -26.345953 -13.470472 159.289763 0.000000 0.000000 0.000000 15.855028 -31.694745 -45.112957 -101.987322 -21.056644 68.141380 88.758693 2.186315 59.260962 0.000000 0.000000 0.000000 -84.146321 -33.979887 72.640923 -27.174229 -23.485130 -28.008355 131.622576 48.318811 113.320948 9.082483 20.812737 -26.143723 0.000000 0.000000 0.000000 37.393669 -32.102557 162.613364 58.655847 35.723427 28.907902 -28.731079 20.093123 -10.286556 0.000000 0.000000 0.000000 -20.012460 56.835452 -52.858152 35.502709 12.219444 -13.135364 3.102699 17.983879 -4.353388 0.000000 0.000000 0.000000 
-1.369511 0.829939 0.419606 -169.145309 7.473680 -167.188319 48.848563 -31.243374 -48.557016 -71.502767 -43.931196 22.061810 -11.887477 -26.122328 154.187991 0.000000 0.000000 0.000000 17.844566 -30.605077 -46.771327 -88.678861 -20.893829 64.898467 86.257706 14.670047 51.057166 0.000000 0.000000 0.000000 -79.666352 -33.191306 70.622656 -29.536650 -23.421820 -25.188992 129.160274 50.648431 109.267463 -3.723260 -34.677327 -24.792519 0.000000 0.000000 0.000000 38.482422 -52.170745 -145.213141 -1.761737 45.367959 6.353445 -28.958484 -6.690598 -3.080765 0.000000 0.000000 0.000000 -47.537194 50.222730 -138.089155 25.712553 -43.029469 -5.762681 16.993822 13.736843 -0.248287 0.000000 0.000000 0.000000 
-1.376190 0.838401 0.389299 -169.691403 10.881668 -168.961216 35.861791 -26.053218 -40.448510 -72.551880 -36.989704 32.178786 0.891039 -34.994227 144.268035 0.000000 0.000000 0.000000 21.561322 -30.104499 -50.150342 -79.210992 -20.143950 61.355532 75.139677 27.216812 41.316636 0.000000 0.000000 0.000000 -78.450725 -32.519153 69.981482 -31.476075 -22.023930 -23.069315 126.248900 52.944574 104.350830 -3.104290 -33.431059 -23.471438 0.000000 0.000000 0.000000 24.175232 -59.789066 -102.988388 -24.583808 26.665704 0.665998 -19.485513 -17.715206 0.178127 0.000000 0.000000 0.000000 -45.262173 41.387022 -165.398421 -15.208201 -60.445273 15.680360 25.688378 6.153630 -2.932574 0.000000 0.000000 0.000000 
-1.378262 0.851097 0.356728 -169.579128 14.396508 -170.610100 25.433108 -19.790490 -31.409620 -65.781924 -30.440621 37.747057 24.114046 -42.510293 120.217232 0.000000 0.000000 0.000000 24.705775 -28.553663 -52.016318 -63.971421 -19.717942 56.364701 56.512588 32.313781 25.220021 0.000000 0.000000 0.000000 -70.436939 -31.561965 66.162383 -33.937817 -21.317085 -18.033689 116.730960 56.749916 93.848164 -2.939815 -26.946852 -21.052316 0.000000 0.000000 0.000000 11.164293 -61.919540 -76.425815 -29.863268 15.551629 4.344324 -11.533618 -19.952436 0.080618 0.000000 0.000000 0.000000 -26.679507 20.474475 133.288122 -83.945379 -9.390926 21.606132 16.807856 -25.410983 -9.808893 0.000000 0.000000 0.000000 
-1.375532 0.864477 0.322223 -170.275755 17.445671 -171.198383 19.177719 -14.836811 -24.587565 -55.785750 -26.673366 37.545624 39.583726 -47.182704 102.461431 0.000000 0.000000 0.000000 26.445037 -26.776492 -52.329433 -48.294414 -19.131989 49.958636 38.906974 29.118247 11.807793 0.000000 0.000000 0.000000 -59.932182 -30.180740 60.877560 -36.690001 -21.978452 -11.745919 102.983054 59.761003 78.957485 -0.142130 -17.061987 -20.391276 0.000000 0.000000 0.000000 0.574605 -60.205374 -58.343536 -31.550687 8.814113 6.446060 -7.999003 -23.009899 -0.467802 0.000000 0.000000 0.000000 -0.324565 18.828330 83.726602 -72.110369 45.415751 -29.540314 -19.905037 -17.695707 -0.488622 0.000000 0.000000 0.000000 
-1.367841 0.875697 0.285949 -171.146649 21.129306 -172.224766 13.009642 -9.683452 -17.344291 -44.632146 -23.230113 36.008909 58.621148 -42.352917 76.756764 0.000000 0.000000 0.000000 26.564498 -24.330540 -50.708113 -30.049101 -17.377918 40.034916 20.514345 18.192611 4.246416 0.000000 0.000000 0.000000 -50.486437 -28.284473 56.349213 -37.197189 -19.921903 -5.679002 81.118555 61.675475 57.925084 3.481953 -8.877003 -19.401585 0.000000 0.000000 0.000000 -4.394391 -57.133835 -40.100518 -33.515571 -1.306320 7.161484 -3.002346 -23.443795 -2.319219 0.000000 0.000000 0.000000 10.905972 22.607594 59.868745 -35.182418 63.484302 -23.575246 -24.731569 0.048949 -2.594470 0.000000 0.000000 0.000000 
-1.355910 0.882878 0.248367 -172.371934 22.454622 -172.744817 9.245076 -6.909223 -12.193301 -36.877368 -21.035679 34.082182 64.487589 -41.929299 66.490002 0.000000 0.000000 0.000000 25.390948 -22.730681 -48.395654 -19.561626 -15.517002 32.557550 12.724502 11.036065 5.628258 0.000000 0.000000 0.000000 -38.114908 -26.117992 51.115153 -34.881987 -19.223599 0.772119 57.257666 60.431747 35.699613 7.225286 -6.241498 -19.212756 0.000000 0.000000 0.000000 -8.719308 -55.505356 -32.634577 -35.103835 -3.416612 7.561252 -2.317181 -25.648844 -3.017236 0.000000 0.000000 0.000000 16.454010 20.217380 52.089781 -9.101440 64.783564 -10.609568 -23.023838 8.149380 -3.777802 0.000000 0.000000 0.000000 
-1.339820 0.886652 0.209898 -174.497311 22.852698 -173.792804 5.471866 -4.755025 -9.015567 -33.487884 -20.480039 35.584866 65.090218 -34.987540 59.320032 0.000000 0.000000 0.000000 22.566467 -22.334089 -46.273612 -17.171947 -15.041374 30.552449 9.270208 7.377268 6.443043 0.000000 0.000000 0.000000 -28.187477 -24.314780 46.796140 -29.592059 -17.756166 3.733577 37.920538 53.092658 21.039148 9.214140 -4.905452 -19.219466 0.000000 0.000000 0.000000 -10.538305 -53.986810 -30.451889 -35.820968 -5.356077 8.352166 -3.140183 -25.045064 -2.531497 0.000000 0.000000 0.000000 16.244372 19.787206 48.451590 2.055666 64.100046 -3.566045 -21.330290 9.256319 -3.564494 0.000000 0.000000 0.000000 
-1.320309 0.886822 0.172225 -176.053193 24.611433 -174.418642 4.334947 -4.148201 -7.016305 -36.435939 -21.034831 38.007945 61.896222 -27.511201 60.661933 0.000000 0.000000 0.000000 20.064760 -21.398242 -44.058504 -17.604009 -15.095797 30.850910 9.643346 6.972687 6.747652 0.000000 0.000000 0.000000 -20.560046 -21.758188 42.186288 -25.055276 -16.916875 5.558458 27.623560 47.297053 13.463220 10.260731 -4.372057 -19.393930 0.000000 0.000000 0.000000 -13.557784 -51.468231 -30.796027 -38.595770 -5.920084 9.373618 -5.028515 -25.430921 -2.022595 0.000000 0.000000 0.000000 18.364981 17.336015 46.469800 6.808155 60.948170 -1.831479 -19.675362 12.258056 -3.758266 0.000000 0.000000 0.000000 
-1.298191 0.886157 0.137773 -176.057532 25.678153 -173.127051 7.162792 -5.361885 -9.762784 -49.855810 -23.107909 45.126222 58.891142 -15.938740 67.789406 0.000000 0.000000 0.000000 20.267185 -20.784229 -43.881799 -21.630633 -16.036465 34.123933 13.023869 9.997868 4.744204 0.000000 0.000000 0.000000 -11.411930 -18.177848 36.077106 -18.037709 -15.309935 5.177327 19.245271 38.156983 10.194970 9.426534 -1.221322 -22.155268 0.000000 0.000000 0.000000 -15.684669 -51.538733 -34.198427 -39.796406 -2.360737 10.214965 -5.955030 -25.869076 -1.612204 0.000000 0.000000 0.000000 16.899609 15.478855 45.613804 11.021737 59.996970 1.498747 -19.650840 13.216609 -3.805389 0.000000 0.000000 0.000000 
-1.276055 0.887320 0.108293 -175.513263 28.307392 -173.796888 11.087970 -7.311438 -12.384277 -70.378863 -23.548655 53.052109 55.963413 -1.318633 79.993447 0.000000 0.000000 0.000000 17.170035 -17.844647 -39.526256 -23.028763 -18.297947 37.132863 17.212884 12.530771 2.465858 0.000000 0.000000 0.000000 -8.250071 -17.319084 34.388902 -12.915577 -11.686305 2.782199 15.308143 31.862437 10.824197 8.387569 0.237723 -22.107668 0.000000 0.000000 0.000000 -16.135177 -47.495057 -34.503952 -42.789204 -3.997719 10.489386 -5.010581 -24.502602 -1.822830 0.000000 0.000000 0.000000 15.712518 16.887104 44.531817 10.234512 58.673485 1.880817 -18.120675 13.398760 -3.526379 0.000000 0.000000 0.000000 
-1.255875 0.893873 0.082337 -176.267959 30.366110 -174.261373 13.041158 -8.657299 -18.025980 -81.738242 -22.556624 57.361562 58.226628 5.770710 88.935596 0.000000 0.000000 0.000000 13.624373 -14.907712 -34.658378 -21.379853 -19.298111 36.742243 19.522362 12.317785 0.543733 0.000000 0.000000 0.000000 -6.282917 -16.074200 32.719538 -10.722299 -10.173338 1.572273 13.749983 28.013656 11.174110 9.242226 2.986558 -24.874258 0.000000 0.000000 0.000000 -17.168883 -47.462542 -34.191631 -43.301606 -3.135355 10.590908 -4.220313 -22.003111 -1.754499 0.000000 0.000000 0.000000 15.082970 16.877961 42.799674 10.488363 58.423484 2.713428 -17.279039 13.236952 -3.327720 0.000000 0.000000 0.000000 
-1.238319 0.904382 0.058052 -176.431301 34.381175 -174.267227 14.776192 -9.991535 -22.382251 -77.984445 -22.097570 54.716025 62.363439 10.218327 86.625463 0.000000 0.000000 0.000000 12.440734 -12.005736 -31.421448 -20.773313 -19.161009 36.435003 20.850785 13.123215 1.487256 0.000000 0.000000 0.000000 -5.678727 -13.913602 30.821023 -8.983189 -8.946898 0.894338 12.247182 25.060848 11.430493 9.784130 4.538978 -26.069584 0.000000 0.000000 0.000000 -16.283196 -44.864440 -31.486059 -45.215800 -5.051842 9.732562 -2.896625 -21.299452 -2.283890 0.000000 0.000000 0.000000 16.188099 18.480286 42.889829 9.678703 57.945400 1.712526 -17.839126 13.526061 -3.476183 0.000000 0.000000 0.000000 
-1.223179 0.915875 0.033723 -177.042368 38.419242 -174.305308 14.754824 -10.634758 -26.060132 -59.128161 -20.570619 48.794453 61.933947 15.182865 68.395350 0.000000 0.000000 0.000000 10.373171 -8.907576 -27.063513 -17.405576 -17.637290 33.054373 20.447269 11.278726 -0.247191 0.000000 0.000000 0.000000 -4.704708 -11.312423 28.074427 -7.392261 -8.075716 0.632877 10.920996 21.923950 11.512969 9.459478 6.398411 -28.474149 0.000000 0.000000 0.000000 -17.300315 -43.278507 -29.496734 -44.773829 -4.589772 8.909237 -4.713853 -19.575442 -1.522933 0.000000 0.000000 0.000000 16.271988 19.350228 41.467016 11.095968 57.091629 2.462624 -17.200019 14.318122 -3.453025 0.000000 0.000000 0.000000 
-1.210327 0.924875 0.008854 -177.465267 43.335960 -174.374311 14.605951 -10.814547 -28.059852 -37.509856 -17.048790 38.641716 52.275794 16.210405 47.940434 0.000000 0.000000 0.000000 8.812684 -6.686092 -23.745887 -16.239783 -16.761651 32.132166 22.580254 12.890374 0.016358 0.000000 0.000000 0.000000 -4.483020 -9.631017 26.473408 -7.811870 -7.322480 0.802133 10.643106 20.998200 11.277849 9.676815 6.814540 -28.368688 0.000000 0.000000 0.000000 -17.804987 -41.622155 -27.150752 -45.238276 -4.823573 8.252236 -3.588484 -18.016529 -1.607847 0.000000 0.000000 0.000000 16.377776 19.257759 38.905731 15.075453 56.643417 4.351799 -16.479448 14.875473 -3.252874 0.000000 0.000000 0.000000 
-1.198901 0.929587 -0.017427 -177.554479 48.655983 -175.163874 11.763193 -9.170703 -27.071243 -14.442992 -10.351124 26.779690 33.913107 10.537032 26.157545 0.000000 0.000000 0.000000 7.722982 -4.003592 -19.280582 -14.182586 -14.693264 29.284228 23.091201 12.732833 0.072883 0.000000 0.000000 0.000000 -3.960755 -8.403854 25.093739 -7.374654 -5.864759 0.325693 8.985841 18.408230 13.177040 10.340881 7.023424 -28.200234 0.000000 0.000000 0.000000 -15.902942 -36.393119 -23.505458 -47.805055 -9.230832 7.097265 -3.994312 -16.584876 -1.532665 0.000000 0.000000 0.000000 17.330893 18.540887 36.821736 15.142713 58.155459 4.280340 -15.140605 15.621376 -3.070661 0.000000 0.000000 0.000000 
-1.187957 0.932871 -0.046055 -176.979958 52.659985 -176.096244 10.670269 -7.839330 -25.251769 -2.411026 -4.764527 16.416827 9.345001 0.984790 14.269193 0.000000 0.000000 0.000000 6.114975 -2.381774 -14.649044 -12.287858 -13.789906 27.559543 25.702441 14.003081 1.967177 0.000000 0.000000 0.000000 -3.606168 -7.821600 24.659990 -8.036104 -5.906921 1.755121 9.706719 20.005209 12.107329 10.134625 6.891480 -28.117406 0.000000 0.000000 0.000000 -17.570758 -37.554700 -21.439236 -47.219744 -8.904687 7.217446 -3.511118 -15.605003 -1.345829 0.000000 0.000000 0.000000 15.354501 17.758299 32.611273 26.303968 55.312965 10.167993 -17.735832 19.098246 -3.786993 0.000000 0.000000 0.000000 
-1.176818 0.932714 -0.077067 -174.953859 57.654962 -175.826621 10.011911 -6.172200 -21.919924 1.186821 -2.715918 11.671666 -1.475780 -3.578523 13.417883 0.000000 0.000000 0.000000 5.072435 -1.412893 -10.929698 -10.698757 -12.676338 26.166997 26.978623 15.931728 2.186294 0.000000 0.000000 0.000000 -2.950207 -7.384477 24.226193 -5.969956 -4.500714 1.124050 6.675592 18.598271 12.678054 13.109676 5.181215 -26.522871 0.000000 0.000000 0.000000 -15.958388 -35.869316 -17.442090 -47.888392 -12.970141 6.742904 -3.795494 -13.070833 -0.973429 0.000000 0.000000 0.000000 17.726357 16.284276 32.187207 26.163882 54.986684 8.744504 -14.453570 19.901027 -3.223267 0.000000 0.000000 0.000000 
-1.166671 0.930848 -0.108780 -173.013787 62.296901 -174.826957 10.191044 -5.389394 -20.020593 0.812685 -2.971650 13.207388 0.526122 -1.606111 12.098555 0.000000 0.000000 0.000000 3.762481 -1.304422 -9.246784 -10.531129 -12.290596 26.758642 27.972825 18.549908 3.347461 0.000000 0.000000 0.000000 -2.239799 -6.881328 23.654927 -5.756523 -3.429778 0.586234 6.195764 17.172252 13.480158 13.689241 4.425199 -25.242028 0.000000 0.000000 0.000000 -18.319184 -36.684795 -16.810126 -46.509061 -12.513929 7.344873 -3.493947 -13.082647 -0.870630 0.000000 0.000000 0.000000 16.811041 15.894487 29.410681 31.177368 53.771180 11.191922 -13.321843 20.527166 -2.926523 0.000000 0.000000 0.000000 
-1.158548 0.929412 -0.140378 -171.568224 68.192883 -173.935779 10.730046 -4.918382 -18.920659 -1.641222 -3.512575 15.412320 0.842341 0.718655 11.329822 0.000000 0.000000 0.000000 1.929876 -1.516983 -8.375265 -10.370317 -11.442772 27.355904 26.478856 20.424771 3.467700 0.000000 0.000000 0.000000 -2.053591 -5.966124 22.583128 -5.428299 -3.384028 2.227554 5.073375 16.471731 12.377356 14.289945 2.957206 -23.503594 0.000000 0.000000 0.000000 -19.222955 -36.343586 -14.078440 -45.798030 -12.748750 7.180743 -2.158573 -13.651356 -1.038926 0.000000 0.000000 0.000000 17.463851 16.210503 27.927705 34.619667 51.546072 11.504809 -11.335139 19.468626 -2.334662 0.000000 0.000000 0.000000 
-1.152445 0.929160 -0.170484 -170.212320 74.067578 -172.594658 9.818402 -4.077808 -17.447839 -4.324305 -4.089412 17.690734 5.006000 3.754447 8.478703 0.000000 0.000000 0.000000 0.118153 -2.064479 -9.792565 -11.257703 -10.945242 29.421826 22.239158 20.284986 2.706454 0.000000 0.000000 0.000000 -2.261582 -5.151122 21.576310 -5.675612 -3.019756 3.316538 4.816121 15.759303 12.015026 13.781050 2.399321 -22.397848 0.000000 0.000000 0.000000 -20.213891 -35.626048 -12.211635 -45.067497 -14.603018 7.484461 -2.311925 -12.935262 -0.756447 0.000000 0.000000 0.000000 16.147705 17.413563 25.833385 39.703339 49.250813 13.284843 -10.290358 18.678974 -1.994405 0.000000 0.000000 0.000000 
-1.147498 0.931160 -0.197214 -165.554734 78.646037 -168.288901 9.058838 -3.476528 -16.240921 -6.078480 -4.504231 19.678059 7.223582 6.886404 8.099048 0.000000 0.000000 0.000000 -1.057287 -2.300884 -10.195397 -9.903467 -10.280527 29.194283 17.064264 17.231649 3.493255 0.000000 0.000000 0.000000 -2.841557 -5.008451 21.866367 -3.741927 -2.723819 3.184970 3.617374 13.921624 12.546879 13.612672 2.178630 -22.678653 0.000000 0.000000 0.000000 -20.213610 -35.185249 -10.118514 -44.422834 -16.380204 7.620632 -1.083999 -12.520827 -0.800113 0.000000 0.000000 0.000000 17.441538 17.555831 25.525480 41.194227 48.175362 12.737299 -8.815769 17.855509 -1.677855 0.000000 0.000000 0.000000 
-1.143037 0.933583 -0.219951 -156.731937 83.969861 -158.876311 7.608929 -2.709235 -14.599475 -6.562962 -3.934376 18.584700 10.010231 11.304650 9.587785 0.000000 0.000000 0.000000 -1.863974 -2.717659 -12.609941 -9.243698 -10.856553 31.786310 8.971428 10.574530 2.707308 0.000000 0.000000 0.000000 -2.915686 -3.839070 19.776377 -4.016110 -3.264830 5.574031 3.788316 13.311136 10.874005 11.320896 2.411766 -21.260516 0.000000 0.000000 0.000000 -20.063655 -34.736464 -7.494440 -42.705543 -18.737247 7.568704 -0.914321 -11.977682 -0.601883 0.000000 0.000000 0.000000 15.020854 19.024702 23.081872 46.974788 45.606393 14.848801 -8.229844 16.701450 -1.391053 0.000000 0.000000 0.000000 
-1.138491 0.938147 -0.238408 -103.326771 87.636916 -105.529439 6.292475 -1.987117 -11.980870 -6.354932 -3.140689 16.396660 12.871029 14.583257 10.826523 0.000000 0.000000 0.000000 -2.639648 -2.955664 -13.901264 -5.424873 -13.616641 34.427037 1.269125 -0.528794 0.575327 0.000000 0.000000 0.000000 -3.374138 -3.834245 20.329167 -2.558326 -1.868583 2.717767 3.527980 10.730779 12.528370 9.974828 2.477564 -19.775714 0.000000 0.000000 0.000000 -19.247299 -34.094251 -6.019177 -43.040727 -21.142815 7.662913 0.799007 -10.136782 -0.623373 0.000000 0.000000 0.000000 14.909362 18.637080 21.755675 49.017223 44.285758 14.863048 -6.199247 18.236439 -1.097592 0.000000 0.000000 0.000000 
-1.133795 0.941383 -0.253084 -21.904174 84.504967 -23.769116 4.390918 -1.350001 -9.909669 -5.259066 -2.299085 13.795889 14.104671 17.275563 12.987928 0.000000 0.000000 0.000000 -2.017044 -2.363725 -14.535668 -1.263593 -15.011504 34.497131 -3.392893 -10.694251 -1.093005 0.000000 0.000000 0.000000 -2.470735 -3.435279 19.552168 -2.499668 -1.384311 2.526873 2.703387 7.894555 11.951003 8.050964 2.849192 -19.292917 0.000000 0.000000 0.000000 -18.143569 -31.602201 -3.883648 -41.754584 -24.314218 7.410282 -0.453550 -8.481787 -0.237356 0.000000 0.000000 0.000000 13.397245 20.115994 20.102185 54.328440 42.846036 16.744174 -6.043112 18.136265 -0.943454 0.000000 0.000000 0.000000 
-1.128986 0.942926 -0.264674 -6.390879 78.983477 -8.149755 3.171550 -0.960636 -8.003710 -5.831049 -1.773681 11.703278 16.915667 20.847042 15.683848 0.000000 0.000000 0.000000 -1.276401 -1.629285 -14.265092 3.784768 -15.500743 31.906011 -7.570404 -19.920610 0.288454 0.000000 0.000000 0.000000 -1.621335 -2.978419 18.548849 -2.490361 -1.036965 2.485633 1.620210 7.247725 11.039330 7.934694 2.118714 -18.234176 0.000000 0.000000 0.000000 -17.985340 -32.463176 -1.550129 -41.423134 -26.182859 7.442660 -0.032049 -6.288982 -0.110849 0.000000 0.000000 0.000000 14.944890 19.122839 19.670488 55.469295 42.316125 16.372834 -4.610366 19.845925 -0.636824 0.000000 0.000000 0.000000 
-1.123895 0.944426 -0.273873 -3.302185 73.739923 -4.794947 1.867960 -0.763524 -7.850640 -5.850271 -1.711797 12.733438 16.648394 22.349543 16.469093 0.000000 0.000000 0.000000 0.831645 -0.334624 -11.872205 7.754231 -12.588692 24.759324 -11.067800 -25.314147 5.068596 0.000000 0.000000 0.000000 -0.393360 -2.811612 17.922344 -1.702268 -0.636756 1.302662 0.265075 6.703948 11.925707 8.847674 1.838916 -19.957739 0.000000 0.000000 0.000000 -17.999647 -33.092748 0.065626 -40.394401 -28.660820 7.535697 -0.049161 -4.840544 -0.028536 0.000000 0.000000 0.000000 16.687583 19.344685 20.308952 54.065898 43.000013 15.549123 -6.185124 18.577844 -0.783630 0.000000 0.000000 0.000000 
-1.118377 0.944755 -0.280867 0.021134 69.816987 -1.312155 2.065987 -0.810411 -8.364123 -9.933282 -1.834147 13.638873 20.535462 26.501286 19.710695 0.000000 0.000000 0.000000 1.116181 -0.001481 -10.511217 7.084809 -10.117892 22.652763 -11.473510 -25.980879 5.783110 0.000000 0.000000 0.000000 0.240109 -2.586273 17.350748 -1.616112 -0.340237 0.675800 -0.403200 6.866326 11.266622 8.823094 1.682700 -20.453853 0.000000 0.000000 0.000000 -21.055062 -34.630936 0.877880 -39.099883 -29.048357 7.978458 0.191206 -4.764562 -0.004704 0.000000 0.000000 0.000000 18.732378 17.893495 20.218844 52.438601 41.589109 13.312295 -5.787093 19.994496 -0.599498 0.000000 0.000000 0.000000 
-1.112879 0.945814 -0.285761 1.740416 65.256302 -0.465744 2.676270 -0.850582 -8.443523 -12.774587 -2.021413 16.951948 20.506466 27.739765 17.758916 0.000000 0.000000 0.000000 1.508314 0.287394 -7.755428 6.564417 -7.691498 19.696862 -10.633450 -24.458702 5.764938 0.000000 0.000000 0.000000 0.925958 -2.493998 17.054378 -1.248903 0.002940 -0.407763 -0.396448 6.878853 12.242709 8.352108 1.640453 -19.908441 0.000000 0.000000 0.000000 -23.726666 -35.935813 1.864827 -38.471698 -29.670499 8.348724 1.976340 -5.267486 -0.102902 0.000000 0.000000 0.000000 20.320423 18.060510 20.694631 49.383108 40.921185 11.175971 -4.786196 19.560061 -0.420488 0.000000 0.000000 0.000000 
-1.107519 0.948006 -0.288988 2.136131 61.344222 -1.095368 2.638902 -0.999290 -10.059035 -13.095377 -2.310392 21.772500 18.857692 27.325317 12.428503 0.000000 0.000000 0.000000 1.462890 0.309175 -5.364098 5.696842 -5.297600 16.066678 -8.600787 -20.994439 4.279749 0.000000 0.000000 0.000000 1.465429 -2.441222 16.876218 -0.519900 0.061731 -1.269898 -0.619001 5.634316 13.953576 6.597286 2.321346 -19.676790 0.000000 0.000000 0.000000 -23.785484 -35.227845 2.876424 -39.493521 -33.088940 8.971882 1.630327 -7.250458 -0.078277 0.000000 0.000000 0.000000 20.307863 19.205354 20.536413 48.821682 40.969839 10.883308 -5.693487 18.666509 -0.524464 0.000000 0.000000 0.000000 
-1.101782 0.949679 -0.291353 1.013171 56.067152 -1.520627 2.535229 -1.077052 -10.876482 -9.145464 -1.875188 20.040164 13.285766 21.515329 6.745717 0.000000 0.000000 0.000000 2.114940 0.417060 -4.328423 4.434614 -3.439594 13.379538 -6.529165 -15.606503 4.557173 0.000000 0.000000 0.000000 1.821813 -2.138622 15.827598 -0.233505 -0.209563 -0.168794 -0.003936 4.864757 13.113563 5.836436 2.146358 -19.085097 0.000000 0.000000 0.000000 -23.265095 -35.022959 4.749223 -40.165611 -36.267692 9.498368 2.982827 -9.254362 -0.200233 0.000000 0.000000 0.000000 19.285234 20.198671 19.504251 50.081700 38.964479 10.535454 -6.589503 18.843340 -0.540127 0.000000 0.000000 0.000000 
-1.094661 0.950330 -0.294000 0.111503 49.542321 -1.176601 2.066587 -1.156219 -11.665860 -5.176762 -1.531317 17.636240 9.269735 17.055611 5.231852 0.000000 0.000000 0.000000 2.511213 0.558140 -4.826057 2.819421 -2.322419 13.350153 -3.105028 -7.543812 3.567261 0.000000 0.000000 0.000000 2.060908 -1.817126 14.681388 -0.189565 -0.150907 -0.043539 0.773305 4.435181 13.187787 4.265149 2.666938 -19.539293 0.000000 0.000000 0.000000 -20.811127 -32.637550 5.499571 -43.825766 -40.514283 10.683404 3.144764 -9.210965 -0.164852 0.000000 0.000000 0.000000 17.284955 18.781097 16.653694 53.310931 37.070826 11.027644 -6.718768 19.738343 -0.372515 0.000000 0.000000 0.000000 
-1.085672 0.950106 -0.297134 -0.758634 43.026636 -1.472162 2.301131 -1.086508 -11.288276 -3.659709 -1.084842 15.041568 6.919753 14.022631 4.405949 0.000000 0.000000 0.000000 2.454653 0.596521 -4.901353 2.249294 -1.638351 12.784449 -1.477541 -3.739574 3.124569 0.000000 0.000000 0.000000 2.142989 -1.677064 14.443541 -0.132743 -0.020281 -0.404401 1.138733 3.166956 13.090878 3.573120 2.522098 -19.844707 0.000000 0.000000 0.000000 -19.441390 -31.176702 6.755420 -44.768016 -43.293109 11.372380 2.791651 -10.619618 -0.090423 0.000000 0.000000 0.000000 15.603600 18.603226 14.563458 55.934592 35.950977 11.652661 -6.488835 18.312953 -0.260384 0.000000 0.000000 0.000000 
-1.074963 0.948869 -0.301284 -0.921039 36.311209 -1.092897 1.889468 -0.951337 -10.310019 -2.748843 -0.775303 13.065940 6.351067 13.663487 4.718044 0.000000 0.000000 0.000000 1.539339 0.626551 -5.910021 1.189337 -1.016416 13.253635 1.545540 3.313993 3.376544 0.000000 0.000000 0.000000 1.438703 -1.429791 14.255984 -0.320296 0.156369 -0.674382 1.887179 1.620223 13.382904 1.450154 3.105756 -19.938582 0.000000 0.000000 0.000000 -18.243469 -29.677902 7.827911 -47.587807 -45.929746 12.916114 2.990137 -10.365470 -0.037653 0.000000 0.000000 0.000000 15.167450 19.064868 13.438667 56.086309 33.945439 10.421670 -7.005083 18.903166 -0.244056 0.000000 0.000000 0.000000 
-1.063254 0.947540 -0.305584 -0.957388 30.201494 -0.435021 1.848446 -0.995723 -10.807497 -2.223270 -0.698699 12.957862 6.422144 14.320965 5.419410 0.000000 0.000000 0.000000 0.904205 0.673899 -6.855210 0.647161 -0.537436 12.637358 2.253110 4.890133 3.153085 0.000000 0.000000 0.000000 1.144281 -1.249432 13.965093 -0.029556 0.023752 -0.502502 1.844121 0.230450 12.517178 1.289621 2.604394 -20.140819 0.000000 0.000000 0.000000 -17.649877 -29.472267 9.288880 -48.368453 -47.605390 13.918679 2.464033 -10.789491 0.069466 0.000000 0.000000 0.000000 15.406599 18.863857 12.304358 56.309573 32.385629 9.585078 -7.116038 18.039619 -0.224503 0.000000 0.000000 0.000000 
-1.051188 0.946264 -0.309199 -1.215511 23.154412 0.537317 2.525564 -0.983980 -11.126604 -2.838273 -0.410196 12.632360 7.978223 17.346742 7.140990 0.000000 0.000000 0.000000 0.594425 0.766938 -7.910169 0.345045 -0.157411 11.528035 2.500392 5.256950 3.444240 0.000000 0.000000 0.000000 1.077258 -1.051029 13.305109 -0.241552 0.188089 -1.046839 2.379395 -1.014909 12.339901 0.417736 2.359739 -19.055185 0.000000 0.000000 0.000000 -16.486673 -28.469166 10.313668 -51.008119 -49.435954 15.700076 2.626627 -11.611970 0.110311 0.000000 0.000000 0.000000 14.926888 18.711496 10.888708 57.008596 29.866623 8.428425 -7.235566 18.561920 -0.232418 0.000000 0.000000 0.000000 
-1.039970 0.945178 -0.310649 -1.332234 17.312946 0.931392 2.985875 -0.915387 -10.974974 -4.382973 0.009829 12.470677 10.483089 21.287169 8.424914 0.000000 0.000000 0.000000 0.171657 0.817817 -8.611699 0.623102 -0.060636 11.234704 1.031598 1.610914 3.435827 0.000000 0.000000 0.000000 1.148707 -0.957999 13.154516 -0.415491 0.241889 -0.785010 2.635197 -2.337362 11.379457 0.195058 1.936002 -19.231058 0.000000 0.000000 0.000000 -15.989585 -27.472062 11.070215 -53.541335 -50.311505 17.391500 3.907659 -12.561157 0.023330 0.000000 0.000000 0.000000 15.236028 18.004534 9.480810 57.188900 27.666463 7.334045 -6.149926 18.847945 -0.120159 0.000000 0.000000 0.000000 
-1.030657 0.944098 -0.309558 -1.361118 12.458828 1.300325 3.354981 -0.779440 -9.965622 -5.490910 0.378307 11.246375 12.436754 24.187817 9.978522 0.000000 0.000000 0.000000 0.116744 0.860316 -8.877869 0.851836 0.006313 10.786559 -0.239319 -1.704858 3.771567 0.000000 0.000000 0.000000 1.350501 -0.866510 12.621890 -0.312933 0.185484 -0.719630 2.624036 -3.131302 10.422483 0.110141 1.499591 -18.221006 0.000000 0.000000 0.000000 -15.705663 -26.386269 11.417542 -57.192242 -49.195739 18.505370 5.643476 -13.584205 -0.139141 0.000000 0.000000 0.000000 15.954734 17.350635 8.393680 56.952373 25.276842 6.117831 -4.892686 18.545038 0.003820 0.000000 0.000000 0.000000 
-1.023869 0.942919 -0.306562 -1.539318 7.793206 1.326976 3.620174 -0.639989 -8.706749 -6.332134 0.672164 10.589515 14.647317 27.266270 10.983537 0.000000 0.000000 0.000000 0.563716 0.906351 -8.859921 1.056593 0.060659 10.650370 -1.108683 -4.023522 3.893016 0.000000 0.000000 0.000000 1.923726 -0.849267 12.310337 -0.807700 0.416112 -0.815504 2.723687 -3.467973 10.593416 -0.142369 1.305551 -17.923239 0.000000 0.000000 0.000000 -16.045081 -25.820692 11.965386 -58.409182 -48.187275 18.511641 6.698867 -14.002340 -0.233669 0.000000 0.000000 0.000000 16.148585 17.928585 7.999054 57.103865 23.327090 5.180787 -4.605881 19.461270 -0.009526 0.000000 0.000000 0.000000 
-1.019692 0.942393 -0.302787 -1.895230 4.602651 1.516166 4.081342 -0.536203 -7.762094 -6.751038 0.839853 9.780621 16.359836 29.443724 12.869394 0.000000 0.000000 0.000000 1.276398 0.894768 -8.291354 1.180855 0.073696 9.228374 -1.851901 -6.063667 4.437444 0.000000 0.000000 0.000000 2.639443 -0.899148 12.341158 -1.086423 0.549878 -1.127440 2.927799 -3.692744 10.510242 0.338642 0.778924 -17.747249 0.000000 0.000000 0.000000 -16.667440 -24.739049 12.058976 -60.465555 -46.390411 18.302143 7.482146 -15.383504 -0.325974 0.000000 0.000000 0.000000 16.851696 17.851826 7.504295 56.456762 21.848300 4.417934 -3.942236 19.815121 0.041981 0.000000 0.000000 0.000000 
-1.017890 0.942537 -0.299795 -2.049260 2.332825 1.694537 4.422273 -0.477624 -7.314724 -7.020032 0.957798 9.586099 17.139464 30.405098 13.622866 0.000000 0.000000 0.000000 1.892145 0.884857 -7.951789 1.196379 0.077335 7.986447 -1.960432 -6.782593 5.627778 0.000000 0.000000 0.000000 3.334256 -0.947034 12.220754 -0.907473 0.466333 -1.385628 2.873073 -3.836134 10.875511 1.022132 0.183591 -17.370644 0.000000 0.000000 0.000000 -16.813952 -23.908454 12.019394 -61.299769 -45.287170 17.937243 7.414998 -15.892620 -0.306186 0.000000 0.000000 0.000000 17.205189 18.322255 7.423244 55.463248 21.001609 3.918638 -3.227946 19.771280 0.116524 0.000000 0.000000 0.000000 
-1.017952 0.942861 -0.297925 -2.371016 0.413598 1.979150 4.805365 -0.435598 -7.150961 -6.630027 0.949880 9.785568 17.668068 30.940454 14.702228 0.000000 0.000000 0.000000 2.770664 0.892515 -7.751187 0.948861 0.108581 6.778538 -1.744404 -6.566719 6.015175 0.000000 0.000000 0.000000 4.124953 -1.038379 12.429139 -0.832354 0.422605 -1.316049 2.753640 -3.745898 10.729759 2.532625 -0.811676 -17.761616 0.000000 0.000000 0.000000 -16.919706 -23.263688 11.942200 -61.331961 -44.408146 17.418458 7.326549 -16.256121 -0.291998 0.000000 0.000000 0.000000 16.980388 18.630755 7.309142 55.060174 20.854164 3.864608 -3.056150 19.799312 0.116421 0.000000 0.000000 0.000000 
-1.019407 0.943406 -0.296841 -2.408266 -0.838392 2.379894 5.144876 -0.426334 -7.513146 -6.799772 1.044982 10.508131 17.601443 30.863047 14.719324 0.000000 0.000000 0.000000 3.546727 0.952076 -8.030092 0.839716 0.132901 6.612419 -1.581699 -6.444042 6.414942 0.000000 0.000000 0.000000 4.772432 -1.098713 12.335333 -0.720365 0.360193 -0.980963 2.674966 -3.749615 10.865414 2.902536 -1.132848 -17.522805 0.000000 0.000000 0.000000 -17.068796 -23.463308 12.282343 -60.729886 -43.939483 16.870764 7.730885 -16.077722 -0.336761 0.000000 0.000000 0.000000 16.507457 19.130023 7.364865 54.476043 21.073396 3.920992 -2.736034 19.976928 0.148190 0.000000 0.000000 0.000000 
-1.021818 0.943504 -0.295620 -2.497132 -1.077464 2.689093 6.029737 -0.415269 -8.402149 -7.295526 1.213721 12.174681 16.917934 30.075422 14.044737 0.000000 0.000000 0.000000 3.828371 0.978297 -8.167643 0.846393 0.119186 6.175821 -1.700178 -6.786615 6.624502 0.000000 0.000000 0.000000 5.418042 -1.197294 12.512413 -0.411109 0.205853 -0.487993 2.350531 -3.691117 10.474712 3.694669 -1.613796 -17.421939 0.000000 0.000000 0.000000 -17.968116 -24.157092 12.880324 -58.602167 -43.755660 15.912762 8.116848 -15.298077 -0.380378 0.000000 0.000000 0.000000 16.875784 19.667308 7.654661 53.364874 21.157092 3.905752 -2.654385 19.659990 0.156805 0.000000 0.000000 0.000000 
-1.024853 0.943611 -0.293649 -2.319286 -0.981346 2.625258 6.601009 -0.406274 -9.134605 -7.789514 1.413447 14.542380 15.988970 28.952521 13.145370 0.000000 0.000000 0.000000 4.192384 0.978651 -8.054553 0.686853 0.130348 5.802531 -1.451128 -6.346347 6.917100 0.000000 0.000000 0.000000 6.015463 -1.294617 12.745381 -0.204584 0.106215 -0.370400 1.807757 -3.227233 10.871863 4.088913 -1.786230 -17.525202 0.000000 0.000000 0.000000 -19.068598 -24.968966 13.429522 -57.009869 -43.180271 14.868752 9.039266 -14.754390 -0.482639 0.000000 0.000000 0.000000 17.135117 19.395005 7.712891 52.703035 21.295690 3.831137 -3.140210 20.224562 0.100093 0.000000 0.000000 0.000000 
-1.028391 0.943161 -0.290758 -2.041008 -0.056372 2.043628 7.025003 -0.413184 -9.991645 -8.283725 1.629297 17.986255 14.554685 27.148853 11.553185 0.000000 0.000000 0.000000 4.245037 0.862545 -7.123429 1.078701 0.062392 5.811951 -1.939384 -7.181064 6.524050 0.000000 0.000000 0.000000 6.512919 -1.383756 12.972358 0.027922 -0.033140 0.716283 1.328944 -3.227526 10.175167 4.619920 -2.073723 -17.098311 0.000000 0.000000 0.000000 -20.192084 -24.982788 13.485907 -55.697020 -42.623950 14.098314 9.093185 -13.977049 -0.474326 0.000000 0.000000 0.000000 17.844105 19.741138 8.086636 51.407360 21.652236 3.902104 -3.577698 19.474983 0.042038 0.000000 0.000000 0.000000 
-1.032091 0.942618 -0.287453 -1.762708 0.712042 1.453790 8.103606 -0.374740 -11.359857 -9.451675 2.101954 22.166578 12.953626 24.871321 10.982021 0.000000 0.000000 0.000000 3.698315 0.784732 -6.611793 1.554649 -0.012605 6.103838 -2.043642 -7.074546 5.612132 0.000000 0.000000 0.000000 6.493520 -1.403619 13.199643 0.313399 -0.173324 0.689015 1.008756 -2.487180 10.284961 4.375873 -1.797960 -17.059144 0.000000 0.000000 0.000000 -21.433467 -25.142878 13.458417 -54.426732 -40.611786 12.514561 8.885390 -14.526885 -0.481669 0.000000 0.000000 0.000000 19.137322 19.432680 8.387660 50.008687 21.082483 3.435426 -4.007926 19.476754 0.004571 0.000000 0.000000 0.000000 
-1.035179 0.941795 -0.284475 -1.618807 1.749380 1.277867 9.607210 -0.303864 -13.387443 -10.651315 2.590993 25.943631 12.305861 23.973106 10.547449 0.000000 0.000000 0.000000 2.930200 0.803505 -6.914097 2.491387 -0.155323 7.600703 -2.679238 -8.020351 4.169439 0.000000 0.000000 0.000000 6.759131 -1.442296 13.082084 0.633750 -0.338735 0.857127 0.395156 -1.962595 9.884751 4.077480 -1.282971 -18.823952 0.000000 0.000000 0.000000 -23.168483 -24.723533 13.157826 -52.466522 -38.332513 10.759210 8.523021 -15.949898 -0.498003 0.000000 0.000000 0.000000 19.340098 18.997981 8.512309 49.251759 21.513399 3.483788 -2.688769 18.503412 0.215433 0.000000 0.000000 0.000000 
-1.037239 0.941694 -0.281671 -0.880123 1.885468 1.412413 10.868642 -0.192974 -14.962371 -11.117274 2.847759 27.657575 11.884342 23.374274 10.182897 0.000000 0.000000 0.000000 1.907645 0.834262 -7.518004 2.876400 -0.208274 9.282546 -2.916312 -8.293626 3.175039 0.000000 0.000000 0.000000 6.381762 -1.328773 12.437453 0.155719 -0.138181 1.732970 0.273386 -1.084076 9.017834 3.578196 -0.796955 -19.365092 0.000000 0.000000 0.000000 -24.209460 -24.616349 12.925223 -51.481673 -36.396361 9.651310 8.041197 -16.563578 -0.470575 0.000000 0.000000 0.000000 20.137504 18.175791 8.403217 48.988870 21.151729 3.314270 -2.223469 18.472399 0.296593 0.000000 0.000000 0.000000 
-1.037729 0.942511 -0.278482 -0.275982 2.230307 1.455517 11.687975 -0.120525 -15.049460 -10.267613 2.446068 26.420465 11.579431 22.893169 11.163918 0.000000 0.000000 0.000000 1.374763 0.832608 -7.711291 2.601855 -0.151839 10.100535 -2.841265 -8.022552 2.850241 0.000000 0.000000 0.000000 6.211208 -1.332519 12.644287 0.537020 -0.251324 -0.158778 -0.800024 -0.389869 9.836312 3.346322 -0.397087 -20.822278 0.000000 0.000000 0.000000 -25.587504 -23.876277 12.325426 -50.509650 -34.098842 8.315854 7.037547 -17.141007 -0.356552 0.000000 0.000000 0.000000 20.771439 17.538907 8.482642 49.596564 21.788446 3.484269 -2.265992 17.150225 0.292942 0.000000 0.000000 0.000000 
-1.036287 0.942734 -0.274687 0.343211 2.048420 1.248927 11.563000 -0.125178 -13.929982 -8.636948 1.778698 22.957055 10.712271 21.579654 10.837453 0.000000 0.000000 0.000000 0.664701 0.803851 -7.746395 2.590189 -0.134299 11.044292 -2.862244 -8.000556 2.571660 0.000000 0.000000 0.000000 5.868336 -1.269123 12.554607 -0.093303 0.060977 -0.522064 -1.029576 -0.096233 9.700066 3.287826 -0.322003 -20.917962 0.000000 0.000000 0.000000 -25.706409 -23.678763 12.109750 -51.030504 -33.123806 8.013115 6.009363 -15.875540 -0.197908 0.000000 0.000000 0.000000 21.217315 17.401916 8.521340 49.735924 21.697526 3.455824 -1.580804 16.674136 0.370700 0.000000 0.000000 0.000000 
-1.032403 0.942887 -0.269975 0.626588 1.723827 1.521633 11.859582 -0.103009 -12.359678 -6.247588 0.968104 17.174096 9.475149 19.683905 11.092499 0.000000 0.000000 0.000000 0.287422 0.803675 -7.919029 2.637789 -0.132687 11.356420 -3.196607 -8.747183 2.399117 0.000000 0.000000 0.000000 5.566204 -1.224382 12.500285 0.271124 -0.056790 -2.072085 -1.952363 0.672313 10.466483 4.009443 -0.640134 -20.983566 0.000000 0.000000 0.000000 -25.406757 -22.908455 11.302610 -52.106835 -32.106418 7.755589 4.487803 -15.586010 -0.000781 0.000000 0.000000 0.000000 21.642362 16.960725 8.597052 50.413157 21.846521 3.465007 -1.582304 16.301023 0.375751 0.000000 0.000000 0.000000 
-1.025888 0.942596 -0.264752 1.369022 1.765461 1.329545 11.662351 -0.127243 -10.819917 -4.236187 0.454650 12.116956 6.907404 15.694438 10.973256 0.000000 0.000000 0.000000 -0.991912 0.647474 -6.853924 2.577149 -0.135992 10.110804 -2.739272 -7.659117 2.358425 0.000000 0.000000 0.000000 5.552387 -1.187493 12.203640 -0.725133 0.392387 -1.862314 -1.999223 0.255284 10.572802 5.106859 -1.242431 -21.654086 0.000000 0.000000 0.000000 -24.908391 -23.399764 11.695345 -52.162199 -32.363553 7.846390 4.576894 -14.031239 -0.007240 0.000000 0.000000 0.000000 21.199880 16.565430 8.171092 52.244668 22.372205 3.963029 -3.358260 16.764934 0.168613 0.000000 0.000000 0.000000 
-1.016830 0.941689 -0.259141 1.518267 1.359762 0.972831 11.096814 -0.148095 -9.686709 -2.923395 0.228969 8.319062 4.667610 11.990544 10.341451 0.000000 0.000000 0.000000 -1.811526 0.546022 -6.008629 2.464183 -0.111570 9.677962 -2.229089 -6.507175 2.493001 0.000000 0.000000 0.000000 5.126362 -1.110812 12.077420 -0.926043 0.494096 -2.399812 -1.994261 0.623960 11.055963 6.118742 -1.785874 -21.852133 0.000000 0.000000 0.000000 -24.485196 -23.165630 11.429276 -52.669040 -31.470469 7.475198 3.817354 -13.740470 0.078829 0.000000 0.000000 0.000000 22.448181 16.172982 8.137675 51.160402 22.064598 3.611477 -2.972398 17.505709 0.226756 0.000000 0.000000 0.000000 
-1.005217 0.940180 -0.253444 1.202270 1.441663 1.111139 11.084384 -0.161087 -8.348340 -1.831673 0.098497 5.020707 3.388019 10.404346 12.651909 0.000000 0.000000 0.000000 -2.617542 0.542929 -6.274839 3.476108 -0.312398 9.459983 -2.143745 -6.430018 2.885768 0.000000 0.000000 0.000000 5.362244 -0.999812 10.493534 -0.581973 0.308070 -1.179462 -1.943428 0.529645 9.875620 6.404400 -2.071008 -20.756926 0.000000 0.000000 0.000000 -23.973819 -22.717496 11.047178 -54.024272 -31.108069 7.674774 1.418371 -14.548352 0.373333 0.000000 0.000000 0.000000 21.361087 15.715017 7.694818 52.624874 21.851674 3.826876 -2.977417 16.186438 0.207295 0.000000 0.000000 0.000000 
-0.990253 0.936596 -0.248196 1.782823 0.655513 1.152853 10.320125 -0.178985 -8.307796 -2.298388 0.172157 5.301407 3.491310 10.394191 12.235945 0.000000 0.000000 0.000000 -4.278796 0.508947 -6.488137 2.717785 -0.144967 9.799916 -1.192619 -3.089739 0.109619 0.000000 0.000000 0.000000 4.803024 -0.902467 10.161166 -1.021120 0.524534 -1.997891 -1.498345 -0.389510 9.851459 5.390275 -1.693449 -20.510684 0.000000 0.000000 0.000000 -22.117526 -22.281736 11.011434 -55.208129 -29.618377 7.045482 -0.698214 -14.602830 0.647340 0.000000 0.000000 0.000000 21.940668 15.403439 7.083952 53.111790 20.416016 3.344578 -3.410158 15.938912 0.134795 0.000000 0.000000 0.000000 
