HIERARCHY
ROOT Hips
{
	OFFSET -0.001795 -0.223333 0.028219
	CHANNELS 6 Xposition Yposition Zposition Zrotation Yrotation Xrotation 
	JOINT LeftUpLeg
	{
		OFFSET 0.069520 -0.091406 -0.006815
		CHANNELS 3 Zrotation Yrotation Xrotation
		JOINT LeftLeg
		{
			OFFSET 0.034277 -0.375199 -0.004496
			CHANNELS 3 Zrotation Yrotation Xrotation
			JOINT LeftFoot
			{
				OFFSET -0.013596 -0.397961 -0.043693
				CHANNELS 3 Zrotation Yrotation Xrotation
				JOINT LeftToe
				{
					OFFSET 0.026358 -0.055791 0.119288
					CHANNELS 3 Zrotation Yrotation Xrotation
					End Site
					{
						OFFSET 0.000000 0.000000 0.000000
					}
				}
			}
		}
	}
	JOINT RightUpLeg
	{
		OFFSET -0.067670 -0.090522 -0.004320
		CHANNELS 3 Zrotation Yrotation Xrotation
		JOINT RightLeg
		{
			OFFSET -0.038290 -0.382569 -0.008850
			CHANNELS 3 Zrotation Yrotation Xrotation
			JOINT RightFoot
			{
				OFFSET 0.015774 -0.398415 -0.042312
				CHANNELS 3 Zrotation Yrotation Xrotation
				JOINT RightToe
				{
					OFFSET -0.025372 -0.048144 0.123348
					CHANNELS 3 Zrotation Yrotation Xrotation
					End Site
					{
						OFFSET 0.000000 0.000000 0.000000
					}
				}
			}
		}
	}
	JOINT Spine
	{
		OFFSET -0.002533 0.108963 -0.026696
		CHANNELS 3 Zrotation Yrotation Xrotation
		JOINT Spine1
		{
			OFFSET 0.005487 0.135180 0.001092
			CHANNELS 3 Zrotation Yrotation Xrotation
			JOINT Spine2
			{
				OFFSET 0.001457 0.052922 0.025425
				CHANNELS 3 Zrotation Yrotation Xrotation
				JOINT Neck
				{
					OFFSET -0.002778 0.213870 -0.042857
					CHANNELS 3 Zrotation Yrotation Xrotation
					JOINT Head
					{
						OFFSET 0.005152 0.064970 0.051349
						CHANNELS 3 Zrotation Yrotation Xrotation
						End Site
						{
							OFFSET 0.000000 0.000000 0.000000
						}
					}
				}
				JOINT LeftShoulder
				{
					OFFSET 0.078845 0.121749 -0.034090
					CHANNELS 3 Zrotation Yrotation Xrotation
					JOINT LeftArm
					{
						OFFSET 0.090977 0.030469 -0.008868
						CHANNELS 3 Zrotation Yrotation Xrotation
						JOINT LeftForeArm
						{
							OFFSET 0.259612 -0.012772 -0.027456
							CHANNELS 3 Zrotation Yrotation Xrotation
							JOINT LeftHand
							{
								OFFSET 0.249234 0.008986 -0.001171
								CHANNELS 3 Zrotation Yrotation Xrotation
								End Site
								{
									OFFSET 0.000000 0.000000 0.000000
								}
							}
						}
					}
				}
				JOINT RightShoulder
				{
					OFFSET -0.081759 0.118833 -0.038615
					CHANNELS 3 Zrotation Yrotation Xrotation
					JOINT RightArm
					{
						OFFSET -0.096012 0.032551 -0.009143
						CHANNELS 3 Zrotation Yrotation Xrotation
						JOINT RightForeArm
						{
							OFFSET -0.253742 -0.013329 -0.021401
							CHANNELS 3 Zrotation Yrotation Xrotation
							JOINT RightHand
							{
								OFFSET -0.255298 0.007772 -0.005559
								CHANNELS 3 Zrotation Yrotation Xrotation
								End Site
								{
									OFFSET 0.000000 0.000000 0.000000
								}
							}
						}
					}
				}
			}
		}
	}
}
MOTION
Frames: 196
Frame Time: 0.050000
0.000000 0.820471 0.000000 7.717686 -5.600686 12.641606 15.900495 3.201774 -46.744474 -6.986721 2.178603 28.775643 -2.541003 -0.270508 11.704965 0.000000 0.000000 0.000000 -21.863365 -1.508030 -38.484815 8.155003 -1.949402 51.465140 -6.753633 -15.263093 -15.159062 0.000000 0.000000 0.000000 9.820396 -4.428832 35.291444 -0.873011 0.425701 -2.590124 -3.876074 13.644995 3.844888 14.039179 -4.492479 -22.450052 0.000000 0.000000 0.000000 -38.972625 -17.040015 2.467536 -29.006254 1.464730 -2.011985 -1.253951 -43.663364 1.683825 0.000000 0.000000 0.000000 23.130795 12.887374 9.948749 22.123594 25.508463 0.537932 -16.325557 47.060670 -3.867439 0.000000 0.000000 0.000000 
0.048445 0.803955 0.008640 5.933448 -10.737467 12.821448 16.108307 4.850506 -47.768347 -8.792989 3.822747 33.041684 0.574480 2.482112 4.156895 0.000000 0.000000 0.000000 -24.417482 -1.308143 -42.912940 10.375541 -2.320764 54.453240 -6.838092 -16.678194 -10.045689 0.000000 0.000000 0.000000 10.777408 -4.384111 39.319321 -1.919413 0.803153 -5.808291 -1.128441 14.348304 5.397046 13.882117 -3.978483 -25.524471 0.000000 0.000000 0.000000 -41.950586 -19.549579 5.793053 -27.826396 -2.067463 -1.492423 6.029857 -38.725999 -0.788134 0.000000 0.000000 0.000000 19.800805 13.519003 9.206671 25.638155 24.920051 0.960318 -17.660128 49.071646 -4.477057 0.000000 0.000000 0.000000 
0.096538 0.795282 0.016322 5.107991 -15.040717 11.954548 13.825374 5.356785 -49.417821 -7.783491 4.662919 39.552317 2.620970 4.763279 -2.107169 0.000000 0.000000 0.000000 -26.160423 -0.715898 -42.912538 10.265798 -1.252421 51.749715 -7.692424 -19.752117 -7.435335 0.000000 0.000000 0.000000 11.954056 -4.228532 42.531080 -1.992131 0.819666 -4.730253 -2.903349 11.877465 2.828940 12.889402 -4.618996 -21.493952 0.000000 0.000000 0.000000 -44.957630 -21.288222 9.669398 -22.831771 -4.039165 -1.199464 5.097562 -34.947154 -0.190732 0.000000 0.000000 0.000000 22.112390 16.812519 10.402756 24.737512 20.559025 0.475952 -18.955463 54.551377 -6.400073 0.000000 0.000000 0.000000 
0.139068 0.796962 0.022548 3.847803 -19.858506 13.768589 13.700841 7.132740 -51.374800 -9.670851 6.672925 41.619645 4.230758 7.811870 -3.588584 0.000000 0.000000 0.000000 -28.770753 -0.211930 -45.542791 11.743228 -1.500685 47.466558 -7.489716 -20.313860 -0.835640 0.000000 0.000000 0.000000 11.148683 -3.058605 44.987965 -1.102092 0.458540 -3.887639 -2.681795 11.590476 1.277137 11.737004 -3.877593 -22.543276 0.000000 0.000000 0.000000 -44.856169 -23.928043 13.310435 -23.627616 -8.392955 -0.703428 8.593974 -30.762776 -1.061292 0.000000 0.000000 0.000000 25.009727 18.014230 11.081364 22.546474 20.176472 0.409508 -22.317497 53.891674 -8.246266 0.000000 0.000000 0.000000 
0.175021 0.798718 0.028303 2.727403 -23.614034 14.285594 11.862317 7.951137 -53.549439 -8.180792 7.063493 45.613665 5.049117 9.455085 -3.393376 0.000000 0.000000 0.000000 -32.081784 0.119028 -45.002448 14.869946 -2.504597 41.012606 -7.375524 -20.799682 3.428193 0.000000 0.000000 0.000000 10.860982 -2.049081 47.102234 -0.511528 0.191092 -4.274408 -2.852451 10.764312 2.109902 13.326158 -5.282879 -20.895416 0.000000 0.000000 0.000000 -45.259297 -26.345507 17.043128 -21.456009 -10.788110 -0.616690 11.416670 -30.031423 -1.752263 0.000000 0.000000 0.000000 25.527426 19.114514 11.106670 24.435615 18.066647 0.392573 -26.583414 52.682811 -10.369054 0.000000 0.000000 0.000000 
0.203874 0.801746 0.034049 1.102655 -28.029113 15.097281 11.375461 9.424751 -54.249424 -7.487939 7.753738 47.607582 6.046690 11.398433 -3.137235 0.000000 0.000000 0.000000 -34.275382 0.908132 -44.998139 16.992795 -2.762655 36.874892 -6.645504 -19.913888 6.241341 0.000000 0.000000 0.000000 9.377668 -0.116734 50.273256 1.256561 -0.523380 -3.982206 -3.769563 12.564362 0.679739 14.756947 -6.296327 -19.240736 0.000000 0.000000 0.000000 -43.192551 -27.750012 17.010322 -22.265381 -13.176964 -0.083562 11.134163 -30.431933 -1.704579 0.000000 0.000000 0.000000 27.624832 18.674444 11.646145 24.264446 16.541509 0.097994 -29.211793 52.434222 -11.521493 0.000000 0.000000 0.000000 
0.225753 0.803379 0.039284 -0.006110 -30.849544 15.173503 9.844148 9.784266 -54.972065 -5.185884 7.230427 49.942739 6.587665 12.424821 -2.816095 0.000000 0.000000 0.000000 -35.473378 1.555642 -43.813347 18.966757 -2.995372 35.024346 -7.835301 -22.804768 8.292283 0.000000 0.000000 0.000000 8.770129 1.035086 51.218398 1.806885 -0.763366 -4.554115 -4.320305 12.570336 1.742529 16.316897 -7.469667 -18.661288 0.000000 0.000000 0.000000 -42.262052 -27.945674 17.430254 -21.334910 -13.806470 -0.159122 13.680221 -31.860753 -2.520398 0.000000 0.000000 0.000000 27.861238 18.913782 11.564220 27.867269 15.942386 0.184828 -30.560613 51.050864 -11.845554 0.000000 0.000000 0.000000 
0.240265 0.804247 0.042714 -1.418318 -33.821096 14.308466 9.876260 10.620500 -53.828224 -3.666650 7.327635 51.738065 7.048162 13.262746 -2.785136 0.000000 0.000000 0.000000 -35.146662 2.415242 -42.136810 21.061919 -3.119537 36.002795 -10.086383 -27.163078 9.967148 0.000000 0.000000 0.000000 7.852530 2.549709 52.726087 2.518229 -1.074942 -5.342655 -4.935581 13.543175 1.720197 17.278423 -9.024575 -15.267373 0.000000 0.000000 0.000000 -40.147814 -27.243271 15.916739 -22.010855 -13.735099 -0.092697 13.220676 -33.561363 -2.590384 0.000000 0.000000 0.000000 31.393629 17.408045 11.214432 29.336763 13.942675 -0.232888 -31.318778 51.936656 -12.497982 0.000000 0.000000 0.000000 
0.247243 0.803671 0.043059 -1.809543 -35.477799 14.197367 9.355630 10.567377 -52.879704 -2.600689 6.981865 51.156914 7.623671 14.472978 -4.488441 0.000000 0.000000 0.000000 -35.502261 2.853223 -40.335202 23.414509 -3.599423 37.650218 -13.661045 -33.157114 11.541651 0.000000 0.000000 0.000000 6.897764 3.142955 51.073681 2.316990 -0.990681 -4.455528 -4.653985 12.665628 1.680844 17.292805 -10.055278 -12.126646 0.000000 0.000000 0.000000 -39.788752 -26.190940 15.933656 -21.153189 -12.141517 -0.511987 15.457562 -34.928204 -3.396320 0.000000 0.000000 0.000000 33.516010 17.597390 10.838637 32.115714 11.321716 -0.573645 -29.375078 52.670531 -11.951330 0.000000 0.000000 0.000000 
0.248142 0.803758 0.039517 -2.492435 -37.621718 13.778688 10.504104 11.489530 -51.173035 -2.743971 7.606919 50.675152 8.034507 15.337487 -4.963169 0.000000 0.000000 0.000000 -35.036549 3.419891 -38.460601 24.544414 -3.458792 38.516195 -15.775193 -35.638585 14.559766 0.000000 0.000000 0.000000 6.207175 3.868496 50.291114 2.690130 -1.122645 -3.543258 -4.877206 12.804568 0.821601 17.974047 -11.125724 -10.089279 0.000000 0.000000 0.000000 -40.229902 -25.822923 15.909825 -19.348997 -11.350755 -0.623794 15.843915 -34.754720 -3.505933 0.000000 0.000000 0.000000 35.486849 16.793081 10.136545 33.395436 8.267218 -1.187842 -26.935743 54.338852 -11.294045 0.000000 0.000000 0.000000 
0.243578 0.804391 0.032280 -2.305005 -39.505792 13.641979 10.834660 11.983264 -50.163749 -2.400820 7.638308 49.650671 8.471018 16.196258 -4.594739 0.000000 0.000000 0.000000 -35.267265 3.845016 -38.091151 26.612373 -3.771396 39.047114 -24.023588 -42.725782 27.442973 0.000000 0.000000 0.000000 5.950579 4.038243 48.462757 3.030191 -1.253180 -3.514305 -4.652613 11.284285 1.674420 17.374623 -10.601907 -11.025514 0.000000 0.000000 0.000000 -38.769707 -23.254499 15.028793 -19.810020 -11.020774 -0.958332 15.740715 -35.647532 -3.576530 0.000000 0.000000 0.000000 35.198037 16.009370 8.036582 36.446420 5.739719 -1.612702 -20.607624 57.005354 -8.902763 0.000000 0.000000 0.000000 
0.234283 0.807233 0.021728 -2.089992 -41.997601 12.364938 13.002811 13.140520 -47.328976 -3.680038 8.961473 48.411572 8.861470 16.722203 -2.677840 0.000000 0.000000 0.000000 -34.216543 4.378099 -36.541881 26.639710 -3.045251 38.891853 -39.502229 -47.469635 50.767202 0.000000 0.000000 0.000000 5.413298 4.390254 46.585772 2.876599 -1.174114 -2.752822 -4.126938 10.446511 1.977359 17.054404 -10.701472 -10.377325 0.000000 0.000000 0.000000 -38.792828 -22.039500 15.180867 -20.371577 -10.390993 -1.245976 16.063292 -35.453918 -3.678318 0.000000 0.000000 0.000000 35.577237 15.811571 6.683492 38.367373 2.943310 -2.215330 -16.830644 57.062832 -7.218504 0.000000 0.000000 0.000000 
0.220154 0.811382 0.008072 -1.234582 -43.777849 11.750126 13.991769 13.476255 -45.318553 -4.058280 9.066160 46.020381 9.379797 17.347570 -0.269926 0.000000 0.000000 0.000000 -33.456778 4.702834 -35.748183 25.884995 -2.405682 40.232038 -49.682625 -45.954451 68.194338 0.000000 0.000000 0.000000 5.170482 4.180871 44.066156 2.963239 -1.193467 -2.796395 -3.834611 8.995820 1.906060 15.834349 -10.078508 -9.950742 0.000000 0.000000 0.000000 -39.894227 -18.755668 14.198074 -21.453329 -9.639912 -1.648236 13.952088 -36.551299 -3.096364 0.000000 0.000000 0.000000 35.075114 14.785515 4.388676 40.008494 0.045682 -2.812865 -8.895107 57.224845 -3.437491 0.000000 0.000000 0.000000 
0.200976 0.816746 -0.009803 0.128141 -46.896941 9.663211 16.338461 14.130687 -41.149800 -5.536946 10.160504 43.256368 10.136535 17.967560 3.711912 0.000000 0.000000 0.000000 -32.627924 5.203728 -34.610976 24.365248 -1.154923 41.974429 -49.831225 -43.834227 71.701228 0.000000 0.000000 0.000000 4.147325 4.377083 41.052208 2.523549 -0.961968 -1.921464 -3.637748 8.271674 2.451089 14.313012 -9.291171 -9.755365 0.000000 0.000000 0.000000 -40.019004 -16.588419 13.865259 -23.743635 -8.620784 -2.219036 13.003022 -37.498086 -2.831766 0.000000 0.000000 0.000000 35.598092 14.564736 2.758538 40.763421 -3.181080 -3.556148 -4.768221 57.578961 -1.653838 0.000000 0.000000 0.000000 
0.176951 0.820618 -0.032369 1.671467 -48.537785 7.216728 17.701978 13.761218 -37.418592 -5.262957 9.693386 40.467598 10.559857 17.863430 7.737026 0.000000 0.000000 0.000000 -32.136772 5.359145 -32.253495 22.225752 0.093347 43.791812 -45.062572 -41.524377 69.710885 0.000000 0.000000 0.000000 4.984962 3.437274 37.709643 1.383956 -0.442033 -1.170259 -3.062534 6.190394 3.453556 12.124512 -7.930429 -10.788469 0.000000 0.000000 0.000000 -40.743486 -13.797357 13.834689 -26.125039 -8.073782 -2.983348 11.280962 -39.510467 -2.312220 0.000000 0.000000 0.000000 33.290732 13.493970 0.122619 43.238367 -5.816496 -4.378553 0.664423 57.962263 0.474248 0.000000 0.000000 0.000000 
0.150081 0.823604 -0.060382 3.476436 -50.419600 4.996581 18.503747 13.214400 -33.903178 -4.116723 8.487909 37.038766 11.193912 17.684728 12.616928 0.000000 0.000000 0.000000 -31.871021 5.622809 -30.625802 19.941500 1.369933 44.190830 -37.622904 -40.731706 60.489575 0.000000 0.000000 0.000000 4.417990 3.057300 34.324844 1.653162 -0.561165 -1.385964 -3.552233 6.270440 5.244501 11.435709 -7.268488 -14.328175 0.000000 0.000000 0.000000 -40.245741 -12.677606 14.044786 -29.100346 -7.357653 -3.754486 8.072767 -39.394756 -1.073650 0.000000 0.000000 0.000000 33.582464 12.885967 -1.399825 43.720180 -8.138871 -5.118864 0.171687 58.206815 -0.110802 0.000000 0.000000 0.000000 
0.122969 0.825307 -0.092910 4.573397 -52.358455 2.688733 20.385808 12.873286 -29.424920 -3.535378 7.086124 32.277550 10.559125 16.041065 14.374823 0.000000 0.000000 0.000000 -31.968568 5.882075 -29.633570 20.728674 1.607746 45.033804 -31.822516 -39.940807 52.109665 0.000000 0.000000 0.000000 4.162584 2.686062 31.504187 1.179228 -0.302153 -0.842089 -3.321845 5.805873 6.942566 10.553911 -6.843082 -15.952745 0.000000 0.000000 0.000000 -39.523155 -11.585969 14.377366 -32.454979 -8.086693 -4.352600 8.292080 -39.508513 -0.947715 0.000000 0.000000 0.000000 33.086930 11.928014 -3.178905 44.421774 -9.333312 -5.513996 -0.598160 57.938853 -0.970213 0.000000 0.000000 0.000000 
0.097400 0.826188 -0.128483 6.218155 -54.676520 0.352799 22.042124 12.627667 -25.179160 -2.648183 5.417283 27.008894 9.569312 13.645433 17.263867 0.000000 0.000000 0.000000 -32.588028 6.315302 -29.289542 21.989106 1.654059 45.319182 -25.813546 -38.399249 42.921852 0.000000 0.000000 0.000000 4.285799 2.420513 29.442578 1.516629 -0.392906 -0.676339 -4.531856 5.887635 8.144136 10.052312 -6.606313 -17.796968 0.000000 0.000000 0.000000 -39.884149 -11.540708 15.466745 -34.151800 -8.248956 -4.853478 6.150123 -38.474596 -0.179500 0.000000 0.000000 0.000000 33.380774 10.880985 -4.863588 45.013218 -9.637956 -5.606856 -2.780145 57.967588 -2.461729 0.000000 0.000000 0.000000 
0.073234 0.829885 -0.165996 7.527013 -56.515560 -2.371065 22.809609 11.725743 -20.949237 -0.284073 3.453307 22.623893 7.369161 9.888870 19.406071 0.000000 0.000000 0.000000 -31.163939 6.352665 -28.607342 24.237488 1.569566 45.303148 -27.908153 -40.961028 39.239113 0.000000 0.000000 0.000000 4.583779 2.435868 28.876381 1.760597 -0.499838 -0.670027 -4.368287 5.042408 9.213988 9.094371 -6.281734 -18.494276 0.000000 0.000000 0.000000 -40.055821 -11.343286 16.558541 -36.143981 -10.425539 -4.899193 6.456610 -37.356127 -0.214002 0.000000 0.000000 0.000000 32.390760 11.270121 -5.482111 45.320112 -8.830346 -5.218497 -5.790905 56.261699 -4.379718 0.000000 0.000000 0.000000 
0.049338 0.838217 -0.205013 9.358146 -59.921145 -3.970610 24.086718 11.646939 -16.844643 -0.232053 2.498003 17.369421 7.547004 9.154831 23.052566 0.000000 0.000000 0.000000 -29.151940 6.577728 -28.657039 24.676279 2.162955 43.168099 -28.517304 -43.131967 32.763229 0.000000 0.000000 0.000000 3.725594 2.591363 27.540621 2.016724 -0.405830 0.020992 -4.752425 5.920235 8.540793 7.800150 -5.525305 -19.649930 0.000000 0.000000 0.000000 -40.198720 -10.634605 16.551437 -37.041107 -10.394506 -5.138812 6.272386 -38.268095 -0.058655 0.000000 0.000000 0.000000 31.752517 10.382119 -6.417899 46.188173 -7.690637 -4.831386 -8.061871 54.803129 -5.716464 0.000000 0.000000 0.000000 
0.025747 0.851823 -0.244762 11.603794 -61.936211 -6.013528 23.998816 11.079399 -14.260082 1.268224 1.474169 14.113809 6.507343 7.337696 24.296464 0.000000 0.000000 0.000000 -27.552885 6.559479 -27.526704 25.405060 2.320994 39.891346 -28.524806 -43.936315 27.727398 0.000000 0.000000 0.000000 3.412780 2.542498 26.448302 1.966460 -0.526626 -1.229173 -3.495374 3.939244 9.623370 4.852367 -4.416608 -18.139455 0.000000 0.000000 0.000000 -41.291950 -8.370852 17.542173 -37.026309 -12.185084 -5.537564 5.489025 -38.916474 0.375242 0.000000 0.000000 0.000000 31.139004 11.578778 -7.590133 44.582451 -6.668938 -3.646552 -6.934203 55.489254 -6.025978 0.000000 0.000000 0.000000 
0.002802 0.868102 -0.284961 14.010725 -64.069047 -8.193947 22.833983 10.010754 -12.190501 1.852020 1.009927 11.782491 4.527918 4.562405 24.399068 0.000000 0.000000 0.000000 -23.313856 5.874628 -25.085272 21.075325 3.345049 35.936894 -26.150324 -42.109126 19.568289 0.000000 0.000000 0.000000 3.752005 2.282989 25.078192 1.734526 -0.375839 -1.193951 -4.614203 3.232429 10.396480 4.737445 -4.682837 -17.013294 0.000000 0.000000 0.000000 -39.167257 -6.765185 16.877626 -38.572260 -13.007526 -5.691565 6.883388 -41.954705 0.365072 0.000000 0.000000 0.000000 30.041865 11.829078 -8.239503 46.421227 -5.579385 -3.375020 -8.370957 56.310502 -7.595870 0.000000 0.000000 0.000000 
-0.018758 0.882978 -0.324266 15.047362 -66.672950 -8.490589 20.524358 9.526557 -13.641701 1.325156 2.001379 14.991172 4.816143 4.976832 20.402745 0.000000 0.000000 0.000000 -19.480752 5.369808 -23.989642 18.754330 3.672084 32.028046 -24.009287 -39.323190 14.470033 0.000000 0.000000 0.000000 3.149774 2.371433 24.313923 1.413991 -0.293336 -1.884945 -3.305784 4.157225 11.060543 3.750698 -4.230952 -18.011812 0.000000 0.000000 0.000000 -37.132826 -6.742874 16.840015 -40.380184 -14.109041 -5.421886 7.760619 -44.985559 0.462541 0.000000 0.000000 0.000000 28.562488 11.893303 -8.315568 46.580580 -4.564742 -3.050041 -6.725624 57.524188 -7.331848 0.000000 0.000000 0.000000 
-0.039783 0.896399 -0.362386 16.376097 -69.841598 -9.360112 19.099422 9.330006 -14.068768 -0.601150 4.190140 18.960432 4.582075 5.347636 15.200166 0.000000 0.000000 0.000000 -14.952876 4.699057 -22.496853 15.175318 3.927640 28.289892 -21.342589 -34.677563 9.793045 0.000000 0.000000 0.000000 3.069949 2.580317 24.300339 -0.515286 0.214381 -3.218308 -2.006704 4.651307 11.755224 3.035766 -3.987486 -16.348966 0.000000 0.000000 0.000000 -35.416592 -6.572827 17.079599 -40.517274 -17.726087 -4.396443 8.375998 -44.311658 0.426145 0.000000 0.000000 0.000000 29.734306 12.019960 -9.641107 44.889094 -3.255644 -1.954038 -2.531049 55.682036 -4.864118 0.000000 0.000000 0.000000 
-0.061355 0.904003 -0.399760 15.992816 -71.226872 -9.164950 16.873844 8.637678 -15.387279 1.047871 5.385998 23.636970 1.113119 1.300408 10.786830 0.000000 0.000000 0.000000 -12.006822 4.030415 -20.598131 15.595064 3.696944 25.510287 -20.379726 -32.273451 7.705315 0.000000 0.000000 0.000000 2.734647 2.621456 23.885231 0.862354 -0.201680 -3.115122 -3.841330 4.755857 11.131623 4.199696 -4.765115 -16.298651 0.000000 0.000000 0.000000 -35.023600 -6.326690 16.964647 -38.515576 -19.410594 -3.892135 10.214788 -44.932800 -0.303310 0.000000 0.000000 0.000000 31.400063 13.231440 -9.941813 43.973220 -3.500270 -1.581518 -2.555842 53.741739 -4.426142 0.000000 0.000000 0.000000 
-0.083260 0.909997 -0.435443 15.251744 -73.240639 -8.490388 14.769232 8.133323 -16.565901 2.440794 6.411753 26.830958 2.292773 3.724632 6.829463 0.000000 0.000000 0.000000 -8.764831 3.286912 -18.441341 15.459402 3.522980 22.358500 -18.869382 -28.771011 5.548738 0.000000 0.000000 0.000000 2.506368 2.610199 23.438442 -1.313921 0.699023 -2.762769 -1.822662 4.385597 10.678078 3.147070 -4.108046 -15.191422 0.000000 0.000000 0.000000 -33.121652 -6.925664 17.385293 -38.635962 -21.834304 -2.985797 9.944703 -45.207949 -0.069079 0.000000 0.000000 0.000000 31.011888 13.443673 -10.617471 45.382473 -3.373497 -1.362746 -1.747986 53.112681 -4.481282 0.000000 0.000000 0.000000 
-0.104330 0.913214 -0.468472 13.984789 -76.084772 -7.538533 12.952478 7.914791 -17.797191 4.652880 6.916244 29.306180 1.935316 3.568636 5.107569 0.000000 0.000000 0.000000 -5.836569 2.720596 -16.919281 16.310979 3.730219 20.904959 -17.005097 -25.298174 4.368520 0.000000 0.000000 0.000000 2.188144 2.703110 23.059843 -1.612170 0.870591 -2.826322 -1.169714 5.202832 11.472814 2.507439 -3.833521 -15.004162 0.000000 0.000000 0.000000 -32.024574 -7.640430 17.890270 -38.714984 -23.680672 -2.305685 12.586138 -44.458094 -1.121512 0.000000 0.000000 0.000000 30.691820 13.925332 -10.850722 46.606676 -4.042120 -1.661713 -1.790442 53.001201 -4.719238 0.000000 0.000000 0.000000 
-0.123850 0.916438 -0.497262 13.462291 -78.284124 -7.372842 9.919695 7.458451 -20.334082 6.329047 8.075543 32.593308 0.669631 3.211291 -1.132471 0.000000 0.000000 0.000000 -2.768302 2.222275 -15.738885 15.535414 3.951010 20.812294 -15.142808 -22.309531 4.002546 0.000000 0.000000 0.000000 1.991621 2.787865 22.864485 -2.041826 1.537101 -1.182973 -0.342161 4.704352 9.779806 0.776036 -2.515785 -12.719003 0.000000 0.000000 0.000000 -31.883462 -7.694194 18.112017 -37.673178 -25.480235 -1.710160 13.100977 -42.488181 -1.419035 0.000000 0.000000 0.000000 29.979979 13.620552 -11.094098 48.203033 -4.572083 -2.033975 -2.539011 52.989633 -5.435595 0.000000 0.000000 0.000000 
-0.142029 0.917020 -0.520923 13.132673 -80.399526 -7.288881 6.465818 7.364519 -24.052873 2.875989 9.439751 31.357702 8.918731 17.089683 0.740740 0.000000 0.000000 0.000000 -1.110840 1.850472 -14.502343 16.450377 4.225681 20.497048 -13.531277 -19.931997 3.899035 0.000000 0.000000 0.000000 2.358399 2.738746 22.765307 -1.987688 1.568226 -1.344627 -0.550280 5.121764 9.959879 1.505106 -3.034129 -13.020488 0.000000 0.000000 0.000000 -31.703889 -7.533103 18.129138 -37.785950 -25.396293 -1.706946 12.374370 -41.501018 -1.239893 0.000000 0.000000 0.000000 30.104451 12.997791 -11.788007 48.916251 -5.277495 -2.447200 -2.730994 52.857131 -5.512764 0.000000 0.000000 0.000000 
-0.160791 0.916812 -0.539106 15.178686 -83.256858 -9.694243 3.220858 7.329875 -26.906320 -5.022411 10.086822 23.473280 18.425688 30.420218 7.119209 0.000000 0.000000 0.000000 -0.019778 1.438884 -12.794961 17.081704 4.552414 20.136607 -11.699400 -16.768077 3.457266 0.000000 0.000000 0.000000 1.990183 3.089679 23.136391 -2.070322 1.451658 -2.165105 -0.116012 6.631896 10.441256 0.393047 -2.481892 -13.583232 0.000000 0.000000 0.000000 -32.673027 -7.068149 18.607376 -36.988853 -26.539547 -1.763456 10.856422 -39.964976 -0.799883 0.000000 0.000000 0.000000 29.481648 12.451217 -12.214833 50.579670 -5.713373 -2.965619 -2.027275 53.048632 -5.450066 0.000000 0.000000 0.000000 
-0.182035 0.915552 -0.552844 17.688978 -85.189113 -12.342820 0.700325 7.473894 -29.373448 -9.824235 9.603555 16.716969 18.333555 24.653411 14.359033 0.000000 0.000000 0.000000 0.936021 1.135940 -11.534912 17.410952 4.868680 20.610777 -10.388393 -14.754662 3.401770 0.000000 0.000000 0.000000 2.331615 3.283016 23.629627 -2.371470 1.387688 -2.988219 0.097796 7.138156 10.718621 -0.434693 -2.046467 -13.805189 0.000000 0.000000 0.000000 -33.054329 -6.756902 18.985330 -37.821096 -25.438353 -2.230466 10.421133 -39.296426 -0.685308 0.000000 0.000000 0.000000 28.715039 12.817473 -12.091207 50.449935 -6.195343 -3.209501 -0.151934 53.704150 -4.728192 0.000000 0.000000 0.000000 
-0.207670 0.914301 -0.563057 24.505594 -87.767450 -19.219409 -1.336305 7.284554 -30.367546 -10.175604 8.324947 13.157007 13.501542 15.083356 17.860144 0.000000 0.000000 0.000000 1.672303 0.699715 -9.163848 17.326149 4.984476 19.780230 -8.531626 -11.459640 2.966737 0.000000 0.000000 0.000000 2.324930 3.066490 22.713269 -3.079141 1.869909 -2.626837 0.262186 8.132511 10.128679 -1.326015 -1.374402 -12.900313 0.000000 0.000000 0.000000 -33.619347 -4.897723 18.212189 -38.701644 -23.561499 -2.988541 9.800793 -39.389521 -0.278792 0.000000 0.000000 0.000000 28.758438 12.248682 -12.797588 49.959968 -6.827945 -3.268814 4.144889 55.309688 -2.842247 0.000000 0.000000 0.000000 
-0.238029 0.912660 -0.571805 66.655840 -89.197946 -62.083207 -3.043366 6.208567 -29.377428 -7.856935 6.839452 12.250916 11.609709 11.795430 18.804400 0.000000 0.000000 0.000000 1.800957 0.367277 -5.936239 17.552098 5.073648 19.151906 -6.869876 -9.121697 3.279240 0.000000 0.000000 0.000000 1.792642 3.116504 22.251975 -3.999031 1.732629 -4.319342 1.460216 9.664843 12.189147 -1.179903 -1.496116 -12.117022 0.000000 0.000000 0.000000 -34.296913 -3.969161 18.603916 -39.815911 -23.321342 -3.506129 10.424901 -37.190915 -0.411169 0.000000 0.000000 0.000000 28.252741 12.614078 -12.947567 49.684742 -6.996194 -3.330701 5.292174 55.881921 -2.467376 0.000000 0.000000 0.000000 
-0.273398 0.910349 -0.580928 148.215749 -88.578333 -144.793331 -3.786875 4.992410 -27.028725 -3.948704 5.911803 14.282698 9.624166 10.377471 15.081711 0.000000 0.000000 0.000000 1.994473 0.266429 -2.831048 15.033237 4.890761 20.368120 -0.866037 -0.771265 3.014819 0.000000 0.000000 0.000000 0.078314 3.044208 20.764688 -4.494954 2.598530 -2.454364 1.562617 9.991745 10.202359 -0.897148 -1.164553 -9.312483 0.000000 0.000000 0.000000 -34.909759 -2.028164 17.018976 -39.765323 -20.182525 -4.379117 9.922343 -36.719490 -0.169693 0.000000 0.000000 0.000000 29.574419 13.236642 -13.043032 48.925329 -9.477066 -3.881416 6.880840 56.316696 -1.434839 0.000000 0.000000 0.000000 
-0.312340 0.907992 -0.590323 -157.238358 -88.826956 159.561550 -3.173293 4.204862 -24.580856 -0.670606 5.525013 16.743688 9.091357 12.683253 9.392141 0.000000 0.000000 0.000000 2.464808 0.260086 -0.140013 15.691386 5.114218 22.069792 5.539371 4.104098 6.644902 0.000000 0.000000 0.000000 -1.217836 2.220503 17.503489 -5.255414 2.889675 -2.655281 3.290817 10.512686 12.548718 -1.522499 -1.163740 -10.536100 0.000000 0.000000 0.000000 -34.292782 -1.822602 17.160056 -39.400198 -19.018125 -4.768802 9.351148 -33.542499 -0.128282 0.000000 0.000000 0.000000 30.756541 13.424875 -14.468471 48.067020 -11.385808 -3.980065 8.879370 56.162508 -0.636936 0.000000 0.000000 0.000000 
-0.351960 0.909211 -0.598392 -137.804450 -89.263113 139.120572 -2.675628 3.097635 -21.291706 0.359965 5.729882 17.823330 8.380055 14.206240 5.853401 0.000000 0.000000 0.000000 -0.081421 0.606843 -1.393794 22.951676 6.776911 28.740740 10.405021 0.286642 16.909021 0.000000 0.000000 0.000000 -2.117790 1.941407 15.927768 -5.193003 2.859699 -2.574856 3.115868 10.156594 12.503539 -0.330515 -1.487159 -7.536056 0.000000 0.000000 0.000000 -36.537914 -1.986224 18.872292 -36.756219 -17.572343 -5.819380 11.862955 -31.037459 -0.938595 0.000000 0.000000 0.000000 30.063321 11.721278 -15.312041 49.113450 -12.533977 -4.810597 11.662656 52.998460 0.499556 0.000000 0.000000 0.000000 
-0.390267 0.913844 -0.604255 -119.355439 -89.491691 118.985621 -1.268669 2.165524 -16.816462 -0.696962 6.631996 18.024748 7.846680 15.062946 4.313084 0.000000 0.000000 0.000000 -5.310229 1.639536 -5.886648 36.625701 8.282193 37.974269 5.787461 -10.795706 29.059340 0.000000 0.000000 0.000000 -2.334749 1.734139 14.978221 -4.882031 3.255682 -1.054796 2.201492 9.024809 11.170030 -0.092935 -1.276918 -5.578069 0.000000 0.000000 0.000000 -36.727409 -1.636078 18.461085 -35.649381 -16.099925 -6.030441 9.999102 -31.694284 -0.592077 0.000000 0.000000 0.000000 29.738551 8.803646 -16.530862 49.798940 -15.231917 -6.488852 15.901155 52.209888 2.543209 0.000000 0.000000 0.000000 
-0.427077 0.919484 -0.608560 -36.711998 -88.531952 35.000693 0.075034 1.406339 -11.851244 -1.832307 6.368741 16.175308 7.147344 15.365370 3.306521 0.000000 0.000000 0.000000 -8.914988 2.701328 -11.066780 45.390636 7.919118 42.721790 -1.017015 -17.804083 40.094306 0.000000 0.000000 0.000000 -0.963383 1.182991 14.043794 -5.076591 3.595012 -0.265604 0.723076 8.028060 11.667341 1.038463 -2.158688 -5.540579 0.000000 0.000000 0.000000 -35.923551 -3.294034 19.253975 -35.308649 -15.280505 -5.968763 9.940306 -33.822130 -0.750775 0.000000 0.000000 0.000000 30.889958 7.855257 -17.748877 49.198003 -18.288213 -7.528147 17.392127 51.970218 3.508491 0.000000 0.000000 0.000000 
-0.462984 0.923957 -0.613158 -11.888750 -85.483822 9.164860 0.591575 0.899402 -8.060335 -1.986270 5.800894 15.318157 5.782699 13.657511 2.644699 0.000000 0.000000 0.000000 -10.562194 3.357443 -14.855101 38.130834 7.280946 39.400717 -19.163664 -29.546449 45.845258 0.000000 0.000000 0.000000 0.371831 0.929767 14.140751 -4.653944 3.132515 -0.528183 -0.008880 6.508835 11.530259 1.354000 -2.550064 -6.612143 0.000000 0.000000 0.000000 -36.855306 -2.852522 19.180687 -34.172548 -16.255656 -5.790827 8.968541 -35.885233 -0.536069 0.000000 0.000000 0.000000 30.930488 5.831358 -18.685288 49.901740 -20.866868 -9.091542 17.896046 49.877477 3.712110 0.000000 0.000000 0.000000 
-0.498556 0.928041 -0.620002 -8.118384 -81.848215 4.853826 1.270050 0.764609 -3.769113 -1.844241 4.185962 12.300448 4.537075 11.946793 2.214001 0.000000 0.000000 0.000000 -11.022134 3.617610 -17.040972 19.669560 5.016118 26.308269 -30.176589 -30.128176 53.700983 0.000000 0.000000 0.000000 0.774888 0.682467 13.466472 -3.273531 2.658031 0.220563 -1.416281 5.854106 11.078577 1.796170 -3.319453 -9.538663 0.000000 0.000000 0.000000 -35.910309 -3.705179 18.549404 -35.225829 -16.861594 -5.354069 8.744080 -40.460909 -0.175366 0.000000 0.000000 0.000000 32.088959 4.937926 -19.029309 49.303369 -22.049655 -9.415556 20.032340 47.770983 4.763341 0.000000 0.000000 0.000000 
-0.534052 0.928385 -0.629565 -7.520321 -78.145929 4.314528 2.467333 0.988869 -1.475312 -0.957580 3.181070 11.365483 2.964537 9.447897 1.158291 0.000000 0.000000 0.000000 -10.964944 3.621740 -17.984858 7.816193 2.145073 14.149991 -16.586135 -27.760287 31.744445 0.000000 0.000000 0.000000 1.811009 0.517860 13.650745 -3.038285 2.133092 -0.627120 -1.434959 5.581210 11.917184 2.628767 -3.942743 -10.863791 0.000000 0.000000 0.000000 -36.320286 -4.602913 18.891236 -34.786635 -17.415611 -5.181236 8.534405 -46.721000 0.133106 0.000000 0.000000 0.000000 32.575729 5.885260 -18.283225 49.837719 -22.889174 -9.876011 19.225525 46.631253 4.429608 0.000000 0.000000 0.000000 
-0.570292 0.924972 -0.642113 -6.939282 -74.989303 3.760386 3.952433 1.309692 0.079025 0.139374 2.599282 11.670755 1.388120 7.064989 -0.422083 0.000000 0.000000 0.000000 -11.930094 3.856605 -19.151264 5.006181 1.360721 10.441336 -8.938856 -22.129057 18.869832 0.000000 0.000000 0.000000 3.000384 0.260126 13.094412 -2.126427 2.395304 1.715504 -3.429194 4.981468 9.287024 3.784179 -4.304664 -9.647439 0.000000 0.000000 0.000000 -34.600398 -5.761486 17.591935 -36.784900 -17.710436 -4.497050 4.930477 -53.584267 2.692566 0.000000 0.000000 0.000000 33.771506 5.901430 -17.490337 49.462835 -22.614676 -9.583181 20.959614 47.038143 5.462709 0.000000 0.000000 0.000000 
-0.608242 0.919848 -0.657371 -4.719135 -70.737819 1.432267 5.645106 1.653011 1.700282 1.020288 1.941905 11.609711 -0.461462 3.510805 -1.652535 0.000000 0.000000 0.000000 -11.851531 3.336761 -17.107028 4.272688 1.053499 9.083654 -10.960269 -23.074904 15.378492 0.000000 0.000000 0.000000 3.749465 0.158315 13.341711 -0.878209 1.552230 1.346453 -5.592034 5.267638 10.394768 6.168550 -5.945127 -12.603536 0.000000 0.000000 0.000000 -34.308080 -7.546780 17.526467 -36.598464 -18.648150 -3.910829 5.021266 -60.059409 3.130586 0.000000 0.000000 0.000000 36.147720 7.092539 -16.502966 49.238917 -21.401537 -8.978645 20.759545 50.807586 6.442885 0.000000 0.000000 0.000000 
-0.647554 0.913123 -0.675416 -4.374475 -66.349378 0.467074 8.708881 2.227582 1.731273 1.847095 2.094063 14.571057 -2.658365 -1.414274 -2.081709 0.000000 0.000000 0.000000 -10.727810 2.831727 -15.825726 5.872006 1.490170 13.425619 -16.551759 -27.858676 11.636895 0.000000 0.000000 0.000000 4.526865 -0.034273 12.811524 -0.330349 1.479198 2.510769 -6.018662 4.155713 10.171612 7.128673 -6.311085 -13.440245 0.000000 0.000000 0.000000 -35.032162 -8.719621 17.786521 -36.699727 -19.369837 -3.571970 2.135477 -63.819961 5.200270 0.000000 0.000000 0.000000 36.077821 8.087491 -14.634521 50.786309 -19.121405 -8.653258 21.487541 53.930957 7.299018 0.000000 0.000000 0.000000 
-0.685322 0.907907 -0.695689 -3.922311 -63.778303 0.006698 11.090573 2.735090 2.022359 3.053917 1.727552 15.665320 -3.770798 -4.246982 -0.677867 0.000000 0.000000 0.000000 -9.785059 2.471216 -14.610268 8.297546 1.662117 15.412761 -20.008876 -31.358412 8.984247 0.000000 0.000000 0.000000 5.039099 -0.144712 12.383754 0.041416 1.524134 3.654255 -6.536964 4.145468 9.299547 7.839568 -6.477738 -15.037550 0.000000 0.000000 0.000000 -35.683840 -9.040614 17.080026 -37.033640 -18.570128 -3.486678 1.016124 -68.202404 6.358641 0.000000 0.000000 0.000000 36.654756 8.846258 -13.021508 50.548376 -15.666660 -7.262902 27.070135 57.061022 11.025116 0.000000 0.000000 0.000000 
-0.717905 0.906632 -0.715692 -4.212645 -60.790119 0.918186 13.820313 3.324637 -0.422987 4.338320 1.778596 18.742333 -5.377340 -7.868150 3.361046 0.000000 0.000000 0.000000 -8.278775 2.185623 -14.263157 10.240272 1.708532 16.833768 -22.983410 -35.214924 7.818435 0.000000 0.000000 0.000000 5.754975 -0.260867 12.092350 1.129722 0.863743 3.376497 -7.415782 4.970495 9.787605 9.626816 -7.204235 -17.275542 0.000000 0.000000 0.000000 -35.873034 -10.830616 17.337771 -38.263212 -18.019275 -3.361487 -1.315617 -71.541087 8.315793 0.000000 0.000000 0.000000 36.905589 9.882631 -10.919033 49.605180 -10.979406 -5.466713 28.317890 60.779555 13.209207 0.000000 0.000000 0.000000 
-0.744133 0.910663 -0.733056 -4.672827 -60.117678 2.261143 15.402025 4.090025 -4.309887 5.226818 2.851356 24.173297 -4.213520 -6.341863 9.650094 0.000000 0.000000 0.000000 -6.285711 2.006797 -14.336035 10.702891 1.727580 17.010033 -23.916456 -36.414667 6.735221 0.000000 0.000000 0.000000 6.319422 -0.358524 11.345217 1.820171 0.825675 4.341999 -7.965413 5.773398 8.623379 9.626834 -6.918815 -18.276582 0.000000 0.000000 0.000000 -36.204230 -10.463793 16.279343 -39.553341 -16.633214 -3.548889 -13.643021 -76.559532 19.155681 0.000000 0.000000 0.000000 35.181224 10.109795 -9.105092 49.402922 -5.745116 -3.697130 31.735614 63.190424 16.019729 0.000000 0.000000 0.000000 
-0.765562 0.916199 -0.746473 -3.233824 -58.759943 1.469441 14.648755 4.065721 -7.542849 3.921273 4.593058 28.508716 1.294245 2.000073 9.814521 0.000000 0.000000 0.000000 -6.018504 1.819900 -13.372605 11.558198 1.527792 16.048323 -24.844906 -37.716805 6.468744 0.000000 0.000000 0.000000 6.587256 -0.390335 11.049949 1.407952 0.788919 3.822671 -7.465373 5.900630 8.868477 9.800357 -6.899102 -18.916376 0.000000 0.000000 0.000000 -35.816293 -11.155325 16.455600 -40.634434 -15.732419 -3.751032 -38.054757 -81.634930 42.956705 0.000000 0.000000 0.000000 32.550644 10.299901 -7.788950 47.861274 -2.440621 -2.519930 41.788135 67.430137 23.998507 0.000000 0.000000 0.000000 
-0.782809 0.922569 -0.756700 -3.039258 -57.707831 1.617367 13.655341 4.098851 -10.803195 -0.075467 7.822880 32.073195 2.459571 4.287796 7.731977 0.000000 0.000000 0.000000 -4.491861 1.465417 -11.695687 10.569772 1.273103 13.857983 -25.012171 -37.649617 6.375036 0.000000 0.000000 0.000000 6.857538 -0.409603 11.546131 1.433734 0.631957 3.374078 -7.224808 6.879976 8.814186 10.550183 -7.153626 -19.104130 0.000000 0.000000 0.000000 -35.768055 -11.007852 15.621976 -40.625961 -15.141142 -3.756148 -88.767331 -81.352638 91.041950 0.000000 0.000000 0.000000 31.234161 10.621387 -6.321139 46.243441 0.757943 -1.516723 52.542937 71.532599 34.487740 0.000000 0.000000 0.000000 
-0.796950 0.927151 -0.765030 -3.039897 -56.845185 2.231780 11.248562 3.438731 -12.998073 -6.363526 11.831464 32.495730 1.869522 3.367058 7.648841 0.000000 0.000000 0.000000 -2.862425 1.407652 -12.104818 9.447278 1.285536 14.418931 -25.410927 -38.305631 6.644494 0.000000 0.000000 0.000000 7.075314 -0.426567 11.847462 1.152147 0.453799 2.218929 -7.243757 7.731273 9.626360 11.790022 -7.851271 -18.886380 0.000000 0.000000 0.000000 -32.598913 -11.545092 14.712026 -42.930349 -15.295603 -3.386374 -114.957181 -78.376988 116.670112 0.000000 0.000000 0.000000 28.652870 10.849087 -5.065070 45.934083 3.853625 -0.744105 63.510790 76.250912 46.662051 0.000000 0.000000 0.000000 
-0.808192 0.929986 -0.772929 -3.636659 -57.817727 3.233463 9.715061 2.921549 -12.891875 -13.583313 15.156113 28.364425 2.515148 3.955203 17.083457 0.000000 0.000000 0.000000 -1.485132 1.383364 -12.322347 9.016174 1.345859 14.327621 -24.912276 -37.480746 5.782564 0.000000 0.000000 0.000000 6.672974 -0.369417 12.786060 0.144408 0.644743 0.934258 -6.643785 9.519779 9.992933 13.212888 -8.682078 -18.331496 0.000000 0.000000 0.000000 -31.471735 -11.798051 14.323356 -42.356190 -15.505058 -3.202181 -126.594731 -76.167360 128.136497 0.000000 0.000000 0.000000 28.426765 9.960561 -5.215852 45.373690 5.460744 -0.289836 86.491132 77.290943 68.484250 0.000000 0.000000 0.000000 
-0.817136 0.929992 -0.780812 -4.459858 -58.301655 3.784413 7.411077 2.052802 -12.305126 -17.011184 16.721835 26.056534 8.675113 12.053643 25.972668 0.000000 0.000000 0.000000 -0.112032 1.461402 -12.976714 8.938502 1.588258 16.113178 -24.998725 -37.736920 5.145703 0.000000 0.000000 0.000000 6.583571 -0.296325 13.779459 -0.981228 1.400811 2.117831 -5.826417 8.557332 9.598677 13.575916 -8.653201 -19.368939 0.000000 0.000000 0.000000 -29.094141 -12.400584 14.191262 -43.131941 -17.105916 -2.370420 -137.371326 -75.512798 141.226510 0.000000 0.000000 0.000000 26.091164 10.122109 -4.767595 47.612620 7.353805 0.249783 106.782698 77.462118 87.558900 0.000000 0.000000 0.000000 
-0.823527 0.926650 -0.790097 -6.831979 -58.961261 5.229736 6.866629 1.848343 -11.630000 -17.121610 17.302164 26.314639 16.284007 24.641427 19.058081 0.000000 0.000000 0.000000 1.176738 1.637952 -13.857675 10.800005 1.954994 18.658915 -25.453788 -38.708704 4.377788 0.000000 0.000000 0.000000 5.710108 -0.030080 16.065139 -0.072758 0.758826 1.007410 -6.250748 7.834092 11.002404 13.489480 -8.691460 -20.167380 0.000000 0.000000 0.000000 -25.952521 -12.451147 13.718384 -43.966594 -19.092169 -1.456197 -151.030719 -77.962493 160.398607 0.000000 0.000000 0.000000 25.620450 11.802752 -4.290995 49.409192 8.621437 0.726665 118.742035 77.110748 98.768763 0.000000 0.000000 0.000000 
-0.828426 0.921428 -0.801250 -8.535540 -59.842073 5.826093 7.939000 2.345054 -12.054635 -15.368648 17.860478 29.104879 16.526581 25.457634 17.798456 0.000000 0.000000 0.000000 1.632482 2.206544 -16.203695 14.191574 2.670660 23.799113 -26.578246 -41.270101 4.375308 0.000000 0.000000 0.000000 3.129497 0.724485 19.019511 0.193332 0.639150 1.032430 -4.930194 6.537515 11.956279 13.325548 -8.069142 -24.375688 0.000000 0.000000 0.000000 -25.360499 -12.933942 14.368795 -41.639992 -21.422361 -0.802317 -172.578439 -80.485166 -173.060300 0.000000 0.000000 0.000000 24.743549 13.283679 -3.928003 51.542404 9.729066 1.249415 132.450257 76.943967 112.212182 0.000000 0.000000 0.000000 
-0.833899 0.915497 -0.812482 -9.985200 -61.203130 6.539037 9.102002 2.989069 -12.766921 -13.851683 18.794463 32.014029 16.726007 26.021513 16.985884 0.000000 0.000000 0.000000 -1.599225 3.008185 -19.621038 18.311693 3.115252 27.682958 -24.218201 -39.689529 5.997489 0.000000 0.000000 0.000000 1.541777 1.635907 21.879463 0.629601 0.374241 0.710535 -4.640810 5.402640 11.738903 12.497832 -7.733795 -24.272058 0.000000 0.000000 0.000000 -25.482328 -13.876108 15.514296 -39.178907 -21.103667 -1.230528 158.165611 -81.470432 -139.530995 0.000000 0.000000 0.000000 23.967671 13.064569 -4.340173 54.133935 8.518167 0.637141 130.279530 74.849979 106.371695 0.000000 0.000000 0.000000 
-0.842696 0.911295 -0.823231 -10.556549 -62.210672 6.754184 10.490497 3.668424 -13.088513 -13.206628 19.834048 34.131155 16.484032 25.694444 16.697896 0.000000 0.000000 0.000000 -4.686705 3.588973 -21.970328 12.933060 3.410861 27.065844 -13.066308 -26.711204 9.079588 0.000000 0.000000 0.000000 0.328722 2.473730 23.859981 1.192542 -0.002480 0.083204 -4.628569 4.975725 12.888790 9.552474 -6.455090 -24.903008 0.000000 0.000000 0.000000 -25.267577 -13.528821 15.446651 -39.988556 -22.820879 -0.680768 139.965747 -80.812993 -118.153913 0.000000 0.000000 0.000000 23.631293 14.188883 -3.912838 55.519111 7.960894 0.249342 130.478433 74.773983 105.912424 0.000000 0.000000 0.000000 
-0.855036 0.909578 -0.835125 -10.796672 -62.752888 7.539365 11.425842 4.238262 -13.666143 -12.459155 19.971645 35.147439 16.396755 25.580729 16.392848 0.000000 0.000000 0.000000 -6.614852 3.933435 -23.158131 4.453707 3.282653 22.389551 7.010631 -4.797673 17.932306 0.000000 0.000000 0.000000 0.458760 2.572761 24.234706 1.350227 0.207564 1.307321 -6.288234 4.926687 11.451881 9.817346 -6.662362 -23.168119 0.000000 0.000000 0.000000 -25.912342 -13.561630 15.551616 -39.155472 -23.602064 -0.527937 133.641135 -80.175309 -110.950264 0.000000 0.000000 0.000000 24.894266 16.104836 -3.145336 55.765503 6.656010 0.021586 126.862612 76.999657 104.327258 0.000000 0.000000 0.000000 
-0.869527 0.907219 -0.849382 -10.904080 -62.783333 8.149983 12.413016 4.646377 -13.687990 -12.024272 19.527563 35.280245 16.304558 25.893653 15.103377 0.000000 0.000000 0.000000 -6.907983 3.791551 -22.640767 1.939843 2.512901 18.111716 18.041867 7.130068 25.555194 0.000000 0.000000 0.000000 -0.106732 2.980739 25.186436 1.697111 0.153584 1.781469 -6.744547 5.163497 10.974341 9.874668 -6.520764 -23.711822 0.000000 0.000000 0.000000 -25.210537 -15.647811 16.126019 -40.054891 -24.042294 0.044515 119.518542 -79.805507 -96.247420 0.000000 0.000000 0.000000 27.005875 16.627129 -2.800558 53.910392 6.545774 0.228024 118.811630 77.779831 97.911875 0.000000 0.000000 0.000000 
-0.884697 0.903044 -0.866583 -10.110122 -60.452250 8.476654 13.376872 5.313478 -15.813985 -10.447502 18.617008 37.516953 14.922044 24.404112 13.250884 0.000000 0.000000 0.000000 -6.377383 3.691507 -22.505674 2.759773 2.179360 17.299745 15.798087 7.595158 21.741724 0.000000 0.000000 0.000000 0.103634 2.984406 26.025780 1.701624 0.291846 2.743520 -6.941039 4.496081 9.492085 10.403394 -6.540688 -23.076041 0.000000 0.000000 0.000000 -24.526501 -17.187692 16.215180 -39.461681 -25.705503 0.930785 107.094314 -79.499110 -84.051626 0.000000 0.000000 0.000000 26.929310 17.817875 -1.269405 54.705292 6.708447 0.113711 122.776449 80.335996 105.712037 0.000000 0.000000 0.000000 
-0.897023 0.898480 -0.886233 -8.928213 -59.319186 8.530311 14.317998 6.087810 -17.680488 -9.814335 18.241227 38.889967 14.012571 23.300649 11.995532 0.000000 0.000000 0.000000 -6.802870 4.123839 -24.345261 5.065973 2.189720 18.719142 13.551286 7.084999 19.006416 0.000000 0.000000 0.000000 0.259360 3.489201 28.159519 1.821918 0.112684 2.474912 -7.126019 3.531955 9.419635 9.434042 -6.130247 -22.285186 0.000000 0.000000 0.000000 -22.823661 -18.651889 16.291976 -38.794437 -28.696375 2.203010 94.153912 -76.704410 -68.886177 0.000000 0.000000 0.000000 28.061019 19.163958 -0.503871 53.426371 6.104991 0.079549 117.661276 81.613173 102.186279 0.000000 0.000000 0.000000 
-0.904978 0.896408 -0.906146 -8.602695 -58.797248 10.141575 14.845098 6.809689 -19.509408 -9.678372 17.205007 38.048723 13.949331 23.517023 10.490215 0.000000 0.000000 0.000000 -6.199587 4.907143 -27.000206 5.683058 2.229889 19.340852 12.238714 6.298989 17.755184 0.000000 0.000000 0.000000 1.176311 3.960476 30.681287 2.339108 -0.138092 2.377534 -8.333763 2.777500 8.455344 10.343968 -6.514005 -21.958961 0.000000 0.000000 0.000000 -21.729709 -21.505989 17.386360 -35.027752 -32.829574 3.209039 78.002660 -69.322352 -48.681002 0.000000 0.000000 0.000000 28.689481 20.980210 0.826004 52.241271 5.310667 -0.100260 113.195680 83.736481 100.368536 0.000000 0.000000 0.000000 
-0.908524 0.892682 -0.925032 -7.384489 -57.302872 11.455070 14.764990 7.840865 -23.583885 -8.831707 16.333293 39.419244 13.242467 22.376088 9.921282 0.000000 0.000000 0.000000 -7.741590 6.059143 -31.191328 8.400988 2.157505 21.154009 10.138182 3.374919 17.256714 0.000000 0.000000 0.000000 2.495598 4.322736 33.700348 2.659207 -0.401651 1.922087 -8.539309 0.019568 7.939902 8.178186 -5.441125 -21.856201 0.000000 0.000000 0.000000 -20.008998 -24.457089 18.703396 -30.461099 -37.448777 3.922461 69.802175 -61.214523 -36.684074 0.000000 0.000000 0.000000 27.774717 21.435148 0.813156 52.197244 4.453822 -0.350531 96.532151 84.433982 83.633047 0.000000 0.000000 0.000000 
-0.909240 0.886365 -0.942074 -6.514057 -57.451879 12.654972 14.919631 8.997328 -26.288118 -8.938673 16.305836 39.844037 13.065876 22.307446 8.582047 0.000000 0.000000 0.000000 -8.754926 7.469073 -35.458425 9.894350 2.299619 23.274258 8.692944 1.618322 16.543854 0.000000 0.000000 0.000000 3.355861 5.198716 37.125112 3.976525 -1.035338 1.254488 -9.479984 -3.023783 7.541953 6.416797 -4.666660 -21.875920 0.000000 0.000000 0.000000 -18.006401 -26.218621 19.344012 -23.554832 -41.383162 3.438887 63.375264 -50.412156 -25.977625 0.000000 0.000000 0.000000 27.102445 23.622402 1.424461 52.088592 3.823153 -0.320653 87.866470 87.019019 76.720727 0.000000 0.000000 0.000000 
-0.908716 0.876144 -0.957042 -5.288538 -56.255131 13.977468 14.643730 10.545695 -30.920109 -8.352785 16.177821 42.366177 12.117324 21.041986 6.911715 0.000000 0.000000 0.000000 -11.926205 8.815971 -40.741327 13.775439 1.933060 25.841694 6.173951 -2.162269 15.844254 0.000000 0.000000 0.000000 4.876824 5.457062 40.083168 5.026888 -1.565648 0.402164 -9.603871 -5.654891 6.869816 4.468501 -3.661870 -22.547759 0.000000 0.000000 0.000000 -16.886673 -28.410117 20.463949 -14.992594 -43.526123 1.589334 59.635878 -40.725847 -19.093833 0.000000 0.000000 0.000000 25.706481 23.572361 1.113800 51.740851 2.879661 -0.611608 56.375235 87.376479 45.501472 0.000000 0.000000 0.000000 
-0.908793 0.866187 -0.969532 -4.049910 -55.317613 14.417026 14.766818 11.707009 -33.627771 -8.849294 16.474655 43.576699 11.342423 20.190435 4.746954 0.000000 0.000000 0.000000 -14.755797 9.567996 -44.481713 17.062117 1.408139 27.535024 4.152610 -5.132374 14.928471 0.000000 0.000000 0.000000 6.563027 5.765072 43.358192 6.700610 -2.275298 -0.180672 -10.634180 -8.206960 6.758905 3.689184 -3.299434 -22.868387 0.000000 0.000000 0.000000 -15.519381 -30.300579 21.127215 -6.992745 -43.795469 -0.471363 57.632938 -31.404579 -13.852932 0.000000 0.000000 0.000000 24.121824 24.765662 1.755782 52.231434 3.401645 -0.499234 -1.110742 86.755111 -10.098492 0.000000 0.000000 0.000000 
-0.910857 0.859222 -0.979547 -2.974767 -54.394729 15.204130 14.335046 12.725113 -36.838387 -8.584404 16.275640 45.244319 10.758504 19.183026 4.253375 0.000000 0.000000 0.000000 -17.398689 10.107446 -48.075585 19.766128 0.736137 28.876502 2.652187 -7.969858 14.986483 0.000000 0.000000 0.000000 7.777426 5.820553 45.528579 7.536208 -2.660185 -1.039515 -10.994362 -9.268304 7.322832 3.129167 -3.017754 -23.371674 0.000000 0.000000 0.000000 -12.948408 -31.245553 20.438516 -2.302682 -44.146630 -1.539560 57.798853 -25.515197 -10.895082 0.000000 0.000000 0.000000 22.734341 24.194428 1.733543 52.051389 3.503469 -0.744090 -17.264856 84.468840 -24.281010 0.000000 0.000000 0.000000 
-0.915172 0.856693 -0.987262 -1.592267 -52.975635 15.185724 13.967380 12.596719 -37.929037 -9.364356 15.833669 44.237777 10.495172 18.910970 3.337749 0.000000 0.000000 0.000000 -18.594209 10.094281 -49.639075 20.190427 0.380762 29.444450 1.655171 -9.532344 14.371145 0.000000 0.000000 0.000000 9.198082 5.385628 46.929215 8.283003 -2.994949 -2.295644 -11.575567 -9.236519 8.293072 3.106683 -2.947106 -24.056088 0.000000 0.000000 0.000000 -11.679193 -32.098729 20.112806 -0.101179 -43.850836 -2.066853 59.730324 -22.297445 -9.665497 0.000000 0.000000 0.000000 21.684124 23.908047 2.130542 52.156976 4.006886 -0.909565 -24.561913 80.681839 -28.528833 0.000000 0.000000 0.000000 
-0.920351 0.856252 -0.993577 -0.647639 -51.659859 15.628435 14.344147 12.620267 -38.400802 -11.165484 15.760197 42.266748 10.283049 18.611293 2.907303 0.000000 0.000000 0.000000 -19.538917 10.162737 -51.524270 20.507222 0.015275 30.483171 0.974370 -11.148105 14.947254 0.000000 0.000000 0.000000 9.755749 5.232187 48.211605 9.005553 -3.266729 -3.049617 -11.746580 -8.547561 8.358566 2.949107 -2.780730 -22.720730 0.000000 0.000000 0.000000 -9.890503 -31.732667 18.744398 1.232174 -43.600530 -2.326098 63.468676 -21.131130 -9.551298 0.000000 0.000000 0.000000 21.750815 22.878712 2.249865 51.362227 3.560051 -1.243374 -21.566315 76.523554 -23.116640 0.000000 0.000000 0.000000 
-0.924906 0.854813 -0.998926 0.321870 -50.258885 15.704988 14.624486 12.515981 -38.689089 -12.684127 15.698776 40.648045 9.978730 18.218981 2.247041 0.000000 0.000000 0.000000 -20.539536 9.911604 -52.513426 21.075728 -0.381642 30.795027 0.203091 -12.476022 14.734197 0.000000 0.000000 0.000000 11.042430 4.786964 49.629457 8.895904 -3.271252 -4.047496 -11.902523 -7.687044 9.020120 3.698967 -2.986396 -23.396068 0.000000 0.000000 0.000000 -8.301184 -32.384047 18.041785 2.201814 -42.939811 -2.492254 67.591521 -20.183993 -9.698432 0.000000 0.000000 0.000000 20.611487 22.065682 2.581010 52.496462 4.116564 -1.528809 -22.067124 72.576128 -21.291508 0.000000 0.000000 0.000000 
-0.927673 0.848372 -1.003501 1.283341 -49.014198 15.576135 14.641789 12.632448 -39.734052 -13.427773 15.872627 40.883982 9.540303 17.697528 0.818908 0.000000 0.000000 0.000000 -21.975332 9.812216 -54.606845 22.253880 -0.998773 32.920775 -0.894807 -14.325793 14.414541 0.000000 0.000000 0.000000 11.393190 4.738820 51.087509 9.199513 -3.390144 -5.011213 -11.702052 -6.413599 10.033214 3.948152 -2.865402 -24.598083 0.000000 0.000000 0.000000 -5.014480 -32.017074 16.001957 1.946247 -42.429374 -2.227981 72.833468 -18.813840 -9.459639 0.000000 0.000000 0.000000 19.563171 21.390291 3.113153 53.001580 5.914963 -1.260424 -23.918195 69.398074 -20.600183 0.000000 0.000000 0.000000 
-0.928306 0.837765 -1.006793 2.140938 -47.661337 15.472185 14.238293 12.824046 -41.518752 -13.399419 16.025821 42.499903 9.008631 17.096770 -1.684727 0.000000 0.000000 0.000000 -24.147825 9.441992 -56.813037 24.442193 -2.038545 34.899390 -2.294725 -16.583787 13.522165 0.000000 0.000000 0.000000 12.231919 4.558125 53.090373 9.366887 -3.448301 -6.057213 -11.877602 -5.641937 10.736553 4.742683 -3.077131 -24.763096 0.000000 0.000000 0.000000 -3.530743 -32.959215 15.525619 3.685250 -39.700518 -2.515490 76.249357 -16.219469 -8.307406 0.000000 0.000000 0.000000 18.134350 21.697386 4.113170 54.466923 7.554013 -1.097555 -28.116237 66.404809 -21.619189 0.000000 0.000000 0.000000 
-0.927422 0.825127 -1.008787 2.827679 -46.459703 15.865228 13.632846 13.292837 -44.125871 -13.156253 16.241034 44.925190 8.531319 16.437402 -4.323069 0.000000 0.000000 0.000000 -26.461062 9.086672 -59.711622 26.360018 -3.298709 37.241733 -3.648232 -18.952519 12.637274 0.000000 0.000000 0.000000 13.069382 4.377885 55.289220 9.732745 -3.551710 -6.859611 -12.021710 -5.219178 11.012225 4.828165 -2.826014 -26.015301 0.000000 0.000000 0.000000 -1.748791 -33.832550 14.993434 4.774225 -37.164690 -2.565604 78.640066 -13.658381 -6.770249 0.000000 0.000000 0.000000 15.776481 21.517029 4.775091 56.299241 9.765646 -0.652768 -31.405498 64.747856 -22.668825 0.000000 0.000000 0.000000 
-0.926266 0.813685 -1.009448 3.914708 -45.148612 15.948542 12.393531 13.098380 -46.442055 -12.682294 16.059268 46.770245 8.263921 16.167129 -7.182784 0.000000 0.000000 0.000000 -29.013000 8.183057 -61.215114 28.229341 -4.517323 37.871341 -4.829365 -20.944256 10.412813 0.000000 0.000000 0.000000 14.318738 3.833922 57.193188 10.058708 -3.604731 -8.029804 -12.519446 -5.550490 12.224434 5.369212 -2.922952 -27.320069 0.000000 0.000000 0.000000 1.657962 -34.588320 13.788099 4.307105 -35.038747 -2.195399 77.845563 -9.741958 -3.536483 0.000000 0.000000 0.000000 13.814787 22.168163 5.456345 57.854808 12.205241 0.035618 -36.215921 64.390443 -25.517382 0.000000 0.000000 0.000000 
-0.925749 0.805105 -1.009011 4.143031 -44.209369 16.991507 12.005836 13.697347 -49.088944 -12.757458 16.239282 48.826189 7.985181 15.469408 -8.133344 0.000000 0.000000 0.000000 -31.406447 7.332676 -62.833695 30.512433 -5.851734 37.619854 -5.707648 -22.722248 9.705393 0.000000 0.000000 0.000000 14.714251 3.562281 58.487515 10.818585 -3.820218 -8.271871 -12.298102 -4.975829 11.977907 5.694481 -2.838273 -27.699317 0.000000 0.000000 0.000000 1.523706 -35.442252 14.162468 6.299591 -32.781931 -2.473083 75.793836 -6.812268 -1.609052 0.000000 0.000000 0.000000 11.485409 21.639842 5.794052 58.936488 14.369036 0.705219 -38.782087 64.492818 -26.744150 0.000000 0.000000 0.000000 
-0.926110 0.800794 -1.007630 4.323021 -43.705922 17.477148 11.701146 13.842432 -50.243004 -12.746866 16.264014 49.690275 7.877001 15.217436 -8.910362 0.000000 0.000000 0.000000 -32.480288 6.901258 -63.431901 31.430708 -6.416437 37.505140 -6.117178 -23.621634 8.823841 0.000000 0.000000 0.000000 14.888622 3.534975 59.577335 11.322434 -3.989166 -8.182645 -12.475606 -4.724228 12.046206 6.234631 -3.001815 -27.507085 0.000000 0.000000 0.000000 3.587471 -35.946908 13.445199 5.649402 -31.126935 -2.198360 74.104688 -5.085994 -0.316704 0.000000 0.000000 0.000000 10.540821 22.430134 6.430394 59.023990 16.105815 1.447998 -44.053306 65.161834 -30.379227 0.000000 0.000000 0.000000 
-0.927018 0.798678 -1.005658 3.950283 -43.142350 18.576629 11.486215 14.124168 -51.672449 -12.439250 15.960950 50.566124 7.747751 14.859235 -9.040165 0.000000 0.000000 0.000000 -32.883167 6.608948 -63.655048 31.865164 -6.629675 36.708703 -6.380124 -24.409259 7.624510 0.000000 0.000000 0.000000 14.829616 3.428610 59.967498 11.933413 -4.158216 -8.278016 -12.608960 -4.085197 11.902944 7.021354 -3.286421 -27.076681 0.000000 0.000000 0.000000 2.612557 -36.655258 14.120443 6.338565 -30.193898 -2.318154 72.577417 -3.959764 0.215282 0.000000 0.000000 0.000000 9.557205 21.788690 6.439693 59.581846 18.428060 2.483705 -46.843633 66.539005 -32.713069 0.000000 0.000000 0.000000 
-0.928126 0.799711 -1.003017 3.583850 -43.063993 19.549651 11.448377 14.323859 -52.275603 -12.452204 15.792033 50.479771 7.756500 14.845562 -8.777768 0.000000 0.000000 0.000000 -33.075001 6.500044 -63.387047 32.090921 -6.482401 35.268250 -6.382336 -24.669680 6.812010 0.000000 0.000000 0.000000 14.943185 3.355761 60.139676 11.770727 -4.098398 -8.242444 -12.602637 -3.673345 11.858461 7.009732 -3.282835 -26.542554 0.000000 0.000000 0.000000 1.687060 -36.684354 14.511362 6.337335 -29.907866 -2.352483 72.650797 -5.146909 -0.706362 0.000000 0.000000 0.000000 9.146661 21.786682 6.582240 59.253276 19.784361 3.100026 -51.300966 67.081759 -36.045457 0.000000 0.000000 0.000000 
-0.929038 0.801964 -0.999877 3.423861 -42.520397 20.097085 10.612706 13.911792 -53.218329 -11.257146 14.887747 51.119460 7.663268 14.634464 -8.042727 0.000000 0.000000 0.000000 -33.110857 6.292996 -63.359098 31.991450 -6.553516 35.142186 -6.450582 -24.796496 7.687137 0.000000 0.000000 0.000000 15.229945 2.995395 60.069197 11.715637 -4.132562 -7.575695 -12.992680 -3.696801 11.465128 7.599469 -3.413831 -27.197904 0.000000 0.000000 0.000000 0.028132 -36.513102 15.160580 5.413075 -29.772394 -2.286173 74.135910 -7.485338 -2.399864 0.000000 0.000000 0.000000 9.160417 21.548973 6.558153 58.470687 21.208074 3.792361 -54.467717 67.452818 -38.522698 0.000000 0.000000 0.000000 
-0.929801 0.806016 -0.996139 3.001607 -42.040036 20.851494 10.296973 13.705424 -53.684700 -10.748186 14.285032 51.010632 7.561177 14.393773 -7.081853 0.000000 0.000000 0.000000 -33.255947 6.056047 -62.896461 32.348121 -6.541878 34.000239 -6.494591 -24.815626 9.073427 0.000000 0.000000 0.000000 15.387494 2.674429 59.797056 10.928894 -3.852931 -7.806693 -12.779411 -2.927629 11.649778 7.999988 -3.450201 -27.738924 0.000000 0.000000 0.000000 -2.469291 -36.794066 16.272913 3.824481 -30.731848 -2.254507 77.490542 -11.530379 -5.701643 0.000000 0.000000 0.000000 8.913580 20.453402 6.245430 56.985736 21.975918 4.001058 -57.145574 67.991478 -40.603364 0.000000 0.000000 0.000000 
-0.930502 0.810252 -0.992058 2.737054 -41.391876 20.573894 9.994916 13.173018 -53.517800 -9.794641 13.668535 51.510870 7.325998 13.900306 -5.851632 0.000000 0.000000 0.000000 -32.478729 5.947279 -61.352237 31.987766 -6.207389 33.464609 -6.414108 -24.412556 9.319771 0.000000 0.000000 0.000000 15.168066 2.585248 59.862425 10.699827 -3.801156 -7.596936 -13.114994 -2.334323 11.657768 8.956882 -3.880387 -27.216203 0.000000 0.000000 0.000000 -6.246266 -36.910977 17.765045 1.954362 -31.814273 -2.192371 80.975549 -17.716195 -11.238746 0.000000 0.000000 0.000000 10.238664 20.045972 6.220478 54.518268 21.248773 3.601314 -61.112637 67.955572 -43.284444 0.000000 0.000000 0.000000 
-0.931165 0.813870 -0.987935 2.393877 -40.667131 21.030235 9.527636 12.688453 -53.854246 -8.973254 12.876234 51.562647 7.181651 13.621309 -5.179043 0.000000 0.000000 0.000000 -32.039463 5.784523 -60.742782 31.587578 -6.079045 33.112335 -6.420354 -24.337763 10.062747 0.000000 0.000000 0.000000 14.687729 2.418203 59.087470 9.760503 -3.554420 -6.510533 -13.043267 -1.998256 10.838188 9.533944 -4.081848 -27.001958 0.000000 0.000000 0.000000 -9.599544 -37.034322 19.230969 -0.603360 -33.142159 -1.961964 85.993528 -24.032371 -17.762693 0.000000 0.000000 0.000000 11.566015 19.675727 6.137016 52.485146 21.120794 3.554336 -61.385344 67.491237 -42.956147 0.000000 0.000000 0.000000 
-0.931511 0.815469 -0.984366 2.552058 -39.469551 20.722041 8.439164 11.524371 -53.916856 -7.506133 11.641522 51.749690 7.022955 13.377010 -5.595044 0.000000 0.000000 0.000000 -32.084377 5.283243 -59.484976 31.786821 -6.144496 32.635071 -6.655773 -24.541987 10.027853 0.000000 0.000000 0.000000 14.551732 2.074908 58.993482 9.483846 -3.439870 -6.906141 -13.676444 -1.624966 11.214533 10.468333 -4.418965 -27.273425 0.000000 0.000000 0.000000 -12.556669 -36.709097 20.147162 -3.115532 -35.132833 -1.685163 88.214629 -30.374165 -24.283481 0.000000 0.000000 0.000000 12.410036 18.636482 5.801894 51.556231 20.584568 3.243950 -64.268210 68.007744 -45.280015 0.000000 0.000000 0.000000 
-0.931174 0.814290 -0.982047 2.140842 -38.809922 20.178892 8.409624 11.044533 -53.357950 -6.627954 11.141994 52.338103 6.885328 13.151194 -6.632621 0.000000 0.000000 0.000000 -31.338114 5.275017 -59.453162 31.683954 -6.470875 34.553395 -6.800586 -24.498597 11.010183 0.000000 0.000000 0.000000 14.016774 2.158190 59.128090 8.845998 -3.272530 -6.223436 -13.873119 -1.932054 10.631715 10.718321 -4.585093 -26.713841 0.000000 0.000000 0.000000 -15.244461 -36.426950 21.093964 -5.567608 -36.966891 -1.286685 89.048590 -34.481735 -28.353026 0.000000 0.000000 0.000000 14.859283 18.156593 5.523945 50.002341 19.755125 3.002121 -66.984454 68.950897 -48.173598 0.000000 0.000000 0.000000 
-0.929829 0.811193 -0.981478 1.760706 -38.294547 18.915567 7.967561 10.207949 -52.197052 -4.816180 10.182739 53.104304 6.820158 13.154293 -8.884281 0.000000 0.000000 0.000000 -29.519885 5.620501 -58.771557 30.337029 -6.225116 37.076342 -6.830001 -24.345878 9.686261 0.000000 0.000000 0.000000 13.186331 2.505887 59.158705 9.315161 -3.498196 -5.432835 -14.798369 -1.732880 10.053546 10.726362 -4.588161 -26.274981 0.000000 0.000000 0.000000 -16.854150 -36.703996 21.637229 -8.439258 -37.140798 -0.658007 87.257375 -36.828523 -29.779409 0.000000 0.000000 0.000000 18.097275 18.356334 5.716066 48.261037 18.083277 2.462924 -71.598804 68.871361 -51.620945 0.000000 0.000000 0.000000 
-0.927465 0.807100 -0.982842 0.764070 -38.009082 18.337787 8.175333 10.085357 -51.693276 -3.409224 9.499239 54.264926 6.708360 12.954282 -10.730798 0.000000 0.000000 0.000000 -28.147149 5.971775 -58.977707 30.091261 -6.384451 39.282187 -6.971587 -24.347817 10.165613 0.000000 0.000000 0.000000 11.987439 2.949944 58.481179 8.358706 -3.202645 -4.658887 -14.076345 -2.773510 9.797930 9.563769 -4.404568 -24.675146 0.000000 0.000000 0.000000 -18.187811 -36.194109 22.207324 -10.503966 -37.571876 -0.221978 84.394162 -36.986554 -28.334145 0.000000 0.000000 0.000000 20.363414 19.194592 5.736496 47.282997 16.767335 2.172943 -74.849610 69.755292 -55.633112 0.000000 0.000000 0.000000 
-0.924353 0.806549 -0.985044 -0.035655 -38.063088 17.041022 8.728051 9.698177 -49.402612 -2.771899 9.259881 53.624911 6.712069 13.246266 -13.052558 0.000000 0.000000 0.000000 -26.143574 6.417046 -57.316566 29.084926 -5.680330 39.926565 -6.777345 -23.741894 8.833555 0.000000 0.000000 0.000000 10.690894 3.624833 57.925281 8.650167 -3.384336 -3.307642 -14.465963 -2.891926 8.812035 9.820891 -4.748005 -23.108087 0.000000 0.000000 0.000000 -21.313087 -36.010962 23.331127 -11.662183 -36.706524 -0.072599 80.414118 -38.591617 -28.033711 0.000000 0.000000 0.000000 24.188185 19.845420 6.000347 45.578271 15.672274 2.029461 -76.963369 70.136065 -57.725867 0.000000 0.000000 0.000000 
-0.920904 0.809601 -0.987500 -1.075185 -38.420587 15.615777 9.806022 9.446434 -46.474128 -2.686424 9.369146 52.418871 6.705616 13.599051 -14.237670 0.000000 0.000000 0.000000 -24.119589 6.897975 -55.900541 28.423154 -5.120917 40.913556 -6.339605 -22.597782 10.658274 0.000000 0.000000 0.000000 9.624269 4.053437 56.774247 8.593827 -3.431053 -1.593266 -14.643584 -3.039862 7.139165 9.548172 -5.006421 -20.057347 0.000000 0.000000 0.000000 -25.740884 -33.658949 23.548792 -14.644751 -34.765158 0.301242 75.447481 -42.879301 -29.160801 0.000000 0.000000 0.000000 28.867779 20.067199 6.016078 42.537155 12.569321 1.256049 -78.501456 72.088692 -60.732063 0.000000 0.000000 0.000000 
-0.917059 0.817997 -0.990376 -1.915298 -38.947289 13.736032 10.458614 8.436736 -41.942350 -2.632047 9.072582 48.939971 6.806243 14.780984 -15.461378 0.000000 0.000000 0.000000 -20.846737 7.357974 -52.573993 25.730344 -3.436287 40.515483 -5.401373 -20.558967 10.506488 0.000000 0.000000 0.000000 8.263332 4.452191 54.636985 8.209418 -3.296907 -0.692565 -14.957906 -1.901490 7.031622 10.732333 -5.976503 -18.014684 0.000000 0.000000 0.000000 -29.154351 -31.806255 23.233993 -19.109337 -32.041179 0.751665 69.960947 -47.415878 -29.812976 0.000000 0.000000 0.000000 33.527671 19.838747 6.105256 41.286737 9.769121 0.447416 -76.095220 73.332384 -59.253788 0.000000 0.000000 0.000000 
-0.912892 0.829957 -0.994938 -2.314182 -39.175104 11.398708 10.666084 7.142415 -37.588566 -2.591951 8.495870 45.382591 6.940468 15.780736 -14.275898 0.000000 0.000000 0.000000 -17.888330 7.410373 -49.302854 22.883241 -1.985021 40.342807 -4.143663 -18.266325 12.802999 0.000000 0.000000 0.000000 6.662873 4.678817 52.063922 7.232254 -2.923012 0.631763 -14.045032 -1.372007 6.927474 10.672800 -6.222497 -16.649295 0.000000 0.000000 0.000000 -33.418289 -28.298752 22.253117 -22.929765 -27.799013 0.520479 63.805805 -53.839265 -30.816616 0.000000 0.000000 0.000000 35.752010 19.063290 5.389492 41.364989 6.984563 -0.325139 -70.056315 74.750446 -55.191484 0.000000 0.000000 0.000000 
-0.908260 0.843867 -1.002949 -2.671866 -39.562669 9.281818 10.240212 5.684943 -33.060857 -1.978830 7.171435 40.581646 7.274436 17.276103 -12.471055 0.000000 0.000000 0.000000 -15.078781 7.195287 -45.365623 19.872921 -0.588763 38.132111 -2.587783 -15.769655 14.379964 0.000000 0.000000 0.000000 5.159323 4.640744 48.581839 6.520040 -2.617271 1.307165 -14.369019 0.536327 8.042678 11.961684 -6.970833 -17.218857 0.000000 0.000000 0.000000 -34.309857 -25.447190 19.963580 -27.189086 -23.808892 0.188043 56.250312 -57.582535 -28.572627 0.000000 0.000000 0.000000 38.642695 17.996477 4.919147 41.476836 4.989341 -1.093463 -61.981914 73.972395 -47.175200 0.000000 0.000000 0.000000 
-0.903646 0.858885 -1.015236 -2.788433 -38.259330 7.895245 9.185252 4.119754 -29.658992 -0.907292 4.917787 34.753454 7.532562 17.803399 -9.554598 0.000000 0.000000 0.000000 -13.349762 6.472584 -42.010233 17.481819 -0.075515 34.879691 -1.390834 -14.447496 17.116815 0.000000 0.000000 0.000000 3.512962 4.153039 44.840206 5.267352 -2.092273 1.551974 -12.966949 1.566928 9.038068 12.491589 -7.181667 -18.252589 0.000000 0.000000 0.000000 -33.976245 -22.655952 17.740650 -30.471479 -20.572401 -0.371099 47.652328 -61.014495 -24.876815 0.000000 0.000000 0.000000 39.952313 16.035598 3.325623 41.881968 2.700746 -1.897540 -43.267089 74.042642 -31.858321 0.000000 0.000000 0.000000 
-0.899757 0.873715 -1.030998 -3.258193 -38.426325 6.930152 8.791847 3.291445 -26.412429 0.241332 3.219116 29.248874 8.239552 18.467013 -4.929801 0.000000 0.000000 0.000000 -10.972829 6.090440 -38.563208 14.721474 0.489952 30.323185 0.409075 -12.526251 19.257607 0.000000 0.000000 0.000000 1.795142 4.108754 41.494036 4.232431 -1.684329 0.642022 -11.890868 3.877688 11.328883 14.089605 -7.518188 -21.801935 0.000000 0.000000 0.000000 -32.451058 -21.181981 16.092092 -33.140882 -18.310486 -0.909634 40.773980 -61.257709 -20.497576 0.000000 0.000000 0.000000 41.288660 14.590265 2.417833 43.067659 2.459249 -2.277240 -34.204666 71.460247 -23.358926 0.000000 0.000000 0.000000 
-0.898245 0.890181 -1.048621 -3.915290 -38.025157 6.581192 8.813464 2.770486 -23.980477 1.490691 1.678107 23.964466 8.852524 17.844983 1.346904 0.000000 0.000000 0.000000 -8.481857 5.955764 -36.531381 12.120441 0.795092 27.129168 2.098170 -11.682219 23.430837 0.000000 0.000000 0.000000 0.074510 3.808422 37.769698 4.104924 -1.584522 1.315027 -11.638305 4.311031 11.031551 14.238242 -7.408644 -22.632496 0.000000 0.000000 0.000000 -29.948550 -18.975588 13.956066 -35.392872 -16.236326 -1.351271 35.865843 -61.051614 -17.163403 0.000000 0.000000 0.000000 42.058286 12.976286 0.880795 43.908969 0.726346 -2.841540 -24.105558 70.397194 -15.719068 0.000000 0.000000 0.000000 
-0.899890 0.905670 -1.066176 -5.063917 -38.737093 6.348058 9.461238 2.442268 -20.261005 2.902898 0.407338 17.736135 9.761750 17.669471 7.644891 0.000000 0.000000 0.000000 -5.669412 5.813874 -33.861125 10.219294 0.800118 22.241956 -0.116352 -15.643924 24.016281 0.000000 0.000000 0.000000 -0.859069 3.515592 34.592410 3.051409 -1.223543 -0.358419 -11.112758 5.791721 12.625646 14.879884 -7.425931 -24.899962 0.000000 0.000000 0.000000 -27.591956 -17.361427 12.564136 -37.580306 -15.216469 -1.733798 28.703850 -58.165646 -11.868722 0.000000 0.000000 0.000000 41.513537 10.859351 -1.118200 47.419871 -0.095190 -3.528212 -12.543087 68.305287 -7.430392 0.000000 0.000000 0.000000 
-0.904080 0.920474 -1.082079 -6.305642 -39.266860 5.573218 10.638672 2.252337 -16.179191 3.913538 -0.339233 12.458990 10.193012 16.712646 13.676912 0.000000 0.000000 0.000000 -3.551010 5.429676 -31.189351 10.467491 0.594665 19.610389 -2.770842 -19.352640 24.638812 0.000000 0.000000 0.000000 -0.999651 2.902180 31.475178 1.856634 -0.762344 -0.850598 -9.845016 6.199938 13.690467 13.812652 -7.037369 -25.006192 0.000000 0.000000 0.000000 -27.309583 -15.423942 11.663197 -37.257022 -15.399739 -1.865567 24.014391 -54.614780 -8.464451 0.000000 0.000000 0.000000 40.900336 8.811040 -3.433222 49.500134 -1.287970 -4.091477 -4.952686 65.717146 -2.587208 0.000000 0.000000 0.000000 
-0.911193 0.929434 -1.095691 -7.069579 -40.579610 5.271770 11.933570 2.241982 -12.233731 4.198362 -0.640273 7.031406 10.832202 16.480438 18.240182 0.000000 0.000000 0.000000 -3.996541 4.867957 -29.185158 12.918062 0.386482 18.873293 -8.581355 -25.993377 22.790013 0.000000 0.000000 0.000000 -1.335316 2.433650 28.211983 1.281883 -0.578624 -1.669514 -9.459415 7.317959 13.821249 14.328390 -7.502998 -24.540424 0.000000 0.000000 0.000000 -28.519573 -14.199684 11.401224 -35.849256 -13.595031 -2.535343 20.062460 -51.720937 -6.107182 0.000000 0.000000 0.000000 40.990143 5.922741 -6.170517 50.848839 -4.025164 -5.297829 6.502260 63.814877 4.297900 0.000000 0.000000 0.000000 
-0.921412 0.933353 -1.107241 -7.446180 -41.524371 4.227195 12.438827 2.061130 -8.403966 5.607634 -0.922445 3.021610 11.085534 16.124217 21.381477 0.000000 0.000000 0.000000 -5.622494 3.852045 -25.914838 13.900195 0.541937 21.155523 -12.130734 -29.377529 19.747256 0.000000 0.000000 0.000000 -1.524404 1.798144 24.315663 0.888377 -0.404977 -1.487194 -8.611365 7.293112 13.924417 12.296172 -7.076580 -22.077132 0.000000 0.000000 0.000000 -29.141223 -12.477162 10.929269 -35.677361 -13.174386 -2.840614 14.749906 -49.094286 -3.313415 0.000000 0.000000 0.000000 39.122064 3.432910 -8.481123 52.025916 -7.113430 -6.708567 16.635474 60.952229 9.473089 0.000000 0.000000 0.000000 
-0.935472 0.933783 -1.117643 -7.993751 -41.733761 2.479356 13.578253 2.077917 -3.903327 6.582270 -0.931154 -0.682240 10.683018 15.321378 23.175774 0.000000 0.000000 0.000000 -6.859567 2.725751 -20.964511 13.081439 0.842376 22.997348 -12.650645 -29.109379 17.952360 0.000000 0.000000 0.000000 -0.834349 1.082034 20.979208 0.868973 -0.433419 -1.646385 -8.745761 7.936765 14.735057 12.759759 -7.673759 -21.004089 0.000000 0.000000 0.000000 -29.777258 -11.028177 10.240830 -35.689168 -11.391341 -3.488702 11.893550 -48.618466 -1.984030 0.000000 0.000000 0.000000 37.846943 1.509664 -9.621062 53.475449 -10.053335 -8.511462 21.309604 59.118423 11.728033 0.000000 0.000000 0.000000 
-0.953243 0.931188 -1.128324 -8.314582 -41.178543 1.849489 14.331512 2.148646 -2.307733 8.285623 -1.022666 -2.002232 9.906789 14.199608 24.193762 0.000000 0.000000 0.000000 -8.838711 2.066455 -16.956737 10.829965 1.344153 25.122300 -11.513736 -27.524590 21.365807 0.000000 0.000000 0.000000 -0.378918 0.538717 17.644642 0.909987 -0.424770 -1.332560 -8.462220 8.133741 14.489200 13.015387 -8.129441 -19.100337 0.000000 0.000000 0.000000 -29.899731 -9.640483 9.302204 -36.613127 -10.941100 -3.667678 5.798484 -48.216712 0.761404 0.000000 0.000000 0.000000 36.391338 -1.142877 -11.034277 55.002393 -12.143072 -9.992865 25.414224 57.813723 13.592154 0.000000 0.000000 0.000000 
-0.973679 0.927153 -1.140744 -7.972891 -40.996949 0.949414 15.273559 2.273894 -0.409131 9.038699 -0.905360 -3.873016 9.247848 13.260507 25.395760 0.000000 0.000000 0.000000 -10.911441 1.750608 -13.020294 7.922448 1.901166 25.677977 -11.336963 -27.186995 31.264793 0.000000 0.000000 0.000000 -0.321195 0.295725 15.328075 0.691097 -0.328533 -1.219331 -7.823725 8.431831 14.614352 13.021370 -8.234067 -18.559605 0.000000 0.000000 0.000000 -30.376699 -8.709851 8.741858 -36.572804 -10.300437 -3.879996 2.895064 -49.218725 2.134587 0.000000 0.000000 0.000000 35.124958 -2.608721 -11.580662 56.375946 -13.134181 -10.982190 28.066190 56.294008 14.544133 0.000000 0.000000 0.000000 
-0.994737 0.922992 -1.155613 -7.205086 -40.992534 0.244050 15.743168 2.347970 0.498186 10.129328 -0.850749 -4.926758 8.634342 12.328747 27.012233 0.000000 0.000000 0.000000 -13.090324 1.808175 -10.543978 6.886088 2.027440 25.520896 -13.275589 -27.535680 44.670326 0.000000 0.000000 0.000000 -0.696732 0.256034 14.152768 0.725176 -0.355768 -1.315216 -7.866914 8.890453 13.769034 13.053235 -8.286972 -17.827047 0.000000 0.000000 0.000000 -30.648785 -7.725614 7.844532 -36.866376 -9.358267 -4.054625 -0.539036 -50.392190 3.787939 0.000000 0.000000 0.000000 34.426009 -2.616452 -11.097048 57.339113 -13.848982 -11.675556 28.315885 55.960860 14.662372 0.000000 0.000000 0.000000 
-1.015435 0.916574 -1.173453 -6.084515 -40.780004 0.160713 15.801310 2.399413 -1.031073 11.523922 -1.069224 -3.751444 8.048996 11.420791 28.193857 0.000000 0.000000 0.000000 -15.416351 2.087480 -9.708623 8.098282 1.493076 24.007722 -16.535751 -27.235507 57.376747 0.000000 0.000000 0.000000 -0.399382 0.113243 12.730703 0.498559 -0.174960 -0.582444 -8.391129 9.107596 12.796569 13.163948 -8.375362 -17.114755 0.000000 0.000000 0.000000 -31.181690 -7.900398 7.828672 -36.580403 -9.579053 -3.890865 -2.234379 -52.075593 4.721388 0.000000 0.000000 0.000000 35.724952 -1.721181 -10.731866 56.276669 -13.898979 -11.240340 27.919184 56.912356 14.836872 0.000000 0.000000 0.000000 
-1.035749 0.909935 -1.194836 -4.781360 -40.974321 -0.231172 16.412818 2.592387 -1.971752 11.865430 -1.145952 -3.241392 7.460886 10.593070 29.735542 0.000000 0.000000 0.000000 -15.439454 2.098231 -9.435737 8.171101 1.327837 22.875884 -22.160997 -26.296905 70.709538 0.000000 0.000000 0.000000 -0.338416 0.124610 12.924678 1.397978 -0.441934 0.512884 -10.242635 10.205548 11.784078 14.478932 -8.710712 -18.575250 0.000000 0.000000 0.000000 -30.192875 -9.382903 7.900445 -37.858210 -10.746211 -3.327267 0.807517 -52.937567 3.158978 0.000000 0.000000 0.000000 37.261593 -0.087851 -9.062302 55.327854 -11.467539 -9.979003 24.433943 58.216958 13.845449 0.000000 0.000000 0.000000 
-1.055725 0.901028 -1.219531 -3.685456 -39.889407 -0.230334 17.010802 2.879095 -4.921015 12.647384 -1.424435 -1.204577 6.131224 9.108149 30.668391 0.000000 0.000000 0.000000 -15.166857 2.029730 -10.203128 9.842860 1.036130 23.236640 -27.613770 -28.749151 71.588658 0.000000 0.000000 0.000000 -0.345626 0.257197 14.872073 1.121804 -0.255445 1.222877 -9.713582 9.446146 10.752530 14.648569 -8.517374 -19.260906 0.000000 0.000000 0.000000 -32.243778 -11.112976 9.235256 -36.613582 -12.742503 -2.667480 3.829224 -53.739331 1.534026 0.000000 0.000000 0.000000 36.870972 2.056738 -7.248714 54.411183 -9.512046 -8.805782 24.840376 61.012494 14.909014 0.000000 0.000000 0.000000 
-1.075808 0.894932 -1.246750 -2.777759 -39.844449 -0.094225 17.445241 3.148521 -6.512434 14.006499 -1.540296 -0.879300 4.948310 7.861717 33.117904 0.000000 0.000000 0.000000 -14.809950 2.006519 -10.758537 11.676090 0.663879 22.289970 -34.043202 -31.615719 72.042480 0.000000 0.000000 0.000000 0.491301 0.246133 16.226540 1.215448 -0.178100 2.211148 -10.383268 9.205026 10.787433 13.614890 -7.535797 -21.084197 0.000000 0.000000 0.000000 -31.559134 -12.130049 9.735796 -37.504321 -14.927641 -2.022229 8.835094 -55.446914 -0.919631 0.000000 0.000000 0.000000 34.875609 3.961503 -5.263581 56.117508 -7.441556 -8.381672 24.352940 64.602423 15.763627 0.000000 0.000000 0.000000 
-1.095997 0.889599 -1.275902 -2.514226 -39.374472 1.040192 18.380060 3.893067 -10.549445 15.189014 -1.940323 1.899627 3.218330 6.352529 35.185909 0.000000 0.000000 0.000000 -13.832648 2.020446 -14.174269 14.169516 0.503633 24.864067 -38.916460 -33.885626 73.952264 0.000000 0.000000 0.000000 0.828029 0.442474 19.050794 1.775132 -0.332997 3.080717 -10.124155 8.492637 9.424089 12.318383 -6.821377 -20.121422 0.000000 0.000000 0.000000 -33.558609 -13.641687 10.916734 -36.173388 -17.105561 -1.309284 13.986108 -55.831066 -3.793381 0.000000 0.000000 0.000000 34.871870 5.654727 -3.870815 53.953133 -4.896035 -6.718105 23.080849 67.828278 15.962820 0.000000 0.000000 0.000000 
-1.114107 0.889235 -1.304581 -2.079939 -40.093921 2.411971 18.560305 4.849095 -15.178072 16.833351 -2.479475 5.917747 1.637657 5.187938 37.875226 0.000000 0.000000 0.000000 -13.026619 2.300234 -17.967172 16.284032 0.391020 26.523169 -41.838347 -35.329867 75.481893 0.000000 0.000000 0.000000 0.644830 0.836617 21.847979 2.573809 -0.567497 3.934227 -10.350975 8.140429 8.731604 11.611644 -6.060350 -21.664088 0.000000 0.000000 0.000000 -33.198869 -14.776311 11.607583 -37.161069 -19.167450 -0.616602 23.115089 -57.140788 -8.701537 0.000000 0.000000 0.000000 33.538719 7.878599 -2.019577 53.856543 -2.502990 -5.630748 18.655473 73.160612 14.302242 0.000000 0.000000 0.000000 
-1.128941 0.887665 -1.330392 -2.572116 -41.534394 5.082668 19.755951 7.056227 -21.543219 17.343111 -2.987537 12.054771 0.032617 4.243830 39.675453 0.000000 0.000000 0.000000 -11.266717 3.076052 -23.607416 17.596471 0.554631 29.725263 -42.746412 -36.133839 77.119903 0.000000 0.000000 0.000000 1.098946 1.186776 24.522062 2.196745 -0.235588 4.660745 -10.016348 7.685592 6.910816 9.969694 -5.252552 -20.379651 0.000000 0.000000 0.000000 -33.196883 -15.947382 12.490725 -37.340193 -21.221166 0.126652 29.896815 -57.429788 -12.425859 0.000000 0.000000 0.000000 31.998218 9.946884 -0.499973 52.912710 -0.478332 -4.468480 14.999937 75.985832 11.979416 0.000000 0.000000 0.000000 
-1.139845 0.883709 -1.351576 -1.672107 -43.354588 6.751851 19.408424 9.482331 -28.362823 9.154498 -0.794824 24.931062 3.446402 6.606115 28.788423 0.000000 0.000000 0.000000 -11.233263 4.010970 -28.003581 18.795218 0.634248 31.119636 -45.665176 -38.026808 78.219659 0.000000 0.000000 0.000000 1.456830 1.920483 28.399862 1.646696 0.013377 4.122284 -10.374775 6.949843 5.494599 8.600550 -4.654119 -19.160509 0.000000 0.000000 0.000000 -34.059818 -18.570732 14.984931 -34.796283 -23.253390 0.490155 37.981009 -57.024795 -16.816105 0.000000 0.000000 0.000000 32.041075 11.000053 -0.160303 50.212646 2.221513 -2.782041 13.861325 79.596955 11.471882 0.000000 0.000000 0.000000 
-1.146010 0.872723 -1.367597 -1.665318 -44.865976 8.201640 18.033139 12.046806 -35.791322 4.037579 3.159148 37.694325 3.138474 6.098367 14.869043 0.000000 0.000000 0.000000 -11.529669 5.071785 -32.409117 21.396165 0.395355 33.948602 -48.966572 -39.944258 80.367917 0.000000 0.000000 0.000000 3.462586 2.508170 33.582690 1.024372 0.231143 3.429360 -12.074576 4.807255 3.962470 8.423344 -4.855047 -16.884566 0.000000 0.000000 0.000000 -34.139579 -20.738069 16.979490 -31.949920 -25.475391 0.863417 46.974468 -56.795398 -21.962608 0.000000 0.000000 0.000000 31.450232 12.294442 0.274699 49.715322 5.758875 -1.053444 -0.617583 82.386369 -1.087993 0.000000 0.000000 0.000000 
-1.148328 0.855087 -1.379472 -1.766284 -48.081965 9.440679 16.546103 14.393397 -40.640808 -0.721566 8.160332 45.741895 2.816373 5.270333 2.650181 0.000000 0.000000 0.000000 -12.194235 6.693581 -37.558433 24.477899 0.290196 38.037171 -53.473384 -42.710799 82.575446 0.000000 0.000000 0.000000 4.340552 4.151866 39.516873 1.063735 -0.022765 1.498124 -12.956491 3.033535 4.234731 8.309139 -5.180890 -15.037633 0.000000 0.000000 0.000000 -35.055138 -24.988329 21.402569 -26.954624 -28.722792 0.811215 55.265850 -50.667662 -23.644387 0.000000 0.000000 0.000000 31.715115 16.356002 2.213662 47.073411 8.335566 0.319051 -50.581524 84.014503 -47.004350 0.000000 0.000000 0.000000 
-1.147877 0.829427 -1.387848 -2.495455 -50.235490 9.843676 12.998483 15.100532 -45.337888 1.711811 8.213025 51.138475 1.585285 2.578961 -2.122042 0.000000 0.000000 0.000000 -11.678502 8.545080 -42.192263 26.944556 0.123597 44.373257 -59.425997 -44.785544 86.430310 0.000000 0.000000 0.000000 6.789328 5.581924 46.291673 1.547430 -0.383955 0.567501 -14.133201 -1.419656 3.654611 6.639050 -4.178499 -16.810883 0.000000 0.000000 0.000000 -33.006948 -29.101643 24.818987 -20.777679 -31.937163 0.548966 60.837330 -43.252057 -22.549087 0.000000 0.000000 0.000000 30.160071 19.876381 3.209766 46.717207 10.562537 1.678731 -85.236853 81.574140 -79.345443 0.000000 0.000000 0.000000 
-1.145510 0.796562 -1.391823 -4.322330 -53.554064 10.728761 11.105606 16.051041 -47.305132 6.086186 6.718003 54.593059 2.529721 3.775758 -9.474508 0.000000 0.000000 0.000000 -12.266018 10.159817 -45.542402 32.347887 -0.963339 48.262123 -73.190540 -49.951365 92.045535 0.000000 0.000000 0.000000 8.521063 7.552444 52.161955 1.895327 -0.792510 -1.775727 -14.276251 -4.169468 6.715475 5.039612 -3.451991 -19.724501 0.000000 0.000000 0.000000 -26.642189 -34.107916 26.323923 -13.726582 -34.992542 -0.086670 59.982744 -31.031002 -15.446763 0.000000 0.000000 0.000000 29.308961 26.201288 6.298183 46.231388 12.181776 2.419420 -98.575664 75.485293 -87.301083 0.000000 0.000000 0.000000 
-1.141667 0.762691 -1.390472 -7.633201 -55.916900 13.866625 7.646136 17.467893 -52.552126 15.642962 1.116962 60.736445 2.236823 1.696421 -16.207655 0.000000 0.000000 0.000000 -14.314997 12.134484 -50.523816 39.773242 -3.661375 50.749261 -84.680556 -51.285915 100.320585 0.000000 0.000000 0.000000 10.969594 9.065965 57.894594 3.879129 -1.653685 -2.761772 -14.768502 -8.970114 5.203849 2.223874 -2.035131 -20.597345 0.000000 0.000000 0.000000 -22.856533 -36.241906 26.733308 -4.088491 -33.696899 -1.552891 57.858309 -24.480740 -11.631899 0.000000 0.000000 0.000000 26.858769 29.237668 6.957882 48.406245 12.923509 3.152306 -104.650820 74.313984 -94.641074 0.000000 0.000000 0.000000 
-1.135562 0.733993 -1.383439 -10.646606 -58.698638 15.458392 5.367488 18.568756 -55.472858 23.323962 -3.571136 65.661303 2.202773 -0.255754 -20.542707 0.000000 0.000000 0.000000 -17.884355 13.063637 -53.930807 48.660647 -6.852063 50.955626 -86.470340 -48.923563 104.927933 0.000000 0.000000 0.000000 12.731308 10.351639 61.640054 4.516662 -1.966182 -3.770591 -14.142410 -12.183328 5.561937 -0.082731 -1.042818 -20.412842 0.000000 0.000000 0.000000 -19.525610 -38.077784 26.707870 1.392710 -32.085050 -2.159560 54.297210 -18.443550 -7.992447 0.000000 0.000000 0.000000 29.269222 31.846422 7.416016 47.343412 10.947510 3.083452 -104.043456 75.004840 -95.673057 0.000000 0.000000 0.000000 
-1.127836 0.716424 -1.370813 -14.148833 -60.844284 17.786303 3.193616 19.397126 -57.825840 29.505999 -7.717261 68.406678 2.140702 -1.893001 -22.174685 0.000000 0.000000 0.000000 -19.806225 14.014513 -56.163582 53.416136 -8.497812 51.110771 -83.082346 -46.476894 105.581052 0.000000 0.000000 0.000000 14.127387 11.413568 64.418840 6.120346 -2.601839 -5.607831 -14.824491 -12.934977 5.925791 -0.296344 -0.966710 -20.949735 0.000000 0.000000 0.000000 -18.587871 -40.148498 27.458333 6.847746 -31.819529 -2.904009 51.240220 -12.176257 -4.893183 0.000000 0.000000 0.000000 31.915254 32.112268 7.233510 46.638105 7.938091 2.365991 -99.140001 76.339780 -91.739070 0.000000 0.000000 0.000000 
-1.118760 0.711728 -1.353727 -15.960081 -62.466628 18.339265 2.395409 19.533532 -58.050171 31.630979 -8.796212 70.767543 2.314465 -1.781168 -21.803683 0.000000 0.000000 0.000000 -20.635014 13.795550 -55.386251 54.620822 -8.327441 51.314883 -81.243242 -46.905140 103.636112 0.000000 0.000000 0.000000 15.612286 11.642530 66.154283 6.351368 -2.725740 -6.713291 -15.037333 -14.580034 5.375109 -1.268299 -0.442221 -18.160899 0.000000 0.000000 0.000000 -20.332404 -40.518697 28.867624 9.920147 -31.764306 -3.416425 48.046199 -10.526168 -4.107845 0.000000 0.000000 0.000000 35.185712 31.900227 6.334719 44.298745 2.330927 0.961727 -80.832001 78.120117 -74.793031 0.000000 0.000000 0.000000 
-1.110429 0.719258 -1.334506 -16.593861 -63.890038 18.520621 3.802202 19.477488 -55.310167 28.823028 -5.339774 71.856238 3.197567 0.858963 -23.549400 0.000000 0.000000 0.000000 -21.090717 13.386491 -54.005042 53.042742 -7.106194 51.636178 -75.204046 -47.145033 98.868024 0.000000 0.000000 0.000000 16.053454 11.559834 65.495457 6.058591 -2.633945 -6.069919 -15.048861 -15.512047 5.171233 -1.327428 -0.523573 -18.503223 0.000000 0.000000 0.000000 -20.995099 -40.614812 29.685818 10.525654 -33.498896 -3.834858 45.649657 -8.313178 -3.099037 0.000000 0.000000 0.000000 36.478831 31.272011 4.812418 43.507357 -1.456370 0.082323 -53.353993 78.090549 -49.476901 0.000000 0.000000 0.000000 
-1.104760 0.734287 -1.316356 -16.410862 -65.185537 17.848578 5.697338 18.908868 -51.330859 24.962529 -0.605261 71.569740 3.820189 3.887850 -23.709458 0.000000 0.000000 0.000000 -20.980469 12.550248 -51.197594 50.355361 -4.983215 51.239213 -69.370604 -48.093395 93.256744 0.000000 0.000000 0.000000 15.090907 11.439580 62.789187 5.612441 -2.461566 -5.056561 -15.546418 -14.756400 4.663260 -0.945663 -0.712811 -17.155847 0.000000 0.000000 0.000000 -23.447365 -38.429258 29.844878 8.486174 -36.335818 -4.085729 44.259368 -11.834464 -4.372212 0.000000 0.000000 0.000000 38.076102 29.048023 2.566941 41.977421 -5.614205 -1.057923 -29.826238 76.780988 -27.977353 0.000000 0.000000 0.000000 
-1.102363 0.753262 -1.302443 -15.902035 -65.834800 15.662705 8.559484 17.844817 -45.953549 20.708230 4.402952 70.315830 4.095636 6.119623 -21.911527 0.000000 0.000000 0.000000 -19.180637 10.971155 -46.007982 46.350994 -2.309121 50.670372 -63.734474 -48.809505 86.348601 0.000000 0.000000 0.000000 13.519673 10.651369 58.503694 3.169190 -1.371628 -1.859504 -14.315438 -13.282700 3.935628 0.192834 -1.302180 -15.387863 0.000000 0.000000 0.000000 -27.414971 -36.431701 30.853376 5.152809 -37.938277 -3.907267 42.619757 -16.138282 -5.853198 0.000000 0.000000 0.000000 39.200718 26.151494 0.012318 41.239547 -9.709432 -2.337930 -15.288395 73.703017 -14.777909 0.000000 0.000000 0.000000 
-1.102524 0.774266 -1.295340 -14.205999 -65.418844 13.439952 9.590116 15.578561 -41.520796 16.808986 7.815441 66.065077 4.428271 8.840581 -20.381436 0.000000 0.000000 0.000000 -17.683845 9.028463 -40.197139 40.820291 0.287373 47.226840 -62.535514 -51.621001 78.656990 0.000000 0.000000 0.000000 10.958790 9.756757 53.592530 1.941920 -0.395501 1.521690 -13.294501 -12.325912 2.174687 -0.127347 -0.941792 -13.601057 0.000000 0.000000 0.000000 -30.551582 -33.722309 30.949833 2.368918 -38.107993 -3.572458 40.705946 -21.903437 -7.574696 0.000000 0.000000 0.000000 38.505425 24.219516 -1.614248 41.929353 -12.159081 -3.213181 -5.379007 71.027250 -7.185712 0.000000 0.000000 0.000000 
-1.103310 0.796063 -1.296023 -11.582286 -65.337110 9.949417 11.037877 13.926889 -37.068694 12.087341 11.122241 61.590182 4.796341 10.763797 -16.527271 0.000000 0.000000 0.000000 -15.414047 7.345326 -34.657039 33.623501 2.488769 44.031632 -58.160903 -52.504766 68.959897 0.000000 0.000000 0.000000 8.043819 9.371395 49.403873 0.747503 0.360716 2.669027 -12.620173 -9.473255 3.399448 1.194437 -1.895832 -15.573669 0.000000 0.000000 0.000000 -29.950665 -31.710223 28.990832 -3.465922 -39.566297 -2.452158 38.631008 -26.601727 -8.447214 0.000000 0.000000 0.000000 39.794327 22.457945 -2.901608 41.239713 -12.731137 -3.383499 -3.986293 68.641531 -5.481058 0.000000 0.000000 0.000000 
-1.104236 0.818080 -1.303715 -8.563280 -63.836301 6.598467 11.944649 11.990983 -33.232859 6.565396 12.934652 55.073616 5.342316 12.522706 -12.851528 0.000000 0.000000 0.000000 -12.492437 5.775815 -29.727481 24.817614 3.844994 39.988628 -53.336014 -51.760980 60.148421 0.000000 0.000000 0.000000 4.978460 8.244602 44.301043 0.440502 1.009098 4.923922 -11.794249 -7.748402 2.641958 1.336467 -1.925545 -15.522967 0.000000 0.000000 0.000000 -30.208905 -29.163672 27.166853 -9.174380 -38.072038 -1.233400 37.436487 -31.826834 -9.563486 0.000000 0.000000 0.000000 39.600146 20.367663 -4.126183 40.633934 -13.132876 -3.520994 1.598137 65.103960 -1.392013 0.000000 0.000000 0.000000 
-1.105331 0.838384 -1.316737 -5.698315 -63.180793 3.615777 13.003397 10.731699 -29.695224 1.242876 14.113330 48.406618 6.138146 13.895813 -8.038687 0.000000 0.000000 0.000000 -10.176777 4.306254 -24.487472 16.774619 4.054755 32.937304 -49.347761 -50.664664 50.141756 0.000000 0.000000 0.000000 2.698713 7.260181 39.762269 -0.561778 1.612042 5.208465 -10.991077 -5.815336 4.396681 2.492011 -2.787834 -17.874459 0.000000 0.000000 0.000000 -30.078987 -27.730300 26.365818 -14.876997 -36.247294 -0.345143 36.512433 -35.160525 -10.113469 0.000000 0.000000 0.000000 39.707165 19.628702 -4.999189 41.147701 -13.507241 -3.742626 2.316352 62.516898 -0.902171 0.000000 0.000000 0.000000 
-1.107400 0.854535 -1.333569 -4.095111 -61.385061 1.933430 13.224483 9.531596 -27.683795 -1.508816 13.048000 42.914125 6.757699 14.237827 -3.495878 0.000000 0.000000 0.000000 -8.236831 3.331162 -20.945682 15.596046 6.403100 42.554745 -13.686502 -25.030866 -3.835743 0.000000 0.000000 0.000000 1.612353 5.595526 35.063054 -0.891036 1.829209 5.345001 -10.212649 -3.246935 5.605454 2.406758 -2.751473 -18.761028 0.000000 0.000000 0.000000 -30.998617 -24.896474 24.623138 -19.801817 -35.412106 0.254647 34.071275 -38.163241 -9.911272 0.000000 0.000000 0.000000 37.909056 15.994114 -6.647514 42.417722 -13.931148 -4.631784 9.091593 61.874838 3.005749 0.000000 0.000000 0.000000 
-1.110717 0.868490 -1.353996 -2.958304 -60.107388 -0.057426 13.291278 7.999222 -24.381337 -3.091715 11.175113 36.765328 7.611541 15.140363 0.302714 0.000000 0.000000 0.000000 -6.354711 2.330256 -16.505136 13.244637 7.856734 45.250095 -12.504127 -16.013207 -14.135497 0.000000 0.000000 0.000000 1.057564 4.122814 30.555722 -0.828853 1.988902 5.987017 -10.201426 -0.533099 6.618493 4.023731 -3.618620 -18.479664 0.000000 0.000000 0.000000 -31.848385 -23.476997 23.532178 -25.161739 -33.309625 0.688753 31.639001 -39.091355 -9.095758 0.000000 0.000000 0.000000 36.760564 13.423260 -7.296897 44.665491 -14.547533 -5.810907 14.618067 61.088751 6.141443 0.000000 0.000000 0.000000 
-1.113111 0.878285 -1.378132 -1.538998 -57.539801 -1.921210 12.639101 6.602018 -22.624042 -3.388600 8.724083 31.750257 8.004005 14.787000 4.091519 0.000000 0.000000 0.000000 -5.482993 1.587882 -12.242464 10.376729 7.092872 41.319700 -12.781815 -12.517753 -17.759638 0.000000 0.000000 0.000000 1.897002 2.681700 27.106350 -1.135025 2.252917 6.603949 -9.852276 1.819363 6.576068 5.301310 -4.125127 -18.322609 0.000000 0.000000 0.000000 -34.402273 -21.717026 22.390799 -28.328262 -30.423905 0.438771 27.214961 -40.551476 -7.783149 0.000000 0.000000 0.000000 37.289117 10.428979 -8.056061 45.665257 -14.838409 -6.619264 16.647882 60.356551 7.668011 0.000000 0.000000 0.000000 
-1.112458 0.886086 -1.405936 -1.707358 -55.320339 -2.328367 13.121042 5.874277 -20.391158 -3.901631 6.315007 25.456194 8.278403 14.218865 7.588058 0.000000 0.000000 0.000000 -3.940783 1.110610 -9.243440 9.037216 5.568956 36.013660 -13.035482 -11.726198 -18.216379 0.000000 0.000000 0.000000 3.328329 1.377811 23.313479 -1.327256 2.246602 6.274371 -10.165257 4.284553 8.134709 6.682888 -4.871199 -17.978673 0.000000 0.000000 0.000000 -35.118114 -20.677431 21.177431 -30.087099 -28.191156 0.114140 22.340177 -38.948589 -5.769511 0.000000 0.000000 0.000000 37.981110 8.756158 -8.352293 46.259361 -13.875634 -6.799723 17.665282 59.399508 8.513019 0.000000 0.000000 0.000000 
-1.107427 0.893829 -1.434984 -1.853114 -53.891112 -1.981740 14.031234 5.698498 -18.794786 -4.916267 4.513918 18.714738 8.609332 13.331519 12.433345 0.000000 0.000000 0.000000 -2.593614 0.988384 -9.123468 8.840419 4.640015 33.068038 -12.657625 -11.583062 -17.207332 0.000000 0.000000 0.000000 3.244635 0.831785 20.703085 -0.645931 2.128247 7.212150 -9.801760 7.070842 6.315288 7.684836 -4.861284 -19.563476 0.000000 0.000000 0.000000 -36.581870 -18.680499 18.441574 -32.648805 -24.584855 -0.169822 15.630071 -40.898793 -3.610614 0.000000 0.000000 0.000000 38.875565 7.467554 -7.391928 44.995785 -11.123031 -5.999731 17.395843 57.571447 8.790431 0.000000 0.000000 0.000000 
-1.098749 0.902670 -1.461927 -1.988148 -50.763072 -1.141162 14.403393 5.421562 -18.733041 -5.595471 3.085592 12.641332 7.230891 10.782213 14.725936 0.000000 0.000000 0.000000 -1.146202 0.943383 -9.449648 8.317775 3.622574 29.764492 -12.227438 -13.015868 -15.125220 0.000000 0.000000 0.000000 4.821544 0.021458 16.935264 -0.862103 2.258673 7.631159 -9.364221 7.550186 5.697053 6.986524 -4.162275 -20.512251 0.000000 0.000000 0.000000 -35.809651 -18.150624 17.105862 -35.799987 -22.019952 -0.390292 11.228673 -40.710135 -1.919509 0.000000 0.000000 0.000000 38.151292 5.107825 -8.129504 45.257728 -10.326954 -5.995558 20.472408 57.145198 10.465345 0.000000 0.000000 0.000000 
-1.087768 0.911547 -1.485162 -1.402619 -48.153977 -1.682227 13.829006 4.889844 -18.830607 -5.492649 2.259432 8.883602 6.673510 9.395755 19.592810 0.000000 0.000000 0.000000 -0.614805 0.774975 -8.228466 7.422965 2.584845 25.248182 -11.696537 -13.430708 -13.151371 0.000000 0.000000 0.000000 5.903537 -0.268851 15.521992 -0.853697 1.815193 6.250388 -9.220971 7.583085 6.383139 6.914048 -4.052204 -20.833857 0.000000 0.000000 0.000000 -36.410207 -15.908782 15.382889 -38.027093 -20.910536 -0.669401 7.451895 -40.494441 -0.435006 0.000000 0.000000 0.000000 38.196368 4.816915 -8.018116 44.172149 -9.184163 -5.529445 25.133967 58.571413 13.521847 0.000000 0.000000 0.000000 
-1.075386 0.921091 -1.504957 -1.055613 -46.569412 -1.101551 13.287042 4.211067 -17.748826 -5.339372 1.391747 2.181989 11.625806 14.155123 37.827143 0.000000 0.000000 0.000000 -0.538833 0.696921 -7.566207 6.901212 1.593458 19.795638 -10.684208 -12.873668 -10.704973 0.000000 0.000000 0.000000 6.714992 -0.478866 12.911615 -1.517650 1.729674 4.484330 -8.169792 8.354491 7.173853 6.711142 -4.078302 -19.482466 0.000000 0.000000 0.000000 -36.564136 -14.517867 14.264074 -39.133578 -18.442354 -1.417898 3.044330 -40.837583 1.221044 0.000000 0.000000 0.000000 36.625205 4.194975 -7.859649 44.690430 -9.655001 -5.985973 33.238501 59.123819 18.281814 0.000000 0.000000 0.000000 
-1.061658 0.927528 -1.522352 -0.512217 -45.123221 -0.872311 12.365026 3.367051 -15.915904 -4.813281 0.950442 -5.128428 40.424817 30.843999 94.841404 0.000000 0.000000 0.000000 -1.114906 0.645627 -6.794116 7.166596 0.842924 14.647045 -9.805193 -12.764078 -8.385010 0.000000 0.000000 0.000000 6.456736 -0.513711 10.908771 -1.487508 1.457901 3.353012 -7.943841 8.761873 7.681359 6.702854 -4.170948 -18.496897 0.000000 0.000000 0.000000 -35.789069 -13.690912 13.330134 -40.003715 -17.109472 -1.776720 0.058014 -39.310890 2.230321 0.000000 0.000000 0.000000 36.066134 3.326348 -8.121654 44.725938 -8.827057 -5.822699 39.232818 57.466302 21.043770 0.000000 0.000000 0.000000 
-1.046762 0.930825 -1.538044 0.030900 -43.569045 -1.350715 11.755890 2.569067 -12.789076 -6.985802 1.486944 -2.393566 77.074569 33.281437 119.352038 0.000000 0.000000 0.000000 -1.460726 0.620018 -6.316878 6.977306 0.523459 11.548827 -9.373374 -13.491707 -6.481640 0.000000 0.000000 0.000000 6.633958 -0.528781 9.789109 -1.823055 1.314539 1.880133 -7.908533 8.754647 8.588029 7.342251 -4.761630 -16.787011 0.000000 0.000000 0.000000 -35.182970 -12.741263 12.451146 -39.780893 -15.464556 -2.308642 -2.741763 -39.810835 3.287054 0.000000 0.000000 0.000000 36.289373 2.605685 -8.601651 44.041567 -9.021906 -5.854138 43.592244 56.550616 23.169104 0.000000 0.000000 0.000000 
-1.030383 0.931290 -1.552419 -0.281230 -43.188231 -0.960101 11.712628 2.240756 -10.436620 -8.212542 2.918442 7.793982 64.644729 35.067291 109.257657 0.000000 0.000000 0.000000 -1.497388 0.723706 -7.375961 7.207070 0.433014 10.485330 -8.960345 -13.773625 -5.102258 0.000000 0.000000 0.000000 6.485316 -0.511432 8.735951 -1.341540 1.051048 1.701209 -8.408839 8.649667 8.456879 7.302391 -4.755023 -16.683229 0.000000 0.000000 0.000000 -35.205828 -11.913666 11.846890 -39.156595 -14.739724 -2.531822 -3.303822 -40.293382 3.550584 0.000000 0.000000 0.000000 36.247208 2.367702 -8.758588 44.029422 -8.716085 -5.744289 44.786254 55.153168 23.118604 0.000000 0.000000 0.000000 
-1.012354 0.929473 -1.564988 -0.495726 -42.519268 -1.779831 10.570938 1.587731 -6.281605 -6.056788 4.788652 20.525280 20.481204 23.688360 50.193398 0.000000 0.000000 0.000000 -1.877174 0.694429 -6.888576 7.616366 0.312227 9.009060 -8.752812 -14.183355 -4.070673 0.000000 0.000000 0.000000 6.424915 -0.500373 8.669292 -1.997465 1.356607 1.762938 -7.766892 8.283221 8.701191 7.975755 -5.313841 -15.400397 0.000000 0.000000 0.000000 -34.549992 -12.635327 12.253013 -38.527118 -14.263821 -2.611909 -3.496418 -39.991236 3.525398 0.000000 0.000000 0.000000 36.839729 1.679131 -9.460675 43.808514 -8.745203 -5.680952 45.420932 54.290311 23.017917 0.000000 0.000000 0.000000 
-0.992004 0.926373 -1.575886 -2.054522 -42.879435 -1.519827 10.383799 1.441363 -1.547269 -4.410388 4.958505 23.608864 8.595954 14.215391 16.707810 0.000000 0.000000 0.000000 -1.223302 0.722716 -7.472509 7.804143 0.318189 8.929403 -8.320821 -13.951364 -3.163091 0.000000 0.000000 0.000000 6.885988 -0.499777 8.332672 -1.682085 0.983920 0.417349 -7.597997 8.280351 10.631611 9.885675 -6.847772 -14.173643 0.000000 0.000000 0.000000 -33.793008 -11.738312 11.992816 -39.147330 -14.709428 -2.746307 -1.516163 -39.982751 2.938125 0.000000 0.000000 0.000000 37.229780 2.777109 -9.297301 44.646182 -7.941980 -5.486820 39.627396 52.173670 18.860407 0.000000 0.000000 0.000000 
-0.968905 0.924110 -1.585914 -2.823920 -42.764030 -1.014214 9.613085 1.353089 1.997915 -4.598490 3.422494 17.283641 7.391854 14.958133 5.999872 0.000000 0.000000 0.000000 -0.914754 0.950238 -9.477573 7.111251 0.379173 9.753552 -8.027255 -14.354157 -1.928551 0.000000 0.000000 0.000000 5.975068 -0.466373 7.682572 -0.880007 0.759752 1.327797 -7.511633 7.808574 9.609814 10.659660 -7.281261 -14.051522 0.000000 0.000000 0.000000 -33.068188 -11.819928 11.887882 -40.238204 -13.448726 -3.034525 -0.861409 -41.347923 2.901551 0.000000 0.000000 0.000000 37.636261 2.693381 -9.551156 45.181402 -8.662897 -5.710118 34.802615 51.805009 16.262830 0.000000 0.000000 0.000000 
-0.943560 0.921788 -1.595971 -3.206967 -43.097823 -1.223656 9.103687 1.498339 5.458993 -5.549917 2.381888 9.919335 7.167640 16.507551 1.639539 0.000000 0.000000 0.000000 -0.971819 1.174934 -11.111857 6.318621 0.477700 10.575127 -7.489911 -14.295089 -0.567405 0.000000 0.000000 0.000000 4.743913 -0.429668 8.196110 -0.737002 0.638979 1.003546 -6.760077 7.557832 10.050537 11.811402 -7.935425 -14.955052 0.000000 0.000000 0.000000 -32.742594 -11.304587 11.757056 -40.090935 -13.475481 -3.112477 -1.397548 -42.577172 3.303535 0.000000 0.000000 0.000000 38.343733 2.714252 -10.119547 45.379936 -8.310346 -5.471096 30.050943 50.473975 13.438265 0.000000 0.000000 0.000000 
-0.917984 0.922220 -1.606792 -3.129747 -43.796069 -1.511341 8.396131 1.540358 6.474820 -6.388561 2.115663 5.895234 7.250725 17.308841 0.703206 0.000000 0.000000 0.000000 -1.501476 1.386129 -12.501342 5.728933 0.507411 10.323176 -6.430641 -13.767971 1.561019 0.000000 0.000000 0.000000 3.112348 -0.339299 8.833570 -0.191241 0.483725 1.575080 -6.615603 7.483699 9.179030 12.367706 -8.247856 -14.762000 0.000000 0.000000 0.000000 -32.659072 -11.172184 11.675123 -40.712868 -13.641854 -3.033687 0.728063 -42.678715 2.558288 0.000000 0.000000 0.000000 38.409498 3.307465 -9.803384 47.493130 -8.174011 -5.677682 22.528898 49.855453 9.721813 0.000000 0.000000 0.000000 
-0.895396 0.923908 -1.617815 -3.271845 -44.854597 -2.074111 7.853720 1.497782 6.056812 -6.742018 2.216439 5.433583 7.650327 18.187510 0.910336 0.000000 0.000000 0.000000 -2.027687 1.502806 -13.232152 5.884142 0.493340 9.876666 -5.148149 -13.004462 3.820839 0.000000 0.000000 0.000000 1.895156 -0.233324 9.453068 -0.456585 0.734690 2.300832 -5.659563 7.593416 9.240885 11.938127 -8.028883 -14.589052 0.000000 0.000000 0.000000 -32.239955 -10.874025 11.505068 -40.593402 -14.134605 -2.881253 1.392762 -43.315129 2.407700 0.000000 0.000000 0.000000 38.278797 3.974998 -9.518329 49.345120 -7.282645 -5.534160 16.872239 47.817184 6.711456 0.000000 0.000000 0.000000 
-0.877704 0.927198 -1.628490 -4.037120 -44.922107 -2.182575 7.971011 1.527978 6.115003 -6.623984 2.024200 4.170236 7.795630 18.047124 1.814571 0.000000 0.000000 0.000000 -2.539135 1.450134 -12.884985 7.130145 0.348945 8.059031 -4.169930 -13.096036 6.475748 0.000000 0.000000 0.000000 0.475826 -0.115940 9.301993 -0.364564 0.641356 2.056591 -3.972503 6.775127 10.226736 11.045209 -7.423719 -16.095190 0.000000 0.000000 0.000000 -33.267069 -9.780062 11.568430 -39.862328 -14.164967 -3.142106 3.783829 -43.204754 1.556016 0.000000 0.000000 0.000000 37.545068 4.825963 -9.452808 51.944074 -7.300530 -5.828551 11.100344 45.878866 3.812939 0.000000 0.000000 0.000000 
-0.865128 0.929607 -1.638465 -5.075399 -45.836685 -1.848823 8.940797 1.690334 6.224787 -7.370233 2.165456 3.140983 8.098121 18.200770 2.842335 0.000000 0.000000 0.000000 -3.242807 1.448385 -12.784539 9.671319 0.359705 6.524761 -3.236385 -12.982370 8.727742 0.000000 0.000000 0.000000 0.131845 -0.070024 9.588366 -0.207319 0.436349 1.149565 -3.051945 7.313596 10.720146 10.615924 -7.309910 -15.315163 0.000000 0.000000 0.000000 -33.559513 -9.014144 11.284953 -39.383573 -13.732462 -3.391344 2.606650 -42.546673 1.999193 0.000000 0.000000 0.000000 37.039846 4.044015 -10.050677 52.867148 -8.840490 -6.707118 12.234717 45.549448 4.151429 0.000000 0.000000 0.000000 
-0.856161 0.931853 -1.648354 -6.130025 -46.838510 -0.968274 9.755859 1.800636 5.808091 -7.623790 2.191204 2.366878 8.596246 18.634935 4.058194 0.000000 0.000000 0.000000 -4.489849 1.478473 -12.736032 13.428849 0.659992 4.309284 -2.520234 -13.270198 11.191335 0.000000 0.000000 0.000000 -0.092244 -0.061294 9.135064 -0.016656 0.384110 1.211032 -2.897377 7.462696 10.437296 10.203076 -7.037360 -15.578150 0.000000 0.000000 0.000000 -33.195418 -7.657344 10.309843 -39.437215 -12.959705 -3.582410 1.086605 -42.939172 2.660436 0.000000 0.000000 0.000000 35.549064 4.052804 -9.795425 54.893709 -9.456472 -7.472981 14.154137 45.527932 4.739978 0.000000 0.000000 0.000000 
-0.850081 0.932783 -1.658638 -7.160022 -47.765213 -0.090552 10.704998 1.933653 5.184916 -7.824157 2.263912 2.201198 9.026848 19.082500 4.844463 0.000000 0.000000 0.000000 -5.631345 1.420914 -11.739376 17.115287 1.452405 0.726196 -1.936837 -13.695462 13.778525 0.000000 0.000000 0.000000 0.777675 -0.157532 8.591559 -0.291970 0.546158 1.265530 -2.848522 7.630475 9.792516 9.801316 -7.027607 -13.312800 0.000000 0.000000 0.000000 -32.787026 -7.400158 10.130348 -40.236214 -12.344353 -3.747426 0.562998 -41.371306 2.744151 0.000000 0.000000 0.000000 34.956790 2.438202 -10.837684 55.470400 -10.112667 -7.947503 16.556689 46.756212 5.734361 0.000000 0.000000 0.000000 
-0.846472 0.932065 -1.670348 -7.301173 -48.803960 -0.218962 11.236154 2.058035 4.809439 -8.091221 2.412208 2.472820 9.419105 19.618669 5.336523 0.000000 0.000000 0.000000 -8.892799 1.535406 -9.855220 21.776498 2.093299 1.859317 -0.129865 -7.754983 8.884820 0.000000 0.000000 0.000000 1.126498 -0.189058 8.193713 -0.155966 0.500342 1.256689 -3.143253 8.027352 10.092714 10.573384 -7.512055 -13.703303 0.000000 0.000000 0.000000 -32.354894 -6.563487 9.511045 -40.610990 -11.996973 -3.865785 -0.204996 -40.232005 2.944916 0.000000 0.000000 0.000000 35.180171 2.272369 -11.165665 55.118112 -10.356427 -7.951272 19.052678 48.527959 6.994015 0.000000 0.000000 0.000000 
-0.845498 0.931436 -1.684306 -7.165442 -49.619637 0.035244 11.393916 2.099098 4.372844 -7.722413 2.224492 1.641459 9.964139 20.185513 6.347312 0.000000 0.000000 0.000000 -12.123507 1.932645 -8.491306 21.675005 1.034931 11.039937 -4.455202 -10.752585 2.592664 0.000000 0.000000 0.000000 1.287480 -0.201189 7.897775 -0.334979 0.523960 0.813135 -3.130210 8.064008 9.678137 10.575353 -7.632457 -12.575288 0.000000 0.000000 0.000000 -31.745391 -6.025833 9.165650 -40.875299 -10.399515 -4.316742 -3.087419 -39.076814 3.827980 0.000000 0.000000 0.000000 34.146420 1.314992 -11.664416 55.111214 -10.574182 -8.121424 24.870932 51.780498 10.049200 0.000000 0.000000 0.000000 
-0.846978 0.929919 -1.701788 -6.734618 -50.760655 0.212198 11.721770 2.166299 3.166504 -7.493427 2.227298 2.010194 10.661900 20.885708 7.447618 0.000000 0.000000 0.000000 -14.750241 2.467910 -6.848855 16.632126 0.764996 17.791140 -7.779437 -17.278968 5.110666 0.000000 0.000000 0.000000 2.207501 -0.269706 7.033359 -0.408419 0.756939 1.711154 -4.334245 8.097466 8.376270 11.501506 -8.161084 -12.369825 0.000000 0.000000 0.000000 -31.234322 -5.266853 8.462549 -41.131395 -9.410370 -4.508880 -5.269992 -38.307637 4.487558 0.000000 0.000000 0.000000 34.315112 1.569559 -11.564378 54.483845 -10.489111 -7.850952 32.402870 55.596567 14.782277 0.000000 0.000000 0.000000 
-0.851512 0.928151 -1.723352 -6.213173 -52.279347 0.302630 12.799094 2.445345 1.890899 -7.986703 2.507315 2.762601 11.381981 21.269259 9.019286 0.000000 0.000000 0.000000 -16.394984 2.966560 -5.420433 10.052892 1.463906 21.088504 -9.021822 -22.509216 17.148969 0.000000 0.000000 0.000000 3.324733 -0.317463 6.805107 -0.766418 1.092269 2.328325 -5.265693 8.618286 7.588489 11.648125 -8.139845 -13.003000 0.000000 0.000000 0.000000 -29.916984 -6.022095 8.561926 -42.172309 -9.421264 -4.339515 -5.714804 -36.598903 4.324611 0.000000 0.000000 0.000000 33.940024 1.568897 -11.268722 54.238349 -8.380883 -6.923129 39.271633 58.505689 19.651415 0.000000 0.000000 0.000000 
-0.860046 0.924953 -1.750198 -5.593647 -53.517412 0.006626 14.161702 2.859898 0.707407 -8.069576 2.714106 3.912140 11.897160 21.195261 10.627404 0.000000 0.000000 0.000000 -16.776282 3.256427 -3.835534 7.823410 1.503823 19.495708 -8.607691 -23.011270 22.983038 0.000000 0.000000 0.000000 3.347483 -0.315461 7.342350 -0.697662 1.012910 1.928145 -5.184626 9.121374 7.136239 11.999200 -8.266055 -13.462881 0.000000 0.000000 0.000000 -30.536449 -6.225199 8.929411 -41.407767 -9.331063 -4.406405 -5.523761 -35.616267 4.079807 0.000000 0.000000 0.000000 32.802284 1.951673 -10.681985 53.673184 -6.783014 -6.152214 50.195347 60.523587 26.940825 0.000000 0.000000 0.000000 
-0.872799 0.922194 -1.782168 -4.889480 -55.091450 -0.103433 15.586102 3.390355 0.034029 -7.628972 2.605753 3.934460 12.651685 20.907500 13.547852 0.000000 0.000000 0.000000 -16.293617 3.314019 -2.873731 6.844624 1.168918 15.951900 -5.614534 -19.761090 21.445711 0.000000 0.000000 0.000000 4.219091 -0.340365 6.846307 -1.646888 1.649965 2.557059 -5.279664 8.906470 6.614609 11.344962 -7.866793 -13.582875 0.000000 0.000000 0.000000 -29.631654 -4.999721 8.165882 -42.211787 -9.235749 -4.431185 -5.172149 -36.182343 4.159598 0.000000 0.000000 0.000000 31.455589 3.403047 -9.700098 53.415236 -6.537023 -5.943218 59.113147 60.920036 32.436415 0.000000 0.000000 0.000000 
-0.888721 0.918661 -1.817669 -4.740160 -55.629206 0.453138 17.188466 4.025881 -1.497231 -6.150388 2.212774 4.656518 12.880351 19.657792 16.543926 0.000000 0.000000 0.000000 -14.594838 2.966410 -2.193246 6.885409 0.898627 13.162525 -5.601278 -18.042719 16.183946 0.000000 0.000000 0.000000 4.645372 -0.358286 6.778251 -1.469257 1.501850 2.105664 -5.255357 9.260301 7.165788 9.923916 -7.021612 -14.169416 0.000000 0.000000 0.000000 -30.432848 -5.145649 8.654060 -42.699897 -10.160615 -4.349296 -2.190134 -35.427817 3.146393 0.000000 0.000000 0.000000 30.730687 3.675252 -9.428755 52.940931 -5.461370 -5.437990 62.635359 59.691021 33.689777 0.000000 0.000000 0.000000 
-0.906652 0.917832 -1.854160 -4.450014 -55.315844 0.803088 18.600735 4.561674 -2.506569 -4.344079 1.551125 4.165037 12.470946 17.336311 20.631985 0.000000 0.000000 0.000000 -11.914137 2.305907 -1.903443 6.380022 0.782037 11.461289 -7.096274 -18.163194 12.304303 0.000000 0.000000 0.000000 6.139150 -0.378141 6.283719 -1.571430 1.577053 2.176859 -5.926672 9.097495 7.496794 8.443439 -6.141737 -14.471729 0.000000 0.000000 0.000000 -29.959183 -5.086409 8.489504 -43.461968 -10.826417 -4.131357 -0.276365 -35.585905 2.608367 0.000000 0.000000 0.000000 29.938734 3.545534 -9.208963 53.071944 -5.814879 -5.746990 62.583099 58.510643 32.785086 0.000000 0.000000 0.000000 
-0.925044 0.917369 -1.888774 -4.922835 -54.450906 1.563350 20.356076 5.401067 -4.639357 -2.381837 1.118884 5.761057 11.112726 14.403205 24.010746 0.000000 0.000000 0.000000 -9.391182 1.686925 -2.407346 7.278732 0.795404 11.635406 -8.714540 -19.033074 9.540980 0.000000 0.000000 0.000000 6.949946 -0.414311 6.970208 -1.622428 1.334794 1.098478 -5.587660 9.351738 8.470154 8.142429 -5.918914 -15.351573 0.000000 0.000000 0.000000 -29.594900 -5.796593 8.910427 -44.925533 -12.015999 -3.798441 2.246701 -35.116699 1.832464 0.000000 0.000000 0.000000 29.247702 2.979929 -9.175328 52.220343 -6.293247 -6.022886 57.491231 56.957486 28.864133 0.000000 0.000000 0.000000 
-0.942124 0.919145 -1.918383 -4.617405 -54.399360 1.720363 21.139499 6.099102 -6.761351 -0.417152 0.802444 7.934783 9.820072 12.053764 27.576901 0.000000 0.000000 0.000000 -7.581810 1.327241 -2.576354 7.788172 0.757352 10.891662 -9.466642 -19.182908 7.661251 0.000000 0.000000 0.000000 7.181876 -0.436060 7.214640 -0.991734 1.236052 1.888720 -6.623448 10.501956 7.107780 7.710740 -5.444715 -15.470195 0.000000 0.000000 0.000000 -30.383173 -5.878754 8.212573 -44.997870 -10.728034 -4.015463 2.667325 -36.211406 1.677003 0.000000 0.000000 0.000000 30.869654 2.416672 -9.141444 50.915794 -6.804322 -6.059036 49.044180 53.932701 23.151298 0.000000 0.000000 0.000000 
-0.957385 0.921679 -1.941342 -3.590495 -51.736437 1.335318 19.657192 5.846439 -10.354226 0.351973 1.056984 12.281994 11.271382 14.590153 25.549527 0.000000 0.000000 0.000000 -6.663695 1.113034 -1.870718 8.991667 0.582204 9.321625 -11.015935 -21.346204 7.577168 0.000000 0.000000 0.000000 7.217210 -0.428946 6.547875 -0.878075 1.092969 1.809649 -5.493660 9.390845 6.921684 5.695138 -4.153761 -15.458163 0.000000 0.000000 0.000000 -30.740445 -6.359302 8.534653 -46.641579 -9.856733 -4.349685 2.492233 -36.741768 1.806382 0.000000 0.000000 0.000000 29.096195 0.810945 -9.357231 51.372330 -8.964198 -7.269100 43.391233 51.237779 18.927298 0.000000 0.000000 0.000000 
-0.970576 0.924550 -1.958015 -2.290145 -49.616962 0.567384 16.285105 5.015338 -14.337131 -1.113411 2.623223 18.608954 11.690356 17.117035 18.100160 0.000000 0.000000 0.000000 -5.083956 0.826191 -0.747891 7.554580 0.424976 7.409758 -12.065400 -22.693947 7.519481 0.000000 0.000000 0.000000 7.435768 -0.416997 6.214374 -0.682346 0.771357 0.957902 -6.521353 9.484755 8.485421 6.023278 -4.221244 -17.584342 0.000000 0.000000 0.000000 -29.328184 -4.850137 7.025447 -48.850141 -10.113231 -4.282242 1.169184 -37.539822 2.472575 0.000000 0.000000 0.000000 29.622626 0.634090 -9.296400 51.604877 -10.214628 -8.040092 37.614627 48.765080 15.519558 0.000000 0.000000 0.000000 
-0.982488 0.928189 -1.969931 -1.235472 -49.461644 0.958308 12.667325 3.950030 -16.411252 -8.711622 6.853888 21.320388 12.594567 22.195576 8.454616 0.000000 0.000000 0.000000 -4.452505 0.726235 -1.104500 7.077333 0.375471 5.866868 -11.996993 -22.671448 7.642178 0.000000 0.000000 0.000000 6.976623 -0.418635 5.959960 -2.145610 1.048199 -1.153119 -4.913569 11.266431 9.369970 5.702241 -3.993348 -17.131420 0.000000 0.000000 0.000000 -29.360098 -5.954621 7.503299 -49.114606 -9.959322 -4.319099 0.588985 -36.919291 2.519758 0.000000 0.000000 0.000000 29.137965 -0.880882 -9.628029 50.865375 -10.703677 -8.335893 35.704227 46.348284 14.040133 0.000000 0.000000 0.000000 
-0.994117 0.931267 -1.977446 -0.435795 -47.289600 0.152200 7.973372 2.189920 -17.127453 -13.183366 9.137739 21.339336 9.499081 17.577340 6.181794 0.000000 0.000000 0.000000 -3.834420 0.603958 -0.079175 6.981159 0.300927 5.282984 -12.919755 -24.249746 8.651867 0.000000 0.000000 0.000000 6.711966 -0.461846 6.977323 -2.368658 0.775564 -3.305714 -5.211890 10.975526 10.866879 6.291422 -4.388338 -17.517510 0.000000 0.000000 0.000000 -29.381064 -6.296934 7.755615 -49.926528 -10.314992 -4.321436 2.693733 -35.079040 1.722491 0.000000 0.000000 0.000000 29.300189 -0.457974 -9.333676 52.246862 -9.941204 -8.443043 29.040857 43.700059 10.613350 0.000000 0.000000 0.000000 
-1.006281 0.932798 -1.980737 -0.130718 -46.327154 0.252249 4.909101 1.233922 -17.606838 -13.812763 8.900580 20.023811 8.080446 13.858945 10.448817 0.000000 0.000000 0.000000 -2.737013 0.424172 0.916114 6.035583 0.230124 3.838773 -13.252877 -24.722559 8.946782 0.000000 0.000000 0.000000 5.780549 -0.454382 7.126712 -2.371619 0.847129 -2.837709 -5.745290 11.921692 9.870920 7.723475 -5.058590 -17.187134 0.000000 0.000000 0.000000 -27.911633 -6.270528 6.767574 -50.944449 -9.645911 -4.253673 3.107482 -34.421609 1.505952 0.000000 0.000000 0.000000 30.862180 0.865382 -8.264990 51.618079 -9.158629 -7.924094 20.532377 42.500671 7.472601 0.000000 0.000000 0.000000 
-1.019989 0.933714 -1.979612 -0.662713 -46.986069 1.454422 2.760739 0.570299 -16.811425 -11.676986 6.984481 17.420926 9.455794 15.283566 13.449749 0.000000 0.000000 0.000000 -2.016013 0.340708 0.143118 6.315133 0.272930 4.745460 -12.895399 -24.249580 8.772602 0.000000 0.000000 0.000000 4.423495 -0.398191 6.261048 -2.647773 1.030770 -2.485118 -4.247704 12.677582 9.389389 6.485678 -4.254069 -17.022980 0.000000 0.000000 0.000000 -28.523081 -5.816739 6.468994 -50.250765 -7.916849 -4.860811 2.646212 -35.962281 1.741515 0.000000 0.000000 0.000000 30.938165 1.653545 -7.781881 49.642563 -10.007566 -7.707905 19.883434 42.197037 7.169076 0.000000 0.000000 0.000000 
-1.035775 0.933171 -1.973999 -0.990249 -45.773597 2.063133 1.298376 0.021162 -15.219289 -8.650746 4.986206 15.841184 9.595737 16.258933 11.111820 0.000000 0.000000 0.000000 -1.083434 0.230441 -0.560153 6.273484 0.328388 7.213871 -13.708526 -25.554989 9.159863 0.000000 0.000000 0.000000 3.365198 -0.339682 5.278452 -2.145756 0.998300 -1.302519 -4.946148 11.920845 7.298940 7.507296 -4.969540 -14.625517 0.000000 0.000000 0.000000 -29.376036 -4.946220 5.591018 -48.503015 -6.543810 -5.091378 1.846575 -35.306287 1.838403 0.000000 0.000000 0.000000 31.509000 2.034537 -7.412646 49.663581 -9.125877 -7.211698 17.168512 40.195844 5.916473 0.000000 0.000000 0.000000 
-1.052384 0.931375 -1.964548 -1.061865 -46.083313 1.658953 1.213598 -0.130246 -12.566512 -8.150858 4.466482 14.385339 9.803256 17.447619 9.152606 0.000000 0.000000 0.000000 -1.290726 0.296531 -1.583429 7.414524 0.601598 11.980225 -14.089943 -26.223256 9.450837 0.000000 0.000000 0.000000 2.738376 -0.287079 4.470816 -2.893973 1.330364 -1.279930 -5.141215 11.979897 7.240115 7.902436 -5.336005 -13.758161 0.000000 0.000000 0.000000 -28.370243 -4.597763 5.274676 -47.721705 -6.156142 -5.113249 1.658386 -34.786718 1.858106 0.000000 0.000000 0.000000 31.943633 1.385897 -8.067436 49.410113 -8.845176 -6.963856 17.802168 40.217800 6.072736 0.000000 0.000000 0.000000 
-1.068192 0.930184 -1.954155 -1.170453 -44.844853 0.851748 1.574041 -0.160942 -9.772419 -8.289073 4.216929 13.381954 9.060929 17.047179 7.192082 0.000000 0.000000 0.000000 -1.375173 0.371307 -3.040656 9.363220 1.049572 18.627255 -15.266681 -28.543384 11.671690 0.000000 0.000000 0.000000 1.491417 -0.225788 4.418111 -2.997156 1.263659 -1.865820 -4.740550 11.275814 8.937375 8.999175 -5.856853 -16.220256 0.000000 0.000000 0.000000 -28.749379 -5.798886 6.403262 -45.881579 -7.783822 -4.638823 3.932942 -33.253786 1.081517 0.000000 0.000000 0.000000 32.536698 0.925866 -8.744025 49.891663 -7.824116 -6.629736 17.925524 39.406193 5.915064 0.000000 0.000000 0.000000 
-1.082850 0.928636 -1.945318 -1.150179 -43.971174 -0.558616 2.045356 -0.083641 -7.276024 -8.508350 4.340563 13.674854 8.376727 16.494513 5.687683 0.000000 0.000000 0.000000 -3.329483 0.836794 -7.404210 15.900681 1.447807 29.894928 -17.041281 -32.002802 19.642556 0.000000 0.000000 0.000000 -0.091882 -0.136795 5.740545 -2.582872 1.087211 -1.655078 -5.111605 9.841825 8.728482 10.294731 -6.682218 -16.256851 0.000000 0.000000 0.000000 -29.137233 -5.552055 6.576085 -43.544821 -9.604108 -4.016370 3.603706 -32.192819 1.117393 0.000000 0.000000 0.000000 32.413579 0.271851 -9.507688 49.722456 -7.524316 -6.337346 20.666636 41.265780 6.998365 0.000000 0.000000 0.000000 
-1.097295 0.928455 -1.938950 -2.156798 -44.007126 -0.962365 3.364475 0.174617 -5.352370 -8.555548 4.507951 14.256724 8.089644 16.317592 4.949176 0.000000 0.000000 0.000000 -5.450086 1.350550 -11.515713 23.415077 0.752326 38.221274 -16.237242 -31.560443 26.897706 0.000000 0.000000 0.000000 -1.111531 -0.024979 7.395746 -1.179164 0.359077 -2.422534 -6.159185 9.719584 9.699497 11.035915 -7.026428 -17.691645 0.000000 0.000000 0.000000 -29.120866 -7.365287 7.926061 -41.196740 -10.835179 -3.658574 3.340291 -31.305864 1.046566 0.000000 0.000000 0.000000 32.790474 0.251271 -9.643639 49.923837 -7.594029 -6.488656 24.051145 42.768256 8.563590 0.000000 0.000000 0.000000 
-1.112805 0.927591 -1.934918 -3.156174 -43.750410 -0.265972 4.890755 0.423893 -5.069046 -8.554732 4.747950 15.414610 7.758126 15.863328 4.310884 0.000000 0.000000 0.000000 -7.099026 1.752381 -14.462162 26.102340 0.096891 39.875953 -15.491625 -30.796359 31.247788 0.000000 0.000000 0.000000 -1.564915 0.060671 8.476144 -0.795882 0.251827 -1.980557 -6.072200 8.384146 9.442197 10.914090 -6.968681 -17.884751 0.000000 0.000000 0.000000 -29.058609 -8.215875 8.799907 -39.340497 -13.192200 -2.923959 3.729363 -29.876875 0.829272 0.000000 0.000000 0.000000 31.184322 1.178752 -8.891702 51.206846 -7.072564 -6.503446 25.572495 43.730982 9.158223 0.000000 0.000000 0.000000 
-1.129625 0.925911 -1.932345 -4.928262 -43.645613 0.728973 6.397659 0.690662 -4.613709 -7.293311 4.517983 16.793159 7.602942 15.971118 3.155457 0.000000 0.000000 0.000000 -8.043420 1.913456 -15.489259 23.739963 0.384850 36.615034 -14.572591 -30.410588 28.016921 0.000000 0.000000 0.000000 -1.523054 0.165517 10.623810 0.008090 -0.087745 -2.003293 -6.731796 7.279258 9.304134 11.059442 -7.047184 -18.345445 0.000000 0.000000 0.000000 -29.430448 -9.229812 9.773050 -36.923858 -14.864689 -2.452000 3.612036 -29.963007 0.775573 0.000000 0.000000 0.000000 30.707193 2.163328 -8.362262 50.917088 -6.432529 -6.149775 28.688682 45.238594 10.660219 0.000000 0.000000 0.000000 
-1.147864 0.923161 -1.931139 -6.212150 -43.709215 1.770422 8.222755 1.034419 -4.611318 -6.918205 4.714067 18.257120 7.395734 15.822913 2.237147 0.000000 0.000000 0.000000 -9.004041 2.059320 -16.300240 19.606527 0.728594 30.564343 -14.627627 -30.791233 17.570437 0.000000 0.000000 0.000000 -1.564455 0.272692 12.057952 0.427827 -0.307098 -2.492459 -6.617134 6.889260 10.307448 12.375573 -7.800888 -18.960518 0.000000 0.000000 0.000000 -30.020760 -10.896345 11.376390 -33.464011 -16.792189 -2.113225 3.034337 -30.051981 0.819435 0.000000 0.000000 0.000000 29.897662 2.336483 -8.216191 51.188384 -6.454763 -6.307083 31.859001 46.442009 12.194407 0.000000 0.000000 0.000000 
-1.167352 0.918427 -1.931054 -7.569853 -44.226144 2.770383 10.005588 1.422534 -4.611815 -6.238138 4.947077 20.153341 7.328954 16.093832 0.999482 0.000000 0.000000 0.000000 -10.105737 2.216688 -17.039021 15.565460 0.784558 23.747138 -12.834414 -28.210059 13.114615 0.000000 0.000000 0.000000 -1.701857 0.454791 13.761336 1.123768 -0.563405 -2.311781 -6.656056 5.561235 9.963973 11.470008 -7.324756 -19.297802 0.000000 0.000000 0.000000 -29.890041 -11.340884 12.165482 -31.222695 -18.230302 -1.866093 4.015507 -30.078602 0.532254 0.000000 0.000000 0.000000 29.011138 3.212634 -7.984892 51.120003 -7.380691 -6.546110 34.422107 47.600502 13.312858 0.000000 0.000000 0.000000 
-1.188616 0.912207 -1.932074 -8.563373 -45.063995 4.286600 11.184213 1.721499 -4.789860 -5.220117 4.843465 21.163129 7.504505 17.147015 -0.632413 0.000000 0.000000 0.000000 -10.991621 2.474301 -18.393653 10.938600 0.607921 15.443952 -9.288209 -24.430687 16.327284 0.000000 0.000000 0.000000 -1.852058 0.600800 14.738729 2.063954 -0.945760 -2.738376 -6.922318 3.846536 10.626527 12.254441 -7.886987 -19.803757 0.000000 0.000000 0.000000 -29.697670 -12.629260 13.998215 -28.259401 -18.953658 -1.966278 4.376875 -30.430026 0.360055 0.000000 0.000000 0.000000 28.309100 4.671747 -7.876016 51.703416 -8.448889 -6.930300 34.906192 49.024607 13.491019 0.000000 0.000000 0.000000 
-1.211670 0.903235 -1.934282 -8.830613 -45.894492 5.247146 12.279667 2.057043 -5.398140 -4.530248 5.209862 23.215066 7.495386 17.822924 -2.385231 0.000000 0.000000 0.000000 -12.963626 2.939640 -20.941059 9.169112 0.379421 9.638132 -6.362029 -22.611298 22.538595 0.000000 0.000000 0.000000 -1.815881 0.835715 16.533496 2.174068 -0.904453 -1.978110 -6.937853 1.210539 10.176523 10.503584 -7.196493 -18.788621 0.000000 0.000000 0.000000 -29.130539 -12.971971 15.053441 -26.021856 -21.237201 -1.712049 5.536426 -29.058908 0.010616 0.000000 0.000000 0.000000 27.743651 5.961642 -8.024802 51.184659 -9.724322 -7.033352 36.176072 50.084862 13.821368 0.000000 0.000000 0.000000 
-1.236623 0.893866 -1.938264 -9.304349 -47.725941 6.386922 13.103239 2.379704 -5.348676 -3.438402 5.373173 24.653895 7.877174 19.491587 -3.715552 0.000000 0.000000 0.000000 -13.247150 3.388395 -23.121673 9.159452 0.381988 7.223050 -6.121499 -23.340224 26.747479 0.000000 0.000000 0.000000 -1.306810 1.015382 18.188140 3.228250 -1.254877 -1.855261 -8.496592 0.236540 10.685417 10.536082 -7.296846 -19.642798 0.000000 0.000000 0.000000 -27.583766 -15.049307 16.496094 -24.273962 -22.404359 -1.540238 7.553620 -27.662175 -0.549964 0.000000 0.000000 0.000000 28.773684 8.160262 -7.873378 50.610878 -10.965317 -7.050775 33.556693 51.487847 12.851590 0.000000 0.000000 0.000000 
-1.263453 0.883048 -1.944564 -9.059376 -49.282285 7.215187 14.085121 2.772431 -5.821614 -2.888464 5.923163 26.606928 8.088272 20.402203 -4.564780 0.000000 0.000000 0.000000 -13.628522 4.163052 -27.038822 11.778392 0.526934 10.518925 -7.502527 -25.208005 27.675371 0.000000 0.000000 0.000000 -1.943125 1.669837 20.746585 3.086158 -1.059685 -0.664716 -7.506949 -2.243069 9.883719 8.897087 -6.549874 -19.205251 0.000000 0.000000 0.000000 -27.573145 -16.756139 18.472311 -21.139602 -23.517547 -1.532992 10.320459 -26.476768 -1.237248 0.000000 0.000000 0.000000 28.891540 10.291063 -7.755279 49.298988 -12.691652 -6.956927 30.711354 52.687342 11.448852 0.000000 0.000000 0.000000 
-1.292298 0.872926 -1.953603 -8.486246 -49.563682 8.524810 15.113930 3.186323 -6.885354 -2.160506 5.881518 27.522508 8.070893 20.512415 -5.245506 0.000000 0.000000 0.000000 -14.800492 5.230468 -32.113657 16.049358 0.572130 15.481373 -10.387574 -28.573332 27.927305 0.000000 0.000000 0.000000 -1.777252 2.127359 23.166505 3.957239 -1.273876 0.156272 -8.109942 -4.825855 8.962619 7.740455 -5.943733 -19.439164 0.000000 0.000000 0.000000 -26.912893 -17.549489 19.290414 -18.827829 -26.147185 -1.313260 13.974037 -25.188164 -1.929442 0.000000 0.000000 0.000000 29.937900 13.141081 -7.247246 49.124855 -14.414609 -7.031788 24.302308 52.460514 8.217622 0.000000 0.000000 0.000000 
-1.322646 0.859563 -1.965510 -7.427691 -49.693311 10.089992 16.525574 3.823826 -8.708339 -2.115099 6.151348 28.593352 7.882834 20.255582 -6.395443 0.000000 0.000000 0.000000 -16.886630 6.505431 -38.190469 21.003921 0.266811 21.249454 -13.945855 -33.097374 25.948728 0.000000 0.000000 0.000000 -2.322873 3.035472 26.212618 5.494831 -1.777724 0.801175 -8.554175 -8.185193 8.359865 5.089866 -4.577832 -20.877153 0.000000 0.000000 0.000000 -25.592703 -18.980062 20.382167 -16.096225 -28.862593 -1.160348 17.860055 -22.462446 -2.421046 0.000000 0.000000 0.000000 29.180118 14.966788 -6.935865 50.008779 -14.697661 -7.014277 20.308472 53.167491 5.899011 0.000000 0.000000 0.000000 
-1.352772 0.845563 -1.980454 -7.878868 -49.964962 13.557669 18.613282 4.944386 -10.751433 -1.616217 5.928788 28.686182 7.800969 20.418612 -7.856396 0.000000 0.000000 0.000000 -17.528819 8.184394 -44.253421 24.752041 -0.257082 24.901671 -17.096278 -38.045854 24.079095 0.000000 0.000000 0.000000 -1.106308 3.724822 30.102904 6.009894 -2.007040 -0.392785 -9.376043 -10.529792 8.106581 4.528966 -4.299752 -22.366249 0.000000 0.000000 0.000000 -23.533690 -20.977706 21.357967 -12.655217 -32.150763 -1.129746 21.309507 -18.622533 -2.474365 0.000000 0.000000 0.000000 29.622997 16.677398 -7.145779 51.118088 -15.657224 -7.171093 17.015119 53.473061 3.880660 0.000000 0.000000 0.000000 
-1.381078 0.831008 -1.997921 -7.914933 -49.807372 17.471389 20.311809 6.070312 -13.270048 -1.491428 6.149631 29.857944 6.262914 18.978069 -13.185478 0.000000 0.000000 0.000000 -20.008563 9.637195 -50.926703 29.699017 -1.406646 26.532868 -20.714194 -43.871127 23.852313 0.000000 0.000000 0.000000 -0.256814 4.533191 33.800271 6.136026 -2.067882 -1.264282 -9.165281 -14.173463 7.579003 2.254526 -3.256170 -24.599020 0.000000 0.000000 0.000000 -21.925498 -22.697632 22.696187 -7.140026 -34.474642 -1.683474 23.500822 -15.292029 -2.281401 0.000000 0.000000 0.000000 29.434268 17.518314 -8.227774 51.061609 -16.317909 -6.819399 17.675787 52.877471 3.442233 0.000000 0.000000 0.000000 
-1.406005 0.819116 -2.015434 -8.094054 -49.742551 21.185419 21.458236 7.138785 -15.493734 -1.094227 6.273941 30.944613 5.435293 18.341897 -16.752366 0.000000 0.000000 0.000000 -21.518667 10.937620 -56.224564 32.384966 -2.247409 26.612170 -23.024220 -48.786366 22.341628 0.000000 0.000000 0.000000 0.864088 5.216857 37.180375 6.412496 -2.145656 -1.774311 -9.363593 -17.910827 6.761449 0.220701 -2.442040 -25.997419 0.000000 0.000000 0.000000 -19.628688 -25.054678 23.933135 -1.173755 -35.754557 -2.424999 23.842284 -9.167413 -1.282325 0.000000 0.000000 0.000000 28.886474 20.195343 -8.085647 52.341496 -16.479212 -6.602859 16.260343 55.760355 1.919909 0.000000 0.000000 0.000000 
-1.426787 0.807672 -2.030282 -7.937772 -49.806023 24.982364 22.606746 8.212457 -17.352405 -1.088876 6.801794 32.563305 3.548189 14.545982 -21.834999 0.000000 0.000000 0.000000 -25.119796 11.701908 -62.417101 36.161389 -3.523313 25.936755 -25.982565 -53.546578 23.543971 0.000000 0.000000 0.000000 2.479743 5.563084 40.001011 6.227838 -2.101048 -2.703027 -9.777980 -21.866112 6.939951 -1.220757 -2.043704 -28.766655 0.000000 0.000000 0.000000 -17.142397 -26.611398 24.877743 4.388659 -35.448476 -3.150239 24.912346 -5.300463 -0.621564 0.000000 0.000000 0.000000 27.985879 21.686621 -9.101426 51.825667 -16.019181 -5.672192 16.399448 58.642823 0.897476 0.000000 0.000000 0.000000 
-1.444228 0.796208 -2.040872 -8.565164 -51.212410 28.955712 22.829360 8.795690 -17.898273 -0.550603 7.571212 34.480853 2.367291 12.943978 -26.775724 0.000000 0.000000 0.000000 -28.155279 12.602289 -67.457420 38.981352 -4.126720 24.172383 -27.065819 -57.483504 21.984509 0.000000 0.000000 0.000000 3.788487 6.037761 42.007733 5.749360 -1.931667 -3.423899 -10.872247 -24.641218 7.709813 -2.478378 -1.802596 -30.867063 0.000000 0.000000 0.000000 -14.211838 -28.524653 25.356659 7.062997 -34.984405 -3.250195 24.369066 -1.814528 0.057188 0.000000 0.000000 0.000000 26.878354 23.801384 -9.449073 52.519755 -14.656144 -4.818183 17.232352 65.432862 -0.212188 0.000000 0.000000 0.000000 
-1.459143 0.783154 -2.047240 -8.855147 -51.643387 32.296623 23.448990 9.237034 -18.068004 -0.074192 7.799284 35.410649 1.723548 11.276470 -29.360729 0.000000 0.000000 0.000000 -32.898474 12.118271 -72.582219 43.545625 -5.457964 22.068185 -30.612095 -61.293631 24.335196 0.000000 0.000000 0.000000 5.481815 6.075730 43.845509 5.324493 -1.811678 -4.095609 -11.484924 -27.034615 8.228859 -2.868538 -1.747375 -33.548777 0.000000 0.000000 0.000000 -11.087271 -29.425693 24.785876 8.444429 -35.154262 -3.164038 24.686951 -0.597948 0.348310 0.000000 0.000000 0.000000 23.670110 23.713447 -9.284480 53.971779 -11.941401 -4.540858 14.716107 71.010774 -3.677315 0.000000 0.000000 0.000000 
-1.471839 0.770127 -2.050442 -8.574839 -51.537112 33.720781 23.740822 8.900417 -16.794051 -0.186453 7.648858 34.482073 1.656249 11.981438 -30.084432 0.000000 0.000000 0.000000 -36.849206 10.963957 -75.549612 48.167488 -6.608860 20.007986 -34.663059 -64.294674 26.834774 0.000000 0.000000 0.000000 7.374104 5.786855 45.423505 5.204034 -1.781548 -4.318100 -12.449118 -29.492565 8.337288 -3.538458 -1.593442 -34.781101 0.000000 0.000000 0.000000 -10.799297 -29.874636 25.579204 10.418478 -35.074817 -3.450374 24.596880 -0.053953 0.408473 0.000000 0.000000 0.000000 21.375712 24.052822 -8.849364 53.530586 -9.993794 -3.943161 15.927689 78.313729 -4.457814 0.000000 0.000000 0.000000 
-1.482734 0.756676 -2.052341 -8.516875 -50.903403 35.314023 24.769089 9.039813 -16.262328 0.202550 7.455553 34.795789 1.868392 11.505309 -28.639190 0.000000 0.000000 0.000000 -40.052422 9.560546 -78.462926 51.857290 -8.077281 18.545912 -39.047530 -66.778194 29.660275 0.000000 0.000000 0.000000 8.899844 5.351511 46.573729 5.522026 -1.876543 -4.115953 -12.571624 -29.848825 7.550094 -4.309487 -1.304051 -33.687890 0.000000 0.000000 0.000000 -11.984286 -30.702809 27.028885 12.484386 -35.218170 -3.998498 25.647627 0.539848 0.465975 0.000000 0.000000 0.000000 19.918944 23.449440 -8.208771 52.972032 -8.352225 -3.473277 -1.667771 85.138769 -21.092986 0.000000 0.000000 0.000000 
-1.491557 0.744574 -2.054221 -7.702348 -49.653689 35.694991 25.556835 9.158088 -16.352919 1.187713 7.081861 35.980266 2.332297 10.567964 -25.158905 0.000000 0.000000 0.000000 -43.403818 7.422500 -79.864446 56.110183 -9.284002 16.110789 -45.195035 -68.160126 35.178063 0.000000 0.000000 0.000000 10.306930 4.757705 47.632817 5.954538 -2.029447 -4.200167 -13.108249 -29.982603 7.433865 -3.720839 -1.438617 -33.092034 0.000000 0.000000 0.000000 -12.955278 -31.707439 28.221298 13.870407 -35.026828 -4.340194 26.243550 -0.223536 0.234073 0.000000 0.000000 0.000000 18.725258 22.904229 -7.572308 52.534580 -5.860713 -2.620487 -88.647532 86.893140 -106.632539 0.000000 0.000000 0.000000 
-1.498820 0.735009 -2.056768 -7.098588 -48.865996 36.293997 26.445027 9.350501 -16.443108 3.261314 6.292119 37.590325 1.956544 6.944209 -20.473419 0.000000 0.000000 0.000000 -45.764427 5.740915 -81.408051 58.842482 -10.471966 14.677263 -49.717642 -68.789130 39.392080 0.000000 0.000000 0.000000 11.036750 4.272796 47.904493 6.138464 -2.074767 -3.813751 -12.907790 -29.549462 6.923100 -3.829379 -1.323999 -31.714639 0.000000 0.000000 0.000000 -12.786964 -32.598805 28.516496 12.926005 -35.612837 -4.296477 27.100267 -0.182824 0.263933 0.000000 0.000000 0.000000 19.464259 24.184701 -7.030710 51.144016 -3.123660 -0.873719 -112.311498 82.174139 -126.290359 0.000000 0.000000 0.000000 
-1.503569 0.729811 -2.059640 -6.566278 -48.492410 36.466011 27.248405 9.759623 -16.937514 4.917580 6.057451 40.081886 0.513057 1.479730 -18.679517 0.000000 0.000000 0.000000 -47.145546 4.720745 -81.682454 60.565541 -10.627851 13.044894 -51.856947 -69.255043 40.976452 0.000000 0.000000 0.000000 11.337383 3.959425 47.740587 6.206063 -2.075724 -3.544648 -12.705492 -28.193072 6.399168 -3.982243 -1.119181 -30.007877 0.000000 0.000000 0.000000 -13.567810 -33.001653 28.838488 11.662055 -35.386371 -4.117674 29.081048 -1.830002 -0.082387 0.000000 0.000000 0.000000 20.789806 26.385725 -5.851086 49.545732 -1.237918 0.503357 -106.486276 77.011063 -114.025222 0.000000 0.000000 0.000000 
-1.504927 0.727728 -2.062489 -6.406325 -48.695858 36.256030 27.191701 10.005956 -17.612602 6.484531 6.330525 43.563216 -0.680608 -2.805092 -19.601833 0.000000 0.000000 0.000000 -47.962507 4.314553 -82.127657 61.665039 -10.932038 12.523351 -53.330722 -68.435870 43.639256 0.000000 0.000000 0.000000 11.281802 4.118458 48.160465 7.109379 -2.347514 -2.549343 -11.939647 -26.334704 4.586602 -3.707830 -0.870044 -26.403301 0.000000 0.000000 0.000000 -13.550019 -33.783721 28.556266 9.167417 -34.655680 -3.560965 32.244608 -3.533735 -0.419934 0.000000 0.000000 0.000000 20.955222 28.568660 -3.444391 48.658751 3.310552 2.271141 -96.841526 72.296220 -97.813539 0.000000 0.000000 0.000000 
-1.502108 0.729956 -2.065634 -6.173484 -49.937961 36.202937 26.659777 10.177638 -18.302228 7.683712 6.850144 46.326583 -2.011585 -6.613187 -17.065697 0.000000 0.000000 0.000000 -48.464135 4.528403 -82.828911 61.126963 -10.846587 12.658573 -51.959481 -67.716910 43.458668 0.000000 0.000000 0.000000 11.136976 4.686817 48.833927 7.499247 -2.461921 -2.201034 -11.675168 -23.764125 3.695666 -2.779671 -0.984064 -25.419341 0.000000 0.000000 0.000000 -13.162728 -34.949360 28.212687 5.958982 -34.722291 -2.990952 36.965048 -4.175840 -0.475580 0.000000 0.000000 0.000000 21.523405 30.754623 -0.837793 46.450499 7.250049 3.544203 -85.532510 68.041325 -79.615524 0.000000 0.000000 0.000000 
-1.495156 0.733180 -2.069223 -4.834725 -49.003644 34.227948 26.220887 9.881165 -18.902714 8.276954 7.014423 48.863375 -2.491566 -8.977376 -17.921417 0.000000 0.000000 0.000000 -47.541722 4.354913 -82.211350 59.764489 -11.532213 14.825471 -51.409767 -66.629257 44.156222 0.000000 0.000000 0.000000 12.125661 4.236261 49.820291 8.355969 -2.816919 -3.282861 -11.943111 -22.011992 4.833458 -1.468867 -1.443029 -25.702750 0.000000 0.000000 0.000000 -13.844376 -34.907843 27.859654 4.546262 -35.580667 -2.921653 43.392557 -5.605618 -0.905710 0.000000 0.000000 0.000000 20.460813 32.057597 1.609234 45.703567 12.207103 4.449551 -74.356041 64.595764 -64.136255 0.000000 0.000000 0.000000 
-1.484427 0.738940 -2.074122 -4.814193 -50.449459 32.734314 25.504341 9.969685 -19.248433 9.167848 7.948296 52.117701 -3.684130 -12.348467 -16.831859 0.000000 0.000000 0.000000 -46.565723 5.472605 -82.902888 58.035360 -11.933777 17.546093 -48.969476 -63.986401 45.369835 0.000000 0.000000 0.000000 11.395076 5.104586 50.334637 8.811553 -2.980679 -3.568950 -11.743022 -19.057202 5.321307 -0.183637 -1.841461 -26.020803 0.000000 0.000000 0.000000 -14.691642 -35.103114 27.580103 0.991179 -35.816279 -2.384915 50.560818 -9.524344 -2.495096 0.000000 0.000000 0.000000 20.098353 32.572400 3.451637 44.659708 14.147359 4.503368 -62.569663 63.082883 -50.953301 0.000000 0.000000 0.000000 
-1.470324 0.743001 -2.081125 -5.272190 -51.445472 31.368155 25.348966 10.284722 -19.298232 8.500430 9.863010 55.388012 -2.756739 -12.319749 -20.944687 0.000000 0.000000 0.000000 -43.162156 7.874830 -83.030650 53.555462 -11.592109 21.929617 -44.777900 -63.986068 40.828515 0.000000 0.000000 0.000000 11.405229 5.382976 50.488674 8.808298 -2.985850 -4.252867 -11.568465 -17.678344 5.697515 -0.136372 -1.852018 -24.624098 0.000000 0.000000 0.000000 -16.758506 -33.578942 27.501712 -1.846708 -36.299310 -2.071698 55.300893 -15.150794 -5.363032 0.000000 0.000000 0.000000 21.658636 33.991658 4.326289 44.814825 12.819203 4.332807 -51.732266 61.677756 -40.861648 0.000000 0.000000 0.000000 
-1.452891 0.746627 -2.089721 -5.154006 -51.083535 29.093102 24.409029 10.601708 -21.464066 9.548153 10.575243 60.537196 -2.379270 -13.713926 -22.159256 0.000000 0.000000 0.000000 -40.516813 8.937551 -82.602368 50.259778 -11.726805 25.797319 -42.755180 -61.703570 41.486254 0.000000 0.000000 0.000000 11.001187 5.312932 50.099565 7.847146 -2.726184 -4.145168 -10.100686 -16.273286 5.966141 -0.840813 -1.472388 -24.167625 0.000000 0.000000 0.000000 -17.466246 -33.100989 27.105949 -3.696801 -36.419301 -1.786715 57.733968 -19.505731 -7.752388 0.000000 0.000000 0.000000 23.236084 33.947161 4.794191 44.892485 12.291757 4.133289 -42.034700 57.984799 -30.539415 0.000000 0.000000 0.000000 
-1.431573 0.750129 -2.099227 -5.435145 -52.099930 27.221111 22.916028 10.699080 -22.754532 10.345509 11.378655 63.426107 -0.724724 -12.501194 -27.612964 0.000000 0.000000 0.000000 -37.594431 10.889882 -80.888729 46.209540 -9.960652 27.507065 -38.475317 -61.116839 37.012109 0.000000 0.000000 0.000000 9.677185 6.335586 50.440826 9.646780 -3.277205 -5.310620 -10.141297 -13.754671 6.071767 1.689094 -2.496565 -23.235525 0.000000 0.000000 0.000000 -18.905182 -32.053328 26.422678 -6.498242 -36.622446 -1.379787 58.975257 -24.209781 -10.371948 0.000000 0.000000 0.000000 23.276969 32.496029 4.992228 44.846930 13.037464 4.060954 -34.774930 55.799073 -23.898258 0.000000 0.000000 0.000000 
-1.405005 0.753774 -2.109086 -5.330427 -51.989765 25.035784 20.169401 10.304120 -26.125549 11.726188 11.073456 67.501113 -0.120972 -11.849053 -27.019059 0.000000 0.000000 0.000000 -33.798697 12.058450 -79.159176 40.550353 -8.701415 30.637703 -34.080681 -58.447660 34.102584 0.000000 0.000000 0.000000 8.962852 6.758682 51.176121 7.892947 -2.815488 -5.413407 -7.943437 -14.371444 4.288901 1.870477 -2.371352 -26.385886 0.000000 0.000000 0.000000 -18.922203 -30.449286 25.456809 -11.357793 -38.773453 -0.234251 55.703399 -27.070586 -10.728084 0.000000 0.000000 0.000000 26.127827 32.499866 4.576215 44.756441 7.869837 2.935678 -26.349945 59.220782 -20.116647 0.000000 0.000000 0.000000 
-1.373717 0.764163 -2.119265 -4.168740 -51.205326 20.271828 16.369345 8.540508 -26.889807 12.905035 9.521730 66.088629 0.281762 -10.528342 -29.020859 0.000000 0.000000 0.000000 -31.702544 11.656535 -73.208635 38.527126 -6.461128 28.476502 -31.649644 -54.889868 34.897031 0.000000 0.000000 0.000000 9.739753 5.815886 50.388091 8.358088 -3.019921 -5.329533 -10.453226 -14.783883 5.142069 4.673142 -3.814211 -23.514746 0.000000 0.000000 0.000000 -19.686947 -30.976156 25.395938 -11.022942 -38.788452 -0.226753 45.411118 -26.379240 -8.648321 0.000000 0.000000 0.000000 32.478343 31.910954 3.508669 41.379946 10.188883 4.299565 -19.559334 51.255298 -12.209243 0.000000 0.000000 0.000000 
