v -0.19558964669704437 -0.14690247178077698 1.122127652168274
v -0.09598416090011597 -0.11500576138496399 1.0528138875961304
v -0.017352014780044556 -0.10353484749794006 0.9276452660560608
v 0.02228137105703354 -0.12254595756530762 1.1302286386489868
v 0.06827603280544281 -0.11992990970611572 1.077823519706726
v 0.12350612133741379 -0.12840481102466583 1.0351390838623047
v -0.10389237850904465 -0.10399815440177917 0.9395344853401184
v -0.05000505968928337 -0.11875010281801224 1.0501471757888794
v -0.0005352494772523642 -0.11923303455114365 1.123424768447876
v 0.05480561405420303 -0.12428531050682068 1.1301443576812744
v 0.09192995727062225 -0.11082827299833298 0.9457191228866577
v -0.1397719532251358 -0.12949541211128235 1.1316639184951782
v -0.08147504925727844 -0.1109926775097847 1.032835841178894
v -0.02270398661494255 -0.11686412990093231 1.0528184175491333
v 0.0311112217605114 -0.1204792708158493 1.129097580909729
v 0.08819946646690369 -0.11911498010158539 1.1002825498580933
v 0.1430421769618988 -0.11667211353778839 1.0343873500823975
v -0.10702802985906601 -0.11132757365703583 1.0575724840164185
v -0.03474752604961395 -0.10175739228725433 0.9364622831344604
v 0.01093296892940998 -0.11665812134742737 1.1303651332855225
v 0.06495365500450134 -0.11825352162122726 1.1079614162445068
v 0.10551907867193222 -0.10876636207103729 0.9449416995048523
v -0.11915361881256104 -0.09932979941368103 0.9422141909599304
v -0.06566265225410461 -0.10853438824415207 1.0300495624542236
v -0.017135139554739 -0.11730951070785522 1.126185417175293
v 0.04283679649233818 -0.11823040246963501 1.1131353378295898
v 0.07856085896492004 -0.10581652075052261 0.9469068646430969
v -0.175467848777771 -0.12499629706144333 1.139947772026062
v -0.09526177495718002 -0.10758423805236816 1.0584437847137451
v -0.01797529309988022 -0.09488058090209961 0.9346494078636169
v 0.020490167662501335 -0.11506720632314682 1.1325477361679077
v 0.0700153261423111 -0.11158066987991333 1.0757169723510742
v 0.12465871870517731 -0.11522407829761505 1.0372854471206665
v -0.10231005400419235 -0.09800471365451813 0.9440176486968994
v -0.04813950136303902 -0.10982871800661087 1.0519345998764038
v -0.0015728760045021772 -0.11309528350830078 1.124819040298462
v 0.05351454019546509 -0.11549479514360428 1.1258302927017212
v 0.09393668174743652 -0.1033194363117218 0.9453535079956055
v -0.14355728030204773 -0.12192413210868835 1.1480315923690796
v -0.07961010187864304 -0.10490264743566513 1.031840443611145
v -0.021640926599502563 -0.10811077803373337 1.0553699731826782
v 0.03147123381495476 -0.1134594976902008 1.1065133810043335
v 0.08934126049280167 -0.11243704706430435 1.0989630222320557
v 0.14465098083019257 -0.11010289192199707 1.0339256525039673
v -0.10446330159902573 -0.1050499677658081 1.058715581893921
v -0.03394566848874092 -0.09539675712585449 0.9368269443511963
v 0.010597583837807178 -0.1118786409497261 1.1329538822174072
v 0.06489188969135284 -0.11130525916814804 1.1072152853012085
v 0.10708662122488022 -0.10209657996892929 0.944178581237793
v -0.11763235926628113 -0.0949539840221405 0.9436760544776917
v -0.06415534764528275 -0.10334110260009766 1.0319066047668457
v -0.015839865431189537 -0.1098698228597641 1.1255595684051514
v 0.043406665325164795 -0.11297149956226349 1.1090316772460938
v 0.08016828447580338 -0.09948986023664474 0.9465672373771667
v -0.17229996621608734 -0.11667851358652115 1.1426537036895752
v -0.09387914091348648 -0.10309996455907822 1.0599102973937988
v -0.035885121673345566 -0.1060161367058754 1.0536282062530518
v 0.02080221101641655 -0.11123887449502945 1.1324942111968994
v 0.07154205441474915 -0.1066679060459137 1.0753295421600342
v 0.12691093981266022 -0.10887560993432999 1.0379003286361694
v -0.10086221992969513 -0.0942278578877449 0.9479565024375916
v -0.046434178948402405 -0.09454632550477982 0.9429481029510498
v -0.0014029329176992178 -0.10852473229169846 1.123396873474121
v 0.05478687211871147 -0.11042667180299759 1.120394229888916
v 0.09551232308149338 -0.09818883240222931 0.9452716708183289
v -0.14192160964012146 -0.11718898266553879 1.1522279977798462
v -0.07804945856332779 -0.10037002712488174 1.0308036804199219
v -0.02007131837308407 -0.10228848457336426 1.0552555322647095
v 0.03177281841635704 -0.10911469161510468 1.092896580696106
v 0.08981328457593918 -0.10763002932071686 1.098992109298706
v 0.1462639570236206 -0.10464433580636978 1.0324100255966187
v -0.10281693935394287 -0.10077953338623047 1.0609756708145142
v -0.03276456519961357 -0.0891801044344902 0.9394447803497314
v 0.010493007488548756 -0.10843035578727722 1.1352994441986084
v 0.06656919419765472 -0.10730386525392532 1.1067681312561035
v 0.10904335975646973 -0.09725912660360336 0.9439624547958374
v -0.11617322266101837 -0.09113612771034241 0.9448081254959106
v -0.0631052777171135 -0.09886191785335541 1.033649206161499
v -0.014800040982663631 -0.10477719455957413 1.1216152906417847
v 0.04279535636305809 -0.10887189954519272 1.1127351522445679
v 0.08197768032550812 -0.09417997300624847 0.9472082257270813
v -0.16865040361881256 -0.11033422499895096 1.1408268213272095
v -0.09276627749204636 -0.09906169772148132 1.0612754821777344
v -0.03354097530245781 -0.10102710872888565 1.0549335479736328
v 0.02125849574804306 -0.10786192864179611 1.1326496601104736
v 0.07305688410997391 -0.10242901742458344 1.0751389265060425
v 0.1290135532617569 -0.10345495492219925 1.0386728048324585
v -0.09935615956783295 -0.09088846296072006 0.951672375202179
v -0.0452035553753376 -0.08902997523546219 0.9409797191619873
v -0.0010940787615254521 -0.10487402230501175 1.1209720373153687
v 0.05565102398395538 -0.10643092542886734 1.1144719123840332
v 0.09720578789710999 -0.09384413808584213 0.9453678727149963
v -0.14139601588249207 -0.11078954488039017 1.142341136932373
v -0.07662980258464813 -0.09643299877643585 1.0302042961120605
v -0.017442526295781136 -0.09813107550144196 1.054304599761963
v 0.031448230147361755 -0.10449215024709702 1.0738410949707031
v 0.09122825413942337 -0.10361836850643158 1.0984503030776978
v 0.1476679891347885 -0.09922691434621811 1.0307185649871826
v -0.10191159695386887 -0.09722010791301727 1.0611876249313354
v -0.04361424595117569 -0.09841809421777725 1.0467687845230103
v 0.010959960520267487 -0.10519151389598846 1.1362277269363403
v 0.06663162261247635 -0.10261881351470947 1.10038423538208
v 0.11094856262207031 -0.09300671517848969 0.9437780380249023
v -0.1147080510854721 -0.0876537635922432 0.945797324180603
v -0.06185833737254143 -0.09440969675779343 1.0355366468429565
v -0.013427289202809334 -0.10111416131258011 1.1141756772994995
v 0.04365011677145958 -0.10505115240812302 1.107774019241333
v 0.08354806900024414 -0.08976053446531296 0.9486443400382996
v -0.16524691879749298 -0.10579334199428558 1.137673020362854
v -0.0912867933511734 -0.09543874114751816 1.06257963180542
v -0.03093883953988552 -0.09616796672344208 1.0549277067184448
v 0.022252393886446953 -0.10430220514535904 1.1315490007400513
v 0.07481280714273453 -0.09872958064079285 1.0750300884246826
v 0.1306244283914566 -0.0987062081694603 1.038966178894043
v -0.09785963594913483 -0.0869956687092781 0.9564930200576782
v -0.04363798722624779 -0.08382753282785416 0.9423001408576965
v -0.0005962390569038689 -0.10114723443984985 1.1271040439605713
v 0.05638870596885681 -0.10131017118692398 1.1001322269439697
v 0.09885748475790024 -0.08994179219007492 0.9452458024024963
v -0.14088107645511627 -0.10307419300079346 1.1191660165786743
v -0.07512001693248749 -0.09269741177558899 1.0298057794570923
v -0.016105420887470245 -0.09429622441530228 1.0604287385940552
v 0.03071974590420723 -0.10112322866916656 1.1065524816513062
v 0.09274022281169891 -0.09986872971057892 1.0980281829833984
v 0.1493178755044937 -0.09468287229537964 1.0310211181640625
v -0.10082763433456421 -0.09354859590530396 1.063840389251709
v -0.04241427779197693 -0.09343545883893967 1.0537034273147583
v 0.011635948903858662 -0.10207301378250122 1.13511323928833
v 0.06663834303617477 -0.09767740219831467 1.0954008102416992
v 0.1124606654047966 -0.08912515640258789 0.9440311789512634
v -0.11354592442512512 -0.08432777971029282 0.9471009969711304
v -0.05625108629465103 -0.08480385690927505 0.9456284642219543
v -0.012011570855975151 -0.09823144972324371 1.1088839769363403
v 0.04493875429034233 -0.1012328714132309 1.1039258241653442
v 0.08500739932060242 -0.0858004093170166 0.9508826732635498
v -0.16120637953281403 -0.10087566822767258 1.1340396404266357
v -0.0896669328212738 -0.09198249131441116 1.063374638557434
v -0.029813570901751518 -0.09229889512062073 1.0614064931869507
v 0.02306283824145794 -0.10047469288110733 1.1274546384811401
v 0.07641763985157013 -0.09527406096458435 1.075382947921753
v 0.1326608806848526 -0.0944695696234703 1.0392799377441406
v -0.09692491590976715 -0.08334313333034515 0.9620906710624695
v -0.04157039895653725 -0.0788402110338211 0.9469185471534729
v 0.00044654778321273625 -0.09828999638557434 1.1285042762756348
v 0.058386825025081635 -0.09754686057567596 1.1013215780258179
v 0.10033411532640457 -0.08627436310052872 0.9454602003097534
v -0.13876856863498688 -0.09699403494596481 1.1034328937530518
v -0.07360032945871353 -0.08894982188940048 1.0294036865234375
v -0.016406206414103508 -0.09105489403009415 1.0682071447372437
v 0.03428095206618309 -0.09993527829647064 1.0079691410064697
v 0.09398119896650314 -0.09634473919868469 1.0979671478271484
v 0.15090659260749817 -0.09056571871042252 1.0313352346420288
v -0.09990157932043076 -0.09039237350225449 1.0680427551269531
v -0.04117419570684433 -0.08900279551744461 1.059454083442688
v 0.012509136460721493 -0.09868715703487396 1.1317275762557983
v 0.0669945552945137 -0.09336807578802109 1.091530680656433
v 0.11416564881801605 -0.08557716757059097 0.9451160430908203
v -0.11232830584049225 -0.08121613413095474 0.9485572576522827
v -0.05444176867604256 -0.08031728863716125 0.9433202147483826
v -0.011004175990819931 -0.09570714086294174 1.1096175909042358
v 0.04670454189181328 -0.09740682691335678 1.1007767915725708
v 0.08655396848917007 -0.08195167034864426 0.9537351727485657
v -0.15638022124767303 -0.09422488510608673 1.1157153844833374
v -0.08805014938116074 -0.08865410089492798 1.064713478088379
v -0.029030220583081245 -0.08911081403493881 1.0686416625976562
v 0.024347778409719467 -0.09634140133857727 1.1210445165634155
v 0.07802453637123108 -0.09199971705675125 1.0758968591690063
v 0.13491764664649963 -0.08993121981620789 1.0392546653747559
v -0.11661076545715332 -0.08987805992364883 1.0774765014648438
v -0.05351131409406662 -0.0877448096871376 1.054634690284729
v 0.0010686224559322 -0.09567432850599289 1.1285018920898438
v 0.05962856486439705 -0.09395241737365723 1.101835012435913
v 0.10160468518733978 -0.08271750807762146 0.9447243213653564
v -0.13652794063091278 -0.09261214733123779 1.098789095878601
v -0.07169397175312042 -0.08498769998550415 1.0293265581130981
v -0.016021501272916794 -0.0878843292593956 1.0737050771713257
v 0.035768814384937286 -0.09400996565818787 1.0122002363204956
v 0.0954330712556839 -0.09285672754049301 1.097413182258606
v 0.1528790146112442 -0.08678886294364929 1.032131314277649
v -0.09926068782806396 -0.08725499361753464 1.0717556476593018
v -0.0402640737593174 -0.08580116927623749 1.0652137994766235
v 0.013570960611104965 -0.09541346877813339 1.1267600059509277
v 0.0672166645526886 -0.08986156433820724 1.08793044090271
v 0.11609525233507156 -0.08238741010427475 0.946809709072113
v -0.11089550703763962 -0.0782858207821846 0.9501842856407166
v -0.05214681103825569 -0.0763804018497467 0.9452242255210876
v -0.010459416545927525 -0.0930907130241394 1.1122175455093384
v 0.04810822382569313 -0.09343260526657104 1.0978387594223022
v 0.08821138739585876 -0.07911750674247742 0.9561378359794617
v -0.1522785872220993 -0.08938323706388474 1.090057134628296
v -0.08652876317501068 -0.08509435504674911 1.067817211151123
v -0.02870560623705387 -0.08648929744958878 1.0755244493484497
v 0.026043450459837914 -0.09328274428844452 1.1140577793121338
v 0.07969693839550018 -0.08873679488897324 1.0764058828353882
v 0.13671013712882996 -0.08612336963415146 1.0390424728393555
v -0.11516418308019638 -0.08623725920915604 1.0817936658859253
v -0.051428601145744324 -0.08382865786552429 1.0605194568634033
v 0.0012303796829655766 -0.09240979701280594 1.1247271299362183
v 0.060595232993364334 -0.09034954756498337 1.1029999256134033
v 0.10254941880702972 -0.07931395620107651 0.9417991042137146
v -0.13417597115039825 -0.08928113430738449 1.0970379114151
v -0.06523549556732178 -0.07792254537343979 0.9486329555511475
v -0.02109294757246971 -0.0886709988117218 1.1095776557922363
v 0.03722303733229637 -0.08911455422639847 1.0205901861190796
v 0.09649761021137238 -0.08929391205310822 1.0965158939361572
v 0.15529599785804749 -0.08319438993930817 1.0327638387680054
v -0.09874490648508072 -0.08409080654382706 1.0751765966415405
v -0.039533816277980804 -0.08285301923751831 1.0713540315628052
v 0.014748361892998219 -0.0908508375287056 1.1154682636260986
v 0.0691404938697815 -0.08638474345207214 1.0877552032470703
v 0.11759866774082184 -0.07925770431756973 0.9476901888847351
v -0.10947088897228241 -0.07538875937461853 0.9519245624542236
v -0.06306200474500656 -0.08320115506649017 1.0529038906097412
v -0.010055667720735073 -0.09038814902305603 1.1148884296417236
v 0.049448296427726746 -0.08965534716844559 1.1022043228149414
v 0.08957801014184952 -0.0763370469212532 0.9579343795776367
v -0.15040063858032227 -0.08673790842294693 1.0875098705291748
v -0.08471472561359406 -0.0811394453048706 1.0678095817565918
v -0.028726032003760338 -0.08376817405223846 1.0819082260131836
v 0.01821339689195156 -0.08510618656873703 1.0235062837600708
v 0.08142425864934921 -0.08551649004220963 1.076759934425354
v 0.13863018155097961 -0.08255195617675781 1.039345383644104
v -0.11313742399215698 -0.08235853910446167 1.0845980644226074
v -0.05028224736452103 -0.08068381249904633 1.0664695501327515
v 0.0014828586718067527 -0.08928866684436798 1.1205765008926392
v 0.06160784140229225 -0.08701686561107635 1.103817105293274
v 0.10347175598144531 -0.0761953741312027 0.9391526579856873
v -0.13182432949543 -0.0857122540473938 1.0957238674163818
v -0.06332765519618988 -0.07334725558757782 0.9467670321464539
v -0.020766086876392365 -0.08716060221195221 1.1125999689102173
v 0.03463118523359299 -0.08792697638273239 1.1034526824951172
v 0.09746173769235611 -0.08599790185689926 1.0954923629760742
v 0.15891365706920624 -0.07984752207994461 1.032432198524475
v -0.09811088442802429 -0.08074307441711426 1.0781731605529785
v -0.038964904844760895 -0.07998253405094147 1.077440619468689
v 0.015602693893015385 -0.08723626285791397 1.1060839891433716
v 0.0706789568066597 -0.08337139338254929 1.0851114988327026
v 0.11868036538362503 -0.07593623548746109 0.9477638006210327
v -0.10810559242963791 -0.07256537675857544 0.9538144469261169
v -0.062236983329057693 -0.08024619519710541 1.0622007846832275
v -0.0096281748265028 -0.08765754848718643 1.1162283420562744
v 0.050878144800662994 -0.08600930124521255 1.1078089475631714
v 0.09096081554889679 -0.07340602576732635 0.9597107768058777
v -0.14885160326957703 -0.08353446424007416 1.0878106355667114
v -0.08344414830207825 -0.0771089568734169 1.0525509119033813
v -0.028658034279942513 -0.08132044225931168 1.0854707956314087
v 0.02118445560336113 -0.08101731538772583 1.0229566097259521
v 0.08283284306526184 -0.08215918391942978 1.077028512954712
v 0.1405216008424759 -0.07975491136312485 1.038391351699829
v -0.11163060367107391 -0.07879893481731415 1.0861330032348633
v -0.04940500110387802 -0.07786507904529572 1.07240891456604
v 0.0029320777393877506 -0.08577372133731842 1.1129355430603027
v 0.06255639344453812 -0.08410574495792389 1.1038899421691895
v 0.10449966788291931 -0.07301454991102219 0.9366173148155212
v -0.12929444015026093 -0.08089487254619598 1.0907429456710815
v -0.0611342117190361 -0.06949211657047272 0.9492685198783875
v -0.02036387287080288 -0.08544626832008362 1.1127840280532837
v 0.036736324429512024 -0.08430826663970947 1.1094083786010742
v 0.09896716475486755 -0.08276816457509995 1.0938985347747803
v -0.1692230999469757 -0.08130624145269394 1.0840318202972412
v -0.09733320772647858 -0.07724477350711823 1.0807956457138062
v -0.0383874736726284 -0.07712363451719284 1.0826458930969238
v 0.017044726759195328 -0.08425019681453705 1.104665994644165
v 0.07253164798021317 -0.07954246550798416 1.081170916557312
v 0.11988319456577301 -0.07285281270742416 0.9466705918312073
v -0.1067625880241394 -0.06979189068078995 0.9558003544807434
v -0.0601649172604084 -0.0763784721493721 1.0664634704589844
v -0.008907989598810673 -0.08513563126325607 1.116188645362854
v 0.05198829993605614 -0.08344079554080963 1.1129192113876343
v 0.0932944044470787 -0.0712021216750145 0.9650869965553284
v -0.14746707677841187 -0.07986167073249817 1.088674545288086
v -0.07471368461847305 -0.07027261704206467 0.9536802768707275
v -0.0283710565418005 -0.07839775830507278 1.0876140594482422
v 0.023750953376293182 -0.07681680470705032 1.0245403051376343
v 0.0842575877904892 -0.07867089658975601 1.0773956775665283
v 0.14234888553619385 -0.07565518468618393 1.0357216596603394
v -0.11040736734867096 -0.07495954632759094 1.0879406929016113
v -0.04867318645119667 -0.07508966326713562 1.0777682065963745
v 0.004068522248417139 -0.08159381151199341 1.104488730430603
v 0.06347162276506424 -0.08109168708324432 1.101317048072815
v 0.10568364709615707 -0.06974412500858307 0.9343616962432861
v -0.12679579854011536 -0.07671631127595901 1.0848982334136963
v -0.06929676979780197 -0.07390441745519638 1.0312049388885498
v -0.019937055185437202 -0.08213711529970169 1.1060364246368408
v 0.0385570265352726 -0.08072018623352051 1.114653468132019
v 0.10024629533290863 -0.07934155315160751 1.091782808303833
v -0.1642569750547409 -0.07808678597211838 1.0861302614212036
v -0.09610410034656525 -0.0732954666018486 1.0835083723068237
v -0.03781210631132126 -0.07422539591789246 1.0867868661880493
v 0.01779172755777836 -0.08030913025140762 1.1070878505706787
v 0.07412923127412796 -0.07660866528749466 1.0793824195861816
v 0.1203710064291954 -0.06832262873649597 0.9396743774414062
v -0.10561161488294601 -0.06695924699306488 0.9579566717147827
v -0.058821190148591995 -0.07328158617019653 1.0711604356765747
v -0.00767817348241806 -0.08058931678533554 1.1088685989379883
v 0.05252101272344589 -0.08000659942626953 1.1163222789764404
v 0.11175522208213806 -0.0767725259065628 1.0559263229370117
v -0.14618918299674988 -0.07617637515068054 1.090537667274475
v -0.07220161706209183 -0.06609577685594559 0.9504660367965698
v -0.025791974738240242 -0.07963788509368896 0.9832116961479187
v 0.02605525217950344 -0.0730639100074768 1.0272862911224365
v 0.08519793301820755 -0.07531733065843582 1.0762075185775757
v 0.14501047134399414 -0.07140209525823593 1.028766393661499
v -0.10965947806835175 -0.0712231919169426 1.0896074771881104
v -0.047977760434150696 -0.07233086973428726 1.08278489112854
v 0.0052613369189202785 -0.07813569158315659 1.1062769889831543
v 0.06429634243249893 -0.07598738372325897 1.0909887552261353
v 0.10686144232749939 -0.06652423739433289 0.9325698018074036
v -0.12184227257966995 -0.06578969210386276 0.9774545431137085
v -0.06807459890842438 -0.07007043063640594 1.0343806743621826
v -0.019660424441099167 -0.07822246849536896 1.0988283157348633
v 0.03919405862689018 -0.07523481547832489 1.1174019575119019
v 0.1014426052570343 -0.07504630833864212 1.0877587795257568
v -0.1618247926235199 -0.0744023323059082 1.0863795280456543
v -0.0946069061756134 -0.06951360404491425 1.08614182472229
v -0.037288036197423935 -0.07165738195180893 1.088381290435791
v 0.0187663696706295 -0.0767211988568306 1.1107300519943237
v 0.07552403956651688 -0.07323428988456726 1.078056812286377
v 0.12232568114995956 -0.06475454568862915 0.9372698068618774
v -0.10463938117027283 -0.06425124406814575 0.9601441621780396
v -0.057896848767995834 -0.07024276256561279 1.0755306482315063
v -0.006327231414616108 -0.07606781274080276 1.1037445068359375
v 0.05324673280119896 -0.07314000278711319 1.075087070465088
v 0.10647092759609222 -0.07155551016330719 1.0241832733154297
v -0.14437803626060486 -0.07246410846710205 1.092556118965149
v -0.06958118826150894 -0.06222963705658913 0.9528067708015442
v -0.023016195744276047 -0.07480713725090027 0.9802954792976379
v 0.028265874832868576 -0.06951335817575455 1.0298405885696411
v 0.0868452861905098 -0.071533203125 1.0735573768615723
v 0.14360155165195465 -0.0662882849574089 1.0017634630203247
v -0.10869770497083664 -0.0670480877161026 1.0915786027908325
v -0.04703495651483536 -0.0697067603468895 1.0871577262878418
v 0.00633032014593482 -0.07506544142961502 1.1120128631591797
v 0.06518640369176865 -0.07155313342809677 1.0771305561065674
v 0.10824278742074966 -0.0631987527012825 0.9313902854919434
v -0.12050837278366089 -0.06248713657259941 0.9704034924507141
v -0.06657914072275162 -0.06670774519443512 1.0371712446212769
v -0.01899503543972969 -0.075018972158432 1.0986074209213257
v 0.04171000048518181 -0.07000989466905594 1.065903663635254
v 0.10250896215438843 -0.0706719234585762 1.082118034362793
v -0.15951645374298096 -0.0707758292555809 1.0866528749465942
v -0.08348070830106735 -0.06278353929519653 0.9590404033660889
v -0.03645750507712364 -0.06886274367570877 1.089153528213501
v 0.019447840750217438 -0.07242951542139053 1.089841365814209
v 0.07625742256641388 -0.06901861727237701 1.0751980543136597
v 0.1261867731809616 -0.06551850587129593 1.0045572519302368
v -0.10383400321006775 -0.061439916491508484 0.962314784526825
v -0.05719993636012077 -0.06745846569538116 1.0797646045684814
v -0.005087639670819044 -0.0724068135023117 1.1081639528274536
v 0.0541938953101635 -0.06883909553289413 1.065354824066162
v 0.1057906374335289 -0.0664486512541771 1.0114357471466064
v -0.14207853376865387 -0.06916020065546036 1.094607949256897
v -0.07929769158363342 -0.06533250212669373 1.033232569694519
v -0.02096572332084179 -0.06920994073152542 0.9792928099632263
v 0.030200308188796043 -0.06606515496969223 1.0320286750793457
v 0.08839600533246994 -0.06807390600442886 1.073660969734192
v 0.145466148853302 -0.06312446296215057 0.9997824430465698
v -0.10796111822128296 -0.062268491834402084 1.0943161249160767
v -0.04628116637468338 -0.06666284054517746 1.0911662578582764
v 0.006963447201997042 -0.07189097255468369 1.117296814918518
v 0.06387817859649658 -0.0706043466925621 1.0357344150543213
v 0.10963282734155655 -0.059832613915205 0.9300681948661804
v -0.11851805448532104 -0.05968086048960686 0.9678202271461487
v -0.06567379832267761 -0.06320207566022873 1.0410091876983643
v -0.017711758613586426 -0.0707896277308464 1.100472331047058
v 0.04290148615837097 -0.06615359336137772 1.059292197227478
v 0.10330287367105484 -0.06685622036457062 1.0786336660385132
v -0.15756270289421082 -0.06714477390050888 1.0868326425552368
v -0.08127982914447784 -0.05852116271853447 0.9553887844085693
v -0.036157988011837006 -0.06590268015861511 1.0905847549438477
v 0.019566884264349937 -0.06640426069498062 1.0661503076553345
v 0.07743065804243088 -0.06585565954446793 1.0726046562194824
v 0.12861952185630798 -0.06265919655561447 1.0070382356643677
v -0.10303912311792374 -0.058626439422369 0.9639526009559631
v -0.056480955332517624 -0.06453327089548111 1.0835610628128052
v -0.004520127549767494 -0.06896164268255234 1.113411784172058
v 0.05498109012842178 -0.06494792550802231 1.0589137077331543
v 0.10871567577123642 -0.06299305707216263 1.0149140357971191
v -0.1401827335357666 -0.06642640382051468 1.096747875213623
v -0.07768579572439194 -0.06184081733226776 1.032811164855957
v -0.0303374994546175 -0.06776787340641022 1.0984559059143066
v 0.03182933107018471 -0.0627385750412941 1.0340094566345215
v 0.08991757780313492 -0.06481411308050156 1.0738849639892578
v 0.14712172746658325 -0.059759471565485 0.9998412132263184
v -0.10706839710474014 -0.05544117093086243 1.093401551246643
v -0.04622332379221916 -0.06321903318166733 1.0916327238082886
v 0.008526121266186237 -0.06547068804502487 1.0704023838043213
v 0.06691323220729828 -0.06385908275842667 1.0616135597229004
v 0.11082784831523895 -0.05654456093907356 0.9287164807319641
v -0.11672540009021759 -0.05678592994809151 0.9664380550384521
v -0.06716078519821167 -0.0615069605410099 1.0721849203109741
v -0.016467267647385597 -0.06653259694576263 1.106401801109314
v 0.043875742703676224 -0.0627870261669159 1.0550779104232788
v 0.10461176186800003 -0.06359195709228516 1.0778056383132935
v -0.1557205319404602 -0.06374155730009079 1.0877301692962646
v -0.079132080078125 -0.05514857918024063 0.9570950865745544
v -0.03550761193037033 -0.0627422109246254 1.0927269458770752
v 0.02036340907216072 -0.0625544860959053 1.0598303079605103
v 0.07876783609390259 -0.0625510886311531 1.069204330444336
v 0.13064931333065033 -0.05973966792225838 1.0087772607803345
v -0.10234005749225616 -0.05588077753782272 0.9654080867767334
v -0.055830419063568115 -0.06124582141637802 1.08558988571167
v -0.004281595349311829 -0.06452901661396027 1.1158312559127808
v 0.05589250475168228 -0.06155234947800636 1.05457603931427
v 0.11152644455432892 -0.059805259108543396 1.0182034969329834
v -0.13857144117355347 -0.06338021159172058 1.0989031791687012
v -0.07623032480478287 -0.05842985585331917 1.032475471496582
v -0.0307293850928545 -0.06409750133752823 1.1041775941848755
v 0.03313922882080078 -0.05959899351000786 1.0361955165863037
v 0.09148062020540237 -0.061453964561223984 1.0737323760986328
v 0.1489063948392868 -0.05625709518790245 1.000196099281311
v -0.09132574498653412 -0.05458926782011986 0.9656054973602295
v -0.03922438994050026 -0.06014690920710564 0.9826599955558777
v 0.00977854710072279 -0.061282332986593246 1.0617238283157349
v 0.06817156076431274 -0.060360949486494064 1.057279109954834
v 0.11200679838657379 -0.053288497030735016 0.927503228187561
v -0.11501958966255188 -0.05393696948885918 0.9662122130393982
v -0.06606180220842361 -0.0585058331489563 1.0756793022155762
v -0.015238446183502674 -0.06259368360042572 1.1118420362472534
v 0.04476691409945488 -0.0595862939953804 1.0515135526657104
v 0.10566244274377823 -0.06035368889570236 1.0777838230133057
v -0.15393507480621338 -0.06048914045095444 1.088837742805481
v -0.09070450812578201 -0.058536261320114136 1.0397143363952637
v -0.033782411366701126 -0.059443399310112 1.094734787940979
v 0.02153683640062809 -0.058998577296733856 1.0543683767318726
v 0.07998684793710709 -0.059163544327020645 1.0655025243759155
v 0.1324414312839508 -0.056447479873895645 1.0100979804992676
v -0.10159812122583389 -0.053116656839847565 0.9667581915855408
v -0.05173317715525627 -0.056733109056949615 0.9801780581474304
v -0.0012146433582529426 -0.059146035462617874 1.0678410530090332
v 0.05577513203024864 -0.05666068568825722 1.0276458263397217
v 0.1148018017411232 -0.05661490187048912 1.0307337045669556
v -0.1368061900138855 -0.06025117263197899 1.1014912128448486
v -0.07510051131248474 -0.05517912283539772 1.0323964357376099
v -0.029909640550613403 -0.060836441814899445 1.1094367504119873
v 0.034474972635507584 -0.0566646009683609 1.0488046407699585
v 0.09295322000980377 -0.058310750871896744 1.0735830068588257
v 0.15056686103343964 -0.052910447120666504 1.0009031295776367
v -0.08994743973016739 -0.05124680697917938 0.9624689221382141
v -0.03816615417599678 -0.05578386411070824 0.9814437031745911
v 0.01108813751488924 -0.05779915302991867 1.0558894872665405
v 0.0691898763179779 -0.057070694863796234 1.0539385080337524
v 0.11322622746229172 -0.050351761281490326 0.9263728260993958
v -0.11349156498908997 -0.05096184089779854 0.966523289680481
v -0.06550022214651108 -0.05494343489408493 1.0791888236999512
v -0.013632460497319698 -0.057984061539173126 1.1158851385116577
v 0.045712266117334366 -0.05637693032622337 1.0482754707336426
v 0.1072760596871376 -0.056862469762563705 1.0772336721420288
v -0.15238741040229797 -0.05722540244460106 1.0904368162155151
v -0.08862249553203583 -0.05456508696079254 1.036778211593628
v -0.03265128284692764 -0.05554567649960518 1.0607683658599854
v 0.022862570360302925 -0.05523401498794556 1.0489449501037598
v 0.08126992732286453 -0.05585674196481705 1.062076210975647
v 0.13447082042694092 -0.05324451997876167 1.0103976726531982
v -0.10075679421424866 -0.05021411180496216 0.9681347012519836
v -0.05020226165652275 -0.052452001720666885 0.976231038570404
v 0.0011166585609316826 -0.05476803332567215 1.0468944311141968
v 0.057220280170440674 -0.05361887067556381 1.0268940925598145
v 0.11689303815364838 -0.05338870733976364 1.0381956100463867
v -0.1345018446445465 -0.05727116018533707 1.1040019989013672
v -0.07411627471446991 -0.05215726047754288 1.0326710939407349
v -0.029960405081510544 -0.0553942434489727 1.1138737201690674
v 0.035780031234025955 -0.05376226082444191 1.0468114614486694
v 0.094255730509758 -0.055225957185029984 1.07317316532135
v 0.15242786705493927 -0.04954715818166733 1.0023208856582642
v -0.08874107897281647 -0.048352304846048355 0.9635473489761353
v -0.03714259713888168 -0.0520530566573143 0.9828958511352539
v 0.012984776869416237 -0.05263930931687355 1.022784948348999
v 0.07015837728977203 -0.053922198712825775 1.0514588356018066
v 0.1144399344921112 -0.04761667922139168 0.9253141283988953
v -0.11211873590946198 -0.048209358006715775 0.96697598695755
v -0.06461992114782333 -0.05123123526573181 1.0805511474609375
v -0.008891662582755089 -0.052788153290748596 1.0242195129394531
v 0.04651966318488121 -0.05316338688135147 1.04547119140625
v 0.10043999552726746 -0.05153747275471687 1.0270297527313232
v -0.15075212717056274 -0.05409158766269684 1.0924187898635864
v -0.08651631325483322 -0.051068950444459915 1.0333597660064697
v -0.02835341915488243 -0.05158397555351257 1.0077184438705444
v 0.024209080263972282 -0.051756296306848526 1.0410596132278442
v 0.08250205218791962 -0.052559420466423035 1.0588533878326416
v 0.136306494474411 -0.05016322433948517 1.0110931396484375
v -0.09981135278940201 -0.04725053533911705 0.9687638282775879
v -0.04891413450241089 -0.04908059909939766 0.9747145771980286
v 0.002839009277522564 -0.0507267490029335 1.019595742225647
v 0.059139084070920944 -0.05146081745624542 1.0444837808609009
v 0.11810409277677536 -0.05031300708651543 1.0398107767105103
v -0.1317320168018341 -0.054954733699560165 1.1053041219711304
v -0.0732654556632042 -0.04866092652082443 1.0330575704574585
v -0.023081008344888687 -0.049277156591415405 1.0590448379516602
v 0.03656017407774925 -0.050948917865753174 1.0446950197219849
v 0.09553047269582748 -0.05209055542945862 1.0725010633468628
v 0.15544427931308746 -0.045949965715408325 1.005225658416748
v -0.08739031851291656 -0.04544219374656677 0.967154324054718
v -0.03874266520142555 -0.04824419319629669 1.0023783445358276
v 0.01430553663522005 -0.049067918211221695 1.0199456214904785
v 0.07124966382980347 -0.05073006451129913 1.0492318868637085
v 0.11561737954616547 -0.04479183629155159 0.9244378209114075
v -0.11088473349809647 -0.045407574623823166 0.967741847038269
v -0.06319047510623932 -0.04698760062456131 1.079550862312317
v -0.007452420424669981 -0.04876749590039253 1.0144964456558228
v 0.04689943790435791 -0.05011087283492088 1.0415722131729126
v 0.10222385078668594 -0.048232968896627426 1.0242701768875122
v -0.14920876920223236 -0.05104418098926544 1.0947083234786987
v -0.08488049358129501 -0.04694497585296631 1.031278133392334
v -0.0270160473883152 -0.04766200855374336 1.003798484802246
v 0.025638915598392487 -0.048717666417360306 1.0398070812225342
v 0.08362925797700882 -0.04934966191649437 1.0559114217758179
v 0.13814635574817657 -0.04714428260922432 1.0122488737106323
v -0.09853328764438629 -0.04425164312124252 0.9681743383407593
v -0.04777759686112404 -0.045837994664907455 0.9745773077011108
v 0.0038178747054189444 -0.04698804020881653 1.0178334712982178
v 0.05998861417174339 -0.048659324645996094 1.043369174003601
v 0.11930492520332336 -0.04761847108602524 1.0410114526748657
v -0.12919196486473083 -0.052347831428050995 1.1039857864379883
v -0.07228109985589981 -0.044511888176202774 1.0336976051330566
v -0.0174853652715683 -0.046107131987810135 1.0085703134536743
v 0.037325095385313034 -0.04813319072127342 1.0422005653381348
v 0.09677349030971527 -0.04896554723381996 1.0707730054855347
v -0.16865971684455872 -0.04818914458155632 1.087350845336914
v -0.10096510499715805 -0.04991709813475609 1.0587981939315796
v -0.0368807353079319 -0.0452139750123024 0.9964385628700256
v 0.015474734827876091 -0.04597167298197746 1.0195832252502441
v 0.07235448807477951 -0.047521721571683884 1.0469646453857422
v 0.11682699620723724 -0.04187004640698433 0.9230862855911255
v -0.10975738614797592 -0.04255953058600426 0.9685447216033936
v -0.06030457839369774 -0.041071224957704544 1.0679603815078735
v -0.00633716955780983 -0.0452427864074707 1.0131760835647583
v 0.04826939105987549 -0.04615842550992966 1.0295814275741577
v 0.10426083952188492 -0.045318879187107086 1.0246806144714355
v -0.14782671630382538 -0.047968313097953796 1.0968313217163086
v -0.07935601472854614 -0.043724771589040756 0.9601077437400818
v -0.02587858960032463 -0.043043460696935654 0.9674994349479675
v 0.02717447280883789 -0.04591955244541168 1.0391504764556885
v 0.0847790390253067 -0.046148691326379776 1.0535088777542114
v 0.13965889811515808 -0.043974507600069046 1.0133402347564697
v -0.09740152209997177 -0.04124205932021141 0.9698757529258728
v -0.046675506979227066 -0.042656127363443375 0.9751912951469421
v 0.005018894094973803 -0.044228434562683105 1.0185017585754395
v 0.06093441694974899 -0.04559468850493431 1.0413353443145752
v 0.1051216870546341 -0.04043886438012123 0.9505279064178467
v -0.12717796862125397 -0.049585696309804916 1.1019853353500366
v -0.06690623611211777 -0.04297225549817085 0.9689717292785645
v -0.01596548967063427 -0.04281005635857582 1.0067678689956665
v 0.037998784333467484 -0.045002907514572144 1.0389845371246338
v 0.09773077815771103 -0.045880962163209915 1.067341685295105
v -0.1633368879556656 -0.04499142989516258 1.0884606838226318
v -0.09827026724815369 -0.04535717889666557 1.0575004816055298
v -0.03559911996126175 -0.04170846566557884 0.9896753430366516
v 0.016541024670004845 -0.04323935881257057 1.0209965705871582
v 0.07347063720226288 -0.04432101175189018 1.044882893562317
v 0.11831186711788177 -0.03891422972083092 0.9219934940338135
v -0.10856250673532486 -0.03967544063925743 0.9695855379104614
v -0.0569068118929863 -0.04045584797859192 0.9788268804550171
v -0.004950737114995718 -0.04214329272508621 1.0129523277282715
v 0.04931888356804848 -0.04331528767943382 1.0292387008666992
v 0.1063525378704071 -0.04251605644822121 1.026096224784851
v -0.14652979373931885 -0.044698067009449005 1.0985767841339111
v -0.07810138911008835 -0.039869897067546844 0.9669904112815857
v -0.02474290318787098 -0.03995577245950699 0.9709238409996033
v 0.028389839455485344 -0.04327062889933586 1.0368465185165405
v 0.08569540083408356 -0.04315279796719551 1.0513792037963867
v 0.14126580953598022 -0.04087305814027786 1.014413833618164
v -0.09626033157110214 -0.03837369382381439 0.9734834432601929
v -0.04556981101632118 -0.03972698375582695 0.9758339524269104
v 0.006162251811474562 -0.041967958211898804 1.0186487436294556
v 0.06211401894688606 -0.04247073456645012 1.0396554470062256
v 0.10591395199298859 -0.03774307668209076 0.9481865763664246
v -0.124203622341156 -0.03717612847685814 0.9888141751289368
v -0.0662168562412262 -0.038959939032793045 0.9713811874389648
v -0.015463772229850292 -0.040157198905944824 1.0078755617141724
v 0.038898538798093796 -0.041936635971069336 1.0344314575195312
v 0.09822376072406769 -0.04265733063220978 1.0630911588668823
v -0.1610727310180664 -0.041937876492738724 1.0895041227340698
v -0.0959886685013771 -0.04169459640979767 1.0552327632904053
v -0.03476594388484955 -0.03937390446662903 0.9894478917121887
v 0.017506342381238937 -0.04085743799805641 1.023443579673767
v 0.0745059996843338 -0.0412428118288517 1.0428069829940796
v 0.12019079923629761 -0.035747576504945755 0.9215641617774963
v -0.10730405896902084 -0.03677453100681305 0.970832884311676
v -0.055399686098098755 -0.037695448845624924 0.9748812317848206
v -0.0035933644976466894 -0.038636595010757446 0.9979031682014465
v 0.050901710987091064 -0.040663279592990875 1.0368443727493286
v 0.11007288098335266 -0.0409846305847168 1.0575065612792969
v -0.1451471596956253 -0.04141534864902496 1.1001440286636353
v -0.0792757049202919 -0.04032976180315018 1.0318914651870728
v -0.024453258141875267 -0.03776046261191368 0.9773433208465576
v 0.029012126848101616 -0.0400783009827137 1.0307148694992065
v 0.08656710386276245 -0.04018860682845116 1.0493460893630981
v 0.14286428689956665 -0.03798089921474457 1.0152372121810913
v -0.09487823396921158 -0.0354125089943409 0.9774835705757141
v -0.044540248811244965 -0.03689483553171158 0.9763087630271912
v 0.00739252008497715 -0.03759536147117615 1.0007883310317993
v 0.0633125752210617 -0.03939105570316315 1.038074016571045
v 0.10662899911403656 -0.034765224903821945 0.9436609148979187
v -0.12484240531921387 -0.04255998507142067 1.0998402833938599
v -0.06532004475593567 -0.0360870324075222 0.9755241274833679
v -0.013215274550020695 -0.03706718981266022 0.9995508790016174
v 0.040000684559345245 -0.03894185274839401 1.0310239791870117
v 0.09884632378816605 -0.03992900997400284 1.058298945426941
v -0.15897993743419647 -0.03899773955345154 1.0908576250076294
v -0.09346596151590347 -0.037790779024362564 1.0484707355499268
v -0.0341639369726181 -0.036089565604925156 0.9845035672187805
v 0.018239909783005714 -0.03661588206887245 1.0047955513000488
v 0.07558678835630417 -0.03822888433933258 1.0413235425949097
v 0.12246448546648026 -0.03250126168131828 0.9213948845863342
v -0.10602231323719025 -0.03393419086933136 0.9723278284072876
v -0.05438786372542381 -0.03508264571428299 0.9751622080802917
v -0.0028513639699667692 -0.03615685552358627 1.0040535926818848
v 0.05186259746551514 -0.037706173956394196 1.0348920822143555
v 0.11221717298030853 -0.03834213316440582 1.0604479312896729
v -0.1435825526714325 -0.0381137952208519 1.1018003225326538
v -0.0780368372797966 -0.03676014766097069 1.0334794521331787
v -0.023418644443154335 -0.03510729968547821 0.9834320545196533
v 0.03017810545861721 -0.036952126771211624 1.0306533575057983
v 0.0874859094619751 -0.037188563495874405 1.0475068092346191
v 0.14468860626220703 -0.03516620397567749 1.0162320137023926
v -0.09387185424566269 -0.03285464271903038 0.9822391867637634
v -0.043522756546735764 -0.034301966428756714 0.9763677716255188
v 0.0085906395688653 -0.035049308091402054 0.999280571937561
v 0.06449083238840103 -0.036390271037817 1.0365488529205322
v 0.10747798532247543 -0.03170662000775337 0.9394704699516296
v -0.12973226606845856 -0.039292365312576294 1.0356758832931519
v -0.06417417526245117 -0.03341035544872284 0.9810894727706909
v -0.012222247198224068 -0.03448495641350746 0.986168622970581
v 0.04120103269815445 -0.035816341638565063 1.0300467014312744
v 0.09657829999923706 -0.03508392348885536 1.0287525653839111
v -0.15723484754562378 -0.03600839897990227 1.0922409296035767
v -0.09070465713739395 -0.0343715101480484 1.0359179973602295
v -0.03315288946032524 -0.03334922716021538 0.979253888130188
v 0.01979789510369301 -0.03413313254714012 0.9992324709892273
v 0.07666300982236862 -0.03526591509580612 1.0399789810180664
v 0.12457093596458435 -0.028871549293398857 0.9205145239830017
v -0.10481659322977066 -0.03111887536942959 0.9739807844161987
v -0.05342702567577362 -0.03253196179866791 0.9760085344314575
v -0.001485673594288528 -0.034051600843667984 1.0018383264541626
v 0.053051188588142395 -0.03473107889294624 1.0334142446517944
v 0.11329491436481476 -0.03583786264061928 1.0610830783843994
v -0.14231133460998535 -0.034857071936130524 1.103367805480957
v -0.07661280035972595 -0.03315161541104317 1.0344029664993286
v -0.02180268056690693 -0.03226656839251518 0.9739707112312317
v 0.03096584975719452 -0.033824093639850616 1.0084402561187744
v 0.08841800689697266 -0.034190770238637924 1.0459927320480347
v 0.14661230146884918 -0.032342180609703064 1.0171147584915161
v -0.10690386593341827 -0.031369131058454514 1.0543897151947021
v -0.04252621904015541 -0.031704504042863846 0.9763445854187012
v 0.009487088769674301 -0.03254323825240135 1.000212550163269
v 0.06561308354139328 -0.03344552963972092 1.0350091457366943
v 0.10908782482147217 -0.028984447941184044 0.936647891998291
v -0.12014196813106537 -0.02939114160835743 0.9906046986579895
v -0.06359173357486725 -0.030918924137949944 0.9827818274497986
v -0.010712477378547192 -0.031535498797893524 0.9749207496643066
v 0.04267754405736923 -0.03276718035340309 1.0319054126739502
v 0.09805972874164581 -0.03214021027088165 1.0278908014297485
v -0.15549412369728088 -0.033042795956134796 1.0938440561294556
v -0.0885654091835022 -0.03141031041741371 1.0329135656356812
v -0.031414758414030075 -0.030491022393107414 0.9701055288314819
v 0.020717767998576164 -0.031153468415141106 0.9970152974128723
v 0.07772306352853775 -0.03232487291097641 1.0387113094329834
v 0.12707722187042236 -0.025730859488248825 0.9186535477638245
v -0.1036023199558258 -0.02837960235774517 0.9756455421447754
v -0.05253676697611809 -0.03013925813138485 0.9767815470695496
v -9.526207577437162e-05 -0.03118768148124218 0.9883193373680115
v 0.054248105734586716 -0.031732331961393356 1.0320590734481812
v 0.11440325528383255 -0.03332165628671646 1.0618582963943481
v -0.14099738001823425 -0.03185300901532173 1.1051357984542847
v -0.0753348246216774 -0.030079316347837448 1.0351241827011108
v -0.020485110580921173 -0.029376385733485222 0.9654691219329834
v 0.03239662945270538 -0.030808942392468452 1.0074958801269531
v 0.08935056626796722 -0.03114635869860649 1.0447988510131836
v 0.14853596687316895 -0.029360763728618622 1.0180658102035522
v -0.10428647696971893 -0.029216207563877106 1.05244779586792
v -0.040856532752513885 -0.02874649129807949 0.9675413966178894
v 0.010547474026679993 -0.030086863785982132 0.9993422031402588
v 0.06670664250850677 -0.03055809810757637 1.0335618257522583
v 0.11088339239358902 -0.026316415518522263 0.93419349193573
v -0.11896064132452011 -0.026429733261466026 0.9916068315505981
v -0.0627133920788765 -0.028811221942305565 0.9832822680473328
v -0.00960102304816246 -0.028563734143972397 0.968223512172699
v 0.04366607218980789 -0.02951820008456707 1.0113167762756348
v 0.0997018814086914 -0.029211701825261116 1.0285632610321045
v -0.1539454609155655 -0.030015483498573303 1.0957368612289429
v -0.08719581365585327 -0.028493616729974747 1.0318330526351929
v -0.030165204778313637 -0.027354303747415543 0.9615892767906189
v 0.019624659791588783 -0.029220761731266975 1.0307129621505737
v 0.07874467223882675 -0.02939375303685665 1.0376583337783813
v 0.12927579879760742 -0.022433416917920113 0.9187918305397034
v -0.1023959368467331 -0.025697818025946617 0.9773795008659363
v -0.050673916935920715 -0.027259301394224167 0.967881441116333
v 0.0007599516538903117 -0.027600852772593498 0.9750954508781433
v 0.055470358580350876 -0.028841737657785416 1.0308904647827148
v 0.11518446356058121 -0.030362244695425034 1.059248447418213
v -0.13976095616817474 -0.028952578082680702 1.1065051555633545
v -0.07330375909805298 -0.026549380272626877 0.985910952091217
v -0.019222980365157127 -0.026537934318184853 0.9605040550231934
v 0.03328154608607292 -0.028234291821718216 1.0286587476730347
v 0.09027890861034393 -0.028114166110754013 1.0436936616897583
v 0.1504741609096527 -0.026217320933938026 1.0191619396209717
v -0.10113409161567688 -0.026636064052581787 1.048039436340332
v -0.039287347346544266 -0.025848453864455223 0.9598380923271179
v 0.011751912534236908 -0.027290042489767075 0.9947133660316467
v 0.06774977594614029 -0.027647940441966057 1.032370686531067
v 0.1122719943523407 -0.023479454219341278 0.9324013590812683
v -0.11954419314861298 -0.028084466233849525 1.100858449935913
v -0.060417357832193375 -0.025853769853711128 0.9699075818061829
v -0.008424836210906506 -0.02569122426211834 0.963239312171936
v 0.04511955380439758 -0.026410648599267006 1.0109903812408447
v 0.10145910829305649 -0.02639663964509964 1.0309268236160278
v -0.15244439244270325 -0.026887591928243637 1.097814917564392
v -0.08609238266944885 -0.02546129748225212 1.0314717292785645
v -0.028877519071102142 -0.0247946884483099 0.9569327235221863
v 0.021847417578101158 -0.026475893333554268 1.0283681154251099
v 0.0797586590051651 -0.026399770751595497 1.0369408130645752
v 0.13464808464050293 -0.0269528366625309 1.0232579708099365
v -0.10124189406633377 -0.023157602176070213 0.9791094660758972
v -0.04890159144997597 -0.02420295961201191 0.9595015048980713
v 0.0020540449768304825 -0.02481543831527233 0.9699370265007019
v 0.0566646009683609 -0.025981465354561806 1.0299867391586304
v 0.11526618152856827 -0.026897022500634193 1.045254111289978
v -0.13845288753509521 -0.02621437795460224 1.1070103645324707
v -0.0712321549654007 -0.02458544261753559 0.9754043817520142
v -0.01788325235247612 -0.02388976328074932 0.9566046595573425
v 0.03417142108082771 -0.025258606299757957 1.0264124870300293
v 0.09108889847993851 -0.02516110986471176 1.0425082445144653
v 0.15268947184085846 -0.023127473890781403 1.0203959941864014
v -0.09874796867370605 -0.023632561787962914 1.0451769828796387
v -0.0381019227206707 -0.02304258942604065 0.9552518129348755
v 0.013006671331822872 -0.02440222166478634 0.9891296029090881
v 0.0688365176320076 -0.02460813894867897 1.0315966606140137
v 0.1135973408818245 -0.02035548724234104 0.9306423664093018
v -0.11619848757982254 -0.024256663396954536 1.095999836921692
v -0.059000179171562195 -0.02295466884970665 0.9614976048469543
v -0.007191797252744436 -0.022973718121647835 0.9591061472892761
v 0.045647915452718735 -0.02379663661122322 1.025331974029541
v 0.10367880016565323 -0.022941287606954575 1.0416996479034424
v -0.150844007730484 -0.02359054796397686 1.099651575088501
v -0.08483919501304626 -0.022326961159706116 1.0313572883605957
v -0.02766084298491478 -0.022195730358362198 0.9532653093338013
v 0.023215193301439285 -0.023530783131718636 1.027715802192688
v 0.08078549057245255 -0.02337944507598877 1.0362999439239502
v 0.13707302510738373 -0.023994576185941696 1.0241035223007202
v -0.10020502656698227 -0.020630301907658577 0.981007993221283
v -0.047688860446214676 -0.02150794118642807 0.9550256133079529
v 0.0032939447555691004 -0.022044319659471512 0.9658469557762146
v 0.05787484347820282 -0.023053744807839394 1.0291191339492798
v 0.11656194925308228 -0.02392793633043766 1.0435916185379028
v -0.13701629638671875 -0.023405004292726517 1.107648491859436
v -0.06948597729206085 -0.021694110706448555 0.9662389159202576
v -0.0166137907654047 -0.021236717700958252 0.9532666206359863
v 0.03520243242383003 -0.022222714498639107 1.0247918367385864
v 0.09199955314397812 -0.022276626899838448 1.0414401292800903
v 0.15563741326332092 -0.020142026245594025 1.0218600034713745
v -0.09606795012950897 -0.020351281389594078 1.0398191213607788
v -0.03691874444484711 -0.020342379808425903 0.9515863060951233
v 0.014489106833934784 -0.021371426060795784 0.9839606881141663
v 0.06995823979377747 -0.021589158102869987 1.0310349464416504
v 0.11478736251592636 -0.017096512019634247 0.9282845258712769
v -0.11459656059741974 -0.018722085282206535 0.9906614422798157
v -0.057671960443258286 -0.020125217735767365 0.956477165222168
v -0.0060541750863194466 -0.020268790423870087 0.9561334252357483
v 0.047022271901369095 -0.02102382853627205 1.0270460844039917
v 0.10470312833786011 -0.020264698192477226 1.0429531335830688
v -0.14934149384498596 -0.020273922011256218 1.100228190422058
v -0.0797438770532608 -0.0204335767775774 0.9756749868392944
v -0.02643711119890213 -0.019536571577191353 0.9500135183334351
v 0.02448401041328907 -0.02090519294142723 1.0280145406723022
v 0.08184579759836197 -0.02031688578426838 1.0357255935668945
v 0.13873213529586792 -0.020894059911370277 1.0240952968597412
v -0.09926528483629227 -0.01810641400516033 0.9830789566040039
v -0.04643717780709267 -0.018825802952051163 0.951404333114624
v 0.004544403403997421 -0.019287480041384697 0.9626005291938782
v 0.05903460085391998 -0.020008528605103493 1.0283162593841553
v 0.11748262494802475 -0.02078281342983246 1.042951226234436
v -0.13520634174346924 -0.02050422690808773 1.107990026473999
v -0.06798771768808365 -0.018757464364171028 0.9604620933532715
v -0.015435945242643356 -0.018534604460000992 0.9504482746124268
v 0.03637627139687538 -0.01929166354238987 1.0262669324874878
v 0.09309244900941849 -0.018713921308517456 1.0324392318725586
v -0.16787278652191162 -0.017471831291913986 1.092071294784546
v -0.09239449352025986 -0.0174399483948946 1.0237412452697754
v -0.03580150753259659 -0.01766916923224926 0.9483997821807861
v 0.015596000477671623 -0.018491899594664574 0.9792419672012329
v 0.0710773766040802 -0.018541770055890083 1.0305042266845703
v 0.11609730124473572 -0.013774263672530651 0.9258377552032471
v -0.11298854649066925 -0.016040772199630737 0.989349365234375
v -0.05632605031132698 -0.017397359013557434 0.9525942802429199
v -0.0049286154098808765 -0.01756010204553604 0.9536330103874207
v 0.04820242151618004 -0.01816784217953682 1.0262706279754639
v 0.10556111484766006 -0.01741880550980568 1.044344186782837
v -0.1477341502904892 -0.01660510152578354 1.0983221530914307
v -0.07838277518749237 -0.017453279346227646 0.9688853621482849
v -0.025232188403606415 -0.016799623146653175 0.9473204612731934
v 0.02562134526669979 -0.017825309187173843 1.026447057723999
v 0.08293405175209045 -0.017194483429193497 1.0351446866989136
v 0.140884667634964 -0.017386076971888542 1.024125337600708
v -0.09854661673307419 -0.015537690371274948 0.9852351546287537
v -0.0452740415930748 -0.016138169914484024 0.9482852816581726
v 0.005705071613192558 -0.016534877941012383 0.960013210773468
v 0.06015169620513916 -0.016906142234802246 1.0275218486785889
v 0.11886563152074814 -0.01780005916953087 1.043131709098816
v -0.13342057168483734 -0.01681947149336338 1.1017940044403076
v -0.06650558114051819 -0.015946028754115105 0.9562397599220276
v -0.014303403906524181 -0.01582219824194908 0.9480949640274048
v 0.03745201602578163 -0.016282442957162857 1.0251476764678955
v 0.09428568184375763 -0.015684224665164948 1.0309984683990479
v -0.16332338750362396 -0.013475761748850346 1.0934654474258423
v -0.09165091067552567 -0.014591695740818977 1.0214402675628662
v -0.034693703055381775 -0.01500083040446043 0.9456915259361267
v 0.016604434698820114 -0.015485536307096481 0.9738755226135254
v 0.0721379742026329 -0.015469986014068127 1.030038595199585
v 0.11775384843349457 -0.010401373729109764 0.9249687194824219
v -0.11134527623653412 -0.013243576511740685 0.9886564016342163
v -0.05501958727836609 -0.014650465920567513 0.9494437575340271
v -0.003839754732325673 -0.014869450591504574 0.9514895081520081
v 0.04935803636908531 -0.015159789472818375 1.0253868103027344
v 0.10645842552185059 -0.014606241136789322 1.0458143949508667
v -0.14643147587776184 -0.013068349100649357 1.0993068218231201
v -0.07695873826742172 -0.014563901349902153 0.9632189869880676
v -0.02406834252178669 -0.01407770998775959 0.9450284242630005
v 0.026746539399027824 -0.014580142684280872 1.024965763092041
v 0.08404932916164398 -0.014081555418670177 1.0347753763198853
v 0.14272065460681915 -0.013670970685780048 1.0241128206253052
v -0.09799214452505112 -0.012919783592224121 0.9875336289405823
v -0.04413872957229614 -0.013415563851594925 0.9455578327178955
v 0.006863648537546396 -0.013798639178276062 0.9579810500144958
v 0.061209890991449356 -0.01382445078343153 1.026802897453308
v 0.1205311119556427 -0.014830317348241806 1.0438768863677979
v -0.13195723295211792 -0.01339801400899887 1.1010265350341797
v -0.06512345373630524 -0.013176057487726212 0.9526804089546204
v -0.013199296779930592 -0.013100179843604565 0.9461920261383057
v 0.03855704516172409 -0.013232679106295109 1.0242455005645752
v 0.09553855657577515 -0.012532954104244709 1.0311466455459595
v -0.16099253296852112 -0.009966381825506687 1.0958948135375977
v -0.0871209129691124 -0.012910556979477406 0.9754859805107117
v -0.03359436243772507 -0.012319264002144337 0.9433405995368958
v 0.017816506326198578 -0.012723681516945362 0.9708500504493713
v 0.07318449020385742 -0.012391208671033382 1.0298049449920654
v 0.12003640085458755 -0.007066073827445507 0.9287406206130981
v -0.1096968799829483 -0.010567691177129745 0.9881412982940674
v -0.05380145460367203 -0.011889694258570671 0.9467265009880066
v -0.0027020748239010572 -0.012181834317743778 0.9496919512748718
v 0.05050544813275337 -0.012089652009308338 1.0246267318725586
v 0.10735242068767548 -0.011750159785151482 1.0464471578598022
v -0.14550946652889252 -0.009884677827358246 1.1027748584747314
v -0.07550270855426788 -0.011625644750893116 0.9587283134460449
v -0.022870536893606186 -0.011332136578857899 0.943121075630188
v 0.02784067951142788 -0.011381693184375763 1.023764967918396
v 0.08508413285017014 -0.0109745217487216 1.0346986055374146
v 0.14437107741832733 -0.010099317878484726 1.0242888927459717
v -0.09749190509319305 -0.010278263129293919 0.9900083541870117
v -0.04299737885594368 -0.010660813190042973 0.9430854320526123
v 0.007997667416930199 -0.01100738625973463 0.9563829302787781
v 0.062253303825855255 -0.010756684467196465 1.026250958442688
v 0.12221620231866837 -0.011732799001038074 1.0446525812149048
v -0.13018718361854553 -0.01042468287050724 1.103511929512024
v -0.0638272687792778 -0.010351870208978653 0.949635922908783
v -0.012108446098864079 -0.010337239131331444 0.9445823431015015
v 0.0396946556866169 -0.010240490548312664 1.0234787464141846
v 0.0967671200633049 -0.009526549838483334 1.0325642824172974
v -0.1592855304479599 -0.0069475071504712105 1.098401427268982
v -0.0857250839471817 -0.010009187273681164 0.9686369299888611
v -0.032485201954841614 -0.009574850089848042 0.9415348172187805
v 0.018960431218147278 -0.009920435026288033 0.9686307311058044
v 0.07420388609170914 -0.009314559400081635 1.0297898054122925
v 0.12919877469539642 -0.0099512729793787 1.030381679534912
v -0.10814393311738968 -0.008032768964767456 0.9884893894195557
v -0.05260886251926422 -0.009107544086873531 0.9442620277404785
v -0.0015516646672040224 -0.009436345659196377 0.9482606649398804
v 0.05166276544332504 -0.009013889357447624 1.0240285396575928
v 0.10885942727327347 -0.008633453398942947 1.0363397598266602
v -0.1445460319519043 -0.007084232289344072 1.1056221723556519
v -0.07408470660448074 -0.008755856193602085 0.9551873803138733
v -0.02173617109656334 -0.008562606759369373 0.941441535949707
v 0.028794152662158012 -0.008272862061858177 1.022824764251709
v 0.08606189489364624 -0.007872777990996838 1.0346835851669312
v 0.1461344212293625 -0.006817268673330545 1.0249634981155396
v -0.09724998474121094 -0.00745456712320447 0.9918530583381653
v -0.041857533156871796 -0.007920999079942703 0.9409886598587036
v 0.009134945459663868 -0.008199266158044338 0.9551055431365967
v 0.06329730898141861 -0.0076964483596384525 1.0258170366287231
v 0.1232023611664772 -0.008519462309777737 1.0456725358963013
v -0.1279703974723816 -0.007388794329017401 1.1062895059585571
v -0.06257237493991852 -0.0075382268987596035 0.9470663070678711
v -0.01103010680526495 -0.007574324496090412 0.9432132840156555
v 0.04084693267941475 -0.007258799858391285 1.0228266716003418
v 0.09868954122066498 -0.006127724889665842 1.0395219326019287
v -0.1581108123064041 -0.004276284482330084 1.100904941558838
v -0.08413946628570557 -0.007128827273845673 0.9636316299438477
v -0.03140972927212715 -0.0068335095420479774 0.939925491809845
v 0.020131144672632217 -0.007028044667094946 0.967132031917572
v 0.0752115324139595 -0.0062296572141349316 1.0298594236373901
v 0.13210047781467438 -0.005860733799636364 1.0310330390930176
v -0.10681603848934174 -0.005434870254248381 0.989047110080719
v -0.0514230877161026 -0.006309619173407555 0.9422121047973633
v -0.0004318506398703903 -0.006648485083132982 0.9470916986465454
v 0.052782103419303894 -0.006006140261888504 1.023508906364441
v 0.10989785939455032 -0.005687293130904436 1.0370229482650757
v -0.1435222625732422 -0.004362246487289667 1.108676791191101
v -0.07263005524873734 -0.005935952067375183 0.9521200656890869
v -0.020599981769919395 -0.005778858438134193 0.9400634765625
v 0.02985214814543724 -0.005222178529947996 1.0222643613815308
v 0.08702301234006882 -0.004866655915975571 1.0345081090927124
v 0.1478055715560913 -0.0035114518832415342 1.0260350704193115
v -0.09681792557239532 -0.0046666949056088924 0.9922069907188416
v -0.040738433599472046 -0.0051476540975272655 0.9396061897277832
v 0.010254819877445698 -0.0053991591557860374 0.9541752934455872
v 0.06436170637607574 -0.00468607060611248 1.0255706310272217
v 0.12419485300779343 -0.005156398750841618 1.044948935508728
v -0.1252700686454773 -0.004221533425152302 1.1076174974441528
v -0.061314988881349564 -0.004741139244288206 0.9448548555374146
v -0.00995301827788353 -0.004865832626819611 0.9421041011810303
v 0.041992127895355225 -0.00427126232534647 1.0223252773284912
v 0.09993627667427063 -0.0032736584544181824 1.0417431592941284
v -0.15701502561569214 -0.0016870893305167556 1.103781819343567
v -0.08269838243722916 -0.004299439489841461 0.9595862627029419
v -0.030283339321613312 -0.004102267324924469 0.9384375810623169
v 0.021257858723402023 -0.004163654986768961 0.9663167595863342
v 0.07626625895500183 -0.003236539429053664 1.0300970077514648
v 0.13395634293556213 -0.0021522727329283953 1.031203031539917
v -0.10566315054893494 -0.0027893513906747103 0.9897633194923401
v -0.05027394741773605 -0.0035159005783498287 0.9405460357666016
v 0.0006868048803880811 -0.0038705242332071066 0.9462217092514038
v 0.053989410400390625 -0.003026460763067007 1.0230927467346191
v 0.11109326034784317 -0.00311088259331882 1.0378773212432861
v -0.14275382459163666 -0.0015413101064041257 1.1118237972259521
v -0.07127697020769119 -0.003154687350615859 0.9495646953582764
v -0.019487055018544197 -0.0030310419388115406 0.9389829039573669
v 0.030961601063609123 -0.0023544172290712595 1.0219601392745972
v 0.08795339614152908 -0.002071789698675275 1.0326361656188965
v 0.14947161078453064 -0.0003620566276367754 1.0270414352416992
v -0.09384697675704956 -0.0017924148123711348 0.9782103300094604
v -0.03962872177362442 -0.0024106146302074194 0.938211977481842
v 0.011340510100126266 -0.00263778492808342 0.9536444544792175
v 0.06544025987386703 -0.0017388989217579365 1.0255658626556396
v 0.12387678027153015 -0.002202999545261264 1.0374237298965454
v -0.12275725603103638 -0.0010988925350829959 1.1080687046051025
v -0.06011451780796051 -0.00195865985006094 0.9429844617843628
v -0.008882397785782814 -0.002180613810196519 0.9412469863891602
v 0.0431627593934536 -0.0013055496383458376 1.021968960762024
v 0.1010160744190216 -0.00046857152483426034 1.0436649322509766
v -0.15586994588375092 0.0009295480558648705 1.106809139251709
v -0.0813278779387474 -0.0014831104781478643 0.9561336636543274
v -0.02914111688733101 -0.0013731237268075347 0.9372207522392273
v 0.022397305816411972 -0.0014208945212885737 0.9658398032188416
v 0.0773077979683876 -0.0003635053872130811 1.0304251909255981
v 0.13529044389724731 0.0011546231107786298 1.0316516160964966
v -0.10460702329874039 -0.00020833434246014804 0.9907445907592773
v -0.049112364649772644 -0.0007598053198307753 0.9391269087791443
v 0.0017570233903825283 -0.0011266432702541351 0.9456198811531067
v 0.05514183267951012 -0.00012328769662417471 1.022969126701355
v 0.11016130447387695 -0.0008864706614986062 1.0159595012664795
v -0.14180710911750793 0.001637365436181426 1.1147876977920532
v -0.07001882791519165 -0.0003890770021826029 0.9473698139190674
v -0.018362969160079956 -0.00032097875373438 0.9380608797073364
v 0.03205152973532677 0.0004061400250066072 1.021875262260437
v 0.08900872617959976 0.0007215005462057889 1.031135082244873
v 0.1514463871717453 0.002456989837810397 1.0287779569625854
v -0.09228774905204773 0.00045344638056121767 0.9698165655136108
v -0.038531407713890076 0.00030365167185664177 0.9368937015533447
v 0.01237062830477953 8.046950824791566e-05 0.9533419609069824
v 0.06651469320058823 0.00117091229185462 1.0257136821746826
v 0.10674384236335754 0.0031209872104227543 0.9196189045906067
v -0.1200084462761879 0.001503947307355702 1.0841423273086548
v -0.05890195071697235 0.0007921538199298084 0.9412875175476074
v -0.007834854535758495 0.0005062572308816016 0.9405643343925476
v 0.0442931242287159 0.0015912549570202827 1.0218958854675293
v 0.10211795568466187 0.0022776105906814337 1.0449573993682861
v -0.1549178957939148 0.003994491416960955 1.1101109981536865
v -0.07999395579099655 0.0012826560996472836 0.953198254108429
v -0.02799694985151291 0.0013477610191330314 0.9361991286277771
v 0.023613810539245605 0.0012566951336339116 0.9657689332962036
v 0.07840552181005478 0.0024688830599188805 1.0308183431625366
v 0.1363823264837265 0.004471772350370884 1.0320429801940918
v -0.10360197722911835 0.0024107424542307854 0.9918355941772461
v -0.0479934923350811 0.0019769747741520405 0.9378647208213806
v 0.002816984662786126 0.0015989282401278615 0.9452460408210754
v 0.0561891607940197 0.002748985541984439 1.0227843523025513
v 0.11128471046686172 0.002338312566280365 1.0162503719329834
v -0.1404198259115219 0.005121427122503519 1.1160557270050049
v -0.06883291155099869 0.002388853346928954 0.9455170035362244
v -0.01730136014521122 0.0023674576077610254 0.9373469948768616
v 0.03318081051111221 0.003259205725044012 1.0220385789871216
v 0.09022587537765503 0.0035099906381219625 1.031117558479309
v 0.1519220471382141 0.004305241163820028 1.0208046436309814
v -0.09095889329910278 0.0031700092367827892 0.9647045135498047
v -0.03744298592209816 0.003013832261785865 0.9357172846794128
v 0.013446890749037266 0.002718040719628334 0.9532018899917603
v 0.06756412982940674 0.004024791065603495 1.0260863304138184
v 0.1113627627491951 0.006228197831660509 0.9225664138793945
v -0.11740423738956451 0.0021478740964084864 1.03324294090271
v -0.057749878615140915 0.003542611375451088 0.9397637248039246
v -0.0067788041196763515 0.0031581674702465534 0.9400485157966614
v 0.04544315114617348 0.004473487846553326 1.0219920873641968
v 0.10261858999729156 0.005771388299763203 1.0454699993133545
v -0.15420933067798615 0.007592540234327316 1.113783597946167
v -0.07884237915277481 0.00410006707534194 0.9512074589729309
v -0.026882098987698555 0.004057887475937605 0.9353473782539368
v 0.024871323257684708 0.003849930129945278 0.9659996032714844
v 0.07962783426046371 0.005427004769444466 1.0315483808517456
v 0.1374017596244812 0.006781591568142176 1.0323684215545654
v -0.1025698110461235 0.0050585088320076466 0.9929670095443726
v -0.04686403274536133 0.004688203800469637 0.9367522597312927
v 0.003875893075019121 0.004309976007789373 0.9450928568840027
v 0.0571909174323082 0.005605468060821295 1.0228074789047241
v 0.1125776544213295 0.005401620175689459 1.016418695449829
v -0.13610932230949402 0.00913520809262991 1.1019805669784546
v -0.0676681324839592 0.00514408852905035 0.9439396262168884
v -0.016268372535705566 0.005001788958907127 0.9368069767951965
v 0.0343564935028553 0.006193385925143957 1.022310495376587
v 0.09053397178649902 0.006085862405598164 1.0286388397216797
v 0.1547977328300476 0.00799495354294777 1.0245165824890137
v -0.08959759026765823 0.005881969816982746 0.9610264897346497
v -0.036377403885126114 0.005714836064726114 0.934811532497406
v 0.014521945267915726 0.0053286864422261715 0.9531821012496948
v 0.06872021406888962 0.0069390577264130116 1.0265916585922241
v 0.11465701460838318 0.00863997545093298 0.924613893032074
v -0.11579794436693192 0.0054481299594044685 1.0253965854644775
v -0.05658848211169243 0.006187139544636011 0.9383655190467834
v -0.005725730210542679 0.005804596934467554 0.939707338809967
v 0.046575095504522324 0.007323602680116892 1.022171139717102
v 0.10110100358724594 0.006613400764763355 1.0079985857009888
v -0.1534089297056198 0.011775370687246323 1.1168617010116577
v -0.07761432975530624 0.00683808047324419 0.9494245648384094
v -0.025770192965865135 0.0067320275120437145 0.934668779373169
v 0.02610677294433117 0.006508057937026024 0.9667925238609314
v 0.08055780082941055 0.008720715530216694 1.0322154760360718
v 0.138193741440773 0.009545896202325821 1.0280343294143677
v -0.1014990508556366 0.007789669092744589 0.9941165447235107
v -0.045805543661117554 0.0073363143019378185 0.9358418583869934
v 0.004914174322038889 0.006978612393140793 0.9450095295906067
v 0.05820430442690849 0.008498534560203552 1.0233302116394043
v 0.11374805867671967 0.00826314277946949 1.0165127515792847
v -0.12648412585258484 0.005652792751789093 1.0216639041900635
v -0.06649111956357956 0.007814783602952957 0.9426149129867554
v -0.015199203975498676 0.007581846322864294 0.9364205002784729
v 0.03557567670941353 0.009149606339633465 1.0225919485092163
v 0.08981987833976746 0.007625315338373184 1.000656008720398
v -0.1774284690618515 0.010971960611641407 1.1006519794464111
v -0.08804802596569061 0.00856905709952116 0.9579978585243225
v -0.035306137055158615 0.008399128913879395 0.9341020584106445
v 0.01559479907155037 0.008038599044084549 0.9532726407051086
v 0.06997738033533096 0.009945853613317013 1.0272566080093384
v 0.11693013459444046 0.011111806146800518 0.9233099222183228
v -0.11444301158189774 0.008691277354955673 1.0226179361343384
v -0.05547937750816345 0.008824348449707031 0.9375558495521545
v -0.004679648671299219 0.008427441120147705 0.9395710229873657
v 0.04767811670899391 0.010233672335743904 1.0224008560180664
v 0.10204657912254333 0.009641689248383045 1.0078084468841553
v -0.13977158069610596 0.007840952835977077 1.0231703519821167
v -0.07637178152799606 0.009504125453531742 0.9476573467254639
v -0.02470533549785614 0.009354195557534695 0.9342074394226074
v 0.02733386866748333 0.009210119023919106 0.967831015586853
v 0.07829470187425613 0.009281668812036514 0.9938443303108215
v 0.13993431627750397 0.01155934389680624 1.0291221141815186
v -0.10058551281690598 0.01033811829984188 0.9953747987747192
v -0.04473666474223137 0.009934011846780777 0.9350720643997192
v 0.005924923811107874 0.00961975660175085 0.9450218081474304
v 0.05932236090302467 0.011468370445072651 1.0243486166000366
v 0.1149088442325592 0.01106502115726471 1.01640784740448
v -0.12515385448932648 0.009363443590700626 1.0211981534957886
v -0.0653231292963028 0.010407873429358006 0.9415130615234375
v -0.014146045781672001 0.010128175839781761 0.9361587762832642
v 0.03678806126117706 0.012024659663438797 1.0229281187057495
v 0.0910000205039978 0.01086126547306776 1.000840187072754
v -0.1742485910654068 0.02054840698838234 1.1039161682128906
v -0.08685659617185593 0.011192632839083672 0.9557589888572693
v -0.034254077821969986 0.01102092582732439 0.9336168169975281
v 0.016677433624863625 0.0107595669105649 0.9534624218940735
v 0.06795689463615417 0.010978907346725464 1.0153623819351196
v 0.11870919913053513 0.014076641760766506 0.9187414050102234
v -0.11356787383556366 0.011934950016438961 1.021630048751831
v -0.054351914674043655 0.011408640071749687 0.9371430277824402
v -0.0036355338525027037 0.011039800941944122 0.9395631551742554
v 0.048697274178266525 0.013165819458663464 1.0228078365325928
v 0.10302186012268066 0.012491154484450817 1.0071487426757812
v -0.13788166642189026 0.0109863905236125 1.0208879709243774
v -0.07513207942247391 0.012059757485985756 0.945646345615387
v -0.02367423102259636 0.011926434934139252 0.9339630603790283
v 0.02857350744307041 0.012092990800738335 0.9687644839286804
v 0.07967323064804077 0.012720875442028046 0.9944666028022766
v 0.14167430996894836 0.0138240410014987 1.0307297706604004
v -0.09786830097436905 0.013455423526465893 0.971100389957428
v -0.043655939400196075 0.012545127421617508 0.9344958066940308
v 0.0069497982040047646 0.012266941368579865 0.9452093839645386
v 0.06052013486623764 0.014513488858938217 1.0252375602722168
v 0.11608115583658218 0.013797303661704063 1.0159149169921875
v -0.1240219995379448 0.012775531969964504 1.0212754011154175
v -0.06415066123008728 0.012955563142895699 0.9405591487884521
v -0.013109665364027023 0.01270566787570715 0.9360652565956116
v 0.037980712950229645 0.014959401451051235 1.0232025384902954
v 0.09193549305200577 0.013847297057509422 1.0001840591430664
v -0.1549617499113083 0.01312958262860775 1.0275278091430664
v -0.08563276380300522 0.013847225345671177 0.953769862651825
v -0.03321952372789383 0.013650662265717983 0.9333268404006958
v 0.017785051837563515 0.01351501327008009 0.9537155628204346
v 0.06799494475126266 0.013848279602825642 0.98713219165802
v 0.12705588340759277 0.015502385795116425 1.0240188837051392
v -0.11207959055900574 0.015080262906849384 1.0207589864730835
v -0.05321545526385307 0.01400529034435749 0.9365943670272827
v -0.0025990945287048817 0.013721777126193047 0.9396392107009888
v 0.04973335191607475 0.01610305719077587 1.0232683420181274
v 0.10414004325866699 0.015373577363789082 1.006173014640808
v -0.13616971671581268 0.014526032842695713 1.0205432176589966
v -0.07392725348472595 0.014595841988921165 0.9443855285644531
v -0.022698016837239265 0.014507169835269451 0.9338868856430054
v 0.029944002628326416 0.014947723597288132 0.9701141119003296
v 0.08085354417562485 0.015691550448536873 0.9940651655197144
v 0.14337924122810364 0.01630878634750843 1.0319137573242188
v -0.09668192267417908 0.015703151002526283 0.9667088389396667
v -0.042610615491867065 0.015191854909062386 0.9340662360191345
v 0.007938766852021217 0.01495938841253519 0.9454933404922485
v 0.0617426298558712 0.017555851489305496 1.0262255668640137
v 0.11720314621925354 0.01660894602537155 1.0151960849761963
v -0.122879758477211 0.016168784350156784 1.0215522050857544
v -0.06299338489770889 0.015533567406237125 0.9397133588790894
v -0.01206583809107542 0.015356614254415035 0.9360329508781433
v 0.03920372575521469 0.017918743193149567 1.023520827293396
v 0.09309551119804382 0.016664130613207817 0.999303936958313
v -0.15199217200279236 0.017427120357751846 1.0248152017593384
v -0.08438112586736679 0.01655309833586216 0.9520996809005737
v -0.03221677243709564 0.016286376863718033 0.9331656694412231
v 0.0189145989716053 0.01633213460445404 0.9544106721878052
v 0.0694170892238617 0.016827663406729698 0.9877638220787048
v 0.1302281767129898 0.018170125782489777 1.0318896770477295
v -0.11059687286615372 0.01818680390715599 1.0199376344680786
v -0.05208595097064972 0.016640573740005493 0.936009407043457
v -0.0015685721300542355 0.016430938616394997 0.9397602677345276
v 0.05077682435512543 0.01908976212143898 1.0239936113357544
v 0.10538215935230255 0.01818181574344635 1.0054302215576172
v -0.1347694844007492 0.017858147621154785 1.0207254886627197
v -0.07287568598985672 0.017294688150286674 0.9439843893051147
v -0.021696696057915688 0.017120299860835075 0.9339190125465393
v 0.03151145204901695 0.017888285219669342 0.9723576903343201
v 0.08204033970832825 0.018387671560049057 0.9935295581817627
v 0.14497432112693787 0.01875448413193226 1.032311201095581
v -0.09539862722158432 0.01843399927020073 0.9639636874198914
v -0.041586633771657944 0.017844194546341896 0.9337884187698364
v 0.008969748392701149 0.017682449892163277 0.9459832310676575
v 0.0626707598567009 0.020148780196905136 1.026045799255371
v 0.1184767633676529 0.019494978711009026 1.0139840841293335
v -0.12167216092348099 0.019338764250278473 1.0216864347457886
v -0.06184986233711243 0.018128544092178345 0.9390470385551453
v -0.011039892211556435 0.01804361492395401 0.9360631704330444
v 0.04046940058469772 0.02086549997329712 1.0239518880844116
v 0.09412927180528641 0.019499976187944412 0.9984680414199829
v -0.14849665760993958 0.020307976752519608 1.0199105739593506
v -0.08322945982217789 0.019303806126117706 0.9506787061691284
v -0.03120952472090721 0.018891282379627228 0.9330953359603882
v 0.0200869832187891 0.019146829843521118 0.9557287693023682
v 0.07071783393621445 0.01964600197970867 0.9875312447547913
v 0.13224811851978302 0.020694207400083542 1.0325888395309448
v -0.1093263253569603 0.02107444778084755 1.0187442302703857
v -0.05096106976270676 0.019235705956816673 0.93549644947052
v -0.0005120791029185057 0.019123656675219536 0.9400532841682434
v 0.051874350756406784 0.022081498056650162 1.0249087810516357
v 0.1066620945930481 0.021005650982260704 1.0048675537109375
v -0.13337956368923187 0.02105831168591976 1.0211758613586426
v -0.07182300090789795 0.01996760629117489 0.9432917237281799
v -0.02069849707186222 0.01971863955259323 0.9339985847473145
v 0.0328415222465992 0.02075597457587719 0.9763173460960388
v 0.08324988931417465 0.021051594987511635 0.9927825331687927
v 0.14666026830673218 0.02120906487107277 1.0330026149749756
v -0.09406597167253494 0.021221037954092026 0.9617147445678711
v -0.04053189978003502 0.020459456369280815 0.9336349964141846
v 0.010035558603703976 0.020417768508195877 0.9467396140098572
v 0.05733175203204155 0.021591929718852043 0.9768480062484741
v 0.11943943053483963 0.02216699905693531 1.011997938156128
v -0.12041772902011871 0.022517135366797447 1.021657109260559
v -0.06073441356420517 0.020753057673573494 0.9385829567909241
v -0.010028956457972527 0.020705290138721466 0.9361895322799683
v 0.041725676506757736 0.023859985172748566 1.024485468864441
v 0.09520819783210754 0.022278880700469017 0.9976372122764587
v -0.14650149643421173 0.02355983480811119 1.0196635723114014
v -0.08211427181959152 0.022024119272828102 0.9495593309402466
v -0.03022404946386814 0.02146809920668602 0.9331002235412598
v 0.021165162324905396 0.02197398990392685 0.9573096632957458
v 0.07197274267673492 0.022401122376322746 0.9867615699768066
v 0.13358347117900848 0.023514028638601303 1.0345982313156128
v -0.1080244854092598 0.02409309893846512 1.0130231380462646
v -0.04989242926239967 0.02181638590991497 0.9351229071617126
v 0.0005465841968543828 0.021831505000591278 0.9405102133750916
v 0.05300777032971382 0.02505536936223507 1.0257635116577148
v 0.10779576003551483 0.023913903161883354 1.0039520263671875
v -0.13209667801856995 0.024257250130176544 1.0217716693878174
v -0.07075582444667816 0.022655345499515533 0.9426356554031372
v -0.01964467577636242 0.022343197837471962 0.934049129486084
v 0.03076145239174366 0.02477199397981167 1.0258315801620483
v 0.08440077304840088 0.023746520280838013 0.9917764663696289
v 0.14945271611213684 0.02487119846045971 1.043194055557251
v -0.09276632964611053 0.023960748687386513 0.9599015712738037
v -0.03946393355727196 0.023050280287861824 0.9335712790489197
v 0.011114305816590786 0.023190008476376534 0.947672426700592
v 0.05887138843536377 0.02476036548614502 0.9769892692565918
v 0.12053227424621582 0.025009650737047195 1.0097246170043945
v -0.11916089057922363 0.025679145008325577 1.0216655731201172
v -0.05968382954597473 0.023411380127072334 0.9382213354110718
v -0.009059648029506207 0.02332361228764057 0.9364039897918701
v 0.04292643070220947 0.02690931223332882 1.0251471996307373
v 0.0964055061340332 0.025115858763456345 0.9966781139373779
v -0.14485925436019897 0.026520593091845512 1.0201184749603271
v -0.08099544048309326 0.024707837030291557 0.9486335515975952
v -0.029188603162765503 0.02401844598352909 0.9331038594245911
v 0.02236291766166687 0.024832015857100487 0.9591604471206665
v 0.07316303998231888 0.025212079286575317 0.9854087233543396
v 0.13636402785778046 0.027059154585003853 1.0424702167510986
v -0.105882428586483 0.026245949789881706 0.9991382956504822
v -0.048828814178705215 0.02440069243311882 0.9349839687347412
v 0.0015849762130528688 0.024522943422198296 0.941149115562439
v 0.05417374148964882 0.02797660604119301 1.0267624855041504
v 0.10884029418230057 0.026827070862054825 1.0020958185195923
v -0.13088543713092804 0.02745484746992588 1.0224571228027344
v -0.06970484554767609 0.025302842259407043 0.9421337842941284
v -0.018592119216918945 0.024944420903921127 0.9339393377304077
v 0.03236649930477142 0.027958763763308525 1.0268683433532715
v 0.08552537858486176 0.026519641280174255 0.9902997016906738
v 0.15146230161190033 0.02846958488225937 1.0474656820297241
v -0.0914643332362175 0.02666744776070118 0.9583628177642822
v -0.0383828766644001 0.025627128779888153 0.9336056113243103
v 0.012221132405102253 0.02593008242547512 0.9488729238510132
v 0.05987352505326271 0.027966108173131943 0.9762167930603027
v 0.10871421545743942 0.02475864440202713 0.9092485904693604
v -0.1179070696234703 0.028787096962332726 1.0215156078338623
v -0.058637119829654694 0.026046808809041977 0.9379691481590271
v -0.007926294580101967 0.025931434705853462 0.9369533658027649
v 0.04406329244375229 0.029921982437372208 1.0260332822799683
v 0.09758827835321426 0.028075125068426132 0.9949539303779602
v -0.14323441684246063 0.029498448595404625 1.0207240581512451
v -0.07987156510353088 0.02733086608350277 0.9479607343673706
v -0.028067676350474358 0.02656226046383381 0.9332076907157898
v 0.023534243926405907 0.027653908357024193 0.9614018201828003
v 0.07424546778202057 0.02808963507413864 0.9835639595985413
v 0.13920646905899048 0.030128220096230507 1.047822117805481
v -0.10476717352867126 0.029841654002666473 1.0010566711425781
v -0.047737110406160355 0.027027111500501633 0.935158908367157
v 0.002638859674334526 0.027182165533304214 0.9421471953392029
v 0.05538950487971306 0.03079690784215927 1.0280083417892456
v 0.10990329086780548 0.030100902542471886 0.9994350075721741
v -0.12967252731323242 0.030604863539338112 1.0231393575668335
v -0.06863107532262802 0.0279255248606205 0.9418108463287354
v -0.017465969547629356 0.027545515447854996 0.9342978000640869
v 0.033885303884744644 0.03110492415726185 1.0274324417114258
v 0.08653025329113007 0.029356714338064194 0.9881209135055542
v 0.15351593494415283 0.0318610705435276 1.047866940498352
v -0.09027772396802902 0.029386095702648163 0.9572201371192932
v -0.03732508048415184 0.028202230110764503 0.9337438344955444
v 0.013324759900569916 0.0286953616887331 0.9503670334815979
v 0.060885049402713776 0.031129684299230576 0.9750736951828003
v 0.11199378222227097 0.027485530823469162 0.9180362224578857
v -0.11663422733545303 0.03178240358829498 1.0212925672531128
v -0.05754972994327545 0.028691556304693222 0.9378845691680908
v -0.006866225507110357 0.02860105037689209 0.9378653764724731
v 0.0451645627617836 0.03291207551956177 1.027178168296814
v 0.09874695539474487 0.031221017241477966 0.9929187893867493
v -0.14172157645225525 0.032514866441488266 1.0213173627853394
v -0.07874616235494614 0.029977289959788322 0.9475195407867432
v -0.026973025873303413 0.02907579205930233 0.9333183169364929
v 0.02473551593720913 0.03065783903002739 0.9642822742462158
v 0.07538533210754395 0.030974263325333595 0.9813957810401917
v 0.14053399860858917 0.03288532420992851 1.0498442649841309
v -0.10320577025413513 0.03248432278633118 1.0017527341842651
v -0.04666684567928314 0.029704613611102104 0.9352567195892334
v 0.003710131859406829 0.029883623123168945 0.9433106780052185
v 0.056586671620607376 0.03368775546550751 1.0295391082763672
v 0.1157282292842865 0.03174619749188423 1.0348666906356812
v -0.12838271260261536 0.03366836532950401 1.023579716682434
v -0.0675620436668396 0.030600178986787796 0.9416443705558777
v -0.016367744654417038 0.03020249493420124 0.9354298710823059
v 0.035165537148714066 0.03423149511218071 1.0283249616622925
v 0.08760165423154831 0.0323101170361042 0.9857017993927002
v 0.15545377135276794 0.03439716994762421 1.0455539226531982
v -0.08913497626781464 0.03211909160017967 0.9563537836074829
v -0.036305904388427734 0.030814580619335175 0.9339577555656433
v 0.014407535083591938 0.03146715462207794 0.9514167904853821
v 0.062358275055885315 0.03411492705345154 0.973442018032074
v 0.1151902973651886 0.030347459018230438 0.9311116933822632
v -0.1154392659664154 0.034714408218860626 1.0212171077728271
v -0.056450217962265015 0.03141669183969498 0.9378537535667419
v -0.005847337655723095 0.03128849342465401 0.9388057589530945
v 0.0463411770761013 0.035748064517974854 1.0285621881484985
v 0.10001344978809357 0.03496979549527168 0.9899429082870483
v -0.14030402898788452 0.03550618514418602 1.0220297574996948
v -0.07766866683959961 0.032632313668727875 0.9472423791885376
v -0.025953276082873344 0.031660374253988266 0.9335794448852539
v 0.02595282346010208 0.03378806263208389 0.9681439399719238
v 0.07658977061510086 0.03417505696415901 0.9784565567970276
v 0.14120908081531525 0.03539925068616867 1.0484658479690552
v -0.10187136381864548 0.0352616161108017 1.0027254819869995
v -0.04558455944061279 0.03237619623541832 0.9353974461555481
v 0.004784764721989632 0.032597616314888 0.944537878036499
v 0.05782143026590347 0.03649802878499031 1.0311849117279053
v 0.11969374865293503 0.0334734208881855 1.0655293464660645
v -0.12713022530078888 0.03666720539331436 1.0239143371582031
v -0.06648433208465576 0.03326645866036415 0.9416365027427673
v -0.015199624001979828 0.03287859633564949 0.9362360835075378
v 0.03611840307712555 0.037294965237379074 1.0294116735458374
v 0.08881931006908417 0.03580476716160774 0.9823921918869019
v -0.15756966173648834 0.03732433542609215 1.0170823335647583
v -0.08810445666313171 0.03484546020627022 0.9557459354400635
v -0.035302165895700455 0.033454325050115585 0.9343072772026062
v 0.015563069842755795 0.03434253856539726 0.9531214237213135
v 0.07066382467746735 0.03542518988251686 1.0349719524383545
v 0.11903325468301773 0.03355211764574051 0.9485310912132263
v -0.1143847405910492 0.0377320721745491 1.0214277505874634
v -0.05536690726876259 0.034071847796440125 0.9379286170005798
v -0.004818475805222988 0.034044887870550156 0.9399698972702026
v 0.047462187707424164 0.03845783695578575 1.030234694480896
v 0.10794118791818619 0.03588610887527466 1.062290072441101
v -0.1389698088169098 0.03852264955639839 1.0228097438812256
v -0.07654868066310883 0.035297196358442307 0.9470969438552856
v -0.024865705519914627 0.03434652462601662 0.9345101118087769
v 0.02734004147350788 0.03673173114657402 0.9733685255050659
v 0.07788757979869843 0.037938058376312256 0.9765938520431519
v 0.1423466056585312 0.038238007575273514 1.0474110841751099
v -0.10057098418474197 0.03816506266593933 1.0032985210418701
v -0.044499337673187256 0.03506634756922722 0.9356233477592468
v 0.005899788811802864 0.03542940318584442 0.9460126161575317
v 0.05915085971355438 0.039112638682127 1.03292977809906
v 0.12217769771814346 0.03777230903506279 1.0660481452941895
v -0.12589113414287567 0.0396796390414238 1.0241814851760864
v -0.06540559232234955 0.03595350310206413 0.941847026348114
v -0.014087685383856297 0.03562493622303009 0.9371991753578186
v 0.037111278623342514 0.04027656838297844 1.0307738780975342
v 0.09048125892877579 0.04040760546922684 0.9780245423316956
v -0.15369416773319244 0.04042838141322136 1.0187981128692627
v -0.08699226379394531 0.03759077191352844 0.9553769826889038
v -0.03425760567188263 0.03613102436065674 0.9348533749580383
v 0.016726775094866753 0.037373561412096024 0.9559381604194641
v 0.07130097597837448 0.03868472948670387 1.0286242961883545
v 0.12298272550106049 0.03760889545083046 0.973103404045105
v -0.11345019936561584 0.040954507887363434 1.021638035774231
v -0.05430573225021362 0.03675829619169235 0.9383355975151062
v -0.0037284407299011946 0.03689447417855263 0.9411466717720032
v 0.04857465624809265 0.04112732782959938 1.0318862199783325
v 0.10916920006275177 0.040564168244600296 1.066735029220581
v -0.13770842552185059 0.04163515567779541 1.0236890316009521
v -0.07547137141227722 0.03801048919558525 0.9470431804656982
v -0.023801574483513832 0.037159282714128494 0.9356473684310913
v 0.028574056923389435 0.039524078369140625 0.9800879955291748
v 0.08347303420305252 0.03756299242377281 1.0179601907730103
v 0.14351524412631989 0.04108935967087746 1.0466557741165161
v -0.09963060915470123 0.041159775108098984 1.0044723749160767
v -0.04346904903650284 0.037776678800582886 0.9360318183898926
v 0.006985324434936047 0.03837290033698082 0.9477871656417847
v 0.06039857864379883 0.041470978409051895 1.0345336198806763
v 0.12403036653995514 0.04116147384047508 1.062625527381897
v -0.1246369332075119 0.042726438492536545 1.0243512392044067
v -0.06438880413770676 0.038709625601768494 0.9422153830528259
v -0.012990285642445087 0.03841928765177727 0.9383090138435364
v 0.03822990879416466 0.04317840561270714 1.0323550701141357
v 0.09776362776756287 0.04145821928977966 1.0575741529464722
v -0.15206041932106018 0.04340554028749466 1.019718885421753
v -0.08588724583387375 0.04039542004466057 0.9553117156028748
v -0.03318532928824425 0.03880969062447548 0.935569703578949
v 0.017848927527666092 0.040512971580028534 0.9597501754760742
v 0.0712244063615799 0.041171129792928696 1.0133010149002075
v 0.12735219299793243 0.04218631982803345 1.0056840181350708
v -0.11263176798820496 0.04421313479542732 1.0223593711853027
v -0.05320548266172409 0.039478469640016556 0.9387628436088562
v -0.0026280242018401623 0.039790768176317215 0.9425214529037476
v 0.04986661672592163 0.043734677135944366 1.0336273908615112
v 0.11080852150917053 0.044693928211927414 1.065163493156433
v -0.13649114966392517 0.04468270763754845 1.024679183959961
v -0.07441717386245728 0.04080742225050926 0.947223424911499
v -0.02268802374601364 0.03991348668932915 0.9367469549179077
v 0.027781305834650993 0.04431181028485298 1.0335724353790283
v 0.08415471762418747 0.04188579320907593 1.012023687362671
v 0.14024798572063446 0.04311578348278999 1.0119624137878418
v -0.09872987121343613 0.04402471333742142 1.0055688619613647
v -0.042480506002902985 0.040517352521419525 0.9366632699966431
v 0.008046279661357403 0.041327640414237976 0.9498724341392517
v 0.06050772964954376 0.04334187135100365 1.0122642517089844
v 0.10900664329528809 0.043087564408779144 0.956263542175293
v -0.12339665740728378 0.045713651925325394 1.024532437324524
v -0.06332309544086456 0.04149310663342476 0.9428438544273376
v -0.011916132643818855 0.04121055454015732 0.9396799206733704
v 0.03938601538538933 0.04592936486005783 1.0342625379562378
v 0.09916912764310837 0.046257466077804565 1.0592726469039917
v -0.15042878687381744 0.046359993517398834 1.0208075046539307
v -0.08479829877614975 0.043238408863544464 0.9555677771568298
v -0.032195016741752625 0.041507843881845474 0.936549186706543
v 0.01901656575500965 0.04359061270952225 0.9638069868087769
v 0.07276907563209534 0.04461834207177162 1.0136278867721558
v 0.12835101783275604 0.04585425928235054 1.0080106258392334
v -0.11189781874418259 0.047204602509737015 1.0233269929885864
v -0.05209295079112053 0.042287249118089676 0.9393392205238342
v -0.0015047756023705006 0.042666129767894745 0.9442839026451111
v 0.05060191452503204 0.046100396662950516 1.035009741783142
v 0.11202773451805115 0.04865172132849693 1.0644755363464355
v -0.13520146906375885 0.047597531229257584 1.025497317314148
v -0.07335975766181946 0.04368026182055473 0.947798490524292
v -0.021535715088248253 0.04266497865319252 0.9379788637161255
v 0.02904205396771431 0.047348640859127045 1.0353502035140991
v 0.08631554245948792 0.04613777995109558 1.0113787651062012
v 0.1418180763721466 0.04690035432577133 1.011755108833313
v -0.09644079208374023 0.04559873789548874 0.977716326713562
v -0.04148637503385544 0.04329780489206314 0.937498152256012
v 0.009109066799283028 0.0442764088511467 0.9523833990097046
v 0.061989255249500275 0.04657144099473953 1.0137896537780762
v 0.11036477237939835 0.04619596153497696 0.9501602053642273
v -0.12212101370096207 0.04870012775063515 1.024630069732666
v -0.062305934727191925 0.04436616227030754 0.9434361457824707
v -0.010819602757692337 0.04405742883682251 0.9411838054656982
v 0.040488455444574356 0.04863062873482704 1.036404013633728
v 0.10034780204296112 0.05065416544675827 1.06156325340271
v -0.14911821484565735 0.049407023936510086 1.0216368436813354
v -0.08370845764875412 0.046146463602781296 0.9560068249702454
v -0.031139392405748367 0.04428904503583908 0.9376803636550903
v 0.02026408165693283 0.046680428087711334 0.9687714576721191
v 0.07441910356283188 0.04777089133858681 1.0138028860092163
v 0.12941107153892517 0.048667654395103455 1.008564829826355
v -0.11096987128257751 0.04984024912118912 1.0227677822113037
v -0.05104123055934906 0.04518556594848633 0.9400021433830261
v -0.0003881630254909396 0.04552731290459633 0.9462883472442627
v 0.05141657218337059 0.047842442989349365 1.0128847360610962
v 0.11360716819763184 0.05281437188386917 1.0656150579452515
v -0.13390599191188812 0.05042657628655434 1.0258537530899048
v -0.07230882346630096 0.04659276455640793 0.9482844471931458
v -0.020348843187093735 0.04553613066673279 0.9392253756523132
v 0.030204692855477333 0.050533317029476166 1.0374358892440796
v 0.08847617357969284 0.04990488290786743 1.01202392578125
v 0.14350064098834991 0.049931902438402176 1.0126709938049316
v -0.09534835070371628 0.04822830855846405 0.9771146774291992
v -0.040358033031225204 0.04610342159867287 0.9384565353393555
v 0.01018709596246481 0.047185905277729034 0.9554120898246765
v 0.06330623477697372 0.04934249073266983 1.0151759386062622
v 0.11300776153802872 0.049327556043863297 0.9489978551864624
v -0.12095969170331955 0.05171820893883705 1.0247260332107544
v -0.061247438192367554 0.047258179634809494 0.9440112709999084
v -0.009723535738885403 0.04695143550634384 0.9428518414497375
v 0.04158855229616165 0.05141343176364899 1.0388298034667969
v 0.10179980099201202 0.055149536579847336 1.064967393875122
v -0.14780282974243164 0.052434828132390976 1.0221971273422241
v -0.08253027498722076 0.04909175634384155 0.9567809700965881
v -0.03005547635257244 0.047120824456214905 0.938881516456604
v 0.0215526781976223 0.04964354634284973 0.9754611849784851
v 0.07600816339254379 0.05091307684779167 1.014180064201355
v 0.13089673221111298 0.05155160650610924 1.0101613998413086
v -0.10884260386228561 0.05231358855962753 1.0177162885665894
v -0.050041284412145615 0.04804251715540886 0.9408620595932007
v 0.0006578529719263315 0.04837503284215927 0.9485624432563782
v 0.052765920758247375 0.05084092915058136 1.0146819353103638
v 0.11534654349088669 0.056608304381370544 1.068671703338623
v -0.13261638581752777 0.053301211446523666 1.0260449647903442
v -0.07125205546617508 0.04938632622361183 0.9488361477851868
v -0.019163165241479874 0.04841803386807442 0.9407206177711487
v 0.031257905066013336 0.05344213545322418 1.0397154092788696
v 0.08972068876028061 0.055663056671619415 1.0501705408096313
v 0.14512844383716583 0.052616775035858154 1.0137734413146973
v -0.09594842046499252 0.05293452739715576 1.0086480379104614
v -0.03930993005633354 0.04884759336709976 0.9396090507507324
v 0.011371186003088951 0.050228819251060486 0.9593935608863831
v 0.06473123282194138 0.052302032709121704 1.0159211158752441
v 0.1189572885632515 0.05462430790066719 1.0063549280166626
v -0.12018531560897827 0.054670024663209915 1.0247386693954468
v -0.06011829152703285 0.05008241906762123 0.9448067545890808
v -0.008582712151110172 0.04985642433166504 0.9448094367980957
v 0.04280494526028633 0.05390898510813713 1.041141152381897
v 0.10340498387813568 0.058821387588977814 1.0675877332687378
v -0.14618201553821564 0.055406615138053894 1.0230458974838257
v -0.08146370947360992 0.05205728858709335 0.9580384492874146
v -0.028939440846443176 0.049966540187597275 0.9402362108230591
v 0.020513352006673813 0.054408200085163116 1.0403413772583008
v 0.07760700583457947 0.05398399382829666 1.0144531726837158
v 0.1324397325515747 0.054357584565877914 1.0122525691986084
v -0.10690057277679443 0.05495867133140564 1.0142017602920532
v -0.049037057906389236 0.050826143473386765 0.9419659376144409
v 0.0016728105256333947 0.051277440041303635 0.9512759447097778
v 0.05405644699931145 0.053848668932914734 1.0164411067962646
v 0.10006703436374664 0.05475138872861862 0.9603295922279358
v -0.1314101666212082 0.05634717270731926 1.0260142087936401
v -0.07015112787485123 0.05231896787881851 0.950140118598938
v -0.01800517551600933 0.051269643008708954 0.9424766898155212
v 0.03244861215353012 0.056226227432489395 1.042123556137085
v 0.09154204279184341 0.05973111465573311 1.062683343887329
v 0.14679329097270966 0.05537119135260582 1.0145974159240723
v -0.09464658796787262 0.05573593080043793 1.0097508430480957
v -0.03834229335188866 0.05166247487068176 0.9409136772155762
v 0.012541701085865498 0.05334855616092682 0.9641472697257996
v 0.06628325581550598 0.05536479130387306 1.0169177055358887
v 0.12040073424577713 0.05712049454450607 1.0124294757843018
v -0.11903148889541626 0.05762060731649399 1.0249836444854736
v -0.05902627855539322 0.052890095859766006 0.945898711681366
v -0.0074956039898097515 0.052709802985191345 0.9469436407089233
v 0.04301240295171738 0.05554662272334099 1.0151114463806152
v 0.10479576140642166 0.06233566999435425 1.0689839124679565
v -0.1445198953151703 0.0586700439453125 1.0239454507827759
v -0.08036504685878754 0.054988931864500046 0.9595065116882324
v -0.027837058529257774 0.05281353369355202 0.9417280554771423
v 0.021671751514077187 0.05735449120402336 1.042068600654602
v 0.07916460931301117 0.05715148150920868 1.0150041580200195
v 0.13399738073349 0.05719522014260292 1.0132887363433838
v -0.10531337559223175 0.0574798658490181 1.0120526552200317
v -0.047978226095438004 0.05364473909139633 0.9432028532028198
v 0.0026900414377450943 0.05428207293152809 0.9541582465171814
v 0.0554928220808506 0.05693463236093521 1.0177690982818604
v 0.10141122341156006 0.0580667182803154 0.9553596377372742
v -0.13009487092494965 0.059450920671224594 1.0258032083511353
v -0.06909111142158508 0.05529540032148361 0.9518316388130188
v -0.016878698021173477 0.05416327342391014 0.9444570541381836
v 0.033563267439603806 0.058742012828588486 1.0434945821762085
v 0.09341354668140411 0.06242620572447777 1.0615448951721191
v 0.14834165573120117 0.05835341662168503 1.0152873992919922
v -0.09334105253219604 0.05874411016702652 1.0100411176681519
v -0.03731771185994148 0.054460592567920685 0.9423410892486572
v 0.013850662857294083 0.05643545836210251 0.9703489542007446
v 0.0678088590502739 0.05846209451556206 1.017343282699585
v 0.12125537544488907 0.05968349799513817 1.012215256690979
v -0.11498303711414337 0.05885948985815048 1.0056488513946533
v -0.05794429033994675 0.05570968985557556 0.9471037983894348
v -0.006544017232954502 0.05562903732061386 0.9495125412940979
v 0.04455069825053215 0.058490801602602005 1.0171520709991455
v 0.10603398829698563 0.06647340208292007 1.0699899196624756
v -0.14304688572883606 0.06200595945119858 1.0247364044189453
v -0.07924719154834747 0.05789623409509659 0.961402416229248
v -0.026808902621269226 0.055667366832494736 0.9434952139854431
v 0.022993627935647964 0.060470134019851685 1.0391708612442017
v 0.08079669624567032 0.060327764600515366 1.0159552097320557
v 0.13539879024028778 0.060093458741903305 1.0135878324508667
v -0.10324599593877792 0.06030954048037529 1.0058133602142334
v -0.04697423428297043 0.056472595781087875 0.9445809721946716
v 0.003687462070956826 0.05736607685685158 0.958652913570404
v 0.056886132806539536 0.05995728448033333 1.0188591480255127
v 0.10356349498033524 0.062295421957969666 0.9545238018035889
v -0.12879104912281036 0.06250132620334625 1.025378704071045
v -0.06804556399583817 0.05820193886756897 0.9536105394363403
v -0.015815794467926025 0.05710678920149803 0.9469653367996216
v 0.03434981033205986 0.06140198931097984 1.0407873392105103
v 0.09386438131332397 0.06531025469303131 1.055145263671875
v 0.15056917071342468 0.06122554466128349 1.0160564184188843
v -0.09216520935297012 0.06190184876322746 1.0110528469085693
v -0.03637572005391121 0.05734777823090553 0.9440908432006836
v 0.014977000653743744 0.05967983603477478 0.9762747287750244
v 0.06928624212741852 0.06153562292456627 1.0175832509994507
v 0.12202548235654831 0.06272903829813004 1.0103893280029297
v -0.11206888407468796 0.060993071645498276 0.9946752190589905
v -0.05681682378053665 0.05851347744464874 0.9486651420593262
v -0.005670607555657625 0.05860060825943947 0.9531402587890625
v 0.04606599733233452 0.061497073620557785 1.018918514251709
v 0.10537607967853546 0.07241006195545197 1.0638467073440552
v -0.1416846364736557 0.06565240770578384 1.0248453617095947
v -0.07820301502943039 0.06091606616973877 0.9637836813926697
v -0.025835610926151276 0.05853210389614105 0.9457496404647827
v 0.024127516895532608 0.062834233045578 1.0376858711242676
v 0.08228252083063126 0.06361646205186844 1.0175834894180298
v 0.13659580051898956 0.06296303123235703 1.013582468032837
v -0.10164564102888107 0.0632873922586441 1.003700852394104
v -0.04597514122724533 0.05936930701136589 0.9463189244270325
v 0.004704873077571392 0.06047745794057846 0.9641567468643188
v 0.05826800316572189 0.06290574371814728 1.0199501514434814
v 0.10651398450136185 0.06649217754602432 0.9582815766334534
v -0.1219349056482315 0.061554864048957825 0.9869289398193359
v -0.06694493442773819 0.06113368645310402 0.9556154608726501
v -0.014789456501603127 0.06008556857705116 0.9501032829284668
v 0.035245392471551895 0.06356891989707947 1.0357636213302612
v 0.0839499831199646 0.06505689024925232 0.9928019046783447
v -0.12894706428050995 0.032895028591156006 0.7752835750579834
v -0.09113149344921112 0.06513641774654388 1.0128741264343262
v -0.035417936742305756 0.06029966473579407 0.9461639523506165
v 0.01498702634125948 0.0620449036359787 0.9928609132766724
v 0.0707370862364769 0.06467049568891525 1.017648696899414
v 0.12252582609653473 0.06563360244035721 1.006960153579712
v -0.11058024317026138 0.06401921063661575 0.9926843047142029
v -0.05572935566306114 0.06143787130713463 0.9505650997161865
v -0.004821347072720528 0.0616944245994091 0.957522451877594
v 0.04741251841187477 0.06448916345834732 1.020349383354187
v 0.09280551970005035 0.0690317451953888 0.9637267589569092
v -0.13309966027736664 0.06193184480071068 0.9733355641365051
v -0.0772285982966423 0.06406402587890625 0.9666313529014587
v -0.024768471717834473 0.0615217424929142 0.9485871195793152
v 0.025255665183067322 0.06523335725069046 1.0359916687011719
v 0.0844716802239418 0.06747061014175415 1.0260694026947021
v 0.1378556787967682 0.06573259830474854 1.0135709047317505
v -0.10036224871873856 0.06619595736265182 1.0041823387145996
v -0.04495520517230034 0.06237982213497162 0.9484276175498962
v 0.005908418912440538 0.0636880025267601 0.9703137278556824
v 0.05967211350798607 0.0659104660153389 1.0207982063293457
v 0.11704540997743607 0.06845507770776749 1.0514646768569946
v -0.11992785334587097 0.06461036950349808 0.9819357991218567
v -0.06589043885469437 0.06413011252880096 0.9579296708106995
v -0.013918062672019005 0.06308340281248093 0.9538159370422363
v 0.0370354950428009 0.066740982234478 1.0217193365097046
v 0.0801660493016243 0.06882340461015701 0.9791234135627747
v -0.1226486787199974 0.03707658126950264 0.783699631690979
v -0.09008798003196716 0.0683433935046196 1.0155171155929565
v -0.03449464216828346 0.06332135200500488 0.948698103427887
v 0.015234333463013172 0.06713254004716873 1.0328013896942139
v 0.07220999896526337 0.06781351566314697 1.0175944566726685
v 0.12310349196195602 0.06879667192697525 1.0039514303207397
v -0.10951630771160126 0.06711406260728836 0.9937163591384888
v -0.054745253175497055 0.06449131667613983 0.9528661370277405
v -0.0038811941631138325 0.06498583406209946 0.9630022644996643
v 0.04873278737068176 0.06751572340726852 1.0215634107589722
v 0.09458363056182861 0.07478934526443481 0.9649050831794739
v -0.13093824684619904 0.06547670811414719 0.966472864151001
v -0.07639917731285095 0.06718077510595322 0.9697443842887878
v -0.02391742914915085 0.06452691555023193 0.9521232843399048
v 0.02614952065050602 0.06787672638893127 1.0327577590942383
v 0.08587921410799026 0.0709606260061264 1.0300936698913574
v 0.13898639380931854 0.06868396699428558 1.0135672092437744
v -0.09935370832681656 0.06908006966114044 1.0058139562606812
v -0.044058628380298615 0.06543079018592834 0.9510307908058167
v 0.005443669855594635 0.06885053217411041 1.0275564193725586
v 0.06091436371207237 0.06888952106237411 1.020087480545044
v 0.11869993805885315 0.07315971702337265 1.0558371543884277
v -0.11906255036592484 0.06808760017156601 0.9818747043609619
v -0.06482578068971634 0.06714669615030289 0.9606702327728271
v -0.013053356669843197 0.06620104610919952 0.9585612416267395
v 0.038314301520586014 0.06954380124807358 1.0215833187103271
v 0.09614020586013794 0.07042265683412552 1.040192723274231
v -0.11951950192451477 0.04425103962421417 0.7855133414268494
v -0.08922857791185379 0.07152195274829865 1.0191636085510254
v -0.033681757748126984 0.06629642844200134 0.9518736004829407
v 0.016304580494761467 0.07003649324178696 1.0296573638916016
v 0.07384160161018372 0.07087533175945282 1.0179063081741333
v 0.12453871965408325 0.07153463363647461 1.0030779838562012
v -0.1085345447063446 0.07024925947189331 0.9960065484046936
v -0.053868476301431656 0.06765884160995483 0.9556132555007935
v -0.0028526713140308857 0.06817689538002014 0.9700503349304199
v 0.050013214349746704 0.07054762542247772 1.022862195968628
v 0.10875863581895828 0.07482342422008514 1.0580304861068726
v -0.1294264793395996 0.06926155090332031 0.966413676738739
v -0.07563149183988571 0.07049284130334854 0.9741148352622986
v -0.02315220609307289 0.0676349550485611 0.956365704536438
v 0.0282332394272089 0.07014619559049606 1.0090205669403076
v 0.08652586489915848 0.07389768958091736 1.0298973321914673
v 0.1403338760137558 0.0716237872838974 1.0135666131973267
v -0.09869614988565445 0.07244715094566345 1.0092952251434326
v -0.04314101114869118 0.06856520473957062 0.9541813135147095
v 0.006605858914554119 0.07210377603769302 1.0285471677780151
v 0.06212421879172325 0.07180361449718475 1.0192872285842896
v 0.11991467326879501 0.07698442786931992 1.056670904159546
v -0.11852878332138062 0.07187279313802719 0.9834885597229004
v -0.06389492750167847 0.07038480043411255 0.9641942977905273
v -0.01222934015095234 0.06959701329469681 0.9648774862289429
v 0.03958326205611229 0.07248358428478241 1.022271752357483
v 0.09866905212402344 0.07463767379522324 1.047439455986023
v -0.11804252117872238 0.048908308148384094 0.7858099937438965
v -0.08846598118543625 0.07483460754156113 1.0246418714523315
v -0.03283432871103287 0.06944829225540161 0.9558054804801941
v 0.01747349463403225 0.07260950654745102 1.0267138481140137
v 0.07632569968700409 0.0751509740948677 1.0325042009353638
v 0.12595805525779724 0.07442517578601837 1.0027014017105103
v -0.10857506096363068 0.073813296854496 1.0015090703964233
v -0.052743181586265564 0.07088994234800339 0.9587361812591553
v -0.001882503041997552 0.07169992476701736 0.9810000658035278
v 0.05122355744242668 0.07367675006389618 1.023270845413208
v 0.1105760708451271 0.08015312999486923 1.0580507516860962
v -0.12851183116436005 0.07434915006160736 0.9679626226425171
v -0.07515020668506622 0.07388542592525482 0.979981541633606
v -0.022200169041752815 0.07115641236305237 0.9620997905731201
v 0.02916560135781765 0.07307232171297073 1.0081912279129028
v 0.08751121908426285 0.07646166533231735 1.0284415483474731
v 0.14190323650836945 0.07446710765361786 1.0135914087295532
v -0.09794651716947556 0.0757182240486145 1.01229727268219
v -0.042256731539964676 0.07179797440767288 0.9578537344932556
v 0.007706333417445421 0.07494443655014038 1.0275359153747559
v 0.06345941126346588 0.07502325624227524 1.0194505453109741
v 0.12134795635938644 0.08003507554531097 1.057041049003601
v -0.11861845850944519 0.07630737125873566 0.9881576895713806
v -0.06296294182538986 0.07390546053647995 0.9688657522201538
v -0.011096533387899399 0.07311200350522995 0.9730473160743713
v 0.04087390378117561 0.07561790943145752 1.0235400199890137
v 0.09963949769735336 0.07961520552635193 1.047059178352356
v -0.11660249531269073 0.05333701893687248 0.7852850556373596
v -0.08817271888256073 0.07865975797176361 1.033831238746643
v -0.03201010078191757 0.07292584329843521 0.9611208438873291
v 0.018266946077346802 0.07541858404874802 1.0248470306396484
v 0.07727092504501343 0.0792217031121254 1.0361559391021729
v 0.12707717716693878 0.07729970663785934 1.001104474067688
v -0.10978326201438904 0.07889409363269806 1.0140324831008911
v -0.05160737410187721 0.07445154339075089 0.9630338549613953
v -0.0023697055876255035 0.07741913199424744 1.0296167135238647
v 0.05243081972002983 0.07692180573940277 1.0226812362670898
v 0.11198335886001587 0.08329544216394424 1.0571813583374023
v -0.10183713585138321 0.050670407712459564 0.8019548058509827
v -0.08049778640270233 0.07569790631532669 1.0169093608856201
v -0.021235255524516106 0.0747581273317337 0.9708291292190552
v 0.030098361894488335 0.07603186368942261 1.0101019144058228
v 0.08831489086151123 0.07942283153533936 1.02787446975708
v 0.1433984935283661 0.07756991684436798 1.0135858058929443
v -0.09718028455972672 0.0794551819562912 1.0152661800384521
v -0.0412435419857502 0.07539679855108261 0.9635075330734253
v 0.008628862909972668 0.07809340208768845 1.0276179313659668
v 0.06616655737161636 0.08040397614240646 1.0322524309158325
v 0.1229400634765625 0.0831395834684372 1.0566458702087402
v -0.08719205856323242 0.05462351441383362 0.8224273920059204
v -0.06196493282914162 0.07773388177156448 0.9752480387687683
v -0.012136743403971195 0.0794261246919632 1.0124268531799316
v 0.04223264381289482 0.07880901545286179 1.0249462127685547
v 0.1004437729716301 0.08223555982112885 1.0350298881530762
v -0.11604384332895279 0.05786556750535965 0.7846906185150146
v -0.08891536295413971 0.0831761434674263 1.0447845458984375
v -0.031139779835939407 0.07658310234546661 0.9690766930580139
v 0.019219618290662766 0.07692696899175644 0.9953631162643433
v 0.07769802212715149 0.08245797455310822 1.0370779037475586
v 0.12842576205730438 0.08012247085571289 1.000027060508728
v -0.1092972457408905 0.08222121000289917 1.0150468349456787
v -0.050530508160591125 0.07832551002502441 0.9694656729698181
v -0.0010559896472841501 0.0811057910323143 1.0332567691802979
v 0.05382559075951576 0.08028554171323776 1.0229791402816772
v 0.11304666101932526 0.0859532356262207 1.0556235313415527
v -0.10046687722206116 0.058010637760162354 0.7977802157402039
v -0.0785539522767067 0.08364571630954742 1.0514135360717773
v -0.020690657198429108 0.07899262756109238 0.9901401400566101
v 0.03136153519153595 0.07939013093709946 1.0119907855987549
v 0.08910477161407471 0.08240612596273422 1.0274235010147095
v 0.14481237530708313 0.08069802075624466 1.0136728286743164
v -0.08141972869634628 0.06353317201137543 0.9071230292320251
v -0.04019662365317345 0.0793800801038742 0.9719661474227905
v 0.009823235683143139 0.08243655413389206 1.034460425376892
v 0.06719336658716202 0.08333409577608109 1.0328338146209717
v 0.12446898221969604 0.08633042871952057 1.0557241439819336
v -0.085788793861866 0.0584602914750576 0.8129305839538574
v -0.06065437197685242 0.08168593794107437 0.9828502535820007
v -0.011260122992098331 0.0827665850520134 1.0174671411514282
v 0.04369601979851723 0.08219247311353683 1.0272563695907593
v 0.10155279189348221 0.08479373157024384 1.0343608856201172
v -0.11483175307512283 0.06224563345313072 0.7846812009811401
v -0.08763989806175232 0.08665890991687775 1.047843098640442
v -0.03056223876774311 0.08124496787786484 0.9894279837608337
v 0.020574063062667847 0.07993500679731369 0.9942373037338257
v 0.07856377959251404 0.08502078056335449 1.0365853309631348
v 0.12977948784828186 0.08311855047941208 0.9990985989570618
v -0.1087883934378624 0.08681254088878632 1.0163789987564087
v -0.04943757504224777 0.08242853730916977 0.9773011207580566
v -0.00010941776417894289 0.08437520265579224 1.0341441631317139
v 0.056036949157714844 0.08542637526988983 1.034685492515564
v 0.11393745988607407 0.08854839950799942 1.0540473461151123
v -0.09977312386035919 0.06287424266338348 0.7967325448989868
v -0.07806863635778427 0.08744721859693527 1.0546637773513794
v -0.021487854421138763 0.08375793695449829 1.024738073348999
v 0.033108726143836975 0.08276043087244034 1.014317274093628
v 0.08995140343904495 0.08523307740688324 1.0274027585983276
v 0.14633053541183472 0.0840720534324646 1.013762354850769
v -0.0805770605802536 0.0700995996594429 0.9040075540542603
v -0.041765861213207245 0.08597806841135025 1.0445727109909058
v 0.010895990766584873 0.0853615403175354 1.0342968702316284
v 0.06860384345054626 0.08635745197534561 1.033037781715393
v 0.1264801025390625 0.08944862335920334 1.0563547611236572
v -0.08542211353778839 0.06294600665569305 0.807517409324646
v -0.06622816622257233 0.08755141496658325 1.0551069974899292
v -0.009981472976505756 0.08590418100357056 1.0193015336990356
v 0.04503355547785759 0.0854034498333931 1.0277729034423828
v 0.10229890793561935 0.08751621097326279 1.03955078125
v -0.11324680596590042 0.066009521484375 0.7841852307319641
v -0.06812994182109833 0.07274781912565231 0.906755805015564
v -0.02977808564901352 0.08579488098621368 1.0026832818984985
v 0.021774902939796448 0.08305273950099945 0.9949860572814941
v 0.0801573097705841 0.08765710890293121 1.028952717781067
v 0.13080371916294098 0.08607674390077591 0.9981569051742554
v -0.09338366240262985 0.07277316600084305 0.9047482013702393
v -0.05286372825503349 0.08920339494943619 1.051173210144043
v 0.000838636769913137 0.0876421257853508 1.0347414016723633
v 0.056600622832775116 0.08882823586463928 1.036029577255249
v 0.114778071641922 0.09152070432901382 1.0538718700408936
v -0.09927798062562943 0.06684941053390503 0.7961322665214539
v -0.07706639915704727 0.09133114665746689 1.0567721128463745
v -0.02108747325837612 0.08911795169115067 1.035096287727356
v 0.0343211330473423 0.08597178012132645 1.014559030532837
v 0.09104656428098679 0.08805669844150543 1.0279951095581055
v 0.14824429154396057 0.08742677420377731 1.0137763023376465
v -0.08004023879766464 0.07593939453363419 0.9040333032608032
v -0.040863584727048874 0.0910382941365242 1.0498626232147217
v 0.008045141585171223 0.08490193635225296 1.015663743019104
v 0.06988117098808289 0.08988676965236664 1.0354347229003906
v 0.11936050653457642 0.09090932458639145 1.0104310512542725
v -0.08400686085224152 0.06694493442773819 0.8061771988868713
v -0.06494341790676117 0.09156306087970734 1.056451678276062
v -0.009110918268561363 0.09007347375154495 1.0273624658584595
v 0.046838000416755676 0.08915805071592331 1.0325953960418701
v 0.10341156274080276 0.0907742828130722 1.0399975776672363
v -0.11155205219984055 0.06940870732069016 0.784183919429779
v -0.06652513891458511 0.07685131579637527 0.9032450318336487
v -0.028501104563474655 0.08980798721313477 1.059751272201538
v 0.02287363074719906 0.08643291145563126 0.995758056640625
v 0.08109001815319061 0.09068349003791809 1.029086709022522
v 0.13188838958740234 0.08916574716567993 0.9969603419303894
v -0.0917711928486824 0.07879656553268433 0.9043290615081787
v -0.05142282694578171 0.09338341653347015 1.0520665645599365
v 0.0017952567432075739 0.09098954498767853 1.0346471071243286
v 0.057590119540691376 0.09136030077934265 1.0355337858200073
v 0.11576168239116669 0.09476812928915024 1.0540674924850464
v -0.09862057864665985 0.07072755694389343 0.7957773804664612
v -0.07597992569208145 0.09497541189193726 1.057908535003662
v -0.02009672112762928 0.09341054409742355 1.0382585525512695
v 0.035351186990737915 0.08894424140453339 1.0124588012695312
v 0.09221674501895905 0.09105407446622849 1.0283920764923096
v 0.15131279826164246 0.0908641517162323 1.014713168144226
v -0.07921630144119263 0.08045298606157303 0.9040099382400513
v -0.04003727808594704 0.09523850679397583 1.0550857782363892
v 0.01130722276866436 0.08699720352888107 0.982232928276062
v 0.0709041878581047 0.09277141094207764 1.0353188514709473
v 0.12045782059431076 0.09378441423177719 1.008495807647705
v -0.08245555311441422 0.07140681892633438 0.8075106143951416
v -0.06319934129714966 0.09493984282016754 1.0568276643753052
v -0.008438815362751484 0.09374122321605682 1.0334850549697876
v 0.04829747602343559 0.09186496585607529 1.0314675569534302
v 0.10490725934505463 0.09426087886095047 1.042891025543213
v -0.11027621477842331 0.07319953292608261 0.7853029370307922
v -0.06567606329917908 0.0812329649925232 0.9016095995903015
v -0.02715771645307541 0.09621279686689377 1.0670026540756226
v 0.024035681039094925 0.08967028558254242 0.9963110089302063
v 0.08191850781440735 0.09354802221059799 1.0287530422210693
v 0.13337400555610657 0.09236231446266174 0.9961828589439392
v -0.09078053385019302 0.08341577649116516 0.9055491089820862
v -0.05010191723704338 0.09669884294271469 1.051355242729187
v 0.002786523662507534 0.09447509050369263 1.0340373516082764
v 0.058956727385520935 0.09382461756467819 1.0307106971740723
v 0.1165640577673912 0.09831376373767853 1.0536959171295166
v -0.09770041704177856 0.07464998215436935 0.7959381341934204
v -0.07536718994379044 0.0983305349946022 1.0591144561767578
v -0.01929173618555069 0.09669627994298935 1.037382960319519
v 0.036398328840732574 0.09196586906909943 1.0104042291641235
v 0.0932827889919281 0.09459028393030167 1.028471827507019
v -0.12707015872001648 0.07582876831293106 0.7726516127586365
v -0.078385129570961 0.08479627221822739 0.904395580291748
v -0.039287760853767395 0.09961305558681488 1.0606633424758911
v 0.012863148003816605 0.09047898650169373 0.9829152226448059
v 0.071982242166996 0.09525754302740097 1.0325214862823486
v 0.12152551859617233 0.09673496335744858 1.0082513093948364
v -0.08145027607679367 0.07672485709190369 0.811447024345398
v -0.061837632209062576 0.09853935241699219 1.055349588394165
v -0.007672497536987066 0.09725423902273178 1.034224271774292
v 0.048884060233831406 0.09458330273628235 1.022273063659668
v 0.10654497891664505 0.09814731776714325 1.0446248054504395
v -0.10906433314085007 0.07725288718938828 0.7874186038970947
v -0.06500821560621262 0.08524768799543381 0.9027237296104431
v -0.026510601863265038 0.10054545849561691 1.0631214380264282
v 0.02522996813058853 0.09289884567260742 0.99606853723526
v 0.0826883316040039 0.09696462750434875 1.0279816389083862
v 0.13497857749462128 0.09601861238479614 0.9958822131156921
v -0.09005770087242126 0.08759842813014984 0.9067427515983582
v -0.04960325360298157 0.10184337943792343 1.0563350915908813
v 0.003868400352075696 0.09832694381475449 1.0333448648452759
v 0.06039828434586525 0.09632644802331924 1.0270723104476929
v 0.11708464473485947 0.10248079895973206 1.0521252155303955
v -0.09665162116289139 0.07884754985570908 0.7966680526733398
v -0.07473130524158478 0.10280683636665344 1.0591673851013184
v -0.01835719496011734 0.10029696673154831 1.0354199409484863
v 0.03740543872117996 0.09526193141937256 1.0084843635559082
v 0.09422162920236588 0.09869019687175751 1.028398871421814
v -0.12318071722984314 0.0801355168223381 0.7745610475540161
v -0.07766742259263992 0.08892691880464554 0.9053213596343994
v -0.03858759254217148 0.10420496761798859 1.0647406578063965
v 0.014221022836863995 0.09395596385002136 0.9828491806983948
v 0.0732094869017601 0.09834584593772888 1.0287340879440308
v 0.12314585596323013 0.10101915895938873 1.008576512336731
v -0.08083713799715042 0.0831468403339386 0.8156230449676514
v -0.06088491529226303 0.10274483263492584 1.054894208908081
v -0.006809660233557224 0.10102159529924393 1.0346568822860718
v 0.04982202500104904 0.09770864993333817 1.0205295085906982
v 0.10774179548025131 0.10278447717428207 1.04364812374115
v -0.10777432471513748 0.08197546005249023 0.790232241153717
v -0.06444458663463593 0.08971646428108215 0.9042736887931824
v -0.028558705002069473 0.10146725922822952 1.0078767538070679
v 0.026295065879821777 0.0961613580584526 0.9952155351638794
v 0.083768829703331 0.10088911652565002 1.0280410051345825
v 0.13726943731307983 0.10024804621934891 0.9973150491714478
v -0.08942446857690811 0.09187417477369308 0.9082587361335754
v -0.04898971691727638 0.1061176061630249 1.0594093799591064
v 0.004576431587338448 0.10275845974683762 1.0304795503616333
v 0.06160210072994232 0.09938252717256546 1.0217424631118774
v 0.1180635318160057 0.10682809352874756 1.0495721101760864
v -0.09566877782344818 0.08386701345443726 0.7992441058158875
v -0.074029341340065 0.10801225155591965 1.0586118698120117
v -0.017605721950531006 0.10466074198484421 1.0339617729187012
v 0.03882916644215584 0.09896404296159744 1.0069975852966309
v 0.0951855257153511 0.10303577780723572 1.0282529592514038
v -0.12117259949445724 0.08643527328968048 0.776360273361206
v -0.07709469646215439 0.0932326465845108 0.906927227973938
v -0.037690192461013794 0.10746552050113678 1.066051721572876
v 0.015361043624579906 0.09764087945222855 0.9821153879165649
v 0.07497909665107727 0.10199873894453049 1.0258803367614746
v 0.1251126378774643 0.1056947261095047 1.0082488059997559
v -0.07765829563140869 0.09094306081533432 0.8129786849021912
v -0.06016773730516434 0.10746639966964722 1.057121992111206
v -0.005989886354655027 0.10519861429929733 1.034878134727478
v 0.05065089464187622 0.1011536493897438 1.017747402191162
v 0.10798505693674088 0.10958913713693619 1.043428659439087
v -0.10620811581611633 0.08745679259300232 0.7913910150527954
v -0.06387387216091156 0.09582007676362991 0.905928373336792
v -0.02791639044880867 0.10836338996887207 1.0072208642959595
v 0.02710387296974659 0.10025723278522491 0.9934177398681641
v 0.08510840684175491 0.10600744932889938 1.0271430015563965
v 0.13924995064735413 0.10619576275348663 0.9989604353904724
v -0.08864002674818039 0.09852954000234604 0.9104228019714355
v -0.04836443066596985 0.11017659306526184 1.0582051277160645
v -0.001527862623333931 0.10543158650398254 0.9705396890640259
v 0.06202434003353119 0.10416003316640854 1.0175241231918335
v 0.11744416505098343 0.11666560173034668 1.0461177825927734
