HIERARCHY
ROOT Hips
{
	OFFSET -0.001795 -0.223333 0.028219
	CHANNELS 6 Xposition Yposition Zposition Zrotation Yrotation Xrotation 
	JOINT LeftUpLeg
	{
		OFFSET 0.069520 -0.091406 -0.006815
		CHANNELS 3 Zrotation Yrotation Xrotation
		JOINT LeftLeg
		{
			OFFSET 0.034277 -0.375199 -0.004496
			CHANNELS 3 Zrotation Yrotation Xrotation
			JOINT LeftFoot
			{
				OFFSET -0.013596 -0.397961 -0.043693
				CHANNELS 3 Zrotation Yrotation Xrotation
				JOINT LeftToe
				{
					OFFSET 0.026358 -0.055791 0.119288
					CHANNELS 3 Zrotation Yrotation Xrotation
					End Site
					{
						OFFSET 0.000000 0.000000 0.000000
					}
				}
			}
		}
	}
	JOINT RightUpLeg
	{
		OFFSET -0.067670 -0.090522 -0.004320
		CHANNELS 3 Zrotation Yrotation Xrotation
		JOINT RightLeg
		{
			OFFSET -0.038290 -0.382569 -0.008850
			CHANNELS 3 Zrotation Yrotation Xrotation
			JOINT RightFoot
			{
				OFFSET 0.015774 -0.398415 -0.042312
				CHANNELS 3 Zrotation Yrotation Xrotation
				JOINT RightToe
				{
					OFFSET -0.025372 -0.048144 0.123348
					CHANNELS 3 Zrotation Yrotation Xrotation
					End Site
					{
						OFFSET 0.000000 0.000000 0.000000
					}
				}
			}
		}
	}
	JOINT Spine
	{
		OFFSET -0.002533 0.108963 -0.026696
		CHANNELS 3 Zrotation Yrotation Xrotation
		JOINT Spine1
		{
			OFFSET 0.005487 0.135180 0.001092
			CHANNELS 3 Zrotation Yrotation Xrotation
			JOINT Spine2
			{
				OFFSET 0.001457 0.052922 0.025425
				CHANNELS 3 Zrotation Yrotation Xrotation
				JOINT Neck
				{
					OFFSET -0.002778 0.213870 -0.042857
					CHANNELS 3 Zrotation Yrotation Xrotation
					JOINT Head
					{
						OFFSET 0.005152 0.064970 0.051349
						CHANNELS 3 Zrotation Yrotation Xrotation
						End Site
						{
							OFFSET 0.000000 0.000000 0.000000
						}
					}
				}
				JOINT LeftShoulder
				{
					OFFSET 0.078845 0.121749 -0.034090
					CHANNELS 3 Zrotation Yrotation Xrotation
					JOINT LeftArm
					{
						OFFSET 0.090977 0.030469 -0.008868
						CHANNELS 3 Zrotation Yrotation Xrotation
						JOINT LeftForeArm
						{
							OFFSET 0.259612 -0.012772 -0.027456
							CHANNELS 3 Zrotation Yrotation Xrotation
							JOINT LeftHand
							{
								OFFSET 0.249234 0.008986 -0.001171
								CHANNELS 3 Zrotation Yrotation Xrotation
								End Site
								{
									OFFSET 0.000000 0.000000 0.000000
								}
							}
						}
					}
				}
				JOINT RightShoulder
				{
					OFFSET -0.081759 0.118833 -0.038615
					CHANNELS 3 Zrotation Yrotation Xrotation
					JOINT RightArm
					{
						OFFSET -0.096012 0.032551 -0.009143
						CHANNELS 3 Zrotation Yrotation Xrotation
						JOINT RightForeArm
						{
							OFFSET -0.253742 -0.013329 -0.021401
							CHANNELS 3 Zrotation Yrotation Xrotation
							JOINT RightHand
							{
								OFFSET -0.255298 0.007772 -0.005559
								CHANNELS 3 Zrotation Yrotation Xrotation
								End Site
								{
									OFFSET 0.000000 0.000000 0.000000
								}
							}
						}
					}
				}
			}
		}
	}
}
MOTION
Frames: 196
Frame Time: 0.050000
0.000000 0.921659 0.000000 1.001218 -5.462730 -3.938008 5.792709 -0.539054 -17.595902 -3.691233 0.519444 9.655325 13.611378 24.304472 21.288819 0.000000 0.000000 0.000000 -3.065186 -0.263642 5.372984 1.310534 0.441289 14.541267 -2.144483 -3.145542 -4.227492 0.000000 0.000000 0.000000 7.840876 -1.500620 15.163928 -8.541149 2.726527 -22.237184 2.597023 11.020894 24.408333 11.533816 -7.239843 -11.660569 0.000000 0.000000 0.000000 -19.490502 -7.558768 0.984545 -41.297819 3.398824 -7.210559 -3.181017 -61.906528 3.690790 0.000000 0.000000 0.000000 27.339100 0.141273 1.058652 48.881014 15.667193 -1.565978 -1.407186 41.920982 2.585250 0.000000 0.000000 0.000000 
0.009774 0.921586 0.028755 0.620247 -6.580945 -3.857816 4.839410 -0.597126 -15.601641 -2.516499 0.296470 9.691017 14.631727 25.853502 18.745345 0.000000 0.000000 0.000000 -3.723415 -0.141255 4.387741 1.710323 0.614621 18.955724 -1.897566 -3.566160 -2.182950 0.000000 0.000000 0.000000 6.968135 -1.390511 15.401652 -7.891577 2.363659 -26.337740 2.873009 9.050827 27.880371 10.838067 -7.055049 -12.149211 0.000000 0.000000 0.000000 -19.506185 -6.861956 1.510733 -40.591861 0.617897 -6.763625 8.724319 -63.706556 -2.756239 0.000000 0.000000 0.000000 27.941651 0.551256 0.502257 49.443358 15.235122 -1.851949 -0.435143 41.048613 2.667189 0.000000 0.000000 0.000000 
0.019708 0.922730 0.056851 0.833594 -7.699750 -5.551631 4.031984 -0.594706 -13.454498 -2.870838 0.439077 12.648596 15.520772 27.348321 16.589747 0.000000 0.000000 0.000000 -5.604165 0.023172 3.782487 3.295051 0.665485 26.781470 -1.577786 -3.863998 -0.100253 0.000000 0.000000 0.000000 5.760884 -1.142129 14.781787 -6.811038 2.183105 -23.112029 1.184009 10.438251 27.042067 10.794351 -6.853593 -12.192570 0.000000 0.000000 0.000000 -17.564221 -9.351167 2.722411 -37.715493 -4.031387 -4.901958 24.591321 -63.894236 -13.078002 0.000000 0.000000 0.000000 29.621987 0.767800 0.934637 48.325873 13.744603 -2.593950 0.009479 39.466618 2.720474 0.000000 0.000000 0.000000 
0.028515 0.926681 0.082320 0.512345 -7.575862 -6.453620 3.548173 -0.576456 -11.658893 -2.931618 0.474364 14.186560 15.527956 27.677620 15.064957 0.000000 0.000000 0.000000 -6.147848 0.138847 1.095078 4.501125 0.689111 34.967315 -1.476702 -6.494522 6.146085 0.000000 0.000000 0.000000 4.214660 -0.936195 14.405098 -5.811492 1.954938 -21.524587 0.731812 7.359970 27.628031 9.266044 -6.360003 -10.955044 0.000000 0.000000 0.000000 -18.380710 -9.788291 3.729759 -33.722579 -7.965472 -3.731527 43.002518 -63.200104 -24.044682 0.000000 0.000000 0.000000 30.104737 2.104984 0.668335 48.262718 12.197931 -2.932747 0.342138 36.880155 2.298342 0.000000 0.000000 0.000000 
0.034936 0.932591 0.104185 -0.256592 -8.689410 -6.429481 3.889508 -0.391653 -8.900711 -3.004982 0.493722 12.272036 16.035805 28.465550 14.822315 0.000000 0.000000 0.000000 -6.565289 0.325584 -2.954208 6.420482 0.298474 39.726710 -2.672306 -11.258285 13.748023 0.000000 0.000000 0.000000 2.813167 -0.767820 14.359028 -4.196347 1.459330 -20.663466 0.658218 6.568737 27.041093 8.406580 -6.107930 -9.292605 0.000000 0.000000 0.000000 -17.669125 -12.026206 5.230375 -30.406217 -12.112664 -2.588893 54.769669 -60.357275 -30.044526 0.000000 0.000000 0.000000 29.980416 2.805589 0.467249 47.998177 9.651318 -3.580268 0.723494 35.135830 2.082982 0.000000 0.000000 0.000000 
0.039236 0.938709 0.122512 -1.087812 -10.011696 -6.245644 4.388122 -0.216361 -6.441889 -2.968714 0.481233 10.259279 16.609252 29.194662 15.316384 0.000000 0.000000 0.000000 -6.480882 0.468360 -5.700319 7.105313 0.171289 38.942879 -5.343346 -15.454639 10.787846 0.000000 0.000000 0.000000 3.103755 -0.831613 15.440207 -4.046685 1.367077 -22.720740 0.132634 4.369930 27.549351 7.212701 -5.479885 -9.477978 0.000000 0.000000 0.000000 -16.146147 -12.471869 6.057792 -28.524721 -16.071854 -1.930085 64.345631 -56.251196 -32.872867 0.000000 0.000000 0.000000 29.063084 3.224447 -0.411435 49.276970 6.964480 -4.368422 1.728800 32.958523 1.989065 0.000000 0.000000 0.000000 
0.041731 0.942726 0.138696 -2.158516 -11.123466 -5.416141 5.250314 -0.023064 -3.605027 -2.980189 0.439053 6.173805 17.052368 29.838739 15.487897 0.000000 0.000000 0.000000 -6.123887 0.574411 -7.151175 7.679377 -0.172045 33.676496 -6.306504 -16.130373 4.322300 0.000000 0.000000 0.000000 3.740698 -0.921675 15.828596 -3.206481 1.099244 -23.135042 -1.266435 4.231933 26.867568 7.562714 -5.944890 -8.684284 0.000000 0.000000 0.000000 -13.177260 -13.845612 6.526553 -26.958740 -20.073256 -1.104003 67.849313 -50.728176 -31.079444 0.000000 0.000000 0.000000 29.127733 1.782540 -1.700011 49.661169 4.884460 -5.062548 2.128796 32.062559 1.978944 0.000000 0.000000 0.000000 
0.042402 0.945516 0.153206 -2.808051 -11.546065 -5.306727 5.901437 0.108950 -1.442896 -3.246256 0.470034 4.179921 17.113277 30.002128 15.407549 0.000000 0.000000 0.000000 -5.565678 0.611360 -7.499153 6.397381 0.002091 26.949489 -4.854949 -11.866232 0.322035 0.000000 0.000000 0.000000 3.170743 -0.858691 16.224064 -1.972240 0.751951 -22.380053 -2.669348 3.045435 24.341576 6.929930 -5.648330 -7.215492 0.000000 0.000000 0.000000 -11.848215 -14.942453 7.004980 -25.278163 -23.525754 -0.367933 67.138559 -46.170473 -27.389888 0.000000 0.000000 0.000000 28.131977 2.548938 -1.723738 51.125491 2.136196 -5.905813 1.544280 30.964648 1.610913 0.000000 0.000000 0.000000 
0.041177 0.946124 0.166147 -2.961266 -11.390983 -4.282749 5.887090 0.101179 -1.219133 -3.102355 0.435314 3.335128 17.078200 30.063483 15.041316 0.000000 0.000000 0.000000 -5.757043 0.657315 -8.145197 4.292304 0.217540 19.553058 -2.130680 -5.372523 0.195569 0.000000 0.000000 0.000000 2.758439 -0.810093 16.001376 -2.498661 0.913262 -23.490367 -2.804245 0.775778 24.192861 7.157009 -6.202254 -6.243117 0.000000 0.000000 0.000000 -11.106966 -15.723750 7.608588 -23.807063 -27.827701 0.262707 65.288531 -42.362021 -23.453412 0.000000 0.000000 0.000000 27.917553 3.229816 -2.195207 51.379823 0.781599 -6.173014 1.640849 29.125552 1.360667 0.000000 0.000000 0.000000 
0.037972 0.946184 0.178525 -3.225293 -12.977640 -3.202972 6.209995 0.168159 -0.207179 -3.141787 0.445013 1.561710 18.001902 31.252721 15.633288 0.000000 0.000000 0.000000 -5.579621 0.700109 -8.248695 1.998366 0.386060 12.613281 1.491335 0.206787 4.793030 0.000000 0.000000 0.000000 2.470190 -0.697886 14.129920 -2.388261 0.797545 -21.874598 -2.784077 1.186212 22.824844 6.654849 -5.782690 -5.763594 0.000000 0.000000 0.000000 -10.293613 -16.447566 7.870532 -24.524037 -30.865560 0.997723 65.242791 -41.119892 -22.410030 0.000000 0.000000 0.000000 27.977650 3.207532 -2.511522 51.208595 0.157676 -6.183423 1.555027 28.092243 1.222767 0.000000 0.000000 0.000000 
0.033138 0.944805 0.190468 -3.211243 -12.479381 -3.050774 6.503483 0.190640 0.366116 -3.397484 0.480041 1.607120 17.683531 31.105707 14.633428 0.000000 0.000000 0.000000 -6.056603 0.587610 -6.542664 1.257538 0.245211 8.124488 4.292201 4.946931 6.962124 0.000000 0.000000 0.000000 2.656832 -0.705251 13.429224 -3.465750 1.100926 -21.462267 -2.654785 -0.103261 22.043769 6.539127 -5.867236 -4.478645 0.000000 0.000000 0.000000 -10.482935 -17.479508 8.500838 -24.633918 -33.671723 1.632110 63.687254 -40.156805 -20.987341 0.000000 0.000000 0.000000 27.422321 3.705857 -2.518482 52.626230 0.107881 -6.222394 1.097099 26.998008 1.008638 0.000000 0.000000 0.000000 
0.027433 0.942972 0.200744 -3.104049 -13.143116 -2.986008 6.981109 0.236253 0.831600 -4.071151 0.602748 2.184604 18.030625 31.764302 14.211493 0.000000 0.000000 0.000000 -6.386823 0.601173 -6.623546 1.250359 0.231459 7.723512 5.588184 6.720254 8.264165 0.000000 0.000000 0.000000 2.742982 -0.680223 12.695729 -4.019338 1.227127 -20.700723 -2.975690 -0.289390 21.777800 7.349863 -6.695771 -3.555222 0.000000 0.000000 0.000000 -10.807254 -18.035336 8.920070 -25.841599 -35.550031 2.250794 63.738469 -39.949074 -20.691500 0.000000 0.000000 0.000000 28.010264 4.107957 -2.603801 51.467349 0.149823 -5.914930 3.030384 27.592482 1.420377 0.000000 0.000000 0.000000 
0.021490 0.942007 0.208536 -3.169157 -14.154278 -2.940533 7.373199 0.278435 1.074018 -4.233026 0.660546 3.106844 18.612103 32.571520 14.429659 0.000000 0.000000 0.000000 -6.357596 0.583595 -5.994047 1.181281 0.178244 6.375149 6.951156 8.724487 9.281026 0.000000 0.000000 0.000000 3.301788 -0.725790 12.705050 -5.107419 1.514577 -20.875032 -2.549011 -0.317381 22.238197 7.577749 -6.831646 -4.650595 0.000000 0.000000 0.000000 -11.611600 -18.019729 9.224839 -27.388247 -37.498739 2.960112 62.280667 -39.595476 -19.666726 0.000000 0.000000 0.000000 28.345933 5.080791 -2.331868 51.090932 1.796386 -5.115768 3.201734 27.326472 1.406180 0.000000 0.000000 0.000000 
0.015958 0.942305 0.213357 -3.038864 -14.895044 -2.486143 7.418089 0.285909 1.001847 -4.153245 0.659638 3.240151 19.083649 33.016913 15.194966 0.000000 0.000000 0.000000 -6.717017 0.611617 -6.140111 1.854121 0.069307 5.764542 7.638632 9.661718 9.825710 0.000000 0.000000 0.000000 3.569923 -0.719094 11.963582 -5.758599 1.682611 -20.254153 -2.368042 -0.600713 22.040969 8.064172 -7.291122 -4.372359 0.000000 0.000000 0.000000 -12.774192 -18.380094 9.819854 -28.583587 -38.167425 3.365489 60.276764 -38.782218 -18.254433 0.000000 0.000000 0.000000 27.598994 6.119301 -1.884351 51.313659 3.197438 -4.467223 4.550642 28.543161 1.725378 0.000000 0.000000 0.000000 
0.010844 0.941974 0.215810 -2.773148 -15.315038 -2.414361 7.367495 0.280984 0.709793 -4.099038 0.675335 4.056682 19.367911 33.272796 15.636021 0.000000 0.000000 0.000000 -6.686438 0.627832 -6.320950 1.756866 0.097810 6.040571 7.727982 10.183945 9.401740 0.000000 0.000000 0.000000 3.860320 -0.759275 12.394981 -6.028362 1.744347 -20.773274 -2.516266 -1.101874 22.941322 8.125199 -7.397442 -4.956946 0.000000 0.000000 0.000000 -13.949950 -18.191113 10.199522 -29.770172 -38.248264 3.524001 59.862926 -39.288294 -18.162876 0.000000 0.000000 0.000000 27.540457 6.727863 -1.794438 51.127663 4.808060 -3.780957 5.200378 30.335623 1.951267 0.000000 0.000000 0.000000 
0.006224 0.941793 0.216560 -2.442762 -15.442289 -1.889003 7.491851 0.277233 0.651661 -4.471572 0.725380 3.230254 19.421287 33.225133 15.996140 0.000000 0.000000 0.000000 -6.778548 0.670558 -6.963471 2.135449 0.062784 6.257297 7.166433 9.488577 8.793479 0.000000 0.000000 0.000000 4.296510 -0.812296 12.564132 -6.221800 1.800031 -20.676456 -2.457574 -1.916642 22.982711 8.446599 -7.693280 -5.198218 0.000000 0.000000 0.000000 -15.172744 -18.054811 10.657288 -30.026445 -37.046603 3.169212 59.892839 -39.535467 -18.147395 0.000000 0.000000 0.000000 26.836010 7.503960 -1.570857 50.671028 5.786989 -3.258016 6.141035 32.146536 2.231151 0.000000 0.000000 0.000000 
0.001974 0.941929 0.216209 -2.216836 -15.589555 -1.619973 7.725063 0.274842 0.353756 -4.829895 0.793968 3.245768 19.487207 33.163287 16.409591 0.000000 0.000000 0.000000 -6.763908 0.721886 -7.804392 2.103745 0.124465 7.429550 6.982667 9.832913 7.967007 0.000000 0.000000 0.000000 4.690493 -0.873179 13.002908 -6.409533 1.856611 -20.465832 -2.428047 -2.213533 23.321962 8.871146 -8.049072 -5.561466 0.000000 0.000000 0.000000 -15.217667 -18.084220 10.766011 -30.353100 -35.378316 2.774439 59.443459 -40.267094 -18.326106 0.000000 0.000000 0.000000 27.194130 7.708855 -1.653852 49.717599 6.471093 -2.866031 6.919895 33.842523 2.535673 0.000000 0.000000 0.000000 
-0.002217 0.941675 0.215149 -1.942760 -15.520953 -1.299514 8.109163 0.282629 0.339228 -5.505460 0.891692 2.486591 19.366707 32.926775 16.586510 0.000000 0.000000 0.000000 -6.910079 0.783156 -8.849880 2.457503 0.123315 8.402088 6.707934 9.417509 7.781153 0.000000 0.000000 0.000000 5.088317 -0.946121 13.581106 -6.545559 1.904344 -20.359936 -2.352157 -2.706260 23.558729 9.316430 -8.451707 -5.659191 0.000000 0.000000 0.000000 -15.424445 -17.924378 10.842242 -30.237939 -32.987177 2.088840 59.461042 -42.380854 -19.447826 0.000000 0.000000 0.000000 26.628922 8.048609 -1.514067 49.467571 7.283878 -2.528480 8.274304 35.661088 3.029310 0.000000 0.000000 0.000000 
-0.006496 0.941420 0.213743 -1.625226 -15.614585 -0.935111 8.531532 0.291396 0.184055 -6.328530 1.017957 1.883943 19.348200 32.785346 16.898127 0.000000 0.000000 0.000000 -6.977035 0.845267 -9.810806 2.712658 0.106918 8.770190 6.558423 8.793066 8.110987 0.000000 0.000000 0.000000 5.554607 -1.025412 14.109359 -6.276074 1.828602 -20.166860 -2.643467 -2.649789 23.700478 9.909084 -8.813945 -6.485085 0.000000 0.000000 0.000000 -14.641012 -17.405029 10.371321 -30.509492 -30.304025 1.465361 58.654721 -44.463946 -20.184238 0.000000 0.000000 0.000000 26.362398 8.168795 -1.395339 48.944817 7.920937 -2.265217 8.980675 37.148046 3.369773 0.000000 0.000000 0.000000 
-0.010930 0.941297 0.212143 -1.259319 -14.990586 -0.528280 8.835723 0.278535 0.155589 -6.939567 1.063566 0.694523 18.890094 32.116812 16.950236 0.000000 0.000000 0.000000 -7.087851 0.892458 -10.732309 2.945039 0.101264 9.570727 5.868330 7.721991 7.664698 0.000000 0.000000 0.000000 6.315393 -1.158460 14.652568 -6.187240 1.838122 -19.559957 -2.580928 -3.217697 23.288934 10.601369 -9.318637 -6.779085 0.000000 0.000000 0.000000 -14.649284 -16.975052 10.181455 -30.134067 -27.554706 0.729818 56.595440 -47.187225 -20.735471 0.000000 0.000000 0.000000 26.084228 8.486090 -1.213010 48.399660 9.036155 -1.757531 9.516102 37.126879 3.508801 0.000000 0.000000 0.000000 
-0.015436 0.941313 0.210215 -0.780296 -15.186080 -0.392862 9.012470 0.283843 -0.005632 -7.597293 1.166451 0.442847 18.933758 32.000188 17.484058 0.000000 0.000000 0.000000 -7.182045 0.932280 -11.322887 3.277592 0.070029 9.903675 5.299617 6.647000 7.412096 0.000000 0.000000 0.000000 6.577803 -1.235626 15.572174 -5.664086 1.688973 -19.097903 -2.203300 -2.723767 22.766331 11.179557 -9.811935 -5.977066 0.000000 0.000000 0.000000 -14.484747 -16.857378 9.988832 -29.516166 -25.468402 0.200102 53.183032 -49.814413 -20.603484 0.000000 0.000000 0.000000 26.396837 9.248992 -0.650597 47.442829 10.496604 -1.125508 8.930686 37.306842 3.378891 0.000000 0.000000 0.000000 
-0.019939 0.941351 0.207933 -0.586037 -14.440883 0.161466 9.177361 0.247021 -0.735494 -7.607902 1.140231 0.175258 18.518740 31.367911 17.602777 0.000000 0.000000 0.000000 -7.256507 0.974132 -12.164203 3.568799 0.029746 10.337140 4.857487 5.907579 7.218175 0.000000 0.000000 0.000000 7.494133 -1.420065 16.214936 -5.562220 1.684764 -18.807448 -1.515022 -3.308991 22.274117 11.528373 -10.126147 -5.632031 0.000000 0.000000 0.000000 -14.466913 -16.753175 9.952824 -28.176528 -23.781797 -0.271279 48.004496 -52.764011 -19.523742 0.000000 0.000000 0.000000 26.387998 10.096542 -0.185583 46.255158 12.495784 -0.289285 8.877518 36.647273 3.285633 0.000000 0.000000 0.000000 
-0.024100 0.942107 0.205438 -0.280728 -14.244846 0.707441 9.061721 0.215352 -1.264622 -7.436698 1.086791 -0.347046 18.423716 31.022511 18.285240 0.000000 0.000000 0.000000 -7.251400 1.012336 -12.713562 3.834135 -0.037845 9.775626 4.470591 4.713511 7.665748 0.000000 0.000000 0.000000 7.942931 -1.558923 17.177633 -5.158767 1.562961 -19.012297 -0.915625 -3.155171 21.933773 12.127786 -10.916230 -3.508348 0.000000 0.000000 0.000000 -14.375411 -17.485637 10.230985 -26.257679 -23.027360 -0.502481 42.503092 -54.653340 -17.750711 0.000000 0.000000 0.000000 27.468575 11.477698 0.636310 45.087154 15.166256 0.735868 7.073446 35.152228 2.669306 0.000000 0.000000 0.000000 
-0.027218 0.942792 0.203148 -0.174777 -13.130242 1.079163 9.243467 0.173291 -2.374772 -7.421756 1.086008 0.276265 17.795954 30.180479 18.193775 0.000000 0.000000 0.000000 -7.073226 1.025359 -13.135618 3.794702 -0.068341 9.393480 4.024318 3.154364 8.621453 0.000000 0.000000 0.000000 9.122604 -1.837434 18.058442 -5.220863 1.623145 -18.536684 -0.121913 -3.733195 21.107591 12.417110 -11.443916 -1.536512 0.000000 0.000000 0.000000 -13.710572 -18.316917 10.410136 -25.170162 -23.279174 -0.408336 36.336665 -56.674451 -15.342735 0.000000 0.000000 0.000000 27.514005 12.419006 1.264977 44.667360 18.090032 1.820674 6.225041 34.073652 2.359353 0.000000 0.000000 0.000000 
-0.028637 0.943903 0.201644 0.051862 -12.818898 1.532106 8.872879 0.127792 -2.921806 -6.624428 0.976479 0.898380 16.220875 28.342506 16.718262 0.000000 0.000000 0.000000 -7.069424 1.051032 -13.542384 3.612623 -0.060570 8.987872 3.858154 2.510348 9.087934 0.000000 0.000000 0.000000 10.003789 -2.101288 19.377028 -4.869727 1.514361 -19.311351 0.579691 -3.571085 21.192893 13.623511 -12.631927 -0.774024 0.000000 0.000000 0.000000 -13.187176 -19.254697 10.665216 -24.580466 -23.497503 -0.353405 30.941692 -59.435164 -13.298136 0.000000 0.000000 0.000000 27.763036 13.268948 1.923516 44.362689 21.482035 2.962251 4.820738 33.769089 1.987273 0.000000 0.000000 0.000000 
-0.028102 0.944962 0.201011 0.308213 -12.125617 1.949884 8.507116 0.065569 -4.000767 -6.026279 0.914215 2.341903 14.610048 26.369641 15.105510 0.000000 0.000000 0.000000 -7.549123 1.033134 -13.856572 3.602049 -0.076434 8.871606 3.882564 2.528652 9.276678 0.000000 0.000000 0.000000 11.029067 -2.376028 20.108495 -4.359519 1.389117 -18.936470 1.201379 -3.427356 20.629087 13.778844 -12.771462 -0.493006 0.000000 0.000000 0.000000 -12.622509 -20.600291 11.046445 -24.676673 -23.770549 -0.202959 26.028743 -61.860810 -11.141311 0.000000 0.000000 0.000000 27.148520 13.720164 2.504134 44.983810 23.968725 3.849570 3.713743 34.968429 1.774926 0.000000 0.000000 0.000000 
-0.026320 0.946172 0.201179 0.646685 -12.117154 2.291723 7.758792 0.004006 -4.410527 -5.145236 0.789581 3.224908 13.247263 24.627810 13.453986 0.000000 0.000000 0.000000 -7.792260 1.062738 -14.485848 3.418685 -0.047622 8.906302 3.685017 1.649912 9.991193 0.000000 0.000000 0.000000 12.048376 -2.647570 21.029409 -4.270373 1.365587 -18.873608 1.691113 -3.296750 20.267790 14.680921 -13.513133 -0.375709 0.000000 0.000000 0.000000 -12.051950 -21.502576 11.291019 -25.287928 -24.272678 0.004558 21.686061 -64.607371 -9.000613 0.000000 0.000000 0.000000 26.619669 14.519779 3.098422 45.706725 26.684062 4.930408 3.541296 35.327462 1.759603 0.000000 0.000000 0.000000 
-0.024388 0.946349 0.202024 0.883467 -11.792852 2.569433 7.068528 -0.059813 -4.777205 -4.269873 0.645997 3.850292 12.236073 23.290121 12.088179 0.000000 0.000000 0.000000 -8.431878 1.035795 -14.760942 3.727990 -0.102060 8.872711 3.651134 1.500453 10.202295 0.000000 0.000000 0.000000 12.960937 -2.883595 21.488127 -3.869500 1.257245 -18.645530 2.048900 -3.250937 20.064446 15.156848 -13.731762 -1.162186 0.000000 0.000000 0.000000 -11.137596 -22.088840 11.267696 -25.851898 -24.571481 0.168732 16.085080 -66.349135 -5.636439 0.000000 0.000000 0.000000 25.696412 14.650202 3.344257 46.721507 28.674225 5.769090 4.267648 35.858951 2.030798 0.000000 0.000000 0.000000 
-0.023085 0.946511 0.203521 0.898744 -11.751977 2.614851 6.900509 -0.066206 -4.533993 -3.641202 0.535899 3.923000 11.271347 21.867825 11.246553 0.000000 0.000000 0.000000 -8.505951 1.021373 -14.580030 3.550478 -0.092317 8.368940 3.843977 1.565036 10.729212 0.000000 0.000000 0.000000 13.724426 -3.099192 22.148213 -3.365074 1.111159 -18.113119 2.287550 -2.746566 19.288560 16.384376 -14.718815 -0.906650 0.000000 0.000000 0.000000 -9.825588 -22.734317 11.088274 -26.408361 -24.152522 0.250151 10.386930 -67.725886 -2.022541 0.000000 0.000000 0.000000 25.223273 14.704387 3.602274 47.250427 30.092134 6.416818 5.585254 36.277049 2.496714 0.000000 0.000000 0.000000 
-0.022485 0.946400 0.205293 0.978230 -11.390101 2.713957 7.022998 -0.067869 -4.517315 -3.543945 0.510752 3.725435 10.526763 20.675549 11.171885 0.000000 0.000000 0.000000 -8.867580 0.999937 -14.775236 3.471155 -0.080477 8.581163 4.241257 2.177626 11.133202 0.000000 0.000000 0.000000 14.668768 -3.356910 22.609042 -3.254042 1.088064 -18.125354 2.474686 -2.884984 19.420139 17.060326 -15.388069 -0.608302 0.000000 0.000000 0.000000 -8.269813 -22.821107 10.667107 -26.277320 -23.618291 0.192401 4.951696 -69.138938 1.667103 0.000000 0.000000 0.000000 24.861352 14.607876 3.625180 47.560162 31.496846 6.969901 6.438133 36.501124 2.800268 0.000000 0.000000 0.000000 
-0.022327 0.946160 0.207192 0.988007 -11.963192 2.822430 6.953743 -0.066994 -4.652451 -3.483391 0.512172 4.046721 10.804463 21.064958 11.457134 0.000000 0.000000 0.000000 -8.782749 1.054267 -15.317039 3.213702 -0.006978 9.271094 4.511901 2.701098 11.066195 0.000000 0.000000 0.000000 14.838647 -3.392326 22.920480 -3.261970 1.074321 -18.072612 2.841227 -2.650803 19.378993 17.066694 -15.435494 -0.287823 0.000000 0.000000 0.000000 -6.648878 -22.666411 10.158556 -26.170457 -22.415243 0.015880 -1.168369 -70.154294 6.043161 0.000000 0.000000 0.000000 24.728846 14.649280 3.618380 47.959180 31.916830 7.227974 7.424371 36.918341 3.135648 0.000000 0.000000 0.000000 
-0.022137 0.946089 0.209225 1.220514 -12.559837 2.942261 6.709570 -0.077753 -4.786843 -3.434811 0.515170 4.291885 10.932308 21.190695 11.826272 0.000000 0.000000 0.000000 -9.129340 1.088296 -15.922484 3.168908 0.033778 9.861280 4.971452 3.442132 11.264367 0.000000 0.000000 0.000000 15.047589 -3.444812 23.356286 -3.154982 1.025655 -18.388331 2.872657 -2.733212 19.738689 16.806089 -15.229252 -0.244458 0.000000 0.000000 0.000000 -5.029019 -21.700999 9.357846 -26.001892 -21.067718 -0.226896 -9.131328 -71.131827 12.043884 0.000000 0.000000 0.000000 24.331315 14.823716 3.601135 48.436510 32.443335 7.516219 8.060707 37.049583 3.318997 0.000000 0.000000 0.000000 
-0.021960 0.946166 0.211449 1.427955 -13.277905 2.979910 6.254943 -0.088877 -4.544175 -3.419009 0.523815 4.391423 11.358294 21.886738 11.611042 0.000000 0.000000 0.000000 -9.298299 1.133449 -16.446963 2.826432 0.131461 10.515814 5.542380 4.461757 11.359618 0.000000 0.000000 0.000000 15.357244 -3.493919 23.731794 -3.112390 0.994935 -18.354780 3.088615 -2.663504 19.765351 17.050718 -15.467181 0.010505 0.000000 0.000000 0.000000 -4.059883 -21.143351 8.898381 -25.938120 -19.702842 -0.459673 -15.179720 -71.615806 16.687038 0.000000 0.000000 0.000000 23.899031 15.089154 3.663361 48.523103 32.902050 7.723142 8.867501 37.117149 3.547792 0.000000 0.000000 0.000000 
-0.021962 0.946231 0.213794 1.837100 -13.450387 2.939585 5.611584 -0.117629 -4.291815 -3.255954 0.495121 4.297942 11.442165 22.053868 11.430272 0.000000 0.000000 0.000000 -9.842778 1.113878 -16.622881 2.738227 0.167567 10.904579 5.853109 5.160180 11.266665 0.000000 0.000000 0.000000 15.675472 -3.578676 24.102349 -2.675913 0.864892 -18.274808 2.775063 -2.667599 19.708644 16.913549 -15.211948 -0.495577 0.000000 0.000000 0.000000 -3.283561 -20.344813 8.377100 -26.220487 -18.267157 -0.704783 -21.459742 -71.701936 21.472789 0.000000 0.000000 0.000000 24.023436 15.055484 3.605305 48.368720 33.197266 7.841840 9.913161 36.961545 3.850946 0.000000 0.000000 0.000000 
-0.022299 0.946627 0.216087 2.095811 -13.788108 2.907437 5.187871 -0.115352 -3.727259 -3.173640 0.477157 3.806580 11.520257 22.202155 11.306065 0.000000 0.000000 0.000000 -10.072201 1.111129 -16.582728 2.487090 0.217716 10.933995 6.198936 5.878985 11.208440 0.000000 0.000000 0.000000 16.031540 -3.623668 24.152498 -2.617374 0.835087 -18.120211 2.856087 -2.833282 19.774150 17.144821 -15.454010 -0.314648 0.000000 0.000000 0.000000 -3.022371 -20.188665 8.270429 -26.235804 -16.523562 -1.032229 -24.158076 -72.098440 23.725287 0.000000 0.000000 0.000000 24.221030 15.239911 3.584495 47.502562 33.190398 7.683740 10.159471 37.190663 3.922229 0.000000 0.000000 0.000000 
-0.022894 0.946999 0.218015 2.334989 -13.741575 2.998407 4.973715 -0.128906 -3.714806 -3.230012 0.489142 3.978811 11.283792 21.887185 10.877325 0.000000 0.000000 0.000000 -10.121943 1.104788 -16.533788 2.254094 0.258769 10.988746 5.920945 5.643504 10.751150 0.000000 0.000000 0.000000 16.050640 -3.668259 24.434550 -2.218464 0.720479 -18.115630 2.963372 -2.646028 19.912653 17.185542 -15.505477 -0.297223 0.000000 0.000000 0.000000 -2.853059 -19.519232 7.948587 -26.817329 -15.647871 -1.208930 -27.708316 -73.025665 26.920614 0.000000 0.000000 0.000000 24.394879 14.964969 3.505877 47.277692 33.079034 7.561525 10.762060 37.482178 4.174694 0.000000 0.000000 0.000000 
-0.023587 0.947832 0.219558 2.514729 -13.736347 3.106013 4.809357 -0.131638 -3.534033 -3.414784 0.519033 3.800883 11.234623 21.855923 10.608520 0.000000 0.000000 0.000000 -10.041996 1.113476 -16.582180 1.819787 0.333757 11.010440 5.911657 5.627304 10.742016 0.000000 0.000000 0.000000 16.069773 -3.673566 24.399623 -1.583578 0.523921 -17.326817 2.734706 -2.485538 19.285755 17.345629 -15.495289 -0.576427 0.000000 0.000000 0.000000 -2.450456 -19.132773 7.681547 -27.009384 -14.388582 -1.397635 -31.150648 -74.407867 30.327726 0.000000 0.000000 0.000000 25.251627 15.116312 3.597443 46.150485 32.712322 7.296226 11.532013 37.827952 4.471368 0.000000 0.000000 0.000000 
-0.024230 0.948370 0.220716 2.730339 -13.679882 3.042277 4.855393 -0.141620 -3.777966 -3.799426 0.596256 4.251859 11.222322 21.786764 10.908246 0.000000 0.000000 0.000000 -9.918684 1.110181 -16.454665 1.539098 0.368018 10.801845 5.599942 4.799584 10.973330 0.000000 0.000000 0.000000 15.863367 -3.660415 24.609078 -1.005592 0.349455 -17.067336 2.840852 -2.313497 19.089420 16.995054 -15.235771 -0.373987 0.000000 0.000000 0.000000 -2.431779 -18.683045 7.485915 -27.542160 -13.747018 -1.525371 -32.670152 -75.451656 32.155198 0.000000 0.000000 0.000000 25.640018 14.918457 3.541208 45.339191 32.307020 6.993563 12.731184 38.309254 4.941731 0.000000 0.000000 0.000000 
-0.024751 0.949149 0.221487 2.940558 -13.598174 3.222767 4.735032 -0.171497 -4.204871 -3.841817 0.613139 4.743373 10.994738 21.408050 10.874650 0.000000 0.000000 0.000000 -9.827993 1.126495 -16.688157 1.233498 0.421242 10.843148 5.312622 4.104171 11.123866 0.000000 0.000000 0.000000 15.614624 -3.648975 24.801301 -0.599640 0.229376 -16.976478 2.987805 -2.110647 19.105964 16.944490 -15.087042 -0.720307 0.000000 0.000000 0.000000 -1.862637 -18.063480 7.101317 -28.070629 -13.896946 -1.477275 -35.975402 -76.932780 35.830260 0.000000 0.000000 0.000000 25.651946 14.832515 3.584147 44.863671 32.344217 6.887445 13.122395 38.340693 5.099767 0.000000 0.000000 0.000000 
-0.025214 0.949844 0.221941 3.005290 -13.043147 3.455302 4.673717 -0.203875 -4.637678 -3.897257 0.624458 5.173707 10.752090 21.096297 10.368706 0.000000 0.000000 0.000000 -9.819124 1.121768 -16.964210 1.136118 0.438769 11.004421 5.080152 3.443109 11.505565 0.000000 0.000000 0.000000 15.590318 -3.706350 24.844116 -0.159827 0.109493 -16.743599 2.995250 -2.045694 18.836162 16.972901 -14.981859 -1.162088 0.000000 0.000000 0.000000 -1.594229 -17.846214 6.940000 -28.571192 -14.159383 -1.398365 -38.750673 -78.332281 39.056275 0.000000 0.000000 0.000000 25.535355 14.533122 3.552655 44.593021 32.277628 6.781702 13.896783 38.940428 5.479888 0.000000 0.000000 0.000000 
-0.025758 0.950452 0.222087 3.097880 -12.774554 3.811263 4.492860 -0.249459 -5.258445 -3.671998 0.583424 5.462343 10.683889 20.958614 10.552180 0.000000 0.000000 0.000000 -9.824706 1.142243 -17.474970 1.094259 0.455800 11.234033 4.851448 2.834807 11.788642 0.000000 0.000000 0.000000 15.541483 -3.716738 24.676435 -0.046675 0.083321 -16.779105 3.047455 -1.761046 18.893146 17.091483 -15.083735 -1.171368 0.000000 0.000000 0.000000 -1.463034 -17.761076 6.863600 -28.647849 -15.281943 -1.168144 -35.156787 -78.727025 36.149340 0.000000 0.000000 0.000000 25.613004 14.192614 3.502769 44.356722 32.455053 6.751529 14.343768 39.274256 5.730061 0.000000 0.000000 0.000000 
-0.026528 0.951185 0.222183 2.989098 -12.475347 4.182373 4.548590 -0.279200 -5.850297 -3.570146 0.566598 5.837913 10.664950 20.936875 10.518696 0.000000 0.000000 0.000000 -9.640706 1.179262 -18.057411 1.187353 0.461417 11.676528 4.536372 2.064139 12.082766 0.000000 0.000000 0.000000 15.586887 -3.765364 24.630428 -0.019430 0.087327 -16.938019 3.296407 -1.677713 19.087430 17.446642 -15.315339 -1.495984 0.000000 0.000000 0.000000 -1.448630 -17.915985 6.913408 -28.809005 -16.491239 -0.914203 -29.946301 -78.749296 31.665471 0.000000 0.000000 0.000000 25.668292 14.046340 3.505356 44.074226 32.929747 6.823371 14.715760 39.697445 5.960040 0.000000 0.000000 0.000000 
-0.027469 0.951731 0.222504 2.874886 -11.992357 4.456128 4.831277 -0.276360 -6.013440 -3.648061 0.568668 5.616614 10.367671 20.468620 10.451616 0.000000 0.000000 0.000000 -9.599405 1.185424 -18.425207 1.364764 0.439193 11.995197 4.391745 1.639256 12.428977 0.000000 0.000000 0.000000 15.746642 -3.813775 24.323702 -0.132473 0.128680 -16.710618 3.222824 -2.032389 18.693879 17.455139 -15.323964 -1.295990 0.000000 0.000000 0.000000 -1.603540 -18.300639 7.109020 -28.600905 -17.478472 -0.693540 -28.484837 -78.057092 30.075374 0.000000 0.000000 0.000000 25.520159 14.148658 3.524737 44.382135 32.998731 6.951383 15.741736 40.081270 6.366305 0.000000 0.000000 0.000000 
-0.028365 0.952006 0.223201 2.814910 -11.760754 4.683730 5.064820 -0.265395 -5.975252 -3.617133 0.548219 5.067493 10.087882 19.977977 10.755316 0.000000 0.000000 0.000000 -9.424455 1.203025 -18.601274 1.538700 0.399442 11.943606 3.901511 0.568683 12.658576 0.000000 0.000000 0.000000 15.736441 -3.768512 23.744205 -0.001942 0.095054 -16.730286 3.199729 -2.120222 18.752924 17.774035 -15.535898 -1.587055 0.000000 0.000000 0.000000 -2.184226 -18.989955 7.507939 -28.432639 -18.010498 -0.607339 -27.577780 -76.953349 28.670056 0.000000 0.000000 0.000000 25.958794 14.169913 3.524025 43.923044 33.277284 6.963946 16.945694 40.165304 6.813079 0.000000 0.000000 0.000000 
-0.028988 0.952166 0.224140 2.744524 -11.346636 4.888765 5.116797 -0.262667 -5.797508 -3.538714 0.516673 4.402522 9.960974 19.795510 10.715816 0.000000 0.000000 0.000000 -9.454084 1.183153 -18.563984 1.582138 0.371290 11.737299 3.940324 0.605503 12.836567 0.000000 0.000000 0.000000 15.872913 -3.803234 23.470786 -0.124190 0.144758 -16.875870 3.270521 -2.332764 18.709934 18.229940 -15.873189 -1.769068 0.000000 0.000000 0.000000 -2.631864 -19.584852 7.850631 -28.161426 -18.489344 -0.532558 -30.182631 -75.811705 30.151670 0.000000 0.000000 0.000000 25.881112 14.295675 3.607852 43.706976 33.590299 7.021362 18.293003 40.396523 7.338061 0.000000 0.000000 0.000000 
-0.029138 0.952307 0.225033 2.812658 -11.048316 5.021608 4.906748 -0.272217 -5.598429 -3.368822 0.474865 3.781638 9.937299 19.772054 10.746800 0.000000 0.000000 0.000000 -9.582555 1.163226 -18.610975 1.585274 0.366160 11.764121 3.888402 0.542025 12.853488 0.000000 0.000000 0.000000 16.131402 -3.849190 23.215633 -0.372308 0.226505 -16.897659 3.366851 -2.602366 18.737893 18.320408 -15.814071 -2.331032 0.000000 0.000000 0.000000 -2.794348 -19.988190 8.060542 -28.254001 -18.863365 -0.454333 -32.708105 -74.842769 31.675451 0.000000 0.000000 0.000000 25.869066 14.365680 3.609397 43.240063 33.986407 7.059297 19.572189 40.851671 7.879231 0.000000 0.000000 0.000000 
-0.028904 0.952142 0.225669 2.880957 -10.995969 5.112096 4.869602 -0.268779 -5.425230 -3.283524 0.455133 3.346368 9.701063 19.383797 10.750589 0.000000 0.000000 0.000000 -9.692984 1.157840 -18.712389 1.464036 0.386505 11.748981 4.046505 0.778150 12.996360 0.000000 0.000000 0.000000 16.361863 -3.879028 23.050327 -0.370073 0.230025 -17.013693 3.394918 -2.609881 18.782133 18.356551 -15.798440 -2.535803 0.000000 0.000000 0.000000 -2.679108 -20.221083 8.124198 -28.503042 -19.031859 -0.399712 -34.792384 -73.646999 32.661683 0.000000 0.000000 0.000000 25.830662 14.491027 3.691155 42.781478 34.307402 7.065018 20.197524 41.552944 8.261018 0.000000 0.000000 0.000000 
-0.028530 0.952080 0.226045 2.997783 -11.089495 5.070086 4.674162 -0.275667 -5.375123 -3.231013 0.446385 3.221438 9.828884 19.565873 11.017106 0.000000 0.000000 0.000000 -9.921424 1.154566 -18.974663 1.571830 0.397186 12.263100 4.100772 0.915377 12.931391 0.000000 0.000000 0.000000 16.713028 -3.958358 23.212534 -0.673996 0.325834 -17.384014 3.534739 -2.830208 18.932606 18.212588 -15.612191 -2.854452 0.000000 0.000000 0.000000 -2.765646 -20.241422 8.174077 -28.627577 -18.874180 -0.434802 -37.749825 -72.483930 34.378265 0.000000 0.000000 0.000000 26.087575 14.688208 3.688920 42.001049 34.607398 7.022809 21.223095 41.594701 8.613262 0.000000 0.000000 0.000000 
-0.028444 0.951952 0.226250 3.204483 -11.295609 4.992577 4.565699 -0.274039 -5.261501 -3.161632 0.435297 3.004000 9.664019 19.241581 11.467904 0.000000 0.000000 0.000000 -10.138469 1.155097 -19.215125 1.712325 0.404881 12.796884 3.924789 0.736708 12.605806 0.000000 0.000000 0.000000 16.839743 -3.949906 23.133307 -0.751353 0.339512 -17.145115 3.604980 -3.132719 18.794097 17.884569 -15.196389 -3.342077 0.000000 0.000000 0.000000 -2.422306 -20.125534 8.072810 -29.007425 -18.431082 -0.481560 -39.262164 -71.380730 35.001383 0.000000 0.000000 0.000000 26.005688 15.024055 3.728877 41.946682 34.863971 7.152891 21.660700 41.892937 8.788071 0.000000 0.000000 0.000000 
-0.028878 0.951910 0.226337 3.323546 -11.377074 4.759471 4.654724 -0.257318 -5.062972 -3.112515 0.426887 2.830618 9.398563 18.751077 12.097589 0.000000 0.000000 0.000000 -10.216669 1.149082 -19.254565 2.013007 0.376530 13.300513 3.506552 0.054829 12.347070 0.000000 0.000000 0.000000 17.011482 -3.997468 23.377135 -0.790085 0.351948 -17.282692 3.482151 -3.554876 18.734029 17.248962 -14.608894 -3.619134 0.000000 0.000000 0.000000 -2.344812 -19.969819 8.019793 -29.097662 -17.888043 -0.581617 -40.394855 -70.020825 35.123148 0.000000 0.000000 0.000000 25.926923 15.459927 3.820213 41.794972 35.125983 7.260283 22.212703 41.771168 8.902121 0.000000 0.000000 0.000000 
-0.029815 0.951957 0.226222 3.335229 -11.606444 4.450973 4.837141 -0.227843 -4.750961 -3.117680 0.430560 2.860259 9.220542 18.425729 12.397971 0.000000 0.000000 0.000000 -10.085374 1.165416 -19.226551 2.149350 0.385184 13.819201 3.273816 -0.281966 12.072119 0.000000 0.000000 0.000000 17.053421 -3.976496 23.427886 -0.861711 0.362284 -16.981312 3.554540 -4.084722 18.641512 17.075787 -14.440408 -3.669078 0.000000 0.000000 0.000000 -1.978037 -19.785500 7.895272 -29.362007 -17.663192 -0.590946 -39.480410 -68.853028 33.870911 0.000000 0.000000 0.000000 25.465849 15.799405 3.790390 42.102038 35.452003 7.493816 22.463028 41.478478 8.828442 0.000000 0.000000 0.000000 
-0.031022 0.952131 0.225890 3.287216 -11.646513 4.272836 5.152139 -0.199248 -4.525887 -3.198271 0.443470 2.767678 8.955015 17.978148 12.655747 0.000000 0.000000 0.000000 -10.027564 1.167417 -19.194240 2.258616 0.375810 14.019702 3.380909 -0.161916 12.224605 0.000000 0.000000 0.000000 17.175265 -4.006801 23.567968 -0.881581 0.369637 -17.099121 3.445278 -4.445712 18.645488 16.935598 -14.428568 -3.268865 0.000000 0.000000 0.000000 -1.765929 -19.600308 7.788659 -29.220143 -17.396838 -0.637975 -38.998886 -68.207701 33.181864 0.000000 0.000000 0.000000 25.207904 16.145080 3.872942 42.049118 35.696574 7.585323 22.861478 41.210839 8.858317 0.000000 0.000000 0.000000 
-0.032107 0.952523 0.225270 3.265326 -11.877923 4.248272 5.457100 -0.178081 -4.475650 -3.374418 0.473886 2.682395 8.812573 17.704568 13.060892 0.000000 0.000000 0.000000 -9.901404 1.204640 -19.466783 2.379301 0.365590 14.151746 3.356052 -0.564579 12.794223 0.000000 0.000000 0.000000 17.145371 -3.982996 23.584073 -0.914150 0.367669 -16.809610 3.437732 -4.527669 18.505758 17.104768 -14.570720 -3.135549 0.000000 0.000000 0.000000 -1.435635 -19.630840 7.728891 -29.264435 -17.175446 -0.656026 -36.868528 -68.272893 31.675570 0.000000 0.000000 0.000000 24.960712 16.407977 3.960344 41.638720 36.091430 7.641736 23.127213 41.113809 8.896372 0.000000 0.000000 0.000000 
-0.032835 0.952976 0.224475 3.327599 -12.099624 4.263963 5.611464 -0.174408 -4.661608 -3.445254 0.487306 2.637108 8.771791 17.566821 13.949694 0.000000 0.000000 0.000000 -9.905163 1.225902 -19.665059 2.375488 0.370788 14.124563 3.514094 -0.531914 13.228927 0.000000 0.000000 0.000000 17.060376 -3.981498 23.811572 -0.862161 0.347321 -16.905744 3.335784 -4.572586 18.582447 17.036798 -14.550728 -3.018029 0.000000 0.000000 0.000000 -1.339616 -19.275555 7.577830 -29.200598 -17.027426 -0.690379 -34.725126 -68.877077 30.473803 0.000000 0.000000 0.000000 25.014489 16.640165 4.039739 41.246486 36.246687 7.613788 23.613655 41.196014 9.073824 0.000000 0.000000 0.000000 
-0.033181 0.953454 0.223589 3.385710 -12.319287 4.342445 5.708154 -0.171774 -4.784187 -3.397549 0.483521 2.805428 8.389371 16.940262 13.926383 0.000000 0.000000 0.000000 -9.949679 1.251614 -19.986378 2.417674 0.364962 14.070960 3.677781 -0.632918 13.923719 0.000000 0.000000 0.000000 16.931982 -3.971258 24.018303 -0.983880 0.379248 -17.001008 3.437533 -4.598019 18.704335 17.234195 -14.777196 -2.794314 0.000000 0.000000 0.000000 -1.184279 -19.146439 7.501453 -29.353814 -17.073893 -0.680451 -31.971468 -69.960700 29.084976 0.000000 0.000000 0.000000 25.363066 16.957690 4.158658 40.456631 36.383447 7.493274 24.239360 41.436199 9.351126 0.000000 0.000000 0.000000 
-0.033376 0.953915 0.222702 3.298350 -12.370297 4.480592 6.009770 -0.167234 -5.144703 -3.491512 0.501046 2.935891 8.228217 16.653551 14.482857 0.000000 0.000000 0.000000 -9.721340 1.292716 -20.240848 2.278878 0.387186 13.948797 3.692373 -0.957182 14.550993 0.000000 0.000000 0.000000 16.889134 -3.982843 24.126454 -0.957510 0.366146 -16.833964 3.585943 -4.600395 18.530658 16.967146 -14.662697 -2.286933 0.000000 0.000000 0.000000 -1.666588 -18.872364 7.527685 -29.328876 -17.099699 -0.698917 -29.947358 -70.843145 28.038331 0.000000 0.000000 0.000000 26.002300 17.239043 4.283331 39.782011 36.242782 7.345323 24.961145 41.356240 9.601209 0.000000 0.000000 0.000000 
-0.033422 0.954408 0.221853 3.167886 -12.363836 4.742115 6.346316 -0.157370 -5.396431 -3.473555 0.498757 3.018286 7.690888 15.809844 14.320578 0.000000 0.000000 0.000000 -9.570139 1.331578 -20.570045 2.206072 0.383041 13.633113 3.867173 -1.156101 15.536823 0.000000 0.000000 0.000000 16.953968 -4.031615 24.272117 -0.972403 0.373148 -17.037791 3.770393 -4.504089 18.587485 17.327727 -14.932646 -2.392194 0.000000 0.000000 0.000000 -2.006495 -18.847741 7.607772 -29.456252 -17.314692 -0.672886 -27.471988 -71.699319 26.594502 0.000000 0.000000 0.000000 26.614506 17.407765 4.392775 39.184676 36.249772 7.230205 25.904263 41.221154 9.937456 0.000000 0.000000 0.000000 
-0.033308 0.954836 0.221078 3.137529 -12.205346 4.882992 6.556667 -0.160941 -5.857720 -3.515898 0.509196 3.424516 7.319068 15.234997 14.405330 0.000000 0.000000 0.000000 -9.656710 1.341168 -20.981553 2.293355 0.364171 13.690028 4.036962 -1.355913 16.589228 0.000000 0.000000 0.000000 16.907597 -4.050865 24.317354 -0.714497 0.296272 -16.828531 3.826981 -4.361047 18.398677 17.479615 -15.077965 -2.201969 0.000000 0.000000 0.000000 -2.094897 -18.770154 7.587536 -29.881723 -17.498837 -0.613536 -25.682063 -72.342144 25.532861 0.000000 0.000000 0.000000 26.912458 17.360976 4.443537 38.911887 36.245487 7.172710 26.416391 41.258285 10.170869 0.000000 0.000000 0.000000 
-0.032937 0.955236 0.220386 3.013410 -12.343850 5.003319 6.890863 -0.144422 -6.173484 -3.464601 0.507255 3.809747 6.785393 14.376158 14.470714 0.000000 0.000000 0.000000 -9.586815 1.372109 -21.215593 2.388402 0.352152 13.751993 4.117862 -1.359558 16.846277 0.000000 0.000000 0.000000 16.914127 -4.072017 24.495179 -0.938754 0.362688 -16.955005 4.170798 -4.136531 18.528323 17.584624 -15.210850 -2.077882 0.000000 0.000000 0.000000 -2.412894 -18.777461 7.666662 -29.956903 -17.667955 -0.608030 -25.561659 -72.799292 25.649174 0.000000 0.000000 0.000000 27.189010 17.212966 4.397197 38.692297 36.291237 7.121797 27.174923 41.252160 10.473228 0.000000 0.000000 0.000000 
-0.032262 0.955620 0.219678 2.931991 -12.248391 5.162128 7.034865 -0.149522 -6.744398 -3.589221 0.534325 4.228451 6.827159 14.450911 14.832576 0.000000 0.000000 0.000000 -9.687819 1.383966 -21.630712 2.555342 0.335317 14.112139 4.220986 -1.316615 17.188439 0.000000 0.000000 0.000000 16.855890 -4.101589 24.667448 -0.719597 0.298371 -16.852214 4.298321 -3.820659 18.511114 18.030764 -15.504618 -2.346470 0.000000 0.000000 0.000000 -2.529268 -18.995584 7.758589 -30.074351 -17.834506 -0.572688 -26.567997 -73.200597 26.535419 0.000000 0.000000 0.000000 27.271414 17.137235 4.505136 38.816266 36.579940 7.209267 26.847683 41.298199 10.423437 0.000000 0.000000 0.000000 
-0.031231 0.955994 0.218895 2.774414 -12.310478 5.374560 7.286594 -0.138819 -7.186403 -3.621684 0.547617 4.618185 6.568516 14.035005 14.801672 0.000000 0.000000 0.000000 -9.687989 1.423371 -22.146228 2.733520 0.311916 14.323847 4.312445 -1.521171 17.923633 0.000000 0.000000 0.000000 16.928352 -4.175393 25.055516 -0.683956 0.292785 -17.173883 4.528783 -3.339091 18.761532 18.568451 -15.828926 -2.906365 0.000000 0.000000 0.000000 -2.367321 -18.954236 7.673429 -30.334663 -18.018323 -0.532787 -29.711320 -73.273859 28.956274 0.000000 0.000000 0.000000 27.193831 16.969944 4.600366 39.295703 37.135712 7.431679 26.589692 41.132179 10.353066 0.000000 0.000000 0.000000 
-0.030043 0.956183 0.218045 2.685315 -12.243237 5.520996 7.362215 -0.142036 -7.573632 -3.650032 0.556024 4.856517 6.536663 13.991532 14.873244 0.000000 0.000000 0.000000 -9.850447 1.429271 -22.567907 2.899299 0.293019 14.663740 4.534509 -1.296280 18.315764 0.000000 0.000000 0.000000 16.787951 -4.190202 25.268382 -0.316174 0.183972 -17.066976 4.736099 -2.761130 18.666121 18.885813 -16.004108 -3.185751 0.000000 0.000000 0.000000 -2.250272 -19.180908 7.692015 -30.076087 -18.110239 -0.516868 -33.253351 -72.700985 31.241319 0.000000 0.000000 0.000000 27.425079 16.895576 4.804612 39.028819 37.614835 7.477145 26.097566 41.453121 10.349434 0.000000 0.000000 0.000000 
-0.028742 0.956312 0.217309 2.549424 -12.116884 5.547528 7.483293 -0.134998 -7.609006 -3.864502 0.591068 4.736853 6.700368 14.262658 14.833463 0.000000 0.000000 0.000000 -9.810839 1.436997 -22.731901 2.908993 0.292731 14.774336 4.580752 -1.406248 18.756878 0.000000 0.000000 0.000000 16.810013 -4.257765 25.633176 -0.167243 0.140858 -16.962645 4.920790 -2.538008 18.389243 19.267417 -16.297444 -3.142994 0.000000 0.000000 0.000000 -1.939489 -19.337881 7.658116 -29.994241 -17.938497 -0.534417 -36.607480 -71.967535 33.362901 0.000000 0.000000 0.000000 27.644877 17.002067 4.989190 39.039852 38.130981 7.656372 25.712744 41.247803 10.190774 0.000000 0.000000 0.000000 
-0.027401 0.956411 0.216663 2.482082 -12.082615 5.385141 7.443778 -0.133711 -7.432357 -3.862288 0.585602 4.505280 6.839849 14.488143 15.065717 0.000000 0.000000 0.000000 -9.861812 1.422278 -22.672419 2.947376 0.287389 14.844057 4.708059 -1.325982 19.058046 0.000000 0.000000 0.000000 16.967660 -4.352175 26.116786 -0.351913 0.200819 -17.190378 5.274762 -2.384170 18.585176 19.441051 -16.517596 -2.971092 0.000000 0.000000 0.000000 -1.674088 -19.487061 7.634024 -29.784048 -17.913197 -0.553639 -39.225093 -71.015552 34.770206 0.000000 0.000000 0.000000 27.446549 16.845942 4.981015 39.503974 38.819293 7.955059 25.310227 41.322120 10.091028 0.000000 0.000000 0.000000 
-0.025986 0.956582 0.216152 2.403495 -12.217349 5.208279 7.332335 -0.132691 -7.178327 -3.801856 0.575148 4.418446 7.035631 14.778839 14.962068 0.000000 0.000000 0.000000 -9.880798 1.423020 -22.633026 2.905357 0.304733 14.920437 5.008039 -1.008449 19.409517 0.000000 0.000000 0.000000 17.184729 -4.427905 26.488640 -0.197711 0.142358 -16.804406 5.235166 -2.076680 18.312334 19.862734 -16.877134 -2.861113 0.000000 0.000000 0.000000 -1.006045 -19.877987 7.598151 -29.764775 -17.419472 -0.625249 -40.666166 -70.083437 35.223967 0.000000 0.000000 0.000000 27.561178 17.206878 5.319227 39.144352 39.393016 8.058360 25.172044 41.278324 10.055391 0.000000 0.000000 0.000000 
-0.024489 0.956702 0.215699 2.288971 -12.392223 4.967726 7.236269 -0.128779 -6.977988 -3.747427 0.568088 4.415846 7.384330 15.302642 15.155801 0.000000 0.000000 0.000000 -9.927643 1.412713 -22.449514 2.864191 0.317909 14.897792 5.517519 -0.324372 19.720606 0.000000 0.000000 0.000000 17.474865 -4.553864 27.157692 -0.213530 0.146439 -17.027416 5.401428 -1.918480 18.433978 19.960219 -17.147432 -2.299713 0.000000 0.000000 0.000000 -0.581541 -19.984753 7.520769 -29.561181 -16.895237 -0.744275 -44.146226 -68.935869 37.122702 0.000000 0.000000 0.000000 27.338450 17.354027 5.471809 39.032235 39.984826 8.185752 25.270237 41.125058 10.061885 0.000000 0.000000 0.000000 
-0.023035 0.956837 0.215243 2.377340 -12.667681 4.911653 6.970893 -0.142583 -6.911809 -3.666960 0.557543 4.420458 7.528524 15.496027 15.113416 0.000000 0.000000 0.000000 -10.060463 1.420019 -22.565448 2.751287 0.356360 15.017167 5.756371 0.014966 19.763885 0.000000 0.000000 0.000000 17.651975 -4.631091 27.678905 -0.057819 0.097998 -17.142348 5.350004 -1.604476 18.543960 20.426446 -17.554390 -2.274868 0.000000 0.000000 0.000000 0.680819 -20.019013 7.220754 -29.946073 -16.250439 -0.834587 -46.723996 -67.724040 38.292358 0.000000 0.000000 0.000000 26.940831 17.519097 5.668851 38.732136 40.589532 8.253310 25.524918 41.219580 10.203202 0.000000 0.000000 0.000000 
-0.021816 0.957110 0.214839 2.310874 -13.119338 4.684906 6.924006 -0.129224 -6.702954 -3.611660 0.557345 4.577371 7.688372 15.695659 15.231119 0.000000 0.000000 0.000000 -9.939948 1.447957 -22.417429 2.581991 0.413075 15.126898 6.033570 0.523884 19.531213 0.000000 0.000000 0.000000 17.732451 -4.700362 28.498524 0.194642 0.017704 -17.502542 5.396357 -1.352898 18.733960 20.277316 -17.611480 -1.825695 0.000000 0.000000 0.000000 1.286833 -19.603786 6.919037 -29.944797 -15.619229 -0.974475 -50.894246 -66.319852 40.508254 0.000000 0.000000 0.000000 26.907878 17.620993 5.780737 38.401071 41.034322 8.271704 26.246130 40.863241 10.380089 0.000000 0.000000 0.000000 
-0.020955 0.957545 0.214444 2.316698 -13.532121 4.396764 6.922554 -0.109432 -6.299071 -3.680039 0.575583 4.559163 7.692636 15.663443 15.246632 0.000000 0.000000 0.000000 -9.772462 1.467989 -22.151958 2.295960 0.487747 15.148372 6.212715 0.889662 19.265094 0.000000 0.000000 0.000000 17.779248 -4.728018 29.106722 0.310733 -0.021598 -17.624878 5.543002 -1.259808 19.041787 20.511628 -17.812609 -1.967920 0.000000 0.000000 0.000000 2.119182 -19.493647 6.680851 -30.366671 -15.125621 -1.064317 -53.147672 -65.307705 41.574122 0.000000 0.000000 0.000000 26.383481 17.793465 5.872968 38.408649 41.385729 8.342390 26.702872 40.855436 10.533647 0.000000 0.000000 0.000000 
-0.020380 0.958070 0.214066 2.369186 -13.824905 4.163879 6.968422 -0.092209 -6.089073 -3.775683 0.600540 4.676621 7.541518 15.396447 15.377059 0.000000 0.000000 0.000000 -9.637729 1.489921 -22.061733 2.091390 0.550900 15.303473 6.202483 0.832693 19.216457 0.000000 0.000000 0.000000 17.917672 -4.783669 29.666963 0.229490 0.007666 -18.062158 5.644951 -1.420573 19.524383 20.202444 -17.728868 -1.583894 0.000000 0.000000 0.000000 2.751478 -19.197886 6.429678 -30.560801 -15.138668 -1.057693 -54.662023 -64.395604 42.187323 0.000000 0.000000 0.000000 25.990349 17.962865 5.885850 38.645048 41.812660 8.510687 26.913998 40.338113 10.432108 0.000000 0.000000 0.000000 
-0.020046 0.958237 0.213768 2.438604 -14.149157 3.989879 6.992652 -0.077937 -5.915612 -3.779602 0.607903 4.746906 7.347021 15.057214 15.516780 0.000000 0.000000 0.000000 -9.641080 1.502622 -22.026134 2.125973 0.569116 15.524529 6.123605 0.821046 18.877297 0.000000 0.000000 0.000000 17.902460 -4.744489 29.787097 0.252463 -0.004857 -18.082212 5.617477 -1.506137 19.796819 20.174984 -17.647476 -1.874642 0.000000 0.000000 0.000000 3.131936 -19.280574 6.365985 -30.944907 -15.041550 -1.066647 -55.122417 -63.807720 42.199036 0.000000 0.000000 0.000000 25.674166 18.161735 5.922789 39.004648 42.021489 8.671035 27.002096 40.095675 10.366517 0.000000 0.000000 0.000000 
-0.019837 0.958328 0.213707 2.560631 -14.325142 3.866284 6.886559 -0.077150 -5.719528 -3.791413 0.614615 4.812500 7.208616 14.830000 15.214935 0.000000 0.000000 0.000000 -9.907227 1.491490 -22.170946 2.375833 0.544993 15.874601 6.197539 0.915923 18.907656 0.000000 0.000000 0.000000 18.047517 -4.779509 30.024886 -0.062928 0.089572 -18.357202 5.667921 -1.820248 19.949707 19.902261 -17.417717 -1.951583 0.000000 0.000000 0.000000 3.205040 -19.274131 6.348525 -31.205095 -15.075044 -1.052066 -55.215471 -62.979534 41.776480 0.000000 0.000000 0.000000 25.475818 18.404398 5.925307 39.194766 42.103719 8.761302 27.117926 39.602116 10.218759 0.000000 0.000000 0.000000 
-0.019865 0.958065 0.213836 2.685982 -14.460076 3.789606 6.815021 -0.075201 -5.530576 -3.802437 0.614092 4.614484 7.121638 14.679262 15.281083 0.000000 0.000000 0.000000 -10.076014 1.476763 -22.129010 2.560194 0.519499 16.017633 6.023672 0.870012 18.407623 0.000000 0.000000 0.000000 18.127256 -4.766789 29.956411 -0.072219 0.086995 -18.219253 5.448490 -1.894617 20.044081 19.793724 -17.289874 -2.080835 0.000000 0.000000 0.000000 3.488080 -19.225915 6.264623 -31.793464 -15.349733 -0.965230 -54.974252 -62.624907 41.427620 0.000000 0.000000 0.000000 25.132655 18.414223 5.881056 39.836048 42.295120 9.009093 26.841016 39.338736 10.028647 0.000000 0.000000 0.000000 
-0.020253 0.958036 0.214038 2.747732 -14.503335 3.658569 6.672482 -0.077501 -5.278607 -3.860769 0.620118 4.376420 7.453141 15.193980 15.400383 0.000000 0.000000 0.000000 -10.076837 1.466996 -21.992943 2.578962 0.523960 16.120353 5.899405 0.818166 18.091725 0.000000 0.000000 0.000000 18.364561 -4.812112 29.974191 -0.330932 0.161173 -18.184245 5.419953 -2.132079 20.037684 19.804231 -17.202922 -2.404713 0.000000 0.000000 0.000000 3.433212 -19.303728 6.303456 -32.228887 -15.487691 -0.915926 -54.475829 -62.322255 40.914721 0.000000 0.000000 0.000000 24.594478 18.499123 5.843970 40.620971 42.237234 9.217031 26.586114 39.054662 9.826223 0.000000 0.000000 0.000000 
-0.021207 0.958046 0.214132 2.926004 -14.355718 3.763113 6.589797 -0.090337 -5.340054 -3.903098 0.621405 4.195014 7.334825 15.024418 15.462244 0.000000 0.000000 0.000000 -10.123345 1.452208 -21.958990 2.568758 0.509397 15.952282 5.527606 0.348763 17.786757 0.000000 0.000000 0.000000 18.363629 -4.776612 29.518459 -0.262969 0.142255 -18.052644 5.213194 -2.254580 19.907008 19.863041 -17.050314 -2.998743 0.000000 0.000000 0.000000 3.267346 -19.295691 6.347685 -32.498126 -15.814934 -0.819447 -53.904604 -62.187579 40.412208 0.000000 0.000000 0.000000 24.406299 18.460509 5.793721 41.311632 42.155559 9.404618 26.193168 38.490913 9.526975 0.000000 0.000000 0.000000 
-0.022749 0.958195 0.213959 2.952081 -14.132694 3.873999 6.789047 -0.083331 -5.392290 -4.060043 0.638889 3.857396 7.240600 14.897566 15.894315 0.000000 0.000000 0.000000 -9.996293 1.445285 -21.825756 2.496297 0.483644 15.438988 5.367592 -0.074579 18.090959 0.000000 0.000000 0.000000 18.462796 -4.788747 29.185147 -0.332243 0.169398 -18.060852 5.064555 -2.450114 19.922069 19.958444 -17.056778 -3.223474 0.000000 0.000000 0.000000 2.983744 -19.400313 6.456610 -32.610246 -16.161672 -0.742745 -52.839935 -62.424949 39.828639 0.000000 0.000000 0.000000 24.342447 18.508735 5.786599 41.642830 42.060501 9.473291 26.140624 38.109589 9.395264 0.000000 0.000000 0.000000 
-0.024575 0.958489 0.213736 2.879073 -13.845459 4.252334 7.008488 -0.084647 -5.664698 -4.106758 0.634653 3.493998 7.192421 14.848574 16.207681 0.000000 0.000000 0.000000 -9.678415 1.468105 -21.804503 2.291212 0.484592 14.929585 5.087299 -0.439426 17.920456 0.000000 0.000000 0.000000 18.504885 -4.785957 28.663247 -0.323970 0.171563 -17.997843 5.057247 -2.529697 19.659671 20.045574 -16.944249 -3.698886 0.000000 0.000000 0.000000 2.778177 -19.590430 6.585666 -32.616349 -16.374683 -0.677244 -51.682747 -62.735971 39.172753 0.000000 0.000000 0.000000 24.380040 18.529679 5.799637 41.623746 42.014875 9.472862 26.040524 37.796340 9.278530 0.000000 0.000000 0.000000 
-0.026316 0.958475 0.213685 2.776530 -13.610799 4.603254 7.326502 -0.073669 -5.734871 -4.219065 0.644061 3.200816 6.906590 14.439805 15.797305 0.000000 0.000000 0.000000 -9.594661 1.469760 -21.816173 2.322218 0.439468 14.440064 5.166087 -0.283030 17.972972 0.000000 0.000000 0.000000 18.444571 -4.775736 28.322802 -0.277066 0.165985 -18.029660 5.134546 -2.496559 19.500974 20.256282 -16.891788 -4.384642 0.000000 0.000000 0.000000 2.290348 -19.627060 6.727851 -32.794933 -16.710656 -0.601334 -49.879493 -63.242495 38.176213 0.000000 0.000000 0.000000 24.244756 18.502708 5.824567 41.489566 41.870102 9.375383 26.268327 37.794050 9.365521 0.000000 0.000000 0.000000 
-0.027700 0.958658 0.213880 2.720593 -13.689726 4.746512 7.524271 -0.059136 -5.692854 -4.231018 0.640848 2.912711 6.821648 14.298716 16.090772 0.000000 0.000000 0.000000 -9.461270 1.493574 -21.852092 2.234809 0.443111 14.180161 5.373576 -0.065957 18.219451 0.000000 0.000000 0.000000 18.465713 -4.781648 28.330033 -0.356136 0.186705 -18.027302 5.073143 -2.487044 19.390121 20.558063 -17.008289 -4.713722 0.000000 0.000000 0.000000 1.808495 -19.792982 6.910255 -32.866843 -16.883832 -0.570524 -48.156964 -63.815225 37.301023 0.000000 0.000000 0.000000 24.344808 18.531919 5.823225 41.202778 41.816036 9.288751 26.580252 37.668855 9.427788 0.000000 0.000000 0.000000 
-0.028681 0.958603 0.214114 2.683175 -13.817670 4.868270 7.662066 -0.050201 -5.788663 -4.191617 0.632302 2.761782 6.814886 14.273268 16.620895 0.000000 0.000000 0.000000 -9.173334 1.535338 -21.888468 2.078280 0.468044 14.027361 5.153669 -0.424454 18.107576 0.000000 0.000000 0.000000 18.470227 -4.775728 28.328957 -0.467840 0.220863 -18.131162 5.133164 -2.662592 19.462331 20.553432 -16.770292 -5.505871 0.000000 0.000000 0.000000 1.433591 -19.917356 7.061443 -33.364600 -17.045556 -0.524123 -46.672304 -64.087526 36.489341 0.000000 0.000000 0.000000 24.157834 18.656989 5.801277 41.065731 41.865903 9.267801 26.794574 37.846391 9.518119 0.000000 0.000000 0.000000 
-0.029247 0.958557 0.214192 2.695214 -13.838302 5.166554 7.764901 -0.050707 -5.993437 -4.119798 0.617125 2.624827 6.515818 13.811758 16.656831 0.000000 0.000000 0.000000 -9.104278 1.565575 -22.124767 2.090744 0.463366 13.993497 4.907378 -0.705263 17.817636 0.000000 0.000000 0.000000 18.446282 -4.787423 28.335156 -0.371974 0.189163 -17.942219 4.951204 -2.746754 19.104304 20.460301 -16.455494 -6.122716 0.000000 0.000000 0.000000 1.242485 -19.903534 7.122693 -33.826058 -17.018915 -0.490057 -46.935993 -63.898393 36.588350 0.000000 0.000000 0.000000 24.077894 18.761883 5.817807 41.004556 42.127279 9.378403 27.391395 37.839812 9.699443 0.000000 0.000000 0.000000 
-0.029493 0.958388 0.214136 2.778203 -13.897019 5.336395 7.876921 -0.046957 -6.201151 -4.171748 0.628722 2.743051 6.129618 13.212389 16.542484 0.000000 0.000000 0.000000 -9.008246 1.604222 -22.428873 2.071567 0.474913 14.096747 4.467075 -1.475783 17.784351 0.000000 0.000000 0.000000 18.380103 -4.785392 28.407619 -0.336604 0.179805 -17.996674 4.870610 -2.908884 19.050135 20.218793 -16.209078 -6.290922 0.000000 0.000000 0.000000 0.991006 -19.798839 7.164474 -34.116394 -16.927343 -0.508759 -47.752892 -63.685324 37.106393 0.000000 0.000000 0.000000 24.537121 18.856197 5.791191 40.083938 42.353902 9.218924 28.481146 38.044651 10.104981 0.000000 0.000000 0.000000 
-0.029461 0.958184 0.214003 2.751710 -14.041230 5.605608 7.951375 -0.045485 -6.472768 -4.225724 0.638221 2.682569 6.196134 13.294233 16.723747 0.000000 0.000000 0.000000 -8.829255 1.664613 -22.787461 1.914993 0.509417 14.093207 4.322801 -1.801007 17.870961 0.000000 0.000000 0.000000 18.357411 -4.794700 28.515751 -0.325898 0.172419 -17.947096 4.911762 -2.882741 18.993217 20.083989 -16.110093 -6.232897 0.000000 0.000000 0.000000 1.077383 -19.668961 7.108749 -34.494670 -16.749910 -0.532454 -48.882877 -63.225936 37.663593 0.000000 0.000000 0.000000 24.668280 18.842442 5.754668 39.443097 42.568692 9.108061 30.183133 38.517535 10.820850 0.000000 0.000000 0.000000 
-0.029261 0.958113 0.213941 2.873297 -14.170119 5.756743 7.856460 -0.056884 -6.769590 -4.232524 0.642062 2.745839 6.217011 13.311988 17.078923 0.000000 0.000000 0.000000 -8.899908 1.686121 -23.049370 1.846141 0.532616 14.194326 4.251517 -1.883038 17.748958 0.000000 0.000000 0.000000 18.395698 -4.836888 28.810366 -0.335289 0.173408 -17.973559 4.872582 -2.836367 18.751561 19.947021 -16.040923 -5.954329 0.000000 0.000000 0.000000 0.956046 -19.677362 7.150117 -34.791849 -16.315754 -0.623856 -50.103440 -62.912039 38.326618 0.000000 0.000000 0.000000 24.514710 18.823388 5.741826 38.704324 42.852889 8.974567 31.589193 38.997599 11.458339 0.000000 0.000000 0.000000 
-0.028900 0.957920 0.213884 3.042737 -14.501136 5.689638 7.740852 -0.058738 -6.770143 -4.329146 0.663667 2.770742 6.293864 13.390893 17.392760 0.000000 0.000000 0.000000 -9.033195 1.708581 -23.310289 1.813783 0.563044 14.424618 4.326157 -1.916913 17.968685 0.000000 0.000000 0.000000 18.466113 -4.855680 29.165806 -0.394273 0.181909 -17.853009 4.684973 -2.849599 18.564076 19.789090 -15.956031 -5.686888 0.000000 0.000000 0.000000 1.466904 -19.386463 6.924965 -35.323721 -15.807405 -0.696636 -52.227121 -62.246777 39.496924 0.000000 0.000000 0.000000 24.215457 18.881161 5.716562 38.403203 43.019120 8.945909 32.750881 39.286132 11.929850 0.000000 0.000000 0.000000 
-0.028491 0.957839 0.213769 3.103395 -14.865774 5.525745 7.568805 -0.061847 -6.738651 -4.144295 0.638379 2.843762 6.475878 13.620288 17.994381 0.000000 0.000000 0.000000 -9.079119 1.727685 -23.375967 1.743186 0.605888 14.685468 4.576073 -1.508800 17.905743 0.000000 0.000000 0.000000 18.550867 -4.890461 29.701660 -0.417960 0.182463 -17.945836 4.536493 -2.773734 18.618299 19.348119 -15.685522 -5.467232 0.000000 0.000000 0.000000 1.772038 -19.324268 6.823407 -35.378366 -15.358133 -0.804636 -54.247526 -61.827031 40.701106 0.000000 0.000000 0.000000 23.689906 19.046720 5.803466 38.010341 43.291425 8.873431 33.332764 39.656309 12.244735 0.000000 0.000000 0.000000 
-0.028086 0.957640 0.213629 3.175233 -15.046153 5.367811 7.600798 -0.051121 -6.606120 -4.153119 0.643387 2.888309 6.224002 13.224204 18.085481 0.000000 0.000000 0.000000 -9.221602 1.727613 -23.479805 1.787973 0.623478 14.987270 4.763443 -1.249136 17.992803 0.000000 0.000000 0.000000 18.694578 -4.927471 29.971642 -0.561884 0.219927 -17.991866 4.540788 -2.764198 18.612631 19.447817 -15.882304 -5.059790 0.000000 0.000000 0.000000 2.202660 -19.336685 6.718386 -35.345140 -15.225567 -0.819518 -55.412834 -61.173839 41.101123 0.000000 0.000000 0.000000 23.240279 19.260809 5.916835 37.633315 43.484076 8.788109 33.269142 39.488172 12.143284 0.000000 0.000000 0.000000 
-0.027757 0.957676 0.213517 3.158921 -15.236747 5.299771 7.633891 -0.040876 -6.472714 -4.125573 0.640157 2.839585 6.142043 13.077621 18.144680 0.000000 0.000000 0.000000 -9.198967 1.763523 -23.753895 1.864809 0.644561 15.414819 4.737897 -1.439321 18.218196 0.000000 0.000000 0.000000 18.923929 -4.992353 30.267218 -0.495378 0.196795 -18.059082 4.387770 -2.662016 18.555587 19.405890 -15.929593 -4.739093 0.000000 0.000000 0.000000 2.670429 -19.348820 6.603088 -35.363095 -15.371584 -0.749872 -56.842103 -60.855048 41.928417 0.000000 0.000000 0.000000 22.579929 19.451307 6.048342 37.692958 43.663906 8.827747 32.898874 39.052406 11.849064 0.000000 0.000000 0.000000 
-0.027531 0.957669 0.213583 3.141484 -15.447385 5.188395 7.643218 -0.031197 -6.299601 -3.984351 0.617721 2.808763 5.986046 12.819742 18.268118 0.000000 0.000000 0.000000 -9.271110 1.772869 -23.835339 2.002837 0.631765 15.547226 4.915678 -1.341922 18.565852 0.000000 0.000000 0.000000 19.191440 -5.067815 30.620754 -0.815407 0.293636 -18.500768 4.596255 -2.928390 18.875402 19.310341 -15.889359 -4.761614 0.000000 0.000000 0.000000 3.108194 -19.525075 6.557180 -35.477446 -16.107421 -0.524420 -56.437347 -60.764770 41.699633 0.000000 0.000000 0.000000 21.841587 19.879084 6.178871 37.424227 43.792833 8.724390 32.473088 38.712931 11.525786 0.000000 0.000000 0.000000 
-0.027388 0.957726 0.213912 3.038670 -15.589431 5.214847 7.784838 -0.013461 -6.124065 -3.903759 0.601876 2.626427 5.762471 12.466773 18.267064 0.000000 0.000000 0.000000 -9.258796 1.795576 -23.967279 2.052755 0.637106 15.698592 5.165144 -1.032275 18.766276 0.000000 0.000000 0.000000 19.503070 -5.131483 30.664989 -0.714074 0.261229 -18.531015 4.373422 -2.967058 18.767557 19.223516 -15.894223 -4.460168 0.000000 0.000000 0.000000 3.383066 -19.662793 6.536393 -35.463868 -16.838285 -0.294033 -56.049398 -60.252970 41.063022 0.000000 0.000000 0.000000 21.370178 20.060448 6.251657 37.719796 43.841450 8.819784 31.799513 38.366348 11.156363 0.000000 0.000000 0.000000 
-0.027176 0.957837 0.214473 2.978973 -15.842206 5.256023 7.686623 -0.015283 -6.042148 -3.871003 0.598298 2.569322 6.137777 12.988218 18.295953 0.000000 0.000000 0.000000 -9.303937 1.810889 -24.012222 2.189869 0.618022 15.723838 5.328742 -0.766116 18.727099 0.000000 0.000000 0.000000 19.674136 -5.141714 30.681530 -0.829631 0.295096 -18.747729 4.409155 -3.155822 18.954584 19.090147 -15.738587 -4.680753 0.000000 0.000000 0.000000 3.786463 -20.161831 6.607383 -35.744828 -17.661036 -0.009498 -56.486794 -60.430583 41.640995 0.000000 0.000000 0.000000 20.870710 20.183844 6.213653 37.821212 44.026713 8.875540 31.609330 38.150655 10.971900 0.000000 0.000000 0.000000 
-0.026778 0.957760 0.215185 2.809837 -16.222475 5.256714 7.737806 -0.000331 -6.051774 -3.738831 0.584793 2.797102 6.339358 13.232757 18.447189 0.000000 0.000000 0.000000 -9.167553 1.871384 -24.221478 2.238841 0.642979 16.018904 5.535510 -0.573430 18.915979 0.000000 0.000000 0.000000 19.788503 -5.119669 30.699316 -0.803760 0.280873 -18.879592 4.441290 -3.225524 19.138671 19.194831 -15.740438 -5.097669 0.000000 0.000000 0.000000 4.266216 -20.463053 6.581174 -35.804708 -18.282145 0.204305 -57.387349 -60.774502 42.682828 0.000000 0.000000 0.000000 20.923121 20.524208 6.314203 37.601144 44.080468 8.824862 30.784136 37.867803 10.574954 0.000000 0.000000 0.000000 
-0.026212 0.957576 0.215922 2.767416 -16.380242 5.352971 7.597682 -0.011478 -6.233743 -3.598675 0.566164 3.008739 6.596670 13.586239 18.496696 0.000000 0.000000 0.000000 -9.270226 1.894826 -24.484433 2.465861 0.614222 16.213239 5.525464 -0.722363 19.127688 0.000000 0.000000 0.000000 19.852596 -5.098108 30.543996 -0.437438 0.175114 -18.911618 4.288718 -2.827710 19.071334 19.683327 -15.955248 -5.623778 0.000000 0.000000 0.000000 4.981994 -20.677324 6.461921 -35.984006 -18.885451 0.431353 -58.436211 -60.798454 43.455790 0.000000 0.000000 0.000000 20.860132 20.230800 6.246222 38.135229 44.303105 9.062715 30.043090 37.271901 10.181334 0.000000 0.000000 0.000000 
-0.025599 0.957488 0.216693 2.770965 -16.516369 5.405180 7.553092 -0.015329 -6.431370 -3.611394 0.573170 3.166994 6.755847 13.799921 18.886389 0.000000 0.000000 0.000000 -9.452925 1.900649 -24.695642 2.638629 0.603948 16.522790 5.648943 -0.491367 19.087156 0.000000 0.000000 0.000000 19.987643 -5.088258 30.328936 -0.315141 0.132825 -18.771413 4.431800 -2.891309 18.964824 19.964938 -16.088666 -5.827577 0.000000 0.000000 0.000000 5.554024 -20.952370 6.405247 -36.284207 -19.450964 0.681237 -57.978416 -61.138136 43.427949 0.000000 0.000000 0.000000 20.582070 20.306137 6.243188 38.417832 44.550093 9.225019 28.906404 36.913194 9.691569 0.000000 0.000000 0.000000 
-0.025092 0.957185 0.217439 2.755794 -16.720631 5.413594 7.511006 -0.017229 -6.675734 -3.578025 0.574764 3.413945 7.008905 14.136210 19.498526 0.000000 0.000000 0.000000 -9.490903 1.917367 -24.791288 2.571611 0.627532 16.558866 5.918334 -0.169830 19.299648 0.000000 0.000000 0.000000 20.077569 -5.078346 30.279057 -0.036461 0.049154 -18.766647 4.445640 -2.710789 18.820644 20.053983 -16.024942 -6.248546 0.000000 0.000000 0.000000 5.756659 -20.899341 6.336800 -36.373638 -19.956490 0.865332 -56.040180 -61.570068 42.263101 0.000000 0.000000 0.000000 20.904993 20.206481 6.206994 38.952286 44.739684 9.500432 27.197269 36.540793 9.060321 0.000000 0.000000 0.000000 
-0.024903 0.956812 0.218097 2.792516 -16.840572 5.568348 7.462484 -0.024694 -6.925660 -3.845311 0.628980 3.583444 7.475872 14.798395 19.492042 0.000000 0.000000 0.000000 -9.710251 1.901621 -24.806575 2.654641 0.586617 16.210807 6.226661 0.281241 19.430429 0.000000 0.000000 0.000000 19.962184 -5.005161 29.960983 0.257793 -0.038023 -18.644983 4.633425 -2.679204 18.862283 20.045815 -15.874364 -6.747538 0.000000 0.000000 0.000000 6.194661 -21.010425 6.263471 -36.430451 -20.510451 1.081485 -53.486951 -62.474025 41.041556 0.000000 0.000000 0.000000 20.966929 20.127464 6.136822 39.649388 44.840927 9.772595 25.798435 36.189579 8.530452 0.000000 0.000000 0.000000 
-0.025103 0.956569 0.218677 2.771288 -16.875600 5.584471 7.563937 -0.017032 -7.232162 -4.041519 0.672817 3.848933 7.809670 15.259529 20.153352 0.000000 0.000000 0.000000 -9.667510 1.902470 -24.730126 2.392751 0.634021 16.091474 6.613293 0.930189 19.462384 0.000000 0.000000 0.000000 19.777251 -4.979690 30.106675 0.537200 -0.108079 -18.929082 4.901309 -2.666437 18.974931 20.025187 -15.820190 -6.969387 0.000000 0.000000 0.000000 6.144023 -20.867869 6.230065 -35.874879 -21.094059 1.202916 -50.284535 -63.601052 39.426952 0.000000 0.000000 0.000000 21.280707 20.090410 6.118660 39.948723 44.666266 9.821019 24.335149 36.197083 8.093992 0.000000 0.000000 0.000000 
-0.025644 0.956154 0.219210 2.665210 -16.850420 5.756847 7.791308 -0.000705 -7.609777 -4.178558 0.703861 4.063273 7.967897 15.475868 20.618454 0.000000 0.000000 0.000000 -9.513190 1.923166 -24.755338 2.211402 0.642608 15.726678 6.836567 1.079526 19.881696 0.000000 0.000000 0.000000 19.589685 -4.945210 30.029092 0.947382 -0.221338 -18.908294 4.960444 -2.404308 18.964292 19.948704 -15.638546 -7.414087 0.000000 0.000000 0.000000 6.356173 -20.927801 6.200301 -35.504107 -21.775859 1.377532 -46.734162 -65.026106 37.677869 0.000000 0.000000 0.000000 21.731099 19.929020 6.115841 40.122929 44.478666 9.841114 23.511420 36.041137 7.839328 0.000000 0.000000 0.000000 
-0.026338 0.955996 0.219727 2.695458 -16.931592 5.903686 7.755953 -0.006479 -7.842625 -4.237559 0.712945 3.961582 8.407751 16.056342 21.377729 0.000000 0.000000 0.000000 -9.508379 1.937414 -24.828862 2.142958 0.655669 15.686898 6.898702 1.323708 19.630021 0.000000 0.000000 0.000000 19.453314 -4.931238 30.161240 0.897986 -0.198739 -19.209886 5.113171 -2.489427 19.058480 19.723370 -15.476490 -7.417913 0.000000 0.000000 0.000000 6.193721 -20.842520 6.219865 -34.515588 -22.052916 1.350009 -43.965272 -66.285631 36.441384 0.000000 0.000000 0.000000 22.094271 19.816300 6.008210 40.262925 43.982381 9.736686 23.315945 36.061115 7.781075 0.000000 0.000000 0.000000 
-0.026891 0.955590 0.220276 2.647520 -16.869859 6.078692 7.792853 -0.008228 -8.170310 -4.134277 0.696825 4.126020 8.487295 16.160124 21.675764 0.000000 0.000000 0.000000 -9.375140 1.958618 -24.906580 2.191209 0.648462 15.755910 6.493266 0.919597 19.121361 0.000000 0.000000 0.000000 19.455054 -4.943062 30.080969 0.997304 -0.223920 -19.239652 5.080956 -2.634697 19.055027 19.377003 -15.248122 -7.294714 0.000000 0.000000 0.000000 5.867173 -20.772651 6.288971 -33.698052 -22.672499 1.437819 -40.828170 -66.946260 34.487845 0.000000 0.000000 0.000000 22.202319 19.753610 5.935210 40.315128 43.767039 9.687192 23.413086 36.060066 7.806094 0.000000 0.000000 0.000000 
-0.027213 0.955290 0.220774 2.613130 -16.900059 6.287715 7.772768 -0.014104 -8.381488 -4.148063 0.701483 4.192605 8.736041 16.501944 21.598900 0.000000 0.000000 0.000000 -9.381068 1.975507 -25.048545 2.235691 0.633720 15.683077 6.492995 0.972700 19.033052 0.000000 0.000000 0.000000 19.384839 -4.926157 29.989035 0.914776 -0.198815 -19.299163 5.154330 -2.810149 19.129012 19.013028 -15.041685 -7.046250 0.000000 0.000000 0.000000 5.146579 -20.999763 6.560558 -32.817417 -23.338319 1.493578 -38.334107 -67.890067 33.191968 0.000000 0.000000 0.000000 22.303990 19.742799 5.858279 40.120609 43.308252 9.473903 24.014520 36.327684 8.040012 0.000000 0.000000 0.000000 
-0.027277 0.954989 0.221273 2.645731 -17.143047 6.416383 7.568292 -0.031916 -8.664905 -3.827406 0.654013 4.551238 8.802203 16.547880 21.663333 0.000000 0.000000 0.000000 -9.380318 2.015404 -25.276185 2.361035 0.619596 15.739367 6.268521 0.560717 18.985995 0.000000 0.000000 0.000000 19.424346 -4.924570 30.111906 0.828003 -0.178048 -19.281261 5.078823 -3.060660 18.935740 18.658467 -14.798401 -6.805105 0.000000 0.000000 0.000000 4.610134 -21.122035 6.760796 -32.494464 -23.605199 1.539256 -36.765795 -68.767352 32.592223 0.000000 0.000000 0.000000 22.377644 19.899314 5.801492 39.906259 42.994489 9.351474 24.943379 36.374341 8.293154 0.000000 0.000000 0.000000 
-0.027181 0.954711 0.221735 2.624862 -17.334444 6.469305 7.522431 -0.032973 -8.596950 -3.725862 0.639030 4.612847 8.753492 16.469984 21.285776 0.000000 0.000000 0.000000 -9.361496 2.041302 -25.385517 2.294737 0.632255 15.653326 6.474864 0.707754 19.304825 0.000000 0.000000 0.000000 19.387204 -4.934859 30.460220 0.815372 -0.168730 -19.444128 5.022671 -3.227540 19.024166 18.262018 -14.534185 -6.657530 0.000000 0.000000 0.000000 4.289437 -21.121067 6.855396 -32.845143 -24.162397 1.726968 -36.104208 -69.600521 32.680686 0.000000 0.000000 0.000000 22.174986 19.994129 5.771155 39.894888 42.689590 9.242134 25.954842 36.699136 8.660740 0.000000 0.000000 0.000000 
-0.027053 0.954497 0.222164 2.689670 -17.795492 6.337870 7.319978 -0.041249 -8.418973 -3.564256 0.621529 4.854267 8.852011 16.558570 21.031422 0.000000 0.000000 0.000000 -9.339457 2.059263 -25.253567 2.187691 0.671677 15.690679 6.610576 1.163214 18.789906 0.000000 0.000000 0.000000 19.380233 -4.926757 30.999395 0.648864 -0.133283 -19.402881 4.753634 -3.321876 18.865978 17.573231 -14.173289 -5.890927 0.000000 0.000000 0.000000 3.939806 -21.133725 6.962135 -32.948416 -24.273836 1.773447 -35.690398 -69.976944 32.647537 0.000000 0.000000 0.000000 22.243131 20.074655 5.708387 39.840159 42.370646 9.167613 26.982964 37.450352 9.145553 0.000000 0.000000 0.000000 
-0.026899 0.954245 0.222565 2.812010 -18.252106 6.178160 7.210054 -0.039742 -8.352071 -3.537418 0.633608 5.190145 8.817663 16.447002 21.064366 0.000000 0.000000 0.000000 -9.347125 2.091576 -25.320428 2.071570 0.733565 15.983752 6.699135 1.411690 18.510309 0.000000 0.000000 0.000000 19.321041 -4.884676 31.384546 0.248705 -0.036288 -19.336296 4.775883 -3.762460 18.914999 16.874847 -13.771407 -5.341836 0.000000 0.000000 0.000000 3.435228 -20.989504 7.067095 -33.180569 -23.946892 1.704992 -37.327825 -70.152775 34.170460 0.000000 0.000000 0.000000 22.367154 20.323889 5.617004 39.634712 42.112080 9.066817 27.921612 37.898205 9.495773 0.000000 0.000000 0.000000 
-0.026702 0.954143 0.222897 3.032331 -18.576396 5.970401 7.050262 -0.046273 -8.149292 -3.562147 0.649079 5.344785 8.605256 16.111959 20.916453 0.000000 0.000000 0.000000 -9.507284 2.087584 -25.293351 2.033399 0.769175 16.192056 6.725803 1.576567 18.229794 0.000000 0.000000 0.000000 19.259770 -4.855240 31.805051 -0.104296 0.054112 -19.278484 4.477764 -4.020533 18.880969 16.256964 -13.481985 -4.410571 0.000000 0.000000 0.000000 3.300566 -20.959035 7.102083 -33.135561 -23.693259 1.640265 -38.632748 -70.119984 35.245984 0.000000 0.000000 0.000000 22.507800 20.458661 5.543521 39.629366 41.930093 9.055979 28.600803 38.463273 9.824132 0.000000 0.000000 0.000000 
-0.026465 0.953968 0.223146 3.045821 -18.815122 5.837352 7.069491 -0.035775 -8.135503 -3.511164 0.653590 5.673021 8.445982 15.850277 20.932001 0.000000 0.000000 0.000000 -9.450352 2.110692 -25.311152 2.065066 0.795809 16.480574 6.583910 1.450210 17.948918 0.000000 0.000000 0.000000 19.084291 -4.803308 32.118721 -0.163422 0.068097 -19.390064 4.365337 -4.236942 19.150099 15.932557 -13.299006 -4.215966 0.000000 0.000000 0.000000 3.213074 -20.750889 7.054475 -33.220976 -23.227752 1.509066 -39.869584 -69.755923 36.064319 0.000000 0.000000 0.000000 22.538756 20.668987 5.555295 39.342275 41.977633 8.984234 29.239991 38.771292 10.090762 0.000000 0.000000 0.000000 
-0.026149 0.953931 0.223351 3.075244 -18.992231 5.757016 7.070713 -0.030024 -7.980847 -3.555336 0.663015 5.592577 8.413986 15.778762 21.013644 0.000000 0.000000 0.000000 -9.557023 2.118171 -25.414233 2.034670 0.825819 16.690279 6.918015 1.936179 18.115299 0.000000 0.000000 0.000000 18.968933 -4.766359 32.308974 -0.374713 0.117747 -19.265907 4.144716 -4.326644 19.053706 15.650510 -13.137579 -3.859893 0.000000 0.000000 0.000000 3.017724 -20.498616 7.026296 -33.179979 -22.696357 1.345338 -41.335201 -69.545413 37.109030 0.000000 0.000000 0.000000 22.520140 20.659772 5.495653 39.539407 41.992153 9.065915 29.721501 39.289292 10.382884 0.000000 0.000000 0.000000 
-0.025633 0.953685 0.223613 3.012259 -19.035834 5.729562 7.175811 -0.016161 -7.802875 -3.714324 0.690815 5.423326 8.464050 15.855816 20.861433 0.000000 0.000000 0.000000 -9.534405 2.118098 -25.363845 2.104703 0.814294 16.710831 6.844458 1.866901 18.000401 0.000000 0.000000 0.000000 18.939727 -4.768012 32.464760 -0.584324 0.180037 -19.474936 4.093396 -4.541315 19.276423 15.325300 -12.977954 -3.464500 0.000000 0.000000 0.000000 2.663503 -20.434081 7.108680 -33.158479 -22.101953 1.140377 -41.220894 -69.698033 37.175858 0.000000 0.000000 0.000000 22.230677 20.911508 5.577291 39.464795 42.358995 9.125660 29.837021 39.569001 10.478288 0.000000 0.000000 0.000000 
-0.024814 0.953492 0.224039 2.988990 -19.008139 5.670847 7.139568 -0.019180 -7.712787 -3.663297 0.675847 5.298579 8.474615 15.869527 21.012833 0.000000 0.000000 0.000000 -9.656666 2.097356 -25.336551 2.102416 0.824418 16.836948 7.070126 2.305207 17.984351 0.000000 0.000000 0.000000 18.862438 -4.746857 32.422189 -0.746312 0.217395 -19.207734 3.934864 -4.450052 19.090097 15.290709 -12.928702 -3.543934 0.000000 0.000000 0.000000 2.078145 -20.189898 7.186360 -32.897702 -21.542417 0.912491 -41.661486 -69.626396 37.415922 0.000000 0.000000 0.000000 21.999960 20.883806 5.612018 39.562670 42.769331 9.273964 29.795549 39.883764 10.566956 0.000000 0.000000 0.000000 
-0.023722 0.953394 0.224901 2.980264 -18.819029 5.696500 7.112482 -0.026959 -7.742791 -3.616512 0.657818 5.137678 8.359458 15.718764 21.279210 0.000000 0.000000 0.000000 -9.817895 2.050624 -25.174543 2.074759 0.807007 16.646716 7.216325 2.601586 17.991237 0.000000 0.000000 0.000000 18.808760 -4.734641 32.131671 -1.045835 0.299214 -19.152318 3.951522 -4.296200 18.953471 15.579439 -13.250762 -3.004203 0.000000 0.000000 0.000000 1.370484 -20.115551 7.355917 -32.699065 -21.216732 0.744103 -41.355590 -69.810058 37.212558 0.000000 0.000000 0.000000 22.263727 20.806850 5.631786 39.233832 42.859621 9.221400 29.478976 40.336086 10.622059 0.000000 0.000000 0.000000 
-0.022352 0.953376 0.226232 2.905758 -18.603600 5.806999 7.079488 -0.036300 -7.563944 -3.633609 0.645513 4.753174 8.308060 15.693387 20.934272 0.000000 0.000000 0.000000 -10.046341 1.995937 -25.012546 2.069092 0.778564 16.397092 7.587970 3.283556 18.064020 0.000000 0.000000 0.000000 18.729822 -4.727877 31.858203 -1.205785 0.339859 -18.945226 4.030625 -3.830695 18.676136 16.376313 -13.856152 -2.987088 0.000000 0.000000 0.000000 0.563878 -20.221460 7.605417 -32.666002 -20.823571 0.565571 -40.109997 -69.901936 36.131143 0.000000 0.000000 0.000000 22.262885 20.754024 5.799509 39.124343 42.751016 9.146055 28.822465 41.050033 10.672612 0.000000 0.000000 0.000000 
-0.020950 0.953306 0.228072 2.796934 -18.407642 5.795044 6.992886 -0.048022 -7.415606 -3.487671 0.608617 4.582773 8.333231 15.758337 20.927525 0.000000 0.000000 0.000000 -10.208047 1.933711 -24.677445 2.030475 0.742963 15.955952 8.040833 3.849875 18.510226 0.000000 0.000000 0.000000 18.770105 -4.734542 31.540979 -1.141453 0.316842 -18.657472 3.863412 -3.291894 18.317754 16.825554 -14.187097 -2.994981 0.000000 0.000000 0.000000 -0.275244 -20.323874 7.843905 -32.914630 -20.431240 0.425046 -38.574395 -70.026005 34.823692 0.000000 0.000000 0.000000 22.664486 20.555584 5.892460 38.876605 42.702856 9.088943 27.891140 41.795230 10.631431 0.000000 0.000000 0.000000 
-0.019726 0.952915 0.230150 2.657028 -18.282190 5.888526 7.193392 -0.030826 -7.187660 -3.752584 0.649452 4.277647 8.258904 15.692765 20.563890 0.000000 0.000000 0.000000 -10.304477 1.894668 -24.435039 2.077448 0.707054 15.690113 8.192779 4.225479 18.401354 0.000000 0.000000 0.000000 18.592373 -4.695465 31.328402 -1.264244 0.352698 -18.711258 4.188159 -2.765115 18.250316 17.576498 -14.784301 -2.983376 0.000000 0.000000 0.000000 -1.373931 -20.169224 8.060449 -33.323534 -20.048978 0.256842 -38.269252 -70.139801 34.548312 0.000000 0.000000 0.000000 22.759661 20.392395 5.992744 39.009138 42.413781 9.020550 27.292684 42.680248 10.735341 0.000000 0.000000 0.000000 
-0.018710 0.952536 0.232321 2.418141 -17.950668 5.992353 7.356628 -0.022620 -7.177492 -3.695496 0.631010 4.193219 8.171887 15.616766 20.492884 0.000000 0.000000 0.000000 -10.422181 1.849515 -24.281878 2.289840 0.639160 15.509295 8.433181 4.464132 18.800895 0.000000 0.000000 0.000000 18.518227 -4.710680 31.156783 -1.235682 0.346430 -18.480088 4.275646 -2.375371 17.919829 18.107152 -15.159122 -3.059817 0.000000 0.000000 0.000000 -2.305484 -20.131035 8.263169 -33.640784 -19.482475 0.074763 -38.751527 -70.441861 34.954990 0.000000 0.000000 0.000000 23.269526 20.305599 6.123459 39.201865 42.412794 9.119373 26.247002 43.110619 10.537239 0.000000 0.000000 0.000000 
-0.017753 0.951873 0.234479 2.125104 -17.773476 6.084336 7.650032 0.001668 -7.171932 -3.827135 0.656318 4.284861 8.204490 15.701622 20.218376 0.000000 0.000000 0.000000 -10.439228 1.827998 -24.161353 2.321278 0.626132 15.497664 8.891174 5.269311 18.918937 0.000000 0.000000 0.000000 18.277774 -4.676164 31.078142 -1.235732 0.347311 -18.479401 4.681897 -1.829321 17.795833 18.857112 -15.645240 -3.504489 0.000000 0.000000 0.000000 -3.125256 -20.236932 8.482043 -34.037436 -19.039037 -0.077925 -38.832507 -70.646330 34.999472 0.000000 0.000000 0.000000 23.661522 20.467188 6.434366 39.138781 42.114130 9.012073 25.002763 43.177897 10.166432 0.000000 0.000000 0.000000 
-0.016848 0.951369 0.236650 1.920045 -17.700051 6.100562 7.736757 0.009122 -7.258136 -3.750809 0.645157 4.448328 8.403956 15.980447 20.567405 0.000000 0.000000 0.000000 -10.559593 1.818921 -24.259135 2.624236 0.590429 15.877104 9.056379 5.475191 19.114059 0.000000 0.000000 0.000000 18.058962 -4.642641 31.138924 -1.191319 0.330667 -18.330240 4.786876 -1.258058 17.599457 19.406111 -16.014085 -3.718366 0.000000 0.000000 0.000000 -3.546835 -20.204663 8.523777 -34.225301 -18.748366 -0.168460 -39.438203 -70.610368 35.291024 0.000000 0.000000 0.000000 24.027140 20.299644 6.561068 39.784868 41.988965 9.176608 24.051159 42.981905 9.835308 0.000000 0.000000 0.000000 
-0.016011 0.950683 0.238790 1.687273 -17.514942 6.062238 7.957197 0.028423 -7.187015 -3.920249 0.679422 4.587715 8.576642 16.265270 20.382758 0.000000 0.000000 0.000000 -10.509154 1.808934 -24.218507 2.640711 0.603815 16.176735 9.266248 5.804301 19.255585 0.000000 0.000000 0.000000 17.760210 -4.596556 31.191441 -1.015758 0.289695 -18.537814 5.003906 -0.842819 17.773724 19.955418 -16.408233 -3.992869 0.000000 0.000000 0.000000 -3.652416 -20.750019 8.728788 -34.653359 -18.584118 -0.214612 -39.353024 -70.695141 35.168606 0.000000 0.000000 0.000000 24.330189 20.566061 6.915734 39.852568 41.585053 9.039017 22.458145 42.939171 9.290946 0.000000 0.000000 0.000000 
-0.015339 0.950148 0.240873 1.606965 -17.238623 5.926422 7.978180 0.026204 -7.288392 -4.057301 0.709814 4.840694 8.999092 16.883395 20.834409 0.000000 0.000000 0.000000 -10.617528 1.763484 -24.059059 2.815891 0.578477 16.457368 9.190092 5.746706 19.217283 0.000000 0.000000 0.000000 17.601210 -4.582043 31.132185 -0.853548 0.238135 -18.053239 5.003123 -0.513066 17.202512 20.062690 -16.523055 -3.719502 0.000000 0.000000 0.000000 -3.905300 -21.073248 8.874110 -34.525437 -18.516574 -0.218781 -41.160188 -70.334737 36.178107 0.000000 0.000000 0.000000 24.522678 20.500149 7.051746 40.198268 41.303712 9.082493 21.514700 42.462512 8.867722 0.000000 0.000000 0.000000 
-0.014823 0.949690 0.242792 1.551324 -17.128561 5.654460 8.138413 0.045352 -7.118049 -4.149180 0.728962 4.924154 8.918819 16.759114 21.444992 0.000000 0.000000 0.000000 -10.674076 1.726604 -23.811555 3.002698 0.553119 16.692941 9.085283 5.519174 19.291374 0.000000 0.000000 0.000000 17.461123 -4.554968 31.241321 -0.996487 0.289933 -18.415244 5.203065 -0.630625 17.706935 20.173773 -16.605809 -4.016861 0.000000 0.000000 0.000000 -3.699207 -21.719652 9.081945 -34.383976 -18.716099 -0.191497 -42.201434 -70.190222 36.896512 0.000000 0.000000 0.000000 24.342456 20.627123 7.114083 40.383280 41.268483 9.070631 20.658116 42.150599 8.476347 0.000000 0.000000 0.000000 
-0.014398 0.949714 0.244371 1.337841 -16.887792 5.327643 8.315519 0.064654 -6.926831 -4.274797 0.755950 5.099193 9.303468 17.308801 21.973412 0.000000 0.000000 0.000000 -10.547389 1.678422 -23.278371 3.088452 0.529798 16.719734 9.095901 5.533557 19.333221 0.000000 0.000000 0.000000 17.395791 -4.550487 31.207039 -0.776432 0.221066 -17.913527 5.143241 -0.620295 17.282935 20.098147 -16.752707 -3.202239 0.000000 0.000000 0.000000 -3.581899 -22.316765 9.263129 -33.774700 -19.004074 -0.114463 -42.631181 -69.838566 36.888512 0.000000 0.000000 0.000000 24.278687 20.721147 7.223718 40.528156 41.076989 9.071996 20.568717 41.629754 8.332122 0.000000 0.000000 0.000000 
-0.013964 0.949786 0.245588 1.090570 -16.904159 5.076174 8.387661 0.079306 -6.655810 -4.253817 0.759174 5.298323 9.746306 17.924007 21.986455 0.000000 0.000000 0.000000 -10.487605 1.651095 -22.871798 3.123762 0.521302 16.678268 9.635422 6.327216 19.592597 0.000000 0.000000 0.000000 17.378579 -4.550320 31.379236 -0.735103 0.207375 -17.960493 5.207941 -0.664355 17.424992 20.292261 -16.950978 -3.191050 0.000000 0.000000 0.000000 -3.282656 -22.921786 9.415066 -33.307711 -19.379056 -0.032812 -43.587389 -69.913049 37.645003 0.000000 0.000000 0.000000 24.143360 20.685544 7.195368 40.658377 41.024056 9.069371 20.575175 41.374875 8.272862 0.000000 0.000000 0.000000 
-0.013478 0.950016 0.246525 0.906711 -17.078141 4.940397 8.554909 0.103996 -6.459349 -4.425287 0.795389 5.251342 10.182896 18.466634 22.539548 0.000000 0.000000 0.000000 -10.325685 1.651870 -22.555719 3.092451 0.524450 16.523526 9.824849 6.601021 19.628075 0.000000 0.000000 0.000000 17.319575 -4.510814 31.400555 -0.613254 0.163259 -17.828070 5.105007 -0.666502 17.383123 20.251574 -17.089906 -2.609312 0.000000 0.000000 0.000000 -2.769784 -23.515810 9.507524 -32.875052 -19.698707 0.056162 -43.647595 -69.744524 37.556099 0.000000 0.000000 0.000000 23.977755 20.766044 7.215624 40.557443 40.867541 8.982754 21.448450 41.324174 8.565600 0.000000 0.000000 0.000000 
-0.012923 0.950125 0.247277 0.842744 -17.244872 4.862176 8.590754 0.114242 -6.375372 -4.380225 0.792065 5.324577 10.169713 18.406344 22.830170 0.000000 0.000000 0.000000 -10.248121 1.649384 -22.310153 2.986705 0.527754 16.168463 10.040539 6.739810 19.921193 0.000000 0.000000 0.000000 17.348673 -4.480891 31.268018 -0.636724 0.162309 -17.781188 4.993193 -0.838171 17.497254 20.359726 -17.393571 -1.929465 0.000000 0.000000 0.000000 -2.169967 -23.875564 9.492450 -32.378435 -19.899753 0.108836 -44.357860 -69.986260 38.295691 0.000000 0.000000 0.000000 24.064125 20.728207 7.107739 40.550436 40.804024 8.965247 22.101605 41.426444 8.801132 0.000000 0.000000 0.000000 
-0.012304 0.950171 0.247892 0.776972 -17.553678 4.799082 8.547698 0.121132 -6.251275 -4.284028 0.780113 5.366737 10.314019 18.540960 23.064693 0.000000 0.000000 0.000000 -10.174377 1.669932 -22.251204 2.994114 0.526570 16.012877 10.164573 6.653006 20.268359 0.000000 0.000000 0.000000 17.325001 -4.431601 31.270738 -0.538319 0.127072 -17.879651 4.842647 -0.873051 17.886086 20.580707 -17.650813 -1.862230 0.000000 0.000000 0.000000 -1.258131 -24.135623 9.336631 -32.155075 -20.044756 0.154792 -44.618139 -69.956058 38.538044 0.000000 0.000000 0.000000 24.067381 20.916334 7.162025 40.142891 40.904872 8.856509 22.943388 41.492995 9.109963 0.000000 0.000000 0.000000 
-0.011604 0.949983 0.248449 0.725317 -18.037867 4.850436 8.343201 0.113736 -6.308519 -4.134402 0.766037 5.568630 10.848758 19.178009 23.248485 0.000000 0.000000 0.000000 -10.169726 1.694243 -22.183450 2.925058 0.535235 15.713418 10.508734 7.218020 20.218852 0.000000 0.000000 0.000000 17.281353 -4.368568 31.329226 -0.612644 0.136969 -17.895731 4.935495 -0.884283 18.008073 20.632643 -17.807056 -1.447047 0.000000 0.000000 0.000000 -0.393020 -24.129728 9.101731 -31.825889 -20.120573 0.194016 -45.399949 -70.022451 39.281140 0.000000 0.000000 0.000000 23.817609 20.791552 6.983918 40.324770 40.971850 8.925837 24.068582 41.767106 9.556235 0.000000 0.000000 0.000000 
-0.010825 0.950023 0.248920 0.792787 -18.397118 4.814671 8.189571 0.108899 -6.123726 -4.065826 0.757849 5.557519 10.755723 19.024958 23.026758 0.000000 0.000000 0.000000 -10.083830 1.717419 -22.126855 2.760503 0.561349 15.460571 10.435238 6.916922 20.334777 0.000000 0.000000 0.000000 17.410170 -4.357458 31.409310 -0.501372 0.103743 -18.152241 4.851787 -0.913134 18.442300 20.838018 -18.030941 -1.476034 0.000000 0.000000 0.000000 0.350067 -24.077858 8.868880 -31.494989 -19.751646 0.094500 -45.907517 -69.955384 39.691694 0.000000 0.000000 0.000000 23.732551 20.768409 6.907240 39.968756 40.993295 8.791212 25.398157 42.019305 10.098368 0.000000 0.000000 0.000000 
-0.010013 0.949703 0.249331 0.846132 -18.753624 4.830346 7.990764 0.098354 -6.177898 -4.011183 0.760601 5.745440 11.011982 19.323808 23.016501 0.000000 0.000000 0.000000 -10.057055 1.730473 -22.008526 2.495036 0.590181 15.008911 10.697167 7.239063 20.432429 0.000000 0.000000 0.000000 17.403443 -4.310670 31.406595 -0.169474 -0.003084 -18.062515 4.665161 -0.786587 18.653689 21.017290 -18.244600 -1.302160 0.000000 0.000000 0.000000 1.189571 -23.724343 8.495741 -31.235692 -19.381554 0.009931 -47.635224 -69.901467 41.076215 0.000000 0.000000 0.000000 23.778964 20.675570 6.840111 39.679028 41.066549 8.718415 26.793071 42.232248 10.676719 0.000000 0.000000 0.000000 
-0.009165 0.949379 0.249680 1.008167 -19.121206 4.978544 7.712610 0.076621 -6.183915 -3.943390 0.749074 5.630185 11.033273 19.323025 22.772821 0.000000 0.000000 0.000000 -10.142973 1.760616 -22.176679 2.337561 0.607171 14.706684 10.724491 7.143062 20.534622 0.000000 0.000000 0.000000 17.520582 -4.292578 31.359923 -0.422035 0.072323 -18.490253 4.922786 -0.722997 19.300496 21.646859 -18.691825 -1.795317 0.000000 0.000000 0.000000 2.390741 -23.609971 8.113283 -31.304612 -18.819359 -0.100681 -49.147068 -69.854104 42.367677 0.000000 0.000000 0.000000 23.561737 20.236573 6.531791 39.513221 41.250046 8.658305 28.381874 42.356184 11.302448 0.000000 0.000000 0.000000 
-0.008324 0.949009 0.250012 1.088537 -19.383797 5.010876 7.543164 0.064898 -6.282478 -3.771551 0.712788 5.489834 11.197010 19.413799 23.636323 0.000000 0.000000 0.000000 -10.209632 1.766465 -22.133041 2.127543 0.615211 14.218892 11.102310 7.434072 20.992096 0.000000 0.000000 0.000000 17.515959 -4.250920 31.255993 -0.023195 -0.049842 -18.429394 4.728964 -0.608174 19.678704 21.651101 -18.729497 -1.845346 0.000000 0.000000 0.000000 3.143857 -23.242303 7.764008 -31.238553 -18.155377 -0.257872 -51.346831 -69.687858 44.061985 0.000000 0.000000 0.000000 23.741357 20.192934 6.516532 38.905261 41.596012 8.562049 29.379128 42.131285 11.623721 0.000000 0.000000 0.000000 
-0.007521 0.948677 0.250330 1.253271 -19.853806 5.031002 7.361976 0.057302 -6.199710 -3.657478 0.680280 5.004881 11.320721 19.388574 24.841546 0.000000 0.000000 0.000000 -10.354989 1.798341 -22.341081 1.949507 0.660810 14.229149 11.417079 7.881027 21.055298 0.000000 0.000000 0.000000 17.659653 -4.235125 31.375282 -0.133428 -0.027059 -18.489942 4.827062 -0.591527 20.071172 21.817036 -18.684162 -2.521337 0.000000 0.000000 0.000000 3.968528 -22.786967 7.378088 -31.646021 -17.544954 -0.368811 -52.657292 -69.242619 44.939102 0.000000 0.000000 0.000000 23.477785 19.920473 6.280693 38.951533 41.795003 8.601248 30.034211 42.608896 11.996058 0.000000 0.000000 0.000000 
-0.006809 0.948315 0.250667 1.425344 -20.375084 5.179770 7.097893 0.038048 -6.310116 -3.523875 0.642676 4.435114 11.886003 19.860136 26.639114 0.000000 0.000000 0.000000 -10.488767 1.844345 -22.633805 1.839480 0.684822 14.125240 11.550776 8.040689 21.055012 0.000000 0.000000 0.000000 17.684698 -4.175215 31.313311 -0.127540 -0.037142 -18.518786 4.696719 -0.710748 20.576803 21.442473 -18.381664 -2.653458 0.000000 0.000000 0.000000 4.485892 -22.451284 7.124975 -32.088537 -16.841350 -0.518534 -53.156878 -68.543184 44.982742 0.000000 0.000000 0.000000 23.506101 19.862917 6.115312 38.761187 42.196841 8.648429 31.026970 42.796809 12.403852 0.000000 0.000000 0.000000 
-0.006250 0.947723 0.250932 1.616180 -20.807405 5.245720 6.900103 0.027115 -6.158116 -3.546127 0.629340 3.640525 12.378007 20.278431 28.010216 0.000000 0.000000 0.000000 -10.623951 1.872167 -22.782264 1.574340 0.732019 13.990426 11.854617 8.640540 20.904760 0.000000 0.000000 0.000000 17.786395 -4.150656 31.384045 -0.142935 -0.039636 -18.531656 4.571463 -0.811968 20.909690 21.403636 -18.258502 -3.060734 0.000000 0.000000 0.000000 4.673787 -21.996620 6.924219 -32.658854 -16.395033 -0.608775 -53.914676 -67.431544 44.887584 0.000000 0.000000 0.000000 23.621109 19.737206 5.928294 38.477328 42.464825 8.644109 31.655613 43.389390 12.811383 0.000000 0.000000 0.000000 
-0.005837 0.947294 0.251106 1.823017 -21.097070 5.274006 6.815150 0.023574 -6.093619 -3.847951 0.671789 2.956615 13.034615 20.894028 29.498123 0.000000 0.000000 0.000000 -10.657944 1.903145 -22.973176 1.379992 0.767569 13.919005 11.742934 8.337623 20.961991 0.000000 0.000000 0.000000 17.889219 -4.135802 31.385249 -0.197095 -0.022173 -18.661488 4.432269 -1.139666 21.476191 21.171432 -17.933334 -3.712574 0.000000 0.000000 0.000000 4.963426 -21.905120 6.809254 -33.359406 -15.945031 -0.693078 -52.659764 -67.074847 43.805649 0.000000 0.000000 0.000000 23.598571 19.809448 5.806052 38.294278 42.832847 8.679667 32.586111 43.693589 13.231467 0.000000 0.000000 0.000000 
-0.005537 0.946529 0.251138 1.902252 -21.338659 5.321093 6.723967 0.017418 -6.185715 -3.899674 0.687910 3.048499 13.230289 21.101686 29.422889 0.000000 0.000000 0.000000 -10.723572 1.936904 -23.236638 1.370336 0.800815 14.205949 11.650051 8.435203 20.583686 0.000000 0.000000 0.000000 17.912525 -4.115525 31.435976 -0.204084 -0.024770 -18.679600 4.208538 -1.506957 21.718208 20.938436 -17.646795 -4.146102 0.000000 0.000000 0.000000 4.818346 -21.825660 6.827501 -33.843279 -15.587132 -0.772022 -50.919394 -66.662791 42.267100 0.000000 0.000000 0.000000 23.633660 19.963257 5.721965 38.288762 43.139751 8.783266 33.169054 43.911612 13.480767 0.000000 0.000000 0.000000 
-0.005263 0.946255 0.251112 2.009596 -21.529333 5.264041 6.693918 0.019632 -6.083617 -4.095911 0.725430 2.949281 13.334895 21.206589 29.441263 0.000000 0.000000 0.000000 -10.564137 1.982416 -23.474758 1.153724 0.870326 14.464369 11.355367 7.793759 20.659675 0.000000 0.000000 0.000000 17.964127 -4.114195 31.619220 -0.357307 0.019294 -18.833857 4.206637 -1.868557 21.976261 20.498647 -17.280114 -4.271839 0.000000 0.000000 0.000000 4.434278 -21.828671 6.941689 -34.247487 -15.595877 -0.773344 -49.575723 -66.743859 41.402065 0.000000 0.000000 0.000000 23.750795 20.048986 5.606979 38.206395 43.543720 8.898647 33.778846 43.635616 13.569054 0.000000 0.000000 0.000000 
-0.004954 0.945707 0.251175 2.186506 -21.674119 5.270293 6.515101 0.000565 -6.276764 -4.153042 0.746629 3.189230 13.456397 21.336073 29.403248 0.000000 0.000000 0.000000 -10.668204 2.015633 -23.842437 1.202517 0.907059 14.915010 10.982211 7.279848 20.428049 0.000000 0.000000 0.000000 17.939268 -4.094298 31.690904 -0.257184 -0.013093 -18.688285 3.890065 -2.157419 21.833249 19.793696 -16.695290 -4.244066 0.000000 0.000000 0.000000 4.181942 -21.837195 7.031398 -34.543734 -15.538569 -0.763832 -48.655990 -66.815089 40.817939 0.000000 0.000000 0.000000 23.505628 20.349011 5.659265 38.672906 43.825139 9.154796 33.556784 43.433687 13.356717 0.000000 0.000000 0.000000 
-0.004525 0.945415 0.251428 2.282146 -21.987232 5.211949 6.255481 -0.018600 -6.299280 -3.981107 0.724290 3.376950 13.673728 21.542044 29.482078 0.000000 0.000000 0.000000 -10.741320 2.051159 -24.082198 1.143860 0.956204 15.216651 11.120489 7.445354 20.493309 0.000000 0.000000 0.000000 18.088824 -4.085033 31.710942 -0.602628 0.074916 -18.705172 3.748734 -2.608029 21.834163 19.247314 -16.284573 -4.081353 0.000000 0.000000 0.000000 3.749853 -21.873592 7.186469 -34.714823 -15.374901 -0.807124 -48.199933 -67.012191 40.751224 0.000000 0.000000 0.000000 23.634975 20.598419 5.559881 39.228635 43.834944 9.396444 33.161408 42.762252 12.872643 0.000000 0.000000 0.000000 
-0.003995 0.944880 0.251852 2.414829 -22.136008 4.950325 6.013358 -0.035881 -6.244277 -3.890171 0.722015 3.759876 13.799917 21.691208 29.390263 0.000000 0.000000 0.000000 -10.881263 2.043734 -24.092972 1.103370 0.981175 15.350012 11.370843 7.515005 20.976685 0.000000 0.000000 0.000000 18.107352 -4.074899 31.969713 -0.658432 0.085992 -18.677745 3.582415 -2.731486 21.815874 18.753942 -15.927778 -3.959168 0.000000 0.000000 0.000000 3.526522 -22.133966 7.340152 -34.872006 -15.464924 -0.782650 -49.377273 -67.894185 42.365218 0.000000 0.000000 0.000000 23.571529 20.866445 5.652578 39.793646 43.809128 9.592231 31.206871 42.318438 11.951802 0.000000 0.000000 0.000000 
-0.003330 0.944772 0.252386 2.621876 -22.404881 4.580005 5.660025 -0.056172 -6.013807 -3.780866 0.714131 4.019882 13.954854 21.838968 29.474720 0.000000 0.000000 0.000000 -10.971137 2.039418 -24.010570 0.937053 1.043937 15.561181 11.504761 7.530459 21.197616 0.000000 0.000000 0.000000 18.227190 -4.065140 32.262769 -1.013589 0.180749 -18.751902 3.365965 -3.070141 21.724007 18.151850 -15.506787 -3.720401 0.000000 0.000000 0.000000 3.547720 -22.091550 7.321286 -35.037648 -15.407372 -0.780779 -53.164695 -69.074126 46.495975 0.000000 0.000000 0.000000 23.369763 21.223881 5.691578 40.849981 43.471414 9.854582 29.307753 41.963956 11.051963 0.000000 0.000000 0.000000 
-0.002593 0.944449 0.252939 2.904923 -22.424267 4.238181 5.389558 -0.077850 -5.971273 -3.907491 0.756374 4.423575 13.967350 21.871363 29.398841 0.000000 0.000000 0.000000 -11.293694 1.996952 -23.925764 0.927623 1.067077 15.762563 11.599393 7.571891 21.373122 0.000000 0.000000 0.000000 18.305255 -4.060161 32.285886 -1.168269 0.220560 -18.406299 3.209023 -3.271477 21.446196 17.499678 -14.953000 -3.782565 0.000000 0.000000 0.000000 3.552835 -21.998003 7.289744 -35.089178 -15.361782 -0.771381 -58.781538 -70.153150 52.180035 0.000000 0.000000 0.000000 23.078787 21.496583 5.776791 41.628256 43.514354 10.142760 26.788916 41.228659 9.885178 0.000000 0.000000 0.000000 
-0.001818 0.944604 0.253386 3.185710 -22.261772 4.012171 5.168164 -0.093619 -5.724948 -4.095267 0.783352 4.182954 13.838506 21.755726 29.345454 0.000000 0.000000 0.000000 -11.612149 1.956202 -23.954658 0.854279 1.092030 15.906452 11.751138 7.427746 21.978130 0.000000 0.000000 0.000000 18.592447 -4.140266 32.398590 -1.607386 0.357146 -18.548240 3.042317 -3.558784 21.456798 17.046692 -14.644785 -3.595368 0.000000 0.000000 0.000000 3.536948 -21.694564 7.187833 -34.711391 -15.337996 -0.800499 -64.004936 -70.768791 57.351972 0.000000 0.000000 0.000000 22.569625 21.534860 5.749364 42.682011 43.555898 10.454034 25.023563 40.579298 9.058402 0.000000 0.000000 0.000000 
-0.001032 0.945116 0.253739 3.329895 -22.229058 3.942572 4.973989 -0.109056 -5.643358 -4.110558 0.781306 4.051606 13.786672 21.684778 29.451465 0.000000 0.000000 0.000000 -11.749557 1.943363 -23.974548 0.950497 1.079494 15.979870 11.409583 6.748153 22.067328 0.000000 0.000000 0.000000 18.593022 -4.122565 32.195661 -1.543394 0.336340 -18.360442 2.991069 -3.342108 21.243244 17.076275 -14.633994 -3.661528 0.000000 0.000000 0.000000 3.720930 -21.348238 7.009972 -34.552262 -15.367897 -0.790421 -67.999364 -71.297475 61.395161 0.000000 0.000000 0.000000 22.269952 21.676708 5.907984 42.968677 43.657714 10.570887 24.367180 39.885634 8.677504 0.000000 0.000000 0.000000 
-0.000300 0.945214 0.254004 3.415657 -22.064922 3.926527 4.854564 -0.119197 -5.536057 -4.122410 0.771170 3.786092 13.694619 21.608424 29.364629 0.000000 0.000000 0.000000 -12.013551 1.897609 -23.835936 1.050884 1.032043 15.771020 11.503917 6.885944 22.153686 0.000000 0.000000 0.000000 18.640337 -4.125160 31.828453 -1.569031 0.342019 -18.072656 2.934177 -3.236093 21.100739 17.054137 -14.603641 -3.708589 0.000000 0.000000 0.000000 3.824572 -20.853293 6.807862 -34.193445 -15.733698 -0.702483 -69.186705 -71.401543 62.543765 0.000000 0.000000 0.000000 22.116586 21.632082 5.944400 43.091356 43.917053 10.690427 24.597641 39.130948 8.589037 0.000000 0.000000 0.000000 
0.000461 0.945566 0.254192 3.513988 -21.748781 3.905907 4.830926 -0.117674 -5.283276 -4.301011 0.781389 3.215583 13.474688 21.405099 29.259562 0.000000 0.000000 0.000000 -12.077977 1.846195 -23.538228 1.036830 0.983226 15.348673 11.066779 6.145143 22.141249 0.000000 0.000000 0.000000 18.654829 -4.149904 31.610027 -1.806550 0.424010 -18.429813 3.224213 -3.415624 21.322429 17.326713 -14.820924 -3.803522 0.000000 0.000000 0.000000 3.845574 -20.626435 6.722546 -34.019326 -16.006163 -0.646911 -67.737415 -71.555059 61.415183 0.000000 0.000000 0.000000 21.582690 21.581588 5.919283 43.006649 44.241604 10.694940 25.930686 38.739482 8.924766 0.000000 0.000000 0.000000 
0.001228 0.945678 0.254361 3.662002 -21.403579 3.917716 4.674727 -0.135661 -5.261442 -4.332253 0.773125 2.947389 13.276470 21.227342 29.116461 0.000000 0.000000 0.000000 -12.174811 1.799051 -23.323430 1.137970 0.916750 14.966764 10.303461 4.895478 22.056246 0.000000 0.000000 0.000000 18.381831 -4.095645 31.150766 -1.521259 0.343523 -18.234246 3.257731 -3.330248 21.221304 17.439735 -14.855339 -4.169763 0.000000 0.000000 0.000000 3.749834 -20.508936 6.709734 -33.857594 -16.123793 -0.620622 -64.842690 -71.459819 58.604876 0.000000 0.000000 0.000000 21.817138 21.594393 5.995616 42.273250 44.307620 10.493186 27.408108 38.374009 9.341090 0.000000 0.000000 0.000000 
0.001931 0.945894 0.254613 3.685745 -21.055131 3.947182 4.679462 -0.138717 -5.211111 -4.418226 0.776122 2.697070 13.066976 21.039392 28.967595 0.000000 0.000000 0.000000 -12.112301 1.762490 -23.077436 1.120675 0.886228 14.701800 9.637383 3.953538 21.783677 0.000000 0.000000 0.000000 18.404262 -4.108807 30.713405 -1.785506 0.429441 -18.271049 3.631070 -3.632782 21.407290 17.418883 -14.884718 -4.070406 0.000000 0.000000 0.000000 3.339294 -20.291078 6.758667 -33.658226 -16.341309 -0.595012 -61.305696 -70.802142 54.916514 0.000000 0.000000 0.000000 21.591757 21.470533 5.878711 42.011145 44.421862 10.396931 29.041266 38.154594 9.790126 0.000000 0.000000 0.000000 
0.002447 0.945802 0.255011 3.636172 -20.976919 4.031756 4.757708 -0.134907 -5.234460 -4.524182 0.792428 2.614521 13.036411 21.024764 28.862541 0.000000 0.000000 0.000000 -12.038636 1.760084 -23.009151 1.176195 0.856799 14.520763 9.251213 3.357070 21.671528 0.000000 0.000000 0.000000 18.322049 -4.077764 30.371105 -1.780990 0.424878 -18.187997 3.873518 -3.445163 21.448531 17.970863 -15.272351 -4.345590 0.000000 0.000000 0.000000 2.907287 -20.418462 6.926372 -33.907729 -15.959094 -0.716389 -57.912266 -69.820464 51.034821 0.000000 0.000000 0.000000 21.885378 21.279040 5.833614 41.057510 44.175153 10.004780 30.619300 38.266254 10.368045 0.000000 0.000000 0.000000 
0.002578 0.945388 0.255719 3.413890 -20.822171 4.147653 5.024750 -0.117574 -5.299085 -4.606614 0.808532 2.702275 12.995479 21.025183 28.600183 0.000000 0.000000 0.000000 -11.679410 1.757459 -22.690692 1.065798 0.851998 14.273838 8.725266 2.974129 20.845508 0.000000 0.000000 0.000000 18.411742 -4.077712 29.813064 -1.613446 0.368486 -17.797063 3.706606 -3.345817 21.215824 18.329255 -15.579224 -4.146919 0.000000 0.000000 0.000000 2.424817 -20.468497 7.085759 -33.958504 -15.546241 -0.851054 -56.034375 -68.860533 48.552904 0.000000 0.000000 0.000000 22.261960 21.017954 5.724373 40.386484 43.754422 9.689390 32.355921 38.726148 11.103936 0.000000 0.000000 0.000000 
0.002247 0.944876 0.256737 3.207633 -20.863359 4.128284 5.323243 -0.089210 -5.262110 -4.761110 0.848377 2.961843 13.048972 21.112253 28.410225 0.000000 0.000000 0.000000 -11.358851 1.760911 -22.374194 1.223310 0.816750 14.188646 8.051222 2.279585 20.029369 0.000000 0.000000 0.000000 18.394866 -4.044035 29.511838 -1.787148 0.415194 -17.837992 3.847744 -3.468840 21.345746 18.862036 -15.953297 -4.414405 0.000000 0.000000 0.000000 2.087548 -20.379563 7.155775 -34.344609 -15.000893 -1.014873 -55.851847 -68.158201 47.874700 0.000000 0.000000 0.000000 22.323168 20.575541 5.417445 39.953278 43.487674 9.446349 34.279687 39.240000 11.906831 0.000000 0.000000 0.000000 
0.001654 0.944289 0.257947 2.977454 -20.825507 4.130427 5.582873 -0.058518 -4.999582 -4.780255 0.846381 2.818951 13.064007 21.172171 28.157510 0.000000 0.000000 0.000000 -11.011468 1.766488 -22.122019 1.105633 0.836296 14.156265 7.882984 2.276972 19.550820 0.000000 0.000000 0.000000 18.408209 -4.027803 29.233278 -1.808093 0.417117 -17.651032 3.714631 -3.553672 21.096529 18.667776 -15.824008 -4.228012 0.000000 0.000000 0.000000 1.753528 -20.473693 7.294355 -34.437632 -14.224166 -1.228331 -56.771591 -67.494185 48.059277 0.000000 0.000000 0.000000 22.364602 20.084169 5.102137 39.727128 42.883632 9.203001 36.528353 40.071658 12.957481 0.000000 0.000000 0.000000 
0.001165 0.943732 0.259100 2.712347 -20.862463 3.961287 5.847370 -0.032606 -5.034760 -4.753550 0.869990 3.557847 13.131287 21.282271 27.936065 0.000000 0.000000 0.000000 -10.752235 1.755885 -21.765953 1.280224 0.810120 14.208023 7.689515 2.159862 19.170632 0.000000 0.000000 0.000000 18.575611 -4.067913 29.402507 -1.941917 0.454943 -17.687954 3.627662 -3.604943 20.807189 18.764126 -15.837090 -4.342197 0.000000 0.000000 0.000000 1.535606 -20.553729 7.385346 -34.468243 -13.528416 -1.412366 -58.774583 -66.739853 49.041036 0.000000 0.000000 0.000000 22.318356 19.800743 4.930358 39.382324 42.624112 9.033220 37.916466 40.515062 13.599117 0.000000 0.000000 0.000000 
0.000929 0.943633 0.259933 2.507458 -20.944294 3.864678 6.146326 -0.003343 -5.076461 -4.915760 0.926414 4.083717 13.170363 21.332015 27.884927 0.000000 0.000000 0.000000 -10.512482 1.767445 -21.655417 1.273093 0.835412 14.437751 7.704913 2.260651 19.030317 0.000000 0.000000 0.000000 18.745662 -4.106603 29.571037 -2.086029 0.493732 -17.582453 3.512478 -3.553455 20.562288 18.795806 -15.886127 -4.153145 0.000000 0.000000 0.000000 1.323648 -20.632144 7.472478 -34.471425 -12.975459 -1.567965 -58.649395 -66.609243 48.775944 0.000000 0.000000 0.000000 22.505833 19.400026 4.705901 39.034724 42.180611 8.822606 38.924623 41.188851 14.226443 0.000000 0.000000 0.000000 
0.000932 0.943683 0.260380 2.402974 -20.856444 3.784147 6.365991 0.011005 -5.317512 -5.096736 0.993251 4.752470 13.104196 21.268534 27.836927 0.000000 0.000000 0.000000 -10.445050 1.769565 -21.699011 1.388348 0.842613 14.770627 7.613017 2.028113 19.171467 0.000000 0.000000 0.000000 18.844277 -4.150511 29.755885 -2.087105 0.499192 -17.653375 3.360689 -3.391510 20.373675 19.018949 -16.125534 -3.806177 0.000000 0.000000 0.000000 1.198104 -20.691097 7.519416 -34.442583 -12.903909 -1.595440 -58.480077 -66.134994 48.163910 0.000000 0.000000 0.000000 22.965383 19.161753 4.621551 38.701866 41.734099 8.632004 39.008072 41.760121 14.524175 0.000000 0.000000 0.000000 
0.001063 0.943569 0.260461 2.362330 -20.659148 3.588882 6.497456 0.019877 -5.467880 -4.885628 0.977252 5.445796 12.245204 20.239946 27.582647 0.000000 0.000000 0.000000 -10.359031 1.751940 -21.582903 1.427951 0.831864 14.785239 7.422289 1.357004 19.737945 0.000000 0.000000 0.000000 18.905250 -4.198928 29.989312 -1.932146 0.458404 -17.669751 3.160180 -3.424732 20.226710 19.070363 -16.262924 -3.429444 0.000000 0.000000 0.000000 1.088744 -20.823424 7.588454 -34.604812 -12.824685 -1.621445 -58.522691 -66.085607 48.118928 0.000000 0.000000 0.000000 23.524834 19.318960 4.719389 38.440445 41.663793 8.594918 38.058618 41.502511 14.092597 0.000000 0.000000 0.000000 
0.001263 0.944050 0.260293 2.421212 -20.505357 3.552009 6.472405 0.010005 -5.708850 -4.515458 0.915774 5.924194 11.181020 18.914995 27.496709 0.000000 0.000000 0.000000 -10.168346 1.762856 -21.634487 1.284036 0.858420 14.804692 6.878261 0.199242 20.099302 0.000000 0.000000 0.000000 18.867916 -4.222967 30.177574 -1.954576 0.471844 -17.582022 3.070359 -3.499476 19.926659 18.886396 -16.030889 -3.573741 0.000000 0.000000 0.000000 1.515466 -20.835282 7.470890 -34.895040 -13.156780 -1.481868 -58.511721 -66.296227 48.336227 0.000000 0.000000 0.000000 23.449319 19.155642 4.616616 39.658813 41.700682 9.001659 36.870773 41.230444 13.528012 0.000000 0.000000 0.000000 
0.001517 0.944447 0.260044 2.462585 -20.212914 3.367907 6.504750 0.006023 -5.926854 -4.201790 0.868799 6.538830 10.120883 17.613802 27.520139 0.000000 0.000000 0.000000 -10.088139 1.731568 -21.416436 1.332972 0.834492 14.722267 6.301187 -0.899941 20.358489 0.000000 0.000000 0.000000 18.741445 -4.241333 30.382895 -1.752036 0.418565 -17.575225 2.810940 -3.588389 19.653592 18.726770 -15.958784 -3.252048 0.000000 0.000000 0.000000 1.741959 -21.023859 7.465946 -35.045003 -13.357896 -1.399477 -58.623184 -66.445838 48.540253 0.000000 0.000000 0.000000 23.735307 19.302117 4.714543 40.486645 41.848297 9.351816 35.583143 40.377770 12.758083 0.000000 0.000000 0.000000 
0.001876 0.945365 0.259893 2.428205 -20.106658 3.394362 6.543833 0.007718 -5.933813 -3.955439 0.815156 6.617775 9.278465 16.569115 27.269035 0.000000 0.000000 0.000000 -9.648132 1.762430 -21.408018 0.985315 0.878305 14.485406 5.662276 -2.335014 20.998813 0.000000 0.000000 0.000000 18.697180 -4.261563 30.545411 -1.754945 0.419393 -17.417781 2.744135 -3.424780 19.157848 18.778216 -16.001836 -2.951226 0.000000 0.000000 0.000000 1.976233 -21.103353 7.424324 -34.915481 -13.403416 -1.352009 -60.684936 -66.392339 50.120616 0.000000 0.000000 0.000000 23.741992 19.271080 4.769314 41.264076 42.062438 9.699319 34.848324 39.588416 12.233803 0.000000 0.000000 0.000000 
0.002274 0.945822 0.259920 2.421771 -19.842567 3.589602 6.439838 -0.018093 -6.408550 -3.769561 0.784062 6.971624 9.154973 16.437583 27.324567 0.000000 0.000000 0.000000 -9.402256 1.781183 -21.488475 0.923796 0.867889 14.306768 4.734486 -3.891721 21.122725 0.000000 0.000000 0.000000 18.453486 -4.226012 30.293862 -1.212402 0.259271 -17.224306 2.456251 -2.796952 18.861882 19.013869 -16.175457 -2.931308 0.000000 0.000000 0.000000 2.150790 -21.329970 7.435548 -34.688195 -13.697527 -1.267621 -63.403518 -66.394634 52.164381 0.000000 0.000000 0.000000 23.875903 19.242978 5.020265 41.448208 42.312908 9.835080 35.023375 38.967825 12.185453 0.000000 0.000000 0.000000 
0.002599 0.946297 0.260286 2.351106 -19.644905 3.728532 6.592893 -0.003852 -6.144219 -3.932657 0.792799 6.433489 8.864417 16.116723 26.749961 0.000000 0.000000 0.000000 -9.229930 1.781899 -21.403811 0.912876 0.844607 14.075376 4.216040 -4.705855 21.115061 0.000000 0.000000 0.000000 18.423642 -4.233498 30.087977 -1.171536 0.243935 -17.126912 2.628923 -2.607937 18.332580 18.917545 -16.259242 -2.127446 0.000000 0.000000 0.000000 2.189474 -21.315878 7.420496 -34.540580 -13.149637 -1.394773 -66.360454 -65.702390 53.945026 0.000000 0.000000 0.000000 24.188493 19.161903 5.052063 41.314166 42.176401 9.797425 35.887669 38.321292 12.276828 0.000000 0.000000 0.000000 
0.002664 0.946692 0.260949 2.265418 -19.467157 3.842652 6.577086 -0.010839 -6.168066 -3.876569 0.772665 6.329687 9.002791 16.322203 26.695087 0.000000 0.000000 0.000000 -8.958352 1.784407 -21.258398 0.804558 0.844151 13.885953 3.663599 -5.479481 20.905123 0.000000 0.000000 0.000000 18.217055 -4.188122 29.781982 -0.808160 0.129310 -16.517584 2.584530 -2.169635 17.816213 18.611180 -16.103028 -1.564495 0.000000 0.000000 0.000000 2.378445 -21.371927 7.379262 -34.125203 -12.612079 -1.509157 -70.831859 -65.213550 57.119687 0.000000 0.000000 0.000000 24.317656 19.022674 5.154760 40.838179 41.959707 9.597671 37.029870 38.435358 12.774013 0.000000 0.000000 0.000000 
0.002422 0.946686 0.261841 2.233429 -19.231761 4.042234 6.483877 -0.027359 -6.196686 -3.865344 0.749773 5.929826 9.496773 16.975975 26.893846 0.000000 0.000000 0.000000 -8.891597 1.779402 -21.227787 0.993966 0.805361 13.909489 2.976425 -6.233781 20.208276 0.000000 0.000000 0.000000 18.151886 -4.179929 29.447202 -0.921508 0.165464 -16.269635 2.904292 -1.988559 17.417807 18.427649 -16.086357 -0.872099 0.000000 0.000000 0.000000 2.280956 -21.249470 7.366918 -33.403903 -11.827862 -1.702764 -74.594205 -64.276648 59.385722 0.000000 0.000000 0.000000 23.797749 18.796139 5.129857 41.111580 41.957629 9.649340 37.904932 38.100483 12.963478 0.000000 0.000000 0.000000 
0.001879 0.946771 0.262881 2.181808 -18.822390 4.217127 6.562345 -0.031196 -6.260968 -3.891507 0.737998 5.677845 9.492602 17.028722 26.947645 0.000000 0.000000 0.000000 -8.707276 1.775947 -21.195515 1.095906 0.780252 13.943188 2.118574 -7.403179 19.872966 0.000000 0.000000 0.000000 18.210770 -4.211930 29.077094 -0.800061 0.135725 -16.130793 2.965559 -1.723181 17.063186 18.494779 -16.267824 -0.373829 0.000000 0.000000 0.000000 2.092757 -20.968379 7.309868 -32.534756 -10.995823 -1.895310 -78.201759 -63.141134 61.246824 0.000000 0.000000 0.000000 24.288195 18.727642 5.232470 40.446119 41.561355 9.345170 38.756521 37.658347 13.142887 0.000000 0.000000 0.000000 
0.001189 0.946677 0.263902 2.148083 -18.335244 4.467289 6.769880 -0.029318 -6.503160 -4.049084 0.760156 5.637169 9.196737 16.734769 26.745146 0.000000 0.000000 0.000000 -8.708257 1.763034 -21.274330 1.316139 0.733739 14.026124 1.511723 -8.183137 19.626013 0.000000 0.000000 0.000000 18.093716 -4.221983 28.733871 -0.480651 0.046125 -15.896184 3.059768 -1.230419 16.711438 18.451646 -16.312702 0.061196 0.000000 0.000000 0.000000 2.744704 -20.688575 7.032808 -32.242700 -10.265649 -2.035276 -80.286154 -61.885317 61.690653 0.000000 0.000000 0.000000 24.301779 18.525702 5.363596 40.148659 41.265925 9.144076 39.283445 37.392980 13.304451 0.000000 0.000000 0.000000 
0.000566 0.946806 0.264888 2.106338 -18.014180 4.715070 6.941044 -0.025903 -6.705798 -4.013293 0.741144 5.487966 8.746269 16.201611 26.991888 0.000000 0.000000 0.000000 -8.588164 1.770979 -21.368124 1.453298 0.703661 14.068903 0.838442 -9.121166 19.410056 0.000000 0.000000 0.000000 17.998523 -4.222653 28.478478 -0.546809 0.074037 -15.752857 3.271287 -1.080565 16.327179 18.352843 -16.313196 0.586051 0.000000 0.000000 0.000000 3.142864 -20.291949 6.804139 -31.668908 -9.510275 -2.163370 -82.325180 -60.830493 62.382552 0.000000 0.000000 0.000000 24.226776 18.383139 5.360961 40.338580 40.789687 9.056398 39.921566 36.830441 13.306608 0.000000 0.000000 0.000000 
0.000063 0.946756 0.265803 2.113152 -17.813495 4.894212 7.036033 -0.024485 -6.803082 -4.067092 0.741335 5.280469 8.578728 16.014107 27.212094 0.000000 0.000000 0.000000 -8.360121 1.772495 -21.223188 1.318695 0.709520 13.878583 0.256040 -9.793187 18.761179 0.000000 0.000000 0.000000 17.808200 -4.198829 28.337413 -0.432911 0.042158 -15.764755 3.317762 -0.824141 16.028806 17.769045 -16.025078 1.509842 0.000000 0.000000 0.000000 3.373785 -20.013845 6.655900 -31.236348 -8.889372 -2.277407 -83.165588 -59.755233 61.950628 0.000000 0.000000 0.000000 24.491064 18.509608 5.537245 40.124104 40.233814 8.838017 40.243438 36.169685 13.170251 0.000000 0.000000 0.000000 
-0.000234 0.946681 0.266610 2.189466 -17.674697 4.934540 7.093253 -0.023462 -6.843361 -4.038656 0.730192 5.197841 8.071644 15.396803 27.509211 0.000000 0.000000 0.000000 -8.360209 1.762903 -21.183376 1.276730 0.696504 13.662064 -0.049282 -10.375892 19.086578 0.000000 0.000000 0.000000 17.666701 -4.184568 28.333380 -0.422525 0.040027 -15.551562 3.302838 -0.619997 15.887798 17.827711 -16.117936 1.719562 0.000000 0.000000 0.000000 3.810163 -19.852446 6.496746 -30.932540 -8.830799 -2.261477 -82.895353 -59.722278 61.592821 0.000000 0.000000 0.000000 24.757635 18.632897 5.705686 39.889938 39.977788 8.700507 40.536396 36.046768 13.252816 0.000000 0.000000 0.000000 
-0.000369 0.946740 0.267212 2.334272 -17.436548 4.936162 7.010655 -0.038224 -6.887763 -4.109852 0.727672 4.825967 8.197151 15.594114 28.571697 0.000000 0.000000 0.000000 -8.331427 1.733668 -20.963367 1.166513 0.699910 13.517367 -0.536960 -10.951198 18.613653 0.000000 0.000000 0.000000 17.707338 -4.236193 28.504754 -0.484171 0.068390 -15.527556 3.317907 -0.561497 15.759762 17.651250 -16.053729 2.102427 0.000000 0.000000 0.000000 4.185750 -19.675928 6.351740 -30.411408 -8.810393 -2.229234 -82.915188 -59.840104 61.658884 0.000000 0.000000 0.000000 24.597204 18.647689 5.783756 39.569483 39.783742 8.535442 41.243931 36.305904 13.615523 0.000000 0.000000 0.000000 
-0.000338 0.946895 0.267581 2.427555 -17.478192 5.087169 6.918665 -0.049432 -6.934566 -3.906768 0.677693 4.488588 7.791720 15.088264 29.136372 0.000000 0.000000 0.000000 -8.260143 1.754461 -21.070264 0.971268 0.723998 13.352376 -0.755014 -11.339101 18.689934 0.000000 0.000000 0.000000 17.557420 -4.234349 28.787129 -0.423507 0.053978 -15.706160 3.358227 -0.286080 15.792641 17.656979 -16.194784 2.584053 0.000000 0.000000 0.000000 4.891602 -19.271208 6.062053 -29.948074 -8.804159 -2.197630 -83.965563 -59.756151 62.474579 0.000000 0.000000 0.000000 24.482926 18.735662 5.931835 39.285621 39.622711 8.376146 42.143756 36.323293 13.961615 0.000000 0.000000 0.000000 
-0.000277 0.947156 0.267747 2.404948 -17.271405 5.319166 7.044399 -0.048721 -7.242421 -3.928344 0.674537 4.353863 7.530740 14.815623 29.795821 0.000000 0.000000 0.000000 -8.177359 1.762223 -21.139217 0.997695 0.716379 13.373523 -1.104397 -11.712515 18.232429 0.000000 0.000000 0.000000 17.508885 -4.276062 28.959796 -0.229976 0.005599 -15.908990 3.452451 -0.004333 15.803606 17.624105 -16.285877 2.992388 0.000000 0.000000 0.000000 5.608007 -19.045508 5.838379 -29.451308 -8.879938 -2.147002 -85.300859 -60.073552 63.902798 0.000000 0.000000 0.000000 24.674503 18.816935 6.121397 38.333797 39.433340 8.029051 43.252485 36.367224 14.419236 0.000000 0.000000 0.000000 
-0.000183 0.947609 0.267836 2.466360 -17.229800 5.627329 6.980261 -0.064057 -7.510747 -3.927803 0.670001 4.230146 7.425044 14.686689 29.794623 0.000000 0.000000 0.000000 -8.177622 1.802840 -21.547713 0.964711 0.729910 13.475635 -1.349058 -12.160750 18.430352 0.000000 0.000000 0.000000 17.436507 -4.322420 29.369090 -0.200559 0.010004 -16.447577 3.592589 0.270462 16.090657 17.546818 -16.268464 3.040762 0.000000 0.000000 0.000000 6.368523 -18.980021 5.659409 -28.903365 -9.095955 -2.081950 -85.817868 -60.755984 65.007484 0.000000 0.000000 0.000000 24.421336 19.060962 6.388676 37.895705 39.541093 7.875097 44.009875 36.392192 14.751210 0.000000 0.000000 0.000000 
-0.000126 0.948013 0.268160 2.449889 -17.159263 5.774140 6.934673 -0.074043 -7.674571 -3.914337 0.664243 4.162268 7.643184 14.964660 30.125974 0.000000 0.000000 0.000000 -8.049838 1.813914 -21.551877 0.977026 0.719081 13.390196 -1.733187 -12.694782 18.228665 0.000000 0.000000 0.000000 17.254706 -4.325163 29.647561 -0.067975 -0.021978 -16.654845 3.754042 0.306847 16.161878 17.180355 -16.001209 3.259176 0.000000 0.000000 0.000000 6.865083 -18.788562 5.500370 -28.597180 -9.206232 -2.038361 -86.580142 -61.539478 66.515142 0.000000 0.000000 0.000000 24.427956 19.309750 6.570713 36.907441 39.497637 7.570456 45.372247 36.509998 15.293926 0.000000 0.000000 0.000000 
-0.000190 0.948254 0.268872 2.404850 -17.015648 5.948913 6.975603 -0.076289 -7.694918 -4.079326 0.685781 3.893386 7.989039 15.400962 30.152679 0.000000 0.000000 0.000000 -8.007419 1.797769 -21.380674 0.899431 0.694764 12.951825 -1.713229 -12.638579 18.210549 0.000000 0.000000 0.000000 17.416903 -4.414550 29.897330 -0.335433 0.073258 -17.160030 4.030298 -0.033353 16.332027 16.696795 -15.438884 2.837946 0.000000 0.000000 0.000000 7.319486 -18.616005 5.351152 -28.443790 -9.308458 -1.999379 -87.581146 -62.014474 68.120108 0.000000 0.000000 0.000000 23.681450 19.555244 6.601293 36.941815 39.324229 7.499251 46.369990 36.505875 15.578213 0.000000 0.000000 0.000000 
-0.000295 0.948328 0.269905 2.432640 -17.029406 5.856808 6.693407 -0.098721 -7.438327 -3.849315 0.635512 3.609566 8.507919 16.015066 30.460562 0.000000 0.000000 0.000000 -7.888132 1.780593 -21.079505 0.814376 0.692783 12.724966 -1.983273 -13.016333 18.034998 0.000000 0.000000 0.000000 17.229555 -4.374107 30.010444 -0.154558 0.020166 -17.174481 3.911786 -0.135505 16.363158 16.098060 -14.895275 2.842684 0.000000 0.000000 0.000000 7.703118 -18.661420 5.278423 -28.522671 -9.162043 -2.020986 -87.858393 -62.665313 69.124332 0.000000 0.000000 0.000000 23.088948 19.760839 6.685345 37.188504 39.127676 7.482522 47.145907 36.670799 15.903140 0.000000 0.000000 0.000000 
-0.000462 0.948090 0.271065 2.500648 -16.900488 5.749827 6.469637 -0.118720 -7.260651 -3.875782 0.636558 3.516024 9.148671 16.799649 30.374730 0.000000 0.000000 0.000000 -7.834948 1.738461 -20.656247 0.663466 0.692078 12.408082 -2.164921 -13.182562 17.692330 0.000000 0.000000 0.000000 17.389339 -4.418403 29.977404 -0.486510 0.119228 -17.082381 3.930709 -0.433523 16.253310 15.610497 -14.412290 2.765977 0.000000 0.000000 0.000000 7.594445 -18.598835 5.279520 -28.375170 -9.098456 -2.018374 -89.661072 -62.856320 71.131222 0.000000 0.000000 0.000000 22.622599 19.669897 6.538126 37.567310 38.750682 7.476214 47.457559 36.759055 15.991505 0.000000 0.000000 0.000000 
-0.000610 0.947950 0.272094 2.638575 -17.028616 5.749305 6.224645 -0.134631 -7.007408 -3.803991 0.621691 3.370428 9.145252 16.782520 29.693802 0.000000 0.000000 0.000000 -7.766965 1.715775 -20.279351 0.464272 0.689269 11.906754 -2.362956 -13.352185 17.109208 0.000000 0.000000 0.000000 17.136670 -4.317599 29.739005 -0.456313 0.104429 -16.942069 3.861258 -0.502207 16.328975 15.046417 -13.895062 2.724776 0.000000 0.000000 0.000000 7.389958 -18.947904 5.424706 -28.834284 -8.673693 -2.132199 -92.588815 -63.031941 74.272209 0.000000 0.000000 0.000000 22.414385 19.914501 6.622848 37.898939 38.265307 7.415646 47.523190 36.683824 15.942827 0.000000 0.000000 0.000000 
-0.000790 0.947825 0.272841 2.726435 -16.888808 5.800517 6.038455 -0.155765 -7.047961 -3.673327 0.594342 3.301578 9.232362 16.907031 29.736308 0.000000 0.000000 0.000000 -7.780657 1.698396 -20.160634 0.386392 0.683479 11.697998 -2.576454 -13.647652 17.024419 0.000000 0.000000 0.000000 16.996493 -4.274717 29.453780 -0.541842 0.127878 -16.655917 3.914955 -0.579446 16.187728 14.578617 -13.447357 2.656451 0.000000 0.000000 0.000000 6.730471 -19.124102 5.628965 -28.842464 -8.480588 -2.184516 -94.850121 -62.607913 76.046858 0.000000 0.000000 0.000000 22.146964 20.057831 6.691663 38.083451 37.831739 7.331098 47.594451 36.611861 15.917047 0.000000 0.000000 0.000000 
-0.000976 0.947726 0.273262 2.861889 -16.960432 5.976833 5.794655 -0.178544 -7.022043 -3.618212 0.583507 3.221298 9.235245 16.912362 28.791987 0.000000 0.000000 0.000000 -7.665236 1.713094 -20.157114 0.122950 0.691090 11.220325 -2.912190 -14.222317 17.104564 0.000000 0.000000 0.000000 16.688203 -4.182910 29.268729 -0.792750 0.206311 -16.811636 4.010771 -0.748128 16.684097 14.058833 -12.913921 2.170894 0.000000 0.000000 0.000000 6.648632 -19.062073 5.622244 -29.086679 -8.280748 -2.252952 -96.467480 -62.858439 78.113531 0.000000 0.000000 0.000000 21.491992 20.361576 6.786258 38.250889 37.773316 7.290796 47.664922 36.836081 16.018957 0.000000 0.000000 0.000000 
-0.001134 0.947799 0.273366 2.868348 -16.889816 6.069626 5.638376 -0.196608 -7.102173 -3.531449 0.569322 3.338671 9.470582 17.222068 28.230601 0.000000 0.000000 0.000000 -7.538823 1.729386 -20.234916 0.054448 0.703003 11.233592 -3.205003 -14.671500 17.084504 0.000000 0.000000 0.000000 16.420941 -4.119119 29.114895 -1.075294 0.286797 -16.479194 4.098556 -0.917368 16.438169 13.580512 -12.467910 2.192635 0.000000 0.000000 0.000000 6.165083 -19.129109 5.760834 -28.917407 -8.025834 -2.301882 -97.019236 -62.469801 78.276799 0.000000 0.000000 0.000000 21.295722 20.453809 6.783747 38.356718 37.330796 7.199955 48.451992 37.020778 16.350093 0.000000 0.000000 0.000000 
-0.001203 0.947723 0.273313 2.936304 -16.868412 6.290676 5.562065 -0.211054 -7.273155 -3.566451 0.574552 3.308451 9.455644 17.214716 27.791868 0.000000 0.000000 0.000000 -7.406183 1.771772 -20.543610 -0.100779 0.722255 11.147942 -3.661704 -15.487304 17.461184 0.000000 0.000000 0.000000 16.244577 -4.094540 29.162661 -1.126495 0.306812 -16.652028 3.869846 -1.129526 16.726250 13.418441 -12.191835 1.441033 0.000000 0.000000 0.000000 5.872978 -19.207791 5.854044 -28.894407 -7.566228 -2.406570 -97.355725 -63.143585 79.390526 0.000000 0.000000 0.000000 21.298895 20.538698 6.771715 37.962020 37.249123 7.059428 49.303151 37.186032 16.709667 0.000000 0.000000 0.000000 
-0.001125 0.947710 0.273163 2.946802 -16.754829 6.422999 5.489005 -0.227389 -7.531565 -3.516549 0.570551 3.617606 9.414876 17.194571 27.227131 0.000000 0.000000 0.000000 -7.398887 1.794463 -20.809400 -0.089019 0.720413 11.169997 -3.938562 -16.027637 17.998119 0.000000 0.000000 0.000000 16.085979 -4.082896 29.215393 -1.314774 0.363884 -16.563506 3.904695 -1.474351 16.584580 13.219357 -12.071518 1.872829 0.000000 0.000000 0.000000 5.094899 -19.316966 6.080226 -28.614993 -7.215774 -2.482522 -95.768910 -63.580023 78.248856 0.000000 0.000000 0.000000 21.270713 20.714888 6.775587 37.487129 37.037365 6.901104 50.168402 37.189091 16.957707 0.000000 0.000000 0.000000 
-0.000899 0.947747 0.273104 3.022734 -16.641721 6.590120 5.339759 -0.253298 -7.890875 -3.506873 0.573074 3.875973 9.556899 17.388774 27.063641 0.000000 0.000000 0.000000 -7.352993 1.822369 -21.080268 -0.115714 0.733897 11.294664 -4.419928 -16.771371 18.095781 0.000000 0.000000 0.000000 15.811199 -4.036916 29.209174 -1.287452 0.355101 -16.252556 3.665885 -1.602442 16.367727 13.251608 -12.090556 1.968081 0.000000 0.000000 0.000000 4.479745 -19.560274 6.317552 -28.745718 -6.917226 -2.555308 -94.212931 -64.653854 77.746581 0.000000 0.000000 0.000000 21.839266 20.927945 6.876795 36.774502 36.922895 6.747054 50.568955 37.201807 17.104814 0.000000 0.000000 0.000000 
-0.000542 0.947488 0.273180 3.090119 -16.391594 6.609729 5.234530 -0.271401 -8.048977 -3.693783 0.604937 3.897511 10.056205 18.051968 27.141699 0.000000 0.000000 0.000000 -7.482826 1.806189 -21.155265 0.031626 0.721496 11.500531 -4.720902 -17.162232 17.967731 0.000000 0.000000 0.000000 15.645077 -4.045465 29.426053 -1.212959 0.341752 -16.551902 3.466913 -1.819920 16.568872 13.010537 -11.939277 2.175736 0.000000 0.000000 0.000000 3.737784 -19.697790 6.542389 -28.825645 -7.316454 -2.517622 -91.662408 -65.656469 76.210783 0.000000 0.000000 0.000000 22.380923 21.209543 7.034376 35.781367 36.728122 6.455787 50.768955 37.284120 17.236721 0.000000 0.000000 0.000000 
-0.000104 0.947330 0.273412 3.086856 -16.275592 6.671342 5.112023 -0.291720 -8.299272 -3.852414 0.640685 4.201069 10.711082 18.901598 26.919173 0.000000 0.000000 0.000000 -7.674195 1.803109 -21.365792 0.306269 0.691851 11.756345 -4.839501 -17.353507 18.122410 0.000000 0.000000 0.000000 15.608700 -4.070399 29.611447 -1.412445 0.402365 -16.339139 3.402893 -1.844438 16.447042 13.020630 -11.883781 1.903303 0.000000 0.000000 0.000000 3.308284 -20.072086 6.779537 -29.344475 -8.016717 -2.406888 -88.736547 -67.121825 74.806242 0.000000 0.000000 0.000000 22.485058 21.324512 7.123124 35.485723 36.648211 6.374319 50.577092 37.574012 17.336856 0.000000 0.000000 0.000000 
0.000316 0.947120 0.273888 3.135734 -15.970118 6.628378 5.043568 -0.307164 -8.447525 -4.108838 0.687839 4.322069 11.271479 19.640736 27.082713 0.000000 0.000000 0.000000 -7.760072 1.768149 -21.243084 0.427721 0.674527 11.875941 -5.163423 -17.738016 17.837038 0.000000 0.000000 0.000000 15.516163 -4.091370 29.735857 -1.276469 0.368715 -16.232437 3.146227 -2.031407 16.332823 12.597854 -11.465836 1.687636 0.000000 0.000000 0.000000 2.470662 -20.295729 7.067073 -29.792027 -8.800827 -2.284169 -85.876846 -68.373983 73.269041 0.000000 0.000000 0.000000 22.726242 21.351315 7.145406 35.233471 36.409822 6.268255 50.459274 37.845459 17.446004 0.000000 0.000000 0.000000 
0.000681 0.946934 0.274579 3.095310 -15.740473 6.551706 5.184149 -0.294803 -8.352523 -4.424381 0.747420 4.418232 11.303310 19.758344 26.577692 0.000000 0.000000 0.000000 -7.828010 1.746203 -21.204494 0.757312 0.625103 12.050829 -5.648393 -18.453468 17.987098 0.000000 0.000000 0.000000 15.506135 -4.116017 29.778810 -1.157700 0.336863 -16.154433 2.956781 -2.153854 16.205999 12.746931 -11.538005 1.397274 0.000000 0.000000 0.000000 1.294017 -20.787845 7.539538 -29.969077 -9.503202 -2.180926 -82.939348 -69.384198 71.370669 0.000000 0.000000 0.000000 22.770711 21.217907 7.079746 35.442584 36.115595 6.245477 50.506734 37.795146 17.439775 0.000000 0.000000 0.000000 
0.000953 0.946505 0.275503 3.046028 -15.577217 6.604118 5.145256 -0.304662 -8.481812 -4.450249 0.749874 4.424987 11.783773 20.353601 26.920015 0.000000 0.000000 0.000000 -7.819629 1.727485 -21.062768 0.918594 0.582984 11.912806 -5.987350 -18.905193 17.801900 0.000000 0.000000 0.000000 15.500200 -4.133308 29.741988 -1.276685 0.374553 -16.103456 2.862137 -2.270732 16.109393 12.472670 -11.167145 0.730240 0.000000 0.000000 0.000000 0.736941 -20.875680 7.719618 -30.356632 -9.920277 -2.113330 -81.779013 -69.556379 70.438015 0.000000 0.000000 0.000000 22.535418 21.012402 6.942744 36.177913 36.233991 6.455756 50.452216 37.603094 17.300905 0.000000 0.000000 0.000000 
0.001236 0.946528 0.276545 2.916097 -15.725571 6.437545 5.079738 -0.293577 -8.030816 -4.256323 0.712954 4.336349 11.820609 20.428357 26.397094 0.000000 0.000000 0.000000 -7.600458 1.725561 -20.752002 1.019475 0.562918 11.835238 -6.289961 -19.334828 17.595047 0.000000 0.000000 0.000000 15.388129 -4.110003 30.080356 -1.404041 0.415768 -16.572848 2.665460 -2.271873 16.925722 12.831678 -11.379363 -0.294799 0.000000 0.000000 0.000000 -0.001452 -21.049199 7.966844 -30.319576 -10.342333 -2.104562 -79.515808 -69.614406 68.360485 0.000000 0.000000 0.000000 22.586711 20.933063 6.901177 36.606988 36.373119 6.529960 50.059384 37.378139 17.057638 0.000000 0.000000 0.000000 
0.001588 0.946607 0.277669 2.914475 -15.843554 6.434308 4.921792 -0.302621 -7.914467 -4.134162 0.688654 4.231487 12.061079 20.699528 26.573943 0.000000 0.000000 0.000000 -7.625726 1.722819 -20.686901 1.082073 0.546275 11.726694 -6.389971 -19.511820 17.705062 0.000000 0.000000 0.000000 15.377716 -4.108593 30.227766 -1.748554 0.516122 -16.666118 2.595692 -2.268074 17.339905 13.032101 -11.354516 -1.605671 0.000000 0.000000 0.000000 -0.919205 -21.336768 8.318856 -30.204290 -10.742989 -2.073262 -77.315537 -69.478536 66.121818 0.000000 0.000000 0.000000 22.744623 20.578144 6.694095 37.127370 36.204205 6.576144 49.265019 37.683202 16.944957 0.000000 0.000000 0.000000 
0.002041 0.946809 0.278820 2.877479 -15.948102 6.658299 4.671733 -0.322056 -7.845691 -3.907568 0.640893 3.974786 12.305854 21.022909 26.199686 0.000000 0.000000 0.000000 -7.715096 1.738209 -20.841297 1.335640 0.501266 11.679930 -6.535574 -19.744303 17.689200 0.000000 0.000000 0.000000 15.178327 -4.042785 30.108475 -1.482223 0.434295 -16.776654 1.995315 -1.919908 17.848723 13.476786 -11.477899 -3.107077 0.000000 0.000000 0.000000 -1.383297 -21.753361 8.582087 -30.581229 -11.105715 -2.040190 -75.406306 -68.879562 63.681767 0.000000 0.000000 0.000000 23.008833 20.531284 6.792133 37.165096 36.536190 6.624342 47.651004 37.892096 16.566823 0.000000 0.000000 0.000000 
0.002455 0.946906 0.279926 2.864135 -16.223666 6.549385 4.453035 -0.322198 -7.430721 -3.815436 0.616608 3.510202 12.933231 21.735033 26.641857 0.000000 0.000000 0.000000 -7.826965 1.735246 -20.799244 1.428341 0.493854 11.732727 -6.320084 -19.476596 17.839924 0.000000 0.000000 0.000000 15.016928 -3.999504 30.503952 -1.731380 0.502348 -16.664879 1.764590 -1.999053 18.005097 13.352214 -11.234274 -3.886650 0.000000 0.000000 0.000000 -1.885028 -21.897961 8.784150 -31.249366 -11.063117 -2.085458 -72.109540 -67.201414 59.199078 0.000000 0.000000 0.000000 22.217866 20.025546 6.432250 38.635453 36.901478 7.052637 45.533202 38.109004 15.861536 0.000000 0.000000 0.000000 
0.002780 0.947086 0.280896 2.777255 -16.417935 6.617712 4.157883 -0.347004 -7.520251 -3.563555 0.578568 3.744107 13.643370 22.596112 26.615591 0.000000 0.000000 0.000000 -7.209514 1.830371 -21.085744 1.116816 0.572365 12.000470 -7.359588 -21.084170 18.217956 0.000000 0.000000 0.000000 14.790460 -3.924449 30.523796 -2.105569 0.606672 -16.737160 1.758252 -1.971422 18.063546 14.169263 -11.687097 -4.861352 0.000000 0.000000 0.000000 -2.896112 -22.132133 9.166039 -31.473759 -10.713872 -2.209951 -72.063673 -64.936922 57.011790 0.000000 0.000000 0.000000 22.100420 19.729096 6.235762 39.679523 37.002636 7.330586 42.806262 38.067441 14.867327 0.000000 0.000000 0.000000 
0.003005 0.946848 0.281636 2.783707 -16.068048 6.205882 4.584592 -0.303978 -7.241855 -4.351017 0.725050 3.930153 13.627021 22.646735 26.563004 0.000000 0.000000 0.000000 -7.475210 1.738961 -20.611805 1.540462 0.498081 12.105542 -7.549040 -21.292563 18.269944 0.000000 0.000000 0.000000 14.543875 -3.901934 30.757175 -1.784304 0.519413 -16.271868 1.155249 -2.111153 17.990473 14.645005 -11.851234 -5.899877 0.000000 0.000000 0.000000 -2.926979 -22.545619 9.311994 -32.473132 -10.687935 -2.228920 -71.991896 -63.769901 55.856866 0.000000 0.000000 0.000000 21.755144 19.068859 5.912357 41.439142 37.560590 7.931113 39.917839 37.553336 13.659957 0.000000 0.000000 0.000000 
0.003039 0.946100 0.282062 2.621608 -17.549623 6.057067 4.505155 -0.298550 -7.646387 -4.206646 0.753025 4.876726 15.295692 24.162427 28.830932 0.000000 0.000000 0.000000 -7.025864 1.857676 -20.752831 1.434348 0.553252 12.182811 -7.298619 -21.049333 17.698023 0.000000 0.000000 0.000000 13.518054 -3.533494 31.830972 -2.340813 0.645115 -17.435429 1.419176 -2.246336 19.293529 14.401420 -11.762947 -6.397708 0.000000 0.000000 0.000000 -4.099209 -22.543512 9.739652 -31.942781 -10.438531 -2.436079 -74.384391 -63.030065 57.427926 0.000000 0.000000 0.000000 22.105565 19.743915 6.022737 40.812844 36.982636 7.528911 36.756443 40.493761 13.627384 0.000000 0.000000 0.000000 
0.002955 0.946260 0.282240 2.762990 -16.745810 6.267955 4.306508 -0.367890 -8.739988 -4.338972 0.775995 5.250198 16.793646 25.624780 31.235083 0.000000 0.000000 0.000000 -7.544302 1.835784 -21.393484 2.584722 0.394985 13.118496 -8.676364 -22.964377 18.014519 0.000000 0.000000 0.000000 12.683577 -3.437815 32.068981 0.115989 -0.054915 -17.421549 0.089968 -1.776072 18.325881 14.198122 -10.817135 -9.510507 0.000000 0.000000 0.000000 -3.886219 -18.472324 7.907908 -34.417643 -12.096348 -2.056196 -72.627899 -59.576079 52.999484 0.000000 0.000000 0.000000 21.555441 18.248593 5.550899 41.578940 38.264487 8.101350 36.771591 40.235920 13.698142 0.000000 0.000000 0.000000 
0.002451 0.946112 0.281959 2.036682 -18.096782 6.624332 4.686748 -0.296618 -8.552910 -4.091107 0.742123 4.950860 18.228681 26.937043 31.951869 0.000000 0.000000 0.000000 -6.470449 1.920568 -20.567716 1.622013 0.508230 11.835934 -6.495307 -19.599306 15.563056 0.000000 0.000000 0.000000 12.262667 -3.205576 32.761960 -2.561089 0.683849 -18.476290 2.529135 -3.456516 18.590875 10.468437 -8.641220 -7.268513 0.000000 0.000000 0.000000 -5.650247 -18.423315 8.627118 -33.293587 -12.617747 -1.978664 -70.061128 -60.386647 52.092539 0.000000 0.000000 0.000000 22.403148 21.043447 6.156003 37.935852 37.272545 7.125672 35.606489 39.608277 12.583389 0.000000 0.000000 0.000000 
