HIERARCHY
ROOT Hips
{
	OFFSET -0.001795 -0.223333 0.028219
	CHANNELS 6 Xposition Yposition Zposition Zrotation Yrotation Xrotation 
	JOINT LeftUpLeg
	{
		OFFSET 0.069520 -0.091406 -0.006815
		CHANNELS 3 Zrotation Yrotation Xrotation
		JOINT LeftLeg
		{
			OFFSET 0.034277 -0.375199 -0.004496
			CHANNELS 3 Zrotation Yrotation Xrotation
			JOINT LeftFoot
			{
				OFFSET -0.013596 -0.397961 -0.043693
				CHANNELS 3 Zrotation Yrotation Xrotation
				JOINT LeftToe
				{
					OFFSET 0.026358 -0.055791 0.119288
					CHANNELS 3 Zrotation Yrotation Xrotation
					End Site
					{
						OFFSET 0.000000 0.000000 0.000000
					}
				}
			}
		}
	}
	JOINT RightUpLeg
	{
		OFFSET -0.067670 -0.090522 -0.004320
		CHANNELS 3 Zrotation Yrotation Xrotation
		JOINT RightLeg
		{
			OFFSET -0.038290 -0.382569 -0.008850
			CHANNELS 3 Zrotation Yrotation Xrotation
			JOINT RightFoot
			{
				OFFSET 0.015774 -0.398415 -0.042312
				CHANNELS 3 Zrotation Yrotation Xrotation
				JOINT RightToe
				{
					OFFSET -0.025372 -0.048144 0.123348
					CHANNELS 3 Zrotation Yrotation Xrotation
					End Site
					{
						OFFSET 0.000000 0.000000 0.000000
					}
				}
			}
		}
	}
	JOINT Spine
	{
		OFFSET -0.002533 0.108963 -0.026696
		CHANNELS 3 Zrotation Yrotation Xrotation
		JOINT Spine1
		{
			OFFSET 0.005487 0.135180 0.001092
			CHANNELS 3 Zrotation Yrotation Xrotation
			JOINT Spine2
			{
				OFFSET 0.001457 0.052922 0.025425
				CHANNELS 3 Zrotation Yrotation Xrotation
				JOINT Neck
				{
					OFFSET -0.002778 0.213870 -0.042857
					CHANNELS 3 Zrotation Yrotation Xrotation
					JOINT Head
					{
						OFFSET 0.005152 0.064970 0.051349
						CHANNELS 3 Zrotation Yrotation Xrotation
						End Site
						{
							OFFSET 0.000000 0.000000 0.000000
						}
					}
				}
				JOINT LeftShoulder
				{
					OFFSET 0.078845 0.121749 -0.034090
					CHANNELS 3 Zrotation Yrotation Xrotation
					JOINT LeftArm
					{
						OFFSET 0.090977 0.030469 -0.008868
						CHANNELS 3 Zrotation Yrotation Xrotation
						JOINT LeftForeArm
						{
							OFFSET 0.259612 -0.012772 -0.027456
							CHANNELS 3 Zrotation Yrotation Xrotation
							JOINT LeftHand
							{
								OFFSET 0.249234 0.008986 -0.001171
								CHANNELS 3 Zrotation Yrotation Xrotation
								End Site
								{
									OFFSET 0.000000 0.000000 0.000000
								}
							}
						}
					}
				}
				JOINT RightShoulder
				{
					OFFSET -0.081759 0.118833 -0.038615
					CHANNELS 3 Zrotation Yrotation Xrotation
					JOINT RightArm
					{
						OFFSET -0.096012 0.032551 -0.009143
						CHANNELS 3 Zrotation Yrotation Xrotation
						JOINT RightForeArm
						{
							OFFSET -0.253742 -0.013329 -0.021401
							CHANNELS 3 Zrotation Yrotation Xrotation
							JOINT RightHand
							{
								OFFSET -0.255298 0.007772 -0.005559
								CHANNELS 3 Zrotation Yrotation Xrotation
								End Site
								{
									OFFSET 0.000000 0.000000 0.000000
								}
							}
						}
					}
				}
			}
		}
	}
}
MOTION
Frames: 196
Frame Time: 0.050000
0.000000 0.953137 0.000000 -0.386352 -5.633562 -0.280483 2.803898 0.564404 7.505543 -2.553354 0.399287 -6.695429 3.637998 9.973856 11.692197 0.000000 0.000000 0.000000 -4.204714 -0.098120 4.413793 4.233398 -0.395847 -4.015213 -1.282268 -7.658362 10.640123 0.000000 0.000000 0.000000 6.277685 -0.344119 3.275549 -5.073949 1.771589 -22.501285 -1.052718 7.267462 28.530490 8.738354 -2.883075 -26.184844 0.000000 0.000000 0.000000 -21.223978 -4.621678 0.447668 -51.940366 -5.007635 -6.331818 -5.799589 -24.077138 2.306988 0.000000 0.000000 0.000000 27.441395 -5.849927 -4.197053 55.676658 5.461415 -5.814589 5.128345 23.418596 2.286230 0.000000 0.000000 0.000000 
-0.000066 0.951777 0.000172 -0.512547 -6.559642 -0.020517 3.192678 0.585768 7.917381 -3.093543 0.453070 -7.541358 3.975375 10.358252 11.033245 0.000000 0.000000 0.000000 -4.176376 -0.040762 3.598883 4.274571 -0.387692 -3.262533 -0.987313 -7.163704 10.548739 0.000000 0.000000 0.000000 6.734148 -0.314389 2.805685 -5.698082 1.924423 -22.101019 -1.119052 7.625371 27.926660 9.162675 -3.093115 -26.452645 0.000000 0.000000 0.000000 -20.503604 -3.759854 0.062725 -52.586956 -4.778877 -6.462392 -5.523913 -24.392949 2.292507 0.000000 0.000000 0.000000 27.005629 -6.662494 -4.818654 56.950823 4.119201 -6.377420 5.345559 25.105764 2.535021 0.000000 0.000000 0.000000 
-0.000108 0.951622 0.000122 -0.407136 -6.688293 0.020047 3.205504 0.544017 7.372403 -3.359446 0.457063 -6.345349 4.102451 10.477352 10.460584 0.000000 0.000000 0.000000 -4.235921 -0.038178 3.681304 3.966091 -0.368887 -3.920307 -0.670295 -6.786417 11.131295 0.000000 0.000000 0.000000 6.708351 -0.272273 2.372952 -5.933316 1.973422 -22.603713 -0.754171 7.065740 28.726931 8.330433 -2.768666 -26.258758 0.000000 0.000000 0.000000 -20.375991 -4.007407 0.439812 -52.752460 -4.923550 -6.553619 -5.067875 -23.529269 2.147277 0.000000 0.000000 0.000000 26.739311 -6.056480 -4.602715 56.513006 3.735898 -6.558969 5.369857 24.608980 2.438466 0.000000 0.000000 0.000000 
-0.000262 0.951721 0.000168 -0.215390 -7.215422 -0.156023 3.008037 0.623507 8.064019 -3.332255 0.466357 -6.912729 4.172739 10.586387 10.641750 0.000000 0.000000 0.000000 -4.768336 0.000451 3.852384 4.642411 -0.398102 -3.900614 -0.716880 -7.042838 11.446368 0.000000 0.000000 0.000000 6.736035 -0.283536 2.535536 -6.110175 2.005630 -22.950009 -0.782911 7.284962 28.913198 8.452152 -2.927763 -25.819775 0.000000 0.000000 0.000000 -20.491654 -3.709943 0.312378 -53.130471 -4.582616 -6.765164 -5.138810 -23.971815 2.224152 0.000000 0.000000 0.000000 27.388163 -6.379718 -4.924998 56.193690 3.396992 -6.717727 5.871482 24.837782 2.573854 0.000000 0.000000 0.000000 
-0.000467 0.952300 0.000128 -0.226458 -7.194384 -0.382387 2.981053 0.627774 8.076846 -3.155803 0.452346 -6.740574 4.092951 10.471723 10.769678 0.000000 0.000000 0.000000 -4.653805 -0.016625 3.967380 4.403113 -0.386537 -3.933580 -0.748508 -7.057895 11.322994 0.000000 0.000000 0.000000 6.449755 -0.295051 2.773058 -5.625633 1.890724 -22.364502 -0.957932 7.109517 28.055292 8.015415 -2.805327 -24.857360 0.000000 0.000000 0.000000 -20.448568 -3.551195 0.228783 -53.376645 -4.350335 -6.808330 -5.438189 -23.723860 2.256597 0.000000 0.000000 0.000000 27.271169 -6.088561 -4.797583 56.115947 3.172918 -6.710710 5.426818 24.315434 2.394217 0.000000 0.000000 0.000000 
-0.000605 0.952681 0.000144 -0.215120 -7.266260 -0.412512 2.987750 0.644343 8.263602 -3.263016 0.463896 -7.037037 4.210680 10.673546 10.817302 0.000000 0.000000 0.000000 -4.766472 -0.014759 4.133241 4.488280 -0.390226 -3.943198 -0.544598 -6.762680 11.544256 0.000000 0.000000 0.000000 6.285937 -0.293447 2.805499 -5.602873 1.876959 -22.787660 -0.782002 7.046479 28.359475 7.703582 -2.676200 -24.628352 0.000000 0.000000 0.000000 -20.399839 -3.464860 0.231147 -53.574572 -4.263741 -6.909992 -5.422549 -23.703599 2.263564 0.000000 0.000000 0.000000 27.201527 -6.174828 -4.880014 55.985395 2.744501 -6.911864 6.072162 24.308384 2.516279 0.000000 0.000000 0.000000 
-0.000706 0.952798 0.000145 -0.251617 -7.204197 -0.529692 3.054039 0.645100 8.330040 -3.246820 0.463620 -7.131977 4.206234 10.729321 11.252236 0.000000 0.000000 0.000000 -4.538173 -0.043278 4.304162 4.207999 -0.377132 -3.899768 -0.393389 -6.412654 11.375643 0.000000 0.000000 0.000000 6.225600 -0.293052 2.841137 -5.488719 1.852871 -22.512796 -0.896361 6.862328 28.129436 7.858178 -2.777486 -24.710381 0.000000 0.000000 0.000000 -20.589545 -3.615093 0.333261 -53.656098 -4.035687 -7.000002 -5.478347 -23.762723 2.284285 0.000000 0.000000 0.000000 27.324807 -5.874802 -4.756996 56.056258 2.517198 -6.989205 6.027321 24.385039 2.505075 0.000000 0.000000 0.000000 
-0.000765 0.952753 0.000159 -0.294914 -7.065713 -0.486599 3.052210 0.643345 8.345177 -3.129174 0.456621 -7.276935 4.310750 10.898925 11.131224 0.000000 0.000000 0.000000 -4.470669 -0.051876 4.330106 4.202018 -0.378499 -3.812317 -0.465146 -6.440041 11.131245 0.000000 0.000000 0.000000 6.163045 -0.286370 2.769878 -5.357706 1.820285 -22.499235 -0.928823 6.863653 28.069432 7.909275 -2.800529 -24.659007 0.000000 0.000000 0.000000 -20.532281 -4.038550 0.545391 -53.909116 -3.977199 -7.045197 -5.741590 -23.736736 2.330512 0.000000 0.000000 0.000000 27.401751 -5.859207 -4.724364 56.180041 2.323178 -7.092852 6.304530 24.329437 2.558551 0.000000 0.000000 0.000000 
-0.000830 0.952757 0.000203 -0.281955 -7.008553 -0.519883 3.023203 0.652754 8.444624 -3.097763 0.455995 -7.401738 4.364792 11.004200 11.202983 0.000000 0.000000 0.000000 -4.444518 -0.059103 4.411750 4.153129 -0.376354 -4.016233 -0.430025 -6.435133 11.312034 0.000000 0.000000 0.000000 6.082476 -0.282812 2.756857 -5.283661 1.801102 -22.548446 -0.887432 6.919286 27.980849 7.948231 -2.813397 -24.609869 0.000000 0.000000 0.000000 -20.488400 -4.187935 0.600979 -54.232938 -4.036160 -7.041225 -6.061059 -23.729067 2.392899 0.000000 0.000000 0.000000 27.591683 -5.852899 -4.714285 56.180965 2.083923 -7.199988 6.421724 24.198466 2.567959 0.000000 0.000000 0.000000 
-0.000923 0.952825 0.000278 -0.298700 -6.970016 -0.559639 2.995236 0.659738 8.511443 -3.012757 0.453420 -7.599295 4.382160 11.031272 11.159115 0.000000 0.000000 0.000000 -4.434293 -0.065545 4.505741 4.159543 -0.377047 -4.111590 -0.434905 -6.450722 11.341781 0.000000 0.000000 0.000000 6.076127 -0.273080 2.660233 -5.244613 1.792941 -22.472804 -0.895446 7.082709 27.826854 8.164218 -2.896066 -24.682560 0.000000 0.000000 0.000000 -20.281302 -4.398316 0.666934 -54.549783 -3.913770 -7.104715 -6.568309 -23.656310 2.479150 0.000000 0.000000 0.000000 27.766957 -5.856991 -4.672534 56.332955 1.781428 -7.352298 6.565084 24.127843 2.596018 0.000000 0.000000 0.000000 
-0.001012 0.952864 0.000358 -0.300517 -6.901089 -0.509720 3.039241 0.656114 8.525561 -3.046669 0.454734 -7.595692 4.285254 10.851229 10.978978 0.000000 0.000000 0.000000 -4.475303 -0.063167 4.513777 4.249780 -0.381674 -4.284829 -0.380082 -6.425670 11.578005 0.000000 0.000000 0.000000 6.106191 -0.269905 2.606227 -5.224809 1.787459 -22.593264 -0.829670 7.140518 27.828020 8.217780 -2.890309 -24.817868 0.000000 0.000000 0.000000 -20.400117 -4.596781 0.740416 -54.506926 -4.063425 -7.022782 -6.868304 -23.732583 2.544777 0.000000 0.000000 0.000000 27.884319 -5.887208 -4.669665 56.351500 1.627661 -7.431394 6.541434 23.917388 2.568595 0.000000 0.000000 0.000000 
-0.001092 0.952982 0.000451 -0.398889 -6.912494 -0.476608 3.087571 0.656892 8.580586 -2.964398 0.451797 -7.725140 4.182345 10.652946 10.792024 0.000000 0.000000 0.000000 -4.486198 -0.069543 4.666966 4.423736 -0.389243 -4.492346 -0.308628 -6.319318 11.656895 0.000000 0.000000 0.000000 6.146753 -0.266992 2.558576 -5.099979 1.753957 -22.626426 -0.704565 7.359320 27.691536 8.500329 -2.980069 -25.070490 0.000000 0.000000 0.000000 -20.345867 -4.719243 0.742376 -54.450545 -4.167128 -6.941063 -7.268223 -23.715315 2.613057 0.000000 0.000000 0.000000 27.901263 -6.102789 -4.742093 56.353233 1.435414 -7.514602 6.787675 23.748491 2.602934 0.000000 0.000000 0.000000 
-0.001172 0.953174 0.000562 -0.481418 -6.968257 -0.450517 3.115040 0.662579 8.665764 -2.897968 0.450595 -7.865004 4.140165 10.582983 10.828603 0.000000 0.000000 0.000000 -4.425725 -0.078994 4.775037 4.431162 -0.387910 -4.779123 -0.203517 -6.224008 11.911721 0.000000 0.000000 0.000000 6.190713 -0.263480 2.506267 -5.093700 1.749059 -22.770645 -0.475737 7.445184 27.742963 8.621877 -3.014001 -25.278914 0.000000 0.000000 0.000000 -20.549997 -4.715604 0.713430 -54.182300 -4.364504 -6.817906 -7.613124 -23.922575 2.706793 0.000000 0.000000 0.000000 28.019996 -6.147249 -4.768357 56.229135 1.343775 -7.551863 6.846178 23.624785 2.599110 0.000000 0.000000 0.000000 
-0.001227 0.953352 0.000659 -0.578032 -7.020058 -0.462908 3.168357 0.664505 8.725757 -2.831297 0.448808 -7.963798 4.111286 10.515574 10.715340 0.000000 0.000000 0.000000 -4.422835 -0.085485 4.912747 4.524557 -0.390323 -4.983305 -0.029089 -5.929448 11.981506 0.000000 0.000000 0.000000 6.228649 -0.259800 2.462812 -4.988174 1.721408 -22.732147 -0.355719 7.571843 27.571193 8.766772 -3.060272 -25.390808 0.000000 0.000000 0.000000 -20.538826 -4.760837 0.702289 -54.051941 -4.479644 -6.726268 -7.910433 -23.989002 2.769474 0.000000 0.000000 0.000000 27.992176 -6.154671 -4.740296 56.083619 1.183435 -7.594895 6.957289 23.774583 2.640801 0.000000 0.000000 0.000000 
-0.001273 0.953613 0.000723 -0.605863 -7.095586 -0.472340 3.112929 0.681928 8.871198 -2.672741 0.444880 -8.197285 3.998644 10.342917 10.878449 0.000000 0.000000 0.000000 -4.495470 -0.087574 5.109596 4.583954 -0.389996 -5.274017 0.048598 -5.897970 12.261056 0.000000 0.000000 0.000000 6.288424 -0.259713 2.454856 -5.013766 1.725204 -22.890678 -0.202005 7.675709 27.628002 8.784567 -3.053322 -25.438818 0.000000 0.000000 0.000000 -20.537970 -4.602693 0.597669 -53.897090 -4.499943 -6.697940 -8.000781 -24.208048 2.812959 0.000000 0.000000 0.000000 27.837530 -6.398690 -4.865632 55.966675 1.008344 -7.660885 7.262279 23.850412 2.712364 0.000000 0.000000 0.000000 
-0.001313 0.953625 0.000708 -0.626619 -7.127845 -0.441954 3.111322 0.682205 8.868924 -2.661533 0.445859 -8.266313 3.930128 10.211945 10.786233 0.000000 0.000000 0.000000 -4.566855 -0.088005 5.269197 4.680926 -0.391347 -5.525898 0.164122 -5.721676 12.356756 0.000000 0.000000 0.000000 6.362262 -0.258977 2.425807 -5.028345 1.728178 -22.932107 -0.156156 7.601665 27.481455 8.714942 -2.988484 -25.642704 0.000000 0.000000 0.000000 -20.562022 -4.397699 0.501001 -53.744522 -4.553923 -6.643097 -7.852488 -24.059095 2.763920 0.000000 0.000000 0.000000 27.525010 -6.489537 -4.928327 55.946674 0.712868 -7.756651 7.508524 24.270439 2.813036 0.000000 0.000000 0.000000 
-0.001338 0.953655 0.000613 -0.644344 -7.108447 -0.461055 3.076742 0.693500 8.978408 -2.589923 0.443982 -8.374635 3.826745 10.042191 10.804395 0.000000 0.000000 0.000000 -4.647596 -0.086609 5.380288 4.688307 -0.390753 -5.675949 0.205097 -5.662974 12.410500 0.000000 0.000000 0.000000 6.433780 -0.263897 2.466877 -4.946659 1.706607 -23.026281 -0.220896 7.562296 27.387557 8.758785 -3.003030 -25.724188 0.000000 0.000000 0.000000 -20.609807 -4.425760 0.516830 -53.601843 -4.459795 -6.658700 -7.451093 -24.012975 2.671367 0.000000 0.000000 0.000000 27.327965 -6.677411 -5.044770 55.806626 0.411619 -7.854208 7.897166 24.639299 2.940056 0.000000 0.000000 0.000000 
-0.001359 0.953571 0.000459 -0.661616 -7.183594 -0.589383 3.067881 0.714495 9.192565 -2.492628 0.440564 -8.424417 3.851721 10.079484 10.787823 0.000000 0.000000 0.000000 -4.813434 -0.081693 5.602638 4.769542 -0.391256 -5.868922 0.297023 -5.534555 12.499910 0.000000 0.000000 0.000000 6.495582 -0.272320 2.573466 -4.942140 1.705955 -22.959792 -0.180448 7.410670 27.274169 8.553449 -2.876937 -25.926058 0.000000 0.000000 0.000000 -20.627358 -4.337430 0.516952 -53.660218 -4.632061 -6.590935 -6.872918 -23.558265 2.503775 0.000000 0.000000 0.000000 27.055351 -6.626235 -5.051426 55.735515 0.338446 -7.845617 7.974352 25.047764 3.000351 0.000000 0.000000 0.000000 
-0.001416 0.953632 0.000267 -0.643690 -7.344718 -0.630733 2.989557 0.737542 9.350503 -2.297275 0.434505 -8.548238 3.789876 9.985288 10.945239 0.000000 0.000000 0.000000 -4.950826 -0.067633 5.634363 4.765305 -0.387797 -5.979902 0.469355 -5.283205 12.618575 0.000000 0.000000 0.000000 6.466489 -0.272952 2.600094 -4.916703 1.695762 -23.020003 -0.215624 7.413890 27.316343 8.560570 -2.872725 -26.102459 0.000000 0.000000 0.000000 -20.409377 -4.207420 0.492437 -53.804054 -4.747107 -6.575902 -6.355363 -23.266657 2.371240 0.000000 0.000000 0.000000 26.949077 -6.632478 -5.080101 55.457369 0.427946 -7.768341 8.086638 25.321822 3.054559 0.000000 0.000000 0.000000 
-0.001512 0.953548 0.000086 -0.614004 -7.535691 -0.684084 2.903105 0.767370 9.567560 -2.187971 0.434805 -8.727470 3.822460 10.027878 10.954024 0.000000 0.000000 0.000000 -5.108873 -0.053873 5.739997 4.891697 -0.387509 -6.126657 0.549219 -5.186019 12.689007 0.000000 0.000000 0.000000 6.415604 -0.277100 2.671597 -4.883090 1.683463 -23.087529 -0.189869 7.476068 27.287398 8.514264 -2.823035 -26.292650 0.000000 0.000000 0.000000 -20.424899 -4.075233 0.434118 -53.833783 -4.683950 -6.609418 -5.780185 -23.027691 2.231963 0.000000 0.000000 0.000000 26.854260 -6.577176 -5.057711 55.092449 0.291472 -7.775832 8.331424 25.820583 3.169702 0.000000 0.000000 0.000000 
-0.001664 0.953446 -0.000076 -0.630434 -7.596237 -0.739925 2.851158 0.791329 9.776826 -2.123063 0.435151 -8.850504 3.903441 10.182377 11.096041 0.000000 0.000000 0.000000 -5.144222 -0.055451 5.876275 4.943721 -0.386045 -6.321061 0.554443 -5.283289 12.944746 0.000000 0.000000 0.000000 6.350570 -0.281770 2.750066 -4.842383 1.671667 -23.148711 -0.166892 7.572671 27.253444 8.419070 -2.721935 -26.513350 0.000000 0.000000 0.000000 -20.506469 -4.007664 0.372476 -53.816406 -4.708921 -6.590983 -5.333150 -22.902044 2.127651 0.000000 0.000000 0.000000 26.768227 -6.452108 -4.942679 54.974454 0.267806 -7.775504 8.253454 26.150751 3.202395 0.000000 0.000000 0.000000 
-0.001828 0.953310 -0.000263 -0.619515 -7.791006 -0.753178 2.791233 0.800979 9.781947 -2.075058 0.434535 -8.856284 3.951512 10.244189 11.072482 0.000000 0.000000 0.000000 -5.218276 -0.043410 5.853834 4.897467 -0.381240 -6.352167 0.719071 -5.091173 13.155457 0.000000 0.000000 0.000000 6.256390 -0.287555 2.841835 -4.833639 1.665334 -23.218687 -0.046507 7.848786 27.121995 8.458695 -2.674875 -26.768474 0.000000 0.000000 0.000000 -20.623234 -3.977772 0.298450 -53.784847 -4.564342 -6.627314 -4.876629 -22.543371 1.994003 0.000000 0.000000 0.000000 26.755813 -6.354887 -4.829075 54.783599 0.166227 -7.796870 8.333019 26.547476 3.282165 0.000000 0.000000 0.000000 
-0.001955 0.953213 -0.000476 -0.644947 -7.961139 -0.812264 2.733373 0.810967 9.797197 -2.079715 0.435335 -8.826560 4.030872 10.373268 11.135748 0.000000 0.000000 0.000000 -5.221533 -0.045032 5.980248 4.899158 -0.377298 -6.476405 0.773786 -5.098954 13.371066 0.000000 0.000000 0.000000 6.299516 -0.293057 2.908891 -4.905475 1.679915 -23.418357 0.047467 8.143728 27.238534 8.447757 -2.586084 -27.122190 0.000000 0.000000 0.000000 -20.721967 -4.014392 0.261604 -53.698057 -4.413967 -6.681363 -4.927287 -22.182756 1.961319 0.000000 0.000000 0.000000 26.583501 -6.387011 -4.756805 54.764889 0.362919 -7.733682 8.472503 26.788197 3.363564 0.000000 0.000000 0.000000 
-0.001996 0.953047 -0.000703 -0.715032 -8.228967 -0.829771 2.813144 0.813762 9.834462 -2.175399 0.445372 -8.955902 4.211972 10.668189 11.228022 0.000000 0.000000 0.000000 -5.175660 -0.042411 5.934584 5.025533 -0.375717 -6.519830 0.873407 -4.992782 13.470807 0.000000 0.000000 0.000000 6.302863 -0.293253 2.921776 -5.048807 1.712889 -23.294469 0.244017 8.481510 27.101092 8.403719 -2.462603 -27.533578 0.000000 0.000000 0.000000 -20.892849 -4.109038 0.244037 -53.585723 -4.213222 -6.723549 -4.761966 -21.780036 1.880983 0.000000 0.000000 0.000000 26.618283 -6.254806 -4.619160 54.422090 0.116334 -7.800835 9.567404 28.006307 3.815351 0.000000 0.000000 0.000000 
-0.001952 0.953054 -0.000957 -0.709926 -8.510430 -0.872444 2.649995 0.837077 9.879235 -2.057703 0.440780 -8.920822 4.309260 10.822378 11.342435 0.000000 0.000000 0.000000 -5.138598 -0.051407 6.232511 4.974771 -0.364017 -6.954706 1.037515 -4.875053 13.822738 0.000000 0.000000 0.000000 6.334677 -0.300574 3.008899 -5.157105 1.733842 -23.530322 0.331852 8.932531 27.363196 8.426556 -2.373134 -27.969574 0.000000 0.000000 0.000000 -20.987832 -4.317221 0.285799 -53.341843 -3.871031 -6.850322 -5.170730 -21.743904 1.944000 0.000000 0.000000 0.000000 26.659280 -6.372712 -4.597945 53.898423 0.066967 -7.810107 10.999227 29.866043 4.516771 0.000000 0.000000 0.000000 
-0.001870 0.953067 -0.001200 -0.707438 -8.541616 -0.924049 2.559649 0.845843 9.886662 -2.145283 0.445717 -8.928335 4.318622 10.848300 11.442255 0.000000 0.000000 0.000000 -5.154994 -0.050810 6.265983 5.195624 -0.367358 -6.983999 1.206541 -4.595192 13.877754 0.000000 0.000000 0.000000 6.239294 -0.301000 3.049239 -5.187152 1.744525 -23.196212 0.399075 9.116466 26.977940 8.251037 -2.184201 -28.287812 0.000000 0.000000 0.000000 -21.095990 -4.425763 0.267108 -53.089703 -3.568946 -6.888990 -5.778028 -21.404443 2.008568 0.000000 0.000000 0.000000 26.595054 -6.334001 -4.519873 53.017223 -0.703792 -7.996505 14.673512 33.543414 6.289695 0.000000 0.000000 0.000000 
-0.001862 0.953211 -0.001614 -0.623347 -8.693510 -0.938603 2.346664 0.862419 9.848873 -1.956940 0.432407 -8.755815 4.228382 10.666212 11.305730 0.000000 0.000000 0.000000 -5.207256 -0.053018 6.578641 5.180273 -0.359459 -7.288045 1.208659 -4.566119 13.772705 0.000000 0.000000 0.000000 6.223337 -0.315316 3.214523 -5.122172 1.721661 -23.576795 0.352787 9.358710 27.271738 8.403326 -2.257448 -28.283947 0.000000 0.000000 0.000000 -21.206598 -4.609111 0.335823 -52.619037 -2.805996 -7.176321 -6.834993 -21.699122 2.231632 0.000000 0.000000 0.000000 26.600979 -6.937176 -4.859789 51.836181 -1.659255 -8.268207 20.296433 39.046133 9.598933 0.000000 0.000000 0.000000 
-0.001975 0.953328 -0.002327 -0.612924 -8.845896 -0.833502 2.397858 0.838229 9.607689 -1.955516 0.434831 -8.804082 4.095444 10.510980 12.005071 0.000000 0.000000 0.000000 -5.378703 -0.024748 6.416930 5.615887 -0.363281 -7.280424 1.094522 -4.877236 13.993304 0.000000 0.000000 0.000000 6.016461 -0.318512 3.287075 -5.102223 1.716427 -23.178122 0.393609 9.592557 26.896528 8.614845 -2.319212 -28.420112 0.000000 0.000000 0.000000 -20.912700 -4.546404 0.261304 -52.307915 -2.813712 -7.081517 -7.916253 -21.505863 2.397461 0.000000 0.000000 0.000000 26.848135 -6.951950 -4.865248 50.587197 -1.806124 -8.130670 28.205898 45.691218 15.090217 0.000000 0.000000 0.000000 
-0.002234 0.953589 -0.003360 -0.543180 -9.258732 -0.762842 2.181180 0.855787 9.536721 -1.795619 0.428201 -8.765757 4.135132 10.515375 11.824199 0.000000 0.000000 0.000000 -5.635956 0.017059 6.291722 5.686242 -0.356595 -7.260455 1.336522 -4.460565 13.900202 0.000000 0.000000 0.000000 6.097412 -0.324226 3.322071 -5.131411 1.715057 -23.305777 0.475390 10.014685 27.198943 9.074055 -2.521637 -28.681735 0.000000 0.000000 0.000000 -20.639802 -4.826494 0.411874 -52.033068 -2.303603 -7.287732 -9.053655 -22.452458 2.728472 0.000000 0.000000 0.000000 26.589383 -6.912600 -4.752872 49.247391 -0.388504 -7.444357 40.752126 52.317877 24.573075 0.000000 0.000000 0.000000 
-0.002518 0.953559 -0.004540 -0.563469 -9.567174 -0.653843 2.115130 0.851791 9.391382 -1.826249 0.427879 -8.634007 4.024661 10.360054 12.333417 0.000000 0.000000 0.000000 -5.625313 0.033216 6.012494 5.960158 -0.356612 -7.141148 1.110128 -4.878092 13.830424 0.000000 0.000000 0.000000 6.186642 -0.318486 3.218557 -5.417524 1.786521 -22.948953 0.619319 10.540780 27.075156 9.302852 -2.557603 -28.859339 0.000000 0.000000 0.000000 -20.314057 -4.983964 0.419994 -51.633554 -2.466596 -7.129404 -9.911908 -22.748357 2.915917 0.000000 0.000000 0.000000 26.628728 -6.072456 -4.092848 47.810204 2.456510 -6.251943 55.538344 57.974103 37.484466 0.000000 0.000000 0.000000 
-0.002793 0.953834 -0.005695 -0.481767 -9.959141 -0.563983 2.015910 0.858827 9.318101 -1.854172 0.437059 -8.796760 4.322522 10.818815 12.370106 0.000000 0.000000 0.000000 -5.799287 0.066729 5.850054 5.865569 -0.349883 -7.032270 1.589808 -4.095993 13.888352 0.000000 0.000000 0.000000 6.263184 -0.334347 3.360942 -5.472147 1.790779 -23.222690 0.751443 11.130315 27.341262 9.768869 -2.731574 -29.119657 0.000000 0.000000 0.000000 -19.978271 -5.452034 0.626711 -51.460364 -2.150561 -7.256842 -10.282235 -23.823636 3.127165 0.000000 0.000000 0.000000 26.330621 -5.219491 -3.383729 46.086750 6.416764 -4.745801 71.801157 62.103797 53.180120 0.000000 0.000000 0.000000 
-0.002972 0.954051 -0.006808 -0.487242 -10.040801 -0.402276 2.059531 0.840555 9.160404 -1.966869 0.444671 -8.826704 4.004144 10.355799 13.035416 0.000000 0.000000 0.000000 -5.764592 0.075440 5.562371 5.791354 -0.348682 -6.950557 1.529243 -4.364080 14.228404 0.000000 0.000000 0.000000 6.332941 -0.337573 3.342941 -5.984182 1.921639 -23.242434 1.006397 11.430397 27.439316 10.172312 -2.843939 -29.580097 0.000000 0.000000 0.000000 -19.298717 -5.348621 0.560134 -51.404355 -3.003961 -6.912091 -10.601958 -24.121718 3.224299 0.000000 0.000000 0.000000 25.807997 -4.043806 -2.484863 44.351289 11.380749 -2.982085 86.223404 64.928079 68.646220 0.000000 0.000000 0.000000 
-0.003038 0.954357 -0.007816 -0.438663 -10.130905 -0.307799 1.988858 0.843152 9.125197 -1.954037 0.446860 -8.903888 3.933675 10.202204 12.804092 0.000000 0.000000 0.000000 -5.774761 0.082148 5.481756 5.536578 -0.344480 -6.904490 2.212980 -3.332020 14.619931 0.000000 0.000000 0.000000 6.217311 -0.347963 3.468957 -5.993309 1.914449 -23.826645 1.352634 12.217935 28.041907 10.830670 -3.070383 -29.827112 0.000000 0.000000 0.000000 -18.410716 -5.815982 0.716816 -51.777416 -3.363376 -6.868357 -10.506481 -24.367493 3.212881 0.000000 0.000000 0.000000 24.854458 -2.987606 -1.500143 42.512349 17.209944 -1.120541 93.906830 67.601630 79.238368 0.000000 0.000000 0.000000 
-0.003058 0.954562 -0.008814 -0.517765 -9.773716 -0.059289 2.003235 0.817829 8.962622 -1.849599 0.448614 -9.223507 3.472245 9.588225 13.674127 0.000000 0.000000 0.000000 -5.505964 0.054875 5.330378 5.419013 -0.346869 -6.997370 1.913463 -4.028287 15.115839 0.000000 0.000000 0.000000 6.260611 -0.327452 3.164896 -6.139580 1.959575 -23.578838 1.416034 12.506896 27.906644 11.434287 -3.221296 -30.403880 0.000000 0.000000 0.000000 -17.898430 -5.816762 0.620228 -51.651109 -3.933374 -6.589639 -10.437039 -24.271538 3.153288 0.000000 0.000000 0.000000 23.820525 -1.538114 -0.397555 40.574276 22.711682 0.568752 99.803125 71.580016 89.746418 0.000000 0.000000 0.000000 
-0.002928 0.954951 -0.009649 -0.549297 -9.489437 0.077562 2.023935 0.802775 8.886618 -1.808929 0.449634 -9.391680 3.467382 9.588678 13.521257 0.000000 0.000000 0.000000 -5.479428 0.040974 5.525084 5.137597 -0.343406 -7.252410 2.294189 -3.458121 15.448069 0.000000 0.000000 0.000000 6.109433 -0.331373 3.211498 -6.293183 1.992484 -24.206907 1.816949 12.957229 28.418309 11.805719 -3.262609 -30.850378 0.000000 0.000000 0.000000 -17.131925 -5.980887 0.634472 -52.124190 -4.520180 -6.458665 -9.621900 -23.596822 2.871263 0.000000 0.000000 0.000000 22.305583 -0.723314 0.297580 39.331678 27.603126 2.011809 103.372726 75.701562 98.179322 0.000000 0.000000 0.000000 
-0.002716 0.955290 -0.010330 -0.665571 -9.170583 0.178401 2.057609 0.791264 8.860424 -1.555313 0.443391 -9.635091 2.782323 8.579574 13.970875 0.000000 0.000000 0.000000 -5.269698 0.012574 5.569782 5.124984 -0.346775 -7.354213 1.910944 -4.143989 15.598205 0.000000 0.000000 0.000000 6.170039 -0.341737 3.276697 -6.274794 1.990048 -24.315514 1.937008 13.312516 28.163619 12.241041 -3.362887 -31.095061 0.000000 0.000000 0.000000 -16.905136 -5.832913 0.433700 -52.086840 -4.273303 -6.517122 -9.419727 -23.621011 2.800763 0.000000 0.000000 0.000000 20.440032 0.279559 0.982410 38.237091 32.020394 3.381194 113.212209 80.949342 114.231983 0.000000 0.000000 0.000000 
-0.002366 0.955877 -0.010888 -0.802490 -8.771603 0.306404 2.124515 0.768367 8.758004 -1.510605 0.441029 -9.718084 2.578207 8.274972 13.846555 0.000000 0.000000 0.000000 -5.249527 0.002748 5.571898 5.231899 -0.351477 -7.592169 1.865762 -4.361182 16.095155 0.000000 0.000000 0.000000 6.031762 -0.343980 3.305924 -6.190710 1.967162 -24.732082 2.204575 13.653858 28.290326 12.552743 -3.442262 -31.106599 0.000000 0.000000 0.000000 -16.367361 -5.769781 0.318507 -52.541962 -4.210422 -6.618441 -9.187158 -23.235275 2.681549 0.000000 0.000000 0.000000 18.751393 0.842868 1.376823 36.780046 36.683297 4.688386 141.852340 87.442015 149.997501 0.000000 0.000000 0.000000 
-0.001990 0.956304 -0.011489 -0.937373 -8.756000 0.328629 2.275217 0.766051 8.855966 -1.554527 0.444378 -9.768895 1.981605 7.375706 14.164565 0.000000 0.000000 0.000000 -5.299894 0.004866 5.630245 5.495128 -0.354588 -7.636948 1.697201 -4.756612 16.377732 0.000000 0.000000 0.000000 6.048634 -0.364975 3.528923 -6.062621 1.932708 -24.948269 2.277632 14.221056 28.028403 13.369308 -3.766511 -31.246996 0.000000 0.000000 0.000000 -16.097353 -5.826247 0.232345 -52.480602 -3.577940 -6.842988 -9.951817 -23.182644 2.795449 0.000000 0.000000 0.000000 17.113019 1.752447 1.884344 34.449767 40.429451 5.441268 -79.624588 83.948168 -64.368911 0.000000 0.000000 0.000000 
-0.001655 0.956967 -0.012113 -0.995174 -8.527272 0.302980 2.272605 0.755117 8.780973 -1.681686 0.446804 -9.728716 1.922592 7.279691 14.001179 0.000000 0.000000 0.000000 -5.369057 0.000654 5.783705 5.716023 -0.357713 -7.839622 1.487858 -5.190561 16.679560 0.000000 0.000000 0.000000 6.059646 -0.357513 3.441421 -6.140022 1.955412 -24.880400 2.286202 14.747304 27.653566 13.957355 -3.948470 -31.339859 0.000000 0.000000 0.000000 -15.387457 -5.917010 0.195392 -52.843864 -3.178522 -7.037779 -10.356455 -22.626466 2.768449 0.000000 0.000000 0.000000 15.846400 2.255368 2.169139 31.880090 44.534825 6.095854 -59.982448 74.891569 -39.343633 0.000000 0.000000 0.000000 
-0.001330 0.957393 -0.012779 -1.108288 -8.336717 0.236123 2.316709 0.747829 8.771543 -1.678190 0.442042 -9.632907 1.485894 6.631999 14.150207 0.000000 0.000000 0.000000 -5.222358 -0.028566 6.034522 5.523624 -0.350751 -8.260087 1.193424 -5.845829 17.189080 0.000000 0.000000 0.000000 6.249587 -0.389818 3.742033 -6.288445 1.988954 -25.255082 2.239079 15.092457 27.506985 14.568505 -4.153861 -31.612793 0.000000 0.000000 0.000000 -15.524687 -5.774533 -0.008787 -52.360217 -2.298689 -7.291487 -11.847692 -23.058675 3.088395 0.000000 0.000000 0.000000 14.449353 3.240809 2.622753 28.167612 47.310647 5.789623 -52.708470 64.918145 -27.939577 0.000000 0.000000 0.000000 
-0.001051 0.957890 -0.013300 -0.939785 -8.136945 -0.101349 2.045402 0.772297 8.836467 -1.696421 0.434417 -9.411526 1.471197 6.583283 13.897573 0.000000 0.000000 0.000000 -5.363028 -0.035830 6.413737 5.565318 -0.351390 -8.459087 0.917578 -6.398681 17.541752 0.000000 0.000000 0.000000 5.988387 -0.422337 4.276802 -6.398210 2.018940 -25.340307 2.203165 15.489535 27.110834 15.215198 -4.412244 -31.630397 0.000000 0.000000 0.000000 -15.407765 -5.981135 -0.025282 -52.063845 -1.395737 -7.566887 -13.338732 -23.719676 3.445054 0.000000 0.000000 0.000000 13.383057 3.743923 2.833636 24.625642 49.676373 5.253811 -47.893299 56.117788 -20.736822 0.000000 0.000000 0.000000 
-0.000809 0.958461 -0.013702 -0.953962 -7.975933 -0.100019 1.995487 0.774693 8.854686 -1.692830 0.428655 -9.272828 0.963215 5.781116 13.885260 0.000000 0.000000 0.000000 -5.224841 -0.063000 6.662061 5.311315 -0.345470 -8.843099 0.925973 -6.508289 17.976367 0.000000 0.000000 0.000000 5.993707 -0.470756 4.818761 -6.552674 2.041417 -26.279909 2.263595 15.732925 27.430496 15.953418 -4.657640 -32.204146 0.000000 0.000000 0.000000 -15.174848 -5.536034 -0.281689 -51.750523 -0.627787 -7.863087 -15.359325 -24.125901 3.902615 0.000000 0.000000 0.000000 12.312980 4.003047 2.888836 20.970411 50.922044 4.230687 -45.128989 49.649874 -16.695317 0.000000 0.000000 0.000000 
-0.000578 0.958790 -0.013928 -0.909172 -7.864492 -0.020539 1.918579 0.759465 8.659021 -1.778789 0.433717 -9.342235 0.878974 5.659131 13.894158 0.000000 0.000000 0.000000 -5.158465 -0.072961 6.704072 5.347863 -0.343247 -9.061563 0.524394 -7.206727 18.160010 0.000000 0.000000 0.000000 6.064573 -0.485542 4.931230 -6.747329 2.084868 -26.421557 2.156670 15.993498 27.345333 16.572582 -4.907840 -32.374348 0.000000 0.000000 0.000000 -15.076445 -5.412370 -0.403769 -51.230980 0.360873 -8.157884 -17.401882 -25.011736 4.459348 0.000000 0.000000 0.000000 11.363546 4.008457 2.815961 18.345528 51.185915 3.373145 -45.119788 46.138300 -15.335231 0.000000 0.000000 0.000000 
-0.000392 0.959103 -0.013974 -0.962947 -7.521196 0.109753 1.848282 0.749474 8.570208 -1.653706 0.425235 -9.337460 0.568742 5.181588 13.822821 0.000000 0.000000 0.000000 -4.931893 -0.107514 6.811964 5.139932 -0.343289 -9.393486 0.388359 -7.520867 18.623953 0.000000 0.000000 0.000000 6.136774 -0.496687 4.977173 -6.954317 2.133952 -26.446912 2.058640 15.812939 27.285275 16.994083 -5.121513 -32.443993 0.000000 0.000000 0.000000 -15.225691 -5.190381 -0.546875 -50.724822 1.127983 -8.354155 -18.907814 -25.646330 4.898961 0.000000 0.000000 0.000000 10.753805 3.550496 2.531203 17.063806 50.867129 2.878623 -47.751403 45.765446 -16.303555 0.000000 0.000000 0.000000 
-0.000203 0.959288 -0.013881 -0.973718 -7.650100 0.285411 1.746295 0.746439 8.447831 -1.539416 0.420066 -9.303800 0.668856 5.305469 13.744732 0.000000 0.000000 0.000000 -4.825831 -0.108757 6.688153 5.092692 -0.337841 -9.523822 0.451969 -7.515059 18.870442 0.000000 0.000000 0.000000 6.021997 -0.497631 5.009161 -6.675063 2.059501 -26.832702 1.975698 16.166447 27.634180 17.324352 -5.237896 -32.619900 0.000000 0.000000 0.000000 -15.363478 -4.840445 -0.792205 -50.076926 1.913688 -8.551015 -20.551051 -26.318023 5.382381 0.000000 0.000000 0.000000 10.650626 2.613085 2.115407 16.349793 49.705673 2.434505 -52.689018 47.359208 -19.138952 0.000000 0.000000 0.000000 
-0.000141 0.959478 -0.013617 -0.999649 -7.650898 0.517063 1.797211 0.719676 8.216525 -1.373585 0.411890 -9.278914 0.626710 5.249907 13.822226 0.000000 0.000000 0.000000 -4.629395 -0.123690 6.614642 4.968011 -0.332623 -9.790017 0.370619 -7.754838 19.225617 0.000000 0.000000 0.000000 5.857785 -0.482255 4.863598 -6.646790 2.051579 -26.776946 1.979684 15.670226 27.587649 17.027759 -5.173204 -32.509016 0.000000 0.000000 0.000000 -15.665144 -4.148274 -1.068223 -49.723257 2.534344 -8.721382 -21.621090 -27.021372 5.819248 0.000000 0.000000 0.000000 10.392006 1.580566 1.540083 17.924570 48.386756 2.774162 -59.889417 50.809064 -24.434680 0.000000 0.000000 0.000000 
-0.000197 0.959214 -0.013238 -1.195855 -7.952924 0.792679 1.846477 0.714120 8.164581 -1.101443 0.405018 -9.371117 0.545925 5.069002 13.785857 0.000000 0.000000 0.000000 -4.448037 -0.126937 6.447351 5.095209 -0.326997 -9.723909 0.488574 -7.715241 19.562470 0.000000 0.000000 0.000000 5.879721 -0.466999 4.623195 -6.375870 1.986207 -26.707251 1.865586 15.470707 27.791746 16.820430 -5.121169 -32.541858 0.000000 0.000000 0.000000 -16.032654 -3.554816 -1.326189 -49.277157 2.808264 -8.753904 -22.039790 -27.518684 6.065982 0.000000 0.000000 0.000000 10.734172 0.426215 0.982159 19.915926 46.640858 3.081892 -69.068866 55.252216 -32.419524 0.000000 0.000000 0.000000 
-0.000413 0.958846 -0.012722 -1.168975 -8.072178 0.970789 1.663801 0.723500 8.119272 -0.874314 0.390086 -9.217698 0.678415 5.237796 13.672389 0.000000 0.000000 0.000000 -4.422718 -0.120452 6.337115 5.146252 -0.324985 -9.668644 0.423561 -7.807998 19.469503 0.000000 0.000000 0.000000 5.643069 -0.446078 4.462699 -6.171836 1.939068 -26.570638 1.726956 14.893629 28.059725 16.431430 -4.997516 -32.635954 0.000000 0.000000 0.000000 -16.211054 -3.057180 -1.440506 -49.444234 2.675533 -8.788947 -21.944524 -28.114036 6.247987 0.000000 0.000000 0.000000 11.604546 -0.861521 0.353448 22.645478 45.294671 3.580733 -80.497174 59.700481 -43.500831 0.000000 0.000000 0.000000 
-0.000742 0.958015 -0.012192 -1.261055 -8.332655 1.044500 1.626278 0.738729 8.214132 -0.548748 0.376206 -9.197210 0.781240 5.387531 13.746633 0.000000 0.000000 0.000000 -4.286962 -0.127780 6.310559 5.114991 -0.321473 -9.570159 0.701591 -7.412390 19.478905 0.000000 0.000000 0.000000 5.633668 -0.442674 4.418731 -6.106410 1.920830 -26.517565 1.588929 14.215361 28.286474 16.116025 -4.971714 -32.617905 0.000000 0.000000 0.000000 -16.456010 -2.638754 -1.480881 -49.268807 2.376567 -8.690702 -21.559080 -28.303123 6.275534 0.000000 0.000000 0.000000 12.538742 -1.694461 -0.111892 25.215993 43.240233 3.801617 -94.687888 63.982326 -58.903380 0.000000 0.000000 0.000000 
-0.001034 0.957423 -0.011857 -1.295719 -8.328650 1.051617 1.440689 0.746747 8.165288 -0.281757 0.356577 -9.018746 1.061682 5.792281 13.527604 0.000000 0.000000 0.000000 -4.123515 -0.148282 6.383818 4.857528 -0.326591 -9.326726 0.721743 -7.305595 19.233500 0.000000 0.000000 0.000000 5.453173 -0.425361 4.301340 -5.895092 1.874651 -26.330017 1.342079 13.683377 28.453572 15.678192 -4.823644 -32.614307 0.000000 0.000000 0.000000 -16.612897 -2.468087 -1.458237 -49.378978 1.977981 -8.598621 -21.140256 -28.810510 6.342140 0.000000 0.000000 0.000000 13.597691 -2.748764 -0.680163 27.587970 41.571086 3.994043 -108.498189 66.090193 -73.924969 0.000000 0.000000 0.000000 
-0.001280 0.957092 -0.011797 -1.307026 -8.487643 1.037670 1.379867 0.766110 8.292573 -0.192123 0.352461 -9.002727 1.199088 6.028119 13.673360 0.000000 0.000000 0.000000 -4.160698 -0.140377 6.356953 4.879706 -0.328949 -9.022353 1.021438 -6.779564 19.008679 0.000000 0.000000 0.000000 5.375432 -0.424336 4.335917 -5.820156 1.855850 -26.332480 1.279732 12.978136 28.698980 15.320432 -4.710147 -32.884965 0.000000 0.000000 0.000000 -16.522404 -2.244384 -1.355103 -49.736868 1.113706 -8.402310 -20.370958 -28.915770 6.251951 0.000000 0.000000 0.000000 14.084141 -3.269115 -1.059722 29.357798 40.415646 4.122894 -119.711681 66.887670 -86.606090 0.000000 0.000000 0.000000 
-0.001437 0.957020 -0.012083 -1.250707 -8.353021 0.834804 1.361752 0.771128 8.340419 -0.123721 0.338613 -8.774004 1.440128 6.377421 13.385058 0.000000 0.000000 0.000000 -3.979125 -0.167360 6.441125 4.544366 -0.334960 -8.733223 1.116515 -6.459529 18.557902 0.000000 0.000000 0.000000 5.274052 -0.416816 4.333229 -5.702727 1.830081 -26.295078 1.111614 12.544407 28.900479 15.000726 -4.634055 -32.753170 0.000000 0.000000 0.000000 -16.331192 -2.438501 -1.136068 -49.761942 0.406566 -8.185906 -19.928256 -29.530068 6.312235 0.000000 0.000000 0.000000 14.621337 -3.493319 -1.226551 29.854031 39.578770 3.983695 -125.188438 66.221637 -92.044380 0.000000 0.000000 0.000000 
-0.001544 0.957245 -0.012569 -1.248635 -8.330371 0.820566 1.304828 0.773890 8.330776 -0.127538 0.340161 -8.807474 1.434745 6.426289 13.652548 0.000000 0.000000 0.000000 -3.984756 -0.169209 6.480727 4.474586 -0.337625 -8.526773 1.137581 -6.330823 18.290214 0.000000 0.000000 0.000000 5.350622 -0.412217 4.241118 -5.763138 1.845733 -26.157919 1.003807 12.256223 28.959283 14.974590 -4.600315 -33.075651 0.000000 0.000000 0.000000 -15.848456 -2.814043 -0.813454 -50.179441 -0.634644 -7.890789 -19.125283 -30.068533 6.248299 0.000000 0.000000 0.000000 14.956540 -3.582466 -1.316620 30.295412 39.490927 4.046951 -128.049374 65.601428 -94.687216 0.000000 0.000000 0.000000 
-0.001645 0.957140 -0.013102 -1.210146 -8.260607 0.620685 1.152592 0.801534 8.497451 -0.032297 0.330471 -8.697568 1.624824 6.689144 13.374639 0.000000 0.000000 0.000000 -3.935541 -0.192358 6.798432 4.378056 -0.339608 -8.431389 1.032037 -6.377338 17.953158 0.000000 0.000000 0.000000 5.251311 -0.409063 4.292251 -5.781437 1.849804 -26.331572 1.187239 12.076121 29.407050 14.644036 -4.513769 -32.859102 0.000000 0.000000 0.000000 -15.456084 -3.066602 -0.589814 -50.187054 -1.354527 -7.678696 -18.657466 -31.171620 6.382939 0.000000 0.000000 0.000000 15.405603 -3.491849 -1.280925 30.237590 39.299981 3.914309 -129.211130 65.370811 -95.827163 0.000000 0.000000 0.000000 
-0.001722 0.957090 -0.013720 -1.109822 -8.136338 0.340385 1.137064 0.823689 8.709712 -0.224183 0.337427 -8.655014 1.562083 6.631319 13.496872 0.000000 0.000000 0.000000 -4.010675 -0.201303 7.063939 4.377819 -0.344677 -8.196545 1.011617 -6.329226 17.771125 0.000000 0.000000 0.000000 5.082585 -0.407230 4.411574 -5.789330 1.857197 -26.070998 1.251908 11.803597 29.196945 14.465015 -4.436413 -32.887157 0.000000 0.000000 0.000000 -15.230654 -3.252446 -0.433746 -50.121581 -1.691167 -7.533473 -18.611407 -31.793470 6.516112 0.000000 0.000000 0.000000 15.615546 -3.149973 -1.140714 30.503232 39.315395 3.993084 -129.947710 66.206414 -97.748304 0.000000 0.000000 0.000000 
-0.001781 0.956948 -0.014403 -1.074194 -7.938237 0.112099 1.211857 0.834085 8.889417 -0.367452 0.341226 -8.597674 1.723629 6.911201 13.443913 0.000000 0.000000 0.000000 -4.013329 -0.219043 7.320481 4.430271 -0.350419 -8.074084 0.906620 -6.398249 17.558526 0.000000 0.000000 0.000000 4.901737 -0.409525 4.578101 -5.663841 1.828639 -26.408603 1.351687 11.674921 29.489718 14.302972 -4.443152 -32.513114 0.000000 0.000000 0.000000 -15.177973 -3.592210 -0.248927 -49.882475 -1.841038 -7.471020 -18.176767 -32.569242 6.558072 0.000000 0.000000 0.000000 16.043172 -2.925600 -1.012246 31.017145 39.217839 4.048140 -132.914714 68.246742 -103.477957 0.000000 0.000000 0.000000 
-0.001841 0.956874 -0.015181 -1.032260 -7.680457 -0.187353 1.218225 0.855220 9.134029 -0.424952 0.343668 -8.614740 1.704894 6.968248 13.699925 0.000000 0.000000 0.000000 -3.906248 -0.250223 7.563612 4.273358 -0.355700 -7.777323 0.787665 -6.465092 17.283907 0.000000 0.000000 0.000000 4.904610 -0.405669 4.583033 -5.798326 1.867955 -26.049280 1.532464 11.500486 29.182128 13.917149 -4.332168 -31.963890 0.000000 0.000000 0.000000 -14.990366 -3.596023 -0.235849 -49.709607 -1.855457 -7.414503 -18.106497 -32.814594 6.575967 0.000000 0.000000 0.000000 16.186456 -2.466284 -0.773995 31.738743 38.913727 4.168021 -136.364849 70.474323 -109.939378 0.000000 0.000000 0.000000 
-0.001843 0.956757 -0.016060 -1.007004 -7.579052 -0.423976 1.265491 0.868456 9.310074 -0.564537 0.350905 -8.636886 1.903889 7.323626 13.791914 0.000000 0.000000 0.000000 -3.968501 -0.248693 7.586343 4.329526 -0.360780 -7.530563 0.789300 -6.392948 17.119004 0.000000 0.000000 0.000000 4.792723 -0.405336 4.684755 -5.724151 1.851961 -26.154768 1.703676 11.635133 29.421083 13.818753 -4.300628 -31.751720 0.000000 0.000000 0.000000 -14.653552 -3.945252 -0.062903 -49.684759 -2.003898 -7.379867 -17.935896 -33.143194 6.575004 0.000000 0.000000 0.000000 16.427704 -2.186454 -0.573409 32.214803 38.825229 4.229446 -140.329142 72.080385 -116.162858 0.000000 0.000000 0.000000 
-0.001803 0.956710 -0.016973 -0.998958 -7.509865 -0.577543 1.288506 0.871749 9.367543 -0.500158 0.344743 -8.567139 1.916398 7.350786 13.776857 0.000000 0.000000 0.000000 -3.905403 -0.256846 7.553714 4.282104 -0.361176 -7.535802 0.793641 -6.390714 17.156888 0.000000 0.000000 0.000000 4.810363 -0.406952 4.726228 -5.833061 1.879225 -26.141950 1.916678 11.816824 29.417781 13.534916 -4.166278 -31.420035 0.000000 0.000000 0.000000 -14.443983 -3.943870 -0.092283 -49.633879 -1.960542 -7.380249 -18.183672 -33.297333 6.653690 0.000000 0.000000 0.000000 16.161307 -1.899296 -0.376807 33.070238 38.441767 4.353510 -144.772992 73.018139 -122.222409 0.000000 0.000000 0.000000 
-0.001666 0.956932 -0.017860 -1.050900 -7.594591 -0.641106 1.357498 0.886044 9.548170 -0.454434 0.354807 -8.864882 1.834383 7.247934 13.965976 0.000000 0.000000 0.000000 -3.902289 -0.248311 7.393262 4.340597 -0.362219 -7.401402 0.921820 -6.221698 17.243027 0.000000 0.000000 0.000000 4.816448 -0.395401 4.589138 -5.824696 1.876357 -26.133166 2.106183 12.068490 29.510359 13.701404 -4.249378 -31.316390 0.000000 0.000000 0.000000 -14.419115 -4.054913 -0.075405 -49.414831 -1.701168 -7.443283 -18.458764 -33.400352 6.733469 0.000000 0.000000 0.000000 15.992231 -1.451737 -0.104065 33.080844 38.448367 4.364964 -143.594552 73.734462 -121.327805 0.000000 0.000000 0.000000 
-0.001395 0.957150 -0.018696 -1.193422 -7.590509 -0.634957 1.480368 0.882489 9.617622 -0.424168 0.358025 -8.981452 1.787254 7.180233 13.993781 0.000000 0.000000 0.000000 -3.781330 -0.254214 7.237689 4.385417 -0.362223 -7.538639 0.966238 -6.225971 17.470668 0.000000 0.000000 0.000000 4.935364 -0.385210 4.397141 -5.886655 1.891102 -26.082913 2.307235 12.379489 29.470350 13.595732 -4.182669 -31.052189 0.000000 0.000000 0.000000 -14.243450 -4.122850 -0.093080 -49.352782 -1.605376 -7.452888 -18.823249 -33.286095 6.778740 0.000000 0.000000 0.000000 15.522591 -1.233704 0.053271 33.203783 38.694552 4.511661 -139.713403 73.911071 -116.652220 0.000000 0.000000 0.000000 
-0.001010 0.957433 -0.019524 -1.284218 -7.545634 -0.716924 1.607897 0.873728 9.641417 -0.393171 0.360637 -9.086090 1.610611 6.959037 14.262322 0.000000 0.000000 0.000000 -3.711058 -0.260745 7.181442 4.429148 -0.363714 -7.567520 1.085913 -5.997499 17.405756 0.000000 0.000000 0.000000 5.039960 -0.382972 4.335172 -5.834708 1.879698 -26.114553 2.359079 12.561472 29.330947 14.003309 -4.370956 -31.048076 0.000000 0.000000 0.000000 -14.312963 -4.373776 -0.030174 -49.173755 -1.045992 -7.608998 -19.102344 -33.161656 6.802997 0.000000 0.000000 0.000000 14.889937 -0.786225 0.297055 32.535000 39.468048 4.625229 -130.389529 73.707774 -105.592218 0.000000 0.000000 0.000000 
-0.000517 0.957811 -0.020326 -1.362729 -7.284759 -0.671585 1.764940 0.843881 9.519816 -0.494745 0.362864 -9.063571 1.456831 6.717180 14.125620 0.000000 0.000000 0.000000 -3.582606 -0.275802 7.116853 4.261101 -0.362679 -7.766460 1.062904 -6.041037 17.538258 0.000000 0.000000 0.000000 5.100827 -0.373892 4.178790 -5.915311 1.898818 -26.269620 2.516836 12.714981 29.278331 14.208699 -4.410520 -31.149760 0.000000 0.000000 0.000000 -14.167696 -4.743570 0.095305 -49.286273 -0.861886 -7.683549 -19.285697 -32.927857 6.771223 0.000000 0.000000 0.000000 14.246435 -0.499398 0.470396 31.015276 40.312239 4.512113 -119.226251 72.151730 -91.572530 0.000000 0.000000 0.000000 
0.000051 0.958165 -0.021116 -1.577182 -7.194348 -0.502461 2.011433 0.798796 9.282296 -0.407732 0.363932 -9.199042 1.170738 6.321316 14.367576 0.000000 0.000000 0.000000 -3.358782 -0.288859 6.912154 4.179206 -0.361133 -7.947108 0.915074 -6.293039 17.598500 0.000000 0.000000 0.000000 5.203428 -0.352680 3.840733 -5.897012 1.898594 -26.111757 2.534081 13.044634 28.981204 14.555331 -4.431978 -31.604168 0.000000 0.000000 0.000000 -13.878817 -5.049951 0.185999 -49.446362 -0.774598 -7.704989 -19.262849 -32.471025 6.616047 0.000000 0.000000 0.000000 13.373752 -0.002444 0.726934 29.337978 41.537820 4.480748 -107.396296 69.546640 -76.477369 0.000000 0.000000 0.000000 
0.000645 0.958570 -0.021870 -1.774166 -6.953794 -0.369419 2.230645 0.751613 9.015992 -0.450757 0.362810 -9.161039 1.093120 6.151121 14.030522 0.000000 0.000000 0.000000 -3.216418 -0.304086 6.851959 4.167754 -0.362967 -8.203939 0.976757 -6.197330 17.736908 0.000000 0.000000 0.000000 5.288715 -0.348391 3.719597 -5.897564 1.898501 -26.213871 2.647835 13.200827 28.944902 14.995352 -4.573483 -31.850619 0.000000 0.000000 0.000000 -13.566120 -5.649929 0.443558 -49.665149 -0.854946 -7.708900 -19.054319 -32.159740 6.457611 0.000000 0.000000 0.000000 12.668383 0.398690 0.926846 26.949112 42.997254 4.223873 -97.392107 66.120251 -63.421080 0.000000 0.000000 0.000000 
0.001218 0.958886 -0.022618 -1.899075 -6.765330 -0.219464 2.396041 0.719630 8.850721 -0.495040 0.369025 -9.299216 0.716494 5.592601 14.125236 0.000000 0.000000 0.000000 -3.014343 -0.316999 6.683265 4.009535 -0.362025 -8.436166 1.003668 -6.124263 17.743968 0.000000 0.000000 0.000000 5.357149 -0.344567 3.611582 -5.903976 1.901924 -26.189846 2.491319 13.395940 28.570685 15.448612 -4.641799 -32.386054 0.000000 0.000000 0.000000 -13.152381 -6.140574 0.649380 -49.954603 -0.845218 -7.733626 -19.191111 -31.777043 6.378268 0.000000 0.000000 0.000000 11.813621 0.943139 1.165122 24.481358 44.163382 3.856650 -88.367437 61.726440 -51.446650 0.000000 0.000000 0.000000 
0.001760 0.959314 -0.023358 -2.022527 -6.683376 -0.114994 2.523591 0.682119 8.556119 -0.520017 0.368739 -9.281025 0.693556 5.547706 14.055312 0.000000 0.000000 0.000000 -2.914627 -0.324008 6.618722 3.911282 -0.361095 -8.608223 1.034705 -6.111407 17.898348 0.000000 0.000000 0.000000 5.392408 -0.357246 3.721510 -5.993465 1.919590 -26.386195 2.446519 13.471336 28.341430 16.002815 -4.854709 -32.670178 0.000000 0.000000 0.000000 -12.883931 -6.734355 0.927334 -50.209584 -0.869842 -7.755502 -19.355606 -31.644796 6.383310 0.000000 0.000000 0.000000 11.209512 1.427320 1.359995 21.507602 45.540652 3.274729 -79.277876 57.103060 -40.730866 0.000000 0.000000 0.000000 
0.002242 0.959610 -0.024192 -2.155936 -6.848739 -0.053969 2.619607 0.664733 8.407051 -0.581685 0.373816 -9.325856 0.599457 5.450219 14.360654 0.000000 0.000000 0.000000 -2.679410 -0.341681 6.578013 3.569495 -0.353879 -8.810544 1.361884 -5.642545 18.031552 0.000000 0.000000 0.000000 5.638973 -0.382361 3.901072 -6.406677 2.006335 -26.588358 2.477774 13.624005 28.077636 16.581779 -5.037046 -33.188796 0.000000 0.000000 0.000000 -12.635151 -7.060722 1.091303 -50.087234 -0.872979 -7.720479 -20.104012 -31.694418 6.593582 0.000000 0.000000 0.000000 10.301880 2.283589 1.683783 18.368306 46.935280 2.581818 -69.681385 52.174577 -31.051342 0.000000 0.000000 0.000000 
0.002696 0.959890 -0.025072 -2.153090 -6.945597 0.008027 2.664978 0.645433 8.200609 -0.747120 0.376436 -9.200108 0.581947 5.351395 14.125316 0.000000 0.000000 0.000000 -2.625425 -0.334187 6.406784 3.360526 -0.349887 -8.858879 1.386784 -5.641121 18.090411 0.000000 0.000000 0.000000 5.578731 -0.393292 4.041563 -6.611346 2.046852 -26.824788 2.490688 13.806638 27.961100 17.164366 -5.265387 -33.462065 0.000000 0.000000 0.000000 -12.328561 -7.507233 1.305548 -50.319121 -1.010043 -7.705175 -20.354517 -31.850484 6.688313 0.000000 0.000000 0.000000 9.357990 2.966746 1.920984 15.072026 48.601363 1.770018 -60.765399 46.939841 -23.101718 0.000000 0.000000 0.000000 
0.003080 0.960299 -0.025968 -2.295000 -7.235184 0.157930 2.803152 0.621850 7.986960 -0.903585 0.382942 -9.151448 0.654720 5.445574 14.190497 0.000000 0.000000 0.000000 -2.289191 -0.347096 6.184363 2.942614 -0.341697 -9.012536 1.656205 -5.326858 18.312444 0.000000 0.000000 0.000000 5.829693 -0.409789 4.097980 -7.025437 2.128633 -27.157741 2.637632 13.971721 28.070313 17.659002 -5.477767 -33.742024 0.000000 0.000000 0.000000 -12.126566 -7.759039 1.449546 -50.290764 -0.963198 -7.738092 -20.787927 -32.105238 6.872434 0.000000 0.000000 0.000000 8.259794 3.682775 2.126777 11.820838 49.389535 0.775898 -54.263604 42.237530 -17.849813 0.000000 0.000000 0.000000 
0.003370 0.960797 -0.026739 -2.308718 -7.314695 0.253831 2.843774 0.609778 7.866307 -0.961928 0.391573 -9.308541 0.724960 5.594886 14.401007 0.000000 0.000000 0.000000 -2.138007 -0.350443 6.045254 2.704182 -0.338700 -9.138849 1.727021 -5.262486 18.411207 0.000000 0.000000 0.000000 5.865466 -0.431886 4.315451 -7.242435 2.174773 -27.260913 2.519819 14.110523 27.958441 18.047459 -5.691970 -33.656709 0.000000 0.000000 0.000000 -11.964949 -8.015906 1.566823 -50.076814 -1.042477 -7.664770 -21.433853 -32.682616 7.175453 0.000000 0.000000 0.000000 7.440348 4.036240 2.199304 9.159353 49.934162 -0.074501 -50.773042 38.870600 -15.008658 0.000000 0.000000 0.000000 
0.003532 0.961097 -0.027329 -2.358442 -7.340316 0.311735 2.875311 0.589494 7.646195 -1.041377 0.390192 -9.169662 0.736830 5.602312 14.374587 0.000000 0.000000 0.000000 -1.693630 -0.387320 5.990718 2.218759 -0.335192 -9.262890 1.920881 -5.064154 18.715928 0.000000 0.000000 0.000000 5.813236 -0.451920 4.554420 -7.411276 2.204605 -27.509237 2.555848 13.781754 27.940756 18.125389 -5.813711 -33.552219 0.000000 0.000000 0.000000 -11.992503 -8.069091 1.652646 -49.884318 -0.876188 -7.699943 -21.936956 -33.448511 7.538571 0.000000 0.000000 0.000000 6.539507 4.188270 2.139095 7.573040 49.765921 -0.628091 -49.886895 37.088143 -14.002480 0.000000 0.000000 0.000000 
0.003582 0.961511 -0.027737 -2.453980 -7.517853 0.377577 2.996616 0.572232 7.499703 -1.036438 0.383785 -8.964975 0.808291 5.665381 14.258443 0.000000 0.000000 0.000000 -1.402949 -0.400833 5.838274 1.940400 -0.329887 -9.155820 2.082364 -4.859996 18.786235 0.000000 0.000000 0.000000 5.603282 -0.458470 4.724165 -7.253253 2.166406 -27.541909 2.569977 13.535816 27.877031 17.856831 -5.785954 -33.276214 0.000000 0.000000 0.000000 -12.182571 -7.659072 1.513419 -49.268503 -0.671328 -7.665211 -22.984845 -34.311429 8.097711 0.000000 0.000000 0.000000 5.912760 4.099646 2.008478 6.799945 48.911483 -0.919232 -51.800394 36.614699 -14.518295 0.000000 0.000000 0.000000 
0.003555 0.961811 -0.027950 -2.561103 -7.457758 0.608686 3.146235 0.543620 7.295131 -0.895237 0.372541 -8.844480 0.682612 5.490790 14.360904 0.000000 0.000000 0.000000 -1.091776 -0.407109 5.544842 1.693573 -0.329199 -9.230465 2.194575 -4.804594 19.149810 0.000000 0.000000 0.000000 5.302131 -0.453858 4.774598 -7.129895 2.133117 -27.723237 2.507174 12.705962 27.897172 17.588325 -5.839811 -32.951492 0.000000 0.000000 0.000000 -12.616965 -7.255319 1.438478 -48.965947 -0.566141 -7.658066 -23.484689 -35.268460 8.593309 0.000000 0.000000 0.000000 5.649768 3.756412 1.790030 7.205563 48.089408 -0.868648 -55.489749 38.007237 -16.617262 0.000000 0.000000 0.000000 
0.003466 0.962073 -0.027938 -2.683690 -7.685340 0.753316 3.261382 0.523679 7.099566 -0.749886 0.357014 -8.582172 0.529068 5.194235 14.283823 0.000000 0.000000 0.000000 -0.831199 -0.421602 5.464343 1.530000 -0.323578 -9.092462 2.322072 -4.606136 19.060958 0.000000 0.000000 0.000000 5.244709 -0.440924 4.622371 -7.062909 2.114446 -27.673533 2.488941 12.261098 27.967692 17.154925 -5.719040 -32.840785 0.000000 0.000000 0.000000 -12.704957 -6.707237 1.289790 -48.528679 -0.638704 -7.574278 -24.173788 -35.853681 9.040176 0.000000 0.000000 0.000000 5.654192 3.134818 1.497242 8.843541 46.965298 -0.419003 -60.772569 40.442620 -20.035645 0.000000 0.000000 0.000000 
0.003362 0.962173 -0.027675 -2.704961 -7.862827 0.948090 3.252273 0.507883 6.876087 -0.783097 0.349529 -8.313932 0.634742 5.322649 14.230940 0.000000 0.000000 0.000000 -0.739922 -0.412125 5.267018 1.378029 -0.318869 -9.006511 2.415582 -4.491601 19.066566 0.000000 0.000000 0.000000 4.999447 -0.412400 4.368371 -6.806453 2.058174 -27.558711 2.252725 11.721627 28.099316 16.732859 -5.637980 -32.634288 0.000000 0.000000 0.000000 -12.659752 -6.211511 1.191092 -48.397661 -0.432898 -7.660534 -24.083232 -36.729820 9.331042 0.000000 0.000000 0.000000 6.153378 2.275495 1.133515 10.698387 46.062568 0.038185 -67.260929 43.679744 -24.986043 0.000000 0.000000 0.000000 
0.003180 0.961988 -0.027146 -2.768540 -8.532201 1.169090 3.187975 0.522187 6.900403 -0.557382 0.342457 -8.366360 0.806793 5.536443 14.367926 0.000000 0.000000 0.000000 -0.628159 -0.388537 4.923693 1.372197 -0.306774 -8.647117 2.796327 -3.917683 18.874129 0.000000 0.000000 0.000000 5.001563 -0.393923 4.111246 -6.672166 2.020348 -27.714258 2.033312 11.047823 28.426858 16.468866 -5.671599 -32.631584 0.000000 0.000000 0.000000 -12.867839 -5.788262 1.196038 -48.197517 -0.175157 -7.775267 -23.530446 -36.980974 9.356258 0.000000 0.000000 0.000000 6.235926 1.541947 0.758187 12.517139 44.981355 0.420592 -73.840252 47.630081 -31.436805 0.000000 0.000000 0.000000 
0.003005 0.961664 -0.026496 -2.800186 -9.209812 1.431557 3.173018 0.526816 6.841505 -0.529861 0.337868 -8.223712 1.248007 6.103276 14.142019 0.000000 0.000000 0.000000 -0.648517 -0.353147 4.567769 1.311052 -0.297906 -8.535664 3.097899 -3.472869 18.687153 0.000000 0.000000 0.000000 4.831767 -0.360828 3.745068 -6.212519 1.915209 -27.524329 1.485402 10.688234 28.325280 16.158356 -5.674036 -32.344474 0.000000 0.000000 0.000000 -12.607641 -5.447124 1.203974 -48.120925 0.197189 -7.916541 -23.162677 -37.563129 9.486271 0.000000 0.000000 0.000000 6.647708 0.771791 0.389000 14.249783 44.004112 0.785557 -79.729127 51.318640 -38.104845 0.000000 0.000000 0.000000 
0.002876 0.961103 -0.025727 -2.885769 -10.282672 1.474454 2.982231 0.592777 7.297888 -0.381972 0.341218 -8.402902 1.624425 6.604861 14.297592 0.000000 0.000000 0.000000 -0.684441 -0.324892 4.348680 1.465311 -0.285805 -8.290649 3.425094 -3.030034 18.459138 0.000000 0.000000 0.000000 4.943773 -0.356468 3.655475 -6.038249 1.869163 -27.480410 1.186860 10.233719 28.198898 16.029185 -5.772032 -32.295212 0.000000 0.000000 0.000000 -12.741149 -5.282858 1.330618 -47.906907 0.422859 -7.976753 -22.496062 -37.442860 9.355480 0.000000 0.000000 0.000000 6.891173 0.174244 0.048185 15.912260 42.995801 1.096253 -85.434796 55.076745 -45.699325 0.000000 0.000000 0.000000 
0.002900 0.960687 -0.025025 -2.867777 -11.344501 1.611137 2.775740 0.648722 7.609269 -0.404108 0.348396 -8.448004 2.438866 7.771938 14.207868 0.000000 0.000000 0.000000 -0.699878 -0.291724 4.034572 1.448415 -0.273892 -8.203985 3.716733 -2.534746 17.999838 0.000000 0.000000 0.000000 5.031944 -0.335011 3.346707 -5.587250 1.761068 -27.711755 0.555302 10.080210 28.699032 16.005163 -5.890423 -32.376769 0.000000 0.000000 0.000000 -12.861693 -5.285080 1.506741 -47.228986 0.679321 -8.027104 -22.566908 -37.694178 9.551379 0.000000 0.000000 0.000000 7.598623 -0.751344 -0.419684 16.649241 42.245329 1.115750 -89.323015 57.607846 -51.387939 0.000000 0.000000 0.000000 
0.003083 0.960199 -0.024513 -3.026687 -12.623841 1.711121 2.573651 0.721505 8.039568 -0.236615 0.366891 -8.944853 3.066213 8.727562 14.949377 0.000000 0.000000 0.000000 -0.682380 -0.275820 3.922590 1.671967 -0.261922 -8.267601 4.191402 -1.947680 17.960726 0.000000 0.000000 0.000000 5.481940 -0.322578 3.043907 -5.529106 1.735763 -27.325917 0.044845 9.829817 28.449278 16.347158 -6.181672 -32.486703 0.000000 0.000000 0.000000 -12.460628 -5.594692 1.859230 -47.048902 0.722652 -8.015740 -21.920441 -37.423959 9.355095 0.000000 0.000000 0.000000 7.717894 -1.264800 -0.746583 17.317436 40.779165 1.107671 -92.143531 58.720296 -55.256165 0.000000 0.000000 0.000000 
0.003433 0.959966 -0.024168 -3.159712 -13.733093 1.814333 2.289048 0.779307 8.274976 -0.190116 0.368305 -8.949281 3.966825 10.037458 14.952386 0.000000 0.000000 0.000000 -0.600733 -0.271824 3.876210 1.851798 -0.249929 -8.278457 4.462951 -1.520026 17.626396 0.000000 0.000000 0.000000 5.683846 -0.314972 2.896693 -5.112000 1.636423 -27.477170 -0.723988 9.344286 28.645295 16.173516 -6.285982 -32.410169 0.000000 0.000000 0.000000 -12.272749 -5.951381 2.256472 -46.829101 0.783740 -8.053710 -22.259200 -37.474077 9.625840 0.000000 0.000000 0.000000 8.167919 -2.034104 -1.214989 17.420139 39.455459 0.927510 -92.335003 59.028398 -56.324611 0.000000 0.000000 0.000000 
0.003824 0.959869 -0.024044 -3.305436 -14.904252 1.854193 2.167662 0.853802 8.726007 -0.159481 0.388092 -9.285107 4.467759 10.738533 15.328249 0.000000 0.000000 0.000000 -0.587779 -0.254765 3.732803 2.064628 -0.235949 -8.189221 4.713234 -1.238406 17.501795 0.000000 0.000000 0.000000 5.896512 -0.318204 2.895288 -4.779273 1.545566 -27.218832 -1.279623 8.671927 28.291057 16.115278 -6.530868 -31.999959 0.000000 0.000000 0.000000 -12.378496 -6.241453 2.636653 -46.433503 0.528513 -7.899491 -21.871149 -36.870907 9.438217 0.000000 0.000000 0.000000 8.457164 -2.785959 -1.711427 17.614739 37.607150 0.773554 -93.094621 58.482515 -57.126536 0.000000 0.000000 0.000000 
0.004113 0.960067 -0.023984 -3.419077 -15.747171 1.845783 1.998346 0.902840 8.944426 -0.229121 0.397085 -9.326714 5.123751 11.716580 15.802749 0.000000 0.000000 0.000000 -0.194368 -0.274549 3.604833 1.825250 -0.226552 -7.939146 4.982182 -0.760851 17.167983 0.000000 0.000000 0.000000 5.853283 -0.344769 3.236039 -4.101776 1.390933 -27.341814 -2.277965 7.641832 28.272783 15.776257 -6.723793 -31.371038 0.000000 0.000000 0.000000 -12.319722 -6.537969 3.048958 -46.150465 0.248187 -7.791360 -22.381127 -37.330540 9.898241 0.000000 0.000000 0.000000 9.119171 -3.616308 -2.316284 17.105903 35.790610 0.471411 -93.903066 57.137109 -57.276568 0.000000 0.000000 0.000000 
0.004205 0.960233 -0.024036 -3.609029 -16.754468 1.966961 1.951630 0.947490 9.163243 -0.201693 0.412724 -9.576985 5.653932 12.460180 16.444670 0.000000 0.000000 0.000000 -0.034819 -0.277965 3.538868 1.846772 -0.215224 -7.835760 5.319050 -0.244366 16.957409 0.000000 0.000000 0.000000 6.174044 -0.364075 3.369099 -3.943623 1.328032 -26.820238 -2.972082 6.457688 27.807318 15.608882 -6.985409 -30.834238 0.000000 0.000000 0.000000 -12.109017 -6.801573 3.454111 -46.122185 -0.253692 -7.593895 -22.292476 -37.971080 10.225142 0.000000 0.000000 0.000000 9.319043 -4.406653 -2.904472 17.542710 34.031750 0.425796 -94.768569 56.065973 -57.767989 0.000000 0.000000 0.000000 
0.004107 0.960399 -0.024081 -3.776111 -17.415810 1.869338 1.975425 0.990805 9.437238 -0.240837 0.411786 -9.478902 6.279540 13.379595 16.799391 0.000000 0.000000 0.000000 0.393105 -0.309433 3.512649 1.507866 -0.208697 -7.722865 5.581738 0.215829 16.727546 0.000000 0.000000 0.000000 6.110808 -0.396811 3.808771 -3.366326 1.192149 -26.828978 -3.712667 5.356959 27.600539 15.144012 -7.087017 -30.180717 0.000000 0.000000 0.000000 -12.013698 -6.975913 3.773840 -46.047594 -0.381482 -7.544853 -22.895154 -39.434907 11.065410 0.000000 0.000000 0.000000 9.663727 -5.270157 -3.528198 17.987478 32.502225 0.395885 -96.459451 55.694277 -59.562436 0.000000 0.000000 0.000000 
0.003804 0.960591 -0.024274 -3.915598 -18.226465 1.834665 2.061138 1.008274 9.498357 -0.247979 0.404436 -9.292745 6.519720 13.664105 17.026373 0.000000 0.000000 0.000000 0.650460 -0.320444 3.420434 1.189211 -0.200693 -7.465095 5.896499 0.639875 16.676681 0.000000 0.000000 0.000000 6.261814 -0.430153 4.185758 -3.105710 1.123315 -26.828205 -4.323375 4.443536 27.538440 14.943937 -7.334106 -29.472697 0.000000 0.000000 0.000000 -11.613924 -6.865152 3.908698 -46.480885 -1.083334 -7.356474 -22.894464 -41.118439 11.815296 0.000000 0.000000 0.000000 9.635710 -6.011922 -4.025892 18.333841 31.661557 0.391127 -98.184120 55.660243 -61.734704 0.000000 0.000000 0.000000 
0.003388 0.961063 -0.024572 -4.175768 -18.711649 1.698214 2.272714 1.035336 9.745698 -0.238698 0.391635 -9.051090 6.872782 14.166151 17.371308 0.000000 0.000000 0.000000 1.079510 -0.353334 3.408779 0.893463 -0.195227 -7.202223 6.139512 1.014050 16.607980 0.000000 0.000000 0.000000 6.303355 -0.466806 4.659238 -2.906033 1.056943 -26.520022 -4.766588 3.598769 27.204707 14.730073 -7.533571 -28.664426 0.000000 0.000000 0.000000 -11.474369 -6.743860 3.994669 -46.490068 -1.085284 -7.337286 -23.067495 -43.807815 12.953411 0.000000 0.000000 0.000000 9.895575 -6.358152 -4.374722 18.392187 31.255169 0.394244 -99.472331 55.592120 -63.323363 0.000000 0.000000 0.000000 
0.002804 0.961658 -0.025126 -4.367153 -19.180231 1.820697 2.424025 1.033383 9.735713 -0.276838 0.393599 -9.019087 7.173195 14.572000 17.694654 0.000000 0.000000 0.000000 1.360470 -0.371167 3.352614 0.826118 -0.190997 -7.180410 6.290978 1.122267 16.724585 0.000000 0.000000 0.000000 6.453248 -0.481954 4.777456 -2.809125 1.020703 -26.344778 -5.054481 3.322894 27.321586 14.965074 -7.791242 -28.472126 0.000000 0.000000 0.000000 -11.372575 -6.660502 4.036672 -46.670281 -1.304869 -7.304945 -22.850362 -46.830689 14.058658 0.000000 0.000000 0.000000 9.737737 -6.602181 -4.513524 18.510098 31.439397 0.410191 -100.540010 55.934283 -64.930544 0.000000 0.000000 0.000000 
0.002062 0.962229 -0.025782 -4.445311 -19.954302 2.032511 2.286330 1.044826 9.648485 -0.082804 0.391083 -9.155323 7.589610 15.102738 18.132110 0.000000 0.000000 0.000000 1.566643 -0.371212 3.165430 0.688704 -0.184696 -7.298200 6.637382 1.570314 16.747096 0.000000 0.000000 0.000000 6.441675 -0.476679 4.713054 -2.922207 1.019791 -26.035195 -5.002654 3.407263 27.321135 15.356203 -8.109425 -28.216080 0.000000 0.000000 0.000000 -11.248356 -6.183613 3.861614 -46.797803 -1.347643 -7.307803 -22.696030 -50.461208 15.458794 0.000000 0.000000 0.000000 9.519145 -6.416240 -4.429123 18.893321 32.549045 0.541352 -100.716483 57.154978 -66.557267 0.000000 0.000000 0.000000 
0.001292 0.962658 -0.026620 -4.345667 -20.300943 1.970555 2.200268 1.045047 9.547954 -0.092788 0.383128 -8.994819 7.796041 15.377922 18.130481 0.000000 0.000000 0.000000 1.648537 -0.352610 2.880369 0.517834 -0.179434 -7.019388 6.803743 1.735488 16.826930 0.000000 0.000000 0.000000 6.130753 -0.475772 4.866914 -3.108525 1.057731 -25.997405 -4.786056 3.724622 27.693881 15.329115 -8.082882 -28.390392 0.000000 0.000000 0.000000 -10.950511 -5.855010 3.666481 -46.767091 -1.152619 -7.395483 -24.366720 -53.882226 17.755983 0.000000 0.000000 0.000000 9.375197 -6.031033 -4.214381 18.920308 33.699864 0.597003 -101.919476 59.388967 -70.066700 0.000000 0.000000 0.000000 
0.000698 0.962735 -0.027547 -4.268922 -20.508303 2.044321 2.187879 1.050882 9.558768 -0.079029 0.391154 -9.133913 8.053749 15.740476 18.333619 0.000000 0.000000 0.000000 1.709852 -0.321198 2.452630 0.463735 -0.175757 -6.792834 6.851711 1.748424 16.866601 0.000000 0.000000 0.000000 6.115402 -0.449549 4.543745 -3.531871 1.135971 -25.651537 -4.289619 4.197316 27.872966 15.627198 -8.215634 -28.362493 0.000000 0.000000 0.000000 -10.643257 -5.336677 3.345381 -46.792458 -0.787024 -7.530532 -26.574711 -55.932337 19.896873 0.000000 0.000000 0.000000 8.850731 -5.443948 -3.795935 18.674800 35.258143 0.638648 -101.609003 62.739480 -73.258356 0.000000 0.000000 0.000000 
0.000622 0.962720 -0.028417 -4.175757 -20.324174 1.876257 2.126276 1.037778 9.441186 -0.081122 0.367302 -8.735529 8.030784 15.724842 18.288270 0.000000 0.000000 0.000000 1.791519 -0.329178 2.483449 0.176341 -0.174193 -6.631918 6.877837 1.877326 16.774131 0.000000 0.000000 0.000000 6.024284 -0.462394 4.772949 -3.810039 1.213626 -25.882146 -3.870799 5.016215 28.298434 15.833205 -8.142724 -28.789261 0.000000 0.000000 0.000000 -10.058202 -5.052906 3.026133 -46.459815 -0.393929 -7.629694 -30.882636 -57.425939 22.993518 0.000000 0.000000 0.000000 8.748528 -4.902515 -3.431389 17.543772 36.817394 0.492614 -100.822797 67.032055 -76.727700 0.000000 0.000000 0.000000 
0.001139 0.962642 -0.029273 -4.089801 -19.850249 1.823312 1.938247 1.013171 9.227527 0.044644 0.361721 -8.803427 8.107889 15.870715 18.571919 0.000000 0.000000 0.000000 1.625637 -0.296498 2.239507 0.295525 -0.173644 -6.248600 6.841978 1.847125 16.852741 0.000000 0.000000 0.000000 6.221652 -0.470289 4.776918 -4.446594 1.363758 -25.812121 -3.317497 5.281379 28.490369 15.916437 -8.055995 -29.131846 0.000000 0.000000 0.000000 -9.463513 -4.919402 2.827166 -46.498178 0.353426 -7.867666 -34.423247 -58.115152 25.407135 0.000000 0.000000 0.000000 8.164836 -4.292017 -2.986004 16.490252 38.479523 0.335591 -98.439582 69.809172 -77.092469 0.000000 0.000000 0.000000 
0.002095 0.962598 -0.029947 -3.952387 -19.141684 1.704794 1.713967 1.018556 9.263434 0.240780 0.351989 -8.878193 7.837595 15.541114 18.494480 0.000000 0.000000 0.000000 1.535329 -0.281641 2.137515 0.132060 -0.175548 -6.206338 6.745315 1.768430 16.902817 0.000000 0.000000 0.000000 6.323459 -0.478794 4.832117 -4.543451 1.404805 -26.006618 -2.954373 5.912837 28.741710 15.873248 -7.866948 -29.307418 0.000000 0.000000 0.000000 -9.122851 -5.013832 2.708124 -46.827835 0.831011 -8.081636 -37.214385 -57.218437 26.436774 0.000000 0.000000 0.000000 7.926561 -3.920888 -2.671570 15.512614 39.851808 0.183636 -97.085406 70.619212 -76.133875 0.000000 0.000000 0.000000 
0.003118 0.962395 -0.030653 -3.703849 -17.929840 1.812257 1.549344 0.972566 8.984691 0.578956 0.339445 -9.048175 7.151035 14.616973 18.525048 0.000000 0.000000 0.000000 1.283637 -0.253989 1.996380 0.341412 -0.185511 -6.219610 6.248022 1.106663 16.916208 0.000000 0.000000 0.000000 6.585855 -0.450170 4.313679 -5.073577 1.543991 -25.900516 -2.667939 5.812295 28.922170 15.878767 -7.752818 -29.499452 0.000000 0.000000 0.000000 -8.572471 -5.332241 2.724168 -47.624147 1.623160 -8.459034 -37.592160 -55.231815 25.446742 0.000000 0.000000 0.000000 7.588798 -3.400023 -2.329882 15.113932 41.340241 0.153869 -92.925764 69.747412 -70.859404 0.000000 0.000000 0.000000 
0.003948 0.962815 -0.031705 -3.407134 -16.556759 1.872372 1.537485 0.930370 8.814818 0.575638 0.348470 -9.226061 6.399918 13.635567 18.124357 0.000000 0.000000 0.000000 1.011724 -0.218355 1.779279 0.493976 -0.194697 -6.127556 5.613996 0.345932 16.748896 0.000000 0.000000 0.000000 6.607920 -0.418836 3.882028 -5.172416 1.587049 -25.750849 -2.526160 5.979195 28.890948 15.709819 -7.574581 -29.288722 0.000000 0.000000 0.000000 -8.313438 -5.679440 2.734552 -47.754998 2.493646 -8.791857 -37.274872 -52.751941 23.666510 0.000000 0.000000 0.000000 7.233717 -2.874090 -1.956599 14.048997 42.540609 -0.045833 -89.956577 66.635079 -64.458150 0.000000 0.000000 0.000000 
0.004448 0.962929 -0.033429 -3.150007 -14.354222 1.909287 1.957507 0.808564 8.268525 0.233253 0.368688 -9.344062 5.277554 12.188438 17.857496 0.000000 0.000000 0.000000 0.860369 -0.202215 1.679825 0.387413 -0.203164 -6.034701 4.754310 -0.722651 16.687047 0.000000 0.000000 0.000000 7.069398 -0.406358 3.514227 -5.897546 1.790008 -25.441889 -2.633368 5.556083 28.965899 16.231977 -7.650562 -29.701268 0.000000 0.000000 0.000000 -8.114461 -6.404921 2.918005 -47.400979 2.776732 -8.845592 -36.389450 -50.818744 21.893621 0.000000 0.000000 0.000000 6.501319 -2.456392 -1.595350 12.808853 44.286555 -0.312982 -86.811482 63.208854 -57.820068 0.000000 0.000000 0.000000 
0.004580 0.963335 -0.035802 -2.802963 -12.608008 1.744124 2.226337 0.732332 7.938660 -0.082403 0.355556 -8.878680 4.585747 11.309658 17.122594 0.000000 0.000000 0.000000 0.702743 -0.182659 1.562293 0.532714 -0.212083 -5.856690 3.839175 -1.952700 16.600299 0.000000 0.000000 0.000000 7.152310 -0.412875 3.516025 -6.309047 1.914587 -25.398237 -2.634214 5.808087 28.898018 16.417429 -7.475388 -30.096175 0.000000 0.000000 0.000000 -7.696644 -7.487505 3.197952 -47.022136 2.881123 -8.831896 -35.446602 -50.618227 20.941347 0.000000 0.000000 0.000000 5.542614 -1.780039 -1.108058 11.573849 46.437173 -0.554413 -79.779730 58.770746 -47.382050 0.000000 0.000000 0.000000 
0.004524 0.963730 -0.038248 -2.604697 -10.956764 1.675143 2.513030 0.650235 7.526282 -0.440079 0.365432 -8.810624 3.919992 10.509318 17.146569 0.000000 0.000000 0.000000 0.571602 -0.193261 1.747480 0.503508 -0.225149 -6.106039 3.029338 -3.123290 16.749002 0.000000 0.000000 0.000000 7.726674 -0.433773 3.501052 -7.269620 2.171110 -25.302532 -2.405751 6.177121 28.947471 16.874375 -7.326417 -30.963606 0.000000 0.000000 0.000000 -7.519311 -8.292867 3.367381 -46.438611 2.955737 -8.778819 -35.173145 -51.223139 20.728666 0.000000 0.000000 0.000000 3.958392 -1.340551 -0.718869 10.613857 48.501514 -0.704515 -72.890616 55.649507 -39.194520 0.000000 0.000000 0.000000 
0.004132 0.963904 -0.040490 -2.176230 -9.572539 1.398521 2.654359 0.591154 7.174376 -1.084604 0.375448 -8.357199 3.444424 9.914331 16.694463 0.000000 0.000000 0.000000 0.398460 -0.201456 1.938604 0.521042 -0.231746 -6.087662 2.259599 -4.183446 16.716387 0.000000 0.000000 0.000000 7.715611 -0.424337 3.413419 -8.092089 2.415124 -24.578283 -2.194122 6.602847 28.572132 16.541582 -7.052300 -30.401090 0.000000 0.000000 0.000000 -7.314042 -8.060088 3.099577 -45.631049 2.371997 -8.400921 -36.605669 -54.026374 22.506636 0.000000 0.000000 0.000000 2.240803 0.314536 0.039374 9.705594 49.148273 -0.798068 -64.393082 52.329291 -30.924687 0.000000 0.000000 0.000000 
0.003401 0.964415 -0.042468 -1.809408 -8.274959 1.005496 3.027320 0.562109 7.283939 -1.699337 0.408237 -8.569548 2.845287 9.213249 16.893309 0.000000 0.000000 0.000000 0.158851 -0.234741 2.442273 0.532462 -0.248302 -6.500111 1.780977 -4.997943 17.293336 0.000000 0.000000 0.000000 7.595284 -0.403256 3.280328 -8.863262 2.642084 -24.244738 -1.528838 7.496144 28.906366 17.117013 -7.106436 -30.618058 0.000000 0.000000 0.000000 -6.600199 -8.340878 3.018143 -45.228208 1.246237 -7.984162 -40.260328 -57.706932 26.099284 0.000000 0.000000 0.000000 1.614664 1.034155 0.352220 9.696939 49.286609 -0.581353 -53.827765 52.275607 -24.415091 0.000000 0.000000 0.000000 
0.002515 0.964339 -0.044335 -1.713976 -7.300699 0.985326 3.230587 0.497516 6.821115 -1.954696 0.406990 -8.275143 2.730392 9.182193 16.969761 0.000000 0.000000 0.000000 0.300405 -0.264183 2.640944 0.581799 -0.259058 -6.671129 1.264803 -5.653024 17.177884 0.000000 0.000000 0.000000 7.589350 -0.379976 3.018334 -9.718148 2.911074 -23.457048 -0.988963 7.977961 28.507761 17.149671 -6.946377 -30.544754 0.000000 0.000000 0.000000 -6.296855 -6.842115 2.286735 -43.819988 0.499672 -7.453290 -49.423666 -64.605475 35.841239 0.000000 0.000000 0.000000 1.188208 2.929252 1.052075 10.371916 47.773342 -0.208735 -43.635842 54.013193 -19.565144 0.000000 0.000000 0.000000 
0.001666 0.964342 -0.046172 -1.760287 -6.088582 0.780287 3.905756 0.430487 6.688237 -2.660935 0.432382 -8.180692 2.255805 8.599462 16.743141 0.000000 0.000000 0.000000 0.448929 -0.310302 2.999822 0.622143 -0.267953 -6.714088 0.864005 -6.269093 17.623342 0.000000 0.000000 0.000000 7.270752 -0.379946 3.104169 -10.203330 3.071209 -23.152774 -0.103601 8.587768 28.189932 18.022055 -7.225507 -30.598378 0.000000 0.000000 0.000000 -5.595345 -6.184654 1.905579 -42.843006 -1.258260 -6.697625 -62.967620 -70.451465 50.022368 0.000000 0.000000 0.000000 1.682311 3.566674 1.331435 11.424722 45.735269 0.182295 -32.597804 58.270530 -14.856211 0.000000 0.000000 0.000000 
0.001191 0.963783 -0.047481 -1.962684 -5.134317 0.766569 4.287080 0.366240 6.310239 -2.755036 0.423395 -7.885828 1.958005 8.222232 16.450882 0.000000 0.000000 0.000000 0.671235 -0.333582 3.071337 0.585379 -0.267600 -6.582742 0.743478 -6.267026 17.514245 0.000000 0.000000 0.000000 7.136378 -0.403844 3.338294 -10.334067 3.145038 -22.683435 0.512084 9.160579 27.777484 18.760985 -7.307068 -31.122595 0.000000 0.000000 0.000000 -5.135518 -5.187104 1.426319 -42.203816 -2.738404 -6.080062 -82.805986 -74.956079 71.135085 0.000000 0.000000 0.000000 1.902190 4.100969 1.570358 12.890273 43.411657 0.589697 -22.974269 62.961710 -10.188760 0.000000 0.000000 0.000000 
0.001249 0.963190 -0.048164 -2.178833 -4.898426 0.757589 4.574833 0.349434 6.379002 -2.665398 0.415824 -7.848363 2.098390 8.335969 15.781923 0.000000 0.000000 0.000000 0.862784 -0.361236 3.222413 0.821352 -0.276260 -6.523073 0.481237 -6.643963 17.453938 0.000000 0.000000 0.000000 6.937155 -0.434310 3.698936 -10.601809 3.188521 -23.111095 1.576840 9.330179 27.963362 19.208863 -7.409748 -31.587537 0.000000 0.000000 0.000000 -4.784083 -4.568266 1.187371 -42.409112 -3.548525 -5.877977 -102.733609 -77.452237 93.392584 0.000000 0.000000 0.000000 2.272440 4.214323 1.648001 14.566984 40.982911 0.838511 -16.974447 68.404807 -7.152613 0.000000 0.000000 0.000000 
0.001875 0.962528 -0.048226 -2.240728 -5.316052 0.843457 4.420870 0.371388 6.485133 -2.394799 0.409865 -8.100607 1.994937 8.085171 15.586662 0.000000 0.000000 0.000000 0.649893 -0.320598 2.952232 0.701680 -0.269188 -6.503266 0.658285 -6.408272 17.425627 0.000000 0.000000 0.000000 6.862064 -0.483273 4.219831 -10.375645 3.113276 -23.315085 1.895234 9.636073 28.053170 19.729299 -7.712813 -31.509707 0.000000 0.000000 0.000000 -4.974663 -3.716014 0.837209 -42.323935 -4.257804 -5.633128 -110.872360 -77.699042 102.208263 0.000000 0.000000 0.000000 2.503720 3.459140 1.379308 16.541283 38.972636 1.109334 -18.935616 75.908860 -9.518204 0.000000 0.000000 0.000000 
0.002674 0.962164 -0.048099 -2.308876 -6.424720 0.893469 4.294224 0.398883 6.498376 -2.253878 0.405856 -7.852886 2.460650 8.499425 14.695445 0.000000 0.000000 0.000000 0.351710 -0.304497 3.002314 1.038067 -0.275684 -6.494044 1.136767 -5.546775 16.739650 0.000000 0.000000 0.000000 6.622070 -0.524628 4.791135 -10.395341 3.061330 -24.038124 2.409645 9.193842 28.288543 19.096687 -7.392840 -32.010204 0.000000 0.000000 0.000000 -5.401852 -2.782933 0.526158 -41.362499 -3.449826 -5.758980 -114.290703 -76.952044 105.708238 0.000000 0.000000 0.000000 3.020262 2.477800 0.996878 17.949603 37.480334 1.162617 -37.951557 80.639500 -26.834399 0.000000 0.000000 0.000000 
0.003472 0.962317 -0.048167 -2.436822 -8.206967 1.133759 4.038232 0.464572 6.816044 -1.970039 0.422795 -8.623134 2.964892 9.165999 15.273566 0.000000 0.000000 0.000000 0.281424 -0.270920 2.739946 0.940507 -0.262378 -6.507116 1.913642 -4.413315 16.461208 0.000000 0.000000 0.000000 6.411001 -0.533407 5.012465 -9.500523 2.789988 -24.383022 1.912303 8.882867 28.433373 19.569093 -7.877990 -31.986749 0.000000 0.000000 0.000000 -5.253442 -2.713282 0.629379 -40.774749 -2.922594 -5.868614 -106.240435 -78.067001 99.008033 0.000000 0.000000 0.000000 4.297236 0.984105 0.395328 18.808279 37.600706 1.229651 -71.130533 80.510347 -56.620806 0.000000 0.000000 0.000000 
0.003938 0.962664 -0.048634 -2.545129 -10.239870 1.094488 3.751745 0.537366 7.095591 -1.767569 0.416538 -8.330527 3.671550 9.994853 15.018819 0.000000 0.000000 0.000000 0.143818 -0.244918 2.618029 0.841331 -0.244940 -6.358010 2.993230 -2.860821 16.379493 0.000000 0.000000 0.000000 5.972332 -0.563917 5.715422 -8.601671 2.519552 -25.027927 1.312081 7.379381 28.704683 19.014329 -8.107506 -31.474806 0.000000 0.000000 0.000000 -5.182753 -2.928415 0.935436 -39.263905 -3.368024 -5.582156 -91.874256 -80.897852 88.530547 0.000000 0.000000 0.000000 5.076770 0.238330 -0.059579 19.136909 37.266711 1.116410 -94.393919 77.593389 -76.987134 0.000000 0.000000 0.000000 
0.004045 0.963545 -0.049468 -2.938901 -12.586400 1.100920 3.736258 0.637462 7.769824 -1.476130 0.434713 -8.927181 4.529241 11.175601 16.124497 0.000000 0.000000 0.000000 0.629182 -0.243590 2.307012 0.737797 -0.223592 -6.084816 3.812150 -1.794726 16.254651 0.000000 0.000000 0.000000 5.853917 -0.587176 6.191101 -7.700400 2.258301 -25.006449 0.499333 6.047125 28.605170 18.799333 -8.491250 -31.007361 0.000000 0.000000 0.000000 -4.159479 -4.154953 1.614147 -37.584702 -4.627651 -5.050847 -40.515046 -84.033611 43.415102 0.000000 0.000000 0.000000 6.433748 -0.849946 -0.773179 19.365151 36.994882 1.017916 -102.087228 74.759350 -82.977095 0.000000 0.000000 0.000000 
0.003853 0.964037 -0.050336 -3.151468 -14.516502 1.018539 3.558772 0.744358 8.419881 -1.351603 0.448342 -9.164172 5.706562 12.812975 16.593612 0.000000 0.000000 0.000000 1.104455 -0.274161 2.341942 0.217075 -0.206624 -6.374519 5.169842 -0.216643 17.072516 0.000000 0.000000 0.000000 5.049575 -0.565819 6.639446 -6.129763 1.843008 -25.723235 -0.545473 4.077104 29.381252 17.853284 -8.744870 -29.887133 0.000000 0.000000 0.000000 -2.862655 -5.019246 2.055307 -34.736553 -5.730896 -4.523369 12.089217 -80.197447 -2.903954 0.000000 0.000000 0.000000 6.793766 -1.364755 -1.293134 19.293348 35.782932 0.751884 -103.732328 72.085215 -83.503992 0.000000 0.000000 0.000000 
0.003653 0.964441 -0.051075 -3.624319 -16.624556 0.971251 3.596420 0.864617 9.208389 -1.033823 0.475162 -9.888622 6.498611 13.822604 17.878093 0.000000 0.000000 0.000000 1.696774 -0.299427 2.219586 0.036661 -0.189937 -6.263225 6.003057 0.594137 17.475765 0.000000 0.000000 0.000000 4.783868 -0.567762 7.055363 -5.202343 1.590199 -25.802331 -1.154424 2.056965 29.290132 17.179129 -8.972972 -29.246295 0.000000 0.000000 0.000000 -1.690922 -5.876903 2.378713 -31.077168 -6.154626 -4.037444 27.467865 -71.604208 -12.782696 0.000000 0.000000 0.000000 7.388773 -2.056162 -2.001584 19.077866 34.566187 0.569305 -102.044544 71.664258 -83.171792 0.000000 0.000000 0.000000 
0.003820 0.964956 -0.051358 -3.696305 -18.639328 0.944769 3.042633 0.972808 9.530134 -0.592035 0.470819 -10.071578 7.463248 15.050753 18.555392 0.000000 0.000000 0.000000 1.701603 -0.293529 2.184099 0.491640 -0.186479 -6.391544 6.879685 1.370969 18.083974 0.000000 0.000000 0.000000 4.341922 -0.576193 7.858318 -4.069641 1.329881 -27.006491 -2.109943 0.596658 29.774349 15.783314 -8.776704 -28.485952 0.000000 0.000000 0.000000 0.351754 -6.310549 2.283010 -28.425861 -5.718009 -3.819290 29.408133 -63.378303 -11.547166 0.000000 0.000000 0.000000 7.330509 -3.370817 -2.825947 19.595122 33.216174 0.503925 -97.083472 71.951805 -80.002062 0.000000 0.000000 0.000000 
0.004348 0.965282 -0.051341 -3.868557 -20.410900 1.061881 2.827523 1.075709 9.987113 -0.297128 0.485942 -10.449490 7.991218 15.607293 19.715404 0.000000 0.000000 0.000000 1.903235 -0.282179 1.921457 0.368215 -0.170460 -6.153481 7.388353 1.760464 18.301381 0.000000 0.000000 0.000000 4.374459 -0.580569 8.056969 -3.495019 1.173638 -27.000243 -2.513669 -0.712018 29.593976 15.128785 -8.797602 -28.057222 0.000000 0.000000 0.000000 1.192154 -6.041084 2.042087 -26.127368 -5.148173 -3.660043 28.826070 -56.787878 -9.389645 0.000000 0.000000 0.000000 7.342764 -4.842418 -3.706149 19.961176 31.500403 0.456372 -90.759964 72.396934 -75.589899 0.000000 0.000000 0.000000 
0.005064 0.965506 -0.050886 -3.908943 -21.609837 1.020914 2.598035 1.167208 10.403591 -0.159930 0.473639 -10.299434 8.686940 16.520962 19.849615 0.000000 0.000000 0.000000 1.881063 -0.269442 1.814237 0.660223 -0.164003 -6.114920 8.234060 2.596054 18.909983 0.000000 0.000000 0.000000 4.391030 -0.607295 8.782358 -2.899093 1.083143 -27.926787 -3.418784 -1.574812 29.973652 13.807788 -8.320013 -28.089162 0.000000 0.000000 0.000000 2.716853 -6.364871 1.832856 -24.900583 -3.583139 -3.726248 28.113791 -53.053566 -8.059628 0.000000 0.000000 0.000000 7.482321 -6.223294 -4.507849 20.167462 28.740569 0.301508 -88.007549 72.266013 -73.784747 0.000000 0.000000 0.000000 
0.005688 0.965671 -0.050415 -4.026923 -22.922810 1.056717 2.573302 1.273270 10.967681 -0.250953 0.520052 -10.823007 9.358921 17.309838 20.944891 0.000000 0.000000 0.000000 2.249780 -0.283344 1.704313 0.257773 -0.152506 -6.131130 9.051877 3.557953 19.167192 0.000000 0.000000 0.000000 4.934469 -0.649018 9.039775 -3.057391 1.081498 -27.670673 -4.010297 -2.927655 29.598866 13.112752 -8.118075 -28.421974 0.000000 0.000000 0.000000 3.326911 -5.852270 1.483129 -23.626403 -1.920675 -3.775530 25.374573 -50.053236 -6.014293 0.000000 0.000000 0.000000 7.681020 -7.205341 -5.239162 19.803338 27.182932 0.226562 -84.134276 71.983533 -70.897954 0.000000 0.000000 0.000000 
0.006175 0.965892 -0.049899 -3.987400 -24.158749 1.012671 2.316063 1.378129 11.394008 -0.174505 0.541041 -11.094023 9.956402 18.013855 21.523438 0.000000 0.000000 0.000000 2.115464 -0.254770 1.497550 0.448560 -0.144023 -6.183247 9.861264 4.327877 19.711505 0.000000 0.000000 0.000000 5.130276 -0.680052 9.661088 -2.924672 1.086698 -28.464981 -4.743597 -3.538524 29.979560 12.172746 -7.624085 -29.554393 0.000000 0.000000 0.000000 3.709259 -6.481248 1.580838 -22.731281 -0.007322 -3.884940 23.921499 -48.683888 -5.137551 0.000000 0.000000 0.000000 7.849686 -8.247788 -5.920165 19.218987 26.355630 0.128287 -86.597685 72.101786 -74.051247 0.000000 0.000000 0.000000 
0.006472 0.966166 -0.049618 -3.984478 -25.116595 1.078799 2.033283 1.475457 11.778676 -0.079994 0.561537 -11.372494 10.450295 18.549580 22.357152 0.000000 0.000000 0.000000 2.248124 -0.236533 1.191647 0.353921 -0.134471 -5.824338 10.303593 4.958392 19.615775 0.000000 0.000000 0.000000 5.379569 -0.695571 9.786884 -2.745218 1.023276 -28.239190 -5.482908 -4.307675 29.629404 11.855509 -7.597503 -29.637125 0.000000 0.000000 0.000000 3.916124 -5.945444 1.314003 -21.894968 1.570012 -3.919801 21.833068 -48.530610 -4.091001 0.000000 0.000000 0.000000 7.906326 -8.752263 -6.326550 17.935878 26.331885 0.023197 -93.261113 71.402629 -80.395089 0.000000 0.000000 0.000000 
0.006662 0.966645 -0.049459 -4.110909 -26.068447 1.279832 1.750035 1.548725 11.991460 0.231266 0.570741 -11.642446 10.954604 19.096683 22.958324 0.000000 0.000000 0.000000 2.262674 -0.186848 0.605716 0.551535 -0.126523 -5.742989 11.000268 5.488755 20.260380 0.000000 0.000000 0.000000 5.677266 -0.716500 9.922601 -2.734958 1.001581 -28.115817 -6.136833 -4.554659 29.341815 11.798639 -7.606126 -29.852952 0.000000 0.000000 0.000000 3.784241 -6.281875 1.458672 -20.756658 3.229012 -3.897890 20.285332 -48.358317 -3.481229 0.000000 0.000000 0.000000 7.773380 -8.795194 -6.397718 16.533849 26.638649 -0.120685 -99.777802 69.790976 -85.623523 0.000000 0.000000 0.000000 
0.006833 0.967186 -0.049553 -4.199438 -26.525730 1.620843 1.513721 1.560854 11.914203 0.352575 0.553121 -11.481146 11.369446 19.540933 23.603963 0.000000 0.000000 0.000000 2.418884 -0.173684 0.326763 0.524433 -0.123253 -5.888176 11.157718 5.608176 20.328573 0.000000 0.000000 0.000000 5.765338 -0.725893 9.970776 -2.818758 1.056776 -28.721270 -6.491014 -4.600726 29.684454 11.885773 -7.664881 -30.177144 0.000000 0.000000 0.000000 3.996399 -6.171915 1.351402 -20.435582 3.492829 -3.864724 18.445924 -48.339317 -2.691641 0.000000 0.000000 0.000000 7.282540 -9.526715 -6.549506 15.170209 28.106717 -0.335710 -104.380673 66.305199 -86.786042 0.000000 0.000000 0.000000 
0.007039 0.967633 -0.049858 -4.181177 -27.036607 1.989385 1.162263 1.556449 11.687348 0.578847 0.538240 -11.425260 11.870288 20.075090 24.290120 0.000000 0.000000 0.000000 2.468974 -0.103142 -0.490221 0.527194 -0.117184 -5.526617 11.566479 6.337736 20.163102 0.000000 0.000000 0.000000 5.786255 -0.720642 9.786668 -2.900813 1.058776 -28.618103 -6.915508 -4.427314 29.213844 12.144122 -7.771049 -30.141661 0.000000 0.000000 0.000000 3.509591 -6.132374 1.476364 -20.177969 4.201012 -3.885125 16.695450 -50.266770 -2.069740 0.000000 0.000000 0.000000 6.399937 -9.421306 -6.142655 14.218256 29.686987 -0.527222 -109.076015 63.331234 -88.592809 0.000000 0.000000 0.000000 
0.007239 0.967869 -0.050429 -4.306460 -27.229084 2.231188 1.181695 1.555131 11.669899 0.591633 0.540566 -11.451847 12.078485 20.326773 24.390537 0.000000 0.000000 0.000000 2.750200 -0.102455 -0.667884 0.391818 -0.116323 -5.716101 11.533272 6.223114 20.166892 0.000000 0.000000 0.000000 5.566194 -0.710109 9.862805 -3.317256 1.135370 -28.572835 -6.823304 -4.229355 28.890010 12.502674 -7.944699 -29.971619 0.000000 0.000000 0.000000 3.184209 -6.390534 1.669827 -20.653691 4.470536 -3.989450 14.381772 -53.276409 -1.089655 0.000000 0.000000 0.000000 5.942318 -9.358672 -5.909158 13.250859 31.568044 -0.752257 -110.083866 60.428282 -86.269489 0.000000 0.000000 0.000000 
0.007422 0.968264 -0.051153 -4.287096 -28.163700 2.275860 0.744748 1.570239 11.473503 0.866832 0.509116 -11.234697 12.447020 20.681683 24.704046 0.000000 0.000000 0.000000 2.693390 -0.066481 -1.027047 0.563844 -0.107492 -5.506587 11.579637 6.237307 20.002489 0.000000 0.000000 0.000000 5.356226 -0.692356 10.022386 -3.807620 1.214722 -28.474154 -6.473583 -3.360587 28.460376 12.290240 -7.780957 -29.966628 0.000000 0.000000 0.000000 2.241105 -6.544657 1.993156 -21.659758 4.757227 -4.217022 9.848015 -57.288303 1.199427 0.000000 0.000000 0.000000 5.125642 -8.737379 -5.279426 12.314704 33.222948 -1.019414 -109.931524 58.418461 -83.720731 0.000000 0.000000 0.000000 
0.007531 0.968391 -0.051876 -4.333377 -28.637096 2.273978 0.624606 1.606012 11.580961 0.821893 0.508798 -11.189213 12.708391 20.998873 24.762154 0.000000 0.000000 0.000000 2.954681 -0.080816 -1.023537 0.195811 -0.104999 -5.712975 11.766818 6.151904 20.372061 0.000000 0.000000 0.000000 5.039700 -0.675303 10.389076 -4.194572 1.299709 -28.634963 -6.304962 -2.550935 28.240624 12.733741 -7.905617 -30.038432 0.000000 0.000000 0.000000 1.566022 -6.828450 2.284412 -23.230470 4.814232 -4.524409 3.057755 -59.631918 5.027250 0.000000 0.000000 0.000000 4.930752 -8.268630 -4.963284 11.106505 34.827117 -1.353370 -107.253777 57.011386 -78.968132 0.000000 0.000000 0.000000 
0.007673 0.968737 -0.052675 -4.278774 -29.068328 2.380185 0.578523 1.656090 11.801659 0.609368 0.562875 -11.641251 13.093886 21.436618 25.243289 0.000000 0.000000 0.000000 3.189873 -0.048107 -1.461241 -0.054882 -0.102541 -5.760445 12.015432 6.076897 20.884517 0.000000 0.000000 0.000000 5.234135 -0.685893 10.313620 -5.181803 1.488918 -28.517897 -6.229342 -2.234527 28.098751 12.293457 -7.763613 -29.725283 0.000000 0.000000 0.000000 0.994806 -7.422870 2.672046 -25.162310 5.505212 -4.968762 -3.406591 -58.644621 8.406953 0.000000 0.000000 0.000000 4.489552 -7.422117 -4.454239 9.935594 36.251922 -1.741431 -105.331036 56.141698 -75.951975 0.000000 0.000000 0.000000 
0.007970 0.968900 -0.053614 -4.120542 -29.481874 2.336525 0.371242 1.703846 11.943349 0.633593 0.582467 -11.852792 13.332859 21.723391 25.364751 0.000000 0.000000 0.000000 3.219841 -0.046679 -1.499471 -0.174362 -0.099919 -5.829563 12.020986 5.870687 21.039657 0.000000 0.000000 0.000000 4.882238 -0.658075 10.546296 -5.059912 1.492599 -28.950435 -6.363094 -1.639674 28.378001 12.354957 -7.780261 -29.778646 0.000000 0.000000 0.000000 0.211834 -8.100290 3.141558 -26.620812 5.640810 -5.286558 -5.451013 -54.959908 8.478621 0.000000 0.000000 0.000000 3.868814 -6.588894 -3.873328 8.161048 37.766025 -2.369110 -103.008738 54.304532 -71.428618 0.000000 0.000000 0.000000 
0.008550 0.969061 -0.055008 -4.044823 -29.801647 2.381945 0.387708 1.687566 11.821736 0.600148 0.616812 -12.187116 13.519861 21.867879 25.783906 0.000000 0.000000 0.000000 3.364469 -0.022950 -1.789280 -0.508652 -0.097829 -5.670767 12.080945 5.829987 21.119830 0.000000 0.000000 0.000000 5.214144 -0.682370 10.578907 -5.767888 1.642727 -29.033581 -6.423260 -1.852415 28.495128 11.650813 -7.486189 -29.895234 0.000000 0.000000 0.000000 0.188895 -8.559472 3.336828 -28.017690 5.337039 -5.465390 -4.499711 -48.356432 6.557765 0.000000 0.000000 0.000000 2.962719 -5.967571 -3.331970 6.343210 40.033437 -3.220700 -102.666004 51.489891 -67.987951 0.000000 0.000000 0.000000 
0.009426 0.969432 -0.056821 -3.957143 -29.553946 2.375253 0.422537 1.624871 11.510410 0.686531 0.595710 -12.023257 13.293445 21.635947 25.369660 0.000000 0.000000 0.000000 3.408332 0.021220 -2.190902 -0.449701 -0.096528 -5.317956 11.951467 5.652570 21.133255 0.000000 0.000000 0.000000 5.251522 -0.697913 10.947838 -5.700942 1.652245 -29.373740 -6.890491 -1.991913 28.636229 12.093544 -7.730153 -29.836836 0.000000 0.000000 0.000000 0.102109 -9.917113 3.889839 -28.539361 4.206399 -5.372168 -0.766781 -40.668282 3.583578 0.000000 0.000000 0.000000 1.885146 -5.511155 -2.771326 3.827425 41.989824 -4.353915 -102.932264 47.106474 -63.155753 0.000000 0.000000 0.000000 
0.010449 0.970188 -0.058774 -4.108032 -29.347755 2.261747 0.737289 1.563130 11.289466 0.387379 0.577755 -11.659979 13.298077 21.659958 25.349733 0.000000 0.000000 0.000000 3.594954 0.027752 -2.276660 -0.438094 -0.096080 -5.086918 11.914442 5.614081 21.168303 0.000000 0.000000 0.000000 5.372568 -0.719443 11.334572 -5.869378 1.699523 -29.582259 -7.126322 -2.275074 29.047368 12.044353 -7.710848 -30.157725 0.000000 0.000000 0.000000 0.030019 -10.787370 4.248315 -29.014164 2.128028 -5.115719 3.068011 -33.530694 1.514362 0.000000 0.000000 0.000000 1.317398 -5.363958 -2.521552 1.236643 43.591909 -5.562775 -103.018737 43.138099 -58.572712 0.000000 0.000000 0.000000 
0.011347 0.970553 -0.060212 -4.085622 -29.375759 2.278258 0.677861 1.526764 11.053784 0.404162 0.560853 -11.480176 13.141532 21.403435 25.455922 0.000000 0.000000 0.000000 3.551308 0.045668 -2.419937 -0.468211 -0.094531 -4.944456 11.985768 5.808253 21.083332 0.000000 0.000000 0.000000 5.394200 -0.728813 11.600311 -5.963939 1.719630 -29.694312 -7.400808 -2.610853 28.970955 11.949595 -7.731024 -29.941481 0.000000 0.000000 0.000000 0.138137 -11.188754 4.381859 -29.140388 0.512726 -4.842313 5.219027 -28.629654 0.645270 0.000000 0.000000 0.000000 0.533581 -5.276488 -2.224357 -1.106071 44.479163 -6.643997 -103.567825 40.940093 -56.562063 0.000000 0.000000 0.000000 
0.011981 0.970740 -0.060787 -3.908040 -29.553575 2.150295 0.562045 1.558595 11.179530 0.263121 0.571047 -11.494105 13.398753 21.707233 25.725869 0.000000 0.000000 0.000000 3.223915 0.039694 -2.269730 -0.222446 -0.097315 -5.270471 11.974564 5.458504 21.472578 0.000000 0.000000 0.000000 5.384426 -0.723953 11.591601 -6.278548 1.784173 -29.746328 -7.478427 -2.498520 29.517311 11.772389 -7.612788 -30.492766 0.000000 0.000000 0.000000 0.242442 -11.380722 4.414838 -29.522466 -0.566774 -4.710105 6.927979 -26.959487 0.216850 0.000000 0.000000 0.000000 0.236916 -5.648815 -2.253191 -2.794172 44.709128 -7.351158 -103.404739 40.357532 -55.798279 0.000000 0.000000 0.000000 
0.012355 0.970535 -0.060562 -3.839820 -29.501212 1.989328 0.551726 1.600507 11.420011 0.122528 0.601964 -11.755732 13.261915 21.583211 25.513868 0.000000 0.000000 0.000000 3.115316 0.010617 -1.954471 -0.309709 -0.099930 -5.551875 11.851861 5.368756 21.332602 0.000000 0.000000 0.000000 5.715025 -0.743405 11.349236 -6.887806 1.886553 -29.167020 -7.608738 -2.637633 29.660457 11.386476 -7.499627 -30.275959 0.000000 0.000000 0.000000 0.139997 -10.842058 4.234571 -30.189836 -0.658789 -4.789274 6.843468 -29.399662 0.363303 0.000000 0.000000 0.000000 -0.370062 -5.863279 -2.113654 -3.883777 43.573095 -7.474912 -103.346372 41.268627 -57.152853 0.000000 0.000000 0.000000 
0.012700 0.970308 -0.060089 -3.792533 -29.736972 2.158715 0.368015 1.628588 11.494592 0.373318 0.608911 -11.980606 13.110303 21.280086 25.848328 0.000000 0.000000 0.000000 3.075834 0.015838 -2.014794 -0.357571 -0.099300 -5.742627 11.842382 5.233604 21.418555 0.000000 0.000000 0.000000 5.912020 -0.746327 10.934403 -7.184986 1.935026 -28.836635 -7.726256 -2.153295 29.908941 11.544646 -7.481481 -30.701037 0.000000 0.000000 0.000000 -0.091853 -10.171762 4.034780 -31.046822 -0.625027 -4.934399 7.169547 -33.139917 0.491248 0.000000 0.000000 0.000000 -0.562363 -6.044919 -2.106055 -5.224770 42.542544 -7.643575 -104.050482 42.591125 -59.382367 0.000000 0.000000 0.000000 
0.013038 0.969867 -0.059781 -3.729896 -29.586864 2.255383 0.328154 1.624592 11.476324 0.462192 0.600231 -11.940887 12.922383 21.107480 25.425527 0.000000 0.000000 0.000000 2.723000 0.032629 -2.045489 0.031013 -0.098849 -5.787408 11.511307 4.938597 21.127448 0.000000 0.000000 0.000000 6.110344 -0.761707 10.844626 -7.367445 1.984500 -28.956520 -8.052877 -1.855781 30.206373 12.416473 -7.822363 -31.016810 0.000000 0.000000 0.000000 -0.115628 -9.680816 3.834567 -32.052594 -0.125464 -5.170648 8.074787 -39.069954 0.597107 0.000000 0.000000 0.000000 -1.391688 -6.368924 -1.927484 -6.481060 41.630937 -7.827136 -102.341828 43.324542 -58.944891 0.000000 0.000000 0.000000 
0.013321 0.969835 -0.059889 -3.781492 -29.398910 2.446132 0.411552 1.588315 11.324826 0.388652 0.613192 -12.047808 12.697355 20.753765 25.707570 0.000000 0.000000 0.000000 2.665214 0.073264 -2.412551 -0.033117 -0.099391 -5.446551 11.236305 4.935214 20.573130 0.000000 0.000000 0.000000 6.418117 -0.783391 10.635886 -7.958913 2.102803 -28.589725 -8.071615 -1.984497 30.061662 13.261684 -8.082276 -31.535115 0.000000 0.000000 0.000000 0.114402 -9.087943 3.536233 -32.605885 0.072324 -5.235659 8.208596 -45.162353 1.014942 0.000000 0.000000 0.000000 -2.417044 -6.267334 -1.544006 -8.452925 41.182349 -8.392119 -99.366604 42.641901 -55.879397 0.000000 0.000000 0.000000 
0.013490 0.969837 -0.060136 -3.668223 -28.928132 2.759087 0.560567 1.489357 10.858955 0.050046 0.622979 -11.974379 12.387835 20.389819 25.430228 0.000000 0.000000 0.000000 2.492711 0.112379 -2.724419 0.156891 -0.102283 -5.536500 10.800004 4.364618 20.472334 0.000000 0.000000 0.000000 6.496911 -0.792675 10.441984 -8.033224 2.130919 -28.722481 -8.353705 -2.085671 30.076627 13.676622 -8.243914 -31.506238 0.000000 0.000000 0.000000 0.446076 -8.853248 3.345968 -33.123346 0.208445 -5.280462 8.221967 -51.824190 1.608550 0.000000 0.000000 0.000000 -3.826507 -6.580579 -1.182848 -10.181113 41.404726 -9.121504 -96.559545 41.508227 -52.513835 0.000000 0.000000 0.000000 
0.013526 0.969567 -0.060244 -3.611803 -28.347607 2.784653 0.755965 1.458968 10.809330 -0.010968 0.643254 -12.203058 12.026119 19.915158 25.621365 0.000000 0.000000 0.000000 2.490673 0.124436 -2.814637 -0.028506 -0.106184 -5.460647 10.307084 3.925718 20.065680 0.000000 0.000000 0.000000 6.748077 -0.799870 10.034893 -8.774761 2.300138 -28.375862 -8.057780 -2.320951 30.059534 14.103306 -8.376874 -31.701285 0.000000 0.000000 0.000000 0.818673 -8.794566 3.216000 -33.279917 -0.315028 -5.146957 8.268110 -57.404513 2.189767 0.000000 0.000000 0.000000 -5.339203 -6.982419 -0.815733 -11.411541 41.977831 -9.814809 -93.935132 40.151529 -49.183180 0.000000 0.000000 0.000000 
0.013653 0.969255 -0.060179 -3.459689 -27.536357 2.637876 0.847012 1.429938 10.752906 -0.176062 0.632296 -12.024231 11.733838 19.642256 25.332315 0.000000 0.000000 0.000000 2.398661 0.126185 -2.760364 -0.046962 -0.110611 -5.356017 9.865291 3.269471 20.148942 0.000000 0.000000 0.000000 6.742286 -0.812811 10.182251 -9.105445 2.392658 -28.455643 -8.099228 -2.680684 30.370433 14.135903 -8.410348 -31.661028 0.000000 0.000000 0.000000 0.895481 -8.875658 3.215367 -32.952851 -1.148191 -4.939840 9.327473 -62.857360 2.171175 0.000000 0.000000 0.000000 -6.574894 -7.241454 -0.511309 -12.833779 42.653870 -10.646196 -92.033065 38.891231 -46.531998 0.000000 0.000000 0.000000 
0.013961 0.969052 -0.060144 -3.500849 -26.511718 2.475826 1.184949 1.369523 10.611310 -0.398063 0.624810 -11.856475 11.453536 19.418966 24.970412 0.000000 0.000000 0.000000 2.454980 0.103565 -2.519462 -0.235303 -0.114843 -5.230562 9.366886 3.009505 19.603595 0.000000 0.000000 0.000000 6.792422 -0.819865 10.063759 -9.525832 2.498564 -27.903831 -7.682094 -2.770389 30.168691 14.354582 -8.490721 -31.330295 0.000000 0.000000 0.000000 0.818985 -9.162846 3.338724 -32.757759 -3.211564 -4.474414 11.563227 -66.451447 1.039475 0.000000 0.000000 0.000000 -7.687484 -7.260487 -0.198494 -12.987187 42.839979 -10.734556 -91.338256 38.645808 -45.670701 0.000000 0.000000 0.000000 
0.014595 0.968564 -0.060266 -3.162435 -25.105564 2.291866 1.345834 1.282380 10.264201 -0.712855 0.606691 -11.493131 11.275433 19.379997 24.555073 0.000000 0.000000 0.000000 2.089485 0.133945 -2.615595 -0.185570 -0.115177 -4.721343 8.653930 2.496596 18.993946 0.000000 0.000000 0.000000 6.562849 -0.811774 9.986222 -9.645953 2.548037 -27.742841 -7.601174 -2.878594 30.242647 14.474634 -8.400907 -31.573040 0.000000 0.000000 0.000000 0.629192 -9.587669 3.536895 -32.554500 -5.742992 -3.928629 15.376999 -68.167388 -1.451366 0.000000 0.000000 0.000000 -8.872671 -7.224035 0.107588 -12.801558 42.963782 -10.668044 -90.147523 38.889249 -44.912112 0.000000 0.000000 0.000000 
0.015447 0.968344 -0.060587 -3.036508 -23.758015 1.958830 1.704553 1.203026 10.009694 -1.174183 0.603064 -11.172107 10.925688 19.082154 24.261820 0.000000 0.000000 0.000000 1.924009 0.124478 -2.399745 -0.134126 -0.114394 -4.292689 7.781409 1.678355 18.376685 0.000000 0.000000 0.000000 6.632855 -0.822253 9.908760 -10.034414 2.658094 -27.234547 -7.186893 -2.690945 30.274341 14.932124 -8.517221 -31.543096 0.000000 0.000000 0.000000 0.343921 -10.095856 3.782741 -32.153252 -8.568192 -3.308907 20.825573 -68.812106 -5.322144 0.000000 0.000000 0.000000 -9.440057 -6.802721 0.288596 -12.239445 42.716890 -10.228171 -90.715260 39.915062 -45.996601 0.000000 0.000000 0.000000 
0.016396 0.967802 -0.061065 -2.833695 -22.193210 1.827313 1.937864 1.070722 9.327670 -1.275310 0.575357 -10.794479 10.301060 18.388010 24.099351 0.000000 0.000000 0.000000 1.791245 0.109758 -2.151098 0.003097 -0.122943 -4.251257 7.117107 0.875587 18.327946 0.000000 0.000000 0.000000 6.464862 -0.809823 9.657943 -10.015756 2.681738 -26.688124 -7.060197 -2.505543 30.055427 14.720274 -8.280209 -31.411625 0.000000 0.000000 0.000000 -0.036657 -10.767660 4.111550 -31.718374 -10.933988 -2.774571 24.762064 -68.839892 -8.297986 0.000000 0.000000 0.000000 -9.996176 -6.105338 0.509071 -10.619433 42.309729 -9.343786 -92.714162 41.367066 -48.489003 0.000000 0.000000 0.000000 
0.017180 0.967549 -0.061560 -2.758660 -20.925592 1.745778 2.406388 0.983184 8.991813 -1.508227 0.574763 -10.696667 9.494246 17.433979 23.842640 0.000000 0.000000 0.000000 1.702191 0.096254 -1.942358 0.068214 -0.121993 -3.910635 6.641175 0.639585 17.795504 0.000000 0.000000 0.000000 6.138437 -0.789248 9.512041 -9.980479 2.688497 -26.618074 -6.558509 -2.170511 30.171325 14.847782 -8.323981 -30.975647 0.000000 0.000000 0.000000 -0.467218 -11.150854 4.336427 -31.157051 -13.004289 -2.344997 29.448825 -68.844238 -11.764122 0.000000 0.000000 0.000000 -9.870452 -5.772808 0.449127 -8.503971 42.056645 -8.374926 -95.659943 42.770434 -51.659635 0.000000 0.000000 0.000000 
0.017642 0.967443 -0.062139 -2.552583 -19.630143 1.483148 2.805879 0.899733 8.624674 -1.811932 0.564643 -10.339204 8.785323 16.631380 23.468762 0.000000 0.000000 0.000000 1.632417 0.059821 -1.508210 -0.066059 -0.123595 -3.968340 6.347032 0.333403 17.878134 0.000000 0.000000 0.000000 5.522742 -0.758265 9.651800 -9.954623 2.703801 -26.301428 -6.194934 -2.187149 29.908488 14.179147 -7.974533 -30.441802 0.000000 0.000000 0.000000 -0.751124 -11.502556 4.511618 -30.346316 -14.332393 -2.031484 32.594621 -68.210517 -14.080218 0.000000 0.000000 0.000000 -9.183505 -5.083137 0.394483 -6.153660 41.323120 -7.243001 -98.868094 44.067616 -55.141331 0.000000 0.000000 0.000000 
0.017789 0.967438 -0.062857 -2.571873 -18.393029 1.420434 3.349668 0.816553 8.291590 -2.129855 0.569070 -10.234228 8.070465 15.811424 23.031456 0.000000 0.000000 0.000000 1.912521 0.029408 -1.278637 -0.252922 -0.114025 -3.731577 6.089705 0.360239 17.486289 0.000000 0.000000 0.000000 5.041478 -0.750984 10.033719 -9.683745 2.645831 -26.379776 -5.951582 -2.192280 29.677138 13.848846 -7.834079 -29.745583 0.000000 0.000000 0.000000 -1.084379 -11.525734 4.572878 -29.256817 -15.356907 -1.821917 33.354893 -67.208587 -14.653396 0.000000 0.000000 0.000000 -8.388750 -4.881591 0.204542 -3.405333 40.660557 -6.100032 -103.181452 45.328730 -59.674884 0.000000 0.000000 0.000000 
0.017737 0.967338 -0.063651 -2.628521 -17.313340 1.415970 3.874688 0.737727 7.934905 -2.316849 0.563020 -10.042105 7.571637 15.259999 22.883221 0.000000 0.000000 0.000000 2.107480 -0.006273 -0.978523 -0.211131 -0.123574 -3.920129 5.649139 -0.113338 17.349675 0.000000 0.000000 0.000000 4.699771 -0.733241 10.044675 -9.586440 2.628410 -26.499390 -5.812139 -2.197958 29.814535 13.347329 -7.446199 -29.975941 0.000000 0.000000 0.000000 -1.053359 -11.498916 4.528539 -28.551417 -15.977267 -1.707182 32.290288 -65.438362 -13.729843 0.000000 0.000000 0.000000 -7.261957 -5.034193 -0.136550 -0.831605 40.039250 -5.119406 -106.534525 46.700829 -63.779326 0.000000 0.000000 0.000000 
0.017665 0.967110 -0.064344 -2.742964 -16.179700 1.522804 4.374616 0.666811 7.648030 -2.442114 0.561817 -10.091568 6.949038 14.543063 22.435928 0.000000 0.000000 0.000000 2.319342 -0.011286 -0.977384 -0.119500 -0.124379 -3.739929 5.130032 -0.727480 17.231170 0.000000 0.000000 0.000000 4.325202 -0.719830 10.184800 -9.199259 2.543868 -26.461414 -5.801718 -2.371225 29.618337 12.649866 -7.037961 -29.691397 0.000000 0.000000 0.000000 -1.061115 -10.927673 4.295110 -28.267847 -16.696352 -1.557478 29.986729 -63.378769 -11.929805 0.000000 0.000000 0.000000 -6.283164 -5.444560 -0.499993 1.214036 39.124596 -4.300701 -109.433566 47.623676 -67.187306 0.000000 0.000000 0.000000 
0.017727 0.966836 -0.064800 -2.813631 -15.382648 1.639153 4.557179 0.620092 7.399179 -2.335743 0.547092 -10.059012 6.695075 14.288213 22.305374 0.000000 0.000000 0.000000 2.326952 -0.002021 -1.043268 0.038667 -0.134506 -3.797861 4.794823 -1.187348 17.294521 0.000000 0.000000 0.000000 4.112401 -0.706939 10.117890 -9.140540 2.525638 -26.814111 -5.704593 -2.436292 29.935252 12.404994 -6.847720 -29.815027 0.000000 0.000000 0.000000 -1.247607 -10.446843 4.139002 -28.471328 -16.886413 -1.559137 26.562772 -62.143682 -9.696418 0.000000 0.000000 0.000000 -5.385908 -5.702854 -0.802096 2.593669 38.294617 -3.769016 -111.339918 47.936058 -69.134451 0.000000 0.000000 0.000000 
0.017986 0.966524 -0.065006 -2.836331 -14.517414 1.748359 4.608156 0.571598 7.067172 -2.093794 0.519284 -9.871514 6.349688 13.912428 22.120250 0.000000 0.000000 0.000000 2.339207 0.006347 -1.099499 -0.003824 -0.133275 -3.753756 4.646591 -1.321558 17.372834 0.000000 0.000000 0.000000 3.992214 -0.701188 10.042079 -9.007466 2.504980 -26.745154 -5.796980 -2.378195 29.743074 11.843202 -6.475576 -29.644576 0.000000 0.000000 0.000000 -1.683392 -9.761739 3.946074 -29.208818 -16.856222 -1.572726 21.933065 -61.222224 -6.958589 0.000000 0.000000 0.000000 -4.786469 -6.016782 -1.056842 3.418442 37.465666 -3.374563 -112.292269 47.685743 -69.380541 0.000000 0.000000 0.000000 
0.018331 0.966250 -0.065008 -2.729866 -13.997975 1.873439 4.433990 0.540364 6.744923 -1.832599 0.481557 -9.366905 6.175637 13.700362 21.318133 0.000000 0.000000 0.000000 2.059350 0.039711 -1.303497 0.189427 -0.143781 -3.784641 4.430528 -1.484802 17.166548 0.000000 0.000000 0.000000 4.041199 -0.708094 9.968514 -9.307339 2.562171 -27.384355 -5.576332 -1.859594 30.087075 12.160084 -6.561547 -29.587659 0.000000 0.000000 0.000000 -2.341473 -9.450664 3.924131 -30.083075 -16.355708 -1.745206 16.879841 -61.794950 -4.223086 0.000000 0.000000 0.000000 -4.765857 -6.573240 -1.279747 3.433809 37.748329 -3.355932 -111.638713 47.235402 -67.676982 0.000000 0.000000 0.000000 
0.018681 0.965999 -0.064954 -2.713146 -13.263143 1.765779 4.377406 0.506561 6.451143 -1.695925 0.452597 -8.937990 5.840884 13.322080 21.241241 0.000000 0.000000 0.000000 2.130301 0.027902 -1.186593 -0.066546 -0.134584 -3.810493 4.228758 -1.563520 16.902019 0.000000 0.000000 0.000000 4.210637 -0.712486 9.673211 -9.652431 2.662587 -27.020881 -5.555020 -1.572784 30.003167 12.327826 -6.553427 -29.537809 0.000000 0.000000 0.000000 -2.611358 -8.916379 3.727887 -31.830286 -15.284791 -1.998507 10.693178 -63.084003 -0.665448 0.000000 0.000000 0.000000 -5.330949 -6.368531 -1.143806 2.377718 37.686592 -3.541603 -108.977398 45.527482 -62.729856 0.000000 0.000000 0.000000 
0.018810 0.965371 -0.064660 -2.586396 -12.715300 1.906405 4.156534 0.454181 5.827278 -1.509221 0.411042 -8.204821 5.774692 13.234441 20.196148 0.000000 0.000000 0.000000 1.787751 0.052164 -1.294151 0.122243 -0.135558 -3.528293 3.907582 -1.774100 16.422645 0.000000 0.000000 0.000000 4.386266 -0.702672 9.127304 -10.037338 2.754464 -27.070494 -5.268090 -0.728693 30.407794 12.789196 -6.638129 -29.610548 0.000000 0.000000 0.000000 -2.660637 -8.561418 3.549141 -33.855405 -14.403707 -2.264968 4.851518 -64.539890 2.867570 0.000000 0.000000 0.000000 -6.809079 -6.857634 -1.095780 1.108213 38.436881 -3.890495 -105.709440 43.334147 -56.653632 0.000000 0.000000 0.000000 
0.018519 0.965119 -0.064067 -2.603702 -11.886851 1.857109 4.262750 0.420961 5.612359 -1.479537 0.392480 -7.856338 5.485080 12.910233 19.897838 0.000000 0.000000 0.000000 1.752188 0.034198 -1.089452 0.061648 -0.131179 -3.444041 3.411030 -2.286367 16.001710 0.000000 0.000000 0.000000 4.778581 -0.676217 8.116421 -10.593112 2.927468 -26.184583 -5.021633 -0.278717 30.411490 13.261072 -6.781225 -29.537865 0.000000 0.000000 0.000000 -2.703878 -8.400282 3.448653 -35.879372 -12.980263 -2.686543 -2.181672 -65.691885 7.351770 0.000000 0.000000 0.000000 -8.192898 -6.593026 -0.868349 -1.151897 39.070533 -4.470716 -102.216631 41.005109 -50.694440 0.000000 0.000000 0.000000 
0.017997 0.964878 -0.063103 -2.581202 -11.079229 1.787520 4.031527 0.410199 5.523854 -1.183742 0.359219 -7.561935 5.464877 12.961553 19.514870 0.000000 0.000000 0.000000 1.770966 0.017144 -0.910502 0.092728 -0.123714 -3.133819 3.304309 -2.293691 15.927266 0.000000 0.000000 0.000000 4.969555 -0.656749 7.574874 -10.867691 3.020420 -25.830937 -4.974942 0.409337 30.470707 13.820398 -6.990787 -29.180920 0.000000 0.000000 0.000000 -2.527777 -8.364791 3.356594 -37.381590 -11.351774 -3.193958 -9.214725 -66.503395 11.893130 0.000000 0.000000 0.000000 -10.006844 -6.434942 -0.675538 -2.830762 39.863489 -4.917059 -98.248677 37.805943 -43.659400 0.000000 0.000000 0.000000 
0.017498 0.964824 -0.061974 -2.579455 -10.060019 1.626100 4.048181 0.376885 5.267724 -1.335172 0.345929 -6.983162 5.349248 12.881219 18.834591 0.000000 0.000000 0.000000 1.765101 -0.013759 -0.586533 -0.108640 -0.105493 -2.917911 2.925717 -2.526154 15.377420 0.000000 0.000000 0.000000 5.294913 -0.622088 6.770790 -11.533814 3.244413 -25.014451 -4.470140 0.996865 30.305819 14.419721 -7.307472 -28.482679 0.000000 0.000000 0.000000 -2.161729 -8.775928 3.410673 -38.386373 -10.666272 -3.435402 -10.689418 -64.757944 12.119609 0.000000 0.000000 0.000000 -11.086530 -5.993367 -0.572857 -4.342038 40.276233 -5.224613 -96.231613 35.122635 -38.843816 0.000000 0.000000 0.000000 
0.017407 0.964330 -0.060799 -2.468415 -8.726401 1.447515 3.783783 0.356970 5.099665 -1.083139 0.308729 -6.508065 5.046947 12.601465 18.661388 0.000000 0.000000 0.000000 1.508576 -0.014949 -0.447462 0.073987 -0.093443 -2.246306 2.578628 -2.724607 14.962739 0.000000 0.000000 0.000000 5.352971 -0.597476 6.370314 -11.772200 3.335621 -24.704786 -4.381566 1.401188 30.222107 14.630391 -7.387426 -27.882274 0.000000 0.000000 0.000000 -1.877850 -9.555645 3.613710 -38.994302 -10.250930 -3.589524 -8.179315 -62.553898 9.692949 0.000000 0.000000 0.000000 -12.051628 -5.629866 -0.541022 -5.124057 40.738256 -5.334542 -94.039508 31.885103 -33.536158 0.000000 0.000000 0.000000 
0.017979 0.964113 -0.059759 -2.525502 -7.451645 1.295900 3.849219 0.324093 4.905455 -1.206360 0.295340 -5.913601 4.756537 12.246685 17.654776 0.000000 0.000000 0.000000 1.296641 -0.032146 -0.179945 0.275350 -0.100543 -2.023935 1.915393 -3.527311 14.564584 0.000000 0.000000 0.000000 5.625934 -0.577507 5.892577 -12.165344 3.471803 -24.334929 -4.093308 1.685198 30.416976 14.826906 -7.626118 -26.829921 0.000000 0.000000 0.000000 -1.499859 -10.217276 3.771157 -39.015899 -10.362196 -3.602246 -2.214881 -58.544148 5.261853 0.000000 0.000000 0.000000 -12.445223 -4.931351 -0.505216 -5.358722 40.169722 -5.128642 -95.259895 29.498513 -31.202967 0.000000 0.000000 0.000000 
0.018830 0.963849 -0.058818 -2.292271 -6.183077 1.170912 3.665762 0.298830 4.663649 -1.332410 0.288640 -5.486108 4.486844 11.972169 17.342986 0.000000 0.000000 0.000000 0.827664 -0.011382 -0.193949 0.642569 -0.110927 -1.478939 1.575572 -3.733022 14.078035 0.000000 0.000000 0.000000 5.431763 -0.543417 5.593122 -12.010352 3.475052 -23.945057 -4.188108 1.533461 30.091831 14.784149 -7.707258 -25.895420 0.000000 0.000000 0.000000 -1.449213 -10.809492 3.950746 -38.493564 -10.660862 -3.463733 2.966674 -52.999085 1.833601 0.000000 0.000000 0.000000 -12.541153 -4.397586 -0.458748 -6.180747 40.295866 -5.258967 -96.595813 27.081503 -28.966325 0.000000 0.000000 0.000000 
0.019596 0.963869 -0.058063 -2.115631 -5.422883 0.969900 3.889817 0.275999 4.577989 -1.622245 0.301586 -5.237525 4.208923 11.657622 17.315245 0.000000 0.000000 0.000000 0.360343 -0.013840 0.001910 0.904595 -0.122533 -1.140218 1.327160 -3.829562 13.494620 0.000000 0.000000 0.000000 5.555642 -0.548547 5.583571 -12.059828 3.484004 -24.056347 -4.357499 1.760963 30.124871 14.742679 -7.877036 -24.725972 0.000000 0.000000 0.000000 -0.726945 -11.427559 4.068237 -37.626980 -11.315459 -3.239616 7.472495 -45.602610 -0.558636 0.000000 0.000000 0.000000 -12.525990 -4.479781 -0.593525 -6.748428 40.317113 -5.302631 -99.951011 25.456388 -28.422579 0.000000 0.000000 0.000000 
0.019996 0.963855 -0.057473 -2.148025 -4.721075 0.867613 3.928264 0.253212 4.379692 -1.429372 0.283065 -5.159036 4.035083 11.525251 17.559190 0.000000 0.000000 0.000000 0.177316 -0.015051 0.082895 1.316125 -0.151668 -0.881412 0.947303 -4.354280 13.324524 0.000000 0.000000 0.000000 5.637471 -0.545056 5.483196 -11.883621 3.476118 -23.663685 -4.724676 1.750352 29.620019 15.018831 -8.188531 -23.773656 0.000000 0.000000 0.000000 -0.083344 -11.957508 4.168710 -36.238266 -11.315210 -3.112098 9.981558 -38.666957 -1.512330 0.000000 0.000000 0.000000 -12.120442 -4.533083 -0.688773 -8.085113 40.186534 -5.549866 -102.968015 23.533532 -27.444927 0.000000 0.000000 0.000000 
0.020191 0.963944 -0.057183 -2.048413 -3.814389 0.956856 4.134718 0.207703 3.988212 -1.669882 0.285466 -4.607682 3.630765 11.038550 17.479920 0.000000 0.000000 0.000000 -0.047264 0.000181 0.005282 1.270277 -0.139086 -0.505238 0.634564 -4.722913 13.123664 0.000000 0.000000 0.000000 5.583922 -0.570502 5.754501 -11.943513 3.455700 -24.193918 -5.089734 1.511238 29.652441 15.126861 -8.429408 -22.935671 0.000000 0.000000 0.000000 0.569590 -11.996466 4.106813 -34.832328 -12.327997 -2.771935 11.274809 -31.870691 -1.682798 0.000000 0.000000 0.000000 -12.322470 -5.087554 -0.862278 -8.625751 39.619161 -5.533025 -104.563372 21.689321 -25.834811 0.000000 0.000000 0.000000 
0.020393 0.964166 -0.057160 -2.031427 -3.364645 0.910422 4.199961 0.192140 3.863592 -1.549396 0.278590 -4.791675 3.726773 11.315648 18.025911 0.000000 0.000000 0.000000 -0.029193 0.013601 -0.136808 1.099192 -0.115928 -0.235374 0.517541 -4.898566 13.188138 0.000000 0.000000 0.000000 5.321830 -0.580648 6.043957 -12.051497 3.462833 -24.466851 -5.144158 1.280222 29.571588 14.800880 -8.281439 -22.649531 0.000000 0.000000 0.000000 1.251778 -12.177280 4.094655 -33.000938 -12.674536 -2.578342 11.326842 -27.120318 -1.488409 0.000000 0.000000 0.000000 -12.791204 -5.346821 -0.902728 -9.147154 39.186992 -5.563415 -104.468352 20.490875 -24.355767 0.000000 0.000000 0.000000 
0.020774 0.964275 -0.057290 -1.855779 -2.808124 1.070035 4.052268 0.167714 3.498726 -1.659724 0.287968 -4.950189 3.597556 11.177022 17.883009 0.000000 0.000000 0.000000 -0.220036 0.037700 -0.326466 1.015368 -0.101916 -0.014040 0.193198 -5.387849 13.101600 0.000000 0.000000 0.000000 5.116656 -0.589456 6.243149 -11.877905 3.403251 -24.645717 -5.450573 1.323238 29.182546 14.821508 -8.346297 -22.085567 0.000000 0.000000 0.000000 1.599415 -12.312670 4.102499 -31.291249 -13.298733 -2.329940 11.550567 -24.231553 -1.421373 0.000000 0.000000 0.000000 -13.320110 -5.401891 -0.928862 -8.744943 38.214606 -5.195851 -104.137680 20.151705 -23.562278 0.000000 0.000000 0.000000 
0.021368 0.964467 -0.057553 -1.841143 -2.598896 1.151279 4.043513 0.163053 3.468520 -1.722038 0.298199 -5.266896 3.731224 11.457992 18.288997 0.000000 0.000000 0.000000 -0.342826 0.042856 -0.344286 1.178016 -0.128998 -0.362996 -0.186121 -6.176816 13.459242 0.000000 0.000000 0.000000 5.056606 -0.605223 6.453867 -11.819112 3.343937 -25.207480 -5.478009 1.509798 29.363768 14.514957 -8.052531 -22.316984 0.000000 0.000000 0.000000 2.072026 -12.103118 3.989544 -30.340030 -13.890203 -2.174038 11.901208 -23.075955 -1.441692 0.000000 0.000000 0.000000 -13.599055 -5.799021 -1.053415 -7.975195 37.769065 -4.886282 -103.359600 20.153718 -23.040082 0.000000 0.000000 0.000000 
0.022150 0.964480 -0.057946 -1.868347 -2.595311 1.401611 3.976252 0.151560 3.274773 -1.754399 0.307342 -5.615767 4.021083 11.882753 18.395584 0.000000 0.000000 0.000000 -0.286641 0.060119 -0.538513 1.006357 -0.110575 -0.308961 -0.567119 -6.841654 13.354071 0.000000 0.000000 0.000000 4.649122 -0.580018 6.428405 -11.099300 3.159799 -25.343614 -5.568229 1.895837 29.175414 14.551841 -8.101725 -21.884085 0.000000 0.000000 0.000000 2.117840 -11.482465 3.792252 -29.200130 -14.412071 -2.021767 11.490154 -23.479350 -1.419563 0.000000 0.000000 0.000000 -13.229107 -5.911214 -1.150247 -6.631641 37.162765 -4.423305 -102.498760 21.603381 -24.098719 0.000000 0.000000 0.000000 
0.023065 0.964624 -0.058439 -1.869925 -2.517521 1.547239 3.984341 0.151385 3.316815 -1.916146 0.323678 -5.942106 3.922061 11.767561 18.507703 0.000000 0.000000 0.000000 -0.350143 0.066779 -0.589467 0.845422 -0.106626 -0.665152 -0.708876 -7.265666 13.937688 0.000000 0.000000 0.000000 4.428231 -0.556468 6.285841 -10.689351 3.064522 -25.303849 -5.347651 2.060315 29.009304 14.279267 -7.842316 -22.020678 0.000000 0.000000 0.000000 2.215591 -10.913405 3.606779 -28.701320 -15.214124 -1.849477 10.704986 -24.435107 -1.329993 0.000000 0.000000 0.000000 -12.549876 -5.785605 -1.183135 -4.645693 36.277623 -3.830756 -101.964247 24.676337 -27.210676 0.000000 0.000000 0.000000 
0.024004 0.964569 -0.058917 -1.803828 -2.648551 1.819596 3.872550 0.150135 3.243250 -2.080176 0.339417 -6.216127 4.089203 11.996368 18.595775 0.000000 0.000000 0.000000 -0.435083 0.065093 -0.545940 0.577926 -0.099728 -1.199158 -0.577513 -7.081978 14.052522 0.000000 0.000000 0.000000 3.856413 -0.498209 5.972080 -9.919208 2.886647 -25.208666 -5.308587 2.481714 28.776912 14.129468 -7.567658 -22.419643 0.000000 0.000000 0.000000 2.153968 -10.586882 3.512845 -27.714023 -15.926604 -1.671665 9.949112 -26.939797 -1.336313 0.000000 0.000000 0.000000 -11.096027 -5.830038 -1.316023 -2.620530 36.358418 -3.387327 -100.413146 29.121100 -31.182206 0.000000 0.000000 0.000000 
0.024826 0.964648 -0.059367 -1.848874 -2.640119 1.667458 4.163214 0.165498 3.673853 -2.549815 0.373954 -6.653456 3.915805 11.767508 18.673107 0.000000 0.000000 0.000000 -0.442032 0.025111 -0.124104 0.366459 -0.101341 -1.762985 -0.576761 -7.234057 14.570145 0.000000 0.000000 0.000000 3.611172 -0.475804 5.909181 -9.451980 2.796515 -24.942177 -5.182915 2.566410 28.487386 13.806919 -7.387939 -22.135034 0.000000 0.000000 0.000000 2.156408 -9.744968 3.245457 -27.254754 -16.906468 -1.481518 10.094269 -30.575727 -1.565827 0.000000 0.000000 0.000000 -9.581952 -5.542011 -1.335098 -0.101185 36.088475 -2.833121 -99.907266 35.330003 -37.643237 0.000000 0.000000 0.000000 
0.025482 0.964555 -0.059836 -1.819594 -2.735128 1.595345 4.280845 0.181723 4.008758 -2.624446 0.382600 -6.938019 3.712139 11.492035 18.831577 0.000000 0.000000 0.000000 -0.392258 -0.005252 0.178797 -0.004500 -0.092958 -2.349976 -0.441574 -7.098421 14.873061 0.000000 0.000000 0.000000 3.139438 -0.420001 5.544627 -8.812108 2.677688 -24.324345 -4.962889 3.120782 28.064242 14.042052 -7.307646 -22.634149 0.000000 0.000000 0.000000 2.396187 -9.667416 3.214309 -26.376287 -17.890390 -1.266036 12.209245 -36.565162 -2.654164 0.000000 0.000000 0.000000 -7.807214 -5.266667 -1.402998 1.486344 36.022831 -2.456886 -98.103337 40.876303 -42.228749 0.000000 0.000000 0.000000 
0.026057 0.964672 -0.060382 -1.884918 -2.651733 1.396911 4.471756 0.191943 4.323807 -2.676177 0.384667 -6.906199 3.460447 11.143046 18.767381 0.000000 0.000000 0.000000 -0.449050 -0.038910 0.552688 -0.021096 -0.107450 -2.754500 -0.510581 -7.282378 15.128440 0.000000 0.000000 0.000000 3.031772 -0.414022 5.580289 -8.431008 2.586755 -24.351742 -4.792388 3.630981 28.057486 14.066820 -7.210032 -22.746225 0.000000 0.000000 0.000000 2.894684 -9.572600 3.167703 -25.771986 -18.983263 -1.081748 18.173779 -44.534756 -5.827743 0.000000 0.000000 0.000000 -6.482011 -4.752522 -1.373477 3.352091 35.735286 -2.028344 -97.782478 46.227230 -47.392394 0.000000 0.000000 0.000000 
0.026650 0.964725 -0.060988 -1.911887 -2.802798 1.132500 4.411199 0.231120 4.880678 -2.512256 0.377508 -6.959990 3.225446 10.766276 18.589654 0.000000 0.000000 0.000000 -0.495463 -0.077426 0.980737 -0.122906 -0.106134 -2.916434 -0.244111 -6.843623 15.160989 0.000000 0.000000 0.000000 2.973274 -0.403451 5.517067 -8.242459 2.565701 -23.857677 -4.306480 3.918693 27.531101 14.159157 -7.133236 -23.018272 0.000000 0.000000 0.000000 3.634480 -9.308727 3.064579 -25.054784 -20.330453 -0.836883 26.232670 -52.391344 -11.102194 0.000000 0.000000 0.000000 -5.942253 -4.328639 -1.276357 3.708569 36.208135 -1.940616 -93.013633 49.340438 -47.022517 0.000000 0.000000 0.000000 
0.027354 0.964849 -0.061600 -1.852827 -2.807132 1.034273 4.374166 0.248326 5.126959 -2.545955 0.377998 -6.858666 3.158632 10.689801 18.693401 0.000000 0.000000 0.000000 -0.824990 -0.079685 1.149431 0.005779 -0.123925 -3.129874 -0.071220 -6.574216 15.277666 0.000000 0.000000 0.000000 3.125020 -0.397895 5.316911 -8.151547 2.544117 -23.871833 -4.076067 4.438827 27.463937 13.556116 -6.627473 -23.130298 0.000000 0.000000 0.000000 4.573168 -9.552404 3.119111 -24.250027 -22.088961 -0.579709 37.784560 -57.425912 -19.119298 0.000000 0.000000 0.000000 -6.210391 -3.905387 -1.177080 3.862866 36.588110 -1.865252 -89.817756 50.792742 -45.856788 0.000000 0.000000 0.000000 
0.028120 0.964810 -0.062124 -1.838147 -2.670781 1.079570 4.162267 0.250228 5.014118 -2.205143 0.353033 -6.545047 2.911529 10.229177 17.957038 0.000000 0.000000 0.000000 -1.107349 -0.077855 1.257512 0.305306 -0.146837 -3.159173 -0.059987 -6.501723 15.184879 0.000000 0.000000 0.000000 3.398255 -0.403078 5.152003 -8.175644 2.560149 -23.635375 -3.663004 4.528557 27.083667 13.349118 -6.505044 -22.850845 0.000000 0.000000 0.000000 5.008568 -9.963250 3.233251 -23.376073 -24.035786 -0.311022 52.027814 -58.954357 -28.593355 0.000000 0.000000 0.000000 -6.469389 -3.515454 -1.060038 3.095913 37.074669 -2.008354 -87.790331 50.998375 -44.559978 0.000000 0.000000 0.000000 
0.028818 0.964231 -0.062436 -1.803736 -2.254962 1.036664 4.059119 0.242652 4.890569 -2.132920 0.345295 -6.486805 2.678560 9.926124 17.836011 0.000000 0.000000 0.000000 -1.464546 -0.088659 1.540278 0.535858 -0.176828 -3.532670 0.029982 -6.327841 15.349452 0.000000 0.000000 0.000000 3.756271 -0.410742 4.981783 -8.118743 2.559061 -23.498558 -3.772824 4.432744 26.894525 12.931105 -6.195324 -22.863440 0.000000 0.000000 0.000000 5.861662 -10.483568 3.357610 -22.859967 -26.738553 0.056407 62.588084 -56.261847 -33.762241 0.000000 0.000000 0.000000 -6.795362 -2.927365 -0.885622 2.768837 37.348987 -2.055358 -86.481807 50.733296 -43.331038 0.000000 0.000000 0.000000 
0.029334 0.963709 -0.062493 -1.900248 -2.018776 1.064709 4.045078 0.241749 4.931196 -2.109775 0.343186 -6.545016 2.501747 9.670717 17.677826 0.000000 0.000000 0.000000 -1.522648 -0.101525 1.709421 0.710011 -0.195698 -3.724561 -0.011224 -6.365259 15.360160 0.000000 0.000000 0.000000 3.952481 -0.395331 4.621576 -8.055181 2.557063 -23.307490 -3.740785 4.341734 26.991326 12.949566 -6.228043 -22.759042 0.000000 0.000000 0.000000 6.689816 -11.162723 3.508919 -22.070332 -28.158316 0.173390 68.324874 -52.825020 -35.081337 0.000000 0.000000 0.000000 -6.156204 -2.602651 -0.804722 2.974756 37.346712 -2.018495 -88.215313 52.020494 -45.807601 0.000000 0.000000 0.000000 
0.029679 0.963297 -0.062431 -1.990143 -1.914401 0.986451 4.072864 0.246353 5.051364 -2.179311 0.350549 -6.796237 2.611181 9.834445 17.622283 0.000000 0.000000 0.000000 -1.528685 -0.117880 1.894603 0.804816 -0.209563 -3.948510 -0.033320 -6.453251 15.578396 0.000000 0.000000 0.000000 4.052333 -0.384580 4.421917 -7.692730 2.480158 -23.018227 -3.690955 4.204756 27.051078 12.574084 -6.014973 -22.691227 0.000000 0.000000 0.000000 6.875763 -11.067527 3.469384 -21.998536 -28.730129 0.243166 71.601644 -51.193736 -35.916950 0.000000 0.000000 0.000000 -5.509500 -2.388475 -0.745349 3.616316 37.230667 -1.892201 -91.990410 54.035931 -50.675065 0.000000 0.000000 0.000000 
0.029959 0.962962 -0.062375 -1.923265 -1.945444 0.942655 4.097531 0.248407 5.091472 -2.363446 0.361897 -6.872663 2.717026 9.944293 17.408778 0.000000 0.000000 0.000000 -1.700679 -0.121147 2.029166 0.950139 -0.229191 -4.280046 0.126485 -6.195236 15.637916 0.000000 0.000000 0.000000 4.078964 -0.371961 4.249163 -7.456973 2.435802 -22.653125 -3.698053 4.149258 27.065757 12.396795 -5.977885 -22.376106 0.000000 0.000000 0.000000 6.841511 -11.094583 3.473870 -21.961713 -28.237775 0.179221 72.698988 -50.562927 -36.121994 0.000000 0.000000 0.000000 -4.610488 -2.263441 -0.717019 4.506390 36.989597 -1.713757 -96.562420 55.950674 -56.376267 0.000000 0.000000 0.000000 
0.030198 0.962891 -0.062462 -1.890422 -2.174839 0.857697 4.050115 0.252955 5.051277 -2.464698 0.370267 -6.953627 2.928327 10.246022 17.537406 0.000000 0.000000 0.000000 -1.796931 -0.105487 1.905773 1.157486 -0.231716 -3.923617 0.226093 -5.975720 15.380199 0.000000 0.000000 0.000000 4.076978 -0.371524 4.266593 -7.433148 2.438157 -22.405163 -3.477998 4.298165 27.142180 12.111107 -5.892485 -21.895666 0.000000 0.000000 0.000000 6.773768 -10.761492 3.387003 -22.212551 -26.846758 0.013565 73.779314 -51.703071 -37.714577 0.000000 0.000000 0.000000 -4.074223 -2.372592 -0.762489 5.314678 36.544533 -1.540752 -100.852185 57.609885 -61.849973 0.000000 0.000000 0.000000 
0.030500 0.963034 -0.062720 -1.835143 -2.599144 0.855838 3.998561 0.257263 4.970210 -2.749000 0.388759 -6.921620 3.224936 10.607484 17.444835 0.000000 0.000000 0.000000 -2.084188 -0.065558 1.605268 1.362406 -0.234258 -3.563149 0.240231 -6.013915 15.371143 0.000000 0.000000 0.000000 4.065072 -0.365516 4.204913 -7.187941 2.386155 -21.956505 -3.442636 4.661704 27.060418 12.073421 -6.040207 -20.963981 0.000000 0.000000 0.000000 6.224277 -10.088601 3.233139 -22.294457 -24.988591 -0.232133 74.634546 -53.876747 -40.085287 0.000000 0.000000 0.000000 -4.051550 -2.516728 -0.810712 5.325735 36.016953 -1.512521 -100.162800 57.511953 -61.133880 0.000000 0.000000 0.000000 
0.030877 0.963333 -0.063266 -1.858132 -2.924350 0.956200 3.883865 0.260558 4.870094 -2.921244 0.402208 -7.044509 3.762525 11.410853 17.875329 0.000000 0.000000 0.000000 -2.212864 -0.032146 1.283126 1.451754 -0.236229 -3.447854 0.278700 -5.993629 15.360990 0.000000 0.000000 0.000000 4.114648 -0.367523 4.187443 -7.099693 2.351648 -22.060176 -3.345208 5.280810 27.353593 12.440677 -6.241681 -20.916561 0.000000 0.000000 0.000000 6.286991 -9.391270 3.057179 -21.975685 -23.237824 -0.510497 74.515527 -55.917937 -41.897796 0.000000 0.000000 0.000000 -4.219739 -2.826586 -0.930327 4.823500 35.336538 -1.574196 -95.540517 56.953729 -56.450839 0.000000 0.000000 0.000000 
0.031090 0.963527 -0.063968 -1.827858 -2.904711 0.907150 3.699430 0.272673 4.912729 -2.951400 0.404676 -7.132905 4.159226 11.998851 17.983758 0.000000 0.000000 0.000000 -2.135705 -0.023085 1.122099 1.362892 -0.218787 -3.015279 0.024552 -6.301189 14.922862 0.000000 0.000000 0.000000 4.118464 -0.375792 4.302619 -7.057216 2.351221 -21.774737 -3.408390 5.307572 27.262237 12.554592 -6.561443 -19.803632 0.000000 0.000000 0.000000 6.360825 -9.205030 3.007534 -20.715339 -21.212299 -0.800473 73.824399 -56.552170 -42.119365 0.000000 0.000000 0.000000 -4.652515 -2.734640 -0.893573 3.796992 34.259321 -1.720471 -88.455572 56.105831 -50.011837 0.000000 0.000000 0.000000 
0.031015 0.963982 -0.064730 -1.869076 -2.613154 0.859924 3.754068 0.268017 4.940757 -3.019721 0.407190 -7.277614 4.349980 12.361555 18.381636 0.000000 0.000000 0.000000 -2.105802 -0.017412 1.013104 1.213941 -0.205233 -2.887491 -0.038233 -6.427917 15.111806 0.000000 0.000000 0.000000 4.092207 -0.380281 4.381989 -7.172192 2.395479 -21.611875 -3.241057 5.434323 27.190796 12.489017 -6.560348 -19.417666 0.000000 0.000000 0.000000 6.997548 -8.722062 2.882782 -19.165991 -20.222866 -0.943640 70.463033 -55.899461 -39.588976 0.000000 0.000000 0.000000 -4.719260 -2.696784 -0.900001 2.690932 32.747567 -1.831629 -78.698950 55.425610 -42.229254 0.000000 0.000000 0.000000 
0.030631 0.964197 -0.065439 -1.964208 -2.320440 0.906079 3.747524 0.252184 4.755400 -2.853387 0.396336 -7.313353 4.551035 12.714404 18.641879 0.000000 0.000000 0.000000 -1.835855 -0.032490 1.051797 0.978988 -0.192647 -3.030659 -0.161113 -6.631814 15.215656 0.000000 0.000000 0.000000 3.864959 -0.393434 4.691511 -7.105390 2.365658 -22.040293 -2.987738 5.764486 27.254622 12.737895 -6.794162 -18.846719 0.000000 0.000000 0.000000 8.059698 -8.634101 2.877777 -17.205848 -19.935365 -1.014032 65.425770 -52.996979 -34.540533 0.000000 0.000000 0.000000 -4.553731 -2.795091 -0.965812 2.269774 31.332830 -1.808312 -68.584972 56.003368 -35.772270 0.000000 0.000000 0.000000 
0.030097 0.964376 -0.066042 -2.138376 -1.706892 0.743355 3.972962 0.236324 4.804537 -2.735069 0.384871 -7.296220 4.329658 12.461835 18.497056 0.000000 0.000000 0.000000 -1.643695 -0.055101 1.190846 0.823856 -0.183711 -3.071512 -0.289877 -6.839533 15.471967 0.000000 0.000000 0.000000 3.742086 -0.403261 4.923397 -7.110688 2.390481 -21.738082 -2.830950 5.352376 26.968646 12.666804 -6.821215 -18.505410 0.000000 0.000000 0.000000 9.038745 -8.510802 2.839708 -15.462243 -19.812354 -1.038941 60.922538 -49.182004 -29.403988 0.000000 0.000000 0.000000 -3.909740 -2.274142 -0.801943 2.168276 29.803042 -1.750692 -58.365987 56.483259 -29.741733 0.000000 0.000000 0.000000 
0.029720 0.964543 -0.066458 -2.279296 -1.228022 0.719950 3.972228 0.230251 4.819400 -2.558298 0.371190 -7.238860 4.169363 12.293996 18.491594 0.000000 0.000000 0.000000 -1.240040 -0.077648 1.248240 0.625219 -0.171203 -3.120852 -0.587861 -7.311195 15.548674 0.000000 0.000000 0.000000 3.297388 -0.400843 5.215297 -6.870939 2.322866 -22.015528 -2.581143 5.571338 26.980675 12.833771 -6.987659 -18.015939 0.000000 0.000000 0.000000 10.524022 -8.580585 2.887326 -13.812276 -20.498987 -1.047320 56.585035 -45.382188 -25.015695 0.000000 0.000000 0.000000 -2.998368 -2.189715 -0.802320 2.510054 28.209711 -1.623074 -48.809399 57.238975 -24.341566 0.000000 0.000000 0.000000 
0.029659 0.964607 -0.066596 -2.363342 -0.759140 0.696536 3.993330 0.215412 4.692903 -2.353174 0.356026 -7.109032 3.887315 11.927099 18.292395 0.000000 0.000000 0.000000 -1.068157 -0.091610 1.313045 0.642285 -0.170532 -3.041595 -0.707619 -7.428304 15.474604 0.000000 0.000000 0.000000 3.099789 -0.399652 5.351475 -6.678135 2.286088 -21.915062 -2.429750 5.458861 26.655389 12.564029 -6.781418 -17.906966 0.000000 0.000000 0.000000 11.570905 -8.731633 2.939171 -12.454263 -21.498289 -1.045642 53.039908 -41.948472 -21.458641 0.000000 0.000000 0.000000 -2.357768 -1.659627 -0.628214 2.811283 27.062707 -1.535767 -40.582974 57.575470 -19.704574 0.000000 0.000000 0.000000 
0.029909 0.964888 -0.066430 -2.469812 -0.401105 0.421355 3.842108 0.237539 4.983775 -2.243842 0.349104 -7.177242 3.880527 11.916063 17.977710 0.000000 0.000000 0.000000 -1.004079 -0.134812 1.737914 0.757885 -0.177825 -2.970441 -0.885848 -7.691241 15.497102 0.000000 0.000000 0.000000 2.939709 -0.416917 5.773179 -6.586297 2.258506 -22.218262 -2.397596 5.552202 26.525260 12.280896 -6.422884 -18.352743 0.000000 0.000000 0.000000 12.725244 -9.582443 3.149665 -11.606621 -22.035506 -1.063095 51.766420 -39.642685 -19.817732 0.000000 0.000000 0.000000 -1.630432 -0.889736 -0.367198 3.393661 25.849507 -1.423478 -33.369181 57.094728 -15.421020 0.000000 0.000000 0.000000 
0.030352 0.965108 -0.065989 -2.422449 -0.618084 0.309937 3.533364 0.270666 5.179816 -1.979586 0.341903 -7.405389 3.935437 11.971101 18.002462 0.000000 0.000000 0.000000 -1.305545 -0.140097 1.939182 1.025663 -0.197675 -2.939675 -0.972934 -7.815267 15.257368 0.000000 0.000000 0.000000 2.901360 -0.432756 6.071870 -6.680823 2.277181 -22.325871 -2.452697 5.553828 26.307935 11.607906 -5.930611 -18.461661 0.000000 0.000000 0.000000 13.290132 -9.965943 3.207893 -10.393919 -22.338052 -1.102909 50.625191 -37.515522 -18.252594 0.000000 0.000000 0.000000 -1.291515 -0.271724 -0.143334 3.608481 25.153504 -1.379765 -28.743326 56.590900 -12.813689 0.000000 0.000000 0.000000 
0.030846 0.965380 -0.065364 -2.387130 -0.441874 0.182628 3.381156 0.296244 5.474634 -1.982937 0.346275 -7.728725 3.374537 11.118209 17.532088 0.000000 0.000000 0.000000 -1.592208 -0.164275 2.341400 1.102298 -0.203459 -2.911560 -1.185565 -8.110922 15.043260 0.000000 0.000000 0.000000 2.621133 -0.438484 6.442420 -6.446788 2.207605 -22.643660 -2.555701 5.409209 26.226733 11.119219 -5.466640 -19.045969 0.000000 0.000000 0.000000 14.237553 -10.827544 3.351776 -9.593265 -22.486868 -1.133456 49.347326 -34.525480 -16.312181 0.000000 0.000000 0.000000 -1.196617 0.115635 -0.005808 4.024296 24.469785 -1.319599 -25.247799 55.851442 -10.783669 0.000000 0.000000 0.000000 
0.031353 0.965593 -0.064597 -2.284192 -0.668566 0.037582 3.177632 0.336393 5.842399 -2.022672 0.355591 -8.072666 3.366584 11.050177 17.358443 0.000000 0.000000 0.000000 -1.857355 -0.164279 2.492320 1.121123 -0.203003 -2.861803 -1.208987 -8.132614 14.831679 0.000000 0.000000 0.000000 2.433381 -0.417497 6.339429 -6.237528 2.146556 -22.861511 -2.711113 5.280962 26.335836 10.657055 -5.098351 -19.504441 0.000000 0.000000 0.000000 14.353248 -11.328366 3.404442 -8.133136 -23.180653 -1.211044 47.256110 -30.900641 -13.839197 0.000000 0.000000 0.000000 -1.305620 0.710034 0.201735 4.519806 24.376370 -1.277936 -24.206257 55.123731 -10.130694 0.000000 0.000000 0.000000 
0.031891 0.965775 -0.063762 -2.437618 -0.708574 -0.303644 3.078483 0.376351 6.322008 -1.777272 0.338159 -7.651783 3.207223 10.642125 16.372752 0.000000 0.000000 0.000000 -1.598354 -0.231659 3.119869 0.914738 -0.186725 -2.863330 -1.355578 -8.271989 14.332574 0.000000 0.000000 0.000000 2.521722 -0.448389 6.780635 -5.981745 2.073663 -23.160372 -2.797733 5.036208 26.369041 10.091628 -4.809896 -19.248888 0.000000 0.000000 0.000000 15.205006 -12.626056 3.568453 -6.133845 -23.127560 -1.311513 43.026412 -25.076544 -10.091635 0.000000 0.000000 0.000000 -0.970137 1.362162 0.439127 4.633097 24.484592 -1.279490 -24.093090 54.120190 -9.922428 0.000000 0.000000 0.000000 
0.032619 0.965504 -0.062818 -2.417103 -0.709920 -0.360396 3.308306 0.356454 6.236067 -2.256642 0.360140 -7.714472 3.648957 11.303383 16.449563 0.000000 0.000000 0.000000 -2.071519 -0.194592 2.958630 1.290946 -0.197622 -2.181391 -1.623180 -8.667319 13.991439 0.000000 0.000000 0.000000 2.340380 -0.447696 6.972987 -6.452798 2.179506 -23.522861 -2.239287 4.240677 26.645782 9.178283 -4.157208 -20.244000 0.000000 0.000000 0.000000 16.078790 -13.671064 3.573629 -3.599957 -23.946762 -1.483854 38.661212 -18.533362 -6.554404 0.000000 0.000000 0.000000 -1.259762 1.847272 0.608133 5.295418 25.463521 -1.269075 -24.035128 51.757401 -9.481318 0.000000 0.000000 0.000000 
0.033598 0.965429 -0.061798 -2.485948 -1.333308 -0.212266 3.175993 0.348093 5.849900 -1.727345 0.325704 -6.912152 4.343511 12.213076 16.230621 0.000000 0.000000 0.000000 -1.969875 -0.206606 3.107073 0.944306 -0.179226 -2.588759 -1.708350 -8.984504 14.319553 0.000000 0.000000 0.000000 2.675262 -0.454277 6.725486 -5.807616 2.004531 -23.601132 -2.905833 4.189970 26.147732 7.664742 -3.179832 -20.229381 0.000000 0.000000 0.000000 16.721496 -14.728392 3.666490 -2.755270 -24.434445 -1.539309 35.607893 -15.530607 -4.957688 0.000000 0.000000 0.000000 -0.870153 3.317021 1.130549 5.315852 25.762813 -1.271650 -25.407495 52.417453 -10.380057 0.000000 0.000000 0.000000 
0.034827 0.965544 -0.060597 -2.735917 -2.191032 -0.003165 3.339698 0.343494 5.774390 -2.040586 0.343537 -6.726208 4.234512 11.995425 16.497392 0.000000 0.000000 0.000000 -2.075956 -0.163451 2.726283 1.119705 -0.171156 -1.898595 -2.282124 -9.529528 11.880315 0.000000 0.000000 0.000000 2.370069 -0.423048 6.548721 -5.803930 1.979809 -24.046862 -2.362110 4.772248 25.946723 7.097017 -2.493240 -22.047811 0.000000 0.000000 0.000000 18.404801 -14.396489 3.500657 -1.821333 -26.167999 -1.729924 30.945388 -12.822720 -3.476770 0.000000 0.000000 0.000000 -2.259353 4.020921 1.315102 8.444073 25.933238 -0.924434 -24.115318 51.123844 -9.257924 0.000000 0.000000 0.000000 
0.036171 0.966635 -0.059157 -2.466527 -0.789433 -0.554676 3.198391 0.383065 6.500155 -2.668794 0.361738 -6.133539 4.011059 11.680481 15.549562 0.000000 0.000000 0.000000 -2.195272 -0.234014 3.517279 0.577729 -0.112823 -1.500844 -1.843406 -8.447018 11.492637 0.000000 0.000000 0.000000 1.860171 -0.373807 6.276724 -5.045913 1.816362 -24.146195 -2.590475 4.759839 26.748220 6.622036 -2.336837 -20.281770 0.000000 0.000000 0.000000 18.536731 -15.107054 3.692949 0.803678 -27.855439 -2.218560 28.098092 -9.650154 -2.464291 0.000000 0.000000 0.000000 -2.729392 4.835082 1.529263 10.375741 24.589615 -0.769249 -29.176442 48.638856 -10.716627 0.000000 0.000000 0.000000 
