HIERARCHY
ROOT Hips
{
	OFFSET -0.001795 -0.223333 0.028219
	CHANNELS 6 Xposition Yposition Zposition Zrotation Yrotation Xrotation 
	JOINT LeftUpLeg
	{
		OFFSET 0.069520 -0.091406 -0.006815
		CHANNELS 3 Zrotation Yrotation Xrotation
		JOINT LeftLeg
		{
			OFFSET 0.034277 -0.375199 -0.004496
			CHANNELS 3 Zrotation Yrotation Xrotation
			JOINT LeftFoot
			{
				OFFSET -0.013596 -0.397961 -0.043693
				CHANNELS 3 Zrotation Yrotation Xrotation
				JOINT LeftToe
				{
					OFFSET 0.026358 -0.055791 0.119288
					CHANNELS 3 Zrotation Yrotation Xrotation
					End Site
					{
						OFFSET 0.000000 0.000000 0.000000
					}
				}
			}
		}
	}
	JOINT RightUpLeg
	{
		OFFSET -0.067670 -0.090522 -0.004320
		CHANNELS 3 Zrotation Yrotation Xrotation
		JOINT RightLeg
		{
			OFFSET -0.038290 -0.382569 -0.008850
			CHANNELS 3 Zrotation Yrotation Xrotation
			JOINT RightFoot
			{
				OFFSET 0.015774 -0.398415 -0.042312
				CHANNELS 3 Zrotation Yrotation Xrotation
				JOINT RightToe
				{
					OFFSET -0.025372 -0.048144 0.123348
					CHANNELS 3 Zrotation Yrotation Xrotation
					End Site
					{
						OFFSET 0.000000 0.000000 0.000000
					}
				}
			}
		}
	}
	JOINT Spine
	{
		OFFSET -0.002533 0.108963 -0.026696
		CHANNELS 3 Zrotation Yrotation Xrotation
		JOINT Spine1
		{
			OFFSET 0.005487 0.135180 0.001092
			CHANNELS 3 Zrotation Yrotation Xrotation
			JOINT Spine2
			{
				OFFSET 0.001457 0.052922 0.025425
				CHANNELS 3 Zrotation Yrotation Xrotation
				JOINT Neck
				{
					OFFSET -0.002778 0.213870 -0.042857
					CHANNELS 3 Zrotation Yrotation Xrotation
					JOINT Head
					{
						OFFSET 0.005152 0.064970 0.051349
						CHANNELS 3 Zrotation Yrotation Xrotation
						End Site
						{
							OFFSET 0.000000 0.000000 0.000000
						}
					}
				}
				JOINT LeftShoulder
				{
					OFFSET 0.078845 0.121749 -0.034090
					CHANNELS 3 Zrotation Yrotation Xrotation
					JOINT LeftArm
					{
						OFFSET 0.090977 0.030469 -0.008868
						CHANNELS 3 Zrotation Yrotation Xrotation
						JOINT LeftForeArm
						{
							OFFSET 0.259612 -0.012772 -0.027456
							CHANNELS 3 Zrotation Yrotation Xrotation
							JOINT LeftHand
							{
								OFFSET 0.249234 0.008986 -0.001171
								CHANNELS 3 Zrotation Yrotation Xrotation
								End Site
								{
									OFFSET 0.000000 0.000000 0.000000
								}
							}
						}
					}
				}
				JOINT RightShoulder
				{
					OFFSET -0.081759 0.118833 -0.038615
					CHANNELS 3 Zrotation Yrotation Xrotation
					JOINT RightArm
					{
						OFFSET -0.096012 0.032551 -0.009143
						CHANNELS 3 Zrotation Yrotation Xrotation
						JOINT RightForeArm
						{
							OFFSET -0.253742 -0.013329 -0.021401
							CHANNELS 3 Zrotation Yrotation Xrotation
							JOINT RightHand
							{
								OFFSET -0.255298 0.007772 -0.005559
								CHANNELS 3 Zrotation Yrotation Xrotation
								End Site
								{
									OFFSET 0.000000 0.000000 0.000000
								}
							}
						}
					}
				}
			}
		}
	}
}
MOTION
Frames: 196
Frame Time: 0.050000
0.000000 0.900841 0.000000 -1.157056 -37.599490 -0.476670 5.410716 1.613633 -24.553729 -2.882800 1.145588 9.939111 8.722966 14.433094 12.986707 0.000000 0.000000 0.000000 1.044597 -0.261758 5.581345 9.277935 0.260647 15.639826 -10.865241 -14.175075 -12.943372 0.000000 0.000000 0.000000 -3.185123 0.866244 16.571993 -9.022203 3.900929 -3.656643 6.110320 7.960071 14.200703 0.824503 -0.297184 -26.097738 0.000000 0.000000 0.000000 -21.436000 -9.557951 7.155455 -45.132877 -18.192014 -0.200980 -2.874577 -32.995869 2.794337 0.000000 0.000000 0.000000 19.843280 22.001349 6.647543 51.880183 27.345380 6.803811 5.532865 28.983375 1.721448 0.000000 0.000000 0.000000 
-0.024695 0.889354 0.037264 -2.537532 -38.427195 -0.077251 6.114534 1.827052 -23.592604 -4.080971 1.071508 4.817539 6.021130 9.879229 13.846937 0.000000 0.000000 0.000000 2.573941 -0.472808 7.318637 8.756665 0.515088 17.727447 -11.675501 -16.271836 -12.115068 0.000000 0.000000 0.000000 -4.976473 1.331900 17.305170 -7.372523 2.703747 -6.359892 6.879215 9.632102 19.302852 -1.434678 1.003850 -29.780291 0.000000 0.000000 0.000000 -24.225973 -9.248716 7.555521 -42.296025 -19.815663 -0.504860 -1.287737 -32.236570 2.293639 0.000000 0.000000 0.000000 17.835856 25.605960 8.859042 51.819255 31.248999 7.845778 1.489569 31.799701 0.964275 0.000000 0.000000 0.000000 
-0.050909 0.876942 0.076461 -2.217285 -34.327102 -0.038563 3.447731 1.043838 -26.944534 -2.176033 1.242681 14.096645 7.193016 12.941613 7.970195 0.000000 0.000000 0.000000 0.364181 -0.227278 5.815980 15.991120 -0.326306 25.068322 -11.686209 -19.188537 -11.686058 0.000000 0.000000 0.000000 -5.753220 1.485917 18.124360 -9.023095 4.008519 -3.062338 6.630488 8.252883 15.549107 -0.510685 0.774886 -29.255763 0.000000 0.000000 0.000000 -22.353148 -11.112214 7.810556 -43.073909 -18.564988 -0.411107 -0.708477 -30.936121 1.969719 0.000000 0.000000 0.000000 16.555772 25.329031 9.056928 53.141864 35.079330 10.138259 0.409911 31.931612 0.704320 0.000000 0.000000 0.000000 
-0.076114 0.870438 0.114644 -2.315849 -33.543329 -1.141467 3.354483 1.097376 -28.051411 -4.412434 3.172337 22.273200 6.634800 12.363868 5.940038 0.000000 0.000000 0.000000 -1.333485 0.072852 1.954858 23.273821 -1.529811 36.842617 -12.464493 -24.956356 -5.512598 0.000000 0.000000 0.000000 -7.662219 2.308716 20.767813 -9.286865 4.299584 -2.105000 5.445776 9.306544 15.055883 0.394234 0.627725 -29.273485 0.000000 0.000000 0.000000 -20.637263 -13.364352 8.169655 -41.732989 -19.084553 -0.052023 0.702194 -32.350150 1.565188 0.000000 0.000000 0.000000 16.074100 29.968075 12.074748 49.059484 37.568838 10.229091 -0.559381 35.517472 0.658314 0.000000 0.000000 0.000000 
-0.100473 0.866343 0.148923 -2.454505 -30.924758 -0.869195 3.440589 1.107359 -30.243653 -4.551783 4.476771 30.449328 5.532693 10.873765 1.815260 0.000000 0.000000 0.000000 -3.944313 0.519347 -3.414578 29.877782 -4.166682 43.347534 -14.719216 -31.741051 -0.872495 0.000000 0.000000 0.000000 -8.666866 2.960963 23.784168 -10.109064 4.800316 -1.683254 5.710880 8.277991 14.387403 -0.434651 1.202602 -29.991951 0.000000 0.000000 0.000000 -21.172253 -15.509806 9.209207 -38.807885 -20.586513 0.375764 4.873682 -32.622304 0.296728 0.000000 0.000000 0.000000 11.952908 31.795801 12.584074 50.264605 41.349159 12.162881 -3.873548 38.735096 -0.318390 0.000000 0.000000 0.000000 
-0.124286 0.864966 0.178204 -3.455583 -28.223202 -0.369185 4.233739 1.074220 -30.211037 -3.545871 4.501923 34.961913 3.675149 7.259778 -2.958894 0.000000 0.000000 0.000000 -3.401593 0.955384 -9.567650 32.164165 -5.971176 46.830010 -15.836611 -35.761130 -2.238465 0.000000 0.000000 0.000000 -9.118808 3.561295 27.268470 -10.289682 4.946412 -1.324798 4.676534 8.480559 13.395944 0.160447 1.251050 -30.482831 0.000000 0.000000 0.000000 -19.914055 -17.133542 9.258901 -37.724364 -21.401026 0.806984 9.800288 -35.576449 -1.295038 0.000000 0.000000 0.000000 11.948576 34.866089 14.604709 44.294999 44.622322 11.752823 -7.811637 41.075735 -1.587045 0.000000 0.000000 0.000000 
-0.149022 0.864981 0.204168 -4.463996 -23.413862 0.000593 4.598031 0.707315 -30.766810 -2.024464 3.453999 38.320559 2.296395 3.870468 -5.071737 0.000000 0.000000 0.000000 -3.223376 1.693611 -16.235259 33.271624 -8.151118 47.366094 -16.779530 -39.035439 -2.272732 0.000000 0.000000 0.000000 -9.114880 3.767409 30.951850 -10.050472 4.924538 -0.565456 4.162317 8.011948 11.610422 -0.369662 1.846826 -30.811458 0.000000 0.000000 0.000000 -20.207583 -18.302084 9.221353 -36.074269 -22.208812 1.204230 13.637802 -39.207095 -2.955353 0.000000 0.000000 0.000000 10.631255 35.606544 15.167161 41.677278 47.698007 12.216139 -11.738638 41.948134 -2.914360 0.000000 0.000000 0.000000 
-0.174718 0.865902 0.228057 -5.805757 -17.650493 -0.025115 5.503761 0.356562 -30.776484 -1.120961 2.197321 40.756208 0.956134 -0.310453 -7.702916 0.000000 0.000000 0.000000 -4.184331 2.340175 -22.882446 33.241321 -10.284707 46.736980 -17.953915 -41.389343 -0.575770 0.000000 0.000000 0.000000 -8.774401 3.530442 34.594571 -9.669902 4.807380 0.220677 4.050249 8.205747 10.589358 0.290291 2.000303 -31.570485 0.000000 0.000000 0.000000 -21.092957 -21.178278 9.995109 -33.644866 -22.762526 1.468099 18.943488 -43.789113 -5.814384 0.000000 0.000000 0.000000 9.708809 36.565517 15.999584 37.725241 50.092620 11.767765 -14.776969 42.834441 -3.947055 0.000000 0.000000 0.000000 
-0.201568 0.867635 0.251592 -7.540673 -11.990374 0.525923 7.732685 0.460022 -31.581599 -1.636228 1.531117 43.234710 0.215885 -3.249699 -8.885829 0.000000 0.000000 0.000000 -5.298688 2.663111 -29.275986 30.230713 -10.821899 45.569256 -17.883564 -40.468246 1.554161 0.000000 0.000000 0.000000 -7.891297 2.756886 37.201601 -9.877682 5.095157 2.221714 4.178093 7.614599 7.546184 1.273018 1.742657 -30.569221 0.000000 0.000000 0.000000 -22.051352 -21.880820 9.818229 -32.578677 -23.036542 1.826603 23.914630 -48.047083 -8.988207 0.000000 0.000000 0.000000 10.541847 38.197557 17.577841 32.987126 50.455262 10.161715 -16.886243 43.095642 -4.709604 0.000000 0.000000 0.000000 
-0.230563 0.866890 0.276009 -9.065302 -5.354163 0.251351 9.340250 0.162819 -31.607450 -0.496110 -0.451880 45.148812 0.106210 -6.068000 -11.691917 0.000000 0.000000 0.000000 -7.058177 2.050621 -33.559267 26.984049 -10.804463 42.465138 -16.554460 -37.001314 3.676794 0.000000 0.000000 0.000000 -7.357171 1.739035 40.037400 -9.689002 4.998962 3.290984 4.310381 9.170824 6.258465 2.140127 1.852805 -30.392474 0.000000 0.000000 0.000000 -21.691485 -24.643715 9.995680 -31.494188 -23.518516 2.289783 29.239979 -51.043677 -12.941434 0.000000 0.000000 0.000000 11.358613 37.791164 18.601768 29.793234 52.553827 9.635136 -18.584546 41.666852 -4.973736 0.000000 0.000000 0.000000 
-0.261657 0.864246 0.301503 -10.708956 0.520455 0.197868 11.864066 0.166002 -32.368811 -1.137550 -1.471971 48.229622 0.616085 -8.186857 -14.964769 0.000000 0.000000 0.000000 -7.655517 1.301170 -36.110287 22.431898 -9.480474 39.221683 -13.359178 -31.104654 1.755886 0.000000 0.000000 0.000000 -7.621331 0.893837 42.211738 -10.476468 5.320119 3.726694 5.848308 9.808871 4.706710 3.213601 1.545480 -29.245977 0.000000 0.000000 0.000000 -22.334355 -25.053861 9.427439 -30.112726 -24.085568 2.632867 31.852121 -53.567767 -15.541195 0.000000 0.000000 0.000000 12.215630 39.802106 20.630683 24.730487 52.702776 7.561174 -20.360116 40.636711 -5.450370 0.000000 0.000000 0.000000 
-0.294479 0.856511 0.327650 -11.727196 7.156563 0.222439 14.482527 -0.038739 -33.703971 -1.735887 -2.849766 51.042801 1.717287 -8.650035 -17.792367 0.000000 0.000000 0.000000 -8.691233 -0.006525 -38.175935 18.590748 -8.462593 36.466241 -11.727972 -27.196029 2.537235 0.000000 0.000000 0.000000 -7.964620 -0.193527 43.745891 -10.523444 5.275029 5.369398 6.574061 11.693459 2.973516 4.690865 1.237055 -28.558046 0.000000 0.000000 0.000000 -24.059310 -27.800122 9.882139 -25.167646 -24.408476 2.553683 30.715913 -53.690350 -15.317764 0.000000 0.000000 0.000000 11.881174 41.159068 22.156706 20.100570 54.028788 6.041906 -22.428738 37.509643 -5.669429 0.000000 0.000000 0.000000 
-0.328412 0.846954 0.353128 -12.557318 12.201253 0.158148 17.238140 -0.122132 -34.963268 -2.820502 -3.580427 53.181874 3.366727 -6.858332 -20.771602 0.000000 0.000000 0.000000 -8.764217 -0.988469 -40.183807 15.659013 -8.010145 36.994896 -10.573788 -24.139184 3.863836 0.000000 0.000000 0.000000 -9.461744 -0.643579 45.437487 -11.374224 5.627821 6.754353 8.287206 13.027926 1.350210 5.393006 1.010386 -27.424661 0.000000 0.000000 0.000000 -22.918840 -29.134639 9.823295 -24.477250 -25.326562 2.860823 32.616497 -52.256780 -16.223429 0.000000 0.000000 0.000000 9.442575 44.065021 23.077696 14.743553 56.606948 4.381221 -24.605237 34.383065 -5.899265 0.000000 0.000000 0.000000 
-0.363309 0.833091 0.376665 -12.864163 16.760247 0.729938 20.248939 -0.234743 -37.437048 -3.179974 -4.608191 55.500100 4.015745 -5.822649 -21.450998 0.000000 0.000000 0.000000 -8.535045 -2.018176 -42.993761 11.239289 -6.875933 39.551520 -6.321027 -14.872960 2.742512 0.000000 0.000000 0.000000 -9.918056 -1.490646 47.153805 -12.145254 5.781137 5.815643 8.526968 13.831967 1.708876 7.079683 0.720867 -29.506315 0.000000 0.000000 0.000000 -21.593691 -30.859298 10.212180 -21.892300 -26.575793 2.658659 34.927503 -48.446300 -16.162062 0.000000 0.000000 0.000000 7.217201 45.429405 23.098190 8.497239 59.519792 1.953267 -25.629311 31.066021 -5.654083 0.000000 0.000000 0.000000 
-0.399252 0.818214 0.398258 -12.771063 22.122039 0.438021 22.178463 -0.833495 -38.898784 -4.520925 -5.228078 56.997451 5.882779 -0.590292 -23.000351 0.000000 0.000000 0.000000 -8.624384 -3.455221 -44.380112 9.416319 -8.168821 46.036304 -3.458594 -7.801968 -1.579477 0.000000 0.000000 0.000000 -10.092583 -2.901940 49.605231 -12.602232 5.804121 4.627752 9.231093 14.334641 3.385827 7.764309 0.932384 -32.094956 0.000000 0.000000 0.000000 -19.919936 -32.469519 10.535255 -19.906612 -27.603728 2.388546 37.525167 -43.286231 -15.679189 0.000000 0.000000 0.000000 1.514112 45.816586 20.437015 4.372851 62.134742 0.648768 -28.136390 27.719051 -5.689908 0.000000 0.000000 0.000000 
-0.435792 0.804837 0.417188 -12.704840 26.012972 0.717838 24.648310 -1.158300 -40.354754 -5.752127 -5.241688 57.462225 6.549144 2.758994 -22.111205 0.000000 0.000000 0.000000 -8.004971 -4.472523 -46.463210 8.636689 -9.906126 52.048031 -3.789651 -7.988984 -5.231311 0.000000 0.000000 0.000000 -11.551803 -3.505061 51.883919 -12.510958 5.616851 3.658627 8.870679 15.238209 3.253508 8.896292 0.716763 -32.625551 0.000000 0.000000 0.000000 -17.665751 -33.587435 10.593783 -17.840984 -28.037070 2.011192 38.636396 -39.310807 -14.832975 0.000000 0.000000 0.000000 -1.765438 45.919839 19.042740 -0.360015 64.123893 -1.365342 -29.658838 23.565015 -5.156132 0.000000 0.000000 0.000000 
-0.471473 0.793796 0.434326 -12.534350 29.736436 0.422689 27.507969 -1.428270 -41.175899 -8.022223 -4.434363 57.524037 7.446171 7.363921 -20.857119 0.000000 0.000000 0.000000 -6.529769 -5.167105 -48.662083 7.035442 -11.053709 57.716749 -3.954841 -7.750211 -8.581201 0.000000 0.000000 0.000000 -12.977642 -4.174395 54.063981 -12.716724 5.598725 1.750506 9.270804 15.617903 5.095958 8.652819 0.977234 -32.964355 0.000000 0.000000 0.000000 -14.011908 -34.323545 10.549153 -16.943683 -29.167902 1.700003 39.540522 -33.551647 -13.301624 0.000000 0.000000 0.000000 -5.763346 44.990623 16.491141 -2.808753 66.546252 -2.148720 -31.479534 20.704653 -4.888233 0.000000 0.000000 0.000000 
-0.505611 0.784226 0.449946 -12.427579 32.683955 0.485093 30.176272 -1.668855 -42.350226 -9.620902 -3.730405 57.174916 8.272364 12.792532 -17.247835 0.000000 0.000000 0.000000 -4.341555 -5.457775 -51.453938 4.710372 -11.337470 63.544492 -3.633903 -6.308408 -10.033489 0.000000 0.000000 0.000000 -15.237791 -4.341723 56.490445 -12.081247 5.256173 0.221477 9.588721 16.761699 5.872865 8.550598 1.267464 -33.728258 0.000000 0.000000 0.000000 -11.092591 -35.989222 10.906995 -15.068196 -29.753483 1.224418 39.278144 -29.045316 -11.735915 0.000000 0.000000 0.000000 -9.461508 44.731583 14.569736 -8.071935 66.873909 -4.580367 -31.832969 18.008330 -4.344732 0.000000 0.000000 0.000000 
-0.536365 0.774402 0.463792 -12.057501 34.967999 -0.142067 31.606730 -1.950841 -42.112357 -12.025834 -2.740903 57.509357 9.195422 16.508345 -16.051188 0.000000 0.000000 0.000000 -2.504895 -5.687375 -53.725906 2.983026 -11.327667 67.773883 -4.178481 -7.534878 -10.785398 0.000000 0.000000 0.000000 -17.180269 -4.448910 58.546959 -12.539401 5.429968 -1.015252 9.945062 17.070424 6.414732 7.283213 1.885502 -34.151319 0.000000 0.000000 0.000000 -8.522948 -37.106152 11.196385 -13.974899 -30.458183 0.898890 39.225385 -25.727386 -10.606417 0.000000 0.000000 0.000000 -11.348239 44.156796 13.272526 -8.566704 67.404449 -4.559553 -32.840465 14.668514 -3.670001 0.000000 0.000000 0.000000 
-0.563330 0.765792 0.475900 -11.410098 37.879887 -0.786808 32.600822 -2.494612 -42.618471 -13.914863 -2.253034 57.847376 10.010210 19.725340 -13.979190 0.000000 0.000000 0.000000 -1.262400 -6.408044 -55.483230 0.621803 -10.832130 71.778090 -3.983121 -7.008552 -9.781941 0.000000 0.000000 0.000000 -19.661295 -4.559870 60.903932 -12.725569 5.460150 -2.686006 11.217434 17.820085 7.200015 5.674023 2.549450 -33.414576 0.000000 0.000000 0.000000 -7.311238 -38.567985 11.576320 -12.391412 -31.091128 0.555460 38.514534 -23.229428 -9.553048 0.000000 0.000000 0.000000 -13.282261 43.656643 11.977555 -8.044193 66.261858 -3.744786 -34.509623 13.137666 -3.416158 0.000000 0.000000 0.000000 
-0.586382 0.759432 0.485705 -10.670280 40.708217 -1.755229 32.563992 -3.104038 -42.394872 -16.057267 -1.802773 58.029716 11.121725 23.105312 -12.454775 0.000000 0.000000 0.000000 -0.098478 -7.076164 -56.816105 -1.581818 -10.087208 74.706361 -4.141436 -7.603527 -8.681110 0.000000 0.000000 0.000000 -20.925670 -5.194639 62.822089 -13.581747 5.793710 -3.227850 11.534242 18.544417 6.923531 5.419519 2.578341 -31.880246 0.000000 0.000000 0.000000 -8.005903 -40.981356 12.501360 -10.883698 -31.354955 0.361432 38.163563 -23.017164 -9.302184 0.000000 0.000000 0.000000 -14.729212 43.183417 11.032691 -6.787648 65.338896 -2.626314 -33.529189 10.198205 -2.529206 0.000000 0.000000 0.000000 
-0.605863 0.757864 0.493734 -9.794848 43.879207 -2.209767 32.580862 -3.827154 -42.890078 -17.688087 -1.588260 57.334334 11.750353 25.025874 -9.088002 0.000000 0.000000 0.000000 0.539222 -8.049924 -57.488647 -3.889206 -9.270161 76.822142 -3.909314 -7.359614 -6.827715 0.000000 0.000000 0.000000 -22.020234 -5.991914 64.300291 -14.174374 5.995103 -3.699633 12.611182 19.273075 7.215414 3.575881 3.385111 -31.015624 0.000000 0.000000 0.000000 -7.316957 -42.840375 13.066569 -10.325969 -33.415990 0.200734 38.261011 -24.034331 -9.734677 0.000000 0.000000 0.000000 -17.296965 42.816402 9.593980 -3.908544 63.890205 -0.495664 -33.338317 8.427683 -1.961008 0.000000 0.000000 0.000000 
-0.622467 0.762284 0.500383 -9.394887 46.631146 -3.040344 32.510155 -4.372443 -42.221319 -19.174080 -1.397003 55.728005 12.210115 26.081314 -6.239877 0.000000 0.000000 0.000000 0.528639 -8.727986 -56.568816 -4.335133 -10.174189 76.642963 -4.535430 -9.227854 -5.790123 0.000000 0.000000 0.000000 -22.033086 -7.064114 64.785240 -13.979251 5.912751 -3.818823 12.295298 19.650486 7.410910 3.255498 3.652423 -31.058696 0.000000 0.000000 0.000000 -8.375933 -43.769489 13.326205 -11.177424 -34.931967 0.499665 37.471645 -26.657965 -10.532627 0.000000 0.000000 0.000000 -18.188657 42.574327 9.044099 -0.192808 62.948799 1.841917 -33.263222 8.433302 -1.931054 0.000000 0.000000 0.000000 
-0.637299 0.769077 0.507156 -8.624054 49.978829 -3.382726 32.930319 -5.037850 -42.282451 -21.572722 -0.744791 53.610629 12.958002 27.838166 -1.851477 0.000000 0.000000 0.000000 0.220816 -9.706809 -55.527591 -4.955976 -11.096065 76.197205 -4.901995 -10.355134 -4.517077 0.000000 0.000000 0.000000 -23.120107 -7.857225 65.519189 -13.212831 5.579237 -4.773139 12.748053 20.590746 8.686928 2.156982 4.438427 -32.562633 0.000000 0.000000 0.000000 -7.373699 -44.001214 12.949368 -13.249918 -37.520886 0.870919 38.314086 -28.861251 -11.990409 0.000000 0.000000 0.000000 -18.787325 41.184988 8.225793 3.827995 62.801524 4.535228 -33.862333 9.633617 -2.231138 0.000000 0.000000 0.000000 
-0.651037 0.777658 0.514156 -8.344066 53.309581 -3.606758 33.079685 -5.689736 -41.535359 -22.335840 -0.928652 50.153050 12.731017 27.414491 1.137950 0.000000 0.000000 0.000000 -0.227390 -10.137948 -53.028544 -5.411170 -12.212653 73.654346 -5.358961 -11.460426 -5.098022 0.000000 0.000000 0.000000 -23.204185 -8.856329 65.037635 -12.999741 5.466303 -4.594462 13.013285 20.782458 8.132164 1.663022 4.698178 -31.615979 0.000000 0.000000 0.000000 -9.379810 -44.183101 12.937423 -15.867479 -38.266708 1.820566 37.902171 -32.898620 -13.591384 0.000000 0.000000 0.000000 -16.669891 41.519481 9.420681 5.818451 60.975574 5.173047 -33.744340 13.042674 -3.096909 0.000000 0.000000 0.000000 
-0.664165 0.785287 0.521229 -7.689445 56.208650 -3.926614 33.454514 -6.201395 -40.842526 -24.192753 -0.641351 47.484493 13.499582 28.680040 4.577578 0.000000 0.000000 0.000000 -0.806249 -10.669828 -51.157830 -6.137974 -12.966539 72.510982 -5.925401 -12.915485 -5.068356 0.000000 0.000000 0.000000 -23.710680 -9.522964 64.694247 -12.973996 5.405839 -5.528009 13.775563 21.440916 9.713874 0.841263 5.320359 -32.215180 0.000000 0.000000 0.000000 -9.525945 -44.298038 12.546251 -18.321524 -40.026335 2.500109 39.019239 -34.752637 -15.229851 0.000000 0.000000 0.000000 -15.707613 40.387857 9.386289 9.150590 59.748291 6.914760 -35.791376 16.752135 -4.244172 0.000000 0.000000 0.000000 
-0.676682 0.791621 0.527172 -7.958118 58.897497 -4.623319 33.694580 -6.658365 -40.205958 -26.262468 -0.410570 45.427185 14.792260 30.616626 5.258056 0.000000 0.000000 0.000000 -0.842571 -10.756158 -49.488698 -6.902909 -13.494238 71.146898 -5.798440 -12.683494 -5.554843 0.000000 0.000000 0.000000 -24.078254 -10.164289 64.449768 -12.442346 5.187468 -6.288519 13.847282 22.474052 9.997928 1.960486 5.081372 -31.717944 0.000000 0.000000 0.000000 -10.771205 -43.919498 11.910298 -20.876960 -40.477686 3.405329 39.887102 -36.904323 -17.063259 0.000000 0.000000 0.000000 -13.172457 39.608932 10.447521 10.271307 58.692366 7.203939 -36.564062 20.090492 -5.230950 0.000000 0.000000 0.000000 
-0.688258 0.793441 0.531600 -7.958970 60.982082 -4.981575 33.972789 -7.041626 -40.205133 -28.500092 -0.134870 45.247337 16.344005 32.859130 6.757221 0.000000 0.000000 0.000000 -0.713885 -11.065355 -49.003352 -8.091079 -13.352455 71.042062 -5.716867 -12.517057 -5.532335 0.000000 0.000000 0.000000 -24.610396 -10.545073 64.292411 -12.112689 5.037499 -7.510322 14.290900 23.800504 11.819644 2.143594 5.397545 -32.899141 0.000000 0.000000 0.000000 -8.970000 -43.831111 11.256762 -22.004332 -42.669638 3.407010 43.577420 -36.810969 -19.475336 0.000000 0.000000 0.000000 -13.823022 38.413069 9.634529 10.750512 57.371051 7.680580 -38.527988 21.716168 -5.859460 0.000000 0.000000 0.000000 
-0.698101 0.790398 0.534408 -8.631638 62.035308 -6.610908 34.394510 -7.164327 -39.559748 -31.640588 0.479926 45.834934 18.751192 36.216568 7.480924 0.000000 0.000000 0.000000 -0.495185 -11.123736 -48.725488 -9.244687 -13.266567 72.199634 -5.138738 -11.066966 -5.782428 0.000000 0.000000 0.000000 -25.932264 -10.413453 64.875457 -12.051905 5.027377 -8.647427 15.011877 25.794353 12.766910 3.468898 5.131065 -32.754742 0.000000 0.000000 0.000000 -9.369304 -43.980930 10.847036 -22.945177 -43.212219 3.718991 46.710069 -37.292234 -21.871186 0.000000 0.000000 0.000000 -12.866947 37.916865 9.907969 9.326082 56.207840 6.858706 -39.240883 22.337665 -6.096630 0.000000 0.000000 0.000000 
-0.705668 0.783984 0.535993 -9.641716 63.522957 -8.577029 33.444161 -7.385104 -39.565191 -32.983003 0.321112 47.984651 20.025236 38.066372 7.108483 0.000000 0.000000 0.000000 -0.860730 -11.697463 -48.381895 -10.674658 -13.264264 73.952812 -4.448537 -9.223278 -6.491221 0.000000 0.000000 0.000000 -26.670315 -10.734357 65.378841 -12.294515 5.105773 -9.415280 15.855807 27.117795 14.368552 3.855156 5.284314 -33.826732 0.000000 0.000000 0.000000 -9.210026 -44.461215 10.669681 -22.633446 -44.335358 3.507589 49.896262 -36.655854 -23.633768 0.000000 0.000000 0.000000 -14.839359 37.283602 8.520556 8.237393 55.047677 6.700235 -41.572725 21.129864 -5.843535 0.000000 0.000000 0.000000 
-0.710960 0.773171 0.536832 -10.402878 63.934907 -10.662875 33.293860 -7.360790 -38.959457 -35.398244 0.826270 50.034663 21.902917 40.970955 6.248364 0.000000 0.000000 0.000000 -0.439430 -11.828596 -48.831802 -12.957992 -12.205271 77.206715 -3.633376 -6.837684 -7.346093 0.000000 0.000000 0.000000 -27.636814 -10.728233 66.445316 -13.248225 5.418917 -10.017956 16.532592 27.968524 14.779899 4.805099 4.946161 -33.651784 0.000000 0.000000 0.000000 -9.073703 -44.711131 10.699091 -22.110892 -44.386126 3.381025 52.982900 -36.157422 -25.229106 0.000000 0.000000 0.000000 -16.513258 38.145650 7.798210 6.041735 54.436370 5.849233 -42.066837 19.053917 -5.202278 0.000000 0.000000 0.000000 
-0.714643 0.762218 0.537313 -11.062648 64.308362 -12.816954 32.473022 -7.280284 -38.027511 -35.443119 0.471548 53.062225 22.512860 41.944961 4.777668 0.000000 0.000000 0.000000 -0.663795 -12.054907 -48.550211 -14.555330 -11.671752 79.587823 -3.229263 -5.427635 -8.225558 0.000000 0.000000 0.000000 -28.877798 -10.614918 67.658532 -14.087998 5.685197 -10.971458 17.719506 29.413394 16.024178 5.615416 4.801874 -34.576282 0.000000 0.000000 0.000000 -8.339505 -45.276599 10.753602 -20.602512 -45.413428 2.738422 54.282893 -34.639394 -25.286376 0.000000 0.000000 0.000000 -17.766473 38.411663 7.048209 3.936654 53.146248 4.984427 -42.740809 17.502701 -4.629058 0.000000 0.000000 0.000000 
-0.717473 0.750170 0.537445 -12.002533 64.647331 -15.235541 32.091334 -7.218582 -37.450674 -35.908488 0.362451 56.254071 22.572657 42.706527 2.492710 0.000000 0.000000 0.000000 -0.455165 -12.006922 -48.415603 -16.526268 -10.729531 82.347691 -3.137365 -4.342552 -10.357636 0.000000 0.000000 0.000000 -29.989158 -10.483259 68.590646 -14.733481 5.920089 -11.303691 18.209442 30.263597 16.729388 6.057681 4.706834 -34.808632 0.000000 0.000000 0.000000 -6.979802 -45.812133 10.879835 -18.711663 -45.865318 1.905446 55.666089 -32.826454 -25.169815 0.000000 0.000000 0.000000 -19.226934 39.120925 6.361015 2.154128 52.188039 4.322486 -42.384307 16.390612 -4.179402 0.000000 0.000000 0.000000 
-0.720098 0.739543 0.537326 -12.338625 65.130464 -17.142582 30.807149 -7.167466 -37.174432 -36.150229 -0.006652 59.890071 22.148088 43.135203 -0.463110 0.000000 0.000000 0.000000 -0.564651 -12.076827 -48.045802 -18.146686 -10.014538 84.513886 -2.837934 -2.976102 -10.952834 0.000000 0.000000 0.000000 -31.651664 -10.143018 69.800665 -15.207522 6.114732 -11.601095 19.118566 31.585377 17.201790 6.216776 4.724717 -34.858510 0.000000 0.000000 0.000000 -7.256424 -46.270332 10.940869 -16.678802 -45.667084 1.354448 56.912669 -31.505635 -25.143227 0.000000 0.000000 0.000000 -19.515240 39.499502 6.241821 0.964653 50.738886 3.682085 -43.259749 16.559034 -4.212514 0.000000 0.000000 0.000000 
-0.722698 0.730549 0.537041 -12.752985 65.508417 -18.473593 30.551353 -7.229429 -37.568827 -36.697675 0.083719 62.886879 22.088929 43.507811 -0.930269 0.000000 0.000000 0.000000 -0.445622 -12.312200 -48.397640 -19.713396 -8.720406 86.410040 -2.694904 -1.976337 -11.588876 0.000000 0.000000 0.000000 -33.465352 -9.670622 71.224951 -15.841956 6.289284 -12.415881 20.223508 32.932852 17.765997 6.062345 4.810590 -34.485879 0.000000 0.000000 0.000000 -7.879632 -47.206180 11.247730 -14.465753 -45.194825 0.791985 56.815226 -30.894106 -24.600266 0.000000 0.000000 0.000000 -20.739603 39.305261 5.451595 0.405048 49.768603 3.555276 -43.165407 16.704966 -4.115769 0.000000 0.000000 0.000000 
-0.725257 0.725670 0.536760 -13.099129 65.667484 -19.907148 29.576252 -7.123401 -37.323946 -36.738321 -0.179136 65.717359 21.556011 43.308884 -2.581087 0.000000 0.000000 0.000000 -0.268673 -12.039587 -48.085893 -20.509753 -8.307393 87.252730 -2.617976 -1.417662 -11.983082 0.000000 0.000000 0.000000 -35.146136 -9.060999 72.275385 -16.374312 6.509349 -12.484909 21.001553 34.464241 17.597776 6.284040 4.740310 -33.823612 0.000000 0.000000 0.000000 -9.321054 -48.296149 11.627089 -12.768560 -43.845726 0.673674 57.203523 -30.306934 -24.356434 0.000000 0.000000 0.000000 -20.271539 39.538197 5.789393 0.004670 48.383380 3.166556 -43.843899 17.652862 -4.438263 0.000000 0.000000 0.000000 
-0.727365 0.724193 0.536468 -13.628476 66.068859 -21.033775 29.057224 -7.127608 -37.220899 -35.940259 -0.905885 67.540727 21.055572 41.900324 -1.398806 0.000000 0.000000 0.000000 -0.463784 -11.979227 -47.485445 -21.243459 -7.980630 86.948945 -2.351417 -0.808807 -11.716400 0.000000 0.000000 0.000000 -36.587405 -8.606701 73.009364 -16.403740 6.503993 -13.097235 21.856204 35.646194 18.234554 6.542525 4.681333 -33.329047 0.000000 0.000000 0.000000 -10.252248 -49.059176 11.926142 -11.580186 -43.132831 0.465178 56.061242 -30.260855 -23.544385 0.000000 0.000000 0.000000 -20.225405 39.152685 5.658017 -0.297354 47.859336 3.061864 -43.813459 19.010768 -4.848402 0.000000 0.000000 0.000000 
-0.728965 0.727172 0.536068 -14.494479 66.230168 -22.134160 28.447899 -7.049491 -36.806894 -35.396648 -1.504801 68.868704 20.822843 41.075050 -0.703111 0.000000 0.000000 0.000000 -0.434124 -11.584336 -46.693922 -21.244604 -8.420643 86.058590 -2.235734 -0.767115 -11.505157 0.000000 0.000000 0.000000 -37.300882 -8.359696 73.136890 -16.433098 6.532263 -13.176705 22.492702 36.479976 18.457261 6.187496 4.889843 -32.820478 0.000000 0.000000 0.000000 -11.044554 -49.260545 11.932990 -11.664821 -42.487498 0.671072 55.291004 -30.380551 -23.245443 0.000000 0.000000 0.000000 -19.830158 39.119256 5.880485 -0.044896 47.242472 3.068419 -43.548185 20.312614 -5.230249 0.000000 0.000000 0.000000 
-0.730167 0.732977 0.535575 -14.202268 66.368605 -22.085606 27.981198 -6.890445 -35.868280 -34.479718 -2.255880 68.763614 20.553090 39.804433 0.527525 0.000000 0.000000 0.000000 -0.931968 -11.318510 -45.508605 -21.368734 -8.563451 84.378654 -1.782396 -0.084468 -10.742868 0.000000 0.000000 0.000000 -37.966517 -8.042561 72.864881 -16.543014 6.568951 -13.221943 22.577095 36.674155 18.765786 6.260523 4.867854 -32.644033 0.000000 0.000000 0.000000 -10.831147 -48.959103 11.766953 -12.912487 -41.987737 1.099604 54.954332 -30.498078 -23.276553 0.000000 0.000000 0.000000 -18.966180 39.046133 6.281478 0.149993 46.838866 2.984554 -43.095757 21.271676 -5.517667 0.000000 0.000000 0.000000 
-0.731420 0.739698 0.534689 -13.967507 66.272428 -21.866579 27.405286 -6.657269 -34.863978 -33.329370 -3.001314 68.238845 20.124312 38.495363 1.026384 0.000000 0.000000 0.000000 -1.372029 -10.735889 -43.988504 -20.416272 -9.592159 82.084602 -2.074265 -0.925706 -11.982767 0.000000 0.000000 0.000000 -37.791055 -7.949795 72.282680 -16.884306 6.726780 -12.820212 22.556079 36.551315 18.162678 5.817034 4.925028 -31.342324 0.000000 0.000000 0.000000 -12.638210 -49.093728 11.915043 -14.000123 -41.006160 1.828963 53.897458 -31.394639 -23.032968 0.000000 0.000000 0.000000 -17.239773 38.819921 7.183030 0.709680 47.033404 2.926489 -43.334170 22.579501 -6.089386 0.000000 0.000000 0.000000 
-0.733425 0.745434 0.533418 -13.613238 66.466521 -21.288689 26.712160 -6.529642 -34.087368 -32.659888 -3.554000 67.536890 20.446271 38.439196 1.905552 0.000000 0.000000 0.000000 -1.789386 -10.376909 -42.704557 -19.387317 -10.592117 79.653471 -1.946962 -0.708748 -12.990270 0.000000 0.000000 0.000000 -37.622409 -8.026461 71.925884 -17.143333 6.841584 -12.414074 22.073904 36.327143 17.476007 5.823306 4.823789 -31.049530 0.000000 0.000000 0.000000 -12.163461 -49.282566 12.061505 -14.248525 -40.763387 1.851849 53.913357 -30.751862 -22.639976 0.000000 0.000000 0.000000 -16.434645 38.579437 7.617985 0.986989 47.421120 2.924060 -43.197674 22.745550 -6.162590 0.000000 0.000000 0.000000 
-0.736469 0.749473 0.531730 -12.773631 66.129901 -20.469162 26.619889 -6.300588 -33.054160 -32.760778 -3.375174 67.026922 20.975826 38.689983 3.212065 0.000000 0.000000 0.000000 -1.909214 -10.129767 -42.316369 -19.040368 -10.346693 77.989430 -1.668297 -0.049418 -13.427166 0.000000 0.000000 0.000000 -37.702664 -7.790894 71.816171 -17.612373 6.945998 -12.632066 21.797152 35.836977 17.485465 5.725860 4.803682 -31.365779 0.000000 0.000000 0.000000 -10.744191 -48.663307 11.837377 -13.991185 -41.446593 1.541142 53.691097 -30.370423 -22.360629 0.000000 0.000000 0.000000 -16.420094 38.196149 7.398532 1.854878 48.015521 3.293353 -44.582785 23.097039 -6.491192 0.000000 0.000000 0.000000 
-0.740327 0.752456 0.529651 -12.517687 66.368349 -20.163433 26.006472 -6.217840 -32.660485 -32.636084 -3.631855 67.099237 21.754928 39.219996 4.898270 0.000000 0.000000 0.000000 -2.211458 -10.232965 -42.057962 -18.382528 -10.782753 77.031920 -1.590357 0.080979 -13.747979 0.000000 0.000000 0.000000 -37.266241 -8.039867 71.796345 -17.704071 6.988054 -12.431960 21.347184 35.425534 17.279907 5.191243 5.006065 -31.293522 0.000000 0.000000 0.000000 -10.023058 -48.811557 11.916735 -13.380349 -41.568036 1.255435 54.303922 -29.986809 -22.455615 0.000000 0.000000 0.000000 -16.021278 38.307127 7.634125 2.134766 48.325161 3.348698 -45.595454 22.894580 -6.602451 0.000000 0.000000 0.000000 
-0.744153 0.753052 0.527392 -11.833011 66.090205 -19.368908 25.973295 -6.094096 -32.263299 -33.169593 -3.195051 67.042354 22.392870 39.709923 6.368139 0.000000 0.000000 0.000000 -2.374599 -10.316844 -42.253818 -18.115907 -10.395213 76.149234 -1.019928 1.698499 -13.632277 0.000000 0.000000 0.000000 -36.931621 -7.959780 71.515837 -18.403030 7.263445 -11.780438 21.074606 34.712500 16.191499 4.500747 5.046494 -30.303691 0.000000 0.000000 0.000000 -9.217114 -48.862209 12.107521 -13.082979 -41.366267 1.138829 55.659972 -30.029063 -23.002787 0.000000 0.000000 0.000000 -15.232905 38.575275 8.183013 2.006872 48.806552 3.124289 -47.193782 23.548476 -7.201004 0.000000 0.000000 0.000000 
-0.747449 0.753838 0.524893 -11.463639 65.595748 -18.956006 25.353367 -5.915808 -31.838108 -33.034872 -3.258236 67.407966 22.827174 40.015052 7.115013 0.000000 0.000000 0.000000 -2.147594 -10.277089 -42.745673 -17.800871 -10.138606 75.762620 -1.068124 1.318394 -13.130525 0.000000 0.000000 0.000000 -37.005642 -7.684516 71.299593 -18.466881 7.303581 -11.753862 21.138185 34.370407 16.389608 4.693946 4.872814 -29.689966 0.000000 0.000000 0.000000 -8.046770 -48.155804 11.801494 -12.203048 -42.371342 0.622309 56.820327 -30.160867 -23.705498 0.000000 0.000000 0.000000 -13.973675 38.717211 8.835823 2.107650 49.187691 2.982038 -49.543537 24.754925 -8.180720 0.000000 0.000000 0.000000 
-0.749925 0.753786 0.522181 -11.097800 64.748493 -18.455885 25.336748 -5.709521 -31.421583 -33.739330 -2.542905 67.536464 23.594590 40.877832 7.851820 0.000000 0.000000 0.000000 -2.324336 -10.164232 -42.868904 -16.923841 -10.089445 74.881165 -0.931415 1.812091 -13.576068 0.000000 0.000000 0.000000 -36.580350 -7.383628 70.513943 -19.141655 7.737320 -9.838283 20.749231 33.703582 14.357662 4.354591 4.596143 -28.000637 0.000000 0.000000 0.000000 -7.838888 -48.291121 12.059108 -12.190689 -42.009987 0.757152 58.275390 -30.671050 -24.488502 0.000000 0.000000 0.000000 -12.535042 38.959382 9.863475 2.410341 49.611404 2.764427 -51.736030 26.428898 -9.399442 0.000000 0.000000 0.000000 
-0.751809 0.753378 0.519321 -10.994666 64.198091 -17.981954 25.017286 -5.640036 -31.615583 -34.033366 -2.245999 68.351088 24.414733 41.769010 8.831533 0.000000 0.000000 0.000000 -2.558480 -10.292039 -43.168009 -15.778080 -10.425499 74.111793 -1.207943 0.902967 -13.690525 0.000000 0.000000 0.000000 -35.620233 -7.540578 70.207917 -19.326374 7.824205 -9.413471 20.292498 32.089254 13.626079 3.903113 4.563820 -27.582066 0.000000 0.000000 0.000000 -7.167588 -47.751028 12.110749 -12.177491 -42.585771 0.683011 59.979110 -31.199654 -25.370262 0.000000 0.000000 0.000000 -10.958930 39.362460 10.794488 2.923222 50.071254 2.603852 -54.111842 28.900300 -11.204872 0.000000 0.000000 0.000000 
-0.752979 0.753548 0.516828 -10.890040 63.541747 -17.476787 25.026387 -5.538911 -31.528762 -34.236238 -1.851217 68.173101 25.248195 42.594095 9.788479 0.000000 0.000000 0.000000 -2.651313 -10.272391 -43.416695 -14.527756 -10.768640 73.087160 -1.347085 0.273631 -13.448319 0.000000 0.000000 0.000000 -34.757325 -7.567641 69.339909 -19.005365 7.843646 -8.053822 19.658358 31.136901 12.684799 3.875807 4.365103 -26.844410 0.000000 0.000000 0.000000 -7.729268 -48.004319 12.351376 -13.102836 -42.289288 1.145437 61.053782 -31.940370 -26.245520 0.000000 0.000000 0.000000 -9.289904 39.267825 11.720181 3.633316 50.644575 2.626699 -55.412407 31.299478 -12.757288 0.000000 0.000000 0.000000 
-0.753425 0.755982 0.514883 -10.683442 62.578685 -17.115714 24.994915 -5.334672 -31.103606 -33.874347 -1.715010 68.136362 25.982984 42.788824 11.750083 0.000000 0.000000 0.000000 -2.505733 -9.872314 -43.387512 -13.549798 -10.765855 71.730373 -1.392698 -0.234891 -12.855599 0.000000 0.000000 0.000000 -33.748736 -7.514390 68.334012 -18.745628 7.862149 -6.908900 18.569725 29.669688 11.689852 3.565946 4.303455 -26.517252 0.000000 0.000000 0.000000 -7.892819 -47.680120 12.427603 -13.464693 -42.247407 1.365349 61.818493 -33.327656 -27.278643 0.000000 0.000000 0.000000 -7.913270 39.568019 12.549291 5.094008 51.083633 2.925780 -57.968485 32.915235 -14.351001 0.000000 0.000000 0.000000 
-0.753091 0.760043 0.513714 -10.907189 61.736784 -17.195159 24.822267 -5.067675 -30.098952 -33.741763 -1.538120 67.349913 27.406619 43.663613 13.657775 0.000000 0.000000 0.000000 -2.449318 -9.360336 -42.904823 -12.245713 -11.135662 69.967830 -1.601240 -1.382610 -11.835652 0.000000 0.000000 0.000000 -33.032832 -7.353774 67.057148 -18.185399 7.806630 -5.415127 18.086521 28.972025 10.951302 3.628686 4.061673 -25.473117 0.000000 0.000000 0.000000 -7.841734 -47.269181 12.308515 -15.465059 -42.746420 1.998870 62.765625 -34.441554 -28.587303 0.000000 0.000000 0.000000 -5.471579 38.994477 13.708147 6.078028 51.631902 3.003793 -58.205065 35.403337 -15.820061 0.000000 0.000000 0.000000 
-0.752128 0.765035 0.513390 -10.735564 61.509254 -16.934975 24.702991 -4.904179 -28.955354 -33.651295 -1.533392 65.996571 27.744779 43.551296 14.521991 0.000000 0.000000 0.000000 -2.602375 -8.960024 -41.945459 -11.642887 -11.189127 67.971170 -1.545365 -1.701615 -11.234224 0.000000 0.000000 0.000000 -32.581160 -7.325447 65.955473 -17.756468 7.698208 -4.439508 17.177389 28.044896 10.461229 3.606760 4.015130 -25.607120 0.000000 0.000000 0.000000 -7.650615 -46.603209 12.076253 -16.473224 -43.620562 2.289606 62.435297 -36.373135 -29.654485 0.000000 0.000000 0.000000 -4.315099 38.270822 14.023240 8.130565 51.548482 3.633865 -58.978720 36.877103 -16.783730 0.000000 0.000000 0.000000 
-0.750923 0.771576 0.513629 -10.865653 61.476106 -17.008265 24.504904 -4.734852 -27.565253 -33.388384 -1.657762 64.052614 29.031734 44.200227 15.975525 0.000000 0.000000 0.000000 -2.779425 -8.400883 -40.492887 -10.763061 -11.499783 65.563518 -1.510285 -2.064251 -11.156534 0.000000 0.000000 0.000000 -32.378282 -7.250650 64.764510 -16.728620 7.352318 -3.753099 16.622404 27.739277 10.411594 3.582639 4.087666 -25.737224 0.000000 0.000000 0.000000 -8.014316 -46.236114 11.810772 -18.928361 -44.222405 3.115468 62.502812 -38.254878 -31.292150 0.000000 0.000000 0.000000 -3.011920 36.988968 14.238366 12.074224 51.888374 5.161337 -58.016715 38.684544 -17.274012 0.000000 0.000000 0.000000 
-0.749861 0.777399 0.514335 -10.981072 62.169729 -16.861531 24.437852 -4.727983 -26.479563 -33.526461 -1.761663 62.072082 30.394615 45.116930 16.652633 0.000000 0.000000 0.000000 -2.835282 -7.998753 -39.095600 -11.090147 -11.161111 63.493898 -1.421115 -2.307786 -11.319972 0.000000 0.000000 0.000000 -32.115940 -7.463493 63.813598 -16.069118 7.078510 -3.356740 16.182381 27.337659 10.235578 3.428713 4.301764 -26.630285 0.000000 0.000000 0.000000 -8.836247 -46.106235 11.705729 -20.297648 -44.344752 3.652143 61.464868 -40.761793 -32.397371 0.000000 0.000000 0.000000 -1.889707 35.929383 14.461206 15.246525 50.929782 6.127174 -56.578592 39.396557 -16.983429 0.000000 0.000000 0.000000 
-0.749159 0.783275 0.515104 -10.898319 62.689510 -16.478003 24.601647 -4.726521 -25.281025 -32.751026 -2.132354 59.745696 31.999570 45.459592 19.165220 0.000000 0.000000 0.000000 -2.814886 -7.592575 -37.909981 -10.673395 -10.998829 60.852516 -1.448302 -2.980193 -10.780601 0.000000 0.000000 0.000000 -32.524751 -7.459951 63.464349 -14.902905 6.594528 -4.174801 15.982522 27.263632 11.166582 3.324348 4.626714 -27.785996 0.000000 0.000000 0.000000 -7.939492 -45.630168 11.299059 -21.861604 -45.359684 3.917183 60.715524 -42.470827 -33.417272 0.000000 0.000000 0.000000 -1.254569 34.685971 14.266996 19.164283 50.886154 7.684015 -54.592441 39.171832 -16.001185 0.000000 0.000000 0.000000 
-0.749116 0.788889 0.515775 -10.930760 63.338899 -16.414867 24.513350 -4.735203 -24.502593 -32.447588 -2.341176 57.891423 32.537881 45.481575 19.548658 0.000000 0.000000 0.000000 -2.680430 -7.362639 -37.218538 -11.513472 -10.324910 59.651320 -1.185149 -2.608710 -10.173445 0.000000 0.000000 0.000000 -32.209506 -7.694461 62.909012 -14.850837 6.570218 -3.640036 15.513985 26.611704 10.625942 3.498581 4.484818 -27.800385 0.000000 0.000000 0.000000 -8.143097 -45.685722 11.389602 -22.062510 -45.468412 4.026272 60.188031 -43.683190 -33.688684 0.000000 0.000000 0.000000 0.684179 34.455367 15.231119 20.912647 49.598089 7.688841 -51.590318 38.719772 -14.809766 0.000000 0.000000 0.000000 
-0.749416 0.794965 0.516242 -11.188049 64.280676 -16.424857 24.401579 -4.802872 -23.879666 -32.027631 -2.614540 55.606760 34.028711 45.884869 21.249902 0.000000 0.000000 0.000000 -2.832901 -7.234255 -36.229221 -11.356375 -10.333360 57.888634 -0.967381 -2.423267 -10.007928 0.000000 0.000000 0.000000 -32.059174 -8.042162 62.622515 -14.168931 6.280092 -3.745719 15.491088 26.505890 10.895903 3.196641 4.776068 -28.420770 0.000000 0.000000 0.000000 -8.931979 -45.788045 11.310261 -23.530791 -45.583703 4.582926 59.083059 -46.359173 -34.974643 0.000000 0.000000 0.000000 1.867427 33.365131 15.457594 25.396514 48.796927 9.075575 -49.904557 38.520919 -13.981753 0.000000 0.000000 0.000000 
-0.750061 0.800601 0.516496 -11.483270 65.082667 -16.650634 24.191718 -4.844071 -23.443250 -31.208678 -3.045426 54.172537 33.535915 45.022832 21.305202 0.000000 0.000000 0.000000 -2.821562 -7.024996 -35.316442 -11.027569 -10.613677 56.679346 -1.133406 -3.181564 -9.669379 0.000000 0.000000 0.000000 -31.412749 -8.457523 62.127096 -13.913780 6.166717 -3.267762 15.259508 26.375201 10.618073 3.327181 4.715310 -28.237041 0.000000 0.000000 0.000000 -9.893389 -45.640695 11.183224 -24.489076 -45.242571 5.014686 58.009776 -49.414018 -36.435538 0.000000 0.000000 0.000000 4.106249 33.025183 16.645607 28.304305 46.814445 9.152694 -48.369883 38.758519 -13.505594 0.000000 0.000000 0.000000 
-0.750746 0.806534 0.516399 -12.087471 66.193095 -16.610095 24.081414 -4.962771 -23.115818 -30.302750 -3.392180 51.636991 33.904666 44.914592 21.007071 0.000000 0.000000 0.000000 -3.101904 -7.198186 -34.794300 -10.519718 -10.785203 55.064290 -1.277518 -3.797238 -8.719287 0.000000 0.000000 0.000000 -30.166041 -9.095791 61.246167 -13.428647 5.906750 -2.493373 14.823459 25.939966 9.910328 3.936434 4.458752 -28.377097 0.000000 0.000000 0.000000 -11.055423 -45.550698 11.049537 -25.298807 -44.879322 5.438786 55.454042 -52.040545 -36.529966 0.000000 0.000000 0.000000 6.166692 32.203445 17.591527 32.317723 45.561127 9.861012 -45.751144 39.530300 -12.835123 0.000000 0.000000 0.000000 
-0.751574 0.811912 0.515754 -11.762078 66.481635 -16.336521 23.481861 -4.823451 -22.117849 -28.736297 -3.745744 49.379283 33.385370 44.140025 19.846390 0.000000 0.000000 0.000000 -3.221433 -7.008296 -34.046221 -9.849694 -10.984039 53.895699 -1.310210 -4.073819 -8.619978 0.000000 0.000000 0.000000 -29.090109 -9.364233 60.446679 -13.045628 5.735445 -1.791760 14.472972 25.606825 9.690436 4.027422 4.437834 -28.469935 0.000000 0.000000 0.000000 -11.521853 -45.329670 10.913117 -26.135691 -44.636722 5.738797 53.281440 -52.726655 -35.507993 0.000000 0.000000 0.000000 9.085271 31.602221 19.058072 34.378380 44.041804 9.475002 -42.906197 40.576475 -12.269169 0.000000 0.000000 0.000000 
-0.752220 0.818382 0.514464 -11.709595 67.201193 -15.759790 23.394510 -4.874141 -21.510203 -27.211915 -4.014943 46.983377 32.380108 42.775470 19.230136 0.000000 0.000000 0.000000 -3.553598 -7.028343 -33.302445 -8.877684 -11.252435 52.180384 -1.607779 -5.054978 -8.188581 0.000000 0.000000 0.000000 -27.792979 -9.775853 59.402619 -11.923944 5.225029 -1.176335 13.857478 24.960445 9.711726 4.105308 4.492197 -28.736037 0.000000 0.000000 0.000000 -11.648172 -44.990708 10.645641 -26.672518 -44.316475 5.841535 50.014366 -52.499078 -33.176800 0.000000 0.000000 0.000000 11.540664 31.263096 20.476753 35.131753 43.398367 9.028618 -39.306176 41.600062 -11.470112 0.000000 0.000000 0.000000 
-0.752825 0.824573 0.512572 -10.675753 67.263088 -14.957292 22.851994 -4.716397 -20.537972 -26.480077 -3.969338 45.001946 31.874143 41.925843 18.867532 0.000000 0.000000 0.000000 -3.919651 -6.764975 -32.203329 -7.892561 -11.415289 50.683290 -1.634508 -5.305341 -7.988455 0.000000 0.000000 0.000000 -26.996658 -9.819382 58.622715 -12.000770 5.191604 -0.224249 13.816071 24.875828 8.719768 4.126287 4.345201 -28.186243 0.000000 0.000000 0.000000 -12.902495 -45.021455 10.696687 -27.313662 -43.596252 6.226765 46.518359 -51.501590 -30.110136 0.000000 0.000000 0.000000 12.818387 31.033236 21.174014 35.896890 42.935351 8.898997 -35.576258 42.396298 -10.471747 0.000000 0.000000 0.000000 
-0.753089 0.830742 0.510333 -9.956927 67.933015 -14.333782 22.413585 -4.697769 -20.315958 -26.119487 -3.984453 43.223484 31.279372 40.980526 19.017640 0.000000 0.000000 0.000000 -4.420345 -6.761643 -31.221325 -7.528693 -11.558774 49.680821 -1.634650 -5.457512 -7.679985 0.000000 0.000000 0.000000 -25.980736 -10.100716 57.666932 -11.785427 5.007672 0.266555 13.803831 24.204123 8.951956 4.188343 4.429597 -28.977152 0.000000 0.000000 0.000000 -14.429781 -45.444099 10.842034 -27.795859 -42.560741 6.543770 42.947850 -50.024143 -26.867223 0.000000 0.000000 0.000000 13.801651 31.405304 22.012834 34.802500 42.300505 8.117851 -32.689330 42.234882 -9.585434 0.000000 0.000000 0.000000 
-0.752836 0.835035 0.507800 -9.313758 68.289441 -14.226305 22.124654 -4.585040 -19.066187 -25.839143 -3.890784 41.639835 30.596036 40.034889 18.070956 0.000000 0.000000 0.000000 -4.682420 -6.453032 -30.003203 -7.221451 -11.573434 48.703673 -1.448279 -5.099252 -7.255535 0.000000 0.000000 0.000000 -25.275106 -10.250501 57.098835 -11.608807 4.885669 0.915206 13.339067 24.600209 8.458677 4.598150 4.272123 -28.731203 0.000000 0.000000 0.000000 -15.950053 -46.315814 11.086590 -28.648539 -40.503598 6.890032 39.679240 -49.482136 -24.711485 0.000000 0.000000 0.000000 13.687404 31.818089 22.348421 33.297930 42.788080 7.885105 -29.485013 42.516689 -8.664855 0.000000 0.000000 0.000000 
-0.752088 0.837377 0.505156 -8.823084 68.933924 -14.302961 21.634051 -4.506234 -18.644977 -25.954903 -3.957241 41.088444 30.222800 39.522930 17.573565 0.000000 0.000000 0.000000 -5.377119 -6.504151 -28.921081 -6.977765 -11.943360 48.462451 -1.673044 -5.684165 -6.723927 0.000000 0.000000 0.000000 -24.920886 -10.500010 57.001693 -11.857152 5.000384 0.261914 13.621345 24.424502 9.050934 4.856964 4.298177 -29.429499 0.000000 0.000000 0.000000 -17.927349 -46.720855 11.262133 -29.497665 -38.354784 7.171924 37.023976 -49.032177 -22.834548 0.000000 0.000000 0.000000 13.524251 33.476421 23.137042 28.914674 41.967983 6.280164 -27.237739 42.324384 -8.143417 0.000000 0.000000 0.000000 
-0.751339 0.838584 0.502302 -8.261430 69.392888 -14.272071 21.291604 -4.433729 -18.101913 -26.065372 -3.992717 40.734061 30.454269 39.516726 17.253584 0.000000 0.000000 0.000000 -5.600275 -6.369869 -28.099187 -7.105164 -12.026157 48.295817 -1.512245 -5.404647 -6.744955 0.000000 0.000000 0.000000 -24.545900 -10.605195 56.572400 -11.961798 5.029564 -0.065574 13.763655 25.074512 9.551240 5.075624 4.462637 -30.160350 0.000000 0.000000 0.000000 -19.744380 -47.320570 11.208165 -31.450972 -36.176209 7.701904 35.534483 -49.580526 -22.553854 0.000000 0.000000 0.000000 12.593325 34.161495 23.155459 26.238512 41.788680 5.630011 -25.631913 41.335015 -7.537956 0.000000 0.000000 0.000000 
-0.750986 0.837736 0.499202 -7.345231 69.849920 -14.087912 20.996166 -4.382683 -17.822369 -26.489489 -4.086297 41.219484 30.097691 39.211587 16.961687 0.000000 0.000000 0.000000 -6.348945 -6.535567 -27.303713 -7.443859 -12.383222 49.049500 -1.344693 -5.001860 -6.795681 0.000000 0.000000 0.000000 -24.214890 -10.736650 56.310127 -12.189038 5.138190 -0.846520 13.727309 25.164877 10.392780 4.914268 4.684350 -30.328578 0.000000 0.000000 0.000000 -21.801029 -47.737149 11.275023 -32.382084 -33.411297 7.780555 34.309373 -50.862205 -22.500059 0.000000 0.000000 0.000000 11.596044 35.281674 23.202950 23.543255 40.977520 4.807643 -25.051541 41.040326 -7.409038 0.000000 0.000000 0.000000 
-0.751272 0.836752 0.496055 -7.573768 70.263739 -14.732840 20.698037 -4.346445 -17.925614 -26.259813 -4.327476 41.941582 29.894158 39.097314 16.637110 0.000000 0.000000 0.000000 -6.657631 -6.662045 -27.010788 -8.489038 -12.438693 50.250100 -0.975332 -4.051530 -6.969823 0.000000 0.000000 0.000000 -23.941509 -10.877084 56.122517 -12.679521 5.326187 -1.650989 14.283350 26.046212 11.108349 5.231311 4.803620 -31.009733 0.000000 0.000000 0.000000 -22.930232 -48.371289 11.166097 -34.554809 -31.366825 8.128616 33.767270 -51.603248 -23.016006 0.000000 0.000000 0.000000 10.289091 35.647827 22.806891 22.508729 41.051481 4.765512 -24.255423 38.834586 -6.801749 0.000000 0.000000 0.000000 
-0.752035 0.837476 0.492956 -6.597995 70.658338 -14.374254 20.143623 -4.250978 -18.024178 -26.238931 -4.635767 43.264115 28.705308 38.261135 16.208638 0.000000 0.000000 0.000000 -6.984271 -6.588620 -26.219064 -8.939247 -12.470508 50.493519 -0.687296 -3.498333 -7.465942 0.000000 0.000000 0.000000 -23.346908 -11.058520 55.814873 -13.344741 5.538321 -2.466599 14.279948 25.963689 11.733313 4.434705 5.305414 -31.680193 0.000000 0.000000 0.000000 -24.353379 -48.353945 11.084318 -35.542740 -28.924690 7.980389 32.465349 -53.136075 -22.939015 0.000000 0.000000 0.000000 10.110380 35.840041 22.823931 22.468094 40.262500 4.623545 -24.239859 38.109657 -6.729427 0.000000 0.000000 0.000000 
-0.753018 0.838299 0.489697 -7.000930 70.951474 -15.349657 19.931387 -4.216057 -18.008726 -26.195409 -4.944239 44.558195 28.536223 38.092048 16.827929 0.000000 0.000000 0.000000 -7.180806 -6.284088 -24.932432 -8.820600 -12.584814 49.924956 -0.599306 -3.653396 -8.189323 0.000000 0.000000 0.000000 -23.159972 -11.252562 56.032269 -13.417348 5.607377 -3.413302 14.414699 26.299809 12.578697 4.435090 5.500937 -32.372657 0.000000 0.000000 0.000000 -26.082327 -48.318618 10.748556 -36.299007 -26.354388 7.871806 29.945514 -53.739245 -21.769730 0.000000 0.000000 0.000000 10.771941 34.970334 22.837197 21.645406 39.684192 4.120458 -22.673340 38.810450 -6.340737 0.000000 0.000000 0.000000 
-0.754197 0.839321 0.486005 -7.503393 71.892351 -15.983374 19.475085 -4.258105 -18.915568 -26.565350 -5.370754 46.136052 28.054978 37.886808 17.128541 0.000000 0.000000 0.000000 -7.461047 -6.125202 -23.649784 -7.879398 -13.136286 48.768926 -0.545266 -4.118021 -9.306508 0.000000 0.000000 0.000000 -21.588445 -11.964768 55.860630 -14.255514 5.786050 -4.423353 14.357438 25.337698 13.058521 4.297773 5.606674 -32.798512 0.000000 0.000000 0.000000 -27.843379 -48.035109 10.940126 -36.247976 -24.371310 7.438553 27.477822 -53.728278 -19.708784 0.000000 0.000000 0.000000 12.835163 34.297920 23.685551 19.771779 37.986589 2.974161 -21.741594 40.393325 -6.370831 0.000000 0.000000 0.000000 
-0.755636 0.839031 0.481579 -6.613846 71.880932 -15.587162 18.752713 -4.106393 -18.791322 -26.677067 -5.617789 47.238751 27.010392 37.219644 16.117183 0.000000 0.000000 0.000000 -7.688405 -5.862024 -22.494671 -7.873987 -13.129302 48.419014 -0.363341 -4.068461 -10.295355 0.000000 0.000000 0.000000 -21.250514 -11.976099 55.626629 -14.547901 5.875295 -5.139077 14.355536 25.465123 13.516239 4.718404 5.513457 -32.704933 0.000000 0.000000 0.000000 -28.159127 -47.743230 10.521224 -36.773466 -22.672417 7.159177 25.609502 -54.760318 -19.115816 0.000000 0.000000 0.000000 14.695444 32.478439 23.955103 18.782654 37.595731 2.340549 -19.764716 41.801599 -5.892821 0.000000 0.000000 0.000000 
-0.757703 0.838390 0.476469 -7.575295 72.263639 -16.387448 19.335401 -4.344410 -19.886763 -28.535327 -5.323510 48.221369 28.346423 38.701802 18.188838 0.000000 0.000000 0.000000 -7.408559 -5.924234 -23.022083 -8.454802 -13.274165 49.303970 -0.072614 -3.034579 -9.893052 0.000000 0.000000 0.000000 -20.990227 -11.870972 54.797356 -13.507853 5.538553 -3.882313 13.845336 26.987854 11.940392 3.364055 6.103925 -32.034550 0.000000 0.000000 0.000000 -31.588778 -47.625738 9.587067 -35.885641 -19.213288 6.933858 20.686955 -57.558656 -17.064611 0.000000 0.000000 0.000000 14.416092 31.038450 23.550835 20.398535 37.430612 2.717111 -18.985102 42.505144 -5.497933 0.000000 0.000000 0.000000 
-0.760615 0.837210 0.470885 -5.730452 71.710751 -15.210372 18.831665 -4.114776 -18.792664 -30.481135 -4.908166 49.156384 30.979908 41.279463 17.326436 0.000000 0.000000 0.000000 -7.183875 -5.796515 -23.167647 -9.487874 -13.083041 50.553902 -0.251804 -3.138803 -9.345614 0.000000 0.000000 0.000000 -20.281628 -11.759937 54.157590 -13.935508 5.670740 -6.130361 13.791414 25.506393 15.509080 4.897264 5.666759 -31.061126 0.000000 0.000000 0.000000 -29.236796 -47.174592 8.888555 -36.098001 -19.908194 6.903824 25.528014 -57.184587 -20.562944 0.000000 0.000000 0.000000 14.368178 32.126013 23.896972 19.472713 36.690681 2.315586 -22.805021 43.017318 -7.072576 0.000000 0.000000 0.000000 
-0.764461 0.836463 0.464796 -3.347056 71.604076 -14.725485 16.495896 -3.463392 -16.924069 -29.041851 -5.774842 51.189503 28.697982 39.150458 15.992179 0.000000 0.000000 0.000000 -7.338879 -5.381679 -21.689031 -10.856599 -12.780050 51.498522 0.470683 -1.098461 -8.735332 0.000000 0.000000 0.000000 -21.728176 -11.563527 55.259456 -13.855431 5.788981 -4.909516 13.062164 26.535912 14.007227 4.691429 5.574688 -31.299611 0.000000 0.000000 0.000000 -30.862775 -45.968822 8.059168 -35.218513 -18.920262 6.803629 24.892531 -58.335848 -20.245930 0.000000 0.000000 0.000000 13.933037 31.623363 23.215511 19.272097 37.644150 2.584441 -22.526844 44.407049 -7.138331 0.000000 0.000000 0.000000 
-0.769615 0.833634 0.457481 -5.630590 71.321793 -17.511148 15.360304 -3.186636 -16.630044 -28.760068 -6.278501 53.045438 30.710860 40.434099 18.901419 0.000000 0.000000 0.000000 -6.626182 -5.265414 -22.478393 -10.942211 -13.001249 52.264068 0.173833 -1.431918 -6.982112 0.000000 0.000000 0.000000 -21.026681 -11.634438 54.787788 -14.585766 6.010541 -4.414344 13.572159 26.703746 14.368971 4.758529 5.435727 -30.294362 0.000000 0.000000 0.000000 -28.560741 -46.438333 8.675835 -34.950629 -19.995458 6.595097 26.927961 -56.915982 -21.020342 0.000000 0.000000 0.000000 12.926216 31.510616 22.506628 20.790785 38.341007 3.261292 -25.913866 43.313704 -8.126521 0.000000 0.000000 0.000000 
-0.776525 0.833320 0.448705 -5.084327 70.082570 -17.765699 14.023560 -2.823973 -15.865187 -29.616297 -5.904589 53.146931 33.432451 42.446575 20.535563 0.000000 0.000000 0.000000 -6.006501 -4.899163 -22.700833 -11.107063 -12.196463 51.642075 0.148624 -1.261916 -5.325755 0.000000 0.000000 0.000000 -20.289526 -11.140176 53.481268 -15.331181 6.218732 -2.058352 13.368400 26.384522 12.876285 4.552499 5.189551 -29.450608 0.000000 0.000000 0.000000 -28.066323 -45.640033 8.429163 -34.245386 -19.250267 6.300025 30.597272 -55.169405 -22.395123 0.000000 0.000000 0.000000 12.784169 32.061335 22.616828 21.482854 37.886973 3.376040 -27.588940 42.983666 -8.628739 0.000000 0.000000 0.000000 
-0.784751 0.835124 0.438659 -3.995736 69.497049 -17.134632 13.086822 -2.651962 -15.857775 -30.496545 -5.569452 53.160414 34.290551 43.260784 21.054839 0.000000 0.000000 0.000000 -6.250721 -5.115995 -23.226542 -11.049912 -11.606283 51.116667 0.733881 0.484338 -2.143376 0.000000 0.000000 0.000000 -19.909320 -10.830142 52.568115 -15.228826 6.188127 -2.157812 13.541006 25.993952 13.909147 5.285003 4.973343 -29.621893 0.000000 0.000000 0.000000 -26.959212 -45.973208 8.572465 -33.381808 -19.490014 6.100152 31.570516 -50.558225 -20.834328 0.000000 0.000000 0.000000 13.469719 31.587807 22.808565 22.091217 37.666254 3.357045 -30.752454 42.044219 -9.541660 0.000000 0.000000 0.000000 
-0.793411 0.840098 0.427205 -3.693960 67.931368 -16.811911 11.929587 -2.294970 -14.565896 -29.272288 -5.300881 50.947240 35.246453 43.754567 20.492166 0.000000 0.000000 0.000000 -5.961586 -4.734233 -23.110318 -9.244177 -10.739817 47.980690 0.239163 -0.567999 -0.644910 0.000000 0.000000 0.000000 -18.603696 -10.353195 51.089296 -14.640576 5.976931 -0.938918 12.411581 24.504013 12.821700 5.692887 4.435931 -28.506982 0.000000 0.000000 0.000000 -25.412104 -44.166950 8.123644 -33.305233 -19.879031 5.756389 32.828336 -46.033941 -19.276336 0.000000 0.000000 0.000000 15.586969 32.233097 24.279335 21.479814 37.109934 2.750060 -30.325092 40.769747 -9.260099 0.000000 0.000000 0.000000 
-0.802607 0.846402 0.413945 -2.211483 65.791990 -15.727818 10.918789 -1.907837 -12.560509 -27.628012 -4.941634 48.712769 32.105697 41.464661 17.045492 0.000000 0.000000 0.000000 -5.881461 -4.454499 -23.231155 -6.973600 -9.477070 43.862511 -1.153381 -3.053869 2.859721 0.000000 0.000000 0.000000 -17.249277 -9.572330 48.950132 -14.637526 5.918481 -0.175037 12.327851 22.791722 12.549917 5.648991 4.273382 -28.019484 0.000000 0.000000 0.000000 -23.969167 -41.951702 7.428114 -32.894487 -21.073641 5.558413 32.434146 -41.247316 -16.742971 0.000000 0.000000 0.000000 18.014908 31.821125 25.271685 21.336254 37.447988 2.421400 -28.806006 39.306148 -8.526686 0.000000 0.000000 0.000000 
-0.813048 0.852867 0.398479 -1.691844 64.166525 -15.005168 8.818704 -1.483663 -10.863325 -24.115806 -5.026222 45.494454 29.985715 39.677518 12.390107 0.000000 0.000000 0.000000 -6.446020 -4.267761 -22.302275 -4.989380 -8.182676 39.341523 -1.613020 -3.851884 3.802787 0.000000 0.000000 0.000000 -15.081343 -8.804294 45.786607 -12.716643 5.122909 0.837788 10.340492 21.125979 12.682992 6.606990 3.910962 -28.657531 0.000000 0.000000 0.000000 -21.575683 -40.391076 6.646233 -33.654747 -21.342802 5.372062 30.191719 -36.995346 -14.211220 0.000000 0.000000 0.000000 19.626880 31.028656 25.957623 21.879338 38.366371 2.433255 -27.154092 37.580253 -7.671641 0.000000 0.000000 0.000000 
-0.825862 0.861043 0.381454 -1.191504 62.926349 -15.287350 7.383244 -1.191178 -9.389659 -21.939392 -4.899257 43.306434 28.389879 37.940550 11.208592 0.000000 0.000000 0.000000 -6.685801 -4.011562 -21.405682 -3.154419 -7.380300 35.706508 -2.011326 -4.268769 5.805015 0.000000 0.000000 0.000000 -12.790968 -8.245478 43.009874 -11.996379 4.718558 2.190310 9.681629 18.305589 12.459187 6.937270 3.403175 -27.806385 0.000000 0.000000 0.000000 -22.850128 -38.923013 6.425547 -32.502422 -19.737627 4.791094 29.035952 -34.148983 -12.088379 0.000000 0.000000 0.000000 20.299226 30.454771 25.553569 24.044769 38.776544 2.925237 -25.325999 36.997694 -6.891642 0.000000 0.000000 0.000000 
-0.840815 0.870739 0.364665 -1.161365 60.954818 -15.164610 6.767543 -1.027862 -8.215684 -20.059229 -4.181595 39.433556 26.894897 36.370391 9.451173 0.000000 0.000000 0.000000 -7.993358 -4.338013 -21.121597 -0.387532 -7.597161 33.612223 -1.772306 -3.834086 5.931462 0.000000 0.000000 0.000000 -11.515611 -7.191054 39.885464 -10.447558 4.108628 2.261524 9.049069 16.448134 12.996464 6.805090 3.482023 -28.100318 0.000000 0.000000 0.000000 -23.020209 -38.137297 6.098469 -32.018057 -17.886528 4.293903 24.879335 -32.741361 -9.785228 0.000000 0.000000 0.000000 20.693528 29.586217 25.176756 28.037854 39.315671 3.906753 -22.606293 35.407134 -5.714287 0.000000 0.000000 0.000000 
-0.857687 0.882163 0.349858 -1.615141 59.806886 -15.015885 7.157756 -1.022753 -7.577338 -18.288778 -3.416691 34.609839 26.078453 35.034611 10.181863 0.000000 0.000000 0.000000 -8.783140 -4.331937 -20.092523 -0.420483 -8.540355 36.216320 -2.077781 -4.975060 3.240097 0.000000 0.000000 0.000000 -9.608763 -6.155051 35.855041 -9.066006 3.438362 2.588406 8.526387 13.253272 13.533959 5.557524 3.890048 -27.502371 0.000000 0.000000 0.000000 -24.553708 -35.662669 5.055151 -33.063804 -15.822421 3.747503 23.064255 -34.050734 -9.176276 0.000000 0.000000 0.000000 22.060015 29.016860 25.320561 30.933260 37.506229 3.840654 -20.617769 35.803406 -5.111557 0.000000 0.000000 0.000000 
-0.876409 0.893207 0.337351 -0.875381 59.104598 -13.447307 6.914747 -0.967474 -6.820963 -16.804676 -2.637853 29.273965 25.249861 33.652519 11.543787 0.000000 0.000000 0.000000 -9.982084 -4.143071 -17.267971 -1.092818 -10.231350 40.750083 -0.919338 -3.539338 -3.455905 0.000000 0.000000 0.000000 -8.242762 -5.285377 32.541592 -8.429445 3.236004 1.358767 7.593997 10.675820 14.201170 5.754942 3.907328 -29.123778 0.000000 0.000000 0.000000 -23.558552 -33.010313 3.927418 -36.373208 -15.411907 3.467579 21.029077 -34.283417 -8.564398 0.000000 0.000000 0.000000 24.263012 25.662773 24.550041 33.297324 36.783132 3.613273 -16.725195 35.690788 -3.776641 0.000000 0.000000 0.000000 
-0.898425 0.902351 0.326882 0.131915 58.160490 -11.931199 7.036981 -0.997483 -7.362608 -16.985450 -2.047756 25.759045 24.309142 32.891615 14.422551 0.000000 0.000000 0.000000 -10.318097 -3.246356 -12.008694 -1.784509 -11.551287 43.995749 -1.301669 -5.137151 -7.477508 0.000000 0.000000 0.000000 -7.727167 -4.272270 29.088346 -7.331759 3.005782 -0.565358 6.085772 9.959594 16.442617 6.322489 3.985678 -30.171503 0.000000 0.000000 0.000000 -23.159239 -30.376186 1.871778 -38.907331 -13.760053 3.004656 18.913138 -37.114664 -8.808693 0.000000 0.000000 0.000000 24.379652 23.580382 23.967304 36.617290 35.120338 3.547995 -14.661119 35.439942 -2.998814 0.000000 0.000000 0.000000 
-0.924205 0.908657 0.317756 1.463396 57.499001 -10.166779 6.867674 -1.025117 -8.334631 -16.991012 -1.585781 21.895717 23.184989 32.098985 16.877415 0.000000 0.000000 0.000000 -9.465968 -2.393447 -7.563784 -3.019936 -12.308655 46.919999 -1.514332 -5.704075 -8.256242 0.000000 0.000000 0.000000 -7.055990 -3.559902 26.291905 -7.019155 2.990214 -1.874522 5.435681 8.773562 17.459129 6.069599 4.156200 -30.663230 0.000000 0.000000 0.000000 -20.826363 -27.405613 0.763047 -43.898262 -12.871941 2.150573 15.842267 -39.049219 -8.426952 0.000000 0.000000 0.000000 23.475119 20.319887 21.667396 41.134649 34.136211 4.163618 -9.895798 34.849361 -1.314504 0.000000 0.000000 0.000000 
-0.954364 0.911482 0.309055 3.169465 57.899128 -8.378646 5.962527 -1.038571 -9.387205 -15.112345 -1.384713 18.398740 20.605208 29.956369 16.458475 0.000000 0.000000 0.000000 -8.433932 -1.907831 -1.147428 -2.392331 -12.459381 45.447939 -1.055340 -4.381775 -6.052651 0.000000 0.000000 0.000000 -6.597060 -2.869220 23.237098 -6.735637 2.938393 -2.915103 4.717602 7.043922 18.983775 5.787553 4.285978 -30.472558 0.000000 0.000000 0.000000 -21.382338 -26.291853 -0.024664 -45.382750 -11.390607 1.523259 14.797959 -39.034388 -7.972761 0.000000 0.000000 0.000000 22.219471 20.447154 21.170200 43.589401 31.559278 3.810581 -9.281524 34.053295 -1.080385 0.000000 0.000000 0.000000 
-0.988405 0.913713 0.299737 4.253100 57.931641 -5.852131 5.689597 -1.227575 -11.379523 -12.722131 -1.084989 13.937192 19.126562 29.039732 19.575738 0.000000 0.000000 0.000000 -6.109687 -1.636321 3.699111 -0.486090 -11.354676 40.280753 -2.118315 -6.819381 -1.068500 0.000000 0.000000 0.000000 -5.586604 -2.220662 20.011408 -6.598847 2.815808 -3.101200 4.672338 6.430663 18.617853 4.751508 4.753877 -29.940036 0.000000 0.000000 0.000000 -21.972877 -25.091049 -1.032894 -48.435133 -9.210198 0.598126 12.726850 -38.876737 -7.215839 0.000000 0.000000 0.000000 22.163377 18.182042 20.069403 45.303504 29.948043 3.440722 -7.205615 32.211187 -0.450285 0.000000 0.000000 0.000000 
-1.024795 0.913416 0.288816 6.255689 57.479606 -3.071535 5.654233 -1.387980 -12.607125 -11.459717 -0.852879 9.840112 14.932519 26.008961 19.368547 0.000000 0.000000 0.000000 -5.305226 -2.081215 8.389124 2.244091 -8.073744 30.067163 -1.818969 -8.058349 -4.216446 0.000000 0.000000 0.000000 -4.929114 -2.107388 19.400744 -6.385498 2.852930 -4.514638 4.023078 6.765617 18.758881 5.683942 4.558225 -31.287000 0.000000 0.000000 0.000000 -22.583797 -24.403467 -2.013352 -49.253128 -8.571546 0.486581 9.861754 -38.153787 -6.071864 0.000000 0.000000 0.000000 21.448373 15.444767 18.408614 45.998063 29.513204 3.457105 -5.546556 32.096304 0.158408 0.000000 0.000000 0.000000 
-1.061194 0.912869 0.275925 6.164774 57.364712 -1.842609 5.786063 -1.693151 -14.778565 -11.120586 -0.785780 6.052036 12.746458 24.761249 20.329403 0.000000 0.000000 0.000000 -2.715713 -1.767252 8.189064 2.171989 -6.572958 26.543314 -1.702361 -11.173463 -9.390957 0.000000 0.000000 0.000000 -4.051135 -2.002018 18.683354 -4.656788 2.399111 -5.392309 2.273062 5.583881 17.288009 5.185499 4.537970 -30.594124 0.000000 0.000000 0.000000 -25.834037 -21.280695 -4.301786 -48.213965 -5.778793 -0.121040 4.977720 -39.375155 -4.085916 0.000000 0.000000 0.000000 23.378617 14.605369 18.620645 43.606751 27.098277 1.761485 -2.679039 31.455325 0.771284 0.000000 0.000000 0.000000 
-1.095092 0.913265 0.261728 6.122012 57.239512 -1.977331 7.296960 -1.811603 -15.274844 -12.961051 -1.003780 4.497729 15.461044 27.018368 21.652775 0.000000 0.000000 0.000000 -1.552651 -1.544130 7.466057 2.936493 -6.568045 25.423517 -1.520455 -12.059545 -11.459904 0.000000 0.000000 0.000000 -2.122146 -2.034249 17.853547 -3.799879 2.025380 -4.645865 1.704061 6.393353 17.245924 6.377368 4.170715 -31.483266 0.000000 0.000000 0.000000 -26.004984 -22.576652 -4.060229 -49.518958 -6.755174 0.426127 5.069471 -36.928395 -3.949848 0.000000 0.000000 0.000000 22.066413 12.500503 16.826737 43.772174 26.427403 1.832957 -2.217836 30.959583 0.985547 0.000000 0.000000 0.000000 
-1.126366 0.915168 0.247380 6.675478 58.399702 -2.178283 7.035026 -1.709719 -14.497253 -13.781764 -1.075709 6.704254 18.959485 29.247582 20.388187 0.000000 0.000000 0.000000 -1.209785 -1.491993 7.147698 3.079024 -6.463908 24.434123 -1.319271 -10.953058 -10.326897 0.000000 0.000000 0.000000 -1.150161 -2.311006 18.319253 -2.736536 1.751079 -5.280516 1.350001 4.266819 18.088753 6.371659 4.109362 -31.915788 0.000000 0.000000 0.000000 -26.472170 -20.687486 -5.036423 -51.724380 -6.646920 0.125239 5.048474 -38.970870 -4.330551 0.000000 0.000000 0.000000 20.416520 12.935690 15.899449 43.778696 25.403682 1.811126 -1.791885 30.393098 1.043392 0.000000 0.000000 0.000000 
-1.156683 0.918708 0.233706 6.949247 57.298711 -2.231484 7.094310 -1.576865 -13.630731 -14.980911 -1.062719 12.548907 20.770993 30.711688 18.407232 0.000000 0.000000 0.000000 -1.310070 -1.147514 5.252781 3.140550 -6.506715 24.873555 -1.245892 -9.907539 -10.021844 0.000000 0.000000 0.000000 -0.575497 -2.247621 17.850761 -2.540600 1.746798 -5.726337 1.830833 3.798828 18.929705 5.899226 4.283131 -32.746902 0.000000 0.000000 0.000000 -26.449999 -19.562774 -5.277344 -52.659400 -6.432476 -0.310337 3.997643 -41.228070 -4.203319 0.000000 0.000000 0.000000 19.872544 12.460565 15.098408 42.864840 23.793079 1.113892 -0.657506 30.280580 1.358526 0.000000 0.000000 0.000000 
-1.187186 0.921394 0.220484 7.364170 57.802681 -1.531449 7.081922 -1.468398 -12.512357 -17.041564 -1.434880 18.509412 21.767263 31.444206 16.144316 0.000000 0.000000 0.000000 -1.227150 -0.736377 2.460667 2.671111 -6.521782 25.194358 -0.944760 -8.621567 -9.721506 0.000000 0.000000 0.000000 0.293685 -2.152112 16.863717 -1.738281 1.354886 -5.020213 0.847642 4.007350 18.106560 6.468227 4.071397 -32.780030 0.000000 0.000000 0.000000 -26.059339 -19.399642 -5.698903 -53.062543 -6.476606 -0.124566 2.360120 -41.997771 -3.962600 0.000000 0.000000 0.000000 19.695258 11.925637 14.908741 43.469175 21.990343 0.600465 -0.339679 30.809815 1.539834 0.000000 0.000000 0.000000 
-1.217870 0.923244 0.207652 7.728367 57.470939 -1.196141 7.058676 -1.267693 -10.424882 -20.145395 -1.653429 23.069592 23.958910 33.304882 16.956591 0.000000 0.000000 0.000000 -0.759536 -0.394552 0.072934 2.429847 -6.523052 25.602559 -1.152867 -9.339895 -10.074605 0.000000 0.000000 0.000000 0.432397 -2.253449 17.221899 -1.799328 1.337603 -4.759571 0.999808 3.997709 17.342840 6.719960 3.941708 -33.041375 0.000000 0.000000 0.000000 -26.379338 -19.217038 -5.800445 -52.173780 -5.469757 -0.341103 1.481425 -44.304122 -3.902395 0.000000 0.000000 0.000000 20.375066 11.560139 14.929956 42.299741 20.217229 -0.311701 1.257257 30.550609 1.884636 0.000000 0.000000 0.000000 
-1.248474 0.922472 0.194978 8.033987 58.136848 -1.022829 7.157740 -1.172219 -8.697888 -24.190113 -2.029770 30.156333 22.990313 32.785711 15.398352 0.000000 0.000000 0.000000 -0.299438 -0.202400 -1.416921 2.445834 -6.682092 25.589782 -0.976408 -9.108092 -10.450633 0.000000 0.000000 0.000000 1.173675 -2.530415 17.777300 -2.040849 1.577264 -5.912281 0.100330 4.074156 17.930917 7.675575 3.702109 -33.649196 0.000000 0.000000 0.000000 -25.158164 -20.710396 -5.060133 -51.124380 -5.516542 -0.165795 1.219886 -45.626423 -4.276762 0.000000 0.000000 0.000000 21.754365 10.554104 15.321140 42.010217 19.138988 -1.033365 2.335726 31.247623 2.220098 0.000000 0.000000 0.000000 
-1.279282 0.921741 0.181549 7.260809 59.724141 -2.102270 6.669204 -1.038908 -6.745626 -24.141265 -2.655682 34.410217 21.315774 30.920004 14.695395 0.000000 0.000000 0.000000 0.195551 -0.102334 -2.121793 3.445671 -6.990271 24.291133 -1.166016 -10.929594 -11.314267 0.000000 0.000000 0.000000 1.529573 -2.985195 19.027858 -1.135794 1.402418 -6.814348 -0.088477 3.748344 18.223940 6.216912 4.430058 -33.078624 0.000000 0.000000 0.000000 -24.908467 -20.303945 -5.456638 -51.077197 -5.489402 -0.238773 -0.100143 -45.969534 -3.824794 0.000000 0.000000 0.000000 23.183661 9.957750 15.822459 41.246008 18.032791 -1.734512 2.751575 31.238686 2.209746 0.000000 0.000000 0.000000 
-1.310164 0.921271 0.167089 6.390434 61.238874 -2.320122 7.042656 -1.144751 -7.444597 -24.061288 -3.257539 37.105099 20.076224 29.937288 17.489735 0.000000 0.000000 0.000000 0.869178 0.116486 -4.067083 3.774025 -6.551302 22.250881 -1.679639 -12.174292 -9.916071 0.000000 0.000000 0.000000 1.654493 -3.101284 19.115556 -0.235938 1.192827 -7.522707 -0.179422 3.266942 18.771043 4.685664 5.276083 -34.203346 0.000000 0.000000 0.000000 -24.366814 -21.475416 -4.931342 -50.957578 -6.016889 -0.047106 -2.234822 -44.961216 -2.874554 0.000000 0.000000 0.000000 23.642628 9.691409 16.178985 41.071892 17.966534 -1.928712 1.018169 30.958110 1.685647 0.000000 0.000000 0.000000 
-1.340439 0.923422 0.151841 6.466734 62.014360 -1.921923 7.482131 -1.253827 -8.011286 -24.706780 -3.298348 37.009124 18.039971 28.147033 14.932892 0.000000 0.000000 0.000000 1.183283 0.238606 -6.005824 2.309483 -6.135450 22.928594 -1.708319 -11.809325 -9.301815 0.000000 0.000000 0.000000 1.247411 -3.042539 19.093307 -0.127956 1.142287 -7.409618 0.479745 3.108452 18.076356 3.338482 5.870374 -34.916484 0.000000 0.000000 0.000000 -25.076061 -21.845347 -5.122326 -50.244233 -5.729862 0.145869 -4.482920 -44.852533 -1.886660 0.000000 0.000000 0.000000 23.912053 9.651050 16.339398 39.846942 17.747276 -2.111304 2.889469 29.783277 1.948819 0.000000 0.000000 0.000000 
-1.369254 0.926929 0.136735 7.184568 62.929778 -1.015484 6.884427 -1.225591 -8.506662 -24.863840 -3.396351 36.288096 16.831066 26.641237 11.419873 0.000000 0.000000 0.000000 1.659193 0.334548 -7.448522 1.291469 -5.222784 21.685581 -2.213124 -12.061585 -7.249687 0.000000 0.000000 0.000000 0.891667 -2.955137 18.942574 0.249522 0.991945 -7.267428 0.389819 3.401638 17.023934 3.320274 5.892632 -34.069495 0.000000 0.000000 0.000000 -25.428885 -22.884913 -4.960667 -49.308374 -5.734563 0.472432 -5.855503 -43.095872 -1.142206 0.000000 0.000000 0.000000 23.960072 8.447311 15.732817 39.620409 16.624133 -2.415468 3.404783 30.613639 2.218618 0.000000 0.000000 0.000000 
-1.396489 0.931160 0.122265 7.066104 64.503651 -1.364871 6.724088 -1.249394 -8.905771 -24.438291 -3.803405 36.857240 16.134669 25.908670 11.948831 0.000000 0.000000 0.000000 1.517337 0.269915 -6.918392 2.407323 -5.213007 19.660490 -3.168945 -13.917341 -5.392277 0.000000 0.000000 0.000000 1.425196 -2.933307 18.409775 1.370015 0.596176 -7.143439 -1.017722 2.807929 17.111238 4.093971 5.618600 -34.064348 0.000000 0.000000 0.000000 -25.835149 -23.245072 -5.244117 -49.261049 -7.048663 1.255308 -6.817709 -41.888899 -0.795507 0.000000 0.000000 0.000000 24.477155 9.140474 16.703274 39.522718 18.248205 -2.040657 1.797561 28.895502 1.567248 0.000000 0.000000 0.000000 
-1.422810 0.934014 0.108620 6.306151 63.956137 -2.491801 5.980177 -1.097105 -8.245410 -22.698310 -3.934709 36.846166 15.657178 25.468109 12.615081 0.000000 0.000000 0.000000 1.909366 0.333048 -6.238259 3.021365 -4.630190 17.378314 -3.281907 -12.625152 -3.229462 0.000000 0.000000 0.000000 2.075627 -2.925727 18.069056 -0.286755 1.087216 -6.629686 0.559738 3.150045 17.177926 3.543710 5.837953 -33.513567 0.000000 0.000000 0.000000 -24.590584 -23.615304 -4.305440 -50.813076 -9.978827 1.835222 -7.724288 -40.220600 -0.369121 0.000000 0.000000 0.000000 23.513171 10.353556 16.869917 40.096875 19.449620 -1.425425 0.107196 28.117081 1.080067 0.000000 0.000000 0.000000 
-1.449031 0.935097 0.095750 5.202972 64.017811 -3.079101 5.138375 -0.962083 -7.596057 -20.472643 -4.295206 36.916309 15.187254 24.890998 12.986662 0.000000 0.000000 0.000000 2.081254 0.375216 -6.517693 3.865656 -4.292175 15.143068 -3.844911 -13.989276 -2.846431 0.000000 0.000000 0.000000 2.171428 -2.636914 16.973742 0.371298 0.866157 -6.677374 0.343002 2.856275 17.228522 3.100117 6.022943 -33.919571 0.000000 0.000000 0.000000 -24.050526 -23.912114 -3.822664 -50.938909 -9.921244 1.573163 -8.686373 -41.369000 -0.054652 0.000000 0.000000 0.000000 23.177273 11.181546 17.266242 39.591622 20.883535 -0.909765 -0.342446 28.338251 0.959935 0.000000 0.000000 0.000000 
-1.476108 0.934727 0.083574 4.438546 64.751807 -3.871381 3.390761 -0.687918 -5.929690 -17.951891 -4.797401 36.723052 15.085346 24.155967 11.816661 0.000000 0.000000 0.000000 2.358069 0.421674 -7.239806 4.106382 -4.147242 14.126902 -4.272396 -13.879754 -1.208728 0.000000 0.000000 0.000000 2.463329 -2.583207 16.598408 0.183974 0.946633 -6.734152 0.434052 2.044153 17.255292 2.625193 6.207418 -33.799550 0.000000 0.000000 0.000000 -24.359447 -23.744965 -3.881593 -50.204767 -11.103251 2.087300 -9.994584 -41.078208 0.542369 0.000000 0.000000 0.000000 23.981458 11.597648 17.909996 37.491622 22.631243 -0.721716 -0.852076 29.009630 0.842362 0.000000 0.000000 0.000000 
-1.503994 0.932758 0.072121 3.162549 65.339675 -4.809334 2.969155 -0.602478 -5.066773 -16.824286 -5.173103 37.210552 14.919493 23.291163 9.712020 0.000000 0.000000 0.000000 3.139468 0.561583 -9.073188 3.872403 -3.962246 13.819859 -4.981499 -14.243771 0.541764 0.000000 0.000000 0.000000 2.749905 -2.544006 16.253742 0.430181 0.900660 -6.957664 0.150648 2.099955 17.105475 2.334685 6.323470 -32.729879 0.000000 0.000000 0.000000 -23.622367 -24.381794 -3.494498 -50.513415 -11.933292 2.350377 -9.438597 -40.758619 0.209279 0.000000 0.000000 0.000000 23.721105 12.640467 18.640175 37.657980 24.200618 -0.167753 -2.083064 29.917495 0.601306 0.000000 0.000000 0.000000 
-1.533057 0.930830 0.061481 2.428400 64.881027 -5.009719 2.624041 -0.508975 -3.585859 -15.614810 -4.881928 35.590822 16.473441 24.268583 9.235732 0.000000 0.000000 0.000000 3.566537 0.604282 -11.530883 3.074720 -3.820850 14.885478 -5.089482 -13.520237 1.423060 0.000000 0.000000 0.000000 2.056585 -2.362281 16.080196 0.986289 0.791531 -7.456106 0.434801 2.926118 17.074118 0.937027 6.959349 -32.853671 0.000000 0.000000 0.000000 -24.234899 -23.910198 -4.280384 -50.400363 -11.641624 2.454561 -10.139209 -40.536346 0.433967 0.000000 0.000000 0.000000 24.006743 13.971434 19.861817 35.446196 25.836866 0.023584 -1.324548 31.376217 0.796312 0.000000 0.000000 0.000000 
-1.563668 0.930140 0.051422 2.187415 65.421960 -4.941060 1.841514 -0.395210 -1.701170 -15.741472 -5.173804 36.849051 14.876278 21.666358 5.664317 0.000000 0.000000 0.000000 3.970180 0.615145 -12.881573 2.982331 -3.514200 13.986375 -5.950619 -13.525113 4.255036 0.000000 0.000000 0.000000 1.951440 -2.099934 15.113259 0.747638 0.882251 -7.508150 0.016231 3.055810 18.141063 2.582310 6.448263 -33.221197 0.000000 0.000000 0.000000 -24.256320 -25.166850 -4.022456 -49.426165 -11.490200 2.609165 -7.667372 -40.234646 -0.493967 0.000000 0.000000 0.000000 24.335916 14.818729 20.962635 35.076430 28.092416 0.496402 -3.484231 33.632225 0.349185 0.000000 0.000000 0.000000 
-1.595893 0.928491 0.041807 1.110706 65.128840 -6.897993 1.569872 -0.430656 1.763744 -15.181096 -5.220241 37.195623 13.054231 19.224897 4.875605 0.000000 0.000000 0.000000 5.020306 0.790014 -13.444190 2.660300 -3.316222 13.831346 -6.356142 -12.804081 6.806072 0.000000 0.000000 0.000000 1.850530 -2.133921 15.354271 -0.307932 1.169740 -7.007891 0.460827 4.258858 19.357920 3.606039 6.203374 -32.476134 0.000000 0.000000 0.000000 -23.508775 -25.047537 -4.362971 -49.958144 -12.920741 3.087971 -4.887019 -39.426822 -1.657632 0.000000 0.000000 0.000000 24.380207 16.070807 22.035019 36.102334 30.923191 1.545864 -6.042998 34.090904 -0.418734 0.000000 0.000000 0.000000 
-1.629920 0.927336 0.032376 -1.112078 65.981782 -9.068721 1.276553 -0.526873 3.737666 -12.321976 -4.993138 33.947925 13.398003 18.921755 5.179717 0.000000 0.000000 0.000000 5.086218 0.651506 -15.286509 3.387120 -3.441425 13.099863 -7.656951 -12.727543 11.443151 0.000000 0.000000 0.000000 1.163560 -2.306983 16.342361 -0.004726 1.253349 -8.006854 0.385851 3.923726 20.472443 4.420076 5.974488 -32.279405 0.000000 0.000000 0.000000 -23.445508 -26.155400 -3.814729 -48.763358 -12.288469 2.839868 -3.913097 -38.825400 -1.815500 0.000000 0.000000 0.000000 25.226014 15.721226 22.522953 36.669056 33.354083 2.145897 -6.605097 34.175650 -0.599625 0.000000 0.000000 0.000000 
-1.665569 0.924872 0.022448 -2.591627 65.829467 -10.948746 1.515955 -0.831208 6.526296 -9.697384 -3.817437 28.218690 13.559384 17.340623 2.567483 0.000000 0.000000 0.000000 6.083682 0.737555 -16.727266 2.967439 -3.213603 13.053112 -7.692406 -11.350869 14.188218 0.000000 0.000000 0.000000 0.244930 -2.529031 17.669639 -0.317687 1.364575 -7.905156 0.453560 4.822369 20.845545 6.479367 5.152515 -32.185577 0.000000 0.000000 0.000000 -23.342184 -27.701404 -3.142772 -48.685835 -12.306956 2.952538 0.821728 -37.826761 -3.402753 0.000000 0.000000 0.000000 24.636655 15.354648 22.065107 39.511105 34.839306 3.353820 -8.756597 34.863181 -1.016284 0.000000 0.000000 0.000000 
-1.702410 0.922148 0.011466 -2.481858 66.500571 -11.385760 1.549750 -0.919324 7.036581 -7.960541 -3.257132 24.781476 13.787682 16.042611 0.166637 0.000000 0.000000 0.000000 5.866508 0.478932 -18.372228 2.599580 -3.439079 14.425409 -7.429179 -9.989680 16.011611 0.000000 0.000000 0.000000 -1.096415 -2.791256 19.213740 -0.800410 1.520078 -7.780382 0.312680 4.517473 20.542338 7.399691 4.624640 -31.938805 0.000000 0.000000 0.000000 -23.232207 -28.512532 -2.503531 -47.295800 -12.526311 3.105348 2.451939 -37.179547 -3.752073 0.000000 0.000000 0.000000 25.691912 15.300162 22.534245 40.788972 35.116505 3.487329 -9.579528 35.512679 -1.222088 0.000000 0.000000 0.000000 
-1.739534 0.920393 -0.000271 -1.135120 65.485061 -11.279173 1.418346 -0.848757 6.898692 -8.199073 -2.809182 23.203284 13.911254 16.122363 -0.462995 0.000000 0.000000 0.000000 5.532222 0.362016 -19.047435 2.787532 -3.419677 14.445715 -6.257212 -7.631089 17.320174 0.000000 0.000000 0.000000 -2.588410 -3.097346 21.089899 -2.229453 2.005980 -7.925355 0.771580 4.907196 22.110118 9.603981 3.640206 -33.151237 0.000000 0.000000 0.000000 -22.614027 -29.191150 -1.685602 -46.449410 -14.186425 3.480590 5.296693 -37.018671 -4.635371 0.000000 0.000000 0.000000 25.639643 14.690966 21.938898 42.144596 35.925157 4.016566 -9.157660 36.425226 -0.929924 0.000000 0.000000 0.000000 
-1.775711 0.920160 -0.010906 -1.661204 64.614904 -12.912204 1.589681 -0.793528 6.437011 -8.209097 -2.619924 22.572912 15.061358 17.988487 0.406959 0.000000 0.000000 0.000000 4.691132 0.076788 -20.043480 4.080416 -4.693803 17.098135 -6.069792 -8.106520 15.689326 0.000000 0.000000 0.000000 -4.112993 -3.462732 23.046613 -2.169709 2.083600 -8.483401 1.411960 5.213145 23.353978 8.968381 3.823464 -32.686189 0.000000 0.000000 0.000000 -23.251239 -30.716963 -0.759284 -43.996231 -14.387998 3.616383 5.245776 -37.174316 -4.337324 0.000000 0.000000 0.000000 23.971956 14.918937 20.796089 45.388688 35.356696 4.936645 -10.024153 37.146421 -0.949895 0.000000 0.000000 0.000000 
-1.810208 0.922396 -0.019098 -2.229490 63.270402 -13.961254 2.296628 -0.788561 5.516463 -8.577776 -2.313182 21.542945 15.506675 18.826018 0.573552 0.000000 0.000000 0.000000 3.284782 -0.298900 -20.524605 3.771611 -6.798290 23.626660 -4.003912 -6.451056 10.134194 0.000000 0.000000 0.000000 -4.794560 -3.525712 23.714742 -3.087943 2.210390 -6.974756 1.981507 4.608324 22.827676 8.907868 3.453839 -32.050985 0.000000 0.000000 0.000000 -22.598871 -29.773810 -0.142073 -43.352313 -15.113758 3.488255 6.708050 -37.947769 -4.800499 0.000000 0.000000 0.000000 23.620538 15.405876 20.117925 47.423747 34.888847 5.461153 -8.222848 37.528861 -0.300787 0.000000 0.000000 0.000000 
-1.843067 0.924877 -0.024322 -2.396445 62.084659 -14.093394 3.142385 -0.867041 5.243609 -8.906839 -1.756930 18.862793 16.623931 20.427984 1.444731 0.000000 0.000000 0.000000 1.244562 -0.891842 -20.879266 2.249725 -9.526491 32.206518 -3.286300 -6.807918 5.038772 0.000000 0.000000 0.000000 -5.152201 -3.533941 24.087449 -3.665146 2.350944 -6.565785 2.154496 4.015246 22.854678 8.113539 3.609701 -32.047123 0.000000 0.000000 0.000000 -22.826884 -29.436502 0.442978 -42.465574 -15.248116 3.225182 6.896634 -37.185440 -4.389220 0.000000 0.000000 0.000000 24.334489 15.494851 20.065749 47.508137 33.952305 4.862016 -7.414098 37.319537 -0.010853 0.000000 0.000000 0.000000 
-1.875478 0.925059 -0.026938 -1.987702 61.550308 -13.338703 4.197794 -0.890231 3.684490 -9.485920 -1.583004 17.961271 17.096095 21.122888 1.470670 0.000000 0.000000 0.000000 -1.358851 -1.548461 -19.958248 -2.104813 -11.343101 41.655478 -1.417048 -4.345347 -1.393363 0.000000 0.000000 0.000000 -5.034970 -3.612927 24.457149 -4.085801 2.344706 -5.403914 1.660254 3.340556 21.826001 7.532766 3.500174 -31.222375 0.000000 0.000000 0.000000 -22.651738 -29.515227 1.305478 -41.128124 -15.310036 3.007403 5.665409 -36.611770 -3.579503 0.000000 0.000000 0.000000 24.397754 16.480931 20.115849 48.265711 32.896805 4.738555 -8.046573 37.716537 -0.204716 0.000000 0.000000 0.000000 
-1.909008 0.922237 -0.027450 -0.306782 60.559083 -11.062929 4.063443 -0.714621 1.907522 -9.328672 -1.343744 16.253993 17.416332 21.916622 1.986013 0.000000 0.000000 0.000000 -4.314468 -2.162655 -18.122256 -7.547619 -11.010815 49.061967 0.523176 0.272106 -4.691286 0.000000 0.000000 0.000000 -5.603579 -3.426478 24.350810 -4.053436 2.239996 -4.731044 1.539096 3.955264 21.924068 7.300762 3.578781 -31.523205 0.000000 0.000000 0.000000 -21.363588 -30.078858 2.097977 -41.872906 -15.727514 2.879508 5.979367 -36.541774 -3.702882 0.000000 0.000000 0.000000 24.695352 16.923783 20.485425 47.349200 33.309041 4.657263 -8.910371 36.779130 -0.527303 0.000000 0.000000 0.000000 
-1.944780 0.917035 -0.026069 0.894262 60.998798 -9.112125 5.136029 -0.751765 -1.720346 -9.336654 -1.377024 16.048403 16.514501 21.235986 2.022542 0.000000 0.000000 0.000000 -6.610864 -2.536823 -15.354443 -12.046983 -9.558362 52.041653 1.209704 2.109683 -5.569790 0.000000 0.000000 0.000000 -5.091613 -3.663626 25.012344 -4.523542 2.328658 -4.368740 1.209109 3.446776 22.186383 6.975594 3.598350 -31.459610 0.000000 0.000000 0.000000 -20.632461 -31.132526 3.257902 -41.925688 -16.133031 2.700318 6.709205 -36.859517 -3.881624 0.000000 0.000000 0.000000 25.851704 19.542574 22.501174 44.824976 33.086701 3.852266 -10.908175 37.552703 -1.421526 0.000000 0.000000 0.000000 
-1.984912 0.913026 -0.023599 4.023783 61.512848 -4.246481 4.776906 -0.824011 -6.611720 -8.500867 -1.598774 16.815814 14.219886 19.642051 3.087058 0.000000 0.000000 0.000000 -7.872824 -2.457217 -11.932578 -13.006324 -7.276708 47.152490 2.490975 4.670835 -6.575826 0.000000 0.000000 0.000000 -5.128182 -3.632870 25.031550 -4.174849 1.818056 -2.172609 0.576186 5.005958 19.882174 6.694869 3.750532 -31.196700 0.000000 0.000000 0.000000 -18.916354 -32.654349 4.148140 -42.862938 -18.087739 3.280062 7.392531 -36.382848 -4.268422 0.000000 0.000000 0.000000 24.409267 20.462796 22.609273 44.551182 34.925314 5.032010 -12.547274 35.531463 -1.887989 0.000000 0.000000 0.000000 
-2.029878 0.908492 -0.020543 4.738396 62.987355 -1.579861 5.625529 -1.379725 -11.864815 -8.422492 -1.818891 17.480634 13.173085 19.316753 4.056520 0.000000 0.000000 0.000000 -7.936001 -2.398848 -10.953616 -11.040790 -6.855634 42.249897 2.858103 4.673517 -8.537129 0.000000 0.000000 0.000000 -5.167614 -4.776529 28.488361 -3.819829 1.857533 -3.400339 0.864217 6.102034 19.124198 7.049778 3.552154 -29.742517 0.000000 0.000000 0.000000 -20.146944 -34.225313 4.490121 -40.655680 -19.488804 3.955920 5.955092 -35.486932 -3.539345 0.000000 0.000000 0.000000 24.183102 22.839178 24.198470 40.729552 37.811780 5.439368 -15.700464 32.055574 -2.860906 0.000000 0.000000 0.000000 
-2.077771 0.905674 -0.017827 4.150884 63.351071 0.613845 8.128863 -2.457447 -17.938096 -8.802202 -1.609546 16.074099 13.601484 21.511508 6.257652 0.000000 0.000000 0.000000 -7.198980 -2.556660 -14.331674 -7.726915 -7.161356 39.037236 1.575146 -0.189596 -13.041291 0.000000 0.000000 0.000000 -4.633493 -6.452786 32.800496 -4.268117 2.053321 -3.835587 1.465104 7.949605 16.517720 7.133227 3.151701 -27.324792 0.000000 0.000000 0.000000 -21.828037 -34.804067 4.704022 -38.627323 -20.037584 4.337630 4.189620 -37.458680 -3.054458 0.000000 0.000000 0.000000 21.930154 23.663696 23.338125 38.846535 40.004852 6.455642 -16.302520 31.852288 -2.984344 0.000000 0.000000 0.000000 
-2.123589 0.904245 -0.016692 2.800492 63.890577 2.704755 10.406316 -3.340905 -21.756658 -9.960650 -1.486382 15.120107 19.003484 27.797011 6.966386 0.000000 0.000000 0.000000 -5.745697 -3.008813 -19.670143 -7.144793 -7.243841 38.928725 0.257880 -3.550422 -12.001368 0.000000 0.000000 0.000000 -3.399484 -7.591931 34.454084 -3.584432 1.695610 -3.401217 0.418140 9.698376 15.892938 8.473248 2.620136 -27.056958 0.000000 0.000000 0.000000 -20.846681 -37.325440 5.885428 -36.621314 -22.162556 4.819056 6.504000 -37.806036 -4.121785 0.000000 0.000000 0.000000 20.011880 26.780279 24.579005 32.150591 40.817355 5.333941 -18.967783 31.313918 -3.842003 0.000000 0.000000 0.000000 
-2.166567 0.903289 -0.016425 4.006952 63.800856 5.866400 11.739114 -3.915582 -24.105716 -17.846763 -2.092685 21.202426 27.010548 37.787593 10.170141 0.000000 0.000000 0.000000 -5.035033 -4.223709 -25.542088 -6.455997 -7.215857 39.378711 -0.573015 -4.497023 -10.065000 0.000000 0.000000 0.000000 -5.545669 -9.156320 39.687109 -4.285346 2.062024 -4.398144 2.802926 10.441905 15.213953 6.625744 3.488177 -27.915965 0.000000 0.000000 0.000000 -22.693876 -37.519659 6.453463 -33.988443 -25.399591 5.372860 10.250694 -37.230736 -5.012752 0.000000 0.000000 0.000000 16.035028 29.894018 23.417687 27.516318 42.107596 5.209606 -19.684073 30.681635 -3.994446 0.000000 0.000000 0.000000 
-2.208003 0.898605 -0.015846 5.865716 64.168685 9.857817 11.195507 -4.403028 -25.841925 -23.822422 -2.698004 29.015380 30.056684 42.557606 11.858299 0.000000 0.000000 0.000000 -4.228149 -5.946202 -31.408868 -7.208990 -6.670770 40.409197 -0.722659 -3.504383 -7.589962 0.000000 0.000000 0.000000 -7.321815 -10.910821 44.842090 -5.252392 2.628860 -7.303724 4.070046 12.063036 15.978779 4.977212 4.337669 -27.823731 0.000000 0.000000 0.000000 -22.528986 -40.050299 8.384443 -29.431244 -29.700438 5.195578 12.441282 -35.855609 -5.193171 0.000000 0.000000 0.000000 14.826538 31.344866 23.435279 19.953846 43.216275 3.452378 -20.939491 29.910720 -4.326321 0.000000 0.000000 0.000000 
-2.249151 0.891694 -0.013919 4.593045 65.969265 11.106233 9.975912 -4.318282 -25.024395 -23.764202 -3.312867 31.568605 30.708416 42.707666 11.706031 0.000000 0.000000 0.000000 -2.760910 -7.510901 -36.187697 -5.604094 -6.947524 39.495417 -1.699928 -5.560638 -7.177777 0.000000 0.000000 0.000000 -9.427923 -12.822595 49.818272 -5.330231 2.550639 -6.394299 4.050687 14.206413 14.347209 4.518694 4.164575 -25.889855 0.000000 0.000000 0.000000 -18.569828 -41.136552 9.549939 -25.220956 -34.769628 4.404120 16.657162 -32.058149 -5.825405 0.000000 0.000000 0.000000 11.370566 33.620598 22.637487 13.769189 45.311610 2.513678 -23.567194 26.336727 -4.345638 0.000000 0.000000 0.000000 
-2.290796 0.881588 -0.009101 2.580714 68.292590 12.228761 11.432808 -5.112693 -27.217633 -21.079526 -3.740429 31.421097 29.466839 41.335198 11.979010 0.000000 0.000000 0.000000 0.904259 -9.516902 -43.593613 -6.684569 -5.914691 40.044453 -1.631257 -3.850959 -3.416808 0.000000 0.000000 0.000000 -13.984405 -14.745857 57.047573 -6.047552 3.018292 -10.323448 6.552301 19.003550 15.292591 4.300920 4.380460 -24.800274 0.000000 0.000000 0.000000 -14.763992 -45.698639 11.728692 -17.486784 -37.368073 1.966887 22.039663 -28.624272 -6.752309 0.000000 0.000000 0.000000 6.959649 33.941910 20.563057 7.970280 45.845208 1.479426 -26.335084 25.153631 -4.599037 0.000000 0.000000 0.000000 
-2.330534 0.867844 -0.001891 0.499513 71.061312 12.842973 15.863041 -6.822469 -32.223791 -22.326673 -3.592267 30.794189 30.143822 43.855733 11.502856 0.000000 0.000000 0.000000 4.658285 -11.187527 -49.898399 -8.519370 -5.179594 42.592342 -0.899883 -1.816900 -3.276743 0.000000 0.000000 0.000000 -19.550685 -15.737548 63.645653 -5.369811 2.916227 -13.164015 7.897135 22.963942 16.963124 5.100675 4.599764 -27.775059 0.000000 0.000000 0.000000 -5.692524 -45.692515 11.373947 -10.789038 -40.677530 -1.527395 25.936258 -24.458401 -7.258718 0.000000 0.000000 0.000000 -0.557938 34.604377 16.630787 5.038163 47.592508 1.983076 -29.662891 22.435746 -4.405408 0.000000 0.000000 0.000000 
-2.365215 0.851545 0.006536 -2.428219 71.304440 11.713814 22.771582 -8.414331 -37.521315 -28.600126 -2.706703 31.217695 32.469563 48.684158 14.972173 0.000000 0.000000 0.000000 9.004168 -11.423148 -55.505975 -10.548669 -3.801233 45.110291 -0.445752 -0.470716 -2.328559 0.000000 0.000000 0.000000 -27.246653 -13.979513 69.477826 -5.038488 2.801156 -15.331317 10.990616 28.759094 18.823472 3.926041 5.550750 -28.895523 0.000000 0.000000 0.000000 1.168795 -47.481792 11.530071 -1.411532 -40.040035 -5.353152 28.263077 -18.716601 -6.577704 0.000000 0.000000 0.000000 -6.636849 35.656463 13.772488 -0.547164 46.573913 1.090852 -31.917056 19.282528 -3.785892 0.000000 0.000000 0.000000 
-2.392464 0.832300 0.015157 -6.659613 72.732334 8.699737 30.231179 -9.879952 -42.891728 -34.537552 -1.656435 32.370561 35.427950 52.862945 19.887616 0.000000 0.000000 0.000000 13.379828 -11.639497 -60.733308 -12.736442 -2.401469 47.957927 -0.279516 0.083943 -2.988562 0.000000 0.000000 0.000000 -34.127650 -12.321133 74.856933 -5.507435 2.816243 -18.418367 16.258004 33.130392 22.838888 2.849019 6.265757 -28.659912 0.000000 0.000000 0.000000 9.302820 -46.843671 11.075798 4.941972 -39.699300 -8.488861 30.238907 -13.115676 -5.927122 0.000000 0.000000 0.000000 -13.788173 37.160511 10.165801 -5.801302 45.766662 0.478694 -32.224549 14.247920 -2.401485 0.000000 0.000000 0.000000 
-2.411773 0.811441 0.022159 -9.359792 73.237318 6.905726 37.041360 -10.694252 -47.203504 -41.066709 -0.176364 32.431357 37.427665 56.218379 21.580798 0.000000 0.000000 0.000000 16.603476 -11.616414 -64.765265 -14.641805 -1.014214 50.709950 -0.155511 0.674150 -5.443354 0.000000 0.000000 0.000000 -40.301694 -9.789422 78.226043 -6.330291 2.907524 -19.568922 20.538040 37.174717 24.629659 1.057518 7.072733 -28.627099 0.000000 0.000000 0.000000 13.051420 -48.221505 10.955172 10.289546 -36.833740 -9.592955 31.244423 -7.908435 -4.846311 0.000000 0.000000 0.000000 -20.108122 38.011498 7.125002 -8.251789 43.708605 0.543824 -32.717177 11.124472 -1.335525 0.000000 0.000000 0.000000 
-2.423908 0.789867 0.026772 -11.730139 73.759380 4.233662 41.450028 -11.049879 -49.597307 -46.893242 1.235046 33.129925 41.888630 59.104975 26.135088 0.000000 0.000000 0.000000 19.679760 -11.416086 -68.266161 -17.802494 0.944813 55.287669 -0.114357 1.309731 -7.627096 0.000000 0.000000 0.000000 -45.272904 -7.464283 81.005731 -6.871403 2.969229 -20.938062 24.192106 39.772060 26.848166 -0.269466 7.586403 -27.962662 0.000000 0.000000 0.000000 16.174972 -48.641718 10.615263 12.433634 -34.551221 -9.476280 31.615329 -3.937711 -4.011296 0.000000 0.000000 0.000000 -23.412366 39.259501 5.631196 -11.260970 41.888995 -0.022994 -31.326740 8.938762 -0.676797 0.000000 0.000000 0.000000 
-2.431235 0.768607 0.029632 -14.004934 73.310217 1.734370 45.960203 -10.935164 -51.031864 -51.921404 2.794119 32.425159 44.438147 62.055297 25.962457 0.000000 0.000000 0.000000 21.464907 -10.888383 -70.450698 -19.559378 2.376619 59.468407 -0.070113 2.523709 -11.414949 0.000000 0.000000 0.000000 -50.096662 -4.402039 82.213015 -7.801347 3.132645 -21.656796 27.982215 42.883616 27.591900 -1.660944 8.056283 -28.133946 0.000000 0.000000 0.000000 18.792820 -49.164437 10.282791 14.606764 -32.833454 -9.552585 31.401209 -0.660040 -3.224351 0.000000 0.000000 0.000000 -26.617382 39.604201 4.160614 -12.533923 40.273109 -0.029511 -30.619091 7.339036 -0.143101 0.000000 0.000000 0.000000 
-2.436059 0.747736 0.031750 -17.273613 74.253574 -2.767236 47.992687 -11.163903 -52.402460 -55.558558 4.006029 33.683882 46.128171 63.793164 25.836673 0.000000 0.000000 0.000000 22.128440 -11.724818 -72.487065 -20.558612 3.103193 64.140286 -0.045692 3.480600 -12.699892 0.000000 0.000000 0.000000 -54.083746 -2.426991 83.641067 -8.497541 3.246430 -22.863576 31.564970 44.505353 30.196330 -2.996247 8.597863 -29.265005 0.000000 0.000000 0.000000 22.289474 -48.627080 9.735626 16.286226 -31.526804 -9.614115 29.549403 3.689356 -2.089625 0.000000 0.000000 0.000000 -30.537471 39.891565 2.010717 -14.246320 39.115396 -0.050084 -28.267328 5.311497 0.352319 0.000000 0.000000 0.000000 
-2.439928 0.727600 0.033447 -22.211759 74.722986 -8.879399 50.491550 -11.221348 -53.551835 -59.380924 5.514579 34.469168 47.484438 65.753193 24.853112 0.000000 0.000000 0.000000 22.891373 -12.002314 -73.833350 -21.093473 3.544476 68.073946 -0.434451 3.513228 -14.450325 0.000000 0.000000 0.000000 -58.644208 0.084901 84.140584 -8.761201 3.258396 -23.941772 36.871963 47.676995 33.689799 -3.874158 9.054775 -30.389380 0.000000 0.000000 0.000000 24.222099 -49.114766 9.494440 18.668186 -30.177916 -9.997739 27.452474 6.335578 -1.420835 0.000000 0.000000 0.000000 -33.203590 39.375176 0.507154 -15.447134 37.889386 0.120481 -27.671413 3.390094 0.896185 0.000000 0.000000 0.000000 
-2.443139 0.712027 0.035247 -26.661515 75.696090 -13.662824 53.177427 -11.478839 -54.536695 -62.661157 6.007530 33.156033 49.549833 67.911375 24.703379 0.000000 0.000000 0.000000 24.529229 -12.320546 -76.115172 -22.389587 5.147853 70.596925 -0.529874 3.859958 -14.824982 0.000000 0.000000 0.000000 -61.059742 0.685760 83.688040 -9.240129 3.338148 -24.234034 39.104183 48.401676 35.035873 -4.591215 9.304766 -31.417630 0.000000 0.000000 0.000000 25.852990 -48.590381 9.245073 20.277666 -28.933144 -10.016969 25.383284 7.592898 -1.067003 0.000000 0.000000 0.000000 -36.228106 38.926666 -1.113037 -15.553031 37.819996 0.497838 -28.291218 2.106082 1.313763 0.000000 0.000000 0.000000 
-2.445256 0.701579 0.036603 -32.701259 76.244270 -20.231649 55.689551 -11.597565 -55.137664 -65.125811 6.457412 32.027579 48.536918 69.328130 21.165160 0.000000 0.000000 0.000000 25.568052 -12.239397 -76.858800 -23.051424 5.698477 72.760163 -1.103005 2.948969 -16.004656 0.000000 0.000000 0.000000 -63.628050 1.439430 83.002269 -9.579001 3.386749 -24.702470 42.853903 49.496912 37.941436 -5.008136 9.575929 -31.649756 0.000000 0.000000 0.000000 26.087400 -48.116665 9.359383 22.049774 -28.784077 -10.707842 24.240819 7.707822 -0.970442 0.000000 0.000000 0.000000 -38.114331 36.983405 -2.563987 -15.671610 38.211853 0.927796 -29.186139 0.934601 1.822855 0.000000 0.000000 0.000000 
-2.445753 0.698459 0.037366 -36.939683 77.047089 -24.186598 57.257493 -11.920736 -55.566991 -66.924483 5.765846 29.896119 51.750614 70.322298 24.381115 0.000000 0.000000 0.000000 26.356648 -12.475079 -77.405402 -23.460931 5.927231 72.544178 -0.924815 3.408006 -15.923023 0.000000 0.000000 0.000000 -64.332159 0.927859 82.339927 -9.775564 3.427437 -24.724867 43.249922 49.577368 37.853548 -5.202078 9.703716 -31.714838 0.000000 0.000000 0.000000 24.961730 -48.361557 9.467224 23.624071 -29.357429 -11.575040 23.873162 6.740712 -0.967856 0.000000 0.000000 0.000000 -37.915402 36.433242 -2.757737 -16.465171 38.421373 0.879903 -29.312279 0.737283 1.873097 0.000000 0.000000 0.000000 
-2.445064 0.699158 0.037178 -44.099885 77.722906 -30.725787 58.342237 -12.274871 -55.732136 -68.140522 4.880838 28.264656 56.550822 71.995656 28.357915 0.000000 0.000000 0.000000 27.397682 -12.655738 -78.281808 -22.939233 5.510124 71.837491 -1.452081 1.312154 -14.854135 0.000000 0.000000 0.000000 -64.473477 -0.204725 81.224891 -10.006706 3.455708 -24.593716 44.746392 49.769354 39.373652 -5.488950 9.959397 -31.465888 0.000000 0.000000 0.000000 25.207338 -47.327968 9.756157 24.936864 -31.454543 -13.660384 24.383824 6.152979 -1.186827 0.000000 0.000000 0.000000 -38.385160 34.749104 -3.408181 -16.418027 38.831725 1.329333 -29.158349 0.836793 1.985081 0.000000 0.000000 0.000000 
-2.443981 0.704198 0.035957 -48.104246 78.177061 -34.271367 58.473455 -12.646938 -55.081626 -68.425677 3.171831 26.183520 62.080178 73.658623 32.794998 0.000000 0.000000 0.000000 27.029909 -13.368179 -78.177986 -21.912306 4.334714 70.657151 -1.563970 0.425994 -13.644995 0.000000 0.000000 0.000000 -63.577169 -1.335428 80.837980 -10.323611 3.521327 -24.727778 43.672824 49.223528 38.269142 -4.803987 9.816392 -30.813866 0.000000 0.000000 0.000000 23.456120 -47.941572 9.845620 25.608256 -33.070261 -14.781345 24.814074 3.759473 -1.474046 0.000000 0.000000 0.000000 -37.911616 34.294933 -3.396566 -16.117118 39.328268 1.444365 -29.365724 1.108883 1.930154 0.000000 0.000000 0.000000 
-2.442765 0.707574 0.033984 -50.959696 78.687055 -36.383593 58.148697 -12.828878 -55.054642 -68.470332 1.940318 24.687742 67.075535 75.093370 36.655494 0.000000 0.000000 0.000000 27.626091 -13.543088 -79.092700 -21.343403 4.203859 69.739833 -1.931178 -0.760640 -13.135202 0.000000 0.000000 0.000000 -62.353524 -2.531564 80.214950 -10.110069 3.471909 -24.137177 42.842784 49.372041 37.867692 -3.953146 9.644984 -30.920832 0.000000 0.000000 0.000000 23.018761 -48.486710 10.008620 26.098334 -35.052539 -16.572969 25.426297 2.375624 -1.775546 0.000000 0.000000 0.000000 -37.552874 33.517870 -3.370925 -15.763432 39.789054 1.786058 -28.965370 1.381017 1.881133 0.000000 0.000000 0.000000 
-2.441093 0.710653 0.031422 -53.137954 79.299344 -37.845790 57.854834 -13.039601 -55.181867 -68.658124 0.593151 22.931309 77.287816 76.916049 45.317910 0.000000 0.000000 0.000000 27.066518 -14.368682 -79.197337 -20.274932 3.285005 68.323604 -2.214853 -1.515731 -13.737864 0.000000 0.000000 0.000000 -60.787257 -3.737172 80.102193 -10.280627 3.501972 -23.968566 40.915841 48.676894 36.094719 -3.500602 9.441896 -31.117662 0.000000 0.000000 0.000000 22.086860 -48.189360 10.165956 26.418028 -37.522344 -18.353831 26.530393 0.541473 -2.195698 0.000000 0.000000 0.000000 -37.726535 33.187992 -3.323632 -15.835788 40.301110 1.845800 -29.614280 0.986126 2.062960 0.000000 0.000000 0.000000 
-2.438541 0.712137 0.028677 -55.341509 79.925661 -39.752767 57.366710 -13.228376 -55.333296 -69.617231 -0.100394 22.346465 80.094451 77.621956 47.255610 0.000000 0.000000 0.000000 26.650568 -15.369060 -79.959089 -19.735099 3.050195 67.616271 -2.377895 -1.907384 -13.934616 0.000000 0.000000 0.000000 -59.639135 -4.662599 80.197271 -10.344486 3.511175 -23.820329 39.861901 48.336300 35.223074 -2.718800 9.184428 -31.329325 0.000000 0.000000 0.000000 21.772671 -47.677645 10.292660 26.324203 -40.058671 -20.123185 27.756335 -1.454259 -2.790726 0.000000 0.000000 0.000000 -37.397916 32.381716 -3.354253 -16.198098 41.459623 1.937480 -30.353855 0.817953 2.169455 0.000000 0.000000 0.000000 
-2.434947 0.714045 0.025911 -54.415139 80.364693 -39.202592 55.445373 -13.276989 -55.048387 -70.627837 -0.063756 23.567597 80.786277 78.086453 47.043509 0.000000 0.000000 0.000000 25.444804 -16.469121 -79.975532 -18.912273 2.361397 67.349071 -2.156004 -1.390514 -13.515040 0.000000 0.000000 0.000000 -59.342137 -4.810370 80.520574 -10.322847 3.515920 -23.757608 39.676379 48.800174 34.783166 -1.706169 8.853456 -31.172453 0.000000 0.000000 0.000000 21.711879 -47.695132 10.350660 26.217352 -42.316543 -21.701079 28.856931 -3.008763 -3.311365 0.000000 0.000000 0.000000 -37.057091 32.494296 -3.044520 -16.556781 42.315581 1.875332 -31.136437 -0.914294 2.618672 0.000000 0.000000 0.000000 
-2.430525 0.712266 0.023477 -52.395912 80.420446 -37.478029 54.099772 -13.262074 -54.780790 -72.787719 0.392059 24.775456 82.631035 78.312022 48.454477 0.000000 0.000000 0.000000 25.260799 -16.811151 -80.474679 -19.041014 2.710592 67.819797 -2.175775 -1.247062 -13.921061 0.000000 0.000000 0.000000 -58.434174 -5.142009 80.708826 -10.603441 3.594425 -23.662947 38.559630 48.782676 33.532407 -1.151937 8.614625 -31.209429 0.000000 0.000000 0.000000 21.057276 -47.597197 10.403726 25.411803 -43.701296 -22.142093 30.328562 -4.545215 -3.956458 0.000000 0.000000 0.000000 -37.123858 32.972440 -2.847392 -16.991704 42.974377 1.755354 -31.345310 -2.238344 2.881711 0.000000 0.000000 0.000000 
-2.425727 0.709468 0.021615 -50.397313 80.405873 -36.011683 52.554473 -13.151411 -54.777555 -73.966554 1.400997 26.694259 85.982102 78.799270 50.831139 0.000000 0.000000 0.000000 24.686154 -17.294662 -80.797887 -19.404254 3.141618 68.379574 -1.625226 0.295758 -13.799885 0.000000 0.000000 0.000000 -58.180987 -5.005823 81.336963 -10.464604 3.549912 -24.197017 39.192496 49.168372 33.883035 -0.524105 8.424818 -31.492111 0.000000 0.000000 0.000000 20.956078 -47.635324 10.513277 24.948816 -44.776000 -22.788899 31.122975 -5.099771 -4.269624 0.000000 0.000000 0.000000 -37.361010 33.189501 -2.783375 -17.716763 43.663710 1.621343 -31.785575 -4.171234 3.393850 0.000000 0.000000 0.000000 
-2.420573 0.704304 0.020676 -47.236876 79.841999 -33.221333 51.202316 -12.919240 -54.329952 -75.415601 2.336165 28.085361 84.456656 80.637695 46.232095 0.000000 0.000000 0.000000 24.450057 -17.121144 -80.989037 -19.558218 3.574303 69.545589 -1.940859 0.102416 -15.611568 0.000000 0.000000 0.000000 -56.449966 -5.502313 81.198704 -10.793911 3.650842 -23.904516 37.197283 48.693497 32.006199 0.007849 8.180127 -31.384716 0.000000 0.000000 0.000000 20.402290 -47.144477 10.606266 24.393517 -45.818395 -23.136896 30.894598 -5.857849 -4.362287 0.000000 0.000000 0.000000 -37.493305 33.876541 -2.619147 -19.357071 45.130947 1.203512 -31.098516 -6.462940 3.644884 0.000000 0.000000 0.000000 
-2.415158 0.698715 0.021080 -45.562113 79.663483 -31.946908 49.632160 -12.839764 -53.942903 -76.764400 3.403791 30.018456 85.893684 81.713733 45.635824 0.000000 0.000000 0.000000 24.723310 -16.904328 -81.329802 -20.104555 4.260562 69.828752 -1.737561 1.019460 -16.397105 0.000000 0.000000 0.000000 -55.313381 -5.901774 81.443343 -11.019112 3.735525 -23.639706 36.325836 48.712766 30.851461 0.438562 7.991260 -31.079669 0.000000 0.000000 0.000000 20.276902 -47.009286 10.690761 24.248797 -46.286919 -23.517560 30.699253 -5.329406 -4.154176 0.000000 0.000000 0.000000 -37.791578 34.213080 -2.542679 -20.781734 45.776040 0.850122 -30.504437 -8.578415 3.999797 0.000000 0.000000 0.000000 
-2.409747 0.692555 0.022531 -45.259597 79.511643 -31.678971 49.432475 -12.797053 -54.280424 -79.373339 5.172409 31.498276 92.516207 82.182177 51.382305 0.000000 0.000000 0.000000 25.759256 -16.480901 -82.644247 -20.550074 5.373245 70.969703 -2.038569 0.639250 -17.022039 0.000000 0.000000 0.000000 -53.847552 -6.556115 81.519903 -11.138750 3.747592 -23.908337 35.233445 47.962176 30.248251 0.884503 7.819975 -30.736338 0.000000 0.000000 0.000000 22.195323 -45.361411 10.803950 26.371620 -46.800570 -25.665083 28.908899 -4.118811 -3.458425 0.000000 0.000000 0.000000 -39.172869 34.495601 -2.988778 -22.608766 46.078120 0.531888 -28.360927 -10.854846 4.090762 0.000000 0.000000 0.000000 
-2.404598 0.683617 0.025114 -45.203728 78.893681 -31.429118 51.649404 -12.632783 -54.591314 -82.321742 6.071129 29.910852 90.873076 82.472164 49.191717 0.000000 0.000000 0.000000 27.678652 -15.179261 -84.314777 -21.238735 7.123472 72.684001 -2.141247 1.061252 -17.931931 0.000000 0.000000 0.000000 -53.106438 -6.715698 81.526817 -11.779753 3.925893 -23.415372 34.967962 48.538796 28.743399 1.562509 7.494108 -30.415601 0.000000 0.000000 0.000000 23.767141 -44.925513 10.894073 28.124851 -46.091523 -26.613290 27.327656 -3.216168 -2.923747 0.000000 0.000000 0.000000 -40.258233 34.981238 -2.976652 -24.861655 45.590772 0.083580 -24.819149 -12.084158 3.636529 0.000000 0.000000 0.000000 
-2.399801 0.673172 0.028644 -45.313729 78.541162 -31.329024 53.755222 -12.525006 -55.366483 -86.520426 7.738119 28.590175 99.749202 81.805741 58.518994 0.000000 0.000000 0.000000 30.600628 -13.309957 -86.639091 -22.130100 9.550734 73.737856 -2.439854 0.752050 -18.654267 0.000000 0.000000 0.000000 -53.531599 -6.344439 81.890751 -11.617710 3.840227 -24.095533 35.956761 49.265718 29.451070 1.910148 7.401473 -30.454758 0.000000 0.000000 0.000000 27.136039 -43.020407 11.209031 31.537857 -45.356531 -29.219296 25.219140 -0.871599 -2.135203 0.000000 0.000000 0.000000 -41.991918 34.962245 -3.439396 -25.719478 44.041950 0.229862 -21.558496 -12.933234 3.254199 0.000000 0.000000 0.000000 
-2.394504 0.659327 0.033625 -46.441216 78.086247 -31.780751 58.206067 -12.333141 -56.316966 -90.984412 8.527820 24.578271 102.747410 81.544726 61.382436 0.000000 0.000000 0.000000 33.498637 -11.327715 -89.201349 -22.180940 11.665984 74.427868 -2.711876 0.346538 -19.072093 0.000000 0.000000 0.000000 -54.909202 -5.383033 82.439400 -11.848948 3.872202 -24.450083 37.910897 50.818235 29.924767 1.596188 7.474840 -30.691047 0.000000 0.000000 0.000000 29.356502 -42.194323 11.385227 33.873589 -43.417985 -29.697691 23.440227 0.716250 -1.622502 0.000000 0.000000 0.000000 -43.202331 34.869321 -3.635100 -27.033622 42.684293 0.240747 -18.236882 -12.836595 2.630079 0.000000 0.000000 0.000000 
-2.387444 0.644875 0.040219 -47.856422 77.753908 -32.462254 61.869478 -12.225868 -56.954467 -94.682252 9.299876 21.414486 94.301017 81.703301 52.434242 0.000000 0.000000 0.000000 36.843407 -8.946337 -91.720124 -23.019328 14.482687 74.503678 -3.156170 -0.453775 -20.160667 0.000000 0.000000 0.000000 -56.483375 -4.474935 82.616079 -11.717572 3.796762 -25.103448 40.054258 52.049575 31.570523 1.317667 7.650156 -31.309363 0.000000 0.000000 0.000000 31.873965 -40.852571 11.737273 35.933952 -41.369451 -30.214952 22.984261 1.969011 -1.450579 0.000000 0.000000 0.000000 -44.257135 34.840445 -3.805333 -27.853829 40.976427 0.389096 -16.021783 -11.518469 2.101134 0.000000 0.000000 0.000000 
-2.377365 0.630380 0.048989 -47.943012 76.840139 -32.250116 65.493282 -11.910284 -57.232086 -98.452232 11.852900 19.481652 85.073870 79.749718 45.241012 0.000000 0.000000 0.000000 39.157781 -6.735286 -93.725787 -22.161984 16.133180 76.403906 -3.874938 -2.997911 -19.186146 0.000000 0.000000 0.000000 -59.106882 -2.592911 82.558011 -12.113253 3.873621 -25.823540 43.752860 53.413751 34.019040 0.485006 7.903925 -31.097618 0.000000 0.000000 0.000000 32.567593 -41.459858 11.545231 35.853314 -38.502412 -27.731027 22.676583 3.397588 -1.225803 0.000000 0.000000 0.000000 -44.425701 35.568478 -3.754449 -27.735098 39.305857 0.422379 -16.528033 -11.412699 2.214364 0.000000 0.000000 0.000000 
-2.363796 0.619699 0.059884 -50.296002 76.762036 -33.371343 67.834839 -11.906518 -57.702309 -100.635202 13.253417 18.319092 79.372836 78.855554 40.371688 0.000000 0.000000 0.000000 41.779540 -4.640315 -95.651578 -22.111591 18.203626 77.505205 -4.411507 -4.626901 -19.517809 0.000000 0.000000 0.000000 -60.643354 -1.920202 82.255072 -11.971708 3.836626 -25.675633 46.283501 54.376491 36.311472 -0.171538 8.172883 -31.875910 0.000000 0.000000 0.000000 33.604928 -41.619149 11.648746 35.595092 -36.164453 -26.187620 23.059320 4.957580 -1.186590 0.000000 0.000000 0.000000 -45.665895 35.576294 -3.837838 -27.959073 37.782748 0.684853 -15.040793 -11.015714 1.966453 0.000000 0.000000 0.000000 
-2.347193 0.613550 0.072092 -51.249151 75.791582 -33.662746 68.928699 -11.775026 -57.297773 -100.528712 15.780149 19.741253 68.387959 76.771947 31.465657 0.000000 0.000000 0.000000 43.446756 -2.707097 -96.484743 -21.484474 19.178633 78.300057 -4.950716 -6.858691 -18.247711 0.000000 0.000000 0.000000 -62.634705 -0.655146 81.541146 -11.520162 3.716894 -26.016514 49.438002 55.278896 39.956160 -0.354949 8.352306 -32.760028 0.000000 0.000000 0.000000 33.748635 -42.203551 11.573176 33.623322 -33.838027 -23.291817 24.550940 6.195439 -1.418337 0.000000 0.000000 0.000000 -46.420419 35.777870 -4.058169 -27.522782 36.610554 0.975269 -15.157615 -9.919661 1.896352 0.000000 0.000000 0.000000 
-2.328364 0.615330 0.084230 -53.926518 75.964689 -35.005928 68.885637 -12.030427 -57.000847 -99.325939 16.529599 21.375657 68.604389 75.081174 34.371704 0.000000 0.000000 0.000000 44.935622 -1.629338 -96.477002 -21.272745 19.159108 77.645747 -5.135707 -7.446870 -18.754353 0.000000 0.000000 0.000000 -63.851500 -0.299141 81.459859 -10.896923 3.571702 -25.652420 52.007385 56.237614 42.881096 -0.902798 8.590922 -33.351898 0.000000 0.000000 0.000000 32.642982 -43.008358 11.664972 32.877399 -32.339246 -21.939667 25.101445 6.854158 -1.535514 0.000000 0.000000 0.000000 -47.463744 35.457499 -4.019721 -27.617927 35.487109 1.272949 -14.401578 -10.221710 1.873894 0.000000 0.000000 0.000000 
-2.308091 0.623755 0.095301 -55.760875 76.089292 -34.768170 66.599001 -12.381263 -56.173525 -95.980062 15.238120 23.688342 76.895967 74.875713 44.308452 0.000000 0.000000 0.000000 45.868533 -1.082755 -96.167818 -21.838110 19.140421 75.435629 -5.288882 -7.842129 -19.465749 0.000000 0.000000 0.000000 -64.020035 -0.480968 81.197623 -9.860902 3.313170 -25.693863 52.954644 56.763709 44.619403 -0.399626 8.529695 -33.419427 0.000000 0.000000 0.000000 32.835388 -42.546790 11.854467 32.113153 -32.984836 -22.219322 26.582645 5.980996 -2.129681 0.000000 0.000000 0.000000 -48.132910 34.472401 -4.157581 -26.869014 34.865792 1.690292 -13.369900 -8.393223 1.563242 0.000000 0.000000 0.000000 
-2.286387 0.636572 0.105138 -57.546438 76.964773 -34.141948 64.782635 -12.881633 -55.102750 -91.971388 13.139603 25.396039 75.872048 75.467325 42.861922 0.000000 0.000000 0.000000 46.446957 -1.126603 -96.186033 -22.202241 18.786998 73.196851 -5.196010 -7.306535 -20.329693 0.000000 0.000000 0.000000 -62.867019 -1.551891 81.515512 -9.378892 3.170808 -25.778743 51.450883 56.464454 44.378301 -0.077279 8.473898 -34.094272 0.000000 0.000000 0.000000 32.078366 -42.867408 11.845133 31.819765 -33.255026 -22.301411 27.479569 4.966438 -2.503968 0.000000 0.000000 0.000000 -47.936171 33.307007 -4.156222 -25.826948 34.884342 1.947958 -14.265010 -7.342592 1.663097 0.000000 0.000000 0.000000 
-2.263244 0.652071 0.114662 -57.521285 78.195751 -32.195951 61.711357 -13.237951 -54.469818 -88.691837 11.289639 27.394743 78.641954 75.375848 46.416225 0.000000 0.000000 0.000000 46.412032 -1.708796 -96.165962 -22.929443 18.657776 71.300758 -4.964321 -6.359930 -21.061225 0.000000 0.000000 0.000000 -60.899758 -2.908998 82.035756 -9.022878 3.102578 -25.273181 49.244200 56.198601 43.096039 0.293814 8.363949 -33.884546 0.000000 0.000000 0.000000 31.404698 -42.502094 12.085034 31.862473 -34.989270 -23.948807 30.465514 4.585430 -3.185730 0.000000 0.000000 0.000000 -47.399657 32.483613 -3.901270 -24.783564 34.611131 2.092751 -14.874198 -5.802670 1.662386 0.000000 0.000000 0.000000 
-2.238964 0.663424 0.125105 -59.484663 79.194069 -32.652802 59.339099 -13.762585 -52.413308 -86.221726 8.795396 28.419059 74.040960 76.314876 40.761471 0.000000 0.000000 0.000000 46.778110 -1.933705 -96.379478 -24.576083 19.521435 69.661735 -4.590930 -5.228310 -20.705808 0.000000 0.000000 0.000000 -59.454004 -4.093205 82.263108 -8.846906 3.086039 -24.524685 47.015576 55.727901 41.294913 0.582906 8.271916 -33.465144 0.000000 0.000000 0.000000 29.662422 -42.903472 11.968374 31.276846 -36.012116 -24.124652 33.117485 3.376796 -3.925724 0.000000 0.000000 0.000000 -45.469624 32.327163 -3.278433 -24.710060 34.800962 1.880285 -17.322034 -4.465173 1.903398 0.000000 0.000000 0.000000 
-2.214576 0.673697 0.137511 -58.643464 80.290017 -30.834016 56.274698 -14.018657 -50.426256 -83.824306 7.308513 30.349184 66.329508 75.926457 32.632718 0.000000 0.000000 0.000000 46.801516 -2.390933 -95.750931 -25.779980 19.384667 67.779737 -4.167054 -3.772269 -20.942734 0.000000 0.000000 0.000000 -58.480662 -5.006344 82.003865 -9.295728 3.181051 -24.212366 47.269555 54.699180 41.095801 0.380917 8.348045 -33.317445 0.000000 0.000000 0.000000 28.110249 -44.690007 11.647593 30.794880 -35.382690 -23.328148 35.350262 3.741329 -4.171874 0.000000 0.000000 0.000000 -44.739722 32.189694 -3.156706 -21.992976 35.314388 2.119042 -20.131039 -3.187212 2.198357 0.000000 0.000000 0.000000 
-2.191203 0.680832 0.152071 -59.017776 81.280093 -30.047431 53.832276 -14.251271 -47.821068 -81.818389 4.938237 30.611414 58.932440 75.798273 23.890054 0.000000 0.000000 0.000000 48.569650 -1.294346 -95.880764 -29.065234 21.872843 66.132195 -4.079577 -3.949727 -19.627343 0.000000 0.000000 0.000000 -56.751896 -6.281307 81.356422 -9.560222 3.303145 -22.614863 44.247273 53.169085 38.579497 -0.025340 8.407505 -32.865963 0.000000 0.000000 0.000000 28.360620 -43.175103 11.907352 32.216938 -34.497725 -23.716346 37.079657 4.463700 -4.275987 0.000000 0.000000 0.000000 -43.677702 32.560845 -2.724048 -21.367725 35.444611 1.965005 -22.560301 -2.565771 2.461364 0.000000 0.000000 0.000000 
-2.169442 0.688277 0.168040 -60.528063 82.235112 -30.633022 51.984462 -14.411698 -45.886598 -79.594785 2.679369 30.348866 53.354705 75.222668 17.454420 0.000000 0.000000 0.000000 49.561328 -0.999171 -95.328887 -31.172995 22.278122 63.260932 -3.660734 -2.764733 -19.271994 0.000000 0.000000 0.000000 -55.880128 -7.066798 80.971055 -10.001053 3.420562 -22.105532 43.879018 51.669702 36.989215 -0.519763 8.487503 -31.253018 0.000000 0.000000 0.000000 28.395032 -43.735243 11.587824 33.946240 -32.025020 -22.654266 34.787689 5.237395 -3.210582 0.000000 0.000000 0.000000 -40.879696 34.257800 -1.476279 -20.861198 35.733348 1.484878 -25.408441 -1.915920 2.588855 0.000000 0.000000 0.000000 
-2.148935 0.695411 0.183978 -60.679773 83.664270 -29.768265 49.443613 -14.509822 -43.576163 -75.738487 0.001411 30.047361 47.083225 74.627941 8.794699 0.000000 0.000000 0.000000 50.669554 -0.862024 -95.260979 -33.483948 23.049967 60.906924 -3.171430 -1.187420 -19.262503 0.000000 0.000000 0.000000 -55.754867 -7.670195 80.486482 -9.854996 3.456363 -20.632127 43.343502 50.965993 36.159912 -0.502051 8.496181 -30.739915 0.000000 0.000000 0.000000 31.351107 -42.001948 11.964030 35.340196 -29.412040 -22.202824 30.867960 7.820585 -2.164025 0.000000 0.000000 0.000000 -39.668983 35.034263 -0.716190 -20.175513 34.626830 1.355324 -26.541862 -0.371878 2.466571 0.000000 0.000000 0.000000 
-2.128043 0.701960 0.198967 -62.123449 84.446856 -29.694687 46.966536 -14.378283 -41.462564 -71.697035 -2.037717 29.574405 43.989888 72.851120 5.198357 0.000000 0.000000 0.000000 51.168960 -0.883929 -94.980896 -33.707751 22.430964 58.992199 -2.675271 0.879307 -20.615834 0.000000 0.000000 0.000000 -54.142722 -8.680465 80.053321 -10.280663 3.556818 -20.375249 42.236191 48.937879 34.455590 -0.373575 8.300314 -28.590494 0.000000 0.000000 0.000000 31.152941 -41.835249 11.783729 34.969285 -27.635623 -20.542782 28.383569 7.326993 -1.777129 0.000000 0.000000 0.000000 -37.399696 35.600441 0.085557 -18.892884 34.626311 1.137454 -29.146012 1.571991 2.293366 0.000000 0.000000 0.000000 
-2.105735 0.706800 0.211980 -57.449836 85.525691 -23.554419 43.195911 -13.846223 -38.771412 -66.665348 -3.780427 29.345931 39.352341 69.704168 -0.702240 0.000000 0.000000 0.000000 51.058721 -1.213956 -95.085277 -33.702121 22.290410 58.790672 -2.523851 2.017059 -22.065752 0.000000 0.000000 0.000000 -52.403470 -9.679762 79.077283 -10.428456 3.674756 -18.626987 39.528490 47.368864 31.516405 0.363505 7.808253 -26.739309 0.000000 0.000000 0.000000 31.130190 -41.639583 11.617726 33.645166 -26.976921 -19.021295 27.372045 6.768093 -1.765076 0.000000 0.000000 0.000000 -35.028511 36.301663 1.344242 -17.795833 35.389821 0.927797 -30.830489 2.588072 2.044867 0.000000 0.000000 0.000000 
-2.082242 0.709943 0.223073 -51.763554 85.762930 -16.753625 39.481589 -13.051797 -35.834338 -61.872788 -4.605552 29.789634 38.620519 66.808496 -1.939033 0.000000 0.000000 0.000000 51.173416 -1.117672 -94.759453 -33.853843 22.543367 59.287859 -2.532497 2.564287 -23.237206 0.000000 0.000000 0.000000 -50.190802 -10.633373 78.914350 -10.361254 3.674183 -18.211567 37.088194 45.640910 29.529354 0.679205 7.433158 -25.292608 0.000000 0.000000 0.000000 29.315214 -42.485565 11.281240 30.864927 -27.224122 -17.242745 27.659179 5.528572 -1.979613 0.000000 0.000000 0.000000 -32.798252 37.073611 2.550896 -16.154548 35.560030 0.768246 -32.346085 4.351292 1.621865 0.000000 0.000000 0.000000 
-2.058354 0.711651 0.232390 -45.636579 85.950812 -9.089858 36.125918 -12.228821 -33.490824 -57.091559 -4.964224 30.399473 41.341264 62.757936 4.297262 0.000000 0.000000 0.000000 51.188823 -1.098219 -94.769845 -33.148521 22.606420 60.691555 -2.816812 2.365018 -24.710626 0.000000 0.000000 0.000000 -47.350797 -11.918905 78.184416 -10.471173 3.737959 -17.145301 33.931563 44.063241 26.590574 1.730463 6.734816 -24.160931 0.000000 0.000000 0.000000 27.910342 -42.741590 11.180528 28.047857 -27.946962 -16.039229 29.094028 3.453700 -2.646930 0.000000 0.000000 0.000000 -29.408761 37.527102 4.434474 -15.113319 35.884737 0.467388 -34.339014 5.744606 1.233583 0.000000 0.000000 0.000000 
-2.035534 0.713049 0.240509 -42.270270 86.569288 -4.245388 33.257829 -11.522895 -31.603362 -51.784365 -5.074969 31.339351 42.615888 59.395574 7.504737 0.000000 0.000000 0.000000 51.800124 -0.794769 -95.309662 -33.579726 23.781803 62.120574 -3.111186 1.904229 -25.605072 0.000000 0.000000 0.000000 -44.664228 -13.327884 77.710890 -9.880535 3.619739 -16.324920 31.099216 42.697331 24.706284 1.893760 6.523262 -23.853673 0.000000 0.000000 0.000000 26.376080 -42.476903 11.256417 26.600256 -28.998158 -15.940901 30.360327 1.813724 -3.208747 0.000000 0.000000 0.000000 -26.222552 37.546740 6.184374 -13.881045 36.245558 0.306324 -36.352304 7.528143 0.745475 0.000000 0.000000 0.000000 
-2.014872 0.714331 0.247519 -38.913518 87.097106 0.540536 31.184765 -11.028867 -30.446266 -47.569022 -5.104917 32.380582 42.098276 54.458303 11.998382 0.000000 0.000000 0.000000 52.384882 -0.563190 -95.984867 -33.624026 24.486931 62.857444 -3.230596 1.763175 -25.927453 0.000000 0.000000 0.000000 -42.713909 -14.482736 77.586661 -9.236497 3.458526 -16.338016 29.828583 42.101215 23.735445 2.600699 6.096922 -23.267286 0.000000 0.000000 0.000000 24.807256 -42.686114 11.306051 25.235958 -29.837942 -15.908792 32.207703 -0.930418 -4.245218 0.000000 0.000000 0.000000 -23.509156 37.097644 7.591537 -12.216775 36.286649 0.344623 -38.604880 9.886448 0.156633 0.000000 0.000000 0.000000 
-1.996839 0.717349 0.253240 -36.880457 87.587224 3.843211 29.730474 -10.752773 -30.415956 -44.954348 -5.132466 33.322207 40.666003 51.596021 13.408423 0.000000 0.000000 0.000000 52.891410 -0.351872 -96.400999 -34.202469 25.164128 62.797692 -3.202978 2.251636 -26.409349 0.000000 0.000000 0.000000 -40.810695 -15.560609 77.135358 -8.449004 3.277211 -16.095929 28.417362 41.460347 23.299061 2.616822 6.189852 -23.719349 0.000000 0.000000 0.000000 25.301310 -41.154076 11.672699 25.527017 -30.348735 -16.744656 34.737908 -0.835632 -4.995886 0.000000 0.000000 0.000000 -22.086870 36.586254 8.350646 -12.007891 36.743872 0.285353 -40.164104 10.741663 -0.039292 0.000000 0.000000 0.000000 
-1.981881 0.719666 0.257221 -37.400505 87.042026 4.166938 29.260364 -10.568368 -30.402790 -44.013752 -4.932451 33.806478 40.634598 50.214012 16.853446 0.000000 0.000000 0.000000 52.607160 -0.220470 -95.765601 -33.386417 24.430378 62.753350 -3.579560 1.160676 -27.474731 0.000000 0.000000 0.000000 -39.567390 -15.764931 76.554417 -7.325264 3.020918 -16.377247 27.776025 41.113181 23.667599 1.940947 6.394645 -23.290844 0.000000 0.000000 0.000000 24.455640 -40.039833 11.808396 26.321804 -30.196959 -17.215654 36.346325 -0.738482 -5.305697 0.000000 0.000000 0.000000 -19.687796 36.593925 9.705067 -11.787865 36.532484 0.043497 -41.379736 11.622215 -0.412595 0.000000 0.000000 0.000000 
-1.969726 0.723103 0.259529 -32.679223 86.729950 9.693162 29.133709 -10.597602 -31.319576 -45.014945 -4.662148 34.729518 38.958333 48.857538 18.909532 0.000000 0.000000 0.000000 52.972523 0.419304 -95.593036 -34.844819 25.286454 61.329769 -2.926884 3.798481 -27.045756 0.000000 0.000000 0.000000 -38.823503 -16.050391 76.776447 -6.631481 2.831860 -17.699019 27.959450 41.016769 25.214854 1.649760 6.825701 -24.740284 0.000000 0.000000 0.000000 27.898539 -36.470591 12.713896 29.259190 -29.994091 -19.314375 35.378777 2.700173 -4.452049 0.000000 0.000000 0.000000 -20.747567 35.082782 8.479022 -11.257884 36.417296 0.380559 -42.028815 11.697366 -0.071942 0.000000 0.000000 0.000000 
-1.959955 0.724271 0.260343 -28.874624 86.419251 14.494900 29.430028 -10.707119 -32.081277 -46.477334 -4.412422 34.838764 38.902329 48.294714 22.786458 0.000000 0.000000 0.000000 52.749417 0.668819 -95.698713 -34.462607 25.238149 61.225586 -3.301271 2.623741 -27.653244 0.000000 0.000000 0.000000 -37.884117 -16.273785 76.635178 -5.057829 2.482701 -18.674263 26.987877 40.617402 25.881850 0.032517 7.477535 -25.505989 0.000000 0.000000 0.000000 29.662572 -34.474958 13.235755 32.223068 -28.174521 -20.102168 31.429635 6.585155 -2.715285 0.000000 0.000000 0.000000 -21.182068 35.134578 8.361974 -11.653014 35.264970 0.312861 -40.454538 11.411618 0.062301 0.000000 0.000000 0.000000 
-1.952128 0.725819 0.260389 -24.150849 86.165731 19.610438 30.093086 -10.967058 -33.223006 -48.382006 -4.155270 34.983245 38.199441 48.752159 22.543697 0.000000 0.000000 0.000000 52.671489 0.896014 -96.282426 -35.311551 26.076497 60.775412 -2.727424 4.954832 -27.090528 0.000000 0.000000 0.000000 -37.444009 -16.452841 76.804226 -4.643841 2.386902 -19.067118 26.694236 40.337760 26.321324 -0.387839 7.735620 -26.828926 0.000000 0.000000 0.000000 32.936212 -30.523338 14.212922 34.221167 -26.753683 -20.638917 28.227335 8.696812 -2.065328 0.000000 0.000000 0.000000 -22.559878 34.515175 7.321301 -11.470144 34.813256 0.516692 -39.581796 11.449666 0.212064 0.000000 0.000000 0.000000 
-1.946191 0.726851 0.260026 -27.997872 84.680735 15.961255 31.649337 -11.134027 -34.085219 -50.596999 -3.419498 34.779716 38.966840 49.782491 24.668640 0.000000 0.000000 0.000000 51.485670 0.926502 -95.793675 -33.288295 25.221516 62.456146 -2.815270 4.011033 -26.063328 0.000000 0.000000 0.000000 -37.611076 -15.575613 76.564264 -3.674193 2.181179 -19.638948 26.721071 41.320639 27.276328 -0.704043 7.950960 -27.479454 0.000000 0.000000 0.000000 33.745887 -29.207086 14.658613 36.120641 -25.583648 -21.436801 24.526906 9.466364 -1.414497 0.000000 0.000000 0.000000 -21.608489 34.551640 7.969991 -12.252561 33.033117 0.236090 -38.653301 12.550913 -0.098333 0.000000 0.000000 0.000000 
-1.942588 0.728162 0.259362 -30.867034 83.527059 13.236510 34.521806 -11.608388 -35.310547 -54.389062 -2.905778 32.875276 41.167384 52.176102 26.485835 0.000000 0.000000 0.000000 50.702924 1.046985 -95.441877 -31.437570 24.570056 64.255185 -2.667870 4.001201 -24.919880 0.000000 0.000000 0.000000 -38.053545 -14.741068 76.303653 -3.376228 2.108187 -20.141675 27.283088 41.917921 27.844315 -0.427260 7.926915 -27.974629 0.000000 0.000000 0.000000 34.561214 -27.952609 15.026440 36.515475 -25.700386 -22.049420 21.874492 10.478757 -1.056963 0.000000 0.000000 0.000000 -22.024525 34.063902 7.566710 -12.102202 32.598332 0.320993 -37.116856 12.067782 0.078327 0.000000 0.000000 0.000000 
-1.941549 0.729896 0.258080 -30.518922 82.295993 13.268213 37.028483 -11.951413 -37.010817 -58.265918 -2.109166 31.914285 43.725379 54.458188 29.354549 0.000000 0.000000 0.000000 49.401478 0.786931 -95.085396 -29.592993 23.275599 65.156517 -2.290031 4.418048 -23.103398 0.000000 0.000000 0.000000 -38.455206 -13.857710 75.791514 -3.399548 2.105398 -19.720682 26.971487 42.629648 27.967907 -0.269436 7.964779 -28.824293 0.000000 0.000000 0.000000 34.771272 -27.479624 15.205050 37.146231 -25.363732 -22.378459 20.757453 10.794817 -0.911011 0.000000 0.000000 0.000000 -22.417241 33.481527 7.147050 -11.424504 31.389593 0.448850 -36.239197 12.170703 0.192150 0.000000 0.000000 0.000000 
-1.942605 0.731837 0.256024 -32.190261 81.763161 11.046128 39.589075 -12.369489 -39.186919 -61.178436 -1.490836 30.873673 47.172490 57.681021 31.052686 0.000000 0.000000 0.000000 48.184289 0.036620 -94.601945 -28.039270 21.761762 65.963015 -2.037571 4.866255 -22.383961 0.000000 0.000000 0.000000 -39.327177 -13.319435 76.095138 -4.212060 2.261815 -19.869154 27.703337 43.318402 28.302987 0.172512 7.882403 -29.542207 0.000000 0.000000 0.000000 35.018576 -27.160007 15.258363 37.335544 -26.571011 -23.205587 20.677676 11.312380 -0.891269 0.000000 0.000000 0.000000 -24.185323 32.377987 5.706677 -9.995799 31.080889 0.849358 -34.685766 11.733834 0.501229 0.000000 0.000000 0.000000 
-1.944363 0.732370 0.253333 -33.226013 80.966652 9.655401 42.506266 -12.648828 -40.904459 -64.001277 -0.712885 29.528448 49.662645 59.601565 33.332855 0.000000 0.000000 0.000000 47.082632 -0.198264 -94.528841 -26.263888 20.695039 67.300617 -1.720075 4.646728 -20.031737 0.000000 0.000000 0.000000 -39.229524 -12.957615 75.815769 -5.027006 2.423639 -19.975863 27.063249 43.398440 27.721446 0.384159 7.765087 -29.612326 0.000000 0.000000 0.000000 33.678944 -28.335548 14.793941 37.793068 -27.202828 -23.586542 20.023362 10.551226 -0.755899 0.000000 0.000000 0.000000 -23.664198 32.331411 5.972370 -10.627470 30.378409 0.634797 -33.961552 11.337829 0.542570 0.000000 0.000000 0.000000 
-1.946086 0.732626 0.250186 -31.875263 80.596823 10.249488 44.161845 -12.779848 -43.054842 -65.863543 -0.133283 28.757285 53.570626 62.499828 35.393287 0.000000 0.000000 0.000000 45.530102 -1.237438 -94.172074 -24.818153 19.053777 67.614908 -1.581382 5.021829 -20.015683 0.000000 0.000000 0.000000 -39.514514 -12.697370 76.142643 -6.385167 2.706737 -19.859781 26.920020 43.182844 26.368915 -0.008256 7.692976 -28.747582 0.000000 0.000000 0.000000 31.429700 -30.552078 14.078398 37.462880 -28.390039 -23.816747 21.738474 10.058283 -0.688198 0.000000 0.000000 0.000000 -24.642848 32.278446 5.342019 -10.012603 30.158865 0.733073 -32.976219 10.574299 0.698920 0.000000 0.000000 0.000000 
-1.947562 0.733265 0.247016 -31.747104 79.621691 9.685008 45.463847 -12.647475 -44.093270 -66.459381 0.526845 28.099641 53.731730 63.762056 34.222275 0.000000 0.000000 0.000000 44.327409 -1.539846 -93.433760 -23.646423 17.761708 67.632995 -0.852383 6.348547 -18.251117 0.000000 0.000000 0.000000 -39.433268 -12.264024 76.046553 -8.010401 3.048057 -19.549536 26.746372 42.832748 24.880458 0.267135 7.465048 -28.728789 0.000000 0.000000 0.000000 29.451875 -32.522159 13.389700 36.569236 -29.461549 -23.362443 22.780615 8.778534 -0.703080 0.000000 0.000000 0.000000 -24.291787 32.411192 5.461199 -11.145393 29.232485 0.446785 -32.185394 11.347504 0.438794 0.000000 0.000000 0.000000 
-1.948887 0.734091 0.244263 -30.567911 79.318897 10.580457 46.058191 -12.588327 -45.211921 -66.249149 1.070417 28.177195 54.995644 64.382106 35.423115 0.000000 0.000000 0.000000 43.413012 -2.032255 -93.094246 -22.232596 16.416334 68.001112 -1.379392 4.587211 -18.270023 0.000000 0.000000 0.000000 -39.610013 -12.157887 76.791368 -8.882554 3.215722 -19.844618 26.480722 42.531712 23.826064 0.226392 7.250065 -27.638763 0.000000 0.000000 0.000000 27.829463 -34.078680 12.939655 36.174796 -30.534231 -23.467057 23.717891 7.274707 -0.750638 0.000000 0.000000 0.000000 -25.501963 32.518344 4.838708 -12.246285 29.039418 0.358828 -32.144078 10.951765 0.549334 0.000000 0.000000 0.000000 
-1.950511 0.735230 0.242239 -28.763040 78.762524 12.361559 46.625997 -12.427838 -46.258947 -66.501913 1.440447 27.522552 54.075719 65.539838 32.889299 0.000000 0.000000 0.000000 42.479093 -2.239727 -92.675818 -21.645766 15.777228 68.042995 -0.993736 5.730913 -18.083747 0.000000 0.000000 0.000000 -39.202941 -12.032219 76.743740 -10.269645 3.494109 -19.591258 25.784319 41.210805 21.890693 -0.303785 7.112142 -26.978752 0.000000 0.000000 0.000000 26.320625 -36.443197 12.350398 34.276488 -30.522666 -21.536335 24.507560 5.579980 -0.872925 0.000000 0.000000 0.000000 -27.817596 32.780418 3.798858 -12.955608 29.407886 0.354075 -32.027079 10.381061 0.687531 0.000000 0.000000 0.000000 
-1.952569 0.736299 0.240974 -29.016361 78.239187 12.321315 48.037959 -12.400944 -46.735040 -66.305746 1.594560 26.422374 53.208287 66.064493 31.077875 0.000000 0.000000 0.000000 42.641777 -1.784933 -92.705619 -21.079434 15.597723 68.096139 -1.166921 5.120650 -17.915873 0.000000 0.000000 0.000000 -39.054041 -11.863970 76.542811 -10.981871 3.638321 -19.430885 25.320355 40.315809 21.155525 -0.186127 6.947762 -26.653808 0.000000 0.000000 0.000000 26.447901 -36.892413 12.191630 32.777821 -31.003949 -20.663369 23.876288 4.534204 -0.982462 0.000000 0.000000 0.000000 -29.725295 33.479595 3.120346 -14.925359 29.228371 0.233915 -32.384017 9.485216 0.903785 0.000000 0.000000 0.000000 
-1.954939 0.736667 0.240151 -28.987980 77.741803 12.285202 48.892094 -12.314650 -47.002088 -65.816876 1.588776 25.524555 51.714108 67.300747 27.273723 0.000000 0.000000 0.000000 42.180164 -1.789746 -92.335102 -20.197672 14.850997 68.317231 -1.178957 5.065826 -17.931579 0.000000 0.000000 0.000000 -39.158682 -11.596458 76.687747 -12.098456 3.867928 -19.268095 25.266822 39.412494 20.149198 -0.222411 6.698351 -25.449951 0.000000 0.000000 0.000000 25.439818 -38.544877 11.818812 31.259461 -30.114945 -18.687992 22.951360 3.559574 -0.937555 0.000000 0.000000 0.000000 -30.126081 34.308863 3.145282 -17.262433 29.415536 -0.080872 -33.487382 9.322771 0.869833 0.000000 0.000000 0.000000 
-1.957678 0.735614 0.239264 -29.452630 77.359621 11.894847 50.206859 -12.273909 -47.525507 -66.606803 2.053629 24.973428 53.004828 67.487187 28.975861 0.000000 0.000000 0.000000 42.668491 -1.108833 -92.910678 -19.834338 15.221124 68.639805 -0.809824 5.691097 -16.776988 0.000000 0.000000 0.000000 -39.361408 -11.204973 76.138055 -12.575956 3.990843 -18.684927 25.799869 38.565879 20.030790 -1.007358 6.937098 -25.354304 0.000000 0.000000 0.000000 25.155113 -39.390693 11.586306 29.669188 -28.515093 -16.616483 21.420661 2.567236 -0.964286 0.000000 0.000000 0.000000 -30.646763 35.542750 3.189637 -19.418945 28.987482 -0.273187 -33.616190 8.760929 0.877596 0.000000 0.000000 0.000000 
-1.961330 0.734791 0.237897 -30.206207 76.609048 11.066017 50.507690 -12.097791 -48.285863 -66.819296 2.893117 25.795171 52.692616 68.713367 27.100488 0.000000 0.000000 0.000000 42.819765 -0.603320 -92.870559 -19.379242 15.247820 69.213620 -0.807608 5.415405 -16.194671 0.000000 0.000000 0.000000 -40.065179 -10.549270 76.173946 -12.576443 3.987024 -19.028323 26.409391 38.102261 20.486370 -2.037479 7.282258 -24.937194 0.000000 0.000000 0.000000 26.696652 -39.578620 11.444523 28.259285 -27.181683 -15.006305 19.745465 3.419563 -0.777262 0.000000 0.000000 0.000000 -29.995447 37.527072 3.982121 -21.931944 27.931773 -0.550095 -33.038117 8.428961 0.706637 0.000000 0.000000 0.000000 
-1.966480 0.733502 0.236044 -29.600385 76.334407 11.391529 50.676990 -11.939297 -49.344042 -67.492655 3.337588 25.812205 53.285356 70.468477 25.683955 0.000000 0.000000 0.000000 42.883986 -0.281314 -93.566976 -18.899651 15.507249 70.069887 -0.843201 4.693241 -14.909188 0.000000 0.000000 0.000000 -41.280885 -9.752971 76.116251 -11.907007 3.890910 -18.642450 27.135267 38.055887 21.473130 -3.062687 7.687461 -24.735027 0.000000 0.000000 0.000000 28.531937 -38.237481 11.437791 27.453023 -26.185248 -13.967685 18.287037 3.764979 -0.744582 0.000000 0.000000 0.000000 -28.618820 39.375145 5.184560 -24.384214 26.975560 -0.808934 -32.706229 7.418807 0.729778 0.000000 0.000000 0.000000 
-1.973343 0.732697 0.233678 -31.075555 76.131081 9.687321 53.546880 -11.975216 -50.357264 -69.004455 3.882942 24.492956 57.016534 71.435355 29.427347 0.000000 0.000000 0.000000 43.180605 -0.040159 -93.526184 -18.535343 15.300323 70.167929 -0.753301 4.864532 -14.736695 0.000000 0.000000 0.000000 -42.242803 -9.257071 76.569225 -11.069299 3.664921 -20.009281 28.340167 37.818628 22.972437 -4.147568 8.257207 -25.642168 0.000000 0.000000 0.000000 29.805382 -39.176423 11.179595 26.708680 -24.718956 -12.775797 16.293677 4.241508 -0.560425 0.000000 0.000000 0.000000 -26.676774 41.499823 6.701253 -26.532820 25.946985 -1.075160 -31.339579 6.635806 0.624553 0.000000 0.000000 0.000000 
-1.981657 0.730309 0.231338 -30.291108 75.375191 10.324353 54.782430 -11.748918 -51.085659 -70.262743 3.947011 22.807265 60.411569 72.862840 31.648353 0.000000 0.000000 0.000000 43.816929 0.939063 -93.330523 -19.062658 15.900642 68.774828 -0.829964 5.188274 -15.830224 0.000000 0.000000 0.000000 -43.914263 -8.046168 77.181187 -9.228198 3.263107 -21.512835 29.265372 38.789534 24.549587 -5.019802 8.677546 -25.833479 0.000000 0.000000 0.000000 29.524117 -39.436387 10.981931 27.220292 -23.762336 -12.240185 15.602717 4.980136 -0.468661 0.000000 0.000000 0.000000 -23.703633 43.095445 8.832605 -28.493075 25.636032 -1.441499 -29.161182 6.027669 0.430913 0.000000 0.000000 0.000000 
-1.990473 0.728089 0.229102 -30.829492 75.406375 8.672252 58.088801 -11.767986 -51.920936 -71.985939 3.870791 20.295869 67.879011 72.892636 40.547526 0.000000 0.000000 0.000000 43.799863 0.711694 -92.849921 -19.020712 15.326694 68.026824 -1.009886 4.557416 -15.856246 0.000000 0.000000 0.000000 -47.097489 -6.519808 78.582385 -6.592448 2.742260 -22.540322 31.005950 41.011546 27.369555 -4.390955 8.826796 -27.792118 0.000000 0.000000 0.000000 32.481734 -38.659830 11.202431 24.870765 -23.172548 -11.432454 15.488286 5.918080 -0.548353 0.000000 0.000000 0.000000 -23.365380 44.093280 9.248683 -27.822076 24.524959 -1.193371 -28.922993 4.596002 0.707262 0.000000 0.000000 0.000000 
-1.998915 0.726813 0.226704 -28.306296 74.343961 10.467706 58.719678 -11.229593 -52.859223 -74.052184 4.037587 18.432860 77.224700 71.717244 52.699489 0.000000 0.000000 0.000000 42.328184 0.324090 -92.587530 -18.206437 14.507663 68.068951 -0.906669 4.903554 -15.890911 0.000000 0.000000 0.000000 -47.950998 -5.429131 78.085575 -4.923706 2.399122 -23.149893 30.203662 41.530216 29.105511 -3.979613 8.878999 -28.666552 0.000000 0.000000 0.000000 33.892906 -38.390059 11.149289 25.943185 -23.311263 -11.899085 16.009757 6.588896 -0.585865 0.000000 0.000000 0.000000 -22.981577 42.383932 8.697296 -27.834257 26.101282 -1.376633 -26.731520 3.767666 0.752571 0.000000 0.000000 0.000000 
-2.006401 0.722108 0.224054 -25.440144 74.640729 13.041223 61.195302 -10.994228 -54.920682 -75.207083 3.539475 15.439421 87.835710 72.717036 62.498754 0.000000 0.000000 0.000000 41.798825 -0.212222 -94.048852 -17.554586 14.422194 68.010523 -0.502659 6.192847 -15.953778 0.000000 0.000000 0.000000 -46.854326 -6.032321 76.359566 -2.475876 1.912185 -21.020991 27.561363 42.144898 27.948379 -0.750847 8.080429 -29.900670 0.000000 0.000000 0.000000 30.295529 -41.391706 11.230780 24.843590 -22.696557 -11.738214 19.019356 3.948917 -1.031109 0.000000 0.000000 0.000000 -18.337784 42.556900 11.830492 -28.228780 25.241804 -1.537956 -28.165454 3.590243 0.722426 0.000000 0.000000 0.000000 
-2.012635 0.717600 0.220069 -23.347300 71.329440 11.974780 55.259386 -10.282751 -51.989817 -75.662360 5.275543 20.271588 76.491399 72.742783 50.115799 0.000000 0.000000 0.000000 40.340397 0.774017 -92.555978 -17.227755 14.444327 70.126490 -0.598041 5.727719 -15.257249 0.000000 0.000000 0.000000 -47.995306 -3.917367 75.390136 -2.116101 1.802336 -21.697331 26.942825 42.808710 28.747205 3.041155 6.742506 -28.315936 0.000000 0.000000 0.000000 30.167078 -40.748905 11.276278 25.146530 -26.402067 -13.650979 17.837120 1.234614 -1.184579 0.000000 0.000000 0.000000 -12.184052 44.059603 16.136670 -30.679135 24.264552 -2.077273 -27.796323 1.236843 0.870863 0.000000 0.000000 0.000000 
-2.017407 0.715234 0.215516 -20.037144 73.014317 12.992312 54.826178 -10.548215 -56.074564 -76.100552 7.940379 24.282552 69.525828 70.253527 46.913428 0.000000 0.000000 0.000000 37.835562 -2.726519 -92.993980 -19.553977 15.359674 70.007709 0.725075 10.700893 -17.198915 0.000000 0.000000 0.000000 -44.630643 -6.655174 78.965956 -4.660707 2.411521 -22.362695 24.645147 40.415775 24.892096 3.985329 5.701949 -26.622544 0.000000 0.000000 0.000000 24.886789 -43.998868 10.633655 23.962976 -26.245928 -11.806409 19.588312 -4.463007 -1.977392 0.000000 0.000000 0.000000 -16.068728 41.617696 12.229033 -28.145936 29.138699 -2.699436 -25.017911 1.784573 0.677376 0.000000 0.000000 0.000000 
