HIERARCHY
ROOT Hips
{
	OFFSET -0.001795 -0.223333 0.028219
	CHANNELS 6 Xposition Yposition Zposition Zrotation Yrotation Xrotation 
	JOINT LeftUpLeg
	{
		OFFSET 0.069520 -0.091406 -0.006815
		CHANNELS 3 Zrotation Yrotation Xrotation
		JOINT LeftLeg
		{
			OFFSET 0.034277 -0.375199 -0.004496
			CHANNELS 3 Zrotation Yrotation Xrotation
			JOINT LeftFoot
			{
				OFFSET -0.013596 -0.397961 -0.043693
				CHANNELS 3 Zrotation Yrotation Xrotation
				JOINT LeftToe
				{
					OFFSET 0.026358 -0.055791 0.119288
					CHANNELS 3 Zrotation Yrotation Xrotation
					End Site
					{
						OFFSET 0.000000 0.000000 0.000000
					}
				}
			}
		}
	}
	JOINT RightUpLeg
	{
		OFFSET -0.067670 -0.090522 -0.004320
		CHANNELS 3 Zrotation Yrotation Xrotation
		JOINT RightLeg
		{
			OFFSET -0.038290 -0.382569 -0.008850
			CHANNELS 3 Zrotation Yrotation Xrotation
			JOINT RightFoot
			{
				OFFSET 0.015774 -0.398415 -0.042312
				CHANNELS 3 Zrotation Yrotation Xrotation
				JOINT RightToe
				{
					OFFSET -0.025372 -0.048144 0.123348
					CHANNELS 3 Zrotation Yrotation Xrotation
					End Site
					{
						OFFSET 0.000000 0.000000 0.000000
					}
				}
			}
		}
	}
	JOINT Spine
	{
		OFFSET -0.002533 0.108963 -0.026696
		CHANNELS 3 Zrotation Yrotation Xrotation
		JOINT Spine1
		{
			OFFSET 0.005487 0.135180 0.001092
			CHANNELS 3 Zrotation Yrotation Xrotation
			JOINT Spine2
			{
				OFFSET 0.001457 0.052922 0.025425
				CHANNELS 3 Zrotation Yrotation Xrotation
				JOINT Neck
				{
					OFFSET -0.002778 0.213870 -0.042857
					CHANNELS 3 Zrotation Yrotation Xrotation
					JOINT Head
					{
						OFFSET 0.005152 0.064970 0.051349
						CHANNELS 3 Zrotation Yrotation Xrotation
						End Site
						{
							OFFSET 0.000000 0.000000 0.000000
						}
					}
				}
				JOINT LeftShoulder
				{
					OFFSET 0.078845 0.121749 -0.034090
					CHANNELS 3 Zrotation Yrotation Xrotation
					JOINT LeftArm
					{
						OFFSET 0.090977 0.030469 -0.008868
						CHANNELS 3 Zrotation Yrotation Xrotation
						JOINT LeftForeArm
						{
							OFFSET 0.259612 -0.012772 -0.027456
							CHANNELS 3 Zrotation Yrotation Xrotation
							JOINT LeftHand
							{
								OFFSET 0.249234 0.008986 -0.001171
								CHANNELS 3 Zrotation Yrotation Xrotation
								End Site
								{
									OFFSET 0.000000 0.000000 0.000000
								}
							}
						}
					}
				}
				JOINT RightShoulder
				{
					OFFSET -0.081759 0.118833 -0.038615
					CHANNELS 3 Zrotation Yrotation Xrotation
					JOINT RightArm
					{
						OFFSET -0.096012 0.032551 -0.009143
						CHANNELS 3 Zrotation Yrotation Xrotation
						JOINT RightForeArm
						{
							OFFSET -0.253742 -0.013329 -0.021401
							CHANNELS 3 Zrotation Yrotation Xrotation
							JOINT RightHand
							{
								OFFSET -0.255298 0.007772 -0.005559
								CHANNELS 3 Zrotation Yrotation Xrotation
								End Site
								{
									OFFSET 0.000000 0.000000 0.000000
								}
							}
						}
					}
				}
			}
		}
	}
}
MOTION
Frames: 196
Frame Time: 0.050000
0.000000 0.921558 0.000000 -1.927524 -7.410062 -1.592828 11.374315 0.539767 -19.323605 -9.399610 3.175730 26.238881 11.234922 22.550777 2.609282 0.000000 0.000000 0.000000 -3.612283 0.247829 -1.829867 5.771250 -0.515928 10.286042 -6.908522 -16.125250 -2.094069 0.000000 0.000000 0.000000 7.718309 -0.984825 9.566286 -7.851611 2.428129 -23.900072 2.683457 15.049546 29.014120 9.063167 -0.892774 -33.160582 0.000000 0.000000 0.000000 -26.302310 -10.372814 0.945279 -59.700085 2.473641 -10.127272 -4.774993 -28.824543 2.210405 0.000000 0.000000 0.000000 29.168193 0.703007 2.868304 64.984089 13.752280 -2.157390 1.101855 31.521181 2.878049 0.000000 0.000000 0.000000 
-0.008071 0.923606 0.025468 -1.886792 -7.094521 -2.601088 10.523629 0.359686 -18.649669 -7.991009 2.464355 24.484101 9.475764 19.341071 1.723685 0.000000 0.000000 0.000000 -3.310806 -0.035238 2.256693 5.749910 -0.535666 7.872726 -6.569268 -15.374212 -1.683442 0.000000 0.000000 0.000000 7.225666 -0.837716 8.616843 -7.760368 2.408532 -24.216391 3.005993 14.983643 30.155556 6.635342 0.574075 -35.285429 0.000000 0.000000 0.000000 -27.429078 -8.351555 -0.480107 -56.966938 4.368291 -10.492761 -8.988450 -28.912028 3.280374 0.000000 0.000000 0.000000 30.447647 -0.083588 2.547169 65.423559 12.671350 -2.997895 1.782329 32.747907 3.328113 0.000000 0.000000 0.000000 
-0.011960 0.924938 0.051061 -1.928689 -7.829773 -3.829279 9.889748 0.262063 -16.225368 -5.997861 1.711221 22.741626 9.571897 19.440438 3.633312 0.000000 0.000000 0.000000 -3.490976 -0.235738 5.956136 5.570158 -0.500887 7.054133 -6.045987 -14.595492 0.578020 0.000000 0.000000 0.000000 6.373822 -0.610215 7.008540 -7.458887 2.332914 -24.153562 2.642295 17.197997 30.576586 7.343741 0.422821 -34.293070 0.000000 0.000000 0.000000 -23.984525 -7.535793 -1.071105 -58.750614 4.786278 -11.312682 -6.313836 -27.658422 2.376050 0.000000 0.000000 0.000000 31.993733 -0.727699 2.950061 63.796795 13.240117 -3.149579 2.862388 31.542924 3.526782 0.000000 0.000000 0.000000 
-0.010022 0.923492 0.075813 -2.733748 -9.124422 -4.094794 8.709410 0.098875 -12.336856 -3.800263 0.940901 19.853684 8.448720 17.455868 2.993750 0.000000 0.000000 0.000000 -3.476542 -0.293732 7.462716 5.322179 -0.441589 7.111808 -6.226007 -14.586382 -0.643959 0.000000 0.000000 0.000000 6.892190 -0.428513 4.932957 -8.415916 2.599353 -23.361652 3.888435 17.585003 31.007755 8.010878 -0.204206 -32.187551 0.000000 0.000000 0.000000 -24.956237 -5.883841 -2.131760 -57.420006 6.955172 -11.923542 -6.546089 -28.729685 2.528346 0.000000 0.000000 0.000000 31.875875 -2.466974 1.566905 64.892323 11.040241 -4.232682 3.984255 33.018461 4.176135 0.000000 0.000000 0.000000 
-0.001252 0.922390 0.096780 -2.891028 -10.493151 -5.063646 8.544028 0.143098 -7.383030 -3.651271 0.875270 17.410348 7.137511 15.038705 2.118519 0.000000 0.000000 0.000000 -4.848143 -0.117207 7.166984 5.729343 -0.440385 10.379106 -6.069229 -13.825293 -1.662764 0.000000 0.000000 0.000000 6.543496 -0.325709 4.191031 -7.800105 2.417146 -23.495893 3.420118 18.496721 31.445324 8.351264 -0.448136 -31.652820 0.000000 0.000000 0.000000 -24.324408 -4.170011 -2.983210 -56.098044 5.825077 -11.214519 -6.546391 -27.593789 2.424834 0.000000 0.000000 0.000000 32.893237 -2.814640 1.319664 63.493535 8.467942 -5.835126 5.571989 33.771773 4.729433 0.000000 0.000000 0.000000 
0.014688 0.921458 0.109248 -2.686346 -10.355597 -6.041431 7.823328 0.122830 -4.821368 -5.218996 1.286675 16.523351 7.631268 16.079126 0.768067 0.000000 0.000000 0.000000 -6.919718 0.107570 5.749849 6.115985 -0.439379 15.188109 -5.058235 -12.579748 1.545136 0.000000 0.000000 0.000000 5.390819 -0.324141 4.623290 -8.211811 2.541888 -23.420789 4.273696 17.416613 31.943730 8.044078 -0.275811 -33.069404 0.000000 0.000000 0.000000 -25.327164 -4.438973 -2.708668 -55.902971 4.154468 -10.385896 -4.548962 -27.360920 1.987945 0.000000 0.000000 0.000000 31.993651 -2.586413 1.101896 63.721593 6.967923 -6.520685 5.216178 34.195367 4.660423 0.000000 0.000000 0.000000 
0.034654 0.923911 0.112238 -2.130206 -9.543018 -6.209034 6.153491 0.011517 -3.972927 -5.731633 1.356091 15.695288 8.166825 17.124154 2.331358 0.000000 0.000000 0.000000 -9.688172 0.352873 -0.142805 8.009534 -0.772828 25.043413 -6.860781 -17.322234 5.304391 0.000000 0.000000 0.000000 3.884575 -0.393789 6.170525 -7.437121 2.342038 -23.707101 3.441941 16.516525 32.319174 8.107378 -0.212193 -34.738918 0.000000 0.000000 0.000000 -25.318802 -3.941848 -2.813610 -56.033406 2.926788 -9.962989 -4.178816 -28.310146 2.011472 0.000000 0.000000 0.000000 32.469668 -3.175839 0.588017 62.261658 5.647743 -7.324936 6.972471 37.189744 5.845391 0.000000 0.000000 0.000000 
0.054188 0.928474 0.108826 -1.773398 -8.961440 -5.453535 4.463998 -0.101557 -3.763372 -4.914121 1.036972 14.100775 7.976811 16.762133 2.847853 0.000000 0.000000 0.000000 -11.049983 0.431483 -6.369091 9.323127 -1.168464 31.639259 -10.164635 -23.831163 6.735992 0.000000 0.000000 0.000000 3.219928 -0.395260 6.477200 -7.191101 2.326126 -22.046511 2.578072 15.833558 31.436694 5.397660 1.052560 -34.190673 0.000000 0.000000 0.000000 -25.376232 -5.618085 -1.677753 -55.722423 2.495271 -9.667180 -4.575481 -30.365364 2.282670 0.000000 0.000000 0.000000 31.549149 -2.272498 0.976699 63.359324 3.972751 -8.020307 7.351444 40.327114 6.585508 0.000000 0.000000 0.000000 
0.070947 0.935672 0.103129 -2.016635 -8.906292 -4.897473 3.685252 -0.136288 -3.494810 -4.257710 0.779351 11.445900 7.905807 16.608524 5.841449 0.000000 0.000000 0.000000 -10.660088 0.514611 -10.429754 10.297261 -1.526432 33.991847 -12.968797 -28.692203 9.313299 0.000000 0.000000 0.000000 3.484710 -0.510292 8.057424 -7.599821 2.447888 -21.637428 2.768653 15.189486 31.152567 4.934157 1.296333 -35.656258 0.000000 0.000000 0.000000 -25.816248 -6.698946 -0.854602 -55.611148 1.543926 -9.224465 -4.657204 -32.203451 2.500534 0.000000 0.000000 0.000000 31.536795 -2.123976 0.807703 63.264206 3.115385 -8.392603 9.807034 42.884259 8.047568 0.000000 0.000000 0.000000 
0.084605 0.942823 0.097553 -2.128103 -8.556243 -4.322555 2.990741 -0.118964 -2.556793 -3.782616 0.573848 7.479446 7.459871 15.837407 7.210289 0.000000 0.000000 0.000000 -10.025970 0.617967 -13.058353 11.111795 -1.901853 33.689275 -12.909658 -28.481052 10.913374 0.000000 0.000000 0.000000 3.856668 -0.627488 9.447509 -8.209256 2.574269 -22.887421 2.733201 14.149823 31.955539 5.635796 0.765420 -35.231296 0.000000 0.000000 0.000000 -25.107258 -7.310127 0.005521 -56.391677 1.218927 -9.497710 -6.840344 -33.730578 3.409364 0.000000 0.000000 0.000000 31.946102 -2.300218 0.344018 63.600717 2.477998 -8.795409 11.917851 45.209918 9.473179 0.000000 0.000000 0.000000 
0.095883 0.947211 0.092361 -2.703366 -8.199427 -3.366789 3.540424 -0.059355 -1.763273 -4.207369 0.592759 4.148382 7.036871 15.142529 8.223724 0.000000 0.000000 0.000000 -7.874827 0.801955 -13.626640 12.333032 -2.373029 31.049994 -13.386351 -29.282412 10.852851 0.000000 0.000000 0.000000 4.919708 -0.731458 9.555862 -7.023813 2.277750 -21.963204 0.317220 14.200904 30.643095 7.951615 -0.576945 -33.158143 0.000000 0.000000 0.000000 -23.196259 -8.559727 0.862929 -58.514319 1.855159 -10.241314 -9.662865 -35.000525 4.411212 0.000000 0.000000 0.000000 34.037822 -2.923556 -0.120593 63.176877 2.149365 -8.941977 13.339122 47.197134 10.617998 0.000000 0.000000 0.000000 
0.105669 0.947862 0.087605 -2.161400 -7.453945 -2.592245 2.939109 -0.105242 -2.007956 -4.118856 0.550298 2.658585 6.262392 13.937298 10.021269 0.000000 0.000000 0.000000 -6.807372 0.930832 -14.573322 12.387354 -2.489503 30.932002 -13.067611 -28.845498 10.331820 0.000000 0.000000 0.000000 4.855567 -0.730606 9.393170 -7.154018 2.387779 -19.977523 -0.321813 11.332907 29.023301 7.344085 -0.706606 -32.729774 0.000000 0.000000 0.000000 -23.689126 -8.856484 1.776965 -59.411931 0.182694 -9.594739 -9.861414 -36.122147 4.858671 0.000000 0.000000 0.000000 33.364000 -0.673348 0.373912 64.338703 2.180283 -8.593465 13.545866 50.465865 11.182747 0.000000 0.000000 0.000000 
0.114873 0.947486 0.082126 -1.763394 -6.514805 -2.411675 1.977168 -0.191906 -2.737399 -3.831031 0.494974 2.658369 6.370698 14.221875 10.754347 0.000000 0.000000 0.000000 -6.790491 0.891990 -14.266367 12.379344 -2.648965 31.761129 -13.384599 -29.194654 11.501088 0.000000 0.000000 0.000000 4.564493 -0.841116 11.178834 -6.645076 2.237550 -20.710369 -0.501606 10.005733 29.739823 7.845152 -1.143468 -32.491097 0.000000 0.000000 0.000000 -23.798466 -11.007947 3.319572 -60.306469 -1.726557 -8.867178 -12.156186 -36.985285 5.868135 0.000000 0.000000 0.000000 32.975163 -1.705803 -0.696431 64.857766 3.451502 -7.885187 18.296117 51.995877 13.993332 0.000000 0.000000 0.000000 
0.123582 0.946579 0.075640 -1.612116 -7.007455 -2.025058 1.747035 -0.219799 -3.006997 -4.161471 0.553775 2.839376 6.830827 14.885556 9.586033 0.000000 0.000000 0.000000 -6.670066 0.914625 -14.134836 12.618101 -2.664728 32.014592 -13.172787 -28.828710 11.860832 0.000000 0.000000 0.000000 4.336647 -0.852853 11.699617 -5.334386 1.850521 -20.520090 -0.050387 8.289726 30.168181 5.647075 -0.370917 -32.159429 0.000000 0.000000 0.000000 -23.427315 -11.829472 4.547677 -63.349895 -4.868850 -7.767273 -14.971318 -38.432620 7.448365 0.000000 0.000000 0.000000 30.228300 0.960314 0.376892 68.147734 5.354115 -6.716920 19.507593 54.054261 15.011118 0.000000 0.000000 0.000000 
0.131556 0.945196 0.067594 -0.512423 -8.382533 -1.291250 0.192649 -0.430681 -4.814767 -4.445413 0.625304 3.374463 7.406402 15.739489 8.809175 0.000000 0.000000 0.000000 -7.598533 0.892311 -14.177831 11.237712 -1.936810 31.782480 -12.836794 -28.660374 8.844740 0.000000 0.000000 0.000000 5.175774 -0.909457 11.487531 -5.617482 1.901096 -20.476064 0.034132 8.158701 31.431682 5.825360 -0.836349 -30.559077 0.000000 0.000000 0.000000 -21.308778 -13.743067 6.028000 -66.306279 -8.612142 -6.112541 -17.336804 -41.155307 9.265847 0.000000 0.000000 0.000000 28.096482 4.413244 2.311359 71.370182 10.525760 -3.529139 17.491047 57.158908 14.970356 0.000000 0.000000 0.000000 
0.139302 0.942958 0.057277 0.979876 -9.242697 -0.136657 -1.459540 -0.736164 -7.142910 -4.669980 0.673782 3.303027 8.485370 17.496380 9.322508 0.000000 0.000000 0.000000 -8.812036 0.855732 -14.201763 9.467435 -1.192909 28.522354 -12.392137 -28.136082 6.421061 0.000000 0.000000 0.000000 5.643636 -1.076184 13.226255 -5.269497 1.771187 -20.960779 -0.742711 8.867434 31.086687 8.631042 -2.808434 -27.518238 0.000000 0.000000 0.000000 -19.118486 -16.887326 7.604381 -68.596052 -12.439865 -3.884078 -19.756950 -43.609487 10.986443 0.000000 0.000000 0.000000 27.863365 7.291209 4.182360 71.416505 15.916918 0.035856 21.211616 60.781356 18.474855 0.000000 0.000000 0.000000 
0.146306 0.940180 0.043040 2.933073 -10.685754 0.111455 -3.397408 -1.242314 -10.710563 -4.975961 0.806916 5.482820 8.990181 18.159026 10.255790 0.000000 0.000000 0.000000 -10.381310 0.803043 -13.756655 7.447894 -0.473613 25.001876 -11.085302 -25.757682 4.548201 0.000000 0.000000 0.000000 6.172045 -1.278008 15.963648 -5.346693 1.771510 -20.466996 -0.588923 9.692510 30.729550 10.414721 -3.929172 -27.035154 0.000000 0.000000 0.000000 -15.880408 -19.751730 8.747517 -71.268012 -17.625440 -0.418634 -20.627942 -47.463527 12.597529 0.000000 0.000000 0.000000 24.315908 10.440849 5.862222 75.190338 23.237181 5.943764 15.823867 62.851990 15.922601 0.000000 0.000000 0.000000 
0.152713 0.934688 0.023584 4.175456 -10.438894 1.559254 -4.948662 -1.832564 -14.830154 -4.688690 0.783538 6.949725 8.248374 16.868571 10.821799 0.000000 0.000000 0.000000 -11.293486 0.801545 -14.757650 5.568197 -0.081559 21.717923 -11.428110 -26.512435 2.793664 0.000000 0.000000 0.000000 6.899615 -1.626814 19.377758 -5.133919 1.716893 -20.130976 -0.058020 8.960831 30.551759 12.712542 -5.692112 -25.683614 0.000000 0.000000 0.000000 -16.404538 -22.073367 10.102359 -70.054346 -22.224879 2.627642 -19.213137 -50.442056 12.838154 0.000000 0.000000 0.000000 21.651591 11.858600 6.359305 77.208636 29.069063 10.945132 15.587956 65.314926 16.597293 0.000000 0.000000 0.000000 
0.158706 0.930438 -0.000041 4.816819 -11.133677 2.881383 -5.839167 -2.405745 -19.377418 -4.281521 0.781546 9.383545 8.334413 16.920723 10.480167 0.000000 0.000000 0.000000 -12.769434 0.853435 -18.430114 6.036134 -0.190510 21.329554 -11.999137 -27.695692 4.761467 0.000000 0.000000 0.000000 7.646377 -2.056456 24.391273 -4.289777 1.456080 -19.623060 0.217882 9.116856 30.583509 15.008379 -7.221980 -25.283496 0.000000 0.000000 0.000000 -17.343337 -24.591929 11.593412 -68.274806 -28.632192 6.651327 -14.326099 -52.372170 10.885424 0.000000 0.000000 0.000000 18.228966 14.257231 7.325357 80.401439 36.526145 18.351224 7.230694 63.201148 10.641856 0.000000 0.000000 0.000000 
0.163883 0.923680 -0.024213 4.866869 -11.650891 5.005141 -5.503797 -2.830451 -24.999940 -4.957669 1.025792 11.639004 8.272801 16.729154 10.913429 0.000000 0.000000 0.000000 -14.160741 0.898038 -22.796578 6.459429 -0.298238 21.304000 -11.849705 -27.630824 6.268514 0.000000 0.000000 0.000000 8.400264 -2.508577 28.993286 -4.038969 1.368413 -19.099159 0.970953 10.336061 29.671335 16.494140 -8.104782 -24.320948 0.000000 0.000000 0.000000 -16.009592 -27.863006 12.719428 -68.020006 -34.445960 10.609136 -7.704091 -52.828914 7.352469 0.000000 0.000000 0.000000 15.607533 14.030293 7.210182 82.276134 40.179334 22.871625 3.232902 63.357062 8.456793 0.000000 0.000000 0.000000 
0.167321 0.917509 -0.044940 4.946470 -12.070720 7.578932 -5.081730 -3.078388 -30.167894 -5.424885 1.214449 13.265837 8.470020 16.989906 11.570881 0.000000 0.000000 0.000000 -15.435465 0.937097 -27.771988 6.991928 -0.439245 21.622532 -11.189746 -26.757643 7.239257 0.000000 0.000000 0.000000 8.957676 -2.916366 33.020822 -3.470628 1.180940 -18.602096 0.527557 10.371372 28.800714 18.341628 -8.998143 -24.790073 0.000000 0.000000 0.000000 -14.819077 -29.090765 13.114430 -69.739582 -38.395125 14.011152 -2.093367 -51.481130 4.393420 0.000000 0.000000 0.000000 14.172082 13.966308 7.047953 82.788485 41.674900 24.708204 2.962593 63.621524 8.255552 0.000000 0.000000 0.000000 
0.168819 0.910654 -0.061280 4.872783 -13.772597 10.410525 -4.382481 -2.999406 -35.590568 -5.722678 1.422647 14.928498 8.448720 16.763618 12.904424 0.000000 0.000000 0.000000 -16.611689 1.127763 -32.588061 7.465824 -0.521984 20.577818 -10.365722 -25.710471 8.760267 0.000000 0.000000 0.000000 8.644197 -2.829742 36.347718 -2.732655 0.930365 -18.949363 0.649553 12.069506 28.701077 20.628391 -10.066787 -25.238232 0.000000 0.000000 0.000000 -14.003695 -31.303188 13.884315 -70.438503 -41.769239 16.679625 1.727642 -48.380856 2.243621 0.000000 0.000000 0.000000 13.178757 13.319495 6.876986 83.235943 42.256389 25.826971 2.016938 62.280117 7.641732 0.000000 0.000000 0.000000 
0.167958 0.903822 -0.073269 4.632752 -15.301978 12.862072 -3.519193 -2.625563 -40.296061 -6.171645 1.759562 17.450862 9.779486 18.608424 14.258325 0.000000 0.000000 0.000000 -17.507158 1.362789 -36.634920 8.392697 -0.713111 19.423770 -10.142273 -25.744711 9.628005 0.000000 0.000000 0.000000 8.478287 -2.686945 39.732574 -2.838381 0.933764 -20.419438 0.892987 11.812112 29.413650 21.172318 -9.642320 -27.759527 0.000000 0.000000 0.000000 -12.733294 -32.529419 14.454953 -72.375976 -44.241905 19.450485 5.179635 -45.575273 0.750878 0.000000 0.000000 0.000000 12.646902 12.282495 6.232699 83.985247 41.704116 25.592786 0.765211 61.444788 6.723219 0.000000 0.000000 0.000000 
0.164796 0.895819 -0.082207 3.985796 -17.091256 14.897003 -2.293802 -1.850808 -43.642253 -6.499942 2.101050 19.594051 10.377533 19.406680 13.242461 0.000000 0.000000 0.000000 -17.639921 1.845300 -40.317818 9.097463 -0.806197 19.327146 -9.452900 -25.029339 9.863130 0.000000 0.000000 0.000000 8.618999 -2.505195 42.667474 -2.533880 0.820163 -20.887794 -0.393450 11.274882 29.133670 21.505735 -9.885436 -27.687027 0.000000 0.000000 0.000000 -12.097154 -33.810289 15.215781 -73.102008 -46.099840 21.540436 8.113274 -43.134050 -0.404182 0.000000 0.000000 0.000000 12.504026 12.026965 5.959770 84.836486 40.570078 24.794888 -0.109274 61.934610 6.194591 0.000000 0.000000 0.000000 
0.159368 0.887049 -0.088956 3.468921 -19.248664 16.571506 -0.715256 -0.664432 -46.685100 -7.190502 2.629845 21.661748 10.688660 19.719324 12.678875 0.000000 0.000000 0.000000 -18.049961 2.410589 -43.929478 10.248871 -0.978689 20.054786 -9.800792 -26.232000 9.596510 0.000000 0.000000 0.000000 8.612277 -2.073490 45.628114 -2.496647 0.778044 -21.760533 -1.236421 9.564387 28.766279 21.214172 -9.684660 -28.301620 0.000000 0.000000 0.000000 -12.063013 -35.070047 16.365755 -71.998137 -48.582953 23.540268 10.335860 -40.404189 -1.181880 0.000000 0.000000 0.000000 12.380955 11.663538 5.375091 85.621155 38.535164 22.772723 3.780216 62.801079 8.262776 0.000000 0.000000 0.000000 
0.152165 0.879615 -0.094203 2.648583 -21.641490 17.757142 0.775783 0.733553 -48.942910 -7.133844 3.116176 24.892951 11.067720 20.266999 10.563546 0.000000 0.000000 0.000000 -17.678648 3.321155 -47.245002 11.239197 -1.086960 21.583985 -8.878648 -25.083625 8.818778 0.000000 0.000000 0.000000 9.201180 -1.701908 48.891751 -2.404888 0.722546 -22.234796 -2.932892 6.878294 28.146786 20.265948 -9.359095 -28.342699 0.000000 0.000000 0.000000 -9.206371 -35.264456 16.148424 -72.992694 -50.861316 26.735453 12.593073 -37.634766 -1.884153 0.000000 0.000000 0.000000 11.950911 12.038587 4.927655 87.100751 36.108461 20.384163 7.336010 63.677917 9.946315 0.000000 0.000000 0.000000 
0.143928 0.872911 -0.097990 2.009955 -24.199427 19.158660 2.037441 2.199822 -50.665069 -7.343088 3.608590 26.724222 11.829280 21.313628 9.831422 0.000000 0.000000 0.000000 -16.974298 4.487476 -50.345012 11.396959 -0.986200 22.918890 -8.815862 -25.559727 7.597818 0.000000 0.000000 0.000000 9.130394 -0.915689 51.115821 -1.901480 0.583159 -23.409880 -4.555400 4.063098 28.544544 19.586009 -9.148812 -29.081929 0.000000 0.000000 0.000000 -7.682457 -36.089410 16.608466 -71.160017 -53.432093 28.656527 14.363052 -33.829404 -2.322756 0.000000 0.000000 0.000000 13.936640 12.668119 4.546093 86.369537 32.993421 16.237573 16.132978 65.375527 15.142934 0.000000 0.000000 0.000000 
0.135436 0.868646 -0.099949 1.430854 -26.690461 20.278221 2.872751 3.660082 -52.514836 -7.223533 4.123308 29.422371 12.055404 21.593808 8.642044 0.000000 0.000000 0.000000 -16.884835 5.589159 -53.274918 12.240652 -1.057593 24.119340 -8.234280 -24.968800 6.544126 0.000000 0.000000 0.000000 9.971790 -0.500120 53.120211 -1.813239 0.524011 -23.775114 -7.120566 -0.614377 28.866338 17.984589 -9.268997 -27.540438 0.000000 0.000000 0.000000 -6.536565 -35.282276 16.645407 -69.405372 -55.608040 30.530203 15.703309 -30.499038 -2.524390 0.000000 0.000000 0.000000 15.245853 13.542917 3.529895 86.107608 28.584292 10.922004 31.074477 65.925452 23.435197 0.000000 0.000000 0.000000 
0.126748 0.863894 -0.099410 0.549961 -29.227737 21.966422 3.670538 5.217983 -54.071486 -7.365710 4.910529 32.547369 12.771455 22.783884 7.216028 0.000000 0.000000 0.000000 -16.368782 6.885540 -55.661336 12.342304 -0.937179 24.624720 -7.472850 -23.848092 5.245040 0.000000 0.000000 0.000000 10.460191 0.026704 53.956073 -1.309675 0.377458 -24.202898 -9.296362 -3.750059 29.524441 16.730996 -9.042554 -27.565983 0.000000 0.000000 0.000000 -4.259375 -35.345477 16.301796 -67.666705 -57.962446 32.534901 16.380699 -26.345834 -2.527317 0.000000 0.000000 0.000000 18.376035 13.478224 1.767290 83.750694 22.381134 4.815995 50.830950 65.249940 34.555497 0.000000 0.000000 0.000000 
0.117535 0.858768 -0.096109 -0.292576 -32.041969 22.911394 4.547652 6.889594 -54.772493 -8.315788 6.412868 36.060917 13.509926 24.039358 5.748048 0.000000 0.000000 0.000000 -16.150270 8.281800 -57.970147 13.233330 -0.955933 26.664189 -6.768662 -22.498477 3.450356 0.000000 0.000000 0.000000 11.432019 0.634676 55.928564 -1.454790 0.380099 -24.988101 -12.077374 -8.577189 30.369091 13.996262 -8.326408 -27.359052 0.000000 0.000000 0.000000 -3.128785 -34.433889 16.135812 -64.612618 -58.745397 32.432511 16.332791 -23.311365 -2.377102 0.000000 0.000000 0.000000 21.189351 14.238858 -0.676221 81.263552 14.754056 -1.236141 62.623964 60.756135 36.084894 0.000000 0.000000 0.000000 
0.107768 0.850979 -0.090010 -1.527699 -34.334984 23.893878 5.615682 8.652132 -55.649506 -8.522810 7.742482 40.143891 13.708387 24.583669 3.973626 0.000000 0.000000 0.000000 -16.221512 9.357164 -59.656967 14.275241 -1.057836 27.890577 -6.603778 -22.334065 2.321233 0.000000 0.000000 0.000000 12.485150 1.025236 57.523736 -1.526624 0.374390 -26.090719 -14.393364 -12.332762 30.951619 11.714124 -7.598699 -27.961711 0.000000 0.000000 0.000000 -3.399098 -34.015801 16.710496 -60.394487 -59.269087 30.790568 15.128848 -20.169153 -2.018052 0.000000 0.000000 0.000000 24.352997 15.169334 -3.151581 78.039027 6.850946 -5.637265 72.680002 57.517724 36.967219 0.000000 0.000000 0.000000 
0.097668 0.843639 -0.081911 -2.504116 -36.970216 24.669768 6.232278 10.505704 -56.753669 -7.743038 8.699715 44.542169 13.418267 24.124417 2.694026 0.000000 0.000000 0.000000 -16.174323 10.781238 -61.713659 15.488325 -1.155366 30.852680 -6.632638 -22.633231 0.780631 0.000000 0.000000 0.000000 13.189134 1.760411 58.792502 -1.448111 0.326843 -26.486994 -17.020171 -15.949795 31.568948 9.966670 -6.933283 -29.858533 0.000000 0.000000 0.000000 -3.139288 -33.581601 17.025654 -56.779890 -59.009264 29.006488 14.443313 -18.453497 -1.836452 0.000000 0.000000 0.000000 27.073587 15.661494 -6.251998 74.116016 -0.786466 -8.506445 77.223459 54.285446 34.091599 0.000000 0.000000 0.000000 
0.087598 0.837916 -0.072474 -3.577813 -38.693265 25.492040 6.479199 11.767579 -57.603986 -6.632465 9.135739 48.137094 13.304411 24.040145 1.486621 0.000000 0.000000 0.000000 -15.992436 11.845798 -63.025667 16.174541 -1.181697 32.825317 -6.815322 -23.397679 -0.384147 0.000000 0.000000 0.000000 13.636388 2.140219 59.036100 -1.709789 0.311287 -26.299701 -19.098094 -19.233533 31.689548 7.705523 -6.371970 -30.016379 0.000000 0.000000 0.000000 -5.698231 -32.876626 18.802980 -50.841753 -58.293208 24.651217 12.557053 -17.703705 -1.545537 0.000000 0.000000 0.000000 30.959772 16.545786 -9.569609 69.562040 -8.954599 -10.233929 81.164416 52.532082 32.997781 0.000000 0.000000 0.000000 
0.077877 0.836636 -0.062380 -4.242762 -40.324047 25.957045 6.565934 12.616089 -57.784413 -5.875921 9.652990 50.778111 12.625714 23.077654 -0.184986 0.000000 0.000000 0.000000 -16.008091 12.680605 -63.945937 17.209980 -1.305416 34.816394 -6.866401 -23.758957 -0.962836 0.000000 0.000000 0.000000 13.884680 2.614282 59.148125 -2.068736 0.349420 -26.096050 -21.268825 -21.562303 31.889524 6.488055 -5.964563 -31.416112 0.000000 0.000000 0.000000 -7.539103 -31.857093 19.938738 -47.648445 -56.540545 21.429639 11.661606 -18.371927 -1.435859 0.000000 0.000000 0.000000 33.015866 15.941612 -12.691497 66.475112 -15.415505 -11.786870 86.047766 49.817832 32.630166 0.000000 0.000000 0.000000 
0.068372 0.838793 -0.052093 -4.786699 -40.943624 26.260489 6.769853 12.811995 -57.143593 -5.966294 10.094745 51.162211 13.192872 24.079806 -0.160540 0.000000 0.000000 0.000000 -15.391622 13.042161 -63.446664 16.942477 -1.068873 34.749921 -6.712716 -23.439051 -0.735835 0.000000 0.000000 0.000000 13.256370 3.030823 58.388831 -2.271126 0.369985 -26.202117 -22.070385 -23.016267 31.543407 5.541916 -5.804515 -31.356601 0.000000 0.000000 0.000000 -10.893494 -29.962562 21.428467 -45.774943 -55.193049 18.791594 9.492156 -19.611416 -1.123380 0.000000 0.000000 0.000000 35.107458 15.717986 -14.939863 62.923805 -20.410440 -12.284153 89.104584 47.721287 32.625733 0.000000 0.000000 0.000000 
0.059335 0.845135 -0.042167 -4.474649 -41.048201 25.025637 7.402140 12.269602 -54.731032 -6.931613 11.010369 50.310702 13.993872 25.155929 1.664134 0.000000 0.000000 0.000000 -13.718044 12.997286 -61.110304 16.102991 -0.569989 34.428371 -6.725702 -23.103228 -0.046337 0.000000 0.000000 0.000000 12.761751 3.144533 57.359878 -2.655342 0.433796 -25.490218 -23.070346 -23.653477 31.400154 6.399477 -5.847731 -34.522260 0.000000 0.000000 0.000000 -12.782135 -28.800286 22.045582 -45.800917 -53.052538 17.084341 7.745254 -21.657007 -0.834341 0.000000 0.000000 0.000000 35.756623 14.963894 -16.203273 62.039357 -22.994094 -13.102471 94.882958 46.638072 35.261736 0.000000 0.000000 0.000000 
0.050664 0.852700 -0.032654 -4.209922 -40.340233 23.984842 7.307687 11.083412 -52.513528 -7.910664 11.356199 48.329801 15.312586 27.243717 2.882713 0.000000 0.000000 0.000000 -11.601722 12.731140 -58.323412 14.725259 -0.026299 33.651125 -6.687450 -22.523933 0.613285 0.000000 0.000000 0.000000 11.724508 2.972182 54.893677 -3.048554 0.522354 -25.021869 -23.115144 -23.172012 31.317328 7.293536 -5.900705 -36.835492 0.000000 0.000000 0.000000 -15.117895 -27.122449 22.521463 -47.101885 -50.914951 15.753306 5.729096 -24.727983 -0.358166 0.000000 0.000000 0.000000 35.541578 13.413734 -17.122296 62.401189 -24.513587 -14.317392 102.050235 42.220656 34.668462 0.000000 0.000000 0.000000 
0.042384 0.861515 -0.023752 -4.210726 -39.331297 22.875902 7.710446 10.056274 -50.023038 -8.546459 11.517901 46.818230 16.397824 28.594780 5.121872 0.000000 0.000000 0.000000 -9.679039 12.195401 -55.407907 13.298904 0.442322 32.841998 -6.743141 -22.101710 1.069874 0.000000 0.000000 0.000000 10.698707 2.653630 52.163241 -3.992805 0.733179 -24.455796 -22.575331 -21.484633 30.997928 8.907194 -5.505178 -40.776731 0.000000 0.000000 0.000000 -16.613829 -26.081103 22.473430 -49.787536 -47.858586 14.681609 2.994655 -26.711260 0.402604 0.000000 0.000000 0.000000 34.847203 11.226131 -17.358811 63.658899 -24.059260 -15.256084 112.040292 40.378349 39.720629 0.000000 0.000000 0.000000 
0.034827 0.868559 -0.015733 -4.330250 -37.352137 20.902764 8.164063 8.527045 -46.624080 -8.819120 11.256660 45.226414 16.521830 29.082324 5.224961 0.000000 0.000000 0.000000 -7.228571 11.358561 -51.792589 12.084434 0.835023 33.000136 -6.860265 -21.750395 1.780674 0.000000 0.000000 0.000000 9.401608 2.210480 49.311515 -3.923687 0.753327 -24.141244 -21.679359 -19.028343 30.915526 9.450294 -5.632180 -40.728331 0.000000 0.000000 0.000000 -17.494329 -25.189765 21.787970 -52.728517 -44.837409 13.709391 0.764365 -27.440178 1.097158 0.000000 0.000000 0.000000 34.421151 8.719786 -17.200033 63.958577 -22.630557 -15.416735 126.747914 37.549587 50.217772 0.000000 0.000000 0.000000 
0.028052 0.875357 -0.008913 -4.068990 -35.130574 18.318571 8.271940 6.668278 -42.670054 -9.160607 10.785827 43.144497 16.878889 30.006268 5.520471 0.000000 0.000000 0.000000 -4.463400 10.083067 -47.012390 9.772144 1.433063 32.268467 -6.948579 -20.521637 0.692503 0.000000 0.000000 0.000000 8.029475 1.660891 45.758532 -3.748652 0.755941 -23.885258 -20.388054 -15.200935 30.976000 11.709437 -5.684592 -43.054162 0.000000 0.000000 0.000000 -20.503694 -25.323826 22.471375 -52.985712 -40.835021 10.446481 -1.921105 -27.546638 1.789685 0.000000 0.000000 0.000000 34.382377 6.799895 -16.069493 65.294049 -19.674923 -15.209434 141.677311 37.158049 72.243011 0.000000 0.000000 0.000000 
0.022443 0.882108 -0.003259 -3.727819 -32.083071 16.027545 7.737083 4.736522 -39.069328 -9.051240 9.827404 41.309630 16.319384 29.775214 4.837046 0.000000 0.000000 0.000000 -3.645244 8.585673 -43.438243 9.183253 1.348598 31.714926 -7.471846 -21.423896 2.007598 0.000000 0.000000 0.000000 7.512719 0.808847 42.783115 -4.002285 0.907877 -25.183852 -19.586072 -12.545053 32.705160 13.541210 -6.169498 -44.185329 0.000000 0.000000 0.000000 -24.022369 -24.698198 23.141391 -51.666610 -37.962174 7.299565 -2.435813 -27.528380 1.970897 0.000000 0.000000 0.000000 34.165001 4.998129 -15.351702 65.716882 -15.798587 -14.076708 151.924459 36.731871 93.933057 0.000000 0.000000 0.000000 
0.018351 0.890805 0.001435 -2.808192 -28.977332 13.881534 6.554706 2.779004 -34.958368 -8.566839 8.189096 37.990144 16.128834 30.060386 4.552748 0.000000 0.000000 0.000000 -2.891233 6.986404 -39.078274 7.208402 1.415846 29.190294 -7.362597 -20.230436 1.701330 0.000000 0.000000 0.000000 7.023324 0.017830 39.074816 -5.156138 1.235346 -24.785705 -17.691066 -10.413944 32.962347 15.185243 -6.122365 -45.849403 0.000000 0.000000 0.000000 -25.590574 -24.961352 23.235641 -52.069307 -35.539779 5.779344 -2.136736 -26.704111 1.829390 0.000000 0.000000 0.000000 33.457195 3.187343 -14.442830 66.667867 -11.050304 -12.504096 160.396788 35.131715 114.858480 0.000000 0.000000 0.000000 
0.016031 0.900593 0.005887 -2.039324 -25.899368 11.420486 4.914464 1.105933 -30.385018 -8.176180 6.658217 34.329856 14.893137 28.523234 4.027524 0.000000 0.000000 0.000000 -2.440077 5.637087 -34.979195 5.577903 1.454408 27.337437 -7.278015 -19.909367 3.344758 0.000000 0.000000 0.000000 6.715314 -0.579486 35.693746 -5.073592 1.300990 -24.782640 -16.150958 -7.218477 33.770259 15.855770 -6.121794 -46.502280 0.000000 0.000000 0.000000 -27.176597 -24.551622 22.397788 -52.525813 -32.650348 4.059134 -2.008440 -26.330808 1.827826 0.000000 0.000000 0.000000 32.956983 1.790022 -12.649042 66.838305 -3.623817 -9.314656 168.059454 37.753302 143.965395 0.000000 0.000000 0.000000 
0.015188 0.910370 0.010583 -1.297785 -23.094665 9.745068 3.335409 -0.029785 -25.971031 -7.601710 5.045611 29.895896 14.521545 28.235421 4.063171 0.000000 0.000000 0.000000 -2.804836 4.393624 -31.070580 4.165191 1.328047 24.509750 -6.967458 -18.808434 3.679534 0.000000 0.000000 0.000000 6.288380 -1.002311 31.340955 -5.436938 1.453006 -23.955211 -13.104198 -4.192094 33.483926 14.861864 -4.748770 -48.562312 0.000000 0.000000 0.000000 -26.798788 -23.745589 20.446820 -55.581289 -29.746609 3.365362 -2.113367 -26.190516 1.962996 0.000000 0.000000 0.000000 31.446628 0.324646 -10.731243 66.574911 4.482222 -5.494755 174.383478 41.269772 167.245197 0.000000 0.000000 0.000000 
0.015146 0.918059 0.015515 -0.433235 -19.725376 7.490392 1.526313 -0.823993 -20.957613 -6.698747 3.529132 25.612394 13.221927 26.140148 4.209577 0.000000 0.000000 0.000000 -3.034585 3.327162 -26.947160 2.963691 1.192976 22.116363 -7.253307 -19.164541 4.518862 0.000000 0.000000 0.000000 6.605629 -1.422677 28.836662 -5.962190 1.668746 -24.271691 -11.023216 -2.197274 33.807248 13.398640 -3.717342 -49.419640 0.000000 0.000000 0.000000 -25.448232 -22.390510 17.785317 -58.628467 -26.536068 2.449880 -2.988502 -27.238805 2.394625 0.000000 0.000000 0.000000 31.168984 -0.504369 -9.136812 63.312489 11.322735 -2.007657 -177.388651 46.324859 -168.569578 0.000000 0.000000 0.000000 
0.015254 0.923248 0.020088 -0.004360 -16.614441 5.590903 0.449714 -1.050318 -16.083780 -6.405964 2.552917 21.246763 12.142394 24.592111 3.348222 0.000000 0.000000 0.000000 -3.298379 2.433658 -22.485502 2.505566 0.881620 19.198806 -7.736867 -19.896163 5.304917 0.000000 0.000000 0.000000 6.374063 -1.558440 25.585829 -5.768329 1.692207 -24.149200 -8.456101 -0.168813 33.416239 10.751452 -2.284099 -50.072602 0.000000 0.000000 0.000000 -24.860686 -20.622663 15.223479 -59.827641 -22.267798 0.484048 -5.581274 -27.400940 3.070815 0.000000 0.000000 0.000000 32.193128 -1.369644 -8.088807 59.882700 15.206187 -0.267591 -169.465764 51.934874 -151.140273 0.000000 0.000000 0.000000 
0.014907 0.926409 0.024065 0.255349 -13.521247 4.160579 -0.824114 -1.076891 -12.354547 -5.187632 1.643817 18.474080 10.927213 22.483243 2.846659 0.000000 0.000000 0.000000 -3.609717 1.830565 -18.888027 2.602690 0.541777 16.680418 -8.736932 -21.551773 5.291929 0.000000 0.000000 0.000000 6.947414 -1.751812 22.484158 -6.248603 1.865741 -24.701537 -6.612521 -0.299618 33.613313 8.186381 -1.461918 -49.109716 0.000000 0.000000 0.000000 -25.352560 -18.081218 13.226968 -59.491922 -17.906207 -1.963430 -8.044908 -27.741457 3.754992 0.000000 0.000000 0.000000 33.276709 -2.387811 -8.203397 58.885203 14.099584 -1.045217 -168.101773 56.316639 -149.933374 0.000000 0.000000 0.000000 
0.014145 0.928229 0.027363 0.525365 -11.143800 2.709438 -1.593520 -0.935681 -9.358904 -4.589229 1.172557 16.186142 9.719331 20.366114 1.426696 0.000000 0.000000 0.000000 -4.255795 1.358279 -15.524469 2.405441 0.351320 14.146689 -9.187971 -22.301392 6.133853 0.000000 0.000000 0.000000 7.191540 -1.748540 20.017791 -6.668387 2.006037 -25.268641 -5.329024 -0.659135 33.131179 6.108275 -0.666152 -48.477040 0.000000 0.000000 0.000000 -24.782203 -15.058278 10.810088 -59.431480 -14.015090 -3.880073 -10.559011 -27.296846 4.321616 0.000000 0.000000 0.000000 34.538145 -3.839724 -9.031667 60.674463 10.660692 -2.815538 -171.681969 62.777299 -158.485931 0.000000 0.000000 0.000000 
0.013565 0.928592 0.029985 0.845208 -9.461760 1.468672 -2.323812 -0.694565 -6.290504 -3.885223 0.769202 13.085798 8.740364 18.421329 1.449469 0.000000 0.000000 0.000000 -4.940193 1.016117 -12.502753 2.594337 0.161044 11.950176 -9.883387 -23.452948 5.675912 0.000000 0.000000 0.000000 7.137880 -1.591913 17.338381 -6.732937 2.049116 -25.984697 -4.547653 -1.114116 32.901249 4.563248 -0.188727 -47.007830 0.000000 0.000000 0.000000 -25.002710 -12.619569 9.119376 -58.336759 -9.626853 -6.038986 -12.728198 -27.067074 4.810037 0.000000 0.000000 0.000000 35.986662 -5.985589 -10.783788 62.081518 4.370506 -6.093004 178.559727 69.172355 -174.862214 0.000000 0.000000 0.000000 
0.013397 0.928312 0.031585 0.847808 -7.460896 0.377794 -2.441179 -0.480744 -4.258611 -3.901742 0.656723 11.399197 7.913224 16.740729 0.305585 0.000000 0.000000 0.000000 -5.174072 0.838345 -10.788754 2.748701 0.061475 11.342893 -10.414783 -24.411917 5.718025 0.000000 0.000000 0.000000 7.007615 -1.405920 14.768988 -6.661226 2.067267 -25.909582 -3.986960 -1.853631 32.473205 2.984327 0.464461 -46.701330 0.000000 0.000000 0.000000 -23.905936 -10.790410 7.627006 -59.456574 -6.962566 -7.268746 -13.524725 -26.487975 4.918218 0.000000 0.000000 0.000000 36.559291 -7.611908 -11.938705 64.992035 -1.450356 -9.534978 157.077462 76.250088 157.525757 0.000000 0.000000 0.000000 
0.013730 0.927779 0.032323 0.888107 -6.670403 -0.196932 -2.746671 -0.331794 -2.870473 -3.657412 0.545819 9.691405 7.549201 15.971307 0.100750 0.000000 0.000000 0.000000 -5.536497 0.727953 -9.599448 3.403921 -0.084860 11.191382 -11.007550 -25.519698 5.309924 0.000000 0.000000 0.000000 7.410431 -1.304706 12.973951 -7.266636 2.214045 -26.220687 -3.203586 -1.780642 32.740285 2.063416 0.859650 -46.373972 0.000000 0.000000 0.000000 -23.980989 -10.048479 6.999622 -59.287968 -5.178773 -8.133472 -14.341569 -26.827962 5.190182 0.000000 0.000000 0.000000 37.566351 -8.627008 -12.751482 67.490036 -5.535654 -12.286488 122.670498 80.993344 120.902796 0.000000 0.000000 0.000000 
0.014254 0.927228 0.032397 0.997832 -6.823145 -0.682989 -2.847562 -0.229354 -1.947776 -3.455645 0.490139 8.491633 7.015562 14.888081 -0.049624 0.000000 0.000000 0.000000 -6.387501 0.687592 -9.548012 3.935356 -0.149130 12.475760 -11.527971 -26.487402 5.281561 0.000000 0.000000 0.000000 7.617725 -1.206666 11.812856 -7.672839 2.307779 -26.335083 -2.906314 -1.624531 32.825529 1.342264 1.143462 -46.302226 0.000000 0.000000 0.000000 -24.043690 -9.561271 6.715272 -59.556136 -4.393808 -8.568786 -13.580722 -27.496100 5.169190 0.000000 0.000000 0.000000 38.469109 -8.358891 -12.825016 69.064486 -7.919107 -13.949463 70.778663 80.756573 67.765870 0.000000 0.000000 0.000000 
0.014849 0.927155 0.032070 1.092897 -6.939150 -1.036287 -2.956664 -0.185844 -1.549060 -3.475163 0.486800 7.713659 6.792749 14.463127 0.567571 0.000000 0.000000 0.000000 -7.556906 0.658904 -9.999255 4.823314 -0.293536 13.964145 -11.643427 -26.686721 5.653666 0.000000 0.000000 0.000000 7.869066 -1.202429 11.616047 -8.177621 2.426782 -26.376929 -2.441540 -1.155594 32.705731 0.933789 1.330070 -45.784568 0.000000 0.000000 0.000000 -24.236068 -9.960942 6.831685 -59.579259 -4.885668 -8.296760 -12.402969 -27.859366 4.919476 0.000000 0.000000 0.000000 39.676014 -7.224636 -12.087249 70.018606 -6.770954 -13.409439 29.602402 76.991768 28.860320 0.000000 0.000000 0.000000 
0.015252 0.927413 0.031216 1.076003 -7.926407 -1.748212 -2.973460 -0.024240 -0.146946 -3.679702 0.524319 6.136915 6.703997 14.370994 1.483977 0.000000 0.000000 0.000000 -8.368890 0.638529 -10.008432 4.469407 -0.157489 15.006213 -11.446559 -26.272032 5.903180 0.000000 0.000000 0.000000 8.219153 -1.204042 11.633319 -8.378797 2.472122 -26.343493 -2.396553 -0.678307 32.467295 0.766743 1.412971 -46.102447 0.000000 0.000000 0.000000 -23.888966 -10.722791 7.288441 -59.942277 -6.340975 -7.572324 -11.443105 -28.075413 4.715393 0.000000 0.000000 0.000000 39.649607 -5.734527 -10.961617 69.871016 -4.882083 -12.192836 18.053957 71.642590 17.619963 0.000000 0.000000 0.000000 
0.015266 0.927723 0.029803 0.815692 -8.782454 -2.016351 -2.475788 -0.008270 0.012118 -4.178721 0.626520 5.756427 7.198181 15.395990 2.089712 0.000000 0.000000 0.000000 -9.169201 0.637293 -10.293603 4.800397 -0.168365 16.014275 -11.356005 -26.077532 6.299796 0.000000 0.000000 0.000000 8.721766 -1.244245 11.778324 -8.653944 2.551371 -25.862224 -2.050825 -0.006822 32.333361 0.830467 1.426445 -46.188985 0.000000 0.000000 0.000000 -23.502549 -12.588804 8.264991 -59.737357 -8.698423 -6.299668 -11.013729 -28.686191 4.667867 0.000000 0.000000 0.000000 39.336267 -3.545448 -9.032230 69.779436 -1.142723 -9.930236 8.125903 65.388336 9.299918 0.000000 0.000000 0.000000 
0.014394 0.927727 0.027422 0.544088 -10.789870 -1.914126 -2.310883 -0.044493 -0.251684 -4.190682 0.665254 5.746021 8.043074 17.143967 2.123254 0.000000 0.000000 0.000000 -10.266476 0.702767 -11.616754 4.918289 -0.040888 17.922563 -10.739592 -24.973261 6.660182 0.000000 0.000000 0.000000 9.093259 -1.326715 12.621743 -8.341223 2.445941 -25.944916 -1.843789 1.117133 32.367826 1.676855 1.133895 -46.748155 0.000000 0.000000 0.000000 -23.510913 -14.586857 9.521458 -59.385743 -12.706967 -4.238593 -9.167861 -28.836428 4.175791 0.000000 0.000000 0.000000 38.462281 -0.921327 -6.843701 69.820818 3.865448 -6.889490 0.903292 59.575726 4.140239 0.000000 0.000000 0.000000 
0.012359 0.926767 0.023844 0.443840 -12.720536 -2.106926 -1.757755 -0.114804 -0.874391 -4.828713 0.859894 6.655784 8.707919 18.528379 2.092001 0.000000 0.000000 0.000000 -12.143929 0.734102 -12.821700 5.471437 0.024265 20.269447 -10.278104 -24.206031 7.296417 0.000000 0.000000 0.000000 9.449513 -1.427744 13.863802 -7.653858 2.273477 -25.251911 -1.976383 2.165484 32.010447 1.760219 1.097705 -46.747272 0.000000 0.000000 0.000000 -22.528480 -17.118464 10.831965 -59.396889 -16.906343 -1.936557 -7.372881 -29.271554 3.725303 0.000000 0.000000 0.000000 36.850628 2.417197 -4.039280 70.194087 9.727381 -3.286458 -7.290313 52.410337 -0.453339 0.000000 0.000000 0.000000 
0.008468 0.922065 0.018824 0.264634 -14.984300 -2.217968 -0.944961 -0.266791 -2.486973 -5.467189 1.199905 9.547827 9.575261 20.523466 0.868373 0.000000 0.000000 0.000000 -14.264029 0.787902 -14.233985 5.678731 0.190252 22.017159 -9.915688 -23.740523 9.033741 0.000000 0.000000 0.000000 10.405581 -1.663298 16.138496 -8.110340 2.355342 -25.250228 -1.353884 2.517406 31.830907 1.686378 1.083862 -47.521238 0.000000 0.000000 0.000000 -22.666543 -18.898920 12.125159 -58.224745 -21.294980 0.332736 -5.498177 -29.971436 3.277168 0.000000 0.000000 0.000000 35.892045 5.605880 -2.024871 69.727893 14.479274 -0.155358 -10.798032 45.624999 -2.051045 0.000000 0.000000 0.000000 
0.002154 0.914773 0.011891 0.132074 -16.405557 -2.157692 0.395129 -0.392537 -4.672551 -6.485859 1.745983 12.719815 9.975729 21.595946 -0.435238 0.000000 0.000000 0.000000 -16.506920 0.810184 -15.654409 5.876594 0.323717 23.713246 -9.453624 -23.150714 10.378679 0.000000 0.000000 0.000000 10.962340 -1.911480 19.004614 -7.330651 2.140152 -25.024361 -1.727736 3.418231 31.254969 3.366935 0.648602 -48.813000 0.000000 0.000000 0.000000 -21.176771 -21.137887 12.922646 -57.887855 -25.248091 2.582860 -3.152411 -31.701916 2.799333 0.000000 0.000000 0.000000 34.597033 8.106290 0.047939 69.119613 17.967054 1.990107 -13.387650 42.063950 -2.840078 0.000000 0.000000 0.000000 
-0.007082 0.903133 0.002692 0.222372 -17.326774 -1.722823 1.681387 -0.501353 -7.921573 -7.848412 2.656373 17.098167 10.664757 23.628466 -3.154383 0.000000 0.000000 0.000000 -18.599735 0.815736 -17.254278 6.182783 0.354633 24.719357 -9.866511 -24.033452 11.964864 0.000000 0.000000 0.000000 11.603089 -2.199169 22.147286 -6.852570 2.001375 -24.991148 -1.431089 4.072533 31.525305 2.952232 0.950608 -50.314262 0.000000 0.000000 0.000000 -20.992797 -22.947041 13.760204 -56.859985 -30.150446 5.098613 -0.692404 -33.035000 2.166122 0.000000 0.000000 0.000000 34.308972 10.412105 1.902594 67.034491 20.967784 3.604312 -14.661224 39.545926 -3.069442 0.000000 0.000000 0.000000 
-0.019493 0.888923 -0.009269 0.673487 -18.141851 -1.269495 2.694383 -0.574352 -13.323420 -8.216088 3.810431 24.179103 11.292351 25.144791 -4.788081 0.000000 0.000000 0.000000 -21.191032 0.766820 -19.788449 6.812142 0.326509 26.463140 -10.281159 -24.887486 13.372769 0.000000 0.000000 0.000000 12.086746 -2.479011 25.875229 -6.490176 1.888054 -24.218299 -1.339601 5.142238 30.939306 3.724547 0.912058 -51.491561 0.000000 0.000000 0.000000 -19.401563 -25.462854 14.384328 -56.140649 -34.547670 7.547392 1.618520 -35.431361 1.572736 0.000000 0.000000 0.000000 33.780242 11.971574 3.494583 65.059389 23.495854 4.817136 -15.613410 38.469709 -3.241931 0.000000 0.000000 0.000000 
-0.035495 0.874348 -0.023683 0.947876 -19.172056 -0.006840 4.507559 -0.229387 -18.943645 -8.367756 4.934550 29.955902 11.601460 25.733308 -5.849501 0.000000 0.000000 0.000000 -23.037270 0.749867 -23.006595 7.585626 0.258331 28.228260 -10.151642 -24.915372 13.991620 0.000000 0.000000 0.000000 12.172536 -2.638848 29.809878 -4.796319 1.417029 -23.171660 -1.579757 6.483417 29.875269 4.920977 0.844984 -52.982969 0.000000 0.000000 0.000000 -18.692752 -27.446346 14.922209 -55.313449 -38.208423 9.540982 4.999537 -38.222346 0.515351 0.000000 0.000000 0.000000 32.119348 13.281208 4.969646 64.555352 24.000185 4.966747 -16.553259 40.363647 -3.664095 0.000000 0.000000 0.000000 
-0.055146 0.862258 -0.040068 1.453212 -20.153130 1.517076 6.089271 0.407199 -24.355135 -7.761573 5.637936 34.890514 11.595906 25.141695 -5.322837 0.000000 0.000000 0.000000 -24.581588 0.730522 -26.501417 8.226127 0.194989 29.888174 -10.196674 -25.199694 13.481090 0.000000 0.000000 0.000000 12.568897 -2.821332 33.909724 -4.421043 1.290866 -23.358422 -1.769874 6.962139 29.401637 5.834648 0.792548 -54.450807 0.000000 0.000000 0.000000 -19.353154 -28.716527 15.703252 -53.675416 -41.013334 10.621633 6.636952 -40.088132 -0.058611 0.000000 0.000000 0.000000 30.635053 13.791892 5.506668 64.598740 23.291206 4.495019 -15.183155 43.418435 -3.434130 0.000000 0.000000 0.000000 
-0.078060 0.853265 -0.058081 1.337032 -20.439135 3.162205 8.084468 1.328494 -28.517786 -7.265986 5.809465 37.453327 11.695240 24.672963 -4.036828 0.000000 0.000000 0.000000 -24.566512 0.760826 -29.732708 9.654863 -0.168645 31.919093 -9.822637 -24.744743 11.169753 0.000000 0.000000 0.000000 13.237747 -3.117184 37.633420 -2.742060 0.859751 -22.861330 -2.606803 7.591532 28.440829 7.594500 0.576027 -55.265925 0.000000 0.000000 0.000000 -17.648962 -30.357069 15.813322 -54.712516 -43.636749 12.657489 9.244807 -40.592302 -1.056965 0.000000 0.000000 0.000000 27.315418 12.937404 5.296578 67.952658 22.549193 4.470434 -14.658243 48.765336 -3.479600 0.000000 0.000000 0.000000 
-0.103739 0.847310 -0.076742 1.761272 -21.058851 4.798169 9.864617 2.352221 -31.777353 -6.978151 5.900787 38.732282 12.069778 24.748362 -2.171003 0.000000 0.000000 0.000000 -24.635212 0.875410 -32.794641 10.811302 -0.494089 33.177127 -10.465064 -26.067236 9.812269 0.000000 0.000000 0.000000 13.833641 -3.309846 39.934429 -2.504602 0.794119 -23.099336 -3.089739 6.875899 29.005188 7.378011 0.706510 -56.022315 0.000000 0.000000 0.000000 -17.338098 -31.322011 16.467568 -55.006663 -45.547535 13.913647 11.627345 -39.572351 -1.837031 0.000000 0.000000 0.000000 24.973058 12.999703 5.063357 70.590539 21.168303 3.837033 -11.823027 53.832634 -2.504658 0.000000 0.000000 0.000000 
-0.131994 0.844326 -0.095329 2.043014 -21.907645 6.562015 12.126334 3.616843 -33.884110 -6.740450 5.705293 38.151482 12.566647 24.808867 0.869052 0.000000 0.000000 0.000000 -23.741045 1.231879 -35.939889 12.215104 -0.850791 35.139385 -10.179308 -25.863706 6.024166 0.000000 0.000000 0.000000 14.517318 -3.480284 41.917844 -1.947162 0.623565 -22.606329 -3.999929 6.940882 28.225216 9.422314 0.279794 -56.029129 0.000000 0.000000 0.000000 -16.402010 -32.762271 16.977225 -55.446090 -46.314437 14.714460 12.528018 -36.770499 -2.063427 0.000000 0.000000 0.000000 22.865154 12.875018 4.954259 73.255660 20.976576 4.110241 -10.784489 57.377799 -2.090821 0.000000 0.000000 0.000000 
-0.162385 0.842638 -0.112866 2.422145 -22.880310 7.242326 13.851579 4.446061 -33.929133 -6.413846 5.320146 36.408901 13.459979 25.465214 4.415096 0.000000 0.000000 0.000000 -22.004242 1.769201 -38.070544 13.037632 -0.965910 36.749342 -10.652487 -27.054631 3.281598 0.000000 0.000000 0.000000 14.964016 -3.501109 43.874846 -1.840802 0.567896 -22.284322 -5.106427 5.659856 27.848624 9.268410 0.369711 -56.626068 0.000000 0.000000 0.000000 -17.636686 -33.227762 17.997914 -54.528411 -46.040208 14.240105 13.254543 -34.038170 -2.151544 0.000000 0.000000 0.000000 22.454620 14.117923 5.239029 73.411640 21.573007 4.549421 -8.715806 59.497768 -1.349919 0.000000 0.000000 0.000000 
-0.193939 0.842811 -0.128669 2.634073 -24.011636 7.619494 16.193962 5.289027 -32.494666 -6.907125 5.057414 32.817145 14.177717 25.599549 8.329357 0.000000 0.000000 0.000000 -19.953615 2.427734 -39.256832 14.056345 -1.097059 37.955828 -10.336829 -26.533137 -0.605744 0.000000 0.000000 0.000000 15.202026 -3.366035 44.971055 -1.830436 0.539894 -22.235900 -5.988636 4.850459 27.460796 10.927601 -0.178007 -55.973219 0.000000 0.000000 0.000000 -17.690657 -33.398117 18.400059 -55.835517 -44.038247 13.634814 13.162313 -32.202438 -2.006216 0.000000 0.000000 0.000000 23.048749 14.824897 5.275607 72.749889 21.754333 4.661661 -4.896978 60.043031 0.449491 0.000000 0.000000 0.000000 
-0.225007 0.843415 -0.142469 2.579201 -24.748846 7.347321 17.771824 5.601067 -30.451507 -6.582057 4.592412 30.525695 14.746200 25.687392 11.353431 0.000000 0.000000 0.000000 -17.345640 3.073323 -39.535538 14.457347 -1.013051 38.909271 -10.527157 -26.940449 -2.797489 0.000000 0.000000 0.000000 15.277672 -3.219776 45.591781 -2.192328 0.611301 -21.704542 -6.299898 4.227100 27.137304 10.871847 -0.273435 -55.466960 0.000000 0.000000 0.000000 -17.828010 -32.691115 18.231954 -57.362900 -41.654911 12.813645 11.186265 -30.529712 -1.406465 0.000000 0.000000 0.000000 22.827665 15.658711 5.476849 72.296712 22.941073 5.458021 -3.211809 59.506825 1.133685 0.000000 0.000000 0.000000 
-0.254181 0.847262 -0.154848 2.453142 -25.564725 7.207467 18.972395 5.686588 -28.108597 -6.520298 4.091881 27.168617 15.837386 26.432809 14.655457 0.000000 0.000000 0.000000 -14.455281 3.748714 -39.176299 14.242839 -0.657801 39.381922 -10.285870 -26.125299 -4.866572 0.000000 0.000000 0.000000 15.272808 -3.022546 45.462540 -2.522845 0.687875 -21.829427 -6.517634 4.117098 27.283179 11.363212 -0.627764 -54.590434 0.000000 0.000000 0.000000 -18.182219 -31.812883 18.013746 -58.978311 -38.427283 11.364769 10.326947 -29.850322 -1.141370 0.000000 0.000000 0.000000 23.042639 16.112049 5.546590 71.574759 23.901047 6.009367 -1.843313 57.006594 1.651581 0.000000 0.000000 0.000000 
-0.280343 0.852883 -0.166160 2.241926 -25.351256 6.913665 19.165804 5.330345 -26.357328 -5.924581 3.550885 25.427520 16.450798 26.857877 16.580577 0.000000 0.000000 0.000000 -12.040034 4.021459 -37.883864 13.596332 -0.382926 38.480035 -10.146180 -25.444525 -4.984670 0.000000 0.000000 0.000000 15.319380 -3.072669 44.345709 -2.845403 0.786378 -21.862146 -6.441652 4.305609 27.443796 10.504843 -0.398963 -54.670942 0.000000 0.000000 0.000000 -18.761694 -30.495749 17.516816 -60.002947 -35.423301 9.761481 8.929899 -29.259084 -0.740415 0.000000 0.000000 0.000000 23.360897 16.709903 5.878049 70.583823 24.096916 6.036315 -0.330703 55.156131 2.304558 0.000000 0.000000 0.000000 
-0.303369 0.861929 -0.176329 2.433626 -25.543165 5.970616 18.700679 4.741761 -24.212641 -5.821413 3.317919 23.872286 17.053177 27.374948 18.020145 0.000000 0.000000 0.000000 -9.353531 4.124279 -35.264637 12.517040 0.053467 36.531149 -9.941295 -24.095279 -6.203028 0.000000 0.000000 0.000000 15.124079 -2.935111 43.020471 -3.368267 0.925762 -22.056364 -6.151947 5.048924 27.848475 10.125971 -0.342964 -54.577120 0.000000 0.000000 0.000000 -19.790120 -29.501028 17.229763 -60.453295 -32.415321 7.913371 8.244212 -28.832983 -0.543050 0.000000 0.000000 0.000000 24.343186 16.888553 6.103651 68.792801 24.274180 5.913684 1.818389 51.787937 3.156067 0.000000 0.000000 0.000000 
-0.322854 0.872672 -0.185409 2.416798 -24.407638 5.468319 17.459028 3.967838 -23.142517 -5.427723 2.916923 22.703474 16.860533 27.175782 18.197953 0.000000 0.000000 0.000000 -7.652642 3.791534 -32.239578 11.469353 0.101692 33.167066 -9.705916 -23.006587 -5.645762 0.000000 0.000000 0.000000 15.221325 -3.157715 40.658139 -3.601519 1.013423 -22.086059 -5.783666 5.878136 28.560283 9.306966 -0.135697 -54.590604 0.000000 0.000000 0.000000 -21.195083 -28.278557 16.799550 -59.567461 -30.613999 6.443687 6.363380 -28.515762 -0.082600 0.000000 0.000000 0.000000 24.500765 16.797652 6.365447 68.382389 24.116834 5.652204 3.000426 49.205293 3.643320 0.000000 0.000000 0.000000 
-0.338895 0.883524 -0.193114 2.687053 -23.400712 4.836993 15.770845 3.192785 -22.405926 -5.217209 2.670535 21.936074 16.568913 26.774814 18.685391 0.000000 0.000000 0.000000 -6.305732 3.369937 -28.990303 10.387321 0.120201 29.589087 -9.669353 -22.413248 -5.269797 0.000000 0.000000 0.000000 14.979813 -3.202581 38.440041 -4.199868 1.196786 -22.606843 -5.110093 6.544511 29.126945 8.806310 -0.196317 -53.231972 0.000000 0.000000 0.000000 -21.629816 -27.043914 16.063487 -60.319279 -28.798236 5.439530 5.238494 -28.218513 0.217498 0.000000 0.000000 0.000000 25.177736 15.330167 5.759939 68.562898 23.400257 5.150306 6.199507 46.545501 4.855894 0.000000 0.000000 0.000000 
-0.351313 0.894288 -0.199568 2.774328 -21.637005 4.019098 13.815201 2.406167 -22.155581 -4.869032 2.396445 21.804732 15.298660 25.450673 17.552230 0.000000 0.000000 0.000000 -5.540023 2.793042 -25.427172 9.295495 0.031576 25.874773 -9.393551 -21.658511 -3.754994 0.000000 0.000000 0.000000 14.778368 -3.319439 35.844150 -4.183204 1.237833 -23.006271 -4.700332 7.097551 30.002431 8.282397 -0.035864 -53.231424 0.000000 0.000000 0.000000 -21.660324 -25.892463 15.134006 -60.264352 -27.632648 4.639985 3.063221 -28.161050 0.747162 0.000000 0.000000 0.000000 25.976490 14.312473 5.549697 68.447480 22.571248 4.475953 6.365466 44.870331 4.885311 0.000000 0.000000 0.000000 
-0.360337 0.904894 -0.204176 2.679332 -20.290859 3.761495 11.897561 1.720154 -21.883434 -5.031004 2.320736 21.454432 14.638468 24.657145 17.589949 0.000000 0.000000 0.000000 -4.633233 2.315749 -21.833718 7.767544 0.011725 20.885002 -9.044690 -20.860289 -1.983861 0.000000 0.000000 0.000000 14.378312 -3.290532 33.251743 -4.367522 1.316686 -23.703471 -3.594569 8.080099 30.801133 6.879802 0.363221 -52.466890 0.000000 0.000000 0.000000 -22.323953 -25.305235 14.630460 -60.333858 -25.701161 3.457680 1.611327 -27.843335 1.085545 0.000000 0.000000 0.000000 26.847055 12.692384 5.081051 67.726111 21.141689 3.334980 7.009412 42.391281 4.972551 0.000000 0.000000 0.000000 
-0.366637 0.913928 -0.206534 2.582435 -18.668417 2.886297 10.098571 1.069993 -21.083356 -5.032524 2.155995 21.006732 13.990761 24.118290 16.607250 0.000000 0.000000 0.000000 -3.966402 1.858573 -18.309853 7.033403 -0.106913 17.270631 -8.893887 -20.727645 -0.112894 0.000000 0.000000 0.000000 14.775838 -3.417149 30.775414 -4.769969 1.448990 -23.589487 -3.346787 8.136196 31.307246 5.995925 0.530717 -51.406240 0.000000 0.000000 0.000000 -22.710339 -23.904518 13.721470 -60.127093 -23.867475 2.297966 -0.304021 -28.515934 1.616856 0.000000 0.000000 0.000000 27.715285 11.507841 4.634140 66.836394 20.120103 2.481545 6.303513 40.703041 4.562679 0.000000 0.000000 0.000000 
-0.371101 0.920823 -0.206441 2.602936 -17.501193 2.016976 8.309848 0.486386 -19.507784 -5.147967 2.014611 19.951275 13.333440 23.349799 16.487084 0.000000 0.000000 0.000000 -3.725482 1.400651 -14.480854 6.227536 -0.173187 13.365519 -8.750945 -20.472407 1.198344 0.000000 0.000000 0.000000 14.711994 -3.327127 28.403675 -5.115460 1.557699 -23.957422 -2.808483 8.673887 32.079003 5.226877 0.765958 -50.824952 0.000000 0.000000 0.000000 -23.992089 -22.681480 13.017967 -59.541093 -20.921405 0.490958 -2.883669 -28.874497 2.301555 0.000000 0.000000 0.000000 29.018014 9.743500 3.924068 65.499405 18.372205 1.107393 5.646275 38.233250 4.106537 0.000000 0.000000 0.000000 
-0.374565 0.924932 -0.204606 2.501232 -16.391012 1.142980 6.870896 0.056529 -17.195710 -4.867451 1.709998 18.371786 13.265959 23.516089 15.918417 0.000000 0.000000 0.000000 -3.020339 1.088821 -11.379797 5.556380 -0.201352 10.542671 -8.918403 -20.890414 2.300161 0.000000 0.000000 0.000000 14.932879 -3.231590 25.894512 -5.578195 1.697779 -24.166040 -2.476397 8.786501 32.589602 4.363731 0.926947 -49.083321 0.000000 0.000000 0.000000 -24.987951 -21.018225 12.063412 -59.205400 -17.753218 -1.320117 -5.298039 -29.415025 3.005410 0.000000 0.000000 0.000000 30.008776 8.296806 3.230952 65.106161 16.035906 -0.433586 5.234949 35.794388 3.721310 0.000000 0.000000 0.000000 
-0.377508 0.927923 -0.201959 2.164478 -15.536289 0.354427 5.823410 -0.188662 -14.369226 -4.532507 1.387989 16.183546 13.230181 23.709456 15.393526 0.000000 0.000000 0.000000 -2.532576 0.772508 -8.070001 5.151197 -0.254750 7.337188 -8.897439 -20.955799 3.624512 0.000000 0.000000 0.000000 14.994473 -3.040739 23.395368 -5.908799 1.797760 -24.008713 -2.625148 8.847724 32.494590 3.738303 1.111146 -48.147100 0.000000 0.000000 0.000000 -26.144489 -18.989098 10.881123 -58.186947 -14.316111 -3.154907 -7.438828 -29.134885 3.528828 0.000000 0.000000 0.000000 31.523055 6.851716 2.411831 64.637752 13.135577 -2.179086 4.900792 33.375877 3.343585 0.000000 0.000000 0.000000 
-0.379926 0.929960 -0.199689 2.021270 -14.531588 -0.065052 5.070202 -0.302843 -11.673012 -4.309872 1.078775 13.032374 13.213961 23.883077 15.125799 0.000000 0.000000 0.000000 -1.686447 0.565345 -5.822750 4.503949 -0.250800 4.854960 -9.302822 -21.806571 4.598325 0.000000 0.000000 0.000000 14.560863 -2.760527 20.927921 -6.228091 1.897367 -24.217465 -2.166629 8.882437 33.027017 2.987522 1.381235 -47.456949 0.000000 0.000000 0.000000 -27.154555 -17.417039 9.909116 -57.275733 -11.539363 -4.558135 -8.568921 -29.367345 3.864613 0.000000 0.000000 0.000000 32.291794 5.098200 1.406256 64.913512 10.377542 -3.853615 5.154641 31.697676 3.265128 0.000000 0.000000 0.000000 
-0.381723 0.931850 -0.198339 1.820468 -13.832121 -0.899807 4.614183 -0.309064 -9.326035 -4.120958 0.907855 11.110322 13.012135 23.748562 14.823500 0.000000 0.000000 0.000000 -0.787029 0.326973 -3.331824 3.979168 -0.245252 2.860135 -9.172602 -21.565696 5.101927 0.000000 0.000000 0.000000 14.282639 -2.496861 18.875948 -6.511440 1.986814 -24.081377 -2.243811 8.960871 33.302085 2.891298 1.416411 -46.785766 0.000000 0.000000 0.000000 -27.105924 -15.803991 8.745941 -56.769499 -9.270508 -5.649990 -10.023308 -29.519505 4.278623 0.000000 0.000000 0.000000 32.484828 3.787808 0.673785 65.924364 8.070236 -5.263292 5.004439 30.730257 3.161683 0.000000 0.000000 0.000000 
-0.382687 0.933009 -0.197487 1.642311 -13.272838 -1.103348 4.292457 -0.295785 -7.757563 -4.019783 0.789946 9.269049 12.676338 23.412812 14.298791 0.000000 0.000000 0.000000 -0.254850 0.215208 -2.242420 3.691106 -0.244390 1.742856 -9.373241 -21.949206 5.357585 0.000000 0.000000 0.000000 13.732222 -2.256368 17.225842 -6.652661 2.033364 -24.012435 -2.237813 8.977639 33.379785 2.906743 1.411470 -46.171873 0.000000 0.000000 0.000000 -27.328111 -14.357664 7.751757 -56.586325 -7.770271 -6.341958 -9.729181 -29.561010 4.215819 0.000000 0.000000 0.000000 32.727387 2.566252 -0.063430 66.609878 5.716098 -6.677457 5.353082 30.446981 3.259789 0.000000 0.000000 0.000000 
-0.383066 0.933977 -0.196860 1.466375 -13.217044 -1.584124 3.875181 -0.261101 -6.172658 -3.716112 0.676276 7.969060 12.344936 23.020680 13.890896 0.000000 0.000000 0.000000 0.145604 0.092822 -1.039084 3.356741 -0.229234 1.077747 -9.038518 -21.297708 5.328457 0.000000 0.000000 0.000000 13.251440 -2.043100 16.007958 -6.778087 2.075979 -23.727262 -2.378877 9.318894 32.941763 3.469091 1.247792 -46.044843 0.000000 0.000000 0.000000 -27.242456 -13.453725 7.006355 -56.489247 -6.225347 -6.973120 -9.262512 -29.697192 4.096825 0.000000 0.000000 0.000000 32.960358 1.809120 -0.481573 67.055516 3.997546 -7.660999 5.240322 30.636489 3.281460 0.000000 0.000000 0.000000 
-0.382899 0.934719 -0.196181 1.297477 -13.275711 -1.898912 3.565991 -0.216920 -4.900273 -3.613959 0.628418 7.018223 12.062480 22.670937 13.548601 0.000000 0.000000 0.000000 0.401664 0.000342 -0.129794 3.096916 -0.218791 0.508558 -8.849612 -20.925178 5.348605 0.000000 0.000000 0.000000 12.742975 -1.822746 14.669714 -6.860179 2.100487 -23.498444 -2.505602 9.580295 32.818156 3.578927 1.230302 -45.903554 0.000000 0.000000 0.000000 -27.334153 -12.232528 6.165908 -56.530883 -5.046360 -7.494054 -8.187004 -30.088747 3.877510 0.000000 0.000000 0.000000 33.122943 0.906987 -1.069628 67.528446 2.608091 -8.487580 5.338342 31.329479 3.433099 0.000000 0.000000 0.000000 
-0.382555 0.935794 -0.195501 1.100804 -13.676919 -2.169647 3.125122 -0.147676 -3.318791 -3.640402 0.603651 5.519408 11.925816 22.539843 13.192947 0.000000 0.000000 0.000000 0.578526 -0.071320 0.581101 2.933328 -0.210159 0.157622 -8.479216 -20.231049 5.480734 0.000000 0.000000 0.000000 12.240919 -1.603639 13.335427 -6.892239 2.108898 -22.964574 -2.689137 9.862939 32.281283 3.807439 1.143976 -45.627794 0.000000 0.000000 0.000000 -27.078617 -11.333030 5.558599 -56.666709 -3.769294 -8.040230 -7.422550 -30.340663 3.710677 0.000000 0.000000 0.000000 33.099999 0.452447 -1.427615 67.920222 1.527866 -9.073451 4.929908 32.132770 3.432575 0.000000 0.000000 0.000000 
-0.382105 0.936366 -0.194861 0.887595 -14.060977 -2.360750 2.978491 -0.076741 -2.167765 -3.355176 0.529093 4.274564 11.781668 22.343596 13.079824 0.000000 0.000000 0.000000 0.736877 -0.132326 1.181345 2.765715 -0.204649 -0.339418 -8.204878 -19.760457 5.823354 0.000000 0.000000 0.000000 11.974748 -1.463272 12.421745 -6.908483 2.108839 -22.770983 -2.804783 10.202929 32.162751 4.012499 1.055554 -45.253582 0.000000 0.000000 0.000000 -27.027142 -11.020655 5.326861 -56.554545 -3.405850 -8.172813 -6.381476 -30.126555 3.393865 0.000000 0.000000 0.000000 33.390001 0.036782 -1.726749 67.544896 1.182688 -9.228535 4.877034 32.596512 3.487698 0.000000 0.000000 0.000000 
-0.381633 0.937197 -0.194440 0.764889 -14.376928 -2.625567 2.747846 0.011823 -0.825156 -3.054092 0.455244 2.537617 11.590598 22.060813 13.074998 0.000000 0.000000 0.000000 0.861694 -0.177392 1.626878 2.562102 -0.190044 -0.366106 -7.773658 -18.980995 5.949537 0.000000 0.000000 0.000000 11.551412 -1.342238 11.762733 -7.035282 2.140073 -22.636936 -2.906039 10.083902 31.910981 4.127599 0.989777 -45.430888 0.000000 0.000000 0.000000 -27.129089 -10.704187 5.250078 -56.334103 -2.850123 -8.401534 -5.629168 -29.909990 3.176248 0.000000 0.000000 0.000000 33.412297 0.027411 -1.909741 67.557144 0.867537 -9.348062 4.563665 32.653258 3.373749 0.000000 0.000000 0.000000 
-0.380936 0.937995 -0.194321 0.558363 -14.716607 -2.686570 2.722177 0.105104 0.385894 -2.935624 0.428567 1.024524 11.488082 21.875637 13.330963 0.000000 0.000000 0.000000 0.710250 -0.184584 1.816103 2.745454 -0.200303 -0.401360 -7.529597 -18.620790 6.409268 0.000000 0.000000 0.000000 11.306357 -1.261039 11.252278 -7.178013 2.169720 -22.746249 -2.801144 10.106630 31.970748 4.036958 1.024460 -45.745200 0.000000 0.000000 0.000000 -27.260830 -10.556244 5.248342 -56.108965 -2.731251 -8.445417 -5.127609 -29.338187 2.979361 0.000000 0.000000 0.000000 33.774053 -0.193284 -2.210800 67.283599 0.696136 -9.398700 4.787990 32.622843 3.415409 0.000000 0.000000 0.000000 
-0.379995 0.938940 -0.194576 0.294762 -15.133431 -2.801089 2.598629 0.184919 1.371371 -2.848165 0.416057 -0.109094 11.722578 22.268253 13.304876 0.000000 0.000000 0.000000 0.645970 -0.185630 1.885385 2.615575 -0.185181 -0.154045 -7.242349 -18.183374 6.801109 0.000000 0.000000 0.000000 10.976669 -1.188924 10.888117 -7.368717 2.212417 -22.885895 -2.616201 10.206931 32.066506 3.611804 1.187682 -46.058167 0.000000 0.000000 0.000000 -27.164163 -10.371009 5.200800 -55.743508 -2.488767 -8.526394 -4.893999 -28.992323 2.878016 0.000000 0.000000 0.000000 33.979333 -0.116300 -2.268782 67.190072 0.513365 -9.477887 4.758010 32.724320 3.405338 0.000000 0.000000 0.000000 
-0.378785 0.939545 -0.194941 0.223426 -15.133468 -2.706341 2.388863 0.196963 1.566432 -2.859401 0.418120 -0.559893 11.779560 22.378294 13.239743 0.000000 0.000000 0.000000 0.564248 -0.177891 1.846734 2.559275 -0.177560 0.043533 -7.161280 -18.048138 6.839854 0.000000 0.000000 0.000000 10.765155 -1.124543 10.363424 -7.529236 2.251409 -23.014963 -2.423729 10.370389 32.293278 3.509238 1.249492 -46.183297 0.000000 0.000000 0.000000 -26.664264 -10.385097 5.151545 -55.910467 -2.416896 -8.583116 -5.362997 -28.269559 2.902462 0.000000 0.000000 0.000000 34.222200 -0.479711 -2.494252 67.045632 0.677212 -9.395053 5.028701 32.339018 3.446287 0.000000 0.000000 0.000000 
-0.377281 0.940216 -0.195144 0.135504 -15.232603 -2.769853 1.999517 0.213292 1.804535 -2.711329 0.397842 -0.749315 12.006930 22.820311 12.861543 0.000000 0.000000 0.000000 0.464488 -0.164842 1.766189 2.289293 -0.149817 0.448573 -7.008700 -17.811255 6.983087 0.000000 0.000000 0.000000 10.180985 -1.060844 10.117956 -7.335737 2.194654 -23.117590 -2.165811 10.366198 32.338165 3.140450 1.386882 -46.307435 0.000000 0.000000 0.000000 -26.338121 -10.182470 5.047139 -56.221971 -2.456582 -8.608249 -5.878674 -27.765093 2.974657 0.000000 0.000000 0.000000 34.066955 -0.359924 -2.433629 67.171838 0.880464 -9.281774 4.686536 32.060967 3.308775 0.000000 0.000000 0.000000 
-0.375447 0.940741 -0.194817 0.070710 -15.163762 -2.945221 1.761038 0.242678 2.150572 -2.699728 0.396020 -0.802195 12.079784 22.980447 12.730661 0.000000 0.000000 0.000000 0.345960 -0.161692 1.816104 2.110303 -0.123737 0.988881 -7.271217 -18.267822 6.938890 0.000000 0.000000 0.000000 9.828109 -1.035191 10.105232 -7.352167 2.194805 -23.366804 -1.844446 10.368483 32.389292 3.210479 1.386505 -46.586743 0.000000 0.000000 0.000000 -25.824007 -10.149069 4.991972 -56.810617 -2.260150 -8.776694 -6.734312 -27.335101 3.132987 0.000000 0.000000 0.000000 34.254627 -0.541839 -2.564135 67.009681 0.981698 -9.210470 4.614726 31.463708 3.212627 0.000000 0.000000 0.000000 
-0.373329 0.941041 -0.193806 -0.000807 -15.183709 -3.044639 1.324314 0.271726 2.481457 -2.607574 0.383465 -0.886609 12.209066 23.284259 12.332741 0.000000 0.000000 0.000000 0.307310 -0.175517 2.016607 1.690976 -0.081904 1.295208 -7.642499 -18.963466 7.169110 0.000000 0.000000 0.000000 9.255112 -1.005726 10.190839 -7.012431 2.093911 -23.943819 -1.559795 10.459545 32.660191 2.869311 1.516765 -46.608976 0.000000 0.000000 0.000000 -25.681382 -9.905598 4.831116 -57.153991 -2.047184 -8.940876 -7.142713 -26.775850 3.161527 0.000000 0.000000 0.000000 34.287205 -0.635343 -2.599321 67.079972 0.890589 -9.303552 4.300381 31.271919 3.119553 0.000000 0.000000 0.000000 
-0.371046 0.941093 -0.191773 -0.160345 -15.069493 -3.128435 1.100495 0.280556 2.582050 -2.486690 0.364961 -0.760009 12.190683 23.283615 12.231229 0.000000 0.000000 0.000000 0.359844 -0.200419 2.278781 1.329189 -0.039474 1.681539 -8.089540 -19.733567 7.144489 0.000000 0.000000 0.000000 9.135345 -0.977526 9.966826 -7.060958 2.107641 -23.971081 -1.312204 10.375946 32.591789 2.913572 1.493149 -46.470016 0.000000 0.000000 0.000000 -25.247014 -9.981456 4.857816 -57.771218 -1.935001 -9.071300 -7.508121 -26.032388 3.147649 0.000000 0.000000 0.000000 34.379605 -0.698962 -2.658815 66.918570 0.912849 -9.264889 3.857108 30.705898 2.926995 0.000000 0.000000 0.000000 
-0.368654 0.940845 -0.188861 -0.319536 -15.029456 -3.398005 0.744636 0.315508 2.921267 -2.369684 0.347574 -0.633173 12.302314 23.584624 11.738837 0.000000 0.000000 0.000000 0.396650 -0.242975 2.782725 0.989044 0.005770 2.094517 -8.597931 -20.587971 7.066464 0.000000 0.000000 0.000000 8.722283 -0.948343 9.991692 -6.806648 2.038686 -24.418296 -1.001027 10.490266 32.897663 2.722976 1.560604 -46.242782 0.000000 0.000000 0.000000 -25.036107 -9.783922 4.695424 -58.163237 -1.857167 -9.185348 -7.442376 -25.584356 3.075276 0.000000 0.000000 0.000000 34.372110 -0.770130 -2.624086 66.779942 1.015004 -9.245220 3.668524 30.159151 2.829269 0.000000 0.000000 0.000000 
-0.366271 0.940589 -0.185223 -0.520093 -15.079950 -3.557792 0.552005 0.362984 3.360782 -2.263681 0.333124 -0.693462 12.200094 23.520170 11.312337 0.000000 0.000000 0.000000 0.374469 -0.282068 3.302919 0.896874 0.016139 2.146309 -8.979897 -21.221633 7.014825 0.000000 0.000000 0.000000 8.597211 -0.924738 9.857512 -6.872214 2.052777 -24.515800 -0.711328 10.540154 32.824042 2.798071 1.526051 -46.031904 0.000000 0.000000 0.000000 -24.724842 -9.613036 4.561123 -58.454882 -1.835709 -9.225042 -7.329277 -25.058224 2.977773 0.000000 0.000000 0.000000 34.309961 -0.954238 -2.736293 66.321931 0.846087 -9.290592 3.873839 29.500052 2.791374 0.000000 0.000000 0.000000 
-0.363857 0.940198 -0.181436 -0.730175 -14.733441 -3.852155 0.285587 0.439102 4.049333 -2.177044 0.318962 -0.659187 11.996668 23.375193 10.527707 0.000000 0.000000 0.000000 0.401166 -0.330842 3.886817 0.751989 0.038804 2.395362 -9.427812 -21.992014 7.037835 0.000000 0.000000 0.000000 8.175274 -0.883287 9.694446 -6.614901 1.991282 -24.606261 -0.442101 10.421091 32.980279 3.024975 1.441644 -45.889700 0.000000 0.000000 0.000000 -24.439034 -9.154152 4.238489 -58.787792 -1.624046 -9.387820 -7.388034 -24.854022 2.970070 0.000000 0.000000 0.000000 34.441303 -0.960872 -2.682148 65.671862 0.814040 -9.276234 4.033806 28.921282 2.761351 0.000000 0.000000 0.000000 
-0.361444 0.939806 -0.177704 -0.918733 -14.805479 -3.915859 0.242430 0.476399 4.374336 -2.320858 0.338969 -0.565229 11.906961 23.354102 9.948846 0.000000 0.000000 0.000000 0.210243 -0.323214 3.978863 0.970773 0.040359 2.927167 -9.659009 -22.365518 6.882118 0.000000 0.000000 0.000000 7.896079 -0.843777 9.442816 -6.533870 1.967533 -24.621836 -0.120098 10.608087 33.097653 3.271414 1.348223 -45.649266 0.000000 0.000000 0.000000 -24.014555 -8.899870 4.030347 -59.111454 -1.667580 -9.416334 -7.499165 -24.628020 2.964971 0.000000 0.000000 0.000000 34.418683 -1.065242 -2.680963 65.376609 0.682722 -9.344958 4.139509 28.637125 2.758028 0.000000 0.000000 0.000000 
-0.358924 0.939324 -0.174254 -1.007599 -15.045121 -3.692885 -0.129338 0.479275 4.343383 -2.302578 0.337137 -0.524009 12.148162 23.812872 9.753420 0.000000 0.000000 0.000000 0.035626 -0.298100 3.830384 1.080141 0.053949 3.472791 -10.085672 -23.079052 6.842087 0.000000 0.000000 0.000000 7.500064 -0.784113 8.944732 -6.525691 1.954943 -24.578737 0.154559 10.838597 33.375673 3.749899 1.146277 -45.370573 0.000000 0.000000 0.000000 -23.659797 -8.647088 3.871014 -59.222821 -1.873130 -9.359507 -7.407332 -24.748241 2.967332 0.000000 0.000000 0.000000 34.673835 -0.835495 -2.501597 65.111484 0.943436 -9.210288 3.939366 28.091177 2.649036 0.000000 0.000000 0.000000 
-0.356528 0.938971 -0.171022 -1.078029 -15.192391 -3.577369 -0.268249 0.485500 4.373444 -2.476227 0.361828 -0.339934 12.225074 24.057020 9.271306 0.000000 0.000000 0.000000 -0.057539 -0.274503 3.611553 1.180624 0.076747 4.205508 -10.179327 -23.180263 6.249551 0.000000 0.000000 0.000000 7.235383 -0.746285 8.639100 -6.553495 1.958959 -24.397986 0.295611 10.922270 33.455592 4.043226 0.996589 -44.940886 0.000000 0.000000 0.000000 -23.256574 -8.388979 3.721990 -59.577819 -2.054400 -9.330553 -7.091142 -24.997693 2.942852 0.000000 0.000000 0.000000 34.711445 -0.867562 -2.532551 65.126017 0.752189 -9.321965 3.832223 27.710213 2.578605 0.000000 0.000000 0.000000 
-0.354488 0.938260 -0.168143 -1.141992 -15.414034 -3.358196 -0.524285 0.505516 4.497806 -2.629700 0.385178 -0.273247 12.380582 24.426913 8.897968 0.000000 0.000000 0.000000 -0.280621 -0.229975 3.237564 1.465467 0.079338 4.928676 -10.346494 -23.425205 5.819841 0.000000 0.000000 0.000000 6.587473 -0.706761 8.544079 -6.354404 1.900904 -24.348614 0.513129 11.044083 33.429894 4.393429 0.823392 -44.532252 0.000000 0.000000 0.000000 -22.923425 -8.297463 3.673713 -59.885373 -2.492020 -9.153918 -6.866432 -25.012033 2.901439 0.000000 0.000000 0.000000 34.740396 -0.812342 -2.509397 65.078860 0.683420 -9.348403 3.717936 27.253418 2.494520 0.000000 0.000000 0.000000 
-0.353163 0.937968 -0.165632 -1.277421 -15.463222 -3.132270 -0.604100 0.532049 4.704966 -2.719497 0.398951 -0.476057 12.358037 24.433657 8.754008 0.000000 0.000000 0.000000 -0.369975 -0.188786 2.753082 1.803941 0.068326 5.537377 -10.611625 -23.902088 5.868168 0.000000 0.000000 0.000000 6.307935 -0.693599 8.517491 -6.416420 1.915473 -24.111283 0.505789 10.770654 33.305447 4.821225 0.600020 -44.360212 0.000000 0.000000 0.000000 -23.015642 -8.213453 3.718963 -60.001227 -2.733244 -9.049349 -6.287542 -25.354494 2.833562 0.000000 0.000000 0.000000 35.034498 -0.570784 -2.520394 65.130723 0.524932 -9.386382 3.679993 26.790643 2.410034 0.000000 0.000000 0.000000 
-0.352538 0.937575 -0.163469 -1.334798 -15.725373 -2.732299 -0.695236 0.540623 4.751828 -2.835158 0.417588 -0.633269 12.377644 24.500101 8.658191 0.000000 0.000000 0.000000 -0.701790 -0.078984 1.565524 2.304450 0.066435 6.778642 -10.778083 -24.214313 5.859952 0.000000 0.000000 0.000000 6.008514 -0.692243 8.664707 -6.386688 1.900035 -24.151609 0.482043 11.029671 33.259560 5.467134 0.330594 -44.131447 0.000000 0.000000 0.000000 -22.918201 -8.333687 3.766814 -59.784894 -3.171497 -8.798048 -6.447354 -25.607255 2.895525 0.000000 0.000000 0.000000 35.404225 -0.634381 -2.584348 65.389766 0.697405 -9.315122 3.201932 26.797708 2.315741 0.000000 0.000000 0.000000 
-0.352573 0.937443 -0.161536 -1.606264 -15.940649 -2.230073 -0.635418 0.513936 4.542686 -2.702730 0.399449 -0.598094 12.363152 24.475143 8.633266 0.000000 0.000000 0.000000 -0.848435 0.028875 0.249666 2.910376 0.049755 8.080525 -11.054626 -24.735986 5.944365 0.000000 0.000000 0.000000 5.934799 -0.708665 8.855740 -6.414052 1.899108 -24.121110 0.510942 11.100336 33.201604 5.712875 0.208886 -44.003734 0.000000 0.000000 0.000000 -23.092845 -8.709952 4.013248 -59.264215 -3.711651 -8.466109 -6.208553 -25.714369 2.845362 0.000000 0.000000 0.000000 35.902911 -0.631332 -2.680558 65.522092 0.874442 -9.210414 2.639011 26.491609 2.160943 0.000000 0.000000 0.000000 
-0.353043 0.936606 -0.159773 -1.915736 -16.063596 -1.816747 -0.680498 0.511265 4.513890 -2.305091 0.343517 -0.753357 12.238332 24.252407 8.648508 0.000000 0.000000 0.000000 -0.983191 0.144382 -1.132242 3.568452 0.041190 9.878935 -11.366269 -25.337694 6.154327 0.000000 0.000000 0.000000 6.006576 -0.747086 9.259405 -6.555469 1.930914 -24.265478 0.488512 11.051217 33.243727 6.402253 -0.117028 -43.734175 0.000000 0.000000 0.000000 -22.889747 -9.148234 4.310251 -58.944445 -4.597262 -8.006550 -6.097914 -25.447647 2.778464 0.000000 0.000000 0.000000 35.989650 -0.552356 -2.694833 66.014188 1.279253 -9.024052 1.953461 26.694230 2.038398 0.000000 0.000000 0.000000 
-0.354033 0.936257 -0.158434 -2.209522 -15.921547 -1.359879 -0.577206 0.505641 4.496758 -1.874488 0.283291 -0.903826 11.919880 23.757385 8.330240 0.000000 0.000000 0.000000 -1.174579 0.275327 -2.629320 4.266896 0.008433 11.589385 -11.493405 -25.649993 6.291306 0.000000 0.000000 0.000000 6.022936 -0.795665 9.835710 -6.614363 1.948077 -24.413322 0.578559 10.615790 33.288363 6.621750 -0.197419 -44.261403 0.000000 0.000000 0.000000 -22.909880 -9.602677 4.684180 -58.446489 -5.481921 -7.543764 -5.946288 -25.675293 2.774799 0.000000 0.000000 0.000000 35.858350 -0.487459 -2.799053 66.309420 1.763445 -8.741388 1.412898 27.030511 1.940106 0.000000 0.000000 0.000000 
-0.355797 0.935369 -0.157722 -2.312288 -15.612525 -0.881783 -0.525220 0.459659 4.137223 -1.795824 0.271519 -0.954294 11.690722 23.332087 8.323728 0.000000 0.000000 0.000000 -1.257176 0.483228 -4.944099 4.462693 0.072930 13.777126 -11.539045 -25.876731 6.562927 0.000000 0.000000 0.000000 6.180316 -0.872629 10.651170 -6.731842 1.982492 -24.417803 0.080869 10.200844 33.187823 7.584772 -0.650232 -43.915609 0.000000 0.000000 0.000000 -22.818417 -10.404841 5.211144 -57.856730 -6.743162 -6.874762 -5.961104 -25.535848 2.744955 0.000000 0.000000 0.000000 35.948052 -0.127898 -2.654461 66.488479 2.525241 -8.283268 0.862233 28.490400 1.943259 0.000000 0.000000 0.000000 
-0.358743 0.934958 -0.157883 -2.497133 -15.397658 -0.398424 -0.261424 0.395382 3.640637 -1.781992 0.268391 -0.943291 11.678978 23.317545 8.177563 0.000000 0.000000 0.000000 -1.246497 0.682070 -6.995203 4.742772 0.123555 15.896402 -11.783656 -26.417928 6.555529 0.000000 0.000000 0.000000 6.356353 -0.938124 11.247088 -6.619546 1.958076 -23.977859 -0.272836 9.718000 32.959884 7.945146 -0.809935 -44.168133 0.000000 0.000000 0.000000 -22.615144 -11.404371 5.879410 -57.233866 -7.947441 -6.246389 -6.059924 -25.824205 2.791426 0.000000 0.000000 0.000000 35.714107 0.227224 -2.539836 66.365147 3.680296 -7.559264 0.292146 29.426660 1.862328 0.000000 0.000000 0.000000 
-0.363070 0.934202 -0.158697 -2.773364 -15.566978 0.105656 0.276376 0.298021 2.823248 -1.708897 0.254024 -0.541446 11.717028 23.274744 8.504850 0.000000 0.000000 0.000000 -1.310586 0.863218 -8.745362 4.711947 0.193727 16.888468 -11.108525 -25.347835 6.406020 0.000000 0.000000 0.000000 6.694542 -1.034228 12.134255 -6.746268 1.982527 -24.118830 -0.457680 9.188766 33.054270 8.605999 -1.200899 -43.828056 0.000000 0.000000 0.000000 -22.895013 -12.170434 6.542545 -56.321344 -9.513638 -5.475998 -5.840758 -25.817522 2.732135 0.000000 0.000000 0.000000 35.156008 0.934548 -2.278316 66.849048 4.752877 -6.909673 0.182737 30.657852 1.892779 0.000000 0.000000 0.000000 
-0.368777 0.933736 -0.160075 -2.918612 -15.709339 0.417050 0.654203 0.235411 2.242584 -1.694336 0.249618 -0.265304 11.730890 23.243198 8.634980 0.000000 0.000000 0.000000 -1.490865 0.991736 -9.965513 4.431561 0.279058 17.188737 -11.120597 -25.457168 7.032056 0.000000 0.000000 0.000000 6.909946 -1.114612 12.993489 -6.126448 1.820829 -23.266696 -1.222475 8.731834 32.416957 9.282366 -1.534877 -43.750358 0.000000 0.000000 0.000000 -22.514016 -12.821192 7.036939 -55.950022 -10.680061 -4.874636 -6.216180 -26.788312 2.944865 0.000000 0.000000 0.000000 34.984910 1.856380 -1.882705 66.421270 5.735340 -6.182375 -0.385953 31.912361 1.771759 0.000000 0.000000 0.000000 
-0.375947 0.932698 -0.162030 -2.860754 -15.898719 0.811188 0.936681 0.111893 0.975627 -1.475006 0.210070 0.575858 12.076605 23.768119 8.777649 0.000000 0.000000 0.000000 -1.786116 1.096045 -10.984306 3.893671 0.381264 16.853569 -11.373351 -25.958220 7.712999 0.000000 0.000000 0.000000 7.340324 -1.257434 14.480958 -5.934737 1.766823 -23.777773 -1.508898 8.170396 33.045372 10.132448 -2.035420 -43.566204 0.000000 0.000000 0.000000 -22.942628 -14.427445 8.265919 -55.333017 -12.542024 -4.084718 -6.614813 -27.912827 3.191746 0.000000 0.000000 0.000000 34.712865 2.932806 -1.400434 66.656769 6.556309 -5.704293 -0.108452 33.503079 1.919223 0.000000 0.000000 0.000000 
-0.384258 0.931335 -0.165855 -2.464337 -16.278091 1.006148 1.137649 -0.010946 -0.413029 -1.661229 0.234729 1.719956 12.393638 24.271845 8.760107 0.000000 0.000000 0.000000 -2.433734 1.145330 -11.637786 3.789786 0.368925 16.116193 -11.280998 -25.857927 8.414248 0.000000 0.000000 0.000000 7.372297 -1.338263 15.922159 -5.447672 1.631880 -23.166222 -2.182539 7.954904 32.688066 10.776278 -2.359330 -43.450906 0.000000 0.000000 0.000000 -22.290229 -15.675356 9.015232 -55.263800 -14.379797 -3.189527 -7.219834 -29.075809 3.506802 0.000000 0.000000 0.000000 34.363350 4.011129 -0.796431 66.838843 7.483666 -5.090370 -0.482635 34.934039 1.866155 0.000000 0.000000 0.000000 
-0.393540 0.929084 -0.172749 -1.952509 -16.412737 1.884434 1.486743 -0.206430 -2.910911 -2.194648 0.329553 3.060763 13.076049 25.336743 8.866365 0.000000 0.000000 0.000000 -3.052297 1.281425 -13.107713 3.540996 0.413373 15.947091 -11.600849 -26.491447 9.250000 0.000000 0.000000 0.000000 7.668211 -1.487721 17.727955 -5.368153 1.602330 -23.158817 -2.357003 7.408444 32.865470 11.562436 -2.751617 -43.631817 0.000000 0.000000 0.000000 -22.541434 -17.546825 10.312440 -54.898438 -16.884002 -2.038311 -7.918206 -31.226536 4.012208 0.000000 0.000000 0.000000 34.381121 5.593850 0.083583 66.289937 9.322651 -3.952643 -0.790962 35.932860 1.782526 0.000000 0.000000 0.000000 
-0.403071 0.926204 -0.183875 -1.616395 -17.093721 2.767188 2.116893 -0.391004 -6.272936 -2.923513 0.520268 5.736666 13.613899 26.292626 8.280749 0.000000 0.000000 0.000000 -3.786773 1.448364 -14.877151 4.107667 0.328382 16.026824 -11.719724 -26.785146 8.772585 0.000000 0.000000 0.000000 7.610511 -1.608525 20.871563 -4.701957 1.417953 -23.158683 -2.762346 7.526497 32.106019 12.218134 -2.958335 -43.894656 0.000000 0.000000 0.000000 -22.346349 -19.447485 11.374170 -54.709027 -19.658445 -0.630666 -8.794098 -33.731564 4.656946 0.000000 0.000000 0.000000 34.242308 7.716957 1.577355 65.608736 11.715246 -2.467298 -1.984062 35.989732 1.370626 0.000000 0.000000 0.000000 
-0.412164 0.921383 -0.198514 -1.471193 -16.964181 3.522524 3.032048 -0.500738 -10.659195 -3.776338 0.855002 9.752072 14.440039 27.635810 7.894206 0.000000 0.000000 0.000000 -3.938766 1.702698 -17.207082 4.726562 0.237365 16.685834 -11.853331 -27.166361 8.549427 0.000000 0.000000 0.000000 8.502001 -1.957002 25.161939 -4.395726 1.344346 -22.990478 -2.722757 6.640220 31.397211 12.833045 -3.248843 -43.735441 0.000000 0.000000 0.000000 -22.704527 -22.043153 13.037977 -54.743339 -23.470628 1.340077 -8.065988 -36.962510 4.949066 0.000000 0.000000 0.000000 32.975777 9.914660 2.999262 65.467698 14.757321 -0.591305 -3.923087 35.638237 0.689649 0.000000 0.000000 0.000000 
-0.420272 0.914067 -0.214198 -1.139129 -17.508457 4.807736 3.528743 -0.526035 -16.133613 -4.512789 1.332296 14.185100 15.126702 28.784048 7.199679 0.000000 0.000000 0.000000 -4.674798 2.036913 -20.342014 5.793679 0.088213 17.586212 -12.143942 -27.892621 7.469327 0.000000 0.000000 0.000000 9.036860 -2.192997 29.442517 -3.785365 1.170691 -23.096913 -3.219418 6.602340 30.349297 13.713310 -3.448595 -44.088123 0.000000 0.000000 0.000000 -22.486569 -24.940185 14.603665 -54.255670 -27.093017 3.259227 -8.330212 -39.931849 5.472088 0.000000 0.000000 0.000000 31.658994 12.211815 4.659613 65.173365 18.074432 1.405343 -5.980647 35.137664 0.032118 0.000000 0.000000 0.000000 
-0.427103 0.907207 -0.229050 -0.864477 -17.901570 6.346123 4.188393 -0.343549 -21.454468 -4.952271 1.769862 17.848074 16.582855 30.670631 8.087705 0.000000 0.000000 0.000000 -4.990018 2.528971 -24.190026 6.708064 -0.011416 19.194475 -12.678510 -29.170806 6.909288 0.000000 0.000000 0.000000 9.916184 -2.502299 32.825235 -3.423531 1.066890 -23.115504 -3.172597 6.306031 29.754228 14.517697 -3.993216 -42.793267 0.000000 0.000000 0.000000 -22.560724 -27.610444 16.244223 -54.911016 -29.840867 4.897058 -8.182344 -43.388857 6.021631 0.000000 0.000000 0.000000 29.922421 13.690115 5.588438 65.206011 20.267392 2.748886 -6.470332 34.794412 -0.157556 0.000000 0.000000 0.000000 
-0.433212 0.901677 -0.242525 -0.339828 -18.826608 7.390854 4.440833 -0.123898 -24.891938 -5.510894 2.168688 19.639168 17.430101 31.402505 9.386720 0.000000 0.000000 0.000000 -5.795964 2.857876 -26.937903 7.702847 -0.136006 20.335572 -12.959911 -29.968550 6.245925 0.000000 0.000000 0.000000 10.537371 -2.650869 35.925711 -3.185964 0.983811 -22.880161 -3.598949 5.907353 29.044484 15.124040 -4.375357 -41.987875 0.000000 0.000000 0.000000 -22.087146 -29.366884 17.266283 -56.142838 -31.601885 6.218205 -7.723459 -46.045048 6.330315 0.000000 0.000000 0.000000 27.712713 15.132113 6.270888 65.564453 22.583353 4.234286 -7.742085 33.747195 -0.582367 0.000000 0.000000 0.000000 
-0.438884 0.898916 -0.255171 -0.072763 -19.539390 8.777696 4.916002 0.220020 -28.052803 -5.715229 2.369087 20.616476 17.924974 31.507870 10.775814 0.000000 0.000000 0.000000 -6.261536 3.262629 -29.750750 8.538596 -0.250765 21.319866 -12.754973 -29.980007 6.120127 0.000000 0.000000 0.000000 11.093342 -2.790254 38.409048 -3.187709 0.963271 -22.777945 -3.714493 5.486364 28.202929 15.858578 -5.062947 -40.107004 0.000000 0.000000 0.000000 -20.631454 -30.974092 17.870798 -57.921517 -33.069499 7.632195 -7.265149 -48.696837 6.645574 0.000000 0.000000 0.000000 26.305113 15.588424 6.362761 66.507068 23.161908 4.779907 -7.762805 33.772963 -0.628269 0.000000 0.000000 0.000000 
-0.445055 0.897368 -0.266949 0.319386 -20.218784 9.977552 5.291650 0.549814 -30.360731 -5.901638 2.449081 20.565542 18.369187 31.429900 12.539890 0.000000 0.000000 0.000000 -6.858361 3.603042 -32.198963 9.207786 -0.365194 21.722024 -12.631897 -30.079735 6.099229 0.000000 0.000000 0.000000 11.474497 -2.854813 40.649498 -2.943550 0.888785 -22.810821 -4.127904 5.179269 27.854936 15.967493 -5.372223 -38.627578 0.000000 0.000000 0.000000 -18.983737 -31.507568 17.725334 -60.394546 -33.985701 8.963114 -7.570513 -49.642958 7.027009 0.000000 0.000000 0.000000 24.411076 15.946443 6.420890 68.501343 24.517540 5.924136 -7.879942 33.136932 -0.660027 0.000000 0.000000 0.000000 
-0.452122 0.896783 -0.277658 0.510555 -20.893424 11.042793 6.032363 1.034309 -32.469430 -5.842044 2.450803 20.617277 18.185902 30.424583 14.339046 0.000000 0.000000 0.000000 -6.860907 4.007588 -34.251389 9.807390 -0.460630 22.133520 -12.117519 -29.432900 6.061983 0.000000 0.000000 0.000000 11.922728 -2.929635 42.976910 -2.764288 0.833580 -23.035024 -4.585412 4.848781 27.223044 16.439225 -5.863418 -37.039296 0.000000 0.000000 0.000000 -16.520842 -31.950430 17.201369 -62.659540 -34.583370 10.203542 -7.063792 -50.541261 6.980581 0.000000 0.000000 0.000000 23.046985 16.072484 6.378185 70.568070 25.300017 6.820585 -9.005980 32.569818 -0.956337 0.000000 0.000000 0.000000 
-0.460071 0.895984 -0.286585 0.596024 -21.695628 12.035720 6.549752 1.503170 -34.232787 -5.585220 2.388565 20.615560 18.279259 29.883087 15.986054 0.000000 0.000000 0.000000 -6.874063 4.417747 -36.048514 10.313078 -0.514223 22.760595 -12.116782 -29.695235 6.025053 0.000000 0.000000 0.000000 12.186015 -2.891483 44.331559 -2.889307 0.850412 -23.575571 -4.808742 4.393198 27.345200 16.324568 -6.007197 -36.344327 0.000000 0.000000 0.000000 -15.755763 -31.953117 17.130692 -63.690235 -35.565290 11.235354 -5.611216 -49.096158 6.076018 0.000000 0.000000 0.000000 22.623598 16.478322 6.402509 72.324495 25.732362 7.407317 -9.516501 32.069162 -1.093325 0.000000 0.000000 0.000000 
-0.468230 0.895215 -0.293341 0.772359 -22.623033 12.542202 7.338582 1.991702 -34.889391 -5.901710 2.464276 19.886028 17.651855 28.546333 17.091017 0.000000 0.000000 0.000000 -6.875189 4.759333 -37.298798 10.933923 -0.570168 23.656231 -11.689759 -29.114281 5.665106 0.000000 0.000000 0.000000 12.277164 -2.733406 45.297104 -2.947744 0.844361 -23.606538 -5.249729 3.839176 26.832333 16.402668 -6.394399 -35.003303 0.000000 0.000000 0.000000 -15.061308 -31.755439 16.981189 -64.751569 -35.704488 11.792801 -2.957474 -46.762609 4.562901 0.000000 0.000000 0.000000 22.463839 16.736888 6.286040 73.541624 26.066282 7.907361 -8.861551 32.624214 -0.994920 0.000000 0.000000 0.000000 
-0.476268 0.894560 -0.298053 0.781684 -23.044653 12.716054 7.687564 2.231211 -35.256649 -5.877751 2.470506 19.841908 17.465838 28.097743 17.480225 0.000000 0.000000 0.000000 -6.574966 4.943969 -37.634838 10.939155 -0.511002 24.452271 -11.299381 -28.431532 5.442302 0.000000 0.000000 0.000000 12.494395 -2.735558 45.660766 -3.003686 0.847401 -23.775079 -5.703654 3.204697 26.774683 16.384976 -6.711391 -34.003794 0.000000 0.000000 0.000000 -15.779693 -31.720694 17.399300 -64.363143 -36.528035 12.211571 -0.724474 -43.279332 3.187056 0.000000 0.000000 0.000000 23.413774 17.249927 6.344186 73.429704 26.090613 7.962283 -7.477306 34.082350 -0.713089 0.000000 0.000000 0.000000 
-0.483933 0.893899 -0.301555 0.910317 -24.202611 12.559950 8.263500 2.512055 -34.519733 -6.124088 2.485791 18.589157 17.143562 27.381960 17.925613 0.000000 0.000000 0.000000 -6.399814 5.182144 -37.930573 11.146632 -0.416044 25.555578 -10.694885 -27.281637 4.404066 0.000000 0.000000 0.000000 12.450070 -2.442758 46.244082 -3.206912 0.878084 -24.080424 -6.141538 2.699464 26.755767 16.587340 -7.227178 -32.790201 0.000000 0.000000 0.000000 -15.742912 -31.579589 17.506106 -64.511998 -36.829381 12.492306 1.337499 -40.620184 2.148128 0.000000 0.000000 0.000000 24.057617 17.640451 6.251937 73.151838 26.305841 8.097584 -5.826354 35.127284 -0.331949 0.000000 0.000000 0.000000 
-0.491246 0.893722 -0.304877 0.888191 -24.813348 12.266832 8.720914 2.634260 -33.612104 -6.543675 2.567443 17.690514 17.361231 27.646653 17.821539 0.000000 0.000000 0.000000 -5.845089 5.355828 -37.805819 10.957228 -0.270665 26.254249 -10.452173 -26.776424 4.174916 0.000000 0.000000 0.000000 12.745613 -2.425408 46.147507 -3.491883 0.930695 -24.044615 -6.207846 2.211501 26.746999 16.185194 -7.461635 -31.548863 0.000000 0.000000 0.000000 -16.772367 -31.320867 17.922454 -63.651903 -36.850167 12.137177 2.346432 -39.362972 1.697681 0.000000 0.000000 0.000000 24.710216 18.137340 6.255802 72.137409 26.255698 7.937298 -4.198181 37.791942 0.070653 0.000000 0.000000 0.000000 
-0.497974 0.894275 -0.309118 0.696572 -26.308524 12.359861 9.584773 3.069152 -32.924117 -6.822534 2.568208 16.232051 17.981425 27.786407 19.672647 0.000000 0.000000 0.000000 -5.294808 5.654276 -37.763887 10.957713 -0.116104 26.367867 -9.601354 -25.014603 3.505593 0.000000 0.000000 0.000000 12.626772 -2.053991 46.063118 -3.414797 0.882939 -24.169939 -6.464338 2.583879 26.644743 16.653447 -7.923811 -30.823377 0.000000 0.000000 0.000000 -17.341108 -30.809777 17.940623 -63.585720 -36.370255 11.722105 2.708909 -38.326524 1.524263 0.000000 0.000000 0.000000 25.710287 18.070744 6.075122 71.194597 26.385548 7.950707 -1.855528 39.592080 0.821247 0.000000 0.000000 0.000000 
-0.503704 0.896494 -0.314601 0.622190 -26.991350 12.413967 10.000324 3.255999 -32.498484 -7.037208 2.505401 14.875877 17.716955 27.133413 20.339789 0.000000 0.000000 0.000000 -4.785167 5.734246 -37.270598 10.809668 -0.055016 25.494472 -9.398161 -24.620825 3.804246 0.000000 0.000000 0.000000 12.886720 -2.024359 45.691349 -3.484356 0.891719 -24.151099 -6.460318 2.360758 26.729926 16.305131 -8.034405 -30.001388 0.000000 0.000000 0.000000 -18.431857 -30.482299 18.331085 -62.717111 -36.473637 11.412122 3.300984 -38.000257 1.308443 0.000000 0.000000 0.000000 25.351160 18.283836 5.945822 71.488937 26.322055 7.927817 -0.452987 42.215578 1.319758 0.000000 0.000000 0.000000 
-0.508257 0.899497 -0.320878 0.385058 -28.092069 12.658442 10.269451 3.516932 -32.393645 -6.881577 2.354844 13.630531 17.802261 26.705400 21.694738 0.000000 0.000000 0.000000 -4.272714 5.953103 -37.151820 10.722967 0.006578 24.446028 -8.785882 -23.421524 3.887221 0.000000 0.000000 0.000000 13.099203 -1.878708 45.369512 -3.415608 0.863627 -24.145363 -6.543418 2.614547 26.880946 16.412434 -8.327593 -29.120308 0.000000 0.000000 0.000000 -18.404609 -29.740284 18.028044 -63.497993 -36.446914 11.624731 4.537971 -37.814339 0.943571 0.000000 0.000000 0.000000 24.414272 17.941747 5.575952 72.701300 26.224398 7.957696 0.917194 44.514273 1.892703 0.000000 0.000000 0.000000 
-0.511548 0.903305 -0.326747 0.641917 -28.717886 12.520197 10.096117 3.491516 -32.133175 -6.382626 2.090807 12.471541 17.584581 25.972399 23.037905 0.000000 0.000000 0.000000 -4.116649 5.889243 -36.524158 10.574383 -0.020305 22.499208 -8.499193 -22.927859 4.552217 0.000000 0.000000 0.000000 13.556910 -1.950746 44.598216 -3.395556 0.852750 -23.751661 -6.616766 2.612687 26.884305 15.937047 -8.118118 -29.095760 0.000000 0.000000 0.000000 -18.037624 -29.054397 17.625684 -64.777120 -36.154783 11.903839 5.518899 -38.187454 0.690272 0.000000 0.000000 0.000000 23.061943 17.515818 5.150300 74.280146 25.468129 7.535577 1.703623 46.498655 2.241176 0.000000 0.000000 0.000000 
-0.514040 0.906614 -0.331342 0.834492 -29.350742 12.354004 9.599223 3.391813 -32.102199 -6.375278 2.073978 12.107708 17.479402 25.722454 23.155552 0.000000 0.000000 0.000000 -3.993517 5.786952 -35.784222 10.114928 0.030862 20.888729 -8.007357 -22.006392 5.025887 0.000000 0.000000 0.000000 13.755791 -1.922152 43.953654 -3.463475 0.856060 -23.636503 -6.352065 2.790499 26.955612 15.483366 -8.117869 -28.170655 0.000000 0.000000 0.000000 -18.403105 -28.521175 17.551967 -65.653397 -35.847961 11.932714 6.421850 -38.130980 0.446043 0.000000 0.000000 0.000000 22.331965 17.206200 4.875616 74.275005 24.227779 6.552322 3.348529 48.308973 2.982251 0.000000 0.000000 0.000000 
-0.515817 0.909372 -0.334793 1.237546 -29.642121 11.807292 8.982520 3.094130 -31.525033 -6.669150 2.119220 11.557001 17.818684 26.050222 23.518885 0.000000 0.000000 0.000000 -4.091482 5.570040 -34.930121 9.801903 0.042926 19.645802 -7.624884 -21.257342 5.392169 0.000000 0.000000 0.000000 14.137047 -2.001979 43.456373 -3.501604 0.862025 -23.316972 -6.352826 2.780265 27.024387 14.891447 -7.835918 -28.201267 0.000000 0.000000 0.000000 -18.479176 -28.154139 17.434104 -66.583148 -35.457308 11.958335 7.335921 -38.288681 0.194645 0.000000 0.000000 0.000000 20.895625 16.520921 4.447680 74.685964 23.453266 5.856525 4.925952 49.136393 3.685875 0.000000 0.000000 0.000000 
-0.517058 0.910720 -0.337662 1.631406 -29.453442 11.156360 8.326700 2.743507 -31.036201 -7.155435 2.225063 11.209492 18.325289 26.642458 23.946685 0.000000 0.000000 0.000000 -4.250085 5.335598 -34.209987 9.340564 0.092874 19.227730 -7.482553 -20.997749 5.827576 0.000000 0.000000 0.000000 14.335818 -2.107106 43.008548 -3.290908 0.808027 -22.963405 -6.235377 2.750873 27.075357 14.484083 -7.629881 -28.254297 0.000000 0.000000 0.000000 -18.627665 -27.915997 17.351828 -67.862937 -35.531816 12.411144 7.464112 -38.127286 0.191870 0.000000 0.000000 0.000000 20.608068 16.074753 4.198792 73.935121 22.270981 4.889786 6.124093 49.486814 4.211659 0.000000 0.000000 0.000000 
-0.517751 0.910994 -0.340443 1.972338 -29.299680 10.783034 7.738175 2.522365 -31.089752 -7.723541 2.391982 11.205062 19.018739 27.452609 24.367733 0.000000 0.000000 0.000000 -4.543014 5.308328 -34.399273 9.229465 0.147651 19.986449 -7.633824 -21.346485 5.976649 0.000000 0.000000 0.000000 14.631222 -2.224734 42.756229 -3.022351 0.759293 -23.090485 -6.292960 2.699938 27.365840 14.078710 -7.353280 -28.690184 0.000000 0.000000 0.000000 -18.567927 -27.875407 17.328538 -69.045776 -36.037056 13.180178 8.031675 -38.138653 0.042099 0.000000 0.000000 0.000000 20.107724 15.338671 3.794064 72.979286 21.354814 4.063096 6.073892 48.833549 4.086527 0.000000 0.000000 0.000000 
-0.518090 0.910204 -0.343148 2.424952 -28.961476 10.298083 6.948862 2.265633 -31.473782 -7.810063 2.522031 12.155134 19.564175 28.138533 24.574608 0.000000 0.000000 0.000000 -5.056723 5.373813 -35.220196 9.051685 0.267975 21.759235 -8.151878 -22.441221 6.194110 0.000000 0.000000 0.000000 14.679254 -2.277702 42.870155 -2.621849 0.672329 -23.100115 -6.650920 2.344462 27.507982 13.614955 -7.316729 -27.900068 0.000000 0.000000 0.000000 -18.426907 -28.451718 17.621205 -69.801686 -36.660352 13.935921 9.742248 -37.554173 -0.523989 0.000000 0.000000 0.000000 19.707729 15.457720 3.831742 71.852171 20.446572 3.293569 4.941233 47.755874 3.447915 0.000000 0.000000 0.000000 
-0.518389 0.908431 -0.345573 2.651822 -28.637824 10.147108 6.348711 2.132751 -32.302518 -8.106474 2.750483 13.363682 19.988601 28.769767 24.431723 0.000000 0.000000 0.000000 -5.507927 5.456727 -36.115048 8.925119 0.398327 23.646601 -8.424165 -22.988093 5.924836 0.000000 0.000000 0.000000 14.908249 -2.421877 42.863286 -2.706283 0.697562 -23.122338 -6.572249 1.644499 27.429192 13.011494 -7.200380 -27.179341 0.000000 0.000000 0.000000 -18.246883 -28.733476 17.849366 -71.121889 -37.860165 15.421471 10.325384 -37.366142 -0.694443 0.000000 0.000000 0.000000 19.989682 15.152665 3.476391 70.193321 19.249326 2.440187 3.559312 45.861538 2.593355 0.000000 0.000000 0.000000 
-0.518813 0.906120 -0.347528 3.038923 -27.926212 9.585587 5.922183 1.976591 -32.909353 -8.357323 2.930286 14.397070 20.173342 29.162018 24.179634 0.000000 0.000000 0.000000 -6.233771 5.320331 -36.545362 8.811209 0.525214 25.667585 -9.041742 -24.067704 5.387736 0.000000 0.000000 0.000000 15.123115 -2.613066 43.088154 -2.133889 0.563306 -22.839245 -7.213931 0.973077 27.142015 12.514172 -7.154890 -26.205577 0.000000 0.000000 0.000000 -18.591482 -29.371131 18.355331 -71.971566 -38.912437 16.591534 10.413087 -37.364326 -0.741336 0.000000 0.000000 0.000000 20.394205 14.983099 3.287425 68.828655 17.642215 1.436829 1.881732 44.845230 1.790783 0.000000 0.000000 0.000000 
-0.519759 0.903860 -0.349255 2.907796 -27.587524 9.430061 5.947249 1.998233 -33.270932 -8.689946 3.130795 15.175800 20.726250 29.972312 23.918830 0.000000 0.000000 0.000000 -6.181762 5.354668 -36.798887 8.461923 0.746430 27.452937 -8.999494 -23.909256 4.841914 0.000000 0.000000 0.000000 15.469361 -2.795453 43.407388 -1.924204 0.497763 -22.431028 -7.728371 0.028718 26.945598 12.433713 -7.366697 -25.252230 0.000000 0.000000 0.000000 -18.491914 -30.196313 18.916198 -73.311893 -40.500943 18.520078 12.099060 -36.410155 -1.279731 0.000000 0.000000 0.000000 21.084460 15.524112 3.305682 67.475585 16.890142 1.070043 -0.484295 42.809983 0.699468 0.000000 0.000000 0.000000 
-0.521560 0.902890 -0.351426 2.818757 -27.656316 9.273515 6.299736 2.110730 -33.084106 -8.956903 3.235766 15.218804 20.962339 30.243372 23.938039 0.000000 0.000000 0.000000 -6.116908 5.412223 -36.950046 8.363289 0.928388 28.938509 -8.783344 -23.314137 3.934830 0.000000 0.000000 0.000000 15.521566 -2.779016 43.902692 -1.722658 0.437241 -22.061053 -8.402268 -0.739037 26.465404 12.466427 -7.656555 -24.032679 0.000000 0.000000 0.000000 -17.957108 -30.679974 19.083654 -74.243614 -40.961580 19.499214 12.466059 -35.943730 -1.422291 0.000000 0.000000 0.000000 21.419647 15.615655 3.095212 67.275237 15.404853 0.300544 -2.114873 42.294545 -0.034336 0.000000 0.000000 0.000000 
-0.524535 0.902831 -0.354611 2.565480 -27.721380 9.457830 6.651374 2.200863 -32.707578 -8.871687 3.119291 14.553313 20.902398 30.223551 23.688042 0.000000 0.000000 0.000000 -5.812556 5.498002 -36.947733 8.024119 1.120840 29.684534 -8.423540 -22.522744 3.629260 0.000000 0.000000 0.000000 15.169053 -2.648462 44.020022 -1.352572 0.321845 -21.747273 -8.955182 -1.527916 26.220786 12.568724 -7.917109 -23.267274 0.000000 0.000000 0.000000 -17.320300 -30.780906 19.051814 -75.300672 -40.929078 20.152849 13.071212 -35.085185 -1.592504 0.000000 0.000000 0.000000 22.759343 16.077772 2.916029 66.317175 14.037359 -0.235966 -3.043573 42.260807 -0.534264 0.000000 0.000000 0.000000 
-0.528808 0.904308 -0.359494 2.169287 -28.236837 10.186187 7.382668 2.527243 -32.628655 -8.669033 2.892183 13.252845 20.845207 29.844162 24.399872 0.000000 0.000000 0.000000 -5.152124 5.734825 -37.040769 7.665838 1.228236 29.231466 -7.963983 -21.635932 3.595373 0.000000 0.000000 0.000000 15.107190 -2.553701 43.884408 -1.713926 0.390731 -21.533025 -9.373999 -2.249799 25.852648 12.359750 -8.080717 -21.903045 0.000000 0.000000 0.000000 -16.468191 -30.450138 18.755910 -75.208380 -40.368980 19.905097 11.952176 -35.366599 -1.288354 0.000000 0.000000 0.000000 23.276245 16.522015 2.703383 66.545846 13.411340 -0.408642 -4.359817 42.490123 -1.217216 0.000000 0.000000 0.000000 
-0.534226 0.905324 -0.366120 1.550061 -28.824092 10.738785 8.255571 2.858979 -32.153585 -8.544973 2.666599 11.638769 20.984023 29.664022 25.279454 0.000000 0.000000 0.000000 -4.330269 5.969933 -36.934298 7.713172 1.187918 28.429024 -7.509161 -20.704225 3.636076 0.000000 0.000000 0.000000 14.305498 -2.137738 44.525019 -1.924239 0.426552 -21.514998 -9.448180 -2.938195 25.590563 12.281230 -8.071106 -21.874745 0.000000 0.000000 0.000000 -15.450846 -30.061344 18.296860 -74.724626 -39.382951 19.146855 10.900640 -34.399997 -1.013187 0.000000 0.000000 0.000000 23.878184 17.076895 2.601180 67.434390 12.934081 -0.522923 -3.220905 42.961193 -0.957571 0.000000 0.000000 0.000000 
-0.540288 0.906644 -0.374282 0.732492 -29.678790 11.203924 9.273997 3.276304 -31.677361 -7.952631 2.315441 9.960830 20.271133 28.356120 26.294360 0.000000 0.000000 0.000000 -2.837951 6.215123 -36.229245 7.277907 1.209262 26.772975 -7.193600 -20.070715 3.788382 0.000000 0.000000 0.000000 13.452627 -1.629627 45.100165 -1.901470 0.386140 -20.965765 -9.574004 -3.417712 25.028835 12.064457 -8.033269 -21.380269 0.000000 0.000000 0.000000 -14.465065 -29.411626 17.675724 -73.052708 -37.929559 17.507569 9.270688 -34.981489 -0.557579 0.000000 0.000000 0.000000 25.174436 17.963273 2.661809 68.287088 13.132157 -0.090912 -3.333361 42.569124 -1.115266 0.000000 0.000000 0.000000 
-0.546354 0.907354 -0.383336 0.113771 -30.573252 11.818159 10.308089 3.770141 -31.498530 -7.323167 2.034368 8.808122 19.807910 27.325608 27.492114 0.000000 0.000000 0.000000 -2.031100 6.569067 -36.475506 7.822305 1.055458 25.990853 -6.893823 -19.816282 4.657104 0.000000 0.000000 0.000000 12.143380 -0.914947 45.665590 -1.728513 0.322760 -20.989142 -9.310001 -3.302159 24.765055 11.814469 -7.903057 -21.109325 0.000000 0.000000 0.000000 -13.644884 -28.719129 17.015674 -71.884649 -36.554247 16.131556 8.553942 -34.690009 -0.364136 0.000000 0.000000 0.000000 25.605349 18.608459 2.931635 70.193312 13.703755 0.313470 -2.847371 42.052774 -0.922831 0.000000 0.000000 0.000000 
-0.551945 0.908586 -0.392586 -0.934980 -31.531061 12.843426 11.411706 4.399616 -31.669764 -6.581920 1.743251 7.706361 19.099202 26.015637 28.681829 0.000000 0.000000 0.000000 -1.024228 7.012694 -36.774695 8.139486 0.948205 24.986357 -6.617526 -19.672350 5.571810 0.000000 0.000000 0.000000 11.146185 -0.323377 45.750821 -2.210864 0.418605 -20.608660 -8.592927 -2.860646 24.536872 11.814431 -7.806379 -21.344433 0.000000 0.000000 0.000000 -13.034046 -28.463118 16.674526 -70.683893 -35.395281 14.901497 8.464451 -34.391808 -0.350628 0.000000 0.000000 0.000000 25.764503 19.293680 3.331537 71.797875 14.534931 0.867229 -2.381287 41.658160 -0.719131 0.000000 0.000000 0.000000 
-0.556957 0.909513 -0.401107 -1.275273 -31.598053 12.979158 12.025417 4.659644 -31.662444 -5.747525 1.481478 7.255016 18.354289 24.924525 29.542054 0.000000 0.000000 0.000000 -0.509273 7.053312 -36.477473 8.509177 0.749072 23.743477 -6.661929 -20.029845 6.437699 0.000000 0.000000 0.000000 10.541832 -0.077198 45.667745 -2.141006 0.399152 -20.542494 -8.331725 -1.979134 24.709485 11.933277 -7.760634 -21.628587 0.000000 0.000000 0.000000 -13.548059 -28.383970 16.697271 -68.933271 -34.843947 13.658565 8.590953 -34.318599 -0.389113 0.000000 0.000000 0.000000 25.993333 19.285698 3.657684 73.325526 15.207922 1.258724 -2.464332 41.226965 -0.587081 0.000000 0.000000 0.000000 
-0.561329 0.911246 -0.407998 -1.732809 -31.627947 13.300770 12.637469 4.973251 -31.929978 -5.271886 1.346107 7.146775 17.432196 23.717644 30.210654 0.000000 0.000000 0.000000 0.155392 7.155840 -36.281539 8.508457 0.646563 22.627460 -6.447235 -20.023717 7.685709 0.000000 0.000000 0.000000 10.150101 0.069377 45.569339 -2.716556 0.545095 -20.307735 -7.410199 -0.743568 24.874735 12.373781 -7.724902 -22.578838 0.000000 0.000000 0.000000 -13.911949 -28.913023 16.897563 -67.404877 -34.977416 13.036036 9.222920 -34.156865 -0.607799 0.000000 0.000000 0.000000 25.935634 19.508171 4.354225 73.807555 16.686021 2.177110 -2.639896 41.152182 -0.429560 0.000000 0.000000 0.000000 
-0.565144 0.913314 -0.412669 -1.758107 -30.831419 13.156211 12.817574 4.960828 -32.202384 -4.831868 1.247470 7.616226 16.345975 22.575550 30.417227 0.000000 0.000000 0.000000 0.148234 6.946850 -35.903994 8.582101 0.487112 21.615293 -6.516361 -20.302919 8.580148 0.000000 0.000000 0.000000 9.971384 -0.016470 45.675013 -2.953595 0.631846 -20.517365 -6.771996 0.403430 25.330972 12.388159 -7.495038 -23.287271 0.000000 0.000000 0.000000 -15.108575 -29.283956 17.255132 -64.759470 -35.357227 12.077988 9.570123 -34.906744 -0.729014 0.000000 0.000000 0.000000 26.183117 19.327830 4.926080 73.205706 17.922547 2.913659 -3.229008 41.810019 -0.394952 0.000000 0.000000 0.000000 
-0.568171 0.915959 -0.414998 -1.673039 -30.163613 12.712678 12.695196 4.636339 -31.558386 -4.574682 1.170856 7.612313 15.573239 21.826588 30.275198 0.000000 0.000000 0.000000 0.381051 6.506930 -34.536697 7.939768 0.456581 20.121935 -6.419973 -20.097548 9.081571 0.000000 0.000000 0.000000 9.312858 0.057224 45.223250 -2.939978 0.633131 -19.885513 -6.220829 2.083913 25.225248 12.664739 -7.249621 -24.346783 0.000000 0.000000 0.000000 -15.822053 -30.051867 17.488310 -63.230605 -35.105724 11.205103 9.787472 -35.225887 -0.841577 0.000000 0.000000 0.000000 26.464505 18.999470 5.609193 72.523273 18.316021 3.075017 -1.951291 43.364291 0.382428 0.000000 0.000000 0.000000 
-0.570667 0.919217 -0.414941 -1.542665 -28.925429 12.638246 12.234292 4.143211 -31.133775 -4.447210 1.099280 7.397153 14.832405 21.244494 29.749897 0.000000 0.000000 0.000000 0.307981 6.034530 -33.383088 7.483607 0.353574 18.543399 -6.038365 -19.326895 9.440493 0.000000 0.000000 0.000000 9.305618 -0.266014 44.599403 -3.224728 0.736220 -19.995845 -5.613654 3.033114 25.361091 12.608323 -6.919671 -25.200888 0.000000 0.000000 0.000000 -16.647303 -30.198522 17.567931 -62.246750 -35.201328 10.798242 9.299268 -36.311415 -0.707449 0.000000 0.000000 0.000000 26.663624 18.907676 6.169617 71.508733 18.772649 3.246480 -1.363860 44.706597 0.849352 0.000000 0.000000 0.000000 
-0.572970 0.922837 -0.412802 -1.146236 -27.479548 12.023803 11.233763 3.433806 -30.621059 -4.379050 1.062826 7.530633 14.129175 20.812928 28.668297 0.000000 0.000000 0.000000 0.066091 5.374055 -31.618230 6.962917 0.275070 17.088176 -5.799754 -18.630114 9.454628 0.000000 0.000000 0.000000 9.262621 -0.614747 43.714236 -3.337105 0.799794 -19.742469 -5.123930 3.896487 25.381382 12.290191 -6.235188 -27.163086 0.000000 0.000000 0.000000 -18.398742 -30.655388 18.131972 -60.456650 -35.172341 10.026617 9.150493 -36.081509 -0.712398 0.000000 0.000000 0.000000 26.245735 18.684296 6.630574 70.978228 19.111681 3.304392 0.102889 46.106303 1.707749 0.000000 0.000000 0.000000 
-0.575738 0.926216 -0.408765 -0.893407 -25.898809 11.898540 10.046126 2.644575 -29.765874 -3.836853 0.852054 6.552036 13.720207 20.693079 27.571906 0.000000 0.000000 0.000000 -0.046359 4.739090 -29.631975 6.217609 0.198933 14.976185 -5.574461 -17.902775 9.203744 0.000000 0.000000 0.000000 9.208756 -1.017514 42.053288 -3.534471 0.885383 -19.354337 -4.667067 4.451612 25.129622 12.217226 -5.968121 -27.810527 0.000000 0.000000 0.000000 -19.211515 -30.615769 18.156879 -59.912461 -34.596168 9.454283 8.741962 -36.414123 -0.602851 0.000000 0.000000 0.000000 26.671686 18.689711 7.043643 69.385980 19.000188 3.115010 1.667978 46.520945 2.488177 0.000000 0.000000 0.000000 
-0.579200 0.928564 -0.402881 -0.300063 -23.835291 11.057745 8.724856 1.759919 -28.392955 -3.484819 0.711648 5.884963 12.989434 20.314205 26.079887 0.000000 0.000000 0.000000 -0.254833 4.067213 -27.420990 5.630762 0.132272 13.509336 -5.689993 -17.790527 9.182644 0.000000 0.000000 0.000000 9.486346 -1.549253 40.702533 -3.632100 0.957303 -19.237631 -4.661839 4.677307 25.109684 11.618426 -5.392437 -28.751266 0.000000 0.000000 0.000000 -20.847081 -30.658777 18.473947 -58.133077 -34.139366 8.563032 7.399777 -35.812670 -0.240718 0.000000 0.000000 0.000000 26.999441 18.677266 7.464672 68.160256 18.755376 2.807119 3.149617 47.096392 3.285810 0.000000 0.000000 0.000000 
-0.583102 0.929895 -0.395173 -0.101587 -22.253870 10.544230 7.718120 1.184061 -27.516565 -3.206549 0.630395 5.909819 12.513919 20.165685 24.485854 0.000000 0.000000 0.000000 -0.326059 3.684242 -26.043477 5.448165 0.107346 13.442111 -6.110686 -18.198304 8.679729 0.000000 0.000000 0.000000 9.942479 -2.026002 39.085850 -4.267416 1.165847 -19.339179 -4.356155 5.138763 25.162491 11.378182 -5.071173 -29.377242 0.000000 0.000000 0.000000 -22.065438 -30.970945 18.781399 -56.630423 -32.886693 7.404601 6.048995 -36.175398 0.135832 0.000000 0.000000 0.000000 27.650569 17.855260 7.360320 66.338902 18.088384 2.191223 6.104260 47.547282 4.699172 0.000000 0.000000 0.000000 
-0.587079 0.930789 -0.386054 0.089065 -20.290342 9.423293 6.732385 0.568052 -25.622995 -3.479321 0.657414 5.785132 12.211202 20.310286 22.703801 0.000000 0.000000 0.000000 -0.514493 3.057178 -23.357776 5.296219 0.049155 13.001347 -6.385435 -18.218765 8.027293 0.000000 0.000000 0.000000 9.866368 -2.299447 37.241414 -4.218080 1.197831 -19.640249 -4.132744 5.838990 25.568111 10.821011 -4.293190 -31.397510 0.000000 0.000000 0.000000 -23.545135 -30.798762 18.726043 -54.990359 -31.798307 6.362343 4.341638 -35.428892 0.586679 0.000000 0.000000 0.000000 28.150082 17.088746 7.449256 64.736330 17.484162 1.578057 8.142061 47.780548 5.785189 0.000000 0.000000 0.000000 
-0.590393 0.931373 -0.375798 0.121636 -18.512765 8.510306 5.890649 0.125031 -24.035872 -3.635167 0.672332 6.008426 11.763200 20.220537 20.814327 0.000000 0.000000 0.000000 -0.437527 2.718623 -21.699049 5.325597 0.033313 13.943541 -7.221542 -19.445498 7.604637 0.000000 0.000000 0.000000 10.251722 -2.641505 35.276122 -4.845993 1.411209 -19.858866 -3.699729 6.088666 26.010326 9.920203 -3.616485 -32.358842 0.000000 0.000000 0.000000 -24.908511 -30.360646 18.598372 -53.246324 -30.260326 5.139672 2.680953 -35.437716 1.063931 0.000000 0.000000 0.000000 28.844226 16.392511 7.388538 63.242463 16.674731 0.901451 9.675570 48.158252 6.620381 0.000000 0.000000 0.000000 
-0.592816 0.932603 -0.364566 0.507920 -16.662287 7.516694 4.795270 -0.309187 -22.354884 -3.833617 0.699550 6.478092 11.356495 20.158494 19.050526 0.000000 0.000000 0.000000 -0.997929 2.278048 -19.643833 5.618612 -0.091071 13.743415 -8.171418 -20.946652 7.515568 0.000000 0.000000 0.000000 10.371743 -2.830215 33.283308 -5.361524 1.597616 -20.743070 -3.329260 6.335153 27.242409 9.162682 -2.900204 -33.971860 0.000000 0.000000 0.000000 -25.855056 -30.057627 18.394241 -52.209351 -29.099201 4.296030 1.990983 -34.370065 1.190050 0.000000 0.000000 0.000000 28.397747 15.571747 7.216011 63.474744 16.768258 0.744511 9.757802 48.424661 6.889090 0.000000 0.000000 0.000000 
-0.594058 0.933159 -0.352462 0.649219 -15.447939 6.365155 3.864217 -0.586242 -20.345617 -3.261683 0.571447 6.771422 11.056339 20.035951 17.939890 0.000000 0.000000 0.000000 -1.183649 1.997458 -18.004148 5.533585 -0.093544 14.403879 -8.994827 -22.239823 7.123066 0.000000 0.000000 0.000000 10.063453 -2.762129 31.135958 -5.180120 1.581817 -20.758157 -3.343772 6.947652 27.674788 8.587947 -2.361724 -34.916769 0.000000 0.000000 0.000000 -25.401434 -29.187621 17.325568 -52.118509 -27.273599 3.415043 0.939160 -34.152501 1.474928 0.000000 0.000000 0.000000 29.091250 14.655994 7.086640 62.821341 16.070054 0.179981 10.405223 48.553367 7.361547 0.000000 0.000000 0.000000 
-0.594562 0.935162 -0.339753 0.862816 -14.217972 5.497601 2.938250 -0.790921 -18.127884 -3.166122 0.530244 6.657084 10.795953 19.970554 16.775540 0.000000 0.000000 0.000000 -1.462879 1.674931 -15.910264 5.522390 -0.162470 13.717301 -9.309382 -22.663245 7.070579 0.000000 0.000000 0.000000 9.947646 -2.701187 28.491487 -6.113452 1.855988 -21.375027 -2.947259 7.123754 28.364913 7.911080 -1.903531 -35.362825 0.000000 0.000000 0.000000 -25.160808 -27.931183 16.244031 -51.611337 -24.974773 2.230051 -0.458008 -33.445303 1.819096 0.000000 0.000000 0.000000 29.983946 13.878573 6.897461 61.741756 14.949256 -0.629484 12.405698 49.880039 8.649973 0.000000 0.000000 0.000000 
-0.594335 0.937374 -0.327276 0.592915 -13.174408 4.688278 2.691938 -0.794472 -15.414203 -3.109244 0.490619 6.003040 10.539306 19.849634 15.800489 0.000000 0.000000 0.000000 -1.478550 1.425235 -13.968791 5.629735 -0.227005 13.482074 -9.381044 -22.692617 7.160464 0.000000 0.000000 0.000000 9.691931 -2.554594 25.901016 -6.302875 1.929706 -21.508602 -2.951926 7.585046 28.533311 7.380595 -1.545825 -35.267889 0.000000 0.000000 0.000000 -26.094334 -26.910643 15.535114 -50.116357 -22.101388 0.801540 -1.004097 -33.229871 1.925971 0.000000 0.000000 0.000000 31.700088 12.601622 6.521687 59.838486 13.241285 -1.729959 16.707707 51.368011 11.182686 0.000000 0.000000 0.000000 
-0.593789 0.940048 -0.315615 0.579382 -12.229350 3.870661 2.239425 -0.798150 -13.324125 -3.030657 0.461719 6.017947 9.974172 19.211061 14.928940 0.000000 0.000000 0.000000 -1.728335 1.170070 -11.901396 5.811953 -0.305206 13.156852 -9.773506 -23.296400 7.219159 0.000000 0.000000 0.000000 9.513162 -2.385388 23.297411 -7.058653 2.151145 -21.782270 -2.990664 7.297016 28.730014 7.010082 -1.345910 -35.381678 0.000000 0.000000 0.000000 -26.283213 -25.640139 14.724795 -49.200018 -19.616774 -0.348410 -1.505853 -32.350081 1.986578 0.000000 0.000000 0.000000 32.643013 11.719363 6.020013 59.138123 12.174047 -2.343227 19.211919 52.160575 12.690086 0.000000 0.000000 0.000000 
-0.593202 0.942142 -0.305441 0.343038 -11.320161 3.223795 2.198741 -0.727050 -11.436653 -2.921391 0.423057 5.627734 9.798002 19.088375 14.601576 0.000000 0.000000 0.000000 -1.702875 1.038951 -10.705033 5.591718 -0.296460 13.228941 -9.675129 -23.075278 7.327546 0.000000 0.000000 0.000000 9.026004 -2.153050 20.944001 -7.344157 2.244951 -21.876736 -2.755224 7.442974 28.844413 6.532315 -1.124132 -34.544809 0.000000 0.000000 0.000000 -26.201834 -24.525699 13.789272 -48.703381 -17.572296 -1.192585 -1.677432 -31.450621 1.944600 0.000000 0.000000 0.000000 33.311766 10.330999 5.349970 58.319851 11.418233 -2.838357 21.024441 53.207717 14.069353 0.000000 0.000000 0.000000 
-0.593011 0.944196 -0.296991 0.250007 -11.200797 2.957388 2.223497 -0.663939 -10.241811 -2.950286 0.428733 5.755514 9.378611 18.511599 14.064802 0.000000 0.000000 0.000000 -1.619594 0.927353 -9.588742 5.100690 -0.219908 12.870723 -9.608951 -22.893519 7.033823 0.000000 0.000000 0.000000 8.555209 -1.886762 18.525420 -7.505935 2.301293 -21.682495 -3.132620 7.805949 28.540533 6.541777 -1.025554 -34.772404 0.000000 0.000000 0.000000 -24.809801 -23.201239 12.557470 -49.167084 -15.955969 -1.803602 -2.121767 -30.997163 2.026729 0.000000 0.000000 0.000000 33.166996 9.186599 4.694614 59.479328 10.838226 -3.161734 20.285462 52.586362 13.625958 0.000000 0.000000 0.000000 
-0.593451 0.945735 -0.290375 -0.185392 -10.600321 2.596883 2.780718 -0.540155 -8.776960 -3.225974 0.463132 5.077357 9.425077 18.660753 14.070249 0.000000 0.000000 0.000000 -1.215715 0.820342 -8.433944 5.059361 -0.250642 12.167494 -9.474360 -22.611801 7.023772 0.000000 0.000000 0.000000 8.287054 -1.693764 16.427689 -7.648461 2.351898 -21.828002 -2.846747 7.851652 28.793391 6.305975 -0.859388 -34.729342 0.000000 0.000000 0.000000 -24.338403 -21.815751 11.522659 -49.742414 -14.686454 -2.326871 -2.507444 -30.413604 2.093556 0.000000 0.000000 0.000000 33.383163 7.445552 3.624720 59.938041 10.300107 -3.512470 19.360380 51.197811 12.855493 0.000000 0.000000 0.000000 
-0.594379 0.947263 -0.285054 -0.606388 -10.188977 2.411452 3.244220 -0.447803 -7.668109 -3.510806 0.505606 4.827671 8.862445 17.888288 13.061012 0.000000 0.000000 0.000000 -0.686376 0.721150 -7.355287 4.650775 -0.221818 10.943837 -9.339026 -22.301454 6.526822 0.000000 0.000000 0.000000 7.844106 -1.478784 14.419244 -7.219866 2.250486 -21.563795 -3.061040 8.102907 28.342873 6.219960 -0.687250 -35.019667 0.000000 0.000000 0.000000 -23.595291 -20.185531 10.242963 -50.134124 -13.029773 -2.939786 -3.648831 -30.385411 2.384438 0.000000 0.000000 0.000000 33.053374 6.409852 3.091215 61.014956 9.559551 -3.911840 16.776772 50.277179 11.443393 0.000000 0.000000 0.000000 
-0.595636 0.948201 -0.280775 -0.724237 -9.484981 2.101237 3.465822 -0.397588 -6.922633 -3.784861 0.541671 4.619043 8.697244 17.692269 13.296802 0.000000 0.000000 0.000000 0.010466 0.586129 -5.967575 3.899964 -0.163900 9.034370 -8.982333 -21.613141 6.589607 0.000000 0.000000 0.000000 7.708535 -1.347033 12.963048 -7.263122 2.287105 -21.437490 -2.958186 8.053273 28.409379 5.922994 -0.490942 -34.928554 0.000000 0.000000 0.000000 -23.037728 -19.148390 9.435152 -51.271497 -12.107181 -3.342593 -4.344834 -30.085176 2.553367 0.000000 0.000000 0.000000 32.771600 5.155498 2.363225 61.988502 8.647212 -4.441900 15.462801 48.625945 10.473968 0.000000 0.000000 0.000000 
-0.596985 0.948691 -0.277160 -0.833710 -8.876955 1.844521 3.517731 -0.369764 -6.389406 -3.700209 0.517406 4.562225 8.316082 17.166985 12.685526 0.000000 0.000000 0.000000 0.403661 0.408822 -4.256405 3.100358 -0.116939 6.756110 -8.952947 -21.559051 7.167936 0.000000 0.000000 0.000000 7.492082 -1.190520 11.378748 -6.851892 2.193908 -21.241262 -3.020738 8.231291 28.406163 5.709629 -0.257259 -35.261394 0.000000 0.000000 0.000000 -22.120039 -17.945365 8.442993 -52.497415 -11.100791 -3.784168 -5.586118 -29.992547 2.869982 0.000000 0.000000 0.000000 32.046975 4.188029 1.935567 63.515945 7.668484 -5.034950 13.449226 46.627536 9.190029 0.000000 0.000000 0.000000 
-0.598613 0.948631 -0.274515 -0.638179 -8.337047 1.480672 3.389709 -0.340749 -5.679847 -3.882139 0.537697 4.270927 8.270188 17.148351 12.692620 0.000000 0.000000 0.000000 0.510263 0.282215 -3.030585 2.645712 -0.101638 5.346180 -9.153420 -21.917146 7.548695 0.000000 0.000000 0.000000 7.221017 -1.048280 10.087216 -6.734441 2.173074 -21.337453 -2.855778 8.250436 28.682517 5.669626 -0.194039 -35.197087 0.000000 0.000000 0.000000 -21.462597 -16.972493 7.726193 -53.802043 -10.283579 -4.222744 -6.398221 -29.949008 3.093974 0.000000 0.000000 0.000000 31.666130 2.974838 1.243095 64.014164 6.332173 -5.821780 13.709471 45.391124 9.069629 0.000000 0.000000 0.000000 
-0.600348 0.948673 -0.272531 -0.549732 -8.135511 1.365235 3.335538 -0.315840 -5.172817 -3.847481 0.526124 4.028039 8.116693 16.930525 12.499523 0.000000 0.000000 0.000000 0.734364 0.155063 -1.833593 2.248692 -0.105372 3.553058 -9.052161 -21.704895 7.519377 0.000000 0.000000 0.000000 6.987655 -0.899824 8.658276 -6.439356 2.107008 -21.069535 -2.858787 8.568231 28.672989 5.569086 -0.072946 -35.160962 0.000000 0.000000 0.000000 -20.573945 -15.984127 6.966656 -55.262281 -9.637084 -4.584252 -6.851269 -29.649900 3.182693 0.000000 0.000000 0.000000 30.760044 2.364017 1.017142 64.983166 5.165216 -6.502701 13.502318 44.237767 8.764108 0.000000 0.000000 0.000000 
-0.602243 0.948469 -0.271201 -0.323667 -7.691334 1.191437 3.175627 -0.308669 -4.879470 -3.827350 0.517714 4.096942 7.911902 16.644735 12.080794 0.000000 0.000000 0.000000 0.709921 0.057133 -0.855636 2.163235 -0.127994 2.497839 -9.180799 -21.924697 7.632519 0.000000 0.000000 0.000000 6.918317 -0.828279 7.925061 -6.495694 2.128653 -21.170069 -2.749824 8.633314 29.053038 5.458596 0.003784 -34.970781 0.000000 0.000000 0.000000 -20.365849 -15.442795 6.566483 -55.601675 -9.085964 -4.899294 -7.360842 -29.733239 3.323275 0.000000 0.000000 0.000000 30.695478 1.899518 0.849425 64.821460 4.621440 -6.864397 13.517316 43.233158 8.567597 0.000000 0.000000 0.000000 
-0.604196 0.948337 -0.270192 -0.122107 -7.471735 1.045816 2.972702 -0.303722 -4.636940 -3.737261 0.500315 4.125703 7.757188 16.415530 11.874933 0.000000 0.000000 0.000000 0.744753 -0.034750 0.050530 2.115480 -0.149126 1.549841 -9.379956 -22.261396 7.508562 0.000000 0.000000 0.000000 6.876485 -0.756691 7.193729 -6.395819 2.108204 -21.103754 -2.685815 8.765374 29.273086 5.644857 -0.105687 -34.410377 0.000000 0.000000 0.000000 -20.324051 -15.103973 6.305741 -55.979317 -8.563244 -5.178894 -7.638145 -29.855500 3.410201 0.000000 0.000000 0.000000 30.425314 1.681080 0.824926 64.823262 4.584417 -6.920595 12.794777 42.070853 8.034655 0.000000 0.000000 0.000000 
-0.606116 0.948256 -0.269467 0.032713 -7.289495 0.813422 2.966809 -0.282209 -4.294266 -3.668345 0.487946 4.268847 7.833907 16.554662 11.609555 0.000000 0.000000 0.000000 0.744416 -0.100161 0.714102 2.100105 -0.165425 0.879008 -9.559695 -22.574177 7.488016 0.000000 0.000000 0.000000 6.987197 -0.696771 6.519632 -6.407184 2.123601 -20.874490 -2.603192 8.931980 29.203770 5.505252 -0.055705 -33.720659 0.000000 0.000000 0.000000 -20.040141 -15.086002 6.189842 -56.366175 -8.254095 -5.332794 -7.856567 -29.499947 3.408602 0.000000 0.000000 0.000000 30.060401 1.547010 0.852033 64.939339 4.282914 -7.088926 12.473211 40.818705 7.629931 0.000000 0.000000 0.000000 
-0.607850 0.948273 -0.268847 0.145952 -7.228214 0.672465 3.021619 -0.249251 -3.814708 -3.665811 0.485157 4.062586 8.037783 16.893300 11.698142 0.000000 0.000000 0.000000 0.750626 -0.163201 1.353234 2.140175 -0.187281 0.123755 -9.677250 -22.776013 7.553571 0.000000 0.000000 0.000000 7.295069 -0.643700 5.822328 -6.396024 2.122827 -20.955523 -2.420699 8.947198 29.554303 5.319770 0.001308 -33.354995 0.000000 0.000000 0.000000 -20.062062 -14.704636 5.984614 -56.629590 -8.076676 -5.472074 -8.111444 -29.251360 3.453912 0.000000 0.000000 0.000000 29.667829 1.387380 0.778926 65.087327 4.433050 -7.039401 11.500254 39.376699 6.955196 0.000000 0.000000 0.000000 
-0.609280 0.948124 -0.268276 0.275668 -7.317500 0.517220 2.975686 -0.216664 -3.302837 -3.624489 0.477487 3.787129 8.222887 17.190428 11.734624 0.000000 0.000000 0.000000 0.597432 -0.191364 1.728009 2.383933 -0.219305 -0.422094 -9.729691 -22.861098 7.610865 0.000000 0.000000 0.000000 7.577988 -0.598333 5.269366 -6.267623 2.090225 -20.808661 -2.405238 9.178801 29.523723 5.435960 -0.050162 -33.122665 0.000000 0.000000 0.000000 -20.150442 -14.719507 5.941007 -56.661005 -7.888404 -5.544850 -8.225408 -29.028383 3.443023 0.000000 0.000000 0.000000 29.369100 1.424164 0.869090 65.008122 4.629247 -6.921331 11.100491 38.468737 6.613176 0.000000 0.000000 0.000000 
-0.610390 0.948306 -0.267739 0.416643 -7.448612 0.451656 3.014057 -0.178698 -2.753758 -3.717364 0.491666 3.441923 8.412937 17.489903 11.970937 0.000000 0.000000 0.000000 0.660382 -0.229362 2.092261 2.616241 -0.240282 -0.568758 -10.018769 -23.365158 7.612903 0.000000 0.000000 0.000000 8.089805 -0.559291 4.702296 -6.464591 2.143572 -20.744613 -2.185789 9.310967 29.629642 5.472669 -0.117401 -32.586676 0.000000 0.000000 0.000000 -20.203917 -14.677979 5.913459 -56.998570 -7.718586 -5.657000 -8.130711 -28.769742 3.390488 0.000000 0.000000 0.000000 29.131757 1.293862 0.802035 65.412643 4.559720 -6.981104 10.364453 37.735973 6.218916 0.000000 0.000000 0.000000 
-0.611239 0.948128 -0.267316 0.596144 -7.462786 0.288090 2.843794 -0.163445 -2.469406 -3.621876 0.476869 3.445111 8.630450 17.840490 11.924622 0.000000 0.000000 0.000000 0.587889 -0.248404 2.341082 2.720827 -0.249241 -0.600977 -10.173010 -23.632551 7.398539 0.000000 0.000000 0.000000 8.492422 -0.539347 4.419272 -6.326541 2.105516 -20.775913 -2.255159 9.536226 29.731840 5.324570 -0.028860 -32.357042 0.000000 0.000000 0.000000 -20.442657 -14.759012 5.904859 -57.106877 -7.491143 -5.760084 -8.094034 -28.357982 3.318370 0.000000 0.000000 0.000000 29.300594 1.579793 1.082646 65.424091 4.842594 -6.852095 9.124302 37.076230 5.687325 0.000000 0.000000 0.000000 
-0.611903 0.948152 -0.267030 0.703289 -7.740356 -0.077760 2.925451 -0.125993 -2.007530 -3.823740 0.513059 3.389722 9.110842 18.572140 12.585803 0.000000 0.000000 0.000000 0.594582 -0.268823 2.570153 2.958327 -0.265618 -0.535596 -10.271434 -23.790639 7.496084 0.000000 0.000000 0.000000 9.013547 -0.532854 4.312120 -6.321832 2.104309 -20.676876 -2.158139 9.503626 29.686441 5.246569 -0.076678 -31.805246 0.000000 0.000000 0.000000 -20.869826 -14.767267 5.987176 -57.278416 -7.188525 -5.905884 -7.992466 -28.110246 3.274259 0.000000 0.000000 0.000000 29.291557 1.728891 1.093645 65.537971 4.679981 -6.926452 8.494003 36.380777 5.321973 0.000000 0.000000 0.000000 
-0.612617 0.947730 -0.266953 0.886517 -7.997577 -0.306293 2.733593 -0.113764 -1.803966 -3.883417 0.529874 3.717566 9.460372 19.100384 12.791060 0.000000 0.000000 0.000000 0.420397 -0.261530 2.618524 3.222543 -0.279753 -0.118345 -10.349228 -23.915514 7.165987 0.000000 0.000000 0.000000 9.454597 -0.560088 4.496285 -6.280901 2.091152 -20.627548 -2.208418 9.577348 29.719311 5.360735 -0.174595 -31.576560 0.000000 0.000000 0.000000 -21.336963 -15.037627 6.186038 -57.213772 -6.996311 -5.982874 -7.842389 -27.844969 3.206098 0.000000 0.000000 0.000000 29.373301 1.958862 1.215682 65.632832 4.660674 -6.947804 8.387741 36.132979 5.234813 0.000000 0.000000 0.000000 
-0.613639 0.947242 -0.266967 1.055376 -8.393586 -0.511097 2.706244 -0.132501 -2.115128 -4.263121 0.619611 4.969512 9.781612 19.581495 12.724573 0.000000 0.000000 0.000000 0.266039 -0.280860 2.958093 3.626815 -0.309714 -0.126090 -10.571859 -24.284058 6.925136 0.000000 0.000000 0.000000 9.779477 -0.602973 4.847206 -6.302941 2.087765 -20.746010 -2.070756 9.343811 29.775946 5.192782 -0.204850 -31.233846 0.000000 0.000000 0.000000 -21.769658 -15.100235 6.405967 -57.299162 -6.956038 -6.035699 -6.914781 -27.619933 2.978032 0.000000 0.000000 0.000000 29.339562 2.307667 1.252984 65.671549 4.541036 -6.996088 8.220190 36.063782 5.123521 0.000000 0.000000 0.000000 
-0.615246 0.946814 -0.267057 1.345640 -8.695792 -0.694619 2.468692 -0.190767 -2.881951 -4.547059 0.713383 6.647819 10.330378 20.412767 12.724979 0.000000 0.000000 0.000000 0.128879 -0.307096 3.381701 3.857488 -0.328213 -0.536619 -10.701779 -24.487122 6.723106 0.000000 0.000000 0.000000 10.095680 -0.646435 5.186655 -6.226208 2.066215 -20.522990 -2.135714 9.489889 29.621604 4.982046 -0.141212 -30.747437 0.000000 0.000000 0.000000 -21.803014 -15.303829 6.531228 -57.511064 -7.048183 -5.993579 -6.071862 -27.144033 2.720129 0.000000 0.000000 0.000000 29.091601 2.533336 1.388462 66.311268 4.525449 -7.012456 7.437061 35.847786 4.842316 0.000000 0.000000 0.000000 
-0.617625 0.946424 -0.267145 1.332802 -8.519843 -1.185959 2.486993 -0.267979 -4.054041 -4.897372 0.880150 10.036781 10.747321 21.122474 11.965354 0.000000 0.000000 0.000000 0.537893 -0.373251 3.815396 3.898552 -0.334837 -0.694254 -11.021552 -25.061161 6.341386 0.000000 0.000000 0.000000 10.199967 -0.735014 5.998453 -5.904735 1.974008 -20.862662 -2.114794 8.974178 29.742983 4.883232 -0.239176 -29.961126 0.000000 0.000000 0.000000 -22.163944 -15.317785 6.685726 -57.797680 -7.423961 -5.867052 -5.016338 -26.296458 2.401400 0.000000 0.000000 0.000000 28.919165 2.771038 1.401060 66.254506 4.508839 -7.014895 7.158379 35.063185 4.583701 0.000000 0.000000 0.000000 
-0.620589 0.946533 -0.266939 1.322304 -8.351721 -1.439216 3.055648 -0.412212 -6.922601 -6.176664 1.433053 15.428210 11.525539 22.305988 11.920845 0.000000 0.000000 0.000000 1.073473 -0.475441 4.512546 3.920750 -0.342997 -1.582322 -10.941757 -24.922724 5.473687 0.000000 0.000000 0.000000 10.228274 -0.828751 6.819804 -5.720766 1.928966 -20.792862 -1.911853 9.000002 29.510756 4.709794 -0.144454 -29.639343 0.000000 0.000000 0.000000 -21.682496 -14.948941 6.375533 -58.047967 -7.345290 -5.904937 -4.667130 -26.114415 2.294204 0.000000 0.000000 0.000000 28.763558 3.024389 1.635351 66.169578 4.744418 -6.865070 6.437047 34.903066 4.340256 0.000000 0.000000 0.000000 
-0.623481 0.946082 -0.265814 1.531716 -7.864875 -1.625238 3.557269 -0.577650 -10.905335 -7.735637 2.250194 21.080620 12.091521 23.142041 11.851803 0.000000 0.000000 0.000000 1.300861 -0.552932 5.134072 3.900239 -0.348791 -2.166320 -11.333838 -25.666119 5.251317 0.000000 0.000000 0.000000 9.567173 -0.890008 7.640402 -5.411048 1.844369 -21.281263 -1.496554 9.158745 29.495759 4.850021 -0.208974 -28.989321 0.000000 0.000000 0.000000 -21.766207 -14.375844 5.900303 -58.141849 -7.124055 -6.001088 -3.826966 -25.538719 2.036238 0.000000 0.000000 0.000000 28.677435 3.299054 1.997442 65.526797 5.454602 -6.460730 5.379842 33.991277 3.891801 0.000000 0.000000 0.000000 
-0.625486 0.945518 -0.262775 1.445764 -8.463239 -1.117472 4.393740 -0.619905 -14.944299 -8.862281 3.087822 25.427269 12.919204 24.086053 13.542022 0.000000 0.000000 0.000000 1.244410 -0.492661 4.555766 4.172586 -0.357627 -1.525539 -11.483781 -25.917298 4.532040 0.000000 0.000000 0.000000 9.690331 -0.875757 7.376849 -5.592235 1.877664 -21.209095 -0.845368 10.230466 29.148941 4.391125 0.246555 -29.652119 0.000000 0.000000 0.000000 -21.879281 -13.421054 5.124199 -57.874848 -5.752551 -6.566757 -5.017209 -26.705529 2.387751 0.000000 0.000000 0.000000 27.814518 3.314860 2.256741 64.906352 5.788697 -6.236503 5.924981 33.103071 3.931507 0.000000 0.000000 0.000000 
-0.626776 0.945623 -0.256995 1.701130 -8.620319 -1.001798 3.837967 -0.778102 -17.358967 -8.903152 3.049453 24.785810 13.276999 24.440738 14.338604 0.000000 0.000000 0.000000 1.014173 -0.508424 4.925514 4.255171 -0.360916 -1.596877 -11.337058 -25.607011 4.927130 0.000000 0.000000 0.000000 9.700099 -0.897958 7.561086 -5.547970 1.860977 -21.412284 -0.103346 11.386321 29.181969 4.026029 0.614037 -29.363515 0.000000 0.000000 0.000000 -22.249588 -13.245673 4.667077 -57.968545 -4.795655 -6.938255 -5.277004 -27.626515 2.490670 0.000000 0.000000 0.000000 26.969977 2.983984 2.433015 64.715067 6.644514 -5.780302 5.198781 32.599510 3.730448 0.000000 0.000000 0.000000 
-0.627504 0.946245 -0.248957 1.865747 -8.986253 -0.948965 3.201418 -0.919699 -18.736543 -9.186592 2.747143 20.355220 13.894198 25.055735 15.727416 0.000000 0.000000 0.000000 1.244799 -0.556882 5.278058 3.579845 -0.305752 -0.736467 -10.626220 -24.248639 4.379184 0.000000 0.000000 0.000000 9.753894 -0.931990 7.863131 -5.468614 1.816459 -22.586421 0.268300 12.400353 29.566014 3.739466 0.937029 -29.692392 0.000000 0.000000 0.000000 -21.755881 -11.720801 3.573875 -59.068654 -2.815324 -8.067252 -6.299543 -28.784242 2.846794 0.000000 0.000000 0.000000 25.870520 2.419354 2.308442 64.378512 7.034521 -5.563847 5.983659 31.994873 3.898625 0.000000 0.000000 0.000000 
-0.628121 0.945200 -0.238508 1.978008 -8.688379 -1.385983 1.494302 -1.242442 -19.056241 -7.899847 1.899714 15.112616 13.515013 24.513380 15.760467 0.000000 0.000000 0.000000 1.495752 -0.747440 7.108620 3.246858 -0.294919 -1.737982 -10.277798 -23.574755 4.172355 0.000000 0.000000 0.000000 9.730952 -0.933903 7.983783 -6.492775 2.101193 -22.567428 1.443520 12.666871 30.351019 4.083947 0.759648 -28.979434 0.000000 0.000000 0.000000 -21.241155 -12.578831 3.932275 -60.116569 -3.090388 -8.126899 -5.222912 -28.049576 2.489502 0.000000 0.000000 0.000000 25.202767 2.073564 2.252483 65.000578 7.673274 -5.246389 4.489737 32.428850 3.624275 0.000000 0.000000 0.000000 
-0.628691 0.943610 -0.225910 2.031380 -8.267114 -1.661695 -0.044579 -1.501461 -18.693944 -6.511999 1.275527 10.916474 12.301912 22.852882 15.464385 0.000000 0.000000 0.000000 1.533219 -0.881374 8.499475 2.890836 -0.278095 -2.010497 -10.155823 -23.347442 3.835941 0.000000 0.000000 0.000000 9.067104 -0.901047 8.065068 -5.891602 1.953471 -22.203944 0.896926 13.143293 30.038408 4.853225 0.405177 -28.483167 0.000000 0.000000 0.000000 -20.684305 -12.500387 3.670673 -60.581899 -3.090493 -8.177493 -3.964513 -26.305516 1.993862 0.000000 0.000000 0.000000 26.078953 2.195044 2.603635 64.233976 7.821457 -5.216271 3.305277 32.948388 3.398049 0.000000 0.000000 0.000000 
-0.629987 0.941034 -0.210752 1.897305 -8.602217 -1.380763 -0.815495 -1.637491 -18.935329 -5.473167 0.944947 8.337256 11.502804 21.684105 15.252390 0.000000 0.000000 0.000000 1.655638 -0.952839 9.174634 2.986411 -0.278209 -1.669892 -10.043228 -23.046847 2.741268 0.000000 0.000000 0.000000 8.802715 -0.842417 7.606290 -6.304475 2.063158 -21.870850 1.536778 14.114450 30.130874 5.022831 0.407552 -28.083626 0.000000 0.000000 0.000000 -20.000603 -13.440743 3.972855 -61.148355 -3.697397 -7.929333 -2.738937 -24.001534 1.516700 0.000000 0.000000 0.000000 26.450710 1.477960 2.448074 63.941812 8.450992 -4.926061 1.744257 32.110074 2.929154 0.000000 0.000000 0.000000 
-0.632033 0.938678 -0.192922 1.375162 -9.826566 -1.355203 -0.722019 -1.522691 -18.020727 -4.879866 0.803562 6.806653 11.743292 21.806563 16.420646 0.000000 0.000000 0.000000 2.022351 -1.054568 10.049199 2.690355 -0.232380 -0.511938 -10.143249 -23.027967 1.658409 0.000000 0.000000 0.000000 8.689910 -0.779643 7.153190 -6.201310 2.006417 -21.974058 1.768905 15.071095 30.450170 5.253991 0.300533 -27.970776 0.000000 0.000000 0.000000 -19.618830 -13.340333 3.906763 -60.836133 -3.430474 -8.070835 -2.661972 -23.001424 1.428875 0.000000 0.000000 0.000000 26.006353 1.547486 2.520410 63.973503 8.478520 -4.914418 2.618162 31.736815 3.116401 0.000000 0.000000 0.000000 
-0.634862 0.937266 -0.173042 1.276221 -10.050981 -1.324293 -0.677719 -1.434490 -16.879802 -4.897928 0.810671 6.707080 11.967100 22.075810 16.904984 0.000000 0.000000 0.000000 1.782246 -1.093196 10.909270 2.408923 -0.196379 0.177476 -9.277159 -21.169139 0.840687 0.000000 0.000000 0.000000 7.743445 -0.675954 6.597332 -5.849104 1.903137 -22.133201 1.486385 15.626479 30.563471 5.179871 0.506810 -28.866110 0.000000 0.000000 0.000000 -18.948218 -12.291262 3.260361 -60.411124 -2.840811 -8.336215 -3.254196 -22.548803 1.492240 0.000000 0.000000 0.000000 26.603748 0.466672 2.022583 64.037110 8.754150 -4.826855 3.380668 31.096567 3.288890 0.000000 0.000000 0.000000 
-0.637997 0.937782 -0.152495 0.905208 -9.970534 -1.375994 -0.258966 -1.277795 -15.461113 -5.296296 0.888335 6.663553 11.650239 21.611771 17.369025 0.000000 0.000000 0.000000 1.992566 -1.201841 11.836323 2.127092 -0.145838 1.352898 -9.114005 -20.957772 2.100800 0.000000 0.000000 0.000000 7.322851 -0.561047 5.593087 -6.482166 2.079257 -22.003049 1.496872 15.624476 30.453755 5.354115 0.483442 -29.586798 0.000000 0.000000 0.000000 -18.834935 -11.975910 3.085516 -59.821616 -2.580632 -8.378074 -3.479753 -21.450418 1.451105 0.000000 0.000000 0.000000 26.876377 0.213790 1.857092 64.894042 7.884539 -5.273297 3.503657 30.263393 3.195091 0.000000 0.000000 0.000000 
-0.641228 0.939844 -0.132664 0.928147 -11.064998 -1.513852 -0.459004 -1.211519 -14.332476 -5.047148 0.883882 7.249058 11.191754 21.101662 15.004192 0.000000 0.000000 0.000000 0.932724 -1.022673 11.826942 2.387922 -0.095696 3.928568 -7.669135 -17.961755 2.167508 0.000000 0.000000 0.000000 6.563288 -0.522732 5.590275 -6.538845 2.057247 -22.855661 1.627870 16.261142 30.670506 6.294339 -0.062239 -29.460760 0.000000 0.000000 0.000000 -18.638686 -10.893744 2.569749 -59.361853 -2.278748 -8.504709 -3.565927 -20.989068 1.438058 0.000000 0.000000 0.000000 26.706962 -0.577388 1.311314 64.890830 7.392725 -5.559707 4.523826 29.798385 3.399727 0.000000 0.000000 0.000000 
-0.644420 0.942668 -0.114437 0.557659 -12.549647 -0.938761 0.413585 -0.953312 -12.389097 -5.884142 1.036389 5.845826 10.710809 20.327064 14.654309 0.000000 0.000000 0.000000 0.631510 -0.846211 10.321076 3.067722 -0.073183 6.840874 -7.189613 -16.956126 2.444307 0.000000 0.000000 0.000000 6.561721 -0.475015 4.978062 -6.980232 2.145561 -22.510019 1.471201 17.254824 29.482957 6.484099 -0.080839 -29.943437 0.000000 0.000000 0.000000 -19.023130 -10.904458 2.499159 -58.004978 -1.459041 -8.529336 -5.491033 -21.110512 1.773021 0.000000 0.000000 0.000000 27.630755 -0.567476 1.320962 65.531782 6.999808 -5.718204 3.743951 28.849251 3.051597 0.000000 0.000000 0.000000 
-0.647375 0.944431 -0.098234 1.170481 -12.995997 -0.917128 -0.223879 -0.979814 -11.674298 -5.063156 0.899676 6.316755 9.956702 19.112921 15.040874 0.000000 0.000000 0.000000 -0.425338 -0.656841 9.741453 4.034522 -0.116733 9.541708 -7.041281 -16.844680 3.343494 0.000000 0.000000 0.000000 6.003068 -0.431656 4.699858 -7.721516 2.345234 -22.249317 1.521142 16.961432 28.971705 7.914049 -1.186846 -28.238005 0.000000 0.000000 0.000000 -19.433039 -10.361350 2.334551 -58.318966 -1.143575 -8.686416 -2.293002 -21.059809 1.209116 0.000000 0.000000 0.000000 27.614631 0.373922 1.768389 65.121677 7.268144 -5.560331 2.746636 27.278550 2.563141 0.000000 0.000000 0.000000 
