v -0.42424631118774414 -0.437862753868103 0.8901232481002808
v -0.25040438771247864 -0.49734100699424744 1.0687912702560425
v -0.07811640202999115 -0.3110084533691406 0.6890939474105835
v 0.036012183874845505 -0.3125649690628052 0.6791787147521973
v 0.17792552709579468 -0.3814935088157654 0.8239516019821167
v 0.39574044942855835 -0.4826805591583252 1.0319877862930298
v -0.356194406747818 -0.47780898213386536 1.0285780429840088
v -0.12112580984830856 -0.3030681014060974 0.679153561592102
v -0.008634135127067566 -0.29180046916007996 0.6572386622428894
v 0.11449498683214188 -0.3452168405056 0.7700979113578796
v 0.25418153405189514 -0.37473875284194946 0.811839759349823
v -0.38087260723114014 -0.42225372791290283 0.9263335466384888
v -0.16544406116008759 -0.3002761900424957 0.6763389110565186
v -0.05323648452758789 -0.2962988018989563 0.6662501096725464
v 0.06233563274145126 -0.3562595248222351 0.7931140661239624
v 0.25350821018218994 -0.4693523049354553 1.0314764976501465
v 0.3628831207752228 -0.4005604088306427 0.8810750246047974
v -0.39077991247177124 -0.5734037160873413 1.2602818012237549
v -0.0986943244934082 -0.3018496334552765 0.6840078830718994
v 0.011637840420007706 -0.29031842947006226 0.6586670875549316
v 0.13991348445415497 -0.3390348553657532 0.7643831372261047
v 0.43009212613105774 -0.566059410572052 1.2403050661087036
v -0.37169551849365234 -0.4478805661201477 0.9815093874931335
v -0.141617551445961 -0.29903480410575867 0.6807122826576233
v -0.029738185927271843 -0.28916135430336 0.6627840995788574
v 0.0902114138007164 -0.34039679169654846 0.7719688415527344
v 0.3036390244960785 -0.4931696355342865 1.0885345935821533
v -0.410903662443161 -0.41080185770988464 0.9072221517562866
v -0.24730578064918518 -0.4479741156101227 1.0121175050735474
v -0.07700888812541962 -0.3038046658039093 0.6947600841522217
v 0.037959903478622437 -0.3002908527851105 0.6809074878692627
v 0.18483878672122955 -0.37071216106414795 0.8427407145500183
v 0.3920957148075104 -0.4621959626674652 1.0425549745559692
v -0.34875378012657166 -0.44031134247779846 1.1066290140151978
v -0.11839175224304199 -0.2955571115016937 0.6793961524963379
v -0.00665819738060236 -0.28516995906829834 0.6582480072975159
v 0.11688681691884995 -0.3368542194366455 0.7721558213233948
v 0.3955685794353485 -0.5463383197784424 1.3062858581542969
v -0.37166866660118103 -0.4044366776943207 0.9131290912628174
v -0.1638476848602295 -0.29407134652137756 0.6784994602203369
v -0.05072784051299095 -0.28791388869285583 0.663080096244812
v 0.06381547451019287 -0.3292654752731323 0.7620455622673035
v 0.26964810490608215 -0.4835766851902008 1.1012595891952515
v 0.3663405776023865 -0.38239479064941406 0.872347354888916
v -0.37871280312538147 -0.5565727949142456 1.2848198413848877
v -0.09700798988342285 -0.29534173011779785 0.6847848296165466
v 0.014106275513768196 -0.285042405128479 0.6608825922012329
v 0.14305226504802704 -0.3308672606945038 0.7644182443618774
v 0.4825390875339508 -0.5870901346206665 1.3618954420089722
v -0.33961349725723267 -0.39536404609680176 0.9104200601577759
v -0.14027969539165497 -0.2934098243713379 0.682491660118103
v -0.02740492857992649 -0.28176194429397583 0.6610825061798096
v 0.09379339963197708 -0.3333195745944977 0.7737633585929871
v 0.32170864939689636 -0.4989722967147827 1.1337882280349731
v -0.42381489276885986 -0.4126739501953125 0.9470568895339966
v -0.19411054253578186 -0.29643580317497253 0.6975992321968079
v -0.07565289735794067 -0.29972490668296814 0.7034134268760681
v 0.04027237370610237 -0.29302605986595154 0.6816743612289429
v 0.1900968700647354 -0.37005841732025146 0.86976557970047
v 0.39704692363739014 -0.4533034563064575 1.0511806011199951
v -0.39612001180648804 -0.5183621644973755 1.182160496711731
v -0.11614315211772919 -0.2876993417739868 0.6780786514282227
v -0.004799905698746443 -0.2788715660572052 0.6575765609741211
v 0.11986622214317322 -0.3299604654312134 0.7738025188446045
v 0.47179707884788513 -0.6281644701957703 1.4733350276947021
v -0.3712446093559265 -0.39448678493499756 0.9232292175292969
v -0.16160032153129578 -0.2889993488788605 0.6811090707778931
v -0.048300616443157196 -0.28203314542770386 0.6674128770828247
v 0.06733784079551697 -0.3220170736312866 0.7593326568603516
v 0.2821114957332611 -0.49645140767097473 1.1535640954971313
v 0.368452787399292 -0.367967426776886 0.866454541683197
v -0.36269980669021606 -0.5253075957298279 1.2708598375320435
v -0.09479944407939911 -0.28772324323654175 0.6824051141738892
v 0.016638800501823425 -0.2792651951313019 0.6619762778282166
v 0.1458655744791031 -0.3235231637954712 0.7654428482055664
v 0.5063808560371399 -0.5869653224945068 1.4004614353179932
v -0.337005078792572 -0.38636812567710876 0.9140867590904236
v -0.1365363448858261 -0.2843885123729706 0.6788744926452637
v -0.02478373423218727 -0.2754940688610077 0.6606950759887695
v 0.09705506265163422 -0.3275561034679413 0.7768099904060364
v 0.34121960401535034 -0.506852388381958 1.1840381622314453
v -0.4541763663291931 -0.4329671859741211 1.0324727296829224
v -0.18933142721652985 -0.2942732274532318 0.7058465480804443
v -0.0737273171544075 -0.29655948281288147 0.7101961970329285
v 0.04269916191697121 -0.2884274423122406 0.6849430799484253
v 0.20001433789730072 -0.3843748867511749 0.9255218505859375
v 0.4075116813182831 -0.4552782475948334 1.0795658826828003
v -0.40484389662742615 -0.5305769443511963 1.26259183883667
v -0.11414860188961029 -0.28087884187698364 0.6772679686546326
v -0.002967064268887043 -0.27043575048446655 0.6538971066474915
v 0.12265117466449738 -0.3234734833240509 0.7763049006462097
v 0.4918103516101837 -0.6429848670959473 1.520308256149292
v -0.37098428606987 -0.3883383274078369 0.9406588673591614
v -0.15905779600143433 -0.28365543484687805 0.6844727993011475
v -0.05002756789326668 -0.2864760756492615 0.6996241807937622
v 0.0718185305595398 -0.32019421458244324 0.7699881792068481
v 0.30091437697410583 -0.5144258737564087 1.2201322317123413
v 0.43707042932510376 -0.4336589276790619 1.0259606838226318
v -0.28785470128059387 -0.42564857006073 1.0422173738479614
v -0.09201493114233017 -0.2803676724433899 0.6798801422119141
v 0.01898079551756382 -0.27420058846473694 0.6644550561904907
v 0.1490451842546463 -0.3159640431404114 0.7668205499649048
v 0.49508634209632874 -0.5697774887084961 1.3719948530197144
v -0.5914930105209351 -0.6590073704719543 1.5807030200958252
v -0.13405826687812805 -0.27828285098075867 0.6786534786224365
v -0.022540172562003136 -0.26973557472229004 0.6606038808822632
v 0.09967269748449326 -0.3208683729171753 0.7787188291549683
v 0.37850096821784973 -0.5373228788375854 1.3051855564117432
v -0.48038363456726074 -0.45064955949783325 1.1051843166351318
v -0.19389402866363525 -0.31418415904045105 0.7533783912658691
v -0.07208237051963806 -0.29174965620040894 0.7132601737976074
v 0.04519277811050415 -0.28398969769477844 0.6912097334861755
v 0.21998678147792816 -0.4172002077102661 1.0471464395523071
v 0.43011385202407837 -0.465793639421463 1.126017451286316
v -0.400714635848999 -0.5204890966415405 1.314164400100708
v -0.11197887361049652 -0.275382399559021 0.6773844361305237
v -0.0009171341662295163 -0.26508617401123047 0.654280424118042
v 0.1254560798406601 -0.31704485416412354 0.7783868312835693
v 0.5109357833862305 -0.6463125348091125 1.5722181797027588
v -0.5820063352584839 -0.5902566909790039 1.4479570388793945
v -0.15692467987537384 -0.27829617261886597 0.6855884790420532
v -0.04787416011095047 -0.2828478217124939 0.705636739730835
v 0.07677241414785385 -0.3159445822238922 0.7777701020240784
v 0.33210623264312744 -0.5464824438095093 1.3242392539978027
v 0.45403042435646057 -0.4440031945705414 1.0542869567871094
v -0.2067812979221344 -0.29356908798217773 0.7037707567214966
v -0.08921002596616745 -0.2740594446659088 0.6819919347763062
v 0.02279406040906906 -0.27200379967689514 0.6783027052879333
v 0.15335722267627716 -0.31346607208251953 0.777167797088623
v 0.4764213562011719 -0.5409412384033203 1.3256961107254028
v -0.6461107730865479 -0.7008447051048279 1.799525260925293
v -0.13228558003902435 -0.2731398046016693 0.6801698207855225
v -0.020078187808394432 -0.26321345567703247 0.6588139533996582
v 0.10239860415458679 -0.3134101629257202 0.7794210314750671
v 0.4199591279029846 -0.5699495673179626 1.4470936059951782
v -0.5100609064102173 -0.47347959876060486 1.1918234825134277
v -0.1820361316204071 -0.2807270586490631 0.6967921853065491
v -0.06880100071430206 -0.28326615691185 0.710547685623169
v 0.04946012794971466 -0.28975409269332886 0.7305561304092407
v 0.23727916181087494 -0.4393220841884613 1.1440963745117188
v 0.43915659189224243 -0.45934468507766724 1.1317368745803833
v -0.3467387557029724 -0.46962881088256836 1.2212650775909424
v -0.10992076247930527 -0.27019762992858887 0.6782634258270264
v 0.0011719043832272291 -0.26114124059677124 0.6570514440536499
v 0.12852391600608826 -0.31081631779670715 0.7803096175193787
v 0.515822172164917 -0.6280143857002258 1.5756827592849731
v -0.6583375930786133 -0.6413591504096985 1.6520309448242188
v -0.15524984896183014 -0.2737221419811249 0.6892833709716797
v -0.04559808969497681 -0.27882423996925354 0.7062112092971802
v 0.08067765086889267 -0.3092007339000702 0.781072199344635
v 0.36570003628730774 -0.5663048028945923 1.4117472171783447
v 0.4608873426914215 -0.4396255910396576 1.0643079280853271
v -0.20511923730373383 -0.28303971886634827 0.7042161226272583
v -0.08735743910074234 -0.26881879568099976 0.6866048574447632
v 0.024774445220828056 -0.26611602306365967 0.6754142045974731
v 0.1574622243642807 -0.31188878417015076 0.7843033671379089
v 0.4695531725883484 -0.5113459825515747 1.307020902633667
v -0.5544658899307251 -0.6307960748672485 1.7116782665252686
v -0.13102959096431732 -0.26887083053588867 0.6840182542800903
v -0.01795622892677784 -0.25847581028938293 0.660022497177124
v 0.10506335645914078 -0.30671191215515137 0.78087317943573
v 0.43066370487213135 -0.5612866878509521 1.4776499271392822
v -0.5688890218734741 -0.5120276212692261 1.3174093961715698
v -0.17937590181827545 -0.2733210623264313 0.6982756853103638
v -0.0657503753900528 -0.2765531837940216 0.7096436023712158
v 0.05193965137004852 -0.28531312942504883 0.732926607131958
v 0.24301974475383759 -0.4310099184513092 1.1454331874847412
v 0.44363313913345337 -0.44835978746414185 1.1314603090286255
v -0.2517440617084503 -0.3361886441707611 0.8454858064651489
v -0.10812325775623322 -0.26529601216316223 0.6821279525756836
v 0.0032902632374316454 -0.25813567638397217 0.6631660461425781
v 0.13302214443683624 -0.30507221817970276 0.7847232818603516
v 0.5008965134620667 -0.597605288028717 1.523352861404419
v -0.6699907779693604 -0.6535800695419312 1.7263641357421875
v -0.15602777898311615 -0.2697222828865051 0.6996631622314453
v -0.04326166957616806 -0.2731466293334961 0.7074624300003052
v 0.08347466588020325 -0.3020314872264862 0.7816227674484253
v 0.3773730993270874 -0.5555055141448975 1.4275128841400146
v 0.46992895007133484 -0.43428346514701843 1.0751838684082031
v -0.20347346365451813 -0.2745717763900757 0.706384539604187
v -0.0901370644569397 -0.2772270441055298 0.7281588315963745
v 0.028411880135536194 -0.2598569393157959 0.6769586801528931
v 0.16112753748893738 -0.305827796459198 0.7866756916046143
v 0.473326712846756 -0.49173107743263245 1.310628890991211
v -0.35461172461509705 -0.4225275218486786 1.1184742450714111
v -0.129887655377388 -0.26495254039764404 0.6894918084144592
v -0.01627342589199543 -0.25460177659988403 0.6643297672271729
v 0.10691327601671219 -0.29825037717819214 0.7797411680221558
v 0.4152545630931854 -0.5356405973434448 1.4407498836517334
v -0.6811996698379517 -0.5819433927536011 1.5544559955596924
v -0.1778288334608078 -0.26786190271377563 0.7023186683654785
v -0.0638396218419075 -0.271749347448349 0.7137377262115479
v 0.0536220520734787 -0.2809893786907196 0.735909104347229
v 0.25136512517929077 -0.41966408491134644 1.1599187850952148
v 0.4457770884037018 -0.43751996755599976 1.1311755180358887
v -0.22568458318710327 -0.27653878927230835 0.7091388702392578
v -0.10986282676458359 -0.27283117175102234 0.7280473709106445
v 0.00586804049089551 -0.2545230984687805 0.6688875555992126
v 0.13682007789611816 -0.3000398278236389 0.7882196307182312
v 0.48481377959251404 -0.5647491812705994 1.4642658233642578
v -0.654914379119873 -0.6431137323379517 1.7775421142578125
v -0.15498317778110504 -0.26442402601242065 0.705129861831665
v -0.04044399783015251 -0.2682171165943146 0.7130385041236877
v 0.08553045988082886 -0.2947693467140198 0.7818434238433838
v 0.3764483332633972 -0.5273277759552002 1.417051911354065
v 0.4777225852012634 -0.42784929275512695 1.084262728691101
v -0.20134557783603668 -0.2683391869068146 0.7082916498184204
v -0.08848489075899124 -0.27196624875068665 0.732128381729126
v 0.03200575336813927 -0.269106388092041 0.7171955108642578
v 0.16375082731246948 -0.29916152358055115 0.7879629135131836
v 0.4634067118167877 -0.467917263507843 1.2788825035095215
v -0.24913187325000763 -0.2773706316947937 0.7109686136245728
v -0.12865403294563293 -0.2605701684951782 0.6955669522285461
v -0.014361066743731499 -0.2503891587257385 0.6693922281265259
v 0.10969194769859314 -0.2923097610473633 0.7823984622955322
v 0.4096636474132538 -0.5139368772506714 1.4201829433441162
v -0.7663670182228088 -0.6374661922454834 1.7834258079528809
v -0.17593079805374146 -0.26276302337646484 0.7073668837547302
v -0.06145988032221794 -0.2667276859283447 0.717200756072998
v 0.056613367050886154 -0.2759593725204468 0.7410902380943298
v 0.27022725343704224 -0.43755292892456055 1.2400637865066528
v 0.44725847244262695 -0.4260563552379608 1.1314761638641357
v -0.22340917587280273 -0.2683958113193512 0.712476909160614
v -0.10943008959293365 -0.26716575026512146 0.7300081253051758
v 0.00984896905720234 -0.2564394176006317 0.6946265697479248
v 0.13901305198669434 -0.293853223323822 0.7897007465362549
v 0.477694034576416 -0.5344527959823608 1.4300512075424194
v -0.513965904712677 -0.534808874130249 1.586134672164917
v -0.15216930210590363 -0.2588692009449005 0.7056587934494019
v -0.03719369322061539 -0.2616766393184662 0.7137625813484192
v 0.0879533588886261 -0.288085013628006 0.7836296558380127
v 0.37394142150878906 -0.49796372652053833 1.4012176990509033
v 0.4779590964317322 -0.4085778295993805 1.0763311386108398
v -0.19824306666851044 -0.2609608471393585 0.7078253030776978
v -0.08618079125881195 -0.2668018341064453 0.7316983938217163
v 0.03421308472752571 -0.2695131301879883 0.7314043641090393
v 0.1664489209651947 -0.2918531894683838 0.7893251776695251
v 0.4262029826641083 -0.42683732509613037 1.1804486513137817
v -0.2466191202402115 -0.26678022742271423 0.711124062538147
v -0.12749285995960236 -0.2562319338321686 0.7019604444503784
v -0.012322616763412952 -0.2454472780227661 0.6716945767402649
v 0.1125265583395958 -0.2863280177116394 0.7858235836029053
v 0.4118351638317108 -0.5003502368927002 1.4133028984069824
v -0.7519012093544006 -0.620846688747406 1.8201102018356323
v -0.1740492731332779 -0.2576485574245453 0.710064709186554
v -0.059832341969013214 -0.2628198266029358 0.724348783493042
v 0.061501652002334595 -0.27823156118392944 0.7694239616394043
v 0.27665531635284424 -0.41672396659851074 1.2315422296524048
v 0.39827296137809753 -0.37148454785346985 0.9902175068855286
v -0.22194889187812805 -0.2615819275379181 0.7149323225021362
v -0.10757063329219818 -0.26175037026405334 0.7320609092712402
v 0.012853026390075684 -0.2551984488964081 0.71266770362854
v 0.14134173095226288 -0.2864413261413574 0.7906389832496643
v 0.48310306668281555 -0.5161658525466919 1.4156337976455688
v -0.2926909029483795 -0.3018735349178314 0.7975027561187744
v -0.14926818013191223 -0.2539306879043579 0.7047397494316101
v -0.03379359096288681 -0.24525265395641327 0.6806946396827698
v 0.09075945615768433 -0.2836264967918396 0.7886409163475037
v 0.21455246210098267 -0.3289211094379425 0.9070261716842651
v -0.5737860202789307 -0.4336746335029602 1.096603274345398
v -0.19565199315547943 -0.25404512882232666 0.7078366279602051
v -0.0833113044500351 -0.2612735629081726 0.7321556210517883
v 0.03815889358520508 -0.27047982811927795 0.7549159526824951
v 0.16946421563625336 -0.28548625111579895 0.7917633056640625
v 0.39551737904548645 -0.3914168179035187 1.0908936262130737
v -0.24413146078586578 -0.2597086429595947 0.713481068611145
v -0.12729625403881073 -0.25339603424072266 0.7125113010406494
v -0.01013816986232996 -0.23992905020713806 0.6707964539527893
v 0.11527389287948608 -0.2808174192905426 0.7886453866958618
v 0.4168752133846283 -0.49116361141204834 1.4207937717437744
v -0.58143150806427 -0.5064811706542969 1.551393985748291
v -0.17192716896533966 -0.25205424427986145 0.711111843585968
v -0.05808096379041672 -0.2590378224849701 0.7335090637207031
v 0.06333097815513611 -0.27476218342781067 0.772938072681427
v 0.23763048648834229 -0.3433821201324463 1.011545181274414
v 0.41820698976516724 -0.3716698884963989 1.0320407152175903
v -0.22059322893619537 -0.2545962333679199 0.7173401713371277
v -0.10559932142496109 -0.2568736970424652 0.7332425117492676
v 0.015473846346139908 -0.25238651037216187 0.719240128993988
v 0.14401809871196747 -0.2807321846485138 0.792023777961731
v 0.49639829993247986 -0.5010907649993896 1.4175834655761719
v -0.2830675542354584 -0.2804184556007385 0.7694535851478577
v -0.147508904337883 -0.24888336658477783 0.7064891457557678
v -0.031583402305841446 -0.23881520330905914 0.678715705871582
v 0.0933280736207962 -0.2787643074989319 0.7926474809646606
v 0.23154784739017487 -0.2986101508140564 0.817778468132019
v -0.6047124862670898 -0.45491328835487366 1.372464656829834
v -0.19363155961036682 -0.2484016865491867 0.7096954584121704
v -0.08063799142837524 -0.2557820677757263 0.7343791723251343
v 0.04062444716691971 -0.27225539088249207 0.7769884467124939
v 0.17252399027347565 -0.2797585427761078 0.7949511408805847
v 0.38978469371795654 -0.373976469039917 1.0530797243118286
v -0.24210615456104279 -0.25270941853523254 0.7158029079437256
v -0.12661609053611755 -0.2542659342288971 0.7433116436004639
v -0.007792155258357525 -0.23458550870418549 0.6718695163726807
v 0.11812923103570938 -0.27484044432640076 0.7903693914413452
v 0.42119669914245605 -0.48321178555488586 1.4248261451721191
v -0.31821444630622864 -0.2911805212497711 0.793980598449707
v -0.1696544885635376 -0.2456105500459671 0.7106578350067139
v -0.05531631410121918 -0.2555190622806549 0.7395269274711609
v 0.06476295739412308 -0.26119211316108704 0.750625729560852
v 0.20364613831043243 -0.29300037026405334 0.8266408443450928
v 0.42401471734046936 -0.3651318848133087 1.0347434282302856
v -0.21836945414543152 -0.24853302538394928 0.7182284593582153
v -0.10383153706789017 -0.2518937289714813 0.7359387874603271
v 0.01712777651846409 -0.2459520846605301 0.7161173820495605
v 0.1461300551891327 -0.2729094326496124 0.790433406829834
v 0.3225991129875183 -0.3410397171974182 0.9618507027626038
v -0.28436094522476196 -0.27146676182746887 0.7714425325393677
v -0.14618872106075287 -0.2438352257013321 0.7112491130828857
v -0.028717638924717903 -0.2333909273147583 0.6813066005706787
v 0.09587372094392776 -0.2727057933807373 0.7958572506904602
v 0.23496387898921967 -0.28868505358695984 0.8187601566314697
v -0.3573540151119232 -0.29243338108062744 0.8044000267982483
v -0.1901143193244934 -0.2417045682668686 0.7089360356330872
v -0.0783272311091423 -0.25104159116744995 0.7383349537849426
v 0.04322299361228943 -0.265293151140213 0.7766925692558289
v 0.1744077056646347 -0.273359477519989 0.7955758571624756
v 0.3932502865791321 -0.3626839816570282 1.047338604927063
v -0.2383051961660385 -0.24459905922412872 0.7149379253387451
v -0.12559224665164948 -0.2491062879562378 0.74644535779953
v -0.005659548100084066 -0.23026561737060547 0.6769187450408936
v 0.12117086350917816 -0.26898548007011414 0.7923229932785034
v 0.4300640821456909 -0.47466087341308594 1.4311258792877197
v -0.30826136469841003 -0.26896876096725464 0.7696880102157593
v -0.16785404086112976 -0.23985396325588226 0.7128229737281799
v -0.05522904917597771 -0.26049864292144775 0.7763316631317139
v 0.06663863360881805 -0.25352707505226135 0.749530553817749
v 0.20673228800296783 -0.2828303873538971 0.8183075785636902
v 0.430557519197464 -0.3565197288990021 1.0409151315689087
v -0.21668420732021332 -0.24260146915912628 0.7202562093734741
v -0.10225864499807358 -0.24741128087043762 0.7413219213485718
v 0.019299155101180077 -0.23940706253051758 0.7165980339050293
v 0.14788992702960968 -0.26523450016975403 0.7892650365829468
v 0.3326345980167389 -0.33916664123535156 0.9822559356689453
v -0.28407350182533264 -0.26400861144065857 0.7747186422348022
v -0.14609865844249725 -0.2393082231283188 0.7200575470924377
v -0.02269350178539753 -0.2754640579223633 0.8349566459655762
v 0.09943073987960815 -0.26682502031326294 0.7968422174453735
v 0.23845629394054413 -0.28000855445861816 0.821455717086792
v -0.3495883643627167 -0.2798907458782196 0.7998294234275818
v -0.1871871054172516 -0.23515337705612183 0.709022045135498
v -0.07617931067943573 -0.24610064923763275 0.7433093786239624
v 0.04507442191243172 -0.25873950123786926 0.7753922939300537
v 0.17680789530277252 -0.26667577028274536 0.7959755063056946
v 0.39865946769714355 -0.3534700870513916 1.0497238636016846
v -0.23447318375110626 -0.23705987632274628 0.7132487297058105
v -0.12365566939115524 -0.2440466284751892 0.7469702959060669
v -0.003467993810772896 -0.22574864327907562 0.6842523813247681
v 0.12422918528318405 -0.263721227645874 0.793872058391571
v 0.4357749819755554 -0.4567324221134186 1.4273643493652344
v -0.306917279958725 -0.25926023721694946 0.7711614966392517
v -0.1650647521018982 -0.2346581071615219 0.7193518280982971
v -0.05328386649489403 -0.26101788878440857 0.7998722195625305
v 0.06891141831874847 -0.2461429238319397 0.7486913204193115
v 0.21038015186786652 -0.2762625813484192 0.819046676158905
v 0.4360108971595764 -0.3476865589618683 1.0431417226791382
v -0.21413226425647736 -0.23653234541416168 0.7199171781539917
v -0.10031453520059586 -0.24276497960090637 0.7442864179611206
v 0.021294569596648216 -0.23403793573379517 0.7186379432678223
v 0.15029068291187286 -0.25900334119796753 0.7895292043685913
v 0.3853208124637604 -0.3690325617790222 1.122448205947876
v -0.2816718518733978 -0.2556629478931427 0.7758888602256775
v -0.14414085447788239 -0.23543237149715424 0.7244479656219482
v -0.022798221558332443 -0.22469086945056915 0.6917999386787415
v 0.09519992768764496 -0.24362625181674957 0.7502636313438416
v 0.2488681823015213 -0.28220266103744507 0.8595789074897766
v -0.3396454453468323 -0.26630067825317383 0.7896561622619629
v -0.18460117280483246 -0.2290211170911789 0.7083101272583008
v -0.0733846053481102 -0.24175292253494263 0.7588235139846802
v 0.04678524285554886 -0.25124889612197876 0.7745276093482971
v 0.17909370362758636 -0.2593155801296234 0.7957520484924316
v 0.4041628837585449 -0.3438953161239624 1.0525736808776855
v -0.2322661429643631 -0.2312880903482437 0.7147679924964905
v -0.12178737670183182 -0.2388414442539215 0.7491456270217896
v -0.0014531841734424233 -0.22092320024967194 0.688092827796936
v 0.12691472470760345 -0.2579086720943451 0.7946426272392273
v 0.449375182390213 -0.44128409028053284 1.4367870092391968
v -0.3067986071109772 -0.25269389152526855 0.7773799896240234
v -0.1628318876028061 -0.2302541881799698 0.7232670783996582
v -0.04675614461302757 -0.22644548118114471 0.7021922469139099
v 0.07108379900455475 -0.23944981396198273 0.7480616569519043
v 0.2125972956418991 -0.2672048509120941 0.8169370889663696
v 0.4404236376285553 -0.33873671293258667 1.0440731048583984
v -0.20581211149692535 -0.2254546582698822 0.7089400291442871
v -0.09848321974277496 -0.2371167093515396 0.750606894493103
v 0.023279637098312378 -0.22938048839569092 0.720448911190033
v 0.1531641036272049 -0.25280457735061646 0.790535032749176
v 0.371207594871521 -0.34741246700286865 1.0892301797866821
v -0.27868056297302246 -0.24782605469226837 0.7759475111961365
v -0.14235158264636993 -0.23212772607803345 0.7317047119140625
v -0.021224843338131905 -0.21726393699645996 0.6850056648254395
v 0.09817244112491608 -0.2381099909543991 0.757107675075531
v 0.259024053812027 -0.28929394483566284 0.9203629493713379
v -0.3329075574874878 -0.25401976704597473 0.7822720408439636
v -0.18217116594314575 -0.22201883792877197 0.7069196701049805
v -0.07137580960988998 -0.23893512785434723 0.7693518400192261
v 0.04851730167865753 -0.2398030161857605 0.760504961013794
v 0.18093657493591309 -0.2515529692173004 0.7947772741317749
v 0.4088969826698303 -0.3350428640842438 1.0545517206192017
v -0.22903551161289215 -0.22565416991710663 0.7150018811225891
v -0.11982801556587219 -0.23337534070014954 0.7507529854774475
v 0.0036138638388365507 -0.21991543471813202 0.7115904092788696
v 0.12280984222888947 -0.23821225762367249 0.762187659740448
v 0.4278877079486847 -0.3944318890571594 1.3662691116333008
v -0.30691561102867126 -0.2476513385772705 0.7840542793273926
v -0.1614801287651062 -0.2248339205980301 0.7240923643112183
v -0.045409783720970154 -0.24139542877674103 0.7837297916412354
v 0.07322902232408524 -0.23317289352416992 0.748470664024353
v 0.21079041063785553 -0.2532859742641449 0.8050408363342285
v 0.4442756175994873 -0.32828089594841003 1.0435214042663574
v -0.202288419008255 -0.2177070528268814 0.7051270008087158
v -0.0964755266904831 -0.2319497913122177 0.7587963342666626
v 0.025471314787864685 -0.2230958640575409 0.7206403017044067
v 0.15574094653129578 -0.2461913824081421 0.7909522652626038
v 0.36881452798843384 -0.33057501912117004 1.0661091804504395
v -0.27596956491470337 -0.24082797765731812 0.7759419679641724
v -0.14079511165618896 -0.2305915206670761 0.7548696994781494
v -0.01910051517188549 -0.2106783241033554 0.6832746863365173
v 0.10116705298423767 -0.23287774622440338 0.7601114511489868
v 0.2520509362220764 -0.2675475776195526 0.8660488724708557
v -0.33035367727279663 -0.24568316340446472 0.7817556858062744
v -0.18022798001766205 -0.21620289981365204 0.7076430320739746
v -0.06968008726835251 -0.2349979281425476 0.7718657851219177
v 0.05195125192403793 -0.2303907573223114 0.7498526573181152
v 0.18350806832313538 -0.24470525979995728 0.7952811121940613
v 0.41330304741859436 -0.3259657323360443 1.0554426908493042
v -0.22595687210559845 -0.2173931747674942 0.7104552388191223
v -0.1175742894411087 -0.22801938652992249 0.7521389126777649
v 0.006122534163296223 -0.21649940311908722 0.711749792098999
v 0.12539702653884888 -0.23133045434951782 0.7593510746955872
v 0.33198702335357666 -0.3027730882167816 1.0240381956100464
v -0.3055654764175415 -0.24198469519615173 0.7871585488319397
v -0.1598307192325592 -0.21894633769989014 0.7234693169593811
v -0.039293937385082245 -0.2160748392343521 0.7132512331008911
v 0.07673704624176025 -0.22677935659885406 0.7507100701332092
v 0.21279896795749664 -0.24567492306232452 0.8034481406211853
v 0.4477331340312958 -0.31775057315826416 1.041530966758728
v -0.20018437504768372 -0.2120181769132614 0.705130934715271
v -0.09466365724802017 -0.22753381729125977 0.7644515633583069
v 0.027677984908223152 -0.2149241417646408 0.7166150808334351
v 0.1572810858488083 -0.23816153407096863 0.7887378334999084
v 0.3741609454154968 -0.32048872113227844 1.0618107318878174
v -0.2427428811788559 -0.21044930815696716 0.6952378749847412
v -0.13916581869125366 -0.22489787638187408 0.7557835578918457
v -0.0168610867112875 -0.20511865615844727 0.6839874982833862
v 0.10364361852407455 -0.22711780667304993 0.7608970403671265
v 0.2466399073600769 -0.24912478029727936 0.8156301975250244
v -0.328827828168869 -0.2391791045665741 0.7853461503982544
v -0.17846818268299103 -0.2104780524969101 0.7086604833602905
v -0.060533344745635986 -0.20676618814468384 0.6898796558380127
v 0.05550204962491989 -0.22392208874225616 0.7488954067230225
v 0.18927302956581116 -0.23937708139419556 0.8003982305526733
v 0.41732358932495117 -0.3170444667339325 1.0557063817977905
v -0.2234279215335846 -0.21095699071884155 0.7080897092819214
v -0.11569806933403015 -0.2229686975479126 0.7581709027290344
v 0.006179967895150185 -0.20543694496154785 0.6976357698440552
v 0.12884080410003662 -0.22616606950759888 0.7583450078964233
v 0.27647674083709717 -0.24889621138572693 0.8102035522460938
v -0.3047035336494446 -0.2364097535610199 0.791664719581604
v -0.15794584155082703 -0.21369881927967072 0.7258138060569763
v -0.03602129966020584 -0.19881384074687958 0.6777656078338623
v 0.0803677961230278 -0.22164851427078247 0.7542237043380737
v 0.2154466062784195 -0.23821523785591125 0.8029729723930359
v 0.4520096182823181 -0.3081454932689667 1.0384167432785034
v -0.1972358226776123 -0.20573879778385162 0.703567385673523
v -0.09280116856098175 -0.22345277667045593 0.769046425819397
v 0.029717687517404556 -0.20751483738422394 0.712395429611206
v 0.1597217619419098 -0.231702983379364 0.7886987924575806
v 0.37975579500198364 -0.31225618720054626 1.062294602394104
v -0.23888860642910004 -0.20334596931934357 0.6912878751754761
v -0.13731874525547028 -0.21901124715805054 0.7587985396385193
v -0.017113549634814262 -0.19582980871200562 0.679564356803894
v 0.10608509182929993 -0.22210264205932617 0.7612641453742981
v 0.24883657693862915 -0.2403792440891266 0.8145191073417664
v -0.3275182545185089 -0.23307552933692932 0.7894949913024902
v -0.1764155477285385 -0.2047521471977234 0.7091387510299683
v -0.05888773500919342 -0.19993357360363007 0.686060905456543
v 0.05878559499979019 -0.21666911244392395 0.7513903379440308
v 0.19279874861240387 -0.23349493741989136 0.802262544631958
v 0.42088043689727783 -0.30752527713775635 1.055498480796814
v -0.2181137502193451 -0.20187774300575256 0.7004936933517456
v -0.11438867449760437 -0.21769239008426666 0.7634134292602539
v 0.00852127280086279 -0.1995890587568283 0.6966099739074707
v 0.1379271149635315 -0.22773312032222748 0.7915967106819153
v 0.27933645248413086 -0.2410937249660492 0.8114826679229736
v -0.30357080698013306 -0.23101703822612762 0.7970828413963318
v -0.15771907567977905 -0.21026678383350372 0.7460410594940186
v -0.034259531646966934 -0.19218023121356964 0.6749405264854431
v 0.08362001925706863 -0.2165263444185257 0.756473183631897
v 0.21759876608848572 -0.23203620314598083 0.803046464920044
v 0.45751965045928955 -0.29756972193717957 1.034899353981018
v -0.19510948657989502 -0.20010031759738922 0.7036821246147156
v -0.09121346473693848 -0.2183213233947754 0.7713861465454102
v 0.03201920539140701 -0.20190729200839996 0.7126779556274414
v 0.1631249487400055 -0.22643348574638367 0.7910512089729309
v 0.38588809967041016 -0.3027089536190033 1.0628929138183594
v -0.23700590431690216 -0.19817790389060974 0.6934491395950317
v -0.1355944722890854 -0.2136862426996231 0.7644282579421997
v -0.013251600787043571 -0.1887275129556656 0.6730725765228271
v 0.10777216404676437 -0.21519413590431213 0.7589136362075806
v 0.2497890144586563 -0.23270829021930695 0.8120051026344299
v -0.3271341025829315 -0.22710847854614258 0.7947400808334351
v -0.17402532696723938 -0.1986519694328308 0.7083529233932495
v -0.055983204394578934 -0.19144101440906525 0.6816273927688599
v 0.06130313500761986 -0.21156425774097443 0.7551629543304443
v 0.19576315581798553 -0.22604678571224213 0.8044331669807434
v 0.4242851436138153 -0.2983698546886444 1.0552597045898438
v -0.21424205601215363 -0.19504210352897644 0.6967308521270752
v -0.11290884763002396 -0.21209190785884857 0.7661011219024658
v 0.012760395184159279 -0.19589635729789734 0.7071515321731567
v 0.13891109824180603 -0.22076983749866486 0.7894927263259888
v 0.28313151001930237 -0.2340686321258545 0.8140647411346436
v -0.29985982179641724 -0.22362886369228363 0.7965328097343445
v -0.15638568997383118 -0.20645534992218018 0.7485500574111938
v -0.03243739902973175 -0.18589244782924652 0.6724741458892822
v 0.08537718653678894 -0.21003800630569458 0.75520259141922
v 0.22330187261104584 -0.2257976233959198 0.8092359304428101
v -0.3568308353424072 -0.219406858086586 0.7789479494094849
v -0.19242197275161743 -0.1940038949251175 0.7021192312240601
v -0.07891155034303665 -0.1916041523218155 0.6900583505630493
v 0.034694064408540726 -0.19718869030475616 0.7155713438987732
v 0.1645813137292862 -0.218473881483078 0.7873309254646301
v 0.3925424814224243 -0.29502072930336 1.0665472745895386
v -0.23700182139873505 -0.19412098824977875 0.6998393535614014
v -0.1344321370124817 -0.20857390761375427 0.7686605453491211
v -0.010586208663880825 -0.18376998603343964 0.6741217374801636
v 0.11001536250114441 -0.20878899097442627 0.7584539651870728
v 0.25230279564857483 -0.22570151090621948 0.8123579025268555
v -0.3260847330093384 -0.2211364358663559 0.7969896793365479
v -0.17108969390392303 -0.19237832725048065 0.7071405649185181
v -0.05200415477156639 -0.18273405730724335 0.6720016002655029
v 0.06375306844711304 -0.20618301630020142 0.7563817501068115
v 0.1993015706539154 -0.2203110158443451 0.8101853728294373
v 0.427420973777771 -0.2886446714401245 1.0545012950897217
v -0.21180176734924316 -0.18936194479465485 0.6971100568771362
v -0.11125650256872177 -0.2060319483280182 0.7685006260871887
v 0.014835063368082047 -0.1917344629764557 0.7100645303726196
v 0.14161266386508942 -0.21442879736423492 0.790891706943512
v 0.32593321800231934 -0.269665390253067 0.9758623838424683
v -0.2691139578819275 -0.1975027173757553 0.7241361141204834
v -0.15468935668468475 -0.2002650499343872 0.7488987445831299
v -0.030808737501502037 -0.1804206818342209 0.6719042062759399
v 0.0868302434682846 -0.20343174040317535 0.7540585398674011
v 0.2266414910554886 -0.2201068252325058 0.8122597932815552
v -0.34175482392311096 -0.20738455653190613 0.772256076335907
v -0.18942655622959137 -0.18780198693275452 0.7001718282699585
v -0.07621984928846359 -0.18452709913253784 0.6862221956253052
v 0.03753853216767311 -0.19231630861759186 0.7223023176193237
v 0.16778875887393951 -0.21317273378372192 0.7910730838775635
v 0.39596298336982727 -0.28550538420677185 1.066454529762268
v -0.2435550093650818 -0.19153806567192078 0.7272942066192627
v -0.13308796286582947 -0.20304226875305176 0.7721038460731506
v -0.008090277202427387 -0.18039824068546295 0.6806550025939941
v 0.11398671567440033 -0.20292651653289795 0.7618851065635681
v 0.25660231709480286 -0.21994152665138245 0.8173243999481201
v -0.32229894399642944 -0.2119470238685608 0.7925167083740234
v -0.16824668645858765 -0.18609938025474548 0.7057619690895081
v -0.04962855204939842 -0.17702965438365936 0.6705515384674072
v 0.05734803155064583 -0.18261931836605072 0.6980371475219727
v 0.2019771784543991 -0.21519602835178375 0.8134612441062927
v 0.4304673671722412 -0.27927109599113464 1.0534131526947021
v -0.21030107140541077 -0.18412935733795166 0.699835479259491
v -0.1097903624176979 -0.20093385875225067 0.7728646993637085
v 0.016471389681100845 -0.18650420010089874 0.7111266255378723
v 0.1457502245903015 -0.20911650359630585 0.7979037761688232
v 0.3366873562335968 -0.26637786626815796 1.0047411918640137
v -0.26725322008132935 -0.18976354598999023 0.7252748012542725
v -0.15238820016384125 -0.19389908015727997 0.7541786432266235
v -0.028895404189825058 -0.17518281936645508 0.6720443367958069
v 0.09066279232501984 -0.198040172457695 0.7570188641548157
v 0.23041799664497375 -0.2145172506570816 0.816307544708252
v -0.3160373866558075 -0.1925780028104782 0.7209020256996155
v -0.1861209124326706 -0.18143685162067413 0.6973283290863037
v -0.07375659793615341 -0.177802175283432 0.6833555698394775
v 0.0389065183699131 -0.1859108805656433 0.7211182117462158
v 0.1741776168346405 -0.20762281119823456 0.8024007081985474
v 0.40040701627731323 -0.2765621840953827 1.0674797296524048
v -0.24318256974220276 -0.18691502511501312 0.7306575775146484
v -0.1314016878604889 -0.19702719151973724 0.7747200131416321
v -0.004273349419236183 -0.17610639333724976 0.6937713623046875
v 0.11897112429141998 -0.1991610825061798 0.7722933292388916
v 0.2592754364013672 -0.21410250663757324 0.8190911412239075
v -0.2903381884098053 -0.18849650025367737 0.7271116971969604
v -0.16420266032218933 -0.17895345389842987 0.702423095703125
v -0.04776583984494209 -0.17140798270702362 0.6696459054946899
v 0.06066949665546417 -0.17673920094966888 0.6944057941436768
v 0.2051444798707962 -0.20950694382190704 0.8159880042076111
v 0.4336391091346741 -0.27037516236305237 1.0522783994674683
v -0.20880691707134247 -0.17893362045288086 0.7030913233757019
v -0.09986657649278641 -0.17474941909313202 0.6935032606124878
v 0.018228856846690178 -0.18115270137786865 0.710529088973999
v 0.14917781949043274 -0.20321309566497803 0.8011495471000671
v 0.3452877402305603 -0.2570852041244507 1.0143531560897827
v -0.2538585066795349 -0.1781444251537323 0.6996243596076965
v -0.16133569180965424 -0.20541030168533325 0.8162717223167419
v -0.02677493542432785 -0.1699918955564499 0.6726601719856262
v 0.09514447301626205 -0.19379383325576782 0.7644051909446716
v 0.2343052476644516 -0.2084125429391861 0.8214216232299805
v -0.3137679696083069 -0.1847941279411316 0.723820686340332
v -0.18188504874706268 -0.17329391837120056 0.6920120120048523
v -0.07142199575901031 -0.17009714245796204 0.6804882287979126
v 0.04066552221775055 -0.17760416865348816 0.7108802199363708
v 0.17589673399925232 -0.2017459273338318 0.8037270903587341
v 0.40319904685020447 -0.2672692835330963 1.0666866302490234
v -0.2416120022535324 -0.18207073211669922 0.7326001524925232
v -0.12945842742919922 -0.19012849032878876 0.776228666305542
v -0.0019520195201039314 -0.17131644487380981 0.6953463554382324
v 0.10979152470827103 -0.17588496208190918 0.6910977363586426
v 0.2599371373653412 -0.20769250392913818 0.8192815184593201
v -0.2857767939567566 -0.18054398894309998 0.7230506539344788
v -0.1606411188840866 -0.17233175039291382 0.7025976181030273
v -0.04598557576537132 -0.1658920794725418 0.67137610912323
v 0.06325554102659225 -0.17044417560100555 0.6928550601005554
v 0.20923426747322083 -0.2037273794412613 0.8211986422538757
v 0.43604692816734314 -0.26031628251075745 1.0483274459838867
v -0.20707719027996063 -0.17272385954856873 0.7051230669021606
v -0.10291194915771484 -0.18400701880455017 0.7574458718299866
v 0.019640527665615082 -0.17256681621074677 0.7039231061935425
v 0.1520930379629135 -0.19695912301540375 0.803473174571991
v 0.3530491292476654 -0.2497229129076004 1.0293774604797363
v -0.2619521915912628 -0.17747098207473755 0.7280333042144775
v -0.15994621813297272 -0.19961132109165192 0.8216153979301453
v -0.024375300854444504 -0.16389112174510956 0.6717373132705688
v 0.08689370006322861 -0.16971218585968018 0.6938269138336182
v 0.23671238124370575 -0.20173823833465576 0.8234487771987915
v -0.3119710087776184 -0.17899557948112488 0.7249435186386108
v -0.18028423190116882 -0.16801846027374268 0.6927688121795654
v -0.07466527074575424 -0.17750811576843262 0.7378619313240051
v 0.043515853583812714 -0.16919876635074615 0.7039975523948669
v 0.17799890041351318 -0.19524352252483368 0.8034443855285645
v 0.4058281481266022 -0.2578393816947937 1.0630414485931396
v -0.23957081139087677 -0.1769656538963318 0.7336235642433167
v -0.1274169385433197 -0.18346001207828522 0.7802062630653381
v 0.0002651771064847708 -0.16656532883644104 0.6962846517562866
v 0.11211515218019485 -0.16837191581726074 0.6921197175979614
v 0.2528376877307892 -0.1949547380208969 0.783379852771759
v -0.28281837701797485 -0.17289596796035767 0.7195777893066406
v -0.1584564447402954 -0.167058065533638 0.707263171672821
v -0.0437978059053421 -0.16094619035720825 0.674903154373169
v 0.06568611413240433 -0.16488529741764069 0.692854642868042
v 0.21302220225334167 -0.19730043411254883 0.8267127275466919
v 0.4391620457172394 -0.2512519359588623 1.045753836631775
v -0.20608143508434296 -0.16755051910877228 0.7061711549758911
v -0.09822255373001099 -0.17433089017868042 0.7451434135437012
v 0.02124609611928463 -0.16419824957847595 0.6971590518951416
v 0.1546858251094818 -0.19019028544425964 0.804672360420227
v 0.3490390181541443 -0.24061711132526398 1.013043999671936
v -0.2596868872642517 -0.17190787196159363 0.7286171913146973
v -0.15804588794708252 -0.19425417482852936 0.8245224952697754
v -0.021869946271181107 -0.15711112320423126 0.6690183877944946
v 0.08869144320487976 -0.16280710697174072 0.6920424699783325
v 0.23850426077842712 -0.19488325715065002 0.8241512775421143
v -0.30672144889831543 -0.17017990350723267 0.7206722497940063
v -0.17962533235549927 -0.1633407324552536 0.6969046592712402
v -0.07238548249006271 -0.17128267884254456 0.73981112241745
v 0.04660439118742943 -0.16435617208480835 0.7027674317359924
v 0.18084463477134705 -0.18878863751888275 0.8041819334030151
v 0.40781956911087036 -0.24784213304519653 1.0581830739974976
v -0.23775802552700043 -0.17199936509132385 0.7339286804199219
v -0.13086913526058197 -0.19010774791240692 0.8255205154418945
v 0.002382416743785143 -0.16160662472248077 0.6965528130531311
v 0.12622974812984467 -0.1823650747537613 0.7864732146263123
v 0.25389382243156433 -0.18638773262500763 0.7800021171569824
v -0.2808864712715149 -0.16726338863372803 0.7219399809837341
v -0.1810351461172104 -0.1870235651731491 0.8125045895576477
v -0.04140050336718559 -0.15487703680992126 0.6740306615829468
v 0.06815455853939056 -0.15918628871440887 0.6927779912948608
v 0.2161906659603119 -0.1906042844057083 0.8313338756561279
v 0.44200414419174194 -0.2430983930826187 1.0440635681152344
v -0.20445363223552704 -0.16240988671779633 0.7060422897338867
v -0.09543211758136749 -0.16761325299739838 0.7409570217132568
v 0.02338298037648201 -0.15889844298362732 0.6953831315040588
v 0.1576327681541443 -0.18400728702545166 0.8074100613594055
v 0.34275946021080017 -0.2274095118045807 0.978126049041748
v -0.25729885697364807 -0.166457399725914 0.7282177209854126
v -0.1553359031677246 -0.1881529688835144 0.8262574672698975
v -0.01957148127257824 -0.15182021260261536 0.6701129078865051
v 0.09056317806243896 -0.15712472796440125 0.6919251680374146
v 0.24037997424602509 -0.18880242109298706 0.8238537907600403
v -0.3015753924846649 -0.16312475502490997 0.7174987196922302
v -0.17947819828987122 -0.1580621749162674 0.7028255462646484
v -0.0699726939201355 -0.16606637835502625 0.7415674924850464
v 0.04934631660580635 -0.15825298428535461 0.7004045844078064
v 0.18322138488292694 -0.18241257965564728 0.8046103119850159
v 0.40903565287590027 -0.23824021220207214 1.053642749786377
v -0.23428303003311157 -0.16458305716514587 0.7297202348709106
v -0.1277163177728653 -0.18654921650886536 0.8301687240600586
v 0.00539680989459157 -0.15660955011844635 0.6958677768707275
v 0.12696321308612823 -0.17172153294086456 0.7695037722587585
v 0.2542227804660797 -0.17709919810295105 0.7690439820289612
v -0.27863967418670654 -0.1619625687599182 0.724898099899292
v -0.17781810462474823 -0.17993660271167755 0.8122844099998474
v -0.03916234150528908 -0.14946819841861725 0.6748268008232117
v 0.07039640098810196 -0.15357984602451324 0.692798376083374
v 0.21930326521396637 -0.18322966992855072 0.8344559073448181
v 0.44429856538772583 -0.233933225274086 1.041675090789795
v -0.19983993470668793 -0.15548259019851685 0.7016485333442688
v -0.09298647940158844 -0.1621832698583603 0.7410597205162048
v 0.026680419221520424 -0.15030531585216522 0.6856741905212402
v 0.16072244942188263 -0.1776188164949417 0.8093258738517761
v 0.3426463007926941 -0.21536046266555786 0.9622718095779419
v -0.25457608699798584 -0.15999925136566162 0.7262167930603027
v -0.15231814980506897 -0.18085303902626038 0.8265087008476257
v -0.017116263508796692 -0.1465516835451126 0.6741436719894409
v 0.09600333869457245 -0.1529848575592041 0.7057410478591919
v 0.22835423052310944 -0.16969680786132812 0.7689346671104431
v -0.2977025508880615 -0.15693399310112 0.7156237959861755
v -0.17795374989509583 -0.15350021421909332 0.7067183256149292
v -0.06793899834156036 -0.15932360291481018 0.7375586628913879
v 0.05169898644089699 -0.15123827755451202 0.6983996033668518
v 0.1823878288269043 -0.17323671281337738 0.7850260734558105
v 0.41140785813331604 -0.22980107367038727 1.0486966371536255
v -0.20956774055957794 -0.14353087544441223 0.6640090942382812
v -0.12392757087945938 -0.18111243844032288 0.8315850496292114
v 0.005404291674494743 -0.14436228573322296 0.6776223182678223
v 0.1295815408229828 -0.16264250874519348 0.7694655656814575
v 0.2690512239933014 -0.1781964898109436 0.8124382495880127
v -0.27644219994544983 -0.1565961390733719 0.726662278175354
v -0.17496724426746368 -0.17398220300674438 0.8132154941558838
v -0.037112846970558167 -0.14472119510173798 0.679154634475708
v 0.07241352647542953 -0.14773528277873993 0.6923325657844543
v 0.20639687776565552 -0.16629117727279663 0.7755298614501953
v 0.4466091990470886 -0.22215670347213745 1.0353471040725708
v -0.1950160264968872 -0.14925234019756317 0.6971759796142578
v -0.09057921171188354 -0.15684814751148224 0.7395356893539429
v 0.028382811695337296 -0.1441497653722763 0.6829209327697754
v 0.16355688869953156 -0.1706710159778595 0.8104509115219116
v 0.34604495763778687 -0.20348234474658966 0.9576637744903564
v -0.2519046366214752 -0.1549968421459198 0.7259516716003418
v -0.14960472285747528 -0.1744493991136551 0.8275856971740723
v -0.01476744282990694 -0.14110660552978516 0.6746946573257446
v 0.09901441633701324 -0.14816460013389587 0.7106965780258179
v 0.22987277805805206 -0.1625075340270996 0.766345739364624
v -0.293904572725296 -0.1498498022556305 0.7120165228843689
v -0.17584921419620514 -0.14915837347507477 0.7092037200927734
v -0.06086305156350136 -0.14483489096164703 0.7010020613670349
v 0.05370838940143585 -0.14545604586601257 0.6969123482704163
v 0.18476587533950806 -0.164370596408844 0.7846035361289978
v 0.4113923907279968 -0.21799665689468384 1.035356879234314
v -0.2047627866268158 -0.1361800879240036 0.6578435897827148
v -0.1134771779179573 -0.1506132185459137 0.7345874309539795
v 0.008117548190057278 -0.13809500634670258 0.6742393374443054
v 0.12202844768762589 -0.14777982234954834 0.7100214958190918
v 0.2700916826725006 -0.16938690841197968 0.8018327951431274
v -0.2742382884025574 -0.15064233541488647 0.7276598215103149
v -0.1730358898639679 -0.1683860719203949 0.8164494037628174
v -0.03479905053973198 -0.1387513428926468 0.6806125640869141
v 0.07444655150175095 -0.14107801020145416 0.6899281144142151
v 0.20894864201545715 -0.15931768715381622 0.7754548192024231
v 0.44022879004478455 -0.206285297870636 0.998373806476593
v -0.19171740114688873 -0.14212436974048615 0.6923637390136719
v -0.08759625256061554 -0.14881721138954163 0.733757495880127
v 0.03064044751226902 -0.13872534036636353 0.6817241907119751
v 0.1653406023979187 -0.16346202790737152 0.8106923699378967
v 0.34909534454345703 -0.19453465938568115 0.9567296504974365
v -0.22176937758922577 -0.1325962096452713 0.6475147604942322
v -0.14745132625102997 -0.16795821487903595 0.830653190612793
v -0.012405605055391788 -0.1352677345275879 0.6744785308837891
v 0.10101741552352905 -0.14169639348983765 0.7092750668525696
v 0.23217840492725372 -0.15428093075752258 0.7664505243301392
v -0.29131603240966797 -0.14390990138053894 0.7116081714630127
v -0.16208523511886597 -0.13341832160949707 0.666620135307312
v -0.05851919203996658 -0.1385958194732666 0.7017503976821899
v 0.055549249053001404 -0.13928817212581635 0.6947458982467651
v 0.1872866302728653 -0.1571846753358841 0.7827789187431335
v 0.4015691876411438 -0.2012268751859665 0.9943451881408691
v -0.20278793573379517 -0.13071057200431824 0.658798098564148
v -0.11043445020914078 -0.14435337483882904 0.7307795286178589
v 0.01037630159407854 -0.13247404992580414 0.6732347011566162
v 0.12412893027067184 -0.14146223664283752 0.708409309387207
v 0.2713276445865631 -0.1599385142326355 0.7962422966957092
v -0.2721841335296631 -0.1444680094718933 0.728551983833313
v -0.1370818316936493 -0.13494133949279785 0.674689769744873
v -0.032201919704675674 -0.13261038064956665 0.6769089698791504
v 0.07643377035856247 -0.1354454755783081 0.68992018699646
v 0.21166576445102692 -0.15270429849624634 0.7763223648071289
v -0.31979894638061523 -0.13998501002788544 0.71340012550354
v -0.18090911209583282 -0.12809838354587555 0.6609481573104858
v -0.08550499379634857 -0.14139308035373688 0.7308347225189209
v 0.03211633861064911 -0.1299317479133606 0.6715900301933289
v 0.14774936437606812 -0.14178654551506042 0.7031151652336121
v 0.3532520830631256 -0.18684756755828857 0.9569524526596069
v -0.21904830634593964 -0.12657764554023743 0.6479942798614502
v -0.14639829099178314 -0.16226649284362793 0.8373399972915649
v -0.010142140090465546 -0.1296737641096115 0.6751492023468018
v 0.10441678017377853 -0.13665901124477386 0.7121056318283081
v 0.23482631146907806 -0.14851176738739014 0.7675384879112244
v -0.2902871072292328 -0.13851535320281982 0.7156016826629639
v -0.15934252738952637 -0.1279090940952301 0.665043830871582
v -0.05762367323040962 -0.1332012116909027 0.7039085626602173
v 0.057243701070547104 -0.13168859481811523 0.6884315609931946
v 0.18998444080352783 -0.15033112466335297 0.7811054587364197
v 0.3838406801223755 -0.18245410919189453 0.9489421844482422
v -0.19833216071128845 -0.12382515519857407 0.6539499163627625
v -0.10740838944911957 -0.13784098625183105 0.7276501059532166
v 0.012559972703456879 -0.12745729088783264 0.6731590032577515
v 0.12629225850105286 -0.1350255310535431 0.7076071500778198
v 0.26022598147392273 -0.1456393003463745 0.7584863901138306
v -0.26982536911964417 -0.1385771632194519 0.7288219928741455
v -0.13126502931118011 -0.1271604299545288 0.6687104105949402
v -0.030085699632763863 -0.12631963193416595 0.6773684620857239
v 0.0814664289355278 -0.1300961673259735 0.701026201248169
v 0.21518093347549438 -0.14728572964668274 0.778171718120575
v -0.3148134648799896 -0.13472618162631989 0.7175994515419006
v -0.17775659263134003 -0.12218031287193298 0.6584994792938232
v -0.08377336710691452 -0.1356283575296402 0.7299025058746338
v 0.033863507211208344 -0.12441784143447876 0.670390248298645
v 0.14914847910404205 -0.1337132751941681 0.7023175954818726
v 0.35734114050865173 -0.1796800047159195 0.9572123289108276
v -0.21731732785701752 -0.12085998803377151 0.6504871845245361
v -0.14583700895309448 -0.1568087488412857 0.8467761278152466
v -0.007675245404243469 -0.12410691380500793 0.674167275428772
v 0.1064775288105011 -0.13130305707454681 0.7102776765823364
v 0.23711633682250977 -0.14268675446510315 0.767704963684082
v -0.28975367546081543 -0.13288120925426483 0.7210038900375366
v -0.15738128125667572 -0.12282055616378784 0.6651272773742676
v -0.056011129170656204 -0.12780708074569702 0.7043197154998779
v 0.05937986820936203 -0.12472911924123764 0.6877615451812744
v 0.19226087629795074 -0.14351706206798553 0.7797654271125793
v 0.38495397567749023 -0.17343653738498688 0.9414417743682861
v -0.19574536383152008 -0.11790905147790909 0.6519688367843628
v -0.1041538268327713 -0.13168443739414215 0.7260124683380127
v 0.01459711603820324 -0.12200525403022766 0.6721596717834473
v 0.12851472198963165 -0.12883593142032623 0.7069331407546997
v 0.2613401710987091 -0.1393943727016449 0.7558404207229614
v -0.2667329013347626 -0.13192258775234222 0.7279278635978699
v -0.12811817228794098 -0.11720792204141617 0.6714521646499634
v -0.02880682796239853 -0.12070880085229874 0.6809043288230896
v 0.08380120247602463 -0.12563782930374146 0.7014087438583374
v 0.21776610612869263 -0.14134620130062103 0.7794240713119507
v -0.31105199456214905 -0.12987904250621796 0.7180864214897156
v -0.17491120100021362 -0.11656683683395386 0.6567210555076599
v -0.08072838932275772 -0.12841074168682098 0.7249314188957214
v 0.03583018109202385 -0.11870889365673065 0.6694784164428711
v 0.14990705251693726 -0.12660391628742218 0.699315071105957
v 0.357581228017807 -0.16916045546531677 0.9482148885726929
v -0.21528860926628113 -0.11524129658937454 0.6513230800628662
v -0.14399388432502747 -0.15075965225696564 0.8543136119842529
v -0.005384366028010845 -0.11890237033367157 0.6744281053543091
v 0.10753972083330154 -0.12454064935445786 0.7068333029747009
v 0.23908494412899017 -0.13662777841091156 0.7683486342430115
v -0.287104994058609 -0.12732098996639252 0.7218077778816223
v -0.1564374566078186 -0.1180424615740776 0.6723170280456543
v -0.05195082724094391 -0.12033025175333023 0.6977084875106812
v 0.061486050486564636 -0.11936384439468384 0.6883564591407776
v 0.1938047707080841 -0.1368655115365982 0.7790637612342834
v 0.3859265446662903 -0.16339777410030365 0.9339331984519958
v -0.19479596614837646 -0.11283782869577408 0.6549618244171143
v -0.10087677836418152 -0.1252724677324295 0.724830150604248
v 0.016776258125901222 -0.11617110669612885 0.6716088056564331
v 0.13069124519824982 -0.12370381504297256 0.7070499062538147
v 0.26474401354789734 -0.13290493190288544 0.7554802894592285
v -0.263600617647171 -0.12543562054634094 0.7267686724662781
v -0.1698836088180542 -0.1440601348876953 0.8534960150718689
v -0.02661430463194847 -0.11530487984418869 0.6795244216918945
v 0.08601219952106476 -0.12026771903038025 0.700032114982605
v 0.22017888724803925 -0.13496550917625427 0.7789964079856873
v -0.30587702989578247 -0.12397678196430206 0.7154476046562195
v -0.17282482981681824 -0.11119059473276138 0.6557274460792542
v -0.07510648667812347 -0.12096763402223587 0.7151602506637573
v 0.0379054956138134 -0.11328180134296417 0.6695117950439453
v 0.15102791786193848 -0.11937052756547928 0.6962618827819824
v 0.3579132556915283 -0.15951423346996307 0.9385534524917603
v -0.21365788578987122 -0.10983429104089737 0.6534450054168701
v -0.14177681505680084 -0.14401565492153168 0.8595309257507324
v -0.0030650359112769365 -0.11382470279932022 0.6750916838645935
v 0.109937384724617 -0.11846569180488586 0.7065039873123169
v 0.241324320435524 -0.13112850487232208 0.7696183323860168
v -0.284499853849411 -0.1217379942536354 0.7238166332244873
v -0.15106084942817688 -0.11154540628194809 0.674644947052002
v -0.04914851859211922 -0.11444927752017975 0.6964236497879028
v 0.06362587958574295 -0.11405625939369202 0.6889134645462036
v 0.19400906562805176 -0.12948986887931824 0.770630955696106
v 0.3877464234828949 -0.15589414536952972 0.9291197061538696
v -0.19403298199176788 -0.10783737897872925 0.6597909331321716
v -0.09862048178911209 -0.1202511191368103 0.7288066148757935
v 0.01895218901336193 -0.11063847690820694 0.6726205945014954
v 0.13279028236865997 -0.11849423497915268 0.7058603763580322
v 0.26872918009757996 -0.12573814392089844 0.7575180530548096
v -0.23458024859428406 -0.10684598237276077 0.6495118141174316
v -0.17018355429172516 -0.1376984566450119 0.8617373108863831
v -0.024258969351649284 -0.11039383709430695 0.6783589124679565
v 0.08912166953086853 -0.11435385793447495 0.6989288330078125
v 0.22234199941158295 -0.1286909431219101 0.7781224250793457
v -0.2989977300167084 -0.11698729544878006 0.7068585157394409
v -0.17171946167945862 -0.10622582584619522 0.6589502096176147
v -0.0713181123137474 -0.115119569003582 0.7115921974182129
v 0.040351420640945435 -0.10816751420497894 0.6713160276412964
v 0.15322503447532654 -0.11327839642763138 0.6957237124443054
v 0.3597942590713501 -0.15130998194217682 0.9340443015098572
v -0.21205583214759827 -0.10447844862937927 0.6556030511856079
v -0.1399833709001541 -0.13796374201774597 0.8652475476264954
v -0.0003633954329416156 -0.10753673315048218 0.6708906888961792
v 0.11237891018390656 -0.11320333182811737 0.7077280282974243
v 0.24286647140979767 -0.12574484944343567 0.7684156894683838
v -0.2829724848270416 -0.11628404259681702 0.7281926870346069
v -0.19704245030879974 -0.13624761998653412 0.860357940196991
v -0.044173676520586014 -0.10778231918811798 0.6866625547409058
v 0.06551134586334229 -0.1086326390504837 0.6887862682342529
v 0.19043001532554626 -0.11911751329898834 0.7456743717193604
v 0.39090460538864136 -0.14789682626724243 0.9260977506637573
v -0.19217610359191895 -0.10298244655132294 0.6603661775588989
v -0.09681879729032516 -0.11479920148849487 0.7309499382972717
v 0.020971810445189476 -0.10509669780731201 0.6731016635894775
v 0.1350032389163971 -0.11123159527778625 0.7013335227966309
v 0.3216738998889923 -0.14314474165439606 0.920189380645752
v -0.25818708539009094 -0.11152664572000504 0.7275820970535278
v -0.16992437839508057 -0.13195279240608215 0.8748216032981873
v -0.02099422737956047 -0.10443755239248276 0.6751789450645447
v 0.08989085257053375 -0.107707679271698 0.6954424381256104
v 0.22266198694705963 -0.12117090076208115 0.7754278182983398
v -0.28743553161621094 -0.10506080836057663 0.6786455512046814
v -0.1704060286283493 -0.10101348161697388 0.6634583473205566
v -0.0679144412279129 -0.10691552609205246 0.7005200386047363
v 0.04666240140795708 -0.10369028151035309 0.6879506707191467
v 0.15571872889995575 -0.10743238031864166 0.69577956199646
v 0.3590284287929535 -0.1415068656206131 0.9242618680000305
v -0.210054412484169 -0.09907300770282745 0.6565308570861816
v -0.13760130107402802 -0.13212881982326508 0.8714818954467773
v 0.001935734529979527 -0.10113471001386642 0.6726600527763367
v 0.11389370262622833 -0.10733559727668762 0.7066624164581299
v 0.2356155961751938 -0.11164091527462006 0.7307052612304688
v -0.2792794406414032 -0.1097741648554802 0.7269701957702637
v -0.1961781531572342 -0.1283349245786667 0.8674443960189819
v -0.042076729238033295 -0.10187099874019623 0.6843538880348206
v 0.06737823039293289 -0.10296927392482758 0.6881203055381775
v 0.18751871585845947 -0.10934170335531235 0.7255058288574219
v 0.39637526869773865 -0.1402677446603775 0.9277292490005493
v -0.19033965468406677 -0.09789213538169861 0.6615078449249268
v -0.09398573637008667 -0.10801592469215393 0.7320992946624756
v 0.022974001243710518 -0.0997060090303421 0.6758899092674255
v 0.1361602246761322 -0.10392830520868301 0.696477472782135
v 0.32739561796188354 -0.1347251534461975 0.9230380058288574
v -0.23139259219169617 -0.0969444066286087 0.6609564423561096
v -0.16710546612739563 -0.12639744579792023 0.8807687759399414
v -0.018279584124684334 -0.09830264747142792 0.6710952520370483
v 0.0946481004357338 -0.10226638615131378 0.7039392590522766
v 0.21575866639614105 -0.10838016867637634 0.7391642332077026
v -0.2814190685749054 -0.09828022867441177 0.6727849245071411
v -0.1676710993051529 -0.09594278037548065 0.6634911298751831
v -0.0642925277352333 -0.09998869895935059 0.6940160989761353
v 0.04833599925041199 -0.09838524460792542 0.6891837120056152
v 0.1580018848180771 -0.10124983638525009 0.6951801776885986
v 0.3607420027256012 -0.13233421742916107 0.9194344282150269
v -0.20858484506607056 -0.09354689717292786 0.6586611270904541
v -0.1215425357222557 -0.1075073853135109 0.7427077293395996
v 0.004093233961611986 -0.09540784358978271 0.6764119863510132
v 0.1157001182436943 -0.1003231480717659 0.7029553055763245
v 0.2368120700120926 -0.10504124313592911 0.7287019491195679
v -0.25781527161598206 -0.09439297020435333 0.6721951961517334
v -0.19460146129131317 -0.12140678614377975 0.8756279349327087
v -0.040395330637693405 -0.09668749570846558 0.6853572130203247
v 0.06941399723291397 -0.0973156988620758 0.6875220537185669
v 0.18366026878356934 -0.0992288663983345 0.7037382125854492
v 0.4004088342189789 -0.13311433792114258 0.9291224479675293
v -0.1884622722864151 -0.09234192967414856 0.6622611284255981
v -0.09024982154369354 -0.10110452771186829 0.7281947135925293
v 0.025376804172992706 -0.09404362738132477 0.6810017824172974
v 0.1380116045475006 -0.098074771463871 0.6948980093002319
v 0.3314143121242523 -0.1277017742395401 0.9226065874099731
v -0.22701473534107208 -0.09076076745986938 0.6544185876846313
v -0.1639585644006729 -0.12074359506368637 0.8821658492088318
v -0.016243064776062965 -0.09247802197933197 0.6689646244049072
v 0.0965159684419632 -0.09617023915052414 0.7032414674758911
v 0.21653664112091064 -0.10100919008255005 0.7346324920654297
v -0.2779049575328827 -0.09243864566087723 0.6701083183288574
v -0.1659025251865387 -0.09037496149539948 0.6637630462646484
v -0.06096586212515831 -0.09358619153499603 0.6874256730079651
v 0.050108958035707474 -0.09331617504358292 0.6891798973083496
v 0.1604895144701004 -0.09532751142978668 0.6950645446777344
v 0.3634170889854431 -0.12500038743019104 0.9185579419136047
v -0.20712395012378693 -0.08807592839002609 0.659623920917511
v -0.11786364018917084 -0.10058353841304779 0.7411975860595703
v 0.005835527088493109 -0.09039396047592163 0.6763853430747986
v 0.11795807629823685 -0.09442292898893356 0.7014957666397095
v 0.23914307355880737 -0.09875990450382233 0.7290750741958618
v -0.250827819108963 -0.08821694552898407 0.6614502668380737
v -0.19386273622512817 -0.11403485387563705 0.8859418630599976
v -0.038338445127010345 -0.09126275032758713 0.6859887838363647
v 0.07163985073566437 -0.09174881875514984 0.6874765753746033
v 0.18552511930465698 -0.09219884127378464 0.6999965906143188
v 0.4010060727596283 -0.12361353635787964 0.9228646755218506
v -0.18663008511066437 -0.08692590147256851 0.6624664068222046
v -0.087129607796669 -0.0943714901804924 0.7259669303894043
v 0.028157107532024384 -0.08897559344768524 0.6832999587059021
v 0.14000029861927032 -0.0922737866640091 0.6933409571647644
v 0.3345257043838501 -0.12045098841190338 0.9193209409713745
v -0.2255970686674118 -0.08415208756923676 0.6570043563842773
v -0.13782882690429688 -0.10108719766139984 0.7409091591835022
v -0.013867744244635105 -0.08695802092552185 0.6681446433067322
v 0.09776869416236877 -0.0901002585887909 0.7008551359176636
v 0.21828344464302063 -0.09484484046697617 0.7324576377868652
v -0.2763769030570984 -0.0873398706316948 0.6724172234535217
v -0.16455890238285065 -0.08498308807611465 0.6654533743858337
v -0.05864155292510986 -0.08713505417108536 0.6853870749473572
v 0.051907047629356384 -0.0878516435623169 0.6878060102462769
v 0.16304966807365417 -0.08954592794179916 0.6962573528289795
v 0.3654957115650177 -0.11677224189043045 0.9166391491889954
v -0.20608896017074585 -0.08301857113838196 0.6620578765869141
v -0.13367299735546112 -0.11571161448955536 0.9255090951919556
v 0.007681597024202347 -0.0850713700056076 0.6758995056152344
v 0.120244599878788 -0.08854573965072632 0.7012049555778503
v 0.24158379435539246 -0.09202191978693008 0.7285770177841187
v -0.24696113169193268 -0.08262604475021362 0.6601269245147705
v -0.19305948913097382 -0.1065671369433403 0.8952540159225464
v -0.037000872194767 -0.0847390666604042 0.692613959312439
v 0.07381519675254822 -0.08575927466154099 0.6882867813110352
v 0.18743930757045746 -0.08670326322317123 0.6976768970489502
v 0.401853084564209 -0.11453196406364441 0.9169994592666626
v -0.18501083552837372 -0.08125012367963791 0.664575457572937
v -0.0847344771027565 -0.08837877959012985 0.7264553904533386
v 0.03101375326514244 -0.08388400077819824 0.6838739514350891
v 0.14177769422531128 -0.08614585548639297 0.6923168301582336
v 0.33930569887161255 -0.11273956298828125 0.924961507320404
v -0.2245861142873764 -0.07978958636522293 0.6596693992614746
v -0.13532036542892456 -0.09288176149129868 0.742579460144043
v -0.01127706840634346 -0.08156147599220276 0.6704157590866089
v 0.0998142808675766 -0.08417855203151703 0.7012348175048828
v 0.22148625552654266 -0.08876200765371323 0.7343906164169312
v -0.27849280834198 -0.08148108422756195 0.6834330558776855
v -0.16294033825397491 -0.0798301100730896 0.669503390789032
v -0.06130383163690567 -0.08325012773275375 0.7304270267486572
v 0.053816162049770355 -0.08195333182811737 0.6870956420898438
v 0.16632309556007385 -0.08386822789907455 0.6994233727455139
v 0.3693138659000397 -0.10944203287363052 0.9179787039756775
v -0.20466172695159912 -0.07822975516319275 0.6639621257781982
v -0.12990719079971313 -0.10813399404287338 0.9314640760421753
v 0.009687775745987892 -0.07962891459465027 0.6762235164642334
v 0.12287373095750809 -0.08257951587438583 0.7029930353164673
v 0.2442566156387329 -0.08582678437232971 0.7286996841430664
v -0.24561327695846558 -0.07675175368785858 0.6624414920806885
v -0.1919873207807541 -0.09921946376562119 0.9021458625793457
v -0.03504284843802452 -0.07866282016038895 0.6962873935699463
v 0.07613661140203476 -0.07980930805206299 0.6891908645629883
v 0.19120652973651886 -0.08182011544704437 0.7021121978759766
v -0.3012620806694031 -0.07948395609855652 0.678207278251648
v -0.18361535668373108 -0.07562500238418579 0.667066216468811
v -0.08289793133735657 -0.08151337504386902 0.7323253750801086
v 0.032542675733566284 -0.0782366544008255 0.6809884309768677
v 0.14501813054084778 -0.08050753176212311 0.6961512565612793
v 0.34510233998298645 -0.10519799590110779 0.9302190542221069
v -0.22278793156147003 -0.07471754401922226 0.6609796285629272
v -0.1316525936126709 -0.08465659618377686 0.7405858635902405
v -0.008989074267446995 -0.07485774904489517 0.6744114756584167
v 0.10277581959962845 -0.07846906781196594 0.7046165466308594
v 0.2236694097518921 -0.08280985802412033 0.7329630851745605
v -0.27670666575431824 -0.07674165815114975 0.685160756111145
v -0.16058427095413208 -0.07466805726289749 0.6699252128601074
v -0.059861693531274796 -0.07792742550373077 0.7307947874069214
v 0.05586612597107887 -0.07545793056488037 0.688075065612793
v 0.16880345344543457 -0.0783616304397583 0.7005073428153992
v 0.37411198019981384 -0.10210626572370529 0.9211887717247009
v -0.20316334068775177 -0.07276487350463867 0.6656312942504883
v -0.10538294911384583 -0.08059414476156235 0.7410776615142822
v 0.011738250032067299 -0.07401018589735031 0.6775246262550354
v 0.1256096065044403 -0.07687001675367355 0.7039151191711426
v 0.2470436841249466 -0.07954605668783188 0.7289979457855225
v -0.2448773980140686 -0.07084733992815018 0.6643563508987427
v -0.15613937377929688 -0.08209223300218582 0.749405562877655
v -0.032454200088977814 -0.07320981472730637 0.6945128440856934
v 0.07855106145143509 -0.07362177968025208 0.690294623374939
v 0.19511036574840546 -0.07637526094913483 0.7056630253791809
v -0.29742002487182617 -0.07363792508840561 0.6797468662261963
v -0.18184448778629303 -0.07057806849479675 0.6684410572052002
v -0.08041661232709885 -0.07605033367872238 0.7324749231338501
v 0.034810278564691544 -0.07262001931667328 0.68079674243927
v 0.14797067642211914 -0.0748835951089859 0.6996110677719116
v 0.3480567932128906 -0.09699290245771408 0.9284271597862244
v -0.22229106724262238 -0.06893692165613174 0.6644669771194458
v -0.12917715311050415 -0.07743442058563232 0.738789439201355
v -0.007428063545376062 -0.06915795803070068 0.6782242059707642
v 0.10582371801137924 -0.07256311923265457 0.7071858644485474
v 0.22617605328559875 -0.07656854391098022 0.732081413269043
v -0.2751270532608032 -0.07100899517536163 0.6877455711364746
v -0.1574288010597229 -0.06915106624364853 0.6688889265060425
v -0.058074288070201874 -0.07278141379356384 0.7307007312774658
v 0.05799844488501549 -0.06958183646202087 0.6888996958732605
v 0.17121870815753937 -0.07227873057126999 0.7009071707725525
v 0.37462589144706726 -0.09362608939409256 0.9151138067245483
v -0.20148715376853943 -0.06698844581842422 0.6670743227005005
v -0.10268253833055496 -0.07372189313173294 0.7345683574676514
v 0.013715733774006367 -0.06847187131643295 0.6803979873657227
v 0.12782052159309387 -0.07134958356618881 0.7023599743843079
v 0.2507319152355194 -0.07351215928792953 0.730824887752533
v -0.24458962678909302 -0.06449355185031891 0.6689387559890747
v -0.15237493813037872 -0.07419880479574203 0.7441550493240356
v -0.029589340090751648 -0.06799115240573883 0.6925979852676392
v 0.08161643147468567 -0.06822358071804047 0.6935503482818604
v 0.2123170793056488 -0.07433240115642548 0.7683616876602173
v -0.2952982187271118 -0.06775683164596558 0.6793314218521118
v -0.1793818175792694 -0.06538292020559311 0.6679913997650146
v -0.0780334323644638 -0.07051248103380203 0.7331843376159668
v 0.04000178351998329 -0.06522151082754135 0.6933372020721436
v 0.1492234170436859 -0.06833170354366302 0.6952390670776367
v 0.348372220993042 -0.08867809921503067 0.9225800037384033
v -0.22190701961517334 -0.06315958499908447 0.6680741310119629
v -0.12629824876785278 -0.0706181675195694 0.7364993095397949
v -0.0055587757378816605 -0.06391008198261261 0.6791048049926758
v 0.10821583122015 -0.06711459159851074 0.7075971961021423
v 0.22983334958553314 -0.07043388485908508 0.7333397269248962
v -0.27499696612358093 -0.06470987200737 0.6923532485961914
v -0.15504857897758484 -0.06287573277950287 0.6727524995803833
v -0.05534441024065018 -0.06662978231906891 0.7286454439163208
v 0.060510408133268356 -0.06404846906661987 0.6893200874328613
v 0.17353223264217377 -0.06606508791446686 0.7007148265838623
v 0.3749704360961914 -0.08451372385025024 0.9076682925224304
v -0.19885127246379852 -0.061525531113147736 0.6652464866638184
v -0.10041481256484985 -0.06770621985197067 0.733509361743927
v 0.015494272112846375 -0.06199093163013458 0.6774508357048035
v 0.1307491511106491 -0.06498780101537704 0.704513669013977
v 0.2548923194408417 -0.06774277985095978 0.733708918094635
v -0.2971889078617096 -0.07834437489509583 0.8265687823295593
v -0.14884932339191437 -0.06670666486024857 0.7402563691139221
v -0.024861885234713554 -0.06115279719233513 0.6802704334259033
v 0.08472246676683426 -0.06243840605020523 0.6962019205093384
v 0.21792003512382507 -0.0693485289812088 0.7769826650619507
v -0.29407575726509094 -0.06131255254149437 0.6814923286437988
v -0.1766352653503418 -0.05944579839706421 0.6674226522445679
v -0.07549867033958435 -0.06460878252983093 0.7330994606018066
v 0.04132537543773651 -0.06004486605525017 0.6930418014526367
v 0.1507086604833603 -0.061943866312503815 0.6908952593803406
v 0.35152363777160645 -0.08021657913923264 0.923287570476532
v -0.22152476012706757 -0.057259801775217056 0.6677453517913818
v -0.12304207682609558 -0.06446662545204163 0.7357449531555176
v -0.0034781356807798147 -0.05822380259633064 0.6763156652450562
v 0.11006837338209152 -0.06197771430015564 0.7057445645332336
v 0.23234760761260986 -0.06418503820896149 0.7330371141433716
v -0.30930325388908386 -0.07013668119907379 0.7996218800544739
v -0.16736969351768494 -0.06173025816679001 0.732643723487854
v -0.05195062234997749 -0.0597912073135376 0.7195717096328735
v 0.06270448863506317 -0.05841313675045967 0.6889036893844604
v 0.17580559849739075 -0.06007117033004761 0.7001497745513916
v 0.37924858927726746 -0.07676522433757782 0.9089300632476807
v -0.19627706706523895 -0.05610955134034157 0.664371907711029
v -0.09829968214035034 -0.06180242821574211 0.7350178956985474
v 0.01779341883957386 -0.05624400079250336 0.679329514503479
v 0.13303689658641815 -0.05865110084414482 0.7040951251983643
v 0.2582158148288727 -0.06173243746161461 0.7334530353546143
v -0.2963722050189972 -0.06946289539337158 0.8305705785751343
v -0.14567455649375916 -0.06081843376159668 0.7388080358505249
v -0.022913498803973198 -0.05605082958936691 0.6768465042114258
v 0.0878986343741417 -0.05690654739737511 0.6963762640953064
v 0.22133959829807281 -0.06293642520904541 0.775897204875946
v -0.2952224612236023 -0.05532170832157135 0.6909795999526978
v -0.17547765374183655 -0.05327963829040527 0.6728082895278931
v -0.07284355908632278 -0.058557987213134766 0.7300758361816406
v 0.04288427159190178 -0.05441242456436157 0.6927611827850342
v 0.1529587060213089 -0.05616028234362602 0.6913628578186035
v 0.35507863759994507 -0.07228567451238632 0.9245250225067139
v -0.21991287171840668 -0.05085683986544609 0.6664485931396484
v -0.12043336778879166 -0.058388300240039825 0.7354676723480225
v -0.001401380985043943 -0.05245639756321907 0.6732134819030762
v 0.11087730526924133 -0.0555981881916523 0.6991219520568848
v 0.23453259468078613 -0.057910241186618805 0.7318949699401855
v -0.31234967708587646 -0.06210120767354965 0.811343252658844
v -0.16416878998279572 -0.055013205856084824 0.7249375581741333
v -0.04882137477397919 -0.05393139645457268 0.7180315256118774
v 0.06482855975627899 -0.05228807032108307 0.686790943145752
v 0.17769891023635864 -0.053322598338127136 0.6983288526535034
v 0.38520777225494385 -0.06899326294660568 0.9139599800109863
v -0.19421882927417755 -0.05020200461149216 0.6636090278625488
v -0.0969354510307312 -0.05598536133766174 0.7390549182891846
v 0.020878741517663002 -0.048908162862062454 0.6875067949295044
v 0.13480909168720245 -0.05272117629647255 0.7010995149612427
v 0.25866493582725525 -0.05552840977907181 0.7256401777267456
v -0.2954972982406616 -0.06105228513479233 0.8338767290115356
v -0.14153878390789032 -0.053936854004859924 0.7315938472747803
v -0.021476343274116516 -0.04908022657036781 0.6882646083831787
v 0.09093213826417923 -0.051248714327812195 0.6964313983917236
v 0.2235732525587082 -0.05613649636507034 0.7746762037277222
v -0.2957551181316376 -0.048689767718315125 0.6993198394775391
v -0.1843467503786087 -0.05202104151248932 0.7161069512367249
v -0.07027002424001694 -0.05233504995703697 0.7258946895599365
v 0.04498938471078873 -0.0489126592874527 0.6935603022575378
v 0.15646973252296448 -0.04989241808652878 0.6954065561294556
v 0.35869327187538147 -0.06464929133653641 0.9265189170837402
v -0.2719258964061737 -0.060854386538267136 0.8438093662261963
v -0.11836495995521545 -0.051964111626148224 0.7383362054824829
v 0.0005264363717287779 -0.04673754423856735 0.6736748218536377
v 0.1121453270316124 -0.04927321895956993 0.6940559148788452
v 0.23527370393276215 -0.051409635692834854 0.7267508506774902
v -0.3150845170021057 -0.054284751415252686 0.8247466087341309
v -0.16097505390644073 -0.04873675853013992 0.7206244468688965
v -0.04590547829866409 -0.04780331254005432 0.7169752717018127
v 0.06731373071670532 -0.04700184613466263 0.687477707862854
v 0.18327540159225464 -0.04777522012591362 0.7056362628936768
v 0.3871472179889679 -0.06212761998176575 0.9110001921653748
v -0.19189809262752533 -0.042608339339494705 0.6603991985321045
v -0.09426886588335037 -0.04894379526376724 0.7388426065444946
v 0.02329786866903305 -0.04423961415886879 0.6899861097335815
v 0.13704733550548553 -0.047160807996988297 0.699581503868103
v 0.26212185621261597 -0.048446860164403915 0.7242372632026672
v -0.2934170067310333 -0.053832437843084335 0.8346768021583557
v -0.13847404718399048 -0.04787715896964073 0.7273048162460327
v -0.01930752955377102 -0.04336618259549141 0.6912065148353577
v 0.09329904615879059 -0.046036262065172195 0.6971747875213623
v 0.2205512523651123 -0.047993067651987076 0.7529122829437256
v -0.3321470618247986 -0.04940954968333244 0.8014973998069763
v -0.18238714337348938 -0.04630522429943085 0.7161482572555542
v -0.06755135208368301 -0.045977603644132614 0.7221665382385254
v 0.0471271388232708 -0.04385494440793991 0.6929534673690796
v 0.15956078469753265 -0.04401232302188873 0.698502242565155
v 0.3636784553527832 -0.057102322578430176 0.9302330613136292
v -0.26878079771995544 -0.05298492684960365 0.8435880541801453
v -0.11663765460252762 -0.045118339359760284 0.7412413358688354
v 0.0029417583718895912 -0.040435679256916046 0.6781816482543945
v 0.11499687284231186 -0.04400040954351425 0.6948143243789673
v 0.23622006177902222 -0.044854264706373215 0.7231457233428955
v -0.3149265646934509 -0.04773436859250069 0.8292197585105896
v -0.15790385007858276 -0.043061014264822006 0.7170861959457397
v -0.042198870331048965 -0.041697025299072266 0.713010311126709
v 0.06961233168840408 -0.04188361391425133 0.6864234209060669
v 0.18523776531219482 -0.042595427483320236 0.7037469148635864
v 0.38952186703681946 -0.055048681795597076 0.9079152941703796
v -0.1883774846792221 -0.032456230372190475 0.6563497185707092
v -0.09120000898838043 -0.04263478145003319 0.7339438199996948
v 0.024992505088448524 -0.03831014409661293 0.6864875555038452
v 0.1385861486196518 -0.04160657897591591 0.695347785949707
v 0.26852235198020935 -0.04127923399209976 0.730641782283783
v -0.2910889983177185 -0.04621366038918495 0.8372330665588379
v -0.1362619251012802 -0.041713565587997437 0.7277414798736572
v -0.01684434339404106 -0.038017917424440384 0.6881345510482788
v 0.09559538215398788 -0.04047359526157379 0.6986771821975708
v 0.20679324865341187 -0.03906373307108879 0.7003600001335144
v -0.33170345425605774 -0.042405787855386734 0.8067026138305664
v -0.18076598644256592 -0.039507173001766205 0.7181484699249268
v -0.0652070865035057 -0.039629317820072174 0.7201237678527832
v 0.0489494688808918 -0.03870062902569771 0.6922417879104614
v 0.16266901791095734 -0.03768512234091759 0.7027863264083862
v 0.36863619089126587 -0.04957544803619385 0.9337579011917114
v -0.2664351463317871 -0.04485475271940231 0.8452208042144775
v -0.14112867414951324 -0.051996201276779175 0.9395855665206909
v 0.005387242417782545 -0.03466116636991501 0.6813883185386658
v 0.1181660071015358 -0.038297150284051895 0.6951801180839539
v 0.23860202729701996 -0.03854760900139809 0.7235133647918701
v -0.3120119571685791 -0.04182467237114906 0.8259348273277283
v -0.155296191573143 -0.03711201995611191 0.7147784233093262
v -0.0397520512342453 -0.03519349917769432 0.7080680131912231
v 0.07113125920295715 -0.035206399857997894 0.681204617023468
v 0.1850336492061615 -0.035561539232730865 0.6968961954116821
v 0.3936421573162079 -0.0471484512090683 0.9101318717002869
v -0.23613382875919342 -0.04370136559009552 0.8457609415054321
v -0.08872519433498383 -0.03593781962990761 0.7293286323547363
v 0.027356987819075584 -0.032447151839733124 0.6864147186279297
v 0.13971850275993347 -0.03633922338485718 0.6920267343521118
v 0.3399963080883026 -0.043703529983758926 0.9511701464653015
v -0.2889174222946167 -0.03908525034785271 0.8402987718582153
v -0.13447219133377075 -0.0344381220638752 0.7301363945007324
v -0.014268743805587292 -0.032343849539756775 0.6849995851516724
v 0.09671033918857574 -0.03438452258706093 0.6967573761940002
v 0.20745058357715607 -0.03279886022210121 0.6951073408126831
v -0.3302229344844818 -0.03693293035030365 0.8085001707077026
v -0.17856469750404358 -0.03262646123766899 0.7193122506141663
v -0.06301151216030121 -0.03280503302812576 0.7199695706367493
v 0.05129054933786392 -0.030945319682359695 0.6820685267448425
v 0.16531991958618164 -0.03204244747757912 0.7074750661849976
v 0.3726523518562317 -0.04222599044442177 0.9348049759864807
v -0.26537221670150757 -0.037270721048116684 0.8481236100196838
v -0.1380780190229416 -0.041315287351608276 0.9363736510276794
v 0.007590561173856258 -0.02930607832968235 0.6813405156135559
v 0.12044104188680649 -0.032494571059942245 0.6927484273910522
v 0.24112804234027863 -0.03272169083356857 0.724496066570282
v -0.3090600371360779 -0.03544362634420395 0.8244078755378723
v -0.15285860002040863 -0.030600816011428833 0.7150123119354248
v -0.03758120909333229 -0.028884075582027435 0.7089797258377075
v 0.07290753722190857 -0.029408050701022148 0.6814582347869873
v 0.18702928721904755 -0.030620593577623367 0.6954649686813354
v 0.3983514606952667 -0.039844732731580734 0.911065936088562
v -0.23501159250736237 -0.03660103678703308 0.8508520722389221
v -0.08638322353363037 -0.028282977640628815 0.7258211374282837
v 0.02974877506494522 -0.02686206065118313 0.6868090629577637
v 0.14137400686740875 -0.03035963885486126 0.6910314559936523
v 0.34388744831085205 -0.035634253174066544 0.9459055066108704
v -0.28688469529151917 -0.03270530328154564 0.8409664034843445
v -0.16524402797222137 -0.03604600206017494 0.9213926196098328
v -0.01174843031913042 -0.026596849784255028 0.6839578151702881
v 0.0970754399895668 -0.028178375214338303 0.6912038326263428
v 0.2092151939868927 -0.026682855561375618 0.6928619146347046
v -0.32830309867858887 -0.031408678740262985 0.8085222244262695
v -0.17675893008708954 -0.025132643058896065 0.7219924330711365
v -0.06215495616197586 -0.026973074302077293 0.7690730690956116
v 0.05359480157494545 -0.025296339765191078 0.6865037083625793
v 0.16701780259609222 -0.02750542387366295 0.7079949975013733
v 0.3751426637172699 -0.034999825060367584 0.9337295293807983
v -0.26539164781570435 -0.029384834691882133 0.8582107424736023
v -0.1355602741241455 -0.032696399837732315 0.9361716508865356
v 0.010341278277337551 -0.023478718474507332 0.6834076642990112
v 0.12557299435138702 -0.024853790178894997 0.7199034690856934
v 0.2354802042245865 -0.024129338562488556 0.7011886835098267
v -0.30744677782058716 -0.028027450665831566 0.826701819896698
v -0.15007738769054413 -0.022581182420253754 0.7176076173782349
v -0.03621549531817436 -0.024705111980438232 0.7632513642311096
v 0.07520466297864914 -0.023842670023441315 0.6818882822990417
v 0.1856432408094406 -0.023074371740221977 0.6832642555236816
v -0.3552980124950409 -0.026970500126481056 0.7996906042098999
v -0.2456529438495636 -0.03193597495555878 0.9024514555931091
v -0.0902203917503357 -0.0249509084969759 0.8137331008911133
v 0.032224491238594055 -0.021305300295352936 0.6869610548019409
v 0.14931273460388184 -0.022357940673828125 0.7179203033447266
v 0.2722918391227722 -0.02733423002064228 0.721420168876648
v -0.28496214747428894 -0.02636231668293476 0.840981662273407
v -0.162732794880867 -0.027247503399848938 0.9231374859809875
v -0.009047900326550007 -0.020478736609220505 0.6831853985786438
v 0.1087997555732727 -0.020351318642497063 0.7286339998245239
v 0.2121513932943344 -0.021165886893868446 0.6925520896911621
v -0.3271991014480591 -0.02448255568742752 0.8113756775856018
v -0.1768525093793869 -0.016927095130085945 0.7305443286895752
v -0.060866985470056534 -0.021363062784075737 0.7675872445106506
v 0.055067747831344604 -0.020261451601982117 0.6863695383071899
v 0.1676471084356308 -0.02219494991004467 0.7004576921463013
v 0.3767995536327362 -0.027576567605137825 0.9313801527023315
v -0.26601648330688477 -0.021547578275203705 0.8726078271865845
v -0.13313189148902893 -0.024375449866056442 0.9359052181243896
v 0.012892956845462322 -0.01802189089357853 0.6842583417892456
v 0.1287197321653366 -0.018585870042443275 0.721207857131958
v 0.23714955151081085 -0.01862657628953457 0.6995810270309448
v -0.305255651473999 -0.02122046984732151 0.8284705877304077
v -0.1491956263780594 -0.013904189690947533 0.7319835424423218
v -0.03396698459982872 -0.018924590200185776 0.7615137100219727
v 0.07705984264612198 -0.018557192757725716 0.6796211004257202
v 0.18696649372577667 -0.017615657299757004 0.6814571619033813
v -0.35061895847320557 -0.02052849717438221 0.8031865954399109
v -0.2583205997943878 -0.02468775399029255 0.9587892889976501
v -0.08538223803043365 -0.018245141953229904 0.7782719135284424
v 0.0344625785946846 -0.015953198075294495 0.6869192123413086
v 0.15177901089191437 -0.01674898900091648 0.7206992506980896
v 0.27458667755126953 -0.02105690911412239 0.7175207138061523
v -0.2838015854358673 -0.01972043700516224 0.8430317640304565
v -0.16037312150001526 -0.019123723730444908 0.9252678751945496
v -0.00605630362406373 -0.01392484363168478 0.6733235120773315
v 0.11025553941726685 -0.015145624056458473 0.7314261198043823
v 0.21405284106731415 -0.01573648303747177 0.691466212272644
v -0.32787051796913147 -0.016512006521224976 0.8188207149505615
v -0.2314942479133606 -0.02515856921672821 0.9843818545341492
v -0.05757319554686546 -0.016406932845711708 0.7614270448684692
v 0.05667852982878685 -0.015119457617402077 0.6829138398170471
v 0.16629214584827423 -0.014198255725204945 0.6745301485061646
v 0.3788207173347473 -0.019600767642259598 0.9284830093383789
v -0.26473426818847656 -0.01559732761234045 0.8776318430900574
v -0.10447496920824051 -0.017474066466093063 0.7426597476005554
v 0.01527815219014883 -0.012408165261149406 0.683678388595581
v 0.13094334304332733 -0.013184315524995327 0.7207257747650146
v 0.24047377705574036 -0.013714969158172607 0.7011034488677979
v -0.30362430214881897 -0.014550922438502312 0.8314775228500366
v -0.18744686245918274 -0.015583204105496407 0.92357337474823
v -0.03166899085044861 -0.013641050085425377 0.7590123414993286
v 0.07904430478811264 -0.013211021199822426 0.6771726012229919
v 0.18838781118392944 -0.012147809378802776 0.6800577640533447
v -0.3475765585899353 -0.014139405451714993 0.8025366067886353
v -0.2623806595802307 -0.015363589860498905 0.9814818501472473
v -0.08162545412778854 -0.012688244692981243 0.7675566077232361
v 0.0366535522043705 -0.010615837760269642 0.6845511794090271
v 0.15384240448474884 -0.011357886716723442 0.7217161655426025
v 0.276161789894104 -0.013804510235786438 0.7175440788269043
v -0.2824973165988922 -0.01377657800912857 0.8463362455368042
v -0.15814542770385742 -0.01116902381181717 0.9276405572891235
v -0.004072665236890316 -0.007978658191859722 0.6639461517333984
v 0.11202920228242874 -0.010018238797783852 0.732211709022522
v 0.21520721912384033 -0.010077026672661304 0.6894968748092651
v -0.32813435792922974 -0.008461165241897106 0.8284459114074707
v -0.22764165699481964 -0.013525435701012611 0.9818947911262512
v -0.05307726934552193 -0.009468121454119682 0.7506572604179382
v 0.059436555951833725 -0.009893112815916538 0.6763757467269897
v 0.16795195639133453 -0.008652239106595516 0.6749976873397827
v 0.38099434971809387 -0.010535442270338535 0.926878809928894
v -0.26296883821487427 -0.010214113630354404 0.8795498013496399
v -0.10073778033256531 -0.00819531548768282 0.7355583906173706
v 0.01753014698624611 -0.006780021358281374 0.6823973059654236
v 0.1336074024438858 -0.007130292244255543 0.7238168716430664
v 0.24432307481765747 -0.008019219152629375 0.7025834321975708
v -0.30217328667640686 -0.007728611119091511 0.8333808183670044
v -0.18501444160938263 -0.007225516717880964 0.9299249649047852
v -0.02966713160276413 -0.007445213850587606 0.7509968280792236
v 0.08135014772415161 -0.007677062880247831 0.6766332387924194
v 0.1899573653936386 -0.006587550975382328 0.6787005066871643
v -0.34954628348350525 -0.005565590690821409 0.8148863315582275
v -0.2628137171268463 -0.006893992889672518 0.988147497177124
v -0.07532727718353271 -0.003972022794187069 0.7317414283752441
v 0.03912455216050148 -0.005142487119883299 0.6831933259963989
v 0.15524575114250183 -0.006024222820997238 0.7192574739456177
v 0.27333250641822815 -0.0070239403285086155 0.7117777466773987
v -0.28148606419563293 -0.004531807731837034 0.86057448387146
v -0.12155448645353317 -0.006038719788193703 0.7238931059837341
v -0.0022214907221496105 -0.0029253740794956684 0.6625941395759583
v 0.11370521783828735 -0.004254938568919897 0.7289499640464783
v 0.21540150046348572 -0.004251385107636452 0.6851025819778442
v -0.32633382081985474 -0.002215977292507887 0.8301893472671509
v -0.19060209393501282 -0.002936672419309616 0.8120317459106445
v -0.050105586647987366 -0.0019346874905750155 0.7423272132873535
v 0.06186504662036896 -0.0022831703536212444 0.6875045299530029
v 0.17029090225696564 -0.002968722255900502 0.6735600829124451
v 0.3070758581161499 -0.00886623840779066 0.7269136905670166
v -0.2604723274707794 -0.003559717908501625 0.881902813911438
v -0.09671233594417572 -0.0011709766695275903 0.7253022193908691
v 0.019291331991553307 -0.0014192623784765601 0.6803299188613892
v 0.13593000173568726 -0.0016061500646173954 0.7248661518096924
v 0.24609367549419403 -0.001765855704434216 0.6987919211387634
v -0.30032482743263245 -0.0008409642614424229 0.8338242173194885
v -0.18168485164642334 0.0018364296993240714 0.9348651766777039
v -0.027303460985422134 -0.0009923543548211455 0.7315957546234131
v 0.08386251330375671 -0.0021792061161249876 0.6786497831344604
v 0.19494131207466125 -0.0008701815386302769 0.6831624507904053
v -0.3493817150592804 0.0019666056614369154 0.8222382068634033
v -0.2616492807865143 0.0003987982636317611 0.9910131692886353
v -0.07248309254646301 0.0018810800975188613 0.72736656665802
v 0.04146523028612137 0.00030941551085561514 0.6840503215789795
v 0.1562509834766388 6.304321141215041e-05 0.7138586044311523
v 0.2757245898246765 -0.00020877122005913407 0.7130681276321411
v -0.2813791334629059 0.002080059377476573 0.8641142249107361
v -0.116727814078331 0.0012131393887102604 0.7201488018035889
v -0.0001582852128194645 0.00188325229100883 0.6652898788452148
v 0.11511468887329102 0.001612781430594623 0.7231862545013428
v 0.21714834868907928 0.0011762904468923807 0.683095395565033
v -0.32401153445243835 0.003629160113632679 0.8314433693885803
v -0.1860041618347168 0.0045779370702803135 0.8099878430366516
v -0.04839244857430458 0.004605707246810198 0.7376918792724609
v 0.06449401378631592 0.0034035753924399614 0.6904590129852295
v 0.17184093594551086 0.002076395321637392 0.6699212789535522
v 0.30778589844703674 0.0014314913423731923 0.7255151271820068
v -0.25818952918052673 0.003342495998367667 0.8860839605331421
v -0.09347742050886154 0.0047136638313531876 0.7195240259170532
v 0.021347885951399803 0.0036059068515896797 0.6779752969741821
v 0.13760745525360107 0.004139294382184744 0.7210805416107178
v 0.24520906805992126 0.003116283332929015 0.6933004856109619
v -0.29599684476852417 0.004813285078853369 0.8321722745895386
v -0.17815165221691132 0.01020710077136755 0.9382510185241699
v -0.022433724254369736 0.006169108208268881 0.6997652053833008
v 0.094794362783432 0.006061336025595665 0.7273921966552734
v 0.1952948123216629 0.00471589295193553 0.6756241321563721
v -0.3461930453777313 0.007643175311386585 0.821810245513916
v -0.25853338837623596 0.007476781029254198 0.9914862513542175
v -0.0696677714586258 0.007225999142974615 0.7272244691848755
v 0.043547458946704865 0.005888651125133038 0.6834334135055542
v 0.15890774130821228 0.00674758804962039 0.7151659727096558
v 0.28270548582077026 0.008836911991238594 0.7268100380897522
v -0.28068047761917114 0.007304046303033829 0.8683258295059204
v -0.11322949081659317 0.00780020747333765 0.7116602063179016
v 0.002152776811271906 0.007660255301743746 0.6712165474891663
v 0.11754699051380157 0.007703424897044897 0.7232301831245422
v 0.22073101997375488 0.006463619414716959 0.6861255764961243
v -0.32068201899528503 0.010529077611863613 0.8307532668113708
v -0.18299004435539246 0.012737411074340343 0.8178456425666809
v -0.04661441594362259 0.010404355823993683 0.7352509498596191
v 0.06720774620771408 0.009608142077922821 0.6912391781806946
v 0.17547455430030823 0.009041973389685154 0.6753572821617126
v 0.3099566400051117 0.008789618499577045 0.7257026433944702
v -0.27636978030204773 0.01284258533269167 0.9628556966781616
v -0.09100788086652756 0.010486326180398464 0.7169857025146484
v 0.022726217284798622 0.00959155336022377 0.6727033257484436
v 0.139872744679451 0.009990266524255276 0.7198829650878906
v 0.25596657395362854 0.011710422113537788 0.7111844420433044
v -0.2978987693786621 0.013958949595689774 0.8386126756668091
v -0.17245669662952423 0.01765352301299572 0.9266089200973511
v -0.020533228293061256 0.011282880790531635 0.7002401351928711
v 0.09188101440668106 0.011678229086101055 0.699618935585022
v 0.19947654008865356 0.009997214190661907 0.6796067953109741
v -0.3419134318828583 0.013712623156607151 0.8197909593582153
v -0.21596622467041016 0.014796278439462185 0.8431589007377625
v -0.06701820343732834 0.012873472645878792 0.7258461713790894
v 0.044909123331308365 0.012194676324725151 0.6795401573181152
v 0.16150495409965515 0.012867430225014687 0.7168952226638794
v 0.2859721779823303 0.014474159106612206 0.7271813154220581
v -0.28418081998825073 0.018741952255368233 0.8921874165534973
v -0.11063923686742783 0.013625415042042732 0.7089557647705078
v 0.004611342679709196 0.012971550226211548 0.6700742244720459
v 0.12010809034109116 0.01369081623852253 0.7241003513336182
v 0.2235466092824936 0.012361814267933369 0.6877248287200928
v -0.31784167885780334 0.017145680263638496 0.8306366205215454
v -0.22806963324546814 0.019162511453032494 1.065118432044983
v -0.04457668960094452 0.01651572249829769 0.7355397939682007
v 0.07008330523967743 0.015756268054246902 0.6938143968582153
v 0.17745429277420044 0.014551439322531223 0.6763774156570435
v 0.3118007183074951 0.015743684023618698 0.7240408658981323
v -0.27450600266456604 0.02234075963497162 0.9634094834327698
v -0.08849301934242249 0.016314135864377022 0.7119261026382446
v 0.024614840745925903 0.015127474442124367 0.670110821723938
v 0.14255666732788086 0.016078749671578407 0.7214516997337341
v 0.2586418390274048 0.01679428480565548 0.7122696042060852
v -0.2942504584789276 0.02019556239247322 0.8393597602844238
v -0.13219957053661346 0.015778208151459694 0.7083630561828613
v -0.01822507008910179 0.0167173333466053 0.6974726915359497
v 0.09360966086387634 0.01686255820095539 0.694071352481842
v 0.20112931728363037 0.015226557850837708 0.6787938475608826
v -0.33588480949401855 0.02013077400624752 0.8142515420913696
v -0.21184825897216797 0.023485325276851654 0.8361849784851074
v -0.06433025747537613 0.018897829577326775 0.7265068292617798
v 0.04663378745317459 0.017675254493951797 0.6782928705215454
v 0.16353686153888702 0.018160277977585793 0.7166979312896729
v 0.2873643636703491 0.01936768926680088 0.7255682945251465
v -0.2848778963088989 0.02585260383784771 0.9003013372421265
v -0.10781662166118622 0.019496183842420578 0.7065926194190979
v 0.006946388632059097 0.017821477726101875 0.6635645627975464
v 0.12263086438179016 0.019499894231557846 0.7245244383811951
v 0.22624234855175018 0.017933141440153122 0.6858034133911133
v -0.31439000368118286 0.02418798767030239 0.8280071020126343
v -0.22998879849910736 0.03098301962018013 1.0909905433654785
v -0.04232798144221306 0.022789867594838142 0.7366762161254883
v 0.07240454107522964 0.021086087450385094 0.6940966844558716
v 0.1784123182296753 0.019133545458316803 0.673611044883728
v 0.31573250889778137 0.02174774743616581 0.7237825393676758
v -0.2658314108848572 0.028993716463446617 0.9415732026100159
v -0.0861942321062088 0.02193990908563137 0.7079200744628906
v 0.02703334018588066 0.0203071441501379 0.6696686744689941
v 0.14481347799301147 0.02188701555132866 0.7213002443313599
v 0.26064178347587585 0.022216403856873512 0.7128305435180664
v -0.29092809557914734 0.02746814489364624 0.8383563160896301
v -0.1287715882062912 0.022047577425837517 0.704413890838623
v -0.015802128240466118 0.021547935903072357 0.6943449378013611
v 0.09537802636623383 0.022057171911001205 0.6905372142791748
v 0.20141258835792542 0.020742075517773628 0.6736869812011719
v -0.3318506181240082 0.026707423850893974 0.8101987838745117
v -0.20733673870563507 0.03160417452454567 0.83168625831604
v -0.06152920052409172 0.025961652398109436 0.7308406829833984
v 0.04956990107893944 0.023776382207870483 0.6796109676361084
v 0.16485819220542908 0.022238662466406822 0.7145391702651978
v 0.28885617852211 0.025008825585246086 0.7252435684204102
v -0.285171777009964 0.03297308087348938 0.9095163345336914
v -0.10501860827207565 0.025214985013008118 0.7033511400222778
v 0.009075770154595375 0.022739989683032036 0.6599479913711548
v 0.12443068623542786 0.025245536118745804 0.7215009927749634
v 0.22844190895557404 0.02333682030439377 0.6839109659194946
v -0.3118724524974823 0.031283989548683167 0.827741265296936
v -0.22691188752651215 0.040758002549409866 1.0919029712677002
v -0.03995562344789505 0.02862481214106083 0.7362200617790222
v 0.07461415976285934 0.02670331671833992 0.6941202282905579
v 0.17931687831878662 0.023763535544276237 0.6708944439888
v 0.33906853199005127 0.028787920251488686 0.7564840316772461
v -0.2621611952781677 0.036956027150154114 0.9387208223342896
v -0.08360270410776138 0.027823278680443764 0.7069542407989502
v 0.029653791338205338 0.025543780997395515 0.6686960458755493
v 0.1467178612947464 0.027219414710998535 0.7193310260772705
v 0.2675434947013855 0.029663022607564926 0.7263363599777222
v -0.28775644302368164 0.035091836005449295 0.8410196304321289
v -0.1252046674489975 0.028008095920085907 0.6998612284660339
v -0.015356183983385563 0.030386246740818024 0.7298343777656555
v 0.10132531821727753 0.029111912474036217 0.7107423543930054
v 0.20336608588695526 0.026583435013890266 0.6715149879455566
v -0.330616295337677 0.03419959545135498 0.8135651350021362
v -0.20284204185009003 0.04091649875044823 0.8254515528678894
v -0.05912906676530838 0.031983632594347 0.7319446802139282
v 0.05328664556145668 0.0287918820977211 0.6841346025466919
v 0.1617063730955124 0.027973124757409096 0.6742228269577026
v 0.2914007008075714 0.03068978153169155 0.7275606393814087
v -0.28525567054748535 0.04096819460391998 0.9197192192077637
v -0.10238830000162125 0.03079817444086075 0.7002897262573242
v 0.011255519464612007 0.02756538614630699 0.6565998792648315
v 0.125904381275177 0.030925406143069267 0.7173691987991333
v 0.24408869445323944 0.033333566039800644 0.7271206378936768
v -0.3093489706516266 0.03838943690061569 0.8273153305053711
v -0.22542822360992432 0.05009590461850166 1.097967505455017
v -0.03735838830471039 0.03397887200117111 0.732633113861084
v 0.0767069011926651 0.032006680965423584 0.6925570964813232
v 0.18065115809440613 0.029049638658761978 0.6682751178741455
v -0.35939255356788635 0.03703432157635689 0.8088738918304443
v -0.25943005084991455 0.04481581971049309 0.9415373206138611
v -0.08138281852006912 0.03371909633278847 0.7069000005722046
v 0.03166337311267853 0.030957547947764397 0.6655750274658203
v 0.14786304533481598 0.03311396762728691 0.7137218117713928
v 0.2718158960342407 0.03601963818073273 0.7326326370239258
v -0.2841759920120239 0.042551133781671524 0.8449293971061707
v -0.12250830233097076 0.03375938534736633 0.6975467205047607
v -0.011264975182712078 0.03481248393654823 0.7267745137214661
v 0.10196640342473984 0.03461464121937752 0.7047926187515259
v 0.22532965242862701 0.03706061467528343 0.7303345203399658
v -0.32897236943244934 0.04142347350716591 0.8166611790657043
v -0.1994280219078064 0.05286640301346779 0.8232846856117249
v -0.05704064294695854 0.037454262375831604 0.7294573783874512
v 0.05572067201137543 0.03336884081363678 0.6810904741287231
v 0.1621122807264328 0.03216157853603363 0.6681253910064697
v 0.2947625517845154 0.0356198325753212 0.7293567657470703
v -0.2850326597690582 0.04907951131463051 0.9296830892562866
v -0.09948354214429855 0.036002084612846375 0.6959475874900818
v 0.013135473243892193 0.032604996114969254 0.6543163061141968
v 0.12792523205280304 0.0365624725818634 0.7161774635314941
v 0.24736040830612183 0.040362175554037094 0.7306990623474121
v -0.30688706040382385 0.046035900712013245 0.8275666236877441
v -0.22353322803974152 0.05923407897353172 1.0994772911071777
v -0.034710321575403214 0.03942457213997841 0.7287493348121643
v 0.08159822970628738 0.03933054581284523 0.6989336013793945
v 0.18280130624771118 0.03444049879908562 0.665647566318512
v -0.3557322919368744 0.04462718591094017 0.8134855031967163
v -0.2575419843196869 0.05320074036717415 0.947165310382843
v -0.07873263210058212 0.039533212780952454 0.7021129131317139
v 0.03359624743461609 0.03630766645073891 0.6622712016105652
v 0.14898110926151276 0.038499969989061356 0.7086272239685059
v 0.2745915651321411 0.04018274322152138 0.7338826656341553
v -0.32127663493156433 0.050631094723939896 1.002255916595459
v -0.11970283836126328 0.03918297961354256 0.6942136287689209
v -0.006939895451068878 0.041626982390880585 0.7271192669868469
v 0.10409907251596451 0.04034103453159332 0.7061964273452759
v 0.2288168966770172 0.043000802397727966 0.7346887588500977
v -0.327167272567749 0.04872816801071167 0.8194044828414917
v -0.2611033320426941 0.06680873036384583 1.1056010723114014
v -0.05472661182284355 0.0435466431081295 0.7293981909751892
v 0.05539168417453766 0.03962798789143562 0.6685524582862854
v 0.1640351265668869 0.03699730336666107 0.6673815250396729
v 0.2979047894477844 0.042246416211128235 0.7288275957107544
v -0.2852948009967804 0.05756251886487007 0.9393125176429749
v -0.09647002816200256 0.04131724312901497 0.6887902021408081
v 0.014777162112295628 0.03837217018008232 0.6521871089935303
v 0.1299665868282318 0.041966620832681656 0.7147467136383057
v 0.24938184022903442 0.045082323253154755 0.7285747528076172
v -0.3047901690006256 0.05363363027572632 0.8302265405654907
v -0.1569528579711914 0.04503229260444641 0.7117433547973633
v -0.03242131695151329 0.044945184141397476 0.7270714044570923
v 0.08457311987876892 0.04470434784889221 0.7013610005378723
v 0.18557220697402954 0.04075470194220543 0.663234531879425
v -0.35389208793640137 0.05209936946630478 0.8161083459854126
v -0.2552913725376129 0.06149465963244438 0.9514607787132263
v -0.07580630481243134 0.04493487626314163 0.6995012760162354
v 0.03600919991731644 0.0414155088365078 0.6612083315849304
v 0.15094208717346191 0.04422951117157936 0.7064826488494873
v 0.2702048420906067 0.04576703533530235 0.7195454835891724
v -0.3499915599822998 0.0648116022348404 1.0284250974655151
v -0.11710834503173828 0.044918645173311234 0.6917654275894165
v -0.003656875342130661 0.04887811467051506 0.7374018430709839
v 0.10760961472988129 0.04595423862338066 0.7060785293579102
v 0.23076553642749786 0.047900523990392685 0.7326823472976685
v -0.3252209424972534 0.05581238865852356 0.8217543959617615
v -0.258308470249176 0.07562043517827988 1.1074215173721313
v -0.05266965180635452 0.04944073408842087 0.7288795709609985
v 0.057945892214775085 0.04478653147816658 0.6676671504974365
v 0.16891081631183624 0.046344198286533356 0.6873184442520142
v 0.3009001910686493 0.0490504615008831 0.7260562777519226
v -0.2857885956764221 0.06591974198818207 0.9499655365943909
v -0.09400052577257156 0.04643251746892929 0.6855888366699219
v 0.016211124137043953 0.04456242918968201 0.6511449813842773
v 0.13144516944885254 0.0479966476559639 0.7089005708694458
v 0.25065574049949646 0.05009704828262329 0.724735677242279
v -0.3019135594367981 0.060212377458810806 0.832035481929779
v -0.217719167470932 0.0766230896115303 1.1034613847732544
v -0.02997889555990696 0.05114990472793579 0.7272439002990723
v 0.08534739911556244 0.0497758723795414 0.6962292194366455
v 0.2030707597732544 0.05136426165699959 0.7159409523010254
v -0.35055094957351685 0.05863923579454422 0.8171876072883606
v -0.25301694869995117 0.07014854997396469 0.9555371403694153
v -0.07304490357637405 0.05018020421266556 0.6994452476501465
v 0.03844230994582176 0.04714065045118332 0.6592603921890259
v 0.15260344743728638 0.04958866164088249 0.7016641497612
v 0.2754729986190796 0.05173500254750252 0.7249172329902649
v -0.3387625515460968 0.07422693818807602 1.0150487422943115
v -0.11383242160081863 0.0500461608171463 0.6847618818283081
v -0.003112196223810315 0.061539314687252045 0.8717467188835144
v 0.10937805473804474 0.052615467458963394 0.701826810836792
v 0.2302558720111847 0.05356168374419212 0.7252470850944519
v -0.32139742374420166 0.062191255390644073 0.8195893168449402
v -0.25490695238113403 0.08431048691272736 1.1084526777267456
v -0.050383392721414566 0.05581444129347801 0.7295671701431274
v 0.06080064922571182 0.05032436549663544 0.6677864789962769
v 0.17114201188087463 0.05119370296597481 0.6839029788970947
v 0.3501951992511749 0.0619349367916584 0.8346049189567566
v -0.2855103015899658 0.07452205568552017 0.9611632227897644
v -0.09159058332443237 0.052014388144016266 0.6861972808837891
v 0.016897669062018394 0.05131843313574791 0.6467466354370117
v 0.13304585218429565 0.053955089300870895 0.7046744227409363
v 0.25250735878944397 0.055604081600904465 0.7247533798217773
v -0.2987217903137207 0.06657584756612778 0.8328323364257812
v -0.21419204771518707 0.08767496794462204 1.1167906522750854
v -0.02697717770934105 0.057749468833208084 0.7269973754882812
v 0.08741945028305054 0.05581820383667946 0.6954512596130371
v 0.20466908812522888 0.05609259754419327 0.7147098779678345
v -0.34714725613594055 0.06468668580055237 0.8159157037734985
v -0.25065290927886963 0.07862623780965805 0.9589530825614929
v -0.07085444033145905 0.06074455380439758 0.7325625419616699
v 0.04045701026916504 0.05309774726629257 0.6564010381698608
v 0.15455573797225952 0.05517680197954178 0.7001293897628784
v 0.2840746343135834 0.060696445405483246 0.7389944791793823
v -0.33260849118232727 0.08311330527067184 1.0093449354171753
v -0.11129732429981232 0.05554889515042305 0.681835949420929
v -0.001165302935987711 0.07039505243301392 0.8773882389068604
v 0.11029484868049622 0.05757516622543335 0.6977509260177612
v 0.23117516934871674 0.058749374002218246 0.7204675674438477
v -0.316337525844574 0.06884939223527908 0.8130899667739868
v -0.2525404989719391 0.09417163580656052 1.1154062747955322
v -0.04852495715022087 0.06181922182440758 0.7291618585586548
v 0.06425356864929199 0.056274231523275375 0.6719393730163574
v 0.1750250607728958 0.058628104627132416 0.6897701025009155
v 0.36003005504608154 0.07076883316040039 0.850201427936554
v -0.28480929136276245 0.08356822282075882 0.970233678817749
v -0.08883941918611526 0.057537563145160675 0.68316650390625
v 0.01861513778567314 0.06086679920554161 0.6411388516426086
v 0.13472698628902435 0.059504978358745575 0.7038254141807556
v 0.2540460228919983 0.0610024631023407 0.722731351852417
v -0.2948785126209259 0.07345125079154968 0.8327457904815674
v -0.2169773429632187 0.09966988116502762 1.148481011390686
v -0.022996101528406143 0.06408679485321045 0.7300639152526855
v 0.088981993496418 0.06116548553109169 0.6941089630126953
v 0.207139253616333 0.062398169189691544 0.7157965302467346
v -0.341557115316391 0.07112256437540054 0.8103892207145691
v -0.24853821098804474 0.0871741995215416 0.9621946215629578
v -0.06923508644104004 0.06628265231847763 0.73154616355896
v 0.04202041029930115 0.06126334145665169 0.6540411114692688
v 0.15711796283721924 0.061879854649305344 0.7015635967254639
v 0.28552475571632385 0.06555983424186707 0.7361624240875244
v -0.32815420627593994 0.09243117272853851 1.0078130960464478
v -0.10857803374528885 0.06121883913874626 0.6759203672409058
v 0.0017941539408639073 0.08125831931829453 0.8988109827041626
v 0.11110683530569077 0.0625547543168068 0.6950803995132446
v 0.23299890756607056 0.06426063179969788 0.7191352844238281
v -0.3120604157447815 0.07511919736862183 0.8088160753250122
v -0.2533979117870331 0.10599633306264877 1.136826992034912
v -0.04641898348927498 0.06662528216838837 0.7279666662216187
v 0.0686405673623085 0.06335343420505524 0.6826479434967041
v 0.1930239498615265 0.0699969008564949 0.7464848756790161
v 0.36584803462028503 0.0796770304441452 0.8500392436981201
v -0.2876136302947998 0.09281720966100693 0.9917013645172119
v -0.08689264953136444 0.06440716981887817 0.6869475841522217
v 0.02905097045004368 0.07987912744283676 0.8771892786026001
v 0.1358063966035843 0.06499829888343811 0.7022273540496826
v 0.2571115791797638 0.06729809194803238 0.7237535715103149
v -0.2907290756702423 0.07961142063140869 0.831233024597168
v -0.221078023314476 0.11248593032360077 1.1874361038208008
v -0.02879970706999302 0.08480701595544815 0.901453971862793
v 0.09094695746898651 0.06691478192806244 0.6930774450302124
v 0.2094697803258896 0.06931122392416 0.718949019908905
v -0.3359488248825073 0.07796422392129898 0.8055704832077026
v -0.24642933905124664 0.09575699269771576 0.9661642909049988
v -0.06747779995203018 0.07197249680757523 0.7314437627792358
v 0.0435308963060379 0.07249604165554047 0.6649422645568848
v 0.17830336093902588 0.07502131164073944 0.776671290397644
v 0.2884894013404846 0.07153375446796417 0.7370868921279907
v -0.3244776725769043 0.10138025134801865 1.0078997611999512
v -0.10588521510362625 0.06871967762708664 0.6677294969558716
v 0.005717208608984947 0.0947134792804718 0.9701562523841858
v 0.11262067407369614 0.06793342530727386 0.6940058469772339
v 0.23547624051570892 0.07016351819038391 0.7196964025497437
v -0.3078884482383728 0.0810806080698967 0.8049505352973938
v -0.2587287425994873 0.11824333667755127 1.1731879711151123
v -0.044558290392160416 0.07267218083143234 0.7284207344055176
v 0.07233919948339462 0.07009802758693695 0.692723274230957
v 0.20232167840003967 0.07901417464017868 0.7723782062530518
v 0.37696853280067444 0.08986187726259232 0.8661007881164551
v -0.2804974317550659 0.10118892788887024 0.9790936708450317
v -0.08443551510572433 0.07138612866401672 0.6870399713516235
v 0.03337445110082626 0.09495294094085693 0.9286172986030579
v 0.13762032985687256 0.0709572583436966 0.701955258846283
v 0.2639729976654053 0.07475379854440689 0.7304648160934448
v -0.2878391146659851 0.08632015436887741 0.8308324813842773
v -0.2252679020166397 0.12561951577663422 1.2259752750396729
v -0.02536810375750065 0.09368045628070831 0.9127774834632874
v 0.09350603818893433 0.07330124080181122 0.6943097710609436
v 0.2135852724313736 0.07736500352621078 0.7259082198143005
v -0.33317649364471436 0.08573827892541885 0.8052325248718262
v -0.24438120424747467 0.10440773516893387 0.9703299403190613
v -0.06535468995571136 0.07781527936458588 0.7327772378921509
v 0.06300967931747437 0.09163759648799896 0.8806396126747131
v 0.18299667537212372 0.08310635387897491 0.7844001650810242
v 0.293815940618515 0.07821963727474213 0.7400657534599304
v -0.3189150393009186 0.10935835540294647 1.0051441192626953
v -0.15661492943763733 0.10317233204841614 1.0366564989089966
v 0.010940629057586193 0.11549204587936401 1.1825400590896606
v 0.12037298083305359 0.07865127176046371 0.7094900608062744
v 0.23825307190418243 0.07673661410808563 0.7212247848510742
v -0.30533358454704285 0.08874934166669846 0.8064727783203125
v -0.22042305767536163 0.11276552081108093 1.0129748582839966
v -0.04189038276672363 0.07938721030950546 0.7337562441825867
v 0.07530764490365982 0.07658611983060837 0.6986884474754333
v 0.23223146796226501 0.09080924093723297 0.8734822273254395
v 0.3830290138721466 0.09839903563261032 0.8723343014717102
v -0.278621107339859 0.11039840430021286 0.9869020581245422
v -0.0811045691370964 0.07943280786275864 0.6855083107948303
v 0.036443620920181274 0.11207707971334457 0.9760260581970215
v 0.1516832411289215 0.08562003076076508 0.7476189136505127
v 0.26392310857772827 0.0801038071513176 0.7257431745529175
v -0.28570157289505005 0.09381836652755737 0.8347617387771606
v -0.22123388946056366 0.1355772316455841 1.2221187353134155
v -0.02593369595706463 0.11377862095832825 1.012641191482544
v 0.09533578157424927 0.07809530198574066 0.6920020580291748
v 0.266573429107666 0.09502194821834564 0.8864230513572693
v -0.3314324617385864 0.09363454580307007 0.8073951005935669
v -0.24216613173484802 0.11303556710481644 0.9740360975265503
v -0.06329790502786636 0.08394921571016312 0.7340401411056519
v 0.07036495208740234 0.10495135933160782 0.9202290773391724
v 0.1855948120355606 0.09045006334781647 0.7760648727416992
v 0.2993799149990082 0.08492974936962128 0.7446519136428833
v -0.31263887882232666 0.11609116941690445 1.0003151893615723
v -0.1562412530183792 0.11749240010976791 1.043247938156128
v 0.020862851291894913 0.15131615102291107 1.4845601320266724
v 0.12252835184335709 0.08431535959243774 0.7098196744918823
v 0.2411860227584839 0.08375336974859238 0.7237811088562012
v -0.30809417366981506 0.09869502484798431 0.8225429058074951
v -0.2161923199892044 0.12009572237730026 1.0110416412353516
v -0.03858719766139984 0.0870390459895134 0.7454079389572144
v 0.07721912115812302 0.08294454962015152 0.7009484767913818
v 0.2439299374818802 0.10334441065788269 0.9093239307403564
v 0.39182817935943604 0.10776300728321075 0.8807491660118103
v -0.4241862893104553 0.15265049040317535 1.5898902416229248
v -0.11311269551515579 0.08431409299373627 0.8406257033348083
v 0.0411812923848629 0.13000883162021637 0.9976497292518616
v 0.15472327172756195 0.09131257236003876 0.7504726052284241
v 0.26600635051727295 0.08596804738044739 0.7253748178482056
v -0.28181856870651245 0.1009884774684906 0.8330345749855042
v -0.20873339474201202 0.14111094176769257 1.1719130277633667
v -0.01581732928752899 0.1164039894938469 0.9621553421020508
v 0.09741827845573425 0.08365821838378906 0.6916182041168213
v 0.2718845307826996 0.10588612407445908 0.8930704593658447
v -0.32867002487182617 0.1003342717885971 0.8086000084877014
v -0.23991543054580688 0.12174337357282639 0.9779577851295471
v -0.061280664056539536 0.09088162332773209 0.7371547222137451
v 0.05724288150668144 0.10499589890241623 0.9033986330032349
v 0.1888057142496109 0.10031721740961075 0.7862726449966431
v 0.35786476731300354 0.10876911878585815 0.887326717376709
v -0.2891002595424652 0.12097904831171036 0.9603817462921143
v -0.15412896871566772 0.130315363407135 1.0459500551223755
v 0.030944837257266045 0.1973295658826828 1.7034183740615845
v 0.12348955124616623 0.08950138837099075 0.7077463865280151
v 0.2430274933576584 0.09064984321594238 0.7233332395553589
v -0.30399075150489807 0.10398019105195999 0.8198264241218567
v -0.21285374462604523 0.12846334278583527 1.009828805923462
v -0.03963696211576462 0.10300927609205246 0.798911452293396
v 0.0789412409067154 0.08911123126745224 0.7011932134628296
v 0.2517124116420746 0.11814198642969131 0.9318799376487732
v -0.3195130228996277 0.09080818295478821 0.6976281404495239
v -0.43356576561927795 0.1868484616279602 1.6091721057891846
v -0.116558738052845 0.13065510988235474 1.048726201057434
v 0.11679452657699585 0.22392460703849792 1.9631991386413574
v 0.15625335276126862 0.09685298800468445 0.7488772869110107
v 0.27139532566070557 0.09268458187580109 0.7310773730278015
v -0.28147777915000916 0.10908334702253342 0.8390946984291077
v -0.21403338015079498 0.157609224319458 1.248498558998108
v -0.006123205181211233 0.12590260803699493 0.9536159038543701
v 0.10194643586874008 0.09434044361114502 0.7063740491867065
v 0.2763732075691223 0.11597901582717896 0.8996663689613342
v -0.33570897579193115 0.11197936534881592 0.8272282481193542
v -0.2378433495759964 0.13072098791599274 0.9832470417022705
v -0.05929017439484596 0.09790409356355667 0.7393491268157959
v 0.05179424211382866 0.09388366341590881 0.7327905893325806
v 0.2704890966415405 0.14170987904071808 1.1583962440490723
v 0.3711095154285431 0.12014468759298325 0.9067370295524597
v -0.277633398771286 0.12761196494102478 0.9434881806373596
v -0.15138839185237885 0.14012481272220612 1.045304775238037
v 0.04112744331359863 0.24692517518997192 1.9158916473388672
v 0.12511639297008514 0.09505267441272736 0.706539511680603
v 0.24547451734542847 0.09881209582090378 0.7241091728210449
v -0.2991582751274109 0.11053197830915451 0.814889669418335
v -0.2095053791999817 0.13736802339553833 1.010695457458496
v -0.03619711101055145 0.1094214990735054 0.8041749000549316
v 0.08095734566450119 0.0963241308927536 0.7030313014984131
v 0.2668284773826599 0.13295382261276245 0.9720249176025391
v -0.31286466121673584 0.10151662677526474 0.6914278268814087
v -0.42542415857315063 0.20071013271808624 1.5801968574523926
v -0.11480419337749481 0.14168736338615417 1.052304744720459
v 0.1220245361328125 0.27513593435287476 1.9863957166671753
v 0.15779346227645874 0.10474104434251785 0.7427411675453186
v 0.28079891204833984 0.10230650007724762 0.745428204536438
v -0.31521329283714294 0.13177980482578278 0.9307865500450134
v -0.2173352837562561 0.17393289506435394 1.2643605470657349
v -0.0007795729907229543 0.13999544084072113 0.9920185804367065
v 0.1065611019730568 0.10075916349887848 0.7091848850250244
v 0.2885396480560303 0.1286134123802185 0.9256309866905212
v -0.4096309244632721 0.14022280275821686 1.0375666618347168
v -0.23598724603652954 0.13994789123535156 0.9897683262825012
v -0.057331833988428116 0.10591775178909302 0.7471562623977661
v 0.05538295581936836 0.10040049254894257 0.7197027206420898
v 0.28256145119667053 0.1610817164182663 1.1817455291748047
v 0.3800759017467499 0.13029131293296814 0.9172376394271851
v -0.27447161078453064 0.13828857243061066 0.9482124447822571
v -0.1475237011909485 0.1492188721895218 1.0447348356246948
v 0.05117445066571236 0.275790810585022 1.9493974447250366
v 0.12758739292621613 0.1014382541179657 0.7077213525772095
v 0.28193873167037964 0.11720415949821472 0.8251726031303406
v -0.2952175438404083 0.11705780029296875 0.8120302557945251
v -0.2065364271402359 0.1460357904434204 1.0130257606506348
v -0.031001660972833633 0.11676732450723648 0.8059701919555664
v 0.08315254002809525 0.10230498015880585 0.7039180994033813
v 0.3462996184825897 0.16613219678401947 1.2060794830322266
v -0.3069484829902649 0.11428863555192947 0.6832270622253418
v -0.4160057008266449 0.2116411030292511 1.5720977783203125
v -0.11188353598117828 0.1510327309370041 1.0519524812698364
v 0.1272834688425064 0.2932017743587494 1.959497094154358
v 0.16094344854354858 0.11138920485973358 0.7385154962539673
v 0.29002660512924194 0.1127704307436943 0.7621768712997437
v -0.305365651845932 0.13906273245811462 0.9228440523147583
v -0.2018245905637741 0.17630097270011902 1.1856449842453003
v -0.016393231227993965 0.2703629732131958 1.8601961135864258
v 0.10819023102521896 0.10460269451141357 0.7053578495979309
v 0.2669941782951355 0.12850096821784973 0.8660737872123718
v -0.40335461497306824 0.14814074337482452 1.0306086540222168
v -0.23409797251224518 0.1496209353208542 0.996986985206604
v -0.06056182458996773 0.12347015738487244 0.8235785961151123
v 0.05930858850479126 0.10600028187036514 0.7173612117767334
v 0.295055627822876 0.17670156061649323 1.1961426734924316
v 0.3883645832538605 0.14029808342456818 0.9275697469711304
v -0.43369370698928833 0.2040562778711319 1.3924583196640015
v -0.143792062997818 0.15825343132019043 1.0443215370178223
v 0.06038758531212807 0.29688990116119385 1.951825499534607
v 0.13016052544116974 0.10726919770240784 0.7080057859420776
v 0.28451380133628845 0.1260863095521927 0.8257654905319214
v -0.29109203815460205 0.12375016510486603 0.8090860843658447
v -0.2037811279296875 0.15483123064041138 1.0154368877410889
v -0.02792481891810894 0.1242460310459137 0.8082309365272522
v 0.08538384735584259 0.10663538426160812 0.7007333040237427
v 0.3560713231563568 0.18479588627815247 1.2182972431182861
v -0.8107629418373108 0.24867945909500122 1.8947724103927612
v -0.38353440165519714 0.20913174748420715 1.4585106372833252
v -0.10785327106714249 0.16095970571041107 1.0462077856063843
v 0.12809549272060394 0.30803191661834717 1.9368784427642822
v 0.1635875403881073 0.11705707013607025 0.7335525751113892
v 0.29335108399391174 0.12002108991146088 0.7638421058654785
v -0.2648915648460388 0.1298667937517166 0.8287067413330078
v -0.18146207928657532 0.17268040776252747 1.0937566757202148
v -0.007103465963155031 0.2959359884262085 1.8920347690582275
v 0.1102389246225357 0.10940057039260864 0.7035292983055115
v 0.265860378742218 0.13499653339385986 0.8547879457473755
v -0.373814195394516 0.1496053785085678 0.9562768340110779
v -0.23266330361366272 0.15969249606132507 1.0053858757019043
v -0.054350122809410095 0.12521301209926605 0.78907710313797
v 0.06232237443327904 0.11154071986675262 0.714371383190155
v 0.3123913109302521 0.19516916573047638 1.2346822023391724
v 0.39522799849510193 0.14917409420013428 0.9350889921188354
v -0.3780169188976288 0.19977207481861115 1.2560386657714844
v -0.14028266072273254 0.16730426251888275 1.0446783304214478
v 0.06610553711652756 0.31589117646217346 1.9550385475158691
v 0.13265737891197205 0.11250902712345123 0.7057704925537109
v 0.28698256611824036 0.1333867460489273 0.823439359664917
v -0.28749534487724304 0.13087765872478485 0.8063567876815796
v -0.2012043446302414 0.16398659348487854 1.0181999206542969
v -0.023643041029572487 0.13036498427391052 0.8041872978210449
v 0.08712965250015259 0.11114209145307541 0.6945445537567139
v 0.3679710626602173 0.202549546957016 1.2433431148529053
v -0.9821231961250305 0.34310397505760193 2.372070550918579
v -0.3335244953632355 0.19857923686504364 1.289344072341919
v -0.10290208458900452 0.1700046956539154 1.038100004196167
v 0.13121721148490906 0.323947548866272 1.928009033203125
v 0.2509641647338867 0.2008671909570694 1.2290351390838623
v 0.2991633117198944 0.1289646178483963 0.770477294921875
v -0.26083558797836304 0.13891735672950745 0.8262194395065308
v -0.1740964651107788 0.1770351380109787 1.0698297023773193
v 0.00043566885869950056 0.31386542320251465 1.9004417657852173
v 0.11240864545106888 0.11472908407449722 0.7026420831680298
v 0.26806333661079407 0.1428292989730835 0.8510361313819885
v -0.32051196694374084 0.1389697790145874 0.8159855008125305
v -0.23208916187286377 0.1704958975315094 1.0175236463546753
v -0.0512579120695591 0.1303757131099701 0.7824085354804993
v 0.0648629367351532 0.11725763231515884 0.7099186182022095
v 0.33022210001945496 0.21230944991111755 1.269331932067871
v 0.39982762932777405 0.1556408405303955 0.9317819476127625
v -0.3173767626285553 0.1902194321155548 1.1031385660171509
v -0.1370353400707245 0.17616352438926697 1.0451377630233765
v 0.07118343561887741 0.33420971035957336 1.9570955038070679
v 0.13474738597869873 0.1175723448395729 0.7021934986114502
v 0.29106178879737854 0.1419970691204071 0.8265680074691772
v -0.28511711955070496 0.13892576098442078 0.8051437735557556
v -0.19848035275936127 0.173277348279953 1.0211611986160278
v -0.015645023435354233 0.1333562731742859 0.7959016561508179
v 0.0885801836848259 0.11568187177181244 0.6897045373916626
v 0.3880500793457031 0.22303764522075653 1.2869582176208496
v -0.41535285115242004 0.16851100325584412 0.9409265518188477
v -0.3238520920276642 0.2134942263364792 1.2833741903305054
v -0.09873433411121368 0.17844881117343903 1.0393270254135132
v 0.13842400908470154 0.34073513746261597 1.923595905303955
v 0.2615154981613159 0.21054314076900482 1.2266525030136108
v 0.3203454613685608 0.14477184414863586 0.8214290142059326
v -0.2553837299346924 0.15035377442836761 0.8263708353042603
v -0.16846922039985657 0.18340696394443512 1.0568726062774658
v 0.008065412752330303 0.33093056082725525 1.9078813791275024
v 0.11380081623792648 0.11986097693443298 0.6989530324935913
v 0.27030470967292786 0.15047767758369446 0.8485094308853149
v -0.3203299641609192 0.14851416647434235 0.8143869638442993
v -0.23090869188308716 0.1826564371585846 1.0332672595977783
v -0.04880065098404884 0.13687385618686676 0.7804677486419678
v 0.0670207291841507 0.12229655683040619 0.703848659992218
v 0.3428303599357605 0.2282244861125946 1.2920787334442139
v 0.3963918685913086 0.16245949268341064 0.9137033224105835
v -0.31771141290664673 0.203896626830101 1.1112704277038574
v -0.13367627561092377 0.18473006784915924 1.0454598665237427
v 0.07823803275823593 0.3517407476902008 1.9643248319625854
v 0.13661451637744904 0.12249872833490372 0.6985108852386475
v 0.2958631217479706 0.1497262865304947 0.8286743760108948
v -0.28477320075035095 0.14954158663749695 0.8088460564613342
v -0.19550998508930206 0.1826624870300293 1.0242016315460205
v -0.009460775181651115 0.14313890039920807 0.8017750978469849
v 0.09040574729442596 0.12059801071882248 0.686576783657074
v 0.29054561257362366 0.17648153007030487 1.0029126405715942
v -0.40143007040023804 0.18236495554447174 0.9198153614997864
v -0.3225279450416565 0.23218464851379395 1.290732979774475
v -0.0946086123585701 0.18679161369800568 1.0437145233154297
v 0.1486695259809494 0.3588953912258148 1.9314075708389282
v 0.2654888927936554 0.21461932361125946 1.204859733581543
v 0.32466593384742737 0.15202981233596802 0.8224369883537292
v -0.2694683074951172 0.17049697041511536 0.8699759840965271
v -0.1646837443113327 0.19115129113197327 1.0514583587646484
v 0.01683986932039261 0.3512987792491913 1.9365630149841309
v 0.11486977338790894 0.1247112825512886 0.6939551830291748
v 0.2723084092140198 0.15768398344516754 0.8455028533935547
v -0.31959953904151917 0.1584574580192566 0.8098280429840088
v -0.27765610814094543 0.23275801539421082 1.2991583347320557
v -0.04599376395344734 0.1434440016746521 0.778732419013977
v 0.06919998675584793 0.1279972791671753 0.7000598907470703
v 0.35953882336616516 0.24634964764118195 1.330291986465454
v 0.3967084586620331 0.16930755972862244 0.9067075252532959
v -0.33368080854415894 0.22654563188552856 1.1778582334518433
v -0.12990613281726837 0.1932622492313385 1.0456432104110718
v 0.08571462333202362 0.36584699153900146 1.9539917707443237
v 0.1391216665506363 0.12813861668109894 0.6971423625946045
v 0.2986827492713928 0.15620163083076477 0.8266457319259644
v -0.2859739065170288 0.16446863114833832 0.8220260739326477
v -0.19278331100940704 0.19236093759536743 1.02836012840271
v -0.05795997008681297 0.33067449927330017 1.7499821186065674
v 0.09225313365459442 0.12595324218273163 0.6849943399429321
v 0.2681773900985718 0.17747022211551666 0.9423872828483582
v -1.050519585609436 0.47015058994293213 2.572927951812744
v -0.35996049642562866 0.27520036697387695 1.4712656736373901
v -0.07288239151239395 0.1482282429933548 0.7828307747840881
v 0.14758576452732086 0.35826602578163147 1.8663123846054077
v 0.2535499036312103 0.20849883556365967 1.119956135749817
v 0.3272300958633423 0.15851430594921112 0.8182508945465088
v -0.676938533782959 0.38357508182525635 2.171353816986084
v -0.16142171621322632 0.1993161290884018 1.0485928058624268
v 0.027002042159438133 0.3857068717479706 2.0555202960968018
v 0.1160476803779602 0.12937675416469574 0.6895873546600342
v 0.2742215692996979 0.1663145273923874 0.8434743285179138
v -0.3169049322605133 0.1710900068283081 0.8003184795379639
v -0.3357694745063782 0.292671799659729 1.5790181159973145
v -0.04284604266285896 0.15020976960659027 0.7767381072044373
v 0.07109111547470093 0.134608656167984 0.6992547512054443
v 0.36848825216293335 0.2618449926376343 1.3506813049316406
v 0.4000644087791443 0.1779821813106537 0.9050916433334351
v -0.35337111353874207 0.24794168770313263 1.2491614818572998
v -0.12596279382705688 0.20229408144950867 1.0455315113067627
v 0.0660942941904068 0.3113773465156555 1.6083433628082275
v 0.14129504561424255 0.13363470137119293 0.6958723068237305
v 0.30088329315185547 0.16321523487567902 0.8241258263587952
v -0.29862886667251587 0.18379372358322144 0.8649879693984985
v -0.19030721485614777 0.20221595466136932 1.0334504842758179
v -0.053100015968084335 0.39675578474998474 2.0457522869110107
v 0.0940738171339035 0.1309448927640915 0.6833516359329224
v 0.267593115568161 0.19038410484790802 0.9241571426391602
v -1.0459790229797363 0.5061827301979065 2.5875535011291504
v -0.427898108959198 0.3399806022644043 1.7872915267944336
v -0.06916544586420059 0.15279313921928406 0.7718428373336792
v 0.13957831263542175 0.35383033752441406 1.746858835220337
v 0.2599457800388336 0.22371219098567963 1.1230930089950562
v 0.3311448395252228 0.16732066869735718 0.8165343999862671
v -0.7136170864105225 0.45133182406425476 2.287379741668701
v -0.1579321026802063 0.20741549134254456 1.0457398891448975
v 0.043225955218076706 0.43785548210144043 2.2329187393188477
v 0.11740344017744064 0.13420268893241882 0.6853146553039551
v 0.275462806224823 0.17447346448898315 0.8400338292121887
v -0.3199198842048645 0.19585943222045898 0.8098446726799011
v -0.4237310290336609 0.384747713804245 2.0078351497650146
v -0.03822651132941246 0.15742497146129608 0.7735788822174072
v 0.07258467376232147 0.1426069140434265 0.7015885710716248
v 0.36960914731025696 0.27002328634262085 1.357984185218811
v 0.415055513381958 0.1923254132270813 0.9080190062522888
v -0.3465837836265564 0.25986552238464355 1.2051470279693604
v -0.1221500039100647 0.21131719648838043 1.0464515686035156
v 0.0739549919962883 0.33449646830558777 1.628723382949829
v 0.14329198002815247 0.13871006667613983 0.6928636431694031
v 0.30304449796676636 0.17168019711971283 0.8216835260391235
v -0.9508510231971741 0.5629657506942749 2.8217411041259766
v -0.1880795657634735 0.2122901976108551 1.0394614934921265
v -0.04587243124842644 0.46322503685951233 2.338768243789673
v 0.09776247292757034 0.14040438830852509 0.6918119192123413
v 0.2750076651573181 0.20396149158477783 0.9323886036872864
v -1.0432112216949463 0.5399882793426514 2.598818778991699
v -0.5064881443977356 0.43484753370285034 2.1367340087890625
v -0.06569229066371918 0.1587679088115692 0.7671428322792053
v 0.03575999662280083 0.30242931842803955 1.2535998821258545
v 0.27453452348709106 0.24422065913677216 1.1649808883666992
v 0.3397890627384186 0.17957407236099243 0.825751781463623
v -0.766966700553894 0.5245579481124878 2.504666805267334
v -0.1540132462978363 0.21549303829669952 1.0427345037460327
v 0.027712592855095863 0.3851165175437927 1.8510229587554932
v 0.1195112019777298 0.13960807025432587 0.6833502054214478
v 0.28647467494010925 0.18713800609111786 0.8574138879776001
v -1.0396478176116943 0.5867306590080261 2.7843520641326904
v -0.49142590165138245 0.4677421748638153 2.349761486053467
v -0.03235221281647682 0.16631318628787994 0.7704330086708069
v 0.07399443536996841 0.15203624963760376 0.7073681354522705
v 0.35623273253440857 0.2603926658630371 1.285138726234436
v -1.1096322536468506 0.5165598392486572 2.4900717735290527
v -0.33884769678115845 0.2781037986278534 1.178139328956604
v -0.1184580996632576 0.22053232789039612 1.049580693244934
v 0.12113073468208313 0.4818643033504486 2.2637650966644287
v 0.1460055708885193 0.14427635073661804 0.6915885210037231
v 0.3064059019088745 0.18267472088336945 0.8230347633361816
v -0.9083273410797119 0.5768610835075378 2.7107596397399902
v -0.18639351427555084 0.22304196655750275 1.0471022129058838
v -0.03032500296831131 0.5060205459594727 2.393918752670288
v 0.10010266304016113 0.14748087525367737 0.6921879053115845
v 0.2960174083709717 0.21933792531490326 0.9821476340293884
v -1.0428462028503418 0.5676913261413574 2.6175408363342285
v -0.36407414078712463 0.3257913589477539 1.5245134830474854
v -0.061942700296640396 0.16514624655246735 0.7635732889175415
v 0.19332797825336456 0.47995248436927795 2.238447666168213
v 0.2798944115638733 0.25201520323753357 1.1682664155960083
v 0.8412296772003174 0.3849714696407318 2.0813212394714355
v -0.8117728233337402 0.5868675112724304 2.693845510482788
v -0.15020997822284698 0.22370712459087372 1.0406866073608398
v 0.06698960810899734 0.535639226436615 2.4644761085510254
v 0.12204567342996597 0.14539329707622528 0.683078944683075
v 0.3106685280799866 0.20621182024478912 0.915434718132019
v -0.9783241152763367 0.5904625654220581 2.668854236602783
v -0.4758310616016388 0.49123772978782654 2.280789613723755
v -0.027295179665088654 0.18014878034591675 0.7763658761978149
v 0.07494962215423584 0.16193537414073944 0.7134901285171509
v 0.470569908618927 0.3632330894470215 1.7597663402557373
v -1.0825238227844238 0.5418077111244202 2.5147297382354736
v -0.3403862714767456 0.31160497665405273 1.220174789428711
v -0.11424610763788223 0.22984041273593903 1.0539644956588745
v 0.1401366889476776 0.5389323234558105 2.4400599002838135
v 0.14922507107257843 0.15035291016101837 0.6912451982498169
v 0.3131818175315857 0.19878414273262024 0.8346487879753113
v -0.8782280087471008 0.5877766609191895 2.644674301147461
v -0.18458153307437897 0.2334226369857788 1.0539072751998901
v -0.018545890226960182 0.5358519554138184 2.411623477935791
v 0.10373596847057343 0.15675684809684753 0.6991075277328491
v 0.708872377872467 0.4530812203884125 2.2340140342712402
v -1.0336627960205078 0.5882979035377502 2.620192050933838
v -0.5848231911659241 0.5549237728118896 2.4758522510528564
v -0.05777226760983467 0.17368939518928528 0.7582849264144897
v 0.23080599308013916 0.5608497858047485 2.5371603965759277
v 0.282704621553421 0.2569340467453003 1.1610536575317383
v 1.1502865552902222 0.5485767126083374 2.746950387954712
v -0.7909703850746155 0.601157009601593 2.6625280380249023
v -0.14662978053092957 0.23213616013526917 1.0398069620132446
v 0.07106619328260422 0.5530047416687012 2.449455499649048
v 0.12478096783161163 0.1522054225206375 0.6864510774612427
v 0.34431686997413635 0.22954072058200836 0.9940654039382935
v -0.9391710758209229 0.5909967422485352 2.5931851863861084
v -0.46831244230270386 0.5149549245834351 2.3139331340789795
v -0.08811372518539429 0.4283885061740875 1.9597556591033936
v 0.07335980236530304 0.17354696989059448 0.7211955189704895
v 0.6535433530807495 0.5014538168907166 2.3992395401000977
v -1.0728201866149902 0.564850389957428 2.5265862941741943
v -0.6679333448410034 0.5776224136352539 2.508604049682617
v -0.11049582809209824 0.23923194408416748 1.0589821338653564
v 0.142792209982872 0.5520516633987427 2.4149956703186035
v 0.15232953429222107 0.1565518081188202 0.6899669766426086
v 0.9512552618980408 0.5193197727203369 2.4487993717193604
v -0.8529927730560303 0.5950556397438049 2.586209535598755
v -0.18170256912708282 0.24237577617168427 1.0559972524642944
v -0.010159912519156933 0.5588431358337402 2.4132676124572754
v 0.10634887963533401 0.16627907752990723 0.7137373685836792
v 0.753197968006134 0.5115634202957153 2.3644495010375977
v -1.0113005638122559 0.5981158018112183 2.5934133529663086
v -0.5633162260055542 0.564608633518219 2.4246301651000977
v -0.051793601363897324 0.18942096829414368 0.753409743309021
v 0.23667573928833008 0.5775332450866699 2.4801220893859863
v 0.2822033166885376 0.262603759765625 1.1390281915664673
v 1.0760291814804077 0.5622127056121826 2.5634050369262695
v -0.7504562139511108 0.5936317443847656 2.5525333881378174
v -0.143218532204628 0.24083104729652405 1.0395450592041016
v 0.07442214339971542 0.5678950548171997 2.429533004760742
v 0.1278654783964157 0.15944914519786835 0.6881352663040161
v 0.8188577890396118 0.5159062147140503 2.404254674911499
v -0.9075472354888916 0.5906230211257935 2.526113271713257
v -0.45610132813453674 0.5395381450653076 2.306642532348633
v -0.08288487792015076 0.4758315682411194 2.0591981410980225
v 0.06686252355575562 0.18593209981918335 0.7197014093399048
v 0.701572060585022 0.5653171539306641 2.516298770904541
v -1.0636762380599976 0.5874162912368774 2.5360777378082275
v -0.6461789011955261 0.5819747447967529 2.453619956970215
v -0.1057063639163971 0.24786731600761414 1.0656317472457886
v 0.1457095593214035 0.562706708908081 2.379619598388672
v 0.1559397578239441 0.16458162665367126 0.6952006220817566
v 0.9300829172134399 0.5480252504348755 2.412597894668579
v -0.8175574541091919 0.5931860208511353 2.5026235580444336
v -0.17794549465179443 0.2500521242618561 1.053450107574463
v -0.0010794318513944745 0.5757254362106323 2.406359910964966
v 0.10198827087879181 0.17562131583690643 0.7135121822357178
v 0.7614296078681946 0.5436028242111206 2.3848705291748047
v -0.9785864949226379 0.5998621582984924 2.534424066543579
v -0.5414450168609619 0.569740355014801 2.370037078857422
v -0.1319636106491089 0.43802595138549805 1.9102731943130493
v 0.23623353242874146 0.5854425430297852 2.4185283184051514
v 0.2922302186489105 0.2855212092399597 1.1330994367599487
v 1.0257232189178467 0.5664870738983154 2.4496355056762695
v -0.7171082496643066 0.5890136957168579 2.4598140716552734
v -0.13975997269153595 0.24953261017799377 1.0394632816314697
v 0.07897233963012695 0.5794961452484131 2.41147780418396
v 0.1304851919412613 0.16760212182998657 0.6889917850494385
v 0.828341543674469 0.5453907251358032 2.377657890319824
v -0.8823854327201843 0.5946890115737915 2.481363296508789
v -0.4362340271472931 0.5524353384971619 2.261481761932373
v -0.07858463376760483 0.5244793891906738 2.1796891689300537
v 0.0675441324710846 0.20194251835346222 0.7135772705078125
v 0.7025424242019653 0.5801347494125366 2.4447147846221924
v -1.0495078563690186 0.6043733358383179 2.5246143341064453
v -0.6270542144775391 0.5882933735847473 2.4193177223205566
v -0.1003020703792572 0.25896167755126953 1.0771594047546387
v 0.15285475552082062 0.5781716704368591 2.369786262512207
v 0.20734873414039612 0.2390051782131195 0.9698187112808228
v 0.9169735312461853 0.5650665163993835 2.374565601348877
v -0.7852095365524292 0.5945739150047302 2.4375760555267334
v -0.17332029342651367 0.2576153874397278 1.0495880842208862
v 0.006521538365632296 0.5881680250167847 2.3880903720855713
v 0.09825852513313293 0.18775708973407745 0.708436131477356
v 0.7612985968589783 0.5653856992721558 2.367579460144043
v -0.9448327422142029 0.6021249294281006 2.47127103805542
v -0.522571325302124 0.5762597322463989 2.335230588912964
v -0.12559621036052704 0.4619617164134979 1.9098191261291504
v 0.23565395176410675 0.5917984843254089 2.3704981803894043
v 0.6210786700248718 0.568912148475647 2.4888620376586914
v 0.9947395324707031 0.5730124711990356 2.377199649810791
v -0.6963751316070557 0.5961147546768188 2.417005777359009
v -0.13607902824878693 0.2583012878894806 1.0398385524749756
v 0.08507300168275833 0.589218020439148 2.383741617202759
v 0.13389025628566742 0.17689907550811768 0.6916502714157104
v 0.8302799463272095 0.5648545026779175 2.3511688709259033
v -0.8517508506774902 0.5959351062774658 2.4201090335845947
v -0.41169729828834534 0.551189661026001 2.173471450805664
v -0.06714656203985214 0.5663942098617554 2.2813634872436523
v 0.3065149784088135 0.5890755653381348 2.335942268371582
v 0.6949170231819153 0.586920976638794 2.3894121646881104
v -0.9950323104858398 0.5965548753738403 2.400752544403076
v -0.6046695709228516 0.5913116335868835 2.3739514350891113
v -0.09377280622720718 0.26316532492637634 1.052733302116394
v 0.15886510908603668 0.5893722176551819 2.3457984924316406
v 0.1673453450202942 0.17735682427883148 0.7106407880783081
v 0.90627521276474 0.580310583114624 2.3445019721984863
v -0.7518864870071411 0.5916564464569092 2.362274646759033
v -0.16922295093536377 0.2654435336589813 1.0466737747192383
v 0.013242078013718128 0.5907226800918579 2.3337581157684326
v 0.39636123180389404 0.584906816482544 2.3396379947662354
v 0.7560222148895264 0.57798171043396 2.3351824283599854
v -0.8778919577598572 0.5802102088928223 2.3122215270996094
v -0.49520716071128845 0.571072518825531 2.2564311027526855
v -0.12012691050767899 0.47992151975631714 1.9050122499465942
v 0.2323082685470581 0.5921785831451416 2.3057470321655273
v 0.6075150966644287 0.5878136157989502 2.337959051132202
v 0.9568096995353699 0.5740547180175781 2.2666759490966797
v -0.6554199457168579 0.5818735361099243 2.2953484058380127
v -0.13237552344799042 0.267353892326355 1.0412509441375732
v 0.09101256728172302 0.5868625640869141 2.3045876026153564
v 0.13868939876556396 0.1868049055337906 0.7031023502349854
v 0.8265073895454407 0.5832923650741577 2.326561689376831
v -0.8014745712280273 0.583564281463623 2.2993712425231934
v -0.3894317150115967 0.5457674860954285 2.0943987369537354
v -0.054914962500333786 0.5720974802970886 2.224303722381592
v 0.30240967869758606 0.5820884704589844 2.2577292919158936
v 0.6733022332191467 0.5813312530517578 2.284595012664795
v -0.9109565615653992 0.5709362626075745 2.2211127281188965
v -0.5488449335098267 0.5625936985015869 2.183262348175049
v -0.1059325560927391 0.3201470971107483 1.1290446519851685
v 0.16027936339378357 0.5888899564743042 2.2732293605804443
v 0.1709991991519928 0.1864946186542511 0.7102736830711365
v 0.882864773273468 0.5810424089431763 2.2719061374664307
v -0.7020169496536255 0.5731762051582336 2.2159175872802734
v -0.16528141498565674 0.2735481262207031 1.0442560911178589
v 0.015840137377381325 0.5610371232032776 2.152156114578247
v 0.38133418560028076 0.5824579000473022 2.2420589923858643
v 0.7384552955627441 0.5794000625610352 2.2629711627960205
v -0.8025690317153931 0.553452730178833 2.122941017150879
v -0.4459858238697052 0.5431228876113892 2.07110857963562
v -0.11491096019744873 0.4969939589500427 1.9019403457641602
v 0.22039249539375305 0.5670020580291748 2.1510162353515625
v 0.5650564432144165 0.5584246516227722 2.1332011222839355
v 0.8935465812683105 0.5505800247192383 2.10209584236145
v -0.5908615589141846 0.5492337346076965 2.084536552429199
v -0.12866666913032532 0.2763821482658386 1.0426820516586304
v 0.08272194117307663 0.5468536615371704 2.0587985515594482
v 0.1411418467760086 0.1920977085828781 0.7151060104370117
v 0.804256021976471 0.5800169110298157 2.243450164794922
v -0.7326678037643433 0.5613322854042053 2.1160926818847656
v -0.3737134337425232 0.546238362789154 2.030783176422119
v -0.046936020255088806 0.5530014634132385 2.0839295387268066
v 0.2890456020832062 0.5614670515060425 2.110150098800659
v 0.6203721761703491 0.5481278896331787 2.078247547149658
v -0.8631898760795593 0.5610902905464172 2.1226754188537598
v -0.5042580962181091 0.543330729007721 2.0320019721984863
v -0.18721899390220642 0.5117686986923218 1.9254869222640991
v 0.15282830595970154 0.566165566444397 2.110501527786255
v 0.17419980466365814 0.19505524635314941 0.7104400396347046
v 0.8076192140579224 0.5440183877944946 2.0581769943237305
v -0.6474831104278564 0.553519606590271 2.0603065490722656
v -0.16118629276752472 0.281764954328537 1.0416313409805298
v 0.020241057500243187 0.5356800556182861 1.9810853004455566
v 0.3659803867340088 0.5744423866271973 2.1339914798736572
v 0.6534628868103027 0.5325442552566528 2.0036654472351074
v -0.7852962017059326 0.5632263422012329 2.089369058609009
v -0.42584019899368286 0.54359370470047 2.0023422241210938
v -0.10883452743291855 0.5138936042785645 1.9009957313537598
v 0.21851232647895813 0.5629019737243652 2.071737289428711
v 0.5407733917236328 0.545620322227478 2.010988712310791
v 0.8452579975128174 0.5290830135345459 1.9685496091842651
v -0.5664867162704468 0.5489585399627686 2.0219147205352783
v -0.1252373605966568 0.2852644920349121 1.0440616607666016
v 0.08373051881790161 0.5419489145278931 1.9752964973449707
v 0.14147934317588806 0.19802670180797577 0.7123541235923767
v 0.7226216197013855 0.5359341502189636 1.994113564491272
v -0.7075332403182983 0.5639017224311829 2.0589499473571777
v -0.3568307161331177 0.5476140975952148 1.982883334159851
v -0.04024568945169449 0.5319425463676453 1.9447028636932373
v 0.2827463448047638 0.5591188669204712 2.0489964485168457
v 0.5809462070465088 0.5253612399101257 1.9284639358520508
v -0.7574053406715393 0.5079547166824341 1.8589396476745605
v -0.4850500226020813 0.5476586818695068 1.98653244972229
v -0.17336459457874298 0.5196489095687866 1.9021856784820557
v 0.1524381786584854 0.5597645044326782 2.0232207775115967
v 0.17911794781684875 0.20425431430339813 0.7100797891616821
v 0.7494052648544312 0.5154734253883362 1.8977409601211548
v -0.6321381330490112 0.5604184865951538 2.022602081298828
v -0.1572311967611313 0.2901953458786011 1.0394712686538696
v 0.026232440024614334 0.543250560760498 1.9493685960769653
v 0.35128504037857056 0.5625584125518799 2.023813247680664
v 0.6227328777313232 0.5182134509086609 1.8756388425827026
v -0.7704687714576721 0.5737868547439575 2.068790912628174
v -0.4131838083267212 0.5528006553649902 1.9779571294784546
v -0.10232648253440857 0.5295482277870178 1.904832124710083
v 0.22221754491329193 0.5681419372558594 2.036619186401367
v 0.527694821357727 0.5412436723709106 1.9383244514465332
v 0.8241918087005615 0.5234103202819824 1.8871926069259644
v -0.5396054983139038 0.5480865240097046 1.9547532796859741
v -0.12150174379348755 0.29436632990837097 1.0450243949890137
v 0.08860411494970322 0.5482728481292725 1.9445322751998901
v 0.14460083842277527 0.20576593279838562 0.7102181911468506
v 0.6986199021339417 0.5297063589096069 1.9061094522476196
v -0.6927824020385742 0.5723017454147339 2.0366973876953125
v -0.3414626121520996 0.5547419786453247 1.9514423608779907
v -0.029996158555150032 0.4742976129055023 1.6981192827224731
v 0.28097862005233765 0.5612670183181763 1.998938798904419
v 0.5662868618965149 0.5225335359573364 1.8507870435714722
v -0.7454673051834106 0.5249063968658447 1.8504904508590698
v -0.47083038091659546 0.5562437176704407 1.9571796655654907
v -0.16210775077342987 0.526512861251831 1.8760986328125
v 0.15338711440563202 0.5550253391265869 1.951683759689331
v 0.18735581636428833 0.21376292407512665 0.7082854509353638
v 0.7345680594444275 0.5154174566268921 1.8472166061401367
v -0.6189730167388916 0.5682638883590698 1.9981627464294434
v -0.15326526761054993 0.29828372597694397 1.0378426313400269
v 0.032702840864658356 0.5524673461914062 1.929314374923706
v 0.338821679353714 0.5521653890609741 1.9342283010482788
v 0.6157928705215454 0.5227958559989929 1.8409216403961182
v -0.7478845715522766 0.5792407989501953 2.0332133769989014
v -0.40242063999176025 0.5617735385894775 1.9585883617401123
v -0.09690496325492859 0.5365176200866699 1.8802058696746826
v 0.2245558649301529 0.5694980621337891 1.9940061569213867
v 0.5142870545387268 0.5375210046768188 1.869925618171692
v -0.8107850551605225 0.5282058119773865 1.8232603073120117
v -0.5214136838912964 0.5550729036331177 1.9123902320861816
v -0.1178847923874855 0.3038859963417053 1.046250343322754
v 0.09259440749883652 0.5528087019920349 1.9044290781021118
v 0.1481802612543106 0.2145884484052658 0.7113785743713379
v 0.6912528872489929 0.5348907709121704 1.8709028959274292
v -0.6680624485015869 0.5742006897926331 1.985013723373413
v -0.3262372314929962 0.5630232095718384 1.9259294271469116
v -0.023759750649333 0.48411107063293457 1.6740593910217285
v 0.27886471152305603 0.557522177696228 1.9313342571258545
v 0.5612182021141052 0.5285936594009399 1.8185813426971436
v -0.7374916672706604 0.5426280498504639 1.849899172782898
v -0.4607671797275543 0.565361499786377 1.9391813278198242
v -0.15076158940792084 0.532671332359314 1.8377434015274048
v 0.15053747594356537 0.544249415397644 1.8548344373703003
v 0.42859360575675964 0.5209595561027527 1.7874948978424072
v 0.732840895652771 0.5244163870811462 1.8169353008270264
v -0.5963422060012817 0.5698174238204956 1.9501296281814575
v -0.1495463103055954 0.30641061067581177 1.0363562107086182
v 0.038151223212480545 0.5599442720413208 1.904121994972229
v 0.32714083790779114 0.5366060733795166 1.8306337594985962
v 0.5809735059738159 0.5020557641983032 1.7195329666137695
v -0.6958222389221191 0.5623235106468201 1.9091763496398926
v -0.3857260048389435 0.5647951364517212 1.9165796041488647
v -0.07660476863384247 0.5027549266815186 1.6958081722259521
v 0.21804748475551605 0.5565983057022095 1.8868725299835205
v 0.5043202638626099 0.5371769070625305 1.8119416236877441
v -0.7869223356246948 0.5376204252243042 1.8018298149108887
v -0.512049674987793 0.5637101531028748 1.898414969444275
v -0.11432887613773346 0.31339192390441895 1.04786217212677
v 0.0954546257853508 0.550157904624939 1.8363949060440063
v 0.151326522231102 0.2266644537448883 0.7137386798858643
v 0.6707496643066406 0.53050696849823 1.8001914024353027
v -0.6194319725036621 0.5563349723815918 1.8603236675262451
v -0.29694417119026184 0.5374026894569397 1.8027598857879639
v -0.017146211117506027 0.49343863129615784 1.6492910385131836
v 0.27182668447494507 0.5480710864067078 1.8411891460418701
v 0.5558571815490723 0.533828616142273 1.7888522148132324
v -0.7060219049453735 0.5373284816741943 1.7880513668060303
v -0.4405099153518677 0.5591946840286255 1.869323492050171
v -0.1434873789548874 0.5415878295898438 1.807499647140503
v 0.1546606719493866 0.5471576452255249 1.8150897026062012
v 0.43188995122909546 0.5289945602416992 1.753777265548706
v 0.7301146388053894 0.5318089723587036 1.790966510772705
v -0.5624268054962158 0.5639858245849609 1.8658477067947388
v -0.1456744372844696 0.3146883249282837 1.034540057182312
v 0.043584391474723816 0.5574188828468323 1.8389729261398315
v 0.3183929920196533 0.5229900479316711 1.7364544868469238
v 0.5748881101608276 0.5055604577064514 1.6845312118530273
v -0.645173966884613 0.5410227179527283 1.7840065956115723
v -0.36011290550231934 0.5516180992126465 1.815622329711914
v -0.06874201446771622 0.5048021078109741 1.6554231643676758
v 0.2141793817281723 0.5477839112281799 1.802829384803772
v 0.5009756088256836 0.5424473285675049 1.7823104858398438
v -0.7561365365982056 0.5342113971710205 1.741701364517212
v -0.4967854917049408 0.5646892786026001 1.8530237674713135
v -0.11058257520198822 0.3228953182697296 1.0493097305297852
v 0.09773305803537369 0.5522243976593018 1.7963693141937256
v 0.15731854736804962 0.24123865365982056 0.7184704542160034
v 0.6206809282302856 0.502106249332428 1.6489936113357544
v -0.5913900136947632 0.5506484508514404 1.7938555479049683
v -0.18412698805332184 0.32640624046325684 1.0640732049942017
v -0.011879469268023968 0.5056021809577942 1.6372106075286865
v 0.2665789723396301 0.5406800508499146 1.7643134593963623
v 0.5490831136703491 0.5371106863021851 1.7558338642120361
v -0.6554679870605469 0.5162613391876221 1.672886848449707
v -0.4060885012149811 0.5382176041603088 1.7484123706817627
v -0.1357569694519043 0.5451923608779907 1.7716467380523682
v 0.15684053301811218 0.545200765132904 1.7589154243469238
v 0.43079859018325806 0.5342377424240112 1.7233390808105469
v 0.717703104019165 0.5327069759368896 1.740514874458313
v -0.531552791595459 0.5536378622055054 1.7819609642028809
v -0.14192596077919006 0.32320305705070496 1.0333540439605713
v 0.048043347895145416 0.5503435134887695 1.7624433040618896
v 0.31182247400283813 0.5210523009300232 1.6813938617706299
v 0.5638109445571899 0.5039982795715332 1.6381990909576416
v -0.6148619651794434 0.5349900722503662 1.7154990434646606
v -0.3323706090450287 0.5300085544586182 1.6925160884857178
v -0.061973936855793 0.5130182504653931 1.6370456218719482
v 0.21037138998508453 0.5365802049636841 1.7189792394638062
v 0.4981330335140228 0.5469121932983398 1.7558140754699707
v -0.6664137840270996 0.49133041501045227 1.5573315620422363
v -0.45077547430992126 0.5381287336349487 1.7056512832641602
v -0.10661350935697556 0.3325852155685425 1.0510989427566528
v 0.09672048687934875 0.5351433753967285 1.697645902633667
v 0.3552810549736023 0.5112572908401489 1.633979320526123
v 0.5923029184341431 0.4885472357273102 1.5602920055389404
v -0.5573058128356934 0.5396627187728882 1.7110137939453125
v -0.17894551157951355 0.33494386076927185 1.0541828870773315
v -0.0072981067933142185 0.5119214653968811 1.614490270614624
v 0.2583421468734741 0.5279495120048523 1.6686185598373413
v 0.52826988697052 0.5285637378692627 1.6879197359085083
v -0.6054386496543884 0.4931241273880005 1.5441408157348633
v -0.37549519538879395 0.5176565647125244 1.629995346069336
v -0.11455556005239487 0.5146118402481079 1.6167820692062378
v 0.14937585592269897 0.5204620361328125 1.6307613849639893
v 0.42847442626953125 0.5394259691238403 1.6952362060546875
v 0.6636430025100708 0.5044234395027161 1.5938730239868164
v -0.49574512243270874 0.537459671497345 1.677365779876709
v -0.13811016082763672 0.33169782161712646 1.0323486328125
v 0.04586336761713028 0.5205302238464355 1.6220295429229736
v 0.30252376198768616 0.5153180360794067 1.6176815032958984
v 0.5063232779502869 0.4617193043231964 1.4498224258422852
v -0.5779093503952026 0.5206683874130249 1.620319128036499
v -0.3098527491092682 0.5111283659934998 1.5835670232772827
v -0.05512705445289612 0.5154882073402405 1.605459213256836
v 0.19668631255626678 0.5104169249534607 1.5794813632965088
v 0.4806023836135864 0.5391701459884644 1.6812928915023804
v -0.6428564786911011 0.4915267825126648 1.513845443725586
v -0.43491387367248535 0.5371376276016235 1.6617050170898438
v -0.1026870459318161 0.34272295236587524 1.0531915426254272
v 0.09350372105836868 0.5007662773132324 1.533191204071045
v 0.3521696925163269 0.5121575593948364 1.5933051109313965
v 0.5739900469779968 0.4810468852519989 1.4934812784194946
v -0.5314854383468628 0.5314310789108276 1.6382089853286743
v -0.17377100884914398 0.34361326694488525 1.0473755598068237
v -5.750001946580596e-06 0.4467105567455292 1.3828418254852295
v 0.24493274092674255 0.5074729919433594 1.549849510192871
v 0.47094008326530457 0.4807506501674652 1.4725470542907715
v -0.5927363634109497 0.5005043745040894 1.5257012844085693
v -0.341928631067276 0.49702930450439453 1.5197770595550537
v -0.10181505233049393 0.4983133375644684 1.523193120956421
v 0.14529156684875488 0.5052996873855591 1.5312926769256592
v 0.42157846689224243 0.5382102727890015 1.6452220678329468
v 0.6275053024291992 0.487008661031723 1.4994184970855713
v -0.4743528962135315 0.5349678993225098 1.6301939487457275
v -0.13433226943016052 0.34021085500717163 1.0314868688583374
v 0.04721073433756828 0.5031679272651672 1.5206092596054077
v 0.2949548065662384 0.5085662007331848 1.5518118143081665
v 0.4994303584098816 0.4626637101173401 1.4125261306762695
v -0.5546072125434875 0.5169640183448792 1.564875841140747
v -0.29677414894104004 0.5083556175231934 1.538015365600586
v -0.04741784557700157 0.4976818561553955 1.5067651271820068
v 0.19283689558506012 0.5036407709121704 1.5103709697723389
v 0.45689913630485535 0.5232000350952148 1.5829083919525146
v -0.6302643418312073 0.49953705072402954 1.4994914531707764
v -0.4078035354614258 0.5225253105163574 1.5754234790802002
v -0.09845411777496338 0.3529457449913025 1.0570100545883179
v 0.0965811014175415 0.5022375583648682 1.4993219375610352
v 0.3467279076576233 0.5098609924316406 1.5362703800201416
v 0.5453847050666809 0.4663333296775818 1.410140037536621
v -0.5086219906806946 0.5280850529670715 1.5876739025115967
v -0.16882562637329102 0.3511829376220703 1.0423235893249512
v 0.0021206336095929146 0.4538578689098358 1.3575834035873413
v 0.24243587255477905 0.505050539970398 1.503122329711914
v 0.461940199136734 0.47799810767173767 1.429181456565857
v -0.5839285254478455 0.5082736015319824 1.5152381658554077
v -0.33106815814971924 0.5003106594085693 1.490463376045227
v -0.09354765713214874 0.49178117513656616 1.4665167331695557
v 0.1465686410665512 0.5062299966812134 1.4951199293136597
v 0.4059506356716156 0.5259867906570435 1.561251163482666
v 0.5826193690299988 0.4602416157722473 1.3782942295074463
v -0.44773778319358826 0.5230429768562317 1.557734489440918
v -0.130397766828537 0.3486068844795227 1.0304832458496094
v 0.05176573619246483 0.5019499063491821 1.4821127653121948
v 0.2913476824760437 0.5041916966438293 1.4979736804962158
v 0.4938139319419861 0.46542635560035706 1.3875541687011719
v -0.5391311049461365 0.5197285413742065 1.5377315282821655
v -0.2844492793083191 0.5068586468696594 1.4958209991455078
v -0.037745796144008636 0.4665283262729645 1.3686405420303345
v 0.19354884326457977 0.504536509513855 1.4777132272720337
v 0.4401739835739136 0.5115727186203003 1.506739854812622
v -0.6185145378112793 0.5065149068832397 1.4858214855194092
v -0.36977696418762207 0.4970061779022217 1.4604805707931519
v -0.0954071432352066 0.3654635548591614 1.0637238025665283
v 0.09974344819784164 0.5063178539276123 1.4772224426269531
v 0.3420496881008148 0.5070168972015381 1.4888219833374023
v 0.5119016170501709 0.446135550737381 1.3136720657348633
v -0.48363053798675537 0.5183161497116089 1.5224108695983887
v -0.16377781331539154 0.3581025004386902 1.0374085903167725
v 0.005379268433898687 0.46279945969581604 1.340795874595642
v 0.2413138598203659 0.5033493638038635 1.4651362895965576
v 0.4564683139324188 0.4784550070762634 1.3968615531921387
v -0.5720049142837524 0.5126523971557617 1.4928028583526611
v -0.3172083795070648 0.4984479546546936 1.4460598230361938
v -0.07999417185783386 0.46470725536346436 1.3482682704925537
v 0.14724767208099365 0.5036553740501404 1.4542909860610962
v 0.3896130621433258 0.5104864835739136 1.4775962829589844
v 0.5517711639404297 0.44324472546577454 1.2940953969955444
v -0.4069555401802063 0.49599698185920715 1.4375048875808716
v -0.12645603716373444 0.3571486175060272 1.0292394161224365
v 0.05597419664263725 0.5048536062240601 1.4580638408660889
v 0.2862095832824707 0.4960654377937317 1.4387781620025635
v 0.4713553190231323 0.4536770284175873 1.3117989301681519
v -0.5132200717926025 0.5099755525588989 1.4748356342315674
v -0.27002447843551636 0.49929672479629517 1.4375584125518799
v -0.032423555850982666 0.46101129055023193 1.3163820505142212
v 0.1921549290418625 0.5008912086486816 1.4361400604248047
v 0.4205301105976105 0.493465393781662 1.4223003387451172
v -0.6061842441558838 0.512127161026001 1.4688122272491455
v -0.3506585657596588 0.4895572066307068 1.4008266925811768
v -0.11357209086418152 0.4373343288898468 1.2439279556274414
v 0.10224338620901108 0.5058334469795227 1.4432320594787598
v 0.33691853284835815 0.5019498467445374 1.44011390209198
v 0.5005558729171753 0.44301605224609375 1.2723904848098755
v -0.44464144110679626 0.49545830488204956 1.4183683395385742
v -0.15910857915878296 0.3650166094303131 1.0332119464874268
v 0.011075940914452076 0.4739494323730469 1.3377718925476074
v 0.2365541309118271 0.4945734441280365 1.4076805114746094
v 0.44626617431640625 0.47335073351860046 1.3505572080612183
v -0.5509235858917236 0.5085158944129944 1.4460372924804688
v -0.30295976996421814 0.49404627084732056 1.3962395191192627
v -0.06855497509241104 0.4454306662082672 1.254966139793396
v 0.14651770889759064 0.49658432602882385 1.4034756422042847
v 0.36898842453956604 0.49042809009552 1.3896324634552002
v 0.5418375730514526 0.4425848424434662 1.2586565017700195
v -0.36536747217178345 0.4623333215713501 1.3053584098815918
v -0.12289418280124664 0.3656165301799774 1.0281481742858887
v 0.05903277546167374 0.5007673501968384 1.4098865985870361
v 0.27981528639793396 0.48572710156440735 1.3735058307647705
v 0.46549955010414124 0.45331233739852905 1.2843676805496216
v -0.4734402298927307 0.48464441299438477 1.366966962814331
v -0.2524910569190979 0.4835633635520935 1.3598278760910034
v -0.028258807957172394 0.4668390154838562 1.3047325611114502
v 0.1875043660402298 0.48988106846809387 1.3729884624481201
v 0.36151593923568726 0.43286946415901184 1.2054779529571533
v -0.5919746160507202 0.512648344039917 1.4416205883026123
v -0.32121485471725464 0.46212702989578247 1.290131688117981
v -0.10316243767738342 0.43207216262817383 1.1979871988296509
v 0.10343114286661148 0.49869534373283386 1.394119381904602
v 0.3186371326446533 0.4802490770816803 1.3457015752792358
v 0.49706047773361206 0.44718825817108154 1.2567716836929321
v -0.3692294955253601 0.43000251054763794 1.1851935386657715
v -0.15465618669986725 0.3717602491378784 1.0293431282043457
v 0.014555806294083595 0.47087353467941284 1.303223967552185
v 0.22616100311279297 0.4714904725551605 1.3110055923461914
v 0.43496567010879517 0.4668542444705963 1.300066590309143
v -0.5181286931037903 0.4917784333229065 1.3684169054031372
v -0.27927538752555847 0.4751450717449188 1.3049917221069336
v -0.06416381895542145 0.4471212327480316 1.2310339212417603
v 0.14300940930843353 0.4806760847568512 1.3294001817703247
v 0.33667024970054626 0.4535441994667053 1.254889726638794
v 0.5323765277862549 0.4402553141117096 1.2184640169143677
v -0.324762225151062 0.4277011752128601 1.1681249141693115
v -0.11940411478281021 0.37394535541534424 1.0267786979675293
v 0.06121010333299637 0.4908476769924164 1.349469542503357
v 0.26103460788726807 0.4567601680755615 1.2569324970245361
v 0.46284765005111694 0.45530349016189575 1.2637723684310913
v -0.391075998544693 0.4166410565376282 1.139407753944397
v -0.23178595304489136 0.46116676926612854 1.2684237957000732
v -0.024753794074058533 0.4701675474643707 1.2889806032180786
v 0.18076039850711823 0.4744214117527008 1.298716425895691
v 0.3546842932701111 0.4298991560935974 1.171081781387329
v -0.5414056777954102 0.4868471026420593 1.327867865562439
v -0.2877599895000458 0.4327233135700226 1.1660197973251343
v -0.09516984224319458 0.4292829632759094 1.1693198680877686
v 0.10060517489910126 0.47505971789360046 1.2944672107696533
v 0.27811527252197266 0.4297597110271454 1.1659899950027466
v 0.49024948477745056 0.44767841696739197 1.2293013334274292
v -0.35556840896606445 0.4270951449871063 1.1497039794921875
v -0.15079955756664276 0.3784239590167999 1.025282859802246
v 0.01791870966553688 0.4602624475955963 1.2473812103271484
v 0.19571912288665771 0.410999059677124 1.1160695552825928
v 0.4093917906284332 0.44796040654182434 1.2096043825149536
v -0.41967979073524475 0.4169977903366089 1.1232179403305054
v -0.24688124656677246 0.43727487325668335 1.1688623428344727
v -0.058441631495952606 0.43389829993247986 1.1673719882965088
v 0.13456089794635773 0.4463866949081421 1.203443169593811
v 0.30891743302345276 0.4225667417049408 1.1309088468551636
v -0.5486679673194885 0.456811785697937 1.2182183265686035
v -0.31463176012039185 0.43131110072135925 1.1487669944763184
v -0.11602004617452621 0.3816702961921692 1.0245314836502075
v 0.06019766256213188 0.46875303983688354 1.2574880123138428
v 0.23452156782150269 0.422599196434021 1.1262136697769165
v 0.4452512562274933 0.44608137011528015 1.204573154449463
v -0.380719929933548 0.4231560528278351 1.1207616329193115
v -0.21236218512058258 0.4408242106437683 1.183885931968689
v -0.019465137273073196 0.4424130916595459 1.1820399761199951
v 0.17879468202590942 0.4674397110939026 1.2509528398513794
v 0.355652779340744 0.43538036942481995 1.1617709398269653
v -0.48022809624671936 0.4491739273071289 1.1933045387268066
v -0.27941420674324036 0.438110888004303 1.1539192199707031
v -0.08597544580698013 0.4063994884490967 1.0735657215118408
v 0.09257376194000244 0.43201297521591187 1.1341423988342285
v 0.273849755525589 0.42783844470977783 1.1285903453826904
v 0.4757929742336273 0.44230809807777405 1.1753584146499634
v -0.3463165760040283 0.4312731921672821 1.136026382446289
v -0.14553049206733704 0.38383418321609497 1.0171071290969849
v 0.020387422293424606 0.44621533155441284 1.1779937744140625
v 0.19701045751571655 0.4175379276275635 1.0989408493041992
v 0.3951558768749237 0.44073402881622314 1.1622360944747925
v -0.4103235900402069 0.4233092665672302 1.105944275856018
v -0.2392774373292923 0.4378724694252014 1.1499454975128174
v -0.05072477087378502 0.41430574655532837 1.083958387374878
v 0.12524177134037018 0.424883633852005 1.106803059577942
v 0.30662548542022705 0.4256303310394287 1.110219120979309
v -0.5035275220870972 0.44106966257095337 1.1486542224884033
v -0.3085029423236847 0.43564340472221375 1.1405205726623535
v -0.1126616969704628 0.38906458020210266 1.021750807762146
v 0.05774927884340286 0.43509724736213684 1.124234914779663
v 0.23540358245372772 0.4252224862575531 1.1074209213256836
v 0.42842337489128113 0.4401923418045044 1.1468983888626099
v -0.37346065044403076 0.42935431003570557 1.1129889488220215
v -0.18927732110023499 0.41553112864494324 1.0807713270187378
v -0.014010617509484291 0.4177227020263672 1.0840325355529785
v 0.16420726478099823 0.43251511454582214 1.1127369403839111
v 0.35358601808547974 0.4378930926322937 1.1423392295837402
v -0.45028793811798096 0.43629807233810425 1.124898910522461
v -0.2742442190647125 0.44250842928886414 1.1476149559020996
v -0.08051582425832748 0.4093019962310791 1.0582892894744873
v 0.0932643935084343 0.42793768644332886 1.0944056510925293
v 0.2744241952896118 0.4319916069507599 1.1127318143844604
v 0.4737357795238495 0.4469573199748993 1.1595579385757446
v -0.3368389308452606 0.4326719343662262 1.1215403079986572
v -0.14009827375411987 0.38819703459739685 1.0085936784744263
v 0.02308795601129532 0.43708863854408264 1.1221216917037964
v 0.1979239284992218 0.4220631718635559 1.0856434106826782
v 0.394207626581192 0.44530433416366577 1.14585542678833
v -0.4045449495315552 0.43076491355895996 1.102759599685669
v -0.23194386065006256 0.436943382024765 1.1311882734298706
v -0.046073369681835175 0.4188091456890106 1.0718214511871338
v 0.1267513930797577 0.42661595344543457 1.0838366746902466
v 0.30747300386428833 0.4321794807910919 1.1026456356048584
v -0.4805314540863037 0.43655040860176086 1.1120988130569458
v -0.3020702600479126 0.4400119185447693 1.1329225301742554
v -0.10894039273262024 0.3957808315753937 1.0177195072174072
v 0.060280658304691315 0.4325718283653259 1.0935591459274292
v 0.2362096756696701 0.42758917808532715 1.094000220298767
v 0.4308590590953827 0.44729167222976685 1.14298415184021
v -0.3667164742946625 0.43373197317123413 1.105472445487976
v -0.17550119757652283 0.4052441120147705 1.0310759544372559
v -0.010503782890737057 0.4222160577774048 1.0714293718338013
v 0.16330891847610474 0.424716055393219 1.0722236633300781
v 0.34743696451187134 0.43958428502082825 1.1096826791763306
v -0.433318167924881 0.4348750710487366 1.0944008827209473
v -0.2673642933368683 0.4455035626888275 1.1312060356140137
v -0.0763089507818222 0.4151090979576111 1.055243730545044
v 0.09567029774188995 0.4314955174922943 1.0821897983551025
v 0.2741464674472809 0.4352738857269287 1.0955500602722168
v 0.47591978311538696 0.4532639980316162 1.154776930809021
v -0.31871262192726135 0.4291429817676544 1.0705838203430176
v -0.13587582111358643 0.3928384482860565 0.9993424415588379
v 0.02684665285050869 0.443058043718338 1.112213134765625
v 0.19863852858543396 0.4255963861942291 1.072455883026123
v 0.39467817544937134 0.4505215585231781 1.1337090730667114
v -0.397884339094162 0.4361874759197235 1.0928716659545898
v -0.2009144127368927 0.4036845266819 1.0050241947174072
v -0.042023155838251114 0.4233838617801666 1.066813349723816
v 0.12902767956256866 0.4287793040275574 1.0675432682037354
v 0.30997443199157715 0.4385281503200531 1.0964114665985107
v -0.46887317299842834 0.43854478001594543 1.096122145652771
v -0.291239470243454 0.4404887855052948 1.099735140800476
v -0.10527967661619186 0.40086549520492554 1.0124417543411255
v 0.06326470524072647 0.4361909329891205 1.0817404985427856
v 0.23711733520030975 0.4314119219779968 1.0746561288833618
v 0.43386077880859375 0.4541911780834198 1.1387841701507568
v -0.3569582998752594 0.43795108795166016 1.0830308198928833
v -0.16634005308151245 0.40157097578048706 0.9961770176887512
v -0.007469095755368471 0.42917490005493164 1.0660948753356934
v 0.16583918035030365 0.4273756444454193 1.0588886737823486
v 0.3491418957710266 0.4454755485057831 1.1040797233581543
v -0.4255673289299011 0.4384066164493561 1.0822207927703857
v -0.2601257562637329 0.4459229111671448 1.1059060096740723
v -0.0723586156964302 0.4205843210220337 1.0496000051498413
v 0.09798362106084824 0.43550819158554077 1.0740444660186768
v 0.2749762237071991 0.43968281149864197 1.0837217569351196
v 0.4760187864303589 0.45919695496559143 1.1450928449630737
v -0.3120920956134796 0.433860182762146 1.0622847080230713
v -0.1270471066236496 0.39493903517723083 0.9647535681724548
v 0.029641078785061836 0.44798144698143005 1.1033848524093628
v 0.19804711639881134 0.4286312162876129 1.0535612106323242
v 0.39424243569374084 0.4545823335647583 1.122081995010376
v -0.39100584387779236 0.44135767221450806 1.0804293155670166
v -0.19404293596744537 0.40586352348327637 0.9860689640045166
v -0.03690887987613678 0.4266981780529022 1.053051471710205
v 0.1310921311378479 0.43290090560913086 1.0584157705307007
v 0.3141029477119446 0.44605153799057007 1.0917388200759888
v -0.4571431875228882 0.4407680332660675 1.0762466192245483
v -0.2823653817176819 0.4408460259437561 1.0755480527877808
v -0.09659694880247116 0.40016311407089233 0.9676053524017334
v 0.06650058925151825 0.4407586455345154 1.07447350025177
v 0.23308725655078888 0.43150413036346436 1.0478554964065552
v 0.4351271986961365 0.46156102418899536 1.1332006454467773
v -0.35177257657051086 0.44164717197418213 1.074439525604248
v -0.16266539692878723 0.40563878417015076 0.9893708229064941
v -0.002687249332666397 0.43691644072532654 1.0652884244918823
v 0.16945190727710724 0.43254369497299194 1.054329514503479
v 0.35152891278266907 0.4516262412071228 1.0986424684524536
v -0.4184359610080719 0.4431789815425873 1.072062611579895
v -0.24753659963607788 0.4401739835739136 1.066595435142517
v -0.06594443321228027 0.4082964360713959 0.9780153036117554
v 0.1002628430724144 0.44014230370521545 1.0655139684677124
v 0.27694380283355713 0.44469648599624634 1.0764248371124268
v 0.47636327147483826 0.46538516879081726 1.135807752609253
v -0.30552271008491516 0.43647700548171997 1.0534982681274414
v -0.12310943752527237 0.4018617272377014 0.9624142050743103
v 0.03305482864379883 0.4513969421386719 1.0908944606781006
v 0.1999552994966507 0.43048641085624695 1.0339951515197754
v 0.39056336879730225 0.4588859975337982 1.1053433418273926
v -0.3807879388332367 0.44550374150276184 1.0664787292480469
v -0.1888664960861206 0.4099934697151184 0.9770054221153259
v -0.033268097788095474 0.423893541097641 1.0090144872665405
v 0.13285516202449799 0.4371354579925537 1.0515316724777222
v 0.3174794316291809 0.4528200030326843 1.0868330001831055
v -0.4475623369216919 0.4440951347351074 1.0638021230697632
v -0.2760103940963745 0.44269004464149475 1.0603764057159424
v -0.09242217987775803 0.4066244065761566 0.9619610905647278
v 0.06972530484199524 0.44555559754371643 1.0673134326934814
v 0.24124641716480255 0.4434635639190674 1.0584460496902466
v 0.4351640045642853 0.467991441488266 1.1240993738174438
v -0.3400135934352875 0.44245898723602295 1.054508090019226
v -0.15474526584148407 0.40906354784965515 0.9703633189201355
v 0.0003064688353333622 0.42980173230171204 1.0099589824676514
v 0.1712840050458908 0.4372349679470062 1.046913504600525
v 0.3533115088939667 0.4581278860569 1.0910152196884155
v -0.4093140959739685 0.4475381672382355 1.0594505071640015
v -0.21749931573867798 0.4145294725894928 0.9733210802078247
v -0.06145792454481125 0.4170619547367096 0.9788484573364258
v 0.10298851877450943 0.44479453563690186 1.0563335418701172
v 0.27819693088531494 0.44992560148239136 1.0692206621170044
v 0.470549076795578 0.4696286618709564 1.1151342391967773
v -0.30016621947288513 0.44100213050842285 1.043757438659668
v -0.12010017037391663 0.40896719694137573 0.9607266783714294
v 0.037813663482666016 0.4527025818824768 1.067912220954895
v 0.2031213939189911 0.43716150522232056 1.0317769050598145
v 0.3894805610179901 0.464770644903183 1.0942707061767578
v -0.37384945154190063 0.4501625597476959 1.0572919845581055
v -0.18576811254024506 0.41549214720726013 0.9734094142913818
v -0.029038554057478905 0.43072959780693054 1.0030597448349
v 0.13442100584506989 0.4381467401981354 1.0273762941360474
v 0.3184022605419159 0.4591694176197052 1.0804263353347778
v -0.43747565150260925 0.4477483630180359 1.0489134788513184
v -0.2686077058315277 0.4422415792942047 1.036250352859497
v -0.08922621607780457 0.412773996591568 0.9598113894462585
v 0.07294104248285294 0.450652152299881 1.0577634572982788
v 0.244730144739151 0.44970425963401794 1.0548605918884277
v 0.43075332045555115 0.4717618227005005 1.1035147905349731
v -0.32950520515441895 0.44434836506843567 1.0327754020690918
v -0.14817124605178833 0.41344401240348816 0.9589439630508423
v 0.0067219119518995285 0.4478453993797302 1.035227656364441
v 0.17231258749961853 0.4412772059440613 1.0308797359466553
v 0.35410571098327637 0.46399644017219543 1.082940697669983
v -0.4009840488433838 0.4513603150844574 1.0469118356704712
v -0.21372056007385254 0.42106446623802185 0.9693751335144043
v -0.05734064802527428 0.42301133275032043 0.9733737707138062
v 0.10531438142061234 0.4497825801372528 1.047035813331604
v 0.27801933884620667 0.45494407415390015 1.0563799142837524
v 0.46543174982070923 0.47045794129371643 1.0913296937942505
v -0.2965477406978607 0.4465869665145874 1.036510705947876
v -0.11707453429698944 0.41573256254196167 0.9583668112754822
v 0.04042436182498932 0.45369642972946167 1.0395830869674683
v 0.20415492355823517 0.44225969910621643 1.0218621492385864
v 0.38950639963150024 0.46982449293136597 1.0847567319869995
v -0.3674798309803009 0.45488449931144714 1.04814612865448
v -0.18237735331058502 0.42131614685058594 0.9679305553436279
v -0.02499983459711075 0.4371235966682434 0.998164176940918
v 0.13567788898944855 0.4383849799633026 1.0041433572769165
v 0.31867194175720215 0.4652727544307709 1.0724294185638428
v -0.42724326252937317 0.45049619674682617 1.0337704420089722
v -0.2587801516056061 0.4414931535720825 1.0103672742843628
v -0.08607358485460281 0.41966110467910767 0.9576089382171631
v 0.07563935965299606 0.45464804768562317 1.0423569679260254
v 0.24448847770690918 0.4535561203956604 1.0406334400177002
v 0.42769718170166016 0.47482389211654663 1.0857903957366943
v -0.32554617524147034 0.4526312053203583 1.031807541847229
v -0.14437514543533325 0.41977789998054504 0.9548019170761108
v 0.009522572159767151 0.4531017541885376 1.0259745121002197
v 0.17301958799362183 0.44578826427459717 1.0201979875564575
v 0.35447847843170166 0.4699208438396454 1.0742045640945435
v -0.39477208256721497 0.45713484287261963 1.0362794399261475
v -0.21139317750930786 0.4287647008895874 0.9659128189086914
v -0.05404337868094444 0.4276053309440613 0.9601499438285828
v 0.10669505596160889 0.4562127888202667 1.032769799232483
v 0.27829617261886597 0.4612242579460144 1.0424866676330566
v 0.4625887870788574 0.4802229702472687 1.06846284866333
