HIERARCHY
ROOT Hips
{
	OFFSET -0.001795 -0.223333 0.028219
	CHANNELS 6 Xposition Yposition Zposition Zrotation Yrotation Xrotation 
	JOINT LeftUpLeg
	{
		OFFSET 0.069520 -0.091406 -0.006815
		CHANNELS 3 Zrotation Yrotation Xrotation
		JOINT LeftLeg
		{
			OFFSET 0.034277 -0.375199 -0.004496
			CHANNELS 3 Zrotation Yrotation Xrotation
			JOINT LeftFoot
			{
				OFFSET -0.013596 -0.397961 -0.043693
				CHANNELS 3 Zrotation Yrotation Xrotation
				JOINT LeftToe
				{
					OFFSET 0.026358 -0.055791 0.119288
					CHANNELS 3 Zrotation Yrotation Xrotation
					End Site
					{
						OFFSET 0.000000 0.000000 0.000000
					}
				}
			}
		}
	}
	JOINT RightUpLeg
	{
		OFFSET -0.067670 -0.090522 -0.004320
		CHANNELS 3 Zrotation Yrotation Xrotation
		JOINT RightLeg
		{
			OFFSET -0.038290 -0.382569 -0.008850
			CHANNELS 3 Zrotation Yrotation Xrotation
			JOINT RightFoot
			{
				OFFSET 0.015774 -0.398415 -0.042312
				CHANNELS 3 Zrotation Yrotation Xrotation
				JOINT RightToe
				{
					OFFSET -0.025372 -0.048144 0.123348
					CHANNELS 3 Zrotation Yrotation Xrotation
					End Site
					{
						OFFSET 0.000000 0.000000 0.000000
					}
				}
			}
		}
	}
	JOINT Spine
	{
		OFFSET -0.002533 0.108963 -0.026696
		CHANNELS 3 Zrotation Yrotation Xrotation
		JOINT Spine1
		{
			OFFSET 0.005487 0.135180 0.001092
			CHANNELS 3 Zrotation Yrotation Xrotation
			JOINT Spine2
			{
				OFFSET 0.001457 0.052922 0.025425
				CHANNELS 3 Zrotation Yrotation Xrotation
				JOINT Neck
				{
					OFFSET -0.002778 0.213870 -0.042857
					CHANNELS 3 Zrotation Yrotation Xrotation
					JOINT Head
					{
						OFFSET 0.005152 0.064970 0.051349
						CHANNELS 3 Zrotation Yrotation Xrotation
						End Site
						{
							OFFSET 0.000000 0.000000 0.000000
						}
					}
				}
				JOINT LeftShoulder
				{
					OFFSET 0.078845 0.121749 -0.034090
					CHANNELS 3 Zrotation Yrotation Xrotation
					JOINT LeftArm
					{
						OFFSET 0.090977 0.030469 -0.008868
						CHANNELS 3 Zrotation Yrotation Xrotation
						JOINT LeftForeArm
						{
							OFFSET 0.259612 -0.012772 -0.027456
							CHANNELS 3 Zrotation Yrotation Xrotation
							JOINT LeftHand
							{
								OFFSET 0.249234 0.008986 -0.001171
								CHANNELS 3 Zrotation Yrotation Xrotation
								End Site
								{
									OFFSET 0.000000 0.000000 0.000000
								}
							}
						}
					}
				}
				JOINT RightShoulder
				{
					OFFSET -0.081759 0.118833 -0.038615
					CHANNELS 3 Zrotation Yrotation Xrotation
					JOINT RightArm
					{
						OFFSET -0.096012 0.032551 -0.009143
						CHANNELS 3 Zrotation Yrotation Xrotation
						JOINT RightForeArm
						{
							OFFSET -0.253742 -0.013329 -0.021401
							CHANNELS 3 Zrotation Yrotation Xrotation
							JOINT RightHand
							{
								OFFSET -0.255298 0.007772 -0.005559
								CHANNELS 3 Zrotation Yrotation Xrotation
								End Site
								{
									OFFSET 0.000000 0.000000 0.000000
								}
							}
						}
					}
				}
			}
		}
	}
}
MOTION
Frames: 196
Frame Time: 0.050000
0.000000 0.937432 0.000000 -2.473609 -7.973506 5.243775 7.449203 -0.193768 -7.096292 -2.911717 0.731632 22.629034 3.327651 8.168348 5.556183 0.000000 0.000000 0.000000 -4.193135 1.873532 -21.622590 6.452718 -0.596059 14.205373 -6.631289 -18.957333 19.523802 0.000000 0.000000 0.000000 -0.132713 -0.256801 7.014424 6.386588 -0.902996 -24.877452 -1.785217 -2.888891 30.687043 -0.963358 0.907201 -28.826834 0.000000 0.000000 0.000000 -27.343199 5.396379 -2.151365 -52.791185 -12.811118 -4.130268 -12.223088 -28.876321 5.433600 0.000000 0.000000 0.000000 16.391433 0.782235 -2.301939 60.020539 -2.566591 -9.997111 5.267437 26.301026 1.963378 0.000000 0.000000 0.000000 
-0.016395 0.939202 0.015384 -2.911407 -7.736560 6.155126 10.417287 0.040402 -11.880240 -4.756563 1.890021 31.923662 2.660886 7.046836 5.998263 0.000000 0.000000 0.000000 -3.611349 1.963680 -21.742750 7.330553 -0.787917 16.297808 -5.114798 -16.073717 15.562405 0.000000 0.000000 0.000000 0.886545 -0.317538 6.195997 6.786173 -1.050677 -24.211317 -1.146962 -2.646223 30.273537 -3.476381 2.388862 -28.757392 0.000000 0.000000 0.000000 -29.122802 6.424534 -3.152633 -52.324089 -11.719463 -4.579085 -12.107031 -29.762247 5.577459 0.000000 0.000000 0.000000 15.169963 1.172800 -1.798532 59.768965 -0.691624 -9.050126 4.670758 23.765005 1.657754 0.000000 0.000000 0.000000 
-0.029300 0.942242 0.030086 -2.442924 -6.951720 6.438891 10.048703 0.035740 -16.452449 -4.575008 2.076108 37.940174 4.718255 11.390394 9.770349 0.000000 0.000000 0.000000 -3.273747 1.900563 -20.942164 6.971900 -0.741620 16.832485 -4.936431 -15.429148 14.026857 0.000000 0.000000 0.000000 1.610205 -0.357506 5.737051 6.454907 -0.992744 -23.961510 -1.024287 -1.892851 29.931993 -4.289696 3.048699 -28.887777 0.000000 0.000000 0.000000 -30.150252 5.613354 -3.126084 -50.956883 -10.153006 -5.143742 -12.336298 -28.979866 5.352939 0.000000 0.000000 0.000000 15.287711 0.620396 -1.808105 57.665159 -2.499710 -9.513562 6.458050 23.931843 2.052136 0.000000 0.000000 0.000000 
-0.038266 0.945107 0.044768 -1.800366 -6.696514 6.521950 10.059574 0.104290 -20.419668 -7.473949 3.680269 40.454317 9.303542 18.961665 11.158726 0.000000 0.000000 0.000000 -3.612246 1.713145 -19.546502 6.939757 -0.746331 15.945951 -4.561328 -14.678080 13.700975 0.000000 0.000000 0.000000 0.857218 -0.285587 5.484362 7.675949 -1.273418 -23.833551 -1.451268 -0.710757 29.846305 -4.487895 3.383889 -29.720254 0.000000 0.000000 0.000000 -30.747135 6.574275 -4.479508 -50.775350 -9.017249 -5.390859 -14.296050 -29.007796 5.797667 0.000000 0.000000 0.000000 15.217684 1.379069 -1.120055 56.260455 -2.023750 -9.010020 7.204840 23.093072 2.153795 0.000000 0.000000 0.000000 
-0.044531 0.947786 0.058907 -0.720935 -5.339078 5.949086 8.706539 -0.188675 -23.339107 -8.806879 3.896252 38.816080 11.083660 22.197995 5.409994 0.000000 0.000000 0.000000 -4.553979 1.362875 -17.205453 6.597821 -0.733080 14.762102 -4.137501 -13.698132 13.473872 0.000000 0.000000 0.000000 0.494327 -0.297962 6.515813 7.050051 -1.132636 -23.716932 -1.299840 -0.189925 29.292618 -5.058994 3.917364 -29.731790 0.000000 0.000000 0.000000 -30.173634 6.008552 -4.623600 -50.777513 -7.828351 -5.652155 -15.518216 -29.047279 6.014977 0.000000 0.000000 0.000000 15.600021 0.781257 -1.163641 54.655267 -2.081098 -8.717152 8.261855 23.176690 2.405353 0.000000 0.000000 0.000000 
-0.048501 0.949465 0.072674 -0.081777 -4.440578 6.196651 8.207247 -0.354777 -25.415601 -9.761691 3.544375 32.291449 10.133092 20.723840 2.326438 0.000000 0.000000 0.000000 -4.798543 1.222475 -15.920181 6.435799 -0.733952 14.049096 -4.726343 -14.473634 12.607501 0.000000 0.000000 0.000000 0.200900 -0.275599 6.556858 6.626919 -1.042909 -23.498940 -0.977470 0.869935 28.947514 -6.135393 4.736038 -30.500818 0.000000 0.000000 0.000000 -30.621549 5.261790 -4.866105 -50.069099 -7.045300 -5.683985 -16.731697 -28.595973 6.088322 0.000000 0.000000 0.000000 15.469731 0.442226 -0.970339 54.472624 -2.063727 -8.642974 7.686077 23.757816 2.435605 0.000000 0.000000 0.000000 
-0.050929 0.949878 0.086897 0.285548 -3.206808 6.565425 7.654182 -0.577121 -26.034481 -9.899083 2.728448 23.848952 8.624457 17.945048 2.652729 0.000000 0.000000 0.000000 -5.126346 1.115071 -15.150171 7.159469 -0.952961 14.572185 -5.723065 -15.903807 10.910898 0.000000 0.000000 0.000000 0.250706 -0.285905 6.632633 6.141936 -0.917166 -23.393782 -0.777857 1.229883 28.775306 -6.569775 5.114802 -31.205846 0.000000 0.000000 0.000000 -29.997893 5.461913 -5.395649 -51.068535 -6.255629 -5.939779 -16.262288 -28.623011 5.906873 0.000000 0.000000 0.000000 15.829873 0.339073 -0.810168 53.087370 -1.425521 -8.142876 8.345221 23.893223 2.613689 0.000000 0.000000 0.000000 
-0.051832 0.948048 0.102368 0.520741 -1.840686 6.272715 6.877663 -0.819118 -24.987071 -10.105428 2.074157 15.284565 9.429619 19.464032 9.461334 0.000000 0.000000 0.000000 -4.615483 0.965589 -12.678609 6.924098 -0.935431 13.044060 -7.365288 -18.709585 9.612744 0.000000 0.000000 0.000000 -0.387586 -0.249591 7.096978 5.428398 -0.712183 -23.681230 0.076656 2.071990 29.401134 -6.067398 5.131366 -30.619999 0.000000 0.000000 0.000000 -29.918861 4.190759 -5.198432 -51.154824 -6.700946 -5.617222 -14.978502 -28.750227 5.466489 0.000000 0.000000 0.000000 15.591256 0.208249 -0.485597 53.977705 -1.093774 -8.168797 7.448907 24.706975 2.627803 0.000000 0.000000 0.000000 
-0.050854 0.945668 0.119931 0.465716 -0.097253 5.949757 5.672432 -1.132553 -24.112874 -8.846754 1.442652 10.725181 10.900402 21.675117 17.281114 0.000000 0.000000 0.000000 -4.004524 0.821232 -10.303048 6.853938 -0.969259 12.027416 -8.894993 -21.458587 8.714712 0.000000 0.000000 0.000000 -1.307228 -0.179018 7.280612 5.366448 -0.636643 -24.235190 0.275155 1.892446 30.122220 -5.924963 5.193181 -31.277011 0.000000 0.000000 0.000000 -28.971788 3.714117 -5.066398 -52.391744 -7.331431 -5.455775 -13.450544 -27.842643 4.849179 0.000000 0.000000 0.000000 16.211213 0.909606 0.092839 54.024674 0.353184 -7.665396 6.467755 25.488299 2.579952 0.000000 0.000000 0.000000 
-0.047225 0.943860 0.139687 -0.033865 1.763490 5.877188 5.140360 -1.309554 -23.616883 -7.680944 1.120570 10.255358 11.116601 22.085063 20.286659 0.000000 0.000000 0.000000 -3.580304 0.694221 -8.363653 7.104311 -1.075143 11.292194 -9.687348 -22.853255 9.070763 0.000000 0.000000 0.000000 -2.130034 -0.101647 6.770825 5.444554 -0.626093 -24.332510 0.241209 2.263823 30.671693 -5.079815 5.021049 -30.396206 0.000000 0.000000 0.000000 -28.193634 3.108451 -5.146767 -52.786760 -7.653709 -5.262618 -11.845815 -26.888771 4.175056 0.000000 0.000000 0.000000 17.357731 0.631000 0.308662 54.524931 1.639217 -7.281036 4.885332 25.772318 2.379084 0.000000 0.000000 0.000000 
-0.040213 0.944038 0.159889 -0.402489 2.917727 5.650712 4.808207 -1.322345 -21.904362 -7.048598 0.946175 9.693705 10.126556 20.933572 18.636104 0.000000 0.000000 0.000000 -3.354500 0.635750 -7.525753 7.175501 -1.199910 13.165109 -10.072424 -23.519890 9.262594 0.000000 0.000000 0.000000 -2.971241 -0.022478 5.931371 5.246097 -0.528994 -24.942580 0.403927 2.084346 31.811337 -4.613587 4.883835 -30.518806 0.000000 0.000000 0.000000 -27.822749 2.873285 -5.117516 -53.378898 -7.661003 -5.382019 -10.734858 -26.028201 3.755900 0.000000 0.000000 0.000000 17.257301 0.645590 0.500863 55.330259 2.973425 -6.909665 4.834709 26.269599 2.488607 0.000000 0.000000 0.000000 
-0.030480 0.947067 0.179167 -0.496101 3.566139 5.518390 3.961159 -1.394806 -20.615597 -6.217070 0.774620 9.869764 9.240270 19.800067 17.733332 0.000000 0.000000 0.000000 -4.153971 0.628464 -8.023047 8.009773 -1.574699 16.333526 -10.576018 -24.101250 11.965560 0.000000 0.000000 0.000000 -3.977915 0.059366 4.865447 5.141898 -0.545244 -24.247285 0.351716 2.141793 31.106055 -4.431532 4.854173 -30.350559 0.000000 0.000000 0.000000 -27.160671 3.237739 -5.454165 -53.695936 -7.180389 -5.490226 -10.143793 -25.304003 3.460790 0.000000 0.000000 0.000000 17.675747 1.300239 0.952155 56.412307 4.161533 -6.379251 3.091641 26.774672 2.196351 0.000000 0.000000 0.000000 
-0.019786 0.952613 0.196568 -0.490674 4.908258 5.179554 3.007007 -1.373531 -18.063332 -5.617993 0.615971 8.043720 7.809820 17.954834 17.149675 0.000000 0.000000 0.000000 -5.661005 0.609094 -9.651634 9.360352 -2.415762 21.956662 -10.185553 -22.923748 15.853162 0.000000 0.000000 0.000000 -4.719471 0.098022 4.452132 5.206127 -0.528671 -24.526086 0.245217 2.079285 31.325657 -3.760170 4.630810 -29.617570 0.000000 0.000000 0.000000 -26.683962 3.015998 -5.519579 -53.974412 -7.148281 -5.494113 -9.136721 -25.131286 3.164683 0.000000 0.000000 0.000000 17.410032 1.281046 1.147884 57.264206 5.216758 -5.970616 3.552981 27.780295 2.479132 0.000000 0.000000 0.000000 
-0.009773 0.958174 0.211692 -1.024897 6.664914 4.702337 3.062878 -1.220273 -15.810963 -5.956701 0.618521 6.718748 6.627221 16.403627 16.289643 0.000000 0.000000 0.000000 -6.233738 0.609555 -11.891884 10.451588 -3.586677 28.470001 -9.943948 -22.005161 20.265500 0.000000 0.000000 0.000000 -5.317376 0.114577 3.897315 4.821300 -0.462940 -23.785150 0.512561 0.735978 31.321674 -3.673522 4.541008 -30.054102 0.000000 0.000000 0.000000 -26.970480 3.137453 -5.583292 -53.271022 -7.437810 -5.306010 -8.115764 -24.897364 2.912066 0.000000 0.000000 0.000000 16.531407 2.323684 1.642269 58.361899 6.508003 -5.351362 3.733235 28.712824 2.628104 0.000000 0.000000 0.000000 
-0.001570 0.961947 0.224705 -1.849134 8.774519 4.048565 3.198776 -1.057118 -13.607568 -5.623180 0.522015 5.456716 5.343099 14.610043 15.048552 0.000000 0.000000 0.000000 -6.916279 0.528633 -14.044829 11.749949 -5.045055 33.151643 -9.894494 -21.398847 24.884895 0.000000 0.000000 0.000000 -5.715748 0.112062 4.146247 5.657857 -0.615061 -24.359219 0.018555 -0.317313 32.224326 -3.360488 4.430296 -30.306140 0.000000 0.000000 0.000000 -26.508338 3.153400 -5.580739 -53.117734 -7.733276 -5.249039 -7.976925 -25.043122 2.893040 0.000000 0.000000 0.000000 16.119679 2.610445 1.892965 58.738249 7.281107 -5.076171 5.708623 30.058959 3.345764 0.000000 0.000000 0.000000 
0.004923 0.964223 0.236085 -2.776491 10.234293 3.941594 4.080282 -0.905837 -12.211842 -5.831831 0.514509 4.398471 4.141530 12.765631 13.891552 0.000000 0.000000 0.000000 -7.571125 0.417880 -15.748119 11.489858 -5.307026 34.031931 -8.538860 -19.219488 27.377099 0.000000 0.000000 0.000000 -5.822015 0.104874 3.301436 5.822470 -0.698111 -23.374262 0.264785 -0.955343 31.776972 -4.225896 4.915096 -30.708987 0.000000 0.000000 0.000000 -26.500836 3.335629 -5.839490 -52.799759 -7.528912 -5.212622 -7.416793 -25.885926 2.834303 0.000000 0.000000 0.000000 14.940864 3.685850 2.442221 59.759104 7.321056 -4.940388 6.678271 31.519714 3.834593 0.000000 0.000000 0.000000 
0.009637 0.965246 0.246228 -3.440736 12.196700 4.134652 4.424321 -0.902347 -12.052625 -5.679560 0.460611 4.377660 3.447222 11.733636 13.094335 0.000000 0.000000 0.000000 -7.963077 0.287595 -16.251492 10.621828 -4.866511 31.571878 -8.380553 -18.749838 23.989538 0.000000 0.000000 0.000000 -5.837643 0.099526 3.095597 5.687557 -0.618259 -23.666634 0.520735 -1.697988 31.508916 -4.035734 4.891858 -30.367729 0.000000 0.000000 0.000000 -27.189087 2.491263 -5.685645 -51.698278 -7.423858 -5.042627 -6.661797 -25.604569 2.580671 0.000000 0.000000 0.000000 14.593884 4.111729 2.765058 60.108478 7.278858 -4.928525 6.825582 31.620846 3.929018 0.000000 0.000000 0.000000 
0.012640 0.965814 0.255065 -4.215410 14.137153 4.264517 5.109941 -0.875253 -11.726576 -5.666592 0.423376 3.865670 2.715548 10.616578 12.420396 0.000000 0.000000 0.000000 -8.237569 0.165312 -16.597755 9.559541 -4.180981 28.210733 -8.594945 -19.330787 14.948745 0.000000 0.000000 0.000000 -5.409640 0.081215 2.815123 5.779146 -0.620067 -23.560454 0.215462 -2.191747 31.122561 -3.833106 4.887134 -30.474006 0.000000 0.000000 0.000000 -27.402894 1.735074 -5.575332 -50.947382 -7.622152 -4.749278 -6.393584 -25.189756 2.414064 0.000000 0.000000 0.000000 14.732307 4.401660 3.067327 60.180517 7.353216 -4.818037 6.428140 31.533437 3.826733 0.000000 0.000000 0.000000 
0.013762 0.966226 0.262531 -4.686797 15.714535 5.050635 5.414380 -0.950327 -12.535121 -5.290312 0.360475 3.697813 2.249193 10.159830 12.677810 0.000000 0.000000 0.000000 -8.436955 0.048040 -18.053170 8.579088 -3.549926 25.293934 -6.854722 -16.262703 10.403425 0.000000 0.000000 0.000000 -5.374096 0.088087 2.253683 5.619585 -0.526749 -24.193968 0.198551 -3.077421 31.472009 -3.956297 4.971111 -30.572651 0.000000 0.000000 0.000000 -27.596537 1.921557 -5.809562 -50.568101 -7.515740 -4.765626 -6.478679 -24.842153 2.389056 0.000000 0.000000 0.000000 14.429498 4.456094 3.133418 60.515824 7.522284 -4.754402 6.350855 31.266922 3.789626 0.000000 0.000000 0.000000 
0.012610 0.965755 0.269459 -5.006548 16.535082 5.652620 6.179252 -0.962214 -12.825180 -5.134596 0.336100 2.388028 1.260007 9.452687 14.630370 0.000000 0.000000 0.000000 -7.886390 0.101242 -18.738672 6.645148 -2.391130 21.086631 -2.592703 -7.002460 3.806522 0.000000 0.000000 0.000000 -4.655964 0.077166 1.762737 5.293412 -0.427159 -24.225571 -0.036560 -2.351361 30.882523 -2.905179 4.598809 -29.268935 0.000000 0.000000 0.000000 -27.039446 1.434123 -5.902475 -50.742314 -7.185521 -4.742331 -6.101751 -23.969980 2.141182 0.000000 0.000000 0.000000 15.726293 4.635469 3.612732 60.016539 7.377449 -4.812866 5.465130 31.119646 3.565965 0.000000 0.000000 0.000000 
0.009255 0.965676 0.276770 -4.838060 17.912633 6.291167 6.437001 -1.026894 -13.408376 -5.047091 0.309979 1.816911 0.364970 8.903354 16.237671 0.000000 0.000000 0.000000 -7.322716 0.129859 -19.228271 5.305043 -1.720415 17.823325 -0.672173 -2.166617 2.307265 0.000000 0.000000 0.000000 -4.584263 0.080610 1.537695 4.813420 -0.286761 -24.103507 -0.505562 -2.673335 30.319585 -2.142819 4.257259 -28.831826 0.000000 0.000000 0.000000 -26.663167 1.478751 -6.082935 -51.102113 -6.630948 -4.916141 -5.990687 -23.868683 2.069258 0.000000 0.000000 0.000000 17.229409 4.243430 3.704857 59.462100 7.665927 -4.726516 4.907468 30.924406 3.417103 0.000000 0.000000 0.000000 
0.004136 0.964521 0.285137 -4.548150 18.813298 6.742251 6.569953 -1.027704 -13.128715 -5.019345 0.292603 0.555039 0.128380 9.034586 17.217462 0.000000 0.000000 0.000000 -6.549073 0.250462 -18.618170 4.306389 -1.235407 14.884710 0.001996 -0.311895 1.454193 0.000000 0.000000 0.000000 -4.824808 0.089728 1.401610 5.091870 -0.324252 -24.509153 -1.021768 -1.999225 29.949817 -1.370315 4.005756 -27.903003 0.000000 0.000000 0.000000 -26.632223 0.953395 -6.259833 -50.765927 -5.897199 -4.998459 -6.215308 -22.914417 1.955373 0.000000 0.000000 0.000000 18.466141 4.303707 4.184098 59.250656 7.513399 -4.830768 4.115446 30.672103 3.200176 0.000000 0.000000 0.000000 
-0.002138 0.962838 0.294528 -4.116967 19.894161 6.810296 6.664363 -1.011598 -12.585264 -4.940043 0.269008 -0.155467 -0.387838 8.604119 17.619646 0.000000 0.000000 0.000000 -5.947948 0.330101 -17.184890 3.559362 -0.933341 12.666986 0.186550 0.535828 -0.211786 0.000000 0.000000 0.000000 -5.222283 0.091143 0.948234 4.987282 -0.290975 -24.217440 -0.997752 -1.892756 29.780851 -1.525007 4.206798 -27.634233 0.000000 0.000000 0.000000 -25.965395 1.013740 -6.448685 -51.341222 -5.684278 -5.096038 -6.627213 -22.269775 1.935481 0.000000 0.000000 0.000000 18.587900 3.935090 4.185903 59.397824 6.885066 -5.103290 4.390833 30.892086 3.332880 0.000000 0.000000 0.000000 
-0.009447 0.960566 0.304161 -3.615280 20.346150 6.844260 6.956259 -0.985939 -12.122011 -5.239612 0.277040 -0.070967 -0.477340 8.302372 17.023161 0.000000 0.000000 0.000000 -5.500910 0.394148 -16.093320 3.097572 -0.741862 11.019906 -0.108838 -0.245557 -0.152123 0.000000 0.000000 0.000000 -5.409587 0.087833 0.682011 5.456392 -0.397797 -24.337557 -1.140787 -1.258920 30.090590 -1.960460 4.590703 -27.289150 0.000000 0.000000 0.000000 -25.904977 1.165002 -6.882966 -51.380222 -5.358453 -5.163808 -7.309299 -22.736588 2.060212 0.000000 0.000000 0.000000 18.798697 4.027287 4.508924 59.317528 6.593166 -5.275328 4.998284 31.840768 3.676034 0.000000 0.000000 0.000000 
-0.017824 0.958222 0.313218 -3.176920 20.853111 7.062329 7.038446 -0.989416 -11.982670 -4.926047 0.256658 0.078405 -0.592079 7.980417 16.419352 0.000000 0.000000 0.000000 -5.265460 0.415867 -15.030934 2.906836 -0.633879 9.286763 -0.205760 -0.464434 -0.368314 0.000000 0.000000 0.000000 -5.190163 0.082391 0.422968 5.463815 -0.405935 -23.835622 -1.048591 -0.687464 29.715515 -2.000555 4.763518 -27.630338 0.000000 0.000000 0.000000 -26.025312 0.472139 -6.868606 -51.609156 -5.186602 -5.109768 -6.674486 -23.051530 1.909730 0.000000 0.000000 0.000000 19.330643 3.944438 4.760403 58.952803 6.965564 -5.096785 4.111902 31.726311 3.443772 0.000000 0.000000 0.000000 
-0.027236 0.956043 0.321510 -2.671950 20.950693 7.068082 7.223348 -0.978684 -11.806952 -4.833190 0.253888 0.604159 -0.522091 7.906319 15.956044 0.000000 0.000000 0.000000 -5.202483 0.418086 -13.729160 2.989225 -0.601128 7.818016 -0.141632 -0.168772 -1.118661 0.000000 0.000000 0.000000 -4.928266 0.078608 0.618277 5.753562 -0.467936 -24.068790 -0.930094 -0.046379 30.049561 -2.456058 5.135840 -27.799106 0.000000 0.000000 0.000000 -26.811658 -0.030627 -7.088731 -51.618946 -4.603559 -5.215297 -6.034980 -23.596552 1.787726 0.000000 0.000000 0.000000 19.531365 4.247074 5.157115 58.553115 7.305213 -4.982480 3.292367 31.783327 3.241423 0.000000 0.000000 0.000000 
-0.037737 0.953981 0.329376 -2.274188 21.009182 6.754036 7.528692 -0.975435 -11.834542 -4.662328 0.242678 1.952639 -0.414477 7.872884 15.468260 0.000000 0.000000 0.000000 -5.189879 0.407208 -13.126345 3.446887 -0.695296 7.452002 -0.077411 0.056514 -1.439609 0.000000 0.000000 0.000000 -4.627459 0.070737 1.310303 6.315933 -0.633504 -23.435209 -1.126446 0.483817 29.523503 -2.780533 5.380794 -27.719468 0.000000 0.000000 0.000000 -27.856831 -0.412163 -7.399403 -51.189606 -4.418082 -5.020568 -5.507520 -24.113982 1.680322 0.000000 0.000000 0.000000 19.692824 4.991647 5.724168 58.050979 7.842214 -4.706567 2.612852 32.313727 3.117715 0.000000 0.000000 0.000000 
-0.049182 0.952006 0.336512 -1.884653 21.071318 6.393183 7.844524 -0.982556 -12.072213 -4.416594 0.209406 3.631978 -0.329589 7.859027 15.118875 0.000000 0.000000 0.000000 -5.108919 0.407543 -12.885405 3.954543 -0.833819 7.895974 -0.068702 0.212129 -2.126421 0.000000 0.000000 0.000000 -3.990670 0.044680 2.483535 6.590609 -0.694813 -23.523766 -1.450425 0.296972 29.861553 -3.486525 5.736588 -27.619302 0.000000 0.000000 0.000000 -29.346973 -1.157258 -7.288473 -50.553826 -4.522979 -4.812219 -4.740239 -25.005874 1.599007 0.000000 0.000000 0.000000 20.033386 6.039264 6.358682 56.790764 8.953048 -4.307111 2.415225 32.360860 3.012264 0.000000 0.000000 0.000000 
-0.061526 0.950176 0.342131 -1.253776 21.978540 5.770863 8.616554 -1.052014 -13.242024 -5.541257 0.240238 6.953089 -0.275387 8.086446 15.269309 0.000000 0.000000 0.000000 -5.120156 0.354984 -11.657533 4.429397 -0.954253 7.514471 -0.325418 -0.406250 -2.896555 0.000000 0.000000 0.000000 -3.456689 -0.018852 4.402337 6.641778 -0.754577 -22.164099 -2.087264 0.512569 28.831664 -3.729042 5.944521 -27.415180 0.000000 0.000000 0.000000 -29.958534 -2.317905 -7.053647 -49.314117 -5.360885 -4.070490 -4.964358 -25.690339 1.634917 0.000000 0.000000 0.000000 20.828906 6.837095 7.122189 55.702920 10.577372 -3.577106 1.885449 32.321576 2.823759 0.000000 0.000000 0.000000 
-0.074756 0.947107 0.345189 -0.544275 23.136272 5.826329 10.630284 -1.243622 -16.769648 -8.924749 0.516987 12.304503 -0.140783 8.912549 16.770398 0.000000 0.000000 0.000000 -5.593594 0.254975 -11.718517 5.644137 -1.320346 8.124554 -0.688524 -1.304005 -4.144364 0.000000 0.000000 0.000000 -2.797242 -0.120319 6.312883 6.339954 -0.656514 -21.909367 -2.138959 -0.038275 28.805678 -4.239594 6.212226 -27.674913 0.000000 0.000000 0.000000 -30.649288 -3.297267 -6.664328 -48.550085 -5.649568 -3.791094 -5.272118 -27.521918 1.815072 0.000000 0.000000 0.000000 20.618263 7.958589 7.764919 54.543239 12.164855 -2.890728 1.968561 32.053127 2.746667 0.000000 0.000000 0.000000 
-0.086923 0.944649 0.346462 -0.021694 23.784476 6.334052 13.309219 -1.381275 -20.605788 -13.397213 1.145191 17.265581 2.166982 11.649362 15.444358 0.000000 0.000000 0.000000 -6.335309 0.121163 -13.354385 7.137134 -1.946227 10.643716 -0.727712 -1.183078 -5.752268 0.000000 0.000000 0.000000 -2.875809 -0.189061 8.025185 6.915095 -0.797739 -21.743406 -2.265590 0.691841 28.119141 -4.852836 6.643456 -28.222155 0.000000 0.000000 0.000000 -32.516005 -4.364095 -6.949358 -46.250381 -4.757531 -3.535599 -5.822550 -29.550358 2.029949 0.000000 0.000000 0.000000 20.902990 8.310769 8.275174 53.100051 13.419226 -2.421123 3.289337 31.792321 3.040056 0.000000 0.000000 0.000000 
-0.096206 0.941554 0.347913 0.460157 25.012160 6.583862 15.696722 -1.470488 -23.428152 -16.279712 1.616405 20.112237 4.373157 14.539609 14.275183 0.000000 0.000000 0.000000 -7.243555 -0.112723 -14.783564 8.682949 -2.805356 13.560543 -0.856984 -1.372190 -7.460495 0.000000 0.000000 0.000000 -2.037167 -0.395984 10.079250 6.653826 -0.696280 -21.896245 -1.933769 0.893609 28.538175 -5.167513 6.910997 -28.233225 0.000000 0.000000 0.000000 -32.831202 -5.717577 -6.540835 -46.450064 -4.933371 -3.352490 -6.155784 -31.537824 2.199309 0.000000 0.000000 0.000000 20.310316 8.703202 8.605512 52.505878 14.876951 -1.811240 4.274451 31.768584 3.310505 0.000000 0.000000 0.000000 
-0.102125 0.938292 0.349391 1.415419 25.250667 6.395949 17.061228 -1.388061 -23.231953 -18.241003 1.874693 18.516587 9.675844 21.720867 12.909646 0.000000 0.000000 0.000000 -7.976678 -0.320131 -15.877059 8.144653 -3.166358 17.449404 -0.540460 0.109672 -9.743117 0.000000 0.000000 0.000000 -2.085709 -0.559552 12.332674 6.404270 -0.680651 -20.669731 -2.103570 1.870941 27.664466 -4.344851 6.600406 -28.955289 0.000000 0.000000 0.000000 -32.888600 -6.826243 -6.238796 -45.890817 -4.811668 -3.115119 -8.236531 -33.464328 2.849369 0.000000 0.000000 0.000000 20.364604 10.064388 9.576669 51.092425 15.556074 -1.528066 5.292110 33.746922 3.827251 0.000000 0.000000 0.000000 
-0.105161 0.934680 0.350669 2.224407 26.583671 6.305004 18.351125 -1.458629 -24.055072 -18.002701 1.652447 16.691005 13.157569 26.496914 14.661419 0.000000 0.000000 0.000000 -8.675557 -0.596739 -16.663122 8.047248 -3.941457 21.772657 -0.667131 0.238762 -12.844538 0.000000 0.000000 0.000000 -2.124113 -0.822462 15.138936 6.333836 -0.613392 -20.623319 -1.810310 1.923215 27.745529 -5.064281 7.053234 -29.169159 0.000000 0.000000 0.000000 -34.494115 -9.041138 -5.488575 -44.173494 -5.159218 -2.556333 -9.688403 -34.955626 3.420581 0.000000 0.000000 0.000000 20.879484 10.104753 9.946542 49.415515 16.716197 -1.319530 6.425468 35.135196 4.415182 0.000000 0.000000 0.000000 
-0.105260 0.928764 0.351703 2.977514 27.855618 6.368850 19.297816 -1.560741 -24.935338 -16.461796 1.335846 15.993714 11.203003 24.013520 13.144390 0.000000 0.000000 0.000000 -9.694271 -0.936255 -16.926654 8.231999 -4.743645 24.866427 -0.747685 0.562965 -15.832892 0.000000 0.000000 0.000000 -2.206852 -1.161886 18.160777 7.029135 -0.770657 -20.744004 -2.776802 2.760177 27.148324 -4.501446 6.950426 -29.643432 0.000000 0.000000 0.000000 -34.693205 -10.301476 -5.300739 -43.824462 -6.124908 -1.925572 -10.857722 -34.054272 3.606213 0.000000 0.000000 0.000000 21.361819 10.891500 10.877775 48.385979 18.525039 -0.706199 5.440626 35.398187 4.107909 0.000000 0.000000 0.000000 
-0.102457 0.921193 0.353260 3.434183 28.801332 6.160550 20.072048 -1.628460 -25.827401 -11.699945 0.648182 17.536702 4.038883 12.933648 9.612902 0.000000 0.000000 0.000000 -10.723473 -1.286751 -17.284105 9.261252 -5.712986 26.670085 -1.089767 -0.437769 -17.249501 0.000000 0.000000 0.000000 -2.644093 -1.559273 21.590530 6.415280 -0.612564 -20.186827 -2.010514 2.346712 27.101161 -5.983729 7.638281 -29.533840 0.000000 0.000000 0.000000 -35.061648 -11.425517 -4.429611 -43.141150 -7.139038 -1.533557 -12.327839 -36.915761 4.421435 0.000000 0.000000 0.000000 21.697364 12.979753 12.159454 47.727376 19.406332 -0.448528 4.591800 37.891179 4.185808 0.000000 0.000000 0.000000 
-0.096496 0.910544 0.355473 3.055847 29.714870 6.718258 21.359876 -1.747786 -28.084567 -7.533853 -0.347176 21.935511 0.801568 7.242827 8.781471 0.000000 0.000000 0.000000 -11.520245 -1.787110 -19.617300 10.471975 -7.224459 29.955700 -1.386879 -0.903336 -18.832768 0.000000 0.000000 0.000000 -2.747843 -1.908266 23.801896 6.048429 -0.541164 -18.985543 -1.386181 2.312404 26.410571 -7.650705 8.279692 -32.140583 0.000000 0.000000 0.000000 -34.813887 -12.749742 -3.428237 -42.371086 -7.359118 -1.386166 -15.682369 -39.317374 5.886554 0.000000 0.000000 0.000000 22.094140 14.603205 13.253249 46.756170 19.803768 -0.328989 4.043507 41.447760 4.517285 0.000000 0.000000 0.000000 
-0.087480 0.898008 0.358237 2.055824 30.267452 5.389461 22.632734 -1.694805 -27.898650 -4.876231 -1.511159 26.708068 -0.281233 6.913258 11.828708 0.000000 0.000000 0.000000 -12.763731 -2.390700 -20.860525 11.994496 -9.368926 34.301154 -1.414708 0.381333 -20.007535 0.000000 0.000000 0.000000 -2.772520 -2.490989 27.070537 5.834811 -0.475458 -18.944333 -0.772821 3.366339 27.542983 -8.740590 8.855026 -33.416592 0.000000 0.000000 0.000000 -34.649058 -13.634504 -3.101710 -41.355874 -9.060333 -0.808208 -17.622964 -40.142627 6.693680 0.000000 0.000000 0.000000 22.517265 15.844889 14.357321 45.493593 21.178453 -0.088621 5.550808 45.951446 5.908508 0.000000 0.000000 0.000000 
-0.074749 0.881025 0.361219 0.499288 31.534382 4.797192 25.026915 -1.757191 -29.039888 -4.503553 -2.455018 32.247288 1.157330 11.415334 17.760138 0.000000 0.000000 0.000000 -13.378696 -3.229458 -24.007190 12.761019 -12.112130 40.503613 -1.826792 0.333614 -21.240866 0.000000 0.000000 0.000000 -2.864875 -3.001030 29.311489 6.130146 -0.569825 -18.434901 -0.957057 4.346697 27.476453 -9.415403 9.211754 -34.723742 0.000000 0.000000 0.000000 -33.968697 -15.677277 -2.100519 -40.492381 -9.320512 -0.557814 -19.660686 -41.947697 7.654695 0.000000 0.000000 0.000000 22.729211 17.361210 15.681526 44.973058 22.514545 0.337076 7.234953 49.012503 7.278957 0.000000 0.000000 0.000000 
-0.059024 0.862934 0.363896 -0.323381 32.200661 3.564138 26.800343 -1.730657 -30.023319 -7.371387 -2.017682 35.965326 8.346862 21.936814 31.294462 0.000000 0.000000 0.000000 -14.783528 -4.478628 -27.132949 12.327225 -14.596193 48.190227 -2.148331 0.827878 -20.978152 0.000000 0.000000 0.000000 -4.471984 -3.359906 33.045245 6.799558 -0.680663 -19.547286 -0.255100 5.739801 28.400417 -11.569707 10.201768 -36.366418 0.000000 0.000000 0.000000 -36.038601 -17.466484 -1.672989 -37.348563 -9.929842 -0.059114 -23.326318 -44.350513 9.724940 0.000000 0.000000 0.000000 24.359793 19.226091 17.743241 41.940935 23.752773 0.118499 10.002139 53.572509 9.517145 0.000000 0.000000 0.000000 
-0.040764 0.845070 0.365815 -1.175684 32.767914 3.091367 29.104684 -1.674180 -32.216775 -11.409331 -0.957022 40.281435 19.140517 29.322733 48.851255 0.000000 0.000000 0.000000 -15.772966 -5.589477 -29.787070 10.984978 -15.674164 53.960922 -2.206561 1.851623 -20.803677 0.000000 0.000000 0.000000 -6.376894 -3.427139 35.853841 7.361561 -0.904397 -18.639242 0.064712 7.310655 27.361812 -12.077565 10.364455 -37.335445 0.000000 0.000000 0.000000 -35.584274 -19.555798 -0.599089 -36.272430 -11.066381 0.472511 -26.923084 -46.776948 11.740446 0.000000 0.000000 0.000000 24.928866 21.299105 19.495472 40.593477 25.207661 0.535149 12.914717 56.849189 11.774955 0.000000 0.000000 0.000000 
-0.020156 0.829033 0.366766 -2.222765 33.153327 2.826861 31.556447 -1.538881 -34.862418 -15.729736 0.623706 44.692780 21.206046 30.801331 48.706486 0.000000 0.000000 0.000000 -17.010391 -6.989241 -32.672711 9.914557 -16.727976 59.792518 -2.025774 3.149120 -19.352307 0.000000 0.000000 0.000000 -7.877809 -3.435216 37.923682 7.638823 -0.999177 -18.534626 0.747606 9.168600 27.562911 -12.579482 10.531741 -38.597605 0.000000 0.000000 0.000000 -35.754431 -21.438045 -0.043190 -34.730571 -12.325749 1.035801 -31.767087 -50.043146 14.833540 0.000000 0.000000 0.000000 24.716609 23.313565 21.045945 39.436610 26.466676 0.859353 13.708214 61.494663 13.604833 0.000000 0.000000 0.000000 
0.001809 0.815658 0.366511 -2.697143 33.730118 3.263322 33.410071 -1.460216 -37.322347 -19.983399 2.573077 47.680828 23.447876 32.368816 48.825848 0.000000 0.000000 0.000000 -18.026183 -8.344042 -35.142950 8.966248 -16.968833 63.307809 -2.076775 2.247304 -17.313054 0.000000 0.000000 0.000000 -9.600972 -3.196315 39.183939 8.042981 -1.166629 -17.842212 0.957807 10.227796 26.301765 -13.254280 10.761109 -38.399916 0.000000 0.000000 0.000000 -35.501213 -22.481974 0.300755 -33.374194 -13.261915 1.422704 -36.530194 -53.141063 18.232404 0.000000 0.000000 0.000000 25.301752 24.461083 22.315133 38.214598 28.019095 1.222533 17.121269 65.218047 16.987868 0.000000 0.000000 0.000000 
0.024158 0.803414 0.365127 -3.464974 34.333770 3.266386 34.598207 -1.421454 -39.670885 -23.007914 4.171988 50.896179 25.367798 33.694902 49.044757 0.000000 0.000000 0.000000 -18.963445 -9.651313 -37.123424 8.337535 -17.182027 66.081057 -2.012540 1.038236 -14.226141 0.000000 0.000000 0.000000 -11.042057 -3.036615 40.285924 8.282628 -1.260175 -17.570166 1.605491 11.601890 26.055109 -12.812873 10.767216 -38.114365 0.000000 0.000000 0.000000 -35.445162 -23.759414 0.576774 -31.877942 -14.335968 1.808471 -40.572160 -56.182543 21.602587 0.000000 0.000000 0.000000 25.506435 25.326918 23.333260 36.642740 29.207297 1.344559 18.464278 68.880132 19.286637 0.000000 0.000000 0.000000 
0.045832 0.792902 0.362563 -4.289224 35.112010 3.201336 35.797944 -1.389239 -41.990485 -25.937022 5.947881 53.583914 27.067775 34.757356 49.541420 0.000000 0.000000 0.000000 -19.490511 -10.672385 -38.601925 7.576191 -17.108256 68.075072 -2.170353 -0.840929 -11.294624 0.000000 0.000000 0.000000 -12.424669 -2.891088 41.233373 8.728473 -1.384671 -17.646468 2.348657 12.845953 25.698528 -12.950718 11.055587 -36.967437 0.000000 0.000000 0.000000 -34.843097 -24.617023 0.680109 -30.968141 -15.329632 2.104216 -44.461970 -58.503541 24.788678 0.000000 0.000000 0.000000 25.913688 26.728738 24.776684 35.380504 30.845365 1.648861 16.689256 71.778926 18.986085 0.000000 0.000000 0.000000 
0.066076 0.783110 0.358807 -4.971244 35.681078 3.206309 36.362282 -1.391039 -44.593831 -28.067027 7.581201 56.655664 28.392108 35.348693 50.603476 0.000000 0.000000 0.000000 -20.026800 -11.720883 -40.074470 6.745975 -16.727060 69.792545 -2.172537 -2.187847 -8.076296 0.000000 0.000000 0.000000 -13.863611 -2.648349 41.826261 8.668854 -1.371415 -17.621498 3.663044 14.335137 26.069379 -12.459944 10.952528 -37.559878 0.000000 0.000000 0.000000 -33.078922 -25.508342 0.807077 -31.264913 -17.063209 2.552648 -46.088139 -60.760152 26.375866 0.000000 0.000000 0.000000 24.720534 27.995709 25.334531 34.879368 33.133142 2.430619 11.319448 73.927418 15.848900 0.000000 0.000000 0.000000 
0.084621 0.775341 0.354087 -5.607327 36.990569 3.340267 36.921167 -1.608230 -47.202444 -30.129214 9.071414 58.644288 29.646882 35.983328 51.381038 0.000000 0.000000 0.000000 -20.684144 -12.714361 -40.537203 6.319115 -16.743729 70.221820 -2.519245 -4.034038 -5.704270 0.000000 0.000000 0.000000 -14.953077 -2.636202 42.427497 9.000690 -1.408352 -18.038678 4.804463 15.678705 26.459134 -12.305906 11.158347 -36.889366 0.000000 0.000000 0.000000 -32.117134 -26.035617 0.491314 -31.415235 -18.275884 2.918742 -46.633045 -61.625515 26.760855 0.000000 0.000000 0.000000 24.596805 29.140521 26.430991 33.316391 34.884624 2.687204 5.436489 74.899955 11.427126 0.000000 0.000000 0.000000 
0.101311 0.767215 0.348863 -6.269387 38.534689 3.495949 37.535151 -1.907729 -50.342263 -32.011474 10.679330 60.797287 30.497824 36.206817 52.468342 0.000000 0.000000 0.000000 -21.519482 -13.851780 -40.766124 5.915971 -16.876908 70.689186 -2.646722 -4.967079 -3.758464 0.000000 0.000000 0.000000 -15.988723 -2.686953 42.971554 8.743139 -1.329855 -17.735517 6.362037 17.290907 26.499489 -12.380644 11.430087 -36.206064 0.000000 0.000000 0.000000 -31.056979 -26.740370 0.112310 -31.105924 -19.322880 3.279497 -47.686095 -62.795759 27.541539 0.000000 0.000000 0.000000 23.858577 30.050695 27.109327 31.905736 36.362759 2.979774 -4.908139 74.604308 3.298253 0.000000 0.000000 0.000000 
0.116075 0.760643 0.343763 -6.600047 39.945608 3.793038 38.276147 -2.188332 -52.641361 -34.238648 12.338858 61.556403 31.583593 36.701880 53.336368 0.000000 0.000000 0.000000 -22.631182 -14.943230 -40.513164 5.792426 -16.880004 70.118908 -2.593455 -5.447405 -1.611511 0.000000 0.000000 0.000000 -17.272663 -2.645580 43.599304 8.543745 -1.208352 -17.935506 8.172389 18.970284 27.372397 -12.451781 11.774064 -35.489587 0.000000 0.000000 0.000000 -30.756744 -27.288445 -0.537494 -30.775350 -19.832911 3.533968 -47.394066 -63.617652 27.456952 0.000000 0.000000 0.000000 22.955315 31.535949 27.940828 29.668084 37.768480 3.069135 -14.588556 72.685753 -4.378447 0.000000 0.000000 0.000000 
0.128455 0.754750 0.339400 -6.821736 40.940550 3.994674 39.006489 -2.333652 -54.885391 -36.181624 14.116125 62.512289 31.979721 36.472737 54.618100 0.000000 0.000000 0.000000 -23.233456 -15.548530 -40.209366 5.192381 -16.246872 69.213167 -2.462945 -5.596235 0.233452 0.000000 0.000000 0.000000 -18.472181 -2.476426 43.652165 7.936307 -1.101442 -16.967170 9.684055 21.054619 27.398098 -11.763709 11.782732 -34.771565 0.000000 0.000000 0.000000 -29.743535 -27.561626 -1.300948 -30.842837 -19.985754 3.741759 -47.427546 -64.733502 27.503597 0.000000 0.000000 0.000000 21.637377 32.523068 28.271847 27.553479 39.406365 3.307836 -22.497149 70.018431 -10.096200 0.000000 0.000000 0.000000 
0.138343 0.750871 0.336064 -7.207001 41.887648 4.194268 40.052906 -2.401704 -56.271348 -38.059121 15.503368 62.225005 32.644219 36.721017 55.237381 0.000000 0.000000 0.000000 -23.724915 -16.081352 -39.961027 5.129338 -16.032481 68.033606 -2.483097 -6.163166 2.649160 0.000000 0.000000 0.000000 -19.864888 -2.304192 44.062402 7.495961 -0.954480 -16.799937 11.541418 23.047725 27.797976 -11.241054 11.953199 -33.279875 0.000000 0.000000 0.000000 -29.624441 -27.439571 -2.491133 -30.886629 -18.537454 3.679083 -49.807578 -65.371476 29.103463 0.000000 0.000000 0.000000 20.702719 33.935558 28.968339 25.054528 41.040941 3.320040 -23.881585 67.171552 -11.045562 0.000000 0.000000 0.000000 
0.145824 0.746328 0.333718 -7.300724 42.962209 4.296447 41.094091 -2.496990 -57.995138 -39.951740 17.091402 62.316179 32.529905 36.239698 56.142834 0.000000 0.000000 0.000000 -24.324322 -16.596423 -39.366190 4.810350 -15.701651 67.016209 -2.426839 -6.362819 4.528376 0.000000 0.000000 0.000000 -21.028069 -2.242686 44.531507 7.224725 -0.843630 -16.809740 12.420540 25.136257 28.282754 -10.367840 12.006891 -32.441524 0.000000 0.000000 0.000000 -29.382539 -27.728847 -3.402713 -29.955382 -17.968843 3.680203 -51.257950 -66.401742 30.499214 0.000000 0.000000 0.000000 20.167435 34.794885 29.679357 21.628610 42.587185 2.871155 -26.006458 65.481656 -12.538253 0.000000 0.000000 0.000000 
0.151198 0.741830 0.332434 -7.618122 44.325083 4.116955 41.682208 -2.805505 -59.107829 -41.002901 17.751611 62.372649 32.960471 36.525918 56.076245 0.000000 0.000000 0.000000 -24.607611 -17.222856 -39.211948 4.174601 -15.367571 66.696252 -2.394111 -6.933936 8.223530 0.000000 0.000000 0.000000 -21.808520 -2.397009 45.180219 6.814651 -0.617472 -17.489500 13.745780 26.110932 29.249316 -9.802103 12.125314 -30.911608 0.000000 0.000000 0.000000 -29.377864 -27.571229 -4.292535 -29.527199 -17.009991 3.577835 -51.924614 -67.725053 31.649438 0.000000 0.000000 0.000000 18.530370 35.924145 29.436221 19.683693 44.017179 2.944627 -25.946361 65.513924 -12.679777 0.000000 0.000000 0.000000 
0.154731 0.737545 0.332186 -7.798503 45.550050 3.580640 41.923681 -3.174405 -60.234693 -41.621277 18.352377 63.216323 32.670659 36.121802 56.263062 0.000000 0.000000 0.000000 -24.542365 -17.621211 -39.070738 2.950896 -14.935085 67.523801 -2.738853 -7.950987 10.703016 0.000000 0.000000 0.000000 -22.701034 -2.548618 45.925503 5.729580 -0.283370 -17.206543 14.754246 27.558951 29.142379 -8.202727 11.654126 -30.038665 0.000000 0.000000 0.000000 -28.229402 -27.473994 -4.842386 -30.135228 -16.977198 3.734496 -53.851580 -69.151403 33.129376 0.000000 0.000000 0.000000 16.727658 35.639436 28.414906 19.662216 44.962862 3.504713 -27.090400 66.152915 -13.361268 0.000000 0.000000 0.000000 
0.156843 0.734152 0.333265 -7.961920 47.436067 3.282474 42.164826 -3.804437 -61.056305 -42.260882 18.330957 63.162327 33.055316 36.549802 55.679949 0.000000 0.000000 0.000000 -24.185702 -18.233322 -39.272277 1.414466 -14.569221 68.805690 -3.558261 -9.795962 14.004692 0.000000 0.000000 0.000000 -23.386163 -2.796712 46.054047 5.517417 -0.144465 -17.485925 15.650334 27.919242 29.845631 -7.952545 11.725557 -29.307271 0.000000 0.000000 0.000000 -28.843351 -27.712057 -5.602819 -29.795008 -15.695622 3.666861 -54.389893 -68.936464 33.543346 0.000000 0.000000 0.000000 15.457575 35.631027 27.722910 19.349121 44.334661 3.564049 -28.563307 67.982275 -14.675932 0.000000 0.000000 0.000000 
0.158201 0.730100 0.335336 -8.106293 49.060734 2.176665 41.924049 -4.448160 -61.090640 -42.664976 18.077027 63.749506 33.233505 36.807312 54.950415 0.000000 0.000000 0.000000 -23.678986 -18.453064 -39.087535 -1.080448 -13.573559 70.797181 -3.671703 -10.421697 17.009445 0.000000 0.000000 0.000000 -24.258144 -3.028209 46.506134 5.247765 -0.085048 -16.623983 15.301114 29.249091 29.115764 -6.362198 11.170465 -28.344118 0.000000 0.000000 0.000000 -29.273109 -28.269074 -6.146351 -29.586603 -14.714776 3.759588 -57.080488 -69.294147 35.764510 0.000000 0.000000 0.000000 14.926919 34.872037 27.258678 20.272805 43.224652 3.775594 -30.269808 69.673310 -16.075240 0.000000 0.000000 0.000000 
0.159098 0.725951 0.337897 -8.090055 50.997834 1.510549 41.342067 -5.247149 -61.026644 -42.804478 17.309023 64.028751 34.069528 37.865379 53.586436 0.000000 0.000000 0.000000 -23.197530 -18.681708 -38.807794 -3.265042 -13.006160 72.864627 -4.537862 -11.943755 17.877189 0.000000 0.000000 0.000000 -25.011154 -3.315684 46.765392 5.130876 0.018570 -16.889557 15.632243 29.336250 29.610542 -5.766460 10.988223 -27.465515 0.000000 0.000000 0.000000 -30.464534 -28.676541 -6.824864 -29.289669 -13.816079 3.831408 -57.510779 -69.702133 36.787140 0.000000 0.000000 0.000000 14.187246 33.739865 26.216497 21.690281 41.061371 3.818706 -30.167110 72.083350 -16.222669 0.000000 0.000000 0.000000 
0.159660 0.721998 0.340471 -8.257555 52.619411 0.578289 41.016523 -5.867855 -60.862182 -43.052865 16.770957 64.388022 34.564574 38.584370 52.399065 0.000000 0.000000 0.000000 -22.588126 -18.768534 -38.636898 -6.062629 -11.807820 75.235840 -3.744236 -11.025124 18.573163 0.000000 0.000000 0.000000 -25.909662 -3.549600 47.106096 5.143468 -0.003186 -16.317445 15.172614 29.940808 29.040441 -4.760180 10.563133 -27.465326 0.000000 0.000000 0.000000 -30.629789 -29.003847 -7.154318 -29.361806 -13.284612 3.928552 -59.911536 -70.323664 38.987913 0.000000 0.000000 0.000000 13.675122 32.678563 25.477374 23.360292 38.968675 3.861880 -26.938187 72.714952 -13.672862 0.000000 0.000000 0.000000 
0.159907 0.718600 0.343073 -8.328395 54.158059 -0.328400 40.739221 -6.407347 -60.591848 -43.468852 16.307584 64.567889 34.895640 39.214409 51.230464 0.000000 0.000000 0.000000 -22.717287 -19.035408 -37.879143 -7.496927 -11.473698 76.353024 -3.867416 -11.556838 20.603438 0.000000 0.000000 0.000000 -26.764185 -3.734914 47.073884 5.202536 -0.005807 -16.322985 14.964294 29.952150 29.333187 -4.640201 10.523748 -27.487639 0.000000 0.000000 0.000000 -30.944726 -29.211267 -7.542150 -29.734244 -12.871414 4.042455 -62.467457 -69.675910 40.444836 0.000000 0.000000 0.000000 12.873273 31.881818 24.563375 25.347007 37.007821 3.985741 -25.160103 73.387659 -12.069171 0.000000 0.000000 0.000000 
0.159903 0.717147 0.345752 -8.571219 55.424254 -1.232416 40.336578 -6.933722 -60.596096 -43.393539 15.775219 65.215908 34.682539 39.265584 50.593053 0.000000 0.000000 0.000000 -22.113541 -18.760269 -37.332047 -9.376940 -10.873037 77.511119 -3.964966 -11.829747 21.036376 0.000000 0.000000 0.000000 -27.557704 -3.836092 46.650544 5.361405 -0.064144 -16.011767 14.877584 30.084623 29.795193 -4.400210 10.513659 -28.054430 0.000000 0.000000 0.000000 -30.057773 -29.289266 -7.659776 -31.118014 -13.550184 4.359655 -66.097206 -69.383920 42.105176 0.000000 0.000000 0.000000 10.807673 31.347940 22.930475 27.684047 36.079724 4.684388 -22.918076 74.150810 -9.849746 0.000000 0.000000 0.000000 
0.159608 0.716322 0.348765 -8.498734 56.780056 -1.708856 40.201245 -7.382455 -60.266594 -43.880718 15.249528 64.826710 34.817990 39.805405 49.556758 0.000000 0.000000 0.000000 -22.113560 -18.806210 -36.511368 -10.951555 -10.320059 78.045192 -3.125687 -10.819743 22.245999 0.000000 0.000000 0.000000 -28.279363 -3.922626 45.968886 5.317101 -0.066093 -15.495691 14.492469 29.789450 29.348051 -4.784146 10.589335 -27.457001 0.000000 0.000000 0.000000 -30.264274 -29.385559 -7.907749 -31.106274 -13.231092 4.404526 -70.818551 -67.610326 44.400465 0.000000 0.000000 0.000000 10.497170 31.032447 22.609663 28.416816 35.088182 4.595902 -21.942195 74.651828 -9.004891 0.000000 0.000000 0.000000 
0.158715 0.717246 0.352230 -8.833514 57.824852 -2.289936 40.684795 -7.531163 -59.378678 -44.501856 14.657732 63.518567 34.992728 40.653201 47.907389 0.000000 0.000000 0.000000 -21.690259 -18.352759 -35.677920 -11.779390 -10.284892 77.337419 -3.467892 -11.446526 24.649998 0.000000 0.000000 0.000000 -28.931309 -3.944430 45.129819 5.324057 -0.046559 -15.472148 14.894536 29.789596 29.903631 -4.918894 10.677502 -26.851543 0.000000 0.000000 0.000000 -29.772672 -28.997811 -8.518100 -31.637300 -13.653808 4.613027 -74.676830 -66.534933 46.036448 0.000000 0.000000 0.000000 9.570229 31.008684 22.062228 28.585854 34.638356 4.704888 -22.840596 75.043832 -9.565093 0.000000 0.000000 0.000000 
0.157217 0.719461 0.355405 -9.424157 58.852440 -3.388289 40.314714 -7.821428 -58.409855 -44.066536 13.479100 63.304246 34.687927 41.202353 46.135642 0.000000 0.000000 0.000000 -21.430864 -17.853671 -34.553019 -12.513839 -10.460906 76.962354 -3.233253 -11.296747 26.752022 0.000000 0.000000 0.000000 -29.176047 -4.116584 44.664199 5.551726 -0.122880 -15.356840 14.811239 30.395426 30.236524 -3.821157 10.364803 -26.592162 0.000000 0.000000 0.000000 -29.267391 -29.157924 -8.875542 -31.468189 -13.333039 4.620551 -77.159451 -65.600618 46.813335 0.000000 0.000000 0.000000 9.301216 30.748911 21.956369 28.641398 34.791796 4.868418 -25.081689 75.091960 -11.185410 0.000000 0.000000 0.000000 
0.154987 0.723343 0.357665 -10.113752 60.198717 -4.049645 40.256991 -8.168019 -57.798396 -43.651729 12.201140 62.299077 34.350589 41.997212 43.916902 0.000000 0.000000 0.000000 -21.113539 -17.376377 -33.420855 -12.893555 -11.015968 75.977649 -2.974160 -10.916265 28.285083 0.000000 0.000000 0.000000 -29.028912 -4.330193 43.735635 5.392182 -0.041788 -15.299688 14.967547 29.559624 30.494063 -3.835157 10.427380 -27.389228 0.000000 0.000000 0.000000 -27.976704 -28.361429 -9.128205 -32.296382 -14.205116 4.779242 -75.725981 -65.598398 44.805537 0.000000 0.000000 0.000000 7.605253 30.380333 20.631776 30.156738 35.174619 5.712933 -22.863848 74.712499 -9.023304 0.000000 0.000000 0.000000 
0.151858 0.728542 0.358768 -10.961884 61.550131 -4.950996 39.897095 -8.547052 -56.967106 -42.861877 10.589467 61.260421 33.748997 42.904061 41.203593 0.000000 0.000000 0.000000 -20.766612 -16.917144 -32.321913 -13.083441 -11.639481 74.715824 -2.821825 -10.757836 30.781003 0.000000 0.000000 0.000000 -29.099869 -4.577613 43.309311 5.434427 -0.060199 -14.909513 14.937742 29.723786 30.024056 -3.440040 10.303633 -27.111459 0.000000 0.000000 0.000000 -27.583664 -28.402706 -9.430168 -32.374824 -14.446788 4.942017 -71.435024 -65.579269 41.247256 0.000000 0.000000 0.000000 7.857329 30.108416 20.882037 29.766017 35.643430 5.749143 -24.203461 73.633518 -9.997874 0.000000 0.000000 0.000000 
0.147616 0.735029 0.358835 -11.738971 62.541776 -5.464767 40.111895 -8.713442 -56.220123 -42.341808 9.363814 59.388758 32.928140 43.523480 38.737063 0.000000 0.000000 0.000000 -20.022818 -16.129431 -31.495790 -13.091576 -12.130471 72.968010 -2.633419 -10.261384 31.863450 0.000000 0.000000 0.000000 -29.135592 -4.667676 42.524853 6.266908 -0.303827 -15.107263 14.744026 30.042600 30.308920 -3.322102 10.391902 -27.342826 0.000000 0.000000 0.000000 -27.441340 -28.547385 -9.965982 -32.475570 -14.611544 5.126320 -66.619466 -64.843144 37.028004 0.000000 0.000000 0.000000 7.905481 30.061119 21.170489 29.149286 36.065333 5.772398 -24.413611 72.343163 -10.169505 0.000000 0.000000 0.000000 
0.141548 0.741804 0.358513 -12.352111 63.552135 -6.354226 40.093752 -8.864084 -55.103390 -41.855943 8.088059 57.493184 31.696118 43.762558 36.228331 0.000000 0.000000 0.000000 -19.601929 -15.603810 -30.621753 -13.280160 -12.556932 72.055076 -1.901264 -9.268761 32.603359 0.000000 0.000000 0.000000 -29.622991 -4.842644 42.489940 6.059342 -0.268472 -14.587089 14.948021 30.219243 29.765028 -3.256002 10.365625 -27.502439 0.000000 0.000000 0.000000 -27.074216 -28.168411 -10.339433 -33.174321 -15.260685 5.445088 -59.432326 -63.516213 30.712197 0.000000 0.000000 0.000000 7.046847 30.012491 20.626007 30.458552 36.619670 6.511539 -23.984037 71.365972 -9.564561 0.000000 0.000000 0.000000 
0.132742 0.749648 0.358225 -12.750793 64.500016 -7.211613 39.792804 -9.041382 -53.740963 -40.935034 6.567506 55.458014 30.127081 43.649644 33.679489 0.000000 0.000000 0.000000 -18.670311 -14.831679 -29.964472 -13.510644 -12.838285 70.646261 -2.748767 -10.081792 34.220392 0.000000 0.000000 0.000000 -30.557971 -5.063401 43.068732 6.489202 -0.336032 -15.376981 15.263283 30.926376 30.675560 -3.255206 10.648274 -29.883810 0.000000 0.000000 0.000000 -25.959353 -28.096756 -10.268456 -34.081592 -15.781852 5.543868 -54.432131 -62.046491 25.916735 0.000000 0.000000 0.000000 7.097367 29.342606 20.425646 30.960779 37.428699 6.968122 -20.735932 70.715056 -7.239584 0.000000 0.000000 0.000000 
0.120800 0.756001 0.358125 -14.124061 65.522791 -8.657674 40.430139 -9.166171 -52.990220 -39.952620 5.411956 53.140973 28.337874 43.180414 31.267195 0.000000 0.000000 0.000000 -17.931331 -14.171716 -29.269424 -12.536093 -14.078513 69.113498 -4.104205 -11.250773 34.858655 0.000000 0.000000 0.000000 -31.392352 -5.278308 43.190237 6.714818 -0.496811 -14.716237 15.509272 31.577780 30.168873 -2.831093 10.460208 -31.601684 0.000000 0.000000 0.000000 -24.676004 -27.487774 -10.285895 -35.525774 -16.083269 5.618975 -50.501814 -59.735202 21.532943 0.000000 0.000000 0.000000 5.076885 29.122948 19.061751 33.723968 37.889901 8.518930 -19.378570 70.816537 -5.790228 0.000000 0.000000 0.000000 
0.105461 0.761959 0.358219 -14.519927 66.091145 -9.188736 40.476152 -9.219012 -51.902631 -38.228442 4.083163 50.695735 26.608534 42.538789 28.880100 0.000000 0.000000 0.000000 -16.936501 -14.195465 -30.333865 -12.418502 -14.334282 68.963001 -5.667820 -13.038987 36.887388 0.000000 0.000000 0.000000 -32.502392 -5.457882 44.095926 6.999993 -0.510028 -15.948993 16.188419 32.380233 31.397125 -3.403494 10.743487 -33.262280 0.000000 0.000000 0.000000 -22.059719 -27.044047 -9.450352 -37.844362 -17.682747 5.680417 -44.793451 -58.565623 16.417105 0.000000 0.000000 0.000000 3.430848 28.669985 17.745154 36.008621 38.669823 10.083920 -18.415980 71.173715 -4.674727 0.000000 0.000000 0.000000 
0.086855 0.766590 0.358751 -15.065022 67.620128 -9.564855 40.678239 -9.596514 -51.876207 -36.378798 2.797811 47.989942 24.572503 41.582369 26.835588 0.000000 0.000000 0.000000 -16.641347 -14.644821 -30.785421 -11.294703 -15.470561 67.924438 -7.755225 -15.018616 39.077785 0.000000 0.000000 0.000000 -32.987016 -5.885702 45.220501 6.793265 -0.391118 -16.173456 16.458086 32.530441 31.366960 -3.650345 10.774539 -34.089704 0.000000 0.000000 0.000000 -21.914985 -27.124409 -9.441595 -38.736749 -17.669232 5.720038 -42.875309 -56.337651 14.499634 0.000000 0.000000 0.000000 2.984455 28.388341 17.326849 36.123364 38.744041 10.312756 -16.201438 72.479485 -2.980219 0.000000 0.000000 0.000000 
0.065614 0.769100 0.360617 -14.006771 68.336064 -8.852834 40.463371 -9.691120 -50.932894 -34.449710 1.717213 45.036222 22.882350 40.410731 25.188929 0.000000 0.000000 0.000000 -15.218230 -15.090803 -33.081084 -12.224766 -14.738441 68.482731 -11.108411 -18.425832 42.368158 0.000000 0.000000 0.000000 -34.031019 -6.221380 47.553186 6.397100 -0.191527 -17.322516 16.762693 33.591671 31.539627 -3.661575 10.712898 -35.386556 0.000000 0.000000 0.000000 -21.240682 -27.842396 -8.637940 -39.155508 -16.730115 5.321599 -42.282919 -56.222819 13.820444 0.000000 0.000000 0.000000 2.768689 27.851667 16.863062 37.561471 39.378838 11.219584 -13.903414 73.223839 -1.165217 0.000000 0.000000 0.000000 
0.043320 0.769241 0.364805 -14.017251 69.897869 -9.430772 39.947721 -10.070725 -50.705251 -31.816024 0.492811 43.166567 20.678608 38.577157 23.793849 0.000000 0.000000 0.000000 -14.497370 -15.544550 -33.987606 -12.445807 -15.122277 68.695486 -14.337863 -21.295147 45.444821 0.000000 0.000000 0.000000 -34.433077 -6.927123 50.399453 6.124886 -0.024350 -17.988341 17.109450 34.152442 32.001239 -3.171397 10.527576 -36.822632 0.000000 0.000000 0.000000 -21.586510 -28.423665 -8.472263 -39.395469 -16.288105 5.323713 -42.957973 -55.490747 13.870382 0.000000 0.000000 0.000000 1.437401 27.006311 15.356421 39.037761 38.722958 11.856451 -1.713196 75.569332 8.919342 0.000000 0.000000 0.000000 
0.020886 0.769585 0.371764 -13.741651 71.287337 -9.516488 39.787122 -10.393396 -50.166993 -29.196895 -0.497022 40.417632 18.582858 36.568745 23.008666 0.000000 0.000000 0.000000 -12.925607 -15.798796 -35.661974 -13.276628 -14.827622 68.799454 -18.938818 -24.898175 50.140838 0.000000 0.000000 0.000000 -34.496445 -7.745571 53.449617 5.053439 0.424182 -19.494027 17.232633 34.406920 31.674719 -3.434507 10.523012 -37.730371 0.000000 0.000000 0.000000 -22.957137 -29.903423 -8.066444 -38.757939 -13.667234 4.841257 -45.034807 -54.509154 15.078588 0.000000 0.000000 0.000000 2.294835 26.620136 15.557501 40.392125 39.669485 12.597629 12.924664 75.166294 19.932600 0.000000 0.000000 0.000000 
-0.000152 0.768711 0.379699 -13.984454 71.929269 -10.307736 40.997620 -10.485162 -49.778568 -28.408215 -0.635223 38.027010 17.233126 34.872996 24.281942 0.000000 0.000000 0.000000 -11.334438 -15.945183 -37.464225 -14.819912 -14.168369 70.597911 -18.921984 -25.100887 50.446021 0.000000 0.000000 0.000000 -34.977116 -8.221854 55.965214 5.411189 0.373076 -20.402130 17.357721 36.012884 31.789286 -2.643334 10.395049 -37.772803 0.000000 0.000000 0.000000 -23.370732 -30.162469 -8.246159 -38.549701 -11.678440 4.430220 -49.432108 -54.001516 16.990013 0.000000 0.000000 0.000000 4.467085 26.411314 16.971470 39.970850 39.920307 12.002303 23.172603 72.485397 26.085346 0.000000 0.000000 0.000000 
-0.018236 0.769736 0.386670 -14.684786 72.523001 -9.858511 45.105604 -10.576032 -51.017090 -30.452888 0.222178 33.893299 17.146156 34.340361 28.283793 0.000000 0.000000 0.000000 -10.130767 -17.123611 -40.620671 -15.431137 -13.607629 73.027325 -13.925208 -21.562665 47.880310 0.000000 0.000000 0.000000 -33.642496 -8.590798 55.864902 5.800481 0.281634 -19.661102 16.586227 35.238947 30.515150 -3.193529 10.544062 -36.906248 0.000000 0.000000 0.000000 -26.242577 -30.501537 -9.498386 -37.024645 -7.683193 3.900287 -52.623268 -53.070833 19.452557 0.000000 0.000000 0.000000 4.847089 28.037062 18.180783 39.170639 39.514922 11.324200 24.344112 69.858396 25.033797 0.000000 0.000000 0.000000 
-0.033024 0.770428 0.391748 -11.238476 71.243476 -5.522493 47.068904 -10.159884 -49.989175 -31.273907 0.556039 29.572328 17.703521 34.339649 30.844350 0.000000 0.000000 0.000000 -8.155316 -17.492534 -44.403402 -17.524998 -10.389988 74.948560 -7.619376 -16.158344 43.003728 0.000000 0.000000 0.000000 -32.298068 -8.054843 54.299761 5.019863 0.563965 -19.286315 14.984847 34.109578 29.881505 -2.709989 10.415693 -38.278594 0.000000 0.000000 0.000000 -27.556593 -30.575838 -9.662495 -35.037058 -5.141964 3.306572 -56.978183 -53.840388 22.943154 0.000000 0.000000 0.000000 8.100692 28.281356 20.567688 36.445270 40.208728 9.656013 24.849414 68.992079 24.212517 0.000000 0.000000 0.000000 
-0.044688 0.769277 0.394337 -9.647030 71.492207 -5.362982 42.588458 -10.062721 -47.684833 -25.395955 -0.668761 29.896042 15.132757 32.140216 27.183619 0.000000 0.000000 0.000000 -8.672984 -17.885256 -44.191548 -19.993183 -8.820123 77.662160 -0.010307 -8.525765 38.103488 0.000000 0.000000 0.000000 -32.546867 -8.421331 56.077056 3.872819 0.863331 -19.516058 16.058875 32.978679 30.539146 -2.031991 10.247493 -38.384136 0.000000 0.000000 0.000000 -28.697388 -30.291971 -9.442097 -34.942025 -4.207555 3.076945 -56.271398 -54.195207 23.181222 0.000000 0.000000 0.000000 8.113015 28.378312 19.997622 36.584508 40.600422 9.766292 32.607851 65.971414 28.127647 0.000000 0.000000 0.000000 
-0.053937 0.762542 0.395160 -10.549073 70.541152 -7.515889 40.899696 -9.712222 -46.382280 -22.053499 -1.222419 31.451119 14.083393 30.988937 24.990169 0.000000 0.000000 0.000000 -8.568136 -18.362538 -45.365332 -21.133454 -7.372199 80.654804 4.057436 -5.251311 38.931165 0.000000 0.000000 0.000000 -33.708869 -8.222618 57.669916 3.574577 0.931230 -20.351151 17.819955 33.015156 32.126857 -2.728801 10.582201 -38.909933 0.000000 0.000000 0.000000 -28.725654 -29.705116 -9.071537 -34.199077 -5.104714 3.075791 -55.139262 -55.198505 23.492148 0.000000 0.000000 0.000000 6.054631 30.365273 19.027133 37.822193 42.019657 11.336564 28.646391 64.055294 24.036847 0.000000 0.000000 0.000000 
-0.061597 0.753014 0.394899 -11.767534 69.282975 -9.134150 40.993249 -9.383153 -46.085025 -20.425934 -1.416803 32.741998 14.033908 30.990530 23.533783 0.000000 0.000000 0.000000 -7.792470 -18.542446 -47.248420 -21.701206 -5.810710 82.995692 6.777400 -3.053742 39.332326 0.000000 0.000000 0.000000 -33.892775 -7.892054 58.162310 3.520865 0.929927 -19.702058 17.237870 33.723541 31.875818 -2.114885 10.257453 -39.572883 0.000000 0.000000 0.000000 -27.433981 -29.334101 -8.082950 -32.097903 -6.062212 2.894616 -55.890054 -57.535129 25.340983 0.000000 0.000000 0.000000 6.868835 31.644877 20.063888 35.895489 43.404787 11.008203 22.714674 64.607427 19.795477 0.000000 0.000000 0.000000 
-0.068482 0.743388 0.394318 -11.625420 67.905295 -9.287793 42.019765 -9.010329 -45.374647 -20.721557 -1.109632 32.491685 14.797724 31.688649 22.507369 0.000000 0.000000 0.000000 -6.925029 -18.814040 -49.542731 -22.023034 -3.967158 84.929008 8.182122 -2.139327 39.924015 0.000000 0.000000 0.000000 -34.944092 -7.186634 57.958672 3.611459 0.763217 -18.273929 17.264033 34.446787 31.005014 -1.669425 10.074465 -39.166258 0.000000 0.000000 0.000000 -26.398405 -29.213325 -7.362926 -30.118559 -6.525985 2.777883 -53.834403 -60.700929 25.969535 0.000000 0.000000 0.000000 8.403074 32.454450 21.523815 33.620775 44.578116 10.233147 19.674824 63.510737 16.880475 0.000000 0.000000 0.000000 
-0.074203 0.733588 0.393520 -13.123640 66.964013 -11.146391 43.907654 -8.867751 -45.070229 -21.696873 -0.718662 32.504610 15.571257 32.468993 21.616221 0.000000 0.000000 0.000000 -6.467332 -18.899316 -50.636528 -21.650135 -3.704009 86.984338 8.312361 -1.940291 38.817448 0.000000 0.000000 0.000000 -36.090062 -6.767347 58.135563 4.767495 0.325455 -18.075341 18.091986 35.027880 32.546177 -2.181142 10.158840 -41.240409 0.000000 0.000000 0.000000 -25.159470 -28.393643 -7.423935 -29.362894 -7.703631 2.908164 -52.824946 -64.180641 26.769173 0.000000 0.000000 0.000000 7.101159 33.837622 21.173558 32.823800 46.312252 11.030155 16.925742 64.448565 15.291685 0.000000 0.000000 0.000000 
-0.078374 0.726241 0.393437 -13.713085 66.636910 -11.845553 45.741340 -8.805773 -45.710364 -23.529762 -0.167707 32.809788 16.265637 33.266298 22.004250 0.000000 0.000000 0.000000 -6.682301 -19.363271 -51.245294 -21.098043 -3.670591 87.938623 9.429995 -1.229935 39.714685 0.000000 0.000000 0.000000 -36.983409 -6.457843 58.227647 4.737181 0.257178 -17.471427 18.512180 35.664029 32.274305 -1.773555 10.066878 -40.431737 0.000000 0.000000 0.000000 -24.302893 -28.625475 -6.851694 -27.711621 -8.850781 3.013612 -51.844240 -66.984789 27.540929 0.000000 0.000000 0.000000 5.916364 34.703468 20.746372 33.529497 47.591637 12.189117 15.027710 65.409388 14.345161 0.000000 0.000000 0.000000 
-0.081042 0.719781 0.394771 -14.718608 66.692676 -12.968770 47.612860 -8.854717 -46.541815 -25.367700 0.361198 33.219894 16.782387 33.839735 22.533226 0.000000 0.000000 0.000000 -6.177674 -19.429868 -51.900792 -21.045004 -3.625541 89.010085 8.137002 -2.819904 39.515451 0.000000 0.000000 0.000000 -38.798001 -6.142520 59.395396 5.342678 0.044202 -17.713790 19.629394 37.038646 32.667350 -1.645504 10.093307 -40.874381 0.000000 0.000000 0.000000 -24.073607 -28.417741 -6.948975 -26.377219 -9.857296 3.158021 -53.356334 -69.589771 30.137356 0.000000 0.000000 0.000000 5.957763 35.453745 21.093833 31.233478 48.228539 11.552135 16.009787 67.748673 15.652325 0.000000 0.000000 0.000000 
-0.082539 0.714248 0.397208 -16.352605 67.361584 -14.268738 49.517162 -9.080011 -47.029562 -26.576678 0.675065 32.010861 17.142529 34.408212 22.019818 0.000000 0.000000 0.000000 -6.281232 -20.206277 -52.404864 -21.368498 -3.216372 90.000300 11.301279 -0.288206 41.709207 0.000000 0.000000 0.000000 -39.296160 -6.301060 59.671520 5.486103 0.011800 -18.214138 20.469671 37.280410 33.571939 -1.697481 10.116429 -41.361860 0.000000 0.000000 0.000000 -24.336669 -28.874142 -7.155152 -25.573828 -10.396356 3.327626 -53.211483 -71.353606 31.251905 0.000000 0.000000 0.000000 4.510859 35.362936 20.045565 31.533818 49.352668 12.587024 12.877651 70.213969 14.524633 0.000000 0.000000 0.000000 
-0.083160 0.708464 0.400522 -17.613648 67.705509 -15.103813 51.231997 -9.195846 -47.806486 -27.585931 1.006067 31.718847 17.494067 34.996281 21.822150 0.000000 0.000000 0.000000 -5.798317 -20.427050 -53.088273 -21.683502 -2.764419 90.439871 12.586689 0.145274 43.881402 0.000000 0.000000 0.000000 -39.991781 -6.258992 59.863646 5.215362 0.103844 -18.338696 21.292962 37.860586 33.240737 -1.870608 10.229433 -41.358201 0.000000 0.000000 0.000000 -24.584366 -29.480794 -6.998340 -24.379642 -10.175388 3.230368 -55.688594 -73.253799 34.808177 0.000000 0.000000 0.000000 5.071253 35.330614 20.508600 29.260877 49.188537 11.420541 14.415527 73.535728 16.842698 0.000000 0.000000 0.000000 
-0.083255 0.702013 0.403931 -18.933244 68.367162 -16.219101 52.727614 -9.399305 -48.419285 -28.572687 1.231934 31.179703 17.788068 35.570116 21.040430 0.000000 0.000000 0.000000 -5.536983 -21.013975 -53.761799 -22.316002 -1.983067 90.960085 14.458534 0.350624 47.914922 0.000000 0.000000 0.000000 -40.640996 -6.379277 60.411663 4.715719 0.296638 -18.992917 22.339979 37.806121 33.770319 -2.350440 10.520077 -41.240447 0.000000 0.000000 0.000000 -24.898073 -29.781925 -6.889798 -24.206119 -10.349148 3.259378 -56.016994 -73.661256 35.526722 0.000000 0.000000 0.000000 5.196859 34.788347 20.211511 27.926766 48.926322 10.714030 16.903395 77.260030 20.528913 0.000000 0.000000 0.000000 
-0.083224 0.695993 0.406789 -19.981316 68.956179 -17.197332 54.212871 -9.574700 -48.917589 -29.875776 1.497813 30.535955 18.174048 36.202652 20.479298 0.000000 0.000000 0.000000 -5.041309 -21.259382 -54.355581 -23.178372 -1.083457 91.501846 15.123976 -0.048451 50.143354 0.000000 0.000000 0.000000 -41.567930 -6.389932 60.600191 4.941211 0.194115 -18.978694 22.724979 38.393532 33.882098 -2.905503 10.622991 -41.843169 0.000000 0.000000 0.000000 -25.275285 -30.363209 -6.943445 -24.004298 -9.889450 3.254364 -55.734277 -73.257447 35.285667 0.000000 0.000000 0.000000 4.513015 34.503857 19.661313 27.058739 48.227769 10.302548 17.810633 81.503515 23.642948 0.000000 0.000000 0.000000 
-0.083150 0.691630 0.408820 -20.929918 69.639041 -18.016872 54.552713 -9.728980 -49.518670 -29.779560 1.446312 30.590996 18.032154 36.390396 19.394080 0.000000 0.000000 0.000000 -4.938422 -21.621012 -54.544579 -23.864622 -0.479499 91.794289 16.653352 0.628443 51.979788 0.000000 0.000000 0.000000 -41.617303 -6.652957 61.333625 4.580671 0.358040 -19.978204 23.052648 37.667776 34.171842 -3.336914 10.797285 -41.787118 0.000000 0.000000 0.000000 -25.094324 -30.584568 -6.382281 -25.006219 -9.989959 3.262808 -49.971185 -72.832171 30.192350 0.000000 0.000000 0.000000 3.963045 33.997877 18.801726 27.475877 47.263422 10.189752 27.886807 83.492663 34.219203 0.000000 0.000000 0.000000 
-0.083114 0.689671 0.409942 -20.412915 69.482811 -17.209028 55.485310 -9.733877 -49.049916 -30.686783 1.584812 29.049192 18.656758 37.115694 19.237995 0.000000 0.000000 0.000000 -4.352101 -21.384281 -55.188794 -24.558320 0.606656 91.519037 18.397946 1.776493 53.151573 0.000000 0.000000 0.000000 -42.137863 -6.416076 61.113189 4.570464 0.340709 -20.164733 22.771545 37.767607 33.891900 -3.130024 10.576603 -42.348770 0.000000 0.000000 0.000000 -24.554310 -30.608989 -5.965405 -26.020661 -9.944315 3.186345 -48.542043 -71.886930 28.216715 0.000000 0.000000 0.000000 4.770303 33.334105 19.067587 26.398657 46.769896 9.368486 31.832976 85.130181 39.132993 0.000000 0.000000 0.000000 
-0.083079 0.691470 0.410363 -19.612156 69.426660 -16.313921 55.275561 -9.762995 -48.666353 -30.632143 1.482072 28.391658 18.767997 37.137446 19.526837 0.000000 0.000000 0.000000 -4.371364 -20.953545 -54.634138 -24.649180 0.273194 90.419989 18.165895 1.576009 53.500531 0.000000 0.000000 0.000000 -41.967436 -6.395497 60.820158 4.349341 0.429855 -20.500565 22.069671 36.942168 33.630677 -3.047925 10.489559 -42.429532 0.000000 0.000000 0.000000 -24.190026 -30.335848 -5.670095 -27.569017 -9.840979 3.129768 -46.725036 -70.506755 25.759590 0.000000 0.000000 0.000000 4.675819 32.840817 18.646392 26.742529 46.071714 9.200125 40.468796 85.899288 48.236931 0.000000 0.000000 0.000000 
-0.083034 0.694219 0.410395 -18.687925 69.189942 -15.393817 55.190408 -9.781995 -47.707064 -30.831267 1.354390 26.995938 19.046316 37.200891 19.874416 0.000000 0.000000 0.000000 -4.496725 -20.681437 -54.319067 -24.330849 -0.162148 89.106254 17.328034 0.125075 56.435467 0.000000 0.000000 0.000000 -41.653151 -6.332008 60.299801 4.090007 0.508181 -20.453360 21.438612 36.504182 33.049529 -3.262676 10.441048 -42.627028 0.000000 0.000000 0.000000 -24.244234 -30.438761 -5.384270 -28.899141 -9.426629 3.009470 -47.318906 -68.719807 25.236498 0.000000 0.000000 0.000000 5.319310 31.522242 18.453733 26.566549 45.521406 8.720301 43.871123 85.617965 51.581389 0.000000 0.000000 0.000000 
-0.083295 0.698274 0.410075 -18.398201 69.228444 -14.934265 55.027915 -9.869659 -47.233436 -30.638472 1.171563 25.900462 19.072925 37.002701 20.571286 0.000000 0.000000 0.000000 -4.458287 -20.256338 -53.724162 -23.779786 -1.240263 87.551848 14.460572 -2.334608 57.928243 0.000000 0.000000 0.000000 -40.745441 -6.548854 59.776528 4.017436 0.566394 -20.895787 20.478497 35.478890 32.908344 -3.044868 10.240613 -43.051597 0.000000 0.000000 0.000000 -23.975813 -29.620890 -5.587134 -30.624252 -9.405403 2.929949 -48.858265 -66.646556 24.979660 0.000000 0.000000 0.000000 5.299241 30.561668 17.945212 26.367297 45.217333 8.492465 46.247507 85.813509 54.380474 0.000000 0.000000 0.000000 
-0.083964 0.701562 0.409672 -17.882170 69.112815 -14.625113 54.368132 -9.866305 -46.510729 -30.124253 0.974463 25.378174 18.861879 36.561340 20.780104 0.000000 0.000000 0.000000 -4.855561 -19.862983 -52.792296 -23.117929 -2.320630 86.222230 12.298960 -4.250474 59.918605 0.000000 0.000000 0.000000 -40.228175 -6.627062 59.597400 3.846983 0.620044 -21.261309 20.057464 34.963146 33.024719 -3.462923 10.207265 -43.412617 0.000000 0.000000 0.000000 -24.139761 -29.554976 -5.541743 -31.565481 -9.204253 2.856004 -47.698198 -64.549184 23.228263 0.000000 0.000000 0.000000 4.491101 29.090578 16.628786 27.337339 45.149016 9.000566 49.144056 85.327104 57.397743 0.000000 0.000000 0.000000 
-0.085257 0.705508 0.409120 -17.407189 68.919244 -14.124198 53.794172 -9.834575 -45.954571 -29.429159 0.812790 24.826679 18.632324 36.083234 21.338760 0.000000 0.000000 0.000000 -4.865604 -19.364905 -52.212950 -22.412239 -3.248079 84.715369 9.623874 -6.330892 61.630858 0.000000 0.000000 0.000000 -39.201891 -6.805532 59.315255 3.740078 0.660718 -21.517593 18.990512 34.190378 32.627121 -3.243640 9.958850 -43.778863 0.000000 0.000000 0.000000 -23.830168 -29.132040 -5.459569 -32.226829 -9.440717 2.797765 -46.616485 -62.822500 21.671252 0.000000 0.000000 0.000000 3.741715 28.563196 15.856976 27.685214 44.570838 9.073226 51.557773 84.875124 59.678183 0.000000 0.000000 0.000000 
-0.087072 0.708530 0.408340 -16.702548 68.187984 -13.683182 53.377819 -9.648245 -45.035736 -29.092403 0.798638 24.574856 18.528388 35.667648 21.958393 0.000000 0.000000 0.000000 -5.059273 -18.567443 -51.345939 -21.776785 -3.922790 83.692343 9.405561 -6.261500 61.137760 0.000000 0.000000 0.000000 -38.311089 -6.755791 59.156691 3.697846 0.684214 -21.540509 17.997692 33.832912 32.083139 -3.110742 9.797480 -44.103707 0.000000 0.000000 0.000000 -24.225417 -29.362231 -5.245019 -31.701150 -9.776305 2.878869 -44.749119 -61.269736 20.166017 0.000000 0.000000 0.000000 3.762417 28.114726 15.608984 27.493942 44.472849 8.936930 49.250941 83.515331 56.275653 0.000000 0.000000 0.000000 
-0.089184 0.711757 0.407544 -16.248313 67.396858 -13.456546 52.883805 -9.446082 -44.489402 -28.476159 0.831898 25.053222 18.255414 35.110109 22.772860 0.000000 0.000000 0.000000 -4.970014 -17.678177 -50.600723 -21.338005 -4.419719 82.594926 9.184378 -6.177409 60.636094 0.000000 0.000000 0.000000 -37.863355 -6.627961 58.870918 4.051507 0.573412 -21.570945 17.307165 33.715117 32.088948 -3.060853 9.617199 -44.646970 0.000000 0.000000 0.000000 -23.987756 -29.354343 -5.101943 -31.399943 -11.281357 3.177140 -39.987993 -60.050397 16.922966 0.000000 0.000000 0.000000 2.446065 28.253290 14.786827 28.098879 44.180107 9.375859 42.624420 83.405691 50.183520 0.000000 0.000000 0.000000 
-0.091129 0.713281 0.406695 -15.844161 66.842200 -13.435082 52.242337 -9.272906 -44.017592 -27.832357 0.807482 25.647755 17.929862 34.625636 22.987070 0.000000 0.000000 0.000000 -5.801933 -17.332808 -49.333960 -20.065283 -5.771953 81.808055 8.923732 -6.095668 59.938374 0.000000 0.000000 0.000000 -36.799903 -6.709602 58.504272 3.889417 0.610420 -21.051018 16.229620 33.134485 31.471234 -2.545299 9.390472 -44.629104 0.000000 0.000000 0.000000 -24.485891 -29.600645 -4.975942 -30.595882 -12.365385 3.450739 -35.584515 -58.467816 14.289753 0.000000 0.000000 0.000000 1.390977 27.807818 13.850994 29.227850 44.072181 9.997280 42.429489 83.010896 49.992924 0.000000 0.000000 0.000000 
-0.092570 0.714304 0.405797 -15.052493 66.055702 -13.227337 51.247815 -9.013325 -43.438016 -27.031195 0.783756 26.814759 17.584972 34.112352 22.967338 0.000000 0.000000 0.000000 -6.404451 -16.770578 -48.156042 -19.266154 -6.556018 81.023121 8.698153 -5.968508 59.158031 0.000000 0.000000 0.000000 -36.141055 -6.620667 58.244728 3.912019 0.594936 -20.658561 15.148884 32.705003 30.906880 -2.287192 9.199489 -44.715322 0.000000 0.000000 0.000000 -24.802792 -30.080812 -4.551990 -29.508122 -13.250496 3.593923 -32.373525 -57.917760 12.688869 0.000000 0.000000 0.000000 0.660368 28.029725 13.406367 30.677894 44.153244 10.714705 38.084949 82.432168 45.597228 0.000000 0.000000 0.000000 
-0.093460 0.714207 0.404902 -14.461031 65.491572 -13.096095 50.397564 -8.784577 -43.407350 -26.395585 0.766927 28.393612 17.276157 33.757063 22.968243 0.000000 0.000000 0.000000 -7.540271 -16.672986 -46.818125 -17.807990 -7.945384 80.378665 8.435324 -5.841578 58.181893 0.000000 0.000000 0.000000 -35.075909 -6.732904 58.237256 3.615887 0.690153 -20.341673 14.348378 31.783576 30.444324 -1.747939 8.986298 -44.592209 0.000000 0.000000 0.000000 -25.945965 -30.722640 -4.203159 -28.188229 -13.922317 3.732185 -29.056407 -56.964630 11.266105 0.000000 0.000000 0.000000 -0.074714 28.329676 12.935148 31.114484 44.311723 11.048525 38.089625 82.021508 45.232128 0.000000 0.000000 0.000000 
-0.094136 0.713864 0.403866 -13.586984 64.445557 -12.606541 50.114036 -8.500733 -42.867400 -26.466213 0.901951 29.218312 17.457512 33.805057 23.233309 0.000000 0.000000 0.000000 -8.023041 -16.365009 -46.338010 -16.888174 -8.377414 79.972177 8.340508 -5.733671 57.579267 0.000000 0.000000 0.000000 -34.595423 -6.492488 57.853553 3.785507 0.598384 -19.628127 13.557266 31.683962 29.832496 -1.634427 8.821579 -44.649315 0.000000 0.000000 0.000000 -25.980124 -31.256608 -3.693058 -27.592672 -14.896419 3.865192 -26.709725 -56.871321 10.107182 0.000000 0.000000 0.000000 -1.101571 28.472185 12.348963 32.338048 44.747254 11.954479 35.981379 81.786645 43.222970 0.000000 0.000000 0.000000 
-0.094733 0.713596 0.402471 -13.494219 63.845879 -12.607300 50.326187 -8.349561 -42.886965 -26.797112 1.068039 29.824470 17.627334 33.943676 23.721845 0.000000 0.000000 0.000000 -8.284747 -16.241685 -46.142565 -16.131124 -8.818411 79.718247 8.284314 -5.690631 57.280267 0.000000 0.000000 0.000000 -33.452490 -6.626443 57.834557 3.548527 0.687038 -19.494801 12.758776 30.320094 29.403984 -1.213541 8.690838 -44.220671 0.000000 0.000000 0.000000 -26.338813 -31.313424 -3.167619 -26.805784 -15.430085 3.827658 -25.242585 -57.134868 9.618186 0.000000 0.000000 0.000000 -1.316963 29.634193 12.548493 32.209634 44.874466 11.840385 34.322626 81.050112 40.824365 0.000000 0.000000 0.000000 
-0.094725 0.713340 0.400433 -13.221445 62.866981 -12.306878 50.875386 -8.150747 -42.236626 -27.499303 1.329314 29.422101 18.219817 34.422051 23.981632 0.000000 0.000000 0.000000 -8.522549 -15.964954 -46.003314 -15.060151 -9.278591 79.174543 8.133853 -5.619520 56.677991 0.000000 0.000000 0.000000 -33.562500 -6.294982 57.870070 3.917805 0.516657 -19.054668 12.422732 30.750790 29.093441 -0.872388 8.481543 -44.578666 0.000000 0.000000 0.000000 -25.640750 -32.079152 -2.356410 -26.582309 -15.902814 3.819999 -23.837773 -58.023352 8.820042 0.000000 0.000000 0.000000 -1.735002 29.723806 12.353054 32.471434 45.155932 12.178577 32.439025 80.880837 39.016903 0.000000 0.000000 0.000000 
-0.093242 0.714897 0.397125 -12.690067 61.751539 -11.312244 51.681608 -7.916756 -42.001577 -28.803836 1.747458 28.960597 19.158449 35.196540 25.124357 0.000000 0.000000 0.000000 -8.740385 -15.872579 -46.281038 -13.750703 -9.631002 78.239254 8.037697 -5.532579 56.249937 0.000000 0.000000 0.000000 -32.939286 -6.038894 57.419773 3.594876 0.613734 -19.025908 11.897124 29.061459 28.617134 -0.813392 8.473593 -43.690628 0.000000 0.000000 0.000000 -25.469847 -31.449290 -1.804976 -26.561396 -16.804905 3.739466 -22.891670 -57.761534 8.424820 0.000000 0.000000 0.000000 -0.672091 30.347780 13.090184 31.871331 46.314379 11.965395 30.796431 79.515982 36.108141 0.000000 0.000000 0.000000 
-0.089273 0.717759 0.392055 -12.220876 60.187117 -10.506887 51.773348 -7.541622 -41.312886 -29.407656 2.064676 29.045627 20.045752 35.934377 25.557760 0.000000 0.000000 0.000000 -9.103287 -15.668124 -46.468557 -12.269466 -9.918853 77.200305 8.169160 -5.458802 56.416922 0.000000 0.000000 0.000000 -33.077180 -5.469408 57.336447 3.719496 0.543920 -18.864614 11.832597 29.052204 28.092885 -0.903778 8.511902 -43.419494 0.000000 0.000000 0.000000 -24.685076 -31.783382 -0.832432 -26.933408 -17.106573 3.599324 -23.799427 -58.716446 8.956426 0.000000 0.000000 0.000000 1.515367 30.719864 14.566824 30.812653 46.736177 11.105722 28.328824 77.616644 32.262394 0.000000 0.000000 0.000000 
-0.082404 0.721072 0.384855 -12.062087 59.058805 -9.665962 52.097898 -7.284380 -40.978678 -30.568642 2.398545 28.559030 21.302445 37.151121 25.769770 0.000000 0.000000 0.000000 -10.105379 -15.736230 -45.992086 -10.117279 -10.958381 75.333372 8.030857 -5.309319 55.824213 0.000000 0.000000 0.000000 -32.702398 -5.148700 56.889810 4.201654 0.366536 -18.529574 10.999273 28.013204 27.355024 -0.823587 8.505858 -42.007025 0.000000 0.000000 0.000000 -25.588288 -31.607695 -0.525240 -26.313485 -16.898128 3.397789 -24.136269 -58.433905 9.659779 0.000000 0.000000 0.000000 4.299102 30.966755 16.327308 29.870669 47.297549 10.168696 26.340194 75.664063 28.983427 0.000000 0.000000 0.000000 
-0.072836 0.724810 0.375489 -11.397810 57.182716 -8.431401 51.815218 -6.766529 -40.669132 -31.682073 2.917348 29.299162 22.791180 38.526900 26.115583 0.000000 0.000000 0.000000 -10.386876 -15.532999 -46.502548 -9.182888 -10.398659 73.910546 8.322431 -5.147820 56.180596 0.000000 0.000000 0.000000 -32.548896 -4.497765 56.222074 4.205356 0.335196 -18.096179 10.686390 27.438677 26.679419 -1.454544 8.704955 -41.737276 0.000000 0.000000 0.000000 -25.087494 -31.688644 0.338799 -26.768105 -17.088809 3.214331 -24.457981 -59.451831 10.093527 0.000000 0.000000 0.000000 7.221785 30.923988 18.060630 28.606955 47.268683 8.869968 22.617012 73.408230 24.437993 0.000000 0.000000 0.000000 
-0.061100 0.727371 0.364301 -10.850680 55.489267 -7.157334 51.801952 -6.298813 -40.363002 -33.468538 3.508583 29.286461 24.754238 40.486723 26.043156 0.000000 0.000000 0.000000 -11.276277 -15.706834 -46.791875 -7.698989 -10.312344 72.282850 8.549051 -4.970313 56.265126 0.000000 0.000000 0.000000 -31.447532 -4.137201 55.115383 4.469631 0.189034 -17.289190 9.301430 26.260157 25.294191 -1.756058 8.705337 -40.242925 0.000000 0.000000 0.000000 -26.460532 -32.188525 0.944039 -26.615073 -16.869965 3.151582 -26.165367 -58.804908 11.492090 0.000000 0.000000 0.000000 10.461032 30.570233 19.890463 28.398733 46.052077 7.543885 18.019674 71.685127 19.990261 0.000000 0.000000 0.000000 
-0.048004 0.730390 0.352031 -10.199801 53.573005 -6.106120 51.477538 -5.711327 -40.386209 -35.440656 4.348052 30.390800 26.670894 42.151010 26.758433 0.000000 0.000000 0.000000 -11.663016 -15.672665 -47.519182 -7.379434 -9.217901 71.178016 9.066515 -4.840340 57.159225 0.000000 0.000000 0.000000 -30.973603 -3.604101 54.336944 5.032583 -0.023945 -17.230984 8.019985 25.297272 24.731343 -2.141197 8.743928 -39.589427 0.000000 0.000000 0.000000 -26.151379 -32.297492 1.671998 -27.363778 -18.130718 3.276019 -26.050463 -58.396320 11.357882 0.000000 0.000000 0.000000 11.973461 30.488577 20.649308 28.666292 45.077850 6.918443 11.344810 70.697762 14.685986 0.000000 0.000000 0.000000 
-0.034211 0.731820 0.340213 -9.631484 52.725785 -4.982446 51.151212 -5.348305 -40.846352 -37.581587 4.996506 30.626369 28.541641 44.095843 26.709828 0.000000 0.000000 0.000000 -12.964095 -16.557178 -47.972017 -4.984520 -10.872144 72.238165 -0.923573 -10.455595 43.619058 0.000000 0.000000 0.000000 -29.856121 -3.559513 53.791057 5.187648 -0.126730 -16.702672 6.714936 23.717416 23.809365 -2.219122 8.523655 -39.218311 0.000000 0.000000 0.000000 -26.281036 -32.524392 2.470203 -27.458536 -19.643711 3.425626 -26.863030 -57.350893 11.815176 0.000000 0.000000 0.000000 13.100865 29.873219 20.861957 30.560748 43.818500 6.841634 4.678160 69.371727 9.736826 0.000000 0.000000 0.000000 
-0.020366 0.733388 0.329700 -9.193508 52.001010 -4.094840 51.010598 -5.094492 -41.037706 -39.863905 5.576417 30.384533 30.394150 45.890754 26.801927 0.000000 0.000000 0.000000 -13.440657 -16.902534 -48.482782 -3.094795 -11.774436 71.210648 -10.691203 -19.575687 43.401906 0.000000 0.000000 0.000000 -29.260590 -3.391281 52.843595 5.845421 -0.394921 -16.354745 5.616937 22.383426 23.077619 -2.830394 8.580784 -39.188178 0.000000 0.000000 0.000000 -25.892647 -32.117262 2.758227 -27.850304 -21.520045 3.658661 -27.868922 -56.457711 12.202993 0.000000 0.000000 0.000000 15.574775 29.093999 21.857656 30.743423 42.306542 5.871476 1.177940 68.350640 7.029061 0.000000 0.000000 0.000000 
-0.006871 0.734649 0.320410 -8.921168 51.843610 -3.452267 50.631128 -4.996798 -41.179692 -41.693474 5.839753 29.874829 31.825418 47.659480 26.001979 0.000000 0.000000 0.000000 -14.852375 -17.511803 -47.764219 -2.320145 -11.889875 69.859375 -10.337489 -19.098523 43.415696 0.000000 0.000000 0.000000 -28.301506 -3.521722 52.331144 5.891347 -0.383530 -16.665885 5.014812 20.741591 23.132791 -2.747154 8.400826 -39.080993 0.000000 0.000000 0.000000 -25.288607 -31.946012 3.293010 -28.002888 -23.356143 3.791687 -27.099979 -54.369959 11.436569 0.000000 0.000000 0.000000 16.875805 28.287937 21.998657 32.473631 41.423857 5.808627 0.651860 66.608655 6.405534 0.000000 0.000000 0.000000 
0.005935 0.736584 0.311850 -8.645127 51.989560 -2.711174 50.379595 -4.989144 -41.710628 -43.597977 6.070163 29.314301 33.180982 49.072109 26.031576 0.000000 0.000000 0.000000 -15.527425 -18.008657 -47.592313 -2.662780 -11.231975 68.946596 -9.661528 -18.358344 43.997534 0.000000 0.000000 0.000000 -27.859374 -3.579817 51.683907 7.021395 -0.756534 -16.663748 4.224004 19.884603 23.048074 -3.572951 8.671854 -38.517892 0.000000 0.000000 0.000000 -25.584236 -31.742582 3.221834 -27.903934 -24.750725 4.027464 -27.206115 -52.846907 11.250691 0.000000 0.000000 0.000000 18.083615 27.863984 22.473688 33.446426 40.425919 5.520717 0.636346 65.099811 6.067504 0.000000 0.000000 0.000000 
0.017842 0.737872 0.303319 -8.276865 51.725555 -1.674459 50.019272 -4.868806 -42.016046 -45.100096 6.236625 28.582447 34.594358 50.721480 25.677171 0.000000 0.000000 0.000000 -16.562301 -18.446172 -47.209202 -1.928628 -11.179644 67.290594 -9.644721 -18.142242 43.803042 0.000000 0.000000 0.000000 -26.853879 -3.616881 50.774024 7.132073 -0.767433 -16.785467 3.745948 18.696490 22.926584 -3.791468 8.627843 -38.315032 0.000000 0.000000 0.000000 -25.149197 -31.367583 3.313832 -28.544667 -26.683520 4.358191 -25.441922 -50.977299 10.012822 0.000000 0.000000 0.000000 18.224267 27.546776 22.311685 35.128132 40.620617 6.040635 2.754539 62.877070 7.029363 0.000000 0.000000 0.000000 
0.028635 0.737901 0.294532 -8.086968 51.677801 -1.133517 49.555308 -4.833739 -42.387349 -46.417989 6.361908 28.253494 35.719774 52.306969 24.854539 0.000000 0.000000 0.000000 -17.332594 -18.730929 -46.667867 -1.819810 -10.854746 65.942789 -9.637619 -17.926998 43.481767 0.000000 0.000000 0.000000 -26.112446 -3.728414 50.355780 7.240919 -0.791495 -16.687938 3.573621 18.138628 22.746788 -3.998756 8.684222 -37.759965 0.000000 0.000000 0.000000 -26.012637 -31.432829 3.287283 -28.223924 -27.309642 4.514414 -23.986356 -49.124529 9.163220 0.000000 0.000000 0.000000 18.465277 27.700335 22.519004 36.006006 41.159618 6.453260 3.570296 61.419537 7.223613 0.000000 0.000000 0.000000 
0.038133 0.736920 0.285625 -7.701052 51.705439 -0.714228 49.136949 -4.825339 -42.679308 -48.059690 6.489754 27.835864 36.823419 53.735615 24.260341 0.000000 0.000000 0.000000 -18.689184 -19.403198 -45.872376 -1.191598 -10.958080 64.810090 -9.472801 -17.660981 43.236679 0.000000 0.000000 0.000000 -25.484766 -3.911705 50.436700 7.225614 -0.725097 -17.141249 3.179165 17.721574 22.891079 -3.883942 8.605769 -37.857050 0.000000 0.000000 0.000000 -26.140655 -31.446507 3.302899 -28.044581 -27.816177 4.593375 -21.626504 -48.184683 7.990018 0.000000 0.000000 0.000000 18.048950 28.200683 22.519542 36.704909 41.983769 7.064865 3.940604 59.963599 7.131718 0.000000 0.000000 0.000000 
0.046293 0.734835 0.276998 -7.373265 51.427560 -0.405575 49.389890 -4.710294 -42.928900 -50.381361 6.847678 27.152178 38.295993 54.910466 24.888605 0.000000 0.000000 0.000000 -19.414875 -19.766873 -45.701575 -1.248188 -10.496584 64.201986 -9.150762 -17.312103 43.064724 0.000000 0.000000 0.000000 -24.737661 -3.977394 50.049075 6.380754 -0.485649 -16.568034 3.194572 17.479065 22.192920 -3.299252 8.297447 -37.688416 0.000000 0.000000 0.000000 -26.605228 -31.808992 3.503625 -27.807699 -27.788432 4.646142 -19.708803 -46.518352 7.015334 0.000000 0.000000 0.000000 17.281297 28.872855 22.421784 37.744576 42.704189 7.888852 4.072220 59.230690 7.076449 0.000000 0.000000 0.000000 
0.053561 0.733061 0.269150 -7.274305 51.287828 -0.694382 49.386330 -4.622770 -43.243230 -52.196935 7.320199 27.340394 39.366114 55.493176 25.686071 0.000000 0.000000 0.000000 -20.161345 -19.933456 -44.995463 -1.371217 -10.187719 63.615189 -8.847093 -16.968859 42.935447 0.000000 0.000000 0.000000 -24.322218 -4.048112 49.939874 6.090394 -0.388409 -16.392260 3.066829 17.412914 22.323463 -3.283579 8.363150 -36.823643 0.000000 0.000000 0.000000 -27.850837 -32.173824 3.592377 -26.643497 -26.955950 4.429619 -17.473398 -45.041060 6.129860 0.000000 0.000000 0.000000 17.419317 29.316271 22.698269 37.499080 43.722486 8.174742 4.942374 57.927850 7.202554 0.000000 0.000000 0.000000 
0.060252 0.731970 0.262140 -7.165234 51.149117 -1.051717 49.466037 -4.569249 -43.099420 -54.033968 7.563218 26.961970 40.298693 55.919499 26.403235 0.000000 0.000000 0.000000 -20.673925 -19.823131 -44.221052 -1.775160 -9.704993 62.947895 -8.640305 -16.680200 42.792995 0.000000 0.000000 0.000000 -24.660228 -3.924345 49.941107 5.907105 -0.346644 -16.244789 3.329572 17.901549 22.586903 -2.929415 8.262751 -36.849871 0.000000 0.000000 0.000000 -27.330108 -32.543286 3.775246 -26.722628 -26.564235 4.352316 -14.351456 -43.948188 4.712930 0.000000 0.000000 0.000000 16.806996 30.161499 22.819757 37.659901 44.379195 8.643383 4.458427 57.625120 6.809320 0.000000 0.000000 0.000000 
0.066852 0.731687 0.255581 -7.507019 50.995439 -1.660312 49.825371 -4.457184 -43.269232 -55.621795 8.030763 26.966708 41.165362 55.864551 27.849362 0.000000 0.000000 0.000000 -20.913264 -19.436748 -43.364625 -2.019179 -9.377589 62.012472 -8.578382 -16.492032 42.821171 0.000000 0.000000 0.000000 -24.312636 -3.945852 49.626842 5.170433 -0.115721 -15.986695 3.549942 17.605625 22.489868 -2.977736 8.239294 -36.677330 0.000000 0.000000 0.000000 -27.578602 -32.790306 4.098223 -26.372784 -26.428392 4.250493 -11.191950 -42.361638 3.497763 0.000000 0.000000 0.000000 16.910763 30.559526 22.980045 37.669013 44.740233 8.783983 6.247924 56.426110 7.438515 0.000000 0.000000 0.000000 
0.073547 0.732220 0.249054 -7.963298 50.786792 -2.422897 49.839803 -4.452108 -42.766596 -56.671420 8.035694 26.592570 41.678618 56.275111 27.722051 0.000000 0.000000 0.000000 -20.924615 -18.832252 -42.388332 -2.446170 -8.939267 60.878921 -8.547708 -16.275014 42.927646 0.000000 0.000000 0.000000 -24.407486 -3.850854 49.262259 5.031980 -0.065791 -16.084054 3.607710 17.925321 22.862802 -2.371603 8.075919 -36.466493 0.000000 0.000000 0.000000 -27.290304 -33.178307 4.254464 -26.128016 -26.130246 4.140594 -8.902967 -41.413672 2.585111 0.000000 0.000000 0.000000 17.193895 30.832094 23.336053 37.467394 44.740422 8.656125 7.221380 56.301643 7.856756 0.000000 0.000000 0.000000 
0.080388 0.733481 0.241982 -8.691630 50.739530 -3.189602 49.537960 -4.388217 -43.106556 -56.962522 8.366485 27.325173 42.009726 56.460354 27.892264 0.000000 0.000000 0.000000 -21.013015 -18.214424 -41.197338 -2.377720 -8.828241 59.250314 -8.756204 -16.229423 43.149589 0.000000 0.000000 0.000000 -24.415431 -3.776489 48.658985 4.700914 0.024984 -15.810947 4.179448 17.882430 22.918507 -2.554770 8.180199 -36.360807 0.000000 0.000000 0.000000 -27.649509 -33.340152 4.249590 -26.123032 -26.286305 4.227081 -7.138069 -40.134559 1.935931 0.000000 0.000000 0.000000 16.925480 30.919344 23.198384 37.293140 44.420762 8.516679 9.097995 55.683302 8.678687 0.000000 0.000000 0.000000 
0.087766 0.734859 0.234210 -9.247049 50.819269 -3.705686 49.394707 -4.403925 -43.243861 -57.732530 8.390826 27.158614 42.546029 56.811216 28.116676 0.000000 0.000000 0.000000 -21.094398 -17.701700 -40.099999 -2.502795 -8.535833 57.540344 -8.905706 -16.114615 43.513350 0.000000 0.000000 0.000000 -24.413354 -3.737038 48.012204 4.759586 0.008537 -15.933620 4.073982 17.792061 23.178745 -2.516048 8.208510 -35.988139 0.000000 0.000000 0.000000 -27.014568 -33.173372 4.102106 -25.997505 -26.761477 4.225767 -6.495717 -39.972524 1.646572 0.000000 0.000000 0.000000 17.019455 30.565015 23.128789 37.302146 44.119690 8.359740 10.844806 55.347466 9.537461 0.000000 0.000000 0.000000 
0.095734 0.735254 0.225672 -10.153525 51.326395 -4.511840 48.892933 -4.451369 -44.278910 -57.949284 8.763145 28.254912 42.808317 57.187409 27.997416 0.000000 0.000000 0.000000 -21.328576 -17.417755 -38.905388 -2.550283 -8.468737 56.125500 -8.861816 -15.874886 44.281159 0.000000 0.000000 0.000000 -24.429079 -3.771921 47.237603 4.425453 0.094745 -15.456831 4.821760 17.562885 23.304466 -2.703120 8.333467 -36.194330 0.000000 0.000000 0.000000 -27.206388 -33.034208 3.855784 -25.646185 -26.939381 4.242793 -6.500259 -39.836633 1.663500 0.000000 0.000000 0.000000 16.440975 30.409632 22.719250 36.697565 44.029328 8.222389 11.199981 55.044934 9.634131 0.000000 0.000000 0.000000 
0.104118 0.735442 0.216690 -10.679080 51.840078 -4.846304 48.437897 -4.549739 -44.836137 -58.652101 8.696280 28.161475 43.196765 57.984590 27.343023 0.000000 0.000000 0.000000 -21.936077 -17.279286 -37.526039 -2.172647 -8.468780 54.176016 -9.147914 -15.854554 44.683949 0.000000 0.000000 0.000000 -24.511264 -3.792305 46.697532 4.401390 0.133576 -15.739804 5.229699 17.500473 23.860345 -3.492777 8.747000 -36.100093 0.000000 0.000000 0.000000 -27.217424 -33.038268 3.680433 -25.115782 -26.585556 4.098354 -6.397942 -40.923633 1.632352 0.000000 0.000000 0.000000 16.657221 30.434789 22.942011 35.575140 43.767489 7.663957 10.885778 54.798445 9.327989 0.000000 0.000000 0.000000 
0.112540 0.734918 0.207653 -11.222259 52.290078 -5.359059 48.587970 -4.608555 -45.545891 -60.205175 8.903502 27.885653 44.124500 58.132035 28.669766 0.000000 0.000000 0.000000 -22.216686 -17.271020 -36.831729 -2.622439 -8.098572 53.359807 -8.564619 -15.293704 45.813772 0.000000 0.000000 0.000000 -25.044561 -3.757560 46.477989 4.386547 0.131438 -15.634720 5.734299 18.388468 23.892997 -3.053280 8.636156 -37.051427 0.000000 0.000000 0.000000 -26.169920 -32.786840 3.191615 -25.566270 -27.028054 4.238935 -6.795775 -42.691902 1.583678 0.000000 0.000000 0.000000 16.346619 30.618568 23.084483 33.862110 43.760860 7.206878 8.884341 54.915843 8.190141 0.000000 0.000000 0.000000 
0.120482 0.734315 0.199125 -11.824340 53.036309 -5.918085 48.702954 -4.732688 -46.535598 -61.672713 9.087349 27.762898 44.860878 58.142216 30.128802 0.000000 0.000000 0.000000 -22.668451 -17.461160 -36.099334 -3.111215 -8.404541 54.699410 -6.698836 -13.338905 38.600134 0.000000 0.000000 0.000000 -25.249524 -3.822411 45.979891 4.098323 0.219667 -15.445204 6.340749 19.147437 24.122159 -2.304245 8.473144 -37.288764 0.000000 0.000000 0.000000 -25.493368 -32.742634 2.724896 -26.326355 -26.627786 4.350429 -6.781837 -44.995090 1.333322 0.000000 0.000000 0.000000 14.866074 30.780501 22.493383 33.595619 44.575824 7.772194 6.038457 55.562399 6.849619 0.000000 0.000000 0.000000 
0.127458 0.732956 0.191637 -11.916777 53.858832 -6.100570 48.326774 -4.962742 -47.244667 -62.905514 8.946312 27.507007 45.507207 58.632765 30.564277 0.000000 0.000000 0.000000 -22.748263 -17.351077 -35.270078 -4.504555 -8.715824 57.738933 -5.218825 -11.244770 24.790500 0.000000 0.000000 0.000000 -26.288887 -3.761267 45.860361 4.228387 0.189336 -15.476213 6.898878 20.839400 24.495663 -1.946657 8.559373 -38.401084 0.000000 0.000000 0.000000 -24.786754 -32.383315 1.771326 -27.022984 -26.744967 4.584930 -7.926448 -47.117591 1.458235 0.000000 0.000000 0.000000 14.139125 31.442036 22.761931 30.698597 45.398905 7.336143 1.501279 57.293632 4.514439 0.000000 0.000000 0.000000 
0.132907 0.730435 0.185430 -12.364210 54.997300 -6.219716 48.338535 -5.259618 -48.139578 -63.995320 8.569618 26.795770 45.743170 59.699472 29.550799 0.000000 0.000000 0.000000 -22.864286 -17.381630 -34.521887 -4.894136 -9.582357 59.781299 -5.673009 -11.821709 16.426419 0.000000 0.000000 0.000000 -26.344078 -3.881907 45.134407 3.650076 0.396522 -15.179723 7.560056 21.675196 24.588688 -1.490233 8.539535 -38.840083 0.000000 0.000000 0.000000 -24.977739 -32.193931 0.868523 -27.600257 -26.138889 4.769675 -8.731250 -49.164742 1.600016 0.000000 0.000000 0.000000 12.458465 31.797376 22.218016 27.885496 46.967441 7.308047 -3.697913 59.001821 1.802000 0.000000 0.000000 0.000000 
0.136457 0.727279 0.180574 -12.316309 55.832789 -6.166498 48.468104 -5.476937 -48.750090 -65.367122 8.288673 25.968944 46.327577 60.275320 29.613824 0.000000 0.000000 0.000000 -22.341586 -17.245000 -34.466892 -5.910365 -9.930858 62.001704 -6.855473 -14.061826 10.736372 0.000000 0.000000 0.000000 -27.731294 -3.746945 44.738828 3.790836 0.350779 -15.259815 8.651397 23.655734 25.376356 -1.353948 8.655936 -40.603643 0.000000 0.000000 0.000000 -24.090044 -32.123073 -0.030765 -28.694796 -26.185633 5.061416 -7.773234 -51.016779 0.637580 0.000000 0.000000 0.000000 9.711869 32.514043 21.231211 24.470359 48.927529 7.404111 -11.128968 59.828038 -2.417352 0.000000 0.000000 0.000000 
0.137903 0.724117 0.177181 -12.458442 57.280198 -6.152960 47.995431 -5.894255 -49.699094 -65.678271 7.789452 25.783189 45.739417 61.495866 27.117114 0.000000 0.000000 0.000000 -21.869904 -17.333196 -34.414382 -6.229264 -10.579711 62.825638 -9.182269 -18.390616 9.240692 0.000000 0.000000 0.000000 -28.561631 -3.977678 45.396442 3.369189 0.564396 -15.939477 9.828986 24.876094 26.016847 -1.033682 8.654436 -41.130446 0.000000 0.000000 0.000000 -24.209727 -32.416831 -0.641792 -29.312378 -25.979160 5.306647 -6.802792 -51.378083 -0.053801 0.000000 0.000000 0.000000 6.671721 33.225683 19.821664 22.166062 50.213316 7.677951 -19.386298 60.102976 -7.030071 0.000000 0.000000 0.000000 
0.138076 0.721930 0.175381 -12.589143 58.527035 -6.293155 47.800565 -6.306872 -50.293153 -66.072516 7.224351 25.413470 45.216399 62.219463 25.434023 0.000000 0.000000 0.000000 -20.828236 -17.265406 -34.877581 -7.205368 -10.497317 63.148863 -11.745640 -22.742200 10.734072 0.000000 0.000000 0.000000 -30.043156 -4.104324 46.075598 3.583161 0.511964 -16.136034 10.761574 27.038850 26.347583 -1.129732 8.790520 -42.282584 0.000000 0.000000 0.000000 -23.266848 -32.685980 -1.208539 -30.340598 -26.136878 5.590113 -5.584329 -52.149723 -1.201104 0.000000 0.000000 0.000000 4.367620 33.229388 18.696520 19.716334 50.866786 7.571424 -25.493839 59.596417 -10.312040 0.000000 0.000000 0.000000 
0.137443 0.720109 0.175014 -12.956151 60.406040 -6.899393 47.578166 -6.867159 -50.796045 -66.523934 6.366864 25.001454 43.876351 62.661904 23.102367 0.000000 0.000000 0.000000 -20.216700 -17.104854 -34.336725 -8.323203 -10.511390 63.025830 -13.812194 -25.858776 12.425817 0.000000 0.000000 0.000000 -31.254041 -4.468043 47.144845 3.486444 0.604928 -16.744390 12.071588 28.102612 27.407734 -0.894519 8.834015 -42.753882 0.000000 0.000000 0.000000 -22.825810 -32.724812 -1.701175 -31.378368 -26.059140 5.819464 -3.792411 -52.156990 -2.456163 0.000000 0.000000 0.000000 3.245142 32.824267 17.875151 19.184966 51.141544 7.796184 -29.054145 59.712126 -12.189248 0.000000 0.000000 0.000000 
0.136585 0.719597 0.175612 -13.101038 61.900717 -7.161625 47.345651 -7.365752 -51.296911 -66.703848 5.656877 24.749248 43.068849 62.840260 21.932509 0.000000 0.000000 0.000000 -19.245937 -16.597579 -33.874724 -10.618893 -9.633036 63.019898 -14.046735 -26.054120 12.845587 0.000000 0.000000 0.000000 -32.505254 -4.711072 47.755329 3.353068 0.683612 -17.155821 13.366797 29.340500 28.435886 -1.489522 9.136381 -43.654129 0.000000 0.000000 0.000000 -22.164454 -32.968089 -2.076358 -31.788826 -25.734926 5.860572 -2.595893 -53.113445 -3.542336 0.000000 0.000000 0.000000 2.112908 32.851085 17.324738 18.683393 50.667169 7.829924 -33.389196 58.779855 -14.261192 0.000000 0.000000 0.000000 
0.135274 0.719093 0.176468 -13.156299 63.007315 -7.586314 47.694350 -7.656900 -51.409741 -67.591739 5.038185 23.995944 43.041527 62.360867 22.824142 0.000000 0.000000 0.000000 -18.809203 -16.258829 -33.297443 -12.102912 -9.186819 63.194800 -14.156290 -26.134763 13.140693 0.000000 0.000000 0.000000 -33.742262 -4.868653 48.588559 3.203999 0.745747 -17.379580 14.415622 30.597725 28.933804 -1.230731 9.200924 -43.394105 0.000000 0.000000 0.000000 -22.318169 -33.046393 -2.623675 -31.742510 -24.809084 5.871308 -2.713437 -53.032911 -3.620233 0.000000 0.000000 0.000000 2.464690 32.513282 17.515789 18.958964 50.012615 7.765508 -32.699091 58.633817 -13.845953 0.000000 0.000000 0.000000 
0.133620 0.719545 0.177223 -13.519827 64.087330 -8.088836 48.331854 -7.925266 -51.826948 -68.328116 4.564211 23.234402 43.287748 61.521014 24.640079 0.000000 0.000000 0.000000 -18.129408 -15.812202 -32.882720 -13.475229 -8.817177 63.163068 -14.402356 -26.333744 13.742197 0.000000 0.000000 0.000000 -34.829320 -5.060281 49.297022 3.099574 0.799329 -18.151948 16.037774 31.509300 30.742202 -2.005542 9.556001 -43.680560 0.000000 0.000000 0.000000 -21.661439 -33.135831 -2.892824 -31.648035 -24.751931 5.822907 -2.646285 -53.634926 -4.028068 0.000000 0.000000 0.000000 1.157090 32.221230 16.550187 20.817078 49.520111 8.781262 -32.268960 58.722661 -13.402786 0.000000 0.000000 0.000000 
0.131761 0.719684 0.177648 -13.910418 65.026892 -8.630244 48.635183 -8.155408 -52.063711 -68.695222 4.082964 22.722254 43.005090 61.068290 25.062557 0.000000 0.000000 0.000000 -17.931925 -15.569291 -32.267857 -15.220771 -8.370930 64.227342 -12.219168 -23.242646 11.485997 0.000000 0.000000 0.000000 -35.411163 -5.279137 50.041259 2.686877 0.931248 -18.409040 16.843572 32.210603 31.264854 -1.567958 9.528787 -43.352721 0.000000 0.000000 0.000000 -21.342978 -32.996240 -3.188627 -31.231705 -24.001107 5.673106 -3.718874 -54.194943 -3.719785 0.000000 0.000000 0.000000 0.845491 32.043098 16.313496 21.638585 48.898597 9.053631 -29.345830 59.193608 -11.847805 0.000000 0.000000 0.000000 
0.129939 0.720039 0.177759 -14.103080 65.735161 -9.088789 48.614883 -8.385327 -51.976321 -68.851268 3.516200 22.334292 42.672345 60.841293 24.973525 0.000000 0.000000 0.000000 -17.398932 -15.320013 -32.153262 -18.003222 -7.216207 65.779591 -9.526906 -18.896602 9.697621 0.000000 0.000000 0.000000 -36.171379 -5.432211 50.884316 2.526949 1.004286 -18.902673 17.854848 33.221371 32.247051 -1.764902 9.723549 -43.295137 0.000000 0.000000 0.000000 -21.515260 -33.164313 -3.557201 -30.210583 -23.068003 5.476346 -5.525605 -55.147102 -2.866918 0.000000 0.000000 0.000000 0.897928 31.593177 16.186444 22.069774 48.282363 9.071564 -27.279274 60.286620 -10.803236 0.000000 0.000000 0.000000 
0.128285 0.720228 0.177533 -14.208899 66.094358 -9.403163 48.628726 -8.482750 -51.657936 -68.967659 3.010301 21.832759 42.332989 60.724184 24.608457 0.000000 0.000000 0.000000 -17.023052 -14.940569 -31.825270 -20.434029 -6.103872 67.090731 -6.703652 -14.051274 6.982979 0.000000 0.000000 0.000000 -36.472577 -5.512617 51.252324 1.979158 1.167046 -19.164388 18.429630 33.433814 32.742936 -1.609511 9.764734 -42.957804 0.000000 0.000000 0.000000 -21.580616 -32.989250 -3.827626 -29.157538 -22.283356 5.264450 -7.703991 -56.308840 -1.782711 0.000000 0.000000 0.000000 0.729096 31.490936 15.988484 22.914311 47.666451 9.249208 -25.245722 61.403195 -9.747425 0.000000 0.000000 0.000000 
0.126513 0.719874 0.177247 -14.534087 66.711181 -9.948769 48.352079 -8.672524 -51.607198 -68.813638 2.612361 21.814197 41.651316 60.827732 23.404165 0.000000 0.000000 0.000000 -16.884711 -14.750915 -31.376153 -22.886693 -5.120574 68.569626 -3.976549 -8.853948 4.524752 0.000000 0.000000 0.000000 -37.011688 -5.669317 51.982137 2.070824 1.142964 -19.230671 18.868021 34.211351 33.135889 -1.727719 9.858265 -42.736471 0.000000 0.000000 0.000000 -21.574827 -33.204915 -3.947317 -28.027902 -21.853891 5.098202 -10.010611 -57.697107 -0.597254 0.000000 0.000000 0.000000 0.375194 31.371950 15.748348 23.143197 46.925078 9.220854 -25.942880 62.653549 -10.161373 0.000000 0.000000 0.000000 
0.124508 0.718832 0.176741 -14.651978 67.182515 -10.115032 48.603450 -8.781801 -51.603859 -69.107918 2.117103 21.092247 41.507982 60.885276 23.105259 0.000000 0.000000 0.000000 -16.649297 -14.687442 -31.365046 -24.603596 -4.351104 69.640502 -2.543095 -5.879253 2.915477 0.000000 0.000000 0.000000 -37.298598 -5.774393 52.307528 1.915103 1.182300 -19.372272 19.194675 34.203398 33.491799 -1.888585 9.940555 -42.704633 0.000000 0.000000 0.000000 -21.357018 -33.011207 -4.015421 -27.491230 -21.650643 4.980306 -11.355999 -59.051235 0.019719 0.000000 0.000000 0.000000 0.275164 31.320600 15.613412 23.738738 46.724602 9.406626 -25.929440 63.303243 -10.190280 0.000000 0.000000 0.000000 
0.122272 0.718378 0.176058 -15.143272 67.754437 -10.866348 48.462894 -8.960798 -51.539288 -69.052637 1.694081 20.979972 40.961275 60.923585 22.236333 0.000000 0.000000 0.000000 -16.326479 -14.426214 -31.040674 -25.684717 -4.220502 70.504230 -2.168457 -5.011233 1.769318 0.000000 0.000000 0.000000 -37.512411 -5.965303 52.820789 2.101927 1.142240 -19.489560 19.200191 34.546795 33.900911 -1.929283 10.047648 -42.329498 0.000000 0.000000 0.000000 -21.240365 -33.405621 -3.913847 -26.757995 -21.842027 4.936427 -12.589291 -60.146195 0.639798 0.000000 0.000000 0.000000 0.387736 31.361501 15.716210 23.429305 46.283468 9.143319 -25.989261 63.950790 -10.292579 0.000000 0.000000 0.000000 
0.119879 0.717800 0.175185 -15.311238 68.329454 -11.168748 48.321043 -9.109091 -51.663663 -69.022291 1.310826 20.760899 40.601228 60.940099 21.740011 0.000000 0.000000 0.000000 -16.086610 -14.416480 -31.070471 -26.444552 -4.068238 71.186715 -2.132597 -4.883289 1.236965 0.000000 0.000000 0.000000 -37.868100 -6.105974 53.469611 2.224268 1.105494 -19.464164 19.269557 34.797166 33.803102 -2.149130 10.069735 -42.451568 0.000000 0.000000 0.000000 -20.888153 -33.636842 -3.618039 -26.320594 -22.418718 4.913295 -13.530511 -61.403578 1.050612 0.000000 0.000000 0.000000 -0.149244 31.445542 15.376321 23.078638 45.787927 8.983905 -27.543468 64.106607 -11.167843 0.000000 0.000000 0.000000 
0.117716 0.717539 0.174037 -15.041512 68.339719 -11.095709 47.658037 -9.148246 -51.396823 -68.492111 1.120026 21.004526 39.977814 61.283747 20.201182 0.000000 0.000000 0.000000 -15.797935 -14.181749 -31.055149 -26.837045 -3.920564 71.275292 -2.330460 -5.251312 0.571343 0.000000 0.000000 0.000000 -38.388001 -6.071278 54.025558 2.443712 1.034364 -19.768339 19.225016 35.250761 33.750108 -1.626135 9.907263 -42.846261 0.000000 0.000000 0.000000 -19.878029 -33.845057 -3.063488 -26.357139 -23.392826 4.911892 -13.325796 -62.427577 0.463750 0.000000 0.000000 0.000000 -0.229284 31.520462 15.343471 22.210353 45.402053 8.558369 -30.591923 64.096160 -12.963196 0.000000 0.000000 0.000000 
0.116108 0.715684 0.173001 -14.558921 68.431058 -10.645436 47.243220 -9.166990 -51.610824 -68.302047 1.158597 21.210974 39.657554 61.752907 19.031289 0.000000 0.000000 0.000000 -15.589923 -14.309060 -31.566535 -27.693335 -3.338708 72.149419 -2.133724 -4.699278 -0.351742 0.000000 0.000000 0.000000 -38.499279 -6.063103 54.298471 2.550621 1.006472 -19.886827 19.102484 35.055285 33.572049 -1.992241 9.983053 -42.799616 0.000000 0.000000 0.000000 -19.704732 -34.287821 -2.556511 -25.956371 -23.991028 4.851886 -13.990906 -63.030533 0.880913 0.000000 0.000000 0.000000 -0.283062 31.419756 15.188082 21.013591 45.294736 8.076613 -32.522910 64.571061 -14.232582 0.000000 0.000000 0.000000 
0.115295 0.713495 0.172175 -14.119359 68.611223 -10.369246 47.048124 -9.206410 -51.892862 -68.556239 1.251575 21.371255 39.771687 61.998189 18.857939 0.000000 0.000000 0.000000 -15.679334 -14.283265 -31.369105 -28.197887 -3.197540 72.868337 -2.064561 -4.296723 -2.040405 0.000000 0.000000 0.000000 -39.092004 -6.024220 54.859334 2.840546 0.911821 -19.870437 18.903701 35.311379 32.862089 -1.299892 9.824917 -42.403554 0.000000 0.000000 0.000000 -19.368503 -34.492522 -2.118739 -25.426224 -24.375911 4.745240 -14.345276 -64.060193 1.044724 0.000000 0.000000 0.000000 -0.027874 31.293391 15.266740 19.894901 44.692959 7.424358 -36.354172 66.178400 -16.995193 0.000000 0.000000 0.000000 
0.115174 0.710041 0.171703 -13.576480 68.328323 -10.045390 46.872510 -9.102282 -51.951963 -68.850482 1.638811 21.741616 39.771174 62.522036 17.909635 0.000000 0.000000 0.000000 -15.896639 -14.395947 -31.420969 -29.079190 -2.440816 73.927594 -1.346592 -2.172110 -3.886001 0.000000 0.000000 0.000000 -39.159170 -5.904246 54.957289 2.937165 0.890825 -20.274370 18.968430 35.063427 33.004677 -1.465891 9.941189 -42.386838 0.000000 0.000000 0.000000 -19.663050 -34.436829 -2.057913 -25.367105 -24.933596 4.792676 -15.229238 -64.623100 1.742059 0.000000 0.000000 0.000000 0.553449 31.014561 15.404126 18.781789 44.387242 6.800267 -38.431113 67.214463 -18.721614 0.000000 0.000000 0.000000 
0.115552 0.706815 0.171390 -12.924757 68.348830 -9.655850 46.460399 -9.119416 -52.380336 -69.136808 2.116498 22.517035 39.908213 62.989364 17.486200 0.000000 0.000000 0.000000 -16.619992 -14.577444 -30.783214 -29.405707 -2.261840 74.560646 -0.871537 -0.400610 -5.986493 0.000000 0.000000 0.000000 -39.567337 -5.834287 55.012433 3.356079 0.743052 -20.432186 19.034744 35.082391 33.019469 -0.952441 9.792847 -42.290290 0.000000 0.000000 0.000000 -19.382890 -34.361740 -1.936191 -25.614298 -25.675952 4.858892 -14.281549 -65.093513 1.034409 0.000000 0.000000 0.000000 0.540658 30.639374 15.190428 19.077557 44.301336 6.900427 -41.356967 68.930388 -21.122358 0.000000 0.000000 0.000000 
0.115754 0.704190 0.171070 -12.382778 68.011775 -9.497671 46.330744 -9.028999 -52.490724 -69.588235 2.640406 23.097535 40.530772 63.166595 18.104495 0.000000 0.000000 0.000000 -17.078015 -14.566297 -30.289016 -29.506793 -2.056905 74.681983 -0.665559 0.537544 -7.243636 0.000000 0.000000 0.000000 -39.908121 -5.661678 54.860502 3.233175 0.758097 -20.180747 19.112325 35.074782 32.620959 -1.019995 9.725051 -42.537478 0.000000 0.000000 0.000000 -19.345279 -34.273917 -1.806155 -25.988820 -26.116222 4.945406 -11.784913 -65.971718 -0.587352 0.000000 0.000000 0.000000 0.776180 30.659496 15.309403 18.895781 44.304258 6.772722 -43.706621 69.451784 -22.977824 0.000000 0.000000 0.000000 
0.115225 0.702601 0.170526 -12.006445 67.658785 -9.005825 47.266648 -8.894325 -53.021387 -70.476530 2.991838 22.531865 42.337484 62.888269 21.324914 0.000000 0.000000 0.000000 -17.369192 -14.667838 -30.232437 -29.513112 -1.798530 74.566507 -0.321673 1.891745 -8.483321 0.000000 0.000000 0.000000 -39.703237 -5.589138 54.716295 3.137575 0.795207 -21.184692 19.490019 34.717843 33.236782 -1.328832 9.818950 -42.907331 0.000000 0.000000 0.000000 -18.586974 -33.948695 -1.635406 -26.980211 -27.421676 5.080628 -10.017554 -66.316505 -2.117863 0.000000 0.000000 0.000000 1.329026 30.891433 15.730825 17.955268 44.093135 6.265218 -46.987362 69.690773 -25.474806 0.000000 0.000000 0.000000 
0.113454 0.702051 0.169357 -11.751028 67.092638 -8.629124 47.950794 -8.678356 -53.311960 -70.835597 3.359296 22.128385 43.593951 62.491135 23.776980 0.000000 0.000000 0.000000 -17.488047 -14.682505 -30.410664 -29.405538 -1.490025 74.355949 0.010445 3.193971 -9.486531 0.000000 0.000000 0.000000 -39.380142 -5.473014 54.321525 3.081561 0.778987 -21.250882 19.428232 34.403405 33.308264 -1.465953 9.748536 -42.868513 0.000000 0.000000 0.000000 -17.842437 -33.569374 -1.439250 -27.851480 -28.136674 5.121199 -7.128663 -67.292549 -4.400832 0.000000 0.000000 0.000000 0.733597 31.071507 15.415393 17.306085 44.429374 6.251237 -50.636735 69.629615 -27.888617 0.000000 0.000000 0.000000 
0.110499 0.702379 0.167514 -11.902021 67.172465 -8.217129 48.993015 -8.680153 -54.442131 -71.065189 3.493779 21.373322 44.995867 61.951896 26.975941 0.000000 0.000000 0.000000 -17.771699 -15.012553 -30.514158 -29.503331 -1.387040 74.323194 0.666159 5.711124 -10.969260 0.000000 0.000000 0.000000 -38.285326 -5.693307 53.735906 2.736454 0.891969 -21.503594 19.055881 33.045957 33.226417 -1.973518 9.796062 -43.269350 0.000000 0.000000 0.000000 -16.669145 -33.026068 -1.085217 -28.406959 -28.852399 4.993342 -4.303504 -68.717724 -6.844681 0.000000 0.000000 0.000000 -0.603491 31.461881 14.664489 16.170385 44.645542 6.159146 -56.099983 69.330284 -31.421817 0.000000 0.000000 0.000000 
0.106448 0.703971 0.165114 -10.747485 67.110149 -6.742915 49.247826 -8.654042 -55.550907 -70.997600 3.736466 21.028539 46.481536 60.930597 31.066645 0.000000 0.000000 0.000000 -18.229964 -15.332146 -30.537839 -29.819219 -0.902082 73.607332 1.368447 8.367210 -12.319058 0.000000 0.000000 0.000000 -37.690500 -5.741077 53.560283 2.448519 0.976950 -21.655162 18.888922 32.295520 33.005629 -2.550316 9.911185 -43.134983 0.000000 0.000000 0.000000 -17.518947 -33.274235 -1.202403 -28.274180 -28.380620 5.051140 -3.693458 -69.668251 -7.054097 0.000000 0.000000 0.000000 -1.353545 31.457746 14.135156 14.617064 44.870568 5.793750 -60.592697 69.563168 -34.668126 0.000000 0.000000 0.000000 
0.101659 0.707192 0.162644 -10.496842 67.289048 -5.912888 49.868999 -8.704385 -56.404791 -70.630443 3.458519 20.070883 47.151493 59.949544 33.966988 0.000000 0.000000 0.000000 -18.099962 -15.237516 -30.451870 -29.911918 -0.978932 72.762282 1.639401 9.699645 -13.674189 0.000000 0.000000 0.000000 -36.612640 -6.033948 53.692455 1.892692 1.125576 -22.465389 18.731179 31.298235 33.209704 -2.475424 9.756156 -43.730623 0.000000 0.000000 0.000000 -16.569632 -32.969580 -0.865878 -28.471905 -28.660047 4.852220 -1.467103 -71.332280 -9.183756 0.000000 0.000000 0.000000 -3.256093 31.217089 12.736964 14.596546 45.784895 6.393209 -61.283631 68.812392 -34.365347 0.000000 0.000000 0.000000 
0.095958 0.711040 0.160290 -9.909466 67.269298 -5.280678 49.799628 -8.723353 -56.699215 -70.032053 3.250213 19.729187 47.214804 58.728675 36.332868 0.000000 0.000000 0.000000 -18.480023 -14.758014 -29.154368 -29.114269 -1.790494 71.682343 1.458401 10.334531 -16.467373 0.000000 0.000000 0.000000 -36.024794 -6.134909 53.567349 1.373922 1.270299 -22.031015 18.554674 31.052985 32.646447 -2.158775 9.623822 -43.315974 0.000000 0.000000 0.000000 -16.705026 -32.620090 -1.099898 -28.488395 -28.341843 4.873978 -2.241517 -72.866987 -8.937084 0.000000 0.000000 0.000000 -4.964552 31.213108 11.681732 15.131116 46.229455 7.052035 -61.466379 68.680894 -34.117479 0.000000 0.000000 0.000000 
0.089358 0.717537 0.158157 -9.873316 67.343443 -5.170960 49.215190 -8.877324 -56.831657 -68.486112 3.008886 19.986691 46.399845 57.512465 37.516730 0.000000 0.000000 0.000000 -17.864553 -13.970300 -28.492240 -29.501714 -2.101608 71.566866 1.319974 10.960929 -18.469626 0.000000 0.000000 0.000000 -35.284554 -6.345454 53.277794 1.499708 1.226346 -22.326329 18.627456 31.133719 32.876140 -1.054897 9.189191 -44.172731 0.000000 0.000000 0.000000 -15.667476 -31.637543 -1.463279 -29.748582 -28.800465 4.952328 -6.429183 -73.663401 -6.687920 0.000000 0.000000 0.000000 -6.325715 30.504899 10.638584 15.399529 46.467088 7.601373 -57.957088 69.409397 -31.630292 0.000000 0.000000 0.000000 
0.081579 0.723202 0.155783 -10.263158 67.487401 -5.170560 49.192641 -8.975561 -57.015179 -67.002798 2.516277 19.520595 45.538796 56.623177 38.251425 0.000000 0.000000 0.000000 -17.834671 -12.840592 -26.389691 -27.632713 -3.956875 69.812939 0.769623 10.048965 -22.268089 0.000000 0.000000 0.000000 -33.411616 -6.639283 52.304782 0.700397 1.489420 -21.522391 17.907820 30.197713 31.487964 -0.496866 8.908779 -44.366524 0.000000 0.000000 0.000000 -17.219105 -31.672564 -2.108033 -29.221457 -27.989781 5.088281 -11.425295 -73.868425 -2.242967 0.000000 0.000000 0.000000 -6.786285 30.365534 10.430979 15.899644 46.502656 7.857203 -53.837671 69.125367 -28.496843 0.000000 0.000000 0.000000 
0.072754 0.729616 0.153376 -9.672242 66.632960 -4.559381 47.742938 -8.864482 -55.853819 -64.383047 2.062929 19.667490 44.210525 56.318202 36.830856 0.000000 0.000000 0.000000 -17.784620 -12.158413 -25.585006 -26.585187 -4.614982 69.595995 0.379539 10.521540 -25.399696 0.000000 0.000000 0.000000 -32.331779 -6.508204 51.412947 1.398026 1.310763 -21.869744 17.659652 30.210699 31.856555 -0.105504 8.801952 -45.187059 0.000000 0.000000 0.000000 -16.868002 -31.418893 -2.252550 -30.181233 -27.848671 5.118699 -12.427565 -73.948904 -1.859825 0.000000 0.000000 0.000000 -7.079720 29.797055 10.104920 16.153843 46.565957 8.077287 -46.046220 69.328048 -23.033653 0.000000 0.000000 0.000000 
0.062282 0.736029 0.151679 -8.698539 65.923597 -4.055620 46.187414 -8.851111 -55.406878 -62.012414 2.175640 20.834499 42.947748 54.998350 37.487578 0.000000 0.000000 0.000000 -18.225519 -11.721369 -24.334495 -24.794410 -5.834488 69.404782 -0.157637 10.137441 -28.319056 0.000000 0.000000 0.000000 -30.540941 -6.439526 49.914688 1.367765 1.377284 -20.488754 16.429862 29.293826 30.334914 0.786419 8.446975 -45.385631 0.000000 0.000000 0.000000 -18.922080 -31.304464 -3.112427 -30.266877 -26.881093 5.449557 -18.583156 -74.583800 3.543115 0.000000 0.000000 0.000000 -5.480747 30.055448 11.335459 15.663472 45.475352 7.153691 -39.732892 69.410615 -19.036031 0.000000 0.000000 0.000000 
0.049005 0.743959 0.152079 -7.912369 65.105864 -4.638071 43.981119 -8.712780 -52.616534 -59.163588 1.278429 21.116435 40.576099 53.462380 35.893503 0.000000 0.000000 0.000000 -18.229541 -11.323775 -23.700459 -23.879942 -6.584428 70.430106 -0.648287 9.814473 -29.601827 0.000000 0.000000 0.000000 -28.360864 -6.468408 48.682983 2.039870 1.252268 -20.218944 14.604343 28.920221 30.098267 1.275967 8.161996 -46.779455 0.000000 0.000000 0.000000 -19.245601 -32.292210 -2.758728 -31.505293 -26.338747 5.620963 -19.655576 -75.002526 4.161661 0.000000 0.000000 0.000000 -2.899377 29.018810 12.588289 17.008117 46.460090 7.400623 -27.286744 68.776727 -10.861411 0.000000 0.000000 0.000000 
0.031754 0.753664 0.155611 -7.074883 64.344400 -5.391292 41.296542 -8.523208 -49.871483 -55.056645 0.762034 22.213166 37.313293 51.004149 34.176561 0.000000 0.000000 0.000000 -17.737547 -10.395669 -22.486952 -24.224730 -6.731071 71.537710 -1.033281 11.175418 -31.700163 0.000000 0.000000 0.000000 -25.542645 -6.534671 47.143048 2.118863 1.306666 -19.006248 12.641116 27.648360 28.659113 2.174003 7.880480 -46.752067 0.000000 0.000000 0.000000 -22.228531 -31.790138 -3.894799 -31.488211 -24.446460 5.824614 -35.242930 -75.053614 17.361563 0.000000 0.000000 0.000000 -0.091182 28.867909 14.316681 17.581194 44.628277 6.398031 -16.880397 70.642914 -4.319783 0.000000 0.000000 0.000000 
0.009131 0.766159 0.163042 -5.955303 64.399023 -5.878314 37.681092 -8.285182 -45.943494 -48.911337 -0.518050 21.805698 32.524530 47.444571 30.506914 0.000000 0.000000 0.000000 -16.387488 -9.418237 -22.019146 -24.215791 -7.479660 72.664852 -1.524052 9.494937 -32.306643 0.000000 0.000000 0.000000 -23.478494 -6.740192 46.064951 2.890334 1.108386 -19.426108 11.222264 26.699732 28.964625 1.900041 7.688468 -47.914501 0.000000 0.000000 0.000000 -20.492294 -31.097836 -3.489301 -33.473060 -24.698356 5.751644 -42.650138 -76.695677 22.644128 0.000000 0.000000 0.000000 0.738087 27.811346 14.352947 22.901396 44.460904 8.105654 -7.926419 70.032407 1.968797 0.000000 0.000000 0.000000 
-0.019458 0.781956 0.173718 -5.465632 64.733774 -7.721524 34.318135 -7.894560 -41.531732 -42.076619 -1.502364 20.981390 27.031525 41.708348 29.186227 0.000000 0.000000 0.000000 -14.132127 -7.449151 -19.785958 -22.971413 -9.632799 71.984613 -1.859546 5.458756 -33.014711 0.000000 0.000000 0.000000 -19.996404 -7.204998 44.506758 2.499485 1.249287 -18.031387 9.690159 25.063465 27.885443 3.161814 7.298904 -47.544756 0.000000 0.000000 0.000000 -22.281994 -30.578294 -4.246701 -33.628159 -23.075211 5.729195 -55.149613 -76.088125 33.334581 0.000000 0.000000 0.000000 1.975572 26.737744 14.606544 26.480899 41.719736 8.176375 5.597193 70.509156 11.689526 0.000000 0.000000 0.000000 
-0.053846 0.800718 0.186413 -5.207561 65.608566 -8.618645 31.066297 -7.471006 -37.999716 -33.504899 -2.028620 18.289940 20.648882 35.090187 29.408514 0.000000 0.000000 0.000000 -11.937824 -5.949466 -18.324714 -20.413141 -12.212823 69.822847 -1.799416 1.741244 -33.290698 0.000000 0.000000 0.000000 -16.685864 -7.686262 42.980532 2.462205 1.305695 -19.199469 8.288105 23.073984 28.414155 3.797841 6.760544 -49.173872 0.000000 0.000000 0.000000 -21.081952 -28.859611 -4.825480 -36.371501 -21.227877 5.383326 -68.343875 -76.303771 43.132059 0.000000 0.000000 0.000000 2.776041 25.210029 14.397860 32.485210 38.501488 8.876169 16.771765 70.597181 20.307816 0.000000 0.000000 0.000000 
-0.091718 0.822617 0.198807 -5.889871 67.054770 -10.298293 27.402948 -6.898589 -33.666709 -22.041889 -2.006568 12.140653 14.723882 29.257823 31.650823 0.000000 0.000000 0.000000 -9.497604 -4.481313 -16.428610 -16.365561 -15.535943 65.879047 -1.465676 -3.015952 -32.990182 0.000000 0.000000 0.000000 -12.950357 -8.214774 41.039237 2.248237 1.416376 -19.018822 7.269366 21.343589 27.353631 4.392518 6.519544 -49.552007 0.000000 0.000000 0.000000 -21.540911 -27.194678 -6.115342 -37.978893 -18.353197 4.869103 -79.456220 -72.687665 49.371023 0.000000 0.000000 0.000000 4.190996 22.739548 14.259998 38.732614 33.699489 8.567775 23.954618 67.656699 24.626377 0.000000 0.000000 0.000000 
-0.129622 0.842694 0.208479 -7.127241 68.785991 -11.043223 25.759708 -6.813351 -32.536407 -14.727704 -1.559496 5.594614 11.967354 26.750747 37.120964 0.000000 0.000000 0.000000 -7.563404 -3.646747 -15.932499 -11.526793 -17.641511 60.012078 -0.874707 -7.055103 -31.864451 0.000000 0.000000 0.000000 -9.153197 -7.987529 37.362478 3.308874 1.168694 -19.338995 5.080432 18.119919 25.932636 3.233933 6.520518 -50.372631 0.000000 0.000000 0.000000 -23.026286 -23.711520 -8.843405 -40.181285 -13.658172 3.903110 -85.773579 -67.204914 50.052680 0.000000 0.000000 0.000000 5.925859 21.288203 14.867956 43.803984 28.732703 7.335142 24.966452 62.872976 23.040090 0.000000 0.000000 0.000000 
-0.165545 0.860923 0.214704 -5.715920 69.343616 -9.980254 23.648361 -6.311518 -30.333932 -12.022303 -1.509825 1.591623 13.213755 26.858432 38.040990 0.000000 0.000000 0.000000 -6.052439 -2.844812 -14.898332 -8.506293 -16.775502 53.609609 -0.150220 -9.540331 -30.329862 0.000000 0.000000 0.000000 -5.967331 -6.994995 33.117370 2.819025 1.402376 -19.929037 4.650264 15.665086 25.864864 1.336583 7.293520 -48.890291 0.000000 0.000000 0.000000 -24.715712 -23.180353 -10.264811 -40.594911 -9.645577 3.097324 -83.784730 -63.958919 45.939484 0.000000 0.000000 0.000000 9.486411 18.116899 15.645612 46.020639 22.741949 4.055856 24.157014 58.078447 20.152832 0.000000 0.000000 0.000000 
-0.199249 0.878259 0.217366 -4.883298 70.570438 -9.249783 20.820563 -6.015422 -29.411220 -14.031780 -1.714585 6.970868 17.822634 29.697787 28.466869 0.000000 0.000000 0.000000 -4.683447 -2.092064 -12.950011 -5.350206 -15.244457 45.994990 0.569565 -12.467148 -28.625386 0.000000 0.000000 0.000000 -3.390965 -6.306693 29.711521 2.063001 1.583918 -20.538856 3.735059 11.750815 25.279138 1.627878 7.234357 -48.102933 0.000000 0.000000 0.000000 -25.109118 -20.429456 -11.586249 -43.306770 -6.964441 1.972210 -75.313624 -60.659069 36.966855 0.000000 0.000000 0.000000 11.259280 15.805054 15.439793 48.401654 19.350719 2.379912 21.297462 50.375458 15.020414 0.000000 0.000000 0.000000 
-0.232102 0.894739 0.216480 -2.727036 70.216679 -7.869783 17.091745 -5.278125 -27.399133 -15.106103 -2.190973 17.134722 18.393853 29.636886 18.483484 0.000000 0.000000 0.000000 -4.326559 -1.703656 -11.004712 -2.563841 -13.138074 39.308540 0.826559 -13.997463 -26.330703 0.000000 0.000000 0.000000 -2.360333 -5.364233 26.900450 2.496887 1.456674 -21.334543 2.627656 10.090557 26.173345 1.039524 7.389256 -47.907327 0.000000 0.000000 0.000000 -25.737306 -18.623832 -13.046252 -45.595261 -4.370358 0.958569 -64.861551 -56.142280 27.125686 0.000000 0.000000 0.000000 12.887865 14.000676 15.596651 49.366153 17.153527 0.946797 17.812483 41.841998 9.900976 0.000000 0.000000 0.000000 
-0.265099 0.909680 0.212310 -0.428002 68.615762 -4.852666 13.959120 -4.482496 -25.196709 -17.495918 -2.893001 23.751056 17.848965 30.080288 18.595176 0.000000 0.000000 0.000000 -3.686064 -1.431205 -11.460898 -1.624719 -10.154260 34.049175 0.599978 -14.315520 -23.305859 0.000000 0.000000 0.000000 -1.412059 -3.891672 22.724547 1.644455 1.635331 -20.508676 2.072783 8.484715 25.576486 1.197432 7.341700 -46.645585 0.000000 0.000000 0.000000 -25.594520 -18.132811 -12.840697 -47.478189 -1.653619 -0.404649 -53.122241 -52.820533 18.974163 0.000000 0.000000 0.000000 14.086405 12.120002 15.242427 50.533693 14.457495 -0.487529 14.830828 34.519176 6.423825 0.000000 0.000000 0.000000 
-0.298227 0.921696 0.205962 1.765438 67.187883 -1.496698 10.909871 -3.849978 -23.276857 -20.991939 -3.438047 29.197676 8.918490 25.303550 35.670339 0.000000 0.000000 0.000000 -3.497190 -1.488445 -13.234280 -0.647276 -8.110738 29.848787 -0.159757 -14.887607 -19.828440 0.000000 0.000000 0.000000 -1.008145 -3.175711 20.543426 1.359576 1.638293 -20.963950 1.120519 7.518702 26.324962 1.805516 7.120807 -46.596625 0.000000 0.000000 0.000000 -25.579089 -17.457804 -12.788563 -48.509130 -0.077718 -1.402375 -44.110434 -51.445887 14.435233 0.000000 0.000000 0.000000 15.817137 9.547189 14.791266 51.156648 13.059499 -1.590485 12.509499 29.145344 4.337771 0.000000 0.000000 0.000000 
-0.330946 0.931198 0.198438 2.693614 64.330425 0.139610 6.987952 -2.883654 -19.988525 -24.586403 -3.570753 35.043195 -0.158302 17.252324 36.742472 0.000000 0.000000 0.000000 -3.286484 -1.323961 -14.115878 0.711520 -6.091940 24.991476 -0.875075 -14.180171 -16.254157 0.000000 0.000000 0.000000 -1.390243 -2.229579 17.666213 1.718010 1.520580 -19.141040 0.517938 7.134177 25.768918 2.109112 6.936245 -45.429767 0.000000 0.000000 0.000000 -25.353472 -17.509190 -11.640772 -49.908908 0.294588 -2.085380 -35.805015 -48.843196 10.241110 0.000000 0.000000 0.000000 17.132987 7.315469 13.893387 51.667715 10.616138 -2.962036 10.897374 25.609102 3.216847 0.000000 0.000000 0.000000 
-0.363715 0.937011 0.190739 0.972954 62.139318 -0.139458 2.936931 -1.940999 -15.853087 -20.985438 -3.697958 34.514905 3.276696 17.145584 22.291792 0.000000 0.000000 0.000000 -1.837042 -0.843086 -14.824884 2.062819 -4.380431 19.270220 -1.749470 -14.077340 -12.370076 0.000000 0.000000 0.000000 -0.663599 -1.911383 16.133815 1.366240 1.525482 -20.551148 1.086525 5.311564 27.188022 1.857133 7.048387 -44.092943 0.000000 0.000000 0.000000 -24.723166 -15.196506 -11.418246 -51.469032 0.228141 -3.072893 -31.535021 -45.162000 8.050184 0.000000 0.000000 0.000000 17.852484 6.866531 13.480601 52.010100 8.293565 -4.212559 7.932726 22.934423 2.045018 0.000000 0.000000 0.000000 
-0.397164 0.939008 0.183728 -1.743844 61.236428 -1.141467 0.815122 -1.212778 -11.961676 -12.800866 -3.159245 26.774153 4.120832 13.573428 11.241185 0.000000 0.000000 0.000000 0.124595 -0.243178 -14.885369 3.328183 -2.944771 12.513304 -2.974745 -14.866157 -8.099964 0.000000 0.000000 0.000000 -0.604305 -1.396303 13.718275 3.282451 1.071674 -20.023885 -0.751864 3.064792 27.469275 2.149977 6.732985 -43.343243 0.000000 0.000000 0.000000 -24.857594 -14.658565 -10.689883 -51.587017 -0.303038 -3.123219 -26.222349 -43.300537 6.173899 0.000000 0.000000 0.000000 17.847206 5.513165 12.128834 53.140805 5.556216 -5.256710 7.546574 24.581180 2.349795 0.000000 0.000000 0.000000 
-0.430988 0.938390 0.177086 -4.013963 59.492352 -2.430197 1.391293 -0.843195 -9.266979 -9.289507 -1.707662 17.669969 6.498381 13.669640 7.123777 0.000000 0.000000 0.000000 1.285910 0.029426 -15.924046 5.310061 -2.832683 8.907290 -3.531348 -13.556523 -4.821096 0.000000 0.000000 0.000000 -1.642920 -1.354784 14.165090 4.400893 0.744086 -22.113997 -1.532148 1.307205 28.382427 3.921236 5.824341 -44.115901 0.000000 0.000000 0.000000 -23.793396 -13.588024 -9.462756 -51.474865 -1.967704 -3.098952 -23.905675 -41.013658 5.421926 0.000000 0.000000 0.000000 17.649180 3.987456 10.536024 54.288180 4.457747 -5.750752 8.161625 24.523421 2.673798 0.000000 0.000000 0.000000 
-0.464296 0.938678 0.169544 -5.083986 56.381229 -2.978235 2.695110 -0.807803 -8.396777 -8.780525 -0.895338 11.654454 8.218498 16.045084 7.972768 0.000000 0.000000 0.000000 1.972858 0.265120 -16.811358 7.528030 -2.936038 5.842739 -3.526399 -10.762418 -1.348789 0.000000 0.000000 0.000000 -3.222370 -1.169399 14.101066 4.449375 0.618399 -22.017563 -0.762662 0.244544 28.806062 4.538074 5.228124 -44.999607 0.000000 0.000000 0.000000 -22.829227 -13.028684 -7.931968 -52.010241 -4.203588 -2.897743 -20.602337 -38.640004 4.522490 0.000000 0.000000 0.000000 18.368549 2.932227 9.583895 54.801759 4.834860 -5.924710 6.459497 27.253818 3.039361 0.000000 0.000000 0.000000 
-0.496009 0.940082 0.160209 -5.710121 52.470500 -3.097701 3.736172 -0.902206 -8.916838 -8.137318 -0.552763 8.728573 9.654396 18.671903 9.734096 0.000000 0.000000 0.000000 1.062293 0.236577 -16.929228 12.476932 -3.906611 1.734860 -2.799602 -6.725618 2.881267 0.000000 0.000000 0.000000 -4.649998 -0.892833 13.212933 6.421153 -0.042793 -22.853529 -1.302058 0.597314 29.857347 4.484343 5.010205 -44.446019 0.000000 0.000000 0.000000 -22.521781 -12.421881 -7.218061 -51.861705 -5.187503 -2.790540 -20.062242 -36.843417 4.440786 0.000000 0.000000 0.000000 16.318047 3.082664 8.219125 56.048248 4.959997 -5.333223 8.421275 29.355902 4.104436 0.000000 0.000000 0.000000 
-0.526474 0.941962 0.149800 -5.577338 48.563639 -2.386376 4.424009 -1.010731 -9.861377 -7.491282 -0.337976 6.325563 10.975848 21.319947 12.549315 0.000000 0.000000 0.000000 -0.385643 0.175645 -15.520536 15.573257 -4.564144 0.058736 0.344698 0.638943 2.560402 0.000000 0.000000 0.000000 -5.875034 -0.579217 11.442286 7.173376 -0.379918 -21.714271 -1.430472 0.184778 29.521020 3.149512 5.113827 -44.613524 0.000000 0.000000 0.000000 -21.269560 -10.517767 -6.458976 -54.087476 -7.264500 -2.850989 -17.496103 -34.633001 3.763952 0.000000 0.000000 0.000000 15.378817 4.761409 8.177119 57.174479 6.725255 -4.325469 8.513061 30.837154 4.474091 0.000000 0.000000 0.000000 
-0.557270 0.941323 0.139533 -5.117408 44.250735 -1.577208 5.104444 -1.135826 -11.138044 -6.838755 -0.185018 5.056215 12.913138 24.295722 15.513755 0.000000 0.000000 0.000000 -3.090292 -0.127609 -13.154917 18.559723 -6.002511 3.224704 0.357759 0.413908 -1.238697 0.000000 0.000000 0.000000 -6.200886 -0.415983 10.269618 6.967826 -0.449834 -21.655061 -1.445402 0.158506 29.923637 1.901776 5.226859 -44.880332 0.000000 0.000000 0.000000 -20.976020 -9.278137 -5.963571 -54.311698 -8.888808 -2.541442 -16.831291 -33.824726 3.808205 0.000000 0.000000 0.000000 14.551117 5.631722 7.861326 57.464221 9.227934 -3.112783 9.843716 31.694993 5.149272 0.000000 0.000000 0.000000 
-0.589804 0.939267 0.129743 -4.043453 40.192378 -0.326241 6.083954 -1.279432 -12.625972 -7.126263 -0.073723 4.088789 14.961573 27.040237 18.994582 0.000000 0.000000 0.000000 -6.376402 -0.548948 -9.929495 17.670702 -7.590951 12.420166 -1.893033 -6.770818 -9.463648 0.000000 0.000000 0.000000 -6.755121 -0.268223 9.083616 6.986017 -0.560970 -21.220032 -1.839057 0.666768 29.882040 0.735349 5.418736 -44.061818 0.000000 0.000000 0.000000 -20.698206 -8.258230 -5.517459 -54.731413 -9.899771 -2.485554 -14.664527 -33.222092 3.431656 0.000000 0.000000 0.000000 15.000023 6.815496 8.242517 57.312162 11.570122 -2.132238 10.826565 32.791130 5.675973 0.000000 0.000000 0.000000 
-0.624921 0.935004 0.120034 -3.613228 36.720421 1.087303 8.199357 -1.559210 -15.614753 -7.934677 0.029760 4.447024 17.115801 29.597994 22.597266 0.000000 0.000000 0.000000 -9.213250 -0.878461 -7.887884 9.240568 -7.433416 27.590009 -6.440455 -17.218010 -1.423797 0.000000 0.000000 0.000000 -6.620312 -0.164031 7.970607 6.209819 -0.405414 -21.248337 -1.269973 1.115914 30.052752 -0.264161 5.595606 -43.679889 0.000000 0.000000 0.000000 -21.019482 -8.296955 -4.954586 -55.090301 -11.171024 -2.113315 -12.880136 -33.566977 3.186960 0.000000 0.000000 0.000000 15.288218 8.787398 9.088890 56.717886 11.972358 -2.144779 11.926836 34.805472 6.433626 0.000000 0.000000 0.000000 
-0.662943 0.928631 0.109641 -2.910709 34.646780 3.320812 10.349765 -1.869188 -19.075641 -8.786399 0.103551 3.866066 18.560312 31.200811 26.089784 0.000000 0.000000 0.000000 -11.087265 -1.001762 -5.233630 5.659843 -5.445516 28.382771 -15.035244 -25.593991 25.351247 0.000000 0.000000 0.000000 -6.457547 -0.057648 5.799014 6.070854 -0.466100 -19.854551 -1.371637 2.372895 28.999511 -0.821033 5.742220 -43.294052 0.000000 0.000000 0.000000 -21.442382 -10.256306 -4.022409 -54.653236 -11.057694 -1.950385 -10.775273 -34.217267 2.659135 0.000000 0.000000 0.000000 15.846971 8.657451 9.167048 55.591203 12.097661 -2.138928 12.943482 36.138282 7.082814 0.000000 0.000000 0.000000 
-0.704903 0.920760 0.098315 -1.789303 32.002379 4.612355 13.152073 -1.970887 -21.892100 -10.781474 0.248312 4.357108 20.463225 32.737472 30.601528 0.000000 0.000000 0.000000 -11.533486 -0.877550 -1.750124 3.789564 -2.865739 21.867162 -14.336387 -23.781452 29.146621 0.000000 0.000000 0.000000 -6.794233 -0.017545 6.189634 5.127400 -0.219220 -20.255843 -0.501693 2.521160 29.236499 -0.114011 5.312002 -43.673547 0.000000 0.000000 0.000000 -22.525956 -10.212915 -3.776989 -54.400527 -13.129562 -1.065418 -9.646620 -34.267044 2.578313 0.000000 0.000000 0.000000 15.301806 9.345054 9.019758 55.310659 11.374868 -2.450540 14.809014 39.258167 8.582221 0.000000 0.000000 0.000000 
-0.751258 0.910567 0.086029 -1.714022 30.318948 5.149978 16.282355 -1.871900 -23.496290 -11.201320 0.285809 2.776869 21.439656 33.158803 34.439746 0.000000 0.000000 0.000000 -9.774058 -0.605562 0.023902 3.049715 -1.559643 15.621165 -14.921024 -26.023231 24.718497 0.000000 0.000000 0.000000 -6.511296 -0.012638 6.948057 5.895880 -0.523636 -19.496591 -1.420206 2.565619 28.403664 1.081969 4.701076 -44.530420 0.000000 0.000000 0.000000 -23.251555 -9.686258 -3.803366 -53.076566 -14.372940 -0.381216 -7.107208 -34.595991 1.956095 0.000000 0.000000 0.000000 16.154032 10.450493 9.647164 54.891361 11.585585 -2.442049 12.575871 41.083088 8.106911 0.000000 0.000000 0.000000 
-0.799005 0.904635 0.073787 -2.036446 28.050735 4.418342 18.769372 -1.535335 -22.571722 -9.313194 0.189508 -0.996321 22.131887 33.116655 37.450925 0.000000 0.000000 0.000000 -7.497727 -0.395764 0.754769 2.408017 -0.888319 11.748694 -13.362063 -27.016636 15.284492 0.000000 0.000000 0.000000 -5.207945 -0.120000 8.775325 5.410514 -0.422470 -19.482261 -1.112239 3.580765 29.410405 0.856902 4.642005 -46.857572 0.000000 0.000000 0.000000 -25.241515 -10.712707 -3.580662 -51.667854 -15.590388 0.372181 -4.715408 -34.593677 1.344080 0.000000 0.000000 0.000000 14.929304 11.009244 9.405691 55.925089 12.260373 -1.919454 10.601132 41.654189 7.503638 0.000000 0.000000 0.000000 
-0.843642 0.903901 0.063172 -2.781146 26.638270 4.697611 22.550725 -1.301919 -22.631596 -8.964613 0.035239 -4.944272 22.724290 33.172979 39.755453 0.000000 0.000000 0.000000 -5.495964 -0.091269 -1.658460 3.552892 -1.110644 11.107000 -12.354688 -27.403286 9.680408 0.000000 0.000000 0.000000 -4.180304 -0.239184 10.131526 6.020902 -0.576240 -20.548655 -1.465119 2.511641 29.335359 0.566381 4.557784 -46.214660 0.000000 0.000000 0.000000 -27.468466 -9.746215 -3.773545 -50.259472 -15.134041 0.163846 -3.505039 -35.257912 1.268859 0.000000 0.000000 0.000000 14.851686 11.113030 8.982878 55.099332 13.209636 -1.563410 11.490093 40.310571 7.313723 0.000000 0.000000 0.000000 
-0.880565 0.909521 0.055660 -2.777074 24.800203 4.293593 24.176368 -1.131421 -20.192399 -7.410934 -0.102950 -8.765319 21.857503 32.588795 38.223399 0.000000 0.000000 0.000000 -3.924300 0.086384 -2.647961 3.782599 -1.064847 10.480815 -11.420248 -26.484520 7.243921 0.000000 0.000000 0.000000 -2.967535 -0.337438 10.256954 6.057085 -0.677498 -19.462484 -2.126404 3.387319 28.561860 1.685168 4.125692 -46.425445 0.000000 0.000000 0.000000 -28.455386 -9.970229 -3.670933 -49.409542 -14.076588 -0.125918 -2.309860 -33.953129 0.931890 0.000000 0.000000 0.000000 16.725581 9.049889 8.285236 53.629419 12.490082 -2.189327 11.364144 40.120086 7.244193 0.000000 0.000000 0.000000 
-0.908305 0.916744 0.050754 -1.658592 21.934638 4.474327 23.631442 -0.883503 -18.360168 -7.432776 0.020758 -8.189802 21.370307 32.842404 33.396474 0.000000 0.000000 0.000000 -4.581763 0.077146 -2.531966 4.854282 -1.097595 8.154214 -10.009663 -23.865803 6.012766 0.000000 0.000000 0.000000 -2.503224 -0.357876 10.348697 5.169271 -0.439808 -20.319640 -2.506529 2.449424 29.079430 2.476863 3.541730 -44.959995 0.000000 0.000000 0.000000 -27.803458 -7.123740 -4.008268 -51.855780 -12.970509 -1.199075 -3.051045 -31.796961 1.346231 0.000000 0.000000 0.000000 15.997726 8.430506 7.146150 54.366068 12.681258 -2.013142 11.980339 36.870445 6.584127 0.000000 0.000000 0.000000 
-0.928772 0.923896 0.047556 -0.802891 18.174101 5.381663 21.440124 -0.623112 -17.255342 -7.003835 0.356838 -2.661162 16.728284 29.361888 25.801699 0.000000 0.000000 0.000000 -5.070144 0.174204 -3.622260 5.180380 -0.991555 6.635988 -8.471637 -20.457219 5.878896 0.000000 0.000000 0.000000 -2.520394 -0.246013 9.048121 5.146506 -0.490738 -20.835634 -2.594536 2.831101 29.853560 1.285598 3.741000 -44.110544 0.000000 0.000000 0.000000 -28.689087 -5.681918 -4.229703 -51.262446 -11.052806 -2.239635 -4.149329 -30.804622 1.799858 0.000000 0.000000 0.000000 16.570938 7.365761 6.281579 52.681273 11.537482 -2.760465 13.325516 35.593674 6.654370 0.000000 0.000000 0.000000 
-0.943878 0.929953 0.044929 -0.096224 14.462743 5.993774 19.465717 -0.504136 -14.757739 -7.992255 0.620450 2.228671 12.720069 25.024608 21.722528 0.000000 0.000000 0.000000 -5.412484 0.231418 -3.918363 5.043825 -0.805244 4.483445 -6.919914 -17.071173 6.176101 0.000000 0.000000 0.000000 -2.305478 -0.175004 7.706659 4.913200 -0.507844 -20.540501 -2.798431 3.445675 29.966898 1.862274 3.284422 -42.001240 0.000000 0.000000 0.000000 -28.283729 -3.745024 -4.612873 -51.796788 -9.316479 -3.281870 -6.162544 -28.473227 2.299406 0.000000 0.000000 0.000000 17.208624 6.986635 5.824513 51.521914 11.748811 -2.787686 11.270648 32.232981 5.167014 0.000000 0.000000 0.000000 
-0.954947 0.934021 0.042562 0.504585 12.572048 6.424077 15.760217 -0.536556 -13.631851 -7.907471 0.767115 7.781146 7.672623 18.406098 16.712914 0.000000 0.000000 0.000000 -5.782018 0.253181 -3.995505 5.258464 -0.770360 2.897428 -6.076409 -15.270450 6.697479 0.000000 0.000000 0.000000 -2.495641 -0.107580 6.675566 4.958539 -0.554531 -20.533445 -2.627775 3.486495 29.986855 2.397498 2.915865 -42.049904 0.000000 0.000000 0.000000 -27.870901 -3.827318 -3.962341 -52.778281 -8.248810 -4.009782 -4.792781 -25.755788 1.859681 0.000000 0.000000 0.000000 18.349289 5.766334 5.072871 50.044407 10.250382 -3.525844 9.560719 30.479929 4.296007 0.000000 0.000000 0.000000 
-0.963184 0.937257 0.040397 0.802152 10.886646 5.936900 13.661842 -0.522332 -12.492070 -8.207970 0.914843 11.475750 5.734769 15.273669 14.846815 0.000000 0.000000 0.000000 -5.685477 0.217259 -2.882250 4.985736 -0.670622 1.031708 -5.242411 -13.576047 7.244352 0.000000 0.000000 0.000000 -2.647361 -0.110858 7.295025 5.376718 -0.712823 -20.425024 -2.788957 3.240520 29.708944 2.307309 2.700916 -39.779959 0.000000 0.000000 0.000000 -27.450638 -1.525834 -4.788277 -53.237745 -7.201843 -4.662199 -6.162480 -24.049295 2.087705 0.000000 0.000000 0.000000 17.943909 6.281472 4.964317 50.514874 9.814479 -3.602944 7.197825 27.807763 3.191817 0.000000 0.000000 0.000000 
-0.969312 0.938574 0.038307 0.054264 11.485894 6.531261 13.087498 -0.585469 -12.508128 -6.975594 0.679107 11.871422 5.061015 14.073184 13.410238 0.000000 0.000000 0.000000 -4.612546 0.287538 -3.641582 5.321442 -0.721628 0.637393 -5.433125 -13.935379 8.004788 0.000000 0.000000 0.000000 -2.384046 -0.081422 5.729020 6.353150 -0.997124 -20.018289 -2.693163 2.659956 30.184179 1.015426 3.191420 -39.085343 0.000000 0.000000 0.000000 -26.725895 -1.710731 -4.394650 -53.497592 -6.317252 -5.242241 -6.264890 -23.374080 2.070509 0.000000 0.000000 0.000000 19.191242 5.233738 4.526410 50.240098 8.456365 -4.297662 3.124818 27.700971 2.260458 0.000000 0.000000 0.000000 
-0.973497 0.940058 0.036753 -0.405125 12.304532 5.871620 12.407723 -0.622836 -10.337220 -6.469305 0.570825 9.543616 5.979846 15.356855 13.015395 0.000000 0.000000 0.000000 -3.511428 0.260692 -3.000939 4.890795 -0.669392 0.469645 -5.705561 -14.452868 8.599882 0.000000 0.000000 0.000000 -1.771974 -0.150757 6.222231 6.246856 -0.882653 -21.071605 -2.394642 2.028479 30.327599 0.833005 3.217698 -37.763558 0.000000 0.000000 0.000000 -26.921666 -1.903552 -4.262996 -52.869899 -6.093757 -5.293541 -5.678545 -22.378038 1.873450 0.000000 0.000000 0.000000 18.858683 4.754426 4.200541 51.173441 7.686286 -4.641319 2.277493 25.689347 1.878290 0.000000 0.000000 0.000000 
-0.975544 0.939881 0.035263 -0.334632 12.722081 6.364618 13.254689 -0.643082 -10.291453 -7.654197 0.719165 7.527590 5.839761 15.462751 14.523570 0.000000 0.000000 0.000000 -4.029658 0.313349 -4.018470 5.960726 -0.849171 1.193361 -5.896118 -14.803921 8.577043 0.000000 0.000000 0.000000 -2.584022 -0.025939 4.039856 6.424652 -1.029327 -19.546825 -1.170530 1.919807 29.557108 0.349575 3.393750 -36.058156 0.000000 0.000000 0.000000 -26.902658 -1.785269 -4.467204 -53.306628 -4.839287 -5.746144 -6.470138 -23.012005 2.058362 0.000000 0.000000 0.000000 17.543200 3.889943 3.612995 53.711444 6.508171 -5.051386 -0.686946 25.753727 1.370841 0.000000 0.000000 0.000000 
-0.975950 0.941549 0.034106 -0.323553 13.038691 5.435139 12.600704 -0.643333 -9.071457 -6.167420 0.510774 5.719129 5.457605 15.509307 17.494410 0.000000 0.000000 0.000000 -4.344953 0.252942 -3.419511 6.566504 -0.972115 1.843379 -5.921911 -14.828522 9.078696 0.000000 0.000000 0.000000 -2.892292 -0.063515 5.819128 6.361058 -0.915649 -20.912278 -0.612386 2.725420 28.503239 0.705570 3.345943 -34.728688 0.000000 0.000000 0.000000 -27.012747 -2.831034 -4.283833 -51.682580 -4.512199 -5.436191 -7.044364 -22.133417 2.017435 0.000000 0.000000 0.000000 18.943482 4.538534 4.390122 52.775935 5.729937 -5.423998 0.219313 23.480604 1.337461 0.000000 0.000000 0.000000 
