HIERARCHY
ROOT Hips
{
	OFFSET -0.001795 -0.223333 0.028219
	CHANNELS 6 Xposition Yposition Zposition Zrotation Yrotation Xrotation 
	JOINT LeftUpLeg
	{
		OFFSET 0.069520 -0.091406 -0.006815
		CHANNELS 3 Zrotation Yrotation Xrotation
		JOINT LeftLeg
		{
			OFFSET 0.034277 -0.375199 -0.004496
			CHANNELS 3 Zrotation Yrotation Xrotation
			JOINT LeftFoot
			{
				OFFSET -0.013596 -0.397961 -0.043693
				CHANNELS 3 Zrotation Yrotation Xrotation
				JOINT LeftToe
				{
					OFFSET 0.026358 -0.055791 0.119288
					CHANNELS 3 Zrotation Yrotation Xrotation
					End Site
					{
						OFFSET 0.000000 0.000000 0.000000
					}
				}
			}
		}
	}
	JOINT RightUpLeg
	{
		OFFSET -0.067670 -0.090522 -0.004320
		CHANNELS 3 Zrotation Yrotation Xrotation
		JOINT RightLeg
		{
			OFFSET -0.038290 -0.382569 -0.008850
			CHANNELS 3 Zrotation Yrotation Xrotation
			JOINT RightFoot
			{
				OFFSET 0.015774 -0.398415 -0.042312
				CHANNELS 3 Zrotation Yrotation Xrotation
				JOINT RightToe
				{
					OFFSET -0.025372 -0.048144 0.123348
					CHANNELS 3 Zrotation Yrotation Xrotation
					End Site
					{
						OFFSET 0.000000 0.000000 0.000000
					}
				}
			}
		}
	}
	JOINT Spine
	{
		OFFSET -0.002533 0.108963 -0.026696
		CHANNELS 3 Zrotation Yrotation Xrotation
		JOINT Spine1
		{
			OFFSET 0.005487 0.135180 0.001092
			CHANNELS 3 Zrotation Yrotation Xrotation
			JOINT Spine2
			{
				OFFSET 0.001457 0.052922 0.025425
				CHANNELS 3 Zrotation Yrotation Xrotation
				JOINT Neck
				{
					OFFSET -0.002778 0.213870 -0.042857
					CHANNELS 3 Zrotation Yrotation Xrotation
					JOINT Head
					{
						OFFSET 0.005152 0.064970 0.051349
						CHANNELS 3 Zrotation Yrotation Xrotation
						End Site
						{
							OFFSET 0.000000 0.000000 0.000000
						}
					}
				}
				JOINT LeftShoulder
				{
					OFFSET 0.078845 0.121749 -0.034090
					CHANNELS 3 Zrotation Yrotation Xrotation
					JOINT LeftArm
					{
						OFFSET 0.090977 0.030469 -0.008868
						CHANNELS 3 Zrotation Yrotation Xrotation
						JOINT LeftForeArm
						{
							OFFSET 0.259612 -0.012772 -0.027456
							CHANNELS 3 Zrotation Yrotation Xrotation
							JOINT LeftHand
							{
								OFFSET 0.249234 0.008986 -0.001171
								CHANNELS 3 Zrotation Yrotation Xrotation
								End Site
								{
									OFFSET 0.000000 0.000000 0.000000
								}
							}
						}
					}
				}
				JOINT RightShoulder
				{
					OFFSET -0.081759 0.118833 -0.038615
					CHANNELS 3 Zrotation Yrotation Xrotation
					JOINT RightArm
					{
						OFFSET -0.096012 0.032551 -0.009143
						CHANNELS 3 Zrotation Yrotation Xrotation
						JOINT RightForeArm
						{
							OFFSET -0.253742 -0.013329 -0.021401
							CHANNELS 3 Zrotation Yrotation Xrotation
							JOINT RightHand
							{
								OFFSET -0.255298 0.007772 -0.005559
								CHANNELS 3 Zrotation Yrotation Xrotation
								End Site
								{
									OFFSET 0.000000 0.000000 0.000000
								}
							}
						}
					}
				}
			}
		}
	}
}
MOTION
Frames: 196
Frame Time: 0.050000
0.000000 0.802480 0.000000 -0.996455 -8.995527 25.008039 3.499333 -0.328456 -72.552332 -10.991527 6.716345 55.713907 9.733208 20.139782 -0.728718 0.000000 0.000000 0.000000 -13.248113 2.738736 -60.215479 22.751833 -10.458345 52.458226 -13.626604 -41.253288 -12.171133 0.000000 0.000000 0.000000 5.039670 -3.157807 64.822603 -7.686359 1.803366 -29.062249 -3.175225 2.143748 30.937436 14.404394 -6.506591 -25.922629 0.000000 0.000000 0.000000 -15.806282 -4.845338 2.137429 -49.543417 -3.654788 -6.967052 -44.072806 -74.369938 40.524034 0.000000 0.000000 0.000000 19.835559 -5.500501 -4.585334 54.185106 -4.689022 -9.619332 36.975902 59.502961 24.945819 0.000000 0.000000 0.000000 
0.001110 0.797786 0.000854 -1.694253 -9.883893 25.471967 4.258954 0.727162 -72.346703 -9.971984 6.362068 57.023908 9.035999 18.610568 -3.246424 0.000000 0.000000 0.000000 -12.800216 3.449582 -62.043127 23.478332 -11.177857 54.739772 -14.779590 -43.485656 -10.568065 0.000000 0.000000 0.000000 3.502467 -1.666689 65.901016 -6.975435 1.555190 -32.233843 -0.985041 4.178636 33.673044 15.555618 -5.836546 -31.296497 0.000000 0.000000 0.000000 -18.925470 -7.207713 2.980980 -43.164836 -0.962526 -7.054422 -84.155002 -80.782866 80.831733 0.000000 0.000000 0.000000 22.120372 -8.137670 -5.883451 51.900476 -7.157967 -10.456887 43.927688 63.673694 32.439096 0.000000 0.000000 0.000000 
0.001564 0.793517 0.002492 -0.401250 -8.858484 23.901183 4.357761 0.151343 -71.302204 -11.777308 7.512080 56.761208 9.045240 18.617985 -6.639162 0.000000 0.000000 0.000000 -14.870993 1.940083 -60.869112 25.687283 -13.074083 55.423828 -15.583627 -45.779803 -11.133849 0.000000 0.000000 0.000000 3.275889 -1.898930 66.959617 -5.700915 1.452886 -31.212943 -2.055916 4.293390 33.238058 14.659628 -6.012063 -28.050372 0.000000 0.000000 0.000000 -14.912194 -7.850539 3.188737 -48.068117 0.316874 -8.244995 -93.450112 -82.362643 91.851628 0.000000 0.000000 0.000000 22.602366 -7.137842 -5.137223 50.410928 -7.486595 -10.290385 53.846758 63.632454 39.422100 0.000000 0.000000 0.000000 
0.001872 0.789474 0.004489 0.102582 -7.696072 23.450099 3.596854 -0.975781 -71.476085 -11.232700 7.011021 57.762544 7.936519 16.080048 -6.782846 0.000000 0.000000 0.000000 -15.069053 1.386784 -61.121023 25.846638 -13.788793 56.404384 -16.770416 -47.221520 -9.404081 0.000000 0.000000 0.000000 3.492780 -2.630055 67.877413 -6.502596 1.551548 -31.911371 -2.114995 3.137544 33.309845 15.672142 -6.169414 -30.582402 0.000000 0.000000 0.000000 -16.451609 -7.947583 3.501907 -46.759089 1.318196 -8.443686 -122.469643 -82.953523 122.950128 0.000000 0.000000 0.000000 23.194966 -7.024949 -5.422345 48.732370 -9.181743 -10.515125 61.701495 65.689889 46.333695 0.000000 0.000000 0.000000 
0.001744 0.782836 0.006834 0.278342 -7.919373 22.825267 4.133621 -0.508718 -72.106420 -12.490256 8.127301 58.991751 8.568270 17.485073 -7.238427 0.000000 0.000000 0.000000 -15.184555 1.379375 -60.520841 25.751470 -13.886802 57.419759 -16.519793 -47.348185 -10.528216 0.000000 0.000000 0.000000 3.346880 -2.417575 67.576212 -6.547575 1.571190 -31.684499 -2.535608 3.450404 33.404959 14.156718 -5.602437 -29.265868 0.000000 0.000000 0.000000 -15.435199 -8.686461 3.815506 -47.849734 1.088797 -8.553294 -144.618046 -83.501444 147.537494 0.000000 0.000000 0.000000 24.178289 -8.092586 -6.190219 46.039614 -9.473754 -10.027184 71.595967 64.917194 53.479965 0.000000 0.000000 0.000000 
0.001464 0.776480 0.008773 0.040168 -7.962642 21.530608 4.359808 -0.347564 -71.682756 -12.678899 8.532082 60.401347 8.637133 17.566126 -7.643868 0.000000 0.000000 0.000000 -14.695056 1.589952 -59.453159 25.390478 -13.857805 58.849242 -16.893015 -48.528079 -11.134783 0.000000 0.000000 0.000000 3.107501 -2.200678 68.836537 -6.853844 1.602411 -32.786887 -2.137868 3.102664 33.810269 14.122199 -5.519997 -29.902467 0.000000 0.000000 0.000000 -15.081500 -8.034658 3.505959 -47.654998 1.400445 -8.683889 -146.612976 -82.954734 149.581874 0.000000 0.000000 0.000000 22.498875 -8.298605 -6.114123 45.754175 -10.298148 -10.241371 79.387057 64.081620 59.084840 0.000000 0.000000 0.000000 
0.001309 0.773672 0.010084 0.037245 -7.897011 21.250368 4.878641 -0.014821 -71.805578 -13.104910 8.991145 61.198729 8.833254 18.044488 -6.824601 0.000000 0.000000 0.000000 -14.429476 1.675969 -58.928840 24.655900 -13.405740 59.271063 -16.418755 -48.592605 -12.793262 0.000000 0.000000 0.000000 2.847510 -2.022315 68.570546 -6.783635 1.590523 -32.961158 -2.428293 3.154668 33.622349 14.210491 -5.597201 -29.719384 0.000000 0.000000 0.000000 -15.038070 -7.842605 3.381513 -46.880167 2.632066 -8.932914 -153.261018 -81.219399 156.042910 0.000000 0.000000 0.000000 22.434507 -8.736000 -6.382077 44.653289 -11.018752 -10.170677 88.559421 62.312929 65.193497 0.000000 0.000000 0.000000 
0.001603 0.774108 0.010893 -0.198954 -7.569951 21.187215 5.286772 0.118901 -71.707209 -12.933352 8.876500 61.522123 8.736692 17.823192 -7.162973 0.000000 0.000000 0.000000 -13.801877 1.843678 -58.278759 23.812662 -12.878977 59.468178 -16.447688 -49.040009 -13.318434 0.000000 0.000000 0.000000 2.690013 -2.039229 68.416061 -6.488142 1.541355 -33.509159 -2.017239 3.492015 33.717346 14.548228 -5.689574 -29.904957 0.000000 0.000000 0.000000 -16.244931 -7.965997 3.367894 -45.597954 3.134246 -8.834955 -152.191833 -81.010251 154.300142 0.000000 0.000000 0.000000 21.723339 -9.539681 -6.672793 43.366074 -11.068860 -9.873687 95.876067 61.554746 71.219675 0.000000 0.000000 0.000000 
0.002306 0.777768 0.011708 -0.332682 -7.522339 21.010966 5.817511 0.428968 -70.697229 -13.133775 8.885406 60.265534 8.732325 17.835528 -7.049294 0.000000 0.000000 0.000000 -13.103821 2.110732 -57.256207 22.650111 -11.832904 58.773253 -15.775375 -48.512676 -14.890757 0.000000 0.000000 0.000000 2.360551 -1.802498 67.638254 -6.104006 1.502699 -33.386323 -1.804772 3.926711 33.393359 15.010289 -5.805304 -30.234835 0.000000 0.000000 0.000000 -17.148921 -8.384247 3.487607 -45.191031 3.859992 -8.930144 -148.332738 -81.131446 149.562263 0.000000 0.000000 0.000000 21.380821 -10.003288 -6.800455 41.591043 -11.001416 -9.400935 100.222427 61.089111 74.906076 0.000000 0.000000 0.000000 
0.003338 0.782645 0.012962 -0.655884 -7.388175 20.543096 5.496385 0.138988 -69.918708 -12.219603 8.115491 59.733008 8.830821 18.119930 -5.627512 0.000000 0.000000 0.000000 -12.520442 2.285947 -56.103260 22.009729 -11.166147 57.942866 -15.463204 -48.094347 -15.552480 0.000000 0.000000 0.000000 2.342128 -1.829590 67.078045 -6.045788 1.494194 -33.548940 -1.540216 4.252888 33.527259 15.106427 -5.697312 -30.889835 0.000000 0.000000 0.000000 -16.739295 -7.951861 3.153140 -45.939841 3.771097 -9.070578 -137.916566 -81.206131 137.731049 0.000000 0.000000 0.000000 20.658002 -10.130367 -6.657840 41.310230 -9.815111 -9.045733 103.318791 61.343927 78.648107 0.000000 0.000000 0.000000 
0.004648 0.786276 0.015170 -0.945209 -7.402392 20.112194 4.909102 -0.261272 -68.939908 -10.856152 7.092240 59.479647 8.863774 18.178297 -5.918065 0.000000 0.000000 0.000000 -11.854530 2.511412 -54.687491 21.357335 -10.410761 56.840761 -14.757065 -47.138238 -16.987252 0.000000 0.000000 0.000000 2.296024 -1.774147 65.992861 -5.998774 1.492011 -33.560468 -1.192491 5.220738 33.212862 15.242903 -5.512294 -31.499368 0.000000 0.000000 0.000000 -17.250288 -8.291662 3.078083 -46.438711 3.582314 -9.059983 -119.642721 -81.846179 117.767895 0.000000 0.000000 0.000000 21.146046 -10.262638 -6.541982 40.171198 -8.131320 -8.389779 104.360555 62.447173 81.505920 0.000000 0.000000 0.000000 
0.006323 0.788246 0.018954 -1.163930 -7.552614 19.160413 4.506794 -0.477548 -67.720588 -10.029884 6.591205 59.757449 9.053655 18.574307 -5.320265 0.000000 0.000000 0.000000 -11.428036 2.656797 -53.380481 21.135573 -10.115362 56.816758 -14.323748 -46.120482 -17.687311 0.000000 0.000000 0.000000 2.490922 -1.829092 65.421541 -6.070344 1.505437 -33.522301 -1.149702 5.608098 33.090350 14.626576 -5.216297 -31.271571 0.000000 0.000000 0.000000 -17.638866 -8.047803 2.838615 -46.170047 3.178577 -8.874897 -93.405731 -82.455367 90.898763 0.000000 0.000000 0.000000 20.598393 -9.344782 -5.769540 40.339172 -6.392036 -8.008318 102.854674 63.071840 81.023524 0.000000 0.000000 0.000000 
0.008323 0.787932 0.024341 -1.503025 -8.135911 18.105262 3.981923 -0.591243 -66.522746 -8.851108 5.965668 60.580989 8.958693 18.279778 -5.637585 0.000000 0.000000 0.000000 -10.922387 2.942760 -52.308378 20.996428 -9.904250 57.658032 -14.327276 -45.526583 -17.260562 0.000000 0.000000 0.000000 2.397011 -1.525068 64.084910 -5.834391 1.493852 -32.666932 -1.111888 6.735222 32.368363 14.285667 -4.897233 -31.168436 0.000000 0.000000 0.000000 -17.709801 -8.879142 3.005108 -46.793924 3.871143 -9.124534 -71.919529 -81.213445 68.124665 0.000000 0.000000 0.000000 22.278886 -8.494767 -5.156143 39.252456 -4.991378 -7.484095 97.293305 63.927963 76.650418 0.000000 0.000000 0.000000 
0.010490 0.786948 0.031352 -1.594427 -8.542000 16.891731 3.278574 -0.904557 -65.080045 -8.055354 5.605451 61.466818 9.154490 18.650042 -5.899111 0.000000 0.000000 0.000000 -10.629735 3.035461 -50.807915 20.578912 -9.525620 58.448960 -13.980814 -44.944471 -18.250262 0.000000 0.000000 0.000000 2.465780 -1.414959 62.805328 -6.073043 1.541184 -31.976932 -0.989102 6.828778 31.913173 13.447814 -4.553436 -30.904597 0.000000 0.000000 0.000000 -19.367225 -8.425588 2.714127 -45.236582 4.851311 -9.097946 -63.913232 -79.158548 58.642574 0.000000 0.000000 0.000000 23.167702 -7.851039 -4.853773 38.453945 -4.469628 -7.225155 92.756272 62.853538 70.874091 0.000000 0.000000 0.000000 
0.012599 0.786025 0.039439 -1.561578 -8.852702 15.654663 2.656604 -1.197612 -64.056757 -7.657358 5.555676 62.829981 9.364990 19.062832 -5.533487 0.000000 0.000000 0.000000 -10.315141 3.092648 -49.352017 19.937124 -9.083928 59.697495 -13.963821 -44.620933 -18.362714 0.000000 0.000000 0.000000 2.702754 -1.461388 61.849128 -6.263943 1.577647 -31.794485 -1.118000 7.070914 31.982723 13.318282 -4.524238 -30.890841 0.000000 0.000000 0.000000 -20.240891 -8.271888 2.587236 -44.462041 6.054255 -9.351627 -57.861687 -77.764895 51.918450 0.000000 0.000000 0.000000 24.131400 -7.167595 -4.458856 37.678965 -4.754453 -7.223732 88.919828 61.697671 65.893364 0.000000 0.000000 0.000000 
0.014366 0.787611 0.048167 -1.658909 -9.332581 15.262725 2.090044 -1.369872 -63.110438 -6.953547 5.199087 63.160978 9.723853 19.831802 -5.914139 0.000000 0.000000 0.000000 -9.925257 3.196398 -47.721962 19.184605 -8.284111 59.504794 -13.390166 -43.984365 -20.168222 0.000000 0.000000 0.000000 2.909849 -1.431473 60.087324 -6.726999 1.660553 -31.283366 -1.189245 6.876471 31.778615 12.613521 -4.262301 -30.631066 0.000000 0.000000 0.000000 -20.861697 -7.198860 2.071558 -43.002689 6.740674 -9.229205 -54.587200 -76.398287 47.975577 0.000000 0.000000 0.000000 24.162218 -6.999996 -4.518943 37.834444 -5.332695 -7.344743 86.713481 60.241516 62.131251 0.000000 0.000000 0.000000 
0.015937 0.791340 0.057187 -1.578721 -9.589733 14.898281 1.553943 -1.605425 -61.590928 -6.857762 5.224026 62.675430 10.089867 20.672602 -6.857294 0.000000 0.000000 0.000000 -9.337767 3.294952 -46.039945 18.404059 -7.534008 59.313001 -13.109467 -44.122968 -21.735875 0.000000 0.000000 0.000000 2.672539 -1.208238 58.485103 -6.505131 1.641226 -30.797631 -1.617274 6.668744 31.613951 12.216749 -4.281277 -29.809427 0.000000 0.000000 0.000000 -20.985159 -6.377680 1.725284 -42.513689 7.911775 -9.506067 -52.013883 -75.590114 45.222215 0.000000 0.000000 0.000000 24.958466 -6.744276 -4.586675 37.560513 -6.614917 -7.584548 85.884017 58.784188 59.542401 0.000000 0.000000 0.000000 
0.017436 0.795936 0.066243 -1.365416 -9.991193 14.488758 1.091411 -1.749491 -60.337038 -6.827961 5.324827 62.241270 10.206800 20.943635 -7.108969 0.000000 0.000000 0.000000 -9.537307 3.105331 -43.994410 18.306956 -7.156405 58.373478 -13.046494 -44.406582 -22.533230 0.000000 0.000000 0.000000 2.579382 -1.035834 57.403607 -7.187505 1.760402 -30.565265 -1.376233 6.037187 31.708583 11.603114 -4.118164 -29.646894 0.000000 0.000000 0.000000 -21.302993 -5.084148 1.206213 -41.395374 7.575386 -9.201333 -48.415779 -74.156990 41.402504 0.000000 0.000000 0.000000 25.313297 -7.037976 -5.117846 37.871371 -6.972007 -7.685559 85.435635 58.317222 58.378993 0.000000 0.000000 0.000000 
0.018646 0.800907 0.074906 -1.429513 -10.190365 14.458488 0.864035 -1.815613 -58.834632 -6.363261 4.936105 60.660660 10.284749 21.181153 -7.611570 0.000000 0.000000 0.000000 -9.387779 3.034123 -42.341765 17.773416 -6.548505 57.150484 -12.950783 -43.777370 -22.557435 0.000000 0.000000 0.000000 2.431860 -0.911160 56.174180 -7.029755 1.746450 -30.186597 -1.730696 6.328218 31.850060 11.550128 -4.087925 -29.652597 0.000000 0.000000 0.000000 -20.763623 -4.677153 0.969220 -41.881562 7.352270 -9.280039 -41.787453 -73.530252 35.633482 0.000000 0.000000 0.000000 26.599661 -7.198895 -5.362751 38.124656 -6.030467 -7.548717 85.082942 59.460442 59.406507 0.000000 0.000000 0.000000 
0.019397 0.805814 0.082477 -1.240870 -10.494607 14.462194 0.804631 -1.761717 -57.983738 -6.499551 5.061033 59.682338 10.224598 21.064869 -7.689462 0.000000 0.000000 0.000000 -9.820051 2.815771 -40.789399 17.891044 -6.329186 55.363482 -13.033999 -43.879072 -22.484603 0.000000 0.000000 0.000000 2.281127 -0.761360 55.066971 -7.748776 1.882121 -29.651805 -1.503088 6.308194 31.604871 11.130787 -3.750118 -30.360711 0.000000 0.000000 0.000000 -21.351023 -4.412826 0.824849 -41.073160 6.668178 -8.878814 -36.801980 -73.093796 31.456965 0.000000 0.000000 0.000000 27.859266 -7.710858 -5.997561 37.588802 -5.147293 -7.184773 85.356944 60.726367 60.830389 0.000000 0.000000 0.000000 
0.019415 0.809940 0.088594 -1.163444 -10.713692 14.637573 0.935254 -1.631472 -57.358907 -6.470150 4.993808 58.414640 10.106508 20.808594 -7.481603 0.000000 0.000000 0.000000 -10.372618 2.628759 -39.952569 17.943064 -6.184653 54.149794 -13.286060 -43.602760 -21.180889 0.000000 0.000000 0.000000 2.107661 -0.618537 54.218252 -7.672588 1.878003 -29.572484 -1.734391 6.570148 31.917673 10.954908 -3.407032 -31.768889 0.000000 0.000000 0.000000 -21.050792 -4.783484 1.040891 -41.686418 5.149385 -8.598727 -25.570272 -72.152017 22.488542 0.000000 0.000000 0.000000 28.933605 -7.022197 -5.631847 38.221101 -2.744304 -6.745979 84.858074 63.716505 63.755943 0.000000 0.000000 0.000000 
0.018847 0.813718 0.093283 -1.099523 -10.893942 14.485806 1.283476 -1.413884 -56.620026 -6.761931 5.215361 57.647394 9.826799 20.166008 -7.266783 0.000000 0.000000 0.000000 -10.612739 2.491085 -38.753503 17.998513 -6.003779 52.629234 -13.582131 -43.349200 -19.795783 0.000000 0.000000 0.000000 2.052245 -0.562786 53.436875 -8.334267 1.997186 -29.324747 -1.554945 6.714651 31.965519 10.855235 -3.281584 -32.237515 0.000000 0.000000 0.000000 -22.030116 -5.131233 1.195157 -40.385459 3.528414 -7.874986 -18.329774 -71.260216 16.805882 0.000000 0.000000 0.000000 29.685130 -6.459041 -5.317337 38.335067 -0.591174 -6.248050 84.712468 66.540101 66.696817 0.000000 0.000000 0.000000 
0.017922 0.816671 0.096878 -0.867247 -10.719345 14.285705 1.441113 -1.408960 -56.030745 -6.906056 5.214164 56.839078 9.677666 19.839520 -7.059329 0.000000 0.000000 0.000000 -11.054310 2.277361 -37.837815 17.933025 -5.893702 51.259593 -13.630657 -43.041211 -19.345687 0.000000 0.000000 0.000000 1.998153 -0.593730 52.926469 -8.659920 2.085444 -28.867819 -1.509360 6.839481 31.524975 10.537882 -2.805670 -33.819442 0.000000 0.000000 0.000000 -21.813366 -5.639695 1.426029 -40.144988 2.243054 -7.405405 -13.809043 -70.709616 13.340912 0.000000 0.000000 0.000000 29.755388 -5.921813 -4.882300 39.018421 2.088201 -5.631440 83.902648 69.725270 69.568760 0.000000 0.000000 0.000000 
0.017068 0.819609 0.099983 -0.876286 -10.777266 13.614604 1.531001 -1.377900 -54.648589 -6.618041 4.984824 55.832785 9.241045 18.854934 -7.163367 0.000000 0.000000 0.000000 -10.861508 2.211812 -36.349824 17.545003 -5.519985 50.260285 -13.735659 -42.539011 -18.712542 0.000000 0.000000 0.000000 1.797312 -0.469142 52.676823 -8.635537 2.094070 -28.858360 -1.362474 7.521699 31.809746 10.681445 -2.444619 -36.037575 0.000000 0.000000 0.000000 -22.011987 -5.946275 1.396623 -39.910148 0.664143 -6.908558 -10.072343 -70.549274 10.544549 0.000000 0.000000 0.000000 29.431162 -5.058783 -3.935891 39.493523 4.847293 -5.052729 81.474605 73.535611 71.688252 0.000000 0.000000 0.000000 
0.016356 0.822143 0.103030 -0.729245 -10.577393 13.154984 1.264098 -1.588158 -53.730772 -6.371473 4.725540 55.147320 9.027974 18.383480 -7.181293 0.000000 0.000000 0.000000 -10.692987 2.160795 -35.605569 17.134669 -5.287487 49.847156 -13.923105 -42.394182 -17.885210 0.000000 0.000000 0.000000 1.805806 -0.559530 51.498391 -9.213160 2.231505 -28.437883 -1.063394 7.823083 31.550950 10.104317 -1.970481 -36.990055 0.000000 0.000000 0.000000 -22.415190 -6.289935 1.467264 -39.201772 -0.186488 -6.496606 -7.953832 -70.745643 8.972349 0.000000 0.000000 0.000000 28.645428 -4.626310 -3.427050 40.528586 6.968651 -4.564117 79.221307 75.954541 72.420163 0.000000 0.000000 0.000000 
0.015800 0.824390 0.106148 -0.675075 -10.454563 12.577434 1.176803 -1.679049 -52.622806 -5.976200 4.421276 54.637825 8.845303 17.974944 -7.178365 0.000000 0.000000 0.000000 -10.433648 2.128458 -34.690243 16.646222 -5.010266 49.855716 -13.972795 -41.834367 -17.221335 0.000000 0.000000 0.000000 1.697664 -0.559571 50.400561 -9.372183 2.306767 -27.761595 -1.058857 8.431133 31.186861 10.625868 -2.015533 -37.675206 0.000000 0.000000 0.000000 -22.467124 -6.782778 1.550965 -38.912188 -0.813620 -6.199682 -5.714140 -70.766119 7.217319 0.000000 0.000000 0.000000 28.161565 -3.916510 -2.679972 40.980732 8.993575 -4.026204 74.218374 78.127347 70.199322 0.000000 0.000000 0.000000 
0.015348 0.825766 0.108980 -0.820644 -10.023177 12.054348 1.059684 -1.850889 -51.906492 -5.653542 4.130260 54.682731 8.748745 17.753407 -7.390458 0.000000 0.000000 0.000000 -10.048707 2.076045 -33.579435 16.100698 -4.762736 49.588772 -13.854730 -41.279321 -17.277244 0.000000 0.000000 0.000000 1.795317 -0.735365 49.516139 -9.618237 2.405782 -27.049665 -1.064797 8.903920 30.570883 10.891860 -2.097141 -37.198954 0.000000 0.000000 0.000000 -22.584947 -7.407947 1.693516 -38.456249 -1.551880 -5.814292 -3.753872 -70.532650 5.622213 0.000000 0.000000 0.000000 27.784434 -3.555913 -2.202930 41.474574 10.524120 -3.585279 63.227687 79.052949 61.154459 0.000000 0.000000 0.000000 
0.014928 0.827481 0.111139 -1.025769 -10.061285 11.217365 1.239572 -1.760735 -51.034747 -5.694256 4.212198 54.693716 8.817473 17.903775 -6.912531 0.000000 0.000000 0.000000 -9.598295 2.076690 -32.379098 15.652073 -4.463609 49.846970 -13.743841 -40.289884 -16.813179 0.000000 0.000000 0.000000 1.638883 -0.653828 49.067827 -9.580570 2.421323 -26.848652 -0.874575 9.578719 30.913985 11.376859 -2.178700 -37.759144 0.000000 0.000000 0.000000 -22.965033 -8.057129 1.872054 -37.765072 -2.791762 -5.366774 -2.686185 -70.372125 4.721855 0.000000 0.000000 0.000000 27.602601 -3.039001 -1.579619 41.874396 12.000779 -3.261178 53.921149 79.436132 53.388199 0.000000 0.000000 0.000000 
0.014581 0.828952 0.112517 -1.118071 -9.794287 10.720175 1.153847 -1.868254 -50.509803 -5.727605 4.195371 54.749077 8.811702 17.890663 -6.467319 0.000000 0.000000 0.000000 -9.489273 2.000051 -31.506047 15.555671 -4.456959 49.838235 -13.662780 -39.774333 -16.643495 0.000000 0.000000 0.000000 1.446708 -0.620666 48.902881 -9.448386 2.433059 -26.366542 -0.922476 10.013809 30.462348 11.490585 -2.048382 -38.324119 0.000000 0.000000 0.000000 -22.416539 -8.859855 2.169993 -38.171745 -3.776803 -5.068894 -2.857971 -69.665746 4.655290 0.000000 0.000000 0.000000 27.708639 -2.729261 -1.186540 42.060026 13.142522 -2.912074 42.213767 78.628703 42.617654 0.000000 0.000000 0.000000 
0.014297 0.830671 0.113470 -1.323511 -9.753397 10.088037 1.459073 -1.738663 -49.881779 -5.782888 4.277020 54.951907 8.930906 18.151763 -5.919423 0.000000 0.000000 0.000000 -9.292407 1.953882 -30.493979 15.432293 -4.346014 49.526485 -13.466243 -38.963906 -16.763459 0.000000 0.000000 0.000000 1.218849 -0.523677 48.544000 -9.274679 2.409459 -26.321442 -0.597623 10.341925 31.112672 11.542833 -2.002595 -38.747341 0.000000 0.000000 0.000000 -22.601538 -9.521636 2.485935 -38.032199 -4.945224 -4.773959 -2.016092 -69.506290 4.055725 0.000000 0.000000 0.000000 27.606526 -2.153914 -0.643278 42.150845 13.818761 -2.804126 35.912882 78.077364 37.011532 0.000000 0.000000 0.000000 
0.014245 0.831351 0.114547 -1.469028 -9.707060 9.635456 1.572487 -1.702504 -49.324810 -5.910629 4.375923 54.956042 9.102927 18.534894 -6.130825 0.000000 0.000000 0.000000 -9.079049 1.930275 -29.765678 15.317371 -4.267282 49.422814 -13.388907 -38.877735 -17.302522 0.000000 0.000000 0.000000 0.901961 -0.387021 48.356954 -9.109565 2.401346 -25.878534 -0.610803 10.685445 30.866330 11.489019 -1.941656 -38.582321 0.000000 0.000000 0.000000 -22.236258 -10.242120 2.798913 -38.323802 -5.413903 -4.637244 -3.397251 -69.818537 4.962896 0.000000 0.000000 0.000000 27.678900 -2.091811 -0.475863 42.522891 13.842552 -2.810864 34.571048 76.930366 35.304495 0.000000 0.000000 0.000000 
0.014448 0.832793 0.115956 -1.719424 -9.693412 9.116300 1.789519 -1.612136 -48.706229 -6.135785 4.584661 55.227593 9.370897 19.107526 -5.270936 0.000000 0.000000 0.000000 -8.874954 1.885820 -28.755344 15.200134 -4.169971 49.270268 -13.535694 -39.123843 -17.194940 0.000000 0.000000 0.000000 0.787567 -0.344417 48.132157 -9.409069 2.495712 -25.427314 -0.174469 10.764103 30.919668 11.327659 -1.949995 -37.995378 0.000000 0.000000 0.000000 -21.826925 -10.455779 2.921096 -38.962868 -6.222147 -4.503637 -3.615932 -69.493308 5.123822 0.000000 0.000000 0.000000 27.590144 -1.898524 -0.304871 42.717287 13.826638 -2.833087 33.816665 76.698697 34.592835 0.000000 0.000000 0.000000 
0.015278 0.834531 0.117961 -1.811837 -9.662929 8.374969 1.958985 -1.554486 -48.060289 -6.216480 4.680086 55.470461 9.424779 19.203908 -4.844996 0.000000 0.000000 0.000000 -8.621731 1.831245 -27.606075 14.947210 -4.016525 49.422248 -13.681779 -39.245850 -16.954483 0.000000 0.000000 0.000000 0.577970 -0.251037 48.314337 -9.356390 2.481835 -25.592441 -0.061841 11.388858 31.169410 11.164169 -1.820408 -37.838321 0.000000 0.000000 0.000000 -21.725404 -11.094231 3.099728 -39.015751 -6.740679 -4.350018 -3.140007 -69.599172 4.665659 0.000000 0.000000 0.000000 28.495945 -1.683908 0.092409 41.799845 13.781932 -2.978737 31.093142 76.625745 32.369993 0.000000 0.000000 0.000000 
0.016833 0.836233 0.120674 -2.034511 -9.811063 7.847042 1.758844 -1.614541 -46.971875 -6.385224 4.807024 54.867738 9.793441 19.984033 -4.291514 0.000000 0.000000 0.000000 -8.629084 1.752406 -26.487700 14.716119 -3.817033 49.188247 -13.769871 -38.934078 -16.322739 0.000000 0.000000 0.000000 0.467478 -0.195432 47.610042 -9.700248 2.609032 -24.683924 0.523913 11.753741 30.635573 10.682255 -1.618633 -37.272239 0.000000 0.000000 0.000000 -21.947132 -11.094494 2.969179 -39.209412 -6.908383 -4.244509 -4.897121 -69.528111 5.811014 0.000000 0.000000 0.000000 28.975346 -1.491987 0.330963 41.536227 13.369403 -3.119906 28.787981 76.646965 30.528329 0.000000 0.000000 0.000000 
0.018890 0.837456 0.124450 -2.149348 -9.676410 7.469368 1.944014 -1.571412 -46.001079 -6.683700 4.949435 54.334417 9.806779 20.023990 -4.247606 0.000000 0.000000 0.000000 -8.496404 1.692619 -25.573779 14.178004 -3.535999 49.006071 -13.860197 -38.801110 -15.819302 0.000000 0.000000 0.000000 0.155688 -0.089861 47.371167 -9.784675 2.621678 -24.929584 0.886092 12.063227 30.867329 10.353957 -1.454222 -37.015117 0.000000 0.000000 0.000000 -21.464695 -11.216120 2.960567 -40.059312 -6.965802 -4.329779 -5.563373 -69.374504 6.205559 0.000000 0.000000 0.000000 29.793848 -1.479364 0.483035 40.689021 13.571988 -3.136617 27.384814 76.756437 29.412450 0.000000 0.000000 0.000000 
0.020987 0.838713 0.128913 -2.063713 -9.753049 6.818687 1.852673 -1.601134 -44.711698 -7.156487 5.243567 53.567238 9.987754 20.428006 -4.394833 0.000000 0.000000 0.000000 -8.250579 1.589363 -23.672314 13.113661 -2.879256 48.189219 -13.488860 -37.812756 -16.830408 0.000000 0.000000 0.000000 -0.088790 0.013011 46.662102 -10.190975 2.725810 -24.850581 1.312680 12.305054 31.054185 10.274877 -1.504938 -36.334704 0.000000 0.000000 0.000000 -22.093488 -11.274217 2.918675 -39.511500 -7.063892 -4.243587 -4.722681 -68.306601 5.482492 0.000000 0.000000 0.000000 30.296487 -1.267624 0.701283 40.530945 13.722848 -3.152217 23.554260 76.380239 26.113050 0.000000 0.000000 0.000000 
0.022901 0.839501 0.133129 -2.201677 -9.548715 6.415329 1.783586 -1.666232 -43.553954 -7.593041 5.388534 52.535529 10.335274 21.179052 -4.329419 0.000000 0.000000 0.000000 -8.079060 1.482847 -22.027519 11.896033 -2.245848 47.420525 -13.444268 -37.269271 -16.531578 0.000000 0.000000 0.000000 -0.586837 0.176037 46.106295 -9.845381 2.669597 -24.634245 1.292127 12.873570 30.996128 10.228372 -1.428880 -35.935569 0.000000 0.000000 0.000000 -21.125925 -11.088523 2.662076 -40.540634 -7.665078 -4.138407 -3.870730 -66.591696 4.621891 0.000000 0.000000 0.000000 30.570567 -1.589081 0.707715 41.187249 14.854901 -2.867836 20.772293 75.739581 23.894650 0.000000 0.000000 0.000000 
0.024510 0.840920 0.136324 -2.168147 -9.613385 5.949337 1.950747 -1.592607 -42.485617 -8.341875 5.828514 51.739075 10.780172 22.113969 -4.148224 0.000000 0.000000 0.000000 -7.839365 1.406232 -20.525563 10.861837 -1.661990 46.893245 -13.166152 -36.289906 -16.965707 0.000000 0.000000 0.000000 -0.876562 0.303455 45.722416 -10.099268 2.735581 -24.668165 1.404533 12.985007 31.008620 10.147484 -1.396357 -35.838828 0.000000 0.000000 0.000000 -20.579036 -10.863879 2.558148 -41.019706 -8.252104 -4.036951 -3.550766 -65.057857 4.294854 0.000000 0.000000 0.000000 30.466278 -1.514372 0.785289 42.042981 15.515268 -2.666113 19.574807 75.565250 23.036895 0.000000 0.000000 0.000000 
0.025905 0.842521 0.138225 -2.172033 -9.413250 5.927304 2.018106 -1.599945 -41.907317 -8.790570 5.938502 50.684616 11.003253 22.588917 -4.018443 0.000000 0.000000 0.000000 -7.823281 1.354448 -19.844983 9.984830 -1.241181 46.937886 -13.043183 -35.439204 -16.163737 0.000000 0.000000 0.000000 -1.305993 0.433643 45.141829 -9.890907 2.706261 -24.466116 1.283426 13.247975 30.731462 10.374678 -1.375243 -36.312359 0.000000 0.000000 0.000000 -18.882878 -10.546455 2.391012 -42.521232 -8.769257 -4.013789 -2.845545 -63.967154 3.690939 0.000000 0.000000 0.000000 30.271011 -1.821574 0.660958 43.023886 16.151364 -2.408378 17.374793 74.699198 21.168980 0.000000 0.000000 0.000000 
0.026986 0.845309 0.139365 -2.202735 -9.577182 5.523288 2.189994 -1.508478 -40.836661 -9.353475 6.177011 49.346269 11.352768 23.256988 -3.396757 0.000000 0.000000 0.000000 -7.897193 1.305526 -19.197106 9.455791 -0.926084 46.471513 -12.791908 -34.298950 -15.844607 0.000000 0.000000 0.000000 -1.302600 0.426854 44.374165 -9.874893 2.713522 -24.420457 0.769059 13.527686 30.729749 10.563640 -1.467083 -36.134062 0.000000 0.000000 0.000000 -17.746263 -10.536242 2.437908 -43.194441 -9.370926 -3.922657 -0.319697 -62.898945 2.053429 0.000000 0.000000 0.000000 30.062275 -1.914415 0.634912 43.651005 16.202631 -2.370701 18.527538 73.930839 21.842141 0.000000 0.000000 0.000000 
0.027963 0.847246 0.140117 -2.218111 -9.512030 5.207772 2.446144 -1.425991 -40.323478 -9.680807 6.260034 48.550082 11.608756 23.733033 -3.008100 0.000000 0.000000 0.000000 -7.769016 1.278806 -18.690722 8.773619 -0.580218 46.275181 -12.732567 -33.840752 -15.390730 0.000000 0.000000 0.000000 -1.363625 0.417960 43.879601 -9.861240 2.744351 -24.013498 0.328324 13.563609 30.209217 10.814689 -1.596925 -35.899658 0.000000 0.000000 0.000000 -16.643291 -10.518763 2.479954 -43.751752 -9.937732 -3.761652 3.332501 -62.313754 -0.208428 0.000000 0.000000 0.000000 29.436089 -2.155528 0.428326 44.630766 15.862716 -2.355800 19.054714 73.750139 22.252006 0.000000 0.000000 0.000000 
0.028891 0.849572 0.140696 -2.068956 -9.821672 4.565662 2.613613 -1.323463 -39.417330 -10.005274 6.401075 47.529148 11.723707 23.816084 -1.907097 0.000000 0.000000 0.000000 -7.848882 1.239413 -18.172603 8.124985 -0.166486 46.161157 -12.510322 -32.574011 -14.320514 0.000000 0.000000 0.000000 -1.191753 0.396041 43.817865 -10.012704 2.768805 -24.403706 -0.233314 12.988012 30.518999 11.093426 -1.861381 -35.914964 0.000000 0.000000 0.000000 -15.926105 -10.489293 2.717914 -44.118839 -11.202445 -3.484913 7.181961 -60.967236 -2.226434 0.000000 0.000000 0.000000 29.125693 -2.095884 0.188201 45.530491 16.016834 -2.213824 18.970696 73.306310 21.901710 0.000000 0.000000 0.000000 
0.029809 0.850456 0.140962 -2.116950 -10.150550 3.992475 3.007662 -1.139905 -38.730604 -10.148095 6.565785 47.425235 11.697072 23.720251 -1.698527 0.000000 0.000000 0.000000 -7.686310 1.253369 -18.112134 7.941741 0.018845 46.315514 -12.423250 -32.003331 -13.695228 0.000000 0.000000 0.000000 -1.197650 0.440930 43.509442 -9.833159 2.735491 -24.396668 -0.499474 12.565230 30.359173 10.938058 -1.936245 -35.504756 0.000000 0.000000 0.000000 -15.622915 -10.680365 2.970707 -44.140573 -11.590393 -3.377404 10.746019 -59.293100 -4.034839 0.000000 0.000000 0.000000 28.997958 -2.031166 -0.014476 45.870741 15.841951 -2.171214 17.046745 73.261353 20.249903 0.000000 0.000000 0.000000 
0.030809 0.851202 0.141041 -2.200002 -10.799076 3.699280 3.492630 -0.874641 -38.431610 -10.269250 6.804571 47.408848 11.913722 24.044914 -1.122837 0.000000 0.000000 0.000000 -7.457062 1.326001 -18.581614 7.531273 0.418447 46.837735 -12.213512 -31.118831 -13.268478 0.000000 0.000000 0.000000 -1.004570 0.453250 43.062270 -9.800198 2.735528 -24.279603 -0.960158 11.416337 30.090108 10.668869 -2.050510 -35.343408 0.000000 0.000000 0.000000 -15.494480 -10.564654 3.259764 -44.318241 -11.993977 -3.299323 13.295627 -57.960648 -4.984815 0.000000 0.000000 0.000000 28.707233 -1.595652 -0.302790 46.518990 15.862072 -1.939239 16.039445 73.676361 19.211509 0.000000 0.000000 0.000000 
0.031750 0.851458 0.141152 -2.329640 -11.685979 3.259819 3.976780 -0.580350 -38.120823 -10.279174 7.062031 47.581019 12.118857 24.322218 -0.544833 0.000000 0.000000 0.000000 -7.340139 1.382116 -18.850748 7.316549 0.762864 47.183303 -12.115219 -30.487858 -12.647372 0.000000 0.000000 0.000000 -0.814620 0.510493 42.781021 -9.789801 2.725169 -24.421946 -1.413753 10.645047 30.254397 10.233934 -2.046685 -35.238192 0.000000 0.000000 0.000000 -15.024094 -10.586032 3.565258 -44.696534 -12.359059 -3.285297 15.003609 -56.515322 -5.460865 0.000000 0.000000 0.000000 28.868043 -1.177941 -0.502267 46.540545 16.646049 -1.527220 15.025615 74.568268 18.337562 0.000000 0.000000 0.000000 
0.032573 0.852427 0.141497 -2.541001 -12.662686 2.898997 4.593462 -0.242307 -37.384493 -10.741205 7.568258 47.335063 12.401544 24.832926 -0.478988 0.000000 0.000000 0.000000 -7.229824 1.431103 -18.951222 6.805685 1.252957 47.043733 -11.795239 -29.220108 -12.289115 0.000000 0.000000 0.000000 -0.732985 0.614454 42.377173 -9.883854 2.727197 -24.664655 -1.553038 9.893190 30.211839 10.013111 -2.238618 -34.549647 0.000000 0.000000 0.000000 -15.665892 -9.887831 3.494536 -44.459613 -12.107881 -3.420525 15.539156 -55.587970 -5.362465 0.000000 0.000000 0.000000 28.982641 -0.672252 -0.668533 46.498188 16.775289 -1.333623 15.294141 74.848803 18.160420 0.000000 0.000000 0.000000 
0.033312 0.854450 0.141863 -2.784315 -12.998991 2.757453 4.917804 -0.101841 -36.858723 -10.932501 7.727112 47.046768 12.782542 25.430630 0.194275 0.000000 0.000000 0.000000 -7.050867 1.462456 -19.002094 6.483504 1.441980 46.412223 -11.590783 -28.432875 -11.822592 0.000000 0.000000 0.000000 -0.706160 0.644308 42.245734 -9.563586 2.613587 -25.308575 -1.861770 9.818364 30.479954 9.993823 -2.316738 -34.338793 0.000000 0.000000 0.000000 -15.948612 -9.641550 3.443267 -44.709034 -11.746169 -3.611168 16.267102 -55.308482 -5.623775 0.000000 0.000000 0.000000 29.397991 -0.564985 -0.730499 46.244123 16.963169 -1.269517 16.007988 76.133428 19.017565 0.000000 0.000000 0.000000 
0.034046 0.857235 0.141894 -3.159743 -13.672605 2.904255 5.438450 0.159552 -36.514033 -11.160285 7.962866 46.630133 13.242395 26.179211 0.756400 0.000000 0.000000 0.000000 -6.721488 1.517621 -18.969023 6.022800 1.732314 45.412312 -11.283339 -27.289959 -11.494540 0.000000 0.000000 0.000000 -0.622014 0.692866 41.899085 -9.631644 2.597794 -25.735904 -1.834104 9.305481 30.345106 9.679548 -2.352784 -33.907279 0.000000 0.000000 0.000000 -16.699946 -8.704153 3.159326 -44.780181 -11.332831 -3.792320 16.705452 -55.333881 -5.659142 0.000000 0.000000 0.000000 29.131062 -0.124121 -0.789543 46.283429 16.680967 -1.239366 19.892733 76.116536 21.699688 0.000000 0.000000 0.000000 
0.034835 0.860274 0.141488 -3.476186 -13.763235 3.218272 5.617834 0.234378 -36.506716 -11.289516 7.953622 46.077342 13.579258 26.639979 1.576365 0.000000 0.000000 0.000000 -6.628441 1.536130 -18.987643 5.667535 1.792087 44.072568 -11.192496 -26.900467 -10.860658 0.000000 0.000000 0.000000 -0.961797 0.812957 41.455515 -9.290977 2.501359 -26.030092 -1.700173 9.407628 30.453746 9.598000 -2.246763 -34.319808 0.000000 0.000000 0.000000 -16.746997 -8.133483 2.860341 -45.325348 -10.911925 -3.977453 17.318169 -56.156107 -6.050230 0.000000 0.000000 0.000000 29.159261 -0.027820 -0.740020 46.043323 16.582680 -1.271755 22.307776 76.024490 23.506798 0.000000 0.000000 0.000000 
0.035899 0.863376 0.140567 -3.754901 -13.788171 3.563752 5.806105 0.289833 -36.288629 -11.368452 7.910834 45.558897 14.128792 27.542799 2.081684 0.000000 0.000000 0.000000 -6.379562 1.567328 -19.007579 5.254247 1.854795 42.691148 -11.120662 -26.619093 -10.874565 0.000000 0.000000 0.000000 -1.119287 0.859531 41.197254 -8.883696 2.385749 -26.494991 -1.768227 9.490511 30.492200 9.479967 -2.237128 -33.940095 0.000000 0.000000 0.000000 -17.559992 -7.344807 2.431000 -45.193483 -10.167308 -4.237484 17.494438 -57.146408 -6.262746 0.000000 0.000000 0.000000 29.047004 0.150942 -0.616917 45.759255 16.791153 -1.196929 24.004607 75.106210 24.377379 0.000000 0.000000 0.000000 
0.037078 0.866285 0.139418 -3.810478 -13.519817 3.882241 6.006623 0.315771 -36.290454 -11.726943 7.926480 44.885524 14.211805 27.535160 2.894256 0.000000 0.000000 0.000000 -6.330681 1.569009 -19.038341 4.844790 1.856024 41.344279 -11.079660 -26.474668 -10.519255 0.000000 0.000000 0.000000 -1.532495 0.979215 41.140894 -8.803301 2.354054 -26.830075 -1.700760 9.829796 30.375532 9.467595 -2.190153 -33.652716 0.000000 0.000000 0.000000 -17.747732 -7.264436 2.254353 -44.971100 -9.458265 -4.424432 16.586235 -57.873834 -6.002301 0.000000 0.000000 0.000000 29.225848 0.405788 -0.278625 44.944462 17.059182 -1.160046 21.580153 73.545168 21.853875 0.000000 0.000000 0.000000 
0.038270 0.869780 0.138340 -4.023734 -13.197826 4.267627 6.248443 0.342426 -36.148306 -12.037718 7.838374 43.876533 14.837966 28.566638 3.308668 0.000000 0.000000 0.000000 -6.121782 1.569533 -18.882713 4.680392 1.746668 40.087178 -10.953049 -26.105599 -10.192854 0.000000 0.000000 0.000000 -2.121439 1.162903 41.099043 -8.532288 2.272016 -27.522024 -1.526440 10.020637 30.684021 8.750047 -1.803186 -33.401307 0.000000 0.000000 0.000000 -17.964591 -6.968857 2.006894 -44.978593 -8.860819 -4.631465 16.474033 -58.264380 -6.059383 0.000000 0.000000 0.000000 29.504173 0.721080 0.057485 43.758549 17.454899 -1.113495 21.242133 71.608265 20.773589 0.000000 0.000000 0.000000 
0.039162 0.872643 0.137994 -4.169920 -12.197684 4.629053 6.520584 0.299199 -36.317813 -12.291832 7.566912 42.940628 15.000126 28.611159 4.474025 0.000000 0.000000 0.000000 -5.941816 1.560740 -18.907660 4.678735 1.508611 39.390444 -11.037792 -26.493675 -9.567946 0.000000 0.000000 0.000000 -2.476706 1.137841 41.034248 -8.633625 2.302471 -27.453927 -1.593829 9.909682 30.165241 8.298101 -1.488628 -33.432023 0.000000 0.000000 0.000000 -17.402912 -6.517541 1.664090 -45.179046 -8.203253 -4.796637 15.158566 -59.374995 -5.598311 0.000000 0.000000 0.000000 29.825942 1.110983 0.428961 42.867270 17.619034 -1.058631 21.176168 69.844777 19.956540 0.000000 0.000000 0.000000 
0.039922 0.875164 0.138944 -4.241993 -11.058142 4.952181 6.952017 0.266816 -36.042528 -12.933479 7.474371 41.796971 15.606383 29.648972 4.620687 0.000000 0.000000 0.000000 -6.022554 1.495755 -18.630268 4.935662 1.105302 38.205621 -11.141918 -26.936647 -9.207735 0.000000 0.000000 0.000000 -3.015780 1.153335 40.694581 -8.503820 2.261640 -28.122917 -1.550845 10.172784 30.643069 7.615823 -1.043391 -33.288240 0.000000 0.000000 0.000000 -17.539542 -6.331463 1.379469 -45.205048 -8.003769 -4.874037 14.830805 -59.321271 -5.559255 0.000000 0.000000 0.000000 30.492280 0.859035 0.546530 41.919972 17.251708 -1.330532 24.784016 68.275901 21.928719 0.000000 0.000000 0.000000 
0.040729 0.876591 0.141477 -4.268966 -9.302302 5.150463 7.245632 0.114237 -35.970477 -13.234011 7.101077 40.882869 15.770808 29.780799 5.504178 0.000000 0.000000 0.000000 -6.043151 1.424721 -18.453471 5.454527 0.557263 37.631591 -11.327605 -27.763727 -9.204093 0.000000 0.000000 0.000000 -3.470472 1.017934 39.985999 -8.713616 2.334159 -27.847009 -1.853581 10.082183 30.237440 7.498680 -0.870592 -33.291134 0.000000 0.000000 0.000000 -17.039432 -6.422362 1.270152 -45.589852 -8.019013 -4.841604 15.377838 -58.936518 -6.009008 0.000000 0.000000 0.000000 31.544173 0.688001 0.650304 41.410003 16.229190 -1.710847 27.082710 66.719925 22.840039 0.000000 0.000000 0.000000 
0.041792 0.878639 0.145521 -3.975429 -6.953732 5.015151 6.883709 -0.341142 -34.956317 -13.796850 6.684691 39.384272 16.327164 30.817695 5.384829 0.000000 0.000000 0.000000 -5.573399 1.374126 -18.172260 5.376834 0.235508 37.942292 -11.428403 -28.465001 -9.264748 0.000000 0.000000 0.000000 -3.774404 0.748233 39.248531 -8.897538 2.384064 -28.148577 -2.014581 9.923915 30.776968 6.818292 -0.380387 -33.395306 0.000000 0.000000 0.000000 -16.772682 -6.301613 1.015465 -46.028575 -8.078421 -4.857979 15.484096 -57.937000 -6.126860 0.000000 0.000000 0.000000 32.010940 0.440793 0.867028 41.306243 14.874264 -2.283233 29.029827 64.786798 23.434521 0.000000 0.000000 0.000000 
0.043086 0.879998 0.150673 -3.894870 -3.903390 4.898550 6.547324 -0.827504 -34.594376 -14.006631 6.081174 38.702225 16.235092 30.748625 5.483955 0.000000 0.000000 0.000000 -5.478386 1.277077 -18.064584 6.635328 -0.840453 38.470499 -11.893610 -30.418900 -9.647128 0.000000 0.000000 0.000000 -4.095862 0.400567 38.623882 -9.528030 2.532206 -28.225845 -1.872477 9.690836 30.833864 6.035237 0.294625 -34.347155 0.000000 0.000000 0.000000 -16.747112 -6.751575 0.947181 -45.874675 -8.854919 -4.493614 15.984033 -56.109746 -6.449892 0.000000 0.000000 0.000000 32.398882 0.104987 1.152999 42.449263 13.738063 -2.796636 28.978796 62.415971 22.636606 0.000000 0.000000 0.000000 
0.044323 0.881850 0.156686 -3.610115 -0.328024 4.471476 5.921378 -1.395607 -33.389626 -13.932645 5.198543 37.439044 16.033462 30.648002 4.893952 0.000000 0.000000 0.000000 -5.821943 1.122690 -18.366636 7.373805 -1.895741 40.585791 -11.969823 -30.877636 -8.440800 0.000000 0.000000 0.000000 -4.697850 0.106509 38.623426 -9.017493 2.420257 -29.032166 -2.297798 10.131963 31.064095 5.617416 0.866200 -34.623190 0.000000 0.000000 0.000000 -16.362366 -7.116462 0.635750 -46.142983 -8.967703 -4.368275 15.936802 -54.348946 -6.671501 0.000000 0.000000 0.000000 32.503586 -0.552752 1.595965 43.340624 12.542919 -3.433173 28.986935 59.775563 21.866703 0.000000 0.000000 0.000000 
0.045428 0.882283 0.163680 -2.937278 4.048520 3.987269 5.158038 -2.027065 -32.703327 -14.482326 4.579238 36.908870 15.342102 29.627444 4.801117 0.000000 0.000000 0.000000 -6.149421 0.961594 -20.241550 7.831991 -3.414861 45.869460 -12.343918 -31.342331 -5.583837 0.000000 0.000000 0.000000 -5.326383 -0.295259 38.706981 -9.043225 2.465618 -28.897424 -2.675285 9.560152 30.651406 5.112678 1.372885 -34.987563 0.000000 0.000000 0.000000 -16.239274 -7.249428 0.317937 -45.619244 -9.541548 -3.970035 14.170031 -51.835401 -5.811471 0.000000 0.000000 0.000000 32.377950 -0.463920 2.309061 45.342426 12.188690 -3.699843 27.013321 58.008386 20.292147 0.000000 0.000000 0.000000 
0.046247 0.884343 0.171830 -2.262505 8.332526 3.000681 4.265047 -2.471453 -30.723215 -14.815778 3.867381 36.246105 14.371619 28.248568 3.008676 0.000000 0.000000 0.000000 -6.964323 0.605774 -22.341692 8.817856 -5.831732 51.610506 -12.308030 -30.608282 -3.560622 0.000000 0.000000 0.000000 -5.742468 -0.775255 38.661490 -8.737635 2.403133 -29.414411 -2.775755 10.581063 31.611750 4.835011 2.072146 -36.110825 0.000000 0.000000 0.000000 -16.335058 -8.085654 -0.067793 -45.170723 -10.321082 -3.480169 12.277084 -48.084712 -5.030650 0.000000 0.000000 0.000000 30.874485 -1.216596 3.018779 48.416988 12.888730 -3.768167 26.240827 55.666764 19.743824 0.000000 0.000000 0.000000 
0.046519 0.886082 0.181589 -1.880957 14.171275 2.034375 3.134448 -3.043246 -29.592297 -14.304518 2.620475 37.061621 12.975781 25.856652 2.521559 0.000000 0.000000 0.000000 -6.751282 0.198015 -25.243804 7.573290 -7.956691 57.882110 -12.331783 -29.932562 -1.745309 0.000000 0.000000 0.000000 -5.334622 -1.742929 38.486093 -8.589152 2.517063 -28.099771 -3.681673 10.029769 30.765267 5.361417 2.182543 -36.498016 0.000000 0.000000 0.000000 -16.391408 -8.231268 -0.617043 -45.035136 -9.691941 -3.408571 11.076499 -45.233061 -4.580005 0.000000 0.000000 0.000000 32.073994 -0.915807 4.212522 48.432267 13.485505 -3.751937 24.384176 53.901754 18.092714 0.000000 0.000000 0.000000 
0.046082 0.888948 0.193265 -1.511137 19.268639 0.765687 2.302745 -3.144307 -27.106921 -13.864502 1.507798 37.055068 11.510865 23.047510 1.202703 0.000000 0.000000 0.000000 -5.559076 -0.069450 -28.322179 3.724516 -7.531568 61.514115 -9.066703 -22.271463 -3.445312 0.000000 0.000000 0.000000 -5.613895 -2.363948 38.444915 -7.405297 2.376331 -27.683936 -3.853078 10.343533 30.980250 4.691855 2.908000 -36.440146 0.000000 0.000000 0.000000 -17.470282 -8.533477 -1.461511 -43.626363 -9.182186 -3.130291 8.496273 -42.145701 -3.563135 0.000000 0.000000 0.000000 31.251736 -1.542594 4.765023 49.910765 14.273107 -3.626571 22.910759 52.037955 17.022549 0.000000 0.000000 0.000000 
0.044900 0.892244 0.206663 -1.223838 25.053338 0.017903 1.012177 -3.332220 -25.247575 -11.944207 -0.237777 37.157018 9.668756 19.037669 -0.936677 0.000000 0.000000 0.000000 -2.700587 0.083417 -30.057837 -1.806446 -5.222722 60.573953 -5.963953 -14.430939 -6.050503 0.000000 0.000000 0.000000 -5.059338 -3.209035 37.569575 -7.174753 2.464319 -26.574863 -3.770720 9.806682 30.409750 3.902118 3.622801 -35.849776 0.000000 0.000000 0.000000 -18.678610 -8.897207 -2.387370 -43.397414 -8.367401 -2.926958 7.836074 -40.239153 -3.431067 0.000000 0.000000 0.000000 30.017577 -2.463386 4.831081 51.488862 14.317344 -3.529128 22.730870 50.916800 16.912527 0.000000 0.000000 0.000000 
0.043133 0.898275 0.221744 -0.988650 31.328817 -0.293019 0.425977 -3.169448 -22.875608 -9.209842 -2.078149 35.952202 7.019196 12.490171 -3.166747 0.000000 0.000000 0.000000 0.008636 0.135933 -31.448050 -8.013905 -1.698415 53.705427 -0.783067 0.077933 -8.561665 0.000000 0.000000 0.000000 -3.553537 -4.389840 36.991278 -7.319594 2.422673 -27.573136 -4.173373 10.406756 31.044345 5.237697 3.614799 -36.227534 0.000000 0.000000 0.000000 -18.592864 -9.850858 -3.124842 -42.514088 -7.828339 -2.674682 5.964109 -39.233707 -3.112714 0.000000 0.000000 0.000000 30.454334 -3.790431 5.474572 52.659973 15.522726 -3.280132 20.423054 50.835979 16.255754 0.000000 0.000000 0.000000 
0.040895 0.904537 0.238292 -0.371665 38.449866 0.215592 -0.917405 -2.917714 -20.111985 -5.308586 -3.700449 32.576400 5.334214 5.820695 -6.212663 0.000000 0.000000 0.000000 0.782086 -0.459329 -31.191868 -11.172206 -0.409541 44.917923 4.301452 11.959083 -6.406915 0.000000 0.000000 0.000000 -2.245474 -5.262673 35.392510 -6.437843 2.223461 -28.061018 -4.160887 11.274926 31.746349 6.181879 3.923181 -34.826157 0.000000 0.000000 0.000000 -20.882249 -11.542469 -4.980073 -41.125582 -6.576134 -2.058906 3.479317 -38.944214 -2.675576 0.000000 0.000000 0.000000 31.282832 -6.080495 5.963988 51.955249 16.782101 -3.272398 20.179718 50.772600 16.624682 0.000000 0.000000 0.000000 
0.038322 0.910241 0.256381 0.369182 45.040178 0.334485 -1.100075 -2.620091 -18.331630 -2.938191 -4.328778 29.475135 2.230453 -1.969317 -5.867643 0.000000 0.000000 0.000000 1.514658 -0.700050 -29.205625 -12.472244 -0.328879 39.074689 7.428305 17.665811 -5.381486 0.000000 0.000000 0.000000 -0.529571 -6.132865 34.062444 -6.715184 2.326365 -27.465771 -4.790634 11.957567 30.879042 7.458198 3.961070 -34.219073 0.000000 0.000000 0.000000 -20.964268 -13.281440 -5.872677 -40.334444 -6.123375 -1.515137 0.235081 -37.947326 -1.876516 0.000000 0.000000 0.000000 31.737823 -7.035152 7.008985 53.044520 17.768271 -2.892868 15.896452 50.320760 14.565080 0.000000 0.000000 0.000000 
0.035342 0.914539 0.275862 1.854534 53.016658 1.098393 -1.790300 -2.216996 -16.149641 0.777521 -4.961410 26.088708 -0.786307 -10.510332 -5.854467 0.000000 0.000000 0.000000 0.154998 -1.383655 -25.629175 -12.113297 -1.061356 33.953546 9.817255 19.736005 -2.335477 0.000000 0.000000 0.000000 0.706756 -6.505867 31.807447 -6.338186 2.269128 -27.210591 -4.177906 12.156175 31.703062 8.017424 4.385224 -32.202755 0.000000 0.000000 0.000000 -21.310696 -15.403332 -7.241944 -39.513680 -4.168447 -1.343901 -2.324295 -39.478459 -1.604542 0.000000 0.000000 0.000000 31.730990 -8.702747 7.811927 52.566871 19.557084 -2.411396 14.547190 49.969212 14.087858 0.000000 0.000000 0.000000 
0.031684 0.917423 0.296424 3.692069 59.526523 2.380197 -1.139141 -1.814999 -14.568908 2.235871 -4.307949 21.987289 -3.526715 -13.985374 -3.248391 0.000000 0.000000 0.000000 -1.234533 -2.018021 -23.119244 -11.202227 -2.095666 31.896648 10.588596 19.332543 -0.468331 0.000000 0.000000 0.000000 1.310627 -6.596623 30.098174 -5.756222 2.302403 -26.273706 -4.001433 12.554236 31.105368 6.664245 5.799773 -32.493366 0.000000 0.000000 0.000000 -20.509755 -15.603564 -8.867490 -40.490475 -3.536213 -1.174167 -5.663337 -40.737272 -1.166411 0.000000 0.000000 0.000000 31.282958 -8.637779 9.584551 52.109558 22.132092 -1.382089 9.216247 48.401866 10.895664 0.000000 0.000000 0.000000 
0.026312 0.920529 0.316870 4.377705 65.456864 3.100267 0.211646 -1.682754 -14.197506 3.334148 -3.527192 18.379952 -5.875443 -15.729853 -0.607872 0.000000 0.000000 0.000000 -1.175584 -2.261222 -21.778375 -10.511983 -3.431117 31.960330 8.249575 14.618727 -1.867302 0.000000 0.000000 0.000000 2.530817 -6.621353 28.151703 -5.566143 2.225629 -26.326301 -2.735530 13.038293 31.225614 5.865531 6.751287 -31.498026 0.000000 0.000000 0.000000 -21.884021 -17.065774 -11.221561 -39.953591 0.983139 -1.682504 -8.649681 -42.738657 -0.466227 0.000000 0.000000 0.000000 29.308114 -8.611628 10.411805 51.904816 24.023759 -0.025251 6.243521 47.049917 9.104007 0.000000 0.000000 0.000000 
0.019851 0.923833 0.335642 6.076077 70.596120 4.915583 2.070605 -1.650162 -13.933998 1.231256 -2.442678 15.391041 -3.612090 -10.466199 -0.282810 0.000000 0.000000 0.000000 -1.862915 -2.607979 -20.085975 -9.117040 -4.824737 31.494958 5.812119 9.290953 -3.697687 0.000000 0.000000 0.000000 3.803944 -6.803719 26.786195 -5.640995 2.221729 -25.867550 -2.439760 14.806637 30.649412 5.858382 7.383255 -31.957764 0.000000 0.000000 0.000000 -19.652756 -16.896992 -12.342834 -42.298521 0.954879 -1.905085 -9.126583 -43.586026 -1.438400 0.000000 0.000000 0.000000 28.683627 -8.929429 11.686920 50.120228 25.917402 0.672830 4.303134 46.793467 8.011609 0.000000 0.000000 0.000000 
0.012991 0.926346 0.352543 10.238849 75.597671 8.916814 2.424161 -1.848907 -14.711927 -2.071020 -2.505888 16.177822 2.592229 2.269874 1.487670 0.000000 0.000000 0.000000 -2.071762 -2.717711 -18.295081 -7.586299 -6.131766 30.576318 3.705729 3.998476 -4.842069 0.000000 0.000000 0.000000 3.039870 -7.041117 27.102330 -5.272671 2.093479 -26.234301 -0.578444 15.486058 30.101657 4.810916 8.234717 -32.440380 0.000000 0.000000 0.000000 -19.917964 -17.214618 -14.391992 -43.156326 3.262393 -2.321538 -11.595573 -44.889642 -0.941609 0.000000 0.000000 0.000000 26.336203 -8.056502 12.347283 50.287728 26.558838 1.892040 1.540453 47.334847 6.895243 0.000000 0.000000 0.000000 
0.006294 0.927970 0.367627 17.110890 81.804366 16.008489 2.876549 -2.292414 -16.295258 -6.057468 -3.680886 20.115801 11.382756 13.393905 3.268961 0.000000 0.000000 0.000000 -1.967706 -2.959085 -16.970941 -5.683030 -7.738222 29.274882 1.189060 -2.228298 -4.327553 0.000000 0.000000 0.000000 4.529957 -7.943880 26.918232 -6.309629 1.892633 -26.955119 0.042024 15.832995 30.692090 4.352767 8.855393 -33.324525 0.000000 0.000000 0.000000 -18.192568 -16.927462 -15.467175 -44.944726 2.889892 -2.689103 -10.641673 -44.225190 -2.077378 0.000000 0.000000 0.000000 25.407284 -8.712939 12.709762 49.860164 28.194551 3.111382 0.999227 46.852099 6.452498 0.000000 0.000000 0.000000 
-0.000398 0.929087 0.381304 41.149599 86.040603 40.067766 2.512094 -2.379730 -16.490454 -9.242598 -4.477859 21.836155 17.998863 20.640379 8.433349 0.000000 0.000000 0.000000 -1.724234 -3.103038 -16.087522 -3.918717 -8.832997 27.745415 -0.238043 -6.888125 -5.299029 0.000000 0.000000 0.000000 4.043825 -8.055066 26.915661 -6.796360 1.828586 -26.862098 1.529360 16.423482 30.607078 4.344694 9.203615 -33.397329 0.000000 0.000000 0.000000 -17.619679 -17.216489 -16.670102 -44.692230 3.751882 -2.910745 -13.471194 -43.390264 -1.104632 0.000000 0.000000 0.000000 25.709942 -9.211347 13.824448 47.549187 29.317009 2.887905 -0.148178 46.822036 5.631705 0.000000 0.000000 0.000000 
-0.006628 0.928891 0.393698 144.835071 85.358003 144.519361 2.041767 -2.665968 -17.292509 -13.708079 -5.686452 23.095830 25.333023 25.264956 13.649619 0.000000 0.000000 0.000000 -1.599651 -3.728208 -16.039212 -2.498302 -10.544327 26.925399 -1.426313 -10.590035 -5.275115 0.000000 0.000000 0.000000 4.741614 -8.225167 25.943490 -7.588636 1.432959 -27.335889 2.645441 15.964367 31.264019 3.579743 9.691350 -33.445741 0.000000 0.000000 0.000000 -16.613463 -17.886817 -18.242224 -44.863095 4.497987 -3.227242 -14.270215 -42.476302 -1.095510 0.000000 0.000000 0.000000 25.530277 -10.593764 14.440242 47.081077 30.367321 3.439899 -1.288061 46.977273 5.225000 0.000000 0.000000 0.000000 
-0.011384 0.927714 0.405012 164.956780 80.972710 165.080732 1.680359 -2.520809 -16.671233 -17.191089 -6.672946 23.032015 33.494856 28.147375 20.736264 0.000000 0.000000 0.000000 -0.773716 -3.982159 -16.313719 -1.785623 -11.444171 26.021397 -2.177928 -12.207717 -4.350732 0.000000 0.000000 0.000000 4.828848 -8.270768 25.488647 -7.010019 1.326450 -27.379071 2.794229 15.709978 31.433393 3.495690 9.815558 -33.225119 0.000000 0.000000 0.000000 -16.777534 -17.563009 -20.754862 -43.997906 6.903705 -3.583068 -16.266846 -41.553306 -0.272516 0.000000 0.000000 0.000000 25.111482 -9.962266 16.056136 45.682118 30.820925 3.621736 -3.078608 47.056430 3.840970 0.000000 0.000000 0.000000 
-0.013851 0.925763 0.414872 170.718910 74.627180 170.249616 0.386297 -2.061408 -15.121493 -22.536796 -8.863311 24.995566 41.450206 28.300527 30.699793 0.000000 0.000000 0.000000 -1.484238 -4.452255 -14.500340 -0.268676 -12.762249 24.283456 -4.194722 -16.438318 -2.505367 0.000000 0.000000 0.000000 4.664404 -8.987297 26.084449 -8.560020 0.663593 -27.994540 4.217918 15.181239 32.410377 3.972390 10.003044 -33.698736 0.000000 0.000000 0.000000 -16.518267 -18.978581 -22.871590 -43.400271 8.316761 -3.519980 -16.310736 -41.075353 -0.298904 0.000000 0.000000 0.000000 25.260487 -10.487107 17.524496 45.975277 31.688685 4.078107 -5.398524 47.591423 2.732821 0.000000 0.000000 0.000000 
-0.014259 0.923656 0.423121 173.911725 70.202551 173.157000 -0.285866 -1.505481 -12.984165 -23.954663 -9.792707 24.078974 48.042491 25.472749 36.822500 0.000000 0.000000 0.000000 -1.206796 -4.788276 -14.369566 0.614790 -14.102639 23.773167 -5.261058 -18.038809 -1.214241 0.000000 0.000000 0.000000 4.701061 -9.026817 25.726406 -8.491743 0.233021 -28.755016 4.281708 15.819552 33.648429 4.911749 9.625623 -32.404163 0.000000 0.000000 0.000000 -16.285006 -20.633506 -25.012874 -42.301040 10.845825 -3.763719 -16.158764 -39.622014 -0.252711 0.000000 0.000000 0.000000 25.761140 -10.307824 20.282480 46.116856 33.207434 4.738458 -8.905814 48.300727 0.730832 0.000000 0.000000 0.000000 
-0.013259 0.920896 0.429855 176.707582 65.353775 175.216778 -0.488249 -1.099073 -10.886141 -22.605595 -10.030240 22.858962 49.549252 19.550017 39.482022 0.000000 0.000000 0.000000 -0.733134 -4.968999 -13.989319 0.706303 -15.780521 24.102235 -7.928439 -20.455693 2.514659 0.000000 0.000000 0.000000 4.592184 -9.454463 26.019106 -8.782625 0.114742 -27.907885 4.023885 15.762334 32.616888 6.440667 9.257451 -32.288726 0.000000 0.000000 0.000000 -16.223083 -21.159018 -26.828538 -41.354899 12.688330 -3.943220 -17.183628 -39.138718 0.335413 0.000000 0.000000 0.000000 26.673804 -11.134832 22.043206 46.166280 35.256820 5.253686 -10.348554 47.482580 -0.357721 0.000000 0.000000 0.000000 
-0.011759 0.918197 0.435511 177.389792 61.413760 175.384496 -0.105766 -0.870851 -8.547352 -21.835029 -10.056786 20.132861 52.187217 15.202292 39.177221 0.000000 0.000000 0.000000 -0.811023 -5.452568 -13.867088 -0.134487 -17.316668 25.311015 -8.336672 -21.188194 2.866664 0.000000 0.000000 0.000000 4.009625 -9.321306 25.893271 -9.283500 -0.767791 -29.354960 4.937598 15.875985 34.154390 7.162543 8.971074 -31.711919 0.000000 0.000000 0.000000 -15.846345 -22.691553 -29.317769 -40.167036 15.420536 -4.169546 -17.582181 -37.758054 0.566989 0.000000 0.000000 0.000000 27.312914 -11.338906 25.026890 45.777894 37.282969 5.517774 -12.036221 46.115267 -1.770402 0.000000 0.000000 0.000000 
-0.010501 0.916915 0.440890 177.245377 57.345850 174.897131 -0.725898 -0.688993 -6.562873 -19.210555 -9.497867 17.604371 54.382621 10.503640 37.298741 0.000000 0.000000 0.000000 -1.477777 -6.727710 -14.603502 -2.428274 -19.420227 28.383012 -7.278836 -18.267482 3.170756 0.000000 0.000000 0.000000 2.529616 -9.241810 26.318757 -8.891659 -1.114339 -29.843823 4.720119 15.434898 34.168360 7.792616 8.791370 -32.294685 0.000000 0.000000 0.000000 -15.537232 -22.597092 -31.855780 -39.679266 16.908377 -4.331623 -18.857373 -37.149070 1.181017 0.000000 0.000000 0.000000 28.013472 -11.712589 27.734055 45.098387 40.217287 5.925310 -13.484341 44.634992 -2.925062 0.000000 0.000000 0.000000 
-0.009775 0.916595 0.446546 177.885024 54.288096 174.732057 -0.515843 -0.759276 -5.596465 -18.353943 -9.558023 17.735393 53.177698 9.346457 33.454381 0.000000 0.000000 0.000000 -1.541837 -7.197297 -14.498394 -4.965743 -20.419837 30.463120 -5.166950 -14.353270 3.143954 0.000000 0.000000 0.000000 2.129491 -9.470964 26.603320 -9.481753 -1.766860 -30.167991 5.360122 16.460272 34.417884 8.180679 8.390660 -32.336136 0.000000 0.000000 0.000000 -14.952863 -23.716054 -34.081171 -38.975380 18.267473 -4.296606 -19.186238 -36.237544 1.290443 0.000000 0.000000 0.000000 27.533293 -11.868303 29.716334 46.390788 41.733289 7.252462 -14.587396 43.268957 -3.667335 0.000000 0.000000 0.000000 
-0.009359 0.916384 0.453238 177.465434 50.532701 174.237863 -1.038980 -0.730402 -5.059809 -16.871392 -9.464126 17.065843 53.005562 7.110710 29.744685 0.000000 0.000000 0.000000 -2.256598 -8.575883 -15.028865 -7.401534 -21.092279 32.163709 -2.543736 -10.493767 2.566873 0.000000 0.000000 0.000000 0.850618 -9.638687 27.162738 -9.760514 -2.563133 -30.806170 5.838872 16.478779 34.774898 8.954103 8.231147 -33.126563 0.000000 0.000000 0.000000 -14.523109 -24.129624 -37.015480 -38.762533 19.408883 -4.280594 -19.826069 -35.066432 1.603184 0.000000 0.000000 0.000000 27.793120 -12.736968 31.968216 45.966930 44.540471 8.028216 -15.209116 42.581600 -4.255233 0.000000 0.000000 0.000000 
-0.008770 0.916464 0.461091 177.763680 47.575284 174.376628 -0.806018 -0.858915 -4.644285 -15.841189 -9.435460 17.086890 52.494074 5.490692 26.425572 0.000000 0.000000 0.000000 -2.084858 -8.988794 -15.118519 -9.960705 -21.357517 33.439367 0.998791 -6.421247 1.590830 0.000000 0.000000 0.000000 0.662870 -9.848448 27.271956 -10.034416 -3.025189 -30.681377 6.089439 16.940332 34.651336 8.824132 7.646528 -33.053422 0.000000 0.000000 0.000000 -13.607579 -24.516060 -39.165074 -38.971546 20.823708 -4.772620 -20.531358 -34.588939 1.668809 0.000000 0.000000 0.000000 27.785526 -13.675804 33.663592 46.365283 46.475196 9.070342 -16.389178 41.192334 -4.842948 0.000000 0.000000 0.000000 
-0.007670 0.916720 0.470596 177.981465 43.814050 174.827478 -0.510111 -1.022924 -4.833897 -14.880536 -9.519489 16.734612 53.545216 2.611912 24.139335 0.000000 0.000000 0.000000 -2.106427 -9.897046 -15.539893 -11.304690 -21.281781 33.379504 4.249177 -3.875059 0.433885 0.000000 0.000000 0.000000 0.126906 -10.211568 27.648140 -10.024870 -3.573027 -30.920992 6.050044 17.065313 34.395751 9.216091 7.380104 -34.136637 0.000000 0.000000 0.000000 -13.092900 -24.827275 -42.371734 -38.860647 22.655471 -5.069518 -22.779717 -33.883877 2.394614 0.000000 0.000000 0.000000 27.932727 -14.688050 35.893428 45.584116 49.588946 10.046848 -17.308492 39.859853 -5.470802 0.000000 0.000000 0.000000 
-0.006115 0.917603 0.481667 178.303730 40.445033 175.108312 0.207095 -1.294382 -5.194912 -14.892331 -9.960083 16.830173 55.333391 -0.686020 24.212133 0.000000 0.000000 0.000000 -1.799381 -10.090863 -15.306735 -11.804786 -20.863904 32.319798 7.287249 -2.377164 -0.288195 0.000000 0.000000 0.000000 0.065851 -10.642280 27.935265 -10.370004 -4.208763 -30.849908 6.701194 17.301225 34.630283 7.942571 6.743564 -35.093597 0.000000 0.000000 0.000000 -12.763625 -25.558844 -46.080649 -38.943848 25.806814 -5.640430 -24.339456 -34.224402 3.053677 0.000000 0.000000 0.000000 27.919868 -15.562169 38.341096 44.431824 52.564449 10.859203 -19.463481 38.251793 -6.331343 0.000000 0.000000 0.000000 
-0.004410 0.918297 0.494500 178.490280 37.423489 175.654364 1.025546 -1.610056 -6.280649 -15.150085 -10.419155 16.200374 60.326704 -6.138347 27.074870 0.000000 0.000000 0.000000 -1.359989 -10.289916 -15.376547 -11.226795 -20.304382 30.580336 8.778681 -2.979080 -1.601333 0.000000 0.000000 0.000000 -0.782492 -11.193820 28.646776 -9.890742 -4.435599 -31.267575 6.735066 17.943056 34.949471 8.439958 6.581295 -36.674250 0.000000 0.000000 0.000000 -12.003879 -26.086396 -49.471709 -38.864223 28.220572 -6.105147 -27.232718 -34.525867 4.144773 0.000000 0.000000 0.000000 27.597827 -16.495639 40.838127 42.499659 56.160013 11.616543 -20.656900 36.372715 -6.739387 0.000000 0.000000 0.000000 
-0.002885 0.918097 0.508492 178.908705 34.949601 176.236802 1.871318 -1.987312 -7.158172 -16.015578 -11.157850 16.324440 64.098695 -11.467421 30.047198 0.000000 0.000000 0.000000 -0.678442 -10.271252 -15.591660 -10.615949 -19.940880 29.151066 9.559779 -3.694891 -2.085376 0.000000 0.000000 0.000000 -1.038002 -12.027296 29.445665 -9.791178 -4.842277 -31.616961 7.314283 19.339134 35.327394 8.478651 6.342586 -38.294723 0.000000 0.000000 0.000000 -11.521232 -26.907039 -53.085018 -38.066466 30.831795 -6.183394 -28.851324 -34.603796 4.993246 0.000000 0.000000 0.000000 27.459906 -17.243016 43.723806 38.228625 60.119224 11.003072 -22.931992 33.652645 -7.238512 0.000000 0.000000 0.000000 
-0.001456 0.917568 0.522837 179.040136 32.318628 176.772159 2.356831 -2.316381 -8.293769 -16.783106 -11.944681 16.260206 70.430091 -20.579747 34.225331 0.000000 0.000000 0.000000 -0.326794 -10.667148 -15.986386 -9.743809 -19.709574 27.764185 10.869552 -4.262894 -3.426995 0.000000 0.000000 0.000000 -2.084887 -12.699043 30.278413 -8.932464 -4.638520 -31.909509 7.082743 20.344257 35.398652 8.565488 5.817588 -39.240657 0.000000 0.000000 0.000000 -10.182525 -27.596731 -56.310123 -37.490334 33.229643 -6.663653 -30.454092 -34.336421 5.450905 0.000000 0.000000 0.000000 27.326471 -18.061713 47.160065 32.076108 64.058809 8.508690 -24.400992 30.739158 -7.417670 0.000000 0.000000 0.000000 
0.000006 0.916482 0.536461 179.379186 30.220596 177.211745 2.696220 -2.607343 -9.265456 -17.224500 -12.552953 16.874354 73.595322 -26.444776 35.706298 0.000000 0.000000 0.000000 0.349262 -10.800032 -16.530264 -9.692501 -19.945938 27.415775 12.441122 -3.667950 -3.601428 0.000000 0.000000 0.000000 -2.598864 -13.559852 31.125142 -8.785407 -4.802811 -31.888009 7.564477 21.696674 35.188375 8.706194 5.765421 -40.699136 0.000000 0.000000 0.000000 -9.511404 -27.788679 -60.114356 -36.420839 35.897225 -6.711691 -32.200392 -33.076924 6.012783 0.000000 0.000000 0.000000 26.758269 -18.570799 49.832292 25.667786 66.503059 5.488688 -25.680986 29.089716 -7.635205 0.000000 0.000000 0.000000 
0.001417 0.915660 0.549086 179.390957 28.725007 177.583240 3.075468 -2.909009 -10.114657 -18.250628 -13.327675 16.985457 78.350853 -34.617939 38.417386 0.000000 0.000000 0.000000 0.789165 -11.003959 -16.977988 -9.225233 -19.905133 26.743612 14.066465 -3.319990 -4.742220 0.000000 0.000000 0.000000 -3.423296 -13.724241 31.509597 -8.598632 -4.910530 -31.939134 7.643630 22.853943 34.957900 9.638686 5.451683 -40.581705 0.000000 0.000000 0.000000 -8.540611 -28.894908 -63.118237 -34.671848 38.701029 -6.503525 -32.916116 -32.119303 6.051669 0.000000 0.000000 0.000000 26.253773 -18.844925 53.009361 18.948213 68.632463 1.436042 -26.808139 27.449059 -7.838368 0.000000 0.000000 0.000000 
0.002748 0.913509 0.560933 179.709207 26.850695 177.915036 3.341290 -3.194594 -10.718834 -18.927301 -14.002375 17.466913 82.431676 -41.619004 39.240821 0.000000 0.000000 0.000000 1.370263 -11.344485 -17.741378 -9.798684 -20.389274 27.164806 15.544476 -2.577441 -4.942271 0.000000 0.000000 0.000000 -4.179344 -14.575389 32.411460 -8.343931 -5.169777 -32.326566 8.327154 23.937850 35.222950 9.917814 5.570576 -41.768346 0.000000 0.000000 0.000000 -7.547221 -29.297608 -66.799960 -33.106375 41.589430 -6.339175 -33.940517 -30.300802 6.006928 0.000000 0.000000 0.000000 25.478799 -19.046482 56.497921 9.501227 70.531945 -4.614151 -27.275223 25.887663 -7.898066 0.000000 0.000000 0.000000 
0.003918 0.911446 0.572061 179.859609 25.555387 178.319618 3.875082 -3.629790 -11.655071 -19.631052 -14.590075 17.859216 87.476835 -50.465158 40.374107 0.000000 0.000000 0.000000 1.943831 -11.754928 -18.598188 -10.339418 -21.053386 27.833130 18.156630 -0.750195 -5.756864 0.000000 0.000000 0.000000 -5.127910 -14.839046 32.892327 -8.009204 -5.030100 -32.150154 8.507895 24.707219 34.644581 10.782668 5.249089 -41.380577 0.000000 0.000000 0.000000 -6.426238 -29.931134 -69.535341 -30.523542 44.143396 -5.727083 -35.161556 -28.556808 5.929012 0.000000 0.000000 0.000000 24.830969 -19.334668 59.061998 3.786857 71.096011 -8.614595 -28.165656 25.026975 -8.078085 0.000000 0.000000 0.000000 
0.005127 0.908872 0.582244 -179.778278 24.332201 178.452476 4.323364 -4.009235 -12.339657 -20.320687 -15.145542 18.774366 90.537477 -54.230254 40.070925 0.000000 0.000000 0.000000 2.643716 -12.113127 -19.574780 -11.312543 -21.724418 28.839528 20.323029 0.943142 -5.898042 0.000000 0.000000 0.000000 -6.322832 -15.678647 33.939777 -7.531422 -4.922301 -32.341886 8.944362 25.890569 34.650177 11.470712 5.440505 -41.896280 0.000000 0.000000 0.000000 -5.196051 -29.947131 -72.063178 -28.520365 45.876139 -5.298014 -36.938282 -26.947995 5.973274 0.000000 0.000000 0.000000 24.131374 -19.541135 61.455471 -1.492936 72.006774 -12.451291 -28.129518 24.224475 -8.018205 0.000000 0.000000 0.000000 
0.006526 0.906784 0.590707 -179.658350 22.989145 178.708443 4.714740 -4.443822 -13.236467 -20.963109 -15.716412 19.447061 94.712132 -59.310253 39.058143 0.000000 0.000000 0.000000 3.207638 -12.834047 -20.688158 -12.648998 -22.290491 29.994627 24.987876 4.066713 -5.910688 0.000000 0.000000 0.000000 -7.451437 -16.050740 34.518302 -7.235656 -4.839521 -32.208289 9.104340 26.583559 33.996991 12.461745 4.936014 -41.194110 0.000000 0.000000 0.000000 -3.568784 -30.750080 -74.359129 -26.370998 47.960407 -4.838046 -37.249303 -25.314209 5.334824 0.000000 0.000000 0.000000 23.678158 -19.656018 64.254327 -6.079176 72.284204 -16.247524 -28.373869 23.571441 -8.162236 0.000000 0.000000 0.000000 
0.008302 0.905828 0.597050 -179.528204 21.909895 178.555062 4.973187 -4.656873 -13.392066 -21.296770 -16.028509 19.674630 96.524641 -60.821471 37.789500 0.000000 0.000000 0.000000 3.485928 -13.165781 -21.132231 -14.131770 -22.829069 31.189980 29.071836 6.281993 -5.341185 0.000000 0.000000 0.000000 -7.935960 -16.368553 34.883833 -7.182449 -4.815186 -31.861408 9.122119 26.899451 33.611020 12.749907 4.474505 -40.834004 0.000000 0.000000 0.000000 -2.714856 -30.523367 -76.601227 -24.333185 49.518100 -4.144519 -38.957664 -24.172751 5.405133 0.000000 0.000000 0.000000 23.854536 -19.990811 65.962634 -8.587740 71.982141 -18.725749 -27.938322 23.455757 -8.215918 0.000000 0.000000 0.000000 
0.010623 0.905320 0.601294 -179.472301 20.565186 178.487070 5.296911 -4.955816 -13.684935 -21.395333 -16.256691 19.920024 100.360375 -64.162349 35.233003 0.000000 0.000000 0.000000 3.529735 -13.565921 -21.305143 -14.952893 -23.338773 31.816047 33.159336 7.890040 -5.156999 0.000000 0.000000 0.000000 -7.984037 -16.199938 34.623473 -7.156929 -4.682166 -31.155743 8.870193 26.417225 32.868547 13.433277 3.242700 -39.440566 0.000000 0.000000 0.000000 -1.810851 -30.654163 -79.539604 -21.406462 51.413483 -2.731489 -39.838952 -22.199149 5.049480 0.000000 0.000000 0.000000 23.287484 -20.244722 68.212488 -9.479062 71.806183 -19.647235 -28.359855 23.501141 -8.433471 0.000000 0.000000 0.000000 
0.013591 0.906061 0.604113 -179.487817 19.174516 178.210791 5.250321 -5.009335 -13.535549 -21.151328 -16.352625 19.937517 103.670086 -65.742924 31.742591 0.000000 0.000000 0.000000 3.439098 -13.589548 -20.985925 -15.929669 -23.472274 32.132991 36.929521 8.297034 -4.493883 0.000000 0.000000 0.000000 -8.262881 -16.386083 34.737964 -6.888858 -4.519409 -30.912042 8.942747 26.013118 32.666954 13.275857 1.944546 -38.569220 0.000000 0.000000 0.000000 -0.747135 -30.503901 -83.022010 -17.200747 53.921617 -0.616311 -42.125612 -20.407286 4.961201 0.000000 0.000000 0.000000 22.926715 -20.816177 70.600028 -12.449194 71.487525 -22.150779 -28.224465 22.835366 -8.330043 0.000000 0.000000 0.000000 
0.017140 0.906111 0.606032 -179.524902 17.791820 177.873776 5.448306 -5.180168 -13.359150 -21.423722 -16.672966 20.260232 110.276253 -70.552131 26.974407 0.000000 0.000000 0.000000 3.190605 -13.751812 -20.678904 -16.639637 -23.651073 32.350137 40.268984 8.351333 -4.009563 0.000000 0.000000 0.000000 -8.714469 -16.447748 34.720270 -6.250681 -3.908165 -30.359015 8.707937 25.163683 32.379499 13.267474 0.658277 -37.766122 0.000000 0.000000 0.000000 0.182444 -29.881687 -86.494247 -13.233756 55.680126 1.639957 -43.843631 -17.447519 4.435507 0.000000 0.000000 0.000000 21.967509 -20.897718 73.200305 -16.619472 71.380585 -25.093915 -29.041827 22.238981 -8.460317 0.000000 0.000000 0.000000 
0.021185 0.906128 0.607427 -179.709517 16.772809 177.355887 5.467103 -5.225101 -13.162332 -22.072148 -17.169948 20.709063 113.896041 -72.662806 24.157711 0.000000 0.000000 0.000000 2.825363 -13.939355 -20.273330 -17.515430 -24.209563 33.074661 42.748683 8.675691 -3.742979 0.000000 0.000000 0.000000 -9.216675 -16.880210 35.165846 -6.335403 -4.068000 -30.126644 9.199169 25.537368 32.155535 12.921387 -0.414464 -37.334477 0.000000 0.000000 0.000000 1.435575 -30.038416 -89.279156 -8.961857 56.922463 4.074432 -45.510276 -15.087478 3.841007 0.000000 0.000000 0.000000 21.048735 -21.085807 75.666068 -21.500841 71.273641 -28.448564 -29.178884 21.339561 -8.313626 0.000000 0.000000 0.000000 
0.025497 0.905333 0.608431 -179.982129 15.736304 176.889379 5.358748 -5.245009 -13.073920 -22.738819 -17.717650 21.191380 121.137579 -75.812609 18.200760 0.000000 0.000000 0.000000 2.380802 -14.223973 -19.911215 -18.368860 -24.601474 33.661883 45.590310 8.814595 -3.266426 0.000000 0.000000 0.000000 -10.072409 -17.434872 35.757349 -5.864867 -3.784429 -30.159224 9.498523 25.855105 32.184590 12.960247 -1.406747 -36.933645 0.000000 0.000000 0.000000 2.466390 -29.427059 -93.087716 -4.455938 58.064645 6.991031 -46.602944 -12.237896 3.082915 0.000000 0.000000 0.000000 20.013859 -21.252846 78.562244 -29.128054 70.673602 -33.561152 -30.083129 20.283574 -8.326337 0.000000 0.000000 0.000000 
0.029964 0.905093 0.609121 179.733796 14.811660 176.507098 5.362570 -5.278703 -12.898710 -23.337442 -18.168982 21.411051 129.478110 -78.127963 10.806913 0.000000 0.000000 0.000000 2.107916 -14.378824 -19.593242 -19.446759 -25.261121 34.620718 48.667336 9.248238 -2.556442 0.000000 0.000000 0.000000 -10.287261 -17.777375 36.025266 -5.795509 -3.795289 -30.058520 9.816956 25.920847 32.265298 12.422776 -2.397719 -36.689544 0.000000 0.000000 0.000000 3.316027 -29.188379 -96.443950 0.385872 59.519209 10.389217 -46.810068 -10.504448 2.455425 0.000000 0.000000 0.000000 18.715930 -21.322810 81.515725 -36.982010 70.208079 -38.649488 -31.494285 18.672136 -8.186632 0.000000 0.000000 0.000000 
0.034477 0.905009 0.609623 179.369177 14.332086 176.156907 5.069714 -5.113447 -12.527000 -23.639374 -18.452223 21.502199 142.369914 -80.031878 -0.834249 0.000000 0.000000 0.000000 1.733375 -14.421161 -19.094700 -19.705153 -25.515822 34.805162 50.422514 9.231246 -2.408081 0.000000 0.000000 0.000000 -10.205465 -17.946714 36.099930 -6.064776 -4.096711 -30.070402 10.129527 26.171999 32.237986 12.082108 -3.562720 -36.066799 0.000000 0.000000 0.000000 4.065625 -28.547970 -99.343318 4.749145 60.335956 13.344133 -46.826049 -8.373475 1.563177 0.000000 0.000000 0.000000 17.704684 -21.470252 83.687636 -43.284983 69.588692 -42.531335 -32.568467 17.603286 -8.119484 0.000000 0.000000 0.000000 
0.039183 0.905969 0.610154 179.195788 13.427721 176.000223 5.006707 -5.107067 -12.257556 -23.626243 -18.590323 21.498289 157.232769 -81.062180 -15.364770 0.000000 0.000000 0.000000 1.566327 -14.215724 -18.492491 -19.454915 -25.529109 34.324208 52.438207 8.387502 -2.390831 0.000000 0.000000 0.000000 -9.979637 -18.011406 36.020881 -5.919800 -4.050315 -30.130937 10.225001 25.844314 32.412743 11.543927 -4.333030 -36.118387 0.000000 0.000000 0.000000 4.959948 -27.792033 -103.692799 12.962412 61.411443 19.260349 -46.755410 -6.601871 0.803710 0.000000 0.000000 0.000000 16.834765 -21.884221 86.860942 -51.090291 67.792688 -47.124061 -33.826937 15.956902 -7.923107 0.000000 0.000000 0.000000 
0.044262 0.906243 0.610658 179.053584 13.052569 175.936941 4.988948 -5.140001 -12.265682 -23.887810 -18.796078 21.857687 169.264800 -81.872995 -26.911860 0.000000 0.000000 0.000000 1.640145 -13.947478 -18.229574 -19.282742 -25.641857 34.125489 53.568624 8.126219 -2.501817 0.000000 0.000000 0.000000 -9.717842 -17.910055 35.795334 -5.618775 -3.787288 -30.159191 9.848601 25.482390 32.323023 11.381396 -5.423321 -35.458837 0.000000 0.000000 0.000000 5.410051 -27.273140 -105.551170 17.932395 61.832097 22.715771 -47.229944 -5.673002 0.311432 0.000000 0.000000 0.000000 16.711408 -22.000139 88.054766 -53.622932 66.937319 -48.643253 -34.575038 15.599984 -8.065638 0.000000 0.000000 0.000000 
0.049534 0.906013 0.611099 179.113995 12.461377 175.789327 5.291889 -5.330166 -12.151295 -24.489145 -19.137550 22.153424 -160.723949 -82.153814 -55.540125 0.000000 0.000000 0.000000 1.707824 -13.324671 -17.509228 -19.169481 -26.097520 34.090395 54.998381 7.739840 -2.848852 0.000000 0.000000 0.000000 -9.564385 -17.936465 35.712197 -5.569273 -3.782283 -30.157689 10.013619 25.383408 32.264477 10.940822 -6.255069 -35.306173 0.000000 0.000000 0.000000 6.955842 -26.116209 -109.654623 26.979676 61.861145 28.753796 -48.433062 -3.498793 -0.959772 0.000000 0.000000 0.000000 15.763200 -22.497625 90.263926 -58.134981 65.690339 -50.712932 -35.846164 14.530408 -7.914157 0.000000 0.000000 0.000000 
0.054752 0.904652 0.611446 179.195822 11.995149 175.548168 5.838023 -5.694089 -12.277782 -26.000987 -19.885160 22.941328 -140.243702 -82.358079 -75.159339 0.000000 0.000000 0.000000 2.050013 -12.537135 -16.993395 -19.285735 -26.550939 34.206919 57.092882 7.613478 -3.091224 0.000000 0.000000 0.000000 -9.743797 -18.237249 35.926773 -5.200836 -3.471634 -30.123229 9.855392 25.733375 31.927779 10.597253 -7.514420 -34.691791 0.000000 0.000000 0.000000 7.648920 -25.200807 -112.486669 34.013325 61.032421 33.359592 -49.567950 -1.995003 -1.734065 0.000000 0.000000 0.000000 15.413771 -22.613379 91.582405 -60.567201 64.660865 -51.803121 -36.215802 14.192804 -7.975871 0.000000 0.000000 0.000000 
0.059258 0.902769 0.612005 179.165710 11.777595 175.420984 6.239657 -6.012572 -12.900988 -27.712063 -20.713043 24.155934 -118.899440 -81.445523 -95.304035 0.000000 0.000000 0.000000 2.222400 -12.291228 -16.887715 -20.441486 -27.202318 35.337551 60.411030 8.438765 -2.304914 0.000000 0.000000 0.000000 -10.158454 -18.571648 36.299485 -5.014408 -3.360431 -30.272220 10.152406 26.245597 31.976970 9.924263 -8.260642 -34.575300 0.000000 0.000000 0.000000 8.565695 -24.223058 -115.109675 39.237611 60.293366 36.626404 -50.871896 -1.118447 -2.399818 0.000000 0.000000 0.000000 14.613341 -22.916544 92.671171 -62.861324 64.246040 -52.722989 -37.092511 13.310026 -7.729734 0.000000 0.000000 0.000000 
0.062733 0.900260 0.612899 179.212442 11.669016 175.268143 7.023147 -6.526048 -13.392068 -30.665429 -21.988878 25.702828 -97.814384 -81.330655 -115.601624 0.000000 0.000000 0.000000 2.550740 -12.124472 -17.067775 -21.703557 -27.608492 36.368740 62.601033 9.126857 -1.595571 0.000000 0.000000 0.000000 -10.713202 -19.370362 37.175390 -4.953340 -3.494827 -30.645888 10.646271 27.816579 31.881646 9.570398 -8.963715 -34.436644 0.000000 0.000000 0.000000 9.492711 -23.781978 -117.088161 42.725519 59.664829 38.613275 -52.406703 0.057100 -3.217402 0.000000 0.000000 0.000000 14.161502 -23.280771 93.366110 -63.690169 63.711183 -52.572207 -37.951282 13.493382 -7.885883 0.000000 0.000000 0.000000 
0.065501 0.898103 0.614226 179.198929 11.585730 175.429023 7.476697 -6.945663 -14.369158 -32.740668 -22.902963 26.797291 -84.187284 -78.412862 -128.300239 0.000000 0.000000 0.000000 2.749742 -12.352796 -17.568802 -23.031041 -27.982059 37.556091 65.798362 9.868615 -0.059382 0.000000 0.000000 0.000000 -11.660498 -19.946990 37.966368 -4.580769 -3.252860 -30.701852 11.048784 28.626962 31.959333 9.575851 -9.055680 -34.546239 0.000000 0.000000 0.000000 9.605808 -23.799887 -117.238816 42.482138 59.690230 38.481133 -54.243163 -0.667819 -2.733644 0.000000 0.000000 0.000000 13.271219 -23.090460 93.925849 -63.832730 63.166929 -51.477016 -38.501056 13.148089 -7.755362 0.000000 0.000000 0.000000 
0.067910 0.895561 0.615610 179.285263 11.800914 175.405743 8.181817 -7.433692 -15.060747 -35.416055 -23.895947 28.132214 -69.819474 -77.236669 -142.742853 0.000000 0.000000 0.000000 2.937789 -12.570963 -18.076517 -24.400929 -28.415392 38.902282 66.732669 10.478481 1.417390 0.000000 0.000000 0.000000 -12.225617 -20.563830 38.769736 -4.754919 -3.537320 -30.812223 11.877598 30.174510 32.059003 9.561290 -9.431049 -34.398534 0.000000 0.000000 0.000000 10.050718 -23.852385 -117.866020 43.026396 59.626614 38.734470 -56.222100 -0.413012 -2.897849 0.000000 0.000000 0.000000 13.134827 -23.410607 93.856754 -62.809894 62.968560 -50.220279 -39.174719 13.989767 -8.063419 0.000000 0.000000 0.000000 
0.070557 0.892627 0.616705 179.364872 11.530516 175.528761 8.623255 -7.844535 -15.737404 -36.869544 -24.488889 28.830618 -68.421571 -73.512207 -143.212983 0.000000 0.000000 0.000000 3.253879 -12.918707 -18.811831 -26.388943 -28.974857 40.671919 69.705906 10.992427 3.472434 0.000000 0.000000 0.000000 -13.484667 -21.380022 39.877809 -4.374041 -3.319668 -30.740034 12.209120 31.124531 32.199370 9.865297 -9.311703 -34.558386 0.000000 0.000000 0.000000 9.835778 -24.395917 -116.870045 40.435854 59.427394 36.804462 -57.712263 -1.182162 -2.051901 0.000000 0.000000 0.000000 12.888845 -22.913274 94.264325 -62.631612 62.129604 -49.369772 -39.823756 13.814322 -8.176852 0.000000 0.000000 0.000000 
0.073419 0.888478 0.617394 179.525788 11.059352 175.189330 9.246002 -8.313276 -16.124706 -39.637987 -25.561785 30.170250 -64.942336 -68.684583 -145.844224 0.000000 0.000000 0.000000 3.458438 -13.058630 -19.099392 -28.961999 -29.664861 42.785555 72.519533 11.522863 5.137930 0.000000 0.000000 0.000000 -14.473062 -22.192782 40.926544 -4.747884 -3.731756 -30.407410 13.171960 32.498031 32.244156 9.663313 -10.625606 -34.130398 0.000000 0.000000 0.000000 10.886921 -24.540352 -118.870562 43.729858 58.282623 38.547035 -59.429736 0.483787 -3.011789 0.000000 0.000000 0.000000 12.523127 -22.886984 96.178627 -63.617137 60.464694 -48.914750 -40.413173 12.959512 -8.067448 0.000000 0.000000 0.000000 
0.076115 0.883337 0.617820 179.629957 10.893601 174.920920 10.282324 -9.006563 -16.569370 -42.958892 -26.735341 31.269924 -60.123958 -64.724105 -149.979697 0.000000 0.000000 0.000000 3.604660 -13.465971 -19.653005 -31.833329 -30.192436 45.148060 76.404025 12.040356 7.831569 0.000000 0.000000 0.000000 -16.563838 -23.106821 42.428785 -4.530322 -3.750723 -30.597660 14.420724 34.147302 32.741090 9.898108 -10.854372 -34.302199 0.000000 0.000000 0.000000 11.892307 -24.840923 -119.713119 45.761455 57.627972 39.361355 -60.545795 1.478728 -3.836684 0.000000 0.000000 0.000000 12.133268 -22.711024 97.731655 -64.783403 59.045051 -48.710080 -40.594077 11.998492 -7.839518 0.000000 0.000000 0.000000 
0.078153 0.878487 0.618270 179.477729 10.844919 174.498227 10.956975 -9.485646 -17.059920 -47.088279 -28.084456 33.179680 -53.128596 -62.610571 -156.974257 0.000000 0.000000 0.000000 3.950853 -13.750296 -20.306872 -36.110055 -30.617444 48.333802 78.346537 13.336746 10.374765 0.000000 0.000000 0.000000 -18.494611 -23.861127 43.735947 -4.316182 -3.688712 -30.656385 15.217788 35.382350 32.879185 10.065570 -11.499931 -34.037527 0.000000 0.000000 0.000000 11.969354 -25.333329 -118.379817 44.488308 57.293674 37.946051 -61.478044 1.416647 -3.742117 0.000000 0.000000 0.000000 12.792509 -22.401580 97.095606 -62.304046 58.606989 -47.012803 -40.884246 12.651404 -8.288066 0.000000 0.000000 0.000000 
0.079489 0.874459 0.618632 179.412161 10.929373 174.434019 11.416184 -9.860187 -17.641593 -49.844304 -28.916318 34.421761 -49.414093 -60.669505 -160.420071 0.000000 0.000000 0.000000 4.278498 -14.304915 -21.221272 -39.821061 -30.590857 50.857684 81.677899 14.014097 13.548553 0.000000 0.000000 0.000000 -20.494626 -24.513511 45.019559 -4.207619 -3.831188 -30.946549 16.386899 36.773305 33.461736 9.912365 -11.425080 -34.519357 0.000000 0.000000 0.000000 12.205178 -26.021040 -117.536702 44.331400 57.295682 37.669949 -60.976787 0.499343 -3.381885 0.000000 0.000000 0.000000 12.950612 -21.896990 97.868675 -62.784872 57.379297 -46.689315 -40.384671 12.092934 -8.212587 0.000000 0.000000 0.000000 
0.080287 0.871679 0.618742 179.426489 10.986816 174.085409 11.758504 -10.053796 -17.734151 -52.181736 -29.561440 35.471221 -47.367821 -58.375732 -162.236689 0.000000 0.000000 0.000000 4.434906 -14.462457 -21.548925 -42.950958 -30.532350 52.819162 84.435476 13.798642 16.085004 0.000000 0.000000 0.000000 -22.128911 -24.975339 45.955257 -4.207137 -3.790571 -30.719249 16.897298 37.501166 33.453517 10.179966 -11.373886 -34.539384 0.000000 0.000000 0.000000 11.821184 -26.489475 -115.042420 41.530942 57.969707 35.697249 -60.000886 -1.047945 -2.615192 0.000000 0.000000 0.000000 13.591150 -21.201565 96.604133 -60.711376 57.464118 -45.566239 -39.865071 12.619990 -8.471317 0.000000 0.000000 0.000000 
0.080908 0.869994 0.618345 179.570474 10.857343 174.205962 11.788815 -10.094130 -17.746561 -52.873258 -29.790588 35.794788 -51.210097 -53.878380 -157.822678 0.000000 0.000000 0.000000 4.553708 -14.672188 -21.889692 -44.504660 -30.558199 53.897968 85.603236 14.269349 17.197267 0.000000 0.000000 0.000000 -22.825616 -25.126529 46.273422 -4.170954 -3.789726 -30.653836 17.131117 37.804537 33.381417 9.812690 -11.959223 -34.413849 0.000000 0.000000 0.000000 12.222605 -26.344605 -115.495503 43.790306 57.737986 36.991019 -58.742039 -0.147886 -3.450532 0.000000 0.000000 0.000000 13.797629 -21.039466 96.935336 -60.592700 56.722550 -45.141610 -38.728549 11.462662 -7.899510 0.000000 0.000000 0.000000 
0.081679 0.869122 0.617577 179.692212 10.687848 174.119263 12.009872 -10.196385 -17.535509 -53.979108 -30.155869 36.124321 -51.484229 -51.808076 -157.562386 0.000000 0.000000 0.000000 4.488360 -14.568081 -21.682715 -45.759113 -30.729052 54.809215 87.024814 14.123545 18.050421 0.000000 0.000000 0.000000 -23.479725 -25.219394 46.502015 -4.037032 -3.581323 -30.393503 17.074523 37.586965 33.119624 9.419176 -12.676852 -34.183899 0.000000 0.000000 0.000000 11.862373 -26.375160 -114.705313 43.924415 57.608643 37.059423 -57.519733 -0.201534 -3.268118 0.000000 0.000000 0.000000 14.092606 -20.596557 96.430847 -59.293342 56.361773 -44.066558 -38.380108 11.258387 -7.844957 0.000000 0.000000 0.000000 
0.082601 0.868854 0.616546 179.835966 10.592929 174.340577 12.224466 -10.344975 -17.536135 -54.141256 -30.343364 35.769886 -54.393483 -47.675904 -154.710952 0.000000 0.000000 0.000000 4.440516 -14.620512 -21.709585 -46.157359 -30.831474 55.216424 86.812557 14.829385 18.035554 0.000000 0.000000 0.000000 -23.692721 -24.972161 46.185517 -3.722360 -3.280258 -30.375262 16.595587 37.020513 32.885473 9.363479 -12.734701 -34.223884 0.000000 0.000000 0.000000 12.166095 -26.066729 -114.792481 45.291013 57.465080 37.716823 -55.891007 0.744260 -3.965551 0.000000 0.000000 0.000000 14.397427 -20.435040 96.364707 -58.687426 56.033106 -43.656163 -37.566038 10.684011 -7.550522 0.000000 0.000000 0.000000 
0.083662 0.868650 0.615623 179.937007 10.522402 174.209563 12.340057 -10.370028 -17.291079 -54.939754 -30.761650 35.666856 -54.868724 -45.653069 -154.506329 0.000000 0.000000 0.000000 4.229728 -14.449335 -21.335719 -46.954215 -30.973753 55.832651 87.267589 15.483040 18.199549 0.000000 0.000000 0.000000 -24.449761 -24.949212 46.244043 -3.600464 -3.021116 -30.041396 16.601207 36.895152 32.365244 9.107357 -13.202018 -34.015032 0.000000 0.000000 0.000000 11.739404 -25.694480 -114.808648 46.538538 56.905850 38.432604 -54.763802 1.930066 -4.297688 0.000000 0.000000 0.000000 14.497542 -19.865217 96.198004 -58.149173 56.070910 -43.470320 -37.129476 10.468689 -7.478022 0.000000 0.000000 0.000000 
0.084859 0.868613 0.614703 -179.875976 10.018801 174.422101 12.396660 -10.458163 -17.219279 -54.757771 -31.047971 35.056659 -58.714458 -40.518305 -150.593567 0.000000 0.000000 0.000000 4.200911 -14.497252 -21.282309 -47.051809 -31.091330 55.860167 88.585121 15.143993 18.257872 0.000000 0.000000 0.000000 -24.322853 -24.799370 45.885622 -3.545273 -2.963867 -30.035110 16.418859 36.334405 32.088742 8.518685 -13.382592 -34.447835 0.000000 0.000000 0.000000 12.565375 -24.758895 -118.192045 51.561227 55.018184 41.114909 -53.733592 4.980586 -5.857887 0.000000 0.000000 0.000000 14.018961 -19.818763 98.556159 -60.182840 54.737921 -44.071594 -37.336420 9.070217 -7.163029 0.000000 0.000000 0.000000 
0.086208 0.868872 0.613900 -179.897169 9.585491 174.538841 12.247984 -10.406448 -17.077431 -54.034705 -31.013433 34.594252 -60.737328 -38.843837 -148.478095 0.000000 0.000000 0.000000 4.202477 -14.569229 -21.292476 -47.879978 -30.960455 56.007269 89.592991 14.625145 18.418954 0.000000 0.000000 0.000000 -24.794604 -24.753708 45.792503 -3.185045 -2.690828 -30.150926 16.106821 36.045169 31.710027 8.121666 -14.310986 -34.304021 0.000000 0.000000 0.000000 12.980821 -23.276325 -121.682516 56.134901 52.186807 42.990009 -52.618242 8.561502 -7.336796 0.000000 0.000000 0.000000 13.601050 -19.501105 100.474189 -61.840714 53.811504 -44.793929 -37.123533 7.721875 -6.801195 0.000000 0.000000 0.000000 
0.088005 0.869748 0.613158 -179.926292 8.823670 174.709467 11.859797 -10.242728 -16.863072 -52.613282 -30.787565 34.019091 -64.389755 -34.922617 -144.793684 0.000000 0.000000 0.000000 4.217355 -14.654820 -21.292327 -47.319214 -31.003443 55.413192 91.486003 12.982510 18.133253 0.000000 0.000000 0.000000 -24.420339 -24.447248 45.119582 -3.346089 -2.717637 -29.883636 15.898070 35.601717 31.331820 7.839272 -15.187113 -34.405678 0.000000 0.000000 0.000000 14.482481 -21.194078 -129.446345 63.309524 46.792956 45.348844 -51.518655 14.121023 -9.979177 0.000000 0.000000 0.000000 12.118703 -19.634554 105.556116 -66.354692 50.955800 -45.794092 -37.597912 5.010338 -6.117726 0.000000 0.000000 0.000000 
0.090541 0.870506 0.612470 179.983239 8.186796 175.033649 11.664119 -10.185383 -16.652701 -50.666484 -30.257492 33.203368 -66.429192 -34.862977 -141.909389 0.000000 0.000000 0.000000 4.261175 -15.009381 -21.609206 -47.950317 -30.908456 55.533097 93.602284 11.737038 18.716029 0.000000 0.000000 0.000000 -24.727874 -24.320294 44.794178 -2.561164 -2.074086 -30.041972 15.212108 35.246172 31.244907 7.890754 -15.334786 -34.775462 0.000000 0.000000 0.000000 15.542721 -19.115908 -135.110477 67.174668 42.552159 45.547012 -50.513544 19.128439 -12.156370 0.000000 0.000000 0.000000 10.346413 -19.055766 110.384753 -70.574242 48.496929 -46.818117 -37.572378 1.860735 -5.211038 0.000000 0.000000 0.000000 
0.094055 0.871430 0.611890 -179.884793 6.929850 175.222648 11.674072 -10.355369 -16.626922 -49.488697 -30.026128 32.822451 -69.003269 -31.743803 -138.543113 0.000000 0.000000 0.000000 4.309553 -15.188671 -21.674712 -48.354901 -31.064508 55.543633 97.573927 8.396489 19.017111 0.000000 0.000000 0.000000 -24.200250 -24.165528 44.214546 -2.729842 -2.157703 -29.828153 15.292523 34.904077 31.093661 7.343521 -16.676796 -35.033154 0.000000 0.000000 0.000000 17.400958 -14.235910 -149.703030 74.332777 30.587739 43.093316 -46.249089 29.268658 -15.978841 0.000000 0.000000 0.000000 6.520444 -18.224873 121.825725 -77.845365 40.921790 -45.103950 -37.714256 -5.301544 -3.184524 0.000000 0.000000 0.000000 
0.098803 0.872586 0.611400 -179.898509 5.823306 175.554993 12.004051 -10.688951 -16.457746 -47.668311 -29.633373 31.524736 -70.640177 -32.653084 -136.242442 0.000000 0.000000 0.000000 4.114304 -15.416153 -21.530521 -47.058572 -31.165429 54.461784 99.542740 6.765306 17.645492 0.000000 0.000000 0.000000 -24.462610 -24.200471 44.047750 -2.102943 -1.863550 -30.480806 15.254544 34.934732 31.140328 7.300078 -17.621264 -35.432501 0.000000 0.000000 0.000000 17.876875 -8.728764 -164.830602 78.154243 16.919197 36.532268 -37.089987 39.429027 -16.831931 0.000000 0.000000 0.000000 2.675458 -16.649510 133.973235 -83.247832 32.563026 -41.140559 -36.314507 -12.941795 -1.138619 0.000000 0.000000 0.000000 
0.104969 0.873976 0.611011 -179.850753 4.611614 175.908872 12.683452 -11.268891 -16.313108 -45.645079 -29.186664 29.676576 -72.702136 -30.799204 -133.832709 0.000000 0.000000 0.000000 4.124033 -15.473148 -21.412927 -45.987839 -31.344292 53.554873 103.066671 4.191071 16.543382 0.000000 0.000000 0.000000 -24.309619 -24.158997 43.700864 -1.882765 -1.657680 -30.423321 15.009302 34.313173 30.947642 6.557125 -19.341571 -35.239006 0.000000 0.000000 0.000000 17.414437 -4.001136 -177.484782 79.801950 5.905174 29.699411 -26.765530 44.793383 -14.400811 0.000000 0.000000 0.000000 -0.417805 -14.389905 145.083542 -86.725362 23.856705 -35.247926 -34.834805 -20.167406 0.276034 0.000000 0.000000 0.000000 
0.112861 0.875602 0.610503 -179.905763 3.357428 176.429040 13.443573 -12.006230 -16.771848 -43.271060 -28.346865 28.165684 -74.561119 -32.674973 -132.558362 0.000000 0.000000 0.000000 3.796316 -15.717283 -21.117627 -43.672464 -31.667108 52.142191 103.361308 4.537030 14.240921 0.000000 0.000000 0.000000 -24.597129 -24.308903 43.664664 -0.987336 -1.022536 -30.506107 14.644812 33.871909 30.486884 6.252046 -21.197962 -35.057697 0.000000 0.000000 0.000000 15.796154 -0.348196 170.924220 79.751000 -4.162391 22.932570 -14.260828 47.160726 -9.073878 0.000000 0.000000 0.000000 -2.819581 -12.232106 154.743978 -89.303101 16.282868 -29.649019 -31.481164 -25.772511 0.795053 0.000000 0.000000 0.000000 
0.122729 0.875606 0.609601 -179.893936 2.578438 176.858857 14.310363 -12.742281 -16.892314 -40.581062 -27.093978 26.633455 -76.151545 -33.311335 -131.078797 0.000000 0.000000 0.000000 3.880492 -15.564643 -20.948063 -41.908447 -31.797307 50.883063 104.176704 4.449860 12.566071 0.000000 0.000000 0.000000 -24.320003 -24.156997 43.336726 -0.940546 -0.891625 -30.098403 14.494295 33.269357 29.910672 5.640390 -22.663202 -35.044232 0.000000 0.000000 0.000000 14.559775 1.231196 163.840373 79.143107 -10.088770 18.822562 -8.619979 46.369740 -6.524940 0.000000 0.000000 0.000000 -4.410367 -8.967029 163.946900 -90.073243 8.497437 -22.934112 -28.021821 -31.308415 0.623079 0.000000 0.000000 0.000000 
0.134695 0.875216 0.607823 -179.910013 1.043342 177.173618 15.374703 -13.772439 -17.264491 -38.460910 -26.295073 24.829481 -77.798077 -32.698917 -129.847962 0.000000 0.000000 0.000000 3.970509 -15.215656 -20.543219 -39.346998 -32.033419 48.960851 103.922724 5.318490 9.263248 0.000000 0.000000 0.000000 -25.278416 -24.673314 43.766041 0.283955 -0.042779 -30.048693 14.602711 33.209174 29.902749 5.650700 -24.006424 -34.664380 0.000000 0.000000 0.000000 10.838027 4.097800 150.139783 76.642329 -21.309982 11.099301 4.011910 43.835623 -0.815304 0.000000 0.000000 0.000000 -6.598823 -3.726160 178.979775 -90.668236 -4.220946 -10.889492 -17.978294 -38.869295 -1.885900 0.000000 0.000000 0.000000 
0.148314 0.873079 0.605249 179.886439 -0.003646 177.236401 16.851919 -15.039137 -17.696869 -37.816044 -25.947036 23.722234 -77.556117 -34.275422 -132.947014 0.000000 0.000000 0.000000 4.176119 -14.758254 -20.207893 -39.285966 -32.379772 48.844928 103.208909 6.578332 7.689771 0.000000 0.000000 0.000000 -26.193961 -25.220903 44.418418 0.231148 0.026527 -29.207310 15.021469 33.869366 29.000185 11.734974 36.613353 -29.933972 0.000000 0.000000 0.000000 16.284453 -8.357458 -170.513038 78.205819 14.508224 9.637891 -15.108171 42.696580 -12.703932 0.000000 0.000000 0.000000 8.814673 -17.180275 114.947510 -72.143116 52.259793 -9.417666 -32.553708 -24.677337 7.011031 0.000000 0.000000 0.000000 
0.162996 0.872737 0.602020 179.386164 -0.927434 176.837231 2.989618 26.628200 -23.165933 31.461772 26.264916 40.537712 -66.860480 -6.764045 -1.998308 0.000000 0.000000 0.000000 -1.801023 6.417036 -16.452117 34.022307 26.054591 32.867687 76.954637 1.473402 -100.556289 0.000000 0.000000 0.000000 25.491426 26.838957 49.879318 -4.937992 -0.336001 -28.460350 -20.280702 -30.119074 30.413478 12.810716 40.471540 -29.094575 0.000000 0.000000 0.000000 16.089163 -9.676868 -167.489918 76.982387 17.454711 7.961854 -16.444814 40.780900 -14.239769 0.000000 0.000000 0.000000 9.821270 -17.123016 111.680729 -69.890152 54.974538 -4.842173 -31.356220 -24.977099 9.010682 0.000000 0.000000 0.000000 
0.177763 0.875076 0.598688 178.657173 -2.415172 176.414096 2.884696 27.237931 -23.976836 31.640657 25.255133 40.069842 -56.938490 -6.004455 -0.831860 0.000000 0.000000 0.000000 -1.551478 5.676683 -14.683409 31.631894 24.826601 31.178872 75.992916 0.540859 -99.042690 0.000000 0.000000 0.000000 26.911170 26.936210 50.771216 -5.204612 -0.565949 -27.873954 -21.337145 -30.911857 30.750619 11.720429 36.511445 -30.897357 0.000000 0.000000 0.000000 15.701675 -4.336864 174.615483 78.730407 3.052277 -0.890575 -4.239113 41.165435 -8.261572 0.000000 0.000000 0.000000 4.071434 -15.877306 131.454570 -80.243942 39.966164 3.487166 -21.871760 -35.766927 8.200078 0.000000 0.000000 0.000000 
0.191392 0.878402 0.595020 178.098167 -3.552676 176.094801 2.017877 27.863102 -25.602582 33.680237 24.740100 40.947866 -48.929454 -5.972556 1.349237 0.000000 0.000000 0.000000 -1.767153 5.386914 -13.291594 30.010425 23.792290 29.917951 78.567736 8.060133 -99.591836 0.000000 0.000000 0.000000 28.845667 27.379815 52.155392 -5.977405 -0.737667 -28.087720 -22.436168 -31.393527 31.974858 11.974871 34.886464 -30.422164 0.000000 0.000000 0.000000 13.734078 0.925012 157.210247 78.432160 -10.931765 -10.617438 10.012104 39.949395 -2.176783 0.000000 0.000000 0.000000 -2.585927 -11.738395 155.023048 -86.255782 19.883885 19.790717 -1.592982 -42.343752 0.623334 0.000000 0.000000 0.000000 
0.202638 0.882192 0.589360 177.404571 -3.509679 176.062351 1.163272 29.614870 -27.415723 38.081892 25.973728 45.102540 -42.076340 -8.065578 3.290313 0.000000 0.000000 0.000000 -1.661900 5.205178 -12.545509 29.151510 23.400893 30.020510 80.081712 12.297706 -98.869323 0.000000 0.000000 0.000000 27.663563 27.177284 51.717367 -6.213656 -0.860290 -28.265030 -21.100809 -29.415900 31.145204 9.702774 31.768401 -32.614372 0.000000 0.000000 0.000000 9.406890 5.864865 140.910843 75.731488 -23.721209 -20.431737 22.920214 33.694631 1.884292 0.000000 0.000000 0.000000 -4.940748 -9.132765 167.926892 -86.461320 7.218171 30.005545 9.445822 -40.294652 -3.603258 0.000000 0.000000 0.000000 
0.211222 0.887169 0.580437 176.823453 -5.079370 176.556340 -1.403529 29.834467 -30.413377 41.590484 26.312593 48.351357 -40.567993 -10.971642 5.272537 0.000000 0.000000 0.000000 -2.079448 5.138287 -10.935492 27.209324 22.055340 26.898405 81.506490 15.526227 -99.273318 0.000000 0.000000 0.000000 26.457696 25.829225 49.883436 -8.366746 -1.167586 -29.316200 -18.929879 -26.755452 31.486757 8.978357 27.934004 -31.403950 0.000000 0.000000 0.000000 2.379680 8.833280 117.978810 67.304881 -41.016331 -30.630685 33.503734 21.573240 2.390942 0.000000 0.000000 0.000000 -6.322393 -0.029830 -160.445225 -82.272809 -23.148353 49.569146 29.936678 -29.127285 -8.401684 0.000000 0.000000 0.000000 
0.216924 0.891889 0.567725 175.729469 -5.958968 176.320176 -2.640437 28.752655 -31.179531 39.056327 27.870118 49.695965 -40.365565 -11.734933 6.669158 0.000000 0.000000 0.000000 -3.282562 5.815542 -7.869852 25.308551 20.378159 24.023224 89.408300 34.955795 -96.848442 0.000000 0.000000 0.000000 25.356868 24.837301 48.363363 -9.237828 -1.399419 -28.558295 -17.785221 -24.423295 30.350136 8.888782 25.203543 -32.559536 0.000000 0.000000 0.000000 -3.375159 11.475053 101.007468 55.451868 -51.521355 -32.247746 37.914585 7.889164 -0.665673 0.000000 0.000000 0.000000 -6.437206 3.540852 -145.618178 -79.139748 -36.449620 54.727656 33.548765 -22.163940 -8.057238 0.000000 0.000000 0.000000 
0.220478 0.894535 0.552018 175.759035 -7.450198 176.753439 -4.792438 26.781951 -32.318432 31.536860 28.930097 46.898461 -27.974623 -9.618269 0.776738 0.000000 0.000000 0.000000 -2.812217 6.035352 -4.115616 22.020161 18.147847 18.898510 95.944367 42.790560 -92.237960 0.000000 0.000000 0.000000 22.789828 22.833632 45.249909 -9.498904 -1.211636 -29.062622 -15.777792 -19.919980 30.087940 10.471173 24.076327 -31.378632 0.000000 0.000000 0.000000 -5.259278 11.004132 90.377613 41.541789 -58.106354 -27.501899 40.424330 -1.223537 -3.112735 0.000000 0.000000 0.000000 -5.343748 6.252575 -130.164867 -71.197347 -50.011375 55.870756 35.865416 -14.250120 -6.626316 0.000000 0.000000 0.000000 
0.222374 0.895027 0.534272 175.597663 -8.650787 177.074272 -5.735328 23.745551 -31.294115 22.082915 29.450336 40.890038 -19.753557 -4.531156 -3.024119 0.000000 0.000000 0.000000 -2.644598 6.449541 -2.050909 19.926725 16.615495 15.750211 97.564178 44.173992 -89.784877 0.000000 0.000000 0.000000 20.504329 21.632178 43.374620 -9.482608 -1.147969 -29.423581 -14.430228 -16.845891 28.918745 11.477360 23.194358 -31.252772 0.000000 0.000000 0.000000 -7.443438 10.856824 80.831056 26.129407 -61.448411 -19.811552 38.494461 -9.042099 -5.102247 0.000000 0.000000 0.000000 -3.858548 8.154413 -118.703347 -61.544061 -57.855121 51.790382 35.894982 -9.810472 -5.526202 0.000000 0.000000 0.000000 
0.222776 0.892720 0.514762 175.141449 -10.658106 176.719579 -6.269927 19.719816 -29.198977 11.303845 29.515674 32.969776 -12.269732 2.210785 -5.117436 0.000000 0.000000 0.000000 -2.386749 7.858897 1.965430 17.957744 14.795316 11.652324 102.160640 51.355727 -86.747388 0.000000 0.000000 0.000000 20.244944 21.411838 43.295166 -10.903114 -0.975717 -29.656547 -14.129911 -16.786811 30.416679 11.080276 19.617547 -32.424747 0.000000 0.000000 0.000000 -8.606205 9.951167 72.500587 9.867754 -62.234022 -10.201848 37.187189 -14.593150 -6.204267 0.000000 0.000000 0.000000 -0.281034 9.001358 -107.728869 -43.314466 -63.569966 40.239506 36.770282 -4.651229 -3.881928 0.000000 0.000000 0.000000 
0.222023 0.889251 0.493642 175.520558 -11.955379 176.725483 -6.540741 17.315739 -27.696164 4.360253 27.942387 26.359980 -5.540020 8.962978 -4.474690 0.000000 0.000000 0.000000 -1.292248 7.981361 3.855078 16.882955 13.913816 10.443600 100.926397 50.953375 -86.908347 0.000000 0.000000 0.000000 19.234166 21.346184 43.145888 -10.539099 -0.761271 -30.459503 -14.350279 -16.237460 31.261128 11.568937 18.364168 -33.805312 0.000000 0.000000 0.000000 -8.700751 9.499196 68.939096 2.713599 -62.186831 -5.433376 36.194046 -15.708453 -6.020668 0.000000 0.000000 0.000000 2.660511 10.556919 -102.427692 -31.734628 -64.564375 32.674389 36.107516 0.060959 -2.121297 0.000000 0.000000 0.000000 
0.220013 0.884848 0.471390 175.688999 -13.011589 177.998100 -7.975881 16.900332 -28.722390 4.772169 27.877577 26.927096 -5.413228 9.222279 -6.434481 0.000000 0.000000 0.000000 -1.466152 8.010082 3.898076 17.462858 14.033501 10.779766 100.061745 52.780560 -87.171245 0.000000 0.000000 0.000000 16.678767 21.010207 42.209340 -10.448290 -0.772961 -30.782791 -13.249294 -14.995347 30.527303 10.984767 15.683341 -35.045204 0.000000 0.000000 0.000000 -9.939286 8.350933 64.665440 -4.768604 -60.334589 -1.464470 33.311665 -18.209446 -6.257374 0.000000 0.000000 0.000000 5.700411 11.769145 -96.239214 -19.054956 -64.386442 23.670721 34.714833 3.682243 -0.874113 0.000000 0.000000 0.000000 
0.215804 0.881005 0.448050 175.884358 -13.987741 179.051873 -8.362006 16.861775 -29.227064 3.807107 27.044380 25.941296 -3.232079 11.315045 -6.747956 0.000000 0.000000 0.000000 -1.002054 7.558216 3.767684 17.890546 13.932999 13.355753 98.638364 54.057497 -87.282585 0.000000 0.000000 0.000000 14.844413 21.069827 41.601524 -9.922335 -0.395997 -31.870919 -13.669294 -14.647775 30.980467 11.978718 15.663379 -35.186001 0.000000 0.000000 0.000000 -9.609094 7.910382 63.068366 -9.993234 -60.408047 2.110241 33.076016 -18.765103 -6.087602 0.000000 0.000000 0.000000 6.325645 12.794912 -93.382604 -12.550197 -64.831031 19.253079 34.383756 5.245454 -0.564842 0.000000 0.000000 0.000000 
0.208966 0.878787 0.422849 175.928410 -15.303152 -179.872007 -8.588528 16.708739 -29.533671 4.924813 26.822072 27.111369 -3.482531 11.499423 -8.620295 0.000000 0.000000 0.000000 -1.515247 7.624003 3.551753 19.312722 14.276306 16.177021 124.514029 71.722088 -67.584517 0.000000 0.000000 0.000000 12.245581 20.664055 40.285462 -8.515350 -0.167622 -32.209078 -14.455974 -13.231685 30.282955 13.506908 16.363295 -35.706258 0.000000 0.000000 0.000000 -10.123642 7.499990 60.530055 -14.839819 -58.201366 4.662964 33.806205 -20.454200 -6.356869 0.000000 0.000000 0.000000 7.403278 12.940161 -91.166400 -9.232247 -65.183821 17.123545 35.245251 6.442704 -0.269993 0.000000 0.000000 0.000000 
0.199096 0.879207 0.395785 176.019265 -16.675011 179.967768 -7.941722 15.569328 -28.264588 6.646776 28.698413 29.797744 -5.992499 9.473667 -10.974167 0.000000 0.000000 0.000000 -2.228832 8.363366 4.373119 24.088989 16.128224 19.821512 155.908925 83.022810 -41.012872 0.000000 0.000000 0.000000 10.568623 20.197137 39.259596 -9.133062 0.150216 -33.060320 -13.675850 -12.471035 31.858411 12.996757 14.344205 -36.173745 0.000000 0.000000 0.000000 -11.363543 7.200399 57.424917 -16.831921 -57.331712 5.310002 32.163936 -21.719824 -6.323208 0.000000 0.000000 0.000000 7.674022 13.328644 -86.466829 4.139691 -65.921938 7.474688 35.294371 8.150382 -0.215083 0.000000 0.000000 0.000000 
0.187439 0.880342 0.367823 175.417621 -19.217382 179.971213 -8.310067 13.457621 -26.885061 8.401769 28.880832 31.402782 -6.471748 8.515614 -10.648671 0.000000 0.000000 0.000000 -5.921845 8.875220 1.212101 38.607722 21.391112 29.534562 -76.654265 61.098036 77.230343 0.000000 0.000000 0.000000 7.956881 19.414061 37.738108 -7.982860 0.150188 -32.479298 -13.722753 -11.131049 31.707987 13.270335 12.369504 -35.811848 0.000000 0.000000 0.000000 -12.130589 5.463686 53.544007 -22.269844 -53.990002 7.168521 31.995913 -24.138627 -6.692884 0.000000 0.000000 0.000000 8.540961 13.340381 -80.366083 17.320831 -65.093688 -2.392283 35.535453 10.285388 -0.040243 0.000000 0.000000 0.000000 
0.175680 0.881974 0.340145 175.109538 -21.316659 178.878156 -7.450913 11.190848 -24.088876 10.847443 31.255173 34.636133 -10.127929 5.036643 -12.329309 0.000000 0.000000 0.000000 -9.324084 9.673632 -2.268038 56.977712 24.400528 42.374913 -64.022973 27.956478 83.252468 0.000000 0.000000 0.000000 7.632987 19.496819 37.986260 -8.368651 -0.010032 -31.873717 -13.414140 -12.245777 31.887538 11.876895 9.730705 -34.877541 0.000000 0.000000 0.000000 -13.950694 6.004792 49.012856 -26.833229 -50.594265 7.499973 30.345709 -28.995087 -7.340491 0.000000 0.000000 0.000000 9.191942 12.129521 -75.904135 25.745795 -63.231940 -8.900170 36.670254 11.428525 0.014073 0.000000 0.000000 0.000000 
0.165493 0.884634 0.313422 175.192758 -24.658539 178.124147 -6.693307 8.597951 -20.976720 8.722226 30.527800 32.658767 -10.271713 6.469249 -12.823704 0.000000 0.000000 0.000000 -11.241752 9.304644 -6.784791 71.072808 23.303870 52.879397 -63.811652 7.880619 88.033458 0.000000 0.000000 0.000000 7.373349 18.848002 37.698753 -8.092670 -0.155898 -30.906759 -13.720301 -12.098918 31.779772 12.034028 7.687031 -35.072550 0.000000 0.000000 0.000000 -14.214852 4.207483 44.578508 -30.393664 -46.310326 7.840090 29.389417 -33.305598 -7.859482 0.000000 0.000000 0.000000 11.127704 10.886403 -70.326733 32.637616 -59.540991 -13.049932 39.030070 13.532416 0.705153 0.000000 0.000000 0.000000 
0.157039 0.887460 0.287528 175.946207 -28.609952 176.324504 -5.536700 5.888192 -16.543352 6.679722 29.631714 30.568350 -9.759641 9.699119 -14.243325 0.000000 0.000000 0.000000 -11.339790 8.286562 -9.804237 73.779243 21.020250 57.585718 -68.395596 -3.522170 87.518696 0.000000 0.000000 0.000000 8.972762 18.048653 38.341149 -8.834167 -0.287823 -30.212341 -13.276114 -12.604993 32.159556 11.180187 4.663919 -35.207907 0.000000 0.000000 0.000000 -15.615398 3.173853 40.246683 -32.950531 -41.986750 6.575485 26.761599 -37.742390 -8.043535 0.000000 0.000000 0.000000 12.988786 9.989741 -63.416395 38.743430 -54.209119 -15.678735 39.309330 16.221071 1.502341 0.000000 0.000000 0.000000 
0.150044 0.891744 0.262071 176.704682 -32.927719 175.221277 -4.982831 4.045339 -13.066074 4.211565 27.294332 27.635409 -9.642900 11.677406 -14.938278 0.000000 0.000000 0.000000 -11.616058 7.774115 -11.330274 63.855166 19.919804 55.464646 -73.731471 -11.306157 77.120308 0.000000 0.000000 0.000000 8.167885 16.507311 37.205449 -8.155039 -0.570915 -28.882635 -11.993318 -11.332445 31.724863 10.745590 1.729621 -36.282811 0.000000 0.000000 0.000000 -17.029519 1.637948 36.892171 -34.030767 -37.660603 4.752435 24.850969 -41.017518 -8.034553 0.000000 0.000000 0.000000 15.552396 10.141818 -57.327917 40.502334 -47.989264 -14.198372 38.736318 20.055859 2.738524 0.000000 0.000000 0.000000 
0.144524 0.894483 0.236603 177.434274 -37.768376 174.221561 -4.196755 2.924125 -9.843455 2.551935 25.134987 25.673642 -9.731955 12.654552 -15.889605 0.000000 0.000000 0.000000 -11.940389 7.381434 -12.208379 48.578909 18.658990 49.173701 -70.883686 -14.724466 63.459375 0.000000 0.000000 0.000000 9.097799 15.426361 37.270347 -8.400104 -0.376317 -29.318276 -11.857491 -11.636441 32.025047 11.042827 -0.245368 -36.416649 0.000000 0.000000 0.000000 -17.963059 1.332438 33.570969 -34.763344 -34.762972 3.542012 20.429542 -44.379174 -6.702331 0.000000 0.000000 0.000000 17.459374 9.015616 -53.297232 42.131043 -42.660651 -13.046518 37.860557 21.244722 3.134240 0.000000 0.000000 0.000000 
0.140858 0.896611 0.210773 178.410563 -42.943696 173.221717 -2.852088 2.657379 -7.403955 1.818711 22.876137 24.734045 -10.889109 10.995693 -16.986702 0.000000 0.000000 0.000000 -11.767400 6.673713 -12.198211 32.326757 15.798046 40.271976 -64.293875 -16.265230 48.465823 0.000000 0.000000 0.000000 8.853478 14.377340 36.964543 -6.919725 -0.418036 -28.701953 -10.856532 -10.975703 31.192687 10.734432 -2.834409 -37.014640 0.000000 0.000000 0.000000 -19.214668 0.068876 31.170524 -35.655894 -31.521139 1.983304 17.430855 -46.176014 -5.693326 0.000000 0.000000 0.000000 18.779616 9.614596 -47.715838 43.562520 -37.129672 -11.621271 34.348664 26.354069 3.647501 0.000000 0.000000 0.000000 
0.139214 0.897652 0.184491 179.009189 -47.089142 172.443029 -1.582565 2.622680 -5.105333 1.611392 21.097643 24.163261 -12.355187 8.209539 -17.020562 0.000000 0.000000 0.000000 -11.656379 6.231630 -12.323885 20.361036 12.258499 32.693045 -55.628384 -15.057126 37.413911 0.000000 0.000000 0.000000 9.589995 13.968016 37.530254 -6.664670 -0.137187 -29.500742 -10.758758 -10.603537 31.799529 10.588190 -4.606427 -37.679816 0.000000 0.000000 0.000000 -20.295412 0.264137 29.118556 -35.828637 -30.323175 1.082641 13.526489 -46.675919 -3.984512 0.000000 0.000000 0.000000 19.709405 9.245396 -44.598371 44.418327 -31.929611 -9.869122 31.927234 28.281205 3.588137 0.000000 0.000000 0.000000 
0.139569 0.897675 0.157593 179.996450 -50.163571 171.815912 0.669286 3.398536 -4.062719 1.661382 19.436368 23.831973 -15.213265 4.012937 -18.100091 0.000000 0.000000 0.000000 -10.992312 5.691121 -13.276198 10.814105 8.897342 26.224594 -40.695046 -13.359649 21.446718 0.000000 0.000000 0.000000 9.794162 13.103936 37.048047 -5.938620 -0.544916 -27.480480 -9.807587 -8.739933 28.680792 10.240464 -6.337421 -34.857852 0.000000 0.000000 0.000000 -20.821470 -0.841761 27.564055 -36.687349 -27.264567 -0.251293 9.716416 -47.101631 -2.394054 0.000000 0.000000 0.000000 20.450871 11.126015 -40.235438 44.380758 -27.748360 -8.017874 28.255724 32.236900 3.315383 0.000000 0.000000 0.000000 
0.141706 0.897895 0.129872 -179.792042 -54.691608 171.521209 1.780576 3.518088 -3.014460 2.440050 17.675224 24.222827 -16.393464 0.134358 -16.945220 0.000000 0.000000 0.000000 -10.242277 4.917628 -12.363744 5.747765 6.846018 22.953718 -29.286448 -10.868518 12.586058 0.000000 0.000000 0.000000 11.374911 12.640939 38.039739 -7.008512 0.070272 -29.601561 -10.569522 -9.838961 30.751414 10.980450 -6.986147 -37.520769 0.000000 0.000000 0.000000 -21.152288 -1.625605 26.750606 -36.888533 -26.004684 -0.692531 8.409958 -46.185231 -1.989732 0.000000 0.000000 0.000000 22.404568 11.497652 -39.470614 43.025475 -24.154872 -5.653959 27.479306 33.437901 3.813111 0.000000 0.000000 0.000000 
0.145755 0.896837 0.101599 179.789453 -57.942549 172.242946 3.302666 4.030833 -3.340439 3.187688 16.899213 25.201827 -16.816560 -2.130585 -16.777654 0.000000 0.000000 0.000000 -8.986419 4.197776 -12.271397 3.334307 6.492129 22.721092 -22.989700 -8.755170 8.237274 0.000000 0.000000 0.000000 11.904722 12.185156 38.110702 -7.574059 -0.045599 -28.356975 -9.828134 -8.970656 28.794901 10.921053 -7.812838 -36.324728 0.000000 0.000000 0.000000 -21.474811 -2.334297 25.411164 -36.929062 -23.791853 -1.650215 4.449550 -44.910198 -0.354792 0.000000 0.000000 0.000000 22.837186 12.633726 -35.634224 43.181973 -21.234951 -4.790784 24.115702 35.888824 3.110276 0.000000 0.000000 0.000000 
0.150979 0.896670 0.073210 179.672401 -61.778487 173.094466 4.710532 4.494390 -3.850153 3.837090 15.355202 25.497498 -17.742050 -5.374176 -15.983026 0.000000 0.000000 0.000000 -7.936372 3.545162 -11.838331 2.956814 6.526261 23.296788 -20.066231 -8.211290 4.733665 0.000000 0.000000 0.000000 12.522573 11.251198 37.753260 -7.688306 -0.007918 -27.848774 -9.581852 -8.462070 27.709843 10.769915 -8.278906 -37.124420 0.000000 0.000000 0.000000 -21.372685 -2.926128 24.025621 -37.960642 -21.786473 -2.228823 3.162739 -43.437203 0.273728 0.000000 0.000000 0.000000 23.792241 12.936518 -33.366059 42.513118 -18.945998 -3.880350 22.806566 36.514615 3.002590 0.000000 0.000000 0.000000 
0.156075 0.896902 0.044635 179.204718 -65.354464 174.238325 6.121136 5.062871 -4.922887 4.090512 14.194426 25.784154 -15.693017 -4.756734 -15.331168 0.000000 0.000000 0.000000 -7.112008 3.053258 -11.237185 3.424384 6.360575 23.384640 -20.153799 -8.809248 1.736341 0.000000 0.000000 0.000000 12.735247 10.540217 37.445317 -6.671471 -0.015337 -27.935042 -9.903524 -7.561994 26.861161 10.426210 -9.004149 -36.269476 0.000000 0.000000 0.000000 -21.407333 -3.705446 23.150025 -38.990072 -18.870130 -3.277086 2.064681 -43.105021 0.849743 0.000000 0.000000 0.000000 23.855479 13.175145 -30.817227 42.038565 -17.784647 -3.757144 21.441425 37.227009 2.689842 0.000000 0.000000 0.000000 
0.160168 0.897842 0.016062 178.790625 -68.324454 175.558280 7.609724 5.818318 -6.070534 3.610946 13.216675 25.454683 -13.689914 -3.881632 -14.074774 0.000000 0.000000 0.000000 -6.158509 2.671526 -11.549136 4.013437 6.316621 23.579708 -20.619376 -10.277836 0.552184 0.000000 0.000000 0.000000 12.955276 9.758845 36.813186 -6.091973 0.043804 -28.042264 -9.883653 -7.035669 26.510146 9.419492 -9.156982 -36.538260 0.000000 0.000000 0.000000 -21.714474 -3.205389 22.140513 -38.974804 -17.487977 -3.851147 0.887821 -43.420792 1.561143 0.000000 0.000000 0.000000 23.629460 12.913749 -29.130620 42.647201 -16.732905 -3.831781 20.225195 37.510918 2.253833 0.000000 0.000000 0.000000 
0.162740 0.898424 -0.012445 177.339789 -71.335361 177.611469 8.795755 6.394586 -6.971108 3.322307 12.653256 25.647037 -10.550191 -1.760368 -11.826333 0.000000 0.000000 0.000000 -5.421349 2.351212 -11.274846 4.398995 5.807148 22.665313 -21.200932 -11.773140 -0.023884 0.000000 0.000000 0.000000 12.743119 8.789133 35.651236 -5.673357 0.012344 -27.776039 -9.890491 -6.009750 25.991032 8.518912 -9.526873 -35.075784 0.000000 0.000000 0.000000 -21.589606 -3.578477 21.417380 -40.039481 -15.052030 -4.654891 1.386916 -43.987034 1.675875 0.000000 0.000000 0.000000 24.289626 12.978739 -28.128374 42.177961 -16.794013 -3.822610 19.491649 36.590861 2.148762 0.000000 0.000000 0.000000 
0.163106 0.899277 -0.040400 175.454098 -73.913854 -179.692132 9.838955 7.316727 -9.245629 4.332740 13.309242 28.506879 -8.815382 -2.150819 -9.779836 0.000000 0.000000 0.000000 -4.788615 2.068075 -10.756898 5.109580 5.423729 21.983627 -22.048495 -12.992626 -1.841303 0.000000 0.000000 0.000000 12.648696 8.300029 35.274770 -5.699290 0.156781 -28.070001 -9.599377 -5.308357 26.145594 8.084231 -9.608744 -34.857359 0.000000 0.000000 0.000000 -21.159976 -3.970594 20.498298 -40.319883 -14.430029 -4.730688 0.440969 -44.387352 2.367755 0.000000 0.000000 0.000000 24.414864 12.471664 -27.016547 42.383662 -16.126204 -3.816223 19.404317 36.198557 2.086611 0.000000 0.000000 0.000000 
0.161280 0.899365 -0.066884 172.542000 -76.825751 -176.018784 9.377985 7.454351 -11.816189 6.764096 13.636136 32.146072 -7.851261 -3.163843 -8.381804 0.000000 0.000000 0.000000 -4.455649 1.889334 -10.608775 6.819636 5.221669 21.712315 -23.365073 -16.187665 -1.366754 0.000000 0.000000 0.000000 11.911663 7.342887 33.921539 -4.535840 -0.060598 -27.607342 -9.743639 -3.674293 25.433518 8.135210 -9.848874 -33.772745 0.000000 0.000000 0.000000 -19.966229 -3.777943 18.431457 -42.440778 -13.048363 -4.785078 -1.245643 -44.179102 3.481499 0.000000 0.000000 0.000000 24.844440 12.137545 -25.567368 42.805449 -14.408585 -3.549175 16.658585 34.881489 1.375232 0.000000 0.000000 0.000000 
0.156147 0.899455 -0.091294 170.694053 -78.150449 -172.889542 9.299771 8.489693 -15.216702 8.293403 15.042484 36.408102 -5.268328 -1.570579 -7.185596 0.000000 0.000000 0.000000 -3.537430 1.664729 -10.655743 6.952542 5.074045 21.470341 -24.195133 -17.807639 -1.670358 0.000000 0.000000 0.000000 10.985340 6.392054 32.022380 -4.415306 -0.172539 -27.149150 -9.014930 -0.490281 24.401679 8.563856 -10.125158 -32.662647 0.000000 0.000000 0.000000 -19.855195 -3.694217 17.293960 -41.698780 -12.186227 -5.013780 -3.690756 -44.315611 4.736720 0.000000 0.000000 0.000000 25.068883 11.374901 -24.127602 42.172376 -13.302252 -3.349488 17.578501 33.286448 1.773381 0.000000 0.000000 0.000000 
0.147595 0.899896 -0.113346 169.484938 -79.402564 -171.421102 8.733138 8.505221 -16.609479 7.326756 17.635648 39.446288 -1.831544 3.897618 -9.534594 0.000000 0.000000 0.000000 -2.874924 1.405689 -9.509748 8.033058 4.766144 20.460885 -25.093378 -19.130711 -1.890388 0.000000 0.000000 0.000000 11.371745 6.026874 31.564888 -5.447484 0.267866 -28.316281 -7.723160 0.281534 25.143232 7.286061 -9.855522 -30.653438 0.000000 0.000000 0.000000 -19.554920 -4.192395 17.109702 -42.505567 -11.583413 -5.199878 -5.898728 -44.408504 5.825531 0.000000 0.000000 0.000000 24.056494 9.952193 -23.187585 43.363629 -12.170377 -3.637396 19.129520 32.437573 1.938814 0.000000 0.000000 0.000000 
0.136264 0.900993 -0.133416 164.006056 -81.676714 -166.290434 7.301716 7.507914 -17.436660 3.380423 19.804179 39.215568 0.233737 7.624806 -10.621375 0.000000 0.000000 0.000000 -2.300291 1.122233 -7.619925 8.804334 4.509645 20.061091 -26.673329 -22.248355 -0.417988 0.000000 0.000000 0.000000 11.314012 5.535665 30.994657 -5.444599 0.451004 -28.953915 -7.991648 0.745965 25.749638 7.938793 -10.302279 -30.119606 0.000000 0.000000 0.000000 -19.930567 -2.893413 16.020737 -42.049101 -11.736121 -5.311308 -8.285954 -43.871120 6.895332 0.000000 0.000000 0.000000 24.587437 10.391319 -22.574074 43.298981 -12.076349 -3.509878 19.388214 30.665850 1.975460 0.000000 0.000000 0.000000 
0.123118 0.901522 -0.152217 164.770772 -82.788046 -166.221634 4.930722 5.963694 -17.800574 -2.424526 20.540488 34.543038 1.907276 15.249629 -15.669605 0.000000 0.000000 0.000000 -1.282499 0.846050 -6.009561 10.204804 4.202256 18.548887 -27.289104 -23.435733 -0.636037 0.000000 0.000000 0.000000 10.925927 4.716012 29.186059 -5.635026 0.548289 -29.174915 -6.924930 2.761047 26.608544 8.261652 -10.384525 -28.067969 0.000000 0.000000 0.000000 -18.573400 -3.119813 14.780338 -43.536171 -10.582454 -5.305083 -11.828830 -44.085930 8.745004 0.000000 0.000000 0.000000 24.389338 9.754454 -21.690184 44.102138 -11.217855 -3.690445 19.136829 30.034870 1.882079 0.000000 0.000000 0.000000 
0.109163 0.902025 -0.170812 159.134690 -83.497469 -160.248924 1.244383 4.194060 -18.675315 -8.133304 19.662537 27.777957 4.531184 19.938464 -12.515247 0.000000 0.000000 0.000000 -0.822128 0.735426 -4.284342 11.200491 3.998362 17.318890 -28.585983 -25.290565 0.864191 0.000000 0.000000 0.000000 9.650063 4.648485 28.768423 -4.737792 0.326684 -28.518116 -7.530687 3.945255 25.778238 9.888450 -10.918995 -27.162305 0.000000 0.000000 0.000000 -16.533552 -2.252138 12.385449 -46.482306 -9.344959 -5.044650 -11.686182 -42.926120 8.830463 0.000000 0.000000 0.000000 24.853781 8.990631 -21.282510 43.872309 -10.083343 -3.459302 20.489694 29.801429 2.293795 0.000000 0.000000 0.000000 
0.094988 0.900901 -0.189704 163.177629 -85.157240 -163.770112 -1.985087 2.429039 -18.046099 -11.633217 16.484140 20.377177 7.643402 26.809440 -9.725133 0.000000 0.000000 0.000000 0.911417 0.434661 -3.600690 11.779747 3.920954 16.753004 -27.827830 -25.488679 1.223303 0.000000 0.000000 0.000000 10.013957 4.260924 28.308959 -5.900118 0.447845 -28.265160 -6.271542 4.656167 25.277723 10.485188 -10.846579 -26.131775 0.000000 0.000000 0.000000 -16.298615 -3.211810 12.428535 -46.296111 -8.781097 -5.158270 -12.073374 -41.908069 8.515026 0.000000 0.000000 0.000000 24.242713 7.085166 -20.461751 45.936551 -10.353983 -4.590457 21.561282 30.496973 2.525303 0.000000 0.000000 0.000000 
0.080921 0.899509 -0.209714 -179.222423 -87.181613 178.467347 -3.088898 1.770935 -17.543302 -11.472771 14.551722 18.324683 10.659032 31.623688 -6.396286 0.000000 0.000000 0.000000 3.161077 0.130453 -2.699608 14.152661 4.332133 17.715539 -28.812573 -28.188525 3.020382 0.000000 0.000000 0.000000 8.622935 4.373298 28.518482 -4.362521 0.267904 -28.228803 -5.860734 5.521749 26.244955 10.073584 -10.728704 -26.651798 0.000000 0.000000 0.000000 -16.359375 -4.052518 12.607115 -46.294648 -10.078106 -4.734127 -7.923095 -40.795974 6.539322 0.000000 0.000000 0.000000 25.086503 7.279350 -20.568912 46.439156 -10.525204 -4.529975 21.755088 31.715679 2.609522 0.000000 0.000000 0.000000 
0.067063 0.896693 -0.229838 -144.241728 -88.853807 142.770791 -3.202151 1.627752 -17.610503 -9.326453 14.759948 21.660679 10.995131 31.811270 -6.097639 0.000000 0.000000 0.000000 3.568412 0.186692 -5.725224 20.504065 6.224836 25.711530 -27.310373 -31.386698 5.514854 0.000000 0.000000 0.000000 6.748168 5.172686 30.041883 -3.554042 0.138621 -27.616931 -5.426183 4.428355 25.682269 10.530997 -10.672389 -25.530625 0.000000 0.000000 0.000000 -17.292344 -4.438671 13.033230 -44.526778 -12.168786 -4.293303 -5.205776 -38.998809 5.089342 0.000000 0.000000 0.000000 23.658818 6.160888 -19.102070 48.839458 -9.779452 -5.302484 21.598327 30.830009 2.305387 0.000000 0.000000 0.000000 
0.051945 0.893955 -0.247674 -83.230797 -89.491955 81.044341 -3.135432 1.502213 -17.294333 -7.990453 15.260659 23.912892 9.153739 29.660456 -8.595773 0.000000 0.000000 0.000000 1.466776 0.783070 -9.848778 28.561226 8.173162 36.375467 -24.631909 -33.618453 9.603297 0.000000 0.000000 0.000000 5.276635 6.258437 31.783020 -2.519839 -0.035881 -27.424656 -6.443578 3.443599 25.133512 11.294545 -10.929921 -25.323823 0.000000 0.000000 0.000000 -17.207797 -4.071316 12.417827 -44.290799 -12.066617 -4.308123 -4.177477 -39.020547 4.896859 0.000000 0.000000 0.000000 23.872649 5.460045 -19.043689 50.136433 -9.531144 -5.598727 21.104549 30.524051 2.146675 0.000000 0.000000 0.000000 
0.033728 0.891550 -0.262927 -20.347912 -87.313535 17.535227 -2.952900 0.954129 -15.491239 -7.967793 14.269812 23.227654 8.012702 29.698187 -10.859415 0.000000 0.000000 0.000000 -0.827606 1.647995 -13.916977 34.360833 8.297102 43.535088 -29.139506 -41.987652 12.132668 0.000000 0.000000 0.000000 6.015039 6.419730 33.126233 -2.434387 -0.235872 -26.002227 -7.335027 3.022355 23.301678 11.522782 -10.922607 -23.987804 0.000000 0.000000 0.000000 -17.787118 -5.375798 12.668428 -42.737855 -11.041142 -4.692922 -4.507822 -41.500010 5.317376 0.000000 0.000000 0.000000 24.664796 4.458141 -18.172364 49.412733 -9.858687 -5.956433 22.336820 31.092033 2.861436 0.000000 0.000000 0.000000 
0.012513 0.893400 -0.277307 -25.280082 -86.559323 22.423497 -1.093617 1.170168 -13.806349 -9.576045 14.620895 21.917908 9.161722 30.915291 -9.173531 0.000000 0.000000 0.000000 -0.836611 2.190678 -16.265568 33.332511 8.573759 45.499263 -30.724919 -44.883014 11.422751 0.000000 0.000000 0.000000 6.436661 6.571950 33.853915 -3.877214 0.156009 -27.334602 -6.993712 2.409890 24.093524 11.676205 -11.022039 -24.178524 0.000000 0.000000 0.000000 -18.782438 -4.420620 12.669871 -42.198689 -12.121153 -4.557569 -1.814052 -41.937124 4.381980 0.000000 0.000000 0.000000 25.288806 5.343371 -18.330982 49.183408 -10.406299 -5.836290 21.852727 30.162887 2.684520 0.000000 0.000000 0.000000 
-0.011857 0.895878 -0.291661 -21.605656 -82.084526 17.356016 1.045901 1.260142 -11.659856 -9.290204 14.666401 23.694174 7.999327 28.246732 -10.164940 0.000000 0.000000 0.000000 -1.725335 2.321296 -16.745236 31.881136 7.549765 44.631796 -30.678510 -45.126285 14.249511 0.000000 0.000000 0.000000 7.684865 5.648625 33.825073 -4.620180 0.322057 -26.827731 -6.120973 2.681255 24.872755 12.744059 -10.947804 -27.290776 0.000000 0.000000 0.000000 -19.943985 -5.692101 13.220544 -40.372608 -12.915040 -4.501591 -2.967907 -43.516661 4.926769 0.000000 0.000000 0.000000 28.272010 3.925841 -19.269191 45.500382 -11.173341 -5.253070 23.024006 30.111532 3.563662 0.000000 0.000000 0.000000 
-0.038715 0.896398 -0.306020 -15.297413 -77.684748 9.771369 2.034719 1.051998 -9.046906 -9.605050 14.308096 24.213379 7.794420 28.151851 -10.875941 0.000000 0.000000 0.000000 -4.207207 2.510060 -17.177811 29.897601 6.531973 43.678988 -29.817471 -44.981421 13.806860 0.000000 0.000000 0.000000 6.924042 5.198720 33.720416 -3.840875 0.304735 -27.381615 -5.823303 1.285086 25.012410 12.636598 -10.737770 -26.702829 0.000000 0.000000 0.000000 -20.600788 -5.512913 12.916444 -40.407219 -11.526241 -5.045880 -5.657074 -44.821872 6.365362 0.000000 0.000000 0.000000 26.481857 2.804830 -17.503603 46.912209 -11.129298 -6.286840 24.201276 29.106795 3.645005 0.000000 0.000000 0.000000 
-0.067048 0.895772 -0.320123 -13.347771 -74.133659 7.113295 3.486442 1.256262 -8.135244 -9.234603 14.355733 26.025498 6.608498 26.506166 -13.577534 0.000000 0.000000 0.000000 -5.260557 2.721368 -18.093712 24.505440 6.342468 42.413972 -24.484977 -40.255119 8.051686 0.000000 0.000000 0.000000 6.257030 4.835861 33.386724 -3.321489 0.298175 -27.346294 -5.147108 0.844374 25.807266 11.768611 -10.109938 -27.596706 0.000000 0.000000 0.000000 -18.992247 -5.370067 11.591817 -41.677656 -11.492313 -4.725994 -9.083703 -46.025811 8.453888 0.000000 0.000000 0.000000 25.438716 1.315582 -16.794729 48.035585 -9.614297 -6.412954 24.175436 28.814720 3.585002 0.000000 0.000000 0.000000 
-0.095510 0.894116 -0.333963 -12.139362 -70.074436 5.016968 4.560899 1.268292 -5.935451 -8.866675 13.111639 25.988438 5.339061 24.629892 -15.910088 0.000000 0.000000 0.000000 -5.822060 2.724594 -18.303484 17.257602 5.913644 38.072430 -19.122456 -32.902991 2.618592 0.000000 0.000000 0.000000 6.613118 4.424267 33.846449 -2.946989 0.215056 -26.780223 -5.529060 0.601629 25.494113 12.192176 -10.087557 -27.487881 0.000000 0.000000 0.000000 -18.479720 -5.359598 10.677582 -41.136136 -10.908517 -4.783892 -15.175949 -45.997756 11.188877 0.000000 0.000000 0.000000 25.960012 1.132768 -16.014200 48.826247 -8.761622 -6.391147 23.257271 28.468548 3.541215 0.000000 0.000000 0.000000 
-0.123792 0.892846 -0.347886 -9.343794 -66.716913 1.847036 5.352458 1.322466 -4.828437 -8.640476 12.667191 26.879408 5.123935 23.135635 -16.022231 0.000000 0.000000 0.000000 -7.501793 2.692110 -18.077507 10.990555 4.954105 32.158921 -13.154354 -22.935016 0.254535 0.000000 0.000000 0.000000 6.093941 4.122699 33.748856 -3.188795 0.184961 -25.658491 -5.729108 0.414084 24.468364 13.078689 -10.023353 -28.163526 0.000000 0.000000 0.000000 -18.978657 -5.231214 10.257386 -39.971768 -10.397109 -4.893716 -20.198632 -47.053921 13.850478 0.000000 0.000000 0.000000 26.651958 1.332592 -15.352896 48.537104 -7.578879 -5.818614 23.255437 29.601777 3.860658 0.000000 0.000000 0.000000 
-0.152263 0.893103 -0.362525 -7.466648 -61.980540 0.405942 6.311584 1.356907 -4.497393 -8.011342 11.251710 27.109295 4.625723 20.120968 -15.603902 0.000000 0.000000 0.000000 -9.045158 2.842386 -19.055257 5.884592 4.264274 27.976761 -6.366937 -13.458952 2.197706 0.000000 0.000000 0.000000 5.992799 3.423975 33.097263 -3.773052 0.393873 -25.503710 -5.878506 -0.068663 23.499826 13.549371 -10.175212 -26.662275 0.000000 0.000000 0.000000 -20.008645 -4.888194 9.942999 -39.370408 -9.797150 -5.145326 -23.748918 -46.369163 15.234106 0.000000 0.000000 0.000000 28.007331 1.000414 -15.335765 47.176764 -7.678731 -5.465038 24.900054 29.955277 4.454140 0.000000 0.000000 0.000000 
-0.181093 0.894148 -0.378058 -6.077776 -57.457136 -0.688995 7.841749 1.522215 -4.027124 -7.489558 9.961956 27.379618 4.588640 18.272052 -14.822788 0.000000 0.000000 0.000000 -10.792968 2.734149 -18.826925 3.979418 3.201895 23.952825 -3.821395 -9.020976 2.088476 0.000000 0.000000 0.000000 5.502801 2.869922 32.514832 -3.460424 0.407182 -25.710038 -5.705452 0.642843 23.600466 12.991404 -9.436928 -27.585397 0.000000 0.000000 0.000000 -20.474754 -4.894214 9.249837 -38.556040 -8.224035 -5.478499 -28.203075 -47.013145 17.488886 0.000000 0.000000 0.000000 29.016355 1.247321 -14.103867 46.228573 -6.258405 -5.048290 24.793833 31.072995 5.048260 0.000000 0.000000 0.000000 
-0.211534 0.895193 -0.393878 -4.682459 -52.250051 -1.535928 8.962265 1.551251 -3.798197 -7.422917 8.341061 26.060597 4.827078 17.462129 -14.064643 0.000000 0.000000 0.000000 -10.917379 2.432484 -17.950356 3.684932 2.676921 22.653799 -3.393852 -8.009301 1.515846 0.000000 0.000000 0.000000 5.627588 2.231320 32.127373 -4.108029 0.698762 -25.748224 -5.017135 -0.052130 23.424841 12.192994 -8.722458 -27.542514 0.000000 0.000000 0.000000 -19.853978 -4.636803 8.287516 -39.712393 -6.841392 -5.753941 -30.352491 -48.112913 19.207421 0.000000 0.000000 0.000000 27.922983 1.377930 -12.410523 46.654080 -4.476984 -4.853393 25.315478 32.200530 5.536009 0.000000 0.000000 0.000000 
-0.243597 0.897149 -0.410587 -3.368851 -47.438449 -2.142598 10.100010 1.585455 -3.566544 -6.255906 6.420214 24.700250 4.917884 16.087623 -12.493909 0.000000 0.000000 0.000000 -11.008894 2.165231 -17.074491 3.668352 2.375989 22.316797 -1.846127 -2.910091 -0.582406 0.000000 0.000000 0.000000 4.822990 1.617937 30.337280 -4.075283 0.674261 -24.128780 -4.191898 0.857972 22.393446 11.364411 -7.862758 -27.206709 0.000000 0.000000 0.000000 -19.531368 -5.237188 7.730224 -39.699836 -5.822104 -5.826952 -33.278487 -48.613288 20.796148 0.000000 0.000000 0.000000 26.956498 1.099201 -10.675751 47.797031 -2.225430 -4.659592 25.030361 32.822897 5.882530 0.000000 0.000000 0.000000 
-0.277456 0.898520 -0.427813 -2.325783 -42.501296 -2.874869 10.918677 1.517941 -2.508859 -5.103065 4.572115 22.533378 4.812004 15.095454 -12.481749 0.000000 0.000000 0.000000 -10.875136 1.782093 -14.978827 3.516275 1.911871 20.900392 -2.396396 -2.936820 -2.098743 0.000000 0.000000 0.000000 4.442434 1.225321 29.936209 -4.294478 0.870546 -24.037117 -4.049493 1.557446 22.905198 10.343138 -6.850032 -28.251503 0.000000 0.000000 0.000000 -19.172421 -5.096749 6.730269 -39.365047 -5.030167 -5.868750 -34.480197 -49.504900 21.616038 0.000000 0.000000 0.000000 27.145747 1.641682 -9.051005 48.032797 0.165186 -4.162021 23.206865 34.398332 6.116022 0.000000 0.000000 0.000000 
-0.312217 0.902731 -0.445434 -1.150803 -37.596667 -3.145687 11.655060 1.415953 -2.140020 -4.884209 3.272353 19.335923 5.986106 16.150247 -8.577103 0.000000 0.000000 0.000000 -10.794564 1.535931 -13.695500 4.142592 1.480460 20.260403 -2.601079 -3.556701 -2.357847 0.000000 0.000000 0.000000 4.231702 0.809470 29.519881 -5.041869 1.186026 -24.714453 -3.840386 2.262025 23.087876 9.330627 -5.940136 -27.969763 0.000000 0.000000 0.000000 -19.627220 -5.576687 6.364292 -38.831192 -4.654480 -5.884245 -33.409995 -49.427671 20.639808 0.000000 0.000000 0.000000 27.451105 1.750367 -7.738610 47.622785 2.182306 -3.709996 22.244432 35.050211 6.375441 0.000000 0.000000 0.000000 
-0.346998 0.907216 -0.462216 -0.567394 -32.863992 -2.824154 12.340758 1.305347 -2.498758 -2.577355 1.685258 16.983701 6.280906 14.749598 -3.319447 0.000000 0.000000 0.000000 -10.404510 1.320217 -12.555236 5.334586 0.891507 18.973598 -3.311463 -5.727751 -2.250039 0.000000 0.000000 0.000000 4.095334 0.321487 28.223798 -4.894476 1.224688 -23.767659 -4.106261 3.650497 22.841602 8.045913 -4.496189 -29.470718 0.000000 0.000000 0.000000 -18.908070 -5.400245 5.205267 -40.259583 -5.164650 -5.632439 -31.118387 -49.120138 19.028887 0.000000 0.000000 0.000000 26.939777 1.880295 -5.977933 48.943106 5.354193 -3.111006 19.669116 37.009636 6.446825 0.000000 0.000000 0.000000 
-0.379957 0.913765 -0.476946 -0.869834 -27.673691 -2.167399 13.479496 1.225278 -3.094643 -2.791878 1.235119 14.774714 8.562361 18.396115 1.235862 0.000000 0.000000 0.000000 -8.513147 1.093767 -11.265159 6.063803 0.429248 17.812123 -4.596032 -9.729209 -1.359728 0.000000 0.000000 0.000000 5.252629 -0.446071 26.668997 -5.925239 1.583632 -23.100791 -4.066001 4.599597 22.223609 8.785129 -4.556348 -27.953839 0.000000 0.000000 0.000000 -18.721922 -5.724769 4.488808 -40.617472 -3.884065 -5.857971 -27.442759 -48.988594 16.709265 0.000000 0.000000 0.000000 27.543456 2.083012 -4.554897 47.801426 8.121150 -2.279854 16.704872 35.971526 5.776426 0.000000 0.000000 0.000000 
-0.408580 0.919330 -0.488461 -0.587800 -22.269252 -2.056348 13.722170 1.052797 -4.950180 -6.857111 2.277378 15.037934 13.238748 27.087430 3.002945 0.000000 0.000000 0.000000 -7.701503 0.891948 -9.644545 6.450567 0.034508 16.453639 -5.201855 -11.726377 -0.775683 0.000000 0.000000 0.000000 5.767270 -0.939496 26.407328 -6.846898 1.942774 -24.315004 -3.331032 5.845099 22.653615 6.926316 -2.862663 -28.525495 0.000000 0.000000 0.000000 -18.932271 -7.539087 4.506163 -41.231874 -3.567821 -5.837862 -25.652601 -48.675071 15.129373 0.000000 0.000000 0.000000 28.037309 1.261117 -3.480610 46.600350 9.734077 -2.169603 15.079023 36.406497 5.822848 0.000000 0.000000 0.000000 
-0.432272 0.923344 -0.496723 -0.399704 -16.986287 -2.681062 11.622597 0.611765 -6.230395 -10.685799 3.497354 17.445611 16.364939 32.762768 2.486263 0.000000 0.000000 0.000000 -6.552467 0.641207 -6.779516 7.623841 -0.478468 14.240244 -7.127058 -16.347041 -0.553852 0.000000 0.000000 0.000000 6.776726 -1.490859 25.844961 -7.454740 2.209345 -23.913947 -3.974398 6.537432 22.358181 8.304194 -2.930724 -29.633118 0.000000 0.000000 0.000000 -17.036774 -7.148947 3.290789 -43.209137 -3.272565 -5.906078 -23.776894 -46.204753 13.010513 0.000000 0.000000 0.000000 28.083235 0.595734 -2.484556 46.655581 10.478466 -2.308874 13.581004 35.189171 5.511990 0.000000 0.000000 0.000000 
-0.451161 0.926366 -0.502523 -0.441153 -11.858037 -3.321027 9.570989 0.237595 -5.353426 -15.431235 4.772270 18.193635 19.199752 37.955600 1.148688 0.000000 0.000000 0.000000 -5.180045 0.444118 -4.512216 7.969020 -0.763281 11.963610 -9.106867 -21.262198 1.504803 0.000000 0.000000 0.000000 7.126186 -1.867248 25.373265 -7.641051 2.350626 -24.034889 -4.173698 7.953348 23.337938 9.948266 -3.206416 -29.871121 0.000000 0.000000 0.000000 -15.282959 -8.194582 2.900051 -44.754765 -3.652483 -5.839472 -22.221936 -43.462654 10.981625 0.000000 0.000000 0.000000 28.809959 0.160806 -1.168622 46.185601 11.221953 -2.620318 10.037714 34.347636 4.679826 0.000000 0.000000 0.000000 
-0.466060 0.928673 -0.506885 -1.539768 -5.547434 -3.684713 8.983459 0.060466 -3.471878 -16.875557 4.302867 16.342453 21.433816 39.765081 3.963264 0.000000 0.000000 0.000000 -3.137400 0.253083 -2.491145 8.331627 -1.018227 9.013346 -11.536715 -26.445083 5.128972 0.000000 0.000000 0.000000 7.999256 -2.465874 25.307434 -7.772288 2.447045 -24.824048 -3.178464 7.445230 23.721254 9.813728 -2.687406 -30.066153 0.000000 0.000000 0.000000 -15.816421 -9.283042 2.786705 -45.285884 -3.207306 -5.945925 -19.595046 -39.498461 8.561767 0.000000 0.000000 0.000000 28.299699 -0.288086 -0.299980 45.659599 10.872561 -3.086372 9.455324 32.762574 4.438711 0.000000 0.000000 0.000000 
-0.477820 0.928703 -0.510439 -2.151985 -0.560915 -3.727095 8.599076 -0.049813 -2.480916 -16.536849 3.560451 14.935722 21.746138 39.542090 4.131273 0.000000 0.000000 0.000000 -1.771172 0.198777 -2.052946 8.559023 -1.191297 7.795649 -13.154506 -29.455548 7.046256 0.000000 0.000000 0.000000 8.291813 -2.787614 24.614415 -8.053551 2.547811 -25.293950 -2.452219 7.035288 24.217584 10.344087 -2.582502 -30.519178 0.000000 0.000000 0.000000 -16.571360 -9.199973 2.181488 -45.121523 -3.828905 -5.594158 -18.648492 -34.413618 6.861271 0.000000 0.000000 0.000000 27.878454 -0.367627 0.543017 45.504567 10.822128 -3.386073 8.797779 31.537396 4.191588 0.000000 0.000000 0.000000 
-0.486606 0.928713 -0.513889 -2.760953 3.715131 -3.423256 7.970018 -0.137230 -1.712592 -15.967816 2.797250 12.312678 23.316264 40.672276 5.632312 0.000000 0.000000 0.000000 -0.141859 0.262222 -2.590450 8.226864 -1.279615 7.915890 -14.956289 -32.509114 8.747625 0.000000 0.000000 0.000000 8.794160 -3.075688 23.805720 -8.306425 2.650420 -25.165729 -1.884663 7.193777 24.449917 10.343719 -2.324530 -29.694254 0.000000 0.000000 0.000000 -17.270591 -10.084932 1.942735 -44.790130 -3.442428 -5.482077 -16.783218 -32.781262 5.747951 0.000000 0.000000 0.000000 27.881523 -1.412096 0.808168 45.672951 10.718057 -3.718613 8.189061 31.431085 4.191871 0.000000 0.000000 0.000000 
-0.491971 0.928375 -0.517298 -2.587726 7.075133 -2.988913 7.262196 -0.201359 -1.744337 -14.401511 2.148067 10.918902 22.620705 39.216378 5.501707 0.000000 0.000000 0.000000 -0.532377 0.340120 -3.477380 9.264274 -1.632314 8.343879 -16.453660 -35.025432 9.546614 0.000000 0.000000 0.000000 7.942000 -2.964301 22.901699 -7.838226 2.598660 -24.648139 -2.284568 6.364317 23.789723 9.952463 -1.888223 -29.921553 0.000000 0.000000 0.000000 -17.667714 -9.335616 1.214451 -44.457680 -3.099448 -5.387423 -15.265633 -30.182337 4.776605 0.000000 0.000000 0.000000 28.107156 -1.756604 0.927733 45.875161 10.582252 -3.790472 7.767267 31.115611 4.070522 0.000000 0.000000 0.000000 
-0.494295 0.928231 -0.520165 -2.485389 9.328035 -2.238205 6.677182 -0.240598 -1.745775 -12.556890 1.570649 8.655349 21.537823 37.121751 6.333844 0.000000 0.000000 0.000000 -0.485173 0.473004 -4.880267 9.391795 -1.788254 8.916402 -16.972528 -35.521208 10.738905 0.000000 0.000000 0.000000 7.684551 -2.830894 21.456262 -8.483124 2.760038 -24.418199 -1.914376 6.390595 24.063530 9.002696 -1.157174 -29.799164 0.000000 0.000000 0.000000 -17.598996 -9.406879 0.903249 -45.655775 -3.715338 -5.259029 -13.827183 -28.611285 4.086134 0.000000 0.000000 0.000000 28.147496 -1.737784 1.449618 46.113146 11.216040 -3.700732 7.830612 31.799833 4.286047 0.000000 0.000000 0.000000 
-0.493773 0.927484 -0.522500 -2.235451 11.420984 -1.887466 6.768650 -0.288727 -2.202110 -12.045810 1.373438 8.124019 19.004634 33.341255 6.508918 0.000000 0.000000 0.000000 -1.543083 0.473746 -5.563528 11.082183 -2.376965 10.090070 -16.612672 -35.980454 8.185492 0.000000 0.000000 0.000000 7.439656 -2.673248 20.145438 -7.976680 2.746754 -23.223461 -2.968354 6.328122 23.871508 10.074504 -1.768924 -28.630873 0.000000 0.000000 0.000000 -16.114191 -8.872767 0.568072 -47.135938 -4.160611 -5.343447 -13.505469 -26.144110 3.590166 0.000000 0.000000 0.000000 28.842788 -1.430576 2.088976 46.183332 13.103721 -3.106652 5.338774 30.250602 3.375019 0.000000 0.000000 0.000000 
-0.490820 0.926426 -0.523899 -2.304744 15.027547 -2.011990 6.525946 -0.347396 -2.706795 -12.312593 1.241435 8.358853 16.583219 29.828275 2.783020 0.000000 0.000000 0.000000 -1.223163 0.389536 -4.517527 10.708001 -2.427402 9.536890 -16.242205 -35.752145 7.711031 0.000000 0.000000 0.000000 7.436311 -2.673467 19.264914 -8.467342 2.940204 -22.631280 -2.211042 5.039337 25.348519 9.803948 -1.621110 -28.034455 0.000000 0.000000 0.000000 -17.390684 -9.783609 0.621542 -46.516803 -4.822177 -4.977513 -9.997733 -26.305409 2.795786 0.000000 0.000000 0.000000 27.838356 -1.687122 2.250758 46.316025 14.927888 -2.603002 5.193039 30.370499 3.442333 0.000000 0.000000 0.000000 
