v -0.2978008985519409 -0.30127793550491333 1.065096378326416
v -0.16996559500694275 -0.28649985790252686 1.0506033897399902
v -0.06972008943557739 -0.28521865606307983 1.0447701215744019
v 0.0313100628554821 -0.28659626841545105 1.0558843612670898
v 0.13317035138607025 -0.28744179010391235 1.0494657754898071
v 0.22666281461715698 -0.28386345505714417 1.0297077894210815
v -0.20951195061206818 -0.28061389923095703 1.0434330701828003
v -0.1104772761464119 -0.28295260667800903 1.048535704612732
v -0.010070432908833027 -0.2829078137874603 1.0490703582763672
v 0.09214659780263901 -0.2824189066886902 1.0414165258407593
v 0.19003929197788239 -0.28117311000823975 1.0389255285263062
v -0.25030073523521423 -0.27784737944602966 1.041249394416809
v -0.14970970153808594 -0.2807837128639221 1.0570489168167114
v -0.049360647797584534 -0.2785100042819977 1.0409858226776123
v 0.05093583092093468 -0.28007203340530396 1.0470833778381348
v 0.1506437212228775 -0.2796512842178345 1.045358419418335
v 0.2458595186471939 -0.2778360843658447 1.0301611423492432
v -0.18885920941829681 -0.2772192358970642 1.0460975170135498
v -0.09028251469135284 -0.2782771587371826 1.049213171005249
v 0.010002744384109974 -0.27872365713119507 1.0551122426986694
v 0.11195635795593262 -0.27855807542800903 1.048830509185791
v 0.20814722776412964 -0.27608397603034973 1.032248616218567
v -0.22928696870803833 -0.2733707129955292 1.0417066812515259
v -0.1280742734670639 -0.2768212556838989 1.051782250404358
v -0.029329022392630577 -0.2757830321788788 1.044492244720459
v 0.07219637185335159 -0.27587032318115234 1.04058039188385
v 0.1703949123620987 -0.27528199553489685 1.0408467054367065
v -0.27503618597984314 -0.2726423442363739 1.0398516654968262
v -0.16820627450942993 -0.2745891213417053 1.0515704154968262
v -0.06788228452205658 -0.2737716734409332 1.0433828830718994
v 0.03144850954413414 -0.2749965786933899 1.0536065101623535
v 0.13315999507904053 -0.2746986150741577 1.0476051568984985
v 0.22732006013393402 -0.27230364084243774 1.0286051034927368
v -0.20785927772521973 -0.27145370841026306 1.0431865453720093
v -0.10866621881723404 -0.27312907576560974 1.0482778549194336
v -0.009196422062814236 -0.27398720383644104 1.0500078201293945
v 0.09288640320301056 -0.272979736328125 1.0416609048843384
v 0.19055041670799255 -0.2719706594944 1.037675380706787
v -0.2474367320537567 -0.2686535120010376 1.0401480197906494
v -0.1474338173866272 -0.27172884345054626 1.055258870124817
v -0.047411710023880005 -0.2708413898944855 1.0405538082122803
v 0.05238890275359154 -0.2717522978782654 1.0443143844604492
v 0.15181776881217957 -0.27136528491973877 1.0433189868927002
v 0.24817198514938354 -0.26949989795684814 1.0291885137557983
v -0.18663522601127625 -0.2701376676559448 1.0461758375167847
v -0.08731977641582489 -0.27006563544273376 1.0470187664031982
v 0.011583871208131313 -0.27136513590812683 1.0550528764724731
v 0.11350100487470627 -0.2707507312297821 1.0479353666305542
v 0.2090461105108261 -0.2686574161052704 1.0310389995574951
v -0.22641387581825256 -0.26692846417427063 1.0413155555725098
v -0.12589332461357117 -0.2693251669406891 1.0497856140136719
v -0.027623629197478294 -0.26922407746315 1.0453689098358154
v 0.07379959523677826 -0.26879656314849854 1.0398067235946655
v 0.17194131016731262 -0.2682332694530487 1.0397205352783203
v -0.2697093188762665 -0.2634608745574951 1.0381969213485718
v -0.1659553498029709 -0.26777416467666626 1.0521929264068604
v -0.0652322843670845 -0.26717737317085266 1.0422742366790771
v 0.03328274190425873 -0.2682022750377655 1.0515613555908203
v 0.13421140611171722 -0.2676633596420288 1.0458465814590454
v 0.22902853786945343 -0.26555559039115906 1.0280206203460693
v -0.20535573363304138 -0.26553672552108765 1.0435327291488647
v -0.10595803707838058 -0.26648908853530884 1.0478547811508179
v -0.00740817328915 -0.26766490936279297 1.0511305332183838
v 0.09418279677629471 -0.2665281295776367 1.0420262813568115
v 0.19166623055934906 -0.2656109631061554 1.0368213653564453
v -0.24477246403694153 -0.2625598907470703 1.0397260189056396
v -0.144966259598732 -0.26519694924354553 1.0543370246887207
v -0.04553552716970444 -0.2646922469139099 1.0415287017822266
v 0.05440078675746918 -0.26519450545310974 1.0427981615066528
v 0.15345510840415955 -0.2647654116153717 1.0422173738479614
v 0.25094568729400635 -0.26287195086479187 1.0287142992019653
v -0.18431228399276733 -0.26418977975845337 1.0470712184906006
v -0.08384561538696289 -0.26357465982437134 1.0459073781967163
v 0.013805796392261982 -0.2650245726108551 1.055355429649353
v 0.1151842400431633 -0.26459836959838867 1.0477784872055054
v 0.2103271484375 -0.26258474588394165 1.0306986570358276
v -0.22360605001449585 -0.26128384470939636 1.041669249534607
v -0.12332358956336975 -0.2630738317966461 1.0486669540405273
v -0.025431495159864426 -0.2630584239959717 1.0462285280227661
v 0.07551896572113037 -0.26260221004486084 1.03976571559906
v 0.17390362918376923 -0.26197150349617004 1.0391072034835815
v -0.26532861590385437 -0.2566104531288147 1.0371503829956055
v -0.16363999247550964 -0.2616609036922455 1.0528545379638672
v -0.06266535818576813 -0.26115235686302185 1.041800856590271
v 0.03530416265130043 -0.2620036005973816 1.0498340129852295
v 0.13564758002758026 -0.26135504245758057 1.0447062253952026
v 0.23117050528526306 -0.2593727707862854 1.027895212173462
v -0.20293429493904114 -0.2598607540130615 1.0443278551101685
v -0.10300134122371674 -0.26034098863601685 1.0472527742385864
v -0.005379718262702227 -0.26176121830940247 1.052750587463379
v 0.09565603733062744 -0.2606392800807953 1.0429550409317017
v 0.19309470057487488 -0.25965428352355957 1.0360956192016602
v -0.24231016635894775 -0.2569624185562134 1.039760947227478
v -0.14258064329624176 -0.2592245936393738 1.0533061027526855
v -0.043458741158246994 -0.2589012086391449 1.0422853231430054
v 0.0565887987613678 -0.2590768337249756 1.0420329570770264
v 0.15543068945407867 -0.2587047815322876 1.0414255857467651
v 0.25314778089523315 -0.2565750777721405 1.0276669263839722
v -0.1820455640554428 -0.2583939731121063 1.0482410192489624
v -0.08083465695381165 -0.25761404633522034 1.0448063611984253
v 0.0160615686327219 -0.25898241996765137 1.0551937818527222
v 0.11708911508321762 -0.25843682885169983 1.0476574897766113
v 0.21234479546546936 -0.2567550539970398 1.030696153640747
v -0.22114278376102448 -0.2558543086051941 1.0424702167510986
v -0.1209576427936554 -0.25721320509910583 1.0478668212890625
v -0.02324555069208145 -0.2574211657047272 1.0474985837936401
v 0.07729578018188477 -0.2568259835243225 1.04050612449646
v 0.17580199241638184 -0.2561228573322296 1.0386048555374146
v -0.26218509674072266 -0.2507852017879486 1.036860704421997
v -0.16143670678138733 -0.2558958828449249 1.0530586242675781
v -0.060512375086545944 -0.25548627972602844 1.0421477556228638
v 0.03738627955317497 -0.2561770975589752 1.0485495328903198
v 0.13739539682865143 -0.2554153800010681 1.043886661529541
v 0.23355278372764587 -0.2535543739795685 1.02804434299469
v -0.20080815255641937 -0.2544149160385132 1.0455193519592285
v -0.10024775564670563 -0.25446465611457825 1.0463703870773315
v -0.003301401389762759 -0.2559666335582733 1.05438232421875
v 0.09759269654750824 -0.2549842298030853 1.0440844297409058
v 0.19480407238006592 -0.25397464632987976 1.0356872081756592
v -0.24011820554733276 -0.25154247879981995 1.040066123008728
v -0.140372171998024 -0.253466933965683 1.0518354177474976
v -0.04136359319090843 -0.25350379943847656 1.0433777570724487
v 0.058790162205696106 -0.2533203959465027 1.0419671535491943
v 0.1575590819120407 -0.2530401647090912 1.040818452835083
v 0.2551175653934479 -0.2504291832447052 1.0265265703201294
v -0.17995774745941162 -0.2527652084827423 1.0493370294570923
v -0.0783662497997284 -0.25193655490875244 1.0438789129257202
v 0.018286440521478653 -0.2532083988189697 1.054524302482605
v 0.11913727968931198 -0.25255513191223145 1.0471949577331543
v 0.2146516591310501 -0.2512131333351135 1.0310190916061401
v -0.21906748414039612 -0.2504672408103943 1.043431043624878
v -0.11873936653137207 -0.25156956911087036 1.0471502542495728
v -0.021177370101213455 -0.25203701853752136 1.0490180253982544
v 0.07915496081113815 -0.2512914538383484 1.0413963794708252
v 0.17756305634975433 -0.2505781650543213 1.0379725694656372
v -0.2596225142478943 -0.24565309286117554 1.0368895530700684
v -0.15929339826107025 -0.2503353953361511 1.0526001453399658
v -0.05859575793147087 -0.25009292364120483 1.0423825979232788
v 0.03954470530152321 -0.2506128251552582 1.0473992824554443
v 0.1393813043832779 -0.24989600479602814 1.0432854890823364
v 0.23576465249061584 -0.24787722527980804 1.0279290676116943
v -0.1988791525363922 -0.24895966053009033 1.046610713005066
v -0.09778043627738953 -0.24884822964668274 1.0453882217407227
v -0.000965768878813833 -0.25019726157188416 1.0555230379104614
v 0.09977269917726517 -0.24953876435756683 1.0449953079223633
v 0.1965947449207306 -0.248610720038414 1.0352129936218262
v -0.23814769089221954 -0.24629823863506317 1.0404105186462402
v -0.13813014328479767 -0.2479301542043686 1.0502758026123047
v -0.0393037423491478 -0.2482178658246994 1.0444931983947754
v 0.06097719073295593 -0.24778403341770172 1.0420677661895752
v 0.15971966087818146 -0.24767005443572998 1.0401381254196167
v 0.2570369839668274 -0.24443940818309784 1.0248490571975708
v -0.17801912128925323 -0.24720950424671173 1.0500211715698242
v -0.07635653764009476 -0.24658605456352234 1.0431604385375977
v 0.020438993349671364 -0.2475646287202835 1.053542137145996
v 0.12118186801671982 -0.24700121581554413 1.0466688871383667
v 0.21696431934833527 -0.24570244550704956 1.0311940908432007
v -0.2171774059534073 -0.24491210281848907 1.0445137023925781
v -0.11660321056842804 -0.24605898559093475 1.0465654134750366
v -0.0190518070012331 -0.24657732248306274 1.0507012605667114
v 0.08105701953172684 -0.2459138035774231 1.0424121618270874
v 0.17931775748729706 -0.24518543481826782 1.037341594696045
v -0.25736337900161743 -0.24065811932086945 1.037119746208191
v -0.15711180865764618 -0.24485868215560913 1.0519229173660278
v -0.056825265288352966 -0.24474653601646423 1.0430525541305542
v 0.0417703315615654 -0.24513256549835205 1.0466687679290771
v 0.1414823979139328 -0.244558185338974 1.0429437160491943
v 0.237948939204216 -0.24230504035949707 1.0276209115982056
v -0.19703325629234314 -0.2434127777814865 1.0477521419525146
v -0.09555396437644958 -0.24333807826042175 1.0447547435760498
v 0.0013210774632170796 -0.24453184008598328 1.056178092956543
v 0.10190578550100327 -0.24411654472351074 1.0459321737289429
v 0.19868628680706024 -0.24321143329143524 1.0350252389907837
v -0.23608115315437317 -0.24094703793525696 1.0412461757659912
v -0.13593806326389313 -0.24252775311470032 1.0493748188018799
v -0.03736032173037529 -0.2428557276725769 1.0459873676300049
v 0.06305516511201859 -0.2423289716243744 1.042694330215454
v 0.1617835909128189 -0.24223488569259644 1.0396103858947754
v 0.2590360641479492 -0.23867353796958923 1.0231845378875732
v -0.17609573900699615 -0.24164366722106934 1.0506293773651123
v -0.07446853816509247 -0.24119265377521515 1.0432051420211792
v 0.02263161726295948 -0.24197418987751007 1.0526926517486572
v 0.12313471734523773 -0.2414790689945221 1.0462684631347656
v 0.21944309771060944 -0.24021843075752258 1.0315144062042236
v -0.21541740000247955 -0.2392752319574356 1.0458815097808838
v -0.11454840004444122 -0.24048231542110443 1.0465270280838013
v -0.016936246305704117 -0.24095994234085083 1.053035020828247
v 0.0829668864607811 -0.24043618142604828 1.0436961650848389
v 0.18117210268974304 -0.23974937200546265 1.0370882749557495
v -0.2550201714038849 -0.23544058203697205 1.0376348495483398
v -0.1550215482711792 -0.23941408097743988 1.0514405965805054
v -0.055123407393693924 -0.23937255144119263 1.0440729856491089
v 0.04401739686727524 -0.23952434957027435 1.0463343858718872
v 0.14361251890659332 -0.23905593156814575 1.042756199836731
v 0.24009603261947632 -0.23667439818382263 1.0272400379180908
v -0.1951552927494049 -0.23773184418678284 1.0488414764404297
v -0.09346935153007507 -0.2377406507730484 1.0446122884750366
v 0.0035351081751286983 -0.23884449899196625 1.0565085411071777
v 0.10399295389652252 -0.23862314224243164 1.0467861890792847
v 0.2009914368391037 -0.23771697282791138 1.0351392030715942
v -0.2340950220823288 -0.23547211289405823 1.0423260927200317
v -0.133841410279274 -0.23708407580852509 1.0489976406097412
v -0.03551628440618515 -0.23725344240665436 1.0475081205368042
v 0.06506690382957458 -0.23681166768074036 1.0435166358947754
v 0.16375304758548737 -0.23665224015712738 1.0391672849655151
v 0.2609347701072693 -0.23272964358329773 1.0215715169906616
v -0.17413626611232758 -0.23601160943508148 1.0508384704589844
v -0.07276476919651031 -0.23581300675868988 1.043832778930664
v 0.02482282929122448 -0.23637622594833374 1.0518866777420044
v 0.12511542439460754 -0.23587925732135773 1.0459672212600708
v 0.22182586789131165 -0.2345372587442398 1.0315674543380737
v -0.21365301311016083 -0.23356518149375916 1.046907663345337
v -0.11254411190748215 -0.23478767275810242 1.0465538501739502
v -0.014761609956622124 -0.23508185148239136 1.054914951324463
v 0.08502094447612762 -0.2349579781293869 1.0448561906814575
v 0.1830688863992691 -0.2342081516981125 1.036878228187561
v -0.2529447674751282 -0.23017022013664246 1.038151741027832
v -0.1530195027589798 -0.2339077591896057 1.050941824913025
v -0.05345798656344414 -0.2339121252298355 1.0449292659759521
v 0.04625176638364792 -0.2338772565126419 1.0461068153381348
v 0.14577628672122955 -0.23337744176387787 1.042271375656128
v 0.24193663895130157 -0.23087966442108154 1.026418924331665
v -0.1932886391878128 -0.23198163509368896 1.0493415594100952
v -0.09151442348957062 -0.2321755439043045 1.0444740056991577
v 0.005725466180592775 -0.23302021622657776 1.056455135345459
v 0.10612339526414871 -0.23296578228473663 1.0473040342330933
v 0.20323871076107025 -0.23205946385860443 1.0351606607437134
v -0.23214903473854065 -0.22984158992767334 1.0432202816009521
v -0.13182419538497925 -0.23159100115299225 1.0487862825393677
v -0.033648546785116196 -0.2315884530544281 1.0487475395202637
v 0.06704194843769073 -0.23133771121501923 1.0443726778030396
v 0.16563767194747925 -0.23095186054706573 1.0386582612991333
v 0.2640036940574646 -0.22697360813617706 1.020341157913208
v -0.17219270765781403 -0.23036804795265198 1.0506279468536377
v -0.0710705891251564 -0.23039379715919495 1.0442835092544556
v 0.026973897591233253 -0.23088546097278595 1.0511983633041382
v 0.12717939913272858 -0.2302214801311493 1.0455892086029053
v 0.224049910902977 -0.22869658470153809 1.0311990976333618
v -0.21184268593788147 -0.22788335382938385 1.0476127862930298
v -0.1105533316731453 -0.229189932346344 1.0465832948684692
v -0.012663295492529869 -0.22923777997493744 1.056061863899231
v 0.0870804637670517 -0.22947490215301514 1.0460245609283447
v 0.1850762665271759 -0.22867339849472046 1.0368237495422363
v -0.25086474418640137 -0.22494788467884064 1.0387932062149048
v -0.15091371536254883 -0.2285352200269699 1.0507323741912842
v -0.05181800574064255 -0.22843629121780396 1.0459020137786865
v 0.04842915013432503 -0.2283003330230713 1.046215295791626
v 0.14785969257354736 -0.22762994468212128 1.0417289733886719
v 0.24363458156585693 -0.22499026358127594 1.0252795219421387
v -0.19131092727184296 -0.22631968557834625 1.0494015216827393
v -0.08965164422988892 -0.22664038836956024 1.0446325540542603
v 0.007969021797180176 -0.2273498922586441 1.0561128854751587
v 0.10818241536617279 -0.22725297510623932 1.0478354692459106
v 0.20549653470516205 -0.22634261846542358 1.0351842641830444
v -0.23029570281505585 -0.22431840002536774 1.0442531108856201
v -0.12970753014087677 -0.22624258697032928 1.0489957332611084
v -0.031836431473493576 -0.22586484253406525 1.050098180770874
v 0.06899375468492508 -0.22584766149520874 1.0454832315444946
v 0.1675209403038025 -0.22531446814537048 1.0385280847549438
v -0.2737649083137512 -0.22035862505435944 1.0327423810958862
v -0.17024019360542297 -0.2248610258102417 1.050504207611084
v -0.06943096220493317 -0.22515185177326202 1.044989824295044
v 0.02916891500353813 -0.2253751903772354 1.0505717992782593
v 0.12925708293914795 -0.22461003065109253 1.0452673435211182
v 0.22597824037075043 -0.2227649688720703 1.030474305152893
v -0.2099621444940567 -0.22234594821929932 1.047892689704895
v -0.10863400250673294 -0.22364194691181183 1.0468229055404663
v -0.010678041726350784 -0.22349804639816284 1.056739091873169
v 0.08911825716495514 -0.2239171862602234 1.0469491481781006
v 0.18719154596328735 -0.22313763201236725 1.036992073059082
v -0.24885720014572144 -0.21975328028202057 1.039671540260315
v -0.14873524010181427 -0.22323249280452728 1.0508240461349487
v -0.05018526688218117 -0.22286520898342133 1.046960473060608
v 0.0505707710981369 -0.22271598875522614 1.0466411113739014
v 0.1498233675956726 -0.22184307873249054 1.0412485599517822
v 0.24521955847740173 -0.21897420287132263 1.024126648902893
v -0.18932418525218964 -0.2206767052412033 1.0492100715637207
v -0.08790325373411179 -0.2211562693119049 1.0449427366256714
v 0.010262730531394482 -0.22161705791950226 1.0555856227874756
v 0.11022806912660599 -0.22153306007385254 1.0482439994812012
v 0.20765119791030884 -0.22047874331474304 1.0349962711334229
v -0.22841474413871765 -0.21876001358032227 1.0449551343917847
v -0.12760978937149048 -0.220851331949234 1.0492889881134033
v -0.02996188774704933 -0.22010643780231476 1.051216721534729
v 0.07099741697311401 -0.2203521728515625 1.0465008020401
v 0.16943612694740295 -0.21974965929985046 1.0384838581085205
v -0.27008503675460815 -0.21505457162857056 1.0355439186096191
v -0.168173685669899 -0.21941286325454712 1.0503547191619873
v -0.06777156889438629 -0.21969708800315857 1.04567289352417
v 0.031419720500707626 -0.21974538266658783 1.04998779296875
v 0.1313696652650833 -0.218948632478714 1.0448583364486694
v 0.22770285606384277 -0.21672303974628448 1.0294876098632812
v -0.20802147686481476 -0.21676582098007202 1.047683835029602
v -0.10679043084383011 -0.2181648164987564 1.0469049215316772
v -0.008699998259544373 -0.21768181025981903 1.0568422079086304
v 0.09129799157381058 -0.21826615929603577 1.0484963655471802
v 0.18935877084732056 -0.21758827567100525 1.0370136499404907
v -0.24690529704093933 -0.2144903540611267 1.0408509969711304
v -0.14660659432411194 -0.21788333356380463 1.05105721950531
v -0.048521723598241806 -0.2172543853521347 1.0478616952896118
v 0.052704498171806335 -0.2172120213508606 1.0470144748687744
v 0.15171915292739868 -0.2161439210176468 1.0409051179885864
v 0.24685178697109222 -0.21283890306949615 1.02297842502594
v -0.1872248351573944 -0.21515308320522308 1.0487691164016724
v -0.08622296899557114 -0.21569348871707916 1.0455474853515625
v 0.012528941966593266 -0.21588259935379028 1.0548962354660034
v 0.1123652532696724 -0.21582594513893127 1.0483614206314087
v 0.20965228974819183 -0.2145252525806427 1.0344425439834595
v -0.2264426052570343 -0.21325117349624634 1.0453174114227295
v -0.12557107210159302 -0.21548891067504883 1.0495465993881226
v -0.027991481125354767 -0.21442925930023193 1.0520530939102173
v 0.0730656310915947 -0.21486283838748932 1.047794222831726
v 0.1714591085910797 -0.21428710222244263 1.038482666015625
v -0.2675835192203522 -0.20970246195793152 1.0365846157073975
v -0.16605892777442932 -0.21402719616889954 1.050459861755371
v -0.06608588993549347 -0.21420717239379883 1.046409249305725
v 0.03365517035126686 -0.21420778334140778 1.0495073795318604
v 0.13351424038410187 -0.21334308385849 1.0445902347564697
v 0.22952739894390106 -0.21079549193382263 1.0283970832824707
v -0.2059834897518158 -0.21142905950546265 1.0472921133041382
v -0.10499201714992523 -0.21279318630695343 1.0473557710647583
v -0.0066978479735553265 -0.21212780475616455 1.0565407276153564
v 0.09359128773212433 -0.21257351338863373 1.0499892234802246
v 0.19168832898139954 -0.21202069520950317 1.036992073059082
v -0.24497254192829132 -0.20945361256599426 1.0416587591171265
v -0.14449302852153778 -0.21247774362564087 1.0515254735946655
v -0.04670986160635948 -0.21168012917041779 1.0489468574523926
v 0.05476190522313118 -0.211795836687088 1.047731637954712
v 0.1537049412727356 -0.21061919629573822 1.0409835577011108
v 0.24879877269268036 -0.20683367550373077 1.022017240524292
v -0.1850488781929016 -0.20979982614517212 1.0487381219863892
v -0.08452381938695908 -0.21038368344306946 1.0461617708206177
v 0.01462805736809969 -0.21032610535621643 1.0540735721588135
v 0.11454763263463974 -0.21026267111301422 1.048422932624817
v 0.21172674000263214 -0.20878559350967407 1.0337448120117188
v -0.22439555823802948 -0.2080480307340622 1.0454884767532349
v -0.12355717271566391 -0.21013134717941284 1.0499558448791504
v -0.025991477072238922 -0.20908857882022858 1.0528498888015747
v 0.07511753588914871 -0.20955771207809448 1.049290418624878
v 0.17370662093162537 -0.20880462229251862 1.038535237312317
v -0.2651103436946869 -0.20468319952487946 1.0374594926834106
v -0.16388988494873047 -0.20855869352817535 1.0509157180786133
v -0.06436318159103394 -0.20860473811626434 1.047312617301941
v 0.035846639424562454 -0.20863720774650574 1.0493696928024292
v 0.1356765478849411 -0.20788511633872986 1.0445258617401123
v 0.2314555048942566 -0.20509390532970428 1.0273573398590088
v -0.20398129522800446 -0.20617292821407318 1.0470670461654663
v -0.10310914367437363 -0.20747612416744232 1.047698736190796
v -0.004876089747995138 -0.20664283633232117 1.055972695350647
v 0.09587933868169785 -0.20697404444217682 1.0513821840286255
v 0.1941111981868744 -0.20639662444591522 1.0369218587875366
v -0.24296225607395172 -0.20449084043502808 1.042388916015625
v -0.14241090416908264 -0.20695707201957703 1.0519843101501465
v -0.04478605464100838 -0.2061883956193924 1.0500059127807617
v 0.056784022599458694 -0.20632214844226837 1.048572063446045
v 0.15578880906105042 -0.20523317158222198 1.0410888195037842
v 0.25101399421691895 -0.20091024041175842 1.021172285079956
v -0.18293793499469757 -0.2044331282377243 1.049003005027771
v -0.08280867338180542 -0.2049912065267563 1.046844244003296
v 0.016632145270705223 -0.20473246276378632 1.0531045198440552
v 0.11683253943920135 -0.2047634869813919 1.0483342409133911
v 0.21372437477111816 -0.20309092104434967 1.032888650894165
v -0.22244767844676971 -0.20278401672840118 1.045612096786499
v -0.12160634249448776 -0.20473317801952362 1.0502896308898926
v -0.024008169770240784 -0.20377491414546967 1.0532666444778442
v 0.07740931957960129 -0.20378829538822174 1.0509202480316162
v 0.1760372817516327 -0.20330700278282166 1.0383310317993164
v -0.2628381550312042 -0.19982054829597473 1.0383726358413696
v -0.1617499440908432 -0.2029995173215866 1.0512733459472656
v -0.06262297928333282 -0.20292016863822937 1.0482052564620972
v 0.03801535815000534 -0.2030678242444992 1.049201250076294
v 0.13778486847877502 -0.2023691087961197 1.0445153713226318
v 0.2333681732416153 -0.19932325184345245 1.0264902114868164
v -0.20204204320907593 -0.20081330835819244 1.0470529794692993
v -0.10122060775756836 -0.20214027166366577 1.0480990409851074
v -0.003058707807213068 -0.2011922150850296 1.054969072341919
v 0.09807335585355759 -0.2013719528913498 1.0524382591247559
v 0.19632384181022644 -0.20070603489875793 1.0363808870315552
v -0.2410278469324112 -0.199481800198555 1.0430645942687988
v -0.14042726159095764 -0.20141199231147766 1.0522161722183228
v -0.042848311364650726 -0.20078442990779877 1.050862193107605
v 0.058808837085962296 -0.2008761167526245 1.0493972301483154
v 0.1579546481370926 -0.1999245434999466 1.0410138368606567
v 0.25342875719070435 -0.19508327543735504 1.0204640626907349
v -0.18096263706684113 -0.19902293384075165 1.049912929534912
v -0.08103927224874496 -0.19955480098724365 1.047607421875
v 0.018606036901474 -0.19912782311439514 1.0519694089889526
v 0.11910907924175262 -0.1992742270231247 1.0481791496276855
v 0.21571871638298035 -0.1974460929632187 1.0319887399673462
v -0.2204560786485672 -0.19761477410793304 1.0457546710968018
v -0.11969172209501266 -0.19931849837303162 1.0506287813186646
v -0.022064780816435814 -0.1985316425561905 1.053300142288208
v 0.07988125085830688 -0.19806276261806488 1.0534452199935913
v 0.17831923067569733 -0.1977449506521225 1.0378435850143433
v -0.26061737537384033 -0.19510582089424133 1.039367437362671
v -0.15964137017726898 -0.19743454456329346 1.0516941547393799
v -0.060708023607730865 -0.19728878140449524 1.0491079092025757
v 0.04017331451177597 -0.19761088490486145 1.0492305755615234
v 0.13986560702323914 -0.1969480961561203 1.044590950012207
v 0.23540230095386505 -0.19367742538452148 1.025835394859314
v -0.20004823803901672 -0.19554851949214935 1.0478945970535278
v -0.09932577610015869 -0.19679543375968933 1.048723816871643
v -0.0011486092116683722 -0.195867657661438 1.0537394285202026
v 0.10027366131544113 -0.19583365321159363 1.053168535232544
v 0.19843672215938568 -0.19509513676166534 1.0356181859970093
v -0.23901808261871338 -0.19457045197486877 1.0436731576919556
v -0.13856294751167297 -0.1958199441432953 1.052544355392456
v -0.04092196375131607 -0.19555100798606873 1.0515259504318237
v 0.060805581510066986 -0.1954466551542282 1.0504893064498901
v 0.160042867064476 -0.19456559419631958 1.0409486293792725
v 0.255918025970459 -0.18953858315944672 1.019953727722168
v -0.17889313399791718 -0.19368582963943481 1.0506149530410767
v -0.07914962619543076 -0.19411268830299377 1.0485355854034424
v 0.02060209959745407 -0.19365878403186798 1.0509490966796875
v 0.12117381393909454 -0.19384172558784485 1.048205018043518
v 0.21781624853610992 -0.19191251695156097 1.0312579870224
v -0.21846766769886017 -0.19258317351341248 1.046179175376892
v -0.11784548312425613 -0.1938013881444931 1.0512430667877197
v -0.020172283053398132 -0.19337153434753418 1.05320405960083
v 0.08224199712276459 -0.19245171546936035 1.0556296110153198
v 0.18048785626888275 -0.19206145405769348 1.037300705909729
v -0.25838640332221985 -0.19034476578235626 1.0406163930892944
v -0.15762457251548767 -0.19189991056919098 1.052119255065918
v -0.058678366243839264 -0.19182166457176208 1.0499948263168335
v 0.04229388013482094 -0.19208411872386932 1.0494434833526611
v 0.14186398684978485 -0.19154328107833862 1.0445536375045776
v 0.2375159114599228 -0.18824315071105957 1.0254987478256226
v -0.198040172457695 -0.19035454094409943 1.0486633777618408
v -0.09738998115062714 -0.19134582579135895 1.0493913888931274
v 0.000865662528667599 -0.1906554251909256 1.0525765419006348
v 0.10238121449947357 -0.19031557440757751 1.053658127784729
v 0.20042718946933746 -0.1895119547843933 1.034798502922058
v -0.23698188364505768 -0.18964220583438873 1.0438683032989502
v -0.13674120604991913 -0.19022858142852783 1.0528700351715088
v -0.03900432214140892 -0.19038616120815277 1.0518362522125244
v 0.06286891549825668 -0.1898677945137024 1.0515409708023071
v 0.16211310029029846 -0.18904608488082886 1.0409014225006104
v 0.2584802508354187 -0.18435317277908325 1.0194790363311768
v -0.17688080668449402 -0.1883266121149063 1.0508737564086914
v -0.07719215750694275 -0.18865405023097992 1.049302577972412
v 0.022609028965234756 -0.18829376995563507 1.0500566959381104
v 0.12314938753843307 -0.1883212924003601 1.047976016998291
v 0.2198750227689743 -0.18634675443172455 1.0306612253189087
v -0.21646840870380402 -0.18744876980781555 1.046746850013733
v -0.11604849994182587 -0.18818530440330505 1.0517845153808594
v -0.018191106617450714 -0.18835903704166412 1.0531049966812134
v 0.08435290306806564 -0.18688300251960754 1.056410789489746
v 0.1825074851512909 -0.18631616234779358 1.0365079641342163
v -0.25627821683883667 -0.18556977808475494 1.0417530536651611
v -0.15558862686157227 -0.1863429695367813 1.0523107051849365
v -0.056651778519153595 -0.18648289144039154 1.0504199266433716
v 0.04436349496245384 -0.18665647506713867 1.0495418310165405
v 0.143935889005661 -0.18613825738430023 1.0440348386764526
v 0.23960526287555695 -0.18300141394138336 1.0252516269683838
v -0.19618093967437744 -0.18508115410804749 1.0494680404663086
v -0.09544514864683151 -0.18581430613994598 1.0500646829605103
v 0.0030531813390552998 -0.1855778992176056 1.051660180091858
v 0.10440917313098907 -0.18469437956809998 1.0538685321807861
v 0.2023478001356125 -0.18386931717395782 1.0340642929077148
v -0.23501160740852356 -0.1846698373556137 1.044490098953247
v -0.13490566611289978 -0.1846581995487213 1.053139328956604
v -0.03707542642951012 -0.18546588718891144 1.0522905588150024
v 0.06499826908111572 -0.1842910647392273 1.0524933338165283
v 0.16419094800949097 -0.18351349234580994 1.0403008460998535
v 0.2608707845211029 -0.1793476939201355 1.019490361213684
v -0.17488999664783478 -0.18297824263572693 1.0517821311950684
v -0.07514292746782303 -0.18330411612987518 1.0496935844421387
v 0.024747755378484726 -0.18310096859931946 1.0493234395980835
v 0.12516769766807556 -0.18286332488059998 1.0475794076919556
v 0.22193852066993713 -0.18079312145709991 1.030226469039917
v -0.2144266963005066 -0.1822759360074997 1.047478437423706
v -0.11421499401330948 -0.18248280882835388 1.0522030591964722
v -0.015951277688145638 -0.18362490832805634 1.0530740022659302
v 0.08635713905096054 -0.18144230544567108 1.0565236806869507
v 0.1845322847366333 -0.18059678375720978 1.035982608795166
v -0.25418850779533386 -0.1806986927986145 1.0427675247192383
v -0.1535595953464508 -0.1808742880821228 1.052685022354126
v -0.054685041308403015 -0.18161453306674957 1.0509252548217773
v 0.04643727466464043 -0.18143300712108612 1.0496708154678345
v 0.14600656926631927 -0.18065588176250458 1.0435738563537598
v 0.24182190001010895 -0.17778237164020538 1.0252537727355957
v -0.1939385086297989 -0.17990034818649292 1.0502432584762573
v -0.09346242994070053 -0.18027912080287933 1.0504848957061768
v 0.005523224826902151 -0.18087022006511688 1.0511956214904785
v 0.10640455782413483 -0.17914341390132904 1.0537374019622803
v 0.20438843965530396 -0.17832143604755402 1.033588171005249
v -0.23303893208503723 -0.1797153502702713 1.0453450679779053
v -0.1330152302980423 -0.1790345162153244 1.053462028503418
v -0.03498627245426178 -0.180923193693161 1.0528537034988403
v 0.06718471646308899 -0.17877645790576935 1.0533055067062378
v 0.16627532243728638 -0.17796577513217926 1.039530873298645
v 0.264809250831604 -0.17430779337882996 1.0195668935775757
v -0.17284108698368073 -0.17769956588745117 1.0523338317871094
v -0.07307799905538559 -0.17827141284942627 1.0502583980560303
v 0.02706996724009514 -0.17818789184093475 1.048842430114746
v 0.12725700438022614 -0.17741471529006958 1.0470572710037231
v 0.22400689125061035 -0.1753963977098465 1.0300822257995605
v -0.21211084723472595 -0.1771492213010788 1.0483779907226562
v -0.1123022511601448 -0.17675934731960297 1.0525070428848267
v -0.013423320837318897 -0.17919787764549255 1.0536385774612427
v 0.08826467394828796 -0.17610450088977814 1.0561802387237549
v 0.18650124967098236 -0.1749679297208786 1.0356881618499756
v -0.25216513872146606 -0.17572705447673798 1.0439136028289795
v -0.15154699981212616 -0.1754441112279892 1.0531786680221558
v -0.05274461954832077 -0.1770072728395462 1.0514510869979858
v 0.04852766916155815 -0.17624852061271667 1.0497993230819702
v 0.14805717766284943 -0.17508046329021454 1.0429625511169434
v 0.24413083493709564 -0.17259062826633453 1.0254031419754028
v -0.19167393445968628 -0.1746663749217987 1.0508478879928589
v -0.0915517807006836 -0.17484508454799652 1.0510302782058716
v 0.008222649805247784 -0.17633379995822906 1.0511113405227661
v 0.10838882625102997 -0.1736307591199875 1.0531127452850342
v 0.20641307532787323 -0.17282737791538239 1.0333435535430908
v -0.23094449937343597 -0.17463597655296326 1.046183705329895
v -0.1310291290283203 -0.17338812351226807 1.0535194873809814
v -0.03268859162926674 -0.1765012890100479 1.0537083148956299
v 0.06946180760860443 -0.1733017861843109 1.0535619258880615
v 0.16839416325092316 -0.1723317950963974 1.038994550704956
v -0.28203538060188293 -0.17318958044052124 1.0425599813461304
v -0.17078891396522522 -0.17233622074127197 1.0527312755584717
v -0.07107287645339966 -0.17328085005283356 1.0506901741027832
v 0.02939942106604576 -0.173372283577919 1.0487923622131348
v 0.1294456124305725 -0.17192496359348297 1.0462063550949097
v 0.22602152824401855 -0.17012105882167816 1.0299214124679565
v -0.2099856287240982 -0.17199574410915375 1.0491394996643066
v -0.11037994921207428 -0.17111673951148987 1.0524252653121948
v -0.010758535005152225 -0.17473958432674408 1.0543310642242432
v 0.0902404636144638 -0.17065614461898804 1.0554331541061401
v 0.18843607604503632 -0.1693374067544937 1.035536766052246
v -0.25010713934898376 -0.17065145075321198 1.0447204113006592
v -0.14967404305934906 -0.1699688732624054 1.0539209842681885
v -0.05075320601463318 -0.17259278893470764 1.0521880388259888
v 0.050697822123765945 -0.17099860310554504 1.0498687028884888
v 0.1501207947731018 -0.16951264441013336 1.042115569114685
v 0.24642713367938995 -0.16742391884326935 1.0256880521774292
v -0.18948014080524445 -0.16945818066596985 1.0513979196548462
v -0.0896855816245079 -0.16958695650100708 1.0513149499893188
v 0.010954277589917183 -0.17184148728847504 1.0514194965362549
v 0.11038936674594879 -0.1681988686323166 1.0518866777420044
v 0.20839978754520416 -0.16732661426067352 1.033225417137146
v -0.2288595587015152 -0.1695086508989334 1.0469970703125
v -0.12898974120616913 -0.16776017844676971 1.0533264875411987
v -0.030322320759296417 -0.1718616485595703 1.054752230644226
v 0.07174904644489288 -0.16784898936748505 1.0532598495483398
v 0.17048412561416626 -0.16667166352272034 1.0384422540664673
v -0.2742564082145691 -0.16675768792629242 1.0440233945846558
v -0.1687029004096985 -0.16698525846004486 1.053229570388794
v -0.06917101889848709 -0.1684056967496872 1.0511845350265503
v 0.03175017610192299 -0.16857920587062836 1.0491857528686523
v 0.13161712884902954 -0.16642503440380096 1.0450632572174072
v 0.22810126841068268 -0.16491860151290894 1.0298372507095337
v -0.20778346061706543 -0.16683624684810638 1.049888253211975
v -0.10844351351261139 -0.16563215851783752 1.0521724224090576
v -0.008296295069158077 -0.16986896097660065 1.0552006959915161
v 0.09224946796894073 -0.1651797592639923 1.0542936325073242
v 0.19040127098560333 -0.16387394070625305 1.0356152057647705
v -0.2480807602405548 -0.16550639271736145 1.0455559492111206
v -0.1476832926273346 -0.1645807921886444 1.0543866157531738
v -0.04875821992754936 -0.16778185963630676 1.0531998872756958
v 0.05298652499914169 -0.16574956476688385 1.0499154329299927
v 0.15217654407024384 -0.16390198469161987 1.0412241220474243
v 0.2487448900938034 -0.16215945780277252 1.026021957397461
v -0.18721817433834076 -0.16427046060562134 1.0520931482315063
v -0.08794067800045013 -0.1645062118768692 1.051527500152588
v 0.013538612984120846 -0.16692373156547546 1.0519952774047852
v 0.11234399676322937 -0.1626511961221695 1.050205945968628
v 0.2104763239622116 -0.16205467283725739 1.0333155393600464
v -0.22672472894191742 -0.1642371416091919 1.0479453802108765
v -0.12700490653514862 -0.1621827483177185 1.0530385971069336
v -0.027936812490224838 -0.16690906882286072 1.0559533834457397
v 0.07399704307317734 -0.1623145043849945 1.052618384361267
v 0.1724909096956253 -0.16097860038280487 1.0381526947021484
v -0.27035847306251526 -0.16143614053726196 1.0451257228851318
v -0.16651052236557007 -0.16170455515384674 1.0538384914398193
v -0.06734436750411987 -0.1635807603597641 1.0519192218780518
v 0.03409726545214653 -0.16382013261318207 1.0498268604278564
v 0.13369232416152954 -0.16087031364440918 1.0438711643218994
v 0.23030763864517212 -0.15969853103160858 1.0297805070877075
v -0.20556482672691345 -0.1616736799478531 1.050741195678711
v -0.10653906315565109 -0.16032174229621887 1.0518959760665894
v -0.005956390872597694 -0.1646551489830017 1.0559391975402832
v 0.09428108483552933 -0.15960420668125153 1.0528451204299927
v 0.19238170981407166 -0.15857896208763123 1.035707712173462
v -0.24604609608650208 -0.16028906404972076 1.0462665557861328
v -0.14569789171218872 -0.15913523733615875 1.0546586513519287
v -0.04664590582251549 -0.1629047989845276 1.0545810461044312
v 0.05531900376081467 -0.1604326218366623 1.0499224662780762
v 0.15424123406410217 -0.15825232863426208 1.0403807163238525
v 0.2510962188243866 -0.15665405988693237 1.0263656377792358
v -0.1849961131811142 -0.15899372100830078 1.0528018474578857
v -0.08627259731292725 -0.15951374173164368 1.0517901182174683
v 0.01596789062023163 -0.16183806955814362 1.0529329776763916
v 0.11438804119825363 -0.15713141858577728 1.0480817556381226
v 0.21258534491062164 -0.1568320244550705 1.0333315134048462
v -0.22457218170166016 -0.15885840356349945 1.0487109422683716
v -0.12503452599048615 -0.15663661062717438 1.0525712966918945
v -0.025574015453457832 -0.16153782606124878 1.0569943189620972
v 0.07619727402925491 -0.15670818090438843 1.051690936088562
v 0.1744839996099472 -0.15534286201000214 1.0377070903778076
v -0.2669617831707001 -0.15598775446414948 1.0457653999328613
v -0.16451407968997955 -0.15634438395500183 1.0544039011001587
v -0.06539797782897949 -0.1588897556066513 1.052929162979126
v 0.036429524421691895 -0.15896935760974884 1.0505340099334717
v 0.1357598751783371 -0.15520545840263367 1.0428022146224976
v 0.2326413244009018 -0.1544552594423294 1.0295875072479248
v -0.20337854325771332 -0.15641984343528748 1.0514757633209229
v -0.10470253974199295 -0.15515977144241333 1.0516092777252197
v -0.0035294052213430405 -0.15946152806282043 1.0563002824783325
v 0.09622979909181595 -0.15405778586864471 1.0511674880981445
v 0.19434861838817596 -0.15329746901988983 1.0356625318527222
v -0.2439955174922943 -0.15499791502952576 1.0466176271438599
v -0.1436823010444641 -0.1537061184644699 1.054656982421875
v -0.04455960541963577 -0.15767380595207214 1.056191325187683
v 0.05767917260527611 -0.15513436496257782 1.049964189529419
v 0.1563861072063446 -0.15255601704120636 1.0395400524139404
v 0.25346148014068604 -0.15102769434452057 1.026553750038147
v -0.18287789821624756 -0.15367218852043152 1.053491473197937
v -0.08460334688425064 -0.15465287864208221 1.052217721939087
v 0.01805752143263817 -0.15644651651382446 1.0537816286087036
v 0.11647012829780579 -0.15157000720500946 1.0460067987442017
v 0.2147030234336853 -0.15163187682628632 1.0332918167114258
v -0.22244611382484436 -0.15342997014522552 1.049400806427002
v -0.12305533140897751 -0.1512354612350464 1.052103877067566
v -0.02335089072585106 -0.1561053991317749 1.0576214790344238
v 0.07836031913757324 -0.15117721259593964 1.0506552457809448
v 0.17636874318122864 -0.14990413188934326 1.0373313426971436
v -0.26408568024635315 -0.15053662657737732 1.0458744764328003
v -0.16230963170528412 -0.15105190873146057 1.054883360862732
v -0.06349927186965942 -0.1537783294916153 1.0541746616363525
v 0.03866255283355713 -0.15369242429733276 1.0512772798538208
v 0.13784940540790558 -0.14961673319339752 1.0418241024017334
v 0.23483043909072876 -0.1491289585828781 1.029495358467102
v -0.20136737823486328 -0.15114031732082367 1.052370309829712
v -0.10291631519794464 -0.1502508968114853 1.051414966583252
v -0.001443465705960989 -0.15381784737110138 1.0563957691192627
v 0.09817324578762054 -0.14843867719173431 1.0493521690368652
v 0.1963583081960678 -0.14812399446964264 1.0357208251953125
v -0.2418382316827774 -0.14972475171089172 1.0468512773513794
v -0.14158287644386292 -0.14833728969097137 1.054345965385437
v -0.042477019131183624 -0.15245427191257477 1.0576220750808716
v 0.06010470911860466 -0.14990991353988647 1.0500705242156982
v 0.15838578343391418 -0.14695703983306885 1.0389773845672607
v 0.2557768225669861 -0.14545105397701263 1.0267211198806763
v -0.18057416379451752 -0.14843066036701202 1.0542553663253784
v -0.08287173509597778 -0.14997076988220215 1.0528501272201538
v 0.020004862919449806 -0.15075424313545227 1.0543601512908936
v 0.11859365552663803 -0.14600025117397308 1.0447304248809814
v 0.21695171296596527 -0.14630691707134247 1.0332733392715454
v -0.2204088717699051 -0.14799776673316956 1.050156831741333
v -0.12108709663152695 -0.14603571593761444 1.0517699718475342
v -0.02110741287469864 -0.1507243663072586 1.057028889656067
v 0.08051596581935883 -0.14578314125537872 1.0496861934661865
v 0.17817841470241547 -0.14464648067951202 1.0370800495147705
v -0.26128947734832764 -0.14519371092319489 1.04550039768219
v -0.1601283699274063 -0.1457553654909134 1.055269718170166
v -0.0614033043384552 -0.1486307978630066 1.055753231048584
v 0.04104311019182205 -0.14830553531646729 1.051945686340332
v 0.13996994495391846 -0.1438765972852707 1.0408716201782227
v 0.2369566708803177 -0.1437903642654419 1.0293632745742798
v -0.1993665099143982 -0.14578789472579956 1.0531169176101685
v -0.10119491070508957 -0.14547771215438843 1.0514792203903198
v 0.001016201451420784 -0.14777898788452148 1.0528268814086914
v 0.10018020868301392 -0.1429591029882431 1.0476865768432617
v 0.19844242930412292 -0.14299999177455902 1.03557288646698
v -0.23970337212085724 -0.14439354836940765 1.0469260215759277
v -0.13951174914836884 -0.14302070438861847 1.054024338722229
v -0.04055167734622955 -0.147033229470253 1.058009147644043
v 0.06251250952482224 -0.14465460181236267 1.0502196550369263
v 0.16028214991092682 -0.1414775550365448 1.0384992361068726
v 0.25775089859962463 -0.13997651636600494 1.0265127420425415
v -0.1784060150384903 -0.14314299821853638 1.054723858833313
v -0.08095502853393555 -0.14530251920223236 1.0538082122802734
v 0.022163711488246918 -0.1450766772031784 1.0533390045166016
v 0.12072759866714478 -0.14043518900871277 1.0436549186706543
v 0.21913786232471466 -0.1409972906112671 1.0330332517623901
v -0.2183302789926529 -0.1425434648990631 1.0505677461624146
v -0.11917132884263992 -0.14094330370426178 1.0514357089996338
v -0.018551381304860115 -0.14251941442489624 1.0453401803970337
v 0.0827060416340828 -0.14049911499023438 1.0486564636230469
v 0.17999331653118134 -0.13954386115074158 1.0367302894592285
v -0.2588001787662506 -0.1397830694913864 1.0448495149612427
v -0.15802021324634552 -0.14040066301822662 1.0552678108215332
v -0.05935624986886978 -0.14330531656742096 1.057443380355835
v 0.043336883187294006 -0.14292699098587036 1.0526773929595947
v 0.14215394854545593 -0.13814502954483032 1.0404090881347656
v 0.23886819183826447 -0.138455331325531 1.0290744304656982
v -0.1973704695701599 -0.14043962955474854 1.0535228252410889
v -0.09955006837844849 -0.14077985286712646 1.0518372058868408
v 0.0031774966046214104 -0.1393977403640747 1.0404646396636963
v 0.10227584838867188 -0.13751919567584991 1.0462077856063843
v 0.20052872598171234 -0.1379513293504715 1.0351598262786865
v -0.23761296272277832 -0.13903388381004333 1.0472074747085571
v -0.13744404911994934 -0.13776522874832153 1.0533909797668457
v -0.03826259449124336 -0.1404023915529251 1.0514899492263794
v 0.0648476704955101 -0.139317125082016 1.0502259731292725
v 0.16214707493782043 -0.13617318868637085 1.0380852222442627
v 0.25970596075057983 -0.13495752215385437 1.0261378288269043
v -0.17635077238082886 -0.13778117299079895 1.0548840761184692
v -0.07902077585458755 -0.14032253623008728 1.0548954010009766
v 0.024370316416025162 -0.13872991502285004 1.0480395555496216
v 0.12293262034654617 -0.1348540037870407 1.0427632331848145
v 0.22124601900577545 -0.135724738240242 1.0325974225997925
v -0.21621569991111755 -0.1370871663093567 1.0508655309677124
v -0.11728975176811218 -0.13602761924266815 1.0512317419052124
v -0.01631154678761959 -0.13546542823314667 1.0365283489227295
v 0.0848202109336853 -0.13513758778572083 1.0475375652313232
v 0.18189173936843872 -0.1344432830810547 1.0363799333572388
v -0.2562159299850464 -0.1344977170228958 1.0441149473190308
v -0.15596520900726318 -0.13502216339111328 1.0549815893173218
v -0.05735751613974571 -0.13823802769184113 1.0586938858032227
v 0.04566192626953125 -0.13759306073188782 1.0533418655395508
v 0.1442616879940033 -0.13263817131519318 1.040132761001587
v 0.2407732754945755 -0.13322460651397705 1.0287020206451416
v -0.1953510195016861 -0.13502132892608643 1.0535763502120972
v -0.09792026877403259 -0.13609549403190613 1.0524177551269531
v 0.005246765911579132 -0.13280875980854034 1.0334690809249878
v 0.10448871552944183 -0.1321188360452652 1.045068621635437
v 0.2027154564857483 -0.13276910781860352 1.0346556901931763
v -0.23526740074157715 -0.13376304507255554 1.0468144416809082
v -0.1353479027748108 -0.13256646692752838 1.0526443719863892
v -0.03555895760655403 -0.13296091556549072 1.0405800342559814
v 0.0672059953212738 -0.13393037021160126 1.049997329711914
v 0.1640702784061432 -0.13095109164714813 1.0377721786499023
v 0.2615167200565338 -0.1298885941505432 1.0259820222854614
v -0.17434704303741455 -0.132407084107399 1.054701328277588
v -0.07690659165382385 -0.13515403866767883 1.0562376976013184
v 0.02626126818358898 -0.13191798329353333 1.039523959159851
v 0.12520188093185425 -0.12937988340854645 1.04231858253479
v 0.22325487434864044 -0.1305699348449707 1.0321273803710938
v -0.21405358612537384 -0.13164998590946198 1.050908088684082
v -0.11552076041698456 -0.13118867576122284 1.051143765449524
v -0.014079940505325794 -0.12909656763076782 1.030457854270935
v 0.08693374693393707 -0.12982894480228424 1.0464874505996704
v 0.18386633694171906 -0.12929633259773254 1.0359727144241333
v -0.2537361681461334 -0.12931060791015625 1.043431043624878
v -0.15387335419654846 -0.1296824812889099 1.0541871786117554
v -0.05464315041899681 -0.1315360814332962 1.0527682304382324
v 0.0480191633105278 -0.1320275068283081 1.0536575317382812
v 0.14631056785583496 -0.1273343414068222 1.0398316383361816
v 0.24259087443351746 -0.1280473917722702 1.0282527208328247
v -0.19327853620052338 -0.12949572503566742 1.053207278251648
v -0.09614936262369156 -0.13128270208835602 1.0534274578094482
v 0.007274361327290535 -0.12646786868572235 1.0277857780456543
v 0.10676318407058716 -0.1267080157995224 1.0440611839294434
v 0.20484061539173126 -0.12753894925117493 1.0339560508728027
v -0.23295958340168 -0.1283651739358902 1.0465822219848633
v -0.1333228051662445 -0.1274058222770691 1.0517222881317139
v -0.03335798904299736 -0.1265355497598648 1.0341479778289795
v 0.06961911916732788 -0.12875144183635712 1.0496070384979248
v 0.16606733202934265 -0.12569652497768402 1.0375216007232666
v 0.2647339403629303 -0.1250985562801361 1.0256413221359253
v -0.17229238152503967 -0.12697350978851318 1.0539147853851318
v -0.07476012408733368 -0.1299075186252594 1.0575205087661743
v 0.028141099959611893 -0.12579360604286194 1.033379316329956
v 0.12748870253562927 -0.1240386813879013 1.041845440864563
v 0.2250860333442688 -0.12540151178836823 1.0313342809677124
v -0.2118290215730667 -0.12609952688217163 1.0505495071411133
v -0.11387883126735687 -0.12634025514125824 1.051255226135254
v -0.01183995045721531 -0.12301377952098846 1.025403380393982
v 0.08901689946651459 -0.12448117882013321 1.045440673828125
v 0.18591894209384918 -0.12412123382091522 1.0353856086730957
v -0.25147199630737305 -0.12414614111185074 1.0429308414459229
v -0.1518040895462036 -0.12440995126962662 1.0528732538223267
v -0.05210798606276512 -0.12463052570819855 1.0421737432479858
v 0.050416287034749985 -0.12657521665096283 1.0533421039581299
v 0.14834490418434143 -0.12217417359352112 1.0394484996795654
v 0.24430237710475922 -0.1229514330625534 1.0277578830718994
v -0.19118373095989227 -0.12393921613693237 1.052570104598999
v -0.09423643350601196 -0.12639227509498596 1.0541150569915771
v 0.009247985668480396 -0.12049640715122223 1.0230114459991455
v 0.10905595868825912 -0.12130650877952576 1.0431467294692993
v 0.20694394409656525 -0.1222718209028244 1.0330750942230225
v -0.23065225780010223 -0.12286635488271713 1.0462315082550049
v -0.13137343525886536 -0.12225815653800964 1.0507845878601074
v -0.03105500340461731 -0.12033143639564514 1.0286450386047363
v 0.0717632994055748 -0.12331914156675339 1.0490520000457764
v 0.16808855533599854 -0.12050770968198776 1.037111520767212
v -0.27632126212120056 -0.12074378877878189 1.039420247077942
v -0.17025361955165863 -0.12152252346277237 1.0527069568634033
v -0.07265377044677734 -0.12486058473587036 1.0581554174423218
v 0.029918884858489037 -0.1198650673031807 1.0282180309295654
v 0.12972207367420197 -0.11884140968322754 1.041327953338623
v 0.22688424587249756 -0.12028888612985611 1.0303841829299927
v -0.2096565067768097 -0.12055189162492752 1.050017237663269
v -0.11231811344623566 -0.1215522289276123 1.0515422821044922
v -0.009698991663753986 -0.11711717396974564 1.0205527544021606
v 0.09118486195802689 -0.11920474469661713 1.0445131063461304
v 0.1879645586013794 -0.11897395551204681 1.0348066091537476
v -0.2492203265428543 -0.11903102695941925 1.0425801277160645
v -0.1497468501329422 -0.11910068243741989 1.051226258277893
v -0.04984389245510101 -0.11838626116514206 1.0354901552200317
v 0.05272046476602554 -0.1209251806139946 1.0513092279434204
v 0.15038491785526276 -0.11705702543258667 1.0390777587890625
v 0.2460106611251831 -0.11784231662750244 1.0273585319519043
v -0.18917369842529297 -0.11838040500879288 1.0517152547836304
v -0.0922386422753334 -0.12105131149291992 1.0552960634231567
v 0.011108258739113808 -0.11475752294063568 1.0182818174362183
v 0.11127416789531708 -0.11602746695280075 1.0423020124435425
v 0.20899996161460876 -0.11704669892787933 1.032189965248108
v -0.2283400595188141 -0.11733970791101456 1.0459035634994507
v -0.1295662522315979 -0.11715729534626007 1.0499725341796875
v -0.02872087061405182 -0.11442143470048904 1.0240949392318726
v 0.07389066368341446 -0.11792106926441193 1.0485655069351196
v 0.1700967699289322 -0.11535584926605225 1.0364881753921509
v -0.2705506980419159 -0.11555209755897522 1.038771390914917
v -0.16818462312221527 -0.1160774976015091 1.0511226654052734
v -0.06938017159700394 -0.11745356023311615 1.0489277839660645
v 0.03163466975092888 -0.11397771537303925 1.0237895250320435
v 0.1319214403629303 -0.11373164504766464 1.0407638549804688
v 0.22869232296943665 -0.11520489305257797 1.0292811393737793
v -0.2075328379869461 -0.11498185992240906 1.049294352531433
v -0.11074782907962799 -0.11668644100427628 1.0519877672195435
v -0.007679044269025326 -0.11153273284435272 1.0170013904571533
v 0.09334264695644379 -0.11386799067258835 1.0437183380126953
v 0.18998828530311584 -0.11381421238183975 1.0341275930404663
v -0.24699188768863678 -0.11385234445333481 1.0421574115753174
v -0.14771603047847748 -0.11376319080591202 1.0495402812957764
v -0.04750731214880943 -0.11220987141132355 1.0300641059875488
v 0.05470537766814232 -0.11506849527359009 1.0472322702407837
v 0.15244139730930328 -0.11188675463199615 1.0385961532592773
v 0.2477482408285141 -0.11276107281446457 1.0268064737319946
v -0.187092587351799 -0.11290696263313293 1.050490379333496
v -0.09016285091638565 -0.11552853137254715 1.0564239025115967
v 0.012930143624544144 -0.10905738174915314 1.014285922050476
v 0.11340660601854324 -0.11075835675001144 1.0414345264434814
v 0.21099218726158142 -0.11183544248342514 1.0311721563339233
v -0.22602872550487518 -0.11175047606229782 1.0451865196228027
v -0.12783363461494446 -0.11207060515880585 1.0494383573532104
v -0.026464367285370827 -0.10873368382453918 1.0200814008712769
v 0.0758604034781456 -0.11258900910615921 1.0480371713638306
v 0.1721116602420807 -0.110196053981781 1.0359644889831543
v -0.2672111988067627 -0.11047343164682388 1.0383511781692505
v -0.1660349816083908 -0.1106434315443039 1.049161434173584
v -0.06662064790725708 -0.11071377247571945 1.03965163230896
v 0.033384546637535095 -0.10818715393543243 1.0201281309127808
v 0.13412098586559296 -0.10862556844949722 1.0400301218032837
v 0.2304261177778244 -0.11013495922088623 1.028051495552063
v -0.20542873442173004 -0.10947409272193909 1.0482854843139648
v -0.10910199582576752 -0.11176404356956482 1.0525685548782349
v -0.005735359154641628 -0.10588830709457397 1.013505220413208
v 0.09549719840288162 -0.10861603170633316 1.0429832935333252
v 0.19205926358699799 -0.1085507795214653 1.0333540439605713
v -0.24471217393875122 -0.10865440219640732 1.0415256023406982
v -0.14567866921424866 -0.10839157551527023 1.0479967594146729
v -0.045140184462070465 -0.10622377693653107 1.025457739830017
v 0.05651940405368805 -0.10925161838531494 1.0429139137268066
v 0.15448155999183655 -0.10669024288654327 1.0379496812820435
v 0.2495371550321579 -0.10767371207475662 1.026231050491333
v -0.18496687710285187 -0.10756222158670425 1.0489068031311035
v -0.08805238455533981 -0.11025749146938324 1.0570673942565918
v 0.014778249897062778 -0.10352325439453125 1.0111079216003418
v 0.1155313178896904 -0.10556229948997498 1.040527105331421
v 0.21295280754566193 -0.10665096342563629 1.0302250385284424
v -0.22367893159389496 -0.1062832847237587 1.0443487167358398
v -0.1262103170156479 -0.10706401616334915 1.0491008758544922
v -0.024325108155608177 -0.10316234081983566 1.016575574874878
v 0.07788684964179993 -0.107306107878685 1.0475003719329834
v 0.17409378290176392 -0.10506245493888855 1.0354245901107788
v -0.2644043266773224 -0.10535649210214615 1.03769052028656
v -0.1638549566268921 -0.10518913716077805 1.0471388101577759
v -0.0641188696026802 -0.10469715297222137 1.0338144302368164
v 0.03524582460522652 -0.10248024761676788 1.016699194908142
v 0.136271670460701 -0.10351330786943436 1.03921377658844
v 0.23221760988235474 -0.10501694679260254 1.0268878936767578
v -0.20330336689949036 -0.10411065816879272 1.0469815731048584
v -0.10728029906749725 -0.10658179223537445 1.053139328956604
v -0.0037720517721027136 -0.10046665370464325 1.010392427444458
v 0.09755159914493561 -0.10325754433870316 1.0422446727752686
v 0.19414891302585602 -0.1033448725938797 1.0327297449111938
v -0.24232272803783417 -0.10344860702753067 1.0408686399459839
v -0.1436993032693863 -0.10305830836296082 1.0467147827148438
v -0.042840518057346344 -0.10064531862735748 1.0217320919036865
v 0.05843460559844971 -0.10379830002784729 1.0398887395858765
v 0.15643982589244843 -0.10147864371538162 1.037263035774231
v 0.2515314221382141 -0.10234846919775009 1.025417685508728
v -0.1826380044221878 -0.1020662784576416 1.0469304323196411
v -0.08554592728614807 -0.10425210744142532 1.0532363653182983
v 0.016639841720461845 -0.09815626591444016 1.0082968473434448
v 0.11768047511577606 -0.10044241696596146 1.039594292640686
v 0.21487219631671906 -0.10152862221002579 1.02933669090271
v -0.22132034599781036 -0.10092070698738098 1.0434321165084839
v -0.12467366456985474 -0.1020655632019043 1.0489320755004883
v -0.02216992899775505 -0.0977582335472107 1.0133496522903442
v 0.07988933473825455 -0.10188683122396469 1.0469145774841309
v 0.17602892220020294 -0.09995890408754349 1.0348502397537231
v -0.2617622911930084 -0.10022253543138504 1.0370728969573975
v -0.16181449592113495 -0.09956897795200348 1.0453312397003174
v -0.061568088829517365 -0.09887981414794922 1.029038429260254
v 0.037160590291023254 -0.09699831157922745 1.0133249759674072
v 0.13836310803890228 -0.09831898659467697 1.0382866859436035
v 0.23403403162956238 -0.0998552143573761 1.0258351564407349
v -0.20103688538074493 -0.09872221946716309 1.0452015399932861
v -0.10528773069381714 -0.10125713795423508 1.0537402629852295
v -0.0017825942486524582 -0.09510447084903717 1.0076044797897339
v 0.0996788814663887 -0.09802818298339844 1.0415276288986206
v 0.19619809091091156 -0.09817425161600113 1.0319997072219849
v -0.23988960683345795 -0.09819434583187103 1.040013074874878
v -0.1417953073978424 -0.09767566621303558 1.0457439422607422
v -0.04060330241918564 -0.09520168602466583 1.018211007118225
v 0.060191862285137177 -0.09789316356182098 1.0348840951919556
v 0.1583300530910492 -0.09631423652172089 1.0364102125167847
v 0.2537345886230469 -0.09685388207435608 1.0244100093841553
v -0.1803165078163147 -0.0963314026594162 1.0446935892105103
v -0.08178014308214188 -0.09736325591802597 1.0416637659072876
v 0.018469644710421562 -0.09283989667892456 1.0056997537612915
v 0.11983020603656769 -0.09528937190771103 1.0386230945587158
v 0.21673789620399475 -0.09636936336755753 1.0283187627792358
v -0.2189616858959198 -0.09553231298923492 1.0421783924102783
v -0.12321018427610397 -0.09702163934707642 1.0488935708999634
v -0.02003435604274273 -0.09243312478065491 1.0104060173034668
v 0.0819174125790596 -0.096551813185215 1.0461643934249878
v 0.17795388400554657 -0.09488824009895325 1.0340925455093384
v -0.25907328724861145 -0.0951182097196579 1.0363268852233887
v -0.159758061170578 -0.09398005902767181 1.0438367128372192
v -0.059066664427518845 -0.09318374842405319 1.024855613708496
v 0.039114441722631454 -0.09157469123601913 1.0107136964797974
v 0.14037653803825378 -0.09311376512050629 1.037189245223999
v 0.23591481149196625 -0.09448587894439697 1.0247907638549805
v -0.1986745297908783 -0.09317392855882645 1.0433931350708008
v -0.10324995964765549 -0.09591174125671387 1.0539027452468872
v 0.0002073208597721532 -0.0897998958826065 1.0050791501998901
v 0.10178631544113159 -0.09283332526683807 1.0408421754837036
v 0.19818516075611115 -0.09295563399791718 1.031111240386963
v -0.237496480345726 -0.09287133812904358 1.0390722751617432
v -0.13997694849967957 -0.09238599985837936 1.0450553894042969
v -0.03837903216481209 -0.08987383544445038 1.0149989128112793
v 0.06177259609103203 -0.09214548021554947 1.0298056602478027
v 0.1602068394422531 -0.09124280512332916 1.0354830026626587
v 0.2559102475643158 -0.09145570546388626 1.0233691930770874
v -0.17805315554141998 -0.09085743129253387 1.0430117845535278
v -0.07901293784379959 -0.0916953757405281 1.0353538990020752
v 0.020321687683463097 -0.08753371238708496 1.0033138990402222
v 0.12197549641132355 -0.09023761749267578 1.0375807285308838
v 0.21857289969921112 -0.0911053940653801 1.0274118185043335
v -0.21664837002754211 -0.09024853259325027 1.0410420894622803
v -0.1215878427028656 -0.09190744161605835 1.0488568544387817
v -0.017911406233906746 -0.08714961260557175 1.0077893733978271
v 0.08385343104600906 -0.09098024666309357 1.0454143285751343
v 0.17994770407676697 -0.08974701911211014 1.033400297164917
v -0.2563309967517853 -0.08978314697742462 1.0355685949325562
v -0.15781371295452118 -0.08856945484876633 1.0428117513656616
v -0.05666636675596237 -0.0876193568110466 1.0211957693099976
v 0.04110284149646759 -0.08625400811433792 1.0084646940231323
v 0.1423436403274536 -0.0880294218659401 1.0360310077667236
v 0.2379782646894455 -0.08913349360227585 1.0239019393920898
v -0.19632993638515472 -0.08790116012096405 1.0418521165847778
v -0.10121701657772064 -0.09050566703081131 1.0536463260650635
v 0.0022398207802325487 -0.08455570042133331 1.002746820449829
v 0.10400328785181046 -0.08780143409967422 1.040159821510315
v 0.2001676857471466 -0.0876677855849266 1.030400276184082
v -0.23514404892921448 -0.08752501755952835 1.0382678508758545
v -0.13819891214370728 -0.08717381209135056 1.044573426246643
v -0.036158643662929535 -0.08462309837341309 1.0120830535888672
v 0.06340539455413818 -0.08652624487876892 1.0255556106567383
v 0.16208277642726898 -0.08619850873947144 1.0345892906188965
v 0.258222758769989 -0.08615491539239883 1.0222556591033936
v -0.17587216198444366 -0.08554960787296295 1.0416468381881714
v -0.07631010562181473 -0.08599633723497391 1.0303994417190552
v 0.022249434143304825 -0.08229681849479675 1.0010262727737427
v 0.12410978227853775 -0.08525562286376953 1.0364527702331543
v 0.22043505311012268 -0.0858510285615921 1.026541829109192
v -0.214364156126976 -0.08500264585018158 1.03993558883667
v -0.11979887634515762 -0.08677778393030167 1.0488777160644531
v -0.015817834064364433 -0.08191431313753128 1.0054391622543335
v 0.0858408510684967 -0.08567129075527191 1.0446745157241821
v 0.18202555179595947 -0.08449767529964447 1.032718300819397
v -0.2536959648132324 -0.0843748226761818 1.0348283052444458
v -0.15586945414543152 -0.08324748277664185 1.0419273376464844
v -0.05438928306102753 -0.08216379582881927 1.018006443977356
v 0.042977090924978256 -0.08103089779615402 1.0066540241241455
v 0.14425043761730194 -0.08295739442110062 1.0348567962646484
v 0.23999764025211334 -0.08380863815546036 1.0231136083602905
v -0.19408933818340302 -0.08271808922290802 1.0404465198516846
v -0.09876115620136261 -0.08509069681167603 1.051404356956482
v 0.004287065006792545 -0.07929939031600952 1.0005550384521484
v 0.10627995431423187 -0.08273670822381973 1.0393462181091309
v 0.20208021998405457 -0.08239065110683441 1.029528021812439
v -0.2328379899263382 -0.0821535512804985 1.037375569343567
v -0.13647915422916412 -0.082066610455513 1.0441926717758179
v -0.03401082009077072 -0.07938247174024582 1.0094976425170898
v 0.06498242914676666 -0.08087597787380219 1.0221855640411377
v 0.16394920647144318 -0.08107870817184448 1.0336593389511108
v 0.2605626583099365 -0.08094940334558487 1.0212844610214233
v -0.1737370789051056 -0.08032318204641342 1.0403988361358643
v -0.07371319830417633 -0.08027349412441254 1.026170015335083
v 0.024188784882426262 -0.07705982774496078 0.9989473223686218
v 0.12622655928134918 -0.0802503302693367 1.0352579355239868
v 0.22229427099227905 -0.08058679103851318 1.0255098342895508
v -0.2121722251176834 -0.07980380952358246 1.0388325452804565
v -0.11796275526285172 -0.08142603933811188 1.0487806797027588
v -0.013752667233347893 -0.07669351249933243 1.003235936164856
v 0.08781243860721588 -0.08030901104211807 1.0436928272247314
v 0.1840585470199585 -0.07916689664125443 1.0319429636001587
v -0.25121206045150757 -0.07899218052625656 1.033974051475525
v -0.15390615165233612 -0.07799582183361053 1.041214108467102
v -0.052214089781045914 -0.0768095999956131 1.01534104347229
v 0.04475748911499977 -0.07579223811626434 1.0051325559616089
v 0.14611808955669403 -0.07785187661647797 1.033646821975708
v 0.24193832278251648 -0.0785370022058487 1.0223023891448975
v -0.19185283780097961 -0.0776364803314209 1.039287805557251
v -0.0950411930680275 -0.07884936779737473 1.0411685705184937
v 0.006345398258417845 -0.07404164224863052 0.9984197020530701
v 0.10848432034254074 -0.07759785652160645 1.0384472608566284
v 0.20395590364933014 -0.07712788879871368 1.028615117073059
v -0.23062275350093842 -0.07686079293489456 1.036571979522705
v -0.1347479373216629 -0.07701839506626129 1.0438206195831299
v -0.03191005438566208 -0.07409694045782089 1.0072468519210815
v 0.06671655178070068 -0.075397789478302 1.0202010869979858
v 0.1658191978931427 -0.07582350820302963 1.0327922105789185
v 0.26439839601516724 -0.07583843171596527 1.0207265615463257
v -0.17167750000953674 -0.07517563551664352 1.0394662618637085
v -0.0712505504488945 -0.07461010664701462 1.0225900411605835
v 0.026158001273870468 -0.07188129425048828 0.9972880482673645
v 0.12829820811748505 -0.07512186467647552 1.0340238809585571
v 0.22421309351921082 -0.07533106952905655 1.0246328115463257
v -0.21004050970077515 -0.0746280625462532 1.037775993347168
v -0.11604280024766922 -0.07606638967990875 1.0488988161087036
v -0.01168521773070097 -0.0714476928114891 1.0010952949523926
v 0.08984515070915222 -0.0749039426445961 1.042675256729126
v 0.18606619536876678 -0.0738135427236557 1.0313000679016113
v -0.248975932598114 -0.07378197461366653 1.0334982872009277
v -0.15191392600536346 -0.07282961159944534 1.0405759811401367
v -0.050073593854904175 -0.07152243703603745 1.0132036209106445
v 0.04656185954809189 -0.0705622062087059 1.003485918045044
v 0.14799168705940247 -0.07269686460494995 1.0325629711151123
v 0.24388191103935242 -0.07321040332317352 1.0215975046157837
v -0.1896543651819229 -0.0726127028465271 1.0382012128829956
v -0.09197848290205002 -0.07282130420207977 1.034267783164978
v 0.008428214117884636 -0.06888347864151001 0.9964897632598877
v 0.11050708591938019 -0.07226135581731796 1.0374913215637207
v 0.20590299367904663 -0.0718960389494896 1.0279481410980225
v -0.22852906584739685 -0.07159805297851562 1.0359251499176025
v -0.13305449485778809 -0.07200369238853455 1.0435093641281128
v -0.029872629791498184 -0.06885261833667755 1.0050510168075562
v 0.06850200146436691 -0.07008049637079239 1.0183753967285156
v 0.16771918535232544 -0.07052037864923477 1.0320043563842773
v -0.27440911531448364 -0.07014422863721848 1.0319864749908447
v -0.16967038810253143 -0.06999664753675461 1.0385894775390625
v -0.06900247931480408 -0.0692339763045311 1.0202511548995972
v 0.02809329330921173 -0.06674382090568542 0.9959263801574707
v 0.1303146779537201 -0.06992775201797485 1.0328876972198486
v 0.22620153427124023 -0.0700528547167778 1.0238577127456665
v -0.2080104798078537 -0.06946252286434174 1.036769986152649
v -0.11405786871910095 -0.0706612840294838 1.0487768650054932
v -0.009624176658689976 -0.06621568650007248 0.9988675713539124
v 0.09193078428506851 -0.06932857632637024 1.041555643081665
v 0.18804657459259033 -0.06851723045110703 1.0306159257888794
v -0.24686695635318756 -0.06855250149965286 1.0331212282180786
v -0.1498836874961853 -0.06769448518753052 1.0398930311203003
v -0.04793964698910713 -0.0663016065955162 1.0112524032592773
v 0.0484287291765213 -0.06539882719516754 1.0018327236175537
v 0.1498580425977707 -0.06750170141458511 1.031509280204773
v 0.24572859704494476 -0.06789757311344147 1.0209300518035889
v -0.18759576976299286 -0.06745564192533493 1.0372470617294312
v -0.08933075517416 -0.06720360368490219 1.0299804210662842
v 0.01046544499695301 -0.06371323019266129 0.9946301579475403
v 0.1125495433807373 -0.06683430820703506 1.0363866090774536
v 0.2078534960746765 -0.06660445779561996 1.0272575616836548
v -0.22647176682949066 -0.0663258507847786 1.03534734249115
v -0.13137173652648926 -0.06691160798072815 1.0432523488998413
v -0.02781275473535061 -0.06362895667552948 1.002902865409851
v 0.07044366002082825 -0.06476537883281708 1.017003059387207
v 0.1695919930934906 -0.06522876769304276 1.031172752380371
v -0.26861998438835144 -0.06515665352344513 1.0321016311645508
v -0.1676654815673828 -0.06471899896860123 1.0377511978149414
v -0.06685920059680939 -0.06402662396430969 1.0195081233978271
v 0.029956091195344925 -0.06165393441915512 0.994638979434967
v 0.13223040103912354 -0.06469739973545074 1.03183114528656
v 0.22804471850395203 -0.06486723572015762 1.0230352878570557
v -0.20599380135536194 -0.06425783038139343 1.0361204147338867
v -0.11199158430099487 -0.06539952009916306 1.0485570430755615
v -0.007593691814690828 -0.06099487841129303 0.9967612028121948
v 0.09403205662965775 -0.06367149204015732 1.0405759811401367
v 0.1899726390838623 -0.0633007064461708 1.0299595594406128
v -0.2448207288980484 -0.06332255899906158 1.0331226587295532
v -0.14781132340431213 -0.06257370859384537 1.0391515493392944
v -0.04585997760295868 -0.06109771504998207 1.0092442035675049
v 0.050287529826164246 -0.06037543714046478 1.0010640621185303
v 0.15170171856880188 -0.062348756939172745 1.0305501222610474
v 0.2475695013999939 -0.06257107108831406 1.0201401710510254
v -0.18551482260227203 -0.06221625953912735 1.036338448524475
v -0.08674223721027374 -0.061689089983701706 1.026665210723877
v 0.012497845105826855 -0.05858892574906349 0.9928625822067261
v 0.11445122957229614 -0.06129112094640732 1.0352047681808472
v 0.20983432233333588 -0.061444491147994995 1.0266858339309692
v -0.22436264157295227 -0.06109537556767464 1.0348771810531616
v -0.1296614110469818 -0.06183875352144241 1.0431406497955322
v -0.025779753923416138 -0.05848367139697075 1.0009377002716064
v 0.07244078814983368 -0.05950766056776047 1.0160865783691406
v 0.17145660519599915 -0.06006503850221634 1.0304752588272095
v -0.26543915271759033 -0.060173217207193375 1.0319868326187134
v -0.16556674242019653 -0.059373557567596436 1.037024736404419
v -0.06471391022205353 -0.058736592531204224 1.017340898513794
v 0.03180202096700668 -0.056655578315258026 0.993445098400116
v 0.1341431438922882 -0.059537287801504135 1.0308588743209839
v 0.22999246418476105 -0.05965622141957283 1.0223265886306763
v -0.2038743495941162 -0.059127748012542725 1.0352500677108765
v -0.10994277894496918 -0.05981051176786423 1.0477967262268066
v -0.0055618323385715485 -0.055832814425230026 0.9948697686195374
v 0.09601838141679764 -0.05814987048506737 1.0395588874816895
v 0.1919793337583542 -0.05830751731991768 1.029498815536499
v -0.24280709028244019 -0.058124084025621414 1.0330491065979004
v -0.14582543075084686 -0.05744937062263489 1.0385770797729492
v -0.043806109577417374 -0.0559089332818985 1.0070488452911377
v 0.05220339447259903 -0.0553642138838768 1.000267744064331
v 0.15350878238677979 -0.057288769632577896 1.0297945737838745
v 0.24951805174350739 -0.05741196125745773 1.0195106267929077
v -0.18340057134628296 -0.0569411963224411 1.035477638244629
v -0.08428074419498444 -0.05623216927051544 1.0240097045898438
v 0.014449975453317165 -0.05356746166944504 0.9912246465682983
v 0.11636284738779068 -0.055855054408311844 1.0341213941574097
v 0.21191130578517914 -0.056377507746219635 1.0262993574142456
v -0.2221948504447937 -0.05588579922914505 1.03447425365448
v -0.1277724802494049 -0.05650560185313225 1.0431251525878906
v -0.023749012500047684 -0.05334674194455147 0.9989394545555115
v 0.07450045645236969 -0.05432523041963577 1.0155664682388306
v 0.1733752340078354 -0.05497215688228607 1.0298963785171509
v -0.26293089985847473 -0.055222366005182266 1.0316513776779175
v -0.1634669154882431 -0.054026275873184204 1.0362133979797363
v -0.06251310557126999 -0.05343928933143616 1.0147072076797485
v 0.033619269728660583 -0.05173574388027191 0.9924479722976685
v 0.13597320020198822 -0.05428534746170044 1.0300137996673584
v 0.23186741769313812 -0.054509058594703674 1.0217313766479492
v -0.2017742395401001 -0.053943898528814316 1.0345845222473145
v -0.10729402303695679 -0.05431978404521942 1.045662522315979
v -0.0035672313533723354 -0.050766825675964355 0.9930063486099243
v 0.09786538034677505 -0.052875369787216187 1.0383689403533936
v 0.19400654733181 -0.05324295163154602 1.0291303396224976
v -0.24074989557266235 -0.05291971191763878 1.0329169034957886
v -0.14393559098243713 -0.05225653201341629 1.0380916595458984
v -0.04178036004304886 -0.0507311150431633 1.0047078132629395
v 0.05412871390581131 -0.050322335213422775 0.9993698596954346
v 0.15533104538917542 -0.052107106894254684 1.0291565656661987
v 0.25158384442329407 -0.052031613886356354 1.0186290740966797
v -0.18135720491409302 -0.051652342081069946 1.034679889678955
v -0.08189619332551956 -0.05081624537706375 1.0213227272033691
v 0.016329307109117508 -0.04861923307180405 0.9897146821022034
v 0.11828135699033737 -0.05049772933125496 1.0330913066864014
v 0.2138887345790863 -0.051346324384212494 1.0259405374526978
v -0.22008906304836273 -0.05067577213048935 1.0340125560760498
v -0.1255711168050766 -0.051353830844163895 1.043346881866455
v -0.021698471158742905 -0.04826006665825844 0.9968459606170654
v 0.07645967602729797 -0.049227356910705566 1.01543390750885
v 0.17532765865325928 -0.04982239753007889 1.0294498205184937
v -0.2606006860733032 -0.05024148151278496 1.0313372611999512
v -0.161362886428833 -0.04871930181980133 1.0353838205337524
v -0.060287121683359146 -0.0481254942715168 1.0118106603622437
v 0.03548656031489372 -0.04689325764775276 0.9916743040084839
v 0.13779671490192413 -0.04896094650030136 1.0293052196502686
v 0.23370231688022614 -0.04918922856450081 1.0211607217788696
v -0.19970040023326874 -0.04879720136523247 1.0340944528579712
v -0.10349556803703308 -0.04827708378434181 1.0378273725509644
v -0.0016221042023971677 -0.04579436779022217 0.9912171959877014
v 0.0997818112373352 -0.047770362347364426 1.037206768989563
v 0.19601938128471375 -0.04814034327864647 1.0289076566696167
v -0.23869411647319794 -0.047701600939035416 1.0327109098434448
v -0.14213068783283234 -0.047075193375349045 1.0377228260040283
v -0.039774708449840546 -0.04555374011397362 1.0024210214614868
v 0.056115906685590744 -0.045362167060375214 0.9986087083816528
v 0.15717536211013794 -0.046946294605731964 1.0286608934402466
v 0.2537325620651245 -0.04669880121946335 1.017666220664978
v -0.17918206751346588 -0.04643751680850983 1.034051775932312
v -0.07950381189584732 -0.045480743050575256 1.018777847290039
v 0.01817174255847931 -0.04374590516090393 0.9884483814239502
v 0.12025943398475647 -0.045262373983860016 1.032224416732788
v 0.2159717082977295 -0.04624458774924278 1.0256364345550537
v -0.21793095767498016 -0.045517124235630035 1.0336685180664062
v -0.12356840074062347 -0.04567822441458702 1.0435374975204468
v -0.019670790061354637 -0.0431707538664341 0.994831919670105
v 0.07845813781023026 -0.044191520661115646 1.0159025192260742
v 0.17735320329666138 -0.04481111094355583 1.0291424989700317
v -0.2583014667034149 -0.04522373899817467 1.0311753749847412
v -0.15928210318088531 -0.04352184385061264 1.0347234010696411
v -0.058054011315107346 -0.04286450520157814 1.0090365409851074
v 0.0374053418636322 -0.04201442003250122 0.9910173416137695
v 0.1396505981683731 -0.0437101386487484 1.0287281274795532
v 0.23562341928482056 -0.044120099395513535 1.0207762718200684
v -0.19758068025112152 -0.04373488575220108 1.0338243246078491
v -0.10010743886232376 -0.04273588955402374 1.0319443941116333
v 0.0003003873280249536 -0.0408867746591568 0.9894766807556152
v 0.10179673880338669 -0.04264016076922417 1.0361790657043457
v 0.19810153543949127 -0.043138258159160614 1.0288128852844238
v -0.23649311065673828 -0.04257727786898613 1.0325685739517212
v -0.14030766487121582 -0.041923075914382935 1.0375616550445557
v -0.03775126487016678 -0.04042588174343109 1.0002423524856567
v 0.058202244341373444 -0.040324561297893524 0.9983658194541931
v 0.1590331345796585 -0.04184510558843613 1.0283368825912476
v 0.25579553842544556 -0.04149002581834793 1.0167611837387085
v -0.17701178789138794 -0.041242752224206924 1.0335084199905396
v -0.0771445706486702 -0.04021664336323738 1.0165213346481323
v 0.019975855946540833 -0.03888468071818352 0.9872992038726807
v 0.12227251380681992 -0.04011797532439232 1.0314533710479736
v 0.21810299158096313 -0.04124761000275612 1.0253978967666626
v -0.21578343212604523 -0.0403752401471138 1.0334118604660034
v -0.1213516816496849 -0.04033912345767021 1.0438460111618042
v -0.01769670657813549 -0.038090795278549194 0.992894172668457
v 0.08048596978187561 -0.039265770465135574 1.016603708267212
v 0.1794431060552597 -0.03982104733586311 1.0290098190307617
v -0.2559141516685486 -0.04022207111120224 1.0310195684432983
v -0.15722854435443878 -0.03836576268076897 1.034130573272705
v -0.05583547055721283 -0.037700898945331573 1.0063351392745972
v 0.03940150886774063 -0.03708872199058533 0.9903897643089294
v 0.14154592156410217 -0.0384824238717556 1.02826726436615
v 0.23761913180351257 -0.03905000910162926 1.0205737352371216
v -0.19549432396888733 -0.0385533943772316 1.0336753129959106
v -0.09748739749193192 -0.037325069308280945 1.0281988382339478
v 0.002243313705548644 -0.035968586802482605 0.9878461360931396
v 0.10386916995048523 -0.037468381226062775 1.035104751586914
v 0.20011408627033234 -0.03817906230688095 1.0287655591964722
v -0.23437486588954926 -0.03743058070540428 1.0323516130447388
v -0.13834767043590546 -0.037044595927000046 1.0375752449035645
v -0.03569088876247406 -0.03537256643176079 0.9978448152542114
v 0.06030930206179619 -0.035355012863874435 0.9981183409690857
v 0.1608814001083374 -0.036654189229011536 1.02798330783844
v 0.25781553983688354 -0.0363784097135067 1.0158662796020508
v -0.17489944398403168 -0.03596889227628708 1.033057689666748
v -0.07484012842178345 -0.035037342458963394 1.0140047073364258
v 0.021812371909618378 -0.03405001014471054 0.986258864402771
v 0.12434321641921997 -0.03490101546049118 1.0307278633117676
v 0.22017601132392883 -0.03612027317285538 1.0250966548919678
v -0.2136632651090622 -0.035180091857910156 1.0332319736480713
v -0.11923043429851532 -0.035148635506629944 1.044053077697754
v -0.015707438811659813 -0.03311295434832573 0.9909564256668091
v 0.08259961754083633 -0.03431294485926628 1.017453670501709
v 0.18153825402259827 -0.034724362194538116 1.0289667844772339
v -0.25361937284469604 -0.03521457314491272 1.0308899879455566
v -0.15516875684261322 -0.033289797604084015 1.0336902141571045
v -0.05364105477929115 -0.032627590000629425 1.0037928819656372
v 0.041453853249549866 -0.03216929733753204 0.9897756576538086
v 0.14343270659446716 -0.033307384699583054 1.0279046297073364
v 0.2396591305732727 -0.034028563648462296 1.020439624786377
v -0.19334842264652252 -0.03322133049368858 1.0334644317626953
v -0.0950084924697876 -0.03214503824710846 1.0249826908111572
v 0.0042344024404883385 -0.031074577942490578 0.9863294363021851
v 0.10605482757091522 -0.032255131751298904 1.0340185165405273
v 0.20210635662078857 -0.03318396210670471 1.0287067890167236
v -0.23224836587905884 -0.03219721093773842 1.032126784324646
v -0.1365528106689453 -0.03191239759325981 1.0378178358078003
v -0.0335971973836422 -0.030367430299520493 0.9952868819236755
v 0.062357839196920395 -0.030433641746640205 0.997988760471344
v 0.16280204057693481 -0.03147256001830101 1.0276892185211182
v 0.25971174240112305 -0.031275972723960876 1.0156090259552002
v -0.17276664078235626 -0.030802134424448013 1.0327873229980469
v -0.07255224138498306 -0.029910050332546234 1.0113648176193237
v 0.02364841289818287 -0.02914739027619362 0.9851820468902588
v 0.12638382613658905 -0.02967890538275242 1.030078649520874
v 0.2222568243741989 -0.03116658329963684 1.0249543190002441
v -0.21154707670211792 -0.029840795323252678 1.033255934715271
v -0.11714528501033783 -0.02972761169075966 1.0439724922180176
v -0.013722848147153854 -0.02817683108150959 0.989013671875
v 0.08473722636699677 -0.029318440705537796 1.018720269203186
v 0.18367068469524384 -0.029599212110042572 1.0290277004241943
v -0.25126948952674866 -0.030044419690966606 1.0307867527008057
v -0.15314970910549164 -0.0282950010150671 1.0335685014724731
v -0.051477354019880295 -0.027566224336624146 1.0012654066085815
v 0.0435061976313591 -0.027230486273765564 0.9891373515129089
v 0.1453130692243576 -0.028257660567760468 1.0275719165802002
v 0.2417626678943634 -0.02902653068304062 1.020411491394043
v -0.1910698413848877 -0.02786204032599926 1.0334893465042114
v -0.09254366159439087 -0.027076544240117073 1.0219464302062988
v 0.006215007975697517 -0.026191281154751778 0.9848554730415344
v 0.10819101333618164 -0.027038156986236572 1.0331296920776367
v 0.20415809750556946 -0.028185123577713966 1.0286325216293335
v -0.23009535670280457 -0.026865147054195404 1.0320091247558594
v -0.13459955155849457 -0.02680550329387188 1.038740873336792
v -0.031584177166223526 -0.025431307032704353 0.9932565093040466
v 0.06435946375131607 -0.025497233495116234 0.997961163520813
v 0.16476747393608093 -0.02631048858165741 1.0273680686950684
v 0.2630079984664917 -0.025677552446722984 1.015180230140686
v -0.1707478165626526 -0.025645755231380463 1.0325639247894287
v -0.070285864174366 -0.024806708097457886 1.0088037252426147
v 0.025523295626044273 -0.024176130071282387 0.9840604662895203
v 0.1283724009990692 -0.024395054206252098 1.0294523239135742
v 0.22430408000946045 -0.02622092328965664 1.024928092956543
v -0.20944203436374664 -0.024462668225169182 1.0333449840545654
v -0.11516595631837845 -0.024394923821091652 1.0436640977859497
v -0.011764606460928917 -0.023235797882080078 0.9870278239250183
v 0.08701591193675995 -0.024221312254667282 1.0205355882644653
v 0.18567752838134766 -0.024386128410696983 1.0290580987930298
v -0.24893580377101898 -0.024733442813158035 1.030758023262024
v -0.1511567384004593 -0.023282086476683617 1.0335336923599243
v -0.04934444651007652 -0.022507844492793083 0.9986661672592163
v 0.045523520559072495 -0.022278016433119774 0.9884837865829468
v 0.14707915484905243 -0.023035097867250443 1.0272105932235718
v 0.24377980828285217 -0.02402575872838497 1.0204631090164185
v -0.18894007802009583 -0.022460894659161568 1.0334208011627197
v -0.09009867906570435 -0.02196449413895607 1.0188435316085815
v 0.008148238062858582 -0.021247608587145805 0.9833369851112366
v 0.11034518480300903 -0.02168343774974346 1.032163143157959
v 0.20616717636585236 -0.023036789149045944 1.028469443321228
v -0.2278490513563156 -0.021521294489502907 1.0319530963897705
v -0.13255585730075836 -0.021725192666053772 1.0383555889129639
v -0.029537880793213844 -0.020368024706840515 0.9909941554069519
v 0.06636771559715271 -0.020532429218292236 0.998038649559021
v 0.1666887402534485 -0.02098519168794155 1.0273396968841553
v -0.2730165421962738 -0.021379804238677025 1.0286016464233398
v -0.16879652440547943 -0.020386837422847748 1.0323677062988281
v -0.0680169016122818 -0.019642388448119164 1.0059936046600342
v 0.02748473361134529 -0.019162556156516075 0.9833119511604309
v 0.13025015592575073 -0.019001560285687447 1.0288532972335815
v 0.22624443471431732 -0.02119586430490017 1.0249394178390503
v -0.20739306509494781 -0.019087806344032288 1.0333976745605469
v -0.11301914602518082 -0.019294636324048042 1.0428329706192017
v -0.009822709485888481 -0.018246935680508614 0.9851150512695312
v 0.08943210542201996 -0.018984811380505562 1.0229034423828125
v 0.18754564225673676 -0.019210372120141983 1.0290160179138184
v -0.24655979871749878 -0.019378216937184334 1.0308003425598145
v -0.14915989339351654 -0.01820220984518528 1.0336809158325195
v -0.047253187745809555 -0.017414474859833717 0.9960665106773376
v 0.0474826917052269 -0.01730293035507202 0.9878725409507751
v 0.1488938182592392 -0.017656927928328514 1.0269064903259277
v 0.24575652182102203 -0.018900221213698387 1.0205626487731934
v -0.18687598407268524 -0.017025481909513474 1.0333529710769653
v -0.08768655359745026 -0.016793491318821907 1.0158261060714722
v 0.010072415694594383 -0.01621874049305916 0.981865406036377
v 0.11246175318956375 -0.016137387603521347 1.0312625169754028
v 0.20818018913269043 -0.01785964146256447 1.0283087491989136
v -0.22567790746688843 -0.016209259629249573 1.0320154428482056
v -0.13052673637866974 -0.016594771295785904 1.0389090776443481
v -0.027457859367132187 -0.015269075520336628 0.9886716604232788
v 0.06837312877178192 -0.015546196140348911 0.9982961416244507
v 0.16868939995765686 -0.015752272680401802 1.0271117687225342
v -0.2681657671928406 -0.016239693388342857 1.0298818349838257
v -0.16680383682250977 -0.015072685666382313 1.0323162078857422
v -0.06574276089668274 -0.014440028928220272 1.0031074285507202
v 0.0293772853910923 -0.014074421487748623 0.9823111295700073
v 0.1320629119873047 -0.013683522120118141 1.0282888412475586
v 0.2282823771238327 -0.01607663743197918 1.0249844789505005
v -0.20526662468910217 -0.013690794818103313 1.0334861278533936
v -0.11071135103702545 -0.013917176052927971 1.0412930250167847
v -0.007857494056224823 -0.01322021335363388 0.9832586050033569
v 0.09204944223165512 -0.01354981865733862 1.0258325338363647
v 0.18952450156211853 -0.014070971868932247 1.0289766788482666
v -0.2443164438009262 -0.014057996682822704 1.0309202671051025
v -0.14712537825107574 -0.013072091154754162 1.033812403678894
v -0.045121900737285614 -0.012295732274651527 0.9934442639350891
v 0.04939906671643257 -0.012281104922294617 0.9873748421669006
v 0.15070626139640808 -0.012459874153137207 1.0265307426452637
v 0.24773477017879486 -0.013764416798949242 1.0207096338272095
v -0.18486222624778748 -0.011547875590622425 1.033314824104309
v -0.08528748154640198 -0.011589009314775467 1.01285982131958
v 0.011945456266403198 -0.011131573468446732 0.9804523587226868
v 0.11452782899141312 -0.010583257302641869 1.030301809310913
v 0.21020366251468658 -0.012551209889352322 1.0282050371170044
v -0.2235463708639145 -0.010890859179198742 1.0321604013442993
v -0.12852853536605835 -0.01123360451310873 1.039225459098816
v -0.02543278969824314 -0.01019359566271305 0.9863854050636292
v 0.07051627337932587 -0.010435202158987522 0.9993530511856079
v 0.17067468166351318 -0.010541996918618679 1.0267791748046875
v -0.26521939039230347 -0.01095497515052557 1.030001163482666
v -0.1647820621728897 -0.009709062054753304 1.0323537588119507
v -0.0635036751627922 -0.0092284195125103 1.00016450881958
v 0.031285692006349564 -0.009052055887877941 0.9811863899230957
v 0.13380564749240875 -0.008383216336369514 1.0277868509292603
v 0.2303021401166916 -0.010903432033956051 1.0249449014663696
v -0.203171968460083 -0.008277371525764465 1.0335718393325806
v -0.10800979286432266 -0.008820866234600544 1.037994146347046
v -0.0059045422822237015 -0.008177588693797588 0.9813966155052185
v 0.09440192580223083 -0.008031459525227547 1.0280007123947144
v 0.19151167571544647 -0.008784167468547821 1.028774619102478
v -0.2421255111694336 -0.00872729904949665 1.0310001373291016
v -0.14519372582435608 -0.007789831142872572 1.0341428518295288
v -0.043041542172431946 -0.007169135846197605 0.9907613396644592
v 0.05131424218416214 -0.007250382099300623 0.987062394618988
v 0.15253041684627533 -0.007162048481404781 1.0261070728302002
v 0.24975863099098206 -0.008419345133006573 1.020835280418396
v -0.1828758865594864 -0.006134483497589827 1.0333081483840942
v -0.082912378013134 -0.006376781966537237 1.0098767280578613
v 0.013790903612971306 -0.006029123906046152 0.9790841341018677
v 0.11641766130924225 -0.005071151070296764 1.029361367225647
v 0.21214760839939117 -0.0071708750911056995 1.0278738737106323
v -0.22150591015815735 -0.005590537562966347 1.032408595085144
v -0.12626172602176666 -0.006525728385895491 1.039664387702942
v -0.023445336148142815 -0.005175864323973656 0.9840538501739502
v 0.07267610728740692 -0.005261819344013929 1.0002057552337646
v 0.17259597778320312 -0.005274233408272266 1.0264841318130493
v -0.26267364621162415 -0.005680824164301157 1.0297822952270508
v -0.16278137266635895 -0.004353745840489864 1.032499074935913
v -0.06127890199422836 -0.0040339091792702675 0.9972073435783386
v 0.03315840661525726 -0.004112426191568375 0.980414628982544
v 0.13554050028324127 -0.003014900954440236 1.0273568630218506
v 0.23227311670780182 -0.005816068034619093 1.0247658491134644
v -0.2010887861251831 -0.002960870275273919 1.0336887836456299
v -0.10494443774223328 -0.003802078077569604 1.0318434238433838
v -0.003903430886566639 -0.0032014052849262953 0.9795708060264587
v 0.09771700948476791 -0.002470055827870965 1.032378911972046
v 0.19353660941123962 -0.00357136526145041 1.0284805297851562
v -0.24001045525074005 -0.003354571759700775 1.0311750173568726
v -0.14328259229660034 -0.0025987369008362293 1.0345269441604614
v -0.040975961834192276 -0.00216280366294086 0.9881748557090759
v 0.053278688341379166 -0.0023263879120349884 0.9869983196258545
v 0.15437813103199005 -0.001831481815315783 1.0256383419036865
v 0.2519068717956543 -0.0031373598612844944 1.0206385850906372
v -0.1808832734823227 -0.0008796175243332982 1.033380389213562
v -0.08051843196153641 -0.001282172161154449 1.0069090127944946
v 0.015652798116207123 -0.001098977285437286 0.9778082966804504
v 0.11823911964893341 0.00018751423340290785 1.0285879373550415
v 0.21410256624221802 -0.0020274396520107985 1.027490496635437
v -0.21942423284053802 -0.00033570313826203346 1.032692790031433
v -0.12469198554754257 -0.0009072223911061883 1.0398837327957153
v -0.021429115906357765 -0.0003242561942897737 0.9815287590026855
v 0.07497474551200867 -0.00018449990602675825 1.0014374256134033
v 0.17462919652462006 -0.00017714299610815942 1.0261870622634888
v -0.2602686583995819 -0.0003762133128475398 1.0296615362167358
v -0.1607298105955124 0.0008353343582712114 1.0326813459396362
v -0.05905533209443092 0.0009309463202953339 0.9942404627799988
v 0.03506442904472351 0.0006694621406495571 0.9797159433364868
v 0.13730479776859283 0.0020855944603681564 1.0269830226898193
v 0.2343180775642395 -0.0009229015558958054 1.0244178771972656
v -0.19908326864242554 0.002231273800134659 1.0338871479034424
v -0.10177219659090042 0.0011249295203015208 1.026013731956482
v -0.001880172174423933 0.0016588799189776182 0.9778102040290833
v 0.09954546391963959 0.0026913785841315985 1.0314698219299316
v 0.1955832839012146 0.0014159533893689513 1.0282121896743774
v -0.23795801401138306 0.002026741625741124 1.0314091444015503
v -0.14143595099449158 0.002465911442413926 1.0349617004394531
v -0.03894728049635887 0.0026804201770573854 0.985649585723877
v 0.05528740957379341 0.002488803118467331 0.9871485233306885
v 0.15629564225673676 0.003286121180281043 1.0250567197799683
v 0.2542271316051483 0.00197928911074996 1.0202025175094604
v -0.1788875013589859 0.004256631247699261 1.0334590673446655
v -0.07819829881191254 0.003641939489170909 1.0040956735610962
v 0.017513511702418327 0.0036742137745022774 0.9766048192977905
v 0.11997076869010925 0.005247369408607483 1.0279731750488281
v 0.21607360243797302 0.0030282570514827967 1.027007818222046
v -0.21741361916065216 0.004877404775470495 1.0330350399017334
v -0.12271387130022049 0.0041835010051727295 1.0402616262435913
v -0.019420236349105835 0.0044340952299535275 0.9797017574310303
v 0.077351875603199 0.0047721234150230885 1.0033488273620605
v 0.1766802966594696 0.0048005166463553905 1.0259060859680176
v -0.257924348115921 0.004889477510005236 1.0296976566314697
v -0.15868845582008362 0.006001426372677088 1.0329310894012451
v -0.05689308047294617 0.005802290514111519 0.9914022088050842
v 0.03696490079164505 0.00540571752935648 0.9791141152381897
v 0.13912640511989594 0.007101544179022312 1.0265812873840332
v 0.23636621236801147 0.004080026410520077 1.0238302946090698
v -0.19707724452018738 0.007344917394220829 1.034085988998413
v -0.09895814955234528 0.006208390928804874 1.0216723680496216
v 0.0001350117672700435 0.006525086704641581 0.9761210083961487
v 0.10144443809986115 0.007955484092235565 1.029858946800232
v 0.19752410054206848 0.006408242508769035 1.0277526378631592
v -0.23595182597637177 0.007338350173085928 1.0316684246063232
v -0.13955748081207275 0.0074209412559866905 1.0353929996490479
v -0.03698534145951271 0.00752268498763442 0.9831960797309875
v 0.05731119215488434 0.00730966916307807 0.9874574542045593
v 0.15806737542152405 0.008351340889930725 1.024445652961731
v 0.25650230050086975 0.006969738751649857 1.0194587707519531
v -0.17685380578041077 0.009358299896121025 1.0337811708450317
v -0.07588658481836319 0.008479239419102669 1.0013867616653442
v 0.019362930208444595 0.008474195376038551 0.9755077958106995
v 0.12174809724092484 0.010276378132402897 1.0274847745895386
v 0.2179979383945465 0.008084030821919441 1.0264219045639038
v -0.21543720364570618 0.010065587237477303 1.0333569049835205
v -0.12085451930761337 0.009241510182619095 1.0406494140625
v -0.017474254593253136 0.009309905581176281 0.9776860475540161
v 0.0796668753027916 0.00980186928063631 1.005312442779541
v 0.17867282032966614 0.009766992181539536 1.0256352424621582
v -0.2555699050426483 0.010179190896451473 1.0298017263412476
v -0.15666714310646057 0.011174674145877361 1.0332601070404053
v -0.05477694422006607 0.010663020424544811 0.9887718558311462
v 0.03885375335812569 0.01024402491748333 0.9787859320640564
v 0.14094451069831848 0.012060381472110748 1.026118278503418
v 0.23841536045074463 0.009298501536250114 1.0230239629745483
v -0.19508501887321472 0.012511077336966991 1.03433096408844
v -0.0964195653796196 0.011219826526939869 1.0180225372314453
v 0.002090820809826255 0.011390737257897854 0.9745597839355469
v 0.10338813811540604 0.012984746135771275 1.0286829471588135
v 0.1994006633758545 0.011431368999183178 1.0272406339645386
v -0.23395897448062897 0.012619206681847572 1.0319408178329468
v -0.13784274458885193 0.012644905596971512 1.035813570022583
v -0.03506306931376457 0.012401926331222057 0.9809374809265137
v 0.059375446289777756 0.012267044745385647 0.9879831075668335
v 0.1599310040473938 0.013288328424096107 1.0239486694335938
v 0.2586032748222351 0.011938734911382198 1.0183629989624023
v -0.17474491894245148 0.014554696157574654 1.0339573621749878
v -0.07358113676309586 0.013354876078665257 0.9985401034355164
v 0.021237943321466446 0.013318715617060661 0.9745291471481323
v 0.12350943684577942 0.015190258622169495 1.0270774364471436
v 0.21997235715389252 0.013085060752928257 1.0258158445358276
v -0.21349281072616577 0.015311608090996742 1.033738374710083
v -0.11908339709043503 0.014388821087777615 1.0410782098770142
v -0.015489310957491398 0.014237814582884312 0.9758356213569641
v 0.08198625594377518 0.014882235787808895 1.0077736377716064
v 0.18061237037181854 0.014693275094032288 1.025309681892395
v -0.2532718777656555 0.015470141544938087 1.0300918817520142
v -0.15463611483573914 0.016399363055825233 1.0335912704467773
v -0.05268245190382004 0.015553141944110394 0.9860830307006836
v 0.04076899588108063 0.015218646265566349 0.9785183668136597
v 0.14283446967601776 0.016952499747276306 1.0256248712539673
v 0.24048860371112823 0.014526229351758957 1.0220445394515991
v -0.193104550242424 0.01777854561805725 1.0345399379730225
v -0.09392740577459335 0.016252366825938225 1.014467716217041
v 0.003971771337091923 0.016253329813480377 0.9730973839759827
v 0.10528171807527542 0.01794472523033619 1.0278886556625366
v 0.20133823156356812 0.016486452892422676 1.02666437625885
v -0.23203164339065552 0.017890313640236855 1.0322933197021484
v -0.1360875815153122 0.01782980002462864 1.0363634824752808
v -0.03316140174865723 0.01731693744659424 0.9788262844085693
v 0.061478644609451294 0.017208842560648918 0.9887570142745972
v 0.16174113750457764 0.01819312945008278 1.023497462272644
v 0.260553777217865 0.01693890243768692 1.0171597003936768
v -0.17259787023067474 0.019822195172309875 1.0339877605438232
v -0.07125536352396011 0.018262404948472977 0.9956586956977844
v 0.02315095253288746 0.0182390995323658 0.973738431930542
v 0.12529899179935455 0.020141303539276123 1.0267271995544434
v 0.22197774052619934 0.018117103725671768 1.0249817371368408
v -0.21150743961334229 0.020503204315900803 1.0340592861175537
v -0.11722442507743835 0.020011208951473236 1.0414865016937256
v -0.013522344641387463 0.01915111020207405 0.9739957451820374
v 0.08432232588529587 0.01999596320092678 1.0109257698059082
v 0.18248207867145538 0.019718587398529053 1.0246968269348145
v -0.2511611580848694 0.020771166309714317 1.0304449796676636
v -0.15259456634521484 0.02172868512570858 1.033709168434143
v -0.050592828541994095 0.02040313370525837 0.983424723148346
v 0.04275628179311752 0.02020152285695076 0.9783424139022827
v 0.14459110796451569 0.021882716566324234 1.0250426530838013
v 0.24247753620147705 0.019849317148327827 1.020762324333191
v -0.19110336899757385 0.022954141721129417 1.0347280502319336
v -0.09146404266357422 0.021322809159755707 1.0110962390899658
v 0.005869237706065178 0.021074846386909485 0.9717108607292175
v 0.10719791054725647 0.023008987307548523 1.0271496772766113
v 0.20326782763004303 0.021588610485196114 1.0258500576019287
v -0.2300632894039154 0.023019270971417427 1.0325965881347656
v -0.13439495861530304 0.023169249296188354 1.0368155241012573
v -0.03123582899570465 0.022193266078829765 0.9768602252006531
v 0.06368043273687363 0.02217707969248295 0.9898266792297363
v 0.16364014148712158 0.02325143851339817 1.0230659246444702
v 0.2636737525463104 0.022339479997754097 1.015280842781067
v -0.17042651772499084 0.02504376508295536 1.0343525409698486
v -0.06900972127914429 0.023236889392137527 0.9928893446922302
v 0.025125451385974884 0.023136062547564507 0.9731226563453674
v 0.1271103024482727 0.025202833116054535 1.0263172388076782
v 0.2240285575389862 0.02321048080921173 1.023794412612915
v -0.20948275923728943 0.025620246306061745 1.0343601703643799
v -0.1150958389043808 0.02547614276409149 1.04136323928833
v -0.011586659587919712 0.02398286946117878 0.9723302721977234
v 0.08708055317401886 0.0251723974943161 1.0156652927398682
v 0.18436478078365326 0.02478916570544243 1.0237923860549927
v -0.24905532598495483 0.025883598253130913 1.0308012962341309
v -0.15058791637420654 0.027051880955696106 1.0339723825454712
v -0.04854082316160202 0.025179898366332054 0.9811075329780579
v 0.04473761469125748 0.025156281888484955 0.9786921739578247
v 0.1463535875082016 0.026807652786374092 1.0244170427322388
v 0.2444198876619339 0.02509734034538269 1.0191926956176758
v -0.18900839984416962 0.02805447392165661 1.034909963607788
v -0.08906659483909607 0.02639702521264553 1.0080184936523438
v 0.007792446296662092 0.025816723704338074 0.9707067608833313
v 0.1091328039765358 0.02811451442539692 1.026720404624939
v 0.2052798718214035 0.02662665583193302 1.0247637033462524
v -0.22807705402374268 0.02808438427746296 1.0329725742340088
v -0.1326247602701187 0.028460435569286346 1.0375168323516846
v -0.029279768466949463 0.026978090405464172 0.9751102924346924
v 0.06592784076929092 0.0271853469312191 0.9913654327392578
v 0.1655609905719757 0.02822887897491455 1.0225579738616943
v -0.27425357699394226 0.0295186135917902 1.0283044576644897
v -0.16824403405189514 0.03019055165350437 1.0343879461288452
v -0.06681852042675018 0.028147703036665916 0.9903044700622559
v 0.027114126831293106 0.027950117364525795 0.9727382659912109
v 0.12893983721733093 0.030220605432987213 1.0258806943893433
v 0.22608719766139984 0.028181398287415504 1.0224374532699585
v -0.20740099251270294 0.03064529225230217 1.0345721244812012
v -0.11304943263530731 0.031101319938898087 1.0415548086166382
v -0.009660020470619202 0.028717173263430595 0.9708976149559021
v 0.08988208323717117 0.03052324242889881 1.0221543312072754
v 0.186253622174263 0.02984505333006382 1.0227441787719727
v -0.24694836139678955 0.030911998823285103 1.031231164932251
v -0.14860324561595917 0.03226873278617859 1.0341856479644775
v -0.04656384885311127 0.02997017651796341 0.9794811010360718
v 0.04677184671163559 0.0300153736025095 0.9792789816856384
v 0.14814463257789612 0.031727831810712814 1.023729920387268
v 0.24633760750293732 0.030198857188224792 1.0174648761749268
v -0.18683376908302307 0.03314640000462532 1.0350878238677979
v -0.08669406920671463 0.03142823651432991 1.0050643682479858
v 0.009706933982670307 0.030526982620358467 0.969967782497406
v 0.11110376566648483 0.03324274718761444 1.0263950824737549
v 0.20719607174396515 0.03168368339538574 1.02351713180542
v -0.22602127492427826 0.03308682516217232 1.0332683324813843
v -0.13083508610725403 0.03383924812078476 1.0381008386611938
v -0.02731604501605034 0.031675055623054504 0.9735074043273926
v 0.06826864928007126 0.03223341330885887 0.9933621287345886
v 0.16749125719070435 0.033180225640535355 1.0218873023986816
v -0.2687796652317047 0.03470129519701004 1.0293515920639038
v -0.16602544486522675 0.035310178995132446 1.0344010591506958
v -0.06466090679168701 0.032978978008031845 0.987795889377594
v 0.029120435938239098 0.032701458781957626 0.9726276397705078
v 0.1307496279478073 0.03535973280668259 1.0253876447677612
v 0.22800180315971375 0.033322375267744064 1.0208892822265625
v -0.2053348571062088 0.03567815572023392 1.0346506834030151
v -0.11082560569047928 0.03659006580710411 1.0414304733276367
v -0.007752690929919481 0.03340678662061691 0.9697322845458984
v 0.09336122870445251 0.03614304959774017 1.0290418863296509
v 0.1880212128162384 0.035012200474739075 1.0215917825698853
v -0.24489770829677582 0.03593461588025093 1.0315277576446533
v -0.14671717584133148 0.03746485710144043 1.034223198890686
v -0.04459889978170395 0.03474403917789459 0.9777734279632568
v 0.04881240427494049 0.034834153950214386 0.9799844026565552
v 0.14992475509643555 0.03674614802002907 1.023034930229187
v 0.24812781810760498 0.035374902188777924 1.0156551599502563
v -0.18461580574512482 0.03828363120555878 1.0351510047912598
v -0.084318146109581 0.03639645129442215 1.0020911693572998
v 0.011669697239995003 0.03530453145503998 0.9694114327430725
v 0.11308213323354721 0.03841118514537811 1.026084303855896
v 0.20895200967788696 0.036904897540807724 1.0219050645828247
v -0.22388172149658203 0.038149233907461166 1.0334763526916504
v -0.128995880484581 0.03907639905810356 1.0387002229690552
v -0.02531668357551098 0.036399371922016144 0.9720971584320068
v 0.07070422917604446 0.03722000494599342 0.9957732558250427
v 0.16944479942321777 0.038309112191200256 1.020888090133667
v -0.2655753493309021 0.03993063047528267 1.0296287536621094
v -0.16381976008415222 0.040499377995729446 1.0342152118682861
v -0.06253094226121902 0.0378434881567955 0.9855262637138367
v 0.031103989109396935 0.03745397925376892 0.9727925658226013
v 0.1326153576374054 0.0405217669904232 1.0249017477035522
v 0.2297057807445526 0.038465164601802826 1.0192136764526367
v -0.20325927436351776 0.04083048924803734 1.034663438796997
v -0.10830041766166687 0.041573651134967804 1.0378994941711426
v -0.005824331194162369 0.03819819912314415 0.9688302278518677
v 0.0953608825802803 0.04121141508221626 1.0286718606948853
v 0.18979160487651825 0.04015041142702103 1.0202341079711914
v -0.24285337328910828 0.04107368364930153 1.0317585468292236
v -0.14488622546195984 0.04266876354813576 1.0341503620147705
v -0.042651016265153885 0.03952375426888466 0.9762157201766968
v 0.05093248933553696 0.039631545543670654 0.9809126853942871
v 0.15178124606609344 0.04180217161774635 1.022338628768921
v 0.24984554946422577 0.040557924658060074 1.0140233039855957
v -0.18238221108913422 0.04350725933909416 1.035194754600525
v -0.08202564716339111 0.04136069118976593 0.999343991279602
v 0.01365711446851492 0.04019046574831009 0.9690655469894409
v 0.11498422175645828 0.0435238815844059 1.0258142948150635
v 0.210818812251091 0.04193343594670296 1.0203514099121094
v -0.22176618874073029 0.043320465832948685 1.0336155891418457
v -0.12735438346862793 0.04471002519130707 1.0392377376556396
v -0.02327507920563221 0.04122854396700859 0.9708782434463501
v 0.07325558364391327 0.04224742576479912 0.9988639950752258
v 0.17139485478401184 0.04336724802851677 1.0200871229171753
v -0.26296237111091614 0.04501532018184662 1.0296416282653809
v -0.16162092983722687 0.04572214186191559 1.0339012145996094
v -0.060438062995672226 0.042759429663419724 0.983544111251831
v 0.0330597423017025 0.04227346554398537 0.9732285141944885
v 0.13452304899692535 0.04558636620640755 1.0243427753448486
v 0.23163849115371704 0.043523821979761124 1.0175515413284302
v -0.2011989951133728 0.046152275055646896 1.0346544981002808
v -0.10521931946277618 0.04628116264939308 1.0311509370803833
v -0.003838584292680025 0.04310697317123413 0.9681186079978943
v 0.09734375774860382 0.04629887267947197 1.0279847383499146
v 0.1915743201971054 0.04518242925405502 1.0191773176193237
v -0.24076227843761444 0.04627948999404907 1.0320019721984863
v -0.14308419823646545 0.047962263226509094 1.0340403318405151
v -0.040715210139751434 0.04438130930066109 0.974793553352356
v 0.05312895029783249 0.044492997229099274 0.9822330474853516
v 0.15367960929870605 0.046834979206323624 1.0216273069381714
v 0.2516353726387024 0.045763999223709106 1.0126782655715942
v -0.18015672266483307 0.04882049188017845 1.0350754261016846
v -0.07979162037372589 0.04639691114425659 0.9969111680984497
v 0.015632547438144684 0.04512710124254227 0.9690243005752563
v 0.11683544516563416 0.048614855855703354 1.0254968404769897
v 0.212835431098938 0.04694049805402756 1.0190602540969849
v -0.2196691632270813 0.048573896288871765 1.0336545705795288
v -0.1252221167087555 0.04999063163995743 1.039444088935852
v -0.021217262372374535 0.04614972323179245 0.9697803854942322
v 0.0758095532655716 0.04744235798716545 1.0024213790893555
v 0.17327424883842468 0.04842601343989372 1.0191643238067627
v -0.2605302333831787 0.050158340483903885 1.0297889709472656
v -0.1595926433801651 0.050993308424949646 1.0334010124206543
v -0.05840754881501198 0.047742635011672974 0.9817492961883545
v 0.0350414477288723 0.04714837297797203 0.9737008213996887
v 0.13644936680793762 0.05060798302292824 1.0237981081008911
v 0.23353543877601624 0.04871584102511406 1.0161564350128174
v -0.19910292327404022 0.05153385549783707 1.0345584154129028
v -0.10196267813444138 0.05118144676089287 1.025294303894043
v -0.0018507733475416899 0.048054005950689316 0.9676302075386047
v 0.09925121068954468 0.051349375396966934 1.027434229850769
v 0.19343754649162292 0.05026743933558464 1.018019199371338
v -0.23860418796539307 0.05150793865323067 1.0321252346038818
v -0.1412922739982605 0.05331093445420265 1.033918857574463
v -0.03878195956349373 0.04928852617740631 0.9735531806945801
v 0.05546146258711815 0.049518484622240067 0.9842188358306885
v 0.15547649562358856 0.051854681223630905 1.020944595336914
v 0.2534390985965729 0.051078468561172485 1.0114800930023193
v -0.1780327558517456 0.05423503741621971 1.0347795486450195
v -0.07762006670236588 0.051457107067108154 0.994694709777832
v 0.017575573176145554 0.05002766102552414 0.9693139791488647
v 0.11868586391210556 0.0537225678563118 1.025154948234558
v 0.21485434472560883 0.05200294032692909 1.0179022550582886
v -0.21756961941719055 0.053820181638002396 1.0335888862609863
v -0.12324438244104385 0.05563261732459068 1.0397335290908813
v -0.019177980720996857 0.051108282059431076 0.9688854813575745
v 0.07838714867830276 0.0527823232114315 1.006822109222412
v 0.17516273260116577 0.053420763462781906 1.018190622329712
v -0.2581958472728729 0.05531861260533333 1.0298670530319214
v -0.1576034426689148 0.05630156397819519 1.0329622030258179
v -0.056400567293167114 0.0527208037674427 0.980217695236206
v 0.03700592741370201 0.05195631459355354 0.974389374256134
v 0.13833937048912048 0.05559522658586502 1.0232410430908203
v 0.23542755842208862 0.053897012025117874 1.0149155855178833
v -0.19696663320064545 0.05692745000123978 1.034425139427185
v -0.09937799721956253 0.0561542883515358 1.0211710929870605
v 0.00011729577818186954 0.052907440811395645 0.9674350619316101
v 0.10117575526237488 0.05638599023222923 1.0270582437515259
v 0.19544996321201324 0.055245161056518555 1.0175349712371826
v -0.23646172881126404 0.0567382387816906 1.0321968793869019
v -0.13951028883457184 0.05879181995987892 1.0339492559432983
v -0.03682876005768776 0.05417458340525627 0.9725079536437988
v 0.057838115841150284 0.05455740541219711 0.9865581393241882
v 0.15734873712062836 0.05676618218421936 1.020243525505066
v 0.2552519738674164 0.05621176213026047 1.0105595588684082
v -0.17583295702934265 0.05946672335267067 1.0344600677490234
v -0.0754566565155983 0.0564274936914444 0.9928007125854492
v 0.01948592998087406 0.05488962307572365 0.9699217677116394
v 0.12058497220277786 0.058749325573444366 1.024748682975769
v 0.21683335304260254 0.056910671293735504 1.0169482231140137
v -0.21551063656806946 0.059127043932676315 1.0335201025009155
v -0.12108133733272552 0.0609789714217186 1.0395597219467163
v -0.017173433676362038 0.055935781449079514 0.9683133363723755
v 0.08149797469377518 0.058321841061115265 1.0133434534072876
v 0.1770702600479126 0.05823226273059845 1.0173720121383667
v -0.25579947233200073 0.06046353653073311 1.0300357341766357
v -0.15567328035831451 0.061676815152168274 1.0326545238494873
v -0.05435749143362045 0.05758996307849884 0.9789310097694397
v 0.039089541882276535 0.056911300867795944 0.9763351678848267
v 0.14023174345493317 0.060462210327386856 1.02268385887146
v 0.23739679157733917 0.05901389941573143 1.013824224472046
v -0.19473110139369965 0.062284138053655624 1.0342991352081299
v -0.09686089307069778 0.06113876402378082 1.017994999885559
v 0.002094609895721078 0.05771758779883385 0.9675750732421875
v 0.10314290970563889 0.06144890934228897 1.0266655683517456
v 0.19750989973545074 0.05996529385447502 1.0167934894561768
v -0.2343512922525406 0.062031231820583344 1.0322034358978271
v -0.13751211762428284 0.06418124586343765 1.0340259075164795
v -0.03485013172030449 0.05895771458745003 0.9717051982879639
v 0.060205597430467606 0.05959884822368622 0.9893383383750916
v 0.15925109386444092 0.06167135015130043 1.0195642709732056
v 0.2570919394493103 0.061363350600004196 1.0096261501312256
v -0.17376095056533813 0.06477124243974686 1.0340889692306519
v -0.073270782828331 0.061236489564180374 0.9911408424377441
v 0.02138054557144642 0.059777308255434036 0.9707716107368469
v 0.12252789735794067 0.06381525844335556 1.024343490600586
v 0.2189047634601593 0.06186162680387497 1.015944480895996
v -0.213425874710083 0.06447985023260117 1.0333079099655151
v -0.11891933530569077 0.06638683378696442 1.039317011833191
v -0.015246176160871983 0.060713768005371094 0.968012809753418
v 0.08446256816387177 0.06388290971517563 1.0223171710968018
v 0.1790747195482254 0.0631614699959755 1.0167369842529297
v -0.25358349084854126 0.06568934768438339 1.0301076173782349
v -0.1537863314151764 0.06702772527933121 1.032395601272583
v -0.0523616224527359 0.062338054180145264 0.9778706431388855
v 0.04116957634687424 0.06187249720096588 0.9779775738716125
v 0.14201582968235016 0.06540186703205109 1.0221335887908936
v 0.2392474114894867 0.06419327110052109 1.0128055810928345
v -0.19253768026828766 0.06767167150974274 1.0341249704360962
v -0.09457924216985703 0.06601975113153458 1.0157251358032227
v 0.004075231030583382 0.06256908178329468 0.9679102897644043
v 0.10508951544761658 0.06660061329603195 1.0262503623962402
v 0.19975565373897552 0.06494788080453873 1.0161393880844116
v -0.23223581910133362 0.06734587252140045 1.0320407152175903
v -0.13548947870731354 0.06948990374803543 1.034090518951416
v -0.03291899338364601 0.06370573490858078 0.971161961555481
v 0.0626140758395195 0.06475444883108139 0.9926986694335938
v 0.16114990413188934 0.06663751602172852 1.0189019441604614
v 0.2589786648750305 0.06671927869319916 1.0089811086654663
v -0.17167548835277557 0.06999873369932175 1.0337378978729248
v -0.07109633088111877 0.06601326912641525 0.9897558689117432
v 0.023318760097026825 0.06469382345676422 0.9718359112739563
v 0.12450487911701202 0.06895280629396439 1.0239086151123047
v 0.22098003327846527 0.06678974628448486 1.0148948431015015
v -0.21132482588291168 0.06987988948822021 1.033044695854187
v -0.116580069065094 0.07155367732048035 1.0390793085098267
v -0.013371461071074009 0.06553594022989273 0.9680064916610718
v 0.08749446272850037 0.06963115185499191 1.0309007167816162
v 0.1811974197626114 0.06818003952503204 1.0162568092346191
v -0.2513042390346527 0.07095170021057129 1.0298784971237183
v -0.1519109457731247 0.07224344462156296 1.0325011014938354
v -0.05043154954910278 0.0670904889702797 0.9770854115486145
v 0.04333362728357315 0.06694141030311584 0.9801283478736877
v 0.14383192360401154 0.070334292948246 1.0215634107589722
v 0.24110153317451477 0.06927675008773804 1.0119696855545044
v -0.19033381342887878 0.07286860048770905 1.033841848373413
v -0.0922999233007431 0.07082415372133255 1.013696551322937
v 0.006128523498773575 0.0674852803349495 0.9688040614128113
v 0.10697142034769058 0.07170917093753815 1.0257689952850342
v 0.20206157863140106 0.0698729082942009 1.0150419473648071
v -0.23006995022296906 0.07272492349147797 1.0317857265472412
v -0.13336768746376038 0.07460715621709824 1.0343921184539795
v -0.03099288046360016 0.06855315715074539 0.9709318280220032
v 0.06508824974298477 0.07010407000780106 0.9967940449714661
v 0.16311074793338776 0.07154382765293121 1.0183206796646118
v 0.26246291399002075 0.07215060293674469 1.0083025693893433
v -0.1696835309267044 0.0750911757349968 1.0334504842758179
v -0.06900350004434586 0.07080990076065063 0.9887435436248779
v 0.02529652789235115 0.06966499239206314 0.97328782081604
v 0.12644840776920319 0.07397221028804779 1.0234973430633545
v 0.22298096120357513 0.07172565907239914 1.013911485671997
v -0.20919661223888397 0.07511425763368607 1.0327333211898804
v -0.11443274468183517 0.07667428255081177 1.0391101837158203
v -0.011492524296045303 0.07041475921869278 0.9683499336242676
v 0.08950302749872208 0.07472804188728333 1.0293688774108887
v 0.1834278255701065 0.07315821200609207 1.015955924987793
v -0.24896633625030518 0.07618962228298187 1.0295404195785522
v -0.14993776381015778 0.0774017795920372 1.0324708223342896
v -0.0485382080078125 0.07190448045730591 0.9765760898590088
v 0.045571219176054 0.07216960936784744 0.9828809499740601
v 0.14569154381752014 0.07525823265314102 1.0210057497024536
v 0.2429504245519638 0.07423411309719086 1.0112553834915161
v -0.18820784986019135 0.07795938849449158 1.0334932804107666
v -0.09004081040620804 0.07574208825826645 1.0121562480926514
v 0.008135218173265457 0.0724828764796257 0.9699113368988037
v 0.10877607017755508 0.07685085386037827 1.0253143310546875
v 0.2044113427400589 0.07488320767879486 1.0143706798553467
v -0.22784045338630676 0.07803770899772644 1.031325340270996
v -0.1312427669763565 0.07974377274513245 1.034654974937439
v -0.029055418446660042 0.07348262518644333 0.9709205627441406
v 0.06765072792768478 0.07567321509122849 1.001907467842102
v 0.1651986539363861 0.07655759900808334 1.017770767211914
v -0.2769107520580292 0.08155301958322525 1.0268733501434326
v -0.16769535839557648 0.08018995076417923 1.0331193208694458
v -0.06701148301362991 0.07570341229438782 0.988010823726654
v 0.02734808251261711 0.07468945533037186 0.9749539494514465
v 0.12828677892684937 0.07901949435472488 1.0230764150619507
v 0.22496172785758972 0.0767570361495018 1.0129255056381226
v -0.20699714124202728 0.08028918504714966 1.0323237180709839
v -0.111989825963974 0.0813288614153862 1.039089560508728
v -0.009630494751036167 0.07534924149513245 0.9690784215927124
v 0.09149474650621414 0.07988197356462479 1.0280698537826538
v 0.18579833209514618 0.07836214452981949 1.015557885169983
v -0.24662581086158752 0.08141563087701797 1.028867483139038
v -0.1478966474533081 0.08260710537433624 1.0323498249053955
v -0.046662937849760056 0.07683183997869492 0.9763863682746887
v 0.047855447977781296 0.07753531634807587 0.986269474029541
v 0.14762239158153534 0.08031627535820007 1.020423412322998
v 0.24496015906333923 0.07928381115198135 1.0106556415557861
v -0.18608994781970978 0.08307018131017685 1.03307044506073
v -0.08808233588933945 0.08099593967199326 1.0113712549209595
v 0.010100658051669598 0.07750143855810165 0.9713153839111328
v 0.11056094616651535 0.08209004998207092 1.024847388267517
v 0.20675911009311676 0.0799882709980011 1.0135912895202637
v -0.22553957998752594 0.08333064615726471 1.0306463241577148
v -0.1291400045156479 0.08483561128377914 1.0347118377685547
v -0.027145180851221085 0.07846006006002426 0.9710273146629333
v 0.07055361568927765 0.08150479197502136 1.0089998245239258
v 0.16746795177459717 0.08173546940088272 1.0175291299819946
v -0.26876047253608704 0.08660273253917694 1.0264686346054077
v -0.16570159792900085 0.08537266403436661 1.0328097343444824
v -0.06506910175085068 0.0807400718331337 0.9877357482910156
v 0.02945568971335888 0.07972795516252518 0.9771283268928528
v 0.13013337552547455 0.08408772945404053 1.0226850509643555
v 0.22697904706001282 0.081914022564888 1.0120346546173096
v -0.20475979149341583 0.0855039656162262 1.0318822860717773
v -0.11012490838766098 0.08697539567947388 1.038645625114441
v -0.007747787982225418 0.08035196363925934 0.9702302813529968
v 0.09323542565107346 0.08508546650409698 1.0272197723388672
v 0.18822775781154633 0.08359380811452866 1.0151909589767456
v -0.2443246692419052 0.08662816137075424 1.0281548500061035
v -0.14575831592082977 0.08770150691270828 1.032179594039917
v -0.04478119686245918 0.08186520636081696 0.9767107367515564
v 0.05017849802970886 0.08295132219791412 0.9902589917182922
v 0.1496073603630066 0.0853109285235405 1.019907832145691
v 0.24705372750759125 0.08429449051618576 1.0101369619369507
v -0.1840498298406601 0.08826867491006851 1.0327495336532593
v -0.08610561490058899 0.08631566166877747 1.0119324922561646
v 0.012013041414320469 0.08252338320016861 0.9732270240783691
v 0.11238791793584824 0.08720364421606064 1.0244019031524658
v 0.20901542901992798 0.08510345965623856 1.013022541999817
v -0.2232576459646225 0.08858892321586609 1.0299525260925293
v -0.12708696722984314 0.08993969857692719 1.0347381830215454
v -0.025312259793281555 0.08348370343446732 0.9723493456840515
v 0.07346712052822113 0.0874597579240799 1.0188606977462769
v 0.16977721452713013 0.086800716817379 1.0172624588012695
v -0.2650121748447418 0.09131871908903122 1.025830626487732
v -0.1636100858449936 0.09056951105594635 1.0328625440597534
v -0.06319482624530792 0.08589911460876465 0.9881522059440613
v 0.031619150191545486 0.08488796651363373 0.9801958799362183
v 0.13197959959506989 0.08906020224094391 1.0223841667175293
v 0.2289995402097702 0.08705323189496994 1.0113074779510498
v -0.20258349180221558 0.09084053337574005 1.031487226486206
v -0.10803169012069702 0.09219704568386078 1.038313388824463
v -0.005851013585925102 0.08535981178283691 0.9718278050422668
v 0.09490814059972763 0.09029749780893326 1.0266257524490356
v 0.19058692455291748 0.08880705386400223 1.0148508548736572
v -0.24206337332725525 0.09191384166479111 1.0274697542190552
v -0.1435595601797104 0.09278950840234756 1.0318603515625
v -0.04294879734516144 0.08694534003734589 0.9777065515518188
v 0.05254640802741051 0.08840717375278473 0.9951108694076538
v 0.15166325867176056 0.09031949192285538 1.0195082426071167
v 0.2492481768131256 0.08930089324712753 1.0096858739852905
v -0.1818733811378479 0.09358803927898407 1.0324515104293823
v -0.0841648280620575 0.0918666422367096 1.0137927532196045
v 0.013917061500251293 0.08754854649305344 0.9756501317024231
v 0.11420811712741852 0.09225090593099594 1.0240063667297363
v 0.21122796833515167 0.09022340923547745 1.0125190019607544
v -0.22099784016609192 0.09388644993305206 1.0292251110076904
v -0.1250113844871521 0.09507346898317337 1.0346097946166992
v -0.023510519415140152 0.08855640143156052 0.9737931489944458
v 0.07726982235908508 0.09407954663038254 1.029911756515503
v 0.17210263013839722 0.09201911836862564 1.017038345336914
v -0.26220062375068665 0.09619159996509552 1.0246264934539795
v -0.16146507859230042 0.0958700105547905 1.032551646232605
v -0.061371076852083206 0.09108895063400269 0.9893876314163208
v 0.033786796033382416 0.0900803655385971 0.9837586879730225
v 0.13385629653930664 0.09409822523593903 1.022110104560852
v 0.23114566504955292 0.09232676029205322 1.0106701850891113
v -0.20040591061115265 0.09628522396087646 1.031103491783142
v -0.1057424321770668 0.0975431352853775 1.0379438400268555
v -0.0039665913209319115 0.09041083604097366 0.9739919900894165
v 0.09664743393659592 0.09547337144613266 1.0261355638504028
v 0.19291214644908905 0.09406594932079315 1.0144107341766357
v -0.23985691368579865 0.09726540744304657 1.0267022848129272
v -0.14127130806446075 0.09788432717323303 1.0316693782806396
v -0.04122922942042351 0.09203867614269257 0.9793478846549988
v 0.05501088500022888 0.09399764984846115 1.0009008646011353
v 0.15381360054016113 0.09544329345226288 1.0191929340362549
v 0.25153088569641113 0.09449122846126556 1.0092415809631348
v -0.1797015219926834 0.09904991835355759 1.032179832458496
v -0.08245713263750076 0.09746100753545761 1.0164262056350708
v 0.015823857858777046 0.09262260049581528 0.9785550236701965
v 0.11605025082826614 0.09726817905902863 1.0236232280731201
v 0.21343933045864105 0.09549446403980255 1.0121126174926758
v -0.21880678832530975 0.09929434210062027 1.0285944938659668
v -0.12281643599271774 0.10026998817920685 1.0343363285064697
v -0.0217143427580595 0.09365590661764145 0.9756742715835571
v 0.07899655401706696 0.0990561842918396 1.0287935733795166
v 0.17447589337825775 0.09734559059143066 1.0168627500534058
v -0.2596803903579712 0.10110033303499222 1.0236504077911377
v -0.15923407673835754 0.10114313662052155 1.032287836074829
v -0.0595720149576664 0.0963708832859993 0.9915706515312195
v 0.036036357283592224 0.0954592153429985 0.9880532622337341
v 0.13579830527305603 0.09911332279443741 1.0219175815582275
v 0.23332804441452026 0.09759591519832611 1.010209560394287
v -0.19830800592899323 0.10187694430351257 1.0308592319488525
v -0.10342952609062195 0.10270029306411743 1.0374678373336792
v -0.0020622985903173685 0.09559686481952667 0.9767623543739319
v 0.09835211932659149 0.10057925432920456 1.0256695747375488
v 0.19517017900943756 0.09932007640600204 1.0141576528549194
v -0.23776160180568695 0.10269872099161148 1.0264943838119507
v -0.13904200494289398 0.10294262319803238 1.0314834117889404
v -0.03957511484622955 0.09722623974084854 0.9816467761993408
v 0.05780012533068657 0.09999534487724304 1.0083861351013184
v 0.1559908241033554 0.10055737942457199 1.0190366506576538
v 0.2537907063961029 0.09967704117298126 1.00884211063385
v -0.17745700478553772 0.10440149903297424 1.032105565071106
v -0.0805777758359909 0.10320984572172165 1.0230393409729004
v 0.01778661087155342 0.09789061546325684 0.9820104837417603
v 0.1178245022892952 0.10225363075733185 1.0233138799667358
v 0.21559110283851624 0.100777767598629 1.0119147300720215
v -0.2167409062385559 0.10489080101251602 1.0282325744628906
v -0.12049845606088638 0.10539580881595612 1.0340415239334106
v -0.019933810457587242 0.09883201867341995 0.9782059788703918
v 0.08066298067569733 0.10424848645925522 1.0275688171386719
v 0.17675469815731049 0.10255571454763412 1.0164310932159424
v -0.25728359818458557 0.10614120215177536 1.0228557586669922
v -0.1570347100496292 0.10638396441936493 1.0321060419082642
v -0.05778809264302254 0.10181484371423721 0.9946697354316711
v 0.038415614515542984 0.10103234648704529 0.9934514760971069
v 0.13781315088272095 0.1041102483868599 1.0218679904937744
v 0.23551426827907562 0.10282424837350845 1.0098719596862793
v -0.19625261425971985 0.10752822458744049 1.0307241678237915
v -0.10118001699447632 0.10800869762897491 1.0367810726165771
v -0.00015696065383963287 0.1009027361869812 0.9798156023025513
v 0.10003765672445297 0.10565808415412903 1.0251688957214355
v 0.19739225506782532 0.10457878559827805 1.0139915943145752
v -0.2356795221567154 0.10816971957683563 1.0259981155395508
v -0.13681159913539886 0.10798947513103485 1.0312800407409668
v -0.037956565618515015 0.1025305911898613 0.9847234487533569
v 0.062378570437431335 0.10798049718141556 1.0278533697128296
v 0.15813596546649933 0.1057535782456398 1.0189614295959473
v 0.25599023699760437 0.10488428920507431 1.0083709955215454
v -0.17528514564037323 0.1098698303103447 1.0324434041976929
v -0.08009598404169083 0.11055398732423782 1.0363564491271973
v 0.019805215299129486 0.10332084447145462 0.9862664341926575
v 0.11966806650161743 0.10735882818698883 1.02303946018219
v 0.21774284541606903 0.10618466883897781 1.0116938352584839
v -0.21468614041805267 0.11054551601409912 1.0280760526657104
v -0.11820808798074722 0.110518679022789 1.0336438417434692
v -0.018203066661953926 0.10407616198062897 0.9815033674240112
v 0.08243753761053085 0.10939745604991913 1.026766300201416
v 0.17903408408164978 0.10787360370159149 1.0162800550460815
v -0.25492411851882935 0.11123604327440262 1.0225722789764404
v -0.1547548472881317 0.11160672456026077 1.0316205024719238
v -0.056028641760349274 0.10749311000108719 0.9991288781166077
v 0.040877021849155426 0.10686641931533813 0.9998190402984619
v 0.13990484178066254 0.10919798165559769 1.0218019485473633
v 0.23771682381629944 0.10808998346328735 1.009636402130127
v -0.1942690759897232 0.11320618540048599 1.0306178331375122
v -0.09887614101171494 0.11315859109163284 1.035932183265686
v 0.0017576857935637236 0.10638692229986191 0.9838787317276001
v 0.10184422135353088 0.11080541461706161 1.0246312618255615
v 0.1996462196111679 0.10998693108558655 1.013827919960022
v -0.23362499475479126 0.11366484314203262 1.0253206491470337
v -0.1346372365951538 0.11303302645683289 1.0311036109924316
v -0.03634162247180939 0.10798125714063644 0.9886434674263
v 0.06406785547733307 0.11280947178602219 1.028455376625061
v 0.1602686196565628 0.11101885139942169 1.018842101097107
v 0.2581638991832733 0.11013241112232208 1.0078942775726318
v -0.17311757802963257 0.11524765938520432 1.032351016998291
v -0.07741686701774597 0.1153835579752922 1.0357967615127563
v 0.021913135424256325 0.10901311039924622 0.9914059042930603
v 0.12164861708879471 0.11255218088626862 1.0228302478790283
v 0.21984946727752686 0.11159145087003708 1.0115069150924683
v -0.21265123784542084 0.11616253107786179 1.028086543083191
v -0.11594609916210175 0.11561610549688339 1.0332000255584717
v -0.016456786543130875 0.10952740907669067 0.9858114719390869
v 0.0842735543847084 0.11449366807937622 1.026144027709961
v 0.18135502934455872 0.11322352290153503 1.016553521156311
v -0.25261810421943665 0.1163787692785263 1.0225212574005127
v -0.15250754356384277 0.1168031394481659 1.0315247774124146
v -0.05440753325819969 0.11368279904127121 1.0061630010604858
v 0.04337581619620323 0.1130794957280159 1.007568597793579
v 0.14208891987800598 0.11428505182266235 1.0217236280441284
v 0.2397453784942627 0.1133570671081543 1.0096137523651123
v -0.19212190806865692 0.11871173977851868 1.0306459665298462
v -0.09664088487625122 0.11833754926919937 1.0353060960769653
v 0.003674384905025363 0.1120159924030304 0.9889075756072998
v 0.10367212444543839 0.11588116735219955 1.024118185043335
v 0.201777845621109 0.11527583003044128 1.0138109922409058
v -0.23158663511276245 0.11908341944217682 1.0252392292022705
v -0.13248437643051147 0.11812697350978851 1.0309820175170898
v -0.03460300713777542 0.11387886106967926 0.9941630959510803
v 0.06604168564081192 0.11794419586658478 1.0273282527923584
v 0.16238027811050415 0.11617110669612885 1.0186339616775513
v 0.2603907585144043 0.11531106382608414 1.0078628063201904
v -0.17105954885482788 0.12052774429321289 1.0324455499649048
v -0.0746961236000061 0.12054713070392609 1.034595012664795
v 0.024161446839571 0.11494961380958557 0.9978052377700806
v 0.12354455143213272 0.11770328134298325 1.0227363109588623
v 0.22184225916862488 0.11695214360952377 1.0114829540252686
v -0.21063898503780365 0.12172744423151016 1.028271198272705
v -0.11376264691352844 0.12068498134613037 1.0327439308166504
v -0.014613411389291286 0.11540286988019943 0.9917342066764832
v 0.08612591028213501 0.11950312554836273 1.0256291627883911
v 0.18352468311786652 0.11842606216669083 1.0163830518722534
v -0.25031185150146484 0.1215623989701271 1.0225868225097656
v -0.15032686293125153 0.1219727024435997 1.03154456615448
v -0.05272035673260689 0.12024441361427307 1.0169252157211304
v 0.04594478756189346 0.11979468911886215 1.018671989440918
v 0.1442430168390274 0.11944150924682617 1.0215518474578857
v 0.24167929589748383 0.11858412623405457 1.0098209381103516
v -0.18997864425182343 0.1241476982831955 1.030748724937439
v -0.09428107738494873 0.12344169616699219 1.0346571207046509
v 0.005665834527462721 0.11798597872257233 0.9953262805938721
v 0.105549655854702 0.12093549966812134 1.0236616134643555
v 0.20389626920223236 0.12060444056987762 1.0138593912124634
v -0.22953757643699646 0.12449604272842407 1.0253760814666748
v -0.1305065006017685 0.12322365492582321 1.0308752059936523
v -0.032853350043296814 0.12036332488059998 1.0040290355682373
v 0.06797351688146591 0.1230902448296547 1.026563048362732
v 0.1644946187734604 0.12136868387460709 1.0183753967285156
v 0.2640076279640198 0.12100663781166077 1.008194088935852
v -0.16900798678398132 0.12584461271762848 1.0324993133544922
v -0.07222697883844376 0.125788152217865 1.0334017276763916
v 0.026552533730864525 0.12135006487369537 1.0059621334075928
v 0.12559586763381958 0.12293069064617157 1.0226229429244995
v 0.22383852303028107 0.1222890242934227 1.0114206075668335
v -0.20868153870105743 0.1272648721933365 1.0285016298294067
v -0.11160273849964142 0.1257300227880478 1.0322818756103516
v -0.012613960541784763 0.1218857690691948 1.0008453130722046
v 0.08800682425498962 0.12453944236040115 1.0250972509384155
v 0.185697540640831 0.12381274253129959 1.0161863565444946
v -0.24814409017562866 0.12673448026180267 1.02275550365448
v -0.1483161747455597 0.12714853882789612 1.03170645236969
v -0.05170999839901924 0.12789392471313477 1.0322428941726685
v 0.049028921872377396 0.126678928732872 1.028403878211975
v 0.14637403190135956 0.12463799118995667 1.0212234258651733
v 0.24359199404716492 0.1238812580704689 1.0101195573806763
v -0.18786464631557465 0.12948361039161682 1.0308328866958618
v -0.09170284867286682 0.12864382565021515 1.033971905708313
v 0.007942485623061657 0.12453243881464005 1.004913091659546
v 0.10756315290927887 0.12602035701274872 1.023240327835083
v 0.2059755176305771 0.12594519555568695 1.013872504234314
v -0.2274680733680725 0.1298772543668747 1.025583267211914
v -0.1285562962293625 0.1283731609582901 1.030791997909546
v -0.030602050945162773 0.12731122970581055 1.0199345350265503
v 0.06990700215101242 0.12821373343467712 1.025976538658142
v 0.16670013964176178 0.1266765296459198 1.0182886123657227
v -0.2725708484649658 0.13049139082431793 1.0177433490753174
v -0.16698090732097626 0.13115504384040833 1.032599925994873
v -0.07000789046287537 0.13094240427017212 1.0327633619308472
v 0.02915857918560505 0.12835557758808136 1.0192888975143433
v 0.12770894169807434 0.12813222408294678 1.0224887132644653
v 0.22576837241649628 0.12758970260620117 1.0113710165023804
v -0.20659767091274261 0.13263510167598724 1.0287299156188965
v -0.10942497849464417 0.13084344565868378 1.0318821668624878
v -0.010481765493750572 0.12887707352638245 1.0150467157363892
v 0.08992189168930054 0.12949854135513306 1.024501085281372
v 0.18783000111579895 0.12916989624500275 1.015966534614563
v -0.2459692507982254 0.131865993142128 1.0229527950286865
v -0.14635716378688812 0.13238462805747986 1.0319513082504272
v -0.04969136044383049 0.13272908329963684 1.0314468145370483
v 0.05099775642156601 0.13160637021064758 1.0278452634811401
v 0.1483638435602188 0.12975722551345825 1.0207432508468628
v 0.2454010546207428 0.12910901010036469 1.0104211568832397
v -0.1857798844575882 0.13468395173549652 1.0310146808624268
v -0.08910384774208069 0.13378393650054932 1.0332188606262207
v 0.010435069911181927 0.1317373514175415 1.0197752714157104
v 0.10953827947378159 0.13109354674816132 1.0229641199111938
v 0.20792913436889648 0.1311773955821991 1.013924479484558
v -0.2252798080444336 0.13516904413700104 1.0258915424346924
v -0.12669889628887177 0.1336093246936798 1.0307817459106445
v -0.029035024344921112 0.13480760157108307 1.0315587520599365
v 0.07189927250146866 0.13319151103496552 1.0253114700317383
v 0.16889962553977966 0.13178329169750214 1.0178245306015015
v -0.26720568537712097 0.13466736674308777 1.0195494890213013
v -0.16496513783931732 0.13641996681690216 1.0324479341506958
v -0.067876435816288 0.1360531449317932 1.0321674346923828
v 0.03190793842077255 0.13534623384475708 1.0285052061080933
v 0.12977898120880127 0.13327628374099731 1.0223749876022339
v 0.22759322822093964 0.1327630877494812 1.011223316192627
v -0.20446059107780457 0.13783204555511475 1.0290005207061768
v -0.1071176528930664 0.13605451583862305 1.031545877456665
v -0.008143004961311817 0.13665065169334412 1.0296835899353027
v 0.091780886054039 0.13446667790412903 1.023878574371338
v 0.18991336226463318 0.13441745936870575 1.0154510736465454
v -0.24379628896713257 0.13705141842365265 1.0232412815093994
v -0.14449596405029297 0.13770805299282074 1.0321624279022217
v -0.04761306941509247 0.13781540095806122 1.0305768251419067
v 0.05302470177412033 0.1366584151983261 1.0269832611083984
v 0.15027062594890594 0.13481508195400238 1.0201557874679565
v 0.24726057052612305 0.13435111939907074 1.0105232000350952
v -0.18365922570228577 0.13984160125255585 1.0312306880950928
v -0.08649304509162903 0.138960599899292 1.0324170589447021
v 0.012786141596734524 0.13876792788505554 1.0285321474075317
v 0.11154378950595856 0.13624237477779388 1.0227688550949097
v 0.20990481972694397 0.13635849952697754 1.0138884782791138
v -0.22300304472446442 0.14041155576705933 1.0263229608535767
v -0.12486996501684189 0.1389850676059723 1.0307470560073853
v -0.02680954523384571 0.1397051215171814 1.0296005010604858
v 0.07381989806890488 0.13818565011024475 1.024520754814148
v 0.17114323377609253 0.13694548606872559 1.0173530578613281
v -0.26415175199508667 0.13954955339431763 1.0203330516815186
v -0.16295810043811798 0.14171694219112396 1.0326340198516846
v -0.06569556146860123 0.1410832703113556 1.0314730405807495
v 0.03370517119765282 0.14023515582084656 1.027557611465454
v 0.13188795745372772 0.13835133612155914 1.0221812725067139
v 0.2294594794511795 0.13796542584896088 1.0109933614730835
v -0.2022782266139984 0.14293073117733002 1.0292868614196777
v -0.10483315587043762 0.14137780666351318 1.031132698059082
v -0.006306796334683895 0.14176379144191742 1.0286891460418701
v 0.09372050315141678 0.13949264585971832 1.0232599973678589
v 0.19201147556304932 0.1396600753068924 1.0152837038040161
v -0.24159282445907593 0.14230817556381226 1.0235371589660645
v -0.1426626443862915 0.1430908739566803 1.032307744026184
v -0.045702360570430756 0.14302143454551697 1.0299931764602661
v 0.054945386946201324 0.14169086515903473 1.02604341506958
v 0.15226143598556519 0.13995075225830078 1.0198129415512085
v 0.24922841787338257 0.13961470127105713 1.0103225708007812
v -0.18152570724487305 0.14497578144073486 1.0314635038375854
v -0.08389696478843689 0.14409446716308594 1.0315383672714233
v 0.014857206493616104 0.14372968673706055 1.0275311470031738
v 0.1136312410235405 0.14145059883594513 1.0226528644561768
v 0.2118815779685974 0.1415061205625534 1.0137567520141602
v -0.22071783244609833 0.14556924998760223 1.0267974138259888
v -0.12299931794404984 0.14440403878688812 1.030713677406311
v -0.024792084470391273 0.14476199448108673 1.0289267301559448
v 0.07572736591100693 0.14313876628875732 1.023641586303711
v 0.17328539490699768 0.14209593832492828 1.0165053606033325
v -0.2615106999874115 0.14453920722007751 1.0206618309020996
v -0.16092145442962646 0.1469469666481018 1.032795786857605
v -0.06351582705974579 0.14603736996650696 1.0307166576385498
v 0.03554946929216385 0.14511516690254211 1.0269057750701904
v 0.13394273817539215 0.1433349996805191 1.021902322769165
v 0.23128892481327057 0.14309170842170715 1.0106003284454346
v -0.20010676980018616 0.14794009923934937 1.0295679569244385
v -0.10251542925834656 0.1466844379901886 1.0306507349014282
v -0.004365862812846899 0.1467725932598114 1.0281040668487549
v 0.09566272050142288 0.14456690847873688 1.0227844715118408
v 0.1940392553806305 0.14474759995937347 1.0151448249816895
v -0.23938888311386108 0.14762279391288757 1.0239872932434082
v -0.1408529281616211 0.14836814999580383 1.0324397087097168
v -0.0437072329223156 0.14807410538196564 1.029414415359497
v 0.05694732815027237 0.14657768607139587 1.024984359741211
v 0.15417756140232086 0.145047128200531 1.0191621780395508
v 0.2512831687927246 0.14484940469264984 1.0097403526306152
v -0.17940078675746918 0.1500461995601654 1.031723976135254
v -0.0814332440495491 0.14917993545532227 1.0307378768920898
v 0.016831396147608757 0.1486525684595108 1.0269120931625366
v 0.11572672426700592 0.1466265171766281 1.0226349830627441
v 0.2137497216463089 0.14650115370750427 1.0135352611541748
v -0.21849799156188965 0.15067018568515778 1.027303695678711
v -0.12090116739273071 0.14981703460216522 1.0306180715560913
v -0.022775184363126755 0.14989516139030457 1.0283682346343994
v 0.07755855470895767 0.14810563623905182 1.0228276252746582
v 0.17539694905281067 0.14727027714252472 1.016048550605774
v -0.25892874598503113 0.14962738752365112 1.0210529565811157
v -0.15885920822620392 0.15209193527698517 1.0329720973968506
v -0.061396803706884384 0.15093092620372772 1.0298330783843994
v 0.03747327998280525 0.1499233841896057 1.026012659072876
v 0.13591793179512024 0.14836128056049347 1.0215625762939453
v 0.23312588036060333 0.1481935679912567 1.0102903842926025
v -0.19796879589557648 0.15289944410324097 1.029915452003479
v -0.10019999742507935 0.15197566151618958 1.0301395654678345
v -0.002531424630433321 0.15181180834770203 1.0274839401245117
v 0.09762059152126312 0.1496986597776413 1.0224496126174927
v 0.1961025446653366 0.14974558353424072 1.0150458812713623
v -0.23714067041873932 0.15292568504810333 1.0245823860168457
v -0.13898390531539917 0.1535867601633072 1.0325071811676025
v -0.04159458354115486 0.15311262011528015 1.0286781787872314
v 0.058896515518426895 0.15148982405662537 1.0238515138626099
v 0.15614522993564606 0.15012508630752563 1.017737865447998
v 0.2533705234527588 0.15008345246315002 1.0085395574569702
v -0.17725257575511932 0.1550983041524887 1.0319486856460571
v -0.07907550036907196 0.15424391627311707 1.0299334526062012
v 0.01872672140598297 0.15352831780910492 1.0261461734771729
v 0.11782136559486389 0.15179719030857086 1.0226171016693115
v 0.2156839519739151 0.1515834480524063 1.0132547616958618
v -0.21636879444122314 0.15570056438446045 1.0278326272964478
v -0.11872037500143051 0.15517254173755646 1.0303784608840942
v -0.020800361409783363 0.15492697060108185 1.0275994539260864
v 0.07942070811986923 0.15313424170017242 1.0220776796340942
v 0.17758575081825256 0.15245042741298676 1.0155963897705078
v -0.25640636682510376 0.15489639341831207 1.0213044881820679
v -0.1568344533443451 0.15717673301696777 1.0330548286437988
v -0.059263184666633606 0.1559438556432724 1.028949499130249
v 0.03938635066151619 0.15474922955036163 1.0249218940734863
v 0.13798888027668 0.15345364809036255 1.0210907459259033
v 0.23517538607120514 0.1532299518585205 1.0098581314086914
v -0.19581075012683868 0.1578093022108078 1.030256748199463
v -0.09783361852169037 0.15724003314971924 1.0294971466064453
v -0.000802386028226465 0.1567874252796173 1.0266705751419067
v 0.09962601959705353 0.15491385757923126 1.0221821069717407
v 0.198215514421463 0.15474529564380646 1.0149399042129517
v -0.2348337471485138 0.15808288753032684 1.0252021551132202
v -0.13701385259628296 0.15877148509025574 1.0324628353118896
v -0.03942696377635002 0.15803764760494232 1.0278151035308838
v 0.060835544019937515 0.15645690262317657 1.0227540731430054
v 0.15832746028900146 0.15535219013690948 1.0169546604156494
v 0.2554168105125427 0.15522469580173492 1.0069308280944824
v -0.1750967800617218 0.16011948883533478 1.032104253768921
v -0.07681408524513245 0.15926294028759003 1.0291180610656738
v 0.02056049183011055 0.15829551219940186 1.0252844095230103
v 0.11994030326604843 0.15689891576766968 1.0224837064743042
v 0.2175910472869873 0.156618133187294 1.0128952264785767
v -0.21432745456695557 0.16066385805606842 1.0282822847366333
v -0.11649347096681595 0.16041184961795807 1.0300077199935913
v -0.018867196515202522 0.15982741117477417 1.0267462730407715
v 0.08129208534955978 0.1582251340150833 1.0214693546295166
v 0.17967809736728668 0.15760459005832672 1.015336513519287
v -0.25394538044929504 0.16012823581695557 1.0215582847595215
v -0.15480782091617584 0.16218402981758118 1.0331703424453735
v -0.05715535581111908 0.1609048694372177 1.028178095817566
v 0.04131371155381203 0.15957112610340118 1.0238374471664429
v 0.1400536447763443 0.1585898995399475 1.0205100774765015
v 0.2369549572467804 0.15813341736793518 1.0094510316848755
v -0.19361449778079987 0.16273826360702515 1.0305569171905518
v -0.09554704278707504 0.1623448133468628 1.0288705825805664
v 0.0010681395651772618 0.16161638498306274 1.025827169418335
v 0.1016131266951561 0.16012704372406006 1.0220341682434082
v 0.20018376410007477 0.15964964032173157 1.0149261951446533
v -0.2325826734304428 0.16320174932479858 1.0258054733276367
v -0.13493065536022186 0.1638898104429245 1.0323796272277832
v -0.037258800119161606 0.16287901997566223 1.026931643486023
v 0.06271714717149734 0.1614643782377243 1.0219266414642334
v 0.16053040325641632 0.16056759655475616 1.016435146331787
v 0.25751399993896484 0.16019438207149506 1.0048919916152954
v -0.17292962968349457 0.16509830951690674 1.0322781801223755
v -0.07462655752897263 0.1641685515642166 1.0284119844436646
v 0.022472888231277466 0.16302496194839478 1.0243772268295288
v 0.1219807043671608 0.162029430270195 1.0222641229629517
v 0.21942655742168427 0.1615844964981079 1.012698769569397
v -0.21228846907615662 0.1655430942773819 1.028749942779541
v -0.11427692323923111 0.16556330025196075 1.0296058654785156
v -0.016892505809664726 0.16461734473705292 1.0258314609527588
v 0.08314689993858337 0.16332632303237915 1.021101713180542
v 0.18169091641902924 0.16274988651275635 1.0152536630630493
v -0.25143328309059143 0.1652773916721344 1.0218418836593628
v -0.15273617208003998 0.16718007624149323 1.0332547426223755
v -0.055043380707502365 0.16583780944347382 1.0274947881698608
v 0.0433477982878685 0.16450752317905426 1.0228991508483887
v 0.1421223133802414 0.16374467313289642 1.0198442935943604
v 0.23874232172966003 0.16297198832035065 1.0088979005813599
v -0.1913403570652008 0.16765083372592926 1.0308175086975098
v -0.09322794526815414 0.1673867404460907 1.028210163116455
v 0.003069002414122224 0.16640889644622803 1.024936318397522
v 0.10358881950378418 0.16533811390399933 1.021913766860962
v 0.20212021470069885 0.16465909779071808 1.0150258541107178
v -0.2303750216960907 0.16820122301578522 1.026422142982483
v -0.13274599611759186 0.1690150797367096 1.0322035551071167
v -0.03509274497628212 0.16772694885730743 1.0260674953460693
v 0.06469074636697769 0.16652804613113403 1.0212714672088623
v 0.16282866895198822 0.1658027470111847 1.0160057544708252
v 0.25953057408332825 0.16516028344631195 1.002912163734436
v -0.17069868743419647 0.17005236446857452 1.032432198524475
v -0.07247570157051086 0.16909317672252655 1.0276355743408203
v 0.024545714259147644 0.1678306609392166 1.0234789848327637
v 0.12403952330350876 0.167165607213974 1.021773099899292
v 0.2213374674320221 0.16646921634674072 1.0125185251235962
v -0.2101796418428421 0.17033042013645172 1.0291962623596191
v -0.1119881197810173 0.17068776488304138 1.0291035175323486
v -0.014872235246002674 0.1694672852754593 1.0250563621520996
v 0.08508287370204926 0.1684543490409851 1.0208383798599243
v 0.18389852344989777 0.16792556643486023 1.0152734518051147
v -0.24885553121566772 0.17023839056491852 1.0220181941986084
v -0.15065087378025055 0.17218920588493347 1.0332815647125244
v -0.052885834127664566 0.17079101502895355 1.0267269611358643
v 0.04558202624320984 0.16957861185073853 1.0220839977264404
v 0.14437507092952728 0.16899487376213074 1.0192005634307861
v 0.24063919484615326 0.16783639788627625 1.0080678462982178
v -0.18901857733726501 0.1725618839263916 1.0310795307159424
v -0.09091652184724808 0.1724182516336441 1.0275346040725708
v 0.0051288907416164875 0.17119668424129486 1.0241719484329224
v 0.10561925917863846 0.17043644189834595 1.0216622352600098
v 0.20412619411945343 0.16966958343982697 1.0153138637542725
v -0.2282683253288269 0.17308470606803894 1.0268725156784058
v -0.13047707080841064 0.1741311252117157 1.0319334268569946
v -0.032945577055215836 0.17261143028736115 1.0254077911376953
v 0.0667380690574646 0.17160798609256744 1.0207499265670776
v 0.16516587138175964 0.17104068398475647 1.015805721282959
v 0.26274755597114563 0.17074187099933624 1.0005700588226318
v -0.1684907078742981 0.1750240921974182 1.0326396226882935
v -0.07033801078796387 0.17403437197208405 1.0268362760543823
v 0.02667340822517872 0.17267251014709473 1.0227898359298706
v 0.12610910832881927 0.17230404913425446 1.0210875272750854
v 0.22322826087474823 0.1712270826101303 1.0122313499450684
v -0.20801205933094025 0.1751655489206314 1.0296207666397095
v -0.1097027137875557 0.17576192319393158 1.028577208518982
v -0.012890405021607876 0.17429961264133453 1.0246212482452393
v 0.08704649657011032 0.17351321876049042 1.0206551551818848
v 0.18602845072746277 0.1730804592370987 1.0155951976776123
v -0.24637262523174286 0.1751282662153244 1.022257685661316
v -0.1485019475221634 0.17722037434577942 1.033299446105957
v -0.05079471319913864 0.17577040195465088 1.0260841846466064
v 0.047808416187763214 0.17472194135189056 1.0215389728546143
v 0.14657379686832428 0.17421573400497437 1.0186548233032227
v 0.2424454241991043 0.1726156324148178 1.0070855617523193
v -0.18672016263008118 0.1775810569524765 1.031384825706482
v -0.08864781260490417 0.1774308979511261 1.026860237121582
v 0.0071962811052799225 0.17596453428268433 1.023759365081787
v 0.10760540515184402 0.1754915863275528 1.0212621688842773
v 0.20592628419399261 0.17468196153640747 1.0157886743545532
v -0.2261892855167389 0.17795170843601227 1.0272866487503052
v -0.12824025750160217 0.17918521165847778 1.0316531658172607
v -0.030833132565021515 0.17751964926719666 1.0250548124313354
v 0.06874487549066544 0.17665158212184906 1.020485281944275
v 0.16741424798965454 0.1763090342283249 1.0158517360687256
v -0.2702499330043793 0.17900703847408295 1.0152602195739746
v -0.1662967950105667 0.18004517257213593 1.0328538417816162
v -0.06828106939792633 0.17901164293289185 1.0260807275772095
v 0.02875969558954239 0.17757220566272736 1.0223398208618164
v 0.12814654409885406 0.1773657649755478 1.0203046798706055
v 0.22510400414466858 0.17599625885486603 1.0119516849517822
v -0.2056807428598404 0.18018679320812225 1.029973030090332
v -0.10747312754392624 0.1807941347360611 1.0279731750488281
v -0.01096209604293108 0.17918232083320618 1.024395227432251
v 0.08901071548461914 0.1785886287689209 1.0205415487289429
v 0.188089981675148 0.1782701462507248 1.0160890817642212
v -0.24382609128952026 0.1800217479467392 1.0225216150283813
v -0.14627617597579956 0.18226128816604614 1.0332385301589966
v -0.04870056360960007 0.18081162869930267 1.0254727602005005
v 0.04999164491891861 0.1798001378774643 1.0211451053619385
v 0.14879266917705536 0.17947319149971008 1.0181000232696533
v 0.2442663013935089 0.17743241786956787 1.0059788227081299
v -0.18441244959831238 0.18275712430477142 1.0316332578659058
v -0.08645793050527573 0.18247747421264648 1.0261913537979126
v 0.009296705015003681 0.18082267045974731 1.0233756303787231
v 0.10967090725898743 0.18049241602420807 1.0206327438354492
v 0.20777279138565063 0.17981556057929993 1.0162556171417236
v -0.22409185767173767 0.1828833967447281 1.027596354484558
v -0.1259583979845047 0.1842108964920044 1.0312657356262207
v -0.0286407433450222 0.18260078132152557 1.0247175693511963
v 0.07077287882566452 0.1816391497850418 1.0202890634536743
v 0.169658362865448 0.18162047863006592 1.0157761573791504
v -0.2643301784992218 0.18246495723724365 1.0165132284164429
v -0.16407445073127747 0.18516866862773895 1.033035397529602
v -0.06616491824388504 0.18408414721488953 1.0253289937973022
v 0.03090278059244156 0.18252317607402802 1.0218968391418457
v 0.13029220700263977 0.18246689438819885 1.0194346904754639
v 0.22703179717063904 0.18095305562019348 1.011393427848816
v -0.20324696600437164 0.1853683739900589 1.0302120447158813
v -0.10527133196592331 0.18580397963523865 1.0273652076721191
v -0.00902816653251648 0.18418370187282562 1.0240920782089233
v 0.09107236564159393 0.18354521691799164 1.020259976387024
v 0.1901988685131073 0.18348576128482819 1.0167292356491089
v -0.24134229123592377 0.1849060207605362 1.0227490663528442
v -0.14394374191761017 0.18731746077537537 1.0330880880355835
v -0.04661836475133896 0.1859605461359024 1.0248513221740723
v 0.052170924842357635 0.1847897320985794 1.0207985639572144
v 0.1511009782552719 0.1847643405199051 1.0178630352020264
v 0.2461424022912979 0.1823575645685196 1.0046426057815552
v -0.18208417296409607 0.18795515596866608 1.0317332744598389
v -0.08426681905984879 0.18753838539123535 1.0255810022354126
v 0.011425269767642021 0.18575623631477356 1.0229939222335815
v 0.11175468564033508 0.18544894456863403 1.0197993516921997
v 0.20972473919391632 0.18498603999614716 1.0165668725967407
v -0.22195450961589813 0.18785877525806427 1.0277665853500366
v -0.12370030581951141 0.18926095962524414 1.0308172702789307
v -0.02646850422024727 0.1877334862947464 1.0243760347366333
v 0.07278546690940857 0.18656930327415466 1.020115852355957
v 0.17174313962459564 0.1868571937084198 1.0160096883773804
v -0.26071134209632874 0.1867082417011261 1.0167585611343384
v -0.1618143916130066 0.19022957980632782 1.0329140424728394
v -0.06409423798322678 0.18920503556728363 1.0247035026550293
v 0.03303639963269234 0.18752886354923248 1.0215147733688354
v 0.1323789656162262 0.1875026971101761 1.0185680389404297
v 0.2288714349269867 0.18596087396144867 1.010648250579834
v -0.20079359412193298 0.1905512809753418 1.0302578210830688
v -0.10308673977851868 0.19082710146903992 1.02683424949646
v -0.007141637150198221 0.1892104595899582 1.023902416229248
v 0.09305673837661743 0.18848073482513428 1.0197954177856445
v 0.19220417737960815 0.18866492807865143 1.0172957181930542
v -0.2390630841255188 0.18983907997608185 1.0229480266571045
v -0.14161363244056702 0.1923866868019104 1.0327552556991577
v -0.04460730403661728 0.1910591423511505 1.024251937866211
v 0.05425265058875084 0.18976588547229767 1.020583987236023
v 0.15317106246948242 0.1898748129606247 1.017293095588684
v 0.24803376197814941 0.18720994889736176 1.0034806728363037
v -0.17971086502075195 0.19305281341075897 1.0315572023391724
v -0.0821487233042717 0.19265659153461456 1.025112271308899
v 0.013533886522054672 0.1907455176115036 1.0226693153381348
v 0.11369360983371735 0.19034546613693237 1.0189716815948486
v 0.2117365002632141 0.19011564552783966 1.0166534185409546
v -0.219745934009552 0.19292353093624115 1.027819037437439
v -0.12146908789873123 0.1942412257194519 1.0303080081939697
v -0.024425316601991653 0.19283448159694672 1.0241079330444336
v 0.0747627466917038 0.1915779858827591 1.0199873447418213
v 0.1736985445022583 0.1919199377298355 1.01628839969635
v -0.25772330164909363 0.1912822425365448 1.0166231393814087
v -0.15941031277179718 0.195235013961792 1.0325366258621216
v -0.06208021938800812 0.19436898827552795 1.0242016315460205
v 0.035165272653102875 0.19258596003055573 1.021204948425293
v 0.13438908755779266 0.19262422621250153 1.0180574655532837
v 0.23061123490333557 0.19098998606204987 1.0099120140075684
v -0.19830209016799927 0.1957322359085083 1.030063271522522
v -0.10095063596963882 0.19586017727851868 1.0263631343841553
v -0.005233716685324907 0.19421739876270294 1.023673176765442
v 0.09504495561122894 0.19339202344417572 1.0191906690597534
v 0.1941879540681839 0.19383125007152557 1.0176575183868408
v -0.23684169352054596 0.19488558173179626 1.0231610536575317
v -0.13927753269672394 0.19741207361221313 1.03228759765625
v -0.04255400225520134 0.19613157212734222 1.0236612558364868
v 0.05638442561030388 0.19476376473903656 1.0204007625579834
v 0.15509796142578125 0.19490176439285278 1.0163766145706177
v 0.2501196563243866 0.1921059489250183 1.002152919769287
v -0.17733635008335114 0.19804365932941437 1.03106689453125
v -0.08002982288599014 0.19777129590511322 1.024746298789978
v 0.01574963703751564 0.19582831859588623 1.0223207473754883
v 0.11563947051763535 0.19534675776958466 1.018396258354187
v 0.21368290483951569 0.1953016072511673 1.0163661241531372
v -0.21741922199726105 0.19808295369148254 1.0276885032653809
v -0.11926431208848953 0.19926100969314575 1.0297971963882446
v -0.022419219836592674 0.19782397150993347 1.023730993270874
v 0.07691841572523117 0.19656725227832794 1.0197340250015259
v 0.17575371265411377 0.19692428410053253 1.016324758529663
v -0.2548989951610565 0.19610464572906494 1.0164227485656738
v -0.15703289210796356 0.20023873448371887 1.0318777561187744
v -0.06006324291229248 0.19949015974998474 1.023787498474121
v 0.03739048168063164 0.19767192006111145 1.020906925201416
v 0.13628335297107697 0.19761888682842255 1.0174241065979004
v 0.2324472963809967 0.19603432714939117 1.0089330673217773
v -0.19581221044063568 0.20078811049461365 1.0294607877731323
v -0.09877366572618484 0.20094259083271027 1.0260255336761475
v -0.00324666197411716 0.19921211898326874 1.0233629941940308
v 0.09706973284482956 0.19828328490257263 1.0185232162475586
v 0.1961546093225479 0.198897585272789 1.0176509618759155
v -0.23464815318584442 0.19995816051959991 1.0233300924301147
v -0.13699980080127716 0.2024083137512207 1.0316808223724365
v -0.040478624403476715 0.20116469264030457 1.023115873336792
v 0.05855926498770714 0.19974850118160248 1.0202380418777466
v 0.15697552263736725 0.19999650120735168 1.0159938335418701
v 0.2523181736469269 0.19715066254138947 1.0008058547973633
v -0.17498260736465454 0.20300303399562836 1.030215859413147
v -0.07789384573698044 0.20289112627506256 1.024524211883545
v 0.018030600622296333 0.20094791054725647 1.021979570388794
v 0.1175742894411087 0.20030607283115387 1.0177679061889648
v 0.2156161665916443 0.20044656097888947 1.015764832496643
v -0.21503286063671112 0.20319624245166779 1.0273964405059814
v -0.11706441640853882 0.2042255401611328 1.0292092561721802
v -0.020526256412267685 0.20273660123348236 1.0233594179153442
v 0.07898843288421631 0.20159544050693512 1.0193501710891724
v 0.17770878970623016 0.20179949700832367 1.016340732574463
v -0.2523271143436432 0.2011081576347351 1.016364336013794
v -0.15462741255760193 0.20526686310768127 1.0310630798339844
v -0.0580613911151886 0.20456282794475555 1.0235331058502197
v 0.03953380137681961 0.2027406245470047 1.0207183361053467
v 0.13803164660930634 0.20261840522289276 1.0166833400726318
v 0.23424075543880463 0.2010912299156189 1.0079801082611084
v -0.19332996010780334 0.20581300556659698 1.0285651683807373
v -0.09654130786657333 0.20607461035251617 1.025833010673523
v -0.0012711591552942991 0.20418770611286163 1.0230076313018799
v 0.09898647665977478 0.20326387882232666 1.0182331800460815
v 0.19815656542778015 0.20385201275348663 1.0174026489257812
v -0.2325490564107895 0.20518600940704346 1.023395299911499
v -0.13465802371501923 0.20740000903606415 1.0309312343597412
v -0.03854217752814293 0.2061629593372345 1.0227947235107422
v 0.060645513236522675 0.2048736810684204 1.0201350450515747
v 0.15876136720180511 0.20502425730228424 1.0158400535583496
v 0.25448372960090637 0.20208203792572021 0.9997849464416504
v -0.17251501977443695 0.20799532532691956 1.0291613340377808
v -0.07577139139175415 0.20801861584186554 1.0244102478027344
v 0.020266320556402206 0.20609602332115173 1.0217363834381104
v 0.1194416731595993 0.20533867180347443 1.0174217224121094
v 0.2174871861934662 0.20557308197021484 1.01492178440094
v -0.21254967153072357 0.20842213928699493 1.0270189046859741
v -0.11486251652240753 0.20919068157672882 1.0285927057266235
v -0.018749358132481575 0.20759235322475433 1.0229413509368896
v 0.08099638670682907 0.2066843956708908 1.018936038017273
v 0.17961373925209045 0.20671190321445465 1.0161763429641724
v -0.24986866116523743 0.20627310872077942 1.0165977478027344
v -0.1522282212972641 0.21033909916877747 1.0301649570465088
v -0.05610301345586777 0.20962348580360413 1.0233211517333984
v 0.04164609685540199 0.2078956812620163 1.0205812454223633
v 0.13981787860393524 0.20771227777004242 1.016475796699524
v 0.23595672845840454 0.20620164275169373 1.0071173906326294
v -0.19091002643108368 0.21081016957759857 1.0274862051010132
v -0.09427466243505478 0.21125875413417816 1.0256401300430298
v 0.0007724148454144597 0.20922501385211945 1.022542953491211
v 0.10094382613897324 0.2083611935377121 1.0179767608642578
v 0.20009566843509674 0.2088136523962021 1.0167484283447266
v -0.2304074615240097 0.21051138639450073 1.02341890335083
v -0.1324111819267273 0.2124568223953247 1.0300235748291016
v -0.03657619282603264 0.2111562341451645 1.0224988460540771
v 0.06281350553035736 0.21013785898685455 1.0199339389801025
v 0.1605985015630722 0.2101450115442276 1.0156980752944946
v 0.2565680146217346 0.20713137090206146 0.998816728591919
v -0.1701103299856186 0.21302850544452667 1.028050422668457
v -0.07365544885396957 0.21324290335178375 1.0243116617202759
v 0.02254417911171913 0.21125854551792145 1.0214412212371826
v 0.12139023095369339 0.21052011847496033 1.0168349742889404
v 0.21925699710845947 0.2105928510427475 1.013861060142517
v -0.21006791293621063 0.21363946795463562 1.0263698101043701
v -0.11266884207725525 0.21423985064029694 1.0278730392456055
v -0.016923781484365463 0.21254374086856842 1.0224460363388062
v 0.08310980349779129 0.2118586003780365 1.0185555219650269
v 0.1816004067659378 0.21171462535858154 1.015641212463379
v -0.2475910633802414 0.2115326076745987 1.0169734954833984
v -0.14995481073856354 0.21540476381778717 1.0291982889175415
v -0.05414806678891182 0.2146628350019455 1.0231366157531738
v 0.04385596886277199 0.21318982541561127 1.0204393863677979
v 0.14169974625110626 0.2129051238298416 1.016502022743225
v 0.23769709467887878 0.2114187777042389 1.0061208009719849
v -0.1886008083820343 0.21581657230854034 1.0261774063110352
v -0.0919736996293068 0.2164948433637619 1.0254690647125244
v 0.0028920879121869802 0.21433228254318237 1.0219894647598267
v 0.10301568359136581 0.21354630589485168 1.0175554752349854
v 0.2019135057926178 0.21380625665187836 1.0158741474151611
v -0.22821873426437378 0.21581771969795227 1.0232694149017334
v -0.13023434579372406 0.21750251948833466 1.029076099395752
v -0.03455396741628647 0.21616677939891815 1.0222766399383545
v 0.06493744254112244 0.21546152234077454 1.0196131467819214
v 0.16245032846927643 0.21525749564170837 1.0155291557312012
v 0.2586316764354706 0.21215878427028656 0.9984002709388733
v -0.16785679757595062 0.21807654201984406 1.0269137620925903
v -0.07156529277563095 0.21839435398578644 1.0242916345596313
v 0.02480609156191349 0.21646544337272644 1.0212063789367676
v 0.12326925247907639 0.21577368676662445 1.0170230865478516
v 0.22095684707164764 0.2155616283416748 1.0124785900115967
v -0.20758068561553955 0.21884062886238098 1.0255556106567383
v -0.11045018583536148 0.21934249997138977 1.0272667407989502
v -0.015059396624565125 0.2176133245229721 1.0219931602478027
v 0.08512774109840393 0.2170117050409317 1.018345832824707
v 0.18334108591079712 0.21671195328235626 1.0149343013763428
v -0.24545252323150635 0.216979518532753 1.0173381567001343
v -0.14771994948387146 0.22049249708652496 1.0282917022705078
v -0.05221256613731384 0.21970337629318237 1.0230945348739624
v 0.0459832027554512 0.21859979629516602 1.0202808380126953
v 0.14352644979953766 0.21806557476520538 1.0168009996414185
v 0.23942452669143677 0.2165273278951645 1.005340337753296
v -0.18624359369277954 0.2208850085735321 1.0248655080795288
v -0.08968617767095566 0.2216741144657135 1.0254513025283813
v 0.005035828333348036 0.21951307356357574 1.021555781364441
v 0.10503727197647095 0.2188761830329895 1.0176866054534912
v 0.20364046096801758 0.21868351101875305 1.0147160291671753
v -0.22597481310367584 0.22115154564380646 1.022945761680603
v -0.12803995609283447 0.22252604365348816 1.0281846523284912
v -0.032570917159318924 0.22126828134059906 1.0221830606460571
v 0.06692416220903397 0.22078460454940796 1.0193157196044922
v 0.16429489850997925 0.22037431597709656 1.0154114961624146
v 0.2624285817146301 0.21767708659172058 0.9974673390388489
v -0.16560004651546478 0.2232038378715515 1.0260037183761597
v -0.06953663378953934 0.22354932129383087 1.024351716041565
v 0.0270213820040226 0.22171634435653687 1.0208475589752197
v 0.12516365945339203 0.22097806632518768 1.0175142288208008
v 0.2226237654685974 0.22043746709823608 1.0108439922332764
v -0.20505106449127197 0.223933607339859 1.0245590209960938
v -0.1082131415605545 0.2244649976491928 1.0267062187194824
v -0.013164233416318893 0.22280046343803406 1.0215024948120117
v 0.0871211439371109 0.22221766412258148 1.018193244934082
v 0.1849927455186844 0.22174496948719025 1.0139490365982056
v -0.2433314472436905 0.22249823808670044 1.0176578760147095
v -0.14548751711845398 0.22559723258018494 1.0273940563201904
v -0.05022715404629707 0.22481662034988403 1.0230789184570312
v 0.048158198595047 0.22390764951705933 1.0199209451675415
v 0.14548049867153168 0.22324390709400177 1.0171561241149902
v 0.24109028279781342 0.22149278223514557 1.004577398300171
v -0.1838414967060089 0.2260473519563675 1.0236015319824219
v -0.08750464022159576 0.22685272991657257 1.0254048109054565
v 0.007211511023342609 0.22481697797775269 1.0210214853286743
v 0.10714183747768402 0.22420570254325867 1.0178464651107788
v 0.20525960624217987 0.22351206839084625 1.0130674839019775
v -0.2237066924571991 0.22646024823188782 1.0223898887634277
v -0.12584514915943146 0.2275865525007248 1.0271722078323364
v -0.03054952248930931 0.22648604214191437 1.0220067501068115
v 0.06907162815332413 0.2258916050195694 1.0189661979675293
v 0.16635678708553314 0.22546455264091492 1.0149847269058228
v -0.2689751088619232 0.22480277717113495 1.0090405941009521
v -0.1633676439523697 0.22836053371429443 1.025195837020874
v -0.06749073415994644 0.22865650057792664 1.024435043334961
v 0.029282134026288986 0.2269875407218933 1.020387053489685
v 0.12721362709999084 0.22631953656673431 1.0181503295898438
v 0.22408322989940643 0.2251618355512619 1.0088882446289062
v -0.20256847143173218 0.22906818985939026 1.0233416557312012
v -0.105992890894413 0.22960655391216278 1.0261448621749878
v -0.011167525313794613 0.22808291018009186 1.0209625959396362
v 0.08924299478530884 0.22739991545677185 1.0181478261947632
v 0.1866769790649414 0.2268628627061844 1.0125195980072021
v -0.24122847616672516 0.2280128002166748 1.0177091360092163
v -0.14328978955745697 0.23065121471881866 1.026491403579712
v -0.04817957058548927 0.2299974411725998 1.0230985879898071
v 0.05033816769719124 0.2290499061346054 1.0194915533065796
v 0.14757414162158966 0.22832359373569489 1.0174784660339355
v 0.24273139238357544 0.22625920176506042 1.0038583278656006
v -0.18153908848762512 0.2312275618314743 1.0225355625152588
v -0.08540383726358414 0.23193088173866272 1.0254688262939453
v 0.00944507122039795 0.23014362156391144 1.0205719470977783
v 0.10924027860164642 0.22955892980098724 1.0182753801345825
v 0.20663999021053314 0.2282736599445343 1.0111000537872314
v -0.22143536806106567 0.23167508840560913 1.0216211080551147
v -0.12369056046009064 0.23262691497802734 1.0262452363967896
v -0.028522182255983353 0.2317267209291458 1.021774172782898
v 0.07115364819765091 0.23085430264472961 1.018736720085144
v 0.1683567315340042 0.23047517240047455 1.0142736434936523
v -0.26264631748199463 0.23038440942764282 1.0119632482528687
v -0.1612354964017868 0.23341621458530426 1.0247541666030884
v -0.06547058373689651 0.2337011694908142 1.0246537923812866
v 0.03153202310204506 0.2321978360414505 1.0199744701385498
v 0.12931908667087555 0.2315472513437271 1.0190449953079224
v 0.22539038956165314 0.22976012527942657 1.0068961381912231
v -0.20013399422168732 0.23415906727313995 1.0221539735794067
v -0.10377836227416992 0.23466315865516663 1.0258021354675293
v -0.00907499622553587 0.2333458662033081 1.0206350088119507
v 0.09128434956073761 0.23256859183311462 1.0183390378952026
v 0.18820257484912872 0.23182207345962524 1.0110043287277222
v -0.2391665130853653 0.23346437513828278 1.0174739360809326
v -0.1411839723587036 0.23559193313121796 1.0258114337921143
v -0.04613377898931503 0.235148623585701 1.023154616355896
v 0.05237241089344025 0.2340703159570694 1.0191371440887451
v 0.14970169961452484 0.23341287672519684 1.017785906791687
v 0.24427565932273865 0.230952650308609 1.0032055377960205
v -0.17931677401065826 0.23644182085990906 1.0220791101455688
v -0.08334913849830627 0.23691850900650024 1.0257782936096191
v 0.011789042502641678 0.23535823822021484 1.0202423334121704
v 0.11127160489559174 0.23482158780097961 1.0189718008041382
v 0.2079133838415146 0.23303553462028503 1.0090137720108032
v -0.21908986568450928 0.23681364953517914 1.020613431930542
v -0.12150224298238754 0.23768159747123718 1.0253437757492065
v -0.026491111144423485 0.23698653280735016 1.0215822458267212
v 0.07309689372777939 0.23582419753074646 1.0186975002288818
v 0.1702829897403717 0.23539720475673676 1.0132911205291748
v -0.25950887799263 0.2361774742603302 1.0131404399871826
v -0.15919673442840576 0.23839277029037476 1.02452552318573
v -0.06342203170061111 0.23871278762817383 1.0248724222183228
v 0.033816125243902206 0.2373388260602951 1.0194956064224243
v 0.13141942024230957 0.23681947588920593 1.019878625869751
v 0.22677817940711975 0.2343212366104126 1.0048335790634155
v -0.19769784808158875 0.23929943144321442 1.0209200382232666
v -0.10162873566150665 0.23965752124786377 1.0254617929458618
v -0.006869413889944553 0.2385435402393341 1.020381212234497
v 0.09332157671451569 0.23771335184574127 1.0186768770217896
v 0.18975496292114258 0.2367808222770691 1.0092720985412598
v -0.23706752061843872 0.23887579143047333 1.0168451070785522
v -0.13909849524497986 0.2404574453830719 1.0250837802886963
v -0.043997496366500854 0.24027785658836365 1.0231499671936035
v 0.05443010479211807 0.23903541266918182 1.0187528133392334
v 0.15193945169448853 0.2384772151708603 1.0176658630371094
v 0.24601368606090546 0.23564349114894867 1.0023599863052368
v -0.177130788564682 0.24153639376163483 1.0217911005020142
v -0.08136913180351257 0.2417636662721634 1.026126742362976
v 0.014283271506428719 0.24048466980457306 1.0197944641113281
v 0.11335327476263046 0.2401113212108612 1.019591212272644
v 0.20927447080612183 0.2378316968679428 1.0066032409667969
v -0.21669763326644897 0.24190467596054077 1.0191947221755981
v -0.11930511891841888 0.24268729984760284 1.0242247581481934
v -0.024318747222423553 0.24207040667533875 1.0215020179748535
v 0.07500096410512924 0.24075695872306824 1.0187265872955322
v 0.1722167432308197 0.24030478298664093 1.0118632316589355
v -0.2567119598388672 0.24180985987186432 1.013166904449463
v -0.15727703273296356 0.2432648241519928 1.0243048667907715
v -0.061309415847063065 0.24370348453521729 1.0250880718231201
v 0.03614337369799614 0.2423522174358368 1.0189814567565918
v 0.13347943127155304 0.24202671647071838 1.0202263593673706
v 0.2282259464263916 0.23891304433345795 1.002720594406128
v -0.19529762864112854 0.24442338943481445 1.0196430683135986
v -0.09959805756807327 0.2445363998413086 1.0251761674880981
v -0.004567433148622513 0.24365873634815216 1.0201953649520874
v 0.09535282850265503 0.24279601871967316 1.019136667251587
v 0.1913997381925583 0.24163326621055603 1.0072089433670044
v -0.2349054217338562 0.24421241879463196 1.0158309936523438
v -0.13705524802207947 0.24532967805862427 1.0242390632629395
v -0.04178963601589203 0.2453124225139618 1.0231974124908447
v 0.05646582692861557 0.2439851462841034 1.018492579460144
v 0.15409792959690094 0.2435520440340042 1.0170987844467163
v 0.24778418242931366 0.240437850356102 1.0013500452041626
v -0.17500650882720947 0.24654830992221832 1.0216554403305054
v -0.07940579205751419 0.24664722383022308 1.0265213251113892
v 0.016709906980395317 0.24550427496433258 1.01944100856781
v 0.11532504111528397 0.24537833034992218 1.0199768543243408
v 0.21052148938179016 0.24260154366493225 1.004254698753357
v -0.21415039896965027 0.24707989394664764 1.0176299810409546
v -0.11715855449438095 0.24769647419452667 1.023208498954773
v -0.02217637188732624 0.2470802217721939 1.0215586423873901
v 0.07682386040687561 0.245752215385437 1.0190277099609375
v 0.17399035394191742 0.24518409371376038 1.0102221965789795
v -0.25419455766677856 0.24778635799884796 1.012675166130066
v -0.15552574396133423 0.24823971092700958 1.0241200923919678
v -0.05928543210029602 0.24871990084648132 1.02532958984375
v 0.03820125386118889 0.24733175337314606 1.0186575651168823
v 0.1354084610939026 0.24729390442371368 1.0200059413909912
v 0.2295374870300293 0.24359677731990814 1.0010699033737183
v -0.19292601943016052 0.24961191415786743 1.0187417268753052
v -0.09774936735630035 0.24950741231441498 1.0250463485717773
v -0.0022418575827032328 0.24866127967834473 1.0202360153198242
v 0.09730734676122665 0.24796269834041595 1.0195528268814087
v 0.19284407794475555 0.24650053679943085 1.005466341972351
v -0.2326219528913498 0.24967411160469055 1.014775037765503
v -0.13498996198177338 0.25044354796409607 1.023159384727478
v -0.039612457156181335 0.2503950297832489 1.0232555866241455
v 0.05837070196866989 0.2490311712026596 1.0184818506240845
v 0.15625958144664764 0.2486945390701294 1.0160704851150513
v 0.2497006356716156 0.24546103179454803 0.9999562501907349
v -0.1729413866996765 0.2517433762550354 1.0215884447097778
v -0.07741977274417877 0.2518698275089264 1.0269298553466797
v 0.01903192698955536 0.25065186619758606 1.0190739631652832
v 0.11735137552022934 0.2508317530155182 1.0197105407714844
v 0.21185943484306335 0.24746836721897125 1.0022310018539429
v -0.2114551067352295 0.25245770812034607 1.0160415172576904
v -0.11506461352109909 0.2529817819595337 1.0220186710357666
v -0.019810082390904427 0.25215354561805725 1.0216408967971802
v 0.07863255590200424 0.2510802447795868 1.0194090604782104
v 0.17585201561450958 0.2502363920211792 1.0084865093231201
v -0.2514890730381012 0.25371065735816956 1.0118415355682373
v -0.15384967625141144 0.2538347542285919 1.0236485004425049
v -0.0571836456656456 0.2541919946670532 1.0252784490585327
v 0.04026248678565025 0.2525322139263153 1.0181976556777954
v 0.1377061903476715 0.25282785296440125 1.0190354585647583
v 0.23129677772521973 0.2486104667186737 0.999599277973175
v -0.19061385095119476 0.25514012575149536 1.017842411994934
v -0.09596031159162521 0.2550715506076813 1.0245431661605835
v 0.0002357697521802038 0.25388890504837036 1.020084261894226
v 0.0994972288608551 0.25371819734573364 1.0192147493362427
v 0.1947842389345169 0.25163760781288147 1.0037552118301392
v -0.23037609457969666 0.25588491559028625 1.0129575729370117
v -0.1328974962234497 0.25608375668525696 1.0215671062469482
v -0.0372394397854805 0.2557932734489441 1.0231413841247559
v 0.06015228480100632 0.25443801283836365 1.0183171033859253
v 0.15870735049247742 0.2542610764503479 1.014312505722046
v 0.2521342635154724 0.2510700225830078 0.9979469776153564
v -0.17097516357898712 0.25740063190460205 1.0210422277450562
v -0.07537044584751129 0.2577608525753021 1.026659369468689
v 0.021475350484251976 0.2560098469257355 1.0185132026672363
v 0.11949603259563446 0.25642848014831543 1.0184550285339355
v 0.21360492706298828 0.2525581419467926 1.0004421472549438
v -0.20888447761535645 0.25817686319351196 1.014565348625183
v -0.1130937710404396 0.2585686147212982 1.0205037593841553
v -0.01724579557776451 0.2574785351753235 1.0217162370681763
v 0.08061549067497253 0.25696220993995667 1.0193569660186768
v 0.1780339479446411 0.2554469108581543 1.0068187713623047
v -0.24899281561374664 0.259944885969162 1.0109766721725464
v -0.15229235589504242 0.25991010665893555 1.0225746631622314
v -0.05499514937400818 0.2599234879016876 1.0248106718063354
v 0.04241921752691269 0.25787657499313354 1.017669677734375
v 0.14030596613883972 0.2588147222995758 1.0175868272781372
v 0.2330726981163025 0.25396668910980225 0.998132050037384
v -0.18835733830928802 0.26091548800468445 1.0168803930282593
v -0.09404299408197403 0.261046826839447 1.023817539215088
v 0.002748898696154356 0.25915369391441345 1.0197664499282837
v 0.10179386287927628 0.259672075510025 1.0182214975357056
v 0.1967802792787552 0.2569829225540161 1.0022032260894775
v -0.22791725397109985 0.2615497410297394 1.0116091966629028
v -0.13087303936481476 0.26186224818229675 1.0199229717254639
v -0.034891679883003235 0.26125821471214294 1.0229370594024658
v 0.06201789155602455 0.26005253195762634 1.0181318521499634
v 0.16107693314552307 0.25997063517570496 1.0125064849853516
v 0.25517168641090393 0.25751185417175293 0.9955131411552429
v -0.1694815307855606 0.2634302079677582 1.0202189683914185
v -0.07339286059141159 0.2639597952365875 1.0263224840164185
v 0.023907199501991272 0.2615198493003845 1.0178827047348022
v 0.12151789665222168 0.2624285817146301 1.016411542892456
v 0.21502460539340973 0.2580537796020508 0.9987779855728149
v -0.20675499737262726 0.2648804485797882 1.012498140335083
v -0.11143848299980164 0.2645864486694336 1.0185253620147705
v -0.014811617322266102 0.2630423307418823 1.021438479423523
v 0.08259221911430359 0.26325085759162903 1.0190365314483643
v 0.17973709106445312 0.26107490062713623 1.0050292015075684
v -0.2469990998506546 0.2674054801464081 1.00993812084198
v -0.15091627836227417 0.2669946849346161 1.0210484266281128
v -0.05311908200383186 0.2664099633693695 1.0240193605422974
v 0.04449505731463432 0.2638280987739563 1.0166765451431274
v 0.1427658498287201 0.26638951897621155 1.015418529510498
v 0.2343183159828186 0.26042529940605164 0.9959179162979126
v -0.18613314628601074 0.26869019865989685 1.0142914056777954
v -0.09210863709449768 0.26944032311439514 1.022536039352417
v 0.005015305243432522 0.265881210565567 1.0185201168060303
v 0.10345768183469772 0.2680871784687042 1.0158535242080688
v 0.1979633867740631 0.26427966356277466 0.9996423125267029
v -0.22513970732688904 0.27087336778640747 1.007954716682434
v -0.1296260952949524 0.271928995847702 1.0152541399002075
v -0.03281482681632042 0.26997241377830505 1.0209931135177612
v 0.06414848566055298 0.26928696036338806 1.0163192749023438
v 0.16332420706748962 0.27145621180534363 1.0086385011672974
v 0.2623887360095978 0.2755519449710846 0.9921233057975769
