v -0.33141636848449707 -0.3278219699859619 1.155691385269165
v -0.18911898136138916 -0.31626570224761963 1.1574127674102783
v -0.06177300587296486 -0.24179957807064056 0.902104377746582
v 0.025261448696255684 -0.251024454832077 0.9220511317253113
v 0.11245925724506378 -0.24518482387065887 0.9218866229057312
v 0.21911923587322235 -0.2626735270023346 0.9793699979782104
v -0.23616322875022888 -0.30874139070510864 1.1577377319335938
v -0.11065483093261719 -0.2591373026371002 0.9296068549156189
v -0.009019584394991398 -0.2395048886537552 0.900601327419281
v 0.0789475291967392 -0.2436881810426712 0.9177231192588806
v 0.17637795209884644 -0.2563672661781311 0.9660495519638062
v -0.28231048583984375 -0.3083032965660095 1.1665359735488892
v -0.16532179713249207 -0.3074352741241455 1.155635118484497
v -0.04305260255932808 -0.23548975586891174 0.8982787132263184
v 0.04254304617643356 -0.2362212985754013 0.8935788869857788
v 0.1321060061454773 -0.24510599672794342 0.9277624487876892
v 0.2452395111322403 -0.2645338475704193 0.9815777540206909
v -0.21297194063663483 -0.3051707148551941 1.161827564239502
v -0.0807470828294754 -0.24020357429981232 0.9095165729522705
v 0.010862315073609352 -0.2420213669538498 0.9186506867408752
v 0.09651614725589752 -0.2395186722278595 0.9162466526031494
v 0.19915364682674408 -0.2542455494403839 0.971376895904541
v -0.2581561207771301 -0.3013758063316345 1.162833571434021
v -0.1418408453464508 -0.300520658493042 1.1448918581008911
v -0.02513245679438114 -0.2330462634563446 0.8967188000679016
v 0.060575682669878006 -0.23434101045131683 0.8957728147506714
v 0.15916171669960022 -0.25149402022361755 0.9593342542648315
v -0.30933672189712524 -0.29983121156692505 1.1598243713378906
v -0.18829338252544403 -0.3001119792461395 1.1573010683059692
v -0.05922983959317207 -0.2331104278564453 0.9002249240875244
v 0.02696610428392887 -0.2428126335144043 0.9316033720970154
v 0.1146334856748581 -0.23737332224845886 0.9167337417602539
v 0.22215743362903595 -0.25340086221694946 0.9785710573196411
v -0.23434233665466309 -0.2962607741355896 1.159092664718628
v -0.10469213873147964 -0.24325188994407654 0.9208669066429138
v -0.007081672083586454 -0.23291552066802979 0.8991170525550842
v 0.08062949776649475 -0.2365693897008896 0.9179044365882874
v 0.17865361273288727 -0.2493302971124649 0.965773344039917
v -0.2792711555957794 -0.2978057861328125 1.1659561395645142
v -0.16444513201713562 -0.2966187298297882 1.1545519828796387
v -0.04138345643877983 -0.2295052856206894 0.8979421257972717
v 0.04463253170251846 -0.2301536202430725 0.8937745094299316
v 0.1336844265460968 -0.23776550590991974 0.9233968257904053
v 0.24872642755508423 -0.25634998083114624 0.983471155166626
v -0.21003156900405884 -0.29520183801651 1.1603459119796753
v -0.07895644754171371 -0.2330549657344818 0.9085530042648315
v 0.012324308976531029 -0.23587405681610107 0.9202017188072205
v 0.09816253185272217 -0.23328779637813568 0.9135264158248901
v 0.2017042338848114 -0.2479894459247589 0.9724304676055908
v -0.25531619787216187 -0.29242315888404846 1.1615859270095825
v -0.13978470861911774 -0.2913215160369873 1.1420879364013672
v -0.023361889645457268 -0.22733743488788605 0.894576907157898
v 0.062471240758895874 -0.22877009212970734 0.8963096141815186
v 0.1615455597639084 -0.24630647897720337 0.963875412940979
v -0.30506736040115356 -0.29081809520721436 1.1613539457321167
v -0.18593525886535645 -0.29241880774497986 1.1566908359527588
v -0.05729134380817413 -0.22759288549423218 0.8997030258178711
v 0.029322395101189613 -0.2403310090303421 0.9463784694671631
v 0.11584202945232391 -0.23144277930259705 0.9140188694000244
v 0.22446179389953613 -0.24696913361549377 0.9782456159591675
v -0.23176395893096924 -0.2888292968273163 1.1598511934280396
v -0.1004464253783226 -0.23524679243564606 0.9168521761894226
v -0.0053982241079211235 -0.22717712819576263 0.8973806500434875
v 0.08231393992900848 -0.23102520406246185 0.9174529314041138
v 0.18066734075546265 -0.24340751767158508 0.9665136337280273
v -0.27655237913131714 -0.28989216685295105 1.1649583578109741
v -0.16230446100234985 -0.2889755070209503 1.1529204845428467
v -0.039892129600048065 -0.2245345264673233 0.8979476690292358
v 0.04661539942026138 -0.22464734315872192 0.8940051198005676
v 0.13480307161808014 -0.23123203217983246 0.9200161695480347
v 0.2536343038082123 -0.24903057515621185 0.9858472347259521
v -0.2074265033006668 -0.2875949442386627 1.159478783607483
v -0.07691856473684311 -0.22691741585731506 0.9077460765838623
v 0.01363315898925066 -0.22752651572227478 0.9086748361587524
v 0.09994803369045258 -0.22761695086956024 0.9116387367248535
v 0.2043195366859436 -0.24239790439605713 0.9741547107696533
v -0.2526426613330841 -0.28486019372940063 1.1604143381118774
v -0.13621298968791962 -0.28397923707962036 1.1378304958343506
v -0.021803220734000206 -0.22216278314590454 0.8934337496757507
v 0.06455852836370468 -0.22388900816440582 0.8983576893806458
v 0.16335304081439972 -0.24131520092487335 0.9658650159835815
v -0.3006574511528015 -0.28350281715393066 1.1607701778411865
v -0.18347717821598053 -0.28578266501426697 1.155881404876709
v -0.05544717609882355 -0.2228773981332779 0.8996454477310181
v 0.030650272965431213 -0.23766392469406128 0.9580514430999756
v 0.11738842725753784 -0.2259429395198822 0.913345456123352
v 0.2273615300655365 -0.24096445739269257 0.9791860580444336
v -0.2293628603219986 -0.2823418974876404 1.160245418548584
v -0.09698563814163208 -0.22799624502658844 0.914332389831543
v -0.0037539571058005095 -0.22208088636398315 0.8971412181854248
v 0.08410261571407318 -0.22578993439674377 0.9168038368225098
v 0.18345171213150024 -0.23820523917675018 0.9690994620323181
v -0.27394506335258484 -0.28226497769355774 1.1629838943481445
v -0.15977166593074799 -0.28284430503845215 1.150581955909729
v -0.03827816992998123 -0.21982857584953308 0.8978255987167358
v 0.04828379303216934 -0.21866227686405182 0.8942601680755615
v 0.1362493336200714 -0.2252747267484665 0.9174676537513733
v 0.25955721735954285 -0.24164174497127533 0.988105058670044
v -0.2048710286617279 -0.28121840953826904 1.1583404541015625
v -0.0749620571732521 -0.221792533993721 0.9074749946594238
v 0.016139134764671326 -0.22199755907058716 0.9100984930992126
v 0.10168932378292084 -0.22249040007591248 0.9124462604522705
v 0.20708529651165009 -0.2369479089975357 0.9760817885398865
v -0.2504769265651703 -0.2784937918186188 1.1594785451889038
v -0.13160622119903564 -0.27691346406936646 1.133142352104187
v -0.019842594861984253 -0.21736903488636017 0.8929051756858826
v 0.0688103660941124 -0.2236291617155075 0.9224388599395752
v 0.16599109768867493 -0.2368789166212082 0.9678738117218018
v -0.29672107100486755 -0.2772490084171295 1.1600879430770874
v -0.18108336627483368 -0.2800970673561096 1.1555124521255493
v -0.05310403183102608 -0.21726354956626892 0.8976230025291443
v 0.032113075256347656 -0.23210133612155914 0.959820568561554
v 0.1193600669503212 -0.22082221508026123 0.9132506847381592
v 0.23121562600135803 -0.2358989715576172 0.9825341105461121
v -0.22724558413028717 -0.2766006588935852 1.159580945968628
v -0.09427372366189957 -0.22142714262008667 0.9126734733581543
v -0.0012115364661440253 -0.21687540411949158 0.898374617099762
v 0.08584324270486832 -0.2200709581375122 0.9145480394363403
v 0.18635904788970947 -0.23354613780975342 0.9712730050086975
v -0.2713559865951538 -0.27508023381233215 1.1604892015457153
v -0.15726575255393982 -0.2767091989517212 1.1473212242126465
v -0.03641761839389801 -0.21519042551517487 0.8970130085945129
v 0.04979131370782852 -0.21193340420722961 0.8950998783111572
v 0.13793645799160004 -0.2196189910173416 0.9155308604240417
v 0.2724744379520416 -0.267017126083374 1.0930629968643188
v -0.20257706940174103 -0.2754615843296051 1.157319188117981
v -0.07312414795160294 -0.21702535450458527 0.9078925251960754
v 0.016763541847467422 -0.22890125215053558 0.9687007665634155
v 0.10346668213605881 -0.21764300763607025 0.9122762084007263
v 0.21021264791488647 -0.23251894116401672 0.979886531829834
v -0.24877846240997314 -0.27299338579177856 1.1590344905853271
v -0.12674717605113983 -0.26843252778053284 1.119956612586975
v -0.017852621152997017 -0.21274960041046143 0.892615556716919
v 0.06956221163272858 -0.21806609630584717 0.9229525923728943
v 0.1686726212501526 -0.23224523663520813 0.9694287776947021
v -0.2931059002876282 -0.2706747353076935 1.1583768129348755
v -0.17905689775943756 -0.27507102489471436 1.1559929847717285
v -0.05127996578812599 -0.21218182146549225 0.896125853061676
v 0.034032996743917465 -0.22582125663757324 0.9586894512176514
v 0.12102866917848587 -0.21569913625717163 0.9116673469543457
v 0.235941082239151 -0.23163144290447235 0.988505482673645
v -0.2250346839427948 -0.2711358666419983 1.158860445022583
v -0.09160133451223373 -0.21578796207904816 0.9116421341896057
v -0.001741010113619268 -0.23004528880119324 0.9777000546455383
v 0.08747201412916183 -0.2146686464548111 0.9128550887107849
v 0.18941159546375275 -0.22947371006011963 0.974002480506897
v -0.26893043518066406 -0.2686988413333893 1.1587460041046143
v -0.1543199121952057 -0.27045339345932007 1.1425689458847046
v -0.03462568670511246 -0.21002882719039917 0.8958098888397217
v 0.053160637617111206 -0.22175255417823792 0.9493340253829956
v 0.13977840542793274 -0.2144738882780075 0.9144590497016907
v 0.27787503600120544 -0.2595960795879364 1.0903948545455933
v -0.2005184143781662 -0.2700361907482147 1.1570091247558594
v -0.07174591720104218 -0.21229586005210876 0.9094004034996033
v 0.018124962225556374 -0.22408120334148407 0.9713870882987976
v 0.10520391911268234 -0.21245154738426208 0.9109368324279785
v 0.2142968773841858 -0.22953936457633972 0.9866256713867188
v -0.2471153885126114 -0.26760196685791016 1.1591250896453857
v -0.11909667402505875 -0.21741865575313568 0.9290909767150879
v -0.01588008925318718 -0.20799118280410767 0.8928424715995789
v 0.07102794945240021 -0.21291036903858185 0.9212044477462769
v 0.17052429914474487 -0.2265636920928955 0.9676961302757263
v -0.2899470627307892 -0.2640502452850342 1.156509518623352
v -0.17719301581382751 -0.26953303813934326 1.1560115814208984
v -0.049553535878658295 -0.2072589248418808 0.8949573636054993
v 0.03667943924665451 -0.220723956823349 0.959198534488678
v 0.1229061633348465 -0.21078325808048248 0.9109044075012207
v 0.24184627830982208 -0.227283775806427 0.9943073987960815
v -0.22262528538703918 -0.26560166478157043 1.1583198308944702
v -0.08901069313287735 -0.21067601442337036 0.9113225340843201
v -5.124826930114068e-05 -0.2238539606332779 0.9795107245445251
v 0.0890926942229271 -0.20942384004592896 0.911725640296936
v 0.19426243007183075 -0.2252272218465805 0.9854674339294434
v -0.26699528098106384 -0.2629939317703247 1.157942295074463
v -0.15076035261154175 -0.26260286569595337 1.1351304054260254
v -0.032753393054008484 -0.2052735835313797 0.8956986665725708
v 0.05569494888186455 -0.21573489904403687 0.9490646123886108
v 0.1416361927986145 -0.20949718356132507 0.9137230515480042
v 0.28383228182792664 -0.25318825244903564 1.0873428583145142
v -0.19841334223747253 -0.26465824246406555 1.157438039779663
v -0.07022736221551895 -0.2076837420463562 0.9106605648994446
v 0.01994113065302372 -0.2196192443370819 0.9728800654411316
v 0.1071954220533371 -0.20767664909362793 0.9100963473320007
v 0.21857546269893646 -0.22610481083393097 0.991633415222168
v -0.245032399892807 -0.2619844675064087 1.1591640710830688
v -0.11318325251340866 -0.21161091327667236 0.9199622869491577
v -0.013874421827495098 -0.20290431380271912 0.8933789730072021
v 0.07391095906496048 -0.2068880796432495 0.9164323806762695
v 0.17230947315692902 -0.21995697915554047 0.9636005163192749
v -0.2871748208999634 -0.25768643617630005 1.1555699110031128
v -0.17493930459022522 -0.26276740431785583 1.1551382541656494
v -0.04777665063738823 -0.20241743326187134 0.8942110538482666
v 0.03949786350131035 -0.21607831120491028 0.9580941200256348
v 0.12485293298959732 -0.2059597373008728 0.91038978099823
v 0.2492544949054718 -0.2213486135005951 0.9966199398040771
v -0.2201336920261383 -0.2599146068096161 1.1577295064926147
v -0.08670125901699066 -0.20574195683002472 0.9116236567497253
v 0.0022205275017768145 -0.21893607079982758 0.9810365438461304
v 0.09081214666366577 -0.20420874655246735 0.9109464287757874
v 0.1978326439857483 -0.2214483618736267 0.989859402179718
v -0.2652876377105713 -0.25755542516708374 1.1578186750411987
v -0.14671064913272858 -0.2549700438976288 1.1236670017242432
v -0.03093905746936798 -0.2005724310874939 0.8960829973220825
v 0.057685691863298416 -0.20727169513702393 0.9315885901451111
v 0.14345164597034454 -0.20456106960773468 0.9127921462059021
v 0.28800293803215027 -0.2470405250787735 1.0842654705047607
v -0.19668973982334137 -0.2593023180961609 1.1583354473114014
v -0.06778641790151596 -0.20244313776493073 0.9085772633552551
v 0.021550377830863 -0.21542654931545258 0.9742241501808167
v 0.10900048166513443 -0.2024965137243271 0.909659206867218
v 0.22217713296413422 -0.2216203808784485 0.9928250312805176
v -0.2426593154668808 -0.25629425048828125 1.1587023735046387
v -0.10861106216907501 -0.2053585648536682 0.9155070781707764
v -0.01151149719953537 -0.19806618988513947 0.8947127461433411
v 0.07541909068822861 -0.20140178501605988 0.9143483638763428
v 0.17062553763389587 -0.20969422161579132 0.9454765319824219
v -0.2847868502140045 -0.25187113881111145 1.155116081237793
v -0.17160075902938843 -0.2559850215911865 1.1513320207595825
v -0.0460967980325222 -0.19762514531612396 0.8938314914703369
v 0.041732266545295715 -0.21125032007694244 0.9593431353569031
v 0.12679016590118408 -0.20107930898666382 0.9099102020263672
v 0.2605082392692566 -0.23943965137004852 1.0780842304229736
v -0.21766337752342224 -0.25419682264328003 1.157204270362854
v -0.08438153564929962 -0.20087701082229614 0.9119980335235596
v 0.004207177087664604 -0.21450425684452057 0.9826507568359375
v 0.09247304499149323 -0.19875486195087433 0.9104877710342407
v 0.20049726963043213 -0.21742874383926392 0.9913243651390076
v -0.26336759328842163 -0.2519267499446869 1.157586932182312
v -0.13118892908096313 -0.2299814224243164 1.0185436010360718
v -0.029207494109869003 -0.19594018161296844 0.8963539004325867
v 0.05953162908554077 -0.2022925615310669 0.9315623641014099
v 0.14496734738349915 -0.19963620603084564 0.9116841554641724
v 0.2936977744102478 -0.24002937972545624 1.0823590755462646
v -0.19514258205890656 -0.25348979234695435 1.1585583686828613
v -0.06198487803339958 -0.1950608342885971 0.8951080441474915
v 0.023524897173047066 -0.211455836892128 0.9739019870758057
v 0.1109696477651596 -0.19749940931797028 0.9113691449165344
v 0.22505632042884827 -0.21679724752902985 0.9936443567276001
v -0.23997291922569275 -0.2502497434616089 1.1577370166778564
v -0.10490681231021881 -0.19912834465503693 0.9139149188995361
v -0.009012679569423199 -0.19406750798225403 0.8989838361740112
v 0.07670122385025024 -0.19583134353160858 0.9133778214454651
v 0.1725921928882599 -0.20463745296001434 0.9431493282318115
v -0.28256458044052124 -0.24622848629951477 1.1550865173339844
v -0.1510804146528244 -0.22885312139987946 1.0210431814193726
v -0.04435035213828087 -0.1929212361574173 0.8934903144836426
v 0.04373402148485184 -0.20626981556415558 0.960364818572998
v 0.12866538763046265 -0.19611243903636932 0.9092134237289429
v 0.2637737989425659 -0.23522327840328217 1.0807981491088867
v -0.21501441299915314 -0.2483205944299698 1.1568372249603271
v -0.08228620886802673 -0.19615060091018677 0.9124187231063843
v 0.005935918539762497 -0.2105274498462677 0.9844316244125366
v 0.09406024217605591 -0.19257092475891113 0.9099607467651367
v 0.20296315848827362 -0.212729349732399 0.9924758672714233
v -0.26097601652145386 -0.24611881375312805 1.1570898294448853
v -0.12933851778507233 -0.2218696027994156 1.0213768482208252
v -0.027352100238204002 -0.1909911334514618 0.8962510824203491
v 0.06165390834212303 -0.19767776131629944 0.9348878860473633
v 0.14688171446323395 -0.19483433663845062 0.9109000563621521
v -0.3139175474643707 -0.24344861507415771 1.1504244804382324
v -0.19306951761245728 -0.24719741940498352 1.1581448316574097
v -0.05980410426855087 -0.1903604418039322 0.8935742378234863
v 0.0267505906522274 -0.20463962852954865 0.9659562706947327
v 0.11281732469797134 -0.19236329197883606 0.9133999347686768
v 0.22783495485782623 -0.21150295436382294 0.9942970871925354
v -0.2370164394378662 -0.2441013753414154 1.1565810441970825
v -0.10204550623893738 -0.19347819685935974 0.9141680002212524
v -0.0136869540438056 -0.20896509289741516 0.9898763298988342
v 0.07794839888811111 -0.1897442787885666 0.9131549596786499
v 0.17455604672431946 -0.19899973273277283 0.942048192024231
v -0.28027912974357605 -0.2405673712491989 1.1553703546524048
v -0.1488591879606247 -0.2204321026802063 1.0203860998153687
v -0.04262128099799156 -0.18844859302043915 0.8935295343399048
v 0.04566456004977226 -0.2011277675628662 0.9607618451118469
v 0.13050544261932373 -0.1912408024072647 0.908658504486084
v 0.26672419905662537 -0.2301139533519745 1.0822362899780273
v -0.21288181841373444 -0.2422538548707962 1.1569011211395264
v -0.08030533045530319 -0.19144779443740845 0.9127438068389893
v 0.0073556904681026936 -0.2066769152879715 0.9855878949165344
v 0.09636907279491425 -0.1851840764284134 0.9094803929328918
v 0.2052067369222641 -0.20754532516002655 0.993179202079773
v -0.25824275612831116 -0.24019376933574677 1.1563228368759155
v -0.12800300121307373 -0.2156556248664856 1.0221623182296753
v -0.025632688775658607 -0.1866820901632309 0.8979029655456543
v 0.06420126557350159 -0.193997323513031 0.9508355855941772
v 0.15509919822216034 -0.19307711720466614 0.9372899532318115
v -0.30713996291160583 -0.23663292825222015 1.152831792831421
v -0.1891048699617386 -0.23936428129673004 1.1512031555175781
v -0.057813484221696854 -0.18546752631664276 0.8928030729293823
v 0.028527239337563515 -0.19860941171646118 0.9622089266777039
v 0.12540705502033234 -0.20948997139930725 1.0043296813964844
v 0.23015768826007843 -0.20649872720241547 0.9950138926506042
v -0.23406510055065155 -0.23802624642848969 1.1557852029800415
v -0.09937345236539841 -0.18856604397296906 0.9147835969924927
v -0.011582687497138977 -0.203394815325737 0.9912894368171692
v 0.07916932553052902 -0.18258389830589294 0.9137325286865234
v 0.18583105504512787 -0.20457115769386292 0.9923087954521179
v -0.278023898601532 -0.23475289344787598 1.1550767421722412
v -0.14601851999759674 -0.2123212218284607 1.0203109979629517
v -0.04093043506145477 -0.1840604692697525 0.8944193720817566
v 0.04789472743868828 -0.1956871896982193 0.9601852893829346
v 0.13263829052448273 -0.18662838637828827 0.909751832485199
v 0.2696530520915985 -0.22447800636291504 1.083532691001892
v -0.2111840695142746 -0.2359170913696289 1.1558587551116943
v -0.07834192365407944 -0.18668177723884583 0.9129986763000488
v 0.010854423977434635 -0.19843970239162445 0.9684744477272034
v 0.09961555153131485 -0.1770564317703247 0.9101277589797974
v 0.2072683870792389 -0.20228378474712372 0.993774950504303
v -0.2554275095462799 -0.2342974990606308 1.1550121307373047
v -0.12545695900917053 -0.20980598032474518 1.021539568901062
v -0.023197675123810768 -0.1829940229654312 0.9099717736244202
v 0.06696197390556335 -0.19042859971523285 0.9563182592391968
v 0.15633732080459595 -0.18955975770950317 0.9395139217376709
v -0.3036937713623047 -0.2306338995695114 1.1541426181793213
v -0.167051762342453 -0.21155543625354767 1.0227766036987305
v -0.05594231188297272 -0.18096931278705597 0.8922140598297119
v 0.030456718057394028 -0.19363075494766235 0.9602329730987549
v 0.12797746062278748 -0.20448051393032074 1.0107451677322388
v 0.2326429933309555 -0.20106245577335358 0.9958361983299255
v -0.2316577434539795 -0.23240458965301514 1.1551176309585571
v -0.09730591624975204 -0.18327286839485168 0.9155684113502502
v -0.008821394294500351 -0.19495531916618347 0.985230565071106
v 0.08133948594331741 -0.17466339468955994 0.9169884920120239
v 0.1875738799571991 -0.19982053339481354 0.9932767152786255
v -0.2758054733276367 -0.22903159260749817 1.1543868780136108
v -0.1435851752758026 -0.20629556477069855 1.0195891857147217
v -0.038088131695985794 -0.1793593019247055 0.9038300514221191
v 0.050327274948358536 -0.19053250551223755 0.9597218632698059
v 0.13890574872493744 -0.1854235827922821 0.9331900477409363
v 0.2730671465396881 -0.21871721744537354 1.0846009254455566
v -0.20755626261234283 -0.2293110191822052 1.1525821685791016
v -0.07635387778282166 -0.181717649102211 0.9129959344863892
v 0.014930712059140205 -0.19047777354717255 0.9559362530708313
v 0.11090952903032303 -0.2018933892250061 1.0177332162857056
v 0.20944343507289886 -0.1972566843032837 0.9943110942840576
v -0.25289130210876465 -0.22859631478786469 1.15351402759552
v -0.12287528067827225 -0.20351096987724304 1.020814061164856
v -0.021554766222834587 -0.17939212918281555 0.9093282222747803
v 0.07249092310667038 -0.20082388818264008 1.0111762285232544
v 0.15892167389392853 -0.1858430653810501 0.9410161972045898
v -0.3005521297454834 -0.22517532110214233 1.1551823616027832
v -0.16422288119792938 -0.20420630276203156 1.0220770835876465
v -0.05459829419851303 -0.17677272856235504 0.8940604329109192
v 0.032451972365379333 -0.18872416019439697 0.959040641784668
v 0.13033084571361542 -0.2000306099653244 1.0155376195907593
v 0.23545381426811218 -0.19525869190692902 0.9962641596794128
v -0.2297765612602234 -0.22681857645511627 1.1543067693710327
v -0.09547106176614761 -0.17799656093120575 0.9167356491088867
v -0.00343891279771924 -0.18085846304893494 0.9301682710647583
v 0.09276363998651505 -0.20199337601661682 1.0313141345977783
v 0.18964053690433502 -0.19529001414775848 0.9941154718399048
v -0.2735736072063446 -0.22324594855308533 1.1537200212478638
v -0.14105740189552307 -0.20008094608783722 1.0190575122833252
v -0.03694085031747818 -0.175773486495018 0.9057137966156006
v 0.052938129752874374 -0.18587972223758698 0.9614655375480652
v 0.14086471498012543 -0.1811748594045639 0.9339885115623474
v 0.2762923240661621 -0.21257810294628143 1.0855822563171387
v -0.18757404386997223 -0.20836032927036285 1.0277059078216553
v -0.0743548646569252 -0.17669633030891418 0.9127874970436096
v 0.014156254939734936 -0.17962348461151123 0.9315188527107239
v 0.11307977139949799 -0.19669438898563385 1.0201497077941895
v 0.2116970270872116 -0.192274808883667 0.9948016405105591
v -0.25029104948043823 -0.22290447354316711 1.1521662473678589
v -0.12034077942371368 -0.1975184828042984 1.020918369293213
v -0.019868867471814156 -0.1752498894929886 0.9089508652687073
v 0.0764470249414444 -0.20096330344676971 1.0329314470291138
v 0.1611718386411667 -0.1815151870250702 0.9424801468849182
v -0.2975977659225464 -0.2196955531835556 1.1557834148406982
v -0.16133730113506317 -0.19816572964191437 1.0221648216247559
v -0.05408872291445732 -0.17256760597229004 0.9064329266548157
v 0.034661080688238144 -0.1838308423757553 0.9592487812042236
v 0.13271857798099518 -0.19545969367027283 1.0186690092086792
v 0.23885478079319 -0.18955644965171814 0.9963480234146118
v -0.22687844932079315 -0.2205754965543747 1.1513659954071045
v -0.09356201440095901 -0.17265678942203522 0.9174507260322571
v -0.0011245108908042312 -0.1760091632604599 0.926458477973938
v 0.09460814297199249 -0.19586606323719025 1.030737280845642
v 0.19163933396339417 -0.19082941114902496 0.9945759773254395
v -0.27123817801475525 -0.21746927499771118 1.1527996063232422
v -0.13860872387886047 -0.1941099613904953 1.0186220407485962
v -0.03532512113451958 -0.17177729308605194 0.9049062132835388
v 0.05576198548078537 -0.18156307935714722 0.9638857245445251
v 0.14318446815013885 -0.17714063823223114 0.9349637627601624
v 0.2789386808872223 -0.206434965133667 1.0848808288574219
v -0.18379156291484833 -0.20054031908512115 1.0271517038345337
v -0.07244833558797836 -0.17165148258209229 0.9125655293464661
v 0.01652640663087368 -0.17393383383750916 0.9253825545310974
v 0.11496874690055847 -0.19197674095630646 1.021101713180542
v 0.21400512754917145 -0.18723565340042114 0.9949575066566467
v -0.24774284660816193 -0.21727195382118225 1.1503881216049194
v -0.11801403015851974 -0.1918056309223175 1.0215803384780884
v -0.018365545198321342 -0.17076772451400757 0.9083131551742554
v 0.0776582658290863 -0.1938311606645584 1.0350862741470337
v 0.16347666084766388 -0.17723433673381805 0.9449604749679565
v -0.2946948707103729 -0.21414348483085632 1.155997395515442
v -0.1589851826429367 -0.192365363240242 1.0222653150558472
v -0.05230116471648216 -0.16882149875164032 0.9068289995193481
v 0.03688061982393265 -0.1791682094335556 0.9622085690498352
v 0.13547660410404205 -0.19071143865585327 1.0209505558013916
v 0.24288594722747803 -0.1838569939136505 0.9972254037857056
v -0.22120767831802368 -0.21339374780654907 1.1419018507003784
v -0.09208846837282181 -0.16757115721702576 0.9184755086898804
v 0.0005993943777866662 -0.1712551712989807 0.9235989451408386
v 0.09656966477632523 -0.18952220678329468 1.025993824005127
v 0.19458766281604767 -0.1862069070339203 0.993124783039093
v -0.2692139446735382 -0.21184036135673523 1.1519246101379395
v -0.13621217012405396 -0.1882564127445221 1.0180225372314453
v -0.03365581855177879 -0.16741321980953217 0.9040557742118835
v 0.059558894485235214 -0.1935095340013504 1.0455116033554077
v 0.14540234208106995 -0.17322687804698944 0.9362378120422363
v 0.28193554282188416 -0.20002490282058716 1.0835357904434204
v -0.18098197877407074 -0.1925676017999649 1.0272575616836548
v -0.07021629810333252 -0.16625165939331055 0.9119395613670349
v 0.01829908788204193 -0.16865035891532898 0.922014594078064
v 0.11668314784765244 -0.1875220090150833 1.0214881896972656
v 0.21629883348941803 -0.18226243555545807 0.9947791695594788
v -0.2453719526529312 -0.21170280873775482 1.1495256423950195
v -0.11656872183084488 -0.18596471846103668 1.0227453708648682
v -0.016865208745002747 -0.16617867350578308 0.9080182313919067
v 0.07899613678455353 -0.1886579990386963 1.0362974405288696
v 0.16742472350597382 -0.1729065328836441 0.9555283784866333
v -0.2917949855327606 -0.20840954780578613 1.1558140516281128
v -0.1567189246416092 -0.1865713745355606 1.0222645998001099
v -0.050606098026037216 -0.16494692862033844 0.9072605967521667
v 0.03872109577059746 -0.17474979162216187 0.9676458239555359
v 0.13727860152721405 -0.18671637773513794 1.0216184854507446
v 0.24731388688087463 -0.17798909544944763 0.9986635446548462
v -0.20256727933883667 -0.19618143141269684 1.0437639951705933
v -0.09080351889133453 -0.16181331872940063 0.9200349450111389
v 0.0022559466306120157 -0.16626261174678802 0.9208719730377197
v 0.09864819049835205 -0.18418709933757782 1.0242446660995483
v 0.18883097171783447 -0.17242000997066498 0.9622125625610352
v -0.26740768551826477 -0.20629097521305084 1.151760220527649
v -0.13401423394680023 -0.18255333602428436 1.0179498195648193
v -0.03188851848244667 -0.16312187910079956 0.9032844305038452
v 0.06110573932528496 -0.18842612206935883 1.050176978111267
v 0.14880552887916565 -0.16828545928001404 0.9513307213783264
v 0.2849913239479065 -0.19395224750041962 1.0799381732940674
v -0.17775681614875793 -0.18621262907981873 1.0261205434799194
v -0.0686275064945221 -0.1609250158071518 0.9127752780914307
v 0.02005908451974392 -0.1637786328792572 0.9198259115219116
v 0.11829224973917007 -0.18236836791038513 1.0208877325057983
v 0.21840931475162506 -0.17646075785160065 0.9932951331138611
v -0.2430144101381302 -0.20612987875938416 1.1494461297988892
v -0.115366131067276 -0.18062236905097961 1.023829698562622
v -0.014983374625444412 -0.16180026531219482 0.9082291722297668
v 0.0806158110499382 -0.18344646692276 1.0354766845703125
v 0.1687903255224228 -0.1683112233877182 0.955190896987915
v -0.28870755434036255 -0.20258431136608124 1.1554750204086304
v -0.15413455665111542 -0.18083326518535614 1.0214539766311646
v -0.04863962158560753 -0.16086475551128387 0.9071152210235596
v 0.04094691202044487 -0.1697872430086136 0.9674842953681946
v 0.13033346831798553 -0.16684558987617493 0.9463478326797485
v 0.25215980410575867 -0.1729632318019867 1.0028066635131836
v -0.19779865443706512 -0.18876196444034576 1.0347204208374023
v -0.09728460758924484 -0.17987275123596191 1.0234534740447998
v 0.003927468787878752 -0.1614290475845337 0.9184703826904297
v 0.1005774438381195 -0.179030179977417 1.0237727165222168
v 0.1910860538482666 -0.16762472689151764 0.9626410007476807
v -0.2657231390476227 -0.20090077817440033 1.1526029109954834
v -0.13216887414455414 -0.1772691011428833 1.0187057256698608
v -0.030108531937003136 -0.1590651571750641 0.9022279977798462
v 0.06299161911010742 -0.1825261414051056 1.0524356365203857
v 0.15096814930438995 -0.16403089463710785 0.9518773555755615
v 0.2886749804019928 -0.1881837099790573 1.0765843391418457
v -0.1748734563589096 -0.17973347008228302 1.0257799625396729
v -0.06676279753446579 -0.15586650371551514 0.9157660603523254
v 0.02206297777593136 -0.1588837057352066 0.9181145429611206
v 0.11999066919088364 -0.17705483734607697 1.021064281463623
v 0.22078029811382294 -0.17057755589485168 0.9912207126617432
v -0.23979677259922028 -0.20018397271633148 1.1495392322540283
v -0.11426033824682236 -0.17542822659015656 1.024566888809204
v -0.012409587390720844 -0.15760527551174164 0.9105671644210815
v 0.08336853235960007 -0.17676879465579987 1.0319814682006836
v 0.1704278588294983 -0.1638278216123581 0.9544878005981445
v -0.2856523394584656 -0.19659525156021118 1.1547515392303467
v -0.1512039452791214 -0.17509427666664124 1.0198501348495483
v -0.04486597329378128 -0.15049712359905243 0.8800026774406433
v 0.043034207075834274 -0.16463914513587952 0.9656041860580444
v 0.13228493928909302 -0.16146165132522583 0.9455510973930359
v 0.2571416199207306 -0.16931672394275665 1.0124655961990356
v -0.19520203769207 -0.18082331120967865 1.0317796468734741
v -0.09500525891780853 -0.17445847392082214 1.0246407985687256
v 0.005662187468260527 -0.1567479521036148 0.9164729118347168
v 0.1024244874715805 -0.17377859354019165 1.0239399671554565
v 0.19357989728450775 -0.163468137383461 0.9636125564575195
v -0.2640894055366516 -0.19548241794109344 1.1541008949279785
v -0.13059064745903015 -0.17214281857013702 1.0201435089111328
v -0.029523314908146858 -0.14900091290473938 0.8831074237823486
v 0.06505647301673889 -0.1775287240743637 1.0539324283599854
v 0.15314015746116638 -0.1599593162536621 0.9518531560897827
v 0.29433682560920715 -0.18123219907283783 1.073967456817627
v -0.1726939082145691 -0.17343659698963165 1.025738000869751
v -0.06731738150119781 -0.16687491536140442 1.003102421760559
v 0.024047138169407845 -0.1546785831451416 0.920009434223175
v 0.12222995609045029 -0.1721719354391098 1.0221785306930542
v 0.22362352907657623 -0.166093647480011 0.9904707670211792
v -0.21729254722595215 -0.17991818487644196 1.03760826587677
v -0.11255036294460297 -0.17037568986415863 1.0264674425125122
v -0.009842962957918644 -0.1542443186044693 0.9131152033805847
v 0.08578041195869446 -0.17120736837387085 1.0296803712844849
v 0.17215092480182648 -0.15912701189517975 0.9536515474319458
v -0.282809317111969 -0.19068771600723267 1.1540212631225586
v -0.14879843592643738 -0.16941863298416138 1.0188102722167969
v -0.043052010238170624 -0.1451634019613266 0.8779451251029968
v 0.04595599323511124 -0.1596272736787796 0.9649112820625305
v 0.13428732752799988 -0.1563679277896881 0.9450359344482422
v 0.26113367080688477 -0.16731497645378113 1.0227175951004028
v -0.192551851272583 -0.17326007783412933 1.0307550430297852
v -0.09252703934907913 -0.16919943690299988 1.0257495641708374
v 0.00744555052369833 -0.15159161388874054 0.9141982197761536
v 0.10447283089160919 -0.1687151938676834 1.0247300863265991
v 0.19721296429634094 -0.15912304818630219 0.967673122882843
v -0.26204514503479004 -0.18999388813972473 1.1553857326507568
v -0.12915456295013428 -0.167111337184906 1.021993637084961
v -0.027190709486603737 -0.14400222897529602 0.8818097114562988
v 0.06715163588523865 -0.17225944995880127 1.055509328842163
v 0.1548704206943512 -0.15567825734615326 0.9515684843063354
v -0.3167039155960083 -0.19043387472629547 1.1607178449630737
v -0.17023161053657532 -0.167689710855484 1.0251572132110596
v -0.059500280767679214 -0.14267927408218384 0.8780544996261597
v 0.026241539046168327 -0.1501438319683075 0.9211509823799133
v 0.12546777725219727 -0.16739191114902496 1.0240752696990967
v 0.22647513449192047 -0.16146992146968842 0.989942193031311
v -0.21321120858192444 -0.17327459156513214 1.034632682800293
v -0.11080208420753479 -0.16591960191726685 1.0283398628234863
v -0.007634493988007307 -0.14978927373886108 0.9122048616409302
v 0.08796948194503784 -0.1660257875919342 1.0296186208724976
v 0.1736486852169037 -0.15446653962135315 0.9524238705635071
v -0.28022029995918274 -0.18482723832130432 1.153468132019043
v -0.14685331284999847 -0.16405805945396423 1.0189989805221558
v -0.0413125641644001 -0.14074283838272095 0.8774563670158386
v 0.04954993724822998 -0.1550234854221344 0.9672276377677917
v 0.13632062077522278 -0.1515754759311676 0.9451076984405518
v 0.26365986466407776 -0.16487421095371246 1.029908537864685
v -0.19004276394844055 -0.1670902669429779 1.0301586389541626
v -0.08998068422079086 -0.16428135335445404 1.026435375213623
v 0.00926730316132307 -0.14672410488128662 0.9128162264823914
v 0.10670846700668335 -0.163704976439476 1.0266566276550293
v 0.2005106508731842 -0.155060276389122 0.9730842113494873
v -0.25944364070892334 -0.18454118072986603 1.155632734298706
v -0.12783829867839813 -0.16215139627456665 1.0237104892730713
v -0.025317134335637093 -0.13974693417549133 0.8817471265792847
v 0.06907211244106293 -0.1671030968427658 1.0568249225616455
v 0.156521275639534 -0.15138214826583862 0.9508890509605408
v -0.30805355310440063 -0.18286405503749847 1.157808780670166
v -0.16768577694892883 -0.1620904803276062 1.0245980024337769
v -0.05719325691461563 -0.1375715732574463 0.8762414455413818
v 0.028363555669784546 -0.14527127146720886 0.9206515550613403
v 0.11570300161838531 -0.1477978527545929 0.9488347172737122
v 0.2292589247226715 -0.1567353457212448 0.9896385669708252
v -0.20983904600143433 -0.16557155549526215 1.0321354866027832
v -0.10943612456321716 -0.16138868033885956 1.0293827056884766
v -0.0052968598902225494 -0.14465105533599854 0.9109172821044922
v 0.08979897201061249 -0.1610928624868393 1.03129243850708
v 0.17543525993824005 -0.14998504519462585 0.9517541527748108
v -0.27796730399131775 -0.17895202338695526 1.1529617309570312
v -0.14511199295520782 -0.15912187099456787 1.020315170288086
v -0.03955816105008125 -0.13648395240306854 0.8774105906486511
v 0.04758921265602112 -0.16415488719940186 1.056098461151123
v 0.13825194537639618 -0.1469850093126297 0.9455989003181458
v 0.2695504426956177 -0.1669711321592331 1.0752239227294922
v -0.18741475045681 -0.161179780960083 1.0291259288787842
v -0.08811236917972565 -0.159768208861351 1.0252243280410767
v 0.011173601262271404 -0.14175385236740112 0.9120309352874756
v 0.10953493416309357 -0.15896791219711304 1.031079649925232
v 0.20354147255420685 -0.15100550651550293 0.9769375324249268
v -0.2558249235153198 -0.17873813211917877 1.1557905673980713
v -0.12627117335796356 -0.15729154646396637 1.0250600576400757
v -0.02377975545823574 -0.13564038276672363 0.8818803429603577
v 0.07111292332410812 -0.1616525650024414 1.0574216842651367
v 0.15794789791107178 -0.14667855203151703 0.9490467309951782
v -0.30314740538597107 -0.17673462629318237 1.1558724641799927
v -0.165240079164505 -0.1566222459077835 1.023867130279541
v -0.05519477277994156 -0.13335317373275757 0.875545084476471
v 0.03063088096678257 -0.14032764732837677 0.9191941022872925
v 0.11759432405233383 -0.14274755120277405 0.9483830332756042
v 0.232140451669693 -0.15168441832065582 0.9889808297157288
v -0.20692013204097748 -0.1591709554195404 1.0315035581588745
v -0.10767640918493271 -0.15667323768138885 1.0294971466064453
v -0.003481939435005188 -0.1393125206232071 0.9100742340087891
v 0.0916815847158432 -0.15617378056049347 1.034741997718811
v 0.17748528718948364 -0.14572760462760925 0.9525133967399597
v -0.27585920691490173 -0.1732441633939743 1.1527243852615356
v -0.1433197408914566 -0.1542993038892746 1.0216591358184814
v -0.037862978875637054 -0.13240472972393036 0.8775032758712769
v 0.051106926053762436 -0.16010890901088715 1.0605998039245605
v 0.14021621644496918 -0.14235135912895203 0.9463473558425903
v 0.27191486954689026 -0.16270780563354492 1.0799363851547241
v -0.18498782813549042 -0.15522821247577667 1.0282548666000366
v -0.07455442100763321 -0.13241904973983765 0.8811249732971191
v 0.013038290664553642 -0.13696704804897308 0.9119100570678711
v 0.11451850831508636 -0.1555301994085312 1.064901351928711
v 0.2058040350675583 -0.14676454663276672 0.9794425368309021
v -0.23191264271736145 -0.158323273062706 1.0332741737365723
v -0.12424560636281967 -0.15264581143856049 1.026480793952942
v -0.022062480449676514 -0.13139811158180237 0.881078839302063
v 0.07342709600925446 -0.15556004643440247 1.0571261644363403
v 0.1595049649477005 -0.1418941617012024 0.9477339386940002
v -0.298674076795578 -0.1708402931690216 1.1541069746017456
v -0.16277055442333221 -0.15138404071331024 1.0235202312469482
v -0.053032610565423965 -0.12915942072868347 0.8751682639122009
v 0.0328664630651474 -0.13563880324363708 0.9188196063041687
v 0.12012085318565369 -0.13753503561019897 0.9490737915039062
v 0.23481318354606628 -0.1462293416261673 0.9881391525268555
v -0.20449955761432648 -0.1532990038394928 1.0306923389434814
v -0.10557850450277328 -0.15159450471401215 1.0291016101837158
v -0.0020552321802824736 -0.13411423563957214 0.9093701243400574
v 0.09720613062381744 -0.15270258486270905 1.0654326677322388
v 0.18556101620197296 -0.1416487693786621 0.9725219011306763
v -0.27385246753692627 -0.16776718199253082 1.1525570154190063
v -0.14145921170711517 -0.14926587045192719 1.0225694179534912
v -0.0360715277493 -0.1282159835100174 0.8773482441902161
v 0.054112955927848816 -0.15394262969493866 1.0619648694992065
v 0.14210984110832214 -0.13775914907455444 0.9466596841812134
v 0.27438583970069885 -0.15770390629768372 1.0815677642822266
v -0.18247242271900177 -0.14973372220993042 1.0276098251342773
v -0.07147528976202011 -0.12671302258968353 0.877453088760376
v 0.01488506980240345 -0.13238708674907684 0.9127497673034668
v 0.11729644984006882 -0.1502939611673355 1.066786527633667
v 0.20804086327552795 -0.14181730151176453 0.9802817106246948
v -0.2283978909254074 -0.15205849707126617 1.034121036529541
v -0.12237424403429031 -0.1474946290254593 1.0282230377197266
v -0.020334122702479362 -0.12653082609176636 0.8787225484848022
v 0.07594000548124313 -0.15045449137687683 1.0567529201507568
v 0.161161869764328 -0.13719330728054047 0.9468547701835632
v -0.29469653964042664 -0.1648358851671219 1.152288794517517
v -0.1601778119802475 -0.14622069895267487 1.0234508514404297
v -0.050906118005514145 -0.12479451298713684 0.8735910058021545
v 0.03506043180823326 -0.131000816822052 0.9194052815437317
v 0.12205494940280914 -0.1324576586484909 0.9489495158195496
v 0.238037571310997 -0.14093035459518433 0.9879935383796692
v -0.20208348333835602 -0.14775417745113373 1.0300779342651367
v -0.1030900776386261 -0.14640574157238007 1.0282402038574219
v -0.0008768891566433012 -0.12935490906238556 0.9101181030273438
v 0.09941092133522034 -0.14830583333969116 1.0687094926834106
v 0.1879720389842987 -0.1375693380832672 0.9763209223747253
v -0.27167975902557373 -0.16253001987934113 1.1513068675994873
v -0.13967356085777283 -0.14430762827396393 1.023553490638733
v -0.03449823334813118 -0.1237373873591423 0.87615567445755
v 0.0567854568362236 -0.1477997601032257 1.0575742721557617
v 0.14392487704753876 -0.1331842690706253 0.9471835494041443
v 0.27700114250183105 -0.1518959105014801 1.0814690589904785
v -0.1798638105392456 -0.14426913857460022 1.027512550354004
v -0.06886473298072815 -0.12198977172374725 0.875680148601532
v 0.016850588843226433 -0.12734441459178925 0.9141106009483337
v 0.12019161880016327 -0.14555267989635468 1.0681666135787964
v 0.2102341502904892 -0.13671629130840302 0.9795277118682861
v -0.22495639324188232 -0.14566223323345184 1.033849835395813
v -0.12064475566148758 -0.14224502444267273 1.0289392471313477
v -0.018566440790891647 -0.12183038890361786 0.8775563836097717
v 0.07892771065235138 -0.14563915133476257 1.0605006217956543
v 0.16286252439022064 -0.13230358064174652 0.9460757970809937
v -0.29109883308410645 -0.15885725617408752 1.150469183921814
v -0.1578131914138794 -0.14098715782165527 1.0238072872161865
v -0.048876967281103134 -0.12035676836967468 0.8713158965110779
v 0.038204047828912735 -0.12631475925445557 0.9212732911109924
v 0.1242651417851448 -0.12771110236644745 0.9503066539764404
v 0.2415432184934616 -0.13557232916355133 0.988776683807373
v -0.19966532289981842 -0.14222587645053864 1.029833436012268
v -0.10049029439687729 -0.141151562333107 1.0268065929412842
v 0.00011644259211607277 -0.12467320263385773 0.9123336672782898
v 0.10184551030397415 -0.14351196587085724 1.0703068971633911
v 0.1902703493833542 -0.1332429200410843 0.9782767295837402
v -0.2685193419456482 -0.15733253955841064 1.1489038467407227
v -0.13798975944519043 -0.1393883228302002 1.0247617959976196
v -0.032825492322444916 -0.11894218623638153 0.8744886517524719
v 0.05757277086377144 -0.13891735672950745 1.0283130407333374
v 0.14585086703300476 -0.12862099707126617 0.947617769241333
v 0.2789432108402252 -0.14582863450050354 1.0800864696502686
v -0.1776127815246582 -0.13934136927127838 1.028069257736206
v -0.06625979393720627 -0.11735953390598297 0.873968243598938
v 0.01889636181294918 -0.12214319407939911 0.9166392087936401
v 0.1228763535618782 -0.14058619737625122 1.070068359375
v 0.2127535045146942 -0.13154229521751404 0.9790310263633728
v -0.22129520773887634 -0.14020317792892456 1.0333964824676514
v -0.11875858902931213 -0.13716140389442444 1.0292302370071411
v -0.016585206612944603 -0.11742722988128662 0.8771988749504089
v 0.08248041570186615 -0.14163339138031006 1.0662529468536377
v 0.16441534459590912 -0.1272066980600357 0.9454697370529175
v -0.2878219783306122 -0.15290531516075134 1.1482824087142944
v -0.1558924913406372 -0.13598978519439697 1.0247334241867065
v -0.04711928218603134 -0.11599667370319366 0.8699465990066528
v 0.03850683569908142 -0.1264987289905548 0.9694804549217224
v 0.12692669034004211 -0.1241547018289566 0.9531037211418152
v 0.24471010267734528 -0.13066910207271576 0.9904050230979919
v -0.19715672731399536 -0.13677333295345306 1.0298206806182861
v -0.09755383431911469 -0.13558711111545563 1.0241453647613525
v 0.002633189782500267 -0.12056484818458557 0.9211824536323547
v 0.10415947437286377 -0.13855807483196259 1.0718178749084473
v 0.19238783419132233 -0.12857505679130554 0.9796937108039856
v -0.2641144394874573 -0.15192840993404388 1.145544171333313
v -0.13637058436870575 -0.13440322875976562 1.026227593421936
v -0.03097587451338768 -0.11447517573833466 0.8731153011322021
v 0.059200938791036606 -0.1302405446767807 0.994849681854248
v 0.14767198264598846 -0.12388535588979721 0.9475756287574768
v 0.28079158067703247 -0.140004500746727 1.0766063928604126
v -0.17549273371696472 -0.13377854228019714 1.0290035009384155
v -0.06396845728158951 -0.11288689821958542 0.8728208541870117
v 0.020543290302157402 -0.1283257007598877 0.9885817170143127
v 0.12527227401733398 -0.135346919298172 1.0711560249328613
v 0.21541635692119598 -0.12665079534053802 0.9797776341438293
v -0.21836988627910614 -0.13536350429058075 1.0331220626831055
v -0.11681855469942093 -0.13206826150417328 1.0292048454284668
v -0.014298627153038979 -0.1128770112991333 0.8778427839279175
v 0.08210188895463943 -0.1284933090209961 0.9899356365203857
v 0.16619659960269928 -0.1220063865184784 0.9450892806053162
v -0.28492555022239685 -0.14716032147407532 1.1455806493759155
v -0.15404506027698517 -0.13115853071212769 1.0258270502090454
v -0.04563651233911514 -0.11137647181749344 0.870834231376648
v 0.04067954048514366 -0.12291686981916428 0.9745849370956421
v 0.1302894502878189 -0.12129077315330505 0.9603005051612854
v 0.25005605816841125 -0.13816548883914948 1.0556402206420898
v -0.19474859535694122 -0.1315634846687317 1.029735803604126
v -0.09448979049921036 -0.1299145221710205 1.0201115608215332
v 0.004471219144761562 -0.11756204068660736 0.9368268251419067
v 0.10636799782514572 -0.1335781365633011 1.0734292268753052
v 0.19461487233638763 -0.12357471138238907 0.9808174967765808
v -0.25893914699554443 -0.1453864425420761 1.1383477449417114
v -0.1345711201429367 -0.12905918061733246 1.0278486013412476
v -0.02934713289141655 -0.10993647575378418 0.873485803604126
v 0.06159837543964386 -0.12420704960823059 0.992616593837738
v 0.14924897253513336 -0.11880315840244293 0.9471020698547363
v 0.28453361988067627 -0.13399147987365723 1.0722614526748657
v -0.17327140271663666 -0.1286790519952774 1.0295416116714478
v -0.06176766753196716 -0.10825852304697037 0.8727399110794067
v 0.022815527394413948 -0.12206213176250458 0.9861783385276794
v 0.12699519097805023 -0.12975949048995972 1.0716743469238281
v 0.21871201694011688 -0.12154363840818405 0.9815329909324646
v -0.2154289036989212 -0.12977376580238342 1.0323904752731323
v -0.11474073678255081 -0.12681902945041656 1.0291247367858887
v -0.012986492365598679 -0.10912085324525833 0.8846330642700195
v 0.08435024321079254 -0.12289220094680786 0.9911239743232727
v 0.17638041079044342 -0.11945898830890656 0.978437066078186
v -0.2824142277240753 -0.1414116770029068 1.1430195569992065
v -0.15213407576084137 -0.12635298073291779 1.0271978378295898
v -0.044025298207998276 -0.10729006677865982 0.872589647769928
v 0.04326162859797478 -0.11895053833723068 0.9770074486732483
v 0.13470230996608734 -0.11758427321910858 0.9721377491950989
v 0.2586584985256195 -0.1316535323858261 1.0764104127883911
v -0.19222426414489746 -0.12631197273731232 1.0294830799102783
v -0.09150421619415283 -0.12278898060321808 1.0081231594085693
v 0.00612130481749773 -0.11402174085378647 0.9514724016189575
v 0.10852040350437164 -0.1279982030391693 1.0744006633758545
v 0.19708213210105896 -0.11843540519475937 0.9818875789642334
v -0.23924614489078522 -0.12946420907974243 1.037380576133728
v -0.1327095627784729 -0.12407632917165756 1.0289167165756226
v -0.028256839141249657 -0.10503188520669937 0.8789540529251099
v 0.06318629533052444 -0.11928433179855347 0.9923078417778015
v 0.15077760815620422 -0.11296271532773972 0.9467337131500244
v 0.29026201367378235 -0.12653885781764984 1.06781005859375
v -0.17100682854652405 -0.1237177699804306 1.0298784971237183
v -0.05976371094584465 -0.10392824560403824 0.8723241090774536
v 0.025141749531030655 -0.11591970175504684 0.9776108264923096
v 0.12889768183231354 -0.12377338856458664 1.0714728832244873
v 0.22173207998275757 -0.11677263677120209 0.9835993051528931
v -0.21270029246807098 -0.12455614656209946 1.0323805809020996
v -0.1125127300620079 -0.12200792878866196 1.0289913415908813
v -0.017932938411831856 -0.1280004382133484 1.057369589805603
v 0.08995291590690613 -0.12382419407367706 1.0722260475158691
v 0.17820249497890472 -0.11516190320253372 0.9803705811500549
v -0.2800309956073761 -0.1359163224697113 1.1416184902191162
v -0.15035802125930786 -0.12147969007492065 1.0289121866226196
v -0.04222458228468895 -0.10317439585924149 0.8740760684013367
v 0.04532000422477722 -0.115675188601017 0.9979300498962402
v 0.13752131164073944 -0.11416558176279068 0.9751526713371277
v 0.2563471496105194 -0.11645012348890305 1.0169241428375244
v -0.18980932235717773 -0.12097189575433731 1.0292621850967407
v -0.08397162705659866 -0.10406683385372162 0.9077209234237671
v 0.007840795442461967 -0.12434650212526321 1.0588359832763672
v 0.1105649322271347 -0.12169621884822845 1.0758014917373657
v 0.19968543946743011 -0.11320754140615463 0.9829273223876953
v -0.2351728081703186 -0.12334627658128738 1.0366482734680176
v -0.13075709342956543 -0.11907120048999786 1.0295815467834473
v -0.026493795216083527 -0.10117833316326141 0.8786667585372925
v 0.06461001932621002 -0.11473824828863144 0.9935322999954224
v 0.1576007604598999 -0.11087009310722351 0.9749703407287598
v -0.3097149729728699 -0.1343570053577423 1.137233853340149
v -0.1689140349626541 -0.11866696923971176 1.0304449796676636
v -0.057976894080638885 -0.0997013971209526 0.8720409274101257
v 0.02681143209338188 -0.11089951545000076 0.9751994013786316
v 0.11709762364625931 -0.11239928752183914 0.9495561122894287
v 0.22531814873218536 -0.11171720176935196 0.9864217638969421
v -0.21038375794887543 -0.11867889761924744 1.0323866605758667
v -0.11024849861860275 -0.1171932965517044 1.029117465019226
v -0.014088587835431099 -0.12221148610115051 1.060511827468872
v 0.08282545208930969 -0.11149513721466064 0.9546322822570801
v 0.18180227279663086 -0.10992643982172012 0.9848448038101196
v -0.277602881193161 -0.13080322742462158 1.140906572341919
v -0.1488354653120041 -0.11636952310800552 1.0311121940612793
v -0.04045112803578377 -0.0989447757601738 0.8757769465446472
v 0.048140864819288254 -0.11141149699687958 0.9977093935012817
v 0.14015699923038483 -0.11082208901643753 0.9751551747322083
v 0.25958749651908875 -0.11041515320539474 1.025349497795105
v -0.18720749020576477 -0.1152937263250351 1.0283033847808838
v -0.08488420397043228 -0.10139397531747818 0.92415851354599
v 0.010065458714962006 -0.11951343715190887 1.0624984502792358
v 0.11242779344320297 -0.11386661231517792 1.077004313468933
v 0.2023649662733078 -0.10811241716146469 0.9840806126594543
v -0.23181897401809692 -0.11708945780992508 1.036444902420044
v -0.12893061339855194 -0.1141146793961525 1.0302804708480835
v -0.024325529113411903 -0.09701665490865707 0.8787586092948914
v 0.06563923507928848 -0.11080396175384521 0.9950470328330994
v 0.16025610268115997 -0.10650867968797684 0.9769255518913269
v -0.3055368959903717 -0.1278771162033081 1.1419267654418945
v -0.16670362651348114 -0.11339781433343887 1.030764102935791
v -0.056369319558143616 -0.09532835334539413 0.8722699880599976
v 0.02859441190958023 -0.10647977143526077 0.9751254916191101
v 0.11922794580459595 -0.1056322529911995 0.9479317665100098
v 0.22961807250976562 -0.1063927561044693 0.9904270172119141
v -0.2079007923603058 -0.1127970740199089 1.0318312644958496
v -0.10808277130126953 -0.11223095655441284 1.0296882390975952
v -0.011472207494080067 -0.11584624648094177 1.0615400075912476
v 0.08412095159292221 -0.10494495183229446 0.9521751999855042
v 0.18495415151119232 -0.10503698885440826 0.9884707927703857
v -0.27519381046295166 -0.1257593333721161 1.1421864032745361
v -0.14702652394771576 -0.11134523153305054 1.0319626331329346
v -0.038630880415439606 -0.09448222815990448 0.8751615881919861
v 0.04993101954460144 -0.10648747533559799 0.9951819181442261
v 0.1375662237405777 -0.10204610973596573 0.9496919512748718
v 0.2602047324180603 -0.11167880147695541 1.073297381401062
v -0.18500681221485138 -0.10993270576000214 1.0277570486068726
v -0.08356647938489914 -0.11042655259370804 1.0290474891662598
v 0.013429295271635056 -0.11486520618200302 1.064806580543518
v 0.10281529277563095 -0.10316315293312073 0.9523082971572876
v 0.20486311614513397 -0.10290643572807312 0.9856668710708618
v -0.2285054326057434 -0.11134079843759537 1.035717487335205
v -0.12695570290088654 -0.10906025767326355 1.0307981967926025
v -0.022072501480579376 -0.09290693700313568 0.8790349960327148
v 0.06629029661417007 -0.10043184459209442 0.9490318894386292
v 0.16285257041454315 -0.10175859928131104 0.9781926274299622
v -0.3021843433380127 -0.12207528948783875 1.1431779861450195
v -0.1647694855928421 -0.1082279309630394 1.0312033891677856
v -0.054888058453798294 -0.09079249203205109 0.8729299902915955
v 0.030538829043507576 -0.1019703596830368 0.9752078056335449
v 0.1211257204413414 -0.10031764209270477 0.9477925896644592
v 0.2343597561120987 -0.10038062185049057 0.995125412940979
v -0.20524516701698303 -0.10700487345457077 1.0310032367706299
v -0.10608896613121033 -0.10715410858392715 1.030819296836853
v -0.009269540198147297 -0.10989703238010406 1.0621551275253296
v 0.08571156114339828 -0.09937619417905807 0.9518550038337708
v 0.1869533509016037 -0.0994599312543869 0.9900181889533997
v -0.2722827196121216 -0.12004183232784271 1.1425061225891113
v -0.14502593874931335 -0.10623171180486679 1.0327001810073853
v -0.03682754933834076 -0.09016700834035873 0.8748209476470947
v 0.05094856768846512 -0.10204504430294037 0.9931758642196655
v 0.13995622098445892 -0.09739279001951218 0.9498518705368042
v 0.27561497688293457 -0.11442018300294876 1.1152918338775635
v -0.1830293983221054 -0.10467405617237091 1.0280145406723022
v -0.08027561008930206 -0.10642416775226593 1.0352267026901245
v 0.015674807131290436 -0.10965286940336227 1.0674437284469604
v 0.10448406636714935 -0.09750941395759583 0.9511963129043579
v 0.20771591365337372 -0.09746890515089035 0.9875847697257996
v -0.22602635622024536 -0.10523301362991333 1.0352225303649902
v -0.12490294873714447 -0.10396121442317963 1.0312321186065674
v -0.01982872374355793 -0.08883768320083618 0.8795456886291504
v 0.06821686774492264 -0.09534943848848343 0.9479159116744995
v 0.1655329316854477 -0.09673908352851868 0.9798584580421448
v -0.29887357354164124 -0.1166401281952858 1.1451750993728638
v -0.16303148865699768 -0.10288196057081223 1.0323996543884277
v -0.05297474190592766 -0.08636188507080078 0.8746830224990845
v 0.03263692557811737 -0.09746664762496948 0.975712776184082
v 0.12300603091716766 -0.0950683131814003 0.9477204084396362
v 0.23985877633094788 -0.09344152361154556 0.997043788433075
v -0.2028418630361557 -0.10158153623342514 1.030563473701477
v -0.10413633286952972 -0.10209358483552933 1.0322747230529785
v -0.006843068171292543 -0.10414328426122665 1.063807487487793
v 0.08745987713336945 -0.09427566826343536 0.9509748816490173
v 0.189130961894989 -0.09393399208784103 0.9910032153129578
v -0.2514142394065857 -0.10287430137395859 1.0391685962677002
v -0.14315810799598694 -0.1015540063381195 1.0337316989898682
v -0.03517933934926987 -0.08580213040113449 0.8746877312660217
v 0.05196569114923477 -0.09696008265018463 0.9910193085670471
v 0.14228887856006622 -0.09252195805311203 0.9506607055664062
v 0.2806219756603241 -0.10993660986423492 1.1249618530273438
v -0.18114139139652252 -0.09916328638792038 1.0296382904052734
v -0.07601919770240784 -0.10128792375326157 1.0349708795547485
v 0.01743057370185852 -0.10506708920001984 1.0708553791046143
v 0.10582714527845383 -0.09199611842632294 0.9520467519760132
v 0.21120969951152802 -0.09205775707960129 0.9899551272392273
v -0.22370941936969757 -0.09930000454187393 1.0347493886947632
v -0.12277799844741821 -0.09897896647453308 1.03146231174469
v -0.01769712008535862 -0.08464954793453217 0.8801140785217285
v 0.07002583891153336 -0.09063190221786499 0.9473006129264832
v 0.16845357418060303 -0.09191985428333282 0.9824619293212891
v -0.29603976011276245 -0.11138146370649338 1.1481891870498657
v -0.1616072654724121 -0.09777914732694626 1.0343178510665894
v -0.05461764708161354 -0.08669016510248184 0.9184464812278748
v 0.034678276628255844 -0.09286006540060043 0.9770030379295349
v 0.12485366314649582 -0.09011881053447723 0.947702169418335
v 0.25756168365478516 -0.10492350161075592 1.125767469406128
v -0.20069380104541779 -0.09623289853334427 1.030669927597046
v -0.10207948833703995 -0.09714365750551224 1.0337060689926147
v -0.0044965301640331745 -0.09945791214704514 1.0696269273757935
v 0.08939420431852341 -0.08934619277715683 0.9501491785049438
v 0.1914992779493332 -0.08876962214708328 0.9919528961181641
v -0.24657952785491943 -0.09750158339738846 1.0395681858062744
v -0.14108993113040924 -0.0968545600771904 1.03495454788208
v -0.03342244029045105 -0.08163327723741531 0.8750506043434143
v 0.0506330169737339 -0.08758306503295898 0.9514240026473999
v 0.14455336332321167 -0.08746393769979477 0.9513914585113525
v 0.284278005361557 -0.10493154078722 1.1255265474319458
v -0.1795065551996231 -0.09353560954332352 1.0331895351409912
v -0.07250478863716125 -0.08373548835515976 0.9177066683769226
v 0.019982250407338142 -0.1026814877986908 1.085784673690796
v 0.10884483903646469 -0.08743378520011902 0.9489635825157166
v 0.21507041156291962 -0.08667106926441193 0.9939899444580078
v -0.22114209830760956 -0.09352567791938782 1.0341782569885254
v -0.12056808173656464 -0.09404770284891129 1.0315853357315063
v -0.015679068863391876 -0.08030248433351517 0.8809575438499451
v 0.07195325940847397 -0.08553948253393173 0.9459581971168518
v 0.172459214925766 -0.08720914274454117 0.9899886846542358
v -0.29340147972106934 -0.10600883513689041 1.1509640216827393
v -0.16005904972553253 -0.09343789517879486 1.035630702972412
v -0.053355470299720764 -0.08238200843334198 0.9191723465919495
v 0.03688470646739006 -0.08829248696565628 0.9789168834686279
v 0.1267625093460083 -0.08521571755409241 0.9477373361587524
v 0.26142168045043945 -0.0991949737071991 1.1263740062713623
v -0.1982146054506302 -0.09075985103845596 1.0304754972457886
v -0.09989682585000992 -0.09228353947401047 1.0351769924163818
v -0.002629167167469859 -0.09507609903812408 1.0871007442474365
v 0.09133054316043854 -0.0844753161072731 0.9492598176002502
v 0.19384965300559998 -0.08397592604160309 0.9935935139656067
v -0.24282479286193848 -0.09138406068086624 1.0392557382583618
v -0.13838639855384827 -0.09246581792831421 1.0343081951141357
v -0.03167153522372246 -0.07740026712417603 0.8758127689361572
v 0.05309747904539108 -0.08197742700576782 0.9485146403312683
v 0.14713114500045776 -0.08273624628782272 0.9524455070495605
v 0.286765456199646 -0.09968260675668716 1.1265687942504883
v -0.17800679802894592 -0.08838995546102524 1.0350431203842163
v -0.07024059444665909 -0.07893669605255127 0.9171105623245239
v 0.022481858730316162 -0.09625600278377533 1.0903902053833008
v 0.1106019914150238 -0.08250803500413895 0.948466420173645
v 0.22025273740291595 -0.08197283744812012 1.0034195184707642
v -0.21810691058635712 -0.08799842745065689 1.032160997390747
v -0.11830108612775803 -0.08868423104286194 1.030656099319458
v -0.013665089383721352 -0.0755993202328682 0.8821648359298706
v 0.07377778738737106 -0.079994335770607 0.9447154402732849
v 0.17088860273361206 -0.0795174315571785 0.9591275453567505
v -0.29068154096603394 -0.0998835638165474 1.1532840728759766
v -0.15577946603298187 -0.08592350035905838 1.0246899127960205
v -0.05164366215467453 -0.07801303267478943 0.9191247820854187
v 0.039369091391563416 -0.08366960287094116 0.9813198447227478
v 0.12865003943443298 -0.08028026670217514 0.9479404091835022
v 0.26549777388572693 -0.09400241076946259 1.1272081136703491
v -0.19634610414505005 -0.08535957336425781 1.0325675010681152
v -0.09751661866903305 -0.08663124591112137 1.035256028175354
v -0.00014685613859910518 -0.0902482196688652 1.0901265144348145
v 0.09362245351076126 -0.07943356782197952 0.9486573934555054
v 0.19708679616451263 -0.07842419296503067 0.9980223178863525
v -0.24011202156543732 -0.08525820076465607 1.0395591259002686
v -0.1346542239189148 -0.08408652245998383 1.0200976133346558
v -0.029843920841813087 -0.07292592525482178 0.8776527643203735
v 0.06047288328409195 -0.0869905948638916 1.0454578399658203
v 0.1497090458869934 -0.07807230949401855 0.9536736607551575
v 0.28946879506111145 -0.0947575643658638 1.1290979385375977
v -0.17662908136844635 -0.08355899900197983 1.0364753007888794
v -0.0679539367556572 -0.07458406686782837 0.9174037575721741
v 0.02446706034243107 -0.08922207355499268 1.0863041877746582
v 0.1127786710858345 -0.07737801969051361 0.9501993656158447
v 0.22745682299137115 -0.07637421786785126 1.008104920387268
v -0.21508939564228058 -0.08222948759794235 1.0306222438812256
v -0.11562513560056686 -0.08185765892267227 1.0263677835464478
v -0.011388522572815418 -0.070563904941082 0.8839144110679626
v 0.07569316774606705 -0.07485279440879822 0.9492049813270569
v 0.17408408224582672 -0.07458909600973129 0.9603978395462036
v -0.2867784798145294 -0.09358727931976318 1.1557408571243286
v -0.15302248299121857 -0.08060771971940994 1.0219701528549194
v -0.049618419259786606 -0.07319745421409607 0.9187195301055908
v 0.0433245524764061 -0.08331356942653656 1.0480215549468994
v 0.1309838443994522 -0.07515346258878708 0.9501740336418152
v 0.26874643564224243 -0.08876048773527145 1.1276979446411133
v -0.19463473558425903 -0.07981839030981064 1.0347299575805664
v -0.09529239684343338 -0.08124282211065292 1.0345780849456787
v 0.002394616138190031 -0.08517736196517944 1.0882576704025269
v 0.09597214311361313 -0.07455969601869583 0.9487591981887817
v 0.20075207948684692 -0.07519692182540894 1.0012975931167603
v -0.23756979405879974 -0.07954131066799164 1.038818359375
v -0.13244202733039856 -0.07772299647331238 1.0185590982437134
v -0.02804662100970745 -0.06828956305980682 0.8803653717041016
v 0.06251207739114761 -0.08050335943698883 1.044914960861206
v 0.1522430032491684 -0.07332824170589447 0.9550051093101501
v 0.2919531762599945 -0.08943777531385422 1.1317905187606812
v -0.17542001605033875 -0.07864800095558167 1.0379589796066284
v -0.06601034849882126 -0.0701499655842781 0.9182878732681274
v 0.0216620322316885 -0.0748596116900444 0.9831141829490662
v 0.11545176059007645 -0.0727512538433075 0.9529814124107361
v 0.23319712281227112 -0.07004307955503464 1.0084280967712402
v -0.21302632987499237 -0.07661295682191849 1.031392216682434
v -0.11396536231040955 -0.07652267068624496 1.0266408920288086
v -0.008521049283444881 -0.0652034804224968 0.8862692713737488
v 0.08229326456785202 -0.07621034979820251 1.0308181047439575
v 0.17730355262756348 -0.06965181976556778 0.961247980594635
v -0.2644195854663849 -0.07836852222681046 1.0440971851348877
v -0.15078675746917725 -0.07505929470062256 1.02089524269104
v -0.0475204698741436 -0.0686422809958458 0.9191272854804993
v 0.04523954167962074 -0.07772762328386307 1.0476164817810059
v 0.13310667872428894 -0.0706268921494484 0.9522956609725952
v 0.27153703570365906 -0.08338495343923569 1.1282144784927368
v -0.19290170073509216 -0.0743856132030487 1.0362833738327026
v -0.08508659154176712 -0.06727658957242966 0.9209077954292297
v 0.004855383187532425 -0.07959667593240738 1.086769461631775
v 0.09837372601032257 -0.07043302804231644 0.9498597383499146
v 0.20475248992443085 -0.07048867642879486 1.0026280879974365
v -0.2350139021873474 -0.07344011217355728 1.037125825881958
v -0.13038568198680878 -0.07280600070953369 1.0183632373809814
v -0.026156261563301086 -0.06368477642536163 0.8837822675704956
v 0.06437506526708603 -0.07489577680826187 1.0441898107528687
v 0.1549990177154541 -0.06850535422563553 0.9563642740249634
v 0.2975060045719147 -0.08361610770225525 1.1335405111312866
v -0.17425836622714996 -0.07331019639968872 1.039414882659912
v -0.06409396976232529 -0.06571760773658752 0.9192726016044617
v 0.0241620521992445 -0.06984516233205795 0.9825574159622192
v 0.11756163090467453 -0.06822478771209717 0.9547046422958374
v 0.24567364156246185 -0.07832153141498566 1.1184649467468262
v -0.21151676774024963 -0.07081342488527298 1.0332947969436646
v -0.11217503249645233 -0.07173231244087219 1.02825927734375
v -0.004619961604475975 -0.05967032164335251 0.8895538449287415
v 0.08412036299705505 -0.07045844197273254 1.022173285484314
v 0.18379537761211395 -0.06714674830436707 0.998961865901947
v -0.260104238986969 -0.07130295783281326 1.0436043739318848
v -0.14883415400981903 -0.06999291479587555 1.0203179121017456
v -0.04549890011548996 -0.06424751877784729 0.9194725751876831
v 0.04687449708580971 -0.07214568555355072 1.0470467805862427
v 0.13541388511657715 -0.06615450978279114 0.9540472626686096
v 0.2742621600627899 -0.07801935821771622 1.1286420822143555
v -0.19128237664699554 -0.06879561394453049 1.0373725891113281
v -0.08271938562393188 -0.0622698999941349 0.9214551448822021
v 0.007114038337022066 -0.07398423552513123 1.08565092086792
v 0.10111481696367264 -0.06734108179807663 1.0064525604248047
v 0.20824508368968964 -0.06442341208457947 1.003469705581665
v -0.23222409188747406 -0.0672374740242958 1.035325527191162
v -0.1283065378665924 -0.0677875429391861 1.0187383890151978
v -0.02462289296090603 -0.0592552050948143 0.8908475637435913
v 0.06595539301633835 -0.06941841542720795 1.0425879955291748
v 0.1579412817955017 -0.06329981237649918 0.9578966498374939
v -0.3134819567203522 -0.07642745971679688 1.1311619281768799
v -0.1731920838356018 -0.06824446469545364 1.0403822660446167
v -0.0622369609773159 -0.061343688517808914 0.9204926490783691
v 0.026642318814992905 -0.06481446325778961 0.9836864471435547
v 0.11920735985040665 -0.06342801451683044 0.9554198980331421
v 0.24881544709205627 -0.07302016764879227 1.1169240474700928
v -0.20989146828651428 -0.06493024528026581 1.034576654434204
v -0.11017006635665894 -0.06694154441356659 1.0297636985778809
v -0.015090737491846085 -0.07056288421154022 1.0834286212921143
v 0.08572059124708176 -0.06438559293746948 1.0222817659378052
v 0.18851915001869202 -0.06523924320936203 1.0237761735916138
v -0.2557540535926819 -0.06463257968425751 1.0422619581222534
v -0.14666928350925446 -0.06494297087192535 1.0199564695358276
v -0.043540842831134796 -0.05971312150359154 0.9201911687850952
v 0.04871490225195885 -0.06670256704092026 1.04657781124115
v 0.13766568899154663 -0.0613374337553978 0.955599844455719
v 0.27646538615226746 -0.07273412495851517 1.128172755241394
v -0.1896546334028244 -0.06311237066984177 1.037886619567871
v -0.08056115359067917 -0.05759996920824051 0.9222843647003174
v 0.009164677001535892 -0.06833329796791077 1.0854356288909912
v 0.10309009253978729 -0.06222928315401077 1.0048675537109375
v 0.21360281109809875 -0.05885566398501396 1.0077531337738037
v -0.22917495667934418 -0.06140691787004471 1.0336525440216064
v -0.12627771496772766 -0.0625842809677124 1.0197901725769043
v -0.023339003324508667 -0.05501507967710495 0.9049443602561951
v 0.06761099398136139 -0.06421829015016556 1.0404070615768433
v 0.16103164851665497 -0.05700453370809555 0.9593018889427185
v -0.3082800507545471 -0.07164788991212845 1.141381025314331
v -0.17009633779525757 -0.06253187358379364 1.0363754034042358
v -0.06042688339948654 -0.056922975927591324 0.9219011664390564
v 0.028963329270482063 -0.05991525575518608 0.986003041267395
v 0.12130957841873169 -0.05871570482850075 0.9566110372543335
v 0.251760333776474 -0.06786585599184036 1.1156764030456543
v -0.20801714062690735 -0.059082671999931335 1.0356212854385376
v -0.10800129175186157 -0.06313423812389374 1.0306274890899658
v -0.012496638111770153 -0.06555546820163727 1.0877429246902466
v 0.08744437247514725 -0.05958079546689987 1.0256508588790894
v 0.18917423486709595 -0.058287475258111954 0.9972890019416809
v -0.25218281149864197 -0.05808679014444351 1.040115475654602
v -0.14434994757175446 -0.060127243399620056 1.019762396812439
v -0.041609227657318115 -0.05505107715725899 0.9212157130241394
v 0.05059482529759407 -0.06156096234917641 1.0458948612213135
v 0.14041729271411896 -0.05580773204565048 0.9582000970840454
v 0.2782421112060547 -0.06724447011947632 1.1276283264160156
v -0.18797986209392548 -0.05802207812666893 1.0379376411437988
v -0.07860703766345978 -0.052956875413656235 0.9239578247070312
v 0.011127660982310772 -0.06294804811477661 1.0861611366271973
v 0.10560308396816254 -0.056589316576719284 0.9990934133529663
v 0.2199348509311676 -0.05443707853555679 1.019827127456665
v -0.22687506675720215 -0.05521856248378754 1.033558964729309
v -0.1243961751461029 -0.05763058364391327 1.0207960605621338
v -0.02112012356519699 -0.05053987726569176 0.9204742312431335
v 0.07087472081184387 -0.05835234746336937 1.0332995653152466
v 0.1646219789981842 -0.050413306802511215 0.9601647853851318
v -0.3051355481147766 -0.06614303588867188 1.1456218957901
v -0.1636945903301239 -0.056176166981458664 1.0238004922866821
v -0.05864022672176361 -0.052312105894088745 0.9233099222183228
v 0.031500235199928284 -0.055300164967775345 0.9892435669898987
v 0.12443885952234268 -0.05457979440689087 0.9881982207298279
v 0.25475451350212097 -0.06262119859457016 1.1148086786270142
v -0.20627622306346893 -0.0528058223426342 1.03594172000885
v -0.10706963390111923 -0.058702502399683 1.0332165956497192
v -0.00986985769122839 -0.05980267375707626 1.089665412902832
v 0.0890033021569252 -0.05569762736558914 1.0269697904586792
v 0.1951584815979004 -0.053911563009023666 1.0122994184494019
v -0.24929213523864746 -0.050908006727695465 1.0385907888412476
v -0.14212089776992798 -0.055242832750082016 1.0196090936660767
v -0.03969442471861839 -0.05019973963499069 0.9224412441253662
v 0.052329860627651215 -0.05693181976675987 1.0456891059875488
v 0.14375057816505432 -0.05039968714118004 0.9618983268737793
v 0.27995043992996216 -0.06189519539475441 1.1271262168884277
v -0.1856117695569992 -0.051787491887807846 1.0350602865219116
v -0.07675888389348984 -0.04777560383081436 0.9260390996932983
v 0.013417950831353664 -0.05769778788089752 1.086975336074829
v 0.10873352736234665 -0.050914738327264786 0.9947465658187866
v 0.22531911730766296 -0.05126733332872391 1.0354492664337158
v -0.22508814930915833 -0.048678796738386154 1.0327906608581543
v -0.12225868552923203 -0.052506186068058014 1.0218104124069214
v -0.024657437577843666 -0.05184132233262062 0.9959139823913574
v 0.07301907241344452 -0.052926842123270035 1.0383096933364868
v 0.1791187822818756 -0.055526696145534515 1.044692873954773
v -0.30473393201828003 -0.06173170730471611 1.1585147380828857
v -0.1617821902036667 -0.05073406547307968 1.0226768255233765
v -0.056709613651037216 -0.047277696430683136 0.9251561164855957
v 0.033764876425266266 -0.05102572962641716 0.9934978485107422
v 0.1274510622024536 -0.0492030568420887 0.9944443702697754
v 0.2573277950286865 -0.05763200670480728 1.1141881942749023
v -0.2046687752008438 -0.047114092856645584 1.0360671281814575
v -0.10524062812328339 -0.05300847813487053 1.030328631401062
v -0.007444013841450214 -0.053947124630212784 1.0906919240951538
v 0.09071040898561478 -0.04783877357840538 0.9937903881072998
v 0.2016107141971588 -0.04904991388320923 1.0285722017288208
v -0.24616903066635132 -0.043022673577070236 1.0367320775985718
v -0.13997657597064972 -0.05014132335782051 1.0196765661239624
v -0.037720028311014175 -0.04489901289343834 0.9239376783370972
v 0.05381936579942703 -0.05256868153810501 1.0463218688964844
v 0.1567377746105194 -0.04987535625696182 1.0306849479675293
v 0.28162872791290283 -0.05644843354821205 1.126621961593628
v -0.18267357349395752 -0.0471053384244442 1.0314421653747559
v -0.07504357397556305 -0.04194803163409233 0.9287485480308533
v 0.01575322635471821 -0.05266450718045235 1.0877480506896973
v 0.11048762500286102 -0.046664025634527206 0.9930800795555115
v 0.23013582825660706 -0.04884113743901253 1.0529255867004395
v -0.22303840517997742 -0.04179562255740166 1.0342860221862793
v -0.12037001550197601 -0.048147957772016525 1.023393154144287
v -0.02161206677556038 -0.0459352545440197 0.9983554482460022
v 0.07533702254295349 -0.04814934730529785 1.051076054573059
v 0.18303383886814117 -0.05167263001203537 1.0597351789474487
v -0.3015875816345215 -0.05597236379981041 1.161592721939087
v -0.15952563285827637 -0.04604240879416466 1.0217217206954956
v -0.054614730179309845 -0.04180680587887764 0.9273118376731873
v 0.03626243770122528 -0.048851851373910904 1.0581141710281372
v 0.1303836703300476 -0.04405137151479721 0.9976494908332825
v 0.259660542011261 -0.052472032606601715 1.1147984266281128
v -0.20416122674942017 -0.0423591248691082 1.0400742292404175
v -0.10271349549293518 -0.04661010205745697 1.0304210186004639
v -0.005058846902102232 -0.04897952452301979 1.0912559032440186
v 0.09228330850601196 -0.04375872015953064 0.9905170202255249
v 0.2069680392742157 -0.045207154005765915 1.0448909997940063
v -0.2750796675682068 -0.05484091863036156 1.1691200733184814
v -0.13783015310764313 -0.044864047318696976 1.0196982622146606
v -0.035788752138614655 -0.03912157192826271 0.9261071681976318
v 0.05636119097471237 -0.04517410323023796 1.0238051414489746
v 0.15939147770404816 -0.044142961502075195 1.0319551229476929
v 0.28316250443458557 -0.05080964416265488 1.1261903047561646
v -0.180482879281044 -0.041662804782390594 1.0300381183624268
v -0.07285914570093155 -0.035808101296424866 0.9319697618484497
v 0.018050597980618477 -0.047717347741127014 1.088407278060913
v 0.11238889396190643 -0.042310941964387894 0.9922518134117126
v 0.2346608191728592 -0.04590699076652527 1.0677521228790283
v -0.24375396966934204 -0.0499136708676815 1.1438766717910767
v -0.11856740713119507 -0.04187723249197006 1.0302329063415527
v -0.019390452653169632 -0.04087251424789429 0.999380350112915
v 0.07762179523706436 -0.04371342062950134 1.0531504154205322
v 0.18828970193862915 -0.04795330390334129 1.079161524772644
v -0.2972956895828247 -0.04897993803024292 1.1619197130203247
v -0.1571139544248581 -0.04109443351626396 1.0207490921020508
v -0.05254929140210152 -0.035856783390045166 0.9300217628479004
v 0.03795907646417618 -0.044210225343704224 1.0578652620315552
v 0.13367481529712677 -0.039643727242946625 1.0034691095352173
v 0.2618768811225891 -0.04726647585630417 1.1161003112792969
v -0.21865102648735046 -0.04549627751111984 1.1281890869140625
v -0.10034139454364777 -0.04074016958475113 1.03091299533844
v -0.002988757798448205 -0.04407672584056854 1.0922549962997437
v 0.09369216114282608 -0.03937331214547157 0.9896664023399353
v 0.2118346393108368 -0.04137993976473808 1.0585819482803345
v -0.2714395821094513 -0.0452972911298275 1.1629638671875
v -0.13580484688282013 -0.03930654376745224 1.0199522972106934
v -0.03340892866253853 -0.03289191424846649 0.9287161231040955
v 0.0611255057156086 -0.04114433377981186 1.0517452955245972
v 0.1618185192346573 -0.03885425627231598 1.0322405099868774
v 0.2853280305862427 -0.04528060182929039 1.1254725456237793
v -0.17845167219638824 -0.03636318817734718 1.0292770862579346
v -0.0781814232468605 -0.03893134370446205 1.0312241315841675
v 0.01913863606750965 -0.037869080901145935 0.9936126470565796
v 0.1142917200922966 -0.03769362345337868 0.9919186234474182
v 0.23796667158603668 -0.0420827753841877 1.076640009880066
v -0.2392560988664627 -0.04090313985943794 1.1330246925354004
v -0.11711806803941727 -0.0369923934340477 1.0301893949508667
v -0.017408471554517746 -0.03635707125067711 0.9993593692779541
v 0.07499469816684723 -0.03602816164493561 0.990666925907135
v 0.19349175691604614 -0.04110993072390556 1.0890860557556152
v -0.2936541736125946 -0.04211586341261864 1.1622788906097412
v -0.15479174256324768 -0.035804156213998795 1.020128846168518
v -0.05030196160078049 -0.029126418754458427 0.9338271617889404
v 0.03926282003521919 -0.0395679697394371 1.057416319847107
v 0.1368073970079422 -0.034608107060194016 1.0065109729766846
v 0.2640989422798157 -0.04185172915458679 1.118499755859375
v -0.21692423522472382 -0.038965243846178055 1.1274405717849731
v -0.09799745678901672 -0.0355667807161808 1.0305958986282349
v -0.0009684032993391156 -0.038342807441949844 1.0931237936019897
v 0.09539272636175156 -0.0349159762263298 0.9892313480377197
v 0.21571306884288788 -0.037736982107162476 1.0708101987838745
v -0.268189400434494 -0.038415394723415375 1.1583806276321411
v -0.13383807241916656 -0.03358829393982887 1.0209614038467407
v -0.030977560207247734 -0.02621018886566162 0.9335680603981018
v 0.06318715214729309 -0.03639395907521248 1.052701473236084
v 0.16372475028038025 -0.03275671973824501 1.0309391021728516
v 0.28820157051086426 -0.040118228644132614 1.1248574256896973
v -0.1762639731168747 -0.030843934044241905 1.0292305946350098
v -0.07616116851568222 -0.033205412328243256 1.032014012336731
v 0.021689651533961296 -0.03300520032644272 0.9932219386100769
v 0.11610106378793716 -0.03273535519838333 0.9924443960189819
v 0.2457851767539978 -0.03757937625050545 1.1216297149658203
v -0.23477435111999512 -0.03486548364162445 1.1250983476638794
v -0.11587315052747726 -0.03201704099774361 1.031491994857788
v -0.01536695659160614 -0.03167989104986191 1.0000094175338745
v 0.07692598551511765 -0.03116886503994465 0.9895873069763184
v 0.19765186309814453 -0.03498110920190811 1.0939700603485107
v -0.2900063991546631 -0.035332854837179184 1.1616950035095215
v -0.15278039872646332 -0.030134161934256554 1.020337700843811
v -0.05365870147943497 -0.031866587698459625 1.0266399383544922
v 0.040535666048526764 -0.03450050950050354 1.0550785064697266
v 0.13958603143692017 -0.029294203966856003 1.0084309577941895
v 0.2660488188266754 -0.03636900335550308 1.1206474304199219
v -0.21461191773414612 -0.03367464244365692 1.1274290084838867
v -0.09579527378082275 -0.030422313138842583 1.0315216779708862
v 0.0012216088362038136 -0.03167664632201195 1.0937408208847046
v 0.09728125482797623 -0.030231358483433723 0.9890763759613037
v 0.21888557076454163 -0.033720988780260086 1.0813854932785034
v -0.26444563269615173 -0.032304760068655014 1.1561750173568726
v -0.13225425779819489 -0.028042148798704147 1.022564172744751
v -0.03393010050058365 -0.02938932366669178 1.0055269002914429
v 0.06510666012763977 -0.031429313123226166 1.0525290966033936
v 0.16793960332870483 -0.02743525430560112 1.0497231483459473
v 0.2909722328186035 -0.034642305225133896 1.1247191429138184
v -0.17423737049102783 -0.025385180488228798 1.0290653705596924
v -0.07452403008937836 -0.02831767126917839 1.0330086946487427
v 0.02404911071062088 -0.028241362422704697 0.9942910075187683
v 0.12219355255365372 -0.02671409770846367 1.0102685689926147
v 0.24858613312244415 -0.032117899507284164 1.126159429550171
v -0.23176762461662292 -0.029671695083379745 1.121340036392212
v -0.11450023949146271 -0.026942051947116852 1.035231113433838
v -0.013315187767148018 -0.026885513216257095 1.0010149478912354
v 0.07880659401416779 -0.026043139398097992 0.9890934824943542
v 0.20136985182762146 -0.029213901609182358 1.0991110801696777
v -0.2866576910018921 -0.02881493605673313 1.1601743698120117
v -0.15114900469779968 -0.023854590952396393 1.0213838815689087
v -0.05171263590455055 -0.02645738609135151 1.027185320854187
v 0.04412473365664482 -0.026786496862769127 1.0214279890060425
v 0.14245353639125824 -0.024192119017243385 1.009764552116394
v 0.26839494705200195 -0.030644351616501808 1.1229876279830933
v -0.21220079064369202 -0.02811301313340664 1.127785086631775
v -0.09395459294319153 -0.02530348300933838 1.0337086915969849
v 0.006405671592801809 -0.024649443104863167 1.0097101926803589
v 0.09878654778003693 -0.025168782100081444 0.9903942346572876
v 0.22145985066890717 -0.02874278835952282 1.0889780521392822
v -0.2613699436187744 -0.026775632053613663 1.154240369796753
v -0.13127034902572632 -0.0230880044400692 1.0269083976745605
v -0.03211326152086258 -0.02448243834078312 1.0069282054901123
v 0.06732241809368134 -0.02653823420405388 1.0517674684524536
v 0.17687197029590607 -0.02570822276175022 1.0914019346237183
v 0.2947661876678467 -0.027930544689297676 1.1247564554214478
v -0.17184019088745117 -0.019220992922782898 1.0281251668930054
v -0.07301944494247437 -0.023576349020004272 1.033927083015442
v 0.02628779225051403 -0.023485204204916954 0.9979089498519897
v 0.12363051623106003 -0.021768271923065186 1.011279821395874
v 0.2514702379703522 -0.02655942738056183 1.128941535949707
v -0.22967547178268433 -0.024829091504216194 1.1224007606506348
v -0.11308124661445618 -0.021415116265416145 1.0395545959472656
v -0.0112631069496274 -0.022149262949824333 1.001894235610962
v 0.08052583038806915 -0.02074601501226425 0.9892707467079163
v 0.20394505560398102 -0.02376987412571907 1.1028645038604736
v -0.28354600071907043 -0.02278265543282032 1.1582318544387817
v -0.14955580234527588 -0.017024565488100052 1.023753046989441
v -0.05004305765032768 -0.02159729227423668 1.0275065898895264
v 0.04745625704526901 -0.021483508870005608 1.0410997867584229
v 0.1454506665468216 -0.019570594653487206 1.0108296871185303
v 0.27088919281959534 -0.024715106934309006 1.1259973049163818
v -0.2098701000213623 -0.022161033004522324 1.1289852857589722
v -0.09215626865625381 -0.02021273784339428 1.0354664325714111
v 0.007556408178061247 -0.019637437537312508 1.0054713487625122
v 0.10531347244977951 -0.017800604924559593 1.0137441158294678
v 0.2236166000366211 -0.023395897820591927 1.0954372882843018
v -0.25220030546188354 -0.02025904506444931 1.1229040622711182
v -0.13840603828430176 -0.02258642390370369 1.0968208312988281
v -0.029548589140176773 -0.01979769952595234 1.002963900566101
v 0.06972461193799973 -0.020560260862112045 1.0478484630584717
v 0.1819472461938858 -0.020965585485100746 1.1010160446166992
v -0.3129950165748596 -0.019711153581738472 1.1574068069458008
v -0.1858702450990677 -0.019884571433067322 1.127998948097229
v -0.07158170640468597 -0.018657594919204712 1.0347769260406494
v 0.027441613376140594 -0.018762478604912758 1.0520689487457275
v 0.1254045069217682 -0.017099669203162193 1.0121365785598755
v 0.2534365952014923 -0.020875174552202225 1.1312389373779297
v -0.2274295687675476 -0.019358912482857704 1.1239625215530396
v -0.11121788620948792 -0.016383517533540726 1.040655493736267
v -0.009426288306713104 -0.017380377277731895 1.0023739337921143
v 0.08250150829553604 -0.014973986893892288 0.9897708892822266
v 0.20549972355365753 -0.018301090225577354 1.1041756868362427
v -0.28081968426704407 -0.01716735027730465 1.156207799911499
v -0.1610073298215866 -0.01883673295378685 1.121669054031372
v -0.04835166037082672 -0.016673341393470764 1.0280228853225708
v 0.048813700675964355 -0.016446921974420547 1.0415836572647095
v 0.14826801419258118 -0.01478048786520958 1.011776089668274
v 0.2735227942466736 -0.018751012161374092 1.1296470165252686
v -0.2073870450258255 -0.01587703451514244 1.129546880722046
v -0.09017764031887054 -0.015371652320027351 1.0361608266830444
v 0.009457135573029518 -0.014735927805304527 1.0032126903533936
v 0.1067497730255127 -0.012907568365335464 1.01432466506958
v 0.22570647299289703 -0.017908310517668724 1.1009882688522339
v -0.2496200054883957 -0.014884046278893948 1.1231718063354492
v -0.1349228322505951 -0.015235879458487034 1.0842936038970947
v -0.027312960475683212 -0.015013114549219608 1.0027341842651367
v 0.07224797457456589 -0.01541689783334732 1.0737468004226685
v 0.18537013232707977 -0.014511942863464355 1.10419499874115
v -0.3057221472263336 -0.013467037118971348 1.1574087142944336
v -0.18260900676250458 -0.012565331533551216 1.1282970905303955
v -0.06954985857009888 -0.013755569234490395 1.0345783233642578
v 0.029612887650728226 -0.01409643329679966 1.0505366325378418
v 0.12739069759845734 -0.012125321663916111 1.0131281614303589
v 0.25547492504119873 -0.015093490481376648 1.1327221393585205
v -0.225540891289711 -0.013482587411999702 1.125612735748291
v -0.10924043506383896 -0.01162225753068924 1.0402435064315796
v -0.0075197299011051655 -0.012626376003026962 1.00277578830719
v 0.0850919783115387 -0.009119550697505474 0.9955424070358276
v 0.2069685459136963 -0.01269588153809309 1.1049551963806152
v -0.2783403694629669 -0.011628695763647556 1.1544381380081177
v -0.16040988266468048 -0.010112741962075233 1.1275659799575806
v -0.04659191146492958 -0.01156827062368393 1.0281853675842285
v 0.051780544221401215 -0.011263081803917885 1.0370968580245972
v 0.15085935592651367 -0.009521945379674435 1.0129971504211426
v 0.27632272243499756 -0.01293203141540289 1.1328802108764648
v -0.20476971566677094 -0.009592069312930107 1.129963994026184
v -0.08817744255065918 -0.010465443134307861 1.0367361307144165
v 0.011299895122647285 -0.009891427122056484 1.0039141178131104
v 0.1086411103606224 -0.008228367194533348 1.0151622295379639
v 0.2350205034017563 -0.010946854948997498 1.1284517049789429
v -0.24712195992469788 -0.009595886804163456 1.1246843338012695
v -0.12914960086345673 -0.007644577417522669 1.0479356050491333
v -0.025252413004636765 -0.009830120950937271 1.003190279006958
v 0.07506437599658966 -0.010550321079790592 1.0938901901245117
v 0.18775500357151031 -0.00809764489531517 1.1054103374481201
v -0.30128249526023865 -0.007779757957905531 1.1565639972686768
v -0.18073496222496033 -0.0061808242462575436 1.1297500133514404
v -0.0661824569106102 -0.008877787739038467 1.031350016593933
v 0.03197237104177475 -0.00810605101287365 1.010216474533081
v 0.12957042455673218 -0.0068258061073720455 1.0142953395843506
v 0.25745153427124023 -0.009221182204782963 1.133741021156311
v -0.22349973022937775 -0.007591633126139641 1.1275906562805176
v -0.10715655982494354 -0.00682993046939373 1.0401817560195923
v -0.005236353259533644 -0.007820764556527138 1.0049490928649902
v 0.0891648679971695 -0.004251191858202219 1.0165854692459106
v 0.20847000181674957 -0.007095139939337969 1.1061290502548218
v -0.2756313383579254 -0.00612059747800231 1.1529619693756104
v -0.1596854031085968 -0.004224296193569899 1.1310200691223145
v -0.04478677362203598 -0.006550164893269539 1.0277513265609741
v 0.0539906807243824 -0.006423342507332563 1.0362447500228882
v 0.15331414341926575 -0.0036428216844797134 1.0144109725952148
v 0.27881157398223877 -0.007412750739604235 1.1354008913040161
v -0.20207805931568146 -0.0033843726851046085 1.1305567026138306
v -0.08587200939655304 -0.005654788110405207 1.0372958183288574
v 0.01317568775266409 -0.0050671035423874855 1.0044645071029663
v 0.11054220795631409 -0.003196805715560913 1.0163204669952393
v 0.2371475249528885 -0.004778239410370588 1.1305596828460693
v -0.24468009173870087 -0.00446022255346179 1.127427101135254
v -0.12720324099063873 -0.002162872813642025 1.0473740100860596
v -0.023243863135576248 -0.004712301772087812 1.0039939880371094
v 0.0773165374994278 -0.0040814438834786415 1.0965683460235596
v 0.18988558650016785 -0.001904409029521048 1.1065410375595093
v -0.2976634204387665 -0.002290750853717327 1.1553658246994019
v -0.17869175970554352 0.00013002481136936694 1.1310815811157227
v -0.06147609278559685 -0.003746490692719817 1.026697039604187
v 0.03530482202768326 -0.0026806003879755735 1.050365924835205
v 0.1317736655473709 -0.0014203237369656563 1.0159090757369995
v 0.2591915726661682 -0.0032941456884145737 1.1345404386520386
v -0.2213028073310852 -0.0016050119884312153 1.1291831731796265
v -0.10505516827106476 -0.0019108642591163516 1.0406583547592163
v -0.007145111449062824 -0.005482394248247147 1.0868672132492065
v 0.09230121970176697 0.001325532328337431 1.0203968286514282
v 0.21033044159412384 -0.0014235712587833405 1.1072335243225098
v -0.27290078997612 -0.0006884451140649617 1.151784062385559
v -0.15790408849716187 0.0005332050495781004 1.13157320022583
v -0.042935002595186234 -0.001553402398712933 1.0275005102157593
v 0.05623755231499672 -0.0014995532110333443 1.0359700918197632
v 0.15649054944515228 0.002696000272408128 1.015971302986145
v 0.2810005247592926 -0.002038380829617381 1.1364444494247437
v -0.1994597613811493 0.002583152847364545 1.1312092542648315
v -0.0824839323759079 -0.00022246554726734757 1.0358061790466309
v 0.015300280414521694 -0.00029551784973591566 1.0044142007827759
v 0.11270324885845184 0.002068857429549098 1.0180509090423584
v 0.23910579085350037 0.0015030677895992994 1.1312302350997925
v -0.24230335652828217 0.0012692372547462583 1.1297032833099365
v -0.12591435015201569 0.0030743039678782225 1.0484991073608398
v -0.021322235465049744 0.00012461221194826066 1.0048762559890747
v 0.07978255301713943 0.002549251541495323 1.099145531654358
v 0.19152654707431793 0.003881725948303938 1.1078612804412842
v -0.29452237486839294 0.0030631013214588165 1.1544277667999268
v -0.1769505888223648 0.00580422580242157 1.1321423053741455
v -0.059227749705314636 0.001074360916391015 1.0267168283462524
v 0.03685633838176727 0.0018706809496507049 1.0519849061965942
v 0.13418234884738922 0.004482073709368706 1.0181008577346802
v 0.2609379291534424 0.0023716052528470755 1.1351728439331055
v -0.21912692487239838 0.0042222123593091965 1.1306394338607788
v -0.10339082777500153 0.003300391137599945 1.0410023927688599
v -0.004086639266461134 0.000291278149234131 1.0855438709259033
v 0.09428667277097702 0.006996962241828442 1.0221058130264282
v 0.21226336061954498 0.004610344301909208 1.1087273359298706
v -0.2703809440135956 0.004885421134531498 1.151169776916504
v -0.1468900740146637 0.00789506547152996 1.053705096244812
v -0.041003260761499405 0.003422460751608014 1.0273021459579468
v 0.05862293019890785 0.003524630330502987 1.0364333391189575
v 0.17209240794181824 0.006289337296038866 1.1108967065811157
v 0.28307920694351196 0.003285652259364724 1.1368060111999512
v -0.1967916637659073 0.00821335706859827 1.1320456266403198
v -0.08068060874938965 0.004841930232942104 1.0358744859695435
v 0.01746194064617157 0.004505382850766182 1.0044195652008057
v 0.11509054899215698 0.007791666314005852 1.0208121538162231
v 0.24106448888778687 0.007703094743192196 1.1313234567642212
v -0.2397681474685669 0.0070611871778965 1.1316941976547241
v -0.12461787462234497 0.008476322516798973 1.0501567125320435
v -0.019495481625199318 0.004956351593136787 1.0060374736785889
v 0.08231844753026962 0.00839664600789547 1.1007908582687378
v 0.1929726004600525 0.009262636303901672 1.1088361740112305
v -0.29147446155548096 0.00831086840480566 1.1535474061965942
v -0.17518053948879242 0.011198734864592552 1.1330164670944214
v -0.05866371840238571 0.007273278199136257 1.0287433862686157
v 0.03832254186272621 0.006706851534545422 1.0519490242004395
v 0.1369854211807251 0.011055322363972664 1.0209935903549194
v 0.26275309920310974 0.00808447040617466 1.1358647346496582
v -0.21661515533924103 0.010021799243986607 1.1320677995681763
v -0.10087121278047562 0.009069765917956829 1.0397380590438843
v -0.00172864506021142 0.005937628448009491 1.0838600397109985
v 0.096337229013443 0.012956631369888783 1.0249409675598145
v 0.21438738703727722 0.010048598982393742 1.1108251810073853
v -0.2677498757839203 0.010716510936617851 1.1512442827224731
v -0.14448896050453186 0.013931085355579853 1.0546467304229736
v -0.039229486137628555 0.008414143696427345 1.0270805358886719
v 0.06123121455311775 0.00868288055062294 1.03728449344635
v 0.17375589907169342 0.01281388383358717 1.1126189231872559
v 0.28504201769828796 0.008827651850879192 1.1368962526321411
v -0.1943603754043579 0.013732364401221275 1.1331102848052979
v -0.07907707244157791 0.009997285902500153 1.035740852355957
v 0.01967378333210945 0.009532539173960686 1.0047290325164795
v 0.11764675378799438 0.01423749141395092 1.0243407487869263
v 0.24266569316387177 0.0138838030397892 1.1315239667892456
v -0.23711976408958435 0.01276572234928608 1.1337459087371826
v -0.1232265755534172 0.014208005741238594 1.0518150329589844
v -0.0177660770714283 0.009893633425235748 1.0078649520874023
v 0.08489961922168732 0.013876033946871758 1.1017355918884277
v 0.19448521733283997 0.014385801739990711 1.1098723411560059
v -0.2885233461856842 0.013683086261153221 1.153190016746521
v -0.17311257123947144 0.016390779986977577 1.1339704990386963
v -0.05660891905426979 0.012201953679323196 1.028298020362854
v 0.03980696201324463 0.011255490593612194 1.0519310235977173
v 0.15395033359527588 0.014182950370013714 1.118066668510437
v 0.2647024691104889 0.014031901024281979 1.136484146118164
v -0.2138664573431015 0.01581605337560177 1.133530855178833
v -0.09829656779766083 0.014454345218837261 1.037057638168335
v 0.0002658571465872228 0.011283396743237972 1.080824851989746
v 0.09868747740983963 0.01918732188642025 1.0289088487625122
v 0.21637234091758728 0.01665869541466236 1.1138648986816406
v -0.265038400888443 0.01665564998984337 1.1520847082138062
v -0.1509111523628235 0.01748700439929962 1.1324691772460938
v -0.037687525153160095 0.013215148821473122 1.0270071029663086
v 0.06401725858449936 0.013889052905142307 1.0388152599334717
v 0.17564693093299866 0.01842133142054081 1.1124951839447021
v 0.28746750950813293 0.01466350071132183 1.13669753074646
v -0.19203528761863708 0.019212597981095314 1.1340913772583008
v -0.07663173228502274 0.015209958888590336 1.0345709323883057
v 0.02199149690568447 0.014523868449032307 1.0058213472366333
v 0.12073180079460144 0.02094745822250843 1.028608798980713
v 0.24444258213043213 0.01964106783270836 1.132201910018921
v -0.23473761975765228 0.01860177144408226 1.1356854438781738
v -0.12788856029510498 0.01756318286061287 1.1207473278045654
v -0.016025319695472717 0.015044613741338253 1.0099830627441406
v 0.08763642609119415 0.01945333555340767 1.1024489402770996
v 0.19647979736328125 0.019320670515298843 1.1110459566116333
v -0.28567469120025635 0.01927945949137211 1.1533702611923218
v -0.1710750013589859 0.021625641733407974 1.1348429918289185
v -0.05430692061781883 0.017044086009263992 1.0271623134613037
v 0.042259085923433304 0.01611594669520855 1.0488853454589844
v 0.1551867574453354 0.021190514788031578 1.1172345876693726
v 0.2670421004295349 0.01992115192115307 1.137096643447876
v -0.2112453579902649 0.02164239063858986 1.1350715160369873
v -0.0958608090877533 0.019948547706007957 1.0350574254989624
v 0.0022267326712608337 0.016454001888632774 1.0763417482376099
v 0.10990127176046371 0.020820362493395805 1.1072322130203247
v 0.21995700895786285 0.022091209888458252 1.118695616722107
v -0.2627224028110504 0.022896816954016685 1.1535743474960327
v -0.14842404425144196 0.02374921552836895 1.132809042930603
v -0.036095742136240005 0.018240734934806824 1.026828646659851
v 0.06767075508832932 0.0216841883957386 1.0983922481536865
v 0.17750251293182373 0.023331446573138237 1.1123305559158325
v 0.29010456800460815 0.020830128341913223 1.136838674545288
v -0.18976710736751556 0.024462023749947548 1.135183334350586
v -0.07419601827859879 0.020402103662490845 1.0335074663162231
v 0.024326398968696594 0.01934857666492462 1.0087450742721558
v 0.1347874104976654 0.02398974448442459 1.117211103439331
v 0.24663156270980835 0.025034096091985703 1.1332247257232666
v -0.23246288299560547 0.024587353691458702 1.1381592750549316
v -0.12572737038135529 0.024244891479611397 1.1244767904281616
v -0.014164792373776436 0.020153723657131195 1.0122655630111694
v 0.09033200889825821 0.02494538016617298 1.1028599739074707
v 0.19861863553524017 0.02435828372836113 1.1126970052719116
v -0.28277134895324707 0.02515880949795246 1.1542915105819702
v -0.1687777191400528 0.026997216045856476 1.1358140707015991
v -0.052467409521341324 0.022261256352066994 1.0269821882247925
v 0.0463743656873703 0.022204279899597168 1.0391895771026611
v 0.157523050904274 0.02721709944307804 1.117600917816162
v 0.26950886845588684 0.02589445561170578 1.1376913785934448
v -0.2088911533355713 0.02784864231944084 1.1370145082473755
v -0.09390801191329956 0.025428207591176033 1.0345155000686646
v 0.004313231911510229 0.021729469299316406 1.0692226886749268
v 0.1130836233496666 0.02801072597503662 1.1099061965942383
v 0.22437377274036407 0.027520960196852684 1.125277042388916
v -0.260699599981308 0.029288873076438904 1.1560266017913818
v -0.14610067009925842 0.02952541783452034 1.1329292058944702
v -0.03449072688817978 0.023524098098278046 1.0268477201461792
v 0.07120669633150101 0.026936864480376244 1.1010693311691284
v 0.17904548346996307 0.028433233499526978 1.1125545501708984
v 0.29431572556495667 0.028897996991872787 1.1365864276885986
v -0.18746128678321838 0.02988966554403305 1.1363260746002197
v -0.072157122194767 0.025806276127696037 1.0326366424560547
v 0.027027901262044907 0.026301095262169838 1.0647352933883667
v 0.1364162117242813 0.03085753507912159 1.1175791025161743
v 0.2490210086107254 0.0304262675344944 1.1342486143112183
v -0.23057545721530914 0.03066813014447689 1.1406913995742798
v -0.12345349043607712 0.030136490240693092 1.1242467164993286
v -0.01236887089908123 0.02498198114335537 1.014656901359558
v 0.09291908144950867 0.03069327399134636 1.1025232076644897
v 0.20089778304100037 0.029641764238476753 1.1146483421325684
v -0.2800363004207611 0.031238853931427002 1.1559553146362305
v -0.16615024209022522 0.032543737441301346 1.1366437673568726
v -0.050844836980104446 0.027092808857560158 1.0272316932678223
v 0.048789460211992264 0.027243565768003464 1.0386121273040771
v 0.16048315167427063 0.03316543623805046 1.1179115772247314
v 0.2719923257827759 0.03189944103360176 1.1379814147949219
v -0.2064194679260254 0.0341341495513916 1.1392375230789185
v -0.09199514985084534 0.031057024374604225 1.0345113277435303
v 0.0066559044644236565 0.027035830542445183 1.0507513284683228
v 0.11557262390851974 0.03461528941988945 1.1116185188293457
v 0.22832784056663513 0.03326248377561569 1.1289889812469482
v -0.2582758963108063 0.03555731847882271 1.1591540575027466
v -0.14406929910182953 0.03544830158352852 1.1330714225769043
v -0.03272934630513191 0.028786996379494667 1.0267813205718994
v 0.07404150813817978 0.03244024142622948 1.1033058166503906
v 0.18092775344848633 0.03380824625492096 1.1137361526489258
v -0.3149075210094452 0.034865837544202805 1.1495323181152344
v -0.18525715172290802 0.03621608018875122 1.137818694114685
v -0.07011834532022476 0.0309415552765131 1.0312793254852295
v 0.028652815148234367 0.031519815325737 1.0661115646362305
v 0.13927754759788513 0.03690405189990997 1.121415376663208
v 0.25151804089546204 0.03587646409869194 1.1349198818206787
v -0.22864221036434174 0.03699333220720291 1.1425788402557373
v -0.11921477317810059 0.03467617928981781 1.0733442306518555
v -0.010585123673081398 0.029762059450149536 1.0171735286712646
v 0.0955008938908577 0.03690208122134209 1.1033858060836792
v 0.2034643292427063 0.0356268435716629 1.11692214012146
v -0.2775522768497467 0.03758939728140831 1.1583067178726196
v -0.16326600313186646 0.038852475583553314 1.1380354166030884
v -0.04898681119084358 0.03188053146004677 1.0268837213516235
v 0.051078177988529205 0.03245425969362259 1.0389924049377441
v 0.1631593108177185 0.03943397104740143 1.121175765991211
v 0.27451327443122864 0.037940721958875656 1.1381862163543701
v -0.20431533455848694 0.04001660645008087 1.1415157318115234
v -0.0898563340306282 0.03683016821742058 1.034306526184082
v 0.008705420419573784 0.033062394708395004 1.0337185859680176
v 0.11819640547037125 0.040724579244852066 1.113123893737793
v 0.23146659135818481 0.03893297165632248 1.131308674812317
v -0.25611141324043274 0.04183373227715492 1.1625370979309082
v -0.143089160323143 0.04098329320549965 1.1465485095977783
v -0.028628351166844368 0.033183205872774124 1.018530011177063
v 0.07662790268659592 0.03858962655067444 1.1049937009811401
v 0.18285872042179108 0.03922771289944649 1.115618348121643
v -0.3057517409324646 0.04047949239611626 1.1558221578598022
v -0.18330027163028717 0.041819993406534195 1.1402084827423096
v -0.06822334975004196 0.036152251064777374 1.0303101539611816
v 0.030514568090438843 0.03644885495305061 1.0672266483306885
v 0.142392098903656 0.0429178923368454 1.1257994174957275
v 0.25401151180267334 0.04164978116750717 1.1358494758605957
v -0.22683919966220856 0.04304731637239456 1.1441121101379395
v -0.11283669620752335 0.04377046227455139 1.0449548959732056
v -0.007651888765394688 0.03674184903502464 1.0316238403320312
v 0.09772609919309616 0.04248524829745293 1.1043102741241455
v 0.20604021847248077 0.041585203260183334 1.1179949045181274
v -0.2751849889755249 0.043814126402139664 1.1612780094146729
v -0.16046161949634552 0.04454386979341507 1.1382697820663452
v -0.0473068431019783 0.03692861273884773 1.0267022848129272
v 0.053347695618867874 0.03764650970697403 1.0402095317840576
v 0.16529956459999084 0.04539261385798454 1.1244338750839233
v 0.2769480347633362 0.04415496066212654 1.13840651512146
v -0.20246395468711853 0.045648325234651566 1.143591284751892
v -0.08747576922178268 0.043150968849658966 1.034407377243042
v 0.011614814400672913 0.03766296058893204 1.0111478567123413
v 0.11988705396652222 0.046068184077739716 1.1123448610305786
v 0.23396101593971252 0.04476325213909149 1.1331787109375
v -0.2539037764072418 0.0479617565870285 1.1659798622131348
v -0.14096561074256897 0.047053929418325424 1.1516108512878418
v -0.026383502408862114 0.038044653832912445 1.0186522006988525
v 0.07923895120620728 0.04457306116819382 1.107304573059082
v 0.1852208524942398 0.04580741748213768 1.1191672086715698
v -0.3009103834629059 0.04627455025911331 1.158387303352356
v -0.18133001029491425 0.047383781522512436 1.141944169998169
v -0.06623274832963943 0.041329529136419296 1.0301357507705688
v 0.032378263771533966 0.04134119302034378 1.0682061910629272
v 0.14556175470352173 0.04864715039730072 1.1278893947601318
v 0.25617241859436035 0.047585755586624146 1.1369438171386719
v -0.22476701438426971 0.048899661749601364 1.145691156387329
v -0.12038969248533249 0.04708901420235634 1.1561059951782227
v -0.005586440209299326 0.04146718606352806 1.0313762426376343
v 0.10019844025373459 0.048246968537569046 1.1060997247695923
v 0.20864510536193848 0.04765310138463974 1.1207953691482544
v -0.2731248140335083 0.04977250471711159 1.1646652221679688
v -0.15820762515068054 0.050391994416713715 1.1409575939178467
v -0.045653294771909714 0.04198837652802467 1.026346206665039
v 0.055917661637067795 0.04293938726186752 1.0425552129745483
v 0.16699203848838806 0.050838738679885864 1.125931978225708
v 0.279446542263031 0.050059471279382706 1.1385921239852905
v -0.20076142251491547 0.05161556228995323 1.1455776691436768
v -0.08523645251989365 0.04956744611263275 1.0360394716262817
v 0.013654512353241444 0.04233565181493759 1.0094292163848877
v 0.12235791981220245 0.05136740580201149 1.1146563291549683
v 0.23605935275554657 0.05026836320757866 1.134537935256958
v -0.25192776322364807 0.05401639640331268 1.1690319776535034
v -0.13873055577278137 0.05357261002063751 1.1530498266220093
v -0.02432008646428585 0.0433463454246521 1.0197548866271973
v 0.08176282048225403 0.05039229989051819 1.1092432737350464
v 0.1875138133764267 0.050761282444000244 1.1196703910827637
v -0.29703253507614136 0.052082303911447525 1.160728931427002
v -0.17934294044971466 0.053504861891269684 1.1452168226242065
v -0.06423603743314743 0.04702937230467796 1.030281901359558
v 0.03423294052481651 0.046788543462753296 1.068690538406372
v 0.14806100726127625 0.053877294063568115 1.1283602714538574
v 0.2585689127445221 0.05357031896710396 1.13849937915802
v -0.2221093475818634 0.05496746674180031 1.1466734409332275
v -0.11779336631298065 0.053512703627347946 1.1575230360031128
v -0.004009655211120844 0.04598157852888107 1.0308136940002441
v 0.102581687271595 0.053787339478731155 1.1074771881103516
v 0.2110312432050705 0.05349341034889221 1.121964454650879
v -0.27141398191452026 0.055816952139139175 1.1676640510559082
v -0.1572665572166443 0.05851573124527931 1.1536296606063843
v -0.04393308609724045 0.04716740921139717 1.026146411895752
v 0.05868324264883995 0.04854312911629677 1.045265555381775
v 0.1689653843641281 0.056272901594638824 1.1277437210083008
v 0.2820081412792206 0.055724989622831345 1.1387699842453003
v -0.1989755630493164 0.05731045454740524 1.1483737230300903
v -0.09261985123157501 0.05117775499820709 1.152499794960022
v 0.016040410846471786 0.04729432612657547 1.009603500366211
v 0.12484017014503479 0.05653710290789604 1.1168038845062256
v 0.23827587068080902 0.056298647075891495 1.1377655267715454
v -0.24970965087413788 0.05982295423746109 1.1716461181640625
v -0.13664668798446655 0.059460196644067764 1.154118537902832
v -0.02209196612238884 0.048679422587156296 1.0201642513275146
v 0.08454647660255432 0.05640261992812157 1.1117568016052246
v 0.18985067307949066 0.056128304451704025 1.1203033924102783
v -0.2939240634441376 0.05780502036213875 1.1632624864578247
v -0.17742618918418884 0.06151773780584335 1.1553173065185547
v -0.06233838573098183 0.05217238888144493 1.0310237407684326
v 0.03671093285083771 0.052508410066366196 1.0687240362167358
v 0.1501711755990982 0.05935494229197502 1.1289961338043213
v 0.261136919260025 0.05953369662165642 1.1410108804702759
v -0.225055992603302 0.06280827522277832 1.1666220426559448
v -0.11535283178091049 0.0598289929330349 1.1578893661499023
v -0.0025444533675909042 0.05133422464132309 1.031162977218628
v 0.10488492995500565 0.059231821447610855 1.1095778942108154
v 0.21269924938678741 0.05903303623199463 1.1209444999694824
v -0.26966217160224915 0.06171994283795357 1.1702781915664673
v -0.15546627342700958 0.06390509009361267 1.1550081968307495
v -0.04222237691283226 0.052546415477991104 1.0262383222579956
v 0.06139684095978737 0.05430006980895996 1.047424077987671
v 0.17119352519512177 0.061725180596113205 1.129685878753662
v 0.28421178460121155 0.0612008199095726 1.1389833688735962
v -0.1974896639585495 0.06470341235399246 1.156166911125183
v -0.09345744550228119 0.05681731551885605 1.1662946939468384
v 0.01842958852648735 0.05232638865709305 1.0116723775863647
v 0.1272575706243515 0.06193903461098671 1.119615912437439
v 0.2410324364900589 0.06238877400755882 1.1412171125411987
v -0.2474139928817749 0.06547331064939499 1.1737947463989258
v -0.1343052238225937 0.06470423936843872 1.1541454792022705
v -0.019915394484996796 0.05384553596377373 1.0205637216567993
v 0.08718878030776978 0.0621049739420414 1.1127296686172485
v 0.19342733919620514 0.0638139620423317 1.1282987594604492
v -0.2910742461681366 0.06343090534210205 1.1656161546707153
v -0.17539994418621063 0.06675063818693161 1.157254934310913
v -0.06076549366116524 0.05756761506199837 1.032561182975769
v 0.04126482084393501 0.05677441135048866 1.0405927896499634
v 0.15186218917369843 0.06484222412109375 1.1294937133789062
v 0.26368728280067444 0.06522819399833679 1.143306016921997
v -0.2228168547153473 0.0688241571187973 1.1682440042495728
v -0.11231569200754166 0.06568078696727753 1.1570708751678467
v -0.000935000425670296 0.05702691525220871 1.0331162214279175
v 0.10720325261354446 0.06452231109142303 1.1113914251327515
v 0.21812012791633606 0.06565136462450027 1.134934663772583
v -0.2678590714931488 0.06748819351196289 1.172394871711731
v -0.1534021496772766 0.06877224892377853 1.15611732006073
v -0.04040420800447464 0.05798990651965141 1.026345133781433
v 0.0642363578081131 0.060037147253751755 1.0485669374465942
v 0.17398282885551453 0.06719857454299927 1.1314908266067505
v 0.2867303788661957 0.06637556105852127 1.139000654220581
v -0.1956014782190323 0.07016254216432571 1.158153772354126
v -0.08866885304450989 0.06470298022031784 1.1607357263565063
v 0.02166236937046051 0.06063820421695709 1.0671789646148682
v 0.12966494262218475 0.06732449680566788 1.1219005584716797
v 0.24413076043128967 0.06810714304447174 1.1449098587036133
v -0.24508118629455566 0.07122354209423065 1.175825834274292
v -0.1318877637386322 0.0700855404138565 1.153978943824768
v -0.018133582547307014 0.05892717465758324 1.021104335784912
v 0.08992995321750641 0.06757380068302155 1.1137311458587646
v 0.19605311751365662 0.06920009106397629 1.1312376260757446
v -0.2885536253452301 0.06910799443721771 1.1680625677108765
v -0.1732957810163498 0.0723242312669754 1.1594536304473877
v -0.059096869081258774 0.06281084567308426 1.0330193042755127
v 0.043684713542461395 0.06169247627258301 1.0380103588104248
v 0.1539410650730133 0.0703287422657013 1.1304259300231934
v 0.2661067843437195 0.07063145190477371 1.1453564167022705
v -0.2207905799150467 0.07463463395833969 1.1700245141983032
v -0.10931587964296341 0.07168085128068924 1.1557749509811401
v 0.0005137842963449657 0.06215677410364151 1.03360116481781
v 0.10943637043237686 0.06960535049438477 1.1131563186645508
v 0.22087520360946655 0.07152685523033142 1.1395001411437988
v -0.2659813165664673 0.07331572473049164 1.1742452383041382
v -0.1513272076845169 0.07410907745361328 1.1571234464645386
v -0.03834512457251549 0.06314113736152649 1.0266573429107666
v 0.06783483177423477 0.06574980169534683 1.048677682876587
v 0.17691905796527863 0.0727245956659317 1.1334551572799683
v 0.29005393385887146 0.07137792557477951 1.139451026916504
v -0.19358736276626587 0.07590536773204803 1.160243272781372
v -0.08677803725004196 0.06469102948904037 1.0935403108596802
v 0.023641610518097878 0.06611457467079163 1.06927490234375
v 0.1319769322872162 0.07241325825452805 1.1231343746185303
v 0.24678632616996765 0.07382780313491821 1.148293137550354
v -0.24280495941638947 0.07709840685129166 1.1768749952316284
v -0.1292225569486618 0.07558996230363846 1.1537553071975708
v -0.01644337922334671 0.0639885738492012 1.0217843055725098
v 0.0922291949391365 0.07282238453626633 1.1146693229675293
v 0.1995004266500473 0.07521427422761917 1.134963870048523
v -0.2860911786556244 0.07507611811161041 1.1700830459594727
v -0.17128781974315643 0.07803872227668762 1.1609784364700317
v -0.05735341086983681 0.06789202243089676 1.0329668521881104
v 0.045910172164440155 0.06651166826486588 1.0371506214141846
v 0.15646332502365112 0.07573655992746353 1.1322531700134277
v 0.2682211995124817 0.0762711763381958 1.1468775272369385
v -0.2179366946220398 0.08020924776792526 1.1698355674743652
v -0.10651116073131561 0.07758107036352158 1.1537972688674927
v 0.0022615508642047644 0.06708815693855286 1.0334267616271973
v 0.11180301010608673 0.0747787281870842 1.1160200834274292
v 0.2244369387626648 0.07764757424592972 1.1439858675003052
v -0.2637456953525543 0.07927823066711426 1.17545747756958
v -0.1491183191537857 0.07927820086479187 1.158410906791687
v -0.036299195140600204 0.06831043213605881 1.0271577835083008
v 0.07172000408172607 0.07136975228786469 1.0495837926864624
v 0.17988592386245728 0.07828206568956375 1.1349248886108398
v 0.2928982973098755 0.07678674906492233 1.1396758556365967
v -0.19162414968013763 0.0814809799194336 1.1624352931976318
v -0.07867387682199478 0.07612363994121552 1.0594741106033325
v 0.02523867040872574 0.07155635952949524 1.0701687335968018
v 0.13530750572681427 0.07832042872905731 1.1266220808029175
v 0.24872826039791107 0.07943806797266006 1.150094747543335
v -0.24067729711532593 0.08293718844652176 1.1773985624313354
v -0.12638677656650543 0.08088096231222153 1.1538339853286743
v -0.014611839316785336 0.06907422840595245 1.0224106311798096
v 0.09428844600915909 0.07776139676570892 1.1156718730926514
v 0.20300257205963135 0.0808946043252945 1.1378288269042969
v -0.28378620743751526 0.08110985159873962 1.171502947807312
v -0.16927465796470642 0.08342623710632324 1.162853717803955
v -0.055473022162914276 0.07265704870223999 1.032468557357788
v 0.048029620200395584 0.07143568992614746 1.0372793674468994
v 0.15940086543560028 0.08108317852020264 1.1338452100753784
v 0.2704237997531891 0.08179031312465668 1.1481717824935913
v -0.21522656083106995 0.08554355800151825 1.1694262027740479
v -0.10380605608224869 0.08301127701997757 1.15116286277771
v 0.004204174969345331 0.07193690538406372 1.032142996788025
v 0.11436426639556885 0.0801297202706337 1.118888258934021
v 0.2273412048816681 0.0830938071012497 1.1461926698684692
v -0.2614438533782959 0.08515066653490067 1.1763243675231934
v -0.14683067798614502 0.08436235040426254 1.160258412361145
v -0.03428342193365097 0.07338115572929382 1.0273767709732056
v 0.07214659452438354 0.08043733984231949 1.1178520917892456
v 0.1829642653465271 0.08371475338935852 1.1364883184432983
v 0.2983476221561432 0.08426352590322495 1.1398049592971802
v -0.18963080644607544 0.08703180402517319 1.1645832061767578
v -0.0775597020983696 0.08079662173986435 1.0561679601669312
v 0.026607293635606766 0.07642851769924164 1.0696406364440918
v 0.13787879049777985 0.08358867466449738 1.1287355422973633
v 0.25094088912010193 0.08479001373052597 1.151780128479004
v -0.23873944580554962 0.08874402940273285 1.1779732704162598
v -0.12332171201705933 0.08578939735889435 1.150321364402771
v -0.012806165032088757 0.07408642768859863 1.0235028266906738
v 0.09631102532148361 0.0830405205488205 1.1171032190322876
v 0.20661474764347076 0.08668298274278641 1.1411126852035522
v -0.28159675002098083 0.08707330375909805 1.1724853515625
v -0.16740292310714722 0.0889534205198288 1.1646625995635986
v -0.053351059556007385 0.07709187269210815 1.0315086841583252
v 0.050266630947589874 0.07640577107667923 1.0377001762390137
v 0.162149578332901 0.08645519614219666 1.1356239318847656
v 0.2729255259037018 0.08751223236322403 1.1495857238769531
v -0.21287809312343597 0.09086588770151138 1.1693289279937744
v -0.10150511562824249 0.08863883465528488 1.149251937866211
v 0.00844409316778183 0.07658200711011887 1.018486738204956
v 0.11671582609415054 0.08544568717479706 1.1220250129699707
v 0.23026132583618164 0.08859129995107651 1.1487767696380615
v -0.25913429260253906 0.09111443907022476 1.1769503355026245
v -0.14502526819705963 0.09011785686016083 1.161952018737793
v -0.03228950500488281 0.0782935842871666 1.0267455577850342
v 0.07542800903320312 0.08575811237096786 1.124498724937439
v 0.18608726561069489 0.0893717110157013 1.1384663581848145
v -0.32262083888053894 0.08975730836391449 1.168441891670227
v -0.18772423267364502 0.0924702137708664 1.1664711236953735
v -0.07586763799190521 0.08497828990221024 1.0492643117904663
v 0.029715118929743767 0.0810961127281189 1.041580080986023
v 0.14043916761875153 0.08918628096580505 1.1314663887023926
v 0.2533692717552185 0.09050898998975754 1.1534355878829956
v -0.23652170598506927 0.09455186128616333 1.1780495643615723
v -0.12122778594493866 0.09222135692834854 1.1545205116271973
v -0.01085455622524023 0.0794685035943985 1.0244722366333008
v 0.09832160919904709 0.08850011974573135 1.1192138195037842
v 0.20988379418849945 0.09278549998998642 1.145179271697998
v -0.27928099036216736 0.09323504567146301 1.1730387210845947
v -0.1654837429523468 0.09438390284776688 1.1668816804885864
v -0.050935450941324234 0.0815742090344429 1.0311551094055176
v 0.05269472673535347 0.08153098821640015 1.0383480787277222
v 0.16467151045799255 0.09209517389535904 1.1371691226959229
v 0.27533307671546936 0.09345600754022598 1.1507552862167358
v -0.21064874529838562 0.0961800217628479 1.1701066493988037
v -0.09905688464641571 0.09428573399782181 1.147885799407959
v 0.010768990963697433 0.08143369853496552 1.0182921886444092
v 0.11992508172988892 0.09196624904870987 1.1280564069747925
v 0.23288924992084503 0.09439626336097717 1.151469349861145
v -0.2568802237510681 0.0971425250172615 1.1772921085357666
v -0.1429886817932129 0.09579974412918091 1.164116621017456
v -0.03023846447467804 0.08338157832622528 1.0266836881637573
v 0.07887259125709534 0.09178386628627777 1.1270887851715088
v 0.18867485225200653 0.09511762112379074 1.1399455070495605
v -0.30787235498428345 0.09640349447727203 1.1704323291778564
v -0.18567369878292084 0.09792590141296387 1.168554425239563
v -0.07383126765489578 0.08919908851385117 1.0454524755477905
v 0.03253534436225891 0.0856407880783081 1.0378241539001465
v 0.1430162936449051 0.09474834054708481 1.1342731714248657
v 0.255886048078537 0.0963461697101593 1.1550122499465942
v -0.23425741493701935 0.10001140832901001 1.1776230335235596
v -0.11859579384326935 0.09732262790203094 1.1550133228302002
v -0.00839208997786045 0.08477658033370972 1.0258723497390747
v 0.10055526345968246 0.09329791367053986 1.1190969944000244
v 0.21316665410995483 0.09876793622970581 1.148146629333496
v -0.2768843472003937 0.09927330911159515 1.173145055770874
v -0.16385407745838165 0.10021918267011642 1.1692461967468262
v -0.049039777368307114 0.0868036150932312 1.030621886253357
v 0.05535140633583069 0.08684056252241135 1.0392779111862183
v 0.16703513264656067 0.09757820516824722 1.1386882066726685
v 0.2777407765388489 0.09926774352788925 1.1519376039505005
v -0.2082688957452774 0.10150608420372009 1.1712805032730103
v -0.0970492884516716 0.09974153339862823 1.1488020420074463
v 0.012822140008211136 0.08636605739593506 1.0187116861343384
v 0.12250567227602005 0.09763205796480179 1.1321948766708374
v 0.23565280437469482 0.10006767511367798 1.153991937637329
v -0.25489258766174316 0.1029115542769432 1.1771843433380127
v -0.14094391465187073 0.10185012221336365 1.1674649715423584
v -0.028349071741104126 0.08836553990840912 1.027199387550354
v 0.08197534084320068 0.09756805002689362 1.1279569864273071
v 0.1914551556110382 0.10102789849042892 1.1420936584472656
v -0.3022603690624237 0.10265626013278961 1.1705055236816406
v -0.18378636240959167 0.10372873395681381 1.1704131364822388
v -0.07140042632818222 0.09338723868131638 1.0406945943832397
v 0.034871604293584824 0.09012610465288162 1.0364819765090942
v 0.1457652598619461 0.10046379268169403 1.1374837160110474
v 0.2587720453739166 0.10209811478853226 1.1568270921707153
v -0.23218336701393127 0.10544408857822418 1.1773384809494019
v -0.11477663367986679 0.10188747942447662 1.1441391706466675
v -0.006857575848698616 0.08989177644252777 1.025570273399353
v 0.10259605199098587 0.09888176620006561 1.1212702989578247
v 0.21638213098049164 0.10460890829563141 1.151706337928772
v -0.2744353711605072 0.10523027926683426 1.1726584434509277
v -0.16305451095104218 0.10641032457351685 1.1724708080291748
v -0.047137148678302765 0.0921795517206192 1.0288410186767578
v 0.05813618749380112 0.092329241335392 1.0409868955612183
v 0.1694251447916031 0.1033092811703682 1.140588641166687
v 0.2800388038158417 0.1049012765288353 1.1534708738327026
v -0.2059696614742279 0.10686510056257248 1.1724337339401245
v -0.09495371580123901 0.10545535385608673 1.1525119543075562
v 0.014857199043035507 0.09132719784975052 1.0196268558502197
v 0.12546353042125702 0.10404994338750839 1.138441801071167
v 0.23861175775527954 0.10605702549219131 1.156832218170166
v -0.2526373863220215 0.10863455384969711 1.176722764968872
v -0.13991324603557587 0.1089654192328453 1.1737163066864014
v -0.026521852239966393 0.09354690462350845 1.0276868343353271
v 0.08476820588111877 0.10369449108839035 1.129304051399231
v 0.1944085657596588 0.10712389647960663 1.1452438831329346
v -0.29766902327537537 0.10860086232423782 1.1697425842285156
v -0.18207374215126038 0.10966971516609192 1.1727080345153809
v -0.06852760165929794 0.09765728563070297 1.03656005859375
v 0.03720046952366829 0.09485194832086563 1.0353829860687256
v 0.14860618114471436 0.1065611019730568 1.1409976482391357
v 0.26135730743408203 0.10839061439037323 1.1592899560928345
v -0.22992710769176483 0.11099349707365036 1.1770129203796387
v -0.1125500500202179 0.10677400976419449 1.1427031755447388
v -0.005293095950037241 0.09509897977113724 1.0256013870239258
v 0.10503566265106201 0.1046445220708847 1.1224712133407593
v 0.2192307710647583 0.11072611808776855 1.155243158340454
v -0.27180352807044983 0.11112017184495926 1.1718612909317017
v -0.1610771119594574 0.11260843276977539 1.175672173500061
v -0.04523158073425293 0.09726335108280182 1.0277316570281982
v 0.06117269769310951 0.09829943627119064 1.0450626611709595
v 0.17188015580177307 0.10918381810188293 1.1427924633026123
v 0.28228217363357544 0.11061660945415497 1.1553484201431274
v -0.20349782705307007 0.11244474351406097 1.1734598875045776
v -0.09302452951669693 0.11127487570047379 1.1552166938781738
v 0.01701895333826542 0.09632927924394608 1.0211482048034668
v 0.12845607101917267 0.11059219390153885 1.1436622142791748
v 0.24176093935966492 0.11228977888822556 1.1600570678710938
v -0.2503184378147125 0.11430171877145767 1.1759588718414307
v -0.13841035962104797 0.11572517454624176 1.1788761615753174
v -0.02466333471238613 0.09854546189308167 1.0277658700942993
v 0.08744808286428452 0.10935567319393158 1.1295067071914673
v 0.19726726412773132 0.11306224763393402 1.1477437019348145
v -0.2935618758201599 0.11410683393478394 1.1680684089660645
v -0.1803518533706665 0.11577291041612625 1.175176978111267
v -0.0658927708864212 0.10315842181444168 1.0343512296676636
v 0.039505161345005035 0.09978506714105606 1.0348502397537231
v 0.15140007436275482 0.11262696981430054 1.1444605588912964
v 0.26384076476097107 0.11454546451568604 1.1620769500732422
v -0.22748424112796783 0.11647467315196991 1.1765897274017334
v -0.11372439563274384 0.11655177921056747 1.165452003479004
v -0.00344029045663774 0.1003461629152298 1.0257819890975952
v 0.10839046537876129 0.11251064389944077 1.136762022972107
v 0.22220377624034882 0.11664312332868576 1.1593797206878662
v -0.26924213767051697 0.11703807860612869 1.1705619096755981
v -0.15918008983135223 0.11863096803426743 1.178895354270935
v -0.043239377439022064 0.10222089290618896 1.0273672342300415
v 0.0645042136311531 0.10439838469028473 1.049622893333435
v 0.17460650205612183 0.11484121531248093 1.1452651023864746
v 0.284900426864624 0.11598386615514755 1.1576632261276245
v -0.20108094811439514 0.11845264583826065 1.174320936203003
v -0.0908791795372963 0.11299019306898117 1.0894443988800049
v 0.019199257716536522 0.10150593519210815 1.023241639137268
v 0.1313643455505371 0.11654257774353027 1.1484603881835938
v 0.24496760964393616 0.11827874928712845 1.1639126539230347
v -0.24813832342624664 0.12003171443939209 1.1751351356506348
v -0.13640624284744263 0.121933713555336 1.1819651126861572
v -0.022529540583491325 0.10352520644664764 1.0272786617279053
v 0.08986087143421173 0.11492256075143814 1.1313138008117676
v 0.19994992017745972 0.11905154585838318 1.1520252227783203
v -0.2896697223186493 0.11968480050563812 1.165972352027893
v -0.1786678433418274 0.12195293605327606 1.1772480010986328
v -0.06355497241020203 0.10885779559612274 1.0330324172973633
v 0.04169616475701332 0.10485054552555084 1.0351505279541016
v 0.15396516025066376 0.11881954222917557 1.1482081413269043
v 0.26661020517349243 0.12064658850431442 1.1652988195419312
v -0.22487086057662964 0.1222434714436531 1.176285982131958
v -0.11259590834379196 0.1227153018116951 1.1731648445129395
v -0.00112993735820055 0.10566401481628418 1.026183843612671
v 0.1109282597899437 0.11879339069128036 1.1439809799194336
v 0.22571949660778046 0.12282238155603409 1.1638339757919312
v -0.2669535279273987 0.12308268249034882 1.1693851947784424
v -0.15656162798404694 0.1244967132806778 1.181185245513916
v -0.041206248104572296 0.10735896229743958 1.027671456336975
v 0.06766412407159805 0.1102980449795723 1.0540196895599365
v 0.17715643346309662 0.12112057209014893 1.1483961343765259
v 0.2881813645362854 0.12152031809091568 1.1604267358779907
v -0.19889160990715027 0.12469305098056793 1.1755141019821167
v -0.08920660614967346 0.12246724963188171 1.1780364513397217
v 0.021456502377986908 0.10698354244232178 1.0265923738479614
v 0.1337781548500061 0.1227114275097847 1.1531109809875488
v 0.2480498105287552 0.12455516308546066 1.167689323425293
v -0.24593080580234528 0.12599825859069824 1.1747328042984009
v -0.13386858999729156 0.12786491215229034 1.1839752197265625
v -0.02013355679810047 0.10844260454177856 1.0262351036071777
v 0.09217284619808197 0.12100662291049957 1.134177803993225
v 0.2037336677312851 0.12611716985702515 1.1587634086608887
v -0.2860550880432129 0.1254112720489502 1.1643120050430298
v -0.17626895010471344 0.1281527727842331 1.1792607307434082
v -0.061292752623558044 0.11451338231563568 1.0321825742721558
v 0.04392382875084877 0.11016211658716202 1.0362589359283447
v 0.1562749296426773 0.1254243403673172 1.1518537998199463
v 0.2691343128681183 0.12688681483268738 1.168426513671875
v -0.2219357043504715 0.12815497815608978 1.1764731407165527
v -0.10949420183897018 0.1290654093027115 1.1756142377853394
v 0.0010836496949195862 0.11052276194095612 1.026384949684143
v 0.113596610724926 0.12499480694532394 1.149904489517212
v 0.22876237332820892 0.12898682057857513 1.1678590774536133
v -0.26467984914779663 0.12896186113357544 1.1688807010650635
v -0.15342150628566742 0.13029147684574127 1.1836462020874023
v -0.03917016088962555 0.11262338608503342 1.0282320976257324
v 0.06844726204872131 0.12298230826854706 1.119797945022583
v 0.179859459400177 0.1274309754371643 1.151628851890564
v 0.2919853627681732 0.1271497756242752 1.1636073589324951
v -0.19662420451641083 0.13101781904697418 1.1771156787872314
v -0.08750831335783005 0.1290559321641922 1.1776968240737915
v 0.025112034752964973 0.11289633810520172 1.0331904888153076
v 0.13582268357276917 0.12897531688213348 1.156996726989746
v 0.2509708106517792 0.13089211285114288 1.1710044145584106
v -0.2436618208885193 0.13182863593101501 1.1745721101760864
v -0.1313115507364273 0.1334180235862732 1.1846868991851807
v -0.017912613227963448 0.11333515495061874 1.0252907276153564
v 0.09424753487110138 0.1267228126525879 1.1361693143844604
v 0.2071216106414795 0.13269147276878357 1.164223551750183
v -0.2830502688884735 0.1310911327600479 1.1634166240692139
v -0.1737288534641266 0.1341305375099182 1.180959701538086
v -0.05930610001087189 0.11991751194000244 1.0322285890579224
v 0.04614337533712387 0.11569711565971375 1.0383117198944092
v 0.15859784185886383 0.13176384568214417 1.1552726030349731
v 0.2718583643436432 0.13295653462409973 1.1712638139724731
v -0.21900460124015808 0.1342981606721878 1.176780343055725
v -0.10691390186548233 0.13484813272953033 1.1758222579956055
v 0.0034154753666371107 0.11536750197410583 1.0257824659347534
v 0.11644407361745834 0.13081766664981842 1.153835654258728
v 0.2319655865430832 0.13501109182834625 1.1712822914123535
v -0.26234471797943115 0.13490000367164612 1.168903112411499
v -0.15088272094726562 0.13615775108337402 1.1852139234542847
v -0.0372280590236187 0.11763971298933029 1.028533697128296
v 0.07222793996334076 0.1287732869386673 1.1213791370391846
v 0.1800738424062729 0.13287894427776337 1.1438764333724976
v 0.2967236042022705 0.13254110515117645 1.1670576333999634
v -0.194354847073555 0.13736958801746368 1.1785318851470947
v -0.08499740809202194 0.1355433613061905 1.1787681579589844
v 0.02707725390791893 0.11790559440851212 1.0338517427444458
v 0.13824526965618134 0.13487403094768524 1.1603575944900513
v 0.2538110315799713 0.13722102344036102 1.173966407775879
v -0.24130652844905853 0.13799236714839935 1.1747925281524658
v -0.12890751659870148 0.13879361748695374 1.1846034526824951
v -0.015872759744524956 0.11827267706394196 1.0249223709106445
v 0.0955839455127716 0.13093595206737518 1.1220884323120117
v 0.2107526957988739 0.1391110122203827 1.1695648431777954
v -0.2807134687900543 0.1369234025478363 1.163223385810852
v -0.17134085297584534 0.1400543749332428 1.1819242238998413
v -0.05728135257959366 0.12499020993709564 1.0315967798233032
v 0.048677507787942886 0.12167423963546753 1.0411033630371094
v 0.16101448237895966 0.13818775117397308 1.1606523990631104
v 0.2745807468891144 0.13893306255340576 1.1736836433410645
v -0.21615539491176605 0.14068953692913055 1.1774163246154785
v -0.10408271849155426 0.1405305117368698 1.1754894256591797
v 0.005754474550485611 0.12017151713371277 1.0249403715133667
v 0.11921805888414383 0.13688290119171143 1.1571264266967773
v 0.23492811620235443 0.14121174812316895 1.1738523244857788
v -0.26029908657073975 0.14118917286396027 1.1692253351211548
v -0.14865528047084808 0.1420350819826126 1.1861122846603394
v -0.0352054163813591 0.1225886195898056 1.0286134481430054
v 0.07587387412786484 0.1350758671760559 1.1220448017120361
v 0.18616050481796265 0.14159280061721802 1.1646190881729126
v 0.3037092983722687 0.1400710940361023 1.1694570779800415
v -0.19234323501586914 0.14388145506381989 1.18018639087677
v -0.08288970589637756 0.14196054637432098 1.178816795349121
v 0.028672248125076294 0.123064324259758 1.0341124534606934
v 0.14081498980522156 0.14089332520961761 1.1629985570907593
v 0.25651082396507263 0.1436282843351364 1.175815463066101
v -0.23864813148975372 0.14445902407169342 1.1757245063781738
v -0.12575936317443848 0.14419254660606384 1.1833707094192505
v -0.0137231620028615 0.12330309301614761 1.0247102975845337
v 0.09873288124799728 0.13907559216022491 1.1425228118896484
v 0.21348384022712708 0.14544153213500977 1.1733418703079224
v -0.27873942255973816 0.14305226504802704 1.1639751195907593
v -0.16914208233356476 0.14611925184726715 1.1830987930297852
v -0.05531204491853714 0.1293564736843109 1.0320056676864624
v 0.0513329952955246 0.12758736312389374 1.0454256534576416
v 0.16421008110046387 0.14482344686985016 1.1644444465637207
v 0.27684125304222107 0.14506740868091583 1.1753950119018555
v -0.21339242160320282 0.14715072512626648 1.1785845756530762
v -0.10148917883634567 0.14591391384601593 1.1745386123657227
v 0.008013722486793995 0.12520542740821838 1.0248113870620728
v 0.12161453068256378 0.1432458758354187 1.1590396165847778
v 0.23722052574157715 0.14730985462665558 1.1757031679153442
v -0.2582021653652191 0.1473974585533142 1.17024827003479
v -0.14632053673267365 0.1478213518857956 1.1866178512573242
v -0.03317446634173393 0.12756843864917755 1.0285788774490356
v 0.07848428934812546 0.14063119888305664 1.1216768026351929
v 0.18957442045211792 0.1485670506954193 1.1690196990966797
v -0.3151625394821167 0.14600741863250732 1.1519379615783691
v -0.19050776958465576 0.15011772513389587 1.1815812587738037
v -0.08067131042480469 0.1474592536687851 1.1774412393569946
v 0.030489735305309296 0.12825728952884674 1.034186601638794
v 0.14351879060268402 0.14717258512973785 1.165135145187378
v 0.2592550814151764 0.1496439129114151 1.1767666339874268
v -0.23574349284172058 0.1507071852684021 1.1767101287841797
v -0.12279607355594635 0.14977511763572693 1.181740403175354
v -0.011534287594258785 0.12839683890342712 1.0246191024780273
v 0.09923262149095535 0.1438208669424057 1.1277151107788086
v 0.21621596813201904 0.1514214426279068 1.1758774518966675
v -0.2766683101654053 0.14925917983055115 1.1656469106674194
v -0.16693371534347534 0.1521143913269043 1.1839772462844849
v -0.0536852702498436 0.1346290558576584 1.0317764282226562
v 0.05411740392446518 0.13364632427692413 1.050273060798645
v 0.16706028580665588 0.15102910995483398 1.1672511100769043
v 0.27925434708595276 0.15084920823574066 1.1767351627349854
v -0.21051892638206482 0.15359850227832794 1.1796808242797852
v -0.09895853698253632 0.15158163011074066 1.1738414764404297
v 0.010148152709007263 0.13048943877220154 1.0252490043640137
v 0.12397828698158264 0.14953958988189697 1.161087155342102
v 0.2393842339515686 0.15333890914916992 1.1771714687347412
v -0.2562285363674164 0.15381214022636414 1.1720445156097412
v -0.14402715861797333 0.15374934673309326 1.186919093132019
v -0.031127331778407097 0.13255777955055237 1.0284911394119263
v 0.08086137473583221 0.14618107676506042 1.1201221942901611
v 0.19308744370937347 0.15508654713630676 1.1733194589614868
v -0.30299583077430725 0.1520315408706665 1.1597540378570557
v -0.1886349618434906 0.1564464271068573 1.1827142238616943
v -0.0780102014541626 0.15299302339553833 1.1762969493865967
v 0.032567545771598816 0.1334397792816162 1.0345278978347778
v 0.1463211476802826 0.15347298979759216 1.1674034595489502
v 0.2619793117046356 0.1557568609714508 1.1778794527053833
v -0.23342730104923248 0.15739400684833527 1.1781829595565796
v -0.1201382651925087 0.15577825903892517 1.180264949798584
v -0.009373858571052551 0.13359804451465607 1.0253221988677979
v 0.1011488288640976 0.14988011121749878 1.130174994468689
v 0.21906094253063202 0.15792997181415558 1.1784836053848267
v -0.2749044895172119 0.1559557467699051 1.1684280633926392
v -0.1645006686449051 0.15819676220417023 1.184700608253479
v -0.051706720143556595 0.13970352709293365 1.0318787097930908
v 0.05703915283083916 0.1395575851202011 1.0554192066192627
v 0.1698179543018341 0.15770883858203888 1.1712727546691895
v 0.2818588614463806 0.1567038893699646 1.1778042316436768
v -0.20830951631069183 0.16034002602100372 1.1812853813171387
v -0.09686142206192017 0.1577412188053131 1.1733386516571045
v 0.012353654019534588 0.13584573566913605 1.026448369026184
v 0.12660770118236542 0.15606632828712463 1.1634604930877686
v 0.2423153966665268 0.15994393825531006 1.1789758205413818
v -0.2545701861381531 0.16083699464797974 1.1741468906402588
v -0.14150577783584595 0.15999452769756317 1.1871421337127686
v -0.0290033221244812 0.1375693827867508 1.0286141633987427
v 0.08278780430555344 0.1501845270395279 1.1132442951202393
v 0.19638392329216003 0.16215889155864716 1.1779284477233887
v -0.2983259856700897 0.15834498405456543 1.163041114807129
v -0.18584853410720825 0.1626710444688797 1.1839872598648071
v -0.07574804872274399 0.15865936875343323 1.1753120422363281
v 0.0347374752163887 0.13881687819957733 1.035677433013916
v 0.14915263652801514 0.16009898483753204 1.1696414947509766
v 0.2645723521709442 0.16215816140174866 1.1794235706329346
v -0.2316685914993286 0.1644396036863327 1.1802303791046143
v -0.11753315478563309 0.16167838871479034 1.178992509841919
v -0.007137840148061514 0.13890238106250763 1.0269379615783691
v 0.10584621131420135 0.1577913910150528 1.1508731842041016
v 0.22125843167304993 0.16465342044830322 1.1807870864868164
v -0.27341940999031067 0.16272273659706116 1.1705756187438965
v -0.16184759140014648 0.1642729938030243 1.1857067346572876
v -0.0497128926217556 0.14431609213352203 1.0322538614273071
v 0.059991441667079926 0.14561697840690613 1.0618441104888916
v 0.17289936542510986 0.1646937131881714 1.1757911443710327
v 0.28469499945640564 0.1626034379005432 1.1786168813705444
v -0.20663493871688843 0.16692565381526947 1.183282494544983
v -0.09493803232908249 0.1637713760137558 1.1733680963516235
v 0.014934894628822803 0.1414380967617035 1.0292609930038452
v 0.12939082086086273 0.16244126856327057 1.1649534702301025
v 0.24485883116722107 0.16623225808143616 1.1793652772903442
v -0.25238075852394104 0.16749250888824463 1.1762685775756836
v -0.13867498934268951 0.16592909395694733 1.1872847080230713
v -0.02690228633582592 0.1426413357257843 1.0288376808166504
v 0.08553428202867508 0.15588587522506714 1.1122890710830688
v 0.1992661952972412 0.16877464950084686 1.181084156036377
v -0.2950443923473358 0.16476021707057953 1.1659594774246216
v -0.18331387639045715 0.1687183976173401 1.1853625774383545
v -0.07363800704479218 0.16391336917877197 1.1742788553237915
v 0.03697598725557327 0.14434367418289185 1.0381193161010742
v 0.15208467841148376 0.16657845675945282 1.1719920635223389
v 0.2670251727104187 0.16823793947696686 1.1807349920272827
v -0.22963881492614746 0.17085383832454681 1.182298183441162
v -0.11483988910913467 0.1674237847328186 1.1781419515609741
v -0.004912327043712139 0.14429427683353424 1.0288171768188477
v 0.10624131560325623 0.16250476241111755 1.136236310005188
v 0.22321976721286774 0.171004056930542 1.1828418970108032
v -0.2716100811958313 0.16936233639717102 1.1724774837493896
v -0.15915542840957642 0.17024925351142883 1.1869076490402222
v -0.04755036532878876 0.14892840385437012 1.0327564477920532
v 0.06251143664121628 0.1517789214849472 1.068673849105835
v 0.17591339349746704 0.1711801290512085 1.1795283555984497
v 0.2877703607082367 0.16835391521453857 1.1790589094161987
v -0.20550614595413208 0.1734609305858612 1.1858887672424316
v -0.09306823462247849 0.1700821816921234 1.174709439277649
v 0.01791614666581154 0.14740140736103058 1.033878207206726
v 0.1321702003479004 0.1688004732131958 1.1665518283843994
v 0.24769653379917145 0.17265518009662628 1.1818146705627441
v -0.25008490681648254 0.1737881749868393 1.1781822443008423
v -0.13572774827480316 0.17197386920452118 1.1876957416534424
v -0.024847639724612236 0.147901713848114 1.0291067361831665
v 0.08766892552375793 0.16104860603809357 1.1123342514038086
v 0.20225591957569122 0.1750289350748062 1.1834304332733154
v -0.2922365367412567 0.171136736869812 1.16901695728302
v -0.18131384253501892 0.17497612535953522 1.1872562170028687
v -0.0712948739528656 0.16953632235527039 1.1750346422195435
v 0.03930937871336937 0.14993387460708618 1.0413058996200562
v 0.1551305502653122 0.17305059731006622 1.174310564994812
v 0.26964694261550903 0.17446550726890564 1.1820443868637085
v -0.22772391140460968 0.17733047902584076 1.1846611499786377
v -0.11247491836547852 0.1735449731349945 1.177583932876587
v -0.002708383835852146 0.14981147646903992 1.030691385269165
v 0.1089484840631485 0.1685989797115326 1.14016854763031
v 0.22584177553653717 0.17779526114463806 1.1862683296203613
v -0.2691158652305603 0.1759997010231018 1.1738404035568237
v -0.1566823422908783 0.17655350267887115 1.188862919807434
v -0.04522920027375221 0.15350042283535004 1.0328317880630493
v 0.06452488154172897 0.1574992686510086 1.0730197429656982
v 0.1790691763162613 0.1776842325925827 1.182752251625061
v 0.29116305708885193 0.1743832677602768 1.1794195175170898
v -0.20402057468891144 0.17986513674259186 1.1886398792266846
v -0.09073811769485474 0.17637227475643158 1.175724983215332
v 0.02021690458059311 0.15278717875480652 1.0361682176589966
v 0.13489307463169098 0.17520453035831451 1.1682981252670288
v 0.25057849287986755 0.17973600327968597 1.1853312253952026
v -0.24699828028678894 0.17983712255954742 1.179743766784668
v -0.13347166776657104 0.17830049991607666 1.1879494190216064
v -0.02268970012664795 0.15312598645687103 1.0294954776763916
v 0.09026813507080078 0.1700722575187683 1.1325758695602417
v 0.2050936073064804 0.18156984448432922 1.1856238842010498
v -0.2895317077636719 0.17764899134635925 1.1696277856826782
v -0.17893250286579132 0.18120941519737244 1.189252257347107
v -0.06918156147003174 0.17555291950702667 1.1763060092926025
v 0.04165210574865341 0.15572933852672577 1.0461950302124023
v 0.15798012912273407 0.17984630167484283 1.1765661239624023
v 0.27206751704216003 0.18069995939731598 1.1829923391342163
v -0.22489024698734283 0.18328097462654114 1.186612844467163
v -0.11036193370819092 0.17977528274059296 1.1774699687957764
v -0.0007122030365280807 0.15502063930034637 1.0316914319992065
v 0.11278337240219116 0.17542171478271484 1.152364730834961
v 0.22864782810211182 0.18437789380550385 1.18805730342865
v -0.26601743698120117 0.18242165446281433 1.1745967864990234
v -0.15427322685718536 0.1829800307750702 1.1910052299499512
v -0.04290368780493736 0.15832005441188812 1.0330407619476318
v 0.06676135957241058 0.1623479425907135 1.0741924047470093
v 0.18223871290683746 0.184303879737854 1.1848582029342651
v 0.2946983575820923 0.18031282722949982 1.1795506477355957
v -0.20158372819423676 0.18574242293834686 1.1906342506408691
v -0.08851627260446548 0.18169477581977844 1.1759521961212158
v 0.022077616304159164 0.1579929143190384 1.0371356010437012
v 0.13749581575393677 0.18131697177886963 1.1692522764205933
v 0.2531200051307678 0.18630637228488922 1.1876575946807861
v -0.24409699440002441 0.18574747443199158 1.1812824010849
v -0.13111907243728638 0.18418292701244354 1.1883208751678467
v -0.02039722166955471 0.15825581550598145 1.029474139213562
v 0.09299380332231522 0.17591863870620728 1.1375341415405273
v 0.2077203094959259 0.18788236379623413 1.1878479719161987
v -0.28669753670692444 0.18375135958194733 1.1698294878005981
v -0.17657673358917236 0.18732400238513947 1.1914904117584229
v -0.066442109644413 0.1808556169271469 1.1763361692428589
v 0.04493063688278198 0.16468708217144012 1.060459852218628
v 0.16056092083454132 0.18626224994659424 1.1782140731811523
v 0.2745654284954071 0.18666519224643707 1.1836694478988647
v -0.2224045991897583 0.18918362259864807 1.188372254371643
v -0.10809563845396042 0.18576253950595856 1.1776100397109985
v 0.0012685928959399462 0.16038675606250763 1.0318984985351562
v 0.11418025195598602 0.18077194690704346 1.1454758644104004
v 0.2311190366744995 0.190499946475029 1.1898006200790405
v -0.263064980506897 0.18843598663806915 1.1748729944229126
v -0.15188154578208923 0.18945246934890747 1.1940059661865234
v -0.04062259942293167 0.16316162049770355 1.0326162576675415
v 0.06875855475664139 0.16704320907592773 1.0726066827774048
v 0.18552939593791962 0.19075070321559906 1.1870969533920288
v 0.29848718643188477 0.1860019713640213 1.1792006492614746
v -0.19910402595996857 0.19181227684020996 1.1921616792678833
v -0.08655975013971329 0.18730005621910095 1.1759614944458008
v 0.024083472788333893 0.1633196324110031 1.0379202365875244
v 0.13999846577644348 0.18750056624412537 1.1699968576431274
v 0.2553664743900299 0.19262120127677917 1.1895222663879395
v -0.2415337711572647 0.1917482316493988 1.182614803314209
v -0.12880538403987885 0.1908496469259262 1.1892690658569336
v -0.017998963594436646 0.16337208449840546 1.0289762020111084
v 0.0958799421787262 0.18187390267848969 1.1403619050979614
v 0.21045732498168945 0.19431857764720917 1.18971848487854
v -0.28377455472946167 0.1894543170928955 1.1692404747009277
v -0.1743229627609253 0.19414426386356354 1.1943671703338623
v -0.06369327753782272 0.1869368851184845 1.1768083572387695
v 0.0473925955593586 0.16994737088680267 1.0632624626159668
v 0.16354599595069885 0.19248610734939575 1.179714560508728
v 0.2769935429096222 0.1925402581691742 1.1837133169174194
v -0.21958215534687042 0.19515709578990936 1.1890380382537842
v -0.10572341829538345 0.19186584651470184 1.1769315004348755
v 0.0034803468734025955 0.16546384990215302 1.031402826309204
v 0.11606524139642715 0.1865071952342987 1.147512435913086
v 0.23323509097099304 0.19725815951824188 1.1917498111724854
v -0.2603580057621002 0.1943308711051941 1.1752805709838867
v -0.15018613636493683 0.1966674029827118 1.1966265439987183
v -0.038148585706949234 0.16812802851200104 1.0323359966278076
v 0.07029485702514648 0.1716669201850891 1.0702928304672241
v 0.18877483904361725 0.19710810482501984 1.1886738538742065
v 0.30248522758483887 0.19158387184143066 1.178931474685669
v -0.19606304168701172 0.19816423952579498 1.193626046180725
v -0.08452066779136658 0.19255447387695312 1.1749104261398315
v 0.026026060804724693 0.16873736679553986 1.0392987728118896
v 0.14247381687164307 0.19346624612808228 1.169966220855713
v 0.25735530257225037 0.19909819960594177 1.190979242324829
v -0.23907805979251862 0.19769690930843353 1.1834884881973267
v -0.1269008368253708 0.19751231372356415 1.1901742219924927
v -0.015798253938555717 0.1686970740556717 1.0291119813919067
v 0.09804516285657883 0.18813955783843994 1.1421716213226318
v 0.21275325119495392 0.2008025050163269 1.1916247606277466
v -0.2805916965007782 0.1949995756149292 1.1684982776641846
v -0.17139944434165955 0.20081450045108795 1.196311593055725
v -0.061689652502536774 0.19284749031066895 1.1751452684402466
v 0.049689359962940216 0.17502227425575256 1.064358115196228
v 0.16633237898349762 0.1981976181268692 1.180113673210144
v 0.2793461084365845 0.19851747155189514 1.1838114261627197
v -0.21645250916481018 0.20096348226070404 1.1900792121887207
v -0.10314808785915375 0.19683341681957245 1.1758298873901367
v 0.0056679327972233295 0.170695960521698 1.0309768915176392
v 0.11973991990089417 0.19312234222888947 1.1540851593017578
v 0.23514540493488312 0.2038680613040924 1.193607211112976
v -0.25809767842292786 0.19998890161514282 1.1755141019821167
v -0.1481274664402008 0.20301465690135956 1.1983578205108643
v -0.035742759704589844 0.17334626615047455 1.0328487157821655
v 0.07185151427984238 0.1768917441368103 1.069510817527771
v 0.19164325296878815 0.203232541680336 1.1898478269577026
v 0.3082486391067505 0.19908078014850616 1.1779342889785767
v -0.19278375804424286 0.20420098304748535 1.194704294204712
v -0.08232472836971283 0.19732427597045898 1.1733241081237793
v 0.02814386412501335 0.17420673370361328 1.0410934686660767
v 0.14445364475250244 0.19882570207118988 1.169608235359192
v 0.259283185005188 0.20522211492061615 1.1917001008987427
v -0.2369721233844757 0.20342229306697845 1.1842807531356812
v -0.12471187859773636 0.2031830996274948 1.1898514032363892
v -0.013564874418079853 0.1740027815103531 1.0296603441238403
v 0.1005176231265068 0.1941337287425995 1.1437126398086548
v 0.2149801105260849 0.20688261091709137 1.193130373954773
v -0.27746474742889404 0.20081792771816254 1.1677335500717163
v -0.16861672699451447 0.20688007771968842 1.1974812746047974
v -0.058845844119787216 0.19765359163284302 1.1734553575515747
v 0.05195758864283562 0.1800914704799652 1.06492018699646
v 0.1687677651643753 0.20386448502540588 1.18000066280365
v 0.2816253900527954 0.20419231057167053 1.1836336851119995
v -0.2137993425130844 0.20669889450073242 1.1906538009643555
v -0.10091222077608109 0.20150262117385864 1.1744074821472168
v 0.008002577349543571 0.17574816942214966 1.0301049947738647
v 0.12119511514902115 0.1984390914440155 1.1507542133331299
v 0.23699913918972015 0.20965389907360077 1.194770097732544
v -0.25601470470428467 0.20557308197021484 1.1762843132019043
v -0.1456376165151596 0.20839381217956543 1.19852614402771
v -0.03354142978787422 0.17863067984580994 1.0337800979614258
v 0.07358847558498383 0.18221333622932434 1.0691245794296265
v 0.19440187513828278 0.20937982201576233 1.1904971599578857
v -0.3136305510997772 0.2035752385854721 1.1529285907745361
v -0.18982559442520142 0.21011415123939514 1.1949726343154907
v -0.08026058971881866 0.2020132839679718 1.1711242198944092
v 0.030324630439281464 0.17984053492546082 1.0436822175979614
v 0.14606831967830658 0.2043716460466385 1.1690365076065063
v 0.26148074865341187 0.21098068356513977 1.1917612552642822
v -0.23469781875610352 0.20924553275108337 1.1847299337387085
v -0.12250589579343796 0.20840074121952057 1.188143253326416
v -0.011449817568063736 0.17928679287433624 1.0302001237869263
v 0.10301003605127335 0.19982679188251495 1.1451823711395264
v 0.2171003818511963 0.2127995491027832 1.1943919658660889
v -0.27450457215309143 0.20672346651554108 1.1669936180114746
v -0.16606329381465912 0.2123880386352539 1.197555661201477
v -0.057278115302324295 0.2013765126466751 1.169006586074829
v 0.054113589227199554 0.18573574721813202 1.0661605596542358
v 0.1709255576133728 0.20988740026950836 1.1791198253631592
v 0.2837373912334442 0.21002614498138428 1.183076024055481
v -0.21093963086605072 0.21273843944072723 1.1907153129577637
v -0.09853164106607437 0.2060570865869522 1.1731315851211548
v 0.010226891376078129 0.1807142198085785 1.029625654220581
v 0.12360433489084244 0.2041589468717575 1.1518852710723877
v 0.23916244506835938 0.21554426848888397 1.195312261581421
v -0.2540573179721832 0.21137464046478271 1.1766886711120605
v -0.1432095766067505 0.21343019604682922 1.19692063331604
v -0.031286872923374176 0.18387579917907715 1.0352272987365723
v 0.07565023005008698 0.18745212256908417 1.0686854124069214
v 0.19689898192882538 0.21564075350761414 1.1905865669250488
v -0.30051279067993164 0.20831739902496338 1.156229853630066
v -0.18676887452602386 0.2158067673444748 1.194938063621521
v -0.07768874615430832 0.20669656991958618 1.1683191061019897
v 0.03255924582481384 0.185408353805542 1.04738187789917
v 0.14833781123161316 0.21055170893669128 1.168624758720398
v 0.2633979022502899 0.2169945389032364 1.1915768384933472
v -0.23162661492824554 0.21511439979076385 1.1849392652511597
v -0.12005182355642319 0.21294254064559937 1.1858865022659302
v -0.009324980899691582 0.18442413210868835 1.0313366651535034
v 0.10528536885976791 0.20584331452846527 1.145916223526001
v 0.2191481739282608 0.2188018262386322 1.1953067779541016
v -0.2721082270145416 0.21253159642219543 1.1667118072509766
v -0.1635805368423462 0.21768951416015625 1.196817398071289
v -0.05497579649090767 0.20547924935817719 1.1624811887741089
v 0.05584236606955528 0.19094213843345642 1.0660982131958008
v 0.1728881448507309 0.21583877503871918 1.1787188053131104
v 0.2858942747116089 0.2160119265317917 1.1826175451278687
v -0.20799238979816437 0.21858008205890656 1.1903445720672607
v -0.09593517333269119 0.2105131447315216 1.1719837188720703
v 0.01227426715195179 0.185943603515625 1.0312039852142334
v 0.12672431766986847 0.2103511095046997 1.1557220220565796
v 0.2412155568599701 0.22142818570137024 1.1950746774673462
v -0.25209566950798035 0.21716979146003723 1.1770286560058594
v -0.1408432424068451 0.21836943924427032 1.1943515539169312
v -0.029238048940896988 0.1891433149576187 1.0371215343475342
v 0.07786335051059723 0.19276219606399536 1.0687614679336548
v 0.1991388201713562 0.22153715789318085 1.190224289894104
v -0.29508113861083984 0.21360690891742706 1.1560932397842407
v -0.1841539889574051 0.22126024961471558 1.194157600402832
v -0.07525370270013809 0.21118304133415222 1.165137767791748
v 0.038027118891477585 0.1942020207643509 1.061640977859497
v 0.1506103277206421 0.2161485105752945 1.1685924530029297
v 0.26526251435279846 0.2225881665945053 1.1906424760818481
v -0.22876662015914917 0.22085027396678925 1.1849597692489624
v -0.11755092442035675 0.21731948852539062 1.1835694313049316
v -0.0073012965731322765 0.1895669400691986 1.0327845811843872
v 0.1074511855840683 0.2113153040409088 1.1471222639083862
v 0.22102268040180206 0.22449810802936554 1.195304036140442
v -0.2698095142841339 0.21823564171791077 1.167210340499878
v -0.1612192839384079 0.22283129394054413 1.194894552230835
v -0.05835419520735741 0.2051764875650406 1.1252235174179077
v 0.05781882256269455 0.19594967365264893 1.0657894611358643
v 0.1746716946363449 0.22179950773715973 1.1783915758132935
v 0.28796151280403137 0.22155746817588806 1.1823831796646118
v -0.2051135003566742 0.22413067519664764 1.1894594430923462
v -0.09373635053634644 0.2153560072183609 1.1700149774551392
v 0.016299692913889885 0.19239191710948944 1.0400354862213135
v 0.12859299778938293 0.2155868262052536 1.1536117792129517
v 0.2432795912027359 0.22710591554641724 1.1942481994628906
v -0.24999497830867767 0.2230457216501236 1.1773614883422852
v -0.138490229845047 0.22334612905979156 1.1916916370391846
v -0.02728174813091755 0.19416090846061707 1.0380390882492065
v 0.08017072826623917 0.19819341599941254 1.0689764022827148
v 0.20127783715724945 0.2273523509502411 1.1893742084503174
v -0.29119357466697693 0.21922647953033447 1.1554282903671265
v -0.18147191405296326 0.22649234533309937 1.1922132968902588
v -0.07305002957582474 0.21575388312339783 1.1616706848144531
v 0.03979877382516861 0.1988656222820282 1.06179940700531
v 0.15286490321159363 0.22205676138401031 1.1686325073242188
v 0.26713913679122925 0.22811180353164673 1.1892409324645996
v -0.22594456374645233 0.22660043835639954 1.1845680475234985
v -0.11559367179870605 0.2221285104751587 1.181859016418457
v -0.00531401950865984 0.1945876032114029 1.0339550971984863
v 0.10938155651092529 0.21673867106437683 1.1476494073867798
v 0.2230236977338791 0.2302073836326599 1.194390058517456
v -0.2677377462387085 0.22421705722808838 1.167633295059204
v -0.15857835114002228 0.22784893214702606 1.1921025514602661
v -0.04965559020638466 0.20182394981384277 1.059371829032898
v 0.05982331186532974 0.20109489560127258 1.065517783164978
v 0.1766720861196518 0.22774749994277954 1.1778051853179932
v 0.2902192175388336 0.2272774875164032 1.1824184656143188
v -0.20188486576080322 0.22933511435985565 1.1881985664367676
v -0.0917716771364212 0.22028081119060516 1.1673908233642578
v 0.018255673348903656 0.19786317646503448 1.0418683290481567
v 0.13187408447265625 0.2221754938364029 1.1586778163909912
v 0.245513916015625 0.23287039995193481 1.1930769681930542
v -0.24680876731872559 0.22887413203716278 1.1775659322738647
v -0.13601301610469818 0.22817263007164001 1.189103364944458
v -0.02517552487552166 0.19924648106098175 1.0386369228363037
v 0.08249404281377792 0.20392116904258728 1.069866418838501
v 0.20294451713562012 0.2329128235578537 1.1879408359527588
v -0.2878671884536743 0.22501935064792633 1.1549607515335083
v -0.17833124101161957 0.23136773705482483 1.1897746324539185
v -0.0708058699965477 0.22037141025066376 1.1578043699264526
v 0.041387490928173065 0.20383110642433167 1.062083125114441
v 0.1557534635066986 0.22789829969406128 1.1689845323562622
v 0.26922374963760376 0.23388288915157318 1.1878547668457031
v -0.22298191487789154 0.23218128085136414 1.1837882995605469
v -0.11419863998889923 0.22694621980190277 1.181553840637207
v -0.0033638060558587313 0.19957740604877472 1.0347274541854858
v 0.11137513816356659 0.2223830223083496 1.1488490104675293
v 0.22505109012126923 0.2358383685350418 1.1926299333572388
v -0.26573124527931213 0.23005998134613037 1.1675524711608887
v -0.15563274919986725 0.23271594941616058 1.189072847366333
v -0.04642033204436302 0.20632261037826538 1.0645142793655396
v 0.06177005544304848 0.20640264451503754 1.0653564929962158
v 0.179059699177742 0.23317323625087738 1.1774508953094482
v 0.292465478181839 0.23307198286056519 1.1827197074890137
v -0.19862717390060425 0.2343033403158188 1.1864869594573975
v -0.08915719389915466 0.22502398490905762 1.1646480560302734
v 0.020009702071547508 0.20340360701084137 1.043171763420105
v 0.13489997386932373 0.22835825383663177 1.1610218286514282
v 0.2476508915424347 0.23835082352161407 1.1915018558502197
v -0.24379096925258636 0.23453213274478912 1.1773171424865723
v -0.1340682953596115 0.23298077285289764 1.1870027780532837
v -0.02291344851255417 0.2043381929397583 1.0393474102020264
v 0.08461737632751465 0.20960929989814758 1.0714621543884277
v 0.20430488884449005 0.23804642260074615 1.1860742568969727
v -0.2845945954322815 0.23058323562145233 1.1547696590423584
v -0.17536146938800812 0.23599554598331451 1.187325119972229
v -0.06847875565290451 0.2249644547700882 1.1533490419387817
v 0.04310327768325806 0.20915421843528748 1.0625269412994385
v 0.1580810248851776 0.23332273960113525 1.1693047285079956
v 0.2712688446044922 0.2395034283399582 1.1863840818405151
v -0.2200724482536316 0.23751391470432281 1.182456612586975
v -0.1127408817410469 0.23243136703968048 1.1814533472061157
v -0.0012230168795213103 0.20458468794822693 1.034632921218872
v 0.1131075844168663 0.22838611900806427 1.1509252786636353
v 0.2270306944847107 0.24124565720558167 1.190509557723999
v -0.26386579871177673 0.2359544336795807 1.1670253276824951
v -0.1529119461774826 0.23767121136188507 1.1858724355697632
v -0.04406923055648804 0.21162448823451996 1.0658326148986816
v 0.06369433552026749 0.21178226172924042 1.0653756856918335
v 0.18092305958271027 0.2383815497159958 1.1765247583389282
v 0.29502636194229126 0.23849105834960938 1.182373046875
v -0.1956373006105423 0.2395528256893158 1.1843172311782837
v -0.08936557918787003 0.225546732544899 1.1389126777648926
v 0.02183147706091404 0.20889423787593842 1.044146180152893
v 0.137577623128891 0.23421761393547058 1.1621075868606567
v 0.2496235966682434 0.2438534051179886 1.1896770000457764
v -0.24074150621891022 0.24013260006904602 1.1765364408493042
v -0.13284990191459656 0.238103449344635 1.1855602264404297
v -0.020763684064149857 0.2095808982849121 1.0407590866088867
v 0.08654657751321793 0.21519219875335693 1.072548270225525
v 0.20579740405082703 0.24343030154705048 1.1839535236358643
v -0.2815522849559784 0.23628908395767212 1.1545087099075317
v -0.1725730448961258 0.24133028090000153 1.1842372417449951
v -0.06644843518733978 0.22938118875026703 1.1479464769363403
v 0.04483768343925476 0.21451309323310852 1.0627692937850952
v 0.1600707620382309 0.23873524367809296 1.1692626476287842
v 0.2734640836715698 0.24522942304611206 1.1849874258041382
v -0.21683572232723236 0.24292020499706268 1.180612564086914
v -0.11099322885274887 0.23732304573059082 1.1779162883758545
v 0.00135943409986794 0.20950600504875183 1.032590389251709
v 0.11439969390630722 0.23418621718883514 1.1526563167572021
v 0.22907795011997223 0.2466369867324829 1.1884427070617676
v -0.2613483667373657 0.2417687028646469 1.1664217710494995
v -0.1504705846309662 0.24281564354896545 1.1826694011688232
v -0.041707027703523636 0.21697084605693817 1.0661563873291016
v 0.06569737941026688 0.217292919754982 1.0655850172042847
v 0.1829136461019516 0.2438744455575943 1.1750686168670654
v 0.29751941561698914 0.24376225471496582 1.1813390254974365
v -0.19272169470787048 0.24458357691764832 1.1820557117462158
v -0.08148457854986191 0.22335387766361237 1.1117998361587524
v 0.023639215156435966 0.2143493890762329 1.045648455619812
v 0.1394433081150055 0.23994523286819458 1.1638169288635254
v 0.25175532698631287 0.24949991703033447 1.18753182888031
v -0.23748715221881866 0.24575769901275635 1.1750688552856445
v -0.1318027675151825 0.24342972040176392 1.1840351819992065
v -0.018558397889137268 0.2149876356124878 1.0414316654205322
v 0.08855792135000229 0.22059950232505798 1.0728358030319214
v 0.20757965743541718 0.24876798689365387 1.1822148561477661
v -0.2785909175872803 0.24197055399417877 1.1545459032058716
v -0.17015138268470764 0.2464207410812378 1.181030511856079
v -0.06359318643808365 0.23427170515060425 1.1410927772521973
v 0.04655512422323227 0.21980130672454834 1.062666654586792
v 0.1627807319164276 0.24465031921863556 1.1697208881378174
v 0.2757015824317932 0.25079795718193054 1.1832542419433594
v -0.21348533034324646 0.24799123406410217 1.178126335144043
v -0.1005023941397667 0.2280912697315216 1.1114161014556885
v 0.0033879675902426243 0.214471697807312 1.0314022302627563
v 0.11594650149345398 0.23918859660625458 1.1534228324890137
v 0.23078472912311554 0.2517751455307007 1.186288833618164
v -0.2585395574569702 0.2474578469991684 1.1652120351791382
v -0.14821076393127441 0.2478448897600174 1.1796810626983643
v -0.03941528499126434 0.2223762720823288 1.065471887588501
v 0.06776145100593567 0.22294379770755768 1.0658605098724365
v 0.18549497425556183 0.24945540726184845 1.1741957664489746
v 0.3004106283187866 0.24843066930770874 1.179013967514038
v -0.1900257021188736 0.24945351481437683 1.1794065237045288
v -0.07877427339553833 0.2284001111984253 1.0976004600524902
v 0.025957636535167694 0.2200542390346527 1.0481258630752563
v 0.14049032330513 0.24570931494235992 1.1648918390274048
v 0.2538568079471588 0.2546452283859253 1.1848139762878418
v -0.2343396246433258 0.25091975927352905 1.17237389087677
v -0.13028739392757416 0.2485208511352539 1.1811569929122925
v -0.01651417836546898 0.22022299468517303 1.0417044162750244
v 0.09036131948232651 0.2257029414176941 1.0718793869018555
v 0.20928412675857544 0.2540203928947449 1.1805193424224854
v -0.27589643001556396 0.2477911412715912 1.1539335250854492
v -0.1678876280784607 0.25119245052337646 1.1783539056777954
v -0.05803896114230156 0.22691011428833008 1.0709155797958374
v 0.04845798388123512 0.22502781450748444 1.0621551275253296
v 0.1653018593788147 0.2505163550376892 1.1701173782348633
v 0.2778274118900299 0.2560611665248871 1.1813888549804688
v -0.21039807796478271 0.25313693284988403 1.1746666431427002
v -0.09776153415441513 0.23424014449119568 1.104427695274353
v 0.005505437962710857 0.21981075406074524 1.0318427085876465
v 0.11349564790725708 0.2287188619375229 1.075748324394226
v 0.23238497972488403 0.25711145997047424 1.1838741302490234
v -0.2554924190044403 0.2529642581939697 1.1632996797561646
v -0.14596787095069885 0.2532597780227661 1.1760098934173584
v -0.03741197660565376 0.22750285267829895 1.0646007061004639
v 0.06969613581895828 0.22816628217697144 1.0659219026565552
v 0.18782939016819 0.2553323209285736 1.1730740070343018
v 0.3053062856197357 0.253817617893219 1.1761972904205322
v -0.1874469518661499 0.2550656199455261 1.1761503219604492
v -0.07646849751472473 0.23377016186714172 1.0882556438446045
v 0.029191451147198677 0.22661001980304718 1.052496314048767
v 0.1418991982936859 0.25075456500053406 1.1655769348144531
v 0.25590047240257263 0.2598191499710083 1.1819896697998047
v -0.23060302436351776 0.25635045766830444 1.168739914894104
v -0.1274784803390503 0.2534954845905304 1.1764719486236572
v -0.014358852058649063 0.22540338337421417 1.0418462753295898
v 0.0922141820192337 0.23093776404857635 1.0709117650985718
v 0.2108551412820816 0.25966334342956543 1.178328275680542
v -0.27323034405708313 0.25345560908317566 1.1530261039733887
v -0.16529910266399384 0.2571743130683899 1.1746724843978882
v -0.055737897753715515 0.23232673108577728 1.0678563117980957
v 0.050162676721811295 0.2301507592201233 1.061407208442688
v 0.16758792102336884 0.25735223293304443 1.1703943014144897
v 0.2798230051994324 0.26116615533828735 1.1790963411331177
v -0.20703668892383575 0.25852447748184204 1.1711502075195312
v -0.09530911594629288 0.23961444199085236 1.0992473363876343
v 0.007753062527626753 0.22532916069030762 1.0334303379058838
v 0.1154680922627449 0.23457248508930206 1.0752311944961548
v 0.23437266051769257 0.26262524724006653 1.1812413930892944
v -0.2518373131752014 0.25843381881713867 1.1609355211257935
v -0.14387963712215424 0.2585635781288147 1.171926736831665
v -0.03514154255390167 0.23278670012950897 1.0637843608856201
v 0.07167850434780121 0.23362396657466888 1.0667775869369507
v 0.19028931856155396 0.2616710364818573 1.172012448310852
v -0.30231142044067383 0.2553773522377014 1.1408460140228271
v -0.18448708951473236 0.26044657826423645 1.1730605363845825
v -0.07403023540973663 0.23875875771045685 1.0827924013137817
v 0.03160643205046654 0.23216985166072845 1.0549073219299316
v 0.14428915083408356 0.2561113238334656 1.1663604974746704
v 0.2581925094127655 0.26490774750709534 1.1789445877075195
v -0.22650107741355896 0.2614753544330597 1.1649399995803833
v -0.12442584335803986 0.2592600882053375 1.1699740886688232
v -0.01179459411650896 0.23047155141830444 1.0416460037231445
v 0.09443067759275436 0.23630276322364807 1.0710424184799194
v 0.21280695497989655 0.2652714252471924 1.1764559745788574
v -0.2704129219055176 0.2590753436088562 1.1518242359161377
v -0.16234762966632843 0.262374609708786 1.1711454391479492
v -0.05315043404698372 0.23718959093093872 1.0655062198638916
v 0.05221935361623764 0.2357860505580902 1.0623801946640015
v 0.17000554502010345 0.2643091082572937 1.1703263521194458
v 0.28152716159820557 0.2659568786621094 1.1763335466384888
v -0.20362171530723572 0.2637377083301544 1.167879343032837
v -0.09340991079807281 0.24531736969947815 1.0966778993606567
v 0.01008228212594986 0.2317001074552536 1.036481261253357
v 0.11776204407215118 0.2408434897661209 1.0746955871582031
v 0.23640109598636627 0.26802340149879456 1.1785224676132202
v -0.24792826175689697 0.2637304365634918 1.1578885316848755
v -0.14144141972064972 0.2635393440723419 1.1676616668701172
v -0.032867465168237686 0.2381342649459839 1.062641978263855
v 0.07400336116552353 0.24008415639400482 1.069576382637024
v 0.19279466569423676 0.2674790620803833 1.1711257696151733
v -0.2930699288845062 0.26136618852615356 1.1437314748764038
v -0.1815158724784851 0.26563212275505066 1.1703425645828247
v -0.07193923741579056 0.24367867410182953 1.0797327756881714
v 0.03322599455714226 0.237496480345726 1.0551236867904663
v 0.14625178277492523 0.26216912269592285 1.1679630279541016
v 0.2600463628768921 0.2699125409126282 1.1757872104644775
v -0.2227863371372223 0.2665972411632538 1.161239743232727
v -0.12125373631715775 0.26500219106674194 1.165008544921875
v -0.009425882250070572 0.23572468757629395 1.041032075881958
v 0.09656555950641632 0.2429807037115097 1.0724196434020996
v 0.21454834938049316 0.2705489993095398 1.1746406555175781
v -0.26739704608917236 0.26449209451675415 1.1501929759979248
v -0.15932424366474152 0.26738739013671875 1.1679162979125977
v -0.05053606629371643 0.24220798909664154 1.0632281303405762
v 0.054458893835544586 0.2410832941532135 1.0621849298477173
v 0.17250046133995056 0.2704335153102875 1.1705176830291748
v 0.28297263383865356 0.27062931656837463 1.1736390590667725
v -0.20073337852954865 0.2689453661441803 1.1648988723754883
v -0.09128119051456451 0.2512587010860443 1.0921261310577393
v 0.012440555728971958 0.23797638714313507 1.0407155752182007
v 0.12026098370552063 0.2468755543231964 1.0748720169067383
v 0.23819312453269958 0.2734212875366211 1.1754035949707031
v -0.24410545825958252 0.26916468143463135 1.1544640064239502
v -0.1388119012117386 0.2685793340206146 1.1631455421447754
v -0.03060261160135269 0.24362820386886597 1.0612062215805054
v 0.07616183906793594 0.24476505815982819 1.0677735805511475
v 0.19467133283615112 0.2730928659439087 1.1701107025146484
v -0.28812122344970703 0.2667511999607086 1.1425338983535767
v -0.1789085566997528 0.2712057828903198 1.1673588752746582
v -0.07002545148134232 0.24884425103664398 1.077147126197815
v 0.03508351370692253 0.24292299151420593 1.0550605058670044
v 0.14819994568824768 0.26919183135032654 1.1687642335891724
v 0.26187121868133545 0.27504396438598633 1.172741174697876
v -0.2195216864347458 0.2718668580055237 1.1575947999954224
v -0.11792655289173126 0.26989614963531494 1.1590808629989624
v -0.007033468224108219 0.24098077416419983 1.0405339002609253
v 0.09857597202062607 0.24818961322307587 1.072030782699585
v 0.21611128747463226 0.27593138813972473 1.1722731590270996
v -0.2644505798816681 0.2698248028755188 1.148280143737793
v -0.15640772879123688 0.27230381965637207 1.164334774017334
v -0.04808326065540314 0.2471863031387329 1.061785340309143
v 0.05623355507850647 0.24564145505428314 1.0575497150421143
v 0.1749376356601715 0.27610698342323303 1.1697174310684204
v 0.28457924723625183 0.27514898777008057 1.171216368675232
v -0.19795513153076172 0.27404269576072693 1.1621366739273071
v -0.09468276798725128 0.2684813439846039 1.1512190103530884
v 0.01650111749768257 0.24441035091876984 1.0481419563293457
v 0.12199827283620834 0.2534656226634979 1.0749404430389404
v 0.24015115201473236 0.2788764536380768 1.1721669435501099
v -0.24049118161201477 0.27427536249160767 1.1509894132614136
v -0.13629817962646484 0.27314913272857666 1.159002423286438
v -0.028406260535120964 0.24895665049552917 1.059918999671936
v 0.07812697440385818 0.24929985404014587 1.0637664794921875
v 0.19670769572257996 0.27858662605285645 1.1690641641616821
v -0.28407180309295654 0.271473228931427 1.1405657529830933
v -0.17640800774097443 0.27617162466049194 1.164567470550537
v -0.06820665299892426 0.2541819214820862 1.0752344131469727
v 0.03705183044075966 0.24788084626197815 1.0524355173110962
v 0.15052911639213562 0.2759535610675812 1.1664857864379883
v 0.2636452615261078 0.28021690249443054 1.1698380708694458
v -0.2165115624666214 0.2768542170524597 1.1544703245162964
v -0.11484942585229874 0.2741925120353699 1.1532400846481323
v -0.004738186486065388 0.24614571034908295 1.0400880575180054
v 0.10079126060009003 0.25351595878601074 1.070931315422058
v 0.21821731328964233 0.28130200505256653 1.1697694063186646
v -0.2614467442035675 0.27506187558174133 1.1459002494812012
v -0.15351758897304535 0.27667173743247986 1.1606791019439697
v -0.04588817059993744 0.25233158469200134 1.0606716871261597
v 0.05802646651864052 0.25008419156074524 1.0527217388153076
v 0.17734983563423157 0.28127214312553406 1.1679989099502563
v 0.28640827536582947 0.27968084812164307 1.168656349182129
v -0.19522786140441895 0.27910134196281433 1.1597825288772583
v -0.09295310080051422 0.2729422450065613 1.1467398405075073
v 0.018239829689264297 0.25015369057655334 1.0486620664596558
v 0.12726345658302307 0.2760026454925537 1.1579463481903076
v 0.24189640581607819 0.28432604670524597 1.1687966585159302
v -0.23695401847362518 0.27937671542167664 1.1476837396621704
v -0.13347429037094116 0.2777727544307709 1.1547069549560547
v -0.02616613171994686 0.2543530762195587 1.0587129592895508
v 0.07997813820838928 0.25393614172935486 1.0597270727157593
v 0.1987060159444809 0.2839266359806061 1.1676336526870728
v -0.2805158793926239 0.2765764892101288 1.1385220289230347
v -0.1739051789045334 0.28091955184936523 1.1618869304656982
v -0.06662691384553909 0.2597878873348236 1.0744810104370117
v 0.038889240473508835 0.2525724172592163 1.0480151176452637
v 0.1531982123851776 0.28145694732666016 1.16318678855896
v 0.26516515016555786 0.28539735078811646 1.1668037176132202
v -0.21380198001861572 0.28199318051338196 1.151803970336914
v -0.11217005550861359 0.2787023186683655 1.1484636068344116
v -0.0025485148653388023 0.25128939747810364 1.0387470722198486
v 0.10240374505519867 0.2592001259326935 1.0694639682769775
v 0.22010387480258942 0.28680989146232605 1.1668660640716553
v -0.2582877576351166 0.2804887890815735 1.1426972150802612
v -0.15053874254226685 0.28132590651512146 1.1569710969924927
v -0.043752048164606094 0.2579481601715088 1.060351014137268
v 0.059749964624643326 0.25465384125709534 1.048613429069519
v 0.17952968180179596 0.2867443859577179 1.1655741930007935
v 0.2885325849056244 0.2848318815231323 1.1656341552734375
v -0.19296449422836304 0.2842630445957184 1.1568257808685303
v -0.0908745750784874 0.27695727348327637 1.141582727432251
v 0.019674250856041908 0.25568005442619324 1.0478225946426392
v 0.1301317662000656 0.2818041443824768 1.1523466110229492
v 0.24348066747188568 0.28987401723861694 1.1649471521377563
v -0.23378141224384308 0.2846742272377014 1.1441943645477295
v -0.13052114844322205 0.28268158435821533 1.14964759349823
v -0.023680320009589195 0.2597403824329376 1.0567877292633057
v 0.08198592811822891 0.2586749196052551 1.0559295415878296
v 0.2003888636827469 0.28966352343559265 1.1649672985076904
v -0.2773694694042206 0.28199777007102966 1.1360591650009155
v -0.17112214863300323 0.2859288454055786 1.1585144996643066
v -0.06460119038820267 0.2676110565662384 1.0790925025939941
v 0.04075605049729347 0.2572626769542694 1.0439515113830566
v 0.155863955616951 0.28734490275382996 1.158678650856018
v 0.26690661907196045 0.29080432653427124 1.1633853912353516
v -0.21146132051944733 0.28747400641441345 1.1487574577331543
v -0.10948286205530167 0.2833097577095032 1.1423754692077637
v -0.0003032864769920707 0.2567189335823059 1.0368822813034058
v 0.10487674921751022 0.2651369869709015 1.0677694082260132
v 0.22214548289775848 0.2926867604255676 1.1631094217300415
v -0.25532278418540955 0.2867336571216583 1.1389062404632568
v -0.14742767810821533 0.2864489257335663 1.152450442314148
v -0.04227239266037941 0.2657809853553772 1.0630253553390503
v 0.06161048263311386 0.2594827711582184 1.0447481870651245
v 0.18180572986602783 0.2928905189037323 1.162391185760498
v 0.29127606749534607 0.2912900447845459 1.1622951030731201
v -0.19083598256111145 0.2897299826145172 1.1534028053283691
v -0.08883369714021683 0.2813485562801361 1.135427713394165
v 0.02149321138858795 0.26102808117866516 1.0453152656555176
v 0.13317973911762238 0.2875402867794037 1.147790551185608
v 0.24539387226104736 0.29559260606765747 1.1610517501831055
v -0.23122602701187134 0.2903403043746948 1.140790581703186
v -0.1277339607477188 0.28804582357406616 1.1439530849456787
v -0.020802704617381096 0.26429611444473267 1.0526864528656006
v 0.08407724648714066 0.26366645097732544 1.0523407459259033
v 0.2025579959154129 0.2957231104373932 1.1617990732192993
v -0.2745418846607208 0.28773918747901917 1.1336532831192017
v -0.16786156594753265 0.2911326289176941 1.1540504693984985
v -0.06299147754907608 0.2723589241504669 1.0760689973831177
v 0.04260587692260742 0.26191550493240356 1.0402165651321411
v 0.15826962888240814 0.29361993074417114 1.154310941696167
v 0.2687325179576874 0.2963319718837738 1.159651756286621
v -0.20921297371387482 0.2931632399559021 1.145714521408081
v -0.10695980489253998 0.2878707945346832 1.1354237794876099
v 0.0017783584771677852 0.26244887709617615 1.0356848239898682
v 0.1077556386590004 0.2713424861431122 1.0657316446304321
v 0.22436589002609253 0.2985073924064636 1.1594206094741821
v -0.25232741236686707 0.2925272583961487 1.1356133222579956
v -0.14454615116119385 0.2919517457485199 1.1473772525787354
v -0.040736012160778046 0.271180123090744 1.0634121894836426
v 0.06338906288146973 0.26418590545654297 1.0412033796310425
v 0.18310315907001495 0.2989365756511688 1.1586006879806519
v 0.2946496307849884 0.2988988161087036 1.1594504117965698
v -0.18858236074447632 0.2951870858669281 1.149540901184082
v -0.08681934326887131 0.2874740660190582 1.1279431581497192
v 0.023298773914575577 0.2660103440284729 1.0423338413238525
v 0.13622087240219116 0.2944146692752838 1.1439827680587769
v 0.24694301187992096 0.3013674318790436 1.1568580865859985
v -0.22905021905899048 0.2965755760669708 1.1367201805114746
v -0.1252894252538681 0.293486088514328 1.137460470199585
v -0.018146246671676636 0.2688000202178955 1.0483922958374023
v 0.08576541393995285 0.26874595880508423 1.0490151643753052
v 0.20444734394550323 0.3017842173576355 1.1576725244522095
v -0.27178776264190674 0.29457515478134155 1.130517601966858
v -0.16517232358455658 0.2970440983772278 1.1486296653747559
v -0.061354756355285645 0.27668625116348267 1.071418285369873
v 0.044261638075113297 0.2666778266429901 1.0366804599761963
v 0.15980103611946106 0.301131933927536 1.14864182472229
v 0.2695959210395813 0.30325326323509216 1.155521035194397
v -0.20676083862781525 0.29992419481277466 1.1408456563949585
v -0.10512587428092957 0.2938086986541748 1.1281898021697998
v 0.0036637624725699425 0.26880040764808655 1.0351482629776
v 0.11056407541036606 0.279394268989563 1.0633749961853027
v 0.22538164258003235 0.30597496032714844 1.1539182662963867
v -0.24963624775409698 0.3015426695346832 1.130544900894165
v -0.143324613571167 0.3010599911212921 1.1408005952835083
v -0.03915634751319885 0.27531734108924866 1.0582940578460693
v 0.06489071249961853 0.2703590393066406 1.0378122329711914
v 0.18502359092235565 0.30930325388908386 1.1525475978851318
v 0.3007012903690338 0.3212507665157318 1.1491351127624512
