v -0.18922528624534607 -0.1966235488653183 1.2251378297805786
v -0.10436709225177765 -0.17863038182258606 1.2035810947418213
v -0.04233570769429207 -0.17503859102725983 1.189415693283081
v 0.01992078125476837 -0.1737123280763626 1.1763123273849487
v 0.07941889762878418 -0.17912743985652924 1.1954706907272339
v 0.14240585267543793 -0.1775190532207489 1.191320538520813
v -0.1298016458749771 -0.17716099321842194 1.2024363279342651
v -0.06706652790307999 -0.17668817937374115 1.2065407037734985
v -0.0045289103873074055 -0.1736496239900589 1.1941158771514893
v 0.05713221803307533 -0.17650164663791656 1.186948299407959
v 0.11443781852722168 -0.1754467487335205 1.1909667253494263
v -0.15850095450878143 -0.178618386387825 1.2116641998291016
v -0.09064250439405441 -0.1743689924478531 1.1985118389129639
v -0.029944660142064095 -0.1712426394224167 1.190394639968872
v 0.0322878398001194 -0.16978412866592407 1.1725236177444458
v 0.0912003144621849 -0.17456677556037903 1.2004679441452026
v 0.15803544223308563 -0.173984557390213 1.189314365386963
v -0.11650774627923965 -0.1729600429534912 1.199632167816162
v -0.05403600260615349 -0.17107795178890228 1.1896368265151978
v 0.007558669429272413 -0.16899506747722626 1.178771734237671
v 0.06874953955411911 -0.17475011944770813 1.2044007778167725
v 0.1285664439201355 -0.17223969101905823 1.193913459777832
v -0.1438778042793274 -0.17418216168880463 1.204886555671692
v -0.07786212116479874 -0.17243561148643494 1.2022862434387207
v -0.01708201691508293 -0.1691589504480362 1.1904807090759277
v 0.0446036122739315 -0.1686612069606781 1.1761338710784912
v 0.10274432599544525 -0.17126736044883728 1.1926506757736206
v -0.17448364198207855 -0.1753457486629486 1.2109988927841187
v -0.10301818698644638 -0.17075663805007935 1.200063943862915
v -0.042012978345155716 -0.16869176924228668 1.1916306018829346
v 0.02027459628880024 -0.16590550541877747 1.17055344581604
v 0.07995066046714783 -0.17127272486686707 1.1997772455215454
v 0.1422278732061386 -0.1695055514574051 1.1941306591033936
v -0.1288987696170807 -0.17068547010421753 1.2015597820281982
v -0.06696397811174393 -0.16943740844726562 1.201956033706665
v -0.004355494864284992 -0.16696326434612274 1.186051845550537
v 0.05765952542424202 -0.1697373241186142 1.1935782432556152
v 0.11515939980745316 -0.16880176961421967 1.1915180683135986
v -0.1574985831975937 -0.17257159948349 1.2098045349121094
v -0.08920498192310333 -0.1681910753250122 1.1949851512908936
v -0.02906574122607708 -0.16670168936252594 1.1927415132522583
v 0.03282361850142479 -0.16399134695529938 1.1712005138397217
v 0.09152835607528687 -0.16892819106578827 1.200584053993225
v 0.15813320875167847 -0.16788186132907867 1.1908831596374512
v -0.1154000386595726 -0.16812735795974731 1.1993777751922607
v -0.05353483930230141 -0.16612982749938965 1.1910227537155151
v 0.008203800767660141 -0.16324172914028168 1.1716816425323486
v 0.0705869048833847 -0.1692459136247635 1.2045117616653442
v 0.12916654348373413 -0.1673579216003418 1.1953614950180054
v -0.14218316972255707 -0.16874228417873383 1.202582597732544
v -0.07689980417490005 -0.1670372486114502 1.1990009546279907
v -0.016556425020098686 -0.1646803617477417 1.1906412839889526
v 0.045151807367801666 -0.16356955468654633 1.1756563186645508
v 0.10303109139204025 -0.16605132818222046 1.190428376197815
v -0.17217230796813965 -0.17000417411327362 1.2110766172409058
v -0.10155985504388809 -0.1657160520553589 1.1965994834899902
v -0.041103653609752655 -0.1647845357656479 1.194435477256775
v 0.02079986222088337 -0.1613606959581375 1.1703500747680664
v 0.08152802288532257 -0.16706576943397522 1.2023022174835205
v 0.14335811138153076 -0.16539157927036285 1.1963040828704834
v -0.12767353653907776 -0.16647012531757355 1.2010749578475952
v -0.06578651070594788 -0.1646086722612381 1.1985909938812256
v -0.0037427544593811035 -0.16130107641220093 1.177860975265503
v 0.05895067751407623 -0.165845587849617 1.1993398666381836
v 0.11626899242401123 -0.16451424360275269 1.19224214553833
v -0.15582755208015442 -0.1676778793334961 1.207338809967041
v -0.08805056661367416 -0.16374105215072632 1.192836046218872
v -0.028101304545998573 -0.16294999420642853 1.1937470436096191
v 0.03321652114391327 -0.16009914875030518 1.1721147298812866
v 0.09215600788593292 -0.16471752524375916 1.2006871700286865
v 0.15890581905841827 -0.1638956218957901 1.190346121788025
v -0.11415588855743408 -0.16419264674186707 1.1991477012634277
v -0.052723582834005356 -0.1624217927455902 1.1935893297195435
v 0.00882716104388237 -0.15865401923656464 1.1669007539749146
v 0.07211212813854218 -0.1651841104030609 1.2054368257522583
v 0.12992268800735474 -0.1636238545179367 1.1964731216430664
v -0.14050297439098358 -0.16428838670253754 1.2011016607284546
v -0.07578431814908981 -0.16267408430576324 1.1959807872772217
v -0.01613694615662098 -0.16094964742660522 1.1900980472564697
v 0.04605701565742493 -0.15948179364204407 1.1760250329971313
v 0.1044079139828682 -0.16199804842472076 1.1910028457641602
v -0.17028029263019562 -0.16589988768100739 1.2108492851257324
v -0.10027267783880234 -0.16149289906024933 1.1944166421890259
v -0.039971724152565 -0.16143915057182312 1.1963293552398682
v 0.021489297971129417 -0.15766488015651703 1.1705975532531738
v 0.08314136415719986 -0.16334594786167145 1.204573392868042
v 0.14469312131404877 -0.1620948761701584 1.1982239484786987
v -0.12627942860126495 -0.16243067383766174 1.1992247104644775
v -0.06406077742576599 -0.16033516824245453 1.1958422660827637
v -0.0029440841171890497 -0.15648391842842102 1.1720540523529053
v 0.06079742684960365 -0.16234086453914642 1.2045401334762573
v 0.11744456738233566 -0.1608632355928421 1.1932547092437744
v -0.1535366326570511 -0.16329465806484222 1.2034077644348145
v -0.0868077427148819 -0.15988576412200928 1.1912877559661865
v -0.02686634287238121 -0.15933620929718018 1.193976879119873
v 0.03406962379813194 -0.15663950145244598 1.1724438667297363
v 0.09301603585481644 -0.1611059159040451 1.200750470161438
v 0.16059423983097076 -0.16047175228595734 1.1903374195098877
v -0.11292149871587753 -0.16022181510925293 1.1967930793762207
v -0.05181232839822769 -0.15922881662845612 1.1965488195419312
v 0.009948929771780968 -0.15448613464832306 1.164231777191162
v 0.07352888584136963 -0.16138912737369537 1.2068729400634766
v 0.1309807300567627 -0.1599135845899582 1.1968953609466553
v -0.13883215188980103 -0.16042084991931915 1.1996217966079712
v -0.07451488077640533 -0.1586734652519226 1.1936239004135132
v -0.014668729156255722 -0.15682032704353333 1.1852288246154785
v 0.047269534319639206 -0.15600690245628357 1.1765186786651611
v 0.10656482726335526 -0.15830004215240479 1.1951497793197632
v -0.16856971383094788 -0.161939799785614 1.210256814956665
v -0.09878664463758469 -0.1576550155878067 1.1930500268936157
v -0.038621846586465836 -0.15809756517410278 1.1971672773361206
v 0.022633900865912437 -0.15390653908252716 1.1694307327270508
v 0.08490477502346039 -0.15996457636356354 1.2058298587799072
v 0.1466280221939087 -0.15893130004405975 1.1996086835861206
v -0.12487079948186874 -0.15850724279880524 1.1969826221466064
v -0.06276074051856995 -0.15656442940235138 1.1948901414871216
v -0.0015085586346685886 -0.15280142426490784 1.1696686744689941
v 0.06268768012523651 -0.15828289091587067 1.207822322845459
v 0.11868908256292343 -0.15723437070846558 1.194261908531189
v -0.15097716450691223 -0.15863478183746338 1.1993396282196045
v -0.08547233045101166 -0.15625765919685364 1.1901068687438965
v -0.02548210509121418 -0.15588149428367615 1.1932356357574463
v 0.035308144986629486 -0.15316881239414215 1.1727244853973389
v 0.09482015669345856 -0.15716780722141266 1.202061653137207
v 0.1625555157661438 -0.15716154873371124 1.1910226345062256
v -0.11148914694786072 -0.15633781254291534 1.1950993537902832
v -0.05081268027424812 -0.15615570545196533 1.1981548070907593
v 0.01137981191277504 -0.15096524357795715 1.1628128290176392
v 0.07497642934322357 -0.15796609222888947 1.2090052366256714
v 0.13243284821510315 -0.15638680756092072 1.1973549127578735
v -0.13716021180152893 -0.15665633976459503 1.197756052017212
v -0.0732877254486084 -0.15503619611263275 1.1918978691101074
v -0.012799475342035294 -0.15178880095481873 1.1770814657211304
v 0.048457399010658264 -0.15248766541481018 1.177194356918335
v 0.10844488441944122 -0.15472407639026642 1.1985949277877808
v -0.1668621152639389 -0.15809009969234467 1.208350658416748
v -0.09724471718072891 -0.1540466547012329 1.1923338174819946
v -0.03721971809864044 -0.1548290103673935 1.1966991424560547
v 0.02388421818614006 -0.15021677315235138 1.1673368215560913
v 0.08644642680883408 -0.15663595497608185 1.2068696022033691
v 0.14854001998901367 -0.15593695640563965 1.2006022930145264
v -0.12323012202978134 -0.15469281375408173 1.194395661354065
v -0.06179073452949524 -0.15344268083572388 1.196203589439392
v 6.231114821275696e-05 -0.1495869755744934 1.1696043014526367
v 0.0639275386929512 -0.1547076255083084 1.2083005905151367
v 0.12001147866249084 -0.1537451148033142 1.1952602863311768
v -0.14934132993221283 -0.15482723712921143 1.197991967201233
v -0.08391661196947098 -0.15277639031410217 1.188966155052185
v -0.024123763665556908 -0.15249234437942505 1.191194772720337
v 0.03676317632198334 -0.14972065389156342 1.1733416318893433
v 0.09723909199237823 -0.15354172885417938 1.204213261604309
v 0.1645868718624115 -0.15396849811077118 1.1913411617279053
v -0.10991627722978592 -0.1527247577905655 1.1943809986114502
v -0.04970439895987511 -0.1530616581439972 1.198883295059204
v 0.012867324985563755 -0.1477007120847702 1.1633638143539429
v 0.07650361210107803 -0.15425659716129303 1.2115211486816406
v 0.13439510762691498 -0.15315258502960205 1.198783278465271
v -0.13528262078762054 -0.1527336984872818 1.1955657005310059
v -0.0720435380935669 -0.15155550837516785 1.1906864643096924
v -0.011486781761050224 -0.14816004037857056 1.1732251644134521
v 0.04967280104756355 -0.14915917813777924 1.1783576011657715
v 0.10965889692306519 -0.15159092843532562 1.198585867881775
v -0.16500569880008698 -0.15420961380004883 1.2058923244476318
v -0.09565819054841995 -0.1505710780620575 1.1922950744628906
v -0.03586588054895401 -0.1513223946094513 1.194017767906189
v 0.025145478546619415 -0.1466878205537796 1.164681077003479
v 0.08778621256351471 -0.15320807695388794 1.2075705528259277
v 0.15021805465221405 -0.15292800962924957 1.2012907266616821
v -0.12151698023080826 -0.15096110105514526 1.192305326461792
v -0.06085651367902756 -0.15035834908485413 1.1978057622909546
v 0.0014038337394595146 -0.1460137963294983 1.1676788330078125
v 0.06510986387729645 -0.1515946239233017 1.2084532976150513
v 0.12141290307044983 -0.15040142834186554 1.1962318420410156
v -0.14759701490402222 -0.15105411410331726 1.1963661909103394
v -0.08241377025842667 -0.14933991432189941 1.1882460117340088
v -0.022706707939505577 -0.1479603797197342 1.1839338541030884
v 0.038357190787792206 -0.1462855488061905 1.1747550964355469
v 0.09877559542655945 -0.15033592283725739 1.2046359777450562
v 0.16679617762565613 -0.1502034068107605 1.1906774044036865
v -0.10824788361787796 -0.1492556482553482 1.1941964626312256
v -0.04861331731081009 -0.14981907606124878 1.1982282400131226
v 0.014292187057435513 -0.14458803832530975 1.1635262966156006
v 0.07788535952568054 -0.15116018056869507 1.2112802267074585
v 0.13646045327186584 -0.14986935257911682 1.2007251977920532
v -0.13329006731510162 -0.14887993037700653 1.1925339698791504
v -0.0707469955086708 -0.1478557288646698 1.1901158094406128
v -0.010282723233103752 -0.143779456615448 1.1667155027389526
v 0.05103494971990585 -0.14614653587341309 1.179420828819275
v 0.11043094843626022 -0.1484685242176056 1.1965880393981934
v -0.1626395732164383 -0.15019333362579346 1.2029709815979004
v -0.09400849044322968 -0.1472795009613037 1.1928654909133911
v -0.03385051712393761 -0.1449444741010666 1.1781196594238281
v 0.026545636355876923 -0.14334899187088013 1.1623027324676514
v 0.08929870277643204 -0.14980605244636536 1.2078813314437866
v 0.1518241912126541 -0.14965671300888062 1.2011983394622803
v -0.11977022886276245 -0.14718875288963318 1.1915417909622192
v -0.05981628969311714 -0.14716561138629913 1.1990077495574951
v 0.002656287979334593 -0.14221438765525818 1.1639668941497803
v 0.06671473383903503 -0.14852304756641388 1.2087284326553345
v 0.12286574393510818 -0.14703336358070374 1.197140097618103
v -0.14570726454257965 -0.1471519023180008 1.1938862800598145
v -0.08109551668167114 -0.14595898985862732 1.1895023584365845
v -0.02109452895820141 -0.1418371945619583 1.1695430278778076
v 0.0399179682135582 -0.14323322474956512 1.1762447357177734
v 0.09979239106178284 -0.1469697654247284 1.2029709815979004
v 0.16923336684703827 -0.14671869575977325 1.1918089389801025
v -0.1065102219581604 -0.14572355151176453 1.194393277168274
v -0.04598051682114601 -0.1437729299068451 1.1836827993392944
v 0.015737252309918404 -0.14128826558589935 1.1630455255508423
v 0.07943576574325562 -0.14812663197517395 1.2110967636108398
v 0.13824482262134552 -0.14638158679008484 1.2013787031173706
v -0.13128186762332916 -0.14505212008953094 1.1902202367782593
v -0.06972423195838928 -0.14417991042137146 1.1918973922729492
v -0.009038645774126053 -0.13996461033821106 1.1622655391693115
v 0.052433714270591736 -0.14329269528388977 1.1806176900863647
v 0.11126235127449036 -0.14484554529190063 1.1951029300689697
v -0.15988565981388092 -0.1460278034210205 1.1985713243484497
v -0.09238938987255096 -0.14383378624916077 1.1936297416687012
v -0.032406631857156754 -0.14020726084709167 1.1710457801818848
v 0.02784895710647106 -0.13992877304553986 1.1613739728927612
v 0.0907445177435875 -0.14658507704734802 1.2077794075012207
v 0.15349434316158295 -0.146307572722435 1.2008442878723145
v -0.11811786144971848 -0.14355024695396423 1.1915562152862549
v -0.05885886773467064 -0.14398163557052612 1.1989299058914185
v 0.003868673462420702 -0.1386059820652008 1.160536527633667
v 0.06806247681379318 -0.14546063542366028 1.2097505331039429
v 0.12439902126789093 -0.14374694228172302 1.1980104446411133
v -0.14377377927303314 -0.14305859804153442 1.1908010244369507
v -0.07979702204465866 -0.142480731010437 1.191427230834961
v -0.01948101632297039 -0.13748112320899963 1.1618046760559082
v 0.04128582030534744 -0.140232115983963 1.1774976253509521
v 0.10035353899002075 -0.14341728389263153 1.201093077659607
v 0.17365840077400208 -0.14403469860553741 1.1931567192077637
v -0.10482749342918396 -0.1421835869550705 1.1950162649154663
v -0.044823139905929565 -0.1391838788986206 1.1774463653564453
v 0.017253926023840904 -0.13802610337734222 1.1626250743865967
v 0.08074904978275299 -0.1450733244419098 1.210953712463379
v 0.13953851163387299 -0.14262403547763824 1.2010616064071655
v -0.1294284164905548 -0.14140769839286804 1.1894828081130981
v -0.06893472373485565 -0.14070697128772736 1.1978883743286133
v -0.007821867242455482 -0.13612429797649384 1.1577235460281372
v 0.05400042235851288 -0.14041613042354584 1.182548999786377
v 0.11245229095220566 -0.14133630692958832 1.1952518224716187
v -0.15753291547298431 -0.14192242920398712 1.1950454711914062
v -0.09089630097150803 -0.14042790234088898 1.1944230794906616
v -0.031078364700078964 -0.13618089258670807 1.1669892072677612
v 0.029168475419282913 -0.13658346235752106 1.1620126962661743
v 0.09206797182559967 -0.1430625170469284 1.2077692747116089
v 0.15529586374759674 -0.1425212174654007 1.200492262840271
v -0.11670150607824326 -0.14002256095409393 1.1918585300445557
v -0.05682331323623657 -0.1386958807706833 1.1862550973892212
v 0.005053857807070017 -0.1351025253534317 1.1574764251708984
v 0.06915450841188431 -0.1422329843044281 1.2085403203964233
v 0.12599603831768036 -0.1404745727777481 1.1988986730575562
v -0.14179906249046326 -0.13919812440872192 1.1884945631027222
v -0.0785803496837616 -0.1391250044107437 1.1932916641235352
v -0.018337691202759743 -0.13385842740535736 1.1580219268798828
v 0.0426718145608902 -0.13707824051380157 1.1776537895202637
v 0.10120861977338791 -0.14005126059055328 1.2011991739273071
v -0.17743390798568726 -0.14058290421962738 1.1989749670028687
v -0.10338572412729263 -0.13880445063114166 1.1957873106002808
v -0.04356852173805237 -0.13524393737316132 1.1729494333267212
v 0.01879790425300598 -0.1346801519393921 1.1624481678009033
v 0.08204665035009384 -0.1416487693786621 1.2108564376831055
v 0.14119645953178406 -0.13949334621429443 1.2014232873916626
v -0.12787872552871704 -0.13782332837581635 1.1897637844085693
v -0.06852918863296509 -0.13756120204925537 1.1993913650512695
v -0.006464287638664246 -0.13261808454990387 1.1539804935455322
v 0.055582400411367416 -0.13732807338237762 1.1851011514663696
v 0.11391124874353409 -0.13806043565273285 1.1964223384857178
v -0.15548507869243622 -0.13788267970085144 1.191986322402954
v -0.08964500576257706 -0.13705165684223175 1.1951611042022705
v -0.029782511293888092 -0.132555291056633 1.1643751859664917
v 0.030461972579360008 -0.13350003957748413 1.1635184288024902
v 0.0932878777384758 -0.13934354484081268 1.2079538106918335
v 0.1571839600801468 -0.13852271437644958 1.2006973028182983
v -0.11529870331287384 -0.13659518957138062 1.1923633813858032
v -0.05563297122716904 -0.1344108134508133 1.1801176071166992
v 0.0062658642418682575 -0.13155251741409302 1.1547305583953857
v 0.07034001499414444 -0.13881178200244904 1.2066301107406616
v 0.12784986197948456 -0.13728401064872742 1.199792742729187
v -0.13996995985507965 -0.13559429347515106 1.1876128911972046
v -0.07732387632131577 -0.13569976389408112 1.1990807056427002
v -0.017237171530723572 -0.13051004707813263 1.1554895639419556
v 0.04383165016770363 -0.13361108303070068 1.175308108329773
v 0.10229339450597763 -0.13632671535015106 1.2020244598388672
v -0.17277300357818604 -0.1365908980369568 1.1979199647903442
v -0.10209722816944122 -0.13548263907432556 1.1969068050384521
v -0.042201146483421326 -0.13137806951999664 1.169253945350647
v 0.02015414461493492 -0.13131499290466309 1.1626477241516113
v 0.08330748230218887 -0.1381794959306717 1.2111178636550903
v 0.14272820949554443 -0.13645482063293457 1.2016781568527222
v -0.1264764368534088 -0.13439570367336273 1.1905808448791504
v -0.06799769401550293 -0.13452008366584778 1.1991527080535889
v -0.005151267629116774 -0.12916089594364166 1.1510576009750366
v 0.05752125382423401 -0.13401396572589874 1.188044786453247
v 0.11563245207071304 -0.13490580022335052 1.1983271837234497
v -0.15345458686351776 -0.13391686975955963 1.189455509185791
v -0.08860063552856445 -0.1337965428829193 1.1961103677749634
v -0.02856557071208954 -0.1290120780467987 1.162541151046753
v 0.03168178349733353 -0.13049374520778656 1.1654932498931885
v 0.094247967004776 -0.13567301630973816 1.207261085510254
v 0.15911565721035004 -0.1343463957309723 1.201697587966919
v -0.1137477457523346 -0.13335180282592773 1.1930925846099854
v -0.054495226591825485 -0.13054446876049042 1.1763498783111572
v 0.007467350456863642 -0.12806618213653564 1.1522079706192017
v 0.07141568511724472 -0.13543877005577087 1.2044572830200195
v 0.12985768914222717 -0.1343344897031784 1.2015920877456665
v -0.13827483355998993 -0.13221250474452972 1.1876237392425537
v -0.07680127769708633 -0.13267181813716888 1.2072006464004517
v -0.016106465831398964 -0.12713755667209625 1.153883934020996
v 0.04482218250632286 -0.130221888422966 1.1720820665359497
v 0.10359067469835281 -0.1325499266386032 1.200287938117981
v -0.1699664294719696 -0.1327029913663864 1.1960835456848145
v -0.10086372494697571 -0.13231098651885986 1.1984429359436035
v -0.04069055989384651 -0.12767811119556427 1.166541576385498
v 0.02147867903113365 -0.12796275317668915 1.164455771446228
v 0.08471208810806274 -0.13470201194286346 1.2110105752944946
v 0.14423461258411407 -0.13320621848106384 1.2018831968307495
v -0.12511366605758667 -0.13115710020065308 1.1913455724716187
v -0.06584572046995163 -0.13022996485233307 1.1878788471221924
v -0.0038837033789604902 -0.1257011592388153 1.1488765478134155
v 0.05915497988462448 -0.13058342039585114 1.189032793045044
v 0.11755441874265671 -0.1318248212337494 1.2004872560501099
v -0.15142421424388885 -0.13029058277606964 1.1876367330551147
v -0.08775073289871216 -0.1305658519268036 1.19711172580719
v -0.027269206941127777 -0.12558536231517792 1.1605778932571411
v 0.03308286517858505 -0.1275012493133545 1.168064832687378
v 0.09513433277606964 -0.1322459727525711 1.2069708108901978
v 0.16112171113491058 -0.1307978481054306 1.202609658241272
v -0.11206743121147156 -0.12997089326381683 1.199141502380371
v -0.053018905222415924 -0.1268036663532257 1.1731146574020386
v 0.008758672513067722 -0.12455480545759201 1.1498854160308838
v 0.07263711839914322 -0.13191720843315125 1.2024483680725098
v 0.13129772245883942 -0.13124094903469086 1.2027653455734253
v -0.13671880960464478 -0.12899146974086761 1.1879961490631104
v -0.07649394869804382 -0.12975525856018066 1.2109078168869019
v -0.014685031957924366 -0.1237010732293129 1.1520838737487793
v 0.04594035446643829 -0.12679918110370636 1.1687469482421875
v 0.10554133355617523 -0.12921331822872162 1.2005590200424194
v -0.16713067889213562 -0.12901870906352997 1.194075584411621
v -0.0997561514377594 -0.1291210800409317 1.200197696685791
v -0.039064761251211166 -0.12421347200870514 1.1643966436386108
v 0.022982021793723106 -0.12481403350830078 1.1666984558105469
v 0.08582106977701187 -0.13165056705474854 1.2097400426864624
v 0.14572085440158844 -0.12974072992801666 1.2019853591918945
v -0.1236158162355423 -0.12791278958320618 1.1918903589248657
v -0.06427937746047974 -0.1263628602027893 1.1821701526641846
v -0.002618602477014065 -0.12228437513113022 1.1473995447158813
v 0.06062418594956398 -0.12724602222442627 1.188907504081726
v 0.11959730833768845 -0.12878422439098358 1.2027937173843384
v -0.14930491149425507 -0.12684376537799835 1.1863597631454468
v -0.0869588628411293 -0.12730440497398376 1.198486089706421
v -0.02572566457092762 -0.12231346219778061 1.1579878330230713
v 0.03456176072359085 -0.12405312806367874 1.169626235961914
v 0.09649419784545898 -0.128893181681633 1.2072702646255493
v 0.1631028652191162 -0.12734948098659515 1.2026158571243286
v -0.11202948540449142 -0.1269202083349228 1.2073439359664917
v -0.051465921103954315 -0.12305811047554016 1.1697416305541992
v 0.01010733563452959 -0.12101408839225769 1.1478347778320312
v 0.0739925354719162 -0.12847429513931274 1.2014245986938477
v 0.13274584710597992 -0.12799887359142303 1.203094482421875
v -0.1351839154958725 -0.1255837231874466 1.189497947692871
v -0.07603763043880463 -0.1269596517086029 1.214003562927246
v -0.013326844200491905 -0.12032543867826462 1.1505411863327026
v 0.04711079224944115 -0.12325890362262726 1.1652178764343262
v 0.1077055037021637 -0.1261225938796997 1.2030816078186035
v -0.1646106243133545 -0.1252967268228531 1.1922686100006104
v -0.09878608584403992 -0.1259162276983261 1.2022229433059692
v -0.037595540285110474 -0.12081268429756165 1.1617320775985718
v 0.024273229762911797 -0.12170308083295822 1.1674261093139648
v 0.08694549649953842 -0.12823611497879028 1.206614375114441
v 0.14718835055828094 -0.12639181315898895 1.2025269269943237
v -0.12275678664445877 -0.1247871071100235 1.194819688796997
v -0.06305354088544846 -0.12255074828863144 1.1788296699523926
v -0.0012986890505999327 -0.11887507885694504 1.1463130712509155
v 0.06180505454540253 -0.12396115064620972 1.1885178089141846
v 0.121791310608387 -0.12569981813430786 1.2060468196868896
v -0.14717242121696472 -0.12347780913114548 1.1857084035873413
v -0.08602659404277802 -0.12389887124300003 1.2006902694702148
v -0.024140436202287674 -0.11885088682174683 1.1551146507263184
v 0.035809602588415146 -0.12046709656715393 1.1680909395217896
v 0.09815505146980286 -0.12578490376472473 1.2088407278060913
v 0.164722740650177 -0.12420567125082016 1.2017635107040405
v -0.11121442914009094 -0.12440282851457596 1.2084354162216187
v -0.0497051402926445 -0.11921271681785583 1.1645768880844116
v 0.011378617025911808 -0.11750032752752304 1.1463099718093872
v 0.07530854642391205 -0.12469092756509781 1.2006620168685913
v 0.13451255857944489 -0.12485460191965103 1.2036861181259155
v -0.1338793933391571 -0.12216152250766754 1.2013003826141357
v -0.07529039680957794 -0.12395530194044113 1.2158414125442505
v -0.012009719386696815 -0.11685683578252792 1.1491045951843262
v 0.04838517680764198 -0.11975148320198059 1.162430763244629
v 0.11009673774242401 -0.12307372689247131 1.20777428150177
v -0.16229906678199768 -0.12177252769470215 1.1906007528305054
v -0.0978558287024498 -0.12265679240226746 1.2046290636062622
v -0.03607923164963722 -0.11680316179990768 1.1558014154434204
v 0.025551533326506615 -0.11865169554948807 1.167869210243225
v 0.08733411133289337 -0.12343384325504303 1.201215147972107
v 0.14867347478866577 -0.12359020859003067 1.203277587890625
v -0.12161127477884293 -0.1223696917295456 1.2103627920150757
v -0.06167663261294365 -0.1187763437628746 1.1758157014846802
v -2.907072484958917e-05 -0.11556239426136017 1.1456506252288818
v 0.06285639107227325 -0.1206866130232811 1.1877871751785278
v 0.1244926005601883 -0.12290482223033905 1.2114455699920654
v -0.14534857869148254 -0.12021037936210632 1.1854047775268555
v -0.08484543859958649 -0.12068077176809311 1.21141517162323
v -0.022726397961378098 -0.11474176496267319 1.1489007472991943
v 0.03708226606249809 -0.11693874001502991 1.165895700454712
v 0.10008814185857773 -0.12279105931520462 1.2111568450927734
v 0.16620612144470215 -0.12120626866817474 1.2004966735839844
v -0.1097414568066597 -0.12166100740432739 1.2075531482696533
v -0.04779793322086334 -0.11528165638446808 1.1575669050216675
v 0.012694381177425385 -0.1141059547662735 1.145938515663147
v 0.07529828697443008 -0.11956075578927994 1.1928784847259521
v 0.1363556981086731 -0.12206833064556122 1.2046310901641846
v -0.13287074863910675 -0.11972341686487198 1.205288052558899
v -0.07256724685430527 -0.1189425066113472 1.188696026802063
v -0.010706438682973385 -0.11340854316949844 1.1472429037094116
v 0.04972599819302559 -0.1161978542804718 1.1609148979187012
v 0.1118585541844368 -0.1202850490808487 1.2096335887908936
v -0.1601426750421524 -0.11834245175123215 1.188820242881775
v -0.09678719192743301 -0.11990956962108612 1.2063614130020142
v -0.034870445728302 -0.11361055821180344 1.1531169414520264
v 0.026935765519738197 -0.11497096717357635 1.1670305728912354
v 0.08944220840930939 -0.12052913010120392 1.206069827079773
v 0.15037699043750763 -0.12098915874958038 1.204392433166504
v -0.12089166045188904 -0.11987152695655823 1.2112491130828857
v -0.06023446097970009 -0.11513616889715195 1.1722902059555054
v 0.0012799098622053862 -0.11239049583673477 1.1452229022979736
v 0.06372027099132538 -0.11745040118694305 1.186269760131836
v 0.1265011876821518 -0.1205880269408226 1.2134895324707031
v -0.14365854859352112 -0.11670595407485962 1.1842689514160156
v -0.08417724817991257 -0.11824475228786469 1.212215542793274
v -0.021400410681962967 -0.11115782707929611 1.1446515321731567
v 0.03824315965175629 -0.11340868473052979 1.163679599761963
v 0.10197445750236511 -0.1197488009929657 1.212681531906128
v 0.16801339387893677 -0.11832078546285629 1.1989816427230835
v -0.10830497741699219 -0.11870720982551575 1.2065354585647583
v -0.04629439488053322 -0.11154233664274216 1.1518216133117676
v 0.014113285578787327 -0.11097307503223419 1.1459938287734985
v 0.07360026240348816 -0.11305247992277145 1.1368732452392578
v 0.1381695419549942 -0.11955976486206055 1.2060070037841797
v -0.1317855566740036 -0.11731180548667908 1.2057589292526245
v -0.07116188853979111 -0.11487754434347153 1.1805810928344727
v -0.009419391863048077 -0.11003100872039795 1.1452873945236206
v 0.050934065133333206 -0.11267601698637009 1.1597669124603271
v 0.11362782120704651 -0.11796413362026215 1.209693431854248
v -0.15825748443603516 -0.11482784152030945 1.1868927478790283
v -0.09563171118497849 -0.11709713935852051 1.207381248474121
v -0.033132199198007584 -0.10923213511705399 1.146209955215454
v 0.028053130954504013 -0.11112229526042938 1.1657278537750244
v 0.09109361469745636 -0.11748110502958298 1.2067877054214478
v 0.1521170437335968 -0.11880466341972351 1.2055130004882812
v -0.11993438005447388 -0.11738929152488708 1.2113227844238281
v -0.05877731367945671 -0.11157071590423584 1.1677196025848389
v 0.002589191310107708 -0.10925138741731644 1.144987940788269
v 0.06299631297588348 -0.11020873486995697 1.1507179737091064
v 0.1280364692211151 -0.11851964145898819 1.2140629291534424
v -0.14238262176513672 -0.11345978081226349 1.1846132278442383
v -0.08339457958936691 -0.115626759827137 1.2108780145645142
v -0.02018382027745247 -0.10765343904495239 1.1416230201721191
v 0.0393463559448719 -0.1098998486995697 1.1617565155029297
v 0.10349271446466446 -0.1168365627527237 1.2130069732666016
v 0.16979359090328217 -0.11487679928541183 1.196400761604309
v -0.10677434504032135 -0.11550844460725784 1.2056071758270264
v -0.04500337690114975 -0.10801230370998383 1.1471881866455078
v 0.015486628748476505 -0.10783588886260986 1.145840048789978
v 0.07482977956533432 -0.10917099565267563 1.1381731033325195
v 0.1399998515844345 -0.117206871509552 1.207210659980774
v -0.130593404173851 -0.11479543149471283 1.2042694091796875
v -0.06970230489969254 -0.1109791174530983 1.1751477718353271
v -0.008213507942855358 -0.10681162774562836 1.1437593698501587
v 0.052160557359457016 -0.10920318961143494 1.159288763999939
v 0.11498433351516724 -0.11593788862228394 1.2086288928985596
v -0.1562584936618805 -0.11158939450979233 1.1846933364868164
v -0.09426110237836838 -0.11428160220384598 1.2076410055160522
v -0.03196248039603233 -0.10594411939382553 1.1414833068847656
v 0.029010940343141556 -0.1077941283583641 1.1645784378051758
v 0.09203317016363144 -0.11290279030799866 1.1992075443267822
v 0.15419819951057434 -0.11653559654951096 1.2053680419921875
v -0.11820008605718613 -0.11365949362516403 1.205204963684082
v -0.05652401223778725 -0.10747501254081726 1.1571362018585205
v 0.003874541027471423 -0.10601892322301865 1.1447619199752808
v 0.0633651614189148 -0.10641256719827652 1.1441673040390015
v 0.12899984419345856 -0.11638517677783966 1.2127139568328857
v -0.14129070937633514 -0.11062613874673843 1.1852580308914185
v -0.07992949336767197 -0.11078855395317078 1.1841052770614624
v -0.018971728160977364 -0.10435308516025543 1.139339566230774
v 0.040492139756679535 -0.1066742092370987 1.1602083444595337
v 0.10378775745630264 -0.11289889365434647 1.2048888206481934
v 0.17377640306949615 -0.11211046576499939 1.1904685497283936
v -0.10525281727313995 -0.11227881908416748 1.2049319744110107
v -0.04370012506842613 -0.1047508493065834 1.1433602571487427
v 0.016722533851861954 -0.10456202924251556 1.145463228225708
v 0.07618413865566254 -0.10595320165157318 1.1408884525299072
v 0.14171379804611206 -0.11542294174432755 1.2075423002243042
v -0.1282796561717987 -0.10947874933481216 1.186999797821045
v -0.06842533499002457 -0.10744581371545792 1.1745617389678955
v -0.0070063453167676926 -0.10356936603784561 1.1425316333770752
v 0.05304085463285446 -0.1057148277759552 1.1583385467529297
v 0.1153094694018364 -0.11249151080846786 1.2003196477890015
v -0.15434952080249786 -0.10851164162158966 1.1826319694519043
v -0.09274237602949142 -0.11143071204423904 1.206038475036621
v -0.030717208981513977 -0.10265561193227768 1.1387094259262085
v 0.029975511133670807 -0.10465172678232193 1.1632224321365356
v 0.09302566200494766 -0.10932069271802902 1.1952325105667114
v 0.15611322224140167 -0.11331885308027267 1.2032344341278076
v -0.11531944572925568 -0.10832387953996658 1.1851999759674072
v -0.05505458265542984 -0.10368689149618149 1.1512259244918823
v 0.005171268712729216 -0.10262759029865265 1.1445003747940063
v 0.06400572508573532 -0.10297662764787674 1.142590045928955
v 0.1281207799911499 -0.11242961883544922 1.1984672546386719
v -0.14025156199932098 -0.10793415457010269 1.1848952770233154
v -0.07842624932527542 -0.10695558041334152 1.1790473461151123
v -0.017719727009534836 -0.10112849622964859 1.1374781131744385
v 0.04175444319844246 -0.10355202853679657 1.1587014198303223
v 0.10372000932693481 -0.10879512131214142 1.1987731456756592
v -0.17557723820209503 -0.10621628910303116 1.1857212781906128
v -0.1038336455821991 -0.10909311473369598 1.20283842086792
v -0.042157385498285294 -0.10105250775814056 1.1488062143325806
v 0.01785586215555668 -0.10124591737985611 1.1446610689163208
v 0.07761190831661224 -0.10293831676244736 1.1450371742248535
v 0.1430901139974594 -0.11241215467453003 1.204394817352295
v -0.12671156227588654 -0.10523230582475662 1.182065725326538
v -0.06731241941452026 -0.10403329879045486 1.1787662506103516
v -0.00574315944686532 -0.10033094137907028 1.1414381265640259
v 0.05345838889479637 -0.10194498300552368 1.1551513671875
v 0.11577225476503372 -0.10905887186527252 1.1958088874816895
v -0.1527390480041504 -0.10537371784448624 1.1805458068847656
v -0.08948376029729843 -0.1063595861196518 1.1863956451416016
v -0.029330801218748093 -0.09936780482530594 1.136973261833191
v 0.03099476359784603 -0.10142949223518372 1.1614704132080078
v 0.09434175491333008 -0.10623285174369812 1.195246696472168
v 0.1578788310289383 -0.10956220328807831 1.2006840705871582
v -0.11387580633163452 -0.1042381227016449 1.1813478469848633
v -0.053830090910196304 -0.10021663457155228 1.1474186182022095
v 0.006526499055325985 -0.09928027540445328 1.1443254947662354
v 0.06504756957292557 -0.1002114862203598 1.1452674865722656
v 0.12744826078414917 -0.10863436758518219 1.1853771209716797
v -0.1379176825284958 -0.10287745296955109 1.177186369895935
v -0.07708294689655304 -0.10306664556264877 1.181911826133728
v -0.01649189367890358 -0.09793922305107117 1.1359848976135254
v 0.04285002872347832 -0.10010257363319397 1.1560529470443726
v 0.10431142896413803 -0.1058390885591507 1.1968339681625366
v -0.1714015007019043 -0.10194184631109238 1.1842511892318726
v -0.10089852660894394 -0.10378553718328476 1.1842460632324219
v -0.04126504436135292 -0.09775061905384064 1.152293086051941
v 0.018937166780233383 -0.09794656932353973 1.1442874670028687
v 0.08105479180812836 -0.10123369097709656 1.1763160228729248
v 0.14160655438899994 -0.10746028274297714 1.179830551147461
v -0.12506595253944397 -0.10150312632322311 1.1778247356414795
v -0.06599784642457962 -0.10086978226900101 1.1748510599136353
v -0.004449243191629648 -0.09712432324886322 1.1404892206192017
v 0.05452113598585129 -0.09757938235998154 1.1485674381256104
v 0.11666252464056015 -0.10617775470018387 1.1935502290725708
v -0.15020981431007385 -0.10127875208854675 1.174115777015686
v -0.08776678889989853 -0.10243967920541763 1.182950496673584
v -0.02796495333313942 -0.0961776077747345 1.1354984045028687
v 0.03196515887975693 -0.09818724542856216 1.159000277519226
v 0.09499988704919815 -0.1030379980802536 1.1952555179595947
v 0.15978126227855682 -0.10511934757232666 1.1949931383132935
v -0.11234910786151886 -0.10058040916919708 1.1785310506820679
v -0.05254710465669632 -0.09681873768568039 1.1440184116363525
v 0.007961091585457325 -0.09600958973169327 1.1442248821258545
v 0.06621931493282318 -0.09759388118982315 1.1485023498535156
v 0.12850594520568848 -0.10540958493947983 1.1813392639160156
v -0.13647520542144775 -0.09921934455633163 1.1733074188232422
v -0.07567345350980759 -0.09942567348480225 1.1802713871002197
v -0.015238438732922077 -0.09475688636302948 1.1348320245742798
v 0.04388990253210068 -0.09642570465803146 1.152657151222229
v 0.10516007989645004 -0.10285652428865433 1.1945449113845825
v -0.16899847984313965 -0.09796183556318283 1.1810967922210693
v -0.09950945526361465 -0.10007581859827042 1.180746078491211
v -0.040456902235746384 -0.0948762446641922 1.1525107622146606
v 0.020258385688066483 -0.09484416246414185 1.1448907852172852
v 0.0818207636475563 -0.09864697605371475 1.1766573190689087
v 0.14257730543613434 -0.10388803482055664 1.1755784749984741
v -0.12340311706066132 -0.09757588058710098 1.1728272438049316
v -0.06384123861789703 -0.09637361764907837 1.1601624488830566
v -0.003127835225313902 -0.09391806274652481 1.1397053003311157
v 0.0557219423353672 -0.09485235810279846 1.1497694253921509
v 0.11762253940105438 -0.1028292179107666 1.1907836198806763
v -0.1479015052318573 -0.09705904871225357 1.1690397262573242
v -0.08622678369283676 -0.09860935807228088 1.1801193952560425
v -0.02656550519168377 -0.0929810181260109 1.1343145370483398
v 0.03297736868262291 -0.09484630078077316 1.1559797525405884
v 0.09541434794664383 -0.09991516917943954 1.19501531124115
v 0.15875031054019928 -0.0997730940580368 1.1718995571136475
v -0.11100142449140549 -0.09692927449941635 1.1767442226409912
v -0.05135548487305641 -0.09356767684221268 1.143112063407898
v 0.009415293112397194 -0.09283308684825897 1.1441746950149536
v 0.0674016922712326 -0.09504275768995285 1.152828335762024
v 0.12982860207557678 -0.1017896980047226 1.1770974397659302
v -0.134806290268898 -0.09547262638807297 1.1691005229949951
v -0.07429255545139313 -0.09595084935426712 1.1785802841186523
v -0.014010152779519558 -0.09151425212621689 1.1339671611785889
v 0.045026034116744995 -0.09292095899581909 1.1495095491409302
v 0.1058349683880806 -0.09978561103343964 1.1914269924163818
v -0.15941452980041504 -0.09288743138313293 1.1304954290390015
v -0.09804065525531769 -0.096393883228302 1.1781219244003296
v -0.03943612426519394 -0.09212730079889297 1.1524853706359863
v 0.021454602479934692 -0.0919017493724823 1.145751953125
v 0.08255639672279358 -0.09599470347166061 1.1759659051895142
v 0.14332367479801178 -0.10002773255109787 1.1712121963500977
v -0.12176819145679474 -0.09377732872962952 1.1688522100448608
v -0.06250621378421783 -0.09249595552682877 1.1544550657272339
v -0.001790393958799541 -0.09073028713464737 1.1390140056610107
v 0.05701439455151558 -0.09223957359790802 1.1534404754638672
v 0.11007735133171082 -0.09680534899234772 1.121333360671997
v -0.14628387987613678 -0.09398575127124786 1.1665836572647095
v -0.08472422510385513 -0.09464630484580994 1.176814317703247
v -0.025158461183309555 -0.08970026671886444 1.1332511901855469
v 0.033955372869968414 -0.09141045808792114 1.1530267000198364
v 0.09576120227575302 -0.0968930795788765 1.1938201189041138
v 0.15495598316192627 -0.09509249031543732 1.125495433807373
v -0.10964903980493546 -0.09348779171705246 1.174698829650879
v -0.04922805726528168 -0.0896853432059288 1.1497124433517456
v 0.010798734612762928 -0.08969422429800034 1.1442010402679443
v 0.07080691307783127 -0.0916229784488678 1.168751835823059
v 0.1253087818622589 -0.09605555981397629 1.127036690711975
v -0.13310280442237854 -0.09182068705558777 1.1653029918670654
v -0.07314126938581467 -0.09247387200593948 1.1792757511138916
v -0.01278622169047594 -0.08827243745326996 1.1333719491958618
v 0.04610425606369972 -0.08978032320737839 1.1506701707839966
v 0.10648918896913528 -0.0963163748383522 1.187577247619629
v -0.15737423300743103 -0.08946879953145981 1.1317342519760132
v -0.0965055376291275 -0.09282181411981583 1.175180196762085
v -0.03831344470381737 -0.08901500701904297 1.152430534362793
v 0.023524118587374687 -0.08883620798587799 1.1513121128082275
v 0.0834880992770195 -0.09294910728931427 1.1757779121398926
v 0.13994088768959045 -0.09399256855249405 1.1243051290512085
v -0.1203901618719101 -0.09049128741025925 1.165971040725708
v -0.0611446388065815 -0.08915916085243225 1.151777744293213
v -0.0005024555139243603 -0.0875018835067749 1.1383882761001587
v 0.058764759451150894 -0.0894344225525856 1.1580814123153687
v 0.11181138455867767 -0.09262440353631973 1.1199802160263062
v -0.14469516277313232 -0.09067714214324951 1.1641314029693604
v -0.0833163857460022 -0.09089604020118713 1.1732693910598755
v -0.023715829476714134 -0.08644929528236389 1.132533311843872
v 0.034845419228076935 -0.08794617652893066 1.1501978635787964
v 0.09623810648918152 -0.09359943866729736 1.1914936304092407
v 0.1557634472846985 -0.09073267877101898 1.120191216468811
v -0.10831835120916367 -0.09029167890548706 1.172694444656372
v -0.04846641421318054 -0.08684603124856949 1.1503608226776123
v 0.01198236458003521 -0.086582712829113 1.1442720890045166
v 0.07183276861906052 -0.0891561359167099 1.1696391105651855
v 0.125678151845932 -0.0912843719124794 1.116799235343933
v -0.1315101683139801 -0.08844084292650223 1.162402868270874
v -0.07215557992458344 -0.08906224370002747 1.1794309616088867
v -0.011555910110473633 -0.08510234951972961 1.1329941749572754
v 0.047140005975961685 -0.08677741885185242 1.1523725986480713
v 0.1070360466837883 -0.0920369103550911 1.18398118019104
v -0.1557973474264145 -0.08670148998498917 1.1338468790054321
v -0.09497366845607758 -0.08938240259885788 1.1719697713851929
v -0.03697479888796806 -0.08562114834785461 1.152388095855713
v 0.0243939608335495 -0.08587536215782166 1.1507179737091064
v 0.08487962931394577 -0.08981887251138687 1.1789288520812988
v 0.1405065804719925 -0.08973728120326996 1.1172643899917603
v -0.11908916383981705 -0.08744353801012039 1.1638628244400024
v -0.05964051932096481 -0.08577656000852585 1.1487619876861572
v 0.0008133248775266111 -0.08438196033239365 1.1379220485687256
v 0.0601186566054821 -0.08650651574134827 1.1593884229660034
v 0.1136256754398346 -0.08894634246826172 1.1209393739700317
v -0.14312361180782318 -0.08722849935293198 1.1619271039962769
v -0.08193137496709824 -0.08731602132320404 1.1697273254394531
v -0.022306645289063454 -0.08320700377225876 1.1319469213485718
v 0.03570717200636864 -0.0844685435295105 1.1473459005355835
v 0.09668584167957306 -0.08936154097318649 1.1869683265686035
v 0.1560787707567215 -0.08723378926515579 1.114173412322998
v -0.10683954507112503 -0.08711088448762894 1.1707565784454346
v -0.047551993280649185 -0.08391447365283966 1.1508302688598633
v 0.013129938393831253 -0.08344244211912155 1.144507646560669
v 0.07250461727380753 -0.08658435195684433 1.1688432693481445
v 0.12636953592300415 -0.08733661472797394 1.1118379831314087
v -0.12998609244823456 -0.08513303101062775 1.1602065563201904
v -0.07116726785898209 -0.08551948517560959 1.1783581972122192
v -0.010296358726918697 -0.08190948516130447 1.1327183246612549
v 0.04802590608596802 -0.08379364013671875 1.1528005599975586
v 0.10728124529123306 -0.08646295964717865 1.179538369178772
v -0.15423917770385742 -0.08390349894762039 1.1361298561096191
v -0.09351295232772827 -0.08599606901407242 1.168664813041687
v -0.03542863577604294 -0.08197174221277237 1.1521127223968506
v 0.02496023289859295 -0.08277679234743118 1.1484198570251465
v 0.08583063632249832 -0.08690628409385681 1.1787835359573364
v 0.14127317070960999 -0.08584438264369965 1.1119602918624878
v -0.11776909232139587 -0.08430793881416321 1.1647943258285522
v -0.0582757294178009 -0.08245842158794403 1.1469440460205078
v 0.0021140407770872116 -0.08112705498933792 1.1376557350158691
v 0.060977548360824585 -0.08341279625892639 1.157856822013855
v 0.11491138488054276 -0.08536449074745178 1.121132493019104
v -0.14157383143901825 -0.0838363915681839 1.1600593328475952
v -0.08050285279750824 -0.08369599282741547 1.1708968877792358
v -0.020897550508379936 -0.07997296005487442 1.1314573287963867
v 0.03654547035694122 -0.08132200688123703 1.1461923122406006
v 0.0976174995303154 -0.08379298448562622 1.1809746026992798
v 0.15620535612106323 -0.08297300338745117 1.1046018600463867
v -0.10538849979639053 -0.0838385745882988 1.1685457229614258
v -0.046530358493328094 -0.0808519795536995 1.1513137817382812
v 0.014256104826927185 -0.08038880676031113 1.1445978879928589
v 0.07336298376321793 -0.08376885205507278 1.1675317287445068
v 0.12749774754047394 -0.08318956941366196 1.1097058057785034
v -0.12861420214176178 -0.0819588229060173 1.1583893299102783
v -0.07026953995227814 -0.08227860182523727 1.176612138748169
v -0.009094231761991978 -0.07866162061691284 1.1325697898864746
v 0.04888641834259033 -0.08077650517225266 1.1520525217056274
v 0.10368052124977112 -0.07988997548818588 1.1327918767929077
v -0.15295696258544922 -0.08084583282470703 1.1382678747177124
v -0.0920063853263855 -0.08258845657110214 1.1653050184249878
v -0.03391091153025627 -0.07853391021490097 1.1338138580322266
v 0.025553476065397263 -0.07947490364313126 1.1450941562652588
v 0.08621162921190262 -0.08276917785406113 1.1730294227600098
v 0.14165669679641724 -0.08153235912322998 1.106423258781433
v -0.11664044857025146 -0.08123413473367691 1.1659621000289917
v -0.05699175223708153 -0.07942497730255127 1.1488391160964966
v 0.0034891057293862104 -0.07794585078954697 1.1391657590866089
v 0.061814308166503906 -0.08055958896875381 1.1551315784454346
v 0.11054317653179169 -0.07873284816741943 1.0644307136535645
v -0.14014437794685364 -0.08053169399499893 1.1586005687713623
v -0.07958880066871643 -0.0805208683013916 1.174284815788269
v -0.01952100545167923 -0.07678457349538803 1.132147192955017
v 0.03918524459004402 -0.07822296023368835 1.1605713367462158
v 0.08984097838401794 -0.0795472264289856 1.0854490995407104
v 0.15685224533081055 -0.07770029455423355 1.088244080543518
v -0.10381008684635162 -0.08055974543094635 1.165666937828064
v -0.04544612020254135 -0.07779394835233688 1.1519229412078857
v 0.015398044139146805 -0.07716003060340881 1.1446325778961182
v 0.07422707974910736 -0.08105121552944183 1.1653664112091064
v 0.12333731353282928 -0.07724856585264206 1.0629513263702393
v -0.12732025980949402 -0.07891718298196793 1.156907558441162
v -0.06915190070867538 -0.07915383577346802 1.1744580268859863
v -0.007939552888274193 -0.07545606046915054 1.1324784755706787
v 0.0501168817281723 -0.07797329127788544 1.1508049964904785
v 0.09955582022666931 -0.07621430605649948 1.0672364234924316
v -0.15171074867248535 -0.07764123380184174 1.1397947072982788
v -0.09078061580657959 -0.07927381247282028 1.1657345294952393
v -0.03237314894795418 -0.07528014481067657 1.1331489086151123
v 0.027861619368195534 -0.07572116702795029 1.1575744152069092
v 0.08640273660421371 -0.07852555811405182 1.1576099395751953
v 0.13589538633823395 -0.07504847645759583 1.0552935600280762
v -0.11540457606315613 -0.07814771682024002 1.1649795770645142
v -0.0557442270219326 -0.07635228335857391 1.14987051486969
v 0.004803622607141733 -0.07510656118392944 1.145009994506836
v 0.06276198476552963 -0.07776716351509094 1.1522538661956787
v 0.1112915500998497 -0.07438795268535614 1.060401201248169
v -0.13874690234661102 -0.07723663747310638 1.157274842262268
v -0.07874459773302078 -0.07764013856649399 1.1755406856536865
v -0.018276415765285492 -0.07353796809911728 1.1315993070602417
v 0.039697546511888504 -0.07543022930622101 1.1619555950164795
v 0.08898777514696121 -0.07441433519124985 1.0694390535354614
v 0.1547534465789795 -0.07297204434871674 1.050258994102478
v -0.10235421359539032 -0.07718108594417572 1.1628135442733765
v -0.04422366991639137 -0.07470330595970154 1.1526790857315063
v 0.016223149374127388 -0.07393358647823334 1.1468348503112793
v 0.07504858076572418 -0.07817407697439194 1.1612013578414917
v 0.12371985614299774 -0.07311923056840897 1.0573889017105103
v -0.1265725940465927 -0.07578205317258835 1.159571647644043
v -0.0675048753619194 -0.07585516571998596 1.1699997186660767
v -0.006785873789340258 -0.07233224809169769 1.1325085163116455
v 0.05115889012813568 -0.07514730095863342 1.1491676568984985
v 0.10000035166740417 -0.07192648202180862 1.0618046522140503
v -0.15050514042377472 -0.0745331197977066 1.1416287422180176
v -0.08964791148900986 -0.07572045177221298 1.1705795526504517
v -0.031096475198864937 -0.0729268491268158 1.1518232822418213
v 0.028651151806116104 -0.0730239599943161 1.161133885383606
v 0.07841132581233978 -0.07336306571960449 1.0792142152786255
v 0.13600915670394897 -0.07115056365728378 1.046797275543213
v -0.11401733011007309 -0.0749388113617897 1.1632931232452393
v -0.05447655916213989 -0.07321855425834656 1.1503723859786987
v 0.005648391786962748 -0.07140659540891647 1.156693458557129
v 0.06380448490381241 -0.0749109759926796 1.1503689289093018
v 0.11190429329872131 -0.07044031471014023 1.0563122034072876
v -0.13744737207889557 -0.07410813868045807 1.156430959701538
v -0.0777602270245552 -0.07475621998310089 1.1750684976577759
v -0.017064714804291725 -0.07029986381530762 1.1309571266174316
v 0.040522605180740356 -0.07279818505048752 1.1636335849761963
v 0.08929808437824249 -0.07018172740936279 1.062166452407837
v -0.16929985582828522 -0.07343004643917084 1.1421869993209839
v -0.10094387829303741 -0.07370464503765106 1.165769338607788
v -0.04291671887040138 -0.07159349322319031 1.1533552408218384
v 0.01877612993121147 -0.07057847082614899 1.1586155891418457
v 0.07551126927137375 -0.07431615144014359 1.154969573020935
v 0.12418588250875473 -0.06891433894634247 1.051501989364624
v -0.12551966309547424 -0.07283464074134827 1.1616899967193604
v -0.06533361226320267 -0.07238192856311798 1.1569093465805054
v -0.0056718699634075165 -0.06915442645549774 1.132686972618103
v 0.05211871489882469 -0.07212226837873459 1.1468017101287842
v 0.10057945549488068 -0.06800296157598495 1.0552300214767456
v -0.14915722608566284 -0.07155543565750122 1.143554925918579
v -0.08856773376464844 -0.07284850627183914 1.1706321239471436
v -0.030010275542736053 -0.06980706751346588 1.1545884609222412
v 0.02954864129424095 -0.0703684613108635 1.163317084312439
v 0.07901320606470108 -0.06903842091560364 1.0689022541046143
v 0.13678768277168274 -0.0676368772983551 1.0444130897521973
v -0.11282924562692642 -0.07192669808864594 1.1642529964447021
v -0.05322917923331261 -0.07004808634519577 1.1508010625839233
v 0.007039322517812252 -0.06828804314136505 1.1602791547775269
v 0.0645822212100029 -0.07175365090370178 1.1488324403762817
v 0.11240271478891373 -0.06665530055761337 1.0497874021530151
v -0.13642583787441254 -0.07109783589839935 1.1577210426330566
v -0.07664060592651367 -0.0719011127948761 1.1741760969161987
v -0.015887755900621414 -0.06717012077569962 1.1310168504714966
v 0.041434433311223984 -0.06988736987113953 1.1644132137298584
v 0.09006092697381973 -0.06640179455280304 1.0563746690750122
v -0.1643374264240265 -0.0701480582356453 1.1441857814788818
v -0.0996621623635292 -0.07049883157014847 1.1664220094680786
v -0.04158533737063408 -0.0684862956404686 1.1539896726608276
v 0.019525522366166115 -0.06820192188024521 1.1595385074615479
v 0.07646775990724564 -0.07087291777133942 1.1510409116744995
v 0.12452463805675507 -0.06524419784545898 1.0446627140045166
v -0.12434845417737961 -0.06988916546106339 1.1615166664123535
v -0.06400638073682785 -0.06887641549110413 1.1526628732681274
v -0.0047620441764593124 -0.06588813662528992 1.1333138942718506
v 0.05310017988085747 -0.06900567561388016 1.1446540355682373
v 0.10122163593769073 -0.06432651728391647 1.0488710403442383
v -0.14776700735092163 -0.06851311028003693 1.1458067893981934
v -0.08722430467605591 -0.06973420083522797 1.168861985206604
v -0.02860969863831997 -0.06676388531923294 1.1551827192306519
v 0.030776038765907288 -0.06748171895742416 1.1670926809310913
v 0.07972694933414459 -0.06530214101076126 1.0614314079284668
v 0.137527734041214 -0.06388140469789505 1.037886619567871
v -0.11134874075651169 -0.06879843026399612 1.1624045372009277
v -0.051977429538965225 -0.066854327917099 1.1512597799301147
v 0.008147986605763435 -0.06605765968561172 1.1603398323059082
v 0.0655151903629303 -0.06836067140102386 1.1495379209518433
v 0.11292657256126404 -0.06290561705827713 1.0434136390686035
v -0.1354019045829773 -0.06810033321380615 1.159470558166504
v -0.07543157786130905 -0.06876876205205917 1.1724780797958374
v -0.01472704391926527 -0.06405223160982132 1.1315112113952637
v 0.04260186851024628 -0.06713628768920898 1.1642788648605347
v 0.09074532240629196 -0.06280797719955444 1.0514308214187622
v -0.16222800314426422 -0.06702648103237152 1.1452361345291138
v -0.09836074709892273 -0.06746093183755875 1.1652511358261108
v -0.040214162319898605 -0.06535761058330536 1.1545451879501343
v 0.020760390907526016 -0.06569591909646988 1.1631609201431274
v 0.07685390114784241 -0.06803617626428604 1.1451810598373413
v 0.12499377876520157 -0.06177239865064621 1.0385723114013672
v -0.1228058785200119 -0.06674704700708389 1.1579135656356812
v -0.0629609003663063 -0.06578538566827774 1.1524759531021118
v -0.003512171097099781 -0.06256251782178879 1.1344549655914307
v 0.054119911044836044 -0.06568383425474167 1.1425578594207764
v 0.10192503780126572 -0.06075470894575119 1.0433766841888428
v -0.14646349847316742 -0.06549595296382904 1.1490336656570435
v -0.08584775030612946 -0.06641974300146103 1.167182445526123
v -0.02708917111158371 -0.06344452500343323 1.15535569190979
v 0.03169585019350052 -0.06483406573534012 1.1672942638397217
v 0.08059421181678772 -0.06172161176800728 1.0557807683944702
v 0.13850191235542297 -0.06058482080698013 1.0352120399475098
v -0.10965625196695328 -0.0655033215880394 1.1592991352081299
v -0.05073540285229683 -0.0637158527970314 1.1517243385314941
v 0.009136630222201347 -0.06385031342506409 1.1591167449951172
v 0.06672761589288712 -0.06483618915081024 1.1526622772216797
v 0.1136099249124527 -0.05954233184456825 1.0378748178482056
v -0.13430532813072205 -0.06502216309309006 1.159403681755066
v -0.0740453377366066 -0.06517377495765686 1.1690829992294312
v -0.013552791438996792 -0.0609217993915081 1.1324970722198486
v 0.04365500062704086 -0.0644015520811081 1.1639631986618042
v 0.09154976159334183 -0.059363678097724915 1.0466705560684204
v -0.1604958325624466 -0.06394744664430618 1.1478005647659302
v -0.0969497486948967 -0.06423910707235336 1.1629598140716553
v -0.03881736844778061 -0.062166620045900345 1.1549748182296753
v 0.022184984758496284 -0.06305073946714401 1.1651716232299805
v 0.06903474777936935 -0.06099766492843628 1.0745183229446411
v 0.12587736546993256 -0.05852191522717476 1.0353121757507324
v -0.12113939225673676 -0.0635230615735054 1.1547971963882446
v -0.06225760653614998 -0.061753660440444946 1.158371090888977
v -0.002284625545144081 -0.059759292751550674 1.137245535850525
v 0.05504332482814789 -0.06240610405802727 1.1409469842910767
v 0.10275456309318542 -0.057566963136196136 1.038680911064148
v -0.14531536400318146 -0.06268810480833054 1.1549060344696045
v -0.0844876691699028 -0.06315351277589798 1.166797161102295
v -0.025557994842529297 -0.060028694570064545 1.1548902988433838
v 0.03273320943117142 -0.06230198219418526 1.1660836935043335
v 0.0816478505730629 -0.058228109031915665 1.0517324209213257
v 0.13943970203399658 -0.05741017684340477 1.0326881408691406
v -0.10801336169242859 -0.06226691976189613 1.1568915843963623
v -0.04951370134949684 -0.060634393244981766 1.1521798372268677
v 0.010448714718222618 -0.060460638254880905 1.146877646446228
v 0.06772556900978088 -0.06178458407521248 1.1537394523620605
v 0.11451146006584167 -0.056435827165842056 1.0330058336257935
v -0.13309074938297272 -0.06177392601966858 1.15851891040802
v -0.0724596455693245 -0.06155377998948097 1.1658639907836914
v -0.012445889413356781 -0.057850297540426254 1.1338697671890259
v 0.04456234350800514 -0.06138497218489647 1.163007378578186
v 0.09238483756780624 -0.05597992613911629 1.0420564413070679
v -0.15873928368091583 -0.061112649738788605 1.1501933336257935
v -0.09548687189817429 -0.060910664498806 1.1610251665115356
v -0.03735041245818138 -0.05893705040216446 1.1551852226257324
v 0.023517237976193428 -0.06020098924636841 1.1648688316345215
v 0.0702628493309021 -0.05757668614387512 1.070948839187622
v 0.12708932161331177 -0.05551312491297722 1.0355702638626099
v -0.11948300153017044 -0.0601959303021431 1.152050256729126
v -0.05990223586559296 -0.05907198041677475 1.1540158987045288
v -0.0005617433926090598 -0.05809399485588074 1.161347508430481
v 0.05609964579343796 -0.05905257165431976 1.1398814916610718
v 0.10370832681655884 -0.05456395819783211 1.0345079898834229
v -0.1441439390182495 -0.05978017300367355 1.1561102867126465
v -0.08323177695274353 -0.05990215018391609 1.165639042854309
v -0.024187898263335228 -0.05661541596055031 1.15412175655365
v 0.03376070410013199 -0.0586148239672184 1.1608058214187622
v 0.0825204998254776 -0.05489372834563255 1.0482724905014038
v 0.14054973423480988 -0.05423010140657425 1.0301880836486816
v -0.10648069530725479 -0.05901453271508217 1.1550852060317993
v -0.04825548082590103 -0.05751391872763634 1.152595043182373
v 0.01164347492158413 -0.05754061043262482 1.145717740058899
v 0.0685376301407814 -0.05886463075876236 1.1532686948776245
v 0.11549834161996841 -0.053393736481666565 1.0288457870483398
v -0.13183827698230743 -0.05826724320650101 1.1565325260162354
v -0.07103295624256134 -0.057998109608888626 1.1637334823608398
v -0.011356471106410027 -0.054635271430015564 1.1355088949203491
v 0.04545021802186966 -0.057850103825330734 1.159711241722107
v 0.09329672902822495 -0.05279122292995453 1.0379164218902588
v -0.1568552404642105 -0.05860542505979538 1.1512227058410645
v -0.09412525594234467 -0.05760941281914711 1.159582495689392
v -0.03585191071033478 -0.05569407343864441 1.1552643775939941
v 0.024580636993050575 -0.057249583303928375 1.163865566253662
v 0.07260195910930634 -0.054597314447164536 1.0717054605484009
v 0.1283019781112671 -0.052443597465753555 1.034554123878479
v -0.1178961917757988 -0.05684198811650276 1.1497688293457031
v -0.058560632169246674 -0.05582180991768837 1.153555989265442
v 0.0001370721438433975 -0.055414386093616486 1.1628347635269165
v 0.05842866748571396 -0.05561309680342674 1.1452529430389404
v 0.10477003455162048 -0.051658835262060165 1.03078293800354
v -0.14260002970695496 -0.0565694235265255 1.1537508964538574
v -0.0818852111697197 -0.0565086230635643 1.163162350654602
v -0.022744882851839066 -0.053289834409952164 1.1530736684799194
v 0.03482677787542343 -0.05594883859157562 1.160325288772583
v 0.0834542065858841 -0.05165539309382439 1.0445544719696045
v 0.14169281721115112 -0.05115271732211113 1.0280944108963013
v -0.10500963777303696 -0.055779825896024704 1.153565526008606
v -0.047028589993715286 -0.054350100457668304 1.1528804302215576
v 0.012806330807507038 -0.05454348027706146 1.1462371349334717
v 0.06950885057449341 -0.055885154753923416 1.15190851688385
v 0.1166929081082344 -0.050255872309207916 1.0261869430541992
v -0.13045351207256317 -0.05487678200006485 1.1549656391143799
v -0.06963691860437393 -0.05447554588317871 1.1619932651519775
v -0.01025372464209795 -0.051278479397296906 1.1373307704925537
v 0.04646367207169533 -0.05443934351205826 1.1554049253463745
v 0.09433942288160324 -0.0498671680688858 1.034335970878601
v -0.15362629294395447 -0.05409582331776619 1.1381680965423584
v -0.09269965440034866 -0.05436599999666214 1.15840482711792
v -0.03434281423687935 -0.052496276795864105 1.1550161838531494
v 0.0255607720464468 -0.05346984416246414 1.159325361251831
v 0.0721367672085762 -0.050281427800655365 1.0530281066894531
v 0.12965427339076996 -0.04945593327283859 1.0329278707504272
v -0.11640486866235733 -0.053589582443237305 1.1479122638702393
v -0.05740204080939293 -0.052417345345020294 1.1533623933792114
v 0.000789355777669698 -0.05259023606777191 1.1629831790924072
v 0.05984780192375183 -0.052595194429159164 1.1493083238601685
v 0.10599613934755325 -0.0487726591527462 1.0275219678878784
v -0.14089827239513397 -0.05321832373738289 1.1511898040771484
v -0.08046073466539383 -0.05313241109251976 1.1610616445541382
v -0.021300088614225388 -0.05025040730834007 1.1516221761703491
v 0.035952046513557434 -0.05302349850535393 1.1575162410736084
v 0.08440189808607101 -0.04847153648734093 1.0406713485717773
v 0.14307518303394318 -0.04811256378889084 1.0263139009475708
v -0.10350342094898224 -0.05257780849933624 1.1522457599639893
v -0.045788612216711044 -0.05113397166132927 1.1531391143798828
v 0.0139777772128582 -0.0512721911072731 1.1471291780471802
v 0.07074131071567535 -0.05288107320666313 1.1500121355056763
v 0.11892478913068771 -0.04764134809374809 1.0308581590652466
v -0.1289582997560501 -0.051525816321372986 1.1537258625030518
v -0.06827477365732193 -0.051077257841825485 1.1603423357009888
v -0.009493326768279076 -0.04779946804046631 1.1406316757202148
v 0.04763176292181015 -0.05107492953538895 1.1522876024246216
v 0.09541960060596466 -0.04708787426352501 1.0311359167099
v -0.1515824943780899 -0.05043386295437813 1.1357213258743286
v -0.09121627360582352 -0.05103607475757599 1.157197117805481
v -0.032811179757118225 -0.04926345497369766 1.1543822288513184
v 0.026373883709311485 -0.05008140206336975 1.1565468311309814
v 0.07356029748916626 -0.04696119576692581 1.048642635345459
v 0.13077615201473236 -0.04635706543922424 1.0315272808074951
v -0.11486376076936722 -0.05033901333808899 1.146461009979248
v -0.05633625015616417 -0.04919194430112839 1.1535379886627197
v 0.001705176429823041 -0.04983781278133392 1.16282057762146
v 0.06043097749352455 -0.04979187622666359 1.1508681774139404
v 0.10739128291606903 -0.04588324576616287 1.0247267484664917
v -0.13911567628383636 -0.04985319823026657 1.1490302085876465
v -0.07895778119564056 -0.04974349960684776 1.1592795848846436
v -0.019661400467157364 -0.0470532551407814 1.1504536867141724
v 0.037053707987070084 -0.048802051693201065 1.1502432823181152
v 0.08525878936052322 -0.045346155762672424 1.0369236469268799
v 0.1447686403989792 -0.045060113072395325 1.024865984916687
v -0.1020103320479393 -0.049281418323516846 1.1510423421859741
v -0.0444878451526165 -0.04790682718157768 1.1532526016235352
v 0.01512137521058321 -0.047953542321920395 1.1485062837600708
v 0.07207629084587097 -0.049763552844524384 1.1475129127502441
v 0.12109839171171188 -0.044271428138017654 1.0354831218719482
v -0.12735487520694733 -0.04828133434057236 1.1528303623199463
v -0.06704477965831757 -0.047784335911273956 1.158683180809021
v -0.008058168925344944 -0.0453852042555809 1.1616121530532837
v 0.049514006823301315 -0.04761257767677307 1.1531611680984497
v 0.09648119658231735 -0.04429003968834877 1.0280051231384277
v -0.14986589550971985 -0.0474378764629364 1.1341931819915771
v -0.08974062651395798 -0.04772653430700302 1.1560049057006836
v -0.031334035098552704 -0.04602431133389473 1.1535440683364868
v 0.027427913621068 -0.04682352393865585 1.1587144136428833
v 0.07487799227237701 -0.0438431054353714 1.0450466871261597
v 0.13195452094078064 -0.04321445897221565 1.03037691116333
v -0.11324205994606018 -0.047071848064661026 1.145289421081543
v -0.05501651391386986 -0.04607788100838661 1.1537580490112305
v 0.002968457993119955 -0.04625573754310608 1.1588773727416992
v 0.06121745705604553 -0.04709990322589874 1.1517300605773926
v 0.10869386047124863 -0.0428316667675972 1.0229216814041138
v -0.13737115263938904 -0.04655902087688446 1.1465449333190918
v -0.07753212749958038 -0.04646870866417885 1.157820224761963
v -0.0180073082447052 -0.043550506234169006 1.1605912446975708
v 0.03833453357219696 -0.045747317373752594 1.1488173007965088
v 0.08618675172328949 -0.04237884655594826 1.0332717895507812
v 0.14736194908618927 -0.04184890538454056 1.0235867500305176
v -0.10056204348802567 -0.045939426869153976 1.1498581171035767
v -0.04318952560424805 -0.04473782330751419 1.153239369392395
v 0.01617460325360298 -0.044768426567316055 1.1503690481185913
v 0.07343407720327377 -0.04650725796818733 1.1429662704467773
v 0.12777359783649445 -0.04577600210905075 1.0919843912124634
v -0.1256854236125946 -0.04512929543852806 1.1523040533065796
v -0.06577344983816147 -0.04463617503643036 1.1571749448776245
v -0.007379494141787291 -0.043172791600227356 1.1623324155807495
v 0.05157487466931343 -0.04437454044818878 1.1547036170959473
v 0.09757237136363983 -0.04146021232008934 1.0251567363739014
v -0.1483163982629776 -0.0443282425403595 1.1323469877243042
v -0.08839571475982666 -0.04445244371891022 1.1547679901123047
v -0.029956193640828133 -0.04283038154244423 1.1525835990905762
v 0.02815053053200245 -0.04411480948328972 1.1580911874771118
v 0.07602263242006302 -0.0408778041601181 1.0413744449615479
v 0.13327370584011078 -0.040242865681648254 1.0293655395507812
v -0.11156303435564041 -0.04382488876581192 1.1444628238677979
v -0.05390152707695961 -0.04283538833260536 1.1543331146240234
v 0.004522558301687241 -0.04273553192615509 1.155414342880249
v 0.06231243163347244 -0.044448427855968475 1.153242588043213
v 0.11022485792636871 -0.03909347578883171 1.0211163759231567
v -0.13584977388381958 -0.04343376308679581 1.1434080600738525
v -0.07614327222108841 -0.04321472346782684 1.1563042402267456
v -0.016942879185080528 -0.04114995151758194 1.1628705263137817
v 0.03952489420771599 -0.04273758828639984 1.1482009887695312
v 0.0872248038649559 -0.03948843106627464 1.0298830270767212
v -0.16437257826328278 -0.04353754594922066 1.1108505725860596
v -0.09920761734247208 -0.04257883131504059 1.1485698223114014
v -0.041862212121486664 -0.041604749858379364 1.1530725955963135
v 0.017167476937174797 -0.04163885489106178 1.1525388956069946
v 0.07481450587511063 -0.0431201234459877 1.133980393409729
v 0.12991231679916382 -0.041734639555215836 1.0990843772888184
v -0.12403541803359985 -0.042053431272506714 1.1517508029937744
v -0.06456516683101654 -0.04147586226463318 1.1558890342712402
v -0.006703327409923077 -0.040734391659498215 1.1618492603302002
v 0.05298089236021042 -0.04167609661817551 1.1549988985061646
v 0.09882259368896484 -0.038511332124471664 1.0227569341659546
v -0.14674605429172516 -0.04126627743244171 1.1299641132354736
v -0.08697652816772461 -0.0413161963224411 1.1533839702606201
v -0.02867957390844822 -0.03971356898546219 1.1517406702041626
v 0.02925814501941204 -0.040723662823438644 1.154000163078308
v 0.07710789144039154 -0.0378640778362751 1.0375559329986572
v 0.13477186858654022 -0.03730242699384689 1.0286718606948853
v -0.11003983020782471 -0.040682315826416016 1.145239233970642
v -0.053027935326099396 -0.03957471251487732 1.1568801403045654
v 0.00630918238312006 -0.039660338312387466 1.1532601118087769
v 0.06325279921293259 -0.041822828352451324 1.152983546257019
v 0.11897257715463638 -0.04139677435159683 1.0988386869430542
v -0.13432008028030396 -0.04029287397861481 1.139446496963501
v -0.07482866197824478 -0.039926882833242416 1.1545381546020508
v -0.015978606417775154 -0.038602329790592194 1.1623914241790771
v 0.040705129504203796 -0.03965667262673378 1.147220253944397
v 0.08833686262369156 -0.036508265882730484 1.0268033742904663
v -0.15970858931541443 -0.03998316079378128 1.1107313632965088
v -0.09780462086200714 -0.039338674396276474 1.147536277770996
v -0.04049915447831154 -0.0385001040995121 1.1528304815292358
v 0.018152892589569092 -0.03870360925793648 1.1543941497802734
v 0.07738933712244034 -0.040500618517398834 1.133737325668335
v 0.1313365399837494 -0.03885597363114357 1.0999897718429565
v -0.12238660454750061 -0.03905154764652252 1.1510251760482788
v -0.06333473324775696 -0.038335006684064865 1.1549144983291626
v -0.004276750609278679 -0.037481218576431274 1.1517410278320312
v 0.053763534873723984 -0.03911224752664566 1.1542202234268188
v 0.10021529346704483 -0.035149529576301575 1.020923376083374
v -0.14474135637283325 -0.037843555212020874 1.1251314878463745
v -0.08555010706186295 -0.0382259339094162 1.1521551609039307
v -0.027446333318948746 -0.03683053329586983 1.1509966850280762
v 0.030451787635684013 -0.037489939481019974 1.151208519935608
v 0.07811988890171051 -0.03479583188891411 1.0339711904525757
v 0.1362958550453186 -0.0343770794570446 1.028289556503296
v -0.10982047021389008 -0.0366482213139534 1.1531531810760498
v -0.05225171893835068 -0.036379605531692505 1.1599655151367188
v 0.007842179387807846 -0.03667331486940384 1.1531434059143066
v 0.06403851509094238 -0.03902942314743996 1.1506353616714478
v 0.12003174424171448 -0.03716937080025673 1.094205379486084
v -0.1315077543258667 -0.035872165113687515 1.1262913942337036
v -0.07352194935083389 -0.03673812001943588 1.1528090238571167
v -0.014947669580578804 -0.035974737256765366 1.1615270376205444
v 0.041896577924489975 -0.0365024097263813 1.1465860605239868
v 0.0895204022526741 -0.033348988741636276 1.0244110822677612
v -0.15731333196163177 -0.036770448088645935 1.109830379486084
v -0.09621253609657288 -0.03615480288863182 1.1461646556854248
v -0.03912290930747986 -0.03546475991606712 1.1526540517807007
v 0.019310785457491875 -0.035693444311618805 1.1519403457641602
v 0.06367442011833191 -0.03229256346821785 1.046731948852539
v 0.13293124735355377 -0.03613406792283058 1.0990456342697144
v -0.12059005349874496 -0.03594046086072922 1.1500091552734375
v -0.06200522184371948 -0.03527615964412689 1.1544644832611084
v -0.0032195476815104485 -0.03463393822312355 1.1477725505828857
v 0.05440260097384453 -0.036093201488256454 1.1522033214569092
v 0.10232548415660858 -0.031065214425325394 1.0191160440444946
v -0.1431441307067871 -0.03495972976088524 1.1223127841949463
v -0.08423897624015808 -0.03484772518277168 1.1530160903930664
v -0.026296420022845268 -0.034089189022779465 1.1506593227386475
v 0.031613267958164215 -0.03435713052749634 1.148999571800232
v 0.07913880795240402 -0.03162190690636635 1.0307446718215942
v 0.13785649836063385 -0.03145432844758034 1.0280412435531616
v -0.10826342552900314 -0.03366571292281151 1.1531764268875122
v -0.05111588537693024 -0.03347468376159668 1.160236120223999
v 0.009104717522859573 -0.033726952970027924 1.1521943807601929
v 0.06513103097677231 -0.0355183444917202 1.1451884508132935
v 0.12092971056699753 -0.03391373157501221 1.0911117792129517
v -0.12963834404945374 -0.03271305933594704 1.1231036186218262
v -0.07236294448375702 -0.0337035097181797 1.153178095817566
v -0.0139441704377532 -0.033106688410043716 1.1608504056930542
v 0.04306099936366081 -0.03337037190794945 1.1466245651245117
v 0.09089994430541992 -0.029565947130322456 1.022781491279602
v -0.15491458773612976 -0.03357153758406639 1.1092332601547241
v -0.09475231915712357 -0.032868772745132446 1.1457643508911133
v -0.03782161697745323 -0.03247009217739105 1.1528655290603638
v 0.02052375301718712 -0.03259647637605667 1.1483079195022583
v 0.0657321959733963 -0.02854999341070652 1.0421711206436157
v 0.13373881578445435 -0.03269924595952034 1.0960568189620972
v -0.11869058758020401 -0.03264112398028374 1.14876127243042
v -0.06074855104088783 -0.03214962035417557 1.154204249382019
v -0.0017700680764392018 -0.03181386739015579 1.1474112272262573
v 0.055218230932950974 -0.03289266303181648 1.148958683013916
v 0.108714759349823 -0.03289647400379181 1.0939162969589233
v -0.141291543841362 -0.03174913302063942 1.1181355714797974
v -0.08325358480215073 -0.03161371871829033 1.1523610353469849
v -0.025146840140223503 -0.03139549121260643 1.1525616645812988
v 0.03263232111930847 -0.031392887234687805 1.1484483480453491
v 0.08019702881574631 -0.02816157229244709 1.028063178062439
v 0.13954661786556244 -0.028465155512094498 1.0281617641448975
v -0.10655532032251358 -0.030687915161252022 1.1520838737487793
v -0.04981311410665512 -0.030566900968551636 1.16005277633667
v 0.010197324678301811 -0.030770139768719673 1.1519181728363037
v 0.06662710756063461 -0.03158501535654068 1.13607919216156
v 0.12189279496669769 -0.030689753592014313 1.0903314352035522
v -0.12821829319000244 -0.02999095432460308 1.1234337091445923
v -0.07120882719755173 -0.030504999682307243 1.1523730754852295
v -0.012906044721603394 -0.030178923159837723 1.1611851453781128
v 0.04428927227854729 -0.03016904927790165 1.1489191055297852
v 0.09244270622730255 -0.02493102289736271 1.0218431949615479
v -0.15277770161628723 -0.03043247014284134 1.1080372333526611
v -0.09471048414707184 -0.028385497629642487 1.1629588603973389
v -0.0366114117205143 -0.029562218114733696 1.153585433959961
v 0.02161695994436741 -0.029422473162412643 1.144504189491272
v 0.06740060448646545 -0.024593308568000793 1.03777015209198
v 0.1348036825656891 -0.02952684834599495 1.0955393314361572
v -0.11673210561275482 -0.029297854751348495 1.1467777490615845
v -0.059529561549425125 -0.02905801497399807 1.1548033952713013
v -0.0002762311778496951 -0.028783107176423073 1.149304986000061
v 0.05605234205722809 -0.029738333076238632 1.1456178426742554
v 0.11012835055589676 -0.028900766745209694 1.1036962270736694
v -0.13954268395900726 -0.028698235750198364 1.1147903203964233
v -0.08210092782974243 -0.028467586264014244 1.1507017612457275
v -0.023263661190867424 -0.028198936954140663 1.161881923675537
v 0.03383147716522217 -0.02832530252635479 1.1494404077529907
v 0.08120405673980713 -0.024175966158509254 1.0257858037948608
v 0.14140371978282928 -0.025471363216638565 1.0284978151321411
v -0.10430128872394562 -0.027552546933293343 1.1515241861343384
v -0.04846121370792389 -0.02750983275473118 1.1604684591293335
v 0.011287341825664043 -0.02776244655251503 1.1516098976135254
v 0.06777221709489822 -0.027997970581054688 1.1314163208007812
v 0.12323351949453354 -0.02772476151585579 1.0909348726272583
v -0.127068430185318 -0.027229372411966324 1.1247119903564453
v -0.06986279785633087 -0.027168743312358856 1.1495319604873657
v -0.011912249960005283 -0.0271142665296793 1.1629035472869873
v 0.04549521580338478 -0.02727840468287468 1.151659607887268
v 0.10293962806463242 -0.029845314100384712 1.1195067167282104
v -0.15112105011940002 -0.02723625674843788 1.1065515279769897
v -0.09356728196144104 -0.025403302162885666 1.1641994714736938
v -0.03542230278253555 -0.02658890001475811 1.1550081968307495
v 0.02274159900844097 -0.026405222713947296 1.1417615413665771
v 0.06859347969293594 -0.020537283271551132 1.0340077877044678
v 0.13642345368862152 -0.026771560311317444 1.0966156721115112
v -0.11517056077718735 -0.025757869705557823 1.1420230865478516
v -0.05827370658516884 -0.02602948620915413 1.1550776958465576
v 0.001365238567814231 -0.025744080543518066 1.1527760028839111
v 0.05680156499147415 -0.026850858703255653 1.1426661014556885
v 0.1141708567738533 -0.025676360353827477 1.1166510581970215
v -0.13791204988956451 -0.02556791342794895 1.1118117570877075
v -0.08101768046617508 -0.025025077164173126 1.1484265327453613
v -0.022135477513074875 -0.02545810490846634 1.1614781618118286
v 0.035085976123809814 -0.025516586378216743 1.1502227783203125
v 0.08254475146532059 -0.019018471240997314 1.0237141847610474
v 0.14351195096969604 -0.022301072254776955 1.029620885848999
v -0.1031351163983345 -0.023386603221297264 1.1659066677093506
v -0.04704257845878601 -0.02437242493033409 1.1609468460083008
v 0.012420404702425003 -0.024699470028281212 1.1507511138916016
v 0.06870447099208832 -0.024748165160417557 1.1302881240844727
v 0.12471306324005127 -0.02479752153158188 1.0921225547790527
v -0.1261439323425293 -0.024279244244098663 1.1262234449386597
v -0.068724125623703 -0.02387366257607937 1.1488351821899414
v -0.010806646198034286 -0.02423834800720215 1.163789987564087
v 0.04650498181581497 -0.02453632652759552 1.1482908725738525
v 0.10384661704301834 -0.024561427533626556 1.119998812675476
v -0.14949387311935425 -0.02407784014940262 1.1046544313430786
v -0.09247227758169174 -0.02267448976635933 1.1649081707000732
v -0.03421216458082199 -0.023636894300580025 1.157494068145752
v 0.023832673206925392 -0.023295536637306213 1.1398311853408813
v 0.06907659769058228 -0.015475314110517502 1.0308325290679932
v 0.13783326745033264 -0.024135204032063484 1.0970300436019897
v -0.11392759531736374 -0.022625645622611046 1.1398810148239136
v -0.05702383443713188 -0.0229048952460289 1.1540919542312622
v 0.0024783669505268335 -0.02282203547656536 1.1528288125991821
v 0.0576002299785614 -0.023813342675566673 1.1381993293762207
v 0.11519188433885574 -0.02271391823887825 1.1169689893722534
v -0.13618679344654083 -0.022447366267442703 1.1093388795852661
v -0.0797465369105339 -0.021560776978731155 1.1469923257827759
v -0.021036526188254356 -0.0226010549813509 1.161394476890564
v 0.03603346645832062 -0.02251453883945942 1.1455157995224
v 0.09338392317295074 -0.02415916696190834 1.1214864253997803
v 0.14603856205940247 -0.018910590559244156 1.031718134880066
v -0.10244311392307281 -0.020697887986898422 1.1681873798370361
v -0.04568672552704811 -0.021336406469345093 1.1613186597824097
v 0.013579082675278187 -0.0215062964707613 1.1494331359863281
v 0.06970871984958649 -0.021754328161478043 1.1293113231658936
v 0.12626469135284424 -0.02171526476740837 1.0934356451034546
v -0.1252431720495224 -0.021237986162304878 1.1275599002838135
v -0.06756986677646637 -0.02061813697218895 1.1486011743545532
v -0.009727854281663895 -0.021504264324903488 1.1628466844558716
v 0.04753979668021202 -0.02175244130194187 1.144721508026123
v 0.10510092973709106 -0.021061373874545097 1.1203813552856445
v -0.1478729099035263 -0.02085302211344242 1.103143572807312
v -0.09109523147344589 -0.019791901111602783 1.1654753684997559
v -0.032975345849990845 -0.020033879205584526 1.163196086883545
v 0.02498023211956024 -0.02025648206472397 1.1395153999328613
v 0.06964830309152603 -0.008654185570776463 1.0274226665496826
v 0.13927887380123138 -0.02115672267973423 1.0961982011795044
v -0.1128358468413353 -0.019764116033911705 1.1474156379699707
v -0.05589679256081581 -0.019780423492193222 1.1535741090774536
v 0.0037013881374150515 -0.01998918130993843 1.1524256467819214
v 0.05942502245306969 -0.01976805552840233 1.1276650428771973
v 0.11613478511571884 -0.019876496866345406 1.1156116724014282
v -0.134552463889122 -0.019146332517266273 1.108059048652649
v -0.08059770613908768 -0.017398755997419357 1.1686712503433228
v -0.020032702013850212 -0.019681014120578766 1.1604323387145996
v 0.03681889548897743 -0.019481325522065163 1.1392335891723633
v 0.09430624544620514 -0.019595006480813026 1.121106505393982
v 0.14867182075977325 -0.014726114459335804 1.0350927114486694
v -0.10126521438360214 -0.01834430918097496 1.1671345233917236
v -0.04435906559228897 -0.0185649786144495 1.1612238883972168
v 0.014626634307205677 -0.017620712518692017 1.1576673984527588
v 0.07080580294132233 -0.01868709921836853 1.127055287361145
v 0.12760283052921295 -0.018684184178709984 1.0932691097259521
v -0.12441014498472214 -0.017757315188646317 1.1289165019989014
v -0.06639406085014343 -0.017516998574137688 1.148498296737671
v -0.008481518365442753 -0.018806375563144684 1.1604448556900024
v 0.04839864373207092 -0.019000902771949768 1.141032099723816
v 0.1062236875295639 -0.018294623121619225 1.1191520690917969
v -0.14625394344329834 -0.017582952976226807 1.1021573543548584
v -0.08973049372434616 -0.01679454930126667 1.1658647060394287
v -0.03219139203429222 -0.01746794953942299 1.163609266281128
v 0.025980506092309952 -0.01690494455397129 1.1458364725112915
v 0.08274467289447784 -0.016761690378189087 1.1198793649673462
v 0.1407962441444397 -0.017669513821601868 1.095400333404541
v -0.11122280359268188 -0.016726594418287277 1.1560423374176025
v -0.054858364164829254 -0.01665678806602955 1.1530801057815552
v 0.004962458740919828 -0.016984274610877037 1.1550463438034058
v 0.06049387902021408 -0.016646571457386017 1.1262781620025635
v 0.1171281486749649 -0.017002690583467484 1.1132683753967285
v -0.1352309137582779 -0.015110120177268982 1.1328593492507935
v -0.0793052613735199 -0.014375848695635796 1.1706299781799316
v -0.018941467627882957 -0.01681078039109707 1.1588678359985352
v 0.037980664521455765 -0.016806170344352722 1.1365731954574585
v 0.09558720886707306 -0.016022497788071632 1.1195532083511353
v 0.15351416170597076 -0.008627071976661682 1.0393513441085815
v -0.0998905673623085 -0.01554091926664114 1.165118932723999
v -0.04307316616177559 -0.015835706144571304 1.1604993343353271
v 0.015578392893075943 -0.01441512256860733 1.1608421802520752
v 0.07183733582496643 -0.01569460704922676 1.1247979402542114
v 0.12900792062282562 -0.01572951301932335 1.0931780338287354
v -0.12324731051921844 -0.014697669073939323 1.129639983177185
v -0.06523920595645905 -0.014418050646781921 1.1484341621398926
v -0.00684537086635828 -0.01577451266348362 1.155961513519287
v 0.049290817230939865 -0.01617065817117691 1.1358439922332764
v 0.10710029304027557 -0.01553933322429657 1.1162889003753662
v -0.1446591466665268 -0.014217671938240528 1.1011404991149902
v -0.0882924422621727 -0.013678659684956074 1.166164517402649
v -0.031187878921628 -0.014804830774664879 1.1631208658218384
v 0.026952432468533516 -0.014253617264330387 1.146401047706604
v 0.08387086540460587 -0.013726867735385895 1.1184918880462646
v 0.1421496719121933 -0.014370975084602833 1.094436526298523
v -0.10971103608608246 -0.013875465840101242 1.158265471458435
v -0.05382261425256729 -0.013651082292199135 1.1527043581008911
v 0.006397073157131672 -0.0141145009547472 1.1581025123596191
v 0.06145758554339409 -0.013834722340106964 1.1263248920440674
v 0.11801854521036148 -0.014357521198689938 1.1093635559082031
v -0.13547508418560028 -0.01182510331273079 1.1382125616073608
v -0.07811695337295532 -0.011238635517656803 1.1736286878585815
v -0.017838845029473305 -0.014029541052877903 1.1575782299041748
v 0.03927529230713844 -0.014497523196041584 1.1368595361709595
v 0.0964975655078888 -0.01302541233599186 1.1170958280563354
v -0.16495320200920105 -0.01420891098678112 1.112074613571167
v -0.09853877872228622 -0.012532098218798637 1.1634782552719116
v -0.04185407981276512 -0.013039984740316868 1.159825086593628
v 0.01650182157754898 -0.011973338201642036 1.1605318784713745
v 0.07258407026529312 -0.01310779433697462 1.1227409839630127
v 0.13077101111412048 -0.012612567283213139 1.0947046279907227
v -0.12205580621957779 -0.011738996021449566 1.130679726600647
v -0.06411284953355789 -0.011258494108915329 1.148242712020874
v -0.005396306049078703 -0.013187143951654434 1.1522865295410156
v 0.05108005926012993 -0.012199261225759983 1.1213146448135376
v 0.10788780450820923 -0.012782389298081398 1.1129965782165527
v -0.14305362105369568 -0.010475058108568192 1.1007635593414307
v -0.08692018687725067 -0.010763071477413177 1.1659355163574219
v -0.030039291828870773 -0.011997527442872524 1.1616733074188232
v 0.027767764404416084 -0.011771471239626408 1.146321177482605
v 0.0849931463599205 -0.010724429041147232 1.116939663887024
v 0.1437060683965683 -0.011347535066306591 1.0935789346694946
v -0.10877168923616409 -0.010884654708206654 1.1575403213500977
v -0.05271624028682709 -0.010658684186637402 1.152764081954956
v 0.007453358732163906 -0.011752501130104065 1.1571364402770996
v 0.06241539493203163 -0.01093628816306591 1.1247626543045044
v 0.11947303265333176 -0.01110281702131033 1.1021863222122192
v -0.13514581322669983 -0.008640156127512455 1.14058518409729
v -0.0770438015460968 -0.008187487721443176 1.1763972043991089
v -0.016888903453946114 -0.011333026923239231 1.1565293073654175
v 0.03996533155441284 -0.010884329676628113 1.1194243431091309
v 0.0976298525929451 -0.010426647961139679 1.115682601928711
v -0.16169358789920807 -0.00997975841164589 1.1179115772247314
v -0.09739178419113159 -0.009038100019097328 1.1641438007354736
v -0.04082515090703964 -0.010266161523759365 1.1588234901428223
v 0.0176063384860754 -0.009824197739362717 1.1583014726638794
v 0.07386486977338791 -0.00944358017295599 1.1145917177200317
v 0.1323881894350052 -0.009462036192417145 1.0967113971710205
v -0.12098652124404907 -0.008680764585733414 1.1333872079849243
v -0.06295718997716904 -0.008154704235494137 1.1482124328613281
v -0.004424277693033218 -0.010529118590056896 1.1496893167495728
v 0.0519939661026001 -0.009033501148223877 1.1179978847503662
v 0.10900838673114777 -0.010051595978438854 1.1098861694335938
v -0.144098699092865 -0.005888070911169052 1.1263192892074585
v -0.08576788753271103 -0.0076296026818454266 1.1665042638778687
v -0.02862561121582985 -0.008912298828363419 1.1594254970550537
v 0.029714083299040794 -0.008606120944023132 1.1220579147338867
v 0.08633320778608322 -0.008127155713737011 1.117190957069397
v 0.14541152119636536 -0.008469758555293083 1.0934034585952759
v -0.10784383863210678 -0.007540828548371792 1.15395188331604
v -0.05161029100418091 -0.0076580168679356575 1.1541279554367065
v 0.0081646041944623 -0.008916781283915043 1.1528054475784302
v 0.063259556889534 -0.008164561353623867 1.122546911239624
v 0.12087004631757736 -0.007578378077596426 1.0965521335601807
v -0.13456042110919952 -0.005647934507578611 1.1417158842086792
v -0.07550156861543655 -0.0057127694599330425 1.1751680374145508
v -0.016052579507231712 -0.008823982439935207 1.154860258102417
v 0.04108910635113716 -0.007268476765602827 1.1152070760726929
v 0.09861297905445099 -0.007976382970809937 1.1144994497299194
v -0.1613481044769287 -0.005502996034920216 1.1278953552246094
v -0.09618986397981644 -0.005588212050497532 1.1645467281341553
v -0.03923202306032181 -0.007025390397757292 1.1548656225204468
v 0.01902119815349579 -0.006984415929764509 1.1463513374328613
v 0.07490257918834686 -0.006543774623423815 1.1121289730072021
v 0.13348877429962158 -0.006473032291978598 1.0932908058166504
v -0.1200137808918953 -0.005525579676032066 1.1364257335662842
v -0.06173861771821976 -0.004856785759329796 1.1486867666244507
v -0.003218056634068489 -0.0073790643364191055 1.1446707248687744
v 0.0530877523124218 -0.006036913488060236 1.1179980039596558
v 0.10986103117465973 -0.006088555324822664 1.1003409624099731
v -0.14326542615890503 -0.0027195890434086323 1.132011890411377
v -0.08481436222791672 -0.004605389665812254 1.1671239137649536
v -0.02733905427157879 -0.005789784248918295 1.15668523311615
v 0.03066222555935383 -0.0054804133251309395 1.1185659170150757
v 0.08764003217220306 -0.0057625966146588326 1.1169289350509644
v 0.14669306576251984 -0.0055066319182515144 1.0904361009597778
v -0.10675345361232758 -0.004389401990920305 1.1524502038955688
v -0.05055791139602661 -0.004432425368577242 1.1566928625106812
v 0.008755620568990707 -0.005557827185839415 1.138231635093689
v 0.06393089145421982 -0.004968386143445969 1.1180301904678345
v 0.12185237556695938 -0.004082221072167158 1.093973159790039
v -0.1336548626422882 -0.00247783656232059 1.1450246572494507
v -0.07382221519947052 -0.0032874722965061665 1.1725378036499023
v -0.01435828860849142 -0.0049943262711167336 1.14487886428833
v 0.04204263910651207 -0.004269789904356003 1.1127955913543701
v 0.09967169910669327 -0.004327680449932814 1.106203317642212
v -0.15992677211761475 -0.0013755783438682556 1.1345231533050537
v -0.0948256403207779 -0.002642069011926651 1.1627044677734375
v -0.037740692496299744 -0.0034607239067554474 1.1498841047286987
v 0.019576972350478172 -0.0037507545202970505 1.1231110095977783
v 0.07566533237695694 -0.00342970690689981 1.106576919555664
v 0.13453741371631622 -0.0034177564084529877 1.0916815996170044
v -0.1190250813961029 -0.0022292351350188255 1.138856291770935
v -0.060361213982105255 -0.001739992294460535 1.1520577669143677
v -0.0019240779802203178 -0.004501170478761196 1.1373319625854492
v 0.054199639707803726 -0.0030975963454693556 1.116544246673584
v 0.11081305146217346 -0.0026831217110157013 1.0989431142807007
v -0.14254064857959747 -0.00025430016103200614 1.1339770555496216
v -0.08355545252561569 -0.0018301252275705338 1.162183165550232
v -0.026301192119717598 -0.002497278619557619 1.152475118637085
v 0.0318070687353611 -0.0024725354742258787 1.114631175994873
v 0.08846345543861389 -0.0027339779771864414 1.1125372648239136
v 0.14836817979812622 -0.002600234467536211 1.089323878288269
v -0.10649985074996948 -0.000645285879727453 1.1612286567687988
v -0.04954063519835472 -0.001542011508718133 1.1564056873321533
v 0.009555562399327755 -0.0028081084601581097 1.1314929723739624
v 0.06487175822257996 -0.0018327778670936823 1.11236572265625
v 0.12327556312084198 -0.0008535104570910335 1.095544457435608
v -0.13292238116264343 0.00044503185199573636 1.1473197937011719
v -0.07210680097341537 -0.000407403422286734 1.1676533222198486
v -0.013404347002506256 -0.001987103372812271 1.1401000022888184
v 0.042961977422237396 -0.0011513476492837071 1.10970938205719
v 0.10079988837242126 -0.0011506632436066866 1.1050212383270264
v -0.1580372303724289 0.0017538932152092457 1.134519100189209
v -0.09378869086503983 0.0004039859340991825 1.1639463901519775
v -0.03598456457257271 -0.0005835953634232283 1.1441246271133423
v 0.020756736397743225 -0.001359660760499537 1.1176735162734985
v 0.07659220695495605 -0.00041851960122585297 1.1037673950195312
v 0.13582080602645874 -0.0003618796181399375 1.0925748348236084
v -0.11778305470943451 0.0010317378910258412 1.140959620475769
v -0.06053166836500168 0.002174961380660534 1.1684857606887817
v -0.0007115320186130702 -0.0014153472147881985 1.1309393644332886
v 0.055055901408195496 9.854809468379244e-05 1.1132924556732178
v 0.11244859546422958 0.0008549524354748428 1.1041417121887207
v -0.14150916039943695 0.0021405157167464495 1.1333307027816772
v -0.0820358470082283 0.0011248810915276408 1.1585125923156738
v -0.02481924369931221 0.0006051962845958769 1.1457009315490723
v 0.032795775681734085 0.0003998967295046896 1.1109228134155273
v 0.0894828587770462 0.000537489599082619 1.1076027154922485
v 0.15026266872882843 0.0004909489070996642 1.0907970666885376
v -0.10562080889940262 0.002556190825998783 1.1641933917999268
v -0.048434481024742126 0.0012185830855742097 1.1551496982574463
v 0.010907793417572975 0.0006017268751747906 1.1108431816101074
v 0.06615908443927765 0.0007885747472755611 1.1109706163406372
v 0.12473326176404953 0.0022862039040774107 1.0993146896362305
v -0.1315547227859497 0.0027694853488355875 1.1474953889846802
v -0.07062269747257233 0.0022322575096040964 1.1626639366149902
v -0.012456385418772697 0.0007896764436736703 1.13755202293396
v 0.044054724276065826 0.001678143860772252 1.1086689233779907
v 0.10233761370182037 0.0016661330591887236 1.1082422733306885
v -0.1564245969057083 0.004466617479920387 1.1348686218261719
v -0.09353376179933548 0.0038102928083389997 1.1695284843444824
v -0.03475074842572212 0.002231370657682419 1.142169713973999
v 0.021880948916077614 0.0017420046497136354 1.1098812818527222
v 0.07799233496189117 0.002367632230743766 1.1034693717956543
v 0.1373591274023056 0.0033146687783300877 1.096768856048584
v -0.11613310128450394 0.0052193342708051205 1.1585602760314941
v -0.05956226587295532 0.004185490310192108 1.16545569896698
v 0.0003189505951013416 0.0015763487899675965 1.126913070678711
v 0.05591598525643349 0.00278627616353333 1.111077070236206
v 0.11369923502206802 0.0035268827341496944 1.1049134731292725
v -0.14015117287635803 0.004613482393324375 1.131867527961731
v -0.08073744922876358 0.004031486343592405 1.1591863632202148
v -0.023455142974853516 0.0036509258206933737 1.1415231227874756
v 0.03365984931588173 0.00346766016446054 1.1069105863571167
v 0.09113267809152603 0.003220140002667904 1.1075398921966553
v 0.151858851313591 0.0032918695360422134 1.0879559516906738
v -0.1045883521437645 0.005289052147418261 1.164771556854248
v -0.04744730517268181 0.0038168004248291254 1.1539404392242432
v 0.011908133514225483 0.003224734216928482 1.1083863973617554
v 0.0676065981388092 0.0035978732630610466 1.1072063446044922
v 0.12589958310127258 0.005205892492085695 1.1002798080444336
v -0.1271740049123764 0.005832165013998747 1.1319479942321777
v -0.06890307366847992 0.005159113090485334 1.1565073728561401
v -0.011388364247977734 0.0033725460525602102 1.1372076272964478
v 0.045096538960933685 0.004376538563519716 1.106797218322754
v 0.1038799062371254 0.004125995095819235 1.1090303659439087
v -0.1544659286737442 0.0073207225650548935 1.1338633298873901
v -0.09229174256324768 0.007067237049341202 1.1740379333496094
v -0.03367234393954277 0.005602186545729637 1.145976185798645
v 0.0229351669549942 0.004998151678591967 1.10317063331604
v 0.07930120080709457 0.005084075964987278 1.1035950183868408
v 0.13876259326934814 0.006411815527826548 1.0987211465835571
v -0.1156308725476265 0.007962582632899284 1.1619843244552612
v -0.05820856988430023 0.006265469826757908 1.1607558727264404
v 0.0014346408424898982 0.004244414623826742 1.1232253313064575
v 0.056959692388772964 0.005462301429361105 1.1093225479125977
v 0.11502832919359207 0.00633205333724618 1.1046980619430542
v -0.1388424187898636 0.007424703799188137 1.1309870481491089
v -0.08062746375799179 0.008123685605823994 1.17094087600708
v -0.022371044382452965 0.006475296802818775 1.1409438848495483
v 0.03469644859433174 0.006198802497237921 1.1044626235961914
v 0.09245654195547104 0.006205047480762005 1.1064720153808594
v 0.15427498519420624 0.007112379185855389 1.0923277139663696
v -0.10354127734899521 0.007962245494127274 1.1653306484222412
v -0.046425677835941315 0.006553103681653738 1.1517866849899292
v 0.013140130788087845 0.006278485059738159 1.1056650876998901
v 0.06876453757286072 0.006702105514705181 1.1051805019378662
v 0.12735672295093536 0.008071084506809711 1.1015616655349731
v -0.12540437281131744 0.008669593371450901 1.127126693725586
v -0.0674302950501442 0.008067218586802483 1.1536051034927368
v -0.00987591128796339 0.005758875980973244 1.1135270595550537
v 0.04627527296543121 0.007203092332929373 1.1033005714416504
v 0.10499338060617447 0.007288835477083921 1.105515480041504
v -0.1502441167831421 0.008783063851296902 1.125484824180603
v -0.09084449708461761 0.00984390638768673 1.1751946210861206
v -0.03264838084578514 0.008532817475497723 1.1463085412979126
v 0.024077627807855606 0.0074577657505869865 1.100271224975586
v 0.08070484548807144 0.007850948721170425 1.1046022176742554
v 0.14045529067516327 0.009151319041848183 1.0995111465454102
v -0.11517122387886047 0.010649067349731922 1.1636282205581665
v -0.056495219469070435 0.009044960141181946 1.1536113023757935
v 0.002255556406453252 0.007761448621749878 1.1110495328903198
v 0.05801158398389816 0.008231009356677532 1.1070773601531982
v 0.11645961552858353 0.0093424953520298 1.1048531532287598
v -0.1376676857471466 0.010278483852744102 1.1305783987045288
v -0.07935131341218948 0.01082872785627842 1.1715362071990967
v -0.021294238045811653 0.008794794790446758 1.1397417783737183
v 0.035879384726285934 0.008857524953782558 1.103089451789856
v 0.09376596659421921 0.009014362469315529 1.1048167943954468
v 0.15693186223506927 0.010560592636466026 1.0950334072113037
v -0.10244832187891006 0.010649592615664005 1.1659443378448486
v -0.04505227133631706 0.009310850873589516 1.14487624168396
v 0.014175744727253914 0.00922942440956831 1.1013025045394897
v 0.06978334486484528 0.009586322121322155 1.1038289070129395
v 0.1290179044008255 0.01071042101830244 1.1032428741455078
v -0.12384238094091415 0.01220550388097763 1.126105546951294
v -0.06638134270906448 0.011228489689528942 1.1538779735565186
v -0.008619905449450016 0.008984288200736046 1.1123827695846558
v 0.04741955175995827 0.01006715465337038 1.1008949279785156
v 0.10618866980075836 0.010474967770278454 1.1044236421585083
v -0.15207161009311676 0.013577250763773918 1.1413652896881104
v -0.09015659242868423 0.012063778936862946 1.1736860275268555
v -0.03171216696500778 0.011316303163766861 1.1443901062011719
v 0.02524101920425892 0.010273171588778496 1.0970888137817383
v 0.08200235664844513 0.010677749291062355 1.104961633682251
v 0.14222963154315948 0.011753645725548267 1.1007215976715088
v -0.1144411489367485 0.013326799497008324 1.1645101308822632
v -0.05498230457305908 0.01189205888658762 1.145619511604309
v 0.0031351521611213684 0.01060537714511156 1.1090881824493408
v 0.059036388993263245 0.011181507259607315 1.1044944524765015
v 0.11794029176235199 0.012152096256613731 1.1056861877441406
v -0.1381847858428955 0.015645600855350494 1.1520553827285767
v -0.07745008170604706 0.013085145503282547 1.1639714241027832
v -0.02056759037077427 0.011532600037753582 1.136256217956543
v 0.0372515432536602 0.011394010856747627 1.1034278869628906
v 0.09521912783384323 0.011990861035883427 1.1049848794937134
v 0.16022633016109467 0.013728789985179901 1.096226692199707
v -0.10131430625915527 0.01337851770222187 1.166703224182129
v -0.041854240000247955 0.011902756989002228 1.1264371871948242
v 0.01514399517327547 0.012048727832734585 1.09855055809021
v 0.07078022509813309 0.012362819164991379 1.1027510166168213
v 0.13065393269062042 0.01330044586211443 1.1050162315368652
v -0.12571795284748077 0.016279958188533783 1.1603376865386963
v -0.06472591310739517 0.013897444121539593 1.150673747062683
v -0.0074582528322935104 0.01210381742566824 1.1119916439056396
v 0.04860813915729523 0.012935341335833073 1.1003775596618652
v 0.10753179341554642 0.013595125637948513 1.105738878250122
v -0.1505640745162964 0.016640637069940567 1.148507833480835
v -0.0892963856458664 0.014506103470921516 1.1703922748565674
v -0.030829492956399918 0.014052795246243477 1.1424107551574707
v 0.026487791910767555 0.013002471067011356 1.094877004623413
v 0.08332215994596481 0.013607800006866455 1.104099988937378
v 0.14413373172283173 0.014341502450406551 1.1021490097045898
v -0.11344285309314728 0.015967732295393944 1.1651219129562378
v -0.053968265652656555 0.014771566726267338 1.1419830322265625
v 0.004999908152967691 0.013615957461297512 1.1020519733428955
v 0.06016070023179054 0.014044824056327343 1.1020303964614868
v 0.11931034177541733 0.014760981313884258 1.1070019006729126
v -0.13760855793952942 0.01841106079518795 1.1545467376708984
v -0.07611238956451416 0.015677353367209435 1.1598458290100098
v -0.01936553418636322 0.014539745636284351 1.1295384168624878
v 0.03840426728129387 0.014160391874611378 1.101542353630066
v 0.09580722451210022 0.014771555550396442 1.1031529903411865
v -0.16668353974819183 0.017862124368548393 1.1380112171173096
v -0.100116066634655 0.01612173020839691 1.1669280529022217
v -0.040870897471904755 0.014830544590950012 1.1219393014907837
v 0.01599510945379734 0.014892750419676304 1.0970416069030762
v 0.07193240523338318 0.015202406793832779 1.1035077571868896
v 0.13229751586914062 0.01592201180756092 1.105945110321045
v -0.12447654455900192 0.018884217366576195 1.1617945432662964
v -0.06342361122369766 0.016591986641287804 1.1468108892440796
v -0.006243147887289524 0.014956550672650337 1.110599160194397
v 0.04976342245936394 0.0157881248742342 1.1003999710083008
v 0.10899003595113754 0.016410930082201958 1.1066079139709473
v -0.1492060273885727 0.019146785140037537 1.1519229412078857
v -0.08761368691921234 0.017052220180630684 1.1661962270736694
v -0.030060235410928726 0.017016712576150894 1.1404780149459839
v 0.027721690014004707 0.015668906271457672 1.0930455923080444
v 0.08440122753381729 0.01672481745481491 1.1026275157928467
v 0.1463388055562973 0.016873229295015335 1.1034660339355469
v -0.11241335421800613 0.01865997724235058 1.1646760702133179
v -0.053085703402757645 0.017850957810878754 1.1414148807525635
v 0.006254951935261488 0.01669679768383503 1.0978894233703613
v 0.06121666356921196 0.01700056530535221 1.100975513458252
v 0.12042120844125748 0.017388848587870598 1.1081089973449707
v -0.1363997608423233 0.020665869116783142 1.1567070484161377
v -0.07505237311124802 0.01808442361652851 1.157446026802063
v -0.016627978533506393 0.015071257948875427 1.0858029127120972
v 0.03966660052537918 0.017131011933088303 1.0975115299224854
v 0.09246580302715302 0.014666429720818996 1.0489455461502075
v -0.16297850012779236 0.020349228754639626 1.1416789293289185
v -0.09881982207298279 0.019147908315062523 1.1645264625549316
v -0.03996337205171585 0.017910927534103394 1.1197381019592285
v 0.016848847270011902 0.017604392021894455 1.0950263738632202
v 0.0732618123292923 0.018134521320462227 1.104730248451233
v 0.1338920295238495 0.018428513780236244 1.1064894199371338
v -0.12335378676652908 0.021389538422226906 1.1625442504882812
v -0.06226849928498268 0.019481739029288292 1.142350435256958
v -0.0052466741763055325 0.017820347100496292 1.0864368677139282
v 0.05091485753655434 0.01854752004146576 1.0999723672866821
v 0.10523918271064758 0.016167739406228065 1.0526915788650513
v -0.14799189567565918 0.021407881751656532 1.1533259153366089
v -0.08590531349182129 0.019729778170585632 1.161086082458496
v -0.029900748282670975 0.019646622240543365 1.1368216276168823
v 0.028933806344866753 0.018323615193367004 1.091212511062622
v 0.08184997737407684 0.016767632216215134 1.0520799160003662
v 0.14856715500354767 0.019198758527636528 1.1044549942016602
v -0.11091065406799316 0.021467085927724838 1.1622391939163208
v -0.05226590111851692 0.021074101328849792 1.1433053016662598
v 0.007395875174552202 0.01962685026228428 1.0937485694885254
v 0.06242084875702858 0.019894791767001152 1.1023199558258057
v 0.12161242216825485 0.01993468962609768 1.1084752082824707
v -0.13513897359371185 0.02337225340306759 1.1604899168014526
v -0.07403791695833206 0.020873337984085083 1.1530871391296387
v -0.015464695170521736 0.018731040880084038 1.0773893594741821
v 0.040842365473508835 0.01993761956691742 1.0948561429977417
v 0.093238465487957 0.017779788002371788 1.0415655374526978
v -0.1614934355020523 0.02290843240916729 1.1438744068145752
v -0.09760633111000061 0.02213468588888645 1.1607518196105957
v -0.03895058482885361 0.021008247509598732 1.1187052726745605
v 0.017780136317014694 0.020258650183677673 1.0928837060928345
v 0.0744427740573883 0.02100798673927784 1.1043692827224731
v 0.13558275997638702 0.020472848787903786 1.10616135597229
v -0.12239595502614975 0.023669900372624397 1.1629600524902344
v -0.06129883602261543 0.02242213487625122 1.1406545639038086
v -0.0037268628366291523 0.020701192319393158 1.0792115926742554
v 0.052194684743881226 0.0213182233273983 1.0994428396224976
v 0.10612868517637253 0.019023891538381577 1.0474485158920288
v -0.1467617005109787 0.023759104311466217 1.1529028415679932
v -0.08462337404489517 0.022507194429636 1.1537721157073975
v -0.026573678478598595 0.020101552829146385 1.0799437761306763
v 0.030018702149391174 0.02141212858259678 1.0888316631317139
v 0.082180455327034 0.019549647346138954 1.0424667596817017
v 0.15050677955150604 0.021515103057026863 1.1049455404281616
v -0.10903909802436829 0.024086857214570045 1.1584786176681519
v -0.05123908072710037 0.0238767359405756 1.1435596942901611
v 0.008564455434679985 0.022336771711707115 1.0930575132369995
v 0.06358342617750168 0.022835833951830864 1.102828860282898
v 0.12175680696964264 0.021756082773208618 1.0871286392211914
v -0.13390953838825226 0.025652803480625153 1.1622947454452515
v -0.0727568119764328 0.023803990334272385 1.1472023725509644
v -0.014239845797419548 0.021999219432473183 1.0727252960205078
v 0.04199695587158203 0.02288823202252388 1.0934518575668335
v 0.09413591027259827 0.020780717954039574 1.0369417667388916
v -0.1600111722946167 0.02547106146812439 1.1455674171447754
v -0.09629204124212265 0.02474987879395485 1.1546368598937988
v -0.03838074207305908 0.02356410026550293 1.1149110794067383
v 0.019170010462403297 0.023191086947917938 1.0852774381637573
v 0.07274311780929565 0.022213883697986603 1.0564864873886108
v 0.13461776077747345 0.0231663528829813 1.0848764181137085
v -0.12131354957818985 0.02565821446478367 1.162735104560852
v -0.0605030357837677 0.02501540817320347 1.1399750709533691
v -0.0024191427510231733 0.023735791444778442 1.074493646621704
v 0.05321482568979263 0.02423187717795372 1.0982239246368408
v 0.10733184963464737 0.022067412734031677 1.0447508096694946
v -0.14540259540081024 0.02619868889451027 1.1514222621917725
v -0.08338173478841782 0.02555791288614273 1.1467381715774536
v -0.025370266288518906 0.023427331820130348 1.0747908353805542
v 0.0312732569873333 0.02451234497129917 1.0894548892974854
v 0.0829438865184784 0.022403856739401817 1.0372297763824463
v 0.1502283215522766 0.02439090982079506 1.08628249168396
v -0.10729528218507767 0.02696339040994644 1.1533275842666626
v -0.05000679939985275 0.0263872928917408 1.1417920589447021
v 0.009487893432378769 0.02508142776787281 1.0914702415466309
v 0.06453663110733032 0.025552228093147278 1.1005725860595703
v 0.12247009575366974 0.024945475161075592 1.0797791481018066
v -0.1325172632932663 0.027569910511374474 1.1601654291152954
v -0.07121799886226654 0.026927612721920013 1.140634298324585
v -0.01299611572176218 0.025126207619905472 1.0691444873809814
v 0.04332270473241806 0.025911083444952965 1.0924954414367676
v 0.09514766186475754 0.02374427765607834 1.0338664054870605
v -0.1589171141386032 0.027944184839725494 1.1461601257324219
v -0.09502649307250977 0.027731534093618393 1.1482362747192383
v -0.03632795810699463 0.02606145665049553 1.0863248109817505
v 0.02014037035405636 0.025943130254745483 1.0840678215026855
v 0.07267618179321289 0.024324268102645874 1.0459264516830444
v 0.13511203229427338 0.02586626634001732 1.0770432949066162
v -0.11905103176832199 0.02855350263416767 1.1544685363769531
v -0.05963132902979851 0.027836067602038383 1.1387635469436646
v -0.0012143002822995186 0.02674107812345028 1.0713748931884766
v 0.05406380444765091 0.027073506265878677 1.0959798097610474
v 0.10855318605899811 0.02516608126461506 1.0443549156188965
v -0.14431552588939667 0.028896620497107506 1.1516470909118652
v -0.08231642097234726 0.028790587559342384 1.1400035619735718
v -0.02404174394905567 0.026677632704377174 1.0709037780761719
v 0.030939053744077682 0.02398809604346752 1.0373446941375732
v 0.08381075412034988 0.025349266827106476 1.0330605506896973
v 0.1530245542526245 0.027583735063672066 1.0862648487091064
v -0.10601411759853363 0.029928622767329216 1.1469541788101196
v -0.046805523335933685 0.02862822636961937 1.103206753730774
v 0.010423414409160614 0.028025789186358452 1.0892305374145508
v 0.06458163261413574 0.02836003713309765 1.0845764875411987
v 0.1231139525771141 0.027582651004195213 1.0745762586593628
v -0.13034039735794067 0.0302495826035738 1.1518949270248413
v -0.06978173553943634 0.03018096834421158 1.1364624500274658
v -0.011770554818212986 0.028179742395877838 1.0661873817443848
v 0.041132524609565735 0.02506863884627819 1.031535029411316
v 0.09621632099151611 0.02669331431388855 1.0313265323638916
v -0.15770819783210754 0.030538177117705345 1.1463717222213745
v -0.09395947307348251 0.030889494344592094 1.1423877477645874
v -0.035320401191711426 0.028673294931650162 1.0783406496047974
v 0.02083429880440235 0.028975849971175194 1.0842279195785522
v 0.07339935749769211 0.02740269899368286 1.0392111539840698
v 0.135972261428833 0.02802552469074726 1.0736629962921143
v -0.11684220284223557 0.031306345015764236 1.1447936296463013
v -0.05872471258044243 0.03086915612220764 1.1373220682144165
v -0.00016231661720667034 0.02982367016375065 1.0692472457885742
v 0.05480939522385597 0.030009405687451363 1.0917326211929321
v 0.10990788042545319 0.02837083302438259 1.0448542833328247
v -0.1433737874031067 0.03166469559073448 1.151611089706421
v -0.08058925718069077 0.031934890896081924 1.132411241531372
v -0.022731563076376915 0.029877979308366776 1.0677047967910767
v 0.03129614144563675 0.026861103251576424 1.0262857675552368
v 0.0848616287112236 0.028329402208328247 1.029754638671875
v 0.1546885073184967 0.030659614130854607 1.0855157375335693
v -0.10469993948936462 0.03285050019621849 1.141618013381958
v -0.04557330906391144 0.031514350324869156 1.096625566482544
v 0.01108214445412159 0.03093533404171467 1.0851669311523438
v 0.06480219960212708 0.030811738222837448 1.0737907886505127
v 0.12388565391302109 0.030019840225577354 1.0712153911590576
v -0.1283647119998932 0.032730478793382645 1.1448605060577393
v -0.06832311302423477 0.033675968647003174 1.1306581497192383
v -0.010581344366073608 0.031227629631757736 1.0638751983642578
v 0.04211141914129257 0.028246885165572166 1.0229544639587402
v 0.09734319895505905 0.02962247096002102 1.0289039611816406
v -0.15629459917545319 0.033531926572322845 1.1473151445388794
v -0.09251745045185089 0.0333896242082119 1.1324849128723145
v -0.03409009426832199 0.03190426528453827 1.0738574266433716
v 0.020969968289136887 0.029033537954092026 1.032617449760437
v 0.07433661073446274 0.030306950211524963 1.0346717834472656
v 0.13577543199062347 0.030541302636265755 1.0596452951431274
v -0.11478645354509354 0.034116506576538086 1.139479637145996
v -0.05699252337217331 0.034028295427560806 1.1190177202224731
v 0.0009844731539487839 0.03285134211182594 1.068137764930725
v 0.05311250686645508 0.030778123065829277 1.0347925424575806
v 0.1112145259976387 0.03156345710158348 1.046377182006836
v -0.14198027551174164 0.034474994987249374 1.1481631994247437
v -0.07373342663049698 0.029321853071451187 1.04820716381073
v -0.021436847746372223 0.03297274932265282 1.0649844408035278
v 0.03203653544187546 0.029922856017947197 1.0191936492919922
v 0.0860251858830452 0.031232023611664772 1.0274673700332642
v 0.1563577950000763 0.03401634469628334 1.083568811416626
v -0.10353624820709229 0.03586700186133385 1.1367483139038086
v -0.04434913024306297 0.03444349393248558 1.0931581258773804
v 0.012101663276553154 0.034007709473371506 1.074866533279419
v 0.06543657183647156 0.0333310030400753 1.0499130487442017
v 0.12404807657003403 0.03241422399878502 1.0642471313476562
v -0.12654641270637512 0.035369858145713806 1.1394548416137695
v -0.061976365745067596 0.03073865734040737 1.040196418762207
v -0.0093934191390872 0.03423845395445824 1.0620919466018677
v 0.043056800961494446 0.031313151121139526 1.0172340869903564
v 0.09852535277605057 0.03259463608264923 1.0273287296295166
v -0.15529251098632812 0.03676285594701767 1.1475592851638794
v -0.08488225936889648 0.0319354347884655 1.0576679706573486
v -0.032672300934791565 0.0350612998008728 1.0702084302902222
v 0.021634278818964958 0.031957440078258514 1.0230168104171753
v 0.07533024996519089 0.03319605067372322 1.0313585996627808
v 0.13611362874507904 0.033463578671216965 1.053917407989502
v -0.11362535506486893 0.03677140921354294 1.1351035833358765
v -0.053389690816402435 0.03579230234026909 1.086462378501892
v 0.0021665398962795734 0.035870570689439774 1.0677720308303833
v 0.054404642432928085 0.03287225961685181 1.0244250297546387
v 0.11248721182346344 0.03504209220409393 1.0500566959381104
v -0.13978852331638336 0.037272218614816666 1.141442060470581
v -0.07199844717979431 0.03258253261446953 1.0323588848114014
v -0.020100362598896027 0.03601384907960892 1.0626250505447388
v 0.03290218487381935 0.03296380862593651 1.0137032270431519
v 0.08715909719467163 0.03411704674363136 1.0258532762527466
v 0.15807579457759857 0.038243141025304794 1.0796475410461426
v -0.10245423763990402 0.03887811675667763 1.131577968597412
v -0.043185096234083176 0.03769160807132721 1.090959072113037
v 0.012690229341387749 0.036481987684965134 1.0720478296279907
v 0.06597301363945007 0.0358133390545845 1.0415928363800049
v 0.12431240826845169 0.035545170307159424 1.0544838905334473
v -0.1248282939195633 0.038201890885829926 1.1336958408355713
v -0.06042288616299629 0.034209202975034714 1.0311986207962036
v -0.008117947727441788 0.03719910979270935 1.0608302354812622
v 0.04403232783079147 0.03439566120505333 1.0128917694091797
v 0.09987804293632507 0.03555199131369591 1.0273841619491577
v -0.15374945104122162 0.03987176716327667 1.1441391706466675
v -0.08313795179128647 0.03443146497011185 1.0380374193191528
v -0.03127078339457512 0.038021933287382126 1.0674365758895874
v 0.02267397753894329 0.03486426919698715 1.0165506601333618
v 0.07643911242485046 0.036074198782444 1.0290629863739014
v 0.13704295456409454 0.03615215793251991 1.0507737398147583
v -0.11210139840841293 0.04003747180104256 1.12763512134552
v -0.049894172698259354 0.036782920360565186 1.0446321964263916
v 0.0033243615180253983 0.038955215364694595 1.0685118436813354
v 0.05539412051439285 0.035679787397384644 1.0191318988800049
v 0.11441182345151901 0.03816814720630646 1.0535789728164673
v -0.1363387405872345 0.03982144966721535 1.1308084726333618
v -0.07055366039276123 0.03571204096078873 1.0249072313308716
v -0.018664617091417313 0.03911852836608887 1.0608667135238647
v 0.03390578180551529 0.03582898527383804 1.0093672275543213
v 0.087261863052845 0.03547470271587372 1.0084450244903564
v 0.15992876887321472 0.04191939905285835 1.066689372062683
v -0.10142803192138672 0.04193878546357155 1.1272637844085693
v -0.0422481968998909 0.040720947086811066 1.0896377563476562
v 0.012778807431459427 0.03731343150138855 1.0291402339935303
v 0.06709063053131104 0.038435958325862885 1.0381362438201904
v 0.12477079033851624 0.0378454253077507 1.049367904663086
v -0.12267964333295822 0.041343264281749725 1.1262990236282349
v -0.058978963643312454 0.037166304886341095 1.0258715152740479
v -0.006788619328290224 0.04021640494465828 1.0604130029678345
v 0.045099396258592606 0.037194445729255676 1.0098177194595337
v 0.10121876001358032 0.03848554193973541 1.0282866954803467
v -0.14434687793254852 0.04020603373646736 1.0851588249206543
v -0.08139624446630478 0.0371629074215889 1.0270841121673584
v -0.029768463224172592 0.040959082543849945 1.0655919313430786
v 0.023670099675655365 0.03756362944841385 1.0115984678268433
v 0.07678809762001038 0.037466391921043396 1.0079081058502197
v 0.1377583146095276 0.03879022225737572 1.0471229553222656
v -0.11068738251924515 0.04306776449084282 1.1219842433929443
v -0.04827413335442543 0.039003826677799225 1.0365201234817505
v 0.004434982780367136 0.042077116668224335 1.070317029953003
v 0.05648612603545189 0.03848592936992645 1.0161486864089966
v 0.114641934633255 0.04057829827070236 1.0500197410583496
v -0.13203518092632294 0.04191358759999275 1.0994219779968262
v -0.06919752061367035 0.038636378943920135 1.020424246788025
v -0.017267994582653046 0.04223067685961723 1.0600271224975586
v 0.034965042024850845 0.03860921412706375 1.0059486627578735
v 0.08767038583755493 0.03824285417795181 1.0004523992538452
v -0.16015997529029846 0.04125198349356651 1.070220947265625
v -0.09424100816249847 0.04216858744621277 1.063015103340149
v -0.04111794754862785 0.043741852045059204 1.0871570110321045
v 0.0138492900878191 0.039738524705171585 1.0204721689224243
v 0.06816244125366211 0.04127182066440582 1.0369958877563477
v 0.12495765089988708 0.04008523002266884 1.0422078371047974
v -0.12087803333997726 0.04473008215427399 1.1201099157333374
v -0.05754953995347023 0.03991493582725525 1.021613359451294
v -0.0053815944120287895 0.04339742660522461 1.0607881546020508
v 0.04617079719901085 0.039910268038511276 1.0073117017745972
v 0.10236441344022751 0.0413791760802269 1.0298129320144653
v -0.1418047696352005 0.04333372786641121 1.075823426246643
v -0.07982049137353897 0.040123309940099716 1.020716667175293
v -0.0283416286110878 0.04401936009526253 1.0644125938415527
v 0.024729862809181213 0.04028470441699028 1.007295846939087
v 0.07714007794857025 0.04008574038743973 0.9994515776634216
v 0.13655099272727966 0.041576869785785675 1.0369552373886108
v -0.10970646888017654 0.04650077596306801 1.117994785308838
v -0.0469391793012619 0.041674185544252396 1.0315237045288086
v 0.005245503503829241 0.04523375630378723 1.0721435546875
v 0.05747724324464798 0.041367124766111374 1.0141016244888306
v 0.11478792876005173 0.043053463101387024 1.0454071760177612
v -0.1306651532649994 0.044890981167554855 1.0950250625610352
v -0.06776171922683716 0.04140715301036835 1.0164637565612793
v -0.015638742595911026 0.04043099656701088 1.0146805047988892
v 0.036052290350198746 0.04137584939599037 1.0032981634140015
v 0.08844579756259918 0.041180580854415894 0.9963645935058594
v -0.154591903090477 0.04449034109711647 1.0673589706420898
v -0.09204187244176865 0.04315432533621788 1.040471076965332
v -0.03927962854504585 0.04694608971476555 1.080104947090149
v 0.014921296387910843 0.042449142783880234 1.0145416259765625
v 0.06890295445919037 0.04394363984465599 1.0356850624084473
v 0.12412632256746292 0.04209863767027855 1.028455376625061
v -0.1196364313364029 0.048292141407728195 1.1157076358795166
v -0.0561768002808094 0.04269323870539665 1.0181963443756104
v -0.005136450752615929 0.04293891042470932 1.0202237367630005
v 0.04729272797703743 0.0426817312836647 1.0054166316986084
v 0.10350745916366577 0.04475640133023262 1.0319268703460693
v -0.13971289992332458 0.04622858390212059 1.0699292421340942
v -0.07837839424610138 0.04313197731971741 1.0167711973190308
v -0.027783220633864403 0.046763453632593155 1.0625455379486084
v 0.025827808305621147 0.043085288256406784 1.0038487911224365
v 0.07800962030887604 0.04291944578289986 0.9948992133140564
v 0.13124839961528778 0.04092836380004883 0.9839061498641968
v -0.10886679589748383 0.05032569542527199 1.1140077114105225
v -0.04555385932326317 0.04445141181349754 1.0279556512832642
v 0.00552288768813014 0.04867590591311455 1.0696966648101807
v 0.05856078118085861 0.04427943751215935 1.0127614736557007
v 0.11424105614423752 0.04536477476358414 1.0395461320877075
v -0.1296013742685318 0.04796283692121506 1.0913019180297852
v -0.06631028652191162 0.04419799521565437 1.0129241943359375
v -0.014478113502264023 0.04337697848677635 1.0059764385223389
v 0.037141166627407074 0.04416274279356003 1.001225233078003
v 0.08941738307476044 0.04400571808218956 0.9942318201065063
v -0.1517106294631958 0.047515083104372025 1.0630756616592407
v -0.08995471149682999 0.04551825299859047 1.0273172855377197
v -0.038123857229948044 0.0502481609582901 1.0761337280273438
v 0.01595333218574524 0.04509688913822174 1.0100630521774292
v 0.06870654225349426 0.04495230317115784 1.0044595003128052
v 0.12120479345321655 0.043368756771087646 0.9944816827774048
v -0.11349301040172577 0.04753138870000839 1.063750147819519
v -0.05491219460964203 0.04554133117198944 1.015413522720337
v -0.003582806559279561 0.045018233358860016 1.0095727443695068
v 0.04846706986427307 0.04550965875387192 1.0040910243988037
v 0.10477609932422638 0.04824472591280937 1.034062385559082
v -0.1377628594636917 0.04919508099555969 1.065443754196167
v -0.07688182592391968 0.046061377972364426 1.0132263898849487
v -0.024185452610254288 0.04474778100848198 1.0065324306488037
v 0.026924680918455124 0.04587453603744507 1.0012102127075195
v 0.07895610481500626 0.04568621143698692 0.9917885065078735
v 0.13126513361930847 0.04380529373884201 0.9754229784011841
v -0.10253726691007614 0.049130748957395554 1.0599111318588257
v -0.04434724152088165 0.0472915954887867 1.0253002643585205
v 0.006810279097408056 0.04899469017982483 1.0298067331314087
v 0.05964892730116844 0.04730289429426193 1.0118297338485718
v 0.1119372546672821 0.04588889703154564 1.0008896589279175
v -0.12579528987407684 0.050440430641174316 1.0701240301132202
v -0.06490331888198853 0.04704787954688072 1.010048508644104
v -0.013242900371551514 0.046246763318777084 1.0005731582641602
v 0.03828763589262962 0.04699820280075073 0.9997365474700928
v 0.09038305282592773 0.04686388000845909 0.9933935403823853
v -0.14902737736701965 0.05024409294128418 1.0583988428115845
v -0.08815848082304001 0.0482998788356781 1.0211368799209595
v -0.037609782069921494 0.053380805999040604 1.0735390186309814
v 0.01698891445994377 0.04784505441784859 1.006443738937378
v 0.06927863508462906 0.04760068282485008 0.9976508021354675
v 0.12116361409425735 0.04614744335412979 0.9849825501441956
v -0.11138428002595901 0.05043601617217064 1.0517433881759644
v -0.053646575659513474 0.04846644029021263 1.0131187438964844
v -0.0024883791338652372 0.04787490889430046 1.0033643245697021
v 0.04959089308977127 0.048445019870996475 1.0030797719955444
v 0.10519351810216904 0.050990112125873566 1.0320662260055542
v -0.13601166009902954 0.051909368485212326 1.0611538887023926
v -0.07539672404527664 0.04901028797030449 1.0100358724594116
v -0.02302839607000351 0.04789385572075844 1.0001603364944458
v 0.02805420011281967 0.048700470477342606 0.9991857409477234
v 0.07991892099380493 0.0485365092754364 0.989545464515686
v 0.1322532743215561 0.046442873775959015 0.9722080230712891
v -0.10069590061903 0.05253429710865021 1.0517646074295044
v -0.0434342585504055 0.05034036934375763 1.0234460830688477
v 0.00841092225164175 0.05061386153101921 1.0173228979110718
v 0.0606275349855423 0.05036626383662224 1.0113418102264404
v 0.11161573976278305 0.04820502921938896 0.9880056381225586
v -0.12308619171380997 0.052844464778900146 1.0582382678985596
v -0.06353022903203964 0.049999453127384186 1.0078500509262085
v -0.0120042460039258 0.049163784831762314 0.996471643447876
v 0.0394577719271183 0.04992320016026497 0.9989380240440369
v 0.09128431975841522 0.04976341500878334 0.9935534596443176
v -0.14676007628440857 0.0529598593711853 1.0533815622329712
v -0.08640467375516891 0.05115876346826553 1.0165159702301025
v -0.03301341086626053 0.05019529163837433 1.0086196660995483
v 0.01810283400118351 0.05070186406373978 1.0039348602294922
v 0.07026877254247665 0.0504949726164341 0.9939841032028198
v 0.12180829048156738 0.04863554984331131 0.9799749255180359
v -0.10978948324918747 0.05360942706465721 1.0461679697036743
v -0.0524711012840271 0.05143062397837639 1.0114505290985107
v -0.0013967346167191863 0.05071870610117912 0.9989561438560486
v 0.0507158525288105 0.05141435191035271 1.0023850202560425
v 0.10417164117097855 0.05340813472867012 1.0239601135253906
v -0.13418082892894745 0.05448475852608681 1.056933879852295
v -0.07396062463521957 0.051917172968387604 1.0074862241744995
v -0.021749557927250862 0.05085977539420128 0.9961429238319397
v 0.029231250286102295 0.051581453531980515 0.997977077960968
v 0.0808570459485054 0.051380958408117294 0.9882603883743286
v 0.13363946974277496 0.04925796389579773 0.9719878435134888
v -0.0997900664806366 0.05538283661007881 1.0476878881454468
v -0.04261818155646324 0.05350035801529884 1.021647572517395
v 0.00944146141409874 0.052715402096509933 1.0085194110870361
v 0.06154932081699371 0.05340997874736786 1.0115565061569214
v 0.11200828850269318 0.0506218858063221 0.9820943474769592
v -0.12106959521770477 0.05557873472571373 1.0505369901657104
v -0.06224644184112549 0.05297088995575905 1.006264090538025
v -0.010799909010529518 0.0520499013364315 0.9929699897766113
v 0.040659476071596146 0.05284113809466362 0.9988002777099609
v 0.0918438658118248 0.05234866216778755 0.9933611750602722
v -0.1446542590856552 0.05558644235134125 1.0486600399017334
v -0.08479831367731094 0.05396203696727753 1.012629508972168
v -0.03175196424126625 0.053052570670843124 1.0017210245132446
v 0.0192206259816885 0.053575437515974045 1.0023415088653564
v 0.07128697633743286 0.053222060203552246 0.9915333986282349
v 0.12269895523786545 0.051173966377973557 0.9770901203155518
v -0.10845299810171127 0.05645221844315529 1.0424320697784424
v -0.051380716264247894 0.054436370730400085 1.009935736656189
v -0.0002230114332633093 0.05338405445218086 0.9952731132507324
v 0.05186033621430397 0.054339367896318436 1.0022526979446411
v 0.10184718668460846 0.053222641348838806 0.9848650693893433
v -0.13243021070957184 0.05686302110552788 1.0532753467559814
v -0.0726313665509224 0.054799679666757584 1.0053950548171997
v -0.020526720210909843 0.05372733995318413 0.9927121996879578
v 0.030407587066292763 0.05449040234088898 0.9972937703132629
v 0.08178716152906418 0.05409562587738037 0.9876688718795776
v 0.13483718037605286 0.05190254747867584 0.9694997072219849
v -0.09880053997039795 0.05774044990539551 1.0441334247589111
v -0.04190326854586601 0.056432295590639114 1.0189458131790161
v 0.010467097163200378 0.055240198969841 1.003722906112671
v 0.06243671849370003 0.056359004229307175 1.0120657682418823
v 0.11290936172008514 0.0527123361825943 0.9799315333366394
v -0.1195535659790039 0.05814046785235405 1.0468593835830688
v -0.0610160194337368 0.05594508722424507 1.0049515962600708
v -0.009622547775506973 0.05483843386173248 0.9898401498794556
v 0.041910719126462936 0.05586598441004753 0.9998984336853027
v 0.09174571931362152 0.05455037206411362 0.9862352609634399
v -0.14262771606445312 0.058004505932331085 1.0444815158843994
v -0.08328485488891602 0.05676080286502838 1.009341835975647
v -0.030535288155078888 0.05585826560854912 0.9974924325942993
v 0.020332716405391693 0.05640106275677681 1.0014089345932007
v 0.07232370972633362 0.055889811366796494 0.9900274872779846
v 0.12386206537485123 0.053635284304618835 0.9747512936592102
v -0.10715758055448532 0.059348974376916885 1.0397155284881592
v -0.05030030757188797 0.057401955127716064 1.0088412761688232
v 0.0009065819904208183 0.055961836129426956 0.9911712408065796
v 0.05299237370491028 0.05729816481471062 1.0029264688491821
v 0.10123085975646973 0.05403623357415199 0.9657016396522522
v -0.12996742129325867 0.0596674308180809 1.0444731712341309
v -0.07136194407939911 0.05769393965601921 1.00370192527771
v -0.019300827756524086 0.05656259134411812 0.9898597598075867
v 0.031640999019145966 0.057385992258787155 0.9973054528236389
v 0.08246558904647827 0.05654872953891754 0.9865222573280334
v 0.13617131114006042 0.05423014611005783 0.9641198515892029
v -0.09530878067016602 0.060004230588674545 1.02486252784729
v -0.040493376553058624 0.058570411056280136 1.0079727172851562
v 0.011470653116703033 0.05771784856915474 0.9988784193992615
v 0.06314494460821152 0.05922727286815643 1.0109716653823853
v 0.1139882355928421 0.05478913336992264 0.9737890362739563
v -0.11789330840110779 0.06069515645503998 1.0432766675949097
v -0.059790320694446564 0.058868587017059326 1.0038172006607056
v -0.008486887440085411 0.05757763981819153 0.9873670339584351
v 0.04328203946352005 0.05887727439403534 1.0020534992218018
v 0.09238257259130478 0.05639233440160751 0.9724394083023071
v -0.13753436505794525 0.05937080457806587 1.0193592309951782
v -0.08190102130174637 0.05958043038845062 1.0069279670715332
v -0.029318274930119514 0.05867677927017212 0.9942910075187683
v 0.021529145538806915 0.059226762503385544 1.0012879371643066
v 0.07341223210096359 0.058640770614147186 0.9899947047233582
v 0.12479016184806824 0.05598403885960579 0.971528947353363
v -0.10584301501512527 0.062284618616104126 1.0380898714065552
v -0.049271006137132645 0.06039679795503616 1.008359432220459
v 0.0020555718801915646 0.05860045924782753 0.9878020882606506
v 0.05412903428077698 0.0602169968187809 1.0040395259857178
v 0.10146921128034592 0.05648065730929375 0.9577265381813049
v -0.12828974425792694 0.06220758333802223 1.0398398637771606
v -0.07005172222852707 0.06059684604406357 1.0022138357162476
v -0.01808508113026619 0.0593717060983181 0.9876648783683777
v 0.03300866857171059 0.0601552277803421 0.9975774884223938
v 0.08349591493606567 0.058830562978982925 0.9828746914863586
v 0.13745293021202087 0.05640336871147156 0.9602833390235901
v -0.09361882507801056 0.06237300485372543 1.0187840461730957
v -0.03928930684924126 0.06113989278674126 1.0024046897888184
v 0.012620252557098866 0.06023797020316124 0.9948133826255798
v 0.06424327939748764 0.061972662806510925 1.0076696872711182
v 0.11177684366703033 0.05629769340157509 0.9518724679946899
v -0.11462104320526123 0.06314157694578171 1.0273321866989136
v -0.05854847654700279 0.061753008514642715 1.0028330087661743
v -0.007431482430547476 0.060283251106739044 0.9853673577308655
v 0.04459024593234062 0.06179124116897583 1.0030410289764404
v 0.09251497685909271 0.05806592106819153 0.9625387787818909
v -0.13525840640068054 0.06203809380531311 1.0114847421646118
v -0.08052314072847366 0.06237064674496651 1.0049594640731812
v -0.028098201379179955 0.06136976554989815 0.991304874420166
v 0.02274671196937561 0.062082190066576004 1.001907229423523
v 0.07459535449743271 0.0614401251077652 0.9914906620979309
v 0.12268971651792526 0.05790145322680473 0.9511095285415649
v -0.10461093485355377 0.06510160863399506 1.0372040271759033
v -0.04827985540032387 0.06342868506908417 1.0084260702133179
v 0.003180050989612937 0.0612981952726841 0.9855372905731201
v 0.055260736495256424 0.0631723627448082 1.0050075054168701
v 0.10202956199645996 0.058727506548166275 0.9526252150535583
v -0.12513130903244019 0.06458279490470886 1.024946928024292
v -0.06872397661209106 0.06340891122817993 1.0008172988891602
v -0.016927145421504974 0.062135472893714905 0.9858195185661316
v 0.03436452895402908 0.06296461820602417 0.9984438419342041
v 0.08440215140581131 0.060916468501091 0.9778233766555786
v 0.13902314007282257 0.0588473416864872 0.9572276473045349
v -0.09193835407495499 0.06497844308614731 1.0148255825042725
v -0.03802875801920891 0.06380406022071838 0.9987759590148926
v 0.013632736168801785 0.06323248893022537 0.9947771430015564
v 0.06555640697479248 0.0646531730890274 1.0074677467346191
v 0.11210464686155319 0.058813221752643585 0.9448876976966858
v -0.11330939829349518 0.06576181203126907 1.0244677066802979
v -0.057321395725011826 0.06459063291549683 1.002122163772583
v -0.006371075287461281 0.06303636729717255 0.9838442206382751
v 0.0458003468811512 0.06473244726657867 1.0028374195098877
v 0.09231552481651306 0.0603363998234272 0.9472269415855408
v -0.13393831253051758 0.06500950455665588 1.0094072818756104
v -0.07908342033624649 0.06517838686704636 1.0031989812850952
v -0.026920633390545845 0.06409766525030136 0.98887038230896
v 0.023826269432902336 0.06494289636611938 1.0026814937591553
v 0.0755963996052742 0.0639931857585907 0.9929054975509644
v 0.12325666844844818 0.060043852776288986 0.9431526064872742
v -0.10338722169399261 0.06770120561122894 1.0366613864898682
v -0.04729771241545677 0.06650466471910477 1.0090405941009521
v 0.004278270993381739 0.06406815350055695 0.9839260578155518
v 0.05633685365319252 0.06613319367170334 1.006165862083435
v 0.10270845890045166 0.0609615221619606 0.9471590518951416
v -0.12276793271303177 0.06667567789554596 1.0171810388565063
v -0.06737667322158813 0.06624244898557663 0.999699592590332
v -0.015808407217264175 0.06491761654615402 0.9842584729194641
v 0.03582693263888359 0.06561499834060669 0.9985101819038391
v 0.08440675586462021 0.06289447098970413 0.9697014093399048
v -0.14979900419712067 0.0665280744433403 1.0073169469833374
v -0.09023544192314148 0.06768625229597092 1.0118317604064941
v -0.036842212080955505 0.06646116822957993 0.9963397979736328
v 0.015103938058018684 0.06690090149641037 0.9978288412094116
v 0.06659228354692459 0.06652919948101044 1.0037245750427246
v 0.11265913397073746 0.06113463640213013 0.9392796158790588
v -0.11153322458267212 0.06772851198911667 1.0202990770339966
v -0.05613348260521889 0.06747037172317505 1.0019062757492065
v -0.005313525442034006 0.06587301194667816 0.9827152490615845
v 0.04698826000094414 0.06770340353250504 1.003038763999939
v 0.092910036444664 0.06256449222564697 0.9424830675125122
v -0.13284464180469513 0.06752493977546692 1.0089987516403198
v -0.0776338204741478 0.06797803193330765 1.001367211341858
v -0.02576805278658867 0.06687258929014206 0.9872047901153564
v 0.024854741990566254 0.06442084163427353 0.9738671779632568
v 0.07592961192131042 0.06588845700025558 0.9854453206062317
v 0.1240064725279808 0.06271842122077942 0.9383705854415894
v -0.1016823872923851 0.0701068565249443 1.0344878435134888
v -0.04639255255460739 0.06953548640012741 1.0102671384811401
v 0.005367334000766277 0.06700469553470612 0.9837931394577026
v 0.05717826634645462 0.06901390105485916 1.0070291757583618
v 0.10292898118495941 0.06342023611068726 0.9390264749526978
v -0.12074846029281616 0.06871772557497025 1.0097190141677856
v -0.06606832891702652 0.06913524866104126 0.9991415143013
v -0.014686135575175285 0.06774557381868362 0.9832136034965515
v 0.035864777863025665 0.0656633973121643 0.97266685962677
v 0.08400082588195801 0.0647447481751442 0.9579536318778992
v -0.1458529829978943 0.0687471479177475 1.0058097839355469
v -0.08857210725545883 0.07023109495639801 1.0092074871063232
v -0.03567889705300331 0.0691567063331604 0.9946292042732239
v 0.014634969644248486 0.06805766373872757 0.9881396293640137
v 0.066508449614048 0.06821226328611374 0.9902492761611938
v 0.1127953827381134 0.0638437494635582 0.9299166202545166
v -0.10858530551195145 0.06997767090797424 1.0096086263656616
v -0.0550023652613163 0.07039587199687958 1.002353549003601
v -0.004239746835082769 0.06874437630176544 0.982015073299408
v 0.04806772992014885 0.07071124762296677 1.0037827491760254
v 0.09374702721834183 0.06479327380657196 0.9391752481460571
v -0.13110628724098206 0.06988704204559326 1.0038554668426514
v -0.076212078332901 0.07083119451999664 0.9998413324356079
v -0.02462608739733696 0.0697113648056984 0.9860633015632629
v 0.025644246488809586 0.06728196889162064 0.9662894606590271
v 0.07581176608800888 0.06713155657052994 0.9652482867240906
v 0.12487804144620895 0.06514600664377213 0.9344193339347839
v -0.09853869676589966 0.07215528935194016 1.0171031951904297
v -0.04555770009756088 0.07253128290176392 1.0117013454437256
v 0.00640247343108058 0.07021450251340866 0.9854687452316284
v 0.05780445411801338 0.07138150185346603 1.0001040697097778
v 0.10347606241703033 0.06579069793224335 0.9352079629898071
v -0.1185079887509346 0.07104360312223434 1.0019649267196655
v -0.0648626908659935 0.07207541167736053 0.9991795420646667
v -0.013555211946368217 0.07065840065479279 0.9825394153594971
v 0.03668744117021561 0.0684146136045456 0.9669404625892639
v 0.08474600315093994 0.0670386254787445 0.9450204372406006
v -0.14414837956428528 0.07114918529987335 1.0039098262786865
v -0.08700985461473465 0.0729261264204979 1.0070736408233643
v -0.03449990600347519 0.0719568207859993 0.9933227896690369
v 0.01616293378174305 0.06948944181203842 0.9695451259613037
v 0.06568698585033417 0.06715555489063263 0.9532627463340759
v 0.1136181578040123 0.06633985787630081 0.9258826971054077
v -0.10686478018760681 0.0722620040178299 1.0067791938781738
v -0.05399230122566223 0.07334785908460617 1.0035542249679565
v -0.0031464770436286926 0.0716591477394104 0.981814980506897
v 0.04886259511113167 0.07377076148986816 1.0026309490203857
v 0.09425367414951324 0.06725155562162399 0.9340304732322693
v -0.1289183646440506 0.07212799042463303 0.9979916214942932
v -0.07490314543247223 0.07378719002008438 0.9995388388633728
v -0.023426273837685585 0.07265499234199524 0.9853379726409912
v 0.026591649278998375 0.07011394202709198 0.9624274969100952
v 0.07553434371948242 0.06864629685878754 0.9475005269050598
v 0.12551051378250122 0.0676354393362999 0.9295881986618042
v -0.09685207903385162 0.07485252618789673 1.0141855478286743
v -0.044499900192022324 0.07518459111452103 1.0118815898895264
v 0.007417335640639067 0.07347285747528076 0.9881704449653625
v 0.057396747171878815 0.07343096286058426 0.9864713549613953
v 0.10408678650856018 0.06820773333311081 0.930195689201355
v -0.11667077243328094 0.0730934590101242 0.9970298409461975
v -0.06372513622045517 0.07507678121328354 1.0000767707824707
v -0.012408207170665264 0.07359976321458817 0.9821511507034302
v 0.03763177618384361 0.07138451933860779 0.9643086194992065
v 0.08533907681703568 0.06911760568618774 0.9376383423805237
v -0.14059816300868988 0.07302890717983246 0.9902631640434265
v -0.08555281162261963 0.07577456533908844 1.0061818361282349
v -0.033320970833301544 0.07483059167861938 0.9927589297294617
v 0.017063584178686142 0.07215440273284912 0.9646117687225342
v 0.06584569066762924 0.06935850530862808 0.9418531656265259
v 0.11449103057384491 0.06867139786481857 0.9244784116744995
v -0.10490690916776657 0.07426514476537704 1.0004760026931763
v -0.053017012774944305 0.07610198855400085 1.0052199363708496
v -0.00208110548555851 0.07462233304977417 0.9821895360946655
v 0.04988686740398407 0.07597535848617554 0.9894046187400818
v 0.09492947906255722 0.0696837306022644 0.9301332235336304
v -0.12705083191394806 0.07425114512443542 0.9919356107711792
v -0.07373939454555511 0.07681853324174881 1.0005083084106445
v -0.022209247574210167 0.07564792037010193 0.985012948513031
v 0.027623441070318222 0.07283266633749008 0.9601283073425293
v 0.07653156667947769 0.0709729939699173 0.9433499574661255
v 0.12473012506961823 0.06930167227983475 0.9166111350059509
v -0.09542356431484222 0.07716688513755798 1.012304425239563
v -0.04305707663297653 0.07742413133382797 1.0073148012161255
v 0.00821518711745739 0.07648982107639313 0.9899657964706421
v 0.05675840005278587 0.07197338342666626 0.9484642148017883
v 0.10494957864284515 0.07055877894163132 0.9263290762901306
v -0.11463738977909088 0.07515286654233932 0.9855750203132629
v -0.06268306821584702 0.0780973806977272 1.0019619464874268
v -0.011281472630798817 0.07648944109678268 0.9820444583892822
v 0.038658853620290756 0.07434163242578506 0.9632091522216797
v 0.08621273934841156 0.0713748037815094 0.9334748983383179
v -0.13776247203350067 0.07549414038658142 0.9790027141571045
v -0.0841897651553154 0.07859513908624649 1.0065956115722656
v -0.03216332197189331 0.07782289385795593 0.9930698871612549
v 0.01804632507264614 0.07459498941898346 0.962077796459198
v 0.06674173474311829 0.07173004001379013 0.9368720650672913
v 0.11496332287788391 0.07083486020565033 0.9222975969314575
v -0.1010817214846611 0.07532397657632828 0.973732590675354
v -0.05201598256826401 0.07830297946929932 1.0046504735946655
v -0.0010633250931277871 0.07758276164531708 0.9832332134246826
v 0.04446020349860191 0.0666961520910263 0.9050673246383667
v 0.09588374197483063 0.07215716689825058 0.9271891713142395
v -0.12236146628856659 0.07549811154603958 0.9686872959136963
v -0.0726533830165863 0.07986755669116974 1.0020644664764404
v -0.02101489156484604 0.0786304622888565 0.9851261973381042
v 0.02863958664238453 0.0755292996764183 0.9586327075958252
v 0.07719502598047256 0.07311474531888962 0.9385403990745544
v 0.12415773421525955 0.07049589604139328 0.8954032063484192
v -0.09371337294578552 0.0796327143907547 1.0094308853149414
v -0.041558217257261276 0.0798342153429985 1.0017541646957397
v 0.008862382732331753 0.07908282428979874 0.988476574420929
v 0.054098594933748245 0.06619893014431 0.8871228098869324
v 0.10565567016601562 0.07281849533319473 0.923774242401123
v -0.11058497428894043 0.07659369707107544 0.9645195603370667
v -0.061832282692193985 0.08103417605161667 1.0039232969284058
v -0.010190289467573166 0.07935769855976105 0.9822903275489807
v 0.039633214473724365 0.07708825170993805 0.9622527956962585
v 0.08692269027233124 0.07369783520698547 0.9303572177886963
v -0.13569539785385132 0.07838520407676697 0.9735531806945801
v -0.08285102248191833 0.08112237602472305 1.0064411163330078
v -0.03102751635015011 0.0808955729007721 0.9936898350715637
v 0.01905485987663269 0.07676119357347488 0.9597637057304382
v 0.06756604462862015 0.07427734136581421 0.9327852129936218
v 0.11276089400053024 0.07070939987897873 0.8919041156768799
v -0.09835631400346756 0.07691172510385513 0.9575400352478027
v -0.04988643899559975 0.08079777657985687 0.9917556047439575
v -7.341326272580773e-05 0.08055786788463593 0.984511137008667
v 0.04565824940800667 0.0699348971247673 0.8973271250724792
v 0.09647046029567719 0.07440781593322754 0.9245139956474304
v -0.12055759131908417 0.07819011062383652 0.963553786277771
v -0.0715312734246254 0.08275534212589264 1.0034644603729248
v -0.01978590525686741 0.08151532709598541 0.985622227191925
v 0.029457515105605125 0.07815514504909515 0.9574264287948608
v 0.07775240391492844 0.07547652721405029 0.9303237199783325
v 0.12552502751350403 0.07326871156692505 0.8935608267784119
v -0.08933436870574951 0.07985825091600418 0.978928804397583
v -0.04005328193306923 0.0821324959397316 0.9954355955123901
v 0.009705684147775173 0.08088076114654541 0.9763336181640625
v 0.054798949509859085 0.07020916044712067 0.8845486044883728
v 0.10593029111623764 0.07502501457929611 0.9197412133216858
v -0.10727082937955856 0.07842337340116501 0.9494918584823608
v -0.06119968369603157 0.08356530964374542 1.0035213232040405
v -0.009105640463531017 0.0821295902132988 0.9827309846878052
v 0.038604870438575745 0.07570134848356247 0.9278430938720703
v 0.08741041272878647 0.07622674107551575 0.9253807067871094
v -0.13241378962993622 0.08054419606924057 0.9638960361480713
v -0.07918648421764374 0.08051761984825134 0.976726770401001
v -0.029745453968644142 0.08377265930175781 0.9941468238830566
v 0.019580205902457237 0.0776396319270134 0.9414935111999512
v 0.06864077597856522 0.0769239142537117 0.9295191764831543
v 0.1138436570763588 0.07383950054645538 0.8909138441085815
v -0.09678878635168076 0.0796421468257904 0.9532465934753418
v -0.048556260764598846 0.08288992941379547 0.986216127872467
v 0.0007849769899621606 0.08342044055461884 0.9848527312278748
v 0.04623010754585266 0.0727505087852478 0.8902351260185242
v 0.0969841256737709 0.07677754014730453 0.9199110269546509
v -0.11920880526304245 0.08045001327991486 0.9601781964302063
v -0.06922908872365952 0.08319820463657379 0.9815756678581238
v -0.018559960648417473 0.08420290052890778 0.9860469102859497
v 0.030096713453531265 0.07839950174093246 0.9325850009918213
v 0.07812013477087021 0.0775270015001297 0.9229642152786255
v 0.12725479900836945 0.07579649239778519 0.8940939903259277
v -0.08736404776573181 0.08232750743627548 0.9701364040374756
v -0.03861493617296219 0.08436869829893112 0.9874417781829834
v 0.010814018547534943 0.0793815329670906 0.9448153376579285
v 0.055778082460165024 0.07340341806411743 0.8835314512252808
v 0.10539504140615463 0.07725366204977036 0.9085738658905029
v -0.10581903904676437 0.08117011189460754 0.9470332264900208
v -0.05790289491415024 0.08488652855157852 0.9863891005516052
v -0.007988368161022663 0.08454302698373795 0.9821121692657471
v 0.03881372883915901 0.0773833766579628 0.9151288866996765
v 0.08798012137413025 0.07871640473604202 0.9190741181373596
v -0.11592735350131989 0.06729589402675629 0.8650578856468201
v -0.07797408103942871 0.08360258489847183 0.9737719893455505
v -0.028508756309747696 0.0863930881023407 0.9929661750793457
v 0.020461441949009895 0.08017323166131973 0.935178279876709
v 0.06962714344263077 0.07897942513227463 0.921588122844696
v 0.11511895060539246 0.07663965970277786 0.8913894295692444
v -0.09538620710372925 0.08236342668533325 0.9516545534133911
v -0.04710644856095314 0.0853244811296463 0.9786717891693115
v 0.001780256163328886 0.08572588860988617 0.9803154468536377
v 0.04701978340744972 0.07544734328985214 0.886337399482727
v 0.09727222472429276 0.07936257123947144 0.91276615858078
v -0.11684639751911163 0.08300360292196274 0.9510297775268555
v -0.06701181828975677 0.08405391126871109 0.9658821225166321
v -0.01735406555235386 0.0866655632853508 0.9846615791320801
v 0.03076350688934326 0.08057279884815216 0.9256677627563477
v 0.07859140634536743 0.07977665215730667 0.9163152575492859
v 0.12921109795570374 0.07793004810810089 0.8934869170188904
v -0.0863722637295723 0.0850398987531662 0.9679675102233887
v -0.03731348738074303 0.0866227000951767 0.9793194532394409
v 0.011486061848700047 0.08129997551441193 0.9353861808776855
v 0.056747276335954666 0.07630818337202072 0.882878839969635
v 0.10570813715457916 0.07934926450252533 0.8996632099151611
v -0.10475574433803558 0.08390786498785019 0.9467456936836243
v -0.05541188269853592 0.08634134382009506 0.9737252593040466
v -0.006583997048437595 0.0862191915512085 0.9671067595481873
v 0.038960766047239304 0.07917415350675583 0.9066011309623718
v 0.08838094770908356 0.0810096338391304 0.9118921756744385
v -0.11449199914932251 0.07146969437599182 0.8632348775863647
v -0.07731705158948898 0.086142897605896 0.9714988470077515
v -0.02715987153351307 0.0885026678442955 0.9846487045288086
v 0.021335236728191376 0.08232118934392929 0.9294544458389282
v 0.06731531023979187 0.07888809591531754 0.8875614404678345
v 0.11638790369033813 0.07917959988117218 0.8919621706008911
v -0.09448964893817902 0.08515361696481705 0.951226532459259
v -0.045440178364515305 0.08732085675001144 0.9680748581886292
v 0.0017767910612747073 0.08549272269010544 0.9552103281021118
v 0.048033587634563446 0.07825177162885666 0.8853574395179749
v 0.09732107818126678 0.08158177137374878 0.9046618938446045
v -0.11467588692903519 0.08535994589328766 0.944991409778595
v -0.06536456942558289 0.08584699779748917 0.9546288847923279
v -0.015586310997605324 0.08759896457195282 0.9631096720695496
v 0.031292449682950974 0.08273586630821228 0.9207882881164551
v 0.07913844287395477 0.0819207951426506 0.9063751101493835
v 0.12990525364875793 0.07987745106220245 0.8854514956474304
v -0.08539250493049622 0.08783642947673798 0.967291533946991
v -0.036104511469602585 0.08841677755117416 0.9694924354553223
v 0.012359150685369968 0.08360780030488968 0.9304240942001343
v 0.05770249664783478 0.07900667935609818 0.8815181851387024
v 0.10633151978254318 0.08107157051563263 0.8929013609886169
v -0.1035994216799736 0.08659143000841141 0.9466476440429688
v -0.053360722959041595 0.0878506451845169 0.9561505913734436
v -0.005810650996863842 0.08850011229515076 0.9622465968132019
v 0.03985045477747917 0.08112441003322601 0.8964938521385193
v 0.08868060261011124 0.08334599435329437 0.9026957154273987
v -0.11279868334531784 0.07411136478185654 0.8584266304969788
v -0.07438995689153671 0.08814646303653717 0.958045244216919
v -0.02489454671740532 0.08858846127986908 0.9584338068962097
v 0.022140834480524063 0.08462346345186234 0.9229665994644165
v 0.06823960691690445 0.08084788173437119 0.8822352886199951
v 0.11739145219326019 0.08173074573278427 0.8901326060295105
v -0.09371776133775711 0.08832121640443802 0.9530742764472961
v -0.04432716593146324 0.08890237659215927 0.955773651599884
v 0.003428494790568948 0.08441109955310822 0.9249035716056824
v 0.04902710020542145 0.08083470910787582 0.8845773935317993
v 0.09774424135684967 0.08328467607498169 0.8954132795333862
v -0.11326699703931808 0.08811819553375244 0.9425522685050964
v -0.06330494582653046 0.08777950704097748 0.9446151852607727
v -0.014602147974073887 0.08978959172964096 0.956924319267273
v 0.03059026040136814 0.07705902308225632 0.8646020293235779
v 0.07962727546691895 0.08365405350923538 0.8944384455680847
v -0.12843705713748932 0.07658074796199799 0.8512548208236694
v -0.0842905342578888 0.09029414504766464 0.9649220705032349
v -0.032810941338539124 0.08549953252077103 0.9282941818237305
v 0.01234734058380127 0.07850103825330734 0.8762189745903015
v 0.05864701047539711 0.08157176524400711 0.8799781799316406
v 0.10703031718730927 0.08323602378368378 0.8886328935623169
v -0.10224971920251846 0.08952920138835907 0.946778416633606
v -0.05212842673063278 0.08957364410161972 0.9457508325576782
v -0.004650395829230547 0.08322565257549286 0.9068791270256042
v 0.040971819311380386 0.08284856379032135 0.890326738357544
v 0.0847267135977745 0.07735315710306168 0.8482011556625366
v -0.1119336262345314 0.07726885378360748 0.8557713627815247
v -0.07260026782751083 0.09060168266296387 0.9518303275108337
v -0.02362535335123539 0.09039382636547089 0.9485734105110168
v 0.021312884986400604 0.08078500628471375 0.8735343813896179
v 0.06887435168027878 0.08304049074649811 0.87798672914505
v 0.11811650544404984 0.08413953334093094 0.8855916261672974
v -0.09287973493337631 0.09171316027641296 0.9561823010444641
v -0.038488391786813736 0.07984060794115067 0.8847367763519287
v 0.004046852234750986 0.08022531121969223 0.8747979402542114
v 0.05006452649831772 0.08328575640916824 0.8835029006004333
v 0.09284435957670212 0.07749517261981964 0.8389354944229126
v -0.11179198324680328 0.09091456979513168 0.9408202171325684
v -0.06170201674103737 0.09029517322778702 0.9394156336784363
v -0.01274951919913292 0.0841907262802124 0.9021018743515015
v 0.031234661117196083 0.08016184717416763 0.8585385084152222
v 0.07837928086519241 0.0847976803779602 0.8805657625198364
v -0.12417561560869217 0.07973916083574295 0.8502007722854614
v -0.08263140171766281 0.09252355992794037 0.9578574299812317
v -0.032104939222335815 0.08883171528577805 0.9263167977333069
v 0.013002931140363216 0.08120939135551453 0.8680810332298279
v 0.059699464589357376 0.0839901715517044 0.8784216642379761
v 0.10818912088871002 0.08579355478286743 0.8846302628517151
v -0.1014806404709816 0.09259133785963058 0.9467116594314575
v -0.04778371751308441 0.08121947944164276 0.8794654607772827
v -0.004009647760540247 0.08294398337602615 0.8807274103164673
v 0.039764728397130966 0.08062659204006195 0.8511180877685547
v 0.08483581244945526 0.08052734285593033 0.8415405750274658
v -0.11054150015115738 0.08034230023622513 0.8538596630096436
v -0.07113891839981079 0.09308131039142609 0.9464635848999023
v -0.023234892636537552 0.09140875190496445 0.9322749376296997
v 0.02256135269999504 0.08293963968753815 0.8651294708251953
v 0.06816017627716064 0.08393197506666183 0.8619521856307983
v 0.1188516914844513 0.08649194240570068 0.8827316761016846
v -0.09166381508111954 0.09435305744409561 0.9531568288803101
v -0.037476539611816406 0.08321378380060196 0.8796952366828918
v 0.0047453055158257484 0.08247403800487518 0.8645220398902893
v 0.050810568034648895 0.08535951375961304 0.8767777681350708
v 0.09335160255432129 0.08033308386802673 0.833580493927002
v -0.10982999950647354 0.09335976839065552 0.9371123313903809
v -0.06071942672133446 0.09307393431663513 0.936514139175415
v -0.011997534893453121 0.08448796719312668 0.8803597688674927
v 0.03209209814667702 0.0834285244345665 0.8573472499847412
v 0.07659359276294708 0.08273888379335403 0.8451509475708008
v -0.1214350089430809 0.0821429193019867 0.8468623161315918
v -0.0801374539732933 0.09387686103582382 0.9414440393447876
v -0.03125954419374466 0.09143112599849701 0.9247374534606934
v 0.013808797113597393 0.08398236334323883 0.8639257550239563
v 0.059521209448575974 0.08508893102407455 0.8587672710418701
v 0.10941652208566666 0.08746249228715897 0.8778825402259827
v -0.10010544210672379 0.09536363184452057 0.943886935710907
v -0.04698413237929344 0.08533339947462082 0.8778257966041565
v -0.0035522885154932737 0.0851689875125885 0.8705112934112549
v 0.04049122333526611 0.08232128620147705 0.8404468894004822
v 0.08506938070058823 0.08297464996576309 0.8364551067352295
v -0.108941949903965 0.08311288058757782 0.8499199151992798
v -0.06976991891860962 0.09568148851394653 0.9399988055229187
v -0.02174903266131878 0.09146568924188614 0.9113953709602356
v 0.023560313507914543 0.08547916263341904 0.8605555295944214
v 0.06775522977113724 0.08531306684017181 0.8483675122261047
v 0.11888129264116287 0.08861169964075089 0.8773674964904785
v -0.08993588387966156 0.09629944711923599 0.9421077370643616
v -0.03703230246901512 0.0865415558218956 0.8787744045257568
v 0.005958841647952795 0.08503925055265427 0.8603487014770508
v 0.051385171711444855 0.08746137470006943 0.8721292018890381
v 0.09407811611890793 0.08285460621118546 0.8306912183761597
v -0.09983736276626587 0.08542071282863617 0.864726185798645
v -0.05609975755214691 0.08678656071424484 0.8783923387527466
v -0.01086207665503025 0.08697295933961868 0.8733404278755188
v 0.032670341432094574 0.08589699864387512 0.8551565408706665
v 0.07663901150226593 0.0849834531545639 0.8386843204498291
v -0.11903417110443115 0.08439870923757553 0.8433594107627869
v -0.07796565443277359 0.09556284546852112 0.9313374161720276
v -0.02984873577952385 0.09323597699403763 0.9138524532318115
v 0.01486415695399046 0.08608929812908173 0.8598650097846985
v 0.059359993785619736 0.0866740271449089 0.8471698760986328
v 0.10480348020792007 0.0845068022608757 0.8367689847946167
v -0.09036793559789658 0.08713658154010773 0.8692429661750793
v -0.04621308296918869 0.08826609700918198 0.8769952654838562
v -0.0027303723618388176 0.08792611956596375 0.8667058944702148
v 0.04099922627210617 0.08519572019577026 0.8352648615837097
v 0.08566195517778397 0.08514679968357086 0.8326135277748108
v -0.10766680538654327 0.0862114429473877 0.8481857180595398
v -0.06840863078832626 0.09785576909780502 0.9322719573974609
v -0.020870978012681007 0.0930040031671524 0.9014598727226257
v 0.024604635313153267 0.08762451261281967 0.8565471172332764
v 0.06790479272603989 0.0873560905456543 0.8402128219604492
v 0.11695578694343567 0.08768893778324127 0.8436709046363831
v -0.0798129066824913 0.08712420612573624 0.8626676797866821
v -0.03638050705194473 0.08967585861682892 0.8780460953712463
v 0.007229118142277002 0.08726764470338821 0.8569867610931396
v 0.05095863342285156 0.08784545212984085 0.8448493480682373
v 0.09491408616304398 0.08545491844415665 0.829185426235199
v -0.09854520112276077 0.0881374329328537 0.8572147488594055
v -0.05491010472178459 0.08968181908130646 0.8741117715835571
v -0.009798464365303516 0.08919008076190948 0.8688110709190369
v 0.03355499729514122 0.08733431994915009 0.8383309245109558
v 0.07726947963237762 0.08722519129514694 0.8351710438728333
v -0.11708099395036697 0.08670094609260559 0.8409228324890137
v -0.0707053616642952 0.08917016535997391 0.8651520609855652
v -0.0282891932874918 0.09587697684764862 0.9073431491851807
v 0.01569550111889839 0.0868815928697586 0.8384246230125427
v 0.05970512330532074 0.08892611414194107 0.8407705426216125
v 0.10608438402414322 0.08739900588989258 0.8352943062782288
v -0.08845905214548111 0.0892832800745964 0.8573764562606812
v -0.0452972948551178 0.09101413190364838 0.8764221668243408
v -0.0020127296447753906 0.09028707444667816 0.8646591901779175
v 0.04182657599449158 0.08786677569150925 0.8318249583244324
v 0.08622739464044571 0.08757433295249939 0.8309087753295898
v -0.10653789341449738 0.08904337137937546 0.8476096391677856
v -0.06257088482379913 0.09141582250595093 0.8702355027198792
v -0.018339786678552628 0.09092331677675247 0.8631641268730164
v 0.02586856111884117 0.08982284367084503 0.8518945574760437
v 0.06847617775201797 0.08937296271324158 0.8352108597755432
v 0.11713146418333054 0.08953125029802322 0.8361015915870667
v -0.07845357805490494 0.08969820290803909 0.8531222939491272
v -0.03573140874505043 0.09232547134160995 0.8766422271728516
v 0.007748743519186974 0.08948551118373871 0.8468345403671265
v 0.051582615822553635 0.09016560018062592 0.8387540578842163
v 0.09589267522096634 0.08819624781608582 0.8287206888198853
v -0.09689828753471375 0.09063789993524551 0.852193295955658
v -0.05356014519929886 0.09207760542631149 0.868158757686615
v -0.008826625533401966 0.09127148240804672 0.8536465167999268
v 0.034155432134866714 0.08960434049367905 0.8342306613922119
v 0.07789557427167892 0.08957695960998535 0.8324846625328064
v -0.11545541882514954 0.08915632963180542 0.8400521278381348
v -0.06976117938756943 0.09227574616670609 0.8612186908721924
v -0.026680564507842064 0.0936947911977768 0.8685842752456665
v 0.016709301620721817 0.08912361413240433 0.8309371471405029
v 0.06020672246813774 0.09097211807966232 0.8349654674530029
v 0.10696633160114288 0.09010614454746246 0.8339976072311401
v -0.08674062043428421 0.09152300655841827 0.8497132062911987
v -0.0443386435508728 0.09344463050365448 0.8749371767044067
v -0.0010555998887866735 0.09248477220535278 0.8526929020881653
v 0.042837969958782196 0.09070180356502533 0.8302592039108276
v 0.0869058147072792 0.09004189819097519 0.8291856646537781
v -0.1052384227514267 0.09150776267051697 0.8461931943893433
v -0.0611366368830204 0.09382006525993347 0.8645628094673157
v -0.017191750928759575 0.09322784841060638 0.8564355969429016
v 0.027023008093237877 0.09175992757081985 0.8429755568504333
v 0.06910939514636993 0.09162479639053345 0.8322276473045349
v 0.11793328821659088 0.0914807915687561 0.8327038884162903
v -0.07710407674312592 0.09218347817659378 0.8480013012886047
v -0.034018728882074356 0.0932122990489006 0.8536355495452881
v 0.008174345828592777 0.09189150482416153 0.8398690819740295
v 0.05259052664041519 0.09251285344362259 0.8364567756652832
v 0.09680444747209549 0.09092621505260468 0.8282872438430786
v -0.095585897564888 0.09306125342845917 0.8488006591796875
v -0.05241280049085617 0.0943053662776947 0.8629574775695801
v -0.00784270092844963 0.09407505393028259 0.8512358069419861
v 0.03506587818264961 0.0921911969780922 0.8318364024162292
v 0.07869932055473328 0.09197529405355453 0.8305983543395996
v -0.11376507580280304 0.09155024588108063 0.8374990224838257
v -0.06896019726991653 0.09514851868152618 0.8611856698989868
v -0.02545456402003765 0.0955933928489685 0.8589239120483398
v 0.0178502406924963 0.09199646860361099 0.8298369646072388
v 0.061051372438669205 0.09323059767484665 0.8329389691352844
v 0.10776737332344055 0.09255117177963257 0.8322632312774658
v -0.0852457657456398 0.09366625547409058 0.8443092703819275
v -0.04356566071510315 0.09592069685459137 0.8686670064926147
v 3.7644767871825024e-05 0.09469050914049149 0.8468228578567505
v 0.043831005692481995 0.0933520644903183 0.8301587700843811
v 0.0876932367682457 0.09264570474624634 0.8278456330299377
v -0.10391837358474731 0.0940229520201683 0.8451094031333923
v -0.060076627880334854 0.0956340804696083 0.8611040115356445
v -0.01603659987449646 0.09560830891132355 0.8540682792663574
v 0.027363501489162445 0.09383200854063034 0.8320780396461487
v 0.07001688331365585 0.09396210312843323 0.8311300873756409
v 0.11890967190265656 0.09355705231428146 0.829634428024292
v -0.07623378932476044 0.09474827349185944 0.8455785512924194
v -0.03297201916575432 0.09569220244884491 0.8468602895736694
v 0.009100292809307575 0.09397014230489731 0.8353604078292847
v 0.053447626531124115 0.09481535106897354 0.8346173167228699
v 0.09764429926872253 0.0935014858841896 0.8275808095932007
v -0.09432419389486313 0.09540829807519913 0.8461260795593262
v -0.051278166472911835 0.09645678102970123 0.8598589897155762
v -0.006980475969612598 0.09631452709436417 0.8491038084030151
v 0.03586510196328163 0.0945512130856514 0.8306108713150024
v 0.07930713146924973 0.09443061053752899 0.8291949033737183
v -0.11212988942861557 0.09426333010196686 0.8329203724861145
v -0.06822033226490021 0.0972820371389389 0.8599769473075867
v -0.02448163367807865 0.09742417931556702 0.85453200340271
v 0.01889088936150074 0.09473853558301926 0.8296788334846497
v 0.06194809451699257 0.09546714276075363 0.8318305015563965
v 0.10835441946983337 0.09489400684833527 0.8299181461334229
v -0.08415353298187256 0.09609226137399673 0.8417565226554871
v -0.04109556972980499 0.09691071510314941 0.845374345779419
v 0.0010930158896371722 0.09678924828767776 0.8439561128616333
v 0.044821467250585556 0.09585751593112946 0.8301684856414795
v 0.08853761851787567 0.09521684795618057 0.8269561529159546
v -0.10275842249393463 0.09661798179149628 0.8450053930282593
v -0.05862607806921005 0.09786216914653778 0.8546720743179321
v -0.014879652298986912 0.09809514135122299 0.8522509336471558
v 0.028017373755574226 0.09582652151584625 0.82889324426651
v 0.07095484435558319 0.09626371413469315 0.8303002715110779
v 0.11966585367918015 0.09555807709693909 0.8254101276397705
v -0.07564274221658707 0.09752372652292252 0.8459388017654419
v -0.03188835829496384 0.0981530249118805 0.8438748121261597
v 0.01057505514472723 0.09637028723955154 0.8326530456542969
v 0.05423543229699135 0.09710448235273361 0.8326393365859985
v 0.09851045906543732 0.09606833010911942 0.8270907998085022
v -0.09312455356121063 0.09787746518850327 0.8436764478683472
v -0.04975379630923271 0.09888026863336563 0.8521639108657837
v -0.006175867281854153 0.09868568181991577 0.846147894859314
v 0.03678483888506889 0.09697891771793365 0.829830527305603
v 0.08007346838712692 0.09699492901563644 0.8280402421951294
v -0.11084136366844177 0.09675983339548111 0.8317530751228333
v -0.06666615605354309 0.0992235466837883 0.8491984605789185
v -0.02312801033258438 0.09948302805423737 0.8501380085945129
v 0.019862161949276924 0.09712983667850494 0.8292010426521301
v 0.06279481947422028 0.09769938141107559 0.8299285173416138
v 0.10886986553668976 0.09727848321199417 0.8272395730018616
v -0.08319394290447235 0.09848422557115555 0.840729296207428
v -0.03985171765089035 0.09949153661727905 0.8434174060821533
v 0.002123638754710555 0.09902378916740417 0.8410632610321045
v 0.04571732506155968 0.0983780026435852 0.8296936750411987
v 0.08941340446472168 0.0977790355682373 0.8264940977096558
v -0.10146815329790115 0.09878141433000565 0.842970609664917
v -0.057247087359428406 0.10014660656452179 0.8471887111663818
v -0.013646609149873257 0.10035481303930283 0.8506115078926086
v 0.028750678524374962 0.09809673577547073 0.8279860019683838
v 0.07172303646802902 0.0986076071858406 0.8285104632377625
v 0.12065240740776062 0.097598135471344 0.8186877369880676
v -0.07498335093259811 0.10019037127494812 0.8465588092803955
v -0.0308652613312006 0.10045923292636871 0.8425098657608032
v 0.011510070413351059 0.09860303997993469 0.8308399319648743
v 0.05492192506790161 0.09926258027553558 0.8296294212341309
v 0.09942252188920975 0.09852167963981628 0.8266164660453796
v -0.09194169193506241 0.10035135596990585 0.8419106602668762
v -0.0483904629945755 0.1011412963271141 0.8458585143089294
v -0.005369017831981182 0.10106170177459717 0.8434053659439087
v 0.037674713879823685 0.09939824789762497 0.8291419148445129
v 0.08075661212205887 0.09947595000267029 0.8260800838470459
v -0.10960302501916885 0.09907888621091843 0.8297240734100342
v -0.06502844393253326 0.10101024806499481 0.841494083404541
v -0.021861720830202103 0.10178624838590622 0.8465208411216736
v 0.020818786695599556 0.09914427995681763 0.8278825879096985
v 0.06351017206907272 0.09989167749881744 0.826611340045929
v 0.10928747802972794 0.09953885525465012 0.8238915205001831
v -0.08235559612512589 0.10112109780311584 0.8408355712890625
v -0.03891032561659813 0.10179754346609116 0.8425518870353699
v 0.0033242700155824423 0.10107401758432388 0.8357850909233093
v 0.04661250859498978 0.10081756860017776 0.8289864659309387
v 0.0903695672750473 0.10033071041107178 0.8260701894760132
v -0.09893576055765152 0.10069109499454498 0.8339061737060547
v -0.056225504726171494 0.10243701934814453 0.8434537649154663
v -0.01249211560934782 0.10268981009721756 0.8445007801055908
v 0.02962842956185341 0.10012923926115036 0.8273165225982666
v 0.07253562659025192 0.10091657191514969 0.8262689709663391
v -0.12373654544353485 0.10106772929430008 0.8228259086608887
v -0.0740436315536499 0.10250032693147659 0.843839704990387
v -0.0298642348498106 0.10245392471551895 0.8409767150878906
v 0.012401560321450233 0.10044734179973602 0.8276147842407227
v 0.0554802343249321 0.1015186682343483 0.8242249488830566
v 0.10034981369972229 0.10093910992145538 0.8254240155220032
v -0.0907454565167427 0.10292396694421768 0.840618908405304
v -0.04713364318013191 0.10331866145133972 0.841403603553772
v -0.004509739577770233 0.10360795259475708 0.8415892124176025
v 0.03853628784418106 0.10182701051235199 0.8284142017364502
v 0.08145376294851303 0.10181522369384766 0.8233339786529541
v -0.10499468445777893 0.09948626160621643 0.8047901391983032
v -0.06378157436847687 0.10308253020048141 0.8366096615791321
v -0.0207996666431427 0.10391408950090408 0.8427168726921082
v 0.021853668615221977 0.10115209966897964 0.8234070539474487
v 0.06398695707321167 0.1020808070898056 0.8214940428733826
v 0.10961747914552689 0.10168708860874176 0.8194223046302795
v -0.08152782171964645 0.10369205474853516 0.8410000801086426
v -0.03778228536248207 0.10370653867721558 0.8382452130317688
v 0.004349763039499521 0.10273797065019608 0.8285119533538818
v 0.04742347076535225 0.10300417244434357 0.8269318342208862
v 0.09118827432394028 0.10277460515499115 0.8244280815124512
v -0.09562766551971436 0.10061293840408325 0.8067530393600464
v -0.05519929528236389 0.10473035275936127 0.839454174041748
v -0.011457899585366249 0.1050507202744484 0.8396780490875244
v 0.030556384474039078 0.10253177583217621 0.8241841793060303
v 0.07330439984798431 0.10322248935699463 0.8237046599388123
v -0.11711012572050095 0.10141361504793167 0.8033246397972107
v -0.07263215631246567 0.10437938570976257 0.8377638459205627
v -0.02870287373661995 0.10460790246725082 0.8348087668418884
v 0.01352747157216072 0.10186968743801117 0.8071566820144653
v 0.05594469606876373 0.10353612154722214 0.8187036514282227
v 0.10096973180770874 0.10329534113407135 0.8225440979003906
v -0.08931791037321091 0.1052807942032814 0.837936282157898
v -0.045667700469493866 0.10531190037727356 0.8369709253311157
v -0.0037721414119005203 0.10621460527181625 0.8384941816329956
v 0.039380189031362534 0.10417415201663971 0.8260537981987
v 0.08213263750076294 0.10407529771327972 0.8211566209793091
v -0.1030580922961235 0.10183269530534744 0.796663224697113
v -0.06286967545747757 0.1050964891910553 0.8312193751335144
v -0.01963411271572113 0.10598556697368622 0.8367530703544617
v 0.02307000197470188 0.1032462865114212 0.8157678842544556
v 0.06445057690143585 0.10415175557136536 0.8176162242889404
v 0.10988236963748932 0.10330929607152939 0.8125355839729309
v -0.08054360747337341 0.10590144991874695 0.8388453125953674
v -0.03609960898756981 0.10576704144477844 0.8293208479881287
v 0.005665890872478485 0.10282120853662491 0.8043696880340576
v 0.04802851751446724 0.10513466596603394 0.8218104243278503
v 0.09164237231016159 0.10477152466773987 0.8204560875892639
v -0.09382736682891846 0.10284113883972168 0.8005428910255432
v -0.05051352456212044 0.10223659873008728 0.8028402328491211
v -0.010646939277648926 0.10749538242816925 0.8369494080543518
v 0.03139475733041763 0.10487585514783859 0.8190197944641113
v 0.07402296364307404 0.10541975498199463 0.8204647302627563
v -0.11327537149190903 0.10321539640426636 0.7948554158210754
v -0.07036419957876205 0.10608496516942978 0.8278770446777344
v -0.027397552505135536 0.10668091475963593 0.8285993933677673
v 0.014455676078796387 0.10378456860780716 0.8013770580291748
v 0.05630197376012802 0.10547958314418793 0.8143587112426758
v 0.10118916630744934 0.10503173619508743 0.8164442181587219
v -0.08739446848630905 0.1075606718659401 0.833595871925354
v -0.043566539883613586 0.1066751778125763 0.8279895782470703
v -0.0017309157410636544 0.10316739231348038 0.7977012395858765
v 0.040052738040685654 0.10645771026611328 0.8219372630119324
v 0.08256074786186218 0.10616373270750046 0.8177924156188965
v -0.10202842205762863 0.10444004088640213 0.7955394983291626
v -0.057903990149497986 0.10377094894647598 0.8000407814979553
v -0.018587879836559296 0.10808338224887848 0.8305227160453796
v 0.023717282339930534 0.10544418543577194 0.8091962337493896
v 0.06493405997753143 0.10600730031728745 0.8138667345046997
v 0.11045482009649277 0.10483630001544952 0.8031911253929138
v -0.07806145399808884 0.10760333389043808 0.8266587257385254
v -0.03495297580957413 0.10744579881429672 0.823318600654602
v 0.0066947052255272865 0.10458917915821075 0.7958242893218994
v 0.04872138798236847 0.1070282831788063 0.8163313865661621
v 0.09105825424194336 0.1057739108800888 0.8006353974342346
v -0.09243421256542206 0.10544052720069885 0.7975574135780334
v -0.049222905188798904 0.10445993393659592 0.7965288162231445
v -0.008648322895169258 0.10463663935661316 0.7957830429077148
v 0.03194618597626686 0.10705200582742691 0.8142193555831909
v 0.07438427209854126 0.1074279174208641 0.8157985806465149
v -0.1116550862789154 0.10564401000738144 0.7941506505012512
v -0.06854832917451859 0.10763654112815857 0.8182944655418396
v -0.026471326127648354 0.10877622663974762 0.8234221339225769
v 0.01533326506614685 0.1061936691403389 0.7997418642044067
v 0.056653060019016266 0.10730830579996109 0.8107414841651917
v 0.09998736530542374 0.10562531650066376 0.7920427322387695
v -0.08354539424180984 0.10702834278345108 0.8025699853897095
v -0.04105877876281738 0.10743509978055954 0.8105623126029968
v -0.0009681647061370313 0.10529936105012894 0.7900411486625671
v 0.040682122111320496 0.10854855924844742 0.8174147605895996
v 0.08264639973640442 0.10796754062175751 0.8108918070793152
v -0.10115345567464828 0.10714609920978546 0.7960138320922852
v -0.05701496824622154 0.10653907060623169 0.7969863414764404
v -0.018007580190896988 0.10971560329198837 0.8201580047607422
v 0.023944387212395668 0.10755398869514465 0.8050669431686401
v 0.06505558639764786 0.10786870121955872 0.8045530915260315
v 0.11019214242696762 0.10626529902219772 0.7907423973083496
v -0.07449797540903091 0.10865550488233566 0.807056188583374
v -0.03370947390794754 0.10918211936950684 0.8165393471717834
v 0.007707166951149702 0.10658583045005798 0.7906996011734009
v 0.04935096949338913 0.10875501483678818 0.8114557862281799
v 0.09084263443946838 0.10692396014928818 0.7902510166168213
v -0.09148558229207993 0.10807880014181137 0.7970178127288818
v -0.04840434342622757 0.10689359903335571 0.7951640486717224
v -0.007775306235998869 0.10683966428041458 0.7897326350212097
v 0.032242342829704285 0.10361939668655396 0.7726896405220032
v 0.07372557371854782 0.10849253833293915 0.8004806041717529
v -0.11047755926847458 0.10822923481464386 0.7940236926078796
v -0.06619111448526382 0.10924433916807175 0.8035612106323242
v -0.025956982746720314 0.11023399978876114 0.813168466091156
v 0.0161310862749815 0.10862205177545547 0.7997013330459595
v 0.05697956681251526 0.10909594595432281 0.8056002855300903
v 0.09988407790660858 0.10748879611492157 0.7850857973098755
v -0.08160306513309479 0.10921168327331543 0.7978700995445251
v -0.03980223461985588 0.1092466413974762 0.8047478795051575
v -4.366321809357032e-05 0.10756204277276993 0.7878661155700684
v 0.04183647036552429 0.1104491725564003 0.810282289981842
v 0.0825217068195343 0.10867825150489807 0.790217399597168
v -0.10039844363927841 0.10974932461977005 0.796330451965332
v -0.05617312714457512 0.10909509658813477 0.7963037490844727
v -0.01532045193016529 0.10858232527971268 0.7878214716911316
v 0.023710710927844048 0.10928545147180557 0.8006225228309631
v 0.06517508625984192 0.10953710973262787 0.7968418598175049
v 0.11030705273151398 0.10820168256759644 0.7842031717300415
v -0.07297085225582123 0.11057280004024506 0.8013157248497009
v -0.03247654810547829 0.11077987402677536 0.807137131690979
v 0.008566356264054775 0.10886785387992859 0.7887439131736755
v 0.04992952197790146 0.11052777618169785 0.8036717176437378
v 0.09091130644083023 0.10885706543922424 0.7837734222412109
v -0.09051664918661118 0.11072384566068649 0.7967724800109863
v -0.047662220895290375 0.10939888656139374 0.7951546311378479
v -0.006872178055346012 0.10897748917341232 0.7873144149780273
v 0.03314458578824997 0.10683742165565491 0.7694146633148193
v 0.07379341870546341 0.10975367575883865 0.7886426448822021
v -0.10959690809249878 0.11099469661712646 0.7940353751182556
v -0.06461739540100098 0.11145437508821487 0.7995134592056274
v -0.022270245477557182 0.10947111248970032 0.7825065851211548
v 0.01685558445751667 0.11099071800708771 0.7988012433052063
v 0.05742700397968292 0.111037977039814 0.7979649305343628
v 0.1002885028719902 0.10965263098478317 0.7819205522537231
v -0.08041712641716003 0.11168431490659714 0.7960063219070435
v -0.03886757791042328 0.11147820949554443 0.7984824180603027
v 0.0008034765487536788 0.10979007929563522 0.7868258953094482
v 0.04312712326645851 0.11167647689580917 0.7981876134872437
v 0.08270210772752762 0.11068912595510483 0.7847039699554443
v -0.09955105930566788 0.11234290152788162 0.7962235808372498
v -0.05544113740324974 0.11165229231119156 0.7961958646774292
v -0.013975117355585098 0.11089994013309479 0.7828603386878967
v 0.024631060659885406 0.10912152379751205 0.7707360982894897
v 0.06553453207015991 0.11121314764022827 0.7915160655975342
v 0.11137320846319199 0.11082253605127335 0.7816369533538818
v -0.07161454856395721 0.11271984875202179 0.797632098197937
v -0.030103735625743866 0.11198322474956512 0.789017915725708
v 0.00915149413049221 0.11138831079006195 0.7882866859436035
v 0.0505581796169281 0.11247801035642624 0.795627772808075
v 0.09109334647655487 0.1109122559428215 0.7788891792297363
v -0.08956286311149597 0.11321588605642319 0.7962669134140015
v -0.04709658771753311 0.11215607821941376 0.7954697012901306
v -0.005973906721919775 0.11127860844135284 0.7839240431785583
v 0.03408895432949066 0.10973159968852997 0.7679013609886169
v 0.07406709343194962 0.11153598129749298 0.7820712327957153
v -0.10872416198253632 0.11392506211996078 0.7939750552177429
v -0.06338310241699219 0.11386889964342117 0.7974481582641602
v -0.021136103197932243 0.11218374222517014 0.7793351411819458
v 0.017417006194591522 0.11369242519140244 0.7951965928077698
v 0.05793367326259613 0.11265156418085098 0.7914175987243652
v 0.10067769140005112 0.11208107322454453 0.780186653137207
v -0.07944735884666443 0.1140955314040184 0.7945586442947388
v -0.03791314363479614 0.1136460229754448 0.7921877503395081
v 0.0017305966466665268 0.11221791058778763 0.7853942513465881
v 0.04299601539969444 0.11190158128738403 0.7706530094146729
v 0.08304405212402344 0.1127520501613617 0.7810553312301636
v -0.09834226965904236 0.11499400436878204 0.7951244711875916
v -0.05474179983139038 0.11439327895641327 0.796095609664917
v -0.012987545691430569 0.1133333072066307 0.7791047692298889
v 0.02542179636657238 0.11232855916023254 0.7690237760543823
v 0.0658687949180603 0.11331189423799515 0.783663272857666
v 0.11251714080572128 0.11399340629577637 0.7794982194900513
v -0.07011053711175919 0.11489865183830261 0.792415201663971
v -0.0291195847094059 0.11417128890752792 0.7822160720825195
v 0.009803356602787971 0.11428689956665039 0.7875435948371887
v 0.05094565078616142 0.11436490714550018 0.78725266456604
v 0.09100676327943802 0.11325488984584808 0.7745410203933716
v -0.08819084614515305 0.11585474759340286 0.7940394282341003
v -0.04634271189570427 0.11500471085309982 0.7943511605262756
v -0.004789750557392836 0.11410518735647202 0.7780635356903076
v 0.034742504358291626 0.11322886496782303 0.7666269540786743
v 0.07413101941347122 0.11365913599729538 0.7762070894241333
v -0.10765678435564041 0.11703275144100189 0.7921959757804871
v -0.062173400074243546 0.11676658689975739 0.7953706979751587
v -0.020361866801977158 0.11499951034784317 0.7773462533950806
v 0.017391018569469452 0.11661330610513687 0.7886306047439575
v 0.058122437447309494 0.11477046459913254 0.7845767140388489
v 0.10052735358476639 0.11518847197294235 0.7771120071411133
v -0.07772821187973022 0.11695706844329834 0.7898542284965515
v -0.036081939935684204 0.11631982028484344 0.7845866084098816
v 0.002951790113002062 0.11533379554748535 0.7808696031570435
v 0.04486767575144768 0.11550354957580566 0.7660349607467651
v 0.0829123929142952 0.11563095450401306 0.7743627429008484
v -0.09489409625530243 0.11792515218257904 0.7827919721603394
v -0.05340887978672981 0.11873992532491684 0.7950589656829834
v -0.012039639055728912 0.11689198762178421 0.7745159864425659
v 0.026584194973111153 0.1180562749505043 0.7677988409996033
v 0.06639376282691956 0.11606026440858841 0.7743467688560486
v 0.11531919986009598 0.12112599611282349 0.7734278440475464
