HIERARCHY
ROOT Hips
{
	OFFSET -0.001795 -0.223333 0.028219
	CHANNELS 6 Xposition Yposition Zposition Zrotation Yrotation Xrotation 
	JOINT LeftUpLeg
	{
		OFFSET 0.069520 -0.091406 -0.006815
		CHANNELS 3 Zrotation Yrotation Xrotation
		JOINT LeftLeg
		{
			OFFSET 0.034277 -0.375199 -0.004496
			CHANNELS 3 Zrotation Yrotation Xrotation
			JOINT LeftFoot
			{
				OFFSET -0.013596 -0.397961 -0.043693
				CHANNELS 3 Zrotation Yrotation Xrotation
				JOINT LeftToe
				{
					OFFSET 0.026358 -0.055791 0.119288
					CHANNELS 3 Zrotation Yrotation Xrotation
					End Site
					{
						OFFSET 0.000000 0.000000 0.000000
					}
				}
			}
		}
	}
	JOINT RightUpLeg
	{
		OFFSET -0.067670 -0.090522 -0.004320
		CHANNELS 3 Zrotation Yrotation Xrotation
		JOINT RightLeg
		{
			OFFSET -0.038290 -0.382569 -0.008850
			CHANNELS 3 Zrotation Yrotation Xrotation
			JOINT RightFoot
			{
				OFFSET 0.015774 -0.398415 -0.042312
				CHANNELS 3 Zrotation Yrotation Xrotation
				JOINT RightToe
				{
					OFFSET -0.025372 -0.048144 0.123348
					CHANNELS 3 Zrotation Yrotation Xrotation
					End Site
					{
						OFFSET 0.000000 0.000000 0.000000
					}
				}
			}
		}
	}
	JOINT Spine
	{
		OFFSET -0.002533 0.108963 -0.026696
		CHANNELS 3 Zrotation Yrotation Xrotation
		JOINT Spine1
		{
			OFFSET 0.005487 0.135180 0.001092
			CHANNELS 3 Zrotation Yrotation Xrotation
			JOINT Spine2
			{
				OFFSET 0.001457 0.052922 0.025425
				CHANNELS 3 Zrotation Yrotation Xrotation
				JOINT Neck
				{
					OFFSET -0.002778 0.213870 -0.042857
					CHANNELS 3 Zrotation Yrotation Xrotation
					JOINT Head
					{
						OFFSET 0.005152 0.064970 0.051349
						CHANNELS 3 Zrotation Yrotation Xrotation
						End Site
						{
							OFFSET 0.000000 0.000000 0.000000
						}
					}
				}
				JOINT LeftShoulder
				{
					OFFSET 0.078845 0.121749 -0.034090
					CHANNELS 3 Zrotation Yrotation Xrotation
					JOINT LeftArm
					{
						OFFSET 0.090977 0.030469 -0.008868
						CHANNELS 3 Zrotation Yrotation Xrotation
						JOINT LeftForeArm
						{
							OFFSET 0.259612 -0.012772 -0.027456
							CHANNELS 3 Zrotation Yrotation Xrotation
							JOINT LeftHand
							{
								OFFSET 0.249234 0.008986 -0.001171
								CHANNELS 3 Zrotation Yrotation Xrotation
								End Site
								{
									OFFSET 0.000000 0.000000 0.000000
								}
							}
						}
					}
				}
				JOINT RightShoulder
				{
					OFFSET -0.081759 0.118833 -0.038615
					CHANNELS 3 Zrotation Yrotation Xrotation
					JOINT RightArm
					{
						OFFSET -0.096012 0.032551 -0.009143
						CHANNELS 3 Zrotation Yrotation Xrotation
						JOINT RightForeArm
						{
							OFFSET -0.253742 -0.013329 -0.021401
							CHANNELS 3 Zrotation Yrotation Xrotation
							JOINT RightHand
							{
								OFFSET -0.255298 0.007772 -0.005559
								CHANNELS 3 Zrotation Yrotation Xrotation
								End Site
								{
									OFFSET 0.000000 0.000000 0.000000
								}
							}
						}
					}
				}
			}
		}
	}
}
MOTION
Frames: 196
Frame Time: 0.050000
0.000000 0.716408 0.000000 -1.182951 -14.943682 8.445457 12.790008 5.339990 -51.902170 -7.592497 11.605209 81.647650 8.486196 15.111341 -18.498774 0.000000 0.000000 0.000000 -12.848379 3.664513 -51.612736 22.337986 -12.326470 80.336144 -9.939575 -28.474563 -15.638945 0.000000 0.000000 0.000000 3.974217 -1.077112 35.226164 -1.404786 0.576506 -4.516631 -5.550556 7.439669 4.288429 11.609030 -4.169201 -23.159584 0.000000 0.000000 0.000000 -13.530002 -31.100072 13.854903 -36.799584 -35.138225 5.981858 4.334786 -41.620637 -0.016454 0.000000 0.000000 0.000000 8.476003 21.429350 9.212787 50.539843 23.770043 5.118636 0.571446 44.256308 2.112401 0.000000 0.000000 0.000000 
-0.000386 0.752873 -0.000280 -1.051019 -13.494910 8.740654 10.592946 3.285650 -48.889598 -6.510800 8.726989 73.566245 7.819500 14.210229 -15.256016 0.000000 0.000000 0.000000 -12.741860 3.256994 -51.021228 22.545875 -12.514872 76.823449 -9.920697 -25.873589 -6.233321 0.000000 0.000000 0.000000 4.491833 -1.464527 32.575045 -1.247045 0.525493 -4.262871 -5.546191 8.240897 2.393898 12.676555 -4.574852 -22.795705 0.000000 0.000000 0.000000 -11.476631 -30.785472 12.892724 -37.043383 -36.677721 6.700543 1.597328 -51.386418 1.050122 0.000000 0.000000 0.000000 8.878515 18.238428 7.993017 49.775165 21.165890 4.089623 7.009836 52.572817 5.945207 0.000000 0.000000 0.000000 
-0.001093 0.790392 0.000821 -0.571488 -13.445596 7.563546 10.665020 2.566795 -42.595151 -8.138243 8.909500 63.890208 7.462948 13.014541 -19.580461 0.000000 0.000000 0.000000 -9.951979 3.561688 -44.824325 18.273195 -7.024907 70.228427 -9.098716 -23.586979 -7.048650 0.000000 0.000000 0.000000 3.677013 -1.195214 29.200727 -0.834051 0.345177 -4.338632 -6.247769 9.845537 2.739751 12.508358 -4.829329 -20.666625 0.000000 0.000000 0.000000 -10.994304 -30.853110 12.437996 -35.444271 -35.757720 6.018254 -1.233053 -64.195029 2.655111 0.000000 0.000000 0.000000 11.160646 17.700620 8.328154 49.199382 20.987028 3.769821 11.222284 60.410887 9.994748 0.000000 0.000000 0.000000 
-0.001772 0.827913 0.002231 -0.143807 -14.237938 7.296089 9.329399 1.559859 -36.873968 -7.262656 7.045851 54.312284 6.807881 12.179488 -17.798728 0.000000 0.000000 0.000000 -8.034923 3.783683 -41.069182 14.674835 -3.275776 63.365024 -8.465559 -21.486522 -7.296243 0.000000 0.000000 0.000000 3.555501 -1.080874 25.200437 -0.531676 0.194696 -5.833895 -5.835849 11.418691 4.920873 12.925682 -4.371564 -24.047576 0.000000 0.000000 0.000000 -2.963257 -26.984224 9.451516 -39.101211 -38.831363 7.446790 -10.923633 -80.864943 11.463985 0.000000 0.000000 0.000000 6.393912 15.378794 6.632463 53.410843 22.381984 5.019943 23.151249 72.751713 22.418532 0.000000 0.000000 0.000000 
-0.002510 0.862369 0.003941 0.336575 -13.402591 7.515991 7.321971 0.385337 -31.547625 -5.947707 4.501232 43.601533 6.196302 11.597295 -14.203980 0.000000 0.000000 0.000000 -6.460373 3.275680 -34.810935 9.860489 -0.249562 52.782794 -7.189092 -16.883353 -8.701559 0.000000 0.000000 0.000000 4.281391 -1.199063 19.767943 -1.461913 0.605670 -4.193303 -4.494894 9.787598 5.346000 11.223792 -4.025897 -22.233029 0.000000 0.000000 0.000000 0.903222 -24.405758 8.202337 -36.596125 -38.846764 6.783407 -176.536080 -82.788920 179.720200 0.000000 0.000000 0.000000 3.125350 15.416666 6.010487 56.238230 23.590422 6.119908 53.890458 83.071382 54.477878 0.000000 0.000000 0.000000 
-0.002725 0.890454 0.005698 0.322247 -12.363781 8.974681 5.582779 -0.383115 -26.749409 -3.965171 2.203303 33.226450 5.726330 11.092075 -11.049601 0.000000 0.000000 0.000000 -5.892359 2.791699 -30.520238 7.216278 0.481309 43.067198 -6.894766 -15.871411 -7.633739 0.000000 0.000000 0.000000 4.779186 -1.187414 15.497672 -0.805368 0.324626 -5.547981 -3.405921 11.139921 7.104156 10.249241 -3.556458 -21.347256 0.000000 0.000000 0.000000 3.169613 -21.765586 7.069695 -33.410184 -40.924987 6.239197 179.798349 -66.607998 -175.312590 0.000000 0.000000 0.000000 0.840231 12.756762 4.824163 57.608664 23.248010 6.282783 135.713205 79.841799 136.605557 0.000000 0.000000 0.000000 
-0.002424 0.913744 0.006470 0.243768 -10.396639 8.962689 4.733853 -0.730122 -22.540108 -2.912489 0.988341 24.736135 4.256692 7.968649 -6.558035 0.000000 0.000000 0.000000 -4.706520 2.369201 -26.046655 4.188031 1.063227 35.344343 -5.819902 -13.376492 -4.857402 0.000000 0.000000 0.000000 5.600439 -1.116926 11.511875 -0.195008 0.097509 -5.952847 -2.674109 11.293479 7.695351 10.530597 -3.881920 -20.098592 0.000000 0.000000 0.000000 6.375047 -19.423786 6.168176 -29.041675 -42.735751 5.227268 171.552588 -56.772022 -159.709159 0.000000 0.000000 0.000000 0.302814 11.378655 4.266981 56.087996 24.857646 6.934023 157.428272 77.973660 162.097307 0.000000 0.000000 0.000000 
-0.001245 0.930359 0.006234 0.176181 -8.360696 9.899333 4.283333 -0.896410 -20.683863 -2.362722 0.462979 19.285203 2.995614 5.863455 -2.215956 0.000000 0.000000 0.000000 -3.543039 2.079536 -22.539690 1.348237 1.345741 27.528069 -5.443180 -13.050835 -2.453457 0.000000 0.000000 0.000000 5.481532 -0.892951 8.054782 0.801028 -0.275596 -5.808756 -1.794203 11.250367 7.673218 9.629709 -3.437772 -19.144238 0.000000 0.000000 0.000000 9.848579 -17.893532 5.696811 -21.741133 -45.675483 3.305434 160.089202 -51.595791 -135.751225 0.000000 0.000000 0.000000 -1.257905 11.215490 4.073560 55.394538 26.243640 7.721622 174.728683 76.306192 -175.711986 0.000000 0.000000 0.000000 
0.000339 0.940063 0.005920 0.256081 -6.400345 9.518412 4.012018 -0.967445 -18.911418 -1.821438 0.166347 16.285425 2.402553 5.063813 -0.207033 0.000000 0.000000 0.000000 -2.711644 1.863524 -20.080719 -0.340127 1.415028 23.025456 -4.886075 -12.393693 0.199850 0.000000 0.000000 0.000000 5.640964 -0.791664 6.533616 0.684502 -0.203912 -5.954891 -0.297392 11.250062 7.606331 9.302258 -3.251991 -18.662842 0.000000 0.000000 0.000000 13.182291 -17.401654 5.583660 -11.973410 -47.523490 -0.009717 149.159951 -48.283524 -113.568530 0.000000 0.000000 0.000000 -1.802468 11.043798 3.953655 51.844238 27.310469 7.594235 -172.011156 77.871693 -158.901205 0.000000 0.000000 0.000000 
0.002290 0.944762 0.006260 0.386296 -5.006204 9.573770 3.356094 -1.075141 -18.091664 -0.515519 -0.210439 14.009629 1.897213 4.530158 1.596086 0.000000 0.000000 0.000000 -1.981692 1.671164 -17.694172 -2.198689 1.505114 18.321806 -4.588477 -12.064543 1.767463 0.000000 0.000000 0.000000 5.243197 -0.590762 4.446012 1.442708 -0.499863 -5.615735 0.209245 11.300841 7.228692 8.874976 -2.996264 -18.202863 0.000000 0.000000 0.000000 16.226084 -17.409176 5.637260 -4.301918 -46.661513 -2.787643 143.666434 -46.848648 -103.641679 0.000000 0.000000 0.000000 -1.469383 12.237911 4.443428 49.359698 27.787528 7.295786 -148.216985 82.410942 -133.327289 0.000000 0.000000 0.000000 
0.004397 0.947387 0.007352 0.129072 -4.410173 9.100781 3.021267 -1.066395 -16.722917 0.422307 -0.420766 12.605554 1.667943 4.134718 1.798914 0.000000 0.000000 0.000000 -1.382290 1.496286 -15.495482 -2.899915 1.357352 14.596487 -4.522276 -12.248355 3.268401 0.000000 0.000000 0.000000 5.525978 -0.542064 3.718167 1.051338 -0.347814 -5.189277 1.219777 11.647647 7.118967 8.871731 -3.142316 -17.160926 0.000000 0.000000 0.000000 19.131001 -17.386727 5.668740 0.607827 -45.422021 -4.450899 140.587817 -45.567441 -97.822372 0.000000 0.000000 0.000000 -2.165482 12.495204 4.442400 48.544460 27.147115 6.912309 -87.662887 85.385398 -73.392637 0.000000 0.000000 0.000000 
0.006409 0.949386 0.008602 0.227503 -3.702230 8.842366 2.539901 -1.062413 -15.354301 0.845752 -0.456895 10.139941 1.233584 3.785131 3.404349 0.000000 0.000000 0.000000 -1.250645 1.252102 -13.000733 -3.641386 1.165652 10.488228 -4.365599 -12.249000 4.952067 0.000000 0.000000 0.000000 5.249496 -0.430633 2.675541 1.123106 -0.386512 -4.605375 1.573510 11.561982 6.263578 8.175521 -2.655245 -17.265046 0.000000 0.000000 0.000000 20.659896 -16.822771 5.658314 3.156940 -45.087312 -5.309954 140.799392 -45.997394 -99.048660 0.000000 0.000000 0.000000 -2.038072 12.583005 4.501091 48.878122 26.514449 6.752796 -34.069996 81.877967 -21.160386 0.000000 0.000000 0.000000 
0.008105 0.951033 0.009569 0.210028 -3.409702 8.580528 2.085514 -1.057937 -14.424942 1.543248 -0.550470 8.813441 1.031951 3.599808 4.021450 0.000000 0.000000 0.000000 -1.157911 1.113259 -11.536908 -3.946194 1.011128 7.960137 -4.283210 -12.276323 5.988918 0.000000 0.000000 0.000000 5.171054 -0.363292 1.988032 0.855184 -0.275544 -4.489151 2.189297 11.353506 5.957109 7.914719 -2.596152 -16.816807 0.000000 0.000000 0.000000 21.184384 -16.577901 5.604840 4.881457 -44.205211 -5.686254 140.956398 -45.653853 -98.758636 0.000000 0.000000 0.000000 -2.375767 12.785170 4.518115 49.352479 25.366675 6.343883 -20.149593 78.922333 -8.744459 0.000000 0.000000 0.000000 
0.009404 0.952844 0.010107 0.374315 -2.360480 8.441795 1.785789 -1.068698 -13.908936 2.014018 -0.591848 7.573599 0.357737 2.708586 5.065300 0.000000 0.000000 0.000000 -1.467439 0.971367 -10.230929 -3.788623 0.781405 5.398870 -4.314184 -12.572899 7.488702 0.000000 0.000000 0.000000 4.967300 -0.247222 0.750034 0.956940 -0.319459 -4.102941 2.256721 10.850350 5.392332 6.980509 -1.952010 -17.185486 0.000000 0.000000 0.000000 21.460860 -16.007598 5.559214 5.684199 -44.072299 -5.918522 140.367228 -45.228266 -97.358025 0.000000 0.000000 0.000000 -2.959324 12.260146 4.248252 50.801110 23.463409 5.848112 -7.828294 79.233781 1.332923 0.000000 0.000000 0.000000 
0.010498 0.953111 0.010442 0.407154 -1.941595 8.469610 1.667054 -1.099082 -14.092191 2.266873 -0.624235 7.275790 0.059847 2.320461 5.489548 0.000000 0.000000 0.000000 -1.668421 0.919020 -9.751546 -3.563229 0.694556 4.672316 -4.410107 -12.761777 7.647646 0.000000 0.000000 0.000000 4.594786 -0.221678 0.609216 0.879002 -0.279057 -4.200815 2.586715 10.201569 5.238599 6.571301 -1.869601 -16.528148 0.000000 0.000000 0.000000 20.546129 -14.763822 5.329041 6.068962 -43.302698 -5.782868 141.427136 -44.894321 -98.110464 0.000000 0.000000 0.000000 -2.957614 11.519979 3.983695 50.432455 21.887395 5.022112 5.272005 82.784882 12.810643 0.000000 0.000000 0.000000 
0.011578 0.952758 0.011030 0.622125 -1.505878 8.547497 1.499858 -1.130130 -14.204807 2.155794 -0.592662 6.983912 -0.216918 1.840313 5.532846 0.000000 0.000000 0.000000 -2.133764 0.873894 -9.445498 -3.369408 0.639008 4.276639 -4.658413 -13.229375 7.665780 0.000000 0.000000 0.000000 4.543664 -0.171588 -0.003086 0.450906 -0.077690 -4.783765 2.424261 10.108672 5.656437 6.318575 -1.857949 -15.615847 0.000000 0.000000 0.000000 19.654583 -14.025358 5.224476 5.300819 -42.547041 -5.414139 142.586897 -44.511335 -99.484402 0.000000 0.000000 0.000000 -2.999602 9.557265 3.285418 50.505701 19.114923 3.796905 79.022959 86.058334 84.517507 0.000000 0.000000 0.000000 
0.012518 0.952324 0.012006 0.679640 -1.140564 8.638936 1.572006 -1.126538 -14.174082 2.236038 -0.577681 6.399326 -0.963157 0.703569 6.171397 0.000000 0.000000 0.000000 -2.237427 0.827709 -8.942521 -3.321172 0.571534 3.404201 -4.857294 -13.684922 8.201633 0.000000 0.000000 0.000000 4.478021 -0.128069 -0.536626 0.143160 0.055727 -4.822795 2.286395 9.854644 5.453857 6.068500 -1.799536 -15.060654 0.000000 0.000000 0.000000 18.149592 -12.329031 4.933866 2.801019 -41.427631 -4.416336 145.068800 -45.198843 -104.388218 0.000000 0.000000 0.000000 -2.954750 7.614689 2.612993 49.990462 17.026433 2.846842 133.246993 80.529832 136.445882 0.000000 0.000000 0.000000 
0.013400 0.951929 0.013314 0.834559 -1.035353 8.565814 1.868837 -1.085922 -13.968067 1.752941 -0.501791 6.466369 -1.258374 0.149898 6.164952 0.000000 0.000000 0.000000 -2.611271 0.777126 -8.459871 -3.140890 0.498951 2.684811 -4.948559 -13.897092 8.503743 0.000000 0.000000 0.000000 4.466581 -0.084022 -1.066030 -0.013950 0.127540 -5.041550 1.814916 10.731125 5.558562 7.011357 -2.474395 -14.074081 0.000000 0.000000 0.000000 16.615778 -11.586121 4.881331 -0.599091 -39.915399 -3.332160 149.063384 -47.051291 -114.349629 0.000000 0.000000 0.000000 -2.886137 5.442924 1.851118 49.728075 15.624543 2.311755 143.431470 73.730404 144.827728 0.000000 0.000000 0.000000 
0.014257 0.951743 0.014617 0.942995 -0.967324 8.285346 1.927844 -1.044328 -13.461314 1.733501 -0.489261 6.258548 -1.584991 -0.381095 6.352697 0.000000 0.000000 0.000000 -2.745933 0.727300 -7.892048 -2.908564 0.456781 2.477203 -4.874119 -13.802636 8.931304 0.000000 0.000000 0.000000 4.831124 -0.037515 -1.681168 -0.869070 0.480883 -4.901860 1.348108 11.359655 5.395506 7.604788 -2.813523 -13.925633 0.000000 0.000000 0.000000 14.987965 -11.306341 4.824613 -4.845800 -37.927991 -2.042151 157.194560 -49.822025 -132.756535 0.000000 0.000000 0.000000 -2.469665 4.006902 1.368244 50.211437 15.308099 2.312877 144.964893 68.038632 143.583337 0.000000 0.000000 0.000000 
0.015577 0.952088 0.015264 1.150343 -0.537936 8.096967 1.700771 -1.053950 -13.251071 1.796472 -0.510642 6.443281 -2.280586 -1.715038 6.235842 0.000000 0.000000 0.000000 -2.947995 0.693300 -7.554450 -2.882445 0.414435 1.855312 -5.263886 -14.630124 9.759598 0.000000 0.000000 0.000000 5.110752 -0.012515 -2.016517 -1.285960 0.665221 -5.354839 0.656134 12.357759 5.520251 8.243225 -3.194661 -13.498887 0.000000 0.000000 0.000000 13.278398 -11.390395 4.854680 -9.022447 -36.106887 -1.019563 166.781550 -52.709576 -154.606935 0.000000 0.000000 0.000000 -2.223460 3.571300 1.218646 50.745462 15.670304 2.655807 144.001465 65.367840 141.290455 0.000000 0.000000 0.000000 
0.017380 0.952222 0.014902 1.260222 0.057665 7.986445 1.692078 -1.052101 -13.125263 1.487959 -0.464149 6.471424 -2.489130 -2.209242 5.935831 0.000000 0.000000 0.000000 -3.069903 0.687645 -7.575843 -2.881994 0.412488 1.789870 -5.290935 -14.697881 10.346826 0.000000 0.000000 0.000000 5.244667 -0.007627 -2.096417 -1.855088 0.910479 -5.735332 0.103753 13.243823 5.493725 8.976459 -3.448648 -13.952000 0.000000 0.000000 0.000000 11.916155 -11.425942 4.869402 -13.015967 -35.231148 -0.181193 179.148585 -55.273447 179.116179 0.000000 0.000000 0.000000 -2.337044 3.582638 1.203576 51.141443 17.490975 3.685484 141.791170 64.094003 138.032943 0.000000 0.000000 0.000000 
0.019706 0.952437 0.013418 1.267463 0.315659 7.724257 1.584484 -1.047106 -12.913806 1.556320 -0.473165 6.396048 -2.982104 -3.007233 6.184685 0.000000 0.000000 0.000000 -3.172761 0.647786 -7.107400 -2.824604 0.376524 1.316076 -5.554302 -15.235651 10.997467 0.000000 0.000000 0.000000 5.829505 -0.035203 -1.860929 -2.523278 1.187746 -6.047602 -0.565014 14.451247 5.466567 9.145957 -3.469673 -13.756379 0.000000 0.000000 0.000000 10.237115 -11.731991 4.865621 -15.814549 -33.506573 0.326256 -171.998592 -55.831111 160.872962 0.000000 0.000000 0.000000 -1.813587 4.789365 1.707477 50.719017 19.730377 4.738444 138.679605 65.135371 135.249431 0.000000 0.000000 0.000000 
0.022047 0.952307 0.011316 1.423177 1.522888 7.662602 1.355760 -1.083925 -12.981406 1.317507 -0.429381 6.174726 -3.207438 -3.159083 6.533282 0.000000 0.000000 0.000000 -3.395683 0.628915 -7.031049 -2.907662 0.387204 1.255119 -5.679390 -15.390965 11.453117 0.000000 0.000000 0.000000 5.754956 -0.053081 -1.678126 -3.109579 1.441710 -6.100774 -0.832240 15.518765 5.259302 9.765256 -3.577397 -14.281023 0.000000 0.000000 0.000000 8.754556 -12.170341 4.896164 -17.429643 -32.730035 0.585434 -167.699377 -54.790246 150.795210 0.000000 0.000000 0.000000 -1.328366 6.149187 2.318163 50.558917 21.885365 5.840259 133.058246 68.132531 130.972993 0.000000 0.000000 0.000000 
0.024219 0.952407 0.009162 1.287228 1.926581 7.468189 1.221915 -1.099066 -12.995812 1.856963 -0.531027 6.437276 -3.581389 -3.766186 6.661688 0.000000 0.000000 0.000000 -3.452651 0.605162 -6.767157 -2.573667 0.311961 0.632008 -5.531867 -15.080803 11.545370 0.000000 0.000000 0.000000 6.039643 -0.068616 -1.543493 -3.574015 1.636737 -5.868365 -1.102625 16.923138 4.707445 10.179223 -3.901274 -13.487962 0.000000 0.000000 0.000000 7.605515 -11.943039 4.765885 -18.047701 -32.736506 0.698357 -167.165520 -53.440316 147.850194 0.000000 0.000000 0.000000 -0.466319 7.183808 2.921366 49.278813 24.191791 6.709637 124.236270 70.063819 121.977632 0.000000 0.000000 0.000000 
0.026006 0.952167 0.007789 1.295955 2.633051 7.364648 0.991060 -1.130208 -13.062658 2.278763 -0.603746 6.473819 -3.982195 -4.386577 6.805743 0.000000 0.000000 0.000000 -3.614802 0.587276 -6.649496 -2.483403 0.308193 0.686316 -5.807109 -15.542692 11.850969 0.000000 0.000000 0.000000 6.133315 -0.057873 -1.686691 -4.187540 1.895858 -5.777054 -1.353420 17.653510 4.419022 10.887316 -4.347785 -13.233957 0.000000 0.000000 0.000000 7.216111 -11.610537 4.678812 -18.642209 -32.561029 0.778990 -168.167497 -52.327181 148.320655 0.000000 0.000000 0.000000 -0.405849 7.962217 3.289485 49.423005 25.859629 7.661561 117.487029 71.720569 115.640070 0.000000 0.000000 0.000000 
0.027536 0.952221 0.007441 1.336467 3.131824 7.147379 0.867718 -1.137820 -12.986192 2.520455 -0.658052 6.693382 -4.227617 -5.003886 6.470341 0.000000 0.000000 0.000000 -3.637712 0.546285 -6.128277 -2.573414 0.300936 0.363222 -5.897201 -15.665440 12.008984 0.000000 0.000000 0.000000 6.031074 -0.036127 -1.863497 -4.451643 2.011041 -5.725327 -1.653267 18.205175 4.000080 10.759965 -4.506746 -12.137391 0.000000 0.000000 0.000000 6.753722 -11.335337 4.568682 -19.016390 -32.350498 0.844705 -168.545847 -51.497434 147.976640 0.000000 0.000000 0.000000 0.256207 8.192310 3.560920 49.147044 26.232618 7.798520 113.488954 70.785018 110.241200 0.000000 0.000000 0.000000 
0.028772 0.952343 0.007853 1.247208 3.479727 6.878098 0.808961 -1.139225 -12.919544 2.823343 -0.729033 7.001039 -4.221104 -4.946982 6.494487 0.000000 0.000000 0.000000 -3.565191 0.529329 -5.926269 -2.760283 0.335958 0.563174 -5.875286 -15.589494 12.008929 0.000000 0.000000 0.000000 6.106522 -0.010409 -2.115790 -4.585766 2.071741 -5.696849 -1.720900 18.366486 3.915456 10.894517 -4.599392 -12.046975 0.000000 0.000000 0.000000 6.941750 -10.717259 4.481583 -19.811663 -32.037718 0.946379 -167.670985 -50.727551 145.224421 0.000000 0.000000 0.000000 0.363451 7.797268 3.432407 49.778433 26.509286 8.125626 111.724764 69.741463 107.328463 0.000000 0.000000 0.000000 
0.029802 0.952156 0.008585 1.187217 3.685225 6.456976 0.984772 -1.085236 -12.456453 2.673327 -0.692652 6.805203 -4.151577 -4.737361 6.590417 0.000000 0.000000 0.000000 -3.674393 0.468379 -5.118136 -2.929984 0.317502 -0.051348 -5.692681 -15.276589 12.737314 0.000000 0.000000 0.000000 6.247471 0.014056 -2.319933 -4.606508 2.087349 -5.555441 -1.846040 18.286931 3.573699 10.596121 -4.488679 -11.715134 0.000000 0.000000 0.000000 6.518783 -10.420687 4.332915 -20.916807 -31.401215 1.144594 -164.477541 -50.101488 137.937729 0.000000 0.000000 0.000000 0.624485 7.486624 3.356223 49.887642 25.884194 7.851723 112.863163 67.916250 106.817499 0.000000 0.000000 0.000000 
0.030467 0.952195 0.009179 1.190421 3.889148 6.254606 0.939455 -1.055451 -12.073015 2.790219 -0.696558 6.563722 -4.163581 -4.675250 6.701798 0.000000 0.000000 0.000000 -3.691926 0.450347 -4.898669 -3.175939 0.344581 -0.062750 -5.205543 -14.366742 12.796965 0.000000 0.000000 0.000000 6.082758 0.042216 -2.570930 -4.196293 1.922146 -5.734531 -2.004905 18.111131 3.369087 10.815168 -4.708214 -11.510995 0.000000 0.000000 0.000000 6.038041 -10.352708 4.217197 -22.101942 -30.378552 1.305924 -160.261034 -48.821336 127.979424 0.000000 0.000000 0.000000 0.453875 6.428660 2.870773 50.516678 25.265485 7.784386 114.319370 65.803726 106.462110 0.000000 0.000000 0.000000 
0.030720 0.952123 0.009493 0.998448 4.191643 5.954305 1.199414 -1.025672 -11.929242 2.725757 -0.698149 6.728966 -4.237527 -4.868384 6.569906 0.000000 0.000000 0.000000 -3.564871 0.424744 -4.556054 -3.072743 0.322907 -0.253153 -4.989401 -13.945727 12.901022 0.000000 0.000000 0.000000 6.172302 0.058187 -2.708070 -4.006723 1.851952 -5.461204 -2.021542 17.381240 3.034316 10.752111 -4.725313 -11.453037 0.000000 0.000000 0.000000 5.189747 -10.031792 3.947821 -23.003892 -29.696554 1.481877 -156.693555 -47.212097 119.491341 0.000000 0.000000 0.000000 0.233705 6.083022 2.656943 50.670477 24.538056 7.491469 115.893781 64.556471 106.746843 0.000000 0.000000 0.000000 
0.030359 0.952056 0.009541 1.046114 4.498462 5.808401 1.259691 -0.991641 -11.566947 2.681965 -0.670626 6.405438 -4.176565 -4.726387 6.565750 0.000000 0.000000 0.000000 -3.622534 0.410562 -4.407810 -3.033149 0.303060 -0.520106 -4.908377 -13.775846 13.076767 0.000000 0.000000 0.000000 5.966050 0.082026 -2.932322 -3.636855 1.705140 -5.315478 -2.301397 16.985787 2.803653 10.866175 -4.860265 -11.309338 0.000000 0.000000 0.000000 4.961814 -10.292427 3.962918 -23.856582 -29.229744 1.594865 -154.793560 -46.164620 114.414913 0.000000 0.000000 0.000000 -0.203105 5.342489 2.261815 51.130491 23.405384 7.155469 117.414454 63.834030 107.815270 0.000000 0.000000 0.000000 
0.029583 0.951597 0.009414 0.996421 4.885629 5.743743 1.500421 -0.992441 -11.731958 2.637706 -0.681880 6.668000 -4.106006 -4.683863 6.358912 0.000000 0.000000 0.000000 -3.573435 0.411086 -4.446398 -2.924145 0.293697 -0.517656 -4.834493 -13.585115 12.967135 0.000000 0.000000 0.000000 5.875412 0.088769 -3.011486 -3.530290 1.665757 -5.110961 -2.543100 16.461302 2.693721 11.044398 -5.126045 -10.921969 0.000000 0.000000 0.000000 4.942538 -10.268023 3.949143 -24.549248 -29.160903 1.702401 -153.850199 -45.963769 112.403453 0.000000 0.000000 0.000000 -0.416601 4.825385 2.004965 51.641355 22.257936 6.763395 118.528914 64.157896 109.416865 0.000000 0.000000 0.000000 
0.028586 0.950869 0.009151 1.074652 5.000104 5.582814 1.588938 -0.987517 -11.737919 2.578407 -0.681079 6.790448 -4.083056 -4.706807 6.232505 0.000000 0.000000 0.000000 -3.719724 0.410281 -4.500833 -2.821059 0.299622 -0.261581 -4.896132 -13.674822 12.834405 0.000000 0.000000 0.000000 5.756784 0.078829 -2.857465 -3.629206 1.708771 -5.123532 -2.790122 16.446575 2.678066 11.005053 -5.181124 -10.636917 0.000000 0.000000 0.000000 4.823958 -10.349261 3.946994 -24.952272 -29.440189 1.789594 -153.522685 -46.146865 111.902469 0.000000 0.000000 0.000000 -0.528828 4.233737 1.747401 52.170824 20.889441 6.269026 118.912174 63.959799 109.804834 0.000000 0.000000 0.000000 
0.027787 0.950092 0.008700 0.984909 5.206818 5.406815 1.791574 -0.961092 -11.574490 2.459323 -0.668870 6.885768 -3.847445 -4.505692 5.782918 0.000000 0.000000 0.000000 -3.685908 0.403606 -4.438278 -2.742920 0.291209 -0.279139 -5.057930 -13.949300 12.817332 0.000000 0.000000 0.000000 5.692982 0.063103 -2.640354 -3.548653 1.679345 -5.570650 -2.916170 16.344032 3.197833 11.069522 -5.156089 -10.863912 0.000000 0.000000 0.000000 4.930023 -9.982423 3.877084 -25.773415 -29.401225 1.845166 -153.236012 -46.143381 111.229681 0.000000 0.000000 0.000000 -0.391087 3.572839 1.498678 52.456023 19.837475 5.787474 119.560764 64.049821 110.882060 0.000000 0.000000 0.000000 
0.027392 0.949509 0.008194 0.981017 5.409799 5.355732 1.892890 -0.961325 -11.639950 2.488812 -0.674864 6.892286 -3.985812 -4.575870 6.085614 0.000000 0.000000 0.000000 -3.765930 0.408965 -4.567657 -2.764210 0.307344 -0.072028 -5.118291 -14.045139 12.939478 0.000000 0.000000 0.000000 5.733645 0.057436 -2.579660 -3.708123 1.746885 -5.769772 -3.065480 16.205863 3.440865 11.023320 -5.198364 -10.640033 0.000000 0.000000 0.000000 4.446437 -9.628576 3.683749 -26.286766 -29.182306 1.894757 -152.291452 -46.313423 109.702349 0.000000 0.000000 0.000000 -0.437501 2.954229 1.238263 52.517003 19.136039 5.472740 120.313093 64.008698 111.856235 0.000000 0.000000 0.000000 
0.027415 0.949458 0.007739 1.058366 5.554903 5.425193 1.722703 -0.997635 -11.915684 2.568976 -0.700328 7.068816 -3.896314 -4.518209 5.878286 0.000000 0.000000 0.000000 -3.887651 0.414653 -4.696110 -2.748233 0.311787 0.019922 -5.416132 -14.581055 13.033155 0.000000 0.000000 0.000000 5.688568 0.058092 -2.605112 -3.755839 1.767495 -5.781937 -3.123870 16.506286 3.714431 11.213061 -5.395131 -10.373344 0.000000 0.000000 0.000000 3.994023 -9.669049 3.598764 -26.438418 -28.773141 1.859107 -151.413504 -46.812263 108.424376 0.000000 0.000000 0.000000 -0.275495 2.509664 1.089996 52.396464 18.333148 5.070681 122.049237 63.961582 114.369111 0.000000 0.000000 0.000000 
0.027824 0.949456 0.007467 0.973664 5.991568 5.458554 1.749982 -1.011691 -12.057635 2.475927 -0.687985 7.087413 -3.948384 -4.521710 5.983109 0.000000 0.000000 0.000000 -3.912730 0.403621 -4.580778 -2.840986 0.317759 -0.081415 -5.462612 -14.621800 13.215990 0.000000 0.000000 0.000000 5.744993 0.052062 -2.566590 -3.603668 1.711559 -6.169674 -3.422837 16.867926 4.149049 11.761698 -5.619567 -10.768634 0.000000 0.000000 0.000000 4.443965 -9.595173 3.687542 -27.122066 -28.611571 1.827839 -149.631183 -47.555997 105.327251 0.000000 0.000000 0.000000 0.129511 1.871624 0.905543 52.698116 17.622566 4.792138 122.635046 64.036482 115.730201 0.000000 0.000000 0.000000 
0.028358 0.949297 0.007428 1.030982 6.191107 5.498104 1.687662 -1.024418 -12.132490 2.252571 -0.651077 7.066679 -4.122239 -4.682465 6.244250 0.000000 0.000000 0.000000 -3.938405 0.421237 -4.889904 -2.993754 0.358304 0.275150 -5.581546 -14.835129 13.697468 0.000000 0.000000 0.000000 5.872915 0.059669 -2.686055 -3.820720 1.801060 -5.924970 -3.568287 17.163588 4.331632 12.250715 -5.888775 -10.936369 0.000000 0.000000 0.000000 4.696468 -9.476631 3.721434 -27.248160 -28.438752 1.766776 -148.555889 -48.158456 103.743243 0.000000 0.000000 0.000000 0.461348 1.416141 0.779271 52.985141 16.993213 4.558463 123.991253 64.134203 117.886156 0.000000 0.000000 0.000000 
0.028948 0.949275 0.007425 1.138758 6.381961 5.587073 1.764500 -1.037242 -12.317933 1.846577 -0.606296 7.386640 -4.204680 -4.967830 6.025932 0.000000 0.000000 0.000000 -4.147702 0.414908 -4.874134 -2.940700 0.351231 0.247942 -5.631822 -14.913377 13.961820 0.000000 0.000000 0.000000 5.651834 0.047504 -2.544449 -3.736971 1.769292 -6.097692 -3.457251 17.595712 4.541899 12.324479 -5.922372 -10.887487 0.000000 0.000000 0.000000 4.693771 -9.567201 3.750671 -26.599917 -27.811525 1.592181 -147.217092 -48.314054 101.094530 0.000000 0.000000 0.000000 1.035530 1.414482 0.888760 53.169084 16.655190 4.386721 123.747970 64.741040 118.493634 0.000000 0.000000 0.000000 
0.029442 0.949248 0.007432 1.137257 6.826758 5.698739 2.019952 -1.033871 -12.429683 1.580702 -0.570330 7.472592 -4.669774 -5.562336 6.457848 0.000000 0.000000 0.000000 -4.009622 0.414781 -4.870478 -3.305503 0.400296 0.326276 -5.873157 -15.306390 14.471301 0.000000 0.000000 0.000000 5.642383 0.047230 -2.584032 -3.740622 1.776069 -6.138385 -3.499266 17.869956 4.719296 12.690035 -6.086172 -11.081239 0.000000 0.000000 0.000000 5.201422 -9.495954 3.862439 -25.960848 -27.996136 1.473016 -146.748369 -48.515396 100.015538 0.000000 0.000000 0.000000 1.752999 1.735799 1.173185 53.586504 16.869111 4.489136 122.952963 65.793375 118.785686 0.000000 0.000000 0.000000 
0.029853 0.949254 0.007798 1.167241 6.862875 5.791209 2.068624 -1.046909 -12.610653 1.397310 -0.554748 7.707913 -4.718753 -5.821612 6.204093 0.000000 0.000000 0.000000 -4.109761 0.416299 -4.925474 -3.313210 0.404241 0.371676 -5.987130 -15.512343 14.809039 0.000000 0.000000 0.000000 5.571909 0.044080 -2.556716 -3.887398 1.834826 -6.277577 -3.064261 18.506978 5.107901 13.018822 -6.213894 -11.288350 0.000000 0.000000 0.000000 5.703308 -9.768125 4.058389 -25.007335 -27.799585 1.274461 -147.652495 -48.668339 101.196289 0.000000 0.000000 0.000000 2.285089 2.018704 1.422298 53.988366 17.264274 4.698437 120.478978 67.042728 117.156748 0.000000 0.000000 0.000000 
0.030219 0.949352 0.008810 1.190624 6.948733 5.698174 2.213510 -1.050393 -12.762866 1.156439 -0.543973 8.189170 -4.981011 -6.365703 6.148822 0.000000 0.000000 0.000000 -3.830056 0.412833 -4.796296 -3.764532 0.454256 0.330322 -6.207907 -15.897821 15.026513 0.000000 0.000000 0.000000 5.428176 0.048808 -2.570691 -3.797762 1.801025 -6.117389 -2.959730 19.140507 5.039932 13.085941 -6.374463 -10.841266 0.000000 0.000000 0.000000 6.380400 -9.706722 4.228464 -24.220392 -28.341518 1.167987 -148.127260 -49.224597 102.072525 0.000000 0.000000 0.000000 2.927314 2.575927 1.832860 53.964883 17.446437 4.734009 116.859839 68.585001 114.372360 0.000000 0.000000 0.000000 
0.030617 0.949816 0.010605 1.134318 6.746922 5.622119 2.202334 -1.025649 -12.490999 1.209730 -0.547548 8.120417 -5.025487 -6.515483 6.072531 0.000000 0.000000 0.000000 -3.616656 0.395035 -4.440858 -4.083652 0.466519 0.010553 -6.156250 -15.837955 15.279865 0.000000 0.000000 0.000000 5.570453 0.062267 -2.724005 -3.991652 1.876999 -5.853128 -2.617507 19.874321 4.998641 13.247920 -6.541102 -10.601527 0.000000 0.000000 0.000000 6.869275 -9.602761 4.347989 -24.221131 -28.510304 1.136610 -149.041392 -48.633015 102.208752 0.000000 0.000000 0.000000 3.313698 3.043756 2.159830 54.348830 17.591782 4.865092 112.443528 69.736682 110.348593 0.000000 0.000000 0.000000 
0.030940 0.949885 0.012711 1.201099 6.789868 5.450981 2.108404 -1.025179 -12.410296 1.147034 -0.553820 8.398895 -5.121041 -6.838592 5.864297 0.000000 0.000000 0.000000 -3.206495 0.360708 -3.867799 -4.694825 0.523086 -0.143092 -6.228457 -15.967558 15.498105 0.000000 0.000000 0.000000 5.495027 0.077887 -2.865782 -3.984567 1.876027 -5.492584 -2.536314 20.236545 4.573269 13.457058 -6.801860 -10.256026 0.000000 0.000000 0.000000 6.710862 -9.155330 4.226089 -24.275480 -28.833484 1.196333 -149.234362 -48.247187 101.737435 0.000000 0.000000 0.000000 3.861011 3.316290 2.425623 54.302874 17.814161 4.943699 106.366138 70.711686 104.192312 0.000000 0.000000 0.000000 
0.030931 0.949812 0.014380 1.355904 6.523987 5.506496 1.777077 -1.038684 -12.322324 1.430303 -0.598478 8.363505 -5.169236 -7.006033 5.781427 0.000000 0.000000 0.000000 -3.074943 0.349934 -3.671137 -5.093030 0.544425 -0.389399 -6.270635 -16.081536 15.812698 0.000000 0.000000 0.000000 5.507070 0.100585 -3.137350 -4.098452 1.919868 -5.144829 -2.545079 20.832409 4.022590 13.531971 -6.849168 -10.179661 0.000000 0.000000 0.000000 6.692880 -8.737349 4.151578 -25.002462 -29.515448 1.359228 -149.664350 -48.318800 102.184475 0.000000 0.000000 0.000000 4.105688 3.638870 2.670183 54.657699 17.942668 5.093513 100.051742 71.444259 97.972389 0.000000 0.000000 0.000000 
0.030401 0.949674 0.015276 1.407480 6.424858 5.521115 1.665720 -1.063296 -12.518529 1.466733 -0.632909 8.830283 -5.094287 -7.162403 5.346445 0.000000 0.000000 0.000000 -2.919053 0.329665 -3.365681 -5.379607 0.557678 -0.582891 -6.102871 -15.805944 15.815063 0.000000 0.000000 0.000000 5.574986 0.111403 -3.268653 -4.165392 1.946190 -5.271978 -2.391769 20.991507 4.071500 13.430897 -6.772765 -10.164697 0.000000 0.000000 0.000000 6.257995 -8.570709 3.997555 -25.123395 -29.400946 1.393380 -150.675815 -47.996075 103.680927 0.000000 0.000000 0.000000 4.509978 4.179783 3.025045 54.552552 18.146596 5.089719 94.913687 71.678332 92.531028 0.000000 0.000000 0.000000 
0.029361 0.949604 0.015508 1.491322 6.121106 5.623762 1.575787 -1.104033 -12.925221 1.561280 -0.682049 9.387564 -5.001194 -7.137291 5.146090 0.000000 0.000000 0.000000 -2.886210 0.337209 -3.433956 -5.442329 0.551474 -0.700781 -6.109007 -15.860965 15.984164 0.000000 0.000000 0.000000 5.607068 0.108988 -3.248093 -4.276961 1.988220 -5.206249 -2.555029 21.352349 3.597578 13.524546 -6.913559 -9.940377 0.000000 0.000000 0.000000 5.954224 -8.403037 3.885496 -25.189462 -29.610562 1.464041 -151.513342 -48.265646 105.530578 0.000000 0.000000 0.000000 4.572583 4.434755 3.182886 54.854045 18.416611 5.319174 91.177982 71.985601 88.891346 0.000000 0.000000 0.000000 
0.028052 0.949571 0.015580 1.646754 5.944076 5.726520 1.440015 -1.147860 -13.307342 1.491577 -0.713219 10.116672 -4.772765 -6.961543 4.752713 0.000000 0.000000 0.000000 -2.933936 0.337226 -3.416049 -5.403332 0.533024 -0.849138 -6.093925 -15.867740 16.300184 0.000000 0.000000 0.000000 5.592481 0.109349 -3.265164 -4.311387 2.000558 -5.053592 -2.723502 21.295786 3.361403 13.223495 -6.773303 -9.729139 0.000000 0.000000 0.000000 5.713543 -8.074101 3.738832 -25.168734 -29.351765 1.467547 -152.428792 -48.445776 107.712083 0.000000 0.000000 0.000000 4.531484 4.492732 3.189852 55.112520 18.507683 5.446051 90.039207 71.653499 87.234367 0.000000 0.000000 0.000000 
0.026747 0.949583 0.015832 1.721938 5.427065 5.768850 1.518848 -1.162022 -13.592182 1.431532 -0.740628 10.843883 -4.640523 -6.801976 4.643853 0.000000 0.000000 0.000000 -2.902537 0.343197 -3.453352 -5.425363 0.538330 -0.763465 -5.884240 -15.580199 16.296403 0.000000 0.000000 0.000000 5.640325 0.095796 -3.089102 -4.338618 2.006705 -4.953945 -3.001667 21.293857 3.103358 13.154427 -6.901864 -9.299706 0.000000 0.000000 0.000000 5.644155 -7.491528 3.577801 -24.784242 -28.567795 1.375247 -153.359642 -48.673526 109.995723 0.000000 0.000000 0.000000 4.303128 4.304279 3.023924 55.820277 18.059394 5.443302 93.196088 71.147842 89.889048 0.000000 0.000000 0.000000 
0.025626 0.949531 0.016283 1.962708 5.232126 6.011232 1.354750 -1.196687 -13.840261 1.421610 -0.764552 11.311117 -4.335050 -6.554917 4.107837 0.000000 0.000000 0.000000 -3.124728 0.348622 -3.502366 -5.312625 0.515210 -0.873877 -5.809438 -15.476660 16.261772 0.000000 0.000000 0.000000 5.526733 0.111877 -3.322796 -4.396304 2.029056 -4.605868 -3.085428 20.907154 2.669603 12.928774 -6.857199 -9.041526 0.000000 0.000000 0.000000 5.574104 -7.081276 3.450996 -24.621433 -27.971618 1.344801 -153.951641 -49.254910 112.283854 0.000000 0.000000 0.000000 3.726460 3.720155 2.584179 56.729324 17.523303 5.482409 97.847693 69.778472 93.309363 0.000000 0.000000 0.000000 
0.024691 0.949438 0.016665 2.053781 4.835500 6.051200 1.302578 -1.214124 -14.030288 1.269463 -0.760348 11.852642 -4.113491 -6.158076 4.061675 0.000000 0.000000 0.000000 -3.331175 0.359353 -3.633908 -5.216001 0.507318 -0.816727 -5.771625 -15.462808 16.169056 0.000000 0.000000 0.000000 5.530891 0.123358 -3.449499 -4.343328 2.002115 -4.781889 -3.141833 20.651565 2.777882 12.488804 -6.639957 -8.807952 0.000000 0.000000 0.000000 6.129552 -6.402297 3.433508 -24.700939 -28.093239 1.317152 -155.022560 -50.114531 115.622888 0.000000 0.000000 0.000000 2.985616 3.409592 2.247863 57.655707 17.064435 5.539530 103.299939 68.522224 97.906877 0.000000 0.000000 0.000000 
0.023974 0.949539 0.016761 2.173843 4.712041 6.276873 1.405541 -1.239752 -14.425751 0.892219 -0.710159 12.384063 -3.862853 -5.862461 3.746841 0.000000 0.000000 0.000000 -3.470746 0.368447 -3.733209 -5.232539 0.497884 -0.928665 -5.750196 -15.442258 16.186117 0.000000 0.000000 0.000000 5.603145 0.139807 -3.697279 -4.454890 2.046142 -4.696045 -3.362174 20.368898 2.413297 12.414195 -6.724848 -8.476786 0.000000 0.000000 0.000000 6.736221 -6.150938 3.538700 -24.693827 -28.957025 1.378102 -155.890315 -51.220225 118.657095 0.000000 0.000000 0.000000 2.084754 2.535986 1.653846 58.433310 15.986384 5.338637 108.918774 66.775137 102.435985 0.000000 0.000000 0.000000 
0.023466 0.949821 0.016683 2.293898 4.442494 6.442337 1.380683 -1.258578 -14.646626 0.653822 -0.671118 12.694752 -3.711175 -5.605536 3.690012 0.000000 0.000000 0.000000 -3.712563 0.376842 -3.825317 -5.021244 0.459504 -1.107281 -5.779662 -15.533615 16.304810 0.000000 0.000000 0.000000 5.581550 0.145266 -3.786500 -4.254594 1.955548 -5.218878 -3.522386 20.197984 2.485595 12.049915 -6.472717 -8.450981 0.000000 0.000000 0.000000 7.438175 -5.748466 3.630469 -25.017217 -30.503496 1.501820 -157.593081 -52.583916 123.456494 0.000000 0.000000 0.000000 1.110621 2.022399 1.230451 59.149615 15.360807 5.310623 110.813359 65.503075 103.292977 0.000000 0.000000 0.000000 
0.023116 0.950089 0.016407 2.426957 4.437630 6.717851 1.465120 -1.307948 -15.278529 0.310934 -0.632612 13.383410 -3.498740 -5.327235 3.452003 0.000000 0.000000 0.000000 -3.737405 0.400234 -4.135627 -5.281162 0.493891 -0.992602 -5.944852 -15.813712 16.326795 0.000000 0.000000 0.000000 5.693377 0.164031 -4.079241 -4.494549 2.054244 -4.950886 -3.902379 19.984967 1.846170 11.955013 -6.592088 -7.951128 0.000000 0.000000 0.000000 8.100392 -5.803606 3.825172 -25.115666 -32.386111 1.665724 -159.679791 -54.296742 129.056368 0.000000 0.000000 0.000000 0.170180 1.384959 0.788158 59.725487 14.100022 4.973326 113.005071 64.370883 104.643073 0.000000 0.000000 0.000000 
0.022854 0.950432 0.015939 2.494500 4.471012 6.886015 1.534115 -1.312661 -15.397643 0.175367 -0.599140 13.300272 -3.456084 -5.168657 3.565904 0.000000 0.000000 0.000000 -3.787421 0.405972 -4.203637 -5.336566 0.508038 -0.888633 -6.004606 -15.914541 16.453267 0.000000 0.000000 0.000000 5.695233 0.174863 -4.249687 -4.327491 1.981638 -5.302220 -4.236037 19.957016 1.670546 12.039590 -6.620429 -8.035196 0.000000 0.000000 0.000000 8.295113 -5.975194 3.921833 -25.368182 -34.404098 1.857423 -161.941031 -55.875285 134.606861 0.000000 0.000000 0.000000 -0.353264 0.904837 0.499557 59.509751 12.365478 4.140027 113.492742 62.812234 103.620805 0.000000 0.000000 0.000000 
0.022565 0.950633 0.015215 2.713956 4.726399 7.247801 1.513159 -1.380371 -16.067465 -0.135356 -0.558675 13.748523 -3.199017 -4.891785 3.155260 0.000000 0.000000 0.000000 -3.841509 0.432371 -4.583608 -5.450952 0.545478 -0.598175 -6.148926 -16.098962 15.780701 0.000000 0.000000 0.000000 5.620113 0.186329 -4.498273 -4.425087 2.021124 -5.293901 -4.709500 19.928541 1.051885 12.269966 -6.861096 -7.828638 0.000000 0.000000 0.000000 8.708648 -6.032721 4.071640 -26.043831 -36.746665 2.151327 -163.396082 -57.147286 138.095542 0.000000 0.000000 0.000000 -1.318889 -0.192373 -0.099727 59.480147 10.292092 3.318183 113.066834 61.504366 101.856232 0.000000 0.000000 0.000000 
0.022187 0.950755 0.013998 2.844481 5.043055 7.483925 1.504030 -1.435557 -16.592697 -0.273461 -0.543844 13.913651 -3.268641 -4.878513 3.389722 0.000000 0.000000 0.000000 -3.879671 0.430781 -4.563389 -5.560558 0.540673 -0.802101 -6.310483 -16.336658 15.906624 0.000000 0.000000 0.000000 5.554832 0.188235 -4.599878 -4.434772 2.024987 -5.489959 -5.141701 19.895513 0.613364 12.486717 -7.040451 -7.754395 0.000000 0.000000 0.000000 8.834256 -5.683443 4.057747 -27.079728 -38.773579 2.503072 -164.024942 -58.841943 140.326514 0.000000 0.000000 0.000000 -2.106838 -1.381587 -0.692142 59.085557 7.674165 2.156850 112.878562 59.765088 99.906132 0.000000 0.000000 0.000000 
0.021701 0.950929 0.012111 2.810980 5.006653 7.723730 1.747298 -1.472648 -17.288747 -0.541647 -0.501038 14.311805 -3.009633 -4.322976 3.440296 0.000000 0.000000 0.000000 -3.911594 0.454967 -4.902705 -5.833887 0.568832 -0.781429 -5.957774 -15.730772 15.857020 0.000000 0.000000 0.000000 5.668765 0.189381 -4.668006 -4.635914 2.105086 -5.402803 -5.447749 19.847761 0.439599 12.837189 -7.255994 -7.891319 0.000000 0.000000 0.000000 8.770685 -5.302005 3.963451 -27.918338 -39.462675 2.751550 -163.079434 -59.453627 139.186083 0.000000 0.000000 0.000000 -2.559186 -2.668372 -1.259469 58.396487 5.955154 1.338889 113.291393 58.969465 99.619893 0.000000 0.000000 0.000000 
0.021071 0.951580 0.009537 2.738964 4.510823 7.955817 1.825496 -1.485308 -17.642104 -0.393988 -0.517864 14.252924 -2.814034 -3.816397 3.658816 0.000000 0.000000 0.000000 -3.930752 0.479212 -5.185147 -5.813277 0.513850 -1.316473 -5.917403 -15.737584 16.122274 0.000000 0.000000 0.000000 5.825549 0.174394 -4.515227 -4.812629 2.162476 -5.960784 -5.465071 19.952976 0.867039 13.084742 -7.172070 -8.622488 0.000000 0.000000 0.000000 8.263913 -4.421444 3.614603 -29.341448 -39.669821 3.103190 -159.533303 -60.407567 134.180698 0.000000 0.000000 0.000000 -3.049031 -4.324707 -1.961929 57.889630 4.519678 0.658343 114.944240 57.490920 100.174803 0.000000 0.000000 0.000000 
0.020258 0.952604 0.006421 2.475528 3.430657 8.339777 2.292624 -1.442745 -18.076248 -0.646723 -0.422484 14.075319 -2.401265 -2.796982 4.084598 0.000000 0.000000 0.000000 -3.839849 0.537135 -5.869864 -5.915191 0.488901 -1.580561 -5.295419 -14.816883 16.048346 0.000000 0.000000 0.000000 6.028802 0.157063 -4.349935 -5.035161 2.233206 -6.142548 -5.388655 19.943690 0.902298 13.149684 -7.079473 -9.084173 0.000000 0.000000 0.000000 7.547243 -3.570805 3.178959 -30.719023 -38.139741 3.328465 -153.702466 -60.039008 124.850213 0.000000 0.000000 0.000000 -3.252219 -5.524031 -2.417069 57.037092 4.298570 0.436710 118.479863 57.266971 104.199852 0.000000 0.000000 0.000000 
0.019237 0.953922 0.002941 2.286343 2.359221 8.653236 2.484418 -1.409798 -18.285551 -0.592224 -0.374894 13.231475 -2.280918 -2.210556 4.845636 0.000000 0.000000 0.000000 -3.730731 0.579072 -6.311682 -6.068251 0.469826 -1.827512 -4.955797 -14.369439 15.844182 0.000000 0.000000 0.000000 6.199780 0.150561 -4.287279 -4.870834 2.149891 -6.287485 -5.589220 19.800152 1.130870 13.149785 -6.919072 -9.619590 0.000000 0.000000 0.000000 6.948905 -2.486532 2.713057 -33.126097 -36.620788 3.631583 -146.683533 -60.156581 114.604902 0.000000 0.000000 0.000000 -3.273455 -6.972436 -2.938290 55.867460 4.254719 0.226017 123.097446 56.751862 109.524791 0.000000 0.000000 0.000000 
0.018096 0.954651 -0.000873 2.061279 1.010667 9.084952 2.992545 -1.326347 -18.490291 -0.954594 -0.239832 12.542648 -1.880644 -1.275211 5.332711 0.000000 0.000000 0.000000 -3.600292 0.643114 -7.018243 -6.059015 0.436252 -2.041886 -4.263021 -13.319696 15.378690 0.000000 0.000000 0.000000 6.246246 0.122576 -4.025273 -4.931321 2.148592 -6.548936 -5.377352 19.583245 1.303690 13.470333 -7.045210 -10.098400 0.000000 0.000000 0.000000 6.579604 -1.164469 2.238095 -35.941989 -34.520413 3.800556 -140.105837 -59.874086 105.366331 0.000000 0.000000 0.000000 -3.434822 -8.419411 -3.434911 55.811559 4.440418 0.245338 126.557313 56.530803 113.354749 0.000000 0.000000 0.000000 
0.017087 0.955192 -0.004986 2.044482 -0.059907 9.400582 3.183300 -1.284269 -18.654500 -1.231601 -0.141202 11.967840 -1.787738 -0.891144 5.934490 0.000000 0.000000 0.000000 -3.579368 0.701171 -7.710647 -6.040634 0.429211 -1.995880 -3.872767 -12.731118 14.907713 0.000000 0.000000 0.000000 6.349681 0.099724 -3.806192 -5.052823 2.182002 -6.524006 -5.337076 19.060355 1.473549 13.296341 -6.847458 -10.489163 0.000000 0.000000 0.000000 5.292818 -0.141029 1.545134 -38.801729 -32.301488 3.892869 -131.758279 -60.036204 95.203351 0.000000 0.000000 0.000000 -2.856807 -9.410989 -3.723403 55.475477 4.654812 0.108179 128.798586 56.970901 116.132888 0.000000 0.000000 0.000000 
0.016503 0.955191 -0.009040 1.832531 -1.147827 9.774021 3.638879 -1.201018 -18.766474 -1.360966 -0.072591 11.112386 -1.531811 -0.141043 6.738455 0.000000 0.000000 0.000000 -3.776771 0.770064 -8.601787 -5.818076 0.408003 -1.917343 -3.134301 -11.601124 14.907377 0.000000 0.000000 0.000000 6.302433 0.062984 -3.456302 -4.941804 2.123357 -6.440776 -5.273278 18.662754 1.572229 13.493830 -6.942713 -10.811406 0.000000 0.000000 0.000000 3.783398 0.305125 0.936214 -41.519774 -29.612291 3.712436 -124.091101 -59.883454 86.276284 0.000000 0.000000 0.000000 -2.065846 -10.221847 -3.963085 55.594800 4.389043 -0.201136 130.142393 57.379741 117.615024 0.000000 0.000000 0.000000 
0.016214 0.955764 -0.012514 1.929056 -1.688143 10.244072 3.604259 -1.211472 -19.119896 -1.504191 -0.023993 10.610345 -1.566342 -0.131209 7.027309 0.000000 0.000000 0.000000 -3.860837 0.831606 -9.402551 -6.046158 0.428689 -1.836935 -2.738698 -10.976730 14.841117 0.000000 0.000000 0.000000 6.253330 0.039347 -3.294600 -4.753544 2.043992 -6.206803 -5.360312 17.691578 1.693819 13.102407 -6.566374 -11.342517 0.000000 0.000000 0.000000 1.882839 0.992074 0.148487 -44.131644 -27.949261 3.719023 -115.154032 -60.427023 77.913311 0.000000 0.000000 0.000000 -1.659625 -10.944543 -4.178329 56.161659 3.470345 -0.772045 130.067473 57.818151 116.873866 0.000000 0.000000 0.000000 
0.016020 0.956335 -0.015083 1.902197 -2.276379 10.589583 3.340249 -1.218680 -18.900185 -1.037649 -0.087067 9.457075 -1.477622 0.231473 7.643714 0.000000 0.000000 0.000000 -4.039703 0.883810 -10.114920 -5.976897 0.410429 -1.914818 -2.059084 -9.855567 14.774817 0.000000 0.000000 0.000000 6.217000 0.013599 -3.075132 -4.424261 1.902989 -6.181947 -5.411931 16.852974 1.900802 13.247971 -6.495950 -12.120182 0.000000 0.000000 0.000000 0.418027 1.065550 -0.316997 -46.571954 -26.280342 3.575825 -108.503332 -60.412761 71.775703 0.000000 0.000000 0.000000 -2.059316 -11.458089 -4.308804 57.840485 2.051596 -1.439280 129.130075 57.547011 114.212655 0.000000 0.000000 0.000000 
0.015638 0.957053 -0.017152 1.955473 -2.612850 10.983818 2.954890 -1.239180 -18.499216 -0.334250 -0.178871 7.846864 -1.667798 0.189931 8.502496 0.000000 0.000000 0.000000 -4.224862 0.898756 -10.309963 -5.916895 0.359550 -2.374494 -1.841588 -9.500137 14.697965 0.000000 0.000000 0.000000 6.359054 -0.000999 -3.028926 -4.278289 1.846157 -5.815068 -5.522253 15.621389 2.107093 12.933278 -6.370591 -12.154872 0.000000 0.000000 0.000000 -0.761679 1.251289 -0.701908 -48.044776 -25.349613 3.534693 -102.460669 -61.246200 67.835270 0.000000 0.000000 0.000000 -2.249258 -12.171441 -4.491553 59.235880 0.349582 -2.417256 127.357848 56.911656 109.836586 0.000000 0.000000 0.000000 
0.014924 0.956841 -0.019185 2.021240 -2.943585 11.616850 2.729101 -1.266653 -18.579479 0.450248 -0.274671 6.535354 -1.598807 0.526000 9.145800 0.000000 0.000000 0.000000 -4.305688 0.981683 -11.439043 -5.792709 0.360588 -2.208285 -1.752660 -9.331234 14.439533 0.000000 0.000000 0.000000 6.190436 -0.074006 -2.380526 -4.174251 1.791504 -6.032858 -5.339990 14.345718 2.705821 13.159989 -6.450712 -12.798814 0.000000 0.000000 0.000000 -1.445596 0.617474 -0.665774 -49.161250 -24.931922 3.589250 -98.179488 -62.374962 66.102463 0.000000 0.000000 0.000000 -2.925718 -12.228366 -4.396418 61.275845 -0.606092 -3.108272 126.075373 55.920337 105.785348 0.000000 0.000000 0.000000 
0.013905 0.956054 -0.022424 1.892949 -3.266794 12.080615 2.801829 -1.262224 -18.811467 0.797818 -0.303624 5.766882 -1.589984 0.771878 9.863716 0.000000 0.000000 0.000000 -4.205947 1.059349 -12.387651 -5.680532 0.360081 -2.074112 -1.923652 -9.596452 14.053389 0.000000 0.000000 0.000000 5.999938 -0.171118 -1.396457 -3.891182 1.679356 -5.646454 -5.653754 13.206820 3.023307 12.792614 -6.182579 -13.194559 0.000000 0.000000 0.000000 -1.872926 -0.022723 -0.536009 -49.741412 -25.593654 4.003768 -91.590932 -64.012367 62.732830 0.000000 0.000000 0.000000 -2.498910 -12.082711 -4.310507 62.272841 -1.093562 -3.683296 124.606140 55.605179 102.529267 0.000000 0.000000 0.000000 
0.012659 0.954655 -0.027364 1.667066 -3.779258 12.484678 3.114361 -1.230910 -19.280648 0.973813 -0.324572 5.637050 -1.410358 0.958037 9.672777 0.000000 0.000000 0.000000 -3.699407 1.195407 -13.765784 -5.698946 0.396837 -1.625581 -1.820515 -9.407987 13.667138 0.000000 0.000000 0.000000 5.635094 -0.355745 0.698892 -3.641265 1.566406 -5.866349 -5.483594 12.476035 3.515709 13.045704 -6.202382 -14.027466 0.000000 0.000000 0.000000 -2.350934 -1.200831 -0.229664 -50.272217 -26.398753 4.486603 -84.923014 -66.098278 59.686251 0.000000 0.000000 0.000000 -2.434694 -11.174247 -3.948620 63.449224 -0.012579 -3.387734 122.485704 57.442964 101.279674 0.000000 0.000000 0.000000 
0.011338 0.952870 -0.034364 1.647617 -4.118278 12.884943 3.645124 -1.212053 -20.686602 0.348269 -0.249265 6.558129 -1.053560 1.656457 9.985369 0.000000 0.000000 0.000000 -3.604459 1.327548 -15.300648 -5.509143 0.444964 -0.863001 -1.936866 -9.631329 13.468803 0.000000 0.000000 0.000000 4.908764 -0.494442 2.760693 -3.264389 1.422048 -5.093534 -5.540520 11.845344 3.800448 13.288737 -5.941995 -15.785853 0.000000 0.000000 0.000000 -2.776565 -2.680128 0.209625 -50.553632 -28.241420 5.373889 -74.885237 -68.085124 53.588031 0.000000 0.000000 0.000000 -1.665083 -9.261618 -3.296055 64.638958 1.881479 -2.639350 119.997660 59.943151 100.647565 0.000000 0.000000 0.000000 
0.009960 0.951742 -0.042721 1.603803 -4.893769 13.667573 4.304730 -1.136312 -22.101872 0.005460 -0.199270 7.166937 -0.612125 2.364694 10.067324 0.000000 0.000000 0.000000 -3.546241 1.520438 -17.378959 -5.254179 0.458664 -0.353840 -1.759528 -9.367452 13.190694 0.000000 0.000000 0.000000 4.007428 -0.646161 5.630102 -2.862790 1.248046 -5.069257 -5.642157 12.029250 4.233703 14.050015 -6.040263 -17.255831 0.000000 0.000000 0.000000 -2.907186 -5.122191 1.024983 -50.421204 -30.355575 6.275451 -62.264630 -70.372873 45.432453 0.000000 0.000000 0.000000 -1.552548 -6.378580 -2.257798 66.619317 5.835013 -0.456982 115.620145 65.250811 101.416161 0.000000 0.000000 0.000000 
0.008607 0.951555 -0.052040 1.802359 -5.076724 14.718831 4.569252 -1.156462 -24.232990 -0.423843 -0.137171 7.938433 -0.374930 3.047834 11.001002 0.000000 0.000000 0.000000 -3.614591 1.682648 -19.264164 -5.311107 0.455063 -0.411454 -1.499702 -9.074368 13.695673 0.000000 0.000000 0.000000 2.941242 -0.683090 7.870872 -2.258755 1.009043 -3.953564 -6.028359 12.074745 4.173194 15.016297 -6.194475 -18.723693 0.000000 0.000000 0.000000 -2.636935 -8.316783 2.162968 -49.648124 -33.150836 7.347030 -45.725002 -71.834729 33.526749 0.000000 0.000000 0.000000 -2.048127 -2.802243 -0.946851 68.244007 10.659816 2.616119 110.321561 72.817284 103.552584 0.000000 0.000000 0.000000 
0.007293 0.951500 -0.061273 1.733103 -5.377196 15.975101 5.067640 -1.096142 -25.903684 -0.586539 -0.101894 7.803519 -0.465713 3.138260 11.952782 0.000000 0.000000 0.000000 -3.448248 1.891767 -21.277503 -5.512843 0.433354 -0.802403 -1.337304 -9.040791 14.365942 0.000000 0.000000 0.000000 2.121209 -0.717481 10.416102 -1.424959 0.660837 -3.673203 -6.536269 12.123250 4.228652 15.775756 -6.528614 -19.031496 0.000000 0.000000 0.000000 -3.743666 -11.977866 3.320833 -47.527972 -35.456744 7.998684 -25.752992 -71.361862 18.525638 0.000000 0.000000 0.000000 -2.526581 0.950565 0.425990 69.245736 17.082853 6.855520 92.660468 81.302726 93.665245 0.000000 0.000000 0.000000 
0.006157 0.952006 -0.070227 1.584146 -5.590924 17.536201 5.408626 -1.060674 -28.154973 -0.564701 -0.109757 8.144803 -0.552139 3.297264 13.079006 0.000000 0.000000 0.000000 -3.225009 2.111013 -23.205813 -5.665955 0.373208 -1.557530 -0.633628 -8.245442 15.763891 0.000000 0.000000 0.000000 1.423229 -0.700536 12.404204 -0.787876 0.393432 -2.874229 -7.128532 11.847458 4.013350 16.704493 -6.885955 -19.595083 0.000000 0.000000 0.000000 -3.198707 -15.611181 4.720606 -45.740173 -39.139617 9.057172 -5.456565 -68.143963 4.000465 0.000000 0.000000 0.000000 -3.771231 5.079524 1.880031 70.555434 24.555748 12.235251 -9.921709 84.747980 -0.099155 0.000000 0.000000 0.000000 
0.005244 0.951982 -0.078600 1.291329 -5.725326 19.145167 6.249286 -0.892532 -30.070072 -0.822735 -0.057582 7.964540 -0.677128 3.366382 14.128424 0.000000 0.000000 0.000000 -2.848690 2.366461 -25.191634 -6.179762 0.355384 -2.129566 -0.106813 -7.760701 17.045337 0.000000 0.000000 0.000000 1.129337 -0.737561 14.571876 -0.392253 0.230955 -3.028447 -7.650075 11.603246 4.360359 17.607853 -7.225738 -20.203712 0.000000 0.000000 0.000000 -3.670276 -19.492968 6.200213 -42.415798 -42.385259 9.379466 9.198174 -63.104768 -4.901894 0.000000 0.000000 0.000000 -4.919156 8.926561 3.189638 69.942234 32.815661 17.832433 -46.636149 73.792457 -27.745327 0.000000 0.000000 0.000000 
0.004662 0.952231 -0.086855 1.017002 -5.902473 20.848833 6.541790 -0.818976 -32.058091 -0.468868 -0.117543 7.745750 -0.789010 3.350949 14.803589 0.000000 0.000000 0.000000 -2.554621 2.594768 -26.850764 -6.319638 0.229582 -3.506105 0.604619 -7.178517 18.944208 0.000000 0.000000 0.000000 0.444954 -0.657863 16.594848 0.383394 -0.090703 -2.664968 -8.300137 11.382004 4.218243 18.618114 -7.530769 -20.963188 0.000000 0.000000 0.000000 -2.631880 -22.788014 7.513022 -39.574964 -47.257090 10.088451 19.035214 -55.532545 -9.009377 0.000000 0.000000 0.000000 -6.823039 11.807009 4.027925 69.562467 41.467582 24.208581 -52.479517 60.946311 -25.294472 0.000000 0.000000 0.000000 
0.004227 0.951480 -0.094735 0.988933 -5.720106 22.640860 7.076102 -0.703778 -34.586163 -0.584301 -0.100595 7.814187 -1.222958 3.124437 16.309993 0.000000 0.000000 0.000000 -2.404596 2.860161 -29.213164 -6.892358 0.239525 -3.725642 1.050685 -6.735332 19.983835 0.000000 0.000000 0.000000 0.215419 -0.670922 18.734279 0.572256 -0.162517 -2.703556 -8.733280 10.835326 4.319223 18.817007 -7.421402 -21.573568 0.000000 0.000000 0.000000 -2.266645 -26.904187 9.197213 -34.347007 -51.509571 9.420365 25.266463 -47.092990 -9.780688 0.000000 0.000000 0.000000 -9.312204 14.033656 4.510237 67.641734 49.964758 29.848253 -52.411932 47.928906 -18.897493 0.000000 0.000000 0.000000 
0.004057 0.950883 -0.102151 0.825525 -5.416760 24.347725 7.388971 -0.641067 -36.906542 -0.472585 -0.127460 7.932686 -1.521249 2.900085 16.966323 0.000000 0.000000 0.000000 -2.640915 3.000479 -31.087555 -6.533429 0.167429 -4.225762 1.225963 -6.759521 21.196104 0.000000 0.000000 0.000000 -0.105252 -0.647492 20.713122 1.075997 -0.359005 -2.867098 -9.284114 10.540495 4.517370 19.569443 -7.407902 -22.840319 0.000000 0.000000 0.000000 0.368582 -28.958981 9.854675 -29.944517 -56.564632 8.650632 28.960311 -39.368498 -9.102038 0.000000 0.000000 0.000000 -11.501189 15.123424 4.607799 64.710764 56.849113 33.681298 -51.196868 36.894637 -13.391843 0.000000 0.000000 0.000000 
0.003972 0.949479 -0.108372 0.460601 -5.190373 26.122736 7.874897 -0.498001 -39.310986 -0.218018 -0.178656 8.045485 -1.617833 3.073170 17.950681 0.000000 0.000000 0.000000 -2.604146 3.233198 -33.336371 -6.305566 0.149455 -4.252852 1.150889 -7.170014 22.239552 0.000000 0.000000 0.000000 -0.207791 -0.669800 22.483071 1.365869 -0.468712 -2.894846 -9.870417 10.516039 4.588017 19.230397 -7.061284 -23.097506 0.000000 0.000000 0.000000 1.379809 -32.311802 11.061284 -21.743932 -58.188473 4.936579 31.710724 -32.998509 -8.147883 0.000000 0.000000 0.000000 -13.054467 16.090857 4.747174 57.834827 61.549794 32.931041 -49.070394 29.378129 -9.577520 0.000000 0.000000 0.000000 
0.004221 0.948308 -0.113372 0.174701 -5.063595 27.554949 8.177793 -0.396920 -40.882043 0.127294 -0.228789 7.479856 -1.718067 3.083139 18.463761 0.000000 0.000000 0.000000 -2.639037 3.388047 -34.922506 -6.171466 0.119712 -4.465030 1.532432 -6.703224 22.789459 0.000000 0.000000 0.000000 -0.371011 -0.667119 24.498524 1.361745 -0.456157 -3.070936 -10.016990 10.333430 4.525455 19.375268 -6.956176 -23.502148 0.000000 0.000000 0.000000 2.638338 -34.231839 11.699406 -14.776912 -59.418781 1.552670 33.021123 -28.300685 -7.068655 0.000000 0.000000 0.000000 -13.780027 17.022903 5.008036 49.667235 64.203528 29.296637 -46.680017 24.361073 -7.089038 0.000000 0.000000 0.000000 
0.004484 0.946886 -0.116889 -0.041473 -4.964920 29.190421 8.260972 -0.350444 -42.544778 0.862525 -0.341872 6.975918 -2.048339 2.779869 19.085031 0.000000 0.000000 0.000000 -2.708883 3.559162 -36.723567 -6.121923 0.108531 -4.522038 1.486121 -6.891421 23.168380 0.000000 0.000000 0.000000 -0.523734 -0.645453 25.843816 1.460227 -0.488543 -3.089915 -10.231322 10.484233 4.766985 18.859728 -6.324360 -24.515789 0.000000 0.000000 0.000000 3.685542 -36.406999 12.397824 -7.396243 -59.445994 -2.301992 34.541456 -23.926395 -6.087674 0.000000 0.000000 0.000000 -14.859621 17.816014 5.136278 41.097688 65.508437 24.478995 -45.177241 21.463248 -5.735563 0.000000 0.000000 0.000000 
0.004842 0.946319 -0.119324 -0.164365 -4.744202 30.304948 8.516199 -0.288145 -43.397911 1.315652 -0.386603 6.091442 -2.336237 2.597580 19.824938 0.000000 0.000000 0.000000 -2.895816 3.602141 -37.731446 -6.076506 0.069445 -4.904513 1.574145 -6.765124 23.389535 0.000000 0.000000 0.000000 -0.838364 -0.570709 27.054944 1.774745 -0.603166 -3.256343 -10.358675 10.444218 4.870346 19.103483 -6.362587 -24.641033 0.000000 0.000000 0.000000 4.951919 -36.764512 12.375804 -3.210057 -59.588968 -4.566863 35.256890 -21.500760 -5.477877 0.000000 0.000000 0.000000 -15.053421 18.225149 5.291273 35.002594 65.694834 20.580208 -43.904322 19.908765 -4.961811 0.000000 0.000000 0.000000 
0.004859 0.945682 -0.120962 -0.239338 -4.506324 31.366966 8.486922 -0.319205 -44.394958 1.687949 -0.414075 5.301024 -2.668144 2.384576 20.620317 0.000000 0.000000 0.000000 -2.867799 3.696874 -38.839479 -6.423065 0.083138 -4.916824 1.623876 -6.749894 23.706282 0.000000 0.000000 0.000000 -1.035066 -0.524245 27.872974 1.972618 -0.691295 -2.842077 -10.794022 10.547844 4.668336 19.121030 -6.256343 -24.755418 0.000000 0.000000 0.000000 5.747927 -37.538558 12.545869 1.449949 -58.965959 -6.998109 36.139112 -19.143131 -4.897673 0.000000 0.000000 0.000000 -15.567502 18.276163 5.271513 31.136779 65.240504 18.025089 -43.866192 19.268975 -4.674379 0.000000 0.000000 0.000000 
0.004594 0.945424 -0.122371 -0.244101 -4.282336 32.190181 8.778453 -0.250218 -45.126778 1.768767 -0.399217 4.665241 -2.839683 2.298385 21.076924 0.000000 0.000000 0.000000 -2.905816 3.716234 -39.394481 -6.519702 0.049627 -5.298243 1.939514 -6.267615 23.939666 0.000000 0.000000 0.000000 -1.314822 -0.443850 28.709933 2.247964 -0.781678 -3.249724 -10.825679 10.547051 5.042281 19.048237 -5.976150 -25.518454 0.000000 0.000000 0.000000 7.214549 -37.484513 12.313063 4.579820 -58.623285 -8.675010 36.272994 -16.726021 -4.195185 0.000000 0.000000 0.000000 -16.422602 18.124614 5.113582 29.438471 65.556901 17.201890 -44.013391 18.702725 -4.473052 0.000000 0.000000 0.000000 
0.004027 0.944954 -0.123764 -0.131402 -3.897947 33.145906 8.935106 -0.252669 -46.214252 1.797490 -0.392953 4.415046 -3.185894 2.072810 21.772827 0.000000 0.000000 0.000000 -3.059450 3.725552 -40.407848 -6.716178 0.095712 -4.914659 1.875669 -6.269875 23.872559 0.000000 0.000000 0.000000 -1.594009 -0.372020 29.290515 2.536712 -0.870943 -3.710835 -10.845792 10.408924 5.632913 19.229181 -5.712674 -26.766687 0.000000 0.000000 0.000000 9.423092 -37.392227 11.929545 8.115680 -58.346700 -10.552020 36.522131 -13.900530 -3.406259 0.000000 0.000000 0.000000 -17.197051 17.874418 4.934733 27.535089 65.972923 16.254122 -44.435762 18.080517 -4.281126 0.000000 0.000000 0.000000 
0.003444 0.944926 -0.125288 0.145227 -3.445407 33.779570 8.801282 -0.383269 -47.130138 1.644332 -0.370801 4.384063 -3.382228 1.926168 21.937494 0.000000 0.000000 0.000000 -3.503057 3.605550 -41.089103 -6.725125 0.107882 -4.813224 1.884456 -6.147894 23.929956 0.000000 0.000000 0.000000 -1.773058 -0.345639 29.561273 2.838570 -0.974354 -3.963522 -10.864970 10.290270 5.970442 19.140392 -5.441480 -27.559863 0.000000 0.000000 0.000000 10.971081 -37.233559 11.634953 10.936854 -58.334983 -12.105885 36.274258 -11.454914 -2.676727 0.000000 0.000000 0.000000 -18.278579 17.385895 4.621608 27.714834 66.675493 16.856540 -45.587483 17.202506 -4.067523 0.000000 0.000000 0.000000 
0.003001 0.944813 -0.126915 0.376661 -2.911944 34.519354 8.720794 -0.512350 -48.302179 1.601365 -0.373177 4.553102 -3.711605 1.602159 22.117960 0.000000 0.000000 0.000000 -3.870980 3.498870 -41.941235 -6.675748 0.137887 -4.509249 1.518145 -6.636170 24.050665 0.000000 0.000000 0.000000 -1.842545 -0.375021 29.894682 3.162939 -1.082821 -4.215588 -10.978778 10.194927 6.317824 19.488282 -5.464435 -28.005225 0.000000 0.000000 0.000000 13.032063 -37.120291 11.258723 14.249896 -58.043957 -13.853024 36.038633 -9.071825 -1.994954 0.000000 0.000000 0.000000 -19.270874 16.926354 4.343545 26.182902 67.059243 16.216128 -46.176875 15.555600 -3.479787 0.000000 0.000000 0.000000 
0.002825 0.944852 -0.128463 0.588999 -2.546658 35.103289 8.687911 -0.595119 -49.461335 1.250470 -0.337695 4.871694 -3.867486 1.595547 22.559114 0.000000 0.000000 0.000000 -4.327546 3.378407 -42.780654 -6.383731 0.159171 -4.164886 1.427179 -6.657426 23.981075 0.000000 0.000000 0.000000 -1.662025 -0.490648 30.188961 3.282403 -1.120870 -4.342485 -11.116482 10.050658 6.578998 19.536444 -5.335742 -28.524430 0.000000 0.000000 0.000000 15.316238 -37.059642 10.854701 17.267192 -57.702813 -15.394377 35.622821 -6.632653 -1.306320 0.000000 0.000000 0.000000 -20.436818 16.331478 4.021653 25.484425 67.653996 16.175337 -46.555516 13.518081 -2.738013 0.000000 0.000000 0.000000 
0.002869 0.944794 -0.129669 0.761660 -2.183327 35.544559 8.674255 -0.677698 -50.417103 0.963054 -0.317459 5.377212 -4.031561 1.443939 22.611883 0.000000 0.000000 0.000000 -4.721941 3.248099 -43.353744 -6.245346 0.163126 -4.068014 1.220874 -6.985854 24.339721 0.000000 0.000000 0.000000 -1.729789 -0.504925 30.391588 3.619167 -1.245239 -4.393830 -11.153633 9.840196 6.793157 19.662958 -5.310985 -28.844013 0.000000 0.000000 0.000000 16.905412 -37.248659 10.623636 20.417646 -56.898769 -16.751990 34.452086 -4.197133 -0.618482 0.000000 0.000000 0.000000 -21.550041 16.279242 3.852607 23.555469 68.037266 15.172328 -46.340338 10.943657 -1.773438 0.000000 0.000000 0.000000 
0.002988 0.944840 -0.130407 0.873752 -1.947865 35.842880 8.630562 -0.747126 -50.985264 0.772257 -0.301000 5.667167 -4.126338 1.309998 22.502936 0.000000 0.000000 0.000000 -4.996779 3.160496 -43.815945 -6.152552 0.175693 -3.898781 1.181164 -7.012551 24.433213 0.000000 0.000000 0.000000 -1.660532 -0.562881 30.579071 3.782673 -1.303270 -4.445836 -11.218346 9.773282 6.857648 19.919872 -5.350453 -29.094942 0.000000 0.000000 0.000000 18.620941 -37.268376 10.314081 23.067843 -56.175245 -17.870365 33.470788 -2.571780 -0.202623 0.000000 0.000000 0.000000 -22.443832 16.413446 3.755874 21.300325 68.096095 13.811620 -45.158959 8.529804 -0.878916 0.000000 0.000000 0.000000 
0.003157 0.944946 -0.130635 1.092214 -1.703210 36.239867 8.442387 -0.884749 -51.556205 0.656999 -0.293802 5.913391 -4.166619 1.195396 22.208267 0.000000 0.000000 0.000000 -5.225319 3.079749 -44.368585 -6.360201 0.213491 -3.645023 1.027948 -7.177367 24.367138 0.000000 0.000000 0.000000 -1.660206 -0.592339 30.654385 4.018761 -1.385705 -4.539961 -11.497921 9.478981 6.971001 19.940211 -5.432193 -28.812791 0.000000 0.000000 0.000000 20.191635 -37.792057 10.105873 24.945855 -54.681714 -18.147434 32.003614 -1.264094 0.095598 0.000000 0.000000 0.000000 -23.529050 16.626645 3.673551 19.460385 67.799139 12.555310 -44.035621 6.940114 -0.342521 0.000000 0.000000 0.000000 
0.003374 0.945135 -0.130315 1.098468 -1.571184 36.449641 8.401910 -0.928987 -51.905374 0.601110 -0.293542 6.122891 -4.109413 1.233571 22.015305 0.000000 0.000000 0.000000 -5.222452 3.073697 -44.619453 -6.461428 0.237199 -3.470373 0.973673 -7.219920 24.281379 0.000000 0.000000 0.000000 -1.598958 -0.635984 30.831453 3.903429 -1.346966 -4.440331 -11.518447 9.267001 6.808761 19.808174 -5.511592 -28.279852 0.000000 0.000000 0.000000 21.193000 -38.058015 9.958449 26.158973 -53.611485 -18.237544 30.599691 -0.630727 0.216994 0.000000 0.000000 0.000000 -24.223159 16.930315 3.674582 17.448734 67.147393 11.042093 -42.080774 5.821371 -0.005661 0.000000 0.000000 0.000000 
0.003679 0.945354 -0.129424 1.157842 -1.681528 36.640551 8.234843 -0.971855 -52.025552 0.676536 -0.308151 6.207328 -4.261031 0.855935 21.624426 0.000000 0.000000 0.000000 -5.022525 3.150197 -44.658735 -6.919913 0.269137 -3.414512 0.993614 -7.173352 24.095278 0.000000 0.000000 0.000000 -1.624992 -0.616169 30.920984 4.002448 -1.393729 -4.286531 -11.861882 8.976635 6.698928 19.589351 -5.639866 -27.439824 0.000000 0.000000 0.000000 21.686078 -38.173325 9.869837 26.437872 -52.811066 -17.940879 30.330694 -0.497196 0.237506 0.000000 0.000000 0.000000 -25.067168 17.235912 3.666787 16.380203 66.586193 10.149030 -41.217424 5.654974 -0.000006 0.000000 0.000000 0.000000 
0.004032 0.945585 -0.128102 1.097326 -1.904462 36.829846 8.232000 -0.920615 -51.963053 1.000485 -0.349211 5.986195 -4.380273 0.681675 21.724948 0.000000 0.000000 0.000000 -4.696079 3.289373 -44.723643 -7.160248 0.300484 -3.232799 1.038171 -7.035363 23.611190 0.000000 0.000000 0.000000 -1.749136 -0.543424 30.997023 3.863423 -1.345165 -4.188334 -11.893894 8.662092 6.718743 19.351261 -5.716438 -26.855283 0.000000 0.000000 0.000000 21.791367 -38.324220 9.852890 26.150470 -52.282965 -17.442374 30.323983 -1.156108 0.080390 0.000000 0.000000 0.000000 -25.465402 17.447543 3.711696 15.275147 65.990942 9.150834 -40.677380 6.277400 -0.236909 0.000000 0.000000 0.000000 
0.004283 0.946079 -0.126465 0.955130 -2.309195 36.976328 8.344461 -0.771596 -51.824247 1.132660 -0.358851 5.761718 -4.571353 0.339611 21.773075 0.000000 0.000000 0.000000 -4.391182 3.450101 -44.707498 -7.432682 0.310268 -3.262818 1.047481 -7.108977 23.532922 0.000000 0.000000 0.000000 -1.717808 -0.502901 30.736011 3.772548 -1.324219 -3.933895 -12.308693 8.458327 6.530789 19.191825 -5.969234 -25.672890 0.000000 0.000000 0.000000 20.890247 -38.699788 10.106982 25.162887 -52.324901 -16.900803 31.489597 -1.561208 0.025303 0.000000 0.000000 0.000000 -25.502059 17.662643 3.806201 15.537447 65.407226 9.018488 -41.508858 7.377652 -0.594848 0.000000 0.000000 0.000000 
0.004224 0.946565 -0.124784 0.819432 -2.775530 37.331756 8.459266 -0.606886 -51.897916 1.430689 -0.395652 5.601232 -4.746783 0.015464 21.824130 0.000000 0.000000 0.000000 -4.060931 3.634166 -44.776993 -7.411492 0.311362 -3.193994 0.962919 -7.270626 23.169047 0.000000 0.000000 0.000000 -1.870560 -0.380340 30.291736 3.767061 -1.332342 -3.689296 -12.550202 8.245574 6.562409 19.173708 -6.341758 -24.386729 0.000000 0.000000 0.000000 20.320619 -39.033083 10.276151 24.350009 -51.748775 -16.169823 32.682346 -1.489199 0.067659 0.000000 0.000000 0.000000 -25.190624 17.456661 3.860342 15.848444 64.925964 8.912966 -43.669476 9.690805 -1.383202 0.000000 0.000000 0.000000 
0.003756 0.947017 -0.123145 0.603155 -3.086570 37.632239 8.934279 -0.324033 -52.149834 1.202189 -0.368450 5.819241 -4.764139 -0.166244 21.603663 0.000000 0.000000 0.000000 -3.516976 3.872893 -45.007264 -7.564107 0.383197 -2.585311 0.852811 -7.390240 22.524792 0.000000 0.000000 0.000000 -1.937305 -0.313953 30.080349 3.672656 -1.287879 -3.771829 -12.655679 8.102712 6.711460 19.253238 -6.613042 -23.662721 0.000000 0.000000 0.000000 20.038751 -38.863223 10.301765 23.782910 -51.470794 -15.741190 34.558260 -1.734705 0.031059 0.000000 0.000000 0.000000 -25.006280 17.437488 3.921508 15.672259 64.538984 8.567193 -46.364863 11.449930 -2.063093 0.000000 0.000000 0.000000 
0.003031 0.947369 -0.121481 0.415801 -3.304199 37.547445 9.181303 -0.162307 -52.023874 1.213071 -0.377239 6.022373 -4.842780 -0.373767 21.486459 0.000000 0.000000 0.000000 -3.363518 3.952545 -44.892844 -7.142397 0.383383 -2.298918 0.626054 -7.793080 22.374108 0.000000 0.000000 0.000000 -2.118425 -0.212164 30.073773 3.689483 -1.284782 -3.925030 -12.722405 8.324868 6.849454 19.181840 -6.705721 -23.227680 0.000000 0.000000 0.000000 19.659250 -39.107949 10.423343 23.475383 -50.984640 -15.445852 37.351420 -1.488485 0.128876 0.000000 0.000000 0.000000 -24.716071 17.092080 3.862488 16.309496 64.301272 8.902153 -50.007009 13.091621 -2.773405 0.000000 0.000000 0.000000 
0.002461 0.947231 -0.119607 0.214360 -3.359969 37.426482 9.550236 0.009883 -51.956685 1.021222 -0.361326 6.420772 -4.724439 -0.363114 21.113747 0.000000 0.000000 0.000000 -3.094155 4.023090 -44.615958 -7.030344 0.411833 -1.940773 0.500161 -7.871348 21.780454 0.000000 0.000000 0.000000 -2.313276 -0.123860 30.031219 3.607281 -1.249826 -3.987191 -12.348788 8.573491 7.034724 19.403503 -6.919392 -22.955835 0.000000 0.000000 0.000000 19.845728 -38.151016 10.176407 23.098343 -51.224757 -15.424397 40.089133 -2.036552 -0.052146 0.000000 0.000000 0.000000 -24.498345 16.821896 3.794493 16.666046 64.509539 9.212935 -53.410782 13.973884 -3.241197 0.000000 0.000000 0.000000 
0.002355 0.946675 -0.117151 -0.025947 -3.323369 37.070714 9.930864 0.159884 -51.693935 0.655076 -0.317395 6.882608 -4.578870 -0.417030 20.425411 0.000000 0.000000 0.000000 -3.046014 4.011782 -44.291931 -6.636478 0.435201 -1.431416 0.202630 -8.235662 21.260020 0.000000 0.000000 0.000000 -2.366057 -0.106110 30.125332 3.620851 -1.255843 -3.978625 -12.216294 9.029904 6.710172 19.567585 -7.198636 -22.192248 0.000000 0.000000 0.000000 18.715033 -38.336128 10.466711 21.996486 -50.803943 -14.864599 43.105669 -3.243564 -0.471090 0.000000 0.000000 0.000000 -23.468132 16.843960 3.896383 17.723524 64.425226 9.908973 -56.730928 15.107641 -3.816618 0.000000 0.000000 0.000000 
0.002764 0.946010 -0.114260 -0.283735 -3.301652 36.491709 10.000216 0.182080 -51.149293 0.547690 -0.303459 7.021531 -4.360964 -0.231811 20.041839 0.000000 0.000000 0.000000 -3.046274 3.969878 -43.747618 -6.168078 0.443998 -0.974631 -0.145006 -8.728921 20.890221 0.000000 0.000000 0.000000 -2.375490 -0.106250 30.370061 3.450463 -1.188231 -4.085048 -11.877938 9.761063 6.677711 19.490500 -7.394529 -21.372379 0.000000 0.000000 0.000000 18.062893 -38.206486 10.549650 21.160148 -51.136098 -14.753154 45.686718 -4.754998 -1.111338 0.000000 0.000000 0.000000 -22.855976 17.050637 3.938901 19.833438 64.502724 11.367274 -59.387185 15.232918 -3.912272 0.000000 0.000000 0.000000 
0.003456 0.945172 -0.111064 -0.365141 -3.104935 36.045652 10.083852 0.166459 -50.916366 0.326485 -0.280152 7.456081 -4.388020 -0.447670 19.517961 0.000000 0.000000 0.000000 -3.292336 3.845020 -43.430300 -5.730423 0.488268 -0.142700 -0.399602 -8.950854 20.272208 0.000000 0.000000 0.000000 -2.184144 -0.207465 30.246535 3.319653 -1.138202 -4.108847 -11.662063 10.146987 6.487737 19.593212 -7.519755 -21.068594 0.000000 0.000000 0.000000 16.643459 -38.151292 10.822294 19.593505 -51.412195 -14.230853 47.910375 -6.575476 -1.900942 0.000000 0.000000 0.000000 -22.013521 17.450739 4.116325 21.956099 64.890689 12.853656 -61.209642 15.010697 -3.813495 0.000000 0.000000 0.000000 
0.004105 0.944845 -0.107865 -0.305877 -3.007980 35.459521 9.997556 0.087628 -50.334816 0.040005 -0.237408 7.663433 -4.441600 -0.629318 19.208404 0.000000 0.000000 0.000000 -3.567258 3.712235 -42.983903 -5.165200 0.535155 0.933786 -0.750108 -9.278411 19.323311 0.000000 0.000000 0.000000 -2.155701 -0.234875 30.458813 3.334206 -1.127488 -4.447344 -11.312052 10.659002 6.481840 19.681751 -7.383892 -21.607427 0.000000 0.000000 0.000000 15.558537 -37.824489 10.939397 18.055707 -52.053587 -13.855022 50.427224 -8.062905 -2.684535 0.000000 0.000000 0.000000 -21.229361 17.636214 4.219432 24.889877 65.335432 14.937181 -63.029380 15.192576 -3.941414 0.000000 0.000000 0.000000 
0.004474 0.944457 -0.104686 -0.267608 -2.736665 35.058685 9.901554 -0.019144 -50.121137 -0.044314 -0.238397 8.173669 -4.638069 -1.150674 18.547751 0.000000 0.000000 0.000000 -3.796149 3.591994 -42.819080 -4.753857 0.594186 2.076686 -1.248128 -9.881539 18.484649 0.000000 0.000000 0.000000 -2.126343 -0.274601 30.187642 3.221497 -1.085067 -4.474016 -10.946246 10.819719 6.433723 19.373775 -7.101625 -21.964255 0.000000 0.000000 0.000000 14.613282 -37.461016 11.019720 17.181967 -52.687728 -13.705179 51.957240 -8.891129 -3.152101 0.000000 0.000000 0.000000 -20.900226 17.813375 4.276316 28.733352 66.140910 17.791681 -64.894358 14.461904 -3.616428 0.000000 0.000000 0.000000 
0.004542 0.944473 -0.101676 -0.165286 -2.424485 34.516852 9.731600 -0.171713 -49.749137 -0.292112 -0.201652 8.344045 -4.931174 -1.539564 18.599986 0.000000 0.000000 0.000000 -3.970331 3.455538 -42.359325 -4.287534 0.604102 2.799056 -1.698390 -10.422521 17.766970 0.000000 0.000000 0.000000 -2.069220 -0.329300 29.986718 3.232282 -1.101494 -4.278224 -10.749517 11.127411 6.212398 19.498663 -7.105248 -22.084443 0.000000 0.000000 0.000000 13.975624 -37.307626 11.078238 15.719872 -53.110242 -13.242792 53.733522 -9.718698 -3.730975 0.000000 0.000000 0.000000 -19.823090 18.266420 4.531906 30.732082 66.094890 19.106145 -66.131310 14.324496 -3.513194 0.000000 0.000000 0.000000 
0.004381 0.944000 -0.098776 -0.190185 -2.288406 34.278077 9.721966 -0.199392 -49.853694 -0.368927 -0.202428 8.882027 -4.890756 -1.631163 18.160806 0.000000 0.000000 0.000000 -3.887998 3.446289 -42.203764 -4.089182 0.653277 3.707131 -2.130999 -10.959463 16.742063 0.000000 0.000000 0.000000 -2.071762 -0.337329 29.757558 3.193761 -1.086729 -4.276814 -10.677158 11.235709 6.077232 19.257314 -6.991625 -21.984848 0.000000 0.000000 0.000000 13.662472 -37.225032 11.095288 15.052234 -52.928160 -12.885003 54.685957 -10.206463 -4.095780 0.000000 0.000000 0.000000 -19.395746 18.762175 4.723436 33.066217 66.412882 20.793570 -66.990224 13.833683 -3.263013 0.000000 0.000000 0.000000 
0.004236 0.943960 -0.096112 0.072135 -2.093040 33.464317 9.438875 -0.363371 -49.582493 -0.513613 -0.192276 9.477356 -5.163840 -2.059016 18.048688 0.000000 0.000000 0.000000 -3.895114 3.330069 -41.237472 -3.660394 0.623467 3.994990 -2.777938 -11.922817 16.029430 0.000000 0.000000 0.000000 -1.934760 -0.406246 29.240178 3.102437 -1.078059 -3.880733 -10.793738 10.779883 5.650628 19.116221 -6.905554 -22.092466 0.000000 0.000000 0.000000 12.721360 -37.349502 11.255443 13.265791 -52.753453 -11.868452 55.969308 -10.668566 -4.471860 0.000000 0.000000 0.000000 -18.979230 19.599814 5.019628 34.162951 66.522341 21.398828 -67.446382 13.104904 -2.935034 0.000000 0.000000 0.000000 
0.004040 0.943946 -0.093296 0.576201 -1.732602 32.753673 8.932481 -0.661539 -49.167668 -0.724176 -0.174145 10.223052 -5.295262 -2.529782 17.251264 0.000000 0.000000 0.000000 -4.119418 3.161161 -40.683210 -3.408675 0.650733 4.792020 -3.624948 -13.270519 15.466991 0.000000 0.000000 0.000000 -1.925792 -0.434680 28.480820 3.063832 -1.068596 -3.823450 -10.909086 10.592911 5.530084 19.174895 -6.867213 -22.349816 0.000000 0.000000 0.000000 11.781429 -37.471618 11.410982 12.044280 -53.121709 -11.372157 56.818084 -12.029549 -5.269923 0.000000 0.000000 0.000000 -18.705238 19.901492 5.105607 36.280196 66.240433 22.637642 -68.118249 13.281266 -3.098666 0.000000 0.000000 0.000000 
0.003875 0.944512 -0.089919 1.079139 -1.387246 31.923221 8.286332 -0.997339 -48.616117 -0.796323 -0.185189 11.093203 -5.203430 -2.719858 16.286570 0.000000 0.000000 0.000000 -4.304412 2.957274 -39.367439 -3.324741 0.634486 4.712270 -4.106796 -13.948465 14.906830 0.000000 0.000000 0.000000 -1.522364 -0.593682 27.411123 2.724166 -0.957469 -3.496843 -11.348910 9.690419 4.905231 18.875253 -6.750877 -22.325163 0.000000 0.000000 0.000000 9.636349 -37.684735 11.808071 9.549643 -52.849255 -9.866401 56.683176 -14.208449 -6.327370 0.000000 0.000000 0.000000 -18.257919 20.858147 5.461980 37.373914 66.433488 23.191047 -67.886508 12.904033 -3.056969 0.000000 0.000000 0.000000 
0.003641 0.944655 -0.085755 1.426987 -1.386186 30.848908 7.903046 -1.148568 -47.276289 -1.184733 -0.115426 11.510133 -5.238653 -3.151763 15.392489 0.000000 0.000000 0.000000 -4.193719 2.885878 -38.101820 -3.428844 0.656225 4.813705 -4.502704 -14.621268 14.920965 0.000000 0.000000 0.000000 -1.317536 -0.641659 26.343657 1.955698 -0.674296 -3.189390 -11.405982 9.463466 4.262847 18.358172 -6.647803 -21.766572 0.000000 0.000000 0.000000 7.247596 -37.883794 12.248222 6.339305 -53.136480 -8.307138 56.595796 -18.159582 -8.318281 0.000000 0.000000 0.000000 -17.652710 21.276668 5.668186 38.789093 65.552807 23.535128 -66.589331 14.405005 -4.021862 0.000000 0.000000 0.000000 
0.003505 0.944688 -0.081114 1.872043 -1.601652 29.237993 7.286167 -1.318809 -45.619151 -1.488723 -0.061364 12.280861 -5.216064 -3.482662 14.550576 0.000000 0.000000 0.000000 -3.971174 2.798299 -35.950478 -3.876564 0.716466 4.803952 -4.551833 -14.547129 14.002279 0.000000 0.000000 0.000000 -1.531399 -0.511792 24.797311 1.562477 -0.545114 -2.652522 -11.414343 9.598768 3.666932 18.412463 -6.481269 -22.478964 0.000000 0.000000 0.000000 4.027687 -37.374592 12.524321 1.080425 -53.956137 -5.884867 55.050133 -23.572801 -10.829483 0.000000 0.000000 0.000000 -16.113960 21.720704 6.019539 41.031567 64.508803 24.307074 -65.256887 16.857993 -5.475328 0.000000 0.000000 0.000000 
0.003487 0.944411 -0.076093 2.147562 -1.642095 27.545927 7.223145 -1.312602 -43.726388 -2.115757 0.068462 13.034420 -5.297302 -4.173494 13.346757 0.000000 0.000000 0.000000 -3.765869 2.698571 -34.025472 -4.006090 0.766973 5.218249 -4.887950 -15.031362 13.332529 0.000000 0.000000 0.000000 -1.187775 -0.582183 23.332253 0.717596 -0.207291 -2.709404 -11.312412 9.631864 3.197946 18.456078 -6.635551 -22.115153 0.000000 0.000000 0.000000 -0.255364 -37.103972 13.050494 -5.383594 -53.234915 -2.666425 53.785091 -30.710192 -14.154465 0.000000 0.000000 0.000000 -14.103345 22.203202 6.505790 42.489456 62.984485 24.152416 -62.870935 20.695099 -7.521610 0.000000 0.000000 0.000000 
0.003727 0.944557 -0.071114 2.433781 -1.440234 25.904338 6.926232 -1.416017 -42.198382 -2.570040 0.157539 14.468144 -5.123081 -4.387160 12.161438 0.000000 0.000000 0.000000 -3.663002 2.534511 -31.855159 -4.401725 0.836558 5.366009 -5.021479 -15.101152 12.735822 0.000000 0.000000 0.000000 -1.109948 -0.554422 21.212445 0.297633 -0.032012 -3.015569 -11.167572 10.188642 3.453502 18.589860 -6.294373 -23.633691 0.000000 0.000000 0.000000 -1.408206 -35.455381 12.355069 -11.946329 -53.618869 0.209415 53.374581 -37.478802 -17.815973 0.000000 0.000000 0.000000 -12.125003 21.704917 6.638001 45.792141 60.425402 24.690573 -63.038508 25.719884 -10.349628 0.000000 0.000000 0.000000 
0.004090 0.944431 -0.065808 2.586488 -1.483710 24.138802 6.864917 -1.386344 -40.351191 -3.228698 0.317276 15.344253 -4.907184 -4.662992 10.784165 0.000000 0.000000 0.000000 -3.631984 2.371909 -29.591999 -4.888137 0.903003 5.309805 -4.813413 -14.589257 12.268331 0.000000 0.000000 0.000000 -1.035563 -0.503322 18.937319 -0.384590 0.247803 -3.261350 -10.568516 11.043050 3.148304 18.107664 -5.968907 -23.797114 0.000000 0.000000 0.000000 -3.413079 -34.567378 12.043281 -17.683707 -52.997321 2.765976 55.344591 -44.904041 -23.135250 0.000000 0.000000 0.000000 -10.089613 21.785442 7.022714 47.181818 56.330122 23.017285 -63.669426 31.811443 -13.861806 0.000000 0.000000 0.000000 
0.004727 0.945645 -0.060248 2.834973 -0.892941 22.086520 6.208498 -1.597600 -38.111419 -3.205161 0.291230 15.945859 -5.184109 -5.401389 10.145043 0.000000 0.000000 0.000000 -3.414095 2.144010 -26.621903 -5.541240 0.961912 4.869351 -4.771933 -14.300640 11.902873 0.000000 0.000000 0.000000 -0.438297 -0.591556 16.624301 -0.930809 0.474553 -3.494242 -10.247373 11.096354 2.775186 17.727096 -5.601997 -24.497650 0.000000 0.000000 0.000000 -4.037933 -31.771444 10.796500 -22.738017 -53.626670 5.075033 58.793595 -52.603629 -30.105008 0.000000 0.000000 0.000000 -7.246020 21.062114 7.324706 48.100358 51.578669 20.515467 -65.823292 40.713360 -19.805442 0.000000 0.000000 0.000000 
0.005393 0.946527 -0.054406 2.842488 -0.604816 20.521094 5.844735 -1.646988 -35.769773 -2.950211 0.219814 15.423014 -5.397544 -6.123104 9.433066 0.000000 0.000000 0.000000 -3.222828 1.978672 -24.230844 -6.049378 0.989953 4.365752 -4.816732 -14.269789 11.689746 0.000000 0.000000 0.000000 -0.067652 -0.576115 14.072670 -1.594852 0.748928 -3.716193 -9.385849 11.578993 1.997478 16.784054 -5.427728 -23.208935 0.000000 0.000000 0.000000 -5.512021 -29.948837 9.989337 -25.754739 -52.803502 6.388798 70.459867 -60.968736 -44.536307 0.000000 0.000000 0.000000 -4.564992 20.027242 7.504355 48.337772 47.117209 17.976147 -70.307234 49.227007 -27.260647 0.000000 0.000000 0.000000 
0.006282 0.947706 -0.049009 2.870866 -0.500480 19.006058 5.585329 -1.621137 -33.247551 -3.053714 0.243774 14.780170 -5.642735 -7.121550 8.399354 0.000000 0.000000 0.000000 -3.060438 1.790697 -21.512747 -6.479471 0.933267 3.135903 -4.933469 -14.423242 11.715812 0.000000 0.000000 0.000000 0.518264 -0.557640 11.177177 -2.177052 0.989938 -3.497073 -8.637177 11.548266 1.669850 15.165562 -4.637797 -23.134552 0.000000 0.000000 0.000000 -4.302138 -26.176600 8.380955 -29.157289 -53.969781 7.982949 89.168865 -65.535103 -64.492518 0.000000 0.000000 0.000000 -2.843899 17.973113 6.987379 48.906345 43.404410 16.063034 -80.364802 58.088443 -40.091312 0.000000 0.000000 0.000000 
0.006994 0.948571 -0.044479 2.734504 -0.286702 17.540355 5.275527 -1.610828 -31.014125 -2.520059 0.120429 13.721734 -5.579580 -7.337303 7.739129 0.000000 0.000000 0.000000 -3.027181 1.615323 -19.256562 -6.844485 0.923388 2.527384 -4.510091 -13.497208 11.242583 0.000000 0.000000 0.000000 1.333101 -0.577083 9.012613 -2.712224 1.216493 -3.909534 -7.911580 11.978072 1.287467 14.406188 -4.668096 -21.338718 0.000000 0.000000 0.000000 -4.405011 -24.751194 7.731037 -30.935958 -54.215006 8.808169 109.377070 -65.893024 -85.113729 0.000000 0.000000 0.000000 -2.637206 16.032644 6.197365 49.756722 41.994021 15.788681 -96.414808 62.780446 -56.678508 0.000000 0.000000 0.000000 
0.007451 0.949334 -0.040877 2.723487 0.501797 16.196828 4.715129 -1.677122 -28.718376 -2.004097 -0.007646 12.969502 -6.080057 -8.818526 6.752864 0.000000 0.000000 0.000000 -2.934811 1.420012 -16.814616 -7.067033 0.841840 1.367026 -4.848751 -14.097620 12.014918 0.000000 0.000000 0.000000 2.523712 -0.576244 6.366211 -3.504419 1.555717 -3.552328 -7.474922 11.478567 0.887002 12.900840 -4.158711 -20.159783 0.000000 0.000000 0.000000 -4.336815 -21.626741 6.536545 -34.205664 -55.761592 10.674212 123.311156 -65.335633 -100.126216 0.000000 0.000000 0.000000 -1.667405 14.204839 5.583383 50.259751 41.646353 15.764347 -114.358075 64.667005 -75.560407 0.000000 0.000000 0.000000 
0.007300 0.949934 -0.037848 2.692151 1.079507 15.040137 4.427681 -1.649463 -26.589479 -1.291875 -0.145635 11.650524 -6.403414 -9.507039 6.565540 0.000000 0.000000 0.000000 -2.918893 1.263012 -14.858169 -7.157555 0.797119 0.750240 -4.747387 -13.773617 11.676690 0.000000 0.000000 0.000000 3.135239 -0.480690 4.116542 -3.417934 1.527999 -4.061541 -7.306140 11.910446 0.179303 12.752100 -4.367495 -18.733906 0.000000 0.000000 0.000000 -4.697569 -20.019251 5.786052 -36.582991 -56.387789 11.918471 130.971380 -63.889314 -108.578532 0.000000 0.000000 0.000000 -1.494206 11.709867 4.608215 53.535226 41.503034 17.309327 -130.046914 64.300179 -91.976761 0.000000 0.000000 0.000000 
0.006796 0.950734 -0.035205 2.717196 1.567892 13.740900 4.046833 -1.607320 -24.423843 -0.839253 -0.220605 10.703790 -6.969455 -10.600814 6.500042 0.000000 0.000000 0.000000 -2.863993 1.110344 -12.891512 -7.024356 0.725396 0.093722 -4.797582 -13.787141 11.646188 0.000000 0.000000 0.000000 4.091056 -0.371430 1.753742 -3.810797 1.703376 -4.057156 -7.481983 11.792468 -0.294836 12.490853 -4.288296 -18.411767 0.000000 0.000000 0.000000 -3.631388 -17.596279 4.961473 -40.448768 -57.325046 13.862174 132.816732 -63.613325 -111.020442 0.000000 0.000000 0.000000 -1.007099 10.087324 4.007876 57.371806 42.091351 19.437114 -140.016545 64.079770 -104.153922 0.000000 0.000000 0.000000 
0.005797 0.951044 -0.033138 2.694509 2.075332 12.748627 3.925453 -1.538714 -22.735803 -0.455480 -0.276484 9.873873 -7.160282 -11.088061 6.259785 0.000000 0.000000 0.000000 -2.731265 0.989818 -11.268730 -6.960991 0.692222 -0.240511 -4.721403 -13.552175 11.458329 0.000000 0.000000 0.000000 4.227516 -0.228450 -0.033071 -4.040027 1.812936 -3.650875 -7.349266 11.879579 -1.304515 12.365063 -4.521072 -17.067725 0.000000 0.000000 0.000000 -2.755484 -16.280418 4.551191 -41.985169 -57.815918 14.651283 133.158232 -63.419509 -111.706970 0.000000 0.000000 0.000000 -0.383607 9.389766 3.816009 60.470884 42.084486 20.983393 -146.366726 62.983623 -111.546934 0.000000 0.000000 0.000000 
0.004822 0.951236 -0.031837 2.489358 2.136155 12.176853 3.949862 -1.458338 -21.570030 -0.290718 -0.283194 9.175634 -7.365039 -11.417054 6.338279 0.000000 0.000000 0.000000 -2.364323 0.915438 -10.091756 -6.856987 0.607351 -1.010444 -4.743279 -13.606148 11.652528 0.000000 0.000000 0.000000 4.528167 -0.085412 -1.928195 -4.138987 1.863320 -3.323204 -7.367250 12.535274 -2.133727 11.982312 -4.531568 -15.889447 0.000000 0.000000 0.000000 -1.996145 -15.309113 4.263679 -42.871476 -57.709791 14.840670 133.188805 -63.214560 -112.085082 0.000000 0.000000 0.000000 0.664860 8.538508 3.648816 63.815255 42.254800 22.812764 -152.257488 63.282728 -120.029021 0.000000 0.000000 0.000000 
0.004146 0.951172 -0.031175 2.245203 2.390266 11.678931 4.013945 -1.408369 -20.839903 -0.131331 -0.318430 9.257966 -7.180485 -11.430490 5.769153 0.000000 0.000000 0.000000 -2.162174 0.863996 -9.376783 -6.756195 0.607833 -0.946371 -4.329208 -12.745146 11.252609 0.000000 0.000000 0.000000 4.893501 0.027508 -3.389146 -4.458826 2.005821 -3.181422 -7.110161 12.951310 -2.769479 12.203557 -4.945437 -14.736580 0.000000 0.000000 0.000000 -1.428781 -14.804431 4.150135 -42.715288 -57.322243 14.494318 133.730057 -62.795533 -112.694989 0.000000 0.000000 0.000000 1.611356 8.261335 3.689571 65.047266 42.318756 23.495957 -153.892371 63.035333 -122.151435 0.000000 0.000000 0.000000 
0.004048 0.951060 -0.030874 1.974527 2.358012 11.065830 4.108612 -1.324441 -19.811172 -0.246386 -0.272937 8.606689 -6.726237 -10.639137 5.578766 0.000000 0.000000 0.000000 -1.902817 0.803260 -8.538550 -6.552906 0.596040 -0.885506 -4.252137 -12.603312 11.254430 0.000000 0.000000 0.000000 5.294184 0.129642 -4.567201 -4.835384 2.173201 -3.129785 -6.876144 13.683263 -3.120973 12.108466 -5.100715 -13.811691 0.000000 0.000000 0.000000 -1.247104 -14.064740 3.906968 -43.772338 -56.734835 14.614759 134.466182 -62.988032 -114.282353 0.000000 0.000000 0.000000 2.241042 7.513448 3.496477 66.467625 41.831534 23.946190 -155.342832 62.457045 -123.473054 0.000000 0.000000 0.000000 
0.004596 0.950698 -0.030513 1.935212 2.614379 10.850317 3.867001 -1.319004 -19.143331 -0.262201 -0.256052 8.138932 -6.443184 -10.071838 5.544830 0.000000 0.000000 0.000000 -1.996980 0.770172 -8.184919 -6.667742 0.600813 -0.976211 -4.234103 -12.511446 11.051613 0.000000 0.000000 0.000000 5.708030 0.215586 -5.569450 -5.027191 2.257369 -3.179676 -6.753861 13.768896 -3.395307 11.957468 -5.211629 -13.052463 0.000000 0.000000 0.000000 -1.749587 -13.438528 3.616489 -44.966567 -55.671809 14.798526 136.018293 -63.033663 -116.559232 0.000000 0.000000 0.000000 2.852484 7.062766 3.398009 67.077985 41.233625 23.798093 -157.902288 61.896548 -126.792135 0.000000 0.000000 0.000000 
0.005600 0.949979 -0.029723 1.831532 2.251325 10.319935 3.671762 -1.253418 -18.006808 -0.313528 -0.221325 7.518351 -5.906038 -9.148674 5.329162 0.000000 0.000000 0.000000 -2.186360 0.715771 -7.568935 -6.264178 0.585072 -0.723962 -4.088910 -12.198101 10.522438 0.000000 0.000000 0.000000 6.144661 0.295658 -6.298042 -5.185122 2.323749 -3.420886 -6.357049 14.140194 -3.441733 11.713050 -5.106156 -12.865661 0.000000 0.000000 0.000000 -2.370308 -12.407655 3.172671 -47.202456 -54.658240 15.426200 137.233652 -63.166821 -118.453937 0.000000 0.000000 0.000000 2.472626 6.442045 3.065494 68.347536 40.529057 24.006665 -157.425938 60.981913 -125.251969 0.000000 0.000000 0.000000 
0.006505 0.949370 -0.028405 1.763839 2.322811 10.049552 3.305219 -1.228626 -17.028865 -0.080806 -0.230984 6.704800 -5.650004 -8.679922 5.239267 0.000000 0.000000 0.000000 -2.241916 0.655205 -6.834618 -6.077256 0.543542 -0.992272 -4.152525 -12.240196 10.017535 0.000000 0.000000 0.000000 6.580412 0.391204 -7.216659 -5.435093 2.436802 -3.277328 -6.243465 14.255449 -3.869589 11.659416 -5.207886 -12.366887 0.000000 0.000000 0.000000 -2.520105 -11.292580 2.775376 -50.536655 -54.625906 16.849472 137.844225 -63.018603 -119.225212 0.000000 0.000000 0.000000 2.319150 5.020983 2.432603 69.579204 39.952116 24.348855 -156.587000 59.756070 -122.911925 0.000000 0.000000 0.000000 
0.006942 0.948273 -0.026805 1.640217 1.937707 9.565679 3.194061 -1.153986 -15.933482 -0.153000 -0.208405 6.478648 -5.242610 -8.290021 4.600149 0.000000 0.000000 0.000000 -2.250808 0.607153 -6.246053 -6.007085 0.557314 -0.754321 -4.056702 -12.012135 9.485946 0.000000 0.000000 0.000000 7.025819 0.504614 -8.116148 -5.569257 2.499638 -3.234971 -5.920514 14.413487 -3.905544 11.792546 -5.296981 -12.401663 0.000000 0.000000 0.000000 -2.864585 -10.214299 2.366087 -53.018558 -54.222942 17.772165 138.692346 -62.689792 -120.010004 0.000000 0.000000 0.000000 1.733019 4.332659 2.047981 70.920382 39.562824 24.833857 -155.455332 59.129765 -120.809038 0.000000 0.000000 0.000000 
0.006738 0.947002 -0.025397 1.650999 1.670831 9.280963 2.991877 -1.126109 -15.334950 -0.257687 -0.179831 6.184578 -4.928783 -7.942593 4.164501 0.000000 0.000000 0.000000 -2.246367 0.569317 -5.782001 -6.195704 0.603172 -0.446382 -3.986928 -11.763040 8.639931 0.000000 0.000000 0.000000 7.171977 0.578965 -8.707288 -5.575682 2.505795 -3.181040 -5.893599 14.439351 -4.305039 12.304347 -5.623910 -12.444267 0.000000 0.000000 0.000000 -3.210457 -9.650059 2.111524 -55.898769 -53.933085 18.948438 140.591269 -62.649606 -122.632663 0.000000 0.000000 0.000000 1.048013 3.628813 1.662113 72.147562 39.343057 25.459939 -154.157360 58.794298 -118.862668 0.000000 0.000000 0.000000 
0.006035 0.945512 -0.024438 1.414070 1.010255 8.878169 3.145352 -1.063125 -14.829952 -0.529290 -0.140216 6.454461 -4.454830 -7.607419 3.207847 0.000000 0.000000 0.000000 -2.277761 0.533049 -5.334672 -5.856103 0.566940 -0.428452 -3.982405 -11.691662 7.951329 0.000000 0.000000 0.000000 7.618336 0.624719 -8.802919 -5.866338 2.624504 -3.429298 -5.882881 14.708451 -4.397355 12.586258 -5.804541 -12.481412 0.000000 0.000000 0.000000 -3.307558 -8.689175 1.779949 -58.308186 -53.872228 19.953908 141.960172 -63.096796 -124.914820 0.000000 0.000000 0.000000 0.510878 3.231862 1.434056 72.761921 39.493417 25.990691 -152.072130 58.384966 -115.454868 0.000000 0.000000 0.000000 
0.004884 0.944059 -0.023886 1.432691 0.534759 8.713713 3.154687 -1.044980 -14.709985 -0.618237 -0.126398 6.607076 -4.192769 -7.376230 2.736481 0.000000 0.000000 0.000000 -2.202611 0.523346 -5.211579 -5.974711 0.588567 -0.285654 -3.928334 -11.503692 7.326416 0.000000 0.000000 0.000000 7.790164 0.672139 -9.069851 -5.868746 2.613587 -3.792581 -5.806745 14.687315 -4.172851 12.745545 -5.970625 -12.371834 0.000000 0.000000 0.000000 -3.521192 -7.727203 1.435415 -60.009960 -53.416077 20.470063 144.072985 -63.573657 -128.139949 0.000000 0.000000 0.000000 -0.516748 2.675190 1.096532 73.665029 39.571140 26.626249 -152.070570 58.818031 -116.273482 0.000000 0.000000 0.000000 
0.003482 0.942938 -0.023328 1.365953 0.264954 8.438966 3.298994 -1.000960 -14.327535 -1.012615 -0.065906 6.875744 -3.832451 -6.954820 2.210800 0.000000 0.000000 0.000000 -2.060696 0.501098 -4.951803 -5.996328 0.594065 -0.232704 -3.793152 -11.076361 6.490225 0.000000 0.000000 0.000000 8.142301 0.722217 -9.280431 -5.948165 2.654753 -3.641604 -5.894282 14.546186 -4.385641 12.463964 -5.933003 -11.912069 0.000000 0.000000 0.000000 -3.596188 -6.762015 1.115162 -61.455581 -52.753944 20.748150 146.306775 -64.668524 -132.198341 0.000000 0.000000 0.000000 -1.699767 2.204849 0.803120 73.860286 39.015781 26.438888 -152.653841 59.114525 -117.789553 0.000000 0.000000 0.000000 
0.001778 0.942501 -0.022579 1.377341 -0.041394 8.246053 3.340822 -0.965615 -13.921797 -1.061213 -0.050453 6.701689 -4.087212 -7.367693 2.418372 0.000000 0.000000 0.000000 -1.987898 0.492694 -4.858004 -6.083983 0.612633 -0.106557 -3.791710 -11.118382 6.618708 0.000000 0.000000 0.000000 8.367336 0.733050 -9.183902 -5.972538 2.647167 -4.185733 -6.056025 14.591240 -3.956119 12.771265 -6.136885 -11.972908 0.000000 0.000000 0.000000 -3.604358 -5.541282 0.720406 -62.385943 -51.731879 20.446039 150.260975 -66.169121 -138.904652 0.000000 0.000000 0.000000 -2.651341 1.434254 0.434506 73.756142 38.238250 25.896856 -153.514935 59.262282 -119.314220 0.000000 0.000000 0.000000 
-0.000227 0.942361 -0.021740 1.236122 -0.146244 8.302926 3.416489 -0.955595 -13.889101 -0.984253 -0.071658 7.083911 -3.958702 -7.286336 2.119777 0.000000 0.000000 0.000000 -1.790312 0.514488 -5.116518 -6.107186 0.611070 -0.138679 -3.859940 -11.251218 6.519306 0.000000 0.000000 0.000000 8.748044 0.754253 -9.225563 -6.256558 2.775496 -3.959796 -6.504617 14.468071 -4.131222 12.966506 -6.746243 -10.455006 0.000000 0.000000 0.000000 -3.238679 -4.588720 0.504773 -62.065106 -50.811232 19.704298 153.684267 -67.794046 -144.946779 0.000000 0.000000 0.000000 -3.168147 0.062458 -0.096214 72.551373 36.927670 24.389818 -156.286318 58.992144 -123.301912 0.000000 0.000000 0.000000 
-0.002495 0.942086 -0.021164 1.105939 -0.375818 8.096069 3.516195 -0.937385 -13.830223 -0.703303 -0.121144 7.245452 -3.820846 -6.941033 2.216741 0.000000 0.000000 0.000000 -1.519789 0.519193 -5.180952 -6.133628 0.643676 0.194361 -3.723273 -10.924483 6.260616 0.000000 0.000000 0.000000 8.807390 0.729250 -8.901812 -6.138511 2.713073 -4.292596 -6.847411 14.295095 -3.356806 12.827505 -6.952946 -9.622150 0.000000 0.000000 0.000000 -2.529947 -3.016975 0.197431 -61.407315 -49.393549 18.420978 156.035217 -69.294521 -148.983855 0.000000 0.000000 0.000000 -3.682475 -1.037123 -0.517320 69.582185 35.848102 22.110970 -156.659087 58.790756 -123.332456 0.000000 0.000000 0.000000 
-0.004824 0.942194 -0.020828 0.858288 -0.359129 7.872309 3.605672 -0.924818 -13.785352 -0.187780 -0.218566 7.526892 -3.654755 -6.521814 2.330368 0.000000 0.000000 0.000000 -1.111855 0.496729 -4.940233 -6.217900 0.659345 0.258793 -3.559644 -10.570513 6.225951 0.000000 0.000000 0.000000 9.079209 0.722910 -8.690851 -6.370791 2.814755 -4.287686 -6.598497 14.053018 -2.433665 12.346837 -6.788781 -9.198565 0.000000 0.000000 0.000000 -1.754045 -1.505894 -0.060726 -61.581452 -47.806733 17.375930 160.680406 -70.173859 -155.643012 0.000000 0.000000 0.000000 -5.010357 -2.737672 -1.148432 66.995443 34.260581 19.873982 -158.176868 57.641213 -124.437688 0.000000 0.000000 0.000000 
-0.007205 0.942210 -0.020555 0.516932 -0.462766 7.939617 3.918050 -0.909379 -14.045121 0.103867 -0.282147 7.938874 -3.377871 -5.846667 2.502953 0.000000 0.000000 0.000000 -0.779771 0.518403 -5.175365 -5.813648 0.630530 0.422139 -3.751047 -10.977365 6.200858 0.000000 0.000000 0.000000 9.297144 0.647839 -8.013024 -6.466498 2.820365 -5.089770 -6.566885 14.097850 -0.742015 12.148131 -6.665252 -9.290496 0.000000 0.000000 0.000000 -1.558374 0.244958 -0.554535 -60.441437 -45.595925 15.503245 164.611813 -70.240045 -160.802802 0.000000 0.000000 0.000000 -5.352674 -4.671964 -1.807704 62.912045 32.195500 16.732151 -160.682981 55.928702 -126.368418 0.000000 0.000000 0.000000 
-0.009550 0.942314 -0.020291 0.231975 -0.052427 8.173945 4.265248 -0.924152 -14.758304 0.457120 -0.370019 8.503287 -3.437221 -5.739399 2.880245 0.000000 0.000000 0.000000 -0.165298 0.630582 -6.299822 -5.995624 0.752175 1.497047 -3.821951 -11.065755 5.976622 0.000000 0.000000 0.000000 9.085378 0.527907 -7.188831 -6.559228 2.852914 -5.218512 -6.444068 13.900637 0.232657 12.314297 -7.050991 -8.534848 0.000000 0.000000 0.000000 -1.261745 0.744159 -0.632718 -58.990855 -43.736602 13.894876 166.816546 -69.143441 -163.389566 0.000000 0.000000 0.000000 -5.178121 -6.035603 -2.265242 59.996118 29.962776 14.152114 -165.197515 53.828849 -131.927626 0.000000 0.000000 0.000000 
-0.012036 0.942146 -0.020856 0.130464 -0.363712 8.515868 4.972681 -0.916067 -16.173805 -0.216887 -0.290035 10.042115 -3.083529 -4.877092 3.149659 0.000000 0.000000 0.000000 -0.037714 0.755494 -7.538035 -5.841958 0.897697 3.307421 -3.960495 -11.223941 5.194695 0.000000 0.000000 0.000000 8.911907 0.401845 -6.228725 -6.690374 2.900676 -5.220676 -6.730315 13.988156 1.367085 11.329342 -6.834675 -7.017786 0.000000 0.000000 0.000000 -1.002235 1.825637 -0.904428 -58.572205 -42.603358 13.006447 164.695834 -69.426689 -160.201631 0.000000 0.000000 0.000000 -4.426829 -7.057625 -2.619676 57.465305 28.182234 12.041599 -168.516695 52.072025 -136.266434 0.000000 0.000000 0.000000 
-0.014688 0.941667 -0.022994 -0.267173 -0.286507 9.185603 5.451740 -0.964096 -18.412185 -0.133083 -0.365905 11.921751 -2.835137 -4.485674 2.946267 0.000000 0.000000 0.000000 0.426623 0.979500 -9.597271 -5.662003 1.069272 5.473469 -4.089200 -11.413639 4.693741 0.000000 0.000000 0.000000 8.273159 0.192404 -4.670719 -6.932277 2.997111 -5.116934 -6.322664 13.678620 2.173937 11.089207 -7.058009 -5.837311 0.000000 0.000000 0.000000 -0.291504 2.161151 -0.817209 -57.823688 -42.389172 12.611045 160.344182 -67.590990 -152.771591 0.000000 0.000000 0.000000 -4.169333 -7.743403 -2.840460 56.727548 27.686845 11.358887 -169.921920 51.169118 -138.331485 0.000000 0.000000 0.000000 
-0.017885 0.940456 -0.027667 -0.396588 -0.049583 10.127606 6.302619 -0.994883 -21.922989 -0.736349 -0.332914 15.430061 -2.635733 -4.263003 2.612982 0.000000 0.000000 0.000000 0.556189 1.260145 -12.228082 -4.958528 1.212916 8.445407 -4.323647 -11.590319 2.930295 0.000000 0.000000 0.000000 7.033079 -0.044902 -2.619349 -6.579162 2.853346 -4.853745 -6.229892 12.932231 3.479586 9.931261 -6.121845 -6.122762 0.000000 0.000000 0.000000 -0.206376 2.492649 -0.911789 -56.784106 -43.108173 12.699182 152.189015 -66.263699 -139.473882 0.000000 0.000000 0.000000 -3.612404 -7.407111 -2.710401 56.167422 27.651976 10.874568 -170.237575 49.886810 -138.115627 0.000000 0.000000 0.000000 
-0.021273 0.938414 -0.035128 -0.648186 -0.129779 11.048150 6.946199 -1.007078 -25.861634 -1.079032 -0.324844 19.044752 -2.165946 -3.737224 1.803207 0.000000 0.000000 0.000000 0.319195 1.684108 -16.456532 -3.496936 1.272717 12.876313 -4.401800 -11.335786 0.682042 0.000000 0.000000 0.000000 5.826825 -0.415177 1.462277 -6.400271 2.746285 -5.349549 -6.067032 13.104274 4.619264 10.753542 -6.233822 -7.823845 0.000000 0.000000 0.000000 -0.230824 1.490977 -0.638837 -53.304275 -43.977310 12.045821 142.890518 -63.403772 -123.906222 0.000000 0.000000 0.000000 -3.003981 -7.480666 -2.757225 56.643571 28.820931 11.521501 -170.644913 49.876916 -138.381066 0.000000 0.000000 0.000000 
-0.024670 0.934374 -0.045658 -0.568240 0.267840 12.334007 7.192542 -1.136920 -30.934141 -1.455051 -0.324510 23.476199 -2.031253 -3.124572 2.431680 0.000000 0.000000 0.000000 -0.421031 2.050233 -21.038291 -1.818682 1.152589 17.400647 -4.673411 -11.660434 -1.244018 0.000000 0.000000 0.000000 4.679667 -0.682669 5.230694 -6.046133 2.600951 -5.054099 -6.187865 11.729686 5.819647 9.956399 -4.907033 -10.756448 0.000000 0.000000 0.000000 -0.964846 -0.078760 -0.336384 -49.923560 -44.759106 11.615730 130.597536 -61.416171 -104.872432 0.000000 0.000000 0.000000 -3.942284 -4.462902 -1.653538 58.386897 29.322851 12.101711 -169.879996 50.334297 -137.447519 0.000000 0.000000 0.000000 
-0.028230 0.924486 -0.059818 -0.198260 0.685196 13.751028 7.440758 -1.275788 -36.191179 -2.356353 -0.119445 28.049951 -1.463440 -2.104720 2.106490 0.000000 0.000000 0.000000 -1.781151 2.305140 -26.473107 -0.248850 0.956246 23.270793 -4.879968 -11.488025 -4.964675 0.000000 0.000000 0.000000 3.199846 -0.912088 10.192865 -5.681202 2.448152 -4.587666 -6.991632 11.282277 5.328459 11.106667 -5.777057 -10.389631 0.000000 0.000000 0.000000 -3.854514 -4.494993 0.471985 -43.841296 -44.104465 9.909770 118.310374 -60.872120 -89.812804 0.000000 0.000000 0.000000 -3.203041 -2.022014 -0.755835 59.327385 31.899710 13.839725 -166.643686 55.873389 -135.267474 0.000000 0.000000 0.000000 
-0.032049 0.906746 -0.076774 -0.278428 1.834180 15.864404 8.443111 -1.328849 -42.838365 -3.685793 0.258827 33.845667 -0.777085 -1.217371 0.958304 0.000000 0.000000 0.000000 -3.049570 2.502240 -34.018381 2.335491 0.115927 30.363044 -5.318753 -12.299828 -8.203865 0.000000 0.000000 0.000000 2.813381 -1.293996 15.637623 -4.761036 2.075561 -3.063350 -8.603216 10.028163 3.118664 12.664806 -6.466172 -11.400199 0.000000 0.000000 0.000000 -7.804073 -10.815375 2.111709 -33.839272 -44.575722 7.569532 98.594665 -57.762779 -65.788208 0.000000 0.000000 0.000000 -1.936134 2.738851 1.133591 55.701178 35.127628 14.296869 -155.019541 61.945655 -121.748469 0.000000 0.000000 0.000000 
-0.036160 0.881838 -0.094855 -0.320206 2.379623 17.757443 10.371750 -0.868149 -50.148766 -5.939282 1.328791 40.852516 0.246425 0.823105 0.516162 0.000000 0.000000 0.000000 -4.191821 2.576421 -42.390203 4.118880 -0.768917 39.136176 -5.598511 -12.832950 -10.629864 0.000000 0.000000 0.000000 1.778057 -1.540907 21.704444 -4.076618 1.774915 -1.911910 -8.999049 8.956433 1.376406 13.544406 -6.479753 -13.066120 0.000000 0.000000 0.000000 -9.632339 -18.920660 5.425836 -23.440959 -43.910926 4.397386 80.675911 -48.921039 -41.901663 0.000000 0.000000 0.000000 -1.919665 8.790798 3.551561 49.275649 41.264592 15.027799 -115.145187 66.252697 -77.837564 0.000000 0.000000 0.000000 
-0.039863 0.848208 -0.110899 -0.884151 2.215693 20.244212 13.739479 0.783688 -58.548361 -9.319389 3.662925 48.428363 1.428553 2.696339 -1.272878 0.000000 0.000000 0.000000 -5.528183 2.538943 -52.375082 7.309450 -2.741773 48.293624 -6.235097 -14.861182 -12.082956 0.000000 0.000000 0.000000 0.497016 -1.643090 28.668003 -2.754983 1.207205 -2.939777 -9.616228 8.864715 0.966734 15.665442 -6.127619 -18.391688 0.000000 0.000000 0.000000 -7.890161 -25.467709 8.482413 -15.372027 -45.503595 1.696879 67.257607 -37.552819 -24.579314 0.000000 0.000000 0.000000 -3.910072 14.073262 5.489483 40.008849 48.805059 14.778344 -72.913209 53.824129 -31.644563 0.000000 0.000000 0.000000 
-0.042644 0.815984 -0.122425 -1.166900 2.168675 22.862105 17.020422 2.996214 -66.302899 -12.182130 6.293914 55.063439 1.974531 3.811130 -1.669151 0.000000 0.000000 0.000000 -7.617166 1.787167 -61.358924 10.266012 -5.130961 55.302757 -6.365762 -15.541824 -11.060238 0.000000 0.000000 0.000000 -0.523682 -1.651773 34.630037 -1.700711 0.773794 -3.140365 -9.885821 9.894784 -0.052287 17.453241 -5.895667 -21.882575 0.000000 0.000000 0.000000 -7.375429 -32.844435 11.788010 -8.536528 -45.897745 -0.848787 56.046018 -29.152497 -14.547913 0.000000 0.000000 0.000000 -7.062410 18.792054 6.969335 28.721866 53.048862 11.558332 -55.075351 37.158593 -13.567106 0.000000 0.000000 0.000000 
-0.044256 0.786667 -0.129246 -1.482123 2.403220 24.870384 18.982429 4.653523 -71.787378 -13.262842 7.821333 59.748586 2.721338 5.155949 -2.753851 0.000000 0.000000 0.000000 -9.406971 0.715687 -67.517150 12.871053 -7.617159 60.186697 -6.721908 -16.691812 -11.780765 0.000000 0.000000 0.000000 -1.020303 -1.791843 39.944774 -0.912429 0.468093 -3.690972 -10.165376 11.206099 0.053861 18.776027 -5.726734 -24.176019 0.000000 0.000000 0.000000 -5.579028 -37.748776 13.823745 -5.117027 -47.142691 -2.477821 47.734492 -25.553534 -10.131755 0.000000 0.000000 0.000000 -9.332307 22.250474 7.991215 15.537716 54.178633 5.921027 -42.039133 24.419753 -5.687207 0.000000 0.000000 0.000000 
-0.045121 0.766842 -0.133052 -1.699648 2.905443 26.197989 20.163848 5.601442 -74.980521 -13.675265 8.616970 62.576505 2.748091 4.901359 -3.618001 0.000000 0.000000 0.000000 -10.413135 -0.236041 -72.292916 14.443331 -9.473258 63.797318 -6.588948 -16.280416 -10.400763 0.000000 0.000000 0.000000 -1.781592 -1.722678 43.295280 -0.292483 0.214646 -3.333341 -10.147551 13.384478 0.302307 19.726287 -5.306618 -26.590173 0.000000 0.000000 0.000000 -2.569490 -41.096250 14.609243 -2.888798 -49.251874 -4.075170 42.890875 -24.846549 -8.618378 0.000000 0.000000 0.000000 -13.832276 23.846750 7.523491 10.641751 53.248600 4.228960 -34.951154 16.325301 -2.606322 0.000000 0.000000 0.000000 
-0.045325 0.755886 -0.135215 -1.123519 4.010819 26.886383 19.789152 4.919453 -76.766843 -13.521275 8.515098 63.750516 3.259045 5.335232 -5.827724 0.000000 0.000000 0.000000 -11.436701 -1.584598 -74.214567 14.708952 -10.297928 65.818806 -6.481268 -15.681819 -11.189353 0.000000 0.000000 0.000000 -1.662653 -2.198437 46.059441 -0.052442 0.151602 -4.271111 -10.469604 14.943555 0.744253 21.108009 -5.738211 -26.889137 0.000000 0.000000 0.000000 -1.655305 -42.719567 14.910243 -3.313621 -50.720550 -4.402891 40.621215 -29.134978 -9.625828 0.000000 0.000000 0.000000 -13.888514 25.630082 8.262896 4.759835 51.660842 1.668110 -28.563107 10.580851 -1.033447 0.000000 0.000000 0.000000 
-0.045403 0.756515 -0.136646 -1.129627 4.491438 27.432314 19.629469 4.513344 -76.390338 -12.618518 7.473110 61.867191 2.561477 3.172160 -6.669094 0.000000 0.000000 0.000000 -11.203637 -1.734144 -75.478065 13.945645 -9.941482 67.118291 -6.033919 -14.253937 -10.220693 0.000000 0.000000 0.000000 -1.407261 -2.526103 47.092632 0.256791 0.012781 -3.783665 -10.655395 16.648712 1.052755 21.638924 -5.859685 -26.904645 0.000000 0.000000 0.000000 -0.200445 -43.275196 14.646594 -2.730037 -51.686691 -5.242790 40.830341 -32.834285 -11.149397 0.000000 0.000000 0.000000 -16.773967 26.089397 7.583456 3.514949 49.967354 1.500125 -24.694697 7.738733 -0.428868 0.000000 0.000000 0.000000 
-0.045328 0.769409 -0.137107 -0.827451 5.002785 28.079949 18.436361 3.180443 -74.150518 -11.265449 5.752850 57.399318 1.920626 0.964378 -7.586996 0.000000 0.000000 0.000000 -11.008555 -1.799579 -74.413603 12.858643 -8.894848 65.375946 -5.770168 -13.775982 -8.409469 0.000000 0.000000 0.000000 -1.057656 -2.805767 46.618868 0.212908 0.038862 -4.010302 -10.495759 16.903900 1.891579 21.939345 -6.034035 -26.846971 0.000000 0.000000 0.000000 0.709458 -42.469964 14.146178 -2.680250 -52.223287 -5.514013 41.509588 -36.724390 -12.921281 0.000000 0.000000 0.000000 -17.035192 26.229713 7.539063 2.306878 49.975505 1.069878 -23.665850 6.614421 -0.243750 0.000000 0.000000 0.000000 
-0.045481 0.789188 -0.136874 -0.811897 5.487531 27.395944 17.369516 1.984777 -69.951260 -10.187386 4.289882 51.541154 1.011272 -1.178644 -6.828433 0.000000 0.000000 0.000000 -10.096673 -1.188594 -71.129583 11.378207 -7.379314 62.076902 -5.368489 -12.588351 -8.205874 0.000000 0.000000 0.000000 -0.988008 -2.841672 45.535049 1.012136 -0.279885 -3.882480 -10.196440 17.133491 2.696641 22.092347 -6.349181 -26.247161 0.000000 0.000000 0.000000 -0.484355 -40.325558 13.327389 -6.848134 -52.928702 -3.750978 43.358251 -42.000995 -16.077910 0.000000 0.000000 0.000000 -16.709203 25.976600 7.425847 3.224831 51.100172 1.577564 -25.773568 6.208420 -0.133016 0.000000 0.000000 0.000000 
-0.045250 0.817275 -0.135510 -1.058441 5.879419 27.083916 16.370470 1.032498 -65.226937 -8.992663 2.960178 44.450907 -0.022974 -2.820632 -4.848441 0.000000 0.000000 0.000000 -8.612241 -0.163182 -66.154159 9.134878 -5.153751 55.921691 -4.672608 -10.873739 -6.639386 0.000000 0.000000 0.000000 -0.376888 -2.993346 43.063153 1.061846 -0.302290 -3.828422 -9.525252 17.292816 2.761410 22.738496 -6.936965 -25.564199 0.000000 0.000000 0.000000 -2.049237 -38.555211 12.629732 -12.061088 -52.532307 -1.263568 43.361357 -47.101501 -18.674233 0.000000 0.000000 0.000000 -15.604378 25.172340 7.414141 7.189868 51.974544 3.323455 -29.574119 8.601207 -0.541341 0.000000 0.000000 0.000000 
-0.044448 0.846014 -0.133204 -1.251803 5.811401 25.983055 14.737564 0.093092 -59.586885 -7.720989 1.922956 37.565600 -0.484972 -2.686813 -2.716292 0.000000 0.000000 0.000000 -6.986758 0.948998 -60.344590 7.204657 -3.389575 49.623144 -4.647733 -11.084383 -5.716826 0.000000 0.000000 0.000000 -0.047589 -2.912082 40.960721 1.464940 -0.457396 -3.918095 -9.256086 16.964127 3.334892 22.011077 -7.274358 -23.772947 0.000000 0.000000 0.000000 -1.498166 -34.425240 10.927678 -20.286968 -53.133403 2.272128 45.342218 -51.468001 -22.364578 0.000000 0.000000 0.000000 -13.999790 23.773537 7.247837 11.548009 54.509985 5.564408 -35.434488 12.167610 -1.424002 0.000000 0.000000 0.000000 
-0.042868 0.872347 -0.130153 -1.539296 5.723634 25.302784 13.781085 -0.346750 -54.517738 -6.751168 1.300529 31.317173 -1.313109 -3.076998 -0.064636 0.000000 0.000000 0.000000 -6.131680 1.466456 -55.536135 6.407742 -2.484182 42.621821 -4.308465 -10.666614 -3.362582 0.000000 0.000000 0.000000 0.785705 -2.884671 37.096825 1.498648 -0.491358 -3.539461 -9.337533 16.635807 2.911567 21.849343 -8.197691 -21.051640 0.000000 0.000000 0.000000 -4.440217 -31.937884 9.910560 -27.311219 -50.271426 5.342283 44.826393 -57.187866 -25.479991 0.000000 0.000000 0.000000 -10.997010 22.157479 7.486158 18.118983 56.079173 8.800823 -41.004158 16.972233 -2.960608 0.000000 0.000000 0.000000 
-0.040465 0.888094 -0.126673 -1.272672 5.523816 23.899528 12.704207 -0.729406 -50.013675 -6.583847 1.132904 27.470664 -1.365128 -2.626492 0.833909 0.000000 0.000000 0.000000 -5.478488 1.776701 -50.505752 4.996161 -1.549060 37.866878 -4.135124 -10.304845 -2.700181 0.000000 0.000000 0.000000 1.209738 -2.635081 33.189831 2.012438 -0.735753 -2.899228 -9.345121 16.057975 3.335837 20.734889 -8.404702 -19.024537 0.000000 0.000000 0.000000 -5.345916 -28.519641 8.488746 -33.767412 -47.456240 7.380375 47.435984 -62.644921 -30.859566 0.000000 0.000000 0.000000 -8.019859 19.935085 7.323136 27.248510 57.000242 13.386549 -46.504203 24.268609 -5.852207 0.000000 0.000000 0.000000 
-0.037728 0.897384 -0.122501 -1.262461 5.178651 22.179104 11.923731 -0.884418 -46.084256 -6.846139 1.184692 25.734098 -0.856157 -1.571429 0.595842 0.000000 0.000000 0.000000 -5.171605 1.923199 -46.763523 4.658410 -1.264533 35.109728 -4.253490 -10.693055 -2.234821 0.000000 0.000000 0.000000 1.695788 -2.405810 29.490308 1.422614 -0.542418 -2.063749 -8.612006 15.272068 3.362475 19.752054 -9.160508 -15.725737 0.000000 0.000000 0.000000 -7.329059 -25.399660 7.182455 -38.024979 -42.998653 8.026688 49.376295 -68.776659 -36.442074 0.000000 0.000000 0.000000 -5.235911 17.120400 6.778724 37.876006 56.653914 18.557846 -52.824032 33.245213 -10.434012 0.000000 0.000000 0.000000 
-0.034625 0.901454 -0.117256 -1.173574 5.491462 20.245880 10.903263 -1.205169 -42.902079 -6.456956 1.001804 26.069167 -0.076216 -0.832492 -1.323511 0.000000 0.000000 0.000000 -5.528527 1.673605 -43.106642 4.547852 -1.218504 33.335668 -4.333192 -10.823898 -2.312619 0.000000 0.000000 0.000000 2.204913 -2.263562 26.244654 1.707420 -0.599492 -3.220189 -8.039203 14.746035 5.435691 18.821731 -8.706128 -15.818902 0.000000 0.000000 0.000000 -6.566873 -20.900173 5.490518 -42.720234 -39.142816 7.875677 61.415556 -78.414226 -54.069639 0.000000 0.000000 0.000000 -2.487006 12.978414 5.558677 49.822406 52.867964 22.621377 -62.581382 47.183150 -20.261325 0.000000 0.000000 0.000000 
-0.031219 0.901654 -0.110126 -1.010694 5.437262 18.007250 10.114318 -1.353995 -40.720747 -6.735246 1.093277 28.058797 0.708554 0.269268 -2.681314 0.000000 0.000000 0.000000 -5.655511 1.580929 -39.870627 4.130834 -1.060748 33.446908 -4.260797 -10.076678 -4.718024 0.000000 0.000000 0.000000 2.832446 -2.063485 22.611034 1.127271 -0.367994 -3.126120 -7.225765 14.287634 6.049996 16.603180 -8.064877 -13.784734 0.000000 0.000000 0.000000 -6.847255 -16.778043 3.887429 -46.400263 -33.439754 6.690947 119.382649 -85.790005 -118.936275 0.000000 0.000000 0.000000 -0.439715 8.497439 3.952199 59.159197 44.626126 21.983545 -76.933410 64.464434 -40.110004 0.000000 0.000000 0.000000 
-0.027435 0.898807 -0.100889 -0.804016 5.039064 15.559544 8.945281 -1.520238 -38.285953 -6.261488 0.940504 30.648727 1.740541 0.945329 -6.051227 0.000000 0.000000 0.000000 -6.088224 1.440565 -36.913332 3.653746 -0.859279 34.572494 -3.988075 -8.978757 -5.663990 0.000000 0.000000 0.000000 3.377880 -1.835982 19.374643 0.195464 0.027482 -3.324793 -6.044017 14.070934 6.968893 15.632510 -8.282366 -11.673734 0.000000 0.000000 0.000000 -6.987728 -11.657584 1.987890 -48.486676 -27.558265 4.659535 -156.909682 -78.765400 148.219769 0.000000 0.000000 0.000000 3.647443 2.314561 1.825620 61.444873 35.093621 16.074836 -129.166779 80.301853 -104.511528 0.000000 0.000000 0.000000 
-0.023743 0.892900 -0.090161 -0.479902 4.956447 13.172584 8.650130 -1.479445 -36.116476 -6.888514 1.182992 33.585735 2.550097 1.796005 -8.288893 0.000000 0.000000 0.000000 -6.149450 1.373343 -35.179435 2.620410 -0.459630 37.627891 -3.933841 -8.146040 -7.774612 0.000000 0.000000 0.000000 3.800954 -1.581789 16.163345 -0.070936 0.135444 -3.124244 -5.151738 12.989330 6.926253 13.728713 -7.730827 -9.617234 0.000000 0.000000 0.000000 -8.683146 -5.339988 -0.688169 -49.453947 -21.153793 2.390499 -144.650091 -68.476394 125.972599 0.000000 0.000000 0.000000 5.603070 -4.128864 -1.064189 62.326937 25.628305 10.229358 155.650205 72.882044 165.718401 0.000000 0.000000 0.000000 
-0.020334 0.884713 -0.079195 -0.145538 4.810686 10.466822 7.622720 -1.602111 -33.943317 -7.223652 1.322609 36.770388 3.413627 2.738563 -10.798306 0.000000 0.000000 0.000000 -5.984803 1.349877 -32.688677 1.805159 -0.086488 40.413969 -3.925037 -7.490606 -9.440842 0.000000 0.000000 0.000000 4.602766 -1.353090 12.796241 -0.811672 0.455553 -3.063682 -4.726401 12.036000 7.461580 12.634003 -7.303210 -8.815404 0.000000 0.000000 0.000000 -8.426599 0.642518 -2.785142 -50.989848 -16.553273 0.366760 -138.641249 -60.975264 111.042264 0.000000 0.000000 0.000000 7.909957 -10.085225 -3.891236 61.208534 17.182553 4.731551 139.948563 61.553516 135.169744 0.000000 0.000000 0.000000 
-0.017923 0.878040 -0.069835 0.111527 4.685083 8.020680 7.512145 -1.465640 -31.470223 -8.308779 1.818806 38.429505 4.260831 4.008693 -12.905328 0.000000 0.000000 0.000000 -5.734757 1.355683 -30.947009 0.812088 0.440610 43.338118 -4.020988 -7.119523 -11.125083 0.000000 0.000000 0.000000 5.344966 -1.177812 10.400131 -1.156619 0.638697 -4.068330 -4.395004 11.096891 7.947400 12.001452 -7.128525 -8.200008 0.000000 0.000000 0.000000 -8.847079 4.048242 -4.090246 -51.050131 -12.743548 -1.254936 -134.335599 -57.854698 102.176492 0.000000 0.000000 0.000000 8.598421 -14.034762 -5.883884 59.704549 10.587317 0.854494 133.934476 56.527766 119.923491 0.000000 0.000000 0.000000 
-0.016136 0.875748 -0.062732 0.100166 4.282365 6.194587 7.072252 -1.383746 -29.014564 -8.427053 1.915050 38.699906 4.714814 4.525343 -14.484726 0.000000 0.000000 0.000000 -5.674704 1.322467 -28.621403 0.489715 0.701295 43.896387 -4.018529 -6.592148 -12.230088 0.000000 0.000000 0.000000 6.424354 -0.996695 7.803082 -2.102786 1.032319 -3.318596 -4.309877 10.094913 6.697180 11.357780 -6.857995 -7.675762 0.000000 0.000000 0.000000 -8.471212 7.188636 -5.040489 -51.647561 -10.753003 -2.088137 -127.241038 -57.330019 92.754083 0.000000 0.000000 0.000000 8.735040 -16.483600 -7.141009 59.338078 5.897257 -1.512453 127.237039 55.608327 107.677753 0.000000 0.000000 0.000000 
-0.014945 0.878721 -0.057437 0.291940 4.003473 5.260644 6.546176 -1.352155 -26.885363 -8.349845 1.881595 37.530474 4.483478 3.949271 -14.217129 0.000000 0.000000 0.000000 -5.672063 1.265446 -26.434073 0.520356 0.733547 42.753784 -4.152241 -6.796047 -12.821839 0.000000 0.000000 0.000000 7.182039 -0.794553 5.490761 -2.427543 1.181471 -3.777349 -4.318638 9.276872 5.992908 11.000558 -6.969704 -6.549393 0.000000 0.000000 0.000000 -8.788362 8.773051 -5.651482 -51.539032 -9.642128 -2.482582 -117.276099 -57.484634 81.512859 0.000000 0.000000 0.000000 8.175608 -18.383936 -8.010279 59.400150 2.220586 -3.241151 117.006528 57.147769 95.057899 0.000000 0.000000 0.000000 
-0.013931 0.883243 -0.053090 0.285782 3.303785 4.734077 6.404694 -1.195333 -24.306305 -7.985153 1.773980 35.274143 4.191182 3.019556 -14.426385 0.000000 0.000000 0.000000 -5.870774 1.203355 -24.530316 0.825385 0.688131 40.425929 -4.115225 -6.434759 -13.124644 0.000000 0.000000 0.000000 7.709663 -0.552343 3.102938 -2.630517 1.267260 -3.904588 -4.423573 8.954961 5.035256 11.173392 -7.197225 -6.266783 0.000000 0.000000 0.000000 -7.972704 10.580988 -6.007801 -53.366263 -9.827863 -2.556874 -100.701586 -56.750872 63.942699 0.000000 0.000000 0.000000 7.337713 -19.770264 -8.534058 60.156448 -1.044472 -4.720425 104.186820 58.452414 81.109468 0.000000 0.000000 0.000000 
-0.013135 0.887300 -0.049019 0.327088 2.373923 4.497018 5.788749 -1.137932 -22.034529 -7.196903 1.512960 32.636909 3.864069 2.023003 -14.665971 0.000000 0.000000 0.000000 -5.545516 1.222259 -22.260995 0.432497 0.983610 37.577354 -4.115394 -6.333969 -12.996220 0.000000 0.000000 0.000000 8.206062 -0.421385 1.817069 -2.817012 1.342543 -4.595013 -4.308739 8.964390 4.465139 11.774685 -7.711679 -6.138862 0.000000 0.000000 0.000000 -8.735487 10.533581 -6.199149 -54.269780 -9.978182 -2.432821 -84.413769 -54.725286 48.349725 0.000000 0.000000 0.000000 6.989021 -20.115851 -8.633854 61.588447 -2.959785 -5.727981 88.709386 58.818278 65.767983 0.000000 0.000000 0.000000 
-0.012388 0.889636 -0.044723 0.436782 1.389962 4.460445 5.196663 -1.085931 -19.998552 -6.686182 1.391018 30.581447 3.644106 1.475365 -14.779354 0.000000 0.000000 0.000000 -5.730764 1.168248 -20.645199 0.695962 0.949457 35.197392 -4.022391 -5.579761 -13.444491 0.000000 0.000000 0.000000 8.220667 -0.276009 0.577114 -2.855199 1.348374 -4.484346 -4.086111 8.849500 2.788837 11.941793 -7.744301 -6.356300 0.000000 0.000000 0.000000 -9.261573 10.478655 -6.283458 -55.472494 -9.832612 -2.372648 -68.446775 -50.768946 34.232818 0.000000 0.000000 0.000000 6.941980 -20.025749 -8.587592 62.615073 -4.799419 -6.701111 75.699134 57.521124 52.681675 0.000000 0.000000 0.000000 
-0.011868 0.891656 -0.040268 0.239461 0.579512 4.126399 4.904946 -0.970209 -17.516012 -6.234905 1.263279 28.373989 3.621610 1.232172 -15.368305 0.000000 0.000000 0.000000 -5.530534 1.130203 -18.656094 0.282496 1.169337 33.138966 -3.990255 -5.601224 -12.773104 0.000000 0.000000 0.000000 8.698205 -0.179053 -0.244745 -2.870153 1.346754 -5.100133 -3.694561 8.871975 2.348707 12.479810 -7.841487 -7.408895 0.000000 0.000000 0.000000 -9.147649 10.270568 -6.114870 -56.478092 -9.055533 -2.764613 -56.746945 -45.442020 24.348770 0.000000 0.000000 0.000000 7.070589 -20.141724 -8.664296 63.190075 -5.076669 -6.958522 63.804351 55.145508 41.396321 0.000000 0.000000 0.000000 
-0.011632 0.895839 -0.036008 0.238820 -0.312737 4.084644 4.783284 -0.836620 -14.977893 -6.223501 1.286590 25.753057 3.422954 1.425879 -14.342827 0.000000 0.000000 0.000000 -5.371624 1.086578 -16.889245 -0.433285 1.438803 30.366247 -3.503527 -4.116858 -11.864398 0.000000 0.000000 0.000000 8.743568 -0.051345 -1.277759 -2.713872 1.269660 -5.420617 -3.457020 9.067820 1.718084 12.909655 -7.781681 -8.642454 0.000000 0.000000 0.000000 -9.061810 10.481008 -6.137594 -57.347865 -8.041320 -3.267680 -49.172187 -39.989306 18.026590 0.000000 0.000000 0.000000 6.521605 -20.135955 -8.556225 63.844543 -6.320651 -7.633613 57.389748 52.759393 35.007399 0.000000 0.000000 0.000000 
-0.011708 0.903773 -0.032369 -0.062386 -0.801365 4.184398 4.619693 -0.748315 -13.016318 -5.633155 1.060295 22.814487 3.026223 1.020740 -13.135944 0.000000 0.000000 0.000000 -4.795426 1.063301 -15.162435 -1.197709 1.604357 27.341096 -3.104655 -3.795630 -9.739906 0.000000 0.000000 0.000000 8.814077 0.056943 -2.188967 -2.519456 1.180741 -6.212600 -3.003475 9.153195 2.265315 13.207257 -7.764950 -9.561374 0.000000 0.000000 0.000000 -8.989708 10.285662 -6.012809 -57.131293 -7.171294 -3.697438 -45.687720 -36.638263 15.209348 0.000000 0.000000 0.000000 6.496560 -19.981193 -8.489183 63.916117 -6.472095 -7.819139 52.633939 50.681845 30.533841 0.000000 0.000000 0.000000 
-0.011955 0.913924 -0.029715 -0.432439 -1.257190 4.842699 4.573124 -0.675587 -11.455830 -4.918734 0.804915 19.241278 2.598284 1.305097 -10.473390 0.000000 0.000000 0.000000 -4.111523 1.054607 -13.788304 -1.888566 1.615422 23.324409 -2.467828 -2.984439 -7.321259 0.000000 0.000000 0.000000 8.817830 0.210365 -3.617505 -2.366675 1.109086 -6.657450 -2.900802 9.381901 2.266425 13.128214 -7.431040 -10.517693 0.000000 0.000000 0.000000 -8.280737 10.688509 -5.938477 -57.554334 -6.507641 -4.122643 -43.483332 -34.676363 13.622654 0.000000 0.000000 0.000000 6.093712 -19.911189 -8.381561 64.528148 -7.564959 -8.439899 48.832506 49.492209 27.488043 0.000000 0.000000 0.000000 
-0.012262 0.923436 -0.028017 -0.729664 -1.412423 5.719243 4.449752 -0.671169 -11.043955 -4.047831 0.539657 16.362451 2.028014 0.992425 -8.103929 0.000000 0.000000 0.000000 -3.589006 1.040535 -12.833316 -2.262314 1.471833 19.453505 -2.002425 -2.989539 -4.637028 0.000000 0.000000 0.000000 8.866810 0.353522 -5.007731 -2.352839 1.097362 -7.280723 -2.781483 9.494410 2.655947 12.853932 -7.067306 -11.164125 0.000000 0.000000 0.000000 -7.334052 10.635542 -5.619183 -57.820988 -5.860041 -4.556863 -43.171425 -34.584145 13.508087 0.000000 0.000000 0.000000 5.871833 -19.826433 -8.305325 64.287829 -8.697069 -9.019748 46.801395 48.615723 25.819409 0.000000 0.000000 0.000000 
-0.012621 0.930664 -0.026901 -1.058349 -1.713990 6.594122 4.349956 -0.640492 -10.191747 -3.019358 0.287886 12.812970 1.694096 1.269729 -5.815534 0.000000 0.000000 0.000000 -3.019185 1.010733 -11.768909 -2.665993 1.299445 15.359705 -1.596896 -2.985374 -2.355141 0.000000 0.000000 0.000000 8.639922 0.485653 -6.338854 -2.143435 1.006574 -7.039092 -2.584112 9.624958 2.263985 12.489781 -6.711462 -11.502643 0.000000 0.000000 0.000000 -6.940269 10.894984 -5.583216 -58.106127 -5.086086 -4.963439 -41.128879 -34.224758 12.727162 0.000000 0.000000 0.000000 5.414310 -19.769713 -8.191235 64.261277 -9.169001 -9.207105 42.373692 47.923448 22.973293 0.000000 0.000000 0.000000 
-0.013007 0.934654 -0.026169 -1.200208 -2.008093 7.246943 4.230364 -0.599988 -9.178864 -2.212985 0.141246 9.419855 1.448768 1.465670 -4.106206 0.000000 0.000000 0.000000 -2.541054 0.968657 -10.814229 -3.026836 1.127556 11.799491 -1.056774 -2.497189 -0.437667 0.000000 0.000000 0.000000 8.564422 0.607207 -7.485829 -2.500346 1.142299 -6.866072 -2.512337 9.632040 2.381821 12.545031 -6.691024 -11.770657 0.000000 0.000000 0.000000 -6.599607 10.732985 -5.404503 -58.200673 -4.916369 -5.067165 -37.402615 -33.485781 11.332883 0.000000 0.000000 0.000000 5.062699 -19.681578 -8.086774 64.819400 -9.183808 -9.305604 36.673506 46.199893 19.175665 0.000000 0.000000 0.000000 
-0.013421 0.936779 -0.025598 -1.341918 -2.286245 7.658188 4.045078 -0.555454 -8.108266 -1.185645 0.006847 6.037992 1.457954 2.313126 -2.138576 0.000000 0.000000 0.000000 -2.063563 0.907110 -9.772602 -3.485344 0.960935 8.375109 -0.283332 -1.424311 1.314740 0.000000 0.000000 0.000000 8.227833 0.636986 -7.901049 -2.522510 1.144864 -7.021753 -2.362799 9.584483 2.364636 11.657901 -5.984392 -12.221842 0.000000 0.000000 0.000000 -7.673012 10.535930 -5.646966 -57.812006 -4.369629 -5.186162 -30.962584 -30.514333 8.558498 0.000000 0.000000 0.000000 5.720830 -18.986453 -7.923554 65.197059 -7.455686 -8.527849 27.006125 41.960178 13.032596 0.000000 0.000000 0.000000 
-0.013704 0.937825 -0.025321 -1.597186 -2.913012 7.743298 4.015931 -0.485555 -6.846831 -0.489841 -0.035433 3.349170 1.570082 3.135256 -0.644304 0.000000 0.000000 0.000000 -1.589388 0.848971 -8.889759 -3.503938 0.766606 5.763821 0.178601 -0.940970 2.524030 0.000000 0.000000 0.000000 8.207330 0.666262 -8.091473 -2.880365 1.283814 -6.329631 -2.038534 9.265880 1.963541 11.286860 -5.548195 -13.150035 0.000000 0.000000 0.000000 -8.996047 9.896831 -5.739317 -57.704076 -4.253848 -5.052351 -23.401321 -26.947693 5.839815 0.000000 0.000000 0.000000 6.193526 -17.684498 -7.471415 65.860196 -5.470583 -7.683834 19.092654 36.478060 8.226252 0.000000 0.000000 0.000000 
-0.013869 0.937837 -0.025359 -1.639848 -3.397054 7.749293 3.919044 -0.439318 -5.990873 -0.100768 -0.023195 1.130359 1.721035 3.933469 0.751379 0.000000 0.000000 0.000000 -1.363157 0.796873 -8.239878 -3.769525 0.671763 4.042025 0.667885 -0.234741 3.346278 0.000000 0.000000 0.000000 7.894321 0.621485 -7.753003 -2.913407 1.292676 -6.099938 -2.403207 9.380612 1.352032 11.100821 -5.195627 -14.047364 0.000000 0.000000 0.000000 -9.639925 8.813558 -5.492923 -57.841421 -4.375564 -4.895569 -15.996589 -23.446473 3.595739 0.000000 0.000000 0.000000 7.256998 -16.705519 -7.244091 65.678641 -3.843333 -6.807792 13.905889 29.923491 5.113576 0.000000 0.000000 0.000000 
-0.013777 0.937659 -0.025674 -1.642635 -3.414161 7.712778 4.089823 -0.410243 -5.535075 -0.180712 0.020528 0.011864 1.738966 4.114454 1.197405 0.000000 0.000000 0.000000 -1.196712 0.769345 -7.906125 -3.786589 0.599645 3.078074 0.915136 0.235337 3.552129 0.000000 0.000000 0.000000 7.476949 0.557202 -7.319201 -3.039326 1.346719 -5.904566 -2.045523 8.727811 1.341377 10.892886 -4.806919 -15.416763 0.000000 0.000000 0.000000 -10.291446 8.407978 -5.440765 -58.157098 -4.681977 -4.696095 -11.350739 -19.875297 2.324571 0.000000 0.000000 0.000000 7.276178 -16.072294 -7.001222 65.354773 -2.952289 -6.422755 11.349464 25.798416 3.672680 0.000000 0.000000 0.000000 
-0.013484 0.937542 -0.026200 -1.584818 -3.548001 7.476006 3.893532 -0.367183 -4.724123 0.216365 0.025189 -1.414005 1.690872 4.360158 2.302682 0.000000 0.000000 0.000000 -1.252332 0.721314 -7.405594 -3.647836 0.502093 2.013015 1.246309 0.645075 4.195359 0.000000 0.000000 0.000000 7.136485 0.483116 -6.676113 -2.860878 1.268874 -6.287453 -2.045795 8.422196 1.725948 10.374313 -4.335574 -16.323538 0.000000 0.000000 0.000000 -10.438276 7.955257 -5.254009 -58.181736 -4.581757 -4.747627 -8.924266 -16.776583 1.651283 0.000000 0.000000 0.000000 7.501045 -15.290980 -6.717597 64.944834 -2.197050 -6.108026 10.050460 22.796907 2.911724 0.000000 0.000000 0.000000 
-0.013101 0.937784 -0.026715 -1.449574 -3.502594 7.214438 3.828897 -0.339582 -4.245818 0.106445 0.057139 -2.016503 1.629530 4.385101 2.779637 0.000000 0.000000 0.000000 -1.335555 0.690095 -7.088989 -3.564854 0.449248 1.417131 1.488761 0.990965 4.586122 0.000000 0.000000 0.000000 6.714660 0.422350 -6.168154 -2.949194 1.309667 -6.013568 -1.737781 7.597995 1.824657 9.900029 -4.037931 -16.764974 0.000000 0.000000 0.000000 -10.713777 7.796512 -5.165560 -58.206984 -4.283971 -4.847766 -7.080686 -14.924752 1.273854 0.000000 0.000000 0.000000 7.815111 -14.376710 -6.415832 64.262178 -2.232793 -6.249568 9.108945 21.663664 2.532738 0.000000 0.000000 0.000000 
-0.012772 0.938067 -0.027066 -1.422305 -3.567526 6.845590 3.619762 -0.299018 -3.562799 0.415972 0.055458 -2.753031 1.330245 4.003095 3.472414 0.000000 0.000000 0.000000 -1.618428 0.626221 -6.424355 -3.336120 0.365842 0.592747 1.986738 1.560732 5.582535 0.000000 0.000000 0.000000 6.367882 0.374454 -5.698395 -2.648591 1.186561 -6.088125 -1.883348 7.570816 2.081384 9.486242 -3.706293 -17.243821 0.000000 0.000000 0.000000 -10.454807 7.618665 -5.020516 -58.308721 -4.355695 -4.862811 -6.549381 -13.761157 1.119987 0.000000 0.000000 0.000000 8.080014 -14.011336 -6.301854 63.584170 -2.456131 -6.363128 9.090657 20.601400 2.384708 0.000000 0.000000 0.000000 
-0.012552 0.938173 -0.027276 -1.347135 -3.525235 6.430573 3.478569 -0.261821 -2.977786 0.405617 0.062158 -2.904546 1.278348 3.830650 3.241429 0.000000 0.000000 0.000000 -1.839706 0.573001 -5.848738 -3.074943 0.320313 0.308887 2.047005 1.647907 5.674741 0.000000 0.000000 0.000000 6.191348 0.344955 -5.358006 -2.697100 1.208088 -6.093718 -1.837596 7.332805 2.566756 9.188530 -3.661649 -16.736133 0.000000 0.000000 0.000000 -10.505493 7.295211 -4.869580 -58.303588 -4.370088 -4.885951 -6.355824 -13.617658 1.096254 0.000000 0.000000 0.000000 8.320889 -13.643060 -6.190690 63.781958 -2.810511 -6.671836 8.904148 20.221658 2.298899 0.000000 0.000000 0.000000 
-0.012353 0.938178 -0.027492 -1.274765 -3.445441 6.013578 3.321255 -0.224961 -2.421527 0.341662 0.074236 -3.075193 1.112759 3.614163 3.573868 0.000000 0.000000 0.000000 -1.946292 0.547862 -5.583200 -3.033993 0.329646 0.493374 2.150731 1.857096 5.728389 0.000000 0.000000 0.000000 6.047344 0.332832 -5.181733 -2.575234 1.163334 -5.767937 -1.979324 7.397376 2.697992 9.007726 -3.632828 -16.273574 0.000000 0.000000 0.000000 -10.435414 7.015896 -4.748059 -58.460788 -4.014656 -5.110975 -6.531509 -14.115580 1.154100 0.000000 0.000000 0.000000 8.418767 -13.665394 -6.206981 63.777305 -3.401555 -6.988359 9.493290 20.213679 2.400497 0.000000 0.000000 0.000000 
-0.012122 0.938389 -0.027798 -1.124525 -3.203488 5.721179 3.092294 -0.200135 -2.047855 0.233204 0.082902 -3.051149 1.043924 3.453716 3.463187 0.000000 0.000000 0.000000 -2.235131 0.508598 -5.138868 -2.657720 0.277971 0.272296 2.244893 2.074382 5.756818 0.000000 0.000000 0.000000 5.936073 0.328243 -5.118045 -2.656013 1.200160 -5.877760 -1.911478 7.235007 2.991613 8.798909 -3.576509 -15.972363 0.000000 0.000000 0.000000 -10.503033 6.908881 -4.710151 -58.709194 -4.024834 -5.164226 -7.135610 -14.578643 1.269778 0.000000 0.000000 0.000000 8.353718 -13.628593 -6.181000 64.434980 -4.281441 -7.567925 9.564401 20.314421 2.427406 0.000000 0.000000 0.000000 
-0.011723 0.938656 -0.028329 -1.058910 -2.987275 5.309559 3.001559 -0.157403 -1.434050 0.243419 0.092982 -3.344307 0.780851 3.125479 3.995575 0.000000 0.000000 0.000000 -2.226491 0.470382 -4.705400 -2.767254 0.296070 0.355999 2.034495 1.725045 5.564798 0.000000 0.000000 0.000000 5.834386 0.321375 -4.995902 -2.541576 1.155739 -6.156810 -1.833048 7.166698 3.567252 8.415471 -3.415466 -15.652442 0.000000 0.000000 0.000000 -10.443249 6.878619 -4.678932 -59.659983 -3.826798 -5.450742 -7.654321 -15.290612 1.402654 0.000000 0.000000 0.000000 8.187279 -13.553858 -6.116349 65.332481 -4.765477 -7.981950 9.601737 20.209717 2.424504 0.000000 0.000000 0.000000 
-0.011071 0.938737 -0.029093 -0.960610 -2.997008 5.277380 2.814870 -0.152998 -1.391051 0.279716 0.086046 -3.239622 0.431696 2.319655 3.653316 0.000000 0.000000 0.000000 -2.459597 0.466624 -4.652804 -2.764568 0.299139 0.407501 2.009210 1.579021 5.722930 0.000000 0.000000 0.000000 5.898247 0.339577 -5.163398 -2.556588 1.161571 -6.186315 -2.013517 7.406306 3.741857 8.358242 -3.358540 -15.657480 0.000000 0.000000 0.000000 -10.541979 6.838776 -4.714211 -60.181919 -4.029884 -5.447589 -8.519563 -15.684729 1.545869 0.000000 0.000000 0.000000 8.215195 -13.714736 -6.175345 65.739789 -5.363331 -8.333755 10.054855 20.644756 2.575661 0.000000 0.000000 0.000000 
-0.010299 0.939076 -0.029983 -0.770507 -3.066891 5.254009 2.544339 -0.157106 -1.486062 0.360588 0.079343 -3.244358 0.114946 1.768300 3.864856 0.000000 0.000000 0.000000 -2.636377 0.477196 -4.783753 -2.741550 0.312227 0.650056 1.818563 1.299915 5.439833 0.000000 0.000000 0.000000 5.849150 0.329833 -5.057381 -2.521876 1.142829 -6.796598 -2.030084 7.649536 4.376701 8.139399 -3.263392 -15.421201 0.000000 0.000000 0.000000 -10.367504 6.764853 -4.657100 -60.826445 -3.965101 -5.645266 -9.282214 -16.056404 1.684864 0.000000 0.000000 0.000000 8.294601 -13.914457 -6.261750 65.915934 -5.408039 -8.413149 10.508374 20.589030 2.661871 0.000000 0.000000 0.000000 
-0.009621 0.939459 -0.030896 -0.485567 -3.241547 5.264063 2.342877 -0.149010 -1.394948 0.248318 0.095514 -3.426678 -0.347430 0.656266 3.375371 0.000000 0.000000 0.000000 -3.148129 0.488706 -4.914981 -2.798220 0.330309 0.844626 2.143502 1.936031 5.591990 0.000000 0.000000 0.000000 5.824934 0.356546 -5.333018 -2.635589 1.187999 -6.508919 -2.328931 7.703563 4.488798 8.278646 -3.340056 -15.483915 0.000000 0.000000 0.000000 -10.610016 6.779999 -4.723983 -60.259774 -3.653245 -5.732356 -10.865953 -16.328327 1.929692 0.000000 0.000000 0.000000 8.331334 -13.707744 -6.175102 65.924233 -5.732385 -8.608448 11.676530 21.175389 2.956387 0.000000 0.000000 0.000000 
-0.009344 0.941008 -0.031733 -0.244130 -2.951000 4.919142 2.216715 -0.105145 -0.827637 -0.272566 0.155824 -3.942135 -0.624993 0.627658 4.654737 0.000000 0.000000 0.000000 -3.423647 0.472356 -4.749675 -2.383142 0.301263 1.063594 1.870807 1.216555 5.821733 0.000000 0.000000 0.000000 5.855647 0.335915 -5.049413 -2.959623 1.313851 -7.679387 -2.288076 7.754889 6.091730 7.909838 -3.074968 -15.790117 0.000000 0.000000 0.000000 -11.046600 6.233122 -4.603756 -60.300340 -3.219487 -6.094501 -9.826122 -16.726335 1.841542 0.000000 0.000000 0.000000 9.810429 -13.633403 -6.347004 64.880051 -4.793212 -8.198529 10.779041 21.012100 2.811843 0.000000 0.000000 0.000000 
-0.009658 0.941626 -0.032461 -0.540781 -3.014185 5.161585 2.466184 -0.155360 -1.473107 0.003816 0.108815 -3.223459 -0.473353 0.633845 3.925575 0.000000 0.000000 0.000000 -3.238511 0.491723 -4.979921 -1.668129 0.219808 1.007305 1.428689 0.473035 5.353616 0.000000 0.000000 0.000000 5.874655 0.398305 -5.745283 -3.267775 1.447017 -6.674672 -2.075627 7.050340 6.165635 8.321918 -3.510905 -15.261456 0.000000 0.000000 0.000000 -10.574129 6.796666 -4.637584 -59.947569 -2.828733 -6.227405 -11.906397 -16.939944 2.191762 0.000000 0.000000 0.000000 9.048038 -12.984845 -5.990426 65.732275 -3.797924 -7.837263 9.271430 21.435992 2.578764 0.000000 0.000000 0.000000 
-0.010369 0.943184 -0.033293 -0.291035 -2.370716 4.232278 2.243980 -0.080959 -0.521591 0.938688 0.031000 -3.231415 -0.404636 1.375492 5.391126 0.000000 0.000000 0.000000 -3.374642 0.384370 -3.631693 -1.321153 0.150303 0.353683 1.995978 1.069155 6.709427 0.000000 0.000000 0.000000 5.410450 0.323959 -4.928298 -2.971593 1.335089 -7.432137 -1.772211 6.945753 7.088241 7.816208 -3.343600 -14.471069 0.000000 0.000000 0.000000 -11.098085 5.707158 -4.302957 -59.652926 -2.114109 -6.619170 -11.023840 -16.276020 1.988386 0.000000 0.000000 0.000000 8.966729 -11.785485 -5.415542 65.381866 -3.053206 -7.487682 8.350641 20.680799 2.330991 0.000000 0.000000 0.000000 
