HIERARCHY
ROOT Hips
{
	OFFSET -0.001795 -0.223333 0.028219
	CHANNELS 6 Xposition Yposition Zposition Zrotation Yrotation Xrotation 
	JOINT LeftUpLeg
	{
		OFFSET 0.069520 -0.091406 -0.006815
		CHANNELS 3 Zrotation Yrotation Xrotation
		JOINT LeftLeg
		{
			OFFSET 0.034277 -0.375199 -0.004496
			CHANNELS 3 Zrotation Yrotation Xrotation
			JOINT LeftFoot
			{
				OFFSET -0.013596 -0.397961 -0.043693
				CHANNELS 3 Zrotation Yrotation Xrotation
				JOINT LeftToe
				{
					OFFSET 0.026358 -0.055791 0.119288
					CHANNELS 3 Zrotation Yrotation Xrotation
					End Site
					{
						OFFSET 0.000000 0.000000 0.000000
					}
				}
			}
		}
	}
	JOINT RightUpLeg
	{
		OFFSET -0.067670 -0.090522 -0.004320
		CHANNELS 3 Zrotation Yrotation Xrotation
		JOINT RightLeg
		{
			OFFSET -0.038290 -0.382569 -0.008850
			CHANNELS 3 Zrotation Yrotation Xrotation
			JOINT RightFoot
			{
				OFFSET 0.015774 -0.398415 -0.042312
				CHANNELS 3 Zrotation Yrotation Xrotation
				JOINT RightToe
				{
					OFFSET -0.025372 -0.048144 0.123348
					CHANNELS 3 Zrotation Yrotation Xrotation
					End Site
					{
						OFFSET 0.000000 0.000000 0.000000
					}
				}
			}
		}
	}
	JOINT Spine
	{
		OFFSET -0.002533 0.108963 -0.026696
		CHANNELS 3 Zrotation Yrotation Xrotation
		JOINT Spine1
		{
			OFFSET 0.005487 0.135180 0.001092
			CHANNELS 3 Zrotation Yrotation Xrotation
			JOINT Spine2
			{
				OFFSET 0.001457 0.052922 0.025425
				CHANNELS 3 Zrotation Yrotation Xrotation
				JOINT Neck
				{
					OFFSET -0.002778 0.213870 -0.042857
					CHANNELS 3 Zrotation Yrotation Xrotation
					JOINT Head
					{
						OFFSET 0.005152 0.064970 0.051349
						CHANNELS 3 Zrotation Yrotation Xrotation
						End Site
						{
							OFFSET 0.000000 0.000000 0.000000
						}
					}
				}
				JOINT LeftShoulder
				{
					OFFSET 0.078845 0.121749 -0.034090
					CHANNELS 3 Zrotation Yrotation Xrotation
					JOINT LeftArm
					{
						OFFSET 0.090977 0.030469 -0.008868
						CHANNELS 3 Zrotation Yrotation Xrotation
						JOINT LeftForeArm
						{
							OFFSET 0.259612 -0.012772 -0.027456
							CHANNELS 3 Zrotation Yrotation Xrotation
							JOINT LeftHand
							{
								OFFSET 0.249234 0.008986 -0.001171
								CHANNELS 3 Zrotation Yrotation Xrotation
								End Site
								{
									OFFSET 0.000000 0.000000 0.000000
								}
							}
						}
					}
				}
				JOINT RightShoulder
				{
					OFFSET -0.081759 0.118833 -0.038615
					CHANNELS 3 Zrotation Yrotation Xrotation
					JOINT RightArm
					{
						OFFSET -0.096012 0.032551 -0.009143
						CHANNELS 3 Zrotation Yrotation Xrotation
						JOINT RightForeArm
						{
							OFFSET -0.253742 -0.013329 -0.021401
							CHANNELS 3 Zrotation Yrotation Xrotation
							JOINT RightHand
							{
								OFFSET -0.255298 0.007772 -0.005559
								CHANNELS 3 Zrotation Yrotation Xrotation
								End Site
								{
									OFFSET 0.000000 0.000000 0.000000
								}
							}
						}
					}
				}
			}
		}
	}
}
MOTION
Frames: 196
Frame Time: 0.050000
0.000000 0.749823 0.000000 -5.653642 -12.027197 18.559498 20.043324 12.679579 -67.494949 -24.741603 22.200975 69.020690 13.828471 28.565436 -8.056980 0.000000 0.000000 0.000000 -14.865903 2.245426 -45.718441 18.853574 -7.984934 66.525442 -8.772412 -23.744031 -14.546312 0.000000 0.000000 0.000000 -0.012242 2.237817 68.482626 -5.433997 1.428752 -31.331534 -3.571735 7.869174 23.262544 16.328942 -4.643949 -34.368923 0.000000 0.000000 0.000000 -23.449021 -42.818875 23.887242 -7.275358 -28.224555 -1.462462 15.171202 -14.667936 -1.375267 0.000000 0.000000 0.000000 30.617755 29.868380 21.978182 4.584130 35.556541 -2.661009 -16.776104 26.909512 -2.783604 0.000000 0.000000 0.000000 
0.005666 0.725141 0.033562 -6.262562 -12.290345 19.672781 20.939928 14.684966 -71.178683 -25.015532 22.849348 71.290399 15.995940 30.557292 2.136971 0.000000 0.000000 0.000000 -16.255294 1.953019 -46.104159 20.330693 -10.044056 72.173853 -8.780611 -24.161953 -16.871023 0.000000 0.000000 0.000000 -1.665287 3.888073 70.625270 -2.028245 0.918072 -30.850339 -4.166301 11.248728 23.617490 20.984296 -3.919126 -43.695579 0.000000 0.000000 0.000000 -21.958281 -47.049077 25.034343 -1.003038 -26.573031 -2.232186 12.994239 -13.204714 -0.986462 0.000000 0.000000 0.000000 30.210680 27.400543 21.881296 -0.890823 35.740100 -4.035668 -19.529732 27.657552 -3.535851 0.000000 0.000000 0.000000 
0.014065 0.704180 0.069914 -6.908567 -13.974832 19.964195 20.192019 15.838423 -73.247842 -23.701392 23.241490 75.563908 20.404770 34.603001 12.765417 0.000000 0.000000 0.000000 -17.998115 1.709470 -42.878547 21.199567 -10.103125 73.179243 -8.512957 -23.796553 -20.322297 0.000000 0.000000 0.000000 -3.261613 6.477694 73.806744 -0.816148 0.753725 -34.083477 -3.045580 11.469024 27.017194 17.913315 -3.605288 -40.360166 0.000000 0.000000 0.000000 -16.650061 -47.671236 23.152301 1.947820 -28.405440 -2.947929 12.154091 -7.581279 -0.524649 0.000000 0.000000 0.000000 27.471569 27.414186 20.997801 -4.984645 36.902493 -5.070403 -20.654702 23.319176 -3.190536 0.000000 0.000000 0.000000 
0.024854 0.686897 0.107275 -9.858486 -14.882168 24.624692 18.933010 16.303200 -74.833324 -21.313907 22.259977 78.677642 22.062095 40.397760 2.142716 0.000000 0.000000 0.000000 -19.370704 1.925145 -45.592323 22.839904 -11.308022 72.257431 -9.078715 -25.959944 -15.829748 0.000000 0.000000 0.000000 -3.925284 7.903331 73.691856 -1.320506 0.830004 -34.107773 -2.163028 9.948044 27.696532 16.292949 -2.409810 -43.318769 0.000000 0.000000 0.000000 -11.559304 -48.991223 22.620959 4.613862 -25.407506 -3.024863 11.343175 -5.695037 -0.366994 0.000000 0.000000 0.000000 20.955757 30.292885 20.119918 -2.079328 37.161595 -4.371606 -24.362967 22.276138 -3.533749 0.000000 0.000000 0.000000 
0.036460 0.675211 0.146409 -11.938506 -15.701367 28.824160 19.092027 17.532656 -75.039288 -20.088360 22.319901 81.179500 18.094711 37.704843 -8.772099 0.000000 0.000000 0.000000 -19.239956 2.447939 -45.737913 22.874093 -10.636396 71.167492 -9.564862 -27.354580 -11.896712 0.000000 0.000000 0.000000 -5.826828 10.338720 73.078069 -0.083744 0.712593 -35.194510 -2.005071 9.744851 28.870130 16.618290 -2.696100 -42.347563 0.000000 0.000000 0.000000 -6.803014 -48.626029 20.788199 5.601862 -24.033916 -3.040408 11.536667 -3.378462 -0.232031 0.000000 0.000000 0.000000 20.643300 31.332129 20.849678 -4.304808 37.274840 -5.067094 -27.066025 19.742335 -3.416443 0.000000 0.000000 0.000000 
0.047597 0.669421 0.188037 -14.605474 -16.381402 33.584669 19.498040 18.706864 -74.293571 -18.971963 22.313861 82.636470 14.768381 34.059827 -19.635800 0.000000 0.000000 0.000000 -19.657885 2.920744 -46.420515 22.768430 -9.867075 69.395661 -7.958745 -21.996422 -6.822808 0.000000 0.000000 0.000000 -7.453486 12.221319 70.876161 0.787209 0.641599 -34.671141 -1.278527 9.583173 29.500902 17.067805 -2.567143 -43.799714 0.000000 0.000000 0.000000 -5.767861 -47.783724 20.429209 6.143100 -21.593142 -2.817508 12.600240 -4.541115 -0.371893 0.000000 0.000000 0.000000 19.424009 32.759214 21.382010 -5.540048 36.995952 -5.435251 -28.993081 20.334034 -3.786293 0.000000 0.000000 0.000000 
0.058074 0.665273 0.232482 -16.478662 -15.805665 38.015195 18.973334 18.222808 -73.681789 -17.941852 22.346571 84.066653 13.015129 31.704756 -27.995575 0.000000 0.000000 0.000000 -18.841066 3.376811 -46.860070 21.906859 -9.250592 70.030165 -7.200468 -19.865104 -0.515013 0.000000 0.000000 0.000000 -8.589067 13.134385 69.164225 2.468833 0.512943 -34.400306 -1.661463 10.473083 28.844503 16.761704 -2.163473 -43.983304 0.000000 0.000000 0.000000 -1.402424 -44.920142 17.686705 4.474442 -24.603059 -3.244803 12.958828 -3.539638 -0.309173 0.000000 0.000000 0.000000 17.621653 32.378073 21.085599 -5.140386 38.124863 -5.595571 -30.370054 19.729680 -3.699204 0.000000 0.000000 0.000000 
0.066660 0.661540 0.278963 -17.594218 -15.118839 39.827350 19.004221 17.183919 -71.432582 -16.255492 22.036916 86.401051 11.783825 27.220493 -30.795172 0.000000 0.000000 0.000000 -18.529333 3.580029 -48.738418 23.224332 -11.592073 74.709190 -7.244750 -19.596986 4.286977 0.000000 0.000000 0.000000 -8.608936 12.961263 68.694186 3.438353 0.535150 -36.125996 -1.540243 12.069295 28.774265 16.306651 -1.701759 -44.335790 0.000000 0.000000 0.000000 -7.087176 -44.214594 19.210097 3.936315 -23.550659 -3.158448 14.917489 -6.731326 -0.677779 0.000000 0.000000 0.000000 21.584725 29.827657 21.715533 -5.402873 36.857375 -5.643650 -30.752526 23.126477 -4.549323 0.000000 0.000000 0.000000 
0.073553 0.655567 0.323688 -18.454415 -14.731399 40.674452 18.281848 15.540747 -68.739129 -14.840283 22.027733 88.590538 11.873447 27.461354 -31.561117 0.000000 0.000000 0.000000 -18.430206 3.763178 -50.805399 25.988148 -15.497308 78.815272 -7.773141 -20.382315 3.204825 0.000000 0.000000 0.000000 -8.443771 12.594274 67.787223 3.354724 0.506624 -35.261736 -0.947528 13.269324 27.220293 15.710300 -1.037953 -45.893312 0.000000 0.000000 0.000000 -9.336640 -43.078939 19.251000 1.589630 -24.062502 -3.031666 17.077668 -9.751201 -1.138467 0.000000 0.000000 0.000000 22.192689 28.730277 21.720682 -3.847384 36.969858 -5.291964 -29.288433 26.146392 -4.913503 0.000000 0.000000 0.000000 
0.079499 0.646882 0.364420 -19.090275 -14.501269 39.226508 18.501572 14.175653 -65.076581 -12.930077 22.148518 93.213113 11.381966 23.819199 -29.334889 0.000000 0.000000 0.000000 -19.784924 3.382465 -53.332840 31.359050 -22.421373 80.936505 -9.760887 -24.670774 0.865049 0.000000 0.000000 0.000000 -6.769098 11.445204 69.674750 1.841236 0.712961 -37.092278 -1.351841 12.922478 27.500449 14.973228 -0.729140 -46.860874 0.000000 0.000000 0.000000 -7.121585 -40.482502 17.159207 0.005376 -26.240993 -3.063472 19.272463 -10.342048 -1.422279 0.000000 0.000000 0.000000 24.524772 28.802864 22.542044 -5.705410 35.771587 -5.572053 -30.321637 26.162750 -5.220746 0.000000 0.000000 0.000000 
0.084630 0.636543 0.401705 -18.883470 -14.516598 37.401215 18.039199 12.366282 -61.246170 -10.247535 20.399235 96.189132 9.993140 17.287624 -27.586936 0.000000 0.000000 0.000000 -22.381056 2.540806 -58.529185 39.754099 -30.671577 77.288880 -10.776197 -31.345131 -14.834326 0.000000 0.000000 0.000000 -5.044198 10.005275 70.863324 0.096223 0.773433 -35.429761 -0.896014 13.695722 24.237405 14.865614 -0.755688 -45.067335 0.000000 0.000000 0.000000 -7.706128 -40.696045 17.174668 3.394391 -27.677395 -3.667650 19.860932 -10.879236 -1.502306 0.000000 0.000000 0.000000 23.973450 27.747956 21.814621 -8.223697 36.518545 -6.067676 -30.038767 23.377544 -4.490256 0.000000 0.000000 0.000000 
0.089257 0.621114 0.436927 -17.421812 -13.349152 35.676314 17.907103 10.642524 -58.645951 -9.612787 20.491963 99.545282 8.816452 13.181020 -23.743507 0.000000 0.000000 0.000000 -23.878900 1.311645 -61.325377 45.195312 -35.690491 74.211554 -9.672584 -32.682953 -26.613344 0.000000 0.000000 0.000000 -2.871581 7.488734 72.369326 -0.774673 0.881405 -36.914931 -2.056466 13.125853 24.134364 14.913674 -0.331691 -48.355138 0.000000 0.000000 0.000000 -5.264576 -41.213328 16.703362 9.760869 -27.350428 -4.526442 18.432955 -7.846995 -0.988905 0.000000 0.000000 0.000000 21.705566 28.631514 21.191002 -12.217366 37.492970 -7.024836 -29.388241 17.357775 -3.088404 0.000000 0.000000 0.000000 
0.093666 0.601285 0.473485 -16.083457 -12.371726 34.796634 17.984818 9.900388 -57.982902 -8.605857 20.057542 104.671157 7.244535 9.332419 -18.627634 0.000000 0.000000 0.000000 -24.251885 0.592276 -62.611939 42.618820 -37.035064 79.275123 -8.930947 -28.789188 -29.163281 0.000000 0.000000 0.000000 -1.073328 5.471808 74.121676 -2.253098 1.006208 -37.958177 -1.847982 12.932076 23.335420 16.634016 -0.857466 -47.814786 0.000000 0.000000 0.000000 -0.025469 -43.296387 16.108990 16.889194 -28.468899 -6.037121 15.890705 -3.132603 -0.309542 0.000000 0.000000 0.000000 18.159512 29.415358 20.318623 -18.455627 36.820806 -8.128726 -25.337963 12.651955 -1.782037 0.000000 0.000000 0.000000 
0.098079 0.581821 0.514299 -15.246543 -10.915694 35.137782 18.268522 9.067307 -56.758124 -7.546925 18.956116 108.064970 6.592951 8.144543 -16.381498 0.000000 0.000000 0.000000 -24.854104 -0.288057 -62.830143 37.952981 -37.021045 85.946987 -8.337384 -23.980455 -29.953877 0.000000 0.000000 0.000000 0.088701 3.681431 74.468788 -2.854970 1.053884 -38.753743 -1.053341 12.876051 22.867587 16.704349 -0.667614 -48.657676 0.000000 0.000000 0.000000 3.468670 -45.343918 15.948602 21.722470 -26.993817 -6.539838 14.426823 -0.497019 -0.022519 0.000000 0.000000 0.000000 12.727400 29.858584 18.507813 -19.987693 38.003699 -8.598888 -22.235935 7.560708 -0.676566 0.000000 0.000000 0.000000 
0.101903 0.565700 0.561355 -15.397107 -10.269498 36.776139 18.810884 8.879916 -55.622779 -6.437213 17.981245 110.467088 6.525823 8.912201 -13.807645 0.000000 0.000000 0.000000 -24.049303 0.005294 -61.992510 34.407207 -35.723685 90.508475 -7.962588 -21.411500 -31.042414 0.000000 0.000000 0.000000 0.632683 2.833052 72.784466 -2.682746 1.043230 -38.009897 -0.980195 12.900349 23.275095 16.937152 -0.649867 -49.079144 0.000000 0.000000 0.000000 8.619257 -44.870249 14.344622 22.924179 -26.954103 -6.887906 13.890386 2.724609 0.254530 0.000000 0.000000 0.000000 11.317442 30.743407 18.581487 -22.655850 37.950255 -9.317928 -20.389114 6.053896 -0.411060 0.000000 0.000000 0.000000 
0.104781 0.550909 0.614562 -15.615411 -10.184913 38.506269 18.553964 8.020221 -52.643424 -5.858068 17.919282 110.120884 6.583720 9.020352 -13.643764 0.000000 0.000000 0.000000 -23.231229 0.544176 -60.554231 30.725615 -33.298395 94.785242 -7.493934 -18.062540 -29.705359 0.000000 0.000000 0.000000 0.653063 2.721063 70.618545 -1.942644 0.982520 -37.057672 -0.471274 13.806261 23.236639 17.741347 -0.907905 -48.258284 0.000000 0.000000 0.000000 6.144555 -46.065739 15.653594 22.913602 -25.401881 -6.500148 14.326479 0.927168 0.108809 0.000000 0.000000 0.000000 9.553814 30.218142 17.763312 -20.712532 37.803262 -8.677317 -20.437487 7.231751 -0.579415 0.000000 0.000000 0.000000 
0.106593 0.540628 0.670507 -15.752255 -10.397268 39.755780 19.021814 7.583045 -49.620965 -5.661765 18.570820 109.251281 5.014451 6.528141 -9.684069 0.000000 0.000000 0.000000 -21.336973 1.528125 -58.833114 27.452548 -29.700321 97.776601 -7.126053 -16.204721 -27.576001 0.000000 0.000000 0.000000 1.216431 2.302632 68.940107 -2.626698 1.048628 -37.170830 -0.738349 12.863387 23.875837 17.692841 -0.901706 -48.972167 0.000000 0.000000 0.000000 4.015323 -45.036989 16.132094 21.491821 -27.333223 -6.766943 14.318481 0.312179 0.070179 0.000000 0.000000 0.000000 8.701326 29.483388 16.746842 -18.160878 39.825148 -8.653711 -20.726216 8.395194 -0.750318 0.000000 0.000000 0.000000 
0.107224 0.534628 0.725025 -15.121869 -10.530294 41.524958 17.931844 6.636352 -47.739030 -5.055350 17.821868 107.419069 3.982545 5.148212 -7.293304 0.000000 0.000000 0.000000 -21.057164 1.758395 -57.449311 25.496145 -27.342378 99.079699 -6.464966 -13.590005 -21.981413 0.000000 0.000000 0.000000 1.454063 2.031026 66.528427 -2.075246 1.004234 -35.038246 -1.769363 13.676422 23.740373 18.001958 -0.761818 -49.874782 0.000000 0.000000 0.000000 7.319617 -44.752883 14.921287 19.202033 -28.722145 -6.799951 13.832797 -0.831119 -0.052920 0.000000 0.000000 0.000000 5.629635 27.743836 14.933691 -14.338832 40.785888 -7.672364 -21.782827 10.230546 -1.066541 0.000000 0.000000 0.000000 
0.106573 0.535459 0.777314 -14.442661 -10.499649 41.693000 16.389045 5.674018 -46.749613 -4.724508 16.872585 105.765268 2.934991 5.358283 -1.718547 0.000000 0.000000 0.000000 -20.373168 1.967212 -56.841500 23.665934 -25.015722 100.232849 -5.790532 -12.210768 -14.670836 0.000000 0.000000 0.000000 1.621669 1.824064 66.276807 -2.702597 1.069144 -34.784186 -2.170541 12.785353 24.243433 18.000074 -0.842719 -50.215726 0.000000 0.000000 0.000000 7.349534 -43.293581 14.384239 16.643894 -31.349003 -6.895439 14.030393 -1.480783 -0.115948 0.000000 0.000000 0.000000 5.610361 27.811888 14.714978 -11.422071 39.242076 -6.599063 -23.198490 12.022431 -1.463212 0.000000 0.000000 0.000000 
0.104263 0.537418 0.827966 -15.045265 -10.912083 42.188559 16.632393 5.826913 -45.924747 -4.535907 16.969992 105.002170 0.138491 4.037224 8.038389 0.000000 0.000000 0.000000 -19.535540 2.525273 -56.853119 23.207722 -23.579500 99.964861 -5.405394 -11.803096 -10.472609 0.000000 0.000000 0.000000 1.079052 2.407894 65.182863 -1.559666 0.955371 -34.194414 -2.830741 14.631699 24.737190 18.935409 -0.513617 -52.822457 0.000000 0.000000 0.000000 4.996804 -43.670985 15.108628 13.548508 -31.957863 -6.661566 15.198580 -2.062703 -0.173493 0.000000 0.000000 0.000000 8.222833 26.439481 15.289483 -10.333050 38.522526 -6.268781 -22.387337 12.487081 -1.474110 0.000000 0.000000 0.000000 
0.099952 0.536968 0.878865 -14.420577 -11.748838 42.056760 16.798216 6.043592 -45.815157 -4.201972 16.966070 105.043004 -0.150931 3.467490 7.851710 0.000000 0.000000 0.000000 -18.343363 3.107669 -55.799077 21.703287 -20.571718 100.462360 -4.293887 -9.833565 -4.295368 0.000000 0.000000 0.000000 0.919574 2.815385 65.068999 -2.995209 1.105532 -34.695398 -2.204851 13.089531 25.456960 19.015394 -0.745654 -52.296909 0.000000 0.000000 0.000000 -1.037404 -45.361522 17.960618 12.708973 -30.418667 -5.946200 12.768198 -1.373431 -0.055980 0.000000 0.000000 0.000000 10.164852 27.928661 16.362131 -7.984993 35.750373 -5.410172 -22.268418 13.652805 -1.696889 0.000000 0.000000 0.000000 
0.094213 0.531639 0.930951 -13.165646 -11.327486 41.735820 16.946189 5.822056 -45.805982 -3.700986 15.730200 105.735205 1.295558 4.101909 3.075664 0.000000 0.000000 0.000000 -17.212722 3.052131 -52.307154 20.359291 -18.146804 99.918197 -2.573856 -7.124493 2.239730 0.000000 0.000000 0.000000 1.079568 2.214726 64.104158 -2.032691 1.032838 -35.377114 -3.991070 13.515739 26.638721 21.539315 -1.053226 -53.779899 0.000000 0.000000 0.000000 -7.011634 -46.125714 20.319551 10.806248 -30.426308 -5.634446 12.346526 -1.785451 -0.054204 0.000000 0.000000 0.000000 14.771236 26.878861 17.508667 -4.864716 35.138377 -4.871653 -23.296031 14.773807 -1.988773 0.000000 0.000000 0.000000 
0.088329 0.518721 0.984145 -13.378592 -12.413508 40.047469 17.883458 5.506136 -41.382872 -3.484375 16.917186 105.520037 0.504854 3.253127 4.519876 0.000000 0.000000 0.000000 -14.901714 3.770380 -49.327518 18.611659 -14.288267 102.014659 -2.185094 -7.407824 6.845467 0.000000 0.000000 0.000000 0.570343 3.043469 64.207482 -3.532062 1.162577 -34.815077 -3.343935 11.666576 24.910525 20.852961 -1.737306 -50.064517 0.000000 0.000000 0.000000 -15.551068 -44.496475 22.889219 8.214757 -29.999362 -4.810694 10.394216 -3.149700 -0.094075 0.000000 0.000000 0.000000 20.234908 26.008724 18.103652 -1.277392 35.066304 -4.265329 -19.498838 16.403470 -1.787550 0.000000 0.000000 0.000000 
0.082574 0.498127 1.037517 -13.216303 -13.482805 37.758256 16.613057 4.103659 -36.402409 -3.221895 17.772090 105.406379 1.875377 5.009360 2.490898 0.000000 0.000000 0.000000 -13.859651 3.647847 -43.853830 16.971946 -10.269301 102.713751 -1.050279 -5.792994 9.675694 0.000000 0.000000 0.000000 1.058345 2.716024 62.659847 -4.976690 1.269710 -34.231730 -2.873034 11.653617 24.461918 20.169256 -2.313763 -46.811923 0.000000 0.000000 0.000000 -28.553547 -42.927158 26.786457 6.100729 -27.925009 -3.975300 7.211413 -3.883619 -0.033449 0.000000 0.000000 0.000000 29.727710 24.678828 20.027608 0.423847 32.218353 -3.856192 -15.727764 18.312532 -1.565976 0.000000 0.000000 0.000000 
0.076849 0.469362 1.089160 -13.596263 -14.473706 35.360613 16.190639 2.973563 -30.235559 -2.037916 17.351399 105.450682 0.491643 4.354287 6.925991 0.000000 0.000000 0.000000 -12.720161 3.592859 -39.876548 15.702840 -7.295978 105.808865 -0.606363 -5.552345 12.348263 0.000000 0.000000 0.000000 1.440055 2.336236 59.821312 -5.336900 1.283916 -34.314379 -2.839383 13.039742 23.932879 21.667632 -3.664854 -43.271242 0.000000 0.000000 0.000000 -36.492074 -40.067304 26.872870 0.804364 -25.032132 -2.719157 5.833257 -4.964852 -0.000922 0.000000 0.000000 0.000000 37.699147 21.816126 20.328586 4.658503 28.170165 -2.888533 -11.711260 19.856511 -1.169376 0.000000 0.000000 0.000000 
0.070599 0.441623 1.137175 -13.076518 -15.130730 32.176335 14.443673 1.620293 -23.917527 -1.027710 16.546393 106.352506 -0.206026 3.950622 8.752495 0.000000 0.000000 0.000000 -12.216582 3.087922 -34.239554 14.786451 -4.864305 107.557428 -0.545777 -5.797426 13.936618 0.000000 0.000000 0.000000 2.106474 1.463498 56.034557 -7.410515 1.503257 -33.704561 -0.594262 13.473772 23.319982 18.986478 -3.538111 -40.657396 0.000000 0.000000 0.000000 -41.350068 -35.827063 24.479434 -6.532815 -22.198697 -1.589734 3.194027 -7.562854 0.123777 0.000000 0.000000 0.000000 42.732551 18.265104 18.080304 9.520714 24.086216 -2.075514 -7.424180 20.063635 -0.527766 0.000000 0.000000 0.000000 
0.063516 0.415986 1.181578 -12.391074 -15.204302 29.165939 14.233155 0.977446 -18.453639 -0.592371 15.771065 106.397204 -1.458560 2.917116 11.262667 0.000000 0.000000 0.000000 -11.632278 2.707846 -30.168772 13.812096 -2.934223 109.797823 -1.294486 -7.734083 16.713528 0.000000 0.000000 0.000000 2.213118 0.793061 51.523647 -6.414286 1.344349 -33.054946 -1.075794 14.640559 21.827605 20.182910 -5.018891 -36.659908 0.000000 0.000000 0.000000 -43.621220 -31.084032 19.895458 -11.916269 -17.380778 -1.026397 -0.860085 -9.093913 0.440687 0.000000 0.000000 0.000000 49.403982 15.030146 16.431158 12.235278 17.562365 -1.790071 -3.803824 20.985053 -0.028571 0.000000 0.000000 0.000000 
0.056072 0.395815 1.223184 -11.033516 -14.280210 26.223784 13.559260 0.374986 -13.477794 -0.577318 14.365912 106.578889 -0.884239 3.216633 9.870796 0.000000 0.000000 0.000000 -12.399182 2.102075 -25.341333 13.013950 -2.515687 109.760689 -1.134249 -8.252750 20.131087 0.000000 0.000000 0.000000 3.857801 -0.782077 47.523558 -9.154027 1.598870 -34.559176 1.201312 12.799151 22.928003 20.429302 -6.428681 -33.947126 0.000000 0.000000 0.000000 -45.694330 -27.616673 18.104242 -15.847798 -15.067776 -1.101029 -2.932938 -7.495328 0.468301 0.000000 0.000000 0.000000 50.448297 12.261423 12.050228 16.423879 13.251426 -1.765155 -1.814142 20.586808 0.332464 0.000000 0.000000 0.000000 
0.048719 0.377891 1.261005 -9.814445 -13.163440 22.133124 13.695491 0.026980 -7.059068 -0.734042 12.433904 104.553432 -1.010663 3.332067 11.009891 0.000000 0.000000 0.000000 -12.794410 1.597515 -19.043380 12.098419 -1.785091 108.930484 -0.517627 -7.760250 21.864182 0.000000 0.000000 0.000000 5.104095 -1.879183 44.247375 -10.039027 1.497326 -35.252276 1.695585 10.666560 22.711995 20.174010 -9.815199 -24.143279 0.000000 0.000000 0.000000 -49.460694 -23.646561 15.835084 -14.889695 -10.909365 -1.417009 -6.590387 -8.307508 0.744778 0.000000 0.000000 0.000000 54.053783 10.026312 8.366204 15.442724 6.912549 -1.857181 0.943328 24.069417 0.853579 0.000000 0.000000 0.000000 
0.042461 0.362722 1.290542 -8.675969 -12.586203 17.631013 14.001534 -0.086294 -1.490665 -0.602907 10.637369 105.097474 -0.263799 3.554408 8.582404 0.000000 0.000000 0.000000 -13.703018 1.302650 -13.084485 10.606627 0.174395 109.356398 0.106283 -6.796862 21.589357 0.000000 0.000000 0.000000 6.327192 -2.589289 40.898135 -14.062294 1.887638 -35.496231 4.747612 7.056068 23.258342 18.483032 -11.906051 -16.893513 0.000000 0.000000 0.000000 -50.762948 -21.396640 15.903859 -16.130999 -10.232679 -1.790670 -7.064084 -6.304508 0.543982 0.000000 0.000000 0.000000 53.457614 9.080458 4.810487 17.679499 2.207810 -2.202933 1.831735 27.012911 1.201719 0.000000 0.000000 0.000000 
0.038200 0.349359 1.304809 -7.815876 -12.487901 15.003195 13.920278 -0.118564 3.145016 -0.303658 9.335448 104.539665 -0.353604 2.411798 6.359552 0.000000 0.000000 0.000000 -13.912478 1.209277 -9.662399 9.534012 2.082723 110.407247 0.775438 -5.754868 21.710413 0.000000 0.000000 0.000000 7.148221 -2.872982 38.780264 -15.496973 2.444023 -32.518118 4.941096 5.443550 20.140756 16.966766 -11.058383 -15.999240 0.000000 0.000000 0.000000 -49.762739 -20.471765 15.691780 -17.987639 -10.875659 -1.835922 -5.868002 -6.805037 0.527786 0.000000 0.000000 0.000000 52.721492 8.287956 2.679201 17.640719 1.052414 -2.061149 3.278035 29.305991 1.691438 0.000000 0.000000 0.000000 
0.036565 0.342665 1.300944 -7.164180 -12.878855 13.336535 13.724506 -0.040449 2.960304 0.192047 8.776340 107.276148 -0.499678 2.800016 7.740722 0.000000 0.000000 0.000000 -14.020628 1.166480 -10.076004 9.594606 2.363973 113.837921 -0.141180 -7.171982 22.184332 0.000000 0.000000 0.000000 7.720374 -3.053013 41.350764 -16.617323 2.673421 -33.746689 4.435919 4.014596 20.113481 17.245159 -10.081114 -20.713814 0.000000 0.000000 0.000000 -45.335685 -21.677880 16.805787 -20.674868 -15.906514 -1.568254 -3.942087 -7.632433 0.479923 0.000000 0.000000 0.000000 49.483088 9.973373 3.537299 19.332817 3.206132 -1.940858 1.965630 32.559418 1.564439 0.000000 0.000000 0.000000 
0.036933 0.342788 1.278894 -6.634422 -13.307136 12.584149 13.799760 0.120645 -1.941867 0.733522 8.494046 113.340482 -0.477627 2.797672 7.346030 0.000000 0.000000 0.000000 -15.022951 1.148512 -13.672983 9.969569 1.731827 118.003851 -0.581533 -7.990640 23.783570 0.000000 0.000000 0.000000 8.174975 -3.192736 45.328975 -14.451279 2.756220 -31.000967 1.404345 4.307666 18.083872 15.732422 -6.753747 -28.647555 0.000000 0.000000 0.000000 -41.883676 -24.859949 18.465941 -20.865272 -21.979070 -0.640811 0.509331 -8.187550 0.244705 0.000000 0.000000 0.000000 46.845907 12.090698 5.838826 19.005837 9.197661 -1.279758 -2.861604 33.781201 0.297376 0.000000 0.000000 0.000000 
0.038490 0.348679 1.243736 -7.795424 -14.285180 12.448037 16.816635 0.858616 -9.049701 1.185238 8.417401 120.255116 -2.598793 0.753581 10.390577 0.000000 0.000000 0.000000 -14.469895 1.279873 -20.511640 10.380798 1.355568 123.104271 -2.147624 -10.187908 24.721072 0.000000 0.000000 0.000000 8.659075 -3.239967 50.767552 -11.683334 2.284045 -31.991518 -1.149384 5.725055 17.466195 15.208330 -5.193195 -32.553318 0.000000 0.000000 0.000000 -38.193206 -27.480303 18.832406 -19.230058 -26.443486 -0.036771 4.463748 -9.373904 -0.003484 0.000000 0.000000 0.000000 42.941192 13.278623 7.777593 18.779831 14.729422 -0.889618 -6.439711 35.039389 -0.718747 0.000000 0.000000 0.000000 
0.039662 0.356302 1.205180 -8.675755 -15.425916 13.340519 20.448909 2.432683 -16.580355 1.591490 7.812652 125.803134 -4.388566 -1.596656 11.366397 0.000000 0.000000 0.000000 -16.139628 1.419624 -26.545241 10.353062 1.695008 125.403810 -1.049531 -8.431751 24.905504 0.000000 0.000000 0.000000 8.009949 -2.555032 54.726699 -10.830077 2.177611 -31.962620 -0.267615 4.950166 17.547161 11.537193 -3.004925 -35.007953 0.000000 0.000000 0.000000 -35.077987 -29.820227 20.401937 -15.079792 -31.598179 -0.200777 7.363908 -9.324729 -0.219752 0.000000 0.000000 0.000000 37.480815 15.522996 8.791324 20.361126 18.397232 -0.380143 -11.279123 37.530740 -2.269591 0.000000 0.000000 0.000000 
0.039594 0.362496 1.167642 -9.929743 -17.621117 13.831996 25.094102 4.724487 -20.879550 2.494445 6.116488 129.807873 -7.299534 -4.662309 14.166347 0.000000 0.000000 0.000000 -16.935574 1.756633 -31.363168 10.921301 1.800135 127.305342 -1.598649 -8.789114 23.715550 0.000000 0.000000 0.000000 7.080187 -1.232390 58.065111 -9.206604 1.854713 -33.608608 -1.241911 5.117868 19.222080 11.972755 -2.857327 -37.312384 0.000000 0.000000 0.000000 -27.499464 -30.159128 18.519975 -12.848733 -35.947438 -0.420909 10.105825 -8.827227 -0.401443 0.000000 0.000000 0.000000 35.593045 16.025824 9.014107 18.834223 21.467481 -0.240719 -14.529752 41.283127 -3.710086 0.000000 0.000000 0.000000 
0.038875 0.365557 1.130455 -10.969226 -18.003638 14.198553 30.380139 7.333456 -24.128242 2.949611 2.632572 132.810773 -9.077456 -8.619510 12.983030 0.000000 0.000000 0.000000 -19.887997 1.470170 -33.348225 10.735011 1.501633 127.659782 0.956343 -4.364780 21.243049 0.000000 0.000000 0.000000 6.574754 -0.758925 59.042311 -7.658735 1.657694 -31.852904 -1.540997 4.695253 17.143234 11.253381 -2.443466 -37.320700 0.000000 0.000000 0.000000 -25.333911 -30.407789 18.130230 -11.044862 -36.360189 -0.655105 13.197841 -8.842465 -0.607593 0.000000 0.000000 0.000000 34.537166 16.844543 9.299401 16.949004 21.516644 -0.244457 -17.645208 45.524397 -5.456040 0.000000 0.000000 0.000000 
0.038938 0.369345 1.090495 -11.710034 -20.345546 13.868869 34.647236 11.146914 -28.412814 3.480036 -1.870888 137.348839 -10.593528 -12.402595 11.860576 0.000000 0.000000 0.000000 -23.150580 1.357581 -34.567934 11.131388 2.004426 127.931047 0.052018 -4.593617 16.472530 0.000000 0.000000 0.000000 4.895713 1.006309 59.556829 -7.794137 1.599852 -31.905760 -0.238518 4.763166 16.829157 11.527965 -2.718852 -36.776697 0.000000 0.000000 0.000000 -22.082588 -30.305572 17.253022 -8.124087 -38.594763 -1.221520 15.620794 -5.971181 -0.482491 0.000000 0.000000 0.000000 35.342585 16.163806 8.533797 11.288247 21.828868 -0.659551 -20.248952 46.852163 -6.860334 0.000000 0.000000 0.000000 
0.039533 0.370224 1.045851 -12.128045 -20.969279 13.302573 36.826286 14.146713 -32.698615 4.133296 -9.149201 140.819438 -12.614353 -21.904720 6.819436 0.000000 0.000000 0.000000 -26.718528 0.998190 -32.665552 10.294188 4.743273 126.060278 -0.955889 -5.321324 11.016863 0.000000 0.000000 0.000000 4.316555 1.496728 59.144775 -6.325356 1.357721 -30.736687 -0.733650 5.862192 16.877226 12.048890 -3.079017 -35.508269 0.000000 0.000000 0.000000 -22.068160 -32.489756 18.270503 -1.565697 -36.657468 -2.586683 19.246804 -3.791019 -0.375902 0.000000 0.000000 0.000000 33.651107 17.129479 9.551668 5.704281 23.053183 -1.225865 -26.379960 41.402146 -8.282960 0.000000 0.000000 0.000000 
0.039900 0.371066 0.995486 -12.282900 -23.184532 12.297823 39.401013 18.468904 -36.675611 4.373167 -15.122253 143.231292 -13.900649 -27.412912 5.125411 0.000000 0.000000 0.000000 -27.980525 1.218180 -31.840495 9.084495 10.906877 125.642438 2.776364 1.252535 13.238489 0.000000 0.000000 0.000000 3.044432 3.231587 61.191352 -6.275384 1.190462 -33.022727 -0.393551 7.319117 18.231572 12.519114 -3.003785 -36.762286 0.000000 0.000000 0.000000 -18.778431 -35.055768 18.317708 4.504623 -35.307418 -3.698693 20.937290 -2.034411 -0.217979 0.000000 0.000000 0.000000 30.889826 19.208068 11.339507 -2.335402 23.396273 -2.076523 -28.421895 32.686244 -7.070034 0.000000 0.000000 0.000000 
0.039021 0.366642 0.939872 -10.739606 -25.208412 9.698241 39.476445 23.905820 -44.839728 3.092812 -20.639641 147.637093 -11.967285 -28.483410 1.386308 0.000000 0.000000 0.000000 -29.948113 1.304614 -30.656491 7.866665 16.695197 126.112616 5.687491 6.085639 14.830588 0.000000 0.000000 0.000000 0.742658 6.138892 65.450172 -5.431810 0.979392 -33.977045 0.143915 8.399477 19.631743 14.164292 -3.509116 -37.382911 0.000000 0.000000 0.000000 -12.975904 -40.070075 18.536427 12.377300 -30.828268 -4.333044 23.325193 2.060432 0.347160 0.000000 0.000000 0.000000 24.776467 21.763836 12.597354 -10.331044 23.655658 -2.848537 -26.267499 20.757714 -3.949681 0.000000 0.000000 0.000000 
0.036360 0.362645 0.879551 -10.848944 -28.533943 9.948300 41.019577 30.867639 -51.039188 1.912386 -24.598771 149.773049 -11.331599 -31.311250 -1.085984 0.000000 0.000000 0.000000 -28.134892 1.983310 -32.099298 9.482007 17.109063 127.152509 4.884568 3.676114 17.901802 0.000000 0.000000 0.000000 1.088011 8.313897 70.358116 -7.466463 0.982488 -37.559070 -0.887204 6.864472 21.027838 15.692907 -4.046703 -39.060984 0.000000 0.000000 0.000000 -8.138758 -41.149705 17.452682 16.969263 -27.110236 -4.090770 26.264103 5.697804 1.053120 0.000000 0.000000 0.000000 20.657379 25.993309 13.972572 -18.075513 22.545428 -3.380396 -23.260237 13.346588 -2.110467 0.000000 0.000000 0.000000 
0.031832 0.358799 0.817662 -9.749699 -30.907801 10.468340 39.912671 34.883655 -56.038012 1.463945 -26.690458 149.902233 -6.557687 -32.034239 -10.536071 0.000000 0.000000 0.000000 -26.621663 2.584922 -35.020627 12.179178 12.103123 129.029604 2.753086 -0.838175 22.113178 0.000000 0.000000 0.000000 1.008870 10.229302 72.722457 -7.757203 1.054428 -37.381293 -2.604902 7.557733 20.714830 16.402167 -3.259676 -42.870081 0.000000 0.000000 0.000000 0.038325 -41.436129 14.526159 16.722784 -27.070179 -4.084239 29.907397 8.777926 1.903382 0.000000 0.000000 0.000000 11.869366 26.426908 12.366962 -20.553087 24.804829 -4.188993 -22.378613 8.902411 -1.190613 0.000000 0.000000 0.000000 
0.026663 0.357785 0.757293 -8.382153 -32.496020 10.259302 36.995789 36.603712 -60.699393 1.172266 -26.848292 149.588248 -0.268761 -32.699530 -23.026650 0.000000 0.000000 0.000000 -26.924054 2.925197 -36.907020 14.465632 6.160211 128.992734 -0.184940 -5.583350 24.134191 0.000000 0.000000 0.000000 2.525693 10.740490 76.030957 -9.521305 1.074772 -40.456375 -3.208403 5.344212 22.395325 18.275498 -3.688346 -45.591433 0.000000 0.000000 0.000000 -0.597167 -40.966737 14.622506 14.352861 -26.114603 -3.432120 32.849775 6.072767 1.445434 0.000000 0.000000 0.000000 8.400416 26.788086 11.379524 -23.717199 28.114253 -5.722775 -22.685955 10.746300 -1.594099 0.000000 0.000000 0.000000 
0.023027 0.351561 0.698974 -7.938167 -33.473538 10.017381 34.764926 37.959454 -64.688320 0.210333 -27.717890 151.793058 0.919245 -31.492491 -25.151362 0.000000 0.000000 0.000000 -27.856336 3.062187 -38.630225 15.511734 2.031675 131.000930 -1.365431 -7.056429 24.140438 0.000000 0.000000 0.000000 4.456818 10.504829 79.322585 -9.702221 1.197551 -38.645067 -5.799085 5.466841 21.066281 19.348658 -3.481485 -46.973640 0.000000 0.000000 0.000000 3.566357 -40.875472 13.023483 10.122601 -28.048436 -3.302485 34.782086 5.163849 1.291137 0.000000 0.000000 0.000000 4.297324 24.943638 9.819170 -25.314733 34.191849 -7.915079 -27.989116 11.558098 -2.179561 0.000000 0.000000 0.000000 
0.022342 0.348153 0.640863 -6.056284 -33.111180 8.977247 30.699429 37.390399 -70.176664 -0.496235 -26.497037 152.744101 1.764623 -28.632108 -26.240543 0.000000 0.000000 0.000000 -30.296168 2.713354 -39.097843 15.662982 -1.442473 132.591841 -0.935233 -6.177005 23.164120 0.000000 0.000000 0.000000 5.700298 10.041475 82.880672 -9.726958 1.198166 -37.900337 -6.920433 4.012112 21.248048 19.736421 -3.309072 -48.386420 0.000000 0.000000 0.000000 9.049182 -40.185330 10.908857 7.463323 -30.687302 -3.287422 33.432991 6.175962 1.522526 0.000000 0.000000 0.000000 1.391423 25.192679 9.232382 -30.879529 37.421009 -10.513556 -30.592961 10.364998 -2.159148 0.000000 0.000000 0.000000 
0.025008 0.344484 0.581618 -4.650225 -32.783821 9.036824 26.793957 36.942218 -76.041127 -1.353572 -25.392749 154.257958 1.213561 -26.796476 -24.626836 0.000000 0.000000 0.000000 -33.288633 2.346063 -40.130039 16.355840 -7.670855 133.390965 -2.289231 -7.938187 21.342738 0.000000 0.000000 0.000000 7.035269 8.997835 84.194057 -9.737228 1.229877 -37.918797 -7.657811 4.659876 23.050159 19.952890 -2.967205 -50.332282 0.000000 0.000000 0.000000 14.225378 -41.632557 9.415537 8.910376 -32.318362 -3.860979 31.324926 8.970168 2.028654 0.000000 0.000000 0.000000 -4.644278 24.912820 7.803503 -34.796917 39.136085 -12.120946 -31.428414 6.626967 -1.300207 0.000000 0.000000 0.000000 
0.031300 0.342526 0.522498 -3.454451 -31.811315 8.708480 24.104527 36.155141 -80.827794 -2.368611 -21.098675 155.207971 -0.370492 -21.853113 -19.099616 0.000000 0.000000 0.000000 -36.074805 1.714207 -41.958367 15.622344 -10.738458 135.349433 -0.974752 -5.476659 18.148238 0.000000 0.000000 0.000000 8.703331 7.194166 86.094449 -10.457004 1.304451 -37.964395 -8.542761 3.563309 24.106511 18.320513 -2.277293 -51.419772 0.000000 0.000000 0.000000 20.846368 -42.394647 7.179849 14.027270 -32.482106 -4.754126 24.211221 12.828153 2.190907 0.000000 0.000000 0.000000 -11.349105 24.450183 6.166570 -42.510228 37.769163 -13.674828 -26.935654 -1.608468 0.599973 0.000000 0.000000 0.000000 
0.040107 0.341487 0.467420 -2.298487 -31.751000 7.771445 23.862307 36.602016 -82.253723 -3.210895 -15.948447 155.448422 0.278932 -17.659435 -18.805711 0.000000 0.000000 0.000000 -39.541218 0.974324 -45.110752 14.555129 -13.221782 138.064318 -0.029589 -2.780627 11.828752 0.000000 0.000000 0.000000 10.449347 5.837160 89.272483 -11.002674 1.311328 -37.835911 -9.927917 2.741737 24.154298 18.121991 -1.903022 -53.041405 0.000000 0.000000 0.000000 29.887745 -41.966512 3.933002 19.473631 -29.451102 -4.922774 18.040492 14.464417 1.686875 0.000000 0.000000 0.000000 -19.477776 22.650432 4.019544 -47.055206 33.233499 -12.084897 -18.493595 -7.976463 1.235240 0.000000 0.000000 0.000000 
0.051034 0.343292 0.419767 -2.229313 -31.487401 7.353420 25.587206 37.244607 -80.727040 -2.771164 -19.049374 154.622000 -1.351599 -22.742141 -17.303199 0.000000 0.000000 0.000000 -41.546894 0.285411 -48.030506 14.096773 -17.091768 139.916699 -1.116253 -3.356101 3.953202 0.000000 0.000000 0.000000 11.937525 4.299702 92.020594 -12.087458 1.185914 -39.190968 -10.646978 2.514597 25.437932 16.882401 -1.613918 -53.055678 0.000000 0.000000 0.000000 37.746633 -39.856787 1.142632 23.459721 -28.010088 -5.145460 13.819765 15.133122 1.196142 0.000000 0.000000 0.000000 -24.778563 20.578051 2.495449 -48.135448 28.619087 -9.335610 -13.319257 -10.302531 1.013779 0.000000 0.000000 0.000000 
0.063570 0.348846 0.378722 -2.639061 -30.522622 6.817887 29.143473 37.079133 -75.723721 -2.438482 -18.118372 153.774519 -2.843633 -26.374865 -15.518352 0.000000 0.000000 0.000000 -43.703845 -0.719838 -50.177626 13.710640 -20.191126 140.570525 -0.582122 -0.936736 -1.421570 0.000000 0.000000 0.000000 13.144699 2.319748 94.209149 -13.949639 1.127995 -40.154902 -10.922393 1.795422 25.558157 17.096866 -1.727459 -53.298591 0.000000 0.000000 0.000000 39.707983 -38.111442 0.441638 26.914992 -27.914290 -5.616571 13.861522 14.417792 1.127405 0.000000 0.000000 0.000000 -24.687447 19.509270 2.303300 -47.759810 25.317560 -7.338534 -11.687487 -7.813888 0.689978 0.000000 0.000000 0.000000 
0.078234 0.360485 0.340725 -3.562802 -29.895916 7.162314 32.663656 36.682779 -70.343851 -1.741577 -18.285096 152.185338 -3.807393 -29.400195 -14.923695 0.000000 0.000000 0.000000 -44.809326 -1.634364 -53.567545 14.282275 -25.966736 140.062579 -1.834383 -3.221227 -4.067141 0.000000 0.000000 0.000000 12.758968 2.223119 93.326362 -13.235801 1.163068 -39.721682 -11.046628 3.240340 25.039409 17.050639 -1.773028 -52.544213 0.000000 0.000000 0.000000 39.969406 -36.473619 0.699614 27.414175 -29.217036 -6.384419 17.554220 14.726853 1.549486 0.000000 0.000000 0.000000 -23.202601 19.338537 2.357796 -43.261874 24.074600 -5.708496 -14.863426 -6.885533 0.881381 0.000000 0.000000 0.000000 
0.094972 0.381123 0.301542 -4.648678 -29.159496 8.285321 34.748899 35.593717 -66.248814 -1.376192 -14.768370 149.705790 -4.252157 -25.993496 -12.151632 0.000000 0.000000 0.000000 -47.438952 -2.804691 -55.291451 17.150445 -34.502753 135.487335 -2.918047 -4.682261 -9.127347 0.000000 0.000000 0.000000 12.861691 1.647210 91.913590 -14.993605 1.196604 -40.971300 -10.022163 2.592176 25.717942 15.708371 -1.270543 -53.805997 0.000000 0.000000 0.000000 34.977454 -38.399925 1.912956 26.620437 -30.707802 -6.574820 23.704955 12.224202 1.889167 0.000000 0.000000 0.000000 -19.695109 20.991832 3.461171 -39.141893 23.597342 -5.312415 -18.554235 -2.778555 0.595815 0.000000 0.000000 0.000000 
0.113775 0.410721 0.258830 -5.586905 -28.029613 9.447626 35.203193 32.748870 -62.333952 -0.771011 -9.399770 144.927630 -2.284716 -20.323337 -13.331585 0.000000 0.000000 0.000000 -49.528117 -4.218432 -57.152258 23.943904 -44.570432 125.693391 -5.459565 -11.141995 -13.050274 0.000000 0.000000 0.000000 12.269032 1.582024 90.442335 -14.377387 1.465077 -39.529482 -10.077052 2.896705 25.082144 16.318687 -1.320152 -53.875991 0.000000 0.000000 0.000000 32.055832 -38.608785 3.041905 23.717720 -32.171745 -6.574646 29.106728 9.485562 1.828649 0.000000 0.000000 0.000000 -17.138265 21.214697 4.137328 -32.974058 24.480164 -5.041417 -22.260879 -0.436616 0.377009 0.000000 0.000000 0.000000 
0.135180 0.448174 0.211550 -7.156765 -28.120757 12.352848 34.507462 30.674621 -59.903455 -0.804150 -2.352196 138.794129 -2.835933 -11.723218 -5.191539 0.000000 0.000000 0.000000 -48.449112 -4.233027 -59.801081 37.129357 -51.389010 107.587608 -8.786529 -21.683254 -14.637458 0.000000 0.000000 0.000000 11.294299 2.688485 89.364369 -13.936243 1.326659 -40.801892 -9.265191 3.129280 26.021425 14.551142 -0.683264 -54.317198 0.000000 0.000000 0.000000 27.911077 -38.238688 4.459179 17.952261 -33.107538 -5.770987 31.377723 5.357054 1.059761 0.000000 0.000000 0.000000 -15.043203 23.104561 5.096576 -25.686775 24.220795 -4.255441 -25.832747 3.104958 -0.228885 0.000000 0.000000 0.000000 
0.158974 0.495531 0.159725 -8.079788 -27.042787 15.462735 31.448512 27.739566 -60.543177 -2.333639 6.972037 129.545484 0.806631 2.645274 1.562009 0.000000 0.000000 0.000000 -48.286050 -4.934340 -62.082550 56.526440 -53.450655 80.946649 -11.080071 -29.359802 -15.512545 0.000000 0.000000 0.000000 9.850213 3.527595 87.277656 -12.502871 1.604855 -37.958211 -8.740523 4.129224 23.706174 13.761047 -0.292283 -53.426486 0.000000 0.000000 0.000000 24.727709 -38.015898 5.986662 11.171713 -34.384340 -4.907431 34.979598 2.872958 0.577323 0.000000 0.000000 0.000000 -13.338112 23.153957 5.732908 -16.963055 24.922041 -3.523502 -29.031399 6.776117 -0.935962 0.000000 0.000000 0.000000 
0.183102 0.544471 0.105132 -8.496059 -26.468143 17.412102 28.647951 25.870113 -61.968033 -4.172439 12.223925 121.269765 3.551738 10.665315 8.622838 0.000000 0.000000 0.000000 -46.884801 -4.800371 -63.596171 66.102499 -49.546433 64.805740 -13.831181 -37.196942 -12.939579 0.000000 0.000000 0.000000 8.383764 4.736356 86.752991 -10.914987 1.356328 -39.381026 -8.508982 4.927243 25.021809 13.420204 -0.257613 -52.875743 0.000000 0.000000 0.000000 17.794008 -38.707380 8.239184 7.081165 -32.126647 -3.834464 33.784842 -0.488805 -0.333265 0.000000 0.000000 0.000000 -10.371879 23.720969 6.567999 -10.079671 26.109881 -3.010443 -32.640708 9.165825 -1.614116 0.000000 0.000000 0.000000 
0.204714 0.591365 0.050579 -9.230376 -26.071552 20.580900 24.549792 23.600778 -64.667508 -6.198394 15.583434 111.225039 10.953148 22.547850 11.450190 0.000000 0.000000 0.000000 -43.929404 -3.403796 -62.357452 66.382482 -43.939706 58.659662 -15.891549 -42.230044 -10.223419 0.000000 0.000000 0.000000 6.774615 5.896324 83.613071 -10.084899 1.431113 -38.437314 -7.147600 6.479322 24.872233 10.932758 0.607524 -53.463796 0.000000 0.000000 0.000000 14.141114 -38.694162 9.610653 0.047674 -31.373043 -2.685527 31.475723 -1.484777 -0.502372 0.000000 0.000000 0.000000 -6.623534 22.866055 7.368404 -3.586254 27.236110 -2.475412 -34.286342 14.713170 -3.082402 0.000000 0.000000 0.000000 
0.222579 0.633320 -0.001443 -7.789251 -25.475603 20.490072 21.293246 19.972072 -63.812966 -6.481175 15.275033 100.727459 14.983377 27.856337 11.469150 0.000000 0.000000 0.000000 -39.105216 -1.549860 -59.201974 62.470334 -40.363024 60.757113 -19.282916 -48.166101 -6.259079 0.000000 0.000000 0.000000 6.554668 5.585400 82.671483 -9.699045 1.456723 -37.855027 -7.999767 5.324110 24.999893 11.283479 0.269270 -52.000398 0.000000 0.000000 0.000000 7.727010 -37.973594 11.325114 -3.737345 -28.671591 -1.856891 26.575035 -3.409554 -0.698607 0.000000 0.000000 0.000000 -2.102444 23.102072 8.462104 1.826089 28.464732 -2.028358 -35.300856 18.405249 -4.305391 0.000000 0.000000 0.000000 
0.236263 0.673077 -0.049429 -6.595807 -24.940885 21.304215 20.013850 18.014494 -62.699617 -8.717008 16.828790 91.422557 14.627551 28.295683 -0.237746 0.000000 0.000000 0.000000 -33.813038 0.205690 -55.796284 58.566071 -35.712690 61.274091 -22.579745 -52.831961 -2.448381 0.000000 0.000000 0.000000 6.038349 5.428508 80.720459 -9.092241 1.479989 -37.022570 -8.292131 5.598403 24.507628 11.268392 0.461304 -53.111927 0.000000 0.000000 0.000000 1.153826 -37.984107 13.382591 -7.527286 -27.293955 -1.360391 24.990619 -4.720614 -0.840931 0.000000 0.000000 0.000000 4.137185 21.161524 9.096453 7.127636 30.075860 -1.465107 -33.671581 23.670550 -5.428020 0.000000 0.000000 0.000000 
0.245809 0.712612 -0.091823 -5.068503 -24.883539 21.999208 18.095409 15.663049 -60.956331 -9.396593 15.574570 80.295526 13.349735 26.570902 -6.207516 0.000000 0.000000 0.000000 -27.474752 2.087000 -51.528338 50.632608 -28.678963 63.829217 -21.179115 -52.004841 -3.365323 0.000000 0.000000 0.000000 4.885808 5.885049 77.093946 -8.660765 1.525618 -37.063056 -7.539264 5.571936 25.634946 10.814167 0.513363 -53.274755 0.000000 0.000000 0.000000 -3.919370 -35.181734 13.977592 -13.091553 -27.417668 -0.795491 25.022239 -5.637084 -0.921833 0.000000 0.000000 0.000000 7.933860 18.267510 8.410385 15.726204 30.800043 -0.248840 -33.908353 30.957306 -7.371740 0.000000 0.000000 0.000000 
0.252193 0.748192 -0.128720 -4.276963 -25.047480 22.424422 17.202679 14.360225 -59.254566 -10.193786 14.454700 71.207011 12.062118 24.122121 -7.377041 0.000000 0.000000 0.000000 -20.478964 3.651093 -46.681332 41.936996 -20.383451 64.909217 -19.637390 -49.475161 -3.141818 0.000000 0.000000 0.000000 4.246095 6.050678 74.577041 -8.787388 1.573362 -36.899485 -7.530904 5.311299 24.787709 11.565988 0.446840 -54.096615 0.000000 0.000000 0.000000 -9.078053 -31.107782 13.699145 -18.507473 -26.347986 -0.256691 26.333686 -10.108323 -1.779476 0.000000 0.000000 0.000000 12.908082 16.123356 7.913335 21.314078 30.115785 0.569379 -28.011851 37.942294 -7.375610 0.000000 0.000000 0.000000 
0.256742 0.781422 -0.160774 -4.220001 -25.121706 22.135116 17.057280 13.000173 -55.761160 -9.633965 12.456706 63.025639 9.550179 18.925806 -9.350267 0.000000 0.000000 0.000000 -14.910778 4.405229 -42.111662 35.027628 -12.933700 60.785670 -16.825906 -45.442368 -6.366141 0.000000 0.000000 0.000000 3.672111 6.002386 71.258404 -8.540983 1.638834 -36.184340 -6.941710 5.957655 25.266334 11.867047 0.264965 -53.818837 0.000000 0.000000 0.000000 -12.281275 -28.202569 13.156062 -23.227402 -25.964285 0.054738 26.711883 -14.240225 -2.563532 0.000000 0.000000 0.000000 15.255625 13.053479 6.465936 28.511275 29.790950 1.600809 -21.674822 41.336690 -5.717968 0.000000 0.000000 0.000000 
0.261308 0.812695 -0.191232 -3.167345 -24.675617 20.530803 16.009396 10.940797 -52.488106 -8.919033 10.140502 54.747605 8.004761 15.650302 -5.473435 0.000000 0.000000 0.000000 -10.806549 4.374169 -37.311579 27.877981 -7.053650 54.176736 -15.784978 -43.600832 -9.787824 0.000000 0.000000 0.000000 3.678091 5.453084 69.724371 -8.710210 1.695382 -35.578022 -6.822937 5.945914 25.507279 12.986276 -0.083612 -53.748219 0.000000 0.000000 0.000000 -13.534635 -27.517828 13.069607 -27.129380 -26.062046 0.504244 26.730934 -15.648886 -2.813349 0.000000 0.000000 0.000000 19.021546 12.471182 6.317368 31.169888 28.435616 1.702561 -15.584743 40.747643 -3.524015 0.000000 0.000000 0.000000 
0.266728 0.838695 -0.222365 -3.348503 -24.510688 20.725333 15.799346 9.986209 -50.200924 -8.435164 8.315847 47.578029 6.644349 12.922743 -3.826385 0.000000 0.000000 0.000000 -7.089948 4.748847 -35.651538 22.000425 -3.537006 48.578755 -16.086249 -42.228921 -8.323245 0.000000 0.000000 0.000000 3.292002 5.283081 67.522991 -8.536777 1.704244 -35.322705 -6.167812 6.549770 25.422905 13.268615 -0.074313 -54.400852 0.000000 0.000000 0.000000 -16.883508 -25.725709 12.856870 -27.337305 -26.462060 0.508242 24.770551 -17.106812 -2.794379 0.000000 0.000000 0.000000 22.658493 11.097297 5.769957 31.404979 27.321880 1.410891 -10.680996 38.930384 -1.710797 0.000000 0.000000 0.000000 
0.273627 0.858825 -0.255750 -3.152826 -24.210759 20.449639 15.056989 9.309843 -49.789419 -7.207029 6.188982 41.306635 5.654890 11.249297 4.062920 0.000000 0.000000 0.000000 -4.643133 4.862423 -34.149135 17.854662 -1.695696 42.331150 -17.293287 -43.080217 -6.805010 0.000000 0.000000 0.000000 2.782884 5.264156 66.128057 -7.594707 1.585292 -36.025526 -5.191330 7.884747 26.567958 13.350925 -0.211436 -53.862053 0.000000 0.000000 0.000000 -19.174322 -26.204248 13.351064 -29.387767 -25.968855 0.576856 24.046908 -18.966031 -3.026773 0.000000 0.000000 0.000000 24.986423 10.536429 5.943903 30.161666 26.937982 0.967837 -9.011161 37.046533 -1.069001 0.000000 0.000000 0.000000 
0.281269 0.869978 -0.290243 -2.647993 -23.364331 20.055342 14.610203 8.763546 -49.882618 -7.399921 5.280690 36.706466 5.265310 10.824171 8.676658 0.000000 0.000000 0.000000 -3.911540 4.777750 -33.533017 16.119500 -1.329198 37.152983 -17.608469 -43.190192 -6.562302 0.000000 0.000000 0.000000 3.260761 4.461213 65.697520 -7.777740 1.624001 -35.877191 -4.889237 8.263887 26.816125 13.719854 -0.284488 -54.039448 0.000000 0.000000 0.000000 -21.026737 -26.513096 13.777710 -28.378096 -26.189147 0.501744 22.199711 -20.999056 -3.075687 0.000000 0.000000 0.000000 25.191042 9.734110 5.604767 29.775146 26.707435 0.809667 -7.888542 35.757531 -0.692852 0.000000 0.000000 0.000000 
0.289051 0.876683 -0.323704 -2.358298 -21.772876 19.841499 14.458823 8.138197 -49.829305 -7.003659 4.195435 32.505716 3.322638 7.853957 10.570266 0.000000 0.000000 0.000000 -3.954466 4.777206 -34.260598 14.850328 -1.282888 33.814250 -17.637184 -42.580791 -4.740700 0.000000 0.000000 0.000000 3.916857 3.305626 65.562767 -7.903302 1.633178 -36.404285 -4.482707 9.264685 27.769358 14.189776 -0.444467 -53.694499 0.000000 0.000000 0.000000 -22.470702 -27.237399 14.100295 -27.823296 -25.782081 0.379349 20.492431 -23.728404 -3.215213 0.000000 0.000000 0.000000 25.669596 8.302274 5.184745 30.097977 26.494131 0.638734 -8.281210 34.803793 -0.723267 0.000000 0.000000 0.000000 
0.296492 0.880606 -0.354180 -2.512640 -21.000115 19.429348 15.380029 8.471534 -50.122754 -7.596421 4.153847 31.170162 1.219137 4.681400 11.407060 0.000000 0.000000 0.000000 -4.357959 4.996250 -36.132067 14.811344 -1.469584 33.125322 -17.807669 -42.132312 -1.639667 0.000000 0.000000 0.000000 3.924720 2.961171 65.581400 -7.357680 1.595216 -35.627162 -3.542950 9.724469 27.739743 12.487393 -0.002170 -53.499282 0.000000 0.000000 0.000000 -25.478284 -26.250749 13.777312 -26.967736 -24.477353 0.134448 19.651623 -27.964612 -3.647312 0.000000 0.000000 0.000000 25.499097 7.424958 4.843671 29.212406 26.322525 0.451507 -7.753608 35.938303 -0.560350 0.000000 0.000000 0.000000 
0.303427 0.881094 -0.379041 -1.682601 -18.947233 19.124780 15.940711 8.052675 -50.167536 -10.032531 5.238414 32.313963 3.239293 7.734857 8.377662 0.000000 0.000000 0.000000 -6.578036 4.590627 -37.981411 15.932805 -2.251853 32.639740 -17.947883 -42.022241 0.713652 0.000000 0.000000 0.000000 4.585989 1.541549 65.215472 -7.466648 1.607042 -35.221897 -3.230818 9.666615 27.769267 12.750420 -0.060801 -53.424576 0.000000 0.000000 0.000000 -27.228433 -26.544518 14.144884 -25.609480 -23.115512 -0.170957 19.964012 -31.840359 -4.298432 0.000000 0.000000 0.000000 26.320375 5.088164 3.501748 30.354793 25.735020 0.383072 -7.211712 38.321256 -0.297435 0.000000 0.000000 0.000000 
0.309816 0.879739 -0.398233 -0.862611 -17.938838 17.900999 16.591127 7.798327 -49.154567 -11.731447 7.398270 39.681245 4.239788 9.446557 7.030469 0.000000 0.000000 0.000000 -8.081836 4.353152 -39.691780 16.326085 -2.666388 34.761087 -18.180585 -41.800666 3.040861 0.000000 0.000000 0.000000 4.485665 1.331353 66.881327 -6.978457 1.517962 -36.913156 -3.580870 9.109337 28.876700 12.990252 -0.169467 -53.653783 0.000000 0.000000 0.000000 -27.190836 -25.199433 13.233599 -26.205584 -22.439194 -0.315206 21.573718 -35.099765 -5.295765 0.000000 0.000000 0.000000 27.109721 4.989814 3.498147 32.680444 24.832739 0.322531 -8.871684 39.830400 -0.774474 0.000000 0.000000 0.000000 
0.316669 0.876464 -0.413205 -0.695381 -15.939791 16.470399 15.862991 6.451389 -47.605301 -10.465480 7.624617 45.715728 3.282036 9.478217 16.749468 0.000000 0.000000 0.000000 -9.776564 3.623827 -39.694173 18.197273 -3.739690 35.336318 -18.436403 -41.709816 4.339743 0.000000 0.000000 0.000000 5.114186 0.098924 68.518516 -7.151739 1.501366 -37.223355 -3.778516 8.483046 28.984646 13.804206 -0.622620 -52.281036 0.000000 0.000000 0.000000 -25.847901 -24.869887 12.695829 -25.692096 -22.176066 -0.378686 21.900123 -36.792974 -5.761862 0.000000 0.000000 0.000000 27.108274 5.349864 3.761005 34.234323 22.776050 -0.013178 -12.194824 41.487022 -1.945940 0.000000 0.000000 0.000000 
0.324380 0.868080 -0.425339 -1.607498 -15.708753 15.893161 16.579671 6.233408 -45.067743 -10.715690 8.182294 47.203480 -0.618167 5.094255 21.850283 0.000000 0.000000 0.000000 -9.646453 3.762152 -40.688626 19.700552 -4.496148 37.482589 -18.309680 -42.179418 2.497317 0.000000 0.000000 0.000000 4.808974 0.242024 68.712124 -7.758143 1.578721 -36.932375 -2.704432 8.556763 29.748792 13.730472 -0.833464 -51.115933 0.000000 0.000000 0.000000 -24.279051 -23.766562 11.720557 -26.098625 -22.515697 -0.389713 25.322082 -37.304299 -7.039608 0.000000 0.000000 0.000000 27.406705 5.306157 3.816936 35.509549 22.659768 -0.034594 -17.107600 40.964779 -3.523269 0.000000 0.000000 0.000000 
0.332376 0.857257 -0.435581 -2.192090 -14.886333 15.524982 15.939984 5.441086 -43.610443 -9.343793 7.348785 47.815893 -5.570456 -4.678676 13.757796 0.000000 0.000000 0.000000 -9.989137 3.760101 -42.388207 20.941161 -5.458894 40.470428 -18.320784 -42.812177 1.220202 0.000000 0.000000 0.000000 3.968922 0.535977 69.199171 -6.551847 1.456451 -36.918737 -2.257240 8.738491 29.604593 13.281340 -0.693614 -50.836285 0.000000 0.000000 0.000000 -22.265492 -23.794465 11.273123 -27.317141 -21.404160 -0.459388 29.805208 -37.487553 -8.708484 0.000000 0.000000 0.000000 27.084442 6.059644 4.445033 36.099558 21.412283 -0.279604 -21.265511 42.291703 -5.101365 0.000000 0.000000 0.000000 
0.339921 0.844742 -0.443834 -2.314513 -14.941560 14.813914 16.114484 5.578617 -43.769319 -10.304175 8.139038 48.786662 -3.438308 -3.174868 8.766074 0.000000 0.000000 0.000000 -11.104735 3.656907 -44.204783 22.723229 -6.717378 44.224915 -17.793761 -42.794573 -0.772333 0.000000 0.000000 0.000000 3.470971 0.981734 70.227330 -6.190317 1.397246 -37.094740 -2.553663 8.007525 29.259190 13.288302 -0.784873 -50.572147 0.000000 0.000000 0.000000 -21.539187 -22.685367 10.676681 -26.736798 -20.889464 -0.603795 32.924718 -36.960999 -9.651352 0.000000 0.000000 0.000000 27.911373 5.595153 3.950351 35.609707 20.790841 -0.438900 -23.820679 44.547939 -6.441718 0.000000 0.000000 0.000000 
0.346069 0.833765 -0.449455 -2.476489 -15.129012 13.947752 16.577791 5.932875 -44.075296 -11.131250 9.035716 50.489467 -2.573977 -2.707567 6.004935 0.000000 0.000000 0.000000 -12.235988 3.493206 -45.527565 24.364622 -8.003525 47.794470 -16.834433 -41.724564 -2.627356 0.000000 0.000000 0.000000 2.715850 1.682353 71.052813 -5.907782 1.355980 -36.956793 -2.757411 7.006936 29.074982 13.618088 -1.049400 -50.190441 0.000000 0.000000 0.000000 -21.296604 -22.012364 10.530319 -26.601350 -20.332060 -0.768529 37.022160 -36.042312 -10.717239 0.000000 0.000000 0.000000 29.001796 5.831565 3.825100 35.615074 20.015325 -0.608515 -27.427568 47.152042 -8.442624 0.000000 0.000000 0.000000 
0.350579 0.824061 -0.452466 -2.608552 -14.615450 12.904193 16.173796 5.821416 -45.068363 -10.726404 9.117770 53.201788 -1.586522 -1.113835 5.306107 0.000000 0.000000 0.000000 -13.309591 3.041930 -45.602459 25.487455 -9.096432 50.005508 -15.764382 -40.227707 -4.602855 0.000000 0.000000 0.000000 2.294630 1.804586 71.911395 -6.008418 1.362858 -37.007663 -3.041337 5.737298 29.105780 13.345313 -1.235286 -49.252943 0.000000 0.000000 0.000000 -20.976062 -21.813475 10.684069 -26.181996 -20.386037 -0.844263 40.607924 -34.380767 -11.275278 0.000000 0.000000 0.000000 29.381433 6.051718 3.580086 36.441236 19.334044 -0.682672 -30.293326 49.743230 -10.350964 0.000000 0.000000 0.000000 
0.353256 0.816421 -0.453457 -2.912754 -15.045823 12.120769 16.833521 6.326438 -45.305222 -10.922324 9.838807 55.617912 -1.790450 -1.860137 4.287730 0.000000 0.000000 0.000000 -13.754009 3.012985 -45.940788 26.063014 -9.670719 52.250485 -14.761687 -38.499854 -6.040342 0.000000 0.000000 0.000000 1.431843 2.708688 72.453119 -5.771129 1.332864 -36.706843 -3.570478 4.791932 28.849619 14.494084 -1.804896 -48.633923 0.000000 0.000000 0.000000 -19.676269 -21.459266 10.540614 -27.192334 -20.442844 -0.836098 44.117310 -32.893996 -11.740307 0.000000 0.000000 0.000000 30.581221 6.990498 3.859385 36.365419 18.840009 -0.707475 -35.011369 52.040917 -13.356372 0.000000 0.000000 0.000000 
0.354462 0.810932 -0.453600 -3.164745 -14.992690 11.660830 17.025429 6.471778 -45.561481 -10.609851 9.954339 57.452229 -1.713172 -2.400858 2.603245 0.000000 0.000000 0.000000 -14.406578 2.800107 -46.048932 26.222077 -10.016625 53.494812 -13.589490 -35.910152 -6.885849 0.000000 0.000000 0.000000 0.618990 3.329010 72.685159 -5.778496 1.325099 -37.119370 -3.873661 4.064637 29.219965 14.582810 -1.882494 -48.853734 0.000000 0.000000 0.000000 -18.671903 -21.283732 10.489296 -28.202701 -21.164709 -0.735702 47.008696 -31.608169 -11.981557 0.000000 0.000000 0.000000 30.508428 6.898225 3.509147 37.793807 18.534798 -0.693595 -37.081192 54.889514 -15.346809 0.000000 0.000000 0.000000 
0.354862 0.804444 -0.453471 -3.473240 -15.319730 11.200632 17.546426 6.905848 -45.896660 -10.678245 10.581246 59.884510 -1.159018 -1.973570 1.015810 0.000000 0.000000 0.000000 -14.677305 2.793450 -46.253341 26.106829 -10.093112 54.857583 -12.538948 -33.549333 -7.937699 0.000000 0.000000 0.000000 0.129406 3.933708 73.372246 -5.719798 1.318042 -36.993418 -4.544168 3.835692 28.789140 15.631280 -2.111950 -49.354962 0.000000 0.000000 0.000000 -17.863757 -20.973005 10.197333 -29.706658 -21.914932 -0.483547 50.217994 -31.459071 -12.810017 0.000000 0.000000 0.000000 30.598190 6.811609 3.356147 38.848892 18.548225 -0.573922 -40.002594 56.439018 -17.442533 0.000000 0.000000 0.000000 
0.354782 0.798807 -0.453257 -3.738476 -15.247223 11.281016 17.891199 7.132943 -46.211067 -10.205755 10.468989 61.313616 -1.555026 -4.172970 -1.876632 0.000000 0.000000 0.000000 -14.953705 2.710551 -46.402743 25.532269 -9.913004 55.607917 -11.232318 -30.435786 -9.771573 0.000000 0.000000 0.000000 -0.361619 4.339643 73.833801 -5.472565 1.277093 -37.361390 -4.905029 3.730328 28.499359 15.952814 -2.143776 -49.575411 0.000000 0.000000 0.000000 -17.918215 -21.209094 10.326505 -30.765914 -22.256375 -0.328071 53.869604 -31.918845 -14.104578 0.000000 0.000000 0.000000 30.467251 6.755179 3.334504 39.755615 18.718181 -0.476843 -43.608240 57.890180 -19.923776 0.000000 0.000000 0.000000 
0.354430 0.791750 -0.452990 -4.291633 -14.865751 11.471543 18.465552 7.490812 -46.979945 -9.639831 10.350502 63.822174 -1.555660 -6.207736 -5.481422 0.000000 0.000000 0.000000 -15.592219 2.469389 -46.807924 25.715271 -10.298888 56.122070 -10.058625 -27.142619 -10.767069 0.000000 0.000000 0.000000 -0.294631 4.136806 74.164236 -5.984143 1.347776 -37.229057 -4.952977 3.180227 27.921279 15.967403 -1.930376 -50.592286 0.000000 0.000000 0.000000 -17.013254 -20.187571 9.730928 -32.681863 -23.534472 0.113621 56.778340 -32.975508 -15.389154 0.000000 0.000000 0.000000 29.493120 5.890474 2.498708 41.580945 18.858204 -0.200884 -45.918402 59.589978 -22.044855 0.000000 0.000000 0.000000 
0.353736 0.784699 -0.453026 -4.488691 -15.150676 11.507432 18.672051 7.705424 -47.013246 -9.271588 10.549000 65.767452 -0.480026 -6.492233 -10.176652 0.000000 0.000000 0.000000 -15.937032 2.489534 -47.549502 26.243096 -10.748364 57.004015 -9.813395 -26.615927 -11.557659 0.000000 0.000000 0.000000 -0.445680 4.449136 74.470001 -5.458585 1.284568 -37.329673 -4.893456 3.476925 27.795433 15.875144 -1.836178 -50.685998 0.000000 0.000000 0.000000 -16.567849 -19.814826 9.387088 -34.545603 -23.900374 0.369895 58.645293 -34.722515 -16.919229 0.000000 0.000000 0.000000 28.366280 5.055710 2.054497 42.776865 18.867136 -0.135775 -48.834179 60.891225 -24.287439 0.000000 0.000000 0.000000 
0.353020 0.771541 -0.453691 -4.664975 -14.812601 11.465713 19.233099 8.095818 -47.899951 -8.791776 10.684047 69.493512 0.078092 -8.935110 -15.349521 0.000000 0.000000 0.000000 -17.455021 1.966205 -48.392373 28.233113 -12.523165 58.131300 -9.380392 -25.612008 -13.387530 0.000000 0.000000 0.000000 -0.079176 4.126227 75.941703 -5.597994 1.285275 -37.682102 -4.959245 3.294573 27.330385 16.251762 -1.669024 -51.889077 0.000000 0.000000 0.000000 -16.419648 -19.623921 9.219021 -34.181186 -24.718668 0.599747 60.171998 -35.992846 -18.221823 0.000000 0.000000 0.000000 27.959986 4.260906 1.546895 43.625105 18.934282 -0.016162 -51.834814 61.515803 -26.405965 0.000000 0.000000 0.000000 
0.352065 0.752863 -0.455071 -4.899064 -14.817803 11.279679 19.723368 8.747532 -49.429375 -8.312976 10.811205 73.315060 0.830552 -9.690826 -18.656189 0.000000 0.000000 0.000000 -18.901957 1.557079 -49.897076 30.166704 -14.539896 60.318948 -8.990195 -24.733811 -15.605167 0.000000 0.000000 0.000000 0.329209 3.948765 77.595213 -5.673108 1.274682 -37.962287 -4.977971 3.469965 27.481975 16.527321 -1.591674 -52.623198 0.000000 0.000000 0.000000 -15.675593 -20.874807 9.667052 -33.204031 -25.386497 0.700159 62.306344 -35.014500 -18.598200 0.000000 0.000000 0.000000 27.346964 3.856551 1.464549 44.497573 20.164380 0.416029 -55.825901 61.053752 -28.407085 0.000000 0.000000 0.000000 
0.351242 0.726107 -0.456956 -5.185623 -14.587990 11.114838 19.808716 9.348881 -51.887270 -7.683194 10.862669 78.894025 2.743200 -8.016157 -23.576549 0.000000 0.000000 0.000000 -21.808431 0.525690 -51.854880 34.133208 -18.316376 61.975810 -8.714561 -24.258599 -17.651251 0.000000 0.000000 0.000000 0.512540 3.807154 79.113074 -5.270641 1.236615 -37.706313 -4.708626 4.101188 26.744790 16.587472 -1.206926 -54.139954 0.000000 0.000000 0.000000 -14.271153 -21.511852 9.539746 -32.760567 -26.547206 1.060040 63.699791 -35.029674 -19.413201 0.000000 0.000000 0.000000 25.780713 2.835347 1.158515 45.924627 21.061680 0.873798 -59.759718 60.568650 -30.170926 0.000000 0.000000 0.000000 
0.350568 0.689644 -0.458649 -5.525014 -14.017998 10.695634 20.352637 10.406676 -55.466829 -7.453144 11.159881 86.222099 4.231533 -6.749188 -27.456784 0.000000 0.000000 0.000000 -24.607662 -0.706284 -53.973957 37.493457 -22.641070 65.020745 -8.340511 -23.444327 -21.646302 0.000000 0.000000 0.000000 0.830740 3.354020 81.063434 -4.919782 1.187140 -37.869773 -4.368479 4.352959 26.788549 15.744476 -1.011690 -53.853446 0.000000 0.000000 0.000000 -13.457009 -22.477995 9.762671 -31.715631 -27.561500 1.218052 66.404985 -34.831219 -20.548605 0.000000 0.000000 0.000000 24.684266 2.869403 1.410204 46.095277 21.385730 0.982061 -65.968329 59.576398 -33.245900 0.000000 0.000000 0.000000 
0.349799 0.650209 -0.459232 -5.701037 -13.408906 9.612358 20.576570 11.118995 -58.516278 -6.610755 10.491062 93.460673 5.399945 -7.067070 -31.653724 0.000000 0.000000 0.000000 -27.684521 -2.210598 -55.205338 41.093047 -27.393284 67.650521 -8.125231 -23.105388 -25.750853 0.000000 0.000000 0.000000 1.542460 2.478150 83.616073 -5.441016 1.226404 -38.039738 -3.906336 4.470598 26.328674 15.402358 -0.791095 -54.543100 0.000000 0.000000 0.000000 -12.671392 -23.720198 10.094066 -30.474056 -27.849693 1.206365 68.740357 -34.692773 -21.674128 0.000000 0.000000 0.000000 23.362289 2.608713 1.420345 46.658767 20.890780 0.869769 -69.053692 59.965417 -35.349580 0.000000 0.000000 0.000000 
0.349169 0.604878 -0.458357 -5.675509 -13.322548 7.812465 21.471947 12.390153 -61.111639 -7.077750 11.708442 101.736151 6.695048 -4.458682 -34.450336 0.000000 0.000000 0.000000 -30.935962 -3.821347 -57.197708 42.981375 -32.303560 72.786027 -7.776626 -21.062977 -28.120675 0.000000 0.000000 0.000000 1.755016 2.272208 86.269754 -4.847433 1.120398 -38.477044 -4.063851 5.752611 26.518865 15.910807 -0.820728 -55.086739 0.000000 0.000000 0.000000 -12.132826 -25.354576 10.375387 -28.861470 -27.701123 1.063444 71.400830 -34.679793 -23.453692 0.000000 0.000000 0.000000 24.632628 2.943657 2.202236 44.349814 20.403270 0.287590 -72.550262 58.715603 -36.392943 0.000000 0.000000 0.000000 
0.348579 0.562676 -0.456154 -5.628883 -13.284105 6.215416 21.465194 13.111510 -63.757203 -6.320603 10.898454 109.102440 7.464429 -3.858501 -36.954931 0.000000 0.000000 0.000000 -32.998972 -4.961521 -58.569058 42.865450 -35.753479 78.266749 -7.537189 -19.378429 -32.537707 0.000000 0.000000 0.000000 2.062497 1.957822 88.915831 -5.017774 1.093635 -38.912441 -3.768844 5.779117 26.417437 15.589946 -0.679361 -55.653980 0.000000 0.000000 0.000000 -11.504133 -26.856369 10.848416 -27.661464 -27.338592 0.896504 73.119767 -33.118740 -23.344590 0.000000 0.000000 0.000000 24.191174 3.342730 2.538372 42.960374 19.880416 -0.017191 -73.586878 57.967881 -36.607289 0.000000 0.000000 0.000000 
0.347950 0.525681 -0.452591 -5.753881 -12.878604 5.198415 21.589186 13.668407 -66.113965 -6.056745 10.513445 115.423862 8.266912 -2.313973 -39.638797 0.000000 0.000000 0.000000 -35.420945 -6.419245 -59.660010 42.413653 -39.316322 83.707314 -7.315648 -16.397663 -35.204277 0.000000 0.000000 0.000000 1.883283 1.863020 90.506945 -4.117434 0.978641 -39.456362 -3.208993 7.209434 26.650676 15.824095 -0.631989 -56.185714 0.000000 0.000000 0.000000 -11.720924 -28.337233 11.204805 -26.317183 -27.013910 0.764486 73.915844 -32.972095 -24.174016 0.000000 0.000000 0.000000 23.716590 3.656277 3.211085 40.342732 19.635597 -0.396345 -71.904527 56.916282 -34.508746 0.000000 0.000000 0.000000 
0.347198 0.506854 -0.448790 -5.636238 -12.632868 3.548086 21.239143 13.421152 -66.733465 -5.497177 9.434056 119.046499 8.197339 -1.924893 -39.066931 0.000000 0.000000 0.000000 -35.821907 -6.848960 -59.917874 39.779800 -39.758685 88.810611 -7.180937 -14.434829 -35.565990 0.000000 0.000000 0.000000 1.936466 1.569576 91.404348 -3.866366 0.962561 -38.728710 -3.224967 7.544546 26.099846 15.603409 -0.480292 -56.773048 0.000000 0.000000 0.000000 -10.995727 -29.051838 11.253039 -26.858383 -26.356426 0.779341 74.131649 -32.547802 -24.220558 0.000000 0.000000 0.000000 23.093391 4.178082 3.565452 39.182287 18.878500 -0.639028 -69.164813 56.303188 -32.491224 0.000000 0.000000 0.000000 
0.346383 0.503192 -0.444765 -5.698122 -12.371155 3.105587 20.665899 12.698973 -66.202958 -5.057243 8.611818 119.655837 8.565597 -0.183126 -40.067590 0.000000 0.000000 0.000000 -35.392887 -6.730399 -59.516197 38.338541 -39.501247 91.085747 -7.137571 -13.815009 -36.067095 0.000000 0.000000 0.000000 2.110045 1.171200 91.374652 -3.419521 0.903820 -39.323704 -2.919104 7.978450 26.182239 15.992404 -0.595093 -56.725886 0.000000 0.000000 0.000000 -11.461020 -29.450572 11.418106 -27.368645 -26.125527 0.802622 72.799532 -34.044546 -24.813611 0.000000 0.000000 0.000000 23.225149 4.913119 4.118639 36.903051 18.233926 -0.964716 -65.236077 55.806865 -30.037505 0.000000 0.000000 0.000000 
0.345346 0.517661 -0.440378 -5.701446 -12.569283 3.226931 20.568241 12.049348 -63.683027 -4.799285 8.497435 117.077225 8.848628 0.397723 -41.108632 0.000000 0.000000 0.000000 -33.988530 -5.892338 -58.792624 36.745084 -37.329485 91.342016 -6.876725 -11.855173 -34.953609 0.000000 0.000000 0.000000 2.576338 0.816133 90.465522 -3.724829 0.952418 -38.637012 -3.143536 7.485645 25.294674 16.037824 -0.429970 -57.977906 0.000000 0.000000 0.000000 -11.808624 -29.162455 11.447470 -28.674108 -26.439900 1.025737 69.046477 -34.392084 -23.174644 0.000000 0.000000 0.000000 24.133530 5.498054 4.345778 35.495988 18.330935 -0.911952 -58.786016 55.191330 -26.313980 0.000000 0.000000 0.000000 
0.344064 0.550585 -0.435815 -5.289975 -12.649274 3.610892 19.931596 10.769718 -60.265391 -4.916253 9.003429 110.835130 8.678347 1.738274 -39.682590 0.000000 0.000000 0.000000 -31.270025 -4.481469 -57.494024 35.794661 -33.616475 88.190549 -6.969184 -14.379986 -31.674600 0.000000 0.000000 0.000000 2.628797 0.835913 88.342095 -3.554439 0.964685 -38.351280 -3.341035 7.036722 25.412382 16.100897 -0.500965 -57.772447 0.000000 0.000000 0.000000 -12.679929 -27.951290 11.194702 -30.771331 -26.468162 1.190994 64.095873 -35.343710 -21.350126 0.000000 0.000000 0.000000 25.511557 5.630792 4.329106 34.723011 17.860102 -1.084638 -52.899219 55.571330 -23.502158 0.000000 0.000000 0.000000 
0.342848 0.593153 -0.431272 -4.824105 -12.781254 4.016782 19.659539 9.625982 -56.196411 -5.585571 10.126185 103.379262 7.994842 1.820808 -36.258260 0.000000 0.000000 0.000000 -28.732389 -3.193541 -55.704929 34.121761 -28.881395 84.140366 -6.716564 -14.090130 -25.632636 0.000000 0.000000 0.000000 2.508668 0.988810 85.640261 -3.936281 1.039089 -37.774059 -3.171142 6.257741 25.139864 16.433621 -0.607280 -57.901186 0.000000 0.000000 0.000000 -14.710698 -26.721157 11.186102 -32.408572 -25.364374 1.077217 59.524982 -36.789706 -19.923173 0.000000 0.000000 0.000000 28.016961 4.606080 3.395176 34.278734 17.584166 -1.114638 -44.729976 56.271468 -19.691791 0.000000 0.000000 0.000000 
0.341703 0.644849 -0.427137 -4.523422 -12.655929 5.560452 18.846571 8.071291 -51.769850 -5.763612 9.857537 93.300955 7.280868 -0.222610 -35.156922 0.000000 0.000000 0.000000 -25.450635 -1.675444 -52.396130 32.532453 -23.593634 77.543731 -6.941181 -15.650243 -23.468917 0.000000 0.000000 0.000000 2.371304 1.006866 82.133756 -3.818194 1.065038 -37.124899 -3.200479 5.734425 24.622679 16.244935 -0.747424 -56.652885 0.000000 0.000000 0.000000 -16.513758 -24.663211 10.708616 -34.218988 -24.387185 0.954641 53.787502 -38.126575 -17.946038 0.000000 0.000000 0.000000 29.360440 4.445281 2.948524 34.956511 15.902227 -1.417640 -36.848168 57.390582 -16.017971 0.000000 0.000000 0.000000 
0.340835 0.695068 -0.423434 -4.103651 -12.808408 6.913647 18.066972 6.870467 -47.951766 -6.816583 10.333490 83.633949 6.138916 0.007569 -30.339769 0.000000 0.000000 0.000000 -22.317876 -0.366848 -49.190884 30.159235 -18.508366 71.216981 -7.260228 -17.427805 -20.204813 0.000000 0.000000 0.000000 2.079144 1.246367 78.384747 -3.844971 1.104464 -36.238922 -3.117761 5.764196 24.524622 16.451865 -0.946139 -55.642581 0.000000 0.000000 0.000000 -18.889050 -22.881605 10.249129 -34.588047 -23.000436 0.622867 48.242487 -39.959504 -16.419305 0.000000 0.000000 0.000000 30.155863 3.250923 1.933460 36.279201 15.133570 -1.540492 -28.475987 57.483204 -11.506247 0.000000 0.000000 0.000000 
0.340506 0.741485 -0.420798 -3.865398 -13.038040 7.745279 17.277748 5.818841 -44.332473 -7.393852 9.877268 74.521512 4.529213 -0.649867 -23.982544 0.000000 0.000000 0.000000 -19.327273 0.672349 -45.502989 27.103937 -13.369907 63.262938 -7.656396 -19.123364 -15.197439 0.000000 0.000000 0.000000 2.516322 0.893317 75.638092 -4.527842 1.196369 -36.244149 -3.458838 5.411938 24.712043 17.071754 -1.289497 -54.911092 0.000000 0.000000 0.000000 -20.636325 -21.107452 9.740971 -34.740695 -21.541580 0.167123 42.811274 -40.554037 -14.308117 0.000000 0.000000 0.000000 31.724475 2.857399 1.323154 36.477907 13.337298 -1.970466 -22.159298 56.820603 -8.173384 0.000000 0.000000 0.000000 
0.340517 0.777171 -0.419537 -4.089035 -13.272303 9.452364 16.718923 5.177647 -41.971855 -7.668532 9.181618 67.145720 3.696465 -0.571788 -20.523696 0.000000 0.000000 0.000000 -16.376936 1.561523 -42.668388 23.947092 -9.314187 54.853930 -8.481967 -22.012449 -11.700969 0.000000 0.000000 0.000000 2.349947 1.016272 72.246398 -4.038801 1.151776 -36.409799 -2.957598 6.295921 25.598977 16.885480 -1.415878 -53.829037 0.000000 0.000000 0.000000 -22.642834 -20.707636 9.715647 -34.478402 -20.894090 -0.041839 38.703023 -40.134495 -12.527279 0.000000 0.000000 0.000000 31.686727 2.444963 1.177404 36.980538 12.803435 -2.194624 -19.613653 54.023049 -6.361465 0.000000 0.000000 0.000000 
0.340550 0.803726 -0.419892 -4.056644 -13.898405 10.494607 16.171969 4.811175 -40.488663 -7.628437 8.499306 61.568304 2.530459 -0.823988 -15.347019 0.000000 0.000000 0.000000 -14.521351 2.116577 -40.953741 21.843253 -6.907603 47.854118 -10.199096 -26.770749 -4.890871 0.000000 0.000000 0.000000 2.224143 1.274387 69.734605 -4.557332 1.225864 -35.975285 -2.946557 6.101713 25.900863 17.373817 -1.685163 -53.358830 0.000000 0.000000 0.000000 -24.102728 -20.518982 10.048872 -32.953291 -20.314813 -0.325283 36.345528 -38.492266 -11.028674 0.000000 0.000000 0.000000 32.335995 2.348891 0.795069 37.024067 12.065348 -2.337522 -17.042995 52.836988 -5.074167 0.000000 0.000000 0.000000 
0.340571 0.821859 -0.421151 -4.175654 -13.982331 11.110337 15.576373 4.358717 -39.149789 -6.957362 7.327154 57.120680 1.648383 -1.541119 -12.371345 0.000000 0.000000 0.000000 -12.814778 2.465593 -39.237093 19.537114 -5.153113 42.427080 -11.704652 -29.791430 0.254776 0.000000 0.000000 0.000000 2.054012 1.357221 68.061795 -4.084230 1.185480 -36.035519 -2.758745 6.477309 26.704840 17.518349 -1.880146 -52.671844 0.000000 0.000000 0.000000 -25.449299 -21.027431 10.561966 -32.135844 -19.802578 -0.515689 34.743636 -37.365900 -10.117583 0.000000 0.000000 0.000000 32.435948 2.361811 0.834967 37.263159 11.984428 -2.417071 -15.736948 50.880207 -4.250650 0.000000 0.000000 0.000000 
0.340526 0.832315 -0.422186 -4.506241 -14.473300 11.349670 15.249493 4.239363 -38.598558 -6.326035 6.732130 55.237484 1.419138 -0.615278 -9.406629 0.000000 0.000000 0.000000 -11.797761 2.677107 -37.886300 18.610527 -4.313539 38.376176 -13.018341 -31.963411 4.269993 0.000000 0.000000 0.000000 2.270420 1.324348 66.859566 -4.320833 1.215275 -35.675304 -2.837110 6.506317 26.679162 17.685136 -2.009308 -52.342560 0.000000 0.000000 0.000000 -26.361118 -21.206054 10.914815 -30.638579 -19.675719 -0.617980 33.244647 -36.217409 -9.275306 0.000000 0.000000 0.000000 32.677014 2.331932 0.676537 38.005030 11.991301 -2.405565 -15.452922 49.365564 -3.975023 0.000000 0.000000 0.000000 
0.340240 0.840729 -0.422298 -4.783210 -14.643248 12.078629 14.925562 4.099342 -38.307309 -5.722919 6.024369 52.911112 1.230791 -0.186733 -7.498982 0.000000 0.000000 0.000000 -11.179255 2.787465 -37.039727 17.896336 -3.804697 35.636884 -12.661058 -31.119455 5.192066 0.000000 0.000000 0.000000 2.354271 1.267210 65.574652 -4.309013 1.220792 -35.718338 -2.421542 6.912381 27.167590 17.637337 -2.208008 -51.350778 0.000000 0.000000 0.000000 -26.810425 -22.046298 11.511233 -30.566581 -19.479596 -0.673027 33.316718 -35.511818 -9.107130 0.000000 0.000000 0.000000 33.094387 2.523141 0.875165 38.071966 12.157431 -2.414922 -15.492141 48.265806 -3.865425 0.000000 0.000000 0.000000 
0.339686 0.845986 -0.421525 -5.088684 -15.221956 12.458966 14.831506 4.077988 -37.673235 -5.234649 5.746568 51.944772 1.296626 0.024991 -7.529201 0.000000 0.000000 0.000000 -10.704573 2.956035 -36.746091 17.572556 -3.507882 34.441997 -12.270941 -30.243188 6.395430 0.000000 0.000000 0.000000 2.212853 1.525070 64.542667 -4.124076 1.208206 -35.683660 -2.163590 7.456482 27.552556 17.679516 -2.125826 -51.793447 0.000000 0.000000 0.000000 -26.992842 -21.593471 11.183015 -30.920566 -19.471065 -0.678757 33.758437 -35.668950 -9.288554 0.000000 0.000000 0.000000 33.513143 2.629720 1.042903 38.093812 12.418295 -2.396073 -15.963072 47.703368 -3.980361 0.000000 0.000000 0.000000 
0.338832 0.849923 -0.420200 -5.233562 -15.342760 12.944004 14.762854 4.010257 -37.320593 -5.126852 5.551157 50.755578 1.448697 0.491467 -7.391424 0.000000 0.000000 0.000000 -10.404792 2.986122 -36.159801 17.270381 -3.284474 32.760360 -12.041274 -29.824858 6.448719 0.000000 0.000000 0.000000 2.111105 1.531221 63.289417 -3.922804 1.177411 -35.337441 -1.921247 8.119777 27.352105 17.799912 -2.436638 -50.220657 0.000000 0.000000 0.000000 -28.216004 -21.989977 11.432351 -29.990290 -18.331615 -0.872870 34.309499 -36.721281 -9.847191 0.000000 0.000000 0.000000 34.590378 2.933808 1.433339 36.910565 11.742899 -2.585556 -16.215379 47.648355 -4.128489 0.000000 0.000000 0.000000 
0.337677 0.851260 -0.418785 -5.426146 -15.512219 13.245266 14.973948 4.107314 -37.211877 -4.951347 5.464562 50.571965 1.220286 -0.078540 -7.452341 0.000000 0.000000 0.000000 -10.244025 3.070604 -36.330558 17.374175 -3.288937 32.644532 -11.956058 -29.624387 7.084687 0.000000 0.000000 0.000000 2.040324 1.605661 62.758272 -3.768269 1.164857 -35.021690 -1.780686 8.482018 27.228741 17.610819 -2.253401 -50.621327 0.000000 0.000000 0.000000 -27.936546 -21.859962 11.216589 -30.383585 -18.316952 -0.840171 35.419163 -37.122640 -10.357811 0.000000 0.000000 0.000000 34.693227 3.156032 1.700761 36.527288 12.060929 -2.499232 -16.630366 47.516746 -4.286702 0.000000 0.000000 0.000000 
0.336447 0.855186 -0.417556 -5.400283 -15.264376 13.276195 14.820441 3.863810 -36.430362 -4.998172 5.243658 49.143282 1.449749 0.542407 -7.382259 0.000000 0.000000 0.000000 -9.973663 3.049352 -35.897259 16.965916 -3.152256 32.074906 -11.903953 -29.353728 8.157776 0.000000 0.000000 0.000000 1.885848 1.579253 62.375588 -3.527630 1.140013 -35.028066 -1.509249 8.849152 27.273287 17.712251 -2.289006 -50.451719 0.000000 0.000000 0.000000 -28.011017 -22.010503 11.170987 -30.542671 -18.342910 -0.796042 36.821088 -37.754477 -11.078746 0.000000 0.000000 0.000000 34.702909 3.236682 1.945018 36.045046 12.254062 -2.481148 -16.734994 47.975369 -4.366375 0.000000 0.000000 0.000000 
0.335303 0.860227 -0.416591 -5.508492 -15.191091 13.523682 14.950436 3.751122 -35.587815 -5.335988 5.202247 47.380552 1.685335 1.236230 -7.174202 0.000000 0.000000 0.000000 -9.512496 3.095333 -35.477029 16.405690 -2.925103 31.098381 -11.715470 -28.872824 9.390298 0.000000 0.000000 0.000000 1.818453 1.539764 61.715499 -3.513956 1.142550 -34.571044 -1.248516 9.027049 27.123703 17.827665 -2.261745 -50.721814 0.000000 0.000000 0.000000 -28.049490 -21.729123 10.942098 -30.488562 -18.249932 -0.801103 37.900631 -39.216051 -11.968884 0.000000 0.000000 0.000000 34.789271 3.571267 2.233955 35.577811 12.361836 -2.435304 -17.342579 48.699830 -4.734273 0.000000 0.000000 0.000000 
0.334469 0.865329 -0.415886 -5.526185 -14.932032 13.876653 15.005816 3.605709 -34.912092 -6.057877 5.247919 45.059383 2.324501 3.116553 -6.238652 0.000000 0.000000 0.000000 -9.144246 3.116329 -35.191285 15.787125 -2.716223 30.110128 -11.595422 -28.526391 10.733837 0.000000 0.000000 0.000000 1.806254 1.411372 61.172446 -3.487429 1.147780 -34.817562 -1.100574 9.135155 27.354164 17.996473 -2.412758 -50.255580 0.000000 0.000000 0.000000 -28.339386 -21.646841 10.908098 -30.576688 -18.091484 -0.845817 39.109439 -40.626815 -12.909711 0.000000 0.000000 0.000000 34.868421 3.982901 2.603987 35.543091 12.427596 -2.446983 -18.071300 49.326438 -5.118098 0.000000 0.000000 0.000000 
0.334037 0.870211 -0.415540 -5.394647 -14.730110 13.905203 14.853879 3.376617 -34.064950 -6.939084 5.265037 42.088541 3.442788 6.348806 -3.732527 0.000000 0.000000 0.000000 -8.875118 3.073456 -34.554102 15.105472 -2.482745 29.048271 -11.431653 -28.117619 11.718384 0.000000 0.000000 0.000000 1.922925 1.244759 60.959480 -3.758798 1.183899 -34.854378 -1.084684 8.961635 27.533602 18.139720 -2.527454 -50.050750 0.000000 0.000000 0.000000 -28.590137 -21.389995 10.831356 -30.426113 -18.171472 -0.861008 39.475120 -41.959326 -13.508308 0.000000 0.000000 0.000000 35.147153 4.057773 2.600768 35.544939 12.754413 -2.373142 -19.188553 50.204072 -5.721687 0.000000 0.000000 0.000000 
0.333845 0.875186 -0.415515 -5.063716 -14.133004 14.095777 14.277310 2.967410 -33.391679 -7.678326 5.058997 38.845855 5.059020 10.244962 -1.416693 0.000000 0.000000 0.000000 -8.818103 2.931141 -33.782168 14.387599 -2.282132 27.420235 -11.431789 -27.986495 12.452760 0.000000 0.000000 0.000000 2.076883 0.910533 60.604088 -3.941640 1.210038 -34.696594 -1.284613 8.554052 27.738149 18.335571 -2.662853 -49.913032 0.000000 0.000000 0.000000 -28.520956 -21.032719 10.725563 -30.360483 -18.198111 -0.916764 39.748284 -43.736104 -14.220899 0.000000 0.000000 0.000000 35.309687 3.910721 2.374431 35.449836 13.093047 -2.294998 -20.258628 51.341602 -6.361920 0.000000 0.000000 0.000000 
0.333964 0.879998 -0.416003 -4.676551 -13.560695 14.166134 13.841176 2.644216 -32.834689 -8.374473 4.900775 36.096570 6.273894 12.952391 1.240334 0.000000 0.000000 0.000000 -8.965402 2.794632 -33.399977 13.911920 -2.183623 26.523560 -11.458508 -27.845987 13.877349 0.000000 0.000000 0.000000 2.230088 0.615350 60.574610 -4.150673 1.243372 -34.498564 -1.516093 8.346783 27.741623 18.950162 -2.861999 -49.932373 0.000000 0.000000 0.000000 -28.201362 -20.538340 10.367619 -30.917145 -18.236131 -0.910559 38.836679 -45.274942 -14.361102 0.000000 0.000000 0.000000 35.363470 3.575886 2.109404 35.546253 13.660618 -2.168146 -20.599452 52.321105 -6.627771 0.000000 0.000000 0.000000 
0.334117 0.884240 -0.416796 -4.289271 -12.923219 14.591614 13.491514 2.420444 -32.887116 -8.979185 4.745567 33.803923 7.237896 14.907178 4.055819 0.000000 0.000000 0.000000 -9.228499 2.657801 -33.221303 13.570239 -2.124578 25.278957 -11.556546 -27.859600 15.027231 0.000000 0.000000 0.000000 2.258905 0.353902 60.201969 -4.266249 1.266129 -34.500174 -1.629743 8.213701 28.199438 18.900820 -2.728068 -50.541946 0.000000 0.000000 0.000000 -27.760224 -20.288181 10.175732 -31.257799 -18.184537 -0.954064 38.297636 -46.211853 -14.438293 0.000000 0.000000 0.000000 35.438603 3.291527 1.938779 35.849596 14.458806 -2.031795 -21.332185 52.833864 -6.959439 0.000000 0.000000 0.000000 
0.334351 0.887396 -0.417704 -3.957586 -12.470038 14.847705 13.247823 2.218175 -32.513151 -9.233607 4.558618 32.128040 7.091570 14.667563 4.325478 0.000000 0.000000 0.000000 -9.347590 2.574639 -33.104421 13.108125 -2.020978 24.477321 -11.622791 -27.857057 15.866737 0.000000 0.000000 0.000000 2.432723 0.088205 60.166266 -4.753547 1.332885 -34.355765 -1.866157 7.895169 28.156514 18.975416 -2.782862 -50.436115 0.000000 0.000000 0.000000 -27.290533 -20.013073 10.017006 -31.530447 -18.093877 -0.989570 37.545905 -46.825368 -14.290925 0.000000 0.000000 0.000000 35.520324 3.177711 1.777217 35.825864 15.046000 -1.877012 -21.485962 53.130694 -7.062240 0.000000 0.000000 0.000000 
0.334539 0.889944 -0.418527 -3.777551 -12.376429 15.326749 12.909615 2.074751 -32.387818 -9.090137 4.288825 30.739835 7.106321 14.703488 4.547307 0.000000 0.000000 0.000000 -9.526789 2.540641 -33.146497 12.965752 -1.964970 23.460771 -11.556852 -27.727524 16.461506 0.000000 0.000000 0.000000 2.636359 -0.085586 59.762021 -5.009345 1.367030 -34.197675 -2.211317 8.118136 28.437422 19.035151 -2.689483 -50.862848 0.000000 0.000000 0.000000 -26.919785 -19.512481 9.595438 -31.783516 -17.974364 -1.030167 36.290767 -47.239378 -13.867364 0.000000 0.000000 0.000000 35.801854 2.860348 1.650239 35.548332 16.041010 -1.703405 -21.936049 53.179008 -7.207978 0.000000 0.000000 0.000000 
0.334704 0.892444 -0.419153 -3.466397 -12.133123 15.457446 12.298298 1.816494 -32.125352 -8.662412 3.927223 29.665711 7.038844 14.599840 4.865311 0.000000 0.000000 0.000000 -9.642057 2.477790 -33.002076 12.556632 -1.862601 22.857541 -11.556030 -27.652503 17.063821 0.000000 0.000000 0.000000 2.967349 -0.381549 59.539599 -5.493003 1.432796 -34.183783 -2.414008 8.049484 28.595082 19.177971 -2.761321 -50.792583 0.000000 0.000000 0.000000 -26.552377 -19.171373 9.361726 -31.904076 -17.795502 -1.096728 34.750167 -47.168357 -13.139143 0.000000 0.000000 0.000000 35.449619 2.332260 1.244953 35.367318 16.660782 -1.575044 -21.051555 53.189293 -6.756145 0.000000 0.000000 0.000000 
0.334721 0.894583 -0.419515 -3.049458 -11.635625 15.592847 11.570667 1.518695 -32.126102 -8.150076 3.551143 28.923252 6.854161 14.304690 5.273037 0.000000 0.000000 0.000000 -9.832759 2.362778 -32.757575 12.118762 -1.776719 22.164769 -11.706348 -27.778762 17.496062 0.000000 0.000000 0.000000 3.366209 -0.802347 59.471469 -5.808141 1.478458 -34.210200 -2.852761 7.932346 28.832662 18.987402 -2.732424 -50.595564 0.000000 0.000000 0.000000 -25.935216 -18.946391 9.161261 -31.863152 -17.753783 -1.128284 33.129383 -46.817827 -12.316882 0.000000 0.000000 0.000000 35.377614 1.919465 0.952537 35.272039 17.406650 -1.427039 -21.233246 53.314350 -6.809619 0.000000 0.000000 0.000000 
0.334529 0.895832 -0.419548 -2.743164 -11.591973 15.632435 10.973484 1.315752 -31.979471 -7.689316 3.293199 28.418846 6.851429 14.309332 5.497678 0.000000 0.000000 0.000000 -9.988733 2.312042 -32.604227 11.833279 -1.698533 21.766083 -11.678944 -27.721487 17.598611 0.000000 0.000000 0.000000 3.367274 -0.821573 59.318472 -6.014765 1.510817 -34.127194 -2.880270 8.000350 28.834024 18.987375 -2.743992 -50.497446 0.000000 0.000000 0.000000 -25.046262 -18.794334 8.950534 -32.216753 -17.230532 -1.238222 31.689886 -46.769147 -11.698331 0.000000 0.000000 0.000000 35.319581 1.749499 0.862289 35.096811 17.712758 -1.367633 -21.612604 53.070570 -6.940402 0.000000 0.000000 0.000000 
0.334194 0.896383 -0.419275 -2.550113 -11.827941 16.049691 10.488168 1.215427 -32.219752 -7.236678 3.093877 28.083892 6.983641 14.537228 5.664239 0.000000 0.000000 0.000000 -10.089038 2.333787 -32.729534 11.572784 -1.601586 21.124371 -11.563521 -27.635602 17.341481 0.000000 0.000000 0.000000 3.423262 -0.794191 58.734421 -6.086637 1.520691 -34.088952 -3.100834 8.113123 28.845917 18.706979 -2.741092 -50.004165 0.000000 0.000000 0.000000 -24.598368 -18.364440 8.657873 -32.058790 -16.429707 -1.420806 29.852087 -46.658715 -10.885083 0.000000 0.000000 0.000000 35.457048 1.654995 0.764693 34.710013 17.870374 -1.337221 -21.321699 52.879047 -6.790119 0.000000 0.000000 0.000000 
0.333776 0.896731 -0.418935 -2.184328 -11.703185 16.196505 9.978341 1.064232 -32.543651 -6.958899 2.969792 28.173431 6.921338 14.444616 6.011231 0.000000 0.000000 0.000000 -10.267988 2.288221 -32.794922 11.220398 -1.523572 20.976143 -11.638255 -27.760771 17.210405 0.000000 0.000000 0.000000 3.519256 -0.910553 58.307412 -6.298027 1.550266 -33.929408 -3.225568 7.860879 28.667991 18.597329 -2.859434 -49.339359 0.000000 0.000000 0.000000 -24.645436 -18.023863 8.539212 -31.326666 -15.467417 -1.636769 27.620763 -46.751514 -9.949230 0.000000 0.000000 0.000000 35.403752 1.379051 0.409216 34.653592 17.551988 -1.369337 -20.385148 52.743120 -6.374270 0.000000 0.000000 0.000000 
0.333429 0.896443 -0.418773 -1.827344 -11.678186 16.232985 9.323899 0.893370 -32.978420 -6.422308 2.794935 28.703464 6.904376 14.425689 6.296339 0.000000 0.000000 0.000000 -10.500905 2.244563 -32.896116 10.986915 -1.471623 21.051020 -11.697544 -27.884202 16.916928 0.000000 0.000000 0.000000 3.753801 -1.062498 58.138096 -6.396429 1.566022 -33.897531 -3.397247 7.613233 28.899339 18.796237 -3.041989 -48.963266 0.000000 0.000000 0.000000 -24.153964 -17.955322 8.566215 -31.322888 -15.190188 -1.739189 26.401243 -46.534410 -9.353966 0.000000 0.000000 0.000000 35.188503 1.050770 0.014431 34.647627 17.559827 -1.340305 -19.258408 52.761525 -5.886139 0.000000 0.000000 0.000000 
0.333043 0.895432 -0.418985 -1.488674 -11.763819 16.504732 9.053473 0.891370 -34.040054 -6.460660 2.922976 29.834231 6.867174 14.378135 6.964075 0.000000 0.000000 0.000000 -11.025703 2.206752 -33.636590 11.234192 -1.550395 21.647348 -11.781896 -28.069538 16.870179 0.000000 0.000000 0.000000 3.880034 -1.116703 58.042878 -6.189539 1.534943 -33.897090 -3.522035 7.510701 28.833029 18.453482 -2.966946 -48.762147 0.000000 0.000000 0.000000 -24.391520 -17.830875 8.567388 -30.863268 -14.876520 -1.805218 24.968096 -46.573514 -8.738484 0.000000 0.000000 0.000000 34.739963 0.808487 -0.231875 34.706481 17.177778 -1.398024 -18.323047 53.011727 -5.501456 0.000000 0.000000 0.000000 
0.332509 0.893729 -0.419397 -1.330603 -11.934811 16.617040 8.995290 0.969519 -35.026726 -6.513890 3.103997 31.243333 6.865399 14.383412 7.480832 0.000000 0.000000 0.000000 -11.512406 2.181966 -34.366442 12.133088 -1.810305 22.924470 -11.870301 -28.331529 15.499960 0.000000 0.000000 0.000000 4.091499 -1.199990 57.880962 -6.187445 1.531015 -33.765534 -3.492187 7.304145 28.574004 18.244533 -3.100307 -47.865477 0.000000 0.000000 0.000000 -24.697137 -17.817534 8.686800 -30.521209 -14.423168 -1.896777 24.485600 -46.557666 -8.512408 0.000000 0.000000 0.000000 34.495872 0.650222 -0.500158 34.488903 16.640547 -1.463673 -17.166396 53.063843 -5.038196 0.000000 0.000000 0.000000 
0.331501 0.891810 -0.419864 -1.479243 -12.227744 16.757511 9.161965 1.130086 -35.771606 -6.386958 3.207284 32.418567 6.954536 14.523220 7.635279 0.000000 0.000000 0.000000 -11.638349 2.240557 -34.951547 13.010882 -2.058911 24.073323 -11.709292 -28.250462 13.665949 0.000000 0.000000 0.000000 4.284496 -1.229599 57.733983 -6.090627 1.513179 -33.701460 -3.391275 7.218315 28.471101 17.959043 -3.205265 -46.991435 0.000000 0.000000 0.000000 -25.345415 -17.645856 8.723999 -29.545425 -14.268079 -1.921586 23.843468 -46.300530 -8.183586 0.000000 0.000000 0.000000 34.356680 0.787606 -0.488849 34.331011 16.168061 -1.549390 -16.827050 53.497398 -4.970899 0.000000 0.000000 0.000000 
0.329983 0.889892 -0.420389 -1.728097 -12.698616 17.026694 9.747630 1.466020 -36.507231 -6.812953 3.633462 33.872201 6.940999 14.455036 6.842537 0.000000 0.000000 0.000000 -11.539901 2.399273 -35.849774 13.705651 -2.267107 25.700894 -11.308038 -27.788836 11.549022 0.000000 0.000000 0.000000 4.466209 -1.202087 57.437572 -6.216297 1.518841 -33.446866 -3.101328 7.308835 28.260468 17.579045 -3.232658 -46.203296 0.000000 0.000000 0.000000 -25.377650 -17.598169 8.740148 -29.073316 -14.295294 -1.911560 23.652866 -46.168757 -8.074758 0.000000 0.000000 0.000000 34.323811 0.783188 -0.541448 33.689525 15.917586 -1.592977 -16.475431 53.345469 -4.841457 0.000000 0.000000 0.000000 
0.328090 0.888644 -0.421066 -1.957001 -13.017470 16.785146 10.200258 1.686050 -36.585687 -6.894613 3.886345 35.182340 6.665427 13.919853 5.825734 0.000000 0.000000 0.000000 -11.258803 2.497391 -35.823408 14.165385 -2.397030 26.746871 -10.887285 -27.144809 9.398647 0.000000 0.000000 0.000000 4.504566 -1.124077 57.375367 -6.083459 1.498775 -33.313799 -2.886483 7.537185 28.275116 17.704951 -3.276754 -46.235595 0.000000 0.000000 0.000000 -25.495009 -17.945183 8.935630 -28.397420 -14.277869 -1.898034 23.660089 -45.532790 -7.988841 0.000000 0.000000 0.000000 33.927825 0.804278 -0.450633 33.454882 15.521790 -1.693354 -16.180260 53.485864 -4.744185 0.000000 0.000000 0.000000 
0.326292 0.884966 -0.421830 -2.090466 -13.316710 16.414832 11.012452 2.075302 -37.078974 -7.552402 4.573617 37.541763 6.146847 12.907981 4.466524 0.000000 0.000000 0.000000 -11.292162 2.584873 -36.558064 15.089094 -2.741177 29.004377 -10.990524 -27.407223 8.008187 0.000000 0.000000 0.000000 4.425122 -0.953943 58.126975 -5.636805 1.431744 -33.624328 -3.025170 7.835488 28.158864 17.690450 -3.187559 -46.409013 0.000000 0.000000 0.000000 -25.272598 -17.699788 8.630539 -27.755418 -14.279301 -1.852451 24.257352 -45.192672 -8.222044 0.000000 0.000000 0.000000 33.434293 0.648875 -0.412785 33.264450 15.067369 -1.799333 -16.796177 54.092158 -5.113893 0.000000 0.000000 0.000000 
0.324847 0.881248 -0.422515 -2.338557 -13.719211 16.335190 11.670433 2.461891 -37.725078 -7.921385 5.142983 39.673274 5.954981 12.459215 3.184976 0.000000 0.000000 0.000000 -11.207953 2.723558 -37.281560 15.328372 -2.839585 30.602269 -10.397311 -26.400138 6.790864 0.000000 0.000000 0.000000 4.344243 -0.763396 58.504473 -5.502954 1.403787 -33.539112 -2.873574 8.110561 27.789365 17.226883 -3.034354 -46.124625 0.000000 0.000000 0.000000 -24.845671 -17.863413 8.602032 -27.336042 -13.929979 -1.863852 25.478531 -45.329761 -8.811893 0.000000 0.000000 0.000000 33.413874 0.601957 -0.339759 32.519081 14.557106 -1.911936 -18.993976 54.887162 -6.320002 0.000000 0.000000 0.000000 
0.323868 0.875092 -0.423046 -2.592893 -13.962544 16.023236 12.400973 2.925901 -38.789709 -8.345445 5.800833 42.242648 6.026865 12.594733 3.367584 0.000000 0.000000 0.000000 -11.307329 2.820081 -38.236755 15.994868 -3.155183 33.105620 -10.040101 -25.767428 5.344714 0.000000 0.000000 0.000000 4.402281 -0.678473 59.486759 -5.679966 1.421489 -33.714107 -2.765458 7.824288 27.400826 16.661652 -2.845055 -46.075024 0.000000 0.000000 0.000000 -23.975159 -17.293290 8.226332 -27.438569 -13.929824 -1.864523 26.555410 -45.619403 -9.328023 0.000000 0.000000 0.000000 32.752576 0.550102 -0.476327 32.211813 13.609316 -2.028389 -20.979476 56.016058 -7.612157 0.000000 0.000000 0.000000 
0.323187 0.867875 -0.423420 -2.549512 -13.841815 16.262724 12.653287 3.205670 -40.292870 -8.805384 6.408640 44.673832 6.363124 13.169463 2.037585 0.000000 0.000000 0.000000 -11.696727 2.863730 -39.867105 16.707024 -3.613032 35.895276 -10.071847 -25.950516 3.545621 0.000000 0.000000 0.000000 4.294513 -0.640261 59.868317 -5.430944 1.381150 -34.141337 -2.681754 8.003041 27.172503 16.276403 -2.733435 -45.589129 0.000000 0.000000 0.000000 -23.380959 -16.733158 7.718320 -27.480868 -13.710588 -1.860741 27.840309 -46.416914 -10.112860 0.000000 0.000000 0.000000 32.173609 -0.320643 -0.969679 32.528699 12.637580 -2.238367 -23.006915 57.620587 -8.902561 0.000000 0.000000 0.000000 
0.322656 0.856995 -0.423925 -2.542853 -13.769638 16.182545 13.434911 3.821069 -42.355833 -9.470687 7.473612 48.837125 5.968621 12.308193 0.864765 0.000000 0.000000 0.000000 -12.557060 2.831592 -42.136297 18.332285 -4.620685 40.068723 -10.238162 -26.429668 2.296124 0.000000 0.000000 0.000000 4.063779 -0.445621 61.440063 -5.374920 1.366856 -34.955265 -2.614370 7.778442 26.748658 16.085173 -2.676061 -45.355716 0.000000 0.000000 0.000000 -22.916202 -16.567933 7.533284 -27.031964 -13.859529 -1.773073 29.925177 -47.315289 -11.311155 0.000000 0.000000 0.000000 32.187632 -0.900356 -1.399392 31.953848 10.968545 -2.528798 -26.582606 60.061568 -11.483771 0.000000 0.000000 0.000000 
0.322237 0.839543 -0.424765 -2.568795 -13.701532 16.258425 14.366540 4.757516 -45.624939 -10.360222 8.939301 54.226658 6.193486 12.729119 0.692127 0.000000 0.000000 0.000000 -13.763499 2.762942 -45.526790 20.183672 -6.090766 45.440643 -10.347562 -26.887716 1.179635 0.000000 0.000000 0.000000 3.818124 -0.218829 63.225801 -4.937983 1.314586 -36.088442 -2.685675 7.719009 27.165762 15.508550 -2.372000 -45.763463 0.000000 0.000000 0.000000 -22.147247 -16.041778 7.118284 -27.091058 -13.915353 -1.780277 33.601628 -48.805120 -13.460275 0.000000 0.000000 0.000000 31.338361 -1.461171 -1.641423 32.851797 10.305563 -2.740709 -29.492636 62.072668 -13.569603 0.000000 0.000000 0.000000 
0.322087 0.813172 -0.426284 -2.687112 -14.148133 16.099471 14.982977 5.865529 -49.266182 -10.598260 10.612638 61.890296 6.870831 13.765792 -2.256626 0.000000 0.000000 0.000000 -15.886700 2.507562 -49.908176 23.359071 -8.780921 52.092424 -10.312308 -26.978533 0.102030 0.000000 0.000000 0.000000 3.675135 0.155037 65.200825 -5.059250 1.316694 -37.014908 -2.418622 8.141247 27.232352 15.806100 -2.308006 -46.250817 0.000000 0.000000 0.000000 -20.958408 -16.532721 7.120958 -26.827894 -14.300892 -1.651539 38.906580 -49.708579 -16.466968 0.000000 0.000000 0.000000 29.545006 -1.946592 -1.577202 33.846934 9.425380 -3.033333 -36.252070 63.308738 -17.826345 0.000000 0.000000 0.000000 
0.322495 0.775467 -0.427829 -3.001160 -14.158123 15.366377 15.755476 7.180037 -53.485666 -10.371922 11.951821 70.822627 7.591298 14.975301 -4.484944 0.000000 0.000000 0.000000 -18.769553 1.700735 -54.294204 27.393483 -13.016413 58.941781 -10.309349 -26.916326 -0.874020 0.000000 0.000000 0.000000 3.901409 0.167765 68.181155 -4.833371 1.272257 -37.716093 -2.592185 8.683187 27.587411 15.371504 -1.902610 -47.136168 0.000000 0.000000 0.000000 -19.424905 -17.087010 7.040902 -26.895546 -15.397773 -1.420316 45.033954 -50.537838 -20.094509 0.000000 0.000000 0.000000 27.775810 -2.328573 -1.335224 34.327754 9.911899 -3.034034 -43.759802 62.968388 -22.005667 0.000000 0.000000 0.000000 
0.323262 0.732389 -0.428135 -3.266506 -14.043170 13.842821 15.734220 7.907595 -56.889181 -8.737306 11.831638 80.381506 7.912225 15.116438 -8.525943 0.000000 0.000000 0.000000 -21.702750 0.545788 -57.904710 31.451344 -18.294337 65.505370 -10.954733 -28.070287 -1.381476 0.000000 0.000000 0.000000 4.526456 -0.191549 71.611078 -5.602244 1.312829 -38.545898 -2.475632 8.757125 27.732634 15.281173 -1.772682 -47.623597 0.000000 0.000000 0.000000 -17.740280 -17.725099 7.103873 -26.795547 -16.047955 -1.284119 49.824796 -50.384670 -22.757781 0.000000 0.000000 0.000000 25.494589 -2.130683 -0.878555 33.970589 10.135244 -2.994410 -49.211235 61.325429 -24.454307 0.000000 0.000000 0.000000 
0.324125 0.686209 -0.426492 -3.629866 -14.389586 11.661877 15.670959 8.467851 -58.822124 -7.177855 11.577697 89.863009 8.823256 16.537985 -14.106685 0.000000 0.000000 0.000000 -24.490694 -0.616333 -60.544430 34.837071 -23.807997 71.840667 -11.081385 -28.056242 -2.642658 0.000000 0.000000 0.000000 5.162917 -0.447199 74.769038 -5.890155 1.271147 -39.474858 -2.733837 9.191320 28.547692 15.987699 -2.105460 -47.217396 0.000000 0.000000 0.000000 -16.825713 -19.216590 7.612882 -25.738340 -16.752656 -1.172234 54.088858 -50.120817 -25.231703 0.000000 0.000000 0.000000 25.364778 -1.104538 0.120299 30.186748 10.075459 -2.968722 -52.805292 58.151367 -25.202486 0.000000 0.000000 0.000000 
0.324332 0.647198 -0.422987 -3.927800 -14.737927 10.369845 15.334155 8.848525 -60.654628 -5.381260 10.142957 97.127671 9.101297 16.640183 -18.115423 0.000000 0.000000 0.000000 -25.704562 -1.118682 -63.231314 34.831340 -27.231259 78.902853 -10.350485 -26.377110 -5.418779 0.000000 0.000000 0.000000 5.374131 -0.401931 76.240051 -5.854193 1.268954 -38.661541 -2.927406 9.022174 28.208407 15.395115 -2.037648 -46.440265 0.000000 0.000000 0.000000 -16.045079 -20.265246 8.071665 -25.816496 -16.891491 -1.128923 56.718224 -49.543880 -26.405818 0.000000 0.000000 0.000000 23.891125 0.407761 1.084661 27.805105 10.612014 -2.701579 -52.229469 54.193421 -22.986807 0.000000 0.000000 0.000000 
0.323718 0.626031 -0.418879 -3.664648 -14.702360 9.437608 14.976382 8.761486 -61.343858 -4.628839 9.415164 101.160474 9.070342 16.107368 -20.104538 0.000000 0.000000 0.000000 -26.315251 -1.477734 -64.121785 33.623701 -28.635477 84.046514 -9.411661 -24.200423 -8.620426 0.000000 0.000000 0.000000 5.087828 -0.160988 77.483698 -5.775227 1.243705 -38.724494 -2.619998 8.827173 28.642020 15.020287 -1.995758 -46.167224 0.000000 0.000000 0.000000 -16.037249 -21.124590 8.506006 -25.115606 -16.742753 -1.168918 55.596536 -49.495371 -25.830059 0.000000 0.000000 0.000000 23.516856 2.368221 2.311704 24.174464 11.120505 -2.440331 -48.063351 49.850254 -19.122748 0.000000 0.000000 0.000000 
0.322622 0.627396 -0.415724 -3.412973 -14.769092 9.573174 15.199499 8.855983 -61.038103 -4.514737 9.316626 100.920509 8.417323 13.904201 -20.076407 0.000000 0.000000 0.000000 -25.705458 -1.153784 -64.433495 32.242946 -27.832733 85.658679 -9.189469 -23.614403 -8.822359 0.000000 0.000000 0.000000 4.847237 0.072629 77.050767 -5.659711 1.273052 -37.583895 -3.142451 8.666623 28.440225 15.093344 -1.984104 -46.454239 0.000000 0.000000 0.000000 -15.626844 -20.561272 8.240824 -24.972164 -16.638721 -1.202508 52.136731 -50.662388 -24.541363 0.000000 0.000000 0.000000 23.690868 3.203648 2.805328 22.462978 11.471104 -2.307947 -43.675714 48.717268 -16.709181 0.000000 0.000000 0.000000 
0.321469 0.648106 -0.414423 -3.204554 -13.754403 11.480476 14.717233 8.020367 -60.632033 -4.730244 8.948327 96.893304 7.991764 12.228474 -21.463125 0.000000 0.000000 0.000000 -24.111853 -0.700836 -63.701077 30.459510 -25.295964 84.154909 -8.929899 -23.350182 -10.948150 0.000000 0.000000 0.000000 4.280156 0.024485 75.980013 -4.702866 1.199748 -37.869605 -2.764266 9.114718 28.535111 14.878919 -1.791228 -46.649191 0.000000 0.000000 0.000000 -15.328164 -19.536673 7.636247 -25.673583 -16.163140 -1.275694 46.512255 -54.419976 -23.345243 0.000000 0.000000 0.000000 22.957030 3.303550 3.000560 22.892151 10.898272 -2.425127 -37.613042 49.083979 -13.956412 0.000000 0.000000 0.000000 
0.320387 0.679962 -0.414406 -2.856841 -12.692531 13.557026 14.587445 7.320417 -59.869115 -6.077314 9.714111 90.802079 7.638106 11.828414 -19.863825 0.000000 0.000000 0.000000 -22.838298 -0.441307 -62.580434 29.728923 -22.775032 79.471833 -9.509803 -25.038063 -8.960125 0.000000 0.000000 0.000000 4.073280 -0.361914 74.173155 -4.458858 1.232793 -36.633903 -2.922435 9.205419 27.607804 14.793473 -1.611234 -46.934799 0.000000 0.000000 0.000000 -14.894379 -17.967365 6.810320 -26.923159 -15.943680 -1.269933 38.484895 -56.132901 -19.439838 0.000000 0.000000 0.000000 22.601862 2.178744 2.323864 25.380106 10.889344 -2.534633 -31.086192 50.102075 -11.000745 0.000000 0.000000 0.000000 
0.319281 0.713893 -0.414713 -2.521907 -11.806489 15.701286 14.482233 6.788573 -59.470234 -7.671702 10.277069 83.686510 7.366780 12.608998 -14.892828 0.000000 0.000000 0.000000 -21.417143 -0.056845 -61.645317 28.627245 -19.977060 74.277704 -10.368627 -27.017919 -5.333909 0.000000 0.000000 0.000000 3.329651 -0.240412 72.395090 -4.080249 1.224912 -36.704790 -3.015069 9.091991 27.811773 15.118523 -1.749621 -46.583392 0.000000 0.000000 0.000000 -14.349513 -16.376674 6.069258 -27.978586 -14.742910 -1.526778 30.902609 -57.053257 -15.387909 0.000000 0.000000 0.000000 22.736457 0.979215 1.561067 28.703317 9.525682 -2.935565 -24.434450 52.131218 -8.173940 0.000000 0.000000 0.000000 
0.318060 0.741343 -0.414513 -2.516934 -11.472351 17.395905 14.541740 6.540849 -58.714262 -9.738498 11.444017 77.786261 8.626941 16.817063 -10.625612 0.000000 0.000000 0.000000 -19.884164 0.579226 -60.164631 27.672512 -17.457121 69.382403 -10.939422 -28.576427 -4.188158 0.000000 0.000000 0.000000 2.743062 -0.017886 69.904735 -3.665532 1.199958 -36.623770 -2.764225 9.109941 28.257006 14.985612 -1.783998 -46.094762 0.000000 0.000000 0.000000 -15.309445 -15.510956 5.735397 -27.647380 -13.937239 -1.687373 25.081429 -56.168980 -11.824729 0.000000 0.000000 0.000000 24.106743 0.529915 1.246596 29.990585 8.536795 -3.204238 -20.266233 51.730056 -6.173610 0.000000 0.000000 0.000000 
0.316952 0.761866 -0.413700 -2.345782 -11.488358 17.889111 14.750343 6.358051 -57.142425 -11.023380 11.818736 72.545711 9.234212 18.586270 -6.168559 0.000000 0.000000 0.000000 -19.283202 0.830355 -58.162759 27.850647 -16.113212 64.931790 -11.738801 -30.364324 -2.522093 0.000000 0.000000 0.000000 2.442415 0.160156 68.281609 -4.024174 1.254021 -36.373096 -2.766562 7.894867 28.485299 14.767912 -1.961990 -45.525083 0.000000 0.000000 0.000000 -16.653398 -15.097549 5.952001 -27.101538 -13.745382 -1.808048 20.280517 -52.934465 -8.329601 0.000000 0.000000 0.000000 24.101147 0.157574 0.493073 31.943278 8.397761 -3.246420 -14.835699 51.318344 -3.740940 0.000000 0.000000 0.000000 
0.316343 0.776238 -0.412325 -2.074412 -11.334592 17.683334 14.770479 5.917716 -55.091409 -12.011866 12.011261 68.668675 9.741115 19.758742 -4.260396 0.000000 0.000000 0.000000 -18.905220 0.880271 -55.838482 27.690304 -15.027106 61.906902 -11.872687 -30.706170 -2.343188 0.000000 0.000000 0.000000 2.347971 0.115099 67.380246 -4.339167 1.289799 -36.405455 -2.816253 7.297793 28.900194 14.733780 -2.113918 -45.158569 0.000000 0.000000 0.000000 -18.475120 -15.745919 6.589334 -26.360250 -14.219854 -1.774748 18.486629 -49.721377 -6.791028 0.000000 0.000000 0.000000 25.524093 -0.160785 0.002908 31.857069 8.408100 -3.223736 -10.567772 50.424317 -1.891204 0.000000 0.000000 0.000000 
0.316514 0.787947 -0.410759 -1.699414 -11.082825 16.087393 14.152435 5.010274 -52.267817 -12.220484 11.683588 66.019017 10.470381 21.244202 -2.383251 0.000000 0.000000 0.000000 -18.192875 0.957965 -52.433704 26.933636 -13.549013 59.019977 -12.601421 -31.981037 -0.938380 0.000000 0.000000 0.000000 3.111475 -0.597856 66.467668 -5.254384 1.388379 -36.168421 -3.129496 6.433805 29.452642 15.173036 -2.483589 -45.196067 0.000000 0.000000 0.000000 -20.853319 -16.425999 7.434796 -25.368354 -15.336891 -1.701788 17.274500 -45.679972 -5.530071 0.000000 0.000000 0.000000 27.270083 0.437649 0.017697 31.059727 8.937775 -3.094454 -9.593511 48.784403 -1.578249 0.000000 0.000000 0.000000 
0.317330 0.799934 -0.409387 -1.477029 -11.301499 14.320954 13.679572 4.349596 -49.043922 -12.412668 11.403881 62.973025 11.417002 22.899777 0.229611 0.000000 0.000000 0.000000 -17.182401 1.240094 -48.947587 25.592032 -11.751089 56.633878 -12.715647 -31.957038 -0.260933 0.000000 0.000000 0.000000 3.801198 -1.063489 64.338563 -5.928343 1.465648 -35.234833 -3.501905 6.762064 29.984653 15.631709 -2.981045 -44.317346 0.000000 0.000000 0.000000 -23.808076 -17.895017 8.570238 -23.757750 -15.214044 -1.741840 15.753785 -42.813625 -4.589797 0.000000 0.000000 0.000000 30.503397 1.410891 0.623489 27.900694 9.194711 -2.964716 -9.092242 47.370227 -1.535202 0.000000 0.000000 0.000000 
0.318102 0.812655 -0.408387 -1.382452 -11.551934 12.639240 12.469216 3.408025 -45.738351 -11.966189 10.651683 60.087005 13.156215 25.897703 1.844400 0.000000 0.000000 0.000000 -15.568340 1.659283 -45.604444 23.505727 -9.683704 54.563177 -12.845157 -31.915315 0.407824 0.000000 0.000000 0.000000 4.169894 -1.261891 62.002945 -6.718724 1.596368 -34.452909 -3.069915 7.594914 30.162398 16.330937 -3.282541 -44.471746 0.000000 0.000000 0.000000 -25.679935 -19.273336 9.399652 -23.139361 -15.141791 -1.697925 13.199956 -41.058017 -3.487572 0.000000 0.000000 0.000000 32.688304 1.742770 1.040281 25.351822 9.441478 -2.849630 -7.403607 46.220520 -0.938848 0.000000 0.000000 0.000000 
0.318270 0.828313 -0.407218 -1.359417 -11.979311 10.780964 11.757263 2.738253 -41.907419 -11.547969 9.933180 56.853851 13.845146 26.750532 3.988431 0.000000 0.000000 0.000000 -13.424255 2.109924 -41.615206 20.768312 -7.255044 51.746021 -12.980155 -31.773040 1.298294 0.000000 0.000000 0.000000 4.811761 -1.589868 58.935009 -7.274360 1.680843 -33.501063 -3.231216 8.363835 30.332778 16.817541 -3.911059 -42.971645 0.000000 0.000000 0.000000 -27.581700 -19.306992 9.506267 -22.130266 -14.565167 -1.763161 10.198117 -40.779075 -2.400655 0.000000 0.000000 0.000000 35.618682 2.433522 1.633553 22.418999 9.410771 -2.712249 -6.164370 44.796373 -0.631612 0.000000 0.000000 0.000000 
0.317612 0.845164 -0.404880 -1.264752 -12.677486 9.317249 10.673260 1.966643 -37.382188 -11.458627 9.345079 52.497125 15.134542 28.978547 4.052449 0.000000 0.000000 0.000000 -11.445348 2.383005 -37.305002 18.004275 -5.036669 48.773404 -11.969927 -29.603729 -0.466011 0.000000 0.000000 0.000000 5.191529 -1.656193 55.156856 -8.235029 1.859331 -32.244012 -2.773748 8.741939 29.503432 16.332935 -4.175534 -41.178185 0.000000 0.000000 0.000000 -29.119519 -19.447963 9.802996 -22.104113 -13.443150 -1.874372 5.757196 -40.210158 -0.760807 0.000000 0.000000 0.000000 37.518668 2.226820 1.235960 21.906034 9.572704 -2.609585 -3.312387 44.176396 0.413164 0.000000 0.000000 0.000000 
0.316691 0.865212 -0.400740 -1.056069 -12.820960 7.649809 9.055379 0.957165 -31.588193 -10.742515 7.914269 46.753283 15.320510 29.750520 2.863242 0.000000 0.000000 0.000000 -10.414625 2.106304 -31.494126 15.857410 -3.486518 43.445661 -10.700027 -26.360123 -1.511683 0.000000 0.000000 0.000000 5.023387 -1.613066 49.452241 -7.683644 1.831101 -30.976085 -2.697630 9.407739 29.613878 15.240507 -3.852841 -41.034234 0.000000 0.000000 0.000000 -29.668429 -17.949184 8.872762 -23.776268 -13.030733 -2.046268 2.123690 -38.207704 0.558752 0.000000 0.000000 0.000000 39.680336 2.114724 1.009763 21.637647 10.082052 -2.555888 -0.056653 43.384306 1.594084 0.000000 0.000000 0.000000 
0.315649 0.884674 -0.395957 -0.663143 -12.534534 6.373589 7.513917 0.219155 -26.614750 -10.490086 6.701853 41.023262 15.768217 30.559753 3.480727 0.000000 0.000000 0.000000 -9.754659 1.789530 -26.690408 13.815909 -2.442862 39.011705 -9.558132 -23.318813 -1.058416 0.000000 0.000000 0.000000 5.476316 -1.902866 43.398491 -8.861874 2.107373 -30.433421 -1.948940 8.895631 30.170484 14.302286 -3.874830 -40.268764 0.000000 0.000000 0.000000 -31.129329 -16.654902 8.591561 -24.045999 -13.325132 -2.160760 -1.016027 -36.676526 1.611537 0.000000 0.000000 0.000000 41.056630 1.444704 -0.191879 23.136036 10.557681 -2.554975 2.126188 42.619102 2.429023 0.000000 0.000000 0.000000 
0.315111 0.901050 -0.391311 -0.211380 -12.244184 5.089425 5.883656 -0.307769 -21.504278 -9.977370 5.517899 35.721528 15.300126 30.279478 2.400955 0.000000 0.000000 0.000000 -9.100622 1.473291 -21.662006 11.729774 -1.579107 34.925115 -8.403733 -20.124120 -2.382175 0.000000 0.000000 0.000000 5.750858 -1.977322 36.897719 -8.561969 2.150728 -29.700533 -1.984708 8.861312 30.791261 13.195170 -3.349525 -40.904297 0.000000 0.000000 0.000000 -30.469363 -15.482934 7.983595 -26.804707 -13.591609 -2.323903 -3.539144 -33.811664 2.300405 0.000000 0.000000 0.000000 40.096243 0.965877 -0.823419 27.025275 11.210192 -2.677872 4.825269 41.653019 3.516625 0.000000 0.000000 0.000000 
0.314469 0.913914 -0.387373 0.132497 -12.052799 3.587452 4.553240 -0.548680 -16.522923 -9.327172 4.481208 31.023118 14.657112 29.582038 1.510154 0.000000 0.000000 0.000000 -8.532115 1.223042 -17.515956 9.911433 -0.961879 31.407429 -7.694908 -18.313780 -1.529213 0.000000 0.000000 0.000000 6.053389 -1.965839 31.757145 -9.275345 2.286817 -31.945458 -0.867437 8.457482 33.448999 11.816540 -2.885923 -41.620097 0.000000 0.000000 0.000000 -29.811653 -14.326086 7.630043 -29.557521 -13.605905 -2.744000 -5.722803 -31.553630 2.820922 0.000000 0.000000 0.000000 39.848204 0.147771 -1.778321 30.062276 12.381210 -2.725740 6.316055 39.619051 3.962125 0.000000 0.000000 0.000000 
0.313652 0.925025 -0.383690 0.394471 -12.604850 2.461217 3.107114 -0.628073 -12.343361 -8.204369 3.543315 26.943103 14.445494 29.353487 1.732685 0.000000 0.000000 0.000000 -7.933037 1.032255 -13.686799 7.664298 -0.243666 27.810423 -6.407883 -15.021537 -1.550266 0.000000 0.000000 0.000000 5.894789 -1.730655 27.161256 -8.484334 2.165438 -32.438511 -1.554328 8.481287 32.405760 11.840787 -3.101886 -40.539684 0.000000 0.000000 0.000000 -29.037192 -12.429235 6.525425 -32.423574 -12.492173 -3.135451 -7.295948 -28.845985 3.025059 0.000000 0.000000 0.000000 40.035794 0.095913 -2.275134 31.979850 12.442415 -2.611955 8.472415 36.283707 4.259321 0.000000 0.000000 0.000000 
0.312403 0.933544 -0.380169 0.426256 -13.124000 1.076824 2.198980 -0.515864 -8.091199 -7.699912 2.944356 23.079616 14.655107 29.882892 2.011646 0.000000 0.000000 0.000000 -7.174835 0.838075 -9.975646 5.810906 0.194369 24.291932 -5.524480 -13.028775 -0.702988 0.000000 0.000000 0.000000 6.255095 -1.603507 22.667836 -8.888078 2.261066 -33.086170 -1.247702 8.138849 32.055199 11.058216 -3.217679 -38.406047 0.000000 0.000000 0.000000 -29.899620 -10.994848 5.966812 -33.792317 -10.720172 -3.708206 -8.061012 -26.572054 2.980911 0.000000 0.000000 0.000000 39.929261 -0.670220 -3.455463 34.425105 11.031334 -2.864484 10.311000 33.572903 4.423010 0.000000 0.000000 0.000000 
0.311211 0.939476 -0.376700 0.468792 -14.093451 0.246181 1.189008 -0.354418 -4.603216 -7.045077 2.426963 19.630393 14.933290 30.643015 2.088473 0.000000 0.000000 0.000000 -6.530378 0.682237 -6.919356 4.052971 0.524082 20.930355 -4.643402 -10.851772 -0.614621 0.000000 0.000000 0.000000 6.156829 -1.356417 18.488926 -8.032085 2.136868 -33.528654 -1.704870 8.461109 30.898033 11.989308 -3.942621 -36.685845 0.000000 0.000000 0.000000 -29.159334 -9.127847 4.853264 -36.098372 -9.230981 -4.237799 -8.425101 -24.276786 2.828989 0.000000 0.000000 0.000000 38.994870 -1.669800 -4.525578 37.137653 9.597990 -3.164588 12.319938 31.449946 4.643671 0.000000 0.000000 0.000000 
0.310027 0.943046 -0.373564 0.469679 -15.446972 -0.805771 0.297824 -0.166309 -1.888669 -6.984344 2.287957 17.459794 16.224020 32.974308 3.007439 0.000000 0.000000 0.000000 -5.986108 0.549712 -4.389163 2.553726 0.813306 18.997149 -3.835816 -8.570594 -1.114577 0.000000 0.000000 0.000000 6.745632 -1.230513 15.426736 -7.917995 2.143954 -33.451153 -1.481310 8.973586 30.620269 11.884833 -4.221623 -34.883900 0.000000 0.000000 0.000000 -28.564177 -8.083964 4.348106 -37.894525 -8.020029 -4.758831 -8.745773 -23.765477 2.875264 0.000000 0.000000 0.000000 37.236505 -2.618065 -5.297708 39.789833 8.398084 -3.547161 12.249886 30.654897 4.499065 0.000000 0.000000 0.000000 
0.309279 0.945212 -0.370741 0.650161 -15.988316 -1.408679 -0.415545 0.021963 0.215100 -6.126582 1.877593 15.651385 15.825596 32.453801 2.905709 0.000000 0.000000 0.000000 -6.238131 0.481494 -2.589144 1.977628 0.847250 17.600330 -3.110760 -6.472800 -1.632137 0.000000 0.000000 0.000000 6.813357 -1.048583 12.571543 -7.491567 2.061935 -32.132293 -1.790094 9.178794 29.038365 12.354101 -4.508024 -34.216278 0.000000 0.000000 0.000000 -27.641631 -7.444123 3.921942 -39.926466 -7.010065 -5.134417 -8.030742 -23.211095 2.692455 0.000000 0.000000 0.000000 35.958392 -3.492265 -5.930855 41.641596 7.161937 -3.873704 13.013038 30.267430 4.626635 0.000000 0.000000 0.000000 
0.308546 0.947094 -0.368280 0.842884 -16.408899 -1.997146 -1.144562 0.206498 1.920771 -5.588303 1.604432 14.099285 16.037469 32.815543 3.335642 0.000000 0.000000 0.000000 -6.319124 0.435137 -1.220481 1.655681 0.912676 17.397718 -2.991899 -5.432193 -2.767330 0.000000 0.000000 0.000000 7.072370 -0.945951 10.947276 -7.368107 2.035180 -31.641166 -1.754615 9.050025 28.168628 12.413322 -4.961425 -32.009545 0.000000 0.000000 0.000000 -27.873769 -6.862576 3.655052 -40.367821 -5.875747 -5.491120 -8.201855 -23.564455 2.788480 0.000000 0.000000 0.000000 35.013483 -3.767683 -6.193455 41.636712 6.059361 -4.092972 14.102288 30.655510 4.927479 0.000000 0.000000 0.000000 
0.307733 0.948991 -0.366363 0.905300 -16.530584 -2.433922 -1.547750 0.445005 3.823860 -4.912830 1.283693 12.310557 15.435760 31.979105 2.889662 0.000000 0.000000 0.000000 -6.394772 0.398712 0.007818 1.466647 0.929785 17.105175 -2.783017 -4.354148 -3.557431 0.000000 0.000000 0.000000 6.915811 -0.785581 9.015189 -6.642723 1.880137 -30.743923 -1.817385 9.176444 27.293923 12.785422 -5.138919 -31.889597 0.000000 0.000000 0.000000 -27.445702 -6.425375 3.314459 -41.687978 -4.943685 -5.854946 -7.801208 -23.146601 2.670450 0.000000 0.000000 0.000000 34.249123 -3.628995 -5.972293 42.151791 5.737272 -4.175551 13.511573 30.830019 4.792151 0.000000 0.000000 0.000000 
0.306628 0.950530 -0.365162 0.764736 -17.080674 -2.464047 -1.579429 0.616390 5.107250 -4.523088 1.133158 11.298925 14.652366 30.996232 1.901318 0.000000 0.000000 0.000000 -6.059207 0.363987 0.621437 0.928844 1.056834 16.998881 -2.577330 -3.163999 -4.389289 0.000000 0.000000 0.000000 7.225089 -0.694412 7.692246 -6.694846 1.870848 -30.034384 -1.344845 9.525351 27.150365 12.879253 -5.507193 -30.242861 0.000000 0.000000 0.000000 -27.399911 -6.534110 3.393565 -41.885837 -4.356810 -6.054907 -8.302205 -22.816257 2.725501 0.000000 0.000000 0.000000 34.094720 -3.276515 -5.709301 41.725265 6.227783 -3.972024 13.533147 31.315829 4.866129 0.000000 0.000000 0.000000 
0.305445 0.952762 -0.364913 0.513020 -17.988449 -1.651767 -1.755201 0.717359 5.768576 -4.019085 0.977314 10.357849 13.744490 29.988929 0.308057 0.000000 0.000000 0.000000 -5.576387 0.346291 0.667595 0.434032 1.169846 16.749566 -2.522376 -1.818555 -5.778077 0.000000 0.000000 0.000000 6.866315 -0.598027 6.549664 -6.263129 1.764665 -30.087973 -0.450462 10.246024 27.866442 13.173671 -5.836559 -29.514386 0.000000 0.000000 0.000000 -27.063711 -7.759563 4.203064 -42.491367 -4.326973 -6.173998 -7.872231 -22.244690 2.553692 0.000000 0.000000 0.000000 33.860903 -2.362407 -4.985617 42.158224 7.110146 -3.785326 11.320796 31.951708 4.389212 0.000000 0.000000 0.000000 
0.304412 0.955286 -0.365848 0.320464 -19.002598 -1.147809 -1.762972 0.848220 6.641730 -3.802393 0.902077 9.451541 12.879964 28.899956 -1.013835 0.000000 0.000000 0.000000 -5.570727 0.354291 1.026165 0.492212 1.188741 16.777168 -2.463459 -0.009793 -7.502611 0.000000 0.000000 0.000000 7.140298 -0.570484 6.042682 -6.595627 1.798183 -29.056393 0.186936 10.510733 27.977841 13.112908 -5.962883 -29.009410 0.000000 0.000000 0.000000 -26.363133 -8.543105 4.824352 -43.242563 -4.776662 -6.152676 -7.622196 -21.883034 2.461014 0.000000 0.000000 0.000000 33.518783 -1.164665 -4.239817 42.593587 8.217991 -3.423827 9.828995 31.925388 3.958080 0.000000 0.000000 0.000000 
0.303719 0.957701 -0.367860 -0.274696 -19.815112 -0.301250 -1.495662 0.872667 6.857403 -3.444251 0.803878 8.862267 12.390706 28.337150 -1.908992 0.000000 0.000000 0.000000 -5.162737 0.342039 0.795646 0.545930 1.290761 17.589573 -2.034735 0.502680 -6.630468 0.000000 0.000000 0.000000 6.878751 -0.549442 5.757831 -5.849109 1.603662 -28.069517 1.080785 11.169903 27.426470 12.531831 -5.677323 -28.266109 0.000000 0.000000 0.000000 -24.911437 -10.288032 5.733519 -44.606178 -4.579541 -6.240168 -8.160181 -21.664399 2.514523 0.000000 0.000000 0.000000 32.492142 0.625513 -2.787951 43.068318 8.952234 -3.160734 8.119131 31.105222 3.379868 0.000000 0.000000 0.000000 
0.303368 0.958392 -0.371316 -0.808551 -20.569936 0.872348 -1.047446 0.820492 6.601547 -4.085709 0.943598 8.188042 12.252498 28.719243 -3.231475 0.000000 0.000000 0.000000 -4.960022 0.363905 0.145613 1.180680 1.193320 17.750209 -1.566443 -0.173058 -4.391799 0.000000 0.000000 0.000000 7.117114 -0.647727 6.602033 -5.918931 1.573824 -26.970364 1.303566 11.051867 26.624359 12.846909 -5.885514 -28.367007 0.000000 0.000000 0.000000 -24.716391 -11.889635 6.844240 -44.184568 -4.888432 -6.050248 -7.642493 -22.374459 2.483252 0.000000 0.000000 0.000000 32.479678 2.747760 -1.550970 42.322047 9.036644 -2.960284 7.567869 30.349288 3.081913 0.000000 0.000000 0.000000 
0.303094 0.955030 -0.376452 -1.417419 -20.909745 3.241747 -0.452949 0.549766 4.761571 -5.070089 1.232206 8.732784 11.623925 28.883198 -6.731632 0.000000 0.000000 0.000000 -4.536226 0.440131 -1.906574 1.555678 1.317362 19.466477 -1.448977 -1.223213 -2.792681 0.000000 0.000000 0.000000 6.887221 -0.844905 8.716349 -5.931081 1.577064 -29.058632 2.183935 11.547185 27.877023 13.691534 -6.495028 -28.252400 0.000000 0.000000 0.000000 -23.801015 -15.745461 9.081814 -42.971322 -7.474977 -5.166123 -7.091353 -23.402344 2.442916 0.000000 0.000000 0.000000 32.681676 5.464343 0.571443 40.375434 10.748495 -2.530755 6.576160 29.453689 2.732860 0.000000 0.000000 0.000000 
0.302871 0.950977 -0.384134 -2.198689 -20.662587 5.708300 0.660098 0.229551 2.234099 -6.202580 1.627602 10.114307 10.846503 28.538823 -10.414597 0.000000 0.000000 0.000000 -4.584161 0.566177 -3.870066 2.608429 1.197393 20.733991 -1.147580 -3.348840 0.924227 0.000000 0.000000 0.000000 6.909552 -1.087385 11.586974 -5.531472 1.441061 -27.923099 1.019545 11.889382 26.503485 15.242852 -7.008095 -29.301892 0.000000 0.000000 0.000000 -21.219618 -19.129761 10.433465 -41.575583 -11.532230 -3.574422 -4.324955 -27.404779 2.222493 0.000000 0.000000 0.000000 32.213651 9.027865 3.426944 39.133170 13.658127 -1.640961 4.831373 28.685357 2.230500 0.000000 0.000000 0.000000 
0.303049 0.951710 -0.395069 -3.380611 -20.677923 10.701951 1.770375 -0.193861 -2.371426 -6.972677 1.877704 10.486433 10.286037 26.557869 -9.741236 0.000000 0.000000 0.000000 -4.701623 0.819943 -7.025601 4.098153 0.804943 20.286241 -1.263953 -6.334390 5.188219 0.000000 0.000000 0.000000 5.642491 -1.177841 14.795498 -4.967725 1.269646 -27.725319 1.856848 12.164762 25.353783 15.226659 -6.369350 -31.445756 0.000000 0.000000 0.000000 -18.373651 -22.618744 11.742451 -36.469596 -17.131798 -1.591616 -0.037754 -30.554978 1.284275 0.000000 0.000000 0.000000 30.238865 11.622159 5.484951 36.083212 18.464125 -0.343679 3.141862 30.264597 1.937592 0.000000 0.000000 0.000000 
0.303596 0.962015 -0.409465 -3.583984 -19.233731 16.290346 4.076180 -0.473603 -10.123417 -10.506542 3.312175 14.327237 9.465220 23.249179 -8.962242 0.000000 0.000000 0.000000 -5.949038 1.156509 -10.345951 7.035600 0.050365 19.892713 -1.301759 -7.497288 7.329079 0.000000 0.000000 0.000000 2.771337 -0.801336 20.455272 -0.833780 0.694434 -30.695072 -1.274975 13.905642 25.894215 21.748367 -9.422747 -32.024436 0.000000 0.000000 0.000000 -14.782732 -26.353416 12.374658 -25.606740 -23.804660 -0.484861 8.124685 -33.805320 -1.195709 0.000000 0.000000 0.000000 31.424961 14.889677 9.584319 27.986358 26.013809 0.183505 -2.721985 31.340858 0.569711 0.000000 0.000000 0.000000 
0.305374 0.969110 -0.425711 -4.336256 -18.235062 22.966169 6.777540 -0.269046 -16.061015 -15.267668 6.202260 21.163353 8.049839 20.732042 -16.086349 0.000000 0.000000 0.000000 -6.190862 1.472820 -13.335876 8.697725 -0.087374 26.130959 -3.345507 -9.431019 2.292476 0.000000 0.000000 0.000000 1.913689 -0.494489 27.097231 -1.446020 1.104704 -36.825034 0.132068 13.604675 27.258510 23.110166 -9.679104 -32.400325 0.000000 0.000000 0.000000 -10.072446 -29.899738 13.212621 -11.697403 -31.230479 -1.498904 19.974248 -30.193030 -4.291259 0.000000 0.000000 0.000000 30.118414 19.794571 13.553393 13.955863 31.705030 -1.191197 -12.294225 30.945467 -2.006883 0.000000 0.000000 0.000000 
0.308757 0.954601 -0.441546 -3.167087 -19.015065 31.235418 8.175442 0.094082 -22.772015 -20.421506 13.391120 36.496721 7.149438 18.644713 -31.557744 0.000000 0.000000 0.000000 -8.444581 1.876144 -15.584598 9.331875 0.352544 37.758153 -6.732942 -13.209468 -10.178498 0.000000 0.000000 0.000000 -1.400815 1.043384 30.171688 0.611835 1.101713 -38.459682 -2.239473 13.681881 23.023037 24.804366 -12.382466 -22.638183 0.000000 0.000000 0.000000 -2.471580 -34.987475 13.949423 5.641618 -34.070502 -4.887848 28.061695 -20.961588 -4.318247 0.000000 0.000000 0.000000 27.566848 24.977491 17.632981 -2.581435 36.424955 -4.729382 -19.996709 26.147737 -3.234152 0.000000 0.000000 0.000000 
0.312791 0.916239 -0.455720 -2.879068 -20.246151 38.648900 10.061174 0.280323 -23.670180 -21.556467 19.967210 48.923111 7.547825 17.971091 -39.419646 0.000000 0.000000 0.000000 -9.953123 2.068568 -12.643871 8.801035 1.021695 44.535995 -9.310058 -16.760960 -26.690064 0.000000 0.000000 0.000000 -3.496207 3.177002 36.818717 3.509425 2.534739 -50.493482 -5.122468 13.622340 29.045341 26.858268 -15.713381 -16.092771 0.000000 0.000000 0.000000 10.710431 -35.796225 11.294088 24.399400 -32.831965 -9.203343 26.361004 -7.120363 -1.303076 0.000000 0.000000 0.000000 16.966453 28.893916 18.369029 -22.711505 40.236065 -11.470596 -21.831433 11.961879 -1.392278 0.000000 0.000000 0.000000 
0.317010 0.866933 -0.467593 -3.952326 -21.536228 49.788752 10.630714 -0.279878 -20.611334 -19.793862 20.154502 49.548738 6.880768 17.651176 -46.723014 0.000000 0.000000 0.000000 -11.180259 2.570599 -10.093394 7.205609 1.388097 41.469788 -10.114837 -17.533578 -31.054956 0.000000 0.000000 0.000000 -3.915747 3.765333 35.120028 -2.184274 2.638492 -56.755851 -1.027521 8.705897 32.551308 20.706057 -13.828423 -7.053851 0.000000 0.000000 0.000000 22.546940 -35.158053 8.991429 33.933854 -28.190899 -8.828855 19.326671 3.738914 0.514370 0.000000 0.000000 0.000000 3.655907 30.101762 15.012499 -36.814188 38.599994 -15.806850 -18.888629 3.712336 -0.037669 0.000000 0.000000 0.000000 
0.320787 0.820966 -0.476480 -4.981138 -21.721450 58.536235 7.630033 -1.220223 -12.991867 -16.317963 12.566773 36.745693 4.714845 12.978749 -43.762311 0.000000 0.000000 0.000000 -11.800683 2.981441 -8.354293 6.976038 0.834579 33.800298 -9.039005 -13.601331 -22.073159 0.000000 0.000000 0.000000 -3.825769 3.809896 33.566832 -0.333944 3.039337 -55.424763 -5.009252 9.124014 28.952977 22.165337 -15.702853 0.395641 0.000000 0.000000 0.000000 35.535943 -33.977346 6.248052 32.654702 -22.416192 -5.931671 13.927844 5.789033 0.527525 0.000000 0.000000 0.000000 -7.656343 28.411984 12.641367 -43.300546 36.740320 -17.131898 -12.465777 -1.647136 0.366412 0.000000 0.000000 0.000000 
0.324076 0.790252 -0.484782 -6.716370 -21.849495 65.080700 1.979386 -1.124290 -8.860169 -7.114556 3.699768 22.052834 3.389263 11.116185 -28.182389 0.000000 0.000000 0.000000 -12.004704 3.267990 -8.239470 7.120573 0.320446 24.965157 -7.184818 -11.010289 -11.656531 0.000000 0.000000 0.000000 -3.359662 3.380392 30.887749 -0.410593 2.911663 -52.514362 -5.234720 9.699690 27.035039 17.665144 -14.004782 7.590419 0.000000 0.000000 0.000000 40.283025 -30.374740 5.348977 32.475274 -23.255590 -6.020048 11.331694 8.266375 0.543372 0.000000 0.000000 0.000000 -11.829254 26.923239 11.917576 -47.713131 34.145314 -17.180068 -8.942333 -3.962174 0.324592 0.000000 0.000000 0.000000 
0.327318 0.767882 -0.494716 -8.965424 -21.151072 71.610080 -0.463139 -0.855828 -8.334294 -2.938748 1.115301 13.032017 3.369517 8.146422 -6.913112 0.000000 0.000000 0.000000 -10.321063 3.173430 -12.608908 6.855382 0.432840 23.268288 -4.022086 -9.022816 0.541088 0.000000 0.000000 0.000000 -2.213297 2.366378 27.927346 -1.170601 2.536787 -48.071350 -4.994368 10.650000 25.650723 17.028183 -12.703338 5.863490 0.000000 0.000000 0.000000 45.314272 -24.575201 4.028434 31.636673 -25.196921 -5.999328 11.111418 8.525397 0.540038 0.000000 0.000000 0.000000 -18.825298 22.079219 9.307270 -46.756279 34.513364 -16.607798 -7.383040 -4.908654 0.236005 0.000000 0.000000 0.000000 
0.330011 0.758188 -0.505649 -9.802791 -20.235504 74.149414 -0.911622 -0.891156 -10.419397 -1.904390 0.837825 13.031946 2.977644 6.473057 -0.838618 0.000000 0.000000 0.000000 -9.639563 3.267185 -16.145517 7.706855 0.330636 24.551442 -2.839168 -7.902113 2.759898 0.000000 0.000000 0.000000 -1.463071 1.884958 28.083075 0.773831 2.388951 -45.216153 -5.889420 12.087464 23.210411 18.682843 -13.059054 3.399629 0.000000 0.000000 0.000000 43.679407 -22.721431 4.568784 32.111108 -26.473406 -6.679995 11.713983 8.305753 0.578142 0.000000 0.000000 0.000000 -21.217816 22.094874 9.074529 -44.415804 33.796589 -14.896122 -6.505729 -5.456009 0.208868 0.000000 0.000000 0.000000 
0.331467 0.748863 -0.516381 -9.933273 -19.620747 75.666462 -1.140022 -0.925040 -12.101759 -2.350723 0.847067 12.281601 2.972790 6.413642 -1.064579 0.000000 0.000000 0.000000 -8.286634 3.270332 -18.810955 7.023513 0.494600 24.720065 -3.434937 -8.721392 0.971796 0.000000 0.000000 0.000000 -2.266662 2.659696 30.746603 1.571403 2.298809 -44.808926 -4.883713 9.825412 22.040841 13.230137 -10.048600 8.174505 0.000000 0.000000 0.000000 41.079559 -22.004450 5.112492 32.283946 -24.781803 -5.924727 12.960605 7.604799 0.659661 0.000000 0.000000 0.000000 -23.419318 22.927504 9.082543 -43.419368 31.501939 -13.453671 -6.449708 -3.421781 0.148748 0.000000 0.000000 0.000000 
0.331503 0.742993 -0.526146 -10.164785 -17.572532 76.928560 0.159099 -1.094750 -15.129252 -2.427264 0.989845 14.142927 3.222087 6.842353 -0.980399 0.000000 0.000000 0.000000 -7.380365 3.261979 -20.333894 7.593031 0.218133 21.953084 -3.332025 -10.076078 3.954843 0.000000 0.000000 0.000000 -0.599650 1.544295 32.023791 0.445047 1.944116 -42.450515 -4.350871 9.546813 22.370730 16.487008 -10.190226 -0.192545 0.000000 0.000000 0.000000 41.986925 -18.774053 4.444204 32.409074 -24.710206 -5.567252 14.428380 9.188635 0.940256 0.000000 0.000000 0.000000 -24.851292 17.550499 7.497919 -44.464413 34.373966 -15.138288 -9.112283 -4.528506 0.325228 0.000000 0.000000 0.000000 
0.329225 0.737452 -0.534582 -10.905642 -15.134726 78.690026 2.695384 -1.202484 -17.178838 -2.383497 0.758073 11.712005 3.354005 7.022251 2.375630 0.000000 0.000000 0.000000 -4.570774 3.134460 -22.003248 5.393681 0.442764 18.143024 -2.067381 -9.295686 7.871544 0.000000 0.000000 0.000000 0.803675 0.549055 33.811583 -0.340631 2.019990 -44.339501 -2.437320 10.021378 24.597723 17.648315 -10.811782 -1.302888 0.000000 0.000000 0.000000 39.971346 -19.332632 4.817290 33.208366 -24.354165 -5.912386 16.946185 11.463641 1.432691 0.000000 0.000000 0.000000 -24.650424 18.083195 7.413769 -40.465434 30.437862 -11.717252 -12.888644 -1.659442 0.330446 0.000000 0.000000 0.000000 
0.325320 0.733492 -0.542672 -10.737135 -14.940297 81.621206 1.367779 -1.095515 -20.849518 -0.498023 0.140644 7.406802 2.890815 6.070425 8.740481 0.000000 0.000000 0.000000 -4.814111 3.541486 -24.703130 4.755886 0.269651 12.549597 -0.790578 -9.637265 14.325237 0.000000 0.000000 0.000000 0.446496 0.673271 32.646190 -0.946592 1.703758 -41.224058 -3.977870 8.653199 22.990824 15.472512 -9.726759 1.467636 0.000000 0.000000 0.000000 38.215481 -18.276964 4.861793 32.217446 -24.455086 -5.697420 17.602683 10.255410 1.427257 0.000000 0.000000 0.000000 -23.201723 15.479757 7.284144 -37.485921 30.782924 -11.785907 -16.087717 0.876518 0.180096 0.000000 0.000000 0.000000 
0.321207 0.729638 -0.551540 -10.657922 -14.336282 82.857882 1.284763 -0.963019 -25.289817 0.003810 0.023672 6.932806 2.602900 5.524032 8.606948 0.000000 0.000000 0.000000 -3.649498 3.950725 -28.116188 3.194341 0.351957 10.447843 -1.221489 -8.915905 9.355558 0.000000 0.000000 0.000000 0.502887 0.814741 35.001524 -1.787319 1.813952 -43.385162 -4.023636 6.004413 25.418370 13.329694 -8.209750 1.335954 0.000000 0.000000 0.000000 34.569948 -17.075973 4.692080 28.293250 -23.669558 -4.780244 19.021791 9.003192 1.543245 0.000000 0.000000 0.000000 -23.848669 15.831566 7.518672 -32.882977 28.170647 -10.168441 -19.221927 2.055235 0.001458 0.000000 0.000000 0.000000 
0.317304 0.725256 -0.561686 -10.035426 -13.884868 83.150436 2.216560 -0.743996 -28.752072 -0.728554 0.172473 8.439724 3.929378 8.119225 0.524076 0.000000 0.000000 0.000000 -4.449062 4.591931 -32.355848 2.893099 0.464204 12.262261 -2.003493 -8.379299 3.414433 0.000000 0.000000 0.000000 0.060946 1.219671 37.171796 -0.008993 1.799324 -43.060194 -6.835113 7.029313 26.335335 15.878042 -9.606555 -1.097410 0.000000 0.000000 0.000000 35.373636 -17.745724 4.598425 24.879723 -22.509500 -4.265126 14.608678 5.998793 0.750728 0.000000 0.000000 0.000000 -20.934496 13.268472 6.725275 -29.837638 28.567709 -9.487561 -18.754751 3.423425 -0.167841 0.000000 0.000000 0.000000 
0.314079 0.722182 -0.571491 -9.466140 -13.310398 81.626144 3.436880 -0.520614 -31.834931 -1.674490 0.676409 15.326576 4.317023 9.504229 -10.741588 0.000000 0.000000 0.000000 -3.722267 4.788905 -34.211931 1.092144 0.859455 14.884419 -3.173494 -7.842341 -3.665606 0.000000 0.000000 0.000000 0.410079 1.385337 41.642132 -1.868310 1.612262 -42.636508 -6.137880 5.443964 26.918874 14.682943 -7.802768 -6.893117 0.000000 0.000000 0.000000 35.344391 -17.169019 4.349511 21.171632 -22.792631 -3.864529 12.958136 4.984288 0.567764 0.000000 0.000000 0.000000 -22.208888 11.690239 6.114114 -23.797595 28.686951 -8.299767 -18.408344 3.410849 -0.204978 0.000000 0.000000 0.000000 
0.311508 0.718914 -0.579714 -9.246250 -13.153635 81.143516 4.843112 -0.150125 -34.388929 -4.026801 1.809134 20.806552 4.500376 10.708898 -22.268140 0.000000 0.000000 0.000000 -4.701899 5.142558 -36.944960 2.410603 0.884944 18.539711 -5.116045 -9.828385 -12.495299 0.000000 0.000000 0.000000 0.265620 1.561582 42.945204 -2.074235 1.532616 -41.885805 -6.164842 5.000266 27.998545 13.630247 -7.382249 -6.903129 0.000000 0.000000 0.000000 33.663769 -16.776260 4.253818 18.046634 -24.000517 -3.892187 12.879764 2.924937 0.384475 0.000000 0.000000 0.000000 -20.379275 10.994113 5.770851 -20.423983 28.868549 -7.800824 -18.088838 5.179637 -0.437495 0.000000 0.000000 0.000000 
0.309370 0.716308 -0.585168 -8.598159 -13.284285 80.717446 5.174512 0.192062 -37.472755 -5.256998 2.643445 24.765111 4.815706 11.501637 -24.166948 0.000000 0.000000 0.000000 -6.043098 5.215062 -38.298431 3.242767 0.755922 19.560297 -6.547410 -12.455393 -20.308373 0.000000 0.000000 0.000000 0.256243 1.687149 44.487493 -1.915047 1.502696 -41.926457 -6.358126 5.042859 28.959167 12.844879 -6.886840 -7.625550 0.000000 0.000000 0.000000 30.653001 -18.974125 5.011589 15.988672 -24.601659 -4.076373 14.466554 1.809126 0.331223 0.000000 0.000000 0.000000 -18.400477 12.023016 6.019530 -18.458860 28.954034 -7.533152 -17.369768 6.177057 -0.561009 0.000000 0.000000 0.000000 
0.307061 0.714290 -0.588502 -7.859215 -13.173417 79.737951 6.035938 0.550658 -39.798228 -6.552652 3.382178 26.942494 4.758176 10.582787 -24.711756 0.000000 0.000000 0.000000 -6.944785 5.169131 -39.064975 4.023034 0.607668 20.212653 -7.465535 -14.339938 -27.615129 0.000000 0.000000 0.000000 0.517177 1.588086 45.881259 -2.486118 1.420376 -40.593467 -6.282078 3.698421 28.753766 12.790648 -6.250085 -11.357950 0.000000 0.000000 0.000000 28.604532 -19.510914 5.236128 14.202763 -26.213158 -4.148800 15.469123 1.458287 0.348504 0.000000 0.000000 0.000000 -17.955888 12.181168 5.961215 -14.799553 31.236539 -7.485085 -17.175800 6.464552 -0.642072 0.000000 0.000000 0.000000 
0.304372 0.713586 -0.590585 -6.642301 -12.697846 78.586580 6.812721 0.712717 -41.018059 -7.084175 3.439636 26.706129 4.484246 9.106665 -17.995632 0.000000 0.000000 0.000000 -7.165004 5.043728 -39.514836 4.024848 0.509628 19.440076 -7.216981 -13.081604 -27.779932 0.000000 0.000000 0.000000 0.994662 1.019350 46.394872 -2.216275 1.331089 -38.926980 -6.922991 3.609730 28.589009 12.590282 -5.499368 -15.753513 0.000000 0.000000 0.000000 28.484312 -19.911501 5.186936 11.840997 -29.057518 -4.348882 16.485624 0.847384 0.298405 0.000000 0.000000 0.000000 -16.353809 13.177375 6.176158 -10.477364 33.463556 -7.041054 -18.186621 8.000842 -0.910007 0.000000 0.000000 0.000000 
0.301236 0.714225 -0.592057 -5.987879 -12.670284 76.484050 6.844460 0.816888 -42.117580 -6.442704 3.299193 27.972788 4.042975 7.252154 -15.750654 0.000000 0.000000 0.000000 -6.840005 5.092283 -40.388292 3.915614 0.540678 20.059225 -7.059466 -11.925440 -27.286275 0.000000 0.000000 0.000000 1.475603 0.772895 48.330012 -3.131769 1.324888 -39.270872 -6.736095 3.094477 29.505602 13.345923 -5.880948 -16.434351 0.000000 0.000000 0.000000 26.835312 -21.642767 5.675372 11.314239 -29.781180 -4.469693 17.751261 -0.057257 0.213286 0.000000 0.000000 0.000000 -15.078661 14.064009 6.392948 -7.730986 35.803378 -6.941362 -18.639742 9.220700 -1.119886 0.000000 0.000000 0.000000 
0.297992 0.713431 -0.592549 -5.253446 -12.439830 74.374391 7.946805 1.020913 -42.599125 -7.329258 3.645736 28.313003 3.714839 6.055745 -15.068996 0.000000 0.000000 0.000000 -6.327776 5.146665 -41.481149 3.834942 0.605447 21.949430 -6.554656 -9.626395 -25.646950 0.000000 0.000000 0.000000 1.963938 0.289242 49.248389 -2.658885 1.232404 -37.877558 -7.525455 3.162698 29.196649 13.765349 -6.153042 -16.348989 0.000000 0.000000 0.000000 24.656209 -22.511098 6.143173 10.768795 -31.471442 -4.796457 19.165623 -2.175286 -0.064371 0.000000 0.000000 0.000000 -11.269401 16.536926 7.382726 -6.226528 36.302908 -6.776246 -20.159632 11.097068 -1.466541 0.000000 0.000000 0.000000 
0.295326 0.713958 -0.591847 -5.774131 -13.213215 71.565554 8.506415 1.314048 -41.901505 -7.421461 4.066747 29.843132 3.384158 5.123438 -13.748593 0.000000 0.000000 0.000000 -4.946307 5.475514 -41.722687 2.455839 1.208513 24.938602 -6.216609 -7.676278 -22.951113 0.000000 0.000000 0.000000 1.593691 0.987250 50.605816 -3.875835 1.271446 -38.064828 -6.235778 2.479408 30.792131 13.000534 -6.070230 -16.274807 0.000000 0.000000 0.000000 24.734634 -22.604472 5.885896 6.596460 -34.586552 -4.305741 19.307403 -4.960100 -0.511239 0.000000 0.000000 0.000000 -9.953606 17.483170 7.570792 -2.801058 37.873113 -6.266661 -19.912526 12.910691 -1.729156 0.000000 0.000000 0.000000 
0.293690 0.715120 -0.589951 -5.696583 -13.490816 68.626846 10.053609 1.809708 -42.058360 -9.782107 5.625269 32.418232 3.843529 5.512782 -19.449924 0.000000 0.000000 0.000000 -6.692634 5.395678 -43.257697 5.386057 0.524603 27.699969 -6.125717 -8.216567 -23.495385 0.000000 0.000000 0.000000 0.513881 1.891460 51.829949 -1.419220 1.203633 -38.639805 -7.128012 3.638939 31.135945 14.416080 -6.454292 -18.030844 0.000000 0.000000 0.000000 21.638301 -24.563077 6.966114 2.831010 -34.885634 -3.904553 23.355904 -10.946452 -1.661937 0.000000 0.000000 0.000000 -2.063612 19.671327 9.160425 -2.508925 37.438429 -6.270076 -20.740219 16.024193 -2.062800 0.000000 0.000000 0.000000 
0.293675 0.717025 -0.587673 -6.912642 -15.688143 64.937843 9.766133 1.915471 -40.091642 -9.693810 6.851448 36.426018 4.204739 7.604069 -15.152905 0.000000 0.000000 0.000000 -5.333751 5.707187 -41.922118 3.940777 1.473783 31.387934 -6.616374 -9.722060 -22.972872 0.000000 0.000000 0.000000 -0.188606 3.615293 55.159067 -1.483124 1.165629 -38.549753 -8.042290 2.229238 29.624552 13.350738 -6.521860 -15.476278 0.000000 0.000000 0.000000 20.368929 -24.261588 6.983859 -1.435994 -35.830805 -2.804802 24.017010 -16.555170 -2.595849 0.000000 0.000000 0.000000 2.342172 21.216629 10.039134 -2.919148 38.095143 -6.683502 -18.356570 17.147399 -1.822591 0.000000 0.000000 0.000000 
0.294551 0.720754 -0.585052 -4.794276 -15.422824 62.005017 8.305362 0.924173 -38.110226 -10.150220 6.956787 36.961236 4.272182 7.390511 -17.458377 0.000000 0.000000 0.000000 -6.747097 4.719252 -38.483003 4.662668 1.041681 30.922523 -6.392259 -8.283231 -22.832001 0.000000 0.000000 0.000000 1.420629 2.145931 56.577392 -3.917162 1.177876 -35.386321 -7.806016 -0.950477 25.797220 11.901444 -5.400218 -17.306567 0.000000 0.000000 0.000000 17.772618 -23.179537 7.266900 -2.108720 -36.614021 -2.421136 22.290871 -21.791007 -2.987475 0.000000 0.000000 0.000000 5.362512 21.925225 10.201035 -3.631163 37.894797 -7.126852 -16.529184 17.687033 -1.494053 0.000000 0.000000 0.000000 
