HIERARCHY
ROOT Hips
{
	OFFSET -0.001795 -0.223333 0.028219
	CHANNELS 6 Xposition Yposition Zposition Zrotation Yrotation Xrotation 
	JOINT LeftUpLeg
	{
		OFFSET 0.069520 -0.091406 -0.006815
		CHANNELS 3 Zrotation Yrotation Xrotation
		JOINT LeftLeg
		{
			OFFSET 0.034277 -0.375199 -0.004496
			CHANNELS 3 Zrotation Yrotation Xrotation
			JOINT LeftFoot
			{
				OFFSET -0.013596 -0.397961 -0.043693
				CHANNELS 3 Zrotation Yrotation Xrotation
				JOINT LeftToe
				{
					OFFSET 0.026358 -0.055791 0.119288
					CHANNELS 3 Zrotation Yrotation Xrotation
					End Site
					{
						OFFSET 0.000000 0.000000 0.000000
					}
				}
			}
		}
	}
	JOINT RightUpLeg
	{
		OFFSET -0.067670 -0.090522 -0.004320
		CHANNELS 3 Zrotation Yrotation Xrotation
		JOINT RightLeg
		{
			OFFSET -0.038290 -0.382569 -0.008850
			CHANNELS 3 Zrotation Yrotation Xrotation
			JOINT RightFoot
			{
				OFFSET 0.015774 -0.398415 -0.042312
				CHANNELS 3 Zrotation Yrotation Xrotation
				JOINT RightToe
				{
					OFFSET -0.025372 -0.048144 0.123348
					CHANNELS 3 Zrotation Yrotation Xrotation
					End Site
					{
						OFFSET 0.000000 0.000000 0.000000
					}
				}
			}
		}
	}
	JOINT Spine
	{
		OFFSET -0.002533 0.108963 -0.026696
		CHANNELS 3 Zrotation Yrotation Xrotation
		JOINT Spine1
		{
			OFFSET 0.005487 0.135180 0.001092
			CHANNELS 3 Zrotation Yrotation Xrotation
			JOINT Spine2
			{
				OFFSET 0.001457 0.052922 0.025425
				CHANNELS 3 Zrotation Yrotation Xrotation
				JOINT Neck
				{
					OFFSET -0.002778 0.213870 -0.042857
					CHANNELS 3 Zrotation Yrotation Xrotation
					JOINT Head
					{
						OFFSET 0.005152 0.064970 0.051349
						CHANNELS 3 Zrotation Yrotation Xrotation
						End Site
						{
							OFFSET 0.000000 0.000000 0.000000
						}
					}
				}
				JOINT LeftShoulder
				{
					OFFSET 0.078845 0.121749 -0.034090
					CHANNELS 3 Zrotation Yrotation Xrotation
					JOINT LeftArm
					{
						OFFSET 0.090977 0.030469 -0.008868
						CHANNELS 3 Zrotation Yrotation Xrotation
						JOINT LeftForeArm
						{
							OFFSET 0.259612 -0.012772 -0.027456
							CHANNELS 3 Zrotation Yrotation Xrotation
							JOINT LeftHand
							{
								OFFSET 0.249234 0.008986 -0.001171
								CHANNELS 3 Zrotation Yrotation Xrotation
								End Site
								{
									OFFSET 0.000000 0.000000 0.000000
								}
							}
						}
					}
				}
				JOINT RightShoulder
				{
					OFFSET -0.081759 0.118833 -0.038615
					CHANNELS 3 Zrotation Yrotation Xrotation
					JOINT RightArm
					{
						OFFSET -0.096012 0.032551 -0.009143
						CHANNELS 3 Zrotation Yrotation Xrotation
						JOINT RightForeArm
						{
							OFFSET -0.253742 -0.013329 -0.021401
							CHANNELS 3 Zrotation Yrotation Xrotation
							JOINT RightHand
							{
								OFFSET -0.255298 0.007772 -0.005559
								CHANNELS 3 Zrotation Yrotation Xrotation
								End Site
								{
									OFFSET 0.000000 0.000000 0.000000
								}
							}
						}
					}
				}
			}
		}
	}
}
MOTION
Frames: 196
Frame Time: 0.050000
0.000000 0.943238 0.000000 -1.626014 -14.547813 3.326981 5.457071 0.236567 2.750016 1.231038 -0.157775 -0.119203 9.719000 18.949134 15.014276 0.000000 0.000000 0.000000 -5.175247 0.350372 -0.545752 1.595940 -0.050956 2.027281 -4.777871 -15.763287 14.787692 0.000000 0.000000 0.000000 0.690391 0.250180 -4.441921 2.288888 -0.326057 -21.397551 0.325802 8.496444 25.801535 8.717165 -2.402734 -32.456068 0.000000 0.000000 0.000000 -20.114977 -5.983707 2.472984 -61.284627 0.643812 -9.869946 -25.134560 -50.792422 15.867908 0.000000 0.000000 0.000000 -6.391237 21.084768 6.117699 32.299561 72.199536 15.671056 -121.793574 38.994059 -56.057823 0.000000 0.000000 0.000000 
-0.000063 0.941674 0.001506 -2.450040 -16.675527 3.801089 6.527414 0.310283 3.413677 0.161017 0.003483 -0.750903 10.820813 20.514767 15.169807 0.000000 0.000000 0.000000 -4.017685 0.300100 -0.679872 0.472247 0.024043 1.318643 -3.739534 -14.154918 14.072638 0.000000 0.000000 0.000000 0.436135 0.282142 -4.834460 3.592264 -0.595600 -22.475047 1.115927 9.309447 27.051016 9.820188 -2.845920 -33.922390 0.000000 0.000000 0.000000 -21.243219 -5.031009 2.161952 -58.794505 3.645158 -11.065972 -37.684160 -53.630518 24.021764 0.000000 0.000000 0.000000 -8.525312 21.778104 5.950071 22.914043 74.275152 9.378220 -122.544830 31.604564 -45.987782 0.000000 0.000000 0.000000 
0.000086 0.940632 0.002805 -1.570737 -15.727031 3.306553 6.227990 0.308635 3.605461 -0.656045 0.113652 -0.820518 10.220035 19.731840 14.527297 0.000000 0.000000 0.000000 -4.931750 0.326391 -0.095511 0.632727 0.006010 1.244178 -4.348766 -14.948379 13.794090 0.000000 0.000000 0.000000 0.424937 0.240958 -4.293982 2.101016 -0.137633 -23.723936 1.485288 8.264796 27.587241 9.336699 -2.938785 -32.641771 0.000000 0.000000 0.000000 -21.543467 -3.700132 1.550805 -58.238972 4.726727 -11.558563 -36.767843 -53.547538 23.563537 0.000000 0.000000 0.000000 -8.346855 22.850863 6.248705 14.641307 72.855829 3.068467 -124.427971 29.382133 -44.614851 0.000000 0.000000 0.000000 
0.000242 0.940281 0.003807 -1.820490 -16.330523 3.539592 6.513835 0.317361 3.596521 -0.947209 0.153531 -0.783413 10.547850 20.204840 14.576683 0.000000 0.000000 0.000000 -4.561552 0.323478 -0.442859 0.233893 0.049043 1.459341 -4.076854 -14.525623 13.604203 0.000000 0.000000 0.000000 0.293549 0.275287 -4.814960 2.565745 -0.256052 -23.639798 1.425454 8.157574 27.426929 9.820723 -3.251192 -32.514381 0.000000 0.000000 0.000000 -22.122684 -2.490506 0.964757 -58.557361 7.240627 -12.768653 -40.250426 -55.366568 26.671794 0.000000 0.000000 0.000000 -9.391757 23.374195 6.237171 4.495221 74.282020 -4.197946 -122.662530 25.670715 -37.718329 0.000000 0.000000 0.000000 
0.000528 0.940456 0.004337 -1.561476 -15.970106 3.100074 6.167325 0.317135 3.604587 -0.735555 0.111925 -0.179435 10.363603 19.956476 14.449492 0.000000 0.000000 0.000000 -5.021020 0.324299 0.152210 0.608518 0.010055 1.283516 -4.231398 -14.750650 13.711804 0.000000 0.000000 0.000000 0.425405 0.240423 -4.285000 1.874842 -0.108794 -23.403594 1.317699 8.285673 27.167879 9.979750 -3.238061 -32.767887 0.000000 0.000000 0.000000 -21.596010 -2.689181 0.963719 -58.995861 8.350869 -13.341903 -39.746800 -56.418622 26.814049 0.000000 0.000000 0.000000 -9.433944 22.952058 6.116158 1.653105 74.240151 -6.074909 -123.711046 25.186269 -37.660404 0.000000 0.000000 0.000000 
0.000956 0.940818 0.004317 -1.772622 -15.249857 3.080725 6.489377 0.305964 3.673873 -0.711960 0.112001 -0.424939 9.979811 19.424018 14.214516 0.000000 0.000000 0.000000 -4.862249 0.294768 0.357035 0.866253 -0.013585 1.262303 -4.510883 -15.222012 14.081795 0.000000 0.000000 0.000000 0.382741 0.236170 -4.270876 1.613596 -0.007933 -23.812226 1.610176 8.137129 27.874796 9.728457 -3.004216 -33.319003 0.000000 0.000000 0.000000 -20.881709 -2.000231 0.508836 -59.489250 9.130776 -13.862848 -43.542992 -56.792001 29.393493 0.000000 0.000000 0.000000 -9.804894 22.367656 5.884111 -0.614108 73.927358 -7.571923 -123.503518 23.616104 -34.872272 0.000000 0.000000 0.000000 
0.001560 0.941194 0.003793 -1.893471 -14.578274 3.156412 6.697586 0.269853 3.277872 -0.690188 0.101870 -0.136576 9.664999 18.980254 13.982117 0.000000 0.000000 0.000000 -4.729063 0.285899 0.184353 0.990472 -0.013093 1.599527 -4.808861 -15.714220 14.390634 0.000000 0.000000 0.000000 0.486477 0.222883 -4.065463 1.363994 0.071818 -23.992587 1.734722 8.049883 28.000575 9.997731 -3.060156 -33.551432 0.000000 0.000000 0.000000 -20.292187 -1.351395 0.067575 -59.872214 10.198676 -14.464517 -45.118308 -56.480287 30.150505 0.000000 0.000000 0.000000 -9.675965 21.719029 5.732291 -1.052807 73.987187 -7.775760 -124.624128 23.466140 -35.236170 0.000000 0.000000 0.000000 
0.002301 0.941244 0.003060 -2.074445 -14.086158 3.332575 7.059696 0.235631 2.832457 -0.895487 0.124418 0.117189 9.444887 18.677806 13.691576 0.000000 0.000000 0.000000 -4.677822 0.294978 -0.169511 1.315870 -0.028174 2.005284 -5.039862 -16.086760 14.586427 0.000000 0.000000 0.000000 0.448397 0.234573 -4.282418 1.235123 0.107313 -23.963862 1.976419 8.167612 28.228272 9.866079 -2.931024 -33.589623 0.000000 0.000000 0.000000 -19.588285 -0.782782 -0.339153 -60.389442 11.268377 -15.111245 -48.152646 -56.799728 32.211714 0.000000 0.000000 0.000000 -9.739058 21.091206 5.545375 -0.110138 73.529082 -6.883987 -125.373201 23.584207 -35.770099 0.000000 0.000000 0.000000 
0.003170 0.941389 0.002382 -2.306641 -13.644856 3.376662 7.306988 0.223390 2.769772 -0.831854 0.116942 -0.009514 9.237281 18.390987 13.481229 0.000000 0.000000 0.000000 -4.555964 0.282705 -0.178269 1.578589 -0.051859 2.057431 -5.206513 -16.364841 14.850468 0.000000 0.000000 0.000000 0.296272 0.229423 -4.257988 1.311857 0.111419 -24.227979 2.237989 8.210487 28.373012 10.009445 -2.961796 -33.568584 0.000000 0.000000 0.000000 -19.086640 -0.303434 -0.663416 -60.727134 12.239765 -15.678096 -50.593957 -56.473289 33.517768 0.000000 0.000000 0.000000 -9.123677 20.711002 5.530925 2.786369 72.898488 -4.692606 -125.833057 24.540407 -37.520155 0.000000 0.000000 0.000000 
0.004112 0.941208 0.001826 -2.470938 -13.090474 3.247670 7.659109 0.218041 2.866007 -1.044055 0.147112 -0.145735 8.945167 17.990761 13.103998 0.000000 0.000000 0.000000 -4.452021 0.267102 -0.138928 1.763214 -0.060996 2.379166 -5.466329 -16.753797 15.001628 0.000000 0.000000 0.000000 0.254133 0.229124 -4.293438 1.286349 0.114614 -24.071152 2.290643 8.097567 28.409808 10.083456 -3.005745 -33.296260 0.000000 0.000000 0.000000 -18.495758 0.143103 -0.937888 -61.305266 12.823103 -16.120781 -53.213844 -56.104180 34.956900 0.000000 0.000000 0.000000 -8.764338 20.433406 5.507583 6.394180 71.614641 -2.083985 -126.220083 25.546383 -39.378366 0.000000 0.000000 0.000000 
0.005144 0.941064 0.001302 -2.600322 -12.693554 3.202619 7.827686 0.208146 2.820764 -1.070404 0.149953 -0.154974 8.760484 17.739821 12.818107 0.000000 0.000000 0.000000 -4.335664 0.253655 -0.105778 1.806133 -0.063655 2.486993 -5.646309 -17.026869 15.145235 0.000000 0.000000 0.000000 0.105858 0.232982 -4.424671 1.393075 0.099124 -24.132195 2.191688 7.896471 28.420122 10.276851 -3.123889 -33.077632 0.000000 0.000000 0.000000 -18.139360 0.217208 -0.971777 -61.345033 13.083025 -16.255372 -54.580824 -55.184459 35.200066 0.000000 0.000000 0.000000 -8.456058 20.200878 5.499185 9.724802 70.337341 0.125978 -125.786713 26.475392 -40.543958 0.000000 0.000000 0.000000 
0.006185 0.940755 0.000719 -2.666319 -12.457729 3.178335 7.965425 0.201667 2.777716 -1.213727 0.169015 -0.178070 8.652810 17.596872 12.546978 0.000000 0.000000 0.000000 -4.529434 0.258006 -0.003936 2.231462 -0.109637 2.353282 -5.743408 -17.163768 15.209794 0.000000 0.000000 0.000000 -0.224155 0.249665 -4.839930 1.555637 0.035526 -23.670193 2.091923 7.473108 28.256978 10.122903 -3.112284 -32.859540 0.000000 0.000000 0.000000 -18.430683 0.560728 -1.122499 -61.027636 12.789732 -15.998436 -55.359378 -54.768068 35.483384 0.000000 0.000000 0.000000 -8.364879 20.295811 5.559811 12.723053 69.081141 1.904402 -125.271097 26.942286 -40.985114 0.000000 0.000000 0.000000 
0.007159 0.940840 -0.000071 -2.671775 -12.504030 2.996011 7.958100 0.214430 2.990202 -1.287931 0.181125 -0.293539 8.650135 17.596913 12.518384 0.000000 0.000000 0.000000 -4.599659 0.255773 0.101598 2.260758 -0.111209 2.394183 -5.699818 -17.105509 15.253922 0.000000 0.000000 0.000000 -0.580270 0.241715 -4.836255 1.882073 -0.034129 -23.794444 1.992573 7.368937 28.444133 10.159837 -3.201783 -32.565721 0.000000 0.000000 0.000000 -18.637760 0.607799 -1.120672 -60.906727 12.310000 -15.747601 -55.422363 -54.251683 35.235325 0.000000 0.000000 0.000000 -8.425319 20.303474 5.556653 14.333452 68.061356 2.766930 -123.733663 27.684803 -41.056761 0.000000 0.000000 0.000000 
0.007973 0.940825 -0.001076 -2.556996 -12.726424 2.889828 7.891317 0.219899 2.932671 -1.519552 0.209882 -0.083233 8.745732 17.737141 12.517955 0.000000 0.000000 0.000000 -4.868089 0.281407 -0.044192 2.393129 -0.116329 2.615991 -5.606157 -16.965163 15.169239 0.000000 0.000000 0.000000 -0.871281 0.246175 -5.031084 1.861011 -0.062381 -23.341573 2.070308 7.225770 28.257070 10.064465 -3.210458 -32.405700 0.000000 0.000000 0.000000 -18.954627 0.519439 -1.028664 -60.381749 11.547375 -15.216319 -55.107848 -54.152488 35.017877 0.000000 0.000000 0.000000 -8.541159 20.691582 5.656205 15.475506 67.374373 3.324481 -122.171426 27.631116 -39.923869 0.000000 0.000000 0.000000 
0.008632 0.940587 -0.002202 -2.560373 -12.855498 2.885066 7.723611 0.222203 2.909997 -1.307652 0.181941 -0.119461 8.838909 17.882533 12.466732 0.000000 0.000000 0.000000 -4.980760 0.294071 -0.133553 2.517795 -0.127516 2.607699 -5.551076 -16.876855 15.086572 0.000000 0.000000 0.000000 -1.106715 0.248659 -5.169795 2.019737 -0.105966 -23.273768 2.036265 7.366708 28.297655 10.081879 -3.219254 -32.331580 0.000000 0.000000 0.000000 -19.421304 0.040572 -0.803319 -60.149492 10.653254 -14.737640 -53.296686 -54.405193 34.004877 0.000000 0.000000 0.000000 -8.316743 21.051135 5.776883 16.638382 66.568165 3.954346 -121.121895 27.331065 -38.631967 0.000000 0.000000 0.000000 
0.009073 0.940426 -0.003300 -2.469705 -13.200972 2.816264 7.481708 0.228050 2.818003 -1.182435 0.161813 0.135814 9.033222 18.171917 12.510435 0.000000 0.000000 0.000000 -5.030683 0.297382 -0.064701 2.320177 -0.113594 2.354130 -5.390027 -16.628080 14.936860 0.000000 0.000000 0.000000 -1.309069 0.245013 -5.161075 2.028032 -0.112745 -23.280231 2.059959 7.640930 28.343520 10.025324 -3.223155 -32.060947 0.000000 0.000000 0.000000 -19.416736 -0.376205 -0.578573 -60.022320 10.089364 -14.434094 -51.615443 -54.363308 32.885478 0.000000 0.000000 0.000000 -8.318438 21.362779 5.852490 17.891630 66.588371 4.728112 -120.547454 26.228987 -36.425702 0.000000 0.000000 0.000000 
0.009382 0.940037 -0.004228 -2.538672 -13.330480 2.801932 7.468946 0.235587 2.918526 -1.078522 0.150710 -0.034239 9.112968 18.302690 12.422257 0.000000 0.000000 0.000000 -4.994338 0.295962 -0.057874 2.338874 -0.117086 2.256546 -5.336643 -16.531524 14.810190 0.000000 0.000000 0.000000 -1.376150 0.255279 -5.386261 1.935432 -0.115222 -22.941243 2.178580 7.632764 28.205844 10.004524 -3.164791 -32.388336 0.000000 0.000000 0.000000 -19.500378 -0.742610 -0.363400 -59.945200 10.080939 -14.392297 -50.465727 -54.502594 32.232171 0.000000 0.000000 0.000000 -7.941400 21.860265 6.047136 19.347883 66.582107 5.586636 -120.533195 25.550629 -35.317246 0.000000 0.000000 0.000000 
0.009612 0.939933 -0.005003 -2.518342 -13.613971 2.839168 7.371787 0.246067 3.032146 -1.040174 0.150918 -0.298781 9.249857 18.502335 12.523156 0.000000 0.000000 0.000000 -5.017688 0.298868 -0.009088 2.261720 -0.117639 1.915596 -5.192592 -16.313332 14.732368 0.000000 0.000000 0.000000 -1.528690 0.257027 -5.455489 2.122795 -0.155501 -23.090871 2.074393 7.826322 28.285015 9.902398 -3.112824 -32.358496 0.000000 0.000000 0.000000 -19.889402 -0.833121 -0.332726 -59.526843 10.318114 -14.406298 -48.827935 -54.417054 31.105240 0.000000 0.000000 0.000000 -7.469514 22.318761 6.241213 20.308293 66.683450 6.182912 -120.935097 24.870334 -34.419925 0.000000 0.000000 0.000000 
0.009830 0.939760 -0.005757 -2.495088 -13.586048 2.959074 7.369105 0.241186 2.990603 -1.080112 0.161104 -0.566363 9.237334 18.484202 12.496671 0.000000 0.000000 0.000000 -5.116090 0.306016 0.003540 2.394361 -0.138141 1.567907 -5.203048 -16.325582 14.736680 0.000000 0.000000 0.000000 -1.578417 0.264155 -5.614880 2.107953 -0.158381 -22.978392 2.002469 7.813152 28.178533 9.848777 -3.052419 -32.528706 0.000000 0.000000 0.000000 -19.868837 -0.841557 -0.337249 -59.517221 10.525208 -14.486806 -47.226409 -54.478636 30.115300 0.000000 0.000000 0.000000 -6.972424 22.425573 6.356841 20.807408 66.753377 6.500517 -121.690975 24.140325 -33.694882 0.000000 0.000000 0.000000 
0.010087 0.939624 -0.006610 -2.410005 -13.955551 2.925909 7.098527 0.248782 2.981178 -0.885613 0.134408 -0.487210 9.440969 18.785566 12.601159 0.000000 0.000000 0.000000 -5.227815 0.320043 -0.051839 2.331922 -0.132857 1.485043 -5.039694 -16.069612 14.586127 0.000000 0.000000 0.000000 -1.415749 0.263301 -5.487608 2.075554 -0.154335 -22.998209 1.861075 8.058384 28.090789 9.942586 -3.029076 -32.911052 0.000000 0.000000 0.000000 -19.926478 -0.748774 -0.397293 -59.352460 11.366870 -14.833322 -47.614512 -55.005085 30.645064 0.000000 0.000000 0.000000 -6.870510 22.461940 6.382587 20.005596 66.549720 5.989001 -121.690664 23.274500 -32.374025 0.000000 0.000000 0.000000 
0.010396 0.939583 -0.007555 -2.346026 -14.284755 2.966529 6.944237 0.254660 2.982131 -0.847314 0.131992 -0.590065 9.608001 19.025018 12.733325 0.000000 0.000000 0.000000 -5.410618 0.343761 -0.212155 2.445992 -0.141026 1.446557 -4.889306 -15.843868 14.496929 0.000000 0.000000 0.000000 -1.274394 0.266298 -5.443713 1.964293 -0.135460 -22.955697 1.828423 8.237727 27.926722 9.878566 -2.951429 -33.175480 0.000000 0.000000 0.000000 -20.027111 -0.497825 -0.540016 -59.369260 12.035011 -15.134299 -48.450381 -55.856988 31.698680 0.000000 0.000000 0.000000 -6.839243 22.207166 6.325145 19.001190 65.948695 5.285164 -121.996389 22.764257 -31.866591 0.000000 0.000000 0.000000 
0.010725 0.939442 -0.008544 -2.385873 -14.572744 3.023137 6.909865 0.255373 2.892903 -0.811964 0.126578 -0.530811 9.771914 19.268559 12.772412 0.000000 0.000000 0.000000 -5.403158 0.352888 -0.353761 2.428061 -0.138875 1.400684 -4.755610 -15.640445 14.406886 0.000000 0.000000 0.000000 -1.098571 0.268976 -5.384724 1.919143 -0.118578 -23.093189 1.791452 8.434099 28.058699 9.933615 -2.916418 -33.575831 0.000000 0.000000 0.000000 -20.319928 -0.301706 -0.661854 -59.559385 12.825204 -15.575574 -50.012526 -56.554746 33.169545 0.000000 0.000000 0.000000 -6.572008 21.808649 6.257767 17.154155 65.114903 4.070109 -121.612315 21.993292 -30.539844 0.000000 0.000000 0.000000 
0.011014 0.939431 -0.009433 -2.389812 -14.936281 2.978704 6.865398 0.272801 3.083700 -0.841243 0.135730 -0.752022 9.936146 19.504741 12.910513 0.000000 0.000000 0.000000 -5.495955 0.361915 -0.324285 2.504540 -0.147090 1.217234 -4.567325 -15.356924 14.344871 0.000000 0.000000 0.000000 -0.877616 0.272523 -5.326480 1.929372 -0.128913 -23.060440 1.769894 8.620972 28.041470 9.872456 -2.887848 -33.615698 0.000000 0.000000 0.000000 -20.492533 0.162577 -0.921897 -59.545871 13.613591 -15.943975 -53.714528 -57.576175 36.338651 0.000000 0.000000 0.000000 -6.819384 21.252782 6.070113 15.497435 64.201857 2.996028 -120.734065 20.725034 -28.235656 0.000000 0.000000 0.000000 
0.011326 0.939267 -0.010182 -2.410659 -15.184893 2.942972 7.013741 0.283765 3.167516 -1.146466 0.178464 -0.815825 10.035838 19.656517 12.905337 0.000000 0.000000 0.000000 -5.512229 0.361783 -0.230651 2.497957 -0.150917 0.963903 -4.438427 -15.156447 14.280284 0.000000 0.000000 0.000000 -0.713691 0.283747 -5.433687 1.921805 -0.137779 -22.962713 1.871808 8.738391 28.163954 9.874794 -2.879347 -33.735329 0.000000 0.000000 0.000000 -20.653973 0.641185 -1.189504 -59.632376 14.156493 -16.233584 -57.939214 -58.693016 40.118252 0.000000 0.000000 0.000000 -6.780565 20.776938 5.947546 13.919163 63.205711 1.998267 -119.617785 20.002424 -26.718960 0.000000 0.000000 0.000000 
0.011663 0.939283 -0.010794 -2.322827 -15.517701 2.735011 6.894458 0.305324 3.391788 -1.212961 0.188329 -0.812786 10.175064 19.859191 13.013684 0.000000 0.000000 0.000000 -5.647300 0.368146 -0.089400 2.473441 -0.148844 0.894738 -4.274000 -14.899303 14.193249 0.000000 0.000000 0.000000 -0.635708 0.281283 -5.345893 1.946833 -0.153310 -22.912821 1.969090 8.939808 28.281439 9.880172 -2.872299 -33.843033 0.000000 0.000000 0.000000 -20.833485 1.001872 -1.396849 -59.408902 14.756849 -16.463480 -62.965466 -59.381513 44.314900 0.000000 0.000000 0.000000 -6.779113 20.369733 5.835770 12.364667 62.255896 1.073863 -118.979045 19.265253 -25.441793 0.000000 0.000000 0.000000 
0.012019 0.939195 -0.011307 -2.353572 -15.666318 2.538860 6.897436 0.320248 3.541431 -1.220246 0.187806 -0.691099 10.241177 19.968708 12.976540 0.000000 0.000000 0.000000 -5.655679 0.358372 0.182345 2.483832 -0.153337 0.696388 -4.180127 -14.751299 14.168898 0.000000 0.000000 0.000000 -0.394863 0.283329 -5.274947 1.823881 -0.132901 -22.831592 2.125578 8.883077 28.411750 9.721427 -2.806650 -33.955428 0.000000 0.000000 0.000000 -20.858584 1.410130 -1.581848 -59.384053 14.917585 -16.539671 -67.623287 -60.038835 48.482856 0.000000 0.000000 0.000000 -6.826682 20.159388 5.774645 11.189032 61.327096 0.359518 -118.675705 19.151389 -25.356117 0.000000 0.000000 0.000000 
0.012396 0.939093 -0.011756 -2.342247 -15.801026 2.444800 6.929248 0.325547 3.548968 -1.361507 0.205350 -0.537542 10.301567 20.066285 12.935977 0.000000 0.000000 0.000000 -5.836261 0.368994 0.292615 2.722377 -0.171991 0.572339 -4.104867 -14.632680 14.148068 0.000000 0.000000 0.000000 -0.278861 0.284277 -5.233407 1.957369 -0.155050 -23.013123 2.167305 9.027815 28.563711 9.803749 -2.811141 -34.140567 0.000000 0.000000 0.000000 -20.687786 1.719183 -1.755328 -59.281602 14.910139 -16.510454 -71.542780 -60.150728 51.676626 0.000000 0.000000 0.000000 -7.139567 19.834694 5.639875 10.724320 60.849961 0.108664 -118.271904 19.127452 -25.185821 0.000000 0.000000 0.000000 
0.012721 0.939051 -0.012202 -2.319867 -15.947764 2.211498 6.915517 0.344734 3.770674 -1.433555 0.215357 -0.494300 10.349628 20.145076 12.929644 0.000000 0.000000 0.000000 -5.892623 0.362927 0.590604 2.721205 -0.174835 0.381073 -4.014299 -14.489533 14.124218 0.000000 0.000000 0.000000 -0.216584 0.284366 -5.204801 2.003471 -0.181704 -22.843395 2.314328 9.065701 28.615546 9.817332 -2.852310 -33.979671 0.000000 0.000000 0.000000 -20.602127 1.666201 -1.696785 -59.386155 14.504184 -16.354343 -73.933716 -60.570712 54.055544 0.000000 0.000000 0.000000 -6.821760 19.879858 5.696096 10.272499 60.291423 -0.154747 -118.410109 19.622253 -26.116974 0.000000 0.000000 0.000000 
0.012975 0.938922 -0.012675 -2.301666 -16.182838 2.129069 6.877190 0.355662 3.850172 -1.480505 0.222326 -0.457484 10.462284 20.316055 12.954086 0.000000 0.000000 0.000000 -5.937752 0.366838 0.661196 2.698748 -0.173838 0.274268 -3.901706 -14.309968 14.049074 0.000000 0.000000 0.000000 -0.193070 0.290100 -5.271792 2.095011 -0.222451 -22.628333 2.379601 9.006451 28.654789 9.741630 -2.809202 -34.214771 0.000000 0.000000 0.000000 -20.545653 1.763818 -1.686885 -59.482735 13.939286 -16.117402 -75.396214 -61.534732 56.285981 0.000000 0.000000 0.000000 -6.749372 20.005556 5.746214 10.662545 60.110869 -0.015084 -119.331711 20.247949 -27.640442 0.000000 0.000000 0.000000 
0.013118 0.938904 -0.013156 -2.223177 -16.448835 2.007429 6.802402 0.372456 4.017127 -1.569941 0.236801 -0.523510 10.571451 20.471714 13.054813 0.000000 0.000000 0.000000 -5.971296 0.369021 0.772025 2.549812 -0.165145 0.132784 -3.774201 -14.109745 13.977395 0.000000 0.000000 0.000000 -0.230115 0.293892 -5.334819 2.143032 -0.247819 -22.493799 2.518103 8.917501 28.798305 9.998994 -2.937481 -34.433024 0.000000 0.000000 0.000000 -20.394573 1.701620 -1.558803 -59.517085 13.337081 -15.851600 -77.239585 -62.331308 58.762059 0.000000 0.000000 0.000000 -6.514085 20.264105 5.854271 11.164870 60.175960 0.168965 -119.990455 20.657093 -28.717191 0.000000 0.000000 0.000000 
0.013209 0.938671 -0.013659 -2.256312 -16.860852 1.920310 6.916527 0.389672 4.117367 -1.818047 0.273070 -0.418031 10.758581 20.757942 13.088231 0.000000 0.000000 0.000000 -5.951449 0.372748 0.759648 2.489294 -0.158160 0.156854 -3.590049 -13.806227 13.812760 0.000000 0.000000 0.000000 -0.249871 0.297137 -5.368561 2.235950 -0.286492 -22.349073 2.611841 8.874885 28.915654 10.041947 -2.975859 -34.614279 0.000000 0.000000 0.000000 -20.483266 1.518526 -1.366410 -59.263611 12.682454 -15.491084 -78.187448 -63.274101 60.634381 0.000000 0.000000 0.000000 -6.251428 20.671411 6.004336 12.572347 60.664986 0.822284 -121.251184 21.602850 -30.937984 0.000000 0.000000 0.000000 
0.013261 0.938551 -0.014156 -2.350433 -17.231576 1.906008 6.932145 0.401322 4.161475 -1.771297 0.267101 -0.333629 10.958050 21.053478 13.165352 0.000000 0.000000 0.000000 -5.832774 0.367660 0.758296 2.381939 -0.150895 0.066699 -3.407083 -13.522434 13.725995 0.000000 0.000000 0.000000 -0.322486 0.303178 -5.464631 2.288178 -0.320125 -22.143903 2.840614 8.602059 29.068106 10.224492 -3.103182 -34.827687 0.000000 0.000000 0.000000 -20.610887 1.380004 -1.144794 -59.033220 11.787584 -15.026778 -78.905314 -64.224545 62.429899 0.000000 0.000000 0.000000 -6.242381 21.165772 6.150600 13.720936 61.080209 1.301923 -121.542433 22.100170 -32.059702 0.000000 0.000000 0.000000 
0.013294 0.938330 -0.014638 -2.343626 -17.582404 1.702730 6.907046 0.423088 4.340160 -1.821245 0.274728 -0.182798 11.122491 21.307608 13.195082 0.000000 0.000000 0.000000 -5.865352 0.366176 1.004766 2.360494 -0.151842 -0.140770 -3.237762 -13.237191 13.599514 0.000000 0.000000 0.000000 -0.496306 0.296667 -5.428830 2.311180 -0.345855 -21.947811 3.193997 8.532530 29.232987 9.936939 -2.972098 -35.080012 0.000000 0.000000 0.000000 -20.532422 1.131646 -0.910172 -58.913956 11.054944 -14.667480 -79.876055 -64.620961 63.841912 0.000000 0.000000 0.000000 -6.326198 21.512092 6.235454 15.119276 61.343892 1.967446 -121.342672 22.939155 -33.332886 0.000000 0.000000 0.000000 
0.013324 0.938017 -0.015077 -2.321317 -18.002695 1.510184 6.778154 0.453357 4.636730 -1.741451 0.265395 -0.240733 11.325595 21.618773 13.265240 0.000000 0.000000 0.000000 -5.780540 0.355327 1.269284 2.084371 -0.139286 -0.425144 -3.041885 -12.906548 13.435036 0.000000 0.000000 0.000000 -0.742694 0.295893 -5.512023 2.572198 -0.439251 -21.624190 3.376376 8.302072 29.394983 9.999503 -3.045346 -35.284721 0.000000 0.000000 0.000000 -20.858076 1.121909 -0.767138 -58.575648 10.512462 -14.360941 -79.081558 -65.203631 63.928653 0.000000 0.000000 0.000000 -6.399648 22.155011 6.405440 15.877009 61.897849 2.272039 -120.936297 23.407802 -33.989177 0.000000 0.000000 0.000000 
0.013316 0.938039 -0.015471 -2.340701 -18.325861 1.466407 6.649050 0.472398 4.823796 -1.562356 0.241856 -0.405233 11.491678 21.850532 13.437324 0.000000 0.000000 0.000000 -5.818491 0.361105 1.347258 2.134726 -0.144254 -0.616194 -2.872375 -12.651888 13.416607 0.000000 0.000000 0.000000 -0.769846 0.307547 -5.689023 2.572502 -0.451030 -21.529804 3.640732 8.069775 29.633071 9.793556 -2.982410 -35.491874 0.000000 0.000000 0.000000 -20.732058 1.136173 -0.641685 -58.828861 10.326799 -14.348832 -77.170909 -65.044541 62.299645 0.000000 0.000000 0.000000 -6.775705 22.489834 6.448512 17.410971 62.604608 3.022745 -120.346631 24.239244 -35.005243 0.000000 0.000000 0.000000 
0.013314 0.937880 -0.015836 -2.310533 -18.580814 1.497082 6.520439 0.487443 4.980963 -1.459950 0.231447 -0.710215 11.621166 22.032407 13.551420 0.000000 0.000000 0.000000 -5.695292 0.357536 1.231905 1.817911 -0.125039 -0.605493 -2.773910 -12.484217 13.292346 0.000000 0.000000 0.000000 -1.143005 0.305057 -5.804012 2.985913 -0.542116 -21.691437 3.695921 7.936260 30.010236 9.785048 -3.040956 -35.473719 0.000000 0.000000 0.000000 -20.925585 1.196703 -0.583353 -58.870044 10.088424 -14.284972 -73.183075 -65.302761 59.206019 0.000000 0.000000 0.000000 -7.198981 22.944375 6.508889 17.759588 63.301709 3.170910 -119.496897 23.924805 -34.040390 0.000000 0.000000 0.000000 
0.013277 0.938037 -0.016170 -2.326600 -18.602360 1.518972 6.290812 0.491513 5.045720 -1.023663 0.171795 -0.891774 11.662505 22.072505 13.688032 0.000000 0.000000 0.000000 -5.565451 0.342009 1.378010 1.628075 -0.122481 -0.943405 -2.730994 -12.450584 13.391019 0.000000 0.000000 0.000000 -1.168746 0.316869 -6.003963 3.026971 -0.556665 -21.629478 3.840664 7.519578 30.240007 9.739020 -3.027829 -35.849026 0.000000 0.000000 0.000000 -20.988449 1.330645 -0.532552 -59.142351 10.281718 -14.456706 -69.482499 -64.974614 55.933807 0.000000 0.000000 0.000000 -7.651922 23.435971 6.579792 17.079617 64.346120 2.752434 -117.931235 23.712928 -32.924081 0.000000 0.000000 0.000000 
0.013260 0.937954 -0.016455 -2.268158 -18.820664 1.478308 6.214570 0.503275 5.136491 -1.050306 0.177397 -0.964162 11.764850 22.215417 13.774542 0.000000 0.000000 0.000000 -5.468794 0.339245 1.275538 1.313074 -0.101278 -0.813407 -2.652464 -12.309180 13.265548 0.000000 0.000000 0.000000 -1.390764 0.315407 -6.073447 3.275715 -0.608022 -21.774422 3.922713 7.536163 30.571408 9.848571 -3.126332 -35.769578 0.000000 0.000000 0.000000 -20.970980 1.336622 -0.487371 -59.504788 10.427855 -14.636431 -65.769371 -65.095114 53.024622 0.000000 0.000000 0.000000 -7.967118 23.894672 6.642185 16.402828 65.001384 2.369692 -117.594328 23.322482 -32.150964 0.000000 0.000000 0.000000 
0.013280 0.938174 -0.016743 -2.193786 -18.669216 1.406510 6.060652 0.505397 5.199516 -0.860856 0.152480 -1.076229 11.685340 22.083024 13.832513 0.000000 0.000000 0.000000 -5.555378 0.345091 1.254031 1.371578 -0.101251 -0.665800 -2.723154 -12.427497 13.311397 0.000000 0.000000 0.000000 -1.516804 0.307591 -6.031356 3.266506 -0.601774 -21.800291 4.137827 7.377798 30.701473 9.684746 -3.021877 -36.032379 0.000000 0.000000 0.000000 -20.760722 1.603762 -0.621627 -59.937016 10.987146 -14.993364 -63.509711 -64.436830 50.649409 0.000000 0.000000 0.000000 -8.392896 24.155200 6.641991 14.768572 65.596369 1.445390 -117.089333 22.884962 -31.268423 0.000000 0.000000 0.000000 
0.013328 0.938225 -0.017127 -2.163259 -18.525702 1.431072 6.037761 0.495421 5.098074 -0.827889 0.147315 -1.059502 11.619070 21.982040 13.801489 0.000000 0.000000 0.000000 -5.559284 0.352903 0.954703 1.362939 -0.088167 -0.194840 -2.822436 -12.568900 13.259946 0.000000 0.000000 0.000000 -1.721661 0.297645 -5.972515 3.549326 -0.642652 -22.089234 4.128687 7.308364 30.888369 9.665208 -3.027483 -36.013080 0.000000 0.000000 0.000000 -20.887759 1.947107 -0.823605 -59.921149 11.305761 -15.156203 -62.537909 -63.765845 49.305209 0.000000 0.000000 0.000000 -8.757333 24.245756 6.604921 12.331666 65.653225 0.019926 -116.553474 22.220097 -30.082261 0.000000 0.000000 0.000000 
0.013394 0.938104 -0.017560 -2.052628 -18.205551 1.385992 5.911934 0.468261 4.787894 -0.710431 0.122193 -0.651999 11.492600 21.813432 13.622050 0.000000 0.000000 0.000000 -5.697237 0.365617 0.775025 1.478500 -0.085165 0.204998 -3.018044 -12.840373 13.190857 0.000000 0.000000 0.000000 -1.919009 0.274328 -5.689987 3.597798 -0.625822 -22.366416 4.168737 7.255127 30.914777 9.530269 -2.933980 -36.101423 0.000000 0.000000 0.000000 -20.761361 2.221706 -1.022922 -59.733867 11.484351 -15.190122 -62.332455 -63.378030 48.756248 0.000000 0.000000 0.000000 -9.184961 24.434671 6.574564 9.478816 65.571961 -1.586387 -115.691544 21.228134 -28.251333 0.000000 0.000000 0.000000 
0.013446 0.938095 -0.018028 -1.945374 -17.966096 1.328283 5.822658 0.451386 4.599065 -0.670941 0.111424 -0.408936 11.384639 21.659960 13.522163 0.000000 0.000000 0.000000 -5.785741 0.370494 0.738601 1.497253 -0.083307 0.346176 -3.150453 -13.034663 13.182341 0.000000 0.000000 0.000000 -2.074675 0.261191 -5.546414 3.761228 -0.629064 -22.731309 4.193459 7.269430 31.062926 9.412380 -2.874066 -36.038409 0.000000 0.000000 0.000000 -20.632971 2.362777 -1.145661 -59.717319 11.495041 -15.192584 -61.843195 -62.761375 47.805210 0.000000 0.000000 0.000000 -9.395270 24.347917 6.511283 6.955122 65.326297 -2.997659 -114.791645 20.578793 -26.939837 0.000000 0.000000 0.000000 
0.013437 0.938070 -0.018547 -1.914319 -17.687156 1.348647 5.878102 0.438720 4.497654 -0.725252 0.119216 -0.440644 11.238670 21.451480 13.407263 0.000000 0.000000 0.000000 -5.756132 0.364328 0.740843 1.462981 -0.082889 0.320614 -3.287894 -13.247628 13.221935 0.000000 0.000000 0.000000 -2.188921 0.251490 -5.434636 3.796744 -0.619817 -22.886929 4.212430 7.077747 31.006807 9.394440 -2.886215 -35.920504 0.000000 0.000000 0.000000 -20.591612 2.460687 -1.202426 -59.294918 11.685574 -15.168336 -62.005407 -62.403090 47.589548 0.000000 0.000000 0.000000 -9.561295 24.378895 6.496966 4.623071 64.746810 -4.296960 -114.344972 19.623950 -25.530437 0.000000 0.000000 0.000000 
0.013327 0.938226 -0.019062 -1.838894 -17.524990 1.285198 5.892460 0.439896 4.548306 -0.808694 0.133075 -0.565892 11.128935 21.279608 13.418570 0.000000 0.000000 0.000000 -5.840963 0.366788 0.811670 1.538140 -0.089914 0.272953 -3.358072 -13.364036 13.280557 0.000000 0.000000 0.000000 -2.342097 0.238078 -5.255660 3.811760 -0.600801 -23.118395 4.257729 6.999823 31.017415 9.388134 -2.852740 -36.117059 0.000000 0.000000 0.000000 -20.460334 2.292779 -1.107976 -58.723067 11.544567 -14.958306 -61.874584 -62.109763 47.181226 0.000000 0.000000 0.000000 -9.799411 24.191342 6.418790 2.890424 64.388326 -5.250696 -114.174878 18.956280 -24.610187 0.000000 0.000000 0.000000 
0.013166 0.938330 -0.019536 -1.836017 -17.593822 1.293200 6.020866 0.445634 4.614580 -1.022707 0.166330 -0.725586 11.131068 21.270200 13.487284 0.000000 0.000000 0.000000 -5.971058 0.378958 0.815541 1.787341 -0.108569 0.174088 -3.313709 -13.303863 13.312215 0.000000 0.000000 0.000000 -2.493088 0.226289 -5.054981 3.882677 -0.602951 -23.280227 4.315000 7.110770 30.926946 9.515216 -2.926719 -35.921418 0.000000 0.000000 0.000000 -20.349152 2.257959 -1.111153 -57.930625 11.617881 -14.778150 -62.594320 -61.940314 47.487504 0.000000 0.000000 0.000000 -10.072714 23.949427 6.322315 1.156713 63.933774 -6.153082 -113.904774 17.972299 -23.192801 0.000000 0.000000 0.000000 
0.012965 0.938526 -0.019957 -1.840804 -17.500937 1.329214 6.189707 0.445291 4.642030 -1.245097 0.200522 -0.916581 11.048398 21.133619 13.526363 0.000000 0.000000 0.000000 -5.957857 0.376726 0.818139 1.830784 -0.113921 0.089297 -3.342160 -13.367065 13.394267 0.000000 0.000000 0.000000 -2.585371 0.221837 -4.997293 3.886847 -0.596507 -23.344621 4.334070 6.919430 30.769371 9.377511 -2.878839 -35.898140 0.000000 0.000000 0.000000 -20.276332 2.383709 -1.155742 -57.026567 11.495594 -14.475678 -63.531089 -61.371463 47.704744 0.000000 0.000000 0.000000 -10.534855 23.749414 6.225917 -0.349984 63.494536 -6.977605 -113.521676 17.166553 -22.079372 0.000000 0.000000 0.000000 
0.012750 0.938626 -0.020353 -1.864769 -17.768853 1.279323 6.268576 0.465462 4.850038 -1.373154 0.222413 -1.118905 11.149280 21.265001 13.680990 0.000000 0.000000 0.000000 -6.033224 0.383475 0.936920 1.994632 -0.128307 -0.140341 -3.191301 -13.144451 13.404993 0.000000 0.000000 0.000000 -2.605994 0.216932 -4.871021 3.837909 -0.582002 -23.417745 4.459974 6.937815 30.832032 9.334852 -2.888814 -35.867605 0.000000 0.000000 0.000000 -20.339153 2.257519 -1.036828 -56.187982 11.173765 -14.138588 -64.343189 -61.516895 48.469353 0.000000 0.000000 0.000000 -11.025782 23.826714 6.178381 -1.641428 63.084756 -7.680465 -113.446119 16.400594 -21.137925 0.000000 0.000000 0.000000 
0.012569 0.938706 -0.020781 -1.895531 -17.898128 1.321421 6.393976 0.480239 5.042517 -1.537075 0.251699 -1.519989 11.174233 21.284655 13.799682 0.000000 0.000000 0.000000 -6.051106 0.383596 1.079023 2.094069 -0.142287 -0.545711 -3.099038 -13.024737 13.478503 0.000000 0.000000 0.000000 -2.613847 0.220552 -4.932276 3.776618 -0.571152 -23.396128 4.529965 6.764416 30.800449 9.091026 -2.815210 -35.834822 0.000000 0.000000 0.000000 -20.317496 2.355200 -1.025916 -55.479904 11.154991 -13.951353 -65.731108 -61.231373 49.352131 0.000000 0.000000 0.000000 -11.523893 23.898072 6.141949 -2.664357 62.788792 -8.275743 -113.245896 15.653652 -20.198820 0.000000 0.000000 0.000000 
0.012439 0.938824 -0.021299 -1.959520 -18.083048 1.356897 6.523836 0.499086 5.278623 -1.665729 0.276622 -1.957588 11.226164 21.340995 13.952782 0.000000 0.000000 0.000000 -6.212735 0.401504 1.062980 2.500682 -0.165670 -0.670045 -2.987744 -12.872401 13.532896 0.000000 0.000000 0.000000 -2.628745 0.221716 -4.939275 3.788358 -0.568373 -23.461809 4.570634 6.590506 30.803986 8.993926 -2.790647 -35.955552 0.000000 0.000000 0.000000 -20.291688 2.442678 -1.001749 -54.883190 10.859067 -13.675566 -67.059096 -61.074648 50.330012 0.000000 0.000000 0.000000 -12.104844 23.986410 6.099934 -3.504522 62.701736 -8.821888 -112.658323 15.167994 -19.495385 0.000000 0.000000 0.000000 
0.012391 0.938960 -0.021941 -1.952830 -18.220177 1.386801 6.647822 0.504304 5.319230 -1.908056 0.311643 -2.114228 11.262859 21.373524 14.058946 0.000000 0.000000 0.000000 -6.367993 0.418131 1.052106 2.769031 -0.181141 -0.833812 -2.903952 -12.764671 13.592918 0.000000 0.000000 0.000000 -2.741894 0.222372 -4.976453 3.865684 -0.587135 -23.455754 4.439870 6.455671 30.801293 8.924225 -2.829505 -35.713298 0.000000 0.000000 0.000000 -20.251781 2.564465 -1.017482 -54.242615 10.769494 -13.484123 -68.459488 -61.232242 51.605398 0.000000 0.000000 0.000000 -12.325590 23.987710 6.085798 -4.350257 62.710437 -9.371070 -112.636245 14.480079 -18.645400 0.000000 0.000000 0.000000 
0.012373 0.939040 -0.022653 -2.019488 -18.265452 1.438582 6.805454 0.509152 5.393897 -2.048145 0.333984 -2.367916 11.259141 21.357088 14.117396 0.000000 0.000000 0.000000 -6.388331 0.421082 1.037777 2.949940 -0.191527 -0.967253 -2.861675 -12.720201 13.660864 0.000000 0.000000 0.000000 -2.834184 0.225038 -5.059678 3.945079 -0.606882 -23.432072 4.445625 6.248533 30.816136 8.859248 -2.812011 -35.845280 0.000000 0.000000 0.000000 -20.132506 2.712113 -1.045435 -54.230137 10.605940 -13.405887 -69.562253 -61.176306 52.535003 0.000000 0.000000 0.000000 -12.655210 24.062506 6.073501 -5.397192 62.807881 -10.054791 -112.222265 13.941537 -17.884132 0.000000 0.000000 0.000000 
0.012347 0.939201 -0.023395 -1.964710 -18.283627 1.423801 6.848403 0.508494 5.370724 -2.200275 0.354722 -2.410152 11.245007 21.320052 14.190130 0.000000 0.000000 0.000000 -6.369466 0.419091 1.056919 2.842161 -0.187673 -1.093653 -2.842999 -12.706604 13.703917 0.000000 0.000000 0.000000 -2.891662 0.228199 -5.162471 4.045806 -0.639711 -23.315672 4.257860 6.177036 30.726174 9.014070 -2.903854 -35.750749 0.000000 0.000000 0.000000 -20.232012 2.666182 -1.002504 -54.092129 10.728944 -13.422619 -71.498810 -61.488650 54.398243 0.000000 0.000000 0.000000 -12.648332 24.250046 6.119626 -6.088180 62.942392 -10.492911 -111.942414 13.572857 -17.320407 0.000000 0.000000 0.000000 
0.012318 0.939156 -0.024229 -2.009998 -18.101914 1.509177 7.112241 0.494449 5.229661 -2.497532 0.393598 -2.449662 11.133282 21.161326 14.086805 0.000000 0.000000 0.000000 -6.382468 0.417237 1.083277 3.018789 -0.199757 -1.315544 -2.915036 -12.831139 13.789585 0.000000 0.000000 0.000000 -2.989118 0.233183 -5.326063 4.175492 -0.673329 -23.240819 4.104033 5.987856 30.712428 9.126744 -2.955329 -35.810283 0.000000 0.000000 0.000000 -20.248089 2.642024 -0.969092 -54.330315 10.602334 -13.430429 -73.468436 -62.150899 56.714476 0.000000 0.000000 0.000000 -12.602082 24.286820 6.142880 -6.153828 63.142153 -10.603158 -112.530059 12.961099 -16.629971 0.000000 0.000000 0.000000 
0.012251 0.939007 -0.025152 -2.013142 -17.958609 1.660501 7.217147 0.478391 5.060032 -2.604507 0.408219 -2.588970 11.064700 21.061073 14.023697 0.000000 0.000000 0.000000 -6.440944 0.425452 0.940866 3.198336 -0.209600 -1.410620 -2.994715 -12.952233 13.805873 0.000000 0.000000 0.000000 -3.051289 0.238627 -5.463417 4.183684 -0.672210 -23.241335 3.961937 6.056896 30.706900 9.219187 -2.955550 -35.906699 0.000000 0.000000 0.000000 -20.154514 2.468412 -0.904736 -54.911483 10.700904 -13.607473 -76.334499 -62.790221 59.774515 0.000000 0.000000 0.000000 -12.398906 24.233500 6.150745 -5.517679 63.200998 -10.204278 -112.956907 12.614333 -16.156002 0.000000 0.000000 0.000000 
0.012170 0.938861 -0.026186 -1.920358 -17.689466 1.665476 7.279290 0.460871 4.868731 -2.765989 0.427244 -2.521127 10.923839 20.862906 13.890871 0.000000 0.000000 0.000000 -6.499949 0.423960 1.052121 3.227708 -0.215490 -1.696639 -3.127679 -13.150007 13.839962 0.000000 0.000000 0.000000 -3.085592 0.239314 -5.535028 4.121502 -0.663207 -23.159306 3.738928 5.979272 30.660580 9.146954 -2.896934 -35.990574 0.000000 0.000000 0.000000 -19.973814 2.559948 -0.978365 -55.659604 10.500426 -13.689277 -79.578103 -63.507228 63.393723 0.000000 0.000000 0.000000 -11.941861 24.184479 6.203480 -4.299619 63.340022 -9.518432 -113.442542 12.742673 -16.367182 0.000000 0.000000 0.000000 
0.012062 0.938882 -0.027319 -1.726453 -17.302626 1.518015 7.311175 0.441615 4.648846 -3.016463 0.456289 -2.221413 10.706072 20.552433 13.746825 0.000000 0.000000 0.000000 -6.575221 0.416088 1.347880 3.124693 -0.217239 -2.041497 -3.308833 -13.421777 13.916031 0.000000 0.000000 0.000000 -3.297564 0.225685 -5.416039 4.168479 -0.678919 -23.062285 3.595588 5.981551 30.592030 9.254187 -2.914780 -35.939551 0.000000 0.000000 0.000000 -20.040871 2.399300 -0.948321 -56.779707 10.474068 -13.952474 -84.040555 -64.468070 68.458348 0.000000 0.000000 0.000000 -11.120025 24.027863 6.272410 -1.928594 63.771567 -8.177661 -114.475224 13.906640 -18.085671 0.000000 0.000000 0.000000 
0.011845 0.938943 -0.028590 -1.578405 -17.022352 1.596488 7.268123 0.413247 4.277024 -3.081015 0.462280 -2.038762 10.579142 20.355014 13.711051 0.000000 0.000000 0.000000 -6.703180 0.423240 1.400281 3.198702 -0.224734 -2.416548 -3.439328 -13.635778 14.028683 0.000000 0.000000 0.000000 -3.348864 0.225858 -5.471067 4.073423 -0.648467 -23.109603 3.356900 5.859173 30.621098 9.112300 -2.840494 -35.988818 0.000000 0.000000 0.000000 -20.090051 2.316647 -0.906969 -57.894046 10.074134 -14.047824 -87.847134 -65.241466 72.999807 0.000000 0.000000 0.000000 -10.327536 23.977738 6.375282 1.816367 64.093804 -6.100186 -115.319984 15.768293 -20.863958 0.000000 0.000000 0.000000 
0.011563 0.938898 -0.029910 -1.416327 -16.630008 1.402480 7.172510 0.399485 4.150730 -3.028398 0.451543 -1.807325 10.380553 20.073465 13.577577 0.000000 0.000000 0.000000 -6.817805 0.419137 1.663185 3.248026 -0.231473 -2.601892 -3.632374 -13.910218 14.059009 0.000000 0.000000 0.000000 -3.589942 0.210854 -5.338091 4.143520 -0.685503 -22.832017 3.327953 5.960387 30.544622 9.025406 -2.731341 -36.079706 0.000000 0.000000 0.000000 -20.118745 2.238535 -0.955610 -58.915701 9.432131 -13.991032 -93.726034 -65.597804 79.176122 0.000000 0.000000 0.000000 -9.080581 23.846142 6.507362 7.089610 64.185963 -3.005849 -116.434511 17.996908 -24.188556 0.000000 0.000000 0.000000 
0.011156 0.939179 -0.031282 -1.346001 -16.287422 1.442753 7.127315 0.368912 3.737653 -2.907412 0.431359 -1.461656 10.236621 19.848478 13.569813 0.000000 0.000000 0.000000 -6.821327 0.412646 1.706585 3.279501 -0.236802 -2.826293 -3.778690 -14.155112 14.219236 0.000000 0.000000 0.000000 -3.755766 0.203184 -5.255417 4.189787 -0.697316 -22.765930 3.190288 5.883109 30.456267 8.785047 -2.655328 -35.702614 0.000000 0.000000 0.000000 -20.309911 2.238841 -0.997655 -59.704083 8.586259 -13.780863 -98.401771 -65.148627 83.584273 0.000000 0.000000 0.000000 -7.835698 23.566274 6.619093 14.443647 63.481647 1.136405 -117.549156 21.392455 -29.434024 0.000000 0.000000 0.000000 
0.010816 0.939432 -0.032623 -1.201116 -15.792286 1.056674 6.997159 0.359668 3.667706 -2.727809 0.401627 -0.985464 9.980727 19.482044 13.452745 0.000000 0.000000 0.000000 -6.884058 0.393341 2.247202 3.290074 -0.243580 -3.087049 -3.983826 -14.462315 14.364333 0.000000 0.000000 0.000000 -4.138255 0.180411 -5.008431 4.353483 -0.784061 -22.210186 3.374203 5.871360 30.330505 8.021006 -2.332524 -35.204750 0.000000 0.000000 0.000000 -20.911305 2.261538 -1.128954 -60.057849 7.322411 -13.283693 -104.107659 -64.375724 88.753136 0.000000 0.000000 0.000000 -5.680803 23.324867 6.854763 23.269296 61.827588 5.834398 -120.117638 26.199788 -37.732196 0.000000 0.000000 0.000000 
0.010437 0.939934 -0.034000 -1.133439 -15.569974 0.896884 6.941872 0.355779 3.646894 -2.613135 0.383899 -0.905856 9.848480 19.268544 13.572744 0.000000 0.000000 0.000000 -6.904110 0.382686 2.609028 3.327593 -0.248029 -3.530523 -4.033395 -14.574850 14.612961 0.000000 0.000000 0.000000 -4.625361 0.168506 -4.987584 4.574269 -0.879308 -21.705167 3.691034 5.949215 30.273306 7.134270 -1.956454 -34.627246 0.000000 0.000000 0.000000 -21.505851 2.355548 -1.277785 -60.308435 5.884149 -12.658817 -109.786666 -63.239087 93.824756 0.000000 0.000000 0.000000 -3.385598 22.730318 7.015811 32.462425 58.215474 9.752143 -123.436426 32.198866 -49.054356 0.000000 0.000000 0.000000 
0.010099 0.940607 -0.035301 -1.090050 -15.006147 0.471953 6.967400 0.360297 3.831266 -2.506060 0.365230 -0.774338 9.512887 18.772150 13.576689 0.000000 0.000000 0.000000 -6.860525 0.350537 3.215804 3.346773 -0.255404 -3.756950 -4.230472 -14.898593 14.918194 0.000000 0.000000 0.000000 -5.138782 0.147360 -4.860028 4.740598 -0.972424 -21.085974 4.039258 5.795489 30.383840 6.440763 -1.647287 -34.303650 0.000000 0.000000 0.000000 -21.923819 2.340810 -1.349910 -60.253280 4.374548 -11.963480 -115.456650 -61.703435 98.731874 0.000000 0.000000 0.000000 -0.352790 22.099544 7.235651 39.584607 52.911843 11.318943 -128.412746 39.217448 -64.356590 0.000000 0.000000 0.000000 
0.009850 0.940907 -0.036476 -1.072350 -14.939914 0.296348 7.036351 0.356112 3.710439 -2.573864 0.372547 -0.383165 9.466019 18.695223 13.614387 0.000000 0.000000 0.000000 -7.083373 0.365018 3.527933 3.788571 -0.269236 -4.089792 -4.210747 -14.892602 15.098305 0.000000 0.000000 0.000000 -5.752961 0.135671 -4.840056 5.000818 -1.077868 -20.624715 4.579762 6.145630 30.587696 5.562205 -1.181749 -34.152773 0.000000 0.000000 0.000000 -22.847535 2.622064 -1.695966 -59.532543 3.494413 -11.447989 -119.486503 -59.046785 100.391972 0.000000 0.000000 0.000000 2.665498 21.033116 7.287040 44.775033 45.802837 10.613665 -135.686382 46.019448 -82.952452 0.000000 0.000000 0.000000 
0.009685 0.941067 -0.037414 -1.114627 -14.508417 0.013029 6.972562 0.360176 3.892696 -2.224799 0.320482 -0.389281 9.246129 18.382347 13.511508 0.000000 0.000000 0.000000 -6.948041 0.331407 3.957893 3.746810 -0.272823 -4.239573 -4.379307 -15.145751 15.244984 0.000000 0.000000 0.000000 -6.221324 0.120854 -4.847457 5.104200 -1.120381 -20.408579 5.099289 6.098904 31.260183 4.924274 -0.934537 -33.447153 0.000000 0.000000 0.000000 -22.836617 2.508606 -1.678362 -59.485585 2.350039 -10.964212 -122.772537 -57.363272 102.685097 0.000000 0.000000 0.000000 5.601913 20.125591 7.330798 48.582956 38.824979 8.790550 -146.130985 51.932565 -105.718762 0.000000 0.000000 0.000000 
0.009731 0.941006 -0.038068 -1.046175 -14.185192 -0.322120 6.823199 0.368614 4.090242 -1.989479 0.285148 -0.310376 9.078321 18.151052 13.376608 0.000000 0.000000 0.000000 -6.962858 0.313151 4.572890 3.709637 -0.274057 -4.680708 -4.498383 -15.319642 15.368410 0.000000 0.000000 0.000000 -6.748237 0.104106 -4.549489 5.284473 -1.218883 -19.799059 5.632779 6.348182 31.533910 4.162117 -0.494298 -33.441725 0.000000 0.000000 0.000000 -23.645056 2.648195 -1.967866 -58.393025 1.642025 -10.488264 -125.061100 -55.411472 103.001797 0.000000 0.000000 0.000000 8.343853 19.414091 7.426163 51.411463 32.074086 6.453026 -158.687404 55.754612 -129.909860 0.000000 0.000000 0.000000 
0.009940 0.940907 -0.038500 -0.975124 -13.852561 -0.707334 6.632933 0.387860 4.459524 -1.707713 0.245880 -0.419917 8.896940 17.901606 13.238080 0.000000 0.000000 0.000000 -6.830236 0.279851 5.052832 3.376139 -0.269083 -4.756093 -4.649798 -15.526152 15.380453 0.000000 0.000000 0.000000 -7.031393 0.090582 -4.233773 5.360409 -1.251885 -19.645082 5.893214 6.479553 32.139665 3.895929 -0.381816 -32.831605 0.000000 0.000000 0.000000 -23.752220 2.562954 -2.005644 -58.094332 0.837775 -10.135550 -127.015386 -53.854209 103.719535 0.000000 0.000000 0.000000 10.384067 18.732011 7.431224 54.263762 26.731643 4.405676 -170.836682 57.009897 -151.637332 0.000000 0.000000 0.000000 
0.010342 0.940462 -0.038797 -0.787041 -13.723067 -0.863815 6.336907 0.400709 4.666886 -1.546512 0.226646 -0.653952 8.836704 17.827097 13.115013 0.000000 0.000000 0.000000 -7.081374 0.300721 5.274768 3.448525 -0.272028 -4.930239 -4.735213 -15.625694 15.298797 0.000000 0.000000 0.000000 -7.190989 0.085226 -4.113728 5.330201 -1.280115 -19.221855 5.999875 6.387939 32.216767 3.358108 -0.125839 -32.700556 0.000000 0.000000 0.000000 -24.054831 2.656880 -2.088197 -57.468086 0.552657 -9.921194 -128.289186 -53.076845 104.445351 0.000000 0.000000 0.000000 11.455333 18.400329 7.407496 57.236615 22.790252 2.855076 178.250362 56.329051 -171.466148 0.000000 0.000000 0.000000 
0.010801 0.940147 -0.039146 -0.661275 -13.574755 -1.118945 6.235870 0.422142 5.006828 -1.601489 0.237554 -0.914831 8.732361 17.687854 12.986408 0.000000 0.000000 0.000000 -7.126093 0.295701 5.564350 3.264360 -0.269328 -5.003153 -4.818020 -15.727171 15.234293 0.000000 0.000000 0.000000 -7.303658 0.079974 -3.708879 5.223334 -1.254783 -19.189726 6.092338 6.242367 32.299374 3.174253 -0.086660 -32.213710 0.000000 0.000000 0.000000 -24.122201 2.430587 -1.929021 -57.106718 -0.054224 -9.617515 -128.781239 -52.619156 104.626171 0.000000 0.000000 0.000000 12.250380 17.888436 7.250910 59.355973 20.612628 1.938000 171.829422 54.952833 176.284269 0.000000 0.000000 0.000000 
0.011376 0.939929 -0.039638 -0.594597 -13.616846 -1.311111 6.191690 0.447663 5.356602 -1.698236 0.255583 -1.243140 8.717629 17.674999 12.945883 0.000000 0.000000 0.000000 -7.321174 0.315242 5.742232 3.422676 -0.273197 -5.061212 -4.794533 -15.681234 15.193024 0.000000 0.000000 0.000000 -7.238967 0.077948 -3.456622 5.226788 -1.281669 -18.925045 5.888905 6.131293 32.226478 3.081046 -0.081633 -31.979932 0.000000 0.000000 0.000000 -24.334371 1.793227 -1.493073 -56.915201 -0.971998 -9.197770 -129.172895 -53.043535 105.814118 0.000000 0.000000 0.000000 12.817841 17.913230 7.290064 61.191890 19.600093 1.562235 168.212492 53.642350 168.913256 0.000000 0.000000 0.000000 
0.011995 0.939884 -0.040262 -0.606360 -13.789203 -1.556957 6.155679 0.478196 5.717478 -1.687645 0.257757 -1.425785 8.772830 17.764909 12.962775 0.000000 0.000000 0.000000 -7.444745 0.328951 5.941664 3.578476 -0.275893 -5.080702 -4.687869 -15.522810 15.182295 0.000000 0.000000 0.000000 -7.153789 0.075001 -3.246137 5.334408 -1.326803 -18.795887 5.674600 5.879516 32.246861 2.993003 -0.127805 -31.629444 0.000000 0.000000 0.000000 -24.681797 1.302930 -1.073918 -56.540055 -2.283450 -8.606821 -129.593990 -53.588672 107.344923 0.000000 0.000000 0.000000 13.321420 18.258978 7.420983 62.185138 19.368534 1.508293 167.498634 52.957256 167.046138 0.000000 0.000000 0.000000 
0.012599 0.940076 -0.040978 -0.570376 -13.789338 -1.586762 6.100221 0.499727 6.038519 -1.705524 0.270672 -2.053858 8.726379 17.688333 13.102706 0.000000 0.000000 0.000000 -7.587840 0.345474 5.951556 3.718585 -0.278978 -5.160160 -4.663700 -15.507999 15.298329 0.000000 0.000000 0.000000 -7.076766 0.075251 -3.149582 5.347916 -1.339567 -18.700886 5.285558 5.630479 32.068468 3.137255 -0.259322 -31.460931 0.000000 0.000000 0.000000 -24.675684 0.451116 -0.452150 -56.898021 -3.984042 -7.881971 -129.553174 -54.289828 108.423873 0.000000 0.000000 0.000000 13.552676 18.232838 7.375175 62.966253 19.436057 1.609663 167.321635 52.539175 166.375002 0.000000 0.000000 0.000000 
0.013100 0.940115 -0.041687 -0.680615 -13.767207 -1.685236 6.328466 0.516777 6.361806 -1.919838 0.304281 -2.482373 8.660825 17.594778 13.103649 0.000000 0.000000 0.000000 -7.592632 0.342496 6.057932 3.901390 -0.283806 -5.195758 -4.642289 -15.487101 15.385531 0.000000 0.000000 0.000000 -7.000664 0.074421 -2.902070 5.383411 -1.349442 -18.715775 5.007414 5.536371 31.803848 3.286696 -0.357546 -31.337180 0.000000 0.000000 0.000000 -24.526501 -0.109794 -0.069831 -57.358324 -6.142696 -6.909890 -130.023007 -54.423270 109.489119 0.000000 0.000000 0.000000 13.605135 18.068859 7.281900 63.618342 19.416499 1.661741 166.754674 52.551005 165.185430 0.000000 0.000000 0.000000 
0.013481 0.940203 -0.042411 -0.729793 -13.840133 -1.822469 6.427667 0.539227 6.687889 -2.028731 0.323699 -2.837506 8.648154 17.575727 13.171426 0.000000 0.000000 0.000000 -7.641514 0.347555 6.212880 4.045482 -0.285644 -5.302347 -4.574462 -15.400122 15.461651 0.000000 0.000000 0.000000 -6.922646 0.073503 -2.646890 5.406679 -1.346708 -18.847410 4.818628 5.497802 31.675525 3.213323 -0.347243 -31.175705 0.000000 0.000000 0.000000 -24.830903 -0.455730 0.168869 -57.634027 -8.188511 -5.961786 -131.064180 -54.245838 110.959785 0.000000 0.000000 0.000000 13.701717 17.941238 7.206154 64.023067 19.116376 1.526075 165.499433 52.878813 162.696943 0.000000 0.000000 0.000000 
0.013789 0.940152 -0.043125 -0.785771 -13.711993 -1.897164 6.576815 0.541013 6.803458 -2.167165 0.342197 -3.001117 8.559325 17.448576 13.105654 0.000000 0.000000 0.000000 -7.657242 0.344007 6.291035 4.184279 -0.290290 -5.315841 -4.621430 -15.470301 15.513297 0.000000 0.000000 0.000000 -6.938234 0.072591 -2.412820 5.309352 -1.312952 -18.922054 4.749445 5.369568 31.386116 3.105483 -0.325849 -30.820549 0.000000 0.000000 0.000000 -24.932768 -0.994954 0.513806 -58.291500 -9.889858 -5.142796 -131.795353 -54.499612 112.468756 0.000000 0.000000 0.000000 13.982221 17.880636 7.186309 64.332706 18.541025 1.248981 162.402279 53.698879 156.872612 0.000000 0.000000 0.000000 
0.014048 0.940109 -0.043850 -0.803424 -13.821778 -1.945945 6.590536 0.538714 6.711153 -2.189614 0.341881 -2.785448 8.624938 17.547917 13.076054 0.000000 0.000000 0.000000 -7.621062 0.342500 6.278849 4.125431 -0.287469 -5.318476 -4.567000 -15.391802 15.491187 0.000000 0.000000 0.000000 -6.918401 0.072815 -2.363432 5.294535 -1.285764 -19.209938 4.694252 5.552556 31.415204 3.154720 -0.328228 -30.883870 0.000000 0.000000 0.000000 -24.889111 -1.194412 0.604777 -58.886257 -11.042689 -4.574884 -132.673321 -54.462831 113.769783 0.000000 0.000000 0.000000 14.339591 17.624594 7.115704 64.436822 17.753887 0.808333 159.212387 54.440326 151.298577 0.000000 0.000000 0.000000 
0.014325 0.940127 -0.044535 -0.844828 -13.857461 -1.840361 6.599678 0.519350 6.411661 -2.158617 0.334071 -2.514798 8.678037 17.624594 13.043276 0.000000 0.000000 0.000000 -7.525683 0.334431 6.084430 4.018278 -0.284811 -5.257487 -4.556000 -15.383787 15.497540 0.000000 0.000000 0.000000 -6.814718 0.074428 -2.442168 5.127378 -1.234268 -19.286429 4.680279 5.589127 31.341114 3.015632 -0.287989 -30.448228 0.000000 0.000000 0.000000 -25.068794 -1.371755 0.706031 -59.323987 -12.158974 -4.005267 -133.049904 -54.758388 114.727372 0.000000 0.000000 0.000000 14.493657 17.489855 7.064566 64.512547 16.750031 0.247497 155.714662 54.738493 144.981367 0.000000 0.000000 0.000000 
0.014598 0.940126 -0.045129 -0.831970 -14.025313 -1.832208 6.549544 0.510056 6.174201 -2.149254 0.328101 -2.133929 8.790424 17.790283 13.035588 0.000000 0.000000 0.000000 -7.369095 0.322479 5.861095 3.672165 -0.276097 -5.012341 -4.500311 -15.297159 15.387914 0.000000 0.000000 0.000000 -6.750981 0.076648 -2.321238 4.971848 -1.183105 -19.431459 4.680539 5.887423 31.273842 3.033063 -0.281095 -30.241341 0.000000 0.000000 0.000000 -24.998724 -1.490783 0.712180 -59.500296 -12.690839 -3.708713 -133.430360 -54.654694 115.055931 0.000000 0.000000 0.000000 14.553776 17.080427 6.911673 64.714077 16.063157 -0.129456 153.471926 54.896549 141.208190 0.000000 0.000000 0.000000 
0.014861 0.940085 -0.045621 -0.867910 -14.068599 -1.689803 6.484512 0.495090 5.935362 -2.005397 0.308488 -2.019819 8.851881 17.879679 13.025788 0.000000 0.000000 0.000000 -7.248088 0.313139 5.635859 3.504059 -0.271336 -4.950133 -4.492644 -15.291233 15.373368 0.000000 0.000000 0.000000 -6.641610 0.079500 -2.334541 4.821457 -1.131056 -19.571381 4.696227 5.983682 31.250857 3.014215 -0.281150 -29.973365 0.000000 0.000000 0.000000 -24.915400 -1.625437 0.773429 -59.523648 -13.350030 -3.358197 -133.536070 -54.837925 115.389654 0.000000 0.000000 0.000000 14.525353 16.882042 6.829538 64.896304 15.593974 -0.387015 152.075129 54.998358 138.872847 0.000000 0.000000 0.000000 
0.015146 0.940009 -0.046037 -0.840482 -14.131256 -1.565648 6.418748 0.476628 5.624541 -1.987710 0.302627 -1.756960 8.920842 17.980416 12.995072 0.000000 0.000000 0.000000 -7.058555 0.297639 5.370550 3.083498 -0.259452 -4.807115 -4.493057 -15.290209 15.296272 0.000000 0.000000 0.000000 -6.674357 0.082703 -2.415278 4.701219 -1.096393 -19.601861 4.835005 5.916248 31.249988 2.841997 -0.217102 -29.837173 0.000000 0.000000 0.000000 -24.961328 -1.529943 0.748258 -59.367737 -13.411515 -3.329157 -132.839492 -54.650701 114.215054 0.000000 0.000000 0.000000 14.527633 16.709711 6.722515 64.852046 15.056198 -0.700421 151.823552 54.532859 137.875806 0.000000 0.000000 0.000000 
0.015435 0.939954 -0.046399 -0.800401 -14.380800 -1.442159 6.331485 0.477097 5.554685 -1.994450 0.305841 -1.857105 9.054778 18.171684 13.091428 0.000000 0.000000 0.000000 -7.081325 0.309699 5.276577 2.990164 -0.254244 -5.038137 -4.372221 -15.127211 15.304567 0.000000 0.000000 0.000000 -6.670599 0.086354 -2.596923 4.705438 -1.101679 -19.580046 4.870876 6.077465 31.329759 2.736964 -0.178873 -29.606804 0.000000 0.000000 0.000000 -24.715313 -1.480660 0.718624 -59.133779 -13.559086 -3.248528 -131.885167 -54.380351 112.497128 0.000000 0.000000 0.000000 14.738868 16.731355 6.748490 64.722417 14.778290 -0.859198 151.535223 54.200420 137.039348 0.000000 0.000000 0.000000 
0.015764 0.939922 -0.046742 -0.784158 -14.656371 -1.341367 6.296427 0.480879 5.535065 -2.055441 0.316445 -1.981402 9.192208 18.368241 13.192428 0.000000 0.000000 0.000000 -7.167298 0.329939 5.095016 3.047036 -0.252360 -5.065412 -4.245618 -14.947270 15.271254 0.000000 0.000000 0.000000 -6.696081 0.090914 -2.610315 4.792486 -1.120450 -19.667603 4.980826 6.236313 31.490156 2.776437 -0.216532 -29.442375 0.000000 0.000000 0.000000 -24.392170 -1.504541 0.741248 -58.735047 -13.518506 -3.273939 -130.406175 -53.940040 109.830113 0.000000 0.000000 0.000000 14.707708 16.638195 6.700882 64.794207 14.553901 -1.003116 150.639456 53.948397 135.241768 0.000000 0.000000 0.000000 
0.016123 0.939882 -0.047077 -0.722945 -14.634082 -1.201511 6.303005 0.469163 5.392303 -2.219037 0.338503 -2.085941 9.180558 18.346104 13.196640 0.000000 0.000000 0.000000 -7.158909 0.331418 4.997064 2.890458 -0.248613 -5.236237 -4.260823 -14.983362 15.324013 0.000000 0.000000 0.000000 -6.732398 0.093277 -2.786801 4.797773 -1.134662 -19.497727 5.000148 6.319541 31.368944 2.652612 -0.153057 -29.134894 0.000000 0.000000 0.000000 -24.084512 -1.431991 0.655350 -58.496003 -13.366421 -3.319565 -129.117260 -53.414035 107.241050 0.000000 0.000000 0.000000 14.670279 16.622808 6.712920 64.882466 13.940627 -1.331956 149.470018 53.553727 132.850636 0.000000 0.000000 0.000000 
0.016540 0.939795 -0.047395 -0.670009 -14.491297 -1.245229 6.309408 0.472200 5.483992 -2.336564 0.355201 -2.282731 9.089440 18.215772 13.139175 0.000000 0.000000 0.000000 -7.292070 0.340992 5.101661 3.010644 -0.253046 -5.363193 -4.321575 -15.076613 15.385641 0.000000 0.000000 0.000000 -6.938987 0.093779 -2.545383 4.986136 -1.168276 -19.660403 5.141896 6.286649 31.450172 2.631752 -0.129329 -29.185472 0.000000 0.000000 0.000000 -23.940873 -1.485628 0.667052 -58.113259 -12.924293 -3.540489 -128.070744 -52.613593 104.703036 0.000000 0.000000 0.000000 14.682568 16.551441 6.694833 64.497815 13.299829 -1.711082 147.402202 53.132044 128.811545 0.000000 0.000000 0.000000 
0.016962 0.939769 -0.047726 -0.572425 -14.511179 -1.278801 6.097307 0.478265 5.530540 -2.192545 0.338846 -2.392109 9.106503 18.240042 13.173600 0.000000 0.000000 0.000000 -7.666726 0.384157 5.110456 3.456350 -0.261847 -5.421368 -4.308276 -15.058632 15.417373 0.000000 0.000000 0.000000 -6.964456 0.094112 -2.505614 4.978446 -1.164824 -19.683467 5.353106 6.379398 31.564952 2.542312 -0.053796 -29.370779 0.000000 0.000000 0.000000 -23.884666 -1.486283 0.643044 -57.875692 -12.557031 -3.724643 -126.892345 -52.135828 102.405079 0.000000 0.000000 0.000000 14.427872 16.316478 6.584380 64.494908 12.460303 -2.204949 144.908123 52.371833 123.784713 0.000000 0.000000 0.000000 
0.017395 0.939685 -0.048095 -0.557486 -14.212073 -1.215820 6.039206 0.468341 5.485296 -2.102605 0.329573 -2.593579 8.967884 18.038859 13.081799 0.000000 0.000000 0.000000 -7.765402 0.387726 5.178105 3.611716 -0.267292 -5.621740 -4.441089 -15.264232 15.549448 0.000000 0.000000 0.000000 -7.002918 0.094160 -2.435851 5.099831 -1.184415 -19.769196 5.403439 6.331691 31.596150 2.513627 -0.024228 -29.253271 0.000000 0.000000 0.000000 -23.866716 -1.329823 0.497338 -57.757760 -12.268983 -3.857427 -125.914126 -51.601556 100.278648 0.000000 0.000000 0.000000 14.410654 16.172413 6.549012 64.149664 11.907517 -2.517166 142.964297 52.012940 120.180193 0.000000 0.000000 0.000000 
0.017810 0.939707 -0.048525 -0.439589 -14.051197 -1.187886 5.948453 0.458209 5.372765 -2.174431 0.337970 -2.618782 8.887488 17.917593 13.059959 0.000000 0.000000 0.000000 -8.067695 0.418513 5.209180 3.918969 -0.273493 -5.795551 -4.509548 -15.376714 15.666846 0.000000 0.000000 0.000000 -6.986166 0.095341 -2.284776 5.051683 -1.162806 -19.847040 5.463196 6.500586 31.516945 2.618777 -0.024594 -29.387551 0.000000 0.000000 0.000000 -23.888541 -1.262124 0.362205 -57.631419 -12.145852 -3.899096 -124.909970 -51.146091 98.141471 0.000000 0.000000 0.000000 14.494457 15.648095 6.365888 63.799564 11.498714 -2.741739 141.670858 51.457441 117.573312 0.000000 0.000000 0.000000 
0.018197 0.939636 -0.049035 -0.441648 -13.703721 -1.219153 5.919799 0.454451 5.419596 -2.081205 0.328672 -2.820754 8.714288 17.667615 12.951372 0.000000 0.000000 0.000000 -8.120829 0.413514 5.294416 4.038781 -0.280047 -5.829014 -4.669565 -15.609584 15.758927 0.000000 0.000000 0.000000 -6.976237 0.094259 -2.017428 5.097427 -1.161850 -19.941870 5.355351 6.418154 31.392824 2.732349 -0.059521 -29.430146 0.000000 0.000000 0.000000 -23.927587 -1.195843 0.268926 -57.541655 -12.186801 -3.860776 -124.361367 -50.945983 97.018465 0.000000 0.000000 0.000000 14.400327 15.300827 6.222665 63.552487 11.109523 -2.951179 141.518928 51.075458 116.922517 0.000000 0.000000 0.000000 
0.018544 0.939729 -0.049626 -0.421591 -13.385864 -1.322790 5.799325 0.458631 5.538205 -1.865977 0.306158 -3.021212 8.552188 17.429549 12.917537 0.000000 0.000000 0.000000 -8.122382 0.402269 5.437372 4.025419 -0.284148 -5.853029 -4.806561 -15.814180 15.870757 0.000000 0.000000 0.000000 -7.061744 0.093957 -1.691888 5.168488 -1.170373 -20.014244 5.243373 6.185567 31.241265 2.807826 -0.079193 -29.760102 0.000000 0.000000 0.000000 -24.211005 -1.217471 0.281587 -57.413379 -11.986858 -3.956314 -124.396815 -50.763911 96.807299 0.000000 0.000000 0.000000 14.379988 15.143616 6.136332 63.110511 11.006829 -2.998158 142.508622 51.092719 118.461343 0.000000 0.000000 0.000000 
0.018872 0.939753 -0.050318 -0.463993 -13.360885 -1.317066 5.767780 0.454688 5.479740 -1.746872 0.292139 -3.006384 8.553870 17.432737 12.906524 0.000000 0.000000 0.000000 -8.080245 0.396565 5.376610 4.016100 -0.284731 -5.816555 -4.812507 -15.829214 15.904382 0.000000 0.000000 0.000000 -6.936892 0.092569 -1.657421 5.115143 -1.167234 -19.894258 5.138737 6.061418 31.135758 2.778600 -0.071031 -29.878889 0.000000 0.000000 0.000000 -24.396633 -1.201229 0.300830 -57.409443 -12.013670 -3.949372 -124.762773 -50.905743 97.533977 0.000000 0.000000 0.000000 14.196694 14.869416 5.968819 62.968947 11.151756 -2.925320 144.303965 50.986508 121.242941 0.000000 0.000000 0.000000 
0.019193 0.939836 -0.051090 -0.558790 -13.472965 -1.301116 5.683116 0.459768 5.506979 -1.458060 0.261755 -3.105711 8.627174 17.539244 12.978493 0.000000 0.000000 0.000000 -7.937011 0.383650 5.283896 3.909284 -0.281714 -5.777817 -4.746080 -15.745683 15.931480 0.000000 0.000000 0.000000 -6.795962 0.093528 -1.496809 5.165220 -1.180081 -19.926029 5.013773 5.908440 31.184510 2.746637 -0.082147 -30.009926 0.000000 0.000000 0.000000 -24.563930 -1.237479 0.401443 -57.537157 -12.144030 -3.915937 -125.422196 -51.123803 98.894296 0.000000 0.000000 0.000000 14.173217 14.653723 5.816895 62.917936 11.565894 -2.723265 145.907231 50.983282 123.826715 0.000000 0.000000 0.000000 
0.019447 0.940034 -0.051949 -0.637534 -13.692099 -1.259714 5.651565 0.468557 5.574383 -1.304465 0.249821 -3.306626 8.732691 17.685908 13.144976 0.000000 0.000000 0.000000 -7.785153 0.373038 5.257157 3.753117 -0.274492 -5.961572 -4.611646 -15.579199 16.026266 0.000000 0.000000 0.000000 -6.609939 0.092989 -1.519914 5.139757 -1.193896 -19.734143 4.838039 5.797185 31.165381 2.837688 -0.168199 -30.048129 0.000000 0.000000 0.000000 -24.743153 -1.272529 0.508051 -57.622856 -12.357900 -3.835938 -126.499397 -51.435413 100.951002 0.000000 0.000000 0.000000 14.223267 14.601062 5.741219 63.005603 12.061811 -2.466575 148.207692 51.159029 127.898427 0.000000 0.000000 0.000000 
0.019669 0.940210 -0.052869 -0.766907 -13.667406 -1.086812 5.738854 0.457408 5.476734 -1.218390 0.246002 -3.533090 8.725175 17.666024 13.230057 0.000000 0.000000 0.000000 -7.455733 0.338344 5.087251 3.417616 -0.268485 -6.040657 -4.607949 -15.600853 16.144072 0.000000 0.000000 0.000000 -6.393736 0.093153 -1.546764 5.146199 -1.203870 -19.620810 4.528313 5.397213 31.029569 2.810796 -0.230522 -29.865716 0.000000 0.000000 0.000000 -24.816916 -1.355995 0.685039 -57.685759 -12.454972 -3.803981 -127.745585 -51.453175 102.951076 0.000000 0.000000 0.000000 14.366259 14.741828 5.731655 63.022542 12.565576 -2.188302 150.154408 51.189910 131.090136 0.000000 0.000000 0.000000 
0.019959 0.940549 -0.053902 -0.794358 -13.733947 -0.956014 5.705240 0.457977 5.486898 -1.134073 0.247158 -3.903466 8.741901 17.672761 13.449870 0.000000 0.000000 0.000000 -7.304649 0.327480 4.843338 3.189588 -0.263674 -6.001038 -4.563546 -15.566270 16.244605 0.000000 0.000000 0.000000 -6.309799 0.095365 -1.524146 5.177176 -1.212941 -19.614257 4.370772 5.024886 30.977277 2.728275 -0.240167 -30.047653 0.000000 0.000000 0.000000 -24.986352 -1.587293 0.973210 -57.697371 -12.514334 -3.805156 -128.774517 -51.604362 104.881135 0.000000 0.000000 0.000000 14.456332 14.951242 5.745406 63.284262 12.940437 -1.986655 151.409724 51.234381 133.098892 0.000000 0.000000 0.000000 
0.020370 0.940907 -0.055009 -0.821777 -13.851583 -0.845790 5.693485 0.453334 5.403854 -1.109484 0.249228 -4.062166 8.792554 17.730470 13.639902 0.000000 0.000000 0.000000 -7.169490 0.318847 4.683573 2.971431 -0.258133 -6.102101 -4.480410 -15.484415 16.389712 0.000000 0.000000 0.000000 -6.166948 0.096629 -1.459788 5.164964 -1.214238 -19.572757 4.142562 4.807154 30.836693 2.534479 -0.182006 -30.047663 0.000000 0.000000 0.000000 -25.151670 -1.657443 1.110970 -57.507134 -12.275168 -3.931419 -129.851649 -51.604295 106.540644 0.000000 0.000000 0.000000 14.591756 15.102739 5.755105 63.441945 12.819102 -2.042466 152.049657 50.851562 133.606344 0.000000 0.000000 0.000000 
0.020817 0.941190 -0.056038 -0.817967 -13.919752 -0.693145 5.723833 0.445043 5.298569 -1.216550 0.266726 -4.285597 8.811428 17.740998 13.804832 0.000000 0.000000 0.000000 -7.134870 0.321652 4.469026 2.875116 -0.255295 -6.177511 -4.431011 -15.447073 16.521470 0.000000 0.000000 0.000000 -6.038630 0.098322 -1.484235 5.097683 -1.202074 -19.510951 4.136091 4.717252 30.792463 2.366319 -0.112771 -30.081789 0.000000 0.000000 0.000000 -25.289929 -1.682991 1.163970 -57.370048 -11.936367 -4.097764 -130.407838 -51.170787 106.830591 0.000000 0.000000 0.000000 14.709643 15.081865 5.720811 63.337996 12.720534 -2.095467 152.140281 50.993506 133.770794 0.000000 0.000000 0.000000 
0.021224 0.941312 -0.056834 -0.780010 -13.957983 -0.656097 5.792916 0.447595 5.348669 -1.445359 0.297568 -4.554582 8.796260 17.709019 13.905047 0.000000 0.000000 0.000000 -7.169881 0.328275 4.365587 2.837676 -0.254044 -6.201070 -4.405940 -15.427222 16.580339 0.000000 0.000000 0.000000 -5.923363 0.097747 -1.479320 5.151945 -1.225854 -19.408720 4.039659 4.795196 30.886723 2.152587 0.007260 -30.086230 0.000000 0.000000 0.000000 -25.387496 -1.691579 1.160814 -57.342557 -11.644368 -4.259919 -130.239644 -50.783110 106.109071 0.000000 0.000000 0.000000 14.815693 15.193274 5.793750 63.655437 12.257406 -2.360577 150.840458 51.171347 131.663104 0.000000 0.000000 0.000000 
0.021511 0.941394 -0.057387 -0.651602 -13.872400 -0.690715 5.721935 0.451246 5.404700 -1.566473 0.314751 -4.747619 8.725327 17.599815 13.967031 0.000000 0.000000 0.000000 -7.195035 0.329687 4.301707 2.631210 -0.251278 -6.119775 -4.458925 -15.504321 16.582889 0.000000 0.000000 0.000000 -6.037148 0.098469 -1.429649 5.221770 -1.264847 -19.159319 3.993005 5.014136 30.775939 2.109188 0.077615 -30.078789 0.000000 0.000000 0.000000 -25.367455 -1.665729 1.042166 -57.368953 -11.240071 -4.425461 -129.493042 -50.237512 104.134081 0.000000 0.000000 0.000000 15.148115 15.146701 5.846246 63.872642 11.663729 -2.659726 148.969266 51.489402 128.840694 0.000000 0.000000 0.000000 
0.021666 0.941352 -0.057733 -0.599679 -13.919773 -0.676616 5.721748 0.467074 5.629913 -1.682072 0.339170 -5.226803 8.707345 17.566568 14.081625 0.000000 0.000000 0.000000 -7.164051 0.328187 4.292171 2.462142 -0.247810 -6.215459 -4.438294 -15.480055 16.585271 0.000000 0.000000 0.000000 -5.952699 0.097906 -1.399952 5.162396 -1.261965 -19.018495 3.976178 5.271630 30.784714 2.036217 0.159282 -30.148032 0.000000 0.000000 0.000000 -25.514916 -1.594116 0.916652 -56.998411 -10.887059 -4.582757 -128.663093 -49.481758 101.778503 0.000000 0.000000 0.000000 15.296698 15.227226 5.945137 64.239666 11.277046 -2.867757 147.667350 51.661186 126.971274 0.000000 0.000000 0.000000 
0.021765 0.941397 -0.057899 -0.573704 -14.088436 -0.778505 5.671081 0.484932 5.804196 -1.674128 0.341604 -5.316936 8.772692 17.658432 14.163478 0.000000 0.000000 0.000000 -7.186882 0.333632 4.267759 2.423467 -0.245130 -6.066839 -4.359275 -15.362915 16.512651 0.000000 0.000000 0.000000 -5.870188 0.095780 -1.322573 5.279377 -1.304803 -18.936284 3.932459 5.477740 30.786994 1.976091 0.185643 -29.814160 0.000000 0.000000 0.000000 -25.550133 -1.317473 0.711147 -56.897418 -10.561143 -4.733501 -127.482651 -48.727442 99.090404 0.000000 0.000000 0.000000 15.089864 15.241026 5.962922 64.870135 11.075682 -2.992805 146.534192 51.616753 125.109287 0.000000 0.000000 0.000000 
0.021894 0.941387 -0.057837 -0.522554 -14.349139 -0.884080 5.678835 0.502535 5.956795 -1.842611 0.358739 -5.316798 8.878600 17.809564 14.225312 0.000000 0.000000 0.000000 -7.239609 0.343487 4.332428 2.368874 -0.241648 -6.091495 -4.229501 -15.177278 16.451627 0.000000 0.000000 0.000000 -5.747292 0.093318 -1.254363 5.391925 -1.342256 -18.916480 3.885534 5.728001 30.728042 2.094517 0.137735 -29.814185 0.000000 0.000000 0.000000 -25.706578 -1.141697 0.565867 -56.583922 -9.971032 -4.996326 -126.604096 -48.013836 96.805959 0.000000 0.000000 0.000000 15.061376 15.238831 5.973286 65.206899 10.973795 -3.047592 145.996320 51.378066 123.999837 0.000000 0.000000 0.000000 
0.022019 0.941279 -0.057678 -0.412750 -14.567603 -0.927206 5.563176 0.526688 6.192917 -1.902799 0.373477 -5.619548 8.957290 17.918120 14.340904 0.000000 0.000000 0.000000 -7.384638 0.364446 4.324838 2.371538 -0.239405 -6.112184 -4.137009 -15.037630 16.364968 0.000000 0.000000 0.000000 -5.624610 0.091899 -1.418239 5.342744 -1.341117 -18.820287 3.883943 5.702497 30.846089 1.890800 0.223620 -29.894826 0.000000 0.000000 0.000000 -25.897554 -0.859734 0.449991 -56.414602 -9.469372 -5.254045 -125.869227 -47.516642 95.253304 0.000000 0.000000 0.000000 14.753301 15.398092 5.997140 65.614312 10.954636 -3.089910 146.085437 51.193008 123.872114 0.000000 0.000000 0.000000 
0.022198 0.941296 -0.057546 -0.368810 -14.547591 -1.101191 5.547215 0.557494 6.585603 -1.967319 0.389758 -5.993698 8.893834 17.826514 14.401552 0.000000 0.000000 0.000000 -7.509357 0.373228 4.586793 2.487951 -0.241729 -6.245144 -4.128258 -15.026499 16.407072 0.000000 0.000000 0.000000 -5.545324 0.087556 -1.416214 5.411360 -1.367389 -18.756151 3.914589 5.617944 30.896900 1.810370 0.241425 -29.744364 0.000000 0.000000 0.000000 -26.034753 -0.656555 0.353445 -56.417202 -8.875585 -5.550126 -125.786521 -47.074424 94.621472 0.000000 0.000000 0.000000 14.580380 15.302584 5.925033 65.897532 10.687157 -3.267383 145.522239 50.852380 122.474151 0.000000 0.000000 0.000000 
0.022368 0.941084 -0.057654 -0.376041 -14.365837 -1.206641 5.639105 0.558611 6.664653 -2.092372 0.400485 -5.994795 8.791951 17.692488 14.251360 0.000000 0.000000 0.000000 -7.589497 0.374278 4.727163 2.649208 -0.246446 -6.235244 -4.219554 -15.140935 16.390515 0.000000 0.000000 0.000000 -5.422403 0.082905 -1.393954 5.504482 -1.390353 -18.761697 3.845716 5.389428 30.966797 1.814577 0.222234 -29.821148 0.000000 0.000000 0.000000 -26.178125 -0.571399 0.340217 -56.375960 -8.543958 -5.724147 -126.106476 -46.916199 94.910996 0.000000 0.000000 0.000000 14.499582 15.357245 5.923635 65.842285 10.239381 -3.543800 145.036301 50.415765 121.020139 0.000000 0.000000 0.000000 
0.022520 0.940874 -0.058004 -0.361561 -14.386113 -1.236965 5.565397 0.557478 6.609088 -1.999934 0.389218 -5.880810 8.824977 17.746698 14.174024 0.000000 0.000000 0.000000 -7.761459 0.394287 4.585355 2.918620 -0.250916 -5.980975 -4.234899 -15.141109 16.268457 0.000000 0.000000 0.000000 -5.248508 0.080335 -1.329461 5.273253 -1.328390 -18.770867 3.990432 5.309740 30.892301 1.572295 0.344713 -29.945722 0.000000 0.000000 0.000000 -26.150394 -0.607318 0.398739 -56.582466 -8.601227 -5.704084 -126.542632 -47.109574 95.862567 0.000000 0.000000 0.000000 14.108939 15.232215 5.822135 65.951061 9.585829 -3.934453 143.722211 49.912055 118.024488 0.000000 0.000000 0.000000 
0.022632 0.940694 -0.058537 -0.341794 -14.182378 -1.364701 5.531211 0.546073 6.471796 -1.932953 0.372874 -5.524258 8.753520 17.656480 13.977097 0.000000 0.000000 0.000000 -7.837787 0.395017 4.610006 3.042578 -0.256154 -5.771349 -4.349316 -15.283212 16.197276 0.000000 0.000000 0.000000 -5.216637 0.076155 -1.101135 5.278143 -1.319325 -18.869823 3.999413 5.236147 30.796294 1.449036 0.422866 -30.000281 0.000000 0.000000 0.000000 -26.092311 -0.456698 0.285573 -56.887494 -8.978861 -5.527045 -127.188771 -47.239525 96.956487 0.000000 0.000000 0.000000 14.150726 15.132593 5.783302 65.808357 8.826699 -4.353967 141.902040 49.662122 114.597487 0.000000 0.000000 0.000000 
0.022746 0.940590 -0.059160 -0.343620 -13.886004 -1.315934 5.495110 0.528302 6.312717 -1.814167 0.359939 -5.505072 8.629319 17.479841 13.871544 0.000000 0.000000 0.000000 -7.893725 0.394419 4.473489 3.187963 -0.262752 -5.586037 -4.511157 -15.504749 16.195923 0.000000 0.000000 0.000000 -5.115697 0.073842 -0.957949 5.150297 -1.261769 -19.079529 4.083150 5.081313 30.780911 1.176950 0.598234 -30.415318 0.000000 0.000000 0.000000 -26.088776 -0.708850 0.438146 -57.560247 -9.506934 -5.295297 -127.358618 -47.746106 97.961125 0.000000 0.000000 0.000000 14.161980 14.939446 5.700071 65.767461 7.939721 -4.858324 139.840592 49.159049 110.533170 0.000000 0.000000 0.000000 
0.022893 0.940603 -0.059760 -0.361729 -13.733529 -1.298018 5.534490 0.518816 6.240177 -1.825493 0.360957 -5.524222 8.555228 17.372056 13.836491 0.000000 0.000000 0.000000 -7.871580 0.388377 4.497359 3.202842 -0.264352 -5.672537 -4.576558 -15.606011 16.274743 0.000000 0.000000 0.000000 -5.080020 0.072870 -0.872892 5.081972 -1.226487 -19.243180 4.046401 5.057090 30.773426 0.905635 0.767281 -30.653174 0.000000 0.000000 0.000000 -26.129447 -0.747657 0.445136 -57.948637 -10.504163 -4.822797 -127.641975 -48.729020 99.702823 0.000000 0.000000 0.000000 13.991685 14.742367 5.613812 66.036033 7.498578 -5.128891 138.497220 49.149465 108.425117 0.000000 0.000000 0.000000 
0.023148 0.940483 -0.060289 -0.498516 -13.675507 -1.112657 5.646956 0.511632 6.236105 -1.777987 0.366497 -5.900804 8.527904 17.330346 13.853118 0.000000 0.000000 0.000000 -7.905780 0.393395 4.342975 3.521346 -0.271010 -5.745083 -4.598250 -15.646976 16.351664 0.000000 0.000000 0.000000 -4.982329 0.074466 -0.951062 5.059202 -1.209556 -19.334046 4.125570 5.023168 30.718824 0.920304 0.773669 -30.815274 0.000000 0.000000 0.000000 -25.970014 -0.873008 0.518084 -58.849959 -11.801269 -4.170308 -128.052815 -49.804585 101.792219 0.000000 0.000000 0.000000 13.848008 14.407092 5.451426 66.073118 7.344887 -5.221201 137.719294 49.194861 107.233796 0.000000 0.000000 0.000000 
0.023567 0.940521 -0.060630 -0.581088 -13.730406 -0.924262 5.661433 0.500941 6.113548 -1.705591 0.364220 -6.046899 8.571908 17.388212 13.905131 0.000000 0.000000 0.000000 -7.894616 0.398136 4.105450 3.616605 -0.271986 -5.724463 -4.568083 -15.621045 16.413837 0.000000 0.000000 0.000000 -4.892557 0.077249 -1.063814 5.117266 -1.208608 -19.516989 4.032733 4.930666 30.719413 0.878384 0.781164 -30.941835 0.000000 0.000000 0.000000 -26.204355 -1.007425 0.655339 -59.358972 -13.041605 -3.562391 -128.664321 -50.828512 104.167673 0.000000 0.000000 0.000000 13.696249 14.280209 5.360141 66.188488 7.449502 -5.183899 138.175662 49.290975 107.985993 0.000000 0.000000 0.000000 
0.024118 0.940276 -0.060679 -0.622550 -14.034227 -0.635584 5.580514 0.493642 5.955019 -1.613974 0.362586 -6.230974 8.757849 17.653136 13.966309 0.000000 0.000000 0.000000 -7.971748 0.421800 3.621508 3.735667 -0.271234 -5.538283 -4.454505 -15.459730 16.306072 0.000000 0.000000 0.000000 -4.812093 0.084477 -1.398530 5.164914 -1.225261 -19.489352 3.942318 5.002946 30.561452 0.999137 0.705442 -30.986274 0.000000 0.000000 0.000000 -26.149024 -1.127930 0.766164 -60.076693 -14.487797 -2.779416 -130.111936 -51.986709 107.829411 0.000000 0.000000 0.000000 13.572556 14.085628 5.236893 66.315090 7.760095 -5.009704 138.682269 49.507115 108.949658 0.000000 0.000000 0.000000 
0.024671 0.940120 -0.060279 -0.578382 -14.083564 -0.402815 5.432141 0.493384 5.943978 -1.531199 0.368660 -6.641262 8.788453 17.690847 14.041123 0.000000 0.000000 0.000000 -8.069391 0.439063 3.335642 3.745833 -0.270695 -5.492669 -4.456019 -15.466267 16.285237 0.000000 0.000000 0.000000 -4.887702 0.091872 -1.719640 5.318802 -1.268141 -19.443275 3.772525 4.883197 30.473766 0.888769 0.740679 -31.019341 0.000000 0.000000 0.000000 -26.167508 -1.256233 0.901938 -60.917194 -15.871937 -2.011063 -131.391241 -53.111808 111.269456 0.000000 0.000000 0.000000 13.416611 14.052922 5.185114 66.258825 7.907197 -4.926852 140.098108 49.750762 111.377051 0.000000 0.000000 0.000000 
0.025100 0.939906 -0.059437 -0.586287 -14.160851 -0.245214 5.338188 0.499771 6.018517 -1.443121 0.372649 -6.967711 8.832875 17.755744 14.060243 0.000000 0.000000 0.000000 -8.174148 0.455317 3.154706 3.864745 -0.272280 -5.418770 -4.439438 -15.437607 16.234968 0.000000 0.000000 0.000000 -4.928820 0.096583 -1.898538 5.472111 -1.293002 -19.608196 3.593001 4.838279 30.468738 0.816078 0.744103 -30.705884 0.000000 0.000000 0.000000 -26.047702 -1.263410 0.940208 -61.602868 -17.067537 -1.317245 -132.689457 -53.927498 114.295456 0.000000 0.000000 0.000000 13.182664 13.793346 5.039422 66.451646 7.779252 -5.032146 140.852252 49.676106 112.446009 0.000000 0.000000 0.000000 
0.025296 0.939523 -0.058261 -0.594172 -14.409706 -0.170837 5.237510 0.520649 6.220997 -1.351516 0.376667 -7.257465 8.960256 17.945964 14.066796 0.000000 0.000000 0.000000 -8.100254 0.455929 3.106438 3.657200 -0.264830 -5.433317 -4.344553 -15.284582 16.079519 0.000000 0.000000 0.000000 -4.912378 0.101568 -2.217368 5.493696 -1.312170 -19.487846 3.460505 4.809533 30.360539 0.841240 0.681979 -30.376236 0.000000 0.000000 0.000000 -25.999835 -1.212148 0.967941 -62.042369 -17.856403 -0.841475 -134.464445 -54.751469 118.020556 0.000000 0.000000 0.000000 13.062597 13.781960 4.990638 66.493898 7.714110 -5.080529 141.608160 49.812089 113.666468 0.000000 0.000000 0.000000 
0.025319 0.939108 -0.056991 -0.559317 -14.530775 -0.080902 5.265170 0.538128 6.451435 -1.530281 0.405721 -7.670567 8.993957 17.998962 14.058464 0.000000 0.000000 0.000000 -8.079179 0.458864 3.058172 3.495310 -0.260013 -5.435402 -4.322545 -15.227749 15.916989 0.000000 0.000000 0.000000 -4.991920 0.106022 -2.420273 5.667408 -1.330955 -19.775585 3.347048 4.807548 30.626442 1.059350 0.546314 -30.341389 0.000000 0.000000 0.000000 -25.965870 -1.028974 0.892697 -62.310850 -18.443577 -0.516809 -134.914513 -55.139348 119.283780 0.000000 0.000000 0.000000 12.799345 13.803772 4.982907 66.625631 7.737523 -5.119044 142.250837 49.772617 114.691904 0.000000 0.000000 0.000000 
0.025306 0.938885 -0.055878 -0.629953 -14.728575 -0.045972 5.391848 0.554859 6.671519 -1.687161 0.426469 -7.899046 9.071134 18.116109 14.056574 0.000000 0.000000 0.000000 -8.095306 0.465739 3.038546 3.600452 -0.260082 -5.378829 -4.237410 -15.091104 15.814287 0.000000 0.000000 0.000000 -5.010039 0.109646 -2.631445 5.722724 -1.349947 -19.748594 3.356265 4.737492 30.668633 1.295696 0.395394 -30.434126 0.000000 0.000000 0.000000 -25.928498 -0.833405 0.837043 -62.382810 -18.351664 -0.567517 -135.240631 -55.041841 119.823280 0.000000 0.000000 0.000000 12.671961 13.873422 4.973837 66.648743 7.722765 -5.149190 142.718725 49.531846 114.999153 0.000000 0.000000 0.000000 
0.025404 0.938622 -0.055072 -0.655656 -15.088583 -0.034660 5.440555 0.567443 6.753455 -1.826961 0.436850 -7.845079 9.252767 18.388909 14.029810 0.000000 0.000000 0.000000 -8.197863 0.484869 3.142260 3.750040 -0.256300 -5.619055 -4.060380 -14.832685 15.757209 0.000000 0.000000 0.000000 -5.017689 0.112077 -2.657007 5.788290 -1.377350 -19.692443 3.338811 4.898386 30.679071 1.536280 0.281896 -30.768978 0.000000 0.000000 0.000000 -25.777598 -0.683468 0.760811 -61.966892 -18.321654 -0.613428 -135.627694 -55.371585 120.729244 0.000000 0.000000 0.000000 12.902078 14.053094 5.048296 65.988035 7.937666 -4.979768 143.832684 49.433928 116.635784 0.000000 0.000000 0.000000 
0.025602 0.938503 -0.054595 -0.706730 -15.265551 -0.079133 5.556828 0.576661 6.856527 -2.003485 0.449887 -7.805662 9.330090 18.511122 13.981482 0.000000 0.000000 0.000000 -8.302895 0.499238 3.205410 3.974299 -0.257085 -5.637775 -3.969379 -14.696378 15.729705 0.000000 0.000000 0.000000 -4.894332 0.108907 -2.409957 5.817798 -1.376642 -19.809387 3.386614 5.090256 30.867601 1.649352 0.253289 -31.042187 0.000000 0.000000 0.000000 -25.521144 -0.660148 0.725629 -61.799348 -17.930881 -0.847978 -135.208848 -54.951974 119.601149 0.000000 0.000000 0.000000 12.661169 13.886472 4.985211 65.490899 8.274236 -4.790041 144.738413 49.375002 118.195325 0.000000 0.000000 0.000000 
0.025863 0.938537 -0.054263 -0.718564 -15.198473 -0.093910 5.575367 0.570995 6.802152 -2.039611 0.447705 -7.664667 9.305498 18.481588 13.903762 0.000000 0.000000 0.000000 -8.290764 0.495923 3.239131 3.943351 -0.257726 -5.608269 -3.995661 -14.737685 15.759266 0.000000 0.000000 0.000000 -4.869287 0.107177 -2.318817 5.821882 -1.396099 -19.616560 3.338542 5.192925 30.740740 1.590192 0.315277 -31.101470 0.000000 0.000000 0.000000 -25.363586 -0.463380 0.543156 -61.692758 -17.622306 -0.998858 -134.271338 -54.895020 117.979756 0.000000 0.000000 0.000000 12.439378 13.996749 5.058145 64.869948 8.551067 -4.583344 145.986991 49.457376 120.521439 0.000000 0.000000 0.000000 
0.026129 0.938498 -0.053896 -0.654540 -15.065714 -0.215753 5.439192 0.573405 6.803724 -1.928691 0.432115 -7.471011 9.254651 18.419233 13.788529 0.000000 0.000000 0.000000 -8.370969 0.498419 3.460068 3.939935 -0.258706 -5.713734 -4.050851 -14.815232 15.796626 0.000000 0.000000 0.000000 -4.973998 0.103527 -2.128371 5.858929 -1.395382 -19.712086 3.368423 5.401134 30.914772 1.657542 0.340265 -31.328488 0.000000 0.000000 0.000000 -25.302236 -0.402295 0.416406 -61.593446 -16.954359 -1.383828 -133.194441 -54.427601 115.696363 0.000000 0.000000 0.000000 12.396609 14.020243 5.126799 64.121961 8.838809 -4.387327 146.035782 49.638458 121.048728 0.000000 0.000000 0.000000 
0.026335 0.938470 -0.053537 -0.484943 -14.611365 -0.340398 5.281854 0.568109 6.783616 -1.913294 0.425953 -7.384471 9.026441 18.094553 13.632737 0.000000 0.000000 0.000000 -8.565967 0.505105 3.832533 3.991334 -0.262421 -6.014698 -4.259459 -15.116942 15.934690 0.000000 0.000000 0.000000 -5.132084 0.100470 -2.113457 5.815937 -1.387133 -19.624605 3.511880 5.478753 30.931754 1.633034 0.453478 -31.907299 0.000000 0.000000 0.000000 -25.488397 -0.405411 0.287281 -61.642700 -16.231081 -1.770814 -132.399511 -54.427919 114.245459 0.000000 0.000000 0.000000 12.177844 14.003721 5.184711 63.486485 9.137872 -4.181137 146.388939 49.908589 122.273958 0.000000 0.000000 0.000000 
0.026529 0.938263 -0.053284 -0.354340 -14.195889 -0.452202 5.256823 0.554210 6.687670 -2.062962 0.428804 -7.159968 8.825234 17.815434 13.381688 0.000000 0.000000 0.000000 -8.756992 0.512591 4.156270 4.108393 -0.267474 -6.256504 -4.458680 -15.394575 16.014700 0.000000 0.000000 0.000000 -5.247990 0.097070 -2.037324 5.699674 -1.351257 -19.631085 3.573404 5.891999 30.835188 1.659807 0.563130 -32.064566 0.000000 0.000000 0.000000 -25.554378 -0.422186 0.050315 -61.735471 -15.582538 -2.082541 -131.748842 -54.452146 112.794561 0.000000 0.000000 0.000000 12.394116 14.123674 5.375715 62.435420 9.599722 -3.836518 147.175799 50.531772 124.889707 0.000000 0.000000 0.000000 
0.026718 0.938092 -0.053145 -0.217394 -13.663643 -0.646251 5.063226 0.542443 6.569175 -1.898150 0.401913 -6.786510 8.595177 17.494466 13.087915 0.000000 0.000000 0.000000 -8.994156 0.520912 4.431302 4.314972 -0.278432 -6.216301 -4.724967 -15.753626 16.041597 0.000000 0.000000 0.000000 -5.362475 0.091099 -1.845121 5.618162 -1.338472 -19.459941 3.594837 6.134782 30.534629 1.861494 0.599448 -32.629800 0.000000 0.000000 0.000000 -25.582804 -0.474233 -0.146424 -62.007551 -15.046418 -2.301942 -131.332123 -54.805310 112.074623 0.000000 0.000000 0.000000 12.584469 14.025023 5.446589 61.540739 10.396304 -3.331843 148.741398 51.330585 128.963775 0.000000 0.000000 0.000000 
0.026666 0.937896 -0.052884 -0.110106 -12.879591 -0.574537 4.989761 0.525487 6.545074 -1.834997 0.403679 -7.138756 8.200714 16.912049 12.931997 0.000000 0.000000 0.000000 -9.048097 0.505500 4.729098 4.314642 -0.284874 -6.599790 -5.106007 -16.297896 16.239761 0.000000 0.000000 0.000000 -5.405880 0.089924 -2.182829 5.564165 -1.323430 -19.335382 3.509149 6.417819 30.385190 1.953947 0.683496 -32.660550 0.000000 0.000000 0.000000 -25.563538 -0.553269 -0.385302 -62.494680 -14.463048 -2.553427 -131.993191 -55.617870 113.356972 0.000000 0.000000 0.000000 12.913461 14.053669 5.633206 60.898816 11.771434 -2.550294 151.579498 52.635451 136.106575 0.000000 0.000000 0.000000 
0.026279 0.937896 -0.052357 0.055360 -12.298855 -0.697589 4.701669 0.549104 6.865528 -1.498449 0.392908 -7.648161 7.880705 16.435343 12.973544 0.000000 0.000000 0.000000 -9.185560 0.502928 5.161256 4.357069 -0.290043 -6.903443 -5.378047 -16.680918 16.387159 0.000000 0.000000 0.000000 -5.638755 0.086035 -2.421042 5.639691 -1.333344 -19.344553 3.490944 6.697882 30.303493 2.446690 0.555497 -32.836997 0.000000 0.000000 0.000000 -25.253010 -0.388104 -0.713331 -63.022758 -13.758555 -2.876586 -133.478156 -55.960557 115.384303 0.000000 0.000000 0.000000 13.089931 14.445558 5.949489 60.394045 14.306196 -1.178854 157.267156 55.346156 149.308807 0.000000 0.000000 0.000000 
0.025511 0.938179 -0.051715 0.153083 -11.733182 -0.697806 4.542359 0.576230 7.286736 -1.228289 0.404640 -8.521121 7.524645 15.905453 13.233024 0.000000 0.000000 0.000000 -9.258266 0.494456 5.633886 4.459576 -0.291914 -7.474287 -5.613441 -17.028865 16.704287 0.000000 0.000000 0.000000 -5.806038 0.082894 -2.965764 5.394631 -1.294501 -18.935209 3.718050 6.710389 29.784345 2.494723 0.585053 -32.619036 0.000000 0.000000 0.000000 -24.971593 -0.260591 -0.938927 -63.687234 -13.547776 -2.905199 -136.010777 -56.182234 118.987627 0.000000 0.000000 0.000000 13.093105 15.414699 6.474338 60.346056 17.629284 0.658633 164.850472 56.699611 164.429495 0.000000 0.000000 0.000000 
0.024683 0.938280 -0.051271 0.204396 -11.380784 -0.775995 4.497862 0.624890 7.963475 -1.094935 0.439803 -9.629262 7.240077 15.485143 13.562153 0.000000 0.000000 0.000000 -9.177781 0.475568 6.312015 4.358344 -0.283690 -8.344404 -5.730374 -17.209982 17.013028 0.000000 0.000000 0.000000 -6.084425 0.077717 -3.250850 5.647224 -1.318350 -19.373032 3.957848 7.002168 29.979433 2.937159 0.476563 -33.042374 0.000000 0.000000 0.000000 -24.244149 -0.379123 -0.990873 -64.287611 -13.636701 -2.829089 -139.437789 -55.665594 123.318155 0.000000 0.000000 0.000000 12.753672 16.589212 7.084027 60.005335 22.757876 3.416316 175.196318 57.467407 -175.529909 0.000000 0.000000 0.000000 
0.024090 0.938464 -0.051296 0.202864 -11.175188 -0.676634 4.473397 0.625654 8.031578 -0.948922 0.447283 -9.999532 7.110981 15.296007 13.735119 0.000000 0.000000 0.000000 -9.119760 0.462696 6.307561 4.361437 -0.285654 -8.439413 -5.826530 -17.349248 17.111645 0.000000 0.000000 0.000000 -5.964444 0.078840 -3.997533 5.334774 -1.236661 -19.293007 4.154858 7.186652 29.836765 3.420196 0.333122 -33.527367 0.000000 0.000000 0.000000 -22.624553 -0.852201 -0.697883 -65.771271 -15.415992 -1.722854 -143.816833 -55.651917 130.195706 0.000000 0.000000 0.000000 11.019650 18.625970 7.843652 60.077769 29.822633 7.438540 -172.218648 56.330892 -151.333272 0.000000 0.000000 0.000000 
0.023965 0.938951 -0.051616 0.266290 -11.134070 -0.703085 4.278615 0.662272 8.365459 -0.698123 0.464573 -10.619613 7.020081 15.160606 14.122028 0.000000 0.000000 0.000000 -8.853456 0.430253 6.525934 3.792422 -0.280596 -8.822335 -5.810034 -17.355724 17.341704 0.000000 0.000000 0.000000 -5.867811 0.079734 -4.332567 5.428248 -1.255184 -19.362329 4.159881 7.803477 29.734187 3.981842 0.214959 -34.137402 0.000000 0.000000 0.000000 -21.617119 -1.493065 -0.458553 -66.507954 -17.801647 -0.221054 -147.142398 -55.898061 135.432011 0.000000 0.000000 0.000000 8.562688 20.838454 8.511008 60.256226 38.714681 12.851647 -159.300980 53.441250 -125.014852 0.000000 0.000000 0.000000 
0.024146 0.939487 -0.052090 0.385358 -10.570969 -0.768246 4.094867 0.654096 8.279393 -0.516948 0.453679 -10.617445 6.726307 14.742014 14.181178 0.000000 0.000000 0.000000 -8.682408 0.388962 6.519412 3.330605 -0.291605 -8.565516 -6.084021 -17.746275 17.511579 0.000000 0.000000 0.000000 -5.849759 0.073394 -4.450609 5.337504 -1.172854 -19.922944 4.134312 7.635153 29.959415 4.599804 -0.007803 -34.676689 0.000000 0.000000 0.000000 -20.694327 -2.262664 0.006026 -66.975388 -19.884908 1.064376 -151.500067 -55.456249 142.468596 0.000000 0.000000 0.000000 4.830528 23.141540 8.766634 60.796493 48.663975 19.482170 -146.792766 49.070653 -98.656810 0.000000 0.000000 0.000000 
0.024386 0.940134 -0.052567 0.559653 -10.383976 -0.638758 3.950209 0.643333 8.115734 -0.596696 0.462177 -10.761922 6.594036 14.549968 14.431657 0.000000 0.000000 0.000000 -8.690439 0.386948 6.337371 3.024116 -0.292758 -8.545708 -6.171961 -17.893224 17.726032 0.000000 0.000000 0.000000 -5.698582 0.078115 -4.681928 5.171844 -1.087960 -20.348851 4.109077 8.471058 29.832014 5.501025 -0.223218 -35.308003 0.000000 0.000000 0.000000 -20.050643 -3.265604 0.327379 -67.084574 -20.685675 1.576189 -155.240114 -55.694731 148.374422 0.000000 0.000000 0.000000 1.783763 24.528206 8.712523 58.354987 56.026210 23.484290 -136.700350 42.819136 -74.588201 0.000000 0.000000 0.000000 
0.024484 0.940921 -0.053117 0.521785 -9.927321 -0.812879 4.054078 0.647285 8.331935 -0.629600 0.470718 -10.995297 6.299838 14.141154 14.611741 0.000000 0.000000 0.000000 -8.252196 0.317694 6.549415 2.381276 -0.294958 -8.458111 -6.350863 -18.158143 18.027275 0.000000 0.000000 0.000000 -5.630720 0.071224 -4.468371 4.646695 -0.918589 -20.644601 4.296067 8.344116 29.772315 5.733219 -0.300140 -35.411648 0.000000 0.000000 0.000000 -19.456970 -3.135153 0.242480 -67.138887 -20.218283 1.286291 -157.837757 -55.106691 152.444401 0.000000 0.000000 0.000000 -1.139612 25.363223 8.335507 54.316944 61.804061 25.134971 -129.625615 36.748998 -57.073067 0.000000 0.000000 0.000000 
0.024379 0.941427 -0.053828 0.426594 -10.154497 -0.515290 4.251630 0.630016 8.241302 -0.827612 0.497314 -11.396348 6.364173 14.231002 14.966616 0.000000 0.000000 0.000000 -8.159848 0.321527 6.190211 2.402096 -0.292257 -8.540762 -6.218322 -18.003273 18.179490 0.000000 0.000000 0.000000 -5.365972 0.087583 -4.990195 4.539038 -0.846543 -21.189246 4.310032 8.942088 30.437527 6.311931 -0.481711 -35.698398 0.000000 0.000000 0.000000 -18.909694 -3.159639 0.182688 -66.898866 -18.542413 0.151848 -160.088552 -55.314004 156.366652 0.000000 0.000000 0.000000 -3.021010 25.802980 8.027838 49.013232 64.673418 23.822729 -125.130283 33.176366 -47.166915 0.000000 0.000000 0.000000 
0.024201 0.941553 -0.054635 0.246556 -10.063906 -0.569917 4.325954 0.630610 8.323747 -0.557452 0.493051 -11.495578 6.322875 14.178410 15.006754 0.000000 0.000000 0.000000 -7.756486 0.272452 6.158256 2.077522 -0.290330 -8.370342 -6.251487 -18.050451 18.200119 0.000000 0.000000 0.000000 -5.194363 0.091656 -5.187351 4.070224 -0.738059 -21.019351 4.568178 8.933957 30.633029 6.589510 -0.627677 -35.509777 0.000000 0.000000 0.000000 -18.776771 -2.361954 -0.255443 -66.812778 -16.603225 -1.059078 -160.788130 -55.409816 157.602618 0.000000 0.000000 0.000000 -4.351056 25.872910 7.722610 43.777497 65.899909 21.270396 -122.475308 30.266086 -40.793315 0.000000 0.000000 0.000000 
0.024042 0.941687 -0.055566 0.069201 -10.531695 -0.564688 4.307750 0.649485 8.424192 -0.220558 0.491876 -11.589182 6.561618 14.512559 15.196268 0.000000 0.000000 0.000000 -7.538403 0.264286 5.910255 1.997962 -0.283211 -8.160827 -6.011633 -17.729152 18.078527 0.000000 0.000000 0.000000 -4.850526 0.106699 -5.351219 3.785517 -0.671722 -21.020292 4.688258 9.335373 31.021469 6.967580 -0.781794 -35.616115 0.000000 0.000000 0.000000 -18.792800 -1.777194 -0.597589 -66.552518 -14.479134 -2.381927 -161.046139 -55.815276 158.161772 0.000000 0.000000 0.000000 -5.565576 25.826299 7.400776 39.733751 66.351886 19.013526 -121.018745 28.240510 -36.795607 0.000000 0.000000 0.000000 
0.023941 0.941450 -0.056535 -0.102040 -10.710627 -0.504882 4.457363 0.648032 8.472989 -0.155522 0.501754 -11.784657 6.655190 14.643496 15.234842 0.000000 0.000000 0.000000 -7.450546 0.260801 5.828494 2.178980 -0.283203 -8.248096 -5.916472 -17.597346 18.028817 0.000000 0.000000 0.000000 -4.721927 0.110175 -5.186967 3.602483 -0.620060 -21.120734 4.856313 9.693157 31.174303 7.319268 -0.901328 -35.708130 0.000000 0.000000 0.000000 -19.374866 -1.040271 -1.121498 -65.865899 -12.390909 -3.625816 -159.107228 -55.704624 154.242344 0.000000 0.000000 0.000000 -6.106968 25.537849 7.179642 36.275678 66.869421 17.163868 -120.138113 27.086700 -34.508628 0.000000 0.000000 0.000000 
0.023932 0.941027 -0.057433 -0.275989 -10.941451 -0.411204 4.593589 0.649336 8.537468 -0.083002 0.515971 -12.047273 6.779319 14.816747 15.255015 0.000000 0.000000 0.000000 -7.263925 0.251548 5.525306 2.166444 -0.279543 -8.013484 -5.831067 -17.468548 17.818662 0.000000 0.000000 0.000000 -4.612384 0.113137 -4.985408 3.522630 -0.589857 -21.307255 5.131332 10.117708 31.251482 7.666147 -0.986694 -35.997659 0.000000 0.000000 0.000000 -19.621391 -0.844456 -1.336452 -65.203984 -10.362088 -4.782078 -157.232157 -55.637107 150.451886 0.000000 0.000000 0.000000 -6.799126 25.579503 7.012991 31.343487 67.204360 14.324754 -118.522268 25.513236 -31.317022 0.000000 0.000000 0.000000 
0.024010 0.940600 -0.058057 -0.412608 -11.204946 -0.428142 4.658053 0.652189 8.540504 0.031799 0.510096 -11.957122 6.947840 15.052292 15.147868 0.000000 0.000000 0.000000 -7.157904 0.249797 5.298222 2.203227 -0.275906 -7.691848 -5.729382 -17.312161 17.565647 0.000000 0.000000 0.000000 -4.336571 0.117442 -4.761984 3.404232 -0.564016 -21.316682 5.167137 10.520787 31.244715 8.047432 -1.102561 -36.219417 0.000000 0.000000 0.000000 -19.962267 -0.528072 -1.617869 -64.403713 -8.803246 -5.614604 -154.738977 -56.222657 146.105199 0.000000 0.000000 0.000000 -7.295546 25.734361 6.921528 24.830146 67.957212 10.587779 -116.989938 23.295341 -27.452876 0.000000 0.000000 0.000000 
0.024105 0.940270 -0.058258 -0.596080 -11.698247 -0.515887 4.605625 0.676947 8.660238 0.401543 0.494387 -11.794824 7.240060 15.465498 15.093695 0.000000 0.000000 0.000000 -7.144697 0.260786 5.191781 2.453343 -0.272749 -7.461475 -5.492540 -16.966968 17.321390 0.000000 0.000000 0.000000 -4.040358 0.120162 -4.474715 3.363474 -0.545383 -21.563095 5.352238 11.008471 31.261267 8.502581 -1.284604 -36.244925 0.000000 0.000000 0.000000 -20.084288 -0.432956 -1.735030 -63.733420 -6.760015 -6.687216 -151.886985 -56.370868 141.023034 0.000000 0.000000 0.000000 -8.187049 25.662522 6.670123 19.491364 68.375140 7.440428 -115.248305 21.635433 -24.455090 0.000000 0.000000 0.000000 
0.024252 0.939826 -0.058057 -0.598339 -11.886207 -0.657428 4.411128 0.714022 8.909072 0.710457 0.492482 -11.879741 7.348582 15.621715 15.041222 0.000000 0.000000 0.000000 -7.183867 0.267149 5.220458 2.473576 -0.270793 -7.278958 -5.427126 -16.850249 17.090153 0.000000 0.000000 0.000000 -3.831897 0.118423 -4.246211 3.303415 -0.521758 -21.734823 5.418154 11.035170 31.165314 8.519426 -1.330855 -36.057472 0.000000 0.000000 0.000000 -20.334613 -0.180638 -1.878411 -63.283486 -5.090140 -7.537958 -148.526655 -56.822181 135.738063 0.000000 0.000000 0.000000 -8.930686 25.994083 6.570702 13.802921 68.492381 3.904346 -113.493751 19.630108 -21.228077 0.000000 0.000000 0.000000 
0.024396 0.939715 -0.057686 -0.524166 -12.071781 -0.907642 4.248748 0.751953 9.158315 0.816361 0.483491 -11.765140 7.436143 15.750267 15.003992 0.000000 0.000000 0.000000 -7.294763 0.279141 5.348662 2.471900 -0.268412 -7.073881 -5.347120 -16.718988 16.925235 0.000000 0.000000 0.000000 -3.735184 0.111292 -3.949233 3.252390 -0.493008 -22.017574 5.590780 11.152271 30.995295 8.749412 -1.358064 -36.652710 0.000000 0.000000 0.000000 -20.378344 0.007810 -1.990608 -63.256896 -3.418932 -8.410043 -144.411023 -57.531297 129.686415 0.000000 0.000000 0.000000 -10.106246 25.926706 6.265142 9.877482 68.729619 1.530054 -111.813016 18.219742 -18.911940 0.000000 0.000000 0.000000 
0.024415 0.939476 -0.057584 -0.476116 -12.201514 -1.027368 4.149137 0.780523 9.368844 0.883035 0.489440 -11.871801 7.488912 15.827727 15.009770 0.000000 0.000000 0.000000 -7.377073 0.288192 5.495970 2.500738 -0.267663 -7.157248 -5.289334 -16.625353 16.834423 0.000000 0.000000 0.000000 -3.515761 0.114739 -3.974391 3.179014 -0.469669 -22.119912 5.532437 11.037828 30.872122 9.066005 -1.516706 -36.771585 0.000000 0.000000 0.000000 -20.268942 0.159850 -2.004905 -63.415340 -2.807742 -8.751677 -142.169522 -58.867453 127.624149 0.000000 0.000000 0.000000 -11.091810 26.257829 6.111366 5.841104 68.611087 -1.018774 -110.356927 16.757571 -16.777885 0.000000 0.000000 0.000000 
0.024297 0.939460 -0.057968 -0.534520 -12.273645 -1.029772 4.237008 0.786657 9.480525 0.849954 0.503248 -12.059428 7.502001 15.847843 15.089796 0.000000 0.000000 0.000000 -7.456025 0.299059 5.410197 2.768842 -0.270673 -7.043115 -5.254966 -16.571065 16.790527 0.000000 0.000000 0.000000 -3.481584 0.111375 -3.800308 3.311191 -0.477883 -22.450881 5.599523 10.957399 30.860509 9.155610 -1.502033 -37.312842 0.000000 0.000000 0.000000 -19.921349 0.269649 -1.991104 -63.982985 -2.336518 -9.083766 -139.005195 -59.566459 123.721810 0.000000 0.000000 0.000000 -12.188694 26.344296 5.866200 2.721349 68.400587 -2.949346 -109.146989 15.185402 -14.578943 0.000000 0.000000 0.000000 
0.024089 0.939417 -0.058731 -0.595072 -12.242704 -1.033340 4.266351 0.783663 9.477064 0.962552 0.503994 -12.116106 7.489621 15.830292 15.115218 0.000000 0.000000 0.000000 -7.391141 0.289996 5.467630 2.817305 -0.271666 -7.185791 -5.258658 -16.579637 16.831211 0.000000 0.000000 0.000000 -3.187408 0.116407 -3.805368 3.421196 -0.505180 -22.450006 5.366059 10.778453 30.679947 9.278696 -1.609062 -37.098531 0.000000 0.000000 0.000000 -20.003087 0.207720 -1.920284 -64.214734 -2.595602 -8.962985 -138.198005 -60.631684 123.726096 0.000000 0.000000 0.000000 -12.886927 26.736753 5.794150 0.220827 68.416121 -4.531850 -108.405500 14.122656 -13.205960 0.000000 0.000000 0.000000 
0.023860 0.939278 -0.059605 -0.740225 -12.358083 -0.933780 4.435368 0.767684 9.393518 0.964319 0.507389 -12.158184 7.560460 15.929161 15.127793 0.000000 0.000000 0.000000 -7.171180 0.271721 5.300986 2.736074 -0.269484 -7.158515 -5.207459 -16.507450 16.779151 0.000000 0.000000 0.000000 -3.076216 0.117104 -3.697215 3.683017 -0.551411 -22.693139 5.181018 10.694214 30.582124 9.469369 -1.674331 -37.423679 0.000000 0.000000 0.000000 -20.265557 0.255777 -1.930280 -64.302950 -2.842246 -8.835982 -136.369221 -61.474084 122.080448 0.000000 0.000000 0.000000 -13.025781 26.752599 5.775538 -1.556215 68.515250 -5.712027 -108.207487 13.639875 -12.661058 0.000000 0.000000 0.000000 
0.023674 0.939142 -0.060443 -0.860637 -12.328444 -0.782272 4.597197 0.747856 9.306727 0.945146 0.520311 -12.350386 7.549837 15.909906 15.161688 0.000000 0.000000 0.000000 -7.109407 0.267178 5.187407 2.906927 -0.271751 -7.284598 -5.218328 -16.528011 16.818614 0.000000 0.000000 0.000000 -3.032340 0.119092 -3.683617 3.891689 -0.588041 -22.855064 5.006232 10.311581 30.607512 9.672595 -1.783905 -37.697691 0.000000 0.000000 0.000000 -20.744842 0.340656 -1.924600 -64.213444 -3.066577 -8.705890 -135.629626 -62.045891 121.863832 0.000000 0.000000 0.000000 -13.337727 26.720172 5.717271 -2.968461 68.803965 -6.764203 -108.690514 12.835679 -11.865944 0.000000 0.000000 0.000000 
0.023538 0.938790 -0.061159 -0.964211 -12.365337 -0.612409 4.750525 0.728045 9.191785 0.889488 0.531786 -12.499067 7.583432 15.955638 15.134978 0.000000 0.000000 0.000000 -7.016595 0.262024 5.065105 2.970566 -0.271251 -7.447597 -5.210688 -16.515787 16.790419 0.000000 0.000000 0.000000 -3.070303 0.126973 -3.907002 4.064519 -0.629595 -22.850004 4.817496 9.931665 30.600022 9.768411 -1.860048 -37.887641 0.000000 0.000000 0.000000 -20.947074 0.518904 -1.929186 -64.270908 -3.069845 -8.714603 -134.085669 -62.482501 120.446735 0.000000 0.000000 0.000000 -13.466045 26.797845 5.736200 -3.975869 68.667772 -7.533009 -109.248732 12.300695 -11.444782 0.000000 0.000000 0.000000 
0.023436 0.938714 -0.061725 -1.012049 -12.347074 -0.555579 4.851895 0.715162 9.118235 0.826036 0.534868 -12.527450 7.578112 15.946715 15.126507 0.000000 0.000000 0.000000 -7.037241 0.267056 4.884819 3.129090 -0.273740 -7.272771 -5.233818 -16.542631 16.733502 0.000000 0.000000 0.000000 -3.168346 0.130491 -4.070470 4.095632 -0.633088 -22.891870 4.824420 9.702983 30.706242 9.916733 -1.918163 -38.183901 0.000000 0.000000 0.000000 -21.123389 0.571643 -1.911043 -64.338811 -2.975821 -8.782967 -131.696685 -62.641618 117.533951 0.000000 0.000000 0.000000 -13.445959 26.583175 5.712611 -4.126883 68.380698 -7.676041 -110.758730 12.245482 -11.750718 0.000000 0.000000 0.000000 
0.023253 0.938778 -0.062177 -0.941537 -12.390173 -0.498331 4.810483 0.707942 8.994989 0.783928 0.533191 -12.482996 7.600018 15.973296 15.182646 0.000000 0.000000 0.000000 -7.188119 0.286511 4.786731 3.293147 -0.274387 -7.303014 -5.219390 -16.524662 16.739636 0.000000 0.000000 0.000000 -3.152353 0.140598 -4.385837 3.975542 -0.613740 -22.774845 4.664773 9.619910 30.576321 10.061383 -2.000373 -38.139165 0.000000 0.000000 0.000000 -20.960919 0.755825 -1.971756 -64.326328 -2.528982 -9.012449 -129.331962 -62.296029 114.057637 0.000000 0.000000 0.000000 -13.235390 26.510591 5.764365 -3.548347 68.176949 -7.331823 -111.986340 12.565029 -12.462546 0.000000 0.000000 0.000000 
0.023034 0.938775 -0.062540 -1.066324 -12.531085 -0.368646 4.952438 0.688559 8.829856 0.776583 0.527266 -12.377505 7.695207 16.104830 15.183976 0.000000 0.000000 0.000000 -7.158577 0.291231 4.581104 3.498352 -0.274912 -7.223245 -5.151071 -16.431195 16.716231 0.000000 0.000000 0.000000 -3.182450 0.149256 -4.626629 3.977143 -0.609233 -22.836518 4.596551 9.746471 30.495673 10.190785 -2.033265 -38.228078 0.000000 0.000000 0.000000 -20.717962 0.801036 -1.990069 -64.283662 -1.847765 -9.362728 -126.915530 -61.699661 110.174614 0.000000 0.000000 0.000000 -12.961171 26.137853 5.756408 -1.556613 68.183585 -6.088524 -113.341657 13.077666 -13.387357 0.000000 0.000000 0.000000 
0.022786 0.938684 -0.062871 -1.035222 -12.590380 -0.318209 4.927510 0.689932 8.820946 0.784643 0.534769 -12.484994 7.719111 16.134503 15.249520 0.000000 0.000000 0.000000 -7.212177 0.300822 4.460580 3.564666 -0.274994 -7.171805 -5.140118 -16.409459 16.647056 0.000000 0.000000 0.000000 -3.162812 0.158788 -4.898326 3.908791 -0.603666 -22.706297 4.413050 9.690078 30.422754 10.321820 -2.101151 -38.219251 0.000000 0.000000 0.000000 -20.893782 1.067667 -2.135254 -64.147762 -1.122424 -9.727431 -124.620194 -60.987424 106.455859 0.000000 0.000000 0.000000 -12.616227 25.861827 5.791767 0.875986 68.435072 -4.647926 -114.637334 14.425158 -15.568712 0.000000 0.000000 0.000000 
0.022556 0.938530 -0.063214 -1.065808 -12.814320 -0.319208 4.987368 0.698786 8.900606 0.734970 0.542945 -12.566432 7.822561 16.278658 15.302462 0.000000 0.000000 0.000000 -7.264972 0.314690 4.226964 3.723180 -0.276396 -6.848356 -5.060297 -16.277510 16.454958 0.000000 0.000000 0.000000 -3.211330 0.166325 -5.141091 3.878730 -0.606790 -22.616214 4.378779 9.952118 30.436298 10.474549 -2.155803 -38.161507 0.000000 0.000000 0.000000 -20.912927 1.355726 -2.342477 -63.981174 -0.123920 -10.232711 -122.961497 -59.953458 103.053509 0.000000 0.000000 0.000000 -12.155206 25.355914 5.782032 4.220574 68.482490 -2.538903 -115.598717 15.729662 -17.570066 0.000000 0.000000 0.000000 
0.022391 0.938479 -0.063616 -0.995970 -12.909284 -0.567862 4.928784 0.705952 8.875164 0.735019 0.510770 -12.075447 7.893664 16.386882 15.145671 0.000000 0.000000 0.000000 -7.292286 0.315801 4.255791 3.651362 -0.277355 -6.514361 -5.035024 -16.216844 16.269924 0.000000 0.000000 0.000000 -3.215996 0.164152 -5.159468 3.684807 -0.596847 -22.184757 4.425521 10.194009 30.311227 10.447323 -2.132985 -38.025448 0.000000 0.000000 0.000000 -21.295288 1.524683 -2.541689 -63.747475 0.845697 -10.694565 -122.932173 -58.755485 101.458985 0.000000 0.000000 0.000000 -11.605419 25.147915 5.852370 7.472605 68.322466 -0.461334 -116.125468 17.393100 -20.018382 0.000000 0.000000 0.000000 
0.022217 0.938496 -0.064178 -0.977639 -12.826562 -0.560071 5.089761 0.671327 8.565848 0.460318 0.489470 -11.633735 7.880821 16.372401 14.973784 0.000000 0.000000 0.000000 -7.329651 0.318913 4.162452 3.729224 -0.280438 -6.402321 -5.085802 -16.285134 16.251646 0.000000 0.000000 0.000000 -3.293620 0.162009 -5.174905 3.760727 -0.609547 -22.232559 4.379869 10.555259 30.406073 10.412090 -2.082330 -37.888463 0.000000 0.000000 0.000000 -21.295159 1.698451 -2.764155 -63.510000 1.660186 -11.092518 -122.816309 -56.889675 98.838188 0.000000 0.000000 0.000000 -10.962196 24.622278 5.847543 10.795196 67.776824 1.676916 -115.932422 19.116298 -22.189559 0.000000 0.000000 0.000000 
0.022040 0.938472 -0.064848 -1.007368 -12.511759 -0.606430 5.305855 0.642344 8.415671 0.223666 0.483068 -11.442074 7.728810 16.162607 14.806694 0.000000 0.000000 0.000000 -7.314733 0.308895 4.131495 3.837190 -0.288317 -6.206561 -5.247780 -16.506728 16.254187 0.000000 0.000000 0.000000 -3.328605 0.160364 -5.249861 3.449165 -0.571390 -21.653427 4.489517 10.751443 30.101031 10.378575 -2.034010 -37.652284 0.000000 0.000000 0.000000 -21.289553 1.902864 -3.016201 -63.523752 2.077326 -11.275371 -123.666193 -54.820605 97.111261 0.000000 0.000000 0.000000 -10.124846 24.272656 5.943617 13.890212 67.260631 3.636387 -115.748648 20.182857 -23.391944 0.000000 0.000000 0.000000 
0.021773 0.938763 -0.065627 -0.929623 -12.184511 -0.582382 5.327093 0.598428 7.943648 0.136172 0.451810 -10.880859 7.603154 15.986055 14.666482 0.000000 0.000000 0.000000 -7.424360 0.312264 4.129415 3.979493 -0.294831 -6.255858 -5.397759 -16.732046 16.406828 0.000000 0.000000 0.000000 -3.575703 0.150173 -5.198789 3.553485 -0.597606 -21.583755 4.420999 10.767867 30.160178 10.199876 -1.958515 -37.426936 0.000000 0.000000 0.000000 -21.194277 2.268730 -3.280481 -63.392448 2.547229 -11.511790 -125.063307 -52.098103 95.405617 0.000000 0.000000 0.000000 -9.286852 23.983530 6.046831 16.805600 66.518772 5.316554 -114.851147 21.508618 -24.675203 0.000000 0.000000 0.000000 
0.021538 0.938984 -0.066528 -0.879702 -11.600727 -0.586691 5.497967 0.556085 7.649235 -0.127441 0.446683 -10.669311 7.309945 15.572275 14.536377 0.000000 0.000000 0.000000 -7.523268 0.304442 4.324991 4.188008 -0.304092 -6.517073 -5.658505 -17.111415 16.667374 0.000000 0.000000 0.000000 -3.706391 0.143149 -5.227869 3.329972 -0.563063 -21.154361 4.655085 10.808107 30.070202 9.929860 -1.789565 -37.306088 0.000000 0.000000 0.000000 -21.088991 2.392886 -3.473441 -63.382581 2.460428 -11.451385 -128.101368 -49.816814 96.218115 0.000000 0.000000 0.000000 -7.807291 23.669903 6.284796 22.237836 65.937043 8.516509 -115.844523 23.642636 -27.718749 0.000000 0.000000 0.000000 
0.021410 0.939346 -0.067543 -0.856764 -11.262922 -0.480351 5.573127 0.521235 7.326073 -0.225103 0.442006 -10.545497 7.144383 15.333640 14.563196 0.000000 0.000000 0.000000 -7.566262 0.303586 4.220578 4.307236 -0.310447 -6.549965 -5.810602 -17.343370 16.871101 0.000000 0.000000 0.000000 -3.956144 0.134018 -5.157359 3.458073 -0.604485 -20.959634 4.798705 11.045982 29.945344 9.642324 -1.600229 -37.214594 0.000000 0.000000 0.000000 -20.941239 2.379871 -3.588394 -63.548398 2.310970 -11.385149 -130.393166 -47.619713 96.152706 0.000000 0.000000 0.000000 -6.169454 23.212090 6.524957 29.368939 64.726608 12.445408 -115.987863 26.530355 -31.320033 0.000000 0.000000 0.000000 
0.021396 0.939692 -0.068610 -0.774016 -10.743535 -0.664963 5.630413 0.497277 7.142197 -0.380103 0.427727 -10.194128 6.879771 14.962208 14.440621 0.000000 0.000000 0.000000 -7.856726 0.312532 4.422852 4.759772 -0.327073 -6.528504 -6.035389 -17.661197 17.088173 0.000000 0.000000 0.000000 -4.293069 0.116574 -5.055902 3.442827 -0.622104 -20.551736 5.047742 10.775887 30.001507 9.273505 -1.410582 -37.316265 0.000000 0.000000 0.000000 -20.831702 2.679769 -3.764583 -63.531035 1.594264 -11.015006 -132.767908 -46.013710 97.373620 0.000000 0.000000 0.000000 -4.436937 22.848295 6.811145 37.917247 62.947366 16.666471 -118.631575 31.464348 -39.599667 0.000000 0.000000 0.000000 
0.021520 0.939923 -0.069929 -0.829933 -10.163312 -0.487719 5.681808 0.455930 6.783330 -0.278738 0.422593 -10.245026 6.606966 14.575995 14.432042 0.000000 0.000000 0.000000 -7.653475 0.282278 4.330023 4.598081 -0.331322 -6.649693 -6.309407 -18.061094 17.366053 0.000000 0.000000 0.000000 -4.665478 0.105049 -5.002323 3.781363 -0.712367 -20.383445 5.013261 10.676760 30.125835 8.957202 -1.198002 -37.556327 0.000000 0.000000 0.000000 -20.507961 2.461675 -3.672516 -63.571392 0.664752 -10.545777 -135.221093 -45.377193 100.004552 0.000000 0.000000 0.000000 -1.910359 21.930830 7.099470 46.784678 59.852138 20.116242 -123.636752 37.026437 -51.014904 0.000000 0.000000 0.000000 
0.021597 0.940255 -0.071578 -0.911752 -9.538066 -0.375896 5.844243 0.408808 6.383459 -0.307865 0.415107 -10.142519 6.307251 14.156679 14.385982 0.000000 0.000000 0.000000 -7.704735 0.274991 4.157103 4.957843 -0.350720 -6.518598 -6.601729 -18.476025 17.647357 0.000000 0.000000 0.000000 -4.587652 0.102850 -4.882978 3.548791 -0.650022 -20.238141 5.158131 10.056872 30.429168 8.358777 -0.949145 -37.711816 0.000000 0.000000 0.000000 -20.395310 2.354205 -3.523273 -63.410839 -0.194595 -10.112404 -136.700898 -45.151141 102.258606 0.000000 0.000000 0.000000 0.695650 21.180965 7.413056 53.562986 56.050460 21.393209 -130.589762 43.518466 -67.354022 0.000000 0.000000 0.000000 
0.021676 0.940751 -0.073587 -1.012311 -8.943569 -0.347138 6.087685 0.368246 6.086853 -0.446262 0.414182 -10.090458 5.999752 13.726490 14.406870 0.000000 0.000000 0.000000 -7.447023 0.239555 4.025944 4.801366 -0.359497 -6.350471 -6.876294 -18.869322 17.938494 0.000000 0.000000 0.000000 -4.742754 0.091366 -4.501076 3.651264 -0.687621 -19.954254 5.246632 9.640243 30.372805 7.841624 -0.729146 -37.672597 0.000000 0.000000 0.000000 -20.370499 1.893942 -3.253613 -62.916694 -0.987980 -9.622289 -137.443656 -46.477501 105.213104 0.000000 0.000000 0.000000 3.494747 20.328281 7.704538 58.699579 50.594902 20.388046 -142.758217 49.317830 -91.020752 0.000000 0.000000 0.000000 
0.021714 0.941082 -0.075554 -1.177282 -8.206850 -0.192241 6.287512 0.314390 5.581735 -0.367414 0.400235 -9.949675 5.659310 13.254453 14.339639 0.000000 0.000000 0.000000 -6.972164 0.187613 3.852721 4.404965 -0.361171 -6.289048 -7.237100 -19.373321 18.267195 0.000000 0.000000 0.000000 -4.749006 0.086005 -4.197444 3.840239 -0.699098 -20.322005 5.014099 8.719191 30.895963 7.620852 -0.675387 -38.014398 0.000000 0.000000 0.000000 -20.640521 1.681560 -3.017730 -62.517069 -1.957099 -9.139734 -136.185635 -48.223230 106.064852 0.000000 0.000000 0.000000 5.756002 19.664730 7.876519 61.189855 46.343129 18.478760 -153.121237 52.939727 -111.568558 0.000000 0.000000 0.000000 
0.021790 0.941173 -0.077115 -1.205270 -8.123073 -0.207577 6.339957 0.301294 5.392029 -0.379960 0.393275 -9.791140 5.625328 13.206544 14.334398 0.000000 0.000000 0.000000 -6.650958 0.165782 3.625075 3.913937 -0.349438 -6.001222 -7.301689 -19.467723 18.247756 0.000000 0.000000 0.000000 -4.764623 0.083123 -3.983103 3.814850 -0.710863 -20.040466 5.021856 8.320320 30.934000 7.391722 -0.629567 -38.002311 0.000000 0.000000 0.000000 -20.816872 1.407461 -2.779169 -62.246132 -2.604307 -8.781682 -134.731158 -50.165144 106.622265 0.000000 0.000000 0.000000 7.275148 19.043462 7.885787 63.111377 41.706265 16.070082 -165.074072 54.450894 -133.741028 0.000000 0.000000 0.000000 
0.021852 0.941358 -0.078173 -1.218521 -7.903382 -0.371863 6.502207 0.296273 5.448794 -0.605017 0.400131 -9.773659 5.486400 13.014410 14.336293 0.000000 0.000000 0.000000 -6.376995 0.136174 3.657838 3.486179 -0.338671 -5.787893 -7.412700 -19.621512 18.298801 0.000000 0.000000 0.000000 -5.061527 0.071857 -3.620005 4.344134 -0.847754 -20.096658 4.883581 7.797851 31.373797 7.441739 -0.730879 -37.961055 0.000000 0.000000 0.000000 -21.404287 1.336705 -2.677208 -61.910407 -3.183615 -8.503167 -133.595571 -51.949001 107.559478 0.000000 0.000000 0.000000 8.483205 18.573716 7.870099 64.432507 38.216320 14.076237 -174.063582 55.135169 -150.908379 0.000000 0.000000 0.000000 
0.021855 0.941558 -0.078902 -1.211375 -8.131113 -0.293158 6.519978 0.299962 5.453841 -0.670180 0.410973 -9.939625 5.574585 13.143943 14.530063 0.000000 0.000000 0.000000 -6.313320 0.142045 3.495471 3.344090 -0.331269 -5.814368 -7.294742 -19.470876 18.311000 0.000000 0.000000 0.000000 -5.000867 0.076096 -3.711170 4.452643 -0.906095 -19.762497 4.824026 7.718168 31.516067 7.365433 -0.743958 -37.885636 0.000000 0.000000 0.000000 -22.095878 1.125193 -2.565263 -61.795173 -3.713424 -8.229253 -132.357823 -53.128440 107.417361 0.000000 0.000000 0.000000 9.393577 18.220106 7.856078 65.050870 35.310321 12.272591 179.132910 55.338294 -164.050908 0.000000 0.000000 0.000000 
0.021711 0.941623 -0.079457 -1.235725 -8.088472 -0.416558 6.636554 0.302746 5.567599 -0.796315 0.416977 -9.972172 5.529579 13.083889 14.551191 0.000000 0.000000 0.000000 -6.173814 0.124943 3.609083 3.171895 -0.326017 -5.817255 -7.307329 -19.487281 18.329974 0.000000 0.000000 0.000000 -5.008123 0.072098 -3.452152 4.531845 -0.947910 -19.502310 4.724300 7.581049 31.321872 7.324725 -0.832838 -37.120123 0.000000 0.000000 0.000000 -22.436609 0.732677 -2.340577 -61.849835 -4.343702 -7.896546 -132.624910 -53.667608 108.554448 0.000000 0.000000 0.000000 10.152624 17.878412 7.823500 65.513553 32.619878 10.611007 174.000302 55.464620 -174.053880 0.000000 0.000000 0.000000 
0.021439 0.941570 -0.079905 -1.313637 -8.197296 -0.364496 6.787725 0.293980 5.451228 -0.886293 0.416467 -9.851854 5.595504 13.173005 14.530097 0.000000 0.000000 0.000000 -6.171081 0.127912 3.589567 3.346389 -0.331001 -5.946019 -7.243058 -19.400925 18.329593 0.000000 0.000000 0.000000 -4.900395 0.074215 -3.323645 4.675707 -0.996567 -19.413650 4.675947 7.452627 31.353363 7.305129 -0.900639 -36.743581 0.000000 0.000000 0.000000 -22.975432 0.590729 -2.253867 -61.855451 -5.278648 -7.415751 -133.728266 -53.740313 110.438941 0.000000 0.000000 0.000000 10.598675 17.291253 7.612762 65.779920 29.995949 8.919855 169.231850 55.375617 176.609384 0.000000 0.000000 0.000000 
0.021105 0.941337 -0.080281 -1.440116 -7.913551 -0.377172 7.051983 0.270566 5.267492 -1.029018 0.411109 -9.610147 5.483576 13.009093 14.315137 0.000000 0.000000 0.000000 -5.951166 0.103008 3.645235 3.279277 -0.331855 -5.934071 -7.393025 -19.598382 18.345427 0.000000 0.000000 0.000000 -4.882652 0.070955 -3.031887 4.726133 -1.016286 -19.288651 4.605562 7.063389 31.223085 7.076079 -0.922896 -35.949246 0.000000 0.000000 0.000000 -23.185495 0.342487 -2.062088 -61.899314 -6.521678 -6.771485 -135.867866 -53.540552 113.571283 0.000000 0.000000 0.000000 11.486600 16.790002 7.499656 65.319956 27.412578 7.103534 165.610702 55.039763 169.315520 0.000000 0.000000 0.000000 
0.020800 0.941104 -0.080666 -1.381219 -7.856667 -0.378542 7.156398 0.263290 5.199811 -1.281141 0.419774 -9.562389 5.453175 12.962635 14.256327 0.000000 0.000000 0.000000 -5.944124 0.101844 3.642324 3.200696 -0.329756 -5.962642 -7.443200 -19.662632 18.270382 0.000000 0.000000 0.000000 -5.007768 0.068128 -2.740480 4.836351 -1.049761 -19.241793 4.683966 6.750245 31.305154 6.870887 -0.898749 -35.744094 0.000000 0.000000 0.000000 -23.439451 0.233717 -1.927322 -61.882496 -7.523524 -6.266968 -138.080068 -52.700598 116.258991 0.000000 0.000000 0.000000 11.915692 16.030685 7.177052 65.211036 25.030411 5.526059 162.191109 54.894957 162.486992 0.000000 0.000000 0.000000 
0.020579 0.941062 -0.081113 -1.435674 -7.517572 -0.363987 7.429034 0.240283 5.053791 -1.590652 0.428141 -9.493150 5.282727 12.721773 14.162087 0.000000 0.000000 0.000000 -5.787803 0.077426 3.804347 3.103781 -0.331197 -6.211290 -7.601402 -19.875510 18.424359 0.000000 0.000000 0.000000 -4.994511 0.066067 -2.564711 4.815550 -1.053440 -19.043649 4.695549 6.157361 31.349886 6.384030 -0.798526 -35.160191 0.000000 0.000000 0.000000 -23.948112 0.065229 -1.747100 -61.643796 -8.460822 -5.785488 -139.441132 -52.127849 118.059013 0.000000 0.000000 0.000000 12.532386 15.948494 7.164232 64.760724 23.080620 4.190988 160.339125 54.542627 158.422335 0.000000 0.000000 0.000000 
0.020476 0.940948 -0.081656 -1.442609 -7.487659 -0.375947 7.541946 0.232101 4.939772 -1.753000 0.430303 -9.337769 5.276071 12.707721 14.089659 0.000000 0.000000 0.000000 -5.816506 0.082425 3.709705 3.192746 -0.333926 -6.068605 -7.631022 -19.914039 18.362277 0.000000 0.000000 0.000000 -4.939360 0.065232 -2.371609 4.937247 -1.101456 -18.864404 4.646025 6.023504 31.261982 6.377352 -0.839237 -34.921303 0.000000 0.000000 0.000000 -23.980272 -0.190253 -1.558627 -61.419010 -8.691837 -5.649849 -139.438975 -51.324922 117.190506 0.000000 0.000000 0.000000 12.930186 15.501647 6.989692 64.749570 21.976596 3.500690 158.667058 54.388050 155.049929 0.000000 0.000000 0.000000 
0.020415 0.940833 -0.082212 -1.467908 -7.514279 -0.420654 7.588952 0.224455 4.731404 -1.769930 0.419299 -8.927788 5.323044 12.764017 13.937299 0.000000 0.000000 0.000000 -5.674773 0.070564 3.726612 2.999921 -0.327428 -6.076371 -7.622609 -19.902521 18.324672 0.000000 0.000000 0.000000 -4.879517 0.063670 -2.144288 4.894262 -1.104427 -18.676848 4.615860 5.784685 31.137906 6.049814 -0.800533 -34.209127 0.000000 0.000000 0.000000 -24.254364 -0.461581 -1.333159 -60.757131 -8.788183 -5.569539 -139.063534 -50.723680 115.991862 0.000000 0.000000 0.000000 13.330868 15.494318 6.982493 64.395845 21.235140 2.993915 158.380084 53.930672 153.874058 0.000000 0.000000 0.000000 
0.020379 0.940450 -0.082619 -1.516312 -7.623144 -0.472917 7.613684 0.222271 4.587739 -1.714162 0.406746 -8.562496 5.422625 12.890933 13.727316 0.000000 0.000000 0.000000 -5.597757 0.065840 3.725522 2.951367 -0.324616 -6.037261 -7.584037 -19.846099 18.177611 0.000000 0.000000 0.000000 -4.828436 0.062065 -1.848823 4.875692 -1.117602 -18.470567 4.608232 5.740620 31.016997 5.897445 -0.782778 -33.830415 0.000000 0.000000 0.000000 -24.457218 -0.757070 -1.138191 -60.307426 -8.326601 -5.773769 -136.825989 -50.122175 111.724747 0.000000 0.000000 0.000000 13.760540 15.322394 6.926939 64.284697 20.871560 2.757536 158.271101 53.838157 153.445732 0.000000 0.000000 0.000000 
0.020332 0.940187 -0.082831 -1.530593 -7.575680 -0.550048 7.604306 0.219158 4.488424 -1.650448 0.394779 -8.273808 5.431571 12.893732 13.547599 0.000000 0.000000 0.000000 -5.489967 0.054696 3.753645 2.798153 -0.319268 -5.939597 -7.625859 -19.898995 18.082340 0.000000 0.000000 0.000000 -4.673380 0.058926 -1.511198 4.829337 -1.118540 -18.289301 4.398061 5.717877 30.791403 5.879289 -0.825540 -33.316704 0.000000 0.000000 0.000000 -24.750857 -0.897760 -1.085807 -59.816069 -7.367287 -6.205874 -134.738706 -49.550880 107.658886 0.000000 0.000000 0.000000 14.183015 14.963462 6.799380 64.357071 20.090023 2.314241 157.499300 53.882591 151.941453 0.000000 0.000000 0.000000 
0.020219 0.939841 -0.082914 -1.526396 -7.708846 -0.674444 7.483328 0.226267 4.447603 -1.434838 0.373037 -7.915703 5.538780 13.035388 13.360175 0.000000 0.000000 0.000000 -5.403986 0.043809 3.883074 2.630027 -0.312527 -5.973538 -7.570840 -19.817991 17.930897 0.000000 0.000000 0.000000 -4.675407 0.055391 -1.081016 4.804345 -1.114612 -18.298042 4.217718 5.819720 30.799176 5.906140 -0.850846 -33.206295 0.000000 0.000000 0.000000 -25.064350 -1.294696 -0.872235 -59.222636 -6.774477 -6.459958 -132.788702 -49.641708 104.737880 0.000000 0.000000 0.000000 14.709340 14.701507 6.733243 64.086902 19.115344 1.695278 156.815615 54.161806 150.803887 0.000000 0.000000 0.000000 
0.019998 0.939748 -0.082983 -1.469859 -7.516828 -0.896689 7.420121 0.220761 4.275273 -1.376330 0.349271 -7.268294 5.480214 12.938808 13.100842 0.000000 0.000000 0.000000 -5.476822 0.041008 3.946408 2.695302 -0.313669 -5.606809 -7.689834 -19.971857 17.815878 0.000000 0.000000 0.000000 -4.783961 0.050268 -0.603023 4.695514 -1.103910 -18.000917 4.073876 5.675362 30.518829 5.783049 -0.842723 -32.704314 0.000000 0.000000 0.000000 -25.376380 -1.298394 -0.898754 -58.930784 -6.123024 -6.729331 -131.387008 -49.031646 101.799876 0.000000 0.000000 0.000000 14.821644 14.493867 6.632611 64.282539 17.815154 0.980208 155.621320 54.431651 148.672008 0.000000 0.000000 0.000000 
0.019808 0.939689 -0.083109 -1.405550 -7.188291 -0.937667 7.273554 0.202283 3.893070 -1.181474 0.317146 -6.663686 5.372877 12.772512 12.871773 0.000000 0.000000 0.000000 -5.417918 0.033330 3.870508 2.527055 -0.306906 -5.315496 -7.887623 -20.240856 17.792013 0.000000 0.000000 0.000000 -4.964945 0.049859 -0.284653 4.725734 -1.099748 -18.088431 3.816035 5.559166 30.434818 5.589634 -0.764457 -32.389398 0.000000 0.000000 0.000000 -25.520726 -1.330833 -0.928689 -58.874732 -5.767278 -6.882180 -130.365130 -48.672404 99.749860 0.000000 0.000000 0.000000 15.042606 13.917064 6.397237 64.267132 16.175233 0.023826 154.170927 54.304798 145.958881 0.000000 0.000000 0.000000 
0.019746 0.939597 -0.083296 -1.472148 -7.188368 -1.038484 7.194544 0.203725 3.848330 -0.895594 0.289249 -6.392695 5.403208 12.810693 12.755338 0.000000 0.000000 0.000000 -5.451407 0.036946 3.807859 2.725022 -0.312520 -5.007549 -7.897459 -20.250582 17.691492 0.000000 0.000000 0.000000 -4.807782 0.045992 -0.017241 4.465670 -1.041709 -17.862813 3.706388 5.589021 30.281197 5.623817 -0.810477 -32.071070 0.000000 0.000000 0.000000 -25.551237 -1.671845 -0.731931 -58.970772 -5.577266 -6.973048 -129.740262 -48.516309 98.634287 0.000000 0.000000 0.000000 15.334434 13.475425 6.213836 64.182318 14.989203 -0.663837 152.145345 54.610102 142.496970 0.000000 0.000000 0.000000 
0.019927 0.939260 -0.083537 -1.473518 -7.065106 -1.089920 7.175088 0.191389 3.563176 -0.859599 0.269436 -5.861141 5.396016 12.784788 12.476887 0.000000 0.000000 0.000000 -5.400237 0.035221 3.689704 2.630927 -0.305806 -4.683293 -7.996892 -20.382935 17.557171 0.000000 0.000000 0.000000 -4.696848 0.042639 0.305027 4.283009 -0.993918 -17.748616 3.462615 5.516196 30.204150 5.658888 -0.860978 -31.760556 0.000000 0.000000 0.000000 -25.986523 -1.749133 -0.724902 -58.909942 -5.647361 -6.923650 -128.862340 -48.358202 97.163484 0.000000 0.000000 0.000000 15.605346 13.200472 6.104789 64.297200 13.706096 -1.395576 150.669195 54.886602 140.086119 0.000000 0.000000 0.000000 
0.020255 0.939014 -0.083728 -1.437915 -6.988519 -1.151126 7.064349 0.183311 3.319552 -0.757851 0.245995 -5.371163 5.407623 12.786703 12.248844 0.000000 0.000000 0.000000 -5.450762 0.045218 3.492146 2.622792 -0.300649 -4.217520 -8.074302 -20.489002 17.407644 0.000000 0.000000 0.000000 -4.623639 0.039945 0.574737 4.179367 -0.972461 -17.605932 3.353213 5.558279 30.261675 5.651541 -0.816393 -32.032838 0.000000 0.000000 0.000000 -26.189242 -2.063543 -0.567739 -59.056430 -5.752739 -6.893371 -127.731196 -48.976750 96.407495 0.000000 0.000000 0.000000 16.043441 12.887887 6.014128 64.292081 12.797145 -1.935785 148.004894 55.339532 135.963569 0.000000 0.000000 0.000000 
0.020659 0.938513 -0.083850 -1.355687 -7.096526 -1.193243 6.945380 0.181973 3.157705 -0.760421 0.234487 -4.994659 5.507745 12.917455 12.019851 0.000000 0.000000 0.000000 -5.451571 0.053501 3.332814 2.400556 -0.284117 -3.916658 -8.068405 -20.479574 17.161092 0.000000 0.000000 0.000000 -4.594650 0.038797 0.760470 4.191937 -0.993192 -17.396684 3.154232 5.445422 30.275610 5.625805 -0.827661 -32.102549 0.000000 0.000000 0.000000 -26.477287 -1.852462 -0.648007 -59.145069 -5.470546 -7.061321 -127.018011 -49.283355 95.990242 0.000000 0.000000 0.000000 16.445894 13.028483 6.078753 64.203056 12.078832 -2.361360 146.649797 56.044812 134.140374 0.000000 0.000000 0.000000 
0.021012 0.938350 -0.083898 -1.296134 -7.311903 -1.155323 6.874899 0.187912 3.183978 -0.815015 0.241147 -5.056840 5.618130 13.077399 12.030098 0.000000 0.000000 0.000000 -5.626210 0.075419 3.199133 2.529941 -0.288742 -3.844236 -7.971789 -20.346935 17.045443 0.000000 0.000000 0.000000 -4.565400 0.039221 0.853730 4.154830 -0.989085 -17.360056 3.116092 5.423938 30.432942 5.550084 -0.785750 -32.382732 0.000000 0.000000 0.000000 -26.512148 -1.865096 -0.574493 -59.364323 -5.861818 -6.912453 -125.429209 -50.021992 94.991144 0.000000 0.000000 0.000000 16.322515 12.978615 6.006601 64.356100 11.802043 -2.530946 146.020991 56.469691 133.396027 0.000000 0.000000 0.000000 
0.021285 0.938925 -0.083872 -1.298887 -7.444422 -1.051549 6.724043 0.195009 3.282195 -0.594133 0.234610 -5.389912 5.653217 13.145406 12.324973 0.000000 0.000000 0.000000 -5.567144 0.080001 3.074257 2.385466 -0.280243 -3.872352 -7.879220 -20.229045 17.215111 0.000000 0.000000 0.000000 -4.359281 0.036830 0.932205 4.261514 -1.018285 -17.432580 3.114061 5.245692 30.595078 5.359017 -0.713388 -32.583597 0.000000 0.000000 0.000000 -26.647122 -2.147585 -0.298313 -59.156936 -6.214301 -6.757203 -125.543886 -51.281162 96.934097 0.000000 0.000000 0.000000 16.443467 13.205132 6.075809 64.295615 12.107907 -2.386005 145.236677 57.117508 132.557193 0.000000 0.000000 0.000000 
0.021502 0.939515 -0.083850 -1.294042 -7.508233 -0.908141 6.754611 0.196561 3.355388 -0.698582 0.255867 -5.782164 5.636873 13.137403 12.623806 0.000000 0.000000 0.000000 -5.585493 0.090067 2.927112 2.381059 -0.280093 -3.919028 -7.820607 -20.158529 17.411050 0.000000 0.000000 0.000000 -4.001383 0.030551 1.066268 4.271798 -1.017743 -17.497840 3.009206 5.056104 30.417868 5.224478 -0.669140 -32.664258 0.000000 0.000000 0.000000 -26.592958 -2.674208 0.122471 -59.185420 -7.014386 -6.364968 -124.613822 -52.795871 97.735682 0.000000 0.000000 0.000000 16.311938 13.576022 6.189743 64.136458 12.820867 -1.966008 144.550946 57.836807 131.866765 0.000000 0.000000 0.000000 
0.021611 0.940191 -0.083721 -1.255753 -7.658168 -0.707800 6.719350 0.199281 3.415155 -0.751449 0.274864 -6.224081 5.659815 13.188205 13.001853 0.000000 0.000000 0.000000 -5.554886 0.103700 2.670318 2.225445 -0.270335 -3.902727 -7.727296 -20.045086 17.581727 0.000000 0.000000 0.000000 -3.738631 0.027040 1.146287 4.299983 -1.022313 -17.583988 2.876739 4.943528 30.150454 5.051349 -0.590995 -32.841554 0.000000 0.000000 0.000000 -26.429131 -3.422136 0.671440 -59.293168 -8.293493 -5.717304 -123.898456 -54.572438 99.074554 0.000000 0.000000 0.000000 16.500406 13.872337 6.297345 63.953825 13.492190 -1.562888 143.680914 58.715753 131.050659 0.000000 0.000000 0.000000 
0.021660 0.940449 -0.083264 -1.177011 -7.663572 -0.441992 6.542311 0.192818 3.303644 -0.614037 0.275266 -6.513134 5.656255 13.192303 13.200985 0.000000 0.000000 0.000000 -5.380888 0.105997 2.426215 1.751009 -0.245695 -3.959349 -7.737266 -20.070933 17.680611 0.000000 0.000000 0.000000 -3.534389 0.025304 1.176986 4.432807 -1.035004 -17.931767 2.671502 4.631039 30.082636 4.832167 -0.518265 -32.983740 0.000000 0.000000 0.000000 -26.395633 -3.792443 1.033150 -59.422842 -9.145324 -5.318982 -123.454158 -55.486341 99.854037 0.000000 0.000000 0.000000 16.676328 14.155759 6.377776 63.477665 13.890337 -1.354495 142.362173 59.199445 129.121577 0.000000 0.000000 0.000000 
0.021575 0.940543 -0.082405 -1.099312 -7.686918 -0.305303 6.473299 0.195290 3.375516 -0.653823 0.288848 -6.817932 5.648514 13.186878 13.330215 0.000000 0.000000 0.000000 -5.346844 0.115656 2.205996 1.533443 -0.229451 -3.758103 -7.751599 -20.095154 17.640137 0.000000 0.000000 0.000000 -3.361926 0.023329 1.140933 4.432004 -1.037627 -17.889220 2.552244 4.443656 29.834855 4.710660 -0.490559 -32.935710 0.000000 0.000000 0.000000 -26.005497 -4.304425 1.435960 -59.771015 -9.693824 -5.043564 -122.734985 -56.093022 99.792591 0.000000 0.000000 0.000000 16.630424 14.329154 6.406116 63.159075 14.073389 -1.239670 140.981209 59.460852 126.994895 0.000000 0.000000 0.000000 
0.021410 0.940472 -0.081201 -0.983596 -7.727220 -0.220280 6.297390 0.202437 3.478936 -0.573101 0.291818 -7.039725 5.662712 13.209468 13.392222 0.000000 0.000000 0.000000 -5.386905 0.116309 2.297327 1.373767 -0.225513 -3.987121 -7.738461 -20.076374 17.618210 0.000000 0.000000 0.000000 -3.256976 0.021175 1.204725 4.513244 -1.040372 -18.182057 2.307143 4.291536 29.754459 4.692622 -0.476227 -33.288667 0.000000 0.000000 0.000000 -25.805833 -4.481390 1.622713 -59.686993 -9.932041 -4.929211 -122.285144 -56.388783 99.683595 0.000000 0.000000 0.000000 16.571506 14.341806 6.361215 63.024885 14.240953 -1.152506 139.001953 59.614849 123.998092 0.000000 0.000000 0.000000 
0.021185 0.940527 -0.080049 -0.815135 -7.792781 -0.208049 6.083486 0.211351 3.559894 -0.521604 0.290702 -7.090128 5.686205 13.245054 13.457149 0.000000 0.000000 0.000000 -5.517562 0.121762 2.413522 1.277512 -0.223593 -4.145463 -7.710364 -20.035976 17.588681 0.000000 0.000000 0.000000 -3.136242 0.017019 1.322393 4.463189 -1.013364 -18.372137 2.235490 4.242883 29.760200 4.782629 -0.531382 -33.334885 0.000000 0.000000 0.000000 -25.744263 -4.631081 1.757701 -59.885029 -9.856504 -4.982668 -121.795385 -55.652160 98.301341 0.000000 0.000000 0.000000 16.534056 14.133687 6.229435 62.793199 14.226004 -1.178669 137.628479 59.369388 121.612407 0.000000 0.000000 0.000000 
0.020996 0.940747 -0.079154 -0.748512 -7.561444 -0.130376 6.005893 0.203957 3.491247 -0.483813 0.288595 -7.113507 5.567004 13.078489 13.487419 0.000000 0.000000 0.000000 -5.566525 0.119991 2.476354 1.274114 -0.226547 -4.244622 -7.823416 -20.191597 17.719493 0.000000 0.000000 0.000000 -2.999597 0.012482 1.429029 4.437231 -0.996376 -18.434718 2.235821 3.966647 29.562239 4.649254 -0.433077 -33.847572 0.000000 0.000000 0.000000 -25.767673 -4.869121 1.941856 -59.787281 -9.741610 -5.021061 -121.929858 -55.248629 98.011689 0.000000 0.000000 0.000000 16.382243 14.292606 6.263404 62.720461 14.476710 -1.022949 136.594502 59.882551 120.482956 0.000000 0.000000 0.000000 
0.020739 0.940585 -0.078555 -0.756279 -7.744374 -0.103722 6.029382 0.199065 3.339719 -0.507528 0.277097 -6.752217 5.692612 13.249032 13.367283 0.000000 0.000000 0.000000 -5.595493 0.117102 2.677016 1.338121 -0.237744 -4.641219 -7.716211 -20.041026 17.687141 0.000000 0.000000 0.000000 -2.917010 0.009388 1.521826 4.446759 -0.994474 -18.547822 2.380735 4.038064 29.618450 4.893305 -0.547052 -33.993922 0.000000 0.000000 0.000000 -25.661487 -4.776300 1.910902 -59.888970 -9.672369 -5.075811 -122.466814 -54.538292 97.943430 0.000000 0.000000 0.000000 16.259109 14.432890 6.312252 62.332100 14.938896 -0.790427 137.010428 60.343869 121.490323 0.000000 0.000000 0.000000 
0.020459 0.940581 -0.078128 -0.716132 -7.418053 -0.096727 5.915020 0.181528 3.064787 -0.319942 0.248781 -6.350215 5.570163 13.068706 13.202959 0.000000 0.000000 0.000000 -5.575990 0.111607 2.652138 1.292728 -0.232868 -4.455829 -7.902580 -20.293559 17.712302 0.000000 0.000000 0.000000 -3.011543 0.009230 1.690835 4.613090 -1.051819 -18.327908 2.329143 4.110962 29.406474 4.770219 -0.455371 -33.823552 0.000000 0.000000 0.000000 -25.600737 -4.801184 1.815879 -59.605036 -9.682259 -5.024060 -122.060659 -53.699366 96.164265 0.000000 0.000000 0.000000 16.504482 14.354738 6.364490 61.961464 15.345643 -0.565426 137.275312 60.775273 122.492665 0.000000 0.000000 0.000000 
0.020179 0.940224 -0.077787 -0.717742 -6.993389 -0.132169 6.195931 0.160950 2.872070 -0.737870 0.266342 -6.042123 5.379853 12.782759 12.906451 0.000000 0.000000 0.000000 -5.564057 0.089427 2.987630 1.356287 -0.245575 -4.799083 -8.117776 -20.576062 17.789805 0.000000 0.000000 0.000000 -2.992136 0.007411 1.708370 4.520921 -1.007799 -18.453801 2.632150 3.521048 29.686173 4.148779 -0.170759 -34.256382 0.000000 0.000000 0.000000 -26.525009 -4.725370 1.890288 -58.734267 -9.745714 -5.036372 -123.019460 -53.602398 97.474082 0.000000 0.000000 0.000000 16.586416 14.973833 6.616507 61.654707 15.402802 -0.579173 138.529143 61.542001 124.854008 0.000000 0.000000 0.000000 
0.019967 0.941272 -0.077552 -0.614736 -5.986122 -0.254353 6.134229 0.130347 2.537596 -0.706194 0.246443 -5.569068 4.861382 12.048991 12.904294 0.000000 0.000000 0.000000 -5.863748 0.076534 3.354919 1.854579 -0.276874 -4.883157 -8.571535 -21.182603 18.382557 0.000000 0.000000 0.000000 -2.765914 -0.010834 2.311714 4.061330 -0.824676 -18.916240 2.775737 3.001783 29.614087 3.875069 -0.068490 -33.722384 0.000000 0.000000 0.000000 -25.426489 -4.670918 1.825520 -58.863733 -10.391772 -4.704143 -122.617877 -54.797838 98.348374 0.000000 0.000000 0.000000 15.816788 14.309506 6.253662 61.502098 16.265928 -0.127968 137.532338 63.374450 125.296627 0.000000 0.000000 0.000000 
0.019882 0.941760 -0.077315 -0.812130 -6.846717 0.609774 6.808272 0.110372 2.244369 -1.620546 0.336124 -6.351448 5.230896 12.605193 13.462180 0.000000 0.000000 0.000000 -5.869286 0.151241 2.125147 2.157322 -0.281082 -4.599106 -8.160625 -20.651496 18.302530 0.000000 0.000000 0.000000 -2.545514 0.011728 1.125843 4.450194 -0.964704 -18.673706 2.804851 3.377176 30.236837 3.319208 0.089006 -32.682897 0.000000 0.000000 0.000000 -26.493947 -4.841866 2.001705 -58.105423 -10.376039 -4.784424 -123.232149 -54.316611 98.685698 0.000000 0.000000 0.000000 16.841407 14.694387 6.516649 60.481527 15.914858 -0.445353 138.856044 63.815710 127.500276 0.000000 0.000000 0.000000 
0.019777 0.942564 -0.077182 -0.201946 -5.879765 0.743875 6.917965 0.054780 1.324651 -2.895834 0.406496 -5.443476 4.709782 11.872437 13.455676 0.000000 0.000000 0.000000 -6.561268 0.183986 2.052183 2.349718 -0.295562 -4.523687 -8.686057 -21.356410 18.708959 0.000000 0.000000 0.000000 -2.281012 0.007936 1.032633 4.495820 -0.930408 -19.027899 1.920891 2.953972 30.553190 1.696879 0.888904 -32.115211 0.000000 0.000000 0.000000 -25.508495 -4.952125 2.030436 -58.724923 -10.793877 -4.609387 -121.315990 -55.609691 97.787881 0.000000 0.000000 0.000000 17.317236 15.028744 6.798572 59.593138 17.164322 0.113625 137.346426 65.840634 127.446210 0.000000 0.000000 0.000000 
