HIERARCHY
ROOT Hips
{
	OFFSET -0.001795 -0.223333 0.028219
	CHANNELS 6 Xposition Yposition Zposition Zrotation Yrotation Xrotation 
	JOINT LeftUpLeg
	{
		OFFSET 0.069520 -0.091406 -0.006815
		CHANNELS 3 Zrotation Yrotation Xrotation
		JOINT LeftLeg
		{
			OFFSET 0.034277 -0.375199 -0.004496
			CHANNELS 3 Zrotation Yrotation Xrotation
			JOINT LeftFoot
			{
				OFFSET -0.013596 -0.397961 -0.043693
				CHANNELS 3 Zrotation Yrotation Xrotation
				JOINT LeftToe
				{
					OFFSET 0.026358 -0.055791 0.119288
					CHANNELS 3 Zrotation Yrotation Xrotation
					End Site
					{
						OFFSET 0.000000 0.000000 0.000000
					}
				}
			}
		}
	}
	JOINT RightUpLeg
	{
		OFFSET -0.067670 -0.090522 -0.004320
		CHANNELS 3 Zrotation Yrotation Xrotation
		JOINT RightLeg
		{
			OFFSET -0.038290 -0.382569 -0.008850
			CHANNELS 3 Zrotation Yrotation Xrotation
			JOINT RightFoot
			{
				OFFSET 0.015774 -0.398415 -0.042312
				CHANNELS 3 Zrotation Yrotation Xrotation
				JOINT RightToe
				{
					OFFSET -0.025372 -0.048144 0.123348
					CHANNELS 3 Zrotation Yrotation Xrotation
					End Site
					{
						OFFSET 0.000000 0.000000 0.000000
					}
				}
			}
		}
	}
	JOINT Spine
	{
		OFFSET -0.002533 0.108963 -0.026696
		CHANNELS 3 Zrotation Yrotation Xrotation
		JOINT Spine1
		{
			OFFSET 0.005487 0.135180 0.001092
			CHANNELS 3 Zrotation Yrotation Xrotation
			JOINT Spine2
			{
				OFFSET 0.001457 0.052922 0.025425
				CHANNELS 3 Zrotation Yrotation Xrotation
				JOINT Neck
				{
					OFFSET -0.002778 0.213870 -0.042857
					CHANNELS 3 Zrotation Yrotation Xrotation
					JOINT Head
					{
						OFFSET 0.005152 0.064970 0.051349
						CHANNELS 3 Zrotation Yrotation Xrotation
						End Site
						{
							OFFSET 0.000000 0.000000 0.000000
						}
					}
				}
				JOINT LeftShoulder
				{
					OFFSET 0.078845 0.121749 -0.034090
					CHANNELS 3 Zrotation Yrotation Xrotation
					JOINT LeftArm
					{
						OFFSET 0.090977 0.030469 -0.008868
						CHANNELS 3 Zrotation Yrotation Xrotation
						JOINT LeftForeArm
						{
							OFFSET 0.259612 -0.012772 -0.027456
							CHANNELS 3 Zrotation Yrotation Xrotation
							JOINT LeftHand
							{
								OFFSET 0.249234 0.008986 -0.001171
								CHANNELS 3 Zrotation Yrotation Xrotation
								End Site
								{
									OFFSET 0.000000 0.000000 0.000000
								}
							}
						}
					}
				}
				JOINT RightShoulder
				{
					OFFSET -0.081759 0.118833 -0.038615
					CHANNELS 3 Zrotation Yrotation Xrotation
					JOINT RightArm
					{
						OFFSET -0.096012 0.032551 -0.009143
						CHANNELS 3 Zrotation Yrotation Xrotation
						JOINT RightForeArm
						{
							OFFSET -0.253742 -0.013329 -0.021401
							CHANNELS 3 Zrotation Yrotation Xrotation
							JOINT RightHand
							{
								OFFSET -0.255298 0.007772 -0.005559
								CHANNELS 3 Zrotation Yrotation Xrotation
								End Site
								{
									OFFSET 0.000000 0.000000 0.000000
								}
							}
						}
					}
				}
			}
		}
	}
}
MOTION
Frames: 196
Frame Time: 0.050000
0.000000 0.884756 0.000000 0.934809 1.137074 9.433547 7.954787 -1.206466 -38.067037 -19.746802 7.097079 33.669036 13.405175 26.857775 3.394861 0.000000 0.000000 0.000000 -2.546848 3.151215 -40.700416 12.027050 -3.809885 33.421857 -7.210526 -18.120566 0.150797 0.000000 0.000000 0.000000 2.148118 -2.912637 41.654028 0.343116 -0.202266 1.204536 -6.161039 2.568506 7.375321 13.792820 -6.052606 -19.615673 0.000000 0.000000 0.000000 -21.278418 -38.014481 19.621805 -27.524498 -32.322880 3.213903 16.390028 -16.287684 -1.664810 0.000000 0.000000 0.000000 22.830861 25.133285 14.940277 38.032221 34.091948 5.860123 -12.127807 22.650372 -1.262792 0.000000 0.000000 0.000000 
-0.001338 0.873797 0.006114 0.867717 2.294157 10.451532 10.436986 -0.666527 -40.575634 -23.969322 8.960320 34.831396 14.440047 28.650602 4.294340 0.000000 0.000000 0.000000 -2.885831 3.027863 -43.347785 13.871049 -5.218784 37.411178 -7.999600 -19.989118 -0.728026 0.000000 0.000000 0.000000 1.309199 -2.816131 42.219728 2.033505 -1.058632 2.105836 -7.307709 4.900963 5.786708 15.793256 -5.929294 -23.052616 0.000000 0.000000 0.000000 -18.683078 -39.412797 18.766543 -28.293374 -34.481231 4.029529 15.468915 -15.505800 -1.485579 0.000000 0.000000 0.000000 24.715107 23.825485 15.830260 35.319419 34.701096 5.155200 -12.766828 24.081234 -1.397655 0.000000 0.000000 0.000000 
-0.001815 0.862749 0.011865 1.227125 2.784637 9.939959 11.399997 -0.438815 -41.461071 -25.402045 10.037078 37.277998 14.782452 29.594310 2.364258 0.000000 0.000000 0.000000 -4.054857 2.578211 -44.502477 16.183466 -6.994774 41.435185 -8.895703 -22.231039 -2.995095 0.000000 0.000000 0.000000 1.075104 -2.906371 43.681353 2.256896 -1.186341 2.335743 -7.514486 4.498734 5.329794 13.374608 -5.226884 -20.416702 0.000000 0.000000 0.000000 -18.651493 -40.058017 19.215769 -26.916445 -35.303767 3.904373 17.071609 -12.938428 -1.401961 0.000000 0.000000 0.000000 24.439458 25.128132 16.423288 32.829034 35.127913 4.795343 -14.050125 24.687300 -1.727217 0.000000 0.000000 0.000000 
-0.001258 0.846414 0.017003 0.818471 2.650513 9.035078 13.871479 0.454922 -42.646528 -29.389023 12.865655 40.610832 15.409705 30.868345 1.132824 0.000000 0.000000 0.000000 -4.631052 2.545314 -48.059075 17.926735 -8.986375 48.001032 -9.414831 -23.280708 -1.443646 0.000000 0.000000 0.000000 0.980079 -3.060085 46.417872 1.604877 -0.910126 3.091848 -7.491408 4.201449 4.813065 13.121306 -4.391887 -23.647863 0.000000 0.000000 0.000000 -15.888894 -41.178021 19.137244 -25.082118 -37.577680 3.864280 17.803215 -11.272245 -1.281479 0.000000 0.000000 0.000000 22.348025 26.922414 16.751348 32.008525 36.803067 5.235749 -15.499994 27.017309 -2.249243 0.000000 0.000000 0.000000 
0.000725 0.823996 0.020650 0.409080 3.373060 8.303686 15.618011 0.961897 -43.749059 -31.822468 14.776201 43.448150 15.812917 32.492365 -2.609104 0.000000 0.000000 0.000000 -5.844250 1.955696 -50.886268 19.866783 -11.400365 53.183408 -9.458523 -23.459845 -3.414821 0.000000 0.000000 0.000000 0.698683 -3.292369 48.866532 1.384972 -0.776858 2.478516 -7.206030 4.189143 4.861038 12.742379 -4.067859 -24.216958 0.000000 0.000000 0.000000 -13.868474 -43.151851 19.592827 -22.884309 -38.828718 3.481919 18.922743 -9.156255 -1.116222 0.000000 0.000000 0.000000 20.919709 28.518288 17.324269 30.412890 37.878706 5.160569 -17.793978 28.304177 -2.901771 0.000000 0.000000 0.000000 
0.004021 0.795622 0.022175 0.283294 3.583995 7.608764 17.850671 1.791088 -44.998374 -36.280091 18.003409 45.738105 15.986320 33.876899 -6.388044 0.000000 0.000000 0.000000 -7.296905 1.281609 -54.484496 21.776206 -14.439436 60.272026 -8.950961 -22.238080 -5.890515 0.000000 0.000000 0.000000 0.671976 -3.593621 51.871225 0.705006 -0.411116 1.745439 -7.135024 4.136285 5.280338 12.448585 -3.224512 -27.803350 0.000000 0.000000 0.000000 -11.451933 -44.621410 19.592086 -20.366453 -40.576383 2.998943 20.340786 -7.109393 -0.938994 0.000000 0.000000 0.000000 18.523388 29.647303 17.185726 28.061336 39.137432 4.905320 -19.655422 28.667524 -3.389533 0.000000 0.000000 0.000000 
0.007896 0.764595 0.021899 0.339434 4.746592 7.466345 19.322107 2.204195 -47.703585 -40.454697 21.001659 47.901412 16.849110 36.925066 -9.572884 0.000000 0.000000 0.000000 -8.871771 0.086369 -58.118200 22.989470 -17.236693 65.795021 -9.022645 -22.477617 -8.598524 0.000000 0.000000 0.000000 0.938105 -4.286799 54.233255 0.433347 -0.257313 1.093005 -7.223627 3.356820 5.375163 11.631201 -2.720618 -28.714665 0.000000 0.000000 0.000000 -9.860884 -45.385088 19.576202 -17.034164 -42.394763 2.226428 21.661795 -4.750763 -0.645951 0.000000 0.000000 0.000000 17.025159 31.075721 17.405592 25.631539 39.896367 4.435554 -21.923853 28.111207 -3.845313 0.000000 0.000000 0.000000 
0.011544 0.731111 0.020582 0.121078 5.124367 6.853615 21.736443 3.240927 -50.019418 -45.201679 25.060572 50.373444 16.979173 38.570904 -12.749359 0.000000 0.000000 0.000000 -10.132816 -0.849838 -61.386507 23.958128 -20.011798 71.892154 -8.864941 -22.054640 -11.355591 0.000000 0.000000 0.000000 0.755370 -4.607996 57.121783 -0.263297 0.044170 1.969576 -7.454204 3.748120 3.359535 11.913171 -2.744790 -28.563849 0.000000 0.000000 0.000000 -9.889349 -47.603419 20.657968 -12.807539 -41.883171 1.035812 22.182314 -3.882773 -0.524650 0.000000 0.000000 0.000000 16.241837 31.692357 17.639476 22.015067 40.138042 3.564742 -21.443237 26.706292 -3.540942 0.000000 0.000000 0.000000 
0.014246 0.697234 0.019309 0.015970 6.455648 6.303486 23.767245 3.943506 -52.986586 -50.456866 29.156192 52.140616 17.831082 41.245859 -13.986218 0.000000 0.000000 0.000000 -11.361416 -2.293499 -64.437654 24.473637 -22.689075 77.289450 -8.797569 -21.767251 -13.763974 0.000000 0.000000 0.000000 0.514675 -5.256190 60.156949 -0.387204 0.129537 1.188221 -7.589391 3.962956 3.167672 12.159869 -2.637377 -29.485830 0.000000 0.000000 0.000000 -8.728262 -49.300935 21.007108 -8.639742 -42.820351 -0.192911 22.103843 -1.080303 -0.079050 0.000000 0.000000 0.000000 14.720149 32.880947 17.893213 18.205534 40.570486 2.592814 -20.189951 23.228826 -2.825057 0.000000 0.000000 0.000000 
0.016065 0.664315 0.018741 -0.232523 6.053985 5.588657 26.492975 5.620303 -55.575784 -55.588174 33.659775 53.084965 18.106289 41.741480 -14.165487 0.000000 0.000000 0.000000 -11.925825 -2.728549 -67.705413 24.661804 -24.597971 82.699785 -8.811664 -21.925424 -16.481052 0.000000 0.000000 0.000000 -0.541983 -4.816592 63.355022 -1.234141 0.542606 1.139140 -7.089013 4.652395 1.876147 12.583847 -2.668699 -29.918255 0.000000 0.000000 0.000000 -8.751437 -51.142151 21.905529 -5.502692 -42.429615 -1.091604 22.226328 0.713489 0.205454 0.000000 0.000000 0.000000 14.211883 33.621732 18.205032 15.049518 40.776351 1.789541 -19.320398 21.279862 -2.426414 0.000000 0.000000 0.000000 
0.017280 0.634845 0.018901 -0.514141 6.427985 4.557799 28.522616 6.774909 -57.812938 -59.356856 37.255646 54.355213 18.740739 42.929648 -13.990904 0.000000 0.000000 0.000000 -12.183436 -3.293960 -70.133329 24.925111 -26.858457 87.640032 -9.251430 -23.622880 -17.529582 0.000000 0.000000 0.000000 -1.636051 -4.521991 66.001762 -1.430350 0.649360 0.800647 -6.594303 5.246220 1.694870 12.415488 -2.634801 -29.522889 0.000000 0.000000 0.000000 -8.573420 -52.044323 22.143791 -3.285640 -42.221513 -1.734242 21.808502 1.482373 0.313051 0.000000 0.000000 0.000000 13.862878 34.643758 18.677668 11.818216 40.735919 0.903277 -17.751252 19.862874 -2.035256 0.000000 0.000000 0.000000 
0.018248 0.606549 0.019356 -0.871722 6.012381 3.413337 30.327632 8.158168 -59.536162 -63.325464 41.144519 55.301437 19.627859 44.269377 -13.351179 0.000000 0.000000 0.000000 -11.778036 -3.002566 -72.355060 24.724397 -28.488519 92.513249 -9.628822 -25.744505 -20.619806 0.000000 0.000000 0.000000 -2.428096 -3.980704 67.701577 -1.946748 0.892349 1.459353 -6.240278 5.666983 0.652303 12.671285 -2.990868 -28.082014 0.000000 0.000000 0.000000 -8.010203 -52.310829 21.924955 -2.916782 -42.174295 -1.793157 22.317183 1.405458 0.297025 0.000000 0.000000 0.000000 13.390007 34.880446 18.591809 12.004548 40.869156 1.064427 -18.203832 20.057615 -2.128552 0.000000 0.000000 0.000000 
0.019258 0.582839 0.019678 -1.122408 6.024386 2.073920 30.880098 8.724120 -61.045413 -64.874445 44.060190 57.648957 21.303269 46.862544 -12.047326 0.000000 0.000000 0.000000 -11.052926 -2.603548 -73.661470 23.205613 -28.909384 97.857254 -9.925354 -27.306664 -21.262774 0.000000 0.000000 0.000000 -3.098975 -3.682323 69.489731 -1.894806 0.882314 0.978926 -6.055326 6.056422 0.555174 12.534329 -3.018420 -27.572542 0.000000 0.000000 0.000000 -6.942788 -52.511950 21.403880 -3.092537 -41.486778 -1.692172 22.654210 0.476131 0.131232 0.000000 0.000000 0.000000 12.941391 34.940955 18.395964 12.357428 41.282879 1.261767 -17.984505 20.880087 -2.205271 0.000000 0.000000 0.000000 
0.020215 0.562441 0.019497 -1.464895 6.101095 0.612564 31.337653 9.098986 -61.864656 -66.465956 46.773882 59.632939 22.078905 49.295292 -13.378202 0.000000 0.000000 0.000000 -10.601324 -2.409604 -74.814219 22.335695 -29.790849 102.318641 -10.180738 -29.060357 -22.534400 0.000000 0.000000 0.000000 -3.335937 -3.687131 71.043698 -1.864194 0.877241 0.804582 -6.170572 5.871769 0.619580 12.377743 -3.040086 -27.343909 0.000000 0.000000 0.000000 -5.002701 -52.104318 20.309529 -2.682315 -41.656279 -1.811324 22.603597 0.736467 0.151834 0.000000 0.000000 0.000000 12.763280 34.889823 18.101743 13.433460 41.508401 1.649922 -19.004461 22.307454 -2.564910 0.000000 0.000000 0.000000 
0.021015 0.548961 0.018648 -1.475109 6.469805 -0.279658 31.246770 9.036660 -62.748779 -66.806721 48.478696 61.605309 22.480545 50.121100 -13.435360 0.000000 0.000000 0.000000 -10.344002 -2.498346 -75.819154 21.056618 -29.895028 106.281376 -10.254203 -29.256501 -21.724630 0.000000 0.000000 0.000000 -3.664513 -3.653063 71.432933 -1.442905 0.682148 0.486447 -6.158261 5.987562 1.271229 12.253771 -3.084937 -26.942655 0.000000 0.000000 0.000000 -3.918590 -51.683324 19.539286 -2.393760 -41.364970 -1.899041 23.094378 0.574327 0.107586 0.000000 0.000000 0.000000 12.584634 34.266329 17.622180 14.957351 41.894424 2.155432 -19.531424 24.357202 -2.939137 0.000000 0.000000 0.000000 
0.021585 0.534982 0.016999 -1.664743 6.658791 -1.506118 31.869249 9.330984 -62.916151 -67.485568 50.501850 63.548802 22.021303 50.143114 -14.766365 0.000000 0.000000 0.000000 -9.945824 -2.356627 -76.494515 20.532522 -30.675677 109.350118 -10.580527 -30.802465 -21.422740 0.000000 0.000000 0.000000 -4.060508 -3.460335 71.401934 -1.078537 0.505207 0.643397 -6.077472 5.882694 1.864297 12.155290 -3.081414 -27.008611 0.000000 0.000000 0.000000 -2.169700 -50.936420 18.398468 -1.973083 -41.728836 -2.056263 23.473578 0.511586 0.075256 0.000000 0.000000 0.000000 12.571355 33.599450 17.105257 17.199175 42.356925 2.909464 -21.114246 26.687532 -3.601558 0.000000 0.000000 0.000000 
0.021919 0.524163 0.014817 -1.885447 7.089912 -2.510536 32.320740 9.305827 -62.606373 -68.522864 51.885965 64.355641 22.154088 50.523023 -14.864750 0.000000 0.000000 0.000000 -9.607834 -2.353385 -76.268949 20.011163 -31.263850 111.693939 -10.705414 -31.278093 -20.880010 0.000000 0.000000 0.000000 -4.270535 -3.527690 71.424549 -1.014262 0.476521 0.641016 -5.766472 5.857474 2.345151 12.074657 -3.127314 -26.771833 0.000000 0.000000 0.000000 0.465280 -50.774663 17.218924 -1.526022 -42.519724 -2.282771 23.112676 1.157373 0.168227 0.000000 0.000000 0.000000 10.742333 32.826003 15.942526 20.737249 42.947652 4.189139 -22.463316 28.654150 -4.197024 0.000000 0.000000 0.000000 
0.022091 0.510847 0.012359 -2.013495 7.442809 -4.042529 33.088099 9.466022 -62.064213 -70.632884 53.630914 64.446399 22.632617 51.892748 -15.207342 0.000000 0.000000 0.000000 -9.542225 -2.522010 -76.243626 20.429886 -33.030276 113.329296 -11.042846 -32.930011 -20.663282 0.000000 0.000000 0.000000 -4.647682 -3.437304 71.423524 -0.573166 0.270857 0.405345 -5.949957 6.245821 3.406360 12.083970 -3.105186 -26.972252 0.000000 0.000000 0.000000 2.939412 -50.552195 15.961122 -1.808458 -43.406067 -2.328144 23.645048 1.850996 0.251500 0.000000 0.000000 0.000000 9.048293 31.896190 14.844828 24.285133 43.595729 5.538328 -24.952362 30.878018 -5.166284 0.000000 0.000000 0.000000 
0.022280 0.498100 0.009771 -2.173027 7.755746 -5.526056 33.769065 9.585158 -61.540823 -72.097031 55.133213 64.900178 22.845659 52.413796 -15.173913 0.000000 0.000000 0.000000 -9.664373 -2.805452 -75.902814 21.298770 -35.226938 114.232179 -11.500397 -34.758245 -19.892413 0.000000 0.000000 0.000000 -4.900474 -3.425033 71.431575 -0.571973 0.266092 0.646166 -6.081506 5.933963 3.489070 12.133238 -3.180553 -26.994068 0.000000 0.000000 0.000000 4.523985 -50.164193 15.135813 -2.421845 -44.415288 -2.185426 23.358677 2.531745 0.347966 0.000000 0.000000 0.000000 8.333867 31.430492 14.216696 27.814500 43.997476 6.879972 -26.637778 32.575356 -5.947480 0.000000 0.000000 0.000000 
0.022587 0.482252 0.007251 -2.275348 8.244273 -7.313176 34.805525 9.791209 -60.870861 -71.934134 57.115483 67.641211 21.747506 51.410418 -16.648657 0.000000 0.000000 0.000000 -10.035897 -3.355553 -75.395122 22.378564 -37.870379 115.146196 -11.857055 -36.585580 -19.735659 0.000000 0.000000 0.000000 -5.343043 -3.371139 71.702014 -0.535905 0.241061 0.992018 -6.120783 5.933679 3.813760 11.757205 -2.937407 -27.430332 0.000000 0.000000 0.000000 7.697936 -50.194106 13.809372 -3.146441 -46.028579 -2.093763 23.041635 4.621265 0.658346 0.000000 0.000000 0.000000 6.556487 30.914713 13.257674 30.625578 44.977387 8.256928 -29.018498 33.195502 -6.743886 0.000000 0.000000 0.000000 
0.023069 0.466043 0.004910 -2.496397 8.274823 -9.175284 36.070657 10.290986 -60.116210 -72.718576 58.909198 69.023872 21.542595 51.289156 -16.810194 0.000000 0.000000 0.000000 -10.363742 -3.643515 -75.028944 23.697605 -40.617365 115.742696 -12.247861 -38.347644 -19.182596 0.000000 0.000000 0.000000 -5.746470 -3.148580 71.838953 -1.017915 0.481911 1.304639 -6.083753 5.838778 3.840013 11.548257 -2.938341 -27.087403 0.000000 0.000000 0.000000 9.722687 -49.838411 12.831615 -4.696568 -47.919356 -1.666953 22.526428 5.879939 0.822378 0.000000 0.000000 0.000000 5.877836 30.572988 12.725594 33.081633 45.428734 9.359893 -30.082053 33.700616 -7.196261 0.000000 0.000000 0.000000 
0.023613 0.450855 0.003148 -2.744071 8.344488 -11.099494 37.590052 10.878699 -59.339116 -72.540750 60.983687 71.691321 20.624879 49.749593 -17.163784 0.000000 0.000000 0.000000 -10.398093 -3.710795 -74.515652 24.779370 -43.174809 116.545822 -12.617807 -39.882223 -18.454522 0.000000 0.000000 0.000000 -6.534977 -2.670818 71.824828 -1.174143 0.563511 1.557721 -5.814050 6.112424 4.011412 11.185716 -2.791749 -26.899758 0.000000 0.000000 0.000000 11.541284 -49.377420 11.891326 -6.611832 -49.678260 -1.082786 22.178984 7.071769 0.961439 0.000000 0.000000 0.000000 4.971900 30.738901 12.387781 35.385957 45.754361 10.416696 -31.531126 32.967499 -7.442283 0.000000 0.000000 0.000000 
0.024430 0.437955 0.002446 -3.018872 8.551150 -12.930192 39.152165 11.393101 -58.600824 -73.216641 62.734442 73.051145 20.959138 49.684043 -15.828026 0.000000 0.000000 0.000000 -10.653196 -4.068026 -74.359605 26.104206 -45.760132 116.861405 -13.256871 -41.308361 -16.277231 0.000000 0.000000 0.000000 -7.056497 -2.461554 71.935611 -1.617557 0.786991 2.355314 -5.757372 6.493449 3.212483 11.392006 -2.817459 -27.077990 0.000000 0.000000 0.000000 11.191821 -49.861384 12.019780 -8.634209 -50.604678 -0.308653 21.760254 7.351525 0.958827 0.000000 0.000000 0.000000 4.783279 30.248844 12.053979 37.047499 45.613346 11.095072 -31.320006 33.277657 -7.470118 0.000000 0.000000 0.000000 
0.025713 0.428151 0.003142 -3.260503 8.521047 -14.856287 40.833588 11.877269 -57.110654 -68.392236 64.127717 80.043852 19.429320 46.581918 -15.896059 0.000000 0.000000 0.000000 -10.965208 -4.313915 -73.881548 27.223843 -48.073657 117.342141 -13.640915 -41.312225 -13.629416 0.000000 0.000000 0.000000 -7.768738 -2.035675 72.149605 -1.852316 0.930534 1.999054 -5.551911 6.908593 3.623969 11.520908 -2.827371 -27.414925 0.000000 0.000000 0.000000 10.002183 -49.214906 12.093869 -11.564984 -51.741749 0.857687 21.828293 7.701690 0.973833 0.000000 0.000000 0.000000 4.794851 31.078906 12.286690 37.078257 45.433788 11.066239 -31.697131 32.245664 -7.349645 0.000000 0.000000 0.000000 
0.027486 0.420294 0.005194 -3.673712 8.849316 -16.839185 42.280561 11.979650 -55.433800 -65.682945 64.920824 84.274951 18.746993 44.660039 -14.955067 0.000000 0.000000 0.000000 -11.678900 -5.055714 -73.133266 28.121455 -49.973295 117.762511 -13.569815 -40.437327 -11.797618 0.000000 0.000000 0.000000 -8.096099 -2.036948 72.286098 -2.805256 1.449593 2.894266 -5.100919 7.099986 2.873304 11.693191 -2.872786 -27.606098 0.000000 0.000000 0.000000 7.471835 -49.182627 12.844949 -15.114242 -51.677482 2.422183 22.946300 6.701449 0.842312 0.000000 0.000000 0.000000 4.892336 30.918417 12.139853 36.336605 44.880070 10.647239 -30.515715 31.584305 -6.913980 0.000000 0.000000 0.000000 
0.029432 0.413602 0.008165 -4.073840 9.175813 -18.600626 43.325335 11.878483 -53.849609 -58.221770 64.932913 93.363935 17.247860 40.774570 -13.947405 0.000000 0.000000 0.000000 -12.223625 -5.639591 -72.158772 28.972651 -51.917098 118.257446 -14.076625 -40.025126 -7.546470 0.000000 0.000000 0.000000 -8.275588 -2.139305 72.047929 -3.458068 1.824327 3.167612 -4.768686 6.871947 3.162445 11.534794 -2.802346 -27.924797 0.000000 0.000000 0.000000 4.917965 -48.038132 13.263277 -19.128647 -51.736278 4.169314 24.369220 5.704788 0.694442 0.000000 0.000000 0.000000 4.634602 31.628270 12.182996 35.775607 44.402518 10.283084 -30.131517 30.247261 -6.546310 0.000000 0.000000 0.000000 
0.031031 0.407425 0.011664 -4.466455 9.757121 -19.977495 44.644069 11.834067 -52.614768 -53.380590 64.794796 99.427184 16.043680 38.430904 -14.622174 0.000000 0.000000 0.000000 -12.904507 -6.446982 -71.310334 28.874801 -52.677425 119.230837 -13.506342 -38.818501 -7.479801 0.000000 0.000000 0.000000 -8.418271 -2.366962 72.137363 -4.271885 2.296748 3.583620 -4.495146 7.456960 2.855339 12.159868 -3.163032 -27.465054 0.000000 0.000000 0.000000 1.974322 -47.718040 14.006323 -22.995264 -50.814884 5.665150 26.630916 3.905595 0.348528 0.000000 0.000000 0.000000 4.876463 30.843363 11.922347 35.476347 42.985420 9.712614 -29.015880 30.794763 -6.367437 0.000000 0.000000 0.000000 
0.031969 0.400915 0.015299 -4.803113 10.113120 -21.116570 45.582726 11.783677 -51.672163 -46.985640 64.056746 107.107369 14.305127 34.866508 -15.982070 0.000000 0.000000 0.000000 -13.006246 -6.758992 -71.059530 29.056921 -53.855292 120.086881 -13.681840 -39.051281 -6.108218 0.000000 0.000000 0.000000 -8.669560 -2.425602 72.233173 -4.991475 2.725164 4.178398 -4.424259 7.515210 2.417672 12.791559 -3.271755 -28.556113 0.000000 0.000000 0.000000 -0.571292 -46.860498 14.475352 -26.645024 -49.173744 6.893036 30.079137 1.337781 -0.277050 0.000000 0.000000 0.000000 5.738197 31.245246 12.291127 34.876505 41.477687 8.990478 -28.476293 29.661959 -5.985377 0.000000 0.000000 0.000000 
0.032338 0.394375 0.019192 -5.101010 10.563464 -21.709471 46.273618 11.689782 -51.186418 -41.314341 62.868261 113.791935 13.029964 32.586605 -18.396944 0.000000 0.000000 0.000000 -12.992657 -7.077255 -71.242674 29.223694 -55.018924 120.908721 -13.815968 -39.174936 -4.753758 0.000000 0.000000 0.000000 -8.983683 -2.475175 72.536439 -5.570005 3.060762 3.994292 -4.280141 7.703678 2.463313 13.463046 -3.406726 -29.599333 0.000000 0.000000 0.000000 -3.148667 -46.778213 15.195885 -28.995986 -47.254341 7.452634 34.601620 -0.909102 -1.072952 0.000000 0.000000 0.000000 6.644606 30.757898 12.334059 35.451946 39.929185 8.595668 -28.821653 29.997459 -6.130637 0.000000 0.000000 0.000000 
0.032507 0.389337 0.023448 -5.424046 11.008384 -21.985579 47.205245 11.670966 -50.655496 -35.279413 60.822165 120.772257 11.359875 28.439834 -20.477366 0.000000 0.000000 0.000000 -12.956807 -7.409555 -71.714420 29.671733 -56.449862 121.499010 -14.006743 -39.084723 -2.609188 0.000000 0.000000 0.000000 -9.322321 -2.472850 72.407529 -5.846155 3.235807 4.392367 -4.216132 7.834032 1.673332 13.824308 -3.456180 -30.023460 0.000000 0.000000 0.000000 -6.322653 -46.523394 16.053549 -30.762675 -44.933343 7.699768 38.296117 -3.878883 -2.268382 0.000000 0.000000 0.000000 8.035401 30.720150 12.774909 36.035309 37.747112 7.983877 -29.121621 30.129732 -6.219568 0.000000 0.000000 0.000000 
0.032713 0.387714 0.027841 -5.693419 11.220045 -22.113279 46.654290 11.387997 -50.876963 -32.216196 59.195902 124.202005 11.041762 27.811924 -21.440892 0.000000 0.000000 0.000000 -12.512557 -7.214424 -71.669409 29.014303 -56.602099 122.639002 -13.768465 -38.307382 -1.987604 0.000000 0.000000 0.000000 -9.648537 -2.386238 72.292155 -6.119009 3.397067 4.551399 -4.059841 7.673314 1.711806 13.679960 -3.308894 -30.514314 0.000000 0.000000 0.000000 -8.262186 -46.004870 16.433632 -30.913617 -43.597689 7.549978 41.055218 -6.057203 -3.279488 0.000000 0.000000 0.000000 8.569589 29.913351 12.543288 37.734940 36.592307 8.019132 -30.518859 31.088790 -6.787492 0.000000 0.000000 0.000000 
0.033080 0.387582 0.031772 -6.015475 11.288092 -21.708454 46.351405 11.220215 -50.910981 -30.358362 57.928770 126.151926 10.891382 27.771518 -22.754213 0.000000 0.000000 0.000000 -12.541154 -7.228860 -71.240864 28.424168 -56.506421 123.495393 -13.302278 -37.069843 -1.711214 0.000000 0.000000 0.000000 -9.719272 -2.369169 72.001786 -6.391187 3.541574 4.482735 -3.927588 7.437443 1.608835 13.937786 -3.361157 -30.989262 0.000000 0.000000 0.000000 -9.597409 -45.724667 16.796809 -30.696392 -42.767512 7.340625 42.865561 -7.631135 -4.025447 0.000000 0.000000 0.000000 8.715752 28.870962 12.114051 39.736315 36.187764 8.402439 -31.601324 32.216657 -7.342088 0.000000 0.000000 0.000000 
0.033564 0.390815 0.034473 -6.347918 11.470807 -20.923773 45.501497 10.904256 -51.468289 -28.881573 56.492244 127.435561 11.261328 28.716925 -22.356179 0.000000 0.000000 0.000000 -12.190388 -7.002394 -70.836314 27.731829 -55.609314 123.654400 -12.729024 -36.436815 -4.396838 0.000000 0.000000 0.000000 -9.963800 -2.270221 71.542608 -6.377837 3.533221 4.990334 -3.942876 7.150209 0.457447 13.625105 -3.226192 -30.671888 0.000000 0.000000 0.000000 -10.599870 -45.298101 17.030324 -30.567425 -42.448651 7.302679 43.803017 -8.779103 -4.546931 0.000000 0.000000 0.000000 9.998555 28.274723 12.264895 40.946247 35.903617 8.613122 -33.423565 32.788579 -8.010231 0.000000 0.000000 0.000000 
0.034081 0.394421 0.035782 -6.560300 11.435549 -20.212279 44.654183 10.686067 -51.953846 -27.867922 55.141106 128.094931 11.582014 30.000969 -23.109411 0.000000 0.000000 0.000000 -11.973109 -6.773479 -70.637514 26.767588 -54.259167 123.982616 -12.072706 -35.606966 -7.713905 0.000000 0.000000 0.000000 -10.085868 -2.166448 71.578350 -6.449962 3.540162 4.416894 -3.940693 6.967654 0.197057 13.868662 -3.218367 -31.307948 0.000000 0.000000 0.000000 -10.992547 -45.179966 17.176790 -30.970095 -42.406917 7.415088 44.402683 -9.385082 -4.826918 0.000000 0.000000 0.000000 10.862064 27.327104 12.083395 42.458280 36.672371 9.296979 -34.320497 33.051456 -8.342127 0.000000 0.000000 0.000000 
0.034425 0.398566 0.036060 -6.979570 11.423455 -19.269462 43.934443 10.470152 -52.405255 -27.493234 54.251940 128.015059 11.660665 30.794443 -24.516900 0.000000 0.000000 0.000000 -11.762157 -6.578539 -70.415308 26.898534 -53.701263 123.043996 -11.973513 -35.468157 -8.751129 0.000000 0.000000 0.000000 -10.255986 -2.028859 71.136735 -6.496997 3.555449 4.591483 -3.887257 6.479957 -0.762383 13.644886 -3.258704 -30.522435 0.000000 0.000000 0.000000 -11.136551 -44.903956 17.260924 -30.290968 -42.993512 7.391756 43.231309 -8.733599 -4.347567 0.000000 0.000000 0.000000 11.448420 27.374602 12.257243 43.485221 37.735884 10.056259 -35.048059 32.981434 -8.590638 0.000000 0.000000 0.000000 
0.034574 0.400748 0.035967 -7.431250 11.498845 -18.814829 43.520738 10.307185 -52.703084 -26.526406 52.966856 128.760888 11.257151 29.664972 -25.369060 0.000000 0.000000 0.000000 -11.268322 -6.284974 -70.616465 27.889120 -54.154251 121.540967 -12.621101 -37.323234 -8.895786 0.000000 0.000000 0.000000 -10.344511 -2.022221 71.220099 -6.591354 3.603866 4.688602 -3.865151 6.681347 -1.589290 14.025130 -3.497716 -29.910165 0.000000 0.000000 0.000000 -11.905445 -45.733274 17.905307 -29.081734 -42.933346 7.083146 41.790717 -8.023672 -3.894094 0.000000 0.000000 0.000000 12.039549 27.455017 12.536907 43.797724 38.412020 10.451331 -34.616705 32.105958 -8.211665 0.000000 0.000000 0.000000 
0.034640 0.401673 0.035894 -7.727640 11.726219 -18.750671 43.081150 10.162949 -53.462682 -25.787224 52.230333 129.529428 11.194915 29.613142 -25.879924 0.000000 0.000000 0.000000 -10.846513 -6.157181 -70.948497 28.767896 -54.540551 120.231143 -13.385409 -38.751081 -7.119916 0.000000 0.000000 0.000000 -10.838801 -1.845498 71.733280 -6.509917 3.532242 3.986654 -3.760707 7.096899 -1.464043 14.111915 -3.433122 -30.309082 0.000000 0.000000 0.000000 -12.173709 -45.803283 17.942770 -27.596528 -43.297684 6.710062 39.904670 -8.063968 -3.675936 0.000000 0.000000 0.000000 12.285601 27.941719 12.907201 44.528126 39.592756 11.164873 -34.897009 31.459079 -8.089364 0.000000 0.000000 0.000000 
0.034762 0.402224 0.036091 -7.973742 11.849565 -18.568776 42.634834 9.975686 -53.802039 -24.997960 51.389029 130.347494 10.870316 29.010476 -27.282912 0.000000 0.000000 0.000000 -10.568510 -6.057346 -71.178261 28.342663 -54.120138 120.488511 -13.324546 -39.079050 -8.272705 0.000000 0.000000 0.000000 -10.964653 -1.824308 71.733641 -6.708137 3.660420 4.541883 -3.708254 7.287547 -2.523400 14.846025 -3.728553 -30.189458 0.000000 0.000000 0.000000 -12.812985 -46.643986 18.595753 -26.318202 -42.794840 6.285852 38.721600 -8.885678 -3.765919 0.000000 0.000000 0.000000 13.665639 28.618478 13.719930 43.859483 39.532234 10.912744 -33.834412 31.615136 -7.877444 0.000000 0.000000 0.000000 
0.034965 0.402877 0.036462 -7.897036 11.628775 -18.737329 42.424061 9.889081 -53.274542 -24.554077 50.787716 130.822315 10.853603 28.779740 -26.704546 0.000000 0.000000 0.000000 -10.461715 -5.807049 -70.793361 29.184529 -54.746113 119.606412 -14.179175 -40.935048 -7.308626 0.000000 0.000000 0.000000 -11.172368 -1.595202 71.623698 -6.567517 3.596887 4.864701 -3.766620 7.861336 -2.805043 15.047475 -3.767917 -30.126745 0.000000 0.000000 0.000000 -12.954307 -47.141759 18.775068 -26.201561 -42.771290 6.269781 38.573473 -9.827706 -4.086362 0.000000 0.000000 0.000000 13.661492 29.137016 14.108251 44.314083 39.838466 11.208120 -33.521124 31.704489 -7.789379 0.000000 0.000000 0.000000 
0.035158 0.404697 0.036961 -7.961659 11.852917 -18.769433 41.861267 9.492025 -52.934514 -24.111479 49.796466 131.118838 10.713675 28.435071 -26.905334 0.000000 0.000000 0.000000 -10.654476 -6.028140 -70.412431 28.971745 -54.555625 119.727165 -14.229249 -41.410414 -7.817785 0.000000 0.000000 0.000000 -11.018007 -1.802604 71.733473 -6.353026 3.466394 4.655824 -3.802308 8.348818 -2.738575 15.466473 -3.858394 -30.403998 0.000000 0.000000 0.000000 -13.438266 -47.049326 18.754249 -25.445945 -42.583823 6.028945 39.003127 -12.674238 -5.119549 0.000000 0.000000 0.000000 14.354149 29.499348 14.639351 43.410855 39.372849 10.662115 -33.809745 33.027449 -8.212213 0.000000 0.000000 0.000000 
0.035034 0.405883 0.037397 -7.672193 12.199684 -18.688614 41.535188 9.168243 -52.551566 -25.448636 51.068365 129.670492 11.359944 30.908933 -26.587924 0.000000 0.000000 0.000000 -10.705425 -6.190167 -70.264767 28.263426 -54.246342 120.616046 -14.672237 -42.483935 -7.402168 0.000000 0.000000 0.000000 -10.803080 -2.032223 71.231002 -6.108067 3.335952 5.076100 -4.001727 9.003223 -2.719722 15.846220 -3.912847 -30.608042 0.000000 0.000000 0.000000 -14.294611 -47.656936 19.188109 -24.338909 -41.994156 5.638458 40.492900 -15.666990 -6.461467 0.000000 0.000000 0.000000 15.110421 29.363660 15.024065 42.333243 38.284947 9.808405 -34.481540 34.848931 -8.856786 0.000000 0.000000 0.000000 
0.034672 0.406060 0.037630 -7.663802 12.514190 -18.449472 41.686467 9.063342 -52.442944 -25.245207 50.983991 129.972541 11.505344 31.029418 -25.849759 0.000000 0.000000 0.000000 -10.564051 -6.242829 -70.297065 27.756345 -54.147606 121.334790 -14.933169 -43.152487 -7.303990 0.000000 0.000000 0.000000 -10.229594 -2.495970 70.664097 -5.996064 3.253996 4.923084 -4.113382 9.221446 -1.846456 16.014363 -3.759837 -31.686610 0.000000 0.000000 0.000000 -13.965121 -47.498618 18.929129 -23.051685 -42.263867 5.242526 40.726786 -17.489593 -7.161803 0.000000 0.000000 0.000000 15.093033 29.521104 15.209185 41.436807 37.723674 9.254548 -35.203837 36.188921 -9.414879 0.000000 0.000000 0.000000 
0.034315 0.405093 0.037611 -7.429980 12.913990 -18.107687 41.781827 9.001581 -52.740545 -25.437684 51.801875 130.092802 11.932310 32.298297 -25.472846 0.000000 0.000000 0.000000 -10.254304 -6.258611 -70.867544 26.541385 -53.509791 122.860426 -15.091618 -43.995891 -7.749741 0.000000 0.000000 0.000000 -9.475450 -3.103358 70.517961 -5.942411 3.206453 4.907499 -3.921383 9.180601 -1.070154 15.990922 -3.521445 -32.870979 0.000000 0.000000 0.000000 -13.267081 -47.916675 18.969421 -22.037320 -42.606979 4.904115 42.075070 -17.673476 -7.487218 0.000000 0.000000 0.000000 14.566616 29.461040 15.031803 39.935632 37.769958 8.819327 -36.700852 37.122354 -10.148771 0.000000 0.000000 0.000000 
0.034274 0.403324 0.037404 -7.072030 13.020474 -17.801547 41.655021 9.020113 -53.205321 -26.121772 53.465846 129.846663 12.585208 33.868114 -24.448818 0.000000 0.000000 0.000000 -9.992120 -6.145940 -71.399568 25.283912 -52.780948 124.518493 -15.058572 -44.614812 -8.858463 0.000000 0.000000 0.000000 -9.063382 -3.375998 70.523941 -5.423539 2.896336 4.548455 -3.899224 9.398260 -0.177155 16.046231 -3.152899 -34.812673 0.000000 0.000000 0.000000 -12.884866 -47.926122 18.789630 -19.780605 -42.714951 4.182755 42.126930 -17.208603 -7.315470 0.000000 0.000000 0.000000 14.205880 30.221624 15.382997 36.751618 37.877464 7.909062 -37.614512 37.070853 -10.423296 0.000000 0.000000 0.000000 
0.034334 0.400979 0.037088 -6.577229 13.240620 -17.344750 41.647769 9.024754 -53.526953 -26.973234 54.991878 129.266181 13.285084 35.726362 -23.885961 0.000000 0.000000 0.000000 -9.773330 -6.104210 -71.969809 23.268421 -51.237449 126.977398 -14.951387 -45.198611 -10.008155 0.000000 0.000000 0.000000 -8.409071 -3.866598 70.966959 -4.986334 2.634151 4.426265 -3.794090 9.652737 0.272360 16.282345 -2.972303 -36.151138 0.000000 0.000000 0.000000 -11.774652 -48.198416 18.537417 -18.673810 -43.343363 3.841044 42.384855 -15.597812 -6.772658 0.000000 0.000000 0.000000 13.260564 29.942151 15.004110 33.973121 38.465481 7.341808 -38.483417 36.138153 -10.362893 0.000000 0.000000 0.000000 
0.034416 0.398830 0.036580 -6.206374 13.478328 -16.996241 41.419374 8.979230 -54.166094 -28.000407 56.561208 128.488554 14.181327 37.654313 -22.680636 0.000000 0.000000 0.000000 -9.604650 -6.135504 -72.551799 21.946607 -50.012822 128.519211 -14.594326 -45.114037 -11.292928 0.000000 0.000000 0.000000 -7.635043 -4.490013 71.529648 -4.487013 2.342630 4.208436 -3.990623 9.234011 0.665944 16.413032 -2.677619 -38.172173 0.000000 0.000000 0.000000 -11.542872 -48.315699 18.623383 -16.211909 -43.546943 3.064304 41.814099 -14.182597 -6.065267 0.000000 0.000000 0.000000 12.395769 30.240111 14.799387 31.530438 39.077380 6.867634 -39.874911 35.190484 -10.512860 0.000000 0.000000 0.000000 
0.034084 0.395602 0.035609 -5.603868 13.248086 -16.405144 41.082367 9.120349 -54.755849 -28.705941 57.497807 127.794256 14.090346 38.782779 -24.864745 0.000000 0.000000 0.000000 -9.466292 -5.939591 -73.509493 20.848784 -48.813752 129.901270 -14.436381 -46.211158 -13.357692 0.000000 0.000000 0.000000 -7.243935 -4.661581 72.395634 -3.975912 2.052284 3.462577 -4.009266 9.272726 1.049411 16.608196 -2.596813 -39.094257 0.000000 0.000000 0.000000 -9.828901 -48.797561 18.313635 -15.090987 -44.357596 2.676437 41.903024 -11.350132 -5.051249 0.000000 0.000000 0.000000 11.382350 30.046538 14.373573 30.008779 39.827491 6.673505 -40.786764 34.555874 -10.553567 0.000000 0.000000 0.000000 
0.033088 0.393517 0.034062 -5.477459 13.461694 -15.964667 40.751892 9.060566 -55.619941 -28.145973 57.596547 128.620282 14.304408 39.647796 -25.261363 0.000000 0.000000 0.000000 -9.266550 -5.908757 -73.811182 20.689986 -48.460437 129.857024 -14.150109 -46.677094 -15.040240 0.000000 0.000000 0.000000 -6.637793 -5.252519 73.308727 -3.371346 1.717586 2.965309 -4.111854 8.782769 1.304896 16.667164 -2.394331 -40.534518 0.000000 0.000000 0.000000 -8.531436 -49.087231 18.124599 -12.445819 -45.166149 1.806810 42.162013 -8.672435 -4.074580 0.000000 0.000000 0.000000 10.663314 30.414150 14.243193 27.743223 40.561403 6.226054 -41.483137 33.311514 -10.371089 0.000000 0.000000 0.000000 
0.031730 0.391081 0.032142 -5.242822 12.814698 -15.281596 40.863624 9.448651 -55.717516 -28.002201 57.846232 128.804148 14.091578 40.191105 -27.022104 0.000000 0.000000 0.000000 -8.848789 -5.244507 -74.502643 20.940815 -48.426749 129.422047 -13.955571 -47.935124 -17.361778 0.000000 0.000000 0.000000 -6.279831 -5.233089 73.830375 -2.926005 1.475599 2.682323 -4.129657 8.483701 1.371673 16.661640 -2.375363 -40.756263 0.000000 0.000000 0.000000 -5.799082 -49.491418 17.489023 -10.198474 -46.179730 0.958609 42.350018 -5.667608 -2.979357 0.000000 0.000000 0.000000 10.081205 30.783964 14.195897 26.109667 40.962930 5.857399 -42.054607 32.791575 -10.385055 0.000000 0.000000 0.000000 
0.030397 0.389807 0.030156 -5.149040 12.456440 -14.882746 40.392349 9.551900 -56.398408 -27.808439 57.895509 129.012979 13.688022 40.872111 -29.670754 0.000000 0.000000 0.000000 -8.395886 -4.719345 -75.034103 21.592534 -48.765839 128.391388 -14.081742 -49.509450 -18.572520 0.000000 0.000000 0.000000 -6.021163 -5.364876 74.887334 -2.345544 1.171985 2.094714 -4.187944 8.129702 1.501989 16.784171 -2.263397 -41.804288 0.000000 0.000000 0.000000 -3.942599 -50.144335 17.196937 -8.107981 -46.390239 0.192435 43.725666 -2.902102 -2.067792 0.000000 0.000000 0.000000 9.841122 31.014312 14.166831 24.735182 41.165629 5.490770 -42.435210 32.320214 -10.364911 0.000000 0.000000 0.000000 
0.029262 0.389377 0.028290 -4.969069 12.094524 -14.759297 39.500428 9.469248 -57.056758 -25.914671 56.680814 131.216114 13.627512 40.815382 -29.916942 0.000000 0.000000 0.000000 -7.920791 -4.152456 -75.454646 21.917911 -48.872824 127.855676 -14.486934 -50.596987 -18.302747 0.000000 0.000000 0.000000 -5.970285 -5.305784 75.737186 -1.945600 0.962149 2.003053 -4.292553 7.875516 1.622977 16.825479 -2.277638 -41.969444 0.000000 0.000000 0.000000 -2.205001 -50.692101 16.862936 -5.484052 -46.594803 -0.773284 43.912661 -0.704576 -1.232062 0.000000 0.000000 0.000000 9.910533 31.137075 14.192868 23.495797 40.502617 4.966543 -42.766519 32.946955 -10.730234 0.000000 0.000000 0.000000 
0.028296 0.394503 0.026435 -4.762547 11.705587 -13.963309 38.807598 9.435628 -57.568681 -26.357035 56.029208 129.964039 14.257236 42.001548 -28.869811 0.000000 0.000000 0.000000 -7.408070 -3.546150 -76.057790 21.695794 -47.771417 127.302879 -14.600880 -50.770824 -18.537442 0.000000 0.000000 0.000000 -5.324314 -5.561478 75.596075 -1.532842 0.734885 2.258827 -4.978094 6.935322 1.302399 16.701885 -2.328278 -41.619719 0.000000 0.000000 0.000000 0.357046 -50.568955 16.084607 -3.031008 -47.157504 -1.737057 43.720777 1.666828 -0.271756 0.000000 0.000000 0.000000 9.995886 31.280471 14.217524 22.158164 39.721601 4.415177 -42.072745 33.297155 -10.705294 0.000000 0.000000 0.000000 
0.027373 0.402485 0.024021 -4.611277 11.391868 -13.730593 38.006705 9.246297 -57.685405 -27.742008 56.028556 127.705404 15.392732 44.685245 -27.410322 0.000000 0.000000 0.000000 -7.145322 -3.120919 -75.881758 21.777544 -47.033307 126.381778 -15.300499 -51.489568 -17.323360 0.000000 0.000000 0.000000 -4.792168 -5.830381 75.863413 -1.075650 0.505113 1.841053 -5.547486 6.819498 1.708912 16.581637 -2.224155 -42.045030 0.000000 0.000000 0.000000 1.194433 -51.137457 15.996321 -0.186825 -47.027930 -2.778728 42.562907 3.526432 0.433058 0.000000 0.000000 0.000000 8.830237 31.012031 13.719912 21.603377 38.761077 4.097291 -40.412751 33.418938 -10.210804 0.000000 0.000000 0.000000 
0.026289 0.414379 0.020238 -4.614077 10.963876 -13.170511 36.098590 8.547372 -57.707053 -31.509230 56.290498 121.898641 16.968230 49.910449 -27.395818 0.000000 0.000000 0.000000 -6.205339 -2.103292 -75.463036 21.198541 -44.775452 125.155920 -15.489310 -51.944614 -17.927410 0.000000 0.000000 0.000000 -4.163318 -6.059209 75.432557 -0.552942 0.214716 2.265350 -6.161037 6.624336 1.851920 16.587223 -2.112988 -42.619324 0.000000 0.000000 0.000000 3.793002 -51.559663 15.235887 3.682204 -47.155563 -4.274487 40.430986 6.455063 1.434169 0.000000 0.000000 0.000000 7.412141 31.611970 13.584999 18.799280 38.251126 3.291527 -39.422855 31.188455 -9.134456 0.000000 0.000000 0.000000 
0.024962 0.428959 0.015059 -4.661533 10.563267 -11.651841 34.682264 8.092857 -58.033718 -32.008640 54.756739 119.719533 17.713403 52.111172 -27.493394 0.000000 0.000000 0.000000 -5.478451 -1.291686 -75.487363 21.118744 -42.718487 122.965495 -15.682352 -52.400121 -18.591757 0.000000 0.000000 0.000000 -3.203401 -6.472543 74.560302 -0.424292 0.156538 1.905214 -6.661054 6.413423 1.883438 16.717371 -1.995657 -43.358861 0.000000 0.000000 0.000000 6.408138 -52.147668 14.586289 7.246027 -46.186400 -5.516642 36.889793 7.736575 1.777970 0.000000 0.000000 0.000000 5.601795 31.989154 13.283660 14.841996 38.085065 2.250293 -36.305625 27.620749 -7.172164 0.000000 0.000000 0.000000 
0.023552 0.453001 0.009552 -4.706526 9.757990 -10.675704 32.717251 7.349903 -57.076920 -35.151725 52.798002 112.957884 20.983941 56.284606 -23.013739 0.000000 0.000000 0.000000 -4.205347 0.169765 -74.150296 19.898920 -38.532674 120.635335 -15.452669 -50.165102 -18.451504 0.000000 0.000000 0.000000 -2.357143 -6.511897 72.864751 0.207030 -0.203987 2.600366 -7.544415 6.603993 1.582268 16.798220 -1.802475 -44.158436 0.000000 0.000000 0.000000 11.172143 -52.178997 12.901069 9.889593 -45.115860 -6.474986 33.534682 10.070839 2.233301 0.000000 0.000000 0.000000 2.616834 32.288379 12.604423 11.268509 38.221285 1.422534 -34.567326 22.183538 -5.150025 0.000000 0.000000 0.000000 
0.021921 0.484025 0.004841 -4.437500 8.971155 -9.113631 30.305918 6.427588 -56.019710 -35.636831 48.751902 108.082940 23.987949 57.651954 -17.609301 0.000000 0.000000 0.000000 -3.251300 1.359222 -72.743225 18.793907 -34.475759 117.941686 -16.532433 -48.809653 -14.546914 0.000000 0.000000 0.000000 -1.594348 -6.432572 71.087696 0.695834 -0.457647 2.528755 -8.017069 6.608370 1.608786 15.902630 -1.472208 -44.091884 0.000000 0.000000 0.000000 13.827502 -51.402752 11.868715 12.143733 -43.653775 -7.071946 30.964485 10.579207 2.187474 0.000000 0.000000 0.000000 -0.464395 32.755325 11.916426 7.096514 38.325667 0.411987 -32.996867 18.305187 -3.810893 0.000000 0.000000 0.000000 
0.020362 0.527009 0.001684 -4.129690 7.583892 -7.787369 28.400012 5.775835 -53.150181 -38.265356 44.678362 98.702549 29.928630 60.146589 -8.084929 0.000000 0.000000 0.000000 -1.660451 3.172216 -70.059892 16.911845 -28.391118 113.830405 -15.974534 -44.147440 -11.816931 0.000000 0.000000 0.000000 -1.441947 -5.668477 69.234760 1.193107 -0.751241 3.189642 -8.783207 6.779965 0.750933 16.864255 -1.693958 -44.173866 0.000000 0.000000 0.000000 17.500071 -50.457941 10.541607 12.861078 -41.808135 -7.060009 28.705339 10.397401 1.968425 0.000000 0.000000 0.000000 -2.254698 33.576960 11.802333 2.803685 38.137175 -0.651367 -32.086362 13.755762 -2.499769 0.000000 0.000000 0.000000 
0.019152 0.579351 -0.000869 -3.292443 6.469524 -5.925913 25.641430 4.659225 -49.904046 -38.843036 39.281870 89.929493 32.087709 58.917486 -2.300663 0.000000 0.000000 0.000000 -0.715062 4.193037 -66.167712 14.640994 -21.699133 108.197025 -14.719781 -38.845420 -9.862707 0.000000 0.000000 0.000000 -1.319228 -4.850137 65.903388 1.707349 -0.987315 2.667962 -9.412259 6.652881 1.642878 17.173166 -1.885261 -43.772941 0.000000 0.000000 0.000000 19.400627 -48.719430 9.701797 12.560262 -40.435339 -6.760420 27.763825 9.050074 1.608232 0.000000 0.000000 0.000000 -4.328986 33.704585 11.243855 1.115479 37.779847 -1.075737 -32.418787 11.157577 -1.828380 0.000000 0.000000 0.000000 
0.018625 0.639741 -0.003228 -3.205781 6.022842 -3.866236 22.986554 3.417720 -46.494249 -37.148211 32.330962 81.468332 34.789562 58.158764 4.010752 0.000000 0.000000 0.000000 0.164131 4.660234 -61.833531 12.986045 -16.441020 99.637002 -13.324978 -34.432661 -9.182214 0.000000 0.000000 0.000000 -1.159289 -4.354205 62.030889 2.292102 -1.263691 2.301410 -9.572658 7.210321 2.061405 17.763559 -1.970996 -44.034715 0.000000 0.000000 0.000000 20.910387 -46.452109 9.057852 12.866497 -39.790584 -6.912065 28.042470 6.581580 1.079927 0.000000 0.000000 0.000000 -5.587989 32.678026 10.630153 -0.383541 38.603559 -1.453161 -33.897658 8.868047 -1.229603 0.000000 0.000000 0.000000 
0.018822 0.702364 -0.005974 -3.192281 5.954524 -1.380082 20.846300 2.383158 -42.969426 -34.723826 25.788996 72.871788 31.493878 53.421735 4.744525 0.000000 0.000000 0.000000 0.826846 4.800516 -58.043273 11.650222 -12.398870 89.391195 -12.006309 -30.160700 -7.389653 0.000000 0.000000 0.000000 -0.949339 -4.040386 58.118013 2.784145 -1.460417 1.623772 -9.217764 8.044963 2.711638 18.299574 -2.279903 -42.937719 0.000000 0.000000 0.000000 23.153358 -43.909936 8.312704 13.743563 -40.076523 -7.549778 30.385268 6.355945 1.050445 0.000000 0.000000 0.000000 -8.137198 31.813106 9.683733 -1.543942 37.899150 -1.648633 -35.063776 5.743775 -0.281212 0.000000 0.000000 0.000000 
0.019400 0.764215 -0.009044 -3.086563 6.624829 0.868594 18.179273 1.203877 -40.367481 -31.542646 19.854816 65.277644 29.682460 49.316818 8.062517 0.000000 0.000000 0.000000 0.837976 4.330925 -53.859434 10.276506 -9.351434 78.273004 -10.521418 -25.689946 -4.134774 0.000000 0.000000 0.000000 -0.196480 -4.214228 54.150701 2.879256 -1.427451 0.607930 -8.503188 8.616711 3.669297 18.028290 -2.242075 -42.318558 0.000000 0.000000 0.000000 23.355571 -41.833957 8.195112 15.731971 -39.936755 -8.325490 31.957214 6.055944 0.985452 0.000000 0.000000 0.000000 -9.650194 30.201011 8.796658 -4.300407 36.972669 -2.223969 -34.792507 3.344682 0.467047 0.000000 0.000000 0.000000 
0.020255 0.816158 -0.012066 -3.266927 6.221860 2.381616 16.215176 0.570473 -35.723997 -29.077181 15.464857 56.499670 25.694304 44.721915 6.565258 0.000000 0.000000 0.000000 1.704623 4.507957 -49.245289 8.700517 -6.424462 67.798558 -8.876793 -21.565073 -2.124018 0.000000 0.000000 0.000000 -0.075335 -3.772327 50.497700 3.567002 -1.793032 1.076455 -8.905108 10.018281 2.924874 18.671014 -2.455635 -41.398663 0.000000 0.000000 0.000000 23.688434 -40.762303 8.281355 17.024694 -39.626176 -8.957293 33.252509 6.744357 1.102136 0.000000 0.000000 0.000000 -9.472238 29.108959 8.654140 -7.817039 37.480458 -2.989652 -33.770044 -0.254886 1.478497 0.000000 0.000000 0.000000 
0.020718 0.856018 -0.015339 -3.012411 7.480803 4.622099 12.815012 -0.489670 -31.801262 -24.489113 10.368988 48.623053 23.822058 42.594002 5.427907 0.000000 0.000000 0.000000 1.864728 4.008375 -45.022388 7.079462 -4.381765 55.779459 -7.206089 -17.599104 -0.597747 0.000000 0.000000 0.000000 1.138560 -4.113132 46.012751 3.866550 -1.886844 0.554128 -8.850814 9.380181 3.508558 18.504805 -2.795164 -39.270821 0.000000 0.000000 0.000000 23.475044 -40.128499 8.334416 19.576642 -38.736108 -9.479382 32.888945 8.469905 1.578056 0.000000 0.000000 0.000000 -9.066416 28.881792 8.816510 -11.261689 36.806954 -3.801634 -33.049437 -3.383174 2.248956 0.000000 0.000000 0.000000 
0.020922 0.879336 -0.019105 -3.338642 7.590892 5.748144 11.246159 -0.780563 -28.708203 -20.921726 7.486643 42.705651 22.085386 40.453629 4.132334 0.000000 0.000000 0.000000 2.347337 3.929461 -41.654181 6.190830 -3.208138 48.093756 -6.115885 -15.146803 0.858102 0.000000 0.000000 0.000000 1.968642 -4.046789 42.351078 3.723325 -1.760904 -0.043307 -8.236483 9.378195 4.929696 18.861304 -3.084487 -38.732584 0.000000 0.000000 0.000000 24.307234 -38.764687 8.050698 21.810977 -38.291584 -10.127984 33.088701 9.822503 1.917487 0.000000 0.000000 0.000000 -10.348495 27.690426 8.017534 -13.567707 37.623863 -4.410983 -32.633838 -5.961544 2.900512 0.000000 0.000000 0.000000 
0.020783 0.895596 -0.023683 -3.101902 8.167023 6.416863 9.235266 -1.095431 -25.647684 -17.083250 4.948380 37.192093 21.575670 39.321046 4.708817 0.000000 0.000000 0.000000 2.835887 3.781952 -38.665402 4.268166 -1.804009 41.147434 -4.724226 -12.085952 2.651324 0.000000 0.000000 0.000000 2.355383 -3.932207 39.506083 4.148245 -1.952621 -0.131988 -8.347051 9.183337 5.745777 17.959909 -2.860373 -38.099692 0.000000 0.000000 0.000000 25.833612 -37.848895 7.663183 24.029268 -36.897483 -10.362978 31.312679 10.726908 1.997825 0.000000 0.000000 0.000000 -11.792244 27.372041 7.471282 -14.505141 37.408696 -4.536309 -32.597270 -8.009015 3.467488 0.000000 0.000000 0.000000 
0.020361 0.906339 -0.028724 -3.145880 8.357186 6.690820 8.310265 -1.147595 -23.356014 -15.006015 3.749637 33.108981 20.589933 37.818190 4.338928 0.000000 0.000000 0.000000 3.649752 3.893109 -37.186354 3.136324 -1.101612 37.696372 -3.693604 -9.913334 3.839664 0.000000 0.000000 0.000000 2.916258 -3.975378 37.945836 3.811833 -1.768993 -0.411333 -7.883332 9.069610 6.679163 17.734042 -2.748219 -38.414919 0.000000 0.000000 0.000000 28.369454 -36.196705 7.062898 25.028973 -36.277275 -10.511241 29.696155 11.776630 2.070004 0.000000 0.000000 0.000000 -14.132862 26.470589 6.484217 -15.173435 37.856226 -4.665309 -31.508980 -9.931244 3.846032 0.000000 0.000000 0.000000 
0.019943 0.918087 -0.033723 -3.148295 8.249608 7.268440 7.117365 -1.177982 -20.828242 -12.772001 2.664675 27.701524 20.131560 36.661694 5.520556 0.000000 0.000000 0.000000 4.390338 3.966179 -35.463478 1.419678 -0.167886 33.270026 -2.510450 -7.559287 5.304774 0.000000 0.000000 0.000000 3.245552 -3.767736 35.574402 3.984464 -1.865678 -0.211032 -7.906607 8.869343 7.020747 17.096068 -2.824193 -36.831563 0.000000 0.000000 0.000000 29.274141 -35.528038 6.831190 24.974797 -34.884360 -9.921503 28.126697 11.756091 1.922321 0.000000 0.000000 0.000000 -14.963673 26.508872 6.265898 -16.395403 38.193515 -5.006867 -30.569301 -10.562573 3.845469 0.000000 0.000000 0.000000 
0.019657 0.928776 -0.038080 -3.110915 7.978339 7.729176 6.014998 -1.169199 -18.586942 -10.615817 1.859689 23.373069 19.094116 34.749174 6.651016 0.000000 0.000000 0.000000 5.003730 4.018409 -34.013710 0.404954 0.322748 29.897212 -1.511317 -5.843408 7.173404 0.000000 0.000000 0.000000 3.657147 -3.592086 33.398723 3.668069 -1.742614 0.091726 -7.538414 8.341613 7.605467 16.563568 -2.823828 -36.147106 0.000000 0.000000 0.000000 30.609857 -34.055796 6.450078 24.195542 -33.855819 -9.230147 26.588020 11.899292 1.817065 0.000000 0.000000 0.000000 -16.691696 25.910968 5.630741 -16.904826 39.332111 -5.339474 -30.300718 -11.109541 3.921488 0.000000 0.000000 0.000000 
0.019725 0.937056 -0.041471 -3.177987 7.771241 8.305629 5.082294 -1.134026 -16.601787 -8.872582 1.308155 19.387014 18.107314 32.995786 7.804530 0.000000 0.000000 0.000000 5.589368 4.025813 -32.517676 -1.084157 0.882420 26.138030 -0.100313 -3.162269 8.250439 0.000000 0.000000 0.000000 4.003857 -3.340176 30.726274 4.054414 -1.935735 0.235068 -7.666114 8.115212 8.315150 16.113000 -3.005684 -34.519434 0.000000 0.000000 0.000000 31.551055 -33.189156 6.187008 22.840482 -32.421083 -8.302379 24.584491 11.705707 1.598933 0.000000 0.000000 0.000000 -17.816675 25.728701 5.270504 -17.682977 39.682804 -5.595515 -29.797180 -10.348684 3.638099 0.000000 0.000000 0.000000 
0.020352 0.941310 -0.044104 -3.448121 7.020190 7.925503 4.709791 -0.999241 -14.393979 -7.791552 1.052197 16.896450 17.230662 31.618156 8.000694 0.000000 0.000000 0.000000 6.103732 4.035173 -30.901962 -1.653981 1.088990 24.184140 0.509939 -2.210367 9.061703 0.000000 0.000000 0.000000 4.224039 -3.190603 29.600212 3.671980 -1.756337 0.259831 -7.027597 8.206133 9.053508 15.551783 -2.940284 -33.969448 0.000000 0.000000 0.000000 32.099279 -32.565086 5.970064 22.126009 -31.049881 -7.582270 21.574788 11.530385 1.340786 0.000000 0.000000 0.000000 -19.244775 25.279597 4.745127 -17.708582 40.010932 -5.640397 -30.272743 -9.507369 3.493005 0.000000 0.000000 0.000000 
0.021935 0.944397 -0.046566 -3.563303 6.160466 7.899174 4.162269 -0.912724 -12.711081 -6.381921 0.753556 14.379443 16.123008 29.869355 8.715558 0.000000 0.000000 0.000000 6.443409 4.065694 -29.986944 -2.222622 1.282957 22.747538 0.929140 -1.532211 9.367557 0.000000 0.000000 0.000000 4.484177 -2.985507 27.901971 3.444331 -1.646078 0.261971 -6.808649 8.207364 9.686240 15.077385 -2.969560 -33.083366 0.000000 0.000000 0.000000 32.894871 -32.045151 5.718207 20.939194 -29.583136 -6.754909 18.065599 11.426336 1.063645 0.000000 0.000000 0.000000 -20.865636 25.280601 4.316294 -17.246602 39.992216 -5.504342 -30.937099 -8.599468 3.358144 0.000000 0.000000 0.000000 
0.024131 0.946310 -0.049270 -3.679609 5.636714 7.645627 3.616568 -0.832120 -11.156028 -5.304721 0.543779 12.803094 15.341597 28.683173 8.732479 0.000000 0.000000 0.000000 6.396290 3.994235 -29.197636 -2.370378 1.326189 21.929332 1.062645 -1.300874 9.353749 0.000000 0.000000 0.000000 4.761884 -2.910918 26.981368 3.360597 -1.599144 0.177006 -6.590422 8.197348 10.132913 14.606203 -2.928195 -32.444355 0.000000 0.000000 0.000000 33.441686 -31.326428 5.553842 20.333557 -28.668417 -6.295303 14.669426 11.948477 0.846030 0.000000 0.000000 0.000000 -22.121901 24.998016 3.923039 -16.937355 40.311015 -5.455697 -31.569893 -8.203743 3.339168 0.000000 0.000000 0.000000 
0.026398 0.948185 -0.052513 -3.642014 5.111570 7.651465 2.984266 -0.769503 -9.885198 -4.167022 0.343772 11.137359 14.603366 27.456361 9.892023 0.000000 0.000000 0.000000 6.368447 3.967431 -28.780401 -2.763563 1.452011 21.422311 1.201678 -1.130955 9.521430 0.000000 0.000000 0.000000 4.949327 -2.800678 25.945973 2.821697 -1.354030 0.317466 -6.343050 8.014348 10.199955 14.374034 -3.099011 -31.324548 0.000000 0.000000 0.000000 33.763854 -31.078265 5.409679 19.973907 -28.042794 -5.955480 12.678771 11.912771 0.685282 0.000000 0.000000 0.000000 -22.784757 25.052069 3.807776 -16.803424 40.312862 -5.464372 -31.821354 -7.872690 3.271555 0.000000 0.000000 0.000000 
0.028310 0.949431 -0.056333 -3.596652 4.989946 7.566271 2.672126 -0.729610 -9.172376 -4.005995 0.322692 10.488229 14.166625 26.828529 9.587656 0.000000 0.000000 0.000000 6.412551 3.919826 -28.290836 -3.038086 1.519480 20.981664 1.377160 -0.686471 9.279866 0.000000 0.000000 0.000000 4.928639 -2.698201 25.208581 2.931263 -1.408834 0.358341 -6.317940 8.407281 10.215690 14.097970 -2.997526 -30.955405 0.000000 0.000000 0.000000 33.561044 -31.096330 5.518273 19.279817 -28.250279 -5.941433 12.602450 11.832166 0.663910 0.000000 0.000000 0.000000 -22.822256 25.070607 3.755839 -16.429128 40.112102 -5.262197 -31.359559 -7.466136 3.128123 0.000000 0.000000 0.000000 
0.029751 0.950740 -0.060783 -3.573226 4.585866 7.277418 2.599793 -0.681720 -8.529299 -3.839096 0.307594 9.901286 14.081773 26.666510 9.879748 0.000000 0.000000 0.000000 6.468441 3.837132 -27.398694 -3.459071 1.589964 19.656456 1.613426 -0.532765 10.040519 0.000000 0.000000 0.000000 4.899565 -2.562077 24.353787 2.754476 -1.351359 0.732455 -6.210897 8.800326 10.263327 13.979409 -3.107188 -30.035792 0.000000 0.000000 0.000000 32.787408 -31.224012 5.672138 18.430814 -28.776561 -5.958272 13.782835 11.340284 0.720136 0.000000 0.000000 0.000000 -21.983323 25.265799 3.948762 -15.980251 40.393801 -5.183907 -30.335880 -7.144651 2.912782 0.000000 0.000000 0.000000 
0.030912 0.951508 -0.065679 -3.383616 4.564035 7.303171 2.382204 -0.671973 -8.296308 -3.720419 0.288306 9.737405 13.773560 26.225499 9.699988 0.000000 0.000000 0.000000 6.296683 3.720241 -26.806113 -3.507929 1.527387 18.291955 1.839544 -0.252550 10.507564 0.000000 0.000000 0.000000 5.056918 -2.494242 23.422651 2.486691 -1.266570 1.356736 -6.376988 8.885981 9.814750 14.460429 -3.373962 -29.732732 0.000000 0.000000 0.000000 31.740203 -31.962056 5.909903 17.175179 -29.653805 -5.981803 17.228285 10.990393 0.940788 0.000000 0.000000 0.000000 -21.043816 25.519688 4.250357 -14.812113 40.795813 -4.956554 -28.375008 -7.173447 2.686347 0.000000 0.000000 0.000000 
0.032103 0.951910 -0.070723 -3.198996 5.435094 7.521021 2.295160 -0.679713 -8.298087 -3.945582 0.308944 9.752431 13.616802 26.036738 8.855060 0.000000 0.000000 0.000000 5.841384 3.502423 -26.221763 -3.398014 1.389655 16.873348 1.580948 -0.754401 10.770231 0.000000 0.000000 0.000000 5.396123 -2.473530 22.097120 2.739193 -1.389674 1.280205 -6.781221 8.553348 10.317223 14.253731 -3.439875 -28.925287 0.000000 0.000000 0.000000 30.128520 -32.306961 6.191754 16.486858 -31.686856 -6.450880 21.779073 10.574364 1.194449 0.000000 0.000000 0.000000 -19.736027 25.555486 4.554937 -13.153513 40.768200 -4.546623 -26.761653 -6.669841 2.390577 0.000000 0.000000 0.000000 
0.033321 0.951424 -0.075550 -3.047520 5.887328 7.255543 2.383289 -0.657437 -8.022815 -3.921894 0.297012 9.578746 13.360994 25.632042 8.940171 0.000000 0.000000 0.000000 5.441902 3.336521 -25.680065 -3.418406 1.350638 16.314045 1.620399 -0.612269 10.776208 0.000000 0.000000 0.000000 5.776044 -2.500869 21.456955 2.401311 -1.264162 1.731018 -7.101139 7.872757 10.058385 14.398175 -3.577051 -28.833947 0.000000 0.000000 0.000000 28.527066 -33.130190 6.435350 15.176828 -33.384928 -6.557321 26.122238 9.133395 1.232367 0.000000 0.000000 0.000000 -18.258181 25.702234 5.001992 -11.076276 41.721985 -4.218592 -26.042926 -6.673127 2.293268 0.000000 0.000000 0.000000 
0.034440 0.950527 -0.079804 -2.867272 6.662089 6.798932 2.144559 -0.622436 -7.476496 -3.971230 0.291114 9.417122 13.085224 25.222162 8.030106 0.000000 0.000000 0.000000 4.770607 3.106039 -25.083814 -3.106266 1.241232 16.227621 1.455042 -0.757133 10.547443 0.000000 0.000000 0.000000 5.850278 -2.469136 20.865772 2.492613 -1.339130 2.009449 -7.347668 7.194274 10.165917 14.141513 -3.370396 -29.405679 0.000000 0.000000 0.000000 26.334832 -33.505748 6.790436 13.205638 -35.663202 -6.632586 31.285598 7.236333 1.066567 0.000000 0.000000 0.000000 -16.143801 25.589318 5.515387 -8.354583 42.887637 -3.684010 -27.665313 -5.284984 2.152111 0.000000 0.000000 0.000000 
0.035390 0.949164 -0.083402 -2.889378 7.595683 6.327566 2.424617 -0.568815 -6.825694 -4.246925 0.321612 9.166722 12.795693 24.745317 7.570059 0.000000 0.000000 0.000000 4.481456 2.944584 -24.461442 -3.071823 1.196062 16.087802 1.227243 -0.926585 10.070844 0.000000 0.000000 0.000000 6.216761 -2.476668 20.041164 2.533890 -1.421224 2.622410 -7.696836 6.089079 9.739423 13.928928 -3.353738 -29.262188 0.000000 0.000000 0.000000 23.174228 -33.578784 7.298749 9.831848 -38.035440 -6.198296 36.582468 3.777483 0.306215 0.000000 0.000000 0.000000 -13.071845 25.143825 6.229111 -3.361529 44.279271 -2.468614 -32.399639 -2.982657 2.031318 0.000000 0.000000 0.000000 
0.036262 0.947900 -0.086139 -2.866699 8.318976 5.861399 2.594511 -0.530183 -6.328316 -4.645270 0.372683 9.100266 12.590721 24.398123 6.633240 0.000000 0.000000 0.000000 3.920046 2.767149 -24.018341 -2.787774 1.114846 16.531654 1.156026 -0.779986 9.471361 0.000000 0.000000 0.000000 6.360624 -2.391760 19.049421 2.585564 -1.429294 2.288956 -7.745318 5.587584 10.636550 13.986805 -3.436405 -29.272161 0.000000 0.000000 0.000000 19.411894 -33.645517 7.894581 3.746737 -40.077455 -4.853157 44.628571 -1.743501 -1.753753 0.000000 0.000000 0.000000 -9.713949 23.707400 6.623434 5.125470 44.739154 0.055552 -41.147028 2.902577 0.888264 0.000000 0.000000 0.000000 
0.037306 0.946151 -0.088258 -3.026396 9.291242 5.459536 2.838342 -0.485418 -5.705891 -4.628128 0.354324 8.663128 12.586224 24.317429 6.064026 0.000000 0.000000 0.000000 3.637408 2.595510 -23.161918 -2.777825 1.064229 16.099907 0.759324 -1.330756 9.029252 0.000000 0.000000 0.000000 6.647343 -2.282336 17.604887 2.600854 -1.518747 3.039597 -7.865786 4.620725 10.587587 13.277586 -3.210171 -28.918148 0.000000 0.000000 0.000000 14.205957 -33.082182 8.628089 -3.431530 -41.086439 -2.777935 52.367890 -10.745412 -6.228325 0.000000 0.000000 0.000000 -5.873535 21.826745 6.964571 15.951858 43.546765 3.197155 -53.995656 14.527073 -3.786900 0.000000 0.000000 0.000000 
0.038621 0.945239 -0.089950 -3.229475 9.960439 4.870192 3.072920 -0.417033 -4.705538 -4.879871 0.377339 8.879168 12.445513 24.013450 5.347406 0.000000 0.000000 0.000000 3.356965 2.451400 -22.367904 -2.526427 0.978487 16.220019 0.478856 -1.701414 8.592923 0.000000 0.000000 0.000000 6.872395 -2.132901 16.160849 2.571483 -1.468616 2.543488 -8.001987 3.902902 11.533539 13.141986 -3.278296 -28.646461 0.000000 0.000000 0.000000 8.581563 -31.402861 9.053731 -13.238726 -39.747516 0.065714 62.142432 -24.285512 -15.562719 0.000000 0.000000 0.000000 -1.602137 19.369444 7.046365 26.623594 39.369001 5.314144 -66.174279 30.856473 -14.437017 0.000000 0.000000 0.000000 
0.040365 0.944134 -0.092204 -3.409671 10.889612 4.240772 3.394870 -0.355590 -3.673949 -4.972483 0.369150 9.055640 12.184327 23.478860 4.555162 0.000000 0.000000 0.000000 3.337354 2.355326 -21.664792 -2.699957 0.994328 16.351772 0.312183 -1.885887 8.394638 0.000000 0.000000 0.000000 6.994800 -1.919225 14.384763 2.080949 -1.266821 2.885641 -7.686531 2.850140 11.819915 12.130942 -2.849986 -28.679040 0.000000 0.000000 0.000000 3.608010 -29.556981 9.186752 -21.836587 -35.915012 1.990265 73.266419 -40.041536 -30.685340 0.000000 0.000000 0.000000 1.752496 16.883289 6.753358 36.785026 33.214613 5.959614 -79.641310 47.641968 -31.916241 0.000000 0.000000 0.000000 
0.042788 0.943388 -0.096076 -3.674376 11.036617 3.061489 3.602797 -0.265636 -2.166297 -5.257474 0.408117 9.333797 12.025297 23.095852 3.272212 0.000000 0.000000 0.000000 3.416862 2.292471 -20.763551 -2.389218 0.906668 16.479100 -0.196861 -2.870507 8.167327 0.000000 0.000000 0.000000 6.957104 -1.724123 13.186259 1.864850 -1.176385 3.052350 -7.690587 2.829169 12.220628 12.382918 -3.015040 -28.535430 0.000000 0.000000 0.000000 0.224780 -27.025249 8.709143 -30.007152 -31.454995 2.873796 86.657160 -55.225537 -52.580581 0.000000 0.000000 0.000000 4.340079 14.664679 6.336616 43.836939 27.953035 5.411094 -92.485677 60.958438 -52.622578 0.000000 0.000000 0.000000 
0.045880 0.941674 -0.102398 -3.871363 11.267294 2.344754 3.592717 -0.208233 -1.173187 -5.488690 0.434297 9.798013 12.190863 23.298341 3.183987 0.000000 0.000000 0.000000 3.465578 2.304467 -20.834792 -2.560747 0.954266 17.000022 -0.158612 -2.873474 8.585579 0.000000 0.000000 0.000000 7.208875 -1.556230 11.756782 1.225283 -0.861111 3.143854 -7.461777 2.615701 12.852978 12.452350 -3.006718 -28.980054 0.000000 0.000000 0.000000 -2.885807 -25.718736 8.505649 -35.779378 -26.253424 2.497702 102.336992 -66.444949 -77.860515 0.000000 0.000000 0.000000 5.779103 13.304910 5.996296 48.542824 24.019696 4.532186 -110.167844 69.855515 -78.183334 0.000000 0.000000 0.000000 
0.049907 0.939432 -0.111817 -3.988354 11.166806 1.193990 3.668844 -0.120585 0.461920 -5.546273 0.449428 9.621440 12.201913 23.218085 2.274126 0.000000 0.000000 0.000000 3.531521 2.297380 -20.510123 -2.458104 0.934744 17.376797 -0.661348 -3.912573 8.543495 0.000000 0.000000 0.000000 7.097211 -1.397977 10.904258 1.101715 -0.827900 3.494466 -7.480358 3.121055 13.104699 13.204980 -3.391230 -28.739730 0.000000 0.000000 0.000000 -4.037319 -24.538728 8.071108 -41.436281 -22.106088 1.778253 121.398056 -74.016738 -106.328553 0.000000 0.000000 0.000000 6.653927 11.879783 5.562839 52.180488 21.114289 3.781547 -133.750217 75.216681 -109.081435 0.000000 0.000000 0.000000 
0.054459 0.936872 -0.124548 -4.026351 11.091374 0.143046 3.257414 -0.032920 1.688759 -5.514845 0.446600 9.709038 12.503966 23.664317 2.157274 0.000000 0.000000 0.000000 3.240304 2.268322 -20.625766 -2.237345 0.885075 18.004896 -0.663376 -4.020440 8.951384 0.000000 0.000000 0.000000 6.999663 -1.296736 10.419730 0.866993 -0.679194 3.205278 -7.383643 3.447524 13.711939 13.906300 -3.586909 -29.505882 0.000000 0.000000 0.000000 -5.516714 -23.846492 7.827187 -45.068795 -18.990403 0.898805 144.202531 -79.180369 -137.060475 0.000000 0.000000 0.000000 6.946138 11.640789 5.531774 54.355421 19.932873 3.500986 -153.474213 78.661273 -134.813482 0.000000 0.000000 0.000000 
0.059189 0.934186 -0.140545 -3.824142 10.638461 -1.188227 2.483858 0.088993 3.003875 -5.662040 0.486402 9.407989 12.948536 24.370950 1.169968 0.000000 0.000000 0.000000 3.193611 2.278770 -20.570525 -2.163938 0.882503 17.972856 -1.006374 -4.783060 9.021876 0.000000 0.000000 0.000000 6.665317 -1.188411 10.168505 0.457937 -0.475227 3.400207 -7.542877 3.990681 14.252541 14.633614 -3.862988 -29.903355 0.000000 0.000000 0.000000 -4.882759 -23.108036 7.461887 -47.585699 -17.250225 0.195775 170.848041 -81.180078 -169.276352 0.000000 0.000000 0.000000 6.399693 11.092876 5.217657 56.345449 18.959453 3.337639 -176.941644 79.688688 -162.973418 0.000000 0.000000 0.000000 
0.063377 0.931617 -0.159474 -3.786131 10.800992 -2.072605 2.115512 0.172107 4.103656 -5.680100 0.495731 8.254792 13.336085 24.941612 0.786422 0.000000 0.000000 0.000000 2.943375 2.244413 -20.667849 -1.775033 0.759283 17.450240 -1.693917 -6.324573 9.936392 0.000000 0.000000 0.000000 6.374311 -1.131045 10.103465 0.094104 -0.272142 3.217007 -7.364159 4.216356 14.458186 14.883606 -3.916689 -30.133536 0.000000 0.000000 0.000000 -4.923095 -23.132626 7.420099 -47.913656 -16.691824 -0.031224 -175.895353 -81.162907 175.020578 0.000000 0.000000 0.000000 5.891168 10.828038 5.032319 57.665923 18.447015 3.338489 159.835008 79.791670 169.240542 0.000000 0.000000 0.000000 
0.066868 0.929523 -0.180480 -3.518358 10.676508 -3.260690 1.534512 0.267698 5.042570 -5.531657 0.483456 7.546379 13.354719 24.948769 -0.197693 0.000000 0.000000 0.000000 2.812999 2.203156 -20.321592 -1.809694 0.761584 16.519589 -2.297082 -7.557595 10.120847 0.000000 0.000000 0.000000 5.871479 -1.096802 10.492992 0.041391 -0.245076 3.295025 -7.534114 4.568223 14.795772 15.550141 -4.158040 -30.546081 0.000000 0.000000 0.000000 -3.526535 -23.440315 7.446121 -48.147821 -17.371988 0.113452 -172.461511 -80.564988 170.686182 0.000000 0.000000 0.000000 5.116438 10.661899 4.835416 57.859196 18.626694 3.524967 148.141037 78.610889 154.944842 0.000000 0.000000 0.000000 
0.069314 0.927780 -0.201867 -3.344801 10.175493 -4.329494 1.375222 0.336942 5.930274 -5.634102 0.514670 6.158025 13.550289 25.335162 0.024078 0.000000 0.000000 0.000000 2.879408 2.182699 -19.703808 -1.755784 0.752302 15.789990 -2.607779 -8.162055 9.718352 0.000000 0.000000 0.000000 5.380439 -1.042266 10.696029 -0.022037 -0.220121 3.540748 -7.696646 4.809582 14.797489 15.748247 -4.357526 -30.167372 0.000000 0.000000 0.000000 -3.142420 -23.866080 7.567369 -47.138891 -17.904083 0.310909 -172.881134 -80.411664 171.047551 0.000000 0.000000 0.000000 4.460121 10.663346 4.697265 58.033312 19.048391 3.852680 138.473748 77.081311 142.248329 0.000000 0.000000 0.000000 
0.070683 0.928160 -0.221800 -3.366520 9.648607 -5.671490 1.291746 0.412857 7.015492 -5.782080 0.546363 5.503661 13.799261 25.814672 0.506341 0.000000 0.000000 0.000000 3.077036 2.113243 -18.342435 -1.038753 0.570089 15.247184 -3.577081 -10.085352 9.150263 0.000000 0.000000 0.000000 4.661197 -0.977604 11.015317 -0.269841 -0.040016 2.970656 -7.266590 4.972987 16.285068 15.511181 -3.985367 -31.706696 0.000000 0.000000 0.000000 -1.907945 -23.294364 7.333093 -46.788327 -19.570963 0.735935 -174.154372 -79.156607 172.534563 0.000000 0.000000 0.000000 3.199548 10.535684 4.391712 58.933854 20.272544 4.653097 137.301764 76.172042 140.324880 0.000000 0.000000 0.000000 
0.070882 0.930075 -0.239533 -3.380133 9.170892 -6.423463 1.518028 0.455818 7.984474 -5.979270 0.571835 3.789729 14.386800 26.793702 2.142119 0.000000 0.000000 0.000000 2.644800 2.048694 -18.225752 0.295992 0.237610 17.401219 -4.053512 -11.080181 8.906303 0.000000 0.000000 0.000000 3.924365 -0.890812 11.000769 0.102989 -0.225969 2.957441 -7.004020 5.639594 16.493625 15.155029 -3.973688 -30.729582 0.000000 0.000000 0.000000 -1.070826 -23.887354 7.463180 -45.937899 -20.179860 0.873806 -177.472472 -76.622124 176.111922 0.000000 0.000000 0.000000 2.214036 10.607727 4.251161 58.386657 21.054742 5.126474 143.177941 74.548990 146.709912 0.000000 0.000000 0.000000 
0.069999 0.932238 -0.255065 -3.780265 8.999157 -7.137798 1.850892 0.487095 9.152042 -5.886442 0.546984 1.919230 14.427500 26.792082 3.675118 0.000000 0.000000 0.000000 2.820454 2.083337 -18.185581 0.603596 0.119114 22.239887 -4.849079 -12.558785 6.507880 0.000000 0.000000 0.000000 3.694521 -0.832287 10.691383 0.381496 -0.351533 2.715623 -6.628301 5.220345 17.128375 13.843692 -3.340822 -30.993950 0.000000 0.000000 0.000000 -0.831504 -23.112480 7.229496 -45.751449 -21.667756 1.345912 177.074162 -75.038440 -176.453894 0.000000 0.000000 0.000000 0.692638 11.410182 4.256575 57.944032 22.542353 5.861797 147.276409 72.972742 150.785946 0.000000 0.000000 0.000000 
0.068156 0.934091 -0.268771 -4.221589 9.546303 -7.770576 2.374302 0.454198 9.902907 -5.877704 0.523281 0.714909 14.547867 26.857277 4.490182 0.000000 0.000000 0.000000 2.611127 1.957308 -17.310678 0.559840 0.020857 26.093015 -5.638337 -14.165927 4.952015 0.000000 0.000000 0.000000 4.019130 -0.841106 10.509311 0.428553 -0.397037 2.939950 -6.482031 5.056842 17.003568 13.544510 -3.350397 -30.074518 0.000000 0.000000 0.000000 -0.187529 -23.752313 7.392761 -45.427220 -22.623618 1.641829 174.062760 -73.922745 -172.450982 0.000000 0.000000 0.000000 -0.207497 11.848771 4.258170 56.801518 23.976695 6.516030 155.219683 72.516767 161.125823 0.000000 0.000000 0.000000 
0.065121 0.935313 -0.280629 -4.375282 10.381724 -8.058783 2.905505 0.382624 10.079393 -6.431920 0.542232 -0.066690 15.119480 27.574904 5.189305 0.000000 0.000000 0.000000 1.823458 1.691603 -15.908579 0.196665 -0.010204 29.375637 -5.774880 -14.445633 3.081289 0.000000 0.000000 0.000000 4.202493 -0.838031 10.278320 0.506105 -0.419779 2.612242 -6.680922 4.689142 17.319850 13.487637 -3.329299 -30.016313 0.000000 0.000000 0.000000 0.360926 -23.453409 7.266772 -44.727524 -23.624223 1.897274 171.433228 -73.040549 -168.880288 0.000000 0.000000 0.000000 -0.273522 12.445223 4.466283 55.678044 25.332681 6.971592 162.334776 72.562291 170.911679 0.000000 0.000000 0.000000 
0.060949 0.936110 -0.290571 -4.727308 11.527437 -7.794372 3.570847 0.268153 9.796411 -6.714096 0.515549 -1.180508 14.281735 26.213596 4.460049 0.000000 0.000000 0.000000 1.375580 1.462827 -14.226139 0.260657 -0.209800 30.298311 -5.908191 -14.787526 2.178060 0.000000 0.000000 0.000000 4.971193 -0.824112 9.414184 0.675802 -0.510285 2.507429 -7.472346 5.012042 16.864886 13.942974 -3.724787 -28.476435 0.000000 0.000000 0.000000 1.170692 -23.493731 7.213028 -44.011237 -23.577837 1.781589 171.118147 -72.091221 -169.149017 0.000000 0.000000 0.000000 1.318543 12.044796 4.676965 53.209090 25.228488 6.361281 162.321579 71.382188 171.231923 0.000000 0.000000 0.000000 
0.055460 0.935506 -0.298595 -4.612252 12.969061 -7.771545 3.730483 0.207687 9.643491 -6.881839 0.473803 -2.130038 14.290183 26.061030 5.308263 0.000000 0.000000 0.000000 1.206422 1.217599 -11.802309 -0.436576 -0.062414 29.511717 -5.461585 -13.785405 2.382045 0.000000 0.000000 0.000000 4.961783 -0.731860 8.441625 1.044160 -0.754476 2.927015 -8.278644 5.652899 15.835416 14.780066 -4.432446 -26.343096 0.000000 0.000000 0.000000 0.649058 -24.932257 7.588269 -42.583199 -23.300747 1.706399 169.917360 -72.722939 -168.896759 0.000000 0.000000 0.000000 1.834929 12.085989 4.884115 52.252743 23.683130 5.578756 165.174030 70.944431 175.925269 0.000000 0.000000 0.000000 
0.048310 0.934627 -0.305286 -4.113361 14.534953 -7.439136 3.188182 0.206228 8.661530 -6.341891 0.424872 -1.942884 13.355433 24.543650 5.041897 0.000000 0.000000 0.000000 0.799821 0.968619 -9.585323 -1.107371 0.105527 27.851727 -5.046045 -12.849345 1.940641 0.000000 0.000000 0.000000 4.685023 -0.643202 7.642155 0.410292 -0.397482 2.486014 -7.858564 5.268212 15.806214 14.919389 -4.837020 -24.780869 0.000000 0.000000 0.000000 -0.762063 -24.405185 7.420388 -41.966707 -23.413818 1.810651 174.390745 -74.474045 -175.481361 0.000000 0.000000 0.000000 2.575466 11.905664 5.011035 50.850306 22.040257 4.454802 166.335385 71.371271 177.917871 0.000000 0.000000 0.000000 
0.039407 0.933720 -0.310916 -4.070821 14.792271 -7.288704 3.439948 0.162386 8.064785 -6.396552 0.427026 -1.770809 13.756603 25.141478 5.706881 0.000000 0.000000 0.000000 1.013808 0.786865 -7.346866 -1.549884 0.384811 24.047105 -4.894465 -12.539333 2.394355 0.000000 0.000000 0.000000 4.772609 -0.533841 6.509386 0.246202 -0.362759 2.985472 -7.917387 6.226340 16.132531 14.440703 -4.720365 -23.541854 0.000000 0.000000 0.000000 -2.370413 -24.282800 7.304810 -41.867507 -22.858351 1.714811 176.232346 -76.332000 -178.673755 0.000000 0.000000 0.000000 4.263363 10.896934 5.045984 50.460522 21.218394 3.861693 163.936175 73.678854 175.603007 0.000000 0.000000 0.000000 
0.029213 0.932617 -0.315091 -3.942953 15.451511 -7.156635 3.464966 0.131491 7.370675 -5.934460 0.409603 -1.026526 13.770075 25.099114 5.582572 0.000000 0.000000 0.000000 1.601815 0.652032 -5.554614 -1.691136 0.480930 20.260584 -5.059137 -12.980598 2.536630 0.000000 0.000000 0.000000 5.025809 -0.500985 6.009243 0.071283 -0.293122 3.122319 -8.270116 6.588433 16.101246 14.411036 -4.807646 -22.721349 0.000000 0.000000 0.000000 -3.516793 -23.572245 6.976943 -42.137324 -22.285022 1.622633 -179.312221 -78.363461 175.311192 0.000000 0.000000 0.000000 5.750318 9.787635 4.972336 51.221169 20.150265 3.379416 164.513343 74.849062 177.077155 0.000000 0.000000 0.000000 
0.018964 0.932217 -0.318365 -3.904308 15.452574 -6.975871 3.784206 0.091719 6.937216 -5.903363 0.412940 -0.686139 13.572149 24.818992 5.383250 0.000000 0.000000 0.000000 1.702794 0.581045 -4.829188 -1.676345 0.521894 17.621471 -4.811898 -12.386294 3.157455 0.000000 0.000000 0.000000 5.288113 -0.435508 5.225474 -0.155603 -0.267201 4.069446 -8.301724 7.081713 15.478556 13.991995 -4.907940 -21.030008 0.000000 0.000000 0.000000 -5.632431 -23.284556 6.747189 -43.349761 -20.657507 1.364563 -178.872193 -80.272707 174.726986 0.000000 0.000000 0.000000 7.322868 8.972200 5.002517 51.920512 18.701236 2.719420 166.887103 76.423817 -179.555095 0.000000 0.000000 0.000000 
0.009970 0.932402 -0.320052 -3.887435 14.959010 -7.164197 4.015534 0.083694 7.024477 -5.498115 0.402401 -0.289561 13.921600 25.384297 5.862964 0.000000 0.000000 0.000000 2.031737 0.505395 -3.983967 -1.132230 0.410781 15.311395 -4.775581 -12.313746 3.835052 0.000000 0.000000 0.000000 5.708757 -0.438050 5.115649 -0.294830 -0.144466 3.641871 -8.705409 7.380273 16.125375 14.064547 -5.128499 -20.398965 0.000000 0.000000 0.000000 -7.172673 -22.414624 6.335243 -45.006606 -19.668817 1.126635 175.675582 -82.507278 -178.789934 0.000000 0.000000 0.000000 8.099613 8.501604 4.982535 54.477767 18.423836 2.822533 170.860474 79.372866 -174.229451 0.000000 0.000000 0.000000 
0.002339 0.933303 -0.321107 -3.633335 14.622369 -7.189367 4.188720 0.080834 7.292201 -4.987881 0.373597 -0.445125 13.477460 24.807792 6.450081 0.000000 0.000000 0.000000 1.888576 0.432979 -3.421565 -0.600429 0.291832 13.844997 -4.172724 -10.923229 3.947373 0.000000 0.000000 0.000000 5.839452 -0.388348 4.619271 -0.441674 -0.103301 4.088709 -8.711038 7.410927 16.020259 13.572369 -5.213712 -18.966499 0.000000 0.000000 0.000000 -9.036392 -22.386419 6.248735 -45.723584 -18.657944 0.948974 161.764713 -84.386412 -163.257262 0.000000 0.000000 0.000000 9.121697 8.689897 5.280136 55.585520 18.444959 2.865122 -178.644598 82.245623 -162.445734 0.000000 0.000000 0.000000 
-0.004082 0.933619 -0.321884 -3.502786 14.366768 -7.284600 4.113063 0.102927 7.767978 -4.608863 0.350995 -0.710466 13.248673 24.519843 6.991739 0.000000 0.000000 0.000000 2.267379 0.429829 -3.251247 -0.731945 0.336007 13.131142 -3.980229 -10.484192 3.980220 0.000000 0.000000 0.000000 6.086221 -0.382864 4.499584 -0.365105 -0.147455 4.177231 -8.938619 7.181658 16.143582 13.276974 -5.039943 -19.048577 0.000000 0.000000 0.000000 -9.866732 -22.133380 6.163953 -46.255099 -18.726579 1.020436 126.614864 -84.974199 -125.387090 0.000000 0.000000 0.000000 9.709400 8.786763 5.417581 56.158749 19.302741 3.272403 -148.759277 84.608155 -130.719260 0.000000 0.000000 0.000000 
-0.009855 0.933922 -0.323043 -3.261071 13.812467 -7.201530 4.247650 0.110296 8.191931 -4.459564 0.344625 -1.310029 12.919617 24.120197 7.469807 0.000000 0.000000 0.000000 2.265590 0.408119 -3.087520 -0.422080 0.274899 12.139703 -3.404598 -9.137365 3.675843 0.000000 0.000000 0.000000 6.231127 -0.364255 4.278557 -0.741696 0.038781 4.447572 -8.719970 7.126851 16.187684 12.398767 -4.646781 -18.497014 0.000000 0.000000 0.000000 -10.250363 -22.765892 6.489982 -45.983072 -19.847304 1.441873 86.592525 -82.359785 -81.467805 0.000000 0.000000 0.000000 9.860990 9.627805 5.795144 55.871356 20.029176 3.546478 -106.389916 84.019270 -86.462124 0.000000 0.000000 0.000000 
-0.015099 0.934540 -0.324564 -3.190364 13.653725 -6.995674 4.410719 0.098792 8.370331 -4.384486 0.337976 -1.878172 12.456891 23.489360 7.618125 0.000000 0.000000 0.000000 2.443890 0.377538 -2.787211 -0.227396 0.230641 11.069087 -3.159145 -8.596104 4.008298 0.000000 0.000000 0.000000 6.396873 -0.358722 4.130139 -0.741590 0.018379 4.707504 -8.737896 6.820925 16.032850 12.284130 -4.637455 -18.419434 0.000000 0.000000 0.000000 -10.230074 -23.463827 6.864895 -45.192819 -21.195912 1.906179 70.220786 -77.308381 -60.795917 0.000000 0.000000 0.000000 10.036104 10.085747 5.997201 54.872237 21.034562 3.843269 -79.668868 81.348632 -58.228206 0.000000 0.000000 0.000000 
-0.019893 0.934898 -0.326205 -3.006575 13.353442 -6.781905 4.486620 0.102696 8.655974 -4.341600 0.335709 -2.335767 11.995419 22.885041 8.079968 0.000000 0.000000 0.000000 2.531105 0.365215 -2.677222 -0.085271 0.201720 10.179636 -2.613690 -7.376382 4.387266 0.000000 0.000000 0.000000 6.537820 -0.367147 4.132616 -0.801971 0.056526 4.705121 -8.726242 6.513341 16.117028 11.650606 -4.372857 -18.044888 0.000000 0.000000 0.000000 -10.446166 -24.071020 7.222774 -43.854867 -22.968098 2.451563 61.637762 -71.259606 -47.946450 0.000000 0.000000 0.000000 10.198287 10.617934 6.213391 53.265265 22.330512 4.148341 -67.681708 76.719825 -44.003702 0.000000 0.000000 0.000000 
-0.024351 0.935754 -0.327761 -2.894566 13.517695 -6.574668 4.689615 0.076141 8.731065 -4.441282 0.330943 -3.130132 11.678745 22.476870 8.675007 0.000000 0.000000 0.000000 2.593306 0.349299 -2.534786 0.042472 0.165627 9.161652 -2.302621 -6.705151 4.836074 0.000000 0.000000 0.000000 6.547308 -0.368710 4.100916 -0.728482 0.000344 4.858055 -8.863923 6.006883 16.053278 11.382906 -4.197353 -18.248345 0.000000 0.000000 0.000000 -9.974044 -25.024679 7.716402 -42.739679 -24.950757 3.007865 57.544162 -64.441549 -39.509942 0.000000 0.000000 0.000000 9.904938 11.055200 6.293415 52.154756 23.534926 4.549227 -61.431203 71.945138 -35.782302 0.000000 0.000000 0.000000 
-0.028653 0.936351 -0.329141 -2.855773 13.563733 -6.569500 4.925808 0.050813 8.927047 -4.311878 0.318713 -3.657074 11.730134 22.598991 9.415163 0.000000 0.000000 0.000000 2.857696 0.294510 -2.035235 -0.047908 0.175913 8.039058 -2.047196 -6.226431 5.599688 0.000000 0.000000 0.000000 6.370023 -0.402086 4.476716 -0.564175 -0.072617 4.677824 -8.919444 5.484368 16.146439 11.082402 -4.085615 -18.169592 0.000000 0.000000 0.000000 -9.552254 -25.656751 8.071775 -41.703436 -27.357385 3.650457 54.891083 -58.674862 -33.576362 0.000000 0.000000 0.000000 9.447534 11.626686 6.387847 50.706424 25.017838 4.990040 -58.654045 66.414149 -30.502039 0.000000 0.000000 0.000000 
-0.032894 0.937085 -0.330244 -2.971005 13.839337 -6.347793 5.201219 0.006952 8.721943 -4.427181 0.314285 -4.020156 11.700840 22.572393 9.722275 0.000000 0.000000 0.000000 3.041988 0.276368 -1.856829 0.171516 0.117663 7.035246 -1.932673 -6.027797 6.161383 0.000000 0.000000 0.000000 6.374554 -0.405462 4.443165 -0.500941 -0.108434 4.623352 -9.053276 4.899260 16.159604 11.074981 -3.995169 -18.761504 0.000000 0.000000 0.000000 -8.657410 -26.432917 8.448263 -41.055766 -29.342807 4.147980 53.130196 -53.360942 -29.036380 0.000000 0.000000 0.000000 8.843346 11.952831 6.352308 49.841549 26.486673 5.547918 -57.416202 61.618100 -27.038815 0.000000 0.000000 0.000000 
-0.036992 0.937355 -0.330812 -2.979524 13.985750 -6.186767 5.380091 -0.019852 8.669519 -4.418410 0.307706 -4.297740 11.921938 22.900712 10.210315 0.000000 0.000000 0.000000 3.286359 0.256901 -1.666434 0.207785 0.100585 6.260915 -1.748840 -5.677211 6.652846 0.000000 0.000000 0.000000 6.147563 -0.428027 4.708748 -0.266026 -0.192576 4.128305 -9.230517 4.955947 16.355511 11.198267 -4.026379 -18.894424 0.000000 0.000000 0.000000 -7.959069 -26.975601 8.618125 -40.455149 -30.784700 4.461892 52.485011 -50.749189 -27.180062 0.000000 0.000000 0.000000 8.812133 12.020517 6.398929 48.695690 27.441811 5.747992 -58.150442 58.168432 -25.508768 0.000000 0.000000 0.000000 
-0.040578 0.937512 -0.330993 -3.126282 14.203355 -6.258729 5.584104 -0.050176 8.575467 -4.228656 0.296657 -4.413764 12.014339 23.031707 10.397693 0.000000 0.000000 0.000000 3.444071 0.226735 -1.405529 0.463985 0.044216 5.813594 -1.904893 -6.036836 6.861197 0.000000 0.000000 0.000000 5.979262 -0.483953 5.303734 -0.265699 -0.155307 3.688129 -9.197424 5.066556 16.483993 11.183879 -3.937263 -19.117304 0.000000 0.000000 0.000000 -7.280520 -27.271884 8.668621 -40.192745 -31.820065 4.684754 52.284998 -49.593523 -26.487296 0.000000 0.000000 0.000000 8.665482 12.079533 6.423507 48.221880 28.402566 6.097553 -58.915875 55.220604 -24.196197 0.000000 0.000000 0.000000 
-0.043350 0.937464 -0.331029 -3.230014 14.487348 -6.229611 5.732477 -0.077489 8.251188 -4.142825 0.289451 -4.419207 12.250642 23.364493 10.849237 0.000000 0.000000 0.000000 3.744773 0.222092 -1.319832 0.434184 0.043407 5.464282 -2.025872 -6.342360 7.362041 0.000000 0.000000 0.000000 5.924671 -0.528653 5.720778 -0.151713 -0.221412 3.709593 -9.429697 5.258279 16.179076 11.527895 -4.099765 -19.139567 0.000000 0.000000 0.000000 -6.859882 -27.346617 8.618549 -40.102938 -32.322632 4.821341 52.327887 -49.303845 -26.499139 0.000000 0.000000 0.000000 8.950049 11.975162 6.487146 48.355849 28.993534 6.414459 -60.004613 53.899791 -23.917398 0.000000 0.000000 0.000000 
-0.045154 0.937399 -0.331354 -3.239493 14.642918 -6.239741 5.849643 -0.094809 7.850132 -4.146859 0.291436 -4.126709 12.473772 23.677812 11.141699 0.000000 0.000000 0.000000 3.673229 0.205722 -1.205868 0.486172 0.030771 5.311659 -2.117486 -6.538595 7.422470 0.000000 0.000000 0.000000 5.798178 -0.586857 6.317349 -0.327675 -0.103831 3.414333 -9.199673 5.567315 16.167589 11.804966 -4.137463 -19.537710 0.000000 0.000000 0.000000 -6.971745 -27.472638 8.614139 -40.287128 -32.189681 4.816394 52.711993 -50.227733 -27.363646 0.000000 0.000000 0.000000 9.253394 11.895410 6.568155 48.751110 29.429731 6.696313 -61.937606 53.319636 -24.456169 0.000000 0.000000 0.000000 
-0.046217 0.937782 -0.332163 -3.344422 14.838548 -6.184438 6.077285 -0.126947 7.466198 -4.120556 0.287347 -4.144630 12.801397 24.126079 11.655363 0.000000 0.000000 0.000000 3.893495 0.222295 -1.292548 0.457341 0.033777 5.267220 -2.392710 -7.142191 7.644432 0.000000 0.000000 0.000000 5.770275 -0.615674 6.565242 -0.377915 -0.090955 3.529551 -9.103725 5.750061 15.923241 12.195850 -4.351730 -19.530176 0.000000 0.000000 0.000000 -7.140377 -27.503853 8.585225 -40.740500 -32.002911 4.860627 52.946581 -50.640318 -27.837026 0.000000 0.000000 0.000000 9.474453 11.904843 6.662420 49.309466 29.812178 7.024124 -63.387218 52.933124 -24.886658 0.000000 0.000000 0.000000 
-0.046712 0.937843 -0.333237 -3.367509 15.308659 -6.056905 6.136647 -0.147696 7.067972 -4.060589 0.278815 -4.192275 12.738623 24.045602 11.860530 0.000000 0.000000 0.000000 3.874799 0.223696 -1.296180 0.503895 0.017787 4.933296 -2.618830 -7.614386 7.888977 0.000000 0.000000 0.000000 5.857697 -0.630513 6.600733 -0.297322 -0.151730 3.646671 -9.052829 5.976041 15.801310 12.492627 -4.484377 -19.524527 0.000000 0.000000 0.000000 -7.734285 -27.478704 8.519207 -41.053046 -31.924665 4.939393 53.513883 -51.240363 -28.658328 0.000000 0.000000 0.000000 9.885461 11.908729 6.829426 50.149934 30.061056 7.346655 -65.185404 53.556561 -26.079112 0.000000 0.000000 0.000000 
-0.046939 0.938025 -0.334305 -3.406664 15.592928 -6.110865 6.310681 -0.173604 6.884473 -4.209098 0.278245 -4.302855 12.836629 24.182674 12.240264 0.000000 0.000000 0.000000 3.881700 0.226944 -1.306915 0.711822 -0.021864 5.143848 -2.883946 -8.145852 7.621237 0.000000 0.000000 0.000000 6.091324 -0.659805 6.713733 -0.370182 -0.110978 3.576984 -8.789881 6.305289 15.847522 12.562405 -4.514097 -19.361815 0.000000 0.000000 0.000000 -8.218560 -28.092736 8.705721 -41.334367 -31.950378 5.029603 54.581552 -51.312488 -29.450249 0.000000 0.000000 0.000000 10.091421 12.171760 7.071400 51.060356 30.625006 7.866619 -66.851947 53.908332 -27.082903 0.000000 0.000000 0.000000 
-0.047000 0.938093 -0.335100 -3.424896 15.995118 -6.185999 6.356214 -0.188531 6.653939 -4.245552 0.276200 -4.157586 12.668512 23.962944 12.290194 0.000000 0.000000 0.000000 3.787316 0.213494 -1.207281 0.839554 -0.049935 5.131800 -3.225440 -8.854451 7.531851 0.000000 0.000000 0.000000 6.207024 -0.676754 6.779583 -0.313935 -0.175593 3.884236 -8.752124 6.520031 15.515978 12.575245 -4.455414 -19.377601 0.000000 0.000000 0.000000 -8.451484 -28.109403 8.642486 -41.416503 -32.541206 5.269925 55.461026 -50.991155 -29.922660 0.000000 0.000000 0.000000 10.544148 12.412873 7.364392 51.987918 31.050992 8.327476 -68.060149 54.140335 -27.791162 0.000000 0.000000 0.000000 
-0.047050 0.937986 -0.335672 -3.581053 16.570767 -6.346950 6.542050 -0.223161 6.501303 -4.466240 0.275372 -4.108253 12.466901 23.689875 12.256711 0.000000 0.000000 0.000000 3.628658 0.207942 -1.164783 1.086035 -0.102824 5.270280 -3.535535 -9.492716 7.618665 0.000000 0.000000 0.000000 6.413631 -0.718545 6.996669 -0.162511 -0.244344 3.691990 -8.561946 6.626276 15.541006 12.648854 -4.483467 -19.258441 0.000000 0.000000 0.000000 -8.761086 -28.532662 8.749985 -41.258730 -33.319680 5.515523 56.441853 -50.648846 -30.405459 0.000000 0.000000 0.000000 10.786535 12.528760 7.548919 52.866190 31.780676 8.946144 -69.114194 54.433763 -28.445922 0.000000 0.000000 0.000000 
-0.047010 0.938049 -0.336131 -3.524248 16.930385 -6.404246 6.499876 -0.227122 6.297960 -4.644702 0.280015 -3.828294 12.373620 23.559430 12.199125 0.000000 0.000000 0.000000 3.559581 0.207702 -1.159645 1.066993 -0.102905 5.399367 -3.701669 -9.825490 7.515193 0.000000 0.000000 0.000000 6.534805 -0.727735 6.991732 -0.113738 -0.270359 3.645369 -8.493934 6.688322 15.444976 12.549420 -4.435868 -19.048510 0.000000 0.000000 0.000000 -8.857489 -28.939365 8.875027 -40.826780 -34.201770 5.728152 56.561840 -49.755118 -29.967775 0.000000 0.000000 0.000000 11.153593 13.132852 7.994523 52.946028 32.339526 9.216754 -69.356246 54.133848 -28.323673 0.000000 0.000000 0.000000 
-0.046776 0.937844 -0.336536 -3.490306 17.306676 -6.468944 6.444031 -0.231269 6.290862 -4.517280 0.272338 -3.773339 12.321527 23.471842 12.091634 0.000000 0.000000 0.000000 3.407092 0.210208 -1.190566 1.120510 -0.118036 5.724721 -3.987965 -10.424182 7.430599 0.000000 0.000000 0.000000 6.638330 -0.729838 6.928302 -0.035558 -0.297244 3.466261 -8.301508 6.592859 15.498948 12.453590 -4.362887 -19.021296 0.000000 0.000000 0.000000 -8.533072 -29.341259 9.013107 -40.819991 -35.108308 5.969917 56.673641 -48.742597 -29.417382 0.000000 0.000000 0.000000 10.776728 13.742145 8.218386 53.315519 32.936786 9.684228 -69.095751 53.873935 -27.972540 0.000000 0.000000 0.000000 
-0.046417 0.937964 -0.336895 -3.300931 17.479024 -6.595559 6.106205 -0.198345 6.395165 -4.608068 0.275194 -3.651809 12.130905 23.198984 11.770489 0.000000 0.000000 0.000000 3.153521 0.185338 -1.041677 1.061892 -0.108247 5.805098 -4.107382 -10.676853 7.518598 0.000000 0.000000 0.000000 6.688320 -0.723243 6.865324 -0.061236 -0.298482 3.590668 -8.202286 6.636980 15.414500 12.217825 -4.151276 -19.162362 0.000000 0.000000 0.000000 -8.278966 -29.935986 9.227239 -40.863177 -35.776146 6.170477 56.315774 -48.067175 -28.805876 0.000000 0.000000 0.000000 10.466685 14.600480 8.565312 53.069198 33.305811 9.863657 -68.553451 53.248408 -27.334954 0.000000 0.000000 0.000000 
-0.046071 0.938159 -0.337180 -3.080313 17.455696 -6.642101 5.701662 -0.154055 6.443122 -4.569859 0.277557 -3.481695 12.164714 23.230563 11.642918 0.000000 0.000000 0.000000 2.828516 0.175606 -1.027348 0.976449 -0.091098 6.054016 -4.092378 -10.647219 7.358356 0.000000 0.000000 0.000000 6.683434 -0.718773 6.851290 -0.115249 -0.244407 3.348966 -8.091325 6.684330 15.643581 12.139411 -4.011596 -19.495494 0.000000 0.000000 0.000000 -7.955539 -30.264348 9.347414 -40.957385 -36.242802 6.283265 56.029221 -47.740074 -28.427119 0.000000 0.000000 0.000000 10.177022 15.265662 8.815968 52.838394 33.945237 10.142762 -67.263725 53.078940 -26.568900 0.000000 0.000000 0.000000 
-0.045864 0.938055 -0.337470 -2.868581 17.279110 -6.681579 5.400354 -0.116119 6.610259 -4.688183 0.282190 -3.600421 12.247306 23.334520 11.597398 0.000000 0.000000 0.000000 2.446931 0.152187 -0.924728 1.225538 -0.138882 6.031908 -4.256222 -11.027772 7.258175 0.000000 0.000000 0.000000 6.751466 -0.708112 6.754722 -0.266044 -0.166552 3.384605 -8.004555 6.809077 15.687221 12.090256 -4.009009 -19.363317 0.000000 0.000000 0.000000 -7.404908 -30.571731 9.448777 -41.034083 -36.597671 6.354368 55.962863 -47.975074 -28.541177 0.000000 0.000000 0.000000 9.528051 15.799825 8.881687 52.720361 34.335490 10.398240 -66.188203 53.182004 -26.126881 0.000000 0.000000 0.000000 
-0.045954 0.937693 -0.337852 -2.752093 17.044856 -6.634370 5.263219 -0.096094 6.541039 -4.617867 0.286428 -3.413562 12.386025 23.521838 11.586898 0.000000 0.000000 0.000000 2.299852 0.161404 -1.032659 1.205514 -0.132488 6.238491 -4.416366 -11.399901 7.012147 0.000000 0.000000 0.000000 6.868064 -0.704019 6.667543 -0.384445 -0.111027 3.476762 -7.894712 6.804508 15.764742 12.128740 -4.009877 -19.544644 0.000000 0.000000 0.000000 -7.015099 -30.591990 9.472380 -41.053924 -36.997883 6.433760 55.223047 -48.533850 -28.379709 0.000000 0.000000 0.000000 9.105558 16.347147 8.992400 52.293396 34.911504 10.603857 -64.950095 54.062198 -26.161103 0.000000 0.000000 0.000000 
-0.046253 0.937229 -0.338378 -2.694789 16.782599 -6.771054 5.183084 -0.079092 6.661691 -4.605329 0.290847 -3.367242 12.595169 23.790233 11.496880 0.000000 0.000000 0.000000 2.238430 0.160417 -1.039976 1.219559 -0.132800 6.456626 -4.478158 -11.558136 6.833287 0.000000 0.000000 0.000000 6.958555 -0.707903 6.691634 -0.428543 -0.087001 3.513360 -7.785219 7.099526 16.056153 12.352219 -4.127922 -19.603664 0.000000 0.000000 0.000000 -6.325840 -30.784644 9.502519 -41.146026 -37.529752 6.518143 54.820470 -49.245230 -28.600542 0.000000 0.000000 0.000000 8.126854 16.760507 8.900435 52.643649 35.584319 11.212074 -63.785518 55.084529 -26.203320 0.000000 0.000000 0.000000 
-0.046656 0.936721 -0.339084 -2.696591 16.426139 -6.829972 5.184481 -0.069866 6.686564 -4.562647 0.294363 -3.343854 12.797233 24.056719 11.370459 0.000000 0.000000 0.000000 2.291778 0.203070 -1.372343 1.181721 -0.122780 6.984609 -4.545948 -11.735196 6.280528 0.000000 0.000000 0.000000 7.116865 -0.709473 6.647945 -0.583059 -0.015825 3.667673 -7.494643 7.108136 16.193247 12.581587 -4.245811 -19.854606 0.000000 0.000000 0.000000 -5.455716 -30.678574 9.461893 -41.486725 -37.875498 6.595582 54.492440 -49.884838 -28.716493 0.000000 0.000000 0.000000 6.979680 17.266104 8.748628 53.246293 36.109131 11.835941 -62.737098 56.478564 -26.591100 0.000000 0.000000 0.000000 
-0.047159 0.936472 -0.339902 -2.767224 16.343359 -6.872680 5.352210 -0.084729 6.598489 -4.653136 0.298931 -3.329381 12.807393 24.074583 11.310046 0.000000 0.000000 0.000000 2.263157 0.215002 -1.474650 1.217510 -0.129779 7.101754 -4.436195 -11.489839 6.368479 0.000000 0.000000 0.000000 7.216552 -0.735946 6.815050 -0.606789 -0.018254 3.840286 -7.406742 7.168302 16.195590 12.697290 -4.298410 -19.953343 0.000000 0.000000 0.000000 -4.963836 -30.692721 9.448705 -41.797360 -37.800700 6.582636 53.784758 -51.682925 -29.364182 0.000000 0.000000 0.000000 6.386254 17.391396 8.618648 54.012540 36.497295 12.408407 -62.105324 58.783752 -27.682819 0.000000 0.000000 0.000000 
-0.047828 0.936302 -0.340720 -2.877923 16.101158 -6.982362 5.500013 -0.092480 6.569624 -4.772073 0.308328 -3.213740 13.190625 24.579604 11.331025 0.000000 0.000000 0.000000 2.217854 0.238057 -1.672093 1.347687 -0.155451 7.352265 -4.490962 -11.623032 6.314682 0.000000 0.000000 0.000000 7.338291 -0.772785 7.072809 -0.739534 0.050564 3.898452 -7.161594 7.206884 16.159986 12.927185 -4.537910 -19.679829 0.000000 0.000000 0.000000 -4.532850 -30.333620 9.314016 -42.287589 -37.824910 6.645081 52.508054 -53.694870 -29.746943 0.000000 0.000000 0.000000 5.746649 17.354539 8.386354 55.205985 36.835707 13.123336 -60.333842 60.881153 -27.952182 0.000000 0.000000 0.000000 
-0.048557 0.936208 -0.341488 -2.990525 16.229577 -6.928598 5.694312 -0.116816 6.347935 -4.754236 0.303671 -3.333873 13.291934 24.715294 11.463619 0.000000 0.000000 0.000000 2.241765 0.251824 -1.775428 1.299495 -0.147868 7.432196 -4.481998 -11.593749 6.253264 0.000000 0.000000 0.000000 7.348114 -0.803698 7.282295 -0.614556 -0.030152 4.033165 -7.094632 7.295923 15.908716 13.235750 -4.785831 -19.419463 0.000000 0.000000 0.000000 -4.183602 -30.210190 9.235025 -42.648869 -37.582801 6.619258 51.712196 -56.022218 -30.714481 0.000000 0.000000 0.000000 5.516869 17.182770 8.259713 56.063063 37.058391 13.641683 -59.302274 62.795587 -28.419189 0.000000 0.000000 0.000000 
-0.049250 0.935834 -0.342277 -3.204589 16.298353 -7.016185 5.881632 -0.137270 6.209093 -4.776009 0.305895 -3.171529 13.530339 25.014108 11.406021 0.000000 0.000000 0.000000 2.322922 0.278447 -1.964028 1.345985 -0.161446 7.704395 -4.593248 -11.836586 6.158651 0.000000 0.000000 0.000000 7.587839 -0.860733 7.582482 -0.654575 -0.019534 4.137001 -6.977935 7.414496 15.808093 13.522835 -4.930326 -19.517049 0.000000 0.000000 0.000000 -3.728402 -30.032496 9.137025 -42.799653 -37.573085 6.596825 51.208902 -58.097589 -31.714262 0.000000 0.000000 0.000000 5.271888 17.003394 8.119151 56.549184 37.518834 14.168198 -58.374477 63.605288 -28.293299 0.000000 0.000000 0.000000 
-0.049716 0.935736 -0.343289 -3.193212 16.409357 -7.043847 5.998710 -0.151194 6.142773 -4.895175 0.311155 -3.025235 13.613552 25.114311 11.320770 0.000000 0.000000 0.000000 2.199676 0.289461 -2.086732 1.311326 -0.157996 7.966085 -4.520198 -11.669600 5.898470 0.000000 0.000000 0.000000 7.526271 -0.910697 7.993349 -0.680094 -0.011466 4.183189 -6.993815 7.396928 15.583067 13.522392 -4.933474 -19.476022 0.000000 0.000000 0.000000 -3.697740 -29.871354 9.072047 -42.820145 -37.165615 6.483991 51.172772 -60.043587 -32.927473 0.000000 0.000000 0.000000 5.301734 16.919574 8.093540 56.875139 38.032752 14.618373 -57.976932 64.008346 -28.283987 0.000000 0.000000 0.000000 
-0.049916 0.935444 -0.344764 -3.233444 16.295212 -7.166285 5.923057 -0.139738 6.055466 -4.894337 0.315807 -2.832867 13.746528 25.289170 11.304202 0.000000 0.000000 0.000000 2.187244 0.312916 -2.282355 1.203195 -0.135404 8.272318 -4.560559 -11.764875 5.726706 0.000000 0.000000 0.000000 7.654836 -0.991687 8.542640 -0.851340 0.086852 4.134142 -7.088668 7.351883 15.564378 13.636964 -5.040942 -19.410585 0.000000 0.000000 0.000000 -3.717366 -29.564816 8.970247 -42.916952 -36.734569 6.376628 52.260160 -62.275544 -35.108744 0.000000 0.000000 0.000000 5.251854 16.994873 8.094603 57.277355 38.834431 15.273147 -58.289881 64.005110 -28.558233 0.000000 0.000000 0.000000 
-0.049901 0.934996 -0.346633 -3.209058 16.233978 -7.310625 5.722958 -0.117148 5.964597 -4.794302 0.318241 -2.489481 13.982633 25.589982 11.193751 0.000000 0.000000 0.000000 2.023317 0.334814 -2.516851 1.274030 -0.155000 8.738869 -4.561941 -11.771614 5.484389 0.000000 0.000000 0.000000 7.619220 -1.075716 9.209396 -0.981709 0.154139 4.183716 -7.156766 7.447880 15.516582 13.607702 -5.019991 -19.393316 0.000000 0.000000 0.000000 -3.578710 -29.543609 8.947194 -43.264994 -36.514048 6.366199 54.236357 -63.994756 -37.729371 0.000000 0.000000 0.000000 5.032854 17.057306 8.054297 57.718535 40.172054 16.327664 -58.359717 62.700430 -27.880997 0.000000 0.000000 0.000000 
-0.049735 0.934517 -0.348560 -3.193838 15.990908 -7.562073 5.644765 -0.101597 5.868721 -4.861195 0.330681 -2.043859 14.281306 25.982956 11.199293 0.000000 0.000000 0.000000 2.035833 0.356528 -2.694738 1.110731 -0.119900 9.288832 -4.540475 -11.731268 5.371431 0.000000 0.000000 0.000000 7.634344 -1.183188 10.036866 -1.081290 0.216254 4.145359 -7.227998 7.348767 15.404623 13.703202 -5.050051 -19.626138 0.000000 0.000000 0.000000 -3.795774 -29.085978 8.811261 -43.714905 -35.711946 6.233743 56.589604 -66.106505 -40.935352 0.000000 0.000000 0.000000 4.976527 17.138862 8.036319 58.027572 41.106818 17.043193 -58.485777 62.382273 -27.905658 0.000000 0.000000 0.000000 
-0.049386 0.933672 -0.350205 -3.161401 15.902287 -7.710215 5.497911 -0.085226 5.715086 -4.965283 0.342876 -1.582838 14.440715 26.190184 11.042441 0.000000 0.000000 0.000000 1.938788 0.367282 -2.821208 1.196158 -0.143627 9.749835 -4.512113 -11.671625 5.194324 0.000000 0.000000 0.000000 7.553980 -1.252212 10.614686 -1.237942 0.289213 4.297104 -7.215116 7.238815 15.257268 13.625224 -4.947272 -19.901752 0.000000 0.000000 0.000000 -4.168585 -28.790326 8.730022 -44.107416 -34.649338 6.011113 58.386414 -68.133465 -43.781352 0.000000 0.000000 0.000000 5.090360 17.282014 8.105450 57.933771 41.333433 17.115000 -58.536383 62.313231 -27.987353 0.000000 0.000000 0.000000 
-0.048874 0.932843 -0.351381 -3.103300 15.464480 -7.891815 5.313019 -0.057050 5.682392 -5.008146 0.356921 -1.076896 14.407638 26.170276 10.593121 0.000000 0.000000 0.000000 1.897321 0.391665 -3.050356 1.161641 -0.135304 10.419734 -4.383696 -11.393907 5.019687 0.000000 0.000000 0.000000 7.624562 -1.348588 11.314856 -1.284122 0.317423 4.371210 -7.595564 7.188284 15.072546 13.701282 -5.133819 -19.514804 0.000000 0.000000 0.000000 -5.136475 -28.677634 8.737553 -44.337084 -32.587896 5.481494 57.960026 -69.641534 -44.489368 0.000000 0.000000 0.000000 5.741681 17.424198 8.323560 57.791136 41.119335 16.802530 -57.272499 63.652789 -28.063293 0.000000 0.000000 0.000000 
-0.048312 0.931887 -0.352154 -3.015498 15.028061 -7.932845 5.184478 -0.038236 5.439855 -5.126995 0.374880 -0.571728 14.838033 26.754359 10.788529 0.000000 0.000000 0.000000 1.886545 0.426800 -3.365573 1.237899 -0.150174 10.886227 -4.378310 -11.393335 4.615008 0.000000 0.000000 0.000000 7.629065 -1.399890 11.726756 -1.573377 0.469219 4.501355 -7.614003 7.173292 14.994217 13.643802 -5.209265 -19.217897 0.000000 0.000000 0.000000 -5.834827 -28.733480 8.808681 -45.012740 -30.725212 5.016906 55.254101 -70.866967 -43.070006 0.000000 0.000000 0.000000 6.162001 17.203175 8.314661 58.253028 40.443543 16.486035 -56.067008 65.703416 -28.464582 0.000000 0.000000 0.000000 
-0.047869 0.930978 -0.352788 -2.798946 14.522322 -7.994526 5.041356 -0.016402 5.265128 -5.285659 0.397767 -0.013328 15.042618 27.063266 10.404302 0.000000 0.000000 0.000000 1.744714 0.449043 -3.630247 1.396639 -0.187900 11.650366 -4.326171 -11.282348 4.052465 0.000000 0.000000 0.000000 7.595284 -1.450158 12.186988 -1.877097 0.627542 4.688631 -7.767646 6.695786 15.030387 13.198860 -5.107125 -18.874055 0.000000 0.000000 0.000000 -6.522432 -28.713616 8.931445 -45.259955 -29.079573 4.545039 51.354013 -71.035331 -39.689052 0.000000 0.000000 0.000000 6.421821 17.629863 8.483149 58.585643 39.824309 16.093513 -54.288843 67.439278 -28.428057 0.000000 0.000000 0.000000 
-0.047876 0.930113 -0.353459 -2.767618 14.016985 -7.943277 5.066698 -0.012902 4.992255 -5.518051 0.426641 0.583395 15.198788 27.317495 9.965633 0.000000 0.000000 0.000000 1.942394 0.512909 -4.112022 1.339093 -0.168875 12.188081 -4.397572 -11.448091 3.731057 0.000000 0.000000 0.000000 7.602078 -1.483277 12.469112 -2.181279 0.791718 4.799776 -7.603320 6.426525 15.156541 13.021962 -5.060444 -18.906038 0.000000 0.000000 0.000000 -7.550668 -29.160093 9.243354 -45.325352 -27.950126 4.238236 46.463384 -70.068196 -34.901453 0.000000 0.000000 0.000000 6.892931 17.816364 8.627563 58.236477 39.070508 15.333776 -52.679701 69.420052 -28.521575 0.000000 0.000000 0.000000 
-0.048613 0.928534 -0.354179 -2.668018 13.806464 -7.856926 5.415757 -0.046706 4.351107 -5.986104 0.476940 1.733097 15.359196 27.577271 9.349397 0.000000 0.000000 0.000000 1.883079 0.613449 -5.049792 1.603846 -0.255386 13.438643 -4.435150 -11.517184 3.401020 0.000000 0.000000 0.000000 7.327343 -1.557266 13.220804 -2.295630 0.853182 4.871365 -7.603732 5.894869 15.196211 12.585270 -4.802452 -19.139701 0.000000 0.000000 0.000000 -8.131933 -29.112562 9.367896 -45.221181 -27.310188 4.044972 44.282488 -68.946095 -32.267367 0.000000 0.000000 0.000000 7.219159 18.224713 8.813175 57.866155 38.959819 14.990492 -52.612514 70.366491 -29.193224 0.000000 0.000000 0.000000 
-0.050296 0.926985 -0.355057 -2.662032 13.644702 -7.844894 5.727016 -0.075579 3.713213 -6.476351 0.534153 2.860602 15.582177 27.927752 8.701006 0.000000 0.000000 0.000000 2.014372 0.708862 -5.846962 1.817355 -0.335275 14.575812 -4.558093 -11.786063 2.799375 0.000000 0.000000 0.000000 7.170675 -1.607740 13.727838 -2.559099 0.994840 4.924595 -7.475647 5.719255 15.618882 12.258423 -4.684033 -18.979571 0.000000 0.000000 0.000000 -8.518640 -29.539167 9.630412 -44.495953 -27.304558 3.958979 42.834589 -66.819487 -29.806027 0.000000 0.000000 0.000000 7.548012 18.411764 8.944875 57.506529 38.786286 14.626325 -51.618681 70.707469 -28.708222 0.000000 0.000000 0.000000 
-0.053078 0.924522 -0.355967 -2.716547 13.445216 -7.822742 6.296502 -0.125475 2.624270 -6.999359 0.606563 4.508602 15.814014 28.325376 7.799082 0.000000 0.000000 0.000000 2.175434 0.837908 -6.936092 1.977922 -0.430010 16.450293 -4.544558 -11.719823 1.993012 0.000000 0.000000 0.000000 6.948679 -1.693567 14.543904 -2.908520 1.166749 5.261330 -7.528749 5.393257 15.544468 11.877051 -4.637058 -18.398905 0.000000 0.000000 0.000000 -8.874568 -29.627120 9.777000 -43.502771 -27.000616 3.777349 42.095249 -65.098040 -28.172787 0.000000 0.000000 0.000000 7.900617 18.865603 9.177280 57.171800 38.874243 14.466517 -51.301078 70.189208 -28.390490 0.000000 0.000000 0.000000 
-0.056807 0.921434 -0.356930 -2.681736 13.463195 -7.746684 6.766618 -0.171575 1.338926 -7.539262 0.686420 6.472109 16.080723 28.770167 6.977868 0.000000 0.000000 0.000000 2.396725 1.022482 -8.512104 1.891613 -0.500436 19.042238 -4.627677 -11.865732 0.689970 0.000000 0.000000 0.000000 6.620014 -1.751451 15.245522 -3.125023 1.264999 5.585078 -7.578704 5.362142 15.441190 11.810121 -4.499779 -18.823874 0.000000 0.000000 0.000000 -7.969650 -29.597127 9.717110 -43.381364 -27.252630 3.777206 42.821646 -63.406959 -27.761919 0.000000 0.000000 0.000000 7.751255 18.959276 9.161653 57.191892 38.769899 14.432041 -52.171978 69.229513 -28.543745 0.000000 0.000000 0.000000 
-0.061023 0.915769 -0.357726 -2.762274 13.693828 -7.960349 7.651968 -0.234504 -0.261234 -8.575430 0.846637 9.741469 16.781826 29.885375 5.352418 0.000000 0.000000 0.000000 2.412732 1.231362 -10.563511 1.918972 -0.698827 22.770099 -4.834878 -12.318375 -0.116117 0.000000 0.000000 0.000000 6.219270 -1.963694 17.082732 -3.417344 1.417470 5.700691 -7.728414 5.148088 15.183425 11.581394 -4.215317 -19.459323 0.000000 0.000000 0.000000 -7.734940 -28.892877 9.423118 -42.793643 -27.562713 3.832695 41.904997 -61.902827 -26.394387 0.000000 0.000000 0.000000 7.901593 19.005285 9.187622 56.697180 38.603421 14.136856 -54.247184 68.422327 -29.642847 0.000000 0.000000 0.000000 
-0.065344 0.906797 -0.358351 -2.722906 13.722130 -8.334214 8.808268 -0.286532 -2.584907 -10.478901 1.207575 14.369250 17.391986 31.055148 3.454206 0.000000 0.000000 0.000000 2.566208 1.502867 -13.222558 1.665836 -0.920727 28.224476 -4.804022 -12.118183 -2.105451 0.000000 0.000000 0.000000 5.614936 -2.185937 19.309072 -3.359699 1.417528 5.337143 -8.143872 5.484773 15.164296 11.429654 -4.003993 -19.816606 0.000000 0.000000 0.000000 -6.807591 -28.854042 9.287133 -43.063271 -27.666092 3.834864 40.890237 -59.942581 -24.887525 0.000000 0.000000 0.000000 7.389411 19.095342 9.094086 56.429075 38.631837 14.153640 -53.609646 66.972159 -28.388001 0.000000 0.000000 0.000000 
-0.069519 0.889837 -0.358830 -2.700284 14.201835 -9.212214 10.368597 -0.316623 -5.260725 -13.326009 1.861559 20.513834 18.085558 32.708652 -0.374260 0.000000 0.000000 0.000000 2.773481 1.817959 -16.537637 1.384890 -1.388347 35.469124 -5.006400 -12.461500 -4.554664 0.000000 0.000000 0.000000 4.977499 -2.472834 21.963321 -3.647322 1.527415 6.298265 -8.131950 6.029915 14.012725 11.706255 -3.989164 -20.227072 0.000000 0.000000 0.000000 -7.213421 -29.143582 9.297310 -43.306269 -27.767050 4.054830 39.762875 -57.658067 -23.353002 0.000000 0.000000 0.000000 6.985797 19.035925 8.983805 55.788242 38.805935 14.231457 -54.537579 63.915188 -27.348156 0.000000 0.000000 0.000000 
-0.073990 0.862716 -0.359109 -2.747607 14.940249 -10.261178 13.245522 -0.280998 -9.957213 -18.301121 3.399739 29.828324 19.246197 35.718221 -3.764156 0.000000 0.000000 0.000000 3.119556 2.182848 -20.698510 0.863695 -2.096641 44.687296 -5.309271 -12.957930 -8.468498 0.000000 0.000000 0.000000 4.154611 -2.874638 25.454028 -3.132417 1.281831 5.814448 -8.750013 6.398277 13.553740 12.473732 -4.260232 -20.861496 0.000000 0.000000 0.000000 -7.164328 -29.818965 9.428936 -43.649238 -27.900791 4.205351 38.716762 -54.291049 -21.393970 0.000000 0.000000 0.000000 6.981325 19.795678 9.334410 53.632812 39.674813 14.021588 -52.769225 60.431685 -24.526418 0.000000 0.000000 0.000000 
-0.078786 0.827995 -0.358951 -3.035290 16.052670 -11.781401 15.814308 -0.155677 -15.025556 -22.876209 5.315781 39.313274 20.428117 39.284741 -6.575994 0.000000 0.000000 0.000000 2.869074 2.334636 -24.897524 0.700487 -3.339617 54.003761 -5.056482 -11.502046 -11.342433 0.000000 0.000000 0.000000 3.649645 -3.367175 28.731990 -2.995744 1.183313 6.228328 -8.884828 7.283187 12.937109 13.445604 -4.519201 -21.708987 0.000000 0.000000 0.000000 -8.461723 -32.172062 10.216910 -43.182623 -28.334117 4.546558 38.372187 -48.848449 -19.104406 0.000000 0.000000 0.000000 6.558740 20.686134 9.674830 52.319106 41.294454 14.648649 -50.630988 56.468493 -21.385634 0.000000 0.000000 0.000000 
-0.084266 0.787477 -0.358343 -3.488749 16.592729 -13.110029 18.351480 0.082800 -20.941177 -26.836245 7.948131 49.888339 22.654346 44.226504 -6.156852 0.000000 0.000000 0.000000 2.381448 2.353035 -29.639657 1.051658 -5.036699 63.935830 -5.528174 -11.839212 -14.663665 0.000000 0.000000 0.000000 2.695809 -3.768917 32.199672 -2.973222 1.108332 7.407893 -9.599612 8.068327 10.813798 14.350541 -4.973309 -21.644482 0.000000 0.000000 0.000000 -10.356356 -33.918229 10.896354 -41.968905 -28.903507 4.987712 36.070693 -42.484068 -15.542772 0.000000 0.000000 0.000000 7.845151 22.007869 10.729429 48.591835 43.844316 14.590492 -46.971693 51.560259 -17.645978 0.000000 0.000000 0.000000 
-0.090045 0.749123 -0.357164 -3.926323 17.543007 -14.526344 19.779946 0.207517 -25.369927 -28.905151 9.918506 58.287026 24.269061 48.217004 -6.747465 0.000000 0.000000 0.000000 2.032774 2.217657 -33.235154 0.979662 -6.419693 71.670434 -5.594362 -10.671625 -17.425162 0.000000 0.000000 0.000000 1.866464 -4.253912 35.599014 -2.950269 1.100922 7.552072 -9.487330 9.277352 10.333799 15.752734 -5.532839 -22.344445 0.000000 0.000000 0.000000 -12.382616 -36.450221 11.878187 -40.711731 -29.104556 5.264417 34.380982 -35.627522 -12.462761 0.000000 0.000000 0.000000 8.577313 23.747562 11.883908 44.362007 46.232617 14.091873 -45.404598 47.003597 -15.287716 0.000000 0.000000 0.000000 
-0.095615 0.716922 -0.355716 -4.113398 18.198392 -15.481094 21.120302 0.328898 -29.595323 -30.507963 12.039870 65.284839 26.170380 51.131939 -4.990131 0.000000 0.000000 0.000000 2.388920 2.263453 -36.291127 0.373791 -7.034737 78.380810 -6.152043 -11.539381 -19.377956 0.000000 0.000000 0.000000 0.861546 -4.550619 38.347191 -2.995930 1.112422 7.955324 -9.455416 9.925969 9.408507 15.648611 -5.590884 -21.618803 0.000000 0.000000 0.000000 -14.156875 -38.120872 12.688255 -39.409103 -28.940848 5.338923 30.577904 -30.297945 -9.301565 0.000000 0.000000 0.000000 8.939809 26.194316 13.202393 40.873019 49.206009 14.085039 -45.045713 42.658644 -13.792149 0.000000 0.000000 0.000000 
-0.100190 0.697565 -0.354997 -4.171633 18.788070 -16.344482 21.863043 0.370913 -32.213143 -31.206204 13.391076 69.939853 26.243368 51.651889 -4.950127 0.000000 0.000000 0.000000 2.441684 2.188744 -38.044895 -0.079091 -7.420529 83.032869 -6.649198 -12.709903 -20.494566 0.000000 0.000000 0.000000 0.413583 -4.813635 40.062880 -3.131444 1.160535 8.513268 -9.172073 11.024237 9.546496 16.222628 -5.681476 -22.226784 0.000000 0.000000 0.000000 -14.672453 -39.688256 13.227544 -38.737869 -29.812687 5.683393 29.374974 -26.776819 -7.966021 0.000000 0.000000 0.000000 6.892713 27.446493 13.065292 38.728926 51.289983 14.444161 -47.733917 39.214661 -13.447917 0.000000 0.000000 0.000000 
-0.103275 0.691993 -0.354897 -3.834038 19.352946 -16.083013 21.555612 0.211695 -33.254905 -31.620401 13.836015 71.077758 26.621504 52.172833 -4.553499 0.000000 0.000000 0.000000 2.004822 1.931449 -38.889129 -0.286452 -7.611782 84.905516 -6.915789 -13.323157 -21.521770 0.000000 0.000000 0.000000 0.133922 -4.953768 40.911489 -3.273839 1.181221 9.227997 -9.468499 11.333078 8.625325 16.444511 -5.657993 -22.566064 0.000000 0.000000 0.000000 -15.375741 -40.423450 13.604336 -38.347356 -29.672369 5.741060 29.685522 -25.344094 -7.672120 0.000000 0.000000 0.000000 6.856940 28.420353 13.582158 36.542204 52.856160 14.194205 -50.601962 38.475683 -14.201092 0.000000 0.000000 0.000000 
-0.104999 0.702150 -0.355515 -3.725517 19.914154 -15.078734 21.140103 0.028348 -33.165372 -31.608989 13.283083 69.461773 26.065557 51.383193 -4.828074 0.000000 0.000000 0.000000 1.278441 1.564967 -38.994580 0.141331 -8.201762 84.101094 -6.853916 -13.421713 -20.383628 0.000000 0.000000 0.000000 0.385737 -5.103578 40.815871 -3.583237 1.375099 8.671875 -9.464497 10.987476 8.868945 16.577510 -5.625417 -23.041382 0.000000 0.000000 0.000000 -14.841389 -40.493784 13.657901 -38.747475 -30.197814 5.835812 29.838223 -25.340040 -7.677173 0.000000 0.000000 0.000000 6.180055 29.012158 13.598867 35.815190 53.805631 14.309508 -53.028141 37.637508 -14.653959 0.000000 0.000000 0.000000 
-0.105475 0.727692 -0.356248 -3.207182 20.339471 -13.481818 19.375631 -0.333874 -31.207880 -30.056710 10.935703 64.567615 24.110937 48.434681 -6.104971 0.000000 0.000000 0.000000 0.257319 1.180907 -37.188205 0.724699 -8.386849 79.190061 -6.508331 -12.925795 -19.289106 0.000000 0.000000 0.000000 0.379536 -4.943339 39.708276 -3.321222 1.267726 7.478425 -9.606787 11.025119 10.545680 16.396980 -5.124099 -24.332815 0.000000 0.000000 0.000000 -13.336091 -40.287383 13.331171 -38.711744 -31.639061 5.954855 32.663080 -26.454799 -8.914228 0.000000 0.000000 0.000000 5.675676 28.613563 13.319373 36.371580 54.184035 14.759193 -55.928857 38.721395 -15.967848 0.000000 0.000000 0.000000 
-0.104960 0.761240 -0.356772 -2.697445 20.226846 -11.631022 18.003973 -0.482551 -28.721259 -28.037308 8.774261 58.541267 22.600671 44.595838 -4.901369 0.000000 0.000000 0.000000 -0.400753 1.077037 -34.585633 1.472648 -8.020197 72.633056 -6.246716 -12.976102 -18.421881 0.000000 0.000000 0.000000 0.325485 -4.431304 37.371462 -3.377745 1.262861 7.461171 -9.376734 10.101534 10.940801 16.244802 -4.685391 -25.912981 0.000000 0.000000 0.000000 -10.741827 -39.147074 12.718217 -39.648595 -32.240439 5.892507 35.986639 -30.256986 -11.239868 0.000000 0.000000 0.000000 5.229164 27.845229 12.799397 39.273455 54.201586 16.158928 -56.204980 41.250103 -17.243497 0.000000 0.000000 0.000000 
-0.103384 0.799750 -0.356362 -2.489595 19.583227 -9.849249 16.249273 -0.565905 -24.906006 -24.572619 6.178910 50.230730 20.542606 40.034030 -4.657015 0.000000 0.000000 0.000000 0.354380 1.490954 -31.084650 1.855518 -6.613495 63.418618 -5.846634 -13.063124 -15.666151 0.000000 0.000000 0.000000 0.485092 -3.896789 34.664471 -3.409777 1.340267 6.291239 -8.764149 9.144422 12.598516 15.565167 -4.398095 -26.023409 0.000000 0.000000 0.000000 -8.496960 -37.924660 12.185888 -41.049299 -33.672708 6.093930 39.291503 -33.508331 -13.492910 0.000000 0.000000 0.000000 5.197295 27.966986 12.788577 40.364105 53.042098 15.939757 -56.747154 43.049962 -18.322838 0.000000 0.000000 0.000000 
-0.100811 0.836501 -0.354789 -2.245679 19.447123 -8.308635 14.589488 -0.643625 -21.333634 -21.482822 4.348859 42.582011 18.659567 35.720279 -3.910263 0.000000 0.000000 0.000000 0.099110 1.461842 -27.028466 2.557543 -5.568725 54.233720 -5.884795 -14.332208 -13.787180 0.000000 0.000000 0.000000 1.014617 -3.586976 32.186308 -3.681041 1.498244 5.691926 -8.633032 7.683491 13.128799 15.065247 -4.078999 -26.814438 0.000000 0.000000 0.000000 -6.964621 -36.118007 11.549667 -41.996923 -34.126674 6.116320 40.456250 -38.328643 -15.649063 0.000000 0.000000 0.000000 4.510563 26.396721 11.747246 44.429609 51.411794 17.029391 -54.333636 46.536332 -19.022536 0.000000 0.000000 0.000000 
-0.097491 0.867887 -0.352183 -2.356344 18.012103 -6.955362 13.177359 -0.582500 -17.198529 -18.017569 3.044999 33.869744 17.406440 32.477515 -1.103433 0.000000 0.000000 0.000000 0.596661 1.617724 -22.929032 3.041551 -3.923548 44.221506 -5.541871 -13.842980 -9.842009 0.000000 0.000000 0.000000 1.963647 -3.136680 28.740255 -4.009336 1.727817 4.721069 -8.771467 6.608536 13.957131 14.644782 -4.082600 -26.466933 0.000000 0.000000 0.000000 -6.788800 -34.488431 11.125164 -42.870420 -33.596445 5.971013 40.309891 -42.256573 -16.948899 0.000000 0.000000 0.000000 5.871252 25.108890 11.595989 48.190846 49.861857 17.611019 -51.396669 49.709179 -19.095486 0.000000 0.000000 0.000000 
-0.094107 0.889810 -0.348910 -2.321776 16.996991 -5.565290 11.576975 -0.587554 -14.222064 -14.680116 2.065813 27.674406 16.317150 30.145961 1.494560 0.000000 0.000000 0.000000 0.515744 1.527076 -19.563077 3.471184 -2.791846 35.560226 -5.504126 -13.978140 -6.663620 0.000000 0.000000 0.000000 2.587169 -2.732693 25.661825 -4.057999 1.776181 4.097984 -9.107862 5.860109 13.694072 14.461743 -4.208888 -25.843932 0.000000 0.000000 0.000000 -7.456313 -33.563929 11.008306 -42.565716 -32.841454 5.698233 37.231047 -45.177568 -16.461422 0.000000 0.000000 0.000000 7.044157 23.966771 11.459385 51.167130 48.163385 17.807977 -48.323616 53.274912 -19.137509 0.000000 0.000000 0.000000 
-0.091278 0.903463 -0.345501 -2.629546 15.404100 -5.224806 11.029293 -0.491407 -11.144955 -12.630317 1.650322 22.799199 16.180236 29.663533 3.512300 0.000000 0.000000 0.000000 0.889965 1.502615 -16.889196 3.732947 -2.057623 29.749603 -5.099598 -12.842676 -3.873728 0.000000 0.000000 0.000000 3.059485 -2.411125 23.369598 -4.064779 1.822685 3.552559 -8.892775 5.215129 13.610252 14.066743 -4.520437 -24.127126 0.000000 0.000000 0.000000 -8.229867 -32.273295 10.754393 -42.389847 -31.785253 5.379914 35.225279 -47.498794 -16.168526 0.000000 0.000000 0.000000 7.095555 23.429243 11.100176 53.847528 47.166965 18.327023 -44.224332 55.951961 -18.184909 0.000000 0.000000 0.000000 
-0.089115 0.913544 -0.342526 -2.654676 14.027289 -4.699091 10.146661 -0.448875 -9.058539 -10.728894 1.292144 19.281437 15.629756 28.693002 5.575933 0.000000 0.000000 0.000000 1.074901 1.412123 -14.707422 3.444920 -1.395131 25.057358 -4.459902 -11.192438 -2.204494 0.000000 0.000000 0.000000 3.282376 -2.114612 21.340074 -4.174998 1.912520 2.992967 -8.722759 4.923159 12.957012 14.100568 -4.866552 -23.083958 0.000000 0.000000 0.000000 -9.567659 -31.349557 10.639860 -42.189686 -30.137521 4.922169 32.227349 -49.343973 -15.191498 0.000000 0.000000 0.000000 8.201900 22.700452 11.038501 55.012547 45.890207 17.903973 -39.306031 58.130789 -16.385908 0.000000 0.000000 0.000000 
-0.087652 0.920044 -0.340116 -2.851925 13.171193 -4.447883 10.033297 -0.410523 -7.600287 -9.919034 1.161038 16.683331 15.399594 28.288519 6.673643 0.000000 0.000000 0.000000 1.544662 1.354843 -13.046057 3.008949 -0.950130 21.586346 -3.922678 -9.925161 -0.565032 0.000000 0.000000 0.000000 3.854781 -1.944681 19.460693 -4.412493 2.053629 2.444612 -8.339006 4.618143 13.148510 13.961200 -5.016686 -22.447040 0.000000 0.000000 0.000000 -10.628768 -31.022591 10.734087 -42.078199 -28.883887 4.525241 29.536662 -49.556400 -13.743984 0.000000 0.000000 0.000000 8.402781 22.428117 10.897725 56.769289 45.233662 18.185360 -34.059009 58.503098 -13.666186 0.000000 0.000000 0.000000 
-0.086457 0.926164 -0.338229 -2.903409 12.210477 -4.017998 9.905598 -0.383123 -6.487866 -9.248049 1.064986 14.512497 15.198229 27.930890 8.480887 0.000000 0.000000 0.000000 1.836763 1.277122 -11.703299 2.497254 -0.582658 18.481409 -3.244792 -8.369906 0.704005 0.000000 0.000000 0.000000 4.179078 -1.769969 17.859718 -4.840275 2.280207 1.985917 -7.907495 4.552401 12.551305 13.735105 -5.082441 -21.749139 0.000000 0.000000 0.000000 -11.592793 -30.249125 10.582420 -43.129476 -27.198080 4.159770 26.759731 -50.923670 -12.667430 0.000000 0.000000 0.000000 9.375819 21.924943 10.897894 58.416699 43.923918 17.983970 -28.159855 59.141340 -10.631239 0.000000 0.000000 0.000000 
-0.085125 0.930232 -0.336576 -2.851023 11.447054 -3.725728 9.717151 -0.362145 -5.608070 -8.614278 0.967425 12.737045 14.706150 27.224132 9.159117 0.000000 0.000000 0.000000 2.221905 1.190099 -10.375236 1.944683 -0.307529 15.897059 -2.742203 -7.333300 1.931380 0.000000 0.000000 0.000000 4.224606 -1.594014 16.490449 -5.131096 2.437865 1.210316 -7.169313 4.444195 13.037495 13.295979 -4.911614 -21.642722 0.000000 0.000000 0.000000 -12.126892 -28.620868 9.993735 -44.301295 -26.235615 3.911425 23.663195 -52.888156 -11.514485 0.000000 0.000000 0.000000 9.786060 21.528278 10.760692 59.825084 42.904668 17.812866 -23.203188 59.950441 -8.027559 0.000000 0.000000 0.000000 
-0.083312 0.933009 -0.334969 -2.909915 11.024844 -3.357043 9.257123 -0.351903 -4.850623 -7.807300 0.828034 10.753940 14.272330 26.602073 9.516289 0.000000 0.000000 0.000000 2.301837 1.065369 -9.104533 1.555992 -0.141680 12.995289 -2.197974 -6.248698 3.093478 0.000000 0.000000 0.000000 4.374278 -1.431524 14.939909 -5.167853 2.457291 0.836594 -6.671722 4.442434 12.714340 12.818859 -4.752059 -21.107930 0.000000 0.000000 0.000000 -12.570843 -27.477180 9.539372 -45.760716 -24.663012 3.510144 20.596184 -54.730309 -10.323167 0.000000 0.000000 0.000000 10.267278 21.014363 10.634154 61.345233 41.262563 17.351879 -17.298218 60.544907 -4.772365 0.000000 0.000000 0.000000 
-0.081061 0.933941 -0.333377 -2.921476 10.787489 -3.394561 8.932899 -0.331568 -3.882231 -7.387966 0.758562 9.283299 14.204463 26.485614 9.555564 0.000000 0.000000 0.000000 2.365711 0.953809 -8.016483 1.026828 0.002183 11.442387 -1.875962 -5.627706 3.725844 0.000000 0.000000 0.000000 4.414697 -1.360175 14.312428 -5.305732 2.529014 0.346505 -6.074789 4.444277 12.863055 12.510750 -4.659269 -20.801757 0.000000 0.000000 0.000000 -12.662252 -26.289361 9.026625 -47.246166 -23.921280 3.322359 18.068353 -55.988223 -9.199730 0.000000 0.000000 0.000000 10.605391 20.424806 10.416793 61.827551 40.212682 16.801035 -12.115297 62.211843 -1.840940 0.000000 0.000000 0.000000 
-0.078492 0.934383 -0.331935 -2.785466 10.627869 -3.363203 8.432084 -0.308729 -2.944266 -6.781877 0.664677 7.912854 14.075949 26.278862 9.776997 0.000000 0.000000 0.000000 2.043529 0.812266 -6.917303 0.995462 0.011799 9.896565 -1.618607 -5.119935 4.100166 0.000000 0.000000 0.000000 4.476156 -1.275218 13.519898 -5.425890 2.589617 -0.295621 -5.615207 4.500237 13.155316 12.238720 -4.456458 -21.021883 0.000000 0.000000 0.000000 -13.135948 -25.158014 8.537866 -48.728330 -22.799304 2.974327 16.565296 -57.851093 -8.720689 0.000000 0.000000 0.000000 10.866697 19.670303 10.118472 62.851405 38.957094 16.332035 -7.163048 64.446132 1.279729 0.000000 0.000000 0.000000 
-0.075861 0.934640 -0.330674 -2.818401 10.711986 -3.600413 8.083124 -0.285657 -2.051773 -6.302590 0.591579 6.790143 13.819352 25.888162 10.039994 0.000000 0.000000 0.000000 1.754820 0.668741 -5.745519 1.086993 -0.015053 8.517530 -1.545530 -5.028067 4.455023 0.000000 0.000000 0.000000 4.829824 -1.239953 12.836316 -5.841027 2.783763 -0.349740 -5.173536 4.548860 13.024115 12.270331 -4.404108 -21.284543 0.000000 0.000000 0.000000 -13.355398 -24.273178 8.111097 -49.842742 -21.733886 2.617003 14.769300 -59.679353 -8.054401 0.000000 0.000000 0.000000 11.072530 18.959068 9.832636 63.640225 37.694172 15.810299 -2.700301 67.592286 4.477120 0.000000 0.000000 0.000000 
-0.073342 0.934656 -0.329738 -2.740514 10.969175 -3.613437 7.491314 -0.263420 -1.413688 -5.700632 0.506403 5.743024 13.315677 25.164948 9.794910 0.000000 0.000000 0.000000 1.177852 0.542157 -4.832766 1.507112 -0.109335 7.389125 -1.488271 -4.933461 4.665009 0.000000 0.000000 0.000000 4.724228 -1.161675 12.218923 -5.714426 2.725027 -0.791358 -5.044812 4.949744 13.240756 12.366063 -4.328318 -21.586340 0.000000 0.000000 0.000000 -13.320776 -23.346230 7.552407 -50.862170 -20.420435 2.091531 12.867893 -62.124003 -7.488698 0.000000 0.000000 0.000000 11.116728 18.068054 9.515189 64.448106 36.128775 15.111865 1.900534 71.089300 8.434898 0.000000 0.000000 0.000000 
-0.071144 0.934437 -0.329226 -2.700994 11.384336 -3.747038 7.093962 -0.248857 -1.028258 -5.452488 0.469091 5.063560 13.062615 24.786955 9.825333 0.000000 0.000000 0.000000 0.946831 0.470675 -4.250267 1.423456 -0.099851 7.001795 -1.235196 -4.299697 4.526342 0.000000 0.000000 0.000000 4.709251 -1.132276 11.941156 -5.913809 2.816411 -0.853290 -4.931133 5.095246 13.133374 12.528536 -4.372242 -21.636333 0.000000 0.000000 0.000000 -13.612717 -22.542324 7.098082 -51.390773 -18.805198 1.438291 10.781590 -64.059412 -6.595858 0.000000 0.000000 0.000000 11.893412 17.319831 9.407774 64.072605 34.820049 14.063001 9.018120 74.753764 14.765833 0.000000 0.000000 0.000000 
-0.069305 0.934337 -0.329245 -2.588911 12.395707 -3.843289 6.666043 -0.245734 -0.853041 -5.244428 0.429511 4.442521 12.646152 24.152610 9.358966 0.000000 0.000000 0.000000 0.567056 0.426009 -3.973888 1.578379 -0.144389 6.832731 -1.493759 -4.849984 4.567865 0.000000 0.000000 0.000000 4.396021 -1.112021 11.963746 -5.852111 2.787391 -1.193101 -4.860870 5.254290 13.273454 12.628051 -4.314427 -21.798836 0.000000 0.000000 0.000000 -14.245971 -21.815198 6.584258 -51.985412 -17.178218 0.797087 7.600062 -66.245878 -5.042576 0.000000 0.000000 0.000000 12.698081 16.656324 9.417673 63.113742 33.680343 12.932974 16.339121 78.069440 22.085766 0.000000 0.000000 0.000000 
-0.067867 0.934369 -0.329901 -2.455438 13.189025 -3.948224 6.199806 -0.237371 -0.777080 -4.832925 0.374499 4.052580 12.040731 23.275660 9.313815 0.000000 0.000000 0.000000 0.284161 0.391162 -3.755562 1.534224 -0.146048 6.816878 -1.564921 -4.964199 4.518418 0.000000 0.000000 0.000000 4.365917 -1.086189 11.689380 -6.204789 2.942693 -0.728202 -4.804475 5.374971 12.984486 12.639462 -4.203231 -22.006341 0.000000 0.000000 0.000000 -14.593540 -21.017064 6.068572 -52.574030 -15.645696 0.187178 6.579438 -67.762307 -4.713276 0.000000 0.000000 0.000000 13.006674 16.579264 9.548612 62.052873 33.200888 12.291315 17.900874 80.881539 24.783805 0.000000 0.000000 0.000000 
-0.066764 0.934399 -0.331231 -2.387883 14.001998 -3.983702 5.890960 -0.239547 -0.872443 -4.370931 0.318473 3.639003 11.540912 22.538623 9.102151 0.000000 0.000000 0.000000 0.012183 0.345152 -3.419447 1.747395 -0.199465 6.612821 -1.940727 -5.800856 4.551581 0.000000 0.000000 0.000000 4.236002 -1.074322 11.622205 -6.421108 3.036217 -0.820151 -4.844816 5.968379 13.215347 12.803271 -4.114129 -22.269080 0.000000 0.000000 0.000000 -14.990217 -20.851088 5.721348 -53.025087 -14.360679 -0.329349 7.064294 -68.514845 -5.453132 0.000000 0.000000 0.000000 13.111318 16.474757 9.728794 60.979381 33.425030 12.101775 15.631308 83.541169 24.375375 0.000000 0.000000 0.000000 
-0.065970 0.934460 -0.332883 -2.273437 14.869573 -4.104195 5.486132 -0.232597 -0.832975 -4.008620 0.275524 3.320399 10.884353 21.593091 9.101528 0.000000 0.000000 0.000000 -0.224329 0.321308 -3.298323 1.927930 -0.248608 6.694055 -2.259605 -6.496547 4.533528 0.000000 0.000000 0.000000 4.235583 -1.076859 11.568714 -6.725136 3.167368 -0.606304 -4.955281 6.349086 13.218821 12.898466 -3.996701 -22.556309 0.000000 0.000000 0.000000 -15.626811 -20.468135 5.279375 -53.401031 -13.013935 -0.830967 7.933134 -68.971114 -6.405955 0.000000 0.000000 0.000000 12.815560 17.213358 10.178544 59.824341 34.370159 12.375055 -0.957734 85.454792 10.087097 0.000000 0.000000 0.000000 
-0.065253 0.934805 -0.334560 -2.283605 15.802458 -4.067127 5.187417 -0.234967 -0.897676 -3.688381 0.238944 2.986423 10.294822 20.677587 8.579897 0.000000 0.000000 0.000000 -0.371113 0.333583 -3.515302 1.998382 -0.280846 7.041423 -2.948678 -8.050741 4.547512 0.000000 0.000000 0.000000 4.113432 -1.042339 11.270409 -6.825635 3.203804 -0.712449 -5.131472 7.496675 13.467665 13.113738 -3.891456 -22.628110 0.000000 0.000000 0.000000 -15.836349 -20.906710 5.042563 -53.812090 -12.166972 -1.143462 10.200497 -68.746968 -8.477409 0.000000 0.000000 0.000000 13.036523 17.390063 10.667432 58.663519 35.172861 12.509030 -20.515935 87.329761 -7.618991 0.000000 0.000000 0.000000 
-0.064462 0.935515 -0.335692 -2.096478 16.897547 -4.035394 4.820299 -0.242648 -1.182767 -3.320644 0.192294 3.076228 9.726224 19.917388 8.954610 0.000000 0.000000 0.000000 -0.593453 0.322452 -3.547469 1.871204 -0.275369 7.372538 -3.295736 -8.805618 4.541389 0.000000 0.000000 0.000000 4.032345 -1.017744 11.017778 -7.092650 3.311007 -0.691436 -5.395760 8.010072 13.547904 13.253478 -3.730816 -23.018475 0.000000 0.000000 0.000000 -16.492022 -20.993589 4.707420 -54.078804 -11.633312 -1.250962 12.897822 -67.646760 -10.494298 0.000000 0.000000 0.000000 12.723482 17.993609 11.098497 58.755511 36.135672 13.240190 -76.104493 88.978864 -62.268788 0.000000 0.000000 0.000000 
-0.063352 0.936287 -0.336121 -2.111896 17.846228 -4.054325 4.420462 -0.232269 -1.080721 -3.085827 0.174352 2.475716 9.422079 19.455424 8.867028 0.000000 0.000000 0.000000 -0.450074 0.308359 -3.341066 1.623665 -0.241893 7.656803 -3.815822 -9.979483 4.518148 0.000000 0.000000 0.000000 4.015168 -0.975610 10.572095 -7.240417 3.366811 -0.873704 -5.628497 8.922510 13.977220 13.670970 -3.745886 -23.207239 0.000000 0.000000 0.000000 -16.833286 -21.235430 4.368851 -54.168532 -11.007290 -1.422556 14.818601 -66.427416 -11.995429 0.000000 0.000000 0.000000 13.207385 18.142763 11.640583 58.344894 37.397380 13.844582 -167.304361 88.196824 -153.058960 0.000000 0.000000 0.000000 
-0.061736 0.936769 -0.335848 -2.147073 18.915124 -4.006953 4.359015 -0.244322 -1.193144 -3.169827 0.171815 2.481169 9.151804 19.075413 8.930591 0.000000 0.000000 0.000000 -0.421098 0.309491 -3.363097 1.405369 -0.218071 8.022967 -4.184677 -10.799092 4.484067 0.000000 0.000000 0.000000 3.938673 -0.938809 10.214948 -7.470603 3.454956 -1.022698 -5.501369 9.250468 13.931263 13.419199 -3.497314 -23.089460 0.000000 0.000000 0.000000 -17.104944 -21.332486 4.113546 -54.041040 -10.617018 -1.474856 15.234645 -65.172597 -12.256658 0.000000 0.000000 0.000000 12.858070 18.593318 11.932696 58.946920 38.362866 14.797603 170.357468 86.104222 -175.662134 0.000000 0.000000 0.000000 
-0.059208 0.936899 -0.335305 -2.306535 19.727337 -3.846524 4.411895 -0.260295 -1.308857 -3.092178 0.162023 2.267030 8.821059 18.591722 8.865839 0.000000 0.000000 0.000000 -0.404368 0.329866 -3.586112 1.326139 -0.224965 8.523188 -4.451799 -11.380282 4.563813 0.000000 0.000000 0.000000 3.911438 -0.873211 9.566374 -7.457086 3.438083 -1.280504 -5.603910 9.877738 14.200604 13.806699 -3.679043 -22.715563 0.000000 0.000000 0.000000 -17.209675 -21.569699 3.877677 -54.137121 -10.117564 -1.619926 16.095007 -63.737337 -12.797678 0.000000 0.000000 0.000000 13.073537 18.848318 12.390694 59.513269 39.284598 15.625372 160.840714 84.630477 174.411585 0.000000 0.000000 0.000000 
-0.055745 0.936948 -0.334741 -2.412870 20.692802 -3.732407 4.307455 -0.275650 -1.563717 -3.112872 0.150114 2.490257 8.256488 17.707940 8.469130 0.000000 0.000000 0.000000 -0.487134 0.336600 -3.737420 1.370596 -0.266385 9.010119 -4.626710 -11.765757 4.371863 0.000000 0.000000 0.000000 3.946280 -0.828494 9.050671 -7.619861 3.496582 -1.633636 -5.479485 10.268473 14.203845 13.846096 -3.669381 -22.348096 0.000000 0.000000 0.000000 -17.709139 -21.883685 3.663103 -53.908142 -9.590613 -1.670457 15.121737 -62.253461 -12.062854 0.000000 0.000000 0.000000 13.171616 19.028544 12.732543 60.333761 39.904852 16.413279 152.861403 83.760229 165.751689 0.000000 0.000000 0.000000 
-0.051554 0.936852 -0.334481 -2.537677 21.477219 -3.475964 4.215762 -0.289303 -1.772707 -3.013030 0.130913 2.658348 7.768990 16.817269 7.704514 0.000000 0.000000 0.000000 -0.629416 0.351975 -4.026949 1.524330 -0.341601 9.683388 -4.869824 -12.340952 4.031639 0.000000 0.000000 0.000000 3.896777 -0.755430 8.347820 -7.580823 3.464186 -1.549792 -5.630031 10.884617 13.792786 14.191186 -3.858133 -21.870733 0.000000 0.000000 0.000000 -18.197899 -22.000188 3.273573 -53.629641 -8.754134 -1.780871 14.948264 -61.176197 -12.032024 0.000000 0.000000 0.000000 13.785415 19.107146 13.277235 61.104310 40.530563 17.124877 144.554699 83.512720 156.787838 0.000000 0.000000 0.000000 
-0.047006 0.936915 -0.334379 -2.686691 22.217217 -3.299304 4.128469 -0.299917 -1.930592 -2.791327 0.108651 2.590778 7.312279 16.131084 7.617091 0.000000 0.000000 0.000000 -0.761752 0.343679 -4.052811 1.564858 -0.369896 9.676632 -4.944502 -12.470088 4.226472 0.000000 0.000000 0.000000 3.912367 -0.698847 7.743564 -7.620335 3.470194 -1.789591 -5.487146 11.282189 13.839045 14.742264 -4.073216 -21.954127 0.000000 0.000000 0.000000 -18.273456 -22.272649 3.114352 -53.746281 -8.163709 -1.950610 13.849251 -60.053212 -11.330069 0.000000 0.000000 0.000000 13.772621 19.339955 13.607554 62.138096 41.202677 18.080119 139.832326 83.427867 151.845443 0.000000 0.000000 0.000000 
-0.042442 0.936982 -0.334414 -2.935319 22.822645 -3.218885 4.152348 -0.313974 -2.095777 -2.876344 0.107811 2.660941 7.136146 15.778052 7.296745 0.000000 0.000000 0.000000 -0.853493 0.330575 -3.989641 1.669004 -0.405463 9.529042 -4.937335 -12.413115 4.393062 0.000000 0.000000 0.000000 3.730436 -0.661478 7.479019 -7.570221 3.441432 -1.878743 -5.486159 11.625669 13.403130 15.268933 -4.356501 -21.798787 0.000000 0.000000 0.000000 -18.515797 -22.521149 2.937828 -53.343976 -7.376188 -2.071758 13.050360 -59.075481 -10.836765 0.000000 0.000000 0.000000 13.804942 19.282679 13.761781 62.820601 41.750981 18.838396 137.529258 83.559818 149.591134 0.000000 0.000000 0.000000 
-0.037908 0.937130 -0.334612 -3.331933 23.218811 -3.242725 4.324197 -0.329633 -2.178058 -2.915069 0.107135 2.641542 6.995274 15.484879 7.023929 0.000000 0.000000 0.000000 -0.735442 0.317688 -3.757729 1.572671 -0.372938 8.991627 -4.947776 -12.361914 4.895754 0.000000 0.000000 0.000000 3.653835 -0.652665 7.416504 -7.665817 3.468034 -1.583760 -5.368136 11.772743 12.593301 15.798406 -4.798830 -21.284845 0.000000 0.000000 0.000000 -18.523798 -22.623332 2.842156 -53.346639 -6.859372 -2.166879 13.130970 -58.042290 -10.780657 0.000000 0.000000 0.000000 13.969588 19.532141 14.053886 62.556854 41.970688 18.892231 145.276611 83.357525 158.163942 0.000000 0.000000 0.000000 
-0.033314 0.937121 -0.335130 -3.606101 23.759582 -3.307195 4.435089 -0.343227 -2.257569 -3.133890 0.117319 2.636550 6.710356 14.999123 6.826072 0.000000 0.000000 0.000000 -0.951951 0.284765 -3.570770 1.680461 -0.402533 8.715314 -5.091111 -12.647254 5.126749 0.000000 0.000000 0.000000 3.336097 -0.625685 7.369509 -7.308545 3.315496 -1.589993 -5.432822 11.860637 12.253180 16.059747 -5.040943 -20.866892 0.000000 0.000000 0.000000 -19.058447 -23.199917 2.883156 -52.843875 -6.214126 -2.204343 13.241514 -56.969549 -10.641071 0.000000 0.000000 0.000000 14.381119 19.738719 14.450195 61.939435 42.207297 18.702603 151.514147 83.122198 165.197175 0.000000 0.000000 0.000000 
-0.028680 0.937236 -0.336127 -3.875150 24.285144 -3.496303 4.438176 -0.344675 -2.188714 -3.013196 0.111880 2.295557 6.545551 14.787776 6.945554 0.000000 0.000000 0.000000 -0.905201 0.281654 -3.531885 1.401534 -0.351118 8.828110 -5.305567 -13.052386 5.606443 0.000000 0.000000 0.000000 3.012676 -0.627867 7.617457 -7.203768 3.264283 -1.411283 -5.465316 11.746569 11.730410 16.132635 -5.324183 -20.072448 0.000000 0.000000 0.000000 -19.217811 -23.489804 2.940588 -52.661643 -6.010654 -2.173715 13.646395 -55.884650 -10.626738 0.000000 0.000000 0.000000 14.105432 20.083984 14.535484 60.972229 41.930867 18.167206 157.988234 82.505676 172.302108 0.000000 0.000000 0.000000 
-0.024249 0.937314 -0.337563 -3.872012 24.432914 -3.528343 4.174268 -0.335463 -2.256179 -2.717015 0.090465 2.312389 6.226256 14.312979 6.922090 0.000000 0.000000 0.000000 -1.409314 0.213122 -3.139848 1.628745 -0.390561 8.330729 -5.222428 -12.856476 5.668676 0.000000 0.000000 0.000000 2.610848 -0.619054 7.830493 -7.290473 3.305701 -1.626705 -5.283039 11.424459 11.696726 15.565531 -5.112533 -19.632158 0.000000 0.000000 0.000000 -19.528055 -23.542623 2.980005 -52.921681 -5.999367 -2.175180 15.600090 -54.944034 -11.396548 0.000000 0.000000 0.000000 13.611514 20.532404 14.521174 60.958867 41.700188 18.064546 160.636868 81.658742 175.240379 0.000000 0.000000 0.000000 
-0.020209 0.937600 -0.339479 -4.032611 24.920224 -3.544580 4.091572 -0.340080 -2.361011 -2.747515 0.084748 2.448710 5.905444 13.860229 6.967831 0.000000 0.000000 0.000000 -1.469414 0.195681 -3.008959 1.509232 -0.366279 8.160140 -5.355758 -13.043871 6.262580 0.000000 0.000000 0.000000 2.429514 -0.583841 7.595072 -7.580022 3.410387 -1.417465 -5.517884 11.792304 11.623417 16.100543 -5.252591 -20.078188 0.000000 0.000000 0.000000 -19.099040 -24.150121 3.174772 -52.985174 -6.247567 -2.083438 15.124726 -54.788972 -11.248618 0.000000 0.000000 0.000000 13.968273 20.563590 14.839065 60.001423 42.192374 17.912523 168.301444 81.238846 -175.634785 0.000000 0.000000 0.000000 
-0.016485 0.938569 -0.341433 -4.044776 25.978725 -3.225839 3.506478 -0.362642 -3.214765 -1.913747 -0.003122 3.113415 5.187845 12.955918 7.296422 0.000000 0.000000 0.000000 -2.045781 0.180247 -3.393217 1.924347 -0.482840 8.009187 -5.529602 -13.305087 6.606929 0.000000 0.000000 0.000000 2.071023 -0.598164 7.938974 -8.046972 3.602516 -2.516275 -4.309197 10.422402 12.524656 14.959495 -4.930749 -19.119794 0.000000 0.000000 0.000000 -19.203595 -23.612437 3.242028 -53.613033 -7.381890 -1.895357 15.891953 -52.658212 -10.757480 0.000000 0.000000 0.000000 14.039267 20.749681 14.760221 58.814323 42.403729 17.358385 168.899702 81.194446 -175.239268 0.000000 0.000000 0.000000 
-0.012873 0.939942 -0.343452 -4.314284 25.994096 -3.252849 3.896353 -0.361593 -2.835849 -2.604961 0.079771 1.916188 4.458035 12.080440 7.819027 0.000000 0.000000 0.000000 -1.654291 0.261769 -4.037923 1.916538 -0.524500 9.034818 -5.329359 -12.941806 5.956394 0.000000 0.000000 0.000000 2.209391 -0.534007 7.171171 -8.910162 3.912631 -1.156282 -3.607637 11.231066 11.751360 15.132628 -5.139203 -18.639321 0.000000 0.000000 0.000000 -19.384446 -24.064334 3.356342 -52.232836 -7.357354 -1.664711 8.963544 -53.890099 -7.366676 0.000000 0.000000 0.000000 14.823152 18.733400 14.072873 58.748317 42.488797 17.392801 170.309517 77.720685 -172.903131 0.000000 0.000000 0.000000 
-0.009397 0.939411 -0.345167 -3.619036 27.428123 -3.216843 2.479812 -0.273229 -2.267719 -2.254433 0.054410 1.677853 3.569811 10.447977 7.097485 0.000000 0.000000 0.000000 -3.143110 0.023738 -2.634996 2.235570 -0.575343 7.718011 -5.217036 -12.658268 5.936006 0.000000 0.000000 0.000000 1.040161 -0.507165 7.772538 -9.149844 4.006580 -2.318856 -2.367538 10.525760 12.612648 13.871026 -5.004278 -16.426096 0.000000 0.000000 0.000000 -20.613434 -25.689290 4.027562 -51.188498 -8.644413 -0.888674 8.058868 -48.465026 -5.708003 0.000000 0.000000 0.000000 16.157586 19.931988 15.366466 55.919685 44.083984 16.663478 -167.153131 81.390573 -147.398952 0.000000 0.000000 0.000000 
