HIERARCHY
ROOT Hips
{
	OFFSET -0.001795 -0.223333 0.028219
	CHANNELS 6 Xposition Yposition Zposition Zrotation Yrotation Xrotation 
	JOINT LeftUpLeg
	{
		OFFSET 0.069520 -0.091406 -0.006815
		CHANNELS 3 Zrotation Yrotation Xrotation
		JOINT LeftLeg
		{
			OFFSET 0.034277 -0.375199 -0.004496
			CHANNELS 3 Zrotation Yrotation Xrotation
			JOINT LeftFoot
			{
				OFFSET -0.013596 -0.397961 -0.043693
				CHANNELS 3 Zrotation Yrotation Xrotation
				JOINT LeftToe
				{
					OFFSET 0.026358 -0.055791 0.119288
					CHANNELS 3 Zrotation Yrotation Xrotation
					End Site
					{
						OFFSET 0.000000 0.000000 0.000000
					}
				}
			}
		}
	}
	JOINT RightUpLeg
	{
		OFFSET -0.067670 -0.090522 -0.004320
		CHANNELS 3 Zrotation Yrotation Xrotation
		JOINT RightLeg
		{
			OFFSET -0.038290 -0.382569 -0.008850
			CHANNELS 3 Zrotation Yrotation Xrotation
			JOINT RightFoot
			{
				OFFSET 0.015774 -0.398415 -0.042312
				CHANNELS 3 Zrotation Yrotation Xrotation
				JOINT RightToe
				{
					OFFSET -0.025372 -0.048144 0.123348
					CHANNELS 3 Zrotation Yrotation Xrotation
					End Site
					{
						OFFSET 0.000000 0.000000 0.000000
					}
				}
			}
		}
	}
	JOINT Spine
	{
		OFFSET -0.002533 0.108963 -0.026696
		CHANNELS 3 Zrotation Yrotation Xrotation
		JOINT Spine1
		{
			OFFSET 0.005487 0.135180 0.001092
			CHANNELS 3 Zrotation Yrotation Xrotation
			JOINT Spine2
			{
				OFFSET 0.001457 0.052922 0.025425
				CHANNELS 3 Zrotation Yrotation Xrotation
				JOINT Neck
				{
					OFFSET -0.002778 0.213870 -0.042857
					CHANNELS 3 Zrotation Yrotation Xrotation
					JOINT Head
					{
						OFFSET 0.005152 0.064970 0.051349
						CHANNELS 3 Zrotation Yrotation Xrotation
						End Site
						{
							OFFSET 0.000000 0.000000 0.000000
						}
					}
				}
				JOINT LeftShoulder
				{
					OFFSET 0.078845 0.121749 -0.034090
					CHANNELS 3 Zrotation Yrotation Xrotation
					JOINT LeftArm
					{
						OFFSET 0.090977 0.030469 -0.008868
						CHANNELS 3 Zrotation Yrotation Xrotation
						JOINT LeftForeArm
						{
							OFFSET 0.259612 -0.012772 -0.027456
							CHANNELS 3 Zrotation Yrotation Xrotation
							JOINT LeftHand
							{
								OFFSET 0.249234 0.008986 -0.001171
								CHANNELS 3 Zrotation Yrotation Xrotation
								End Site
								{
									OFFSET 0.000000 0.000000 0.000000
								}
							}
						}
					}
				}
				JOINT RightShoulder
				{
					OFFSET -0.081759 0.118833 -0.038615
					CHANNELS 3 Zrotation Yrotation Xrotation
					JOINT RightArm
					{
						OFFSET -0.096012 0.032551 -0.009143
						CHANNELS 3 Zrotation Yrotation Xrotation
						JOINT RightForeArm
						{
							OFFSET -0.253742 -0.013329 -0.021401
							CHANNELS 3 Zrotation Yrotation Xrotation
							JOINT RightHand
							{
								OFFSET -0.255298 0.007772 -0.005559
								CHANNELS 3 Zrotation Yrotation Xrotation
								End Site
								{
									OFFSET 0.000000 0.000000 0.000000
								}
							}
						}
					}
				}
			}
		}
	}
}
MOTION
Frames: 196
Frame Time: 0.050000
0.000000 0.950588 0.000000 -2.122888 4.644751 7.247479 5.253025 -0.376428 -3.777990 1.249958 0.192204 -7.366093 1.652273 7.788825 11.934821 0.000000 0.000000 0.000000 -4.289341 0.602015 -7.383147 -0.913413 0.043551 -1.250369 -0.631532 -5.276353 11.167924 0.000000 0.000000 0.000000 1.103759 0.089230 -2.662795 1.539758 -0.375007 -6.475948 -0.157972 -2.506709 6.145376 1.356162 0.250448 -15.344343 0.000000 0.000000 0.000000 -15.755609 3.737457 -3.351782 -58.876454 -6.608633 -3.867957 -8.884217 -19.046823 2.218624 0.000000 0.000000 0.000000 12.717575 -3.262581 -2.655150 62.155829 7.359946 -2.251068 4.112578 16.262721 1.054124 0.000000 0.000000 0.000000 
0.000052 0.949223 0.000064 -2.271502 3.741288 7.502815 4.621646 -0.350359 -3.475586 2.695692 0.187077 -8.220270 1.767770 7.918558 12.077534 0.000000 0.000000 0.000000 -4.756157 0.614187 -7.668512 -0.133491 -0.024723 -0.984405 0.055900 -3.929063 10.800943 0.000000 0.000000 0.000000 1.579451 0.081912 -2.615201 0.536810 0.027543 -6.821658 0.603112 -2.528780 5.917848 0.553802 0.735988 -16.211588 0.000000 0.000000 0.000000 -16.380763 5.272841 -4.093987 -58.485062 -6.052214 -4.073985 -9.698231 -19.376704 2.421683 0.000000 0.000000 0.000000 11.911379 -3.824000 -2.918823 62.877740 6.549790 -2.720999 4.647968 17.237159 1.174860 0.000000 0.000000 0.000000 
0.000084 0.948908 -0.000055 -1.956243 4.136023 7.213111 4.359049 -0.327580 -3.105271 2.957182 0.151443 -7.715919 1.171087 6.931096 11.815677 0.000000 0.000000 0.000000 -4.945657 0.580512 -7.348056 -0.026073 -0.020628 -0.602361 -0.473119 -4.712333 10.040355 0.000000 0.000000 0.000000 1.283859 0.067774 -2.241795 0.637323 0.040767 -7.993588 0.133304 -3.162252 6.451070 -0.030986 1.019771 -15.659809 0.000000 0.000000 0.000000 -15.830771 4.910745 -3.761919 -58.892366 -5.928226 -4.215276 -8.694328 -19.069411 2.229408 0.000000 0.000000 0.000000 13.455655 -3.225515 -2.888742 61.401223 6.568123 -2.727692 4.128674 16.720260 1.065594 0.000000 0.000000 0.000000 
0.000067 0.948834 -0.000117 -2.336549 3.965601 7.412729 4.297933 -0.347533 -3.478464 3.737687 0.121956 -7.659859 1.173627 6.975771 12.000810 0.000000 0.000000 0.000000 -5.055214 0.629037 -8.242601 0.461381 -0.050707 0.025134 -0.442578 -4.693921 10.122285 0.000000 0.000000 0.000000 1.630390 0.068748 -2.370651 -0.029021 0.277288 -7.456654 0.944554 -4.019173 5.390186 -0.298845 1.065903 -15.501216 0.000000 0.000000 0.000000 -15.476673 6.086985 -4.121663 -60.008351 -5.963976 -4.108970 -7.780188 -18.945695 2.096464 0.000000 0.000000 0.000000 12.459973 -3.361796 -3.008247 61.163554 6.755067 -2.569989 5.373099 16.418928 1.157538 0.000000 0.000000 0.000000 
-0.000096 0.949294 -0.000276 -2.238381 4.465612 7.099918 4.149574 -0.324248 -3.075036 3.932178 0.128916 -7.874798 0.619691 6.239888 12.300267 0.000000 0.000000 0.000000 -5.003503 0.603002 -7.913294 0.402647 -0.044184 0.039901 -1.005720 -5.771089 10.136551 0.000000 0.000000 0.000000 1.483650 0.057766 -2.097570 0.269383 0.173782 -7.575063 0.593207 -4.240955 5.352175 -0.529135 1.219476 -15.487016 0.000000 0.000000 0.000000 -15.173383 5.830263 -3.974837 -60.061312 -6.119479 -4.035816 -7.787341 -18.552052 2.044439 0.000000 0.000000 0.000000 12.570161 -3.392394 -3.018728 60.962414 6.884297 -2.485526 5.931742 16.020121 1.196637 0.000000 0.000000 0.000000 
-0.000269 0.949790 -0.000476 -2.246657 4.381703 7.133245 4.008003 -0.321564 -3.069919 4.353176 0.122500 -7.986092 0.672563 6.275907 12.172107 0.000000 0.000000 0.000000 -4.962042 0.613996 -8.065600 0.281154 -0.023740 0.229855 -0.938459 -5.654170 10.168817 0.000000 0.000000 0.000000 1.343032 0.062981 -2.157745 0.270241 0.176469 -7.696075 0.885323 -4.562922 5.472491 -0.329995 1.059809 -15.587525 0.000000 0.000000 0.000000 -15.229067 6.230591 -4.107491 -60.337953 -6.349322 -3.928209 -7.350478 -18.104396 1.938786 0.000000 0.000000 0.000000 11.901236 -3.173694 -2.872999 61.108605 7.211233 -2.368375 6.359836 15.780198 1.217020 0.000000 0.000000 0.000000 
-0.000467 0.950063 -0.000679 -2.250062 4.282261 7.070835 3.879945 -0.308813 -2.898344 4.383782 0.137933 -8.237946 0.774180 6.598740 12.715439 0.000000 0.000000 0.000000 -4.649617 0.622849 -7.987434 0.002835 0.010555 0.297586 -0.846498 -5.417980 9.930014 0.000000 0.000000 0.000000 1.304551 0.061674 -2.110563 0.380556 0.127114 -7.568431 0.749256 -4.686580 5.246465 -0.121237 0.926917 -15.717548 0.000000 0.000000 0.000000 -15.196356 6.304947 -4.118205 -60.388715 -6.026525 -4.068829 -7.450483 -17.664941 1.906143 0.000000 0.000000 0.000000 11.864846 -2.943066 -2.788352 60.831945 7.296924 -2.297117 6.812044 15.846251 1.270221 0.000000 0.000000 0.000000 
-0.000551 0.950321 -0.000873 -2.277124 4.119609 7.079058 3.726263 -0.307638 -2.935705 4.529635 0.133349 -8.238718 1.215691 7.265087 12.662016 0.000000 0.000000 0.000000 -4.376714 0.641042 -8.078425 -0.130010 0.032458 0.471099 -0.790623 -5.259452 9.691068 0.000000 0.000000 0.000000 1.200767 0.067777 -2.199299 0.446779 0.091858 -7.391252 0.822025 -4.664279 4.829130 -0.126777 0.903365 -15.298926 0.000000 0.000000 0.000000 -15.222311 6.341703 -4.134316 -60.179082 -5.977591 -4.039269 -7.413631 -16.994716 1.820971 0.000000 0.000000 0.000000 11.695188 -2.851935 -2.739278 60.607193 7.142570 -2.332773 7.660383 15.962482 1.376112 0.000000 0.000000 0.000000 
-0.000585 0.950484 -0.000998 -2.331183 4.003077 7.031662 3.622701 -0.300878 -2.864674 4.689906 0.134827 -8.334107 1.363521 7.559870 12.915154 0.000000 0.000000 0.000000 -4.155181 0.642742 -7.945033 -0.327130 0.048184 0.299298 -0.754209 -5.183086 9.630260 0.000000 0.000000 0.000000 1.192904 0.068349 -2.200720 0.427774 0.097800 -7.401721 0.956149 -4.778243 4.550491 -0.179502 0.910589 -15.166947 0.000000 0.000000 0.000000 -15.272432 6.313385 -4.096454 -60.170118 -5.842699 -4.076189 -7.508749 -16.001587 1.722489 0.000000 0.000000 0.000000 11.763048 -2.700428 -2.715863 60.054568 7.058321 -2.333496 8.484939 16.020745 1.472203 0.000000 0.000000 0.000000 
-0.000602 0.950582 -0.001123 -2.368935 3.855872 7.089938 3.495355 -0.294247 -2.790055 4.807957 0.139059 -8.445080 1.591276 7.857313 12.761882 0.000000 0.000000 0.000000 -4.025287 0.654074 -8.013745 -0.382416 0.053239 0.271875 -0.694758 -4.996967 9.340947 0.000000 0.000000 0.000000 1.269388 0.078213 -2.422665 0.372317 0.112620 -7.282124 1.026185 -4.805835 4.366695 -0.208995 0.906815 -14.955684 0.000000 0.000000 0.000000 -15.211662 6.315252 -4.070201 -60.202701 -5.745884 -4.104258 -7.448589 -15.282773 1.633053 0.000000 0.000000 0.000000 11.713266 -2.500881 -2.639687 59.723101 6.872368 -2.399239 9.304259 16.383295 1.604575 0.000000 0.000000 0.000000 
-0.000688 0.950472 -0.001276 -2.387964 3.830469 7.117598 3.670363 -0.294296 -2.741052 4.680217 0.147738 -8.516921 1.669103 7.964438 12.724445 0.000000 0.000000 0.000000 -4.050483 0.659149 -8.102889 -0.367458 0.053209 0.312666 -0.716731 -5.042511 9.332649 0.000000 0.000000 0.000000 1.257676 0.087986 -2.620028 0.417154 0.091869 -7.211592 1.080281 -4.867050 4.211228 -0.285237 0.940276 -14.833074 0.000000 0.000000 0.000000 -15.225755 6.257969 -4.031525 -60.057566 -5.541071 -4.182911 -7.480549 -14.589746 1.557532 0.000000 0.000000 0.000000 11.679885 -2.548819 -2.671105 59.702624 6.900070 -2.374037 9.682777 16.387288 1.647519 0.000000 0.000000 0.000000 
-0.000879 0.950247 -0.001482 -2.421757 3.641678 7.211466 3.837298 -0.294143 -2.692330 4.635868 0.161627 -8.698715 1.688821 7.978451 12.751222 0.000000 0.000000 0.000000 -4.072268 0.669629 -8.236402 -0.275552 0.042750 0.313161 -0.637168 -4.869418 9.224868 0.000000 0.000000 0.000000 1.337608 0.098236 -2.844880 0.370431 0.104059 -7.131505 1.265669 -4.967497 4.006566 -0.356469 0.947542 -14.532868 0.000000 0.000000 0.000000 -15.218652 6.385878 -4.056016 -60.010006 -5.487359 -4.176509 -7.439518 -13.584319 1.440984 0.000000 0.000000 0.000000 11.499659 -2.580067 -2.694645 59.887546 6.799681 -2.429459 9.691843 16.381357 1.638745 0.000000 0.000000 0.000000 
-0.001099 0.950065 -0.001658 -2.436177 3.643405 7.250087 3.993928 -0.300504 -2.753366 4.510337 0.160164 -8.626717 1.708299 8.003148 12.733290 0.000000 0.000000 0.000000 -4.026354 0.682578 -8.411206 -0.302244 0.052282 0.474125 -0.688118 -4.998783 9.309789 0.000000 0.000000 0.000000 1.340555 0.103137 -2.948024 0.402190 0.088364 -7.046220 1.431235 -4.968877 3.713183 -0.379499 0.944266 -14.190578 0.000000 0.000000 0.000000 -15.258987 6.370688 -4.053168 -59.825351 -5.383966 -4.189481 -7.387544 -13.040724 1.371635 0.000000 0.000000 0.000000 11.520875 -2.670399 -2.748397 59.937969 6.524641 -2.546374 9.562391 16.335418 1.614537 0.000000 0.000000 0.000000 
-0.001260 0.949997 -0.001820 -2.447098 3.723574 7.362167 4.086485 -0.310886 -2.885955 4.504934 0.160664 -8.626551 1.652366 7.953052 12.839745 0.000000 0.000000 0.000000 -4.014103 0.694765 -8.593806 -0.233785 0.046784 0.532537 -0.848299 -5.345120 9.408127 0.000000 0.000000 0.000000 1.237765 0.107191 -3.026940 0.477999 0.060020 -7.057849 1.574754 -4.947724 3.397289 -0.412559 0.953056 -13.819488 0.000000 0.000000 0.000000 -15.228834 6.303906 -4.028240 -59.709929 -5.234939 -4.227015 -7.304659 -12.647153 1.315388 0.000000 0.000000 0.000000 11.499854 -2.760343 -2.784934 60.014783 6.162142 -2.703213 9.357301 16.356997 1.590795 0.000000 0.000000 0.000000 
-0.001353 0.949843 -0.001925 -2.410261 3.879055 7.351740 4.194560 -0.316555 -2.943333 4.357424 0.163191 -8.603408 1.604024 7.859216 12.713907 0.000000 0.000000 0.000000 -4.061362 0.691217 -8.599991 -0.180157 0.041332 0.550683 -0.923158 -5.474860 9.389563 0.000000 0.000000 0.000000 1.206209 0.107677 -3.037926 0.525610 0.048326 -7.178009 1.642695 -4.978487 3.455023 -0.399709 0.946948 -13.791174 0.000000 0.000000 0.000000 -15.146880 6.431894 -4.088091 -59.693681 -5.268038 -4.214899 -7.243517 -12.879148 1.334441 0.000000 0.000000 0.000000 11.487613 -2.825441 -2.804046 60.124003 5.911213 -2.844519 8.926993 16.350814 1.539786 0.000000 0.000000 0.000000 
-0.001480 0.949705 -0.002015 -2.367324 4.101244 7.458608 4.380247 -0.325520 -3.006539 4.188430 0.171855 -8.661622 1.480132 7.642033 12.557490 0.000000 0.000000 0.000000 -4.194562 0.693519 -8.757241 -0.048621 0.025531 0.536369 -0.974815 -5.507415 9.220874 0.000000 0.000000 0.000000 1.178628 0.113338 -3.176189 0.542626 0.049725 -7.280628 1.708361 -4.863467 3.487474 -0.367932 0.941969 -13.711856 0.000000 0.000000 0.000000 -15.074228 6.419877 -4.108091 -59.810916 -5.180481 -4.276135 -7.269114 -13.315709 1.383187 0.000000 0.000000 0.000000 11.615257 -2.899747 -2.827378 60.159543 5.542399 -3.022823 8.415915 16.522012 1.500740 0.000000 0.000000 0.000000 
-0.001688 0.949601 -0.002055 -2.374001 4.421883 7.461186 4.640507 -0.337846 -3.118980 3.899450 0.166749 -8.456568 1.387040 7.485483 12.407443 0.000000 0.000000 0.000000 -4.232642 0.693231 -8.842956 0.038774 0.019731 0.657409 -1.104650 -5.729177 9.194191 0.000000 0.000000 0.000000 1.160264 0.116556 -3.258380 0.640487 0.015543 -7.255426 1.746551 -4.661939 3.417158 -0.396649 0.985507 -13.556827 0.000000 0.000000 0.000000 -14.954214 6.347281 -4.118421 -59.912713 -5.192297 -4.284324 -7.390116 -14.172787 1.486186 0.000000 0.000000 0.000000 11.743842 -3.243965 -2.952388 60.148637 5.280940 -3.129388 7.871012 16.418015 1.433228 0.000000 0.000000 0.000000 
-0.001984 0.949417 -0.002054 -2.434179 4.637289 7.437025 4.963834 -0.346557 -3.156888 3.633808 0.165272 -8.310845 1.401288 7.423823 12.050417 0.000000 0.000000 0.000000 -4.262103 0.692180 -8.891768 0.167844 0.009219 0.793563 -1.201020 -5.850544 8.994813 0.000000 0.000000 0.000000 1.197188 0.116573 -3.273576 0.625289 0.028713 -7.345267 1.966971 -4.453706 3.398546 -0.509858 1.067413 -13.298099 0.000000 0.000000 0.000000 -14.964060 6.323128 -4.153879 -59.907970 -5.109023 -4.339641 -7.541645 -14.852097 1.576061 0.000000 0.000000 0.000000 11.981207 -3.343087 -2.996196 59.951101 5.162578 -3.160467 7.346219 16.571985 1.390996 0.000000 0.000000 0.000000 
-0.002303 0.949491 -0.002001 -2.474498 4.877880 7.421898 5.176061 -0.357439 -3.275295 3.542335 0.162410 -8.217814 1.294302 7.321583 12.189941 0.000000 0.000000 0.000000 -4.229722 0.687462 -8.830451 0.198064 0.003748 0.746911 -1.244471 -5.914759 9.002187 0.000000 0.000000 0.000000 1.268403 0.121208 -3.391986 0.597352 0.038848 -7.224961 2.065142 -4.324532 3.282783 -0.521057 1.097196 -13.331767 0.000000 0.000000 0.000000 -14.885526 6.375734 -4.209253 -60.040187 -5.110769 -4.346804 -7.487041 -15.631672 1.651407 0.000000 0.000000 0.000000 12.106271 -3.453658 -3.034689 59.931798 5.153252 -3.141029 6.809117 16.679902 1.339540 0.000000 0.000000 0.000000 
-0.002585 0.949545 -0.001939 -2.551116 4.918586 7.377216 5.383623 -0.362600 -3.318947 3.468620 0.158659 -8.117313 1.206645 7.135081 12.026147 0.000000 0.000000 0.000000 -4.224698 0.676168 -8.643032 0.269905 -0.005063 0.741555 -1.221283 -5.849019 8.948106 0.000000 0.000000 0.000000 1.264940 0.122509 -3.417519 0.611160 0.036344 -7.279529 2.237875 -4.126175 3.289842 -0.572245 1.109761 -12.647586 0.000000 0.000000 0.000000 -14.930051 6.201913 -4.159556 -60.021255 -5.090944 -4.368250 -7.383666 -15.982802 1.671988 0.000000 0.000000 0.000000 12.307971 -3.461727 -3.043188 59.709044 5.165198 -3.113474 6.396999 16.883907 1.310738 0.000000 0.000000 0.000000 
-0.002876 0.949596 -0.001862 -2.542909 5.089378 7.312894 5.432417 -0.362296 -3.273859 3.429217 0.163539 -8.184290 1.129891 7.071975 12.156879 0.000000 0.000000 0.000000 -4.282057 0.662777 -8.502978 0.260496 -0.003864 0.749239 -1.208345 -5.766855 8.807562 0.000000 0.000000 0.000000 1.324050 0.127266 -3.523697 0.531263 0.065055 -7.151192 2.347274 -3.978328 3.278240 -0.401997 1.007380 -12.407449 0.000000 0.000000 0.000000 -14.935302 6.018651 -4.105630 -60.075323 -5.065766 -4.398190 -7.144759 -16.130282 1.648809 0.000000 0.000000 0.000000 12.453117 -3.652546 -3.121212 59.772629 5.632574 -2.872763 5.772836 16.796800 1.231257 0.000000 0.000000 0.000000 
-0.003185 0.949769 -0.001849 -2.596257 5.127198 7.286514 5.584984 -0.360985 -3.176643 3.288951 0.175106 -8.322174 1.217171 7.269179 12.339035 0.000000 0.000000 0.000000 -4.270487 0.656490 -8.393162 0.225619 -0.001259 0.704748 -1.070823 -5.486400 8.840382 0.000000 0.000000 0.000000 1.377390 0.128499 -3.553176 0.526437 0.070424 -7.223351 2.427109 -3.776918 3.350652 -0.414728 1.006462 -11.943335 0.000000 0.000000 0.000000 -14.995656 5.971473 -4.124081 -60.085620 -5.092683 -4.402127 -7.176852 -15.998875 1.634071 0.000000 0.000000 0.000000 12.503920 -3.573938 -3.060721 59.839921 5.863352 -2.756624 5.223761 16.868910 1.173695 0.000000 0.000000 0.000000 
-0.003547 0.949850 -0.001860 -2.632644 5.369934 7.202624 5.751201 -0.362914 -3.114316 3.094977 0.187849 -8.469091 1.223711 7.367930 12.540808 0.000000 0.000000 0.000000 -4.215656 0.644324 -8.198180 0.142691 0.006056 0.636169 -1.090368 -5.511933 8.889279 0.000000 0.000000 0.000000 1.372694 0.126702 -3.520834 0.553909 0.057087 -7.061612 2.505129 -3.733939 3.196009 -0.271714 0.922242 -11.850067 0.000000 0.000000 0.000000 -14.959546 5.936302 -4.129521 -60.064395 -5.020351 -4.431832 -7.056820 -15.645298 1.574472 0.000000 0.000000 0.000000 12.482234 -3.593207 -3.045868 59.866682 6.253718 -2.540041 4.802530 16.498355 1.096002 0.000000 0.000000 0.000000 
-0.003889 0.950124 -0.001847 -2.652590 5.340826 7.143319 5.905839 -0.354050 -2.824028 2.952229 0.208690 -8.801879 1.219412 7.361368 12.567816 0.000000 0.000000 0.000000 -4.299530 0.627663 -7.971505 0.120146 0.000909 0.416709 -0.877937 -5.120099 9.051933 0.000000 0.000000 0.000000 1.404175 0.120596 -3.388653 0.510192 0.078855 -7.185559 2.620946 -3.689979 3.315654 -0.243155 0.885131 -11.540498 0.000000 0.000000 0.000000 -14.749186 5.828852 -4.043175 -60.195029 -5.071685 -4.426529 -7.109523 -15.176716 1.532054 0.000000 0.000000 0.000000 12.415358 -3.432650 -2.958167 59.943567 6.421409 -2.471474 4.505851 16.518917 1.061859 0.000000 0.000000 0.000000 
-0.004155 0.950252 -0.001621 -2.660796 5.527770 7.071318 5.983410 -0.351710 -2.687124 2.862507 0.219484 -8.985189 1.213563 7.406081 12.676811 0.000000 0.000000 0.000000 -4.331899 0.609169 -7.717415 0.038766 -0.003388 0.041481 -0.734272 -4.878576 9.337064 0.000000 0.000000 0.000000 1.342780 0.117141 -3.312475 0.535356 0.063497 -6.976991 2.674577 -3.677389 3.266769 -0.210829 0.859463 -11.326132 0.000000 0.000000 0.000000 -14.588482 5.830710 -4.037117 -60.230578 -5.117536 -4.405734 -6.970526 -15.041548 1.496955 0.000000 0.000000 0.000000 12.512100 -3.509815 -2.994357 59.972187 6.756717 -2.293525 3.924856 16.225640 0.972770 0.000000 0.000000 0.000000 
-0.004282 0.950448 -0.001060 -2.649646 5.533917 6.972794 5.951838 -0.338616 -2.388728 2.962292 0.232572 -9.284804 1.182404 7.401840 12.825190 0.000000 0.000000 0.000000 -4.357895 0.596422 -7.532465 -0.043407 -0.005135 -0.252928 -0.586060 -4.705452 9.814138 0.000000 0.000000 0.000000 1.371422 0.119472 -3.354050 0.515901 0.072320 -7.000270 2.730570 -3.608124 3.480450 -0.132432 0.794661 -11.041835 0.000000 0.000000 0.000000 -14.551422 5.802877 -4.023994 -60.027379 -5.036090 -4.460109 -7.214879 -14.894220 1.512564 0.000000 0.000000 0.000000 12.464323 -3.601431 -3.015322 59.987295 6.785790 -2.301296 3.680839 16.375529 0.956102 0.000000 0.000000 0.000000 
-0.004294 0.950358 -0.000239 -2.658076 5.660422 6.937549 5.890468 -0.331138 -2.203421 3.096334 0.241594 -9.513281 1.237940 7.529069 12.910507 0.000000 0.000000 0.000000 -4.328509 0.579405 -7.241161 -0.133190 -0.010489 -0.647763 -0.544494 -4.649091 9.973059 0.000000 0.000000 0.000000 1.312724 0.124634 -3.460262 0.544258 0.057781 -6.872036 2.876664 -3.660867 3.503076 -0.127299 0.787324 -11.004263 0.000000 0.000000 0.000000 -14.335664 5.867798 -4.019681 -60.042080 -4.894306 -4.536321 -7.410144 -15.182962 1.569908 0.000000 0.000000 0.000000 12.434032 -3.711620 -3.063073 60.110543 6.719723 -2.346378 3.129668 16.354919 0.887083 0.000000 0.000000 0.000000 
-0.004187 0.950108 0.000612 -2.616666 5.681407 6.984480 5.856858 -0.324938 -2.036582 3.131745 0.252701 -9.737436 1.186164 7.435434 12.868582 0.000000 0.000000 0.000000 -4.371506 0.571391 -7.121204 -0.063596 -0.022548 -0.764141 -0.508198 -4.607602 10.097635 0.000000 0.000000 0.000000 1.326406 0.130785 -3.598573 0.416253 0.106442 -6.808139 3.015724 -3.691273 3.632241 -0.139954 0.797130 -11.112609 0.000000 0.000000 0.000000 -14.389475 5.912955 -4.038574 -59.860351 -4.620014 -4.675886 -7.504443 -15.726387 1.644897 0.000000 0.000000 0.000000 12.343423 -3.889678 -3.136207 60.250692 6.522912 -2.471858 2.912095 16.750333 0.882939 0.000000 0.000000 0.000000 
-0.003985 0.950025 0.001227 -2.606997 5.956796 7.060587 5.750073 -0.324811 -2.001861 3.318404 0.262143 -9.979285 0.985074 7.235837 13.137474 0.000000 0.000000 0.000000 -4.369062 0.564809 -7.030474 -0.002778 -0.037171 -0.976052 -0.598827 -4.783278 10.199664 0.000000 0.000000 0.000000 1.318322 0.136564 -3.746829 0.413088 0.102759 -6.585909 3.117867 -3.819788 3.449595 -0.448068 1.011575 -11.332277 0.000000 0.000000 0.000000 -14.288403 6.135211 -4.132487 -59.966185 -4.536599 -4.707735 -7.504917 -16.543501 1.735565 0.000000 0.000000 0.000000 12.207526 -4.187628 -3.257338 60.779316 6.409380 -2.536793 2.201565 17.178601 0.813736 0.000000 0.000000 0.000000 
-0.003732 0.950087 0.001554 -2.484032 6.253721 7.124910 5.636068 -0.329136 -2.099700 3.392249 0.259768 -9.966538 0.767550 6.875267 12.959126 0.000000 0.000000 0.000000 -4.523540 0.553849 -6.976645 0.002469 -0.042730 -1.107736 -0.693168 -4.968068 10.323315 0.000000 0.000000 0.000000 1.175563 0.139279 -3.828947 0.263986 0.168323 -6.614699 3.236714 -3.868335 3.598708 -0.770887 1.230683 -11.373629 0.000000 0.000000 0.000000 -14.265601 6.082669 -4.114963 -59.827891 -4.285579 -4.845674 -7.736833 -17.564663 1.883518 0.000000 0.000000 0.000000 12.545430 -4.169964 -3.285688 60.579476 6.142850 -2.675346 2.136198 17.793222 0.840763 0.000000 0.000000 0.000000 
-0.003414 0.950212 0.001637 -2.384179 6.716039 7.257390 5.507167 -0.344488 -2.416681 3.503944 0.249732 -9.824359 0.366034 6.363113 13.139363 0.000000 0.000000 0.000000 -4.520201 0.549566 -6.951307 -0.034792 -0.044052 -1.246569 -0.801727 -5.149349 10.412248 0.000000 0.000000 0.000000 1.110119 0.143509 -3.974480 0.133114 0.219008 -6.388220 3.316164 -3.748782 3.386265 -1.009818 1.433344 -11.771169 0.000000 0.000000 0.000000 -14.060778 6.118679 -4.156999 -59.964401 -4.252968 -4.865233 -8.133521 -18.140393 1.999275 0.000000 0.000000 0.000000 12.539901 -4.246929 -3.275696 60.706489 5.972037 -2.727077 2.160614 18.329155 0.879944 0.000000 0.000000 0.000000 
-0.003079 0.950279 0.001570 -2.212893 7.196146 7.575781 5.339772 -0.363141 -2.772853 3.387803 0.250828 -9.834857 0.176068 6.103514 13.080404 0.000000 0.000000 0.000000 -4.610155 0.553735 -7.111688 -0.016876 -0.053521 -1.445416 -0.886657 -5.259498 10.422999 0.000000 0.000000 0.000000 0.857600 0.154951 -4.322905 0.008135 0.269774 -6.235120 3.417638 -3.575310 3.499656 -1.198954 1.625026 -12.494657 0.000000 0.000000 0.000000 -14.135320 5.958071 -4.154685 -59.824774 -4.115539 -4.951713 -8.392518 -18.860326 2.111474 0.000000 0.000000 0.000000 12.827068 -3.860960 -3.073565 60.229546 6.044626 -2.656480 2.772868 19.537782 1.051989 0.000000 0.000000 0.000000 
-0.002757 0.950337 0.001329 -2.224967 7.838351 7.807661 5.265447 -0.383894 -3.098058 3.494750 0.254236 -9.958345 -0.153462 5.744614 13.299694 0.000000 0.000000 0.000000 -4.426256 0.555267 -7.072450 -0.283072 -0.041606 -1.837591 -0.833520 -5.112729 10.607701 0.000000 0.000000 0.000000 0.790529 0.159702 -4.525992 -0.100571 0.317707 -6.122403 3.443590 -3.135114 3.507273 -1.196886 1.714245 -12.963458 0.000000 0.000000 0.000000 -14.066850 5.738246 -4.162447 -59.903150 -4.073611 -5.010934 -8.404196 -19.218700 2.125138 0.000000 0.000000 0.000000 12.951106 -3.476270 -2.789241 60.004790 6.935366 -2.153491 2.747575 20.139653 1.113310 0.000000 0.000000 0.000000 
-0.002487 0.950318 0.000936 -2.115904 8.251815 8.167186 5.136178 -0.411273 -3.614773 3.474254 0.253290 -9.949219 -0.564160 5.161052 13.319233 0.000000 0.000000 0.000000 -4.608482 0.561751 -7.334422 -0.213112 -0.058109 -2.071491 -0.801881 -4.983561 10.568869 0.000000 0.000000 0.000000 0.659348 0.168031 -4.830323 -0.273215 0.391762 -6.117889 3.378726 -2.606570 3.687717 -1.282548 1.882227 -13.807635 0.000000 0.000000 0.000000 -14.102014 5.667721 -4.256906 -59.692349 -3.570324 -5.290240 -8.820695 -19.548936 2.203014 0.000000 0.000000 0.000000 12.960341 -2.984110 -2.431854 59.411645 7.951143 -1.607126 3.113833 21.448314 1.290709 0.000000 0.000000 0.000000 
-0.002301 0.950707 0.000391 -2.127955 8.980618 8.424082 5.232444 -0.433545 -3.841596 3.365886 0.273960 -10.413936 -0.918032 4.887779 13.823115 0.000000 0.000000 0.000000 -4.446730 0.553450 -7.123419 -0.585950 -0.055053 -2.842892 -0.680624 -4.798113 11.242859 0.000000 0.000000 0.000000 0.585479 0.171278 -5.041559 -0.580645 0.527980 -6.204157 3.586980 -2.153332 3.703115 -1.260440 1.968146 -14.293950 0.000000 0.000000 0.000000 -13.992228 5.668865 -4.365193 -59.867993 -3.080091 -5.592265 -8.991637 -19.362552 2.177410 0.000000 0.000000 0.000000 12.883914 -2.458912 -2.046879 58.764330 9.759513 -0.665978 2.853342 22.693683 1.365377 0.000000 0.000000 0.000000 
-0.002264 0.951093 -0.000405 -2.184684 9.583196 8.897964 5.302996 -0.473226 -4.439290 3.423751 0.278129 -10.548989 -1.567790 4.092551 14.171995 0.000000 0.000000 0.000000 -4.406354 0.580364 -7.605594 -0.648955 -0.057406 -3.036083 -0.797163 -4.954204 11.297566 0.000000 0.000000 0.000000 0.411202 0.175489 -5.320043 -0.641583 0.548906 -5.942294 3.563880 -1.588859 3.324593 -1.200767 2.051343 -14.989979 0.000000 0.000000 0.000000 -13.588861 6.119479 -4.639850 -59.923121 -2.033076 -6.134122 -9.486724 -19.961963 2.288911 0.000000 0.000000 0.000000 12.793173 -1.587807 -1.492204 57.795455 11.875020 0.436885 3.182114 25.265805 1.653943 0.000000 0.000000 0.000000 
-0.002387 0.951643 -0.001351 -2.303664 10.055517 9.096493 5.456757 -0.484817 -4.461919 3.382772 0.298304 -11.054642 -1.780857 3.999224 14.610376 0.000000 0.000000 0.000000 -4.258615 0.582092 -7.546788 -0.772963 -0.068239 -3.508327 -0.657794 -4.685202 11.636448 0.000000 0.000000 0.000000 0.332423 0.171953 -5.308134 -0.911348 0.672139 -6.199314 3.877039 -1.206698 3.556504 -1.226864 2.168534 -15.729645 0.000000 0.000000 0.000000 -13.457616 6.505428 -4.876255 -59.832659 -0.926060 -6.740147 -9.763559 -20.811562 2.412919 0.000000 0.000000 0.000000 12.505286 -0.502069 -0.850637 56.843608 14.934064 1.879452 4.036064 28.205229 2.125479 0.000000 0.000000 0.000000 
-0.002622 0.951626 -0.002288 -2.459060 10.094690 9.290958 5.705424 -0.506568 -4.755201 3.206277 0.298000 -11.051043 -1.971125 3.619299 14.406551 0.000000 0.000000 0.000000 -4.209665 0.598124 -7.751242 -0.556830 -0.088826 -3.533635 -0.672907 -4.650214 11.359063 0.000000 0.000000 0.000000 0.423244 0.180800 -5.601183 -1.266488 0.793572 -5.628385 4.168877 -0.419400 2.877421 -1.279167 2.281898 -16.137184 0.000000 0.000000 0.000000 -12.855020 6.984100 -5.064614 -59.941554 0.469540 -7.450262 -10.703176 -21.659759 2.646041 0.000000 0.000000 0.000000 12.059170 0.938384 -0.052141 55.762179 18.350642 3.544277 5.126136 31.483835 2.748504 0.000000 0.000000 0.000000 
-0.002908 0.951607 -0.003131 -2.512628 10.381642 9.360811 5.782320 -0.512986 -4.761225 3.169133 0.309605 -11.382752 -1.971265 3.778161 14.704473 0.000000 0.000000 0.000000 -4.191924 0.596928 -7.733359 -0.780888 -0.075056 -3.667080 -0.340498 -3.990836 11.540773 0.000000 0.000000 0.000000 0.515266 0.179342 -5.573791 -1.709318 0.978712 -5.771151 4.514305 0.090690 2.775915 -1.237748 2.325922 -16.353707 0.000000 0.000000 0.000000 -12.353895 7.533539 -5.274504 -59.698626 1.658283 -8.051418 -11.062161 -22.513684 2.785148 0.000000 0.000000 0.000000 11.371990 2.186625 0.644676 54.987559 22.197334 5.362719 6.830752 35.273654 3.726131 0.000000 0.000000 0.000000 
-0.003230 0.951668 -0.004004 -2.576597 10.616779 9.343274 6.071259 -0.526941 -4.881144 3.059847 0.304394 -11.312316 -2.087151 3.686023 14.838959 0.000000 0.000000 0.000000 -3.932392 0.613070 -7.862228 -0.856348 -0.054609 -3.403744 -0.694270 -4.599452 11.268099 0.000000 0.000000 0.000000 0.574099 0.175250 -5.472702 -1.928260 1.075136 -5.980544 4.536627 0.760639 2.756951 -1.072080 2.322325 -16.592741 0.000000 0.000000 0.000000 -11.339793 7.747464 -5.221663 -59.747395 2.557379 -8.601822 -11.627914 -23.426668 2.963219 0.000000 0.000000 0.000000 10.197031 3.583191 1.415855 54.457151 26.537807 7.486042 7.568058 38.919270 4.540030 0.000000 0.000000 0.000000 
-0.003596 0.951824 -0.005029 -2.645604 11.261828 9.351476 6.307822 -0.546938 -5.053443 2.870912 0.304717 -11.497400 -2.292085 3.714213 15.448645 0.000000 0.000000 0.000000 -3.731772 0.629817 -8.093463 -1.122092 -0.018705 -3.206897 -0.818973 -4.785648 11.419763 0.000000 0.000000 0.000000 0.509663 0.164798 -5.249680 -2.102954 1.152012 -5.991877 4.884636 1.316652 2.295571 -0.720786 2.205481 -16.760527 0.000000 0.000000 0.000000 -10.614118 8.033277 -5.253088 -59.824001 3.439327 -9.114496 -11.595923 -24.269456 3.002844 0.000000 0.000000 0.000000 8.845376 4.645081 1.968751 54.656601 30.597169 9.751476 7.052426 42.402387 4.936632 0.000000 0.000000 0.000000 
-0.004035 0.952282 -0.006358 -2.765232 11.919933 9.442674 6.579520 -0.578353 -5.465255 2.839690 0.299071 -11.491726 -2.669380 3.374128 15.779678 0.000000 0.000000 0.000000 -3.492422 0.649671 -8.320628 -1.313613 0.015018 -2.942492 -1.125014 -5.244678 11.121785 0.000000 0.000000 0.000000 0.426221 0.155088 -5.042517 -2.172527 1.188422 -6.059160 4.991085 1.782557 1.987373 -0.227535 2.060715 -17.541248 0.000000 0.000000 0.000000 -9.346117 8.158713 -5.051955 -60.397320 3.594605 -9.415808 -11.143810 -25.149164 2.952319 0.000000 0.000000 0.000000 7.319170 5.540837 2.394728 54.638809 34.624100 12.038010 4.949373 44.809455 4.539300 0.000000 0.000000 0.000000 
-0.004561 0.952769 -0.007794 -2.869580 12.632652 9.468481 6.886128 -0.604072 -5.690665 2.649495 0.297668 -11.713929 -2.905251 3.166972 15.900293 0.000000 0.000000 0.000000 -3.249946 0.665102 -8.460315 -1.412898 0.035367 -2.780205 -1.187483 -5.255011 11.025168 0.000000 0.000000 0.000000 0.455568 0.149727 -4.970499 -2.467809 1.313859 -6.133140 5.191290 2.401365 1.789225 0.283291 1.877171 -17.679656 0.000000 0.000000 0.000000 -8.572207 7.940744 -4.839103 -60.536353 3.563737 -9.540785 -10.533063 -25.969180 2.837564 0.000000 0.000000 0.000000 6.028041 6.389576 2.780671 54.641241 38.678883 14.445428 1.310991 45.005355 3.186332 0.000000 0.000000 0.000000 
-0.005140 0.953471 -0.009029 -3.082975 13.415669 9.577804 7.250984 -0.640856 -6.116079 2.691365 0.295359 -11.858961 -3.505300 2.669765 16.567797 0.000000 0.000000 0.000000 -2.794503 0.688687 -8.506130 -1.570231 0.050235 -2.835115 -1.904391 -6.566629 10.884460 0.000000 0.000000 0.000000 0.414112 0.150369 -5.128981 -2.470639 1.325034 -6.204573 5.096827 2.879802 1.650301 1.011108 1.633807 -18.415155 0.000000 0.000000 0.000000 -7.094547 8.013146 -4.524394 -61.574487 3.620036 -9.986090 -9.993286 -27.300560 2.774107 0.000000 0.000000 0.000000 4.437514 6.778823 2.903683 54.840702 42.767150 17.103006 -3.616542 44.339929 1.267487 0.000000 0.000000 0.000000 
-0.005683 0.954301 -0.009644 -3.294126 14.283154 9.679339 7.651681 -0.672385 -6.281495 2.727776 0.301613 -12.402934 -3.843662 2.445536 16.919582 0.000000 0.000000 0.000000 -2.514661 0.690687 -8.360099 -1.600301 0.035653 -3.199247 -2.043919 -6.777718 11.234775 0.000000 0.000000 0.000000 0.444983 0.147122 -5.171806 -2.728548 1.437785 -6.368609 5.183539 3.131767 1.564201 1.751367 1.310353 -18.544566 0.000000 0.000000 0.000000 -6.344343 8.311863 -4.465082 -62.078977 3.784356 -10.327289 -10.281380 -29.025947 2.948277 0.000000 0.000000 0.000000 3.307396 7.303766 3.070995 53.938993 46.649848 19.182130 -8.141725 43.190232 -0.445154 0.000000 0.000000 0.000000 
-0.006202 0.954886 -0.009586 -3.391132 14.880519 9.837869 7.906947 -0.703212 -6.648591 2.723401 0.295612 -12.420541 -4.557586 1.530433 17.066981 0.000000 0.000000 0.000000 -2.116736 0.708872 -8.329573 -1.881230 0.052720 -3.402837 -2.733870 -8.068391 11.129948 0.000000 0.000000 0.000000 0.372774 0.153920 -5.585912 -2.817742 1.475831 -6.302526 5.109404 3.573945 1.410117 2.260340 1.164982 -19.037212 0.000000 0.000000 0.000000 -5.260261 8.530911 -4.261261 -62.764975 4.032451 -10.808785 -10.296670 -31.093894 3.071382 0.000000 0.000000 0.000000 2.151397 7.821420 3.211483 52.782607 49.613732 20.636564 -13.695640 43.095207 -2.443664 0.000000 0.000000 0.000000 
-0.006806 0.955422 -0.009017 -3.483336 15.803303 9.928118 8.143745 -0.731723 -6.771246 2.673016 0.291240 -12.799402 -4.774229 1.409942 17.208841 0.000000 0.000000 0.000000 -1.947483 0.702536 -8.150527 -2.118634 0.069877 -3.546404 -2.879147 -8.230030 10.994034 0.000000 0.000000 0.000000 0.264194 0.153160 -5.827564 -2.925265 1.526941 -6.352023 5.045022 3.864104 1.121794 2.553775 1.035059 -18.619728 0.000000 0.000000 0.000000 -4.615987 9.016910 -4.267678 -62.929216 4.407375 -11.198356 -11.098512 -32.928511 3.375006 0.000000 0.000000 0.000000 1.056150 8.057939 3.221700 50.735104 52.676776 21.682741 -18.804331 43.070357 -4.262333 0.000000 0.000000 0.000000 
-0.007531 0.955972 -0.008321 -3.649530 16.216326 9.712907 8.398689 -0.734968 -6.405486 2.738997 0.291110 -13.017350 -5.284261 0.902584 17.605562 0.000000 0.000000 0.000000 -1.552984 0.701974 -7.862706 -2.467143 0.096147 -3.675832 -3.337600 -9.118585 11.276598 0.000000 0.000000 0.000000 0.277893 0.152858 -5.909141 -3.120138 1.612789 -6.565966 4.996851 4.426576 1.134062 2.859826 1.023881 -19.210705 0.000000 0.000000 0.000000 -3.791295 9.494534 -4.196168 -63.546136 4.903609 -11.849423 -11.634704 -35.973015 3.740085 0.000000 0.000000 0.000000 -0.241265 8.433940 3.241441 48.124826 56.571634 22.852566 -24.852618 41.625160 -6.193983 0.000000 0.000000 0.000000 
-0.008470 0.956469 -0.007889 -3.672124 17.049476 9.655046 8.647660 -0.756404 -6.284300 2.791865 0.288725 -13.518358 -5.652629 0.603225 17.851258 0.000000 0.000000 0.000000 -1.445369 0.692105 -7.697727 -2.500360 0.085783 -3.938089 -3.618472 -9.590917 11.745431 0.000000 0.000000 0.000000 0.159534 0.146602 -5.895348 -3.296730 1.703065 -7.165584 4.878675 4.630073 1.284819 3.685433 0.629800 -19.060389 0.000000 0.000000 0.000000 -3.554127 9.737571 -4.223902 -63.393781 5.692572 -12.390224 -12.359167 -40.394325 4.325920 0.000000 0.000000 0.000000 -1.661507 9.108476 3.327771 43.089200 60.032082 22.203688 -30.714238 40.397678 -7.955637 0.000000 0.000000 0.000000 
-0.009475 0.957007 -0.007864 -3.834740 17.466759 9.645738 8.897561 -0.779277 -6.487118 2.873862 0.284360 -13.448405 -6.298634 -0.046040 18.333267 0.000000 0.000000 0.000000 -0.990905 0.715426 -7.703243 -2.652085 0.084062 -4.194240 -4.116392 -10.529642 12.091730 0.000000 0.000000 0.000000 0.123550 0.141285 -5.737935 -3.363774 1.737305 -7.376472 4.565874 5.401208 1.098935 4.960737 0.106800 -19.514925 0.000000 0.000000 0.000000 -3.014362 9.503583 -3.987504 -63.680534 5.996100 -12.849699 -13.439859 -45.129861 5.069377 0.000000 0.000000 0.000000 -3.032065 9.859910 3.428484 37.000422 64.279168 21.175399 -35.688537 35.546987 -8.297929 0.000000 0.000000 0.000000 
-0.010361 0.957227 -0.008306 -3.763581 17.932606 9.453859 8.993923 -0.792785 -6.706102 2.857417 0.268039 -12.870701 -6.385158 -0.431998 17.701158 0.000000 0.000000 0.000000 -1.005331 0.720892 -7.833600 -2.641676 0.121906 -3.664470 -4.200574 -10.633451 11.945797 0.000000 0.000000 0.000000 0.275519 0.137456 -5.587255 -3.963859 1.972947 -7.932673 4.409777 5.769347 1.424482 5.899787 -0.308755 -19.683424 0.000000 0.000000 0.000000 -2.476186 9.131551 -3.698905 -63.734248 6.065395 -13.095585 -14.441945 -49.346536 5.861368 0.000000 0.000000 0.000000 -5.479778 10.619151 3.311375 30.258620 68.072854 19.119264 -36.810458 28.104802 -6.565263 0.000000 0.000000 0.000000 
-0.011010 0.957585 -0.009099 -3.843425 18.336611 9.350333 9.076587 -0.806263 -6.876944 2.755729 0.258711 -12.857874 -6.730568 -0.563469 18.294754 0.000000 0.000000 0.000000 -0.695517 0.726841 -7.706771 -2.732041 0.101743 -4.114776 -4.572405 -11.308479 12.679380 0.000000 0.000000 0.000000 0.500878 0.132404 -5.351316 -4.471313 2.159680 -7.928598 4.032834 6.248894 1.196859 6.631174 -0.646264 -19.599665 0.000000 0.000000 0.000000 -2.628989 8.493789 -3.557588 -63.497135 5.539215 -12.809127 -14.373997 -52.242897 5.993882 0.000000 0.000000 0.000000 -7.531648 11.432820 3.240401 20.294232 71.149914 14.124619 -34.328868 20.326073 -4.112140 0.000000 0.000000 0.000000 
-0.011415 0.957384 -0.010291 -3.744580 18.601246 9.182743 9.146707 -0.815938 -7.133023 2.478461 0.239630 -12.281490 -6.607674 -0.589069 17.832589 0.000000 0.000000 0.000000 -0.724196 0.729844 -7.792250 -2.593569 0.116640 -3.730303 -4.652669 -11.432989 12.596547 0.000000 0.000000 0.000000 0.685031 0.128941 -5.176446 -5.205470 2.425027 -8.089210 4.024837 6.622313 1.290371 7.304087 -0.849393 -20.252837 0.000000 0.000000 0.000000 -2.362602 7.918233 -3.290602 -63.660930 4.903557 -12.616693 -13.488348 -54.024452 5.644182 0.000000 0.000000 0.000000 -10.241477 11.847487 2.890148 9.308844 73.327830 7.585005 -28.266860 12.502047 -1.762595 0.000000 0.000000 0.000000 
-0.011738 0.957523 -0.011743 -3.781256 18.769183 8.948924 9.128942 -0.811398 -7.014003 2.402848 0.233226 -12.172022 -6.467778 -0.511482 17.527300 0.000000 0.000000 0.000000 -0.572818 0.703353 -7.350278 -2.579340 0.102808 -3.932429 -4.790988 -11.676998 13.071821 0.000000 0.000000 0.000000 0.867022 0.120978 -4.827260 -5.733370 2.613603 -8.333570 4.121042 6.725823 1.390813 7.380866 -0.843515 -20.405317 0.000000 0.000000 0.000000 -2.818735 7.594390 -3.352118 -63.042473 4.242876 -12.044916 -12.381231 -55.557211 5.167204 0.000000 0.000000 0.000000 -12.106340 12.472676 2.742685 -3.545548 73.273268 -1.166786 -21.510512 7.914182 -0.658197 0.000000 0.000000 0.000000 
-0.011989 0.957250 -0.013309 -3.664164 19.080569 8.875482 9.144842 -0.820683 -7.197561 2.236236 0.220123 -11.737560 -6.609947 -0.889118 17.151713 0.000000 0.000000 0.000000 -0.584452 0.713303 -7.510252 -2.541002 0.138544 -3.362511 -4.714822 -11.496819 12.626589 0.000000 0.000000 0.000000 0.855666 0.116628 -4.677395 -6.164274 2.766680 -8.241089 4.131913 6.870680 1.388968 7.625330 -0.898951 -20.659449 0.000000 0.000000 0.000000 -2.948741 7.152139 -3.262758 -62.863811 3.155058 -11.410730 -9.760489 -54.855841 3.672222 0.000000 0.000000 0.000000 -13.665258 12.699655 2.519787 -12.778090 72.782305 -7.249035 -16.681301 4.671038 -0.148120 0.000000 0.000000 0.000000 
-0.012212 0.957292 -0.014720 -3.600971 19.397236 8.662871 9.009354 -0.816141 -7.148177 2.339784 0.216502 -11.599957 -6.782838 -1.307379 16.783075 0.000000 0.000000 0.000000 -0.706199 0.687753 -7.291547 -2.463622 0.134751 -3.328407 -4.885508 -11.781621 12.879814 0.000000 0.000000 0.000000 0.824372 0.105331 -4.259062 -6.325239 2.825116 -8.396391 4.147272 6.873595 1.061017 7.306654 -0.831581 -19.965234 0.000000 0.000000 0.000000 -3.799475 6.599014 -3.381351 -61.839532 1.722576 -10.229444 -5.833575 -53.578923 1.551278 0.000000 0.000000 0.000000 -14.178591 12.983236 2.513027 -18.676414 72.143806 -11.076683 -13.309986 3.229220 0.003836 0.000000 0.000000 0.000000 
-0.012443 0.956928 -0.015843 -3.513254 19.830164 8.542650 8.958868 -0.820020 -7.157608 2.361363 0.211173 -11.573433 -6.846028 -1.423454 16.627110 0.000000 0.000000 0.000000 -0.681284 0.693083 -7.381064 -2.535868 0.184735 -2.689815 -4.904559 -11.776045 12.446178 0.000000 0.000000 0.000000 0.617824 0.103589 -4.205941 -6.326161 2.831579 -8.257381 3.870610 6.788038 0.795302 6.967102 -0.682822 -19.624405 0.000000 0.000000 0.000000 -3.989047 6.379129 -3.379308 -61.030987 0.258052 -9.221061 -2.613920 -52.144411 -0.110964 0.000000 0.000000 0.000000 -14.118398 13.285598 2.607069 -20.465589 71.243882 -12.038396 -12.543004 2.694254 0.049009 0.000000 0.000000 0.000000 
-0.012708 0.956562 -0.016645 -3.474400 19.984408 8.334392 8.861714 -0.807691 -6.853411 2.326137 0.207433 -11.546814 -6.933655 -1.574787 16.550850 0.000000 0.000000 0.000000 -0.857202 0.668104 -7.204059 -2.424280 0.184986 -2.503322 -4.969247 -11.880513 12.564917 0.000000 0.000000 0.000000 0.458473 0.103116 -4.178603 -6.317038 2.833084 -8.086639 3.790045 6.653585 0.422514 6.651672 -0.614234 -19.072227 0.000000 0.000000 0.000000 -4.442527 6.089151 -3.434219 -59.792443 -1.368718 -7.975846 1.617069 -50.388812 -2.101380 0.000000 0.000000 0.000000 -13.719260 13.339062 2.714274 -19.217068 70.624395 -11.149122 -12.653214 4.359413 -0.073688 0.000000 0.000000 0.000000 
-0.013133 0.956242 -0.017225 -3.571430 20.370892 8.184859 8.808068 -0.803473 -6.574911 2.462825 0.208703 -11.904959 -6.901568 -1.320177 16.782496 0.000000 0.000000 0.000000 -0.751524 0.661801 -7.065759 -2.462259 0.191802 -2.490217 -5.199098 -12.269088 12.819626 0.000000 0.000000 0.000000 0.080888 0.100549 -4.091937 -6.076906 2.755214 -7.991347 3.593606 6.397241 0.128033 6.440771 -0.577309 -18.631542 0.000000 0.000000 0.000000 -4.643989 6.099154 -3.505702 -58.548191 -2.648503 -7.005130 4.200418 -49.426330 -3.283750 0.000000 0.000000 0.000000 -12.810923 13.253374 2.863627 -15.882203 69.805323 -8.932658 -14.288674 7.302806 -0.342754 0.000000 0.000000 0.000000 
-0.013704 0.955939 -0.017646 -3.571661 20.587057 8.081027 8.624986 -0.789438 -6.261563 2.574814 0.210219 -12.152297 -6.801710 -1.130245 16.770151 0.000000 0.000000 0.000000 -0.928071 0.643654 -6.982941 -2.258073 0.162651 -2.622354 -5.250496 -12.331404 12.993965 0.000000 0.000000 0.000000 -0.194889 0.101420 -4.230086 -5.887295 2.692859 -7.914467 3.373106 6.337577 -0.031244 6.030092 -0.351430 -18.548140 0.000000 0.000000 0.000000 -4.614661 6.037547 -3.479390 -57.418333 -3.573326 -6.306280 7.192193 -50.276740 -4.870941 0.000000 0.000000 0.000000 -11.774206 13.317052 3.068536 -10.357490 69.101724 -5.416816 -16.491602 10.977100 -0.788414 0.000000 0.000000 0.000000 
-0.014321 0.955731 -0.018053 -3.534705 20.748641 8.170591 8.477691 -0.782114 -6.076406 2.720254 0.216096 -12.695276 -6.962952 -1.025641 17.325522 0.000000 0.000000 0.000000 -1.031791 0.647240 -7.128724 -2.130429 0.139871 -2.782248 -5.424882 -12.625911 13.282272 0.000000 0.000000 0.000000 -0.625535 0.100881 -4.406016 -5.774040 2.654835 -8.013732 3.342101 6.254462 -0.180304 5.570916 -0.157216 -18.179905 0.000000 0.000000 0.000000 -4.611876 6.243016 -3.547383 -55.397183 -4.433665 -5.507242 8.698203 -51.745836 -5.865424 0.000000 0.000000 0.000000 -11.113114 13.183367 3.154457 -4.761197 67.805460 -1.940501 -18.929928 15.356069 -1.451759 0.000000 0.000000 0.000000 
-0.014749 0.955763 -0.018618 -3.551411 21.156244 8.214380 8.441463 -0.789110 -6.121217 2.851818 0.214808 -12.763785 -7.070871 -0.948961 17.621102 0.000000 0.000000 0.000000 -0.902022 0.664475 -7.287100 -2.206997 0.148091 -2.812130 -5.692535 -13.089301 13.262246 0.000000 0.000000 0.000000 -0.975945 0.095965 -4.332124 -5.468371 2.553663 -8.335045 3.142442 5.920339 -0.193701 5.194497 0.007977 -17.932419 0.000000 0.000000 0.000000 -4.351391 6.455142 -3.524449 -54.415766 -5.125282 -5.048739 10.467113 -54.799235 -7.295468 0.000000 0.000000 0.000000 -10.024237 13.267222 3.383174 -0.863795 66.861723 0.256972 -20.864612 17.870791 -1.958192 0.000000 0.000000 0.000000 
-0.014916 0.955883 -0.019482 -3.730384 20.987157 8.071801 8.458775 -0.782103 -5.992761 2.900504 0.219003 -12.833818 -7.058616 -0.774840 17.935236 0.000000 0.000000 0.000000 -1.025070 0.660213 -7.328679 -1.868855 0.098897 -3.016032 -5.680126 -13.057120 13.662465 0.000000 0.000000 0.000000 -0.965160 0.096548 -4.312928 -5.456786 2.549790 -8.406786 3.337232 5.969689 -0.088991 4.714677 0.314448 -18.192288 0.000000 0.000000 0.000000 -4.303465 6.811376 -3.623726 -53.396011 -5.358065 -4.794011 11.430263 -58.644552 -8.525054 0.000000 0.000000 0.000000 -9.492815 13.430802 3.534561 2.302364 65.871489 1.977479 -22.800048 19.950522 -2.477623 0.000000 0.000000 0.000000 
-0.014818 0.955921 -0.020684 -3.935458 20.664029 8.044486 8.385641 -0.774462 -6.061491 3.168840 0.232853 -12.869050 -6.978566 -0.651043 18.025204 0.000000 0.000000 0.000000 -0.913570 0.675298 -7.411365 -1.903360 0.096734 -3.095564 -5.629391 -12.997544 13.741277 0.000000 0.000000 0.000000 -0.883687 0.100613 -4.525799 -5.524155 2.569423 -8.185192 3.735735 5.901792 -0.202732 3.869075 0.758708 -18.271887 0.000000 0.000000 0.000000 -3.975509 7.067431 -3.574305 -52.857060 -5.348277 -4.719760 14.469072 -63.303317 -11.253034 0.000000 0.000000 0.000000 -8.865927 13.627433 3.729491 4.803098 64.983914 3.168197 -25.122811 21.429860 -3.017706 0.000000 0.000000 0.000000 
-0.014553 0.956174 -0.022219 -4.035754 20.228567 7.972825 8.313670 -0.760583 -5.977647 3.345774 0.244865 -12.893565 -7.171654 -0.853193 18.304003 0.000000 0.000000 0.000000 -1.105484 0.676079 -7.562088 -1.591275 0.056097 -3.197596 -5.446090 -12.685446 14.079326 0.000000 0.000000 0.000000 -0.849184 0.104023 -4.628026 -5.659162 2.612735 -7.917046 4.127090 5.772803 -0.441458 2.862805 1.267287 -18.324529 0.000000 0.000000 0.000000 -3.908646 7.564075 -3.693020 -52.179687 -5.702005 -4.420649 17.587458 -67.593195 -14.259088 0.000000 0.000000 0.000000 -8.759539 13.769014 3.814924 7.198753 64.389446 4.337070 -26.914261 22.834163 -3.529930 0.000000 0.000000 0.000000 
-0.014358 0.956391 -0.023791 -4.104480 20.054155 7.666619 8.176606 -0.737856 -5.664747 3.569599 0.254041 -12.979861 -7.195515 -0.888882 18.333146 0.000000 0.000000 0.000000 -1.103438 0.671598 -7.508248 -1.652508 0.067914 -3.099425 -5.310878 -12.457919 13.971136 0.000000 0.000000 0.000000 -0.760114 0.105739 -4.728888 -5.795807 2.662254 -7.572213 4.707348 5.233545 -0.481269 1.627899 1.851439 -18.226045 0.000000 0.000000 0.000000 -4.223302 7.290605 -3.678103 -51.566564 -6.441325 -3.919301 25.944329 -70.802000 -20.996910 0.000000 0.000000 0.000000 -8.186801 14.299567 4.108587 10.226134 63.219183 5.582984 -29.346553 25.359358 -4.442311 0.000000 0.000000 0.000000 
-0.014261 0.956400 -0.025262 -4.210531 19.705887 7.519241 8.053216 -0.717047 -5.406058 4.083726 0.274962 -13.066531 -7.495014 -1.147795 18.753659 0.000000 0.000000 0.000000 -1.207280 0.653444 -7.321702 -1.542802 0.036905 -3.425794 -4.905922 -11.730839 14.211422 0.000000 0.000000 0.000000 -0.808516 0.107738 -4.808364 -5.724985 2.635404 -7.262820 5.061479 4.968538 -0.674081 0.488449 2.413284 -18.255420 0.000000 0.000000 0.000000 -3.932235 7.177385 -3.517272 -51.413338 -8.486697 -3.009326 40.298252 -72.079016 -32.315507 0.000000 0.000000 0.000000 -7.896274 14.445044 4.221665 14.666147 62.220721 7.708807 -31.824460 29.061784 -5.754286 0.000000 0.000000 0.000000 
-0.014376 0.956367 -0.026409 -4.267253 19.292340 7.269339 7.892756 -0.684297 -4.862650 4.544498 0.296823 -13.283866 -7.641261 -1.413450 18.768641 0.000000 0.000000 0.000000 -1.286011 0.636402 -7.144760 -1.459183 0.032945 -3.321075 -4.466919 -10.965808 13.847534 0.000000 0.000000 0.000000 -0.667497 0.112367 -5.033932 -5.622876 2.599749 -7.172105 5.467727 4.366842 -0.304316 -0.640109 2.997927 -18.824771 0.000000 0.000000 0.000000 -3.768406 6.279780 -3.130605 -50.668083 -11.408767 -1.685426 56.163078 -68.237882 -41.961803 0.000000 0.000000 0.000000 -7.471181 14.760599 4.403555 19.179805 61.150002 9.662855 -33.549844 34.711058 -7.603204 0.000000 0.000000 0.000000 
-0.014610 0.956049 -0.027341 -4.259908 18.918035 7.184766 7.693116 -0.660086 -4.627777 4.866678 0.311335 -13.334231 -7.739362 -1.348806 19.237988 0.000000 0.000000 0.000000 -1.183463 0.661916 -7.407715 -1.695705 0.071817 -3.052495 -4.104468 -10.320157 13.801371 0.000000 0.000000 0.000000 -0.862621 0.111044 -5.055684 -5.460883 2.540790 -7.163684 5.890227 3.772123 -0.019979 -2.095046 3.697637 -18.897075 0.000000 0.000000 0.000000 -3.395609 5.359857 -2.678466 -48.916342 -14.982113 -0.126631 65.734162 -61.659703 -44.210758 0.000000 0.000000 0.000000 -7.429566 15.246697 4.573503 22.912147 59.565892 11.006968 -35.303518 41.249425 -9.958334 0.000000 0.000000 0.000000 
-0.014893 0.955816 -0.028034 -4.135686 18.617572 7.078761 7.453356 -0.632814 -4.325067 5.036979 0.320853 -13.399673 -7.622512 -1.315962 19.063165 0.000000 0.000000 0.000000 -1.270324 0.656637 -7.403630 -1.746459 0.070114 -3.161220 -3.611428 -9.416697 13.536557 0.000000 0.000000 0.000000 -0.969076 0.111646 -5.258647 -5.251069 2.463384 -6.990241 6.251066 3.062423 0.115706 -3.491024 4.393682 -19.752731 0.000000 0.000000 0.000000 -2.881315 4.420880 -2.186674 -46.936344 -18.260354 1.180576 69.455213 -54.105413 -40.802195 0.000000 0.000000 0.000000 -7.558598 15.670277 4.695742 26.073399 58.626187 12.174144 -35.773098 47.034070 -11.906081 0.000000 0.000000 0.000000 
-0.015222 0.955413 -0.028544 -4.185858 18.025146 6.910477 7.435670 -0.608414 -3.868224 5.266274 0.336066 -13.473055 -7.578214 -1.318685 19.114769 0.000000 0.000000 0.000000 -0.992000 0.684089 -7.526522 -2.213172 0.131471 -2.911289 -3.171806 -8.638600 13.160786 0.000000 0.000000 0.000000 -0.913642 0.114687 -5.214271 -5.153789 2.426886 -7.169701 6.620354 2.819787 0.455367 -4.375662 4.805333 -19.788839 0.000000 0.000000 0.000000 -2.448047 3.218033 -1.655331 -44.212408 -20.936564 2.070700 70.886877 -46.828279 -35.997182 0.000000 0.000000 0.000000 -7.783406 16.018564 4.769753 27.935336 58.002884 12.805219 -35.749872 51.702703 -13.383814 0.000000 0.000000 0.000000 
-0.015578 0.955245 -0.028808 -4.126482 17.564699 6.735550 7.126112 -0.568088 -3.332948 5.344367 0.341943 -13.449733 -7.241027 -1.187564 18.566729 0.000000 0.000000 0.000000 -1.063455 0.673202 -7.425868 -2.433537 0.146496 -3.005827 -2.525073 -7.450932 13.077099 0.000000 0.000000 0.000000 -0.927301 0.115294 -5.085097 -4.836967 2.311709 -7.441912 6.689065 2.497176 1.048360 -4.949793 5.115300 -21.162039 0.000000 0.000000 0.000000 -1.966202 2.463099 -1.274276 -41.986972 -23.198961 2.660239 71.609600 -41.217272 -32.013076 0.000000 0.000000 0.000000 -8.316611 16.223942 4.740031 29.559214 58.063761 13.583369 -36.139042 54.918407 -14.664726 0.000000 0.000000 0.000000 
-0.015997 0.954928 -0.028850 -4.219330 16.709209 6.488748 6.964116 -0.527932 -2.706947 5.525000 0.354582 -13.415983 -6.725917 -0.774931 18.160481 0.000000 0.000000 0.000000 -0.879341 0.678262 -7.311053 -2.459422 0.137758 -3.126269 -2.070944 -6.687511 12.926518 0.000000 0.000000 0.000000 -0.754194 0.121137 -4.993048 -4.810796 2.296763 -7.489834 6.957437 2.718008 1.397052 -5.306617 5.277825 -21.128582 0.000000 0.000000 0.000000 -1.273810 1.829015 -0.898987 -39.352554 -24.406985 2.792381 71.796846 -36.893518 -28.838889 0.000000 0.000000 0.000000 -8.398744 16.413230 4.783429 30.581971 57.928004 13.999224 -36.653119 57.648795 -15.879991 0.000000 0.000000 0.000000 
-0.016417 0.954509 -0.028601 -4.191080 16.179928 6.295302 6.831749 -0.498988 -2.248318 5.565631 0.353868 -13.237028 -6.597438 -0.987900 17.564707 0.000000 0.000000 0.000000 -0.892002 0.653398 -6.979032 -2.507865 0.129838 -3.287481 -1.516227 -5.711179 13.033498 0.000000 0.000000 0.000000 -0.615919 0.124597 -4.885930 -4.653974 2.234800 -7.370731 6.842380 2.737094 1.566572 -5.700616 5.469219 -21.803587 0.000000 0.000000 0.000000 -0.557072 1.812923 -0.727293 -37.347824 -25.284413 2.823079 71.796054 -34.546109 -27.042678 0.000000 0.000000 0.000000 -8.458683 16.391960 4.769834 31.683496 58.373661 14.709638 -37.803593 59.166887 -17.099196 0.000000 0.000000 0.000000 
-0.016954 0.954388 -0.028114 -4.204295 15.760981 6.119567 6.742260 -0.477132 -1.912304 5.542853 0.354409 -13.165133 -6.196004 -0.562572 17.343394 0.000000 0.000000 0.000000 -0.967685 0.639413 -6.844454 -2.352281 0.110344 -3.330841 -1.361478 -5.463837 12.928507 0.000000 0.000000 0.000000 -0.634918 0.127339 -4.986664 -4.422449 2.145169 -7.206094 6.853874 2.771450 1.576655 -5.810655 5.497263 -21.304750 0.000000 0.000000 0.000000 -0.045950 1.612265 -0.548740 -36.173930 -25.441660 2.735095 72.405884 -33.770540 -26.713207 0.000000 0.000000 0.000000 -8.233531 16.336139 4.793201 32.559289 58.650024 15.235476 -39.349905 60.467648 -18.523216 0.000000 0.000000 0.000000 
-0.017361 0.954182 -0.027534 -4.283572 15.572913 6.011908 6.688565 -0.464520 -1.680962 5.717016 0.346415 -12.874014 -6.038937 -0.618770 16.840015 0.000000 0.000000 0.000000 -0.934956 0.630493 -6.702036 -2.495154 0.122584 -3.341320 -1.048780 -4.872781 12.825086 0.000000 0.000000 0.000000 -0.571368 0.129839 -4.997860 -4.292852 2.092308 -6.920648 6.718457 2.750654 1.607926 -5.548604 5.359257 -21.429199 0.000000 0.000000 0.000000 0.449973 1.902305 -0.529889 -35.540645 -25.167111 2.576985 73.300935 -34.040222 -27.317651 0.000000 0.000000 0.000000 -7.846853 15.619916 4.634264 34.384391 58.801179 16.259544 -42.661807 61.863498 -21.074356 0.000000 0.000000 0.000000 
-0.017647 0.954146 -0.026939 -4.261109 15.175800 5.805565 6.539625 -0.437986 -1.317322 5.885647 0.346563 -12.756646 -5.768487 -0.264762 16.833291 0.000000 0.000000 0.000000 -1.180762 0.599811 -6.468837 -2.254921 0.096160 -3.371292 -0.765109 -4.357101 12.649788 0.000000 0.000000 0.000000 -0.477574 0.132836 -4.993608 -4.251429 2.072702 -6.729501 6.763694 2.893631 1.753845 -5.339187 5.246667 -21.170836 0.000000 0.000000 0.000000 0.947947 2.176292 -0.505264 -35.586427 -24.693438 2.419960 74.071943 -34.856161 -28.282191 0.000000 0.000000 0.000000 -7.476016 15.130760 4.535755 36.710642 58.456584 17.342698 -45.173114 63.308564 -23.267005 0.000000 0.000000 0.000000 
-0.017623 0.953848 -0.026470 -4.196327 15.094770 5.636436 6.400193 -0.417564 -1.003539 6.014533 0.346913 -12.730578 -5.324426 0.322787 16.676720 0.000000 0.000000 0.000000 -1.196086 0.583511 -6.283009 -2.379086 0.107862 -3.373938 -0.571345 -3.969477 12.515967 0.000000 0.000000 0.000000 -0.464805 0.131982 -4.929022 -4.155315 2.036574 -6.675225 6.706106 2.697715 2.122231 -4.922001 5.029947 -21.121760 0.000000 0.000000 0.000000 1.410875 2.765759 -0.586045 -36.059218 -23.739361 2.163914 74.949454 -36.033542 -29.559966 0.000000 0.000000 0.000000 -7.143861 14.126973 4.262995 39.752808 57.869557 18.667342 -48.231323 65.365588 -26.228398 0.000000 0.000000 0.000000 
-0.017309 0.953719 -0.026167 -4.129739 14.953816 5.671072 6.200483 -0.397194 -0.765462 6.176276 0.358218 -12.888361 -5.108477 0.787621 16.988669 0.000000 0.000000 0.000000 -1.503985 0.562704 -6.200748 -2.344472 0.094334 -3.524282 -0.384700 -3.651171 12.648023 0.000000 0.000000 0.000000 -0.338591 0.135540 -4.974416 -4.186877 2.043514 -6.401954 6.862387 2.557868 2.126851 -5.172901 5.133835 -21.237514 0.000000 0.000000 0.000000 1.354342 3.371247 -0.786267 -36.745151 -22.624579 1.914785 75.081690 -37.736395 -30.806487 0.000000 0.000000 0.000000 -6.832702 13.208509 4.021791 42.815160 56.508297 19.587784 -50.659480 68.497301 -29.569283 0.000000 0.000000 0.000000 
-0.016885 0.953434 -0.026077 -4.023167 15.264984 5.848899 6.036750 -0.395466 -0.866425 6.261032 0.354730 -12.845630 -4.854344 1.073514 16.692948 0.000000 0.000000 0.000000 -1.746163 0.557665 -6.299015 -2.318159 0.096240 -3.474207 -0.398736 -3.590488 12.428991 0.000000 0.000000 0.000000 -0.445660 0.134109 -5.082752 -4.073242 2.001221 -6.383144 7.038028 2.145179 2.360756 -5.437358 5.254034 -21.347235 0.000000 0.000000 0.000000 1.592759 4.101458 -0.960382 -37.678134 -21.823611 1.724286 75.441505 -39.164689 -31.992734 0.000000 0.000000 0.000000 -6.330805 12.210947 3.769422 45.362683 54.758515 19.933167 -53.787242 71.383530 -33.515410 0.000000 0.000000 0.000000 
-0.016410 0.953758 -0.026214 -4.118675 15.390858 5.967091 5.893241 -0.390328 -0.899786 6.444805 0.349158 -12.714698 -4.947612 0.980699 16.735640 0.000000 0.000000 0.000000 -1.798354 0.573251 -6.548979 -2.487656 0.121937 -3.333575 -0.357278 -3.482553 12.421657 0.000000 0.000000 0.000000 -0.426577 0.134869 -5.148546 -3.708082 1.859401 -6.306118 7.044516 1.962737 2.507734 -5.558846 5.322174 -22.060512 0.000000 0.000000 0.000000 1.825515 4.479051 -1.024863 -38.148823 -21.444698 1.617767 75.048489 -39.262201 -31.805657 0.000000 0.000000 0.000000 -5.850504 10.990577 3.433956 47.553281 52.897953 20.019901 -57.608201 74.130147 -38.182122 0.000000 0.000000 0.000000 
-0.016091 0.954200 -0.026442 -4.158573 15.602522 5.997220 5.835332 -0.390230 -0.926925 6.578414 0.357117 -12.877893 -4.744171 1.317888 16.725461 0.000000 0.000000 0.000000 -1.898972 0.577320 -6.697371 -2.400373 0.114502 -3.333262 -0.197905 -3.139984 12.428647 0.000000 0.000000 0.000000 -0.493453 0.134220 -5.252527 -3.508341 1.782468 -6.217259 7.286539 1.466469 2.778602 -5.986416 5.511803 -22.611547 0.000000 0.000000 0.000000 2.025657 4.740460 -1.071050 -38.099625 -21.349413 1.570153 74.814543 -38.047585 -30.570033 0.000000 0.000000 0.000000 -5.579358 10.717424 3.378985 47.914824 51.343919 19.213919 -61.883972 74.218759 -41.737706 0.000000 0.000000 0.000000 
-0.015995 0.954851 -0.026787 -4.194184 15.760406 6.290482 5.829185 -0.394204 -0.891400 6.646513 0.382529 -13.371501 -4.811000 1.409271 17.070953 0.000000 0.000000 0.000000 -1.911663 0.596218 -6.967800 -2.398400 0.098927 -3.580966 -0.168456 -3.071974 12.517321 0.000000 0.000000 0.000000 -0.617949 0.133694 -5.470621 -3.256361 1.684691 -6.237964 7.329534 1.320310 2.779027 -6.294778 5.659459 -22.971607 0.000000 0.000000 0.000000 2.570264 4.552286 -0.896193 -37.356555 -21.779458 1.631952 74.184762 -34.997704 -27.934144 0.000000 0.000000 0.000000 -5.372095 10.314599 3.270919 47.502126 50.728492 18.646899 -62.541178 72.179952 -40.725266 0.000000 0.000000 0.000000 
-0.016230 0.955394 -0.027186 -4.184033 15.848513 6.440179 5.942596 -0.404953 -0.908054 6.548358 0.399958 -13.771252 -4.772375 1.586817 17.302565 0.000000 0.000000 0.000000 -1.803699 0.616188 -7.162407 -2.550443 0.103482 -3.733265 0.104154 -2.570244 12.740445 0.000000 0.000000 0.000000 -0.763558 0.129455 -5.383412 -2.974446 1.585037 -6.604415 7.459551 1.020196 2.866474 -6.920221 5.944171 -23.410611 0.000000 0.000000 0.000000 2.922917 4.540686 -0.825207 -36.076032 -22.899349 1.843912 73.990729 -31.306846 -24.999390 0.000000 0.000000 0.000000 -6.062305 10.621278 3.304429 45.414327 51.306542 17.912519 -61.427121 67.129069 -36.370370 0.000000 0.000000 0.000000 
-0.016630 0.955896 -0.027646 -4.110783 15.951889 6.497886 5.902031 -0.406434 -1.007296 6.472296 0.403024 -13.895958 -4.768518 1.637852 17.361928 0.000000 0.000000 0.000000 -1.688462 0.618232 -7.106717 -2.850571 0.123386 -3.853838 0.138869 -2.499041 12.814578 0.000000 0.000000 0.000000 -0.854889 0.126837 -5.395848 -3.129830 1.645586 -6.589693 7.665262 0.804907 2.766586 -7.383565 6.144049 -23.716832 0.000000 0.000000 0.000000 3.260458 4.243073 -0.673686 -35.073247 -24.120172 2.096207 75.429653 -27.223249 -22.498836 0.000000 0.000000 0.000000 -6.813539 11.175308 3.407882 42.952204 52.467273 17.278779 -60.749890 61.572303 -32.255231 0.000000 0.000000 0.000000 
-0.017016 0.956182 -0.028091 -4.014877 16.231437 6.444081 5.851742 -0.399875 -0.810596 6.307919 0.411269 -14.262137 -4.918241 1.593904 17.643248 0.000000 0.000000 0.000000 -1.585771 0.603224 -6.841835 -3.199187 0.129901 -4.218041 0.379694 -2.074648 13.227698 0.000000 0.000000 0.000000 -0.976371 0.120940 -5.224148 -3.150776 1.658804 -6.648436 7.701666 0.926120 2.550592 -7.818610 6.372912 -23.690799 0.000000 0.000000 0.000000 3.214444 3.826188 -0.551230 -34.215648 -25.813540 2.455473 76.940793 -23.857163 -20.639083 0.000000 0.000000 0.000000 -7.463193 11.812144 3.528107 40.211104 53.062803 16.306560 -60.577603 57.275449 -29.322777 0.000000 0.000000 0.000000 
-0.017302 0.956299 -0.028504 -3.886610 16.375627 6.519328 5.733866 -0.396759 -0.918088 6.156936 0.411314 -14.407351 -4.916979 1.643662 17.695304 0.000000 0.000000 0.000000 -1.464465 0.610233 -6.857284 -3.447076 0.132649 -4.474083 0.488799 -1.852661 13.281878 0.000000 0.000000 0.000000 -1.011802 0.117692 -5.062183 -3.284731 1.714642 -6.785778 7.655913 1.045124 2.427174 -7.921388 6.439794 -23.513161 0.000000 0.000000 0.000000 3.152431 3.814192 -0.551927 -34.001757 -27.396835 2.831298 78.893176 -21.525109 -19.600411 0.000000 0.000000 0.000000 -8.130930 12.137680 3.546532 38.465830 53.742244 15.843078 -61.187463 54.743972 -28.042248 0.000000 0.000000 0.000000 
-0.017424 0.956118 -0.028869 -3.807569 16.298665 6.414250 5.724364 -0.388344 -0.738120 6.099434 0.424889 -14.773150 -5.100463 1.480933 17.942219 0.000000 0.000000 0.000000 -1.467769 0.599330 -6.720922 -3.539749 0.113154 -4.820664 0.871690 -1.208464 13.626098 0.000000 0.000000 0.000000 -0.820201 0.119992 -4.978066 -3.498550 1.802146 -7.062375 7.534721 1.115457 2.466902 -8.115790 6.535256 -23.911185 0.000000 0.000000 0.000000 2.917407 3.377214 -0.472502 -34.148024 -27.887121 2.976120 80.802300 -20.099251 -19.123897 0.000000 0.000000 0.000000 -8.165964 12.732526 3.716945 37.257839 53.487611 15.138848 -62.591522 54.761900 -28.834144 0.000000 0.000000 0.000000 
-0.017623 0.955707 -0.029199 -3.713038 16.140241 6.421834 5.606305 -0.375752 -0.668495 6.209574 0.432100 -14.803512 -5.144104 1.393645 17.944538 0.000000 0.000000 0.000000 -1.381100 0.613021 -6.838592 -3.584784 0.121797 -4.745572 0.821510 -1.304756 13.513019 0.000000 0.000000 0.000000 -0.832694 0.119180 -4.891124 -3.530095 1.819601 -7.439457 7.603884 1.220957 2.675514 -8.226071 6.597777 -23.946606 0.000000 0.000000 0.000000 2.517933 3.416616 -0.569300 -33.949463 -28.473092 3.093839 81.858289 -19.325542 -18.819110 0.000000 0.000000 0.000000 -8.118149 12.739163 3.719754 36.418745 53.307201 14.646671 -65.219975 56.715757 -31.689313 0.000000 0.000000 0.000000 
-0.018053 0.955500 -0.029586 -3.619077 16.142565 6.354552 5.553309 -0.368989 -0.597301 6.219950 0.431270 -14.788555 -5.220557 1.266130 17.906362 0.000000 0.000000 0.000000 -1.475617 0.612660 -6.917561 -3.445653 0.111297 -4.737856 0.775887 -1.380485 13.462126 0.000000 0.000000 0.000000 -0.734993 0.120445 -4.895471 -3.424093 1.782869 -7.550574 7.538646 1.119331 2.719486 -8.330831 6.639995 -24.119467 0.000000 0.000000 0.000000 2.236889 3.150833 -0.552347 -33.974149 -28.897081 3.214826 82.853115 -18.558575 -18.450855 0.000000 0.000000 0.000000 -8.110533 13.209115 3.864318 35.098006 53.300282 13.982291 -67.737158 58.296399 -34.439085 0.000000 0.000000 0.000000 
-0.018791 0.955181 -0.030011 -3.555450 16.140770 6.176145 5.639340 -0.366870 -0.403684 6.164798 0.413121 -14.406476 -5.248841 1.030225 17.510228 0.000000 0.000000 0.000000 -1.457887 0.614042 -6.943181 -3.322595 0.120226 -4.491856 0.730733 -1.405380 13.171272 0.000000 0.000000 0.000000 -0.636353 0.121752 -4.909833 -3.365480 1.763997 -7.623208 7.435149 0.974933 2.754025 -8.322248 6.629178 -24.053501 0.000000 0.000000 0.000000 2.044057 2.600537 -0.431348 -33.425533 -29.338467 3.259268 83.195171 -17.997429 -18.019769 0.000000 0.000000 0.000000 -7.784415 13.674737 4.048738 34.413224 53.726132 13.770616 -70.268441 60.052658 -37.502271 0.000000 0.000000 0.000000 
-0.019683 0.955025 -0.030455 -3.557773 16.095999 6.081032 5.563922 -0.354068 -0.198497 6.334840 0.417941 -14.405561 -5.362116 0.866324 17.528536 0.000000 0.000000 0.000000 -1.591835 0.606793 -6.952782 -2.995082 0.099172 -4.398300 0.593531 -1.646125 13.016369 0.000000 0.000000 0.000000 -0.524974 0.125406 -5.017003 -3.318880 1.743001 -7.441439 7.389803 1.072879 2.406042 -8.409685 6.664496 -23.850530 0.000000 0.000000 0.000000 1.835753 1.825321 -0.237999 -32.617015 -29.714642 3.272263 82.918835 -17.183624 -17.275364 0.000000 0.000000 0.000000 -7.532304 14.280952 4.273396 33.443840 54.263306 13.519914 -71.452527 61.299647 -39.351626 0.000000 0.000000 0.000000 
-0.020457 0.954752 -0.030894 -3.535444 16.201746 5.913202 5.724164 -0.361396 -0.070017 6.238546 0.406765 -14.253702 -5.270972 0.938101 17.368319 0.000000 0.000000 0.000000 -1.459867 0.610472 -6.923265 -3.119746 0.131362 -4.116780 0.544809 -1.707501 12.942800 0.000000 0.000000 0.000000 -0.469590 0.125345 -5.000003 -3.250010 1.723650 -7.619820 7.374490 0.854541 2.307527 -8.670821 6.785249 -23.326099 0.000000 0.000000 0.000000 1.497261 1.331820 -0.157460 -31.988139 -29.861369 3.242059 82.439534 -17.282262 -17.137654 0.000000 0.000000 0.000000 -7.347257 15.047827 4.539902 32.497563 55.446478 13.461589 -70.911340 61.207460 -39.039360 0.000000 0.000000 0.000000 
-0.020997 0.954744 -0.031375 -3.475826 16.015089 5.749061 5.636926 -0.344927 0.147278 6.341567 0.406055 -14.135473 -5.309579 0.877090 17.412005 0.000000 0.000000 0.000000 -1.592901 0.599640 -6.881130 -2.943548 0.129427 -3.913565 0.413565 -2.002624 12.997196 0.000000 0.000000 0.000000 -0.453364 0.128349 -5.136552 -3.191948 1.700629 -7.601348 7.414459 0.975011 1.927611 -8.516767 6.704774 -22.768648 0.000000 0.000000 0.000000 1.204948 0.725500 -0.026953 -31.584136 -29.660161 3.180687 81.615556 -17.428808 -17.011326 0.000000 0.000000 0.000000 -7.301182 15.734139 4.766641 32.030630 56.445509 13.612774 -70.440320 61.321267 -38.898510 0.000000 0.000000 0.000000 
-0.021276 0.954598 -0.031834 -3.425908 16.011557 5.565565 5.613491 -0.336670 0.319374 6.241603 0.398396 -14.033833 -5.308927 0.862377 17.380318 0.000000 0.000000 0.000000 -1.707353 0.587755 -6.820537 -2.983521 0.154351 -3.614621 0.467237 -1.906130 13.020887 0.000000 0.000000 0.000000 -0.495516 0.128262 -5.176280 -3.138813 1.676922 -7.365191 7.520761 0.839816 1.536266 -8.440886 6.644527 -22.302249 0.000000 0.000000 0.000000 0.923066 0.416162 0.014992 -31.344862 -29.283899 3.109576 80.454695 -17.641403 -16.766109 0.000000 0.000000 0.000000 -7.394674 16.558362 5.020419 30.557566 57.638207 13.269714 -71.198413 60.234818 -38.746665 0.000000 0.000000 0.000000 
-0.021498 0.954698 -0.032312 -3.379778 16.030504 5.444821 5.459720 -0.320276 0.454914 6.227615 0.398010 -14.055078 -5.020716 1.305442 17.396821 0.000000 0.000000 0.000000 -1.749475 0.582583 -6.798100 -3.017308 0.170781 -3.429922 0.344301 -2.128586 12.969030 0.000000 0.000000 0.000000 -0.555542 0.127743 -5.267916 -3.150982 1.680840 -7.264875 7.555434 0.835820 1.230210 -8.214928 6.532894 -21.473858 0.000000 0.000000 0.000000 0.615131 0.239860 0.013580 -31.396871 -28.756765 3.038092 79.864430 -18.171916 -17.025627 0.000000 0.000000 0.000000 -7.430238 16.901796 5.127299 29.968389 58.874028 13.417067 -72.701423 59.719649 -39.466276 0.000000 0.000000 0.000000 
-0.021750 0.954522 -0.032748 -3.394084 16.146390 5.428498 5.505572 -0.322806 0.544348 6.073611 0.398136 -14.189327 -4.999843 1.314946 17.324468 0.000000 0.000000 0.000000 -1.772573 0.592332 -6.965383 -2.943132 0.179636 -3.207085 0.237419 -2.304888 12.909311 0.000000 0.000000 0.000000 -0.543513 0.130904 -5.546012 -3.038394 1.627973 -6.777309 7.374143 0.673977 0.670838 -7.997331 6.398991 -20.701624 0.000000 0.000000 0.000000 0.806615 -0.043662 0.137223 -31.368634 -27.816993 2.864383 78.415850 -17.936203 -16.400281 0.000000 0.000000 0.000000 -7.411832 17.186462 5.233506 29.423284 59.869966 13.481443 -75.249636 58.950525 -40.735954 0.000000 0.000000 0.000000 
-0.022147 0.954509 -0.033196 -3.374602 16.333418 5.382575 5.561725 -0.329800 0.519315 5.840472 0.390659 -14.224825 -4.816030 1.680732 17.463137 0.000000 0.000000 0.000000 -1.893227 0.599958 -7.204375 -2.968829 0.213624 -2.755924 0.239883 -2.289932 13.000191 0.000000 0.000000 0.000000 -0.721167 0.125802 -5.576573 -2.960826 1.596711 -6.627769 7.344929 0.474393 0.431094 -7.747573 6.258391 -20.215233 0.000000 0.000000 0.000000 1.019200 -0.003831 0.162744 -31.544189 -27.211854 2.764762 77.174002 -18.482242 -16.439107 0.000000 0.000000 0.000000 -7.608903 16.933022 5.131679 30.176124 60.901465 14.278796 -76.957149 58.966576 -42.029556 0.000000 0.000000 0.000000 
-0.022789 0.954826 -0.033722 -3.481790 16.608649 5.192478 5.659478 -0.337983 0.552320 5.834318 0.376793 -13.991943 -4.894315 1.542180 17.320941 0.000000 0.000000 0.000000 -1.691068 0.602829 -7.102537 -3.057495 0.233078 -2.625672 0.314815 -2.090989 12.936113 0.000000 0.000000 0.000000 -0.964215 0.117260 -5.566720 -2.781614 1.529143 -6.520784 7.206915 0.198826 0.297824 -7.603701 6.176650 -19.800908 0.000000 0.000000 0.000000 1.318466 0.128615 0.174940 -31.674593 -26.669685 2.659708 76.090209 -19.095253 -16.573263 0.000000 0.000000 0.000000 -7.222903 16.766721 5.138805 30.622734 61.166045 14.589774 -77.449380 59.245111 -42.671234 0.000000 0.000000 0.000000 
-0.023623 0.955055 -0.034317 -3.614286 16.922621 5.092933 5.897827 -0.363860 0.397001 5.684816 0.362592 -13.834152 -4.748942 1.733518 17.175143 0.000000 0.000000 0.000000 -1.591620 0.621632 -7.313513 -3.004360 0.242693 -2.422889 0.639253 -1.436141 13.018014 0.000000 0.000000 0.000000 -1.260875 0.106733 -5.517390 -2.642438 1.472739 -6.311202 7.156930 -0.098438 0.254978 -7.229168 5.974629 -19.557498 0.000000 0.000000 0.000000 1.581337 0.519958 0.101574 -31.443514 -26.071665 2.492827 75.374192 -19.682433 -16.771422 0.000000 0.000000 0.000000 -7.448024 16.166810 4.921950 31.587648 61.161226 15.126667 -78.900980 59.649699 -44.086657 0.000000 0.000000 0.000000 
-0.024600 0.955470 -0.034992 -3.744418 17.255492 5.033621 6.010064 -0.378827 0.309122 5.681174 0.354667 -13.748152 -4.837688 1.673893 17.214076 0.000000 0.000000 0.000000 -1.531946 0.625918 -7.347561 -2.941139 0.232476 -2.503557 0.765258 -1.148745 13.038656 0.000000 0.000000 0.000000 -1.609954 0.094491 -5.463318 -2.569154 1.446854 -6.266837 7.031132 -0.412784 0.233088 -7.024024 5.860797 -19.217750 0.000000 0.000000 0.000000 1.984242 0.927844 0.050114 -31.297708 -25.952734 2.440270 74.890178 -20.497965 -17.207336 0.000000 0.000000 0.000000 -7.464025 15.629791 4.755754 31.846234 60.482129 14.988554 -78.966938 60.620883 -44.982138 0.000000 0.000000 0.000000 
-0.025513 0.955513 -0.035789 -3.909940 17.629157 5.004579 6.287654 -0.407297 0.264096 5.600769 0.346966 -13.725655 -4.802208 1.766343 17.188045 0.000000 0.000000 0.000000 -1.358740 0.646316 -7.501670 -2.924755 0.226656 -2.594445 0.947229 -0.765789 13.141582 0.000000 0.000000 0.000000 -1.842648 0.085787 -5.358562 -2.493544 1.429514 -6.493182 6.781540 -0.780535 0.490413 -6.703898 5.696633 -18.922368 0.000000 0.000000 0.000000 2.571011 1.429766 0.006521 -31.214276 -25.819484 2.364314 74.410927 -21.182399 -17.555429 0.000000 0.000000 0.000000 -7.581499 14.911144 4.516281 31.821314 59.635745 14.631783 -78.268666 61.300992 -45.010504 0.000000 0.000000 0.000000 
-0.026271 0.955686 -0.036758 -4.002513 17.796200 4.915324 6.378923 -0.418239 0.160673 5.644584 0.341370 -13.601957 -4.877232 1.792357 17.409244 0.000000 0.000000 0.000000 -1.398584 0.652099 -7.639759 -2.812314 0.222754 -2.483491 0.948790 -0.750207 13.187209 0.000000 0.000000 0.000000 -1.921558 0.082753 -5.007010 -2.501245 1.446383 -6.829943 6.504267 -0.867974 0.763528 -6.421678 5.567087 -18.999277 0.000000 0.000000 0.000000 2.769472 1.860070 -0.080026 -31.187963 -25.735214 2.313728 74.103040 -22.007046 -18.108544 0.000000 0.000000 0.000000 -7.858452 14.245852 4.272023 31.206426 58.283717 13.822037 -77.388699 62.313921 -45.110245 0.000000 0.000000 0.000000 
-0.026862 0.955519 -0.037928 -4.039709 18.071991 4.822338 6.361873 -0.421443 0.067282 5.592576 0.331949 -13.476074 -4.920257 1.743659 17.350605 0.000000 0.000000 0.000000 -1.355362 0.663418 -7.789516 -2.826090 0.231723 -2.387870 0.948548 -0.688908 13.083339 0.000000 0.000000 0.000000 -1.929672 0.080902 -4.667127 -2.506717 1.458609 -7.022647 6.132855 -1.100438 1.095073 -6.162891 5.444467 -18.983060 0.000000 0.000000 0.000000 3.041374 2.224059 -0.134486 -31.169353 -25.763816 2.283538 74.178539 -22.490604 -18.504917 0.000000 0.000000 0.000000 -7.930997 13.633849 4.071317 30.245351 57.108710 12.889774 -76.130315 62.731960 -44.432903 0.000000 0.000000 0.000000 
-0.027398 0.955534 -0.039153 -4.094304 18.109874 4.826058 6.376326 -0.425693 -0.058441 5.586035 0.329017 -13.402703 -4.910294 1.809857 17.442833 0.000000 0.000000 0.000000 -1.348421 0.673257 -7.926215 -2.829310 0.226217 -2.481065 1.080050 -0.418221 13.015695 0.000000 0.000000 0.000000 -1.856783 0.082533 -4.450653 -2.481704 1.451949 -7.111875 5.819618 -1.221185 1.356069 -5.999404 5.369580 -19.349717 0.000000 0.000000 0.000000 3.217215 2.508193 -0.183883 -31.229115 -25.461305 2.200190 74.168412 -23.230474 -19.041191 0.000000 0.000000 0.000000 -8.252723 13.150704 3.887078 29.451058 55.874728 12.065338 -75.891697 63.279652 -44.642667 0.000000 0.000000 0.000000 
-0.027941 0.955409 -0.040180 -4.130258 18.478878 4.834532 6.391178 -0.434282 -0.167162 5.445929 0.320445 -13.390876 -5.134682 1.547418 17.458715 0.000000 0.000000 0.000000 -1.126185 0.695862 -8.058920 -2.970582 0.245783 -2.442213 0.977823 -0.463851 12.587233 0.000000 0.000000 0.000000 -1.770282 0.082049 -4.248930 -2.440287 1.442783 -7.171088 5.424741 -1.526338 1.589527 -5.866311 5.305582 -19.226770 0.000000 0.000000 0.000000 3.166652 2.701150 -0.250532 -31.218815 -25.485865 2.188456 74.486320 -23.895595 -19.638803 0.000000 0.000000 0.000000 -7.808319 12.646985 3.781052 28.410352 54.699753 11.134454 -76.001088 64.119096 -45.374087 0.000000 0.000000 0.000000 
-0.028526 0.955468 -0.040989 -4.163590 18.462430 4.847631 6.326077 -0.431963 -0.308627 5.486510 0.317750 -13.269853 -5.128730 1.534497 17.415409 0.000000 0.000000 0.000000 -1.040804 0.707654 -8.134629 -2.929181 0.248962 -2.322966 0.934591 -0.463469 12.174874 0.000000 0.000000 0.000000 -1.627112 0.084296 -4.021659 -2.410223 1.431714 -7.212983 5.186159 -1.575915 1.856170 -5.968435 5.375296 -19.608795 0.000000 0.000000 0.000000 3.127580 3.011170 -0.348543 -31.124002 -25.572372 2.181302 74.782091 -24.871309 -20.461491 0.000000 0.000000 0.000000 -7.831235 12.234707 3.649722 28.054057 53.653400 10.621607 -77.294109 64.893377 -46.944201 0.000000 0.000000 0.000000 
-0.029258 0.955582 -0.041595 -4.146394 18.605895 4.753374 6.256822 -0.428747 -0.378013 5.576679 0.305823 -12.930797 -5.370262 1.090201 17.183771 0.000000 0.000000 0.000000 -0.938910 0.707585 -8.049621 -2.926980 0.254317 -2.251360 0.800115 -0.649661 11.911070 0.000000 0.000000 0.000000 -1.488548 0.083450 -3.724564 -2.270395 1.387295 -7.386830 4.806801 -1.604458 2.135033 -5.857118 5.344748 -19.911127 0.000000 0.000000 0.000000 3.330968 3.047639 -0.313296 -31.214267 -25.845375 2.221546 75.210423 -25.637114 -21.261285 0.000000 0.000000 0.000000 -7.672303 12.035447 3.595449 27.566362 52.863772 10.160824 -77.844410 65.109193 -47.450280 0.000000 0.000000 0.000000 
-0.030246 0.955781 -0.042129 -4.127433 18.556927 4.672560 6.171205 -0.422043 -0.455134 5.639672 0.298261 -12.674842 -5.326342 1.113171 17.108024 0.000000 0.000000 0.000000 -0.875627 0.724059 -8.219654 -2.928100 0.282883 -1.797044 0.805813 -0.572165 11.546142 0.000000 0.000000 0.000000 -1.470547 0.080916 -3.414409 -2.175269 1.356590 -7.548301 4.558680 -1.470847 2.351219 -5.879320 5.381837 -20.074389 0.000000 0.000000 0.000000 3.603962 2.991619 -0.235835 -31.261448 -26.271125 2.294611 76.314939 -26.207989 -22.202788 0.000000 0.000000 0.000000 -7.740274 11.956084 3.553193 26.751887 52.484548 9.700979 -77.234498 64.479796 -46.327272 0.000000 0.000000 0.000000 
-0.031470 0.955935 -0.042590 -4.069727 18.732903 4.492674 6.205666 -0.426951 -0.571329 5.607405 0.283342 -12.340758 -5.493407 0.738651 16.809749 0.000000 0.000000 0.000000 -0.858955 0.717649 -8.140377 -2.931528 0.294444 -1.632928 0.743613 -0.609382 11.231582 0.000000 0.000000 0.000000 -1.311855 0.076216 -2.951549 -2.224164 1.381490 -7.631028 4.210538 -1.599793 2.480385 -5.913801 5.415009 -20.513943 0.000000 0.000000 0.000000 3.786707 2.966068 -0.190188 -31.062685 -26.770340 2.365514 77.582832 -26.490634 -22.945700 0.000000 0.000000 0.000000 -7.856933 12.029698 3.558574 25.490391 52.295211 9.085979 -76.847585 63.369734 -45.051016 0.000000 0.000000 0.000000 
-0.032873 0.956032 -0.042977 -3.939663 18.735739 4.449846 6.193288 -0.425648 -0.609868 5.474947 0.276068 -12.192400 -5.444683 0.706432 16.610089 0.000000 0.000000 0.000000 -0.932567 0.717962 -8.235378 -2.773954 0.296083 -1.299916 0.818392 -0.389756 10.872221 0.000000 0.000000 0.000000 -1.247586 0.074019 -2.778498 -2.191233 1.371901 -7.697300 3.877799 -1.445155 2.651637 -5.711717 5.337937 -20.572209 0.000000 0.000000 0.000000 4.227237 2.659160 -0.005284 -31.049291 -27.203178 2.426713 78.924680 -26.663561 -23.745816 0.000000 0.000000 0.000000 -8.034748 12.039855 3.529443 24.491713 52.394085 8.713976 -75.586631 62.113907 -42.961450 0.000000 0.000000 0.000000 
-0.034180 0.956140 -0.043210 -3.937304 18.736119 4.265295 6.140026 -0.418798 -0.579069 5.586347 0.265473 -11.890701 -5.607649 0.370061 16.428641 0.000000 0.000000 0.000000 -0.855266 0.719614 -8.189531 -2.659321 0.298213 -1.029778 0.639954 -0.706022 10.656638 0.000000 0.000000 0.000000 -1.049067 0.074714 -2.765993 -2.422957 1.444103 -7.209382 3.835299 -1.407597 2.541703 -5.598844 5.279153 -20.674321 0.000000 0.000000 0.000000 4.498570 2.656843 0.050690 -30.806085 -27.664776 2.492828 79.586050 -26.505024 -23.894723 0.000000 0.000000 0.000000 -8.156851 12.132184 3.545228 23.369073 52.697219 8.304644 -74.625611 60.594571 -41.039493 0.000000 0.000000 0.000000 
-0.035342 0.956202 -0.043347 -3.699077 18.693213 4.219791 5.971965 -0.405535 -0.631432 5.609003 0.258086 -11.689324 -5.487992 0.498065 16.332982 0.000000 0.000000 0.000000 -1.110362 0.708840 -8.329321 -2.635274 0.322145 -0.541855 0.669721 -0.628776 10.524699 0.000000 0.000000 0.000000 -1.081051 0.071383 -2.593475 -2.399698 1.445244 -7.494335 3.655391 -1.247135 2.938373 -5.449743 5.229730 -20.468963 0.000000 0.000000 0.000000 4.853074 2.648201 0.131983 -30.909893 -28.026410 2.537291 80.527526 -26.469011 -24.361393 0.000000 0.000000 0.000000 -8.502669 12.003762 3.450012 23.213857 53.080442 8.376439 -74.262897 59.338439 -39.672735 0.000000 0.000000 0.000000 
-0.036229 0.956144 -0.043458 -3.654248 18.881049 4.145651 5.891825 -0.405052 -0.798931 5.802957 0.249935 -11.498432 -5.643267 0.202193 16.154477 0.000000 0.000000 0.000000 -1.124809 0.707529 -8.361123 -2.517313 0.313381 -0.444003 0.480850 -0.969967 10.439699 0.000000 0.000000 0.000000 -1.027321 0.073471 -2.760898 -2.500441 1.473263 -7.088708 3.660590 -1.121731 2.793103 -5.079518 5.052481 -20.446021 0.000000 0.000000 0.000000 4.999683 2.599777 0.186506 -30.965051 -28.647116 2.671254 81.319576 -25.913204 -24.324384 0.000000 0.000000 0.000000 -8.423456 12.313378 3.543643 22.789902 53.257875 8.264758 -74.870752 57.378195 -38.444592 0.000000 0.000000 0.000000 
-0.036874 0.956153 -0.043470 -3.526637 18.998361 4.263828 5.761029 -0.406732 -1.115483 5.724830 0.239392 -11.262216 -5.524150 0.333654 16.023583 0.000000 0.000000 0.000000 -1.294740 0.701761 -8.489657 -2.563699 0.330286 -0.239402 0.392243 -1.117985 10.356915 0.000000 0.000000 0.000000 -1.061773 0.076013 -2.959292 -2.444302 1.452299 -7.074347 3.715098 -0.979741 2.751785 -5.143591 5.090789 -19.964487 0.000000 0.000000 0.000000 5.159041 2.612813 0.226015 -31.143007 -29.230724 2.804403 81.958523 -24.717957 -23.678480 0.000000 0.000000 0.000000 -8.476208 12.233618 3.505281 23.427155 53.938367 8.781974 -75.723243 55.756649 -37.625668 0.000000 0.000000 0.000000 
-0.037234 0.956004 -0.043299 -3.476765 19.391722 4.312801 5.846381 -0.422381 -1.285201 5.564126 0.236135 -11.269299 -5.782380 0.015339 16.052647 0.000000 0.000000 0.000000 -1.375167 0.682313 -8.336974 -2.484307 0.317109 -0.322063 0.020321 -1.823478 10.369509 0.000000 0.000000 0.000000 -1.178425 0.077395 -3.247280 -2.342186 1.407274 -6.781429 3.811257 -1.031880 2.621401 -5.054646 5.054859 -19.998485 0.000000 0.000000 0.000000 5.478802 2.680026 0.281263 -31.324785 -30.209863 3.027923 82.419152 -23.231242 -22.675065 0.000000 0.000000 0.000000 -8.296373 12.328129 3.550522 23.861944 54.480610 9.153659 -77.913747 53.750231 -37.349525 0.000000 0.000000 0.000000 
-0.037142 0.955761 -0.042557 -3.470499 19.797758 4.465964 5.826624 -0.433128 -1.481457 5.430913 0.232076 -11.255123 -5.769026 -0.065319 15.763368 0.000000 0.000000 0.000000 -1.443824 0.663514 -8.164126 -2.635372 0.332299 -0.426671 -0.153482 -2.082058 10.121495 0.000000 0.000000 0.000000 -1.281988 0.078319 -3.589905 -2.259243 1.377630 -6.726422 4.046595 -1.090687 2.594429 -5.151073 5.115908 -19.967410 0.000000 0.000000 0.000000 5.661885 2.676175 0.325927 -31.940225 -31.078614 3.296306 83.397174 -21.539973 -21.656954 0.000000 0.000000 0.000000 -8.339287 12.290190 3.528149 25.646958 55.127893 10.221615 -80.939329 52.080455 -37.804128 0.000000 0.000000 0.000000 
-0.036688 0.955520 -0.041235 -3.453364 20.124923 4.368084 5.654452 -0.418407 -1.269790 5.424425 0.232982 -11.374428 -6.080513 -0.467746 15.802080 0.000000 0.000000 0.000000 -1.565849 0.627021 -7.792293 -2.613764 0.329885 -0.446521 -0.444890 -2.640289 10.147179 0.000000 0.000000 0.000000 -1.576930 0.074404 -4.098510 -2.012248 1.265027 -6.221214 4.380475 -1.223865 2.420342 -5.209472 5.143431 -20.094860 0.000000 0.000000 0.000000 5.936693 2.903453 0.319754 -32.720592 -31.854059 3.593838 84.312548 -20.443370 -21.017352 0.000000 0.000000 0.000000 -8.479675 12.503179 3.577566 27.698890 55.794328 11.436665 -83.056558 50.174296 -37.492728 0.000000 0.000000 0.000000 
-0.036060 0.955489 -0.039405 -3.461636 20.532206 4.453183 5.603741 -0.419184 -1.223711 5.466210 0.236335 -11.566287 -6.304985 -0.807988 15.705703 0.000000 0.000000 0.000000 -1.571102 0.589704 -7.253269 -2.797183 0.328072 -0.932234 -0.531722 -2.766200 10.171681 0.000000 0.000000 0.000000 -1.812985 0.067521 -4.525571 -1.911311 1.214612 -5.907131 4.534587 -1.214511 1.971319 -5.269724 5.169488 -19.744023 0.000000 0.000000 0.000000 6.189541 2.773833 0.420545 -33.289914 -32.772646 3.911780 84.802657 -19.266135 -20.251093 0.000000 0.000000 0.000000 -8.081769 12.531841 3.636580 30.328443 56.188835 12.920798 -85.265360 49.210439 -37.965932 0.000000 0.000000 0.000000 
-0.035539 0.955134 -0.037493 -3.413129 20.918102 4.331844 5.750871 -0.427564 -1.020276 5.223959 0.234123 -11.695760 -6.350449 -0.807866 15.732635 0.000000 0.000000 0.000000 -1.710863 0.540519 -6.714264 -2.865884 0.329044 -1.096285 -0.702104 -3.089233 10.327005 0.000000 0.000000 0.000000 -2.175156 0.053669 -4.715021 -1.717117 1.158182 -6.187069 4.613911 -1.179864 2.225206 -5.222937 5.181349 -19.690114 0.000000 0.000000 0.000000 6.145904 2.640156 0.460994 -33.667560 -34.005414 4.231856 85.591781 -18.810661 -20.227225 0.000000 0.000000 0.000000 -8.017876 12.492134 3.613121 32.540767 56.309121 14.131873 -86.963383 48.510406 -38.252010 0.000000 0.000000 0.000000 
-0.035129 0.954975 -0.035818 -3.553069 21.429158 4.259518 5.964982 -0.447618 -0.912697 5.270742 0.234232 -11.862911 -6.632345 -1.237590 15.621593 0.000000 0.000000 0.000000 -1.658338 0.492556 -5.994440 -2.846126 0.289583 -1.769122 -0.937437 -3.526031 10.484307 0.000000 0.000000 0.000000 -2.363870 0.042544 -5.028518 -1.684151 1.138913 -5.952468 4.688428 -1.511055 1.978156 -5.297209 5.210222 -19.737505 0.000000 0.000000 0.000000 6.418572 2.597741 0.523679 -34.369117 -35.040549 4.624804 85.700635 -18.521333 -19.949253 0.000000 0.000000 0.000000 -7.718874 12.685765 3.715990 33.963803 56.273490 14.814378 -87.818399 48.501488 -38.824425 0.000000 0.000000 0.000000 
-0.034785 0.954430 -0.034550 -3.494758 21.918971 4.040263 6.224438 -0.466344 -0.624997 4.803358 0.219448 -11.749285 -6.464748 -1.045887 15.399746 0.000000 0.000000 0.000000 -1.832418 0.438567 -5.448251 -2.686849 0.273489 -1.766354 -1.194341 -3.985102 10.317165 0.000000 0.000000 0.000000 -2.681317 0.027230 -4.974055 -1.605000 1.121695 -6.075058 4.663476 -1.551515 2.215329 -5.230510 5.212034 -19.749847 0.000000 0.000000 0.000000 6.422920 2.549122 0.550393 -34.653458 -35.877111 4.841345 85.322217 -18.887132 -20.233669 0.000000 0.000000 0.000000 -7.337363 12.164963 3.587186 35.154556 55.770539 15.233364 -88.694569 49.273373 -39.975577 0.000000 0.000000 0.000000 
-0.034389 0.953924 -0.033951 -3.571100 22.127874 3.836589 6.320532 -0.475654 -0.660944 4.738361 0.214408 -11.680566 -6.481742 -1.056487 15.375436 0.000000 0.000000 0.000000 -1.839359 0.397860 -4.912913 -2.648659 0.245948 -2.177772 -1.337967 -4.276011 10.484346 0.000000 0.000000 0.000000 -2.704534 0.025996 -4.826856 -1.717726 1.175423 -6.185524 4.763593 -1.762095 2.462087 -5.259972 5.235965 -19.993490 0.000000 0.000000 0.000000 6.127847 2.807160 0.412009 -35.327088 -36.394758 5.109282 85.423442 -20.727498 -21.777448 0.000000 0.000000 0.000000 -7.350090 12.253345 3.609196 34.440889 55.168185 14.576818 -88.555787 50.250293 -40.821529 0.000000 0.000000 0.000000 
-0.033916 0.953312 -0.033954 -3.498863 22.349430 3.764340 6.263214 -0.474449 -0.745455 4.660961 0.206072 -11.457071 -6.311059 -0.879743 15.175033 0.000000 0.000000 0.000000 -2.077331 0.369734 -4.746068 -2.668035 0.250001 -2.167005 -1.377864 -4.307470 10.104874 0.000000 0.000000 0.000000 -2.789555 0.021342 -4.850359 -1.870822 1.235331 -6.135081 4.839784 -1.848014 2.535361 -4.829692 5.007806 -19.745130 0.000000 0.000000 0.000000 5.463429 2.471759 0.359732 -36.568511 -36.511202 5.424074 86.124148 -23.347638 -24.307858 0.000000 0.000000 0.000000 -7.399727 12.223999 3.591052 33.901417 54.143522 13.887603 -88.019606 51.744782 -41.857192 0.000000 0.000000 0.000000 
-0.033536 0.952948 -0.034487 -3.599408 22.166732 3.472664 6.290565 -0.468260 -0.619337 4.679459 0.203798 -11.301111 -6.191906 -0.768137 15.092979 0.000000 0.000000 0.000000 -2.212923 0.339476 -4.451724 -2.393148 0.203666 -2.402410 -1.427335 -4.456054 10.295742 0.000000 0.000000 0.000000 -2.446305 0.034003 -4.739675 -2.020954 1.297162 -6.199007 4.559690 -1.374135 3.006136 -4.236347 4.750386 -19.755503 0.000000 0.000000 0.000000 4.791418 2.261345 0.296889 -38.015405 -36.812857 5.756919 86.592703 -27.168490 -28.047952 0.000000 0.000000 0.000000 -7.275441 12.091403 3.541919 32.762415 53.065448 12.972016 -86.960199 53.194502 -42.271944 0.000000 0.000000 0.000000 
-0.033301 0.952609 -0.035282 -3.720333 21.881075 3.331728 6.377107 -0.467221 -0.440808 4.662880 0.204998 -11.254196 -5.851510 -0.426321 14.858015 0.000000 0.000000 0.000000 -2.341543 0.338395 -4.521452 -2.349368 0.209414 -2.192983 -1.234147 -4.080827 10.106260 0.000000 0.000000 0.000000 -2.230656 0.044013 -4.624554 -2.048432 1.299778 -6.094227 4.436451 -1.099184 3.137346 -3.234387 4.223089 -19.625493 0.000000 0.000000 0.000000 4.303321 2.041700 0.259332 -39.761200 -37.043058 6.200950 87.835336 -30.698127 -31.848175 0.000000 0.000000 0.000000 -7.222821 11.996754 3.514492 32.148349 52.678530 12.553340 -84.654241 54.848409 -42.187685 0.000000 0.000000 0.000000 
-0.033181 0.952591 -0.036034 -3.831542 21.772277 3.124397 6.531293 -0.470066 -0.024795 4.614302 0.206935 -11.334064 -5.766318 -0.417856 14.686941 0.000000 0.000000 0.000000 -2.339269 0.323617 -4.320809 -2.215499 0.181223 -2.405776 -1.179838 -3.999399 10.229375 0.000000 0.000000 0.000000 -2.042318 0.050540 -4.482394 -2.003987 1.285726 -6.162648 4.312947 -1.003773 3.404985 -2.672066 3.953421 -19.953513 0.000000 0.000000 0.000000 3.635045 1.770267 0.193880 -41.000507 -36.979083 6.449798 88.880219 -34.997237 -36.368825 0.000000 0.000000 0.000000 -6.739181 11.881915 3.535901 32.328704 52.254385 12.444791 -82.883518 56.955876 -42.842803 0.000000 0.000000 0.000000 
-0.032978 0.952600 -0.036524 -3.895834 21.697956 3.161516 6.682659 -0.479430 0.344992 4.364586 0.212744 -11.702337 -5.492405 0.057327 14.808298 0.000000 0.000000 0.000000 -2.248937 0.333119 -4.362187 -2.276633 0.188369 -2.399975 -1.111670 -3.868080 10.232131 0.000000 0.000000 0.000000 -2.234728 0.044361 -4.654058 -1.748581 1.165856 -5.815370 4.406515 -0.946789 3.148896 -1.888996 3.499158 -19.609623 0.000000 0.000000 0.000000 3.442727 1.775126 0.151237 -42.335810 -37.050484 6.797357 89.823484 -38.408766 -40.104066 0.000000 0.000000 0.000000 -5.991036 11.686415 3.578749 33.374751 51.917194 12.750139 -80.626627 59.470190 -43.523885 0.000000 0.000000 0.000000 
-0.032624 0.953072 -0.036897 -3.953054 21.864930 3.214023 6.823901 -0.494395 0.575776 4.181964 0.215601 -12.113975 -5.592598 0.144833 15.202506 0.000000 0.000000 0.000000 -2.367994 0.307966 -4.107428 -2.327299 0.155482 -3.055650 -0.951967 -3.574158 10.752652 0.000000 0.000000 0.000000 -2.233930 0.042993 -4.835566 -1.510647 1.054251 -5.499647 4.421508 -1.120615 2.697461 -1.610245 3.300586 -19.253354 0.000000 0.000000 0.000000 2.849693 1.744134 0.031883 -43.277376 -37.021905 7.083602 90.417780 -42.284256 -44.108835 0.000000 0.000000 0.000000 -5.527225 11.358900 3.541745 35.273444 51.133774 13.278159 -78.697994 61.566098 -43.977919 0.000000 0.000000 0.000000 
-0.032206 0.953239 -0.037361 -4.134406 21.872497 3.293439 7.002966 -0.512576 0.736571 4.211381 0.222048 -12.455463 -5.294453 0.680615 15.354636 0.000000 0.000000 0.000000 -2.353793 0.321127 -4.259788 -2.282854 0.149372 -3.076465 -0.810161 -3.281931 10.713970 0.000000 0.000000 0.000000 -2.377128 0.038178 -4.946069 -1.298502 0.955481 -5.291637 4.672186 -1.435318 2.259999 -0.790150 2.739310 -18.453601 0.000000 0.000000 0.000000 2.448043 1.751525 -0.065181 -43.948236 -36.872001 7.285704 91.997304 -44.690747 -47.344159 0.000000 0.000000 0.000000 -5.066599 11.374830 3.617533 36.238558 49.854443 13.107372 -78.045136 63.162730 -45.011678 0.000000 0.000000 0.000000 
-0.031915 0.953385 -0.037999 -4.259414 21.806277 3.319884 6.964082 -0.508069 0.823681 4.378680 0.228482 -12.563921 -5.198538 0.835691 15.385058 0.000000 0.000000 0.000000 -2.527092 0.312071 -4.257076 -2.060368 0.112606 -3.274863 -0.690025 -3.089712 11.079629 0.000000 0.000000 0.000000 -2.290962 0.040233 -5.162820 -1.097360 0.854879 -5.009733 4.753604 -1.508508 2.002777 -0.467693 2.524783 -18.286381 0.000000 0.000000 0.000000 2.148459 1.669566 -0.106729 -44.355024 -37.207006 7.556169 92.861730 -45.575267 -48.733897 0.000000 0.000000 0.000000 -4.749111 10.744418 3.451579 37.755923 48.707213 13.268139 -78.444085 64.254263 -46.257492 0.000000 0.000000 0.000000 
-0.031883 0.953507 -0.038781 -4.279746 21.544325 3.513122 6.830761 -0.495175 0.555458 4.494943 0.233422 -12.472930 -4.980721 1.046221 15.232233 0.000000 0.000000 0.000000 -2.692316 0.345137 -4.828842 -2.098746 0.149433 -2.698505 -0.320789 -2.336884 10.788677 0.000000 0.000000 0.000000 -2.208245 0.047643 -5.026050 -0.882530 0.761356 -4.984948 4.882439 -1.873873 1.706541 -0.001396 2.137081 -17.558459 0.000000 0.000000 0.000000 1.645775 1.912460 -0.292622 -44.716633 -37.627889 7.923196 93.989492 -45.974695 -49.664872 0.000000 0.000000 0.000000 -4.322468 10.068739 3.283957 39.075312 48.006268 13.445495 -79.328869 65.015254 -47.784735 0.000000 0.000000 0.000000 
-0.032095 0.953955 -0.039600 -4.328351 21.409452 3.719559 6.833998 -0.498716 0.266948 4.416850 0.234760 -12.512973 -5.000260 1.094953 15.409557 0.000000 0.000000 0.000000 -2.665604 0.380627 -5.298587 -2.094742 0.159192 -2.506744 -0.389180 -2.511667 10.978945 0.000000 0.000000 0.000000 -2.081126 0.053912 -5.061493 -0.615237 0.633886 -4.768989 4.676419 -2.090750 1.617759 0.118728 2.007932 -17.210066 0.000000 0.000000 0.000000 1.333287 1.845774 -0.340328 -45.229252 -38.002289 8.245887 95.422646 -46.207565 -50.802339 0.000000 0.000000 0.000000 -3.386161 8.895626 2.982819 40.468096 46.779446 13.421059 -83.454305 66.045983 -52.028405 0.000000 0.000000 0.000000 
-0.032388 0.954028 -0.040296 -4.336562 21.310279 4.115008 6.825184 -0.507384 -0.223882 4.359160 0.233571 -12.379608 -4.770327 1.462244 15.473727 0.000000 0.000000 0.000000 -2.559863 0.432927 -5.930752 -2.305857 0.211600 -1.997233 -0.352191 -2.436020 10.942330 0.000000 0.000000 0.000000 -2.003208 0.059906 -5.106296 -0.421192 0.558887 -4.892125 4.685486 -2.538479 1.595682 0.043784 1.940212 -16.543384 0.000000 0.000000 0.000000 0.843271 1.784048 -0.425860 -45.487070 -38.016211 8.407412 95.898908 -46.986061 -51.672194 0.000000 0.000000 0.000000 -2.812519 8.282211 2.824837 41.761008 45.552756 13.316196 -87.242280 65.949701 -55.200168 0.000000 0.000000 0.000000 
-0.032690 0.954162 -0.041026 -4.208574 21.360545 4.369906 6.617359 -0.499352 -0.674208 4.340376 0.231507 -12.296396 -4.899162 1.368419 15.631168 0.000000 0.000000 0.000000 -2.677074 0.456462 -6.446032 -2.368028 0.253461 -1.372994 -0.475225 -2.631667 10.633632 0.000000 0.000000 0.000000 -2.008867 0.058940 -5.266274 -0.247769 0.471543 -4.687629 4.596043 -3.287958 1.559530 -0.403216 2.111273 -16.335315 0.000000 0.000000 0.000000 0.546290 2.099468 -0.587946 -46.502558 -37.923280 8.720058 96.180090 -48.732836 -53.291478 0.000000 0.000000 0.000000 -2.178457 7.283384 2.525445 43.309988 44.504376 13.336748 -91.360298 66.025970 -59.037355 0.000000 0.000000 0.000000 
-0.032942 0.954291 -0.041864 -4.266246 21.500696 4.595850 6.482378 -0.502151 -1.167943 4.526333 0.225872 -11.891606 -4.781714 1.324927 15.178118 0.000000 0.000000 0.000000 -2.637153 0.500031 -7.134351 -2.470903 0.298198 -0.773099 -0.558098 -2.776986 10.646056 0.000000 0.000000 0.000000 -1.981137 0.061819 -5.090206 0.009510 0.374464 -4.818068 4.486509 -4.008218 1.435256 -0.662368 2.094266 -15.010339 0.000000 0.000000 0.000000 -0.026020 1.889965 -0.632747 -47.235804 -36.965216 8.619023 96.776169 -51.777297 -56.602536 0.000000 0.000000 0.000000 -1.393397 6.796685 2.398443 44.399173 42.853889 12.895185 -95.665629 65.758298 -62.784946 0.000000 0.000000 0.000000 
-0.033326 0.954114 -0.042467 -4.231532 21.459272 4.893849 6.452094 -0.512856 -1.673805 4.418753 0.219547 -11.617849 -4.615947 1.503248 15.052197 0.000000 0.000000 0.000000 -2.709055 0.528307 -7.708408 -2.356876 0.312507 -0.177384 -0.701316 -3.051132 10.484846 0.000000 0.000000 0.000000 -1.844830 0.067039 -5.244963 0.371436 0.215800 -4.742856 4.306000 -4.349006 1.381218 -0.886150 2.169513 -14.684868 0.000000 0.000000 0.000000 -0.736155 2.056229 -0.816571 -48.322281 -35.739190 8.432597 95.085435 -55.934978 -59.266657 0.000000 0.000000 0.000000 -0.583322 5.951010 2.131836 45.652759 40.750844 12.326615 -98.051662 66.858777 -66.225313 0.000000 0.000000 0.000000 
-0.033791 0.953928 -0.042582 -4.147210 21.569471 5.121775 6.340992 -0.517068 -2.055652 4.273670 0.214882 -11.520278 -4.518927 1.554126 14.848574 0.000000 0.000000 0.000000 -2.712733 0.550362 -8.130455 -2.397721 0.330590 0.089393 -0.692710 -3.025331 10.559150 0.000000 0.000000 0.000000 -1.835256 0.067040 -5.365881 0.582355 0.109972 -4.535122 4.162546 -4.812297 1.260511 -1.481659 2.409577 -13.586439 0.000000 0.000000 0.000000 -1.598792 2.531571 -1.129708 -49.202739 -34.040430 7.983596 94.361724 -60.604786 -63.177918 0.000000 0.000000 0.000000 0.169615 4.932264 1.781962 47.250648 38.111914 11.591610 -100.457544 69.830899 -71.847286 0.000000 0.000000 0.000000 
-0.034115 0.953531 -0.042263 -4.021947 21.766599 5.122446 6.393654 -0.528202 -2.265909 4.077608 0.202456 -11.141744 -4.636888 1.248659 14.581300 0.000000 0.000000 0.000000 -2.836523 0.551054 -8.418170 -2.395690 0.350348 0.516120 -0.920538 -3.470450 10.616487 0.000000 0.000000 0.000000 -1.976868 0.063474 -5.080288 0.862738 -0.006387 -4.534998 4.201199 -5.329408 1.268080 -1.621950 2.452462 -13.488776 0.000000 0.000000 0.000000 -2.429576 3.026851 -1.445308 -49.825056 -31.830898 7.209344 93.258531 -65.155926 -66.552363 0.000000 0.000000 0.000000 0.850495 4.125772 1.490593 47.348340 34.689131 9.972091 -102.254762 73.741856 -78.004122 0.000000 0.000000 0.000000 
-0.034149 0.953263 -0.041818 -3.789478 21.990238 5.085602 6.278162 -0.520604 -2.263568 3.998325 0.193087 -10.828156 -4.566670 1.449991 14.691570 0.000000 0.000000 0.000000 -3.136829 0.517660 -8.375971 -2.154853 0.320033 0.584412 -0.998025 -3.636222 10.892393 0.000000 0.000000 0.000000 -1.951307 0.064015 -4.773026 0.882003 -0.030733 -4.330664 4.090622 -5.852074 1.086613 -2.342241 2.832148 -13.087100 0.000000 0.000000 0.000000 -3.062763 3.400937 -1.682691 -49.245836 -30.141151 6.446741 90.559472 -69.551114 -68.245772 0.000000 0.000000 0.000000 1.219514 3.325612 1.185879 46.492756 31.947325 8.486638 -103.460898 77.279015 -83.252740 0.000000 0.000000 0.000000 
-0.033882 0.952921 -0.041619 -3.656234 21.997836 5.004038 6.209762 -0.514836 -2.277060 3.964781 0.185050 -10.474119 -4.450475 1.602648 14.643852 0.000000 0.000000 0.000000 -3.180468 0.509535 -8.297973 -2.408855 0.355332 0.567920 -1.250387 -4.154739 10.990710 0.000000 0.000000 0.000000 -1.975565 0.064642 -4.456205 0.906542 -0.059575 -4.126006 4.189329 -6.389055 0.909563 -2.759323 3.028667 -12.887844 0.000000 0.000000 0.000000 -3.433441 3.861902 -1.896277 -47.944129 -28.445622 5.593842 90.147880 -72.313641 -70.320955 0.000000 0.000000 0.000000 0.941899 2.955154 1.035872 44.256516 30.414322 7.272155 -98.574863 79.085066 -80.671441 0.000000 0.000000 0.000000 
-0.033546 0.953109 -0.041786 -3.393682 22.065090 5.074927 5.944893 -0.500937 -2.420503 4.088377 0.177244 -10.128318 -4.368662 1.754550 14.658883 0.000000 0.000000 0.000000 -3.482740 0.484272 -8.402697 -2.354219 0.345878 0.521545 -1.308096 -4.280202 11.166143 0.000000 0.000000 0.000000 -1.950959 0.065498 -4.119883 0.911539 -0.052602 -4.220575 4.226497 -6.944940 0.852549 -3.235555 3.270186 -12.650396 0.000000 0.000000 0.000000 -3.985131 3.964620 -2.015293 -46.166478 -27.021135 4.812057 88.491621 -74.288179 -70.448011 0.000000 0.000000 0.000000 0.787180 2.749456 0.952431 42.277834 29.755585 6.534287 -91.665082 79.637580 -74.789884 0.000000 0.000000 0.000000 
-0.033307 0.952721 -0.042195 -3.354527 21.794662 5.007495 5.912515 -0.489306 -2.232692 4.125176 0.176461 -10.024805 -3.962983 2.170421 14.355226 0.000000 0.000000 0.000000 -3.461240 0.472664 -8.006104 -2.339889 0.317035 -0.052858 -1.294699 -4.292042 11.157140 0.000000 0.000000 0.000000 -1.938732 0.066967 -3.902664 0.892775 -0.039204 -4.305188 4.285856 -6.966516 1.032660 -3.345347 3.338516 -12.896593 0.000000 0.000000 0.000000 -3.799894 4.104275 -2.025729 -45.513188 -26.471744 4.499729 87.249834 -75.288681 -70.172048 0.000000 0.000000 0.000000 0.865951 2.704865 0.932055 41.511745 29.958123 6.414592 -86.012915 78.992797 -68.799234 0.000000 0.000000 0.000000 
-0.033352 0.952574 -0.042703 -3.317531 21.403964 4.860412 5.871467 -0.473593 -1.990868 4.186816 0.175398 -9.901086 -3.852270 2.346812 14.462612 0.000000 0.000000 0.000000 -3.484800 0.464875 -7.804943 -2.285627 0.307385 -0.086117 -1.003215 -3.758762 11.119739 0.000000 0.000000 0.000000 -1.891810 0.068489 -3.663382 0.794307 -0.020759 -4.069935 4.553172 -6.962081 0.836771 -3.463226 3.399263 -13.242594 0.000000 0.000000 0.000000 -4.178598 4.279441 -2.146115 -45.259151 -25.880989 4.278337 86.572356 -76.369273 -70.450889 0.000000 0.000000 0.000000 1.390936 3.203557 1.096098 41.425708 30.465908 6.559740 -77.683337 78.401232 -60.650966 0.000000 0.000000 0.000000 
-0.033573 0.952486 -0.043325 -3.393339 21.082752 4.649088 5.949391 -0.470027 -1.874765 4.162712 0.164373 -9.476555 -3.603783 2.521191 14.156040 0.000000 0.000000 0.000000 -3.456126 0.457699 -7.555851 -2.070500 0.280040 -0.039368 -0.953520 -3.690507 10.972316 0.000000 0.000000 0.000000 -2.048829 0.065395 -3.410479 0.834686 -0.022427 -4.267691 4.744572 -6.810672 1.118253 -3.623185 3.521865 -13.828744 0.000000 0.000000 0.000000 -4.734909 4.253725 -2.233468 -45.639925 -25.788782 4.277160 81.376056 -76.774334 -65.921741 0.000000 0.000000 0.000000 2.491384 3.586376 1.220957 41.992306 30.991278 6.826560 -69.836724 78.348568 -53.498924 0.000000 0.000000 0.000000 
-0.033927 0.952305 -0.044114 -3.385766 20.681089 4.374244 6.048625 -0.467556 -1.838013 4.007473 0.148696 -8.906153 -3.166216 3.009496 13.913598 0.000000 0.000000 0.000000 -3.620756 0.445800 -7.561128 -2.040009 0.295063 0.403805 -0.636988 -3.094584 10.822531 0.000000 0.000000 0.000000 -2.112417 0.063042 -3.032232 0.613659 0.056696 -4.121896 4.983770 -6.330891 0.898507 -3.693733 3.584937 -14.101843 0.000000 0.000000 0.000000 -5.308060 3.994490 -2.247474 -46.239381 -25.749709 4.363206 72.755586 -77.036991 -58.342525 0.000000 0.000000 0.000000 3.166849 3.774098 1.289018 43.122061 31.631742 7.345469 -57.993953 78.609492 -43.247099 0.000000 0.000000 0.000000 
-0.034246 0.952102 -0.045049 -3.334233 20.634052 4.133023 6.012396 -0.458524 -1.734118 3.834014 0.140106 -8.605033 -3.094524 3.066184 13.820229 0.000000 0.000000 0.000000 -3.640735 0.432876 -7.383423 -2.004441 0.302205 0.679504 -0.495916 -2.805633 10.707609 0.000000 0.000000 0.000000 -2.154135 0.060233 -2.869889 0.380724 0.159689 -4.157585 5.049662 -6.211966 0.926689 -3.844227 3.693202 -14.347938 0.000000 0.000000 0.000000 -6.118460 3.438735 -2.184374 -47.376881 -25.938254 4.594671 61.148508 -76.700441 -47.804329 0.000000 0.000000 0.000000 3.947211 4.482148 1.564236 43.863304 32.335704 7.779249 -46.868194 78.503123 -33.638752 0.000000 0.000000 0.000000 
-0.034493 0.952124 -0.046136 -3.269070 20.451529 3.884548 5.983521 -0.448756 -1.654682 3.701005 0.126242 -8.132265 -2.705170 3.440955 13.431914 0.000000 0.000000 0.000000 -3.892131 0.408891 -7.362066 -1.679592 0.273350 1.132295 -0.410754 -2.660277 10.663214 0.000000 0.000000 0.000000 -2.223940 0.057866 -2.891633 0.074688 0.278416 -4.017212 5.286007 -5.704366 1.062163 -3.648002 3.608477 -14.392877 0.000000 0.000000 0.000000 -6.930190 2.921598 -2.149148 -48.632635 -25.751324 4.667933 48.325683 -75.990259 -36.561818 0.000000 0.000000 0.000000 4.508147 4.857613 1.737383 44.286167 32.797508 8.060601 -35.304680 78.332691 -23.774885 0.000000 0.000000 0.000000 
-0.034743 0.951988 -0.047150 -3.169474 20.339737 3.696946 5.815419 -0.431284 -1.582545 3.681815 0.118015 -7.883270 -2.575634 3.635219 13.439276 0.000000 0.000000 0.000000 -4.127968 0.388317 -7.411702 -1.556052 0.271657 1.596463 -0.129360 -2.106467 10.628412 0.000000 0.000000 0.000000 -2.087186 0.058627 -2.905172 -0.229505 0.410813 -4.054476 5.136111 -5.272916 1.383766 -3.544841 3.606441 -14.839762 0.000000 0.000000 0.000000 -7.421983 2.861699 -2.245648 -49.998958 -25.079133 4.512262 39.717405 -74.783864 -29.035694 0.000000 0.000000 0.000000 5.059238 5.372045 1.986772 44.634232 33.070159 8.242138 -27.297089 78.094809 -16.945622 0.000000 0.000000 0.000000 
-0.035009 0.952056 -0.047979 -3.071205 20.313033 3.600254 5.659802 -0.416759 -1.500112 3.628825 0.124110 -8.043288 -2.552556 3.604789 13.308551 0.000000 0.000000 0.000000 -4.375669 0.363055 -7.390216 -1.243720 0.230405 1.798430 -0.098230 -2.033003 10.508673 0.000000 0.000000 0.000000 -2.022562 0.059062 -3.022141 -0.419536 0.477496 -3.858441 5.134061 -4.679803 1.452249 -3.147543 3.422623 -14.884639 0.000000 0.000000 0.000000 -7.970626 2.713860 -2.338286 -51.127382 -24.248393 4.263166 32.419001 -73.075356 -22.782108 0.000000 0.000000 0.000000 5.602047 5.685780 2.174783 45.012224 33.652032 8.592386 -22.488468 77.679333 -12.732633 0.000000 0.000000 0.000000 
-0.035284 0.952204 -0.048468 -2.916256 20.345652 3.741687 5.519642 -0.406918 -1.425008 3.697570 0.131013 -8.275684 -2.545978 3.760718 13.585737 0.000000 0.000000 0.000000 -4.498301 0.360302 -7.586859 -1.238553 0.236869 2.044610 -0.253781 -2.333650 10.451169 0.000000 0.000000 0.000000 -1.940521 0.061965 -3.269002 -0.538764 0.531259 -3.904972 5.013467 -4.258563 1.514517 -2.844298 3.278792 -14.788663 0.000000 0.000000 0.000000 -8.358650 2.839304 -2.507785 -51.762719 -22.688812 3.622116 28.907055 -71.126362 -19.587901 0.000000 0.000000 0.000000 5.827185 5.894711 2.311152 45.763768 34.108139 9.008975 -22.613580 77.825772 -12.673781 0.000000 0.000000 0.000000 
-0.035603 0.952562 -0.048711 -2.839565 20.617803 3.857731 5.581500 -0.417188 -1.486666 3.564138 0.140673 -8.563728 -2.617314 3.868317 13.950316 0.000000 0.000000 0.000000 -4.427095 0.364712 -7.615746 -1.236079 0.239935 2.178674 -0.523542 -2.825522 10.317657 0.000000 0.000000 0.000000 -2.037386 0.060230 -3.493669 -0.380075 0.466120 -3.910478 4.934535 -3.617691 1.416433 -2.435095 3.068967 -14.217809 0.000000 0.000000 0.000000 -8.385779 3.106732 -2.699314 -52.238007 -21.244717 2.990315 26.158419 -68.708228 -17.106573 0.000000 0.000000 0.000000 6.097253 6.120265 2.487145 46.421338 34.914093 9.604790 -24.029036 77.731645 -13.509171 0.000000 0.000000 0.000000 
-0.035969 0.952841 -0.048840 -2.804710 20.967245 4.048061 5.671607 -0.435114 -1.672059 3.456329 0.142408 -8.632352 -2.737464 3.759415 14.011910 0.000000 0.000000 0.000000 -4.232845 0.380616 -7.628523 -1.305351 0.255650 2.366157 -0.688972 -3.041995 9.724731 0.000000 0.000000 0.000000 -1.876795 0.063820 -3.730954 -0.489787 0.504436 -3.784371 5.023842 -3.152241 1.214360 -2.200372 2.954893 -13.906689 0.000000 0.000000 0.000000 -8.237537 3.241744 -2.781067 -52.384930 -19.466229 2.193871 25.384370 -66.126005 -16.000073 0.000000 0.000000 0.000000 6.189734 6.152546 2.559508 47.725207 35.981868 10.535197 -25.454082 77.091683 -14.267586 0.000000 0.000000 0.000000 
-0.036348 0.953016 -0.049122 -2.846689 21.456738 4.133099 5.910047 -0.465761 -1.929630 3.375576 0.136057 -8.450296 -2.887158 3.706263 14.226636 0.000000 0.000000 0.000000 -3.832659 0.408697 -7.572260 -1.476262 0.287464 2.548011 -1.116362 -3.835831 9.495385 0.000000 0.000000 0.000000 -1.816270 0.063775 -3.910290 -0.441597 0.484531 -3.751486 4.973168 -2.572380 1.000221 -1.931284 2.800660 -13.110822 0.000000 0.000000 0.000000 -8.198300 3.608380 -2.998666 -53.015566 -18.104503 1.583271 23.476421 -62.351397 -13.958549 0.000000 0.000000 0.000000 6.230058 6.191570 2.656767 49.289579 36.708417 11.457951 -24.130220 76.013490 -12.664644 0.000000 0.000000 0.000000 
-0.036666 0.953246 -0.049508 -2.846000 21.982874 4.297339 5.997793 -0.493555 -2.424433 3.357255 0.121421 -7.977709 -3.066093 3.255503 13.742392 0.000000 0.000000 0.000000 -3.674842 0.418184 -7.584004 -1.750720 0.333197 2.625278 -1.052280 -3.604802 9.163581 0.000000 0.000000 0.000000 -1.726476 0.064457 -3.993910 -0.481789 0.526850 -4.041328 4.926649 -1.991882 1.147236 -1.527343 2.620340 -12.993536 0.000000 0.000000 0.000000 -7.918272 3.772624 -3.082330 -53.647700 -15.984047 0.564741 20.318596 -58.899232 -11.444643 0.000000 0.000000 0.000000 6.515686 6.076466 2.720561 50.254078 37.596012 12.262364 -20.852573 73.255372 -9.308657 0.000000 0.000000 0.000000 
-0.036805 0.953493 -0.049854 -2.954899 22.775503 4.282883 6.057796 -0.521732 -2.925789 3.333704 0.108755 -7.609869 -3.242680 3.025829 13.614772 0.000000 0.000000 0.000000 -3.311488 0.429921 -7.352625 -2.058906 0.382087 2.621612 -1.278241 -3.982400 9.141455 0.000000 0.000000 0.000000 -1.446916 0.067180 -4.067365 -0.550979 0.549527 -3.888936 4.906958 -1.560848 0.821943 -1.224365 2.396167 -11.926670 0.000000 0.000000 0.000000 -8.351893 4.472324 -3.541605 -54.729712 -13.785811 -0.460730 15.358421 -53.656774 -7.836031 0.000000 0.000000 0.000000 6.859557 6.067869 2.826271 50.964887 37.644190 12.596559 -14.208474 68.908538 -3.917177 0.000000 0.000000 0.000000 
-0.036696 0.953474 -0.049964 -3.025126 23.277700 4.300268 6.112636 -0.541632 -3.270598 3.102960 0.097556 -7.145507 -3.112506 2.858513 12.835657 0.000000 0.000000 0.000000 -3.155332 0.423613 -7.054954 -2.286383 0.412958 2.444443 -1.395215 -4.149847 8.803669 0.000000 0.000000 0.000000 -1.064957 0.073040 -4.041892 -0.867773 0.692788 -3.988697 4.852956 -1.076187 1.104207 -0.420118 1.891688 -11.330093 0.000000 0.000000 0.000000 -9.132765 4.869306 -3.987993 -55.471133 -10.885518 -1.851804 10.567497 -47.833269 -4.772988 0.000000 0.000000 0.000000 7.563612 5.975876 2.942901 51.504336 37.189186 12.519594 -7.265393 63.146818 0.774046 0.000000 0.000000 0.000000 
-0.036381 0.953632 -0.049832 -3.196275 24.270301 4.249145 6.260303 -0.567609 -3.454286 2.997867 0.093479 -7.044350 -3.367393 2.689941 13.029756 0.000000 0.000000 0.000000 -3.023410 0.395752 -6.499292 -2.266488 0.393574 1.956414 -1.522084 -4.325510 8.943789 0.000000 0.000000 0.000000 -0.565051 0.076914 -3.827720 -1.192229 0.803203 -3.611621 4.782135 -0.527799 0.479541 -0.224294 1.772569 -10.831807 0.000000 0.000000 0.000000 -9.573433 5.430432 -4.440655 -56.654882 -8.127711 -3.237094 6.203975 -40.903385 -2.403247 0.000000 0.000000 0.000000 8.279998 5.807863 3.046188 52.937021 36.005888 12.452355 -2.765203 55.662614 2.942105 0.000000 0.000000 0.000000 
-0.036029 0.953022 -0.049688 -3.293796 24.964000 4.307620 6.255898 -0.586500 -3.795060 2.989560 0.085087 -6.783899 -3.301929 2.478684 12.341187 0.000000 0.000000 0.000000 -2.760841 0.399384 -6.287986 -2.239318 0.373449 1.482047 -2.037464 -5.340750 8.758176 0.000000 0.000000 0.000000 -0.273454 0.077983 -3.779260 -1.323141 0.888273 -3.974139 4.583551 -0.045940 0.841224 0.316728 1.432525 -10.306767 0.000000 0.000000 0.000000 -10.195953 5.635019 -4.819027 -57.132778 -5.216659 -4.730619 1.949888 -35.072397 -0.664187 0.000000 0.000000 0.000000 9.544644 5.393111 3.133688 53.655601 34.913115 12.009254 1.705688 48.454728 4.399812 0.000000 0.000000 0.000000 
-0.035850 0.952968 -0.049707 -3.380159 25.567391 4.185071 6.389372 -0.600937 -3.803215 2.953161 0.085762 -6.866575 -3.572229 2.106041 12.318091 0.000000 0.000000 0.000000 -2.789037 0.355282 -5.665240 -1.881455 0.299161 0.913626 -2.143669 -5.519002 8.475414 0.000000 0.000000 0.000000 0.211492 0.073478 -3.223465 -1.635669 1.031484 -4.136888 4.643342 0.403007 1.020707 0.804958 1.255692 -10.864530 0.000000 0.000000 0.000000 -10.621499 6.108605 -5.235371 -58.289804 -3.027412 -6.015366 -0.486043 -30.078033 0.124263 0.000000 0.000000 0.000000 10.962707 5.464585 3.469424 54.646618 33.720651 11.548689 4.235965 41.623409 4.500070 0.000000 0.000000 0.000000 
-0.035849 0.952548 -0.050016 -3.267179 26.176791 4.224492 6.396356 -0.615261 -4.036457 2.663632 0.082821 -6.653198 -3.769510 1.438745 11.641976 0.000000 0.000000 0.000000 -2.709377 0.342459 -5.436494 -1.691275 0.260312 0.612606 -2.433344 -6.099678 8.034215 0.000000 0.000000 0.000000 0.316683 0.067943 -2.971028 -1.737865 1.054592 -3.867803 4.585392 1.042298 1.146555 1.139502 1.148437 -11.102955 0.000000 0.000000 0.000000 -10.935291 6.122893 -5.462785 -58.655815 -1.230727 -7.005271 -1.578709 -27.251529 0.359706 0.000000 0.000000 0.000000 12.227314 5.192397 3.671312 56.049224 32.479796 11.204849 5.516558 36.374120 4.190253 0.000000 0.000000 0.000000 
-0.035993 0.952918 -0.050399 -3.340697 26.656320 4.178137 6.399178 -0.622787 -4.088786 2.699443 0.084534 -6.839249 -4.009561 1.205867 11.794504 0.000000 0.000000 0.000000 -2.628511 0.324446 -5.101201 -1.541910 0.233210 0.477109 -2.526746 -6.267487 7.973315 0.000000 0.000000 0.000000 0.557945 0.055507 -2.421052 -1.883935 1.127337 -4.022754 4.583000 1.818040 1.457262 1.677929 0.970424 -11.607355 0.000000 0.000000 0.000000 -11.565413 6.104836 -5.815606 -58.717376 -0.484871 -7.402162 -1.788746 -25.440192 0.340485 0.000000 0.000000 0.000000 13.428749 4.886622 3.892714 57.216024 31.826100 11.086441 6.442318 31.838089 3.793616 0.000000 0.000000 0.000000 
-0.036038 0.952872 -0.050677 -3.255508 27.104516 3.956466 6.249489 -0.611069 -3.982246 2.593477 0.080572 -6.679886 -4.201978 0.755615 11.497792 0.000000 0.000000 0.000000 -2.520455 0.298890 -4.672820 -1.525593 0.224007 0.259522 -2.829283 -6.899020 8.010252 0.000000 0.000000 0.000000 0.681461 0.044978 -2.021805 -2.159507 1.234786 -3.924060 4.727863 2.203506 1.960089 1.638044 1.095485 -11.870465 0.000000 0.000000 0.000000 -11.857156 5.861940 -5.908610 -58.498094 0.106349 -7.680827 -2.189211 -24.684626 0.398950 0.000000 0.000000 0.000000 14.513084 4.952830 4.241065 57.774433 30.678879 10.425388 6.566711 29.761376 3.524082 0.000000 0.000000 0.000000 
-0.035982 0.952942 -0.050809 -2.986743 27.557820 4.000613 5.781500 -0.583732 -3.983211 2.661626 0.078567 -6.688212 -4.346367 0.577896 11.498870 0.000000 0.000000 0.000000 -2.692521 0.260191 -4.329296 -1.402795 0.197283 0.011544 -2.860196 -6.935957 8.046780 0.000000 0.000000 0.000000 0.612148 0.033498 -1.604434 -2.206888 1.251048 -3.870777 4.625644 2.754336 2.061845 1.747666 1.146086 -12.207036 0.000000 0.000000 0.000000 -12.243309 5.515650 -6.025537 -58.244848 0.228780 -7.667319 -2.331851 -23.750068 0.380775 0.000000 0.000000 0.000000 14.884423 4.367255 4.148118 58.656236 29.724875 10.135946 6.461595 29.114841 3.438441 0.000000 0.000000 0.000000 
-0.035917 0.952769 -0.050884 -2.865978 27.997190 4.003909 5.790164 -0.584391 -3.857029 2.536642 0.081072 -6.877411 -4.528221 0.437265 11.657195 0.000000 0.000000 0.000000 -2.686086 0.243977 -4.140522 -1.275289 0.177777 0.004874 -3.240234 -7.741269 7.997710 0.000000 0.000000 0.000000 0.770515 0.026743 -1.445341 -2.320348 1.297194 -3.864586 4.398893 2.947915 2.237438 1.890196 1.096437 -12.187874 0.000000 0.000000 0.000000 -12.495088 5.421696 -6.156874 -57.910224 0.216896 -7.584076 -2.666624 -23.047364 0.422018 0.000000 0.000000 0.000000 15.584988 3.867331 4.105585 58.668259 29.288598 9.795972 6.196218 29.168920 3.418467 0.000000 0.000000 0.000000 
-0.035837 0.952660 -0.050896 -2.743790 28.252670 3.887238 5.578975 -0.560327 -3.571981 2.521712 0.081400 -6.974798 -4.580272 0.405423 11.688610 0.000000 0.000000 0.000000 -2.834722 0.202556 -3.738379 -1.074881 0.146138 -0.024647 -3.406252 -8.078978 8.228576 0.000000 0.000000 0.000000 0.790543 0.017419 -1.148240 -2.213246 1.280809 -4.184824 4.127044 3.152512 2.746377 1.848761 1.199903 -12.368970 0.000000 0.000000 0.000000 -12.928532 5.014842 -6.226827 -57.456294 0.347813 -7.539606 -3.429038 -22.700662 0.555986 0.000000 0.000000 0.000000 16.039235 3.196046 3.922807 58.767976 28.593825 9.349530 5.118957 29.875120 3.300422 0.000000 0.000000 0.000000 
-0.035764 0.952594 -0.050898 -2.613925 28.650710 3.984877 5.574821 -0.560603 -3.450405 2.389415 0.083895 -7.282154 -4.616304 0.551557 11.928920 0.000000 0.000000 0.000000 -2.955269 0.189311 -3.722074 -0.873518 0.113081 -0.079146 -3.563010 -8.386245 8.256571 0.000000 0.000000 0.000000 0.764668 0.012533 -1.010735 -2.180086 1.274182 -4.263713 3.984831 2.951050 2.925367 1.877724 1.239803 -12.658744 0.000000 0.000000 0.000000 -13.176653 4.864013 -6.271101 -57.454896 0.178366 -7.437238 -4.173193 -22.288290 0.699006 0.000000 0.000000 0.000000 16.006109 2.740549 3.677202 58.424179 28.030147 8.932510 4.010866 31.194987 3.238182 0.000000 0.000000 0.000000 
-0.035670 0.952720 -0.050970 -2.444891 29.072894 4.242968 5.415317 -0.558499 -3.543833 2.387182 0.083428 -7.440637 -4.761711 0.606775 12.280851 0.000000 0.000000 0.000000 -3.106749 0.195094 -4.037333 -0.651414 0.080832 0.049520 -3.834701 -8.908802 8.513039 0.000000 0.000000 0.000000 0.606501 0.014378 -1.035858 -1.852709 1.163607 -4.508749 3.633616 2.499662 3.231476 1.625434 1.421192 -12.813577 0.000000 0.000000 0.000000 -13.485330 4.759482 -6.333222 -57.481009 0.033376 -7.360256 -5.285404 -22.000322 0.918140 0.000000 0.000000 0.000000 15.848166 2.203615 3.341355 57.931607 27.796701 8.674209 2.199821 31.973244 2.885070 0.000000 0.000000 0.000000 
-0.035639 0.952872 -0.051244 -2.303470 29.225351 4.459853 5.331290 -0.560387 -3.679793 2.288027 0.084192 -7.634428 -4.635403 0.943627 12.460658 0.000000 0.000000 0.000000 -3.273830 0.197413 -4.301145 -0.343379 0.032848 0.125993 -4.118824 -9.493509 8.653820 0.000000 0.000000 0.000000 0.538084 0.016112 -1.091720 -1.820049 1.168062 -4.740822 3.552312 1.987807 3.424103 1.392248 1.566747 -12.985236 0.000000 0.000000 0.000000 -13.463552 4.724961 -6.250640 -58.074706 0.019538 -7.493783 -6.313601 -21.992647 1.137749 0.000000 0.000000 0.000000 15.482863 1.715576 2.935851 57.322641 27.910792 8.609596 0.581106 32.505885 2.517223 0.000000 0.000000 0.000000 
-0.035745 0.953170 -0.051776 -2.153085 29.348452 4.835599 5.222014 -0.566407 -3.921006 2.442265 0.085698 -7.817857 -4.630168 1.228661 12.854716 0.000000 0.000000 0.000000 -3.459585 0.200684 -4.588364 -0.191685 0.003201 -0.105392 -4.376563 -9.967417 9.120795 0.000000 0.000000 0.000000 0.464235 0.020388 -1.246741 -1.704208 1.141697 -5.017460 3.365877 1.489219 3.647647 1.105035 1.772307 -13.332276 0.000000 0.000000 0.000000 -13.519271 4.747136 -6.227006 -58.343464 -0.163911 -7.469195 -7.591189 -21.793745 1.391612 0.000000 0.000000 0.000000 15.350369 1.524945 2.751443 56.720063 28.559367 8.796091 -2.330357 32.478616 1.737852 0.000000 0.000000 0.000000 
-0.035966 0.953330 -0.052417 -2.108853 29.399273 5.160764 5.168467 -0.579334 -4.242700 2.492673 0.085607 -7.783257 -4.287964 1.610678 12.602492 0.000000 0.000000 0.000000 -3.654981 0.212552 -5.096285 -0.019709 -0.023641 -0.052721 -4.467104 -10.109602 9.335920 0.000000 0.000000 0.000000 0.389584 0.027796 -1.532978 -1.647187 1.140266 -5.318027 3.205804 1.276654 3.884566 1.365979 1.622125 -13.433126 0.000000 0.000000 0.000000 -13.363898 4.618516 -6.107176 -58.796842 -0.346203 -7.498927 -7.329877 -22.113659 1.362889 0.000000 0.000000 0.000000 14.942047 1.431518 2.628315 56.319552 29.663789 9.331847 -5.157303 31.369787 0.932526 0.000000 0.000000 0.000000 
-0.036247 0.953438 -0.052950 -2.098720 29.256238 5.396162 5.025644 -0.575199 -4.349760 2.491334 0.087405 -7.841398 -4.031188 2.012748 12.629464 0.000000 0.000000 0.000000 -3.840912 0.215233 -5.414805 0.144721 -0.051995 -0.168345 -4.572648 -10.289169 9.677939 0.000000 0.000000 0.000000 0.526796 0.032334 -1.798170 -1.803651 1.201181 -5.367818 3.139839 1.086720 3.881518 1.241271 1.685350 -13.501634 0.000000 0.000000 0.000000 -13.331511 4.300751 -5.922121 -58.962851 -0.954075 -7.211776 -7.543850 -21.967213 1.412281 0.000000 0.000000 0.000000 14.654701 1.726221 2.698911 56.412065 31.635569 10.493720 -8.091826 29.103162 0.124036 0.000000 0.000000 0.000000 
-0.036511 0.953361 -0.053231 -2.053123 29.320410 5.646305 5.032659 -0.585387 -4.505421 2.346625 0.087329 -8.011815 -3.739322 2.395301 12.505239 0.000000 0.000000 0.000000 -3.822266 0.240238 -5.926575 0.098667 -0.040317 0.080689 -4.665073 -10.464489 9.637010 0.000000 0.000000 0.000000 0.397877 0.037219 -1.998406 -1.759987 1.205620 -5.673434 3.123987 0.918836 4.020553 1.228927 1.706178 -13.608322 0.000000 0.000000 0.000000 -13.316737 4.006051 -5.788706 -59.433512 -1.698261 -6.928663 -6.318229 -22.091181 1.190804 0.000000 0.000000 0.000000 14.316770 2.117226 2.858782 56.331609 33.499766 11.544031 -9.607179 26.579772 -0.249686 0.000000 0.000000 0.000000 
-0.036749 0.953356 -0.053371 -1.908062 29.522419 6.050640 5.089000 -0.601757 -4.671919 2.124708 0.085029 -8.321150 -3.750258 2.562099 12.771834 0.000000 0.000000 0.000000 -3.927675 0.247592 -6.348571 0.060574 -0.035537 0.030509 -4.707445 -10.480251 9.859264 0.000000 0.000000 0.000000 0.510219 0.038878 -2.202272 -1.879949 1.255241 -5.761291 2.983026 0.700059 3.864727 1.051690 1.790867 -13.504886 0.000000 0.000000 0.000000 -13.406837 3.849802 -5.747573 -59.437634 -2.367054 -6.547147 -5.744095 -21.876944 1.077001 0.000000 0.000000 0.000000 13.966628 2.589893 3.043673 56.373663 35.220016 12.612814 -10.229302 24.335583 -0.395407 0.000000 0.000000 0.000000 
-0.036941 0.953316 -0.053383 -1.875292 29.516728 6.152465 5.144942 -0.611519 -4.783753 2.159627 0.085436 -8.266037 -3.718298 2.560834 12.689865 0.000000 0.000000 0.000000 -3.949199 0.255977 -6.618092 0.024669 -0.027292 0.168914 -4.473203 -9.987746 9.752340 0.000000 0.000000 0.000000 0.584974 0.039983 -2.295078 -2.054171 1.328544 -5.878378 2.983600 0.724679 3.960488 1.242333 1.682948 -13.523801 0.000000 0.000000 0.000000 -13.403701 3.506096 -5.612447 -59.339612 -2.750793 -6.327554 -4.855355 -21.816937 0.907133 0.000000 0.000000 0.000000 13.478534 3.197374 3.311730 56.997799 37.016461 13.946718 -10.091408 21.922575 -0.381411 0.000000 0.000000 0.000000 
-0.037036 0.953393 -0.053355 -1.926132 29.458851 6.050891 5.278540 -0.621527 -4.833275 2.117625 0.084512 -7.982987 -3.723408 2.424322 12.494653 0.000000 0.000000 0.000000 -3.873798 0.262260 -6.598322 -0.076365 -0.014200 -0.025801 -4.427751 -9.871844 9.925156 0.000000 0.000000 0.000000 0.839988 0.031986 -2.042106 -2.278504 1.410699 -5.841221 3.014816 0.695102 3.640460 1.068300 1.828124 -13.884805 0.000000 0.000000 0.000000 -13.575997 3.242945 -5.546962 -59.075775 -2.983633 -6.095940 -4.050741 -21.525183 0.750489 0.000000 0.000000 0.000000 13.423369 3.987957 3.702722 57.351371 38.384234 14.916760 -9.455237 19.928693 -0.306976 0.000000 0.000000 0.000000 
-0.037013 0.953559 -0.053086 -1.918387 29.241213 5.976876 5.329748 -0.617714 -4.727127 2.082484 0.085351 -7.875850 -3.486867 2.721195 12.425183 0.000000 0.000000 0.000000 -3.855539 0.270875 -6.734799 0.010288 -0.026473 0.041731 -4.323646 -9.682721 9.845623 0.000000 0.000000 0.000000 0.896032 0.030197 -1.971244 -2.330146 1.432616 -5.886023 3.106745 0.771214 3.833964 0.828840 2.015231 -14.178676 0.000000 0.000000 0.000000 -13.721828 2.850938 -5.422763 -58.917114 -3.331602 -5.878387 -3.215380 -20.459488 0.589434 0.000000 0.000000 0.000000 13.158849 4.667287 4.023003 57.992048 39.455905 15.827124 -8.788251 18.704627 -0.233831 0.000000 0.000000 0.000000 
-0.036734 0.953726 -0.052437 -1.992229 29.064800 5.975932 5.507257 -0.632292 -4.821722 1.921300 0.085011 -7.736339 -3.360071 2.785390 12.252822 0.000000 0.000000 0.000000 -3.764616 0.290036 -6.902546 0.038218 -0.026239 0.282459 -4.301559 -9.682866 9.596569 0.000000 0.000000 0.000000 1.062256 0.027291 -1.941598 -2.478611 1.490352 -5.946070 3.278123 0.527922 3.895504 0.355607 2.348885 -14.791906 0.000000 0.000000 0.000000 -13.928512 2.861597 -5.427026 -58.655351 -3.629635 -5.660046 -2.399561 -19.577927 0.459278 0.000000 0.000000 0.000000 13.154130 5.169094 4.213729 58.445595 39.668136 16.115098 -7.603549 18.621453 -0.110545 0.000000 0.000000 0.000000 
-0.036284 0.953919 -0.051488 -2.005427 28.980734 5.810894 5.551188 -0.616030 -4.412388 1.808121 0.084577 -7.757443 -3.261187 2.881055 12.187125 0.000000 0.000000 0.000000 -3.705429 0.284193 -6.600383 0.019320 -0.024224 0.206858 -4.211090 -9.515382 9.550312 0.000000 0.000000 0.000000 1.101306 0.025792 -1.871560 -2.445721 1.471333 -5.823392 3.352826 0.476103 3.935340 0.063381 2.507222 -14.755158 0.000000 0.000000 0.000000 -14.367920 2.712852 -5.484764 -58.384384 -3.660286 -5.549061 -1.880083 -18.414502 0.374586 0.000000 0.000000 0.000000 13.476872 5.531812 4.439313 59.045361 39.089778 15.930836 -6.914897 19.239251 -0.024939 0.000000 0.000000 0.000000 
-0.035751 0.953986 -0.050577 -2.016326 28.892722 5.780747 5.583924 -0.613332 -4.302102 1.911089 0.085381 -7.655993 -3.113361 3.077498 12.152018 0.000000 0.000000 0.000000 -3.661008 0.290161 -6.607139 0.024429 -0.020506 0.465426 -4.209277 -9.545635 9.359286 0.000000 0.000000 0.000000 1.178328 0.026926 -1.940072 -2.493298 1.487779 -5.806276 3.489233 0.424779 4.078948 -0.236636 2.771350 -15.534272 0.000000 0.000000 0.000000 -14.594781 2.719470 -5.538728 -58.231601 -3.262665 -5.706450 -1.638132 -18.009254 0.341349 0.000000 0.000000 0.000000 13.702129 5.592968 4.487433 59.695171 38.024704 15.477588 -5.412007 20.339278 0.197922 0.000000 0.000000 0.000000 
-0.035269 0.954015 -0.049962 -2.030634 28.605851 5.701226 5.539228 -0.602470 -4.190246 1.895648 0.086726 -7.564160 -2.986041 3.258168 12.178907 0.000000 0.000000 0.000000 -3.662449 0.291220 -6.550953 -0.005293 -0.010584 0.728629 -4.032134 -9.223499 9.149041 0.000000 0.000000 0.000000 1.302479 0.025108 -1.911749 -2.711875 1.560157 -5.668854 3.656372 0.552097 4.171459 -0.301032 2.828990 -15.765227 0.000000 0.000000 0.000000 -14.898454 2.793260 -5.652733 -58.013464 -2.951760 -5.798005 -1.618586 -17.885153 0.343020 0.000000 0.000000 0.000000 14.190509 5.893001 4.715366 59.770206 36.940044 14.737560 -4.022704 21.616852 0.446312 0.000000 0.000000 0.000000 
-0.034863 0.954131 -0.049640 -2.049838 28.412052 5.536077 5.362557 -0.586484 -4.179524 2.003582 0.086114 -7.259060 -2.719020 3.523030 11.959632 0.000000 0.000000 0.000000 -3.708128 0.282481 -6.412655 0.048268 -0.015745 0.948808 -3.872446 -8.916826 9.072835 0.000000 0.000000 0.000000 1.346398 0.022003 -1.790350 -2.803042 1.588964 -5.569704 3.826208 0.753923 4.276813 -0.543572 3.027210 -16.210816 0.000000 0.000000 0.000000 -14.919293 2.839339 -5.685266 -57.994146 -2.590595 -5.986944 -1.837071 -18.027999 0.378572 0.000000 0.000000 0.000000 14.194687 5.889112 4.727103 60.055730 36.471443 14.541520 -2.658919 23.054962 0.748962 0.000000 0.000000 0.000000 
-0.034448 0.953914 -0.049275 -2.041031 28.518137 5.612195 5.308270 -0.592569 -4.375838 1.952112 0.082510 -6.917238 -2.554857 3.562562 11.581959 0.000000 0.000000 0.000000 -3.744000 0.282703 -6.511097 0.029491 -0.009654 1.208461 -3.909269 -9.008905 8.834073 0.000000 0.000000 0.000000 1.454288 0.021764 -1.853288 -2.831219 1.597232 -5.541433 3.815434 1.045639 4.275440 -0.511030 3.009141 -15.942328 0.000000 0.000000 0.000000 -14.946781 2.876817 -5.776155 -57.636155 -2.113610 -6.154889 -2.296850 -18.856467 0.442807 0.000000 0.000000 0.000000 14.261966 5.974144 4.850704 59.773138 35.895307 14.086223 -1.777927 25.454477 1.081387 0.000000 0.000000 0.000000 
-0.033988 0.953992 -0.048730 -1.947325 28.329462 5.742355 5.132486 -0.579065 -4.346020 1.970203 0.082947 -6.846602 -2.261965 4.039791 11.652898 0.000000 0.000000 0.000000 -3.859618 0.277247 -6.566412 0.093653 -0.019410 1.254457 -4.012918 -9.230238 9.007411 0.000000 0.000000 0.000000 1.418913 0.026926 -2.008915 -2.933022 1.649391 -5.807632 3.945173 1.516116 4.674227 -0.304547 3.008935 -16.580345 0.000000 0.000000 0.000000 -14.399249 3.099478 -5.759622 -57.643074 -1.569861 -6.530866 -3.260540 -20.102831 0.603224 0.000000 0.000000 0.000000 13.960597 5.519464 4.642305 60.162185 35.660581 14.125797 -0.877878 27.667653 1.483672 0.000000 0.000000 0.000000 
-0.033435 0.954052 -0.048110 -2.012920 28.652973 5.770223 5.275560 -0.593999 -4.394606 1.877907 0.080067 -6.724808 -2.334542 3.982825 11.697446 0.000000 0.000000 0.000000 -3.775815 0.281777 -6.564329 -0.050193 0.002502 1.129017 -4.073409 -9.298668 9.236586 0.000000 0.000000 0.000000 1.527712 0.030020 -2.180676 -3.024789 1.687006 -5.848744 3.955676 1.803574 4.735108 -0.080375 2.921449 -16.521198 0.000000 0.000000 0.000000 -13.912383 3.274358 -5.752021 -57.358558 -0.826715 -6.910254 -4.268682 -21.794717 0.785746 0.000000 0.000000 0.000000 13.721079 5.535763 4.693327 59.548192 35.267271 13.718527 -0.542001 30.560679 1.858592 0.000000 0.000000 0.000000 
-0.032858 0.954251 -0.047638 -1.912815 28.692618 5.890906 5.094382 -0.586259 -4.463018 1.969916 0.077197 -6.504673 -2.521925 3.703521 11.694141 0.000000 0.000000 0.000000 -3.827298 0.277228 -6.586834 0.089857 -0.021927 1.112441 -4.299308 -9.771578 9.279959 0.000000 0.000000 0.000000 1.382010 0.040898 -2.518662 -2.947392 1.658767 -5.861095 3.952571 2.332883 4.955566 0.350494 2.768065 -16.783451 0.000000 0.000000 0.000000 -13.555253 3.217849 -5.703195 -57.250453 -0.233181 -7.244993 -5.426831 -23.230926 1.010334 0.000000 0.000000 0.000000 13.351805 5.188146 4.552464 59.255088 35.327345 13.723720 -1.233438 33.146529 1.989909 0.000000 0.000000 0.000000 
-0.032278 0.954242 -0.047523 -1.825415 28.805210 5.992937 5.026284 -0.589711 -4.600266 1.907378 0.077672 -6.563677 -2.571050 3.725636 11.837534 0.000000 0.000000 0.000000 -3.983757 0.262325 -6.628975 0.224723 -0.044451 1.226722 -4.218304 -9.613618 9.067474 0.000000 0.000000 0.000000 1.459980 0.046401 -2.790330 -3.159043 1.744766 -6.001241 3.940653 2.389736 5.212283 0.494484 2.711088 -16.829858 0.000000 0.000000 0.000000 -13.306780 3.186251 -5.623406 -57.250217 -0.076200 -7.377368 -5.926747 -24.053285 1.130183 0.000000 0.000000 0.000000 12.853605 5.181128 4.478409 58.894192 36.007775 14.081846 -2.244512 34.913332 1.886822 0.000000 0.000000 0.000000 
-0.031760 0.954379 -0.047842 -1.721740 28.921114 6.272043 4.803480 -0.598206 -4.997905 1.900524 0.072903 -6.190737 -2.679243 3.413489 11.564515 0.000000 0.000000 0.000000 -4.078584 0.267389 -7.006339 0.081718 -0.018643 1.380450 -4.402516 -9.958193 9.250397 0.000000 0.000000 0.000000 1.330920 0.055064 -3.182977 -3.181456 1.738586 -5.784191 3.747894 2.856764 5.018721 0.760614 2.562445 -16.524232 0.000000 0.000000 0.000000 -13.305642 3.050167 -5.660200 -57.213824 0.087108 -7.425425 -6.122716 -24.437994 1.142142 0.000000 0.000000 0.000000 12.480647 5.216995 4.505477 57.792501 37.365708 14.615636 -4.903710 35.005291 1.132108 0.000000 0.000000 0.000000 
-0.031338 0.954662 -0.048574 -1.604792 28.925282 6.452022 4.502179 -0.581461 -4.994582 1.954145 0.073098 -6.219855 -2.489203 3.721222 11.576166 0.000000 0.000000 0.000000 -4.384860 0.245437 -7.325612 0.175080 -0.033138 1.610867 -4.092227 -9.264805 9.413407 0.000000 0.000000 0.000000 1.404405 0.059204 -3.437292 -3.286754 1.769862 -5.679166 3.519719 3.064114 4.949713 1.217856 2.342700 -16.692017 0.000000 0.000000 0.000000 -13.187377 3.014867 -5.647713 -57.682490 -0.158198 -7.409641 -5.735322 -24.056097 1.030343 0.000000 0.000000 0.000000 11.814907 5.480047 4.547535 57.164858 39.932586 16.065932 -8.779348 32.897972 -0.036898 0.000000 0.000000 0.000000 
-0.031008 0.954774 -0.049635 -1.481660 28.750531 6.602285 4.255921 -0.566976 -4.991281 1.832894 0.071163 -5.959094 -2.336774 3.708531 11.192103 0.000000 0.000000 0.000000 -4.643830 0.227302 -7.569348 0.171498 -0.031974 1.579641 -4.168542 -9.448826 9.315609 0.000000 0.000000 0.000000 1.445710 0.062283 -3.593768 -3.246098 1.759376 -5.794653 3.156894 3.209826 5.036112 1.237725 2.300953 -16.381877 0.000000 0.000000 0.000000 -12.931446 2.500386 -5.372139 -58.216171 -0.856625 -7.192859 -5.392582 -23.265058 0.934340 0.000000 0.000000 0.000000 10.925961 6.151013 4.729823 55.447839 42.438522 17.017270 -12.819128 30.501062 -1.066450 0.000000 0.000000 0.000000 
-0.030749 0.955338 -0.050845 -1.406252 28.739064 6.882402 4.049472 -0.570292 -5.225535 1.858414 0.073178 -6.085160 -2.318857 3.633327 11.017942 0.000000 0.000000 0.000000 -4.959287 0.205463 -8.087639 0.216931 -0.037174 2.042377 -4.177844 -9.416108 9.656472 0.000000 0.000000 0.000000 1.404798 0.064394 -3.793074 -3.181570 1.734080 -5.825820 2.883302 3.278305 4.794071 1.630788 2.036968 -16.135014 0.000000 0.000000 0.000000 -13.095934 2.465258 -5.437796 -58.534677 -1.298702 -6.983419 -4.912097 -22.580322 0.815269 0.000000 0.000000 0.000000 10.005286 6.247923 4.588114 53.705307 44.732284 17.817356 -15.446852 28.647742 -1.600247 0.000000 0.000000 0.000000 
-0.030458 0.955493 -0.052065 -1.264731 28.487601 6.777490 3.959528 -0.565184 -5.252399 1.837371 0.071505 -5.894634 -2.587461 2.834938 10.449275 0.000000 0.000000 0.000000 -5.178367 0.180420 -8.056868 -0.081229 0.018777 2.264787 -3.729756 -8.548664 9.086185 0.000000 0.000000 0.000000 1.318022 0.056655 -3.320233 -2.896501 1.655143 -6.279753 2.372473 3.334989 4.685924 1.864207 1.819860 -15.555212 0.000000 0.000000 0.000000 -13.401570 2.441429 -5.569376 -58.582447 -1.783626 -6.670640 -4.166607 -22.065490 0.647610 0.000000 0.000000 0.000000 9.007851 6.470554 4.498403 51.793934 46.699460 18.289769 -19.316433 27.332165 -2.278189 0.000000 0.000000 0.000000 
-0.030156 0.955638 -0.053100 -1.205324 28.468655 7.138677 4.062595 -0.593084 -5.593193 1.579169 0.076784 -6.120158 -2.758044 2.432496 10.266189 0.000000 0.000000 0.000000 -5.628752 0.139060 -8.385584 -0.130202 0.027440 2.173252 -3.557672 -8.122408 9.739588 0.000000 0.000000 0.000000 1.401073 0.062484 -3.719357 -2.940657 1.642692 -5.865354 1.858946 3.562268 3.985808 2.964274 1.130583 -15.344565 0.000000 0.000000 0.000000 -13.879655 2.728697 -5.900246 -57.743627 -1.666115 -6.415010 -4.833313 -21.683982 0.748179 0.000000 0.000000 0.000000 8.219534 5.596924 3.905656 49.926971 48.094154 18.471463 -22.861762 27.563582 -2.942893 0.000000 0.000000 0.000000 
-0.029761 0.956027 -0.053918 -1.159250 28.635320 6.515637 4.000859 -0.558337 -5.110616 1.214178 0.069105 -5.388514 -2.343611 2.882839 9.903372 0.000000 0.000000 0.000000 -5.405600 0.147669 -8.225020 -0.408698 0.081194 2.888497 -3.531389 -8.074194 9.479289 0.000000 0.000000 0.000000 1.511672 0.055170 -3.264172 -2.875129 1.668915 -6.602104 1.547674 3.683065 5.147237 3.470177 0.917694 -15.472545 0.000000 0.000000 0.000000 -14.975170 1.825476 -6.022521 -56.981047 -1.300362 -6.352873 -3.438733 -22.698481 0.472415 0.000000 0.000000 0.000000 8.059882 5.206567 3.750217 47.532229 48.387445 17.464480 -27.631819 30.073690 -4.157156 0.000000 0.000000 0.000000 
-0.029466 0.956556 -0.054447 -1.278041 27.403254 6.876037 4.003688 -0.568483 -5.348684 1.135759 0.082874 -5.923503 -2.799672 3.350864 12.057088 0.000000 0.000000 0.000000 -5.683974 0.169849 -9.285460 0.661678 -0.109760 3.367240 -3.787250 -8.762449 9.308504 0.000000 0.000000 0.000000 1.367217 0.085005 -4.528551 -3.569087 1.824480 -4.961382 2.630024 4.448810 4.009126 3.253236 0.691724 -13.835674 0.000000 0.000000 0.000000 -14.244702 2.530439 -5.953688 -57.227242 -0.982953 -6.568011 -6.110466 -23.263031 1.024378 0.000000 0.000000 0.000000 5.827574 5.551788 3.404445 46.105470 48.278875 17.092270 -29.223104 31.117551 -4.715534 0.000000 0.000000 0.000000 
-0.029157 0.957853 -0.054546 -1.254550 27.578339 5.886968 4.186481 -0.542681 -4.816879 1.624852 0.065374 -5.210519 -2.573930 3.433156 11.541408 0.000000 0.000000 0.000000 -5.182177 0.177932 -7.351680 -0.369430 0.079901 2.771300 -3.160819 -7.381026 10.535698 0.000000 0.000000 0.000000 1.407368 0.068972 -3.505910 -3.238288 1.749173 -5.622208 2.049598 3.726769 5.202825 3.784562 0.151661 -12.763071 0.000000 0.000000 0.000000 -15.072916 2.182293 -6.063280 -56.580649 -1.793433 -6.020456 -5.284219 -21.723557 0.862378 0.000000 0.000000 0.000000 6.430109 5.890777 3.666295 42.129558 46.547063 14.079011 -32.008907 34.087914 -5.856903 0.000000 0.000000 0.000000 
