Identifying videos...
[1] HlP6Z2dBSWY → Huge Buffalo & Beautiful Cows Compilation 2025 | Most Majestic Farm Animals Ever! 🐃🐄✨
[2] _iMMbj-BZnw → Diseases in Peanut Crops
[3] Tw_dQpDPO50 → I created a Frankenstein tomato...
[4] l3eTBlF7eyM → Amazing Agriculture Sprayer Machine #farming
[5] O99DIsMmqnY → Orbit Tomato Drip Watering Kit
[6] cslckB6QPv8 → Organic Certification Process
[7] FPfnT0E92Xc → The SHOCKING Truth About Automatic Crop Harvesting. | #shorts #facts #crop #harvest #technology
[8] qoAY-_wuu6E → How Does Regenerative Agriculture Improve Soil Health? - Ecosystem Essentials
[9] 6UpLCQDcpx8 → 3 tips to care for plants with beer  #garden #gardening #plants
[10] HzOKIkuuYvI → Testing for Polluted Runoff in Pennsylvania
[11] acWoC3HOXdk → Greenhouse Planting Schedule
[12] ewnCILrjsMQ → Explore the farmer's grape growing process: High-tech agriculture| Farming Documentary
[13] bprbR9YHoTA → Modern Dairy Farm Equipment
[14] Wa-mv3ePfkk → 299 Futuristic Agriculture Machines And Tools: Revolutionizing Farming in the 21st Century ▶ 11
[15] 2osWPUviNJQ → Find Farm Equipment For Rent Fast & Easy On TractorHouse.com
[16] eLU9oIYF6YE → Tha life of agriculture engineer students in budhni Bhopal
[17] OXvuAlp_dow → AGRICULTURA SUSTENTÁVEL -CURTA METRAGEM / DOCUMENTÁRIO
[18] phoHsw1-hy0 → Winter Farming Secrets: How to Farm Successfully in Cold Weather
[19] ehRtFEKByN0 → 64000 FREE Points EASTER EGG on Terminus 🤯👀 | Black Ops 6 Zombies
[20] RP4Eb_0hMOs → Beginners Guide To Raising BACKYARD CHICKENS
[21] SPh5ioOBKkA → McIntosh Farm Machinery Multi 4 Bale Feeder
[22] JviMKb1hZ_U → Building a DIY irrigation system out of PVC pipes for under $50! #garden #diy #gardening #irrigation
[23] pgZa7nhGUeU → How Does Agriculture Affect the Environment? | The World of Agriculture
[24] sQWV-pAZl1A → Growth Stages Of Soybean Plants
[25] 4lo0_J5q0jE → Farm Hacks That Actually Work! Boost Your Agricultural Productivity #viral #trending #shortsfeed
[26] DoVGbPa0jHw → 15 Modern Farming Technologies that are NEXT LEVEL
[27] w0kNLDA7_tw → Cattle are lower Tuesday morning | Opening Market Minute
[28] mkC1r6eRI_k → Hear what this farmer says about AutoPath™  | John Deere Precision Ag
[29] Sf1X8vduH2Q → Is watering plants overhead bad?
[30] T6wqCJMrBkk → Field to Fork: "Food Safety Inspections and Audit Requirements"
[31] CaoAcHxXXQs → Afghan Kush Mountain LANDRACE!  A close look a indoor plant cultivation techniques.
[32] B8JxQPs1kIc → Grazing Cover Crops: Why Should a Livestock Producer Use Cover Crops?
[33] i_qUm54OUX8 → Increasing Crop Yield and Pasture Performance for Farmers - MALDIID
[34] y9kKlXFO0mI → Introduction to SMART Milking Machines - English
[35] XWp1hdrqax0 → Short Paragraph on Sustainable Agriculture
[36] 6DJnN4S3xjs → Essential Cultivation Machines #satisfying #shot
[37] LNDNZR3PboU → BTech (Hons) in Agricultural Technology at SLTC
[38] qHj086xTyJk → Mega Sardines 12-Hour Catching to Canning! #agribusiness #megasardines
[39] EMOanlcZGi8 → Money Making Farming Techniques & Farming at School | Haritham Sundaram
[40] QKScMbn7Wu0 → How to farm better
[41] EFOUiXBds50 → Certified Humane Promotes Farm Animal Well Being
[42] sc27Mvc0i9g → Intelligent Cow Transport  #cow #farming #automobile
[43] jtXhgAPZy-E → Farming for beginners: a simple guide to farming
[44] izZq692gwcs → 🔥NAJWIĘKSZE TARGI ROLNICZE W POLSCE!🔥AGRO SHOW BEDNARY 2022 Z NAJLEPSZĄ EKIPĄ!🔥AGROvlog TV🔥
[45] 3ctAD6M7azo → Beautiful Time Of Goat।animal lover #shorts jun27 season 3f
[46] isNZtqjeLRg → Why You NEED This Planter for Your Container Garden!
[47] p2fvZLR8DJc → What Is The Best Crop Rotation For Tomatoes? - The World of Agriculture
[48] gJtO7d-VETE → How Did She Fall There | Amazing  Tool & Agricultural Activities #shorts #tools #youtubeshorts
[49] NOHLn3ejC1M → How to grow and roast your own coffee beans at home
[50] I-U-rL8p_T4 → Amazing Cucumber Harvest | Cucumber Garden With Rural Farmer #youtubeshorts #shorts #agriculture
[51] eurIrWZQMbI → Seeding justice: Food access and farmer viability in our communities | Deidre Grim | TEDxSavannah
[52] RxITZSEis4I → Plants in space
[53] qKAnUjZwpX4 → Increasing Awareness of the Power of Precision Farming Practices
[54] htPHQmPy3hw → Tractor operation and maintenance
[55] 4JofAMHuDjk → Pond Management
[56] chTXyrXzmuQ → "Explore Beef Raising Techniques at Australia's Leading Farms"
[57] gM_WjZrHsUQ → 10 Lines on Agriculture in English /Importance of Agriculture/ importance of agriculture essay
[58] 1tgPQE5jinY → Let’s grow winter vegetables 🌿
[59] KoHmbaDMg6M → Agriculture Loan - Mortgage Loan Video Reviews
[60] E7X2uZsnFsQ → Agricultural activity: watering plants in a vegetable garden
[61] 5rFVNgOM11I → Strawberry crop production in the U.S.
[62] RRmbq8dTF3k → Basic 3 – Agricultural Science (Topic - GRAIN CROPS)
[63] TVNORdZFR4E → Ministry of Agriculture to showcase small farm machinery
[64] EyNLQgJopvU → Revolutionizing Farming with Precision Agriculture and Drone AI Technology
[65] TQvrZqlEjHQ → The Green Thumb: Organic Growth with Cow Dung
[66] mdd2aydvGDo → ਪੱਕੀਆਂ ਹੋਈਆਂ ਤੋਰੀਆਂ ਨੂੰ ਕਦੇ ਵੀ waste ਸਮਝਕੇ ਨਾ ਸੁੱਟੋ #farming #agriculture #video #viral #subscribe
Error fetching metadata for video ID l917NkEp4W0: Command '['yt-dlp', 'https://www.youtube.com/watch?v=l917NkEp4W0', '--skip-download', '--print-json', '--cookies', 'cookies.txt']' returned non-zero exit status 1.
[67] l917NkEp4W0 → Unknown Title
[68] iZobjKZkOdw → Mastering Crop Rotation - Techniques for Sustainable Farming (16 Minutes)
[69] YI4C_vqg8hw → Water abstraction licensing: preparing for future changes - 29 January 2025
[70] 5C-L-BSL2Yo → GUOTAI GROUP  Taishan Tractor Operation and Maintenance
[71] NqeR6Jyh3tI → The Shocking Truth About BBC Radio Drama You Won't Believe!
[72] 5AMejos2WmY → Aeroponic Lettuce Farming: Agriculture with Less Water 🌱 #WaterConservation #LettuceFarming
[73] bxJiO3ZU22E → Top Horse Care Expert Shares WINTER Health Secrets!
[74] YrrfTiXhPrk → Improve Soil Health and Yields by Integrating Cover Crops and Livestock Grazing
[75] uFe7KcOvVL4 → Quality Tractor Parts
[76] RF40ePD0tkU → What do you think this man is doing here? #shorts #shortsviral  #agricultureinnovation #agriculture
[77] G7PF_7iGKwI → Tractor Operation and Maintenance - Presentation/Seminar
[78] Q0i_uDVGqtQ → The Life Cycle of a Pumpkin Read Aloud
[79] LLSLZKfUieI → Will FarmRobo Type 3 Replace Tractors and Tillers? Amazing Driverless Agriculture Robot
[80] 0RJel9zgQ9k → Grandma and Grandpa Pick Mangoes #farm #farmer #farming #farmlife #village #villagelife #fruit
[81] DPkc5xD9FVw → #YouTubeShorts #YTShorts #ShortsVideo #ViralShorts #Daily #Shorts #Farming #FarmLife #Harvesting
[82] uiN3cjt6nUc → Agricultural Land Use Plan
[83] NK6l0FeKAQI → Techniques To Grow Beautiful Peppers #satisfying #shortsvideo
[84] 4JOhcfAUCLc → Exploring The Barnsley Grain Elevator (Revisiting Series episode three)
[85] A6Z6LI3Wo94 → ANIMAL KINGDOM // DAMASCUS GOAT
[86] Z-KPvr-xC-0 → Texas father son build farm-model drug treatment center in effort to help with long-term sobriety
[87] mV48fnztoAI → Buy Lease or Rent Your Construction Equipment  | John Deere Financial
[88] bhzQFIZuNFY → Mankind: The Story of All of Us: Birth of Farming | History
[89] pBeygsSPzu0 → Top 300 Unexpected Agricultural Machinery and Ingenious Tools Working At Another Level! ▶ 71
[90] TkbuW0_kLjU → 10 Innovative Farming Technology Advancements You Need To Know About
[91] Oz8zV3FTXac → grain silo equipment | silo panel forming machine | Steel silo roll forming machine
[92] q9aGglgNd0s → FUN WITH FARM ANIMAL TOYS! #animalworld #farmanimals #animal #farmyardanimals #kid
[93] TRzJRk-Kf0g → Grafted #tomato ଚାରା କୁ ରୋଗ ମୁକ୍ତ ରଖିବା ପାଇଁ Pesticide 🍅ll Plantation tips &  #care  ll
[94] y6_VTskGns4 → Best water irrigation for corn 🌽🌽🌽 💦💦 .#corn #farming #farm #agriculture #irrigation
[95] vchr8zQTqFE → We're Farmers Stereotypes (Trending)
[96] QnqizpCAs18 → Meet BINFRONT - Your Farm Storage Solution
[97] 8-uPCmHX3U0 → Israel enlists drones AI and big data to farm for the future | AFP
[98] 2iIuH1YekCo → 5. Organic farming techniques
[99] K2W07IrQlec → TM53 Compact Square Baler by Abbriata
[100] 9qgqZJ0Gt_0 → DON'T BUY Grow Lights
[101] CQGZ1_Fgywo → Kubota second hand tractor sales |  #sg vehicle | @ sg vehicle
[102] oSeymAsdV2c → Farmland Preservation NC Forever Farms Program
[103] DArDb2tCl0Y → Climate-Smart Agriculture: Introduction Benefits and Challenges
[104] L-tgSe5rPAs → Agriculture practices# plants lovers#
[105] x9AL-LVlfII → Soil Health Applied - Crop Diversity and Weed Suppression (3/6)
[106] OkkhXtiaTz0 → Silage wraphaylage wrap round bale wrap for sale
[107] _GY8upFuc7w → Three Steps TO Speed Up Grape Color Change #farming #agriculture #satisfying
[108] NGMOsPKB-4E → Is your chicken coop too big?
[109] gJfOireH__A → 60 Seconds with Johanna: Agricultural Consultant Skills Assessment
[110] VskKAlu6T2w → PART 1 | 10 Vegetables to GROW INDOORS YEAR ROUND | NO Grow Lights | Container Gardening
[111] aWIdNNKI7Nk → How Does Organic Farming Improve Soil Fertility and Structure? - Ecosystem Essentials
[112] PGmKPK4yEYo → How To Run Sprinkler Wire
[113] FYF7RSsH5d0 → Introduction to Top Plant Breeding Techniques
[114] EQ1M0_J_AwE → AGRICULTURAL EXTENSION
[115] xErDwOySWIE → How A Biofuel Maker is Test-Growing A New Energy Crop
[116] NEUd111eik8 → The Succulent Plant Harvest: Get Endless Plants for Your Garden
[117] -H_yOuOWTRk → Destination China – new export market opens up for fresh BC blueberries
[118] q64skCC2eaU → Agricultural Biodiversity in the International Year of Biodiversity 2011
[119] jK4U5YVq6-k → Discover the BEST of Rural Life in Manikganj Char
[120] tRoIuNc__kg → Wisconsin Farmer Getting Stiffed By Trump Administration
[121] -__sBSuBzcA → 2. IRRI Agronomy Challenge 2: Transplanting Day (20 December 2012)
[122] aqv10H3x1us → Organic farming - WELS (Waterpedia Environmental Learning Series)
[123] rjQoiMnb7AY → Solids Lifting Overflows (SLOs) for filtration in Aquaponics
[124] CxiAGr3m-PA → Grow Your OWN Vegetables at Home in Just 30 Days
[125] x-JTuH9G5kA → How to water plants while on vacation | Container garden watering
[126] vAAI1AojMMI → 📚 Crop Production and Management || Part 2 || Class 8 Science || By Muskan Ma'am
[127] lyjM_G3qtuA → Sustainable Agriculture - science challenge
[128] RAI_Rl8Kp60 → Fieldays 2025: Walking Tour of New Zealand's Largest Agricultural Event! #farming #agriculture #car
[129] bbtLoGoZZu8 → Grade 12 Agricultural Management Practices - Farming Production Systems & Methods
[130] 2rkmpKNKISA → how to service your FARMALL tractor
[131] M26mL3-CtKk → Flow Office honey harvest  🐝🍯
[132] VCrUAZ9lbhg → What is Community Supported Agriculture (CSA)?
[133] _JyyKZLfHBc → Making hay is dirty business with an open cab tractor! #trending #agriculture #farming #ranchhand
[134] K1F-hG165g4 → Pesticidewise: minor pesticide spill
[135] NicweYnR8Ik → Spring Planter Tips and Planting Considerations
[136] OmhDRLXkqS0 → Billion-Dollar Chili Farms – How Chinese Farmers Grow and Harvest Chili
[137] sx4sspZVI_I → AGRICULTURAL SEASONS class-4
[138] CM5CA-iudH4 → New Dealer Outlook & Trends Report: Editor's Blog 10/16/2012
[139] JhJOPdiRY3k → The best chicken automatic coop door you've been waiting for! | Chickcozy automatic door
[140] daT1Lbvd7ak → Grow an Apple Tree from Seed...
[141] IAHNsb7wNBA → singular and plural nouns words
[142] p6XaKkcS014 → Webinar: Strengthening Private Sector Extension Advisory Services
[143] mHovQpXP9yM → 5 Reasons Why MDM Is The BEST MILKING MACHINE
[144] fEpoqlBkNuI → Mini Plow Machine #SHORTS
[145] EjOkgq5t8n4 → World Modern Agriculture Technology: High-Tech Harvesters Transforming Global Farming
[146] yFsxQD4BfDc → Why Grow Cover Crops - The Key Benefit Everyone Overlooks
[147] l7EELyHuzzY → 40 Variety Of Summer Flower Seeds| Germination Tray under ₹150 #amazon #amazonfinds #amazonhaul
[148] LuJJKZwFHH8 → mini cultivator #shorts #agriculture #farming
[149] CzM5IzqWcy4 → How investing in sustainable agritourism in Jordan can make a difference
[150] mlckKspxm1o → Cover Cropping Techniques - Nesenkeag Farm Litchfield NH
[151] nujhnfDZ8Zo → Blockchain in Agriculture: Improving Supply Chain Traceability
[152] H9EQYptoPgw → Introducing the 604R Classic Baler
[153] y19BtUliL78 → Agribusiness Development Agency | Leaders in Job Creation & Supplier Development
[154] AUajMmoa8yc → Farm life is better with furry friends🐾🌾
[155] O_9Ha0i-WVc → Life as a Farmer: A Day in the Fields #farmerlife #agriculture #shortsyoutube #life
[156] BQeb1gy-foI → YOU’VE NEVER SEEN THIS BEFORE 🙌 Seed drills contrary to what their simple design might suggest rev
[157] fDZNiU-XFrY → Grain Farming Process
[158] lFnjQhJRab0 → Grape Farming Techniques #satisfying #short
[159] Jasl0KDj0P8 → Delving Into 500000 Acres of Wheat Farming in Russia - Agricultural Techniques
[160] oKBNVkbN_eY → Learning Event 9 Agriculture and Rural Development Day at Rio+20 (Part 1/2)
[161] YY_LeQMoNTQ → Amazing Farming Machine in Action 🚜💥 | JUST KD Agriculture | Part 119
[162] epczSpnVb0c → Our innovative solution to prevent soil erosion during the rainy season: Introducing Yaa Faek!
[163] HVrrCQJqthg → Farm Together 2 How to Use Farmhands
[164] lDn6jP7EiGA → Agricultural Waste Management II
[165] qoJX5DBGqpE → Targeting Hunger with Nuclear Techniques
[166] 9aCLR0Rly28 → Different Types of Agriculture Pumps | Modern Agriculture Irrigation Systems
[167] lcMnldjcX04 → How Farmers Harvested and Threshed Wheat in the 1880s
[168] 57AOaNT7TMk → Hydroponic vs Traditional Farming: Which Method is Best for You?
[169] EzGixO8jX-s → Donald Ort - Improving Photosynthetic Efficiency for Improved Crop Yield
[170] vI1I7HMIQXE → 12 Herbs You Can Grow in Water! | How to Grow Herbs in Water
[171] CnRzvrzphIU → Agriculture Drone Market Outlook 2024-2034: Growth Trends Key Players & Future Opportunities
[172] fy0SUhxY0KU → Citrus Grafting  Simple Practical #agriculture #farming
[173] XOCcO5rTy-M → Success Story with Susanne Vogelgsang from Agroscope (short version)
[174] zW3TPU56sw0 → Planting peppers in a raised bed #peppers #plantingpeppers #gardening
[175] STx-9k3y380 → Manual Ploughing Tool
[176] -zDAa4h109Q → Valley Marketplace has the widest range of farm-fresh produce at incredible prices.
[177] bSdmte2TO8U → FARM LIFE IS WILD #animals #shorts
[178] TXHAmmjNj5s → Great Plains Drill Calibration Video
[179] 1uv70NvFcII → KH Farms: Regenerative Grazing Helps Make A Sustainable Farm
[180] 8Ria4DYXpFw → Why Urban Farming Is More Than Just a Trend 🌱 | Urban Farming Benefits Explained
[181] IqeSEtC5XpU → This Week in Agribusiness June 14 2025
[182] za7zZIN_sq4 → 6 Watermelon Growing Mistakes To Avoid 🍉
[183] q_oCtejihgA → Nutrient Management in No-till Cropping Systems
[184] fzMdYD0WXYw → Organic Sound and Sensible Project - Siembra Farm Our Path to Organic Certification
[185] BxYIphA6ehg → Amazing Farming Machine in Action 🚜💥 | JUST KD Agriculture | Part 148
[186] UPk72G1CIt8 → Cabbage Farming: A Step-by-Step Guide for Beginners - Agriculture
[187] PVvmgxUr87w → Grospire India's First Vertical Aquaponics System.
[188] o-r20qlnikU → Drip Irrigation kit for Home Garden plants Self-Watering Spikes Plants AutomaticWater(Link in Bio)
[189] dlQjS67W3q0 → Soil biology for crop and soil health.
[190] 9zmqN7IGsJc → #cattle  #australianoutback #agriculture #ruralaustralia
[191] lXWGMT4oRLw → Management Practices for Soil Health
[192] IsuHbon0ukE → Small New Garden Tools #satisfying #shot
[193] muI1DSK2Z9s → How Did Mesopotamian Farming Practices Influence the Fortnite Items Shop?
[194] 90Lz64lQLJs → Hayrack Coco Fiber Replacement Liner comparison
[195] Jawdm2PoZdc → WATER DISTRIBUTION OPERATOR CERTIFICATION EXAM - 4 PRACTICE PROBLEMS
[196] FrwO-aWHeQk → Free Plants - Propagate Hardwood Cuttings
[197] EdCG2Pj75jU → Crop Rotation in Farming
[198] E0aYc4lzLUQ → Fun Facts about my Chicks! #farm #life #chicken #animals #farming
[199] Ne5cXyG2rME → Rain's Impact: Herb Garden Damage & Plant Care Tips
[200] GS6vmCG3BxI → Modern Tomato 🍅 Farming Techniques | Tomato Growing | Tomato planting Tips | Harvesting Tomato 🍅
[201] ifgqL1Wx34I → village farming of Uttar Pradesh 🌾🛖💕 #shorts #desikisanlife #goviral #ytviralshorts
[202] DFb10LxuC3g → Ag equipment auction | February 24 2016 | Purple Wave
[203] aMeD-KQ1r8A → Delicious & Yammy Water Chestnut Harvest | With Rural Farmer #youtubeshorts #shorts #agriculture
[204] TLRj3EIRhio → Pasture renovation with Darrel Rowe – management techniques
[205] Ov6cChHOoZQ → How to Grow Vegetables in Containers // Container Gardening // Self Sufficient Sunday!
[206] WBmFH7fNxnA → Pellenc Optimum Grape Harvester
[207] kbuEgfn96Ks → Growing Gardens From Gravel | NBC 6 Voices
[208] HqdwF86UVAo → science project/agricultural tools/science activity
[209] qNAFsAdmbUY → Paddock set-up & contingency plans with Dawn Dalley Dairy NZ & Olivia Ross B+LNZ
[210] QDaMU7MzLBk → Mechanized Farming with Kubota
[211] R0W_u_eXoAU → Try this for Greener Lawn
[212] hLHQhgppVEU → What are Ecosystem Services?
[213] ke6BPIyBttQ → Transporting Cows This Way - Millions of Cows in the Air | Agriculture Technology - The Engine
[214] _3Zk1hx8W_Q → How to Quickly Weed Flower Beds and Gardens Without Being on your Hands and Knees
[215] I49JFgzSQH8 → Farm on the Freeway - Hayes Valley Farm - Tour by Jay
[216] r0rBSvLEhm8 → Hand push seeder /maize planter corn planter
[217] dZe-5ZvODZ8 → Feed for Thought: How to Successfully Wean Beef Calves
[218] XhbP5GOJNjw → Rc tractor parts check WhatsApp catalogue 9739248053
[219] 188xECrg1C8 → Agribusiness as a sustainable tool to mitigate rural-urban migration of youth in Kenya
[220] ms6RolG_K1Q → How Cows and Farmers Became Best Friends***How Cows and Farmers Became Best Friends
[221] xAKnsSpZDPw → The 10 Best Whole Grains for a Nutritious Diet
[222] _Ve6nRai5W4 → ✨From fashion to Farming 🧑‍🌾 #farming #mangofarming #agribusiness
[223] jRPpnI_QnSw → Antique Farming Equipment Ads from 1932 Sears Roebuck Price Catalog Vintage Tractor Ford Equipment
[224] WH8MLYBsKx8 → How did the green revolution impact south asian agriculture? #shorts
[225] nHyyCMYuju8 → How can sustainable grazing help the environment and farming?
[226] SzKz9S64Zvo → Alternative Crops for High Tunnels
[227] u28y6T_sPbo → Vermicomposting: One day training program on Vermicomposting
[228] JSsFNwKlooo → HOW IS CROP ROTATION SUSTAINABLE?
[229] eG5nJF2obIU → Agriculture Tool husbandry machinery & Farm Ideas - Agri Gears
[230] TcWlPXO78JI → Fastest Way To Handle Hay Bales Ever
[231] jEt_120VEAM → 5 Fast Growing Veggies You Can Harvest in Under 1 Month
[232] VJEpCjD14hw → Agribusiness GMOs and their Role in Development: Crash Course Geography #41
[233] uybX3Z5RzyQ → Germination
[234] o_uZSCaUaQY → Community Supported Agriculture (CSAs) | The Lexicon of Sustainability | PBS Food
Error fetching metadata for video ID nwzU8598URQ: Command '['yt-dlp', 'https://www.youtube.com/watch?v=nwzU8598URQ', '--skip-download', '--print-json', '--cookies', 'cookies.txt']' returned non-zero exit status 1.
[235] nwzU8598URQ → Unknown Title
[236] kigtT8vlPXA → How Do You Drive A Kubota Tractor? - The World of Agriculture
[237] QQ9W7wa29KY → Keep Your Money: Farm Tax Deductions
[238] XYKSbN7L6Hg → Bridging the Gap: Can Subsistence Farming Feed Us All?
[239] Irm88XeVk58 → Simple Crop Rotation System + Working in Cover Crops (for the home garden)
[240] BZiBXl5l_xc → Struggling with Poor Soil? Try This EASY Fix!
[241] 2c64xVIndQ8 → 300-Gallon Aquaponic System
[242] _GXFQqngY7w → Demeter: The goddess of Agriculture (Ceres) - The Olympians - Greek Mythology - See U in History
[243] Mt02lx5tWcw → Pasture Raised Eggs Lawsuit! 😱❌🐣(Be Careful) #freerangeeggs #eggs #lawsuit
[244] sA0ze7hlY6k → Top 5 Best Cattle Breed For Meat In The World
[245] -kUNlvgytK8 → Sustainable Agriculture - The pioneering technologies of our future
[246] DwDBVfsrQXo → Agriculture | Harvesting | Threshing | Winnowing | Farmer Animation
[247] wHfek0f-Vic → "Top 4 Cropping Systems Every Agri Student Must Know! 🌾 | #Shorts" #cropmanagement #yt #soilscience
[248] SXbhVl4wX_M → Designing and making a biochar cook stove with oven in Almere Netherlands May 2024
[249] vWICFwTbftI → Tobacco Farming #satisfying #shot
[250] kYKIvRBQxXU → 21st Century Leasing:  New & Used Farm Equipment Financing
[251] Pju7PdCCCFU → 5. IRRI Agronomy Challenge: Seedling Establishment--What Has Emerged (13 January 2012)
[252] UqmE1xWizmw → NEW Fendt tractors forage harvester & more | Ten Hove Contracting | Spring 2024
[253] -AD2AIQ8JQQ → I grew squash vertically...
[254] ClwBWgjSR6s → The 5 ingredient cucumber salad to end all cucumber salads #cucumbersalad #creamycucumbersalad
[255] L3r_cXi-5ME → Darren explains the three factors that can lead to disease in plants.  #farming #agphd
[256] eHAdvcepLaY → Aquaponic Systems - The Basics of Farming without soil
[257] ReIwAHlHCSA → Cheap Farm Equipment For Beginners
[258] ViGdA-uB5TY → Explore Vaksana Farms | 54 Family Activities & 37 for Kids | #nature #farmstay
[259] Hhxw8h4yJxQ → Improving Your Soil One Amendment at a Time | From the Ground Up
[260] vSbbZR3--Zo → Avocado Shrimp and Vegetable Salad #food #salad #recipe #delicious
[261] v0WWwDtvwAY → 🌾🚜 Unleash Your Farm's Potential with Agriculture Equipment Rental Service Business Ides🚜🌾
[262] A3IVM83WUls → Grow with KARE: Watering techniques for tomato plants
[263] 2ZKtBF8Jal8 → 2023 UPSC IAS Mains answer writing batch - Agriculture lec 2
[264] b9I0nrm8LMM → Grazing lucerne: The risks
[265] PotEfaOd52w → Farmable - Exclusive Farm Management Solution for Fruit and Tree Crop Growers
[266] D--sJoZoNAU → AGROTECH Kielce 2018 Massey Ferguson CASE Valtra Claas New Holland Kuhn Deutz-Fahr Fendt
[267] asJ31vO0h1E → How I grow my own #garden mulch for healthier #soil
[268] qsqg45T8tV8 → Farm Tours With Superior Grain!!
[269] PDBN3fegloI → parrot and farmer agriculture ai  #viral #ai #shorts #trending
[270] h16rfibIXlU → Garden with Me: Interplanting Gomphrena with Other Plants for Multi-Seasonal Interest
[271] 5AmqYcWjBmc → PLANTING SEEDS: A Song of Life | Empty Hands Music | nimo feat. daniel nahmod
[272] hLxA4ZWD5vI → OkraLadies fingers / ඇත් දල බංඩක්කා අස්වැන්න නෙලමු #Okra #Ladiesfingers #cultivation
[273] wjHfL8AJmxY → THE ULTIMATE TRACTOR TIRE GUIDE: TREAD PATTERN OPTIONS! 👨‍🌾🚜
[274] UqeUND-8mQA → No more thinning and weeding an ingenious way to sow carrots
[275] px__qo041FI → Cream Separator for Small Dairy Farms | Must-Have Tool!🐄
[276] b29XoInJa3U → Free-Range Chicken Farming - FULL Version with English Subtitles | Agribusiness How It Works
[277] v_UJhzdAVS4 → Agricultural Operation | Siruvachur  | Garuda Aerospace
[278] UcIEnuBPCws → grain silo equipment | corrugated panel forming machine | silo panel forming machine
[279] WJScYJJMYT4 → 2012 John Deere 468 Mega Wide Plus round baler for sale | no-reserve auction March 28 2018
[280] EP1_wL97ybo → Grow a tyranotitan with me
[281] m2Lb99hEB88 → Are pesticides used in organic farming different from those used in conventional farming?
[282] QN50haIw2QQ → Mowing More Hay
[283] w_x-WDdQdxI → Plant Nutrition | Plants | Biology | FuseSchool
[284] iUC7dSiGAXQ → 작물을 쑥쑥 성장 시키는 이세상에서 최고 쉬운 자닮 미생물 배양하기The best root-promoting solution  JMS
[285] CdzEiIED9t4 → Can you bury someone in a hay bale? Just how big are round bales?
[286] DxmkzwU91Jk → Balloons Can be shaped Like clothes and other iteama 332
[287] 1Opp8PEYhiA → What Is The Difference Between Homesteading And Self-Sufficiency? - Learn About Libertarianism
[288] 3zu8UF-dL8U → How to grow Greenhouse Tomatoes
[289] 25MeIqYrVqg → How can we feed a growing population without wrecking our planet?
[290] j4J_4mD7HM4 → The nutrition of coffee impact on health | Climate Change Agriculture | Part 1 |  Farming Futures
[291] vnqtzgNzvJs → Tractor Implements You Need For Your Small Farm or Homestead
[292] oXbyssS0EPs → Use Cover Crops to Build Soil Health on Your Farm With Practical Farmers of Iowa
[293] __kyKAegDCs → Rental Food Plot Equipment 2021
[294] C5kLbjoHiSk → Orchard management techniques tree grafting التطعيم
[295] 84qFCcgQnhI → JADAM Organic Farm- 2025.05.19
[296] TSwUzVtfm3Q → Small Backyard farm Business To do in Ghana | Nigeria #farminafrica #agribusiness #agriculture
[297] y8s17yOloRs → Common Farming Practices in East Africa #youtubeshorts #youtubeshorts #viralvideo #farming
[298] 25Pt1AZO9EM → Day in the Life of a Small Farm
[299] c0OyBlp8u1E → Farmer 🌾 #shorts #quotes #farmlife #agriculture #farmer
Error fetching metadata for video ID C3Hmk19XqZA: Command '['yt-dlp', 'https://www.youtube.com/watch?v=C3Hmk19XqZA', '--skip-download', '--print-json', '--cookies', 'cookies.txt']' returned non-zero exit status 1.
[300] C3Hmk19XqZA → Unknown Title
[301] uQmTKq__HAg → Secret Tools For Regenerative Grazing Cattle On Small Acreage
[302] BR3rXqbjObY → Why I Use 5-Gallon Grow Bags for Peppers 🌶️ Tomatoes 🍅 Potatoes 🥔 #gardening #growbags #DIYgarden
[303] XvQLkXso86Q → Look at this unique chinese cultivation techniques truly Amazing
[304] kCyJTFJLcuU → legit online seller since 2015 #agriculture #machinery #kubota #harvester #investment #farming
[305] w4j6K9v4T3g → "I Won't Run Any Of My Cultivators Without The Torsion Weeder"
[306] gUTRomHXkRw → BigXthaPlug -  Planting Seeds (Official Visualizer)
[307] Ax3MFB4cTLo → Take a Break from the Shake: Farm Machinery Operator Interventions
[308] x0NGOodeWCI → The Blockies Guide - Managing livestock on small farms and acres
[309] eF_kxjph7AA → Beyond Farming: The Future of Sustainable and Multifunctional Agriculture
[310] zcJa47T54o0 → WORKING ON A FARM FOR 24 HOURS
[311] JIlvdxwRxec → Extreme Weather: Livestock Preparation Before the Storm
[312] HpUWku5yVGA → Boost Crop Yield Naturally! 🌱 Bio-K-Rich | ನೈಸರ್ಗಿಕ ಪೊಟಾಷ್ ರೈತರಿಗೆ ಒಳ್ಳೆಯ ಬೆಳೆಯ ಪರಿಹಾರ!   #farming
[313] xdjwYO5TuvY → Growing zucchini vertically ! quick Harvest & Growing Tips ! #zucchini #viral #squash
[314] r7CnSQE8kS8 → How To Fertilize Peppers (Complete Guide) - Pepper Geek
[315] MNbHHJRpiMw → World's Most Expensive Watermelon - Japanese Black Watermelon Cultivation Black Watermelon Farm 2023
[316] xSHnjDtVLxw → 1-6mm grain bin silo stiffener equipment grain bin silo stiffener production line
[317] nE7zo0Kss24 → Healthy Soil Practices of Tennessee Farmers | Volunteer Gardener
[318] FEmnP6u6uKI → Dragon Fruit 🐉 Farming Income 💰😁 Part 2
[319] Z2we9vamlUs → #LAUKA Gourd & Potatos mix Recipe || gourd vegetable recipe with Rice | New Nepali Village food Vlog
[320] 8PJ-H8vygeI → Basketball stereotypes
[321] 6iCrxIfnYi4 → Banana Harvesting Techniques |  Best Time & Method for Maximum Yield. #originalagriculture #banana
[322] YPiZ3Ei2GH0 → GAFSP: why agricultural development should start with smallholder farmers
[323] y9Jm6vRlVfQ → Grow Perfect Carrots At Home With This Easy Trick
[324] ZBxlHyksDI8 → Filthy Farm Jobs | Philip Learns to Milk Cows | S1E2
[325] I4M8GWuyGOo → EVERY LOCATION PART FOR BUILD A TRUCK EVENT IN DRIVING EMPIRE!
[326] pQ9vSyFJInw → Today my work at Solar plant #hindisong#bollywood #love #solarplant #renewableenergy #bollywoodhits
[327] zqIdnPwYr0E → Agriculture on the Move - 6/4/25
Error fetching metadata for video ID Hrv1Y-mXCPQ: Command '['yt-dlp', 'https://www.youtube.com/watch?v=Hrv1Y-mXCPQ', '--skip-download', '--print-json', '--cookies', 'cookies.txt']' returned non-zero exit status 1.
[328] Hrv1Y-mXCPQ → Unknown Title
[329] ylRIWexXB6k → Growing OATS Time Lapse - Seed to Harvest in 69 Days
[330] lYzn84EvWTc → Livestream inspection of Farm and Harvesting Equipment at www.WestAuction.com
[331] ocWY28Jat1w → 30 min Farm animal sounds Farm animals for kids Learn Farm animals Cow Horse
[332] doRe3TRhVq4 → tax breaks for small farms
[333] dF3eEmzkUE4 → Pre-Harvest Tar Spot Observations
[334] Iu-oI915MhI → Zone 6a Planting Schedule: Zone 6a Planting Made Easy
[335] Q9fEt7AcSaY → Farmhand FPV Virtual Tour
[336] U5XTDJXzJyU → COMPOST Benefits - Benefits for Plants and Environment
[337] ENLVO4e8Yrk → the best technique of planting and propagating avocado trees by shoot cuttings.#growingfruits
[338] y33Nl7Vfyro → Discover the Master of Agricultural Sciences
[339] uCLhL37P-YM → Compost Tea Brewing #shorts #garden #gardening
[340] 4UaG-yBIir4 → Can agricultural extensions be discontinued? Evidence from Uganda
[341] xjXR3uPm7Js → Top 10 Agricultural Machines Videos - Agricultural Machines
[342] A50aPBxjl0k → Irrigation Systems | Crop Production & Management| Middle School Science | Khan Academy
[343] CzDElUGuu_g → Agricultural Inputs and Productivity-Economic Geography-UPSC
[344] twiyJbn7bB0 → WELCOME TO THE FARM!!! Rice Planting Season naaaaa!
[345] Hu8LeItpfDc → All Jacked Up!
[346] p9k0kDwLCAY → Farm Life
[347] oJ5VSV3sZpQ → Agriculture Science and technology
[348] UC_kmxPWAxw → Training Tower Garden Vines for Maximum Airflow & Bigger Cucumbers #garden #farming #verticalgarden
[349] 7hx_OZs69c8 → My Top 5 Backyard Gardening Essentials!
[350] FXCvvqKVhf0 → Harvesting Onions:The Art of Field Farming
[351] wntJ5mMmAYg → What Is Sustainable Agriculture? - Earth Science Answers
[352] 0tyn3OEauhs → Horse Progress Days 2018 - Haying and Produce Equipment Demonstrations
[353] fkO3EhG7v3c → Growing Wheat For The First Time
[354] TRCxqruf9MY → Mombacho Farms - How to get 33.5% THC outdoor : ROUNDTABLE TOKES
[355] 4jlF0jNIsj4 → 45-2091.00-01 Agricultural Equipment Operators
[356] WF-_Sgl35lA → Intensive & Extensive Agricultural Practices [AP Human Geography Unit 5 Topic 1]
[357] ZoEHUw-VZjo → Agriculture Innovation 1 || Eco Freeze || Agriculture Technology Projects in india
[358] rB5LzyjvzaA → the agricultural practices
[359] -CdRoDSiuGQ → Is grass-fed beef better?
[360] HGmGtXhETWU → Day 1 of trying to ride a bull😅#farm #cow #shorts #countrylife #NFR
[361] w8k-N6dWTFY → Sunflower strip trial looks amazingly beautiful
[362] pBjSvm-XXzs → Mastering Crop-related English Vocabulary: Boost Your Language Skills #shorts
[363] oW9a_SpZSvw → Precision agriculture technology in vegetable production systems (webinar recording)
[364] aJyjLTZZ2Wc → Money for Ag Equipment & Leasing
[365] 9L6-GFuTArY → BeAware - Best practices against work exploitation in agriculture
[366] hhE9MmXWMII → Digital Farm System: NLIS Tag Reader Cattle Scales & Management Software Explained from AgriEID !
[367] c4IZ0tGZkLE → 3X3 Round Baler Maintenance and Operation
[368] azaIcRPPCno → How Does Regenerative Farming Impact Crop Yields and Soil Fertility? | The World of Agriculture
[369] EpKCFmPUgo0 → Garlic ferments – permaculture living (non-monetised)
[370] X9eNsDQddM0 → How Chinese Farmers Turn Trash Into Gold – Natural Fertilizer Method! 🌱💩
[371] 4wQeyGjXX_4 → COUNT YOUR BLESSINGS #farmer #working #lifequotes #lifestyle
[372] qLAhvYbPiA0 → George Washington Carver Created Amazing Products From Peanuts
[373] OGgHOAwbIt4 → Miller’s Farm Stand HowToBuy #farmfresheggs #freerangeeggs #freerangechickeneggs #millersfarmstand
[374] mqF9UFIVv_4 → Traditional Irish Haymaking Festival
[375] _uAX3dWn8BU → Pioneer Agronomy Insights: Enlist® and the Importance of Pre-Emerge Herbicides
[376] s1ZkBmclO3Q → The Cutting-Edge Agriculture Technology 2023 - FROM FARM TO FUTURE
[377] -KUl2ibSp4k → Cover Crops Survey Slideshow
[378] ncYAM2TTs3s → Growing hot peppers in pots
[379] eA9VOoU1WnM → Wiese USA | Forklift Rentals
[380] Qf3a7ufPJLk → Ancient Composting Practices
[381] 1_z8r-sxt_M → John Deere 8RX 410 Tractor pulling a 24 Deere Planter | Planting Corn 2025
[382] AuEIkaM9z5w → "பசு பாலை எடுக்க சிறந்த மெஷின் | Best Milking Machine
[383] lgNwZ_opVYQ → Big Bud 950/50 vs Fendt 1167 Vario MT – Ultimate Tractor Showdown!
[384] O_21HaJJPEM → farminglife #farming #food #agriculture #satisfying #gardening #challenge #farmlife
[385] F9dBrlefXXw → Katherine Musallam Environmental science-Erosion and ranching practices   Feb. 18-22
[386] VT4DHaUmpTI → Soil School: Cover crops on sand drive healthy vegetable yield
[387] YFqEQypuPEo → Farming Level: EXTREME! Plowing with Oxen on a Hillside #farming #oldschool #challenge
[388] KwKK6HodzR8 → The process of tilling the land in rows soil for planting crops
[389] YPqXEDMlwc0 → US Farmers Struggle With Drought
[390] lpIWqCpphTI → 6124 5th Line Palmerston | Farms For Sale In Ontario
[391] OA1_7R-jJJI → Who Owned State Farms (Sovkhozes)? - Socialism Explained
[392] qlf7kslamDc → Tractor Rodeo Balance Beam
[393] a3IWbRWxd7Y → Hoe-Matic Cultivator
[394] mTNSFrKCeL8 → How to STACK Plants in Grow a Garden (Roblox Glitch)
[395] TOzG_NF7m2s → SpraCoupe 220 self-propelled applicator for sale | no-reserve Internet auction March 22 2017
[396] KaX412ASd30 → Fastest Asbestos Inspection App EVER - Asbestos Software For Tablets & Phones #shorts
[397] V606hXU4sWk → Time for ecofriendly and sustainable agriculture
[398] cJXM_Q8jO1o → Free Ray Gun / Jetgun Easter Egg in Liberty Falls from the CARS? #blackops6
[399] 7rU3Sabw-6U → How to grow an incredible Soybean Food Plot
[400] 941-V5NBrVE → paddling down the Nevern
[401] 0CIb2uXq4xI → #farmerworld #farming #modernfarmer #farmingcareer #farmingtraditions #farminglife
[402] wIjaCVwpGdw → A Day in the Life of a Farmer – Hard Work Pure Joy
[403] jubazsDZ_mM → Free Goats & Seeds for Farmers | ಜಮೀನು ಇರುವ ರೈತರಿಗೆ ಮೇಕೆ ಇಲ್ಲದವರಿಗೆ ಜೋಳ ಬೀಜ ಉಚಿತ! 🐐🌾Kannada Farmer
[404] 8-Iw3L-8O5E → All agriculture machinery sales and service
[405] -4cMNMMlNDQ → The Hidden Secrets of Sustainable Agriculture
[406] KuVm2F9L-aw → Farm Equipment Rental  Boost Your Harvest!
[407] tZ1nGKY5sLg → Getting Rid of Weeds
[408] laN67osaMaw → Small Ventures Can Lead to Big Fortunes! Kahit Sino Pwede Yumaman!
[409] EuPoPmvJk1M → TOP 10 TIPS FOR BEGINNERS - Farming Simulator 22
[410] G99smWseTeQ → Super Low Hour Equipment Selling on Harry Blackburn Farm Estate Auction Lime Springs IA 6/21/25
[411] w8XaMYX8iOk → coconut farming techniques planting care harvesting  cultivation practices of coconut.
[412] VLFiy_0HN7c → Matejcek rental Ashland EHDW 3620 14 Disc Harrow with Case IH STX500 Quadtrac
[413] Rqr3Aft8-bE → SourceTrace Systems - Complete Farm Management Solutions
[414] SjBgVQL9ct4 → THEN & NOW - FARM EDITION #farmlife #chevy
[415] nWAPrKNrufI → Crops and Cows | Where Do Cover Crops Fit In?
[416] cgRqYh3N-V0 → How do you Afford That Tractor? #johndeere #tractor
[417] xDGEtkUqE6Y → Chicken Rental Package
[418] YNiBvNdYdlY → How Produce Billion Tons of agricultural Product by Modern agriculture Technology
[419] kRuXXuI2-uI → How Farm Subsidies Work
[420] pKF2WdIGuo8 → A revolutionary new baler from the brand that revolutionized the commercial hay industry.
[421] EEyCL15PATg → A Tragic Farm Accident: Death in the Silo | The New York Times
[422] kF-WBkh6mr0 → Mini-tiller Made in China #Agricultural Machinery #agriculture
[423] n1pF8xuoK5U → What did we get from That EMBLEM GUY ?  #farmall51 #IH #tractor #emblems #tractorparts
[424] nUrYC-wHwzQ → GMO Avocado Monstrosity #avocado #gmo #guacamole
[425] bJdVwLzXxik → Hay Net Wrap: A Farmer's Dilemma #farmlife #hay #cattlefarmer
[426] eybn_q1XFdE → UPSSSC AGTA Exam Special | Agricultural Extension Education | BR Dall Sir
[427] vt6EVhbuS_A → Person Milking a cow
[428] ysB_k7En588 → Product Review- Compressed Alfalfa (Tractor Supply) (4K)
[429] 0_QOTqYXNi0 → HOW TO: DIY self watering system for plants or trees || Agrosuede ✔
[430] s3s3c2gyy6E → Eco-Friendly Farming SECRETS to Boost Your Harvest in 2024
[431] bVofjq4PDGk → Have you ever thought about becoming an agronomist?
[432] obWVBOYrGr4 → BWSC Biomass Renewable Energy Plant Snetterton
[433] 7YlW-RByE1w → Ploughing (Bullocks)
[434] H9cHb5--a3c → USDA Beginning Farmer and Rancher Resources
[435] iS0SlCmgHks → Kubota Tractor Loader Backhoe | The Home Depot Rental
[436] rc5RIfjyl3s → Potato Harvesting Machine #02 | Operational potato harvester | Alam Engineering Design Solution
[437] yurozrTslUM → Governance & Certifications in Agriculture: Challenges & Opportunities for Sustainable Development.
[438] JHVcKAa83uc → Discover Ohio's Hidden Gems Garden Centers You Never Knew Existed!
[439] FkkF1qarej4 → What is agroeocology? The basics
[440] mN3rDTAdM2o → Taylor Swift - Christmas Tree Farm
[441] 3k3Q3GpsBM0 → Easy And fast Method for Planting #shortsyoutube #farmlife #agriculture #easy #planting
[442] oajWP9nW7m0 → top 10 best meat goat breeds
[443] 7R4CEvq7vwk → Zone 7 #PlantingCalendar - What to plant and when to plant it 👨‍🌾 #gardening #gardenplanning
[444] frwU_ZQPaCM → Farming Tips || How to Tie a Rope
[445] Or-TmlEgLf4 → Regular LED lights for plants : GROW LIGHTS FOR HOUSEPLANTS (PART 2)
[446] wuZqJm4Co7U → The Farming Techniques Live Streaming #live #livestream #trending #viral #inspiration #latestnews
[447] CDwHeuoXyt4 → Is safe food & sustainable farming viable in today's India? - Dr Ramanjaneyulu
[448] ynrXsXnAfPs → Four fruiting trees for drought-prone gardens
[449] WPuqf5mhs0g → Fundamentals for Soft Commodities | how to trade agricultural commodities
[450] 5-nUUbUxY70 → Difference between manure and fertilizers
[451] AfAaazPPlF0 → Survival Agricultural Operations: Subsistence Farming
[452] 9vThi7q20os → The Journey to a Regenerative System at Organic Compound
[453] aVsejaIwD5Y → @Khushilal888 🌾🌾A successss story in the field of ''Agriculture'' science 🌾🌾👀💞💞
Error fetching metadata for video ID 1SX49WiSMmI: Command '['yt-dlp', 'https://www.youtube.com/watch?v=1SX49WiSMmI', '--skip-download', '--print-json', '--cookies', 'cookies.txt']' returned non-zero exit status 1.
[454] 1SX49WiSMmI → Unknown Title
[455] f2ngeOSCrZk → The History of Milking Technology | Maryland Farm & Harvest
[456] aTNg8lsUGXA → Herding Cows Tips Secrets for Happy and Healthy Livestock
[457] sc-B2wCsNiA → Hot sale H Type Automatic Layer Battery Cage For Nigeria Poultry Farm Business #poultryfarming
[458] vEoShi7ZG0I → Elevated Garden Planter: Everyone Can Grow a Garden (2020) #31
[459] KCWKMwD7ahI → What Are The Alternatives To Chemical Agricultural Fertilizers To Reduce Runoff?
[460] kOjaG6euzBc → 1990 Vermeer 505 Super I round baler for sale | no-reserve Internet auction May 25 2016
[461] JX0S3NfJIbY → 10 Most POWERFUL  Forest Harvesters in the World
[462] D0Wp0majgQ0 → How to Start a Farm with No USDA Loan
[463] WOcskeiBe00 → Hungry farmer eats all his chickens' eggs to make an omelette 😭 #ai #pigeon #hen #sandwich
[464] _MhwWnphjyg → Farming Related Words In English To Hindi #english #education #study #shorts #viral
[465] 0o6egRYgxaE → Blackberry Farming Techniques to Make $1000000 in 2024 | Amazing Garden
[466] JLBW2hSD3D0 → Beautiful Cabbage Farm Vegetables Satisfying video #satisfying #short #agriculture
[467] x7OKzdyRtdE → Full Homestead Pantry Tour | Storing a Year's Worth of Food
[468] Wf8oTXGPkBU → Wildfires raze avocado farms in California - and farmers livelihood
[469] hqPgTIPJYm8 → Watering Pepper Plants - When To Water (And When Not To) - In Depth Guide
[470] MM0IGTBzKJI → Cassava Tuber Harvesting
[471] 5d2sZrLyavE → Installing solar lighting in Malawi Africa
[472] TJRU9vhffRQ → Sugarcane seeds #shorts #agriculture #agronomy #shorts
[473] gGgHCecPSF4 → HardHatRentals.Com / TheRentalGuys.Ca - Franchise Opportunity - Tool & Equipment Rental Business
[474] 3kQLM_B59Yg → Affordable Lease Deals for Farm Equipment #farmtok #farming #agequipment
[475] ZA1tUWb6AWI → How to Build a Trellis | Gorgeous Climbing Plants
[476] sIskvk_-PLs → Important points about Rice cultivation Time | Crop Reformer
[477] qpL_LHetKgg → Nuziveedu Asha cotton shorts #nuziveedu #cotton #farming
[478] CoHd8TiBIi4 → Revitalize Our Earth: A Comprehensive Guide to Soil Regeneration
[479] cemG9oZ36jE → Look at how the Chinese are making thousands $ from rats??
[480] hV2d-JAuzaM → SANDY SOIL:BEST 10 VEGETABLES TO GROW IN SANDY SOIL|FARMING IN SANDY SOIL| CROPS GROWN IN SANDY SOIL
[481] 8K-9EBy7Tzk → Economics 05 | Important Q&A | Population Growth NAP Indian Money Market Adam Smith Social Cost
[482] GSASvZlQRHs → WHAT ARE VERSATURF TIRES? WHAT ARE R14 TIRES? WHAT MAKES THEM BETTER? #tractor
[483] 3fPvbWeCWLE → Why an agriculture-based economy makes Yakima a stable community!
[484] 6KPYWQF-YCk → How to decompose kitchen scrap making compost
[485] OVBea9oSY2w → Level Up Fast in Hay Day – Pro Tips! #games #haydaydecoration #hayday #event #everyone
[486] NrLKr2-iW_E → How To Build A FREE DIY Garden DIP IRRIGATION System With Milk Jugs!
[487] r5DHYU-jNQI → Strategic grazing of winter crops
[488] HrQlJqY47Hg → Old Norwegian method for drying hay
[489] HY370iJqUhQ → Model of Future Farming in Nepal #plandfarm #nature
[490] 9XzNWrBhrHQ → Sepp Holzer's perennial grain at Paul Wheaton's Laboratory Farm
[491] OAB3X_z8ql8 → Industrial Revolution- Agricultural Revolution
[492] S-MatKB3suc → Profitable Agriculture Business Ideas in Pakistan |  #virtualuniversity
[493] YOEgCFydDc0 → Understanding Essential Soil Nutrients for Agriculture
[494] vK0LExu5LNo → Can anyone understand Gerald? #ClarksonsFarm #JeremyClarkson #KalebCooper #farming #DiddlySquat
[495] 9yVcZT0Sa0k → The Dirt on Factory Farms | Our Climate Our Future SHORTS
[496] 4LgNIo3rk4M → Apple Farm Service's Rentable Seeders!
[497] 3Q1ulEW2SMM → Harvesting crops with a hoe and sickle: traditional farming methods
[498] BQt8-t4_3M0 → Marion's Tips for Harvesting Wheat
[499] M0jZclCrzj0 → Beginning Farmer Resources Webinar
[500] 98pd9mxeYqM → Secret To Making Millions In Pig Farming
[501] yHC4qTakhiM → most productive farming remix #agriculture #farming #harvest #agrarian #maizesilage
[502] oUG5SetqgLo → The Process of Sowing Vegetable Seeds | The Wisdom of the Working People | Excellent Tools #job
[503] Y7cBpiEWpvU → Conservation Practices from Farms to Forests and Wetlands
[504] g6LMw9I6rxU → Pest Control | Ecology & Environment | Biology | FuseSchool
[505] caF5_paR8Uo → How Long Are You Supposed to Run a Drip Irrigation System?
[506] zySwH9uPaY4 → Livestock Management in Spain 🇪🇸
[507] ZzCs26mVjtk → 🔥 MEGA MARATHON AGRONOMY 2 | ONE POWER SHOT | ICAR JRF/SRF 2025 | Complete Revision | Siraz Sir
[508] s4rJmjs62eE → Keeping meat Chickens Cool! #farmstead #homesteading #pasturedpoultry
[509] b3vGwkmnRjk → Companion Planting the LAZY Way to Garden...
[510] t6Fv8sy7afA → Plant an Alder Tree Buy Online Tudor Lodge Plant Nurseries
[511] iiMDxEAglOs → Simple and Best Garden Irrigation System #gardening
[512] ZI1C0xZAxFo → Permaculture Principles: A Guide To A Sustainable Living & Farming: Our perspective and observations
[513] i7NuHzkAJdk → Vertical Farming Technology | What is NFT Hydroponics?
[514] -qYYLZfkNyY → The Process of Milk Production: From Cow to Carton
[515] uKMt_MzTaTo → 🐔💛 Adorable Hen Carrying Her Chicks | Heartwarming & Cute Farmyard Moment! 🐣🌿
[516] M-HUUeytzWo → 9 Lucrative Agribusiness Ideas Without Getting Your Hands Dirty
Error fetching metadata for video ID MkpOJbqMLrk: Command '['yt-dlp', 'https://www.youtube.com/watch?v=MkpOJbqMLrk', '--skip-download', '--print-json', '--cookies', 'cookies.txt']' returned non-zero exit status 1.
[517] MkpOJbqMLrk → Unknown Title
[518] c1ec31L-L8g → BEST Way to Plant Tomatoes! Tomato Tips!
[519] UkjOeD47sTs → What is Pollination? | Science for Kids
[520] GzxNVvEZ7BY → Unlocking Ancient Farming Secrets  The Power of Crop Rotation 🌾
[521] 9gE1nbfxYRg → Small Farm Harvests that earn $4000/week on 1/2 Acre of Land
[522] 9fFXJNXiym0 → CAN YOU MAKE HOMESTEADING PROFITABLE? #homestead #homesteading #farmstead #gardening #garden
[523] rS1WoBKp-PA → Fome Zero e Agricultura Sustentável 🍴🥗 ODS 2 👨‍👨‍👧‍👦 Objetivos de desenvolvimento sustentável
[524] UihrOU_ggtQ → 4400 Teak Plants in 8 Acre 🤔 #teakplantation #teakplants
[525] 2-6xugub3x4 → How To Start Your Own Small Farm!
[526] tiuUCKO8dpk → The Industrialization of Agriculture
[527] OFfo2coS7hA → Agronomy Practices
[528] M_mZnL8dSn4 → 🌍🌱 Exciting day at the Agricultural Innovation for Africa (AIA) exhibit!
[529] _93e8Le-hGE → Different Types of Grains: Agriculture 101 - America's Heartland
[530] 2BIl6kb5BvQ → How to Start a Worm Farm (it's easy) Get Your FREE GUIDE!
[531] oYHGX9sSysk → Cómo sembrar pimientos gratis #plantas #huertoecológico
[532] JRhZDIF6KyY → [GBSA at CES 2025] SungHo ATEC Revolutionizes Agriculture with AI-Based Robot System ‘EVE System’
[533] 22Tc7KW8oNM → Raising Goats in Rancho Grande
[534] n7riJLIteyE → Top 9.5 Things Make a BETTER Worm Farmer
[535] x0yJPFaPxHo → How To Start Farming with Only $15000
[536] DLPps6NVdMA → The Smart Idea #farming #agriculture #creative
[537] SbCL7sqfw-g → Mastering Cattle Breeding: The Key to Healthy and Profitable Herds 🐄💰
[538] q1GnSDuKIfc → #picking#fruit#vegetable#rural life#farming#satisfying#agriculture#natural life#
[539] Q57vyW3-Puo → TYPES AND FUNCTIONS OF FARM IMPLEMENTS
[540] OU4HUvZstYU → Growing Heirloom Tomatoes from Seed! // Step by Step Instructions
[541] GE3koL6F6Dw → Small Farm Cash Crops | Small Farm in the Village|✅🔥
[542] zX0YgSOhElM → gmo vs non gmo strawberries 🍓#health #fit #strawberry #healthy #food #size #comparison #versus #vs
[543] 8fznCvT5z0g → Harvesting Pineapple fruit in the farm #organicfarming #agriculture #pineapple
[544] xnZi-tx2Oa8 → How Do Cover Crops Reduce Agricultural Runoff? - Earth Science Answers
[545] IU_v3X21uNg → Hydroponic Substrates
[546] _1k9XR8ZFTk → Learn how to grow maize
[547] fG6mILlAenQ → How the Aztecs Created Floating Gardens to Survive a Drought
[548] Yc3xaThoxzw → #toshkent #automobile #agrotech #farming #agrotechnology #agriculture #clsfarmingapp #landscape #agr
[549] -_8Yl8lpBz0 → 5 SURVIVAL FOODS TO GROW! 🌽
[550] 8gEvRcb4tIk → How to Rotate Your Garden Crops for the BEST Results
[551] pJASTvF4tJw → Tyler The Creator - Answer
[552] a9wCmcfARtY → Potatoes - Grading and Packing
[553] B_JMS4aEX2U → Essential Barn Items for Farm Life #farm #horse #solarlights
[554] TgXtgmnlW1A → "DJI Agras T50: The Future of Agricultural Drone Technology"
[555] G7MUdBLG0f0 → Dhaan ki kheti 2025 | A to Z | धान की खेती कैसे करें | Dhaan ki best variety
[556] ez0_t22eTIM → Top 10 Agriculture Machines Videos
[557] 56v97acy7KI → How to Grow Greenhouse Tomato Plants
[558] C8MQn6FqJlY → Redefining Farming in Afghanistan: Climate Change and the Quest for Sustainable Agriculture
[559] wyRZsDDvsJw → Good Morning Farm!
[560] ETXSbzJ1-N4 → Introducing the new Agricultural Systems Technology major at BSE
[561] dHumorpFUI4 → Home made Machine for mixing components and pouring foam polyurethane
[562] 1903hAWlLCw → Agroforestry system design
[563] bInMzWODw9A → The Dewulf Kawatro: Exceptional Potato Harvesting with Unmatched Efficiency and Care
[564] W7DnmbT6m5Y → Planting Wheat with John Deere 9RX in North Dakota
[565] mDDMUla5nFY → Climbing 50 Foot Vines (Chapters in Description)
[566] wBcnUUkdavE → All about Hydroponics
[567] kCvRP7nTW-8 → Growing vegetables on gravel #short #Satisfying #respect
[568] to-tjDdEcMo → Farm Successfully: Top Tips for Modern Farmers!
[569] RwGDOv5g9ws → The Secret of Ginger Ridges
[570] w2lctlHCteg → Yellow cattle plowing the fields: a perfect collaboration between tradition and nature
[571] T769hjGPGHw → Cold climate gardening (to extend the growing season)
[572] 5uTQjaVahCo → Unlocking the Secrets of Grafting Jackfruit Trees #jackfruitgrafted #graftingjackfruit #grafted
[573] P0J4n1586DM → Sustainable Farming Practices Organic and Regenerative Agriculture
[574] 74QHKe1Oovk → Miller Farm Place Senior Living
[575] dhTTXwFiH1A → How to grow soybeans
[576] sZ5wJc7v7Qs → THE FIRST 7 THINGS YOU MUST DO ON YOUR NEW HOMESTEAD PROPERTY
[577] bizipCV9HeY → RAW RECORDING VINTAGE FARM MACHINES 🎧⚙️
[578] bNSOgTWhp6U → Try to growing vegetabele at home #shorts
[579] QOvzwJakW3M → Grain Silo Tiny House! - 460sqft Airbnb Tiny Home Tour!
[580] DCJw-CoUi7Q → Regenerative Agriculture: How We Improve Soil Quickly without Costly Equipment
[581] oxjarRNcdu0 → How to download farming simulator 18 free for android- tutorial.
[582] 9435MgwhauM → Growing Vegetables Year Round
[583] xH5YtprhEAA → Can Regenerative Agriculture Feed Our Growing Population?
[584] 65VE2nNwOG0 → Disc Blades Manufacturer Agricultural Machinery Parts Boron Steel Disc Blades
[585] 6GN04RvFapA → Vegetable Transplanting Tool
[586] 9hFrMyrUcGU → Sustainable Farming Techniques: What are our options?
[587] KiHqYTuOOs0 → Lates: How do plants know when to grow up?
[588] WjQXMa39L_Y → Japan Green Onion Farm And Harvest - Amazing Japan Agriculture Technology Farm #35
[589] jfsWI8XgQyo → BIC: Two minutes to understand sustainable development
[590] xBgYAnYvVwA → 5 Quick Tips for Improved Soil Health!
[591] KovIubbRoDI → COUNTRY MAN FARMS UPDATES #eggs #freerangeeggs
[592] l56P_EolJsU → Improving soybean success: Coastal soy agronomy workshops & online manual
[593] gDOMl1aJNRU → How to Present the Value of Telematics to Customers
[594] 1wZqZTKQ7Lo → Risk And Benefits Of Mixed Farming System In Ghana
[595] m4GgknIN9aM → Femmes cheffes d'exploitation en agriculture
[596] EAa7xsBLJ3Y → Sime Ambo 1.5" Rain Gun Sprinkler Full Circle
[597] Cfikyd-neys → Growing Tomatoes with Drip Irrigation
[598] UUSP16BN6-k → SEO Tutorial: Link Farms Are Bad
[599] yculaWguK2Q → Good agricultural practices (GAP)--IRRI's 2009 Annual Report
[600] AYmDgWYcxAk → Influencer Baylen Dupree Explains Life with Severe Tourette’s Syndrome
[601] CSXRqq8Qyas → Mas Simpleng Negosyo Mas Maganda Patok sa Masa! kakaibang Paresan at Bulalohan
[602] o3-hxzkTwrQ → start of  generator johndeer  165 hp after overall maintenance  جوندير 165   #farming #agriculture
[603] xEJr9cl5SEg → 5 Shocking Facts About the Global Water Crisis 💧
[604] IRVgEjI7CwI → Discover the Top 10 Most Important Farm Animals for Agriculture
[605] dEfSQ49cbYg → How do bees pollinate? | Get Set Galactic on CBeebies #shorts
[606] iqkDqJRbPZs → Cotton Plant Growth Stages and Life Cycle
[607] goD4vJFQI8E → Most Amazing BALE HANDLING MACHINES You Need For Your FARM!
[608] 66h2o5cNqzE → Homesteading growing food subsistence farming the hidden truth. SHTF economic collapse ww3 wrol
[609] 0L_M7ABA8ws → Working with the Prefix Pre - Language Arts Word Study Grades 3 - 6
[610] mZcWkKL6S-4 → Regional teletraining workshop on the seasonal agriculture & water abstraction service in NA 151220
[611] 3BI7frwX4lw → Wheat Harvest 2025 – Biggest Yield We’ve Ever Seen?
[612] kbgZ6GacNbs → Preview of Randy Murdock Online Farm Estate Auction Monday in Reynolds IL
[613] zy0bYqTcEs0 → How to Use Leaf of Life to Get Rid of Cough and Colds Instantly. Medicinal Plant Series
[614] jSkGuxsSNx4 → Danforth Center Tour- Greenhouse & Growth Chambers
[615] Jahpq5JGcw0 → Winter Livestock Feeding
[616] eBSr_NThBsM → Chinese Girls are Harvesting Rice #shorts #farm #agriculture #harvestingrice #chinesegirls
[617] uNlISsZMfaw → FARM SCHOOL: How to Do Sucessfully Farming In Africa "Simple Techniques"
[618] rU54wiXl_rU → Revitalize Your Farm A Guide to Soil Health
[619] 6yRB3da_BKQ → Amazingly Fast Drip Irrigation Installer machine.
[620] _vZFEkBpGok → how to grow tomato plants in plastic bottles at home ￼#lobaKputin#injusahai#graftingmethod#tomato
[621] 0bxZylSiJ78 → Vegetable Song - The Kids' Picture Show (Fun & Educational Learning Video)
[622] D4EtxIQJen0 → Land and water: farmers adapt to climate change
[623] Tz_4cyePLXE → Ibex Hay Equipment For Small Farms - Complete Haymaking Package
[624] 1W097TI1QGY → Grafting fruit trees best techniques Gardening tips #grafting #shorts #shortsfeed #satisfying
[625] YCkW3oDVeL8 → Soil Health Stewards: Soil Health Basics Practices Benefits & Barriers – Part 1
[626] KswBzJJoxhk → Okra Care Tips for a Stronger Harvest #OkraFarming #PlantCareTips #RuralRoutine #FarmingLife
[627] BtihByBxdHM → Ether can swap on the 1206. Corn can was looking a little rough…
[628] W6bUM4rUF0g → How I Became an Agricultural Consultant at 21
[629] xrG7POGqrR8 → make your house plants thrive 🌿indoor plants care tips & hacks
[630] D2uXN3uUCAc → Top 5 Game - Changing Agricultural Technologies in 2024
[631] rYrEBhVoXF8 → Squash Growing in Containers! AKA Golden Zucchini "Quick Tips for Beginners"#squash #zucchini
[632] IM5banj3q4s → 15 MOST PROFITABLE Crops For Small Farms & Market Gardens
[633] _K25WjjCBuw → How To Make Compost - Fast and Easy
[634] tUxLoBjqYPY → The Power of Selective Breeding!!!
[635] Pj66pg5P13A → Drip Rain Irrigation System
[636] v4Cdvw7me9s → #halal #slaughterline #beef  cattle halal killing box
[637] wBTl4caU7wQ → How to Grow Rosecoco Beans: A Step-by-Step Guide | Beans Farming in Kenya 2025
[638] 9sleaKjstDQ → Prefixes #MakingWords #grammar
[639] xMKBxqHM87Q → How One Country Sought to Combat the Harm of Burning Sugar Cane
[640] mNg9NH1AK0U → Farm MORNING ROUTINE | 60+ Animals
[641] uo_ntewAemw → What Is Soil Erosion & Conservation? | SOIL CONSERVATION | Dr Binocs Show | Peekaboo Kidz
[642] It_YDy2Ofew → Farm life
[643] dGGWFPcCXT0 → Importing Agricultural Equipment Financing And Leasing Options
[644] oobloH7aMP4 → Sustainable Agriculture and Its Impact on Ecosystems
[645] aoBtR2wGOgg → TURN YOUR SMALL FARM INTO A BUSINESS! (AND SAVE BIG ON TAXES)
[646] U3sFmX8zhGs → rescuing goats from giant python digging cassava farm life SURVIVAL ALONE
[647] y9sHzIMkelk → Drone footage of a mango farm. Agricultural farmland in rural outback Australia
[648] 3GiTXLcjAsk → A Harvest Homecoming | Full Movie | Starring Jessica Lowndes & Trevor Donovan
[649] y_ZFm7NzE2w → LIVING IN THE PROVINCE: "Planting Season"
[650] pI2c6nBTRSg → Ancient Aliens: Thousands of Mysterious Crop Circles in Farm Fields (Season 19)
[651] q2WOEQb-8v8 → Citrus lemon orange mandarin grafting  Tree grafting technique # 91
[652] w8yRecJ4WC8 → 10 year costs raising chickens for eggs cheaper than store bought?
[653] 09er7AEykCU → JUNE GARDEN TOUR!
[654] IhrY14OXQps → Local business brings farm fresh food to you
[655] d3C4gO_InPs → Massive Tool Haul!!! ✂️📦// Garden Answer
[656] knpPY_rOw4A → How to milk a cow /Morden cow dairy farming /Cow milking by hand /Smart dairy farm in bangladesh
[657] eZ-f50xTvgE → How many farms are in the U.S.?🚜🇺🇸 #facts #farming #usa
[658] 4NJGfFQYzUk → How to Optimize Your Land Management
[659] t5as_HQj1rs → Agroecology: The Future of Sustainable Farming
[660] XoIS4heTKp4 → 50 Amish Gardening Tricks To Grow More Food With Less Work
[661] EpKMkfAAEZ0 → Our Global Commons: Sustainable Land Management
[662] WmUmTOKLuZg → What Are Agricultural Practices? - Earth Science Answers
[663] cUp1tDqrnLQ → 10000+ Livestock Machines Revolutionizing U.S. Farming | Agriculture Technology
[664] WHUZE4jbHnM → Fire Heats the Greenhouse Cherries Bloom Early!
[665] VttqOLqEZvM → Solar Pumping System for Irrigation
[666] mULsHMK7Zys → TOP TEN TRACTORS of Spring 2025
[667] qpbsLp9AvVw → Grow Vegetables on Rocks #nature  #plants#vegetables #horticulture #planting #garden
[668] ZUYgjzunP9o → Low Budget Small Pasture Renovation
[669] 56dM7tLih1U → 3 Development of Rift Valley fever vaccine suitable for human and livestock use - George Warimwe
[670] R4qvnt0RfEs → Replacing dangerous pesticides
[671] 3R-us6LmPQU → MOST REPEATED TOPICS IN JAMB UTME FOR AGRICULTURAL SCIENCE FOR 2024 JAMB CANDIDATES
[672] PfNCah79J8I → HOW TO USE GUAVA LEAVES IN POULTRY-FARMING
[673] G8arsGW0kNo → 1. Seminar by Bert Collard: Redesigning IRRI’s irrigated rice breeding program Pt. 1
[674] 1-DBxE3zDBI → Harvest Season Vibes: Cows Crops & Good Life #farming #farmlife
[675] O90tQ1fuqr4 → The backup boys are starting to go into battle 973
[676] iRf96m_es_s → 3 Reasons Why We Raise Beef 🥩 #cows #beef #family #farm
[677] amlqth7hQw0 → preparing for the future with this Bald Cypress #bonsai #japan #garden #workshop
[678] nMXu38leU4k → Everything A Beginner Needs to Know About Grow Lights
[679] tgbSmEcKhH8 → Colorado’s Non-Irrigated Bushels Per Acre Record
[680] l20T3QFHf14 → THE IMPACT OF CLIMATE CHANGE ON AGRICULTURE AND FOOD SECURITY - SCIENCE NET | #climatechange
[681] z3M8jo-KQhE → how to make homemade drip irrigation system #gardenideas #dripirrigation #irrigationmethod
[682] PJosynBzKZs → La cosecha de Durazno en Japón #agricultura
[683] AatBlY9afwQ → Village Life with Grandma in Northern Iran | Baking Flatbread with Halva in the Garden
[684] wVjCvy0JrXY → Crop Circle - Hackpen Hill - Wiltshire - Reported 22/06/25
[685] WX0kk3i1YhY → Why we're shutting down our homestead.
[686] zx04Kl8y4dE → What is Sustainability
[687] q74GLTqrRsU → terrace farming
[688] X-Ie-UlN2-8 → Johndeer Tractor Engine Timing Settings Special Tools | Johndeere Engine Repair
[689] RfEJCzrcHDc → Can You Invest In Agriculture With Your Self-Directed IRA? | First Western Federal Savings Bank
[690] 5xJLORFeC3s → Automated Seed Planting Machine: Revolutionizing Agriculture with Precision & Efficiency!
[691] avywpCS4D8A → Aquaponics Revolution: The Future of Sustainable Farming
[692] LzqJ_ILJ2Ng → Capralite Goat Milker in Action!!
[693] kfJTp7T3MR8 → Grazing Cattle on Commodities Crops with Re.Farm
[694] sXRdCH-YG00 → How Do Agricultural Subsidies Work? - The Geography Atlas
[695] WKQENMqDdT0 → Farming Simulator 2015:  Westbridge Planting Season
[696] Vp6tUXUptV4 → Construction Equipment San Antonio - Construction Equipment Rental San Antonio - Royall-Matthiessen
[697] 0QPP7e0xUX0 → Is rainwater ACTUALLY good for your plants?!
[698] 8TcNBiwnnMA → 20 Tools you CAN’T Farm Without 🐷
[699] dKTNMquZX4o → Impact climate change on coffee farming | Modern Agricultural Practices | Part 1 | Farming Futures
[700] V58eLXqyd98 → Self Watering System For Spinach Using Waste Plastic Bottles At Home | Easy for beginners
[701] B6qk0IbCC5U → Make $10000 per acre with Pastured Pigs | Joel Salatin #farming #pig #rotationalgrazing #homestead
[702] uaaxof1ja3Y → Kubota L3200 & Agricola SN | Fiat 215 & Bassi | Onion Sowing | Semina Cipolle
[703] CWVrNNy6kRs → Learn about wheat with George the Farmer
[704] 4aeW_OJkhHk → Antique Farm Equipment
[705] r6PZUhrYaCo → I’m impressed! # Craftsman Stirrup Garden Weed Hoe!
[706] Ihj_cOuXBnc → Sunflower Harvesting Machine   How to harvest and processing sunflower seeds
[707] Pycl11fjwuM → Small Scale Farming Techniques For Trellising Cucumbers And Germinating Carrots
[708] V2tQv5xi5t8 → 6 Best Crops For Soil Compaction
[709] OayZBrEOF8M → Agrarian Renaissance
[710] alljc5elqqw → Four Fascinating Ways to Turn Trash Into Fuel | World Wide Waste | Insider Business
[711] 3Uu8LfIraFc → Efficient Corn Shelling Process Using a Modern Agricultural Machine! -Agriculture Farming
[712] Eitk1CNqhOg → Plastic Bottle Seedling Shield! Genius Farming Tool DIY
[713] F6V0giIyhuE → Akshaya kalpa Part - 6# Farming# fun activities # Akshaya kalpa farm# outing# Bangalore
[714] 3xNZG8nvZ-8 → life cycle of plants for kids - Stages of Plant Life Cycle - Learning Junction
[715] 9NZC_UCPhUo → Weiler 6 Meat Grinding Machine
[716] qFKOgDP4iT8 → Tomato Harvest Amazing #farming #satisfying #shorts #agriculture #china #cropmanagement
[717] a0hSZvjgGY0 → Building a Vermicomposting Shed for Organic Farming | Vermiwash & Jeevamrutha Setup
[718] 3he8yFg7YX8 → Collecting Soil Samples | From the Ground Up
[719] ugoeK_SQnFk → Farmer DESTROYS vegan activist in debate
[720] vQx0jQ0PvB8 → #harvest #farmlife #farmgirl #ac #tractor #johndeere #shorts #funny #howto #graincart
[721] rOniHxORRiY → Top 10 Implements for a Livestock Operation | John Deere Tips Notebook
[722] dbh0Bvd8Hqk → Best Way to Plant Young Crops – Faster Growth & Healthier Roots
[723] QL7uFaYtrWo → HOW TO BUILD THE ULTIMATE NO-TILL GARDEN: USING COVER CROPS AS A SHEET MULCH!
[724] WYaetcxluL8 → TOP EICHER TRACTORS IN INDIA ||AND DIFFERENT TYPES OF TRACTORS
[725] o7f1qDapOe8 → How to Take a Soil Test | From the Ground Up
[726] bRkSryHMvu0 → Smart Irrigation System Explained | Modern Farming Techniques
[727] J21KVyRteiM → Multifunctional excavator loader all-in-one machine multifunctional agricultural machinery
[728] iM2D8tDv-Pc → Guide to the Airship Adventures Quest! | Stormfall Saga Of Survival Gameplay (Ep 99)
[729] hW8Mpg5-g7U → [Lecture]  Impact of climate change on coffee production: coffee diseases
[730] vT5TrBqQ9XU → How Much Do Farmers REALLY Earn Each Year!?
[731] 2jr1rxewbh4 → Moving Past Routine: Precision Management for Alfalfa and Hay Crops-Josh McGrath
[732] emPpeHzE2d8 → Hydroponic lettuce New Farming Method  #satisfying #shot
[733] 3wKn_XYPNmI → 🚜✨ Agriculture Machines #agriculturemachine #shorts #farm
[734] c-BRQwfVn8Y → Stop WASTING MONEY Filling Raised Beds! Fill Them Like This.
[735] s8BMvJuiWs8 → Ranking Every Crop in Palia by Seed Profit! 🌱 Best Seed Maker Crops Guide (Elderwood Update 2025)
[736] ZW6HUQRhnsg → Top 7 Container Veggies For Beginners - Garden Quickie Episode 142
[737] fFsYHvH1YJg → Nuseed Global - Carinata Cover Crop Benefits
[738] Y0cfdtO66NM → This Calendar Tells Me Exactly When to Plant and Harvest My Fall Veggies. 🗓️ 💻
[739] zHmrD9SuRkw → Skilled worker installing agriculture structure
[740] 901JI6haUpk → Playtime with Farmyard Animals #shorts
[741] SLo8dtYpkYE → cow farm equipment
[742] FJtDc0B9wxE → After planting tomatoes I realized that it was too difficult to eat them! #agrifuture #farming #fyp
[743] P_1DzrRplPU → Build a Small Barn or Shed in a Day! Easy DIY Homesteading Project 🛠️🏡
[744] cOL_kJ1178Y → The Benefit Using Marginal Crops for Livestock feed
[745] oMhTKCFdWPE → Africa Sustainable Livestock 2050: Biosafety and Public Health Practices in Poultry Farming in Kenya
[746] vVd7L3BXyfY → How Evolving Gender Norms and Social Change Impact Rural Farming Communities
[747] FNmEQ00AQAI → Checking Trichome Stages - The Best Time to Harvest - RDWC Home Grow
[748] shA-ztHBFa8 → What are the benefits of agriculture and livestock farming
[749] d-iZwG_oSC8 → HRS MAKİNE / Feed pushing machine with paddle and brush / Livestock / Farming Equipment / Feed Mixer
[750] MA53M0fDBNU → Techniques To Have Higher Yields Sweet Potato Farming #satisfying #shot
[751] Bo9MZys6_VM → Agricultural Machinery
[752] CYRIG7maSoM → Opportunities for a Rental Equipment Program
[753] VOy2YM3xokA → How Much & How Often to Water Your Plants
[754] WXuFaXdnp2A → Manure Management Options for Horse Farms
[755] dopWnJiCaR0 → Enriching Rural Communities Through Migration for Sustainable Agriculture
[756] qWc8X6YeTv8 → How Pollination Works
[757] 7AREFz8aUZ4 → Best Products at a Farm Supply Store for Maximum Yield
[758] 7bES105gIB0 → Clarkson's Farm Season 4 | Official Trailer
[759] Hv3HT33vpj4 → Why Graze This With Pigs Instead of Cows  #covercrops  #grazing #pasturedpigs
[760] 4zL2Wn0few4 → 50 Amish Gardening Hacks You'll Wish You Knew Sooner
[761] 3rxjlhQRreA → What Are Sustainable Farming Practices? - Understanding Southwest Asia
[762] E54QPR1u3Ik → What to Put in Your Spring Forage Mix
[763] sof1VTmDyr8 → Start Agricultural Waste Management Business | Agricultural Waste Recycling Business | Enterclimate
[764] wpGia7uC_I0 → Milking Cows On A Small Family Owned and Operated Dairy Farm!
[765] -F56ejsBA2A → Wheat and corn grain pumping machine😍 Useful Appliance Gadget #shorts #gadgets #farming
[766] nNYWaFtjzjk → Organic fertilizer for lemon plant / Organic Fertilizer and Manure application / Lemon Cultivation
[767] xHmaNjLARSA → Grazing Livestock: Their role in a sustainable food system
[768] G0HGRRD2Egc → 5 Tools To Make Gardening Easier With Chronic Pain #gardeningvideos #gardenideas #gardener
[769] xGnKL-S8_Bg → Grain Fed VS Grass Fed Beef! Which One Is Better?
[770] lilegSJIar4 → Growing Hydroponic Vegetable Garden at Home - Easy for Beginners
[771] AivkxSVrbNk → Remote operated multi-purpose implement carrier for sale online with best price#orchard  #bush
[772] Mvgooi9v-ls → this is the best techniques for farming #farming #agriculture #youtubeshorts
[773] ldmyxtJi9AQ → What is Irrigation? | Different Types of Irrigation Systems in Agriculture | Yoshu
[774] CDDp4DqNY2I → AMAZING USE OF BEER FOR PLANTS #plant #fertilizer #beer #rootinghormone
[775] dKjXvxvv77s → #lifequotes #desiviilagelifetstyle #farmer
[776] 18KPnnp22Zc → Soil Health Practices at the PMC
[777] fiILbgOmc9Q → Incorporation of bean plants in soil with different agricultural practices
[778] _rlIy7V3Uyc → That Weeding Plank is GENIUS! 😂 Farm Smarts Level 1000! #farminglife #gardening #funny #lifehacks
[779] SgceDNDV7qM → MAXIMIZE Your Urban Farm Yields with These Proven Strategies!
[780] qVk_9GDNKu8 → Top 5 Most Advanced Robotics Transforming Agriculture for Sustainable Farming
[781] ZRky_jcw5oY → Silage filmhay bale wrapbale wrap manufacturer
[782] gBb4K0rixgA → You might be the GOPHER 😳 #work #job #farm #relatable
[783] KDWc1R5KqG4 → Webinar: Diversifying Your Grain Crop Rotation
[784] aeF8-br0ZK8 → The Agricultural Revolution: The Birth of Farming and Permanent Settlements
[785] td2Qur8yluc → Agrifutures - Ag Tech Adoption
[786] 8XwUQlSmZTs → 🐄 Tired of Hand Milking?  Upgrade Dairy farm with the Nano Milking Machine - Perfect for 1-5 Cows 🐄
[787] RkHrlWSTLrU → Caterpillar D11 2026 – The World's Most Powerful Bulldozer Just Got Smarter!
[788] n6K5PoZRIkQ → Top Secret: Mastering the Vegetable Market and make money #VegetableFarming #FarmingProfits
[789] PKjf9av4WdM → Farming System & Sustainable Agriculture One Shot class | Bsc Agriculture 4th Semester |
[790] oVgTcEGA34M → Cutting Soil by Hand: Traditional Farming Techniques 🌾👨‍🌾 | #Shorts #Farming #SoilCare
[791] nXv7W56r5ME → How Yunnan Farmers Cure Tobacco
[792] kquHkRnkv4g → Using Grow Lights for Indoor Plants | Indoor Plants | Gardening Australia
[793] OHJ21_5l0pQ → Planting tomatoes horizontally
[794] znVKwv0NHRg → None Remote Control Car Hai Kya ?
[795] pW-iVG0_D34 → Clarkson's Farm | Official Trailer | Prime Video
[796] bNF_Z5_mHWA → How to use crop rotation
[797] 90XUffl_tGc → How Innovative Grafting Technique can change the agriculture forever.
[798] uA3wICNDwKA → Farm yard manure (FYM) applying musambi (cheeni).
[799] 3mKzddESFYk → Best method of propagate rose plants from cuttings using turmeric powder🌹
[800] cAPSgDQQqKU → Small Garden Planting: Durango Electro Culture   SD 480p
[801] I2SCJyapwik → Sheep Farming: Best & Worst Practices Explained!
[802] Oddw4y3diUo → #toshkent #automobile #agrotech #farming #agrotechnology #agriculture #clsfarmingapp #baki #agromech
[803] v6JigEzNARc → #farming #farmers #FarmGirl   #farmingsimulator22 #farmhouse #farmerlife #harvester #truckdriving
[804] xVO9bjuhB58 → Wheat Farming: A Step-by-Step Cultivation Guide
[805] whtCPLuDH5I → DIY watering automation system build #2
[806] Qln6wxS6rqQ → From our farms to your face
[807] r4B7VQo371U → PLANT THIS Before Planting YOUR Fruit Trees
[808] jhahkQF2sr0 → Hand-pushed self-propelled single row corn harvester small corn harvester for farm
[809] Mm-6Afsex2o → EAT Special Guest Webinar Replay with Elizabeth Pearce founder of SymSoil
[810] HaP7GYaJFDA → Growing and Harvesting Bush Beans in a Whiskey Barrel: Easy Gardening Tips!
[811] hhxgWt9p3YI → "Bee-Powered Wheat Farm in Minecraft! 🐝🌾" #minecraftshorts
[812] 5vnm1_9w7cY → Precision Agriculture: Visualizing Agricultural Innovation
[813] 4v5u5sWAHck → Peas Seed To Harvest In A Container!
[814] Xzo2i1iw4bs → Factors That Affect Agricultural Production
[815] ANwhBx6-Cjs → The Ultimate Guide to Planting Trees: Benefits Tips and Techniques!
[816] xZxbBTNdhKg → വീണ്ടും 200ൽ എത്തി റബര്‍ വില | Agriculture News | MyFin TV Business Malayalam
[817] q-0aO51Y-3A → Harvesters Farming Steep Land in Washington USA
[818] 7GbVD4utpEs → The Profitable Pursuit of Mango Farming #agribusiness
[819] WXp04_TQ9N4 → Tractor rodeo rider!
[820] tH2tlgTF4uY → 3 tips that will double the size of your transplants when you up pot them - Planting Tomatoes
[821] i9tdgZvBNm0 → Frosty Pigs - How do they Stay Warm in Cold Weather
[822] RKeNBZ_vF6k → a small and best technology for small farmers farming tools
[823] nGoeOUXajZY → Rototillers | Buying tips maintenance and operation.
[824] g6AaTsEGMvA → Aquifer Farmer Irrigation Kit for the High Production Market Farm
[825] NDNXM9kq5RI → Preparing the Spring Garden
[826] l3NS09izxYE → How to Grow Bush Beans - Ultimate Guide For High Yields
[827] EtKlnYgYlxc → White sandalwood plant in wholesale price #sandlwood #sandlewood #plantation #farm #farming
[828] PMHdZnOlEQ0 → Food Production-  Improved Methods Of Agriculture class-8
[829] 0__M9Pd5P_s → Joel Salatin’s Cattle Rotational Grazing Technique #regenerativefarm #cattle #cows #grassfedbeef
[830] IumC-yPJ9Rs → THIS IS THE CRAZIEST MACHINE YOU’VE EVER SEEN!
[831] d8o8jyEKI-I → The Simple Joy of Farm Life
[832] uwH646qtARY → Secrets to growing Soybeans
[833] 5ST0lBz09Tc → Camels milk #desert #Village life #morning routine #india #viral
[834] -JjSs81PnkA → Range Management for Beef Cattle: Pathway to Profit - Grazing Behavior
[835] lsnHHN9U-qc → Lawn Renovation Tools
[836] S2w0rYDVSHM → Christmas Tree Farming  How we prepare our fields for planting Christmas Trees
[837] VCsfFtjyHc4 → SEE US HARVESTING BOUNTIFUL CHERRY TOMATOES IN A VERTICAL TOWER #FarmingRedefined #verticalplanters
[838] 7cqk3jH-jA8 → Things To Do In Fall| Fall Activities for Kids #fall #cornmaze #pumpkinpatch #hayride
[839] gq1NDfRpoZ4 → My Weekly CSA Haul//Does a Community Supported Agriculture Membership Really Save You Money?
[840] _ZObW2YE8rc → New Modern Metal Garden Bed By Vego Garden
[841] AzaNJ4S99Sw → 3 months living off homegrown foraged and hunted food 🙂 #growsomefood #wildfood #gardenharvest
[842] 1TIh89lIeS4 → Donald Trump Ai growing crop: stunning ai transformation
[843] KF5TXh-3ZFk → : The Journey of Wheat"*  2. *"Golden Fie"Wheat Farming Secrets*"😜😜😜😜😱😱
[844] uyuZovn-Hn4 → Finger Family Farm Animals Song | Learn Animal Sounds | Nursery Rhymes
[845] Of72wiM0IsI → Mechanical Harvesting of the Florida Blueberry Crop
[846] fMIUNjFzIeY → 6 TOP Crops to Grow to Save You From STARVING!
[847] LcI0pts13Fs → Uncovering the TRUTH of Organic Farms!
[848] mcZGKHELCNI → सेल के लिए है #cow #baffalo #farmanimals #funny #dairyherd #farmanimalslist #comedy #murraha #anima
[849] 4nS2JlZ98xA → Saving Miller: How to control weeds without chemicals organic farming methods
[850] uXx2OAkZ5_Q → Living Water Beet Farm Setup! South Central Idaho. #farming #agriculture #irrigation
[851] 8H7j9iBO7L0 → Huge vegetable garden harvest! #gardenharvest #gardening #peppers #tomatoharvest
[852] TaFfZed2418 → What does farm management software do? | DAC.digital
[853] DsqOFCUTGVY → Poultry Farming Automatic Battery Layer Chicken Cage from China Factory
[854] 3be1oPxfS5U → Slurry Separation as a Slurry Management Solution
[855] no5NChyLoFQ → Turkey’s Renewable Energy: Farmers use solar power to help grow produce
[856] 5fMwurKdlH8 → Bay Area Rental Ad 3
[857] lvqnz0SIUZ8 → Amazing Weeding Tool for Small Farmers and Gardeners
[858] 5lB6LMVBcq0 → You Need A Hitch!  Haul Your Woodchipper Correctly!
[859] rj4ywmFNTew → The Largest Planter In The World (Zells Airseeder In Australia) #tractor #australia #farming
[860] zv_KepKWK-Q → 5 Science - Soil Erosion - Planting trees to save the soil
[861] JRlnghwBV1A → 150 The Most Amazing Heavy Machinery In The World ▶ 100
[862] KHVKhnmQhZI → This Is Controversial But Farming More Acres Doesn’t Mean More Profit
[863] A7u7HYFuKes → Peaceful Morning On The Homestead & Moving The Hogs | Farm Vlog
[864] LFVE4gTDsZA → ERO Grapeliner Grape Harvester Machine Walkaround
[865] oXhvXg1ojpc → Raking hay with the 1066
[866] DNP_dkGNUKI → Farmer Cat’s Cozy Day on the Farm  #farmlife #CozyVibes #shortfilm #catanimation #3danimation
[867] 21j_OCNLuYg → Life is easy. Why do we make it so hard? | Jon Jandai | TEDxDoiSuthep
[868] UcNBc8GKyfs → Fundamentals of Extension Education and Rural Development
[869] rMZyteWxc3c → OEM Slope Mower for Firebreak Trails in Forest Zones – CE Remote Forestry Unit #OEM #FireControl
[870] jVQcWboaIPE → Farm Chores with Matt Mathews: Working Goats with My Husband
[871] Dd3qUbIhqKU → 7 Best Gardening Books for Beginners: Must-Reads
[872] p4d7tryXjd8 → Laos: Celebrating the Land Part 1
[873] 8Xswh7i6wuA → SOLO MUM WEEKEND | gardening | mud kitchen crafts | Longdown activity farm visit 🐄
[874] ee8PL7ToXcg → Growing Bread II: Harvest to oven
[875] 2yIioddp-Ho → Largest Producing Countries Of Agricultural Commodities | Biggest Producers
[876] xN7wPyE8V6I → hay management
[877] SSdS1Dwt-tM → Space How Space Station Is Helping Farmers Grow Crops   Video
[878] IbGByTI1Pj8 → Why You Should Practice Crop Rotation #agriculture #farming #farmer #farm
[879] AwP4Ikr_EmI → PRODUCT PORTFOLIO | AMRUTH ORGANIC'S | INNOVATION FOR AGRICULTURE | ONE STOP COMPLETE SOLUTION |
[880] d442TnXU0fc → 24T square baler #smallfarm #farmequipment #farmstead
[881] 1JWRoLKb7bk → Garlic and Onion Harvest -  Cold Climate Gardening
[882] W-ah-73EbQI → 🐄 গরুর ভিডিও ভাইরাল | Cow Shorts | বাস্তব গ্রামের চিত্র #amba #cattle
[883] NbwGWs40KD8 → Insect Farming 🦗
[884] ephVxu_D6P8 → Clash of clans - Commercial on T.V.
[885] kgkSd-MWo5w → Modern Agriculture: How Millions of Onions Are Harvested and Processed
[886] lBV1bB-ON_w → Dryland Farming
[887] QR8FLc5kIfk → Cleaning after the cow's in the new barn whith Lely Discovery
[888] nsqpUd3Fqxg → Pasture Management Systems Advertisment Commercial
[889] CnIIHf_58WQ → Amazing Equipment Lease Deals!
[890] TdpGBQIAu9Y → Day in the Life of a John Deere Field Service Technician: Jeremy Vanek - Platte Valley Equipment
[891] satMCvVd_B0 → India's Milky Way of Farming!
[892] m_kXk4HQWEQ → PERKINZ  React Solar Water Pump
[893] CafSxVC-1I8 → HOW TO GET ON A HORSE FOR BEGINNERS
[894] 3iVQzJH5v2U → Equipment Dealer Tour #3
[895] vlm09G2mAg4 → Subsidies Explained in One Minute
[896] Ia6Imb8QTIk → Agricultural Farmers Are Now Better Able To Safeguard Their Livelihoods
[897] lg5eDzovFS8 → Agricultural Apps for Smart Devices
[898] sy_nN0Y-gog → amazing paddy planting method #shorts #farming #satisfying
[899] LeWe7KFdeP4 → How Much How Often & When to Water Your Lawn
[900] fKJ5XLHE-oE → Abstraction System with Tavonga Chirindira
[901] E_4uNo3_dtg → How to Implement Water Conservation Practices in Agriculture?
[902] kGIWlBiLMV8 → English Comic strip #drawing #pencilsketch #colouredpencildrawings #colouredpencil #friendship #fyp
[903] 2GfRPzIaYnk → How Water Channels Transform Farming Forever 🌊
[904] 7lTKJdQsDv8 → Tractor Thresher Simulator Games (Real Farming Tractor Plowing) | Android GamePlay
[905] QWCBbMO_eeg → Cherish Life...LIKE A PIG! #farming #pig #lifequotes #life #homesteading
[906] 4LrspCNahGo → Wiltshire Crop Circle 8th August 2024 🛸🌾#cropcircles #ufo #ufo #wiltshire #alien #aliens #xfiles
[907] 4xBHVvvAjvc → Stuckey Farm - Wagon Rides
[908] DTK-uWx_VQo → What's the Difference Between Fruits and Vegetables?
[909] _S7uysfxofI → TESTING the IBEX Mini Hay Baler
[910] cDwTDgn_AD4 → Agricultural Science #agriculture #agriculturescience #farm #agriculturefarming #shorts
[911] iWfyJvmKDYs → 2008 Celebration of Lakes: Hay Wagon Ride
[912] pKnHViLsKkk → Vegetable Farming Vegetable Cultivation Techniques Sabzi ke kashat ka Trika
[913] 0KL7OrHkDaY → 16 Row Massive Potato Harvest with John Deere and Spudnik
[914] I3cGXhgelms → Getting started in Precision agriculture
[915] na0J_z6CIrw → Let's Learn English! Topic: Farming 🐓🚜🐄 (Lesson Only Version - No Viewer Questions)
[916] dRJL9GST_to → How to Grafting Tomato from seeds in bottles for beginners
[917] XFBu62EIsEs → The ULTIMATE Guide to PEST GRINDING!!! (Hypixel Skyblock Guide)
[918] cpI2_W680_w → Water conservation with trenches - Farm Innovator Subhash Sharma 13
[919] wcGxK7C2ca0 → Agriculture Marketing Strategies
[920] hwrYFBP4j0g → How to be an ORGANIC GARDENER: 7 Tips for Success
[921] 6r_b9_nivgM → Cotton Farming 2020
[922] bHqh_ajsoe8 → Is Climate Change DESTROYING our Crops?
[923] JAQfuOe-GHY → Who aged better? #granny #farmlife #trend #shorts
[924] TNr9lUb8BJ0 → Agriculture and the economics of ecosystems and biodiversity -- P. Sukhdev TEEB
[925] _JHUZ57yEjE → Understanding Agroforestry: A Guide to Sustainable Farming Practices
[926] UE8fQm_DxI4 → Agriculture and it's Importance
[927] e7CmKcfrqzQ → Hand milking
[928] s_0KG8nv9j0 → Antique Farm Equipment Museum Tour - Part 1 | Ageless Iron | Successful Farming
[929] Gvir4m60sBM → Testing two common potato growing methods
[930] UpskMNcVN4g → WEBINAR - Huy Tran -RAS Components and Design Principles  - (Recirculating Aquaculture Systems)
[931] 1l3HIHE9U4M → Caterpillar Front End Loader  Repair
[932] 2Xb3ieJVI34 → It’s ALL About Your Seed Starting Mix 🌱 Start Your Seedlings Off Right 🌱
[933] -R4cPxDgVjA → EPISODE 45: ALTERNATIVE FARMING SYSTEMS: ENVIRONMENTALLY SUSTAINABLE WAYS TO ENTER THE INDUSTRY
[934] FdbhkbOJ94w → The impacts of climate change on coffee farms with Boyce Harries | Creating Coffee Connections
[935] JoacwcezO0Q → How Communication Affects the Adoption of Technologies in Agriculture Survey
[936] lBKog1IbQjQ → Short Supply   Hay Shortage
[937] dVqyGsVKAxM → Increasing your harvests with seasonal interplanting of vegetable crops
[938] 4kCkRqgBOeM → How to Train a Barn Cat
[939] fqF_vlZ0dYg → Prefixes "Re" - Language Arts Word Study Grades 2 - 3
[940] F83ahrGRBQI → Kales and tomatoes farming in small scale farms #farming #farm #vegetables
[941] LpaPU-STAsY → Methods of Soil Conservation (Terrace Farming and Contour Ploughing)
[942] 7YCP6aIlxhw → FASTEST METHOD To FARM SUMMER COINS & HARVEST POINTS in GROW A GARDEN! ROBLOX
[943] OI97TMPh97M → HOW TO GET MAX POINTS (14K) SOLO IN SUMMER HARVEST EVENT IN GROW A GARDEN
[944] O1TVKg2lt9c → Watch This Before You Plant a Fig Tree In Ground
[945] oOtZD1PlFuw → WATERMELONS  This is the first year I’ve had enough space to grow large.
Error fetching metadata for video ID tcxtVEnBQOc: Command '['yt-dlp', 'https://www.youtube.com/watch?v=tcxtVEnBQOc', '--skip-download', '--print-json', '--cookies', 'cookies.txt']' returned non-zero exit status 1.
[946] tcxtVEnBQOc → Unknown Title
[947] BD9kEHvXlGQ → Economists dropped $10M in rural Africa. It changed economic science forever.
[948] PU6ys5xWb2E → Soil Management Day 2024
[949] dSjGTIKs1d8 → Smart Mulch Hole Method – Boost Growth with Precision Planting
[950] xW50iMVzo2k → Essential farm equipment maintenance
[951] bslVt6WoXBY → Cliff moving and paving process- Good tools and machinery make work easy
[952] IrwRM244lPQ → Major Crops of India - Rabi Kharif Zaid crops | Indian Agriculture Geography
[953] nB68I_084aA → Methods of Irrigation
[954] crBwgHWPDrQ → Ivan Inspects Milking Cows | Fun and Educational Videos for Kids and Toddlers
[955] IjyIqCChIak → Mastering Hoeing Technique – Simple Fixes for Common Mistakes
[956] rw1dLn7tkuw → ಜೋಳ ಬೆಳೆ| #agriculture #agro #irrigation #farmer #vlog #minivlog #shorts
[957] lPeEce27C8Y → YES These are ALL Tax Deductible for Homesteaders Farmers and Ranchers | Stop Paying Taxes on This
[958] Hy24EcuuipM → Your tomatoes can grow indefinitely #tomato #greenhouse #vrtobilja
[959] aTfJxHl_664 → Driverless Agriculture Row Mulching Machine
[960] LS30ZyOCcBY → The ULTIMATE Raised Garden Beds for a Front or Backyard Vegetable Garden
[961] K3-ytC-_cfU → How To Build a Raised Bed Garden
[962] FkSUCEfqifQ → "My Balls Got Caught (In The Hay Baler)". Rare Gem Found: The Song That Shocked Farmers in 1978
[963] QVQujuuVHtE → What is Agronomy? | Importance Objectives & Principles Explained
[964] 6U3XX6NFgPo → INVEST IN AGRICULTURE AND FOOD
[965] FEZgJgSj4a0 → Conservation Agriculture Improving Crop Yields
[966] uSgjwlCioLk → Farm tools and implements/Basva's farm/Class 4 /NCERT/Agricultural Crop Production
[967] 30zAWSINOgs → Fixing 3 Common Problems with Drip Irrigation
[968] 7Nxh8fQa0aU → lidl Strawberry
[969] _eEbOizDZj4 → Can I fit a whole tractor bucket of hay onto my Kubota RTV?  #farming #farmequipment
[970] p1vllvEIypw → AI in Agriculture: How Artificial Intelligence is Transforming Farming
[971] jdkyelSgTug → 🐄 The Farm Chores 🐔 Animal Sounds for Children 🐕 Wonder Kids Animals #2 🐎
[972] qUU_OJuDx24 → A New Kind of Ranching Is Taking It’s Place at the Ponderosa!
[973] oNwjMD5C29A → What you need to know about Foot-and-Mouth Disease.
[974] _eZofJw5cug → What Are The Traditional Farming Methods In Mountains? - Earth Science Answers
[975] fvZIqNiy0DU → Fresh Sugarcane Farm #Agriculture #Fruit #FruitFarming #FruitHarvest #Farmer #shorts
[976] 6AZ5VwTyJY8 → Joel Salatin on Responsible Cattle Spacing and Grazing #farm #cow #cattle #regenerativeagriculture
[977] IVPr2EvJQrI → Breeding methods used in cross pollinated crops
[978] l5RdqDLfMtU → Frost agronomy research | Department of Agriculture and Food WA
[979] HK6_JdvKybg → New High Tunnel Tour 🥬🥬#farmersmarket #gardening #newpaltz #greenhouse
[980] N2VZPPqoGw8 → Analysis: Crop Production Annual Summary January 2020 | Channel Chat
[981] 86tapARehd8 → Raising Chickens for Meat and Eggs - Feed for Egg-Laying Chickens - Poultry Business.
[982] viVjtwcDGJk → Date Palm Time-lapse - visit boxlapse.info for stuff i use in my videos
[983] hewioIU4a64 → Farm animals for kids - Vocabulary fo kids
[984] Z-k73GyMX9k → Quick Guide on Growing SRIRACHA PEPPER (Capsicum annuum): Planting & Care Tips!
[985] 6u_MDYi9muI → Agriscience and Technology Careers
[986] wt7j-1VqnXE → The Benefits of Precision Agriculture
[987] 0aN4ZuHMckU → Baranaja: A Climate resilient farming practice that produces nutritious foods in Uttarakhand
[988] fSmYyxZ-cXc → What I've Learned About Alder Trees #shorts
[989] qYBjO8Ktfgs → When the right Agronomic practices are applied. Castor Beans Project!!!
[990] N5W8HNN8Pyo → Farm Robotics Challenge Team Meeting with Tend 3-18-25
[991] j8wB3HVm3ZA → Fun And Games At The Hayride
[992] ZUgT1rQo-70 → Sustainable Farming for a Greener Future
[993] b67MU_AVbYM → How To Turn  Brick Yard To A Vegetable Garden #satisfying #shot
[994] 5L3hFhuskD8 → Vnuthna Agrotec LLP: Transforming Agriculture with Quality Agri Inputs
[995] yLy6XcKXZDU → Amazing Rice Farming Techniques of Vietnam
[996] YRAyEjp_zd8 → My 5 Favourite Must-Have Gardening Books | Perfect Gift Ideas for Gardeners All Year Round
[997] pukjRo0R6nI → Planting hanging baskets - window boxes - hayrack | Proven Winners supertunias superbenas superbells
[998] Y91DYc24PGQ → Job Evaluation: Hay Method (U/O)
[999] dDIkqCcK77Y → This Worked So Well I’m Doing It Again: Conditioning Straw Bales For Fall Gardening
[1000] QrtD2AVTIQE → Journey of a Dairy Farmer in Safeguarding Milk Quality and Cow Health #shorts
[1001] vfz-26NS-wk → HYDROPONIC Farming at Home | Hydroponic Growing System for Beginners
[1002] q7E_1xBo9Oo → THE HINDU NEWSPAPER 10th December 2018 Complete Analysis
[1003] Su8j4174OJc → Extension program helps producers improve their operations
[1004] zkvE-6DhOhk → 𝙂𝙧𝙤𝙪𝙣𝙙𝙣𝙪𝙩 #shorts #groundnut #legume #crops #nature #biology #plantsofindia #plants
[1005] eKWHMzHhmg4 → No-Dig Gardening Masterclass with Charles Dowding
[1006] BoSUEIkK_Y4 → Soil Erosion | Causes Effects and Solutions | The Planet Voice
[1007] R7CyVCEOp6A → Investing in Renewable Agriculture Now!
[1008] iUaLmtwSWuE → How trees benefit farms - Case Study - Mike Weighell North Yorkshire
[1009] eAlJkJx4tWk → Growing crops without soil ☘️☘️
[1010] yOG9YPBzGPk → Sustainable Pig Farming Techniques How to Raise Healthy Pigs
[1011] Uy4dJY2sqys → John Deere and Frontier Disc Mowers (Hay Making)
[1012] f-kTAxJmGWs → John Deere Tractor 🌱🚜 #johndeere #johndeeretractor #agriculture #farm #shorts
[1013] aOaYTjqQZMg → Tractor Thresher Simulator 2019 - Farming Tools and Vehicles - Android Gameplay
[1014] 2NM8WAw0eGE → The process of mechanized planting of green onions
[1015] 3zU6ON0wQtw → Finishing Goat Milking Stanchion Made with Scrap Lumber (for FREE)
[1016] RdsN_so3Jxg → Crop Rotation for Plasticulture Strawberries
[1017] pGrOeXo7ruE → Planting Season 2023
[1018] _JSaI21MazM → Hay : This Is How We Do It
[1019] PyoGWg6-8jk → Small Machines. Big Rentability. | John Deere Compact Construction Equipment
[1020] 0Ejvw0wS43Y → Preparations before planting ginger
[1021] MyuOeLpvXhU → Agricultural Economics Definition   Definition & Explanation of Agriculture Economics Audio Book
[1022] A7Y9qPRXmkg → Satisfying Corn Chop ASMR! 🌽✂️ Harvest Season Vibes! #oddlysatisfying #asmr #corn #harvest #farming
[1023] 8zY7nhmUsYA → EP 3 THE REBUILDERS | 🌍 They broke the planet. Now we rebuild it.
[1024] ihzYdj-fVeM → JuanJuan & JussKev - Dis Tha 1(Official Music Video) [Shot by SK Productions]
[1025] domxtKsKFjM → Solar lights going green in Thailand solar power in Thailand check it out!
[1026] ZcRJra--A_I → What Effect Does Conventional Agriculture Have On Biodiversity? - Ecosystem Essentials
[1027] 5Mizn9K3V-g → The Reserve at Miller Farm 2 Bedroom Home
[1028] 7QtbvHaRp5A → Agriculture Innovation 10 Tech Trends
[1029] AtF7EfdT8Wk → Sioux Steel Hay & Grain Feeder
[1030] XDAmQXdTwXs → BB 9000 How it works - Knotter
[1031] 7YJUO79l4NM → Trans Nzoia Governor George Natembeya Before Senate
[1032] vebJZo00kWA → new  technique  of  growing  plants #123kishan #growingfruit #farming #agriculture #farmer
[1033] 1q8o6gRs-IA → 🥦 Farm Fresh: Broccoli Harvest Pickling and a Home-Cooked Dinner
Error fetching metadata for video ID mzcl1XrqdH8: Command '['yt-dlp', 'https://www.youtube.com/watch?v=mzcl1XrqdH8', '--skip-download', '--print-json', '--cookies', 'cookies.txt']' returned non-zero exit status 1.
[1034] mzcl1XrqdH8 → Unknown Title
[1035] Y0o0xmDn3eA → 5 Composting Myths You Should Stop Believing Right Now
[1036] hmmuzFQGR7o → Techniques To Grow High Yield Tomatoes #satisfying #farming
[1037] 2Azq8ez7Q08 → Mastering Azolla Cultivation: 10 Tips for Sustainable Farming Success
[1038] xE3-3MG1dSs → #tillermachine tiller tractor #powerweeder #farmer #agriculturalimplements #bilaspurdistrict
[1039] F9_uqjK1sHI → Farm machinery maintenance 😇
[1040] ww8yBF9w5j4 → Grow Coffee Beans FAST! The SECRET to Huge Profits in 2025
[1041] bkAKiqRk-j4 → Smart Irrigation System For Sustainable Agriculture
[1042] 5WB1xnPjJ6A → Harvest Season Farm Drone View
[1043] eN1EsI_yvvE → TRANSPORTING COWS SHEEPS HORSES BULLS GOATS & TRACTORS WITH MAN TRUCKS - FS22
[1044] MnvUzntpF4Y → How to Prepare Seedlings for Replanting (Plus Tips for Success)
[1045] 9cN9kAl0D4o → มช.พร้อมจัดงานเกษตรภาคเหนือ ครั้งที่ 10 NORTHERN AGRI CMU EXPO 2022 : Smart Agri for Well Being
[1046] 7RtSVvRwUSI → Permaculture strategies for capturing and utilizing water in arid landscapes 🌵💧#permaculture
[1047] jdNybFdbMc0 → Agriculture mechinary /sunflower head blossom
[1048] Q4UrZy3t-gU → China’s Jilin finds new ways to process agricultural waste
[1049] OMIbtIZ2E-Q → How to Grow Tomatoes from Seed to Harvest | COMPLETE GUIDE
[1050] cy6OrDDYNJY → agriculture innovation | new technology in farming #satisfying #viral #trending
[1051] Yz84MhMFBno → Farming In The Arctic | Growing Vegetables In Freezing Temperatures
[1052] EH6tRk-aj1k → Selling Nursery Products
[1053] 4Ur1a_PSgzU → Eggplant seedlings prune side branches. Good planting techniques yielded a good harvest
[1054] gNqkEGpv0vg → Homemade Worm Farm Compost System #vermicompost #wormfarm #compostbin #wormcomposting #bioreactor
[1055] 8hSuazkppu8 → Food security in drought affected regions in Somalia
[1056] sZZg0vAV0Qs → 500 Futuristic Agriculture Machines And Tools: Revolutionizing Farming in the 21st Century 024
[1057] gPEMcwK5kds → Vital Veg - agroforestry and vegetable production in North East Scotland
[1058] iDsNQlzR9SA → I LOVE when I find them looking in but I HATE when they collectively poop ALL OVER the patio!
[1059] DWeIRD0ylL0 → OFF-GRID Garden SOLAR WATER PUMP
[1060] giMCe9Mxl_I → Importance Of Irrigation In Crop Production | Agricultural Science | SS2
[1061] tdo2sIjaY00 → Kale in Containers: Pros & Cons Revealed! 🌱
[1062] oXN99rtAJE0 → Smart useful soil injection trowel tool with trolley easy gardening and farming tools
[1063] VWJ5yE2_TGg → Modern High-tech Farm - Bowery Farming | Amazing Fully Automatic Vertical Farm
[1064] L14woJZEJnk → 3 Ways to Build Soil Health💛
[1065] QL8KiVr3o8c → Actions on farms - Custòdia Agrària (Eng)
[1066] qnhqkhEVZuI → Frozen peas: from farm to fork
[1067] KhT7BcQbMDM → Farmers Profit Margin
[1068] Hdziih1MHpI → Drone Takedown: The Art of Precision Agriculture
[1069] K5af2XmKzm8 → RFB B3 PODCAST: Bulldogs Breeders & Business (Ep. 1) – Dog Breeding Unfiltered | Ask Us ANYTHING!
[1070] t6DmN9Zof3I → High costs low wages: Will the new budget lift India’s rural economy? | BBC News India
[1071] 8ATRfaiaOLg → An Introduction To Plant Breeding
[1072] HV_IP-ApngY → Year One Crop Guide for Story of Seasons A Wonderful Life
[1073] I2FPmHBH7aU → "Innovation sustainability and resilience are keywords for future farming" - Mari Kiviniemi (OECD)
[1074] 6gHOKVfkDzE → multifunctional thresher for maize beans millet and sorghum
[1075] BGDRwtsXgXU → Cows are grazing in the field next to the garden. Voboghure BD #cow #farming #animals #villagecow
[1076] tRHy73MQjZM → AGRICULTURA SUSTENTÁVEL: 5 Práticas Inovadoras Para Salvar o Planeta
[1077] eieL2kyiWYs → Inside the Operations of  Cattle Ranch: Essential Equipment for The Parker County Beef Company
[1078] aTO5NR2kIRo → Saffron cultivation in Sikkim |J&K Saffron| #Currentaffairs2020#UPSC#IAS#IPS#CAPF#UPPSC#BPSC
[1079] NSdPgLVpLCc → Modern Agriculture Machines That Are At Another Level
[1080] NzpfCOXGvH8 → BIGGEST TRACTORS #tractor #americantractor #tractorvideo  #homemade #stickwelding #motorcycle #tools
[1081] S_r_Bt3509U → Implementing Sustainable Pest Management Practices in Agriculture
[1082] -0RmXsl4O_4 → What is Modern Animal Breeding?
[1083] uW2PEns7Uz8 → Ford 8N Tractor | The Best Tractor You Can Buy!
[1084] 39K7NdS4TzY → 2025 worm farmers conference
[1085] pRbXHb-caI8 → OLIVER 1950-T Tractor #bigtractorpower #agco #olivertractor #whitefarmequipment #tractor
[1086] EbCcz0OzhtQ → HARVEST | Official Trailer | Coming Soon
[1087] UmRG-zh1AMg → Farm machinery maintenance tips
[1088] W34tpGqRcSM → Sustainable Farming with Wayne Lording - Renewable Energy
[1089] FeUw2AssQbI → "Enviromental benefits of silvopasture systems" by Dr. Bruno Pedreira UTIA
[1090] ZkmgHQjboRQ → The benefits of urban agriculture - Thought starters with Sarah Msika
[1091] mIfrjy5RCvs → This Can Make You Rich In 2027! | Agribusiness Management | MMM Career Guidance
[1092] DnjU6dcpvBE → Automated Operations for Agricultural Machinery: Cooperation with Lindner Tractors (EN)
[1093] IoUzDhhT-IM → Entrevista com Regi Pintor na Feira Agricultura Familiar de Nova Redenção - BA - TV Piemonte
[1094] -3TVfYNAy_0 → Native Americans Had CRAZY Ways Of Farming... Here's What They Did!
[1095] 7TMtA8Eh9uE → The basic steps of milk production
[1096] MXr1DEHNVwc → Amazing Indian Farming Techniques You Need to See!
Error fetching metadata for video ID 8jFNz64gOUE: Command '['yt-dlp', 'https://www.youtube.com/watch?v=8jFNz64gOUE', '--skip-download', '--print-json', '--cookies', 'cookies.txt']' returned non-zero exit status 1.
[1097] 8jFNz64gOUE → Unknown Title
[1098] 530kCBCpNnY → World's largest indoor farm machinery show returns to Ky. Expo Center this month
[1099] O8H0v6g-zR0 → Rural life is simple and peaceful 52 #countryside #rural #village #simplelife #relaxing #garden
[1100] O33a3T992k8 → Revolutionizing Modern Agriculture The Role of Robotic Technology
Error fetching metadata for video ID mCnJgDk_xww: Command '['yt-dlp', 'https://www.youtube.com/watch?v=mCnJgDk_xww', '--skip-download', '--print-json', '--cookies', 'cookies.txt']' returned non-zero exit status 1.
[1101] mCnJgDk_xww → Unknown Title
[1102] KY-32umnUw4 → HOW TO PROTECT YOUR SEEDS 101👇 Hay blowers serve two main purposes in agriculture: 🌾 1️⃣ They protec
[1103] sj0_k6RqS1Q → TOMATO METHOD TO BEAT THE SUMMER HARVEST EVENT in grow a garden #growagarden #roblox #shorts
[1104] 861HDJgqSuw → Chili Farming Techniques  Facing Heavern Pepper Variety #satisfying #shortsvideo
[1105] vtSxQkTMOf0 → Farm Equipment Mechanics and Service Technicians
[1106] EuKsog0sNaU → Tractors for sale near #automobile #stunt #farming #farmer #agriculture #farm #thar #modif
[1107] FYfBTuDiLwM → How To Install The EZ-Flo Mainline Fertilizer Injector
[1108] i2g9lunToVo → Farming Techniques  Planting Peanuts On The Farm #agriculture #satisfying #short
[1109] vV-_6ovp8pU → How To Grow The BIGGEST SWEETEST CARROTS Of Your Life!
[1110] Ui2BQhO6QFE → How to Grow #Potatoes in Containers | #Gardening for #Beginners | #farming #tips
[1111] yCQNwTSFdxs → Life on a Small Farm: Growing Food Caring for Animals and Hard Work
[1112] AH915kzls2A → New Carlton SP5014NTX Video Spotlight
[1113] nkG_NZdxzAc → What Are The Benefits Of Crop Rotation? - Earth Science Answers
[1114] CzpbJgyRapg → How to conserve water by digging ponds? | Peepal Baba
[1115] MaKJDbAlyDs → How to Amend Raised Bed Garden Soil for Continued Health
[1116] C0JM0OdKSzE → How we water SEEDS and SEEDLINGS #shorts
[1117] Z-POXe26IlI → The Best Cover Crops for Winter! with Resh Gala
[1118] VvKAq4W2XDM → Spinach Farming (Lesson 4) - Water
[1119] Rno6OifHhVo → Agroecological Practices
[1120] OUJnYjDfhyU → Grain Storage | Grain Bags and Bunkers
[1121] ni4Bq98FQG8 → Traditional farming methods: manual seed planting techniques
[1122] 0ACtjp61hs8 → The Ingenious Agriculture of Ancient Mesopotamia
[1123] fk9wzkiIW9w → Strengthening Global Food Security | Corteva Agriscience
[1124] 8n4nne9FQFo → Threshold 7: Agriculture & Complex Societies | Big History Project
[1125] eEaEfgJuDQY → rainwater collection system
[1126] lJcvoFB6E6g → Huge Farming Machinery Sale York UK! Vintage Tractors Lots of Kit!
[1127] eBfTcQPWAdE → Sweden's Economic Journey From Agrarian to Innovation #economy #history
[1128] C6f4Nf0B1Qc → Revolutionize Your Farm with MODERN Rice Transplanting Techniques
[1129] PwX_7LRcMRo → These Ancient Scottish Sheep Have a MIND-BLOWING Secret! #farming #animals #sheep
[1130] 928BkCfECgg → Our mature livestock guardian dogs teach the youngest a lesson when things get serious #farm
[1131] 1l8lgWa0neQ → My review of From Harvest to Home: Seasonal Activities Inspired Decor and Cozy Recipes for Fall!
[1132] 1GfQeLdyBME → Smart farming tricks and gardening tips - agriculture techniques
[1133] bFHQir72ams → 5 Tips How to Grow a Ton of Turmeric in Just 3 Square Feet Garden Bed
[1134] INh0LCJxeI4 → Farm Fresh Lunch | Cooking for Orange Harvest Workers
[1135] 71sDBgOUfmk → The Worlds First Perennial Grain Crop
[1136] vgAyQ31Mi5U → January and Annual Crop Production and WASDE ASB Briefing
[1137] iUdRH2hth4I → Farm Equipment Auction Gould AR
[1138] 80BBZ09u9Is → Marcel Fafchamps: Mobilizing P2P Diffusion for New Agricultural Practices
[1139] FtppjbWEsNo → Rice cultivation machine  #kubota #shorts #agriculture
[1140] qbaag4EUGF4 → Feeding hay already this isn’t good! #hay #cattlefarming #cattle #farming #deere #cattlefarm
[1141] eor6pIb4g60 → many farm animals get ab^sed yet people barely talk about it #farmanimals #pig #duck #animals #fyp
[1142] YNTe3f5bGeE → Say goodbye to manual labor and hello to streamlined agricultural practices.#plowing #farming #fyp
[1143] xhXOI5aQqbg → KCD Manure Spreader
[1144] R6FKPIWwbDc → Weighing Soil Compaction Risks with Corn Planting Date
[1145] 1QTfMVkzEpA → Wheat School - The Rotation Effect & Yield Response
[1146] T6PEk_OZUmI → How "solar grazing" is creating a new industry
[1147] o6sRegnijNo → Exploring the Most Advanced Agricultural Machinery of 2024 #agricultural #agriculturalinnovation
[1148] RmFiSi6IUl4 → The Perfect Hay Baler for Your Small Farm
[1149] VaCWvES0pYw → Massey Ferguson Parts Catalog Online | Tractor Spare Parts
[1150] VyQWgiBWAhg → The Benefits of Healthy Soil. How Soil Properties Affect Agriculture?
[1151] uDBB7EzVD_M → Discover the Best Drip Irrigation Systems Before You Install | All Types of Drip Irrigation Systems
[1152] 6JjJlY6jiE4 → Playing in the mud and watering hay with kids tractors | Tractors for kids
[1153] Am8IFguRnUo → Expand your agribusiness quicker
[1154] _lTSejpcezs → Grow your own Ginger at home 💚
[1155] FrRc-abxX-Y → Minecraft Animal Barn Tutorial
[1156] cJYkX27U2d0 → adding solar lights to our chicken coop and flight pen
[1157] vWrLtYW2th0 → What Certifications Are Needed For Processing Parsnips? - The World of Agriculture
[1158] 8PIQv6zL_Kc → Multiquip Rammax R33/24 HHMR vibratory compactor for sale | sold at auction September 15 2011
[1159] -ZLckqaeRns → Super Sharp Hoe + Smart Technique = Fastest Soil Prep Ever!    -Agriculture Farming
[1160] MW2ELdljsgo → How To Train Your FAMILY MILK COW | Milking Cows 101
[1161] zuCJZfTY1qs → These Are 10 Most Exceptional Cattle Breeds
[1162] sZTwXD_Ht9g → unique machine for peeling bamboo shoots quickly #shorts
[1163] LKqB3QufxN8 → Reflections on our two years farmlife
[1164] M3eJ4zL8jNU → Junyida Cultivation Pro. Junyida Weeding Tools. Smart Farming with Junyida. #shorts
[1165] dsa5hOIV2wc → How regenerative farming reduces costs
[1166] w4tvedvqCz4 → DE3MYSL Submission - Utilizing a Strain of Rhizobia Bacteria to Increase Germination Rates of Crops
[1167] qxtg8hcKcaA → High-tech cow farming in america #cow #cowfarm #america #shorts
[1168] 3drwv4U8Zgk → What I’ve learned about growing apple trees successfully🍎 #fruittrees #gardeningvideos #growyourown
[1169] Rq-ncR619WQ → A Digital Farming Solution - Farmlogics - Farm Management Software  #agritech
[1170] jGHxJILqkIs → Top 5 Crops to Plant in a High Tunnel
[1171] gU9Rr8icQEE → How It Works - New Irrigation Technology for Row Rice
[1172] UycL1soib04 → Furrow Irrigation System - III
[1173] olhCSJmZibA → Growing up with a chill mom
[1174] L_b0qlL0Ou0 → Genius Farm Hack! Auto Straw Loader - Effortless Truck Loading | Farming Tools
[1175] 1H8sSsccDeY → Vegetable Garden Calendar - What's the Plan?
[1176] GPaUAl422ww → New Tractor with modern attachment tools for plough and cutter #automobile #farmequipment #farming
[1177] ZcB7IL-mfis → When Is an Agricultural Activity a Nuisance?
[1178] WCxauwtP1dw → How To Grow Cucumber Vertically - Save Space & Increase Yields in 3 Simple Steps Growing Vertically
[1179] qv25pKyYdxw → Easy DIY Worm Farm | Worm Farming for Beginners | Worm Farm Anywhere | Hey It's A Good Life
[1180] 2cnsGglGlLQ → animal husbandry
[1181] J4HBoEJZtdk → Reduce Poultry Mortality & Boost Profits! 🐔💰
[1182] CpOwSF6RKKw → Tractor Farming 🌾🚜  #shorts #tractorfarming #agriculture #farming
[1183] nAIqUPCVVPA → Revolutionizing Soil Health: Expert Tips for Sustainable Farming
[1184] lziP90A1LuI → Understanding Demeter: The Goddess of Harvest in Greek Mythology: Part 4 of WHo is ? God Edition
[1185] neDqy7Gjvk0 → End of Growing Season Webinar #3 - Grain Drying and Storage; and Farm Safety.
[1186] 2VgM3tb1qs8 → 3 Mistakes to Avoid when Planting Peppers!!! #peppers #gardening #bellpeppers #shorts
[1187] NOIlUyoLaUY → Farming Community New Vilog I Soby Agro Machinery Daska
[1188] dGUmu_BBeWA → Consider Soil Conditions When Winter Feeding Hay
[1189] 8HDnyV1ViHw → Agroforestry Practices - Riparian Forest Buffers
[1190] u4Kph3L8bZ8 → You Don't Need to Buy a Farm to Invest in Commodities
[1191] PmM7gtZvU0E → Grow your vegetable garden at home ! #plants #tomatogarden # #garden #gardening
[1192] FoR3O6LAWi0 → Ripper attached on Mahindra grader #hiremaster #constructionequipment  #karnataka #rentalservice
[1193] c5pekMjAapo → How multilayer farming made this farm profitable
[1194] 3x_jk5cCjHQ → Basic Tractor Operation and Proper Maintenance | Agricultural Machinery Operation
[1195] W0LPAyUQ-MM → GeoAg - Growing in Gravel - Gravel Grow Cups with gladiolus pea shoots and beans. Grown indoors.
[1196] daB_bWu0KOw → Drilling Oats and Medium Red Clover
[1197] CCTpN1w9Ka8 → Plantation Agriculture
[1198] sZ0hgE2zM8g → My MOM Just Went Through My 13 Year OLD Little Brother Search History! SHIT igoldymusic
[1199] Vz9y2zu23YI → Grain King manufactured by Trufab Farm Machinery
[1200] goyP2byjZUU → We promote agriculture food processing and innovation and share business ideas on this channel
[1201] TXGeRylyKDk → 2 HP Rotosol Solar Water Pump New Installation Today #farming #solarenergy #agriculture #solarpump
[1202] D3eyfUky9y4 → Farm subsidies: Where the money goes | IN 60 SECONDS
[1203] ujC1dkYDTOs → Ten Little Vegetables - Learn Vegetables with Nursery Rhyme and Kids Song
[1204] dQW5-vEyXV4 → Farm Labor Shortages are a Big Concern for U.S. Agriculture Industry
[1205] 2k7H25B7LAI → 5 Hot Summer Gardening Essentials
[1206] eF7esT8W9to → FARM MACHINERY MAINTENANCE --REPAIR--SERVICE--UPGRADE-- WHERE THERE'S A WILL THERE'S A WAY!!
[1207] bLGL5rcL71s → Pasture and Forage Management - Best Practices to Manage your Animal Production
[1208] -iSKsbipt3o → Best way to grow grape at home//Tips grow grape supper fast from the tops off#short#grape.
[1209] DmjnVNABHkw → Tractor Shredder Attachment
[1210] RuH6Ii1H4Lk → Vertical Tillage Tools in Action
[1211] XMOmwL_DsFs → Farming How Plastic Sheets Boost Agricultural Efficiency and Yields
[1212] e_POG-Nc5FA → Grow THESE 3 Veggies in Your Vertical Garden
[1213] _jOoSTxKco4 → New apple planting methods to harvest more eggplants #shorts #farming #satisfying
[1214] -WId3aGW5Ys → Managing Nitrogen and water this summer crop planting season
[1215] 68iLpblVafE → Agriculture Techniques || कृषि तकनीक
[1216] QFm3vMe5jGQ → Sustainable Diet | Regenerative Farming
[1217] jmd-TL6yrIU → Biosecurity for Transporting Livestock and Poultry for Owners
[1218] CQMzfGuHHRg → हिमाचल प्रदेश में खेतीबाड़ी की परिस्थिति - The situation of Agrarian livelihood in Himachal Pradesh
[1219] QARDdHjP6BU → High Soybean Yield #farming
[1220] VQ4BzQo6uhc → 2023 UPSC IAS Mains answer writing batch - Agriculture lec 3
[1221] lTmUhpolMxQ → Factors Affecting Growth Of A Country | Ecoholics
[1222] D8F2HFxKUTU → Tractor Rodeo
[1223] lmg_z-24RIQ → "Smart Irrigation Systems: Save Water and Money with Advanced Technology"
[1224] H4yL9FiinoI → Golden Grains & Grassroots Genius : China’s Small Farm Harvest Hack
[1225] --JPzgi_hlg → Napali Farmers are Working in the farmland | attractive tourist places in world
[1226] 52CIzoUdWzM → Smart solution helps farmers save 90% of water and increase productivity  | Agricultural Technology
[1227] 6xsDA-sw0lE → Chicken farm at home business
[1228] 3tw5xAEx4bY → The Farm Hand Is Ready To Work.🔨
[1229] aSst9E6EFDs → How Do Round Balers Work?  |  MD F&H
[1230] HKecyJIWY7c → Rethinking how the world produces agricultural commodities
[1231] gRJ6IAJ7YW4 → Ras Modi Plants Corn: Embracing Sustainable Farming This Corn Season. #CornPlanting #gardeningtips
[1232] ZyI9V-Kef7M → 15 Survival Foods Every Prepper Should Stockpile - Most Bang for your Buck
[1233] -pgaBJv-L7A → Revolutionizing Fields: Top Modern Farming Techniques
[1234] 4o_qtAOZymo → How to use Coffee Grounds as Plant Food | Natural Fertilizer - creative explained
[1235] LVnNyKTp1NQ → Five Types of Subsistence Agriculture [AP Human Geography: Unit 5 Topics 1 & 10]
[1236] HHYe442xbhU → Rent Heavy Equipment in 2022 from Star Tractor
[1237] sObyVL3oU6g → BEAUTIFUL COW VIDEO  COWS GRAZING & MOOING | Cow Video
[1238] RC0aeX3G3pM → How to make a gravel garden
[1239] nzXWqqVNTXw → Gestation Crates must be banned
[1240] EPmV8iqZIps → Start a Garden | Step-by-Step | Gardening Tips
[1241] XELbQGxO9C4 → This Mother Cat Cooks Food for Her Kittens from Farm-Fresh Vegetables 🐱#AnimalShorts #ViralCatStory
[1242] jwjsrYwBCIE → Harvest Season #harvestseason #farming #agriculturalmachinery #agricultura #shorts
[1243] fbOiwV3gBLg → Agriculture economics . What is agriculture economics? Definition of agriculture economic..
[1244] ntAGV4SQ0Fw → I wanted to plant on the horns #cows #farm #withme
[1245] 6_dJk91Oju8 → Growing Heirloom Vegetables In Your Garden
[1246] DXSyRSosd08 → Real Facts About Real Beef: Grazing Cattle vs Crops
Error fetching metadata for video ID I7tQRCz2w60: Command '['yt-dlp', 'https://www.youtube.com/watch?v=I7tQRCz2w60', '--skip-download', '--print-json', '--cookies', 'cookies.txt']' returned non-zero exit status 1.
[1247] I7tQRCz2w60 → Unknown Title
[1248] 5YSu7d8JD9Q → Agroecology
[1249] 4cc5pDT8CCY → New Drip Irrigation System #shorts
[1250] 1qN3swCmbX8 → Is Laura Farms getting Divorce?😔 #laurafarms #farming #farming
[1251] ij0iOLWnjwA → Onward and Upward
[1252] oPRetoBizWs → John Deere Machinery - Repair & Maintenance (A Day On The Farm)
[1253] KP-XhPoFbY4 → I hatch 200 CHICKS IN A MONTH as a small scale farmer #smallscalefarming
[1254] B8lRYajJQxo → Plant trees to benefit horticultural production.
[1255] ryn-aDYOCSE → Farm Tools & Equipment Pictures and Names
[1256] -sLZneBRdrw → Farm Harvests Gone Wrong! Chaos Ensues During Crop Collection Season #shorts #farmharvest #harvest
[1257] pg30-LKCzgY → Anna Creek Station - South Australia
[1258] vkgEPd0A9t4 → Agriculturists undertake small machinery training
[1259] k43H-DuY9uA → Medicinal Plant Cultivation | 10 MEDICINE PLANTS FOR YOUR GARDEN: Health benefits and Growing Guide
[1260] yNuQshqrD_I → Great Plains 2SNT30 Solid Stand no-till grain drill at auction | bidding closes May 9 2018
[1261] 3M4se0NidjA → Presenting Corteva Agriscience's New Integrated R&D Center
[1262] r3na5HkQapw → Milking machine for small farms 9345041010/9345051010
[1263] D6Pp0y_-bW4 → 10 GMO crops
[1264] 9t_hqzgE6yY → Revisiting Cambodia’s “Killing Fields” 30 years later
[1265] Q0HqheH5U8Q → Montana Ranch For Sale - Sitka Ranch
[1266] a7W0N-3Io9E → Harvesting MILLIONS Of Tons Of PEANUTS To Make Delicious Peanut Butter
[1267] tb4OiUS-vfY → The Essential Guide to Goats in Farming Simulator 25
[1268] 8ktXx3GGkO4 → It’s carrot time! 🥕 #carrot #carrots #garden #pick #harvest #surprise #vegetables #homesteading
[1269] ZLL5SK_d0To → The Secret Tech Tip That Transformed a Vineyard
[1270] 18nZwWSgYRE → ⭕ Advantages and Disadvantages of Feedlot Livestock Farming ✅  Biggest Bulls And Cows
[1271] r15OKiQuyrg → Caramel's poor table manners. #the_eco_spiritual_experience #animals #farming #farmlife #funnyvideo
[1272] KMEKJztC5Cs → Differenciate Between Subsistence Farming and Commercial Farming#agriculture #geography #class10 .
[1273] HZCwBEBaIaw → 20 Years of Crop Rotations and Cover Crops: Assessing Long-Term Impacts on Crop Yield & Soil Health
[1274] TeZXH8e7UoY → Amazing rice paddy fish farming technique in thailand!
[1275] WRIysSpg2Zs → Agricultural Pollution - The Destruction of Our Rivers
[1276] lgZBlD-TCFE → Solar Panels Plus Farming? Agrivoltaics Explained
[1277] A3-t79JtDHU → The Visionary Farmer: The Rise of Modern Agriculture
[1278] x9rPLywWs_8 → Setting Up the Winter Chicken Coop
[1279] Dp8lLFTMwNY → Old MacDonald Had a Farm - DJ Raphi | Kids Dance & Sing
[1280] D2-hWT5LcRg → 100 Modern Agriculture Machines That Are At Another Level
[1281] Wve6CQnB6Z0 → IMG 0080Agricultural Equipment Leasing Service for Smallholder Farmers
[1282] 2I5q_TfjXvs → The Best Way To Control Livestock
[1283] _caMQpiwiaU → It's Corn - Songify This ft. Tariq and Recess Therapy
[1284] hCjCfPwKk7E → Garden Edger Weeder - Soil Cultivator - Hoe Long Handle Grass Flower Backyard Gardening Tool
[1285] kR5lNFS0S7U → Mountain Family Farm Life Growing & Harvesting Vegetables Animal Care Rustic Cooking
[1286] TYPLHVdPUPo → Why Rain is Good for Plants! #shorts
[1287] ZFyZVTy2Bsc → BUSINESS SKILLING: Agribusiness Development Centre- ADC Commences Business Accelerator Training
[1288] 7PLaiZcUdhw → Training Wisteria Vines up a Tree (NON-Invasive Wisteria)(Zone 8b)
[1289] 0cQCiqc1X5o → DELMADE RELEASES the NEW + UPGRADED Delmade MkII Ripper Pipe Layer
[1290] uDKpRSWoICw → Ears treatment wheat with application maps / agrirouter Data Exchange
[1291] RCjf_mbI6Cw → Farm Life Benefits: Fresh Maize Harvest & Roasting
[1292] pM6z6tS2OBw → The Velocity Cabinet Rotary Milking Parlour | Waikato Milking Systems
[1293] Hl1WdE3pt2I → 10. IRRI Agronomy Challenge: Are Insects a Problem? (2 & 6 February 2012)
[1294] yD6khRIL0tc → How Does Climate Change Impact Plants And Animals?
[1295] bff54zrpyOE → Farm Machine Safety: Combine Safety
[1296] m3c3Qtg-7nY → Unlocking Benefits of Regenerative Agriculture for Climate & Health #fok #beef
[1297] ZWkGG6_ihic → Farmer-Tested Tools Kinze 1300 Grain Cart Jolene Brown’s Advice | Full Episode
[1298] If9U6ME3ycQ → How Millions of Banana Harvested & Processed | Banana Chips Factory🍌
[1299] B1kmWqm_aLc → Airborne Sweet Potato Farming
[1300] P98ZJCRLmys → Unique Farm Equipment Finds in Western Canada - John Deere 8000
[1301] 6ispqAYWykU → Potato harvester
[1302] oQ8RXv5LUa0 → Saturday Farm Life: Chores Splitting Wood & Beef Farm Activities | A Day in the Life
[1303] 27dXGnMw6C8 → 55 Most Unbelievable Agriculture Machines and Ingenious Tools
[1304] qMUE611JdRk → Investing in agricultural infrastructure Promoting livelihoods and employment
[1305] Vh0k7l3hfgE → Auction Inspection San Jose John Deere Ford F450 Welding Trencher Tools
[1306] Fuhfz8fvZvE → AGP Agricultural Practices
[1307] 4iHLhKgf85U → Corn Planting Depth #730 (Air Date 4/1/12)
[1308] u9JfsYqHub8 → Cultivate Your Own Edamame: A Guide to Growing and Enjoying Soybeans!
Error fetching metadata for video ID aiySQODl36g: Command '['yt-dlp', 'https://www.youtube.com/watch?v=aiySQODl36g', '--skip-download', '--print-json', '--cookies', 'cookies.txt']' returned non-zero exit status 1.
[1309] aiySQODl36g → Unknown Title
[1310] DXluz4P3loA → Can you run a Farm with just ONE Draft Horse??
[1311] wwcIhhiLye8 → Kubota Pro588 combine harvester II Kubota harvester
[1312] zVUVbD1e9eg → Wheat Harvest #satisfying #shot
[1313] VhhZ6JOk5dI → 45 Dollar Hay Barn
[1314] 1cW1oWU0iIo → Durian Harvesting#farm#farming#farmer #harvesting #agriculture#fruit #asrm#nature #shorts#trending
[1315] 9uTjA4Mgcp8 → Preview of John and Lori Lehe Online Farm Retirement Auction Nov. 16 in Brookston IN
[1316] 8rnFxNdZpn8 → Chicken Farms Are Not Hatched In A Day | 134
[1317] buZ1wkAdADs → Design of on Farm Trials using Precision Agriculture Equipment
[1318] S0fpQekokPM → "Hay Baling 101: Essential Tips for Cutting and Storing Hay"
[1319] nalCLDpEGk8 → 🐮🐔  40 Farm Animals for Kids || Learn Animals Sound.
[1320] Jwr9ur4chn0 → Grow The Best Tomatoes This Summer By Pruning!  Especially If You’re Growing Indeterminate Tomatoes!
[1321] hreiq2zmX4c → Is an ATV or UTV better on the farm? Can-Am Defender and Outlander tested! #farm #atv #utv #review
[1322] 7viA16-J2K0 → Life Cycle of a Plant for Kids! | Learn Parts of a Plant 🌱 | Twinkl USA
[1323] VBe1GTIO0D0 → Corn Farming Techniques 😎 #satisfying #short
[1324] 4N6YLGAF7EE → Modern Agricultural Machines at Their Best
[1325] pylFCO59Llo → Farm History - Vintage Farm Tractors
[1326] FttCLOa1DnY → 2.3 The Toll End Communication Canal near Tipton
[1327] _qLilKCArEo → #life #lifestyle #lifehacks#lifequotes #farming #farmer #farmtractractor #driver
[1328] 8_nhq1pimbk → GAIA GREEN WORKS ON EVERYTHING! OUTDOOR SEASON 2 EP15
[1329] r5-hPTnmeG0 → Agrosilvopastoral Systems | Integrated Crop Trees and Livestock Farming
[1330] DJynCSiaIAA → Rural Development | Economics Class12 NCERT | Animation
[1331] UP89hnHpKwo → Farm Smart: Flockwatch Sheep Managment App - The Stauntons
[1332] HxudStn7yb4 → Online Agricultural Equipment Rental Services
[1333] B41tp3ukUmo → What is the Importance of Crop Rotation in Agriculture Sustainability
[1334] oJJUdfsxXpE → Benefits of urban gardening | Why you should try urban gardening | Urban gardening benefits
[1335] FIvYXTviai0 → InsidePTI S1•E01 | Optimum Corn Planting Date
[1336] V7OnHMfagQQ → ISRAEL AGRICULTURAL TECHNOLOGY : Subsurface drip irrigation in ISRAEL
[1337] Nm-zMvD6MLk → Tomato Greenhouse
[1338] _lo-QtIegPg → Tecnologías Emergentes: Smart Agriculture.
[1339] oQWG4OiqjYg → What is the Importance of Crop Rotation in Mixed Cropping?
[1340] _3Ofe--FUv8 → Root Functions
[1341] h4RHea0-tdE → Essential Tips for Successful Planting 🌱 | Boost Your Crop Yields! #TobaccoFarming #FarmLife
[1342] z6ONBsGfdyQ → किसान मुर्गी और इंस्टाग्राम "Farm life"! व्हाइट-कामिक मुर्गी का विशाल अंडा! #shorts #ai #trending
[1343] FCqSs4bTqTs → Small Farm Irrigation - Video 4 - How to Patch a Lay Flat Header Pipe
[1344] i9nmgPEFGV8 → Wagon Ride Back to the Hog Roast
[1345] mXpiFmFcd2w → No More Aphids With NO Pesticides!
[1346] j_Of36XVHng → 12 Perfect Vegetables To Grow in a Shady Garden Space
[1347] qhuGHmoahhA → Banana Farming Techniques #satisfyingvideo #agricultura #agriculture
[1348] Vm22g3N0wsM → 🌱 Crop Rotation: The Secret to Healthy and Productive Soil 🌱
[1349] 6S9evu54-OQ → Trump GOES MAD as  Farmers Suspend Agricultural Production in U.S. in Response to Trump’s Tariffs
[1350] onUEfOkSdb4 → Do you know what kind of wild vegetable this is? #agrifuture #farming #viral #agriculture #trending
[1351] kLUx6WwmQX0 → Sowing Garlic 28th September 2024
[1352] M-AJL3Hi9sc → Dr. John Shanahan: Farmers’ Experience with Soil Health Management Systems
[1353] DQYwKGvw-HM → Days Century Growers Fruit Packing House
[1354] 8gPF4L5NP34 → Inside the Co-op: Inside a Grain Elevator
[1355] llnmeGL5EzY → Tractor Tire Set up
[1356] upNHdpOmTgs → Watering Plants : How to Prepare the Dirt to Put Lawn Seeds
[1357] Cvpmq6AW9TU → Visiting a Farm Equipment Dealer in Germany
[1358] xNqv4qRYcyo → Commercial Maize Farming in Ghana for Beginners 2024
[1359] bXBTYxRIjfc → Fig Farming in the North Central Region with Kris Heeter
[1360] kjXABJS1nXE → Techniques To Grow High Yield Cucumbers #satisfying #shot
[1361] O29liDrxWlk → 3 Reasons to Start a Hobby Farm
[1362] JOr5jV_G8ro → Agronomy
[1363] LNlsn19HNIU → Quand les réfugiés apprennent les métiers de la terre
[1364] ENtGzrGpMJg → Smart Farming Revolutionizes Soil Management and Crop Rotation!
[1365] J_MIM9Vf7NU → Viability of Wind Generation for Farm and Rural Communities
[1366] l3ucsl3V6dk → Farmer Life is Very Hard #farmlife #agriculture #farmer
[1367] JgvKll2T5PA → Drones For Farming | Drone Ag
[1368] 6aNLG9GXcAc → #Tractor #Farming #FarmLife #Agriculture  #NewHolland #Kubota #CaseIH #Fendt #Claas #FarmersWorld
[1369] 2uUxIjVRl00 → What Is Involved In Livestock Feeding Management? - The World of Agriculture
[1370] A5EvwINuSIA → Crop Rotation for Beginners: The Secret to a Healthy & Productive Garden
[1371] 8H6KtjJYdRA → Biodiesel Plants Not at Full Capacity Without Tax Credit
[1372] BWNagxFV6c4 → It’s time to grow your own ginger! 🫚 Here’s how!  #grow #planting #gardening #ginger
[1373] 3A5Dj16nLbU → See this Amazing cotton harvesting Machinery #farming #cotton
[1374] iBBnz0TzSzo → How the Pandemic Changed Farmbox Greens Farming Practices
[1375] vPR1zrhD0j4 → #93 My Day at the Farm Equipment Auction - I'm a winner!
[1376] YvMHp_YKSX0 → Polluted Stormwater Runoff- It All Adds Up
[1377] kXUaqiVdN2E → How Farmers Harvest Eggplants in a Greenhouse: Modern Growing Techniques | Farming Documentary
[1378] L2En6O6V1es → Central Tablelands Autumn Seasonal Update |  A case study on sustainable farming
[1379] LAftyWcWfi0 → Grow Your Seed Vocabulary: Key Terms Every Gardener Should Know
[1380] tk0dd8lqtw8 → Reduced Tillage Systems for Organic Vegetable Production
[1381] apIdf8B6vok → Its OKAY! Tips for storing equipment outside.
[1382] hAi3gTgy3qM → More Water for Farms More Food for Everyone
[1383] SSDcL7IvyrU → This Boaz Alabama farmer is never going back
[1384] weJ2NUbpIXY → How to Train a Houseplant to Climb a Wall! (It's so simple it's unbelievable!)
[1385] gAg2kB40b6k → New Crop Rotation Launched at Honeydale Farm
[1386] AqCyecFls34 → NEVER type THIS into Google Translate! (3) #shorts
[1387] bNSEc5ZNjRc → SAP PM Module Overview 2025 | What’s New in Plant Maintenance? | Key Updates & Features
[1388] U1jeMSiDz_0 → Farmers Use Agricultural Machines You Have Never Seen Before ▶6
[1389] HljTKpbnqOU → Agroforestry - Silvopastoral Systems
[1390] eks_viqfWrY → Composting 101 - building your compost bin
[1391] okJIvNXvvTk → how to do soil conservation.
[1392] 0dmZKRLLjZ4 → Burly Beef: from farm to fork
[1393] Qh13O6J5CSY → When the World's Strongest Man Became a Farmer
[1394] DmAoqJ9Z8HQ → PLANT BOOKS FOR QUARANTINE! These are my favourites right now 😊
[1395] jBtZF8CB4HU → 10 Coolest Agricultural Robots: Revolutionizing Farming!
[1396] ILONBHqq-iU → Secrets of My Family's Daily Cattle Raising Routine
[1397] rt7q15_pCAs → Digital Technology and Sustainability
[1398] K1j6_wyp6hE → Ordered ✅ Mixed ✅ Sprayed ✅ | Neem Oil for Plant Pest Control 🌱 | Aura Farms #Telugu #farming
[1399] for_jz3zPgo → Ontario Grain Farming 101: Farm Equipment
[1400] TuL2S1uSzGQ → Use of organic substrates and nutrient solutions in hydroponic systems
[1401] X5E5eAwKF28 → Equipment Rental Insider: Growing an equipment rental business
[1402] gHM0KIWbfTk → Vertical farming aeroponic WATERMELON & LETTUCE on a Tower Garden #towergarden #verticalfarming
[1403] 2QhjzEBpBCk → throw and grow food plot tutorial
[1404] _g6oNQuPnQU → Farm Life  🌾🚜 #farmlife #agriculturemachine #shorts
[1405] qfI7-XIe-KQ → Training Pigs to the Electric Fence
[1406] VFYCSj_8grU → TOP 5 FACTS ABOUT WHEAT MARKET #wheat #market #beans #agriculture #farming #biz
[1407] ka6hya3X-mM → Revolutionary Innovations In Agricultural Technology Boost Crop Yields By Up To 50 %
[1408] e3AP8MPgVrs → Sustainable Agriculture at Fickle Creek Farm
[1409] SWkvIGpg7Zs → Find fresh produce and food year-round at the Culver City Farmers Market
[1410] ubJLLK_DwQU → Understanding Online Used Equipment Listings - TMT
[1411] UPo2O_pZjpg → TOP 10 SNOW REMOVAL MISTAKES TRACTOR OWNERS MAKE ❄️🚜👨‍🌾
[1412] G6jWUN9fyzY → Drones Transporting Harvests? China Proves Agricultural Technology is Increasingly Advanced #shorts
[1413] agrJ7d1LqzU → Easy Rounded Bolt Removal GearWrench Bolt Biter Extraction Sockets
[1414] j86Eu4pPMqc → 7 Essentials TIPS for Raising Chicks
[1415] MzHY3fBi2_Y → 100 Players Simulate Ship Civilization in Project Zomboid
[1416] 3Yphko2sXaU → Apple Harvesting Machine! 🍎 #machine #machinery #farming
[1417] dyq_S5Twk0s → Kongba Maru - Solar Light & Irrigation
[1418] PNaljJbqmIM → Tobacco Soil Cultivation Technique #satisfying #short
[1419] MaN8azNNvGM → 4LZ-1.0X Full Feeding Combines Harvester #harvester #agriculture
[1420] wvbBb99SkV8 → Soil Health Is... Our Future ~ South Dakota's Partnership
[1421] FoS1o_AGQ3Y → How to Mount a Horse
[1422] tgXZvBfh1Vc → How to Prepare Organic Pesticides   Year 2022
[1423] kGDdk2L_Hwg → Innovation Case: Farm Management Software. Serbia
[1424] fNARhjK8tU8 → 🌷If You're Planting Tulips for the 1st Time. #shorts
[1425] U4IMg3lXzd0 → It’s asparagus season! Here’s how it grows and why should grow it! #shorts
[1426] DJ4iN6RTGDc → Cow milking by hand /Cow milking all animal health tips no1Cow milking by hand full video
[1427] lcLI3FY4J_k → Principles of Regenerative Agroecology
[1428] bIh9HU-6PjM → História da China antiga (CC: POR/ENG/ESP/FRA/JAP/ITA/CHI)
[1429] DGXIjGbKbuM → Milking fails #cow
[1430] h1luLfX8hng → Importance of irrigation system in agriculture (GTN3209)
[1431] TUc9kYon9R0 → The BOSS Bale Feeder by Feeder Leader
[1432] ZJFAEnTjUZg → Mastering Chicken Rearing: Expert Tips
[1433] vG4YqRO-3Ac → How To Start Your Succession Journey With Your Accountant
[1434] hk46NOys-qo → What Grass To Grow In The Shade #lawncaretips #lawncare #lawngoals #diy #healthylawn
[1435] odqwhi0VNGg → Agricultural Runoff
[1436] RtM4pMQfubo → Switching Ranch Strategies: Cow-Calf vs. Yearlings
[1437] cfvYL-Acyec → Agroforestry: A solution to farming’s biggest problems?
[1438] YryXVjRHkqE → Using Artificial Intelligence to Design a Solar Farm
[1439] RvkWt3kXMhg → Top Five Companion Plants for a Vegetable Garden #companionplanting
[1440] lSdZXYk3zKI → Milton Friedman - Should Agriculture Be Subsidized?
[1441] aUL-Fqb0sak → UNIVERSAL Agricultural Implements Video
[1442] Yfn8Ux_II6g → Farm animals for kids - Vocabulary fo kids
[1443] raQDE-k-vao → Video: Apple crops benefit from heavy rains
[1444] LXQVDLUzNis → Pond Preparation And Pond Management Complete Guide 2022
[1445] RkCUS7b_TBM → Giant watermelon #giant #watermelon #fruit #farm #farming #farmer #fruit #harvest #nature #nature
[1446] MCTCwdagN10 → Gulay Business na Walang Farm at Walang Pwesto Order Taking at Delivery lang Kita na!
[1447] 42nv9O_sPjA → 10 Perfect Companion Planting Combinations for Thriving Vegetables
[1448] gg-i0fcBxb8 → 11th English - PROSE - Unit - 1
[1449] eWNQc5_Ojn8 → Irrigation Methods #agriculture #farming #organic #sustainability #environment #food #environment
[1450] vZFFTbufT2k → Miller's Farm Clinton Md
[1451] B8v4RmhDsHY → One Trick to help your zucchini grow faster! for beginners #shorts #viral #garden
[1452] F3tpemSKKcI → Major Differences between Traditional Farming and Modern Farming | Traditional Vs Modern farming
[1453] Ehat-C21ivw → MaiaGrazing - Grazing management simplified
[1454] 9QiSWN7Tubo → Rainwater Harvesting: Transform Your Farmland with Simple Techniques!
[1455] I2Fd9spZh1c → How to Grow Grass in Only a FEW Days #garden #lawncare #lawn #lawnmaintenance
[1456] OTU0yLbSm44 → Transplanting Hydroponic Tomato Seedlings | CropKing Inc.
[1457] hTbahIs4Ai0 → Remote Sensing and Cropping Practices: A Review | RTCL.TV
[1458] 9UUISYWXWP0 → Composting Bedded Pack Manure with Jeff Endres
[1459] yBOjI315mmc → 17 Reasons to Start a Homestead or Farm (Why we homestead)
[1460] ws__Wh5Wt0k → How farmer's in India's Sundarbans area are using climate smart agriculture
[1461] bwJqzS3eyPE → 7 Snake Plant Care Tips That You Need to Know - Sansevieria Houseplant Care
[1462] fsgJFv5tbgg → Cultivating Sustainable Orchard Management Practices With Desmond Layne
[1463] uyasbWnwb8s → Tractor Hay Burner
[1464] js_lLa1WNzg → You're Being LIED to about Growing in Containers...
[1465] -DQG8ZUSpVo → Grow Tip - Starting Cool Season Crops Indoors
[1466] lEsjL0gdX9I → More than farmers' wives
[1467] 1QIAIWtq7Mg → organic farming techniques || how to grow organic vegetables and fruits #organicfarming
[1468] 16djTTejAIs → Sustainable Farming Practices  Boosting Crop Health and Soil Quality #farming #farmequipment
[1469] bRWac1OpxPY → How To Start Vegetable Seeds - The Definitive Guide For Beginners
[1470] 7AvZcQ0MfBg → Is it cheaper to buy fresh produce from a grocery store or direct from a farm?
[1471] XRZJpS6THi8 → AN AGRONOMIST - WHAT IS THAT?
[1472] hg3ffKZegW4 → What to plant in a 5 GALLON BUCKET
[1473] 6rPPUmStKQ4 → Back To Eden Gardening Documentary Film - How to Grow a Regenerative Organic Garden
[1474] 8Du4IxzJgaA → Seed Starting Success: Sow Like a Pro! 🌱
[1475] U3ejVA6015A → How to Make Kitchen waste compost at Home #kitchenwastecompost #v87garden #gardening
[1476] y1IymrnUS4U → 6 Essential Rainwater Harvesting Techniques for Permaculture |Urdu | بارش کا پانی | Engineer Ka Bagh
[1477] 2csFHA-Rb90 → Corn Seedlings Are Ready For Transplanting #satisfying #shot
[1478] D9Z5DjgC_Z0 → Harvest Season #harvestseason #shortsyoutube #agriculture
[1479] klPXua_qDEw → Solar for farms | Home & Agri Energy
[1480] 55NHuw3acAI → Wind turbine Installation time lapse | Vestas
[1481] 9OStWfpy6JU → grafting techniques #free_gardener #garden #grafting_techniques #gardening #fruit #qurban_azad
[1482] F6SJ0m7d7C8 → Silage Round Baler: How to Make 55*52 Mini Silage Bales? Taizy Silage Packing Machine for Sale
[1483] kjBMp5kOF_o → Dream of owning a farm? Can you earn a living with cattle? Surprised?
[1484] 6Dl3_V1XfnM → Farmers tell their stories: Laser leveling of rice fields in Southeast Asia
[1485] dhWVXPDi5j8 → #Milking Gracie is a #twice #daily #chore. #Dairy #cow #heritage #breed #museum #history #shorts
[1486] mP1g8yQMlOY → How Does Sustainable Agriculture Training Promote Soil Health? - The World of Agriculture
[1487] tPv04AWtLmg → Why Farmers Still Harvest Peanuts by Hand – You Need to See This!
[1488] ykJOXcHJ6sw → Understanding Climate Smart Agriculture
[1489] ySuMtqvjkkg → What Are the Best Practices for Sustainable Crop Management? | The World of Agriculture
[1490] -wmbiBcKJi0 → How to grow and care canna lily plant in pots complete guide
[1491] xAt40DqLmac → Drought Conditions Hit Cattle Business
[1492] wIYo1onGJ3Q → Livestock management Practices
[1493] f6z7J6M08Lg → Richter Farm Building Tour: Storage Options
[1494] 82YC4gZVQPQ → Dr. Daniel Liptzin: Effects of Soil Health Management Practices on Soil Carbon Dynamics
[1495] ovcSjVynKGo → The Benefits of Vertical Farming
[1496] 8JLZj_UfiG0 → 90s generation starting greenhouse farming 90s generation returning to their hometown. #agrifuture
[1497] yqswLC-bj7g → Helicopter Plant Parent Problems #shorts
[1498] uDNCf30tkYk → How to slaughter a lamb or goat or sheep
[1499] Myj4VMssSmQ → Erosion Control Product to Limit Erosion of Soil: Simple Landscaping Solution for Terrace Gardening
[1500] EU0UdJUWRP4 → Beginning Farmer Resources
[1501] zctzozy5psI → Cover Crops and Soil Health Partnerships with Abbey Wick
[1502] xXcB8k7Ysk4 → Slideshow: Bill Gates on Agricultural Innovations
[1503] _qM2fv6v3-I → NRCS: Soil Health
[1504] i6lXj-zhx7Q → How to Set up a Strawbale Garden: Start to Finish #starttofinish #gardening #strawbale
[1505] ZyMWBcdUoXo → 🚜🌻5 Small Farming Business Ideas In 2023 || Profitable Farming Business Ideas
[1506] xBGsQAOtKVU → Single Greatest Threat to Supply Chain & Logistics within the Fresh Produce /Perishables Industry ?
[1507] -8JUdYeWcEQ → the Chinese are making thousands of dollars from this unique farming techniques?
[1508] Xi9IyrUarMM → Waiting on Your Accountant to See How Your Farm Did for the Year?
[1509] IGQ_r6aBMxQ → How to tie cucumber plants on a string trellis growing vertically! #shorts
[1510] sZMJevkel6g → Homesteading & Off-Grid Tips (Actually Tips for EVERYONE)
[1511] FUrtYkC2ZOU → Unboxing 1:32 scale Farming Trailers #unboxing #scalemodel #tractor
[1512] bc9d64DYTIw → Getting Found Online: Mastering SEO Strategies to Attract Farmers Searching for Solutions
[1513] M2o0bEgN_5Y → Hay Bales and a New Grain Bin!
[1514] 1ZSLOye0Jak → Agricultural Leasing: Flexible Payment Structure
[1515] 6Reh7c2-ewI → The 10 Elements of Agroecology: Enabling transitions to sustainable agriculture and food systems
[1516] XtpQIs94fEU → 🤍Beautiful Village Life With Family And Kitten🐱👨‍👦#trending#villagerlifestyle#villagelife#rurallife
[1517] 8SVgzxA4irI → Potato harvest: mechanical harvesting in action
[1518] _QOtetvT3xM → PROFITABLE farm growing lettuce in 20 CATERPILLAR TUNNELS year-round!
[1519] Umsm__wAcdk → FDA/WIFSS Strawberries Commodity Video
[1520] zr9fgYAU3HA → #fcnfm Enhance Your Food Production Line with Our Customizable Drying Equipment
[1521] HmroxjAVHcc → "American Farmers Harvest Turmeric This Way - Turmeric Farming and Processing
[1522] z4R8o5tBRoA → Farms In The U.S With The LARGEST Acreage..
[1523] Kp_ijL_6u7s → Making Our Own Off-Grid Solar Grid | Off-Grid Solar Ep 1 | Terraform Together
[1524] sicozwk9bok → Techniques To Make  Seedless Grapes #farming #educational
[1525] S1BLPCgh0wk → Milton Friedman - Agriculture Subsidies
[1526] E2UHrKvyJjw → Hay shortage leads to growing hay bale thefts
[1527] AdF8WzCAnXs → Farming In Liberia - Planting Maize for our Livestock #2
[1528] 5M6TzICNPcw → Why Farmers Feed Molasses to Cows
[1529] 3UuOyfgqsYM → The Context S03E21: Agricultural technology
[1530] pLQuIuokP6Q → 9 Beginner Gardening Mistakes to Avoid 😱 ❌
Error fetching metadata for video ID 95AbmH5r9ys: Command '['yt-dlp', 'https://www.youtube.com/watch?v=95AbmH5r9ys', '--skip-download', '--print-json', '--cookies', 'cookies.txt']' returned non-zero exit status 1.
[1531] 95AbmH5r9ys → Unknown Title
[1532] lFHYBXU44oI → How Does Crop Rotation Benefit Sustainable Agriculture? | The World of Agriculture
[1533] mZ4vkbHk1p0 → The Best Gardening Books That Took My Garden To The Next Level | Roots & Refuge Farm Collab #shorts
[1534] oxPd8jMhe_s → What Is A Midwest Hayride? - The Midwest Guru
[1535] B1B63oxiymE → Proposed SNAP reductions could threaten rural grocery stores agriculture in West Virginia
[1536] hVJoEyzxvtU → Top 10 Methods to Increase Agricultural Productivity | Boost Your Farm Yield Today!
[1537] sZppZaetFxg → Trump to offer temporary worker permit to address labor shortage in farming industry
[1538] pyfanm_dQVU → HDPE Plastic Bale Net Wrap/ Hay Silage Bales Grass Net Wrap
[1539] qQ9BDW59gTo → Boost Your Dragon Fruit Size & Profit 🚀 | Desi Booster Dose Revealed! 🌿 | #KisaanUncle #farming #sg
[1540] NmfPw4Y-O10 → Farmers Feed the World (Behind the Scenes)
[1541] sB1pEmUUjFs → ToroMont Battlefield Rentals is at Canada's Outdoor Farm Show 2024 #COFS24
[1542] oQ_AMZABPXs → Vine Trends
[1543] mn0r4d3ewQ0 → Sustainability Agronomy Series 1 | Ep#7 - How wild is ‘wild’ rough?
[1544] MWameF-6B8E → Eco-Friendly Farming That Will Change Your Life #shorts #farmer #agriculturalmachinery
[1545] QBnrmtpP3uQ → Eklund Farm Machinery Winter Used Equipment + Consignment Auction 2025 #farming #agriculture
[1546] xf-0AgzrE2Q → Grass-Fed Beef  | ABC News
[1547] TEkfRSNg7Bk → 5 Pepper Growing Mistakes to Avoid
[1548] 1DRMvmbQ6dQ → RP161: Improving farm practices in Calen North Queensland
[1549] jyHTNf2vyWw → Dairy Hub Hi-Tech all types of Dairy farming equipment available 03218491619
[1550] donhwtWddkM → Which Fox Farm Bottles Do I Use?
[1551] 7yrGBF2pvV4 → Do you RENT Machinery for your Farm or Commercial Operation?
[1552] h1wVXmRZvQA → Transforming Agriculture for Improved Livelihoods in Eastern Africa
[1553] 4kHoeb7tREI → Woman Inherited Her Dad's Old Barn #story
[1554] qqbaSWI0-xk → Agricultural Runoff and Marine Pollution
[1555] 2CzBwGa_4Rw → Conservation Practices:  Guiding you to sustainable farming
[1556] Ift3GPZBXyk → Pesticide Storage | From the Ground Up
[1557] kVcbaEGWXcE → Intervention Program Sustainable Agricultural Practices During Covid-19 Pandemic
[1558] LwpJPeT0nkA → How Billions of MEALWORM Are Raised and Processed by Chinese Farmers in Big Farm - MEALWORM Farming
[1559] ZnGvwz7gECU → How Vertical Solar Is Solving Land Use Conflicts in Agriculture | Agrivoltaics Revolution | EP293
[1560] N6vHp1ALios → Climate change impact on Iowa crops
[1561] 3LXbMGuX4f0 → The Magic White Powder That Protects ALL Your Plants!
[1562] 2Udopd8xGEc → Planting Spring Crops in the Greenhouse! 🌿🙌 // Garden Answer
[1563] 4SQRCFLNZhY → Wildcat Tool Rental - Rogersville MO
[1564] 1FA10NZgIN0 → 7 Easy Vegetables to Grow Indoors
[1565] dt-wcZkCbS0 → How to start a small farm if you’re low on money
[1566] EwsqfczVMso → Revolutionary Rain Gun Sprinkler Irrigation System
[1567] VuD-4pHfBqQ → Agricultural Water Pump #agriculture  #waterpump #dyi
[1568] cyMCuy0V69M → Best Soil Preparation for Farming | Learn | agriculture information #trend #beautiful
[1569] VRQiPquTfS8 → Amazing Banana Farming Techniques in Africa: The Science Behind Perfect Bananas! 🚜✨
[1570] cDtqJ9rXyI0 → We Have Mow Problems on the Farm | Calm Lands One Tile Challenge Episode 16
[1571] OsCCvwxybLY → HOW TO FIND ALL TRUCK PART LOCATIONS In Driving Empire! (BUILD A TRUCK EVENT) Roblox
[1572] YQFD5AKWV7k → Techniques to Improve Soil Health - Learning From The Land
[1573] Z9oFzwypP5s → Massey Ferguson 2270 XD large square bale animation (English)
[1574] osbecDRTUQE → Big Fat Mess Passing the Torch & A New Addition!
[1575] njURVjASfK8 → 27 Shade Tolerant Vegetable Crops to Grow in Partial Shade Gardens (Tomato & Pepper Growing Tips)
[1576] Fi7iozpMuvs → Mob Grazing: taking a look at the benefits of pasture cropping
[1577] iIzx5QwnQZ8 → Enjoy Beautiful Rural Life in China Agricultural Activities #satisfying #shorts
[1578] q2NdqF-DAps → Ducks for Pest Management in the Garden
[1579] WKWvPI2BA7g → UA researchers looking for natural alternatives to chemical pesticides
[1580] ZzkieRzHBLU → Kenya farmers increase yields with new farming techniques
[1581] Lqc2Tq689jo → Sustainable Land Prep – Why Manual Tools Are Making a Comeback
[1582] ss816P3SvfU → 10 Profitable Agriculture Business Ideas which requires no farming
[1583] Eu2yaEEMZDo → $10 Nesting Box Hack for Your Chickens 🐓🥚
[1584] mmzSeeCYv1s → Top FARMER Reveals New Tractor to Boost Food Production
[1585] VuZedBMmECw → The TRUTH About Seed Starting Mixes!
[1586] 5LStN_D02DU → Tips for growing watermelon in small spaces #gardening #tips
[1587] QmPfrfuJbx0 → Crazy Fishing Method
[1588] 49Ucq7kPfzc → Powerful SP-230 Self-Priming Crusher | Compact Feed & Grain Grinder #crushermachine #crushing
[1589] bM6-xhdNSgA → Rainwater Harvesting & Beyond: Exploring Various Natural Groundwater Recharging Methods
[1590] ega_ZCbu6Ms → When is the best time to cut hay?
[1591] wDMs9So1RyY → Breaking Barriers with R&D: Late-Season Wins and Soil-First Strategies
[1592] aEdOmXMfXvg → The Truth Behind Chicken Farming In The UK
[1593] c33aJeJGZDM → The Urban Homestead Garden
[1594] Z-XplABgyno → How is hay transported in West Coast ? On flatbed maxi trucks #haytruck #trucking #hay #truckers
[1595] sA2OFWe2KNU → What Is Your Opinion Of Sustainability In Agriculture? - Ecosystem Essentials
[1596] BfjSD9v73zA → Container Gardening How to grow cucumbers in a 5 Gallon Bucket
[1597] 6-hf0L5CaWE → #723  tractor wheel bearing repair [Davidsfarm]
[1598] dTpkcPV7YeA → Conservation Equipment Rental
[1599] 0oEbHrLVkYM → Spray vs. Drip Irrigation: What’s best for your Garden?
[1600] 0Z_Gg7MIIEQ → How To Grow Mango: Layering Technique #garden #farming  #plants
[1601] ieKOCDHu6WA → Finn B70 Straw Blower Dominic's Equipment Rental
[1602] zPFOwuyjWWY → Spread Grass Seed & Soil Fast | #shorts #soil #maintenance #lawn #tips
[1603] UdKAI5TjlWk → AI In Agriculture: Optimizing Farms For The Future | NexTech Pulse
[1604] eBlZzbF_2lw → Students experience agronomy through crop scouting competition
[1605] hHjhQS_0xU0 → How to Desolder SMD Resistor with Soldering Iron Quickly
[1606] sUJH3YSpC4Y → Life on a Small Farm: New Bull Fresh Eggs & Winter Work
[1607] _NM4rLeNj3A → What is agritourism? | Farm tourism ecotourism sustainable tourism and more...
[1608] mhNnR9nkceY → What is mutation breeding? How EMS mutagenesis works to develop new plant varieties? Mutation
[1609] qLwcgWHs-h8 → 🌱 Spring Scientific | Soil Management in Urban Agriculture: Simple Solutions for City Farmers 🏙️
[1610] N3B-Xdr-YZA → Krone Grass Demonstration 🚜 Norfolk #shorts #shortfeed #farming  #agriculture #machinery #grass
[1611] BnwJueCw6xw → Simple Innovation for Farmers: Practical & Economical Manual Plow Tool
[1612] pxDbVt9Zn-o → Bought a Hay wagon For Hay Rides
[1613] jH02sEl3NUI → What Kind of Fencing Do We Use  #covercrops #rotationalgrazing #pigkeeping
[1614] fpYGTY25DEY → Easiest AUTO Crop Farm
[1615] RsUWAP-pgNI → Latest Poultry Farming Tools and Equipment You Can't Do Without
[1616] MG0JeUIy2kg → Six dairy farm management tips to increase longevity of dairy cows
[1617] KvLA_jXwJyI → Tilmor 520 Tractor Operations Overview - Pre-Check Process
[1618] fShgR2nazAE → vermicomposting documentary
[1619] 1ONSC3OeHbA → Goats HIjack my UPS truck
[1620] LWg2mQAAH5k → Pesticide Resistance Management
[1621] AYS7ht2lbbY → THE FIRST MANAGEMENT PRACTICES FOR YOUR PLANTAIN FARMS/ Key Practices for Thriving Plantain Farms
[1622] OmKudCmJ_FM → How we dealt with our aggressive rooster #homestead #homesteadersofamerica #backyardchickens
[1623] Uri1gp4VlZo → Groundhogs Geese & Freud: Farm Life's Unexpected Philosophy
[1624] MQGnHkTyuPE → una loves to feed the farm animals 🍀🐄🐮 kids activity 🐰 animals 🐐kids adventure #kidsactivities
[1625] Rg6bX9RODgo → Cows and dogs crossbreed to create new breeds
[1626] V9c3gzr9apA → How much does it cost to start a small scale market farm? #marketgarden #marketgardening #marketfarm
[1627] l76D4oOTbHk → The Most High-Tech Farm I've Visited! Greenbelt Organics Farm Tour 🌱
[1628] HMwrihvikhU → How To Store Large Round Bales Outdoors | John Deere Tips Notebook
[1629] d4MHGNjLzxg → Ask an Asparagus Grower: what's an important part of farm life| Produce Made Simple
[1630] jqkz4GgO7E8 → How to make hay bales in 3 simple steps! #shorts #hay #agriculture #tractor #farming
[1631] 5aKRF1DfkhQ → Well-planned water usage in agriculture| Irrigation| Water conservation
[1632] CVsancPpxxo → How to Start Composting
[1633] UT5qZMn8mzU → Construction can cause such lost emotion no one can hear speak the words of a human language
[1634] ROMpV_Qasfw → Agricultural Productivity
[1635] 6T5Z9dXbRPw → An overview of innovation platforms
[1636] yECJ96z7IY4 → More Young Farmers Leading Farm Operations Without Formal Succession Plans
[1637] 7EJ7P6PJZZI → Signs of Soil Health
[1638] X7wAO2fjqXo → Understanding and informing decisions on Sustainable Agricultural Intensification in ... | RTCL.TV
[1639] g0MrKfMOlmA → 🍃 Full Mow & Blow Wednesday – Papa Mows Stuff Gets the Lawn Just Right! 🚜💨
[1640] VFfqgAeD5p4 → TOMATO | How Does it Grow?
[1641] FYHopoarHrc → 2020 Jersey Jam Youth Dance - Pre-Dance Tour (Farmington Utah)
[1642] xIYsB_2_6go → Crop Rotation: A Way To Boost Your Yields
[1643] fGQ33Cln-_U → The benefits of compost use
[1644] Sm49A3q_a1Y → Greenhouse Parenting with Michelle Icard
[1645] hp7thVoeizY → Quick Raised Bed Setup Using Only Simple Tools – No Machines Needed!   -Agriculture Farming
[1646] fnIrwrCq_4Q → How 3 Million Grocery Items Are Delivered To Homes Every Week | Big Business
[1647] rQCSVvjz6CE → The Secret to Successful Organic Soil Management
[1648] PnHiKsefvSo → We Hired a Farm Consultant (and why it was the best thing we've EVER done) VLOG
[1649] 6t3YlJlRH30 → The Importance Of An Agronomist | Farming Tips and Tricks | EP 131
[1650] -fgCVRJvn4w → LIVING  FOR FREE OFF THE LAND: SUSTAINABLE FARMING PRACTICES FOR SELF-SUFFICIENCY
[1651] f-mnQLISGV4 → Growing Organic Vegetables Part 1
[1652] k1SX7BtgOcU → Agribuilder Farm Management | Accounting & Farm Solutions | Adams Brown CPA
[1653] 8KmRU37zy8o → How to save someone in a grain silo
[1654] wxF5X-PWldc → Pruning Shears Explained: Choose the Best Pruners For Your Garden
[1655] v2VhKl6IMc4 → [🔴ao vivo] Project Zomboid Sério TUTORIAL #projectzomboid #Desafio #aovivo
[1656] epxc7NRy55Y → The life cycle of Indian Agriculture so far! Let's get you through it
[1657] iAw815q2p2Y → Wheat Crop Cutting  Machine | Stock Footage | Agricultural Field | Harvest Season
[1658] iX7cgcTKS-w → Implementing Sustainable Farming Practices  Step by Step Solutions for Small Farmers
[1659] DeB2Nhol9pc → PGDM Agribusiness Management: Perfect Next Step After BSc Agriculture
[1660] k04aLq8e9hg → Horse Hay Wagon Ride
[1661] 96hq0Y_Pc_w → Cutting Hay The Old Style Way
[1662] d-vT4kJO-vc → Goat Farming vs Sheep Farming: What’s Best for Your Land and Market?
[1663] d_NHeAzHmOE → Discovering Homesteading vs Prepper: Which Lifestyle Suits You? | Ultimate Guide to Self-Sufficiency
[1664] ugjmzKr8mhg → Living on a Farm Won’t Make You Happy
[1665] 0ajzgwoA1qs → 7 Foods You Can Grow Indoors  with Limited Space
[1666] uJXSYMhtwvU → How slaughterhouses kill thousands of chickens an hour
[1667] MFVJ8DORf_8 → Estate Inheritance Taxes Could Hurt Farm Business
[1668] eTApP800jZo → BC Legislature Live Stream - Courtenay
[1669] IJ14X1FvaFs → Land Farming with Tractor #tractor #farming #shortsyoutube #agriculturalmachinery #farmer
[1670] -3n7XY0BQ00 → New Holland Apple Farm Service Parts and Service Commercial
[1671] RrGHtuh5zgQ → Fall Armyworm EXPOSED:The Maize Killer#farming#maize#pest
[1672] 5D3YG2ueHbM → Difference between Modern method and Traditional method of Farming|| Class 9 || #education
[1673] Li0UKAl2_ZA → Usefull product for drip irrigation👌🏻👌🏻
[1674] KUawHEbGAhY → Alprilla Farm’s Crop Rotation: Biology Not Chemistry
[1675] qHlYk-I87hU → What Are the Soil Health Strategies in Organic Farming? - Ecosystem Essentials
[1676] 1_NBp82t-QY → Assessing and Managing Water Use and Discharges From Aquaculture Facilities
[1677] sdbLBhhsHvE → Top 5 Innovative Machines Every Modern Farmer Should Know About
[1678] dywmZw4lD60 → Point Reyes Farmstead Cheese Company - www.pointreyescheese.com
[1679] IRtD-6fWLZY → The Easiest Most Abundant Edible Plants to Grow in a Garden - Gardening in a Cold Climate
[1680] hSZV5X0mX0c → How California Farm Workers Produce and Harvest Billions of Strawberries |Farming Documentary
[1681] jG_8wIY-VUw → CONCRETE SIDING on a COOP | Chicken Coop PART - 7
[1682] kQfraQPMfk0 → Export Assistance Available To Georgia Agribusiness Operations
[1683] wgOatFvhW44 → Ag equipment auction | January 17 2018 | Purple Wave
[1684] CQAB__ZpYqk → A Different Farming Method Of Sugarcane Planting #farming #sugarcane #satisfying
[1685] qilPR6KX_u0 → How to increase Pumpkin yield #shortvideo #garden #youtubeshorts #farming #viralvideo #viralshort
[1686] oIdEHaokpuI → Off Grid Farm Life During Natural Disasters | Harvesting Cooking & Selling in Flood & Heavy Rain
[1687] b3ceIGF06nE → Is Zimbabwe An Agro-based Economy?
[1688] upgyxjq3TCY → Safer Juice - Part 5 - Agriculture Practices and Raw Materials
[1689] 0ImMuHtrzq8 → THE 5 WORST TRACTORS YOU COULD BUY THIS YEAR! TYPES AND MODELS!
[1690] TVGWGjaKyUw → Powerful Tractor Plowing the Field | Farming in Action  #Tractor #TractorPlowing #PlowingTheField
[1691] 8NS1330coc4 → Farming Life: 10 Eggs a Day Greenhouse Cleaning & Pepper Planting
[1692] Zk_SPAtCd8g → Best4Soil: Green Manures & Cover Crops – Practical Information
[1693] 2Lx2v7Xh5L0 → DIY cartoon planter | Home gardening ideas | DIY Easy Homedecor | Craftideas| Plastic bottle planter
[1694] lrZnobPgGPE → Year Round Grazing Saving Ranches
[1695] cBf6ZYtHVM8 → Online supermarket develops fruit-picking robotic hand
[1696] EqfRCjbDOoM → Spraying pesticides on crops#shorts
[1697] Rd8dyXLHriw → Tractor Near Miss Accident and Life Philosophy
[1698] OklduSzbyn4 → IMPROVE your raised bed soil the EASY Way! (With cover crops)
[1699] XkvrMVPm9A0 → HRS MAKİNE / Tractor front feed pushing attachment / Livestock / Farming Equipment / Feed Mixer
[1700] btrNkwn1tjk → Setting drip irrigation system #short #shorts #trending #dripirrigation #experiment  #irrigationtech
[1701] _PflA05Jjf8 → Farm Show Stereotypes: Which One Are You?? 😂  by @RedEAg and with @WelkerFarms & @LarsonFarms
[1702] Wdx6nxhqNhY → Hillside farm world at Manimala in Kottayam | Haritham Sundaram EPI 324
[1703] vysZMyvDF1Y → Mechanical methods of weed control
[1704] J9HKBb-jKCk → Vegetable chopper #vegetable chopper #grass chopper #poultry farming#viralvideo #youtubeshorts
[1705] SHAJD3KfSSM → Can soilless cultivation change the way we grow? #explore greenflow now! greenflow #revolutionizing
[1706] vZ7MaZV2VZM → Tractor Supply Hay Bale
[1707] E30IywKqPOE → CROPPING SYSTEMS
[1708] kOql5DuxAls → Potatoes For Profit: The Pros And Cons of Potato Farming | EP 132
[1709] HdOpIqVmPxc → Tip 2: Livestock Management
[1710] qS5LjnVnf9w → Grain Storage | Storage Hygiene and Structural Treatments
[1711] nR-MST6K8Ug → nishu deshwal Tochan king #veerdeshwal #rohitdeshwal #tochanking #subscribers #likeme #farmer #jaat
[1712] qpRAnpIxF9o → How to Create Balcony Rooftop Vegetable Garden for Beginners - Garlic Growing Method Harvest Leaves
[1713] 7PvezpWIkdA → How to grow BEANS: Beans farming guide for beginners - from planting to harvest
[1714] A0ZQL3U60qw → Bluetongue virus of ruminants
[1715] leBIf6dcjkY → 🔔 Reminder: The lineup for Friday’s Classic Tractor Consignment Auction is open for inspection!
[1716] 9d6ABNz7yg0 → Exploring Farming Practices in Canada
[1717] tyLb6WCXbi8 → Committee for Agriculture Environment and Rural Affairs - Thursday 26 June 2025
[1718] m8Fmu1TTydo → Food (R)Evolution - How Vertical Farming Will Help Feed The World | Mike Zelkind | TEDxCincinnati
[1719] cvl4WAXSdig → Heavy Duty Combined Cleaning (sifter) Integrated Flour mill Machine EPC provider: www.immy.cn
[1720] Lg3VH_BnNv0 → Welker Farms 🌾🚜 #welkerfarms #farming #tractorfarming #agriculture #shorts
[1721] V2qoVV_ORyY → What is going on with hay costs in South Dakota? #hay #farming #farmers #AgSWAG #agriculture #hayday
[1722] uw4bpOMntA8 → Farming related Word | agriculture vocabulary | common english words | farming #sasufun
[1723] copHDNkRYAg → WHY PIGS DO NOT LOOK UP?
[1724] 9BRVX7POtqg → Farm Animal Frolic | Fun Animal Rhyme for Kids | Barnyard Song for Toddlers
[1725] IskcbBDW7Xo → Tomato Farming | tomato | tomato farming techniques
[1726] Xzb4Z2xcJ_8 → The process of mechanical drilling on the farm  Good tools to improve work efficiency
[1727] WnGw798rTaw → Biotechnology in Agriculture
[1728] EdGZmBN68gk → How legume supercharger your soil! #soil #soilhealth #legume #covercrop #agriculture #amazing #facts
[1729] Z01dfV0B2ZU → Sanjun Gu Grafting Farmers Forum Presentation 2012
Error fetching metadata for video ID VM-g4aaziVo: Command '['yt-dlp', 'https://www.youtube.com/watch?v=VM-g4aaziVo', '--skip-download', '--print-json', '--cookies', 'cookies.txt']' returned non-zero exit status 1.
[1730] VM-g4aaziVo → Unknown Title
[1731] 59_BmECmTZw → 7 Types of Sprinkler Systems in 2025 | Agriculture Irrigation Options
[1732] EV2kCEapzCc → Smart Irrigation Systems: Boosting Yields While Saving Water!
[1733] PEHpoDn0Xjc → Sow Carrot Seeds This Way to Grow Lots of Carrots
[1734] oN5NjC0eESk → This Week in Agribusiness June 28 2025
[1735] PL7iPtVm0LY → How Indigenous African Farming Techniques Can Solve Today’s Food Crisis
[1736] xSWAyANxpYc → Big Bale Buddy - Round Bale Feeder with Slow Feeder Mesh Top
[1737] 2R0AVmE512s → Effective Grain Separation: A Demonstration of Traditional Farming Practices
[1738] b2GbvyziIZA → Mandevilla & Dipladenia Care || Outdoor & Indoor Care of Mandevilla & What's The Difference?
[1739] B6nSiO7eBEA → Fruit harvesting robots - Modern technology in agriculture
[1740] RXZ032P0PgY → Dodging hay bales
[1741] 6Y0Q4W2M7bg → Building a MASSIVE Bass Pond on a Goat Farm!
[1742] 8S3PrSS4iss → How to Use a Cultivator - #10
[1743] Pswzddw8ioE → American National understands agribusiness operations are unique
[1744] K7xlEPqAzmM → why i plant everything in raised beds #homestead #raised #bed #gardening #growwhatyoueat
[1745] oENlqM5OGtY → Crop Rotation
[1746] 23BlcMqNnCI → When the AC is acting up🥵 #farmlife #hot #harvest #funny #farmgirl #fyp #shorts #kansas #graincart
[1747] uyRj30FiJ9M → How to make a powerful organic fertilizer like DAP
[1748] b4jnabT3Vf0 → #Webinar: Moving towards water-sustainable agriculture
[1749] cDCI2cZepZA → The BEST Crops in Stardew Valley!!
[1750] NjANmwxkp9A → Tomato Planting Tips
[1751] syO2-JIdwiI → How Does Sustainable Agriculture Impact Rural Communities? - Earth Science Answers
[1752] 46MulB8t4YY → The type of fruit only found in tropical regions #farm #farmer #farming
[1753] tOpVYo67qw8 → How to Grow a Three Sisters Garden! (Corn Beans & Squash)
[1754] m3tQhhjVzP4 → Tractor and Shredder Rental
[1755] Mg3kHxr2-XY → Large Scale Agriculture Irrigation Project for B&H Klassen Farms in Riverhurst Saskatchewan AB.
[1756] 5SjB-xERBvY → 5 things I love to can #canning #canningandpreserving #pantrystaples #everybitcountschallenge
[1757] Hxx14wypx5A → How does the refrigeration cycle work? (part 1) #hvac
[1758] urIELF1Wd10 → Backyard Corn Planting – The Low-Cost High-Yield Method You Must Try
[1759] spDJNIig6zY → Feed and rations for backgrounding Nov 2020
[1760] hCzfB4jU0bs → Why Ontario Asparagus is so Fresh | Produce Made Simple
[1761] xA0YIkfDdtI → What Are Some Examples of Sustainable Practices? - Ecosystem Essentials
[1762] uQ_6HUeaSAA → Why I cut my seeds before I plant them
[1763] oGaakc6m50E → Agricultural Operations at the MSU Institute of Agricultural Technology
[1764] EXtgeCuLNzg → How Air Pollution Threatens Natural Pest Control Methods in Sustainable Farming
[1765] LepAvoqCSMk → Homesteading Tips ! How to help your budget at The Crouch Ranch
[1766] Ig5bQvCLPps → How to convert Dry land into Fertile Land | Farming in Barren Land
[1767] zaTMqN4PA8E → All you need to know about orchid care #orchidcare #orchidlover #plantcaretips #plants
[1768] uCM0Tvp6Dko → 9 Beginner Raised Bed Garden Mistakes to Avoid
[1769] ByGuR_mCxOo → BEN Webinar #15: Sustainable Agriculture Practices in Bangladesh
[1770] qiwpRT0laXE → Grow Bags 101 - Welcome to my Grow Bag Urban Homestead
[1771] qa-iHOae0I8 → Farming And Agricultural Related Vocabulary | Steps Of Farming @trkishorbhise
[1772] Mc3A2mbFBiM → See the Unbelievable Australian cattle ranching techniques Amazing 😲😲
[1773] 7jCfYMm9fq8 → Top Agronomist Reveals Whole Farm Approach Secrets
[1774] awq494JKOls → The history of homesteading
[1775] tKimfTaP6Yo → Funny Farm Freeze Dance | Brain Break for Kids | Just Dance | GoNoodle
[1776] ChirjqXFGYU → Mercy None |മലയാളത്തിൽ അതുമായി Miss ചെയ്യരുത് | Malayalam movie Explanation | Malayalam Review
[1777] s-D0mMI2MoY → TOP 15 BIGGEST AGRICULTURAL MACHINES
[1778] Dg_CzyZZdBQ → How Much Do Equipment Operators Make?
[1779] eNlIATCVlKw → Tillage and Soil Health
[1780] sOaKR5sL1qA → Buying Bulbs for Fall Planting in Switzerland🌷🌷// The Swiss Garden #shorts
[1781] _xtyEFFYrZM → Auger Bit for 3 Point Post Hole Digger
[1782] ujOxourjxm0 → Growing Potatoes Through the Year | Produce Made Simple
[1783] b8Kwb5yInPM → Agroforestry Practices - Alley Cropping
[1784] vYmHtIJSy54 → Two Crows Alpaca Farm
[1785] qzqXru0GHNU → **THIS** IS WHY YOU WANT A FLAIL MOWER
[1786] RCuzm79YXJk → New Pulling Tractor! 🚜💨 #johndeere #tractor #farming #toy #swap #tire #wide
[1787] -LUlsDuT1So → Strip Till: Vegetable Production Systems
[1788] 6RvuDzfcuKc → Rain Water Collection System
[1789] mF3S6JtFIOs → Rural Life in in the Caucasus Mountains in Russia. How people live in Russia today
[1790] E5YIWo-LBXk → Rotary Hoes - Organic Weed Control
[1791] 7Q38ZkpOf8c → Easy Watering System Using Small Pipes Around Farmland #howto #farming
[1792] vHtyCsuWsmg → She’s starting her apartment garden era hehe 👩🏻‍🌾🪏🪴
[1793] 1hytCn0nBzE → ACS3043 AGRIBUSINESS | EXPLORING AGRIBUSINESS OPERATIONS REPORT ON KRSB FARM
[1794] vtvH7I5fBQM → Farm Together Guide: how to get and use farmhands? all you need to know about farmhands
[1795] PHwjNDC2IYc → Ancient Oil: from farm to fork
[1796] kyVVn2j73eM → How to Care for 5 Days Old Chicks #business #chicken #homesteading
[1797] f4FR8wu1c50 → Pathways to Regenerative Agriculture
[1798] 7FlB1BSAjmY → STOP Buying FREE RANGE CHICKEN Until You Watch This
[1799] DN19jd7zrbY → Wheat Harvest near Ruzhyn Area Ukraine | Ruzhyn Harvest Crew
[1800] Voz7FChPaL0 → Ripe rice fields before sunset | Agricultural production #agriculture #cultivation
[1801] gyE4XJmEm0o → 2660VT Variable Intensity Tillage | John Deere Tillage Equipment
[1802] SPW9_1pxxPk → Hay Day Farm - Toms Discount Balloon Gets Popped
[1803] GxD_VtR3-HM → Pulses - Celebrating a Powerful Superfood
[1804] YYbknTrtLK8 → How to Make Water Irrigation System
[1805] yHwsuk7khBg → Rural Reflections: American Cow Farming Live #farmlife  #cows #farm #cowlife #farming
[1806] BQ1jV_qEK_0 → All About Soya Beans/How We Plan & Prepared for this Year's Crop: Soya Bean Farming Basics: Part 1
[1807] Bj23fEGW6fE → Bachra farming in pakistan 2024 | bachra mandi in pakistan | wacha farming |@foolfunnyvideo
[1808] Vdv9Oq3MUiE → 'Mutagenesis' plant breeding technique comes under GMO rules
[1809] 3JtP0fCvurg → Can Ancient Crop Rotation Techniques Solve Modern Soil Depletion?
[1810] qyEjnBsfcyk → [PoE 3.26] EASY AND FAST GUIDE TO FARMING SHAPER GUARDIANS FOR EVERY LEAGUE | Path of Exile 3.26
[1811] ZxnRZlLxzAs → BINGE-WATCHING All Episodes l Stone Age the Legendary Pet l NEW Dinosaur Animation
[1812] mvQXK10j58s → Focus on Farming trade show
[1813] KUesjAxQgSw → Class explores cover crops in ag systems
[1814] vu6pObEZbyk → the philosophy and method of natural farming ~ isaac oldfield ~ mareeba seedsavers
[1815] aWWayyRixeM → Strawberry Harvest 🍓👩‍🌾🚜 #strawberryharvest #harvesting #farminnovation #agriculture #shorts
[1816] RtIc8t9R3yY → How to Feed Your Worm Farm | Smash it Down & Add Some Browns!
[1817] LoFIrs-ioAk → Beginner Gardening Tips for a Successful Garden - Grow Your Own Food!
[1818] DarylybLLBY → How Does Outlook Show Reminders on Top of Other Windows?
[1819] q6Vw2910guE → Charlottesville offering for-rent garden plots at city parks
[1820] z9ldLnidFTk → The famous farm - Nuwakot - Nepal
[1821] c-9cMkEw7Ow → The NEXT GENERATION of Raised Garden Beds is HERE
[1822] CMtB3MrWE84 → Visiting Your John Deere Parts Counter
[1823] yylfAFZQxs0 → NRCS: Pasture Management
[1824] NxqoTgyqUj0 → Electric BCS 730e first tests with subsoiler / ripper
[1825] eaFFvCahSno → Animal Farm   The Russian Revolution
[1826] DBnqQjc5WLY → Pregnant Giraffe rescued!  #animalrescue #giraffe #giraffelover #wildliferescue #savannah #wildlife
[1827] m4oRexMJyNU → Pruning Peppers for Maximum Yield
[1828] 1nvbxchVv_I → Seeding Tomatoes
[1829] YAvnWj31CTI → Make your own compost at home to add organic matter to the soil making it healthier looser
[1830] vc11wDU_k7Q → Polydome Sustainable Agriculture
[1831] m4HL6pEJDZY → Partnering for Sustainability: Cover Crops
[1832] uWp-kkaVI3c → Learn EXACTLY How Hybrids Crops Work! | Full Guide for Story of Seasons A Wonderful Life
[1833] _hGceOj6uZ4 → GROOVE YOUR TIRES & IMPROVE TRACTION: DIY FIX REALLY WORKS
[1834] 1dKhWWt-UMg → Small Garden Design Ideas 2025 | Stunning Layouts for Tiny Yards
[1835] Ujif7Z7udgw → Growing a Vegetable Garden - Day 1 to Day 150
[1836] 08mIXTBQatI → How much does a AGRICULTURAL ECONOMIST make? #shorts #ytshorts #techjobsin2minutes
[1837] Y2-P2rddRYQ → WIRE TENSIONING TOOL#subcriber #tools #constructiontools #fencing #polyhouse #home #shorts #farming
[1838] XyTA6Ya8JTE → Garden watering rotating sprinkler head Agricultural vegetable watering sprinkler head High perf
[1839] J0MdtSRm01o → Hay supply  management tip #farmlife #farm #sheepfarming
[1840] _jTIDX1zsEc → What to do with an existing lease #farming #lease #farmequipment #tractor #johndeere #hayfarm #straw
[1841] cbKFcg3XfLA → Tabletop Aquaponics Systems | Indoor Herb Garden
[1842] P2gwHDob88Y → THE CORRECT WAY TO MOUNT A HORSE FROM THE GROUND
[1843] Ze8J958K9Dc → Cultivating Seedlings: Transforming Fields into Tech Showcases with Smart Farming Equipment
[1844] kr_RdTr8v40 → Cropping system & cropping pattern 👀 #agronomy #agriculture
[1845] VGF62jPKDxM → 1999 JD 5510 710 Hours!! 1 Owner Tractor! For Sale by Mast Tractor!
[1846] jJYMU8Zn-po → Automating my rainwater irrigation with solar power from @Rainpointglobal  #Smartwateringsystem
[1847] nVOXEr_Epq0 → After Israel invented this technique it became a leader in agriculture. Netherlands shocked.
[1848] 8IHJrdUacnQ → How to Secure a Booth and Attract Patients at Farmer's Markets | GMS
[1849] RybUzPMhK_g → How to grow and roast coffee from scratch | Becoming self-sufficient | Gardening Australia
[1850] GbTYdaF9iyw → Planting season start business farming #shorts
[1851] WGP4cIBtmQ4 → Butter Pepper Sweet Corn🌽🧈 || Monsoon Magic🪄 #shorts #corn #buttercorn #food #5minrecipe #foodie
[1852] Py2EOBQrCUg → Poda de formación a nuestro aguacate 🥑 #campo #agriculture #aventurasdeLeo #aguacate
[1853] nUC7q6KkbxY → Top 10 Innovative Water Conservation Techniques
[1854] 7ikyo370D4Q → The ONLY Garden Planting Schedule You’ll EVER Need
[1855] ENDjkXE_bpg → Creating A Raised Garden| New Vegetable Garden| From grow Bags
[1856] 5hLNcipM-6E → Mini Power Tiller Machine with SEAT
[1857] E1X_b_ZHDOw → ALABAMA CROP TOUR @ TRIPLE R FARMS
[1858] sPcQqyAwt2M → Growing Dialogue: Austin's Grassroots Agriculture
[1859] jVo5TeHtC1s → Grazing Management Strategies | Managing Grazing on Small Acreages Part 8
[1860] V2PZSI2I53U → How To Terminate And Plant into COVER CROPS!!.. NOW is the time!! #gardeningtips #growyourownfood
[1861] SmD2UF6uXGI → An introduction to The Award Winning Cheese Selection
[1862] S1qMZxS0r2Q → How To Service a Tractor? A Master Class from Mike!
[1863] Tikj8-dzlvI → This AMAZING Modern Farming Technology In China Is At Another Level
[1864] XVRHm_isPu8 → LiveFarmer How to: Add crop varieties to farm management software
[1865] QubT4W438iw → Maintaining a Paddy Field for Healthy Rice 🌾💧#shorts #RiceFarming #FarmLife
[1866] PNGQEaCo78k → Agronomy practices - Banana Farming
[1867] L7KGGLcHERU → CARTIER CROPS // SUPER COCO COIR ORGANIC MIX
[1868] edkUuRnIsOY → Best Production Practices: Crop Rotation
[1869] Wqdf54bUVUI → Climate Change Crops
[1870] rGogvQOvcV8 → Life Cycle of a Pumpkin for Kids! | Learn About Pumpkins | Twinkl USA
[1871] EXB7q0jLD9Y → HOW TO SETUP HARBOR FREIGHT CENTRAL MACHINERY PARTS WASHER
[1872] ekGcodSr_xw → Agricultural Science & Technology
[1873] Sxp4vMIjLIs → ALL Locations For The Build A Truck Event In Driving Empire!
[1874] -O0h_ytFO4k → Creative! This Farmer Utilizes Bottles to Speed Up Seedling Planting
[1875] hNmp-mt3L8U → Planting wheat  with Oliver 77 and an Oliver Superior grain drill for the 2021 FARM club show
[1876] phSEzba2kM4 → Boosting Ghana’s Rice Production: Innovative Farming Methods & Technologies || Detailed Documentary
[1877] llo8Y_WbcQU → 100 years of the Milking Machine
[1878] UtIfUV04XKs → Texting stereotypes #tractor #farming #summer
[1879] tbUVNBSwyLQ → Rice-growing time-lapse--112-day growth cycle in 1 minute 10 seconds
[1880] 0aqfleFLDs4 → How to Turn a Supermarket-bought Basil into 12 Healthy Potted Plants
[1881] OkoIEiakwh8 → 12 - Install Ribbon Boards
[1882] gjq63JsYz2k → Understanding Grains:Types of Grains in English #learnenglish #englsih
[1883] MpJ_2-D_ehg → 👩🏽‍🌾🥗gardening season🌱🪴 #homestead #garden #gardening #plants #plantingseason #planting #seeds
[1884] ndCQqOyO30w → Hay Tools 2: Yanmar YMGR88 Compact 3-in-1 Rotary Rake for Hay Harvest - Yanmar Tractor
[1885] T6IqOFqNbx4 → Agroforestry: A Win-Win Solution for Agriculture and the Environment
[1886] KDehUc8yxjI → Spotlight on Success- Sunlight Gardens & Farmacy
[1887] eREiEu_BJLg → Three-Rural Issues Content Promotion Plan . #agrifuture #farming #organicfarming #farmingtraditions
[1888] 0FNPdKgrmt0 → 10 Agriculture Business Ideas to Become an Agri Millionaire
[1889] qt6eZHzysxQ → What Is The Rural Economy Like? - Country Music Chronicles
[1890] YRjuhK4lsvw → Top 5 *BEST* Egg laying Chicken Breeds!
[1891] iFhCNqEdDpo → 🌾 Boosting Rice Yield in the Mekong Delta: Crop Rotation & Organic Amendments 🌱 Soil Quality Impact
[1892] 6WmsKEiI6Fg → Is This the BEST Gardening Book in 2022? Four-Season Food Gardening
[1893] l8MYx4rLDbc → 🌱 Boost Plant Nutrition Enhance Your Crops! 🌿Get the best farming benefits with Cam Miconik! 🌾
[1894] Spgo4nNYsuQ → A Plan to Feed the World | Future of Food
[1895] HFzqoO0PFdQ → The EASIEST Way to Grow Cucumbers
[1896] QabESo0FB48 → 40 Minute Veggie Garden Bed - Easy Gardening Tutorials
[1897] b47W_hX111I → GROW A GARDEN |SPRINKLER METHOD | BIG CROPS | #youtubeshorts #shorts #growagarden #viral #viralvideo
[1898] 7ywBwx5Az6w → Baling Sorghum Sudangrass for Pastured Pigs  #covercrop #farming #cropmanagement #berkshires
[1899] iHNAnjxbwt0 → How To Make Strawberry & Asparagus Picking More Efficient With Electric - Rohand ll Overview
[1900] Ae66byi9LBU → Thresher Stuck In Sea Pull Out By Tractor In Game 💥 #driving #tractor #thresher #truckgames #newgame
[1901] 3r-YSMX76wI → Rice Harvesting: Field to Machine
[1902] 5VJSVVdUlTE → This Sustainable Farm is Pure Genius! 🤯
[1903] V6vw9vVYyUs → The Evolution of Dairy Farming: From Traditional Methods to Modern Technology
[1904] yiLu_fi8nuY → Protect Your Hay Quality with CAEB International’s Premium Balers! 🌱
[1905] G-WCoZa53xk → OFF-GRID GARDEN WATERING SYSTEM | Tank Set Up
[1906] fXG5uvYLy6s → How do you manage pests and diseases in strawberries? This is what you need to do!
[1907] MwDhOPxCeWw → Unbelievable Farming Techniques! 🚜🌾 The Secret Behind a Successful Harvest!
[1908] Q8cDd6UBoaw → Modern Automatic Cow Farming Technology - Fastest Feeding Cleaning and Milking Machines | Review !
[1909] hyTdFiBLu6E → Revolutionizing Farming: Top Modern Agricultural Technologies You Must See!
[1910] LhO4I67us6w → NEVER Use These Pets in Grow a Garden (Roblox) #growagarden
[1911] JYKGiUz-0i0 → HOW TO GROW BANANA PLANTATION | BANANA FARMING TECHNIQUES. #seo
[1912] KcLSi8RQKzw → HARVEST SEASON IS GETTING CRAZY
[1913] LKYS3LiHXxI → Farm to Table: Fresh Produce Straight from the Garden | 2024 #short #farmtotable #agriculture
[1914] vrzcZrYh6-g → The Human Hay Baler! Jim Kovaleski Demonstrates His Custom + Manual Baler
[1915] It8G_WIxeZo → Good Agricultural Practice in Cambodia (GAP)
[1916] hwZtCSiwOyk → Keep Your Vegetable Garden Weed-Free with These Easy Tips
[1917] pe5QdNRcaWs → Started Farming 50 acres from scratch
[1918] LLRYCFGUOps → Agricultural economics
[1919] RBYndE6w1NU → Blueberry Planting Tips - Garden Quickie Episode 147
[1920] LavFfP61K58 → Introduction to Agribusiness Management | Model Exit Exam for Agribusiness & Value Chain Management
[1921] yg4_JgV9s1c → Small Business: Events
[1922] iAS1tQYW70s → Sustainable Small Market Farming | Volunteer Gardener
[1923] HasxZvVgdA8 → Harvest and Process Hundreds of Tons of Pomegranates - Amazing Modern Agricultural Technology
[1924] ThZavPBohBg → Indian Farming Transport Walkthrough - Real Tractor Driving Simulator 2025 - Android GamePlay
[1925] uEz39A7pVPg → Senate Agriculture Committee Chair Wafula Wakoli calls for release of monies to the counties
[1926] ssFQXgGbwTE → Agroforestry Practices - Forest Farming
[1927] A7UzZAi_f3c → RDO STUDENTS IN AGRICULTURAL ACTIVITIES
[1928] MXtQ9zVUqI0 → Pest risk analysis: Why we do it and why it is important
[1929] B6Jd8WylSNc → 倒霉小夥意外落水不僅被穿越，還尷尬掉進公主沐浴桶惹下大禍，本以爲要涼涼卻憑藉現代智謀把古代商界攪得天翻地覆 ！#熱門短劇
[1930] P6ybdf8quyk → Another Close Call With a Brahma #cattle #ranching #farmlife
[1931] g_GzHKFw4rY → Animal Feed Processing Machines Making Pelletizer Granulation Chicken Cattle Feed Pellet Machine
[1932] kvhGoyassnA → Who want to become an agricultural machinery dealer contact me.#Agricultural#machinery#orchard
[1933] ErzEcqOs3YA → Operating Farm Equipment
[1934] zj7dR2BMSJA → Amazing agricultural inventions#agriculture#rural life# #satisfying #easyfarming #ruralharvest
[1935] C9OXwarxwI0 → अंतिम ध्येयावर लक्ष ठेवा | Aim High | IFA Vijay Paragavakar | Josh Talks Marathi
[1936] 9s4Myxw3VWU → Avoiding Bloat
[1937] u468xY1T8fw → The Meat of the Future: How Lab-Grown Meat Is Made
[1938] BtDvhYuKFqc → Best Way to Fertilize - Using A Fertilizer Injector System (will make your life WAY easier!)
[1939] bLln0Ms_OxY → Digitalisation Enables Targeted Fertilising
[1940] NbSE_x_FUJk → What Water Pump should you buy for your Aquaponics System? (TIPS AND TRICKS!)
[1941] lCX7T4OUBxE → When the hay bale is as big as the tractor 🤦 #smallfarm #farm #homesteading
[1942] Wol2ER5PzcY → Farm hdpe hay bale net wrap for agricultural use
[1943] dSkNL3bKnrM → Natural farming best inspire Award project
[1944] JRAJ3l2Mm4k → How to Grow TONS of Mint (And Not Let it Take Over)
[1945] wUc7GRzHVVY → Hot Summer Garden Walk | Growing Strawberries Peppers & Baby Tomatoes 🌿🍅
[1946] sj5SIgsBq6k → Choosing the Right Grow Light - Pepper Geek
[1947] BW46KEtCQrI → Ultimate Guide to Tomato Farming - From Seed to Harvest
[1948] pXSGcLIe2Lo → Cette recette fait AIMER LES LÉGUMES pour de bon! 💯 Succulent VEGETABLES recipe 😋
[1949] fZK9N6oC45M → There’s a possible yield benefit for #peas following #wheat in a crop rotation #cdnag
[1950] QFmZW4BkHGo → Cleaning The Stable | Feeding Cows With Hay
[1951] hqXYZCGBzSk → Breeding crops for resilience
[1952] vRGQuoCuC8o → Not Your Basic Yard Mower #agriculture #tractor #farm #NewHolland #CaseIH #JohnDeere #mower #harvest
[1953] OInXB92lSik → Silvopasture - How raising beef cattle and trees together can help the planet
[1954] KRYlawJLe2Q → Why farmed animals face legal animal cruelty
[1955] KczMCDPJkks → Preparing Your Garden for the Growing Season
[1956] q65wHrtUHxs → How To Reducing Pesticide Use in Apple Orchards
[1957] maYYCw_vHcA → Why "GOOGLE" Is Actually Misspelled 🤔 (EXPLAINED)
[1958] 5BMugwGTpQ0 → shotgun approach
[1959] WXm1VeftCik → DONT BUY PEPPER SEEDS in Grow a Garden #roblox #shorts #growagarden #robloxshorts
[1960] iarTp1_fciA → MASSEY 30 DI || FOR SALE 📞8218577171 #masseyferguson #tafe #tractor
[1961] lSM9BedUtN0 → Farm & Outdoors: Chainsaw Maintenance & Safety
[1962] PAYn4IeIiS4 → #Field visit #Agriculture life #agronomist #agrarian
[1963] wSr7AAgVThY → This is how the Japanese earn thousands of dollars combining fish and chicken farming ?!
[1964] 2oTTY4hBhp0 → Feeding Mars: Hydroponics Aeroponics and GMO's
[1965] SfPItHnwamo → Policy lessons from the Agricultural Technology Adoption Initiatives | Ben Jaques-Leslie
[1966] JLPFdUkyJ_Y → Conserving Farmland
[1967] Snb-T_gVHv0 → Grain Management Techniques!
[1968] LdkkKCaMKrs → Harvesting Sunflowers seed
[1969] oAV2DOKRtqg → Harvest Time! Peas Potatoes Broad Beans & More
[1970] IA0WPd0TMPs → The Benefits of Crop Rotations (Hall 2/6)
[1971] w-HgBj-mOZM → time lapse  garlic growing in soil for 10 days  PART 2 IN THE CHANNEL
[1972] bKvPe7iXxGM → NCREC Leandro Bortolon: Resilience of Cropping Systems
[1973] Q4aFlYWU288 → Modern Agriculture Technology: How Billions of Peaches Are Harvested and Processed by US Farmers
[1974] ZYHd-kpeMsw → Future of Haying Equipment in Action Check out this Twin Small Square Baler from Heston/Massey
[1975] dWZQT8hOslw → 3 Tips for Growing Strawberries! 🍓 Gardening Tips | Baker Hill Farm
[1976] fJ5psQVn6dY → The Future of Food: Sustainable Agriculture Explained #short
[1977] fZsH-84fqyc → Tips to Earn Lakhs from seed farming | Anchal Agricultural Farm | Haritham Sundaram EP 443
[1978] NoBveFNQ4LU → Hurricane - Livestock Preparation Before the Storm
[1979] 1rDArRNSDBE → Raising chickens 101 getting started & what they don't tell you
[1980] wiGsnIaGQd4 → Canadian Companies at Agritechnica 2017 - World's Biggest Agriculture Machinery Trade Show
[1981] T15gXm6ha_I → Backyard Aquaponics Farming Fresh Fish and Vegetables | PARAGRAPHIC
[1982] VxgmLqXd7DM → Strawberry Farming Techniques Full Video #satisfying #shortsvideo
[1983] _e9D9_1Ntu8 → Mª Ángeles Varo - Desarrollo Sostenible Selvicultura y Tecnologías Emergentes
[1984] BblGJD-2WJ8 → Tractor Rodeo
[1985] N-DrIoXH34g → Special Techniques For Growing Potatoes Without a Garden
[1986] Y_1sWyD3u7A → How To Choose Cool Season Vegetables For Your Garden
[1987] 2UlknXa0y2E → 10 sentences that taught me more about farming...
[1988] 2rnN5HVri_Y → AFK CHICKEN FARM!
[1989] I1RhA0e6Hp8 → You See This Edible Plant A Lot In The Garden
[1990] 4P6eVH_MKpI → (Grade 10) Major Cropping Systems- Mix cropping Intercropping Strip contour  Phase cropping etc
[1991] FQ2aQel4L0A → Small #Aquaponic Indoor or Patio Mini Garden
[1992] x9IxJcnZMoA → Breeding climate-resistant crops | Eric Von Wettberg | TEDxFIU
[1993] lRItRvTr4hw → My go to humane method of slaughter #meat #lamb #slaughtering #butcher #boltgun #food #educational
[1994] LnezMKzI6k0 → Strawberry Farming #satisfying #shot
Error fetching metadata for video ID xh9BPx8uvqs: Command '['yt-dlp', 'https://www.youtube.com/watch?v=xh9BPx8uvqs', '--skip-download', '--print-json', '--cookies', 'cookies.txt']' returned non-zero exit status 1.
[1995] xh9BPx8uvqs → Unknown Title
[1996] drEdyqWug6s → Agriculture Technology Revolutionizes The Way We Raise Cattle!
[1997] KGXgTOGQdoI → How I'm prepping my community garden plots this summer
[1998] JfgDlbDZED0 → Ancient rice farming techniques: a traditional harvest
[1999] zQ2RVi6XrOQ → Genius Hack: How a Modified Tractor Became the Ultimate Cattle Feeder!
[2000] sKUkzQJt3HA → Kale & Potato Harvest Day  | From Garden to Table
[2001] hT_K82hwZ7g → Plowing with a Mini Tractor Using Traditional Skills 🚜🌾 | #Shorts #Farming #Agriculture
[2002] Pezx3A9__U8 → Using the double cup method for tomato and pepper seedlings!
[2003] 7Ov4czy-N3I → Garlic harvesting from farmers and cutting skills so fresh with rural farming life #garlic
[2004] sV3XQNjBNxM → Improving rice quality
[2005] 1oTVkrrOl1s → The Hay Feeder Dilemma! 🐴 Why More is Always Better on the Farm! #drpol #heartwarmingmoments
[2006] SCLtUWEToSI → My Backyard Garden in Full Bloom – July Tour 🌿🍅🌻
[2007] xiH8nO48ve0 → Grease the tractor #automobile #mechancial
[2008] gwqCH8A_Qwk → Resumen Cosecha 2016 (Vídeo completo) en España - Harvest season 2016 in Spain
[2009] yVF-8XCXMFM → Jamaican Puppet show on Farming. Ackee Walk SO1EP16
[2010] KVlFLryL0EM → Agri Junction 2025 | किसानों के लिए एक स्टॉप शॉप | खेती की हर सुविधा एक जगह
[2011] CBTkHPZlN_o → Innovative Green Farming Technologies - Sustainable Agriculture for the Future (20 Minutes)
[2012] Zly56nKuz6A → Agricultural Commodities – Impacts on Global Markets & Economies
[2013] w-VnkL8HdnM → Once Human harvest season collect crops according to the data
[2014] aiF0APhp544 → How to Ship Vegetables? [shipping perishable food]
[2015] srDUXAZNWgQ → Livestock Management Practices for a Successful Farm #farm #livestockmanagement #animalhealth #short
[2016] xVi-kFoIZ3k → The Impact of Organic Farming Practices on Soil Quality and Biodiversity
[2017] EPVThjf4BOg → Azolla: The Plant That Can Make You Money 💰🌱
[2018] PeV9FT5gfUU → Simple farm tools for cutting
[2019] zfHDkS31-0g → How American Farmers Harvest Thousands Of Tons Of Fruits And Vegetables #2
[2020] 1uT0cr82E5o → Agricultura Digital_Agrosistemas Sustentables
[2021] ZBKvw5cyjtI → Types of Economies: Agrarian Industrial Service and Mixed Economies
[2022] nDDu-CwzDlc → Top Cattle Breeds that Thrive and Mature Quickly on Grass
[2023] eKuf0fLpCos → Backgrounding feeds and rations Fall 2021
[2024] G1DwdDQr5p0 → Employment News Paper This Week PDF: Sep 2022 2nd Week (10-16) Emp News |रोजगार समाचार |Govt Jobs
[2025] yDZzT7ayiJY → Dual Prong 49" Hay Bale Spear Bucket Attachment | Titan Attachments
[2026] nsEgFqNR8vA → Introducing the Soil Health Revolution "Merit or Myth"
[2027] vombiPhexmo → Garden Tools
[2028] bMlplARAjdQ → Hydroponics 101: What we grow | CropKing Inc.
[2029] UxXl9sVf1lg → Grape Farming (Complete Guide) | Planting Growing and Harvesting | Grape Cultivation
[2030] 1iUJACNLT6E → Different Types of Tractors For Farming With Pictures
[2031] RjbRcNSsT6Y → Globalization & Agricultural Production  [AP Human Geography Unit 5 Topic 9] (5.9)
[2032] BbTJDS073uc → Mechanical Apple Harvester
[2033] bgqea0E2eAY → Layers Of Soil - The Dr. Binocs Show | Best Learning Videos For Kids | Peekaboo Kidz
[2034] sFCzEYWXbYU → How We Save Money ($1000+) On Taxes By Farming
[2035] IROS7PMNYgw → How to Start $1500/Day Coffee Food Trailer Business
[2036] EiEObwJVrpM → Sustainable Insect and Pest Management Practices | Integrated Pest Management System
[2037] 1d_qZJHSAWc → Hay & Straw Suppliers - R & M Simeon Agricultural Contractors
[2038] 7qNMZmtQgiw → The Bank Seeds of Knowledge: Planting Seeds in Soil or Soilless
[2039] sbkJOkOpUqM → How Can Agriculture Thrive Amidst Digital Connectivity Hurdles #AgricultureRevolution
[2040] FJSmyCXoIPw → This Is How Australian Farmers Produce Millions Of Tons Of Wheat
[2041] 7TRKUr8OMfU → 30 MIN Farm animals for Kids Animal song Fnimal name & sound
[2042] melP6QGp3lk → Drip Irrigation: Water Conservation and Produce Safety Video
[2043] dpOejll1G80 → Farm labor shortage
[2044] kYLtfaCc9Mw → Gravel Gardens | Let's Grow Stuff
[2045] jBniQ9TF5UA → Pasture Management #989 (Air Date 3-19-17)
[2046] nq8nRQL8WEQ → 7+ Homesteading Skills to Learn Right Now | Preparation Mode for Dream Homestead | Master Skills
[2047] BSja0SSOtIA → Why Crop Rotation Is Important!
[2048] h9PFV_vgaFc → U.S. Farming Dead Zone: 10 Cash Crops Nobody Wants Anymore
[2049] R69cNkVAkwE → Leasing Farmland Owned by Non-Farmers
[2050] fgex8AkYy_g → Growing Tomatoes is Easy | How to Grow Tomatoes from Seed
[2051] 9K5WgNda7Yk → Calf Health: Hay Feeding on a Technologically Advanced Farm
[2052] 5k_sFgG8eWQ → Straw bale gardening 3.5
[2053] j2tvMfHl2HU → Best Homemade Seed Starting Potting Mix Test / Review: Miracle Gro Espoma Simple Organic DIY
[2054] aqVJm1ptGkQ → Fruit And Vegetables Carving Cutting Tips #92 #fruit #vegetable #carving #cuttingskills #shortsfeed
[2055] 4WxZUseQRRA → Backgrounding Cattle #1- Feeding calves in a declining market with Tim Petry.
[2056] DFH_yfbUJWY → Basics of Crop Management and Production - Learning Junction
[2057] ardcsi3aYYo → Crop Storage and Harvest | Harvest Techniques Smallholder | Smallholder Farmers | Farming Stories
[2058] j8iye0cCcVs → Today on the farm disc is getting some oil before it’s put away #maintenance #farm #farmequipment
[2059] 9zbIENFbyZ8 → Cattle Market Trends with CattleFax's Matt McQuagge
[2060] h9lN3Fw3oFw → Animal sense
[2061] Lcp0jlJNxXs → PACK EXPO International 2022
[2062] 9R-utqpmwmE → Planning a Vegetable Garden for Beginners: The 5 Golden Rules 🏆
[2063] X9HJC4GbuO0 → #YouTubeShorts #YTShorts #ShortsVideo #ViralShorts #Daily #Shorts #Farming #FarmLife #Harvesting
[2064] SdE6AaTZ9IQ → Moving Pigs Before the Storm! @UncleTimsFarm
[2065] dVkB-eoZOps → Meet Srinath he's studying Agricultural Science at UQ
[2066] Wisa2lyiwvg → The Benefits of Vertical Farming
[2067] OYsNuwempQY → Art Agency & Agrarian Life with Sonal Khullar
[2068] ptaKKWDQe1w → Smart drivers use Breakdown Inc. for hassle-free roadside help! #kenworth #trucks #brakesystem #usa
[2069] WCdQeZKlcXQ → How to get into Horticulture | Careers | RHS
[2070] r27tfhPibJ0 → Empowering Farmers: Adapting to Climate Change for a Sustainable Future
[2071] 2zY38zyJ3pw → Growing Veggies Without Soil!
[2072] 3yPD-w6Ubhk → Training Video (Safe use of Pesticides)
[2073] 9IMwq06cBVw → Grow Green | Hydroponic Cultivation Of Plants
[2074] Ev78JFIOHJA → The reason it all started. #heritage #history #farmlife #animals #adamhenson
[2075] Oy2oZlCJxvc → Tower Gardening Made Easy "Let's Talk About It" Episode 12 #gardening #farming #hydroponicgardening
[2076] Mru1ElmG7pg → How to identify your soil type | Grow at Home | RHS
[2077] HG1v1pHBIL4 → Maize chopper and baler all in 1 line
[2078] bS5GK71EFfA → Top 5 Backyard Chicken Breeds: Best for Your Flock! 🐔 #BackyardChickens #ChickenBreeds
[2079] YiIPn9S8u8o → Intelligent Agricultural Irrigation System
[2080] XfLSzGWxBZQ → Easiest AFK Fish Farm Minecraft Bedrock 1.21 (2025)
[2081] cVNLnhG-hnM → Poly Grain Bins For Your Farm
[2082] ZMGKzEzDlv0 → Understanding The Science Behind Crop Rotation
[2083] oNcw9Ui_XGQ → ⭐️Seviye Atladım 144! Ağıl deposu yükseltme ve tasarım festivali ödülleri [ #hayday level up]
[2084] Q5NuOrKAITs → Fall Planting Cover Crops In The Home Garden - No Till Method - Feeding The Life In The Soil
[2085] NK7DIFPfXvs → Simple & Amazing Seed Tray Filling & Seed Sowing Technique
[2086] Tu2UzYiqmWM → Seedling greenhouse construction process- Good tools and machinery make work easy
[2087] OeUiGkk1ccA → Safety on outback stations - A snapshot of the Northern Territory's cattle industry
[2088] WE5J8abYUTA → Earn lakhs through leasehold farming; learn from this farmer Santosh | Haritham Sundaram EP 345
[2089] R9pxFgJwxFE → The Incredible Logistics Behind Corn Farming
[2090] k96P9wCeiWs → The Farm Simulator - Heavy Duty Thresher Machine #8- Heavy tractor games tractor trolley game
[2091] oaE6T-5b_ZU → How to grow your own potatoes at home 💚
[2092] KIAkk7W4YMk → High-powered tools #slaughterhouse #cattle farmer #high-performance utility tools
[2093] FBE3VcPEhKs → 🌱 What Is Plant Breeding? 🌱
[2094] aG_zJiBngMY → Is Farmer Rick actually just a puppet? #animation
[2095] Atm2x-3of_c → Amazing Corn Farming Machines Tools and Equipments | Maize Farming
[2096] 4eEU8saT-n8 → #farming She's Learning How To Sulky Plow
[2097] mMNt2p6q1Rk → The Future of Chicken Farming: Mobile Chicken Coops
[2098] K2WFI0UqYh4 → Innovation platforms for improved livelihoods and rainwater management in Ethiopia
[2099] J1AZwJPLur8 → These 2 tips = juicy strawberry harvests
[2100] 4y979jt3Eis → Farm Life in Vermont is Underrated
[2101] CZKvCi7hhhw → EP 43: Big Brothers & Their Economies: Pol Pot Mobutu Seko & Islam Karimov W/ Chanjoo Kim
[2102] wWKMfNqEE7w → ಹಿರೇಹಳ್ಳಿಯಲ್ಲಿ ವಿಕಸಿತ ಕೃಷಿ ಸಂಕಲ್ಪ ಅಭಿಯಾನ Information to farmers about the use of organic fertilizers
[2103] yythaJl0t3E → Lay The Right Groundwork With TruSet™ Tillage Tools | John Deere Tillage Equipment
[2104] OhHYrK_cUr8 → The Surprising Science Behind Feeling Abundant!
[2105] vqjHRvSzpow → Green Hay Bale Maker - Modern Machinery
[2106] VuOfofigkCE → The Future of Farming: 2030 Trends and Predictions
[2107] e4YYNf81n8A → Plants Pests and Diseases
[2108] Fuy9tarYwhU → WATCH THIS Before Planting Carrots!
[2109] zPs9VRFVNew → How to fill a raised garden bed! #riasedgardenbed #garden #soil
[2110] iMIVUrUsR00 → When To Start Curing? - How To Know When Cannabis Is Ready To Be Jarred & Stored Long-Term
[2111] quqH4VjCddY → Harvest to Market: Peanuts & Peaches #1
[2112] SmFYfcCbjNo → Cordless wheeled lawn mower trimmer China manufacturer factory distributor#grasscutter #rcmower
[2113] 2cl7f6fluKE → Weed-Control Machines - Crossroad Farm Fairlee VT
[2114] ApzvFAP4g2A → LITERAL TRANSLATION OF COUNTRY NAMES EUROPE
[2115] 3QQq-OJYk6M → Farm Machinery Operation and care repair Guide 1957
[2116] 6fkaGb6BiEY → Why Do Cows Have Side Eyes? #shorts
[2117] iguKJ4MohMk → Corn Farming Techniques #satisfying #shortsvideo
[2118] mOImj_dwXbA → Intro to Root Words | Prefixes and Suffixes | 2nd Grade Reading | eSpark Framing Video
[2119] 4DM9DJjzk4M → Experience The Beauty Of Maize Fodder Crop In Stunning Cinematic Video!
[2120] dp4ercv0Cq0 → SNOW PLOW VS SNOW PUSHER: WHICH ONE IS RIGHT FOR YOU? 👨‍🌾🚜❄
[2121] 3zF4R47zvEk → MODERN FARMING EQUIPMENT NEW TECHNOLOGY SPECIAL
[2122] 22xOBPlNKvY → Animals for Kids 40 min Farm animal sound
[2123] gdh5JWaAa-Y → Costco Fall Bulbs 🍂🍁 New Shade Container & Planting Bells of Ireland || Fall Garden Planting
[2124] 2oprrR-HHlg → 🌧️ Monsoon in India – A Climatic Lifeline Explained! 🌾
[2125] Av8AJMOlGbs → 10000+ Livestock Machines Revolutionizing U.S. Farming | Agriculture Technology
[2126] 56tRjjmuTow → Planting Onions Kale Basil & Flowers for the 1st time 🙏🏾
[2127] CWl298unYIc → Antique Farm Equipment Renner Farm Part 3
[2128] u34R01BEPdE → Using SQUARE FOOT Gardening Easily DOUBLED the Harvests
[2129] 6pDNyntktls → Cannabis Harvest Season: What You Need to Know!
[2130] dztZ3ILXo3A → Grade 12 | Animal Production Systems | Agricultural Sciences
[2131] fFrDNwzT6OY → Subsurface & Sprinkler Irrigated Corn
[2132] xuDyGPaQax0 → Preview of David and Rebecca Stutzman Online Farm Retirement Auction in Clarkson KY 3/2/21
[2133] itVLE86mHmI → ATV/UTV Log handling system #welding #weld #logging #trailer
[2134] sJCgXsT0ha4 → No-Tillage Farming
[2135] u1gC6DnYdrc → seeds #organic #vegetable #farming #agriculture
[2136] okAXT35GobE → Mastering Wheat Farming: Risk Management Agronomic Practices and Innovative Tech Solutions
[2137] dUUG_BgEhiw → THE 'Why' behind Rotational Grazing
[2138] IEpbtUYXUY0 → The amazing life cycle of plants #plants#plantslife #plantslover #lifecyle #plantcare #planting#شفا
[2139] 4aih_MXO6O4 → How A Zimbabwean Woman Became A Millionaire Farming Cattle In Africa
[2140] jg-EFyOFbh4 → Advisor All-In-One Agronomy Management
[2141] OKJaF7xuKds → HPAS Mains 2024 | Questions Paper | Model Answer | GS- 3 | Civilstap Himachal
[2142] XyZ3pQQMCAA → 5 MIND-BLOWING Features of Fast Smart Plowing Machines
[2143] 22lUhLrWvRI → Top 8 Tech and Sustainability Trends in Agriculture: A Comprehensive Guide
[2144] HeFmQ9UD2FA → JADAM Organic PEST and DISEASE CONTROL POWERFUL DIY Solutions..
[2145] tGvGW_T2NQ0 → Fun Day at the Farm with Hayride Corn Maze and Playground
[2146] hHpTALC7r6c → Vintage Surge Bucket Milker Assembly- Family Cow Milking Tutorial
[2147] HLi5htzDd4o → Children of the Sun – Wild Bees
[2148] wmbeZjwD77w → A day in the life of a "YouTube Farmer" it's not as easy as it looks!
[2149] FFToJISJmdM → Storing Hay Tips
[2150] -_SMqytnqTA → Nofence Managed grazing : James Daniel
[2151] AaVsUyptr0U → Mechanical new potato harvesting kicks-off in Jersey
[2152] -3pZky2IW_U → எல்லா வெரைட்டி மாட்டும் இங்கே இருக்கு 10 லிட்டர் முதல் 30 லிட்டர் வரை கறவை உள்ள மாடுகள்
[2153] M-h25X0n1_s → 7 ADVANTAGES OF CROP ROTATION
[2154] qH3rzFVFlsA → Sustainable Practices in Agriculture
[2155] Tc7EKgnKlKw → Webinar  Recording: Farm Management Software - Enabling a Trusted Supply Chain
[2156] 4R7mX6pChSA → How Regenerative Agriculture Brings Life Back to the Land | Gabe Brown | TED
[2157] swLkA1cHJ4Y → The Art of Lazy Composting | How to Make High-Quality Compost the Simple Way
[2158] hUpvfO8Y0PU → Ми купуємо напряму з господарств.  #agribusiness #business #agriculture
[2159] 0w4hBJsqwps → How Farmers Harvest & Process Radish on a Massive Scale!
[2160] TBt4E_3SwDY → how to grow onions from onions
[2161] f7QtfLlbNlc → The Surprising Truth About Farm Life#agriculturetruth
[2162] rpQoUwE220Y → Farm small machinery electric loader #loader #agricultural #farming
[2163] 2d_kM7W6E9M → Siláže v Závidkovicích - Claas Jaguar 860 Traktory Deutz-Fahr John Deere a New Holland
[2164] ieqHkdZhRjs → new technology trends 2023/new technology in agricultural video/new mashine#shorts #trending #farm
[2165] MNbJXov8i3s → Rural Economy
[2166] omJ8IbvfoaM → Affordable 4WD Mini Cultivator | Multi-Function Hand Tractor Factory Display
[2167] Z53B5PB-4mM → Free  TAFE Tractor for Farmer's during 144 period | How to apply to get free TAFE Tractors
[2168] YJ9UILJW53M → Fighting agricultural pests the natural way | FT Food Revolution
[2169] 8AdOv_uDa38 → Growing Zone 8 Planting Calendar 🗓️ Popular plants to grow and when #gardenplanning #gardeningtips
[2170] eMpmyjSeZdM → Empowering Dryland Farming: Dr. Simon Nguluu's Sustainable Agronomy Journey
[2171] _wG23grj0yY → Top 10 Technology Trends - Ep6 - Biotechnology in Agriculture #tech   #technology  #trending
[2172] BkAfY5U-KIU → "silo body sheet equipment""Grain silo sidewall equipment""Grain storage tank machine"
[2173] H1UWZ7tmPlY → 7 TOP BEST LAYER CHICKEN BREEDS THAT LAY UP TO 364 EGGS PER YEAR
[2174] emLK00bnIQk → How to save irrigation water
[2175] uNF_Mmh4Bd0 → Integrating crops and livestock
[2176] R8VOlS9rhQ0 → How Thai Farmers Harvest Millions of Tons of Fresh Coconut Every Year
[2177] qejwqe0_w0E → UK's Free Safari of Farmyard Animals / Free roaming donkeys ponies pigs  & cows 📍The New Forest
[2178] D8yF4ZWaSoU → cnc machining milling customized agriculture equipment parts components manufacturer China factory
[2179] QAIuHXIUqoc → peaceful countryside life of grandparents and grandchildren
[2180] c-4asOI3Uqk → Before & After Lakeland Farm Equipment - Quiet Sheep = Happy Sheep
[2181] _39nX5bU3-U → 7 Best Free And Open Source Farm Management Software
[2182] gbQaCP7SF5g → 2 Sets 2000 Ton Grain Silos & 35 ton per batch grain dryer Project #graindryer  #silo #grainsilo
[2183] DaGciRZooRs → Unlock the Secrets to Thriving Rice Harvests! 🌾
[2184] m9gXHRlKowk → How to grow peanuts 🥜
[2185] R68dEmNWDiQ → ಕೆರೆ ತುಂಬಿಸುವ ಯೋಜನೆಗಳಿಗೆ ಚಾಲನೆ | Steps taken to alleviate water scarcity in open areas
[2186] NBTrJ37nei4 → Joel Salatin - The Energy Cycle of a Perennial vs Annual Plant
[2187] Z77OijDtbSY → How Chinese Farmers Use Unique Methods to Control Rats in Agriculture! 🌾
[2188] HjI5swwcf8w → Revolutionizing Farming with AI
[2189] RauqvHORS1g → (급매) 옥천군 군북면 석호리 멋진 호수와 접해있는 전원주택지  204평
[2190] E8BkMasQCLU → New Hay Field one month after planting.
[2191] jDp3EiTxGro → My Top 10 Seed Varieties To Grow In 2025! Tried & True Favorites! + 5 I Wont Grow Again In My Garden
[2192] DHh91kLmWj4 → LEARNING THE VOWELS🐺 The Puppets of the Farm 🌈 FOR KIDS
[2193] g14WA43Lb5g → SHOCKING Results of 7 Days Transplant Growth Experiment
[2194] p69XLf4sfZ0 → Apply Farmyard Manure to Corn Seedlings Experience the Charm of Original Ecology Farming
[2195] BNfj3ZWw7yA → Agricultural Practices 👩‍🌾🚜
[2196] ev50ftV6YMY → Animal Equality: Shocking Cruelty of Foie Gras Farms in France
[2197] 8BLtvx3z1uA → How Solar Power is Revolutionizing Modern Agriculture
[2198] PCASv-rj3wk → The FASTEST way to Grow Grass Seed!!
[2199] hAki_LlKYZg → Building a Long-Term Food Storage Pantry: My 2024 Survival Secrets
[2200] Do_p0WDJqP8 → Types of Crops Kharif and Rabi | Middle School Science | Khan Academy
[2201] 5Rs5aO40WL4 → Tyler the Creator - Answer [Official Video]
[2202] 774-NJlceJQ → Manufacturing and Business Protocols for Goats Milk Soap Penny Adler SD
[2203] DeNXvDGAmyI → 2025 Horse and Cattle Market Outlook Thoughts on High Cattle Prices Predictions for Future
[2204] Hef10dPHXu8 → #One machine for tilling ditching weeding and fertilizing ZongshenPowerFourStrokeMultifunctional
[2205] LR7dIMd0zoY → 3HP Solar Pump – Real Water Test! #submersiblepump #solarwaterpump #pumpmanufacturer
[2206] s6vq8_rln2Q → UP BScAgric (Agricultural Economics and Agribusiness Management)
[2207] 3I4Zgziz9Zo → Helping a Farmer Feed and Care For His Animals (Educational Farm Video For Kids)
[2208] mP4k71d2ZyU → watermelon farming technique  2G/3G cutting #shorts #satisfying #agriculture #farming #foryou‪
[2209] B5heMtaWC9g → Mixing feed for 120 cows
[2210] JpFbcnOan6I → Wet Rice From Seed To Harvest Process - Amazing Modern Asia Agriculture Technology -
[2211] GewFFgpwYDk → FAFO the Literal Definition #trump #usa #fafo #maga #tomatoes #shorts #viralshorts
[2212] qIE_JpPEJwU → Farm Work with Livestock A Day on the Farm
[2213] tgW6EHCKNoo → Farm Tax Exemption- Expert Advice!
[2214] Ct3CL22RpTg → Regenerative Agriculture on a Small Scale | What it Looks Like
[2215] Xl4mlZy0Ixw → QUICK And EASY Method To Plant Grass Seed // Seeding A New Lawn In Spring
[2216] k17BAlsBKg8 → What Are Farm Activities For Preschoolers? - Childhood Education Zone
[2217] p6aF3Cqcvt8 → Sowing marigold seeds is easy. They can also be started in seed trays or pots. Sow in spring
[2218] 7qmiiCt4eqs → 3 Ways to Attract More Bees and Pollinators to Your Garden 🐝 🦋
[2219] hEQcAZ67eR0 → Fishing Tips for Beginners - Top 3 Ways to Catch More Bass
[2220] JeU_EYFH1Jk → Artificial intelligence comes to farming in India | BBC News
[2221] UR3d2JRuTA4 → Cotton weaving a better future together
[2222] ZGInM5ktBdE → Video 4 Corn planting dates
[2223] tWQnsO72zzY → ‼️Update‼️Here’s Why Our Diaspora Client Booked For Our Site Visit & Giving Him Expert Advice
[2224] RpBNg-wM4qM → Top 5 Vegetables Grown in Bangladesh's Rainy Season #shorts #shortsfeed #farming #top5 #shortvideo
[2225] 2Aw5G3-Ki9g → INCREASE PRODUCTION In Your Dairy Farming || Dairy Farm Management Tips
[2226] zmJ0pS8HRdA → 🌿 Grow Your Own Food: 10 Essential Vegetable Gardening Tips for Beginners! 🥕🍅
[2227] s4M9DXEj_Uw → Field to Fork 2019: Best Management Practices to Produce More Potatoes
[2228] IiUPHXjS8As → Challenges hinder growth of organic farming | NJ Business Beat
[2229] tXBki_ym6F4 → How to Start a Farm Equipment Rental with Rent Invoice Billing App
[2230] AkBNJYwhMuw → FOOL-PROOF HYDROPONIC TOMATOES 🍅 #hydroponics #vegetables #gardening
[2231] by_tFRwyZEk → Revolutionizing Agriculture: Exploring the Benefits of Smart farming technology.
[2232] oxCcSHz_2u4 → Wheat Harvest in the UK | John Deere X9 in Flat Crop w/ 45 ft / 14m Flex Draper | Waldersey Farms
[2233] zo1szuKPj3M → Amazing Tractor Farm 🚜🌾 #amazingfarm #amazingtractor #farm #agriculturalmachine #agriculture #shots
[2234] ANbtazkJ9Jw → Activism Through Agriculture - Trailer
[2235] WFY9GI9akg0 → Very healthy organic chicken eggs are produced from beautiful chickens #chickenfarming
[2236] VqDdRkY9vCA → What Are The Environmental Benefits Of Composting For Permaculture? - The World of Agriculture
[2237] dAn-3fUqHRA → This DIY Bottle Seeder is Peak Farming Innovation! 🌱😂 So SMART & EFFICIENT! #farminglife
[2238] Z09_x7GgDnk → Crop Rotation   Benefits &Techniques
[2239] vYTcWhOmER4 → A Look Inside | John Deere 900 Series Round Balers
[2240] GpyzI_cOpv8 → Easy way to turn your 10 gallon aquarium into an aquaponics system
[2241] Yh4kIBzid1c → GMO Foods Explained: What You Need to Know in 2024
[2242] _yQKkZLENRc → 🌱 The Future of Food: How GMO Crops Will Change the World!
[2243] lNZsT_sHcA8 → Growing and harvesting large quantities of onions - Advanced agricultural techniques
[2244] P73-AEK897k → CaSTCo: Tree planting with Stump Up for Trees
[2245] m4ciZasSrqg → The Best Garden Hoe for Heavy Weeds
[2246] oNTEmxF09qQ → How to Make a Powerful JADAM Natural Pesticide by mixing JWA+JS+JHS for Gardeners. Homemade
[2247] epp4b3SVOt4 → The Rise of Urban Agriculture Benefits and Challenges of Growing Food in Cities
[2248] 6hBgcI6ZQMg → Sustaining Our Ranching Heritage - King Ranch® Institute for Ranch Management 2023
[2249] 1MCyrRFZvBg → Veganic Gardeners Question Time 25th June 2025
[2250] qObe8Ug-o-s → Bigfoot Gorilla And Grandpa Pick Jackfruit #farm #farmer #farming #farmlife #village #villagelife
[2251] veMKjZfnytE → Managing Cover Crops for Ecosystem Services in Vegetable Systems
[2252] sJNiScEWmlY → Agritourism Activities
[2253] rHl5CVT1vuA → 5 Herbal Medicine Books to Help START Your Apothecary! #herbs #herbalism #gardening #books #medicine
[2254] ZJFce6KU49g → Our Hay Cutting Weapons - Sickle Mower Haybine & Discbine
[2255] J3_z3bTUj4M → 3KW Solar Price with Subsidy | Solar Panels for Home
[2256] My5Z7gC6eG8 → 🏠 Milking Machine for Home Dairy 🐄 | Budget-Friendly & Efficient 💰
[2257] WtLYme-Lzms → 2022 Fruit School - Strawberry Weed Management
[2258] EnxuJapI73U → Short | Agri Innovations and Safeguarding Rural Livelihoods | Reliance Foundation Dialogues
[2259] f3-3fU3mOBI → Cold Start at 32 Degrees: Glow Plugs in Action | John Deere & Farmers Daughter
[2260] Xg_dOPztDmk → Tractors Farmers and Construction Vehicles at Work! 1 hour 🚜👩🏾‍🌾 | John Deere Kids
[2261] XeNA6XdMoF8 → Crop Rotation Made Simple - Rotate Your Vegetable Beds for Healthier Produce
[2262] XudyFSQobl8 → planting a carrot seed for every new subscriber in grow a garden Roblox!
[2263] RE5tvaveVak → Vegetable Song | Songs for kids | The Singing Walrus
[2264] bI6CBnQVHMU → Indigenous food systems biocultural heritage and the SDGs (session four)
[2265] syYQHywCjOA → Interesting  Rice Farming Techniques #satisfying #farming
[2266] -UEJr2bBj8s → Affordable Solar Irrigation Solutions for Farmers
[2267] jYV5HQd_6bg → Smart Hoe Makes Row Work Easy
[2268] eNJ09z3zXjQ → Steps To Train Your Chickens To Be Smart  In 3 Days #tricks #training #interesting
[2269] 3zp2UJjTbFg → How to Grow COFFEE TREES OUTSIDE OF THE TROPICS- A beginners guide for the home gardener! PART 1
[2270] Cm92iUzBHsU → How to Water Big Trees Like a Pro 🚰🌴
[2271] KYTqyrl21ac → Agricultural Equipment Operator
[2272] QWzaZ5QRJwo → David Forster -- Introduction to Soil Minerals
[2273] 1yRzkeV6sow → Skyrim: How To Change Farmhands All Methods Explained
[2274] SBNnjblHUVs → Sustaining Our Ranching Heritage - King Ranch® Institute for Ranch Management
[2275] 8zrFUVhGWtw → Natural farming working model | Sustainable Farming | Hydroponic&Vertical farming | Organic manure
[2276] ReuCVUwThtU → What are the key principles of eco-conscious farming? eco-conscious farming best practices for
[2277] flg_5FcrptA → Unique Way to Raise Chickens #farming @RomFarm
[2278] h5tPmtZBTtw → Ocean View Farm Land for Sale in HAWAII • LANDIO
[2279] bZHEmergV8U → The Future Of Farm Commodities
[2280] ko8mGEpLITc → washid welding workshop 9719718400
[2281] 5fltGevv4kg → 🌿 SUSTAINABLE Tea: Key FARMING Practices 🌍 #ecofriendly #sustainablefarming #shorts
[2282] OeQdGGr8eRE → Chives The Profitable Short Season Crop #gardening  #financial #Farming #Agriculture #agribusiness
[2283] ltI7JRrueRI → John Deere Farm Equipment Tour
[2284] YIjRNQEyfpU → This harvester costs more than your house 😳
[2285] _5lqApxS3po → Haylage VS Hay: Which One is Best for Your Dairy Herd?
[2286] c_iYv3eGLY4 → The Essential Guide to Wheat Barley and Oats in Farming Simulator 25
[2287] rxhTOB08M68 → How Does Agriculture Impact Caucasus Biodiversity? - Biology For Everyone
[2288] lH78XP8knMA → Pig Farming for Beginners (MUST WATCH)
[2289] 7gcXMbZJr4c → 1st yr. Vs Final yr. MBBS student 🔥🤯#shorts #neet
[2290] cOe0EpTW6Mg → Browsing Equipment Dealerships
[2291] LqLzR9j1Ngs → Tractor Operation Safety Maintenance Troubleshooting and Repair Introduction
[2292] FKSqbiY_z2g → Automatic Fruit Picker Tool: Smart Robot Harvests with Precision!
[2293] 1uTLb3TFKos → let’s harvest from my candy garden!
[2294] 9ynPS9sQKVQ → The Greenery Garden Centre - Spring Flowers
[2295] j5ABqouv6T0 → Humus vs Compost – What's the True Difference in Plant Health
[2296] dKyysTb3Phk → Alex's story: Youth in agribusiness in Kenya
[2297] ZjFEYkfU0zA → Preparing for Winter - Round bale storage
[2298] joXiq8zp7P0 → Recommended Agricultural Irrigation Sprinkler with Adjustable Mist Water Spray Head - Helping Ha
[2299] WkQ1O0nz47c → “Pigs on the Loose!” 🐷 Farm Animal Adventure | Floor is Lava Game | Danny Go! Dance Songs for Kids
[2300] p2igb7FSZHQ → 98: Is Your Ranch an Asset or a Liability?
[2301] cSXyEh3UzG4 → 4021 🌳🍆🥥🥬🍏 #cooking #photography #FarmLife #claas #cows
[2302] hgLD53X7Uvo → Extension service is a farmer's tool
[2303] wlXjjCnrxpM → The process of preparing the edge of a wheat field for mowing with a combine
[2304] TtfvIk-51Zs → How to keep your berries fresh for up to 2 weeks! 🫐🍓 #freshproduce #fridge #berries
[2305] XASzvRBV0W4 → Does crop rotation and intercropping work??
[2306] OjYIBpp-qIM → Agrarian Structure and Land Relations | Indian Economy | CUET PG Economics | IAS Economics Optional
[2307] 5ZqqXHz_xyo → Sustainable Agriculture: A Better Way to Feed The World? | A Thrivable Life Podcast | Episode 05
[2308] kqTi8ERDKvg → How farmers use rotational grazing for sustainable agriculture 🌱🐑
[2309] vo-teDe0muI → Visit My Granny King Chilli Farm / Life In Village
[2310] A4HQzX3kuKg → Essential Tips for New Sheep Owners. Sheep Care Basics
[2311] fZAXtDT8ZTQ → concrete grain silos2 ton silo for salecement mixer machine priceChinaFactory
[2312] jyu_nFiMBb4 → State of the World’s Forests 2016: Forests and agriculture - land use challenges and opportunities
[2313] OfOZ-sTsD94 → Marriage Advice || Available Rental Equipment || Northern Colorado
[2314] SR6ZCnrZnkk → Cool strawberry harvesting machine.
[2315] lp7QY1TguhA → Diy mini chaff cutter machine part 2 | mini tractor | @Mini Creative #minicreative #minimachine#0985
[2316] 6IEpVPE6eWI → #shorts | ...CALLING DR. PIMPLE POPPER! 🌋👨‍⚕️
[2317] 47Q4wu7By9c → .#harriston #croptec #agriculturalmachinery #agriculturalimplements #rotarytiller #originalfactory
[2318] 4TfZcsxnGO8 → The Positive Effect of Cover Crops on Soil Health
[2319] aXpsStCy7dk → What Vegetable Crops I'm Growing and Sowing NOW in WINTER Garden
[2320] MqeOGrevrG0 → Baling my hay field for the first time after seeding.
[2321] 70TnMGufZSs → 11. IRRI Agronomy Challenge: Assessing Biotic Influences at Maximum Tillering (16 February 2012)
[2322] ttmaSctZ8Lg → How to Create Long-Term Viable Urban Farming Businesses - Karen Washington
[2323] 49e-o9wO3sQ → Designing Fences for Farm Animals: Safety Durability and Function
[2324] I9ggZGgVy0Q → Save Hay With Cold-Grazer Rye!
[2325] ucqa1MNbi6k → Corn harvester right in the field the daily life of farmers #farm #dailylife harvester
[2326] tGONxVK-Ri8 → Multistakeholder platforms as a best practice for supporting sustainable agriculture...
[2327] 0N0n5rkz6P4 → Ghaza’s maize planting technique.#MaizePlantingTips #ExpertGardening #GrowBigCorn
[2328] IEDLfqqTA6E → Pregnant Robot Working on the Farm! 🌽💪 #shorts #robot #robots #ai #viralshorts ‎⁨@AIRobotsLife⁩
[2329] eLbBhBjtw4s → Unit 6 Lecture 6 - Alternatives to Pesticides
[2330] p4l4ipDHscU → The ABCs of Agricultural Waste Management: A Comprehensive Guide!
[2331] -hWUVoZAjzY → Important Farmers tools. #kisan #kishan #farmer  #tools #vocabulary
[2332] bd0ect-9hBE → Immigration raids leading to farming labor shortage?
[2333] eORbsVjBCz4 → 🌵🌵🌵Farming and harvest cactus #farming #satisfying #harvesting #relaxing #farmharvest #vegetables
[2334] 4Vonm8SfMi4 → GOVERNMENT LIES!!TRESPASSING!  SPRAYING PESTICIDE ON ME FROM THE AIR!! IN MY ORGANIC GARDEN!
[2335] pEkzJCcF_9E → RED Chili Peppers Revealed: Exotic Varieties and Growing Tips for Pepper Enthusiasts! 🌶️🌱
[2336] aVMtMYr_JGk → How to Train Tomato Plants Horizontally for Maximum Yield
[2337] JvxLSko-VH4 → The Most Easty Method To Make Bamboo Saplings #farming #educational
[2338] OOAA97eQcBM → Farm machinery investment and replacement
[2339] CTxJSLWehzY → HOW TO GROW GARLIC 🧄 | The Ultimate Guide To Grow Garlic in COLD SEASON
[2340] vl30tK6SpTo → How to Take Care of My Cows Daily Routine for Top Care
[2341] joHKCR-te50 → Reel Life at Farm Sanctuary - Ep. 1: Pasture Rotation
[2342] rIQGW4c4Ml4 → McIntosh Multi 4 Bale Feeder
[2343] AJtBYkGtXF8 → Smart Farming: The Future of Water Conservation
[2344] _xfErTiO8Bg → Stop Buying Produce at the Grocery Store
[2345] GvuhQJAvi0s → Ginger farming techniques #farming #agriculture #tricks
[2346] vy7glEKvsow → SATISFYING AGRICULTURE MACHINES: Mountain Cooking with Fresh Farm Produce
[2347] sWK6gM1xnxU → Amazing Manual Seeds Planter #shorts #Seeds #planter #seedsplanter #agriculture #farming #machinery
[2348] lkwV8TriAhY → Tobacco Farming #satisfying #shortsvideo
[2349] ajTqCRF_ZxE → 🌿How to Remove Aphids No chemicals!🌿🔥
[2350] 0pW3-2yD4Xs → How to Mount Correctly  😂
[2351] WrR9LBNpXcc → Agricultural Machinery - Spare Parts- High Quality- World Wide Export - ASFER - Support From Expert
[2352] 8vLoxtEds88 → Pests and diseases
[2353] Qwt8Lavy2X0 → agricultura sustentável
[2354] 317cg2Gl4Ng → Behind the Weld: Retired Boilermaker John Tracey Reflects on His Time at Delmade
[2355] tN3RxPz_Wck → Down on the Farm with Tractor Ted - Making Haylage
[2356] vZCGSP3A0Fo → The next global agricultural revolution | Bruce Friedrich
[2357] QYhTkwfnnhY → FAQ - How do you find the seeding rate for different cover crops?
[2358] m09ximxPk1g → AFFORDABLE IRRIGATION LOW PRESSURE TRAVELING IRRIGATORS.
[2359] 8WwUrjxsHtU → Fresh Cut Vegetables From Garden #satisfying #garden
[2360] l6_vua2Oa1I → The Impact Of Subsidies On Food Production | FoodUnfolded Explains
[2361] 0iAhbVTztAA → Master Agribusiness Development open day video 2020/2021
[2362] 9eSeorFEcvg → How Do Pesticides Affect Soil Health? - The Geography Atlas
[2363] 3kIAGwHSsns → Using nuclear science to improve animal breeding
[2364] ipPN8sgJXHc → Disruptive Agriculture Technology Challenge D-Day
[2365] 8MZ70B6C4tM → 2017 Bobcat MT85 skid steer
[2366] RIjYd-SKNRc → Homesteading
[2367] v-SzNQ-h92I → Massive Hay Making Effort - 9 Balers Running
[2368] 2E---CDpnQ8 → What Market Gardening is Actually Like
[2369] Wr_Ty_0VYuU → Best Milking Machines for Dairy Farms – 2025 Buyer’s Guide! 🐄
[2370] a6eQZlf-Abg → 016 Agricultural Irrigation Scheduling
[2371] GQ_eiEv2Cp8 → ESTATE ONLINE LIQUIDATION SALE! TRACTORS FARM EQUIPMENT ANTIQUES FURNITURE AND MORE!
[2372] ApGSb0I44bA → Plowing 1 Acre With 2-Bottom Plow and Compact Tractor!
[2373] DQCQEzklYdo → HOW TO GROW TOMATOES AT HOME
[2374] BnNGP8hL67k → Hand-Dug Well Craftsmanship Under Steel Greenhouse Frame
[2375] 8E2pe2z7ErQ → Growing Hot Peppers
[2376] bSOUVorXrUc → 5 Advanced Hydroponic Techniques for Maximum Crop Yield: Beginner to Pro Guide
[2377] JSW4JdIdUzw → Farm Viability Video
[2378] LDxkWg__wGM → A market-driven approach to transitioning smallholder farmers to Regenerative Agriculture
[2379] 6ujjbJJ8jEg → Orchard Management - Pruning Demonstration
[2380] nl38LpNqtA8 → A Farmers life got a bit better with new outfits to keep us warm this winter.
[2381] 3vobB3TO5ws → How to Feed and Water Cannabis Plants - A Beginner’s Guide with Kyle Kushman #8
[2382] GSBY_BIJFH4 → Randall Randy Konsker | A Guide on How to Implement Sustainable Practices in Agriculture
[2383] mujY25Q0cBI → How Does Agrobiodiversity Affect Climate Change? - The World of Agriculture
[2384] nutmH74t_tM → Understanding Pesticide Labels | From the ground Up
[2385] zQUrgLK2qWk → The fox and the crow || Short story || English
[2386] hKOxTGb2_Zs → Challenges confronting farming in Africa
[2387] GQX_nqOn7mA → How to Grow Eggplants Perfectly Every Single Time
[2388] gEMKBz37VyY → 50 Farming related English words | Agriculture related English Words with Images @GoodluckInstitute
[2389] Uei5usVURUk → Kubota Dealerships
[2390] HwOxHgS7ijI → Program Overview: Agricultural Operations Management
[2391] m6_9LOI0uRY → Regulations and Alternatives to Farrowing Crates
[2392] VQqq76JuDYE → Asparagus Empire The Green Gold Rush
[2393] uWVSMrQwM6k → Gardening Indoors- (mostly edible) Plant Tour
[2394] hqVJBKj1V0o → Modern Agriculture Technology | Sustainable Modern Farming Techniques
[2395] rGnKFH3QNTk → Secrets Garden Centers Don't Want You To Know!
[2396] a9Bajq-N6AQ → Saltland Pasture Grazing Management
[2397] fo1ANbsb8TA → Grader machine works | DBM| BC | CTB | #grader #caterpillar #motorgrader #heavyequipment #shorts
[2398] KhjLaLYZnvc → The Rise of AI-Powered Farmer Assistance Apps
[2399] AE3RyRbEhjU → Plant cutting techniques can increase productivity #plantcuttings #agriculture #popular
[2400] GukaWMHWnTA → National Farm Animal Day | Post Farms Mules
[2401] l36uoyUke-s → Modern Integrated Farming Systems | Modern Agriculture Technologies
[2402] CBuFCONMfWg → Hay Equipment Sold on Recent Auctions Bringing Strong Money
[2403] 7iYv3WgSZSw → Soil Health and Management
[2404] DJZ_uXwg7J8 → 4K Sheep grazing in a field - Domestic animals from Greek fauna
[2405] cqBnDXhACaw → How To Make A Profit On A Small Scale Farm – 5 Things To Consider
[2406] bn4cfy-M2Z4 → भारत में जलवायु परिवर्तन के अदृश्य असर।Climate Change कैसे हमारी ज़िंदगी बर्बाद कर रहा है?
[2407] 5eNa57uL59g → Scaling up conservation agriculture in Mozambique
[2408] med63uGKXmI → Exploring Sustainable Farming Practices and Community Values
[2409] o5RqwRJsDG0 → Nuseed U.S. & Canada - De Broughton Discusses the Benefits of Carinata (Sep'22)
[2410] hi6ZFZaN--U → Maximize Your Livestock Productivity With Essential Breeding Techniques.
[2411] dz8BHju5-oA → Mini Tractor with Plow – Power and Efficiency!
[2412] nJr5n5TWmnQ → 40 Stunning Modern Farmhouse Kitchen Decor Ideas for Your Home
[2413] yI7KhSKclTM → TILLING A GARDEN IN VIRGIN GROUND WITH A SUBCOMPACT TRACTOR
[2414] a7Xj8EJCNtU → Revolutionary Tractor Implement Storage: You Won't Believe This Method!
[2415] 1XuR3JX8R2M → large scale escape of Pigs #farming #pigs
[2416] UjQQsNBPVUY → THINGS YOU CAN DO BEFORE YOU START YOUR HOMESTEAD | Start Homesteading Where You Are!
[2417] 60b9ZhY7868 → Garden Planting Schedule 2021
[2418] _UsNIrA3cm8 → Topping Cannabis: Boost Your Yield with This Technique!
[2419] g6Gy1Ty3Adk → Luffa harvest #fertigation #farming #luffaharvest
[2420] yYykyPxE-u8 → Crop Rotation and Better Farm Management Practices
[2421] gipJLSj7FGE → Top-Quality Electric Milking Machine for Cows Buffalo🐄
[2422] 1bQaPdY_CmI → Top 20 Best Profitable Farming Business Ideas
[2423] 7NTO5lPLmyw → Rural life is simple and peaceful 71 #rural #village #countryside #relaxing #simplelife #garden
[2424] MYAPvl2i4yE → Complete Farm Supply Store In Arizona | Triple L Feed & Supply
[2425] rf-andZAavQ → Farm Irrigation Systems: 5 Things You Should Know
[2426] Ou4EIle6Zg4 → Winter Is Coming | What we're planting now to eat in January
[2427] Y_feuSRbhis → Collecting Chicken Eggs
[2428] J_4gzHvE7ac → The TRUTH About ROOTING TOMATOES! Tomato Tips!
[2429] -2FreZB6qT4 → Rental Service Representative In Agricultural Machinery And Equipment : Careers Uncovered
[2430] u4ojKGjhRc8 → Planting crops with a machine: farmers planting crops with a machine in a field
[2431] rqWkutesJfs → Agrobiodiversity 🤨 #agriculture #agrobiodiversity #agri #viral
[2432] r98O-BoFMBM → Agricultural Implement Parts By Khoj Engineering Company Jaipur
[2433] 290Fbu7j-io → Farm Inspirational Quotes   Farming teaches Patience
[2434] DjpiGtRXAtE → 30 Perennial Crops to Plant Once & Eat Forever: Herbs Vegetables Brambles Berries Nuts & Fruits
[2435] EP0CkuoEAsA → How Much I Made Farming from Scratch (1st Year)
[2436] DAiGNqtMw2A → Precision Agriculture Techniques
[2437] YzuPknIWJ-M → Growing summer crops indoors.
[2438] PcCgg6zPal0 → "Master the Art of Growing Tomatoes in Your Small Garden: Ultimate Guide for Garden Champions!"
Error fetching metadata for video ID J-IREBNgJo4: Command '['yt-dlp', 'https://www.youtube.com/watch?v=J-IREBNgJo4', '--skip-download', '--print-json', '--cookies', 'cookies.txt']' returned non-zero exit status 1.
[2439] J-IREBNgJo4 → Unknown Title
[2440] 5DEmPJYvieo → University of Michigan Professor Joe Trumpey Shows How to Build a Straw-Bale Building
[2441] PhYRN_t4x5A → Good Agricultural Practices: What to Look for During Your on Farm Visit
[2442] NkSSgDwaU14 → Technology Fuels Agricultural Growth | The New Economy
[2443] nTDAb0UPduQ → The Agroscope Research Programme ‘Microbial Biodiversity’
[2444] kKlOxdF2eXU → Agricultura Sutentable_INIA Kampenaike
[2445] J-QvG6ciMfM → What? Regenerating Soil Health for Sustainable Agriculture! Strategies and Techniques
[2446] tIWmX-RLlSk → Chinese agricultural machinery manufacturers gear up to meet overseas demand
[2447] ianApRDflh0 → How to Plant Potatoes! 🥔🌿 // Garden Answer
[2448] ZClVJUGKyGM → The Farmington Berkshire - New Jersey Luxury Home Tour
[2449] AjefCrbtGJk → Automated seedling planter: revolutionizing small-scale farming
[2450] S-Ml2dpPFIM → MODERN AGRICULTURE MACHINES: Epic Things #epicvideos
[2451] _FZewFiw7IE → What is genetically modified food? - BBC What's New
[2452] BvW182w8mig → the inventor of the corn harvester is truly a genius
[2453] TpC1CE1XlGM → Employee Training: Johnson Tractor 2012 Dealership of the Year
[2454] LjyNtv5zc2c → Farmers benefit with sustainable agricultural practices
[2455] hb2G-vf-tTk → Farmyard and Horse Stable Diorama Scenery Sets with Animal Figurines
[2456] wbRn2SDTddE → Annuals Are My Jam: The Secrets to Profitable Flower Farming
[2457] 1866ZeRwQk4 → How Diverse Crops Can Save Our Planet
[2458] WioKnIO6zEw → 🤯Sprinkler irrigation setup!!👌🏻#farming #agriculture #short
[2459] P5oXHWcLa5k → John Deere 9630 axle bearing failure.
[2460] 3CRZ7B8sN6c → Air hostesses trying to close door 😅 #shorts
[2461] RcXvw_5AUcA → Sustainable entrepreneurship development through agritourism
[2462] RqNppYh-p78 → Individual Retirement Account (IRA) at Farmers Savings Bank
[2463] m6ChHEXsx2A → 🌾🌾A successss story in the field of ''Agriculture'' science 🌾🌾👀💞💞
[2464] WZoTFjaKsyM → Date seeds germination 🌴 grow date palm from seeds #dates #seedgermination #terracegarden
[2465] Tg8auSv4OQE → Herd Management for Dummies! Great One Grind  Guide for the Hunter Call Of The Wild Guide!
[2466] 2rVUd9YsGi4 → AGROTECH -  the International Fair of Agricultural Techniques
[2467] 86BdCwyVnXc → My Aquaponic Ecosystem Aquarium
[2468] OUiF6N3tG-s → Climbing and Picking Coconuts – Pure Farming Strength
[2469] SrBSRHAmmLo → The farmer used to collect the hens' eggs every morning but one egg missing 😭 #ai #hen #farmer
[2470] 20l63NLF4Q0 → 7 UNCONVECTIONAL WAYS TO IMPROVE YOUR SOIL - BEYOND USUAL AMENDMENTS
[2471] pM3jVOSgmKY → How to Increase Milk Supply. Tips for Breastfeeding mothers.
[2472] WJBHi6QEfVY → Monkey Mayhem: How U.S. Farmers and African Hunters Fight Back Against Chaos | Farming Documentary
[2473] hFiK2dUxGmI → Native Pig Farming Part 1 : Native Pigs in the Philippines | Agribusiness Philippines
[2474] 4RnmCsEJxR8 → dealers for all agriculture implements ..seed distributor /dealer supply wholesale & retails .
[2475] nTcFXJT0Fsc → Water Saving Tips and Tricks - Let's Save the Planet - The Environment for Kids
[2476] L0iWebn_Mq8 → Winter 2024 seasonal conditions | Managing crop pests
[2477] X11hW8SNVIU → Nampa Tractor Salvage 2/2 Massey Ferguson Ford John Deer Case Tractor Parts
[2478] c5pufrt3qDM → Expanding Farm Infrastructure - Burying Water and Electric Line
[2479] m2JBOXVsR4I → Top 20 Old-fashioned Tools for the Small Farm or Homestead - FHC Q & A
[2480] busgz138Wyo → 5 COMMON MISTAKES IN CACTUS CARE
[2481] VPPGUZlNv0A → Conservation Agriculture: Improving biodiversity in agricultural ecosystems
[2482] wrUzZXSL1Qk → 🌿 Urban Harvest | Balcony Garden Bounty - June Edition 🥬🍅🌞ബാൽക്കണി ഗാർഡൻ വിളവെടുപ്പ് #shorts
[2483] rjOaQREB9ps → Growing Vegetables in the Shade
[2484] 7T05G1x-srg → Toro SGR-13  stump grinder for sale at auction | bidding closes January 18 2022
[2485] hr_dj7p6_js → Rural Education for Agricultural Livelihood   (long version12 min)
[2486] RTzjGUcig8Y → Ministry of Agriculture partners with TTM on okra cultivation techniques
[2487] j-rKCWhMPNo → #funny #dangerous #divorce #backingup #farmlife #trailer #farmwife #fyp #foryou #ytshorts #fun #farm
[2488] ycj-B3F7xn4 → How to grow Giant Ceasar Lettuce
[2489] IsF9BXJMNfo → This Is Why Inoculating Beans Peas & Vetch Seed With Rhizobia Prior To Planting Is So Important
[2490] iPWLVm5QRKA → In-Depth Animal Husbandry Guide For Project Zomboid Build 42!
[2491] lCx7vNuAn0w → Daily Life Episode 29 Building a Farm  Starting a New Journey
[2492] jaf7MpywWfY → 60 Days of Gardyn 3.0 Hydroponic Towers
[2493] ZiT0qgfraUw → 15 Easy Ways to Grow Veggies And Fruits  Useful Gardening Tips by 5 Minute Recipes!# 138
[2494] -kJnP6SR4Kg → "Keeping Our Birds Cool! Fogger Installation at COUNTRY MAN FARMS"
[2495] onfAJyTESdI → What!!? You haven’t started an indoor herb garden yet? Grow all winter long like this! #gardening
[2496] nZTQIiJiFn4 → Our Beehive SWARMED! Too Much HONEY!
[2497] yJvinj5pdcg → The backup boys are starting to go into battle 974
[2498] hVvs6_Wx2HM → Collaborative robotic arm picking grapes - Start the Smart Orchard
[2499] BtpbpBk94zA → Used Agricultural Equipment for Sale Online with AMC Equipment
[2500] 0Tri600gC7E → Did You Know? - Farmland Preservation
[2501] KRT-_ZnYWKk → Can You Grow Corn In A Small Space????
[2502] bb8eLLSFCEc → Producción de inoculante Rhizobium para el cultivo de frijol #CulturAgroTV #INTA
[2503] Ex4K4jKH9uU → The growth process of peanuts #vegetablefarming #farming #agrifuture #agriparadise #organicfarming
[2504] 7MPQIMqLb4M → Grazing & Pasture Rotation with Troy Bishopp
[2505] y2aa2bBB9QA → Triple Threat AG: Boost Your Crop Yield!
[2506] sAodIgOwhqk → THE POLICY WITH LEAH FEATURING DR  YUSHA'U ALIYU
[2507] F4YYQPAP3BE → Agribusiness Management Course: What you need to know
[2508] MBcnaRmbANA → 35 Simple and Appropriate Agricultural Tools and Machines That Are Very Useful
[2509] UEIgW2saHEQ → How Vegetation Protects the Soil Against Erosion
[2510] 7g-L_SOo74g → Tractor Driver Thresher Simulator 2018 (by Gamers Hive) Android Gameplay [HD]
[2511] X6JkQB87cnc → Delta Talks #4: Farmer options for crops under saline conditions in the Mekong River Delta Vietnam
[2512] Zd79Sb4CIVk → Ingenious Japanese Farming: Rice on Roofs & Bamboo Pesticide Sprayers! 🌾🏠 #farming #facts
[2513] dtSzajgznfY → Sustainable soil management practices in the Kagera river basin
[2514] cRHVeaUCO88 → Agriculture - Related Research Topics for STEM and Agri-Fisheries Students - SHS Research - PR1 PR2
[2515] KtSfp7n5iOY → Clarkson's Farm: Your Favourite Moments 🚜❤️ #ClarksonsFarm
[2516] GfoCN9xUPp8 → CSA at Hen House: Jisa's Farmstead Cheese
[2517] Z9HAy9EYKKs → Different Types of irrigation systems in Agriculture | Drip Gun Sprinkler Center pivot irrigation
[2518] jyiXN4t_weA → Traditional grain processing methods
[2519] kvgGqocIdCE → Smart Farming - the Human Factor
[2520] vjNrzqrzhE8 → Fall - Winter Pruning Techniques Grape Farming #agriculture #farming
[2521] JnF6Bmfr5Is → Amazing technique of climbing coconut tree #agriculture #tendercoconut #howto #coconuttree #farming
[2522] RTK4VbWibdM → Best method for Growing Turmeric // Pro-Trey V/S Traditional Method//Turmeric Production Comparison
[2523] wAH1utQk0q8 → What Bulbs To Plant In Fall 🌷🌷🌷 || Lowes New Fall Planted Spring Bulbs || Zone 8 || Planting Bulbs
[2524] RJkViXmMn-s → Animal Husbandry - Introduction.
[2525] r3hUIHHOpH4 → Growing Cucumbers vertically ! Growing -Pruning - watering - Fertilizing Tips #greentgarden
[2526] yhcAOE2JOVs → What is Aquaponics and How Does it Work?
[2527] xoTd7ctj-e0 → Soil Basics: Soil Profiles
[2528] dX8oI5Pq4Jg → Plant These 8 Perennial Vegetables to Get a Harvest Each Year #shorts
[2529] oqPvjRB2r8s → Revolutionizing Eggplant Cultivation: The Plastic Pot Method
[2530] fO7kXR4PViw → Regional teletraining workshop on the seasonal agriculture &water abstraction service in NA 201512
[2531] r5G2zZQ1Ns4 → Organic Wheat Alfalfa and Covers are GROWING!
[2532] Mj3Dq3bFCik → Farm management finally made simple | BigFarmNet
[2533] goVlfGUR_Fg → AP Geo: Commercial vs Subsistence Farming
[2534] tbgXSeD0vp4 → FARM LIFE: Morning Mindfulness. Autumn on the farm. Feeding & checking as the sun comes up!
[2535] VA6wnnZcsig → Your Corn Will LOVE You For This: 4 Tips to Grow Corn Like A Pro!
[2536] MJ4bEiydgD4 → How to control weeds in wheat |weeds control in wheat
[2537] tI_Zes1zKwg → Sustainable Turmeric Farming
[2538] cxRfHMaiITg → Biodiversity and agriculture (with Dirk van Apeldoorn)
[2539] e5S-G74uiac → Principle 8 of Permaculture Design: Integrate don’t Segregate
[2540] 2cMlG_5J5v8 → Portable 48-volt lithium battery weeding loose soil ditching machine electric weeding ditching..👍
[2541] CVn3hjAoZoc → 🚜 Building the Ultimate Farm in FS18! | LIVE Farming Simulator 18 Gameplay 🌾
[2542] 7yCvJwFWBlU → Practical Advice and up-to-date Information on Agriculture Zones | Modern Farming | VU
[2543] CJvcg8v9NV8 → Modern Agricultural Machines #shortvideo #agriculturalmachinery
[2544] NemJRD8f05s → Agriculture & Rural Development | ARD | Current Affairs | 21st - 27th June |  NABARD Grade A 2025
[2545] UObMwKNM0Cg → Donald Farm & Lawn Fall Hay Equipment Sale
[2546] 4JrMccPvQ4c → 1st aeroponic Tower Farm located in Italy
[2547] WvypoXABiUk → Mangzhong(Grain in Ear) Summer Ritual | Fermenting Wild Herbs & Moments with Animals
[2548] JDK4fH2sMDE → Farm Fence Staplers! which is best? #powertools #milwaukee #dewalt #farming #shorts
[2549] DUo9qCLCXes → Life Hack #8 How To Use Iron For Cleaning - Cleaning Beeswax #lifehack #lifehacks #beekeeper
[2550] WhAfZhFxHTs → What is Precision Agriculture? What is the meaning of Precision Farming?
[2551] Bb6QM0xrDBE → Grow WAY More Cucumbers with these Tips! 🥒#howtogrowcucumbers #cucumbertips #growingcucumbers
[2552] 6AkzRWLkC5k → ANTIQUE Horse Drawn HAY MAKING Equipment at Work - Big Spring Farm  Lancaster County's AMISH LAND
[2553] 4hlLJsf2ODY → Grain Elevator Explosion
[2554] jYpbWMrj_ws → How Climate Change Impacts Agriculture and Farming Industry
[2555] 4xWYBGHeCYo → 🔥 Wheat Harvest with High-Tech Machines 2025
[2556] L7qGADzUwx8 → Seasons 19 Crop Rotation Planner How To
[2557] EwIOkOibTgM → Farm Animals Song - Animals Sounds Song - Walk Around the Farm - ELF Learning
[2558] DG0Z9WEvGDQ → The world has yet to realize this transformation- the ultimate JADAM Microbial Pesticide (JMP)
[2559] -KLev0zXHwc → Tips to grow eggplants with high yield #shorts #plantingtips
[2560] 4K5gzW3Qf6w → SKYOM City Lucknow | Awas Vikas Approved Plots Starting ₹4000/sq ft | Ayana Proptech #realestate
[2561] FN7WAoQCH6g → HDPE hay bale net wrap / wrap net / white Pallet Wrap
Error fetching metadata for video ID Od7PWcMJDtw: Command '['yt-dlp', 'https://www.youtube.com/watch?v=Od7PWcMJDtw', '--skip-download', '--print-json', '--cookies', 'cookies.txt']' returned non-zero exit status 1.
[2562] Od7PWcMJDtw → Unknown Title
[2563] cwz2euJgFwk → plowing the land with a mini tractor
[2564] Cmx4ZgiTkP8 → My Secret to the BEST Indoor Potting Soil! #shorts #plants #indoorplants
[2565] bpgoteMp36U → How Farmers Harvest Tons of Broccoli - Modern Agriculture Technology in Action
[2566] CqMo9jQGQfw → make easy and free organic liquid fertilizer from kitchen wastes #shorts
[2567] 5wkmOaVdDT4 → Proper Pesticide Use in Agriculture
[2568] TtEJ0X3KKfo → Traditional farming: farmers use water buffalo to transport harvested crops
[2569] MoAnFHHiPvY → 🌊 The Four-Pools Mystery 🕵️‍♂️✨
[2570] S-BfQGT_Cus → How I went from a 50 to a 30 series John Deere #farming #tractor #truck #hay #johndeere #agriculture
[2571] 2yq-3CwQTOE → Trump to offer temporary worker permit to address labor shortage in farming industry
[2572] jpi5ziCocY0 → Countryside Morning ☀️: Delicious Village Breakfast 🍳
[2573] d_wuM6hPnRU → colton might have some explaining to do… 😅 #farmerwantsawife
[2574] E6pjj2gVnWA → Water Scarcity - explained in a nutshell
[2575] __KlJrj-TcA → Farm work - Combine Harvester and Tractor They work hard | Fairy tale about Farmers - Bazylland
[2576] 7eQrkXVMpgk → Your Cucumber Plants Will DIE Every Time You Make This Mistake!
[2577] rRpk8FMMd20 → Resources for New and Beginning Farmers
[2578] v1kQdCvqx9M → Jackson's Irrigation Install | Kid Farmers
[2579] a5q4iG3-1ac → Edaphic Factors Affecting Agricultural production | Agricultural Science | SS2
[2580] 7zuHDu2Az6k → AYEKOO: Mixed Farming and Its Advantages
[2581] 4YyiojlzF54 → Mob Grazing Sandy Smart SD
[2582] rDLCpscgcJQ → Paving the Way for Sustainable Agricultural Innovations in Africa
[2583] VDYhuV_kjfg → Heirloom Seeds Why You Should Grow Them in Your Garden
Error fetching metadata for video ID PHDBnaASRkc: Command '['yt-dlp', 'https://www.youtube.com/watch?v=PHDBnaASRkc', '--skip-download', '--print-json', '--cookies', 'cookies.txt']' returned non-zero exit status 1.
[2584] PHDBnaASRkc → Unknown Title
[2585] hUmxWiac1NE → Quick Guide on Growing SERRANO PEPPER (Capsicum annuum): Planting & Care Tips!
[2586] WhY1sko-oq8 → Best Crop Farm
[2587] ZumttLOsLY0 → We're Growing Tobacco In The Garden!
[2588] iBmz1vo3S60 → Soil-Building Practices for Healthier Crops
[2589] kqFxX0W53sE → GUIDE TO TRACTOR PALLET FORKS.  WHAT SIZE PALLET FORKS? 🚜
[2590] 1YVS6Kicj_o → Strong Lady Catch This Fish For Her Family! Unbelievable Mullet Fishing method 💯 #shorts
[2591] EI-IEi80c5M → Managing Nutrients on Small Farms
[2592] oyDV-2mRmdc → Indian Agriculture: Journey from begging bowl to sustainable food security | UPSC PSC in Hindi
[2593] 4wIIw75Id7s → TD Jakes Sermons: Water the Seed
[2594] BfWyLXHK1yg → Common tractor maintenance checkpoints | John Deere Tips Notebook
[2595] 59Nay5D_MnU → Makin’ Hay Minute: Hay Management Practices
[2596] _u5S52Wgnf4 → An Ancient Gardening Method with Huge Yields!
[2597] KWJZNRQEMwk → This Hay Bale YEETER is Farm Goals! 😂 Work Smarter Not Harder! #farming #haybale #funny #gadget
[2598] Z7bAnZZctx4 → How Much Does It Cost To Run A Farm? | FoodUnfolded Explains
[2599] 4os65JXsj2s → Building a Sustainable Goat Farm Ecosystem #sustainablefarming #goatfarming #sustainableagriculture
[2600] 4UlBr9fRXLQ → 🔵 Implement - Implement Meaning - Implemented Examples - Implement in a Sentence
[2601] TjiiM7ovWwg → Farm Infrastructure | Resilient Agricultural | Robust System and Infrastructure | FarmLife Uncovered
[2602] 9kRtLnbjV1c → Dairy management practices at Kamate Dairy Farm!
[2603] fkfwDmSFSHM → Fighting for Farmers: A Call to Action for Change
[2604] EDjLUG8W6no → Every farmer can detect cow disease with the Cowbit app
[2605] 9e8nu7cRJJY → The benefits of using compost in commercial farming
[2606] Fy0Q460fwpc → FARM TENANT TENANT FARMER OR AGRICULTURAL TENANT | RIGHTS UNDER AGRARIAN REFORM & TENANCY LAWS
[2607] tHL7uo587Dw → Nepal Today [Episode_71]
[2608] 0OnXenA98kE → Corn Harvesting - Good Tools and Machinery Make the Job Easy
[2609] Jice5NFZB3A → EPISODE 108: TRADITIONAL FARMING METHODS FOR CROP ROTATION
[2610] bGIb9LJfAvM → Minecraft - Automatic Wheat Farm Tutorial
[2611] bL6DStDRcUI → Homegrown oatmeal!
[2612] fcHPYkOY3qw → Agriculture Tool Machine Tractor Harvester Excavator & Farm Ideas - Agri Gears
[2613] clU0e2aJET0 → Profiles In Soil Health: "Enhancing Soil Systems Utilizing Grazing Practices" With Steve Reimer
[2614] A7gEz7uX2gA → Modern Day Tools For Vegetable Growers - Organic Solutions
[2615] ZXVHcBw5dxg → Regenerative Agriculture: The Key to Sustainable Food and a Healthy Planet
[2616] asQoiDQBg70 → Melbourne Christmas Tree Farm
[2617] rxrRfffOLis → Precision Agriculture #precisionagriculture #agriculture #farming #shorts
[2618] NWRsIAJlPrQ → Digitizing Certifications for Sustainable Farming
[2619] ItU2kmpxFeo → DIY Compost Worm Farm Bucket - Turn Your Food Waste into Fertilizer!
[2620] mhejiRMAnG4 → Drought in the United States
[2621] nrbJl3R4YJU → GCSE Biology Revision "Modern Farming Methods" (Triple)
[2622] DRyIJEfTFRI → Farm auction! Tractors trucks and tons of agriculture equipment!
[2623] xkzkrlBrovc → Sprinkler System Install - Overview
[2624] d7Xq-F_crUo → Filling Our Birdies Raised Garden Bed + Planting a Honeyberry Bush | Easy Backyard Gardening Tips
[2625] gXAc-nMgksg → How to set up drip line
[2626] 7j2d1gDax08 → How to Grow Dates at Home | creative explained
[2627] pi-YmaM11vM → Increasing Smallholder Farmers’ Productivity
[2628] nlF9ruV_Ihs → Shiro Plum 🍑🌿 My First Fruit & How You Can Grow One Too #shorts
[2629] CyS6cJ78leA → Urban Farms!
[2630] XnjgeFdJ9Gk → MODERN AGRICULTURAL MACHINES THAT ARE ON ANOTHER LEVEL
[2631] X4a8LuS_4ZM → Farmer activities # During the rice harvest season (biodiversity and nature)
[2632] G10TaIvf7So → Good agricultural practice | Wikipedia audio article
[2633] YWK8yUVc5yk → K-Rain Indexing Valves
[2634] VhSE60AJyvE → "Windmill vs Solar Energy: Which is the Best for Your Home in 2023?"
[2635] lqut7gpptBo → ENDLICH auf der FARM ARBEITEN! || LS25
[2636] z3U2gchjnH0 → 4 baby goats up for sale at the livestock auction. #auctions #livestockauction #goats
[2637] WmrzzR5qKOs → Happy Harvests part 1
[2638] bgXH3T9F05w → Creating a Farm Friendly to Biodiversity and Produce Safety Video
[2639] IiDU_d1Nn08 → Kalrav Farm Designed By VPA Landscape by Jinal Patel  #landscape
[2640] Y_2iPVkbFfg → Soil Health Management #sciencefather #soilregeneration #healthyplants
[2641] iOHsGFdabR4 → Horse farm hay management
[2642] ob8QGtbZVYI → what a beautiful cow 🐮🐄.Cows 🐄 are still used for ploughing in farming 🚜🌽 | Zoo Paradise
[2643] jgTzTq5on0M → "Paddy husk = luxury flooring for our VIPs 🐓Soft beds safe eggs happy birds!
[2644] AtOuQUPXBO0 → Crop rotation at sustainable farm in the Valley
[2645] _Jz5W5IuOjI → 10 Wild Edible Greens to Harvest- Foraging Plants
[2646] m3V0yGpcgnM → Morning Farm Chores with HISEA Boots
[2647] ZrKmafJdvzo → EFFICIENT MANUAL HAY BALER IN KENYA. 0700007552
[2648] 8oytvsKKSJg → 5 Easy Ways To Build Soil Health For FREE 😱 🆓
[2649] eRtpRlCGDUA → Integrated  Fish Farming Models: Alternative Livelihood For Rural People
[2650] VhmcP-ydDEI → The Essential Guide to Self-Sufficiency: Cultivating Your Survival Garden"**
[2651] m8RRXloisLk → Golden Queen Mango: Celebrating Joyful Retirement Moments and Pastime Adventures!
[2652] VkghLSX4Oac → Grazing Management Principles Online Course - Dr Judi Earl & Smartsoil
[2653] It9SgQ0-TAo → Discover A NEW Superfood – How Do YOU Lentil?
[2654] VDnOEeaywbA → Quantifying the Economic Impacts of Soil Health Practices on Tree Crops
[2655] VdhrQYdz4rM → Harvest & count a Turing's sunflower
[2656] vBdXfiNXu7I → How to Mount and Dismount a Horse (Like a Professional)
[2657] MlEfqWzehek → Lansu is  one-stop purchasing services for agricultural machinery products
[2658] fSEtiixgRJI → What is Regenerative Agriculture?
[2659] PFj6Be9LKBY → Checking in on the Chickens in their New Coop
[2660] KK2_OIS0H00 → Agricultural Innovations in Africa
[2661] Corf4YVpJac → Agricultural Intensification in Africa: Implications for the Environment and Livelihoods
[2662] V2Me5YtMWgo → Defining a Company Culture: 2012 Rural Lifestyle Dealer of the Year (Mid-State Equipment)
[2663] KFyo8ugu_iY → Pigs and Piglets Living Together #farming #epicmamachinery #cow
[2664] mee8inB-ijg → Mini Farm Use Corn Silage Packing Machine Square Hay Baler Wrapper Machine Silage Hay Round Baler
[2665] e0TyEZd6NZ0 → Farming in India | Planting and Harvesting | Agricultural Activities India
[2666] xiNgTm5wkmE → She’s so funny 💀🥎 #softball #10u #swing #shorts
[2667] J-PA8SA9mCo → Intelligent technology drives agricultural modernization in China
[2668] J2qmd6OOQ4c → Jarvis Farm Equipment | NEW LOCATION in Teague Texas
[2669] d28_8wt4nIw → Horsch agro autobot #agriculturemachinery #agrotechnology
[2670] tsMC_HbKGso → Polycrop and Crop rotation: A story of success_SAL_Warangal_SERP_Telangana
[2671] BRZp9Heepuk → Sugarcane peeling machine
[2672] Kxw6kgNXgho → WHAT RPM TO RUN YOUR TRACTOR? IT’S COMPLICATED
[2673] CDFcmamgYcs → Are you wanting to get into farming？ #farming
[2674] rTcU-z6nrYg → Soiled Undies for Soil Science #scienceshorts  #shorts
[2675] fU5Any8tBrE → Buy your farmland and built a beautiful home.#farmhouse #green #agriculture #agricultureland #farms
[2676] dTmKOr5KuTU → When To Start Seeds Indoors |Planting Calendar For Your Growing Zone|
[2677] A2z2yRxE-oE → Plots for Sale Near NH16 | Kavali to Nellore | From ₹12 Lakhs#shorts #short #sale  #home #yt #house
[2678] J1qyjqgfiwk → All-in-One Poultry Feeder and Drinker | Wet & Dry Feeding Trough for Ducks Geese & Chickens
[2679] ChVI5vq-WJE → How to grow vegetables indoors without soil - Get started!
[2680] rE9_0LJsCKc → Perfect Drip System for Your Garden? - CARPATHEN Drip Irrigation System Review!
[2681] dvtJanQFrNg → Mass Harvesting And Processing Of Agricultural Products In 2023 - Farming Documentary
[2682] KscodvJP_Lo → Accounting & Bookkeeping for Farmers
[2683] vNFbEN8kHWU → Blockchain in Agriculture
[2684] IyOeT3CnaMI → Starting a small acreage Christmas tree farm.  Things to consider before planting.
[2685] qqVkV0dMEzU → King of Crops
[2686] bw7H0Ai2zIM → Farmer’s Philosophy of Life #shorts  #life
[2687] 7UbVeAognuI → High-Profit Crops EXPOSED for Small-Scale Farmers
[2688] 13CdZTEaeKE → Grain Farming 101: Grain Marketing
[2689] IlDtx9noTSk → The land beneath: Confronting challenges to secure rights land restoration and livelihoods
[2690] 2ZwWzyDs2dA → Harvesting a bountiful green bean crop - The workers do their job perfectly || #machine #shorts
[2691] hUyWBvmoch0 → Daily routine as a farmer #farmer
[2692] Ksht7I1014s → Top 5 Fruit Harvesting Machines: The Future of Fruit Harvesting
[2693] LkrhuDzexBA → Soil Health Stewards: Soil Health: Principles Practices & Barriers
[2694] 4AFVrQKHB9E → Forage Crops as Cover Crops
[2695] lXL9Lt0_2yc → NEW YORK Land for Sale • 300 Acres for $345000
[2696] bi2xeMQsGQ4 → Environmental and Economic Benefits of Sustainable Agriculture
Error fetching metadata for video ID EfDUbQBwOX8: Command '['yt-dlp', 'https://www.youtube.com/watch?v=EfDUbQBwOX8', '--skip-download', '--print-json', '--cookies', 'cookies.txt']' returned non-zero exit status 1.
[2697] EfDUbQBwOX8 → Unknown Title
[2698] XuE0MFVnvnc → Rooting agent is simple and easy to make
[2699] XPpRrTlYQjA → Simple and Effective Weeding Tools
[2700] Zrhp75szwlI → Machinery Leasing
[2701] etOAFaz7W2M → Haying Equipment Part 2
[2702] phrzOoTANSE → A Regular Day with Endless Tasks on the Farm
[2703] 032XK1bMS8E → Farm Life | Land Preparation | Plowing of Soil
[2704] zFtynhSMnXY → Mechanical Cherry Harvesting: How Farmers Collect and Process Tons of Cherries  |Farming Documentary
[2705] cQ440JufjUI → How Does Predictive Analytics Help With Soil Management In Agriculture? - The World of Agriculture
[2706] TverEFmJJN8 → Introduction to TABASCO PEPPER: Plant Profile! (Capsicum frutescens)
[2707] ywBV6M7VOFU → Everything About Grain Bins (Farmers are Geniuses) - Smarter Every Day 218
[2708] 4akwKvlLfQQ → The Secret to Weed-Free Gravel Garden Pathways
[2709] W-daJxfe4As → What Is Pollination? | POLLINATION | The Dr Binocs Show | Peekaboo Kidz
[2710] YNSv9zaCdsQ → Agricultural Revolution Explained | Daily Bellringer
[2711] xrOlNiamLl0 → How to increase productivity in agriculture| Farm productivity| Farming Tips
[2712] hXVmie2AMr0 → Choosing the right Tractor for your Small farm or Property
[2713] QfzCeMXB1ec → Intro to Farm Animal Welfare Certifications
[2714] bW_VWZf3oJk → 'Tis the season! #hay #crop #farming #hayfield
[2715] pWioPb9ovpo → How to Plant Blueberries at Home for AMAZING Results!
[2716] 77Dy4ZLHTC8 → Ministry of Agriculture holds Mid-Year Review
[2717] iNX0mRnfs9o → How To Plant Stunning Hayrack Planters
[2718] KxW8O6lXLvU → Crop Rotation in the Home Garden #gardentips #gardening #croprotation
[2719] RvOh0XoZGq8 → Farming Equipment And Animal Feeds - Ace Farm Supplies
[2720] WxUSZdVVwhs → Corn planting is a significant agricultural activity in the Philippines. #filipinofarmers #croplife
[2721] mhxIgMGha1M → What are the best organic farming practices for paddy? #OrganicFarming #PaddyFarming #BiowellOrganic
[2722] m5Qusf5L5Ik → How Amish Grow Millions Of Crops Without Fancy Equipment
[2723] q02g_OKTByM → How seed breeding works
[2724] q2m91ZMehDs → Agriculture - Pest and Disease Management
[2725] X7SCBEKD0iI → Sunflower Harvesting Machine - How to harvest and processing sunflower seeds
[2726] 9ggrITWSjWw → No-Till Foodplotting:  Grain Drill Planter or No Till Drill?  Which is right for you?
[2727] QQtFeE_mLLw → Make your own natural liquid nutrients for hydroponics #gardening #gardening101 #gardenhacks
[2728] rPNKu_XV8Rs → How Photosynthetic Bacteria Improve Soil Nutrients | Cation Exchange Capacity Explained"
[2729] dCN0LNO3b4I → Home Garden Vegetable Cultivation Techniques
[2730] RrgC9lj_OJQ → Small Grains for Organic Crop Rotations
[2731] Z_OXuCt_3iU → Ingenious farm tool attachment: tractor modification
[2732] w2G9HCFl9hU → "Sweet Raspberry Harvest: Stunning Agricultural Moments in June & July!"
[2733] s6-KnfcZ_ow → What is Community Supported Agriculture (CSA)? – Fit to Eat
[2734] 4Ovun19El74 → My Favorite Planty (Plant Inspired) Book Haul from 2020 // Botanically Inspired Book Recommendations
[2735] vOT2yyV2Xz8 → Top view of women's hands in gloves growing flowers planting seeds in soil working together
[2736] lFEEnkbZ-XI → Project Ianos Ep 1.08: Growing Crops in Space
[2737] dV64tyJ4eaI → 13. IRRI Agronomy Challenge: Chemical Reactions in Flooded Soils (21 February 2012)
[2738] qORAI3T0P6M → Sustainable Farming Practices Prepares Maassen Dairy for the Future
[2739] xKjy_aDwSrc → Real Life In An Azerbaijani Village! The Best Videos Of Life In The Village In 2023!
[2740] Zi7tvUUaKsk → Hits and Misses!
[2741] x1sKWyUwvIc → 592 Acres of TEXAS Farm Land for Sale • LANDIO
[2742] 9Vfn3NtCStM → farm irrigation systemsfarm irrigation equipmentfarm irrigation machinewatering farm field
[2743] QnNVX7ViOZU → Feeding 1.4 Billion: Inside China's largest dairy farm
[2744] 669lBcCBEOE → Alimenti e agricoltura sostenibile   scala mercalli del 19 3 2016
[2745] N9E18Wotp30 → What Are the Benefits of Crop Rotation in Sustainable Agriculture? - Ecosystem Essentials
[2746] 9UUGQy922fM → What Crops Are Affected By Climate Change? - Ecosystem Essentials
[2747] InAFqRLLZgY → From Homestead to Small Farm Raising 150 Chickens For Dinner
[2748] GCKgkvsUR3Y → Basic Agricultural Farming methods #agriculture #techniques #viralvideo #shorts
[2749] asFkPnEOsyQ → Optimize Shrimp Farm Water Quality with RYNAN Smart Aquaculture
[2750] 6-nms4G00k8 → Tomato Cage Made Easy: Cheap Efficient and Recyclable Technique
[2751] ClnnLI1SClA → What Is YIELD FARMING? DEFI Explained (Compound Balancer Curve Synthetix Ren)
[2752] SAfXHF9LkeY → The Most Epic Drone Farm Tour | by Farmer Brad
[2753] AX8uV9QXzTE → Gestation Crates Vs Gestation Pens slide show
[2754] KlFtAMPHZqs → Equipment for Rent
[2755] WHN909-7UaY → Watch Chris from Hillside Farmers Plant Bell Peppers with a Walk Behind Tractor!
[2756] toCl1Jl4rBY → NO MAN'S LAND MADNESS | FS22 Hay & Silage | EP2 #farming #gaming #fs22 #fs25 #farmingsimulator22
[2757] xC0rMe_JKiA → Motivational Agriculture Mechanical Harvesting Equipment #motivationalvideo #quotes #farmers
[2758] kRLANoPbs1o → Planting Corn Squash and Beans Using The Three Sisters Method
[2759] zb8NG1vvt8U → Classification of crops based on their life cycle
[2760] EBrc7dK00PM → What Is Subsistence Farming? - Anthropology Insights
[2761] 0Z23Z8YqD5E → The Rise of AgroBots || Farm Modernization || Future Agricultural Technology || Sustainable Farming
[2762] ctuXAF6DoEM → PRECISION Agriculture Technology : How it Works and its Benefits for Farmers in 21st Century
[2763] LDO5kR4BZbg → A SOLID FLOW is key to a grain bin 😉🌾
[2764] KBbfQ0_gZow → Farm machinery on throw away river bank - Repair and Restoration of Abandoned Machinery. GENIUS GIRL
[2765] q9rb-miX_Vk → Properly store and cook perishable foods to protect against harmful bacteria
[2766] MEOLY9D5n2k → How to Grow Squash Vertically...EVEN ZUCCHINI! Small Space Gardening.
[2767] Mkdplm507wA → Agritourism Ideas & Business Plan: Unveiling Profitable Ventures in Agro Tourism!
[2768] f3kuTkyTQiY → Tomato Seedling Potting: How to Repot for Thriving Growth!
[2769] DkPuNBe9GBM → Effects of Agricultural practices on the ecosystem
[2770] 0CX-EqUPPUA → Top 100 Dairy Farmer Interview Questions and Answers for 2025
[2771] Ydv_uu13JRw → 🚁 🚜  Rake & Bale with 1 Tractor⁉️🌾
[2772] -hnjLZjeWHw → Modern Agriculture Technology: Dates Palm Harvesting - Using Shaking Machines for Efficient Farming
[2773] tmtTZIcOIHk → Hay Farming Essentials: A Comprehensive Guide to Growing Hay
[2774] tUppvuwrKe4 → Farming for beginners: a simple guide to growing peanuts
[2775] PpVqQ5j2Jwk → How Technology Is Helping Farmers Improve Productivity?
[2776] ZRr7XCjemyM → Top 5 outdoor hanging plants
[2777] N2K1IcHQsB4 → Explore Sustainable Farming Practices #farming #ranching #pasture
[2778] uP0NgpyboHM → How To Make Automatic Irrigation System For Herb Garden | Smart Gardening
[2779] rsJAsfAxhYo → 🔥*REAL* ALL TRUCK PARTS LOCATIONS IN DRIVING EMPIRE BUILD A TRUCK EVENT (CHEVROLET SILVERADO EVENT)
[2780] Jl2Ma_heuLA → Family Growing 90% of Their Food on an Impressive Permaculture Homestead
[2781] srH7DPWS8cc → I Tried The Weirdest Green Onion Harvest Techniques
[2782] H7Nf9902-TM → Farm Life Hack for Each and Every! #farming
[2783] 0oLDxPD8Lmc → How Abdul Transformed His Fields with Sustainable Farming | Krishi Jyoti Success Story 🌱🚜
[2784] J_BvUsCsQ5I → AGRARIAN SOCIETY - meaning  definition  characteristics
[2785] DxzL6CSktjk → PLANTING PEANUTS SPRING 2020
[2786] rstUbflFTuE → Adapting Farming Practices To The Regional Environment | Resilient Farms in Germany
[2787] iOoph66CjxA → Farm Basics-Rhizobia Bacteria #629 (From Ag PhD Show #629 4/25/10)
[2788] JhfU-1znjAY → List of Crops Producing States in India / Top Crop Producing States / list of crops in India #shorts
[2789] 9L0nz78Cf4E → Yield Improvement Techniques in Sugarcane.
[2790] gZoMSmUtsu4 → How Ancient Farmers Worked the Fields • Spotlight • Harvesting Grains
[2791] vmt4aYelzBk → What Does It Cost To Grow Row Crops??? 2022 Version
[2792] voUTQmj2bSo → Homemade automatic irrigation system
[2793] iedE1-hs2Po → Viral agriculture robot #robot #agriculture #shorts
[2794] VLzRiDxXEPA → American Society of Agronomy - Regrow (FluroSat+ Dagan) - Sustainability Watch Webinar
[2795] 8I_fxgHRorE → Rental Equipment | Lumberton TX - Beaumont Tractor Company
[2796] 28TeG1tm2MU → Stump Grind w/ the Green Climber "LV600" -  stump grinders in action
[2797] HLacQc-vx1s → Amazing Agricultural Machinery #agriculture #farmlife #agriculturemachines
[2798] nO-XbGhsom8 → Drops of Hope documentary
[2799] MJl4__2aZ64 → Tractor Repair 🚜 #tractorrepair  #tractor #agriculture #farming #shorts
[2800] fpTEjkDrHGc → Ethiopia's Agricultural Transformation
[2801] k5_8ucaTIUA → Where to buy grains for home milling
[2802] b_hR3ZarRjc → 🚜 A Day in the Life of a Farmer – Is Livestock Farming Really Easy?
[2803] arajrxE-2W4 → Buy or lease farm equipment  Which option is right for you_trimmed
[2804] Luvg06qMdSk → I NEED this to work y’all 😅 #funny #help #farmlife
[2805] WlZhLQY8drU → Agriculture form 1 crop production 1  land preaparation lesson 24
[2806] 2brOwfWSOEE → A day in farmer's life
[2807] lUP7s9P_fjE → AGventure Awaits - Walking in High Cotton
[2808] REPpwnx0EKM → you are farming wrong
[2809] 5x0EcMMwaSQ → FARM FRESH @UPM SERDANG 🇲🇾 [4K]
[2810] qln2cK7V4f4 → Hệ thống phun thuốc công nghệ cao #shorts
[2811] cj90Wpoz42c → How to Make Seed Starting & Potting Up Mixes on a Budget: Materials Mix Ratios My Formula
[2812] H2682kLDFJM → Three small  essential garden tools #tools #garden #gardening
[2813] rmrfia4N1xA → The Soldiers' Hill Angus Farm Hay Feeder and Storage Program: Fence Feeder (4 of 4)
[2814] KWfDoc-g6GI → Agricultural Biodiversity
[2815] 14OIYdMNHS4 → MIND-BLOWING $50M Agriculture Business Ideas You Never Knew Existed
[2816] GmFEji2qYQg → "Smart Gardening Tools Every Home Gardener Needs 🌿🛠️" || WORTHY TOOLS FOR BUY ||  #amazonfinds
[2817] CkqPQP-qzZs → Why rent 3 machines? This AI-Assisted tiller does it ALL🔥#machine #agriculture #weiyan #farms #fyp
[2818] 4MMOJVCQn0I → Growing your own herbs is easily one of the best garden investments with high return
[2819] 6IsoTmo4vSs → Philosophy on Being Prepared with Used Inventory: Kennedy Implement 2012 Dealership of the Year
[2820] HRlh7Xm3P7o → Eurobale Premium Forage and Haylage - Products
[2821] 2p0-xmxnx6E → How to harvest and processing sunflower seeds | Agriculture Technology
[2822] Lb56F3oNsSw → 5000+ Livestock Machines Revolutionizing U.S. Farming | Agriculture Technology
[2823] yHVn52b1mn4 → GSR & SONS NURSERY GARDEN  KIRUSHNAKIRI | Nursery plant cultivation | Village thamizha village
[2824] Es0r4q6qi2w → Haley and Hanna Cavinder on TikTok
[2825] 9U3VHd2gBDo → How to Start A Solar Farm
[2826] bLUr3y3mKrQ → Hay bales storage and several problems
[2827] iOzh8WNbuCs → Cows Are Return Home in monsoon. No Copyright Stock Footages
[2828] -i5tUh04haw → Agricultural Production Regions! AP Human Geography (Advanced Placement)
[2829] pdsRFjEDvc4 → Terry Wallace Singing "Harvest Time"
[2830] laB2sUqRq2c → knowing the numbers: a simple system for tracking small farm profitability
[2831] rEty0ctRs64 → Cataloging and Evaluating Dairy Manure Treatment Technologies
[2832] nf95ib3NGi0 → Indofarm tractor in action - 4
[2833] L6n5TJR4kEg → Tunnels to tables: a new way to grow vegetables
[2834] 0z0iuUH3rk0 → SW Hire Tractor and Telehandler range
[2835] YDPUtd6BPt8 → LIST OF APPROVED PESTICIDES FOR ORGANIC VEGETABLE GARDENING
[2836] OcdbLC_EADM → Electric lawn mower Electric weed trimmer #agriculturetools #farming #agriculturalimplements
[2837] MiPsXvkY3MU → Perennial Grains - Behind the Scenes
[2838] a33Zp81B0sw → Manual Harvesting by Chinese Farmers #shorts #chinesefarms  #manualhandling #agriculture
[2839] F6JULyoeT2U → We work our animals at least once a year. It’s imperative they receive a de-wormer. #farming #health
[2840] dmnBrbg3fvQ → HOW I GOT $50000 IN GRANTS TO FUND MY BACKYARD FARM!
[2841] GnUK09L8Flc → 7 major benefits of practicing mixed farming
[2842] K_wkWEuZ2a0 → TINY TRACTOR TINY FARM: JOHN DEERE 1025R IS KILLIN' IT! 😎🚜
[2843] cMQH6i_9Evw → 🏝️contour Farming 🏝️
[2844] 6N4Ow4RFR-Q → Steep sloped yard container gardening tips and tricks to combat erosion. Dirt Locker hillside garden
[2845] zFtMamMUAVw → Farm Animals for Kids | Learn all about these fun animals!
[2846] pjkrFyeaOmE → How Does Crop Rotation Contribute to Organic Farming? - Ecosystem Essentials
[2847] 7OXe25tNWhk → Easy Garden Irrigation System | RainPoint Automated Water Timer
[2848] MGAbQjP9Peg → Planting seeds directly into gravel. Sugar snap peas in constant flood | Home Aquaponics
[2849] BrwIPcL76sA → The Future of Agriculture: Meet the Rice Harvesting Robot! #farming #agriculture
[2850] _DOFRQZb7vk → What kind of chicken should I raise?
[2851] nSnKVia0pmU → Farmland Preservation: Ag Security Area
[2852] VSYgDssQUtA → Bee extinction: Why we're saving the wrong bees
[2853] fYf2_d2smgY → Efficient corn harvest techniques- Good tools and machinery can increase work efficiency
[2854] -V_5WU3hSrg → Basic Gardening Tips For Beginners   32 Tutorial Videos Compilation
[2855] iBSq0R1J5Lg → Harvesting carrots is always a surprise...
[2856] 9V_2tO04ufQ → Our Morning Farm Routine With Horses Goats And Other Animals
[2857] XGPxTqMYfNE → Fighting Drought With an Ancient Practice: Harvesting the Rain | Retro Report
[2858] k5Qld3ZSfYI → Modern farming practices have significantly reduced soil erosion.
[2859] LKRrQ-r7A1Y → artificial insemination:#cattle
[2860] W72LXKPjvK8 → Cultivating Understanding: The Meaning of "Cultivate the Soil"
[2861] GWi8E5SyaBk → Soaking up water conservation techniques
[2862] B8QRIlDWrv0 → Gregoire G8.270 and GL8.6 with EASYClean Mechanically Harvesting Wine Grapes
[2863] sFGr9K9AlJY → What is Traditional Agriculture?
[2864] 4zdFVA9rb0Q → #usa #cityofthefuture #urbanfuture #usa #ai #computer #computers
[2865] MSCwWgbleGg → Water Hack Boosts Yields! 💦🌱
[2866] XE6Q7lPV9O0 → Holding Onto A Great Company Culture: Johnson Tractor 2012 Dealership of the Year
[2867] ucNsbAP0Nqc → The Agrarian Life
[2868] 3Xm6hgBBRZY → American John Deere Tractor Reaper Machine #project
[2869] nKIgff84n3Y → kohl FAQ bedding patterns in beef barns
[2870] IGtZk7HyZto → Split Nitrogen Tar Spot Pressure & 1st-Gen Grit in Kansas | AgXplore Roadshow w/ Jenna Stonehocker
[2871] 9oVSHkDLR2I → Module 3 | Profitable Small-Scale Farming: Essential Tools and Techniques
[2872] Z2-8Nz3IOxs → Nepal Today [Episode_69]
[2873] TqfZfDzIe_0 → 4 Ways to Grow Strawberries & the Key to Growing a Lot
[2874] 9eD6q7X8QpE → sustainable land management practices in agriculture
[2875] Sap0CeIeBu0 → Natural Pest Control Methods for the Garden - Keep Bugs From Ruining Your Harvest Without Pesticides
[2876] 1M8kcAD5sCU → Herbicide Resistant Pigweed 1: Identification
[2877] foK_0b1ohDA → Will Robert F. Kennedy’s Misguided Activism Set Back 70 Years Of Agricultural Innovation?
[2878] BeEOdHjejCA → Gestation Crate
[2879] kWFq5EfTr7U → New Path to Prosperity – A Film on Agricultural Waste Management
[2880] YkgypZndmH4 → Agricultura Sustentável.
[2881] g-dOMHevrpE → Nios 12th history 315 important questions answer | history 315 previous year solved question paper
[2882] XnqrMnNfupM → OGH - Installing Off Grid Submersible Solar Water Pump for our Developed Spring
[2883] ARwB7xb--sQ → How to Plant Flowers | Lawn & Garden Care
[2884] 0Qf08H4D1kw → How Does Rice Farming Affect Climate Change? - Ecosystem Essentials
[2885] NMAXZexx9cE → Important Message from Agricultural Activities.
[2886] nO67jvhXDhM → Make money with Beef Cattle.
[2887] fzU91-_lmVs → agrarian culture; The traditional art of the old cow ploughing the field
[2888] jzRBiNEdZB0 → AmChamGR - 10th Agrotechnology Conference
[2889] Qs3EF4w6VTU → Man farming under an umbrella:  unique agricultural scene
[2890] mxMntaB8xLU → the biggest advantages of vertical farming soilless crops - Agriculture Technology🍚
[2891] V0mu0ZVnWfk → Fundamentals of Agricultural Extension
[2892] nrz3WM3x_HA → How Does a Plant Grow? (Lifecycle of Plant) | Miss Molly Sing Along Songs | The ALPHABET Kids
[2893] mUYmb3ihK60 → What Are The Challenges Of Implementing Contour Farming? - The Plant Enthusiast
[2894] 7zmjI9VRojA → Doing Some Veterinary Work and Other Friday - Saturday and Sunday Farm Activities!
[2895] ysKFLtixxlc → 9 Survival Gardening Crops to Grow in a Post Apocalyptic World
[2896] 1YSbxtaE4cA → 6 Tips for Backyard Permaculture
[2897] taad0NASUeM → Living in Rural Ireland: 10 Things I've Learned After 3 Years
[2898] Q4VVErmvqjs → Increased immunity in weeds may threaten U.S. crops
[2899] QFzsHztFdY8 → What's New @ Quality Tractor Parts | qtponline.com #tractor #tractorparts #agriculture #farming
[2900] gdpDkLRzVzc → Glory's Farm 🐠| Hardworking Lady #FishFarming #AfricanWoman #Empowerment #Agriculture #HardWorkPays
[2901] YwAAI-KhZ_g → Trimble Ag Software Launches New ‘Farmer Fit’ Software Tool
[2902] mAYvTbFv1uU → Clean it Up! #farming #farm #equipmentrental #farmlife #homestead #shorts
[2903] Rdkcs3WXfr8 → There is no surprise and no prosperity. Turning the vegetable garden into a flower garden.
[2904] b3waibCUoKo → 10 Vegetables You Should ALWAYS Grow
[2905] xO5a7Zpg3Ik → Mud Cows & Corn : This Farm Wife Farm Life
[2906] RwxX4i0zF38 → Grow Your Own Fertilizer - Fall Planting Green Manure Cover Crops In The Home Garden
[2907] 9YEihHqMRvE → How to: APPLYING NATURAL FARM INPUTS
[2908] 4Ay20c1SKB4 → Preserving the harvest: storing root vegetables after digging
[2909] CSHJUN9DByk → Nuseed U.S. & Canada - Tips for a Smooth Sunflower Harvest (Aug '21)
[2910] Jx8bs_y7tAo → Traditional Farming Practices With Advanced Technology
[2911] ve9UvI3Tqe8 → Agritourism Activities
[2912] OlcmYOnSHdw → Two ways to cut hay. #farming #agriculture #hay #shorts #field #work
[2913] mtgFgMhpxd0 → Online Auction ends 10/27/19 - Farm Equipment For Sale - Tractors Balers Hay and More
[2914] OBwGyIW8uGA → Harvesting Machines Compilation
[2915] FM2T_2cB590 → 6 Gardening Tips and Trick for Beginners
[2916] toFAn5oDj-c → Two Weasels Mating | Discover Wildlife | Robert E Fuller
[2917] pD6RDuRMDv4 → May Garden Prep Guide: Essential Tips for Preparing Your Garden for Planting
[2918] y5nTL4OrF30 → There are at least two liquidated 401Ks and IRAs in Blackbird
[2919] mKvpJTRoH2M → FROM FARM TO MARKET: SELLING PRODUCE WITH A MOBILE MARKET TRAILER
[2920] QCpywJUYUmI → How Does Vertical Farm Technology Work?
[2921] iDdkwQbuFUI → Plowing with John Deere
[2922] 9tYlg7BTAAo → Homecoming: Farm Life Reflections
[2923] rgs-HTGJSc0 → KAIRALI AGRICULTURE MSCS LTD.
[2924] eZTNTDzYrok → Remote Sensing and Cropping Practices: A Review | RTCL.TV
[2925] TTNUOQS6jds → caution with cover crops as dry hay.
[2926] J8POnpM5IUc → Sustainable farming techniques and farm size for rice smallholders in the Vietnamese Mekong Delta
[2927] AxNvf5wyNNM → Contact Grafting on Pumpkin Vine Technique | Japanese Pumpkin Grafting Technology | @NoalFarms
[2928] 9eEfbF8XVdM → CROPPING SYSTEMS
[2929] PSq9zADw25Q → Fix Expensive Farm Equipment With WOOD SCREW!  #hack #repair #diy
[2930] dtE3ie4LwrQ → ऐसी खेती अपने कभी देखि नहीं होगी 🍒🍇🥕Agriculture Techniques-You Have Never Seen Before🍒🍇🥕
[2931] ZibUvPm8Gdo → گندم کی قیمت آجمارکیٹ میں ہلچل  Today new wheat rate/price 2025
[2932] 60BM6nsAjVY → What Is The Future Of The Agricultural Economy? - The Geography Atlas
[2933] KqURtrGHFV0 → How to Start Seeds For Hydroponics
[2934] 9-SiDbhyH4M → Advanced Farming Technique Indoor Or Outdoor
[2935] 4VZ1KbJt0RQ → 5 Signs Your Soil Is Unhealthy & How to Fix It
[2936] 9qfyC8UbKaU → Agricultural Innovation in Africa: How to Feed 9 Billion
[2937] dCL6ABDpOc8 → Reducing Pesticide Use in Your Garden
[2938] WvFmpWCqG0Y → Egg prices are rising everyday. Is it profitable to raise backyard chickens at home in the city?
[2939] rJL_w48dV3Y → Soil rotary tillage digging equipment- Good tools and machinery make work easy
[2940] W0ClU8WrHX0 → 5 Must-Grow Perennial Vegetables: Harvest Year After Year... 👩‍🌾
[2941] f_TgJ0JOsTE → Agricultural Mechanization| Source of FarmPower |Aims and Objective
[2942] xe0_ylpJdhg → Planting Trees for Soil Conservation
[2943] _tGeZo_8k84 → Villagers working together to unclog a blocked pipe. #work #farmer
[2944] y94ns0aR_P8 → Protect your farm's future with Nationwide Agribusiness Insurance
[2945] 6Z9QJEu7RO0 → Making a better cracker with Kernza perennial grain.
[2946] 5D0L9WMW84c → Agriculture Technology 🚜 💻 #agriculturetechnology #farm #agriculture #shorts
[2947] qaY5jYmYIGE → Off Grid-solar and wind set up
[2948] 68NKHqPlEpM → modern soybean farming.
[2949] J8XDpI0OxX0 → TractorWorks Equipment Rentals - Owen Sound Grey Bruce
[2950] xB18h8lZtcg → The Biological Flywheel Minerals in a Carbon/Biological Cycle
[2951] ThqSfvx2EGE → Growing Vegetables From Heirloom Seed
[2952] 5Ax_E8ECa-M → Let the milking begin! ✨#goats #kiddingseason #milkinggoat
[2953] xc_X-4EKLPc → Test Your Word Knowledge With a Quiz About Farm Terms
[2954] clQDbpm-wiw → June KY End Ma lemon Flowering Start Hogi|||Sky Kitchen Garden
[2955] UxCQAqdc9rw → Hesston by Massey Ferguson Hay Equipment
[2956] 2lwoT1PGhEI → Wagon hay ride days :)
[2957] DDg7sx66OJY → The Art of Strawberry Cultivation: Tips for Luscious Berries
[2958] Q1kWRKte9ZY → #discplough #agriculturalimplements #tractor #kubota
[2959] DtcwOeMb_n8 → Skydiving gone wrong 😂😅 #skydiving #skydive
[2960] 5eba_d9WukA → Ifakara Innovation Hub impacts youth and women in Kilombero for rural livelihood
[2961] -N8T9ecvCe0 → No Antique Farming Equipment!
[2962] sn1KplxL1cs → Erstaunliche Landmaschinen mit außergewöhnlicher Leistung - Moderne Landwirtschaft #7
[2963] 7u-LvDx_H5U → Tips from our Team - Hay vs Silage
[2964] pMYq2ANIQYQ → Full Video: Miracle Growth Vegetable Cultivation Techniques Extremely Rare to See
[2965] SWxKyQGQ3vo → #motivation #lifequotes #farming
[2966] CwbMQx6_5h8 → How to Optimize Your Ranch Operation
[2967] audz8JodYHc → Why robots are the future of milking
[2968] vJQoGOuROWM → ChanMyae MgCho - The Answer (Lyric Video)
[2969] tkWjYi7mvSw → Grape Farming Techniques #farming #agriculture
[2970] wfzLdxgR1ks → Simple trick to grow Corriander in your kitchen
[2971] 2A_GSwo2nyw → Discover Effective Strategies for How to Reduce Pesticide Use Now!
[2972] 85Del0rl_h0 → The Secrets to Perfect Cucumbers (2025 Garden Tips)#homestead #offgrid
[2973] JwyjISk0G3o → IS THIS REALLY BETTER THAN A TILLER? A DISC THAT’S MADE IN THE USA!
[2974] fbfLAXbqoMc → DIY Crop Watering Hack - Homemade Shower System
[2975] fpSXD3jH4c4 → HOW TO GET FREE STRUTHIOMIMUS|| HARVEST SEASON NEW SPECIAL EVENT|| Jurassic World The Game
[2976] zSFW-BMf1ds → small machinery catting machinery #agriculturalmachinery #agriculturalmachinery
[2977] uh8MCLn_nzM → UCD MSc Sustainable Agriculture and Rural Development
[2978] iUqEaeP90P4 → Texas Goes BIG - Tractor Edition! 🚜🌵
[2979] ewPzE-uv_5M → Ancient Agronomy Series Part 4: Vineyard Management Techniques
[2980] lZ8sosFEBoc → Agrarian Meaning
[2981] s3vl26BkUv8 → Seed Germination Hack 100% Success Sprouting Cannabis Seeds #gardening #growjournal #seedtoharvest
[2982] pm-OpCCc8Go → Banana - ICAR-IIHR technologies for enhanced  yield
[2983] 3EqBOU6QhrY → Don't be this guy! Entitlement of the Seas! 🚢
[2984] 1P9aTGovVK4 → Motivational Agriculture Small Tractor For Farm #farmers #quotes #motivationalvideo #viralvideo
[2985] Is-l_IBwkQI → and here's the benefits... #farmlife #animals
[2986] 8Q9b_tZXmsQ → Pig farm work time।Pig farming in Rajasthani village ।Pig farm management । #pig
[2987] POox65CACvw → How to Grow Watermelons from Seed | creative explained
[2988] GTrrpF1prOY → How to Grow a CONTAINER Garden CHEAP and EASY Patio Gardening
[2989] MQZyibmaDbg → 1 Point Hitch and Implements
[2990] 11GSGeCW3cc → ✨ Succulent Garden Inspo for Your U.S. Home 🌵🇺🇸😊
[2991] Zpn1oGkQrrg → Backyard Farming: 2 Year Market Garden Update of Nature's Always Right Farms
[2992] El7bZaGI-9o → What Equipment To Buy When Growing Big Broiler Chicken | Must-Have Drinkers and Feeders. Big chicken
[2993] p5swQObgpD8 → Milking 1800 Goats  - Dairymaster's Award winning Goat Rotary Milking Parlour
[2994] JEZVwBcLQdQ → New Machinery Brand Hits the UK - We Test their Hay Making Equipment!
[2995] uNJYgjnk514 → How Ants Discovered Agriculture
[2996] a60XZ-WAyj4 → 2022 Agriculture Faculty Academy | Basics of Fertigation/Chemigation & Regulatory Impacts
[2997] tYuVxAFuARU → GAME - CHANGING AGRICULTURAL INVENTIONS THAT REVOLUTIONIZED FARMING | DALI - AMAZING CENTURY
[2998] epGrJYDC9OU → Nashville farmers invent strawberry picking machine
[2999] 6mo0SWAa73c → Why is this cheese so expensive? Episode 2: Farmstead Cheeses
[3000] HbzKfWknsX8 → How does factory farming impact the environment? Factory Farming Awareness Coalition
[3001] M8ayVeAJvlM → Small Farm Life: Harvesting Honey Growing Food Raising Animals
[3002] J1lYHTz5J6E → Nuseed U.S. & Canada - Sunflower Harvest Combine Seed Pour
[3003] Xt3fjB-GuA8 → Small Powerful Electric Weeding Tool Multifunction #satisfying #short
[3004] H6dcx58rP4o → About time! #puppy #homestead #homesteading #flowers #landscape #goat #sheep #farming #permaculture
[3005] 8hPhiUaUf8E → Negative six degrees greenhouse update video for February 2019
[3006] Soj8QxH-bto → Sustainable Agriculture
[3007] HvYhbKz-Vw8 → Rancher Shares #1 Key to Ranching Success
[3008] 2dWlRmVgsEk → A Different Farming Method Of Sugarcane Planting Deeper And Placing Sideways #satisfying #short
[3009] z77vOjUCoqE → Soil Research for Clean Drinking Water
[3010] c3T_VH8FBGM → All types of Dairy farms equipment available at Dairy Hub 03218491619
[3011] hdyZjnPPiyA → Day in the life on a Small Farm (Spring Day)
[3012] PYqsE7Dacxo → First Storm of the Year Hits the Farm
[3013] X5AfCV4UuTk → Crocodile Farm Patrolling 😂😂
[3014] SwYdwkBlHkI → Pt 1 - 3 tips to make your homesteading self-sufficient lifestyle successful while staying debt free
[3015] ON6qQKTB9i0 → ஒரே நேரத்துல 2 மாடு கூட கறக்கலாமா? FIXED MILKING MACHINE #trending #cow #farming #farmer #shorts
[3016] 7_Vj3ZWPUnQ → 20 Best Plants don't need soil to grow  | Plants no need soil | No Need Soil Plants
[3017] iivXQ50HPmQ → Stewardship Center (Seals Family Farm) tour
[3018] OIed2lzfQ-g → How To - Tractor Land Plane - Gravel Road Maintenance
[3019] 3KFSlvnaIXE → How Does Community-supported Agriculture Impact Economic Viability? - The World of Agriculture
[3020] r3QQ6dm64xg → AGRICULTURAL MACHINES - Field Giants in Action | Full Documentary
[3021] ZwBX7j_Pwzw → What Is Veganic Farming?
[3022] ZCw7I3KsPTM → GKB Aerator HowDoesItWork
[3023] o6qG-Qwm3WM → Creamy Pasta Salad with Mayonnaise
[3024] PNEhqjSzq3M → How To Plant Crops!
[3025] S5QztHnczD0 → Straw-fired biomass plant.avi
[3026] J_medC4J8pY → PBS12 x D.U.G. // Composting with "Jungle Judy"
[3027] YFiohC9qqY8 → Buying a Used Round Baler - How to / What to Look For
[3028] ENOK1Rw2bPA → Biomethane company to do ‘long-term deals’ with farmers
[3029] wDEt0khLs88 → Sustainable Dairy Practices
[3030] LUmwo1k1BGE → Introduzione all'agricoltura sostenibile - Luisa Paolotti - Università di Perugia - Planning Seeds
[3031] SkJFtTef0tk → Easy Operation Superior Quality:Fully Automatic Silage Baling and Wrapping Machine
[3032] 9J0LNvyFkwg → Village girl's birthday vlog: Village Lifestyle | Rural life | Living in a traditional style
[3033] HxBTIGKwJ88 → IKEA Foundation - Agricultural Livelihoods
[3034] zQDW0G3vbVw → #55 “RO/ARO Final Attack 🔥 🔥 🔥27 July Target Questions”
[3035] VTNOphiE9CQ → Super Easy Basic Soap Only 3 Ingredients Must know Homestead Skills
[3036] ZngzSHtcq2A → Organic Fertilizers - My Top 5 Choices For 2021!
[3037] KJXDWRGnh3k → Building Climate-resilient Smallholder Farming Communities | Climate Innovation Challenge
[3038] NntHFwr5GHY → Larger solar setup
[3039] 9vmBxclRDVQ → Tips Paano Umasenso At Yumaman sa Papaya Farming- Secrets Revealed
[3040] NxqDxIBmf4A → Cleaning Out a VSI Deicing Sprayer for Storage
[3041] Exs3FLrXwlo → Radish ( مولی ) Mooli Part 3 #hyasagriculture #naturalfarming #farming #sustainableagriculture #hyas
[3042] aCamD9jly2s → MCC's Agriculture Science and Technology 50th Anniversary
[3043] 2Kb0IudK7t4 → Mastering Farm Management - Best Practices for Success (15 Minutes)
[3044] cdJUAF16aog → Agribusiness and Rural Development Engineering BSc
[3045] ZxhQs4A1Zfc → Tractor Implements #tractor #agritechmachines #farm #shorts
[3046] Sc0fiqpx_Sk → (AV10157) Soil Conservation with Regular Farm Equipment
[3047] Uux9sxPl6Oo → The MOST Damaging Effect of Tillage
[3048] U-dBslbT0gw → Sustainable Practices in Farming
[3049] KwsOQGiWFqc → Cattlemen to Cattlemen - Making Hay with New Holland
[3050] o0tt1wryMgo → Top 10 Essential Garden Crops: Grow These to Feed Your Family!
[3051] rU2nhcLbLak → Sustainable Soil Management by Anne-Marie Steyn
[3052] C_Ak9H7gWHY → Application of Starter Fertilizer in Corn
[3053] 8esmzNGMmf0 → ⚡THIS Feels BETTER Than MONEY| Louise Hay
[3054] XAocRrqMggk → Explore Solutions for Your Entire Production Line at PACK EXPO East
[3055] higAKjqYwdY → Hidden forces: Soil biodiversity for agricultural production and environmental integrity
[3056] _P31w8E_5Zc → Regenerative Agriculture: A Solution to Climate Change
[3057] uFDYEoXm0KE → low budget farmland for sale in kanchipuram || 43 km from tambaram
[3058] E-1nCMFmExc → Top-Quality Electric Milking Machine for Cows Buffalo🐄
[3059] qJbSvXYUods → Effective orchard management practices.#Fruit tree#Fruit
[3060] Enaw_PldQGE → Don't Lick That Electric Wire! Wait For It! #shorts #fail #farming #homesteading #cow #electric
[3061] xiMcI-nVJvM → Cordless caterpillar cutting grass machine China manufacturer factory radio controlled lawn mower
[3062] 42hUN5hnocw → Unlocking Ancient Secrets: Anasazi Farming Techniques!
[3063] -uK3Ym-CzwM → Implementation of futuristic technologies in agricultural machines of a new level 10
[3064] 8GEb6k_OilU → ADVANTAGE OF GREEN MANURING / #education #satisfying#viral#tranding#youtubevideo #shorts #shortvideo
[3065] xNO24KXAC-4 → Agricultural Practices & Watershed Management
[3066] 8VeA7dNRTRM → What is pesticide resistance?
[3067] m_TqQWIsdmA → Giselle Farm Management - web application for farm agenda management
[3068] KpLR3yy6hkc → How Do Organic Farming Practices Relate To Soil Health? - Ecosystem Essentials
[3069] nGVCyT3Y-lA → 4 Tips For a Huge PEPPER Harvest
Error fetching metadata for video ID iNVk0Pb8zMw: Command '['yt-dlp', 'https://www.youtube.com/watch?v=iNVk0Pb8zMw', '--skip-download', '--print-json', '--cookies', 'cookies.txt']' returned non-zero exit status 1.
[3070] iNVk0Pb8zMw → Unknown Title
[3071] zHBT13bdxag → Repair restore and maintain oil machines. Repair abandoned agricultural machinery. Flooded machines
[3072] GQBjmOz6_i4 → Reginaldo Haslett-Marroquin -- Decolonizing and Indigenizing Regenerative Agriculture (part 2 of 3)
[3073] LZAXriR9U1o → Grow Pear Trees from Cuttings – Best Methods & Tips! #shorts #satisfying #farming
[3074] PLB6qh99-Ek → Do you NEED to Rotate Your Crops?
[3075] peKuQovaL2E → The Secret To PERFECT Greenhouse Crops | Greenhouse Automation
[3076] foObKhg1oj0 → Mastering Strip Grazing: Easy Methods for Pasture Success
[3077] QW1KYLMPUxk → গলদা চিংড়ি চাষ#prawn fish farming#aquaculture#fishing#vertual reality#personal finance#buisness
[3078] MclHROcRzGg → Sheared: Challenges Facing Colorado's Sheep Industry
[3079] Wry5I3nQTaI → How Does Crop Nutrition help Protect Crops?
[3080] o2Wuj1D_vhY → ವಿಜ್ಞಾನಿಗಳು ತಜ್ಞರಿಂದ ಕೃಷಿ ಚಟುವಟಿಕೆಗಳ ಮಾಹಿತಿ | Information on agricultural activities
[3081] g2pMUatEpJI → #BattenChipper#Battenmicrotome#Battentabletmachine #NewGuineaIsland#Sulawesi#javaisland
[3082] m_kOLP-pVb0 → Products used ⭐️ The Innate Life Herbal Mask ⭐️ Burburcare Growing Season oil ⭐️ Calia shampoo
[3083] G5k31t3XYxY → "Peaceful Night in Indian Village | Relaxing Cow Moments Under Stars 🌙🐄" #shortsfeed  #traveldiary16
[3084] t7A1_tgzzos → 10 Vegetables that LOVE TO CLIMB: Growing in the Garden
[3085] 5xe03SHh8SE → Creating a Front Yard Garden to Engage the Community- Sustainable Living
[3086] F9On48UlFT0 → 10 Outdoor Tropical Plants For Your Patio This Summer
[3087] hONwnF8guYs → Farming Matters: Forcing Belgian Endive and Treviso Radicchio in The Upper Midwest with Peter Skold
[3088] hfFdtToCypo → Alabama Beef Systems Videos: How to Collect a Hay Sample
[3089] OId27nnlxe0 → Organic Gardening Tips To Make Your Life Easier | AnOregonCottage.com
[3090] RUoNewJ808Q → A Costly Mistake & Backhoe Tree Service 🫣
[3091] E_scFlUekKM → Agriculture tech companies race to develop self-driving and electric tractors
[3092] _pxMAOOlvLE → Welcome to Harvest Time Church Sunday Service - 29 June 2025
[3093] 6E38TTvcEwU → A Day at Krause Berry Farms: Fresh Berries Bakery Treats and Family Fun
[3094] KYaVIzvUKl4 → Growing FIRECRACKER CHILI PEPPER Time Lapse #shorts
[3095] Q1NM4uXLtyg → Boost Your Garden Naturally  Effective Alternatives to Chemical Fertilizers
[3096] 2OVZ8CKM4zY → Safely Mounting Your Horse
[3097] T6OSJE7zS8c → Farm stand tips ❤️ #farmstand #farmstead #homestead
[3098] sSdm8vtFKHc → EASIEST Summer Harvest METHOD in Grow A Garden #roblox #growagarden
[3099] eTmi8S2j5ug → McConaghy Contracts BiG X 980
[3100] 9MtDXhTghQ0 → LIFE OF FARMER AND FARMING TECHNIQUES day 3
[3101] I29JXSDBpf4 → Discover Ancient Farming Techniques Revived
[3102] FbojfAsiCoY → Don't throw fastballs to a slowball hitter. 😅 (via br41bennett tiktok)
[3103] gY-5e4KqUeU → SHEEP FARMING FOR BEGINNERS // What I Wish We Knew Before Starting a Sheep Farm
[3104] 9oRxGvhBeqs → 40000 Birds H-Type 4-Tier Layer Cage System | Modern Poultry Farming Solution #chickencage
[3105] ShOpJFSxBIs → A Corn Farmer’s Starter Pack
[3106] TrvSPa8-Oro → Using Cover Crops to Tie Up Manure to Prevent Losses
[3107] Lws9_mrweYM → SGCI: Managing Africa's water for sustainable agriculture #science #agriculture #water #podcast
[3108] JpJO28FSD9w → A magical Music Box and the farmar👨‍🌾📀🎵🎶 #ai #viral #farmar #music #artificialintelligence
[3109] 1hSaKzmw0bg → Ecosystem services provided by grasslands
[3110] B5joCz5dvtw → Corn Planting in the backyard? Why not? #food #corn #shortvideo #everyone #highlights
[3111] kgng3IThfOs → How Can You Reduce Pesticide Use? | Insects and Invaders
[3112] 8hLpE7YbxZE → Amazing Farming Machine in Action 🚜💥 | JUST KD Agriculture | Part 41
[3113] Y5JgOdIzVEk → Techniques To Grow Beautiful Grapes   #satisfying #farming
[3114] MNTOs76PYIY → ESCH HAY EQUIPMENT 4022 For Sale
[3115] 8ulpy_GFLDk → Agricultural Practices | Soil Preparation | Crop Production and Management | Don't Memorise
[3116] Bn1crK6ZexI → Best Milking Machines for Dairy Farmers | Efficient & Hygienic Milking 🐄 #milkmachine
[3117] 96oGzg4fcMQ → Completion of the Agriculture Innovation and Technology Center
[3118] kVL19VrY3mQ → Top Of The Line 3 Best Grape Harvester Machines | Smart Farming Inside
[3119] 5KF3G7quLcg → Ancient Grains: Growing Heritage Grains in Gardens and Small Farms
[3120] YzQ6Tp3tZuM → Restoration of Implement and Lathe Wrenches
[3121] l_cIx99twzU → How to grow long bean from seed to harvest
[3122] Pykihm3Pg1U → FLORIDA Land for Sale • 20 Acres with Power & Road Frontage • LANDIO
[3123] OYNYEmXvs-E → What Is Community Supported Agriculture (CSA)? - Earth Science Answers
[3124] BjG5GveRr98 → Grazing Systems
[3125] bwu7nOl16l0 → walk behind silage stalk straw cutter shredder hay baler machine round bale making machine
[3126] rLZUDi_dbn8 → Professional Watering Tips: Plants in Pots & Containers
[3127] bhDjbuonoBg → How I Use Rain Bird’s Drip Kit & Micro Misters for Simple Shrub Watering
[3128] TPkXAi_IKwQ → How regenerative agriculture curbs climate change
[3129] CXZIiPxqMgY → Fertilizer Runoff and Drinking Water
[3130] bNuQB_DwnXs → Strawberry Variety Update
Error fetching metadata for video ID K6cb6NNda6o: Command '['yt-dlp', 'https://www.youtube.com/watch?v=K6cb6NNda6o', '--skip-download', '--print-json', '--cookies', 'cookies.txt']' returned non-zero exit status 1.
[3131] K6cb6NNda6o → Unknown Title
[3132] huOcT7K_ZJw → charlie och fruktfabriken | loconuts video för barn
[3133] ntQQ6HV7mkY → Hoeing for Growth: Keeping Corn Fields Weed-Free
[3134] ReVMMqIlz3A → మట్టి ప్రధానం|| SOIL FIRST CAMPAIGN IN RAYALASEEMA #soil #agriculture #farming #soilhealth
[3135] eDxZojp9yNg → The Power of Pollinators
[3136] HmszrnxO_Nc → Agricultural Extension: What is it?
[3137] lXoHyS5ODMI → Improving soil #health and #crop #yield through #crop rotation
[3138] PtfHXJ0WSPQ → Top 90 Modern Agricultural Machinery and Ingenious Tools Working At Another Level! ▶ 66
[3139] v8R1b8iOmtI → Exergonic Economy - The Agrarian Community - 10
[3140] gWMsyUyrxAM → Use the right techniques to grow high yield beans #smartfarming #organicfarming #gardeningtips
[3141] OnWhefNO9Gg → Give your veggies the perfect home with @SpiderFarmer Smart G12 Hydroponic Grow System
[3142] 1NiJonWZggQ → The skills needed to facilitate a rural innovation platform
[3143] mmHgeDIgg0s → Efficient Farm Machinery: Modernizing agricultural productivity#village #lifestyle #farming
[3144] kehXyDtxEbI → BBA RM - Rural Economy - C1 - S2 - Rural Economy & its Importance
[3145] xnLRPmVZO0g → Everything I Built on 7 Acres of Abandoned Land (YEAR ONE TO FOUR)
[3146] XjlrowuzAuY → Protecting livelihoods through livestock vaccination
[3147] i0HNPHpCvV4 → How can we achieve sustainable plant production systems to feed the world?
[3148] 0O-zMjscqlI → Honey bees #honeybee #bees #honey #insects #agriculture #beefarm #apis #apismellifera #trendingreels
[3149] tv2Q83lplG0 → Small Farm Irrigation - Video 2 - Backflow Prevention
[3150] icxKlChdRTU → Innovative Irrigation How SpaceX is Growing
[3151] cc3-3s115mM → How He Turned Desert Sand Into Fertile Farm Land In 3 Months!
[3152] 2VCQIZVR-Hc → 2022 Farmer Brad Intro
[3153] yLAQHqRijWs → Top 10 Greatest Tractors of All Time
[3154] 9JIAE5PfMhU → Strawberry Farming Techniques #satisfying #shortsvideo
[3155] yCLoXZssTe4 → Mechanical Harvesting
[3156] APDgPbxQ7bQ → Harvesting papaya fruit gardens to sell at the market garden & cook
[3157] hGZnEuzQluA → ARI 9109PARTICIPATORY METHODS & ACTION RESEARCH FOR INNOVATION IN LIVELIHOOD AND AGRIC. SYSTEMS
[3158] GCB923quEmI → Being a Farm and Ranch REALTOR®: Dr. Charles Porter
[3159] KyMzwu2cs3g → PLOWING VS TILLING PART 2
[3160] T_UT0hj-HWs → Here's what we got for week 2 of our CSA Community Supported Agriculture #veggies #shoplocal #farms
[3161] shJNrfasxr4 → Forage Species and Establishment
[3162] jeFxOUZreXI → HOW TO START BEEKEEPING for the Absolute Beginner | Become a Beekeeper | Beekeeping 101
[3163] 3PjBKMB2e8g → The sweltering summer heat can threaten crops livestock for farmers in Arizona
[3164] sux-xJWvG-w → Mera 71 Herbicide खरपतवार को कैसे करता है खत्म? | जड़ से सफाया | The Advance Kheti #mera 71
[3165] SJA0Ihi7U2U → Presentation - Agricultural science research development and extension programs and projects
[3166] -sTezl78Z04 → Farm Animal Sounds Song B1218 | Animal Song Nursery Rhymes For Kids | Little Bunny Learns
[3167] VzgCFNXD6cA → Taking the pain out of hay making | John Deere R Series Disc Mowers
[3168] v9CPaL6vz7g → Troubleshooting Valve Issues Using The Armada Pro50
[3169] O7B1ctCBdjg → How to use rotational grazing & stimulate pasture growth for cattle grazing #regenerativeagriculture
[3170] jM0K6qS78BA → Soil loosening rake hoe | Hand Pulling Plow | Garden Tools | Farming Tools | Agriculture Tools
[3171] IQf66LAM5WM → A Glimpse into African VILLAGE LIFE: My Daily Routine in Kenya
[3172] CDAbdmt_IAQ → Tyler The Creator - Answer (Lyrics)
[3173] 9MFJWkxJj7g → How to grow Baby Bok Choy-Seed to Plant-Step by step
[3174] 5A4EW1yW9ww → Meet Ras Modi: The Young Dreadlock Farmer Transforming Sustainable Agriculture#SustainableFarming
[3175] IuS8ogXirE4 → Episode 6 | Farm Inputs
[3176] isZFehOBoEo → N18. Rice Growing
[3177] Awtw0GAKb2c → 5 Tips on Seed Sowing and Seedling Growing in Trays
[3178] E6eujByaVcg → Grazing on Perennial Greens
[3179] FSIoG8mO5SM → Crossing Creeks Farm | Discover the Secrets Behind Grass-Fed Beef
[3180] EJBaXhXENKg → How Does Subsistence Agriculture Differ From Commercial Agriculture? - African Roots And Routes
[3181] ZK1G-b0lq70 → 🖐️ Farm Finger FamilyㅣEP155ㅣSong for KidsㅣBebefinn Nursery Rhymes
[3182] uIbRUsMp8mE → How Crop Rotation Helps In Soil Conservation? - CountyOffice.org
[3183] tURfbFB7XE0 → Every small-scale FARMER needs these to increase production | Ideal farming implements!
[3184] 7UPT0ylbs-w → Tubeline TL1000R Bale Wrapper
[3185] pB8BTqxDJdw → ಕೃಷಿಕರಿಗೆ ರೂ . ೪೦೦ಕೋಟಿಗಳ ವಿವಿಧ ಸವಲತ್ತುಗಳ ವಿತರಣೆ₹400 Crore Benefits for Farmers 🌾 | Historic Welfare
[3186] 9eK_UQPw9_I → 100% USEFUL | REMOVE CHEMICAL FROM VEGETABLES AND FRUITS | SADHGURU
[3187] HeZUAPpKuBQ → Women key players in the saffron value chain in Morocco
[3188] am2BUjXvKSc → How to Install a Solar Fence Charger: Electric Fence 101 | Zareba®
[3189] bFiqWKNzAto → GROW TOMATOES LIKE A PRO #gardeningtips #plantbreeding #homegardening #garden #tomatoes
[3190] -MKt3Eq3-s0 → The ONLY Dairy Farm I Will EVER Drink Milk From
[3191] old2MGXO6Gs → Why I need to  take this apart?
[3192] Yn7bQ7b4_-E → Baker Creek's Top 10 Best-Selling Varieties
[3193] 2Db7LTTyTIw → Scott Johnson Farm Services business redirection auction | March 18 2015 | Purple Wave
[3194] W0h2W8KYy7Q → Yam Vines Climb as Okra Gets Harvested | Ahwerase Farm Life 🌿#shorts
[3195] e2pJO_dSbnA → Growing Potatoes The Cheap and Easy Way!
[3196] BJli86jpC-4 → How to Build Agritech Startups That Scale:  Proven Lessons from Product Design to Market Launch
[3197] prT5NJgw1rU → Introduction to Intercropping Workshop: Yellow Peas and CL Canola
[3198] o31lIG_6Cfc → BUHAY BA ang PAMILYA sa 500SQM FARM? KAKAIN ka ba ARAW-ARAW? ANONG BEST ITANIM para SUSTAINABLE?
[3199] 1CLvo_wubJY → Here are 10 vegetables that grow during winter and quite easy to care for.
[3200] FDMmIXS_cAk → Never Water Your Garden Again 💧#olla #ollas #oya #irrigation #gardeningvideos #growfood #gardener
[3201] J5LtWATecC0 → How Hay Bales Support Livestock Health: A Comprehensive Guide
[3202] SEZI_12K6Xo → What Is The Role Of Crop Rotation In Organic Farming? - The World of Agriculture
[3203] apu9H7H0BZ4 → Soil Conservation Practices
[3204] j870IDAhxsk → Flow Control Valves
[3205] P2n3L7ineHU → Exploring Agriculture: A Guide for High School Students
[3206] ygBLZx3ULcA → Super Building a Greenhouse Skill #satisfying @RomFarm
[3207] zCFz1kcEKhs → Integrated Fish and Chicken Farm #shorts | Fish Farming | Poultry Farm
[3208] aGw24Cq5N-Q → Agroecology and Farmer Field Schools – a solution for Zero Hunger and Ecosystems Restoration
[3209] ZzSThqijOAg → Myths of the Hawthorn. #wisemysticaltree #mythology #spiritualnature #history #folklore
[3210] -alkOUaAFwo → A Kiss of Gratitude to Nature: Life in Connection Between Mountains and Forests #funny #love #life
[3211] JU_SWOTiR3k → Mod-14 Lec-38 Monsoon Variability and Agriculture - Part 4
[3212] 2KPYmfSt3LA → Planting Vegetables In Containers
[3213] BLb1kFmtsLY → Adding Biochar into Manure Management
[3214] ADKLKatW9sk → The Best 100% Whole Grain Foods #healthyeating
[3215] 68H7cp08qVU → Management Practices to Ensure Good Plant Establishment - Roots to Shoots
[3216] lZNBJ4H1lSQ → Sustainable Farming for Animals and the Planet
[3217] imFV_mDqrWE → 3 Pcs Garden Tool Set අඩුම මිල රු 600 /=  cantag =0774248064 #sale #tools #Snovii hub
[3218] KMMifJ19W6k → How haul hay & straw ! Jesse Bounds Trucking & Bounds Hay Co. Operating #trucking #hay #farming #ag
[3219] UpSME6954lM → Farm Tools Name Meaning And Equipment Vocabulary. Garden Tools Name with Image. Farmer tool English
[3220] ozGlBPcMHso → Milking Cows and Cooling Milk Until It’s ICE COLD!
[3221] bDGWCKBmNFI → Tilapia RAS AQUAFARM Design
[3222] bUyeh1oB2nM → Save Money by purchasing "Off Lease" Equipment
[3223] 3I_Twd3r5M4 → How to build an Outdoor Mushroom Farm
[3224] kTuxxVVX8Ww → The Man Behind Agribusiness: How It Works — Buddy Gancenia | Part 1 Interview
[3225] vQ1uqUsGyis → All we know about innovation in food and agriculture
[3226] 8slg5Un6wIc → How to plant under 3 minutes |Gardening wit Konzept Garden
[3227] 0wARk2RBetY → Climate-Smart Agriculture: Options for Practices and Systems (part 1)
[3228] w3ZHzZ_Y8xI → Agriculture Technology
[3229] kCe9CfLnw4U → How To Grow Strawberries From Seeds  | Shorts | @Leocuts_Status_Hd
[3230] kdG0ZRDKGbo → How to increase peanut yield #shortvideo #plants #youtubeshorts #garden #howto #viralvideo
[3231] ksZFyKhrofY → What's the Trick to Growing Onions? 🧅 ✅ 👩‍🌾 // The Gardener's Coach
[3232] zqERMaq33y0 → DIFFERENCE BETWEEN AGRONOMY AND HORTICULTURE
[3233] _oOQ2sc0qQI → Understanding the Connection: Stress Reduction Through Soil Health - Brian and Jamie Johnson
[3234] Hj0OF_DqtUY → Non GMO food labeling Practices. #farmlife #ricefarming #gmofree #foodlabels #farming
[3235] DvFD_p6FRi0 → Mini sprinkler irrigation in farm #trending #shorts #viralvideo #shortvideo #farming #trendingshorts
[3236] kZedBMDHTIg → A Day in the Life of a Farmer – Challenges and Reflections on Chicken Farming
[3237] hAgKXwZh6As → Venus Flytrap eats juicy worm
[3238] modKknB5ytM → 5 facts about cotton #cotton #cottonplant #farmfacts
[3239] 6eYYXZD3fUg → Georgia Professor on Sustainability Safety of GMO Crops
[3240] KRZgRMLNiHU → BATWA ADOPT SMART AGRICULTURAL PRACTICES
[3241] NjxXGpDEAq4 → THIS IS THE MOST EXPENSIVE TRACTOR REPAIR I'VE EVER HEARD OF
[3242] CAyRKq_C4eQ → Farm Machine Safety: Fueling and Daily Maintenance Safety
[3243] tDDskKH2iko → How Modern Agricultural Technology Is Changing Farming(2024)
[3244] yZrKDN5MCpM → Agriculture Equipment Dealers - Scholten's Equipment
[3245] F4_KCvcXw5k → Pruning Fruit Tree Lessons for Beginners
[3246] YvtdNnE7KOg → Highlights: Reaching Your Target Market Booking Sites for Farm Stays and Experiences
[3247] fhBbx6Z5F8Y → Organic Farming Certificate Program Profile: Dave Heilman
[3248] eETDC21m6zg → Tips for Successful Composting in Your Garden
[3249] sU3hLehx_dQ → Grandma Fishing Grandpa Gardening | Peaceful Village Life Moments #VillageLife #PeacefulMoments
[3250] ft4R1XmXv20 → How big are your dreams? #dreams #life #god #farming
[3251] dqCRbfD9uAE → KIDS LOVE Harvesting Fresh Tomatoes!
[3252] JyUxYFq0gdA → Flexible Hay Feeder for Cattle
[3253] Ar4Xd1ms9rY → Genius Double Farming At Home! 🤯
[3254] tLiuS0VRawM → Why Vertical Farms Keep Failing Around the World
[3255] uHcCaa9XTTs → Dan's Mechanical Advantage.mpg
[3256] -XJtmEsHBIg → Efficient Harvesting Techniques for Very Large Organic Cucumbers Inside Greenhouses
[3257] Ln4nM6TsyNw → Project Management and Budgeting on a Large Scale Farmyard Development
Error fetching metadata for video ID TuOx0u5Q2GA: Command '['yt-dlp', 'https://www.youtube.com/watch?v=TuOx0u5Q2GA', '--skip-download', '--print-json', '--cookies', 'cookies.txt']' returned non-zero exit status 1.
[3258] TuOx0u5Q2GA → Unknown Title
[3259] s9UcvWL-yMs → Straw Baler and Wrapper in Action – Fast and Efficient Baling! #straw #hay #silage #hay #farming
[3260] 23iCH3mmifU → Shotgun sequencing
[3261] R_JWB4lXgzA → LOLLIPOPPING OUR PLANTS!! OUTDOOR SEASON 2 EP16
[3262] Y-V7oK27ZrY → CATCH 10x more FISH with this SIMPLE FISHING TECHNIQUE and BAIT !!!
[3263] _m0oSeUqGXc → Organic Farming vrs Chemical Invasion in Modern Agriculture
[3264] hz63vGGC66E → حيوانات المزرعة المثيرة للاهتمام
[3265] o7OXuCF6Gjo → Climate change impact on food agriculture producers
[3266] 3V8bfaxGszQ → WAIT! What you Need To Know Before Planting Bulbs This Fall
[3267] mCMU01vwToA → How are big bales better? #farming #agriculture #bigbales #hay #equipment #straw #business #hayfield
[3268] zY2U8iG7U30 → Cover Crops Promote Soil Health and Environmental Benefits
[3269] h99YEcKOfwM → They Said Tech Can’t Replace Farmers… But Look at This Farm Now!
[3270] 2WHSP-kyCrk → IoT in Agriculture: Smart Farming Key Technologies and Machine Learning Implementation
[3271] cErWebAxY8I → Hay Hay Hay 3! Fertilizing the Hay & Cattle Pastures! and our new 4th of July Calf!
[3272] zcK0ZIJTyBY → Farm management software powering Kiwi farmers | FarmIQ
[3273] thPS_RmHjNI → Old-fashioned wheat harvesting techniques
[3274] eG43ZrUj-lY → Importance of a Grazing Management Plan
[3275] OKp2Grre4uk → How To Plant Watermelons 🍉
[3276] z7xIJey7EtU → Top 7 Agricultural Innovations Revolutionizing Farming
[3277] _WF6qS2y_jg → Farm Accounting Is Not Just For Your Accountant.  It Can Help You Make Better Decisions.
[3278] TUxzypMgl0Y → Modern Agriculture Machines That Are At Another Level #3
[3279] ok4z96EBJ3o → Farmland Preservation Needs to be Fully Funded
[3280] biRAxjjwfJI → How QA Supports Innovation in Agriculture
[3281] gyAH_IA9o2Y → Shrusti Farmhouse ला खूप धमाल केली! | Best Farm Stay Experience 😍🌿
[3282] OwBbA-XNMm4 → Exploring Livestock Farming: A Guide to Understanding its Basics
[3283] bSy_ZHvGrgw → Eight Reasons You Should Lease and Not Take the Low Rate or Tractor Leasing 101
[3284] nl_H7ATQuUg → Module 5 | Profitable Small-Scale Farming: Essential Tools and Techniques
[3285] hHvq4_j1V0U → Introduction to Hay
[3286] roGatJgSRDU → 20000 கம்மி விலையில் maha milking machine 😲#milkingmachine
[3287] ECq-J-BMrKU → How to Reduce Pesticide Use in Farming: What Every Farmer Should Know
[3288] R5HJqoLlAZw → Funny Dog Herding Sheep
[3289] OrwcFIDMt1w → How do American and World Farmers Use Agricultural Technology to Harvest Apples.#7
[3290] O5OKo97ftLE → Homesteading skills and knowledge!
[3291] 5oi7ATRtLos → Traditional Corn Harvesting Process in Village | Amazing Agricultural Techniques!
[3292] wX_kW3Xwy-U → Carroll County Agricultural Land Preservation Program
[3293] RTbVw9GZfws → Effectively Managing Cover Crops
[3294] wIGzpWrYusg → Best CHICKEN Breeds You Need For Your Flock
[3295] 05ff2oM7p_M → Agricultural activity
[3296] d2NnRsXF9Ko → Is Agricultural Runoff Point Source Or Non-point Source Pollution? - Earth Science Answers
[3297] DU1uKjxk9Ag → 4 Heures de Préparation au DELF B2: Production Orale DELF B2 | Préparation Intensive with subtitles
[3298] kKcNzqE-1Yo → rc tractor new holland 3630 with loaded troly of pvc
[3299] zqi0H4PapqI → Smart Agriculture Machines - Automated Farm Equipment With Latest  Technology | TECH UNEXPECTED
[3300] 9HDzkTmYWfU → Pulling Kerosinized Rope Controls Rice Hispa #shorts
[3301] wbi5Ik9Eze4 → 4 Smart TIPS for Growing Strawberries Like A PRO #Shorts
[3302] zs6Ezs0H1-A → Permaculture The Unfiltered Truth #permaculture #sustainableliving  #farming #shorts #NatureNRush
[3303] rdpfbNH2IuI → Farming Simulator 25 This video explores various field cultivation techniques
[3304] aiJrTU1Ltqg → 【Agricultural and Rural Development】"Agroforestry" agriculture that cultivates forest -  5
[3305] xcfGdT75fP0 → How to Build Low Tunnels That Open and Close Easily
[3306] o52sdJW2vGY → Understanding Soil Microbiomes and Their Impact on Agriculture
[3307] SThY6dME5AY → Farm Fresh Produce
[3308] VzHUR4P1imY → Cheapest worm bin possible #wormbin #wormfarm #vermicomposting #composting #vermiculture #worm
[3309] u-pDBsX38sg → Busy breeding dogs
[3310] _MUvKt65Hck → agrotech #farming #agromech #agriculture #agrotechnology #agritech #construction #agritechnica
[3311] 7YasuRf6jgY → Paddy Farming Machine | Modern Rice Farming Technology
[3312] TxVB-TYPc_A → Agestone Recliner Lounge Suite
[3313] t5jmAFHNKDI → Traditional farming methods:  manual root crop planting
[3314] iTZIGQ7e9fk → AgVentures: Farm Chores
[3315] acBAnCY56ic → Direkte salg fra fabrikken til Danmark lav pris køb online fjernstyret bælteplæneklipper #lawncare
[3316] xG9pmpbAj64 → TEDxFargo: Carl Peterson - The Challenge of Feeding a Growing Population
[3317] 7S-YtAEREjU → corn 🌽🌽 Harvest mechanical process #mechanical #corn
[3318] Lczn_J1_m-M → Farm Management Systems: Explainer
[3319] tvq7AFi82SA → Do More Bees Mean More Avocados? Understanding the Yield Secret | Deccan Exotics | #shorts #ytshorts
[3320] wJdBtOoBDUU → Ghost Grow 843 is the perfect EXAMPLE of a BACKYARD VERTICAL FARM 👏 #towergarden #aeroponics
[3321] JBG1miR6_Go → A wonderful technique for planting roses in the nursery
[3322] ARVpXKUiI_A → Bextra Hay Feeder Final Thoughts
[3323] B0zKMQHc8ww → Transitioning to more sustainable livestock systems through agricultural breakthroughs
[3324] Rwd-R2KZM6M → small corn harvester #agricultural #mechanical
[3325] q28Fnr-suuo → Community Garden Rentals
[3326] Cp1Fuj6pzuQ → Irrigation Scheduling Part 1: What is irrigation scheduling?
[3327] 0u8bDJD5x1g → The Entire History of the Stone Age in 10 Minutes
[3328] HeUXIKTcuj4 → I’m obsessed with this salad #shorts
[3329] 3qqXrd3Gts4 → This Indian Startup Is Using AI to Help Farmers! 🌾🤖 | Smart Farming Business Idea
[3330] lRyXlvIJFWI → Importance of Organic Farming | What is Organic Farming | Sustainable Agriculture
[3331] 9bJuMHIyl0c → Agrivi Developing Comprehensive Farm Management Software
[3332] pg4vJ_fFw6M → What Size Of Pigs Should I Start My Farm With?
[3333] Qs8OMOQ-UsI → A Cleaner and More Efficient Charcoal Kiln for Developing Countries
[3334] -MILgUvsAHw → The “Vacation Year” Cover Crop Rotation at Potomac Vegetable Farms
[3335] itPKpXpIaL4 → Becoming A Hydroponic and Organic Farmer Has Never Been Easier for Young Women
[3336] pn1njGM52Ck → Objectives of tillage
[3337] XkPxjrMwMY4 → Sustainable Agricultural Land Management - Learn Environmental Science and Sustainability
[3338] EkJtfT38z_Y → 10 Best Research Topics In Agriculture|Zarat ma  10 bhtreen research topics| Learner's club
Error fetching metadata for video ID _1ERufdOIw8: Command '['yt-dlp', 'https://www.youtube.com/watch?v=_1ERufdOIw8', '--skip-download', '--print-json', '--cookies', 'cookies.txt']' returned non-zero exit status 1.
[3339] _1ERufdOIw8 → Unknown Title
[3340] 5RobDj03dFg → Hydroponic Lettuce greenhouse
[3341] MKTPjiKOE80 → DIY Double Bottle Watering – Simple & Efficient Crop Irrigation
[3342] tNgRKLxf3Yk → Harvesting Fruits 🍓🚜#harvestingfruits #Harvesting #farming #agriculture  #shorts
[3343] yYBhQ9kqJtI → How to Harvest Grapes ? - Amazing Grapes Harvesting Technique
[3344] 9Kmx1laSIqY → I Got Myself Into A Predicament!
[3345] alknunkPwng → What it's like to Live with Hundreds of farm animals! Feeding & Building my First Circular Fish pond
[3346] 73eadXa8c7I → WEB_SEC_P2
[3347] 2pH8AJY3jEA → How Bar7Ranch Runs Their Cow Business
[3348] xMlKdMWpYq4 → Man Lusts After Tractors at Trade Show  The Canadian Dream
[3349] flP2ogyRDMM → Women in Rice Farming
[3350] 1Rn2GyCAoJs → FAILING FARM!? Will I be able to pull this $5M Farm off from scratch!? | Farming Simulator 25 Part 4
[3351] heJS21BOjGI → Whole Farm Assessment of Nutrient Extraction from Dairy Manure
[3352] RZQxHas2yW8 → Stack and Rack: The New Farming Hack  #farming  #plants
[3353] AWHS_aIzyHA → Calving Later Makes all the Difference
[3354] _hovpXYTsy4 → Modernized Tomatoes Farming - Greenhouse Modern Agriculture Technology
[3355] z03MiD23HQM → START OF WORKS FOR THE  AGRICULTURE INNOVATION AND TECHNOLOGY CENTER
[3356] aaC0QP_7KXs → Cattle Ration Formulation
[3357] oxknbKXx_CE → Traditional Farm Design vs. Permaculture Design: What's the Difference?
[3358] XUtKOo6BGWQ → Drain the Rice Fields At The Stage Of Mature Help Increase Higher yields #satisfying #shortsvideo
[3359] ZOIOIsDkKxk → SD Soil Health Challenge: "Selecting Cover Crops" with Jason Miller USDA NRCS Pierre
[3360] bLmjax2ZeHU → NEW Farming vs OLD Farming.. Whats The Difference?
[3361] mBz2RuQcbMs → I'm a Berry Guy | Antonio Ruiz Grows Strawberries and Raspberries
[3362] d0_xtavBG_I → Baking Soda as a Fungicide and Insecticide - Natural Plant Protection
[3363] GRE0avyjU0Q → DAY IN MY LIFE AT THE FARM! Part 1
[3364] 19NRaZ3dYUI → How to Prune Cucumber Plants for BEST Growth!
[3365] rqZ_q6vRwuQ → Planting Seeds In Soil | Stock Video - Motion Array
[3366] aCCFUG6S2qU → Plant health and One Health
[3367] 0m18VRaYFuA → Brandt Agricultural Products | Ziegler Ag Equipment Dealer Testimonial
[3368] w6LFUsW8nbw → How to Prune Stone Fruit Trees: Peaches & Cherries
[3369] y17llzdsgh4 → The Role of Soil in Sustainable Agriculture | How Healthy Soil Supports Farming | Spring Scientific
[3370] RtKI2emAVrY → PRIMITIVE Farming Tools Still Used? Is This Backbreaking Labor or SECRET Efficiency SHOCKING Video!
[3371] cBxs1QRRExc → 50 Antique & Vintage Tools and What They Sold For - Episode 1
[3372] L9Xth8xLdtY → Agricultural Technology in Africa
[3373] xFwjoaSCMxU → #powerweeder 7hp damdar #powerweeder #gardeningequipment #bilaspurdistrict #agriculturalimplements
[3374] PRUY_QhH-G8 → Small Farm Harvest: Tons of Hay Fresh Honey Eggs & Veggies
[3375] B618hs8Dnz0 → How Do Cover Crops Affect Soil Nitrogen? - Ecosystem Essentials
[3376] I2QwS48SEJw → Perspective Agricultural Extension: Practice makes perfect
[3377] EzJkT-wDW5I → Meet the Animal Waste and Nutrient Management Team
[3378] KSVcWNCOE-c → Simple But Genius Agricultural Technology: Manual Plow Tool Every Farmer Needs
[3379] lU2tJGcvsqM → WARNING: DON’T WATCH IF YOU ARE ADDICTED TO FARM EQUIPMENT!
[3380] Nk83ASvbNKk → Crop Rotation
[3381] GNRAdpY1Lrc → Sustainable Agriculture & agroecological practices
[3382] bmFUJ7Np08A → No SOIL NEEDED Garden Bed Fill
[3383] YPPL2_WMTDs → KILIMO DIARIES| Pros and cons of mixed farming
[3384] 1KSXeI_qkq0 → 4Rivers Equipment is partnering with San Juan College on their Certified Operator Training Program
[3385] F0g5l1Cq17c → #Tractor #Farming #FarmLife #Agriculture #FarmEquipment #Modern #TractorVideo #FarmVlog #RuralLife
[3386] fur1EXpcWtM → FARM ANIMAL PICTURES With Sounds and Names for Babies & Toddlers - Animal Quiz
[3387] iVkq0RJUitc → Starting Seeds and Building Irrigation With Our Farm Business
[3388] b6wIofa7NR8 → 7 Things For New Sheep Farmers
[3389] vVUm-Fy9Nb0 → Save Time and Effort with Our Nursery Seeding Machine #farming #agriculture #nursery
[3390] Ggp_9cWej_s → How to Water Potted Plants with Drip Irrigation
[3391] -KcrSPaV5J4 → #New corn petal breaking machine with an hourly output of 8000 #Farming and fattening sheep
[3392] Sx2mxRLIwG0 → Urban farmers teaching people about benefits of growing own goods
[3393] URYuFOlz-KY → 3 Easiest DIY Aquaponic Systems Builds
[3394] XftW6_iJCzI → Compact Economy Hay Package | Haying Independence Sale | Tractor Tools Direct
[3395] Octo4EPWNw4 → Reviving Ancient Culture through Modern Agriculture
[3396] emhMyWf1tD8 → Farmers think crop demand could increase after EPA announcement
[3397] VcRZGPYW5YQ → HARVEST CROP ROTATION FARMING STRATEGY – POE 3.26 (1-2 Div/Map!)
[3398] rMhxQ8D_9l0 → May 2021 Grazing Update: Spring Grazing Heights and Paddock Size
[3399] 3dGSbWoF_J8 → How to Start a Garden Bed With No Tools (Beginner-Friendly)
[3400] raeef6BtOIY → Hay Straw Baler Tractor Attachment
[3401] TB83vH5elAE → Good Agricultural Practice - English Subtitles - TvAgro por Juan Gonzalo Angel
[3402] -uwcwqezKv0 → Check Out My Wife's Thai Farm Life
[3403] l3p6V5iU_60 → Agricultural Runoff in Iowa.
[3404] Vhy0lJldy04 → How to fight  Pests and diseases in crops production and identify them
[3405] EjJh6oznkBo → Never plant tomatoes without this. For large fruits and more tomatoes follow this
[3406] C2xYV57HVX8 → Planning and Building a Solar PV Farm
[3407] sOrdy7Sk8f0 → Making hay John Deere Way
[3408] 5rN7lTggVPs → I grew free bean plants from store-bought beans...
[3409] vfUebzacsw4 → Principles of cropping system 👀 #agronomy #agriculture
[3410] VopT2hkon8o → Small agricultural machine silage harvester farm equipment
[3411] AZVQ2UUdBbM → 15 Cheapest States to Buy Farmland in America
[3412] lzS666BrwuM → Same Dorado 85 | Rinieri CRL | Manual-Mechanical Pruning | Potatura Meccanica-Manuale
[3413] LaPjRkrvJZw → Sunday Dilemma
[3414] V8UyBh-ZS1Q → Exceptions - Lesson 8 - Closing resources and dealing with resource leaks.try-with-resources
[3415] D2hgFKbG0YE → IRRI Agronomy Challenge January-June 2012: The Documentary
[3416] E3LVDfV8sMg → Profiles In Soil Health: "Increasing Diversity In Crop Rotation" With Kurt Dagel
[3417] 5kFY_8vpkW8 → The farm manager doing sustainable farming research - 101 Jobs that Change the World (Ep 20)
[3418] x2BsYGA35q8 → Secrets of Regenerative Agriculture
[3419] AtxlK58wQfA → Composting Producers - 2021
[3420] ybXijQfffGI → Excavator Operator Training Video #excavatorshorts #excavatoroperators #mohanbade
[3421] O1rjbQTvGPc → Resources for Beginning Farmers
[3422] AKvcl1M4pGo → Banana Farming Techniques Tied Rope To Avoid Falling 😎 #satisfying #short
[3423] a9K-HwV2V5o → KRMZ technology of IN-LINE HAYLAGE MAKING
[3424] PqwOLlqpRKw → Farming for beginners: a simple guide to rice paddy farming
[3425] I5nf6p7LjYE → Agriculture Farming 🌾 #agriculturefarming #agriculture #farm #shorts
[3426] xOq7wfebH1g → Der Pulverisierer SCRP18-26 von SkanCraft im Einsatz
[3427] RZImhUppdyY → Kaleb Brutally Fires Jeremy Clarkson | Clarkson’s Farm S3
[3428] 45YIA8y0f18 → Natural Farming Practices #plandfarm #agrotourism
[3429] gl_cOxfXzD4 → Why JM Fortier Uses a BCS Two-Wheel Tractor in his Market Garden
[3430] L3peUjiGoE8 → Hydroponics Setup At Home 48 Plants
[3431] aeqLAQsIdO0 → How to Keep Chickens in your Garden
[3432] pW6TxxUh60Q → How Do Farm Subsidies Impact Soil Erosion? - Ecosystem Essentials
[3433] kYZtX8qmQDk → The Fascinating Canal of Joseph: Unlocking Ancient Egyptian Mythology and Oasis in the West
[3434] hHN9AhgBIxk → Which are the best tractors for farmers in 2025? What are the top-rated tractors for small and
[3435] lyi-_kSxptM → Vertical Hydroponic Farming: Grow More Food in Less Space – A Beginner's Guide
[3436] YlaIwpIKT-k → Mala Paraisong Bakuran - Cabrera Fish Farm
[3437] 0D_WRpi_T8c → #ख़बर1इंडिया #automobile #jcb3dx #jcb #funny #bulldozerofficial #agriculturalmachinery #xcavator #e
[3438] IqJwpKaXxNs → Growing Plants w/ LED Technology | Bang Goes The Theory | Earth Science
[3439] RRTsE8wz6HY → Never Worry About Lawn Mower Spare Parts Again💪
[3440] uv0fJWUvjFs → How to DOUBLE or TRIPLE CROPS without fertilizers or pesticides! #electroculture
[3441] jNE_4IT0Xyo → The 100-Hour Weather & Climate Livestream Part 6
[3442] VUGFzplfJKU → Meet the Farming Social Media REVOLUTIONISING farm practices in developing countries
[3443] kchzoy1lO-Y → Fresh Chicken Nuggets
[3444] Jl7DZ27Psos → COMO  AGRICULTURA SUSTENTAVEL ESTÁ MELHORANDO A PRODUÇÃO DE ALIMENTOS!
[3445] pcir5JNtJTo → Sustainability Agronomy Series 2 | Ep#3 - How much and where do you need to water?
[3446] EpWyTBxuqnU → Straw energy plant funding criticised
[3447] BUskYTgO4GM → How to peel sweet corn easily | How to remove corn kernels in 1 minute | Peeling Trick |Simple Trick
[3448] jpUHZoRtuMI → Rat hunting activities 4 #hunting #animal #farmer #agriculture
[3449] bUIvttCTRr4 → 'It's not easy running a farm machinery dealership; there are big costs'
[3450] PjCEKpfrlQI → Amazing Rural Life Agriculture Techniques #agriculture
[3451] pRtOuxl02FE → Decoupled Aquaponics Garden System Kit (800 Gallons) Grow Produce and Fish without water pumps!
[3452] o3n8cijgqiA → Ariana Constant: Community approach to strengthening smallholder farmers' position & power
[3453] 3NqiOpe-khc → Bringing Jungle back to Mexico (Silvopastoral systems in Chiapas)
[3454] lu9spUCV7Os → Sharing Fruits grafting tip for Grapefruit tree  #fruits
[3455] CEQjuc0gpmM → Furrow Irrigation
[3456] HB0cep7LYS4 → Uber App Rent on farming equipment
[3457] IhTwqXTO574 → John  Deere's Shocking Tactic Robs Farmers Billions Every Year!
[3458] sGDBWiO4Nbo → 5 Must-Have Implements | Compact Tractor Buyers Guide Part #3
[3459] lIp4LfQaX8g → Planting in clay soil | The RHS
[3460] 35HIFcwEDyQ → Reducing the need for antimicrobials by improving animal husbandry practices
[3461] u7E1Lgmbioc → Growing Peanuts From Grocery Store Nuts Is Easy
[3462] 8ZfIj29i5BQ → Agrarian Life Part 1
[3463] e_vq0ZNDcb4 → How To Grow Chili Pepper from Seeds in Containers
[3464] PIPJ4eBBsbU → The fight against exploitation of migrant workers in Italy | DW Documentary
[3465] 3a-Y_fvElWo → Build a better garden irrigation system
[3466] avYtbyGKpWo → The 20 Highest Paying Jobs in Agriculture
[3467] bLV0W7ipz4Q → DAR IARCDSP Episode 3: Farm machineries rental and services overview
[3468] 4B-Sy5uLgkU → Carbon Farming: Jiangmen's Science Supercharges Crops
[3469] n3amNPpV-mA → Furniture Equipment Kitchen Strrage + House Cleaning
[3470] 2X7co5i9ufo → Baja Mercado Strawberry Harvest Machine
[3471] q7YDkd9093I → Amazing Rice Planting Technique That Will Blow Your Mind! #shorts #agricultural #farmer #technique
[3472] pxN4v-ittYM → A Different Farm Equipment Dealership
[3473] HrrGzMeU0lA → Hay spear spraying the product is wear-resistant  no maintenance cost in the later stage
[3474] hulTuuw6a2Y → Farmtrac new modified tractor 🚜 #rj49tractors #hollend #farmequipment #shortsfeed #farming #jattlif
[3475] O5x7NZGBOzM → Grow Stunning Flowers at Home: Hydroponic Magic!
[3476] JMKMFMZg86k → Tractor Repair! l Antique Transmission Trouble!
[3477] l23nrSiQYK8 → Planting Food Plots-Small Seed Technique!
[3478] gk9i5toERjM → ਐਗਰੀਜੋਨ ਨੇ ਲਾਂਚ ਕੀਤਾ ਨਾਵਾਂ 2025 - ਮਾਡਲ ਫਤਿਹ ਸੁਪਰ ਸੀਡਰ ! Agrizone Fateh Super Seeder
[3479] Ze-6JjDQI4Q → Integrated Farm Management supports regenerative agriculture
[3480] mElFlrgPHOw → DIY lean to complete/ hay storage #homestead #hay #diy #storage #goat #goats #alfalfa #farm #ranch
[3481] 8TovHPIOZsg → The BEST Food Storage I Have Ever Seen
[3482] hZffK2Z1EO0 → Animal Biosecurity: Transporting Livestock and Poultry for Haulers
[3483] oTwrErUutJY → Pack your shorts and frozen water bottles! 😂 #farmlife #barbie #funny #harvest #positive #farmwife
[3484] FfXNVMsyccw → How To Summer Harvest Event in Roblox Grow A Garden Season
[3485] D5JgBpMfaso → Small 2x2 Round Hay Baler #tractor #hay #haymaking
[3486] JBBo6OsGVxg → Farm Fresh 🚜🌽 #farmfresh #farmlife #tractor #agriculture #shortsyoutube
[3487] _lCqm4a0vug → Tractor Land Farming #shorts #tractor #farming #agriculture #farmer
[3488] UHpopvW-9U8 → RICE FARM FIELD
[3489] O-UZTbNvK34 → Five Little Animals Dancing on the Farm 🐽 |  Pinkfong's Farm Animals  |  Pinkfong Songs for Children
[3490] c7vbIfSpwtU → Soil Management in Different Climatic Zones: Tips for Healthy Soil | Spring Scientific
[3491] Ak3F6hkYiKM → Promenade balade en réalité virtuel 360 ° sur le sentier du patrimoine a Monacia d'Aullène en Corse
[3492] N9S6BRzTvWg → Southern Agriculture History
[3493] b3UN1OS3vVA → How to Do More on Your Farm: Tips for Increasing Productivity and Efficiency
[3494] niaphkLP1dI → Corn silage     #agro #fashion #track #trending #farm #tractor #трактор  #кировец
[3495] BOdB6ROSLBI → From 🍇Vine to Wine🍷: Discover the Art of Wine making in Australia🇦🇺!! #australian #wine #farmlife
[3496] _TLIvdyE8kE → #hereafter #urdu #الرحمن_زرعی_فارم #quranquotes #ytshorts #quotes #islamicquotes #bayan #farming #yt
[3497] K5Z-HycYG4A → Brush Mowing Property Clean Up in Bay St. Louis Mississippi 39520
[3498] Ezpj-LKZQ88 → How Agrotechnology is transforming Small-Scale Farming in Nigeria
[3499] Vx4UwjKCW5Q → Growing TONS of FOOD in a Super Small Garden – Balcony Container Garden Tour
[3500] T7jX41rjdXE → "Automated Seeders: Revolutionizing Planting with Super Seeders and Robots"
[3501] XzCZMARMQxU → Webinar - Agronomy Ontology and AgroFIMS
[3502] V3jUpZZwpF8 → S Raja Power Weeder Reparing Full Video Kailash Enterprises Petarwar #sraja #bullet #funny
[3503] aygZhN645qE → 3rd Cut Test Plot Hay - Dilemma Over?
[3504] IfDjqOtoh4A → 5 Reasons Why MDM Is The BEST MILKING MACHINE
[3505] YbfQULvgUh4 → The Restoration Economy: What It Is | Generation Restoration Dialogues
[3506] G9CvXdPgu_4 → Bo our livestock guardian dog charges the fence up front and the rest of the Avengers assemble⚡️
[3507] gSJp82WPkz8 → Introduction of women manage Custom Hiring center for sustainable agri-mechanization Terai Nepal
[3508] RLzTldJ1ajg → What If You Shear A Pig in Minecraft?
[3509] 6rM1vxv16Ts → Silage emere yente eyomulembe
[3510] IZmh1hqXEF4 → farmer colton can’t just make up his mind 😅 #farmerwantsawife
[3511] HeuzFSh6e4U → Why Are Farmers FLATTENING Their Wheat? 🌾🤔 #farming #agriculture
[3512] WeZd6ndCLmo → Hill farming techniques| mountain farming techniques| agriculture| farming| BAMSI SHORTS #farming
[3513] F-rGyq3NRgA → Grow More Tomatoes Using This Method #growfoodathome #garden #tomato
[3514] 2p2qZXPVRAk → 4 Minutes Satisfying With Unboxing Different Farm Animals Play Set | ASMR | Unboxing & Review
[3515] IjgX9TcKK_g → Traditional wheat harvest: ancient farming methods in action
[3516] VgTAmqqfAgo → Episode 1 : The Truth About Baleage: Is Wrapping Hay Worth It?
[3517] 2h59wJjQfiE → Top 5 Benefits of Urban Farming Explainer Video
[3518] lv8akVRFB0c → Agriculture New Innovations || Best Agriculture Machine In India #shorts
[3519] lvd0GUbPUq4 → America’s Food Power COLLAPSING? 94% Export Crash Sparks Nationwide Crisis
[3520] Nhnqck528Vg → Indian Farmers Harvest Turmeric This Way - Turmeric Farming and Processing | Farming Documentary
[3521] USXdKbPoFLs → A closer look at our Noah's Animals Barn and Farmyard | Kathy's Cove
[3522] QqBeyXpro8Y → Amazing Agriculture Floating Bed Vegetable Cultivation Techniques কিভাবে ভাসমান বেডে সবজি চাষ করবেন?
[3523] 5Un72b7J800 → Complete Guide to Growing Vegetables Indoors And Harvest Many Times
[3524] 1aHPIZX-6EA → STOP Putting Gravel At The Bottom Of Your Pots!
[3525] yRltb2euksQ → 5.5-5.6 Sustainable Agriculture & Irrigation Methods
[3526] f-8OYBROKls → How We Can Triple Farmer Income & Revive India's Agriculture
[3527] XQMJK9UYOF4 → Cover Cropping for Soil Health | No-Till and Low-Till Strategies
[3528] f6qxys5FrtI → Plantain #planain
[3529] EVVQ-82cJV0 → How do you Manage Pesticide Resistance? | Pest Support
[3530] qSpTmLhdhuo → From Ancient Farmers Lessons for Today's Amazon
[3531] I7FYNXzLiQg → #goatfarming #bakrafarm #goatfarmingbusiness #beautifullgoats #goatfarm #goat #agribusiness #animals
[3532] TrRWwOiOT38 → Seasonal Planting Guide: Maximize Your Garden Year-Round with the Best Crops for Every Season
[3533] BD8i1vN86kc → AI for Precision Agriculture and Crop Management 2
[3534] zHjT3MsKyeQ → NCROC Agronomy Research
[3535] u5QQ-b0wNto → Tractor Rentals | Total Rentals
[3536] 79FfNAwRtdU → The Science of Crop Rotation: How It Improves Soil Health & Boosts Yields!
[3537] vRTL1uOHk1U → Pump Tractor Secrets That Will CHANGE Your Farming Game Forever #shorts #agriculture #pumptractor
[3538] DjF2JtusL78 → Today's Modern Organic Farming With Nuance and Nudge
[3539] 2wqvFT_b6Rk → Powertrac G28 4wd mini tractor with rotavator
[3540] 30CB-QvvGkE → Farmstead Model 150 Seed And Grain Cleaning Machine
[3541] tDj61RsPFLI → Smart Agriculture Technology (SATs) Implementation Highlights
[3542] 8oMF6FvXFKQ → Growing Onions with a plastic bottle.
[3543] CDjuk07E6rI → The 7 Basic Steps Of Mushroom Cultivation (How Most Mushrooms Are Grown)
[3544] w-1eV8nfm1o → Micro tillage machine  Cultivator  Orchard greenhouse management rotary tiller  One machine with
[3545] DZbaGC11h8Y → Soil Health and Organic Grains with Miranda Sikora
[3546] vsSRA4zJ6QE → BIGGEST CONTROL BAR POSSIBLE IN FISCH! #fisch #roblox #new
[3547] A2kNB4cEkEc → 10 Powerful Ways to Improve Soil Health 🌱  Sustainable Farming Tips | SoiLBooks.com
[3548] I_LG0YmXMsA → Revolutionizing Cotton Farming: Harvesting Millions of Tons with Advanced Technology
[3549] 7WipE29bD-k → My top favorite SCALP OILS 💛 Growing season by @burburcare Rosemary scalp treatment @Innate Life
[3550] P9X09deXaIY → Agricultural Productivity
[3551] 8BPKuxwNpZ0 → Transporting Tons of Bananas This Way - Grows and Harvest Agricultural | Agriculture Technology
[3552] IygaEQ83k_E → Container gardening
[3553] Qm47oguL3xY → Tips for growing strawberries at home
[3554] -07Qwk9Ous0 → Agrii digital services help you and your agronomist work as a team
[3555] 26JealfYSwI → AVOID THESE BRANDS!   Compact Tractor Buyers Guide
[3556] 6L08KF7apw8 → Agricultural Consultancy Services
[3557] GQII-WOA5AI → Farm Mechanization Advantages And Disadvantages | Agricultural science | SS1
[3558] qCewgdCVzTk → Ancient Rainwater Harvesting Techniques
[3559] EfxWo17ewcY → 🌾🚜 MARKET STUDY  on Agriculture Machinery Rental Business Idea  🌾🚜
[3560] zKAiqcn8tyM → The Tobacco Farming Process: A New Era of Cultivation
[3561] eBYxFbIu38g → This is Farming - Sustainability Practices: Rotation Cover Crops
[3562] tXSAlYhAwwI → Farming is Magic with Beneficial Insects
[3563] N-JEk_YYX7I → Cattle grazing with Nofence virtual fencing technology
[3564] tlQ0O9Q_gLE → Quick pig fence tutorial. (Our bulletproof training protocol)
[3565] T2z-tmf3VKI → ଫସଲ ପର୍ଯ୍ୟାୟ ଅନୁସରଣ | Crop Rotation Agriculture | Tomato Farming Crop Rotation | Baigana Chasa
[3566] qG2X0BuVWJ4 → coconut oil making machine - cold press - organic - extra virgin - www.coldpressoilmachines.com
[3567] 8HpO-zfo8GE → The TRUTH About PRUNING TOMATOES! Tomato Tips!
[3568] sRf01j_Yls4 → WeedZap - Smart Laser-Based Weed Control for Sustainable Agriculture
[3569] e2k7PJ8ht3I → รายการเกษตรวันศุกร์ ตอน โครงการดอกไม้บานชายแดนใต้
[3570] -toK-X-Gjw4 → Agricultural Inputs (English)
[3571] TTPm6oJWe5I → Organic Farming Techniques & Methods Documentary
Error fetching metadata for video ID ruu7XPqeLXM: Command '['yt-dlp', 'https://www.youtube.com/watch?v=ruu7XPqeLXM', '--skip-download', '--print-json', '--cookies', 'cookies.txt']' returned non-zero exit status 1.
[3572] ruu7XPqeLXM → Unknown Title
[3573] DPVz4fvWTm4 → The 5 Principles of Soil Health
[3574] 7JB4XCtBeQs → New Model Chaffcutter Machine
[3575] aj-fNQXFVmc → 10 different types of Tractors - Application Uses & Benefits
[3576] SQIxqXEqZas → Tips for Growing and Harvesting Gorgeous Grapes
[3577] pnekJ6lywBQ → China's Peacock Farming ! #amazing #peacock  #china #farmlife  #experiment #interesting #facts
[3578] OZLOvPqjlJc → Life of a Newborn Calf: What Happens After Birth on Modern Dairy Farms
[3579] BV7dj9Nyv-U → Why I'm Ditching Other Farm Software for This One
[3580] 9qewV5uDq9M → Washing Goats A Glimpse Into Animal Husbandry Routine
[3581] gzu7xZpHd_U → Service Shop & Equipment Maintenance: Yearly Monthly Daily?
[3582] KmlzwMO_Myk → 10 Easy-to-Grow Vegetables for Your Indoor Garden. 🌿🌱
[3583] aLUcAV_jNEA → How Does Crop Rotation Affect Soil Fertility and Productivity? | The World of Agriculture
[3584] n2xfUcNoQos → About insect farming: #1 Insects are animals
[3585] KlkiADSJ4O0 → Increase bell peppers yield #garden #gardening #garderningtips #farming #bellpeppers
[3586] B0DrWAUsNSc → Gardening 101:  How To Start A Garden
[3587] f5sRwDWvWGE → Solving This Barn Predicament
[3588] SpD3s1U6MAE → Sustainable Grazing: Harnessing the Power of Regenerative Livestock Management
[3589] fGrgcT_tpEg → Half Scale FARMALL 1206 Tractor #caseih #bigtractorpower
[3590] baF1mMb3tgE → Massey Ferguson 35 (1999)  massey ferguson 35 repair manual #short #tractor ✌️✌️
[3591] N0GW9dMOrsQ → Automated equipment for poultry farming - Modern Chicken Farm
[3592] AC7GaBv3bYk → Reaping Rewards with Resilient Rice in Cambodia
[3593] RNx4gxDK6NE → john deere 5045D second hand tractor has been sold @vehiclesworld5751
[3594] Tl6RaUHzPB4 → Successful Webinar on Carbon Certification Standards for Agroforestry Systems in Latin America
[3595] mwc7vER0P_I → Mini Round Hay Baler #haymaking #kubota #tractor
[3596] RAMN0r_zQ_k → South Dakota Rancher Shares how Rotational Grazing Helps His Regenerative Agriculture Ranch
[3597] QV5ZQnpkJPw → Oche nel Laghetto dell’Orto e Casette Impermeabili: Vita Selvatica in Azione! 🦆🛠️
[3598] W22LbN966-E → Improving Crop Yields using Fertilizer Programme
[3599] -LoLCFK5mxI → time for an exciting garden harvest!
[3600] uLc6BmZGgF8 → Rain Gun Sprinkler Irrigation System
[3601] udcccmof0qg → Gardening in fabric grow bags 2 month progress
[3602] cRsc5HgGoGY → Perennials and Natives for SCV October 2021 Webinar
[3603] q8-kC9a1EKc → Make Liquid Fertilizer from Kitchen Scraps || Gardening Hack
[3604] Ph47Tb5P1YE → The Reality Of Owning An Australian Hobby Farm
[3605] Gr-EiOz8AYk → Top 5 Peace Lily Care Tips You Need to Know
[3606] d9ULaKdhEBM → Surprising U.S. Renewable Agriculture Practices
[3607] tXdM9yLoHLk → Roof Inspection - magnifly.ie
[3608] 6mAhZqLnTts → Tractor and agricultural machinery maintenance program
[3609] 00bY-i2GeR4 → 1875 🍌🌻🥔🥬🥭 #landscape #FarmLife #photography #landwirtschaft #chickens
[3610] SBF9mpSpYC8 → RECOVERING ABANDONED JOHN DEERE FARM TRACTOR
[3611] gCmQNzr8b_Q → Field of Secrets: The Crop Circle Investigation | SLICE EARTH | FULL DOC
[3612] 1ThVB9thH7Y → How do you make more money farming #farming #hay #agriculture #trucking #tractor #truck #equipment
[3613] XU9IGKlvOrc → 2017 NRCS Gettysburg Dr. Dwayne Beck "Winter Grazing for Dakota Lakes"
[3614] cyzEjyHBlqc → Cotton with George the Farmer
[3615] gcJ4bDFDWkw → Hay Meadow Establishment
[3616] ZpcjNMUmM9c → Water tower in Satisfactory 1.0 #tipsandtricks #building #satisfactory
[3617] 4Rhz7JFog3M → Farm Diaries #1 weights of different farm animals 🐮🐄
[3618] rfztJmhSCzY → Mechanical Advantage: 20:1
[3619] 3MWqkoT2Z78 → Mechanical Harvesting of Apples
[3620] X1YPleUoCkI → Small corn harvester: Quality tools and machinery enhance work efficiency
[3621] jODGqARsx8Y → unique tractor for leveling beds on plantation land #shorts
[3622] -K80djZC8y0 → Top 5 Organic Pest Control Methods You Should Know
[3623] 5Mx_5BXvWL4 → Farming Tips From Zimbabwe To Africa | MKULIMATODAY.COM
[3624] HQQ8AHOxNdw → Corn Farming in the Philippines : Complete Guide from Seeds to Harvest
[3625] Q743ARjIXNU → Bob Streit -- Trouble Brewing in Modern Agriculture Production and Possible Solutions
[3626] KrdwNrWQeHA → Advantages of growing on an aeroponic Tower Garden
[3627] 42hsbZhIWNk → Pellionia Repens for closed terrariums
[3628] 43UWkFfZgsk → Water and wheat
[3629] AXkxUv5RoPg → Unseasonal reddish farming is highly profitable
[3630] VVkGpQAOl04 → The secret of bending tomato plants high yield #shorts #plantingtips
[3631] l-8JR2VCJPs → Brian gives a history lesson on tillage. #agphd #farmbasics #agriculture #tillage #history
[3632] 62XdIgla068 → The Satisfying Process of Making Hay Bales
[3633] aVdgkLVlBeU → Dairy farming technologies and management practices from a successful farmer
[3634] Lvtw5XiwCoA → Rice Harvesting Using Brush Cutter Machine
[3635] vgyj0pDK_SU → How to Prevent Soil Erosion
[3636] sG7lcSOO-k4 → The Runoff Experiment
[3637] Edk7cYBsXgc → SEEDS EXPLAINED: Heirloom Hybrid Organic and GMO Seeds 🌰
[3638] CRr3o_S-UpY → Fall Festival Activities 🍂 | Pumpkin Patch 🎃| Corn Maze 🌽 | Hayride 🚜
[3639] SHLE5ISjf3U → Growing Grain and Flour Corn (Planting to Harvest)
[3640] DHZ136olPY8 → Throwback to Bauma 2022!
[3641] zA8raNO4Nws → Corn Harvesting - Top Technology in Agriculture
[3642] ThrqIPEU1dQ → Dwayne Beck Changes the No-Till Narrative
[3643] dBfcWcQWJbg → Hay Group Job Evaluation
[3644] VOggkHhnTGk → What are the main challenges for implementing sustainable farming practices?
[3645] jyCfxi4RyYQ → agricultural#activities#agriculture#economia#agronomy#technology#shorts#food#harwesting
[3646] NfBYxfb9tkE → The harvest season is here so we’re hard at work processing our homegrown and foraged abundance!
[3647] yzKM_NiMLSA → Plants in Space!
[3648] OlrwQrU6v4A → ZERO GRAZING COWS ENJOYING FRESH GRASS IN THE FEEDING TROUGH
[3649] _TsEvVtEqKA → Mother's Milk Magic: Enhancing Low Breast Milk Production
[3650] -yhWEkXqVR0 → Introduction to Land-based Rainwater Harvesting - RUVIVAL Toolbox
[3651] DgkkTlZheHc → Tools used on the farm
[3652] v7GZ9SOs5sI → How Hydroponic farm systems works? a better understanding for beginers.
[3653] cW0ObYnfrrU → village agricultural activities weeding cassava plants #shorts
[3654] 0hjtHCMrOkg → Homie 28 - Hydroponic Systems  #gardening #hydroponics #garden #plants
[3655] UgMB9l_iMJA → 100 Animals of the World - Learning the Different Names and Sounds of the Animal Kingdom
[3656] KwPfYWDBV-I → Lease with Farm Equipment US
[3657] HdCg6i88Y6w → How to feed the world population?
[3658] 7bB1DpmCtak → Extra Privacy Ideas: 5 Fast Growing Plants for Fence 👍👌
[3659] 830dyMKW8ds → How can we manage soil nutrients on farms?
[3660] aV4ylIQMNBw → Climate Change & Coffee: Acting Globally & Locally
[3661] XzSchrmBt8g → Sustainable Agriculture: The Benefits of Crop Rotation
[3662] IyeWRoKVMGw → Secret Tips from Farmers to Boost Plant Growth with Organic Fertilizer! - Agriculture Farming
[3663] eXprHfcj3Do → Sing Along with Farm Animal Puppets | D Billions Kids Songs
[3664] pgdDDM30ALw → Cleaning up the Homestead After a big Snow Storm ~ Getting Ready for  -40 F Temps
[3665] cnWdy6hl4sQ → summer fruits | Indian dates #shortsfeed #trendingshorts #summershorts
[3666] HrB__7176-E → He let the intrusive thoughts win 😂 #ufc306
[3667] vC6jfkGoWjM → Agricultural Machinery Facilitates Autumn Harvest in Northern China
[3668] mBm2JlexZhI → Feeding a growing population
[3669] -2oi7vQvaws → Traditional Harvest Methods.wmv
[3670] Dtebtd4MEvI → NAYLOR FARM | Seeding Parity
[3671] 9_2wPyGqM4E → How Does Composting Promote Soil Conservation? - The Geography Atlas
[3672] ak-SOawI8tc → SHOP WITH ME at a WHOLESALE PLANT NURSERY
[3673] WPK1Ncjx5bw → 26000 square bales by hand! #farming #farmer #farm
[3674] CJgqpQAVDlc → How to start homesteading ☺️
[3675] wGHU0BJLDP0 → Get a head start on your garden and extend your growing season by planting these crops early Spring
[3676] MmLcm8SGRLA → Know these 5 Things BEFORE You Start Raising Chickens
[3677] 8DOsWRKytTw → Discover the Agricultural Science major
[3678] N7oppRaQb3M → Sprinkler Irrigation System - I
[3679] 6_AKq1_d6nw → Furrow Irrigation System - IV
[3680] 2nzyWl-G7BY → Oats grow on grass🌿Grass can be eaten by cats n dogs😍 #howtowithjessie | growithjessie
[3681] z4iaiSHpJn0 → Precision Agriculture Hardware and Equipment
[3682] lQ5axtFHG5s → Smart Farming with Traditional Tools – Land Ready for Planting in No Time! - Agriculture Farming
[3683] q45hn_AifLg → Case IH Hay and Forage Equipment: Modular Cutterbar System
[3684] ET5JjVCSn7E → What Are The Benefits Of Agricultural Biotechnology? - Biology For Everyone
[3685] AkaE65z3BB4 → 3 tips for growing a garden in TEXAS HEAT! (Or anywhere in the south really) #texasgardening #garden
[3686] M7Sz01oRn3c → Factors Affecting Farming
[3687] fiy-LYv5ovM → Growing onions from onion sets 5th October 2024
[3688] Ee0xx-JJhvI → Practice Sustainable Agriculture Now
[3689] iCs7QRx0lQY → Antique Gardening Books
[3690] SGsC53RzJNc → Hand Pick Insects On The Organic Corn Fields #satisfying #short
[3691] am1Q2GWds0g → Small Farm Irrigation - Video 3 - How to Plug the End of a Lay Flat Header Pipe
[3692] 9dAXdSbmuqI → Rabi crops and kharif crops Project on chart|How to make project on chart #project #video #viral
[3693] NvLJ2VPZUxg → Drip Irrigation Flow Rates | From the Ground Up
[3694] I9BwOsoZosU → Preparing the Vegetable Garden for Spring
[3695] E6WAQpRulhA → Key Ecology Terms | Ecology and Environment | Biology | FuseSchool
[3696] cajeNeQ5p64 → Industrial Agriculture
[3697] f8EjYUHncw8 → The Importance of Cover Cropping: Boost Soil Health & Crop Yields!
[3698] 80ghfIGgsgk → AGRICOLTURA SOSTENIBILE
[3699] 5QdhJnFcwwg → How to start your own Bison herd!
[3700] 8EoS6skEIE4 → Streamline Your Farming Operations with Our Apps: Comprehensive Farm Management Solutions
[3701] Z9VA96w2Uqo → Walking Tractor with Peanut Harvester: Cost-effective Farm Equipment for Harvesting Groundnuts
[3702] VfRBXe2tKnA → 7 METHODS OF SOIL CONSERVATION
[3703] Va1IGzwGmFs → a farmer's life philosophy
[3704] zcm2BvPwlmY → Urban cheese shop in Butchertown specializes in local farmstead cheeses
[3705] cW5WKo7p3L4 → Why Restaurant Salads taste better than yours! #shorts
[3706] IYh5AV3JzGo → Trail Clearing Cedar Key
[3707] ODH4F-gRnHw → Hay Day: Meet the Farmer - 13th Birthday Special Edition
[3708] TdI2YrNIf5g → A Complete Guide to Vertical Gardening (On A Budget!)  | Growing Food Made Simple
[3709] gSM0rL2u2J4 → The Future of Livestock Farming: Emerging Trends and Technologies
[3710] 7fTRTG8dpFg → Irrigation Soil & Your Garden
[3711] 0onuFQcYqkM → Quick Tip: Introducing new worms into your worm bin #worms #compost #vermicompost #organicfertilizer
[3712] Fp00v-OxTJw → From Suburban Photographer to Farm Life: My Journey to a 14-Acre Tennessee Homestead
[3713] 8jdmSAhYoZo → Understanding Agronomy: The Science Behind Agriculture
[3714] bepT4Po4nH8 → Grape pruning techniques#gardening#grapegrowing #garden#grapetree#farming#grapefruit#shortsfeed
[3715] gKv7O55BWxY → How Does The Animal Welfare Act Impact Poultry Chickens & Turkeys On Farms? 🍗🦃🦆 #food #vegan
[3716] 8gKlXtWRbQ8 → Grazing Management – NDSU Extension Spring 2021 Horse Management Webinar Series
Error fetching metadata for video ID tIEK1rN-tJs: Command '['yt-dlp', 'https://www.youtube.com/watch?v=tIEK1rN-tJs', '--skip-download', '--print-json', '--cookies', 'cookies.txt']' returned non-zero exit status 1.
[3717] tIEK1rN-tJs → Unknown Title
[3718] SCHPQLlmhYM → Keystone Farm Show 2024 Day 1 Recap
[3719] _61Fskx44DY → The Difference Between Store Bought and Farm Fresh Eggs
[3720] 20pQd6bP1ik → Used Equipment Strategy: Johnson Tractor 2012 Dealership of the Year
[3721] -nnlL0UXeOk → Let’s grow #wheatgrass and #barley grass. 🌾 #grains #indoorfarming #indoorgardening
[3722] aN5YZFMSHDk → 50 Ton Tractor EV Conversion | Rawsun Kit Full Installation & Road test #ev #evconversion #tractor
[3723] DnwCOfFHAvU → SMALL INSECTS BIG WORK 🌿 #farmwithnature #farmingtraditions #sustainablefarming #farming
[3724] qy9zuBcPV2Y → How a breeding bull is greeted by pasture full of cows
[3725] r6PUrsEzL0I → Awesome Greenhouse Cucumber Farm and Harvest - Vegetable Agriculture Technology in Greenhouse
[3726] DZGZar-WKRU → Ford 8N Tractor and Implements | Building A Homestead In 7 Days
[3727] Av8V8KESTlI → 3. IRRI Agronomy Challenge 2: First Fertilizer Application (28 December 2012)
[3728] nF4IOcQaD-U → Major Crops | Types of Crops |  Social Science - Geography Class 8
[3729] fiWTx-vRyQk → Sundaram Eclass Science concepts: Better Crop Yields (Quality Food Quality Life)
[3730] 84l1BQQQpTM → Quick Rice Planting Techniques #Demonstration
[3731] h4_t4Xgd4CA → The real problem with GMO Food
[3732] v2I2XaVKC_s → The Richest Players in Blox Fruits..
[3733] 3bd0NCfWQv8 → How to Practice Organic Farming
[3734] bLPn3I-jqOY → BEST 5 LURES FOR SHORE SALTWATER FISHING | techniques
[3735] lrCaQTfFcaA → Maintenance Tools Agricultural Machinery Maintenance Broken Screw Extractor
[3736] eQ_4Ccd0BsY → Straw vs Hay for your garden #growsomefood #garden #gardening
[3737] cU35pcvZ10g → THE JOURNEY #3yearold #mlb #baseball #dominicanbaseball #ballislife #baseballkid #pelotero #son #3
[3738] WI9ifHzr0mg → Winter Storm Preparation || Snow and Ice in the South || How to Prepare the Homestead for Storms
[3739] 6I4CE4382Mc → How (Not) To Bale Hay : Busted Belts
[3740] x_SjXaN8zZM → Cut Rake and Bale Our FIRST Hay with Our Compact Tractor
[3741] LfkeViBzeKA → The Enclosure Movement Explained
[3742] 0nUmcKzEAWg → Farm Management Software: A Review of the Best Tools & Technologies
[3743] PuYjW68lEn4 → Building a grazing table for 50 #charcuterie #grazingtable #grazingboads #charcuteriebuilding
[3744] FAf2T9iYkXo → 19th Bentley Lecture in Sustainable Agriculture - February 2021
[3745] yNWfgZCYQ14 → Optimizing Onion Quality: Impact of Irrigation and Nitrogen Fertilization on Allium cepa L.
[3746] oY1F_octlKA → The irrigation & pesticide system in JADAM farm
[3747] 6oZC71KizGU → Ewe lambs out in the snowy field & I get nibbled by EarFeather - ouch
[3748] XGPe-HnuzPM → Best Deal Ever!! Cardinal's Weekend Warrior Equipment Rental Deal
[3749] OZ6DRNsB4YM → Biofortification: Better Crops Better Nutrition
[3750] 3iH7QQYx2Xw → Fruit and Vegetable Marketing - Best Marketing Practices
[3751] 438TsOOSQds → Luis Mogni experto en insumos agrícolas y consultor
[3752] cFRni0UO_yE → Garden Center Tour in a Heat Wave! 🌺🌿🌸 // Garden Answer
[3753] i4s9L5VOSdE → Farmers' activities to remove potatoes and rural life #potato #agriculture
[3754] TrqZ26xyFHw → Denmark’s ambitious plan to boost plant-based foods | FT Rethink
[3755] O6AM0pNiUOs → US Plant Zones: Explained // Garden Answer
[3756] Ax807_rBh3I → 😞😞#rainyday #problems #farming #kisan #punjab #riceplantation #pujabi #jiri #rice #flood
[3757] ule5asNVKkU → Planning a Small Piece of land into an Agritourism Farm | 2024
[3758] Jb1FipEUr90 → Class-8-Science-Ch-13-Crop Production & Management-Topic- Modern Methods of Irrigation
[3759] i7orLHQCOOc → Flood Irrigation
[3760] OMK0fAl9oNA → simple hay feeder on our goats farm to reduce wastage  of feeds
[3761] xGIYl1-DwFQ → CORN KID DOESNT LIKE CORN
[3762] 9VbL1E3vJOM → None - Life Has Gone On Long Enough (Full Album)
[3763] 4wxneAdIr8A → Good Agronomy Practices
[3764] iaLyYC4lPs4 → Corn Planting Depth: 5 Reasons Why It's Important
[3765] 00LVsAQTKJc → Hay Day Groovy Birthday: Balloon Maker Event (2025)
[3766] kAoQ48ORjn4 → Citrus lemon orange mandarin grafting  Tree grafting technique # 76
[3767] LPtfUbfy1AA → Seed Starting Mix vs. Potting Soil: What You NEED to Know
[3768] b7IQyyoQ2Bc → Solar Fencing for Agricultural Land at Low Cost | Solar Electric Fence
[3769] b8QI5txu7ck → A Symphony of Agricultural Machines in the Fields – HuTaNaTu
[3770] vtZ_VA3uQpI → How to Grow Herbs! (The Easiest Method)
[3771] d4LBbee1jJg → The way to dry Tobacco leaves🌱#shorts #viralvideo
[3772] 4RaIIkRn414 → Stocking Up for the Future: Long Term Storage Food Haul
[3773] INSIBO-cbRw → Books as Gifts for Gardeners | From the Ground Up
[3774] T0nKftAZU_s → Livestock Production Systems
[3775] OG2V8ZL_TOo → Junyida Field Solutions. Junyida Farm Innovations. Jianong AgriTech Channel. #shorts
[3776] ygcrKeMKxwU → Hydroponic Vertical Farming: Maximize Space & Yields! 🌱🚀
[3777] U3DpVo7TlDw → Farmer Life  in 2024 #shorts #agriculture #farmlife #farmer #agriculturalmachinery
[3778] 28mJYBZQqs8 → Ohio Corn & Wheat: Grow Ohio's Future
[3779] 5egtn5IwNb0 → Super Practical Machines  #satisfying #shortsvideo
[3780] LJgtzHFUkzE → Tips for Successful Late Season Planting- Dealing with Plant Stress
[3781] WQXMr49Xorw → AMP grazing vs Rotational grazing #regenerativeagriculture #farmers
[3782] cJGnuG4Un8s → How to plow and till a vegetable garden area that’s never been plowed | John Deere Tips Notebook
[3783] tYy6qQECDl8 → the FarmHand tractor at work
[3784] Qo6zvBBROL0 → The Science of Soil Health: Going Deeper Part 2
[3785] YZ0HdFfjUTs → Greentech 2025 | Horticulture Fair With Vertical Farming
[3786] odoFd1nsv9M → Central New York’s corn crop is taking its sweet time this season
[3787] B0cefLL0B0I → Best affordable long lasting hay feeder for sheep and goats.
[3788] k_D9Jh_Nxlo → Abhishek and Abhimanyu students who earn lakhs through farming | Haritham Sundaram EP 347
[3789] QuAN-vqGfQk → 𝗧𝗿𝗮𝗻𝘀𝗳𝗼𝗿𝗺 𝗬𝗼𝘂𝗿 𝗙𝗮𝗿𝗺: 𝗠𝗮𝘀𝘁𝗲𝗿𝗶𝗻𝗴 𝗔𝗴𝗿𝗶𝗰𝘂𝗹𝘁𝘂𝗿𝗮𝗹 𝗟𝗮𝗻𝗱 𝗠𝗮𝗻𝗮𝗴𝗲𝗺𝗲𝗻𝘁 𝗧𝗲𝗰𝗵𝗻𝗶𝗾𝘂𝗲𝘀!
[3790] zTGH37naVM4 → 3 ways people are restoring nature and building rural livelihoods in Africa | UpLink
[3791] 92mE4x7eHTI → How to Become Sustainable? :globe_ Sustainable Farming Practices
[3792] tj_kOcOUr_g → When Tree Planting Goes Wrong
[3793] ju6xJ1USfAI → How Does Soil Health Relate To A Sustainable Agriculture Economy? - The Geography Atlas
[3794] nuJnigEpLt4 → Storage Shed - Easy Low Cost Strong Solution (refilling with mulch hay)
[3795] BJGiydOO-xo → Platicamos sobre los cobros del subsidio 2023 que enfrentan los campesinos
[3796] ucIZ4VBhTKQ → How to Succession Plant For A Steady Harvest All Season!
[3797] I9vG9egJHJA → Empty Cups: Climate Change and A Future Without Coffee
[3798] HuZUX0aEhxA → How to make an automatic wheat farm in minecraft ! l #minecraft
[3799] G-vfEBLZE4s → John Deere Kids | Real Tractors & Farmers at Work with Music & Song
[3800] 7gvNq11hYck → GROWING ORGANIC APPLES
[3801] _n41xiXTe60 → They make me want to say bad words #badword #funny #farming #homestead
[3802] 6kwVw6CvHEM → Homesteading Tips from the Pros  |  Homesteading Festival 2025
[3803] dbrSkgjJRYs → Beautiful and nature fresh maize 🌽🌽crops #short #viral #agriculture
[3804] ouymavnEB_g → Top 10 Tips For a Thriving Organic Vegetable Garden
[3805] lWE_bzkmUxU → Sustainable Agriculture: Systems and practices
[3806] ejtIIWKucKc → A Tip For All Heavy Equipment Operators - #mechanic #heavyequipment #tool
[3807] pT5f4MLJG9Y → A new era of agricultural machinery - drone operations
[3808] XYRZI1fu1FM → Farmers' Decision Making Process in Adopting New Technology
[3809] TWkjgNkyi60 → Planning a Farmer-to-Farmer Butcher Shop with Liz Brownlee
[3810] v0HFy3Tf2xk → EGG LAYER CHICKENS V.S. MEAT BIRD CHICKENS
[3811] bebVBbq87h4 → Slurry spreading. #agriculture #agricultural #shorts
[3812] eX-T2Z3QBC0 → what can I say I must be a really good farmer #farming #countrygirl #shorts
[3813] XSOCNzV1hhM → Rice cultivation//growing rice plants
[3814] d1Nqgw6dt6Y → Pasture Management and Meat Quality HD
[3815] 0CV7FZBBq0A → Amazing Bitter Gourd Farming Technique You Won’t Believe This Vertical Harvest🍈🍎🥕 #nature #fruit
[3816] Y2lbLiKCa1k → China's Double Farming ! #amazing #farming #china #farmlife  #experiment #interesting #facts
[3817] cbDVClciCSs → THIS WILL KEEP YOUR TRACTOR FROM TIPPING OVER! 😱🚜
[3818] czSJFLVeJ4M → Harvesting Giant Grapefruits and Snake Grapes with Python Encounter | Farm Life Survival Market
[3819] eLKScfjYhac → Dairy Farm Management
[3820] 6fLxVla4v_Y → Advanced Corn Harvester – Faster & More Efficient Harvesting!"#CornHarvester #ModernFarming
[3821] pfr1P6pxLO0 → 40 Acres of LAND for SALE in WASHINGTON with Home • LANDIO
[3822] H7d3d7c-RUo → Three tips for beginner gardeners 🌱
[3823] eMGmNXNMjwI → T Level in Agriculture Land Management and Production
[3824] uiWBgpVFl-I → The daily routine of an ideal chicken farmer #viral #chicken #shortsvideo
[3825] Nelgr0fZxtw → XUVOL XVF600 Harvester head #logging #loggingequipment#forestry machinery#forestry equipment#machine
[3826] LkcOso82JtU → Tractor Rental -  Brush Hog  - Brush Hog Rental - Kubota Rental
[3827] shfK85gMpmU → Farming Feeds Alabama - Catfish
[3828] Ny5qs6VK4A4 → Should you lease equipment? - TMT
[3829] h3qtRtHXHYw → Garden tips 24 - How to prevent watermelon from rotting #watermelon #vegetablegarden #gardentips
[3830] lOkr7TqPcdM → Preparing garden bed for early Spring planting
[3831] JLzU8ewrOqY → Learn about Agricultural Science & Technology
[3832] 1VNr2AyJ71w → Top 5 Farm Equipment Every Modern Farmer Needs
[3833] rYO3q1rUT_c → 5 of the Best Organic Vegetable Growing tips
[3834] TP-sYhZMqCE → Finally! We are going to have SO much MILK!
[3835] 6PsLdddG_2Q → Good farming practices for soil conservation
[3836] fp_pAOzI0os → DIY AQUAPONICS RADIAL FLOW FILTER  FISH TANK SWIRL FILTER CYCLONE FILTER ORGANIC GARDENING FISH FARM
[3837] m4yU18Log2I → Amazing Modern Bale Picker Stacker Machines You Need To See
[3838] F0uydeGf_Vo → Biodiversus - agricultura biológica
[3839] H6xXORaU7Jo → How Does Equipment Leasing Work?
[3840] Tw5-g4rn2j8 → We Built the Amazon of Agriculture | Agzaga Farm Supply Online Superstore 🚜
[3841] 91hZnkWuVXs → Organic farming:जैविक खेती के फायदे benefits of organic farming #organicfarming #farming #kheti #new
[3842] hOVehkKPcEQ → I Finally Bought Them!!! Amish Animal Auction
[3843] UhzUMC3yLNY → 5 Things To Feed Your Chickens So They Lay Eggs All Year
[3844] XtfyQxjXcqY → My Plants EXPLODED After This Homemade Fertilizer! (HUGE Harvest)
[3845] WDTFXjMH-7E → Monsoon: Agri - Meteorology | NABARD & IBPS SO - by Hansa Ma'am
[3846] nO2ikt4PHOI → Used Precision Farming Equipment
[3847] PqSK4qRaago → Tips to grow high yield Okra #smartfarming #gardeningtips #organicfarming
[3848] pTLc8mBNLug → Two Exciting Farm fun  activities at Butlers Orchard Farm. Hay Ride and Bonfire
[3849] 7FMB4FaiWTE → Potato Growing Underground Time Lapse - 92 Days
[3850] xA2Us-tS5Ko → Reliable haying equipment is a necessity | AgWest Ltd | Massey Ferguson | AGCO
[3851] RDDo3nNhbwk → Minecraft Cow Corral | Rustic Farmyard Inspiration #shorts
[3852] 7nHdYCr6rOE → Never Buy Sweet Potato Slips #sweetpotatoes #organicgardening  #vegetablegardening
[3853] nNi-mWj1rpE → Free Guide To Profitable Tomato Farming in Kenya From Seeds to Harvesting 2025
[3854] gby_YKmNnK0 → #YouTubeShorts #YTShorts #ShortsVideo #ViralShorts #Daily #Shorts #Farming #FarmLife #Harvesting
[3855] CpyNIOLF37c → How Can Fish Farming Adapt To Climate Change? - The World of Agriculture
[3856] TstGxqQPF8o → How much land does China own in America??
[3857] pWeZ_58PzT8 → The Basics of Plant Breeding! How To Breed Plants! (Garden Talk #23)
[3858] 7pjLTGqPf1E → Installation a drip irrigation system
[3859] JSUv9MAeobY → Alabama Smart Yards: Container Gardening
[3860] 2H1JNnZ4Xfc → Top 10 Gluten-Free Whole Grains🥜🍚
[3861] qhHijg5EDh8 → Love Walk Series Part 18: What Type Of Soil Are You?
[3862] 2dKIcb0rx6Y → How Can Agribusiness Help to Fight Climate Change?
[3863] 2Hg8pU9b-20 → Kubota Agriculture Tractors and Hay Implements
[3864] MeDatQTO-V4 → Raising Chickens 101..Best advice and education you'll find anywhere on the web!
[3865] Cmw39DQIjWA → Wheat small scale farming combine harvester in China 2024. #farming #chinamachinery #machinery
[3866] BmHod2ah7BY → HUICHAO Farm Machinery Parts #agriculture #planter #planting
[3867] Nj9U3mZ_CmY → Climate Conversations: Reducing and Removing Methane Emissions
[3868] PlJCMQoZ9WQ → Farms.com Soybean Report: Disease Management Tips For High Yields.
[3869] z2mCrBttkM4 → Rotational Grazing
[3870] _tijHjup-gM → Artificial Intelligence (AI) in Agriculture | The Future of Modern Smart Farming with IoT
[3871] RbZzshe7KfE → Revolutionizing Farming AI in Livestock Management
[3872] DpIxEQmBdts → What Are The Main Hazards With Farm Tractors? | FarmingSecrets.com
[3873] -jLlKoJp0NY → Mastering Gardening On Steep Slopes: Tips For Success!
[3874] n5vZjrr0g5Q → How to Grow Carrots in Your Garden: Harvest & Seed Planting Examples - All the Steps!
[3875] Frt7708shrU → What Are Agricultural Subsidies? - The Geography Atlas
[3876] WUxB2dqmjnI → Authentic yet Modern Agriturismo in the Heart of Tuscany | Agriturismo Sole
[3877] 4zp1M48xZKg → Micro Farm Life: Daily Eggs Beekeeping Outdoor Cooking & Gardening
[3878] XYuuUDFEEFg → TOP 5 Subcompact Tractors 2024
[3879] Uo4SDQ46S5Q → Types of Crops
[3880] FxraCsO7jjQ → Empowering African Women: A New Generation Takes the Lead in Sustainable Agriculture
[3881] 4FKyhrpyJcA → 📚 Crop Production and Management || Part 1 || Class 8 Science || By Muskan Ma'am
[3882] 5EE67-_hmAk → Amazing Garden Harvest on Only 1/9th an Acre Backyard Sustainable Gardening
[3883] OCzffKkqD-U → How to Grow Cotton Step by Step | Complete Farming Guide 2025
[3884] gvUR2KDfq7U → Sweet Corn - Kestrel Farm Westminster VT
[3885] Nakw4M_o6s8 → Farm life in Canada 🇨🇦 #shorts
[3886] UO25VwRAI9A → The Farm Simulator - Heavy Duty Thresher Machine - Android Gameplay HD
[3887] MI2YIVTR7k8 → DIY Trellis for Climbing Plants: Build in Under 1 Hour (Easy Step-by-Step Guide)
[3888] 3qQkmlh66hQ → Soybean Seed Protein Decline with Dr. Anuj Chiluwal | Field Lab Earth Podcast #130
[3889] L_2IOMPIwzg → Peanut Harvest: Woman Farmer's Abundant Yield
[3890] dpFxaDaTfck → Australia's Largest Beef Farm - Most Modern Farming Model - Best Quality Meat
[3891] MnLGUxhL2JI → Consequences of Agricultural Practices [AP Human Geography Unit 5 Topic 10]
[3892] AIkyY1BrFEM → Alaska Farm Land For Sale | Schultz Farms | 5592± Acres | Delta Junction Alaska
[3893] uSOOO3KBKDY → 384 Days in 8 Minutes - TOP 8 Plant Growing Time-lapses
[3894] jvDkiW3jnZo → Thirst trapping the harrow😍 Vlog is up😤 #farming #farmlife #cool
[3895] 9DI_911ftsM → Make A Mini Hydroponics System On A Budget - Grow Perfect Plants EVERY Time!
[3896] WazK8e88axE → Farms and Food for Kids | Learn how food comes from a farm to your table
[3897] jiMDBikc8nU → Diary Of Our Relationship
[3898] ju4ocqyJ678 → Small corn harvester，Automatic Peeling，Agricultural machinery
[3899] xssrjAXI43g → Agroecology: Facilitating Mindset Change
[3900] 8AM-nr5JztI → Supply Chain Education and Qualifications - What do you really need?
[3901] dKTfK-dZ-zg → How to plant Spinach
[3902] I7fByDXYSvk → A Revolutionary New Method of Growing Ginger and Turmeric
Error fetching metadata for video ID 7p9y4RdmRj0: Command '['yt-dlp', 'https://www.youtube.com/watch?v=7p9y4RdmRj0', '--skip-download', '--print-json', '--cookies', 'cookies.txt']' returned non-zero exit status 1.
[3903] 7p9y4RdmRj0 → Unknown Title
[3904] JwlmFQ1npeY → Mixing Pesticides Safely
[3905] JqXqAYujX_E → Messick's 40000 sq/ft Equipment Shop Tour | Elizabethtown PA.
[3906] ge8CBC3vVgs → Amazing Bale Handling Machines | Modern Agriculture Equipment You Need To See
[3907] Ld6dLPDQXDI → Container Gardening On A Budget | Dollar Tree
[3908] eUsUzLOvrvo → What is Supply Chain Management? - With Examples
[3909] E46rpW_TeaA → 2021 Super Hot Grow Series Ep10 - So Many Peppers
[3910] AwIkdOiOD_E → Backyard Shrimping with Brent Hood
[3911] oK3rwDj0o3g → I Used NEEM RICH and Here's What Happened to My Plants
[3912] fKIo-sVcxik → How Vegetables are Grown in Space
[3913] f3GiC2Bg40o → Forward Thinking Ranching
[3914] 3jFNLLRh7N0 → Six pest Control Tips for planting your garden #shortvideo #garden #youtubeshorts #tips #viralvideo
[3915] k_G-2OTf-tY → Working dog health Part 1 – General Health including worming and vaccinations
[3916] HUjeeaGAupA → system of rice intensification (SRI) #farming method of rice farming regenerative paddy cultivation
[3917] 6OKMx4X0gLg → Why Permanent Raised Beds Are KEY For A Successful Market Garden
[3918] dX8JlKeHnlM → Demeter: Goddess of the Grain & Agriculture - (Greek Mythology Explained)
[3919] l9fnyDNZyMk → DIY Trellis for Beans – Attract Worms and Boost Production
[3920] 2j6dNXZEFrE → What Is Grass-fed Beef? - The Documentary Reel
[3921] 2JzXkaukbSc → How Vietnamese are Triple Earning From Banana Harvest! 🤯
[3922] ofhQvAu_L1I → Water Erosion (english version)
[3923] FTpCxlI7nu0 → This Organic Pest Control Remedy Is A SCAM! 3 Natural Insecticides That WORK And One That DOESN'T!
[3924] da3_CGYPmCk → Harvest Season 2023
[3925] n3oC-vpzKRc → Soil Conservation 101 - Contour Farming and Terracing Intro
[3926] 0sFEDWbpubE → Tandem FARMALL Tractor Plowing #bigtractorpower #internationalharvester #farmall #caseih
[3927] jhUEy3y9psg → Easy to Grow Edible Seeds and Grains
[3928] zq5-XXoTmbg → Rancher Advocates BIG PICTURE For Long-Term Success
[3929] xp5OMWZyZhk → HOW to KEEP your CHICKENS WATER from FREEZING OFF-GRID HACK
[3930] xaM7RB5xnPI → how to draw agricultural tools with names
[3931] G-PVYT7a17U → Making and Testing Goat's Milk Cream Soap Penny Adler SD
[3932] fRPoXecfV3s → Profitable Vegetable Farming For A Beginner SMALL Farmer- Least Effort
[3933] rD6MWw4tEak → Growing Hibiscus Plants Indoors | Overwintering
[3934] icnEdHUT5bI → Equipment Parts and Service with All American Rentals
[3935] 64YapgN6G2w → The Step By Step Guide to Crop Rotation
[3936] h4KRfozZJCI → Cow Herd Forest Amazing Agricultural Scenes
[3937] vTkeAtm-cuA → January and Annual Crop Production Briefing (Rerecorded)
[3938] ODQXfeJGfTE → SIX Foolproof Onion Tips You Probably Didn’t Know You Needed
[3939] 6bbJ0zWz9Ho → Poultry Solar lighting
[3940] 1p8LIh7u4oM → "Case IH Axial-Flow 250 im Test – Der König der Erntefelder!"
[3941] TaooW-zT4b8 → Alternative Feeding For Cattle
[3942] CtukK3jbzLI → 13 DIFFERENT TRACTORS YOU WON’T BELIEVE EXIST #3 | AGRICULTURAL MACHINES
[3943] OM_AXnpKgq4 → Zone 7b Planting Calendar: Perfect Timing for Your Most Successful Garden Yet
[3944] KLTinmcTFck → Farm workers clean cows from millions of insects
[3945] 2m9fb5UCkck → The Smart Solution for Modern Agriculture #farmer #shorts #agriculture #modernagriculture
[3946] pJAr3mjKN-4 → Hay Vs Straw | What’s The Difference?! #farming #wheat #crops #plants #farmer #farmlife #homestead
[3947] L4A1jp7xKCU → This Milking Machine Will Change Your Dairy Farm! 📈🐄
[3948] qamgsE2Rp0o → Sustainable Soil Management - Basic Techniques to Improve the Quality of your Soil's Health
[3949] oe8DZEwyxvU → Setting Up The Winter Chicken Coop Part 2 and Setting Up The Waterer
[3950] BfF1jVfrv1o → Production Factors (Land) Grade 12 Agricultural Sciences
[3951] mgk3j14Vi0w → Simple Guide on to How to Grow Capsicums (Hoho) | Capsicums Farming in Kenya
[3952] CktlsNtqGdo → John Deere tractor doing tillage Timelapse with quote #farmer #farm #farmequipment
[3953] _qst_s7OYz4 → 3 Reasons to Start Your Own Farm or Homestead #farming #joelsalatin #homesteading #regenerativeag
[3954] iFOwbpvxX2o → How to Buy Farm Equipment Using Alibaba | Get Best Poultry Farm Equipment from China
[3955] Ym3WQKtlPo4 → Grass System | FOOD FOREST | ALLEY CROPING | AGROFORESTRY PRACTICES
[3956] s4QTpRoYLdg → Luke Bryan Harvest Time (Featuring The Bartaks)
[3957] mtWAmBvwuRw → Rhizobium multiplication! Leguminous crops! Bacteria! Organic Farming.
[3958] TVzm7Cg1vFQ → Regenerative farming practice knowledge sharing to build soil health
[3959] 7AzjpcWcoOA → FARM HAUL #haul #whatsinmyplate #grocerystore #groceryshoppinghaul #unboxing #breakfastfood
[3960] OxjaKCFiw1s → How often do I need to water Cannabis plants? (Science Explained)
[3961] cVVt3-jWq30 → Hay Day! Barn Management Tips! Viewer Requested!
[3962] lPyco-L53sA → She Left the Farm One Last Time… Then the Alpaca Did This
[3963] mKJxWR9Kzps → METHODS TO GET HIGH YIELD
[3964] uttuikb7Fu0 → Revolutionizing Agriculture with AI-Driven Crop Management
[3965] UT6KZElzfJY → Small Farm Seed Production: Tips from Driftless Seed Suppl
[3966] EFGf7n20A-I → Ancient Chicken Farming Techniques
[3967] 9Z-TDPkxhPU → Sowing corn with no till planter on farmer field
[3968] U9CMaHDUCQs → Hydroponics vs. Aquaponics: The Ultimate Showdown!
[3969] KJTfzAD5_Jc → Agriculture activities in Jordan | WFP
[3970] PL09g2BkX4E → Sonne Farms 🤔🌱 #sonnefarms #farming #agriculture #shorts
[3971] 8r5PbPkuklI → TM4: Agritourism as a Form of Sustainable Tourism
[3972] PLLReNJVCvQ → Fertiliser   Types of Fertiliser
[3973] s4v5ZWUW8v8 → Dairy farm construction ఎలా...? 🤔  #dairyfarm #dairy_farm #dairyfarming
[3974] bH1a0HAKfgI → 🚜 2025 Tractor Review – Is This the Ultimate Farming Machine? 🚜
[3975] 9KgYS55skdo → Hay Day - Machines Management (Tips & Tricks)
[3976] 2uQgi6R7oDY → How to sell baked goods at a farmers market
[3977] VGJduwENNw4 → The Environmental Impact of Livestock -  RUVIVAL Toolbox
[3978] JzYb-qFvPT4 → Building a Precision Farming Department
[3979] IGHK5uOuIiQ → Series I Lesson 14: Sustainable Agriculture: Growing Food Protecting the Planet
[3980] qjd63oNkgn4 → INTRODUCTION TO AGRIBUSINESS DEVELOPMENT CENTRE
[3981] KpzzffeVJ-8 → How Does Sustainable Agriculture Improve Soil Fertility? - CountyOffice.org
[3982] GwwameCFAJk → Experience A Weekend Away From The City  - Exciting Farm Fun
[3983] Ofkuqr5OFGM → Used Farm Machinery Used Excavator Parts Used Tractor #machine
[3984] HaYNXWMS2Gw → The Pollinators (FULL MOVIE) Bees Food Supply Environment | Award-Winning Documentary
[3985] uNsLUH4kiiE → ULTIMATE QUICK HITCH GUIDE For Your Tractor 3 Point Hitch!!
[3986] dPeEjkm-YjM → सेंद्रिय माती म्हणजेच आरोग्यदायी भवितव्य – सद्गुरू | #पर्यावरणदिन #EnvironmentDay | Sadhguru Marathi
[3987] c_BPET0RZvs → Daily life on a cattle farm: hay feeding time
[3988] gaHXEbFJA4g → Miniature Haying Equipment. #johndeere1025r #minibaler
[3989] FZbBCn7irvM → My TOP 10 TOMATO Growing Tips from 20 Years of Experience
[3990] fHS-OY9XDZc → Selective Breeding | Evolution | Biology | FuseSchool
[3991] fIICl8s1nxs → Oakes Irrigation Research Site: Hans Kandel - Early Planting of Soybean
[3992] JE0VetnENg4 → COM PRESENÇA DO MINISTÉRIO DA AGRICULTURA PECUÁRIA E ABASTECIMENTO BRASIL NOVO SEDIA SEMINÁRIO REGI
[3993] FeHkgWmiXlk → New video out hauling hay with the new trailer #hay #cattlefarm #farming
[3994] PLub0P_jo0Q → Farm Tillage Systems. #shorts
[3995] 8OFD_vTbDQg → The daily life of a snacker My rural life is so fragrant I cried with greed and the little fat b
[3996] n1GMogKDW1U → We Bought a Farm & Started a Homestead in Our Early Twenties
[3997] yU8P6oQD6iI → The Future of Irrigated Agriculture
[3998] VFdMKznk8CY → Grafting Tomatoes
[3999] 6A0XPmFZ050 → "Moving Meadow": An Innovative Cropping System for Sustainable Agriculture
[4000] ywtgqTkiwE4 → Why Maintenance Matters in Agriculture: Your Comprehensive Guide to Farming Equipment Upkeep
[4001] W6RCsBrkmbs → Wisconsin dairy farmers adopt changing technology to help preserve their legacy
[4002] Da2-20bMVys → farm animals model/ farm animals project ideas/ farm animals school project/ farm animals
[4003] t_dNb07yMeY → How to build a 1 acre Homestead
[4004] 1SxVVtbCMqc → 10 Small Cow Breeds for Small Farms
[4005] qSeYF6EWgDY → Growing agriculture with big data: Alex Ball Meat & Livestock Australia
[4006] tYyS9Rp_6tU → How Does Seed Storage Affect Seed Distribution? - The World of Agriculture
[4007] yo951QaOnSo → Minecraft - Planting Crops in Rows Efficiency Test
[4008] aYXonJRJfxg → "Surviving the Drought: Innovative Farming Techniques in Nigeria's Benin City 🌾💧"
[4009] uy4UsvBl4Pw → Agricultural Biotechnology: A Comprehensive Guide to Innovation in Farming (8 Minutes)
[4010] xS1BDR9HVjU → Harvest Inbound🤩  #farmequipment #machinerychannel #farmingtractor #tractor #agriculture  #farming
[4011] PWn9HdA51eA → Precast Compound Wall With Column Concrete Foundation #concrete #compound #readymade #precast #fence
[4012] 1Wy1wJkzewY → Impacts of Climate Change On Food Production
[4013] tktmAxnLbyA → I Grew the SWEETEST Peas EVER with These 5 Simple Tricks
[4014] LwlfbIK5LzQ → IS IT WORTH PAYING THE PREMIUM? ARE JOHN DEERE & KUBOTA BETTER?
[4015] ZVGfHf9M3aY → Do NOT buy the grape seed in Grow a Garden #roblox #shorts #growagarden #robloxshorts
[4016] aVTUeGYQdA8 → My Concern with Forest Raised Pork  #pasturedpigs  #covercrop
[4017] R-YBnlo_YBE → ¡No coseches así o perderás tu cosecha! #agriculture #huertaecológica #ecologico
[4018] enztibUiRMg → Number 1 Rule of the Truck 📻👍🏻 #radio #rules #farmlife #shorts
[4019] wAGfn0vYIVM → question word with sentence for speaking English practice #viral #aleenarais #short
[4020] -YN7unsuuVg → This is how Chaffcutter Machine Works
[4021] qBMfRt0zY6Y → Is the Amazon Rainforest Manmade? Discover the Truth! #shorts
[4022] 6WPpPDAE1qo → MODULE 2: 5.6 Farm Management Accounting Key Benefits
[4023] w30GhHnRLtk → #loader#small forklift#livestock machinery for raising cattle and sheep
[4024] wzAlCSgrauc → Who’s Doug? It’s Not What You Think 🌱 #DougGardens #SoilHealth #homegarden #GrowYourOwnFood
[4025] A-WP9TCbFdc → Sustainably Raised Beef
[4026] NQo3LBLj-ug → Mini Power Tiller: A Farming Revolution
[4027] K6NItTFNV6E → Agriculture and Settlements Birth of Civilizations #DawnOfHumanity#HumanEvolution#Ancestors
[4028] Rj89E6N5QQY → How to Store Your Tulip Bulbs (and Why You Should) #shorts
[4029] DX3pWQBWD-4 → Agricultural and Business Property Reliefs - Inheritance Tax
[4030] 4mHEFXOOmx8 → How to Rotate Vegetable Crops
[4031] KgOgk6EvikA → Lec 10: Problems arising due to modern agricultural practices #CH24SP #swayamprabha
[4032] JTUYAGL6j30 → gao⛈️⛈️⛈️⛈️⛈️ #song #love #nature #countrybeauty #naturephotography #outdoorphotography #landscapeph
[4033] IAWPAmQWm2c → FORGET ABOUT JOHN DEERE OR KUBOTA! YOU WANT THIS TRACTOR!
[4034] ZoUONhdIHus → What is the Importance of Agroecology in Sustainable Food Systems?
[4035] 2fmI42Ba9yI → Gardening & Permaculture Books In My Library #permaculture #permaculturebooks #gardeningbooks
[4036] FcNVNyHGXtI → Le Métier de Maraîcher : De la Terre à Votre Assiette #métiers #maraichage #maraicher #légumes
[4037] wyn2aEQkTYU → Farm + Food Business Marketing Series Session 3: Harness the Power of Digital Marketing
[4038] FsiPnAR1J-I → what is crop rotation ?? #cropscience #agriculture #science #sciencefobia
[4039] tZCp-OgYTq4 → Top 5 Sustainable Farming Techniques You Can Start Today 🌿 #farmingknowledge #responsiblefarming
[4040] mhf3k8B7i1g → Differences between Subsistence Farming and Commercial Farming |Class 10 SSt Questions| #shorts
[4041] kRufr-KiZsg → $65 20 Gallon Aquaponics System With Bell Siphon
[4042] xc4YLlMZg9Q → Application of Sustainable Farming Practices: Botanical Pesticides (Papaya Leaves Extract)
[4043] IuNefvkyxC8 → HOW TO GROW TOBACCO (in our cool climate!)
[4044] SvODmOiA6Ag → Potato Combine Harvester Techniques: Boost Your Farm's Productivity!
[4045] YTY0NUKS78U → 35 Amish Vegetable Gardening Hacks You'll Wish You Knew Sooner
[4046] QGxLCUUpuwc → Faculty of Agriculture | University of Peradeniya
[4047] Zrew4o9pIuQ → Sustainable Livestock Farming Practices: How to Protect the Environment
[4048] OfkkqnJbOVc → in demand temporary foreign farm jobs in canada|farm jobs in canada with free visa sponsorship 2022
[4049] Eo9QLlRek-4 → How to Use Grow Lights for Indoor Plants - Complete Guide
[4050] 8VMvLo4BEAU → Right methods of wheat cultivation😱🔥 #factboksatry #farming #shorts
[4051] VStVjh5qPDc → Wheat Harvest 2025 near Vernon Texas | Gleaner Combines
[4052] uFdw2_whum8 → Innovative farming tools: maximizing efficiency and yield
[4053] g_gEKg8FptE → Pesticides Safe and Easy (English)
[4054] IdWEaEcTgyU → [261LC64] Farmhand 1140 Loader Commercial OK Rolandson Culbertson Implement Sunrise Milne Equipment
[4055] FeYI3rTgz-c → Crop Rotation for Home Gardens (2025) #7
[4056] JnYVz1TSmBQ → How Levers Pulleys and Gears Work
[4057] mSbMmLuuhqo → L 22   Agrarian Economy 002
[4058] RmzXgMvgbJk → Maximizing Yields and Sustainability: The Benefits of Mixed Cropping and Crop Rotation
[4059] v_u-8kJDkWQ → Eradicating Peste des Petits Ruminants Globally
[4060] 6CbTJg2SYxY → ☝🏼 1 month growth in an aeroponic Tower Farm in Kuwait #verticalfarming #kuwait #middleeast
[4061] GG4MXfpw6xM → 10 Crops You’ll REGRET Not Planting This July
[4062] hXlSicZE9jI → 10 Organic Ways to Control Pests in the Garden
[4063] MqBsFrOpsoo → Tractor Video located in Rockwood Ontario
[4064] LIexRsdywgg → Most Powerful Zero Turn Mower Wholesale | Koham Powerhouse Series #ZeroTurn #HighTorque
[4065] ZTSoosdzk60 → 7 Fast Producing Fruit Trees Every Floridian Needs
[4066] TORDtwgBt30 → GROW lettuce at home | How to grow lettuce at home
[4067] LzKVjS9tWE4 → Joel Salatin on the high turnover rate of American homesteads #farming #homesteading #regenerativeag
[4068] LK0yLEEq5lk → Weed-Control Machines - Harvest Farm Whately MA
[4069] jykxIrJbznY → Small-Scale Hay baling Equipment
[4070] pCj58isK1xE → Effects of Tillage on Soil Health from Vegetable Farmers and their Sustainable Tillage Practices
[4071] a0ZNp0brb8k → Feeding Chickens with Nutritious Farm Food 🐔 | Healthy Chicken Life #ChickenFeeding​#HealthyFood
[4072] V0JuWjSeS74 → The BIGGEST 12-Year-Old you will ever see 😳🤯 #shorts
[4073] eyWlpX0JyEc → Top 5 Baits & Lures For Trout Fishing!
[4074] 0e0cjhRC-RU → Dam Raised Baby Goats are they friendly? My experience after 1 month
[4075] QOWDKQz3P6U → Development and implementation of digital technology in agriculture
[4076] he3UvkhQCm0 → Examples of Sustainable Farming Practices with Karen Haynes
Error fetching metadata for video ID ENlLc8sqdCk: Command '['yt-dlp', 'https://www.youtube.com/watch?v=ENlLc8sqdCk', '--skip-download', '--print-json', '--cookies', 'cookies.txt']' returned non-zero exit status 1.
[4077] ENlLc8sqdCk → Unknown Title
[4078] 6j5eobg9XGE → Farm labor shortage hurting food production
[4079] mYDXrjosth0 → How drones help improve agricultural productivity in poverty-stricken areas
[4080] NbztcYDT81M → Wrapping Bales For Haylage #haylage
[4081] X2T2flA7slI → Bextra Hay Saver
[4082] QcN-1ukbb-Y → Space-Saving Hay Rack You’ll Wish You Bought Sooner | NPGLOBAL Wall hay rack on Amazon
[4083] 2ozwxjvDUcQ → 🌱 Fall Gardening Essentials  5 Crops to Plant for a Bountiful Harvest!
[4084] _6rSlPU1zk4 → 3 Tips For Growing Cucumbers 🥒
[4085] o6LP6MdWgvY → The Ultimate Guide to Improving Soil Quality and Soil Health on Your Farm | Sustainable Agriculture
[4086] t6zuJQdpT1E → Wendy's Ghost Pepper Ranch | Copycat recipe
[4087] SW1mnAmnAd8 → Taro Farming #shortvideo
Error fetching metadata for video ID hYrQICr3rj8: Command '['yt-dlp', 'https://www.youtube.com/watch?v=hYrQICr3rj8', '--skip-download', '--print-json', '--cookies', 'cookies.txt']' returned non-zero exit status 1.
[4088] hYrQICr3rj8 → Unknown Title
[4089] XcaRFenYqbU → Livestock Production #sciencefather #livestock
[4090] ArmeleGhEdQ → Смеситель для комбикорма №12! Выгрузной Шнек! Mixer for animal feed №12! Unloading Screw!
[4091] Q1-nz4hHCGI → Rice Farming Career A Day in the Life of a Farmer!
[4092] 18Qmlad1j8Q → Farm maintenance/broiler stocking/farm update/#beginnersguide
[4093] CtDVVHvjlc8 → Map of Michigan Beginning Farmer Resources
[4094] DuqAKMVyqvU → DIY Natural Insecticide for Plants | creative explained
[4095] mscZuXzd9TU → Square Watermelons: Practicality and Efficiency in Japanese Agriculture
[4096] -kQvHQkIEY0 → #farming #sea #shorts | Unbelievable!😱 Rice Farming on the water 🔥🔥🔥 #ocean #water
[4097] 6wKP81C1lKw → 🌹pinklilly flower🌹 #viralvideo #love #song #shorts #funny #bhakti #music #viral #tips101 #garden #hi
[4098] H995h_tDOHI → Soil Amendment Myths | From the Ground Up
[4099] pV-YnSDfCxc → The Heart of Brazil: Sustainability in the Cerrado
[4100] yZqqaCaLn1M → HOW TO... A Guide On How To Get Started With Herd Management. | Call Of The Wild.
[4101] Hyru1bB9Cxk → Let's begin to farm with the JADAM No-Till method.
[4102] vIpUt321Lno → From Farm to Fork
[4103] u-IHF5ENkG4 → The Life Cycle of a Pumpkin
[4104] rlaMYHw1GB0 → BIG Bull Breeding a little Heifer!
[4105] ig-GecWO8XI → ADVANCED VOCABULARY/EXAMPLES OF "IMPLEMENT" "IMPLEMENTING"/AMERICAN ACCENT TRAINING/AMERICAN ENGLISH
[4106] nDbE6Z5b8TM → Peaceful Farm Ambience with Farm Animals and Relaxing Music Acoustic Guitar Instrumental Music
[4107] NN8n-0yoxt4 → How China Cultivates Cabbage with Machines | Tips for Indian Farmers 🇨🇳🇮🇳
[4108] 1gaNg263Gn0 → modern farm tractor makes the work of farmers easier
[4109] 8UPn1L_H7Lw → The Easiest Gardening Method You've Never Heard Of...
[4110] gCp8_nw3kaA → Tractor Supply F&H rent or buy a bale wrapper... #goweil
[4111] uMqtoyTI6ps → Hay Making Equipment 101
[4112] q_ovvNLFzsk → New Holland Mähdrescher | Combine Harvester | Free to use 4K footage - creative commons
[4113] 7xPyP7LvyAg → Vintage Farm Equipment and What I Use it For
[4114] i5HhJTRH3so → Equipment: Lease Versus Own
[4115] ONLJqrpkvm0 → Reap A Longer Harvest With A Cold Frame
[4116] 3Sz9UXr5OfA → Why Every Farming Tools DIY Enthusiast Needs a Mini Tractor #rotarytiller #tractor #minitractor
[4117] ZHH0odgXBXI → Tighten that wire!  Tighten that wire hard!
[4118] YMD62xLGvi4 → Grow More Give More: Planting a Raised Bed Garden
[4119] gTPEal3y7Ik → Agricultural Activity
[4120] oag6W33ixAw → Village Farming for Survival | PNG Bush Life | Yipma Baruya | Melanesia Raw
[4121] sbppV5nShmA → How Farmers Reduce Erosion
[4122] ASo-eQS4ceE → "Feeding a Hungry Cow with Litti | A Heartwarming Farm Adventure!"
[4123] BWAnHej2vH8 → The CUTEST Baby Animals On The Farm!  🐣 | John Deere Kids
[4124] Z70vA52gEG0 → tractor implements Fabricator -                      disc plough 4x28"  120hp tractor
[4125] hXYoEbCPzGU → Combine harvester in action
[4126] JKFDTtmwnI0 → Feeding 300 Cattle On Our Farm!
[4127] Sacy5RiR0J8 → 2025 Mahindra Tractor: Power Performance & Innovation for Modern Farming
[4128] 9W5q-rFaeWQ → Equip your farm for growth
[4129] ekx2XcYxVxQ → Manure and nutrient production bedding design tips for beef barns
[4130] evrfTt_Hgug → Training potato farmers on environmentally sustainable Integrated Crop Production Practices
[4131] pxBNWvqaEJQ → #agriculture #beachedasbro #farming #australia #ranching
[4132] 4aGJulESdl4 → Exotic Tractor Attachment Collection
[4133] laVVua4x8HY → Increasing Access to Agricultural Inputs
[4134] 0sca6hpAOEA → How One Hen Revolutionized Farming: The A Weird Song
[4135] 0l9PEpW6HHU → Agricultura Sustentável - Aula de Meio Ambiente e T. R. Prof.ª Márcia - Agroindústria FATEC
[4136] zXEq-QO3xTg → The Animals On The Farm | Animals and Farm Song for Kids | Super Simple Songs
[4137] PPCGevYDTf8 → CSA = Community Supported Agriculture
[4138] oFUEOqrGasw → Milk Record from a Cow That Looks Like a Zebra #facts #animals #interesting
[4139] Mj4ZsmrGBcw → Rental Man Buch’s Top 5 Favorite John Deere Tractors of All Time (+ a Bonus Pick) #buchedup #deere
[4140] LeAXSPqDB2o → Manual Baler For Recycling
[4141] Hx-aPGEPBtg → Rural life rural life funny boo absurd video
[4142] 3UoJJDPwLCQ → The Secret to Perfect Rigging: How to Tie Weights for Every Fishing Situation
[4143] jBEJHyNtN1w → Conclusion of the 1st hay cutting 2025
[4144] 5wfpLZZYLgI → Using the Blockchain for Agriculture
[4145] 4rVJwIBQVJw → Planting A Tree In Sandy Soil (And How To Fix It)
[4146] e-qwpWhGaa0 → Rice cross breeding technique
[4147] WEeICYjlfUQ → So You Want To Start A Homestead? (Beginner Tips From A Beginner)
[4148] M5Gcsbop5-k → Potato Digger Short #potato #harvesting #farmmachinery #gardening #garden #homesteading
[4149] 3Zadt1abGS0 → Excavator job: Fence remove
[4150] t5spo5mAKb0 → Organic Farming Models Explained From Crop Rotation to Agroforestry Systems!
[4151] -DBD7DanTj8 → What are the Benefits of Farmland Hedgerows?
[4152] PXzGUxMnNPw → Farmtown is BACK! How To Use Farmhands Properly
[4153] dNsU3UkTOpw → Tyler The Creator - Answer (Just the Refrain)
[4154] C96S4XofXtY → CY80 Cultivator小型摺疊中耕機/耕耘機搭配6聯5馬刀(新機啟用)竹園鬆土 中耕機
[4155] 47MNn4bsmSw → Learn Animals with Ms Rachel for Toddlers - Animal Sounds Farm Animals Nursery Rhymes & Kids Songs
[4156] NtiJN_CawaE → Biodiversity ecosystem services and indicators -- M. Walpole UNEP-WCMC
[4157] NI7TFZtt_Fk → Farmhead Super Seeder Agricultural Products
[4158] elZ-Y7CIH5M → Community of Practice – Supporting Smallholder Farmers to Build Healthy...
[4159] ysVUUmNDOC0 → Careers in Agriculture - Science
[4160] QDpGmg_xpfg → #farming #funny #cat #food #colonelkkjϟ #chicken #animals #goldenretriever #cute
[4161] 8f5oIW-lVFM → Advantages And Disadvantages Of Farm Mechanization | Agricultural Science | SS3
[4162] fMS-UVrYIzs → A Cowboy's Last Wish Ride on His Favorite Horse at Bobby's Ranch
[4163] dvmqzjyV_7g → Tractor Thresher Simulator Games 3D: Real Farm Tractor Plowing - Best Android GamePlay #2
[4164] KUSFrAefiSw → New DIY Auto Water Set Up #fyp #instagramreels #foryou #diy #welding #carpentry #farm #homestead
[4165] 3e9-sUB1ffw → Crop Rotation Explained - Garden Quickie Episode 224
[4166] lTNyMV9zqtY → Grow Plant Based Protein in the Garden! | Vegetarian or Vegan Homestead
[4167] wERr3UFLa6s → Benefits of urban farming
[4168] ktCrc0URpCI → Four(4) Tips For Making More Money In Pig Farming
[4169] d2mt1N8fpc0 → Grape Farming #satisfying #agriculture #farming
[4170] 6qPGWi-D5Zg → Good Thing It's Not By Hand...✋
[4171] hGkvRBuLW64 → Crops Climate Change and COPing Strategies
[4172] 2q2Tba0sFTE → solar powered drip watering system
[4173] Gb2OMKxk3h0 → State of the Beef Industry | How Long Will Historic Cattle Market Last?
[4174] BG4v_qJV-KI → Planting an Herb Garden
[4175] NSvTM0puqJ8 → Management of Agricultural Waste
[4176] X3i5JYml6hs → Urban Gardeners Grow Crops in Spare Spaces | National Geographic
[4177] kYqahodYpvM → THE SECRET TO PLANTING GARLIC FOR PROFIT (AND SAVING YOUR SEED)
[4178] jZpJnBVKAi8 → The Future of Food - Vertical Farming Nanotech Water Conservation and GMO [HD] Video
[4179] ci55KRgMXes → #Valtra #GSeries Smart Farming technology - ISOBUS #Short
[4180] fEWeLi_PqYg → I’ll Never Grow Onions Any Other Way!! - Ultimate Easy And Effective #garden #growyourownfood
[4181] 4m2ukTxaHek → 2017 Mitchell NRCS Dwayne Beck "Cover Crop Establishment and Grazing"
[4182] SUvrVSYW6cI → Tractor Maintenance Tips for Every Farmer
[4183] s863Q-oAQ88 → Farm Fresh Produce
[4184] sm_R7fcczXM → Adopting policies and priorities to encourage climate-smart agricultural practices
[4185] A9c_UcCe8eY → Harvesting Millions of Guavas: Inside China's Organic Farming Revolution |Farming Documentary
[4186] FgM1BFZbHfo → Bestie Milking Machine | கால்நடை விவசாயிகளுக்கு மிகுந்த உதவியாகும் கருவி!
[4187] 6vhFpQTMGu4 → HOW TO USE A BOX BLADE TO REMOVE DIRT #tractors #homesteading #kubota
[4188] aSGvNL126xk → The Best Cows for Milk on the Homestead [Top 7 Dairy Breeds!]
[4189] zzZJ5PPE7Z8 → How Growing Your Own Food Saves You Money
[4190] uGGBpRhckBk → Mixed farming | meaning of Mixed farming
[4191] N0NisDx-XOM → Agricultural Production Contracts - Legal Issues
[4192] xTH53UGaD7o → Backyard Update and Jekka's Herb Farm
[4193] nQKEci-Xb4U → #YouTubeShorts #YTShorts #ShortsVideo #ViralShorts #Daily #Shorts #Farming #FarmLife #Harvesting
[4194] 1IqD_zJT_vQ → Dad's Opinion on Trumps Tariffs
[4195] EtqCOzFiopI → Our Backyard Aquaponics Farm #aquaponics #backyardfarm #gardening #hydroponics #organic #farmtoplate
[4196] DaBhDRuBphg → MEANING OF CROP ROTATION WITH EXAMPLE
[4197] nfs3I8fZVCk → Blessed Earning With Your Own Hands
[4198] ltX3GuULcW0 → The House of Agroecology charter of 13 principles and services
[4199] ZFzYtmK0VoU → "Traditional vs Drip Irrigation: Cost & Efficiency Compared!"
[4200] LAZtlv2JGhQ → What’s the Difference Between Garden Soil and Potting Soil?
[4201] CVqp0P8N900 → Creating Products from Farm Produce
[4202] SF1lqDkO3l0 → 8 Odd Antique Tools That You've Likely Never Seen and Their Surprising Uses
[4203] mcW9bQd8YuY → How to Grow Carrots from Seed to Harvest
[4204] VvwvWoGZqvw → Life Cycle of a Pumpkin By Ron Fridell and Patricia Walsh Read Aloud
[4205] unB4bkw6KWo → Revolutionizing Agriculture: Motivational Insights from Jordan Peterson for Personal Growth
[4206] CHLfMyBre8E → Growing Tobacco Pt. 1: Germinating Tobacco Seeds
[4207] mKm2lxN8osA → Cotton harvesting process- Good tools and machinery make work easy
[4208] FhlF16aqvgI → Smart Fencing System
[4209] lvi85wkwNdk → Best PRO-MIX Growing Media for Edible Crops: Berries and Small Fruits
[4210] 5GF6Q5Qd67E → How Grain Bins Keep Crops from Spoiling | Maryland Farm & Harvest
[4211] QSERWRT-cFw → Growing our own food - a self sufficient life in Australia’s rainforest 🍃#short #shorts #offgrid
[4212] D0qrU0Bqg00 → We found an ALIEN in this barn!
[4213] X2pVhL8CdkQ → Teamwork in Action: 3 Farmers Use Creative Planting Method to Boost Productivity
[4214] C334ZmEQsAE → New Farmstead Cheeses - Northern California - Cheese Slices with Will Studd
[4215] kZIrIQDf1nQ → Sustainability in everyday life | Sustainability
[4216] LcaNkKEcses → Red Peaches Farm #Agriculture #Fruit #FruitFarming #FruitHarvest #Farmer
[4217] JKlWk9m1IWk → Rural Livelihood Improvement
[4218] z-PmNxfNeik → The Farm Rehab Center in Ontario
[4219] v-Lf89AUZMA → Top 5 Magical Gardening Books
[4220] 3GzMdSE7AiM → Mounting and Dismounting Do's and Dont's
[4221] pbasL8gnjo4 → Dairy Farmer DESTROYS Vegan with 'Pure LOGIC'
[4222] ouZB47ZZHLc → Monsoon Gardening Tips for Green Thumbs 🌿 Ultimate Do's and Don'ts
[4223] _--3VZx65sw → Amazing Grapefruit Farming Technique Small Trees But Extreme Production
[4224] EqV-49ZsHzU → Potato Harvesting Driverless Power Tiller Machine
[4225] 6pCQ4UajeRE → Ashoka's wide Range Of Farm Fresh vegetables !!
[4226] pbRk64bc03c → A Student's Guide to Careers in Plant Breeding
[4227] 5NhxwWpaDk4 → Machinery on Rent || Logistics & Rental Services || ORA Rental
[4228] BlLmdFqUrN8 → Easy fishing techniques || small fishes catching tips #shorts #fishing
[4229] KJyEqRJJ8rs → Spring seeding alfalfa #farming #hay #americanfarmer
[4230] F7C6P2YUsfQ → MONTANA Farm & Ranch for Sale • LANDIO
[4231] e-aajrbduVk → Fresh Sugarcane Farm #Agriculture #Fruit #FruitFarming #FruitHarvest #Farmer #shorts
[4232] grda19gbO0k → How to Raise pigs Outside in the Winter
[4233] oBTbWBqeUoQ → Banana Boom or Bust Growing in Infected Soil #BananaCultivation #SoilFumigation #Agriculture #soil
[4234] wX5TicIGScY → Carrying on Agrarian Culture with Mary Berry
[4235] Vcclrd_EczI → She Learned to Garden in a Cult 😱 | Container Garden Tour
[4236] ptA4InSOrmI → Pests & Diseases
[4237] _Sk7gZ2Us9U → Agricultura Biológica
[4238] 5f8yJUvbiWc → Agronomy and Its Scope | Introduction to Agronomy | BSc Agriculture Lecture
[4239] _Fk2UfqVySg → How To Prune 3 Year Old Apple Trees | Modified Central Leader
[4240] DG4CCTskgjE → The 2015 Top Tractor Shootout winner is... | Farms & Farm Machinery
[4241] sXBMxz6BaLc → Explained: Agritourism and Why We Should All Be Doing It
[4242] zNq7yX3Bmgs → Farrowing crates are HELL. 💔
[4243] 5LUPajxpIXM → Embrace Harvest Magic: Lughnasadh to Mabon Traditions
[4244] VGqZn5s_q_Y → Grain Elevator
[4245] ms8gkF22-BA → Biotic Factors Affecting Agricultural production | Agricultural Science | SS2
[4246] 9JnxFLWJlLM → How to Grow Coriander From Seeds (FAST & EASY) #gardening #plants
[4247] 2o-Iq3r_suA → Transplanting a Tomato plant in a 4" pot to a gallon pot
[4248] GZ4Ztk68EBc → కాకరకాయలు రెడీ #ytshorts #shorts #vegetables #gardentotable #gardening #garden
[4249] oDn2K9zCVBc → Removing Bugs from Buffalo Calf with Razor | #BuffaloCal #BugRemoval #villagelifr #AnimalCare
[4250] TnqE8vO61Bo → Sustainable agriculture
[4251] X8A5MfIHa9U → Soil Health vs Crop Rotation A Sustainable Agriculture Farming
[4252] fH-nadm8vr4 → Vertical Farming and the Future of Cities | practice English with Spotlight
[4253] 9mKFMp75u2Y → Repurpose an Old Shopvac for Harvesting Success #homestead #gardening
[4254] cXpKTyzh_Iw → jammed engine pulley repair process
[4255] 7rktJrRG2e8 → Cultivation of crops
[4256] --vP_LrXZwo → Cover crop mix. What is the management goal?
[4257] GI4kKShEtCM → Maramureș Romania: Traditional Farm Life - Rick Steves’ Europe Travel Guide - Travel Bite
[4258] DXj9bTDWHNM → Planting crops
[4259] O1CP1_-GAW8 → Factors Affecting the Productivity of Pasture | Agricultural Science | SS3
[4260] InsC7idtg68 → Use Shop Lights to Grow Garden Transplants & Save 100's of Dollars: Just White LED Lights are Needed
[4261] mGKqbuGKmts → Sustainable Farming: Best 10 Methods of Sustainable Farming | Sustainable farming practices
[4262] Fd1HiC7cUjM → Care Routine and Love - that's farm life #naturelover#love#care#animalover #farminglife
[4263] y7d1gQu7XCg → Digging tool to cultivate the soil in a field planting crops
[4264] PrQ_wu67ItM → What is Sustainable Agriculture? Episode 2: Cover Crops and Soil Health
[4265] 0Es1tZ1MknE → Sustainable Farming Practices
[4266] rFxKclkk0rc → Cattle farm equipment#Sheep feeders
Error fetching metadata for video ID m0ssCXPODBo: Command '['yt-dlp', 'https://www.youtube.com/watch?v=m0ssCXPODBo', '--skip-download', '--print-json', '--cookies', 'cookies.txt']' returned non-zero exit status 1.
[4267] m0ssCXPODBo → Unknown Title
[4268] 9nQNQHmu4j4 → Harvest Time! - MusiCity Kids ep #90
[4269] XG2Qfb_OeG4 → Built a Bamboo Ladder Using Only My Hands – No Tools at All! - Agriculture Farming
[4270] nyLKo7pEkG0 → Managing water scarcity with better data | Hong Yang
[4271] XTtbkySHv7k → Farming in the Sky: 160+ Crops on Aeroponic Towers 🌱 #UrbanAgriculture #SkyFarming
[4272] WhOrIUlrnPo → What is Organic Farming? | Agriculture | Biology | FuseSchool
[4273] 8IlZVJ-qhZE → Do I have a farm or a hobby farm (according to the IRS)?
[4274] iFIN2XZZDdk → Tips for Planting Drought Tolerant Perennials
[4275] llAeSlANACw → A machine that removes weeds without damaging crops
[4276] SyjJSED0gDw → How Tractors Work - The Basics | Maryland Farm & Harvest
[4277] njpgnIRinAQ → Vegetable Cultivation Techniques Vegetables Farming
[4278] kw1LRqWQoQc → Growing Food Indoors - The Ultimate Guide
[4279] gzu8W4WXAEQ → Inheritance Tax on farms - Should I take action?
[4280] bFWTlr1Ohgw → EXPENSIVE MISTAKE OR WARRANTY CLAIM? $3400 TRACTOR REPAIR 🤯
[4281] 9s1MxHutEYg → This Farm Trick Keeps Plants Standing – Tested in Real Gardens
[4282] 8tRWi8kc3Hs → Starting Tomatoes in Cold Climates - New Technique! - Variety over Quantity!
[4283] GimcMQ7NFss → MF ROTARY RAKES VS. WHEEL RAKES
[4284] LyAL3fnkjso → Ministry of Agriculture and Taiwan Technical Mission Briefing
[4285] xg3UzdwqOhI → Stop Eating Pesticides! Use this to wash your fruit and vegetables! #shorts #pesticide #cleaninghack
[4286] 2fbpOwFZoaA → SANDY LOAM SOIL: IDEAL CROPS TO GROW IN SANDY LOAM SOIL
[4287] hUcEqYeODuM → Plant your leggy tomatoes sideways! 🍅 #gardeningtips
[4288] ipSqdmRXdB4 → Fix Saline Soils: Regenerative Farmers/Ranchers Share Proven Tips for Restoring Soil Health & Yields
[4289] v36Kt8B-jx4 → Farmhand Explainer: Fall 2024
[4290] qYX3P2qpMrs → Quick produce tour in the farm market #shorts #farming
[4291] FFX6JOGEUXY → Almost done with our first cut!      #farming #hay #farmlife
[4292] h2KkoJdQqiw → MF HAY TOOLS | DEALER TRAINING | MOWERS & CONDITIONERS RB
[4293] K-k_2k5YejI → Free Stock Footage - California Agriculture Cornfield Aerial Drone Flyover 4k
[4294] ukoxwAUOZNw → 36 Implements for Your Equipment
[4295] 2GcJAnbnqyw → How to Mango Picking | Mango Harvesting Machine | Mango Farm Agriculture Technology
[4296] D1gCKfj1me4 → Sweet Corn Cultivation|| मक्का कि खेती||Sweet Corn Farming Guide||मीठे मक्का की खेती
[4297] LKcFEyco2lQ → Seedlings in the Greenhouse & Cold Frame Upgrades
[4298] wc_wdE9C-L4 → How Does Genetic Modification Affect Corn Production And Prices? - Learn About Economics
[4299] JQkPKZCovvk → Mechanic's Manual: Tips and Techniques for Farm Equipment Maintenance
[4300] CqkISnvh0M0 → OVER 5OOO TEACHERS TRAINED IN ICT MODERN AGRICULTURE TECHNIQUES
[4301] jOXsTm5MT3E → High Tunnel Greenhouse Tour | What I've Learned | Tomato Pruning
[4302] rpEotp_2oqM → Top 10 Implements You Should Acquire First | John Deere Tips Notebook
[4303] gU4se_wcScc → Agriculture Land Management & Production T Level: Readiness for Delivery Webinar
[4304] Bc4ecvD_rMM → How to Grow a lot of Food in a Small Garden - 9 EZ tips
[4305] A50P11nWh58 → Motivational Agriculture Farm Tractor #farmers #quotes #motivationalvideo #viralvideo
[4306] VE3ydyjh3Xw → The 10 Vegetables To Grow That Will Really Feed You!
[4307] k5AESootppc → How to grow dates tree from seed. Germinate Date Palm Tree from Seed.Date Palm Plant. #shorts
[4308] 2OpNvVntS68 → 🚨Tail Light Nahi Chal Rahi? Haadse Ka Khatra Badhta Hai!
[4309] mVxDCqNoRC8 → Soil Health Practices to Improve Trafficability
[4310] PeDv3LnrUbE → Agricultural Quotes: Wisdom from the Fields.  #kristiculture4138 #motivation #farming #agriculture
[4311] jcuE29siVx4 → Paddock rotation/set up also quick and inexpensive hack to split paddocks to allow for quick shifts
[4312] FWk_NyCJU1Q → Goat Fencing Do & Don’ts | Goat Fencing Tips | Raising Goats | Goat Farm
[4313] 11rcjGbx494 → Rural Life Activities Of Grandpa Live in Small Village Fishing Farming  Animals Care
[4314] ojmdtqRLSjw → Cucumber Farming Techniques #satisfying #shortsvideo
[4315] 6scUcWc0fdM → Ditching the Guesswork: How Online Irrigation Scheduling Apps Can Improve Crop Yields
[4316] Pmg5pL9LMcg → How To Build DIY Aquaponics System For Beginners For Backyard 2021
[4317] EzESv3N2yqs → Planting Onions from Seed
[4318] QALxEt6OFpc → Plant Nutrition 101: All Plant Nutrients and Deficiencies Explained
[4319] xKV-NTbX0qc → Heavy Equipment Rentals available at Star Tractor  #heavyequipment #caterpillar #Komatsu #deere
[4320] ck21nlI8L9A → Different practices in agriculture biology project work 8th class
[4321] IJznT0YP9QI → Management Moment: Buy Lease or Hire?
[4322] GCXzseyap2Q → Applying Conservation Practices on the Farm | Ag Technology | Successful Farming
[4323] g7ACB2yCOgI → Affordable Indoor Gardening: growing herbs in LetPot Air🪴 #indoorgardening #hydroponics #herbs
[4324] l_KPs07Ijzw → Home Vegetable Garden Planting Guide
[4325] XPkunjq3feY → Amazing Farming Machine in Action 🚜💥 | JUST KD Agriculture | Part 123
[4326] FLaXudtnfFA → Almond Tree Pruning Time on Agro Invest Spain #short
[4327] TtwwmmEfOmA → 🥔 Want more potatoes? Use this 1 tip and it will make all the difference! #growingpotatoes #potatoes
[4328] tX3mfbPnJwM → Rice research to improve production in the mountains of Laos
[4329] WZanh0n_COU → WHEN To Harvest Broccoli
[4330] SViwoLp0UZg → Excel - Formula to Maybe Add Zero Prefix and Dash Suffix - Excel - Episode 1554
[4331] 4RpvVRiWuPU → Top Sustainable Farming Techniques You Need to Know! #agriculture  #agriculturefarming
[4332] ny8uMUPpo6I → Hunger Season Looms For Drought-Prone Niger
[4333] nlqv8koTLRw → Organic vs. Conventional Farming: Demystifying Farming Methods and How Food Gets to Us
[4334] ATOiDDzwu3o → Modern Almond Farming: Growing 🌳 & Harvesting Techniques 🚜✨
[4335] s7eu_oYQPJg → Maintain soft and fertile soil in raised bed gardens
[4336] Sl5m94UugmM → Australian wheat farmers harvest a bumper crop
[4337] 2CXnQNf_ydg → 2. IRRI Agronomy Challege: Laser Leveling (4 January 2012)
[4338] GDe76sN-oZ4 → Shocking Fruit Facts You Didn’t Know!
[4339] Zm3a7nKmObE → Potting up Tomato Seedlings! ALL 540 of Them!
[4340] zIfx3SEDhhU → How a Nigerian Pilot Became a Millionaire from Livestock Farming
[4341] y9w2gkhxdKU → Wegmans Organic Farm_:10
[4342] G5W7hlyesGo → The SECOND Agricultural Revolution [AP Human Geo Review—Unit 5 Topic 4]
[4343] iF-BYkjLigs → Application Letter. How to write a formal application letter.
[4344] ZQ7vSYHgjQA → Classification of Manure
[4345] cFYLAO2AwDo → Corn Harvest #Machine
[4346] Yq2OdkWlOGc → 2012 Soil Health Info Day: "Residue Soil Structure and Cover Crops" with Paul Jasa
[4347] P6jCzyAXSC8 → Top 3 Things to Bring to Your First Market | Farmers Market Tips
[4348] OB6xzU_dpDg → Exploring the Future of Smart Farming Technologies
[4349] 6YqO6XCLOgM → Tower Gardening Made Easy "Let's Talk About It" Episode 14 #gardening #farming #hydroponicgardening
[4350] 9HmgTLm-RE0 → The Farm Choir | Storytime with Pinkfong and Animal Friends | Cartoon | Pinkfong for Kids
[4351] Le6TL43ZPxo → Lower Net Farm Income Having Impact on Ag Equipment Sales
[4352] Ia7E8capeyc → RP161: Improving farm practices in Central Queensland
[4353] w23X5_ohzh0 → Your Farm: Legal ways to sell goods! Joel Salatin explains ways to sell meat from the homestead.
[4354] 9btnzZH698o → AI Crop Management Dashboard   Aya Data
[4355] qUVBTsxOP_8 → Healthy Greens at our Urban Farm Bok Choy Cultivation through Aeroponic Farming #urbanfarm
[4356] mXz70klcWfQ → Farm Focus: History of Farm Equipment
[4357] iyRoE_vNYNQ → Farming Simulator 25 Survivor Live Stream Ep 5
[4358] 9h_8ccnmnPw → How Can Crop Rotation Improve Urban Food Production? - Survival Skills for Everyone
[4359] 6vSMOjzKnc8 → Revolutionizing farming - precision #agriculture #technology
[4360] pMqJ3cSeFIo → Couple for the Environment
[4361] mmhEYXeckJA → potatoes cultivatin#agriculture practices#farming@khaan
[4362] zzVS4soCak8 → COW VIDEOS COWS GRAZING IN A FIELD COWS MOOING | Cow Video
[4363] UaEKIlnQ0vY → Farmington Footabll (MN) - Postgame Celebration
[4364] _QCbPn6wTGY → Farming in Vintage Story - Agriculture Guide
[4365] IsggOR71ejo → Ackerman's Equipment & Rental
[4366] H86GIK8lJ9I → The Most Cost-Effective Mechanical Grape Harvester!
[4367] jR5jp7z1RVI → RP161: Improving farm practices in Mackay North Queensland
[4368] 2yEpXeBVVg4 → I Grow Cotton and You Wear It Says Richie Quigley
[4369] WxQ12znMzm8 → Game changing technologies in agriculture
[4370] jt4OJpqhVac → Maximum Versatility with a Hustler Chainless Bale Feeder
[4371] G2wv3eNafR0 → What’s The Best Tractor on The Farm? 🤔
[4372] qsqpAVcGPlo → Optimizing Agricultural Production - WISE Haiti Task Force
[4373] bIc51VuEPng → How Astronauts Grow Plants In Space
[4374] Ts95cZzcnZw → Start A Tool & Equipment Rental Business Today In Greater Toronto Area.
[4375] a0OZi44FLtM → Regenerative Organic Certification (2018)
[4376] kY5lGrol82c → Repurposing Public Policies and Programmes in Agriculture for Protecting Biodiversity
[4377] vx-xWKE0eyU → What is agriculture management software? | DAC.digital
[4378] UzfaPj2-foI → 2024 Summer Tractor and Farm Equipment Auction
[4379] sCGWv_EfGqM → Ventrac Tractors: The Complete Quick Start Guide
[4380] ibbcVUV7Tk0 → Saidou On Seed Distribution For Cropping Season.
[4381] sf8zcAOYB-I → Farm Equipment Storage Buildings
[4382] 8f9mADiLltQ → Big Wild Fire | Cleaning Clearing & Burning Brush In Preparation Of Planting Corn Crops
[4383] CqGRO8mARUM → Give one example of two year crop rotation.
[4384] C6mrzE-4S8M → What A Great Idea Pepper Farming #satisfying #shot
[4385] xkRwJbiF_vk → The Secret Technique to Growing Healthy and Abundant Corn Revealed!  - Agriculture Farming
[4386] o3SPiDVYfXY → Bobcat of St. Louis: Equipment Rental Fleet
[4387] ETo9Lm_XjZU → science ch-1 crop production agricultural practices part-1
[4388] F5d7YSsj5m0 → Planting Seeds in Soil After Germination 4/7/25
[4389] tjYEFvsUeq0 → Cultivating Compliance -   An Agricultural Guide to Federal Labor Law
[4390] S1Wtt4_1Jlk → Start a FARM in your BACKYARD | Small Scale Regenerative Farming with Nature's Always Right
[4391] qIpQy69O9ZQ → Carbon Credits: Boost Ranch Revenue Without Ugly Windmills!
[4392] lYtgMHDwZyw → Churchbridge Locks Photostream
[4393] 3puLwvWd26k → Picking fresh peppers 🌶️#villagelife#farming#agriculture#planting #rurallife#enjoyrurallife #garden
[4394] qct6cSYa5Ac → Ageless Homesteading: Why It’s Never Too Late (or Early) to Start  #homesteadlife #homesteading
[4395] r4ThknEGQZg → How I Set-up & Use Drip Irrigation
[4396] 2CQuthk_OdQ → దేశివాళి బియ్యాలు కావలసిన మిత్రులు సంప్రదించండి #viralshorts #organicfarming #organicrice
[4397] NZoagdrBnCE → JET - 2025 ANSWER KEY | | JET - 2025 || PAPER ANALYSIS ||  TOP IN JET/CUET COACHING IN RAJASTHAN.
[4398] BxQN3JSGV2E → Using climate-smart technologies to scale up climate-smart agriculture practices
[4399] hPYn50gcq6s → farm land for sale near bangalore - individual farmland for in hosur
[4400] pP24XEWw4xI → How to Plant Seeds - Simple Tips for Sowing Seeds Outdoors
[4401] 8DvznyS5Dmg → Crop Consultants Offer Expert Advice For Farming Decisions
[4402] STb0ADq7cHA → 🔥 Boost Your Milk Supply Naturally FAST! | Proven Tips Every Breastfeeding Mom Needs
[4403] rKL5k2QTISM → 1. IRRI Agronomy Challenge: Setting the Stage on How to Grow a Productive Rice Crop
[4404] fS-wXYho9S0 → #perfect #plowing #agriculture #tools #tractor #farming #satisfying  #dailyshorts #1702
[4405] O1NJ0AQQ7LE → Easy Tips for Regular Tractor Maintenance
[4406] 3eVQQkTnCqs → WATER for EVERY small farm | DRIP IRRIGATION
[4407] C84-znjOXH4 → Crop Circles-Interviews of Farmers
[4408] owiA5rtIIpI → Community Fruit Tree Planting and Care Guide for Bare Root Trees
[4409] kMP23ZtRVjI → I RENTED A BullDozer! Here’s what I learned!
[4410] soSTWErDLTE → Cotton farming#shortvideo #shorts #farming #agricultureindia
[4411] rXT5HwH-l9w → Modern Irrigation | Macmillan Education India
[4412] kqAd0y3XMMk → What Caught My Eye at Miller’s Farm Today #garden
[4413] 0N_QZY5gfTc → Sampling with Hay with Forage Probe
[4414] zqBdyuNHRvE → The #1 Key For Year-Round Grazing
[4415] QMcBlqpyZWA → TIPS TO SUCCESSFUL MAIZE PLANTING. #agriculture #maize #corn #shorts #viral
[4416] XZigM7fPV98 → soil conservation techniques
[4417] 5YYZkA3v5MY → Pesticide risks and Indigenous solutions in Guatemala
[4418] JwHiswExnxo → Homesteading Tips I Wish I'd Known (Before I Started Homesteading)
[4419] hIasJf4iGek → Tractors  Lawn Mowers Hay Equipment and Rentals - Russellville Kubota
[4420] tU-GwFHQZI8 → Life cycle of a Pumpkin
[4421] ajDgYALhKZc → Factors of Agricultural Production
[4422] v1DT4yvxpMw → 7 Israeli Agriculture Technologies
[4423] Ozk8xq0Lp1g → Taylor Swift - Christmas Tree Farm (Lyric Video)
[4424] K_vd9nBvv_s → What does new farm equipment cost? 38’ Wilson Livestock Trailer #wilson #livestock #cattle #farmer
[4425] 2o8eBMQz2UY → Applegate: Sustainable Dairy Farming Practices
[4426] XCPR5FjlsbU → Inside the Prop Firm Challenge: Execution Techniques Exposed | BOS CHOCH FVG  IFVG  ICT style
Error fetching metadata for video ID i-t9fS7idck: Command '['yt-dlp', 'https://www.youtube.com/watch?v=i-t9fS7idck', '--skip-download', '--print-json', '--cookies', 'cookies.txt']' returned non-zero exit status 1.
[4427] i-t9fS7idck → Unknown Title
[4428] CWpMhJmwqJ0 → Stop wasting money: DIY worm bins demystified-Red Wigglers
[4429] acSuCOiOjDg → Agricultural Livelihood Recovery in Northern Uganda.
[4430] kcwy7jnzK4c → Smart Agriculture in Africa: Farmer Voices & Innovations from ACAT 2025
[4431] PRyOnrmTm2E → How to Cultivate the Soil in Your Small Vegetable Garden
[4432] UZbs-7SwMYg → Benefits and challenges with heavy rainfall for Borderland crops
[4433] lcq8I8bYCXs → Need a planting calendar? Let’s get growing! 💚🌱 #gardening #seedstarting #plantingcalendar
[4434] DjkAt8qciV0 → Beef producers prioritizing cow-comfort (video)
[4435] oD7gUrPb6R0 → Benefit of farm mechanization
[4436] beGCqDNINeU → Agricultural Operations at Kellogg Community College
[4437] 5cBdghDovLU → Agricultural Science at Oregon State University
[4438] cT-0oVHW6BU → Deere 750 Grain Drill - Half Speed Gear Problems
[4439] ZHpB5P0g7Ps → What was the Agricultural Revolution (during the Industrial Revolution)? - #2.3 | History made Fun
[4440] j6FiHCCRROg → Do You Not Know How Tax Deductions Work?
[4441] DQ0OEC70Izw → Dalai 7
[4442] DeDu3-fTvSM → Grazing Mistakes that Could Cost You the Ranch
[4443] Xq7f1yHbMSM → Harvesting Mini Bok Choy - Cabbage
[4444] SP133cG9YUY → Stunning Village Life in Punjab Pakistan #villagelife #shorts
[4445] LGF33NN4B8U → farming is science. process of growing fresh vegetables by Korean scientists.
[4446] Lf6c7yfJSSg → Agribusiness Philippines
[4447] Vh_wQjigSW8 → Old MacDonald Had a Farm - Kids Songs Nursery Rhymes
[4448] 4mh-S1Rx-nk → 1 வாங்கினால் 3 இலவசம் MDM BEST ஆனா BESTIE MILKING MACHINE....HURRY UP!!! #moderndairymachines #mdm
[4449] cYMzqoEDqMA → How much does it cost to cut hay?
[4450] oWOL2jIAX8A → How to properly set up a fishing lure #fishing #fishingknot #lure #fishinglures #tutorial
[4451] jsw61EVhMoc → Aquaponics Greenhouses | Integrated fish and vegetable farming | Aquaponic Farming for Beginners
[4452] GHGuM47j9Gc → Polluted rivers can be clean if we reduce water runoff by doing some simple things
[4453] jPaNN4Ozpa8 → The Dark Side of Grains (It's Bad)
[4454] Yc3P2lYIqbI → 𝗦𝘂𝘀𝘁𝗮𝗶𝗻𝗮𝗯𝗹𝗲 𝗔𝗴𝗿𝗼𝗳𝗼𝗿𝗲𝘀𝘁𝗿𝘆 𝗙𝗮𝗿𝗺𝗶𝗻𝗴 #youtubeshorts #shortvideo #short #viralvideo #motivation #farming
[4455] VoJHZmpsXEg → How A Seed Grows Into A Plant 😯
[4456] rl6dkAdpwqU → The Cows Come Home and Baling More Hay
[4457] JAFcnk5NEus → Basic John Deere Tractor Maintenance Points
[4458] lg5fne_ILas → Farmer gives #protesters that won’t leave his property a manure shower #funny #farming #agrarian
[4459] dtjnVRONL0k → How to manage your maize for super high yield
[4460] 7m-Di2OB_TU → Good Morning Farm Animals! 🐷 Kids Songs & Nursery Rhymes - Learn Animal Sounds on the Farm
[4461] qVB93llL5xw → Quit your Job and Farm Full Time: Joel Salatin's Recipe for Success
[4462] UpK7lrqSc6E → Animal farming in china #shorts #science
[4463] CyAlFASf7IU → 🌼 🌿എൻ്റെ വീട്ടിലെ  ഡ്രാഗൺ സുന്ദരി 🌵🐉#dragonfruit #homegarden#fruitharvesting#dragonfruitfarming
[4464] oQ_ltP8GyL4 → Best Milking Machines for Dairy Farmers | Efficient & Hygienic Milking 🐄
[4465] jwb3djxm2dQ → This Can Create Endless Green Energy WITHOUT Electricity
[4466] Ysk8DW1x5ck → Understanding the Basics of PA Ag Exemptions for Inheritance Tax and Other Real Estate Transfers
[4467] y2Z0vzlQPI4 → This COW Cafeteria on Wheels is GENIUS! 🐮😂 Hay Day Every Day! #farminglife #cows #cooltech
[4468] ffF1s2g8CrI → Tool & Equipment Rental Business - Franchise for Sale
[4469] Onlo4_dfSiQ → Trees and vegetable production: an integrated system
[4470] j_M8a71fh1Q → Practical Biosecurity Best Management Practices for Broiler Growers
[4471] umDR1O71yTQ → What is Agricultural Extension
[4472] fKvfa0UvRuQ → How to Make a Herbal Facial Spray using Plants from your Yard and Garden
[4473] Pa0AJ9OXBxI → Horsch Building Name Recognition and Dealer Network
[4474] WHEyYAmi2H8 → Precision Agriculture: Adapting to Climate Change in Farming
[4475] qmZlbWYwavw → Visualization of Distinct Agricultural Practices at SKUAST-J || Extension Edu. practical
[4476] 6G9nkj92OP4 → Biotechnology Products & Applications | Real-World Uses of Biotech Explained! Grade 8 | Science
[4477] VW-P2iymXGI → Hay bale making: john deere hay baler efficient farming
[4478] n8w6Zeslbpg → Side Garden FAIL? What’s Stealing My Plants' Water
[4479] SNOZ28WuUAY → Converting IBC container to Rain Water Harvesting Tank
[4480] M7iqa5eo510 → Orchard management techniques seasonal pruning
[4481] Bvv3ihvnuEM → REFURBISHED Honda HS624 Snowblower . BEAUTIFUL!  #shorts
[4482] 5eaOlqOQ-vo → How to braid/cornrow FOR BEGINNERS!
[4483] -Ygo7IvZ2ZQ → New Concepts in Agricultural Automation
[4484] mIUj7l_V7sY → THE BEST FARM MANAGEMENT PRACTICES YOU NEED TO MASTER AS A BEGINNER GOAT FARMER
[4485] VQJsNvfwHpI → How to Become a DIY Drip Irrigation: Affordable and Easy Expert
[4486] _wnZlGz6ZaM → Sling URIs and the new URI Mapping SPI
[4487] xvTUAtc0Smw → Maize Combine Harvester (field test)
[4488] bSbaAAUgz8M → 🌾 Agricultural Sector Opportunities: LMIA Eligibility Explained! 🚜✨
[4489] kzxzAFT_Uog → This Invented Machine Surprises Even Farmers - Incredible Ingenious Agricultural Inventions
[4490] l9zIayka23k → How to Improve Your Soil / 5 Tips to Boost Soil Health
[4491] wfmViexM1VE → I Moved a PIG from a Farm to a Bus and SURVIVED
[4492] 8hQWBcRXQmU → Veganic Farming and Gardening - Helen Atthowe
[4493] 3JD8BH-7yjA → Small Vineyard Management: Important Concepts for Wine Grape Growers
[4494] CnodciQLyIw → Amazing Manual Plowing Machines for Small Farms – Affordable & Effective!
[4495] 3c8Hpee_FYE → After 2 years?! Now back to work. Farm job in Australia (Rolling Table Grape)
[4496] yUCzz4S9OUs → Estimating GHG Emissions from Manure Management Practices in Dairy Systems
[4497] kNoGCS5hq_o → Agricultural Commodities – Major Market Risks
[4498] Q5d1vUz8ek8 → My DIY drip-line IRRIGATION setup EXPLAINED while welding a BROADFORK!
[4499] QAwbuPooSz8 → Harvest With Me! Abundance On 2000 Square Feet! #backyardhomestead #growyourownfood #backyardgarden
[4500] 1ha-8CCOApQ → Amazing Mini Rice Harvesting Machine | Combine Paddy Harvester Machine
[4501] ZwKXqypyxZs → 1961 SCS Tree Planting Guide
[4502] aBNgTHwd6rs → Crop Rotation #short #knowledgespree #knowledgeispower
[4503] bksdBSnMmAM → Revolutionize Your Garden with This 240FT Drip Irrigation System 🌞💧 #shorts
[4504] J-cd36J0Fuw → Seasonal Marketing Strategies for Agricultural Products
[4505] IzN5bnM_6EU → Complete Seed Selection Guide| Organic or Hybrid?
[4506] HYRrXBp-mco → Why the world's largest solar farm has created so much controversy...
[4507] E6VJXmkgdfc → The Blockies Guide - Managing weeds on small farms and acres
[4508] efyNXdfXaf0 → Strip till in vegetable production systems (Extended)
[4509] oY63zAdUdVo → Welding a reciever hitch on the LS xr4140 tractor bucket
[4510] 6CiL4VtBxos → BuildASoil: THE DRYING PROCESS (Season 3 Episode 25)
[4511] dupsBo68ho4 → Remote Sensing and Cropping Practices: A Review | RTCL.TV
[4512] RnlKvH-Q1Wc → Chinese vs. American Agricultural Machinery:Performance and Which One to Choose #agriculturemachine
[4513] W5IqdqbHL08 → 15 BEST NATURAL FERTILIZERS | CHOOSING ORGANIC FERTILIZER IN GARDENING
[4514] SswoNQDycxQ → How Much Land Do You Need To Be Self-Sustaining?
[4515] qHerkpmK1YQ → DIY Indoor Compost #shorts
[4516] 4V33p95k8Z8 → Discover the Agricultural Economics major
[4517] hkqDq-MGhTY → Unlocking the Power of Pruning in Syntropic Agroforestry
[4518] SpI3QF_Iauc → Salads: Cucumber Tomato Avocado Salad Recipe - Natasha's Kitchen
[4519] 16-Oa9cXmwc → Agroecology: Key Principles Marc-André Selosse
[4520] ZWglLLppqn0 → Which forest garden book for me?
[4521] wvQTmTPZix4 → The Case for Insect Agriculture
[4522] rVgftB2t9p0 → Assemble The Garden Tower Project
[4523] kkIyKY-1S0c → 專利碟型開溝器-1 CY80 Tiller with new design ridger (patent) ridging 농업 기계 中耕機
[4524] JwaB4WyMJqE → How Is Plant Breeding Software Used In Developing Countries? - The World of Agriculture
[4525] GHHZjf0zT94 → PEI farming practices? 👇 Have an interesting PEI Fact - add it in the comments. #shorts #PEI
[4526] vNMec6CWWTA → Ingenious Planting Machine: Farmers Use a Tractor-Powered Planter
[4527] pHSu97xCazI → Revolutionize Your Farm with Climate Smart Agriculture! #ClimateSmartAgriculture #SustainableFarming
[4528] 7NEEPWdKln8 → Planting Season 2023
[4529] fSUHrEMNcJM → Prácticas regenerativas para una agricultura sostenible + Agrotecnologías
[4530] zcGhKYuQUno → LBS Innovation Series: The future of agricultural production systems
[4531] RY432YI7SoE → Building Soil for Raised Bed Gardens - The Perfect Soil Recipe
[4532] aGp0geHpmbw → The Revolution of Urban Farming
[4533] -YxqAwvp8sY → MAKE PERFECTLY STRAIGHT GARDEN ROWS!
[4534] Cw1c-qWpJvc → #diy #backyard #agriculture #motivation #lifequotes
[4535] Jcqz6gkIhdg → Harvest Fresh Eddoes #satisfying #agriculture #farming
[4536] PW-XuLaagHk → The working process of the tree digging machine
[4537] VgmgaS_3F6o → US Farmers Produce 3.6 Billion Pounds of ALMONDS this Way - Harvesting and Processing
[4538] 2NGuiOyoVN0 → Farm Animal Husbandry (Revision) - JSS3 Agric
[4539] EDaApuJ4syo → Nuclear and Related Techniques for Climate Action in Food and Agriculture
[4540] XZJ9cpUJxuA → Future Of Agricultural Technology In Development At Georgia Tech
[4541] CelHCIeh8zY → TOP 10 CAREERS IN AGRICULTURE
[4542] 7vhDwj-qAUc → Discovering the Yayoi period of Japan
[4543] vnZOgEE5R4k → Climate Change and Our Food Supply
[4544] tfKWKfagfFs → Alternate wetting and drying (AWD)--using less water to grow rice
[4545] s75p3FHtMB4 → The Process of Making High Quality Hay! #semanhyiafarms #farming
[4546] ATJGozjblZU → The Future of Farming: Increasing Adoption of Conservation Practices among Alabama Row Crop Farmers
[4547] Jc39QXodIgw → Agriculture Innovation 10 Tech Trends to Watch in 2023
[4548] dUUJXIjAN8Q → Crop Rotation: Prevent Soil Depletion & Reduce Pest Pressure - This Week In Your Garden Week 25
[4549] RGV6IvU0x28 → The process of mechanical soil grooving = a good way to increase efficiency
[4550] grQqeuYeqEs → How Farmers Are Changing Their Lives with Shiitake Mushrooms | Sustainable Agriculture
[4551] QUJItDbutGQ → Webinar: Agritech Solutions For North America
[4552] UpkClw7rrck → Inside with Legendary Artist Hollywood Lee Logan 2025 06 11
[4553] F5WHHacujo4 → how to cultivate land before planting chrysanthemums#hilviarantung#viralvideo #farming #shortvideo
[4554] Gzki8Ef16C0 → WELCOME TO MY CHANNEL: 2025 #homesteading #momlife #homeschooling #gardening #healthyliving
[4555] YK7Xp3-aPu0 → Agricultural Systems Technology - The CAFNR Experience
[4556] W3v4H_kYrhk → Heavy Duty Combined Cleaning (sifter) Integrated Flour mill Machine EPC provider: www.immy.cn
[4557] c_Z7-or8v_A → Livestock Management Techniques
[4558] itmSO0AZftw → How Can We Feed A Growing Population With Healthy Food? | Future Food
[4559] CKQ9qD9dQjI → Haying independence Sale - Subcompact Economy Hay Package
[4560] KNjZ4DMy24U → The Fascinating Process of Almond Harvesting!
[4561] IlGNTlXmzpQ → Agricultural Land Mortgage Loans Loans Calculator USA
[4562] lE_8useBf4c → Closing the GAP's: Utilizing Good Agricultural Practices
[4563] kBwvhlPMEgg → Can we play w/ planting dates a little bit & not rush to put the #corn in? #cdnag #ontag #westcdnag
[4564] A11SHsRWptY → Pumpkin Growing Basics | From the Ground Up
[4565] 6JdwA73xXrc → What I Use instead of Miracle Gro. plus Free HomeMade Fertilizer!
[4566] x_kCgX8TGVI → Plant These 10 Awesome Crops In July RIGHT NOW!
[4567] A5JfUIDvQfc → This man owns a giant animal on his farm 😳
[4568] s88r_q7oufE → Queens Of The Stone Age - No One Knows (Official Music Video)
[4569] GANUxTDylfk → HONDA GX390 13HP PRESSURE WASHER
[4570] bbr1HPNmnF8 → How Technological Change Drives Improvement in Plant Breeding & Agriculture | Seth Murray | TEDxTAMU
[4571] DNUdd8KMa0M → How's it Growing: Auxins and Rooting Compounds
[4572] zsMFF9wEKjE → DIY watering automation system build #1
[4573] _oj-yr-IxA4 → Cows in the Village #shorts
[4574] TUG3f5IwBbc → Advanced Agricultural Technology: A Trench-Making Machine That Saves Time and Labor
[4575] xnOVR07GG3M → Planting Up Two GreenStalk Vertical Gardens! 🌿🌿🌿 // Garden Answer
[4576] MjLmeWpeXhA → AI in Revolutionizing Smart Farming Techniques
[4577] isjlcDfIGA8 → Elon Musk's Crazy Plan To Change Twitter Forever
[4578] TuEvOr-SpcA → Ingenious farming: seed planting with a scooter
[4579] C04InKRDhYc → What Are The Benefits Of Composting? - The Plant Enthusiast
[4580] OomVm9VAQRM → Claas Arion 610C 620C 630C Tractor Operation Maintenance Service Manual # 1 Download
[4581] btjrz8k6jdI → Fall Carnival Hay Ride fun at Augusta Prep. #AugustaPrep #Prep4Life
[4582] DaUMRYXPk84 → What Is Link Farming In SEO? - SearchEnginesHub.com
[4583] lxVjEXkM5bw → Cow-Calf Corner: How Much Hay to Feed? (11/14/15)
[4584] vCA4zYSfE6Q → 龍捲風來襲 羊群提前感知，變換隊形成功躲避危險！Smart Sheep Outsmart Tornado! 🌀🐑#amazingnature#tornado#animalsense#survival
[4585] ohDBrUEwcHs → 1 month growth in an aeroponic Tower Farm in Kuwait
[4586] nCTSQ6P2P3I → Morning farm chores #comedy #farmlife #farmchores #chickens
[4587] 1vK4rtprz6w → IF I COULD ONLY CHOOSE ONE? BEST MACHINE FOR PROPERTY MAINTENANCE
[4588] hA_7pHelRdw → Stop growing potatoes the old way; let's do it this way. Grow potatoes with water in a styrofoam
[4589] PWCJGS1oEbc → नर्सरी में देखते ही ये पौधा खरीद ले || रेयर वैरायटी का पौधा #ytshorts #plants #hibiscus
[4590] geSVVOlth_c → Manure Management Systems on Washington Dairy Farms
[4591] 80fO9IEYIH8 → How to Spot REAL Pasture-Raised Eggs & Chicken 🥚🐓
[4592] rjmod9Hy5XE → Amazing Livestock Farms Equipment That You Should See
[4593] 7BgLenNMc7k → How to grow potatoes in water
[4594] nPXuEpyCfMg → Basic Aquaponics Systems for Beginners | How they Work & Design Ideas
[4595] heTxEsrPVdQ → How to Start a Small Farm | A Step-by-Step Guide
[4596] Cs2roPy-v2A → Agricultural quotes #automobile #farming #agriculture #farmer #farm #farmlife
[4597] b6YVuyMBIvs → powerful mini tractor test drive vst mt 224
[4598] Mj0zYYPwlGg → Sasakawa on agricultural extension services
[4599] 3Avplg_wuX0 → Harvesting and preserving dry beans from the garden! #growyourownfood #gardenharvest #offgridliving
[4600] A8qTRBc8Bws → Understanding Our Soil: The Nitrogen Cycle Fixers and Fertilizer
[4601] x2TZiWnh_20 → BC families access local farm produce
[4602] yRxFWhdsl5M → Fall Harvest | A Year of Fun with Zobey | The Adventures of Zobey | Fun Healthy Kids Activities
[4603] ghq_LCIgduk → Sows in gestation crates
[4604] 2YgkwKHJFBw → Home Soil Test Kits | From the Ground Up
[4605] ipdI3-q17eY → How to Shop the MMPA Farm Supply Store Online
[4606] 0borLzahDWk → My FAVORITE Tomato Varieties And Why - Plus New Seeds!
[4607] 1oreoAUTi38 → Cibus Gene Editing Technology for Plant Breeding Meets Demand for Non GMO Crops
[4608] zDeL5LXwpAQ → Potato Planter GRIMME GL 420 Exacta Planting Potatoes in UK || Made By GRIMME Germany || #shorts
[4609] 4aDTpiU4adE → Kesar Cultivation | केसर शेती करा कमी खर्चात मिळवा भरघोस नफा! 'या' महिन्यात करा लागवड
[4610] 1kpCwFbS2Qs → Introduction to Agricultural Extension Education
[4611] pwztsZixkA4 → MJE Livestock Equipment Dealer Network
[4612] KIBAqLxs1_U → 3 Grazing management tips to help you reduce soil erosion on your farm for sustainable outcomes
[4613] RrkOsRX_drc → 2020 farmers visit feed and seed-making companies in Netherlands
[4614] r83fCCkDbPM → Hamra history
[4615] HqKqycD8LX8 → Composting in Winter: 4 Tips for Success
[4616] HPh23I-XZYg → L. Lamastra - Towards Sustainable Agriculture: Tools and Methods for Measuring Sustainability
[4617] -ew-wjLp0UA → Peanuts and Climate Conditions
[4618] sq6VAeAq_hM → HX 20F double 20 spike manual seeder fertilizer
[4619] qqt9bp-zpeM → BASF Inoculants - The Basics Behind Rhizobia Bacteria
[4620] 1MXcymuMeL4 → Types of Fertiliser Explained - Choose the Best Fertiliser!
[4621] 0irp1rqgJVY → Cleaning Up The Overgrown Hay Pen! #cow #kentucky #farming #angus #hungry #hay #cattle #farmlife
[4622] Ju3Z00oW7kM → Fertilization Secret: Get Insane Tomato Pepper & Eggplant Yields! #gardeningtips #homegarden #grow
[4623] mtLq8psy-FM → Soursop Production Techniques- A training for Belize
[4624] tXgXL9PWzTY → Rent Agricultural Equipment
[4625] 9q2_Sesns-0 → One Year Anniversary │ Planting Cold Frames for Fall
[4626] 3qV1bx3-GVI → Sustainable Agriculture: How to Grow Food Sustainably #shorts #sustainableagriculture #agriculture
[4627] nOP-H6kRBKM → Financial Trends in the Cattle Industry
[4628] AEa82uWML_Q → LEAP 03 / Reduce environmental impact of agriculture | Leaps by Bayer
[4629] V22CRis83rM → Plots for sale near Devanahalli | site for sale Bangalore | Premium villa plots attached to IVC Road
[4630] LV85zcpPbjc → DIY paintcan pyrolysis kiln for making biochar during dry distillation.
[4631] up6GJScQ05g → IPM Strategies and Production Practices for Managing Pests
[4632] Dh-NkYLhR-4 → Ibex Equipment Mini Round Baler | Haying Independence Sale | Tractor Tools Direct
[4633] HEyFQo9RUWQ → Drip Irrigation System | Best Irrigation System for Gardens & Agriculture Farms
[4634] jpUDXKNTQHY → Rice plant panicles are coming out || Witness the Magic: Thriving Rice Plant Panicles Unveiled!
[4635] MounFQRFNhk → Cannabis Harvesting Tips for Maximum Potency
[4636] Tya4YSyjRYE → Smart Farming Hack with a Plastic Bucket!
[4637] zR-3x0qdlro → WATER PUMP SET 💕✨ Gasoline water pump #waterpump #farming #irrigation #irrigationpump
[4638] n2vnYrJ_M0U → "Milking Machine for Dairy Farms | Save Time & Boost Productivity
[4639] gWWSkQrbUos → Optimizing Management Practices under Straw Regimes for Global Sustainable Agricultur... | RTCL.TV
[4640] ROvtNDwRmZE → Understanding the Conservation Reserve Program: Impact and Benefits
[4641] Z5fIOPVevI0 → The Thickest Hay We’ve Got - KUHN FC 4061 TCD
[4642] Zltmi8as9Ew → Greeningplus Guide to Organic Fertilizer Production | Sustainable Farming Tips
[4643] n46X2GrRYWg → 3.7 Lord's Hayes Branch Canal BCN
[4644] eH5zyxXrfy8 → Breeding dogs and cows better
[4645] kft4GF6gkao → Farm Stereotypes
[4646] gDFBnz3mz1c → Plant breeding and genetics: Understanding the basics
[4647] 3CyJnEKV0Ms → Les Secrets du Métier de Maraîcher : De la Terre à Votre Assiette #métiers #maraichage #maraicher
[4648] hTPrjx0wGus → Managing Farm Finances: Essential Financial Skills for Farmers
[4649] 2iPNkJj8zbo → Hay testing for cow calf beef producers
[4650] fATu0VfOcLM → Animal Names for Kids in English | 50 Domestic Animals Names | Domestic animals of the farm
[4651] TaRa-OUUf3Q → Harvesting Wheat by Hand -- Foodmageddon Ep. 20
[4652] nmIono3tQoA → 4 Tips for Water Conservation in Agriculture
[4653] e0CrG8CZld0 → China lifts hay exports from Australian trade restrictions
[4654] GfXo5q6FN-g → The Agrarian Life with Wendell Berry
[4655] 0CSK_YToHyk → Crop Hour: Nutrient Management and General Agronomy
[4656] k6nqIYA03f0 → Would you risk it? 🌿💀#plantlore #wildfood #foraging #anthriscusaylvestris #folklore
[4657] 0oJ7CtdhQAY → How to Start a Farm Business that Makes $120K/Month (Pt. 1)
[4658] tYNUQJD7jTM → Layer Chicken Farming Plan | A-type Layer Cage System | Poultry Farm Equipment | 10000 LAYERS FARM
[4659] Ee__0yuE6Lk → Trenching Pipes & Sprinklers
[4660] A2obun0vKJY → Rebaling Round Hay Bales Into Small Square Bales with Tubeline 5000 Chainless Feeder
[4661] VKAgX5-JJZ4 → Cultivation of green gram.#farming #shorts #viral #agriculture #satisfying #viralvideo #viralshorts
[4662] A3DSU219_TI → Best Method to Get Candy Blossom Quickly Grow a Garden #growagarden #candyblossom #gardenevent
[4663] Vauqyn1WJMU → AI Magic for Farmers: Plantix - The Best Agriculture Android App
[4664] AqKKQb3M1ow → Closed-Loop Farming Explained | Sustainable Agriculture for a Greener Future 🌱
[4665] JdbaI3a1sFU → RACCOONS in “GROW A GARDEN” Every 15 MINUTES on ROBLOX…🦝
[4666] udzxnitRquc → vertically trellising squash is good idea! #gardentips #garden #squash #grow #plants #diy #shorts
[4667] ehVwzKzpuEQ → Farm Machine Safety: Loader and Skid Steer Safety
[4668] oQYDUVn5_ZE → John Dear vs Kubota # John Deere # Kubota# Indian # game# gavathi# Gamers #
[4669] 9PyB1JObcKA → Out standing in their field? What happens to bales stored outside after over a year...
[4670] cUpX79xbTUE → Tropical Forests Agroforestry Systems And Plant Resources
[4671] GJPz7-mgSpg → "Choosing the Right Tractor Size for Your Farm: The Ultimate Guide"
[4672] EM-l2rsYEKM → Vineyard Management Tips from Cristián Vallejo
[4673] wBnllgbSgCE → Water buffalo organic farm #WaterBuffalo #FarmLife #BuffaloFeeding #AnimalFeeding #agriculture
[4674] qHeE0XCYr18 → The Final Pass: End of Planting Season 2025
[4675] Fnhy04dn7fg → A Cow’s Choice That Silenced a Village | Ancient Chinese Wisdom
[4676] D7jp1I62TxY → #getready #getstarted #motivation #teddyroosevelt #roosevelt #career #work #quotes
[4677] 2oxMdpEUnjI → Biofloc Basics: Sustainable Aquaculture Techniques You Need to Know
[4678] zB70dNjfcdc → SECRETOS REVELADOS! 🤯 Azúcar Vinagre Leche y Cerveza: ¿Realmente SALVAN tus Plantas?
[4679] m0vQGzSMrFQ → What is Beekeeping? - Preparing for my biggest honey harvest
[4680] T9dtNw2NR4U → Feeding a city with local sustainably grown vegetables.. SAYURAN | SHORT DOCUMENTARY
[4681] u6VjEWNW66Y → Agric Marketing Functions (Agricultural Marketing and Management) Grade 12 Agricultural Sciences
[4682] DHs6BRvXoK0 → Nursery Best Management Practices: Fertilizer Application Record Keeping
[4683] zAnldcwm8FQ → (6) Tractors From Wade Inc. in Mississippi on Sullivan Auctioneers Online Sale Thursday (Aug. 27)
[4684] Qj2YFQM5lGM → Cosecha de soja!! #campo #arg #soybean #agro #bsas #agricultura
[4685] mP2tO34Or_4 → Farm Animal Frolic | Fun Farm Animals Song for Kids | Toddler Nursery Rhyme with Animal Sounds
[4686] otPw3hY7aW0 → Machinery Pete: Farm Equipment Dealers Bring Big Value
[4687] VZS4RAlQM3s → A homemade insecticide that doesn’t cost money #plants #shortvideo #garden #youtubeshorts #howto
[4688] 8bvKKjFtWDM → What Was Disturbing My Barn Cats? #barncats
[4689] pxbiKbBmQDg → Sustainable Pasture Management Tips
[4690] FvRlCQr7ToY → Revision 2023 Agriculture Science And Technology Chap.No.13
Error fetching metadata for video ID nAE28sSmei8: Command '['yt-dlp', 'https://www.youtube.com/watch?v=nAE28sSmei8', '--skip-download', '--print-json', '--cookies', 'cookies.txt']' returned non-zero exit status 1.
[4691] nAE28sSmei8 → Unknown Title
[4692] TT_QOibQxW4 → Grow more cauliflower in a short growing season
[4693] UkxFhdudpfI → Butternut squash growing vertically on string trellis ( 5 Plants) #garden #squash #gardenideas
[4694] bNnrapvSHfM → Taro Farming In Large Field@HappyFarm85 #satisfying #shorts
[4695] k5ITFtBr0PQ → Zamseed SORGHUM varieties | Agritech Expo Chisamba 2025 | FARMING IN ZAMBIA
[4696] KqtOjIaCixo → A Pigs Life - On a 26 Acre Homestead
[4697] al3c9S1xP9I → The evolution of the Vermeer round baler
[4698] 8AErMYTlauc → Antique Columbia Hay Press
[4699] oV8ycQ8cRfg → Raw Local Honey
[4700] DmgW27_OHH0 → Free Way To See The Most Popular Searches For A Keyword On Google & YouTube #Shorts
[4701] fFxLsmTfHSw → List of major crops and producing states in India || Crops producing states in India 2023
[4702] K1d6tpw739k → Earn income from your farm equipment with MachineryLink Sharing
[4703] tGavl99_rAM → COOL FARM TOOLS EXPLAINED...NO-TILL SEED DRILL...SEE HOW IT WORKS!!
[4704] 7-GOF18RdL8 → How to Plant and Manage Summer Trap Crops
[4705] ws4Q9jxhxhI → Soil Health Indicators: Signs of Fertile Soil 🌱 | Spring Scientific
[4706] Xdaj_HsS6Aw → #facts #farming101 #farming #fruit #vegetables #agriculture #viralvideo #planting #trending #plants
[4707] E7NqNh8PODA → Soil Conservation (Methods To Prevent Soil Erosion)
[4708] LpmxrU1n4qA → కూరగాయ పంటల్లో వేసవి జాగ్రత్తలు | Vegetable Cultivation Techniques In Summer | Matti Manishi | 10TV
[4709] iZsJNEUhD34 → Companion planting is a smart gardening practice that maximizes the benefits of plant combinations
[4710] 6P1hqBthSQY → Back 😇Gear 😀😎💯#farm #animals #pig farming #success #business growth #large white pig bread#pig feed
[4711] 3pKPsST-JGI → 5 Benefits of crop rotation
[4712] 3S72elNW8H4 → The Need for Efficient Agriculture Water Use
[4713] Gu00_rFlFs4 → Compact Tractor Hire Flail Mower Hire Quad Bike Hire
[4714] hW-27SlJDbY → Know Your Seed: Choosing the Best Varieties for Your Farm - 2018 Young Farmers Conference
[4715] ZfGc0Z9MybA → Popular vegan influencer dies of 'starvation'
[4716] -yhKxZqvPtM → 13+ Survival Gardening Crops To Grow To Live Off Your Garden
[4717] 1TbIGBGcplI → Meet Hardy our agriculture and rural operations Training Manager
[4718] ZI14pTLnTtQ → Why Rain Water is AWESOME For Our Plants-Shorts
[4719] kpiHfDn4AQI → Soil Conservation Methods Preventing Erosion in Agricultural Areas
[4720] Gu5vXvzqL8o → How Cotton Processing in Factory Cotton Cultivation - Cotton Farming and Harvest
[4721] tlPb6vvE01Q → Harvest to Market: Peanuts & Peaches #2
[4722] 9SIjQhCnHbQ → The Life Lessons of Raising Cattle
[4723] wmkqIY8lqPE → What is Agronomy and it's Area? #kristiculture4138 #agriculture #farming #sustainability
[4724] HboGe9K0dAQ → Small Farm Irrigation - Video 1 - How to Attach a Lay Flat Header Pipe to a Garden Hose Faucet
[4725] SkP91yyZqg8 → Old MacDonald had a farm - Animate Puppets
[4726] F7rSUW0AN-w → #fcnfm FCNFM's Hay Cutter: Designed for the Needs of Modern Agriculture
[4727] _Su7dD5rWJc → Product Link in Comments - Green Life Vertical Hydroponic Home Gardening Kit
[4728] -3_xCNu1mtI → Before You Bale Grass Hay:  Let Your Field go to Seed Prior to First Cutting!  Self-Seeding!
[4729] PwIxNgb6xIY → HAPPY FARM ANIMALS JUMPING AND RUNNING AND RUNNING IN THE FIELD  | Cow Video
[4730] JJqIPSTQ1Jw → Agronomy and its Scope-Agron 302 lecture1
[4731] cPjQCh4V_iA → Hello Tractor Tractor Operator Apprenticeship Program
[4732] BbpFEbrNlNg → Watering your Cannabis Plants the RIGHT WAY!
[4733] 5hgTeyjJ_t4 → Impact of Organic Grain Farming Methods on Climate Change
[4734] AoA-IOn73PA → Grain Cleaner in Action Harvest
[4735] DxiBusMaqDE → Stop doing these 3 things to be a better worm farmer
[4736] VVXS-6aSqUQ → Agricultural Machinery Maintenance BEARING REMOVAL
[4737] HN8ODmzR8qw → How Does Traditional Poultry Farming Impact The Environment? - Iberian Wonders
[4738] LjyZiAJYDLc → Do NOT buy a Haybine without watching this video! New Holland 488 pre purchase exam!
[4739] a6gH3MSkhIk → DIY Solar Powered Farm Pond Fountain - Farm Pond Aeration Cheap solar fountain solar water pump
[4740] cdVuq5DORI0 → The Gut Doctor: Flea Tick and Worm Pharmaceuticals The Environment and Pet and Human Health
[4741] M76rZJwcB2A → From Philosophy to Farming in the Mountains of Portugal | Possibility: A Prologue
[4742] zTn7wHcbIm4 → Best perennial plants for colour
[4743] x3bdZuzBfKo → Sunlo Mere Pukar 👨‍🌾🌾 #farmer #farming #motivation #trending #shorts #desivlogs8
[4744] xT6x63HptHE → Which Tractor and Attachments are The Right Choice For Small Farm and Property Owners #tractor #farm
[4745] gqFiP0MDm3c → #farming #villagelife #farmer #farm #farmlife #farmers #village #villagelife #villagelifestyle
[4746] U6bqvPQ63CU → Bill Gates is the largest farmer in the U.S. 🚜🇺🇸🤓 #facts #farmer #billgates #usa
[4747] 69RPDaXB2yI → 6065 Mahindra Tractor with an Enorossi Vortex Tedder
[4748] fnk5clRgOlQ → Barreto 1620 rear tine tiller for sale | no-reserve Internet auction August 16 2017
[4749] JZiUxz0vpH8 → How to Make Biochar Fertilizer (Version 2)
[4750] ZLHKx0b3pt8.temp → The Fresh Produce Supply Chain explained by the President of a National Produce Company
[4751] 6FZZSHOgmgo → Agricultura Sustentável- Agroflorestas
[4752] kMcWXEL_ACM → Summer Nature | Grazing of Farm Animals | Soothing Animals | Singing Relaxation
[4753] vbSaHeYDs6c → Ingenious 1000-Year-Old Water System Uses Camels! #interesting
[4754] LSf_omP3AoY → ENVIRONMENT ┃GREEN REVOLUTION AND SUSTAINABLE AGRICULTURAL PRACTICES ┃LECTURE 67┃  UPSC
[4755] sbemTw149Eo → Agricultural Activism | Tyler McCann | C3FC
[4756] l2Xr_uBTiEA → What is directional pruning? How to prune fruit trees on your own
[4757] 1jLObW6p1Qw → How Texas ranchers graze adaptively #cattle #farming
[4758] jttGx75xBTo → PREVENT FLAT TIRES IN TRACTORS TRAILERS & TRUCKS! CRAZY!🤩
[4759] NniDVPsjDoI → Dynaversity video scribing #1: Agrobiodiversity
[4760] 7h_gSnTZ64c → Modern Agriculture Machines That Are At Another Level #modernfarming #farming
[4761] LtGPQtQpVWI → Garden tips 8 - How to make nutrient-rich compost in a large pot #compost #composting #gardening
[4762] NWdVTuTa_vU → What did you pay for? Rural life is so simple. Healing
[4763] ozz7a_P-DgU → The secret to grow high yields peanuts #farming #tricks
[4764] _AUKE0pMy50 → Pesticide Use
[4765] FTNxmJoz3pI → The Farm Rehab (The Farm in Stouffville)
[4766] kaImmBDEvfU → Tips for Checking Planter Depth
[4767] kQcax3Rv4oA → Salt-affected soils: discovering a missed reality
[4768] 9DX3TGylaXM → How Farmers Harvest Millions of Tons of Cassava: Modern Techniques | Farming Documentary
[4769] tlv6a2KFKIY → Dealers will make you RICH 💸 - Schedule 1 Tips & Tricks - #schedule1 #gamingguide #gametips
[4770] vbMxkbVMZmY → Lunch and Learn: Seasonal Maintenance of Warm Season Fruit and Vegetable Crops
[4771] cJLGvAGwYEI → Rc tractor parts #uktractor #howtomaketractorathome
[4772] _HmVmfCseb8 → U.S. farm equipment retailers experience drop in sales
[4773] tVLJJ0XYGFE → Eggplant harvest every day Tips for planting my small vegetable garden
[4774] -caWgZaufaY → LA Fruit Vendors Huge Fruit Cup for $7 | MyHealthyDish
[4775] nXrdiiAe6ss → Virginia Farmhouse For Sale | $125k | 55+ Acres|Virginia Farms For Sale|Virginia Cheap Land For Sale
[4776] POCOB0Vtk9E → How We Make Hay in South West UK | Full Process
[4777] 05-LQhpJ1Ng → How Does Climate Change Impact Agriculture and Food Production? | Weather Watchdog News
[4778] OQ84cntD76w → GROWING ONIONS IN A COLD CLIMATE 🧅🧅 Follow These Tips!
[4779] DnWVNcJ6Ktk → High Inventory Turns Grow Return on Assets: Kennedy Implement 2012 Dealership of the Year
[4780] 0OJeFX2ixlA → Transplanting and Planting Seeds in Soil - Hank's Hints - Tough Grit
[4781] JTZ2LG8U9Nc → How Does Farm Automation Improve Agricultural Productivity? | The World of Agriculture
[4782] oLkkre9X-xA → GROWING PLANTS ON THE ISS — 3 QUESTIONS FOR NASA ASTRONAUT JOSH CASSADA
[4783] zEAZ3vKZrCk → 49" Universal Hay Bale Spear Bucket Attachment | Titan Attachments
[4784] 2o_iyq-2pN0 → Bharat bio agri solutions Pvt Ltd || agriculture products|| #organic #products
[4785] HWK1wmlyHZE → My 6 Month Experiment with Chinese Farmers Changed Everything | Organic Cultivation Technology
[4786] 81fWBMyLxz4 → Refilling Grain Drill with Pasture Mix/Oats/Red Clover to Reseed Old Pasture
[4787] xCndMoNjlUk → What Is The Role Of Cover Crops In Arable Land Management? - The Geography Atlas
[4788] qKkdL5XRvbE → What is Spate Irrigation?
[4789] Ha_hvsamT1A → Cultivating Growth: The Process of Seedling Transplanting
[4790] YWiQ-_YIP1Y → Everything You Need to Know to Grow Grapes - COMPLETE Growing Guide!
[4791] EGh0rYqge6E → June 11 2025
[4792] 4lJzIf6rx0U → Southern Illinois Agronomy Observations
[4793] UHlkQSjXEM8 → Garden Center Tour |Awe-Inspiring Plant Ideas!|
[4794] KrBcwdAcYAc → System of Rice Intensification (SRI): Producing more with less
[4795] fPfm3tay9F4 → Can Soil Health Improve a Farmer/Rancher's Life Too?
[4796] fEBjpocBcDY → How HERD MANAGEMENT Helps to Spawn BIG RARES!!! - Call of the Wild
[4797] UtiRAPDDDSg → $50 DIY Raised Garden Beds!
[4798] fmqa9xYzWzw → Cassava : The Goldmine Tuber #gardening #HealthyFood #Cassava #ProfitableFarming #
[4799] Ocu9oAHyGO4 → Crews Pouring Concrete for Farm Infrastructure Upgrades
[4800] 9n6o94ETbh8 → Convert Living Soil into No Till | How To Grow The Best Organic Weed Without Synthetic Fertilizers
[4801] zfNbC9p5zEI → Day in the Life of an IL Dairy Farmer #shorts
[4802] qDESim2E0qc → What Is The Concept Of Homesteading? - The Ethical Compass
[4803] c6TH0WylZvQ → What Are Natural Alternatives To Chemical Fertilizers? - The Plant Enthusiast
[4804] OBsE-G96D5U → Soil Conservation on the Farm
[4805] 0RXAPNvnAok → The best way to mount a horse 😂
[4806] j2yFTF32glo → Jim Baker Estate Farm Equipment Auction in Creston IA
[4807] 8lbZJ8NBtlU → Farming and Agriculture of Ancient Mesopotamia
[4808] ojU48YlBuaM → Cow Rescue in Rural South America #animalrescue #wildlifeencounter #wildlifeentertainment
[4809] H1POVAr8e0A → FarmBot Genesis |  Autonomous Farming for Everyone
[4810] OqjQL89NHWo → Relaxing Farm Life. Calm Meditation Video & Music
[4811] 2M4wk3U6STI → Fallout 76 Hacks - Planting Crops Close Together
[4812] NIxCPsDFNQM → How to Cure Garlic after Harvesting
[4813] MzRJO4muGhg → AGvlog #01 | Midwest USA 🇺🇲 | DEUTSCHER AUSWANDERER 🇩🇪
[4814] o_XfFobmKlg → AGRICULTURE LAND MANAGEMENT AND PRODUCTION T LEVEL @ REASEHEATH COLLEGE | #WeAreLandbased
[4815] ShZtwTnPVEc → Farm Mechanization: Revolutionizing Agriculture
[4816] Pvf5wv8wark → How to Grow Cucumbers | Tips for Beginner Gardeners
[4817] NKfqWeVWnqI → Nutrition in plants | Autotrophic Nutrition | Photosynthesis | Home Revise
[4818] 6-zNi5pyZ3I → CVTC | Agronomy Management Program
[4819] 9fAoLGUAA18 → Fear from ongoing ICE raids impacting coastal farming communities | KTVU
[4820] lmhSv6-T7EQ → How to Prepare Potato Dextrose Agar (PDA) using Fresh Potatoes (Part 1/4)
[4821] IzaaSIEDg7s → Are Fruit-Picking Drones The Future Of Harvesting? | Insider News
[4822] wuEjOnv5KZE → How To Become Rich Farmer In 3 Months | Commercial Groundunt Farming Explained In Detailed 2023
[4823] zKnoaqhJESw → शेतातले कामे करून खूप कंटाळा आला shorts #desi #farming #shetibadi18 #agriculture #villagelife
[4824] gfCcI6_1iiA → How Urban Farming Saved a Dallas Community
[4825] 7tOxeoYV7yI → TrackTribe - Farmhands
[4826] Pl5LSIte2_w → How We Produce 80% of Our Food on 1/2 Acre Homestead
[4827] 18V-xyAOlzo → Module 9 | Profitable Small-Scale Farming: Essential Tools and Techniques
[4828] DD568ClG9gI → Oops! Forgot to water. Again!
[4829] wMQKtud7ta4 → Croptec agricultural machinery and spare parts.
[4830] 0OrtRQyhIC8 → Indigenous Agriculture: Planting for Survival
[4831] ru8E5_vVyPI → Equipment Rental in Ashville AL - 205-338-7368 - Advantage Equipment Rentals
[4832] 6ATbwi4kJ0w → Animals for Kids 25 min Farm animal sound
[4833] A_XGByeRPeQ → "Best Crop for [Season] – High Profits! 🌾"Boost Your Yield! [Number] Tips for More Production! 🌾"
[4834] HM9BwQ6scxU → When Buds Get Jarred Too Fast - Curing Errors
[4835] BVpO-3s9aZA → High Tunnels to Extend Your Growing Season | From the Ground Up
[4836] fu5wvD9iDyU → Sustainable aquaculture
[4837] umpIg30hFn0 → Qigong for you life-force cultivation. Qi as bio-electromagnetism. Taoist Master Mantak Chia
[4838] o8G7GHmp11A → Adapting to Climate Change: Strategies for Farm Resilience with Nicole Scott #marketfarming #podcast
[4839] ZaS0zaqn4Ww → Best Lights for Growing Cannabis!
[4840] _5_COl_L4yY → What is vertical farming? And what are the benefits? | Pioneers for Our Planet
[4841] K9iBcalEUQw → What Is Farm Management Software and Who Is It For?
[4842] MgscGAR3iOs → going to market 🌾🌾👀💞💞
[4843] gecS2w0QAJ4 → slow CR11 capture  #agriculture #farming #harvest
[4844] n7G6AyBtILk → wolfgarten #cultivator & #weeder #handtools organic farming #shorts link in description
[4845] a47ai-jMQRk → FARM SECURITY LIGHTS TO DETER PREDATORS AND PEOPLE!!
[4846] 382b9NMX7rg → weeding Robot
[4847] tl_ysN0MVpk → scraps for the chickens 😊 #chickens #homesteading
[4848] nX5xBhodRZ4 → Agricultural Biodiversity Check: a biodiversity management tool
[4849] SlEn_f0xcjo → Allotment Planning - Simple Crop Rotation For Beginners
[4850] C1_ms9cte-0 → Ferngesteuerter Rasenmäher mit Raupenantrieb von Vigorun Tech. Vigorun ferngesteuerter Rasentrimmer
[4851] T3D7dlXry7s → Veggie Dance | Eating Healthy with Gracie’s Corner | Nursery Rhymes + Kids Songs
[4852] dBtCzmM9apU → Management Strategies for Poor Quality Hay
[4853] ykayZvztG4A → Village Fishing Technique Vedio
[4854] D-PG-GpJqo4 → "Vegetable Farming Made Easy: Tips for Beginners to Grow Fresh Produce!
[4855] UJUN7dHYHTA → Hack to keep your plants watered on your vacation
[4856] WM6G2Bt1UlQ → Understanding the Role of Climate-Smart Agriculture
[4857] tyutIzxsxC0 → HOW TO BALE HAY GRASS || Manual hay baler ||Affordable hay grass baler
[4858] k6CP2KPszas → Storm Hits The Ranch and Left Us With a Surprise!
[4859] 83h3FpvuF9I → Industrial Apple Harvester FELIX Z || Made By Weremczuk AgroMachines Poland || #shorts #harvesting
[4860] dmPe89xb780 → Mini Power tiller weeder 52cc #farming #polyhouse #agriculture #polyhousefarm #garden #multicropping
[4861] kvpJzo2y0b4 → Farm Life Showdown: Meredith Bernard 'The Farm Wife' vs. 'Acre Homestead'
[4862] La1rQOlKSGY → AgroBites- Irrigation Scheduling | Netafim
[4863] FF9iVqTy-BE → FAO Lebanon trains potato farmers on environmentally sustainable Good Agricultural Practices
[4864] 6896Nwydzg0 → What is Sustainable Agriculture? Episode 4: Social Sustainability
[4865] 9G49ukSl138 → Agrarian Lifestyle Was Foundational To Strong Families - Ranching Philosophy Part One
[4866] vk4NLOrMQDI → What Are the Benefits of Using Cover Crops in Sustainable Farming? | The World of Agriculture
[4867] leMrZLQqqzM → TRACTOR DEALERSHIP TOUR: Randall Brothers Farm Equipment
[4868] yRKR5piAkqs → Top secrets of Agriculture Form 2
[4869] 425oY-q60VU → Free Containers For Gardening
[4870] U045D7ILFww → Drip irrigation system in spinach farming
[4871] zuPL_eqhdqY → Jeep Trailer #automobile #farmequipment #farmimplements #agriculture #agriculturalimplements
[4872] W3s96Errml0 → Types of crops in India
[4873] PccO6sCLADM → Genetically engineered wheat releases insect pheromones to ward off pests
[4874] dtfoYMDZBxc → Revolutionize Your Farm with Solar Irrigation! 🌞💧
[4875] 1nNGUa2s49E → Tips on Managing and Measuring Clover Rich Swards
[4876] Ijcw4R7f2AE → Trapped in a Grain Silo #shorts
[4877] fyvB6tpA7QA → How To Start The Hay Business
[4878] MLOtluPYwRs → Breeding local cows to increase the number of cows for locals
[4879] b-Nkqeb3mdo → How we choose what crops to grow each season #agriculture #shorts #farming #tips #sustainablefarming
[4880] ydLbULDzyZs → The Essence of Agro Ecology  Harmonizing Agriculture with Nature
[4881] K9i0Kn2Ww00 → Grazing Tips: Beginner's Sheep-to-Acre Ratios
[4882] bclEVctTn1M → Can you guess why toothpicks are used? #farming #agriculture #farmer
[4883] juUcaaPMU4U → Turmeric Farming - Planting Care Harvesting | Complete Guide
[4884] 7VF89xbCJSE → 460M Round Baler Basics | John Deere Tips Notebook
[4885] Bd5mUMa5nEY → Renewable energy from agriculture
[4886] D4Cj8J-gdLs → Aeroponic Potato Farming - Modern Potato Agriculture Technology |  Creative Common
[4887] nEqgXq3SDuE → Tropical Fruit Farm Harvest -Amazing Agriculture Technology #Fruits Tik Tok. #Shorts
[4888] WDNnva4LmnA → How to Grow Watermelon? #watermelon #GrowingWatermelon #gardening
[4889] Mv3KlqebHNY → How To Mill Grains with the NutriMill Harvest
[4890] pqrGmibXsk8 → Slowing Down with the Animals: A Farm Life Reflection
[4891] E6EkE3zj9Ao → The Future of Farming: Next-Level Machinery You NEED on Your Farm #shorts #farming  #machinery
[4892] 5TnZJfxrLjM → Moving Free-Range Chicken Cage! 🤔
[4893] tPMqCds6PMA → Can use of GMO crops or organic farming lead to more sustainable agricultural production systems?
[4894] 09WesSeaSBM → "The Shotgun Approach" - understanding and avoiding the biggest Advertising/Marketing mistake
[4895] y6P_FKqXzDA → Abandoned Farm Outback Australia
[4896] Xl66fgJzCuY → Monitoring runoff from farms
[4897] rDQSNOZyyyQ → Pallet Garden Tool Storage
[4898] 0zHCEfzJ1ZI → DEFHR Rehabilitation Program | Life on the Farm episode 4
[4899] BGlQdSjKpO4 → Grow Your Own Food Indoors with Gardyn #gardening
[4900] LT4WYX0qxXg → HOW TO make a Gravity Fed Water Supply | What You Need.
[4901] wE6dq5bOY7c → How To Plant Tomatoes In A Greenhouse
[4902] ys29TVxIVQA → Vintage Hay Balers 1950's Part 1
[4903] mYdt6CAwKAY → One Of The World’s Largest Indoor Farms Is Using Advanced Tech To Build A More Resilient Food System
[4904] KJzmM9SL0mA → All About Farms
[4905] kWd_QnyO3eI → What is Harvesting? - Types and Methods of Harvesting - Learning Junction
[4906] xrOdem1ENvM → Best Pig Breeds For Commercial Pig Farming
[4907] FdQ2SKUo9IM → How to service basic farm equipment
[4908] zEuF9Pu1Zq0 → Snow Removal Equipment Rentals | Total Rentals
[4909] 96Y-ZmS4ofo → MODULE 2: 5.6 Farm Management Accounting as Standard Practice
[4910] iIK11E8jf3w → Comment obtenir de jeunes plants très vigoureux en pépinière ?
[4911] szK0-TIDrmA → How to grow jinjar #agribusiness #agriculture #jinjar #farming #planting
[4912] DL2ecIG4-NI → ES1  Farming techniques
[4913] 7nVxW8Lz2wY → How Can Farmers Adapt To Climate Change? - Inside Museum Walls
[4914] LHKFgvUOmNk → Top 3 Must have Tractor IMPLEMENTS for your Farm or Homestead! TOP Tractor Attachments!
[4915] Mq95IPX5HKo → "Steel corrugated sheet machine " [grain silo equipment] "Galvanized Silo corrugated sheet machine"
[4916] rxyCjsszwOw → 11 Foods To STOCKPILE That NEVER Expire!
[4917] 3pI6SWTPn-4 → Fainting Farmhands
[4918] 8eWQvshmwt4 → Increasing crop yields using Deep Bed Farming Method farmer video
[4919] H5pq7Cvdb98 → METRIC conversion CHART
[4920] 5jxq8pC5P38 → PHYSICAL/ STRUCTURAL METHODS  OF SOIL AND WATER CONSERVATION
[4921] QBESttSMcuQ → Volta Presentation: The Challenges of Organic Farming in Ghana
[4922] 0BYxQmZJQ30 → corn drip irrigation
[4923] snEo_H9pZFU → How to make Carbonized Rice Hull
[4924] IA3XFBsNaZE → Agriculture: Lead grassroots efforts to fight hunger
[4925] Qx_Rzk08YWU → China's Next-Generation Farming Robots will Soon Change the WHOLE Industry
[4926] qe07Vdt86wY → What Are The Alternatives To Chemical Fertilizers? - Earth Science Answers
[4927] jEYvEN9hDLI → Harvesting Millions: Modern Vegetable Farming Unveiled
[4928] nkZH0rKhMr8 → 7 TIPS for Growing Beans // Complete Growing Guide
[4929] 12d3uwRsVLE → How to Restore Dents and Dings in Your Car | Easy and Effective Auto Body Repair!
[4930] 7NfKPz2DcDY → The role of Agroscope in the Swiss Agro-Food-Ecosystem - Dr. Fabian Wahl
[4931] zVohOKrtGYQ → Feed a key issue to manage livestock systems in transition
[4932] dPI2vFAKoW4 → The chemicals released due to unsustainable agricultural practices and causing soil polluiton are
[4933] g2yZ96jUs6U → The Tools Episode: Best Gardening Tools (Full Video Version)
[4934] nPKb8d2GyDE → King of the Pasture: Big Horn Bull in Action"bigbull#longestjaun#nature#feed
[4935] g_8ND24tlyw → Revolutionary agricultural invention to optimize farming techniques
[4936] W_vowGoc3rM → Here's Your Sign
[4937] DyGn0S5Yvwk → How to Do NEW Sprinkler Method in Grow a Garden – Massive Crop Growth Hack!
[4938] 33s32BSaKRI → Agriculture 1: Agriculture in Developing Countries. An Introduction and Overview
[4939] ilG9bIPoWEI → HOW TO GROW YOUR OWN ORGANIC VEGETABLES AND HERBS AT HOME PART 1
[4940] PVjUp8dTQUU → Vegetable Display Racks for Shops
[4941] xS7kE_0GUFo → Precision Farming: How GPS Technology is Revolutionizing Agriculture
[4942] JMw-3WJSeFA → Farmers Market Wins + Bambu A1 Repair Success | Inside My Print Shop
[4943] 3-xjgCWMED0 → Best4Soil: Crop rotation – Practical Information
[4944] Qr7Ccwugp34 → Stone Age The Legendary Pet l Episode 44 Trainers Under Siege l Dinosaur Animation
[4945] vUrzkWenNfY → Two great new gardening books for spring
[4946] bv0M0K8AoDY → 5 Reasons Why MDM Is The BEST MILKING MACHINE
[4947] FBgcQm_k2O0 → Pineapple Farming… On Water
[4948] 5TxcuD9K3p4 → Get The Fastest Grass Seed Germination #grass #lawn #seeds #fall #renovation #lawncare
[4949] hf7UllXX9lg → Agriculture Based Economy......#maps ..
[4950] D-DiZ5KzvzQ → Rice Pollination Techniques For Seeds Production #farming #agriculture
[4951] JbsLoOnJYJw → Public Farm Open Day at Rakehead Farm | #yorkshiredales #national park
[4952] ipIcDB5TCkc → Agrarian life in the twenty-first century
[4953] _NKehDju6_M → Hay storage #hay #animals #farming #storage
Error fetching metadata for video ID LBYYcQDDLrc: Command '['yt-dlp', 'https://www.youtube.com/watch?v=LBYYcQDDLrc', '--skip-download', '--print-json', '--cookies', 'cookies.txt']' returned non-zero exit status 1.
[4954] LBYYcQDDLrc → Unknown Title
[4955] 38mJOctTm2A → Reasons for Low Yield from Hybrid Rice in 2024 What Farmers Need to Know|Agri Consultancy Official
[4956] lEsl8gk1yfg → ISO Certifications for Organic Farming - Pacific Certifications
[4957] JrqSo2OVeSk → Hay Crop Fertility  A Foundation for Success
[4958] 2cnQ_DGHm1I → Ancient Greenhouse Innovations
[4959] eKPG_j3ZaM0 → Making Hay by Hand
[4960] E6W9j7glY2s → Agriculture and biodiversity
[4961] WnPq3Zetc2Y → Advancing Sustainable Agriculture: Real-World Insights on Polyhalite’s Benefits for Soil Health
[4962] 9bwkWrghsOI → Growing corn in garden organically | How-2-Do It Guide Step By Step | Best Guide
[4963] qy1pI4IkwkM → Hydroponic Strawberries vs Soil: Which is Truly Better?
[4964] 3j5MRJeCoYs → Cover Crops: The Secret Weapon to Healthier Soil
[4965] xp0DtSViHsc → Best4Soil: Crop rotation – Practical Information ET
[4966] moDnnytiJGs → 10 benefits of Livestock Farming that they wouldn't tell you
[4967] dNg4PxYRIA8 → My cakes didn’t melt in 90 degree heat at the farmers market!! 🙌🏽 #cakebusiness #homebaker
[4968] TWpnohR6AoQ → Vegetables Vocabulary Chant for Children | Fun Kids English
[4969] RRMOZTmIIdg → TOP TEN TRACTOR ATTACHMENTS VOTED BY REAL TRACTOR OWNERS 🚜
[4970] 6rLJDJTN_dU → 🔥🔥తెలుగు లో బిజినెస్ ఐడియాస్ 2025 | | New Small Business Ideas In Telugu
[4971] abA6h5M9VHw → 💯Special tool!👆🏻 for raised bed farming!!👍🏻#farming #tool #agriculture
[4972] 91txOsaOk3A → #Support agriculture rural areas and farmers and promote their development#Support Douyin
[4973] Q9jhCEx5u2Y → Farm Silos: Everything You Need to Know
[4974] KQt3jVyME-k → Wild animals farm animals and aquatic animals for kids - Vocabulary for kids
[4975] yVIDocMGXqw → SHOP TOUR   WELDING & FARM TRACTOR REPAIR SHOP - WHATS INSIDE?!?
[4976] zBcUME026w0 → Massey Ferguson 2800 Baler Animation
[4977] tFuNTP6odKI → Ingenious Techniques of Maya Farming
[4978] WQZFNGbXx40 → Water-Saving Gardening Techniques for Drought-Prone Areas
[4979] no3jNKMugEg → This New Method of Starting Seeds Will Change Your Life
[4980] ixsYVKe4MOs → Top 5 Fruit Trees To Grow In Zones 567 and 8!
[4981] hyeMRXq-Ldk → JOHN DEERE 3 in 1 Round Baler #bigtractorpower #johndeere #haybale #agriculture
[4982] L_rmJbiPa4Y → Search The Farm For Supplies - Acid Lab Resupply Mission (GTA 5 ONLINE)
[4983] YKjUii94hfQ → John Deere Z545R Zero Turn Mower
[4984] hgDf5rPTzCI → Homesteading Basics: Where To Learn Homesteading Skills
[4985] r9QQP99oQe4 → Greenhouse Gardening Tips For Growing Tomatoes
[4986] em5t8bScq9s → 7 Pests You Probably Have In Your Garden (And What To Do)
[4987] xmwvasTXROY → Hay Baler for Sale - Excellent Condition!
[4988] 3t-JcXRpA4Q → How To Grow Grass #shorts
[4989] CrvA-bDbdnM → Geoff's Simple Method for Making Biochar 🔥 #permaculture
[4990] XXJxI9lVcqk → Quy hoạch chi tiết tỷ lệ 1/500 khu tái định cư đường sắt tốc độ cao Bắc Nam tại xã Công Liêm
[4991] wK8SGK1Td0Y → All the equipment needed to make hay on a small farm
[4992] K86Zb3BCjq4 → Agricultural Consultancy services #agriculture #agronomy #consulting
[4993] LMUgI5gI02c → RAISING BEEF CATTLE FOR BEGINNERS – How to Select a Bull for Breeding
[4994] WKt_DjGRVRE → What Is Crop Rotation? - Biology For Everyone
[4995] bXuxV46_T7c → NEW WORKING DIAMOND FARM in Minecraft Bedrock 1.21 Update
[4996] OwNCbkIHBs4 → How Farmers Raise And Transport Millions Of Giant Cows - Farming Giant Cows
[4997] S6A0_qdx9c4 → agriculture practices#plant lovers
[4998] tnz1Ij8JD4Y → The truth about nitrogen fixing plants
[4999] -uUrXJrzXwM → The Impact of Climate Change on Agriculture
[5000] jnfYxtdsmD0 → How New Pesticide Technology is Saving Crops!🌾 #shorts #podcast #crops #ytshorts
[5001] hc8ph34dDi4 → How to Plant Container Pots | How To Anything
[5002] naZzIqyVEGg → So fresh with the natural
[5003] Ckl8XHhRI3Y → Innovation platforms and rural advisory services: Group work at a SEARCA Forum-workshop
[5004] AWwpvJ6r6AY → BigDog® Mower Co. Dealer Spotlight | A to Z Equipment Rental & Sales in West Valley (Full Version)
[5005] 0AXGM5T_6NY → I GREW A Cup Of Coffee! ☕
[5006] sVmFYWMmS2c → Amazing Chinese Ginger farming Technique! 🤯
[5007] NYy59rM_6Q4 → Biology - EFFECTS OF AGRICULTURAL ACTIVITIES ON ECOLOGICAL SYSTEMS by A  Mbakwe
[5008] Egg5bHm5ZIc → Laser Weeding Robot: How AI is Transforming Agriculture #shorts  #technology #farming
[5009] ytNmdUE0UmQ → 🌿🌊🌱What are the principles of agroecology | #ActOnClimate  #EDUCATION #ENVIRONMENTAL
[5010] A1IMe9UVCWw → Best method of propagate roses by air layering with tomato #rose_plant #air_layering
[5011] S8K-_xVlVVw → smart and creative fertilizing plant techniques - agriculture - farming #shorts
[5012] EpSlHD32ofc → Biora Technologies Plant Growth Chambers
[5013] SZ80qF_zttI → 2025 HUSTLER CHAINLESS TX205 For Sale
[5014] DBkHnDMgj28 → Mini Round 2x2 Hay Baler #haymaking
[5015] IQ5uo2nknXE → Organic Animal Husbandry: Sustainable Practices for Healthy Livestock
[5016] M4Rn2WxE350 → The Five Principles of Soil Health - Cover Crop Summit
[5017] GZlafLrdUro → A tractor company is likely to go out of business.
[5018] TqH_IhQiuTk → gimana PROSPEK Ternak branjangan Javanica-part 1
[5019] 1t2rFGphDpI → High Tunnel Water Collection with Cherry Flowers
[5020] zoay9UWB2Vs → Agriculture (IAS 41) - ACCA (SBR) lectures
[5021] FoeIz7xxhFU → Genius Farmers Invent INSANE Digging Trick! 🤯🐂 #SurvivalHacks
[5022] FgAY9Zfkhf0 → Revolutionizing Farming: The Latest Agricultural Innovations! #shorts #agriculturalinnovation
[5023] v6oqpFlCUMk → Pasture Management Strategies
[5024] iYtEISGwmOo → How I Grow Hydroponic Strawberries! #hydroponics #strawberry #gardening
[5025] I6xmfCYYygA → RICE REVOLUTION Hits the Farm with Fresh Ideas!
[5026] fUSvtzZqNnI → Yo tarika jani rakhau #farming #satisfying #agriculture #corn #tips #farmingtools #farmingtips #fyp
[5027] 3PiRmc4_C68 → Factors Influencing Productivity in Agriculture
[5028] M-1kMXsGl40 → The Genius Korean Farmer Changing Organic Farming Forever - JADAM Farm
[5029] WOw9zmB3J9k → Most Talked About Moments From Season 3 | Farmer Wants A Wife
[5030] FM1DHLIA7Pk → Unbelievable Farming Techniques! 🚜🌾 The Secret Behind a Successful Harvest!
[5031] Fx5BVvivOyM → How Do Organic Farmers Manage Pests And Diseases? - The World of Agriculture
[5032] OfbQGbYenG4 → Implementing precision technology on a family farm | Field Trials E8 part 1
[5033] u2mk7d6Yf7g → In Focus: Lake Itasca Region Pioneer Farmers Host 43rd Annual Show
[5034] JypeTNqyLUI → New book explores how agricultural practices affect climate change
[5035] i8vY2rt3_BA → Yo honi tarika #nature #farming #gardening #corn #old #leaves #remove #shortvideo #tips #cornlovers
[5036] C5_p_vua4Y4 → Good Agricultural Practices GAP For Microgreens
[5037] MZNQBvKxlCo → Working on a Farm | OmoBerry | Farm Songs For Kids + Kids Learning Videos + Rhyming Song
[5038] 4cyKQX0yhJ0 → John Deere Precision Ag Technology - Powered By Sunshine
[5039] Cnqr_chl6XY → Preview of Sweeney Farms Online Auction Tomorrow in Larimore ND
[5040] j3OW7HRMxLw → FAMOUS FOOD OF ALL STATES #gk #india
[5041] oh3iZqs-kwE → Ag equipment auction | December 2 2015 | Purple Wave
[5042] lMQRB4nGUmA → Vegetable Farming Training: Modern Techniques for High-Yield Sustainable Agriculture
[5043] 1aiojamVTW0 → The impact of climate change on agriculture
[5044] Mb_cruWl-Ok → 3 top tips to improve soil health
[5045] 3_ETdtjJG-c → The Soldiers’ Hill Angus Farm Hay Feeder and Storage Program: Hay Storage (3 of 4)
[5046] vDjfYMCrf0Y → Farm Animals For KIDS | Atrin Soren & Nikan Learn Farm Animals Family name | Kids Educational Video
[5047] UyH70Hi7TEs → Boosting on farm nitrogen fixation in pulses – Liz Farquharson
[5048] 78BXW4LVENo → B&S ENTERPRISES INC. Your Full Service Agriculture Equipment dealer.
[5049] T1ip7ruk3jQ → Agribusiness Development
[5050] cXeqPYhmprM → IndoPower Cranes : Lifts Heavy Loads  Effortlessly
[5051] aQc5nMCvTIQ → Top 5 Irrigation Methods in U.S. Agriculture. What's the Best Irrigation Method for American Farmers
[5052] UHaKaB28GCY → How to Use a Garden Hoe : Garden Tool Guides
[5053] On74FD8wICE → The Secret Behind Huge Pineapples
[5054] ens-9VGwnJQ → Chinese agriculture techniques | chinese farming methods #shorts #agriculture
[5055] LQ5nYOiS-0w → Agriculture & Agronomy Certified Professional Agronomist CPAg Free Practice Questions & Answers
[5056] Bd4Sx8Be8EI → Mod-14 Lec-35 Monsoon Variability and Agriculture - Part 1
[5057] _vg9f9ijPIk → Mesopotamian Vegetable Gardening Techniques
[5058] iA0fCZhdoOw → Soil health series: Soil erosion prevention strategies
[5059] Do0Ip8ibchw → We use 99% of a cow
[5060] zQR3BdfiU6A → Meet the Farmer Behind the Pork & Soap! 🐖🧼 | Bend Farmers Market
[5061] aTUpyI-2iBM → Country Cat Chronicles 😻 Farm Life ✨🌱 #cat #farm #nature
[5062] SNGnN2zmonY → Cultivating Harmony: The Rise of Nature Wheat in Modern Farming Practices #nature
[5063] r3S3D01Ejrg → DIY ultimate WORM FARM! A complete VERMICOMPOSTING SYSTEM!
[5064] 9fM5D5cM0HU → Goat Farming - FULL Version | Agribusiness How It Works
[5065] VMeu-8ZgEEU → How to Spot Link Farms Quickly #seo #linkbuilding
[5066] VTY8fK6-jaQ → Nso'DA organizes follow up meeting on farming seeds distribution
[5067] vE0sW__XhYw → Metrics a Farm Equipment Dealer Needs to Watch: 2013 Dealership of the Year Lake County Intl
[5068] dinkoJSw5nQ → Farming Documentary: Harvesting and Processing Billions of Tons of Sugarcane in the U S
[5069] 8DcfTZ60LHE → What is Agronomy
[5070] jiEjstt34y4 → HOW CROP ROTATION CAN IMPROVE SOIL STRUCTURE
[5071] NKKsZkbrA5o → How to build a cattle panel trellis #trellis #cattlepaneltrellis #gardening
[5072] 2mfXd4qr_K0 → A Day in the Life of a Farmer  Raising Cows Chickens and Pigs in the Countryside
[5073] NFaTvXd_Jzk → Cover Cropping Techniques - Lewis Creek Farm Starksboro VT
Error fetching metadata for video ID dciTiiRwJZ0: Command '['yt-dlp', 'https://www.youtube.com/watch?v=dciTiiRwJZ0', '--skip-download', '--print-json', '--cookies', 'cookies.txt']' returned non-zero exit status 1.
[5074] dciTiiRwJZ0 → Unknown Title
[5075] NmZ2b4ykX_c → How Does Livestock Farming Affect Climate Change? - Earth Science Answers
[5076] CwY--P9t8x8 → processing wheat into flour
[5077] GsoPwyStpJg → 50 Animals Name and Sound | English | Animals for kids | WATRstar
[5078] gEvtcvzJU7A → BIG MAMA has BIG PROBLEMS!!😱 #sheep #farming #pregnancy
[5079] rwqShCEDpfQ → Yellow Bell pepper Growing: One Secret Tip To Grow Any Chili Species | @NoalFarms
[5080] pwgC95JFqOY → Vegetable farming in Nepal - पुर्खाको बिंडो थाम्दै तरकारी खेति  | NEPALTODAY
[5081] itpJk1euaxA → 3 Things I Wish You Knew about Agronomy at Purdue University
[5082] dySSgfd8FgQ → Solar Panels After 1 Year: Are They Worth It?
[5083] -jxof52LyOk → Increased Crop Yield in University Trials
[5084] OW3s8tEYALA → Z'Alp Alpine Season Switzerland Gschwandtenmad Jungfrau Region 4K
[5085] xwSOH2C1N3Q → Improving Road Transport for the Agriculture Industry – Producers
[5086] C2Rsp8MG5mw → SCOTUS allows Trump admin. to take steps to implement end to birthright citizenship
[5087] LKWJ1ZgtFr8 → Impressions Table Etiquette and Farm Life with Jefferson McDonald
[5088] 7YWBiMBnzQg → As climate change hurts crops scientists explore new foods
[5089] FzXyWMiJQj8 → Are you a rich man? 🌱
[5090] Q3-fucr4ilU → The Answer | Free Action Drama Movie | Full Movie | Black Cinema | BLK Screen Central
[5091] D4bI4CgwYTY → 1989 Case IH 8460 round baler for sale at auction | bidding closes May 15 2019
[5092] FM5m63HHsfg → Soil Management in Global Food Security | Sustainable Agriculture | Spring Scientific 🌱🌍
[5093] QcdkeJywVrQ → What Type Of Government Is In Animal Farm? - Socialism Explained
[5094] 64NXNEaGDrg → Tractor Regrets!  What Size Tractor Should You Buy? How to Choose the Right Tractor Size
[5095] MnfEYeWNoC0 → Composting 101: The 4 Key Ingredients 🌱
[5096] EFYgvIHa0g8 → Yep it's possible indoors or outdoors! 😉  #garden #gardentok #gardening #hydroponics #farming
[5097] QzqiTpTF9rY → Rain Gun Sprinkler Irrigation System in Action | Smart Farming Technology 💦🌱 #automatedirrigation
[5098] O9VCbdOb3yQ → English Vocabulary - 25 Words related to FARMING | Everyday Vocabulary | Farm Vocabulary
[5099] bYvCkmpn0Ak → LED plant grow light for succulent vegetables gardening farming Whatsapp:008618666464770 #growled
[5100] cC87qs4TYWc → AGRICULTURAL SCENES  - NO SOUND
[5101] lNRQ3t3FEo8 → Official Trailer | Harvest Season | Independent Lens | PBS
[5102] QzQAHb1LFjg → Tuohua bale net wrap quality very good #factory
[5103] wegp_eOvPVE → Seed Starting 101!
[5104] m0BNJ5pTODo → New Holstein Arrival Grazing Gyr Cows Daily Cattle Chores & Calf Care | HisWay Farm Life Vlog
[5105] GZ2g0xxktwo → ENVIRONMENTAL FACTORS AFFECTING AGRICULTURAL PRODUCTION
[5106] HflbtKfhW_A → Pruning Apple Trees
[5107] pCWKpzx0QmM → How To Install Drip Irrigation DIY Drip Irrigation Drip Irrigation Basics
[5108] Lyrzk4XSKVI → Mother Pig Leaves Her Piglets. 1000 Piglets Officially Become Independent!
[5109] xPXzflSl3aE → Mini combine harvester I Mini harvester #harvester #shorts
[5110] Ez_R3grVhZ0 → Best Milking Machines for Dairy Farmers | Efficient & Hygienic Milking 🐄
[5111] jY0q0spAICI → Vegetable transplanting #smartfarming #gardeningtips #plants
[5112] UosANM6SSOo → The BEST weeding TOOL on the market !!!! #garden #gardening #gardeningtools #subscribe #weeding
[5113] jPTG0-syzrM → One Year's Worth of Food | GIANT Pantry Tour | 1600+ Jars!!
[5114] wqRNs-aqYFU → Develop These 9 Homestead Skills Now To Start Homesteading!
[5115] cMmlQYP1Rh4 → JOHN DEERE 16 Row Folding Corn Head C16F
[5116] 0UMM2almwRM → Farm Safety: Proper Pesticide Storage Transport
[5117] r0bWD5Lb5E8 → Sustainable Practices for Livestock Farming-  shorts
[5118] zPGB-lBgPxo → Amazing Agriculture Technology: Farm Machines You Won’t Believe Exist
[5119] Wv4fnLtw6AM → 11 Delicious Vegetables You Can Grow in Water
[5120] gtogHkN_VNo → Graham Collier - Sequestering Carbon between crop rotations
[5121] MDrQHNqGJMo → 10 most unbelievable agriculture machines and ingenious tools #shorts #agriculture #automobile
[5122] mTjBoiwutds → EFFECTS OF AGRICULTURAL ACTIVITIES ON ECOLOGICAL SYSTEMS | BIOLOGY
[5123] s9WHJxaTLGk → How To Use A Small Farm For Tax Write Off (2025)
[5124] 69pCnhsvy2s → Hay Day Live | The Independent BBQ Fair | Level 123 🔥Stream #4
[5125] ZQM7Iy9paj8 → THE ANSWER - ChanMyae MgCho (OFFICIAL MUSIC VIDEO)
[5126] 67vwjb3A13w → Seed Potato Preparation!
[5127] PKT7M6SENwA → BACHELOR OF SCIENCE IN AGRIBUSINESS (BSAB) | #AGRIBUSINESS #PHILIPPINES
[5128] fomDWeV8i2Q → Milking Cows with Hand
[5129] UQadiOwRMiE → Pumpkin & Watermelon Grafting 🎃🍉🌱 | #viral #trending #new #grafting
[5130] WxVkaWsByTM → ಆಧುನಿಕ ಕೃಷಿ ವಿಧಾನಗಳ ಬಗ್ಗೆ ಅರಿವು | Awareness about modern farming methods
[5131] 6E6yTatNRPE → 🌱 Why Plant Soybeans Early? | Advice from Pioneer® Agronomy 🌱
[5132] jPw-tbIl-4w → Planting corn and beans in the same food plot for fall deer attraction #deerhabitat #foodplot
[5133] xKcNKrgoI0Q → HOW TO PROPERLY SIZE TRACTOR ATTACHMENTS! 👨‍🌾🚜👩‍🌾
[5134] YCq7xmJGQJw → Insecticide Resistance and Evolution
[5135] 6xvVv8vkLPs → Amazing Agriculture 🚜✨ #amazingagriculture #amazingtractor #farm #shorts
[5136] vxHp3TUoisE → #agriculture  #australia
[5137] kI8O2AY94rM → Farm Machinery Operator job in Canada
[5138] NIYnrtfFLaE → Key Tips for Pasture Management
[5139] DTf461s8dxU → How Do Input Costs Affect Technology Adoption Risk? - The World of Agriculture
[5140] jCQMphqGg0Y → 15 Easy Ways to Grow Veggies And Fruits  Useful Gardening Tips by 5 Minute Recipes!# 991
[5141] BFhUmQyL4Bo → How to Grow Cucumbers | Planting Cucumbers | The Home Depot
[5142] 2A_d-rxPZzk → Grasstec Farmyard Design
[5143] _Do3O4yx8f8 → Don't Let Your Seedlings Suffer!   The Ultimate Guide to Thinning and Transplanting
[5144] 5am4ZjEZ4wc → Tips and Tools for Cleaning with Bleach - Techniques Pro House Cleaners Use
[5145] n2zuvhimAgA → Road Safety with Farm Equipment
[5146] ieBGXgt3bE0 → best research topics in agriculture| Learner's club
[5147] WTQUseP33xU → Nutrilite Vitamins & Supplements Overview
[5148] KPLGV2k2AK8 → Animal Farm Trip | Kids Weekend Activity in Boston
[5149] Cbg7HTblHW4 → Planting Vegetables in Spring Part 1: Preparing to Plant! Lettuce Kale Peas & More!
[5150] tc7IPLdCvBk → FENDT 724 Tractor Chasing Bales
[5151] QCS-l6Tuin8 → More Farm Repairs! #caseih #tractor #agriculture #mechanic #farming #fail #repair #maintenance #diy
[5152] 34kXrf27Ddc → Tips tanam sayuran secara vertical di pot #gardening #urbangardening #vegetables
[5153] OCnyCG8aJGA → Easy Farm Management
[5154] nXD5QRdgyCg → Precision Farming | Agriculture Trends
[5155] O3ewhQHKycU → How Do Cover Crops Affect Soil Microbial Communities? - Ecosystem Essentials
[5156] gWJ7xP9tnhw → 29/09 Charla qué es la agricultura sustentable en los sistemas pratenses_ INIA Kampenaike
[5157] qFIR6OXUYQk → I RAISED GOATS FOR A YEAR (and THIS surprised me) 🤯  Homesteading Farming Sheep Goat Comparison
[5158] 1AG9R5O1-5g → 💥Usefull drip irrigation tool!👌🏻 #farming #irrigationsystem #ideas #tip #short
[5159] MHlNe8AYcFk → 2012 John Deere 313 skid steer for sale | sold at auction December 17 2015
[5160] AUzMt1wkQI4 → 7 Corn Growing Mistakes to Avoid
[5161] SqA-3chkYKs → Seed Starting And Planting Schedule
[5162] ETYxawGfDjM → The Jarrow Hall Podcast Ep. 3 - Learning from Anglo-Saxon Farming
[5163] U_Oxdeh9HWQ → Food Security: Focus Agricultural Production And Water Management
[5164] iWR8_jZqZ0k → SIMPLE HACKS PART 1: 15 amazing ideas for those who like chicken farming
[5165] 1MBR5sRPRZQ → Cows vs Sheep
[5166] xS6kZ7RvjjU → Agricultural machinery maintenance tools·1m agoCross spiral two-claw puller click on the lower
[5167] PitBb5HyDP0 → Zero Waste Farming System | Agricultural Waste Management Methods
[5168] -4BGSGeoE90 → How Drone Application Technology Is Changing Crop Input Use and Precision Agriculture
[5169] 8a74nt9266c → Modern Grapefruit Thinning Machine for Clusters #farming ​⁠@HappyFarm85
[5170] ES5tSp4KXkE → poor orchard management practices on avocado 🥑 and their effects on the target crop
[5171] d3Zt7rVF0YA → Welding robot for farm machinery parts
[5172] wfDAM2iEqbQ → Smart Irrigation Tips for Open Field Farming Using Simple Tools!   -Agriculture Farming
[5173] qgLH_9VgLRg → FARM FRESH vs. NXLED - Full Match | Preliminaries | 2024-25 PVL All-Filipino Conference
[5174] s6YxORIPv50 → Getting People to Think: The Shotgun Approach
[5175] JVC6AW87p8E → Our Organic Farming Practices - No Pesticides!
[5176] rSXeLLet8Jc → Tiller TM1050B
[5177] CoI-rTft9X4 → Field to Fork #6 - Spring 2017 - "Herbs: From Growing to Packing"
[5178] nDBkLhutvmE → Curso Tecnologías agropecuarias emergentes y agricultura digital
[5179] FTCzCcP-W5M → Starting a Consulting Business?  Focus on these 3 Things
[5180] 3rPb5sovClQ → Auburn Farm and Home and online catalog supply store
[5181] hOBsF3r0y6g → 10K Puhunan Para sa Pangarap 5 Business Ideas Panimulang Business Kambing Manok Baboy Rabbit Etc.
[5182] HLk-fl4zBYM → Tractor rodeo
[5183] XmJxw8w1C3k → Peruvian Paiche sustainably raised
[5184] loFLysar9kc → Building a Folding Market Stall Trailer
[5185] jkvHYqPLvyc → Transforming cassava peels into animal feed
[5186] KTP3vplCwjc → Investing in your Farm's Future: Intro to Retirement
Error fetching metadata for video ID Dp8vCRo9mGE: Command '['yt-dlp', 'https://www.youtube.com/watch?v=Dp8vCRo9mGE', '--skip-download', '--print-json', '--cookies', 'cookies.txt']' returned non-zero exit status 1.
[5187] Dp8vCRo9mGE → Unknown Title
[5188] TM528lhgU-o → Farmers need agricultural extension services
[5189] iBuD7y_B7kQ → All 18 “Wild Cattle” Species & The History of Domestic Cattle
[5190] UoyI_aSgHSg → Indoor Vegetable Gardening for Beginners 2024 - How to Start an Indoor Vegetable Garden
Error fetching metadata for video ID 2uZ83RFpMN8: Command '['yt-dlp', 'https://www.youtube.com/watch?v=2uZ83RFpMN8', '--skip-download', '--print-json', '--cookies', 'cookies.txt']' returned non-zero exit status 1.
[5191] 2uZ83RFpMN8 → Unknown Title
[5192] buKms5BT8kM → HOW TO START A WORM FARM | DIY Worm Farm | Worm Farm Setup | Hey It's a Good Life
[5193] Gqacej37IrU → HOW TO SMOOTH AND LEVEL A BUMPY FIELD OR LAWN
[5194] 0c-HRw3KQLQ → Milking 500 Cows In Wisconsin USA! 🇺🇸
[5195] YR5IA5kz_Gc → ವಿಜಯಪುರದಲ್ಲಿ ವಿಕಸಿತ ಕೃಷಿ ಸಂಕಲ್ಪ ಅಭಿಯಾನ | Agricultural scientists interact with farmers
[5196] ZPVx4Z2Z9No → Latest Technology Trends in Agricultural Machinery | AGGZ.com
[5197] F8ue5KXY1yY → Agroscope Image Film
[5198] z-X2fIID5z4 → Tilmor 520 Tractor Operations Overview - Safety Overview
[5199] mVm-rM8hUPo → Grassroots Beef - Regenerative Farming at Bel & The Dragon
[5200] D0gjtP6Fwug → ⌈Founding Titan Transformation⌋🔥| Eren vs Ymir | Attack on titan Season 4 /#shorts #aot
[5201] mw9OHboMdHM → 9 hp power tiller | power weedar | showing
[5202] c1BFDGwfLDo → 658 Acres of Prime Farmland in Millerton New York | Sotheby's International Realty
[5203] 0oO6WvTxiN0 → Crop Circles - Mysteries in the Fields
[5204] cuwJo9qTgX4 → What are your thoughts on combine hopper extensions? #farming #agriculture #farmequipment
[5205] 9pFjCr6r0jY → Biofloc Fish Farming Technology - Complete Guide
[5206] Oimg1LjddnM → Top 3 Agriculture machinery Companies of 2024
[5207] 615Jke4bbuY → Biblical Homesteading: 10 Basic principles
[5208] E8fOmbXhuWs → Top Tips for Storing Perishable Goods #kitchenefficiency #kitchen #restaurantindustry
[5209] Qwcmw3DV_Mc → WHO IS THE GOAT MILKING CHAMPION?
[5210] UylLtNSunTU → Crop Husbandry Practices | F2 Agriculture  (Lesson 1)
[5211] n_-NQxK2keE → Watch This BEFORE You Plant Carrots 🥕
[5212] fZKjb4BRlaQ → Bobcat of St. Louis Valley Park Building Demo - March 2016
[5213] maRuaYMqMaQ → Hand tools and common farming practices
[5214] uQRyp41QlR4 → kisan bill kya hai | क्या क्या हुआ अब तक ? farmers protest | farm bill 2020 | Details Analysis
[5215] I0zPh0TFwXs → Farm Animals for Kids | Educational | Atrin & Soren Bringing Escaped farm Animals Back to the Farm
[5216] OI0AidLkBSo → How to Improve Pasture Productivity Easily: Overseeding the Red Field
[5217] nxEhXEnQh_g → The struggles of YouTubing!  Farm life Wildlife photography Video editing
[5218] qYMF9K2Z2OE → 3 Must-Know Tips Before Buying Homesteading Property! 🏡
[5219] tdWM-iSlfe8 → small baler for inn mini baling machine for lodge manual baler for resorts baler manufacturer
[5220] Zy1bLs-H8jY → Farm Management Tips To Boost Your Production | MKULIMATODAY.COM
[5221] b3gN8qdUHxg → Sustainability Agronomy Series 1 | Ep#6 - Grass is just grass… or is it?
[5222] 0T61OtYydXc → How to Milk a Cow By Hands | Evening Milking Of Cow By Hand
[5223] vBwSV8ebscU → Making Biodiesel: How U.S. Soybeans Become America’s Advanced Biofuel
[5224] bqJuKvOqZCk → Women & Farm Work in the 20th Century
[5225] wGbThqyA2h8 → What Are the Benefits of Community Composting for Soil Enrichment? - Ecosystem Essentials
[5226] BhybPVNBoQU → Amazing Grass Harvesting Machine
[5227] 4-tt9SCieAE → IT'S FARMING TIME! 🌽🍉🥗WHICH COUNTRIES ARE AT THE TOP 5? 📢🔥🔥🔥#farming #top5 #shorts #globaltop5ives
[5228] 496lZjgQZ-4 → 9 Tomato Growing Tips (That Actually Work)
[5229] Y_k_XyADuWA → How to prevent over watering is plants during rains.how to take care of plants. watering #plants
[5230] evryMxGOSmk → Absolutely Alabama: Woerner Farms
[5231] jbTkKs3Jj3o → DONKEYCAM: Trillick Tractors Online Auction
[5232] EigxIHcRTws → new innovative agriculture model making covering the land with plastic cover #shorts howtofunda
[5233] GQit2RyAokY → Agricultural Commodities – Overview of Market Participants
[5234] Q27dLPCi5KU → Simple DIY Drip Irrigation for the Garden
[5235] cPUOnhj5EGc → Vegetable crops that can be planted & harvested all year-round | Gardening 101 | Gardening Australia
[5236] HZIsnzBnTKQ → On-Farm Composting Fundamentals with Dr. Robert Rynk
[5237] q8rsE8QNS70 → #Tractor #Farming #FarmLife #Agriculture  #NewHolland #Kubota #CaseIH #Fendt #Claas #FarmersWorld
[5238] TmDdQoYovfc → Khet Mein Bhutni Ka Attack 😱 | Ghost Saved Farmer Story | Real Ghost Shorts #ytshorts #shortsvideo
[5239] 3p65ZBmPKgM → Solar Farm Combined with Livestock Grazing
[5240] LK7RIMpzy3Y → Ancient Farming Techniques Revolutionizing Modern Agriculture | Indigenous Wisdom in Farming
[5241] ethalO7zz1E → Une bonne technique
[5242] daWzhr4uumg → Economics of Irrigation Scheduling Jessica Kelton
[5243] B4RAo-dW9Yg → Know It Now: What Does Climate Change Have to Do with Iced Coffee?
[5244] YJrh7S4Nkuc → Sm fab 988 row crop cultivator
[5245] BECEoJD554c → What Are Some Examples Of Perennial Crops? - Earth Science Answers
[5246] mxhstmplM-g → How to Install a Drip Irrigation System for Small Farms (DIY Beginner's Guide)
[5247] UxZCSsA2piU → Learn the various factors that affect the way plant roots grow 🌱 #agphd #agriculture #tvshow
[5248] A2bQmlh5bhY → Day 1 highlights | Cereals 2025 🌾 #shorts #shortfeed #farming #agriculture #arable #cereals #agri
[5249] M6K2jXiCyA8 → Reimer EZE-Feeder 45 Bulk Bin 45 feed mixer trailer for sale | no-reserve auction April 11 2018
[5250] Z42Xz1OYz80 → Organic farming benefits
[5251] JRqbdy3zTt0 → why #Agriculture #papaya #fruit
[5252] X0WAbH4izeE → From Cane to Crystal: The Hidden Secrets of Sugar Production
[5253] I2kMJBxqfT4 → Lentils in Western Australia | Harvesting and Agronomy
[5254] E9dJycpUHB8 → What Are The Benefits Of Crop Rotation? - Canada Explored
[5255] VGnYsMhsWuU → NoAW 2020 - Exploitation of untapped potentials of agricultural wastes
[5256] 12p9mGofrLo → Ecosystem Services
[5257] JRVLHhiwRU8 → Rolmako’s Rental Solution: Efficiency Without the Investment
[5258] WHGac5qwOds → What Certifications Are Needed For Organic Marketing? - The World of Agriculture
[5259] fU6S4kp1q1c → Troubleshooting Valve Issues Using A Voltmeter
[5260] kj0WrLfuVzk → Sustainable Agricultural Practices: A Master's Dissertation | WritersER
[5261] 5mGTAdWU1b4 → Recommendations for Planting Into Cover Crops
[5262] Q3GI9M0I4us → EXPLAINING HYDRAULIC MULTIPLIERS 3RD FUNCTIONS & DIVERTERS
[5263] Il5iFo8lszU → Grow Garlic Like a Pro: Must-Have Tools #farming #plants
[5264] 8PbudcsJFQY → Welcome to PSS 221: Sustainable Orchard Management
[5265] zjHuN9qe-mo → dji mini 4 pro #shorts #shortsfeed
[5266] gqWRLjz2xkI → Commodity Prices & American Farmers
[5267] 1aDVLv8VIw4 → Installing drip irrigation and Rachio smart hose timer for outdoor planters.
[5268] o4Om0ykDaso → The Ultimate Food Market Experience: From Farm Fresh Produce to Street Food Feasts!
[5269] MtWC_ije874 → Crop Rotation   Benefits &Techniques
[5270] 4GtvvnVDFMk → Chicken Coop Plans 6x6 for 16 Chickens 6x12 Chicken Cage #ad #woodworking #chickencoop #diyprojects
[5271] Ctb2O2RmQH8 → Farm Hands Needed ASAP!!!
[5272] 4jApb5azHsM → FARM WORKER Interview Questions & Answers! #farming #farmer #jobinterview
[5273] j2aPfbxahUM → Virginia's Black Farmers #history #farming #land #sinners #shorts | Against the Current | Local USA
[5274] Tn7ZohPmHmU → Chickens Aren’t Vegetarians
[5275] TNvo6AwMn2k → Types of Agricultural Activity
[5276] FoUqC-5Ycyg → How To Repair a Punctured Lawn Tractor Tyre | Tubeless Tire Repair
[5277] jwvZqGIBWe4 → well THIS just took an AWKWARD turn 😳 #farmerwantsawife
[5278] bQiuHRqMR4Q → banana 🍌 farming - Good tools and techniques make work easy
[5279] o111KF3_y-4 → Grow Your Dream: A Guide to a Productive Vegetable Garden
[5280] y4fvyAVmzeE → Farm Life Essentials | Farming For Love
[5281] nKMOYmQaH8o → grafting method story
[5282] e_euLUfcOXk → Behind-the-Scenes at the Alternative Livestock Auction: Must-See!
[5283] 9PX8ixofGvw → From Farm to Bottle: How Korean Farmers Harvest Onions and Produce Onion Juice |Farming Documentary
[5284] 1PQJ2YYYrBo → Cleaning The Cowshed #farm #cow
[5285] xOvdumGTnBU → My Garden Pays My Bills - 3 Year Anniversary Tour
[5286] blU9b3cQvoY → Heirloom Rice: People Place Purpose
[5287] LUf8Id8pI8s → Rent this excavator with brush cutter attachment - and clear brush where your skid steer can't go
[5288] sJum-iPHqt8 → Tropical Fruit Farm Harvest -Amazing Agriculture Technology #Fruits Tik Tok. #Shorts
[5289] c0x6bAdXk2k → Harvesting more Chilies 🌶️ With New Chili tree planting Methods! #satisfying #garden #farming
[5290] VLMIthRJOCQ → Agricultural Innovation in Africa
[5291] UmmEVloelRs → A Surprise Guest on the Farm!
[5292] SUYygEcaKsw → These 7 Plants Naturally Feed Your Soil – No Fertilizer Needed!
[5293] bhT7p8xCXvU → Improving Rural Livelihoods Video
[5294] gyw7GJnbszM → BEST MANAGEMENT PRACTICES FOR YOUR COMMERCIAL YAMS IN SACKS/ Yam sack farming/commercial yam in sack
[5295] gC7Bl5mhqhs → EASIEST Way to Increase Chili Yield🌶️100% SUCCESS RATE🔥#shorts
[5296] LpltrgkLqWc → World Bank: No-Till Agriculture Prevents Soil Erosion
[5297] NeVyDZzGMtM → How Russian Goat Farms Use Goat Poop for Fertilizer! 🐐💩💰
[5298] MeG17H_7Ou8 → CHINA'S NEW FARMING TECHNOLOGY: New Crop Production System
[5299] zZuvVanthJU → Construction & agricultural machinery spare parts supply #construction #agricultural #shorts #parts
[5300] N7mE0By_1fM → Why Wind Farms Are Bad for the Environment
[5301] tk95ZFISjU4 → FAO Policy Series: Sustainable Intensification of Agriculture
[5302] KV-j_M4vY3M → फसल पैटर्न और फसल प्रणाली
[5303] bsLEvQVc9lk → Precision Agriculture Concepts and Techniques
[5304] yl24chv8Xrg → Make Amazing Soil for Gardening || The Ultimate Guide!
[5305] TdFXc9XZT38 → History of Farm Equipment | The Henry Ford's Innovation Nation
[5306] hi_HHNRH9TI → రైతుమిత్ర వ్యవసాయం || కూరగాయల సాగు - మెళకువలు  || బి. శివ || Vegetable Cultivation - Techniques
[5307] W_1K_84nYZI → Spring Planting Calendar Secrets of the Deep Mulch
[5308] hprobEqBUMY → Agroforestry Practices - Silvopasture
[5309] D8aqD6RUuQE → "Maintain Your Combine: Essential Maintenance for John Deere S Series"
[5310] j8BPnSa32Co → Irrigation and clean water bring life back to Jarey (full version)
[5311] FbrvsUDFkdo → Small Farm Sunday: How to Build Your Farm Infrastructure Without Going Into Debt
[5312] UrxeRzFC-8s → Agronomy Revision | Raj Pre PG 2025 | JNKVV & RVSKVV JET | ICAR PG | Class 1/10 | Abhishek Sir
[5313] bUp_Xz5Hb7U → Home Economics Day 2025: A Budding Partnership for Food Security and Sustainable Agriculture
[5314] Pb97jxjH_Pk → Multiple Benefits from Sustainable Urban Agriculture
[5315] 8Xnmd8IznaA → 2025 Tractor Buying Guide | Implements Mini Tractors 4WD Tractors | Modified Thoughts
[5316] p8JGfWUeRRg → 1653 KOMATSU JV40CW 2A
[5317] bj4rMqsUqfg → The Science of High Yield Line Pepper Farming 🌶️
Error fetching metadata for video ID ed2pUBi1FVc: Command '['yt-dlp', 'https://www.youtube.com/watch?v=ed2pUBi1FVc', '--skip-download', '--print-json', '--cookies', 'cookies.txt']' returned non-zero exit status 1.
[5318] ed2pUBi1FVc → Unknown Title
[5319] 2iD30kwkZBM → 15. IRRI Agronomy Challenge: When to Harvest (19 April 2012)
[5320] J0MPWh15Q9s → Biochar Made in a Trench
[5321] CCSmD5cSn5I → Organic Pesticides | From the Ground Up
[5322] s3GXFpxMrqI → It's too hard to water every day but I'm smart and never need to water it again from now on
[5323] sH2AjUCC294 → Learn-cation Breathes New Life into Rural Jeju (25.05.21.) KCTV Jeju English News
[5324] YPwVtpP-ce0 → "What Did You Do?" campaign by Farm Sanctuary
[5325] 2oD6cdaCm9Q → How Much Money I Made Farming
[5326] 7EkPrwnL4BE → Soil Management Practices to Improve Soil Health
[5327] czGyXVgpucU → 🔵 Does a Looped Hoe work? Scuffle Hula Stirrup Loop Hoe for Preventing Weeds - Teach a Man to Fish
[5328] B-SPAcVJAPE → Empowering rural communities through farmer field schools and agroecology
[5329] Vpq5Dn2CUSs → La Agricultura Sostenible visita nuestro canal para ver el video completo #tecnologia #futuro
[5330] 8Ik7b6UcDP8 → How to Grow Grapes Complete Growing Guide
[5331] vM2KQ_Tw1j4 → Theological Virtues and Psychological Wellness: Cultivating Practices of Well-Being
[5332] XvCTATVHzDM → Organic Farming Techniques
[5333] XUrgCYXb8Fg → It is a good idea for livestock farms to build biogas digesters to ferment manure to get biogas !
[5334] EE3CXz-zEBM → Uncovering the Shocking Truth About Crop Yields in Americas Heartland:#America #crop #shorts
[5335] Tfxjh2Z5ngY → Agricultural Equipment Operator interview questions
[5336] rifXAuqEPcE → Cover Crops and Reduced Tillage on a Vegetable Farm with Thomas Ruggieri
[5337] gJNjgQCbSsw → Mobile Welding Repair: Fixing a Broken Tractor Bucket Hook in the Field (No Shop Needed!) DP200
[5338] AKrJIVVKnQ8 → How a nuclear technique helps a drought-hit rural community in Africa
[5339] QvFoRk4JsPc → Autonomous 8R Tractor | John Deere Precision Ag
[5340] UVhQadpwdrU → Buy a Easy-To-Use Hydroponic Growing System with Automatic Pump | Tiltop
[5341] NZpudxaAi5M → How to Harvest Cilantro #harvesting #cilantro
[5342] e0EmsAksUqk → VEVOR Hydroponics Growing System 108 Sites 12 Food-Grade PVC-U Pipes
[5343] cYwyBM6CFVM → B+LNZ Farming for Profit: Regenerative Agriculture in Your Farm System – Alister Moorhead
[5344] 2HzF_IJlG7U → Planting Seeds for Better Germination
[5345] EaA-Wry8SsM → Doyogena Manual row sowing of wheat
[5346] PBj0zQrl3LU → Module 4 | Profitable Small-Scale Farming: Essential Tools and Techniques
[5347] mL35Gys0Sts → The impacts of Agricultural Practices - AP Environmental Science
[5348] SdD96oVIkjQ → Bayer & Monsanto: One of the Most Controversial Mergers #mergers #businessdevelopment #farming
[5349] NM7RIA_QR9U → Cattle outlook 2025: Strong prices in the face of uncertainty
[5350] YhMt8fzhAeI → How to Set Up and Use Workers to Auto Farm ► Schedule 1
[5351] cU_653-75_A → Adoption Trends for Precision Ag Farm Management Platforms and Drones
[5352] 9veSX0D_bUs → Apple harvesting techniques revealed-made easy
[5353] jb_Bc27BgLE → Bugs eating buds - should you spray? #canola #agronomy
[5354] GI_Fme9wXlQ → Agronomy’s Role in Sustainability with Case IH | Full Episode 076
[5355] 5utmXmpOTF8 → [Technology Corner] Crunching the Tech ROI of Equipment Leasing
[5356] fAqToz-yG5A → How to Start an Urban Homestead (& What NOT to do) Collaboration Series | Hey It’s A Good Life
[5357] Okr4S8Rrqlg → Seed Talk #123 - Planning Your Growing Season with a Wall Calendar
[5358] ZSaFXEcUJQQ → Why Is Crop Rotation A Sustainable Practice? - The World of Agriculture
[5359] 84KmDHTULRg → Top 5 Free Accounting Software for Agri Business
[5360] wx9GxOVgorM → How to Grow Microgreens Very Easy🌱🔥
[5361] CfqSkqlKjvg → Compact Economy Hay Package | Haying Independence Sale | Tractor Tools Direct
[5362] J17PaUjSSns → Amazing Agriculture Machines Operating At An INSANE LEVEL #2
[5363] BhOe6MpsBm4 → Tips For Small Gardens #gardening #smallgarden
[5364] 6Z66YYsHpD4 → Amazing and Simple Manual Hand Seeder Machine
[5365] 52deqTO7BgQ → How I take care of my orchids  #orchidcare #plantcaretips #orchidblooms #loveplants
[5366] lYqEFVwrqGw → Tropical Forest Landscape Change and the Role of Agroforestry Systems in Southern Nigeria
[5367] xh46GXQ46jY → Highlights of the Launch of the Agriculture Extension Project
[5368] pqLj99o_f68 → Multifunctional hay cutter for cutting grass and crushing corn.#dawnagro #farmer #chaffcutter
[5369] bE9EliB7kTw → What I Learned From Growing Potatoes 🥔 In Bags 🤔 #growyourown #growyourownfood #gardeningvideos
[5370] geOhJekGuvA → Big leaf agaric thick leaves tender and delicious 🌿#big Leafy greens#Growing vegetables.
[5371] _5QiwrV6yLA → #fcnfm Why Our Mobile Grain Dryer is Essential for Modern Farming Practices
[5372] Ly9q2xw030I → Village food | Pakistan village food |village life | #villagelife #traditionallifeofpunjab #culture
[5373] 2SAHUA0pQVA → Sydell sheep and goat Sectional Small Hay bale  Feeder 812
[5374] 7t1iIl1quEQ → A Step towards Sustainable Farming: Sustainable Guar Project
[5375] c4o3VoS2uWI → Paddock Rotation Nov 2010.wmv
[5376] VzQleVmP5VE → World’s Woolliest Sheep?! 🐑💥 #interesting #unique
[5377] mHGH9ZmaXBA → Treelizer Rice Field Comparison
[5378] ffK8EkcaJkY → Different Types of Tractors used in Agriculture | Application Uses & Benefits of Tractor Machine
[5379] UO69RoKMRqU → vertical tower Aeroponics #aeroponics #hydroponics @thehydroponicsguy2379 @HydrofarmTVIndo
[5380] V2jOEuZjjrg → Doubled Haploids: A simple method to improve efficiency of maize breeding
[5381] KNpbuxoYTCQ → Modern Automatic Egg Farming Harvest Technology. How its Made eggs Chicken Efficiency #manufacturing
[5382] KWUirDxgavc → How to Set Up The Kratky Hydroponics Method (Tutorial)
[5383] zI_lwy8KfHI → Where do farmers get their seeds?
[5384] eaOALtvwYM8 → Field Demo Of Grapes 🍇 Harvester GL 6 || Made By Gregoire France || #shorts #harvesting
[5385] 2Mut-a5I14Y → Chickpea Emasculation | Hybridization technique in chickpea | Plant Breeding methods
[5386] rtkkCjvLONA → Homan Inc showcases manure grain handling equipment at review
[5387] C7Mfp5Ax6d0 → How Irrigation Systems Can Increase Malaria Risk
[5388] eGzcYA4YUjE → 4 Dead-Simple DIY Project to Upgrade Your Raised Beds
[5389] z4daLqmureU → Strategies for feeding the world more sustainably with organic agriculture (Nature communications)
[5390] mNBEhYL14XY → Hayrack Update Tour 🌿 // Garden Answer
[5391] 0dKI2G16zXs → How-to jungle-ceiling
[5392] upVyxZXBqvo → THE 5 BARE ESSENTIALS EVERY TRACTOR OWNER NEEDS 👩‍🌾🚜👨‍🌾
[5393] C89Ff4ohipQ → European Agroforestry with Dr. Felix Herzog Swiss Federal Research Station Agroscope
[5394] NsewvjH9ric → 7 Things I Wish I Knew Before Buying a Skid Loader + Basic Maintenance
[5395] Q_m_0UPOzuI → A Forest Garden With 500 Edible Plants Could Lead to a Sustainable Future | Short Film Showcase
[5396] B0c4aBzkRxU → Cold Weather Cattle Management Webinar - March 12 2019
[5397] fsT_-UZ6X_g → German farmers share tips on increasing agricultural productivity
[5398] 3IPKhHHaPXI → Potatoes Giant Garlic Planting .march 2019
[5399] 5PPSwdDXAB4 → From IT to Organic Farming: Rajesh & Ranjith’s Inspiring Journey | Business Tamizha✨
[5400] l14AKz8o9G0 → Harnessing innovations for food security to improve livelihoods
[5401] THLdlGHtqpQ → Best Hydroponics Systems
[5402] H9PM4fP7fq4 → Tomato Seed Starting Basics
[5403] RDsW3yCwoAI → Vermont's Ancient Secret: The Three Sisters Thrive #shorts
[5404] U0sw3apilGo → How Does Crop Rotation Impact Soil Health? | The World of Agriculture
[5405] UiGKm14SG5k → Grazing on Cover Crops vs Perennial Pasture
[5406] LZZO2WuS7ZE → EP 28 WHAT ARE WE? homesteaders VS off grid VS peppers lets break it down
[5407] RLEi3xfx8Ts → How to Raise Chickens at Home Easy Guide for Fresh Eggs
[5408] x6QESr1I12E → Animal Farming Vs Crop Farming: Which is More PROFITABLE?
[5409] 2LqiDWUhjWE → Growing vegetables in the Polytunnel (aka Poly One) - May 2021
[5410] L1IWQ8xHUhM → Winter Maintenance Preparation Tips | Farm Equipment | PM360
[5411] u_ERxKw8J58 → beautiful breeding  bull | Amazing beauty cow | Animal breeding purpose
[5412] 9kAJ_LD8_eo → Undercover investigation into a Pork Quality Assurance Plus-certified farm exposes cruelty to pigs.
[5413] TXmpgeV35vI → Quick Lock Fittings
[5414] u47N3Fiz_dY → Control Runoff Boost Crop Growth: Prevent Soil Erosion for Better Farming
[5415] KuV7DM1YM2w → Crawler rotary tiller crawler micro-tiller small crawler tractor straw return wheat seeder
[5416] aqhCMx0PIlg → Growing heirloom tomatoes | This is how I grow mine
[5417] czVK_jzFPZs → Heritage Breeds
[5418] mMxNcUCM0-E → How Does Climate Change Affect Indigenous Agriculture? - The World of Agriculture
Error fetching metadata for video ID godRNdzn_24: Command '['yt-dlp', 'https://www.youtube.com/watch?v=godRNdzn_24', '--skip-download', '--print-json', '--cookies', 'cookies.txt']' returned non-zero exit status 1.
[5419] godRNdzn_24 → Unknown Title
[5420] sET_XIm0JHI → #plants #planting #garden #gardening #gardenplants #gardeningtips #gardendesign #culinary #herbs
[5421] ewHBqIPzbyY → Little Cowboys Learn Farm Chores! KIDS FEED COWS/CATTLE DRIVE/FARM TOYS/TRACTOR
[5422] TNGlvkSnqS8 → How Farmers Separate Rice Grains Efficiently Using Traditional Methods! - Agriculture Farming
[5423] BtrwakgLUyM → MEET THE GHANAIAN WHO MAKES STREET LIGHTS OUT OF TRASH
[5424] f72qbeK13iI → How Do Bees Pollinate? 🐝 🌺
[5425] 0TJuJTFEBbs → Let's Plant a Garden! | Squeaks Grows a Garden! | SciShow Kids
Error fetching metadata for video ID Z5vNDBBXe2o: Command '['yt-dlp', 'https://www.youtube.com/watch?v=Z5vNDBBXe2o', '--skip-download', '--print-json', '--cookies', 'cookies.txt']' returned non-zero exit status 1.
[5426] Z5vNDBBXe2o → Unknown Title
[5427] mb5iqSZTH8w → "Modern Farming Techniques: Boosting Yields & Efficiency"
[5428] dEkokStfy2E → Social Media Marketing for Farmers Markets
[5429] zZIW2M1QITM → Major challenges facing agriculture in the global South
[5430] -ysjSAJh0z8 → April 2025 - Our Amazing Grasslands - Leopold Winner Blioux River Ranch
[5431] 7GhPOySw7sM → Agricultural Assistance:Dogs Helping to Remove Mulch Film
[5432] BR0xN-1kLoI → Robotic milking gives Kilkenny farmer 'relaxed life'
[5433] 0o28RI1i5_0 → Winter Livestock Grazing
[5434] vs6h9ndpB6c → Growing Corn Basics Time Lapse - 6 days
[5435] xG_cofjDx-4 → ✅ "Throwback: How Our Tea Garden Looked Last Year 🌱" #shorts #teagarden
[5436] EiY3H-lLC0U → Agricultural Extension services
[5437] gbDXUJPh4wM → How Much Money Can A Small Farm Make? Let's Talk Numbers
[5438] 4d7VOYsjbv8 → Tropical Climates
[5439] 66KHiyxIpBo → Urban agriculture placement using spatial optimization
[5440] E3o-LqYi0IM → Organic Farming - SEO for Real Estate
[5441] clsV-nMD4uI → Case IH: Dealer Network Invested in Agriculture's Future
[5442] uVrgGCVTe8g → How To Grow Tomatoes Series | Episode 2 | Setting Up Hydroponic System | 2020
[5443] ZyTwUxUBIRY → Tips to grow high yield tomatoes #smartfarming #gardeningtips #organicfarming
[5444] yB2YADn8qls → DIY Grow Stand for Indoor Plants | With Spider Farmer SF600 LED Grow light
[5445] KSqfQLuNyNM → Mastering Sustainable Farming | Organic Crop Rotation & Natural Control Techniques!
[5446] ebFTlLkEdtE → Reefer Trailer Just Loaded With Fresh Produce #shorts
[5447] brATrrWX8No → Higher yielding and more productive silvopastoral systems
[5448] BvS_m8xKunI → Unfiltered: 24 Hours On A 4th Generation Dairy Farm
[5449] V7r3QfDjKE4 → Biosecurity for Transporting Livestock and Poultry for Haulers/Transporters
[5450] Y5Ka-V8Eltk → Will US IRAN Strikes CAUSE Mortgage Rates to DROP?
[5451] 90BcpwMEvps → Raking grass ahead of the baler  #arimagery #farming #agriculture #farmlife
[5452] ie3nbwH2NJQ → How Spanish Farmers Cultivate and Harvest 2.47 Million Acres of Grapes | Agriculture Documentary
[5453] b7LQvkW9YPk → Unlock the Future of Rice Farming: Modern Transplanting Techniques!
[5454] OKfuHgiZpVw → Fully Expandable and Customizable Create Gantry Crop Farm Tutorial | Minecraft Create Mod 1.20
[5455] D3nlWk0KEBg → Northland Potato Harvest
[5456] ofBxH0Krx4w → 1965 Massey Ferguson Tractor
[5457] No9RoMQwXQ8 → The ONLY Way You Should Plant Sweet Corn
[5458] LnthIE9RctE → Ashland I-950 Ejector Scraper
[5459] dw-6CpuiCaY → High Quality 4-Tier A Type Layer Cage Farm 10000 Chickens From LIVI Poultry Equipment Supplier
[5460] suQK3dpfAak → Silvopastoral Systems - How to Best Integrate Trees Forage and Animals into a Complementary System
[5461] dl1DEYsSCQ0 → Electric animal feed hay grass chopper chaff cutter machine
[5462] M0fGUzF8D_E → So thankful God made me a farmhand.
[5463] zCrTHXs7me4 → Miracle-Gro
[5464] ki2Xc8s44sI → Why Crop Rotation Isn’t Necessary For Home Gardeners
[5465] GFL1uj5YGgE → Delicious red apple cutting - Farm fresh ninja fruit cutting
[5466] 1TQTQ3PrCw8 → Silvopasture system
[5467] tKb1il4ZYa0 → 3-Tier A-Type Layer Cage System For 10000 Birds Farm| 10 Years of Layer Farm Cage| Egg Production
[5468] ywGeSJdU2cA → Animal Husbandry Techniques In Animal Husbandry
[5469] 19obDcmJ1ag → All In One Decorticator for Groundnut M:+919712989070 #unisoft #decorticator #groundnutdecorticator
[5470] vMiBC0LHF-w → Anti-Siphon vs Inline Valves
[5471] 7U1G2iRj84E → morden #irrigation #systems #farm #shortvideo #shorts #yrvision #farmer #viralshorts
[5472] wWRdidwFY50 → Informed management at river-basin level
[5473] 7-ozAZD9mQo → What Are Examples Of Crop Rotation Systems? - The World of Agriculture
[5474] KAPeR-ASFSY → #corn #planting #technique #maisan
[5475] DYi_MloGybw → Buy or lease farm equipment: What's right for you?
[5476] pK_gS-HOhrg → Top 10 AgTech Startups
[5477] s_k0FJyb3Eg → The Bhungroo (Straw) - An Intervention for  water logging and irrigation in saline soils
[5478] iqveen9btLI → Understanding Landscape 07: The Upper Midwest Case Study
[5479] h8qqS3Vy4k8 → How do you build a low cost poly house? What is low tunnel farming?
[5480] 2V9koPQYy0Y → Asian Onion Cultivation - Onion Farm And Harvest - Asian Agriculture Technology Farming
[5481] HM7eevbQd3Q → Maintenance of farm and animal tools
[5482] OVcTW48N8JA → An agricultural machinery and spare parts manufacturer from Jiangsu China.
[5483] eUUmscKgwak → Hay making (Preservation of fodder) | veterinary first year and second year
[5484] p4XHzkWX7w0 → reviews the requirement to proper secure pesticide during transportation
[5485] 0oWTHYExjkA → I Found the Easiest Compost System!
[5486] noqyoJJuEcg → [Basic Level] Agriculture/Farming Japanese Vocabulary Part 1
[5487] DhdFQCyKD3U → Soil erosion has been greatly reduced with modern farming practices.
[5488] l1RPPE7lMAs → Can We Save Our Food by Saving the Soil? | Soil Degradation Explained
[5489] kIyb11VIXe4 → We have a right to know #food #homesteading
[5490] albM5pD9XJs → Three 'Must Haves' For Farm Equipment Dealers Just Getting Into Precision Equipment
[5491] kMo6qQJVZtw → THIS HORSE'S HOOF RESCUE WILL LEAVE YOU SPEECHLESS! HORSE RESCUE
[5492] pswKlW1jz-4 → The Secret Life of a Farm Wife in 1900- The Past Said It Better - Thank God for Feminism!
[5493] eAdfU3KWbrA → Understanding the importance of good farm management principles
[5494] Xp77fDbKimg → Growing Vegetables -   'The art of conserving and storing rain water' Video 2
[5495] 6tsJ7U-vHPA → How To Build Your Own Worm Farm (composting poop for the garden)🌱
[5496] -JU-vg1RC7Y → Organic Vegetable Farming: From Seed to Harvest
[5497] kHyVoqhw38c → Farm Management Software Tools About Manage the Farm .com
[5498] YQKZ2vaZHhw → 75. Adoption of science on farms and behaviour change
[5499] sAlyB5E5kOU → 10: Hygiene in the shed? Let the cows tell you! Scoring system
[5500] tcu3bP_CfY0 → 🌴 Imaging Farming Views 🌳 #nature #farmingviews #villagelife
[5501] fx5WGOua9PI → Farmers get watermelons as long as snakes #smartfarming #organicfarming #gardeningtips #farming
[5502] 71YHr-v9vSE → best agricultural fencing tips - TIP N°1
[5503] yXAZqb291uQ → SOLAR LIGHT HOME/FARM SECURITY!! FARM CHORES TOO.... EASY INSTALL RELIABLE SOLAR  SECURITY
[5504] z9t3zh6YaWw → Grow Your Own Food at Home – Veggies in Containers!
[5505] T2pcd2rbOD0 → Improving crop yields: Dr Liz Dennis
[5506] p76Yo57sOY8 → Do Amazon LED Grow Lights Work For SEEDLINGS and VEGGIES? The Simple Truth
[5507] CJ8tv-0ovoA → This DJI Agriculture Drone Can Spray Pesticides/Sow Seeds Precisely at Night!
[5508] qRXyYY3YOTU → Benefits of staying in an Italian Agriturismo? (Rustic Farm Stay - Friuli Udine Northern Italy) 🇮🇹
[5509] MRgX9rzjkEM → Natural solution to treat your plants 🌿 from aphids & bugs 💚 #gardening #garden  #pestcontrol
[5510] 9H_tmj38Lvw → Soil mixing with grader ripper.
[5511] f2JMhdK0KSo → Colombian farmer explores sustainable cattle ranching practices to assure food security
[5512] 9OxUZxtXExc → Farm Software Management Systems
[5513] -w-9wVs5R3M → 10 EFFECTS OF CLIMATE CHANGE ON AGRICULTURE
[5514] vkYEmC5xDDE → Crop Rotation and Its Environmental Benefits: A Sustainable Farming Practice! (2 Minutes)
[5515] 4cpV9HFlnxc → High Yield Tomato Farming No Water Three Days Before Put Down #satisfying #shortsvideo
[5516] gVBuG_kJ-wU → How to Drive a Tractor | Farm Equipment Operator
[5517] ryvqT3_quRk → Chicken factory supply layer cage equipment #chickencage #layercage
[5518] 4a2Ld_1OZTI → White Garden Trellis 42"W x 75"H for Climbing Plants Vinyl Trellis Indoor Outdoor Plant Support for
[5519] fXUo1s2upgY → This is amazing !! single row corn harvester  home use corn harvester machine  #agriculture
[5520] Y1ZDZaqrB_A → Farming Video | Sesame Planting Tips with Todd Kimbrell in Texas Wheat Stubble
[5521] lCidlr_pbI4 → Growing and Harvesting of Cotton
[5522] 3ziGVXCxaLY → EVALUATING PLANTAIN FIELD 4 MONTHS AFTER ESTABLISHMENT/ Plantain farming/ how to establish plantains
[5523] 4IhIuL3hNss → Top 5 Plants to Revive Dead Soil
[5524] _KynQX5GsA4 → The Journey of Rice: From Ancient Fields to Modern Plates
[5525] MkWLtL3qifg → Storing hay
[5526] 7x9F_CqgVJ4 → Jacob's Livestock Breeding Experiment
[5527] na8KGmrFRcY → How to Grow Wheat Organically
[5528] 3Q_zME49rNY → Don't Bother Growing These 9 Crops
[5529] 96fjwLMwrwc → Agricultural Livelihood Recovery in Northern Uganda.
[5530] ALp3y9b0Aeo → The Environmental Impacts of Agriculture (In Brief)
[5531] oPWeKXfqVh0 → Hydroponic Vs Traditional Farming
[5532] _AM2fX24vtQ → Organic Farming - How to Start Business Organic Farming - Organic Production Step by Step
[5533] 5WhsWqSeiPg → What Is Agronomy? - The World of Agriculture
[5534] gusQD5rbReI → FELIX GYAMFI- DIRECTOR GENERAL (NSA) EP03- AGRICULTURAL ACTIVITY
[5535] N7-mNylq4Ok → Urban agriculture offers a solution to the food crisis of the future
[5536] YxqX9y838Cs → Giersch Аgro services equipment rental | Promotional video
[5537] EX0TfdiPSfs → Banana 🍌harvesting cutting and packing super banana export #viral #bananafruit#agriculture #fruit ￼
[5538] UOjSwMCMoM8 → SUPER EASY Method To GROW Bougainvillea & Rose Plant //#highlights #reels #shortvideo
[5539] tmEj3MQPlTY → Drip Irrigation Basics
[5540] QwlFYoE6x0A → Struggling with dry conditions on your farm? 🌾💧 Discover low-cost irrigation techniques.
[5541] gn_0aMiJ0sE → Buy Farm Fresh Berries Online | London Grocery
[5542] Y5W8USut-0o → Pros and Cons of a USDA Loan | All You Need to Know About USDA Home Loans EXPLAINED
[5543] 2gTFK3CK6_8 → Processing Rough Hay
[5544] zjbzt8EIjdw → Eel Aquaculture Farming Harvesting in Pond #agriculture #eel #eelfeeding #eelfishing #shorts #viral
[5545] O-aJREbxoM0 → Replacing the Top of a Rain Bird Valve
[5546] Q6FIiPIjx04 → "Eco-Friendly Plowing: Sustainable Farming with John Deere & Lemken"
[5547] fFCaMBQpBHY → Cream separator/Fat separator machine/milk processing equipment call 9042571010
[5548] uWBEimWQtRM → TOMATO GARDEN TOUR (19 Unique Varieties We’re Growing!)
[5549] uQ_auFoUlU4 → High-Tech Agriculture: Small Firms on the Frontier of Agribusiness
[5550] g5dqRXOThDs → Agronomy: Explore the Possibilities in Purdue Agriculture
[5551] uL4umzvV8VQ → That's a master operator if I've ever seen one... #skidsteer  #farmequipment #operator  #farming
[5552] lNfw1VW1cKw → What is Mysterious Crop Circles? Joe Rogan
[5553] 9r35WCUtl3c → How far should LED grow lights be from plants?
[5554] 3hnRGBpUomQ → 🎥 Full Tour of a Modern Hydroponic Greenhouse – Growing Vegetables Without Soil#farming#shorts
[5555] ES5oPW3EbuY → Germany's sustainable farming method
[5556] PHr_Ka_dNIM → What is Sustainable Agriculture? (Definition)
[5557] IXaxdLjPt_A → Curing hay!!… Such a wonderful smell & why.
[5558] Ie9cKMn4-44 → Training Out of Control Pole Beans!
[5559] 5jLdZKT56mg → Hay Chix Large Bale 6' Net + Century Livestock Feeder
[5560] f2aQtApaOQk → Crop Rotation Unveiled: Maximizing Soil Health and Agricultural Productivity
[5561] XAqKNsiuLxY → Lettuce Harvesting by Hand and Packing Machine - Beautiful Lettuce Farm Seed To Harvest
[5562] NquuybXOwTg → Regenerative Agriculture: Restoring Soil Health and Biodiversity
[5563] Q6FbIn0ppoI → 👀 Check it out 👀 All-In-One Metal Raised Bed ✅ Garden Grid watering system ✅  #raisedbedgardening
[5564] gC6Cxr-KyIo → Farm infrastructure improvements for water quality
[5565] teVmVMH-Ano → Farming in the forest in Belize
[5566] eZZxycU81Is → What Does A Healthy Soil Food Web Look Like? - The Plant Enthusiast
[5567] VPBovuhCdsc → Digital agriculture good practice - Automated dairy farm management saves time and keep cows healthy
[5568] 83QKEezAcXQ → Tech alone ‘won’t raise farm yields’
[5569] CSkLxprNbIk → Episode 0 – Welcome to Agronomy and Farm Management
[5570] AN0w-FrUKrs → Compound Effect is the MOST Powerful Tool for Farming Success
[5571] _QrLtJ_cnxQ → Wheat School: Seize the Fall! Peter Johnson’s Top Winter Wheat Planting Tips
[5572] yE7yCoOp-fo → Table Mountain Vineyards | Farm Meets Function
[5573] YGZMOTNPGLA → Dairy Farmers of Canada: Puppet
[5574] TaD0kLfUFgw → How to choose the right hay tedder for you | John Deere Tips Notebook
[5575] ibdPVk6alb4 → Is potato salad a top 3 cookout side? #makeithappen #recipes
[5576] oSSUA2r-cXk → David Attenborough: The Fascinating Life Cycle of Desert Plants | Nature Bites
[5577] SZZvRqZuchU → Turning my 2000 square foot backyard into a mini homestead! #backyardhomestead #backyardgardening
[5578] BHpkOptp6as → How Lovin’ Mama Farm Stays Regenerative & Real Organic Certified
[5579] 0uUUY_lpH-E → 🌱 Embracing Sustainability: The Benefits of Organic Farming | Science Father
[5580] ZBlB0LPxAR8 → 2018-2023 Global and Regional Plant Growth Chambers Sales and Consumption Status
[5581] fLoGUZUxIdY → Healthy soil for healthy plants and environment: Agronomy feeds the world
[5582] OpzmpP0eruI → Be Kind to Animals: Avoid Inhumane Slaughtering and Try the Islamic Method (Avoid this one)
[5583] NjSchRnnnJY → Planting crops: people planting crops using a tractor
[5584] s4wxOGNBbbA → Hightunnel update
[5585] 15L9aeR0Fbc → Sim Academy | FSM/TSM 201 - Sim Optimization | Farm Planning Optimization Methods
[5586] j5wVa2mu3vA → What Are Sustainable Farming Practices? - China Cultural Expedition
[5587] 3PzCjR-22W8 → Organic Farming Certificate Program at Rodale Institute
[5588] MybaVOw_cQ4 → Climate Smart Agriculture in practice!
[5589] tI4g1wsiCFk → If You Were a Farmer in 1840: Confronting Agrarian Challenges
[5590] edAZaLm3QTc → Precise pasture management
[5591] gGJ30u-FVBQ → This rotary machine makes farming easier and more efficient#shorts#ep19
[5592] yVRGIVOfKYU → RP161: Improving farm practices in Belmunda North Queensland
[5593] f6cw1_xmWUc → 'Gets the job done': Roundup man restoring vintage horse-drawn farming equipment
[5594] _R7J7y6lJfA → Vale Industries Grain Giant Testimonial - Aviator Farms
[5595] UWA5LWBPT3Q → White farms seized in Zimbabwe by Robert Mugabe Hyperinflation and famine follow #education #history
[5596] UIRxx58ARw8 → beautiful fruits graden#agrifuture #garden #vegetablegarden #fruit
[5597] Kipk5QgQKio → Innovative Water Systems  Harnessing Gravity
[5598] 2SBVz4MgeIE → Plant Life Cycle Stages From Seed To Fruit | Primary School Science Animation
[5599] MaK5OHm_KU8 → Sustainable Agricultural Practices
[5600] VguwBfqw8Og → #cotton #spraying #glyphosate #herbicide #agriculture
[5601] swkkHMsQEus → Selective Breeding - GCSE Biology (9-1)
[5602] BTz8OPlmOg8 → 18 Futuristic Agriculture Machines That are Next Level ▶ 01
[5603] Osni120flXk → Tomato Growing Tips | From the Ground Up
[5604] D_7CmV4hZpo → Clarkson's Farm – Wise Words from Baby Gerald 🤣❤🚜#shorts
[5605] YemM5RiCKpA → Fruit & Veggie Delivery - Farm Fresh To You
[5606] 8lrdEJAsBlw → The Most Satisfying Highland Cow Cleanup Ever
[5607] rLptkw6LMPU → Chinese Farmers Harvest Millions Of Tons Of Traditional Fruit This Way - Agriculture Technology
[5608] bsJwRIjkXYA → Revolutionizing Agriculture: Top AI Tools Every Farmer Needs!
[5609] FigDMlxp9D4 → The Lifestyle of a Farmer in the 1800s
[5610] wNe1XuZavmY → MountainPress mini round baler in action  #caeb #farming #miniroundbaler
[5611] 0Y4phVWywxM → B.Tech Agriculture: Unlocking Career Opportunities in Government Jobs Startups and Innovation
[5612] dIxvMJEfTLc → The real 'Finance minister of India'? #indian #monsoon #rural #agriculture #economy #inflation #rain
[5613] gIJxuL7Z-Nw → How 520 Million Chickens Are Raised By American Farmers - Chicken Farming
[5614] hbEZm2Vl66g → The Dalai Lama REACHED OUT to ME About a Farming Idea!
[5615] o1rP25okjRc → Beginner's GUIDE To Raising SHEEP At A Low COST! | Best Practices (DETAILED)
[5616] DjC0FckMh2Q → Silver King Model 42 Antique Tractor For Sale Online at Auction
[5617] zbKFqsVnS3A → Smart Agriculture Techniques: How Farmers Achieve High-Yield Cucumber Cultivation
[5618] q_hbYcin_34 → Sin herbicidas y desde la cosechadora: El destructor de malezas que llegó a Arg. (#1141 2025-06-21)
[5619] nRsITz62Zko → What Vegetables to Plant in MAY 2025
[5620] WxrTeT8Vin4 → AGRITECH NA HORTITEC 2025
[5621] 1VNk5cRSVqA → Meat rabbits are self-sufficient and meat chickens aren't
[5622] 5ESvOqbeE94 → Hidden Benefits of Using Modern Farming Equipment #music #beats #slowedandreverb #halloween #remix
[5623] SQu6T3NtX3M → How Israel became the most advanced country in agriculture
[5624] HrdtbRrf2Y0 → Mitigate Herbicide Resistance; How and Why 4/5
[5625] mqNjmJYerRk → Timing is Everything when Buying Farmland
[5626] pVUWHG3jpfk → Hydroponic Fodder Farming 😱
[5627] zX4u3AkpvhA → How To Make Soil For A Vegetable Garden
[5628] 58nfmCPThVU → How Machines Help American Farmers Harvest 8.9 Billion Pounds of Onions  | Farming Documentary
[5629] aBmY-APi-ig → The best eggs to buy. #healthyeating #healthylifestyle #pastureraised #organic #eggs
[5630] kxYA6n7sdPY → The Most Underrated Tractor Attachment #johndeere #homestead #farmlife #tractor  #farmequipment
[5631] outbfQcvRyA → Yemen: Protecting sheep and goats against disease
[5632] wwhOU4jwCBE → Use Breakdown Inc to locate nearby mobile truck repair services wherever you are. #trucks #kenworth
[5633] Za03EWXPgsA → All Will Ride Amazing Lift Ramp for Hay Wagon
[5634] zj6fDDQrl3w → How We Make Biodiesel (2018)
[5635] ER_013GWK6A → Top 6 Agricultural technology Trends that will Change the world of Agriculture in 2024 ► 42
[5636] jiCMyLqlLLo → UniquePaths camping/ agri tourism/ farmstay
[5637] IX1XomaiI6o → MODERN HIGH-TECH DAIRY FARM-AMAZING COW FARMING-MODERN CATTLE FARMING TECHNOLOGY-MILK PRODUCTION
[5638] myCl1i7s1A4 → Robots pulling radishes? -Robots in rural China
[5639] DffLR7GFJss → Sustainable agriculture - defined
[5640] Ry3cs4VZGfQ → AI’s Role in Precision Agriculture Technology
[5641] mXiaQk8HJXw → Collect eggs and do farm chores with me 💖 #somewhereoverlaredo #hobbyfarm #chickens  #smallranch
[5642] sGyXvVP7uHc → Water conservation & Soil Fertility - Farm Innovator Subhash Sharma 11
[5643] Ku9CEh57DEY → A bumper harvest of fruits and vegetables from the vegetable garden#agriculture#rural life#farming
[5644] AvFYOM7DS58 → Axl Equipment Hire
[5645] T3fbvN7vIm8 → How farmers protect their crops from pests and diseases
[5646] pa6AiLTLjpk → 🤖 Ekabot - The Future of Autonomous Farming Robots! 🌱🚜
[5647] NeUvyRkahvI → How to Install a Solar Irrigation System: Step-by-Step Guide
[5648] TP8sqlWlnrk → I Learned The CRAZIEST Garden Tip From an AMISH Farmer (Soil Test by sight)
[5649] xi_Jw-do5Fk → 200 CRAZY Powerful Wood and Forestry Machines: Heavy-Duty Equipment That Are on Another Level
[5650] 98Mb0TxBXPY → Why study Agricultural Science at UQ?
[5651] aNDZgXrokxA → Review of manure irrigation practices and issues
[5652] oxEZPV9VTv0 → 🌾 Online Farming Business Training 🚜 | Start Veggies Dairy & Grain Sales from Home #shorts
[5653] P1-J2DNDahE → Agricultural Waste Management: Steps for a Better Future
[5654] HkbWdRTSLno → Multiple Layers Different Timestamps: Agriculture in Midwestern U.S.
[5655] SDppwYI8AgU → BACKYARD CHICKENS FOR BEGINNERS | How To Take Care Of Egg Laying Hens the EASY WAY | Urban Poultry
[5656] TLazogw7NIs → MAGA FAFO Nebraska Ranchers
[5657] -WIfgZ0_ws8 → Top 10 Farm Stays in Tuscany Italy - Beautiful Holiday Destination in Italy Europe
[5658] u2rjoTPJdzM → New Holland Round Baler Buyer's Guide
[5659] rB7NxKaJ0xA → DOT Agricultural Exemptions
[5660] vF8C-nTSP8U → Selecting Tomato Plants for the Garden | From the Ground Up
[5661] y40J66_1ino → The ULTIMATE Herd Management GUIDE For 2025! - Call of the Wild
[5662] APsH72Me0Sg → Total cost of off grid solar setup #homesteading #containerhouse #hobbyfarm #offgridliving #solar
[5663] Oi5uQWW8w9c → Propagate Rubber Plant in water and soil FASTER
[5664] IJNhnZyXeS8 → Billions of Tons of Watermelon are Grown and Harvested this way in the U.S
[5665] qf-igYEDohs → Farm Tractor Tire Repair at Home
[5666] p4eIGYSO3Rk → Risks Associated with GMOs #risksofgmos #biodiversity
[5667] xuf1jjeL-qM → JuanJuan - La Paciencia De Los Que Nunca Están (video oficial)
[5668] TSroLtHE0aU → How to Make Easy Homemade Slug Bait (and Why Beer Isn't the Best Option)
[5669] DzKqcvQxcUc → how to get started with Dexter cattle: stock land fences housing and equipment
[5670] msnbH5dEnoc → American Farmers Harvest Millions of Tons of Garlic Every Year | Farming Documentary
[5671] Y0eHx1WbRjw → Bobcat Equipment Customer Job Story | By The Yard Landscaping | Bobcat of Charleston SC
[5672] 7LMbMld45KY → SHOULD YOU USE YOUR BUCKET FOR SNOW REMOVAL? ❄️🚜❄️
[5673] d7p_Enj0aNE → Sustainable Agriculture Development: Successful Models in Vietnam #Agriculture
[5674] ftLWQVno-Ow → Efficient Hay Baling: From Field to Barn Simplified
[5675] b7qbdTAfn8w → The TX31 Mini Round Baler with Net Wrap!
[5676] g3qxcStgvFY → Simple Bottle drip irrigation system. Anyone can make. You need only...
[5677] -P7HhjOAV0w → Grownetics Farm Management Software Platform with Vincent Harkiewicz
[5678] E4ZpULgnVMw → Farmer's Tractor in Mud Work | Daily Life & Return Home #shorts #youtubeshorts
[5679] 1SGa9D5d9Tg → High-Yield Cucumber Farming Tips🌱| Boost Profits Fast! #CucumberFarming #OrganicFarming #AgriSuccess
[5680] vmdMvyv_Km8 → 10 Incredible Agricultural Machines You Need to See  #automobile #agrifuture #farming
[5681] 4HfMkHA2jPQ → Optimizing Soybean Performance with Late-Season Management | AgXplore & @CornWarriors Cory Atley
[5682] 3vDmNK5RMZg → Cottage Charm Unleashed: Laura Ashley & Magnolia Table Home Decor Haul!
[5683] q7JnJ0oBa94 → Climate-Smart Agriculture in Action
[5684] TC1GUkq80lA → The Untapped Potential of the Farm Equipment Rental Market
[5685] OzXla9kO3sc → حل كتاب Flying High 3 الطالب المستوى الثالث ثاني ثانوي
[5686] nYSF6t-cV-4 → #Tractor #Farming #FarmLife #Agriculture #FarmEquipment #Modern #TractorVideo #FarmVlog #RuralLife
[5687] HMcNNQ5lR7A → Couple's Amazing Backyard Homestead Produces TONS of Food in the City + FULL GARDEN TOUR
[5688] eh2Y6UWAuLI → Ultra High Density Grazing Cover Crops - April 19 2024
[5689] _tJcGOSIJGg → Best Cash Crops: Uncovering the Most Profitable Crops to Grow and Sell
[5690] -GGIGsA72WQ → Grazing and Haying Cover Crops with Josh Roe
[5691] fcMOWuxFQII → How to Grow an Indoor Garden (Chaotically) #shorts #houseplants #hydroponics #gardening #plantcare
[5692] -xNDpOGqj-Y → How to Raise Chickens in your Backyard
[5693] w-nKTlpGWLA → Fortifying livelihoods through Good Agricultural Practices (GAP)
[5694] 2ZP8FnzHlUg → DELMADE Hydraulic Bale Handler / Hay Unroller
[5695] w1BXQGEW9Lg → MF RB 4100V | WALKAROUND| PREMIUM SILAGE CUTTER
[5696] p8m6dGhTuAk → Pros and Cons: Pesticides in Farming
[5697] qBEcB6wYnjQ → Cowdung Cleaning Robot
[5698] yf9se3uBUtw → Cultural activities add fun during bustling wheat harvest season in Zibo Economic Development
[5699] yLW6jKkM-i4 → Gibbons Agricultural - The Cereals Event 2018
[5700] 8-F5DjMSK3Q → Phenomics at the Agronomy Research and Education Center
[5701] WNUNq4QJ-CM → Growing Corn From Seed to Harvest 🌽
[5702] mH4WnkMU1RU → Release of the 2023 Global Agricultural Productivity Report
[5703] bo7WNTaXZ2U → Cracking the Code: SEO Strategies for Farmers
[5704] fyQVEGrZ_Ss → Green Hay Bale Maker - Free Stock Creative Commons Video
[5705] F2wnNt8MHaI → Boost Your Farm's Productivity with Affordable Rice Transplanting Machines!
[5706] RjJEa4R06cU → Harvesting Heart of Palm! #harvest #homestead #farming #wildlife #palmito #viral #survival #hiking
[5707] G2Db-Tkn-n4 → African Development Bank- Agricultural Innovation
[5708] AfDZ45PTb2g → #fcnfm #feedpelletmachine The Benefits of Using FCNFM's Pellet Mill for Sustainable Farming Practice
[5709] Z2F5jiiIXUM → How Grapes Get Trimmed!
[5710] 0aWSRopQcZg → Agricultural Economics Graduate Programs Overview with Ryan Good
[5711] 8Q2aq83WeVY → Preparing For The Winter Storm
[5712] qerTaBPivsI → Amazing Farming Machine in Action 🚜💥 | JUST KD Agriculture | Part 120
[5713] kDzDNhALMuI → Management Practices at the SHARE Farm
[5714] Gx0T8IsCnws → Sweet Corn -  Hutchins Farm Concord MA
[5715] _MosrQPnuec → New apple planting methods to harvest more apples #shorts #satisfying #farming
[5716] EYvaUYNcNDU → 🚜💪👑#JohnDeere #JohnDeereTractor #GreenMachine #FarmingLife #TractorLove #FarmEquipment #DeereSeason
[5717] CDry2rzaOIE → Market Watch: Rural Economic Insights
[5718] 8bQPTwXB2TI → Crops in the Sky - Is Vertical Farming the Future?  Vertical Farming Advantages and Disadvantages
[5719] DWopT-JRI0E → Day 2 cattle feed formula silage mineral mixture goldy dairy farm #motivation #dairyfarmming #farm
[5720] J47JEq4B0TQ → farmers Quotes #short #farmlife #cornfarmer #farmer
[5721] TkCy4UP0zvY → Agricultural extension and rural advisory services: From research to action
[5722] 9f6qfX3KPhk → Brute Cattle Equipment All Products
[5723] VJJmUKgqhJo → RHBUS Software for Fresh Produce Supply Chain | Warehouse operation
[5724] nADDODfzJ00 → Wat weet jij eigenlijk over koeien melken? 🐮 #geschiedenis #melk #koe
[5725] fTRAO4wpVIg → Absa AgriBusiness is your partner for a sustainable future
[5726] j44qVNcKy3s → Over Wintering Strategies: New vineyard management practices
[5727] hFpIWDct0X0 → FARMER ACTIVITIES
[5728] Esvl4t0AZPQ → Plant Coconut Tree in my farm #coconuttree #plant #cultivation #farm
[5729] Go9I9T13vU4 → Strategies for Growth and Creating Sales: Kennedy Implement 2012 Dealership of the Year
[5730] fsR0iawDFDs → Climate Change and its impacts on Agriculture
[5731] o3LGMkKTVW0 → Slippery Salmon: from farm to fork
[5732] 5e7R8mcz-7U → HERE IS WHY I WOULD NOT START A SMALL FARM
[5733] HMNp0B15GPw → Amazing Farming Machine in Action 🚜💥 | JUST KD Agriculture | Part 153
[5734] NnLnPedvfDY → 😱🤔🤔Competition between 15 HP and 50 HP tractors
[5735] Aten6Ll4JFU → Understanding Crop Rotation: A Key to Sustainable Farming
[5736] k4653NlpJpU → THE SKILLS YOU NEED NOW TO START HOMESTEADING
[5737] lxwANnzI6bw → Farm Management System (FMS): Your Guide In Precision AG
[5738] IWlsSCemCj8 → Mastering the Art of Vegetable Gardening | Book Review
[5739] NV0d0TI6Xx8 → Completely off-grid in Sosua
[5740] lzDEa38_gqA → Farm Repair Shop
[5741] 80uFnoE5tLE → Modern Farming Cow Milking Technology | Amazing Automatic Farming Technology
[5742] wDp2G5CEt_s → Soil Health Management
[5743] 47FMqQN5_cg → Have you pulled a tissue sample before? #agriculture #farming #agronomy
[5744] hEuHCKhk2cM → Types of Sprinklers
[5745] 1FYJMbX1--o → How to grow vegetables  in raised bed gardens
[5746] Xk3umYBnNG0 → Agricultural Geography: Farming Practices and Land Use Around the World
[5747] _XD9EPqq_Wc → AU launches frame work for Agribusiness development
[5748] Ts189q0v-1Q → Upgrading Ranch with Free-Choice Minerals & Paddock Rotation with Just 1 Strand of High-Tensile Wire
[5749] M-mUYXsXlyE → Farm managers series   Ending Employment
[5750] 3agp4U61TaQ → An Introduction To Animal Husbandry
[5751] JX6uvH33mxc → 🤔WHAT YOU DIDN’T KNOW ABOUT THE HAYBUSTER👇 The HayBuster Balebuster stands as an quality asset in la
[5752] BRB2Q7Ew4xk → ss gold 7 hp #agriculturemachinery #farming #agriculturalimplements #agriculture
Error fetching metadata for video ID xFlSgA0JV9M: Command '['yt-dlp', 'https://www.youtube.com/watch?v=xFlSgA0JV9M', '--skip-download', '--print-json', '--cookies', 'cookies.txt']' returned non-zero exit status 1.
[5753] xFlSgA0JV9M → Unknown Title
[5754] seGype76C3c → Chapin Hydrofeed Fertilizer Injectors
[5755] FiiIZjzJxls → New England Farmstead Cheese at City Feed and Supply
[5756] b2QnlIhiDXw → How to grow lemons 🍋
[5757] KZgd5fi5AgU → Revolutionary Farming: A Man's Shocking Technique
[5758] GpzCOmuFm8E → Sustaining Agrarian Economy in Drought_Kolar
[5759] Akr9Go6WfFw → Champion seeder planting sweet corn
[5760] T5Uh5-CwWLY → Corn:  Row and Plant Spacing for Better Yield
[5761] mXqTs8rTcEg → LS MT 573 Baling  #agriculture #farming  #farmequipment
[5762] MfT4iTCGYT0 → The PERFECT setup for baling hay!!!        #country #farmlife #homestead #worksmart #hay #tractor
[5763] dzP2KeFVvOs → Agriculture and Ecosystems | Science Lesson
[5764] vT1CCBAYs1A → 3 reasons by Jenni to study Agricultural Sciences at the University of Helsinki #StudyInHelsinki
[5765] enidpUjcFt0 → Harvest Money: Farming indigenous chicken for profit
[5766] v9FYY6dCUoo → 10 MUST-KNOW TRACTOR HYDRAULIC TIPS! ONE SAVED ME $3800!
[5767] FrME0xMvZfw → Quick Tip for Last Planting Dates of Hybrids
[5768] Tr2LcOmGM0o → Farmers as Agents of Change in Greening Agriculture: Challenges & Opportunities
[5769] q1cwbrJE_es → [Free Music] Farmhands - TrackTribe | Country & Folk | Inspirational
[5770] sG7xMPkA9cA → BASF's Compass Grower Advanced Farm Management Software Solution.
[5771] GcZTXM0SxdQ → From Seed to Harvest | Best Practices for Crop Production | Agronomy Insights
[5772] PP9dYoN8pTk → Mechanical and Machinery hazards | Contact With Moving Parts of Equipment
[5773] uEbe2t5iWyQ → Farm Basics #1180 How Farmers Reduce Erosion (Air Date 11-15-20)
[5774] 7-0PxejIolw → TIME LAPSE onion growing for 17 days in 12 seconds grow light link in bio
[5775] JTWB9SgdtUA → Growing Grapes for Juice Jelly or Wine - Spring Fever Garden Forums
[5776] Oyb7SZHFwgg → Growing Round Zucchini Vertically in 5 Gallon Containers ! #zucchini #squash #gardening
[5777] qyC15Sh_XxE → Automated shed covering process- Good tools and machinery can increase work efficiency
[5778] YK3LquuKj6E → 55 Most Unbelievable Agriculture Machines and Ingenious Tools ▶ 81
[5779] UEPgQPB1vfc → What is Organic Farming?   Organic Farming Techniques to Cut Cost by 80% !!
[5780] pOxYbc9cX8Y → What is Horticulture?
[5781] JvrOawtaRpg → Family Friendly Adventure Farm | Best Weekend Activities
[5782] mRql_b5NUcM → How to start seeds indoors 🌱 #gardening #seedstarting #seedstartingtips #beginnergardener #growfood
[5783] ppqWzxc4-Bc → FULL VERSION - The Best Wheel Hoe: Glaser vs Hoss vs Valley Oak - Which One Wins?
[5784] kl1bVafEsqc → How Much Land Do You Need to Market Farm?
[5785] 2oaeeQTI0GU → New Chicken Farm Business #chicken #farming #business #shortsvideo
[5786] HsRSaW7GhX8 → 3 things you need to know about growing in an unheated greenhouse #gardening #cutflowergarden
[5787] 6i2CS4Xaw7U → Polluted Runoff
[5788] OEbg1Ql6dZk → high quality feed mixer#farmequipment  #china  #mechanical  #modern  #feedinganimals
[5789] w-vw66CZNAo → Morning Chores In The Farm | Feeding Livestocks | Building The Pig Pen From Start To Finish
[5790] 5qO0t8YnprQ → When is the best time to grow Onions #plants #shortvideo #garden #youtubeshorts #howto #farming
[5791] QZ8piT7VHiA → Less Excuses More Solutions (you can worm farm anywhere sis!)
[5792] oDOSJCKuc6k → Voices of the Landscapes - Part 1
[5793] EG_TbQFBbu4 → The Best Almond Grafting Technique You Need to Know!
[5794] OLss2Xpg39M → Full of crabs inside the dry coconut tree #fishing #fish #crabing
[5795] asKhD_fQzSs → Meyer Farm Equipment For Dairy & Livestock Producers
[5796] c-o9bMFAR-g → Amplifying Stories of Agroecology Practices and Principles (ASAPP)
[5797] wjjxwkpS-Hk → VERTICAL FARMING TOMATOES ON AN  AEROPONIC TOWER #hangingtomatoes #tomatoes
[5798] smwueWl2diA → Bamboo Biochar
[5799] vMQiVsZL83M → 30 MUST-HAVE Tools For Small Regenerative Farms & Market Gardens
[5800] ZmZsYRK3w98 → Sustainable Farming Practices**: Videos on crop rotation.
[5801] CDbB5UpYgb8 → Ontario Grain Farming 101 Trailer
[5802] zgwBhsL_afQ → The wonderful process of growing butternuts. ☀️🙌🌱 #WeLoveWhatWeDo #SakataSeed
[5803] UAbm1YNSSr0 → Dr. G. Mac Bean:  Effects of Soil Health Practices on Soil Water Characteristics
[5804] KOXjJcY3LME → Let's Play Farming Simulator 2013 Idaho Map Ep 52
[5805] tJnSPXgZEKY → Smart Irrigation Just Made Farmers More Profitable!
[5806] wzTNTUcDr0Y → Potting Soil: Make The Best Seed Starting & Potting Mix
[5807] IkmPjeNKkBQ → SEO for Beginners: Rank #1 In Google (2023)
[5808] cGBUY-Qz-vU → Natural Pest Control Hacks: Garlic Chili & More!
[5809] fqudGmKAagU → Sunday Gardener: Planting Bulbs in the fall
[5810] zoU4QlZsDuw → Preservation program protects family farmland for future generations
[5811] 7LEENnp02Lw → Pruning Fruit Trees with Fruit Quality in Mind - Examples of Do's and Don'ts!
[5812] g4wFKFh5Hmc → Exploring Marker Miller Farm Market
[5813] SZ8Dagsf57o → How Does Agritourism Impact Agricultural Economic Viability? - The World of Agriculture
[5814] IKTgt-XQ174 → Revolución Sostenible: Las Tecnologías Emergentes que Necesitas Conocer
[5815] derwdUwx7YI → Hay Shortage
[5816] 0_Nf7sehCDg → 🌱 Evolução da Alface Hidropônica: 15 Dias Após o Plantio! Veja o Resultado Incrível! 🥬
[5817] m5Z4vfoj7J0 → Enjoy Beautiful Nature Fruit Farm's
[5818] bp06h5Vguuk → Career Opportunities in Agricultural Science
[5819] sbCK6ON9I-A → Konjac Planting Hack : Arc Fertilizer Technique in Action
[5820] b849Ol2WH-E → Full video: mountain gardening building organic vegetable garden harvesting vegetables.
[5821] ZJtfaaqTJ3U → HOW TO FEED and WATER YOUR PLANTS - Best Schedule
[5822] Gop9ovwf9go → #Tractor #Farming #FarmLife #Agriculture #FarmEquipment #Modern #TractorVideo #FarmVlog #RuralLife
[5823] r_QXCMrgvo8 → How to Operate a Backhoe (360°) | Tractor Loader Backhoe Operator Training
[5824] 1lFyA__oZ2I → The Safest and Easiest Way to Mount a Horse
[5825] 9ZCLbBjf7a4 → Dollar tree new and improved DIY dollar tree hydroponic strawberry towers
[5826] -ytYnzSqpts → THE ISLE OF REMORAY! - Anno 1800 160+ Modded Campaign in 2025 (Episode 35)
[5827] Wc2xWFUMXzM → Using Native Shrubs to Increase Soil Health and Crop Yield in English (USA)
[5828] on_zDEsHAlc → Brinkerhoff Ranch Farming Operations
[5829] -HleQfby7-A → Farmland Conservation
[5830] 0eRkmOpxD_8 → Farm machinery accessories engine maintenance parts maintenance filter
[5831] 1vgukf65sVU → How & When to HARVEST GARLIC
[5832] TSi41t5i6J0 → Spiral irrigation: people setting up a spiral irrigation system
[5833] zrG16zY1vVQ → His Brand New Phone Got Baled Up! (allieschweizer) #farming #trendingshorts #fyp
[5834] cxxotEUmSlE → Irrigated Agriculture in the Sahel: Simple and Affordable Technologies That Help Small-Scale Farmers
[5835] kMzsVd75INk → Stop placing your plant cuttings in water #plants #gardeningtips #propagation #waterpropagation
[5836] OR_iswlVBeU → Homesteading | How to Design your Homestead using Permaculture Principles 9-12
[5837] l-7EHbA256Q → Profiles In Soil Health: "Teaching Others Soil Health Practices & Benefits" With The Misar Family
[5838] AISEPl2fhYQ → The farmer found the pigeon's golden egg and the farmer is worried 😭 #ai​ #hen​ #farmer​
[5839] gqER5BMlat0 → The Shotgun Approach To Training
[5840] QEdoPaqfxXw → 🔴 AGRIC RENTAL BUSINESS: The Business Of Renting Farming Equipment
[5841] SPnDCFvszik → Large and Diversified Agribusiness Operations Share Their Stories
[5842] br6zqyi5i9k → Sovereign Metals reports fourfold yield boost from Malawi farming initiative
[5843] BgUGWlq0olY → New high-tech methods emerging for harvesting crops
[5844] lNh_NBkgWGk → June Acreage & Grain Stocks ASB Briefing
[5845] -roIN-GnfyI → What are the best organic alternatives to chemical fertilizers?
[5846] 8nooUpGksCU → Cultivation - Sammaan ft. Iam Golay
[5847] 2eAsXbWBSQE → WHEN YOU SPENT ALL YOUR MONEY ON  PLANTS
[5848] JzoPo1cMLr0 → Handyman Hal works on Farm | Hay Tractor and Equipment for Kids
[5849] pKIenMUIxSc → Forage School- Successful Establishment of a Forage Crop
[5850] TkYOD5iXJ54 → Don't Prune Fruit Trees Until You Watch This - Raintree
[5851] DpwgC40FGtE → Spray Fruit Trees With Horticultural Oil To Supress Pest/Disease
[5852] u4LDobHXELw → Q&A for Manure Sampling Considerations in Different Animal Production Systems
[5853] tmJN-RDuuiw → Profiles in Soil Health: Cycle Farm Spearfish SD
[5854] atxm_vMVPzA → MeitY StartupHub: Fostering Innovation and Growth for Next-Gen Startups
[5855] p1t-yo5od6M → Class of 2024 👏😱 #shorts
[5856] DrbHDswpuEk → Magnum Tractors: Precision Farming
[5857] pcpUKV4NHRg → #farmstyle #organicfarm #farmgoals #tractorpower #globalfarming #techfarm #greenfarm #farmerswork
[5858] kiX668f6iGc → Pioneering Innovations in Autonomous Farming Robots
[5859] J8MkdaakflQ → This Pig Farm is PACKED! #pigs #farming #wow
[5860] JduJiJzjrAc → The Secret Benefits of Crop Rotation (Vegetable Gardening)
[5861] Bdtl35SlhLw → Small Agricultural Equipment List - Start a Farm With These Machines & Tools | Startup Machinery
[5862] -Wkqjo3DG14 → new technology in agriculture   machine 2016farming technologyagricultural technology Youtube
[5863] alVZPXGnzI4 → DIY Compost Bin | Fun Homestead Projects
[5864] T1UPC2SPNlk → farm land for sale near hosur - farm land for sale in hosur Jawalagiri
[5865] Q9rMYq0t2I0 → MASTER RICE Transplanting Secrets Revealed!
[5866] FTC3PYCt5_0 → What is Hydroponics? Future of Sustainable Farming #hydroponics
[5867] HIbyqf6ivYM → Tips for growing high yield Corn #plants #shortvideo #garden #youtubeshorts #howto #farming
[5868] 4egU7w1Nb_4 → I'M JUST TIRED OF FIXING THIS PROBLEM....UN-BOXING SOME HANDY FARM GOODIES AND MORE!!
[5869] T5-fObJdb38 → 10 Silliest Farm Implements in American History
[5870] j3sDIUhe7as → Can You Grow Vegetables Indoors? Answered! 🍅🥬 / Grow Your Groceries
[5871] 9Kt7AxsPw-A → Would you try synthetic seeds? #plantscience #planttissueculture #houseplants #lab #micropropagation
[5872] txv2k7OoY7U → Like Fruit? Thank a Bee!
[5873] PW16HEjqT_c → Agribusiness Technology
[5874] 7Mzv7ooJ3QE → Permaculture Water Retention Techniques on the Farm pays off big in a drought.
[5875] AHJVZ0VqA1I → Planting Seeds In Soil Stock Video
[5876] FdxkoWv-t6s → How To Grow Superfood Moringa!  From Seed To Harvest : Easy Step-by-Step Guide For Beginners
[5877] Ym-BhVmQ3gw → how much money does a farmer make.
[5878] oczNc0gbXrY → Meet Naomi an indigenous Vegetable Kenyan Farmer | How to start vegetable farming at home
[5879] hbU9NOvOUik → Tips to growing strawberries with @TheShilohFarm
[5880] 0iHP-dhhuEs → Class 8 Science Chapter 3 Biotechnology Sindhboard | Biotechnology Complete Explained | EduSindh Hub
[5881] Vd3Ca-NiBhU → 40 ton na raz Przyczepa Agrotechnology
[5882] j0fk3iIsaWw → Hybridization techniques of wheat.
[5883] GbCDTDJ3IRs → Plowing today in Alvordton Ohio #farmequipment #farmmachinery #agriculture #farming #bigbud
[5884] 4JhxYDoI1vo → Soil Testing for Gardens
[5885] LduD9B2qSWI → Turning clay hardpan into the perfect #garden #soil using these #sustainable #regenerative methods!
[5886] Qal35qUK78Y → BEST 10 SUSTAINABLE AGRICULTURAL PRACTICES | TOP AGRICULTURAL PRACTICES |  #sustainableagriculture
[5887] rPJtFuJjO7k → Clarkon's Farm Season 4 - Addressing the Conspiracy Theorists
[5888] U-ZuP5_wEYg → Family Farms Tax "another significant blow to the farming community"
[5889] bIHiaHtAkjY → #draft  #australianoutback #agriculture #brownhatt
[5890] NF7ShZt0KI4 → Benefits of Construction Equipment Leasing  | John Deere Financial
[5891] rnLwuYdluhc → Sketchy Glovebox Knife Search - Raul Valle Trial - Keenan Fraczek
[5892] wUjdrZ7rDSs → Vision objectives and expected results of the FORESTCARBOVISION project
[5893] Fk7hfWUxb2M → JET |  JET PREVIOUS PAPER | JET 2020 PAPER SOLUTION | POOJA MAM
[5894] XYPWtldgOFs → Why 2024 is the Year for Homesteading | The Surprising Rise of Rural Living
[5895] AlWPcR_68k0 → Motivational Agriculture Mechanical Farming Equipment #motivationalvideo #quotes #farmers
[5896] OFdb9QHHTPw → Creating My Seed Starting And Planting Calendar - Garden Planning 101
[5897] tUHtDxkdyY4 → The Evolution of Tractor Machinery
[5898] -qI0F9kT9Zs → Growing Food in Urban Small Spaces - Urban Gardening
[5899] YGu_09HH-Xo → What is Soil Conservation? Types of Soil Conservation
[5900] 3t3Eu1uJ7NQ → How to restore damaged pasture techniques
[5901] Lxxy-RGK-EA → How Air Pollution Threatens Natural Pest Control Methods in Sustainable Farming
[5902] C4XIJOCTs6Y → Part No 102 Disc plow for deep plowing #disc plow#agricultural disc plow #ploughing
[5903] SNfGoqRVAWA → Opti-Panel for Trellised Citrus
[5904] GI4VZuLNxLw → Integrating Hogs In A Cover-Vegetable rotation: Moving The Hogs
[5905] d39Nbsx8DW0 → A day in the life. #ballerinafarm
[5906] NkVn1AJbK0Q → Farming Activism | South Asian in the Valley
[5907] -QQtgO12TTg → How to Grow Vegetables Indoors Without Soil - Kratky Hydroponic
[5908] S-F-q3_ZNu8 → Service & Repair Of Agricultural Machinery - P.R Roberts
[5909] 5kY3Jvs-EXA → Hydroponic Lettuce: The Complete Beginner's Guide!
[5910] oSpYs4zhJ5M → Farmers Share Insights into Working with FSA
[5911] oPzamutsYig → Call for Action: Farmers Market
[5912] Ih1goXef0ao → 9 Keys to Beating Every Other Chicken Farmer | Amazing Agricultural Technique
[5913] VXfHF7283Xw → CASING RUNNING TOOL (CDS) #CDS #casing #TRS #crt #tubing #api #machine #rentals #rentalservices
[5914] kcZofqG0DPI → Our Secrets to Growing the Best Tomato Plants
[5915] yWj4GshOwM4 → Indigo: A Colonial Legacy of Exploitation | #History #Colonialism #Agriculture #Economy
[5916] Sp89iUBVaAI → organic farming is an agricultural method that emphasize the use of natural processes materials
[5917] OK1_QQsSrfY → Agricultural Drone
[5918] c71GN5W72d8 → Things you see at Tractor Supply #shorts #hay #fyp #viral
[5919] cXxxzgJEjDw → DIY Soil Test! Knowing What Soil You Have is Essential for Gardening Success!
[5920] E5Fsk-MmTEU → Grazing Terminology and Definitions
[5921] XfrJEKLR3OE → From traditional to innovative integrated aquaculture solutions – A success story from Chilimbene
[5922] Hh_T5k4mJeQ → Marcrest 210 Baler
[5923] v34y2JWvHIA → An Agrarian Era: The Reversal of the Industrial Revolution and Its Consequences
[5924] gZKgLdbI9Dk → Farm Mechanization
[5925] N5rgWpK3lEw → I Spent 100 Days in Farmstead- Here Is What I Got Up to
[5926] mttvlLV_kTI → The Nuances of Farm Marketing & Finance with Dr. Allen Williams
[5927] lj3eF409iYY → Pa. farmland preservation: How and why it happens
[5928] 8g2LYfzSJHA → Growing potatoes in soil bags. Will help you not have to spend money on buying potatoes anymore
[5929] YtpCA3aL0aU → Beautiful Microgreen Roots | Soilless Growing | Hydroponics
[5930] nAeCUEaD2MQ → How to grow squash vertically and Pruning tips| Save Space - Increase Yield and prevent disease
[5931] ewK612M7oSM → |Rainwater Harvesting unit in Irrigation land|Success stories|Farmers|Official Rainy|Agriculture|
[5932] Rj8CrdAsuzI → Jumbo Peanut Harvest| Peanut Harvest| How to harvest peanuts
[5933] -8CunnMXPrA → What Skills Are Required For Agricultural Technology Adoption? - The World of Agriculture
[5934] woGnJ2cNzzg → Rain Water Harvesting-Farm Innovator Subhash Sharma 17
[5935] pW6lPKb1B7s → Scientists are developing crops to fight climate change
[5936] OnpYo4_3zx8 → POV: You Have the COOLEST Farm Gadgets for Feeding Time! 😎 #farming #gadgets #cooltech #satisfying
[5937] hgrGGUNArFs → Amazing cotton harvesting techniques and machinery 😲
[5938] aa39HP8l2Hc → Demonstration of modern horse drawn farm equipment
[5939] 51wF8X6FptA → How To Grow Giant Pumpkins!
[5940] -pSqw_-sm5w → Ditch Witch 1010 W/R trencher for sale | no-reserve Internet auction October 11 2017
[5941] gCDhsuOfciU → Buborék együttes - Farmon (Hivatalos videoklip) 2016
[5942] UPV84Jpfsmg → Cotton Farming Process
[5943] w4ZIUBTVO5s → Farmers’ Philosophy - Anne van Leeuwen regenerative farmer and co-owner of Bodemzicht Farm
[5944] Vv7khZtmyf8 → How the Amish Grow Giant Vegetables Without Chemicals
[5945] 2cYm1ED3QXQ → Farm Lunch with our Hens' Eggs! 🌱🐑🥛🥚
[5946] 5VuZu8ae76M → 5 Top Benefits of Barnyard Millet
[5947] 8VMvAwsvbxs → I’m Just Making Up Cultivation Techniques Yet You All Became Emperors!
[5948] He_xdgAMSrE → How I Became an Agricultural Consultant at 21
[5949] 3XK0KwnT-HQ → Secret Hand Technique Farmers Don’t Want You to Know – Peanuts Thrive!   - Agriculture Farming
Error fetching metadata for video ID FLgDLMUH428: Command '['yt-dlp', 'https://www.youtube.com/watch?v=FLgDLMUH428', '--skip-download', '--print-json', '--cookies', 'cookies.txt']' returned non-zero exit status 1.
[5950] FLgDLMUH428 → Unknown Title
[5951] OrVjyevFlxc → Quick Start Guide - Raising Chickens For Beginners
[5952] ObgeQWwxA0Y → How To Grow Organic Grapes ANYWHERE In ANY Climate
[5953] 0iWwDz11QzM → From Vine to Wine: How Modern Farming Techniques are Revolutionizing Grape Harvesting! #grapefarming
[5954] tdDOwYCBMU0 → How Farmers Reduce Erosion - Farm Basics
[5955] wKTrNtlNK_g → Farm Safety: Proper Pesticide Mixing and Handling
[5956] XSjNGLYC_s8 → Irrigation Scheduling Overview
[5957] mgvztGVhN-E → banana plantation techniques / banana field overview
[5958] ZrR85Luzh80 → How American Farm Workers Harvest Millions Of Tons Of Vegetables
[5959] 5SkM4SOTX4w → This Week in the Garden: January 21 2025 (Pre-Spring Planting)
[5960] mVgIB5CbP28 → How AI helps farmers adapt to climate change: the story of AgriTech Analytics (long version)
[5961] BYeSgwyVudo → DIY Bug Spray for Plants | creative explained
[5962] LioNtiPOxOQ → Why Study Agricultural Science at Murdoch
[5963] x-E-KArFAww → How We Built a Modern Beehive in Kenya Step by Step!
[5964] 3dFETQGNngg → Impact of some agricultural practices on soil quality
[5965] bIb6_c40l9A → South Carolina EIP Project Director Report 2021-2024
[5966] 1uXpB_4yDHA → John Deere Kids | Real Tractors & Farmers at Work with Music & Song 👩🏽‍🌾 🚜 🎶
[5967] 0ON_dZSkh1g → Planting Carrots with the EarthWay Walk-Behind Seed Planter: Step-by-Step Guide! #CarrotPlanting
[5968] f_O4AsBUeEM → 🌾 Reap Success with Agriculture in UPSC | Masterclass by Thorun Sir | Insights IAS
[5969] RoD03aZLnv8 → This Milking Machine Will Change Your Dairy Farm! 📈🐄
[5970] AO37ADgadGA → "Milking Machine for Dairy Farms | Save Time & Boost Productivity
[5971] 2PxEb16udVk → Planting Grain Crops Video
[5972] FGLqhqhrCpw → 🍅Live: Tomato TLC: Mid-Season Reset (REPLAY)
[5973] htKJ5XkyYJ0 → Drying and Curing Cannabis - Explained
[5974] nsdprlhaNzQ → Rice Straw for Vegetable Plantation: A Natural Farming Technique #mulchingsolutions  #mrittikafresh
[5975] 3b7JZ1m0ugU → Growing Vegetables in Containers
[5976] 99nEQd2k6k4 → GCSE Biology Revision "Selective Breeding"
[5977] cuDwl8pAkyE → Tips for picking green beans to maximize harvest! #gardening #greenbeans #tipsandtricks #homegrown
[5978] q6SyT3mqUHs → Season Extension in the North
[5979] qH7VU8rqUlE → Heirloom Seeds/ Seed Haul 2022
[5980] kGSlJ0Ivyq4 → Aeroponic vertical farming with Tower Farms 🌱#TowerGarden #Aeroponics #VerticalFarming #TowerFarms
[5981] 9jgetXEiw5o → Purslane can grow after being cut #satisfying #farming
[5982] DLa3Y_g7ZhQ → How to Grow Fruit Trees from Cuttings: EASY Step-by-Step Guide (Sand Propagation Method)
[5983] ygn4PihPO7g → Can soil management practices build resilient production systems by improving soil health?
[5984] 1eL4TTMRN-I → Top Veggie Seeds to Start Indoors in February in Cold Climates
[5985] boE7Fqjb3lg → Grow lots of VEG IN POTS with Alan's top tips
[5986] 3Ipxk9lFp_0 → Purchasing Farm Software - What to Consider
[5987] Sr1sQ7kGYlY → A Farmer's Life for Me | Barefoot Books Singalong
[5988] _zr1InQdeIA → Internet Changing the Business of Farm Equipment Dealers
[5989] tSiRBzqO51w → Grazing Cover Crops
[5990] haYNTW0aBqg → Brand New Round Baler Baling Hay! John Deere 450M Round Baler Demo! (2024 Hay Season)
[5991] K2wbIKMC5D4 → John Deere 348 Baler - The Satisfying Symphony of Hay Packing!
[5992] 2fbmpBbWQQw → Agroecology: why natural practices are key to this mixed livestock farm's success
[5993] G-HYg1xhC0o → Nursery Best Management Practices: Fertilizer Application Considerations for Field-Grown Plants
[5994] -E2m3rKcL24 → Indoor Herbs | From the Ground Up
[5995] tiWGYnaybLg → techniques for threshing sunflower seeds from the harvest #shorts
[5996] 8ZCuSs8ljtA → Modern Agriculture Machines That Are At Another Level - Amazing Inventions Havent See Before - #TZ72
[5997] DUOFlppObzg → Benefits of Improved Farming Techniques #Malagasy
[5998] FTa4WjX_8iY → Organic Weed Control Techniques in Vegetable Production
[5999] PPf9ew0uraI → Hay Bale TractorHay Bale Handling Modern Agriculture Equipment Mega Machines Tractor
[6000] FV50hzYCBbk → The Case Vac #farming #automobile#caseih #farmequipment #farmmachinery
[6001] IsnDvfJYVfE → Black Hat SEO: Link Farming
[6002] Nldab56Xx8Q → What Are the #SolarFarm Risks for #Landowners? #solarfarmimpact #leasinglandforsolarenergy
[6003] P6x93taVeM8 → SAT100 Unit 1 Current Non Sustainable Agriculture Practices
[6004] EkvNU6dG0pA → Maximize Harvesting Lettuce With The Cut and Come Again Method
[6005] C5JLiOmYCD4 → History and Evolution of Agriculture
[6006] orUt_BKHifk → കുരുമുളക് നടീൽ രീതി Planting of pepper
[6007] mSFxK4jJh80 → A satisfying chemical reaction
[6008] G8drjFsid7M → best quality mango#beautiful mango#mango farming #yt shorts
[6009] 7jxhuuXaPg0 → Grain Silos #silos #grain
[6010] VpvSBjdZPas → How To Prune 1 Year Old Apple Trees | Modified Central Leader
[6011] n_RkteBCHkA → MSU Agribusiness Management Major Courses AND Career Paths | Day 42/90
[6012] sEEJENCBVpw → Parts-A-Thon with Everglades Equipment Group
[6013] ytUmsHGoOHw → Best Life Insurance for Seniors Over 60 | What You Must Know!
[6014] HVf1Utr7Vnw → Empty Fridge? Could It Be Seasonal Not Shortage?
[6015] MZk_yeJuqi8 → New Holland Mil-Stak install ( troubleshooting center of gravity) step-9 final adjustment
[6016] bofCOcxGv9A → Sustainable Soil & Organic Matter Management for Healthy Farming
[6017] kS_rj3zYYfc → CATERPILLAR 95E CHALLENGER AGRICULTURAL TRACTOR OPERATION AND MAINTENANCE MANUAL 6KS00001-UP
[6018] XixXBlvz4FM → Soil Conservation Techniques | Protecting Our Future with Spring Scientific
[6019] 2_hvzlx-suY → Excellent Thousand Tons of Pineapple Harvesting #satisfying @HappyFarm85
[6020] RlRXh4xefd0 → Patterson Sale-  Lot 2- M & W 1800 Round Hay Baler
[6021] TCk6LeLZF0M → Growing Fodder in an Indoor Hydroponic Farm
[6022] i-IbnVcmxCI → Farm Animal Sounds Song S0101 | Little Bunny Learns | Nursery Rhymes
[6023] Wnmg_zgD59A → How To Start A Backyard Tilapia Farm With a $1000
[6024] cDi2SWk8Etk → Maarten Stapper - Soil & Farming System Agronomist (Part 1)
[6025] GwMvGU5uKXE → How China Clean Millions Of Solar Panels In Desert?
[6026] PIfoEas2zCY → 200 IQ GENIUS GRAPPLE DON’T NEED NO 3RD FUNCTION!  🚜
[6027] Vf9exZJoR_Y → Hand tractor Kubota ¢ Mremdai €£ farmers
[6028] 9oWhyVC-O0M → Own A Tool & Equipment Rental Franchise In TEXAS!
[6029] g0ulhhTbJac → Controlling Soil Erosion and Cleaning up The Water
[6030] eUYGtAhfTck → The Art of Avoiding Distractions #chicken #farming #homefarm
[6031] lq2Fd9LgEgQ → Case IH Precision Farming Tools: Soil Quality Technology
[6032] SdrrdufAh_I → 🔥Ontario's Hottest Used Tractors! 🚜 Top 5 Picks of the Month #shorts #youtubeshorts
[6033] _oFJe9uTD80 → Border Collie & Kittens Harvest Veggies with a Fox in the Cutest Garden Ever! 🥕🦊🌿
[6034] m-7kytpcO7U → $2200 Hay Mower Takes On The World!!! New Holland 488 Haybine (Part 3 of 3)
[6035] 2wKBbkas7sI → Protecting Your Hay: The Key to Livestock Health and Farm Profitability
[6036] gVk1LKfke5w → Help Sustain Honey Bees with this Easy to Grow Garden Plant: Bring Pollinators to Your Garden Too!
[6037] CfwQIdSba3U → Better Soil Structure Better Planting: a Series with Kent Vlieger (1/7)
[6038] JRv4ylL3bs0 → Agroforestry Practices - Windbreaks
[6039] YwZtvMELRrM → Hay Cutting Timing & Tips
[6040] GhWbZ7kAP1Q → Farmyard Design by Grasstec Group
[6041] r_BIEWmuesA → Veach Farms: Our Crop Circles
[6042] rQ7LMJMp_-U → IIT Indore launches AgriHub. India's first ever AI-ML research centre. #iit #iitindore #agriculture
[6043] wipn31suafk → 45 Incredible and Extreme Agriculture Machines You Have to See
[6044] -ocvwsJAnZw → How to Make Plant Fertilizer with 2 Natural Ingredients | creative explained
[6045] 1vgisEfN_Cs → The Shotgun Approach and Genealogy - Tips & Quips #2 - JG0243
[6046] XtS-bhQAoxY → Agricultural Practices
[6047] cP3qrTE6DRc → Plant Hardiness Zones Got Updated Here's What To Do...
[6048] aadjE3OFm8U → Turmeric Farming | How to grow Turmeric plant at Home | Turmeric Cultivation
[6049] rkvYtUcREls → How Drought Can Affect Your Corn Crop
[6050] DWSlfQegLpU → Tomato farming tips and guide from one of the best
[6051] jvAZa52Lnak → New Holland Dealers Commercial English
[6052] VpV-xANt9Ns → UAEX Webinar Nathan Boone - Farm Management Tools
[6053] 57uglT-AuBg → A Day in the Life of a Farmer From the Kitchen to the Fields
[6054] PYGvQ_5Ybjk → Dealing with the Dry | Agronomist Drew Penberthy
[6055] xyY5pZNie5w → You must know the little tips to make eggplants highly productive~#agrochain #farmer  #farming
[6056] FW8wQVUkZL4 → Development of Agribusiness
Error fetching metadata for video ID jLn4924Oky4: Command '['yt-dlp', 'https://www.youtube.com/watch?v=jLn4924Oky4', '--skip-download', '--print-json', '--cookies', 'cookies.txt']' returned non-zero exit status 1.
[6057] jLn4924Oky4 → Unknown Title
[6058] Rmvi2nSBcrA → 45 Expensive Agricultural Machines Working At Another Level
[6059] 4LCAtC1nwZY → Horse Damage Repaired – Fence & Stable Panel Transformation 🔨 Vlog 53
[6060] neoB8AqoORk → ROADSIDE VEGGIE GARDENS IN PEAT MOSS!! #scarecrow #vegetables #veggies #grow #garden #health #cute
[6061] H5F3GsXqinY → top ten  tractor implements 🚜#shorts
[6062] PkGvnAoDgaU → halfway thru Harvest season. tallest plant. more pre harvest activities
[6063] 97NYDl_HwpE → How to Grow Sesame Seeds
[6064] O09n6loMiYU → 2025 BIGGEST AGRICULTURE DRONE TRAILER | nuWay AG
[6065] 8m7gaRnnqj0 → Could new soil practices save farmers from climate change? l ABC News
Error fetching metadata for video ID SbjiPSeNm7o: Command '['yt-dlp', 'https://www.youtube.com/watch?v=SbjiPSeNm7o', '--skip-download', '--print-json', '--cookies', 'cookies.txt']' returned non-zero exit status 1.
[6066] SbjiPSeNm7o → Unknown Title
[6067] wo7BwyUJgj8 → ZBNF&Non ZBNFGroundnut
[6068] hPo8ZvY5xl0 → Six Steps to Cassava Weed Management and Best Agronomic Practices
[6069] gGGpH4LT0Us → about this rare breed. #animals #farm
[6070] fn-Ylo4N3mk → @GavinSpoor714 on his lucky lease to own tractor
[6071] lhEp9O9fGmo → Why Agritech Startups Failed in India?
[6072] IKb0saj2skQ → Select an earlier maturity as corn planting is delayed #biology #agronomy #agriculture #farming
[6073] 3MH53SCqjIM → Farming #farming #newtechnologyideas #agriculturelife
[6074] JBZYowX_x0k → Goat Vaccination Day! Protecting My Herd Against Tetanus & Clostridial Diseases
[6075] XQV0c7VmeKo → The Best Way to Plant on a Slope!
[6076] 3vc_JGXGKAw → Commodity Mapping: Introduction to Commodity Mapping
[6077] D3fzAvdi4Rk → How to Manage Invasive Pests in Sustainable Fruit and Vegetable Production Systems.mp4
[6078] lWRfBmuzLDI → Sustainable living practices #shorts
[6079] tDyGhy4W0HI → UPSSSC AGTA PRACTICE SET PAPER- 9 ( Full length Paper) #AGTA​ #UPSSSC​ #agtabharti​3446
[6080] yV7WLrlzbLk → Using Nuclear Science to Control Pests
[6081] qwo2agtB2hY → Country examples of water management
[6082] 7geqnQ4zrJQ → Can plant-based milk beat conventional dairy? | FT Food Revolution
[6083] SAFfqvB2DFo → Farm equipment for sale at Ritchie Bros. unreserved auctions
[6084] OrTkUWBj4L4 → 🤯 Top 10 Richest Villages in the world 🌎
[6085] phHP9d_9cWk → How to Propagate Pothos in Water
[6086] U9FYg1MY87Y → Silvopastoral System Trip to Colombia with #FarmerKhalil
[6087] WBM5DPPdNiY → Breeding Bull Enters the Chat😬
[6088] Z8hwb8rzzV0 → Are Agricultural Subsidies Fair? - The Geography Atlas
[6089] taIQdMcO7bg → Setting Up 750 Grain Drill for Kernza
[6090] n-gYuPVtFx4 → How to grow hydroponic water spinach using container.. #hydroponics #waterspinach #hydroponicgarden
[6091] Mgg_sVGTBFM → 5 Factors That Affect Crop Production
[6092] sIIZDuU9cKE → Conestoga College Agricultural Equipment Operator Program
[6093] u9V1kMaC7JE → Five Tips on Hydroponic Substrates
[6094] bhuYOjWf-ug → Our Humic Acid Lawn Program - Achieving Beautiful Green Grass WITHOUT Harmful Chemicals #shorts
[6095] XrOkKl3l-O8 → A Scene of Mulching Work  #farming #work #agriculture
[6096] 1j_vXRkep6w → Definition of ironic #farmlife #farm #harvest #rain #really #corn #wet #kansas #why #farmgirl #fun
[6097] 1VM4PSJ-nl8 → Smart Grain Drying Rake for Rice & Wheat | Must-Have Farm Tool! #diytools
[6098] wUc41OqWohM → 🙌🏼 Orchid & Houseplants Pest Control Made Easy 💪🏼 DIY Garlic-Infused Alcohol Solution #ninjaorchids
[6099] XTOgcpoB2dE → Agritourism - Adding Farm Tours To Your Farm Business
[6100] 2KzBCviawuM → Integrated Rice - Fish Farming #shorts
[6101] eIezNud7e_Y → TRACTOR AUCTION! WATCH THEM SELL!  GUESS the PRICE?  45 Used Compact Tractors
[6102] 6rd3YO_gf5k → Never cut hay save money and quail... #hay  #farming #quail
[6103] eUKO7yn0D4E → 10 Breeds of Chicken That Will Lay Lots of Eggs for You
[6104] NOgmJMBC7B4 → Baling hay the old fashioned way
[6105] LoPY19drp7M → 10 Amazing Crop Circles That Have Left Authorities Stunned
[6106] Irww5EtoZl8 → SUNFLOWER BLOOMING / COTTON HARVESTER / LAVENDER FIELDS
[6107] ntzbLc5966Y → Nursery Hack to Save a Ton of $
[6108] 0qI3AwcaKdQ → The Best Drones for Farming (Agricultural Drones 2024)
[6109] I1IdDT_XFgA → Agronomy & Soil Science MCQ Series | PYQs + Concepts by Ajay Sir | AFO ADO NABARD ICAR IFFCOFCI
[6110] GUYlJYApJwk → Chinese Fish Farms ! #amazing #farming #china #farmlife  #experiment #interesting #facts
[6111] luT7p_AFY2w → RC Mahindra tractor unboxing and testing #shorts
[6112] f0p0Fria5TY → Wind Energy | Future of Renewable Energy | Full Documentary
[6113] yKj90ORbjD0 → the basics of baling and storing hay
[6114] EWWn9iwd_bs → Alabama bassist cattle legend #regenerativeagriculture #farming
[6115] p21GdlJvlSI → Andy’s Favorite Farmstead Cheeses | Schnucks
[6116] mqgWgGBgUDc → Opportunity bank offers farmers affordable equipment leasing
[6117] _XpXr2jDA-U → लोकी की खेती मचान विधि से | lauki ki kheti kaise kare in hindi #lauki_farming
[6118] iIz4L57uOws → The Farming REVOLUTION That's Saving Farmers Time and Money
[6119] CJRM3VL0kes → The best hydroponic indoor gardens in 2025 tried and tested
[6120] sWOXCPgDV3Y → Bulldozers land clearing with chain!
[6121] 0NHn9XVaO2Y → Quail (காடை) Egg Farming: A Profitable Venture 🥚🫣 © @c_wondersoffarming  #shorts
[6122] KTJUdTUr1Ts → Planting Out Tomatoes and Peppers with Easy DIY Tomato Support | No Dig Organic Gardening
[6123] nfBGZGjy6k0 → Moving Cows and dealing with angry Cows
[6124] UB2tk3a5YoQ → 6. IRRI Agronomy Challenge: Rat and Bird Control (13 January 2012)
[6125] STaCWkpstyM → Top 50 Cattle Breeds for Meat Production around the world
[6126] 1rS65pPeB_k → 🚜   Bharat ke desi Engineers ka jugaad   🤯😂📈 .. #shorts #trending #omg
[6127] BO8yuSTc3fo → Gardening for Beginners Series:  Gardening Basics for Beginners
[6128] njlA9FBF15Q → Sustainable Farming: Is That the Only Way?
[6129] c2Pb_eji1F8 → Why I Love Farming | 5 Reasons to start a farm from a farmer
[6130] _esyEEzriZk → Lubratec® Animal friendly livestock farming
[6131] UQAYjmcpx4M → How To Grow Microgreens COMPLETE Guide: Setup Soil vs Hydroponic and Without Soil plus Recipes
[6132] bQDn_dAMZ9M → IRRIGATION| IMPORTANCE OF IRRIGATION
[6133] 7palrc9wgcQ → 10.10 Acres Near Mokila & Shankarpally – Best Land Investment in Aloor Chevella!
[6134] HMGJBUp0A-o → Japan Garlic Farm and Harvest - Amazing Japan Garlic Agriculture Technology Farm
[6135] bM2yFP8pA_s → Understanding Animal Husbandry: The Art of Raising Livestock (4 Minutes)
[6136] nxPjmIL70ls → Revolutionizing Agriculture: Meet MiFood's Strawberry Picking Robot!
[6137] 9SbHzd5Ydpg → Natural Action Technologies presents Commercial Unit PVC Installation with Clayton Nolte
[6138] JPIncihB4MM → Are There Natural Alternatives to Pesticides? - The Plant Enthusiast
[6139] VYuQ8RRwN1o → Movable Greenhouse Farm
[6140] 1IJIxLvKAnc → Here is what you can plant for Autumn/Fall and how 🌱💚 #vegetables #gardening #urbangardener
[6141] dD91gxk7eDE → What is aquaculture and can it prevent overfishing?
[6142] a_81T3-QDB8 → 🌶 Farm to Table: Savory Meat Bowls with Fresh Veggies
[6143] Mtnnfs50CTQ → Preview of Northeast North Dakota-Northwest Minnesota Online Farm Auction Tomorrow 5/11/20
[6144] bttZQ-ak6ro → Fence Recommendations for Hogs/Pigs | Bekaert Fencing
[6145] mSP4yW7CPNI → Nice hay crop this year
[6146] GMh4OzAtT00 → KNOW YOUR RASPBERRIES - How to get a BUMPER crop from your homegrown raspberries
[6147] BpXStKsrc4k → I am spraying pesticide on the sapota plant #nature #farming #sapotaplant #shorts
[6148] eodkbhne1pE → What If You Could See The Entire Sugar Production Line In Action?
[6149] 2mkVHjN63Hk → How to grow a TROPICAL JUNGLE in a small garden
[6150] MmIcLoubsKw → History of NH Small Square Balers
[6151] xlCuG9Ts2nE → Growing strawberry in the plastic bag #lifeisbutadream #planting #growing #gardening #lifestyle
[6152] JpTETl4F7vc → 🚜🔧 New Agricultural Machinery Parts Unveiling! 🔧🚜
[6153] kXFszJpN4jM → Growing potatoes…again…but in a laundry basket? #shorts #gardening
[6154] J3c-Exk-iKE → Mahindra Accessories from Moe's Outdoor Equipment & Supplies (2013)
[6155] SEIl5jdxEjw → Ultimate Guide to Raising Chickens from Brooder to Coop
[6156] FHT8XQ_iTZY → Climate Smart Agriculture in action in Malawi
[6157] -M9ggrLZU-Y → New vs Used Farm Equipment: What’s Best for Your Small Farm?
[6158] D1aU7HNh4jM → How does insecticide resistance happen?
[6159] otHu6rqT6FM → Agriculture ministry lists 77 end-products withdrawn from use in the market
[6160] pIJSisZ23p4 → What was the Agricultural Revolution?
[6161] Ve1K_0WGy4c → Inside the Co-op: Grain Elevators
[6162] e7Y9R_luHpM → Long-term Rotation from Vegetable Farmers and their Innovative Cover Cropping Techniques
[6163] vLM-xstiR1g → 5 Essential Tips for a Successful Egg-Laying Season with Your Chickens #chickens
[6164] 5u3TpWW_d38 → सिर्फ 1 घंटे में = 14 क्विंटल 😱 | स्वराज थ्रेशर 2026 की फुल पावर टेस्ट!
[6165] om92xmDxW1c → The Diligent Work in a Farm:Filling Sacks with Wood Shavings
[6166] rbtLi6FDOe8 → Coconut planting method_Tiptur
[6167] iaqsmvLxFmk → @joeseels checks out John Deere's Newest Crop Sprayer - 4000 litres of water! Great Yorkshire Show
[6168] qpRiKPLGqcM → Why Was This Chicken Egg Like This? #chickenegg
[6169] UzixfGc0mPg → #13 hp power tiller tractor #agriculturalimplements #farmer #rottery #machine #bilaspurdistrict #😎
[6170] WUqSEY3CWP4 → How does the RAS (recirculating aquaculture system) work ?
[6171] AZtsOYAVWGA → How we bale 20-30% hay! @Enduraplas #agriculture #newholland #farmer #hay #bale #farming #farm
[6172] GAugrl2l0LY → Unpacking Food Trauma: A Workshop on Addressing Oppressive Structures in the United States Foodscape
[6173] iaJDw0xzaiU → COTW Herd Management | 10 Step Guide on HOW TO use HM | the Hunter Call of the Wild
[6174] c10odzuN2HQ → JOHN DEERE TRACTOR REPAIRS
[6175] yBKQx-3CleQ → What's The Difference Between Regenerative And Sustainable Agriculture? - The Geography Atlas
[6176] ARvTffzAg2M → See this Amazing Japanese peanut farming technique !?😲😲
[6177] vQ046GRN74M → Building a Farm Budget: How to Project Your Farm’s Expenses
[6178] aDRYJr3u59Q → A Surprising Way To Explore Genders through Farm Animals  #truth
[6179] boZNUW7bxnA → Garlic garlic planting spreading agricultural knowledge communication positive energy agriculture
[6180] MO3Y-Mg-tdA → Tomatoes Pruning Techniques to High Yield #satisfying @HappyFarm85
[6181] ZGEmgAVlZeE → Farm Maxx Mini Round Hay Baler #tractor #haymaking
[6182] NsPllqZ3cZE → Introducing Groundwork: AEA Agronomic Consulting Services
[6183] OkCeJh_O4cs → How American Farmers suffer from new tractors
[6184] -LQDf18oCBY → Taro Farming Techniques  #satisfying #shortsvideo
[6185] EyPNNfye5gU → Introduction to Drip Irrigation
[6186] ZDfVC_VK2SM → Advantage Feeders Cradle Hay Feeder
[6187] B8CLqb2-kIk → Modern Strawberry Farming Techniques | Strawberry Cultivation | Strawberry Farming In Greenhouse
[6188] 0XMI3OrmKHY → Flag Drippers
[6189] d2Rwa5jUxWE → New Improved Version Of Rake With Blade#tools #agriculture #farming
[6190] aifspihtPBY → Growing Onions In My Backyard! #backyardgardening #growyourownfood
[6191] f5agZ1rnlXQ → PLOWING the RICE FIELDS before it RAINS.  #sorts  #farming #sortvideo #agriculture #sortssorts
[6192] 9wBoCEtZ0KI → Hidroponik Fodder | Pakan Ternak Berkualitas Tinggi
[6193] 5clOYWsNhhk → Farmers in the Netherlands are growing more food using less resources | Pioneers for Our Planet
[6194] 7GNs5wb1Iwk → Farm Inspirational Quotes   Farming is a journey
[6195] 6Luvx14q_fU → "Irrigation System: 5 Smart Irrigation Systems Transforming Modern Farming"
[6196] GEu4Y8pG-JY → Farming Smarter TV: Cypress County Field Day 2013 - Rhizobia & Mycorrhizae - Farming Smarter
[6197] 7yDEHs5uO4o → What is the ideal machine and equiptment for pasture cropping?
[6198] 8VMCsL7hHLc → Challenges finding information in food and agriculture on the Web: what can we do better?
Error fetching metadata for video ID nOZKf69WS5g: Command '['yt-dlp', 'https://www.youtube.com/watch?v=nOZKf69WS5g', '--skip-download', '--print-json', '--cookies', 'cookies.txt']' returned non-zero exit status 1.
[6199] nOZKf69WS5g → Unknown Title
[6200] BvscrezSCug → Irrigation in Biodynamics: A Sustainable Approach || Farm Modernization || Irrigation Technology
[6201] GSmsh0tWxLE → Nigeria Direct Factory Battery Cage System Poultry Farm Business What’sApp To +234 8111199996
[6202] SNKWRB1-5pA → John Deere X9  - 1450  largest Combine Harvester  in 4K
[6203] jxXhzR4FKNQ → Bear & Son SMKW Exclusive Gulf Of America Small Locking Farmhand
[6204] 3Ij8BW9iRLE → The Importance of Irrigation: Basics Biology and Best Practices
[6205] SvVpNx2bCGo → My First Western Australia Grain Harvest
[6206] m_-OeYVHU-A → Cannabis Breeding Methods - Backcrossing with Khalifa Genetics 🌿
[6207] yaScWcvv34Y → Life Cycle of Plants | Science for Kids
[6208] M7asMR_omd0 → Job opportunities at a farm & construction equipment dealership
[6209] Sbgrzrcr9g4 → UPSSSC AGTA gta practice set; Crop physiology And Plant Breeding Most important Questions
[6210] fei52FhmEF4 → Bridgewater Farm Supply retail store ad
[6211] rx5GmLbuK-U → FAO's work on protecting saving & restoring agricultural livelihoods
[6212] YdCL9ASLK4s → 10 MOST RELIABLE AMERICAN HAY BALERS IN US HISTORY
[6213] DR_oWbpxtTM → Embrace Vermiculture:  Make Money Faster #financial #organicfarming #farming
[6214] RwWnVC-xVhM → Mayview tractor rodeo 2
[6215] 051A7zk3MAA → Investing in the long term sustainability of forest related enterprises
[6216] ye5pzN2JAoM → Let's Harvest the Sweetest Longan #satisfying @HappyFarm85
[6217] _BYTyNU73yI → Innovative Livestock Farming Techniques for the Grassroots #semanhyiafarms #animalfarming #agric
[6218] qNPT6ToPtaA → Cover Crops and their Impact on Soil Health and Crops
[6219] maYiKt1W4VU → The EASIEST Way to Harvest Green Onions with Modern Machinery!
[6220] 1kv0WOhCeCg → Fast Tracking Growing with the 12-12 Cycle!
[6221] KRPm5O67rdQ → 🐥Chick Helps Sad Egg Seller 👴 | Heartwarming Story #Shorts #ytshorts #youtubeshorts
[6222] q-iGyFtzdbQ → Jade plant growing #vastu #tips #vastushastra #garden #youtubeshorts #shorts
[6223] pWyZIeIK1nI → South Australian grain (2025)
[6224] 7MNRjLjPf-I → How to Grow Vegetables in Tunnels
[6225] P0hjMfoUpcY → Changing the Dairy Industry by Perfect Day
[6226] RVSXTpQkmmo → This is Farming -- Sustainability Practices: Land Management
[6227] tPF3fIqlY7s → Biological and Agricultural Technology Management
[6228] ZhTWSvawuEE → How Proper Fencing Improves Livestock Management | Bekaert Fencing Q&A
[6229] YOovrxVomsc → Planting a conservation tree
[6230] bpa1iiJmR3Q → 7 Farming ROBOTS to change agriculture | WATCH NOW ▶ 2 !
[6231] 18_bk-jaOnU → This will produce the most powerful soil in no time tomatoes & cucumbers will be huge
[6232] wMIUglBligI → Ecosystem services
[6233] jO0NCtXiXJI → How to plant a pineapple top?🍍🍍🍍
[6234] upH-JZEioFY → 💦 WATER LEAKS! Indoors or Outdoors ~ Hydroponics!💦 #shorts #new #gardening
[6235] lW0dRJxshvc → Monoculture - Crop Rotation +
[6236] VZgxuvLVrcU → The secret interior worlds of farm animals | Book of the Day
[6237] xZx5u8LDMvA → Everything You Need to Know: Agribusiness
[6238] K6y3J-PoBeM → Light Cycles for Growing Cannabis Fully Explained
[6239] gTZW4kQKQHU → Are there any bizarre examples of sustainable farming methods? | The Almond Dr Q&A with Aerobotics
[6240] wCpsfw2lEto → Agricultural Machinery Sales Center #farming #machinerychannel
[6241] 6xdg24wcna4 → #vlog #garden #gardening #fruit #fruits #gardenplants #mango #plantsofindia #terracegardenindia
[6242] LC35GW7WM-o → How To Turn Off Seasons! (& Crop Growth Times!) | Farming Simulator 22
[6243] DE6-8bdhEsg → FASTEST Way to Get PRISMATIC Rewards in SUMMER HARVEST EVENT! Grow a Garden Roblox
[6244] 6c-Kwe9iUvQ → I DESIGNED my own FARM MANAGEMENT SOFTWARE!
[6245] gxMc1ezoW0E → Découvrir les métiers de l'agriculture
[6246] PJ1JC6z1VdU → TOP 10 TIPS FOR YOUR TRACTOR'S 3 POINT HITCH! 👨‍🌾🚜👩‍🌾
[6247] DwA89mpzsR8 → Agestone
[6248] elM73mm7eQE → Corn Harvester Machine With Lightning Speed and Amazing Efficiency!
[6249] dMe-d6s9YEU → How Farmer Harvesting Tons of Broccoli - Modern Vegetable Farming Agriculture Technology
[6250] WbSblXEv0o0 → InsidePTI | Planting Date Study Results ‣ Corn
[6251] FCNB2zB9krg → 2016 New Labor Law and Farming
[6252] 2tGv0AvpNUM → Step by Step Guide to Start an Agricultural Produce Wholesale Business | For Beginners
[6253] u5LveFxXEdA → Seed Distribution
[6254] 8oszgo4joXo → HOW MUCH CAN IT MULCH IN A DAY?
[6255] 4111KcHNWF8 → Farm Worker Shortage
[6256] mp6yQISZ3tk → Best techniques for farming #smartfarming #gardeningtips #organicfarming
[6257] jnh1XbgWn24 → Poultry Farming Equipment
[6258] 3jvS5Lc8RXo → SORPRENDENTE! LECHE AZÚCAR CERVEZA y VINAGRE en
[6259] vHkco8hcndQ → Small tool for cultivating land #farming #automobile #apaches #amazonfinds #funny #farmwife #funny
[6260] Zdr79NAKyKc → Teaser minissérie | Carbono: a evolução da agricultura sustentável
[6261] AhyYjgNsBBE → How Does Farming Affect Climate Change? - Earth Science Answers
[6262] OUUv_YW-5Ds → This EASY Mushroom Farm Makes Money in Just 10 DAYS! 💰🍄
[6263] yW7wZX3DUaY → ATEEZ(에이티즈) - 'Answer' Official MV
[6264] Yb0E4WpZ_q8 → WJ Sexten Farmers Forum Grazing Presentation 2012
[6265] CemN0PT_Yn4 → Doing this One thing increases your Harvest by 90%
[6266] dXja5KbxG_0 → Argentine lab finds alternative to pesticides
[6267] dWFbXAiG_2g → Bounds Hay Press_ 24-Hour Operation and Automation!
[6268] OgbWNn4jbFs → "Rural Economy"
[6269] aGCrI-2D8qk → Hydroponic Rice Farming
[6270] cfsjRA18MV8 → Do Local Food Systems Reduce Pesticide Use? - Earth Science Answers
[6271] GSwPwHc4380 → Bench Terrace Farming
[6272] FVpWd0kIo4M → Day in the Life on Our Vegan Homestead
[6273] Nw_oB8vEt88 → 11 AMAZING Garden Books!
[6274] f5OeRqDXh0M → Coddisia offers- ல் 1 வாங்கினால் 3 இலவசம்📢 #BESTIE Milking machine#moderndairymachines #mdm
[6275] RuS0Kkrl7kA → 🌱Zucchini Growing Hacks for ENDLESS Harvests!
[6276] Z7gl5SpBKV4 → There are just too many potential stories to cover! #agrifuture #organicfarming #viral #farming #fyp
[6277] SAQx1-QIX7E → Managing High Density Apple Orchards | Planting New Orchards (Year 1)
[6278] 6PMv0nr834Q → Day 4 Dasmesh 912 full Box Repair Harvester combines know how to repair #harvester #service #machine
[6279] v_-xjpGjlXg → Wyoming Ranch For Sale | Sage Creek Ranch | Fort Bridger WY
[6280] KjmuBo8xoCU → COW VIDEO 🐮🐄 COWS MOOING AND GRAZING IN A FIELD | Cow Video
[6281] k-jveV7tFi0 → Como a Zootecnia está transformando a produção de leite em Rondônia | Lilian Barbosa | Rural Cast
[6282] UF_onHX-AJI → Soil and Agriculture
[6283] levh60HOm-M → FDWB - How Square Balers Work
[6284] TZFvS7x9kXU → Excavating: High Tunnel Build #13
[6285] xl7FMiUbTWw → Hustler SL360X Bale feeder feeding sheep in the pasture Dave McFadzien Southland
[6286] xGn4mLrKeZM → How to make rooting hormone #shortvideo #youtubeshorts #farming #garden
[6287] AonJkhqCRwk → How to Grow Wheat (From Seed to Harvest) 🌾
[6288] xosJKhiVef4 → Athboy Plant Hire Equipment - Tractors Diggers and Farm machinery for Hire
[6289] miTiPxEB_NE → Powerful Portable Rain Gun Sprinkler Irrigation System 😱🔫
[6290] _6HzoUcx3eo → Old MacDonald Had A Farm | Nursery Rhymes | Super Simple Songs
[6291] q89oJzCTliw → Abiotic factors affecting crop production (Documentary)
[6292] J3R3CxavRR4 → How we make whole grain mustard from foraged wild plants! #foraging #offgridliving
[6293] jU1ugrj3Tb8 → #motivation #lifequotes #johndeere #dozer #farmequipment #farmerlukesequipment
[6294] iloAQmroRK0 → What is Sustainable Agriculture? Episode 1: A Whole-Farm Approach to Sustainability
[6295] 9YjO4uTxg8E → Strawberry Harvesting and Packaging Techniques at the Farm #satisfying @HappyFarm85
[6296] TjiqP8Fvtxg → Beautiful Nature with Rural Life (P149) - Harvest fresh apples in the morning #rurallife
[6297] GND-xhcWAXE → A Very Short First Experience with a Ryobi 40v Tine Tiller
[6298] 5fHT6jKWxls → What Is The BEST Fertilizer For Your Garden? Let’s Find Out!
[6299] sVW17AHJRrc → What are the challenges of implementing Agri Tech?
[6300] H12MEwwElY8 → What Is A Conservation Easement On Farmland? - The World of Agriculture
[6301] rBdPGbEVv0s → Fierce fast cows breed unbelievably
[6302] tORfaJP2Fao → Accounting in agriculture #farming #fromhuntinggatheringtogrowingfood #agriculture
[6303] 7ifs4AIokxg → "Planting Season" by Brian Morris
[6304] SE_9uw0Av30 → Planting Calendars and Seasonal Guides
[6305] 2HmJtTmpqKk → Farm Management Considerations for Row Crop Producers
[6306] 6NsNauu18q8 → Youngest Tractor Expert Jackson Laux
[6307] 3HFToA0vtHM → How I Prune Pepper Plants #garden #gardening #plants
[6308] xN_MtSRvb70 → Unique Technique of Farming Sugarcane #farming #sugarcane #satisfying
[6309] fPd5PJKdzl8 → Is Your Soil Improving?
[6310] 7bVieW78SFQ → GMO's to reduce water use in agriculture
[6311] QRzHQiHghGM → How to care tomato farming for high yield | Tomato 🍅 farming secrets #shorts
[6312] NYzaGgG1G_0 → Joel Salatin on the Potential of Backyard Agriculture
[6313] TjYrac6WqzU → Preemptive Measures: Preparing for Rainy Seasons #farming
[6314] djVrCmV6RxE → 4GK90 Rice reaper binder
[6315] ppQHQ6h2Yeg → Agricultural Commodities Explained | Ivo Sarjanovic | Ex-Cargill Trader
[6316] IXlsggMOgKQ → Spraying Pesticides On Crops
[6317] -WJhluODkxM → When Sound Equipment goes through a Combine Harvester
[6318] IPV_tKQzQAY → Wisconsin Tribal Elder Food Box program faces unsure future | Here & Now
[6319] OC-JJFXiMck → Seeds You Can Direct Sow Before Last Frost - Cold Climate Gardening - Growing Zone 3
[6320] L5kjCNwjNLA → Next steps for Alabama Farm Center at Hallmark Farm
[6321] YYot0Xsbjl4 → LET’S PLANT VEGETABLES PART 2 Auntie Marga Vlog
[6322] FGwdpJrfTec → Economic Development Explained
[6323] _EJ-5rcpJns → 120 Days: Harvest Grapes Pineapple Sapodilla Bamboo Shoot - Animals Care || Free Bushcraft
[6324] xN3LVqoFmlI → Sustainable Agriculture
[6325] 8cctU_gZ5Zw → Sustainable Rural Livelihoods Part 1
[6326] jytTXBRNUsQ → alfa alfa khushk losan #alfaalfa #animalfood #farming #losan #lucerne
[6327] 0PWWsqWmnNc → Russia Farm Profit Boost 2025 | 2 % Leasing AI Precision Ag & Record 84 M ha Sowing Goal
[6328] Jp1o2IXGQNg → the process of hoeing and clearing weeds with a hoe #shorts
[6329] 1myDUbNafks → The Do's and Don'ts of Soybean Planting
[6330] vWtKXr-xPYc → Coimbatore’s First Luxury Farm land for sale with Resto Bar and Thai massage SPA 😍 😍🥂 | Westernghats
[6331] jUYjom3Ecig → TOP 4 Most Powerful Manufacturing And Fantastic Mass Production Process Videos
[6332] XH1sZ7dJVqo → Homesteading: Where to Start? #homesteading
[6333] KnikYictMTM → Farm Animal SOUNDS and DRAWING GAME || Easy English Activities for Kids
[6334] 3E8yHlGhEdk → What Is Precision Agriculture?
[6335] uaRMWevkldc → UNIT 1. Recording 14. What is agribusiness
[6336] OzF0p7pryV0 → Methods of soil conservation #social#class8#education#soil@Aames_Art_world
[6337] Kya_Qi5SQgc → How To Get Beautiful Blooms - Plant Care Products // Frisella Nursery
[6338] -ut_E8J2Huo → How to Grow Heirloom Tomatoes & Harvest the Seeds Fast Tutorial
[6339] pacXWrCOCC4 → Corn Planting Dates for Higher Yields
[6340] VT_hcUK8xk4 → Harvesting aeroponic cabbage & lettuce from the Tower Garden
[6341] zaVYf3UoPy8 → ECONOMIC IMPORTANCE OF LIVESTOCK FARMING IN TANZANIA
[6342] mmWgvQgT2hs → super fast weed removal techniques use simple tools #satisfying #agriculture #shorts
[6343] 55Dwt5XWl7E → Farm Life Hack that Will Be Useful to Everyone! #farming
[6344] ASJrgIwxlBY → A Day on the Farm: Peacocks Calling & Animals Feeding
[6345] RrE3Q1_u2hg → Thương’s Farm Life Reflections | Handmade Gifts Nature Walks & Cozy Family Moments | Ep. 11–15
[6346] CYE7VEzc1XE → From Snow to Soil ❄️🌱 | Planting Pansies & Thujas + Slow Spring Days🌸 pt. 1
[6347] HOvkkawxmY0 → The EASIEST Way to Grow Potatoes at Home 🥔
[6348] X3SP1Fub3bw → How to Start Your First Garden (COMPLETE GUIDE)
[6349] HFpbNU84sNw → 210000 Kita sa 1000 Sqm sa Spring Onion Farming Daig pa daw ang Kita ng OFW Farmer sa Korea
[6350] brl1ONxYh2M → Backyard Chickens and Rabbits #Husbandry #Chickens #Rabbits
[6351] U6rODjKpj0g → The Biggest Trends in Agriculture and Food Production
[6352] CEIyoQVaPXw → Life Lessons from the Land: Why Traditional Farming Can Save Your Life (And Build Real Strength)
[6353] lh9lS4XNvxc → 16 Best Herbs and Vegetables You Can Grow Indoors in Water #hydroponics
[6354] N4ii8hu0FTE → Farming Equipment Companies In Financial Trouble #farmequipment #farming #tractor
[6355] EG2X3LEkDgI → Modern  Agriculture Techniques in Greenhouse #satisfying @RomFarm
[6356] Rt087hA4Yxk → Farmers at the grassroots will soon be more enlightened on the Modern farming techniques.
[6357] MrWvG7rCKMw → Hemp : What Your Hurd Ep. 7--Native Prairie Hemp's USDA Hemp Production Research
[6358] J0hNbKaIOXY → Safely Utilizing Animal Manure and Compost on Small Produce Farms: a Montana Perspective​
[6359] _wnIWX_hss4 → Welcher MÄHROBOTER ist der Beste? (Vergleich 2025) ► Mova 1000 | eufy E15 | Mammotion Luba 2
[6360] 1b5PtnY6t6k → #Growing vegetables at home #Vegetables in pots #Growing tips #Mushroom
[6361] jnIw1n5rD8U → 604R Classic Hay Baler in Action
[6362] sgqZO4B-5DU → Kverneland RB 85 Ploughing | Precision Fieldwork at Its Best
[6363] 1jkm-au7crw → Your One-Stop Pet & Farm Supply Store in Santa Rosa | Western Farm Center
[6364] jMrE34vr0wA → 1 Acre Blueberry Yield | AgriTalk | #shorts
[6365] h9y1x7qvWu0 → You Should Join The Monette Farms Team If...
[6366] vEzHKq5c_qg → Can Community Composting Help With Food Deserts? - Survival Skills for Everyone
[6367] 9LnU_Q_g81E → AF305 Steer Ready Introduction Video - AllyNav
[6368] 39IbPc_6bWw → Evolution of Agricultural Working Dogs
[6369] qtUM18XO_sc → Feeding a Growing Population
[6370] W5urBg1MB50 → Vertical Farming and Water Conservation
[6371] Urqm7CzT0g4 → How Does Crop Rotation Prevent Soil Erosion? - Earth Science Answers
[6372] lp623KDN0-8 → ICEMGD 2023—Adoption of Climate Smart Agricultural Practices and Livelihood Vulnerability due to...
[6373] P4HuxrtWeHo → HOW TO TURN A DEAD CHICKEN INTO GARDEN COMPOST #compost #composting #homestead #homesteading
[6374] 9-zqzCQEK6g → UnderRail - Hemopsy only psi build - Part 5 - Career in TV repairs. [ DOMINATING ]
[6375] VOd2w9m85S0 → FH.1148 #cotton #variety #farming #shoartvideo
[6376] Q32V9-z1Jxw → Real Farm Animal Adventures With Tractor Ted! 🚜 Stories For Kids Who LOVE Farms
[6377] J8kn_whup38 → Growing A Bee Balm Plant + Violet Corn Plant In Grow A Garden
[6378] aAIGJUzOrvc → Hunting for Entrepreneurs Agripreneurs and I nnovators in the Agric Sector
[6379] kdxXPPSPy6g → The 2 1/2 Tractor Attachments You Need to Start Your Farm With
[6380] T_Mfxy1FhLM → Farmer’s Expert Tractor Driving Skills || Professional Control
[6381] m-oB2QFaePU → Watch Hay Turn Into Perfect Bales In Seconds! 🤯
[6382] mokCTdgBcks → What is Plant Breeding? - Selective Breeding Hybridisation and Genetic Engineering
[6383] cbDOD6Mrlto → Modern Farming: The Impact of Agricultural Technology | Corteva  Agriscience™
[6384] Lqg6ZXQlhA8 → Germany's incredible agricultural techniques that increase productivity by 100 times!
Error fetching metadata for video ID IIyW6vBxHes: Command '['yt-dlp', 'https://www.youtube.com/watch?v=IIyW6vBxHes', '--skip-download', '--print-json', '--cookies', 'cookies.txt']' returned non-zero exit status 1.
[6385] IIyW6vBxHes → Unknown Title
[6386] tlZoqwW0S8Q → Good News Bad News
[6387] gDn2j8YYh6w → 🐒 Are you an Animal Lover? | Jungle + Farm Animal Song Compilation | Pinkfong Kids Songs
[6388] 1b5LQSip9Yk → Revolutionizing Farming Game Changing Agricultural Machinery #AgriculturalMachinery#shorts #amontech
[6389] mdetGOwNnJo → Awesome machines compilation   International harvester tractor commercial
[6390] bEFjR4hsCIQ → Should You Buy A Kubota BX Tractor for Your Small Farm or Homestead?
[6391] FYQhMMf9JlA → Improving Cropland with Cattle by Michael Thompson
[6392] SnFdCG3fnt0 → Grazing For Happy Cattle and Happy Land!
[6393] _YWNKLayZfQ → mitti ka chulha beautiful Village life rural life wood stove mud stove new design chulha traditional
[6394] QgnkaC6EJ8I → Livestock Breeding Methods Informative Speech
[6395] vHSq3hxim00 → Sustainable Farming: How Thai Farmers Use Rice Straw for Bumper Chilli Crops! 🌶️😳
[6396] 95_nVc21Bmg → HONOR SYSTEM FARM STORE TOUR
[6397] S4uAjzJaZY0 → 5 Benefits of Composting for Agribusinesses
[6398] PIkL9Pp7c6A → Class-13 | PADDY | धान | PART-1 | MP RAEO RHEO SADO | Field crops #agriculture #exam #education
[6399] 9zdUXGxuOn8 → When Community Supported Agriculture Makes Sense
[6400] GtcrmEZQv90 → Class 8 Science Crop production and management - Harvesting of Crops | Agricultural Practices
[6401] kUrpnj3bH8A → FARM LABOR SHORTAGE
[6402] -Fh7rotYHwo → Beyond the rice grain.. How rice farmers are repositioning to sustainably grow rice.
[6403] yzlTPqVP0eg → JIUPO at Analitika Expo 2025 | Smart Plant Growth Chambers & Climate Control Solutions
[6404] dGWgmdboXZ0 → Conservation Talk Series | The Palouse Farm Journey: From Planting to Harvest
[6405] 6xwK0uLbn4U → Fertilizer Application Methods
[6406] tKuJAExfsso → What Are the Benefits of Vertical Farming?
[6407] N4tm0YD1vc0 → Assistive Gardening Tools | From the Ground Up
[6408] YOFOLJbSQPc → Feeding all my neighbors FARM ANIMALS! 🐴☺️🤎
[6409] T1ogWaJdfFA → 17 Most Amazing Fruit and Vegetable Harvests by Farmers - Harvesting Technology #2
[6410] i2ED2gmQCW4 → Farming Simulator 23 +30 Mods Map Velese | Map tour | Ukraine Map
[6411] wO630MSCXgY → Improve Your Garden’s Soil Health!
[6412] qlrzGg-w3Hc → Harvesting fruit: traditional farming methods
[6413] H1BTBHzvorQ → Introducing The Almond Chronicles Exploring the Journey of Almond Cultivation and Harvesting
[6414] PlOak_Rinag → The Perfect Control of Aphids The Simplest and Easiest Solution by JADAM
[6415] ziBgxehTBDI → Why the Dutch Lead the World in Agriculture Exports
[6416] ttf5dhtVE1g → Milking Robots out Swing over milking parlour in for dutch dairy farmer!
[6417] P_Y-FibV6tU → South Australia's grain harvest is at a 15 year low | ABC News
[6418] YsZg4aKpKHc → What is the best crop for each season in Stardew Valley?
[6419] BQwa_jn4244 → Learn names Wild Farm Animals in English | Lean Sounds of Wild Animals for Kids | Lily Toys ▶ 40
[6420] TAKfXOq3P_k → Agricultural and Food Science Technicians | Career Salary Education | Career Profiles
[6421] K_Na35KD89M → John Kempf: Bringing Regenerative Agriculture into the Mainstream | 9th Soil & Nutrition Conference
[6422] qRu_OgYGMUw → Grow More Give More: Raised Bed Soil Test
[6423] Z7EjkmHwgnE → Farmhand Krone Big M 450 Demo Tour 2019
[6424] npI5Z5YDs3E → Spawn Your GREAT ONE Using HERD MANAGEMENT (& Dealing with SOLOS)!!! - Call of the Wild
[6425] r-p7DeOPtgU → Basic Requirements To Start Your Own Pig Farm
[6426] ekxaCJicQRc → NFO-17 (AV10426): Midwest Farm Report: Look at Rural America
[6427] KitKAP8bP9Y → Moving hay bales around the farm | Tractors working for kids
[6428] 8pefY51CFY0 → Tractor Rodeo
[6429] 5daA4TerDlI → Distribution of Agricultural Inputs and Livelihood Projects
[6430] iD4nX54KbIw → 5 Tips for Planting Your Spring Garden | Transplating Vegetables into your Garden.
[6431] EPQhbtqLoUE → 10 Advantages of Farm Mechanization in India | Benefits of Farm Mechanization in India 2022
[6432] N7lG-Ly6iys → Earn millions through profitable and affordable vegetable cultivation | Haritham Sundaram EP 340
[6433] qHcULPpVnwQ → Coconut Tree Farming (Triangle Coconut Planting Method) #shorts
[6434] f4T0TmoxNnQ → How Agricultural Machinery Stops Global Farming Crises | Ultimate Farming Solutions
[6435] eqUP3_FkyYA → Smart Farmer Farming Vegetable With This Technique #satisfying #short
[6436] o5-k0ql0od4 → State of Food and Agriculture (SOFA) 2020 :  Overcoming Water Challenges in Agriculture
[6437] R6cdqL06d8w → Quick Tips for Fertilizing the Hydrangea in Under 2 Minutes
[6438] 9MKkBy93yqA → Strawberry Growing Masterclass: My Top Tips for Huge Harvests
[6439] FbCn7hZNT8s → Gardening Tips for Beginner
[6440] Ci-E_wGB04Y → What Is Dandruff Really? 🤔
[6441] PZnUAAidheQ → Wireless wheeled slasher mower made in China manufacturer factory
[6442] M7s6kyxm54E → The salad I make for everyone who comes over | FeelGoodFoodie
[6443] ePjOEVkvqG4 → Two Major Signs That You Need to Repot
[6444] 9eX0vBdrpxw → Secrets to a GREAT Milk Supply | 5 things you MUST do!
[6445] -2cLzWRNCH0 → Farmer-market linkages in the context of  SI systems
[6446] YQxErwDd2sg → Milking Goats with the Ultimate EZ Milker
[6447] bgLhbBcPy4U → I Built a PERFECT DIY Raingun Irrigation System
[6448] 9rLD681_bUI → Orchard Hill - Horse-powered Organic Farm Part 2 - Horse Drawn Farming Implements
[6449] ryThwgpdkFw → Beekeeping How To Start Beekeeping In 2025
[6450] T7FY8nZYEVk → Look at china's Amazing cow farming machines !
[6451] nxTzuasQLFo → How to make Compost - The Simplest Easy Method To Compost Piles!
[6452] 8egUn8jOwDQ → Vintage Farm Equipment show preserving agricultural history
[6453] ACXflnS015A → Eel Aquaculture Farming Harvesting in Pond #agriculture #eel #eelfeeding #eelfishing #shorts #viral
[6454] yjTQMf1JHMU → How Much Food Can You Grow on 1 Acre?
[6455] OMh3knCo_sQ → 3 Ways to Become a Rancher ( 2 are EASY! )
[6456] D6t6ysIXYrw → Stall fabrication for EDS Technology at the 4th Farm Machinery & Technology Expo in CII Chandigarh
[6457] zmd9x-TjIt4 → Silo machine | Silo equipment | silo line | Silo production line | Grain bin storage machine
[6458] izTJsWiE9Ug → I just can’t help it 😍#farmlife #animals #fyp Happy Father’s Day y’all! shirt details⬇️
[6459] eozVMJCYHCM → Stormwater Runoff 101
[6460] Wldgc9Ry7BA → Success Story with Susanne Vogelgsang from Agroscope (long version)
[6461] cMmq4XKBeaA → ALAT SEDERHANA || katrol air #alatunik #shotrs
[6462] 9CFp9oSB5TU → Amazing Portable Milking Machine
[6463] toen7pKmBcc → Best Farm Machinery Parts in Lancaster
[6464] jI6owXk-JRs → MNSWT Resupply Mission | Phoebe Omega Tethys | FISH!
[6465] dIZ7mm0ranQ → Kids Signs - Farm Animals
[6466] 3er8hdZjV8Y → How to Grow Thresh and Mill Your Own Wheat for Bread
[6467] 7B9V96I5Rxs → Job Talks - Agricultural Equipment Technician - Isaac Explains the Day-to-Day Diversity in His Job
[6468] 7Nd0JaHJefU → Farm Equipment Dealer Since 1907 - Wm. Nobbe & Co.
[6469] MTw-yy7F82M → You must know these farmers tools. #kisan #kishan #farmers #spokenenglish #farmer.
[6470] AjZYE_JJWQI → 5 Biggest Mistakes Made When Starting Seeds Indoors
[6471] 3DlLJm4EnuA → LAZY GARDENER’s growing indoor TRICK so far it is working!😎🌿 #hydroponics #radish #shorts
[6472] EBZRSIjaQhI → Farm phrases can have multiple meanings! #farmlife #farming #phrases #farmers
[6473] U0p90ZzpAh0 → Achieving Sustainability in Agriculture
[6474] jHQ1vkYdhdE → How many acres does Triple R Farms farm? Triple R Farms Net Worth | Location
[6475] IxdU46sw_7E → How To Start A Farm From Scratch In 2025
[6476] bSC1_qLnJB4 → Growing Tons of Vegetables in Water! Hydroponic Growing!
[6477] g_A8-a3oCsU → 3 reasons by Athanasios to study Agricultural Sciences at the University of Helsinki
[6478] 1D1xl02iMZc → 24 Lely robots - large scale robotic milking in New Zealand
[6479] aw45m9gfyBk → Travis Hair Agronomist CropOpti Services VIC shares his experience with FMC's Overwatch Herbicide
[6480] kZ2wd-3brrE → Sad Farmer 3 #farming101 #agriculture #viralshorts
[6481] ej1IFzwFipg → Dragon fruit Double Trellis method System!  #trellis  #pitaya #dragon_fruit  #dragonfruitfarming
[6482] Pd7ql0tbXEo → Passive way to gather your composting worms #wormfarm #wormbin #vermicompost #composting #compost
[6483] t0u5AXP_gFE → Putting a GutzBusta Round Bale Hay Net on a Round Bale of Hay - Quick Version
[6484] 92TYQwNwRas → What is Ground Disturbance for Agricultural Activity?
[6485] a6ESrs9abt4 → The ONLY Way To Weed Pinot Noir Grapes With A Compact Tractor
[6486] SE9pLVASkdc → Is Drip Irrigation An Effective Way To Reduce The Agricultural Water Footprint?
[6487] wVqsg2ZjZik → The Prefix Un with Detective Scott - Language Arts Word Study Grades 3 - 6
[6488] gg9HTlbU93w → Manual Therapy: Myth-Busting
[6489] cIW0w4Z-x-k → Landscape Changed: Southern Oregon's Agricultural Heritage | Rick Hilton
[6490] uZk8j1Lhi6I → Indigenous-led Permaculture Brings Resilience And Food Sovereignty to Pine Ridge Reservation
[6491] 5Y55VWaFVpc → Agriculture - Land Management
[6492] iniusaKjeLk → I can not say enough about the help they have given me to be a SUCCESSFUL FARMER #dripirrigation
[6493] xMOYQZgVamY → How Farmers Harvest Lemons: Modern Techniques in the Processing Factory! | Farming Documentary
[6494] vZVZCmf4p0w → The Hidden Dangers of Pesticides and GMOs Explained!
[6495] P7tPHnrHOTQ → Equipment that is Rental Tough
[6496] cvfZKt1TiIk → AI Revolutionizes Agriculture: Efficiency & Sustainability
[6497] tkFPyue5X3Q → How Does A Seed Become A Plant? | Backyard Science | SciShow Kids
[6498] SL6c_mwbr4A → Agroforestry: A Sustainable Tropical Island Land Use System- Summary and Closing
[6499] PASFjHSXwas → "Unleash Power & Precision! 🚜 Sanman Rotavators by Sanman Agri in Action!"💯💪#shorts #rotavator
[6500] EN3eCE26Zx0 → How to grow big healthy Brussels sprouts  🌱
[6501] WGoRkXFrXWI → University of Sheffield UK Plant Growth Chambers & Controlled Environment Facility
[6502] DwLpI113lR0 → How to Automatically Fertilize Your Garden with EZ-Flo Hose Bib Fertilizer Injector
[6503] DMhblIt1Cy8 → Antique farm equipment overview
[6504] EpA7VxIzUY8 → The Benefits of Spring Planting
[6505] wUuSDzileik → The Garden Gurus - Cultivating Your Soil
[6506] 66aEYAKqZtI → Episode 2: “Turning Soil & Feeding Calves | Ray County Realism”
[6507] AH8edvSyMVg → I Visited South Africa’s Fruit Capital!! My Discovery Will Leave You Shocked!!
[6508] ov_gkBaNPzg → Smart teamwork for fast grain loading
[6509] sX7qkS6Vtjs → #1 Secret to Successful Farming/Ranching Operation
[6510] ZqLb87Oe-2o → Types of Agricultural Careers - Science and Technology
[6511] -jFPVG67DEo → yummy and succulent vegetables
[6512] sSuq4YS0Z5Q → I buried my pumpkin to make it grow faster
[6513] jm6TDYtzP60 → Ag equipment auction | March 16 2016 | Purple Wave
[6514] zH9rNn_a-yw → dairy farm tools
[6515] a4w8_M5uHag → Starting Sweet Corn seeds indoors
[6516] SPlWne2YH1Y → How to reduce garden pest without pesticides
[6517] HqPNH_sXh1Q → Tips for Growing Better Tomatoes! #texasgarden #gardening #tomato #tomatoplant
[6518] DIwCunD5PCc → Why Your Old Rice Harvesting Technique is Wasting Your Time
[6519] wsNLMs6nVPA → Fruit and Vegetable Marketing - 4 Tips for Direct Selling
[6520] oN2TcYMwi0Y → Ep:278 ROB RANT: PLANT-BASED AGRICULTURE IS KILLING OUR PLANET
[6521] N2szaOFyiOk → AgDay: Slower Sales for Farm Equipment & New Precision Technology
[6522] dszhUTo1QLQ → New planting skills to harvest more mangoes #satisfying #farming #gardening
[6523] 0pDpRgd3cgQ → How Does Climate Change Affect Biodiversity In Agriculture? - The World of Agriculture
[6524] LAPhYlY63sQ → लोकी की खेती केसे शुरू करे? लोकी की खेती की पूरी जानकारी |Loki Farming: Everything You Need to Know
[6525] imO6T3QX6Kc → What are crop rotations and why do they matter?
[6526] R6yT5Ivnetc → Alternative farming methods help combat drought conditions
[6527] RjVWLKJVCys → This or That: Norden MFG Bale Accumulator
[6528] h3HpfDzzz_k → Irrigation check list plan
[6529] 0H8c3GJEiVA → Interseeding Vegetables
[6530] X5_oNESLNlw → The Fascinating Solution To Sustainable Agriculture! Agricultural Revolution | Amazing Earth
[6531] wmH8tuxemtE → Innovation in Agriculture Land Management Award Finalists
[6532] q5kUDxvdCbI → Benefits of Diverse Crop Rotations
[6533] 6fCB6eTiuwI → Interesting Tools #satisfying #shortsvideo
[6534] 0B2ADJcIGBw → Haying Equipment....
[6535] QW7YZVSz-VY → How to choose the right tractor for you! Buying right the first time! Save $$
[6536] OjZZbzpCacE → The Future of Smart Agriculture
[6537] TxTmqM1FIhU → #Tractor #Farming #FarmLife #Agriculture  #NewHolland #Kubota #CaseIH #Fendt #Claas #FarmersWorld
[6538] xzqskr_r_9g → Raw Travel Short Cut - Living on The Summertown Farm
[6539] YbqblpJ90L4 → Perennial Grains Webinar
[6540] -b3hJqEBw38 → Smart Farmer Farming Vegetable With This Technique #satisfying #short
[6541] GjD8URaGe88 → Small Scale Farmers Cool the Planet (full video)
[6542] aXsDfO6W8_k → #Tractor #Farming #FarmLife #Agriculture  #NewHolland #Kubota #CaseIH #Fendt #Claas #FarmersWorld
[6543] uPPn7h3K6gw → China's sugarcane farming strategy 😳
[6544] U7le81fcXbE → Farm Management Secrets
[6545] R_sbmONp-JA → Shabeer Ahmad from Hadipora Rafiabad regarding Agriculture Activities
[6546] sXbcNlX3kTQ → How to milk a cow
[6547] -DTafb53uf4 → Manual Hay Baler in Kenya 0700007552 #Manualhaybalerinkenya
[6548] koHEvJL1OKI → 1 Year of Growing Food - A whole season of vegetable gardening
[6549] ML2Lrx90gr8 → Modern Wheel Hoe – A Practical Solution for Soil Cultivation
[6550] vt1DXyNaqFk → 🌽 Secrets to Fertilizing and Weeding Corn for Lush Big Ears
[6551] gyziv-oth64 → 40HP Powerful High Chassis Crawler Tractor Cultivator for Paddy Fields #rotarytiller #tractor #farm
[6552] EC7RoVi8Jyc → 3 Keys to Syntropic Agriculture
[6553] LicWt9gbcXo → Tutorial on Agroforestry #3: Mycorrhizae - Fungi enhancing plant health and vitality
[6554] fiozWjxAyVM → Over 60 varieties of mixed flower seeds heat and cold resistant bloom all year round.
[6555] DjPUrPl12A4 → Farm Scale Permaculture: Techniques Practices and Philosophies for Permanent Agricultural Systems
[6556] UmeyZ7QUIyo → 17 new products from 2020 National Farm Machinery Show and World Ag Expo
[6557] l0JHLO80B4E → Calibrating a Solid Manure Spreader
[6558] xc9fdk2q6d4 → Developing a paddock grazing system - John O'Connell
[6559] O7rJk9bKZpA → Grow More Give More: Building a Raised Bed
[6560] MqSgN5NvORE → Aranyavas farmstay Jaipur #farmstay & #natureretreat #incredibleindia #naturelovers #agritourism
[6561] 96gpE_E52lU → Short-Term Operating Plans | Farm Management Minute
[6562] lXYvNTFGLk4 → smart irrigation systems for sustainable water use
[6563] VOC2p7y_fJ8 → Easiest Garden Irrigation System
[6564] 02NZpuitWUg → Natural organic fertilizer for any plants #shorts #naturalfartilizer #plants
[6565] 13bXiKufl1E → Brown spots on leaves? No problem!!
[6566] WxeCFS-hNJ0 → #naturelovers #viral #grow  #Strawberries #plums #rasberrry #backyard #gardening #fruit #shorts
[6567] _MvoOTFbodM → ANIMAL HUSBANDRY | Function of Agriculture | Farm Management Practice - Environmental Science
[6568] bCX2hix2I4M → Sistemas Agroforestales  Definiciones Claves
[6569] PnWqaCHuwxw → The Fertigation Manager CCS -  Rochester Farms - Medical Marijuana
[6570] Sf3yPct1eOM → Various Techniques and Methods Explored To Enhance Productivity in Agriculture
[6571] rU4Yd6EMKd8 → Hay Press #history #farming
[6572] vuHWSk0aoPE → See How Agritourism is Transforming Local Farms and Boosting Entrepreneurship!
[6573] PirEfB13c4E → N3 Harvesting
[6574] QwHPal9GJF4 → How To Propagate a Sansevieria “Snake Plant”
[6575] ByHTJpZzh9A → Paradise🌱
.
.
.
.
.
.
.
#farming #seeding #farm #agriculture #agro #farmer #johndeere #plantin
[6576] TrzzO3FgwOk → Aquaponics Systems & Kits
[6577] U30WGtDesfo → Kubota hay balers
[6578] YQaJYtdn610 → TRACTOR RESCUE THE DJ CAR 😱 gaming videos #Basugamingmind3.0
[6579] woguj6wzOVk → How Milk is Made
[6580] MgDcCJ_5hpU → Industrial Agriculture: Environmental Impacts and Implications for Our Health | Dr. Megan O'Rourke
[6581] oRgBZ5qckwY → Farm life AG Hay philosophy ￼
[6582] od0eGZDA7Zo → SFI pilot: learning from the North Devon Pioneer land management plan
[6583] iTQsVHup52g → Minapappu Secrets You Didn’t Know | Clean Farming & Taste #mrittikafresh #minapappu #proteinsources
[6584] Y_6tT0xXuZ4 → U.S. Farming Drops Canada Rakes in Billions — Trump’s Televised Response Grabs National Spotlight
[6585] ja1kAUb9qpo → Advanced Irrigation Scheduling for Agriculture
[6586] oDh3SO-10AQ → 1995 John Deere 535 round baler for sale | sold at auction March 25 2015
[6587] 0_2xknE3h10 → AGRICULTURAL TECHNOLOGY TRENDS FOR 2023
[6588] A0bprR7yin0 → Beneficial Insects in Agriculture
[6589] hgJTuwGAbag → Solar power irrigation working model #diy #irrigation #shorts NakulSahuArt
[6590] LmrRKr9I80U → htc # 001 [ How To Comment ] - It's Okay To Be Smart - Defusing the Population Bomb
[6591] UGjAoEfTSSQ → 5 Sustainable Farming Practices To Boost Your Crop Yield | NOBLE CROP SCIENCE
[6592] 3Ss8SeGcZSQ → 3 tips for planting large pots #greenthumb #planthack #pottedplants #plantlover  #planttherapy
[6593] vhZnBlADAjo → Never Graze Sorghum Sudangrass that Looks Like This #covercrop  #soilhealth #sorghumsudangrass
[6594] vFv135DUIW8 → Heu Ernte 2020 LU Uwe Wulf Schwaden und Pressen (Fendt Claas Krone Mchale [Yuneec])Landwirtschaft
[6595] V_DDh4aXmdI → GROW YOUR OWN | Maximizing Your Harvest | Understanding the Benefits of Crop Rotation
[6596] WtH7hNKyOD8 → I Want To Be A Farmer - Kids Dream Job - Can You Imagine That?
[6597] LvFJm_N6uB8 → Fertilizer types & application methods
[6598] U5cOUebj4-w → How Farmers Raise Young Sheep Effectively - Wool Factory
[6599] S5EH2SuWs7o → أنظمة الري الحديثة من الماس - Elmas Irrigation Systems
[6600] Avt1R62hCA8 → Optimizing Agricultural Practices: Balancing Manure Use and Minimizing Compaction
[6601] h3f1daARBPY → spray hose best lawn sprinklers irrigation control #shorts #tools #flower #landscape #green #field
[6602] WyJfjPjhrH4 → Festivals: Heartbeat of Ancient Societies
[6603] IYEyC0lAKFk → Humpty Dumpty Sat on a Farm | Fun Farm Song for Kids | Animal Sounds & Nursery Rhymes
[6604] zk3O_PF0408 → Winter bale grazing set up & horses frolic into their new paddock
[6605] M79urWuh9d0 → Agricultural Economics
[6606] 0wflNdDDbSc → COMPARING 3 POINT QUICK HITCHES! 2020 VERSION 😎👨‍🌾🚜👩‍🌾
[6607] NjPtTlPZIRs → remotemulti-purpose equipment carrier for sale online with best price #rcmower #lawnmowerrobot
[6608] DdsHhc48v5A → How Technology is Helping Small Farmers Achieve Higher Yields
[6609] kgVAQci-Zis → Caviar Cruelty
[6610] zdzcQ-2UXeM → How Korean Farmers Harvest Green Onions | Green Onion Farming Techniques | Farming Documentary
[6611] 3zNij-aGpVw → Remove weeds using these effective methods | Gardening 101 | Gardening Australia
[6612] du2I7YeSZlQ → Petrol Chain Cultivator 4 Stroke + 4 Attachments RAPL MC 170FG
[6613] 1JkWGgGYPxQ → Bale picking machine. pick up bales fast and easily.
[6614] DNPJA2hxIKE → The 5 Most Reliable American Tractors of the 60s
[6615] NhIZSQqPtfQ → how much hay will my Dexter eat and how to feed it efficiently
[6616] FY8ONJsLiQs → 😭 all my efforts are in vain 💯#meaning #shorts #farmlife
[6617] qzjz2pxX5EU → Agrotourism in Agri | Sustainable tourism | Natural resources via Agro tourism | FarmLife Uncovered
[6618] fUCB5GzzI5o → We are Growing MORE FOOD in Cheap Easy Rent Friendly GARDEN BEDS | VLOG
[6619] FNKvg9zuNRs → Solar Lights Demonstration | BigHaat
[6620] UK8eY9ku8cs → agricultural machinery is operating to harvest wheat compactly #shorts
[6621] oDobD2Zgw0E → Thomas Jury discusses crop rotation for corn and soybean farmers.
[6622] Y75-OpJmBWU → CROPS FOR GARDENING ||GARDENING PRACTICES|| AGRICULTURE AND NUTRITION || GRADE 4
[6623] UX5HgmIqxaI → Half Moons: The Simple Solution to Desert Food Security
[6624] LIsPequ2nXo → Promoting Climate Smart Agricultural Initiatives in Cambodia
[6625] eNeR0Q85iJk → Rent A Garden #CommunityGardens #Arvada
[6626] NG1AG96_HMc → Amish Potato Preservation Hack Will Blow Your Mind!  #shorts
[6627] hftMbH5LyKU → Agri Drone Sprayer: The Future of Modern Farming
[6628] __YYU0KfNuo → ✨ 𝐀𝐠𝐫𝐢𝐜𝐮𝐥𝐭𝐮𝐫𝐚𝐥 𝐏𝐫𝐨𝐝𝐮𝐜𝐭𝐬 ✨ ✨✨
[6629] oPAX0a2S1e0 → Small Farm: 5 Eggs Every Day 500kg of Honey Per Year Vegetables
[6630] 8IUO_I9xuL4 → Easy Business To Start
[6631] V6FVOh_6Ctw → Call to action for the environment - General Election 2019
[6632] UMXAMyK8yfs → How to Fix a Diesel Fuel Tank (Cheap & Easy) #minivlog #unstoppablebalak #shorts
[6633] By9_TXbcCZk → A Bale Length Consistency Solution
[6634] ThEB5kSNQr4 → Harvesting 90kg of spring honey - this is where honey comes from!
[6635] 6TGJXv8rj3k → Tips for Growing Peppers | From the Ground Up
[6636] dOQ626z7E8I → How To Grow A Wheat Crop?
[6637] OKXHxDtEw3U → #AgTech16 - Farm Operations Management Systems
[6638] dCGmldoob8M → Data-driven pasture management
[6639] UVL8NXigTkI → Prickly Pineapples: from farm to fork
[6640] _csyW_uFV4A → My Small Layer Poultry Business || Egg Machine || Agri-Farm
[6641] zrQ-3nnQIxk → Modern aquaculture techniques watch till the end 😱😱😱😱😱
[6642] KgygJJCvT1E → Cors van den Brink - Harmonizing Agriculture and Vulnerable Drinking Water Abstractions
[6643] G1NQYZlmX_Y → Must Watch Sustainable Agriculture and Homesteading Documentaries
[6644] ZFwVCbMYh-s → Farming Simulator 25 Judith Plains Montana Ep 6
[6645] x9EINniuea0 → Corn Planting Season 2023 ll John Deere + Case IH + New Holland Biggest Tractors #johndeere #viral
[6646] DdroBbSxl_4 → tokin daily: why some buds smell like hay; curing the bud properly
[6647] D7ke3Zr_WbQ → Andy’s Favorite Farmstead Cheeses | Schnucks Official Teaser
[6648] inHRltqNWtk → Pond Building
[6649] w-YH9xW7txM → Wheat Harvest near Altus Oklahoma | Frederick Harvesting
[6650] CmAHeJvkzn0 → Goat delivery time #youtubeshorts #shorts #viral #youtubeshorts #goats
[6651] ggBdH1aBcvg → Installing a Solar Energy System at Home
[6652] 0pUIqq2ba6M → Viking Farming Practices #vikings #shorts
[6653] UfrgMxf2Dvo → Motivational Agriculture Mechanical Harvesting Equipment #agriculture #quotes #motivationalvideo
[6654] Hj6KBI2nNeY → Massive Wheat Harvest: 7 Combines at Work
[6655] Bu9Gd-XEDfY → Automatic animal slaughtering machine by halal method in muslim country
[6656] 3uc1jCZ7pxA → Monica Varela VP of Lands for Life
[6657] uWlsYs2UsY0 → Vertical Farming: Concept Techniques & Advantages
[6658] bPi-e2yHQlw → Kubota BV4160E 1000 Bale Review
[6659] WCD6iOQuetw → Learn the Basics of Fertilizer
[6660] CsF5Reg8vmQ → A Minecraft Skyblock MOVIE 1 | PvPWars
[6661] 4b9IBKWMMiI → Plant Breeding Techniques
[6662] NAIkDnfqjEg → The Power of Diversity (Tighty Whities Experiment) 1/3
[6663] 9XTeU1S1S_8 → Rural life puppy funny boo absurd video
[6664] N9ksKIUItok → What's The Worst Thing Helicopter Parents Can Do? 🚁🚁
[6665] 07a348wTVaQ → Amazing technique to prevent soil erosion 🥵😵
[6666] jMZ6aYXgVnM → Channels for Distribution of Agricultural Produce - JSS2 Agric
[6667] vYtTyytcvNw → Strawberries take 90 days to grow #plants #strawberries #farming #agrifuture #nature #organicfarming
[6668] zfgcU3iEMWY → Get an Inside Look at my iDOO Hydroponic Indoor Garden System! Full Detailed Review!
[6669] eSHO8kHOAR8 → Harbor Freight Greenhouse & Hydroponics Overview
[6670] me1lNYdL7Ik → Amish Farm Equipment Sharing // Disking the Garden with a Single Belgian Horse
[6671] zaGAn8UioXE → Introduction to eAgronom Farm Management Software System
[6672] VFkqrrRYK0A → Livestock and enteric methane
[6673] -df9iycJBXw → Highlights: Fundamentals of Farm Management and Machine Maintenance and Operation Training
[6674] 89ogPIuIIRM → 16 Rural Settlements
[6675] RrFX1chJETM → 🌿Grow Guava Tree FAST with These Pro Tips #guava #fruittree #gardening
[6676] yEg0EX2g57E → Why Rural America is Struggling Economically
[6677] YlH_uORyxHg → Manual Taro Digger – Harvest Root Crops Faster by Hand!
[6678] 3gkNRZ0J2dg → Maize farming
[6679] eamCawll6H4 → 7 High Profit Crops That Can Make You a Millionaire
[6680] MVZzYhjb-lA → Small-Scale Irrigation Innovation Lab
[6681] 9Pg9adwK0-c → Farmers nursery growers divided on proposed agricultural reserve land swap
[6682] wVk3_KtRpzE → Lockdown Inspiring Story from Indian Mythology [Farmer Indra and Shiva]
[6683] uWWVNq5GHp4 → Are you buying the right Coffee Beans? (Beginner's Guide to Coffee)
[6684] EZ5tU45Ti_g → Plant Growth: Auxins and Gibberellins | Plants | Biology | FuseSchool
[6685] K7U66-xZDBM → Animal Freeze Dance 2 - The Kiboomers Movement Songs for Preschoolers - Brain Breaks
[6686] nZ2v_S94tcM → Puhu Electric Fence Systems For Your Animals Garden and Farm - MELASTY
[6687] Uf7amDTSKt0 → Advantage Feeders Tray Hay Feeder
[6688] 0FpTjBrBVDk → coleus plant cutting propagation  #plants #shorts #garden #gardening #shortsfeed #trending #vairal
[6689] IhFvUhh4XUg → Cage Free vs. Pasture Raised Eggs
[6690] GSAHov2oNTw → AGRICULTURAL TECHNOLOGY: Drones application is now here
[6691] aUeI7llvvCY → Planting seeds in soil blocks--how well do they hold together?
[6692] EHPfvVcCa90 → Tips from High Yield Soybean Farmers #986  (Air Date 2-26-17)
[6693] 1e6-R6Vvtog → 7 Profitable Business Ideas Utilizing Agricultural Waste
[6694] SXYtBT4YCCU → @AussyCC; Microbes in Agriculture 'University Course Lectures' +. My Research. We Discuss the Slides
[6695] GSiAHRt-CxE → Productive Primary Tillage | The John Deere CC Series Coulter Chisels
[6696] l38H5H7pAVs → Countryman Peony Farm [SIV537]
[6697] RyGx6EMVRFs → Farm Basics #835 - Corn Planting Depth (Air Date 4/6/14)
[6698] ODMPShYPdSM → Understanding the Biodynamic Planting Calendar - Tips and Know-How for April 2021
[6699] UbYJIEJ_bEU → Country Farm Supplies - Stockman Water Trough
[6700] lNM5dZlnlmA → Farrel farms (#3/3) Christmas tree farm visit  Nordmann are their favorites
[6701] xT1x2zzJl44 → 2022 Fruit School - Budgeting for Strawberry Production
[6702] 5m3FbmyELos → Teamwork and tractor power: hay bale harvest efficiency
[6703] 7BRD9IVFu_o → Get a Quick Tour of the Must-See Hot Spots at PACK EXPO International 2022
[6704] XHls2HEFudw → Shocking Truth Behind Small Farm Failures: The Top 5 Reasons (Don't Miss Out!)
[6705] FL64-eN2r0U → Growing Edamame from Seed to Plate | Backyard Soybeans
[6706] KwFfqlXAmIU → Accessing Climate Smart-Agricultural inputs with Omia Agribusiness USSD Code and Mobile App
[6707] QyBO6P52HIc → Harvest Time Adventure | Kids Song
[6708] 6DZ4h3-AAwk → Mango pruning techniques
[6709] ZsLr6XaOQag → Triple Threat AG: Ultimate Fertilizer Spreader & Application Guide
[6710] ixeUTB-epkQ → Rent Farm Machinery Instead of Owning
[6711] In4BVJUn89I → Local Farm Equipment Rental Reviews
[6712] woRHTsbd6JQ → Corteva Agriscience WIN Farmers Panel
[6713] duZgc-TgtAc → 🏡 City Garden – Block D Launching Soon!- stay tuned if you are willing to invest.
[6714] LHirFXrlH7Q → Tiny Balcony Big Harvest - My Personal Guide to Growing Vegetables in Small Spaces
[6715] uSCBZMbWNIg → Seeds to Sow in Winter: Outdoor Planting Tips for a Productive Spring Garden
[6716] CrZ18IhAftI → Adding Value with Distributor Agronomy: Advice on Integrated Pest Management
[6717] KtkSTLFu0yc → Farming System & Sustainable Agriculture Guess Paper  | Bsc Agriculture 4th Semester | guess paper
[6718] 2NAZkKoZLpo → Grow Your Own Medicine - Growing Medicinal Plants in Your Backyard
[6719] 8DrFh6RadCc → Ramsay Agriculture - Cropping Operations Manager
[6720] JI37Zf4Ssw8 → The Organic Certification Process #organicfarming
[6721] wknw1Kmffk4 → 🔥360° Rotation Auto Irrigation System Sprinkler Patio.🍀keep your Crops fresh and vibrant!
[6722] S3Nc4nThpGU → see the most amazing Japanese farming techniques #shortvideo #shorts #viralvideo
[6723] 8gVmnM91atM → I Trained With The US ARMY For 100 Hours!
[6724] LeUdQPWLgI0 → Hand Tractor 🚜✨ #handtractor #tractor #agriculture #farm
[6725] eEuTFv-4gCA → High Tunnels: What to Plant
[6726] jSNVKGpAg4o → John Deere T5 700 - Maschinenvorstellung | Cloos & Kraus 2025
[6727] ZCbYfuTyMhU → Picking up square bales is more fun with the Lackendee by ECS hay bale accumulator grapple.
[6728] PpBXw5PJ2xY → DISASTER AT FIRST TIME FARMING | FARMING SIMULATOR 22
[6729] F1-WUXJbZlw → 🐄 Farm Ambience - Nature & Farm Sounds for Relaxing and Deep Focus
[6730] 0OB2q2GR77M → A&E REVIEWER ON LS 2 - PROCEDURES IN CROP ROTATION
[6731] r0Ji6a1arbc → New Faster Way to Search Farm Equipment For Sale at www.Machinerypete.com
[6732] UTGedfNuU48 → POT... M.Grow seasonal vegetables in r kitchen garden ----Lobia Beans Gwara Beans Okra(bhindi)
[6733] KxO6oYnV5PM → Grow Cannabis Day 1-120🍃⛽️Easy Seed to Harvest
[6734] y0md8kdFgx0 → ODS 2 – FOME ZERO E AGRICULTURA SUSTENTÁVEL #ODS2 #AGENDA2030
[6735] AcIwnRsoRXI → Mechanical apple harvesting with FELIX
[6736] BfgwC6xCAOc → The new collection-type potato harvester with a supporting power of more than 70 horsepower.
[6737] -mQmUJyMHlY → Old Time Threshing
[6738] Jrz8HmL4_Hg → A Poultry Farmer’s Guide to FSA Loans
[6739] V-yivyJ6HSc → Did We Just Destroy Our Grain Bin?!
[6740] 8Cda6QTnfbY → What is Smart Agriculture? Understanding the smart farming | IoTDunia #smartagriculture #smartfarm
[6741] aGTIdZTQ26Q → 6 Horse Farm Tools You NEED To Have!
[6742] Vu6b3lM8xmY → Homesteading vs Farming. #shorts #farmtraveler #homestead
[6743] AH-NA77Mq38 → 5 Tips to Grow Money Plant in Water | Tips & Tricks 25 @DIYBuddy #moneyplant #moneyplantcare #home
[6744] -V7Vjjaeohc → Unveiling the Impact of the Green Revolution #GreenRevolution #Farming #Agriculture #Technology
[6745] AB-dfi_0TsQ → A Pumpkin 🎃 Grows  | STEM for Kids
[6746] WN0zKSEKZSM → Challenging Terrain? Here's How You Farm Like A Pro On Slopes!
[6747] zN0ewz7m3cM → Machinery: how to service your tractor
[6748] kxTJgKzBqjk → How does a Pistol works | Colt 1911
[6749] XQVRlwXnS5k → What is Regenerative Organic Certified™? | An Explanation
[6750] mvoQQsUeaKs → Crop Rotation And Zero Till
[6751] E0NhZ9_iypQ → Small Scale Farming Techniques
[6752] sy78vtz8RkY → Best ALL IN ONE Agriculture Drone | Pesticide Sprayer Fertilizer Spreader & Seed Sowing Drone
[6753] UOnbxiywzZU → The Evolution of Agriculture in 60 seconds #agriculture
[6754] VnnmlLB6DtM → TOP 10 HIDDEN GEMS IN YOUR TRACTOR MANUAL! 👨‍🌾🚜👩‍🌾
[6755] XExgJgXhPKU → 15 Easy Ways to Grow Veggies And Fruits  Useful Gardening Tips by 5 Minute Recipes!# 155
[6756] Ze4SxeHwFr4 → ANDRITZ Feed & Biofuel Technologies - Straw pelleting
[6757] 1s_lRsRYgok → Implementing Sustainable Agriculture Practices with Sally Fliss
[6758] 4vXJ5EG0Pl4 → 26 Charming Farmhouse Kitchen Decor Ideas
[6759] zN1dArenRig → Driediger Farms Market Fresh Berries
[6760] czLxPUFOmhw → How Does Our Animal Breeding Programme Work? | ABP Demonstration Farm
[6761] p81EeuGFzho → Massive Farm Equipment Online Auction - Tractors Planter and More | Orbitbid.com
[6762] LG79i_0M5-E → "🔥 Khett Mein Watt Dali: جزیره پنجاب کی کاشتکاری کی حیران کن کہانی! 🌾|
[6763] iba9F1Cz3Gw → Why Graze This Cover Crop With Pigs Instead of Cows?
[6764] y74LyyUmRV8 → Can You Really Grow This Much With a Budget Setup?
[6765] ZF2s1WkkZOQ → Planting crops: traditional farming methods
[6766] WU5SB4476wM → Buried sprinkler irrigation system display
[6767] MGU6lDyTAf0 → Destiny 2 Guide "The Farm Easter Egg Guide" Destiny 2 Easter Eggs
[6768] J4-8pn6JNbs → Milking Machine (detailed)
[6769] UBC34l4ddxg → Ingenious fertilizer application: a simple and effective method
[6770] -xY_BIxz7RU → how to make homemade drip irrigation system with big bottles #dripirrigation #irrigationmethod
[6771] bcnAlURV_nw → Renewable Agriculture: The Future of Sustainable Farming
[6772] PoA305dIWYU → Stone Age | Prehistoric age | Paleolithic | Mesolithic | Neolithic | Stone Age Humans
[6773] Ea1Gt4Ak9HM → Golden Valley Farm Supply Store Promo
[6774] ny2tyrubF0s → The importance of crop rotation
[6775] 7INpBeWgasU → how to price farm products for small farms and homesteads
[6776] zG0tNSj5B_4 → Top 10 Free Vegetable Gardening Hacks
[6777] bglKP_SmTrw → 4 Modern Farmhouse Kitchen Designs / Interior Design Ideas
[6778] hYDlaX-s5gU → Authentic Chinese Village Girl Cooking: Traditional Culinary Delights
[6779] 57QZbsnBB-o → From technology transfer (TT) to agricultural innovation systems (AIS)
[6780] pVin_Q_w51I → #mower #grass #work #homestead #farming #pmfarmvent
[6781] bGXPDkQjUlo → Can they change it to John Deere Yellow?? #skidsteer #johndeere #equipmentrental #excavator #diesel
[6782] HmRT2sLg-gM → Lot 823 - New Holland Haybine 495 PTO Swather
[6783] YEjEH58qwqs → How to Grow Onions from Seed and From Transplants... In Fall.
[6784] 5KaDbLShc28 → Building A Rotational Grazing Paddock | Raising Cattle 101 | Small Farm
[6785] 0Z8Ub_J2tcE → Hydroseeding brings new life to barren land! 😮👏  -  🎥 liquidgreenhydroseed
[6786] yXmW5GPNHhA → 7 Canned Foods Every Prepper Should Stockpile in Their Survival Pantry
[6787] WuT4bhgPBWA → Real Farming life_part 5 | Preparing the land for rice planting | زندگی کشاورزی در روستا پارت ۵
[6788] q3P9OFbju_4 → Why Vertical Farming is #1 Business! #trending
[6789] G5cepECvDuQ → Dons Farm Fresh Produce
[6790] 9Mkl-2GVVWo → A Community Leaders Call to Action: The North Dakota Farmer's Market Opportunity
[6791] vOBA-DHE3vA → Rock over Mulch any day #gardening #plant #diy #Lawncare  #landscaping
[6792] zjUiS5iKy6U → It Says “Ford” not “Raptor” #shorts
[6793] ten1FwzXcb0 → #shorts#tips to home garden vegetable:why are leaves and fruits are wilting?#trending#shortvideo
[6794] MOPRTV7Hn4I → Selective Plant Breeding
[6795] 2_romSrJgnU → rural agriculture: techniques for making irrigation using simple tools #shorts #farming #agriculture
[6796] TRfxae99JoE → FARMER REHAB PROJECT |PAST MONSOON FLOOD 2022|
[6797] Hp3E_gp_KfA → 10 Secrets Garden Center Employees Want You to Know
[6798] 2dXUxMqxL0w → 7 DIFFERENT TYPES OF IRRIGATION SYSTEM - SPRINKLER | DRIP | CENTRE PIVOT | FURROW | SUB-SURFACE
[6799] xnUZKWLh5XM → PLOWING A FIELD WITH A SMALL TRACTOR. DID IT WORK? 🤔🚜
[6800] E-juRjYSpZY → Machinery or Farmers: Who Really Controls the Agricultural Industry?
[6801] txmGMePY9OU → Seed Starting Indoors Under Grow Lights 101
[6802] p2QevP9YD8w → Inside the CattleCon 25 Grazing Management Tour
[6803] 3gLpcM-RH1Q → Campground Wagon Rides - Rondout Valley Campground Hay Ride
[6804] wwjv4jurRwo → David Koon: Crop Rotation
[6805] H_MLi1e3Zq4 → Tips for using electric netting #farming #farmlife #electricfence #ranchlife
[6806] 9p8JpdcAG1Q → Raising Chickens For Eggs | Backyard Chicken Coop
[6807] D2UlyyxybyA → My New Remote Control Farming Tractor Unboxing And Testing Video || #shorts
[6808] LopgV6UQTbw → Tips on how to Properly Store Your Hay
[6809] uPzjkP_5Xi0 → The Secrets to Gardening in PURE SAND!
[6810] S2q31Iycm98 → 8 Row Corn Planter for Maize Seeds Sowing: Tractor Driven Maize Planting Machine Manufacturer
[6811] PPpgEkX9x1s → Massey-Ferguson 2615 tractor for sale | sold at auction November 19 2014
[6812] kyKNrjMjmIU → Corn School: Planting Depth Lessons
[6813] FBZCZ5IUgAM → How to grow mint at home🏠 #grow mint at home🪴#tips #shorts #ytshorts
[6814] N2I3revp5ds → Unlock the Secrets to Longer Rice Leaves: Key Factors in Agriculture Revealed | Expert Farming
[6815] Fp2WGazg0E0 → Egg Labels Explained: Cage Free Free Range Omega-3 Pasture-Raised Organic | LiveLeanTV
[6816] 038fYdRlnrg → hanji aapne page nu follow kar lo #waheguru #farming #desijatt #agriculture #kisan #food #naba
[6817] MFjGZhGWqso → #whale watching
[6818] FwFFL7SEUPw → Solar energy farms help reduce costs and carbon footprint
[6819] lgsjaQ3HvA8 → John Deere 5405 Crdi GearPro New look
[6820] AuY817oZFo8 → New Holland 489 Haybine
[6821] pA5w8cMvL3Q → Finishing Cattle in Hoop Barns
[6822] NBEekaIQPd4 → FSMA GAP Certification and PSR Inspections
[6823] qzN0B4p30O0 → Five Little Animals Dancing on the FarmㅣEP143ㅣSong for KidsㅣBebefinn Nursery Rhymes
Error fetching metadata for video ID hpzm-79Cgzw: Command '['yt-dlp', 'https://www.youtube.com/watch?v=hpzm-79Cgzw', '--skip-download', '--print-json', '--cookies', 'cookies.txt']' returned non-zero exit status 1.
[6824] hpzm-79Cgzw → Unknown Title
[6825] js9ImMSmBKE → Don't Make This Container Mistake!
[6826] ANLKNoZ_b4c → Can an Indoor Smart Garden Beat Outdoor Gardening? We Tested It | WSJ
[6827] 6Ui9PATE8S4 → Automated Cow Farm in China Makes MILLIONS Growing Mushrooms! 🍄💰
[6828] KB3OiAhtGeQ → Indian premiere inspects farm equipment (1948)
[6829] EGWyFCis-ZQ → Why I Stopped Growing HEIRLOOM TOMATOES: Heirloom VS Hybrid VS GMO Seed EXPLAINED!
[6830] 3JigXb9KXqI → Grow tomatoes for your family with this method you won't have to buy tomatoes anymore
[6831] PNsuQ-LuAgI → Stop Growing These Crops In Stardew Valley!
[6832] e_xkVgUQj3U → Slurry Management with Grasstec
[6833] E5wuvzKNu58 → How Missionary Societies Changed Farming Forever
[6834] uUpHe17k--U → What do farmers think about climate change?
[6835] XsOxisJ1tDM → Putting agriculture on the blockchain
[6836] qOn5o5MepQc → Un-boxing a secret pack from ILGM.com. I Love Growing Marijuana sent something???#un-boxing #shorts
[6837] bu3cBReuu5A → LIVE: Africa-China Agri-Tech Partnership — Investors Round Table on Sustainable Farming
[6838] emE_HK7OZX0 → Using SUPER ADMIN SEED in Roblox Grow a Garden..
[6839] feqdmrXIEBM → Technology fuels agricultural growth | The New Economy
[6840] BFoCVl750Ac → "Morning Egg Collection at Country Man Farms 🥚🌿" #eggfarmer #fresheggs #eggquality #freerangeeggs
[6841] uOWf4TTkCn0 → 🦜PEPE THE PARROT isn't Blue🔵| The Puppets of the Farm  | Zenon The Farmer
[6842] 6gRBjN9SiTw → Tomato Slice to Seedling Time Lapse
[6843] VsPCUwDKESE → Ultimate Cleaning Room Setup Guide #cleaningtips #cleaningsupplies
[6844] ogjHGRHWoSQ → Livestock Farming for Beginners: Pro Tips to Get Started Right
[6845] 9a0wIORPFa8 → Insane Baker Creek Seed Haul 2025!!  Over 30 Varieties LARGEST order Ever
[6846] fVvUqYgcIq0 → Tuscany Italy: Agriturismo Farm Stay - Rick Steves’ Europe Travel Guide - Travel Bite
[6847] cF-A23ZWK4A → BIRTHDAY BALLOON MAKER! 🎈 | Hay Day Gameplay Level 74
[6848] N3cpTqNoIAU → Solar Powering Sustainable Farming in Kenya
[6849] YCLBcDRMQYQ → How to start a homestead or farm 101: first 5 steps
[6850] YeZHJ9cPfEY → The Difference Between Trellising Beans and Peas
[6851] OzJQ7JghYho → Alternatives to Chemical Pesticides Fungicides & Herbicides in Your Organic Garden
[6852] ei2CpvX_96k → The Irrigation Station | Irrigation Scheduling | California Almonds
[6853] RLUSj3eBAoM → Furrow Irrigation System - I
[6854] Fx2lTQ9DQX0 → The Untold Truth About Corn Farming – Land Matters More Than You Think
[6855] wwS8otySCO8 → Farmer Field School Refresher Training
[6856] Ui8-5la4Btg → Old McDonald Had a Farm. Ducks and Farmyard Friends | Children's Nursery Rhyme | The Nursery Channel
[6857] 5cpOCO1Yglw → The CLEAR Cotton project in Mali - How can we eliminate child labour in cotton production?
[6858] NF519PQNiaM → Dependable Equipment is Key to Farming Success | CWB National Leasing & Jim Leslie & Son Farms
[6859] z9SUgw9FX0Q → Schröder Group agricultural machinery dealers - Part 1 | Fendt Massey Ferguson Valtra Tractors
[6860] YT8IegLqTKA → Vegetable Cultivation Techniques for Growing Agricultural Farms
[6861] ETxPvaiwp5g → What are Stormwater Pollutants?
[6862] Tdd_D2zYKk4 → Sustainability Series: Introduction to soil health and cover crops
[6863] Rz0ETi0evnM → Indonesian Agricultural Activity | Epic Drone Video Sample
[6864] Nr2et1sAEYg → 10 Plant Combos to Try in Your Raised Beds
[6865] QeKpkG_Giis → Dr D Amutha Rural Economy and Rural Development
[6866] 0rZ6katEUsc → Agricultural Chaff Hay Cutter Straw Chopper Silage Cattle Sheep Horse Farm
[6867] mPoFryLl3SQ → Top 10 Perishable Food Preps
[6868] 9ieoAlmomR0 → Soybean Planting Population and Consistency (From Ag PhD #1093 - Air Date 3-17-19)
[6869] BTks1-Jnv_Y → irrigation scheduling by evapo-transpiration (ET)
[6870] Z3EsBhKWIb0 → Livestock farming sustainable practices of agriculture and climate change @Nabilakingagribusines
[6871] gjMIh19zH7k → 10 Common Tomato Diseases
[6872] CkyCXE9sJIE → How to add Value to Goat Manure-Improve Farm Productivity & Incomes
[6873] _xSVk6BWg0g → Preserving Farmland and Wetlands Through Conservation
[6874] Wt1Zf9k1MmE → Mastering Rice Farming: Revolutionary Seed Throwing Techniques [2023]
[6875] y3N-BT92ATg → New Holland 490 Haybine
[6876] T7w64SiSqzg → Profiles In Soil Health: "Improving Soil Health & Overcoming Challenges" With Don & Trista Nickelson
[6877] LLuiskxB7Ng → Japanese Farmers Harvest Expensive Grapes This Way - Japanese Grape Farm | Farming Documentary
[6878] -niCVAfkHXw → Webinar: Measuring Performance in Ag Extension: Common Metrics Framework
[6879] O1AMH7wymMg → Machine Milking Dairy Goats
[6880] VI5T58nPJYE → Available online and at the Pee Dee State Farmers Market #sweetleafplants #flytrap #flytrapfriday
[6881] ppeS7hkCcQc → Growing TOMATOES up STRINGS in a Greenhouse!
[6882] C93W_-cDxmY → Finding girlfriend in Philippines (in 10sec) 😏
[6883] kjUXWKUUkSI → How Space Station Is Helping Farmers Grow Crops | Video
[6884] q0A89wqTVOI → Resources help to grow farming business
[6885] UYwsfjLPcrw → LET'S PLAY AT THE FARM 🚜 The Puppets of the Farm 👨‍🌾 FOR KIDS
[6886] qoqK3RQMDiE → Land preparation and sowing of groundnut
[6887] 7mKJMZiWs8M → NO POTTING UP METHOD FOR TOMATO SEEDLINGS 🍅🍅 - One Cup Method for Huge Tomatoes
[6888] 2jTfsHaYwBA → Beautiful broody hen hatching 8 chicks - best hen to hatch eggs
[6889] BOrOcnI1bvA → EASY Wheat Farm Minecraft Bedrock (MCPE/Xbox/PS4/Switch/PC)
[6890] iWUuqFxIKg4 → History of Seeds and Seed Distribution
[6891] dwGPCp4TsVY → Grazing in the West has saved sage grouse populations according to a recent study
[6892] jqoO9KtoXJE → Saffron (Crocus sativus) part 16 : Health Benefits of Saffron ➡️1- Nutrition facts
[6893] OFKI7KPfH6o → 2025 Farm Equipment Auction Prices. Can You Guess??? MCG Video #272
[6894] yFddweNVr38 → 20 Descriptive Vocabulary Words for Exploring Agricultural Practices
[6895] nzYUXDpAwKk → Amazing Man Repairing Giant Tractor Tire with Local Tools | Biggest Tire Restoration
[6896] 0CvdZL1meUU → Regenerative Texas Ranchers: Grassroots Carbon
[6897] ZLGKGgtxjp0 → Fruit Trees Water Catchment & Kids Running Wild – Real Off-Grid Life
[6898] hkP0Q1Rkq-E → Why You May Pull Out the Plow
[6899] ISgU77l_79A → Top 5 Fruits in my backyard! 🍌👨🏽‍🌾 #farming
[6900] 5z71_iYeRsA → Climate and Crops Peanut
[6901] Na7iuKVr7Zk → #sugarcane #show you the three rural areas #newfarmerplan #agriculture #rurallife #agrarian #shorts
[6902] ovxPDqZMo8k → Harvesting Lentils From Our Home Garden
[6903] dvLfp5Bu3xs → Part2 - Almond Harvesting from my  garden#almondtree#almond#almond in my garden #बादाम कटाई
[6904] Kw6iqUbT2C4 → Automatic Irrigation Pipe – Efficient Watering for Corn & Crop Fields
[6905] nSsCuDRcBks → Stages of the Marijuana Plant Growth Cycle
[6906] 1rsb_2AX3qw → Tropical Fruit Farm Harvest -Amazing Agriculture Technology #Fruits Tik Tok. #Shorts
[6907] GFIhkuB6yJw → Murrel -Secret life of Breeding|| #MurrellFish #FishMating #BreedingBehavior #aquatic #4k
[6908] LUYbgHjA84A → 🌱 Nature Meets Nurture | Real Organic Farming Practices | Sustainable Agriculture 🌾
[6909] GMyj6rM00qY → American Ranchers Raise 301 Million Beef Cattle This Way - American Cow Farm
[6910] 5WzJdcJ3wlw → What it’s like to be a Chill Plant Parent #shorts #plantcare #houseplants #monstera #plantcaretips
[6911] UMNlv_ik63s → Digital Marketing Strategies for Farmers Market Vendors
[6912] mu4ijEAUIDk → New Holland  1475 Haybine windrower
[6913] 8xG_RXSoTiQ → Aaj ki dinchariya 1st & Mini Vlog  #shorts #gardening #tips #minivlog
[6914] IDmqBTKNNZw → FAO Animal Health Vaccination Campaign Against PPR in Syria
[6915] NsxLZUKm--s → Harvesting Bananas!  Everything You Need To Know To Grow Your Own Fruit!
[6916] R2KVePuMZ-s → How Farmers Raise Millions of Sheep Goats and Free-Range Livestock for Wool and Milk
[6917] GfguLZBb2ok → Preview of special vintage tractor sale
[6918] Lm4p_ZfZGhk → Best Irrigation Methods to Grow Plants | Types of Irrigation Systems in Agriculture
[6919] 5NfReLiGVWc → 45 Modern Agriculture Machines Operating at Peak Efficiency #4
[6920] rWHUxjYi3VY → How Farmers Use Machines to Make Hay | Maryland Farm & Harvest
[6921] _3rZbJcR1bg → DIY Mini Tractor Trolley Heavy Load Science Project #farming #scienceproject #tractor #precisiontech
[6922] wzy9ddsZvzE → ধানক্ষেতের জমি অপরূপ দৃশ্য #Shorts #RiceFieldBeauty #NatureLovers #FarmLife #BengalScenery
[6923] uhMleFNPqT4 → Best Barb Chaining Marches In 2025! Rise of Kingdoms
[6924] GxJWZ3pILv4 → How Chinese Duck Farmers Turn Bad Eggs into Eggs into PROFIT! 🦆🥚
[6925] tpA2xGQiAlY → Morning Farm Chores - On the Farm
[6926] icA_N1AXyr4 → 10 Top Plants for a Food Garden in Subtropical Climates- Florida Gardening
[6927] ezcRUiaa3us → different types of tractors for you
[6928] 2sTDi7QNchI → Rufus has terrible table manners #rufusthebull #cow #farming #bull #farm
[6929] pKGPOoPgiWQ → That’s Crazy! Top 40 Agricultural Machinery and Ingenious Tools Working At Another Level! ▶ 74
[6930] K105xluiB8s → Amazing Agriculture Machines Operating At An INSANE LEVEL
[6931] NIIBubn7HFU → Peanut Harvesting: A Modern Machine Revolution
[6932] dSd-G_o3NGI → Why Crop Rotation is a Waste of Time
[6933] KnH8zqV4hXM → ayushman yojana registration
[6934] TEKf9wWy-70 → Orchard Nutrient Management Tips
[6935] RiBlOG_Mez8 → Small Garden Tips:  Keep Planting   SD 480p
[6936] BwewhRGR2MY → What do farm animals give us?
[6937] IMpEIOKdNJo → Organic vs. Synthetic Fertilizer (In Under 5 Minutes)
[6938] bq2hrWcrY6g → Daily Life Episode 60 Preparing the Land for Planting Season
[6939] 0lDgEcr4-oM → Hoeing or Hilling Potatoes?
[6940] 5jvHW7-zOME → otro día en mi vecindario #contry #nature #farmersmarket  #farming  #community
[6941] NMnYFZ6qqR0 → I Grow FRESH Organic Vegetables
🥦🫛 #shorts #vegetables
[6942] GtAxSqN3iTs → Potted Fig Tree Care: Water Sunlight Fertilizer Pot Size & MORE
[6943] iUV0s4yqw_c → Agriculture Productivity Tips How to Increase Your Crop Yield
[6944] lJ3tki0FQ6k → Interview with Germany Farm Equipment Dealer Association
[6945] 4DPYSeR2NeY → Olive Harvesting with a Tree Shaker - Jared Gulian
[6946] 1bqPPXFS00U → Grow your best Crops yet!  PRODUCT REVIEW: Soil test kit
[6947] Q921rJAOGVY → Pesticide use in organic farming
[6948] COgLak-nlOo → How to Grow Corn 🌽 creative explained
[6949] aC81uJmMzPA → The Secret To Perfect Tomatoes In The Field | Caterpillar Tunnels!
[6950] erBn9qrHE9w → Agrarian Life
[6951] fKHFjjE2k9g → What Are Agricultural Subsidies? - Learn About Economics
[6952] MdrVb-sL0sA → Regional tele training workshop on the seasonal agriculture and water abstraction service in North A
[6953] Ch7X6smgTZg → Forage Management 2
[6954] kNYv2huvl-c → FARMING CHORES...THE NEVER ENDING LIST Cows Tractor Maintenance Farm Yard.. Alan Clyde | FarmFLiX
[6955] wpfQeYhwSXg → World Bank Farm Commodities
[6956] SMwFmfomZXo → Combine Harvester 🚜✨ #combineharvester #agriculturefarming #agriculture #farm #shortsyoutube
[6957] tMpUnni9TcY → The world's largest range of trailers for spreading and transporting agricultural products ✅ #joskin
[6958] O8QPJq2Jhok → Agricultural Vocabulary Quiz
[6959] mMPwne0YPzA → FoA 303: Implementing a Farm Operating System with Kristjan Hebert
[6960] Bc7dwpYOpUY → Amazing Milking Processing  #cows #milking
[6961] cd47VNlMAFE → Permaculture: Designing Agricultural Ecosystems for Sustainability (2 Minutes)
[6962] rqr_2NEivFs → Georgia Christmas Tree Farm Helps Create Holiday Spirit
[6963] taPUEMnY8w8 → The Evolution of Farming to Feed a Growing Population
[6964] RM5exGU4YEI → Agricultural Biodiversity and Climate Change Bioversity International (en)
[6965] pCklPidvvOY → Raising Cattle for Beginners
[6966] _mbvmoe3dAI → Top25 Most beautiful Farm Animals - rare breeds of  cattle goats chickens horse# baby New Village
[6967] gOU4sBP5gZ0 → Opening the RAREST EXOTIC SEED PACK For RAINBOW SUNFLOWER | Roblox Grow A Garden!
[6968] L2hJGOdaLkU → Grow Organic Cannabis the EASY Way! | Clackamas Coots Soil Mix Explained
[6969] hUOMqwa9_uc → 2023 China (Chongqing) Hilly and Mountainous Agricultural Machinery Exhibition
[6970] evXb_rnR81c → TERMINATE WINTER RYE COVER CROPS WITH THIS HACK!
[6971] oFlsjRXbnSk → Why is Composting Good for the Environment?
[6972] 1p5wIwCfUmM → Garlic planter
[6973] N17qB_l80FM → 🪴Monsoon plant care guide 🪴#plants #monsoon #tips #plantcare #viralshorts #garden #balconygarden
[6974] SRg5urko_DY → BEST AUTOMATIC WHEAT FARM in #minecraftbedrock
[6975] l2oVYuzBrmM → How to Grow TONS of Cucumbers With Just a Few Plants! |Maximize Your Harvest|
[6976] GRNSVObmKDw → Best Hand Forged Gardening Tools!
[6977] 84qtAVbhMNE → kegagalan adalah guru yang berharga !
[6978] tbfw7cqHng0 → Metrics to Watch: Kennedy Implement 2012 Dealership of the Year
[6979] VRv7v87ax9Y → TOP-10 Agriculture Research Topics
[6980] _69567_ON_Y → 11. The agroecological practices
[6981] PhdqaeQQIoI → Farm Animal Sounds Song 0811 | Nursery Rhymes | Little Bunny Learns
[6982] amN7mmQ_zyM → Faster Compost Zero Effort – The Lazy Gardener’s Dream
[6983] qGjYNM37QxI → Naïo Orio autonomous agricultural robot
[6984] 65VVVi14Rb8 → Garden Rotation | From the Ground Up
[6985] a9N7bzldt3A → #yto #automobile #agrotech #farming #agromech #agriculture #agrotechnology #agro #agritech #farm
[6986] fHdEIZbBIqI → Prune and grow zucchini vertically
[6987] bnjiYnza5NQ → 3-Point Middle Buster
[6988] no7tc2LV3Y4 → 1983 Am General M934  feed mixer truck for sale at auction | bidding closes March 31 2021
[6989] tXYOLG0W61c → New harvest #honey #bees #agriculture #DreamScreenAI
[6990] vYtNoM48KXQ → Understanding the "Shotgun Approach": A Strategy Overview
[6991] OuakxTpEmkg → How Does Agriculture Impact Watersheds? - Weather Watchdog
[6992] 2Va-Q2YibSg → Tractor Operation and Maintenance Skills
[6993] vR_vnOtCbW0 → Irrigation of Row Rice
[6994] 5lQqweLho9Y → How to Grow Great Potatoes at Your Place
[6995] kohU2gTuKvY → Feeding cows in a barn animal care and farming practices
[6996] 7NqUvpDBYZ0 → @iowANFarmer First Year of Farming
[6997] fH-yaOiuzxA → 7 Tomatoes I MUST Grow EVERY Year: My BEST Tomato Varieties
[6998] 2sdNnp6uKxc → How Does Crop Rotation Improve Soil Health? | The World of Agriculture
[6999] 9j1eyrp8PZU → GROWMORE TECHNOLOGIES LIMITED - ZAMBIA'S FINEST AGRICULTURAL FARMING EQUIPMENTS SUPPLIERS.
[7000] 8rCg9JzrtRM → 🌱 Segredo Revelado: O Adubo Mágico que Transforma Sua Horta! 💚#paranavai #marcosvictorino
[7001] nZ20h8NxFh0 → How To Make MONEY Making Hay????
[7002] uiObMNm_ruA → I Tested 10 Agricultural Technologies and Found the BEST for Taiwan Guavas!
[7003] Z3lz0MvgZ6U → Recirculating Aquaculture Systems: Introduction to Components and Design Basics
[7004] nK6KmQ_WENA → Agriculture Secretary Asked Point-Blank About Trump's Economy Promises
[7005] DDb4OxXlq6Y → corn harvester machine  corn harvesting  #agriculture #corn # harvester
[7006] eobM1VZsGz8 → The Top 10 Best Gardening Books for Creating Your Kitchen Garden
[7007] G5yX3CXBiYY → How to grow your own Carrots by @Judybaogarden
[7008] -FehjRm_b60 → Agriculture form 3Routine livestock  rearing practices cont...     lesson 10
[7009] XzfFFNG5mnQ → The Science of Soil Health: Going Deeper
[7010] OI7WnlahnCk → Homestead Update || Babies on the Homestead
[7011] Yv8B4SL_jOs → How I Fill My Raised Garden Beds! #texasgarden #gardening #texasgardeners #garden
[7012] CNpUM7c5cCY → The Remarkable Journey of a Sustainable Farming Innovator
[7013] S98pQHCLcfw → Marketing for a Dealership in a Remote Area
[7014] tiLQfCNkf7w → Easiest Way to Tell if Your Soil is Healthy in Your Garden
[7015] D6oAubTuHBc → How Can Sustainable Farming Practices Prevent Reduced Crop Yields? - Earth Science Answers
[7016] i5anHCL0mbU → ESL Class on Prefix ‘RE’
[7017] NNmvuX0BWEU → Progressive Ag Conference 2018 - Derrick Moot- Unlocking the potential of Lucerne
[7018] znlIW5WzD-o → Hydroponic Gardening for Beginners: Grow Vegetables WITHOUT SOIL!
[7019] X9LB-6DCSeM → Crop Protection Q & A | Pest Control Methods
[7020] TMSBHDdbb6g → How To Solve App Drawer Auto Search Problem
[7021] kpA537juLRY → The Benefit of Innovation Technology in Agriculture in Africa. #africa #history #agriculture #tech
[7022] Cnk4RbhQ8kg → Soil Test Interpretation | From the Ground Up
[7023] pJpdpCmGBf0 → Forage management: Establishing alfalfa and hay (part 1/3)
[7024] 4LNtssf0KOw → Day In My LIFE As 16-year-old FARMER |During Winter Months...
[7025] DSVCRIt-T0Y → Ag Employment Law and Your Farm 3.14.18
[7026] 6TA46GgJGhg → Farmer Training Program: Farming Practices panel
[7027] OUlsTuG39O0 → Answer - Tyler The Creator
[7028] OQdGspFcakg → Old MacDonald Had a Farm | Learn Safari Animals | Nursery Rhymes & Kids Songs | BabyBus
[7029] IFILbcv85qE → Techniques To Grow Beautiful Watermelon #satisfying #shot
[7030] QjUzywVvc6E → How to Use Biodynamic Principles for Crop Animal Intergrated Farming | Intergrated Farming
[7031] MNGjWVerCFo → Harvesting Sweet Potatoes at Don's Produce
[7032] GNj1sA7x9zU → Biggest Bee Farm Harvest Million Liters Of Honey In America This Way | Agriculture Technology
[7033] YHJaL_ei4Tw → CROPPING SYSTEMS
[7034] spieipvpY7w → ఏడు అంతస్తుల సాగు విధానంలో కూరగాయలు సాగు | Vegetable Cultivation Techniques In telugu
[7035] PS5-hETo0RQ → Guizhou Dafang Liulong Hand-Shred Dried Tofu Food Recommendation Officer Are You Drooling? 89
[7036] R0XDeqQ30a0 → Rewriting Guardian Farms; Minecraft Java
[7037] z_wJ_9Pvakc → Tricks to grow bigger onions #smartfarming #gardentips #organicfarming
[7038] ffIUHdqYl-M → Farmhouse Kitchen Ideas for the Perfect Rustic Vibe 😍
[7039] Ej34fD0E4xM → Why You Wouldn’t Last a Day in a Colonial American Tavern & More | Boring History For Sleep
[7040] RNO1nk_rl4I → Farming on Steep Slope Hillsides | Agriculture on Mountains | Terrace Farming
[7041] S0x4RxuNAno → Story of Oats: Processing
[7042] BIeeqa7zKTQ → Start Raising Cattle Basic Infrastructure Needed to Start
[7043] JgeVk41bTVI → Large robotic milking farm in Australia
[7044] SJoB-vCrEPk → 2014 Antique Farm Equipment Show
[7045] -S4qrdDxpEE → The Best Haymaking Equipment for Small Farms
[7046] mD6ziURwvn4 → Day in the Farm Life: Stick Season in Vermont
[7047] WnoM3OVPyYc → 5 Vegetables to Grow in the Shade
[7048] uyQO4-JD2uE → How to Mount a Horse #horsemanship #shorts
[7049] gu8d91z6ggU → How Ancient Festivals Shaped Farming Societies
[7050] ZRB9aqIVsIY → New Holland LX865 Skid Steer: How to Flush Water-Contaminated Hydraulic Oil & Prevent Future Issues.
[7051] IRbrQ-G4SZM → What is agricultural extension?
[7052] f9HTmER6x_Y → Strawberry Harvesting Easy 🍓 AGROBOT E-Series Robotic Harvester #robotics #automation #agriculture
[7053] MhqFyJtkOM0 → Dat farm life 🐄 📸#moo #photography #shorts #cow #farm #video
[7054] Azl1IsC3RS8 → This Tiny Tractor Is Faster Than You Think!
[7055] 8mf4d42rezY → 3 Reasons why landowners NEED to use a forestry mulcher  #forestrymulching #landclearing
[7056] JPZw1Va9mzw → Sandy soil plants and veggies | 8 plants that are suitable to grow in sandy soil
[7057] e8VV9bU0Jh8 → 2018 Soil Health Mitchell NRCS Dan Forgey "A Farmers Perspective on Soil Health"
[7058] ljlYfF7IvNU → That was awesome.  name :  farming life in another world
[7059] VjObuXDK1LQ → Caladium Care || Planting-Growing-Storing Bulbs
[7060] ERsUXt9GDLg → The Strategy Implementation Challenge
[7061] ueWeXCCdZsY → hauling company ghana | heavy equipment rental accra
[7062] Lhms4XAbC3o → Smart Agriculture Project (IOT) | Smart Farming Project #smartagriculture #farming #shorts #ytshorts
[7063] xhw-c9I8Exo → Amazing Milk Processing Machine for Small Dairy Farmers
[7064] Xt1kI6t8cjI → ✨🍳 Farmhouse Kitchen Ideas: Rustic Elegance Meets Modern Function
[7065] k7hYdQJ868E → Building Resilience of Smallholder Farmers in Gambella Region of Ethiopia
[7066] JqzqUssX2Ks → Drip Tape vs. Dripline: What's Best for your Farm?
[7067] jckM1lCKFnE → how to milk a cow by hand #trending #youtubeshorts #viral #viralshort #
[7068] CW7fOI1jaws → Farm Fresh to You. UnBoxing of Fresh Organic Fruits and Vegetables
[7069] SxCahdj52_E → Corn Harvest In Iowa! #corn #cornfarming #farming
[7070] Eiui3KOXQDQ → Feeding a growing population
[7071] yH4U0TGG6x8 → Ontario's Potato Industry| Produce Made Simple
[7072] RXg5axbAtUI → Hillside Planting | Plant it Right Demo | Pro Tip
[7073] 8I_LfawKd6Y → Yanmar YMRB32 Mini Round Baler
[7074] kU6305BlV80 → Jonathan Foley On How Farmers Can Adapt to Climate Change
[7075] XbzhpAkXA8s → 90 year old grandma cooking SNAKE FISH CURRY|Rural life india #villagefood
[7076] JfQ-wekRB6Q → Ray Moses - The Science of Making Hay
[7077] 0oOajYxYZLo → What Foods Are GMO? - The Geography Atlas
[7078] RtpbUKN8f0I → Tomato Harvesting🍅🍅
[7079] ELP1ylYJxco → Trap Crops - The Basics
[7080] HLbwOkAf-iw → Here are 5 ways you can make compost at home and reduce landfill. #EarthDay #YouTubePartner
[7081] 0cm1aFzLn6E → Beef North - On-Farm Infrastructure
[7082] 9xobsrwXS7Y → Benefits of Crop Rotation
[7083] nsR0PEPiLEc → smart dairy farm / how to milk a cow /cow milking by hand /buffolo milking all animal health tis no1
[7084] 1JfUqAA9VpY → Understanding Farm Animal Welfare Certification
[7085] hweOONMrG_0 → Hydrogel Innovations for Soil Health
[7086] i0TKewA7cZQ → GENIUS SHOP TOOL FOR TRACTORS TRAILERS & TRUCKS 🤯
[7087] CkDkeS5mwkg → (AV10269) Happy Harvests
[7088] ZBKY87eex0s → How Grain Farming Changed Everything
[7089] t2snUtUdtWs → Farmers Ploughing with Carabaos | Nepal #shorts
[7090] _jyMZq6X4Aw → The Agricultural Revolution
[7091] tN8yYTVz1F8 → Caterpillar D4C II Prefix 7KG Track type Tractor Operation Maintenance Manual
[7092] PK2aEBnJS88 → Farm Diversification - Ideas on Alternative Crops
[7093] Kmo3oc74u9w → #Terraplanter #plants #ferns #terracotta #himadri #hydroponics
[7094] yWSBCuNCJWA → Farmers adapt to fight climate change
[7095] 3332xhJhM3g → Farmer 🪄 #trending #agribusiness #agriculture #farming #agritech #shorts #shortsfeed #paddy #farmer
[7096] irTDYTwXSqk → How to Prevent Soil Erosion by Planting Sweet Potatoes
[7097] 1B12PYzzC8g → Buying EXOTIC BACKYARD FARM Animals at the World's LARGEST Exotic Animal AUCTION!!!
[7098] Yx-PW4qYEHY → How Monsters Spawn in R.E.P.O. (Guide and Code deep dive)
[7099] pM_y9eNC1HM → Trees for Soil Conservation
[7100] eSFzNVgUf5U → Sweatshop to Bungalow AUTOMATED🍃 - Schedule 1 Tips & Tricks - #schedule1 #gametips #gamingguide
[7101] kFdvZ0J6XOI → Best Management Practices
[7102] INVHRMehj1Q → How to Grow Beans in Containers at Home! (Wigwam)
[7103] 7p1zpRbcLbM → Scott George: Farming Management Strategies
[7104] UEJCpwGT4o8 → Organic Certification
[7105] i0pvLoxahlY → Adoption and diffusion of digital farming technologies
[7106] haxczXeMMgY → 1.25*4000m High-Quality Bale Net in Action | Strong Neat and Efficient Hay Baling
[7107] nrP72QViJ1E → The use of beer with brown sugar #plants #shortvideo #garden #youtubeshorts #farming #howto
[7108] YfBWbU4rSxo → HOW TO SETUP A WORM FARM + WHAT TO FEED WORMS | Vermicomposting | Hey It's A Good Life
[7109] dPWb8s3eu_A → KRATKY HYDROPONICS - THE BEST LOW COST SYSTEM!
[7110] vToFPi-3XdE → Best compact tractor for your budget #farming #landscaping #lawncare
[7111] JKT7cSFf2ic → Evolution of settlements
[7112] oQGT8ZYjCsM → AI's Green Thumb: Revolutionizing Agriculture with Precision Farming
[7113] bVBS3urkD_I → 100 Players Simulate Island Civilization in Project Zomboid
[7114] 9Zr_bsV5uI0 → Pony Horse Breed with Mustang Breed
[7115] zjMWa5CxPCg → How the Amish Raise Millions of Chickens for Meat and Egg Production
[7116] RwL_-N0kDAQ → Indoor Hydroponic Garden #kratkymethod  #apartmentgardening #urbangardening
[7117] AYEo2udXM80 → Advice for Beginning Farmers
[7118] c6hnMGEM2yY → Top 3 Cash Crops for Small Farms
[7119] QmM2Q5oGRnw → 44 plants of basil on an aeroponic tower #basil #farmingvertically
[7120] gLdEkWEOFn8 → How Locksley Farmstead Cheese is Made
[7121] 5n452vfBX8U → What I Wish I Knew BEFORE Getting Backyard Chickens
[7122] AmjvmRX5jHI → Farm Basics #1063 Manure vs Compost (Air Date 8-19-18)
[7123] sbyuwd1nDVo → A Day in the LIFE of an AGRONOMIST
[7124] u2EtDAKlyyg → Choosing the correct style of garden hoe for each job | Gardening 101 | Gardening Australia
[7125] g77X8QY1ptc → Boslead tractor mounted corn and silage 2 in 1 combine harvesting machine.
[7126] OPLCdIa-_CQ → How I Went from Hobby Beekeeper to Self-Employed Beekeeper | Starting a Beekeeping Business
[7127] VjwvOLLe6JA → Same Agriculture but different methods. Check this out. Please subscribe.
[7128] 6anV5PLXbyE → Fruit tree pesticide spraying take a look at this #pesticide sprayer industrial-grade
[7129] wi5qlgoAdbs → Raising healthy chicks with 0 mortalities #freerangechickens #agribusiness #farming #smartfarming
[7130] LsN4gLe0oOY → How Organic Farming Could Save Humanity #shorts #agriculture #organicfarming
[7131] ryhJl_F_zaM → My Click & Grow Indoor Garden Review!
[7132] HG4HhtFI_54 → Good Agricultural Practices #shorts #agriculture #agriculture #farm #agriculturalmachinery
[7133] TmUkF8YQpiU → Sustainable Agriculture: Exploring ESG Practices in the Food Industry
[7134] Ok0JsPsx7Cg → New DEUTZ-FAHR Series 4E
[7135] asscF9W9tqQ → How to Grow Maize for High Yields |Expert Free Guide  on Maize Farming in Kenya
[7136] 1WQPvImxPWU → Banana Farming Process
[7137] VZErgnP7i98 → Amlaprash - Small Batch handmade Chyawanprash with extra Amlas | Two Brothers Organic Farms 🌱
[7138] Q6kfgPThDn8 → HEIRLOOM TOMATO | How Does it Grow?
[7139] ScdRSxPl-j8 → 8 Tips For Dry Climate Gardening Without Irrigation (Dust Mulch Wide Spacing Hugelpaths Etc.)
[7140] j1UwZ_o6vgs → Agricultural biodiversity and climate change
[7141] aYtFJn0L6io → Routine Management Practices in Farm Animals | Culling | Agricultural Science | SS3
[7142] quOoM0938n8 → Land Clearing with Excavator and Chained Bulldozer - Deforestation for Agriculture
[7143] UWwg14RqZBE → Farming Tips And Agriculture Technology In 2023
[7144] Z_WAs6xczTA → The Shocking Secrets Behind Organic Food
[7145] XZ6wlFb2XjA → Discover the Ultimate Farming Method Showdown! #agriculture #sustainablesolutions #farming
[7146] xtCmZwnSADs → DON'T BUY THESE! 2 Tractor Attachments I NEVER Use Anymore!
[7147] yLbSaZJg1v0 → Ag Accounting Software is Different than other Industries
[7148] V0RcTomj8Y8 → Fleckvieh Cattle: The Tri-Color Treat #cow  #nature  #modernfarm
[7149] RWfzhrNCU5g → HOW TO GET SUMMER COINS FAST in Grow a Garden ROBLOX
[7150] -W4q3VsX4aY → Ayuryana Presents Impact of Personalized Ayurveda Treatment on Thrombocytopenia By Dr Harshitha KS
[7151] B5mRk8DAobc → Intensive & Extensive Agricultural Practices [AP Human Geography Unit 5 Topic 1] (5.1)
[7152] fj8dJmOaRyg → Managing Soil Health with Cover Crops: Beyond the Basics
[7153] Sy1kfBmk5L8 → NFO-121 (AV10621): Agriculture's Impact on Society
[7154] _96hrnsNlVw → What is Agribusiness? | UPLB BS Agribusiness Management & Entrepreneurship Program
[7155] AlZQoLTsaqo → 2022 Vegetable School - Intro to High Tunnel Vegetable Production
[7156] b3YSIsKaQF8 → Best Cheapest Agriculture Machine Innovation #shortsfeed
[7157] 1Xoq1ogNmX8 → Don't harvest your herbs the wrong way...
[7158] ES4oyTMV7vU → Found Home Farms | Fishing by the Lake | Animal Documentaries for Kids | @Wizz
[7159] 0iAZa5bHQj0 → Mango Farming (Guide for Beginners) | Mango Cultivation
[7160] hR4DiU8wcVk → The Purpose of Cotton 棉...棉花的一生，我保证下次想个新系列名字哈哈哈丨Liziqi Channel
[7161] MnvcvVn59a0 → Online Farm Machinery Sale in Wales! 🚜💥
[7162] qectmrxIl8I → Hippie photographer reflects on Farm life in Tennessee
[7163] XtsN-4M0iRQ → Pastured Pig Rotation - Will THIS Help Repair the Paddock?
[7164] IwuzTfWYbw8 → How To Prune Tomatoes: SO EASY! 🍅          #gardeningtips #garden #tomato #pruning #country
[7165] HVAGxHQ0GL4 → Rockwool Showdown: Which One Grows Better? Legigo VS Tower Garden   #garden #hydroponicgardening
[7166] GBp39cnR-UU → Seed Starting Tip
[7167] -oscUu0f7Do → Radish ( مولی ) Mooli Part 4 #hyasagriculture #naturalfarming #farming #sustainableagriculture #hyas
[7168] Z21tkXFLIe8 → the claw every garden needs easily using 3 headed hand fork #farming #farmer #farm
[7169] TJRV7jfYano → 10 Inspiring Agriculture Business Ideas for Profit Without Farming
[7170] z7M2Jfy_Mj4 → Harvesting garlic scapes 🧄 #garlic #garden #growyourownfood #extension
[7171] yRsa_8ndqO4 → BSc (Hons) Degree in Agricultural Technology
[7172] oKN5usrd7eU → Inspiring Flower Garden Ideas for Home | Flower Garden Designs for Small Spaces| Outdoor Flower Beds
[7173] ziM6AXAlf80 → Relax on the Farm - Nature Relaxation Video
[7174] nC4NaKqco6Y → 🐫 Camel Farm shorts 🐫 #camel #camelfarm #cattleworld
[7175] tnlbDZoT9E0 → HBD220 Corn Haylage/silage bagging press Baler
[7176] cIet0NQRgug → Fun on the Farm: Agritourism
[7177] AtXKSQ8zt54 → Agronomy Tips from the Field - Early Planting
[7178] VswQFRLqqos → Grow your career in Agribusiness
[7179] M6tMTuiC1nU → MORDEN technology dairy FARM
[7180] HowtzMPydeM → Top 5 fruit picking robots of 2024 #Teachnology #Farming #Robots
[7181] EuAZ3vtCW3o → AGRICULTRICE ET CELIBATAIRE A CAUSE D'UN METIER DIFFICILE #agricultrice #agriculture #celibataires
[7182] EPYy_g8NzmI → Farmers Are Hacking Their Tractors Because of a Right to Repair Ban
[7183] e_aorQ-baww → The Future of Agriculture Technology in 2023 - exceeded all expectations !!!
[7184] 4JUILCPGtK4 → Hydroponic Farming vs. Soil Farming: Key Differences and Which is Better?
[7185] QszMgOWU4ts → Staff Management and Operations for Your Agribusiness
[7186] 2LwkOWsrIGY → [English] Harnessing NRCS Programs for Water Conservation in Farming
[7187] HneCGtBhVVA → John Deere dealer tour #agriculture #farm-equipment #farmer #johndeere #farm-machinery #goviral
[7188] fs5Z_Zwjek4 → Scientists Observe How Plants Grow On International Space Station
[7189] FDoiGCgm1gc → #hayday #haydayhighlights - FREE DECORATIONS from the Hay Day Milestones
[7190] XbdGzVtf_cw → Xả Kho Thanh Lý Lô Máy Cắt Cỏ - Máy Cưa: KOMATSU HUSQVARNA FUKIWA...|0354392929
[7191] -vcPuEp-k48 → POULTRY FARMBROILER FARM (SUMMER MANAGEMENT) #Shorts
[7192] dfkjkRYGO_A → Training and Consulting - Custòdia Agrària (Eng)
[7193] fiK8kCw-3g8 → Growing Arabica Coffee from Coffee Beans | How to Plant Coffee
[7194] xr6pOZjpTPw → Saving Seed Saving Rice: A Documentary on Agricultural Activism
[7195] 2MLAMIlGWT0 → Mutinta Mubita Her Impact on Agriculture in Zambia | Su impacto en la agricultura de Zambia
[7196] GKMsRs9PMys → How Farm Management Software is revolutionizing agriculture!
[7197] wppxzI5AMR0 → agricultural runoff Informational |what is agricultural runoff Informational
[7198] Rybg8Nf6-2c → Revolutionize Your Cattle Feedlots: The Best Space Optimization Techniques to Reduce Stress
[7199] KljS-WMFxUw → How does soil erosion affect agriculture?
[7200] 3NeHmBg7cmA → Agricultural Extension | All in one lecture
[7201] V1A4u7GU6OM → Thailand's Partridge Pest Control! 🦜 #farming #ecofriendly #facts #usa
[7202] p69Hc7GXY_g → #shorts #agriculture #farmer #youtbeshorts #noamanreaction
[7203] hS4qgwT9RuI → Farming with Trees: 5 Agroforestry Practices Explained
[7204] EUfpzrRTUYQ → In-ground composter for Raised beds
[7205] G8n9VuWkApo → HORSCH Live 2021 - Biological Control of Pests and Diseases in the Grupo Progresso
[7206] iUIKZ--ZmBk → Pesticide Spraying Machine #shorts
[7207] OXaVzBf50aA → U.S. Farmed™ Certification Strengthens the Future of American Agriculture
[7208] uWxCeZgjuck → Harvest from vegetable garden.#asmr #garden #harvest
[7209] BOuP0LpKyf8 → Introduction to Sustainable Farming: Cultivating a Greener Future #sustainablefarming #agriculture
[7210] 1EQVzFTMsOg → How Amish Feed Their Animals Without The Feed Store
[7211] 1rj4OdF7Rew → 45 Expensive Agricultural Machines Working At Another Level
[7212] IOKUNEG-hDc → Enchanting Village Morning Sounds with Heartwarming Stories of Love in Nature 🌄_shorts_morningvibes
[7213] pcAu6-948RA → Operating a grain silo
[7214] UXR9QKwtxlA → What Are The Effects Of Pesticides On The Environment? - Earth Science Answers
[7215] o5jXDE2zqp0 → DIY JADAM Wetting Agent(JWA) 20L for Gardeners. Natural liquid soap. Homemade pesticide
[7216] Umzxkj4ZOb4 → Hay shortage leaves many feed stores with little to no supply
[7217] IJ8cca0JfyQ → DewPoint 6210 Operator Training
[7218] dPslJESjzhY → Egg Farming for the Kibble Rework :: Ark : Survival Evolved Tips and Tricks
[7219] XpgW93gsm98 → Daniel Parson - Intro to Organic Farming Methods
[7220] 69zAxH0rUyQ → Baking Soda & Beer for Indoor Plants 🌿🍺  DIY Plant Growth Boost!
[7221] gsIG4pMd-dM → Goat Milk Recipe- Replacer Milk | How to feed your Baby Goat/What I use | Mom of 10
[7222] hqj7ttoO03s → Clear wild boar infestation#farm #farming  #satisfying #farmer #nature
[7223] Epv9wXOym-I → SARE Farmer Rancher Grant Proposal Walkthrough
[7224] vahV8oyGTjI → Advanced Financial Accounting Accounting for Agricultural activities IAS 41 #ifrs #exitexam
[7225] DMct5FRPT2g → Expert Video Series - Topic 3 - Comprehensive dairy farm management practices - Introduction
[7226] NP1D1MB1mMk → Vermeer SC30TX stump grinder for sale | no-reserve Internet auction November 30 2017
[7227] DPOiTN7zUQg → how to make homemade drip irrigation system with big bottles #dripirrigation
[7228] QaPRuApQZaw → Agribusiness Management academic program (ABM)
[7229] VKFMx4uEA_A → Planting Dates for Vegetables in Louisiana
[7230] _B1N_AMz01g → How To GROW CORN! (Small Farm)
[7231] uLfqWz-daeE → "Top Android Apps for Beginner Farmers: Revolutionize Your Agricultural Journey!"
[7232] zgdIQyM__w4 → Agriculture - Types of farming in India || Subsistence Intensive Extensive Commercial etc
[7233] 3UoLxv1rsRc → Harvest Festival 2012
[7234] G4znn3tal8o → sugarcane cutting and travelling #Epi-34 #ustodmajur
[7235] A-cG-NmFpWY → Online plant shopping #gardening withnanav #plantcare #unboxingplants
[7236] pMFMUxIQZMc → Regenerative Farming in Nebraska
[7237] RJzftSQzy5A → 4-Tier A Type Chicken Cage System For 5760 Layers Farm in Ghana| Poultry Farming| Egg Production
[7238] BdikYRLEiBI → Hernshaw Farms successfully renews USDA Mushroom Good Agricultural Practices certification
[7239] KxUqkmpysh4 → The ancient process of harvesting wheat
[7240] p8GNmm_zgOM → Fabricated farm implements adaptable to 36 horsepower tractor
[7241] Y3C_J_RLZ2c → My insane late-season garden harvest...
[7242] cjt0bGEslJc → Prefix Flap Book Instructions
[7243] 1JfqLkSAvY0 → Grow to Learn - Drip Irrigation Installation Demo
[7244] J0AmBfbAY3k → See Our Sustainable Agriculture - In Action
[7245] x-Z60FnFE04 → Potato Planting: Massive Fields Powerful Machinery! John Deere tractors! Lockwood Planters!
[7246] lZY9YnUO3Kg → Fruit Shapes with Molds || Creative Farming Tips
[7247] IklwQUD2vQo → Fastest First Freshener Goat Birth EVER Filmed!
[7248] nM64mBaXGNc → Don’t miss it!!!#homesteading #farmkids #nature #farmanimals #lifequotes
[7249] 3zzLYv60KPU → China Tractor 50HP4WD for sale
[7250] uJ52M1O1WeU → /"AI-Generated Farming /"Modern Farming | AI-Created Video of Tomato Cultivation 🌱🍅"
[7251] 1EaN4txz5PY → Most Profitable Grain Farming Businesses | Different types of Grains | Agriculture Business Ideas
[7252] e56mxQiDxYk → 2012 Soil Health Info Day: "Catch and Release Nutrients" with Dr. Dwayne Beck SDSU Extension
[7253] 57Q_auBxfLA → gardening tools |gardening tools and their uses |garding tools name in English
[7254] 5wWia0YTADY → How the summer heat impacting Missouri farmers' market
[7255] la2W7mp1agc → 🍅Double line✌🏻 drip irrigation for tomato farming!👌🏻 #agriculture #dripirrigation #tomato #short
[7256] M53_OE2naTs → Game-changing Farming Tech: Futuristic Combine Harvesters
[7257] 0zI7EfW-iFU → Making a Farm Fresh Rustic Country Breakfast | Simple and Delicious
[7258] T9KL_U3gY_A → How Trees Benefit Farms - Tim Downes Shropshire | Woodland Trust
[7259] rVaSGMEr6NE → Kubota BX25D Tractor Loader Backhoe
[7260] FbU7HJpRz2Q → Emus must chew their corn just like humans
[7261] AoMVMzpnSWU → Harvesting Techniques for the 2025 Season🧑‍🌾Beans harvesting🌾Farm Work#agriculture #satisfying #shot
[7262] _QVw7GhGHN4 → 5 Best Springtime Activities in North Idaho for Outdoor Lovers
[7263] b-ckoC-7wuo → Empowering communities through viable seeds BASICS II
[7264] 89tUriuaGzI → Farmers' Guide to High-quality Seed Production
[7265] tcGICG-aPLg → Benefits Of Bobcat Equipment Leasing
[7266] zhCLPEZ3WwY → Excavator operator training #training
[7267] YWiNfPRNXsQ → How to Buy a Cheap Used Tractor
[7268] J5Ip7dL9XE8 → Do you have a farm assistant? What I mean is drones#Agricultural Drone Parts#DJI agricultural drone
[7269] 7YrYKL2abhw → Critically Examining and Improving Farm Management Practices
[7270] AsvsU0ZR2FQ → L’apprentissage à L’Etat de Vaud : Les métiers de la terre de l’environnement et de l’alimentation
[7271] 825dKbWlmIY → What Are The Benefits Of Crop Rotation In Organic Farm Planning? - The World of Agriculture
[7272] Oo7DpNPR-tM → Vertical farms are failing - what we can learn from their mistakes | Nicholas Varas | TEDxOshawa
[7273] OtkaADcPjfY → Crop farmers called to come up with sustainable agricultural methods - nbc
[7274] 0HQySp30C2U → How Cotton Processing in Factory Cotton Cultivation - Cotton Farming and Harvest
[7275] Yut8_Lq5dmY → Drip irrigation system slowly 😋 plastic bottle self gravity watering for the garden plants pots
[7276] I2KFniGuIDU → Spinach planted from seeds on drip irrigation system.#farming #spinach #plantingseason #womenfarmer
[7277] v8soeX3iWNA → Smart Farming Machine 🌾🌱 #agriculture #innovation #farming #technology
[7278] focAHWWY_QI → Importance of Synergistic Crop Rotation and the Impact on Soil Health
[7279] xJlfsgQwGe8 → Fresh Natural Figs Farming Harvesting #Agriculture #Fruit #FruitFarming #FruitHarvest #Farmer
[7280] feFfw99fddA → Simple Method for Planting Small Food Plots
[7281] vRK1oDZ3GuM → Farm Equipment Scam Exposed!
[7282] IkIoMv21Ujo → Tractor Rodeo event #2
[7283] 6arq5QI0KzA → 6 Garden Food Crops You Need to Grow in Containers!
[7284] TQ65u-vJaEQ → Bush beans are the perfect filler for a raised bed but be sure to plant them on the edges! 🌱
[7285] cjUH-7dHMvQ → Vegetables are literally a scam.
[7286] uRdditCil3A → Aiou code 1428/8595 commercial geography solve assignment Semester Spring 2024
[7287] eZ6kuYoqF6Y → Video Insights: Impacts of Tariffs on Agriculture Operations & Markets
[7288] 7dYKJf43HVY → Smart farmer self-makes simple multifunctional hoe tools with simple materials👍👍#tools #agriculture
[7289] 4GY3tp88K5w → Iowa Minute: Upcycling is a key sustainable farming practice for livestock farmers
[7290] vk9x9l9lRW4 → Learn More: Grain Markets in Australia
[7291] icadUjAZl2g → Embrace Sustainable Farm Practices
[7292] 0XfFNPedsxE → Precision Agriculture / Precision Farming | The Future of Farming
[7293] vhkJcth8rBQ → Drip Irrigation kit for Home Garden plants Self-Watering Spikes Plants AutomaticWater(Link in Bio)
[7294] R8ScnMiKzNw → This Common Fertilizer Mistake Is RUINING Your Garden's Productivity!
[7295] bitA0S5sp38 → "The Rotolactor" - Hygiene's Latest (1930)
[7296] 0Zf94roIhn0 → How to automate your farm
[7297] 3GAeM0Qpd7w → Deutz Fahr Kombine Harvester – How Efficient Is It? Real Field Test  #farming
[7298] wu7PjKawjwI → Food security - A growing dilemma | DW Documentary
[7299] OOVxpdOL75g → The John Deere X9 The Most INSANE Farming Machine #shorts #johndeere #agriculturalmachinery
[7300] BZpkzEVp7iE → Peanut harvest: traditional farming methods in action
[7301] cvzHcPP_mLg → Makin’ Hay Minute: Pasture Management
[7302] aGMtfa7arkc → Cash Crop Row Crop Commercial English
[7303] 7HaInmJ8z1Y → How to Harvest #howtoharvest #agriculture #agriculturemachine #farm #shorts
[7304] GG4WKfZyz-E → Why Leasing Equipment is Smarter Than Buying? #EquipmentLeasing #CashFlow #SmartInvesting
[7305] B28FiNWb5iU → Ford 8N Tractor 🛢️ Changing Transmission Hydraulic Fluid
[7306] 9rXdkxDNegM → FENDT 10T IdealDrive combine harvester in a field of wheat
[7307] KLAQJdB8jXY → HOA Karen Destroyed My Pipeline... So I Took Her Water Away!
[7308] WGJrx8ONn-c → HAY EQUIPMENT SHOWDOWN!!! | Best Options for Small Farms
[7309] JzkjgdjxlHA → Dasmesh 912 4/4 by JP Agro Farm #harvester #automobile #harvester #machine #service #trending #hard
[7310] Y0xVy4okE1o → This Mistake in Regenerative Farming Set Me Back for Years #soilhealth #regenerativeagriculture
[7311] OXU6ZMDkM8A → From Seed to Harvest| 4 Weeks of Vertical Farming in Tropical Tahiti 🌱 #VerticalFarm #Tahiti
[7312] T7BRytbenm4 → Rail farm tutorial -farm video-
[7313] WKrANHuWM8E → The Half Moon Miracle in the Sahel
[7314] PEY_h-q7Hsw → From genes to farmers fields: waterproof rice set to make waves in South Asia
[7315] jvL5BOXYaP4 → Things went south #automobile #mechanic #farming #diy
[7316] 7gei4BANtnk → See It Work: Tractor Hydraulic Folding Brush Cutter In Action#lawnmower #lawnmowingbusiness #farming
[7317] Tjc--PMHXos → How Navy SEALs Clean and Oil Their Rifles in 30 Seconds 🔱🇺🇸🐸 #shorts
[7318] bCB1Gr7bUsI → The Veggie Vegetable Production System on The ISS
[7319] 9_xSxGHNy_E → How To Plow a Garden - Two Bottom Plow
[7320] PiH4eVCtz00 → TOP 10 Proven methods to improve farming productivity | Farming tips
[7321] iwa-LG7pTC4 → wood chip / wheat straw biomass gasification power plant
[7322] 8JWRvYence0 → Farm Wife Stereotype
[7323] C_bU1HRpQ3A → Mustard farming business model
[7324] I8kiCAetpYc → Perkinz. React Solar Water Pump
[7325] 7Dt4-elD_pw → Very good machine #farm #farming #fruit #satisfying #farmer #nature
[7326] 62IkIsFUZko → Cotton Plant Growth Stages and Life Cycle
[7327] R4G4AiuWOSk → The Formula For Economic Growth | Intellections
[7328] 48ZuVCH6vv0 → தண்ணி மேல மிதக்கிற STAY வா? ATHUM நம்ம CHENNAI பக்கத்தில? | FARM HOUSE NEAR CHENNAI WITH WATERFALL
[7329] TWs7XaImBhw → Is it bad to put logs in the bottom of a raised bed?
[7330] E5FPbDRMLEE → #shorts#garden vegetables at home#trending#ytshorts#shortvideo#why should they grow in the garden
[7331] 9kk1DEF6oN8 → Importance of Hay Storage
[7332] QxUFWzfEqR4 → Revolutionize Your Chicken Coop with the Ultimate Deep Litter System | Order Now! #poultryfarming
[7333] HVv-NXFWuuU → Japanese Farmers' Cutting-Edge Techniques for Harvesting Giant Figs | Farming Documentary
[7334] c2w7xBv4-WY → Hay Day Gameplay Level 122 🌳 | Massive Tree Farming & Smart Harvesting Tips! 🚜🌲
[7335] E6t7YhtVrtw → Amazing Pigs Breeding Stocks 🐖 How to Choose them #shorts #pig #swine #animal #pets #farrowing #usa
[7336] IdRcE_QaH5k → FARMING SIMULATOR 2017 | CORN MAZE DESIGNING WITH COMBINE + HAY WAGON RIDES
[7337] bdtC48xv00o → Ancient China to Modern Agriculture: The Evolution of Plows
[7338] psh76blOUPc → #garden #plants #growing #outdoors #fun #excited #plant #loofah #learning #gardening #backyard
[7339] BQMpPDuqQIY → Insta Organic Farm Multi-Purpose Microbial Inoculant
[7340] ObyTBJbHaXc → Small domestic wind turbine solution
[7341] f32a8B4-ESg → Pounds per acre makes farmers money. #farming #cattle
[7342] FU7DBlgGWY4 → How to identify limnocharis
[7343] 5JIUS8uFASU → Unbelievable Farming Machine That Will Blow Your Mind #farmmachinery #agriculturalmachinery #farm
[7344] jdeS8Z3-fKg → Irrigation System #farming #water #irrigation #youtubeshorts #shorts #new #viral
[7345] 3DmfQ72BsnY → Easy DIY drip system great way to water plants when out of town! #plants #indoorplants #travel
[7346] Sj7OVPhQewI → THIS IS WHY YOU WANT A SNOW PUSHER. #tractors #snowremoval #madeincanada
[7347] Kz5HUUlKHlc → MIXER ON SITE
[7348] 4uy86N72awY → Q&A for Managing manure beyond the farmyard: Manure management for less-typical species and settings
[7349] V90Hk4a8WDQ → Cucumbers love this white fertilizer!
[7350] eCPkMWzkgvc → What is Sustainable Agriculture? Episode 3: Conservation Tillage and Soil Health
[7351] BV6-PsToR6w → Watch This BEFORE You Plant Potatoes 🥔
[7352] zHXvl_3V0Gc → Pliny the Elder’s Natural History: Insights on Agriculture & Land Care 📜🌱
[7353] 8_-PGVEq6ho → Young Ginger Farming Techniques #satisfying #short
[7354] 5ZcKPWeyxh4 → The Challenge With Buying Farmland
[7355] JTxq1Gx3odQ → Farming - Official Trailer - In Cinemas NOW
[7356] K7hr1SOFoXQ → Harvesting Future: Modern Agriculture Tech 2022
[7357] AlJAPkglYA8 → How a milking machine works is FREE Spares The FUTURE Of Repairs?
[7358] pS4S1pWq0_M → loan on agricultural land
[7359] yp36OYJ19e8 → We milked our Nigerian Dwarf goats for the first time using our homemade milking machine.
[7360] tH4xGPBetPc → Resilient Drylands: Innovating for Sustainable Agricultural Landscapes and Livelihoods
[7361] dBkkYImTnUY → Alligator Ranch Waste Management
[7362] c725bJSLQb8 → Transforming Your Soil: The Impact of Organic Matter and Crop Rotation
[7363] OEYLDvesXqI → 窮小夥帶超市穿越 80 年代，靠著現代無人機征服大佬，從此走上人生巔峰！ #逆袭  #爽剧 #短剧 #男频 #中国电视剧 #复仇 #战神 #赘婿 #反转 #shortfilm #shortvideo
[7364] 6cigL0mgrtQ → How Ancient Festivals Shaped Farming Societies
[7365] wJxM3POU92w → Amazing Cultivation Simulator Review | CCP™ Edition™
[7366] lcTdGjc6Fuw → Day 1: Small Pet Select! What’s next? #chinchilla #pets #exoticpets #shorts #hay #rating #review
[7367] zIItPqeJy3I → HOW TO BECOME AN EQUIPMENT DEALER
[7368] j2wgK0kG884 → This Chicken Regrets Her Decisions
[7369] UEOi_VB6viw → This is the Best Zero Turn Mower on the Market #mowing #lawncare #lawnmower
[7370] 5ReuR7sghB0 → The World's Most Delicious Sugarcane! 🎋💦
[7371] gHVA_FyXvPk → INCREDIBLE Fruit Harvesting Machines
[7372] P6QDiHSm_3o → Amazing Farm Machines 🌾🚜 #amazingfarm #agriculture #agriculturefarming #shorts
[7373] 4XraLIgNfTc → Massively Productive Small-Scale Suburban Vegetable Garden | Backyard Self-Sufficiency on a Budget
[7374] GxcLnbe5UgI → Indoor Grow Lights | $ vs $$$ Comparison
[7375] 68x1H9aVTbs → Science of Golf: Golf Course Agronomy
[7376] xiDsAGoUOxA → Irrigation Methods - VI
[7377] 6hvaAQpMQmc → modern agriculture tool farming tool farmers tools
[7378] 59oRZEDHDgw → Muscle meets precision #avant #shorts #avantloader
[7379] _-0-ji3BYfM → Vegetable Crop Rotation on Small Farms with Jordan Scheibel and Hannah Breckbill
[7380] NxVVqu1wciU → Farming Methods of Agriculture / What is Terrace Farming?
[7381] _YcO2jorBG4 → Integrated awesome and innovative solutions for agriculture land management in China
[7382] UjoClde3Dq8 → Welcome to The Farmers Accountant
[7383] lRPzX5i3pMM → HUGE Farm Animal Swap and Sale | Waverly Iowa
[7384] mybbw-jR5Rc → Easy coriander cultivation at home /YouTube shorts/reels videos
[7385] 6m70MZiYkE8 → Peanut Growing 101
[7386] _zX2pe0g3_o → 10 Simple Garden Hacks (Beginner to Pro)
[7387] 7IFPsttWry4 → LEARN THIS INCREDIBLY SIMPLE FIX FOR YOUR QUICK HITCH. 🚜 🧑‍🌾 👩‍🌾
[7388] tUw9uX6RsIw → The neighbour's bull: learning from animal breeding practices in Nicaragua
[7389] bbBxWESCZ78 → Market - Sustainable Farming in Minnesota
[7390] LlY2ROUtNVc → The largest dogs fighting #shorts #doglover
[7391] qkyEhllGSxA → East Coast Garden Center: A Proven Winners Store Within A Store
[7392] XQebiwmOPrM → Agricultural Sciences Grade 12 | Animal Production Systems Explained! 🐑🐖🐓
[7393] 5mqt08W-p5c → Stress reliever
[7394] GRfJef0rHqQ → 06073
[7395] kGMjq_n8i04 → Coffee Farming - How to Start Your Own Business Coffee Farm - Most Profitable Businesses
[7396] Q06WOLF4Uqc → Linear Irrigation Systems
[7397] K8WsioPGd0k → Backhoe for sale in Tennessee  -  (757) 785-9136 - 2005 John Deere 110 TLB tractor loader backhoe
[7398] j3KQddNHnTY → Onions Irrigation Plan Basics | How To Water Root Crops?
[7399] FurAOY9Z0Ko → Growing Pulses in 2019 Webinar: Lentils
[7400] EfYUDxCwbn8 → Simple Pruning tips for Cucumbers ! Maximum production ! #gardening #garden
[7401] fUtqDCI5liM → Forestry Mulcher and John Deere 333P
[7402] KUp3uDHMWxo → BEST CHICKENS FOR LAYING EGGS.
[7403] K7uw2SKNuz4 → Смеситель для  комбикорма
[7404] LTSRjqzkMBo → Day in the Life of a Small Homestead (Daily Spring Routine)
[7405] V--x4OmE05Y → What Is The Role Of Renewable Energy On Farms? - America First Democrats
[7406] -xdQu2dx6b4 → class 5 science
[7407] dKEKQD49WQs → Grow more sweet corn with these three easy tips!
[7408] X7m896_bxxo → #Three-Rural Issues #Three-Rural Issues Content Promotion Plan #agrifuture #farming #agriculture
[7409] Ysxswa-T7IA → BURKINA FASO AGRICULTURAL REVOLUTION
[7410] iwdWkfa5r5s → Hustler Bale Feeders - Model SL700X
[7411] Rc1dxyS4ghs → Farm Fresh To You Organic Fruits Vegetables Delivery | Customer Review | Selena Thinking Out Loud
[7412] dn_7UL0EQqA → The NEW FASTEST Way to Level Up Hourglass in Sea of Thieves
[7413] pUmVcW3q7To → Farm Equipment Rental | Pasadena TX - Mainland Tool
[7414] YPK82IdZ3zc → Drones capture wild boars that destroy crops2#villagelife#smartfarming #rurallife #farmingtraditions
[7415] dV5C7rjT64c → Growing Tomatoes From Sowing to Harvest
[7416] dKtI2-iEywY → Mini Tractor for Every Job on the Farm
[7417] MDyf9F8m0Ws → Runoff Running out of Control by Angelica Mendez
[7418] NyQQRRG-ebY → pointed gourd caltivation
[7419] j_jfeV3HO60 → How Can Crop Rotation Improve Soil Health? | The World of Agriculture
[7420] B05AEpt78uA → Our Farmstead Cheeses
[7421] -YK4qgvTGTc → How to grow plants cheap! Lights for bioactive terrarium
[7422] lSr2afXh6xE → Benefits of Extending the Grazing Season
[7423] BK4malRiPBk → Becoming a First Generation Farmer
[7424] D8H_z8sZgf4 → We'll do the dirty work for you -Ace Plant Hire
[7425] rN-mKL7TREE → Best Farming Practices | How To Succeed In FARMING/AGRICULTURE BUSINESS
[7426] LIO6PexxTOM → #toshkent #automobile #agrotech #farming #agrotechnology #agriculture #clsfarmingapp #baki #agromech
[7427] zAEWe85wrko → Precision Ag Essentials  for your current equipment |  John Deere
[7428] 66NQa52g1G8 → Spray it - Preparing soil continued. #garden
[7429] feb20YC_L9U → This Next Billion-Dollar Startup Is Boosting Farmers' Profits Via Autonomous Farming Technology
[7430] SHhCYj9qXzQ → Second hand tractor on sale #sonalika60 #cheaptractor #secondhandtractor #agriculture #farmequipment
[7431] TWKdbV3fAY8 → Automatic Milking Machine Explained | Easy & Hygienic Milking Process
[7432] 4XHlKFtBs20 → Soil Assessment Techniques and their role in agriculture and Land use planning
[7433] J_TNWmu6FTU → Farmland construction #smartfarming #gardeningtips #agriculture
[7434] 5qPDdUIJylU → Mixed Berries Yogurt From #FarmFresh #yogurt #shorts #unboxing #asmr
[7435] FEvZY8gNYHE → Backhoe JCB  Machine Swaraj New Eicher Sonalika Tractor Over Loading Trolley videoexcavator
[7436] n4cmD4xqObI → How to list farm equipment to rent on MachineryLink Sharing
[7437] P_9g6fkf7FE → Polydome Sustainable Agriculture System
[7438] B2LFVh1m5dQ → SHOULD YOU USE A PLOW OR A ROTOTILLER? WE COMPARE THE TWO.
[7439] lrccaY_csaY → Timber Rattlesnake vs Front End Loader! #jesusislord #farmlife #outdoors
[7440] r1VgDdMNgho → Nyamira Governor leads the commissioning of agricultural extension services
[7441] A1iITpffUgU → Training a young TEXAS COWBODY to ride fences and fix BARB WIRE
[7442] iDm9GhKmOOk → Paul's story: Youth in agribusiness in Kenya
[7443] ZIqWIcyF3ec → DOES GARLIC NEED CROP ROTATION?
[7444] p9mauzY4CmQ → Social Studies Video Vocab: Agrarian Society (Accessible Preview)
[7445] EN0O7Hqt01g → Agricultural Practices
[7446] 9ap6q2dMEXY → Ross farm hay shed
[7447] lg9DQdyTbhA → ⚠PATCHED⚠how to get secret cherry blossom seed in grow a garden #shorts #roblox  #growagarden
[7448] qWFJ1oh1Y3c → A BULL Bust 🫠
[7449] M4vG8molNco → #farmingtraditions 🌱#farming Preet Combine Harvester 🌾 ⚒️
[7450] hGzsfBRoMZ4 → Growing Biodiesel Crops: A Couple of Tips
[7451] NkEhdnXpCJ4 → "Diversity Intensity Profitability" Dwayne Beck SDSU Dakota Lakes Research Farm
[7452] NomREMEy_y8 → Report proves Triple Care Farm's rehab program works
[7453] FgHUQWhi0I0 → Agronomy Management
[7454] Cv370wx9iug → 2015 Alabama Fruit and Vegetable Growers Annual Conference and Tradeshow
[7455] el5k_QbSay0 → Secrets of Korean Natural Farming
[7456] 4bkNRGpRfU0 → Farm Inspirational Quotes   A farmers hands maybe
[7457] 9_ZuIj3emmg → Ranch Life | Livestock | Swift Built Stock Trailer
[7458] IyEol9Als7k → Livestock Farming with Kunau Implement
[7459] PASLVLRW3fU → all top pesticides company are available
[7460] Mm7J5agmzE8 → "Soil Health Is..." Introductory Video
[7461] mYkVZ6ZiQGI → Agronomist Services #agronomistservices #agronomist #services
[7462] zqFNjxKj5tQ → Why You Should Know The Importance of Crop Rotation
[7463] TFPrmdBWlFk → 7 SIGNIFICANCE OF CROP ROTATION IN ORGANIC FARMING
[7464] HGC9x1gg_z0 → Cotton Harvesting Machine  // Cotton collector Machine .
[7465] d4U0bTBhFKs → BYUI Agriculture Science and Technology
[7466] 87VtpvnHSJ4 → Integrated Pest Management
[7467] KnQC3LETGbM → Buffalo Farming Basics: Tips for Successful Livestock Management
[7468] 5DkmlgdBoEU → Antique vehicles and farm equipment for sale
[7469] tSH4B-7TlfY → Crop Health
[7470] 6GyTyHnCX_E → Terrace Farming - Step Farming & Cultivation Explained - 3D Animation
[7471] MaJROBAdHOk → Bachra farming business plan in pakistan | Bachra farming business plan 2025-26 || was de dere
[7472] MBik-ok530w → Hydroponic substrates
[7473] lVl3PRslXSU → 5 Tips to Grow Chilli Plant | Tips & Tricks 21 #diybuddy #plantcare #chilliplant #home #planttips
[7474] mN2CJ59B1WU → Drones Revolutionizing Agriculture - 2024 #shorts #droneagriculture
[7475] LPW3AkjRDkY → Damboya _ Wheat Land Preparation
[7476] cnAOiHu4FkU → Manual Hand Plough / Hand Pulling Plow Garden Tools Hiller Ditcher Cultivator Agricultural Farming
[7477] -mZnkVs_BmY → Growing Onions In Container #gardening #garden #onion
[7478] wCSk338Bn1I → Optimizing the rotation cycle of previous crops increases crop yield  #soil #researchers #farming
[7479] QINzr9NqXzs → (4) 4WD Tractors Sold Strong on Recent Auctions in New York and Ontario
[7480] wp0SQUotTw8 → Maximize your strawberry yield: efficient planting techniques
[7481] tp9gyNAPpYs → Best Mini Round Baler for Hay Baling | Haying Independence Sale
[7482] TxGjC-unTlg → My Daily Life as a Farmer A Hardworking Day
[7483] 8pdcJauWzHw → GeoAg - Growing in Gravel - Memorial Day 2018 Backyard gravel garden.
[7484] _UrcqlH4Ue8 → 2025 SEED HAUL!! Unboxing New + Restocking Favorite Seed Varieties For The Upcoming Gardening Year!
[7485] NlOCQg_3wc8 → Amazing Fruit Processing Line - Watermelon melon Sorting and Packing
[7486] Nkd8LuzEB_U → Liberty Falls Easter Egg WORLD RECORD Tips
[7487] 2yg6FYw2YyY → Telake CE Certified 4WD Agriculture Tractor Agricultural Machinery 110HP 120HP 130HP 140HP Farm Mac
[7488] naTuHoUK-UU → Калибровка семян
[7489] kXbwAc8uP-g → Sustainability Agronomy Series 1 | Ep#3 - Living with leatherjackets
[7490] 7-BYfJx6QFQ → Easy way to grow peanuts at Home
[7491] 6v_KC9mZydI → How to Weld an Impossible Triangle (Tribar)? | Is It possible?
[7492] FSWi3mVwnys → Planting 50 Acres of Corn for the first time
[7493] tZ1NFsAMlIA → Agricultural operations: feeding cattle in a large barn
[7494] _F1uPjAsNHo → Integrated farming at Karamana Agricultural Research Station | Haritham Sundaram EP 411
[7495] IXwLy32EIGE → 07 - Rafter Support
[7496] PPqyL3RqqYA → San Juan Bautista Grower Has Success With Dry-Farming Technique
[7497] cD-BH9eobMs → Asparagus Farming Live You've  Never Seen Before: Modern agricultural technology
[7498] uwkPuhOCHkc → Holly & JP Heber Talk Healthy Soil on their South Dakota Farm
[7499] pVWuaAIXRKY → 😊👍✨😊👍✨😊👍✨😊👍✨😊👍✨🌞🌴🏄🎇🌞🌴🏄🎇🌞🌴🏄🎇🌞🌴🏄🎇🌞🌴🏄🎇🎂🎁🎉👑🎉🎉🎉🎊🎊🎉🎉🎉🎊🎊👨💓👩👨💓👩👨💓👩
[7500] e_1Ky8YpuKM → Mealworm 101 || 5 Simple Steps to Starting a Mealworm Colony!
[7501] cHrqRX8w2jE → Life Story of a Farm Wife in the 1900s - Firsthand Account
[7502] oxJ3W7chNJM → Organic Farming Economics Project Class 12 #farmingtech #shorts #organicfarming #agriculture
[7503] 1wBcaYIcGS4 → Low Pressure Drip System Tour
[7504] qlI7AqzoWb0 → Farmers MUST Ask For THIS Biochar Certificate! #farming #biochar
[7505] gt348b2hFWo → 🇨🇳 Amazing Chinese Farming Techniques 🌾 | Smart Agriculture Innovations 2025 🚜
[7506] jbKT8ejSiE0 → MAX The Summer Season EVENT FAST Grow A Garden! (Summer Season Harvest Fast)
[7507] x5hvFmA8SUs → 📌 🚜 4 Types of Fences for Your Ranch Property: Which is Best for You?
[7508] wTcETzb05Wc → As a woman I homestead #homesteadlife #homesteading #homesteader
[7509] SqxAGB6oIeY → Sharing Tomorrow: Japan's Agricultural Technology | The Government of Japan
[7510] l3XBq2_Q-cw → Soil Health Management for Soil Sustainable Agriculture -Dr P. C. Patel
[7511] pLjbENhhm7E → Statybines technikos nuoma.
[7512] y1AdCERnb_0 → Leasing
[7513] OOMKlIUHKNY → 44 basil plants growing in less than one square meter #basil #1sqm
[7514] Y_GdUXABlXw → Future for climate resilient crops
[7515] 20VI0p-yzyg → How to Install a Cheap Drip Irrigation System || Black Gumbo
[7516] jVsFLMQBLLw → Burying Weeds to Prepare for a New Planting Season | THE DUC'S PLOW
[7517] tUb6n2XMvDs → From Military to Farming: A Journey of Service Season1- episode 7 #brotherhood #blackmentalk
[7518] 1GXDe7OiKZo → Agricultural practices || What are the 7 types of agricultural practices
[7519] gFjIkq2TqlI → Aquaponic System: "How to design easy diy aquaponics at home see description"
[7520] ZYg3BexpRoY → Community Income Generation Innovations ISU Center for Sustainable Rural Livelihoods
[7521] msaA75Z2js0 → Forgotten Farm Animals: Heritage Breeds at Risk
[7522] hMeEi9toXC8 → Simple Machines - Pulley based
[7523] N_9-ewwdsFI → Mod-02 Lec-02 Our Agriculture Practices and Lessons
[7524] 0MbPOlxKwtA → Hurricane Advisory - Agriculture Crops
[7525] CTCDuJucbAo → Planning and designing a shelterbelt - lessons learnt from the Pinery fire
[7526] ZoUbuEuwCBg → Barrel Tumbler Mixer Build  @UncleTimsFarm
[7527] Zr0sUBPQhco → Amazing Mini Hay Baling Machine for Small Farmers  | Modern Dairy Farming
[7528] m5t7aR5cSZc → Crop Circles: Alien Messages or Human Designs? | FULL DOCUMENTARY
[7529] ty4Fe1niL50 → "Tomato Gardening for Beginners 🍅 | Step-by-Step Planting Guide" || subscribe kaise badhaye free ||
[7530] i7MFqBgc8VE → Installing a chain link fence with EZ ties
[7531] TWVG90ztSYI → Potential Soil Health Improvement Through the Integration of Cover Crops and Manure in the Midwest
[7532] mzFJA61VgKs → Wood Chip Pad Winter Feeding Area as a New Livestock Manure Management System
[7533] xxjIDA2JjTA → Machinery Problems and Farm Inspections
[7534] FsDnJpTmlWQ → How to regrow herbs / 10 herbs you can grow in water easily
Error fetching metadata for video ID -9GN51-mg_k: Command '['yt-dlp', 'https://www.youtube.com/watch?v=-9GN51-mg_k', '--skip-download', '--print-json', '--cookies', 'cookies.txt']' returned non-zero exit status 1.
[7535] -9GN51-mg_k → Unknown Title
[7536] P7gNto62zwU → Is 100% Grass-fed milk different than Pasture Raised milk? | Ask Organic Valley
[7537] 0RPfZZhrs4Q → Hay Shortage
[7538] 79s_PJ0E2CQ → Rain Water Harvesting System Top Mistakes! Don't Make These!
[7539] KJM4olE1lwc → Gun Sprinkler Irrigation System
[7540] 3Eyq93SqnNc → Livestock Integration at the Dakota Lakes Research Farm - Cody Zilverberg
[7541] Ol0zBB3C8FE → Gardening Tips for beginners# snake 🐍plant 🌱##
[7542] cPAxbV3_9Sw → Burning straw @Shorts
[7543] X0YSPC1Zc1E → The vegetable garden-weed control by hoeing
[7544] 3QLYFg4NIN8 → Why Do Farmers Rotate Crops? - Farm Basics
[7545] 24YSOWBh6nE → Every hay farmer.
[7546] xHmgqiZs_rw → TILL vs NO TILL Farming & Gardening. What’s the Difference?
[7547] 5tX4vOAR53k → China's SECRET Double Farming Technique! 😳
[7548] LETiFcGzKL8 → Aquaponics: Integrated Vegetable and Fish Farming System | Integrated Aquaculture & Hydroponics
[7549] BaLxdLJ2l9U → Funky Farm Official Trailer 2019 -  Kids TV Puppets Farm Animals Animatronics CGI
[7550] R5ufp4jR7dc → We bought HAYING equipment and we have no idea how to use it...
[7551] LPyo4OQk8ew → What Are Different Irrigation Techniques? - Earth Science Answers
[7552] ZTrfesm_H5Y → Wooden Rope Water Pump
[7553] c31gnELd2DU → Shit that Goes Down on the Dairy Farm
[7554] vaUbIjIdFHU → High speed hay cutting! #farming #agriculture #harvest #shorts
[7555] z-yn9I0YwtY → 1 month growth in an aeroponic Tower Farm in Cape Verde Africa
[7556] 6usFEkGAsro → The Work of a Soil Conservation Specialist  |  MD F&H
[7557] DcHKOC64KnE → Queens Of The Stone Age - Go With The Flow (Official Music Video)
[7558] 5hQ12br3tVs → Growing Apple Trees from Store-Bought Apples
[7559] mrHybPomosI → Best Crops to Plant for Each Season in Story of Seasons Pioneers of Olive Town
Error fetching metadata for video ID zDtPnn_2ZN8: Command '['yt-dlp', 'https://www.youtube.com/watch?v=zDtPnn_2ZN8', '--skip-download', '--print-json', '--cookies', 'cookies.txt']' returned non-zero exit status 1.
[7560] zDtPnn_2ZN8 → Unknown Title
[7561] LPUqqLaTkQk → Growing against the Odds: a Farmer's Struggle against Climate Change in Gaibandha Bangladesh.
[7562] 35x5KLxNh3k → Cover Crops No-Till and Our Soil Health Journey
[7563] VMvUN80AIQs → She had surgery 💕
[7564] ZsI66nNQmrA → Driving around looking for plants 🪴!
[7565] 9y_rpoaMn-w → All of Your Hay Baling Needs | Haying Independence Sale | Tractor Tools Direct
[7566] bjocpz5DhXE → I harvest onions it's great 💯. #meaning  #philosophy #shorts #respect
[7567] Dd3zvUV9Y3M → Aquaculture process - harvesting selling clean products gardening at SANG VY Green Farm
[7568] Zn24xCYtfTk → Rotational Grazing For Beginners - The Mac's Happy Homestead
[7569] 3QaDthXK77A → My secret weapon for starting seeds..
[7570] NZsny2Lhl28 → NFMS 2025 Farm Show Specials and New Aftermarket Farm Equipment Parts
[7571] -vzc33vjtWA → GRANORESILIENTE: impresa e ricerca unite per l’agricoltura circolare e sostenibile
[7572] eZBOhpxxMaA → See How Crops Get Picked Super Fast by Machines!
[7573] dbKi7qcAhRg → Exploring Gardeners’ World Live 2025 – People Plants & Pollinators
[7574] cyjlLbjjzLU → Wind Mitigation insurance inspection roof and shutter citizens inspections
[7575] 2oiut_NXoi0 → Conservation agriculture for efficient water use
[7576] CBL2TgEE4ag → Iowa Economy panel talks how to get involved in farming
[7577] zufyvx_T4aQ → Corn Farming
[7578] dbQJqLUdadU → How I Protect My Hydroponic Crops- Without a Single Drop of Harmful Spray #garden #farming
[7579] AxxKKsOnDSo → Top 10 Agriculture Trends and Startups
[7580] _yXPJdK8Pe0 → American Farm Works Solar Powered Fence Energizer | Tractor Supply Co.
[7581] A_RxI3ktObs → What Are The Environmental Impacts Of Agriculture? - International Policy Zone
[7582] QpWchukRihg → Setting Up Weave Automation #johndeere #weave #automation #tech #agriculture #farming #shorts #clips
[7583] D2cCFJfnzAw → Blue Lizard Farm an Education Series Farm Equipment
[7584] LCPnXvyzev8 → New technique for growing tomato plants #tomato_grafting #tomato #farming #viral #shorts
[7585] rrDOkKA0Yfo → Inspiring Alternative Farming Methods
[7586] 2_AVu1W56qg → Is Farming really a Poor-Man's Job? #johnmahama #africa #farming #ghana #kenya #africa #food #crops
[7587] WfEMiscVdQ8 → History's Biggest Wealth Transfer Forced Us To Buy Farm Land
[7588] hbzWHLHqays → Hydroponic Farming Success Guide
[7589] OjYhAzk8MYs → Your Homestead: The Ultimate Garden Tour & Planting Guide for Self-Sufficiency & Sustainable Living
[7590] nIJ6w7ezTtU → (AV09530) Wartime Farming in the Corn Belt
[7591] uqbdQXvwR-U → How Does a Biomass/Wood-fired Boiler Plant Work?  | HoSt Bioenergy Systems
[7592] MBxRNS5CpzU → Modern Agriculture Machines on Another Level – Saving Farmers Millions #2
[7593] UFv-JCQqWqo → Escaping A Grain Bin 😰
[7594] TJ8ua_EWBIc → Growing Tomatoes Earlier and Faster: One Idea (Alternative to Low Tunnels)
[7595] AK7zsELUKxg → successful mango grafting #sort  #garden #mangotree #plantcare #grafting #agriculture
[7596] XTPRwpr16jg → Different Types of Tractors In India....
[7597] yDrrjWDsbiI → Revolutionize Your Rice Farm with Smart Tech!
[7598] 1queJOn6Ghs → Claas - Hawe / Getreideernte - Grain Harvest
[7599] QR7hhTEL6eg → Waste to Wealth: Unlocking the Power of Circular Agriculture in Africa
[7600] tmX0_tLZINs → Everything You Need To Know About Agro Bio Inputs | Smart Agri Hub
[7601] 4f6YdxlV2XM → Grow beautiful ficus plant at your Home | Urdu/Hindi | #aplantlover #plants
[7602] kxAEiHCErSA → Remarkable Rice: how does rice grow
[7603] xla7xLKWJCs → Video Of A Tractor Machine Pulling A Hay Baler - Free Stock Creative Commons Video
[7604] L6mlq0KH20k → The Secrets To Succeed in Soybean farming
[7605] 0r8WrmE1fwg → 10 ADVANTAGES OF VERTICAL FARMING
[7606] 9jl08ZTmAq0 → Handicraft Agriculture: The Future of Farming! #shorts #farmlife #farmer #agriculture #handicraft
[7607] y9EBsD1BfXQ → How to Start a Good Alfalfa Stand
[7608] Et9UwZPPlOA → I bought something totally unexpected! Farm Equipment Auction 2023. Video #132
[7609] 0OdQVB-akww → Agricultural Biotechnology: How Are GMO Plants Made?
Error fetching metadata for video ID FeGvZLPccXo: Command '['yt-dlp', 'https://www.youtube.com/watch?v=FeGvZLPccXo', '--skip-download', '--print-json', '--cookies', 'cookies.txt']' returned non-zero exit status 1.
[7610] FeGvZLPccXo → Unknown Title
[7611] 1o4Lf9kh6oI → Massive Coop Upgrades! 🐓🚪 Window + Chicken Door Installed!  #chickencoop #homestead #noblueprints
[7612] 5jOkQea9u60 → Quick Shoot Production from Sweet Potato
[7613] 31OQjXpgZKI → Homesteading with a FULL TIME Job!
[7614] 7Fb-RQL1l-Y → The Complete Guide to Rice Planting and Vegetable Harvesting: A Sustainable Farming Journey
[7615] PbxO5NNRKYU → AMC Equipment sells agricultural equipment. #farmequipment #agri #agriculture #agriculturefarming
[7616] cydns9FBmkI → (Tiv) Six steps to harvesting more than 20 tons per hectare of cassava with improved weed control
[7617] OhMa9mjj0fk → Plot For Sale Near Shamshabad Airport Hyderabad
[7618] 7pafixynoZo → Compact Agricultural Robot for Farming - XMachines | Planting Spraying and Weeding | Farming Robot
[7619] TbvDpagakbw → Why choose the Two Brothers Groundnut Oil? Explained by farmer Ajinkya Hange.
[7620] oirGEeV7Q5c → Mastering Orchard Management: A Beginner's Guide
[7621] 1YWTfrgJOKY → How does the agricultural activity most likely affect the surface water of the area? Excess crop mat
[7622] HwCVngb5RTg → Hay Day - Birthday Balloon Maker (Explained)
[7623] _7ft4v_B2dg → Soil Conservation and Organic Farming: BPSC 70th QUESTION ANALYSIS ESSAY PAPER.  ABHISHEK ABHAY.
[7624] wXFzjpMKrMw → Introduction to Agricultural Biodiversity
[7625] -XZbe4xgBz4 → Latest models of agricultural tractors #diecast #cars #modelcars #diecastcollection
[7626] LxWXh6eyMWY → John Deere 3200 3400 Telescopic Handler Parts Manual PDF | PC4295 OEM Catalog Download
[7627] L_z5QfaxYAc → Plowing and preparing the field for planting crops
[7628] 9v2ZU4Pg22w → Gardening Books You Should Read #gardening #booktube #growyourownfood
[7629] bc8ARzfg_VY → Beat The Heat & #Hydroponically Grow Vegetables Indoors!!
[7630] oOm9h9trr0o → I Built A Winter Garden With PVC Hoops and you can too
[7631] z9k5vsXJ2PM → Man Embraces Radical Simple Living in Japan
[7632] SdtIEmwo8j4 → Machinery Pete: How are Off Lease Tractors Affecting Used Market?
[7633] 3ZptcDA-aw4 → Product of the Week: Stirrup Hoe! It is perfect for eliminating those weeds quickly!
[7634] cd9UMxd0D38 → 7 IMPORTANCE OF IRRIGATION FARMING IN CALIFORNIA #geography #californiaagriculture #irrigation
[7635] 4N42YPw2Xjo → Improving Productivity and Lives of Farmers in India’s Maharashtra State
[7636] YszAGsqOdOQ → Scenic Wetlands Area in South Dakota Farm Country
[7637] YyKxICl14Pw → Why Have a Pond? Reason #4 FLOOD IRRIGATION
[7638] ALOg5IY-4g0 → Revolutionizing Urban Agriculture: The Vertical Farm Initiative
[7639] ZSpReycfeKQ → 12 Modern Agricultural Machines That Take Productivity to the Next Level #shorts #ModernFarming
[7640] g_bNRoNAXm8 → 2019 Merhow 3 Horse with Hayrack and Ladder vin 031978
[7641] eoECZmFyLVQ → เริ่มแล้ว งานเกษตรภาคเหนือ ครั้งที่ 10 “นวัตกรรมเกษตรอัจฉริยะ เพื่อเป้าหมายการพัฒนาที่ยั่งยืน
[7642] HXjLA5veyfs → Corn Spacing 101 - Garden Quickie Episode 8
[7643] Hw6Oh4l4zWo → Key messages for northern growers | 2023 season
[7644] 8UIiIit1K-8 → Sustainable Agriculture Technology and Feeding a Growing Population
[7645] e35SQccvJg0 → Modern Irrigation Methods in Agriculture | Best Irrigation System in Farming
[7646] GuCROW3eKYA → Here’s what I sell at my farm stand: spring 2025
[7647] 5ISFuDeqZpU → Rural Economy Focus | Agriculture and Rural Development
[7648] NDyPoVWq3hE → Off-Grid Solar Power Irrigation System
[7649] ec4p2YcTpcw → anjir growing tips #ytshorts #shorts #organicfarming #nethravlogsintelugu #anjir
[7650] 2oOLshfSPeA → Preserve the Wonder - Improving farming practices
[7651] E1tvaWrqE-Q → 15 Amazing Types of Farm Crops
[7652] Ph7UWbYUazI → How Chinese Duck Farmers Make Millions! 🦆💰
[7653] 7Q5iJ0asrz0 → These Hay Hauling Fails are Why My Sides HURT From Laughing😂 #funny #failarmy #farming #lol #comedy
[7654] 65h7fuucNsg → Committee on Agriculture 27 – Sustainable Livestock for Sustainable Development Goals
[7655] bL2Y_JZtopY → Is Crop Rotation Necessary?
[7656] sKN7ZB02G9E → [Stardew Valley] Farm work and Farm Life Is Calming :)
[7657] T2fmjrxV-5s → No limit for Bounds Hay & Jesse Bounds Trucking ! What is our vision ? #hay #trucking #farming
[7658] MLI5yeEDxdk → How Does Crop Rotation Impact Agriculture And Climate Change? - Earth Science Answers
[7659] RwUxv9WdJfk → AGRICULTURAL INPUTS PRODUCTION TUTORIAL - Farming Simulator 22
[7660] mVGepYEsQy8 → Dripline vs. Drip Tape: What's best for your Garden?
[7661] DhGV9QaNNQw → Can new GMO crops help grow sustainable agriculture
[7662] beeZoADGL-w → Ask A Farmer | Ep. 2 | Peach Farmer
[7663] NpLyAvlowtA → HARVESTING Okra in MY GARDEN || How to Harvest Okra  @farmguards
[7664] TK86lRpx1iA → Planting Romaine Towers │ Starting Irrigation System
[7665] xd-KJAaKqPo → Lesson 21  Concept of Sustainable Agriculture
[7666] hIfszXItGJo → How To Milk Goats
[7667] fruy1fraT_E → Tailor and the elephant story in English||Story writing
[7668] kMYJpRwGttw → How to Feed Wrapped Hay to Sheep
[7669] FcR_IseDL54 → Tropical Fruit Farm Harvest -Amazing Agriculture Technology #Fruits Tik Tok. #Shorts
[7670] 0H4uUTF-rq8 → Howard Bingham
[7671] x1_BBUpSvrg → What is Modern Fish Farming Tech: The Future of Seafood || Farm Modernization #Aquaculture
[7672] w-JEtbawc3U → Outstanding Equipment | Kibble Equipment Auction
[7673] EnSAY7nWo8U → Permaculture Demystified: Your Essential Guide for Beginner Green Thumbs!
[7674] EqJ0o-feeZ0 → 5 reasons why mountains matter
[7675] _doR7WEdIok → Making Biodiesel from Cooking Oil
[7676] 6j2hSbPH0PM → Oddly satisfying garage storage trick! 🤯
[7677] gYSr3nbKktk → Getting to Know Soil Health Indicators
[7678] f1AZu0WP7zE → ShopRite Blueberries: Farm Fresh to You | ShopRite Grocery Stores
[7679] oMHtS6ZKdvk → Garden Maintenance & Planting Perennials | Easy Tips for a Beautiful Garden All Year Round #garden
[7680] wsE0SiNJ4bg → Tips & Tricks Balcony Gardening - REVIEW Balcony Gardening
[7681] VjZCgV8ysss → How do the farm animals farmed for our food live?
[7682] 2zEeOLFf-m4 → Why is it called "Plant Hire"?
[7683] GqU7XQKTxTM → AI-Powered Crop Management |  A Deep Dive | Podcast
[7684] CYehAVo4pxk → Discover the Heartbeat of China’s Countryside! Chinese Rural Farming:  #chinese_farming#chinatravel
[7685] _cjzD4c773U → Is Rotating Crops Necessary for the Vegetable Garden?
[7686] p1pVPuiFKdU → The Art of Garlic Farming: A Look at the Process from Soil to Packaging| Farming Documentary
[7687] uAtfI5OWE_4 → How to Germinate dates seeds #shorts
[7688] dlp_MgVJCYc → The TRUTH About Regrowing Veggies From Kitchen Scraps
[7689] JildWmg6hgc → smart farming equipment most amazing agriculture equipment new agriculture technology
[7690] r1N0ZaXq0FQ → ¡COSECHA DE TEMPORADA!
[7691] MvgIgPv0DUQ → Mod-14 Lec-39 Indian Summer Monsoon GDP and Agriculture
[7692] 0QqIeHlQXVI → NASA Satellites: Advancing Agriculture and Monitoring Plant Health from Space
[7693] yGJCW0Xiq4k → Future of Farming Must-Have Spare Parts for Your Agriculture Machines
[7694] -gGNzrNl0Q8 → Best Soil for Containers #containergardening
[7695] V1kPFqp8TWI → Workmaster 25  I welded a quick attach plow first time out.
[7696] 2pDguza29KE → Current Affairs Show | News Analysis With Ashirwad Sir | 30 August 2021
[7697] pibnm8Mz2Ac → Critical Making Mentorship - Gravity-fed Modular Irrigation Kit by Ira Emmanuel
[7698] O-tLov3uGj0 → Agricultural Commodities: The Basics of Trading Futures and Options
[7699] PQbHJa6FmRI → Super Cute Calves Hiding In The Hay! #cow #vlogs  #farming
[7700] 4iHetKRd4xE → Module 4 Pt 1: Extension for Climate-Smart Agriculture
[7701] gzmCFAfpRoY → Historical Facts about Common Farm Animals #history #farm #facts #interesting
[7702] n7QJ17T5sk0 → Weird and Wonderful in Early Shakopee
[7703] Qmm46xgetUY → Secret Tool for Moving Pigs! || Setting up Kune Kune Rotational Grazing Paddock || Pastured Pigs
[7704] ib5uiLMM2wY → Plant Life Cycle - Learning Life Cycle - Videos For Kids And Toddlers
[7705] -GOFUCLyyD0 → Making a potato tower.  #veggies #gardening #potatogrowing
[7706] UJ7b5CPExEA → Hand Tiller Garden Claw Manual Twist Tiller Heavy Duty #shorts #viralshorts #gardentools
[7707] arsciSfWhkE → How to Clean Farm Fresh Eggs
[7708] on9-tWgVV6A → Creamy corn on the cob 🌽
[7709] F6i4O0g_9GA → Organic Vegetable Farming with Shillingford Organics
[7710] 9WAvsrjrSWA → Learn About Bees for Kids | Pollination for Kids | Beekeeping for Kids
[7711] ZhALNJ09yk4 → Vertical string trellising tomatoes
[7712] MY7i-nk89cs → Jhené Aiko - None Of Your Concern (Lyrics)
[7713] QXGeeLaltxs → Beautiful Pepper Seedlings #satisfying #farming
[7714] -IfiDn8TUCI → Why are traditional irrigation system important?
[7715] 2Og7xuSPgcg → #farming #agriculture #vlog #naturalfarming #virelshorts #biodiversity #nature #nativetrees
[7716] xgd5Mt25koI → 3. Dawn of the Stone Age - OUT OF THE CRADLE [人類誕生CG] / NHK Documentary
[7717] L27kdA7qRd4 → How to increase your breast milk supply
[7718] n5tJHPtiYNE → How cattle halal ritual kosher rotary killing box works Cow abattoir slaughtering equipment supplier
[7719] BZ8LhxPZZhA → Agricultural techniques in the world.  Less time consuming.
[7720] N5apVty6Ipc → The Ai robot transforming agriculture
[7721] Xl-3LG1RMW4 → Smart Way To Save Water  During The Dry Season #satisfying #agriculture #farming
[7722] aX6JDqHG27Q → Smart Agricultural Solutions for Smallholder Farmers
[7723] mIQuBrmLUc0 → Terry McCosker blowing minds and expanding potential in interview with Sam Jewel
[7724] qh10hmXfqhc → Best Irrigation System For Vegetable Garden in 2023
[7725] 1kfa4jYkq9k → Forest Harvest Methods: Clearcutting
[7726] _i_G198ois8 → Your equipment need parts? Ask from us - we try to help 🦾 #machinery #parts #shorts
[7727] Pv-N3zjRnOY → I don’t have cows but mob graze my horses & they do an excellent job.
[7728] CvV9LFih7D8 → Glad She Didn’t Jump Over Me! #cows #ranching #farmlife
[7729] WYnSaIdSt3g → Advantages of crop rotation
[7730] SEMCknW25Cs → The Art of Market Gardening: A Walkthrough of 'La Grelinette' Farm
[7731] NV2zISOKGyg → Buy or Rent Smart Micro Tractors with Hello Tractor
[7732] jGbgIERVrN0 → Best practices for soil
[7733] qmyseXEIyLE → Unveiling the Agricultural Revolution: How Farming Changed the Course of Human History
[7734] dk_viP-tktQ → Precision farming techniques - brought to you by AHDB Dairy
[7735] 0LdS3n3Fx1k → African Village Life | Morning Routine In The Farm
[7736] IATO9z8Dj3k → CREC Steve Zwinger: Organic wheat/flax intercropping
[7737] irs23Wkri6c → Chen Juanjuan - Window of the soul  1948  陈娟娟 - 心灵的窗
[7738] VaDccWJJ864 → Methods of Crop Production
[7739] K6TauGx5mws → New Farmers - Choosing a Tractor for Your Farm
[7740] PhHPartlsgI → The Biological Flywheel Minerals in a Carbon/Biological Cycle
[7741] E953MgvjX98 → How Farmers Harvested 10 thousand tons Of Sugar Beet – Agricultural Machinery & Ingenious Tools ▶73
[7742] Q_Rtc63KJNI → 2023 UPSC IAS Mains answer writing batch - Agriculture lec 1
[7743] D7VIFJAYJv0 → Wild Animal And Domestic Animal Names In English
[7744] 9MvPlUUm3Kw → Winter grazing  Pt 1 w/ Allen Williams  #farmers #grazing #regenerativeagriculture
[7745] Qnx_0wLdWAU → Mobile cube baler working video
Error fetching metadata for video ID L5OkO1JlylI: Command '['yt-dlp', 'https://www.youtube.com/watch?v=L5OkO1JlylI', '--skip-download', '--print-json', '--cookies', 'cookies.txt']' returned non-zero exit status 1.
[7746] L5OkO1JlylI → Unknown Title
[7747] fGZqA49KrAg → Farmers in Action: HARVESTING with John Deere Precision Ag Technology in Scotland
[7748] Ub36hxr0eeg → Mechanical Advantage of Pulleys
[7749] d2Cg_kqPr10 → From Urban Hatred to Agrarian Idealism and Self-Reliance: Jefferson and Emerson's Vision
[7750] jQI4gUiM2sI → Cropping System | Agronomy-4 | Mono Cropping | Multiple Cropping | Intercropping |
[7751] VhKBqY8GGLI → Corn Planting Dates and Hybrid Maturity
[7752] 22jmJtPNkRI → Diversified Crop Rotation Adds Value
[7753] p4_xlsyRR-U → Agricultural tools drawing / how to draw agricultural tools with names / farm tools drawing
[7754] pmX2-yMxKOY → Unlocking the Secrets of Sumerian Crop Rotation Techniques!
[7755] 7bLBiRNIJjE → China Factory 4X4 Wheel Tractor Farm Tractor with Optional Parts
[7756] aS_vfdhNUPo → Organic Cover Crop in Adverse Conditions
[7757] DfPRT5m2-vQ → মিল্ক কুলার বা চিলার মেশিন || যারা দুধ ও মাঠা নিয়ে ব্যবসা করেন ||
[7758] oHJxAh8X1_c → ORGANIC FARMING 101: TECHNIQUES AND BENEFITS | ORGANIC FARMING BENEFITS | ORGANIC FARMING METHODS
[7759] IdTrvrwVd4E → Inoculating Grain Spawn from Midwest Grow Kits - Bulk Growing Series (pt. 1)
[7760] dQGBJwuHMzQ → Hen Farming in Australia | Hen(Chicken) Farm | Business Idea   #Shorts
[7761] TITy0AkTDIM → Over-seeding and Pasture Establishment: Expert Tips
[7762] Ltp-btgLscM → 15 CHEAPEST States to Buy FARMLAND in AMERICA (Shockingly Affordable😮)
[7763] wSKvcAflZEI → Cow food cutter machine | grass cutting machine for cow feed price
[7764] qyLLghOkrwc → How and When to Test the Soil for Nutrients on Your Produce Farm
[7765] g6s3_RkouX0 → Hustler's Bale Feeder is "Designed for Farmers and Efficiency"
[7766] 7Z_4o4CUoAg → Rotary Tiller in Action: Farmers Prepare Fields Efficiently for Spring Planting.
[7767] xi0u0brceiQ → When To Buy or Rent Heavy Equipment
[7768] viHCcx8nPjc → Beginning Farmer Resources and Grow Louisiana
[7769] B-o9WKQGGM0 → How to Plant a yard and grass seed like a pro -  Grow a new lawn overseeding yard & sod care tips
[7770] b-Ws5ehJQvc → How to GROW SWEET POTATOES from a grocery store potato! #sweetpotatoes #texasgarden #gardeningtips
[7771] xrYIYsoZJzc → Farm Sale Madness 2" Auction Fever!" Farm Machinery Ford Tractors Massey Claas  John Deere
[7772] 3DBtZlcIqOQ → Tips for growing chayote at home
[7773] PaNJDHmafJk → Planting Azaleas
[7774] NJ3sGlO_dA4 → DIY houseplant! 🍠🪴
[7775] zXMlTLJH8_Y → Revolutionary Method to Kill Weeds – Works on Any Land
[7776] 88bT8FmVjNM → Revolutionary Smart Farming Efficient Livestock Management & Modern Milking Techniques
[7777] A7NaVsDM2dk → Agricultural Practices- Soil preparation and Transplantation.
[7778] fAIdBikhRzU → 3 AFFORDABLE Tomato Staking Ideas Including the Florida Weave!
[7779] 58qvVVYhxgk → Farming teamwork: preparing land with shovels
[7780] mrEcSybzaW4 → Basil grows prolifically on an aeroponic tower
[7781] xwJzKQN9hHs → Impact climate change on coffee farming | Modern Agricultural Practices | Part 2 | Farming Futures
[7782] SizXQPJJDws → Changing U.S. Trade Policy Impacting Canadian Ag Imports & Exports
[7783] DBTzye4L1-g → Steps for hydroponic plant cultivation #shorts
[7784] KFVQoU4evzM → Free Good Agricultural Practices (GAP) Training for Urban Farmers III
[7785] 33xjGs83qj4 → CVTC | Agronomy Management Program
[7786] DIJUWBPw8C0 → ⭕ Advantages And Disadvantages of Extensive Livestock Farming ✅  Biggest Bulls And Cows
[7787] -kDHdOhjLEw → Why the three-field system is more beneficial than the two-field system | DR GROWL
[7788] ZqNQ2RXWm4I → Bangladesh 🇧🇩 Village life documentary in Urdu and Hindi
[7789] 9fOe2bnZHrY → No need to buy potting soil again! | Garden tips & tricks #greenhouse #homestead
[7790] MlEKN268u6s → engineering machinery parts  tractor parts corn harvester parts
[7791] FSFBPtRO4HU → How to Grow Tomatoes - Tomato Farming | Tomato Cultivation - Complete Informations
[7792] Y-ozeEoBkYk → Forest farm- Annual Farm Tour 2025 Glance: Glorious Organics in British Columbia #farmtotable
[7793] 6SMMHkxEqiM → Fresh Grown Farm Products a Click Away
[7794] vBfoQzpItIE → 🐏 Farm Animals Train | Learn Farm Animals & Animal Sounds | Educational Videos from Dave and Ava 🐏
[7795] nHlrGhejl00 → Pests and Disease Management: A Healthy Garden
[7796] jk2QqHdBwUo → Repair a gravel drive using a box blade | John Deere Tips Notebook
[7797] QUT1_No5Dak → HOUSEPLANT BOOKS #shorts
[7798] 2WU4KNXFqkM → "Brake System Breakdown: A Comprehensive Repair Guide"
[7799] bBsuPSaSKw0 → Food Sufficiency: FG Promise Improved Affordable Seeds Amidst Distribution Hurdles
[7800] lhMFzshzLpU → Best Life in The Nepali Himalayan Village During The Winter । Documentary Video Snowfall Time
[7801] eH0bgoLJoHo → I Built This $10 DIY Auto Watering System for My Garden 🌱💧
[7802] baUYFnFN0hI → 5 Tips for Starting Seeds Indoors!
[7803] UaK17UuMUIM → fertilizer.avi
[7804] Fr85baH1ZII → Making the case for organic farming and for a low external input sustainable agriculture
[7805] HachwkjOUJA → A Pig's Tale - Sows in gestation crates
[7806] ecq87j11tMo → What is agroecology? (TABLE explainer video series)
[7807] S5Xi4Dn9Y6Q → Alternatives to Pesticide Use
[7808] PDNUFICCJzM → It's a Warm Spring... When Can I start Planting?
[7809] y1eXnlzXdBE → CONTAINER GARDENING for BEGINNERS: 10 Simple Steps
[7810] qmrMdEd0kPA → Harvesting agricultural products and wild fruits to sell with daughter and newborn baby
[7811] 3KgLuOjbyT8 → Farmers undergo training in vegetable grafting
[7812] yWmTWy8raGU → Interseeding with Cover Crops in Vegetable with Holly Catron
[7813] R59DZFyYAEM → Best Vegetables To Grow Indoors Under Lights
[7814] cYkx0HIwJz8 → Pruning Tomato Plants 🌱🍅✂️ #plantingtips #gardening #pruning
[7815] 2Uz_91rogCM → Backyard Gardening Tips water the roots early in the morning #garden #gardening #youtube #shorts
[7816] 5uFMyaf_m5w → Harvesting by Hand: Potato Picking the Traditional Way
[7817] UwoXNJXpPSU → When YOU LOSE Your BRAKES!!! In the RAIN | American Truck Simulator #shorts #ats #simulator
[7818] Q1Qwzw1DsxQ → Farmstead Cheeses of Wisconsin USA - Cheese Slices with Will Studd
[7819] HE89JWKMROI → Farming in Ancient Egypt
[7820] 39P0sBwC0Q0 → Orchard Greenhouse Management Rotary Tiller #Cultivator #A machine with multiple functions saves
[7821] na6E2oKFf-E → How Craft Producers Can Find Value in Sustainable Practices
[7822] umbAJlHhrsU → Small scale regenerative farming..here's how I do it!
[7823] meVTXCCoTCU → DO This To Make Worm Castings FASTER- 55 Gallon Worm Bin
[7824] 82wv9VluzyA → Sweet Corn - MacLennan Farm Windsor VT
[7825] g3ccIAdm-e0 → Heat Lamp and Heat Plate Differences | Cackle Hatchery
[7826] 2WSdl8Bgdhs → The Sweet Corn Cultivation Revolution: Seed to Harvest
[7827] 1b_HPtKfUR8 → Fastest Fence Wire Install on YouTube!  #fence #homestead
[7828] ZLxWwqV3n6k → Reducing Hand Mulching with Cover Crops and No-Till with Tom Ruggieri
[7829] 63fNsbZegTc → Japanese Pumpkin Farming Techniques #farming #agriculture
[7830] yMA9_RBDO-w → Planting Spring Crops! 🧅🥦🥕 // Garden Answer
[7831] 0XHXmkVDBVE → John & Eilish O Callaghan | Family Balance & Maximising Cow Production with Robotic Milking
[7832] CgG7XLK4RA0 → 8 Fast Growing Vegetables You Can Grow at Home in a Hurry
[7833] fvJpRF6CuGI → Cucumber Farming Techniques #satisfying #short
[7834] Yocja_N5s1I → The Agricultural Revolution: Crash Course World History #1
[7835] WXMQOhljPXA → Robots Plucking carrots in China #shorts #china #agriculture
[7836] AV-I3BoKQ9Y → Professional supplier of farm machinery parts
[7837] v7zXfQEgSb8 → Simple Machines for Engineers | IMA AMA and % Efficiency
[7838] 5IIfwCjyqxQ → Grasses Identification with Northern Tablelands Local Land Services Agronomist Georgie Oakes
[7839] n7_WdcKyDjI → Transforming Chicken Manure into Fertilizer: The 5-Step Magic
[7840] KPYZA4FbCe0 → Different Fertilizer Application Methods in Field
[7841] IN0dWg_FKHY → Simple Machines Make Life Easier for Poor Farmers
[7842] HKACnboXJSw → Revolutionizing Agriculture: Smart Farming Technologies in India #smartfarmingtechnology
[7843] fOwPGvm2p2M → Farm Hack: Grain Fork Mastery in Wheat Harvest | Traditional Farming
[7844] RXNjGkJe7fY → Different Types of Agriculture / Farming Methods - Exploring Sustainable Practices
[7845] MPLHDFwqGhI → The Midwest Heartland of the Nation (1968)
[7846] Rf_knQPKKl8 → Revolutionizing Agriculture: China Uses Advanced AI in Farming
[7847] NuNeKHbWuw8 → Continuous Grazing VS Rotational Grazing
[7848] aSQjTIrAwZQ → Farm Animals Song for Kids | Farm Animal Sounds for Kids | Nursery Rhyme by Pumpkin Yards
[7849] PXgF5nPkRy4 → Poultry farming techniques to adopt and hidden traps for first time poultry farmers
[7850] k27cyhubYyo → Uzbekistan Produces Products But Dont Consume Them | Big Export Lesson for New Exporters & Traders!
[7851] LgsOYs8rp_Y → Top 10 carbon farming practices for soil health and income
[7852] hoZcbRHYZ0I → Mountain Vista Farm Alcohol and Drug Rehab
[7853] aWSRzCSjyv0 → अब खेती में मेहनत कम और मुनाफा 5 गुना! सुनिए Jharkhand की Lady Farmer की जुबानी 🌾
[7854] Yzdabta1nAA → 1/8 Acre Abundance: FULL TOUR + BEST TIPS for Growing
[7855] JxdXcqBy2CM → Conviron Genesis Plant Growth Chambers
[7856] cwZXdGPxUmg → Mastering Farm Management - Best Practices for Success (12 Minutes)
[7857] Dyx5tgukbCY → How Does Subsistence Farming Support Intensive Methods For Self-Sufficient Agriculture
[7858] kFa9v2rIB0w → Amazing Cucumber Farming #farming #usafarming
[7859] myVcct1mZM4 → (AI) Artificial Intelligence in Agriculture Technology | Revolutionizing Smart Farming
[7860] JSeIxyhA5tI → CAM-Smart irrigation system - CAM-Science
[7861] 07G7RV8cnZU → ಒಂದೇ ವರ್ಷದಲ್ಲಿ 1500 ಕುರಿ ಸಾಕಣೆ 500 ಕುರಿಗಳು 1 ಬ್ಯಾಚ್‌ಗೆ | Amingada Sheep Farming | Kannada Farmer
[7862] 4AYdFKjMLNE → What Is Intensive Livestock Farming? - The Geography Atlas
[7863] QOLU8ZO1tfU → Explore on the Farm! 🚜🐔🐷 Farm Animals for Kids | Farm Adventures for Toddlers | Tractors and Horses
[7864] LDDCHZ3DQIc → Extension Services: What you need to know
[7865] sw2Cg8XroqU → Surviving a Drought: A Farmer's Old-Fashioned Lessons
[7866] BmOStlfgy7E → TRACTOR BUYER'S GUIDE: WHAT TO BUY WHAT TO AVOID? 🤔
[7867] allNrz1gVxs → Dripworks Irrigation Install Part 1
[7868] s6T6UfdyuJQ → Unload a truck of #soybeans with me ! #harvest #harvesting #grain #farmgirl #harvest23 #farming
[7869] 5Yj54pwuVoQ → WHAT IS A TRACTOR PTO? ONLY THE MOST USEFUL FEATURE ON ANY TRACTOR!
[7870] Uft6NP7rgLs → Cattle Feeding Scenarios 2021
[7871] nxyLQwqeYkI → FRUIT TREE PRUNING TIPS
[7872] lZBI3-8cKL4 → Pasture Raised Eggs Near Me - Tuckaway Farm Bentonville Arkansas
[7873] sHQxKDBWoFk → Wall-Mounted Hay Feeder Review: Built Tough for the Barn | NPGLOBAL Wall hay rack on Amazon
[7874] JcuzAwIHOSg → How Far Should Grow Lights Be From Plants? And How Long Should Grow Lights Be On For Each Day?
[7875] ivQLm3SshZY → CERTIFIED HUMANE® FARM - English version
[7876] wgWjA8Odswk → Veterans Leading in Agriculture & Entrepreneurship [Sustainable Farming]
[7877] OA4eIYkYhwI → HUGE FRONDS on the TREE FERN'S in the jungle stream and pond #garden #fern #tropicalplants #shorts
[7878] WbKqFBlw1kg → The Future Business Model of Scaling A Row Crop Farming Operation
[7879] WvPj8DTeaxI → Farmer crop 🏞️🌾 #youtubeshorts
[7880] LcNpBX4cPVI → EASIEST Way to Grow Garlic at Home 🧄🏡
[7881] 24QfgFKJifw → Lesson 4.1: Agriculture and Animal Husbandry
[7882] BnKDeVqUfh4 → How Does Sustainable Agriculture Impact Food Security? - How It Comes Together
[7883] 7kG2kdnFhrA → It s planting time again.#It s the season of green beans. Are your seeds ready#Family
[7884] KQEzh9Ri6YM → Watch Solar System Generaing Power! Full Process Of Installing Solar Power System 1
[7885] ELoJGhSJEwI → AGRICULTURAL EXTENSION | AGRICULTURAL SCIENCE | SS 3
[7886] h8mmoymw5c4 → DIFFERENCES Between HOMESTEADING and FARMING 👨🏼‍🌾 Homesteading VS. Farming
[7887] bBA6y7k4F4M → New Lomi Bloom - My Thoughts & Experiences #lomi #composting #compost #composting
[7888] GdKwj8XS61E → Retrospective: Seaweed Farming Trial In Queensland
[7889] pSuUhr6e4Sc → Vertical Farming  -  Advantages and Disadvantages - Modern Agriculture and Technology
[7890] eqpAWsET7es → Master Tomato Pruning with a World Record Tomato Grower! Organic Gardening Tips & Advice!
[7891] SX8vqgSEUeo → Eating Sugarcane So Sweet Fresh and Rural Farming | Harvest and Go To Market Sell
[7892] DlaNe34yPmE → Seed Sowing & Fertilizing Hand Tool
[7893] s9iCSAIHqt8 → Crofternomics: Farmyard Manure v Bagged Fertiliser
[7894] Dz_d3m-7l_I → This 5 Degree Day #farmlife #farmliving #chicken #pig #cow #homestead  #homesteading
[7895] 6M6vP8-SbU0 → UFOs making crop circles
[7896] 1Tfe79tpar8 → Dream the Future: Farming | AI and Agriculture
[7897] n_yJqwPAS_0 → Conviron Corporate Overview - Plant Growth Chambers & Walk In Rooms
[7898] yT41LUcRde8 → All About Ready+ Preventative Maintenance for Agricultural Equipment
[7899] 7T-CIn_mQOQ → Rockwool Hydroponics Propagation and Transplanting Complete Guide
[7900] LQ4Jf5Wmeag → Harvest #wheat smart #farming
[7901] _3CKGjIxYGU → Demonstrating an effective method of planting crops
[7902] YqSS6oE_Pw4 → Growfoam® plugs. A comparison of substrates for hydroponic growing.
[7903] lRPpXc03onk → 15 Beginner Gardening Mistakes That Nobody Talks About
[7904] h0N2d6djKE4 → 3 Ways to Grow Greens Indoors- Video compares 3 indoor growing methods!
[7905] j9mDYDFzFrE → Unbelievable Benefits for Agrivoltaics 2025- Solar Panel On Farms
[7906] Cfnm7uQFzd8 → HOW TO GROW TOMATO IN BOTTLE #vegitables #homemade
[7907] mS5RTgPiR4k → Creating Abundance in an Arid Climate
[7908] fVPws2OE8P8 → 100+ Mind-Blowing Harvest Moments That Will Leave You Speechless - Agriculture Technology
[7909] oLGKSqJez1g → Minecraft - 1.7.2 Refined Automated Wheat Farm
[7910] Bf8rawvBZqE → Farming Simulator 22 Greenhorn Series | E93 Organizing the Farmyard
[7911] xXJeAhO9gPs → Max output minimum effort #shorts #avant #avantloader
[7912] yjK4pkaQ-gY → 💥Brand TATA @ very low cost 🔥@✨MS Fence✨ with high quality 💪
[7913] fjB7zTbu4U8 → The impacts of pesticides on the environment - what the science says
[7914] U9nyL4TVcyk → Should I Rotate My Crops?
[7915] -0BNev8b8CM → "Unlocking Agricultural Success: Soil Fertility Testing Market Trends & Insights by Fact.MR"
[7916] BXzz5b7kVQM → A highly productive small-scale urban garden | Urban Farming | Gardening Australia
[7917] T8qZVsPK1ko → Precision Ag Technology MADE EASY! │ Fertilization
[7918] U7PY7qrAAfA → Top Tips For Greenhouse Growing | Everything You need To Start
[7919] RPjEszQGnes → How To Start A Small Farm | Complete Guide
[7920] iIyD_X9Fh6k → Organic Chicken Farming #organic #chicken #farming
[7921] eY5yiRWhUW8 → The TX31 Mini Round Baler with Net Wrap!
[7922] yNlZL2Ej5bc → Paddock Rotation
Error fetching metadata for video ID q_VE3-ZTpU0: Command '['yt-dlp', 'https://www.youtube.com/watch?v=q_VE3-ZTpU0', '--skip-download', '--print-json', '--cookies', 'cookies.txt']' returned non-zero exit status 1.
[7923] q_VE3-ZTpU0 → Unknown Title
[7924] QTijujOOFL4 → #Succulent #plant #succulents #plants #cactus #propagation #homegarden #tips #care #succulent tips
[7925] ONj5ukU9HIg → Animal Husbandry Explained: The Science Behind Livestock Dairy Poultry Bees & Fisheries Covered
[7926] 9VwlicTZDLQ → Maximizing Crop Yields with Central Pivot Irrigation Systems | Farming 101
[7927] AP7D5Kq7eXY → The 3 Best Egg Laying Chickens
[7928] gDQAjdc9los → Village Bridge: Ciwayang Body Rafting in Pangandaran West Java Indonesia #nature #travel #tour
[7929] 9E4NYv9IJGA → COZY COTTAGE FARMHOUSE KITCHEN REFRESH | COTTAGE KITCHEN DECOR | NEUTRAL KITCHEN DECORATING IDEAS
[7930] hWO262znZQY → #Forklift #Small loader #Animal husbandry machinery and equipment for raising cattle
[7931] Nc-vViewSRo → Introduction to Regenerative Agriculture Principles for Soil Health Management
[7932] 3cvnLKsNCvY → Eco Communities: a viable future?
[7933] pmsOnV07Pxo → Harvesting Healthy Food & Tips and What works This Year 2025
[7934] ddzOmo0cFw0 → Equipment Tour!  (The Tractor Lineup)
[7935] M3SGScaShhw → AGROBOT Robotic Strawberry Harvester
[7936] biesSfRdk58 → Agricultural Economics Jobs Careers I Agricultural Economics Job Salary I Bsc Agriculture Economics
[7937] lO5slTOeg4w → Forest Harvest Methods: Variable Retention Harvest
[7938] m0M1s-U_kOs → Minecraft Seed Farming Tips
[7939] C3mDV-9A3OU → Crucial Keys To Growing My Own Food In A Greenhouse This Winter #gardeningvideos #growyourownfood
[7940] Jru4GkItxkQ → Eggplant Farming Techniques      Remove Side Branches #satisfying #short
[7941] nKOwAEulNZ0 → 🍃 3 Hours of Peaceful Village Life | Cooking Nature & Traditions in the Caucasus
[7942] ciJP3IZSbPA → How to Start a Farm Equipment Rental with Rent Invoice Billing App  Software for Rental Accounting
[7943] 4z1DldvNtns → 🕊️ The Secret Place of Safety (Psalm 91:1)
[7944] xStiHl26iAs → She turned pregnant and he let her go! #shorts
[7945] SX9A9OqLSqs → 15HP Gasoline Trench Digger | digging 60 m/h efficient trenching operations for municipal projects!
[7946] sCzoJ_7tkIU → New Holland 488 Haybine
[7947] 7-Tyz7fGeZo → 5 TIPS  FOR BUILDING PERFECT HEALTHY SOIL FOR FREE
[7948] ftXB8vl0uOc → AGRICULTURAL CONFERENCE: Deepening extension services
[7949] LOzxLv0Kv70 → Amazing Chinese squirrel farming techniques that makes them thousands of dollars?
[7950] RRUPVuXTEu0 → Management Practices in Livestock Raising "Cattle"
[7951] 8ZexzAj_WEg → Bextra Round Bale Feeders by Tarter
[7952] aPIDKe4Kf_s → Village Life| mango trees| rain crops| pulses | tiller| soil rotation|tilting the soil|Indian former
[7953] kKhtfXW-Vas → How to Grow An Apple Tree from Seed | creative explained
[7954] a0bucytMzwc → indoor tomatoes plant #shorts #tomatoes #shortsvideo #indoor #plant #vegetables
[7955] Gv4wyqhCwJQ → How Healthy Soils Build a Strong Food Brand
[7956] hdDNuIhwFOI → The Phenomenal Crop Yield Increase from Global Agriculture
[7957] fveDO7vstyQ → This GPS-Powered Invisible Fence Lets Farmers Control Animals Without Barriers! 🤯🚜 | No Stress
[7958] twfmmeVDD4k → Protect Farm and Domestic Workers
[7959] AaJsOpD_u4Y → Galen: Ancient Physician & Agricultural Advocate 🌾
[7960] Luu6GQtSpPo → 7487 🍃🌳🍑🍀🌿 #FarmLife #ruralphotography #farmhouse #nature #countryside
[7961] xLmfqCu1vgA → There is a need for revolution in technologies assisting agricultural practices: PM Modi
[7962] _zm9qg4rxLo → I grow the SAME pepper plants for 5+ years…
[7963] Tr9rzRQwVIQ → PROPAGATING SEED YAMS THROUGH MINISETT TECHNIQUE/ yam planting  in sacks/ yam farming in sacks
[7964] 5aNq8BQ06TU → How To Make Powerful Mixer Grinder At Home
[7965] ruCiad1JnBk → Understanding "Sustainably Raised": A Guide for English Learners
[7966] _LC0zfTcs_A → Technique of VermiComposting (Kannada)
[7967] pMlJTv1Ttdc → My Trip to Miller Farms in Clinton MD
[7968] Z2spXkcRf-0 → How Does Climate Change Affect Agricultural Runoff? - The World of Agriculture
[7969] _lbzcvYEpgA → SELECTIVE BREEDING - Crop improvements by selective breeding (FULL SHORT DISCUSSION)
[7970] FaBV4E5P9Hw → Top 10 Tax Deductions for Farmers 2025: Popular Tax Breaks for Farming Business 🔶 TAXES S2•E83
Error fetching metadata for video ID modCYu5m3ug: Command '['yt-dlp', 'https://www.youtube.com/watch?v=modCYu5m3ug', '--skip-download', '--print-json', '--cookies', 'cookies.txt']' returned non-zero exit status 1.
[7971] modCYu5m3ug → Unknown Title
[7972] Cn-A8L-XLvo → Amazing Farming 🚜 #amazingfarming #tractor #farming #agriculture #shorts
[7973] KQPZH6u4LtA → Ag equipment auction | January 11 2017 | Purple Wave
[7974] _W6F7wZWjBc → Jeevamruth: The Secret to Healthy Soil & Great Food | Natural Farming at #farmnatura #planetgreen
[7975] dDzTXEQJYJk → HARVESTER MACHINE HARVEST CROPS | NO COPYRIGHT VIDEO | NO COPYRIGHT VIDEO BACKGROUND | 4K | HD
[7976] 70GdTMnb5Ng → How to plant potatoes and get a lot of big tubers
[7977] pMdvx4dKHp4 → How to Use a Ryobi Battery Operated Circular Saw
[7978] EHuVW4zRWA8 → Buying Farm Equipment
[7979] Uw9OCFE-n2c → The Future of Farming: High-Tech Greenhouses
[7980] GVKM_rmMADM → Versitile 1150 Plowing #tractor #farmequipment #farmmachinery
[7981] ZYd3zSKD9hs → Managing water scarcity on the Canary Islands
[7982] JyhLKqCdX5c → Top 10 Best Homesteading States.
[7983] rShHQqp82mE → Shop Hayrack Planters online for Greener & Serene Balcony
[7984] oHnrYj0BRW0 → Comprehensive Vegetable Planting Calendar | Month-by-Month Guide
[7985] cjx1YO1E74c → Farm Fresh Vegetables & Fruits | Order Online
[7986] jA9NGlqwqLY → Fall Festival | Pumpkin Patch | Hayride & fun activities
[7987] 6Q0Tv2l4m1E → Irrigation Scheduling Results
[7988] QZzvm3Ad-s4 → Safeway to phase out gestation cages for pigs
[7989] r2cQRHQvk5I → Farm Repairs NEVER End!
[7990] Lw3y7S8nFXI → Hydroponics Substrates
[7991] SGopvvk3PoI → Growing Cucumbers - gardening tips
[7992] mkEsLdNKlPM → 30 ESSENTIAL Organic Farming Techniques For Small Farms & Market Gardens
[7993] CoquNKQ4d5A → How to Grow Peanuts from Seed
[7994] ipgUdBJL1e8 → The Rise of Agroecology: Regenerating Soil and Feeding the World
[7995] BzFelZnSxBU → Strawberry Variety Update
[7996] _YmkWODcqbA → How This Aquaponics Farmer Is Reinventing Urban Agriculture
[7997] M5cdWTalL4w → How To Start Grow Organic Food - Permaculture Gardening
[7998] ydPW2PyEXHg → Pesticides in the Environment
[7999] CIG9KmnlfOw → Agricultural growth conditions and role of Farmers Organizations
[8000] K4BrEERmNvA → The TX31 Mini Round Baler with Drawbar
[8001] Gz0MAWpR7DM → Local farm and construction equipment auction still has very strong prices in 2024!
[8002] ejWfm6oPa50 → Webinar | Rural Livelihoods in a Changing Food System
[8003] D4_r-5B6nvU → Off-Grid Watering System I  Solar Powered Farm Irrigation I Solar Water Pump for Garden
[8004] 9s4q_0Iw5N8 → OUR JOB ON A FARM #farmhands
[8005] G_OVNba9OJY → Honest review and demo of the Fiskars Rotary Cultivator Garden Tool #fiskars #gardentools #garden
[8006] -JUE3s-uyo4 → FREE SOIL.. Simple ￼Composting 101
[8007] oL7WNCXKI6I → Botanical Pesticides
[8008] AHx27-1Qjxw → Agriculture in the United States of America | Top Crops in USA
[8009] 0aeiV8y5OyY → Wild Bees Fly for Research: A semi-field experiment by Agroscope [PoshBee training]
[8010] 4qp_Exs8OFg → BOOM SPRAYER FOR SALE BY AGROASIA TRACTORS | FARM IMPLEMENTS |  GLOBAL DELIVERIES | BUY NOW
[8011] I5pMO9HxAXw → Tech-smart farming to feed a growing global population
[8012] YQTYJ4QBmy0 → Regenerative Weed Management
[8013] KmrfXDSO5gw → What is Community Supported Agriculture (CSA)?
[8014] KyLkOMcLyLg → Strategies for Farm Bill Opportunities - Biological Soil Health Management for Sustainable Ag
[8015] 0h9q7UyIEIk → A data-driven approach to agricultural machinery working states analysis during ploughing operations
[8016] zcJll5oN3Uc → Permaculture garden startup in the Morvan France. Inspiring couple with love for the earth.
[8017] y8dXGLocojU → Daily Work of Farmers Trying a Day as a Farmer!
[8018] qTkp-9o9hH0 → WHAT IS EATING MY PLANTS? 👺 | Common Garden Pest Control using Leaf Signatures
[8019] Wd0YyvBqpwM → What Is Crop Rotation? - The Geography Atlas
[8020] QWIdfpOKo48 → Giant RC Tractor Unboxing | Bachchon ka Pasandida🔥
[8021] HeGs2XrTEDg → Agricultural intensification diversification and migration as livelihood strategies among rural sch
[8022] 1DR42ATbJW4 → How to Start $350K/Year Cow Farm Business
[8023] 4kBJfDlHSZs → TECHNICAL TRANSFORMATION IN AGRICULTURE
[8024] AO_6pUXEhVk → Agronomy and equipment rental go hand-in-hand and HERE’S WHY👇 In the field of land restoration comb
[8025] EvVpRp2nx90 → Step By Step How To Build Your Own Aquaponics System In Backyard
[8026] cTq1LncwcGQ → How to Make Your Own Seed Starting Mix and  Potting Mix: Save 75% - The Rusted Garden 2014
[8027] cCDgDoTdX2I → From Leaf to Feed : Smart Stripping Revolutionizes Stem Lettuce Harvesting
[8028] F6utsu0yYmM → Amazing Grafting Technique #agriculture #agronomy #fruit #guava #grafting #farmer #farming #garden
[8029] ih4X28CBxz0 → History Recolored: Cattle Branding and Ranching Life in the Old West Rare Footage Restored in Color
[8030] qcvvcMfTWsY → international baler machine paper
[8031] xiPUQHbI_Uw → How American Farmers Use AgricultureTechnology to Plant and Harvest Corn.
[8032] v3lFfRBZkxY → Seasonal Crop Planting: Guide for Farmers
[8033] CKM7UyM0Kcw → JADAM Organic PEST and DISEASE CONTROL POWERFUL DIY Solutions. Sales start on June 25.
[8034] 26qTgXJKMAE → He Farms 35 Hours a Week By Himself and Makes 6 Figures
[8035] 3IzOea8Op_I → The Succulent Plant Harvest: Get Endless Plants for Your Garden
[8036] TYmu3mmVVJc → How to Grow Tomatoes Horizontally : Organic Gardening for Real
[8037] NW3y0yV2s3E → Best Milking Machines for Dairy Farms – 2025 Buyer’s Guide! 🐄
[8038] FZIeRyTq6T8 → Pig Pen Improving Conditions for the Feeder Pigs
[8039] n5eVVjarphE → 5 Crops You Can Easily Grow In Hydroponics to make money.
[8040] 5d2Mft72CXg → CBeebies: Harvest Time With Down On The Farm
[8041] pvX5k6d2Fmk → Boss Ag Parts now at McGregor Gourlay Cecil Plains !
[8042] A-6BYHoCuLs → High Protein Sprouts Salad
[8043] jLNlRvhYa-A → Traditional farming operations.
[8044] bADLEuKGu8w → Livestock Farmer Field School teaches good practices to reduce antimicrobial resistance
[8045] ZvMj_xZowBA → Growing Vegetables: Why Backyard Gardeners MUST Start Growing Some Vegetables In Containers
[8046] FQdNVi9mVAA → Robots raising pigs. -Robots in rural China  #farming  #funny  #comedy
[8047] -NZIvvhGlR0 → Climate Change Could Affect Global Agriculture Within 10 Years
[8048] VNBbfagxIJo → Produce Safety Inspection for Farm Workers (Subtitled)
[8049] jxIbVWZGlG4 → Harvesting Microgreens from a kitchen garden #microgreens #growvertical #gardeningtechniques
[8050] 8csUin2jJBM → Super September Sale at Everglades Equipment Group
[8051] Gc3YrH8ZfKQ → Developing Weed Control Methods for Organic No-Till Systems | Dr. Erin Silva
[8052] iy5WD8GW-h0 → Rescuing a Cow Covered in Barnacles – Animal Care Awareness
[8053] _mseNLNSDhU → 4 Reasons Climate Change Impacts On Agriculture Matter To You
[8054] FHZl8M16MLk → How do vaccines work?
[8055] yhQwxU9UdFg → 2017 NRCS Gettysburg Casey Cronin/Dan Forgey "Winter Grazing Cover Crops"
[8056] a1WNmES1j5Y → The #1 Reason Your Fig Tree Isn't Fruiting & How to Fix it
[8057] _0FNNp2nsBo → Best4Soil: Soil health – Practical Information
[8058] hcS_m7-IqFE → KAMUT Khorasan Wheat - Ancient Grain for Future Farming (Short Version)
[8059] Aea_u7lTIgA → Zone 9 Planting Calendar | Guide to Successful Gardening in Zone 9
[8060] 8XVzmLPdZBQ → Planting Dates: When is the Rest Time?  #farming #corn
[8061] 7u-99i6uTsk → A Student's Guide to Careers in Agronomy
[8062] F7z70uM3R-0 → PM Kisan 20th installment Date: पीएम किसान Yojana की 20वीं किस्त आने की तारीख बदली! Kist kab aayegi
[8063] 0p8vwpF97cw → FEEDING MY EXOTIC ANIMAL FARM ! (Tour)
[8064] 7EUsg6VKMIw → Baling those OLF Windrows
[8065] M1RaMhZa62E → Big Tex Rentals | Shopping Farm Supplies Farming Equipment |
[8066] r3iMOm5WFvo → Sustainably Raised Meat and The Immune System - Black Diamond Beef Co.
[8067] g6a7-eSeWik → Supply Used Jute Bag bulk quanlity pack Cashew nut 80kg enough ☎️+84903864149 Whatsapp #usedjutebag
[8068] aeKhJseXBnA → Plant Breeding Methods
[8069] vk68yqoFIW8 → China’s Farming Revolution: How Tech is Feeding the Future🇨🇳🇨🇳🇨🇳 #shorts
[8070] PYNoC2VAMro → What Are The Alternatives To Intensive Agriculture? - We Are Liberal
[8071] VF0fhjk54f4 → Agriculture form 4management practices in rearing systeams lesson 12
[8072] G_8ORxqhS5s → Forage Crop Ground Preparation
[8073] RG28p7CXx7E → Autumn Awakening (and Garden Graveyard!): Preparing for Cool-Season Planting
[8074] jTs7N01sbQs → 12वीं के बाद 16 साल का गैप और फिर अफसर बनने की कहानी | SDM Asha Kandara | Josh Talks UPSC
[8075] MONrAYHrrZo → This made me want to live on a farm
[8076] 3GQNj-Itrr0 → agriculture machinery /agriculture tools /agriculture spare parts
[8077] 0LkMfrw7aRQ → John Deere Z330R Zero Turn Mower
[8078] C6M2AbDNGOE → Amazing Thai Jackfruit Farm Harvests | How Thailand Grows and Prepares Street Food
[8079] MELayuDQUpk → Don’t Throw Onion Peels! Make Powerful Fertilizer Instead 🧅🌱 #shorts
[8080] OJfMalFVQpI → IoT Based Smart Irrigation System for Precision Farming. Team Krishi-Shakti
[8081] rwWP4tePCRc → Lawn OR Garden Fertilizing Made EASY  -  EZ-FLO Injection System
[8082] eExNnVkpIsM → TreeLen Broom with Dustpan Combo SetStand up Dust Pans with Long Handle
[8083] hJq1YCGJF6o → Agriculture Equipment Leasing
[8084] t6Umev4fChk → Home made round hay baler in pakistan
[8085] rZfZq3FUN04 → Spending the day on Vinnie Jones' Farm | LADbible
[8086] ThzDfsH3OxY → Installing Drip Irrigation in Vegetable Garden A Beginners Guide to Drip Irrigation #dripirrigation
[8087] 3f9PImz7nUY → Techniques To Grow High Yield Peanuts #satisfying #shot
[8088] BSa4itGniLo → Unboxing New Plants || Plant Delights Nursery Haul
[8089] CDKN-nLl_CM → Farm Management App
[8090] qChSVmOZ4aA → Grade 10 | Agricultural Sciences | Soil Conservation and Management
[8091] gljx7Zc4A6w → TOP! 100+  MODERN FARMHOUSE KITCHEN DESIGN IDEAS | DECOR GUIDE FOR CREATING RUSTIC WELCOMING KITCHEN
[8092] AV1YhTG7LWo → Charolais bull doesn't like to waste any time with the cows starts the action within a minute
[8093] duZfCoYcQhY → What are agricultural practices ?
[8094] kt4vW6G9HK8 → Boost Efficiency with Cutting-Edge Automated Harvest Monitoring!
[8095] cEq2_6oG9lc → Farm Hand | How to Play | Learn to Play in 5 Minutes!
[8096] jlunVwyjeI4 → cotton farmingcotton cultivationsustainable farmingcotton cropsagricultural practicespest
[8097] gz1ow2MDMUw → Young Farmer : planting corn.#HarmonyWithEarth#CultivatingWisdom#SustainableHarvest
[8098] 47RDlXzyJTM → "Sisters of the Field – Buffalo Ride and Morning Catch"#RuralGirl #ruralgirl #photography
[8099] _rXCEpBUoTQ → Gardener's Almanac: May 31 - Planting in Gravel Culture
[8100] ykrrNMRs32I → Amazing Farming Machines #machine #farming
[8101] f2QmYbxOx9Q → Best Chili Farming Technique to Increase Yield
[8102] AfL81EPhtK8 → There is a limit to everything. #quotes #lifeslesson #lifequotes #farm #love #lifeperspective #happy
[8103] BJZfci2Srds → How This Farmer Earns $10000 from Just 1 Acre | Secret Farming Method Revealed!
[8104] ooGV2TFoXvU → Agroecology: Principles and Practices #CH25SP #swayamprabha
[8105] -IsXiyratbo → The Easiest Profitable Crops You Can Grow from Seed to Sale
[8106] EO8HSPd7tVs → How Millions Of PYTHONS Are Farmed For Skin By American Farmers Python Modern Farm Technology
[8107] UXonUBL1n8M → Multicropping Weed Management and Crop Rotation Techniques
[8108] kFqfDC0y4x4 → Toddler LOVES Feeding The Farm Animals
[8109] PSOfswPjYus → Kubota BX Series Tractor Attachments
[8110] 55ygjn0oALs → 32 Best Farmhouse Kitchen Backsplash Ideas
[8111] O_HQPiwJJ4M → Livestock and Cover Crops: Grazing Management
[8112] jhcwtDEC_sw → Water Garden Hydroponic & Aquaponic System by Back to the Roots | Self-Cleaning Aquaponic Fish Tank
[8113] mjoELbZiNc0 → How to grow and sprout chia seeds on a clay pot at home🌱
[8114] lXhebT_WP44 → Plant  Cultivation
[8115] HI8Hc1BbnFc → How Do Farmers Afford Tractors?
[8116] 7zsxKorNlu8 → Mini-planters small farmers planting crops miniature videos #miniatures
[8117] sni4OT0mqQo → Land Roller in Action | Crushing Rocks & Smoothing Fields
[8118] U5KZPMk78yY → Zero Budget Natural Farming Using Precision Farming | Precision Farming | Farmagain
[8119] JafgRGwOT40 → Get Your Round Hay Baler Needs Here! #farming #ranching #farmequipmentforsale
[8120] x5jIts1SVdk → Improving Soil Structure Nature's Way (Hall 1/6)
[8121] MCEma9EwR4g → 3hp solar water pump full power #agriculture
[8122] XD11OUfnyXM → BREAKING GROUND AND STARTING A NEW GARDEN-PREPARING #garden
[8123] _qRoxHvR0L8 → The BEST seed starter trays: MINI GREENHOUSES!🌱   #gardening #seeds #homestead #amazon #success
[8124] _XiyFhTY5FQ → Nitrogen Mineralization Dynamics of Post Harvest Crop Residue in No-Till Systems
[8125] g4i0qxvMWkA → Autonomous Drones Enhancing Crop Rotation Techniques
[8126] O_FaT5mLj9k → Tricks to increase higher fruit set rate for pumpkins #smartfarming #organicfarming #gardeningtips
[8127] Up4DVzGBTRQ → Farm Inspirational Quotes  Planting seeds is like
[8128] KDnmfisNubY → EGO 2100 PSI Pressure Washer | Tool Only - Unboxing
[8129] Rmq4HwSPMJA → Here's how to take care of insects around your farmyard. 🦟
[8130] Pd9jyFcPZ5Y → Extension... It Starts With Us
[8131] zONwVQBvz_s → Animals Frozen Alive Crudely Gassed at Petco PetSmart Supplier Mill
[8132] mSlHiNmn3Ls → What happens when you switch farmland from livestock to crops?
[8133] tj6oF1x1gUU → BÀI GIẢNG POWERPOINT CẢ NĂM - TIẾNG ANH 10 - HK2 (GLOBAL SUCCESS) SOẠN BÁM SÁT SGK THEO LESSON
[8134] MpqtXTWUuiY → Spring Scientific | Crop Rotation Benefits: Improve Soil Health & Boost Yield with Smart Farming 🌱
[8135] nOzea5B7W1U → Grow Your Own Grains Part 1: Best Seeding Methods -- Low Tech Video No. 24
[8136] k7Cf-gS_ac8 → John Deere 9RX 640 – The 640HP Farming Beast That Dominates the Fields
[8137] 1HiBLQCqpcY → GARDENING IN COLD CLIMATES  - Don't Plant Too Soon!
[8138] 5HgTgpqtwns → Farm Animals Names and Sounds for Kids to Learn | Learning Farm Animal Names and Sounds for Children
[8139] 3xCEAwXgSRA → Hard Working Farmers Manual Weeding On The vegetable Farm #satisfying #short
[8140] JoimqGNSGXg → Tips on Harvesting Baby Spinach in a Container
[8141] kQbAmCyfSIo → Citrus lemon orange mandarin grafting  Tree grafting technique # 86
[8142] 7Gg-Q_2Aqho → Dangerous Precision - 10 Fastest Tree Harvesting Machines
[8143] zrCPls-7IT0 → What is NAICS Code 115112? | Class Codes
[8144] ZYGKjEeFFf4 → Advanced Pruning Shears for Plant Cultivation
[8145] B6k9REDygtU → 🧑‍🌾 Farming Simulator 25 LIVE | Harvesting Chaos & Tractor Shenanigans!
[8146] awEBifnANHk → Benefits of Crop Optionality - AcreTrader
[8147] vAmglTjpDfw → Top 6 Easy To Grow Vegetables For Beginners/SEED TO HARVEST
[8148] T3M7P9jbaoo → Charcoal retort in action
[8149] nDYTA-eqGOQ → CROP PROTECTION
[8150] slRetiAY1Kw → Woroud’s transformation: The power of resilience and empowerment
[8151] qEOLXYev2lw → LIFE ON THE FARM WHERE LOVE FALLS APART IN SILENCE | Family Drama | Full Movie in English
[8152] 6VOqNVt_cmM → Factory farming animal welfare and the future of modern agriculture | DW Documentary
[8153] vLBpeevBhLE → Growing mango tree using aloe vera #shorts #short #shortsvideo #Graftingvideo #Grafting #gardening
[8154] xH8--32FU6w → Grain farmers harvest crops despite the drought | ABC News
[8155] Cm94kMVC-To → my New fish 🐟🐟#short#fish #fishing #aquarium #minivlog #fishtank
[8156] RhMx4PBCUkQ → Vegan activists unmask the cruelty of animal agriculture | DW Stories
[8157] PyHVsxW0mek → #agriculture #agricultor #agrimachine
[8158] KmvYOEvvWh4 → How to Make Plants Grow FASTER | creative_explained
[8159] CJZ-qGIuiWk → 12 Reasons Why I Grow Vegetables in Containers
[8160] f1H4VDa9OQI → Vertical farming with collard greens on an aeroponic tower #collardgreens
[8161] jpCe9UHx1jQ → Wormwood harvest: mechanized farming in action
[8162] qMmDlSlTr60 → Spreading Fertilizer With a Tractor
[8163] q3ltLvasR3c → Stop growing tomatoes if you aren’t doing this 🍅 Pruning will give you 5x more! #tomato #garden
[8164] bnqvMhbOvSA → Small New Weeding Tool #satisfying #shot
[8165] DPNvhSyK0G0 → How to Plant An Herb Garden for Beginners #planting #gardeningtips #herbs
[8166] 8qS4FsDtlrc → Should You Buy a Dealers Rental Equipment??
[8167] J3t4WoYppC0 → #organicfarming #maizefarming #farmerslife #localagriculture #sustainablefarming #smallscalefarming
[8168] sEGOKdwGEz0 → FORIGO | F110 TWIN: Inter-Row Harrows – Precision & Sustainability in Soil Management
[8169] 5M5EAVATFB8 → Agriculture on the Move (Aug. 17 2022) - Minister Alfred Prospere speaks on first year achievements
[8170] 35p74c3f978 → Land Access for Beginning Farmers Part II
[8171] nM78EoMiBbM → Backyard Conservation
[8172] kBjmYWZ7JIw → Improved Kienyeji Chicken: How to Raise Profitable Poultry in Kenya | Farming Guide 2025
[8173] x5Fp_qq8PCw → How to Choose Farm Fencing | Tractor Supply Co.
[8174] PbA1VcxbqSI → Foton Lovol RPM Sensor #tractorparts  #farmmachinery #farming #tractorglobal #machine #agriculture
[8175] 6LA3KG0h0NA → Grease fitting cleaner - Kubota L3800 Tractor Maintenance Quick Tip
[8176] DOSWscyxcTI → How to Cut Hay with the Agri Supply® Drum Mower
[8177] VqNY3PSm7fQ → One of the Best Dairy Goat Breeds #dairymilk #dairygoats #lamancha #homesteading #rawmilk #goatbreed
[8178] qZ-9cDUjRTQ → WM23- Fall Forage After Winter Wheat
[8179] g3jRe-i8ETo → Revitalize Your Agricultural Lab with Our Plant Cultivation Rack! #GrowLights #SimplyMetal
[8180] reIM-JjsCvE → The Green Revolution: Transforming Agriculture #GreenRevolution #Agriculture #Innovation
[8181] 15eMx2CTUqY → TNPSC Gr-4: Indian Agriculture & Agricultural Revolutions |இந்திய வேளாண்மை மற்றும் வேளாண் புரட்சிகள்
[8182] 5aGlLeYAj6s → #Smart Farming  Water Technique
[8183] EODDvO-KpSk → Tips on When to Plant Cool & Warm Season Vegetables
[8184] yKmEkvnlbBs → Backgrounding Budgets and Profits for Cattle Nov 2020
[8185] 3k8GTOurNfk → How to Grow Shrubs in Containers |7 Pro Tips|
[8186] sbCEnprkmR8 → pinto beans!!🫘 #homemaker #growyourownfood #gardeningtips #garden  #backyardgarden #vegetablegarden
[8187] -a1dI6yZIXI → Garden Sprinkler Water Sprinkler 360 Degrees Adjustable Rotation #sprinkler #sprinklersystem #love
[8188] oqC9QGhaP_k → I know to many farmers like this #farmer #lgbt #secret #funny
[8189] nFAyl97R46g → Oh you don’t BUILD A BARN… • Meme | #meme #art #rdrd2 #trending #animation #rdrfunny #johnmarston
[8190] 6rCpY7gMO7o → Harvest Season in Lane County
[8191] bRhmg8bY8A8 → Bank of Ireland Open Farm Weekend: Drumrammer
[8192] wQOIQ-9vxAc → We Went to a Farm Animal Swap | What did we Find? 🐓💵
[8193] -KEd_pwQ-Vg → What Does 2015 Hold For U.S. Row Crop Producers?
[8194] P_8CGcw2yDo → How to make an Automated Weed Farm | Bungalow Guide ► Schedule 1
[8195] DOgOMLG-Zyg → How Much Food Can I Grow in 1 Year?
[8196] r_0oCsiIZNk → How to Prune and Stake Zucchini Plants
[8197] WXO__kDFwA8 → FENDT 942 Vario Tractor Krone Big Pack 1290 HDP II Baler
[8198] B9AQy3YTd18 → 4. The Conservation Practices
[8199] zT8RCAwOZsk → advanced agricultural machinery for crushing straw #shorts #farming #agriculture
[8200] OzGudoy7keA → How To Grow 69 Millions Of Cucumbers In Greenhouse And Harvest - Modern Agriculture Technology
[8201] nNP4o1wE6Vo → How can you make 1cr/year with farming? | BharatAgri Co-founders |Indian Business Podcast EP18
[8202] 7gpZQj_q0V0 → Ertl 1/16 John Deere 5020 Two-Cylinder Club!
[8203] XTFvpbCM5YQ → Cotton harvester: Quality tools and machinery enhance work efficiency
[8204] rJcfnNrpJLs → Medieval Innovations: The Three Crop Rotation System
[8205] Vh53ltDAOGA → Spear & Jackson 'How to' Shoveling gravel and planting
[8206] NzHBCj3jUQY → Easy DIY raised garden bed finished in my fave Real Milk Paint oil 🙌 (#ad) Full YT video out now!
[8207] 0EoOkDkmu24 → Strawberry Farming Techniques #satisfying #short
[8208] VUsL004ZzKQ → งานวันเกษตรภาคเหนือครั้งที่ 10….ข่าว9ล้านวิว
[8209] q4aTfUN-TAI → Here's Why Rain Water is So Good for Your Plants! #shorts #rainwater #garden #gardeningtips
[8210] XrPQuSmdStA → Daily Life in Medieval Times: Hidden Truths of Your Ancestors – Full Audiobook
[8211] _4MZp9uLJ9U → Top 5 Selling Farm Products!
[8212] Az64r1q2ZGo → Gen 2 DSX No-Till Disc Drill Demo
[8213] xd7CvCZUnbU → Presentation: Saline and Sodic Soils: Understanding Differences and Management Solutions
[8214] wWxpd2h-lmA → This Will Change How We Raise Cattle | Gallagher Smart Fence Review
[8215] Odk16Ox2ymE → Solutions For Improving Sandy Soils
[8216] 7SKeCqxcMsY → taking a peek at the John Deere dealership
[8217] z3pijd3enf0 → VERMICOMPOSTING IN BANTON? Meet With Togong Brgy.Captain.
[8218] YjKO3-7Efaw → Walkthrough of our Aquaponics System (Tips and Tricks)!
[8219] bE6crpvS8ak → Can Cover Crops Help Reduce Agricultural Runoff? - Biology For Everyone
[8220] OYNgKP9oIVQ → You CAN'T Grow Grass In Sand...
[8221] Pf74rrn1uLk → Crunchy Carrots: from farm to fork
[8222] gDqpHooUNok → tools and weapons of early man
[8223] qClDbwbEOB8 → 8RA02 Agricultural Practices
[8224] oFZYdUPfZBM → How a milking machine works is FREE Spares The FUTURE Of Repairs?
[8225] EORZgX2yxjU → Understanding the "Agricultural Season": A Guide for English Learners
[8226] Ltf5BM2dDms → Rural Development | Introduction | Definitions | Basic Elements of Rural Development.
[8227] NL66ck1aHPc → Beautiful Nature with Rural Life (P39) - Picking fruit in the garden
[8228] 8iCqB1W2sz0 → Agribusiness Technology
[8229] 7rdqRYLCjQg → Farmland Preservation Plan Tutorial
[8230] lDwUCsdk3Lk → Farm Industrial | Victoria TX | Industrial Equipment & Supplies
[8231] ygblfqUNvC0 → Sustainable Dairy Cropping Systems: The Virtual Dairy Herd
[8232] mktbOo6LLDg → TYPES OF SOIL EROSION
[8233] wZF-FXAeYNs → Could Grazing Cattle on Bare Soil Be Ruining Our Grasslands?
[8234] vmDH9BCYsSY → UBA jointly with IIC organised Field Visit and Training Programme on Organic Farming @Kombupallam
[8235] 5HUn4tQtbeI → Day in the Life: Point Reyes Farmstead Cheese Education in NYC
[8236] 7zsbFyN9aGs → Resistance101 - Insecticide resistance management strategies
[8237] AsaqcCpNMDw → 6 Permaculture Techniques from Native American Agriculture
[8238] NoMzqVGYEZ4 → Farm management and Good Agricultural Practices (GAP)
[8239] We-gMRrNwNY → Farm Water Series - Dam Construct
[8240] 4XdbutKiLj8 → How is #technology reshaping modern agriculture amidst lush green fields? unlocking the green
[8241] mLOL0R4sC5U → NEW - Grow A Garden Script: [2025] KEYLESS  [Pastebin Free] + Pet  & Seed & Grow a Garden KST
[8242] Og-kqUCpwcg → Climate Change Impacts on Agriculture and Food Supply
[8243] Py46atyX7Wk → Hydroponic Cucumber Plants – A Sustainable Growing Journey #hydroponicfarming #cucumber #হাইড্রোফনিক
[8244] 5WiM_QkMC9o → 🔴  LIVE: Agricultural Operations Management - Undergraduate Program
[8245] dZAg8GtRg6E → Soil Health A Montana Perspective - Crop Rotation
[8246] kjpyR-mwFWk → Commercial Maize Farming in Nigeria for Beginners 2024
[8247] ZF5lE6rA6IM → CLAAS 870 Jaguar Forage Harvester on Maize Silage #agri
[8248] ShHBHJLquZQ → Farming 2020 | Planting Wheat In Idaho
[8249] A5mItuAejvs → Cactus Farms 🌵😋
[8250] wc1PCXyYeSI → Grapefruit farming and harvesting
[8251] 9M3oP_OaHZw → What happened to This Farm Wife Meredith Bernard Husband?
[8252] 2_Ck1bDgwE0 → To The Point with Akshita Nandagopal: Maharashtra's Agro Crisis- Human Ploughing Shocks Nation
[8253] q2R9ah9qldI → fat woman playing in the rain
[8254] JOT_UfZQPCA → Hay making 2023 UK
[8255] 8hdQbCLnpmw → Want BIGGER RARES???  Use HERD MANAGEMENT!!! - Call of the Wild
[8256] -Fmmi_iGIlc → Backyard Composting | From the Ground Up
[8257] JNRLwykcYBQ → Madhu Kamini Plant Care Tips ll Madhu Kamini Flower Plant Care  in Summers ll
[8258] uLEJTVDxKCg → RUBBER INTERCROPPING: BEST 15 CROPS TO INTERCROP WITH RUBBER | VEGETABLES TO INTERCROP WITH RUBBER
[8259] fOyMtf4Y9A8 → How to grow lychee plant from seeds!🌱 #farming#shorts#trending#telugushorts#ytshorts
[8260] Pgs59l-v9L8 → सावन के अँधे को हरा रंग दिखता ही नहीं है 🤦 Indian Avatar @IndianAwtar
[8261] aCnZW6no12s → Remote Sensing and Cropping Practices: A Review | RTCL.TV
[8262] vKjIrkY-vAc → Farmer Wants A Wife Bailee Wallace Gets Her Happy Ending After Self Eliminating! #farmerwantsawife
[8263] ORYNGO1-fJ0 → Cover Crops in Sustainable Agriculture
Error fetching metadata for video ID fA9N7IBuIno: Command '['yt-dlp', 'https://www.youtube.com/watch?v=fA9N7IBuIno', '--skip-download', '--print-json', '--cookies', 'cookies.txt']' returned non-zero exit status 1.
[8264] fA9N7IBuIno → Unknown Title
[8265] EHT-Muhms9c → The PERFECT Tool To Prepare Your Raised Garden Beds | Tilther XT
[8266] Uwu5CmTlXXQ → agricultural machines that make it easier for farmers to plant rice seedlings #shorts
[8267] TzVAdZIfPYA → Secrets Behind India’s Agriculture and Ecosystem Diversity #shorts
[8268] ppYAafX53Eg → Youth embrace agriculture as viable livelihood option - nbc
[8269] I5rOd1nOK1w → Hydroponic Farming Without Electricity: Best Passive Systems 🌱💧
[8270] 3UxlWMOereQ → Offense Domination: Unlocking the Shotgun Strategy!
[8271] LYKB8LF8ejE → Amazon's Best Garden Tools You Need This Season
[8272] TcjVq_VeIBQ → Download Massey Ferguson 4225 4235 4245  Tractor Operation and Maintenance Manual
[8273] 6-nlfAzOVbQ → Quick And Simple Hydroponic Tomato Setup!  #hydroponics #tomato #indoorgardening
[8274] _9SdZXTircA → Agricultural Machinery HIRE
[8275] 76UYTgGAd9g → 5 Best Used Tractors For Sale For Small Farms
[8276] MkhMkKIppZQ → Agriculture and biodiversity growing with nature
[8277] 7AKirDI6dLs → Why we had a fire 🔥 in 2016 at our Hay press facility #hay #fire #hayfield #farming #tractor
[8278] U4eR_eUttPE → Cover Cropping Techniques - Ol' Turtle Farm Easthampton MA
[8279] x67WGt9mJJE → BEST SUMMER HARVEST GLITCH METHOD in Roblox Grow a Garden..
[8280] AXL7YQofQ1Q → Does Climate Change Impact Crops
[8281] dAysL-5FvhQ → 😯Best Milking Machine Deals of 2025 – Don’t Miss Out!🐄
[8282] 0IJX1rCgSYg → Steps to Organic Certification
[8283] kIlNvhFdWYI → Perfect Seedling Transplanting Shovel -Best Garden Tool for Planting! #diytools
[8284] fvaXqwhFmyo → Animals Can Predict Natural Disasters
[8285] n12Q7R-Utss → News 19 This Morning | July 1 2025
[8286] uxT2NdR9Pzg → Can Rainwater Poison Your Vegetable Garden?💧🌱❌ #mygarden #garden #gardeningforbeginners #gardening
[8287] 34UKKHYmeG4 → Used Hay Equipment For sale by private seller!!!!!!
[8288] Dmh28Tylaqo → Farm subsidies are a solution in search of a problem | reTHINK TANK
[8289] Ay4PnpPZLZ8 → Easy skill grafting techniques Gardening tips #grafting #shorts #shortsfeed #satisfying
[8290] oQRSpriX9T0 → Innovative Machines #innovativemachines #farm #agriculture #agriculturemachine #shorts
[8291] -mUeNy0rweM → How to Grow Ginger in Containers And Get a Huge Harvest
[8292] amcrvumTgPQ → Leech Farming Techniques - How China Farms and Processes Billions of Leeches - Processing Factory
[8293] SBrsdGWNhxU → We tested popular seed starting soils: you'll be surprised to learn which one did best!
[8294] -95EAfZiPoQ → Winter Hydroponics is 🤩
[8295] aqkDXGeoKbo → farm tractor agriculture machinery for sale
[8296] OmAL7qnQspQ → Straw burning power station uk
[8297] xjZMmXM8aUo → Principles of sustainable agriculture/ecological agriculture- Part 1
[8298] 176KRnEO1EI → Corn Farming Tips: Remove Suckers for Bigger Ears!
[8299] KYMs-gKWAFQ → Excellent Weather with beautiful ponds in monsoon Greenery & Water
[8300] _hmSvHs7ZCw → Agricultural Machinery Sales And Hire - Shire Agri Hires
[8301] -OIl4s3_-nk → Mahindra 475 Tractor Parts
[8302] bMaqwrelms4 → How To Plant A Vegetable Garden
[8303] y5HGNvBeJnk → How to Start a Permaculture Food Forest #NaturalFarming #Shorts
[8304] JuGUk08DNiw → Strengthening Rural Livelihoods through Backyard Poultry Farming with Climate Adaptive Coop Solution
[8305] Z6ClewHKLyQ → World of Wine: Vineyard management practices
[8306] FODx5UJILFA → Top 10 Agricultural Machines  | Revolutionizing Farming Practices
[8307] yUY_mm6Mo00 → Tractor Cleaning & Leveling Rodeo Ground Between Events Kids jr.Barrel Racing
[8308] -Mt-oygoBGI → Ancient Farming Hack : Why Harvest Green Rapeseed (Rooftop Drying)
[8309] UjP0DaSNBxw → Soil Health Stewards: Soil Health Basics Practices Benefits & Barriers – Part 3
[8310] V1XEvP5MSa4 → Doing The SHOTGUN Approach In Real Estate - Ricky Carruth
[8311] 8pxBSdzPRkw → Eco-Friendly Farming Techniques That ANYONE Can Use MICROPONIC INTEGRATED FARMING
[8312] jUHz1LwxpG4 → DO NOT BUY THESE 5 TRACTORS! 2024 UPDATE
[8313] UM3LTmyv_yM → Growing citrus in containers is easy if you do this - Growing Guide
[8314] DcfciY7Ko14 → Modern Agriculture Machines Harvester Tractor Farming Techniques And Another Level Technology
[8315] 5kUKVY1chgc → 5 Signs Your Garden Soil Needs Help
[8316] lO9SFFkQyoA → Agricultural Production Economics | Lecture series -3
[8317] hvtEFvE2EFs → This Child built a Train for his Farm Animals 😲❤️
[8318] -63S1RLq4Zg → ✨ Succulent Garden Inspo for Your U.S. Home 🌵🇺🇸😊
[8319] 1Bn-hZbpOcU → The $4.8 Million Extremely Rare Cow Breed You Never Knew Existed
[8320] IJN0XObHV84 → This Laser-Wielding Robot is a Farmer's BEST Friend! 🤖💥 #AInews
[8321] 3pfuGCvml6I → Morning Vlog on the Farm
[8322] gtTCUcvAvUY → Agricultural Inputs Review & Outlook for 2016 - Fiona Thorne
[8323] 2aHOL7AElAU → Sad Farmer 4 #villagelife #rurallife #farming #agriculture #agriculturallife    #farming101
[8324] ObV6TGlUhtI → Bachelor of Agricultural Science
Error fetching metadata for video ID JOngGyW3imU: Command '['yt-dlp', 'https://www.youtube.com/watch?v=JOngGyW3imU', '--skip-download', '--print-json', '--cookies', 'cookies.txt']' returned non-zero exit status 1.
[8325] JOngGyW3imU → Unknown Title
[8326] b552u-q1Z3k → DIY Grow Lights - Grow A TON Of Plants!
[8327] _bJ-OvDEsKI → Soil conservation measures learnt in grade 7  Agriculture..#jss
[8328] DDDd15EU2LQ → Master These 15 Essential Homestead Skills for Success #prepper
[8329] mtZf4F3cR0g → Incorporating Fertilizer
[8330] YpRiPuIcuSk → The Best Way to Improve Soil Fertility Naturally!
[8331] IJnGbiewMtw → Growth Of Plants Seed Germination Plant Growth and Development Growth Of Plants For Kids Plants
[8332] UFLjwrPTzAc → Homemade Ranch: 1967
[8333] 1HtBMfbJ_nY → Planting with the Seasons: A Month-by-Month Guide to Vegetable Sowing Dates
[8334] wz-mtxp8lJA → We’re not JUST in the business of renting you equipment… we’re in the business of renting you the RI
[8335] GGBFvI_xGYQ → The Role of Agricultural Economics in Sustainable Farming Practices
[8336] IOUb5FGzQ1w → Best Milking Machines for Dairy Farms – 2025 Buyer’s Guide! 🐄
[8337] ohX1jIlH_kI → The Science of Soil Health: Cover Crops and Moisture
[8338] c1xoMKGwjUc → Types of Corn Eaters #shorts
[8339] TIBTNUJek-M → Excellence in Agronomy Chief Growth Officer Interview
[8340] evV05QeSjAw → How they saved the holes in Swiss cheese
[8341] ro18wMT3sgI → From Waste to the Kitchen: How Biogas is Changing Lives in Remote Zimbabwe
[8342] Pk6pp-89q_0 → Raised Bed Garden. Learn as you grow
[8343] YqhCQOC0alc → Good Agricultural Practices Training Graduation Ceremony
[8344] 7bjJPgQLpis → Why Compost? The 10 Benefits of Composting for People and the Planet
[8345] 7tB7wFU7yyM → Boost Your Farm with Precision Techniques #farming #precisionfarming
[8346] hJH7wPZfHTU → Martin Lewis: What is inheritance tax and how does it work?
[8347] FR0kTBpVob8 → Planting Fruit Trees the Easy Way
[8348] 7GWbOWJuAa4 → Pasture Soil Health Management HD
[8349] bIGQMDeCo0A → Gayndah Welding Works For Sale #business #commercialproperty #commercialrealestate
[8350] mPScfyb8eio → Wholesale of The Modern Cultivator Mini Tractor Rotary Tiller for Farming #rotarytiller #tractor
[8351] f3wNcoBr_7w → Walking the goats at Cannon Hall Farm
[8352] 8NkpZWYlHz4 → Farm Animals for Kids 🐄 | Learn About Types of Farm Animals and Their Uses!
[8353] eHbWKGe1Uv0 → Amazing Chinese and Japanese vegetables farming techniques?!
[8354] Ch_nwGghW7Q → #farmstay #agritourism #iran Corners of our farm
[8355] R1F0h_0E5Sc → Agrigrain- The Good Name in Grain
[8356] I_mfaD9wZ5o → FINALLY my dream CAME TRUE‼️ Preparing the Farm for Planting Season! 🌱 | Tilling the Soil
[8357] zotlqKO5AkI → Sustainability on a Dairy Farm: It's Just What We Do
[8358] LzFU1p7o_qI → how to make grass into hay bales🤔It's really modern and easy.😎🤠 #Shorts
[8359] Fs-2MxEqYkQ → Effective Baled Hay Practices
[8360] MhFUnXq90cM → Growing Orange Tree from seed #timelapse #plants
[8361] nMfRRkUhNOY → FAO Policy Series: Ecosystem Services and Biodiversity
[8362] Wk8fIsxD0rw → Optimize Your Cow Pastures: 5 Hacks For Pasture Management
[8363] tIjpu03J0rw → Welcome to Paradise 4 Paws: Where wags and purrs speak louder than words
[8364] CLcO2VOq58s → How to Withdraw Retirement Funds: Traditional IRA
[8365] tJ0d-01LYsc → The Best Place to Start a Farm or Homestead
[8366] dniaE2fk_5Y → How to Grow a Mango Tree with a Store-Bought Mango 🥭 creative explained
[8367] hzw4ZXVxBvI → What is Agricultural Biodiversity (or Agro Biodiversity)? #podcast
[8368] RYp24IOiM0c → Seneca Park Zoo leads effort to save pollinators facing extinction in New York
[8369] zX5C3HEyEOo → Kubota mini harvester #combineharvester #kubota
[8370] jNMDxRQcbFU → How this farmer couple is flourishing in drought-prone area
[8371] GL_yLRDL24I → How to Transplant Seedlings Into the Garden - 10 MISTAKES to Avoid
[8372] 7YUiDvYbkw8 → No-Dig Raised Garden Bed - From Start to Planting 🌱 #gardening  #gardeningtips #nodig
[8373] QvyKuAteOto → A Visit to Don's Produce Arena WI
[8374] hTvprfiPnww → Myers Jackson   America s Auctioneer
[8375] skWVZT_U0PU → Amazing Mini Reaper Binder Machine
[8376] QgBRcw_1E78 → Hopefully my farm hand gets back to work now.. 😅😇 #farmlife #chores #countrygirl
[8377] 4HLho4vcJac → Vertical Gardening - Simple Ideas for a Vertical Vegetable Garden
[8378] N-hB9RchmmE → Row Crop Farming Made Simple 🌾
[8379] jeTERZOo_uc → MIND BLOWING FACTS ABOUT COMPACT TRACTOR MANUFACTURERS!
[8380] E1WYueq3KT0 → Key Challenges in Agriculture Before Implementing IoT Solutions
[8381] O2iyuoBZ-oY → Farm Inspirational Quotes   The soil is a treasure chest
[8382] XqCizW0tN-4 → Fig Season | Harvesting A Black Jack Fig!
[8383] hOrr5lok-aE → Agriculture and Early Settlements Directions
[8384] VlHreDmX8UA → Oneonta Heavy Equipment Rental
[8385] e0yAWX_W4IA → The Significance of GMO Soybean: Statistical Data Analysis #sciencetalk #shorts
[8386] lyQae3zAR1U → 34 Incredible Photos Showing Farm Life in Boston Massachusetts from between the 1920s and 1940s
[8387] sn7JUlb4Gp8 → Design and implementation of family farm records
[8388] z-h_YTIgDZA → Ibrahim Traoré Revolutionizes Farming with Modern Technologies!
[8389] e_HFTsAKMOg → Countryman Peony Farm [PREVIEW537]
[8390] gjykKZNMVQY → Rick and Kim Olson Online Farm Retirement Auction Tonight - Milan MN
[8391] pq0ertgJn-M → Here’s a Trick for Planting Lots of Plants in a Raised Bed Quickly
[8392] 2wK455dURDg → Ideal Farm
[8393] P2cS3LlmDyc → Top 3 Indoor Hydroponic Systems in 2025👌
[8394] ex1dUZrRRBA → Heavy Equipment & Equipment Rentals At Rentals Unlimited!
[8395] wK13-ooJ1yw → 🐻The Bear Who SavedChicken🐔 #animation  #cuteanimals  #animalrescue  #chickenrescue  #parati  #fyp
[8396] yHdNDhYHVzk → Boost Your Banana Harvest with These Crazy Easy Methods!
[8397] l_GdVRILdb8 → Can India Become the No 1 Global Farming Superpower? 🌾🇮🇳
[8398] -UUS4QXXV3s → Meet The Most POWERFUL Dairy Breeds in the World
[8399] FCrOxX7uHPY → Stacking hay in the barn
[8400] NOmasdE8efc → Forage Crop Module
[8401] j2F5nbNNOSI → Chinas INSANE NEW Bamboo Farming Techniques
[8402] MPBDnAwXT_M → eon-nanb-fmx
[8403] hMUhLp4-Y84 → Amazing Farming Machine in Action 🚜💥 | JUST KD Agriculture | Part 145
[8404] h4yM1qN7f84 → Mahindra 585 yuvo 4X4 {FOR SALE} ☎️-9418432953
[8405] dkt180AwkqM → Cross-disciplinary research to create more sustainable practices for local farmers
[8406] P03MDbFuIp8 → Future Farms: Bohol | Vita Isola Leisure Farm
[8407] mJrgwhqmthg → All types of dairy tools (equipment) contact 8121797929
[8408] AZHoak_rTwk → Farmington Goal 2023
[8409] 4MHQ6jk3WGg → Dealership Said I Had To Have It! Bare Bones Farmall 826!
[8410] Arw_qzO4GM8 → 2022 Fruit School - Insect Management for Commercial Strawberry Production
[8411] gMua6elTmHg → Transforming Israel's Desert: Innovative Agriculture | FULL EPISODE | Insights on TBN Israel
[8412] UhWtSZuxG0c → Pesticide-Free Farming: How Squirrels Save Crops & Generate Income! 🤯
[8413] qSTO8k5EgCw → Operator Daily Maintenance of Crawler Tractors
[8414] iBi5fng9TzI → 7 COLD WEATHER vegetables to plant EARLY - Easy Hack for Fresh Food Faster
[8415] 1Q2u0Km3jxw → Saving Seeds: North Dakota Tribe Preserves Traditional Farming Practices
[8416] XSJRyT_okgs → Baling Hay Again #lstractor #hay #hayseason
[8417] MflAL0x4jds → Getting Trees for FREE
[8418] XYxp72NfZow → From Ground Up: The Essential Core Infrastructure for Small Farms!
[8419] Rq0RUqEfu2g → DIY Self-Watering Drip System for Plants | creative explained
[8420] EOXmGEKwzsc → Irrigation works drive up agricultural production 50%
[8421] Bhicgy-kKeY → An expert mechanic repairs a rusty tractor that has been left in the rain for years
[8422] 7j1lMs7fcIQ → Everything About Irrigation Pivots (Farmers are Geniuses) - Smarter Every Day 278
[8423] eiIyzxhhqhQ → Grow Vegetables in Containers | Fall Vegetables
[8424] IcyFf-zvkqc → DIY Ultra-Powerful Natural Germicide JADAM Sulfur(JS) 10L for Gardeners. Homemade pesticide
[8425] 6pTjWrPZFyI → Measurement for our planet - Agriculture forestry and other land use
[8426] XXFpWP6hVjY → The First Title Smart Man Method Water Pump Using Tires  plowing machine
[8427] sLuCfOesV_k → Hay Bale Chainsaw! #itworks #justthetip #farming
[8428] 6FuXuO_pu6k → TOP 10 Hay Mowers Mergers & Balers of 2019
[8429] zI-wmMlUtV8 → Support Your Local Feed Store! - Visiting MR Hardware and Farm Supply in Greenup Kentucky
[8430] hZbjSYlbkD0 → Expert Video Series - Topic 3 - Comprehensive management practices for dairy farming - Q&A
[8431] KfCu2QUoL2Q → Produce at the market #gardening #produce #farmersmarket #shorts
[8432] 1qFMqiW7oYM → Powering a Clean Tomorrow: Cheap Hydrogen from Biomass
[8433] B_ebMtsGSb0 → Shotgun Sequencing Simple Animation
[8434] FuSbXtQPvg0 → How Solar Irrigation Systems Work: Save Water & Power Your Farm Sustainably!
[8435] c7r4wpfU3lI → Juan Juan - Atrapado (Video Oficial)
[8436] GQtNRrK9S2s → THE ULTIMATE GUIDE TO DIY GREENHOUSES!
[8437] k5zW92Yn5rY → Genetically Modified Barley Plants to Lab-Grown Meat | Future Technology & Science News 72
[8438] 8WhBRKSo7Ow → How we upgraded our Solar System while living Off-Grid in Ghana
[8439] jWR3epRrYXI → 20000 birds layer hen farm poultry commercial egg production business - RETECH Farming
[8440] WHuIHCxQFQM → Tips for Growing Vegetables at Home #farming #vegetables #gardening #planting #sustainable
[8441] uHVUqIdlUpw → Whiteboard Wednesday #17 - How can agriculture adapt to climate change?
[8442] eyh7UHmKLUY → Agricultural Equipment Operators
[8443] x01MWDQi3gc → Harvest time! #harvesttime #gardenharvest #harvest #harvesting #gardening #garden #growfood
[8444] mwoGOmtB0HQ → Ancient Farm Made Pickle Range From Two Brothers Organic Farms
[8445] KvvT0PD3hUE → How to Fix: John Deere 1025r Tire Failure #shorts #johndeere
[8446] 5q-yqLYYRIs → Rental Dealer Testimonial | Last Pass Ag | Flaman Rentals
[8447] 4tRJqLyapsc → Grazing Strategies & Pasture Management for beef Cattle | Tips for Pasture Management
[8448] uEjQeMuCTh8 → Dairy Farm • Milking Cows by Hand and Machinery • Cow Video
[8449] tn1ufBGEfUM → TOP 5 BEST BAYER HYBRID RICE SEEDS | #bayer  #agriculturefarming #agriculture #biganteplus #rice
[8450] 4dMj6NKLGRM → OPSC OCS Prelims Exam 2024 | Economics | Agriculture in India | Economics OPSC OCS 2024
[8451] 5lrz7rJn4cE → IS IT FAIR TO COMPARE A TRACTOR VS A SKID STEER? 🤔
[8452] ZXnqZY3NoF4 → Agricultural Practices regarding Rice Cultivation
[8453] 47n6lbfDX7g → Growing Hay for the Cattle - America's Heartland
[8454] ZgetLhiKJ7o → Equipment rental business startup cost/business loan. New rental equipment! Bx23s
[8455] H7lMZQWKt4E → How a son’s journey with addiction inspired a Texas farm’s recovery program
[8456] Xjomo3-H-G8 → Benefits and costs of vertical farms
[8457] ribyU-VXcpQ → Growing Red Bell Pepper Plant - Time Lapse
[8458] Qu0wv-aUepg → The secret method of ginger cultivation in china 🤯
[8459] VOBxV1pnPSk → Beginner Gardening Raised Bed Do's & Don'ts
[8460] ne-BV4xsQLM → L 45   The agrarian economy in ancient Greece 001
[8461] 9ysofS9WFTk → How I Salvaged Old Farm Gates For A New Animal Shelter
[8462] vui8UBIxOHw → How to Grow a Lychee Plant with Store-Bought Lychees | creative explained
[8463] URmc0d5uhPY → Farm Vehicles - The Kids' Picture Show (Fun & Educational Learning Video)
[8464] -HO1iToFbx0 → Experts spray painting heavy machinery - ALTCON Equipment
[8465] _PayQsLSebM → Everything you NEED to know about fishing in Minecraft...
[8466] 2LtfEz2jimA → Methods of Rainwater Harvesting
[8467] KKA7cVdfPnU → A Roof With A Difference |
[8468] bYdMx3uPuHU → She Stood In The Middle of a Grain Silo 😳 #shorts
[8469] _Wn6Kr4eSbc → Growing Strawberries Treating Pests in your Strawberries
[8470] 33cAGNVVxgI → Checking/baling alfalfa
[8471] yAxTqO_hmck → Electrical Mash Mixing Paddle ~ Brewing Aid
[8472] R92T7u1YIbk → About Go Africa® Rice Agribusiness Operations
[8473] FU1KsSQVBdg → Great Green Onion Farming Techniques #farmingtech @HappyFarm85
[8474] Cxw5brN3J7s → WHAT QUICK HITCH DO YOU NEED? CAT 1 VS CAT 2 QUICK HITCHES 🚜
[8475] 0h5wFVBmU1s → Essential Market Farming Tools in the Field and Garden at Neversink
[8476] IrEH0P0zt_E → Tree Cutter Branch Trimmer 😍  Gardening Tool Hand Clipper #shorts #Gardening #tools
[8477] zhW_hzE5SUE → Management Practices That Impact Soil Health and Organic Matter
[8478] bmONamGtpYo → Farmers challenge John Deere's control over equipment repair
[8479] W34cbVN7zUk → Agricultural machinery parts
[8480] dN1tgL9QWsE → Epic Gunner WATER SPRINKLER GUN IN ACTION: Satisfying videos
[8481] RBuOtelbYss → Stacking Cover Crops Benefits with Jim Stute
[8482] dXWXhyY61Xg → Field to Fork 2024:  How to Grow Garlic and Other Alliums
[8483] mT4oik4POTc → 10 Essential GARDENING Tips for Beginners
[8484] N9jXUlQiqtA → Tractor Thresher Simulator Games 3D: Farming Games #2 | Android iOS Gameplay | FHD
[8485] eX5O_xVdS9Y → Agriculture tool for simplifies soil preparation without damaging the main crops
[8486] AeT9Xd6I7o8 → AGRICULTURAL LIVELIHOOD TOUR
[8487] OLvZHmE_smk → Homesteading Skills! Top 11 Essential Skills You Must Know That May Save Your Life! | Complete List
[8488] PVv0OCt3EeI → Got Farm Equipment To Sell? Sell on Machinery Pete Monthly Online Auction
[8489] uSSNfNP4268 → Storm Water Runoff and Pollutants
[8490] AxzsD8_zUGI → Beginning Farmer Training Program Helps People Break into Farming
[8491] 9qAHUiebOM8 → Mexican orange leaves planted for a year #viralvideo #gardening
[8492] GLllZ-qiXJA → Do we really need pesticides? - Fernan Pérez-Gálvez
[8493] uBX2Oy38S24 → Research About New England's Organic Wheat Crop
[8494] wE8Im2Svaeg → Helping Farm Operators Build Labor Management Know-How
[8495] PTab96mxbdk → The Importance of Conservation in Animal Agriculture
[8496] 4gJz-xvMYrk → Best Management Practice - Harvestable Cover Crops
[8497] u3Z2puWMZiE → Growing tomatoes in a vertical string trellis #tomato #gardening #gardeningtips #garden #asmr
[8498] X1wfqwAS7Fk → Harvesting The Last Spring Crops and Planting Summer Crops 🥬 🥕 🍅 🌶️ // Dirt and Dish
[8499] 6W7noEpKLFM → Start of the Planting Season 2023
[8500] iegjfQmxanw → Triple Care Farm: Supporting Those In Recovery
[8501] pBh1v69cSLs → Labor shortage drives up farm wages could hike food prices
[8502] GegEh6-16Wg → JCAST - Jordan College of Agricultural Sciences and Technology Fresno State
[8503] RorvazVNeQE → FINALLY upgrading Tower Grow lights! 🌱 #towergarden #hydroponics #growlight
[8504] zQ2Wvjbk64s → Orebound How to do Farming (Tips and Tricks)
[8505] B70ixxv_Pb8 → Livestock and livelihoods webinar series: Crossroads of animal human and environment health
[8506] BMXNIsfwwzg → How Much Hay Equipment Costs in 2024
[8507] V63So5DUT6I → Hay picker upper thingy
[8508] k005aQT--wI → Local lab using genetics to change how crops are grown
[8509] D_hl5LEBIms → See how oats get from farm to fork ready for your warm tasty bowl of porridge
[8510] cNtznAXqYw4 → Crop Rotation: What are the advantages and disadvantages of crop rotation?
[8511] ru43FqMZjnQ → Top 10 Tools For Your Homestead
[8512] TGtW_fR2zdA → Amish Secrets to Feeding Chickens Cheaply and Naturally
[8513] 7UMlacnlhgc → Watch This Farmer’s Clever Method to Protect Chili Crops from Pests!  -Agriculture Farming
[8514] n2s4eY_oGHU → Luminous Cove Easter Egg #bloons #btd6 #easteregg
[8515] HQbvrDZXiiU → Unique Animals: The Smallest Cow in the World #shorts
[8516] etqQ2dzGP5Q → Hay making on our smallholding homestead in the UK summer
[8517] IgNmK14Aisw → Traditional Farming Techniques || Creating Pond level of water #traditional #farming
[8518] GucOPRrg7bk → Cannabis Nutrients
[8519] cXv2POSN6iM → DON’T SKIP THIS QUICK TIP ON HOW TO MAKE YOUR QUICK HITCH QUICKER!
[8520] PzjCV1mevxw → SEED STORIES | Striped Japonica Corn: The Prettiest Of All
[8521] 4CbbyINrX_0 → The Agricultural Revolution: Humanity’s Greatest Transformation (10000 BCE)
[8522] ho1ExbG4elg → Revolutionize Your Farm with These Agriculture Trends #SmartAgriculture #IoTInFarming #farming
[8523] -UAQ0AcY6Zw → The Best Worm-Friendly Mulch for Raised Beds & Containers – Boost Peppers Tomatoes & More!
[8524] ZJt0ngB2mco → 2016 National Farm Machinery Show: Versatile
[8525] MF41HcW8qgc → Farm Life ~ You Never Know what You'll Be Doing
[8526] OnLflnfasIk → The Art of "Melon" Farming
[8527] nRFIR-2Og-o → How This Farmer Keeps His Eggplants Pest-Free and Thriving!  -Agriculture Farming
[8528] WrkPePTaKrY → Agricultural Equipment Operators Job Description
[8529] M94_s8lf8wE → What Are Some Examples of Sustainable Agricultural Practices? - Ecosystem Essentials
[8530] A0epmwZFh3Y → 💥Rain pipe irrigation!👌🏻 #farming #agriculture #rainhose #irrigation
[8531] PeF1Vzbo4vg → garden weeding tips and tricks #beginner #gardening #tips #tricks #weeds
[8532] 7sUhacvXPbc → Why This Ghanaian Graduate Returned From UK To Invest In Coconut Nursery Production & Sales In Ghana
[8533] V48Sq5G8Y2Q → Worm Farm Experiment: Will My Kitchen Scraps Turn Into Castings 5 To 1?
[8534] XDM2hXVDm-0 → Depleted soils means lower nutrients in our food!
[8535] Dw6pLasScX8 → 5 companion plants for tomatoes
[8536] TBP9NsYQT00 → Climate change threatens coffee production
[8537] 16Ob_289FgU → Are Agricultural Drones Really the Future of Farming?
[8538] NlS_dTDsHHQ → New Vegetable Garden: How To Get Started
[8539] tWgDqBryR30 → Hydroponics for Beginners | Everything You Need to Know for Successful Hydroponic Growth
[8540] n3RcMpXqgDs → The Splendor of the Garden | Theology of Home IV
[8541] CdrmPNhGhiU → Farm Animals//CowGoatSheep//Farm Animals
[8542] 60FlvIvi8uw → Pineapple Harvesting || How to Work Smart
[8543] LjriqqErc4g → Closed Recirculating Aquaculture System (CRAS) | RAS Fish Farming | Modern Fish Farming Technology
[8544] OR-5kXgWgJM → Agricultural Equipment Operators Career Video
[8545] 2v-XCuPGei4 → Building Farms in my Double Chest world
[8546] wDzthvjoH4w → Want to know how to use deep ripping in your farm? @theGRDC #farming #grains #soil
[8547] Va3Q-3os08A → Smart Agriculture  Technology Trends AI Artificial Intelligence
[8548] zLZF8kjd97o → Emerging Technology Trends in Agriculture
[8549] N2sq00QCxbw → Tractor Plowing Field
[8550] rRRSOtnK368 → Will The 'HAY SMELL' Go Away After Curing?
[8551] ta6nI4AT3wc → HOW TO DRIVE FARM TRACTOR!
[8552] GntTeigtVrY → Potato growing underground
[8553] CexsdEcFs6M → How to use the Yield Enhancement Network to improve crop performance
[8554] OiNXpXfE7Fs → kubota AR70  combine harvester #shorts #kubota #ytshorts
[8555] nxSNySWanL0 → Biblical Principles of Farm Life "The Sweat of your brow"
[8556] x3JEq5TpPHc → fast growing vegetables| vegetable agribusiness ideas| profitable farming businesses in 1-2 months
[8557] WHiv1OvXGcI → How to Propagate Plants: 4 Methods to Master
[8558] wKNy3uRuhQ8 → 3 ways to get rid of ants naturally
[8559] zY4aDGYGmLY → 𝐅𝐚𝐫𝐦 𝐏𝐫𝐨𝐟𝐢𝐭: 𝐂𝐫𝐞𝐚𝐭𝐢𝐧𝐠 𝐚 𝐋𝐢𝐯𝐞𝐥𝐢𝐡𝐨𝐨𝐝 𝐨𝐧 𝐓𝐡𝐞 𝐅𝐚𝐫𝐦
Error fetching metadata for video ID MgLMSzjI7hs: Command '['yt-dlp', 'https://www.youtube.com/watch?v=MgLMSzjI7hs', '--skip-download', '--print-json', '--cookies', 'cookies.txt']' returned non-zero exit status 1.
[8560] MgLMSzjI7hs → Unknown Title
[8561] ZX9AkkVdGWU → Ghana's Hottest Chilli Pepper ||Story Of Farmer Using Cow Dung As Manure To Enrich The Soil
[8562] 34U7CaUzTMM → How to Soak Seeds Before Planting : Seed Planting Tips
[8563] cJcl1254qSc → कटहल का पेड़ कैसे उगाएं?🌿How to Grow Jackfruit Tree #farming #gardening #jackfruit #shorts
[8564] styFEtaoNbA → Bale feeder - The best round Bale feeder for feeding Deer
[8565] IdgWnFyDfRI → Secrets of Agriculture's Future Revealed
[8566] 6lBgKazdGnU → Peaceful Farm Ambience with Farm Animals and Relaxing Music Acoustic Guitar Instrumental Music
[8567] t_K-bNRK7dY → Forest service recommends hugging a tree to fight quarantine loneliness
[8568] E0iMQvSvzjQ → ARABLE HARVEST TIME! | Vintage Farming | FS 25 | Episode 28
[8569] VgN5lnPTW0U → This Week in Agribusiness May 24 2025
[8570] 3TamwdrJLvk → What are FARMS? Facts for Kids 🐑 🐄
[8571] 2sjfKOV0TRA → Fertilizer application methods (chola method explained)
[8572] Xp8Dyc9IHf0 → Sustainable agriculture: planting seedlings with recycled bottles
[8573] fEaj9iSLsrY → This cow breed is very interesting
[8574] 3t5WWwKF6Ic → One Day It Will Make Sense-#shorts
[8575] loiMTmoYT_k → How to grow Popping Corn From Seed to Plant
[8576] eK0YpcQJndQ → Malawian cotton growers learn farming techniques through China-African cooperations
[8577] cjk8sAnaaVw → Mark Heckman focuses on using sustainable farming practices
[8578] zQGeKJ9EEZU → Mango farm agricultural farm land - drone footage 4K
[8579] Q3u98Gz2d4g → Corn Processing in Northeastern China 🌾 #shorts #cornprocessing #agriculture
[8580] PvZLF9Lph4Y → Manufacturing of Biochar
[8581] SWB40jZvvC8 → High yield planting method of sweet potato seedling
[8582] 49VmFOUBPP0 → Feeding 100 Sheep Hay
[8583] fRlUhUWS0Hk → How to Start a Farm From Scratch (Beginner's Guide to Growing Vegetables for Profit)
[8584] pEU5dBjvLLU → 5 Small Space Gardening Tips and Tricks! // Balcony Vegetable Gardening for Beginners
[8585] a1cp13At15A → Preview of Eugene and Sherri Nieman Online Farm Retirement Auction Tuesday - Nashua IA
[8586] 3_Wt0O9--34 → 9 Plants You Should ALWAYS Grow
[8587] tT81QA4BY6k → Compact Tractor Loader School - Tips for How to Use a Front End Loader on JD 3039R
[8588] Xs43b-vvWe8 → Farmer Floating Weed Control To Save Precious Water Pumps #shorts
[8589] s5GGsrazJIc → How to breed Indigenous Micro-Organisms (IMOs) to recolonise your degraded soil
[8590] RuJCzvM3Qeo → Soil 101 for plant health 🌷 #landscape #tips #lawncare #landscaping #flowerbed #gardening #plants
[8591] O2vObnwMWho → Why you should grow tobacco -(and tips and tricks for drying)
[8592] j2EWP9ke1Qo → Amazing Agriculture Technology - PumpkinSquashSunflower Harvesting Machine - Modern Process Line
[8593] otBNapiwhKs → Biodiversity and agronomy - Introduction
[8594] DJQZRhc8JlY → JD Hay Bale Grapple Accumulator | Titan Attachments
[8595] Qq_4RNNzXAU → Gravity-fed Bucket Drip Irrigation System
[8596] jqfUnCiB-80 → Orchard Management
[8597] L213_3Pznkc → Breaking the Rules of Crop Rotation
[8598] 1a_qKXruRHY → Winter Wheat Webinar - March 26 2013
[8599] TToUW2TZKU0 → How To Root Plants And Cuttings The Easiest Method! Mind Blowing Results!
[8600] lvCALDe7CSU → Kinds of Animals- Pets Farm Animals Zoo Animals
[8601] n0hnLqzm-44 → The SUMMER HARVEST EVENT in GROW A GARDEN... #roblox #growagarden
[8602] RobJ_JblN9k → How to Plant Bulbs in the Spring or Fall
[8603] Vf5-Bw7tnys → Incredible Cow and Bull Meeting | Natural Animal Breeding | Zee Pets
[8604] -r8ROxXGXKw → Dog TV Relaxation : Videos for Dogs - Cows In The Field ~ Relax with Nature
[8605] Ss2SOfhH0E4 → 1BQ-4.0 Power driven rake for tractor#harriston #croptec #agriculturalimplements #rack
[8606] YgQdb9wSBVs → Practice. Practice. Practice. #ranchlife #ranchroping
[8607] -Ggagi_6kO4 → The 'Everything from Walmart Kit' - Cheap DIY Aquaponics System
[8608] OE73E0nIHJ8 → Yeep Plushie Aura Farming. .  .
[8609] zEX1PxkoKNA → KuneKune Piglets Go Wild! #kunekunepigs #homestead #farmlife #pigsonthehomestead
[8610] OO7mQyKn6Aw → 3 Secrets for Growing HUGE Autoflowering Cannabis Plants!
[8611] 084W7-AiaOc → Smart Farmer Fertilizing The Cornfields 😎 #satisfying #short
[8612] Acxggfi6lUE → SEED STARTING MIX VS POTTING SOIL! #flowergarden #garden #backyardgreenhouse
[8613] Q_Yt6QMTZmU → IND256 - Permanent cultivation vs Jhum cultivation
[8614] BhyWcH_l82U → CENTRE DE FORMATION PROFESSIONNEL AUX METIERS DE LA TERRE ET DE LA NATURE DE NDOGBAO
[8615] j2aC_CV52us → ORGANIC FARMING PRACTICES AND THEIR ENVIRONMENTAL IMPACT || The Healthier Habits
[8616] M8iBHxOPbjs → Leasing Ranch Equipment | Aaron Berger | June 5 2020
[8617] YPOXnS39Ufg → Square Foot Gardening: Easiest Way to Grow MORE Food in LESS Space
[8618] 0vavEDjUjFg → Kuhn GA4231T Rotary Rake working with Yanmar YT359C Tractor
[8619] EM7ns7bs_64 → ChatGPT Demo in 2025: 40+ Tasks You Can Do Effectively (10X Productivity)
Error fetching metadata for video ID sEX4YTbNYBQ: Command '['yt-dlp', 'https://www.youtube.com/watch?v=sEX4YTbNYBQ', '--skip-download', '--print-json', '--cookies', 'cookies.txt']' returned non-zero exit status 1.
[8620] sEX4YTbNYBQ → Unknown Title
[8621] 1f5FRzFUYqk → Rent out your farm machinery on www.farm-r.com
[8622] LjrY4fLdVBc → Bifacial Solar Panels With Trackers | Dual-Axis Solar Tracker VS Ground Mount
[8623] D4fDM2Jc4cA → Farmer Answers Farming Questions | Tech Support | WIRED
[8624] 6AXgETtSINM → Exposing Fakes at the Farmers Market
[8625] vXnzMt7UZZc → HOW TO FIX FLAT TIRES FOR 10 YEARS
[8626] Cx2k-gB2b0Q → Agroforestry: A Sustainable Tropical Island Land Use System - Overview
[8627] 9PpV9s1hcE4 → Don't bother growing tomatoes any other way! This trellis system is the BEST and CHEAP.
[8628] _3L99YKgM-M → Module 2 | Profitable Small-Scale Farming: Essential Tools and Techniques
[8629] DYqqPbbLgpI → Are you even ready to start keeping chickens for eggs?
[8630] TwxLAqInUiw → 搾乳から加工まで一貫チーズ生産プロセス。４５年間チーズを作ってきた日本のチーズ工場。
Error fetching metadata for video ID p67-a8Owu2o: Command '['yt-dlp', 'https://www.youtube.com/watch?v=p67-a8Owu2o', '--skip-download', '--print-json', '--cookies', 'cookies.txt']' returned non-zero exit status 1.
[8631] p67-a8Owu2o → Unknown Title
[8632] dPWx7Yv4vlM → Cayenne peppers grown without the use of soil
[8633] 3mOdD97vOXw → Montana AG Network: Lingering supply chain problems a concern for farm equipment dealers
[8634] diSkE3YLA1I → Over Winter Test Plots April 15th 2021
[8635] Adhx4xMIjQQ → Farmer Wants A Wife: John's Dilemma Bailee's Clue Sparks with Samantha and Turning Points!
[8636] Lxc-AD__4X4 → Agriculture on the Move (Nov 9 2022) - The Danger of Pesticide Use
[8637] ZIMPZU5aW-Y → Family trip to the pumpkin patch! Hayride games and fun!! Join us for some weekend fun!
[8638] 0Plzm-YVK1k → ಕೃಷಿ ಯೋಜನೆಗಳ ಕುರಿತು ಜಾಗೃತಿ | Spreading Awareness About Agricultural Projects
[8639] xNfFKjLskzs → Organic No Till Farming For Home Gardeners and Commercial Farmers
[8640] 9abGnpCE1A8 → 💚 Are you ready to eat superfood and grow super crops?  #farming #organic #agriculture #natural
[8641] 02IwkIuuld8 → New designed 5M box trailer food caravan cart van
[8642] G-xqE9fhEaE → 2022 Fruit School -  Strawberry Disease Management  1
[8643] z5BMi7e4gww → The Impacts of the Summer Drought on our Farm!
[8644] kva4mzj3CBc → How a wind farm works
[8645] WW2-j_Wxn2M → Compaction and Soil Health
[8646] 5znpmioa47g → 8 EASY vegetables to grow in POTS for a HUGE harvest // Container Gardening Australia // Melbourne
[8647] 3Y5OQL6Z8Ks → Minecraft Auto Crop Farm🥕 #shorts
[8648] PKrygBVOzDs → Eavesdropping on Insects to Protect Crops: 2023 WARF Innovation Awards Nominee
[8649] NpkBJyNxKwg → Feisty Feline: Adorable Kitten's Angry Mood Captured in Captivating Close-Up Purrfectly Fiery 😾
[8650] dJ1tckyBwMQ → Citrus Mechanical Harvesting 2019 | Agromillora Group
[8651] XWLq_Pd13-s → FarmLogs Offers Farmers Online Crop Management Software Applications.
[8652] HJmNEi8nGxQ → “Mode” - JussKev x JuanJuan (Official Video){Shot & Directed by SK Productions}
[8653] NKM6fayS4NE → Suspect shoots and wounds artist after altercation at rally for New Mexico statue
[8654] ejM-iRCc7rM → Herd Management Explained in 30 Seconds
[8655] L_UYXXzJ-lQ → Peony Planting Tips
[8656] aNr29zwk5tU → Pellet Feed Making Machine
[8657] Xg27iMXwdV0 → Farms of the future | The importance of #sustainable #farming practices
[8658] UA470SwBxSo → Guess what happens when ranching operations are closed down. You didn't expect this.
[8659] 8snYdXgijic → Pomegranate cultivation methods and organic farming techniques to improve pomegranate yield
[8660] EPALm25ogGI → Mini Leveler (kunte) 3.5 / 4 feet length. #tractor #farmequipment #tractorimplements #farming.
[8661] QJAffOsWcao → Weekend Break: Sonny Acre Farms Pro Rodeo - WGN Weekend Morning News at 7
[8662] b3E38LJeDZ8 → 5 TIPS For BEGINNER Food Gardeners to Grow Veggies at Home
[8663] DQaxmDshytA → AGRICULTURE TRADE SHOW//LIFE OF FAMERS
[8664] SgFKfVfghpg → How Do Bananas Grow and End Up in the Store?
[8665] yEFyBj_ESWM → Mechanical tilling: soil preparation in modern agriculture
[8666] NPbVCFze2K4 → Land Clearing By Anchor Chain & Bulldozer - Full Video Attached!
[8667] IsbrhCr64cI → Top 5 Cattle Breeds - The BEST Cows for your Ranch!
[8668] zQ-gPG8acmc → Tomato plants irrigation configuration
[8669] 9WodVxIxsWE → From farm to table: Hog processing in action @UncleTimsFarm
[8670] TECT7T3_OIQ → Cilantro Growing Guide: Plant in Every Season to Harvest Year-Round
[8671] sAKkjD3nEv0 → Honey Bees Make Honey ... and Bread? | Deep Look
[8672] CHSpBsug6WM → 2012 Soil Health Info Day: "Biology of Soil Compaction" with Jim Hoorman Ohio State University
[8673] AlqEFfvFtkc → GMOs Farm to Table
[8674] ljP87TWxqQ4 → Meaning And Types Of Irrigation | Agricultural Science | SS2
[8675] 5YDSMEmELZo → Farm Tractor Safety : More than Plows and PTOs - Part 6
[8676] Lg7VUd7F6wk → FARM MANAGEMENT & PRODUCTION & RESOURCES ECONOMICS ||  BSC AGRICULTURE 6TH SEMESTER || MCQs
[8677] HTElnrMaAco → HAY SHORTAGE
[8678] c_Tg0L2ldWI → bottle tasting grass crusher #feeding #automobile #agriculture #tools
[8679] 3Ei164DyooQ → Learn how to grow rice
[8680] gdEErSFJ5M8 → Be part of CSA! - Community Supported Agriculture
[8681] H6VLFOnvUxA → Vegetable Cultivation Techniques In Summer Season | Nela Talli | Telugu News | hmtv
[8682] ynPKTPb4vbM → 95th Annual USDA Agricultural Outlook Forum
[8683] FxbXRwYsZ-g → Paddock Grazing Duration | Multi-Species Rotational Grazing With Red Devon Cattle and St Croix Sheep
[8684] _9EfFXHgswc → ADVANCED FARMING EQUIPMENT #technology #technologynews #technologytrends
[8685] hBptd4_dTfs → Harvesting hay to feed our cattle. What makes for high quality alfalfa hay.
[8686] NPPJduRZjm4 → NRCS Agroforestry Assistance | Implementing Silvopasture Techniques
[8687] S_GvmY9mnmY → Planting Food Forest with @Narrowayhomestead and @willsurvives  #homestead #plants #fruit
[8688] 1lGSEF1QcyE → Agriculture Process of Tractor 🌾🚜 #agriculture #farming #agricultureprocess #tractor #shorts
[8689] BngPcUomvXc → Bee Farming Play Vital Role for Ecological Balance #plandfarm #agrotourism #nature
[8690] LK8iOiqzohE → Flame Weeding Explanation
[8691] JXShKdOgBZE → Grafting Tool Great For Beginners And Smaller Branches #farming #agriculture
[8692] kPv30NVIQdE → Summer Roses In My Garden🌹 🌹#rose #rosé #garden #planting #shorts #compilation #roses #rosegarden
[8693] Y3Vb_NQd9DY → 2025 Farm Equipment Auction - Field Walkthrough
[8694] OdRG3AYunE0 → Agriculture Online Repair Manuals at @emanualonline
[8695] ENIVklHU2ws → Vertical Farming Made Easy: 10 Practical Tips for Success
[8696] tsrBSD7l7i4 → How to Grow Vegetables in Containers // Container Gardening
[8697] nPzM1H6IbK4 → 5 REASONS Why Quail are BETTER than Chickens!
[8698] OkUeL3tsksM → @Ping An Sister Farm Machinery.4m ago#HappyVillageLeader #StainlessSteelTransferPunch
[8699] Ic3QQwNfFOg → Agricultural Technology Is A Big Trend In Cannabis Cultivation
[8700] JNQEPrS2YSI → How To Start A Farm In Five Minutes
[8701] NuPuXahXZZs → Manitoba Dairy Farm's regenerative agriculture practices
[8702] PC0SwkpfgMw → Does the Next Generation Want Agriculture? #shorts
[8703] AN9Azk0BaKM → planting season 2023
[8704] DYLWxZaVQR8 → The application of precision agricultural techniques to archaeological survey
[8705] XSCcdUPKUaA → How to INVEST in Farmland With an IRA! #ira #investment #farmland
[8706] T31IOVLYfQk → Precision Application Equipment: Data Storage And Management
[8707] qgG3jag-H6M → How American Farmers Raise Millions Of Poultry In The Pasture - Chicken Farming
[8708] QNeviTks3e0 → What Are The Best Long-Term Soil Health Management Practices? - The World of Agriculture
[8709] g1qBa9Sj7lM → "Barbs in a Barrel" Easy Chaining Guide
[8710] cJe5DWT4i5E → The 2025 CAT D12 Is So Powerful It Could Tear the Earth in Half!
[8711] pu19No6CbbA → Grafting Tomato on Eggplant Stored in Plastic Bottle
[8712] BHoG5zhPj7Y → The role of agricultural extension services
[8713] yQJNF3wFm-U → It's Possible to Bale Hay With Small Equipment | IBEX TX31 Mini Baler
[8714] _D7JqL9dya0 → The Most Sustainable Agriculture Practices-Top 5
[8715] 8wo2gAePRqU → NREL’s Agrivoltaics Research: Combining Solar Energy With Agriculture
[8716] mHgn-pRgWGQ → What's the FUTURE of Innovative Machines Going to Look Like in 2025? #farm #shorts #agriculture
[8717] VUMu0i1tgYY → Impressive Homestead Produces Tons of Food & Uses Solar Power Rainwater & Bio Gas
[8718] -r1WS1KLDQY → Agribusiness Ch23 1 Introduction to Operations Management
[8719] gxe4d9MaUpw → Grow Mushrooms out of Buckets using the Bucket Tech! Quick Tutorial!
[8720] xxIkG-4QM0g → Crop-livestock farming
[8721] v899OGwjgkE → Prepping the Chicken Coop for Winter ~ FAIL
[8722] ev78UDreJ3g → Top 5 AI Applications in Agriculture: Farming with Technology!  #FarmingRevolution #SmartFarming
[8723] eKL2r_Rcpqg → 🌾 "Harappan Farming Secrets Revealed! | Ancient Agricultural Techniques Ahead of Their Time" |
[8724] 4mimTMVvJPM → What is Community Supported Agriculture (CSA)? Find out with Petersen Family Farms!
[8725] vQB48dTDk9o → IBPS AFO Classes 2025 | Genetics & Plant Breeding Concept + MCQs | Class-23 | By Pratibha Mam
[8726] Ex2wfyAsHT4 → Welding Farming Equipment - NEW UNKNOWN TILLER + Kubota L2502
[8727] xKcC_ePJfi8 → The Future of Farming: DRONES ROBOTS and PRECISION AGRICULTURE
[8728] 8KtSHJQPTRw → The jaat movie 2025 Sunny Deol Randeep Hooda Regina Cassandra Saiyami Kher
[8729] wUhGC3Kf4jc → Top 10 Foods to Survive the Apocalypse! [Food Shortage Tips] #facts #survival
[8730] tNj3nwR_P1w → Agricultural Practices
[8731] D_-iaC2dTRM → Agricultural Innovations That Will Change Farming Forever
[8732] 6v9oxI-evNI → Planting Tomatoes Sideways!
[8733] d99W2nSAaDM → G&N's hydroponic system
[8734] xFeoaRk-54Y → A kind-hearted man rescued the cow from Atom Heart Mother – Old Man and Animals
[8735] W_OihXJkzsI → The Many Benefits of Farming Insects
[8736] -jKpGW4qD6A → manual rice transplanter animation
[8737] bdVrhzl0-1I → Top 5 best egg laying chickens breeds
[8738] WeDvNscRRPE → DJI Mavic 3 Multispectral I Precision Agriculture
[8739] CxSKlcA-tOk → Hydroponics: 5 Tips I Wish I Knew (as a Beginner)
[8740] 6wyhR68lo2M → Grow more potatoes in a grow bag
[8741] NyN44W2qgWA → Jordyn Feels Like Matt Led Her On | Farmer Wants a Wife
[8742] OpUlN7ndC5U → Zetor Proxima Tractor Demo with Enorossi DMP-7 Disc Mower | Tier 4 Demo
[8743] lfyIZrC7nYM → Live Chicken feeding to Crocodiles 👀
[8744] FTY-fgTkBoc → Agriculture Presentation||PPT Presentation on Agriculture
[8745] efkYxlvHOQI → Beginning Farmer Resources Presentation
[8746] 2CqGnC1gP1M → Subsistence Part I - YouTube.mp4
[8747] ztfHncV_L_A → Marcrest Bale Baron #shorts
[8748] 655sZV1kZZI → The Funny Farmer Song! | Jack Hartmann
[8749] bEkJr-vujf0 → Regenerative Agriculture: The Path to Sustainable Farming and a Healthier Planet
[8750] 9RZssOqEMR0 → Storing Foods Safely | Food Safety for People with Weakened Immune Systems [Part 6 of 9]
[8751] H5Gz4kxX4a0 → Herbicide Resistant Pigweed 2: Management in Conventional Row Crops
[8752] HK-VqxfTbLw → Tractor Thresher Simulator Games 3D: Farming Games | Android iOS Gameplay | FHD
[8753] rX-yxIGW82M → Consultancy in Organic Agriculture | A Business Opportunity
[8754] 3hYJRD-PWXc → How to plant Pumpkins
[8755] xXqkUu-E4us → Exploring sustainable practices in food and fibre production
[8756] B2y1XR5UYGo → Why Crop Rotation Is A Best Agriculture Practice? Sustainable Farming
[8757] zducVWyAEwk → Farming machine  Farming innovation Agriculture #Shorts
[8758] iVsOJ4e04iU → Wheat Farming Techniques Pressing The Plants To Help The Roots Settle Into  Soil #satisfying #short
[8759] sVkellNjQSc → Methods To Dwarf A Papaya Tree #farming #agriculture #ideas id
[8760] kZ0UXEAs-1E → Transform Your Grass: Drying Techniques | Farming Simulator 2022
[8761] Mh4qJr1IMNU → Workshop On Saffron Farming On 27/July/2025 At KAREMPUDI ||Saffron ||India||Kashmir ||#kbhsaffron ||
[8762] GorSpFFaKg8 → Convergence Workshop | Ranchi Jharkhand
[8763] r_elgaL_v6A → Inside an Amish Family's Self-Sufficient Kitchen #homesteading #farmlife #sustainableliving
[8764] joHjm1O1tDs → village life photography ideas 💡🫢 #shorts #creative #photography
[8765] R9PxpeSfNeY → PlantingTime - Planting Calendar for Kitchen garden
[8766] uIlos3bRPFY → Rural Wisconsinites take on the factory farming industry
[8767] vc_DynzW_fA → Crazy Agricultural Tech Innovations in Israel
[8768] hrg4qGTr1do → Sheep don't want you to know this technique...
[8769] CsTZxSVGxUI → Harvesting and Storing Water for Crop Irrigation
[8770] vhmeXFe8Nss → ¿Cuáles son los Próximos Países Emergentes en Agricultura? CLAVES Tecnológicas para su Desarrollo
[8771] -yiME0aF5WU → 6 Week Hayrack Update! They Look SO Great! 😍😍😍 // Garden Answer
[8772] NKcABwym_Gk → 10000+ Acres of TEXAS Farm Land for Sale • LANDIO
[8773] 5Qq-huVbY9M → From Tribes to Civilization: The Agricultural Revolution
[8774] vtTDuTK_s6Y → 9th class chapter 6 agriculture keywords
[8775] SOweWohlpjc → How Were Farming Settlements Established In Mesopotamia? - Ancient Wonders Revealed
[8776] 8zzyTT-NiNw → Baling & Wrapping All Day | Will a Breakdown Stop Us? 🚜🤔
[8777] 7vxCkdCs884 → Affordable Portable Solar Pump for irrigation at small-scale farms
[8778] sCcgtTTXnKU → AGRICULTURAL EXTENSIONS SERVICES by biodunx
[8779] czyT0MW0yOw → $2200 Hay Mower Takes On The World!!! New Holland 488 Haybine (Part 1 of 3)
[8780] dbEtcjNxGVQ → Impacts of Agricultural Practices| Land and water use| AP Environmental science| Khan Academy
[8781] Dg842hOWGNI → Farm tools drawing easily/ How to draw agricultural tools drawing
[8782] -nfefNevHCE → 5 Most Profitable Crops to Grow in 2025 for Small Scale Farmers
[8783] 02z56He5W98 → 5 Tips How to Grow a Ton of Sweetcorn in One Raised Garden Bed or Container
[8784] 2hZejqu71HQ → Shrimp Fishing in Japan: Ancient Traditions Meet Modern Techniques#ShrimpFishing #JapanSeafood
[8785] Q0Go2IdzBVg → AGRICULTURAL EXTENSION - AGRICULTURAL EXTENSION METHODS I | AGRICULTURAL SCIENCE | SS 3
[8786] Jg_OcYf7FB0 → HOW MUCH GROUND ROD DO YOU NEED FOR AN ELECTRIC FENCE ENERGIZER? #livestock #homestead
[8787] hYUh_A7ce8A → Amazing Upcycled Garden: Turning Plastic Bottles into Food & Profit! ♻️💰
[8788] 4TOf7i16E4E → Pesticidewise: cleaning pesticide packs
[8789] jdKLd8St3bM → Quickest way growing onions #youtubshorts #onions #greenonion #grow #water
[8790] b2okeTG_E0g → Dan and Julie Perkins Garlic Cart Farmers Forum Presentation 2014
[8791] -9NbedNizN8 → Milking Our Goat For the First Time (Nigerian Dwarf Goats)
[8792] M2ozo2wBVQg → Colonel Sanders Quotes for Inspiration Business. People are just like farm equipment. They rust...
[8793] DIddyKk0Vzk → Step-by-Step How to Spawn GREAT ONES Using HERD MANAGEMENT!!! - Call of the Wild
[8794] Z7gTY7axz8c → Secret to  get big and many pumpkins #shorts #plantingtips
[8795] WuZhDt8AAZo → ಕೃಷಿ ಉಪಯೋಗಗಳ ಸಮಗ್ರ ಮಾಹಿತಿ | Comprehensive information on agricultural uses
[8796] L_yKBWioHso → See a Farmer Plant Christmas Trees! 🎄  |  MD F&H
[8797] seyKpywhxbY → Organic Farming – Nutrilite Farming Practices | Amway
[8798] q7EvPd-VgiA → Farming community resists $1B data center project in Washtenaw County
[8799] lTd7JxlHWHM → Plant Propagation Techniques: Introduction
[8800] 6hLSp-mnpOs → Rise of Kingdoms - My Best Tip For Chaining Barbarians ! -  Never Lose your barb chain again!
[8801] YYg4FRcD1ok → KOBOTO MU211N 📞  94487 70898 FOR - SALE ಮಾರಾಟಕ್ಕೆ ಇದೆ
[8802] CAgj1ioa03c → Farm Inspirational Quotes   Farming isn't a job
[8803] HifPEeBQKNM → Crop Physiology Agronomy Princleples and Practice
[8804] Y7bscFjswmQ → HOW TO BUILD THE ULTIMATE NO DIG GARDEN! (USING COVER CROPS AS A SHEET MULCH)
[8805] rabBYSTuG88 → words related farming
[8806] Xm82oGXaWtY → Massey Ferguson 431 Tractor For Sale!
[8807] _-8gAfTYktg → Tillage Research in the Red River Valley
Error fetching metadata for video ID Jo37XgXzWgE: Command '['yt-dlp', 'https://www.youtube.com/watch?v=Jo37XgXzWgE', '--skip-download', '--print-json', '--cookies', 'cookies.txt']' returned non-zero exit status 1.
[8808] Jo37XgXzWgE → Unknown Title
[8809] RWNdlFKzXQM → What’s the best non-toxic cookware?
[8810] FkVMBboeQ70 → What Ecosystem Services Do Grasslands Provide? - Ecosystem Essentials
[8811] E2_kRmS6y8A → Learn Farm Animals with Ms Rachel | Animal Sounds Old MacDonald Had A Farm | Videos for Toddlers
[8812] XnEgajcOus4 → Beating Soil Compaction: Insights from AGCO Crop Tour 2018
[8813] 6JtCi0R3nhU → Great New Franchise Opportunity - Franchise for Sale In Lethbridge!
[8814] axf1k7aBSBA → Straw Spreader - New Agricultural technology - Best Technology Apps
[8815] MNP0SMIY0nI → 🍅Spotty Tomatoes? THIS FUNGUS could be why… | #gardeningtips
[8816] fAwXhUG3RHU → Siphon for irrigation | Siphon principle
[8817] RscNyLFGQKw → 20 Most Expensive and Unique Cows In The World
[8818] 75u1cZkQ-QU → Farming Soars with the POWER of Compound Effect!
[8819] gLZOLnteLdU → Wolfgarten Weeder Tool is very useful. Every farmer needs one!
[8820] pM136dTd1tM → Best Succession Crops for Summer Planting
[8821] 6tKC_cDC2Vk → Harmony in Vertical Farms: Crop Integration for Diverse Yields! #VerticalFarming #SustainableCrops
[8822] NKcBv-31b0I → SMART Irrigation - SMART WASH to respond to pandemics
[8823] MbthFGcEqfo → Socialization for Fish and Agriculture Engineering
[8824] X80q0NP3GbM → GULAYAN naka PUNDAR ng TRUCK 400K every 2 days + BUHAY MAMIMITAS Napapagod pero hindi Sumusuko!
[8825] 4UNOWFJH_aQ → Obano Civilization in the Amazon | Amazing Agricultural Techniques and secrets #history #facts
[8826] x2VuMMBx5aE → Post construction equipment and supplies list
[8827] H7Yk0iTZchQ → Smart Corn Shelling Technique Using a Modern Machine – So Satisfying! -Agriculture Farming
[8828] B2tILH8MVAo → Corteva Agriscience and bp Partner for SAF Feedstock Innovation
[8829] XqJKbD2KDMc → How to Clone Dying Roses to Grow New Roses Bushes | creative explained
[8830] IPeI5oYcd94 → Subsistence Agriculture in Arthurdale
[8831] u7rby-zJ0aI → A Type Automatic Layer Chicken Cage Raising Cage Wire Mesh
[8832] 0G1jrXcMUV0 → MF HAY TOOLS | MOWERS & CONDITIONERS ROUND BALERS
[8833] UcsvyjQAGV0 → Kohlrabi is one WILD Veggie
[8834] pwhlLOxUpQM → Farmland preservation program loses funding
[8835] Vhke4G6N_oE → Rhizobia-mycorrhizae-based biofertilizer for smallholders farmers
[8836] Lcc9MlHzdxM → The impact of climate change on Colorado farmers
[8837] ScLeXDF8cBA → Premier Equipment Rentals UNRESERVED Auction Sale - June 2020
[8838] DKy3O98W8AQ → How Indigenous farming practices help the soil
[8839] D8qUfyAPwcY → Combat Cookies concession trailer #popupcamper #supportourtroops #subscribe #concessions
[8840] x1vnarKI1q8 → Agribros Loves Nature and Tomatoes🍅💚 #tomato #asmr #asmrsound #prune #pruning #agribusiness #sound
[8841] yE1bIApov24 → Preserving Farmland
[8842] 21D_Jtvbu2Y → IMPORTANT FARM MANAGEMENT ACTIVITIES ON OUR MAIZE PLOT# village life #
[8843] rryitHhGwgM → The Basics of Organic Growing Strawberries (in the Tropics)
[8844] 7gwISO4f1AA → Five Nutrients to Boost Crop Health (and Suppress Weeds!) #regenerativefarming #soilhealth
[8845] ew_OZmns1ms → Day in the life of a Vegetable Farmer (planting season)
[8846] cr5CzUyXrPc → Essential Gardening Equipment | Top Tools for a Thriving Garden
[8847] MG6aKc0y7D0 → Triple Crown Feed Presents Pasture Management Tips
[8848] iYCfW42Tek0 → it’s that time!🌱 #gardeningtips #gardening #vegetablegarden #homegardening #backyardgardening #diy
[8849] fJDAVXwIOsM → ರಾಮನಗರದಲ್ಲಿ ವಿಕಸಿತ ಕೃಷಿ ಸಂಕಲ್ಪ ಅಭಿಯಾನ | Developed Agricultural Commitment Campaign in Ramanagara
[8850] NQ-KiXDi1G8 → Surprisingly STEM: Microgravity Plant Scientist
[8851] jpw8_IywnIo → The Nun…
[8852] rsOhtherDAg → Alternatives for modern agriculture II / Alternatives pour l'agriculture moderne II
[8853] ZQl46dQANVI → 畑で田植え? #農業 #再生栽培 #capcut #automobile #現代農業 #farming #農業女子 #https #ガーデニング #アウトドア
[8854] f-MKKrfbPT8 → straw baler #agricultural #mechanical
[8855] KlVjLMXq29w → Watch this if you want to be a plant parent! Step 1 to the “plant parent beginner” guide #plantlove
[8856] c0Hubk2DGzo → Selling The Farm To The Next Generation - An Affordable Strategy To Consider
[8857] V_nH4F4emr0 → Avoid Getting Scammed!  How to Buy Used Tractors/Equipment.
[8858] qDfTkCRDNn4 → SOIL HEALTH IN ORGANIC FARMING
[8859] Q22LWX_F12c → Clash of Clans Beginner Tip: 28 Second Farming Base Search Trick
[8860] Pm91F4czDzg → Join us for Apple Day in our Harvest Nature Study! 🍎 #fortheloveofhomeschooling
[8861] Q5qIWfSNY8Y → THE LOADER OPERATOR
[8862] -P037QOXrXc → #australianoutback #aussiecowgirl #brownhatt
[8863] AVSs-EkYTCo → Ultimate Pest Control Guide for Farmers | Types Methods and Strategies
[8864] DxQQ18UJ3kQ → What Garden Seeds to Plant in Western Oregon around May 1st.
[8865] eh3C5vQU1pE → Natural farming inputs
[8866] k__-EXVpmOw → ついに始動！クサノザウルス 草刈機 無償レンタルキャンペーン発表！
[8867] F7kMGUDDhTQ → Shaun the Sheep 🐑 Farm Yard Adventures | Full Episodes Compilation [1 hour]
[8868] i9Fntglw0nU → Herd Quitter® Minute - The Cost Of Feeding Hay
[8869] D7AizPrWJLQ → The Lemonade Profit video you’ve all been waiting for!
[8870] rboewQNMpdU → The Neolithic Revolution: The Development of Agriculture - The Journey to Civilization #02
[8871] g_s7ql5IBQQ → NEW ORGANIC FARMING TECHNIQUES
[8872] 2hHo6G2fy50 → Farm Exemptions 🚚 💵 Farming Estates Commonly Pass Free Of Inheritance Tax.
[8873] dSQYgjUZ0mA → Revolutionary Soilless Farming: Growing Vegetables Without Soil!
[8874] pKbpMgace5I → Farm to Table Colorado Exploring Sustainable Agritourism
[8875] 994cDHV6UwI → Raising calves - a strategic investment for smallholder farmers in East Africa
[8876] g7gRBM5Gx6w → The BEST weeding tool you NEED for your garden!  #hosstools #garden #growyourownfood #growhoss
[8877] d_FbEQfEzJg → How to become an Agronomist #augaustralia
[8878] 25YbiwCjuVw → हरसिंगार का पौधा #facts #plants #amazingfacts #nature #natural #organic #farming #tips #agriculture
[8879] bQAwmXBB7hY → #slaughter artifact #slaughterhouse dedicated #slaughtering pigs cattle
[8880] jpuODeamG5o → The BEST Barb Chaining Marches | Rise of Kingdoms
[8881] drzr7ZJ0B14 → Grow Zucchini Vertically to Save Space And Boost Harvests
[8882] Zj-WmnOha_Q → New Holland 461 Haybine Mower/Conditioner | Test for Auction
[8883] LYNpYfnJIoE → Enhancing Crop Nutrition: Sustainable Practices
[8884] MYiE8sqvnek → SEHSC Online talk 1 Hay feeding
[8885] A3a0eCvD_Nc → 2 CHEAPER OPTIONS than buying Seed Starting Mix
[8886] FCZOnhdsTN4 → How Much Money I Made Farming From Scratch
[8887] WzlQPEnCDHw → Perfect Nigerian Salad  you will Love this ! 💯
[8888] ZhGHzvdsN9g → What Is Sustainable Agriculture? - Anthropology Insights
[8889] v2ZOd0UfXV0 → Vigorun remotely controlled rubber track multitask vehicle made by Vigorun Tech
[8890] M1Rz1CCAN1c → 🌾 Challenge Your Knowledge: Rural Economics Quiz - How Many Can You Get Right?
[8891] qNTOq1uEObc → Soil Erosion  | Types and Causes | Video for Kids
[8892] op1PdGkjc5s → Assistance for Beginning Farmers and Veterans
[8893] THmomOg7BWo → April Crop Production and WASDE ASB Briefing
[8894] VaTkzYv8sMo → 5 Watering Mistakes You're Probably Making
[8895] oNQjTOt2Yts → Traditional Rice Farming in Africa! 🌾
[8896] 4KHnsnNr2oI → New born Belted Galloway Calf #gallowaycalf #beltedgalloway
[8897] xDGhUP4VVzU → Raising chickens in the city - Costco Shed Chicken Coop
[8898] 1mA1ci6pKSg → Planting Sweet Potatoes This Way  For  High Yield On The Farm #short #satisfying
[8899] 3DrIsRIsSKk → Transplanting Tomatoes & Peppers and a Look at the Growing Area
[8900] 64ICAEU5YkQ → A History of Hay Storage
Error fetching metadata for video ID usMqxHU2nxs: Command '['yt-dlp', 'https://www.youtube.com/watch?v=usMqxHU2nxs', '--skip-download', '--print-json', '--cookies', 'cookies.txt']' returned non-zero exit status 1.
[8901] usMqxHU2nxs → Unknown Title
[8902] W5A6cwxYMSM → Most Modern Agriculture Machines That Are At Another Level
[8903] RYn_yUUpwSQ → Growing and Harvesting Wheat 🌾 on a Small Scale & Making Bread! 🍞
[8904] RbNAnk6l8G8 → Farm Life | Waking up at 4
[8905] Aj06W0azS68 → Farming God's way - 1 Vegetable production - Introduction
[8906] xYxJvK11uSc → Top 50 Small Agricultural Business Ideas Part-I | Business ideas 2023 | Business ideas 2024
[8907] IvRLVTZzH5M → Budidaya Tanaman !!
[8908] fYSyvztVIwc → We made a purchase at a Farm Equipment Auction
[8909] NBGBr_nS9L8 → Farming Basics
[8910] lsLWkj5FHaY → How to harvesting Longaan Fruit |Amazing techniques used here|Blueoriginfarm
[8911] RVJbKPW3Crs → Domestic animals of the farm
[8912] zpsXvxLGn4g → How to Install a Drip Irrigation System
[8913] _24pOffJqEg → Why Do We Grow Plants in Space? We Asked a NASA Expert
[8914] CedYtQvSJV0 → What is organic farming organic products organic certification? Explained.
[8915] 5BVUeFbq6ao → Starting a Food Forest on the Cheap!
[8916] 8e18ijwjdV4 → Vegetables To Grow In Rainy Season ! #vegetables #monsoon #plantcaretips #plantingcare #planting
[8917] HaFOEay5oTY → Red Peppers Growing in Hydroponics on a Floating Farm 🌶🌞
[8918] LTbLpwvTSxM → Companion planting is a natural gardening technique that can promote a thriving garden ecosystem
[8919] t0to0I4MgNg → Transplanting Tomatoes
[8920] FLRJ_F3itCw → Small Farm Irrigation - Video 5 - Attaching and Plugging Drip Tape to a Lay Flat Header Pipe
[8921] 3GRpVlBcGpY → 5 Easy Ways How to Increase Soil Fertility
[8922] P_r3sKM1XTA → 5 Farm/hand tools equipment at home
[8923] LdSJ4tk44To → What do dairy farmers do with the manure?
[8924] 8BXHu_yXVQk → The EPIC Failure of Vertical Farms - What Happened?
[8925] ofarrldULwA → The Benefits of Crop Rotation for Soil Health: Why Every Farmer Should Practice It
[8926] pS1eipMOpNk → Morning routine： farm edition ❤️ #Learnfarming
[8927] 3rwiWDTLgkk → 40 Metal Rain gun agricultural Irrigation Sprinkler Spray gun
[8928] ha2hIRtd550 → Compact Tractor with Rear Bale Lifter – Efficient Hay Transport for Small Farms
[8929] jYJ2kT_9baI → Mention one advantage of crop rotation.
[8930] owppK-GHPTU → Four Seasons - 4 seasons in a year - Kids vocabulary - English educational video for kids
[8931] C6nKk38BGvQ → Zone 10b Planting Guide: Year-Round Gardening in Zone 10b | Top Plants for Every Season
[8932] HZ__DIBS2Mk → Farming of Cervid Livestock: A Look into Management of the Animal and its Waste
[8933] UuQZDtZUf9k → Pre Germinate Grass Seed #lawn #lawncare #lawnmower #asmr #diy #satisfying #diyhome #homediy
[8934] RTfikUoXiv8 → lmn seeds hybrid cotton bg2 Basanti early crop || ఎల్ ఎం ఎన్ సీడ్స్ హైబ్రిడ్ కాటన్ బిజి టు బాసంతి
[8935] 4CjyqPlwbOI → AMAZING NEW AGRICULTURAL TECHNIQUES 2020......
[8936] xowi2s40GMs → Tropical Fruit Farm Harvest -Amazing Agriculture Technology #Fruits Tik Tok. #Shorts
[8937] 4yI6Zw_Koek → Have You Tried AMP Grazing or Other Regenerative Agricultural Practices?
[8938] Hhci-HXZNhc → A-Quality Farmland Lease Auction In Mitchell County  IA | 2025-2027 Crop Years
[8939] BAtQ0LtWzz4 → Activities from Early Spring! Honey Strawberry and Garlic Harvest | American Bresse | Drying Herbs
[8940] eNddeQ2DM00 → Johnson Tractor's Defining Moments: Johnson Tractor 2012 Dealership of the Year
[8941] WLW0yxZMNJo → 15 AGRARIAN QUESTIONS AND THE AGRARIAN ECONOMY
[8942] zGVCYQoaWvs → What Was the Agricultural Revolution? AP Euro Bit by Bit #23
[8943] q2alcIYuRtk → Food Under Threat: The Climate Connection
[8944] RcTMSUwt5DI → New Holland Dealership Equipment Tour
[8945] aunmD28Vlgw → Intergovernmental Technical Panel on Soils -- boosting sustainable soil management
[8946] rq4Y6pBVjxM → Farm Equipment's Editor's Blog 8-9-11
[8947] bpwUhnt_6pA → Understanding Agriculture: Types of Farming Explained Simply | @unfilteredconcepts
[8948] J4qnZvQK4cg → Do This When Tulips Drop Their Petals - 😉 #Shorts
[8949] lb5d93R0B4M → Peter Jennings: Focusing on agronomy to increase rice yields in Asia
[8950] ho5Qa-3KXdc → cutting grass and weeds for the planting process #shorts
[8951] UtxBUAo0txU → Timelapse of Planting 2000 Strawberry Plants
[8952] sJ3W-2GsuyA → WORKPRO Garden Tools Set #2022 gadgets
[8953] ZTZ1mZcxe5Y → Videos for Dogs (Dog TV - Cows Mooing and Grazing in a field for Boredom) - Prevents Anxiety
[8954] 3Gcld0uEBRM → அதிக சம்பளத்துக்கு ஆள் வச்சு பால் கறக்கிங்களா? ஆட்கூலியை மிச்சப்படுத்தும் Nano Milking Machine😍👌🏻
[8955] DoSw77GpwRo → Should We Start Goat Ranching?
[8956] ljiG2VtCkfE → From Farm Equipment Dealership to Cafe Owner
[8957] -u4LfXOF7BI → Biomass (Straw sawdust) power generating plant
[8958] Fo5bXDG6Lak → FARM FRESH | Fresh Baked Goods | Fresh Produce | Fresh Meat and Poultry
[8959] 1wXJnFNeOwo → Agriculture technology  start - ups boom in Africa | Business Africa
[8960] -VsvDZOKPM8 → Farmer Training Graduation Ceremony
[8961] 27CCdOjmFhQ → AGRICULTURE:  Encourager les Gabonais aux métiers de la terre
[8962] Vp0xeavp5sU → Farmer🌾 | Learn How Crops Are Grown and Harvested! | Job Songs for Kids | Preschool Songs | JunyTony
[8963] DLvI2qJ49oE → Vertical gardening is one way to utilize empty spaces and maximize food production.
[8964] ZzItEthwX6I → Modern Agriculture Technology-Agriculture Farm Equipment
[8965] dsF9rV8osjI → Blueberry 🫐 Growing In Containers - Huge Yield!
[8966] 6h-CDxhWKzg → State Farm®  - Dog Etiquette
[8967] JYa0twBM_L4 → Excellent Vegetables #ssenterprise #farming #vegetables #youtubeshorts #shortsvideo #shorts #short
[8968] e7ja_3ljCL0 → Unlocking the potential of a soil-based economy | FT Food Revolution
[8969] JEiARIMTVps → Traditional Irrigation System
[8970] johle3Ki3dQ → Traditional Agriculture Techniques – Tobacco Farming and Harvesting || Credits: NOAL FARM
[8971] 55OpQ7pFnO4 → how to prepare soil before planting vegetable
[8972] lb-9s13K9cQ → How to plant onions with seeds and get a large harvest for the season
[8973] _OeLJiVTLf0 → How to Milk a Goat
[8974] 6bSllBozQXg → BSV grab for handling straw bales
[8975] nL9e1wZjpVA → No more lanky seedlings. Here's the basics for seed starting indoors to get the healthiest seedlings
[8976] lH_UldOb61A → Hey Heylage 🐴 | New Tractor Ted Trailer | Tractor Ted Official Channel
[8977] DaqKTv8nl2w → Plant Life Cycle Stages// Learning Life Cycle// Educational Videos For Kids.
[8978] KjVVtXYaP0s → Wheat Harvest By Hand With Sickle In 2020
[8979] YkEdR0V6VY0 → Observe ISSO Para Saber se o Cacho de Banana Esta Maduro
[8980] LibhVHWPUs8 → THE TRACTOR ATTACHMENT EVERYONE WAS ASKING FOR!
[8981] zk0V0kLKFGc → Not just tough - clever #shorts #avant #avantloader
[8982] DvVe96fc4eg → Agricultural Hand Tools in China for best agricultural practices and performance #agriculturalsystem
[8983] -v_OGORq2uI → Farmers Couldn't Believe This Machine - Most Ingenious Farm Inventions | Farming Documentary
[8984] fxsBGgnr5bk → From the Farm: Agribusiness Star Maroa-Forsyth FFA Chapter
[8985] 5SoRAgrpq0I → Agricultural Innovation for African Sustainability and Resilience
[8986] 0ZKjdgfaKdE → 3 HOMESTEADING TIPS
[8987] yXuKZZpXtWc → Career Profiles: Agriculture Equipment Technician Lee Bryan
[8988] 2ZWp7YWgbJs → My Summer Morning Routine/ Homesteading
[8989] VPOYAmtv2z8 → Can a water pump be used for a garden hose? I use a trash water pump to run my sprinkler off-grid.
[8990] hmpfeTrjqxk → The sustainable farming methods helping farmers earn a fair income
[8991] ae8Ny5nX-Q4 → Setting and adjusting density on 604R series balers
[8992] DNTO-S3jj94 → John Deere 304 Tractor Parts Manual PDF | PC4641 OEM Catalog Download
[8993] XO1DKjpN2Bs → Sustainable Farming vs. GMO (Monsanto) Farming
[8994] NHHoZFVmUT0 → Farm animal breeds
[8995] W4cjLQDDFbI → Factors of Agricultural Production
[8996] lZb3FEBvRdk → *POND BUILD* for Florida Alligator Farm (Rec Pond Revealed)
[8997] RjBOOJ4tadc → Amazing Rice Farming Techniques! 🤯
[8998] nW7Bt_e_nEo → Loaded Farm Tractor Sliding on Muddy Slope After Rain
[8999] lgZaMuomgLo → [Roblox] Egg Farm Simulator: BEST EASTER EGGS TO GET (LEVEL UP FAST)
[9000] 0-2I46C04YQ → CANADIAN FARMER - CONTRACT HARVESTING. An alternative to the high cost of farm equipment.
[9001] sTHiiF6wI54 → Corn harvesting season #shorts #farming #plantingtips
[9002] 19RA4ece6ms → unboxing the Gardyn 4.0 💚 #garden  #hydroponics #herbs #veggies  http://grhd93jd.com/2R9GDQT/6JHXF/
[9003] _hnvFmVCHVU → Cutting Hay With an IBEX Drum Mower and Compact Tractor
[9004] igLAy1gVew0 → I Get 40 Extra Stat Points Per Level And My Summons' Stats ALWAYS Match My Highest One
[9005] Ulf8E1XnhgI → 5 Smart Irrigation Systems for Modern Day Farming | You Must Know
[9006] PwybKV3REHQ → Applying #regenerative agriculture concepts to your #garden like #covercrops and termination!
[9007] 8N9SYjJG5hc → The fig and the grape
[9008] hDLfMXpJew0 → irrigation methods #agriculture #environment #food #sustainability
[9009] -rBbDd45jDk → Cultivation - Dadelo ft. Zirrana
[9010] F8VhsOkg_sg → What Happens If You Only Eat Corn? 🤔
[9011] RKptF_vdQI4 → Are You Using Permaculture Principles Without Knowing? Homesteading in Australia
[9012] lVTymkhgpoc → Mod-09 Lec-42 GIS in Sustainable Agriculture
[9013] 4S1aMbkCO-k → FIRST DAY OF ALABAMA COTTON HARVEST 24'
[9014] tt0M4OdnrOE → A SIMPLE WAY TO CREATE AN OUTDOOR STORAGE SPACE
[9015] XCsEnbTKdXM → Make your garden thrive using The Celestial Planting Calendar #gardeningtips #organicgardening
[9016] Y-jXr69aGYI → English idioms 🗣
[9017] o6eFPI8X0xk → 1 Motivational Quote for Farmers to Make You Want to Farm
[9018] H3mNF2NcLCw → The Need For Agriculture Extensions
[9019] GPBZjKBmkOI → Get the Freshest Fruits & Vegetables only at the Fresh Acre App! | Install Now
[9020] yQNipODvP6I → Mowing Merging & Chopping 1st crop Alfalfa at Union Go Dairy
[9021] 1ENKb4otgjA → Reusable Mini Greenhouse Materials #gardening #farming farming
[9022] h5tFnIlrYdE → 5 Reasons You SHOULD NOT Homestead
[9023] pOsbx0xKdJA → Farmer picking tomatoes#farmer#fruit#farming#farm#nature#shorts
[9024] kkbx4WXxouc → Make Your Own Seed Starting Mix
[9025] 4P4o6suk-qU → The Smart Farm of Tomorrow
[9026] zu2Nvcgclgw → New Kubota mu5502 4wd 2024 delevery #tractor #farmequipment #farming #agriculture #kubota
[9027] 7-F-ZmY4ASU → Hay Storage
[9028] EoKy-5naO6w → Amazing Free-Range Chicken Farm
[9029] Z_FDb3lQdqw → Farm Animals | Learn farm animals names in English | Kids vocabulary | English Educational Video
[9030] FUiy8KgjLfU → Thor Oechsner Describes His Farm's Crop Rotation
[9031] w96m9ZdJxVM → Orchard Floor Management - the Key to Producing High Quality Fruit
[9032] xV28HQK4OEM → Planting Peanuts
[9033] TFnjxdCzpAs → Conservation Practices Commonly Used in Animal Agriculture
[9034] g2OGn_VVvwo → million agribusiness ideas #farmingideas #farming #farmingbusiness
[9035] tboqkEV2b9c → Economical DIY trellis worked!
[9036] DWbnJUgoULY → Cotton Crop Full of Weeds | Real Field Condition & Weed Control Challenge
[9037] 52X8pSfEOD4 → Agricultural Sustainability
[9038] LZ3n7z1pAZA → Rainy Roadside Fuel Stop – Simple Life Moments #rain #heavyrain #rainsounds
[9039] P51Kh4C6uJc → Hay bale net wrap for sale accept OEM sell to Chile Mexico Brazil Greece Italy Spain Africa
[9040] IHKp2IDcLv4 → 1st thing to start the day… Subscribe!
[9041] KDQc-avpaYA → How Does The Homesteading Principle Justify Property Rights? - Learn About Libertarianism
[9042] gM6U7g9Lu4E → Marker-assisted breeding
[9043] NRJNhE6_JeM → Agricultural Economics:in Purdue Agriculture
[9044] TrvJ1R2XmVU → How to Make Safe Pesticide
[9045] GIicB5sTDew → Agriculture and the economics of ecosystems and biodiversity -- P. Sukhdev
[9046] uCfaOFzNVVI → Hope for upland rice farmers in Nepal
[9047] woLQs_k_onM → Olha o estrago delas #top #agro #roca #agriculture #pecuaria #vidanaroca
[9048] Km2m9hZoizc → Tilapia Recirculation Aquaculture System Design
[9049] M0ZLtWgDDDU → S3E12 alternatives to chemical fertilizer - The Wisconsin Vegetable Gardener Radio show
[9050] s26s6VcVHio → Regenerative Agriculture: Practices vs Principles
[9051] oBlHL5w4zmM → Growing Wheat Organically | Agri Farming 🌾
[9052] RGP3C9u6hWU → Series 3 Episode 3   Cutting hay & balloon landing
[9053] 3LameMxAu0k → Storm-Proofing the Farm!
[9054] ZB3zWtH8tXw → Your Compact Tractor Spring Maintenance Checklist: 5 Must-Do Tasks
[9055] QvH93ckgqOc → Agricultural Equipment rentals Vestal NY
[9056] eYvhhvr2vFw → How Agricultural Extension Services are Boosting Jobs in Nigeria!
[9057] 4gumhcSRFsM → It’s time to plant seeds and you CAN’T forget to water them for the first 2 weeks #garden #seeds
[9058] HSoFvkRreGY → Organic Farming vs. Natural Farming: What's the Difference? 🌱#gogreen #backtobasics
[9059] 01tulBgjecs → BEWARE! DO NOT Buy These 11 Plants at the Garden Center / Invasive Plants That Spell Trouble
[9060] c41VeeEaXDk → Cool Careers - Episode 15: Agronomist
[9061] WeO6lkW4_Hk → Growing Wheatgrass without Soil - The EASIEST Way to Grow Wheatgrass
[9062] OTAesvb_2VE → Crop Rotation
[9063] -U8S8Pa6OXE → THE ONLY TOOL YOU NEED FOR GRAVEL DRIVEWAY MAINTENANCE!😎
Error fetching metadata for video ID CTt1b0tVA5I: Command '['yt-dlp', 'https://www.youtube.com/watch?v=CTt1b0tVA5I', '--skip-download', '--print-json', '--cookies', 'cookies.txt']' returned non-zero exit status 1.
[9064] CTt1b0tVA5I → Unknown Title
[9065] B3L5Xn_lEVI → John Recha -  Climate-Smart Agriculture: Why is it needed in developing countries?
[9066] wmi0DU9YZVA → In The Field - Episode 2 - Tips for Producing Quality Hay in the Deep South
[9067] zwqMQEG1Wdk → Best4Soil Crop Rotation Use of Databases
[9068] 1ATibe4aTSU → How To Introduce A New Hen To The Hen House
[9069] uVUaBxXS7BA → We Love Farm Fresh: Peaches Berries Asparagus and More! | ShopRite Grocery Stores
[9070] 7DVuDZrWIoo → "Revolutionizing Agriculture with Harvester Technology: From Garlic to Pomegranates"
[9071] a4LoMPHfDXo → BENEFITS OF LIVESTOCK KEEPING
[9072] khPiHjUNCTk → Carbon Footprint challenges: Organic vs Conventional farming
[9073] hMHoY9Zx5_U → Crucial Planting Tips for a Successful Raised Bed Garden!
[9074] g_FdCy3MOJ8 → Tractor Rodeo event #1 "blind-folded farmer"
[9075] 9pAwzrW8BtE → micro-sprinkler #agricultural irrigation nozzle #drip irrigation tape #agricultural tools #gardening
[9076] ss7aMmrwVPo → Drying and Curing : Why Are My Buds Losing Smell! Weed Smells Like Hay or Wet Grass
[9077] Ybn6FcviiQI → Master Organic Gardening: Top Tips for Pest-Free Plants
[9078] eOsR87bwUN0 → Devastating Effects of Pesticides on Our Health and Environment
[9079] lptbKO2xtTo → How does SEO help farmers increase sales of their products?
[9080] YskQ2ivU9Fo → htp स्प्रेयर set sprayer for dairy farm ( 16500 rs set )
[9081] nuDMuPkQIs0 → How to make comic strip on humour #comicstrip #humour
[9082] I8dKGfLONpY → The Ultimate Great One Mule Deer Herd Management Guide For Askiy Ridge! Call of the wild
[9083] L7YrdksDJ30 → Pesticide Spraying Tractor Attachment
[9084] d5JIwPUwXIk → Billions Of Bananas Are Harvested And Processed This Way
[9085] WyDSWRKvkvE → Chicken Coop Plans for 20 Chickens Small Backyard Farm  #woodworking  #chickencoop #chickengun
[9086] sEP2Of6_Hbg → How Is Crop Modeling Used In Developing Countries? - The World of Agriculture
[9087] 3x3wSWqTdv8 → Mini excavator for $2999 the ultimate tool for everyone! 🔥🚜 #youtube#miniexcavator
[9088] _3FJ24A0k-U → Introduction to Intercropping Workshop: Intercropping Chickpea and Flax
[9089] K_pEzc0ujp4 → Hayknife with Pritchett Twine Net Wrap & Ag Sales LLC
[9090] 8omrQIX8R1g → 20 BEST Vegetables Fruits & Herbs for CONTAINER GARDENING: Growing in the Garden
[9091] UTSdQ_15lgE → Machine #machine #youtubeshorts #viralvideo #ytshorts #technology #video #viral #agriculture
[9092] pJq14mYsOmo → Meet the Ladies of Season 3 | Farmer Wants a Wife
[9093] b9iEHa8PFTk → Dairy farmer DESTROYS vegan activist
[9094] EzrdxJsXMlg → 02 High Tunnel Site Prep - 10/11/17
[9095] AwxMqDFsNow → Breaking Stereotypes: Revealing the fun Side of Farming
[9096] cDSqBhtwDlw → Arkansas Homestead Winter Storm Prep
[9097] CWa8D3YMMxc → Getting Newer Tractors Out Into the Fields: Kennedy Implement 2012 Dealership of the Year 1
[9098] nLGphuNOXs4 → How to Solder SMD Resistors using Soldering Iron
[9099] TcmCO_0iVE0 → Weeding Made Easy - Year Round Mulch Garden
[9100] RPVqNYJ2dds → Rural Economy & Agriculture
[9101] yJVIzcOicps → Services of an agronomist
[9102] pW58RWOzPoY → What Happens When You SURFACE LAY potatoes?
[9103] i-FAsTKcqK0 → Japanese Farmers Harvest Millions Of Tons Of Expensive Agricultural Products This Way
[9104] Zkk1t6Vy-zY → No Tools Needed! Sealing a Sack with Corn Cobs #farming #farmer #hack
[9105] kBJnOXhYM6U → Top 5 Precision Agriculture Tools Revolutionizing Farming in 2024
[9106] cRoevvVgjH0 → A Garden of Wonders A Tour of My Unique village Garden - 2023
[9107] LWuYT3Y1ZKc → Dealer Spotlight: Morgan Livestock Equipment #livestockequipment #cattleranch
[9108] 1E4VMO5hIX8 → What Crops Will Help Feed The World?
[9109] xJVFl9eug6A → Peaches and watermelons 🍑🍉#agriculture#rural life#farming#planting #naturallife#garden#Harvesting
[9110] _6rNic4R_H4 → Maintenance season is underway #farming #fieldcultivator #farmwithmickey
[9111] JdXVQKdhB4c → Harvesting Onions | From the Ground Up
[9112] fcaHIn3AKPk → Agricultural Subsidies: What Is The Common Agricultural Policy?
[9113] Y8m6J7wI1w4 → Organic Farming Techniques for Sustainable Agriculture:|60FPS|
[9114] MNGae9HhA0A → Boosting on farm nitrogen fixation in pulses | Pulse inoculation and fungicide use
[9115] d1Ik8D3Xizw → Garden tips 15 - Prune young chilli plant to get tons of chilli #chilli #gardeningtips #pruning
[9116] TJChDjg4UDg → Kid Gets Caught Flipping Off His Mom #Hilarious 🖕🏿
[9117] _4f52yoExJE → Inside Russia's creepy sport farms
[9118] fxFvwpe12Cg → SUGBOSUG PROGRAM: APPLICATION OF SUSTAINABLE FARMING PRACTICES OF MARIKABAN INTEGRATED SCHOOL
[9119] 45WZr3UfwHM → Yanmar Tractor For Sale Ship to All States
[9120] Nej_EbFt8tA → Check out the full article on realagriculture.com for ten tips for a safe farmyard! #cdnag
[9121] B4GNVo2oqh4 → Farm Basics #1054 Rotational Grazing in Pastures (Air Date 6-17-18)
[9122] PU18CnqZOeo → American Cotton: From Farm to Global Textile Powerhouse | Cotton Harvest Farming Documentary
[9123] qC1N9PZSExk → Webinar Recording: Inflation Interest Rates and Your Farm | Farm Credit Mid-America
[9124] cKI2qaQBCGQ → A Residential Permaculture Design in under 30 seconds
[9125] PtlyEP3HGyc → What to expect from a farm inspection
[9126] AwIg5PcOyAQ → Harvesting the Potatoes + Plans for Fall Veges
[9127] CCnU-ntApI0 → Goat Farming 2.0: Smart Tech Revolution! #sustainablefarming #goatfarming #sustainableagriculture
[9128] lbaJRLGW-Xo → Anatomy Of A Sprinkler System
[9129] WbjaZPO7iuc → L5-Agricultural Practices & Watershed Management #swayamprabha #CH23SP
[9130] w-RVZlU5akM → Unveiling Amish GARDENING Secrets
[9131] pY_9TxAg95M → IoT in Agriculture
[9132] zCYTgUV4FUc → 【最新版】コマツ粟津工場 開放デー 2025 Jornada de puertas abiertas de la fábrica de KOMATSU en Awazu  #Shorts
[9133] ABixP51JuSE → EP 44: Trading Green: How Global Commerce Shapes Our Individual Future W/ Abyad Zaman
[9134] PJWRLUMsASQ → What Are The Methods Of Soil Conservation? - Ecosystem Essentials
[9135] _vWVMGtX0Ew → Grow Chili Peppers in 2 minutes | How-to Guide
[9136] oVz-BNSs_2U → Spring Planting
[9137] idjYt_7Q3Fo → Livelihood Generation through Goat farming #goatfarming #livelihood
[9138] qa9iCEynsUc → Tractor Games Thresher Simulator 2020 । Simulator Level 01-14 । Android Games
[9139] hT3g7bNSO9A → Gardening Tools Name in English 🪓 #shorts
[9140] BrK7nAQAhZ0 → Hay wagon ride #Goodoldcountrytimes
[9141] nn19K7VB0VM → How to rid Weeds from your Garden | 6 Tips from a Farmer
[9142] DCbmoJu6yO0 → Early Results: Hay vs Straw. Which mulch has more weeds?
[9143] v0RqnhNL3YE → WHEN is the BEST TIME to plant vegetables? Your personalized planting schedule
[9144] Bc1UJZTcHkc → Animal Husbandry and Cattle Farming | Don't Memorise
[9145] CW84FdsnULA → Soil Management Practices | Rainfall Simulator | Bayer
[9146] WSetIP3mcaY → Tour a Vermont Goat Farm: Ayers Brook Goat Dairy
[9147] 6sE54gru6oo → How Red Chili Peppers Are Processed for Spicy Sauces
[9148] aZj_NkMTKtw → How to buy a used agricultural trailer
[9149] RkHGhPYL5oo → papya plantation #papya #sesion #nature #tropicalfruit #fruit #garden #orangepeeling #healthdrink
[9150] xJ2qfvdatks → VAL2011 Life at The Farm - Albert Bates - 1 of 2
[9151] hB_KQuQFKCU → Are Livestock the Solution?
[9152] SRcgHlsMgYU → organic gardening growing natural food
[9153] Za053bwoaBc → Baking soda with vinegar and salt #shortvideo #plants #youtubeshorts #howto #viralvideo #video
[9154] lLHe4ECs5jY → John Deere’s first diesel tractor (Model R) ↗️ modern day diesel tractor #9rx #johndeere #tractors
[9155] 8rjlMcpVAs4 → This Cow Farm Is Next Level! 😍 Prepare to Be Amazed!
[9156] xt1bKB0VATA → Farm Mechanisation and Its significance
[9157] dkI8cdv2qJE → How Does a Mini Round Baler Work?
[9158] qTo6HcCZPOc → Guava Z Grafting Technique That Works 100% | @NoalFarms
[9159] _8Y72awCby4 → Exploring Strawberry Growing Media with Roscommon Berry Farm
[9160] I0JFO7oaYNU → Perfect performance of JT30L-404 new agricultural sprayer drone 30lt drone with centrifugal nozzles
[9161] K9sO9WCTjKA → Manual weeder for small weeds control || Manual intercultivation 2018
[9162] FcfnqMm9IsI → Collective marketing of agricultural products
[9163] Z-THJIzR4yk → Benefits of Compost to the Farmer
[9164] 2Sr4CgRYQ7E → Clearing Wooded Land with Anchor Chain and Bulldozer
[9165] KsRzu7jY_hI → How I Make $500/Hour Growing Trees (Half Acre Tree Farm)
[9166] HCVHCjrf-Ms → Top 10 Countries by Agricultural Production | 1962 - most recent data
[9167] Vnt2yAZ2c6Q → 35 RESEARCH TOPICS in AGRICULTURE  | Research topic ideas
[9168] yjNHjAZPs9Y → 3 things you didn't know about cows
[9169] zCne8hB5ljs → 3 Signs of Healthy Soil
[9170] ljcYXEUc0UY → John Deere Compact Utility Tractors "$$$ Off Days Sale" Is Going on Now - May 2020
[9171] lSYZY49zRTI → لماذا يتم جمع هذا الجزء من نبات الذرة (الحرير )
[9172] HdzskAEH7lk → A beautiful and colorful garden harvest! #gardenharvest #harvest #growyourownfood #growfood #garden
[9173] Iq5v-Fs0EHg → Modern Living: Alternative Pesticides
[9174] H2gL6KC_W44 → Strawberry Harvesting Robot - Introducing BERRY
[9175] q5j6DFICiOw → CASE 4890 Tractor #bigtractorpower #caseih #tractor #wheatharvesting #automobile #agriculture
[9176] lGh8T9u6kBU → How to Grow Tomatoes | creative explained
[9177] 9Mb90E-jxPY → Army of Turkeys Gobble
[9178] yMM9fG9S6kM → DON’T OVERPAY FOR RENTAL EQUIPMENT! #heavyequipment #heavyequipmentlife #equipmentrental
[9179] _AEB_uhfSrc → What Are the Benefits of Using Cover Crops in Sustainable Agriculture? | The World of Agriculture
[9180] aNBY06paEn4 → How to be profitable in livestock farming?
[9181] eco6KL_qtK0 → NO TILL VS. THE PAPERPOT TRANSPLANTER
[9182] smj1FPipKrc → 18 Futuristic Agriculture Machines And Tools: Revolutionizing Farming in the 21st Century 021
[9183] IK95RJIguaA → Prioridade do agro envolve aceleração do seguro rural diz Daoud
[9184] lmENHIe1vBI → Vulcanizing a tractor tire patch @ Okra Paradise Farms 2014-09-03
[9185] i8Nq4dE-dnw → How to Find Gardening Tools Made in the USA (+ Great American Made Garden Tools!) - AllAmerican.org
[9186] 6bLuu-XHzUg → Agriculture Equipment Financing with Envision Capital Group
[9187] JhRqrGQCK-Q → Revitalize Your Soil: The Power of Composting
[9188] pM7tHNLlFH8 → Winter Livestock Care
[9189] QRIGEkZAwo0 → Can You Use Liquid Nutrients in Living Soil?
[9190] h7yTKbOJjwg → 🚜 John Deere CF16 – The Most Advanced Harvesting Machine! 🌾 | Ultimate Farming Technology
[9191] aAIH6yLgI68 → AGRIVI Farm Management Software
[9192] zOa2LwpGAqg → Cazy and funny ides in coffee estate 🌱#coffeeplantations #viralvideo
[9193] i43x0SKQ-Ww → Farm equipment rental service
[9194] PVkMJ3jsR8g → Sustainable Livestock Farming Practices
[9195] 0wyKowjstSY → Which is Better? A SINGLE or DOUBLE WHEEL HOE?
[9196] 735mVTlAZmw → Soil Health: Maintaining and Improving for Sustainable Agriculture
[9197] J94TqEEPp1I → 12 YEARS Living Off-Grid on a Sustainable Homestead in a Self-Built Cob Home
[9198] nXlsW-cwN2o → 15 Vegetable Gardening Tips EVERY Beginner Should Know | Invaluable Grow Your Own Tips
[9199] 1gKMKKWx17E → Grow Giant Crops On Your Farm in Stardew Valley! #stardew
[9200] tCPIc6y_Ubo → How to Amend Sandy Soil?
[9201] BYpkUgK8NhY → Modern Marvels: Deep & Dark Secrets of Milk  (S14 E1) | Full Episode
[9202] I4HdpWC663k → Top tips for growing a healthy and productive citrus tree | Gardening 101 | Gardening Australia
[9203] 5qfAT0GqcXs → He Pretended To Be A Poor Farmer To Find His Sister But Ended Up Falling For Her
[9204] ghSVM5jQB-Q → How to Build A Cheap Hydroponic System For Garden! | Ditch The Expensive Soil!!
[9205] hnJwRY44Srk → Best Soil for growing Vegetables in Containers
[9206] nzux7VqYqUw → How often should you water tomato plants? #tomato #garden #gardeningtips #vegetablegarden #homestead
[9207] DGa-3HY38W4 → E-Z Trench Wire and Cable Burying Trencher installs pet fence and robot mower perimeters
[9208] qfL4O7NZCHM → Farm Animal Names in English || Do you know these Animals?
[9209] aFkavt6CoTs → How To FIND ALL TRUCK PART LOCATIONS in DRIVING EMPIRE! (BUILD A TRUCK EVENT) ROBLOX
[9210] S6bDlE_VUsw → VEVOR Electric Cow Milking Machine 6.6 Gal / 25 L
[9211] E0KJjRYS4G4 → Rose grafting technique in short time|| #agriculture #harvesting |
[9212] KAHqG7q1sME → Joel Salatin on Alternatives to the Carbonaceous Diaper #regenerativeagriculture #farming #homestead
[9213] 3fZU8MPC3p0 → Training video #3 Poultry housing - #SWMProgramme
[9214] hgygWPrr4cQ → Introduction to Aquaponics
[9215] egXpXdMKBPk → DO THIS To Your Grape Vines NOW If You Want To Grow The LARGEST Bunches Of Grapes!!
[9216] Usse6N3hgBU → What is Sustainable Agriculture?
[9217] hgul0TdGnZk → Increasing wheat crop yields: GMO & non-GM solutions - Matthew Paul 🌾🧬
[9218] bvLLu4PlUng → Morning Routine on Zen Dairy Goats Farm
[9219] ADDPeTreY4E → How to Improve Soil Fertility
[9220] _besT93XBpg → 💦 3 Tips for Watering Potted Plants #shorts | Container Gardening for Beginners 💦
[9221] x_h34tdEX3U → Playful Prompting: A lighter approach to AI with Mark C. Marino #MyFest23
[9222] ftP0PGFs7qc → This machine is AMAZING! See how a milk machine works 🐄
[9223] by8x2Qixtc8 → "Milking Machine for Dairy Farms | Save Time & Boost Productivity
[9224] g_7JvZ9oFr4 → Agricultural Commodities to Invest In
[9225] VZsHFormuGg → He Left the UK to Become a PIG FARMER in Nigeria?
[9226] nrkHuq22xio → Understanding Farm Retirement Workshop
[9227] cM4cMIoyd9E → Comparing long & short season feed-grain barley varieties sown on the same date
[9228] goitjhEW5Dc → How Thai Farmers Grow Grapes Using Boats and Water
[9229] LHf-uZlRWw8 → Fertilizer Dilemma - The Lely Spreader Is Down - Repair or Replace???
[9230] 0VyUGuXLu5M → HOW TO GROW CROPS IN ANY SEASONS EVEN WINTER IN STORY OF SEASONS: FRIENDS OF MINERAL TOWN
[9231] 4ODBlMzT9QE → Plant Life Cycle Facts For Kids
[9232] UA6Ap_Sf1Aw → Village lady incredible hook fishing in roadside big canal #fishing #fishingtechniques #hookfishing￼
[9233] MMHvuF3anBE → Rooting Hormone For Propagation Does It Work?
[9234] qGFtFOGa0ls → 30 Small Agriculture Machines in Africa Make You Rich
[9235] 9Kx9VrBwqts → Hillside Farmers: Bamboo Battle  Clearing a Hillside Farm for New Crops
[9236] tuOCLlpNYdM → 🌿🍋How to Graft Any Fruit Tree (Including Lemon) Successfully
[9237] LBaB8tcl7eM → #viral tractor technology #technology #engineering #satisfying
[9238] aup_1XkdOew → I Tested EVERY Rooting hormone… The Results Will SHOCK You! 🌱🤯
[9239] 9zzOVimQcVw → Farm Stays
[9240] zjWAxN-LAbs → Basic Horticulture Terminology
[9241] m86Nl7i5_SA → [Home Gardening] Why do sweet potatoes grown in soil bags have so many tubers?
[9242] gPjtlJLPYj4 → The Role of Farms in Decentralized Composting
[9243] XBshPO9MbWw → The Art of Raising 1 Million Merino Sheep in Australian Outback - Sheep Farming Uncovered
[9244] KbskOspIpc4 → "🌱 Beginner's Gardening Guide: Grow Your First Garden Like a Pro in Just 90 Seconds! 🌿"
[9245] 5qEruhfWioY → Pioneering Black Women in Farming Co-Ops
[9246] N7O6QPogoRA → The proper way to plant tomatoes in New Jersey
[9247] nJ24Qfp1PqU → AGROTICA 2020 - 28th INTERNATIONAL FAIR FOR AGRICULTURAL MACHINERY EQUIPMENT & SUPPLIES
[9248] ledUJLxp1SI → Prune after several harvests  Let The Eggplant Tree Grow New Branches #farming #gardening
[9249] awE8mdc13ls → Grass Roots in the Soil part 1
[9250] -LzLIEVH4G8 → Drip irrigation system /#watring farm
[9251] SL_5MvuVmxE → JOHN DEERE 458 For Sale
[9252] z77yzPHQqQE → How to Fix Light Sandy Garden Soil in the Vegetable Patch
[9253] T1DH0M38yXU → 10 Acre + agriculture land for sale 10 Km from Karjat. (Expandable upto 35 Acres) 📲 9773181911
[9254] 3Uq6yB3FS_I → タマネギ収穫 トウ立ちの扱い 美味しいタイミング　自然農法
[9255] eOulwXmYUzc → Rancher Shares Secret to Transforming Land FAST
[9256] x0MMAOBwpJs → The Magic of Sustainable Agriculture & Agro Tourism
[9257] hLUZ6HLcztg → How to test your soil - site selection
[9258] 6v9wKERq2fY → HOW TO DO SPRINKLER METHOD IN GROW A GARDEN ROBLOX!!?|GROW A GARDEN ROBLOX
[9259] AkLZ_AL56UM → "Milking Machine for Dairy Farms | Save Time & Boost Productivity
[9260] yKvGPy65Ht8 → Co-working Spaces are Revitalizing Vermont's Rural Economy
[9261] O9YDlcKG4rA → What is crop rotation? - "Agriculture 101: America's Heartland"
[9262] cUbo5Oo_8MA → Look at this Amazing Chinese garlic farming techniques !?
[9263] GmyIKYJW1Ng → Why Is Rice Not A Major Crop Raised In Laos? - Exploring Southeast Asia
[9264] QhQ8tYheyek → Magical monarchs are pollinators too. #garden #gardening #butterfly #pollinators #habitat #nature
[9265] ZU4e8UBiIbA → 35M Farmers Couldn't Believe This Machine Until They Saw How It Worked - Agriculture Technology
[9266] 9XejBRrpL8A → How Does Sustainable Agriculture Impact Climate Change? - Ecosystem Essentials
[9267] S6_ftWnB9dU → 9 Different Types of Tractors You Won't Believe Exist | Farm Machinery
[9268] wx5MlYERvL0 → The Most Bizarre Goat Farming Laws in America You Won’t Believe #3d
[9269] tryPJn40Z3o → The Truth Behind Crop Circles 2024 #facts #civilization #history #ancient #ancienthistory #nature
[9270] dscA2QOuO_c → US Farmers Are Harvesting And Processing Millions Of Tons Of Agricultural Products This Way
[9271] LIVtbMszuuY → Claas Dominator 96 2017.Sunflower Harvest
[9272] L9qyKCAWQj0 → How to build a hydroponic system at home #shorts
[9273] LnMA7Rj6r98 → Revolutionizing Agriculture: The Colonial Era's Mechanized Farming Techniques
[9274] GgW2J3HV5cU → How to improve crop production in a changing climate?
[9275] Y1FaVW1nCuc → Neolithic Agricultural Revolution
[9276] OZB3HKDmAlQ → From Broke Pig to Farmer King! 🐷🌽 #usa #ai #shorts #pig #farmer
[9277] _UJW13G7n-A → DYI Agriculture   #agriculture #farmer #farming #dying
[9278] JIux7-tEYO0 → Revolutionary Weed Control: Boosting Yield with Unique Methods #farmtech #smartfarming #weedcontrol
[9279] H0DaZUn58_s → EU/SPC 'SOIL MANAGEMENT PRACTICES'
[9280] F1w_2zOe2yo → Consider the farm for your next trip. #traveltips #travelhacks #farmstay #farmlife #agriturismo
[9281] wmMc1PM8x7M → The literal Definition of Cab Corn…. Subscribe for harvest takeover #farmer #farming #subscribe
[9282] weC96d79REw → Rebirth Guide  - Egg Farm Simulator
[9283] I1Kpu8IvyUQ → Planting Onion Sets - A Complete Guide
[9284] 7haoZvDaI2M → #Tractor #Farming #FarmLife #Agriculture #FarmEquipment #Modern #TractorVideo #FarmVlog #RuralLife
[9285] ulojEMtlh6s → Innovation contributed to agricultural growth in China
[9286] Z1SlCPZC7tA → EXCAVATOR GETS TOO CLOSE TO THE POND!! BUILDING A "ROCK FISHING PLATFORM"
[9287] AJlS7Vg_-N0 → PENYEMPROTAN RUTIN UNTUK MENCEGAH DAN MEMBASMI KUTU PUTIH #pertanian #durian #ediduren
[9288] 3SwG3JXPIgA → North Carolina farmers face uncertainty as legislators consider cutting health program
[9289] EpLoBHP3gsw → Growing Sunflowers for Biodiesel
[9290] x8tHwQ9Qwzk → The Farmyard Jamboree | Barefoot Books Singalong
[9291] yLMkgamrw08 → CREEPY CHINESE SILKY NAKED NECK  CHICKEN 🐓 #silky  #chinese #birds #breeds #farm #homestead
[9292] JyH99PMdNFI → Australia’s forgotten farming genius Headlie Taylor 👨‍🌾🚜 | Landline | ABC Australia
[9293] UapG4A0PoKM → Machinery and more at Montana's Largest Farm Show - MAGIE 2019
[9294] DMLH5fqwRdU → Irregular plurals || #spokenenglish #vocabulary
[9295] Vg2t8Eco4G8 → Wheat field backpack type adjustable pesticide automatic sprayer
[9296] Ot3o6nb0-Y8 → "LIVE Tyre Change of Giant John Deere S690 | Heavy Farming Machine Repair 🔧🚜"
[9297] Y41a5b-S-Nw → How much money does a farmer make? 🤔🤑💰
[9298] Ivddj1zY8sg → Shopping/Tour at the Garden Center! 🌿💚🌿 // Garden Answer
[9299] y9zNoXntplM → Urban farm research investigates sustainable agricultural practices
[9300] 2RCZuCIxL8A → Introduction to Agricultural Commodities
[9301] JixDaIoJrAI → Vertical farms: A new form of agriculture
[9302] LX8lcqnQA2w → Installing Irrigation Tank Water Fertilizer 2 in 1 system For Sugarcane Farm #farming #agriculture
[9303] u5KS3t65mJM → Honey Bee Farming Guide - Bee Care in Winter 🥰 | Tropical Forest Bees #bees
[9304] knjWRLbgNxs → Day 1: How I Started a Backyard Garden in Zimbabwe
[9305] 6ylwIM4FhIA → Top 10 Innovative Sustainable Practices
[9306] bHpZnp0dGD8 → 4 TIPS on How to Grow Tomatoes Indoors?  #gardening
[9307] GGO553JEME8 → Forest Harvest Methods: Restoration Thinning
[9308] cJiKmYMQTrw → Another super seed for 37 robux in Grow a Garden #roblox #shorts #growagarden #robloxshorts
[9309] eGPK1H8ew6U → A Master of Management in Agribusiness
[9310] VHA_E3YTfDk → Milking a cow at Lake Metroparks Farmpark.
[9311] 8DJeS8hqlOY → Setting and adjusting density on 604N series balers
[9312] BqMXuO1uV70 → How They Process Cotton
[9313] _S0GlIapPPA → Farm Bill 101: Commodities Title
[9314] z50urImKRjQ → Grow Bigger Grapes By Cluster Pruning Now ‼️🍇💜 #mygarden #pruning #grapevine #garden #gardenlife
[9315] I3vWn0PSwCM → Advanced farming techniques at Kundara Hi-Tech Plant Nursery | Haritham Sundaram EP 416
[9316] BbxjeajhEAI → The Evolution of Vietnam Agriculture: From Tradition to Modernity #VietnamAgriculture

Submitting Jobs: 0 - 100
Submitted batch job 33416552
Submitted batch job 33416553
Submitted batch job 33416554
Submitted batch job 33416555
Submitting Jobs: 100 - 200
Submitted batch job 33416556
Submitted batch job 33416557
Submitted batch job 33416559
Submitted batch job 33416560
Submitting Jobs: 200 - 300
Submitted batch job 33416561
Submitted batch job 33416566
Submitted batch job 33416567
Submitted batch job 33416568
Submitting Jobs: 300 - 400
Submitted batch job 33416570
Submitted batch job 33416571
Submitted batch job 33416572
Submitted batch job 33416573
Submitting Jobs: 400 - 500
Submitted batch job 33416574
Submitted batch job 33416575
Submitted batch job 33416576
Submitted batch job 33416577
Submitting Jobs: 500 - 600
Submitted batch job 33416578
Submitted batch job 33416579
Submitted batch job 33416580
Submitted batch job 33416581
Submitting Jobs: 600 - 700
Submitted batch job 33416582
Submitted batch job 33416583
Submitted batch job 33416584
Submitted batch job 33416585
Submitting Jobs: 700 - 800
Submitted batch job 33416587
Submitted batch job 33416588
Submitted batch job 33416589
Submitted batch job 33416590
Submitting Jobs: 800 - 900
Submitted batch job 33416591
Submitted batch job 33416592
Submitted batch job 33416593
Submitted batch job 33416594
Submitting Jobs: 900 - 1000
Submitted batch job 33416595
Submitted batch job 33416596
Submitted batch job 33416597
Submitted batch job 33416598
