v -0.5199329853057861 -0.3627973198890686 1.0934092998504639
v -0.5191625356674194 -0.6694672703742981 2.077087879180908
v -0.2450857162475586 -0.7188611030578613 2.2075352668762207
v 0.03318992257118225 -0.6905267238616943 2.1568236351013184
v 0.34448912739753723 -0.5867734551429749 1.852594256401062
v 0.6931211948394775 -0.6446434259414673 2.030754566192627
v -0.7369030714035034 -0.7025927305221558 2.278048515319824
v -0.43461742997169495 -0.800822377204895 2.4900455474853516
v -0.0370907261967659 -0.6267584562301636 2.0091028213500977
v 0.2840069830417633 -0.6374257206916809 2.0287251472473145
v 0.5186347365379333 -0.6272979974746704 1.9952841997146606
v -0.835126519203186 -0.665008544921875 2.127129554748535
v -0.49271973967552185 -0.6755223274230957 2.146329402923584
v -0.20712414383888245 -0.7948226928710938 2.4863476753234863
v 0.17602987587451935 -0.6822354793548584 2.18243408203125
v 0.38130855560302734 -0.5322253704071045 1.7547218799591064
v 0.7649668455123901 -0.6157974004745483 1.9502227306365967
v -0.6797797679901123 -0.6862888336181641 2.2660889625549316
v -0.32203957438468933 -0.6796295642852783 2.226128101348877
v 0.028407812118530273 -0.6189546585083008 2.0642504692077637
v 0.34197574853897095 -0.6173423528671265 2.0345678329467773
v 0.6461288928985596 -0.6581491827964783 2.1203179359436035
v -0.7753052711486816 -0.6535799503326416 2.1679301261901855
v -0.5227351188659668 -0.8150562047958374 2.5926926136016846
v -0.09473228454589844 -0.6094052791595459 2.0521206855773926
v 0.20538029074668884 -0.5765088796615601 1.9769402742385864
v 0.42604759335517883 -0.5298558473587036 1.7528432607650757
v -0.770013153553009 -0.5234179496765137 1.791358470916748
v -0.5219649076461792 -0.6128358840942383 2.07075834274292
v -0.25223347544670105 -0.6921370029449463 2.2916743755340576
v 0.08429565280675888 -0.6521496176719666 2.175603151321411
v 0.33957505226135254 -0.5338395833969116 1.8100892305374146
v 0.6933810710906982 -0.6154791116714478 2.079397678375244
v -0.7328020334243774 -0.6661221981048584 2.2293455600738525
v -0.4318544566631317 -0.7942403554916382 2.572901964187622
v -0.037024084478616714 -0.5865219831466675 1.9865360260009766
v 0.26913994550704956 -0.5859214067459106 1.9849716424942017
v 0.5398447513580322 -0.6063699722290039 1.9986120462417603
v -0.8490051627159119 -0.6450506448745728 2.1842846870422363
v -0.5077486038208008 -0.6713469624519348 2.194056510925293
v -0.1796303540468216 -0.7582758069038391 2.451756477355957
v 0.17122744023799896 -0.6328690052032471 2.1426095962524414
v 0.37005069851875305 -0.4979345500469208 1.7365846633911133
v 0.8241512775421143 -0.6331996917724609 2.088773250579834
v -0.686860203742981 -0.6690574884414673 2.277952194213867
v -0.3161137104034424 -0.6865543723106384 2.2962450981140137
v 0.03902438282966614 -0.5778480768203735 2.0384416580200195
v 0.3553586006164551 -0.5823308825492859 2.038475751876831
v 0.6518049836158752 -0.6339023113250732 2.1362791061401367
v -0.772865891456604 -0.6217242479324341 2.1435132026672363
v -0.5293712615966797 -0.8192598223686218 2.664710521697998
v -0.08855628222227097 -0.5821426510810852 2.0284857749938965
v 0.19888025522232056 -0.5490953922271729 1.9478199481964111
v 0.4228525757789612 -0.507240355014801 1.7463667392730713
v -0.8519217371940613 -0.5955497622489929 2.0217013359069824
v -0.5269259214401245 -0.5923478007316589 2.0765442848205566
v -0.2523673474788666 -0.715773344039917 2.407349109649658
v 0.09811088442802429 -0.5883570909500122 2.0019218921661377
v 0.3398018777370453 -0.5087847709655762 1.780989170074463
v 0.7380302548408508 -0.6347016096115112 2.180133581161499
v -0.7447727918624878 -0.6506789326667786 2.2238659858703613
v -0.44645851850509644 -0.8430588245391846 2.730985641479492
v -0.03191621974110603 -0.5642403364181519 1.9734102487564087
v 0.26325514912605286 -0.5536301732063293 1.9476063251495361
v 0.5352921485900879 -0.5881505012512207 1.9601290225982666
v -0.8966853618621826 -0.6613448858261108 2.2681283950805664
v -0.5305156707763672 -0.6803035736083984 2.27553129196167
v -0.16602471470832825 -0.7272522449493408 2.4518775939941406
v 0.17519114911556244 -0.6049233078956604 2.111776351928711
v 0.3637511134147644 -0.47669583559036255 1.724766492843628
v 0.8818227052688599 -0.6613249778747559 2.23008394241333
v -0.6974328756332397 -0.6549352407455444 2.302462100982666
v -0.3070090413093567 -0.6978618502616882 2.3737668991088867
v 0.03493216261267662 -0.533392071723938 1.9342286586761475
v 0.34240758419036865 -0.5235211253166199 1.9750206470489502
v 0.662615180015564 -0.6222150325775146 2.147324323654175
v -0.7732800841331482 -0.5956929922103882 2.135125160217285
v -0.5423291921615601 -0.8438354134559631 2.797013759613037
v -0.081071637570858 -0.5560400485992432 1.999922752380371
v 0.19336311519145966 -0.5207920670509338 1.9127877950668335
v 0.4152190685272217 -0.4860301613807678 1.7311046123504639
v -0.8778836727142334 -0.6153897047042847 2.1460044384002686
v -0.5261750221252441 -0.577701985836029 2.0918080806732178
v -0.24635356664657593 -0.7295160293579102 2.492307424545288
v 0.09451988339424133 -0.5296764373779297 1.8947865962982178
v 0.34471961855888367 -0.48479801416397095 1.7820594310760498
v 0.7765580415725708 -0.6549533605575562 2.2729315757751465
v -0.7288758754730225 -0.6103516817092896 2.2018063068389893
v -0.47425922751426697 -0.8752881288528442 2.893568992614746
v -0.024233680218458176 -0.5396530628204346 1.961329698562622
v 0.25173166394233704 -0.5091580152511597 1.8790903091430664
v 0.5182671546936035 -0.5477068424224854 1.9023566246032715
v -0.9081635475158691 -0.6510893702507019 2.3023393154144287
v -0.5362963676452637 -0.6665694713592529 2.3676071166992188
v -0.15480662882328033 -0.6664203405380249 2.389434337615967
v 0.176021546125412 -0.5742184519767761 2.0771677494049072
v 0.3617331385612488 -0.45678526163101196 1.7217522859573364
v 0.8783146142959595 -0.651512861251831 2.242197036743164
v -0.6739434003829956 -0.6137040257453918 2.2712044715881348
v -0.29624730348587036 -0.6714489459991455 2.3797454833984375
v 0.04018798843026161 -0.48980972170829773 1.800248146057129
v 0.2957962453365326 -0.43051373958587646 1.7232341766357422
v 0.6555865406990051 -0.5948012471199036 2.127744197845459
v -0.7355223894119263 -0.5559443235397339 2.075573205947876
v -0.5438344478607178 -0.8278287649154663 2.863170623779297
v -0.07294657826423645 -0.5234889984130859 1.9620555639266968
v 0.18868090212345123 -0.4851740300655365 1.8583197593688965
v 0.4091212749481201 -0.4612742066383362 1.697775959968567
v -0.9144653081893921 -0.6245965957641602 2.256131172180176
v -0.5233879089355469 -0.5658550262451172 2.1064867973327637
v -0.2255774885416031 -0.6844055652618408 2.441420555114746
v 0.09148428589105606 -0.486393541097641 1.8259234428405762
v 0.351387619972229 -0.4493175446987152 1.774651050567627
v 0.7679282426834106 -0.6182392239570618 2.240922212600708
v -0.673733651638031 -0.556402325630188 2.112450361251831
v -0.4946703612804413 -0.8335795998573303 3.0317435264587402
v -0.012206918559968472 -0.5124276876449585 1.9439398050308228
v 0.24105560779571533 -0.4656957983970642 1.7946538925170898
v 0.5029433369636536 -0.5051058530807495 1.8438966274261475
v -0.8552259206771851 -0.5991756916046143 2.224625825881958
v -0.5238645076751709 -0.6433537006378174 2.398566961288452
v -0.13650399446487427 -0.5968109369277954 2.2655787467956543
v 0.17188338935375214 -0.5350974798202515 2.0265934467315674
v 0.36804667115211487 -0.4408349096775055 1.7361018657684326
v 0.832277238368988 -0.6080821752548218 2.1496124267578125
v -0.6337250471115112 -0.5672580003738403 2.191976547241211
v -0.2795989215373993 -0.623255729675293 2.320582866668701
v 0.042732931673526764 -0.45063328742980957 1.7217603921890259
v 0.27047964930534363 -0.3919353187084198 1.5650694370269775
v 0.6393917798995972 -0.55634605884552 2.0834858417510986
v -0.6754372119903564 -0.5085858106613159 1.9585357904434204
v -0.5406471490859985 -0.76120525598526 2.873831272125244
v -0.0624467171728611 -0.4926537275314331 1.920828938484192
v 0.18592533469200134 -0.4503515064716339 1.786449670791626
v 0.40926212072372437 -0.43650782108306885 1.6634442806243896
v -0.9553664922714233 -0.629106879234314 2.3492963314056396
v -0.5177902579307556 -0.5501139163970947 2.127572536468506
v -0.19879095256328583 -0.6045459508895874 2.259275197982788
v 0.09150183200836182 -0.45491576194763184 1.7737339735031128
v 0.29994460940361023 -0.366149365901947 1.528948426246643
v 0.7374186515808105 -0.5663514137268066 2.1243174076080322
v -0.6281670331954956 -0.5151365995407104 2.01552152633667
v -0.49593403935432434 -0.7471860647201538 3.0352871417999268
v -0.008259966038167477 -0.4835536479949951 1.9076709747314453
v 0.2367357760667801 -0.4322076141834259 1.7262639999389648
v 0.4904665946960449 -0.4670816957950592 1.794407844543457
v -0.787320613861084 -0.5450948476791382 2.114816665649414
v -0.5050811767578125 -0.6103107929229736 2.380375623703003
v -0.1179419681429863 -0.5305213928222656 2.1077725887298584
v 0.15491636097431183 -0.4739645719528198 1.88369882106781
v 0.37186890840530396 -0.42053693532943726 1.7441442012786865
v 0.8138855695724487 -0.5692123174667358 2.073072671890259
v -0.602694034576416 -0.5366783142089844 2.1293208599090576
v -0.2532556653022766 -0.5705041885375977 2.200604200363159
v 0.043958090245723724 -0.41970303654670715 1.6790063381195068
v 0.2532310485839844 -0.3479260504245758 1.4598169326782227
v 0.619654655456543 -0.5159789323806763 2.0082428455352783
v -0.6230433583259583 -0.47077828645706177 1.8489294052124023
v -0.5318843126296997 -0.6737561225891113 2.8229968547821045
v -0.050596147775650024 -0.4588097035884857 1.8458307981491089
v 0.1850435584783554 -0.4219009578227997 1.7223753929138184
v 0.40614113211631775 -0.414712131023407 1.6391884088516235
v -0.9793775081634521 -0.6214844584465027 2.3994483947753906
v -0.5082343816757202 -0.5339127779006958 2.141312837600708
v -0.17365361750125885 -0.5297178030014038 2.0771145820617676
v 0.094114288687706 -0.42908966541290283 1.7322769165039062
v 0.2324289232492447 -0.2820482552051544 1.1821448802947998
v 0.7154080867767334 -0.5284473896026611 2.029569149017334
v -0.6185194253921509 -0.5030686855316162 1.9770140647888184
v -0.47971388697624207 -0.6854957342147827 2.8905866146087646
v -0.004175469279289246 -0.4469722509384155 1.8469799757003784
v 0.23875847458839417 -0.4104638397693634 1.6820862293243408
v 0.48217281699180603 -0.4388377070426941 1.7485175132751465
v -0.7473373413085938 -0.5147644281387329 2.041411876678467
v -0.48939403891563416 -0.5824209451675415 2.3553061485290527
v -0.10517340153455734 -0.47211429476737976 1.950851321220398
v 0.1433369368314743 -0.42294785380363464 1.7465159893035889
v 0.35708490014076233 -0.3842107653617859 1.6744742393493652
v 0.8210787773132324 -0.5452872514724731 2.0504367351531982
v -0.5982743501663208 -0.5308899879455566 2.1377289295196533
v -0.2329493761062622 -0.5387121438980103 2.11747407913208
v 0.04740874469280243 -0.40002769231796265 1.662017822265625
v 0.2127133458852768 -0.28568288683891296 1.229002833366394
v 0.6085528135299683 -0.4873995780944824 1.9428836107254028
v -0.5991136431694031 -0.4529171586036682 1.8002344369888306
v -0.5174261331558228 -0.6285035610198975 2.755169630050659
v -0.041296761482954025 -0.42382872104644775 1.7599990367889404
v 0.18540923297405243 -0.4005773067474365 1.6839194297790527
v 0.4062668979167938 -0.3975275754928589 1.6276123523712158
v -0.9950704574584961 -0.6138607263565063 2.419372320175171
v -0.5059724450111389 -0.5148618221282959 2.159635543823242
v -0.15585213899612427 -0.4696155786514282 1.945427417755127
v 0.09762653708457947 -0.4067409336566925 1.7024588584899902
v 0.2116716355085373 -0.24902299046516418 1.0489782094955444
v 0.7138271331787109 -0.5091308951377869 2.008913516998291
v -0.6424963474273682 -0.519121527671814 2.0534605979919434
v -0.4345546066761017 -0.6479997634887695 2.726982593536377
v 0.003345930017530918 -0.4164807200431824 1.8100194931030273
v 0.2486366629600525 -0.3952929377555847 1.666275978088379
v 0.48299795389175415 -0.4229305684566498 1.7248913049697876
v -0.7278095483779907 -0.49350735545158386 2.013582229614258
v -0.4857381284236908 -0.5595970749855042 2.355297565460205
v -0.09272806346416473 -0.42220091819763184 1.8165972232818604
v 0.14438976347446442 -0.3968464136123657 1.6940364837646484
v 0.32838544249534607 -0.33050212264060974 1.511979341506958
v 0.8215516805648804 -0.5263662338256836 2.0423941612243652
v -0.6158443689346313 -0.537103533744812 2.206836700439453
v -0.21536430716514587 -0.5021352171897888 2.050771713256836
v 0.052067436277866364 -0.3847319781780243 1.653759479522705
v 0.18832042813301086 -0.24760182201862335 1.067656397819519
v 0.5996012687683105 -0.4664541184902191 1.8914436101913452
v -0.5884406566619873 -0.44691526889801025 1.798112154006958
v -0.4797699749469757 -0.5873516798019409 2.570223569869995
v -0.03284861892461777 -0.390831857919693 1.6894049644470215
v 0.18719497323036194 -0.38132256269454956 1.6585606336593628
v 0.40823477506637573 -0.38297078013420105 1.6143324375152588
v -0.9949853420257568 -0.5938016772270203 2.4243433475494385
v -0.501117467880249 -0.48827123641967773 2.1559200286865234
v -0.14201563596725464 -0.4227082431316376 1.8416881561279297
v 0.10082006454467773 -0.3854600787162781 1.6769098043441772
v 0.21271714568138123 -0.23977646231651306 1.0393078327178955
v 0.7167912721633911 -0.4939291477203369 2.002453327178955
v -0.6678168773651123 -0.5361523032188416 2.128267765045166
v -0.3653727173805237 -0.6058064699172974 2.525684118270874
v 0.008265427313745022 -0.3976851999759674 1.808873176574707
v 0.24316194653511047 -0.3578648567199707 1.6028132438659668
v 0.48950397968292236 -0.41213491559028625 1.7193942070007324
v -0.7029628753662109 -0.47008565068244934 1.9797735214233398
v -0.4752464294433594 -0.5358450412750244 2.340480089187622
v -0.08533763885498047 -0.3838219940662384 1.7108166217803955
v 0.14516377449035645 -0.37537598609924316 1.6623179912567139
v 0.3069228529930115 -0.3025476038455963 1.3982973098754883
v 0.8122193813323975 -0.48461055755615234 2.009150266647339
v -0.6309881210327148 -0.532990574836731 2.285062789916992
v -0.20102454721927643 -0.45932185649871826 1.971171259880066
v 0.058242958039045334 -0.37086713314056396 1.647088885307312
v 0.1885250210762024 -0.2390759438276291 1.0586098432540894
v 0.5913269519805908 -0.44206807017326355 1.8362001180648804
v -0.5695943832397461 -0.4354237914085388 1.8073842525482178
v -0.41774579882621765 -0.5393160581588745 2.3411128520965576
v -0.025488659739494324 -0.3679945468902588 1.6441887617111206
v 0.1930864304304123 -0.3618372082710266 1.6334038972854614
v 0.4086441993713379 -0.36737656593322754 1.5986274480819702
v -0.9662596583366394 -0.5556120872497559 2.3662893772125244
v -0.48848143219947815 -0.4678686857223511 2.154405117034912
v -0.12864741683006287 -0.385226845741272 1.7469645738601685
v 0.10379890352487564 -0.3647497892379761 1.6503933668136597
v 0.2137400060892105 -0.2278575450181961 1.0279326438903809
v 0.7065240144729614 -0.4680159091949463 1.9603763818740845
v -0.6706418991088867 -0.5245785713195801 2.165487766265869
v -0.31329187750816345 -0.5607898235321045 2.3631386756896973
v 0.01759759522974491 -0.34007421135902405 1.6759824752807617
v 0.16253213584423065 -0.2381688356399536 1.0703418254852295
v 0.4919402599334717 -0.3984425961971283 1.7058568000793457
v -0.6579408645629883 -0.43643346428871155 1.92292058467865
v -0.4481355547904968 -0.5067891478538513 2.265990972518921
v -0.07665649056434631 -0.3585399389266968 1.637959599494934
v 0.14796631038188934 -0.3545248508453369 1.63424551486969
v 0.332729309797287 -0.32709988951683044 1.5010342597961426
v -0.8208718299865723 -0.41400450468063354 1.885391354560852
v -0.6148999929428101 -0.5049182176589966 2.3022260665893555
v -0.18629752099514008 -0.4173879325389862 1.8966747522354126
v 0.06158299744129181 -0.3550046384334564 1.6535322666168213
v 0.18976490199565887 -0.22936701774597168 1.0535352230072021
v 0.5787648558616638 -0.40852221846580505 1.782151699066162
v -0.5546577572822571 -0.41440868377685547 1.7981703281402588
v -0.35445499420166016 -0.4880027770996094 2.172818183898926
v -0.019153397530317307 -0.3452083468437195 1.6104001998901367
v 0.19694799184799194 -0.3386934995651245 1.6005959510803223
v 0.41045331954956055 -0.35261088609695435 1.5855103731155396
v -0.8929406404495239 -0.5016926527023315 2.2296154499053955
v -0.4904305636882782 -0.46731820702552795 2.1764230728149414
v -0.11734893918037415 -0.357608437538147 1.6680185794830322
v 0.11058378219604492 -0.34811511635780334 1.6344738006591797
v 0.21646429598331451 -0.21910634636878967 1.0263218879699707
v 0.6772096157073975 -0.43093976378440857 1.8925864696502686
v -0.645115852355957 -0.4918578863143921 2.1505045890808105
v -0.2746075391769409 -0.501247763633728 2.227034568786621
v 0.02124469354748726 -0.2601701021194458 1.2532638311386108
v 0.16423048079013824 -0.22766533493995667 1.065128207206726
v 0.48848313093185425 -0.37471750378608704 1.665055513381958
v -0.6180349588394165 -0.40264639258384705 1.852272868156433
v -0.4065815210342407 -0.4678841829299927 2.143075466156006
v -0.06864344328641891 -0.34177470207214355 1.611527442932129
v 0.1554202288389206 -0.3386077880859375 1.612417221069336
v 0.3809308409690857 -0.3619195222854614 1.643721342086792
v -0.818972110748291 -0.4163826107978821 2.0219202041625977
v -0.5635503530502319 -0.4622306823730469 2.1907565593719482
v -0.1731307953596115 -0.3825451731681824 1.820436954498291
v 0.05972852557897568 -0.31193676590919495 1.5383975505828857
v 0.19085171818733215 -0.21752120554447174 1.039676308631897
v 0.5619590878486633 -0.37546461820602417 1.7301433086395264
v -0.5425130128860474 -0.3880469799041748 1.775507926940918
v -0.31060275435447693 -0.4368811547756195 2.027949333190918
v -0.0131277060136199 -0.2837790250778198 1.3708877563476562
v 0.1704164296388626 -0.26886674761772156 1.324922800064087
v 0.4174884259700775 -0.34215492010116577 1.5889668464660645
v -0.8186050057411194 -0.454938143491745 2.112572431564331
v -0.4900978207588196 -0.4658096730709076 2.149397373199463
v -0.10927321016788483 -0.33425167202949524 1.6142292022705078
v 0.11399363726377487 -0.3288167417049408 1.6315698623657227
v 0.22095192968845367 -0.21164314448833466 1.0339868068695068
v 0.6427401304244995 -0.38714587688446045 1.8034005165100098
v -0.6022114157676697 -0.45103001594543457 2.0835936069488525
v -0.2526954114437103 -0.4417605996131897 2.0939066410064697
v 0.021419810131192207 -0.23762181401252747 1.15571928024292
v 0.16597101092338562 -0.2168109267950058 1.0551016330718994
v 0.4791605770587921 -0.34292349219322205 1.60795259475708
v -0.5969927310943604 -0.37377816438674927 1.8123772144317627
v -0.36325493454933167 -0.420868456363678 1.9951562881469727
v -0.06205979734659195 -0.33079081773757935 1.6092298030853271
v 0.15564095973968506 -0.31656700372695923 1.597900390625
v 0.38140493631362915 -0.344313383102417 1.5959367752075195
v -0.7694701552391052 -0.3872200846672058 1.9186824560165405
v -0.5016946792602539 -0.4179236590862274 2.02725887298584
v -0.15198273956775665 -0.33970320224761963 1.6755080223083496
v 0.05662449076771736 -0.24968264997005463 1.2466998100280762
v 0.19293835759162903 -0.20842362940311432 1.036383867263794
v 0.549830436706543 -0.3470369875431061 1.6889827251434326
v -0.5296535491943359 -0.36538824439048767 1.7556297779083252
v -0.28412187099456787 -0.3938070833683014 1.916709303855896
v -0.00884134229272604 -0.23591367900371552 1.177414894104004
v 0.14033553004264832 -0.21580055356025696 1.0706219673156738
v 0.42322057485580444 -0.3262019157409668 1.5794670581817627
v -0.7821629047393799 -0.4264838993549347 2.0556490421295166
v -0.47486352920532227 -0.44693177938461304 2.106206178665161
v -0.10281625390052795 -0.31537139415740967 1.5799484252929688
v 0.09810759872198105 -0.25730904936790466 1.3543986082077026
v 0.22547653317451477 -0.20393744111061096 1.0398844480514526
v 0.6231350898742676 -0.3530217111110687 1.728214979171753
v -0.5452642440795898 -0.403873085975647 1.9725532531738281
v -0.2347870171070099 -0.3862554430961609 1.9475486278533936
v 0.023996610194444656 -0.22690515220165253 1.1393227577209473
v 0.16763262450695038 -0.206417053937912 1.045658826828003
v 0.46937498450279236 -0.31743279099464417 1.574122428894043
v -0.5975980758666992 -0.35589927434921265 1.8158130645751953
v -0.3337097465991974 -0.3800963759422302 1.8760344982147217
v -0.05011627450585365 -0.29195478558540344 1.5049114227294922
v 0.13786889612674713 -0.24953283369541168 1.3370192050933838
v 0.37629151344299316 -0.3176221251487732 1.5511345863342285
v -0.7493383884429932 -0.3754167854785919 1.8949211835861206
v -0.45874762535095215 -0.3831346333026886 1.9136567115783691
v -0.1366623342037201 -0.3074028193950653 1.5785435438156128
v 0.05805125832557678 -0.22483950853347778 1.157692551612854
v 0.1972767561674118 -0.20151478052139282 1.045662522315979
v 0.5467140674591064 -0.3279111981391907 1.6741235256195068
v -0.5192989706993103 -0.34764745831489563 1.7490142583847046
v -0.27008238434791565 -0.3668321669101715 1.8592610359191895
v -0.005882902070879936 -0.22204701602458954 1.1441115140914917
v 0.14252200722694397 -0.20673660933971405 1.0670990943908691
v 0.42280903458595276 -0.3032417595386505 1.5504429340362549
v -0.7878474593162537 -0.41097161173820496 2.077899694442749
v -0.45238783955574036 -0.418717622756958 2.0681192874908447
v -0.09554659575223923 -0.3003029227256775 1.558455467224121
v 0.08664420992136002 -0.20692497491836548 1.1071540117263794
v 0.22028736770153046 -0.2042527198791504 1.0890544652938843
v 0.6222852468490601 -0.33499830961227417 1.702416181564331
v -0.4914240837097168 -0.3544188141822815 1.8516547679901123
v -0.20391954481601715 -0.3304128646850586 1.7405034303665161
v 0.026881705969572067 -0.21303454041481018 1.1133276224136353
v 0.170481875538826 -0.1983010172843933 1.0451464653015137
v 0.4695453941822052 -0.30061793327331543 1.5609054565429688
v -0.6025333404541016 -0.3423156440258026 1.8284274339675903
v -0.31535735726356506 -0.3539537489414215 1.8278048038482666
v -0.03734181076288223 -0.22015097737312317 1.1661829948425293
v 0.12139394879341125 -0.20687028765678406 1.1171398162841797
v 0.3710915446281433 -0.29325535893440247 1.516204833984375
v -0.7580282092094421 -0.37431904673576355 1.9394391775131226
v -0.4295462667942047 -0.35171207785606384 1.8372102975845337
v -0.13102231919765472 -0.28948459029197693 1.5416138172149658
v 0.06014784798026085 -0.21334797143936157 1.1414843797683716
v 0.20129835605621338 -0.19411468505859375 1.0500694513320923
v 0.5522385239601135 -0.3152574598789215 1.6786541938781738
v -0.5084929466247559 -0.3295704126358032 1.7437752485275269
v -0.25973886251449585 -0.3439696431159973 1.8131963014602661
v -0.0025988274719566107 -0.20869001746177673 1.1189137697219849
v 0.14462056756019592 -0.19707176089286804 1.0567668676376343
v 0.41532906889915466 -0.283356249332428 1.5143681764602661
v -0.799802839756012 -0.39789849519729614 2.1163456439971924
v -0.4223484396934509 -0.38272860646247864 2.0070273876190186
v -0.08730802685022354 -0.28788700699806213 1.5451711416244507
v 0.08463142067193985 -0.19066716730594635 1.0382651090621948
v 0.3299785852432251 -0.28933125734329224 1.4931588172912598
v 0.6302701234817505 -0.32135796546936035 1.6945288181304932
v -0.44636815786361694 -0.31514716148376465 1.736130952835083
v -0.16883762180805206 -0.2840908169746399 1.5455958843231201
v 0.029954873025417328 -0.20233716070652008 1.103088140487671
v 0.17487888038158417 -0.1909366399049759 1.0547572374343872
v 0.4725734293460846 -0.2880268096923828 1.563544750213623
v -0.5992034673690796 -0.33168119192123413 1.8291244506835938
v -0.3008703887462616 -0.3316534757614136 1.7864127159118652
v -0.0327121876180172 -0.20801065862178802 1.1479098796844482
v 0.11795207858085632 -0.19206826388835907 1.0696941614151
v 0.36942484974861145 -0.2747618556022644 1.4848793745040894
v -0.7713997960090637 -0.3733338713645935 1.9839047193527222
v -0.40721285343170166 -0.32322177290916443 1.7824773788452148
v -0.12577378749847412 -0.2736888527870178 1.516857385635376
v 0.061277154833078384 -0.20253531634807587 1.1335517168045044
v 0.20457766950130463 -0.18608178198337555 1.0532736778259277
v 0.5666072368621826 -0.3057616949081421 1.7011332511901855
v -0.5011476874351501 -0.31200480461120605 1.7479376792907715
v -0.22826650738716125 -0.29441767930984497 1.6308668851852417
v 0.00036145385820418596 -0.19801552593708038 1.108218789100647
v 0.14755472540855408 -0.1882665604352951 1.0516725778579712
v 0.4132766127586365 -0.26700523495674133 1.4911385774612427
v -0.7951535582542419 -0.3815142810344696 2.1232218742370605
v -0.3852708041667938 -0.3448123633861542 1.9245280027389526
v -0.07507384568452835 -0.2667558491230011 1.508063554763794
v 0.08462680131196976 -0.17653784155845642 0.9952921271324158
v 0.3262998163700104 -0.26607853174209595 1.4621191024780273
v 0.6408544778823853 -0.3100453317165375 1.6945161819458008
v -0.41841670870780945 -0.2903064787387848 1.6629854440689087
v -0.16186150908470154 -0.2664652466773987 1.5077910423278809
v 0.03233412280678749 -0.1931353360414505 1.0976394414901733
v 0.17864379286766052 -0.18355247378349304 1.059267282485962
v 0.48052603006362915 -0.2789825201034546 1.59228515625
v -0.5919324159622192 -0.3197687268257141 1.8314613103866577
v -0.28158921003341675 -0.3010976314544678 1.7152106761932373
v -0.0293711069971323 -0.19686514139175415 1.1281025409698486
v 0.11317691951990128 -0.17440219223499298 1.0003145933151245
v 0.3681388795375824 -0.258939653635025 1.4602967500686646
v -0.7710487842559814 -0.3621579110622406 1.9886900186538696
v -0.3833589553833008 -0.2951612174510956 1.7240355014801025
v -0.12058472633361816 -0.2589366137981415 1.4978134632110596
v 0.05950143560767174 -0.17526867985725403 1.0093013048171997
v 0.2937997281551361 -0.2679523527622223 1.470151424407959
v 0.5891566276550293 -0.29829099774360657 1.7319626808166504
v -0.4970971941947937 -0.29727238416671753 1.7552809715270996
v -0.20078006386756897 -0.2578479051589966 1.5049107074737549
v 0.003162432461977005 -0.18853075802326202 1.103222131729126
v 0.15194052457809448 -0.18147137761116028 1.0606060028076172
v 0.4161701202392578 -0.2559819221496582 1.479280710220337
v -0.7612146139144897 -0.3568139672279358 2.081648826599121
v -0.3520040810108185 -0.3090035319328308 1.8236372470855713
v -0.06325244158506393 -0.21706169843673706 1.302457332611084
v 0.08663478493690491 -0.16712650656700134 0.9849873781204224
v 0.3251913785934448 -0.24913735687732697 1.439384937286377
v 0.64644455909729 -0.2992594838142395 1.6884992122650146
v -0.40047183632850647 -0.2701288163661957 1.6213940382003784
v -0.15643107891082764 -0.25157442688941956 1.4864063262939453
v 0.03107668086886406 -0.16222691535949707 0.9545723795890808
v 0.2385503202676773 -0.2596973478794098 1.503003716468811
v 0.5005432963371277 -0.27580875158309937 1.641633152961731
v -0.5818077325820923 -0.30433228611946106 1.8275182247161865
v -0.2558325231075287 -0.26388126611709595 1.592562198638916
v -0.026268836110830307 -0.18716692924499512 1.1191866397857666
v 0.11493705958127975 -0.1648377627134323 0.9865126609802246
v 0.367021769285202 -0.24442891776561737 1.4408435821533203
v -0.7468883395195007 -0.3391118049621582 1.946344017982483
v -0.3552597761154175 -0.26688823103904724 1.6414968967437744
v -0.11508503556251526 -0.24416707456111908 1.4832172393798828
v 0.06165400147438049 -0.1643504649400711 0.996303141117096
v 0.28862762451171875 -0.24571214616298676 1.4362282752990723
v 0.6057451963424683 -0.28732535243034363 1.738436222076416
v -0.4917457401752472 -0.28313300013542175 1.75542151927948
v -0.1944447010755539 -0.24335063993930817 1.477447271347046
v 0.006286243908107281 -0.15814445912837982 0.9579157829284668
v 0.15584921836853027 -0.17410849034786224 1.0633944272994995
v 0.41767409443855286 -0.24424512684345245 1.4706637859344482
v -0.7081578969955444 -0.3277045488357544 1.9992433786392212
v -0.32445892691612244 -0.27422913908958435 1.7229926586151123
v -0.05880805477499962 -0.19005052745342255 1.1797211170196533
v 0.08893828839063644 -0.15867909789085388 0.9789180159568787
v 0.32660502195358276 -0.23554973304271698 1.4218674898147583
v 0.6389889717102051 -0.285725861787796 1.665867805480957
v -0.383794367313385 -0.2506091296672821 1.583404302597046
v -0.1510966718196869 -0.23676368594169617 1.4693635702133179
v 0.03365030139684677 -0.15209443867206573 0.9439297914505005
v 0.2534610331058502 -0.25970834493637085 1.539888620376587
v 0.5247101783752441 -0.27425599098205566 1.6876804828643799
v -0.5685953497886658 -0.2868872880935669 1.8065704107284546
v -0.23617909848690033 -0.23693880438804626 1.491457223892212
v -0.022718818858265877 -0.17831186950206757 1.1143262386322021
v 0.11735241115093231 -0.15635962784290314 0.9811198115348816
v 0.3668232560157776 -0.23045428097248077 1.425105094909668
v -0.7105615735054016 -0.3101575970649719 1.8817631006240845
v -0.33183544874191284 -0.24425619840621948 1.5618047714233398
v -0.10807458311319351 -0.23287290334701538 1.4861608743667603
v 0.06429040431976318 -0.1558379828929901 0.9896995425224304
v 0.286546528339386 -0.2279919683933258 1.4126981496810913
v 0.6022490859031677 -0.27016162872314453 1.714526653289795
v -0.48320236802101135 -0.26650315523147583 1.7562477588653564
v -0.18870294094085693 -0.22893957793712616 1.4575902223587036
v 0.008937736041843891 -0.14848144352436066 0.9458248019218445
v 0.15919435024261475 -0.16620346903800964 1.068945050239563
v 0.41951337456703186 -0.2309509515762329 1.465667963027954
v -0.6554567813873291 -0.2990489602088928 1.9016016721725464
v -0.2923048138618469 -0.24196502566337585 1.5910594463348389
v -0.054625511169433594 -0.17893368005752563 1.1580594778060913
v 0.09142716974020004 -0.1508469581604004 0.9752107262611389
v 0.3282565474510193 -0.22154787182807922 1.4070154428482056
v 0.6297538876533508 -0.2592276930809021 1.6111723184585571
v -0.3682015836238861 -0.23197990655899048 1.5466957092285156
v -0.14621488749980927 -0.2226049304008484 1.457631230354309
v 0.036339160054922104 -0.14408865571022034 0.9397028088569641
v 0.2477138787508011 -0.23056526482105255 1.457993745803833
v 0.538611650466919 -0.26369214057922363 1.6956841945648193
v -0.5535248517990112 -0.2680432200431824 1.7815855741500854
v -0.22518111765384674 -0.22088763117790222 1.4485061168670654
v -0.019147690385580063 -0.16988012194633484 1.1123831272125244
v 0.1202097162604332 -0.14870871603488922 0.9793095588684082
v 0.3667193353176117 -0.21680332720279694 1.4105169773101807
v -0.6752545833587646 -0.280889630317688 1.8186848163604736
v -0.31529685854911804 -0.22692492604255676 1.5098767280578613
v -0.10061193257570267 -0.2210107147693634 1.4967800378799438
v 0.06721488386392593 -0.14758872985839844 0.9851089119911194
v 0.2882646322250366 -0.2152254730463028 1.396728277206421
v 0.579851508140564 -0.24821212887763977 1.6576879024505615
v -0.4707900285720825 -0.247647225856781 1.7380386590957642
v -0.18272671103477478 -0.21538737416267395 1.4412729740142822
v 0.011821912601590157 -0.14018313586711884 0.9402023553848267
v 0.166614830493927 -0.16517019271850586 1.1233736276626587
v 0.42541512846946716 -0.21834242343902588 1.4756478071212769
v -0.6118314266204834 -0.27141883969306946 1.8103512525558472
v -0.26443251967430115 -0.21650679409503937 1.4649263620376587
v -0.05070836469531059 -0.16909556090831757 1.1448864936828613
v 0.09397956728935242 -0.1433451622724533 0.9730477929115295
v 0.3289315700531006 -0.20834097266197205 1.3920670747756958
v -0.642339825630188 -0.2238435596227646 1.5400583744049072
v -0.35569655895233154 -0.2147657424211502 1.5164828300476074
v -0.14042530953884125 -0.208342045545578 1.4479120969772339
v 0.0390588752925396 -0.13683488965034485 0.9381627440452576
v 0.24760130047798157 -0.21042963862419128 1.4145636558532715
v 0.5383259654045105 -0.2463187575340271 1.6599810123443604
v -0.5376343727111816 -0.24819092452526093 1.747436761856079
v -0.2182331681251526 -0.20725594460964203 1.4242522716522217
v -0.01372629962861538 -0.14161814749240875 0.9750859141349792
v 0.12345503270626068 -0.1417606621980667 0.9805082082748413
v 0.3660324215888977 -0.20342139899730682 1.3960520029067993
v -0.6446342468261719 -0.25489622354507446 1.7655630111694336
v -0.3010721206665039 -0.21049454808235168 1.4646320343017578
v -0.08857085555791855 -0.18225355446338654 1.3521499633789062
v 0.06990731507539749 -0.13990367949008942 0.9826738834381104
v 0.2905300259590149 -0.20270013809204102 1.382317304611206
v 0.5481445789337158 -0.22271902859210968 1.5666444301605225
v -0.4556080400943756 -0.23071546852588654 1.696915626525879
v -0.17743811011314392 -0.20131920278072357 1.426455020904541
v 0.014535002410411835 -0.132582426071167 0.937713086605072
v 0.1695539802312851 -0.15761448442935944 1.1120539903640747
v 0.434426873922348 -0.20683106780052185 1.4855866432189941
v -0.5739156603813171 -0.24604260921478271 1.7309291362762451
v -0.25292494893074036 -0.19985602796077728 1.4175251722335815
v -0.04368992894887924 -0.15276870131492615 1.081721544265747
v 0.09669004380702972 -0.13613276183605194 0.972565770149231
v 0.3287721872329712 -0.1956748068332672 1.3775159120559692
v -0.600458562374115 -0.21633625030517578 1.5469350814819336
v -0.3439776599407196 -0.19938668608665466 1.4882766008377075
v -0.13373039662837982 -0.19532926380634308 1.446418046951294
v 0.041808195412158966 -0.12996390461921692 0.938578188419342
v 0.24932391941547394 -0.19432759284973145 1.3879677057266235
v 0.5264818668365479 -0.22608016431331635 1.597867488861084
v -0.5181264877319336 -0.23172599077224731 1.6910943984985352
v -0.2122156322002411 -0.19407397508621216 1.4073677062988281
v -0.010830963961780071 -0.1323348432779312 0.9607201814651489
v 0.1272173523902893 -0.13531064987182617 0.9849916696548462
v 0.36660051345825195 -0.19037364423274994 1.3839703798294067
v -0.6188232898712158 -0.23222775757312775 1.7160229682922363
v -0.28824061155319214 -0.19436459243297577 1.4207484722137451
v -0.07758086174726486 -0.15470349788665771 1.1589672565460205
v 0.07261567562818527 -0.1327352523803711 0.9818928241729736
v 0.29168668389320374 -0.18983186781406403 1.3685615062713623
v 0.517982006072998 -0.20088928937911987 1.4705578088760376
v -0.43581292033195496 -0.21601298451423645 1.6496639251708984
v -0.17190253734588623 -0.18777687847614288 1.4119219779968262
v 0.01722126081585884 -0.12556743621826172 0.9372705221176147
v 0.17116285860538483 -0.1467042863368988 1.0887293815612793
v 0.44122958183288574 -0.19617171585559845 1.4819949865341187
v -0.5433240532875061 -0.22330647706985474 1.6651575565338135
v -0.2460159808397293 -0.18662917613983154 1.3964979648590088
v -0.03978293761610985 -0.1411532163619995 1.0578471422195435
v 0.09954281151294708 -0.1292887181043625 0.973631739616394
v 0.32899683713912964 -0.1835123896598816 1.363128662109375
v -0.574825644493103 -0.19883905351161957 1.5187008380889893
v -0.3310101628303528 -0.1855018138885498 1.4540272951126099
v -0.10522852838039398 -0.15387508273124695 1.1803936958312988
v 0.044571030884981155 -0.12338366359472275 0.9402934908866882
v 0.25144416093826294 -0.1806703358888626 1.3696966171264648
v 0.5081285834312439 -0.2039593607187271 1.529073715209961
v -0.4872174561023712 -0.21633608639240265 1.6246018409729004
v -0.2071024626493454 -0.1816096305847168 1.3942351341247559
v -0.007779285777360201 -0.12433220446109772 0.9551571011543274
v 0.13115999102592468 -0.1290619671344757 0.994755744934082
v 0.368089497089386 -0.17776250839233398 1.3753107786178589
v -0.5971450805664062 -0.21232055127620697 1.675394892692566
v -0.2787981927394867 -0.18029628694057465 1.3900007009506226
v -0.0722707062959671 -0.14027389883995056 1.1135424375534058
v 0.07531658560037613 -0.12581059336662292 0.9825785160064697
v 0.29228368401527405 -0.17760026454925537 1.3538191318511963
v 0.5022661089897156 -0.1849493831396103 1.4183818101882935
v -0.4079262614250183 -0.1949935257434845 1.5852410793304443
v -0.15801002085208893 -0.165848046541214 1.3304100036621094
v 0.01989731378853321 -0.118829146027565 0.9381000995635986
v 0.17137283086776733 -0.13658355176448822 1.0656274557113647
v 0.4426375925540924 -0.18380475044250488 1.4577136039733887
v -0.512911319732666 -0.19999322295188904 1.6041769981384277
v -0.23939058184623718 -0.17411360144615173 1.3797610998153687
v -0.03621453046798706 -0.1319906860589981 1.050112009048462
v 0.10251384228467941 -0.12265249341726303 0.9761506915092468
v 0.3291681110858917 -0.17130854725837708 1.3486287593841553
v -0.5603795647621155 -0.18367910385131836 1.5024703741073608
v -0.3171122968196869 -0.1731487661600113 1.4128403663635254
v -0.09960903972387314 -0.13857382535934448 1.1177021265029907
v 0.04732908681035042 -0.1168578639626503 0.9433823823928833
v 0.2530101239681244 -0.16858159005641937 1.3518167734146118
v 0.48899421095848083 -0.18308104574680328 1.4694746732711792
v -0.4471534490585327 -0.19332389533519745 1.5452404022216797
v -0.20088894665241241 -0.16856679320335388 1.3797810077667236
v -0.004729319363832474 -0.11680357903242111 0.953353226184845
v 0.1404334455728531 -0.1280973255634308 1.0441209077835083
v 0.36931943893432617 -0.16578909754753113 1.3638622760772705
v -0.5753015875816345 -0.19223687052726746 1.6416218280792236
v -0.27177026867866516 -0.1677466332912445 1.3697876930236816
v -0.05953742191195488 -0.12062875181436539 0.9865137338638306
v 0.07804198563098907 -0.11908099800348282 0.9844841361045837
v 0.29297110438346863 -0.1659908890724182 1.3395121097564697
v 0.4950631260871887 -0.1707877516746521 1.3841137886047363
v -0.38037586212158203 -0.1730871945619583 1.504467487335205
v -0.12849852442741394 -0.13518019020557404 1.1155356168746948
v 0.022533856332302094 -0.11236965656280518 0.939928412437439
v 0.1723860502243042 -0.12692105770111084 1.0537095069885254
v 0.4367072284221649 -0.16836880147457123 1.4230811595916748
v -0.4799362123012543 -0.1757439374923706 1.5340576171875
v -0.23283298313617706 -0.16115908324718475 1.3651667833328247
v -0.03131379559636116 -0.11800835281610489 0.9931522011756897
v 0.10563421994447708 -0.11600830405950546 0.9805560111999512
v 0.3294190764427185 -0.15943001210689545 1.3340299129486084
v -0.5519134998321533 -0.16963507235050201 1.4946547746658325
v -0.3037388324737549 -0.15983468294143677 1.3697097301483154
v -0.09501425176858902 -0.1277971714735031 1.089643120765686
v 0.05019155144691467 -0.11058506369590759 0.9481808543205261
v 0.254095196723938 -0.15681369602680206 1.335205316543579
v 0.47402432560920715 -0.16611163318157196 1.4237350225448608
v -0.4124401807785034 -0.1694922298192978 1.4593900442123413
v -0.18491612374782562 -0.14594317972660065 1.2882015705108643
v -0.0017519163666293025 -0.10992129892110825 0.9538692831993103
v 0.14255070686340332 -0.11992132663726807 1.0401190519332886
v 0.3697788715362549 -0.1541532278060913 1.3463577032089233
v -0.552562952041626 -0.17142166197299957 1.6059315204620361
v -0.26556843519210815 -0.15520039200782776 1.3537514209747314
v -0.05574153736233711 -0.11123406887054443 0.9747756123542786
v 0.08075927197933197 -0.11244609951972961 0.9882415533065796
v 0.2936080992221832 -0.15435144305229187 1.3262650966644287
v 0.49138590693473816 -0.15723690390586853 1.359465479850769
v -0.3535996973514557 -0.15628288686275482 1.4199020862579346
v -0.12157271802425385 -0.12289786338806152 1.0769751071929932
v 0.02519337274134159 -0.10609330236911774 0.9430488348007202
v 0.17428065836429596 -0.11847645044326782 1.0480858087539673
v 0.4276494085788727 -0.1525288075208664 1.389798641204834
v -0.44991713762283325 -0.15638655424118042 1.4622622728347778
v -0.22697223722934723 -0.1485135704278946 1.3517661094665527
v -0.027770768851041794 -0.10915246605873108 0.9831364154815674
v 0.10952246189117432 -0.10974849760532379 0.9885890483856201
v 0.329864501953125 -0.1476954221725464 1.3197442293167114
v -0.5443741083145142 -0.15552571415901184 1.4868907928466797
v -0.2949645519256592 -0.1470859944820404 1.3397548198699951
v -0.08205447345972061 -0.10812954604625702 0.9828501343727112
v 0.05398636683821678 -0.10473939776420593 0.9572339057922363
v 0.2549643814563751 -0.1462763249874115 1.3210723400115967
v 0.4627338647842407 -0.15195804834365845 1.3887556791305542
v -0.383878618478775 -0.14996157586574554 1.3810441493988037
v -0.15250316262245178 -0.12064420431852341 1.095200777053833
v 0.001014404115267098 -0.10332626849412918 0.9565310478210449
v 0.14510701596736908 -0.1120404601097107 1.0373873710632324
v 0.36894476413726807 -0.14314879477024078 1.324076771736145
v -0.5261313319206238 -0.15174730122089386 1.5614497661590576
v -0.2588798999786377 -0.14307765662670135 1.3383262157440186
v -0.052535269409418106 -0.10326945036649704 0.9693869948387146
v 0.08399364352226257 -0.10600341856479645 0.9958531856536865
v 0.29424387216567993 -0.14285911619663239 1.3133294582366943
v 0.4898541271686554 -0.14466789364814758 1.3389177322387695
v -0.33153507113456726 -0.13978354632854462 1.340826392173767
v -0.11747945100069046 -0.11318877339363098 1.0647659301757812
v 0.02803005836904049 -0.09988727420568466 0.9478257894515991
v 0.1767754703760147 -0.11050187051296234 1.0450257062911987
v 0.4197605848312378 -0.13977818191051483 1.3604246377944946
v -0.42217105627059937 -0.14129607379436493 1.390960931777954
v -0.22239434719085693 -0.13617786765098572 1.338752031326294
v -0.024897677823901176 -0.10121332108974457 0.978813648223877
v 0.11826104670763016 -0.10653580725193024 1.0393699407577515
v 0.3300762474536896 -0.13675753772258759 1.3047246932983398
v -0.5324184894561768 -0.14128567278385162 1.4691967964172363
v -0.2893645763397217 -0.13586421310901642 1.3227510452270508
v -0.07835337519645691 -0.0993608683347702 0.9736584424972534
v 0.05798523128032684 -0.10092773288488388 0.9789977669715881
v 0.25627100467681885 -0.1353481113910675 1.3076083660125732
v 0.45331501960754395 -0.13890834152698517 1.3541698455810547
v -0.3666144013404846 -0.13502997159957886 1.3335187435150146
v -0.1461164504289627 -0.1098656877875328 1.0699635744094849
v 0.0038700609002262354 -0.09675344824790955 0.9621747732162476
v 0.14782750606536865 -0.10456111282110214 1.0358757972717285
v 0.3666357696056366 -0.1318943053483963 1.3002674579620361
v -0.49674248695373535 -0.13595400750637054 1.5051472187042236
v -0.2522217035293579 -0.13102702796459198 1.3238515853881836
v -0.0495259091258049 -0.09588779509067535 0.9667567610740662
v 0.08875057101249695 -0.10029696673154831 1.0145012140274048
v 0.2947750389575958 -0.13186995685100555 1.299860954284668
v 0.49028337001800537 -0.13283324241638184 1.3201686143875122
v -0.32062798738479614 -0.12804818153381348 1.3113555908203125
v -0.11381416767835617 -0.104469895362854 1.058276891708374
v 0.0311224814504385 -0.09374463558197021 0.9562910795211792
v 0.179496631026268 -0.10273797065019608 1.0433948040008545
v 0.41317713260650635 -0.12854579091072083 1.3292163610458374
v -0.4033941924571991 -0.12902773916721344 1.3427321910858154
v -0.20021335780620575 -0.11257265508174896 1.2115229368209839
v -0.022090237587690353 -0.09389813989400864 0.9772135615348816
v 0.12137443572282791 -0.10068252682685852 1.039872169494629
v 0.3300305902957916 -0.12601350247859955 1.2892502546310425
v -0.5149990320205688 -0.1279420703649521 1.4412157535552979
v -0.28392937779426575 -0.12505485117435455 1.3087565898895264
v -0.07513956725597382 -0.09186619520187378 0.9698600172996521
v 0.06229532137513161 -0.09783732891082764 1.0379160642623901
v 0.25724178552627563 -0.12305987626314163 1.2881978750228882
v 0.44592899084091187 -0.12691283226013184 1.3181893825531006
v -0.3566933870315552 -0.12390253692865372 1.3113136291503906
v -0.14100709557533264 -0.10034558922052383 1.058505654335022
v 0.007089440245181322 -0.09056982398033142 0.9742575883865356
v 0.15059876441955566 -0.09714363515377045 1.035248041152954
v 0.3657827079296112 -0.12153295427560806 1.2821134328842163
v -0.46442440152168274 -0.12414216250181198 1.4296079874038696
v -0.2470848113298416 -0.1194203719496727 1.310948371887207
v -0.04657759517431259 -0.08880757540464401 0.9656477570533752
v 0.09069988131523132 -0.0923052504658699 1.0039013624191284
v 0.295148640871048 -0.1210484504699707 1.2865443229675293
v 0.4914396107196808 -0.12222068011760712 1.3042855262756348
v -0.31412580609321594 -0.11801975965499878 1.2966039180755615
v -0.10936930030584335 -0.09474599361419678 1.0441468954086304
v 0.03409993648529053 -0.08806812018156052 0.9705806970596313
v 0.18234403431415558 -0.09509658813476562 1.0424268245697021
v 0.40735602378845215 -0.11746697872877121 1.2965104579925537
v -0.3920350670814514 -0.11834527552127838 1.315968632698059
v -0.15171603858470917 -0.08605340868234634 0.9524083733558655
v -0.019198380410671234 -0.08680744469165802 0.9769284725189209
v 0.11948034167289734 -0.08963476121425629 1.0043357610702515
v 0.3300672471523285 -0.11545447260141373 1.274078607559204
v -0.4922460615634918 -0.1158391684293747 1.4031484127044678
v -0.27793124318122864 -0.11411971598863602 1.2953205108642578
v -0.0721474289894104 -0.08484254032373428 0.9683942794799805
v 0.06508710980415344 -0.08994173258543015 1.0278878211975098
v 0.2569105625152588 -0.11258494108915329 1.2740281820297241
v 0.4410633146762848 -0.11570349335670471 1.287308692932129
v -0.34821194410324097 -0.11314471811056137 1.295129656791687
v -0.12377631664276123 -0.08290410786867142 0.9465351104736328
v 0.009265243075788021 -0.08523424714803696 1.0047519207000732
v 0.15348324179649353 -0.08974488079547882 1.0350379943847656
v 0.3653690218925476 -0.1116233542561531 1.2674651145935059
v -0.434592068195343 -0.11335523426532745 1.3521353006362915
v -0.24082084000110626 -0.10900575667619705 1.2964483499526978
v -0.04371294751763344 -0.08191519975662231 0.9658082723617554
v 0.09261160343885422 -0.08421522378921509 0.9956505298614502
v 0.29546135663986206 -0.11056166142225266 1.2718982696533203
v 0.4958772361278534 -0.11092887073755264 1.2832633256912231
v -0.3080030083656311 -0.10785836726427078 1.2838579416275024
v -0.10404220968484879 -0.08505676686763763 1.0281879901885986
v 0.03712072968482971 -0.07926400750875473 0.9530385732650757
v 0.18535539507865906 -0.08751068264245987 1.0421466827392578
v 0.4032525420188904 -0.10810006409883499 1.2703596353530884
v -0.3825763761997223 -0.10757990926504135 1.2959682941436768
v -0.14719092845916748 -0.07741738110780716 0.9416908025741577
v -0.01636698469519615 -0.07992953062057495 0.9780377149581909
v 0.12119176983833313 -0.08158893883228302 0.9944757223129272
v 0.3300512731075287 -0.10528060793876648 1.259879231452942
v -0.4667031168937683 -0.10543663799762726 1.3502625226974487
v -0.2708813548088074 -0.10351981967687607 1.2825928926467896
v -0.06927722692489624 -0.07799434661865234 0.968390703201294
v 0.06377240270376205 -0.07670466601848602 0.9513407349586487
v 0.2567150890827179 -0.10244280844926834 1.2584153413772583
v 0.43725115060806274 -0.10444562137126923 1.2618420124053955
v -0.33999761939048767 -0.10220028460025787 1.2797836065292358
v -0.11986440420150757 -0.07469893246889114 0.9390863180160522
v 0.0115327388048172 -0.07854928821325302 1.0064945220947266
v 0.15663538873195648 -0.08240963518619537 1.035424828529358
v 0.36462458968162537 -0.10176774114370346 1.2536535263061523
v -0.41723620891571045 -0.10216854512691498 1.3036788702011108
v -0.1754581481218338 -0.07462451606988907 0.9586462378501892
v -0.04093647375702858 -0.07516051828861237 0.9671264290809631
v 0.09492801874876022 -0.0765141174197197 0.9895243644714355
v 0.29552868008613586 -0.10021711140871048 1.2571851015090942
v -0.5248578786849976 -0.09660321474075317 1.307249903678894
v -0.3019444942474365 -0.09776923060417175 1.2715175151824951
v -0.09365325421094894 -0.07280982285737991 0.955839991569519
v 0.039107393473386765 -0.07152876257896423 0.9447594881057739
v 0.18845781683921814 -0.07998909801244736 1.0426963567733765
v 0.40040016174316406 -0.09812124073505402 1.2502623796463013
v -0.37334004044532776 -0.09645791351795197 1.2773454189300537
v -0.14379888772964478 -0.07004579156637192 0.9365817308425903
v -0.013671264052391052 -0.07319613546133041 0.9810220003128052
v 0.12333611398935318 -0.07391887158155441 0.9882000684738159
v 0.32996588945388794 -0.09556109458208084 1.2468270063400269
v -0.44649821519851685 -0.09520730376243591 1.2966283559799194
v -0.26459354162216187 -0.09211990237236023 1.2710695266723633
v -0.06651376932859421 -0.07119448482990265 0.9697452783584595
v 0.06606068462133408 -0.06887136399745941 0.9441564679145813
v 0.25312623381614685 -0.09115186333656311 1.2206652164459229
v 0.4349299371242523 -0.09384044259786606 1.2417445182800293
v -0.3323684334754944 -0.09161441028118134 1.2653272151947021
v -0.11652596294879913 -0.06737451255321503 0.9359244704246521
v 0.014967883937060833 -0.06839781999588013 0.9597958326339722
v 0.1598149985074997 -0.07506822794675827 1.0364395380020142
v 0.36392661929130554 -0.09167852252721786 1.2401752471923828
v -0.40590161085128784 -0.09083959460258484 1.2755787372589111
v -0.1702832281589508 -0.06678325682878494 0.9471502304077148
v -0.0383569598197937 -0.06842342764139175 0.9698746800422668
v 0.09736029803752899 -0.06923532485961914 0.9846166372299194
v 0.29604288935661316 -0.09012620896100998 1.2440693378448486
v -0.481235146522522 -0.08643746376037598 1.273191213607788
v -0.29593655467033386 -0.0877823606133461 1.2595794200897217
v -0.0900372639298439 -0.06545661389827728 0.949690580368042
v 0.041524436324834824 -0.064311683177948 0.9398887157440186
v 0.19183319807052612 -0.07250913977622986 1.0444245338439941
v 0.39919018745422363 -0.08811621367931366 1.233756422996521
v -0.36455515027046204 -0.08548557758331299 1.2598881721496582
v -0.14051732420921326 -0.0630466490983963 0.9336610436439514
v -0.011051816865801811 -0.066526398062706 0.9860646724700928
v 0.12565314769744873 -0.06653504818677902 0.9834646582603455
v 0.3299073874950409 -0.08568109571933746 1.2341101169586182
v -0.43489861488342285 -0.08495010435581207 1.2664248943328857
v -0.25754740834236145 -0.08243504166603088 1.2617169618606567
v -0.06387690454721451 -0.06442172080278397 0.9726759195327759
v 0.06876473873853683 -0.06182463467121124 0.9408571124076843
v 0.24774006009101868 -0.07848204672336578 1.1695460081100464
v 0.43255287408828735 -0.08383117616176605 1.2238430976867676
v -0.32530978322029114 -0.08139333873987198 1.2517532110214233
v -0.11349382251501083 -0.06030169501900673 0.9342027306556702
v 0.017429182305932045 -0.0611305832862854 0.9516788721084595
v 0.16305424273014069 -0.06761082261800766 1.0384982824325562
v 0.36348119378089905 -0.08160869032144547 1.226878046989441
v -0.39588603377342224 -0.07996408641338348 1.2550790309906006
v -0.1667000949382782 -0.059717338532209396 0.9427809715270996
v -0.03599122539162636 -0.06165942922234535 0.9742060303688049
v 0.09987156838178635 -0.061931412667036057 0.980597198009491
v 0.2967193126678467 -0.07997041940689087 1.231626033782959
v -0.4654659628868103 -0.07691922038793564 1.250193476676941
v -0.28961125016212463 -0.07778088003396988 1.2476791143417358
v -0.08697573840618134 -0.05832865089178085 0.9472869634628296
v 0.04413618519902229 -0.05738890543580055 0.9369289875030518
v 0.19515545666217804 -0.0651797205209732 1.0472716093063354
v 0.39767318964004517 -0.07783079892396927 1.2182183265686035
v -0.3565088212490082 -0.07508883625268936 1.2446708679199219
v -0.13740406930446625 -0.056281086057424545 0.9320183396339417
v -0.008720380254089832 -0.05964317172765732 0.9926195740699768
v 0.12816329300403595 -0.059250835329294205 0.9803652763366699
v 0.33005502820014954 -0.07595718652009964 1.2216031551361084
v -0.4255172908306122 -0.07466502487659454 1.2469631433486938
v -0.24938835203647614 -0.07336821407079697 1.254448652267456
v -0.06148684769868851 -0.05739414319396019 0.9780107140541077
v 0.07144381105899811 -0.05509781837463379 0.9396805167198181
v 0.24351108074188232 -0.0677487850189209 1.1256595849990845
v 0.43018534779548645 -0.07391446083784103 1.2054343223571777
v -0.31860002875328064 -0.07147103548049927 1.238915205001831
v -0.1105792447924614 -0.05350632965564728 0.9334589242935181
v 0.02009541168808937 -0.05388848856091499 0.9468268752098083
v 0.16666027903556824 -0.06037990376353264 1.0409424304962158
v 0.36297449469566345 -0.071570485830307 1.2137418985366821
v -0.38644835352897644 -0.06962814182043076 1.237723469734192
v -0.16357678174972534 -0.052847687155008316 0.9408550262451172
v -0.03385979309678078 -0.054889287799596786 0.9803498983383179
v 0.10247968137264252 -0.05478396266698837 0.9778119325637817
v 0.29741910099983215 -0.06996127963066101 1.2190378904342651
v -0.45463433861732483 -0.06788023561239243 1.233090877532959
v -0.28347569704055786 -0.06770844757556915 1.235946536064148
v -0.0841924324631691 -0.051420897245407104 0.9468851685523987
v 0.04684821888804436 -0.05065566673874855 0.9354305863380432
v 0.19925811886787415 -0.05781017616391182 1.0522490739822388
v 0.39660051465034485 -0.06781255453824997 1.203491449356079
v -0.34904101490974426 -0.06526433676481247 1.2310445308685303
v -0.13448473811149597 -0.04958854988217354 0.931485116481781
v -0.00638980558142066 -0.05225006863474846 0.9971479177474976
v 0.13079720735549927 -0.05213049426674843 0.9787228107452393
v 0.3301038444042206 -0.06598486751317978 1.209526538848877
v -0.4167957305908203 -0.06467504054307938 1.2309437990188599
v -0.24086181819438934 -0.06442557275295258 1.2411816120147705
v -0.05948329344391823 -0.05006079003214836 0.9892787933349609
v 0.07413563877344131 -0.0484866239130497 0.9405232667922974
v 0.24558833241462708 -0.05917314440011978 1.1194647550582886
v 0.42857638001441956 -0.06417961418628693 1.1884541511535645
v -0.3121951222419739 -0.06184211000800133 1.2266321182250977
v -0.10779812932014465 -0.04680316895246506 0.9335959553718567
v 0.022790778428316116 -0.04701375961303711 0.9442601799964905
v 0.17016299068927765 -0.053130440413951874 1.0444531440734863
v 0.36281275749206543 -0.061773933470249176 1.2011933326721191
v -0.378014475107193 -0.0596933513879776 1.2229416370391846
v -0.160660520195961 -0.046102363616228104 0.9402800798416138
v -0.03187791630625725 -0.047718700021505356 0.9900649189949036
v 0.10506166517734528 -0.04771461710333824 0.97612065076828
v 0.29805701971054077 -0.0601380318403244 1.2065472602844238
v -0.44594115018844604 -0.05859110504388809 1.2198107242584229
v -0.27732905745506287 -0.05816695839166641 1.2249294519424438
v -0.0816713199019432 -0.04465301334857941 0.9478500485420227
v 0.0495891310274601 -0.044019915163517 0.9354180097579956
v 0.2043347805738449 -0.05063106119632721 1.0612001419067383
v 0.39587166905403137 -0.058090291917324066 1.1896072626113892
v -0.34211692214012146 -0.05581986531615257 1.218306064605713
v -0.13174200057983398 -0.04288443550467491 0.9318509101867676
v -0.0031083454377949238 -0.04460911825299263 0.973381757736206
v 0.13362112641334534 -0.045123130083084106 0.9784060716629028
v 0.3302801549434662 -0.056189246475696564 1.1976656913757324
v -0.40856772661209106 -0.054919205605983734 1.2166008949279785
v -0.23439599573612213 -0.05438174679875374 1.223833680152893
v -0.05734977871179581 -0.04311958700418472 0.9987600445747375
v 0.0772661566734314 -0.042047467082738876 0.9437879920005798
v 0.24845468997955322 -0.05080895125865936 1.1184868812561035
v 0.4275719225406647 -0.05464412644505501 1.1733790636062622
v -0.30587783455848694 -0.052424851804971695 1.2145957946777344
v -0.10507570207118988 -0.04008429870009422 0.9346773028373718
v 0.025494934991002083 -0.04030301421880722 0.9432605504989624
v 0.17370781302452087 -0.04576963186264038 1.0497057437896729
v 0.36248502135276794 -0.05209732800722122 1.188700795173645
v -0.37043508887290955 -0.05008508265018463 1.2097891569137573
v -0.1578601747751236 -0.03930990770459175 0.9407742023468018
v -0.024873243644833565 -0.03824485465884209 0.8973408341407776
v 0.10777507722377777 -0.04074174910783768 0.9755401611328125
v 0.29858648777008057 -0.050493691116571426 1.1942648887634277
v -0.43772247433662415 -0.04918123409152031 1.2076181173324585
v -0.27091184258461 -0.048420075327157974 1.213461995124817
v -0.07926732301712036 -0.03787551447749138 0.9503856301307678
v 0.05236374959349632 -0.037411853671073914 0.9368171095848083
v 0.2138199806213379 -0.0435834676027298 1.0960513353347778
v 0.39501041173934937 -0.048398494720458984 1.175930142402649
v -0.335455060005188 -0.046531129628419876 1.2061318159103394
v -0.1291264295578003 -0.036139219999313354 0.933016300201416
v 0.0003657693159766495 -0.03667712211608887 0.9661001563072205
v 0.1365669071674347 -0.03811369836330414 0.9794319272041321
v 0.3305439054965973 -0.04692797735333443 1.1858335733413696
v -0.40041956305503845 -0.04522369056940079 1.2029868364334106
v -0.22608420252799988 -0.04419902712106705 1.2026339769363403
v -0.047418102622032166 -0.03391597792506218 0.8921450972557068
v 0.08108805865049362 -0.03584827110171318 0.9510382413864136
v 0.2522171437740326 -0.04273052513599396 1.1217014789581299
v 0.4267943799495697 -0.04506062716245651 1.159508466720581
v -0.29976871609687805 -0.04312882572412491 1.2029091119766235
v -0.10245312005281448 -0.033383309841156006 0.9368699789047241
v 0.02817707136273384 -0.033647675067186356 0.9437980651855469
v 0.18118338286876678 -0.037624381482601166 1.0760605335235596
v 0.36216604709625244 -0.042791351675987244 1.1763533353805542
v -0.3632550835609436 -0.04081675037741661 1.1975200176239014
v -0.15514259040355682 -0.032405029982328415 0.9426007866859436
v -0.02218194678425789 -0.030515266582369804 0.8834022283554077
v 0.1106562614440918 -0.03380335494875908 0.9761068820953369
v 0.29905810952186584 -0.04124825447797775 1.1822441816329956
v -0.43008342385292053 -0.0397786870598793 1.196108341217041
v -0.2641255855560303 -0.03934085741639137 1.2027959823608398
v -0.07700861990451813 -0.0309885386377573 0.9544991254806519
v 0.055143050849437714 -0.03079887479543686 0.9396103024482727
v 0.21680061519145966 -0.03616743162274361 1.09650456905365
v 0.3943476676940918 -0.039114657789468765 1.163338541984558
v -0.32865437865257263 -0.03748106211423874 1.194430947303772
v -0.12665575742721558 -0.029449397698044777 0.9350165724754333
v 0.0030176949221640825 -0.02976294606924057 0.9650657773017883
v 0.13964422047138214 -0.03112969920039177 0.9820131659507751
v 0.33063942193984985 -0.03788827359676361 1.1741183996200562
v -0.3925932049751282 -0.035897232592105865 1.1900696754455566
v -0.21236415207386017 -0.03258640319108963 1.1238813400268555
v -0.044897351413965225 -0.026405956596136093 0.8801702260971069
v 0.08725300431251526 -0.029693109914660454 0.9871238470077515
v 0.2665901482105255 -0.0354551263153553 1.1781413555145264
v 0.4262700378894806 -0.03606925532221794 1.1475921869277954
v -0.29377481341362 -0.03425935283303261 1.1916658878326416
v -0.09998231381177902 -0.02673550695180893 0.940321683883667
v 0.03086210787296295 -0.026916101574897766 0.9457758665084839
v 0.1877135932445526 -0.030913570895791054 1.0961462259292603
v 0.3619578778743744 -0.03375186026096344 1.1645163297653198
v -0.3561875522136688 -0.03184737265110016 1.185703992843628
v -0.1527634710073471 -0.025350229814648628 0.9462088346481323
v -0.01954534649848938 -0.023755187168717384 0.8782473802566528
v 0.11364132910966873 -0.026905536651611328 0.9777594804763794
v 0.29943621158599854 -0.03234412893652916 1.1704367399215698
v -0.4228973090648651 -0.03084619902074337 1.1849244832992554
v -0.2579149305820465 -0.03061116300523281 1.192435622215271
v -0.07496296614408493 -0.023985818028450012 0.9593313336372375
v 0.057935021817684174 -0.024082539603114128 0.9441838264465332
v 0.2202744334936142 -0.02864955924451351 1.098199486732483
v 0.39404061436653137 -0.030285967513918877 1.1520190238952637
v -0.3219209909439087 -0.028602534905076027 1.1828546524047852
v -0.12433537095785141 -0.02276933379471302 0.9381034970283508
v 0.0062621175311505795 -0.022882767021656036 0.966722309589386
v 0.1433287411928177 -0.024099798873066902 0.9866564273834229
v 0.33072927594184875 -0.029064953327178955 1.162463665008545
v -0.3848099410533905 -0.026811452582478523 1.1774957180023193
v -0.1991032212972641 -0.023676984012126923 1.061095952987671
v -0.042257972061634064 -0.019774513319134712 0.8748145699501038
v 0.08968260139226913 -0.022694872692227364 0.9914373159408569
v 0.26811423897743225 -0.02723720483481884 1.166475534439087
v 0.42585474252700806 -0.02716006711125374 1.137125849723816
v -0.28758227825164795 -0.02521241083741188 1.1802600622177124
v -0.0977415069937706 -0.020064683631062508 0.9448932409286499
v 0.03364059701561928 -0.019993726164102554 0.9492748975753784
v 0.19175980985164642 -0.023562990128993988 1.0987228155136108
v 0.36168769001960754 -0.024845756590366364 1.1530619859695435
v -0.3492980897426605 -0.02306404337286949 1.174026370048523
v -0.1507359743118286 -0.018435532227158546 0.9525882005691528
v -0.016910314559936523 -0.017199737951159477 0.8762548565864563
v 0.116804338991642 -0.019830653443932533 0.9810992479324341
v 0.29980263113975525 -0.023700106889009476 1.15874445438385
v -0.4156452417373657 -0.022004740312695503 1.1735434532165527
v -0.2509078085422516 -0.02210409753024578 1.1778839826583862
v -0.0672496035695076 -0.0161613617092371 0.8958239555358887
v 0.06112145632505417 -0.01733684167265892 0.9522123336791992
v 0.22420698404312134 -0.02081109955906868 1.1017906665802002
v 0.39418351650238037 -0.021369874477386475 1.1411269903182983
v -0.3153412342071533 -0.01986125484108925 1.1713143587112427
v -0.1222219467163086 -0.015902061015367508 0.9426702857017517
v 0.009178412146866322 -0.015845542773604393 0.9711088538169861
v 0.14851590991020203 -0.017007911577820778 0.9975444674491882
v 0.33077070116996765 -0.02049841918051243 1.1507594585418701
v -0.37701117992401123 -0.018061719834804535 1.165048599243164
v -0.19267109036445618 -0.016065053641796112 1.0414705276489258
v -0.039590638130903244 -0.013181544840335846 0.8720359802246094
v 0.09265054762363434 -0.015102017670869827 0.9972556829452515
v 0.2686765193939209 -0.01836628094315529 1.1543935537338257
v 0.4271625578403473 -0.01748574897646904 1.1257755756378174
v -0.28124019503593445 -0.01634727045893669 1.1699285507202148
v -0.09578003734350204 -0.01321593951433897 0.9510839581489563
v 0.03650271147489548 -0.013010197319090366 0.9552872776985168
v 0.195307657122612 -0.015822410583496094 1.1048887968063354
v 0.3616727590560913 -0.016054345294833183 1.1419601440429688
v -0.34250813722610474 -0.014455795288085938 1.1625243425369263
v -0.14916561543941498 -0.011622429825365543 0.9629340767860413
v -0.014357374049723148 -0.01065188180655241 0.8759894967079163
v 0.120295450091362 -0.012537655420601368 0.9868262410163879
v 0.30006924271583557 -0.015106989070773125 1.1470321416854858
v -0.4076981842517853 -0.013511729426681995 1.1607788801193237
v -0.22089706361293793 -0.011845162138342857 1.0441880226135254
v -0.0638042613863945 -0.009472895413637161 0.8854123950004578
v 0.06789422035217285 -0.009891370311379433 1.0077742338180542
v 0.2290150374174118 -0.012703562155365944 1.1097050905227661
v 0.39458388090133667 -0.012868986465036869 1.1311306953430176
v -0.30898547172546387 -0.011252845637500286 1.1601035594940186
v -0.12024196982383728 -0.008742217905819416 0.9494295716285706
v 0.01100810058414936 -0.008609047159552574 0.9852485060691833
v 0.15550214052200317 -0.009904727339744568 1.027977705001831
v 0.3306790590286255 -0.011657156981527805 1.1395111083984375
v -0.3699616491794586 -0.009613141417503357 1.1533507108688354
v -0.18696163594722748 -0.008154639974236488 1.0269824266433716
v -0.03692416101694107 -0.006819793023169041 0.8706561326980591
v 0.09628185629844666 -0.008122269995510578 1.006852149963379
v 0.2692931294441223 -0.009809963405132294 1.1427993774414062
v -0.4533841609954834 -0.006615084130316973 1.1638364791870117
v -0.27510759234428406 -0.007605145685374737 1.1597399711608887
v -0.09391720592975616 -0.006124289706349373 0.9603562355041504
v 0.039780255407094955 -0.00599376717582345 0.9669478535652161
v 0.2002006322145462 -0.006974891293793917 1.1210448741912842
v 0.3620649576187134 -0.007567550055682659 1.1316108703613281
v -0.33591270446777344 -0.005938392132520676 1.1512682437896729
v -0.1567986011505127 -0.004014669451862574 1.0211780071258545
v -0.011904537677764893 -0.00423270370811224 0.8768978118896484
v 0.12477376312017441 -0.005120839923620224 0.9992836713790894
v 0.3003073036670685 -0.006602296605706215 1.1354625225067139
v -0.39932677149772644 -0.005116034299135208 1.1469526290893555
v -0.21450671553611755 -0.0038439815398305655 1.0281169414520264
v -0.06056980416178703 -0.002996314549818635 0.8808407187461853
v 0.070028156042099 -0.0032169492915272713 1.0020427703857422
v 0.2375791221857071 -0.003165624802932143 1.1361744403839111
v 0.39492562413215637 -0.004693685565143824 1.1217944622039795
v -0.30278852581977844 -0.0026259184814989567 1.1490880250930786
v -0.11874970048666 -0.0013921051286160946 0.9609472155570984
v 0.014128688722848892 -0.002292066114023328 0.9721759557723999
v 0.15811270475387573 -0.002578232903033495 1.0263793468475342
v 0.3308740258216858 -0.003221886232495308 1.128464698791504
v -0.36344122886657715 -0.0013331149239093065 1.142122507095337
v -0.18229544162750244 -0.00042579538421705365 1.0186923742294312
v -0.03438450023531914 -0.0005372109590098262 0.8704749345779419
v 0.09869589656591415 -0.0010397890582680702 0.9993014335632324
v 0.26999181509017944 -0.0015840770211070776 1.1314479112625122
v -0.4315977096557617 0.000699541182257235 1.1436043977737427
v -0.26841843128204346 0.0005144887254573405 1.1482644081115723
v -0.09261427819728851 0.0018805230502039194 0.9806283712387085
v 0.044013481587171555 0.0011406894773244858 1.0024651288986206
v 0.2055269330739975 0.0011214461410418153 1.1301161050796509
v 0.3625190258026123 0.0007228109752759337 1.121553659439087
v -0.3295173645019531 0.002459233161062002 1.1402525901794434
v -0.15352843701839447 0.0033569210208952427 1.019737958908081
v -0.009442191570997238 0.001984570873901248 0.8790789246559143
v 0.1305670291185379 0.0023215936962515116 1.0210113525390625
v 0.30064278841018677 0.0016487817047163844 1.1244100332260132
v -0.3909090459346771 0.003159682033583522 1.1337950229644775
v -0.2101222723722458 0.003692671423777938 1.0212244987487793
v -0.057895492762327194 0.003213693154975772 0.8791571855545044
v 0.07254195213317871 0.0036516941618174314 0.9966663718223572
v 0.23880431056022644 0.004182224627584219 1.1266400814056396
v 0.3953244090080261 0.0033967909403145313 1.11258864402771
v -0.29667776823043823 0.005763156805187464 1.1382064819335938
v -0.12167804688215256 0.006042853929102421 1.0076714754104614
v 0.017392413690686226 0.0052582500502467155 0.9525208473205566
v 0.161100372672081 0.0047874609008431435 1.02628493309021
v 0.3310600519180298 0.004878510721027851 1.1177353858947754
v -0.35688334703445435 0.006883109454065561 1.1313512325286865
v -0.17892585694789886 0.006857320200651884 1.015748381614685
v -0.031972452998161316 0.0057050143368542194 0.8715020418167114
v 0.1010306179523468 0.006335296202450991 0.9923354983329773
v 0.2704474627971649 0.00681684585288167 1.1203713417053223
v -0.42081838846206665 0.008108924143016338 1.127824306488037
v -0.2618943154811859 0.009191417135298252 1.1354562044143677
v -0.09198106825351715 0.008955453522503376 1.0002275705337524
v 0.04537906497716904 0.007902092300355434 0.9724231362342834
v 0.2077057659626007 0.008580491878092289 1.1222673654556274
v 0.3631097376346588 0.008711205795407295 1.111580729484558
v -0.3233265280723572 0.010667421855032444 1.1295545101165771
v -0.15062588453292847 0.010448911227285862 1.020326018333435
v -0.007061342243105173 0.008295533247292042 0.8826823234558105
v 0.13355667889118195 0.00914402212947607 1.020501971244812
v 0.30090638995170593 0.009825533255934715 1.1137350797653198
v -0.38357576727867126 0.01143653318285942 1.1227099895477295
v -0.20629577338695526 0.01105168554931879 1.0175820589065552
v -0.05531366541981697 0.009504606015980244 0.8793423771858215
v 0.075285404920578 0.010609784163534641 0.9925462007522583
v 0.23982557654380798 0.011941146105527878 1.1161270141601562
v 0.39557477831840515 0.011272207833826542 1.10357666015625
v -0.2907688617706299 0.013846445828676224 1.1272361278533936
v -0.1174173429608345 0.013013922609388828 1.003708839416504
v 0.020202867686748505 0.01168729830533266 0.9469921588897705
v 0.16455447673797607 0.012263377197086811 1.0274831056594849
v 0.3311406373977661 0.013027474284172058 1.1070966720581055
v -0.35033032298088074 0.015116813592612743 1.1210203170776367
v -0.17592081427574158 0.014066853560507298 1.014936089515686
v -0.029635222628712654 0.011907060630619526 0.8737055659294128
v 0.10346350818872452 0.013375269249081612 0.9882122874259949
v 0.2709074020385742 0.014965086244046688 1.1095620393753052
v -0.41245850920677185 0.015832794830203056 1.114561676979065
v -0.25393712520599365 0.01795060746371746 1.1167504787445068
v -0.08926568180322647 0.015621885657310486 1.0007553100585938
v 0.048076409846544266 0.01461618673056364 0.9678604602813721
v 0.20919406414031982 0.01632174476981163 1.1120915412902832
v 0.36344170570373535 0.016485150903463364 1.1016446352005005
v -0.3173755407333374 0.01873164065182209 1.119049072265625
v -0.14777804911136627 0.017401453107595444 1.0223276615142822
v -0.004271785728633404 0.014798442833125591 0.8889261484146118
v 0.13665629923343658 0.0162493996322155 1.021058440208435
v 0.3012849986553192 0.01778399758040905 1.1032986640930176
v -0.3767724633216858 0.019741078838706017 1.1124824285507202
v -0.2028254121541977 0.01842048205435276 1.016038179397583
v -0.05281587317585945 0.015850145369768143 0.8813676238059998
v 0.07801716029644012 0.017677506431937218 0.9894214272499084
v 0.2407628446817398 0.01958380825817585 1.1052813529968262
v 0.3951415419578552 0.01898297108709812 1.0938663482666016
v -0.28482121229171753 0.02190467156469822 1.1162335872650146
v -0.11421122401952744 0.01917038857936859 1.0023243427276611
v 0.02278427593410015 0.018370361998677254 0.9443544149398804
v 0.16802473366260529 0.019770368933677673 1.030173897743225
v 0.3312874138355255 0.02086068131029606 1.0964150428771973
v -0.34380054473876953 0.023289578035473824 1.110884189605713
v -0.1732703000307083 0.021289121359586716 1.0157936811447144
v -0.027322987094521523 0.018202923238277435 0.8775155544281006
v 0.10598435252904892 0.020408011972904205 0.985602855682373
v 0.2714596390724182 0.022739268839359283 1.0991857051849365
v -0.40480175614356995 0.023766228929162025 1.1024255752563477
v -0.23560936748981476 0.023048294708132744 1.0376794338226318
v -0.08627989888191223 0.022034795954823494 1.0027047395706177
v 0.05091288313269615 0.021547187119722366 0.9655704498291016
v 0.21059854328632355 0.024067431688308716 1.1009689569473267
v 0.3631927967071533 0.02412477321922779 1.0914998054504395
v -0.3114306926727295 0.026659412309527397 1.1087586879730225
v -0.13394472002983093 0.022224949672818184 0.9512522220611572
v -0.0016634929925203323 0.02149968221783638 0.9023860096931458
v 0.1398629993200302 0.023449711501598358 1.0221282243728638
v 0.3018128573894501 0.025440236553549767 1.093080997467041
v -0.37010458111763 0.02779621258378029 1.1025159358978271
v -0.19976697862148285 0.025787634775042534 1.016292929649353
v -0.0503365583717823 0.022249964997172356 0.8853957653045654
v 0.0807921513915062 0.02480999007821083 0.9873912334442139
v 0.24159084260463715 0.027177417650818825 1.094630241394043
v 0.39432492852211 0.026702161878347397 1.0830447673797607
v -0.27876725792884827 0.02974827215075493 1.1054623126983643
v -0.10609130561351776 0.02495572343468666 0.9460399746894836
v 0.02545345202088356 0.02513796277344227 0.9431862831115723
v 0.1720959097146988 0.027347443625330925 1.0353193283081055
v 0.33154991269111633 0.028307098895311356 1.0860133171081543
v -0.33735838532447815 0.031110482290387154 1.1010210514068604
v -0.17063859105110168 0.02857249230146408 1.018318772315979
v -0.025113554671406746 0.024799751117825508 0.883470356464386
v 0.10864479839801788 0.02748788148164749 0.9841176271438599
v 0.27207228541374207 0.030327128246426582 1.089080572128296
v -0.3970283567905426 0.03174913302063942 1.0921483039855957
v -0.23159688711166382 0.03074067272245884 1.035010576248169
v -0.08361007273197174 0.028650179505348206 1.0054858922958374
v 0.05394059047102928 0.02825763449072838 0.9655857682228088
v 0.21185047924518585 0.03173625096678734 1.089980125427246
v 0.3627622425556183 0.031611036509275436 1.080849289894104
v -0.30547550320625305 0.03434094414114952 1.098747968673706
v -0.12924829125404358 0.028770573437213898 0.9360073804855347
v 0.0010064481757581234 0.029679374769330025 0.9423013925552368
v 0.1431848257780075 0.03098008595407009 1.0241663455963135
v 0.302238404750824 0.03309202566742897 1.0829256772994995
v -0.36366569995880127 0.03540612757205963 1.0929279327392578
v -0.19701994955539703 0.03310972452163696 1.018314242362976
v -0.04832947626709938 0.02903325855731964 0.8935028314590454
v 0.08365524560213089 0.03186130151152611 0.9861698150634766
v 0.2424117773771286 0.03471212089061737 1.0842831134796143
v 0.39319169521331787 0.03429844602942467 1.0713266134262085
v -0.27289295196533203 0.037341490387916565 1.0951943397521973
v -0.10248183459043503 0.03174135461449623 0.9387059807777405
v 0.02816675789654255 0.031768057495355606 0.9429346323013306
v 0.17681850492954254 0.03477006405591965 1.0477209091186523
v 0.3318738043308258 0.035594236105680466 1.0759555101394653
v -0.3310898542404175 0.03879363089799881 1.0914236307144165
v -0.1559070348739624 0.03366817533969879 0.9475033283233643
v -0.022687410935759544 0.031702786684036255 0.8944649696350098
v 0.1114308163523674 0.03455366939306259 0.9834415912628174
v 0.2726824879646301 0.037908878177404404 1.079164981842041
v -0.3896239995956421 0.039756231009960175 1.08285653591156
v -0.22840987145900726 0.03843177855014801 1.0378319025039673
v -0.07887573540210724 0.03584764525294304 0.9893569350242615
v 0.057047635316848755 0.035304222255945206 0.9678701758384705
v 0.21298786997795105 0.03933658078312874 1.079349398612976
v 0.3624334931373596 0.03883896768093109 1.0699788331985474
v -0.2995762825012207 0.04198850318789482 1.088922142982483
v -0.1256314218044281 0.035488311201334 0.9291753768920898
v 0.0036337748169898987 0.036147184669971466 0.9415249824523926
v 0.1465601623058319 0.03859651833772659 1.029052734375
v 0.30273327231407166 0.040583398193120956 1.0730005502700806
v -0.3573603630065918 0.04305858910083771 1.083577036857605
v -0.19449558854103088 0.04064851999282837 1.022269606590271
v -0.046199388802051544 0.03669687733054161 0.9133507013320923
v 0.0865485817193985 0.03883194923400879 0.9856973886489868
v 0.24316641688346863 0.04229156672954559 1.074161410331726
v 0.3918876647949219 0.042036332190036774 1.059674859046936
v -0.2670566737651825 0.04492854326963425 1.0850441455841064
v -0.09949587285518646 0.03850158303976059 0.9350345730781555
v 0.030903387814760208 0.03847850114107132 0.9435055255889893
v 0.1834818422794342 0.04422954469919205 1.0724830627441406
v 0.33217930793762207 0.042603325098752975 1.0658118724822998
v -0.3249098062515259 0.046478405594825745 1.081910252571106
v -0.15102547407150269 0.03985339403152466 0.9335910081863403
v -0.02019132301211357 0.041214101016521454 0.9463716149330139
v 0.11434191465377808 0.041650641709566116 0.9837884902954102
v 0.27334871888160706 0.045398663729429245 1.0693869590759277
v -0.38252362608909607 0.047731027007102966 1.0736039876937866
v -0.23326291143894196 0.049229446798563004 1.0752167701721191
v -0.07631382346153259 0.04317754507064819 0.9899285435676575
v 0.06044026091694832 0.04271167889237404 0.9733657836914062
v 0.2141007035970688 0.04683319106698036 1.0690754652023315
v 0.36190110445022583 0.0459224209189415 1.058977484703064
v -0.2937200963497162 0.04964626953005791 1.079295039176941
v -0.12242632359266281 0.04225509986281395 0.9250776171684265
v 0.006271951831877232 0.04282446950674057 0.9412716627120972
v 0.15053029358386993 0.04769197478890419 1.0424035787582397
v 0.3031993806362152 0.04790613800287247 1.0632141828536987
v -0.35115358233451843 0.05069098249077797 1.0744385719299316
v -0.19218286871910095 0.04899367690086365 1.0297613143920898
v -0.04460590332746506 0.04364477097988129 0.9349187612533569
v 0.08942477405071259 0.04586784169077873 0.9862385988235474
v 0.24393104016780853 0.04980255663394928 1.064300775527954
v 0.39077499508857727 0.04964283108711243 1.0488532781600952
v -0.2612503468990326 0.05238252878189087 1.0750560760498047
v -0.09665073454380035 0.045230433344841 0.9335306882858276
v 0.03366946429014206 0.04532232880592346 0.9448971748352051
v 0.1849493831396103 0.051309507340192795 1.0630018711090088
v 0.33227357268333435 0.04970639944076538 1.0558668375015259
v -0.3189696967601776 0.054052188992500305 1.0726523399353027
v -0.14715087413787842 0.046387769281864166 0.9268151521682739
v -0.017875084653496742 0.04717916622757912 0.9512050151824951
v 0.11732831597328186 0.048775408416986465 0.9856188297271729
v 0.27403852343559265 0.052799344062805176 1.0597785711288452
v -0.37606722116470337 0.055307768285274506 1.0649268627166748
v -0.22838188707828522 0.05584670975804329 1.0693708658218384
v -0.07305387407541275 0.04994228854775429 0.9859954714775085
v 0.06523633748292923 0.05063028261065483 0.9995695948600769
v 0.21511965990066528 0.054170578718185425 1.0591330528259277
v 0.3616558909416199 0.052888330072164536 1.0484507083892822
v -0.28802767395973206 0.05710512772202492 1.0698028802871704
v -0.11942119896411896 0.04891754686832428 0.9224710464477539
v 0.00890801940113306 0.0494876392185688 0.941648542881012
v 0.15525871515274048 0.055752307176589966 1.0553457736968994
v 0.3035372793674469 0.05506087839603424 1.0536482334136963
v -0.344898521900177 0.05821177363395691 1.0653281211853027
v -0.19218724966049194 0.059242695569992065 1.0525211095809937
v -0.041534632444381714 0.050064343959093094 0.9212612509727478
v 0.09229692071676254 0.052902426570653915 0.9879738688468933
v 0.2447495013475418 0.0571255199611187 1.0547164678573608
v 0.3909318149089813 0.05797882378101349 1.0381475687026978
v -0.2555953562259674 0.05973559990525246 1.0652437210083008
v -0.09396094083786011 0.05190861597657204 0.9331748485565186
v 0.03648495674133301 0.05220051854848862 0.9472001194953918
v 0.18645896017551422 0.05830321088433266 1.0536137819290161
v 0.33240461349487305 0.05704173445701599 1.046225666999817
v -0.3131600618362427 0.061410997062921524 1.0634230375289917
v -0.14380194246768951 0.05304698273539543 0.9225572347640991
v -0.01575382985174656 0.053559087216854095 0.9349020719528198
v 0.12043604254722595 0.05604258552193642 0.9892996549606323
v 0.27468374371528625 0.06001817435026169 1.050331711769104
v -0.3697841763496399 0.06271785497665405 1.0564303398132324
v -0.22335787117481232 0.06263799965381622 1.05972158908844
v -0.0667276531457901 0.05497737601399422 0.9371256232261658
v 0.06822406500577927 0.058160509914159775 1.0069923400878906
v 0.21612070500850677 0.06135648861527443 1.0493875741958618
v 0.3614029586315155 0.0600079707801342 1.0384306907653809
v -0.2823956310749054 0.06445736438035965 1.060162901878357
v -0.11659666150808334 0.0554962158203125 0.9211442470550537
v 0.011636050418019295 0.056203823536634445 0.9426537156105042
v 0.1574149876832962 0.06242547184228897 1.0473642349243164
v 0.3039003014564514 0.062095556408166885 1.0441170930862427
v -0.33877816796302795 0.06553187221288681 1.056308627128601
v -0.17141972482204437 0.0583682544529438 0.9399745464324951
v -0.03874463960528374 0.055979304015636444 0.9143847823143005
v 0.09531522542238235 0.06014672666788101 0.9914373159408569
v 0.2456594854593277 0.06419376283884048 1.0453602075576782
v -0.4029354453086853 0.06699491292238235 1.0432679653167725
v -0.2501161992549896 0.06693904846906662 1.055436134338379
v -0.09142434597015381 0.058554597198963165 0.934160053730011
v 0.03924070671200752 0.05927296355366707 0.9504804611206055
v 0.1878383457660675 0.06527773290872574 1.044053554534912
v 0.33274954557418823 0.06431633979082108 1.0368386507034302
v -0.3073703348636627 0.06860654801130295 1.054250717163086
v -0.14074309170246124 0.059525441378355026 0.9200171232223511
v -0.012834915891289711 0.059603311121463776 0.929695188999176
v 0.12384311109781265 0.06373494863510132 0.9957451820373535
v 0.27528950572013855 0.06710060685873032 1.0410382747650146
v -0.36354315280914307 0.06998296827077866 1.0479633808135986
v -0.21840108931064606 0.06959333270788193 1.0503208637237549
v -0.06302392482757568 0.0605551153421402 0.9206621050834656
v 0.07011818140745163 0.06718891859054565 1.0265647172927856
v 0.2171454131603241 0.06828196346759796 1.0398871898651123
v 0.36097264289855957 0.06724517792463303 1.0287214517593384
v -0.27682897448539734 0.07167651504278183 1.0504294633865356
v -0.11394892632961273 0.06203398481011391 0.9210352301597595
v 0.01441148016601801 0.06306461989879608 0.9444488286972046
v 0.15931695699691772 0.06919966638088226 1.0385751724243164
v 0.3041950464248657 0.06894475966691971 1.035048484802246
v -0.3328395187854767 0.07269909977912903 1.0473829507827759
v -0.16706128418445587 0.06446366012096405 0.9313045740127563
v -0.036117974668741226 0.06223341450095177 0.9097840785980225
v 0.09863151609897614 0.06784645467996597 0.9974634051322937
v 0.24658335745334625 0.0711844190955162 1.036216139793396
v -0.391145795583725 0.07429094612598419 1.0399341583251953
v -0.24475421011447906 0.07405346632003784 1.0457613468170166
v -0.08898092061281204 0.06541506946086884 0.9365410208702087
v 0.042134471237659454 0.06655656546354294 0.9548547863960266
v 0.18909382820129395 0.07221803069114685 1.034561276435852
v 0.33300474286079407 0.07158508896827698 1.027860164642334
v -0.302045613527298 0.07578307390213013 1.0449594259262085
v -0.13771408796310425 0.0660509392619133 0.9186534285545349
v -0.010082154534757137 0.06606077402830124 0.9281889200210571
v 0.12860402464866638 0.07197034358978271 1.0082769393920898
v 0.2759454548358917 0.07395382225513458 1.0318812131881714
v -0.3576422929763794 0.0770391970872879 1.039678931236267
v -0.2136041522026062 0.07636667788028717 1.0411651134490967
v -0.05988719314336777 0.06656795740127563 0.9128733277320862
v 0.07398666441440582 0.0746530219912529 1.0301800966262817
v 0.21821585297584534 0.0750843957066536 1.0306568145751953
v 0.36057135462760925 0.07447417080402374 1.0192164182662964
v -0.27130383253097534 0.07874307781457901 1.0407572984695435
v -0.11147447675466537 0.06866604834794998 0.9219697713851929
v 0.01723516173660755 0.07011360675096512 0.9470479488372803
v 0.16101714968681335 0.0760696604847908 1.029241919517517
v 0.3043375015258789 0.07606621831655502 1.026498794555664
v -0.3269038498401642 0.0796380266547203 1.038347840309143
v -0.16362686455249786 0.07071537524461746 0.9276447892189026
v -0.03346867859363556 0.06864456832408905 0.9065813422203064
v 0.10291276127099991 0.07611968368291855 1.0102965831756592
v 0.24762269854545593 0.07792823016643524 1.0273475646972656
v -0.38430991768836975 0.08127933740615845 1.0337324142456055
v -0.23942060768604279 0.08092532306909561 1.0361438989639282
v -0.08672358840703964 0.0725969448685646 0.9404742121696472
v 0.045198507606983185 0.0741310715675354 0.9610670208930969
v 0.19037234783172607 0.07910340279340744 1.0252526998519897
v 0.333141028881073 0.07883402705192566 1.0191181898117065
v -0.29663437604904175 0.08271217346191406 1.0357117652893066
v -0.1349581480026245 0.07272934913635254 0.9184654355049133
v -0.00731470063328743 0.07287067174911499 0.9279168844223022
v 0.1333378106355667 0.08028535544872284 1.0228551626205444
v 0.2765810489654541 0.08061909675598145 1.0230748653411865
v -0.3517764210700989 0.08388704061508179 1.0310696363449097
v -0.2086527943611145 0.08311285823583603 1.0317552089691162
v -0.05709221959114075 0.07289022207260132 0.9076313376426697
v 0.0771242007613182 0.08129407465457916 1.0218311548233032
v 0.21933366358280182 0.0817527174949646 1.0217163562774658
v 0.3602345287799835 0.08142974972724915 1.0101810693740845
v -0.2657950818538666 0.08563067764043808 1.0311685800552368
v -0.10915053635835648 0.07547705620527267 0.9239342212677002
v 0.0200993362814188 0.07728102058172226 0.9505345225334167
v 0.16261281073093414 0.08302037417888641 1.0198813676834106
v 0.30459579825401306 0.08287214487791061 1.0175455808639526
v -0.3211021423339844 0.08648891001939774 1.0293108224868774
v -0.16059334576129913 0.07717946171760559 0.9262896776199341
v -0.03085416927933693 0.07515884190797806 0.904439389705658
v 0.10649005323648453 0.08437807112932205 1.0178043842315674
v 0.24857117235660553 0.08462291955947876 1.018615484237671
v -0.37814611196517944 0.08801553398370743 1.026441216468811
v -0.23419874906539917 0.08767780661582947 1.0264617204666138
v -0.08457334339618683 0.07996143400669098 0.9462681412696838
v 0.04880157485604286 0.08189551532268524 0.971364438533783
v 0.1916690319776535 0.08586755394935608 1.0162273645401
v 0.33313801884651184 0.08583203703165054 1.0105386972427368
v -0.2909187078475952 0.08951101452112198 1.0266149044036865
v -0.1324288696050644 0.07951948791742325 0.9194351434707642
v -0.004499452654272318 0.08012307435274124 0.9304357767105103
v 0.13521525263786316 0.08703522384166718 1.0143804550170898
v 0.2771436274051666 0.08714529126882553 1.0144808292388916
v -0.346041738986969 0.09060288965702057 1.0222773551940918
v -0.20368793606758118 0.08973865211009979 1.0221290588378906
v -0.0543069913983345 0.07926536351442337 0.9039940237998962
v 0.07969118654727936 0.08809945732355118 1.0130233764648438
v 0.2204243242740631 0.08847355842590332 1.0130724906921387
v 0.3602968454360962 0.08801733702421188 1.0018396377563477
v -0.26030808687210083 0.09240980446338654 1.021673321723938
v -0.10696110874414444 0.08247455209493637 0.9272502660751343
v 0.022896582260727882 0.08463708311319351 0.9552233815193176
v 0.16413234174251556 0.08979769796133041 1.010908842086792
v 0.3049948215484619 0.08975496888160706 1.0086395740509033
v -0.3154163360595703 0.09319686144590378 1.0202977657318115
v -0.15792983770370483 0.08393127471208572 0.9265117645263672
v -0.028220759704709053 0.08164535462856293 0.9032609462738037
v 0.1084996834397316 0.09106777608394623 1.008854627609253
v 0.24953614175319672 0.09118781238794327 1.0099924802780151
v -0.3722676634788513 0.09452567249536514 1.018404483795166
v -0.22906695306301117 0.09429726004600525 1.0169501304626465
v -0.0825132504105568 0.08768999576568604 0.9578903913497925
v 0.05350911244750023 0.09246280044317245 1.0062885284423828
v 0.19297988712787628 0.09246651083230972 1.0075527429580688
v 0.33317017555236816 0.09245134890079498 1.0022258758544922
v -0.2853738069534302 0.09624264389276505 1.0175062417984009
v -0.1301114559173584 0.08634113520383835 0.9218048453330994
v -0.0018440386047586799 0.08763092756271362 0.9372714757919312
v 0.13695865869522095 0.09368950873613358 1.0055725574493408
v 0.27775129675865173 0.09364534169435501 1.0060886144638062
v -0.3404397964477539 0.09711259603500366 1.0134764909744263
v -0.19876745343208313 0.09639091044664383 1.012378454208374
v -0.05157628655433655 0.08548172563314438 0.9015663862228394
v 0.08198534697294235 0.09488222002983093 1.0040028095245361
v 0.2215568870306015 0.09504682570695877 1.0047529935836792
v 0.3608092665672302 0.0944441556930542 0.9939990639686584
v -0.2548591196537018 0.09899002313613892 1.0124790668487549
v -0.104988694190979 0.08972927182912827 0.9322197437286377
v 0.025679226964712143 0.09241112321615219 0.9620347619056702
v 0.16562210023403168 0.0963621512055397 1.0022555589675903
v 0.3054716885089874 0.09640627354383469 1.000386357307434
v -0.30987605452537537 0.09984705597162247 1.0113084316253662
v -0.1553969830274582 0.09093125909566879 0.928433358669281
v -0.025608893483877182 0.08812928199768066 0.9031835794448853
v 0.11037232726812363 0.0976237878203392 1.000141978263855
v 0.25048738718032837 0.09768014401197433 1.0015650987625122
v -0.3656497001647949 0.10100934654474258 1.0085073709487915
v -0.22404739260673523 0.10080690681934357 1.0076284408569336
v -0.08081613481044769 0.09642021358013153 0.9747467041015625
v 0.05544835329055786 0.09867538511753082 0.998374879360199
v 0.1942962408065796 0.0989094153046608 0.9992009997367859
v 0.3333832323551178 0.09881996363401413 0.9941829442977905
v -0.27988940477371216 0.1028079092502594 1.0084012746810913
v -0.12802165746688843 0.09329233318567276 0.9258244037628174
v 0.0009351868648082018 0.09776809811592102 0.970902681350708
v 0.13864441215991974 0.10016756504774094 0.9969562888145447
v 0.2784210443496704 0.10000218451023102 0.9977350234985352
v -0.33507463335990906 0.1035732850432396 1.0046758651733398
v -0.19380900263786316 0.10279612988233566 1.0031682252883911
v -0.048890016973018646 0.09181482344865799 0.9002904891967773
v 0.08414251357316971 0.10147365927696228 0.9951621294021606
v 0.22264501452445984 0.10150911659002304 0.9965152144432068
v 0.361407607793808 0.10070328414440155 0.9865027666091919
v -0.2495080977678299 0.10534996539354324 1.0034719705581665
v -0.10330041497945786 0.0975247398018837 0.9400482177734375
v 0.028685595840215683 0.100943423807621 0.9755563139915466
v 0.16710864007472992 0.10272690653800964 0.9939292073249817
v 0.3057421147823334 0.10295428335666656 0.991989254951477
v -0.3044615089893341 0.10633601993322372 1.0024226903915405
v -0.15309061110019684 0.09838138520717621 0.9327456951141357
v -0.022998079657554626 0.09480030089616776 0.9043378233909607
v 0.11226341873407364 0.10401085019111633 0.9916592240333557
v 0.25130128860473633 0.10404212027788162 0.9933745265007019
v -0.3592413663864136 0.10741841048002243 0.9981154799461365
v -0.21911484003067017 0.10713726282119751 0.998652458190918
v -0.07507169246673584 0.09830699115991592 0.9274793267250061
v 0.057827867567539215 0.10502536594867706 0.9901646971702576
v 0.19557368755340576 0.10528459399938583 0.991097629070282
v 0.3338302671909332 0.10500334948301315 0.9863324761390686
v -0.2744803726673126 0.10918223112821579 0.9995245337486267
v -0.12616297602653503 0.10080450773239136 0.9321483373641968
v 0.002894787350669503 0.10659672319889069 0.9859619736671448
v 0.14039093255996704 0.10647930204868317 0.9887672066688538
v 0.2791447639465332 0.10657304525375366 0.9890340566635132
v -0.3295973837375641 0.10984916239976883 0.9961012601852417
v -0.18932171165943146 0.10918883979320526 0.99412602186203
v -0.046280138194561005 0.09828881174325943 0.9001196622848511
v 0.08629822731018066 0.10780900716781616 0.9867249727249146
v 0.22375710308551788 0.1079021468758583 0.9883139729499817
v 0.3623323142528534 0.10698187351226807 0.9791179895401001
v -0.2442922443151474 0.11154653877019882 0.9947687983512878
v -0.1019984781742096 0.10615598410367966 0.9557176828384399
v 0.03179430961608887 0.10898689180612564 0.9847708940505981
v 0.16862906515598297 0.10898742824792862 0.9859256148338318
v 0.3063497543334961 0.10931022465229034 0.9841826558113098
v -0.29908785223960876 0.11263962090015411 0.9937208890914917
v -0.15167079865932465 0.1062924787402153 0.9411729574203491
v -0.020482061430811882 0.10170728713274002 0.907029390335083
v 0.11417809128761292 0.11024666577577591 0.9835613965988159
v 0.25214794278144836 0.11037515848875046 0.9852895736694336
v -0.35303327441215515 0.11395462602376938 0.9828811883926392
v -0.2142580896615982 0.11337379366159439 0.9900133609771729
v -0.07206738740205765 0.10462623834609985 0.9247904419898987
v 0.06021378934383392 0.11133693158626556 0.9818174242973328
v 0.1968584656715393 0.11163264513015747 0.9831602573394775
v 0.33462053537368774 0.11121011525392532 0.9795050621032715
v -0.2692633271217346 0.1153508722782135 0.9909076690673828
v -0.12490028887987137 0.10901480913162231 0.9426958560943604
v 0.0058952379040420055 0.11257907748222351 0.9795522689819336
v 0.14215685427188873 0.11267249286174774 0.9808468222618103
v 0.279767781496048 0.11287102103233337 0.980859100818634
v -0.32416602969169617 0.1160973384976387 0.987869143486023
v -0.18458762764930725 0.11535248905420303 0.9850388765335083
v -0.04373163357377052 0.10489826649427414 0.9012090563774109
v 0.08839882165193558 0.11397471278905869 0.9785490036010742
v 0.22487826645374298 0.11428084969520569 0.9803460240364075
v 0.3637087345123291 0.11358413845300674 0.9726873636245728
v -0.23919324576854706 0.1176561489701271 0.9863986968994141
v -0.10151688754558563 0.11584240943193436 0.9792477488517761
v 0.03445828706026077 0.1151784285902977 0.977078378200531
v 0.17021186649799347 0.11518201231956482 0.9781376123428345
v 0.3064725399017334 0.11519758403301239 0.9718098044395447
v -0.2938573658466339 0.11880775541067123 0.9852650761604309
v -0.15472035109996796 0.11777287721633911 0.9744700789451599
v -0.01798992045223713 0.10887729376554489 0.9117220044136047
v 0.11607815325260162 0.11635354161262512 0.975674033164978
v 0.2531157433986664 0.11662320792675018 0.9772471189498901
v -0.3479473888874054 0.1203286275267601 0.9760732054710388
v -0.20949798822402954 0.11953601241111755 0.9815831780433655
v -0.0689740851521492 0.11153475940227509 0.926473081111908
v 0.06256433576345444 0.1176055297255516 0.9735493063926697
v 0.1980750411748886 0.1179087683558464 0.9754119515419006
v 0.33534306287765503 0.11740516126155853 0.9729688763618469
v -0.2640358805656433 0.12142039835453033 0.982507050037384
v -0.12613897025585175 0.12037212401628494 0.9748291969299316
v 0.008876226842403412 0.11856262385845184 0.9720507264137268
v 0.14393436908721924 0.11875566840171814 0.9731289148330688
v 0.28043943643569946 0.1191457137465477 0.9706295728683472
v -0.3188072443008423 0.122353196144104 0.9797304272651672
v -0.18010291457176208 0.12142925709486008 0.9763129949569702
v -0.04123600944876671 0.11178935319185257 0.9039731621742249
v 0.09046804904937744 0.11999879777431488 0.9706173539161682
v 0.22601346671581268 0.120505191385746 0.9727166295051575
v 0.36657512187957764 0.12142100185155869 0.9660807251930237
v -0.23420478403568268 0.12372089177370071 0.9782633781433105
v -0.0982697382569313 0.12166035175323486 0.9720439314842224
v 0.037090711295604706 0.12135787308216095 0.9690736532211304
v 0.1717945784330368 0.1212790235877037 0.9705042243003845
v 0.3070147931575775 0.12117167562246323 0.9636260271072388
v -0.2887788712978363 0.12483715265989304 0.9770623445510864
v -0.15125738084316254 0.12386661767959595 0.9717336297035217
v -0.015206151641905308 0.11678996682167053 0.9209795594215393
v 0.11798702925443649 0.12236003577709198 0.9679911136627197
v 0.2540563642978668 0.12286750227212906 0.9691319465637207
v -0.34287765622138977 0.12653696537017822 0.9695329070091248
v -0.20485402643680573 0.12562121450901031 0.9733220338821411
v -0.06986632943153381 0.12449196726083755 0.9648519158363342
v 0.06489034742116928 0.1237667128443718 0.965570330619812
v 0.19928595423698425 0.12403257191181183 0.9678446054458618
v 0.336635559797287 0.12364082783460617 0.9664746522903442
v -0.25897008180618286 0.12739406526088715 0.9743724465370178
v -0.12296834588050842 0.12576967477798462 0.968195915222168
v 0.011725937947630882 0.12479912489652634 0.9644173383712769
v 0.14575500786304474 0.12477714568376541 0.9656397700309753
v 0.2811523973941803 0.12528525292873383 0.9615657329559326
v -0.3134360909461975 0.1284501850605011 0.9720857739448547
v -0.17578837275505066 0.12739643454551697 0.9682685136795044
v -0.038884032517671585 0.11921563744544983 0.9089691042900085
v 0.09251490235328674 0.1259353756904602 0.9629259705543518
v 0.22719025611877441 0.12665340304374695 0.965198278427124
v -0.37356874346733093 0.12990370392799377 0.9682149291038513
v -0.22930973768234253 0.12970773875713348 0.9703506231307983
v -0.09455324709415436 0.12757658958435059 0.9644454717636108
v 0.039579056203365326 0.12746188044548035 0.9611819386482239
v 0.1733483523130417 0.12740430235862732 0.9630368947982788
v 0.3075171113014221 0.12697060406208038 0.9559647440910339
v -0.2837901711463928 0.130833238363266 0.9691665768623352
v -0.14710617065429688 0.12952548265457153 0.9639875888824463
v -0.012576332315802574 0.12873543798923492 0.9585199356079102
v 0.11993172764778137 0.12834049761295319 0.9605143666267395
v 0.254984587430954 0.12897217273712158 0.9613715410232544
v -0.33769744634628296 0.13274498283863068 0.9626926183700562
v -0.20028598606586456 0.13154016435146332 0.9653677940368652
v -0.06612445414066315 0.13028541207313538 0.9592745304107666
v 0.06715825945138931 0.12978526949882507 0.9578726291656494
v 0.20056034624576569 0.13009630143642426 0.9605081677436829
v 0.3382159471511841 0.1298275589942932 0.9605221748352051
v -0.2540583610534668 0.13331922888755798 0.9664778113365173
v -0.1190357431769371 0.13155241310596466 0.9605973362922668
v 0.014350294135510921 0.13082154095172882 0.9567631483078003
v 0.147569477558136 0.13080374896526337 0.9583121538162231
v 0.28198838233947754 0.13139434158802032 0.9529346823692322
v -0.3081270158290863 0.1346285194158554 0.9647663235664368
v -0.17157240211963654 0.13329973816871643 0.9604718089103699
v -0.036711856722831726 0.12726780772209167 0.9188826084136963
v 0.09452860802412033 0.13183216750621796 0.9554272294044495
v 0.22841419279575348 0.13261167705059052 0.9577921032905579
v -0.3639298379421234 0.13611477613449097 0.9632028341293335
v -0.22455748915672302 0.13557054102420807 0.9626378417015076
v -0.09091861546039581 0.13358458876609802 0.9565193057060242
v 0.04200882464647293 0.13345378637313843 0.9535091519355774
v 0.17478692531585693 0.1334339678287506 0.9557836651802063
v 0.30821776390075684 0.1326734870672226 0.9486091732978821
v -0.27896589040756226 0.1368412971496582 0.9614512920379639
v -0.14316020905971527 0.135359525680542 0.9564428925514221
v -0.010356002487242222 0.13432534039020538 0.9517793655395508
v 0.1218705028295517 0.13432914018630981 0.9531931281089783
v 0.25588497519493103 0.13524898886680603 0.9513576030731201
v -0.33256542682647705 0.13892219960689545 0.9561206102371216
v -0.19587327539920807 0.1373303234577179 0.957618236541748
v -0.06254391372203827 0.13582605123519897 0.952221155166626
v 0.06933989375829697 0.13567934930324554 0.9504359364509583
v 0.20178893208503723 0.13592730462551117 0.9532338976860046
v 0.33823561668395996 0.1357007622718811 0.9526923894882202
v -0.24925583600997925 0.1391983926296234 0.9587833285331726
v -0.11534783244132996 0.1374368965625763 0.9529364705085754
v 0.016999902203679085 0.13678915798664093 0.9493048787117004
v 0.14928895235061646 0.13677483797073364 0.9510762691497803
v 0.2828744053840637 0.13734909892082214 0.9455822110176086
v -0.30311354994773865 0.14076638221740723 0.9577398300170898
v -0.16741900146007538 0.13911812007427216 0.9528675675392151
v -0.03485747054219246 0.1383110135793686 0.947533130645752
v 0.09652385860681534 0.13774093985557556 0.9481246471405029
v 0.22930534183979034 0.13869956135749817 0.9497041702270508
v -0.35851824283599854 0.14258411526679993 0.957917332649231
v -0.2199994921684265 0.1413458287715912 0.955027163028717
v -0.08737042546272278 0.13947145640850067 0.9488705992698669
v 0.04439476132392883 0.13929443061351776 0.9461424946784973
v 0.17612971365451813 0.1393081396818161 0.9486861824989319
v 0.3089982569217682 0.13874530792236328 0.9416157007217407
v -0.2741411030292511 0.14288273453712463 0.9541445374488831
v -0.13935257494449615 0.14122340083122253 0.9489399790763855
v -0.007664430420845747 0.14003179967403412 0.9448229670524597
v 0.12377053499221802 0.14029636979103088 0.9460776448249817
v 0.25700628757476807 0.14130885899066925 0.9433016777038574
v -0.3271692395210266 0.14486299455165863 0.9489904046058655
v -0.19156423211097717 0.14304426312446594 0.9500852227210999
v -0.05934948846697807 0.14149652421474457 0.9445647597312927
v 0.0714743435382843 0.14148980379104614 0.9432809352874756
v 0.20280107855796814 0.14208731055259705 0.9463963508605957
v 0.33826714754104614 0.14177154004573822 0.9449873566627502
v -0.24454817175865173 0.14501722157001495 0.951302707195282
v -0.1116938441991806 0.1432870328426361 0.9455001950263977
v 0.019640002399683 0.14261534810066223 0.94211745262146
v 0.15099264681339264 0.14266246557235718 0.9440321326255798
v 0.2839207053184509 0.14323627948760986 0.9391939640045166
v -0.298269122838974 0.14693039655685425 0.9510816335678101
v -0.16331028938293457 0.14487899839878082 0.9456412196159363
v -0.03200744464993477 0.1436067819595337 0.9405546188354492
v 0.09852065145969391 0.14363090693950653 0.941128671169281
v 0.23045890033245087 0.14467135071754456 0.9421672224998474
v -0.3539864718914032 0.14931681752204895 0.9532897472381592
v -0.2155332714319229 0.1470290571451187 0.9476185441017151
v -0.08389563858509064 0.14520981907844543 0.9415066838264465
v 0.04679645597934723 0.14504794776439667 0.9390718936920166
v 0.1775742620229721 0.14512299001216888 0.9419147372245789
v 0.31020140647888184 0.14427317678928375 0.9354295134544373
v -0.2693576514720917 0.14890487492084503 0.9473063349723816
v -0.13559944927692413 0.1470036506652832 0.9416804909706116
v -0.004903510678559542 0.1457253247499466 0.937886655330658
v 0.12567129731178284 0.14619295299053192 0.9391891956329346
v 0.25835201144218445 0.14726956188678741 0.9364638924598694
v -0.3216193914413452 0.1504344940185547 0.9415208101272583
v -0.1873597353696823 0.14877694845199585 0.9428832530975342
v -0.05623704940080643 0.14711377024650574 0.9371155500411987
v 0.07363120466470718 0.14727284014225006 0.9363782405853271
v 0.203823521733284 0.147990882396698 0.93946373462677
v 0.33398357033729553 0.1460990607738495 0.9222943782806396
v -0.23998147249221802 0.15071041882038116 0.9441486597061157
v -0.10806150734424591 0.14905157685279846 0.93828946352005
v 0.022258810698986053 0.14833499491214752 0.9351462125778198
v 0.15265187621116638 0.14849278330802917 0.9372127056121826
v 0.2853415906429291 0.1486498862504959 0.9334995746612549
v -0.2932615280151367 0.15323887765407562 0.9418463706970215
v -0.1592826098203659 0.15061964094638824 0.9386025667190552
v -0.029058190062642097 0.1491677463054657 0.933788537979126
v 0.10051839798688889 0.14947329461574554 0.9343278408050537
v 0.2319878786802292 0.15054982900619507 0.9349762201309204
v -0.3495157063007355 0.15573832392692566 0.9485443830490112
v -0.21121300756931305 0.15271930396556854 0.9403210878372192
v -0.08050902187824249 0.15089353919029236 0.9342512488365173
v 0.049179598689079285 0.15070858597755432 0.9322534799575806
v 0.1791401505470276 0.15079793334007263 0.9352663159370422
v 0.3116637170314789 0.14989317953586578 0.9296559691429138
v -0.26459309458732605 0.15474379062652588 0.9407078623771667
v -0.1318989247083664 0.15267831087112427 0.934628427028656
v -0.002174818655475974 0.15139150619506836 0.9310864806175232
v 0.12752293050289154 0.15189853310585022 0.9325141310691833
v 0.2600501775741577 0.15267886221408844 0.9307756423950195
v -0.3166588246822357 0.1563190072774887 0.9352467060089111
v -0.18329375982284546 0.15453572571277618 0.9359296560287476
v -0.05327502265572548 0.152769535779953 0.9300023913383484
v 0.07580257952213287 0.15292856097221375 0.9296985268592834
v 0.2052386999130249 0.15372955799102783 0.9321653842926025
v 0.3352130651473999 0.15211859345436096 0.9165624380111694
v -0.2355683445930481 0.1564190685749054 0.9370926022529602
v -0.10446622967720032 0.1547016203403473 0.9311678409576416
v 0.024828964844346046 0.15399163961410522 0.9283126592636108
v 0.1542447805404663 0.15429635345935822 0.9305230379104614
v 0.2872260510921478 0.15400442481040955 0.9286342859268188
v -0.28854501247406006 0.15907473862171173 0.9359102845191956
v -0.15536724030971527 0.15630115568637848 0.931728720664978
v -0.026278160512447357 0.1547427773475647 0.9269727468490601
v 0.10250971466302872 0.1551215499639511 0.9277197122573853
v 0.23395299911499023 0.15622377395629883 0.9283537268638611
v -0.3438650965690613 0.16166315972805023 0.9420768022537231
v -0.20710626244544983 0.1584140658378601 0.9332626461982727
v -0.07720537483692169 0.1564994901418686 0.9270653128623962
v 0.05152333155274391 0.15632200241088867 0.9256370067596436
v 0.18054400384426117 0.15675443410873413 0.9286453127861023
v 0.31304270029067993 0.15560565888881683 0.9239320158958435
v -0.25985831022262573 0.16049015522003174 0.934424877166748
v -0.12827056646347046 0.15823976695537567 0.927830696105957
v 0.0005495604709722102 0.15707674622535706 0.9244166016578674
v 0.129376620054245 0.15759624540805817 0.9261726140975952
v 0.26198846101760864 0.1581343114376068 0.9262893795967102
v -0.3114154040813446 0.16185592114925385 0.9291448593139648
v -0.17933732271194458 0.16022978723049164 0.9292299747467041
v -0.0503508634865284 0.15842030942440033 0.9231550097465515
v 0.07796492427587509 0.1585269570350647 0.9232019186019897
v 0.2069559395313263 0.159389927983284 0.9252297878265381
v 0.33713555335998535 0.1582922339439392 0.9129936695098877
v -0.2312650829553604 0.16216161847114563 0.9302095174789429
v -0.10094529390335083 0.16023191809654236 0.9242054224014282
v 0.027338776737451553 0.15960602462291718 0.9216572046279907
v 0.1558573991060257 0.1600649356842041 0.9242250323295593
v 0.2891416549682617 0.15907897055149078 0.924054741859436
v -0.2839968800544739 0.1647333800792694 0.9302628636360168
v -0.15155424177646637 0.16187335550785065 0.9250958561897278
v -0.02345305308699608 0.1603538990020752 0.9203460216522217
v 0.10451837629079819 0.16078177094459534 0.9215261340141296
v 0.23564228415489197 0.16178137063980103 0.9228498935699463
v -0.33411848545074463 0.1651482731103897 0.9208868145942688
v -0.20304983854293823 0.1640797108411789 0.9264962673187256
v -0.07402509450912476 0.1620367467403412 0.9200944900512695
v 0.05382369086146355 0.1618737131357193 0.9191499352455139
v 0.1818796992301941 0.16257734596729279 0.9215308427810669
v 0.3147870600223541 0.16110120713710785 0.9193187952041626
v -0.2554456889629364 0.16643096506595612 0.9273288249969482
v -0.12472540140151978 0.16373702883720398 0.9212639927864075
v 0.003270123852416873 0.16277094185352325 0.9179363250732422
v 0.13134987652301788 0.16319404542446136 0.920140266418457
v 0.2639811336994171 0.1641063392162323 0.9232893586158752
v -0.3062538504600525 0.1672053039073944 0.9237664341926575
v -0.1754455715417862 0.16581431031227112 0.9227278828620911
v -0.047427646815776825 0.16407108306884766 0.9164780378341675
v 0.08013945817947388 0.16410432755947113 0.916907012462616
v 0.20885349810123444 0.1650337129831314 0.918488085269928
v 0.338962584733963 0.16429561376571655 0.908374547958374
v -0.22704672813415527 0.16788652539253235 0.9235638380050659
v -0.09753861278295517 0.16567076742649078 0.9173538088798523
v 0.02979469671845436 0.165132075548172 0.9151302576065063
v 0.15746758878231049 0.16581349074840546 0.9181627035140991
v 0.2908385992050171 0.16385069489479065 0.9203973412513733
v -0.27926361560821533 0.1702558696269989 0.9241757392883301
v -0.14787201583385468 0.16739673912525177 0.918632984161377
v -0.02061937376856804 0.16597121953964233 0.9139192700386047
v 0.10652336478233337 0.1664026379585266 0.9154706001281738
v 0.23773479461669922 0.16692233085632324 0.9175590872764587
v -0.3296925127506256 0.17089317739009857 0.916364312171936
v -0.1989666074514389 0.1696782112121582 0.9199214577674866
v -0.07092159986495972 0.1675286740064621 0.9133618474006653
v 0.05607059225440025 0.16734275221824646 0.9127182960510254
v 0.1833622306585312 0.1683332324028015 0.9148703813552856
v 0.3163312077522278 0.16627392172813416 0.91435706615448
v -0.2510514259338379 0.17217004299163818 0.9212307929992676
v -0.1212531328201294 0.16921116411685944 0.9147440195083618
v 0.005942038260400295 0.1683608740568161 0.9115508794784546
v 0.1331907957792282 0.16882027685642242 0.9140299558639526
v 0.26512664556503296 0.16964367032051086 0.9178828001022339
v -0.3016720116138458 0.17303894460201263 0.9192293286323547
v -0.17157089710235596 0.1714160442352295 0.9162769913673401
v -0.04446393623948097 0.1696072816848755 0.9100140333175659
v 0.08223266899585724 0.16963978111743927 0.9107649922370911
v 0.2107621431350708 0.17056922614574432 0.9127357006072998
v 0.3416092097759247 0.16946054995059967 0.901536226272583
v -0.22291675209999084 0.17352008819580078 0.9172139763832092
v -0.09425599128007889 0.17106205224990845 0.9106472134590149
v 0.03220057114958763 0.17054253816604614 0.9087157249450684
v 0.15899528563022614 0.17128977179527283 0.9121372699737549
v 0.2910352349281311 0.16953906416893005 0.9133692979812622
v -0.2737163305282593 0.1757938712835312 0.9173082113265991
v -0.1443261057138443 0.17287729680538177 0.9123050570487976
v -0.017837021499872208 0.17155760526657104 0.9077482223510742
v 0.10848380625247955 0.17208416759967804 0.9092826843261719
v 0.24027806520462036 0.17135904729366302 0.9131742715835571
v -0.3254609704017639 0.17679926753044128 0.9121211171150208
v -0.19499807059764862 0.17524100840091705 0.9133463501930237
v -0.06786800175905228 0.17297840118408203 0.9069395661354065
v 0.05828118696808815 0.17279601097106934 0.9065027236938477
v 0.18504472076892853 0.17399586737155914 0.9089811444282532
v 0.3178296387195587 0.17199201881885529 0.9091557264328003
v -0.24681232869625092 0.1778670698404312 0.9151831269264221
v -0.11780382692813873 0.1746593862771988 0.9083218574523926
v 0.00857866182923317 0.17388877272605896 0.9053241014480591
v 0.13479728996753693 0.1745927929878235 0.9082539677619934
v 0.2891042232513428 0.18423809111118317 1.0289649963378906
v -0.29658645391464233 0.1787559986114502 0.9138472676277161
v -0.16783086955547333 0.1769542247056961 0.9100728631019592
v -0.04153132066130638 0.17505629360675812 0.9038920402526855
v 0.08436058461666107 0.17522025108337402 0.9048384428024292
v 0.21255233883857727 0.17595213651657104 0.907322108745575
v 0.34368106722831726 0.17551904916763306 0.8937861323356628
v -0.21885177493095398 0.17914079129695892 0.9110956192016602
v -0.0910688042640686 0.17643596231937408 0.9041849374771118
v 0.03460749238729477 0.17599233984947205 0.9025768637657166
v 0.1605653613805771 0.17704010009765625 0.9067682027816772
v 0.290875107049942 0.17698197066783905 0.9069860577583313
v -0.2685185372829437 0.18130293488502502 0.910986065864563
v -0.14089420437812805 0.17831212282180786 0.9061530828475952
v -0.015127970837056637 0.17708338797092438 0.9018101096153259
v 0.11042672395706177 0.1777622550725937 0.9035782814025879
v 0.25737839937210083 0.18343234062194824 0.9954978823661804
v -0.32067573070526123 0.1821933388710022 0.907876193523407
v -0.1911836713552475 0.1807069629430771 0.9070639610290527
v -0.0648379921913147 0.17838618159294128 0.9007998108863831
v 0.06058014556765556 0.17836210131645203 0.9006808400154114
v 0.18683412671089172 0.17961330711841583 0.9033921957015991
v 0.31928661465644836 0.17762881517410278 0.9051967859268188
v -0.24251492321491241 0.18349406123161316 0.9088753461837769
v -0.11442794650793076 0.18005622923374176 0.9019927382469177
v 0.011191482655704021 0.17939336597919464 0.8992843627929688
v 0.13642668724060059 0.1801411658525467 0.902657151222229
v 0.2910839319229126 0.19463372230529785 1.012369990348816
v -0.2914840579032898 0.18507348001003265 0.910264253616333
v -0.1641053408384323 0.18242451548576355 0.9039632678031921
v -0.038654930889606476 0.1804582178592682 0.8979994654655457
v 0.08653993904590607 0.18071219325065613 0.8989809155464172
v 0.2143440693616867 0.18114294111728668 0.9021407961845398
v -0.3503657579421997 0.18535320460796356 0.9019179940223694
v -0.21485599875450134 0.18472449481487274 0.9043452143669128
v -0.08791977167129517 0.18177245557308197 0.8978760242462158
v 0.037022657692432404 0.18150025606155396 0.8967645168304443
v 0.16247141361236572 0.18257862329483032 0.901218593120575
v 0.32652127742767334 0.1956651657819748 1.0407480001449585
v -0.26342591643333435 0.18684083223342896 0.9044698476791382
v -0.13748784363269806 0.18369872868061066 0.899865448474884
v -0.012496709823608398 0.1824909895658493 0.8959660530090332
v 0.11224977672100067 0.1831912398338318 0.8979150652885437
v 0.25876712799072266 0.19221007823944092 0.9967625141143799
v -0.3161498010158539 0.18770314753055573 0.9038624167442322
v -0.1873386651277542 0.18611487746238708 0.901000440120697
v -0.06185997277498245 0.18372532725334167 0.8948239684104919
v 0.06289473921060562 0.1839040368795395 0.8948826789855957
v 0.18869392573833466 0.18501457571983337 0.898428738117218
v 0.32014745473861694 0.18323233723640442 0.9010682106018066
v -0.23840515315532684 0.1888493448495865 0.903152346611023
v -0.11115933954715729 0.1854204535484314 0.895714282989502
v 0.013730326667428017 0.18482491374015808 0.8933792114257812
v 0.13829463720321655 0.18564823269844055 0.8976516127586365
v 0.29448941349983215 0.20531512796878815 1.0020811557769775
v -0.3182787299156189 0.19789887964725494 0.9735504388809204
v -0.16038209199905396 0.18785801529884338 0.8975806832313538
v -0.03587838262319565 0.1857486218214035 0.8923357129096985
v 0.08860903233289719 0.18621306121349335 0.8935351967811584
v 0.2163614183664322 0.18658117949962616 0.8972423076629639
v -0.34339073300361633 0.19062450528144836 0.8972244262695312
v -0.21089082956314087 0.18995651602745056 0.8984278440475464
v -0.08480755984783173 0.18701811134815216 0.8918002843856812
v 0.03936567157506943 0.1870322823524475 0.8911132216453552
v 0.164585143327713 0.18816164135932922 0.8959404826164246
v 0.3312758505344391 0.2078227996826172 1.0387628078460693
v -0.2591235339641571 0.19187775254249573 0.8983612060546875
v -0.13404640555381775 0.1891438066959381 0.8936219811439514
v -0.009924405254423618 0.18785151839256287 0.8903024792671204
v 0.11404091864824295 0.18862071633338928 0.8930169939994812
v 0.2613492012023926 0.20201712846755981 0.9958813786506653
v -0.3115534484386444 0.19335967302322388 0.898740828037262
v -0.18363907933235168 0.19161953032016754 0.8950685262680054
v -0.058932848274707794 0.1890055388212204 0.8891909718513489
v 0.0652243047952652 0.1894630789756775 0.8891612887382507
v 0.19057036936283112 0.19046427309513092 0.8939599394798279
v 0.3204956650733948 0.18856465816497803 0.8957752585411072
v -0.2344816029071808 0.19406269490718842 0.8975950479507446
v -0.10790472477674484 0.19073796272277832 0.889753520488739
v 0.016188524663448334 0.19039344787597656 0.8881341814994812
v 0.13989336788654327 0.1913926601409912 0.8934817910194397
v 0.2985187768936157 0.2147582769393921 0.9975549578666687
v -0.3269534707069397 0.20575515925884247 0.981133222579956
v -0.15693224966526031 0.19333291053771973 0.8918459415435791
v -0.03313637897372246 0.1910674124956131 0.8870043754577637
v 0.09060748666524887 0.19169214367866516 0.8879358768463135
v 0.21830733120441437 0.1912889927625656 0.8922690749168396
v -0.3377147912979126 0.19637377560138702 0.8916894197463989
v -0.20711085200309753 0.1952185332775116 0.8926706314086914
v -0.08175056427717209 0.19228336215019226 0.8861823678016663
v 0.04174155741930008 0.19273650646209717 0.8856831192970276
v 0.1663951873779297 0.19386930763721466 0.8913702368736267
v 0.3337983787059784 0.21833758056163788 1.0291850566864014
v -0.25549259781837463 0.1966579109430313 0.8931010961532593
v -0.13075140118598938 0.19450555741786957 0.8878368735313416
v -0.007306857965886593 0.1932590901851654 0.8850138187408447
v 0.11590591073036194 0.19423554837703705 0.8888402581214905
v 0.26444223523139954 0.2112894058227539 0.9995318055152893
v -0.30673760175704956 0.19909539818763733 0.8935102820396423
v -0.18004034459590912 0.1969757229089737 0.8891258239746094
v -0.05599142983555794 0.19422434270381927 0.8839027285575867
v 0.06745261698961258 0.19498835504055023 0.8837481141090393
v 0.19237935543060303 0.19588366150856018 0.8896399736404419
v 0.3212476372718811 0.1942334771156311 0.8895466327667236
v -0.23073652386665344 0.19940263032913208 0.8923834562301636
v -0.10455673933029175 0.19599668681621552 0.884023904800415
v 0.018596921116113663 0.1958804428577423 0.8829031586647034
v 0.14440815150737762 0.19865983724594116 0.8983682990074158
v 0.3024250268936157 0.22341570258140564 0.9924752712249756
v -0.3197367489337921 0.21214820444583893 0.970091700553894
v -0.15349799394607544 0.19852524995803833 0.886062741279602
v -0.030378594994544983 0.1962890625 0.8818045258522034
v 0.0925399661064148 0.19724424183368683 0.8828446865081787
v 0.22033971548080444 0.19606813788414001 0.8874637484550476
v -0.3324517607688904 0.20163799822330475 0.8857409954071045
v -0.20329967141151428 0.20052480697631836 0.887277364730835
v -0.07865027338266373 0.1974598616361618 0.8807316422462463
v 0.04411984607577324 0.19811269640922546 0.8802118301391602
v 0.16842277348041534 0.19946053624153137 0.8864614963531494
v 0.33475276827812195 0.22967086732387543 1.009008526802063
v -0.25250574946403503 0.2027389258146286 0.8891004323959351
v -0.1273719072341919 0.19979971647262573 0.8821011185646057
v -0.004773183725774288 0.19892238080501556 0.8800855278968811
v 0.11780797690153122 0.20004326105117798 0.8848177790641785
v 0.2625260055065155 0.2181788980960846 0.9871785044670105
v -0.30217063426971436 0.2050853967666626 0.8896896839141846
v -0.17627979815006256 0.20216816663742065 0.8835263848304749
v -0.05304187536239624 0.19937735795974731 0.8786309361457825
v 0.06961134076118469 0.20040006935596466 0.8786086440086365
v 0.19446344673633575 0.20116235315799713 0.8852148652076721
v 0.3211824297904968 0.19989582896232605 0.8786405920982361
v -0.22692227363586426 0.20471636950969696 0.8871861100196838
v -0.10127964615821838 0.2011093944311142 0.8782413005828857
v 0.02115403488278389 0.20137585699558258 0.8776452541351318
v 0.146694153547287 0.20442873239517212 0.8941363096237183
v 0.3057042956352234 0.23286330699920654 0.9892498850822449
v -0.30807703733444214 0.21934540569782257 0.9568274021148682
v -0.14994457364082336 0.20371995866298676 0.8801571130752563
v -0.027774831280112267 0.20171082019805908 0.8768973350524902
v 0.09461337327957153 0.2027665376663208 0.8782154321670532
v 0.22258898615837097 0.20131200551986694 0.8826561570167542
v -0.32752248644828796 0.20711475610733032 0.8809061050415039
v -0.1993836611509323 0.20583562552928925 0.8819457292556763
v -0.07560603320598602 0.20276282727718353 0.8752255439758301
v 0.046489231288433075 0.20351877808570862 0.8752116560935974
v 0.17069071531295776 0.20456397533416748 0.880597710609436
v 0.33645519614219666 0.2394208014011383 0.9981991052627563
v -0.24926716089248657 0.2091132253408432 0.8845067024230957
v -0.12405551224946976 0.20497897267341614 0.8764241933822632
v -0.002287084236741066 0.2043602466583252 0.8747110962867737
v 0.11976952105760574 0.20590740442276 0.8802857995033264
v 0.2502155601978302 0.19834184646606445 0.8816569447517395
v -0.31658878922462463 0.21629516780376434 0.9291191101074219
v -0.1726808398962021 0.20741158723831177 0.8780129551887512
v -0.05039006099104881 0.20462696254253387 0.8736753463745117
v 0.07167947292327881 0.20594395697116852 0.8739955425262451
v 0.19688785076141357 0.2064926028251648 0.8805384039878845
v 0.3412618935108185 0.21571984887123108 0.9463303089141846
v -0.2230289727449417 0.21010957658290863 0.881743848323822
v -0.09820801019668579 0.20632337033748627 0.8723057508468628
v 0.023709747940301895 0.20693232119083405 0.872246503829956
v 0.1492164433002472 0.20968399941921234 0.8897275328636169
v 0.3087020218372345 0.2424938976764679 0.9921433925628662
v -0.2978833019733429 0.22509343922138214 0.9446159601211548
v -0.14644497632980347 0.2088361233472824 0.8755610585212708
v -0.02524638921022415 0.2070947289466858 0.8725637793540955
v 0.09667433798313141 0.20838195085525513 0.8738176822662354
v 0.2249373346567154 0.20662923157215118 0.8790364265441895
v -0.32242053747177124 0.21276386082172394 0.8770283460617065
v -0.195779949426651 0.2113223820924759 0.8766504526138306
v -0.07264230400323868 0.20788609981536865 0.8696607351303101
v 0.04873690381646156 0.20900914072990417 0.8705433011054993
v 0.17279087007045746 0.20893904566764832 0.8745858669281006
v 0.3379236161708832 0.24746422469615936 0.9943979978561401
v -0.2454366385936737 0.2146599441766739 0.8791165351867676
v -0.12076252698898315 0.21020735800266266 0.8702959418296814
v 0.00041789907845668495 0.20986822247505188 0.8694759607315063
v 0.12244676053524017 0.21125918626785278 0.8744370341300964
v 0.251414030790329 0.20513233542442322 0.8764548301696777
v -0.31156355142593384 0.22150924801826477 0.920820415019989
v -0.16918987035751343 0.2126781940460205 0.8722373247146606
v -0.04782853648066521 0.20988811552524567 0.8688812255859375
v 0.07372671365737915 0.21144361793994904 0.8694809675216675
v 0.19954074919223785 0.21136540174484253 0.8754439353942871
v 0.3374437093734741 0.22205644845962524 0.9276917576789856
v -0.2191806584596634 0.21568627655506134 0.8758473992347717
v -0.09513681381940842 0.2113724648952484 0.8667982220649719
v 0.026231219992041588 0.2123570591211319 0.8666421175003052
v 0.14913100004196167 0.21257536113262177 0.8702017068862915
v 0.3061886727809906 0.25143158435821533 0.9942692518234253
v -0.2843959927558899 0.2277563065290451 0.9190442562103271
v -0.14305168390274048 0.2139730006456375 0.8678099513053894
v -0.022458890452980995 0.21252459287643433 0.8677854537963867
v 0.09883377701044083 0.21383562684059143 0.8694310188293457
v 0.22680871188640594 0.21221816539764404 0.8749217391014099
v -0.3173890709877014 0.2184704691171646 0.8732059001922607
v -0.19217421114444733 0.21662643551826477 0.8707699775695801
v -0.0696621760725975 0.21309973299503326 0.8644295930862427
v 0.05109036713838577 0.2143806517124176 0.8658844828605652
v 0.17479853332042694 0.214008167386055 0.8687294125556946
v 0.33401063084602356 0.25259366631507874 0.9966214895248413
v -0.24205465614795685 0.22024132311344147 0.8744719624519348
v -0.11756009608507156 0.21504399180412292 0.8646509647369385
v 0.003278282703831792 0.2152213156223297 0.864639937877655
v 0.12525051832199097 0.21653544902801514 0.8685317039489746
v 0.25261548161506653 0.21298463642597198 0.8717169165611267
v -0.28827202320098877 0.22050783038139343 0.8695396184921265
v -0.16564908623695374 0.21792757511138916 0.8666336536407471
v -0.04498826339840889 0.21534202992916107 0.8637555837631226
v 0.0760168805718422 0.2167893350124359 0.8649544715881348
v 0.2018178552389145 0.21624347567558289 0.8700393438339233
v 0.3368583023548126 0.22717070579528809 0.9085176587104797
v -0.2152385264635086 0.2207707166671753 0.8702324628829956
v -0.09195302426815033 0.2164919227361679 0.8615474700927734
v 0.02868470922112465 0.21763771772384644 0.8620390892028809
v 0.15090243518352509 0.2182532548904419 0.865472137928009
v 0.29428723454475403 0.2497067153453827 0.9693590998649597
v -0.26229313015937805 0.2233424037694931 0.8703197836875916
v -0.13959012925624847 0.21884742379188538 0.8623934984207153
v -0.01952727884054184 0.2180882692337036 0.862014889717102
v 0.10089213401079178 0.21928156912326813 0.8646035194396973
v 0.22835735976696014 0.21851764619350433 0.8698079586029053
v -0.31250879168510437 0.22411619126796722 0.8686931133270264
v -0.18869920074939728 0.22219213843345642 0.8648306727409363
v -0.06661558896303177 0.21846243739128113 0.8594229221343994
v 0.05354864150285721 0.2197195440530777 0.8615594506263733
v 0.17639242112636566 0.21920064091682434 0.8621654510498047
v 0.29908663034439087 0.21368245780467987 0.8603475093841553
v -0.23817290365695953 0.22552168369293213 0.8691874742507935
v -0.11443974077701569 0.22005817294120789 0.8594489097595215
v 0.006078989710658789 0.2206728607416153 0.8602796792984009
v 0.1273689717054367 0.22180627286434174 0.863032341003418
v 0.2531774640083313 0.22060519456863403 0.8670246601104736
v -0.28500422835350037 0.22713181376457214 0.8659579753875732
v -0.161962628364563 0.2232430875301361 0.8613473176956177
v -0.04230117425322533 0.22122493386268616 0.8588477373123169
v 0.0781393051147461 0.2223193198442459 0.8605440855026245
v 0.2037588506937027 0.22174501419067383 0.8642374277114868
v 0.339264839887619 0.23298943042755127 0.8952536582946777
v -0.2112676501274109 0.22620834410190582 0.8647881150245667
v -0.08868852257728577 0.22178219258785248 0.856389045715332
v 0.031068073585629463 0.22298966348171234 0.8581522703170776
v 0.15189820528030396 0.22389093041419983 0.8594332933425903
v 0.2775322198867798 0.2210664600133896 0.859592080116272
v -0.25926169753074646 0.22971820831298828 0.8652468919754028
v -0.13631470501422882 0.22409175336360931 0.8573355078697205
v -0.016483884304761887 0.2238006442785263 0.8561537861824036
v 0.10294695198535919 0.22467045485973358 0.859020471572876
v 0.2296142280101776 0.22547443211078644 0.864725649356842
v -0.3079656958580017 0.22996164858341217 0.8640087842941284
v -0.1850908249616623 0.22761733829975128 0.8590455055236816
v -0.06370194256305695 0.22412246465682983 0.8545103669166565
v 0.05599481239914894 0.22525301575660706 0.8572005033493042
v 0.17723771929740906 0.2246646285057068 0.8543203473091125
v 0.2996547818183899 0.22508865594863892 0.8560497760772705
v -0.23365427553653717 0.2308843433856964 0.863050103187561
v -0.1113845482468605 0.22522254288196564 0.8540398478507996
v 0.00880008190870285 0.22620373964309692 0.8558496832847595
v 0.12921279668807983 0.2271410971879959 0.8565928339958191
v 0.2542215883731842 0.2280246913433075 0.8620824813842773
v -0.280842125415802 0.23318415880203247 0.8614649772644043
v -0.15833772718906403 0.22883504629135132 0.8554020524024963
v -0.03932725265622139 0.2269553542137146 0.8520524501800537
v 0.08041053265333176 0.22780741751194 0.855313777923584
v 0.20496828854084015 0.22880204021930695 0.8590397238731384
v 0.3455438017845154 0.2413381040096283 0.8871323466300964
v -0.2073114961385727 0.23175746202468872 0.8575397729873657
v -0.08549035340547562 0.22729384899139404 0.8506244421005249
v 0.03364391624927521 0.22845934331417084 0.8534523844718933
v 0.15298734605312347 0.22930099070072174 0.8526644110679626
v 0.2781248092651367 0.2308463454246521 0.8547229170799255
v -0.25529101490974426 0.2354365438222885 0.858997642993927
v -0.13308052718639374 0.22959008812904358 0.8509848117828369
v -0.013317006640136242 0.2295428365468979 0.8501173257827759
v 0.10544881224632263 0.23015035688877106 0.8499647974967957
v 0.23055928945541382 0.23276109993457794 0.8588846325874329
v -0.30332985520362854 0.23558546602725983 0.8574563264846802
v -0.18094928562641144 0.2329341322183609 0.8514065146446228
v -0.06055702641606331 0.2298174351453781 0.8486125469207764
v 0.05847853049635887 0.23087914288043976 0.8515953421592712
v 0.1785130500793457 0.2317100167274475 0.844833493232727
v 0.2999211549758911 0.23352645337581635 0.8495431542396545
v -0.22879363596439362 0.23615007102489471 0.8548892140388489
v -0.10807575285434723 0.23074378073215485 0.8473252058029175
v 0.011503446847200394 0.23172467947006226 0.849974513053894
v 0.1308356076478958 0.2326047420501709 0.8482771515846252
v 0.2547626793384552 0.23531194031238556 0.8535573482513428
v -0.27540671825408936 0.23830465972423553 0.8524909615516663
v -0.15443207323551178 0.23408716917037964 0.8478912711143494
v -0.03570469841361046 0.2333385944366455 0.8563215136528015
v 0.08304936438798904 0.23340128362178802 0.8471617102622986
v 0.20556360483169556 0.23599740862846375 0.8490141034126282
v -0.3536844849586487 0.24455182254314423 0.8810482621192932
v -0.20176410675048828 0.23704026639461517 0.8454750180244446
v -0.08194803446531296 0.23291055858135223 0.8436456322669983
v 0.03652365505695343 0.2337632030248642 0.8475362062454224
v 0.1546359360218048 0.23490682244300842 0.8432841300964355
v 0.27759870886802673 0.23766665160655975 0.8455860018730164
v -0.24944725632667542 0.24019962549209595 0.847619354724884
v -0.12946482002735138 0.23507224023342133 0.8432987332344055
v -0.010784938000142574 0.23566529154777527 0.852764368057251
v 0.10777043551206589 0.23584911227226257 0.8362636566162109
v 0.23103496432304382 0.23880113661289215 0.8477280735969543
v -0.30045387148857117 0.24160775542259216 0.8579893708229065
v -0.1759173721075058 0.2382732778787613 0.8405345678329468
v -0.05683562904596329 0.23533889651298523 0.8415858149528503
v 0.06158549711108208 0.236262708902359 0.8433957695960999
v 0.179988294839859 0.23784390091896057 0.8308779001235962
v 0.30281105637550354 0.23990346491336823 0.860119104385376
v -0.22281703352928162 0.24136051535606384 0.8414434194564819
v -0.10406246036291122 0.23663239181041718 0.8394702672958374
v 0.014641998335719109 0.23702195286750793 0.8430336713790894
v 0.1330970972776413 0.23820221424102783 0.8381882905960083
v 0.255034476518631 0.24104857444763184 0.8419749736785889
v -0.2740107476711273 0.2442551851272583 0.8604105710983276
v -0.15021604299545288 0.2391459047794342 0.8389565944671631
v -0.03325644135475159 0.23887664079666138 0.8499173521995544
v 0.08463454991579056 0.23903720080852509 0.8498855829238892
v 0.2079787254333496 0.24205107986927032 0.8355576395988464
v -0.33881786465644836 0.2535657584667206 0.8658807277679443
v -0.2018042653799057 0.24406525492668152 0.8575327396392822
v -0.07745719701051712 0.23873069882392883 0.834571123123169
v 0.04028553143143654 0.23946323990821838 0.8400124311447144
v 0.15697768330574036 0.2410852462053299 0.834488570690155
v 0.27875643968582153 0.24322110414505005 0.8378523588180542
v -0.2479056864976883 0.2474648505449295 0.8581153154373169
v -0.1269187182188034 0.2412838190793991 0.8427978157997131
v -0.008640846237540245 0.24218222498893738 0.8468038439750671
v 0.10869316756725311 0.2430727779865265 0.8432393074035645
v 0.23370690643787384 0.24458681046962738 0.8389201760292053
v -0.2948734760284424 0.2500852644443512 0.8476818203926086
v -0.17467428743839264 0.247694730758667 0.8458008766174316
v -0.05447659641504288 0.24415576457977295 0.8411248326301575
v 0.06334394961595535 0.24540004134178162 0.8441195487976074
v 0.18238642811775208 0.25034940242767334 0.8463576436042786
v 0.30258047580718994 0.2505897879600525 0.8485569953918457
