v -0.1034022718667984 -0.11329194903373718 0.9868252873420715
v -0.04781882464885712 -0.09896452724933624 0.9894909262657166
v -0.018015384674072266 -0.09581245481967926 0.9888010025024414
v 0.007534826174378395 -0.09613104164600372 0.9970269799232483
v 0.03534881770610809 -0.09655170142650604 0.9971187710762024
v 0.06831508874893188 -0.09535129368305206 0.9900490641593933
v -0.05989538133144379 -0.09495685249567032 0.9810534119606018
v -0.03202470764517784 -0.0940139889717102 0.9925299286842346
v -0.004434556234627962 -0.09328734129667282 0.9953219890594482
v 0.025452518835663795 -0.09320787340402603 0.9946072101593018
v 0.05381513386964798 -0.09346890449523926 0.9904884696006775
v -0.07384131848812103 -0.09487780183553696 0.9872909784317017
v -0.04414251819252968 -0.09511943906545639 0.9922330379486084
v -0.013281644321978092 -0.09220679849386215 0.9918925166130066
v 0.013514261692762375 -0.09442843496799469 0.998085081577301
v 0.04124993830919266 -0.09459803998470306 0.9969327449798584
v 0.07824176549911499 -0.09317672997713089 0.9910710453987122
v -0.05450066179037094 -0.09363092482089996 0.9859460592269897
v -0.025495275855064392 -0.09127848595380783 0.9893670082092285
v 0.0012875807005912066 -0.09157329052686691 0.994670569896698
v 0.02903076820075512 -0.09301643818616867 0.9974791407585144
v 0.06083457171916962 -0.09075640887022018 0.9897603392601013
v -0.06641484051942825 -0.09066622704267502 0.9864499568939209
v -0.038227446377277374 -0.09210899472236633 0.9935702085494995
v -0.009376054629683495 -0.09078628569841385 0.9944116473197937
v 0.019873976707458496 -0.09052389115095139 0.9946662187576294
v 0.047569915652275085 -0.09158361703157425 0.9934003949165344
v -0.0879935696721077 -0.09469614177942276 0.9837217330932617
v -0.04818568378686905 -0.09258989244699478 0.989730715751648
v -0.01862979680299759 -0.08983178436756134 0.9877851009368896
v 0.007277027703821659 -0.09130100905895233 0.9973373413085938
v 0.03489571064710617 -0.09178715944290161 0.9969165325164795
v 0.06881693750619888 -0.08902891725301743 0.9898971319198608
v -0.060028623789548874 -0.08894182741641998 0.9818986058235168
v -0.03158325329422951 -0.08941790461540222 0.9929435849189758
v -0.004504788666963577 -0.08944828808307648 0.9952117204666138
v 0.0248511154204607 -0.08985086530447006 0.9970536828041077
v 0.05430499464273453 -0.08841080218553543 0.9898251295089722
v -0.07297468185424805 -0.09016672521829605 0.9888356328010559
v -0.04321940988302231 -0.09059043973684311 0.9922394156455994
v -0.013393999077379704 -0.0884113535284996 0.9912392497062683
v 0.013289411552250385 -0.09041083604097366 0.9979418516159058
v 0.04149071127176285 -0.09037916362285614 0.9960317611694336
v 0.07865040749311447 -0.08865519613027573 0.9915523529052734
v -0.05374443903565407 -0.08953813463449478 0.9863401651382446
v -0.025095609948039055 -0.08787978440523148 0.9882944226264954
v 0.0012586897937580943 -0.08884980529546738 0.9946208000183105
v 0.029223045334219933 -0.08997581899166107 0.9972154498100281
v 0.06133675202727318 -0.08673067390918732 0.9900510907173157
v -0.0657566711306572 -0.08594454824924469 0.9840430021286011
v -0.03712792322039604 -0.08837326616048813 0.9935522675514221
v -0.009084311313927174 -0.08784564584493637 0.9941502809524536
v 0.019942840561270714 -0.08757025003433228 0.9948529601097107
v 0.04795289784669876 -0.08746319264173508 0.9918853640556335
v -0.08542485535144806 -0.09018272161483765 0.9860514402389526
v -0.047388192266225815 -0.08912742882966995 0.9899364709854126
v -0.018209494650363922 -0.08691194653511047 0.986531138420105
v 0.007209295406937599 -0.08870141953229904 0.9974852204322815
v 0.03514636680483818 -0.08897028118371964 0.9964476227760315
v 0.06921500712633133 -0.08556903898715973 0.989713728427887
v -0.059499453753232956 -0.08543159812688828 0.9831645488739014
v -0.030670220032334328 -0.08665655553340912 0.992760419845581
v -0.004118280950933695 -0.08695996552705765 0.994728147983551
v 0.02453439310193062 -0.08766485005617142 0.9971082806587219
v 0.05493779107928276 -0.0850348100066185 0.9899086356163025
v -0.0723375603556633 -0.08710630983114243 0.9897893071174622
v -0.04224712401628494 -0.08756086975336075 0.9925096035003662
v -0.013050979003310204 -0.08593633025884628 0.9908996820449829
v 0.013451384380459785 -0.08762086927890778 0.9975711703300476
v 0.04197565093636513 -0.08729759603738785 0.9953283071517944
v 0.07916313409805298 -0.08544498682022095 0.9919867515563965
v -0.0527055487036705 -0.08693478256464005 0.986980676651001
v -0.02431696653366089 -0.08564618229866028 0.9875516295433044
v 0.0017134849913418293 -0.08673791587352753 0.9951704740524292
v 0.02919943258166313 -0.08747503161430359 0.9966461062431335
v 0.06193062663078308 -0.08386349678039551 0.990807294845581
v -0.0648326575756073 -0.08201443403959274 0.9834221005439758
v -0.03602072596549988 -0.08573523163795471 0.9936551451683044
v -0.008534868247807026 -0.08556152135133743 0.9940327405929565
v 0.020065471529960632 -0.08537958562374115 0.9960395097732544
v 0.048773400485515594 -0.08434142917394638 0.9914976358413696
v -0.08355815708637238 -0.08718738704919815 0.9870514869689941
v -0.0465974323451519 -0.08646619319915771 0.9902546405792236
v -0.017599405720829964 -0.08481115847826004 0.9855722784996033
v 0.007337287534028292 -0.08649924397468567 0.9976290464401245
v 0.03549141064286232 -0.08656279742717743 0.9960034489631653
v 0.06966498494148254 -0.08282551169395447 0.989639401435852
v -0.05899554118514061 -0.08330109715461731 0.98466557264328
v -0.029755964875221252 -0.08444385975599289 0.9925669431686401
v -0.003681801026687026 -0.08475740253925323 0.9943974018096924
v 0.024431558325886726 -0.08574924618005753 0.9968276023864746
v 0.05558668449521065 -0.0823233425617218 0.9910523295402527
v -0.07163704931735992 -0.08425112813711166 0.9902018308639526
v -0.04143708571791649 -0.08510895073413849 0.9926630258560181
v -0.01254019234329462 -0.08380333334207535 0.990692675113678
v 0.01397462747991085 -0.08507467061281204 0.9967749118804932
v 0.04264628514647484 -0.08440807461738586 0.9946236610412598
v 0.07991957664489746 -0.08249224722385406 0.9919332265853882
v -0.05184931308031082 -0.08458976447582245 0.9875511527061462
v -0.023554805666208267 -0.08327914029359818 0.9855797290802002
v 0.002293525030836463 -0.08462979644536972 0.9955919981002808
v 0.029605405405163765 -0.08513743430376053 0.9959276914596558
v 0.06264998018741608 -0.0810718983411789 0.9914959669113159
v -0.06413234770298004 -0.07918652147054672 0.9848681092262268
v -0.035229653120040894 -0.08341517299413681 0.9936056137084961
v -0.00787357147783041 -0.08323445916175842 0.9938217401504517
v 0.020224032923579216 -0.08330945670604706 0.9972280263900757
v 0.04954459145665169 -0.08155618607997894 0.99216628074646
v -0.08203592151403427 -0.08471880108118057 0.9874765276908875
v -0.046042926609516144 -0.08396313339471817 0.9902843832969666
v -0.017178932204842567 -0.08278386294841766 0.9850128293037415
v 0.007830459624528885 -0.08420862257480621 0.9975560307502747
v 0.036218833178281784 -0.08384456485509872 0.9954699277877808
v 0.07027227431535721 -0.0801929384469986 0.989171028137207
v -0.058572713285684586 -0.080942302942276 0.9855867624282837
v -0.02908487804234028 -0.08229044079780579 0.9921116828918457
v -0.003229212248697877 -0.08257833123207092 0.9941537380218506
v 0.02470281906425953 -0.08379203826189041 0.996416449546814
v 0.056145042181015015 -0.07982619851827621 0.992089569568634
v -0.07082837074995041 -0.0812239870429039 0.9903963804244995
v -0.04065583273768425 -0.08288010954856873 0.9925782680511475
v -0.011945808306336403 -0.08178219199180603 0.9905017614364624
v 0.01456250250339508 -0.08256322890520096 0.9960182309150696
v 0.04342951998114586 -0.08149316161870956 0.9939513206481934
v 0.08085189014673233 -0.07979022711515427 0.9914933443069458
v -0.051192574203014374 -0.08226893097162247 0.9879887104034424
v -0.023078883066773415 -0.08113381266593933 0.9853677749633789
v 0.0028643575496971607 -0.08255559951066971 0.9960008263587952
v 0.03025297075510025 -0.0827852264046669 0.9953470826148987
v 0.06337814033031464 -0.0784410908818245 0.9919853210449219
v -0.06371895968914032 -0.07752712070941925 0.9872000217437744
v -0.03446241840720177 -0.08126185089349747 0.9935780167579651
v -0.007168793585151434 -0.08109444379806519 0.9935442805290222
v 0.020371658727526665 -0.0814414843916893 0.9977471232414246
v 0.05033816769719124 -0.07887452095746994 0.9925146102905273
v -0.08066625893115997 -0.08252380788326263 0.9881744980812073
v -0.04543449729681015 -0.08169694244861603 0.9901897311210632
v -0.016789691522717476 -0.08083387464284897 0.9846794605255127
v 0.00852413009852171 -0.08191477507352829 0.9976211786270142
v 0.037060365080833435 -0.08114979416131973 0.9950752258300781
v 0.07110138982534409 -0.07786715030670166 0.9883373379707336
v -0.0582469142973423 -0.07937699556350708 0.9858660697937012
v -0.02845054864883423 -0.0804290920495987 0.9915397763252258
v -0.002577534643933177 -0.08071139454841614 0.9941738247871399
v 0.025140009820461273 -0.08165237307548523 0.9962440133094788
v 0.05660169944167137 -0.07756254076957703 0.9928506016731262
v -0.06989488750696182 -0.07905309647321701 0.990644097328186
v -0.03989669308066368 -0.0807865709066391 0.9926888346672058
v -0.011218586936593056 -0.08002787828445435 0.9906253814697266
v 0.015166204422712326 -0.08026259392499924 0.9964698553085327
v 0.04432062804698944 -0.0787685215473175 0.9936313033103943
v 0.08167244493961334 -0.07736990600824356 0.9909064769744873
v -0.0505509227514267 -0.08002986758947372 0.9881290793418884
v -0.02261427603662014 -0.07938697189092636 0.9854389429092407
v 0.003371257334947586 -0.08061019331216812 0.9968064427375793
v 0.031029758974909782 -0.08039604127407074 0.9951658248901367
v 0.06425444036722183 -0.07586803287267685 0.9923691153526306
v -0.0636819526553154 -0.07650858908891678 0.9900696873664856
v -0.033734943717718124 -0.07920941710472107 0.9935782551765442
v -0.00647368747740984 -0.07915081828832626 0.9934398531913757
v 0.02056853286921978 -0.07959098368883133 0.9984649419784546
v 0.05088438466191292 -0.07639194279909134 0.9929981231689453
v -0.07917070388793945 -0.08026022464036942 0.9890347719192505
v -0.04482809826731682 -0.07949498295783997 0.990172266960144
v -0.01624520681798458 -0.0790618434548378 0.9847097396850586
v 0.009226386435329914 -0.07963047176599503 0.9978554844856262
v 0.03793138265609741 -0.07853002101182938 0.9948676228523254
v 0.07183133065700531 -0.07553043961524963 0.9875065684318542
v -0.057409171015024185 -0.07754728943109512 0.9863916635513306
v -0.02790624275803566 -0.0787862241268158 0.9910253882408142
v -0.0018125807400792837 -0.07892467081546783 0.9943183660507202
v 0.02576516754925251 -0.07934874296188354 0.9967550039291382
v 0.05717313289642334 -0.07515057176351547 0.9934568405151367
v -0.06905757635831833 -0.07705963402986526 0.9907292127609253
v -0.039154645055532455 -0.07867233455181122 0.9928494095802307
v -0.010463090613484383 -0.07819610834121704 0.990911602973938
v 0.015735672786831856 -0.07809155434370041 0.9981170296669006
v 0.044981949031353 -0.0762094035744667 0.9935311079025269
v 0.08251087367534637 -0.0749691054224968 0.9905609488487244
v -0.04985140264034271 -0.07782893627882004 0.9879854917526245
v -0.021780982613563538 -0.0777348056435585 0.9846905469894409
v 0.0038844028022140265 -0.0785059854388237 0.9972913861274719
v 0.03191110119223595 -0.07788027822971344 0.9951752424240112
v 0.06500392407178879 -0.07373487949371338 0.9921901822090149
v -0.06367749720811844 -0.07530668377876282 0.990484893321991
v -0.03305903822183609 -0.07719539850950241 0.9934526681900024
v -0.005865349899977446 -0.07728362083435059 0.9934037327766418
v 0.020954454317688942 -0.07761797308921814 0.9992556571960449
v 0.05134613811969757 -0.0739261582493782 0.9933300614356995
v -0.07785987108945847 -0.07798352092504501 0.9903973340988159
v -0.04423166811466217 -0.0773034393787384 0.9903260469436646
v -0.015594566240906715 -0.07734142988920212 0.9847060441970825
v 0.009875022806227207 -0.0773400217294693 0.9980772733688354
v 0.038685671985149384 -0.07606995105743408 0.9948737621307373
v 0.07235556095838547 -0.07301543653011322 0.986764669418335
v -0.056490927934646606 -0.07570436596870422 0.9864846467971802
v -0.02738034911453724 -0.07723452150821686 0.9906457662582397
v -0.0010313864331692457 -0.07698696851730347 0.9950466752052307
v 0.026446808129549026 -0.07680347561836243 0.9974073171615601
v 0.05796913057565689 -0.07257714867591858 0.9939718842506409
v -0.06833691149950027 -0.07545676827430725 0.9909393191337585
v -0.03849558159708977 -0.07646318525075912 0.992962121963501
v -0.009743464179337025 -0.07627583295106888 0.9910584688186646
v 0.01616859808564186 -0.07604868710041046 0.9995914101600647
v 0.04549165815114975 -0.07353729754686356 0.9937154054641724
v 0.08323749154806137 -0.0725490152835846 0.990317165851593
v -0.04911772161722183 -0.07558229565620422 0.9877200722694397
v -0.021053900942206383 -0.07654178887605667 0.9849538803100586
v 0.004442369099706411 -0.07626631110906601 0.9977932572364807
v 0.03270655497908592 -0.07552684843540192 0.9955974221229553
v 0.06580369174480438 -0.0715973749756813 0.99138343334198
v -0.06314852833747864 -0.07402683049440384 0.9904974699020386
v -0.03240007907152176 -0.07519306987524033 0.9931274056434631
v -0.0052968221716582775 -0.0753108486533165 0.9932884573936462
v 0.021440275013446808 -0.07552865892648697 1.0000395774841309
v 0.05176034942269325 -0.07136253267526627 0.9936015605926514
v -0.07690688967704773 -0.07595718652009964 0.9917352795600891
v -0.04364488273859024 -0.07511252164840698 0.9906595349311829
v -0.014856915920972824 -0.07551411539316177 0.9846893548965454
v 0.010492376983165741 -0.07504864782094955 0.9984979629516602
v 0.0394660085439682 -0.07347208261489868 0.9952079653739929
v 0.07281364500522614 -0.0705866664648056 0.9861100316047668
v -0.055514127016067505 -0.07349873334169388 0.9859181642532349
v -0.02676578238606453 -0.07562914490699768 0.9902669787406921
v -0.0004403386847116053 -0.07494139671325684 0.9963119626045227
v 0.02701784484088421 -0.07423873245716095 0.9991349577903748
v 0.05867738649249077 -0.0699240043759346 0.9941868782043457
v -0.06751494109630585 -0.07374956458806992 0.9912342429161072
v -0.037820566445589066 -0.07422716915607452 0.9929722547531128
v -0.009050888940691948 -0.07429691404104233 0.9909442067146301
v 0.01662963628768921 -0.07409512996673584 1.000413417816162
v 0.04605069383978844 -0.0708594024181366 0.9941709637641907
v 0.08503054827451706 -0.0707906186580658 0.989715039730072
v -0.04848717153072357 -0.0733548179268837 0.9877868890762329
v -0.020472075790166855 -0.07497356086969376 0.9894846081733704
v 0.004944735672324896 -0.07433076202869415 0.9985805153846741
v 0.033418335020542145 -0.07313092797994614 0.9966481328010559
v 0.06637773662805557 -0.06936391443014145 0.9896547794342041
v -0.06268628686666489 -0.07263306528329849 0.9904547333717346
v -0.031803198158741 -0.07326653599739075 0.9928698539733887
v -0.004795713350176811 -0.07341194152832031 0.9932371377944946
v 0.022057315334677696 -0.07346837222576141 1.0007632970809937
v 0.05242288485169411 -0.0688135176897049 0.9941677451133728
v -0.07600373029708862 -0.07416039705276489 0.9928383827209473
v -0.043050192296504974 -0.0730152577161789 0.991167426109314
v -0.014059741050004959 -0.0735013484954834 0.9849703311920166
v 0.01117196585983038 -0.07299213856458664 0.9994586110115051
v 0.04031505435705185 -0.07119608670473099 0.9966260194778442
v 0.07342539727687836 -0.06828232109546661 0.9857326745986938
v -0.05453434959053993 -0.07124876976013184 0.9855360984802246
v -0.026270288974046707 -0.07359510660171509 0.9908007383346558
v 6.062162356101908e-05 -0.07316120713949203 0.9978662133216858
v 0.027720605954527855 -0.07244615256786346 1.0006258487701416
v 0.05940059944987297 -0.06733400374650955 0.9939838647842407
v -0.06688299030065536 -0.07248672097921371 0.9914517998695374
v -0.037130117416381836 -0.07219374924898148 0.9931045770645142
v -0.008434006944298744 -0.0724669024348259 0.9907186031341553
v 0.017192315310239792 -0.07230452448129654 1.001029372215271
v 0.04681098833680153 -0.06833106279373169 0.9946662187576294
v -0.09257927536964417 -0.07237539440393448 0.9861957430839539
v -0.047816310077905655 -0.07114743441343307 0.9884334206581116
v -0.019840022549033165 -0.07269702851772308 0.9945261478424072
v 0.005570695735514164 -0.07247894257307053 0.9992963075637817
v 0.034201156347990036 -0.07106205821037292 1.0002340078353882
v 0.06683937460184097 -0.06702367961406708 0.9877776503562927
v -0.06151869520545006 -0.07101933658123016 0.9902854561805725
v -0.031197436153888702 -0.07136521488428116 0.9929052591323853
v -0.004343544598668814 -0.0716421976685524 0.9933409690856934
v 0.02267371490597725 -0.07165849208831787 1.001417875289917
v 0.05359963700175285 -0.06627905368804932 0.9944788217544556
v -0.07493408769369125 -0.07232833653688431 0.9933868646621704
v -0.042411256581544876 -0.07096255570650101 0.9917526245117188
v -0.013356647454202175 -0.07146653532981873 0.9853994250297546
v 0.01188898365944624 -0.07124493271112442 1.000320315361023
v 0.041304368525743484 -0.06940999627113342 0.9996270537376404
v 0.0741705372929573 -0.06608369201421738 0.9855670928955078
v -0.053717002272605896 -0.06906957179307938 0.9863104820251465
v -0.025684110820293427 -0.07096467912197113 0.9918875098228455
v 0.0005584781756624579 -0.07147151231765747 0.9989616274833679
v 0.02826884388923645 -0.07083625346422195 1.001436710357666
v 0.06022361293435097 -0.06459690630435944 0.9933431148529053
v -0.06590408831834793 -0.07147925347089767 0.9914637207984924
v -0.03642952814698219 -0.0702197253704071 0.9933707118034363
v -0.007895306684076786 -0.0706784799695015 0.9904718399047852
v 0.017718525603413582 -0.07056532800197601 1.001409888267517
v 0.047733012586832047 -0.066306471824646 0.9949583411216736
v -0.08781134337186813 -0.07100247591733932 0.9892590045928955
v -0.047041259706020355 -0.06903806328773499 0.9894629120826721
v -0.019314242526888847 -0.07034537941217422 0.9946045875549316
v 0.006254313047975302 -0.07066714018583298 0.9999161958694458
v 0.03506547957658768 -0.06965219974517822 1.0016905069351196
v 0.06713604182004929 -0.06509918719530106 0.9859878420829773
v -0.06028849631547928 -0.06993483006954193 0.9904696941375732
v -0.03062644973397255 -0.06944452226161957 0.9931656122207642
v -0.0033019022084772587 -0.06989331543445587 0.9972361326217651
v 0.023181965574622154 -0.0698276236653328 1.001591682434082
v 0.05466051772236824 -0.06385763734579086 0.994114875793457
v -0.07391256839036942 -0.07072687149047852 0.9940440058708191
v -0.04172591120004654 -0.06893336027860641 0.9923742413520813
v -0.012576121836900711 -0.06933584809303284 0.9860985279083252
v 0.012561596930027008 -0.06952023506164551 1.0009042024612427
v 0.0421532578766346 -0.06792831420898438 1.0006667375564575
v 0.07504556328058243 -0.06406889110803604 0.985270082950592
v -0.05298067256808281 -0.0672759860754013 0.9889262914657593
v -0.024879546836018562 -0.068768210709095 0.9929729700088501
v 0.0010363927576690912 -0.06976534426212311 0.9997761249542236
v 0.029039662331342697 -0.06927721947431564 1.0021346807479858
v 0.060949020087718964 -0.06202398240566254 0.9922203421592712
v -0.06520859897136688 -0.07042881101369858 0.9918966293334961
v -0.03570932149887085 -0.06832857429981232 0.9937285780906677
v -0.007488169241696596 -0.06886597722768784 0.9903442859649658
v 0.01820855773985386 -0.06877526640892029 1.0013936758041382
v 0.04889154061675072 -0.06462584435939789 0.9953793287277222
v -0.0858326330780983 -0.06910593807697296 0.990929365158081
v -0.046278491616249084 -0.06707664579153061 0.9903315901756287
v -0.018888235092163086 -0.06851709634065628 0.9952818155288696
v 0.007000538054853678 -0.06882243603467941 1.0004522800445557
v 0.036126166582107544 -0.06806929409503937 1.0026524066925049
v 0.06762959808111191 -0.06323927640914917 0.9836729764938354
v -0.05916692689061165 -0.06896621733903885 0.9913543462753296
v -0.030064716935157776 -0.06757750362157822 0.9934998750686646
v -0.0029818620532751083 -0.06853001564741135 0.999008059501648
v 0.023682689294219017 -0.06786889582872391 1.0008186101913452
v 0.055119145661592484 -0.06162958964705467 0.9933018088340759
v -0.07313871383666992 -0.06923650950193405 0.9948182702064514
v -0.04089628532528877 -0.06706088781356812 0.9929370880126953
v -0.012472000904381275 -0.06710277497768402 0.992848813533783
v 0.013154532760381699 -0.06771524995565414 1.0010991096496582
v 0.04307801276445389 -0.06630481034517288 1.0008772611618042
v 0.07617639005184174 -0.062132783234119415 0.9848341941833496
v -0.05245448648929596 -0.06617487221956253 0.9932889342308044
v -0.024204472079873085 -0.0669134333729744 0.9940263032913208
v 0.001567217754200101 -0.06789667159318924 1.00043523311615
v 0.029921231791377068 -0.06738045066595078 1.0022697448730469
v 0.06150418519973755 -0.059337690472602844 0.9906213283538818
v -0.06455294042825699 -0.069066122174263 0.9925935864448547
v -0.03495229408144951 -0.06644155830144882 0.9941087961196899
v -0.007281746249645948 -0.066981241106987 0.9900454878807068
v 0.018663207069039345 -0.0667935460805893 1.0008617639541626
v 0.04938215762376785 -0.06307370215654373 0.9951772689819336
v -0.08427818864583969 -0.06742183119058609 0.9916069507598877
v -0.0457981638610363 -0.06538739800453186 0.9908134341239929
v -0.018347442150115967 -0.06641100347042084 0.9959824085235596
v 0.0077317748218774796 -0.06691933423280716 1.0008755922317505
v 0.037362996488809586 -0.06634987890720367 1.0033822059631348
v 0.06863901019096375 -0.06089910864830017 0.9814391136169434
v -0.058324169367551804 -0.06795410066843033 0.99330735206604
v -0.02953069657087326 -0.06566566228866577 0.9937527179718018
v -0.0026898172218352556 -0.0665716677904129 0.9998631477355957
v 0.02425236441195011 -0.06573929637670517 1.000221610069275
v 0.05519365519285202 -0.0596831738948822 0.9918427467346191
v -0.07262249290943146 -0.0676182433962822 0.9953592419624329
v -0.039910994470119476 -0.06511075049638748 0.9934400916099548
v -0.012251656502485275 -0.06504204869270325 0.9961750507354736
v 0.013729902915656567 -0.06572970002889633 1.0011030435562134
v 0.04418036714196205 -0.06478139013051987 1.0008217096328735
v 0.07759387791156769 -0.06038179621100426 0.9842686653137207
v -0.05150345712900162 -0.06520863622426987 0.9960687756538391
v -0.023676114156842232 -0.0649147480726242 0.9950224161148071
v 0.0021691401489079 -0.06588992476463318 1.0008529424667358
v 0.0308860931545496 -0.06526853889226913 1.0015480518341064
v 0.06212199479341507 -0.05753573030233383 0.9880918860435486
v -0.06394738703966141 -0.06770173460245132 0.9936152100563049
v -0.0342152938246727 -0.0645076259970665 0.9945545792579651
v -0.006895850412547588 -0.06479871273040771 0.9900145530700684
v 0.019205918535590172 -0.06480403244495392 0.9999569654464722
v 0.049931880086660385 -0.061732567846775055 0.995437741279602
v -0.08279600739479065 -0.0657079741358757 0.9922983050346375
v -0.04518353193998337 -0.06356143206357956 0.9911907315254211
v -0.01781487464904785 -0.06440332531929016 0.9970982670783997
v 0.008425641804933548 -0.06495647877454758 1.0012943744659424
v 0.038674209266901016 -0.06458710879087448 1.0037826299667358
v 0.06969848275184631 -0.05933906137943268 0.980829119682312
v -0.05747472122311592 -0.06701456755399704 0.9951218366622925
v -0.029016409069299698 -0.06363001465797424 0.9940100312232971
v -0.00225035916082561 -0.06456060707569122 1.0002626180648804
v 0.024955591186881065 -0.06365343928337097 1.000076174736023
v 0.055880725383758545 -0.058376505970954895 0.9894630312919617
v -0.07224782556295395 -0.06592248380184174 0.996042013168335
v -0.0390685610473156 -0.0630527064204216 0.9939126968383789
v -0.011939859949052334 -0.06323269754648209 0.9971247315406799
v 0.014294707216322422 -0.06364090740680695 1.0008156299591064
v 0.045322660356760025 -0.06322073936462402 1.0005717277526855
v 0.07884907722473145 -0.058824632316827774 0.9839581847190857
v -0.051319826394319534 -0.06471080332994461 0.9971981644630432
v -0.02317863143980503 -0.06291665881872177 0.9959917068481445
v 0.0028564429376274347 -0.06383471190929413 1.001156210899353
v 0.03186507150530815 -0.06318020075559616 1.0014903545379639
v 0.06318815052509308 -0.05669292062520981 0.9751019477844238
v -0.06354132294654846 -0.06607583910226822 0.9949560761451721
v -0.03354719653725624 -0.06249213218688965 0.9949161410331726
v -0.0062957447953522205 -0.06242184340953827 0.9897664189338684
v 0.019778084009885788 -0.06279908865690231 0.9990689754486084
v 0.050592806190252304 -0.060490429401397705 0.9953444600105286
v -0.08135105669498444 -0.06407204270362854 0.9929422736167908
v -0.044345006346702576 -0.06167452037334442 0.9914681911468506
v -0.01723533682525158 -0.0624525360763073 0.9983457326889038
v 0.009108317084610462 -0.06286577135324478 1.0016745328903198
v 0.03969335928559303 -0.06272944808006287 1.0034490823745728
v 0.0706782266497612 -0.057644762098789215 0.9819151163101196
v -0.05689491331577301 -0.06573882699012756 0.9976165294647217
v -0.028518391773104668 -0.061663296073675156 0.9941941499710083
v -0.0017767929239198565 -0.06245162710547447 1.0002905130386353
v 0.025711841881275177 -0.0615072175860405 0.9986141920089722
v 0.05648940056562424 -0.057443346828222275 0.987689733505249
v -0.07172020524740219 -0.0639202818274498 0.9966716170310974
v -0.03820386901497841 -0.061007387936115265 0.994292676448822
v -0.011426501907408237 -0.06123419851064682 0.997460663318634
v 0.014871274121105671 -0.061518166214227676 1.0002127885818481
v 0.04615388065576553 -0.06149664521217346 1.000075340270996
v 0.0801621824502945 -0.05730939283967018 0.9843360781669617
v -0.050321344286203384 -0.06312679499387741 0.9982432723045349
v -0.022544123232364655 -0.06112542003393173 0.9971199631690979
v 0.0035682220477610826 -0.061660509556531906 1.0011367797851562
v 0.0327749028801918 -0.061224352568387985 1.000645399093628
v 0.0632949024438858 -0.055604346096515656 0.9819321632385254
v -0.06310835480690002 -0.06438607722520828 0.9966903924942017
v -0.03293348476290703 -0.06037076190114021 0.9950234889984131
v -0.005445076152682304 -0.060892969369888306 0.9983490705490112
v 0.020660987123847008 -0.060452282428741455 0.9961367249488831
v 0.05120960623025894 -0.05920404940843582 0.9946853518486023
v -0.07999610900878906 -0.06229459121823311 0.9934054017066956
v -0.043394535779953 -0.05964077264070511 0.9916080236434937
v -0.01670200563967228 -0.06058675795793533 0.9995653033256531
v 0.009794804267585278 -0.06061728671193123 1.001786708831787
v 0.040225569158792496 -0.06087450683116913 1.0032804012298584
v 0.07166096568107605 -0.05579422041773796 0.9831514954566956
v -0.056156206876039505 -0.06385434418916702 0.9998193979263306
v -0.027937745675444603 -0.059689365327358246 0.9943433403968811
v -0.0012711628805845976 -0.06028533726930618 1.0000561475753784
v 0.02651841565966606 -0.05948479846119881 0.9967291951179504
v 0.05735684558749199 -0.056233279407024384 0.9868906736373901
v -0.07102493196725845 -0.061993569135665894 0.997248649597168
v -0.03731000795960426 -0.05892736464738846 0.9945617914199829
v -0.010930306278169155 -0.059431176632642746 0.9981233477592468
v 0.015465958043932915 -0.059296611696481705 0.9996489882469177
v 0.04650747403502464 -0.05984603613615036 0.9995817542076111
v 0.08187492191791534 -0.05591845139861107 0.9842523336410522
v -0.04940367117524147 -0.06115642935037613 0.9990954995155334
v -0.022019395604729652 -0.05935973301529884 0.998539388179779
v 0.0042680855840444565 -0.05940546840429306 1.0007940530776978
v 0.033572178333997726 -0.05918968468904495 0.9996575713157654
v 0.06387725472450256 -0.05455043539404869 0.9825909733772278
v -0.06239361688494682 -0.06251642853021622 0.9979238510131836
v -0.032371655106544495 -0.05826270952820778 0.9949496388435364
v -0.005217636935412884 -0.05883004516363144 0.9982333779335022
v 0.021414153277873993 -0.05813075602054596 0.9935489296913147
v 0.051985301077365875 -0.05816183611750603 0.9944051504135132
v -0.07898031175136566 -0.060546934604644775 0.9940375685691833
v -0.04258248582482338 -0.05764920264482498 0.9918821454048157
v -0.016168490052223206 -0.05878811329603195 1.0006489753723145
v 0.01050343457609415 -0.0583682507276535 1.001434564590454
v 0.04070182517170906 -0.05908461660146713 1.0036077499389648
v 0.07288181036710739 -0.05394858121871948 0.9842624664306641
v -0.055267732590436935 -0.06173006445169449 1.000388503074646
v -0.02735578641295433 -0.05774194374680519 0.9945926070213318
v -0.0006803221767768264 -0.05820358544588089 0.9996605515480042
v 0.02733524888753891 -0.057577576488256454 0.9954985976219177
v 0.05821826308965683 -0.05494232848286629 0.9866834282875061
v -0.07012573629617691 -0.060071464627981186 0.9980824589729309
v -0.036499395966529846 -0.0569213405251503 0.9947901964187622
v -0.010406236164271832 -0.05772249773144722 0.998107373714447
v 0.016079366207122803 -0.05715642124414444 0.9994348883628845
v 0.04677130654454231 -0.058144666254520416 0.9992346167564392
v 0.08381351828575134 -0.0548039935529232 0.9841043949127197
v -0.048769161105155945 -0.057369645684957504 0.9872145056724548
v -0.021611694246530533 -0.057683173567056656 1.0001451969146729
v 0.0050052134320139885 -0.05722333863377571 1.0003838539123535
v 0.03429611027240753 -0.057460345327854156 0.9993706941604614
v 0.06453899294137955 -0.05312490090727806 0.9836363196372986
v -0.061774808913469315 -0.0604349821805954 0.998602032661438
v -0.03185715153813362 -0.05632128193974495 0.9947446584701538
v -0.004683144390583038 -0.056848715990781784 0.9979017376899719
v 0.021992674097418785 -0.056153494864702225 0.9921364784240723
v 0.052689190953969955 -0.056676629930734634 0.9946067333221436
v -0.07807962596416473 -0.058677561581134796 0.99494868516922
v -0.04170875996351242 -0.05568201094865799 0.9921903014183044
v -0.01569877378642559 -0.057039398699998856 1.0014824867248535
v 0.011259264312684536 -0.05620601028203964 1.000748634338379
v 0.041039880365133286 -0.05741347372531891 1.0035748481750488
v 0.07395706325769424 -0.0525602251291275 0.9850718379020691
v -0.054548971354961395 -0.05947278067469597 1.0006909370422363
v -0.026800382882356644 -0.05602264404296875 0.9946576356887817
v -8.644573426863644e-06 -0.05624525994062424 0.9991369843482971
v 0.02803836576640606 -0.05571632459759712 0.9945114254951477
v 0.059045057743787766 -0.05368700996041298 0.9874222278594971
v -0.06947792321443558 -0.058064140379428864 0.9988749623298645
v -0.035808857530355453 -0.05507708713412285 0.9949389696121216
v -0.009801683947443962 -0.05599212273955345 0.9979987740516663
v 0.016604609787464142 -0.05518867075443268 0.9987366795539856
v 0.04712788760662079 -0.056680962443351746 0.9989199042320251
v 0.08686014264822006 -0.05384208634495735 0.9831726551055908
v -0.04787195101380348 -0.056748270988464355 1.001876711845398
v -0.02114674262702465 -0.05596084147691727 1.0014989376068115
v 0.005755145102739334 -0.055207543075084686 0.9997402429580688
v 0.03488031402230263 -0.05572349950671196 0.9994325041770935
v 0.06551162898540497 -0.0519859716296196 0.9843413829803467
v -0.06141877919435501 -0.05841672047972679 0.9990922212600708
v -0.03133149445056915 -0.05445431172847748 0.9944890737533569
v -0.004082494881004095 -0.05493856966495514 0.9973363876342773
v 0.022593790665268898 -0.05442126840353012 0.991400420665741
v 0.05357341095805168 -0.05511900782585144 0.9949914813041687
v -0.0770094096660614 -0.05664850398898125 0.9946691393852234
v -0.04086752235889435 -0.05383811891078949 0.9925814270973206
v -0.015131045132875443 -0.055185411125421524 1.0016422271728516
v 0.01202460564672947 -0.054283563047647476 0.9998552799224854
v 0.041351016610860825 -0.055685169994831085 1.003564715385437
v 0.07487370073795319 -0.05168011784553528 0.9845963716506958
v -0.05386302247643471 -0.05725898966193199 1.0014935731887817
v -0.026002278551459312 -0.05444599315524101 0.9949703216552734
v 0.0007060612551867962 -0.05437474325299263 0.9985466599464417
v 0.028640657663345337 -0.053972914814949036 0.9940621852874756
v 0.06014246121048927 -0.05234779044985771 0.988811194896698
v -0.06866715848445892 -0.05596178025007248 0.9997676610946655
v -0.035278867930173874 -0.05322892591357231 0.9950271844863892
v -0.009247913956642151 -0.05406707152724266 0.9979717135429382
v 0.01717115007340908 -0.053487591445446014 0.9982480406761169
v 0.04774680733680725 -0.05516059324145317 0.999059796333313
v -0.09068011492490768 -0.05471251532435417 0.991166353225708
v -0.04684638977050781 -0.05527086928486824 1.004573941230774
v -0.02068459242582321 -0.054190702736377716 1.0026445388793945
v 0.006552866660058498 -0.05338564142584801 0.9989935159683228
v 0.035318486392498016 -0.053965941071510315 0.9999366998672485
v 0.06653017550706863 -0.05086791142821312 0.984427809715271
v -0.0608908012509346 -0.056351542472839355 0.999866247177124
v -0.03086475282907486 -0.052624642848968506 0.994210422039032
v -0.0034588202834129333 -0.05310200899839401 0.9966200590133667
v 0.02316124178469181 -0.0526265874505043 0.9914314150810242
v 0.054489247500896454 -0.053599145263433456 0.9950375556945801
v -0.07591091096401215 -0.05444822087883949 0.994400143623352
v -0.04019048437476158 -0.05203699693083763 0.9929792284965515
v -0.01449123490601778 -0.05314728245139122 1.0016567707061768
v 0.012746932916343212 -0.05254461616277695 0.9990078210830688
v 0.04167410358786583 -0.054185450077056885 1.0034102201461792
v 0.07594266533851624 -0.050841446965932846 0.9839044213294983
v -0.05324145406484604 -0.05503235012292862 1.0024374723434448
v -0.025315532460808754 -0.05264235660433769 0.9986404180526733
v 0.0014174614334478974 -0.05258939042687416 0.9979310035705566
v 0.029187019914388657 -0.05224226787686348 0.9940333366394043
v 0.060977641493082047 -0.05122504010796547 0.9900699257850647
v -0.0678422823548317 -0.0538809560239315 1.0009998083114624
v -0.03486262261867523 -0.05140280723571777 0.9950240850448608
v -0.00868317112326622 -0.052046146243810654 0.9978652596473694
v 0.01770845428109169 -0.05193494260311127 0.997743546962738
v 0.04836772009730339 -0.053443580865859985 0.9995793700218201
v -0.08678428828716278 -0.05312000960111618 0.9900515675544739
v -0.04625130072236061 -0.05336182937026024 1.0052955150604248
v -0.020115027204155922 -0.05233532935380936 1.0035754442214966
v 0.007311910390853882 -0.051640402525663376 0.9982333779335022
v 0.035669196397066116 -0.05233115702867508 1.0007156133651733
v 0.06728577613830566 -0.04988568276166916 0.9853047132492065
v -0.060104984790086746 -0.05417606607079506 0.9995600581169128
v -0.03048279508948326 -0.05089263617992401 0.9937737584114075
v -0.002868102863430977 -0.05130403861403465 0.995972752571106
v 0.02367437444627285 -0.051061827689409256 0.9922707676887512
v 0.05524686723947525 -0.05180419608950615 0.9949589371681213
v -0.07478787004947662 -0.05246942490339279 0.9947553873062134
v -0.03951569274067879 -0.050229351967573166 0.9934695363044739
v -0.013879540376365185 -0.0511409193277359 1.0014631748199463
v 0.013365271501243114 -0.050867967307567596 0.9982960224151611
v 0.041991714388132095 -0.05263484641909599 1.0026814937591553
v 0.07706320285797119 -0.04992661252617836 0.9849843382835388
v -0.05248871445655823 -0.052760977298021317 1.0030388832092285
v -0.025070177391171455 -0.0508226603269577 1.002176284790039
v 0.002104054670780897 -0.05082739517092705 0.9972374439239502
v 0.02972221188247204 -0.05066509172320366 0.9944682717323303
v 0.0612504668533802 -0.0499861016869545 0.9912667870521545
v -0.06694785505533218 -0.05194897577166557 1.002245306968689
v -0.034423958510160446 -0.04956011101603508 0.9948323965072632
v -0.00821415800601244 -0.04964727908372879 0.9985602498054504
v 0.018358958885073662 -0.05041439086198807 0.9971330761909485
v 0.048990052193403244 -0.05178326740860939 0.9993071556091309
v -0.0846901535987854 -0.0503634549677372 0.9910758137702942
v -0.04551127180457115 -0.05131032317876816 1.0054709911346436
v -0.01945846527814865 -0.05038154870271683 1.0038561820983887
v 0.007996976375579834 -0.049838609993457794 0.9974790215492249
v 0.03605284541845322 -0.05077769607305527 1.0014214515686035
v 0.06839773803949356 -0.048892542719841 0.9884818196296692
v -0.05919768661260605 -0.0518677681684494 0.9985648989677429
v -0.029947122558951378 -0.048749931156635284 0.9935605525970459
v -0.002301407279446721 -0.04953445494174957 0.9960991144180298
v 0.024154430255293846 -0.04952782019972801 0.993675708770752
v 0.05582546070218086 -0.05006539449095726 0.9948720335960388
v -0.0736389309167862 -0.05052570998668671 0.9959901571273804
v -0.03896054998040199 -0.04839186370372772 0.9937649369239807
v -0.013268289156258106 -0.04916783794760704 1.0012058019638062
v 0.01388617791235447 -0.04919564723968506 0.9976864457130432
v 0.042543381452560425 -0.05086502432823181 1.0011394023895264
v 0.07814289629459381 -0.04859863594174385 0.9885507822036743
v -0.051645055413246155 -0.05073293671011925 1.0038037300109863
v -0.02503351680934429 -0.049021318554878235 1.0040910243988037
v 0.0027814412023872137 -0.049107860773801804 0.9964720010757446
v 0.03024917282164097 -0.04911951720714569 0.9953658580780029
v 0.06214820593595505 -0.04872657358646393 0.9924021363258362
v -0.06600933521986008 -0.050025515258312225 1.0028597116470337
v -0.034096792340278625 -0.04767192527651787 0.9944623112678528
v -0.007551074493676424 -0.047614023089408875 0.9989874362945557
v 0.019312120974063873 -0.04882626608014107 0.994206964969635
v 0.04968397691845894 -0.050045404583215714 0.998772144317627
v -0.08282320201396942 -0.04845939949154854 0.992489755153656
v -0.044926051050424576 -0.04955526068806648 1.0053491592407227
v -0.018731528893113136 -0.04837055504322052 1.0039007663726807
v 0.008659237064421177 -0.04803154617547989 0.9967990517616272
v 0.03662414848804474 -0.04919838160276413 1.0014572143554688
v 0.06952410936355591 -0.04768066480755806 0.992133617401123
v -0.05834592506289482 -0.04957558214664459 0.9987964630126953
v -0.029433799907565117 -0.04739077389240265 1.0048309564590454
v -0.00188843731302768 -0.04784313216805458 0.9967851042747498
v 0.0246718917042017 -0.04785831645131111 0.9926837086677551
v 0.05633791908621788 -0.048313483595848083 0.9950887560844421
v -0.07238619029521942 -0.048568591475486755 0.9976813197135925
v -0.03850419446825981 -0.046534087508916855 0.9937516450881958
v -0.012619426473975182 -0.0472995899617672 1.00099778175354
v 0.01436788123100996 -0.04752160236239433 0.9972586631774902
v 0.043010130524635315 -0.04895775020122528 1.000095248222351
v 0.0789814293384552 -0.04741807281970978 0.9898155331611633
v -0.050815749913454056 -0.04885870963335037 1.00462007522583
v -0.024602532386779785 -0.04735327139496803 1.004970669746399
v 0.0034420529846102 -0.047389592975378036 0.9957125782966614
v 0.030832719057798386 -0.047550857067108154 0.9949952960014343
v 0.06252884864807129 -0.04742370545864105 0.9936082363128662
v -0.0649983361363411 -0.04816470667719841 1.0027129650115967
v -0.033792927861213684 -0.04597458988428116 0.9938463568687439
v -0.006857857573777437 -0.04591312259435654 0.9994091987609863
v 0.020144766196608543 -0.04694133624434471 0.9917916655540466
v 0.05027112737298012 -0.048250794410705566 0.998031735420227
v -0.08139975368976593 -0.04641629010438919 0.9939147233963013
v -0.0444842167198658 -0.04743363335728645 1.0047554969787598
v -0.01809624955058098 -0.0463688001036644 1.003830075263977
v 0.009248709306120872 -0.0463511161506176 0.9959057569503784
v 0.037223607301712036 -0.047258179634809494 0.9996034502983093
v 0.07042612880468369 -0.04630276560783386 0.9938828349113464
v -0.05736912041902542 -0.04772544652223587 1.0002224445343018
v -0.029293488711118698 -0.04576263949275017 1.0052815675735474
v -0.0015144963981583714 -0.04621875658631325 0.9967819452285767
v 0.02535969577729702 -0.0461311973631382 0.9911795258522034
v 0.05680278688669205 -0.046458788216114044 0.9957377910614014
v -0.0713610127568245 -0.04627232626080513 0.9980039000511169
v -0.03815557062625885 -0.044826313853263855 0.9931961894035339
v -0.012038527056574821 -0.04553602263331413 1.0009117126464844
v 0.014887367375195026 -0.04592056944966316 0.9969561696052551
v 0.043437425047159195 -0.047051720321178436 0.9993224143981934
v 0.07985283434391022 -0.04630819708108902 0.9903115630149841
v -0.050019167363643646 -0.04713307321071625 1.0054422616958618
v -0.024044284597039223 -0.04551493003964424 1.005044937133789
v 0.004047355614602566 -0.04572517052292824 0.9951539635658264
v 0.03145644813776016 -0.04581643268465996 0.9944502711296082
v 0.06292374432086945 -0.045739296823740005 0.9944051504135132
v -0.06388117372989655 -0.04623332619667053 1.0025132894515991
v -0.033252086490392685 -0.04405350983142853 0.9932891726493835
v -0.006338939070701599 -0.0443810299038887 0.9999030828475952
v 0.020804615691304207 -0.04523589834570885 0.9909100532531738
v 0.05087927728891373 -0.04630259796977043 0.9965179562568665
v -0.0801486223936081 -0.044358011335134506 0.995133638381958
v -0.043852798640728 -0.04572797194123268 1.004989743232727
v -0.01745549589395523 -0.04448310285806656 1.0035401582717896
v 0.009829922579228878 -0.044901855289936066 0.9951688051223755
v 0.037748318165540695 -0.04540008679032326 0.9981701374053955
v 0.07092970609664917 -0.04506572335958481 0.9948320388793945
v -0.0563531219959259 -0.04607482627034187 1.002686858177185
v -0.02917059138417244 -0.044162239879369736 1.005528450012207
v -0.0010805617785081267 -0.04453578218817711 0.9967393279075623
v 0.026072446256875992 -0.04449734091758728 0.9904704093933105
v 0.057206932455301285 -0.04453865811228752 0.9960372447967529
v -0.07053343951702118 -0.04387721046805382 0.9976842999458313
v -0.03808483108878136 -0.04292356222867966 0.9920896887779236
v -0.011487068608403206 -0.043800100684165955 1.0008678436279297
v 0.015405388548970222 -0.044384751468896866 0.9966311454772949
v 0.043990157544612885 -0.04512353241443634 0.9984908103942871
v 0.08071883767843246 -0.04488472640514374 0.9894844889640808
v -0.04934101551771164 -0.04535993933677673 1.0056313276290894
v -0.023415235802531242 -0.0436583086848259 1.0049400329589844
v 0.0045930459164083 -0.044083964079618454 0.9953620433807373
v 0.03213677927851677 -0.0440625362098217 0.9947670102119446
v 0.06325815618038177 -0.04392906278371811 0.9947496652603149
v -0.06293097883462906 -0.04407879710197449 1.001554250717163
v -0.03261009231209755 -0.04163428395986557 0.9923304915428162
v -0.005862554535269737 -0.04291794076561928 1.0007951259613037
v 0.021385565400123596 -0.04350895434617996 0.9910723567008972
v 0.05150000751018524 -0.044265273958444595 0.996039628982544
v -0.07901675254106522 -0.042271826416254044 0.9961242079734802
v -0.043453019112348557 -0.04434359073638916 1.0066769123077393
v -0.01684020645916462 -0.0426618792116642 1.0032951831817627
v 0.010458833537995815 -0.04348776489496231 0.9951899647712708
v 0.038132648915052414 -0.043640751391649246 0.9978662133216858
v 0.07161049544811249 -0.04365239664912224 0.994554340839386
v -0.055420830845832825 -0.04440503939986229 1.0041108131408691
v -0.028818456456065178 -0.04243801161646843 1.0055936574935913
v -0.0008108157198876143 -0.04235217347741127 0.9992481470108032
v 0.02668747305870056 -0.04283931106328964 0.9903811812400818
v 0.057600557804107666 -0.04257863014936447 0.9962314367294312
v -0.06967510282993317 -0.04169047251343727 0.9979119300842285
v -0.03784940764307976 -0.04107305407524109 0.9909180998802185
v -0.010937081649899483 -0.0420440137386322 1.0008723735809326
v 0.015974372625350952 -0.04290028288960457 0.9963163733482361
v 0.04460807517170906 -0.04322231933474541 0.9978057146072388
v 0.08178374171257019 -0.04331965371966362 0.9879738688468933
v -0.048757877200841904 -0.043606650084257126 1.0057026147842407
v -0.02272777631878853 -0.04181893914937973 1.0047096014022827
v 0.004589919000864029 -0.04213070869445801 0.9976357221603394
v 0.0326957181096077 -0.04244120046496391 0.9956784844398499
v 0.06360985338687897 -0.0421394519507885 0.9949936270713806
v -0.06198059767484665 -0.04204481840133667 1.0007939338684082
v -0.032712243497371674 -0.0411565862596035 1.0056264400482178
v -0.005408022087067366 -0.04154471680521965 1.0021294355392456
v 0.02187633328139782 -0.04184463247656822 0.9925726652145386
v 0.05206995829939842 -0.042363785207271576 0.996000349521637
v -0.07807325571775436 -0.040216222405433655 0.9970065355300903
v -0.04320286959409714 -0.04249788075685501 1.008392095565796
v -0.01618630439043045 -0.040951263159513474 1.002998948097229
v 0.011024001985788345 -0.04188206046819687 0.9958409667015076
v 0.03851819038391113 -0.041978392750024796 0.9981288313865662
v 0.07239177078008652 -0.04197904095053673 0.993303120136261
v -0.054533567279577255 -0.04239356517791748 1.00383460521698
v -0.028307603672146797 -0.0407109297811985 1.0052621364593506
v -0.00026687441277317703 -0.0409732311964035 1.0003148317337036
v 0.027253001928329468 -0.04122670367360115 0.9908689856529236
v 0.05780499801039696 -0.04080730304121971 0.996383011341095
v -0.06891851872205734 -0.03974350541830063 0.9980413913726807
v -0.037652842700481415 -0.03847784176468849 0.9890860319137573
v -0.010400839149951935 -0.0403686948120594 1.0010260343551636
v 0.016763484105467796 -0.041334908455610275 0.9961681365966797
v 0.045216917991638184 -0.041391387581825256 0.9975141286849976
v 0.08318833261728287 -0.041720207780599594 0.9877365231513977
v -0.04822991043329239 -0.04176950454711914 1.005859136581421
v -0.02200259082019329 -0.03999560698866844 1.0043182373046875
v 0.004882229026407003 -0.04082300141453743 0.9994145631790161
v 0.03308762609958649 -0.04088304191827774 0.9956884384155273
v 0.064007468521595 -0.040450319647789 0.9952821731567383
v -0.0611259788274765 -0.04004202410578728 1.000342607498169
v -0.03261943161487579 -0.0395265594124794 1.005258560180664
v -0.005055271089076996 -0.040281329303979874 1.0030232667922974
v 0.022359322756528854 -0.040201444178819656 0.9941805601119995
v 0.052491169422864914 -0.04050837829709053 0.9963513612747192
v -0.07714805006980896 -0.03812536597251892 0.9978166818618774
v -0.04305711016058922 -0.04035184159874916 1.0095553398132324
v -0.015485289506614208 -0.03928929194808006 1.0026321411132812
v 0.011657102033495903 -0.04019703343510628 0.9969568848609924
v 0.03899741172790527 -0.040339305996894836 0.9987238049507141
v 0.07322587817907333 -0.04022783041000366 0.9916999340057373
v -0.05370926856994629 -0.040246736258268356 1.0030078887939453
v -0.02762891910970211 -0.03896305337548256 1.0045859813690186
v 0.00010922961519099772 -0.03966301307082176 1.0009434223175049
v 0.027734551578760147 -0.039628464728593826 0.9924525022506714
v 0.05798807740211487 -0.039289429783821106 0.9968527555465698
v -0.0682336613535881 -0.03779902309179306 0.9982573390007019
v -0.03716469928622246 -0.0348501056432724 0.9861789345741272
v -0.009787735529243946 -0.03864447772502899 1.002061367034912
v 0.01748739928007126 -0.0397263765335083 0.9956764578819275
v 0.04580862075090408 -0.039556995034217834 0.9974291324615479
v 0.08587832003831863 -0.03984633460640907 0.9885503053665161
v -0.04781746491789818 -0.0398772656917572 1.006127953529358
v -0.021181238815188408 -0.038225121796131134 1.0038679838180542
v 0.005501298699527979 -0.03957594558596611 1.0006678104400635
v 0.03363794833421707 -0.03921015188097954 0.9950159788131714
v 0.06459780782461166 -0.038912419229745865 0.9956989288330078
v -0.060353219509124756 -0.03806222230195999 1.0002137422561646
v -0.032326992601156235 -0.038105711340904236 1.0048900842666626
v -0.004777099005877972 -0.03897619992494583 1.0031987428665161
v 0.02281063422560692 -0.03854391723871231 0.9947176575660706
v 0.052879154682159424 -0.03868614882230759 0.9973130226135254
v -0.07638418674468994 -0.03613678738474846 0.9988753199577332
v -0.04277653619647026 -0.03865071386098862 1.0094773769378662
v -0.014762585051357746 -0.037669017910957336 1.0023272037506104
v 0.012195131741464138 -0.03877570852637291 0.9979133605957031
v 0.03956986591219902 -0.0386199951171875 0.9987247586250305
v 0.07432372123003006 -0.03842990845441818 0.9913595914840698
v -0.05300411581993103 -0.03819439932703972 1.0025275945663452
v -0.0268719345331192 -0.03726079687476158 1.003846287727356
v 0.0004635353689081967 -0.038381993770599365 1.001936674118042
v 0.028152519837021828 -0.03787744790315628 0.995991587638855
v 0.05818871036171913 -0.03775767609477043 0.997927188873291
v -0.0676262155175209 -0.03591374307870865 0.9989897012710571
v -0.03713151812553406 -0.03727921470999718 1.0065432786941528
v -0.009174090810120106 -0.03717007860541344 1.0031018257141113
v 0.01812080666422844 -0.03797237575054169 0.9950096011161804
v 0.046428702771663666 -0.037747159600257874 0.9976558089256287
v -0.08918676525354385 -0.034534960985183716 0.9971004128456116
v -0.047412678599357605 -0.03795212507247925 1.0059189796447754
v -0.02033149264752865 -0.03661805018782616 1.003404974937439
v 0.006236182991415262 -0.03824107348918915 1.000501275062561
v 0.03423665463924408 -0.037589699029922485 0.9947232604026794
v 0.06531041115522385 -0.03750927001237869 0.9961367249488831
v -0.05951334536075592 -0.03617178648710251 1.000442624092102
v -0.03188307583332062 -0.03662370145320892 1.0043622255325317
v -0.004528525285422802 -0.03750534728169441 1.0030368566513062
v 0.023237532004714012 -0.036898430436849594 0.995509922504425
v 0.053121522068977356 -0.0370151586830616 0.9993071556091309
v -0.07571005821228027 -0.03436097502708435 1.0013245344161987
v -0.04241271689534187 -0.03698943182826042 1.0089306831359863
v -0.01410667598247528 -0.03607828542590141 1.0019989013671875
v 0.012752177193760872 -0.03726305812597275 0.9984106421470642
v 0.04028801620006561 -0.03676852583885193 0.9975035190582275
v 0.07558555901050568 -0.03663738816976547 0.9921650886535645
v -0.05229416489601135 -0.03636821359395981 1.0022742748260498
v -0.026028549298644066 -0.035692814737558365 1.0032751560211182
v 0.0008653139229863882 -0.037138961255550385 1.0027421712875366
v 0.02853570692241192 -0.03631525859236717 0.9975478053092957
v 0.05829498544335365 -0.03631875663995743 0.9987788200378418
v -0.06698455661535263 -0.0341884046792984 1.000536561012268
v -0.036707665771245956 -0.03572529926896095 1.005616545677185
v -0.00877719558775425 -0.035730212926864624 1.0037153959274292
v 0.018686972558498383 -0.03626647964119911 0.9943989515304565
v 0.047051213681697845 -0.03594040498137474 0.9984750747680664
v -0.08561480045318604 -0.03350882977247238 1.0000301599502563
v -0.047000959515571594 -0.036029696464538574 1.0055886507034302
v -0.019518205896019936 -0.03514911234378815 1.0029497146606445
v 0.0069962129928171635 -0.03657664731144905 0.9992347359657288
v 0.03481201082468033 -0.03592744469642639 0.994952380657196
v 0.06617293506860733 -0.03608572855591774 0.9965630769729614
v -0.0586283802986145 -0.03436354175209999 1.0008866786956787
v -0.03136574476957321 -0.035304490476846695 1.0039254426956177
v -0.004202086012810469 -0.03604522719979286 1.0028395652770996
v 0.02372620813548565 -0.03532860055565834 0.9961626529693604
v 0.053220752626657486 -0.035339806228876114 1.000589370727539
v -0.07508879899978638 -0.03284337371587753 1.004867672920227
v -0.04205967113375664 -0.03545830771327019 1.0085135698318481
v -0.013514679856598377 -0.034535448998212814 1.0020424127578735
v 0.01338841300457716 -0.03566855937242508 0.9977824091911316
v 0.040961116552352905 -0.03497913107275963 0.9970102310180664
v 0.07683051377534866 -0.034798651933670044 0.9940139651298523
v -0.05167180672287941 -0.0344630666077137 1.002213478088379
v -0.02524186670780182 -0.034222573041915894 1.003300428390503
v 0.0012673732126131654 -0.03565474972128868 1.0020774602890015
v 0.029096199199557304 -0.03476434946060181 0.9978237152099609
v 0.05868930369615555 -0.034652385860681534 0.9994174838066101
v -0.0663662701845169 -0.03252311423420906 1.0033752918243408
v -0.03650340437889099 -0.03435565531253815 1.00516676902771
v -0.008586844429373741 -0.03434928134083748 1.0042147636413574
v 0.01917307637631893 -0.03456798195838928 0.993941068649292
v 0.047531429678201675 -0.03424888476729393 0.9992020726203918
v -0.08422965556383133 -0.03237169235944748 1.0020160675048828
v -0.04663464426994324 -0.03418658673763275 1.0056809186935425
v -0.018742326647043228 -0.03376012668013573 1.0027625560760498
v 0.007645976729691029 -0.03495534881949425 0.9987751245498657
v 0.03534407913684845 -0.03412852808833122 0.9958664178848267
v 0.06728661805391312 -0.034488171339035034 0.99760901927948
v -0.05780177190899849 -0.032565854489803314 1.0017699003219604
v -0.03080267459154129 -0.033648449927568436 1.0039716958999634
v -0.003833696711808443 -0.03456760570406914 1.002005934715271
v 0.024343697354197502 -0.033716633915901184 0.9962905645370483
v 0.053370703011751175 -0.03353016823530197 1.0015572309494019
v -0.07452071458101273 -0.031811296939849854 1.007590413093567
v -0.041657187044620514 -0.033998891711235046 1.0083273649215698
v -0.012985428795218468 -0.03307848423719406 1.0029137134552002
v 0.014153766445815563 -0.033979952335357666 0.9965585470199585
v 0.04152214899659157 -0.033231090754270554 0.9972347021102905
v 0.07805892080068588 -0.03284456208348274 0.9972644448280334
v -0.05125429853796959 -0.03250610828399658 1.0026615858078003
v -0.02462661825120449 -0.03269621357321739 1.0040463209152222
v 0.0017888620495796204 -0.03409750387072563 1.0014104843139648
v 0.029790114611387253 -0.03314622864127159 0.9976561665534973
v 0.05932304263114929 -0.033034034073352814 1.000257968902588
v -0.06575965881347656 -0.031054574996232986 1.0058927536010742
v -0.036279235035181046 -0.032745856791734695 1.0074524879455566
v -0.008404686115682125 -0.033104751259088516 1.0046106576919556
v 0.019721509888768196 -0.033030033111572266 0.9941654801368713
v 0.04803535342216492 -0.03250745311379433 0.9994107484817505
v -0.08305994421243668 -0.031245650723576546 1.0043635368347168
v -0.04626964405179024 -0.03240232542157173 1.0062146186828613
v -0.01806856319308281 -0.03245561942458153 1.002956509590149
v 0.008309267461299896 -0.03329385071992874 0.9985167384147644
v 0.03583313524723053 -0.03243153169751167 0.9980447292327881
v 0.0684574544429779 -0.03281005844473839 0.9986951947212219
v -0.05714884027838707 -0.030855504795908928 1.0035135746002197
v -0.03039805218577385 -0.03208750858902931 1.0064101219177246
v -0.003420925233513117 -0.03291744738817215 1.0007574558258057
v 0.02503011003136635 -0.03219277784228325 0.9951096177101135
v 0.053736716508865356 -0.03176972642540932 1.0024439096450806
v -0.07394469529390335 -0.030874548479914665 1.0087659358978271
v -0.041130430996418 -0.032540272921323776 1.008176326751709
v -0.012591131031513214 -0.0319913886487484 1.00394868850708
v 0.014747245237231255 -0.03225366026163101 0.9953539967536926
v 0.04218204692006111 -0.03156602010130882 0.9980806112289429
v 0.07911331206560135 -0.030807068571448326 0.9996225237846375
v -0.0509633868932724 -0.030520521104335785 1.003852367401123
v -0.024067196995019913 -0.03132447972893715 1.005066156387329
v 0.002307482296600938 -0.03254972770810127 1.0011364221572876
v 0.030568229034543037 -0.0315149687230587 0.9963793158531189
v 0.060144953429698944 -0.03140872344374657 1.0009937286376953
v -0.06515464931726456 -0.029800133779644966 1.0065168142318726
v -0.03564796969294548 -0.03147602453827858 1.0075552463531494
v -0.008106914348900318 -0.032010141760110855 1.0048776865005493
v 0.020183250308036804 -0.03152640536427498 0.994097113609314
v 0.048599597066640854 -0.030773304402828217 0.9996594786643982
v -0.08207649737596512 -0.030265582725405693 1.0055352449417114
v -0.045885998755693436 -0.030670633539557457 1.0068552494049072
v -0.017445171251893044 -0.03119179792702198 1.0037579536437988
v 0.009041542187333107 -0.03149978071451187 0.9970656633377075
v 0.03644447773694992 -0.030855046585202217 0.9996376633644104
v 0.06956816464662552 -0.030883735045790672 0.999513566493988
v -0.05660545453429222 -0.029177037999033928 1.005200743675232
v -0.02998720295727253 -0.03073512762784958 1.0068035125732422
v -0.002976918825879693 -0.03125518560409546 1.0001634359359741
v 0.025628626346588135 -0.03050483949482441 0.9940889477729797
v 0.054241299629211426 -0.0300837941467762 1.003121256828308
v -0.0732201561331749 -0.029733814299106598 1.0086525678634644
v -0.040608543902635574 -0.03107607364654541 1.0078097581863403
v -0.012193340808153152 -0.03112397901713848 1.0049077272415161
v 0.015271672047674656 -0.030600298196077347 0.9945632219314575
v 0.042844776064157486 -0.02996763214468956 0.9999116659164429
v 0.08013447374105453 -0.028786558657884598 1.0002788305282593
v -0.05084666982293129 -0.028561832383275032 1.0061858892440796
v -0.02353809028863907 -0.030161384493112564 1.0061311721801758
v 0.0028878904413431883 -0.03102746605873108 1.0007572174072266
v 0.031255271285772324 -0.029818598181009293 0.9956408739089966
v 0.0610840879380703 -0.029851706698536873 1.0016103982925415
v -0.06439957767724991 -0.02842487022280693 1.006589412689209
v -0.03500993549823761 -0.030119318515062332 1.0071812868118286
v -0.008058191277086735 -0.03061649575829506 1.0049036741256714
v 0.020716708153486252 -0.029750807210803032 0.9928249716758728
v 0.04923715442419052 -0.029057098552584648 1.0003563165664673
v -0.08098310977220535 -0.029149053618311882 1.0059335231781006
v -0.04537694528698921 -0.028918448835611343 1.0073580741882324
v -0.016915539279580116 -0.030045034363865852 1.0044598579406738
v 0.009802677668631077 -0.02969188243150711 0.9959126710891724
v 0.037164557725191116 -0.02935502678155899 0.99985671043396
v 0.07049683481454849 -0.02905542030930519 0.9999728202819824
v -0.05618128553032875 -0.02754158526659012 1.0060402154922485
v -0.02951817214488983 -0.029385995119810104 1.0068731307983398
v -0.002573196543380618 -0.029638707637786865 1.0002398490905762
v 0.026122048497200012 -0.02885713428258896 0.9936399459838867
v 0.054826997220516205 -0.02847118303179741 1.0036120414733887
v -0.07240015268325806 -0.02841399423778057 1.0090396404266357
v -0.039997465908527374 -0.029552357271313667 1.0072463750839233
v -0.011756537482142448 -0.030057145282626152 1.0059630870819092
v 0.015860144048929214 -0.02907903492450714 0.9929150938987732
v 0.04344838857650757 -0.02831355109810829 1.0005723237991333
v 0.08089962601661682 -0.0268346406519413 1.0008790493011475
v -0.05076994374394417 -0.02677798643708229 1.0098239183425903
v -0.022951673716306686 -0.02904009260237217 1.006341576576233
v 0.0036223377101123333 -0.029347315430641174 0.9998120069503784
v 0.031891100108623505 -0.028126219287514687 0.9952873587608337
v 0.06206204369664192 -0.028255106881260872 1.0018385648727417
v -0.06364180147647858 -0.02699601836502552 1.0065455436706543
v -0.03448251634836197 -0.02875913493335247 1.0065577030181885
v -0.007436950691044331 -0.02932145819067955 1.0052556991577148
v 0.0211396012455225 -0.02804557792842388 0.9919921159744263
v 0.049845628440380096 -0.02742944471538067 1.0018163919448853
v -0.07993336766958237 -0.028068605810403824 1.0063586235046387
v -0.044763121753931046 -0.02744489721953869 1.0074542760849
v -0.016377855092287064 -0.02895098738372326 1.005200982093811
v 0.010339825414121151 -0.028095480054616928 0.9956803321838379
v 0.037909138947725296 -0.02779032476246357 0.9989789724349976
v 0.07131097465753555 -0.027200104668736458 1.0003687143325806
v -0.05587494373321533 -0.02596200630068779 1.0075430870056152
v -0.029016653075814247 -0.028099287301301956 1.006671667098999
v -0.002105103572830558 -0.028057066723704338 1.0009578466415405
v 0.026567302644252777 -0.02717672847211361 0.993804395198822
v 0.05543045699596405 -0.026925234124064445 1.0037389993667603
v -0.07154225558042526 -0.027118466794490814 1.0095216035842896
v -0.0393608957529068 -0.02801140397787094 1.0065186023712158
v -0.011298613622784615 -0.02879473753273487 1.00655996799469
v 0.01669696345925331 -0.02727658301591873 0.989861786365509
v 0.04416266083717346 -0.02671082876622677 1.0011619329452515
v 0.08199344575405121 -0.024972906336188316 1.001645803451538
v -0.050768543034791946 -0.025443067774176598 1.0118714570999146
v -0.022384362295269966 -0.027999939396977425 1.0062649250030518
v 0.004278119653463364 -0.02772936411201954 0.9991959929466248
v 0.03240417689085007 -0.02652307227253914 0.9954453110694885
v 0.06302182376384735 -0.026654815301299095 1.0018689632415771
v -0.06288417428731918 -0.02554437518119812 1.0068755149841309
v -0.03398178890347481 -0.02741735428571701 1.0058910846710205
v -0.0068385181948542595 -0.027834100648760796 1.0058902502059937
v 0.021522540599107742 -0.026477469131350517 0.9917463660240173
v 0.050065699964761734 -0.0256687942892313 1.0042067766189575
v -0.07914754748344421 -0.02699402906000614 1.0079710483551025
v -0.04418259859085083 -0.026048919185996056 1.0070500373840332
v -0.015753570944070816 -0.027727292850613594 1.0061686038970947
v 0.010892227292060852 -0.026477836072444916 0.9956017136573792
v 0.038641348481178284 -0.026110969483852386 0.9981676340103149
v 0.07210658490657806 -0.025429213419556618 1.0006887912750244
v -0.0555475689470768 -0.02451920323073864 1.009706735610962
v -0.02849775180220604 -0.026947911828756332 1.0063551664352417
v -0.001450468203984201 -0.026554299518465996 1.0024964809417725
v 0.02691582776606083 -0.025486577302217484 0.9949021935462952
v 0.056088149547576904 -0.02535352110862732 1.003721833229065
v -0.0705946534872055 -0.025770023465156555 1.0098246335983276
v -0.03878718242049217 -0.026568295434117317 1.0058382749557495
v -0.010871185921132565 -0.027238700538873672 1.0062956809997559
v 0.0170889999717474 -0.0256968904286623 0.9889473915100098
v 0.04475167393684387 -0.02505268156528473 1.001607060432434
v 0.08263403177261353 -0.02362043224275112 1.001721978187561
v -0.0503767654299736 -0.024135718122124672 1.0121650695800781
v -0.021809235215187073 -0.02702663652598858 1.0060222148895264
v 0.0048662275075912476 -0.026065679267048836 0.9989780187606812
v 0.03284147381782532 -0.025017162784934044 0.9962685704231262
v 0.06389645487070084 -0.025006556883454323 1.0018022060394287
v -0.06213923916220665 -0.02421329915523529 1.007663607597351
v -0.033601727336645126 -0.026104234158992767 1.0053770542144775
v -0.006128429900854826 -0.02637176588177681 1.005730152130127
v 0.021899498999118805 -0.02508784830570221 0.9920369982719421
v 0.0503222681581974 -0.023975659161806107 1.0044119358062744
v -0.07848190516233444 -0.026049107313156128 1.0097757577896118
v -0.04361437261104584 -0.024586623534560204 1.0064724683761597
v -0.015065000392496586 -0.02639659307897091 1.0068737268447876
v 0.011497369967401028 -0.024887628853321075 0.9945016503334045
v 0.03933398425579071 -0.024433473125100136 0.9982943534851074
v 0.07281138747930527 -0.023703299462795258 1.0008002519607544
v -0.05524490773677826 -0.02320169471204281 1.011799693107605
v -0.02788439206779003 -0.025882570073008537 1.005875825881958
v -0.0008619806612841785 -0.02510084956884384 1.0028998851776123
v 0.027284368872642517 -0.023911932483315468 0.9968042969703674
v 0.05673801153898239 -0.023689672350883484 1.0036289691925049
v -0.06962016969919205 -0.024369440972805023 1.0099846124649048
v -0.038349129259586334 -0.02513199672102928 1.0056549310684204
v -0.010451572015881538 -0.025687415152788162 1.0058616399765015
v 0.0173744298517704 -0.02419373020529747 0.9889918565750122
v 0.045251090079545975 -0.023310774937272072 1.0007407665252686
v 0.08428575098514557 -0.02173265814781189 1.0016672611236572
v -0.049765776842832565 -0.02288537099957466 1.0115036964416504
v -0.02124696969985962 -0.025976428762078285 1.0054265260696411
v 0.005780342500656843 -0.02436337061226368 0.9967597723007202
v 0.033361904323101044 -0.02348695881664753 0.9972651600837708
v 0.06459317356348038 -0.023339780047535896 1.0015690326690674
v -0.06136462464928627 -0.022928444668650627 1.0076674222946167
v -0.033271171152591705 -0.02468070015311241 1.0049610137939453
v -0.00548939872533083 -0.024848617613315582 1.0037357807159424
v 0.022331593558192253 -0.02353052608668804 0.9923116564750671
v 0.050733573734760284 -0.02226538211107254 1.0043755769729614
v -0.07411208003759384 -0.02519855834543705 0.9880527853965759
v -0.043349478393793106 -0.023150615394115448 1.0059220790863037
v -0.01448035053908825 -0.025013262405991554 1.0070568323135376
v 0.012246750295162201 -0.023336054757237434 0.9929677248001099
v 0.03999614715576172 -0.022687118500471115 0.9989374279975891
v 0.07335061579942703 -0.02192441001534462 1.0005747079849243
v -0.05487290397286415 -0.021728606894612312 1.0126934051513672
v -0.027210144326090813 -0.024985449388623238 1.005051851272583
v -0.00021280004875734448 -0.023631319403648376 1.0023823976516724
v 0.02777663618326187 -0.022500166669487953 0.99741530418396
v 0.057350240647792816 -0.021988289430737495 1.0033551454544067
v -0.06861655414104462 -0.022985337302088737 1.0099048614501953
v -0.03798423334956169 -0.023655874654650688 1.0060012340545654
v -0.01011176872998476 -0.024293486028909683 1.0048820972442627
v 0.017679212614893913 -0.022665787488222122 0.989732027053833
v 0.04577403888106346 -0.021425670012831688 1.0003461837768555
v -0.08899521827697754 -0.023737870156764984 0.9906291961669922
v -0.048999376595020294 -0.02151036262512207 1.0093265771865845
v -0.020645087584853172 -0.024874642491340637 1.0046058893203735
v 0.006635054014623165 -0.022657277062535286 0.9950708150863647
v 0.03402627632021904 -0.02183239534497261 0.9972115159034729
v 0.06518301367759705 -0.02163451537489891 1.0013178586959839
v -0.06051933392882347 -0.02154470980167389 1.0076289176940918
v -0.03292059525847435 -0.02345965802669525 1.0049711465835571
v -0.0051202112808823586 -0.023173056542873383 1.000807285308838
v 0.022872570902109146 -0.02199496328830719 0.9913737177848816
v 0.05122368037700653 -0.020584680140018463 1.0042335987091064
v -0.07366876304149628 -0.02347555011510849 0.9902750253677368
v -0.04315483942627907 -0.02186739072203636 1.0058348178863525
v -0.014065656810998917 -0.02376137301325798 1.0066547393798828
v 0.012908047065138817 -0.021809691563248634 0.9916419982910156
v 0.040554698556661606 -0.020898031070828438 1.0000826120376587
v 0.07384276390075684 -0.019992269575595856 1.000396490097046
v -0.05428135022521019 -0.020505256950855255 1.0129389762878418
v -0.02636757306754589 -0.023627037182450294 0.9992921352386475
v 0.0004586716240737587 -0.02219945378601551 1.0018304586410522
v 0.028298383578658104 -0.0209807101637125 0.9964635968208313
v 0.05797049403190613 -0.020273370668292046 1.0030699968338013
v -0.06737106293439865 -0.021770114079117775 1.009832501411438
v -0.0378168486058712 -0.022305505350232124 1.006248116493225
v -0.009569103829562664 -0.022746926173567772 1.0015815496444702
v 0.017975028604269028 -0.02109990082681179 0.9911521077156067
v 0.046317923814058304 -0.019657490774989128 1.0006922483444214
v -0.08466491848230362 -0.022673936560750008 0.9942301511764526
v -0.04819675162434578 -0.020321138203144073 1.00751531124115
v -0.020273296162486076 -0.023886367678642273 1.0029677152633667
v 0.007210677955299616 -0.021053507924079895 0.994310736656189
v 0.03473987802863121 -0.020227639004588127 0.9972383975982666
v 0.06574299186468124 -0.019815683364868164 1.0011136531829834
v -0.05973803997039795 -0.020298724994063377 1.0082613229751587
v -0.03258512541651726 -0.022397050634026527 1.005170226097107
v -0.004604759626090527 -0.021810634061694145 1.0001250505447388
v 0.02345893159508705 -0.020317189395427704 0.9911045432090759
v 0.05174141004681587 -0.01894287019968033 1.0039873123168945
v -0.07319939881563187 -0.02171768620610237 0.9928967952728271
v -0.0429292693734169 -0.020855030044913292 1.0060949325561523
v -0.013772060163319111 -0.022418860346078873 1.0047402381896973
v 0.013519471511244774 -0.020220676437020302 0.9911369681358337
v 0.04102785512804985 -0.01915266178548336 1.0009368658065796
v 0.07430052757263184 -0.01822236366569996 1.0003271102905273
v -0.05369233340024948 -0.01952456869184971 1.0127500295639038
v -0.025665124878287315 -0.022196687757968903 0.9973599314689636
v 0.001314327702857554 -0.020605063065886497 1.0005656480789185
v 0.028914617374539375 -0.01946238987147808 0.9956540465354919
v 0.05853430554270744 -0.018491100519895554 1.0028010606765747
v -0.06623388826847076 -0.020691728219389915 1.009764552116394
v -0.03753146156668663 -0.02132723666727543 1.0065090656280518
v -0.008928807452321053 -0.021093789488077164 0.9981768131256104
v 0.018405454233288765 -0.019574202597141266 0.991085410118103
v 0.04669275879859924 -0.018036723136901855 1.0020596981048584
v -0.08305863291025162 -0.021013520658016205 0.9967548847198486
v -0.048000480979681015 -0.019289284944534302 1.006778359413147
v -0.01911122538149357 -0.02177414298057556 0.9956953525543213
v 0.007890538312494755 -0.019513603299856186 0.9938529133796692
v 0.035435955971479416 -0.01867460273206234 0.9983802437782288
v 0.06627019494771957 -0.017930246889591217 1.0007861852645874
v -0.058875907212495804 -0.019309360533952713 1.0096770524978638
v -0.03236224874854088 -0.021318824961781502 1.0039232969284058
v -0.004075320903211832 -0.020432986319065094 0.998625636100769
v 0.02400510013103485 -0.01886400207877159 0.9913328886032104
v 0.05235128849744797 -0.01726745069026947 1.0036333799362183
v -0.07262986153364182 -0.02008684165775776 0.9958540201187134
v -0.04265611246228218 -0.019998015835881233 1.0063115358352661
v -0.013426341116428375 -0.020392537117004395 0.9994485974311829
v 0.014015166088938713 -0.01877146027982235 0.9911893010139465
v 0.04164062440395355 -0.017461946234107018 1.0018866062164307
v 0.0748629942536354 -0.01654132828116417 0.9998898506164551
v -0.05324702337384224 -0.018464364111423492 1.0119287967681885
v -0.025124330073595047 -0.020657934248447418 0.9962664246559143
v 0.002165214391425252 -0.019063539803028107 0.9984018206596375
v 0.029593614861369133 -0.01802222803235054 0.9954052567481995
v 0.05904410406947136 -0.01668119616806507 1.0026378631591797
v -0.06504861265420914 -0.019635634496808052 1.0096673965454102
v -0.03711650148034096 -0.020313389599323273 1.0065590143203735
v -0.00822020135819912 -0.019411321729421616 0.9950042366981506
v 0.01900101825594902 -0.018144182860851288 0.9909916520118713
v 0.046927496790885925 -0.016478464007377625 1.0029367208480835
v -0.08171252906322479 -0.019365394487977028 0.9981138110160828
v -0.047980327159166336 -0.01820211671292782 1.0064222812652588
v -0.018498951569199562 -0.019938809797167778 0.994518518447876
v 0.008671347983181477 -0.017969757318496704 0.9937323927879333
v 0.03622666001319885 -0.017059214413166046 1.0001405477523804
v 0.06684307008981705 -0.016060376539826393 1.0004116296768188
v -0.05791587755084038 -0.018366089090704918 1.0110276937484741
v -0.031197577714920044 -0.0197795070707798 0.9995285868644714
v -0.0032437655609101057 -0.019091809168457985 0.9957894682884216
v 0.02459748648107052 -0.017386864870786667 0.9922509789466858
v 0.05303493142127991 -0.015569285489618778 1.003345012664795
v -0.0721895769238472 -0.018377523869276047 0.9985484480857849
v -0.04217768833041191 -0.019404035061597824 1.0064972639083862
v -0.013054005801677704 -0.01872880384325981 0.9980989098548889
v 0.014436822384595871 -0.017244350165128708 0.9920257925987244
v 0.04220521077513695 -0.015772085636854172 1.004036784172058
v 0.07585655897855759 -0.015106579288840294 0.9993846416473389
v -0.05267173796892166 -0.016974104568362236 1.0102345943450928
v -0.024402987211942673 -0.019048161804676056 0.9947732090950012
v 0.0029959746170789003 -0.01775132492184639 0.9977134466171265
v 0.030322933569550514 -0.01666216179728508 0.9954310655593872
v 0.05951400101184845 -0.014788848347961903 1.0025850534439087
v -0.06434667855501175 -0.01849396340548992 1.009375810623169
v -0.036692749708890915 -0.01913193240761757 1.0042988061904907
v -0.007597464136779308 -0.017825596034526825 0.9937206506729126
v 0.01950654573738575 -0.016720252111554146 0.9916015267372131
v 0.047380972653627396 -0.014947357587516308 1.0027680397033691
v -0.08074281364679337 -0.017708992585539818 0.9988327026367188
v -0.04764563590288162 -0.017056461423635483 1.006494402885437
v -0.018015101552009583 -0.018130561336874962 0.9942410588264465
v 0.009411761537194252 -0.016315778717398643 0.994822084903717
v 0.03695778548717499 -0.015397929586470127 1.0013206005096436
v 0.06755246967077255 -0.014275615103542805 0.9999570846557617
v -0.05701892077922821 -0.017176708206534386 1.0110255479812622
v -0.030207347124814987 -0.01823880523443222 0.995711624622345
v -0.0023783950600773096 -0.01750768907368183 0.9924463033676147
v 0.02517019957304001 -0.01604912430047989 0.993240475654602
v 0.05364282801747322 -0.013848711736500263 1.0032273530960083
v -0.0715690553188324 -0.0168342012912035 1.0008893013000488
v -0.04190729185938835 -0.018560755997896194 1.0061488151550293
v -0.012591036967933178 -0.01695874333381653 0.9971444606781006
v 0.014889337122440338 -0.01573149673640728 0.9937766194343567
v 0.042606014758348465 -0.014229128137230873 1.0050532817840576
v 0.07707293331623077 -0.013665281236171722 0.9987877607345581
v -0.052104465663433075 -0.01524725928902626 1.0083894729614258
v -0.0237467959523201 -0.017293265089392662 0.9936313033103943
v 0.003733281046152115 -0.016334859654307365 0.997333288192749
v 0.031136268749833107 -0.015183020383119583 0.9944798946380615
v 0.06006784737110138 -0.012981776148080826 1.0027406215667725
v -0.06232982873916626 -0.01719307154417038 0.9904106259346008
v -0.03601739928126335 -0.01777922362089157 1.000050663948059
v -0.007128505501896143 -0.01624639704823494 0.9934185743331909
v 0.020076747983694077 -0.015367095358669758 0.9928334951400757
v 0.047925930470228195 -0.01342274621129036 1.0022507905960083
v -0.07981310784816742 -0.01592949777841568 0.9991541504859924
v -0.04743364825844765 -0.01631816290318966 1.0062198638916016
v -0.01758463680744171 -0.016393251717090607 0.9944360256195068
v 0.010201453231275082 -0.014646939001977444 0.9973635077476501
v 0.037738900631666183 -0.01388268731534481 1.0018327236175537
v 0.06844767183065414 -0.012449897825717926 0.9993413686752319
v -0.05631677061319351 -0.01565738208591938 1.0089001655578613
v -0.02929755672812462 -0.016597993671894073 0.9931297302246094
v -0.0016212236369028687 -0.015897495672106743 0.9910342693328857
v 0.025771744549274445 -0.014605957083404064 0.9937145709991455
v 0.05418354272842407 -0.012158242054283619 1.003214716911316
v -0.07098010927438736 -0.015345911495387554 1.0020452737808228
v -0.04145916923880577 -0.017161253839731216 1.0037391185760498
v -0.012003815732896328 -0.015292337164282799 0.9960123896598816
v 0.015339267440140247 -0.014187918975949287 0.9942581057548523
v 0.04315418004989624 -0.012641255743801594 1.0050122737884521
v 0.07836458832025528 -0.011626188643276691 0.9950959086418152
v -0.05190510302782059 -0.014488877728581429 1.0079835653305054
v -0.023203175514936447 -0.015499058179557323 0.9935315847396851
v 0.004521968774497509 -0.014699647203087807 0.996051549911499
v 0.03198494389653206 -0.01344557385891676 0.9936133623123169
v 0.060712069272994995 -0.011311384849250317 1.0029679536819458
v -0.06155121698975563 -0.015042539685964584 0.9900251030921936
v -0.03517306223511696 -0.016111820936203003 0.996487021446228
v -0.006638761144131422 -0.014549948275089264 0.9934500455856323
v 0.020708011463284492 -0.013885986059904099 0.9928046464920044
v 0.04856347292661667 -0.011843281798064709 1.0016731023788452
v -0.07877028733491898 -0.014016928151249886 0.9991404414176941
v -0.04714661091566086 -0.01550599280744791 1.0051696300506592
v -0.01714213378727436 -0.014703108929097652 0.9949517846107483
v 0.010728899389505386 -0.013144979253411293 0.9972623586654663
v 0.038381222635507584 -0.012162086553871632 1.0004491806030273
v 0.06958846747875214 -0.010592317208647728 0.9988824725151062
v -0.05570950731635094 -0.014208266511559486 1.0081499814987183
v -0.028551630675792694 -0.014857284724712372 0.9920955300331116
v -0.0009580631740391254 -0.014207359403371811 0.9905465841293335
v 0.026466866955161095 -0.013113224878907204 0.9934727549552917
v 0.05481899902224541 -0.01045164093375206 1.003350853919983
v -0.07051605731248856 -0.013748661614954472 1.0018812417984009
v -0.04109833016991615 -0.015323333442211151 1.0015437602996826
v -0.011430379003286362 -0.013490292243659496 0.9951349496841431
v 0.015748346224427223 -0.012619220651686192 0.9945458769798279
v 0.043706461787223816 -0.011130232363939285 1.0044081211090088
v 0.07968815416097641 -0.009946510195732117 0.9942224025726318
v -0.05146092548966408 -0.013627007603645325 1.0071640014648438
v -0.02268861047923565 -0.013844986446201801 0.9944232106208801
v 0.005307124927639961 -0.012984911911189556 0.9947437047958374
v 0.03275727853178978 -0.011642049066722393 0.9934244155883789
v 0.06155357509851456 -0.009704554453492165 1.0027204751968384
v -0.06114918366074562 -0.013285614550113678 0.9917023181915283
v -0.034556467086076736 -0.014292138628661633 0.994194507598877
v -0.006160971708595753 -0.012902067974209785 0.9931543469429016
v 0.021422341465950012 -0.012280043214559555 0.9920116662979126
v 0.04923755303025246 -0.010234415531158447 1.001164436340332
v -0.07778603583574295 -0.012057347223162651 0.9992862939834595
v -0.04652261734008789 -0.01421978510916233 1.0028741359710693
v -0.016509830951690674 -0.013064195401966572 0.994045078754425
v 0.011251004412770271 -0.011554931290447712 0.9964314699172974
v 0.039027053862810135 -0.010381758213043213 0.9993290901184082
v 0.07078483700752258 -0.00875131692737341 0.9984523057937622
v -0.05515743046998978 -0.013275247998535633 1.00847327709198
v -0.027928080409765244 -0.013164419680833817 0.9918258786201477
v -0.00033721610088832676 -0.01245949137955904 0.9907745122909546
v 0.027232160791754723 -0.01145484670996666 0.9919843673706055
v 0.05547625198960304 -0.008813032880425453 1.003522515296936
v -0.0683550238609314 -0.011252121068537235 0.9966964721679688
v -0.04077383130788803 -0.01344036404043436 1.000045657157898
v -0.010851935483515263 -0.011799787171185017 0.9948751926422119
v 0.016254639253020287 -0.011053429916501045 0.9949878454208374
v 0.044317200779914856 -0.009642445482313633 1.0035152435302734
v 0.08119846135377884 -0.008195176720619202 0.9940841794013977
v -0.05112225189805031 -0.012490312568843365 1.0061341524124146
v -0.022158650681376457 -0.012355504557490349 0.9957592487335205
v 0.005962602328509092 -0.011249146424233913 0.9939633011817932
v 0.03349810466170311 -0.009895591996610165 0.9942906498908997
v 0.06255916506052017 -0.008060392923653126 1.0023081302642822
v -0.06075585260987282 -0.011616399511694908 0.994441032409668
v -0.03386230394244194 -0.012488516978919506 0.9924970269203186
v -0.005561341997236013 -0.011297372169792652 0.9933145046234131
v 0.022112121805548668 -0.010606619529426098 0.9915523529052734
v 0.04999702051281929 -0.008606815710663795 1.0006567239761353
v -0.07688088715076447 -0.010092041455209255 0.999506413936615
v -0.0457724928855896 -0.012676562182605267 1.0006577968597412
v -0.015770478174090385 -0.0112648019567132 0.9931033849716187
v 0.011755585670471191 -0.009958616457879543 0.995815634727478
v 0.03980088233947754 -0.008748169988393784 0.9998072385787964
v 0.07204427570104599 -0.006848914548754692 0.9980993866920471
v -0.05470156669616699 -0.011306792497634888 1.0013941526412964
v -0.027299754321575165 -0.01155409961938858 0.9913398027420044
v 0.00024165151990018785 -0.010840030387043953 0.9915477633476257
v 0.028020750731229782 -0.009694166481494904 0.9911080002784729
v 0.056333236396312714 -0.007206859067082405 1.0038807392120361
v -0.06779661774635315 -0.009685834869742393 0.9988123178482056
v -0.04029330238699913 -0.011641908437013626 0.9985557198524475
v -0.01034114696085453 -0.010202288627624512 0.9952995181083679
v 0.016913825646042824 -0.009578816592693329 0.9945054650306702
v 0.04506893828511238 -0.007963237352669239 1.0025253295898438
v 0.08358677476644516 -0.006219695322215557 0.9938957095146179
v -0.05073678120970726 -0.011385846883058548 1.0049195289611816
v -0.021567601710557938 -0.010814185254275799 0.9958198666572571
v 0.006584732327610254 -0.009467832744121552 0.9935081601142883
v 0.03418556600809097 -0.008240328170359135 0.9967454075813293
v 0.0637001320719719 -0.006401150021702051 1.001943826675415
v -0.060310520231723785 -0.010021324269473553 0.9980258941650391
v -0.03314746916294098 -0.010670825839042664 0.9916775822639465
v -0.004979372955858707 -0.009666376747190952 0.9938724040985107
v 0.02275748923420906 -0.008947521448135376 0.991349995136261
v 0.0508432611823082 -0.0069366381503641605 1.0005052089691162
v -0.07611916959285736 -0.00832553580403328 1.0002572536468506
v -0.0448869913816452 -0.010835254564881325 0.9991148114204407
v -0.01517340075224638 -0.009484668262302876 0.993055522441864
v 0.012222024612128735 -0.0083619374781847 0.9960814118385315
v 0.04031885042786598 -0.007127560209482908 1.001672625541687
v 0.07329979538917542 -0.004758063703775406 0.997869074344635
v -0.053322210907936096 -0.009667382575571537 0.9917630553245544
v -0.026583747938275337 -0.00981532409787178 0.9900756478309631
v 0.0008936995291151106 -0.009198656305670738 0.9924042820930481
v 0.028722675517201424 -0.007974643260240555 0.9911123514175415
v 0.05727243795990944 -0.005782109685242176 1.0039608478546143
v -0.06736141443252563 -0.008098089136183262 1.0019890069961548
v -0.03934986889362335 -0.00981085654348135 0.9946500062942505
v -0.009829111397266388 -0.00867814663797617 0.9958661794662476
v 0.017613669857382774 -0.008003666065633297 0.9936663508415222
v 0.04584313929080963 -0.0060545760206878185 1.0014644861221313
v -0.08879397809505463 -0.006507114972919226 0.9959415793418884
v -0.04865121468901634 -0.008424319326877594 0.9872400760650635
v -0.020625049248337746 -0.009127768687903881 0.9930974245071411
v 0.007223424036055803 -0.007637615315616131 0.9933282732963562
v 0.03482523933053017 -0.006753276102244854 0.9977757334709167
v 0.06494811922311783 -0.004739424679428339 1.0015438795089722
v -0.059836212545633316 -0.008506637066602707 1.0008089542388916
v -0.03240594640374184 -0.008824493736028671 0.990841805934906
v -0.004441216588020325 -0.008120696991682053 0.9943554401397705
v 0.023344174027442932 -0.007291675079613924 0.9910640716552734
v 0.05185924097895622 -0.0052602593787014484 1.0010008811950684
v -0.07543019205331802 -0.006677955389022827 1.0012562274932861
v -0.04412093013525009 -0.008981085382401943 0.9984920024871826
v -0.014623189345002174 -0.007716309744864702 0.9935161471366882
v 0.012577143497765064 -0.00683113606646657 0.9963993430137634
v 0.04077872261404991 -0.005450459662824869 1.002697229385376
v 0.07450737804174423 -0.0025732582435011864 0.9976316690444946
v -0.053151000291109085 -0.008019991219043732 0.9962636828422546
v -0.025883633643388748 -0.007959757000207901 0.9895101189613342
v 0.0016193317715078592 -0.00753874471411109 0.9904561638832092
v 0.02936156839132309 -0.006295926868915558 0.991818904876709
v 0.058243703097105026 -0.004284434020519257 1.0034369230270386
v -0.06686940789222717 -0.006586401257663965 1.0026919841766357
v -0.03836359083652496 -0.008021325804293156 0.9923432469367981
v -0.00921899825334549 -0.007156924344599247 0.9953078627586365
v 0.01818033494055271 -0.006452040281146765 0.9927524924278259
v 0.04645877704024315 -0.004435879178345203 1.0004856586456299
v -0.08468513935804367 -0.005058705806732178 0.998704731464386
v -0.048172853887081146 -0.006846842356026173 0.9892314672470093
v -0.019728321582078934 -0.0072931027971208096 0.9911629557609558
v 0.007829507812857628 -0.0057861884124577045 0.9936166405677795
v 0.035586658865213394 -0.005246453918516636 0.9978479146957397
v 0.0662626400589943 -0.003027551807463169 1.0010429620742798
v -0.05932667851448059 -0.0070105926133692265 1.0022698640823364
v -0.031665071845054626 -0.006878313608467579 0.9894687533378601
v -0.003889750689268112 -0.006566101219505072 0.9937628507614136
v 0.023871390148997307 -0.005611106753349304 0.9910528063774109
v 0.052835430949926376 -0.003617212874814868 1.0013936758041382
v -0.07464609295129776 -0.005009669344872236 1.0018200874328613
v -0.04333806782960892 -0.0071969772689044476 0.9982500672340393
v -0.014077934436500072 -0.006068254821002483 0.9940525889396667
v 0.012981324456632137 -0.005289842374622822 0.9960693717002869
v 0.04133301600813866 -0.0037700014654546976 1.0030522346496582
v 0.07592656463384628 -0.0006534393178299069 0.997344970703125
v -0.05301851034164429 -0.006435880903154612 1.0001987218856812
v -0.025275375694036484 -0.006095840595662594 0.9898906946182251
v 0.002249449957162142 -0.005706740543246269 0.9890671372413635
v 0.02996017597615719 -0.004529784433543682 0.9934182167053223
v 0.05923924595117569 -0.0026864695828408003 1.0028562545776367
v -0.06628978252410889 -0.004970072768628597 1.0028325319290161
v -0.03740181028842926 -0.006162127014249563 0.9892008900642395
v -0.00859611015766859 -0.005584106780588627 0.9935770630836487
v 0.018640775233507156 -0.004737385548651218 0.992285966873169
v 0.04702729359269142 -0.002992036519572139 0.9999914169311523
v -0.08345790207386017 -0.0033997383434325457 1.0005983114242554
v -0.04768705740571022 -0.005454486235976219 0.9923985600471497
v -0.01901543140411377 -0.005519296508282423 0.9906713962554932
v 0.00829987321048975 -0.004025425761938095 0.9951561093330383
v 0.03634290397167206 -0.003685524221509695 0.9979875683784485
v 0.06761407852172852 -0.0012681108200922608 1.0003385543823242
v -0.05884021148085594 -0.005441393703222275 1.003062129020691
v -0.031010471284389496 -0.004937571473419666 0.9890235066413879
v -0.0030351222958415747 -0.005042194854468107 0.9913824796676636
v 0.02432500571012497 -0.003911285661160946 0.9918623566627502
v 0.053726524114608765 -0.002024913439527154 1.001493215560913
v -0.07380219548940659 -0.00339716044254601 1.0022287368774414
v -0.042615413665771484 -0.005311782471835613 0.9979293346405029
v -0.013526377268135548 -0.004466872196644545 0.993574857711792
v 0.01364366989582777 -0.0036305126268416643 0.9944491386413574
v 0.04191337525844574 -0.002249271608889103 1.003366231918335
v 0.07747121155261993 0.0014445811975747347 0.9962106943130493
v -0.05289426073431969 -0.004837011452764273 1.0025289058685303
v -0.024825550615787506 -0.004240714479237795 0.9911882281303406
v 0.0030585285276174545 -0.003933383151888847 0.9891886711120605
v 0.03052625246345997 -0.0028857740107923746 0.9946664571762085
v 0.0602387972176075 -0.0011322160717099905 1.0023752450942993
v -0.0656994879245758 -0.0033725255634635687 1.0028609037399292
v -0.036504317075014114 -0.004248476587235928 0.98729407787323
v -0.008045671507716179 -0.004004610702395439 0.9929788708686829
v 0.01903831586241722 -0.003030481282621622 0.9924929738044739
v 0.04758405312895775 -0.0015194315928965807 0.99964839220047
v -0.0821690559387207 -0.0017179060960188508 1.0017523765563965
v -0.047184426337480545 -0.004117549862712622 0.9967783689498901
v -0.018451184034347534 -0.0038006515242159367 0.9910159111022949
v 0.008680814877152443 -0.002331182360649109 0.9967257380485535
v 0.03713010251522064 -0.0020007577259093523 0.9988021850585938
v 0.0688956156373024 0.0004932140582241118 0.9991757273674011
v -0.05836670100688934 -0.0037346913013607264 1.0035171508789062
v -0.030365286394953728 -0.003060844261199236 0.9897047281265259
v -0.002269014483317733 -0.003203054191544652 0.9899572730064392
v 0.024819452315568924 -0.0021937815472483635 0.9935154318809509
v 0.054619576781988144 -0.0005065889563411474 1.0014663934707642
v -0.07293804734945297 -0.0018657469190657139 1.0025360584259033
v -0.04216083139181137 -0.0035733019467443228 0.9975070953369141
v -0.012916093692183495 -0.0028741895221173763 0.9930837750434875
v 0.014214891009032726 -0.0019536123145371675 0.9928971529006958
v 0.04255156219005585 -0.0007937215850688517 1.0039771795272827
v 0.07992729544639587 0.003358874935656786 0.9836841225624084
v -0.052443500608205795 -0.003126939292997122 1.0042706727981567
v -0.024336667731404305 -0.002498094690963626 0.9924038052558899
v 0.0037251932080835104 -0.0021930227521806955 0.9904369711875916
v 0.03123772144317627 -0.0012842077994719148 0.9949277639389038
v 0.061290010809898376 0.000432716216892004 1.0018898248672485
v -0.0650160163640976 -0.0018185380613431334 1.002905011177063
v -0.035817623138427734 -0.002455854555591941 0.9865424036979675
v -0.007472360972315073 -0.0024667629040777683 0.9924612641334534
v 0.01950388215482235 -0.00129508669488132 0.9933918714523315
v 0.048337142914533615 -7.011056004557759e-05 1.000140905380249
v -0.08107587695121765 -8.989343041321263e-05 1.0023236274719238
v -0.04679705202579498 -0.0024875958915799856 1.0010994672775269
v -0.017933521419763565 -0.0021885938476771116 0.9919297695159912
v 0.009055736474692822 -0.0007694146479479969 0.9964640736579895
v 0.038325920701026917 -0.000313900294713676 1.0034773349761963
v 0.07021316885948181 0.002221253700554371 0.997653067111969
v -0.057827144861221313 -0.0019770346116274595 1.0038743019104004
v -0.02975337579846382 -0.0014582729199901223 0.9903925657272339
v -0.0016577520873397589 -0.001396974315866828 0.9901852011680603
v 0.025319023057818413 -0.000517602835316211 0.9943437576293945
v 0.05550888553261757 0.0009857745608314872 1.001493215560913
v -0.07204028964042664 -0.0003537891316227615 1.0025832653045654
v -0.041917722672224045 -0.0018319875234737992 0.9967413544654846
v -0.012321398593485355 -0.0013738427078351378 0.992971658706665
v 0.014731387607753277 -0.0003061353345401585 0.9923893213272095
v 0.043265145272016525 0.0006387242465279996 1.0052000284194946
v 0.08109674602746964 0.00472317636013031 0.983867883682251
v -0.05171634256839752 -0.0014435730408877134 1.0063908100128174
v -0.023637259379029274 -0.0010091656586155295 0.9922396540641785
v 0.004253839608281851 -0.0003305623831693083 0.9934476017951965
v 0.03187582641839981 0.00017893797485157847 0.9953517317771912
v 0.062312860041856766 0.00222803489305079 1.0013175010681152
v -0.06420724093914032 -0.00027238839538767934 1.0029876232147217
v -0.0351945199072361 -0.0006819475092925131 0.9867827892303467
v -0.006674064323306084 -0.0009451641817577183 0.9905804991722107
v 0.020007150247693062 0.0003563195059541613 0.9943177700042725
v 0.04918739199638367 0.0013331009540706873 1.0018903017044067
v -0.08002616465091705 0.001490764319896698 1.002645492553711
v -0.04642143100500107 -0.0008012889884412289 1.0025781393051147
v -0.017423339188098907 -0.0006254547624848783 0.9928933382034302
v 0.009640136733651161 0.0007561023812741041 0.9956800937652588
v 0.038491569459438324 0.0014033777406439185 1.001688838005066
v 0.07189685851335526 0.0041467794217169285 0.9952448010444641
v -0.05719758942723274 -0.0002728756226133555 1.0044028759002686
v -0.029130108654499054 0.00010734720854088664 0.989659309387207
v -0.000987439532764256 0.00027310571749694645 0.9914935827255249
v 0.02588450163602829 0.0011448814766481519 0.995627760887146
v 0.05640776827931404 0.002604798646643758 1.0015963315963745
v -0.07131961733102798 0.0011322952341288328 1.0025811195373535
v -0.04150477424263954 0.0001450127747375518 0.9959632158279419
v -0.011713521555066109 0.00010501120414119214 0.9933179616928101
v 0.015217415988445282 0.0012582114432007074 0.9928566813468933
v 0.04386219382286072 0.0020912557374686003 1.0065675973892212
v 0.08230084180831909 0.005788827780634165 0.9814442992210388
v -0.05088754743337631 0.0002927510067820549 1.0082719326019287
v -0.022816650569438934 0.00023413302551489323 0.9905902743339539
v 0.004832601174712181 0.0012843831209465861 0.9951294660568237
v 0.032495513558387756 0.0016354718245565891 0.996618390083313
v 0.06329028308391571 0.004119155462831259 1.0006533861160278
v -0.06331919133663177 0.0012964247725903988 1.0032273530960083
v -0.03471577167510986 0.0011769197881221771 0.9882740378379822
v -0.005894379690289497 0.0007593673071824014 0.9896892309188843
v 0.02059003710746765 0.001962291542440653 0.9952270984649658
v 0.050019800662994385 0.002861183835193515 1.0037976503372192
v -0.07895766198635101 0.0030227494426071644 1.0029457807540894
v -0.04606247320771217 0.0009937490103766322 1.003414273262024
v -0.01673990488052368 0.0008665238274261355 0.9921231865882874
v 0.010333753190934658 0.002266842406243086 0.9953914284706116
v 0.03946187347173691 0.0029528820887207985 1.0015546083450317
v 0.07355603575706482 0.006065380293875933 0.9914900660514832
v -0.056465376168489456 0.0014128813054412603 1.0050338506698608
v -0.028408827260136604 0.001634109765291214 0.989206075668335
v -0.00023554617655463517 0.001851575681939721 0.9923660159111023
v 0.026540545746684074 0.002557483036071062 0.9967264533042908
v 0.05723422393202782 0.004306454211473465 1.0016520023345947
v -0.07066472619771957 0.002646961249411106 1.002546787261963
v -0.040876563638448715 0.0018528287764638662 0.9957581758499146
v -0.011029168963432312 0.0015846861060708761 0.9930842518806458
v 0.015620795078575611 0.002737354952841997 0.9947021007537842
v 0.04442049190402031 0.003592167980968952 1.0068081617355347
v 0.08383078128099442 0.006976146250963211 0.979348361492157
v -0.0502639003098011 0.0019760632421821356 1.0084847211837769
v -0.021878574043512344 0.0016352394595742226 0.9885729551315308
v 0.005514334421604872 0.0029440317302942276 0.9953967928886414
v 0.033235546201467514 0.0031204649712890387 0.9976813197135925
v 0.06428425759077072 0.006020155269652605 0.9999257326126099
v -0.06246960163116455 0.0029040416702628136 1.0034558773040771
v -0.03438134491443634 0.002684004371985793 0.9920235872268677
v -0.0052365330047905445 0.002340231789276004 0.9895018339157104
v 0.021127209067344666 0.003400312038138509 0.9963956475257874
v 0.05096543952822685 0.004508185666054487 1.0045671463012695
v -0.07805394381284714 0.004476593807339668 1.003098487854004
v -0.045793622732162476 0.0027279986534267664 1.0043561458587646
v -0.016078488901257515 0.00243531446903944 0.9913063049316406
v 0.010959860868752003 0.003731050528585911 0.9958593845367432
v 0.04012881964445114 0.004612894728779793 1.0058637857437134
v 0.07470094412565231 0.007585819344967604 0.9889612793922424
v -0.055675145238637924 0.0030815626960247755 1.0050997734069824
v -0.027790280058979988 0.0030757621861994267 0.9893624782562256
v 0.0004783112381119281 0.003504459746181965 0.9940513968467712
v 0.027358215302228928 0.0038650319911539555 0.9956310987472534
v 0.05797412246465683 0.006057846825569868 1.001650333404541
v -0.0700225979089737 0.004246220458298922 1.0025743246078491
v -0.04027039185166359 0.003573349677026272 0.9969595074653625
v -0.010349766351282597 0.003104407573118806 0.9916417598724365
v 0.016039619222283363 0.004086923785507679 0.9970600605010986
v 0.04496072605252266 0.005120122339576483 1.006757378578186
v 0.08495495468378067 0.007978619076311588 0.9780884385108948
v -0.04968232661485672 0.003537487704306841 1.008461833000183
v -0.02112669125199318 0.003104755189269781 0.9878129959106445
v 0.006137697491794825 0.004582644905894995 0.9965541362762451
v 0.03415565565228462 0.004531162325292826 0.9971042275428772
v 0.06542868167161942 0.007853212766349316 0.9993399381637573
v -0.06163562089204788 0.004461369477212429 1.003565788269043
v -0.03395351767539978 0.004228571895509958 0.9933598637580872
v -0.004608849994838238 0.003958981018513441 0.9899159669876099
v 0.02170928753912449 0.004764654207974672 0.9966471791267395
v 0.051721736788749695 0.006291897967457771 1.004265546798706
v -0.07726353406906128 0.006002471782267094 1.003244400024414
v -0.045409053564071655 0.0044888523407280445 1.0048903226852417
v -0.015549492090940475 0.004036875907331705 0.9910737872123718
v 0.011428470723330975 0.005155906081199646 0.9959046244621277
v 0.040359653532505035 0.006292344070971012 1.0065906047821045
v 0.07549194991588593 0.008803335018455982 0.9871777892112732
v -0.05490873008966446 0.004706732463091612 1.00492525100708
v -0.0272305216640234 0.004486696794629097 0.989948570728302
v 0.0012110534589737654 0.005270224530249834 0.9968109726905823
v 0.028145097196102142 0.005282803904265165 0.9945446848869324
v 0.0587182380259037 0.007814343087375164 1.0016376972198486
v -0.06928348541259766 0.005871258210390806 1.0028362274169922
v -0.039767295122146606 0.005246163811534643 0.9978838562965393
v -0.00967441126704216 0.0048057143576443195 0.9913813471794128
v 0.016474660485982895 0.005254981108009815 0.997041642665863
v 0.04553643986582756 0.0067239305935800076 1.00650155544281
v 0.08746060729026794 0.009515773504972458 0.9757577776908875
v -0.049272194504737854 0.00511512765660882 1.0079691410064697
v -0.02062419429421425 0.004665809217840433 0.9877257943153381
v 0.006650978699326515 0.006096756085753441 0.9995254874229431
v 0.034976694732904434 0.006224123295396566 0.9978287220001221
v 0.06655146181583405 0.00956774316728115 0.9984745979309082
v -0.060815177857875824 0.005988030694425106 1.0035715103149414
v -0.03343955799937248 0.005669272970408201 0.9935200810432434
v -0.003997701685875654 0.005653618834912777 0.9912126660346985
v 0.022417500615119934 0.006174412090331316 0.996454656124115
v 0.05249002203345299 0.008054259233176708 1.0037821531295776
v -0.07662646472454071 0.00753650302067399 1.003371000289917
v -0.04492713138461113 0.0061467052437365055 1.0053365230560303
v -0.015029394999146461 0.005552154034376144 0.9909110069274902
v 0.011914053931832314 0.006444805301725864 0.9960864782333374
v 0.04055297002196312 0.007786956615746021 1.006861686706543
v 0.07644680142402649 0.010118303820490837 0.9853827357292175
v -0.05416807904839516 0.006260823458433151 1.0044727325439453
v -0.02651914209127426 0.005799600388854742 0.9894863963127136
v 0.001881338539533317 0.0068222577683627605 0.9991187453269958
v 0.02885233610868454 0.006770814303308725 0.9940580129623413
v 0.05949048325419426 0.009530396200716496 1.001450777053833
v -0.06860032677650452 0.007539002690464258 1.0038379430770874
v -0.03924381732940674 0.006929959636181593 0.997739315032959
v -0.009127282537519932 0.006456853821873665 0.9919826984405518
v 0.01712982915341854 0.006595028098672628 0.9943285584449768
v 0.04614222049713135 0.008320262655615807 1.0060573816299438
v -0.08886199444532394 0.01079904567450285 1.0015931129455566
v -0.04875844717025757 0.0068325200118124485 1.0059964656829834
v -0.020172806456685066 0.0063033089973032475 0.9878568053245544
v 0.007149298209697008 0.007391378283500671 1.0014570951461792
v 0.036114651709795 0.008382218889892101 1.0021177530288696
v 0.06749057024717331 0.01141600962728262 0.997015655040741
v -0.059955302625894547 0.0074463943019509315 1.0034523010253906
v -0.03282638639211655 0.0071410019882023335 0.9927264451980591
v -0.003556920448318124 0.007257105316966772 0.9936122894287109
v 0.02319733425974846 0.007496517151594162 0.9959083795547485
v 0.05319187417626381 0.009707266464829445 1.0033295154571533
v -0.07609021663665771 0.009138260968029499 1.003553867340088
v -0.04422258213162422 0.007838787510991096 1.005243182182312
v -0.01443540584295988 0.007034883368760347 0.9905441999435425
v 0.01250974927097559 0.007669472601264715 0.9954334497451782
v 0.04085717722773552 0.009249734692275524 1.0067412853240967
v 0.07733716815710068 0.011479267850518227 0.9839015603065491
v -0.05332944542169571 0.007761101238429546 1.003792643547058
v -0.02583608590066433 0.007267852313816547 0.9881062507629395
v 0.0025584923569113016 0.008292601443827152 0.9991232752799988
v 0.02948441170156002 0.00826286245137453 0.9942208528518677
v 0.06038610264658928 0.011520332656800747 1.0011656284332275
v -0.06796581298112869 0.009155997075140476 1.0047545433044434
v -0.038634058088064194 0.008555947802960873 0.9972880482673645
v -0.008604969829320908 0.008131804876029491 0.9928252696990967
v 0.017927270382642746 0.008104672655463219 0.9923580884933472
v 0.046806398779153824 0.009922412224113941 1.0055830478668213
v -0.0851152092218399 0.011514483951032162 1.0026741027832031
v -0.04801728576421738 0.00848978292196989 1.0044766664505005
v -0.019632702693343163 0.007777020800858736 0.9875799417495728
v 0.007816523313522339 0.008754178881645203 1.0017218589782715
v 0.03668424114584923 0.009722706861793995 1.0041242837905884
v 0.06870192289352417 0.013060828670859337 0.9948916435241699
v -0.05908314138650894 0.008864261209964752 1.0032731294631958
v -0.032205674797296524 0.008655579760670662 0.9920516014099121
v -0.0030587732326239347 0.00882126484066248 0.994179368019104
v 0.02387026697397232 0.008834400214254856 0.9952086806297302
v 0.05389326810836792 0.01129825133830309 1.003020167350769
v -0.07549305260181427 0.010691740550100803 1.0040208101272583
v -0.043456438928842545 0.009589187800884247 1.0055177211761475
v -0.013814585283398628 0.008391010574996471 0.9890166521072388
v 0.013131468556821346 0.009160744026303291 0.9942583441734314
v 0.04131148010492325 0.010755054652690887 1.006582260131836
v 0.07832697778940201 0.012777857482433319 0.9824224710464478
v -0.05248163267970085 0.00922374613583088 1.002989649772644
v -0.025057610124349594 0.008628776296973228 0.986369788646698
v 0.0033023711293935776 0.009834599681198597 0.998928964138031
v 0.030102411285042763 0.00987549964338541 0.9951654672622681
v 0.06131475418806076 0.013466842472553253 1.0006910562515259
v -0.06711528450250626 0.0105674983933568 1.0056602954864502
v -0.03817258030176163 0.010150321759283543 0.997964084148407
v -0.00805799663066864 0.00971807911992073 0.9930203557014465
v 0.018601587042212486 0.009573130868375301 0.9918936491012573
v 0.04751424491405487 0.011525915004312992 1.0051941871643066
v -0.08353444188833237 0.012826223857700825 1.0027250051498413
v -0.04708651453256607 0.01004806812852621 1.0030540227890015
v -0.01902173087000847 0.009206894785165787 0.9870138168334961
v 0.008423112332820892 0.010306929238140583 1.0016072988510132
v 0.036773134022951126 0.011261263862252235 1.0014917850494385
v 0.07001166045665741 0.01445750892162323 0.9923611283302307
v -0.058197326958179474 0.010219247080385685 1.00287663936615
v -0.03153858333826065 0.010108341462910175 0.9908621907234192
v -0.0023618433624505997 0.010513821616768837 0.9939926862716675
v 0.02454346790909767 0.010240841656923294 0.9940319061279297
v 0.05462164431810379 0.01294713094830513 1.0026788711547852
v -0.07467499375343323 0.012134001590311527 1.0054210424423218
v -0.04265015572309494 0.01131465658545494 1.0064080953598022
v -0.013155325315892696 0.009938311763107777 0.9873886108398438
v 0.013714991509914398 0.01076736394315958 0.9937559366226196
v 0.04182581603527069 0.012280582450330257 1.0062917470932007
v 0.07929633557796478 0.013863883912563324 0.9811873435974121
v -0.05156368762254715 0.010758884251117706 1.0019762516021729
v -0.024189386516809464 0.010058216750621796 0.9850180149078369
v 0.004017412196844816 0.01142293680459261 0.9990717172622681
v 0.030813731253147125 0.011530767194926739 0.9964101314544678
v 0.062068287283182144 0.015269902534782887 0.9994983077049255
v -0.06570353358983994 0.011837047524750233 1.0044641494750977
v -0.03782401606440544 0.011687428690493107 0.9983852505683899
v -0.007414241321384907 0.011368713341653347 0.9924653172492981
v 0.01915675215423107 0.011050690896809101 0.992423951625824
v 0.04831158369779587 0.013156981207430363 1.0048191547393799
v -0.08222953230142593 0.014188614673912525 1.0027049779891968
v -0.046184491366147995 0.011689811013638973 1.001430869102478
v -0.018413469195365906 0.010771313682198524 0.9870287775993347
v 0.00891171209514141 0.012024798430502415 1.0011940002441406
v 0.037467241287231445 0.01291893795132637 1.0024725198745728
v 0.0709041878581047 0.01564330793917179 0.9900637865066528
v -0.057304222136735916 0.011655137874186039 1.0021816492080688
v -0.03070598654448986 0.011556213721632957 0.9896390438079834
v -0.0016877013258635998 0.012218432500958443 0.994454562664032
v 0.025265680626034737 0.01181262917816639 0.9929463267326355
v 0.05546150356531143 0.01484627928584814 1.0021271705627441
v -0.0737295001745224 0.013290095143020153 1.0057860612869263
v -0.042127691209316254 0.012948686257004738 1.007498860359192
v -0.012551262974739075 0.01150741521269083 0.9870381355285645
v 0.014137402176856995 0.01238735020160675 0.9939521551132202
v 0.04249464347958565 0.013866034336388111 1.0059831142425537
v 0.08015331625938416 0.01479597482830286 0.9801455736160278
v -0.05062274634838104 0.012382619082927704 1.000817060470581
v -0.023580120876431465 0.011531165800988674 0.984711229801178
v 0.004687860142439604 0.013049434870481491 1.0004336833953857
v 0.031587619334459305 0.013250394724309444 0.9968316555023193
v 0.06288634240627289 0.016989396885037422 0.9977483153343201
v -0.06441996246576309 0.013147938065230846 1.003105878829956
v -0.03716665133833885 0.012994818389415741 0.9962447285652161
v -0.006814689841121435 0.012922272086143494 0.9919630289077759
v 0.019673949107527733 0.012541363015770912 0.9938555359840393
v 0.0492122583091259 0.014844718389213085 1.0044169425964355
v -0.08135684579610825 0.015424440614879131 1.0023834705352783
v -0.04524729773402214 0.013342749327421188 0.9996214509010315
v -0.017897767946124077 0.012380056083202362 0.9876517057418823
v 0.009453262202441692 0.013925655744969845 1.0009220838546753
v 0.038209445774555206 0.014741817489266396 1.0069597959518433
v 0.07159576565027237 0.01680132932960987 0.9883552193641663
v -0.05649606138467789 0.013182737864553928 1.0014243125915527
v -0.030112436041235924 0.012988069094717503 0.9894260764122009
v -0.0009418334229849279 0.013824992813169956 0.9957904815673828
v 0.025960123166441917 0.013454248197376728 0.9924351572990417
v 0.056381955742836 0.017109697684645653 1.0013386011123657
v -0.0725787952542305 0.01467116829007864 1.0040439367294312
v -0.04157378524541855 0.01470875646919012 1.007503628730774
v -0.011954723857343197 0.01317325048148632 0.9874428510665894
v 0.01451301109045744 0.013975122012197971 0.9945088028907776
v 0.043267104774713516 0.015526610426604748 1.0056378841400146
v 0.08096059411764145 0.015825986862182617 0.9792266488075256
v -0.049628037959337234 0.014010243117809296 0.9996137022972107
v -0.023121926933526993 0.013138353824615479 0.9852680563926697
v 0.005331211723387241 0.014672303572297096 1.002050518989563
v 0.03240738436579704 0.015020192600786686 0.9976622462272644
v 0.0641731545329094 0.01848951354622841 0.9951659440994263
v -0.063266322016716 0.014538098126649857 1.00212824344635
v -0.03641221299767494 0.014437747187912464 0.9948224425315857
v -0.006217305548489094 0.01442998182028532 0.9918473958969116
v 0.020299887284636497 0.014154033735394478 0.9936715364456177
v 0.05016788840293884 0.01664232648909092 1.0039983987808228
v -0.08053132146596909 0.01654725894331932 1.0018235445022583
v -0.04427265375852585 0.015131925232708454 0.9977207183837891
v -0.017436282709240913 0.013923348858952522 0.9883028268814087
v 0.00988012831658125 0.015741027891635895 1.0013322830200195
v 0.03881094977259636 0.016592415049672127 1.0070233345031738
v 0.07215944677591324 0.01804077811539173 0.9871415495872498
v -0.0556802973151207 0.01477224100381136 1.000626802444458
v -0.029319819062948227 0.014365279115736485 0.988402247428894
v -0.0001986037677852437 0.01508271787315607 0.9960761666297913
v 0.026644716039299965 0.015128124505281448 0.9925534129142761
v 0.057154882699251175 0.019410166889429092 1.000264286994934
v -0.0712239146232605 0.01599857769906521 1.0023887157440186
v -0.04103972390294075 0.016595914959907532 1.0067838430404663
v -0.01140100508928299 0.01476399414241314 0.9882198572158813
v 0.014944000169634819 0.015242913737893105 0.9945650100708008
v 0.044107891619205475 0.017194431275129318 1.0051897764205933
v 0.08195941895246506 0.01715245470404625 0.9789842367172241
v -0.04871898144483566 0.015620281919836998 0.9983206987380981
v -0.022659286856651306 0.014813914895057678 0.9863072633743286
v 0.005856238771229982 0.01648433692753315 1.0028940439224243
v 0.03314013406634331 0.0167562123388052 0.9990464448928833
v 0.06495027989149094 0.0203984547406435 0.9918644428253174
v -0.062221709638834 0.01597428321838379 1.0012789964675903
v -0.035919491201639175 0.015947608277201653 0.9943670630455017
v -0.005585713777691126 0.015946464613080025 0.9922976493835449
v 0.020921742543578148 0.015810005366802216 0.9931482672691345
v 0.051185544580221176 0.018643785268068314 1.0034323930740356
v -0.07967513799667358 0.017837265506386757 1.0011801719665527
v -0.043193940073251724 0.017190972343087196 0.996096134185791
v -0.016900403425097466 0.015438200905919075 0.9888187646865845
v 0.01019287295639515 0.017191078513860703 1.0013879537582397
v 0.03956201672554016 0.018299410119652748 1.0070339441299438
v 0.07278789579868317 0.01958421804010868 0.9865061640739441
v -0.0548752062022686 0.016402138397097588 0.9997076988220215
v -0.028604060411453247 0.015925660729408264 0.9872317910194397
v 0.0004684848536271602 0.01670135371387005 0.9944594502449036
v 0.027279773727059364 0.016829553991556168 0.9934081435203552
v 0.05782017484307289 0.021504724398255348 0.9987668991088867
v -0.07002349942922592 0.017423618584871292 1.0011847019195557
v -0.04064301401376724 0.01844671368598938 1.0063774585723877
v -0.010866501368582249 0.016400374472141266 0.9886624217033386
v 0.015768200159072876 0.016674738377332687 0.9912824630737305
v 0.04496031254529953 0.018905170261859894 1.0046910047531128
v 0.08306825906038284 0.018789255991578102 0.9791552424430847
v -0.04785262793302536 0.017291519790887833 0.9969885349273682
v -0.022129137068986893 0.016318591311573982 0.9862801432609558
v 0.006241873372346163 0.018322329968214035 1.0038113594055176
v 0.034003399312496185 0.01844370737671852 0.9996474385261536
v 0.06560338288545609 0.02210175432264805 0.9896016716957092
v -0.06129726022481918 0.01739625819027424 1.0005717277526855
v -0.03556746244430542 0.01733279414474964 0.9931448698043823
v -0.00501455832272768 0.017371246591210365 0.9922826886177063
v 0.021543854847550392 0.017512010410428047 0.9930239319801331
v 0.05219050496816635 0.02070264145731926 1.002807855606079
v -0.07902419567108154 0.019232770428061485 1.0008726119995117
v -0.04237429052591324 0.01965620554983616 0.9944952130317688
v -0.016198797151446342 0.016795828938484192 0.9878709316253662
v 0.01058582216501236 0.018497982993721962 1.000679850578308
v 0.04031667113304138 0.01991361379623413 1.0068793296813965
v 0.07370655238628387 0.021385524421930313 0.9858710169792175
v -0.054042067378759384 0.018022896721959114 0.9987623691558838
v -0.028019698336720467 0.017506953328847885 0.9866604804992676
v 0.0011418008944019675 0.01846264861524105 0.9940227270126343
v 0.02803991548717022 0.018569083884358406 0.9949011206626892
v 0.05957948416471481 0.0237894207239151 0.9939653277397156
v -0.06905205547809601 0.018847227096557617 1.0002018213272095
v -0.0404791533946991 0.020267833024263382 1.0063749551773071
v -0.010275447741150856 0.0178996492177248 0.9882335066795349
v 0.0162750706076622 0.018203673884272575 0.9900711178779602
v 0.0458189994096756 0.0207021776586771 1.0042810440063477
v 0.08399281650781631 0.02043675258755684 0.9799787402153015
v -0.04695967957377434 0.019178403541445732 0.9954812526702881
v -0.021514879539608955 0.01779739372432232 0.9849044680595398
v 0.006618245039135218 0.020036203786730766 1.0037657022476196
v 0.03491358086466789 0.020160073414444923 1.0000044107437134
v 0.06624273955821991 0.0237756185233593 0.9878717660903931
v -0.0604323111474514 0.018829787150025368 0.9998868703842163
v -0.034529805183410645 0.018850043416023254 0.9883366227149963
v -0.004447835963219404 0.018851492553949356 0.9918131828308105
v 0.02228604629635811 0.01922309212386608 0.9942210912704468
v 0.05314502865076065 0.022647295147180557 1.0020766258239746
v -0.07821322977542877 0.020864039659500122 1.000495195388794
v -0.041718918830156326 0.02213660627603531 0.9930646419525146
v -0.01534812431782484 0.01832440495491028 0.9859759211540222
v 0.01121843233704567 0.020292263478040695 0.9976621270179749
v 0.04107613489031792 0.021554159000515938 1.0065908432006836
v 0.07457881420850754 0.023105494678020477 0.9852892160415649
v -0.05316868796944618 0.019688861444592476 0.9977888464927673
v -0.02742329239845276 0.019115572795271873 0.9862602949142456
v 0.0019551715813577175 0.020234081894159317 0.9941722750663757
v 0.028985898941755295 0.02017696015536785 0.9945998787879944
v 0.060285866260528564 0.025148587301373482 0.9912586212158203
v -0.06815584003925323 0.020301489159464836 0.9993772506713867
v -0.040509361773729324 0.02192276529967785 1.006088137626648
v -0.009636151604354382 0.01944425143301487 0.9885228276252747
v 0.01676935888826847 0.01964930072426796 0.9895634055137634
v 0.04672013223171234 0.022322414442896843 1.00388765335083
v 0.0863477885723114 0.022103140130639076 0.9807366728782654
v -0.045987531542778015 0.021119318902492523 0.9940613508224487
v -0.020779918879270554 0.019418271258473396 0.9841083884239197
v 0.006870529614388943 0.021839719265699387 1.001772403717041
v 0.035935450345277786 0.02209152653813362 1.000823974609375
v 0.06676268577575684 0.025086335837841034 0.98695307970047
v -0.05954147130250931 0.02034304477274418 0.9990652799606323
v -0.03379712626338005 0.020453080534934998 0.9873132705688477
v -0.0037680056411772966 0.020436890423297882 0.9916050434112549
v 0.022966435179114342 0.02081616409122944 0.9953362345695496
v 0.05418882891535759 0.024446921423077583 1.001318335533142
v -0.07723183184862137 0.022456949576735497 0.9994404911994934
v -0.04111652076244354 0.024452650919556618 0.9925877451896667
v -0.0146262776106596 0.020008252933621407 0.9851442575454712
v 0.01165784616023302 0.021676283329725266 0.9954079985618591
v 0.04181497544050217 0.02317208983004093 1.006187915802002
v 0.07531796395778656 0.02459835819900036 0.9850086569786072
v -0.05223039537668228 0.021491292864084244 0.9967736005783081
v -0.026815220713615417 0.020707089453935623 0.9857046008110046
v 0.002745125675573945 0.022055793553590775 0.995084285736084
v 0.030016936361789703 0.021955711767077446 0.9942724704742432
v 0.060826390981674194 0.026283785700798035 0.990733802318573
v -0.06725915521383286 0.021809617057442665 0.9986358880996704
v -0.0404449887573719 0.023448128253221512 1.0041980743408203
v -0.008970881812274456 0.021111976355314255 0.9903997182846069
v 0.017257072031497955 0.02130797877907753 0.9899606704711914
v 0.04768325760960579 0.023965710774064064 1.0034548044204712
v -0.088475801050663 0.025426305830478668 0.9948109984397888
v -0.04502246528863907 0.02323860302567482 0.9926218390464783
v -0.020045245066285133 0.02107854373753071 0.9841986298561096
v 0.007189491763710976 0.023310070857405663 0.9998904466629028
v 0.037346143275499344 0.02387782372534275 1.0039743185043335
v 0.06753699481487274 0.026266952976584435 0.9866359829902649
v -0.058655790984630585 0.021954070776700974 0.9981375336647034
v -0.03323805332183838 0.02214162051677704 0.9874430894851685
v -0.003139124484732747 0.022099938243627548 0.9919202923774719
v 0.02372114360332489 0.022512225434184074 0.9954407811164856
v 0.055425290018320084 0.026205506175756454 0.9999803304672241
v -0.07625620067119598 0.024109356105327606 0.9983090162277222
v -0.040407437831163406 0.025430316105484962 0.9892300367355347
v -0.014043889939785004 0.021692214533686638 0.9852583408355713
v 0.012106980197131634 0.023266620934009552 0.9938181042671204
v 0.04252403974533081 0.02476678229868412 1.0056729316711426
v 0.07606864720582962 0.025718750432133675 0.9850936532020569
v -0.05130518227815628 0.023529712110757828 0.9958214163780212
v -0.026286372914910316 0.022331852465867996 0.9860616326332092
v 0.0033635071013122797 0.02362815849483013 0.9969496130943298
v 0.031010761857032776 0.023824509233236313 0.994541347026825
v 0.061631761491298676 0.02752295881509781 0.9896571636199951
v -0.06634199619293213 0.02338462322950363 0.9978881478309631
v -0.03986251726746559 0.024891525506973267 1.0013247728347778
v -0.008376008830964565 0.0228359904140234 0.9932363033294678
v 0.017776332795619965 0.023196952417492867 0.9917583465576172
v 0.04859340190887451 0.025742903351783752 1.002928614616394
v -0.08580332249403 0.026379305869340897 0.9986333847045898
v -0.04421013966202736 0.025494175031781197 0.9913678169250488
v -0.01942414790391922 0.022799113765358925 0.9854851961135864
v 0.007407049182802439 0.024725688621401787 0.9990321397781372
v 0.03858231380581856 0.025432642549276352 1.004686713218689
v 0.06838467717170715 0.027266912162303925 0.9866431951522827
v -0.05777750909328461 0.023697929456830025 0.9971669912338257
v -0.03276743367314339 0.023712173104286194 0.9886890053749084
v -0.0024831376504153013 0.02366635389626026 0.9927095174789429
v 0.024615859612822533 0.024158723652362823 0.9942982792854309
v 0.05647728592157364 0.02773822657763958 0.9982466101646423
v -0.07541603595018387 0.025683695450425148 0.9977966547012329
v -0.0407455749809742 0.026882503181695938 0.9885498285293579
v -0.013521392829716206 0.02340213768184185 0.9860347509384155
v 0.01264949981123209 0.0248695258051157 0.9929016828536987
v 0.04321494698524475 0.026464078575372696 1.0050216913223267
v 0.07693300396203995 0.02683654986321926 0.985363781452179
v -0.05038676783442497 0.02568349801003933 0.9949546456336975
v -0.02568383514881134 0.02398357167840004 0.9875582456588745
v 0.0037961576599627733 0.024953417479991913 0.9978678822517395
v 0.03199811279773712 0.025837814435362816 0.9955729246139526
v 0.06221774220466614 0.028720518574118614 0.9891982674598694
v -0.06540749222040176 0.025100480765104294 0.9971138834953308
v -0.0395246297121048 0.025952279567718506 0.9993090629577637
v -0.007858473807573318 0.02414519526064396 0.9939948320388794
v 0.018380897119641304 0.02494761347770691 0.99452805519104
v 0.04952472820878029 0.027578042820096016 1.0023199319839478
v -0.08491094410419464 0.028068004176020622 1.00007164478302
v -0.04384947568178177 0.027640877291560173 0.990583598613739
v -0.01884995773434639 0.024523625150322914 0.9873799681663513
v 0.007722716312855482 0.026402220129966736 0.9983137845993042
v 0.03944816440343857 0.027783194556832314 1.0014615058898926
v 0.06929034739732742 0.02857550047338009 0.9870401620864868
v -0.05691457539796829 0.025686398148536682 0.9961227774620056
v -0.03234688192605972 0.025126880034804344 0.9901973009109497
v -0.0017392898444086313 0.025048699229955673 0.9931485056877136
v 0.02557097189128399 0.025864088907837868 0.9923458099365234
v 0.05714598298072815 0.02933434210717678 0.9970749616622925
v -0.07451817393302917 0.02743099443614483 0.9971604347229004
v -0.041117481887340546 0.028028367087244987 0.9893267154693604
v -0.012945277616381645 0.02506767399609089 0.9875006675720215
v 0.013200502842664719 0.026447754353284836 0.9926658868789673
v 0.043844133615493774 0.02827545441687107 1.004278540611267
v 0.07770279794931412 0.028131153434515 0.9858575463294983
v -0.04960647597908974 0.027981648221611977 0.99402916431427
v -0.0250774584710598 0.025578154250979424 0.988309919834137
v 0.004507054574787617 0.026333531364798546 0.9959162473678589
v 0.03286759555339813 0.027841685339808464 0.9970452189445496
v 0.06283716857433319 0.03000556118786335 0.9894703030586243
v -0.06446203589439392 0.026972435414791107 0.996294379234314
v -0.039091113954782486 0.026905104517936707 0.9969692826271057
v -0.007275445852428675 0.02530248463153839 0.9925957322120667
v 0.018989447504281998 0.026550574228167534 0.9940038323402405
v 0.050396472215652466 0.029393834993243217 1.0016788244247437
v -0.08364740759134293 0.029469693079590797 0.9996318221092224
v -0.043731145560741425 0.02955995500087738 0.9910387992858887
v -0.01838117465376854 0.0261810515075922 0.9887385368347168
v 0.008500455878674984 0.028119195252656937 0.9983950257301331
v 0.04006725177168846 0.029324207454919815 1.0054070949554443
v 0.07017628103494644 0.029847566038370132 0.9876747131347656
v -0.05607008561491966 0.027913585305213928 0.99515300989151
v -0.031826701015233994 0.02637653797864914 0.9891310334205627
v -0.0008749149274080992 0.026484303176403046 0.9916310906410217
v 0.026501817628741264 0.027727195993065834 0.9914237856864929
v 0.05771877244114876 0.031000031158328056 0.9963372945785522
v -0.07353077083826065 0.029360897839069366 0.9964471459388733
v -0.0414113812148571 0.029150212183594704 0.990766704082489
v -0.012404782697558403 0.02670145034790039 0.9887337684631348
v 0.013730854727327824 0.028108850121498108 0.9937167167663574
v 0.044402338564395905 0.029998278245329857 1.0035966634750366
v 0.07870592921972275 0.029711810871958733 0.985791027545929
v -0.048929352313280106 0.030324647203087807 0.9933533668518066
v -0.02456049434840679 0.027105918154120445 0.9878590703010559
v 0.005337778478860855 0.028046611696481705 0.9949301481246948
v 0.03365866839885712 0.02984180487692356 0.9977657198905945
v 0.06346401572227478 0.030965935438871384 0.9904044270515442
v -0.06350991129875183 0.028941454365849495 0.9953563809394836
v -0.03827891871333122 0.028385670855641365 0.9917234182357788
v -0.00628866720944643 0.027031758800148964 0.9884904623031616
v 0.019941482692956924 0.028132520616054535 0.9923965334892273
v 0.05118880048394203 0.0311435516923666 1.0009132623672485
v -0.08238102495670319 0.030873911455273628 0.9983741641044617
v -0.043814294040203094 0.03133152797818184 0.9910166263580322
v -0.017809486016631126 0.027704643085598946 0.9876581430435181
v 0.00927929300814867 0.029887912794947624 0.9988092184066772
v 0.04036616533994675 0.03147932142019272 1.0051649808883667
v 0.07114338874816895 0.031293150037527084 0.9880459308624268
v -0.05525395646691322 0.030332308262586594 0.9943205118179321
v -0.03071153536438942 0.02779204398393631 0.9856822490692139
v -9.136316293734126e-06 0.028067326173186302 0.9906433820724487
v 0.027387486770749092 0.029561294242739677 0.9912856817245483
v 0.05823735147714615 0.03251750394701958 0.9949883222579956
v -0.07244502007961273 0.031253017485141754 0.9956539273262024
v -0.042896244674921036 0.03043648600578308 0.9989182353019714
v -0.011818314902484417 0.028274022042751312 0.9895458221435547
v 0.014266744256019592 0.029809245839715004 0.9960241317749023
v 0.044983576983213425 0.031648535281419754 1.0029582977294922
v 0.07971750944852829 0.031441062688827515 0.9855209589004517
v -0.04845120385289192 0.0327330119907856 0.9925546050071716
v -0.023954730480909348 0.028607457876205444 0.9871649742126465
v 0.00601727981120348 0.029847025871276855 0.9953237771987915
v 0.03427373617887497 0.03194020688533783 0.9991312623023987
v 0.06428507715463638 0.0322808176279068 0.9912033081054688
v -0.06258523464202881 0.03104499541223049 0.9942949414253235
v -0.037857651710510254 0.02967393770813942 0.9899176359176636
v -0.00555071048438549 0.02853640541434288 0.9870981574058533
v 0.020944863557815552 0.030020471662282944 0.9914394617080688
v 0.051969751715660095 0.03303869068622589 1.0001277923583984
v -0.08108154684305191 0.03267878293991089 0.9969567656517029
v -0.04426998645067215 0.032629333436489105 0.9906954765319824
v -0.017163794487714767 0.029326608404517174 0.9862807393074036
v 0.010074912570416927 0.03179237246513367 0.9975830912590027
v 0.04057192802429199 0.03330089524388313 1.004843831062317
v 0.07169264554977417 0.032688092440366745 0.988293468952179
v -0.054500386118888855 0.03296177461743355 0.993720293045044
v -0.029969433322548866 0.029371539130806923 0.984024167060852
v 0.0008705133805051446 0.02969040907919407 0.9905211925506592
v 0.02832544595003128 0.03159140422940254 0.9922766089439392
v 0.05883064121007919 0.034007661044597626 0.9937258958816528
v -0.07143643498420715 0.03323281183838844 0.9950224161148071
v -0.042590752243995667 0.03193818777799606 0.9979434013366699
v -0.01126765739172697 0.029858827590942383 0.9897940158843994
v 0.014899306930601597 0.031764544546604156 0.9968737959861755
v 0.04558359831571579 0.03331676125526428 1.002306342124939
v 0.08090067654848099 0.03319351002573967 0.9849234819412231
v -0.04815172776579857 0.034805990755558014 0.9920948147773743
v -0.02338607795536518 0.030157551169395447 0.9867705702781677
v 0.0067698778584599495 0.031985361129045486 0.9970928430557251
v 0.0349641777575016 0.03432468697428703 1.003021240234375
v 0.06506729871034622 0.033546146005392075 0.9917008876800537
v -0.06168295443058014 0.0332983061671257 0.9934398531913757
v -0.037422798573970795 0.031114663928747177 0.9893327355384827
v -0.004906670656055212 0.030078621581196785 0.9866101145744324
v 0.021802447736263275 0.03203056752681732 0.9912092089653015
v 0.05297812446951866 0.03493013605475426 0.9988619089126587
v -0.07994046062231064 0.03454338386654854 0.9958249926567078
v -0.04469313845038414 0.03401419147849083 0.9905679225921631
v -0.01652834191918373 0.03086904063820839 0.9858299493789673
v 0.010957327671349049 0.03412333130836487 0.996685266494751
v 0.04066816717386246 0.03505074232816696 1.004292368888855
v 0.07253771275281906 0.03426407277584076 0.9877977967262268
v -0.053859055042266846 0.03546767681837082 0.9933362603187561
v -0.029339555650949478 0.030962441116571426 0.9836257100105286
v 0.0016940748319029808 0.03158567100763321 0.9913390874862671
v 0.029242223128676414 0.03375083580613136 0.9951370358467102
v 0.05937914177775383 0.03524281084537506 0.9930620193481445
v -0.07053668797016144 0.03525964170694351 0.9946450591087341
v -0.042360514402389526 0.033510684967041016 0.9975899457931519
v -0.010552175343036652 0.031460683792829514 0.9890491366386414
v 0.015574898570775986 0.033838387578725815 0.9983178377151489
v 0.04627419635653496 0.035078857094049454 1.0015183687210083
v 0.08209836483001709 0.034802041947841644 0.9840987920761108
v -0.04775054752826691 0.036661528050899506 0.9921199679374695
v -0.022735632956027985 0.031708039343357086 0.9858363270759583
v 0.007353063672780991 0.034262098371982574 0.9997173547744751
v 0.03580291569232941 0.036425091326236725 1.0060639381408691
v 0.06594949215650558 0.034941449761390686 0.9915738701820374
v -0.060781728476285934 0.03571884334087372 0.9925933480262756
v -0.03694020211696625 0.03272489085793495 0.9897139668464661
v -0.0042343707755208015 0.03169579431414604 0.9869154095649719
v 0.02263587899506092 0.0341663658618927 0.9924154281616211
v 0.05397719144821167 0.03658359497785568 0.9974323511123657
v -0.07866992056369781 0.03645479306578636 0.9951854348182678
v -0.04488986358046532 0.035476744174957275 0.9905948638916016
v -0.01592129096388817 0.032392747700214386 0.9861392974853516
v 0.01173374243080616 0.03650118410587311 0.9971043467521667
v 0.04093720391392708 0.03675238415598869 1.0036391019821167
v 0.07326705753803253 0.03571939840912819 0.9869219660758972
v -0.05333876237273216 0.03740678355097771 0.9924832582473755
v -0.028738226741552353 0.032630596309900284 0.9841016530990601
v 0.0024417934473603964 0.03350263461470604 0.9935319423675537
v 0.03010377287864685 0.036258190870285034 1.001945972442627
v 0.059783462435007095 0.03667761757969856 0.9926329851150513
v -0.06948816776275635 0.03715716674923897 0.9942755699157715
v -0.041906438767910004 0.03525233641266823 0.9980684518814087
v -0.009924202226102352 0.03308870270848274 0.9886055588722229
v 0.016331952065229416 0.03600606322288513 0.999162495136261
v 0.04711519926786423 0.03709152340888977 1.00058114528656
v 0.08321215212345123 0.036442216485738754 0.9831697344779968
v -0.047770850360393524 0.03786507621407509 0.9916269183158875
v -0.02200452797114849 0.03337512165307999 0.9851685166358948
v 0.007792739197611809 0.03642696142196655 1.0003889799118042
v 0.03596431016921997 0.03843417763710022 1.005752682685852
v 0.06659363955259323 0.03620169684290886 0.9910571575164795
v -0.05991559103131294 0.03813433647155762 0.9916265606880188
v -0.03620734065771103 0.034522347152233124 0.9908778667449951
v -0.003598426701501012 0.03343971446156502 0.9882531762123108
v 0.02345392294228077 0.03634008765220642 0.9949263334274292
v 0.05460916832089424 0.03811265528202057 0.9957588911056519
v -0.07749256491661072 0.038462698459625244 0.9947885274887085
v -0.04480753093957901 0.037028718739748 0.9906949996948242
v -0.015423446893692017 0.0341314934194088 0.9875333905220032
v 0.012630370445549488 0.038630031049251556 0.9991832375526428
v 0.041416384279727936 0.038581881672143936 1.002882957458496
v 0.07417163997888565 0.0372626893222332 0.9858744740486145
v -0.05271178483963013 0.039405208081007004 0.9912785291671753
v -0.028185198083519936 0.03432489186525345 0.9856774210929871
v 0.003131045261397958 0.03548618033528328 0.997055172920227
v 0.030549362301826477 0.038260288536548615 1.0039708614349365
v 0.06033666804432869 0.03797091171145439 0.9923232793807983
v -0.06841861456632614 0.039215732365846634 0.9938608407974243
v -0.041063450276851654 0.037054385989904404 0.9983810782432556
v -0.009393027983605862 0.034873995929956436 0.9890902638435364
v 0.017340784892439842 0.03820106014609337 0.9989393353462219
v 0.04812290146946907 0.03933839127421379 0.9994598031044006
v 0.08593297749757767 0.03834908828139305 0.9815640449523926
v -0.047871511429548264 0.039064496755599976 0.9908092617988586
v -0.021265292540192604 0.03499983623623848 0.9855754971504211
v 0.008474619127810001 0.03836271911859512 0.9999154806137085
v 0.03626024350523949 0.04055401682853699 1.00519859790802
v 0.06739021837711334 0.037677161395549774 0.990086555480957
v -0.059105414897203445 0.04026668518781662 0.9908987879753113
v -0.03515203669667244 0.03631626442074776 0.992752730846405
v -0.003008945845067501 0.035441383719444275 0.990885853767395
v 0.02431061677634716 0.038525935262441635 0.9961268305778503
v 0.055232349783182144 0.039466630667448044 0.994185209274292
v -0.07635171711444855 0.04048146307468414 0.9946975708007812
v -0.044741835445165634 0.038451869040727615 0.9908838272094727
v -0.014857860282063484 0.03593039512634277 0.9888998866081238
v 0.013442977331578732 0.040367599576711655 1.0001909732818604
v 0.042036619037389755 0.040774308145046234 1.0020538568496704
v 0.0750063806772232 0.03882985562086105 0.9851048588752747
v -0.05232798680663109 0.04078284278512001 0.9909160733222961
v -0.027499794960021973 0.03584809973835945 0.9862723350524902
v 0.0038078322540968657 0.03730050101876259 0.9978030920028687
v 0.03104279935359955 0.040370289236307144 1.0044788122177124
v 0.06106811761856079 0.03942522034049034 0.9918510317802429
v -0.06748347729444504 0.041032686829566956 0.9933046698570251
v -0.04007219523191452 0.03862476721405983 0.9981395602226257
v -0.008848114870488644 0.03671552613377571 0.9906347393989563
v 0.018456334248185158 0.04050631821155548 0.9983206987380981
v 0.04915335774421692 0.04150770604610443 0.9977609515190125
v -0.08587434887886047 0.043263692408800125 0.9901015758514404
v -0.047951046377420425 0.04024086892604828 0.9905069470405579
v -0.02062857337296009 0.03675210103392601 0.9877774119377136
v 0.009288380853831768 0.040619004517793655 0.9972594976425171
v 0.036773908883333206 0.04287625476717949 1.0042173862457275
v 0.0681457594037056 0.039238713681697845 0.988927960395813
v -0.05822717770934105 0.042023248970508575 0.9910881519317627
v -0.034241124987602234 0.037859562784433365 0.9926977157592773
v -0.002311649266630411 0.03715647757053375 0.9922903776168823
v 0.025246640667319298 0.040901776403188705 0.9976842999458313
v 0.055884260684251785 0.041026704013347626 0.9927303791046143
v -0.07540570199489594 0.04218470677733421 0.994236946105957
v -0.044251661747694016 0.03998865932226181 0.9908351302146912
v -0.014192557893693447 0.03760436177253723 0.98895663022995
v 0.014303556643426418 0.042326588183641434 0.9999567270278931
v 0.0426575168967247 0.04326847195625305 1.0008431673049927
v 0.07600680738687515 0.0404144786298275 0.9842990636825562
v -0.052352175116539 0.04192854464054108 0.9904844164848328
v -0.02659224532544613 0.03732779249548912 0.984754204750061
v 0.004668562673032284 0.03911871090531349 0.997066855430603
v 0.03140974044799805 0.04270324483513832 1.003941535949707
v 0.061631347984075546 0.04097694903612137 0.9913661479949951
v -0.06636490672826767 0.04312429577112198 0.9916786551475525
v -0.039498940110206604 0.0402190163731575 0.9970318675041199
v -0.008290919475257397 0.038198087364435196 0.99037766456604
v 0.019649740308523178 0.04300432652235031 0.9983691573143005
v 0.04998598247766495 0.043454427272081375 0.9954966902732849
v -0.08416582643985748 0.044609054923057556 0.9900803565979004
v -0.04759085550904274 0.041708316653966904 0.9902880787849426
v -0.019931545481085777 0.03833436220884323 0.9885730743408203
v 0.010001294314861298 0.042160000652074814 0.994864284992218
v 0.03770744428038597 0.04517781734466553 1.0030771493911743
v 0.06909198313951492 0.040927670896053314 0.9877954125404358
v -0.057309918105602264 0.04345003515481949 0.9927249550819397
v -0.03349829837679863 0.039326999336481094 0.9920251369476318
v -0.0014064059359952807 0.03889670968055725 0.991190493106842
v 0.026056768372654915 0.04328610375523567 1.0000931024551392
v 0.056483425199985504 0.04275817796587944 0.9916780591011047
v -0.0744093731045723 0.04414515569806099 0.9927334785461426
v -0.04358319938182831 0.041551388800144196 0.9909263849258423
v -0.013548891060054302 0.03925753012299538 0.9888668060302734
v 0.014927604235708714 0.04405413195490837 0.995829164981842
v 0.04342629760503769 0.04554002359509468 0.999248743057251
v 0.07694029808044434 0.041978683322668076 0.9835770130157471
v -0.05227592960000038 0.04334883764386177 0.9896436333656311
v -0.02572820894420147 0.0389130525290966 0.9837687611579895
v 0.0055401078425347805 0.0409168004989624 0.9963180422782898
v 0.03197897598147392 0.04460817575454712 1.0009372234344482
v 0.06236441060900688 0.042742617428302765 0.9906147122383118
v -0.06541076302528381 0.04497487097978592 0.990323543548584
v -0.03875690698623657 0.04148117080330849 0.9968461990356445
v -0.0074215298518538475 0.03967372700572014 0.987404465675354
v 0.020918887108564377 0.045270830392837524 0.9985135197639465
v 0.05092768743634224 0.04521026834845543 0.9929993152618408
v -0.08292002975940704 0.04607690870761871 0.9893538355827332
v -0.04729782044887543 0.04332111403346062 0.9897942543029785
v -0.019186098128557205 0.039915286004543304 0.9886228442192078
v 0.010523294098675251 0.043883293867111206 0.9929794669151306
v 0.03893830254673958 0.047274842858314514 1.0007866621017456
v 0.0699944794178009 0.04249255359172821 0.9869560599327087
v -0.057376738637685776 0.04474702477455139 0.9919102787971497
v -0.032839830964803696 0.040771279484033585 0.9912053942680359
v -0.0005006645806133747 0.04062928259372711 0.9905373454093933
v 0.0268271341919899 0.045383717864751816 1.0004404783248901
v 0.0571960024535656 0.044640906155109406 0.9909773468971252
v -0.07350123673677444 0.04630231484770775 0.9894714951515198
v -0.04305467754602432 0.0431225523352623 0.9908174872398376
v -0.012841171585023403 0.04088648408651352 0.9885278940200806
v 0.015578551217913628 0.045270130038261414 0.9910345077514648
v 0.04468429088592529 0.047630827873945236 0.9912107586860657
v 0.07821067422628403 0.04367789253592491 0.9825367331504822
v -0.0520368330180645 0.04486117139458656 0.9891849756240845
v -0.02488502860069275 0.040647007524967194 0.9834592342376709
v 0.006206943187862635 0.04294121637940407 0.99595707654953
v 0.033002275973558426 0.04635463282465935 0.9948467016220093
v 0.06304648518562317 0.04451993107795715 0.9898825287818909
v -0.06489229202270508 0.04627905786037445 0.9891852140426636
v -0.03828893601894379 0.04272166267037392 0.9961462020874023
v -0.0066495537757873535 0.041326213628053665 0.9857974052429199
v 0.022087546065449715 0.047693055123090744 0.9980579614639282
v 0.05160645768046379 0.046713393181562424 0.9912096858024597
v -0.08166476339101791 0.047407664358615875 0.988169252872467
v -0.04690521955490112 0.044943906366825104 0.9893187284469604
v -0.018328381702303886 0.04136969894170761 0.9864635467529297
v 0.010918321087956429 0.04568401724100113 0.9912282228469849
v 0.039171252399683 0.04862469807267189 0.9931110143661499
v 0.07097681611776352 0.04412907361984253 0.9861574172973633
v -0.05737539008259773 0.04620537534356117 0.9913277626037598
v -0.0318702757358551 0.042403049767017365 0.9891711473464966
v 0.00044659810373559594 0.04247134551405907 0.990505039691925
v 0.027569297701120377 0.04732954502105713 0.998620867729187
v 0.05754327401518822 0.04644733667373657 0.9907463788986206
v -0.07253398001194 0.047670815140008926 0.9876996874809265
v -0.042732641100883484 0.04463014006614685 0.9908033609390259
v -0.012003883719444275 0.04244634136557579 0.9869901537895203
v 0.016097858548164368 0.047077879309654236 0.9900540113449097
v 0.04536725953221321 0.04873171076178551 0.9923384785652161
v 0.07943882048130035 0.0453961081802845 0.9815797805786133
v -0.0516987219452858 0.046432070434093475 0.9886077642440796
v -0.024159759283065796 0.0424027293920517 0.9837366342544556
v 0.006543166469782591 0.04483611881732941 0.9953324794769287
v 0.033744871616363525 0.04803019389510155 0.9927637577056885
v 0.06384234875440598 0.04632062837481499 0.9892850518226624
v -0.06442653387784958 0.047935839742422104 0.9890159368515015
v -0.03796181455254555 0.0443553701043129 0.9942318201065063
v -0.0058399708941578865 0.042883679270744324 0.9852362275123596
v 0.02272496558725834 0.04911661520600319 0.9969028234481812
v 0.05189543217420578 0.04803052544593811 0.990364134311676
v -0.08061856031417847 0.04866284132003784 0.9872481226921082
v -0.04653862491250038 0.04647833853960037 0.9889959096908569
v -0.017455758526921272 0.042984455823898315 0.9839724898338318
v 0.01138593815267086 0.047842610627412796 0.9896155595779419
v 0.03990163654088974 0.04930902272462845 0.9931117296218872
v 0.07173347473144531 0.04598025977611542 0.9856635332107544
v -0.05708460509777069 0.04792596027255058 0.9909940361976624
v -0.03108437918126583 0.04406009241938591 0.9874238967895508
v 0.0012456218246370554 0.04450894892215729 0.991624653339386
v 0.028629159554839134 0.049098242074251175 0.9949143528938293
v 0.05796189233660698 0.04809398949146271 0.9906941652297974
v -0.07175492495298386 0.04917609691619873 0.9869496822357178
v -0.04220481216907501 0.04645583778619766 0.9911046624183655
v -0.011267876252532005 0.04404349997639656 0.9859718680381775
v 0.016474027186632156 0.04912444204092026 0.990087628364563
v 0.045619986951351166 0.04924336075782776 0.9915140271186829
v 0.08088546991348267 0.04731224849820137 0.9804855585098267
v -0.05136467143893242 0.04790212959051132 0.9881733059883118
v -0.023457475006580353 0.044185735285282135 0.984466016292572
v 0.007028328720480204 0.046902161091566086 0.9944509863853455
v 0.03430868312716484 0.049237579107284546 0.9930950403213501
v 0.06448756903409958 0.04816509783267975 0.9889302253723145
v -0.06366051733493805 0.04970407113432884 0.9892862439155579
v -0.037745311856269836 0.045971617102622986 0.9913897514343262
v -0.005049595143646002 0.044609252363443375 0.9856947064399719
v 0.023232338950037956 0.050565022975206375 0.9940773844718933
v 0.052364617586135864 0.04950800910592079 0.9901310205459595
v -0.07931438833475113 0.05004880204796791 0.9864857196807861
v -0.04622798040509224 0.048128705471754074 0.9887771606445312
v -0.016686834394931793 0.044702764600515366 0.982891857624054
v 0.011883458122611046 0.04991304874420166 0.9881409406661987
v 0.04022473841905594 0.049941882491111755 0.9923288822174072
v 0.07274703681468964 0.048219915479421616 0.9846839308738708
v -0.056606732308864594 0.04952540248632431 0.9906289577484131
v -0.030308417975902557 0.04562478885054588 0.9864290952682495
v 0.0017682375619187951 0.04700753465294838 0.995060384273529
v 0.029313182458281517 0.05016111209988594 0.9928430914878845
v 0.05851959437131882 0.04957682266831398 0.9906894564628601
v -0.07108600437641144 0.050693850964307785 0.9867873191833496
v -0.041774727404117584 0.04832179844379425 0.9916289448738098
v -0.01071205548942089 0.045688826590776443 0.9855548739433289
v 0.017146768048405647 0.05099054425954819 0.9894235730171204
v 0.04609741270542145 0.05024924874305725 0.9914072155952454
v 0.0823105126619339 0.049226947128772736 0.9797261953353882
v -0.05090353637933731 0.04940560460090637 0.9877051711082458
v -0.022749025374650955 0.04602808132767677 0.9850689172744751
v 0.007685527205467224 0.0493776760995388 0.9924455881118774
v 0.03524976596236229 0.050392065197229385 0.9926531910896301
v 0.06515412032604218 0.05000966787338257 0.988437831401825
v -0.06292847543954849 0.05145709216594696 0.9895504713058472
v -0.03707674890756607 0.04766993224620819 0.9885326623916626
v -0.004233603831380606 0.04658222198486328 0.98756343126297
v 0.02354942262172699 0.05161513760685921 0.9920111894607544
v 0.05286422371864319 0.05101636424660683 0.9902682900428772
v -0.07812140136957169 0.05144728720188141 0.9857006072998047
v -0.04574828967452049 0.04979676380753517 0.9885633587837219
v -0.01604178547859192 0.04647073894739151 0.982847273349762
v 0.012377863749861717 0.05196402594447136 0.9869786500930786
v 0.04067276045680046 0.05115269124507904 0.9921026229858398
v 0.07341556996107101 0.050246711820364 0.9839670658111572
v -0.05604149028658867 0.051174428313970566 0.9901698231697083
v -0.02946334332227707 0.04735888913273811 0.986019492149353
v 0.002170418854802847 0.049177225679159164 0.9977025985717773
v 0.029929859563708305 0.05133029818534851 0.9916446208953857
v 0.05901412293314934 0.051071856170892715 0.990525484085083
v -0.07024082541465759 0.052319347858428955 0.9867892861366272
v -0.041176941245794296 0.05057176575064659 0.9917502403259277
v -0.010087256319820881 0.04756763577461243 0.9861798882484436
v 0.01762758009135723 0.05247541517019272 0.9887925982475281
v 0.0466698482632637 0.05179143324494362 0.9916423559188843
v 0.0841006264090538 0.05112766474485397 0.9790743589401245
v -0.05016091838479042 0.051228366792201996 0.9873470067977905
v -0.021968893706798553 0.047731779515743256 0.9839183688163757
v 0.008279112167656422 0.05187356099486351 0.9898279905319214
v 0.03623813018202782 0.05165146291255951 0.9919866323471069
v 0.06574038416147232 0.05167125537991524 0.9880229234695435
v -0.06241553649306297 0.0530681274831295 0.9896257519721985
v -0.03627835586667061 0.049542587250471115 0.9874297380447388
v -0.0036927133332937956 0.048995718359947205 0.9927553534507751
v 0.0240826066583395 0.052733778953552246 0.9910752177238464
v 0.05329171195626259 0.05246879532933235 0.9906406998634338
v -0.07695811986923218 0.05301240086555481 0.9851190447807312
v -0.04490061476826668 0.051712095737457275 0.9883232116699219
v -0.015424313023686409 0.048307083547115326 0.9838255047798157
v 0.012885761447250843 0.05369901657104492 0.9865156412124634
v 0.04132746160030365 0.052692677825689316 0.9920525550842285
v 0.07420512288808823 0.05212699994444847 0.9834633469581604
v -0.05550491064786911 0.05286567658185959 0.9896971583366394
v -0.028680022805929184 0.04917001351714134 0.9857609868049622
v 0.0027910438366234303 0.05110616609454155 0.9977516531944275
v 0.030671468004584312 0.05271315947175026 0.9908899664878845
v 0.05956082418560982 0.05256439745426178 0.990307629108429
v -0.0694170743227005 0.054049935191869736 0.9868482947349548
v -0.040553443133831024 0.05279913172125816 0.9919782280921936
v -0.009420854039490223 0.04934563487768173 0.9872984886169434
v 0.0183061882853508 0.05391455441713333 0.9882523417472839
v 0.047406312078237534 0.05346650257706642 0.9917300939559937
v 0.08530963957309723 0.05294148623943329 0.9791862964630127
v -0.04938213899731636 0.05322042852640152 0.9871104955673218
v -0.02120356634259224 0.04950541630387306 0.9830989241600037
v 0.00871154572814703 0.05348045378923416 0.9883860349655151
v 0.036865126341581345 0.05311569198966026 0.9915665984153748
v 0.0665065124630928 0.05331747233867645 0.9873490333557129
v -0.061751171946525574 0.054794635623693466 0.9896913170814514
v -0.035403527319431305 0.051556847989559174 0.9879463911056519
v -0.0029324027709662914 0.05065590888261795 0.9935454726219177
v 0.02455289103090763 0.054059948772192 0.9902279376983643
v 0.05379610136151314 0.05399502068758011 0.9909069538116455
v -0.07613714784383774 0.05450248345732689 0.9849144816398621
v -0.04418818652629852 0.05358564853668213 0.9883707761764526
v -0.014815306290984154 0.05025757476687431 0.9861276745796204
v 0.013662131503224373 0.05507034435868263 0.9862736463546753
v 0.04194627329707146 0.054361458867788315 0.9919763207435608
v 0.07497046142816544 0.05385974049568176 0.9832549691200256
v -0.05511210858821869 0.054431892931461334 0.9892539978027344
v -0.02785571664571762 0.05085954815149307 0.9849122762680054
v 0.0036687166430056095 0.05313943326473236 0.9965761303901672
v 0.03136763721704483 0.05419841408729553 0.9901810884475708
v 0.06032621115446091 0.054121341556310654 0.989800214767456
v -0.0683981403708458 0.05583777278661728 0.9868212938308716
v -0.03975345194339752 0.0546196885406971 0.992570161819458
v -0.008666886016726494 0.05104699730873108 0.9879662990570068
v 0.01900670863687992 0.055024318397045135 0.9875762462615967
v 0.04822614789009094 0.055150534957647324 0.9915515184402466
v 0.0876259133219719 0.05473912134766579 0.9793158173561096
v -0.04883885383605957 0.05510753393173218 0.9870304465293884
v -0.020521527156233788 0.05126432329416275 0.9830115437507629
v 0.008958534337580204 0.05492885783314705 0.9873588681221008
v 0.037280600517988205 0.054542288184165955 0.9913514256477356
v 0.06714149564504623 0.05483560264110565 0.9866538047790527
v -0.06120909005403519 0.05646504834294319 0.9896644353866577
v -0.03462725877761841 0.053620800375938416 0.9900839328765869
v -0.0019230627221986651 0.052205972373485565 0.9917094111442566
v 0.02526434138417244 0.05554381012916565 0.989479660987854
v 0.05450399965047836 0.05562514439225197 0.9907112717628479
v -0.07510697841644287 0.056255824863910675 0.9848551154136658
v -0.04353655129671097 0.05557660385966301 0.9882616996765137
v -0.014153673313558102 0.05176672711968422 0.9854358434677124
v 0.014125281944870949 0.0560707151889801 0.9859411120414734
v 0.04262281209230423 0.05588986724615097 0.991601288318634
v 0.07581041008234024 0.05558725446462631 0.9831005930900574
v -0.05459996685385704 0.05617181211709976 0.9888289570808411
v -0.026974694803357124 0.052619654685258865 0.983841598033905
v 0.0045815324410796165 0.0547100231051445 0.9946023225784302
v 0.03186526894569397 0.0557265542447567 0.9894570112228394
v 0.06103069335222244 0.05574618652462959 0.9891359210014343
v -0.06754930317401886 0.05763661116361618 0.9872316718101501
v -0.03923670947551727 0.056191783398389816 0.993708610534668
v -0.007816754281520844 0.05275441333651543 0.9879959225654602
v 0.019660048186779022 0.05645952746272087 0.9870856404304504
v 0.04890928044915199 0.056686922907829285 0.9913405179977417
v -0.08593510091304779 0.05912093073129654 0.9830966591835022
v -0.048322971910238266 0.05707534775137901 0.9868885278701782
v -0.019937260076403618 0.05310383439064026 0.9837009906768799
v 0.00930238887667656 0.05630847439169884 0.9868435263633728
v 0.037868961691856384 0.056216634809970856 0.9908546209335327
v 0.06805270165205002 0.05645066499710083 0.9858696460723877
v -0.06062724441289902 0.05808287858963013 0.9896213412284851
v -0.03390636667609215 0.05543328821659088 0.9914654493331909
v -0.0008945757290348411 0.05399215966463089 0.9898090958595276
v 0.02595987357199192 0.0570853054523468 0.9887749552726746
v 0.055265918374061584 0.05729926750063896 0.9902129769325256
v -0.07420523464679718 0.058120325207710266 0.9851263165473938
v -0.04298765957355499 0.05750852823257446 0.9883729815483093
v -0.01336161233484745 0.05351110175251961 0.9839102029800415
v 0.014530192129313946 0.057301007211208344 0.9859025478363037
v 0.04328373074531555 0.05743977800011635 0.9912944436073303
v 0.07644843310117722 0.05732560157775879 0.9833414554595947
v -0.05396025627851486 0.05794013664126396 0.9886695742607117
v -0.026279093697667122 0.05445007234811783 0.983740508556366
v 0.005267234984785318 0.05630553141236305 0.9930058717727661
v 0.03240065276622772 0.05745336040854454 0.9888831377029419
v 0.061888787895441055 0.05757584422826767 0.9883284568786621
v -0.06676708906888962 0.05943511798977852 0.9877945780754089
v -0.03860901668667793 0.05818335711956024 0.9945135712623596
v -0.006896664388477802 0.054468490183353424 0.9868038892745972
v 0.02014753967523575 0.057956941425800323 0.987129807472229
v 0.049684878438711166 0.05830897390842438 0.9909501671791077
v -0.08391375094652176 0.060025062412023544 0.9836665987968445
v -0.04776845499873161 0.05889609828591347 0.9872481226921082
v -0.019310472533106804 0.05484102666378021 0.9845192432403564
v 0.009828897193074226 0.057869624346494675 0.9867072105407715
v 0.03848456218838692 0.057968609035015106 0.9905426502227783
v 0.06872392445802689 0.05818117409944534 0.9854201078414917
v -0.060052406042814255 0.059552524238824844 0.9898558259010315
v -0.03327157720923424 0.056969039142131805 0.9901371598243713
v 0.0002117511467076838 0.05592571943998337 0.989205539226532
v 0.026596657931804657 0.05874890834093094 0.9878731369972229
v 0.05611012876033783 0.05900183692574501 0.9892969131469727
v -0.0734008327126503 0.060061898082494736 0.9853919148445129
v -0.042443033307790756 0.059345681220293045 0.9884738326072693
v -0.012547220103442669 0.05537793040275574 0.983859121799469
v 0.014887281693518162 0.05870475620031357 0.986262857913971
v 0.04417707398533821 0.059160228818655014 0.9907692074775696
v 0.07715995609760284 0.059154387563467026 0.9832454919815063
v -0.053321436047554016 0.059721436351537704 0.9887679219245911
v -0.025623831897974014 0.056247513741254807 0.9846447706222534
v 0.005871879402548075 0.0580424927175045 0.9915923476219177
v 0.032809529453516006 0.05921585485339165 0.9885704517364502
v 0.06267042458057404 0.05932631343603134 0.9876328706741333
v -0.06630676984786987 0.06104046478867531 0.9883766770362854
v -0.03804825618863106 0.05970391631126404 0.9938120245933533
v -0.006079765502363443 0.05623968318104744 0.9862110018730164
v 0.02079552225768566 0.05956687778234482 0.987133800983429
v 0.05041319504380226 0.059931714087724686 0.9901723861694336
v -0.0825449675321579 0.061438288539648056 0.9838742613792419
v -0.04731276258826256 0.06076943874359131 0.9873030781745911
v -0.01860613189637661 0.05653343349695206 0.9841706156730652
v 0.010233238339424133 0.05948726460337639 0.9866050481796265
v 0.039152972400188446 0.05981491506099701 0.9899626970291138
v 0.06948896497488022 0.05994546413421631 0.9847760796546936
v -0.05938585102558136 0.06111251562833786 0.9900095462799072
v -0.03256797045469284 0.058425795286893845 0.988429069519043
v 0.0011522846762090921 0.057931043207645416 0.9903560280799866
v 0.026958251371979713 0.06032648682594299 0.9874928593635559
v 0.0568133220076561 0.06061258539557457 0.9882338643074036
v -0.07297611236572266 0.0618601068854332 0.9859145879745483
v -0.04204191267490387 0.061075612902641296 0.9885806441307068
v -0.01193991955369711 0.057228703051805496 0.9848515391349792
v 0.015516803599894047 0.060378532856702805 0.9863916635513306
v 0.04496001824736595 0.060801874846220016 0.9901933073997498
v 0.077701635658741 0.060947295278310776 0.9830395579338074
v -0.0526270717382431 0.06171790137887001 0.9886288642883301
v -0.02500113658607006 0.057888053357601166 0.9853216409683228
v 0.006493165623396635 0.05973928049206734 0.9903453588485718
v 0.03341585025191307 0.06103609874844551 0.9881433248519897
v 0.06338637322187424 0.06104208528995514 0.9867615699768066
v -0.06562371551990509 0.06278110295534134 0.9888479709625244
v -0.037674758583307266 0.06131444498896599 0.9924934506416321
v -0.005296571180224419 0.05801589787006378 0.9862768650054932
v 0.021306175738573074 0.06122220680117607 0.9871608018875122
v 0.05112243816256523 0.06160013750195503 0.9891653060913086
v -0.08139503747224808 0.06274854391813278 0.9839240312576294
v -0.046788472682237625 0.06252892315387726 0.9871583580970764
v -0.017955953255295753 0.05830661579966545 0.984453022480011
v 0.010811887681484222 0.06120679900050163 0.9864301681518555
v 0.03962818905711174 0.06155644729733467 0.9894583225250244
v 0.07019823044538498 0.061713311821222305 0.9841050505638123
v -0.05857125297188759 0.06286556273698807 0.9901072978973389
v -0.031930651515722275 0.05989733338356018 0.9878308773040771
v 0.0018805173458531499 0.0603642500936985 0.994772732257843
v 0.027323171496391296 0.06203005090355873 0.9874476194381714
v 0.05750009045004845 0.062198616564273834 0.9871581196784973
v -0.07241890579462051 0.06380266696214676 0.9865502119064331
v -0.04165755212306976 0.06275497376918793 0.9887097477912903
v -0.011405699886381626 0.05906787887215614 0.9859635829925537
v 0.016074704006314278 0.06212402880191803 0.986657977104187
v 0.04565585032105446 0.06253655254840851 0.9897601008415222
v 0.07849830389022827 0.06271639466285706 0.9823390245437622
v -0.05187484622001648 0.06341328471899033 0.9884573817253113
v -0.024353057146072388 0.05956926941871643 0.9860512018203735
v 0.006907780189067125 0.06170598044991493 0.9889305830001831
v 0.03383226320147514 0.06278511136770248 0.9881085157394409
v 0.06402767449617386 0.06270737200975418 0.9859340190887451
v -0.0648571327328682 0.06442850828170776 0.9894514083862305
v -0.03729821369051933 0.06262362003326416 0.992445707321167
v -0.004530280362814665 0.05987776443362236 0.9874153733253479
v 0.021838221698999405 0.06307027488946915 0.9869344830513
v 0.051815181970596313 0.06332577019929886 0.9882047176361084
v -0.08045303076505661 0.06426850706338882 0.9840133190155029
v -0.04614569991827011 0.06416421383619308 0.9871204495429993
v -0.017353923991322517 0.060249052941799164 0.9859485626220703
v 0.011459938250482082 0.06290294229984283 0.986672043800354
v 0.040220730006694794 0.06327983736991882 0.9892279505729675
v 0.07104744017124176 0.06350696831941605 0.983128011226654
v -0.05775325745344162 0.06457072496414185 0.9899165630340576
v -0.031202903017401695 0.061678096652030945 0.9885934591293335
v 0.0022013389971107244 0.06234907731413841 0.9968461990356445
v 0.02766481041908264 0.06368737667798996 0.9877381920814514
v 0.05815453454852104 0.06372381001710892 0.9863235950469971
v -0.07192844897508621 0.06553751230239868 0.9870370626449585
v -0.04130157083272934 0.06432577967643738 0.9888989329338074
v -0.01069689355790615 0.060719750821590424 0.9851170778274536
v 0.016673287376761436 0.0638531818985939 0.9868053197860718
v 0.04618760943412781 0.06427166610956192 0.9893322587013245
v 0.0793350413441658 0.06441342085599899 0.9812708497047424
v -0.051140084862709045 0.06492471694946289 0.9882051944732666
v -0.023694247007369995 0.06107613444328308 0.9857285022735596
v 0.00734658632427454 0.06351908296346664 0.9877285957336426
v 0.03432324528694153 0.06446168571710587 0.9881991147994995
v 0.06461793184280396 0.06437060236930847 0.9849819540977478
v -0.063980333507061 0.06607405841350555 0.9896774888038635
v -0.036912791430950165 0.064222052693367 0.993233859539032
v -0.003830910660326481 0.06197559833526611 0.9900748133659363
v 0.02236110344529152 0.06477860361337662 0.986541211605072
v 0.052482690662145615 0.06499134749174118 0.9872759580612183
v -0.0794958621263504 0.06572596728801727 0.9841342568397522
v -0.04554886370897293 0.06571631878614426 0.9869235754013062
v -0.016723668202757835 0.06201839819550514 0.9876760244369507
v 0.011929302476346493 0.06442397087812424 0.9866307377815247
v 0.04080881178379059 0.06491847336292267 0.9889097213745117
v 0.07172005623579025 0.06521295011043549 0.9820082187652588
v -0.0571102648973465 0.06623811274766922 0.9896823167800903
v -0.030684813857078552 0.06336601823568344 0.9892883896827698
v 0.0023297308944165707 0.06391392648220062 0.9960821270942688
v 0.0281183123588562 0.06543340533971786 0.9879612922668457
v 0.05875251442193985 0.06528874486684799 0.985475480556488
v -0.0711282417178154 0.06721717864274979 0.9870549440383911
v -0.0408884696662426 0.06591781228780746 0.9891917705535889
v -0.00990414246916771 0.062340617179870605 0.9847027659416199
v 0.01724044233560562 0.06545001268386841 0.9865549802780151
v 0.04678579047322273 0.06619919091463089 0.9886894822120667
v 0.08048103749752045 0.06599735468626022 0.9796238541603088
v -0.050350651144981384 0.06650519371032715 0.9877113103866577
v -0.023021696135401726 0.06258721649646759 0.9842032194137573
v 0.007765644695609808 0.06513738632202148 0.9868947267532349
v 0.03490233048796654 0.06606610864400864 0.9882802963256836
v 0.06512603908777237 0.06607294082641602 0.9839487075805664
v -0.06304977089166641 0.06772928684949875 0.9898462295532227
v -0.03655551001429558 0.0660451203584671 0.9944217801094055
v -0.0031579758506268263 0.06393391638994217 0.9915496110916138
v 0.022834742441773415 0.06658518314361572 0.9863317608833313
v 0.05300643667578697 0.06665176898241043 0.9866230487823486
v -0.07837273180484772 0.06725107878446579 0.9840947985649109
v -0.04498214274644852 0.06727422028779984 0.9867633581161499
v -0.016117950901389122 0.06379153579473495 0.9881570935249329
v 0.012497973628342152 0.06594167649745941 0.9863907098770142
v 0.041381124407052994 0.0666571706533432 0.9883668422698975
v 0.07228246331214905 0.06681695580482483 0.9808390140533447
v -0.05650194734334946 0.06793859601020813 0.9894014000892639
v -0.030167140066623688 0.06516065448522568 0.9895070195198059
v 0.0028296809177845716 0.06565599143505096 0.9949114918708801
v 0.028653431683778763 0.06720378249883652 0.9883815050125122
v 0.05929231271147728 0.06700419634580612 0.9848619699478149
v -0.07023871690034866 0.06863897293806076 0.987302839756012
v -0.04038405418395996 0.0675986111164093 0.9903339743614197
v -0.009206836111843586 0.06414199620485306 0.9853503108024597
v 0.0177649836987257 0.06721963733434677 0.9861736297607422
v 0.04721410572528839 0.06815994530916214 0.9881817102432251
v 0.0817403793334961 0.06744657456874847 0.9777926206588745
v -0.04961736127734184 0.06809277832508087 0.9875897765159607
v -0.022401882335543633 0.064252570271492 0.9833816885948181
v 0.008205707184970379 0.06671538949012756 0.9865670204162598
v 0.03573516383767128 0.06760675460100174 0.9883487224578857
v 0.06562887132167816 0.06783024221658707 0.9830289483070374
v -0.06200272962450981 0.06938637048006058 0.9897011518478394
v -0.03554871305823326 0.06798335909843445 0.9959977269172668
v -0.002618219703435898 0.06590425223112106 0.9931145310401917
v 0.023142360150814056 0.06838543713092804 0.9865133762359619
v 0.05359407141804695 0.0685734674334526 0.9860631823539734
v -0.07739552855491638 0.06869658827781677 0.9842914342880249
v -0.04436694085597992 0.06884779781103134 0.9868874549865723
v -0.015571405179798603 0.06561438739299774 0.9886388778686523
v 0.013031160458922386 0.06765323877334595 0.9862538576126099
v 0.04176536202430725 0.06837876886129379 0.9881125092506409
v 0.07291213423013687 0.06831186264753342 0.9796959757804871
v -0.055870335549116135 0.06957834213972092 0.9891409873962402
v -0.029557840898633003 0.06699896603822708 0.9890479445457458
v 0.00388054340146482 0.0677654817700386 0.9920960068702698
v 0.02940397895872593 0.06902022659778595 0.988930344581604
v 0.059696659445762634 0.06883176416158676 0.9844815135002136
v -0.06919117271900177 0.0701318308711052 0.987423300743103
v -0.039946746081113815 0.06935334950685501 0.9915439486503601
v -0.00857171043753624 0.06612580269575119 0.9872218370437622
v 0.01817391626536846 0.06897624582052231 0.9860792756080627
v 0.04778311401605606 0.07014146447181702 0.9874783754348755
v 0.08308248966932297 0.06883130222558975 0.9762367010116577
v -0.04897325113415718 0.06967493146657944 0.9876512289047241
v -0.021800784394145012 0.06602432578802109 0.9832750558853149
v 0.008632384240627289 0.06839322298765182 0.9862170815467834
v 0.036387428641319275 0.06920890510082245 0.9883294105529785
v 0.06620848178863525 0.0694788247346878 0.9821155071258545
v -0.06118465214967728 0.0710778459906578 0.9897030591964722
v -0.035222262144088745 0.06979964673519135 0.9968568086624146
v -0.002173942979425192 0.06811914592981339 0.9953254461288452
v 0.02375127747654915 0.07027982175350189 0.9867023825645447
v 0.05402171611785889 0.07061924785375595 0.9854127764701843
v -0.0761413648724556 0.07047481089830399 0.9842579960823059
v -0.04373322054743767 0.07043135166168213 0.987183690071106
v -0.014983998611569405 0.06756503880023956 0.9893264770507812
v 0.013563988730311394 0.06942889839410782 0.9858943819999695
v 0.04227104038000107 0.07032448053359985 0.9876834750175476
v 0.07373905181884766 0.06982146948575974 0.9783949851989746
v -0.055106062442064285 0.07133070379495621 0.9886628985404968
v -0.02892152965068817 0.06873057037591934 0.9876783490180969
v 0.004376277327537537 0.06940435618162155 0.9903098940849304
v 0.03052620403468609 0.0707906112074852 0.9897614121437073
v 0.06012074649333954 0.07083471864461899 0.9838430285453796
v -0.06785158067941666 0.0717797800898552 0.987499475479126
v -0.03947459161281586 0.07118190824985504 0.9931158423423767
v -0.00799982063472271 0.06837905943393707 0.9908076524734497
v 0.018735971301794052 0.07087796181440353 0.985947847366333
v 0.04826048016548157 0.07205399870872498 0.9868203401565552
v 0.08590254187583923 0.07052263617515564 0.9739761352539062
v -0.04843690246343613 0.07139670848846436 0.9880501627922058
v -0.02127855084836483 0.06802745908498764 0.984207034111023
v 0.009213347919285297 0.07024019956588745 0.9859253764152527
v 0.03703497350215912 0.07108723372220993 0.9879492521286011
v 0.06691621989011765 0.07112105190753937 0.981355607509613
v -0.06034890562295914 0.07291875034570694 0.9894883036613464
v -0.03508481755852699 0.07175596058368683 0.9970239996910095
v -0.0015991381369531155 0.0701788142323494 0.9959834814071655
v 0.024482812732458115 0.07232186198234558 0.986971914768219
v 0.054348576813936234 0.07278896123170853 0.9848631620407104
v -0.07510273158550262 0.07236234843730927 0.9843708276748657
v -0.04318707063794136 0.07218766212463379 0.9878152012825012
v -0.014350682497024536 0.06931722909212112 0.9888520836830139
v 0.014056924730539322 0.07144662737846375 0.9856714606285095
v 0.04269663989543915 0.07235237956047058 0.9872480034828186
v 0.07454659789800644 0.07152609527111053 0.9772533774375916
v -0.05451638996601105 0.07328229397535324 0.988339364528656
v -0.028220875188708305 0.0707273855805397 0.9876286387443542
v 0.004690800327807665 0.07109189033508301 0.9895601868629456
v 0.031431812793016434 0.07289266586303711 0.9893038272857666
v 0.060617271810770035 0.07300803065299988 0.9834654927253723
v -0.06669080257415771 0.07369910925626755 0.9875555038452148
v -0.03900182247161865 0.07331299036741257 0.9933268427848816
v -0.007162782829254866 0.07039383053779602 0.9917834997177124
v 0.019237587228417397 0.07286833226680756 0.9860845804214478
v 0.04887853190302849 0.07414563745260239 0.9861518144607544
v -0.08629634231328964 0.0744321420788765 0.9816612601280212
v -0.048000629991292953 0.07322878390550613 0.9880002737045288
v -0.02074810490012169 0.07042995095252991 0.9864885210990906
v 0.009529358707368374 0.0723126158118248 0.9860057234764099
v 0.037224553525447845 0.0730208307504654 0.9877657890319824
v 0.0674576535820961 0.07294727116823196 0.9808105230331421
v -0.05973820015788078 0.07469702512025833 0.9893787503242493
v -0.03469981625676155 0.07383314520120621 0.9964100122451782
v -0.000792836130131036 0.0723268911242485 0.9965622425079346
v 0.025284741073846817 0.0743318498134613 0.9873921871185303
v 0.05462944880127907 0.07495617121458054 0.9845471978187561
v -0.07420427352190018 0.07446584850549698 0.9845991134643555
v -0.04276562109589577 0.07405449450016022 0.9885228276252747
v -0.013541437685489655 0.0710269957780838 0.9874529242515564
v 0.014485069550573826 0.07356879115104675 0.9856093525886536
v 0.043244730681180954 0.0742897316813469 0.9867562651634216
v 0.07543797045946121 0.07343456149101257 0.9765599370002747
v -0.05391036719083786 0.07530903816223145 0.9879084825515747
v -0.027510378509759903 0.07285051792860031 0.9886828064918518
v 0.0048270197585225105 0.073150634765625 0.989241898059845
v 0.031636692583560944 0.07482966780662537 0.9889598488807678
v 0.06117340922355652 0.07520420849323273 0.982976496219635
v -0.06581499427556992 0.0756731629371643 0.9881049394607544
v -0.038828909397125244 0.07534244656562805 0.9933475255966187
v -0.006325067952275276 0.07239972800016403 0.9922206997871399
v 0.019811004400253296 0.07476543635129929 0.9861101508140564
v 0.0494772307574749 0.07613524794578552 0.9854133725166321
v -0.08437644690275192 0.076187364757061 0.9826162457466125
v -0.04758211597800255 0.0751015692949295 0.9881030321121216
v -0.020262539386749268 0.07282578945159912 0.9895996451377869
v 0.009954579174518585 0.07444344460964203 0.985890805721283
v 0.0375308133661747 0.07499311864376068 0.9871918559074402
v 0.0681382566690445 0.0749068409204483 0.9800353646278381
v -0.05918149650096893 0.07654835283756256 0.9884145855903625
v -0.0343291200697422 0.07583179324865341 0.9952357411384583
v -0.0003686742566060275 0.07445286959409714 0.996752142906189
v 0.02597315050661564 0.07612074911594391 0.9879457950592041
v 0.055214978754520416 0.07703933119773865 0.9836389422416687
v -0.07336582988500595 0.07671906799077988 0.9845910668373108
v -0.042219556868076324 0.07605065405368805 0.9890551567077637
v -0.01273630652576685 0.07289820909500122 0.9866097569465637
v 0.015004690736532211 0.07563836127519608 0.9852077960968018
v 0.043615106493234634 0.07610593736171722 0.9861266016960144
v 0.07627671957015991 0.07545118778944016 0.9758451581001282
v -0.053400009870529175 0.07710816711187363 0.987334132194519
v -0.026896843686699867 0.07495618611574173 0.9897416234016418
v 0.0051183090545237064 0.07525421679019928 0.9889578223228455
v 0.03202172368764877 0.07674246281385422 0.9880130887031555
v 0.06174686178565025 0.07725537568330765 0.9822376370429993
v -0.06492272764444351 0.0777081623673439 0.9881258010864258
v -0.03869648650288582 0.07753436267375946 0.9937560558319092
v -0.005710541270673275 0.07450096309185028 0.99322909116745
v 0.02031777799129486 0.07662627100944519 0.9858800172805786
v 0.05016311630606651 0.07802841067314148 0.9841433763504028
v -0.08302733302116394 0.07841978222131729 0.9827249646186829
v -0.046978071331977844 0.0770876333117485 0.9883050918579102
v -0.01962026208639145 0.07492367923259735 0.989695131778717
v 0.01032622903585434 0.07655026763677597 0.9855866432189941
v 0.03789033740758896 0.07691352814435959 0.9863519072532654
v 0.06897388398647308 0.07703670114278793 0.9790141582489014
v -0.058657556772232056 0.07846587896347046 0.987313985824585
v -0.03367651253938675 0.07790149003267288 0.9952060580253601
v 9.932303510140628e-05 0.07641655206680298 0.9963046908378601
v 0.026603393256664276 0.0778709426522255 0.9873843193054199
v 0.055702004581689835 0.07901182770729065 0.9824978113174438
v -0.07232344150543213 0.07904933393001556 0.9847459197044373
v -0.04188898578286171 0.07803817838430405 0.989137589931488
v -0.01197119802236557 0.0749967023730278 0.9869283437728882
v 0.01531222928315401 0.07753299176692963 0.984826385974884
v 0.044132158160209656 0.07799604535102844 0.985175371170044
v 0.07737042754888535 0.07763022929430008 0.9752802848815918
v -0.052896905690431595 0.07890445739030838 0.9869198203086853
v -0.026219885796308517 0.07697378844022751 0.9911681413650513
v 0.00538498954847455 0.07739126682281494 0.9886511564254761
v 0.032159361988306046 0.07848365604877472 0.9871687889099121
v 0.06209490820765495 0.07928925007581711 0.9812614917755127
v -0.06435808539390564 0.07953765243291855 0.9876716136932373
v -0.03832715377211571 0.07962653785943985 0.9952216148376465
v -0.005033937282860279 0.07682842016220093 0.9956239461898804
v 0.02079392783343792 0.07825307548046112 0.9857197403907776
v 0.05040447786450386 0.07963521033525467 0.9831171035766602
v -0.08164545148611069 0.08067423105239868 0.9818074107170105
v -0.0464954599738121 0.07887616008520126 0.9887685179710388
v -0.018848612904548645 0.07704123854637146 0.9896900057792664
v 0.010387192480266094 0.07837088406085968 0.9853405952453613
v 0.03839276358485222 0.07883234322071075 0.9855441451072693
v 0.06960422545671463 0.07918330281972885 0.9781557321548462
v -0.05811420828104019 0.08041025698184967 0.9863641262054443
v -0.03260141983628273 0.08015336841344833 0.9974944591522217
v 0.0005840259254910052 0.07834818214178085 0.9954639673233032
v 0.026836534962058067 0.07932931184768677 0.9868261218070984
v 0.05603263899683952 0.08092094957828522 0.9811619520187378
v -0.07135646045207977 0.0812244862318039 0.9846391081809998
v -0.04165704920887947 0.07989000529050827 0.9892200827598572
v -0.011233625002205372 0.0773913785815239 0.9889339208602905
v 0.015554944053292274 0.07918627560138702 0.984225332736969
v 0.04460454359650612 0.07961968332529068 0.9842915534973145
v 0.07864203304052353 0.07974269986152649 0.9746807813644409
v -0.052542563527822495 0.08072368055582047 0.9867041707038879
v -0.025633880868554115 0.07899023592472076 0.9910913705825806
v 0.005646036937832832 0.07936054468154907 0.9879365563392639
v 0.03251758590340614 0.08026900142431259 0.9860978126525879
v 0.06238443776965141 0.0813610702753067 0.9803327918052673
v -0.06374171376228333 0.08146228641271591 0.9864110946655273
v -0.037746213376522064 0.08186928182840347 0.996221661567688
v -0.004512093495577574 0.0792158767580986 0.9977714419364929
v 0.02129177935421467 0.07976070046424866 0.9851540923118591
v 0.05064462125301361 0.08124464005231857 0.9815220236778259
v -0.08059408515691757 0.08331853896379471 0.9810706377029419
v -0.04627902805805206 0.0808103084564209 0.9888584017753601
v -0.01804894022643566 0.07934226095676422 0.9904393553733826
v 0.010543210431933403 0.0802450031042099 0.9845916628837585
v 0.038702864199876785 0.0808374285697937 0.9848986268043518
v 0.07024993747472763 0.0814187303185463 0.9775362610816956
v -0.057534150779247284 0.08247554302215576 0.985184371471405
v -0.03200405463576317 0.08219664543867111 0.9992337822914124
v 0.00115926843136549 0.08062457293272018 0.9938633441925049
v 0.027390101924538612 0.08111628144979477 0.9860270619392395
v 0.05622677877545357 0.08263912796974182 0.9795756340026855
v -0.070332370698452 0.08348722755908966 0.983802318572998
v -0.04149540886282921 0.0819488912820816 0.9892727136611938
v -0.010636634193360806 0.07997418195009232 0.9924265742301941
v 0.016061503440141678 0.08094882220029831 0.9834752082824707
v 0.04528963193297386 0.08176612108945847 0.9832587242126465
v 0.08000684529542923 0.08195848762989044 0.9736619591712952
v -0.05199236050248146 0.08296571671962738 0.9863622188568115
v -0.024908723309636116 0.08137425035238266 0.990857720375061
v 0.0057859402149915695 0.08163599669933319 0.9870395660400391
v 0.03302972763776779 0.0825396478176117 0.9850462079048157
v 0.06313147395849228 0.08402325212955475 0.9796905517578125
v -0.0631835088133812 0.08371473103761673 0.9848552346229553
v -0.03708836808800697 0.08410579711198807 0.9960190653800964
v -0.003941256087273359 0.08199213445186615 0.9998300075531006
v 0.021891379728913307 0.08163727819919586 0.9845619797706604
v 0.05103489011526108 0.08315074443817139 0.9798814654350281
v -0.07945325970649719 0.08612260222434998 0.9795927405357361
v -0.046150196343660355 0.08318580687046051 0.9887499213218689
v -0.01724654622375965 0.0819176509976387 0.9920687079429626
v 0.011071176268160343 0.08245297521352768 0.9837712645530701
v 0.03934444859623909 0.08380687236785889 0.98465496301651
v 0.07132679224014282 0.084538534283638 0.9772673845291138
v -0.05696393549442291 0.084968201816082 0.9838889241218567
v -0.031467605382204056 0.08464520424604416 0.9994835257530212
v 0.0017857177881523967 0.08322102576494217 0.9927173256874084
v 0.02810884825885296 0.0835171639919281 0.9851645231246948
v 0.0567452535033226 0.08471793681383133 0.9781657457351685
v -0.06976014375686646 0.08605187386274338 0.9827260375022888
v -0.04117366671562195 0.08432406932115555 0.9892916083335876
v -0.009828382171690464 0.08253851532936096 0.99437016248703
v 0.01677805371582508 0.08324649930000305 0.9829686880111694
v 0.045924533158540726 0.08474098891019821 0.9827410578727722
v 0.08157365024089813 0.08462660014629364 0.9724726676940918
v -0.05164472013711929 0.08556720614433289 0.9863353371620178
v -0.02398008666932583 0.0843246802687645 0.9916946887969971
v 0.006353627424687147 0.08416586369276047 0.9864085912704468
v 0.03380434587597847 0.08544453978538513 0.9842367172241211
v 0.06396814435720444 0.086711086332798 0.9789829254150391
v -0.06270075589418411 0.08657511323690414 0.9830134510993958
v -0.03661935031414032 0.08651941269636154 0.9953524470329285
v -0.003229068359360099 0.08496395498514175 1.0022729635238647
v 0.02252502739429474 0.0842670127749443 0.9841211438179016
v 0.051547933369874954 0.08542768657207489 0.9785147905349731
v -0.07841677218675613 0.08897058665752411 0.9782677292823792
v -0.04587230831384659 0.0857597216963768 0.9881821870803833
v -0.016545450314879417 0.08489270508289337 0.9942417740821838
v 0.011800369247794151 0.08484432846307755 0.983025074005127
v 0.03999463841319084 0.08649677038192749 0.9842798709869385
v 0.07237423956394196 0.08723042905330658 0.9764641523361206
v -0.05646512657403946 0.08758857846260071 0.9827486276626587
v -0.030708005651831627 0.08718059211969376 0.9993424415588379
v 0.0024578850716352463 0.0860130563378334 0.9914178848266602
v 0.028896339237689972 0.08636662364006042 0.9841023683547974
v 0.05730341002345085 0.08704071491956711 0.9768459796905518
v -0.0693356990814209 0.08892577886581421 0.9813007116317749
v -0.04056757688522339 0.08675646036863327 0.9886869788169861
v -0.00920300092548132 0.08522549271583557 0.9965142607688904
v 0.017321765422821045 0.08595217019319534 0.9823179841041565
v 0.0464063361287117 0.08759123831987381 0.981461226940155
v 0.0834241583943367 0.08777869492769241 0.9702413082122803
v -0.051414839923381805 0.08824663609266281 0.9856933951377869
v -0.02347034029662609 0.08777890354394913 0.9955716133117676
v 0.006718082819133997 0.08666375279426575 0.9852798581123352
v 0.034311339259147644 0.08820810168981552 0.9830386638641357
v 0.06457687169313431 0.08921439200639725 0.9776984453201294
v -0.06224585324525833 0.0895482748746872 0.9809376001358032
v -0.03591941297054291 0.08897368609905243 0.9947218298912048
v -0.002808864926919341 0.08746854215860367 1.0023728609085083
v 0.023095376789569855 0.0875282883644104 0.9830955862998962
v 0.05172953009605408 0.08805185556411743 0.9766355752944946
v -0.07690238207578659 0.09195785969495773 0.9763343334197998
v -0.045452266931533813 0.0887574702501297 0.9863609075546265
v -0.01586892083287239 0.08831384032964706 0.9969140291213989
v 0.012154129333794117 0.08765678852796555 0.981492280960083
v 0.04043857008218765 0.08962367475032806 0.9824213981628418
v 0.07308610528707504 0.09021660685539246 0.9745156168937683
v -0.05568501725792885 0.09078660607337952 0.9802069664001465
v -0.030347855761647224 0.09080342948436737 0.998880922794342
v 0.0025350397918373346 0.08952901512384415 0.9887441992759705
v 0.029349714517593384 0.09036710858345032 0.9816916584968567
v 0.057544223964214325 0.09056419879198074 0.973991870880127
v -0.06883460283279419 0.09413795918226242 0.9778419137001038
v -0.039795346558094025 0.09117352217435837 0.985826313495636
v -0.00899355486035347 0.08960867673158646 1.0003219842910767
v 0.01713607646524906 0.09060947597026825 0.9801309704780579
v 0.04659507796168327 0.0925518274307251 0.978040337562561
v 0.08574287593364716 0.0975455716252327 0.9676263332366943
