HIERARCHY
ROOT Hips
{
	OFFSET -0.001795 -0.223333 0.028219
	CHANNELS 6 Xposition Yposition Zposition Zrotation Yrotation Xrotation 
	JOINT LeftUpLeg
	{
		OFFSET 0.069520 -0.091406 -0.006815
		CHANNELS 3 Zrotation Yrotation Xrotation
		JOINT LeftLeg
		{
			OFFSET 0.034277 -0.375199 -0.004496
			CHANNELS 3 Zrotation Yrotation Xrotation
			JOINT LeftFoot
			{
				OFFSET -0.013596 -0.397961 -0.043693
				CHANNELS 3 Zrotation Yrotation Xrotation
				JOINT LeftToe
				{
					OFFSET 0.026358 -0.055791 0.119288
					CHANNELS 3 Zrotation Yrotation Xrotation
					End Site
					{
						OFFSET 0.000000 0.000000 0.000000
					}
				}
			}
		}
	}
	JOINT RightUpLeg
	{
		OFFSET -0.067670 -0.090522 -0.004320
		CHANNELS 3 Zrotation Yrotation Xrotation
		JOINT RightLeg
		{
			OFFSET -0.038290 -0.382569 -0.008850
			CHANNELS 3 Zrotation Yrotation Xrotation
			JOINT RightFoot
			{
				OFFSET 0.015774 -0.398415 -0.042312
				CHANNELS 3 Zrotation Yrotation Xrotation
				JOINT RightToe
				{
					OFFSET -0.025372 -0.048144 0.123348
					CHANNELS 3 Zrotation Yrotation Xrotation
					End Site
					{
						OFFSET 0.000000 0.000000 0.000000
					}
				}
			}
		}
	}
	JOINT Spine
	{
		OFFSET -0.002533 0.108963 -0.026696
		CHANNELS 3 Zrotation Yrotation Xrotation
		JOINT Spine1
		{
			OFFSET 0.005487 0.135180 0.001092
			CHANNELS 3 Zrotation Yrotation Xrotation
			JOINT Spine2
			{
				OFFSET 0.001457 0.052922 0.025425
				CHANNELS 3 Zrotation Yrotation Xrotation
				JOINT Neck
				{
					OFFSET -0.002778 0.213870 -0.042857
					CHANNELS 3 Zrotation Yrotation Xrotation
					JOINT Head
					{
						OFFSET 0.005152 0.064970 0.051349
						CHANNELS 3 Zrotation Yrotation Xrotation
						End Site
						{
							OFFSET 0.000000 0.000000 0.000000
						}
					}
				}
				JOINT LeftShoulder
				{
					OFFSET 0.078845 0.121749 -0.034090
					CHANNELS 3 Zrotation Yrotation Xrotation
					JOINT LeftArm
					{
						OFFSET 0.090977 0.030469 -0.008868
						CHANNELS 3 Zrotation Yrotation Xrotation
						JOINT LeftForeArm
						{
							OFFSET 0.259612 -0.012772 -0.027456
							CHANNELS 3 Zrotation Yrotation Xrotation
							JOINT LeftHand
							{
								OFFSET 0.249234 0.008986 -0.001171
								CHANNELS 3 Zrotation Yrotation Xrotation
								End Site
								{
									OFFSET 0.000000 0.000000 0.000000
								}
							}
						}
					}
				}
				JOINT RightShoulder
				{
					OFFSET -0.081759 0.118833 -0.038615
					CHANNELS 3 Zrotation Yrotation Xrotation
					JOINT RightArm
					{
						OFFSET -0.096012 0.032551 -0.009143
						CHANNELS 3 Zrotation Yrotation Xrotation
						JOINT RightForeArm
						{
							OFFSET -0.253742 -0.013329 -0.021401
							CHANNELS 3 Zrotation Yrotation Xrotation
							JOINT RightHand
							{
								OFFSET -0.255298 0.007772 -0.005559
								CHANNELS 3 Zrotation Yrotation Xrotation
								End Site
								{
									OFFSET 0.000000 0.000000 0.000000
								}
							}
						}
					}
				}
			}
		}
	}
}
MOTION
Frames: 196
Frame Time: 0.050000
0.000000 0.922152 0.000000 -1.043831 9.982383 4.959884 7.070231 -1.034805 -17.612026 -5.701368 0.224351 24.512692 5.535608 11.441645 -0.173504 0.000000 0.000000 0.000000 -1.076428 1.769772 -24.690653 -0.713151 0.490526 28.136782 1.567666 4.930861 -1.809831 0.000000 0.000000 0.000000 1.292194 -1.700618 22.325969 0.847338 -1.073068 8.206755 -1.281335 -3.817923 7.506511 0.277676 0.458114 -8.662358 0.000000 0.000000 0.000000 1.383787 -37.008602 12.804692 -21.523374 -46.728279 4.334008 23.555037 -10.388118 -1.665563 0.000000 0.000000 0.000000 4.852241 33.638156 13.499203 45.385638 54.855849 17.412572 -26.082106 18.065688 -2.932926 0.000000 0.000000 0.000000 
0.000161 0.922427 -0.005711 -1.566439 9.978355 5.388512 7.707088 -1.063420 -19.225455 -6.897290 0.570151 25.856697 5.801372 12.213629 0.482223 0.000000 0.000000 0.000000 -0.515507 1.950235 -25.869394 -0.623394 0.461320 28.673461 2.094660 5.806175 -0.831944 0.000000 0.000000 0.000000 1.618565 -1.749289 21.972823 0.589001 -0.808770 6.873646 -1.081701 -4.746651 10.496042 -1.719906 1.752614 -7.617158 0.000000 0.000000 0.000000 1.096896 -36.177540 12.615507 -20.886803 -48.563238 4.326958 21.448598 -7.771870 -1.066712 0.000000 0.000000 0.000000 3.897385 33.000833 12.843210 46.997484 57.709647 19.309688 -25.906963 16.217126 -2.528552 0.000000 0.000000 0.000000 
0.000261 0.922092 -0.011097 -1.823828 10.152577 5.005033 7.865829 -1.107040 -20.273120 -6.341475 0.338719 27.165418 4.495541 9.578897 0.339122 0.000000 0.000000 0.000000 -0.899606 1.877122 -26.354208 -0.467696 0.351497 30.591230 2.276387 5.733006 0.157022 0.000000 0.000000 0.000000 2.989018 -2.096350 22.220855 0.371070 -0.696646 6.902289 -1.840899 -5.278039 11.753481 -2.289468 2.166019 -8.170947 0.000000 0.000000 0.000000 1.318095 -37.557427 13.043492 -20.249781 -47.940506 3.980802 18.961462 -6.424642 -0.740331 0.000000 0.000000 0.000000 3.054698 32.642863 12.400195 45.047500 58.342140 18.437829 -24.783175 16.721354 -2.511480 0.000000 0.000000 0.000000 
-0.000084 0.923364 -0.015862 -2.125973 9.440307 4.583256 8.147167 -1.032804 -20.247256 -6.539938 0.444825 28.149208 4.806728 10.104025 0.044839 0.000000 0.000000 0.000000 -0.334306 2.010294 -25.712214 -1.495375 0.841719 30.212728 3.371504 8.465216 0.260034 0.000000 0.000000 0.000000 2.782170 -2.048535 22.525637 -0.174011 -0.392526 7.159981 -1.904169 -6.234219 12.541056 -4.953340 4.027389 -8.078775 0.000000 0.000000 0.000000 2.750319 -36.607051 12.307027 -21.409460 -47.221298 4.383969 18.259737 -6.702006 -0.729667 0.000000 0.000000 0.000000 0.852328 32.484171 11.618009 47.753304 60.245465 20.618462 -25.260218 16.508360 -2.557173 0.000000 0.000000 0.000000 
-0.000924 0.924045 -0.019711 -1.934780 9.363376 4.155130 7.645154 -1.084907 -20.232743 -5.878705 0.215604 28.318437 4.712343 10.335384 1.358442 0.000000 0.000000 0.000000 -0.415247 1.972095 -25.270633 -2.003100 1.048509 30.025846 3.483799 8.012324 1.481314 0.000000 0.000000 0.000000 2.191993 -1.958800 23.049844 -0.108570 -0.450200 7.499023 -2.416293 -7.035650 12.761953 -5.910061 4.674582 -8.240436 0.000000 0.000000 0.000000 1.941102 -37.169750 12.796876 -20.770739 -45.437374 3.917940 18.408983 -7.354064 -0.815015 0.000000 0.000000 0.000000 0.397220 32.370463 11.367800 47.502265 59.339925 19.814657 -25.197439 19.287602 -3.119256 0.000000 0.000000 0.000000 
-0.002890 0.924912 -0.023043 -2.022285 9.698417 3.630292 7.938131 -1.023746 -19.669678 -5.585657 0.075262 28.399154 3.981162 8.941084 1.530066 0.000000 0.000000 0.000000 -0.200404 1.973675 -24.824337 -2.346381 1.146619 29.659405 4.037387 9.357012 1.502571 0.000000 0.000000 0.000000 1.888696 -1.949036 23.488174 -0.160889 -0.420801 7.403615 -3.027933 -7.563280 13.278546 -7.241552 5.694408 -7.246892 0.000000 0.000000 0.000000 2.537022 -37.171528 12.578459 -20.184547 -44.563521 3.616211 18.917076 -7.363146 -0.841957 0.000000 0.000000 0.000000 -0.493037 31.505487 10.805160 49.098894 57.974028 19.847039 -25.668846 23.817956 -4.114895 0.000000 0.000000 0.000000 
-0.005813 0.924705 -0.026318 -2.091352 10.275436 3.280765 8.113809 -1.042916 -20.039691 -5.038617 -0.182867 28.640172 3.595433 8.445218 2.213606 0.000000 0.000000 0.000000 -0.181713 1.938632 -24.700110 -2.500302 1.146619 29.769744 3.870784 8.839626 1.667284 0.000000 0.000000 0.000000 1.041624 -1.807972 23.759339 -0.168087 -0.410606 7.088353 -3.884776 -8.485190 13.817249 -8.492780 6.596797 -7.619869 0.000000 0.000000 0.000000 2.152366 -36.733538 12.547497 -17.669953 -42.827755 2.608503 20.524721 -7.143297 -0.890074 0.000000 0.000000 0.000000 0.145629 31.122574 10.739460 50.091300 55.734265 19.029162 -26.912684 29.085559 -5.526594 0.000000 0.000000 0.000000 
-0.009469 0.924366 -0.029923 -2.699940 10.047425 2.830019 8.841081 -0.953966 -20.401082 -4.764341 -0.263932 28.814350 3.275388 7.963782 2.600013 0.000000 0.000000 0.000000 0.468920 2.090457 -24.778504 -2.412165 1.136822 30.521594 3.676247 8.145610 2.034063 0.000000 0.000000 0.000000 0.401373 -1.746929 24.768861 -0.521977 -0.181537 6.739637 -4.723369 -8.703246 13.905094 -8.530446 6.723885 -6.117969 0.000000 0.000000 0.000000 3.497680 -35.924687 11.810327 -14.438543 -41.112990 1.545959 22.052149 -7.225160 -0.978482 0.000000 0.000000 0.000000 0.874635 29.578574 10.295370 52.377754 53.689965 19.010121 -27.102404 35.715475 -7.083499 0.000000 0.000000 0.000000 
-0.013033 0.923903 -0.033433 -3.139064 10.136337 2.908338 9.448527 -0.910483 -20.938650 -4.696022 -0.301748 28.932687 3.246859 7.898554 2.546517 0.000000 0.000000 0.000000 1.115504 2.251233 -25.310829 -2.438258 1.137203 30.969117 3.546545 7.898132 1.914472 0.000000 0.000000 0.000000 -0.300628 -1.623747 25.142637 -0.589334 -0.076682 5.689129 -5.477768 -8.686670 14.576573 -9.225241 7.304995 -6.029951 0.000000 0.000000 0.000000 4.268944 -35.469815 11.371065 -10.728390 -40.134694 0.468637 23.576898 -5.708728 -0.803311 0.000000 0.000000 0.000000 1.534817 28.393683 9.999536 53.788620 51.491804 18.451803 -27.399670 41.208604 -8.433727 0.000000 0.000000 0.000000 
-0.015986 0.923292 -0.036211 -3.638915 9.571213 2.646015 10.240326 -0.763869 -20.634834 -4.670851 -0.242133 28.631705 3.599594 8.654353 2.793866 0.000000 0.000000 0.000000 1.923010 2.482461 -25.744062 -2.488005 1.223858 31.882650 3.252493 7.088989 2.069893 0.000000 0.000000 0.000000 -1.181215 -1.431684 25.740146 -0.955814 0.178689 4.920474 -6.047189 -8.301558 15.076580 -9.199429 7.308549 -6.147338 0.000000 0.000000 0.000000 5.775019 -34.734120 10.618156 -8.561453 -39.211775 -0.112528 24.929004 -4.937063 -0.720519 0.000000 0.000000 0.000000 1.923099 28.034782 9.944255 53.021593 50.677681 17.664308 -27.510769 44.383028 -9.228065 0.000000 0.000000 0.000000 
-0.018215 0.921822 -0.037918 -3.872919 9.117494 2.406512 10.659904 -0.674438 -20.399177 -4.752383 -0.182405 28.872147 3.547342 8.409719 2.434981 0.000000 0.000000 0.000000 2.409674 2.618544 -25.836443 -2.563892 1.310158 32.285697 3.220734 7.347727 1.462927 0.000000 0.000000 0.000000 -1.893563 -1.238764 25.841774 -1.248944 0.327947 5.178207 -6.279996 -8.291242 14.374328 -9.446736 7.641344 -4.289148 0.000000 0.000000 0.000000 4.507266 -34.048522 10.805054 -6.624656 -37.618578 -0.609493 25.402835 -4.804298 -0.709497 0.000000 0.000000 0.000000 3.160990 28.137695 10.183090 52.404707 49.828545 16.992099 -27.087845 46.172581 -9.543749 0.000000 0.000000 0.000000 
-0.019863 0.919799 -0.038682 -4.252129 7.934159 1.849337 11.352093 -0.497739 -19.918094 -4.871280 -0.066748 29.906556 3.886415 8.764167 1.645871 0.000000 0.000000 0.000000 3.366333 2.896241 -25.915290 -2.956654 1.631329 33.309758 3.276988 7.494142 1.438140 0.000000 0.000000 0.000000 -2.139259 -1.110137 25.848794 -1.866835 0.670275 5.454131 -6.627954 -7.618827 14.032681 -8.693358 7.159395 -2.849819 0.000000 0.000000 0.000000 4.080119 -33.892256 10.858431 -6.069296 -36.320391 -0.746879 25.833628 -4.366307 -0.646755 0.000000 0.000000 0.000000 3.551014 28.240185 10.297882 52.690493 49.756966 17.157082 -27.991286 45.728117 -9.805251 0.000000 0.000000 0.000000 
-0.021382 0.916595 -0.038888 -4.552877 7.200153 1.202023 11.829996 -0.377214 -19.708296 -4.866125 -0.058260 31.557009 4.184121 9.239652 1.362933 0.000000 0.000000 0.000000 3.944398 3.038846 -25.680843 -2.898660 1.714666 34.316937 3.219170 7.497618 1.180345 0.000000 0.000000 0.000000 -2.024063 -1.098237 25.865952 -1.998496 0.753373 5.642685 -7.378893 -7.235058 13.807130 -7.887956 6.564147 -1.979192 0.000000 0.000000 0.000000 3.680140 -33.568466 10.840106 -6.168582 -34.436448 -0.735465 26.368077 -4.870357 -0.767199 0.000000 0.000000 0.000000 4.355976 28.287212 10.464198 52.986398 50.498750 17.759432 -27.963622 44.013988 -9.355791 0.000000 0.000000 0.000000 
-0.023116 0.914523 -0.038554 -4.892939 6.373619 0.458005 12.585583 -0.211080 -19.033720 -5.334188 0.163226 33.078878 4.465524 9.487231 0.437360 0.000000 0.000000 0.000000 4.740995 3.166155 -24.897192 -2.892632 1.821705 34.677017 3.170077 7.440351 1.069142 0.000000 0.000000 0.000000 -1.980309 -1.053206 25.672160 -2.335743 0.949033 5.938435 -7.939960 -7.155817 13.727064 -7.431196 6.302694 -0.067380 0.000000 0.000000 0.000000 3.346200 -33.044190 10.744049 -6.149273 -33.672444 -0.727865 26.708672 -5.326575 -0.865349 0.000000 0.000000 0.000000 5.605467 28.250871 10.631062 54.075753 51.168269 18.630814 -28.338148 42.387836 -9.114931 0.000000 0.000000 0.000000 
-0.024920 0.912993 -0.037881 -5.059648 6.138366 0.248655 13.013820 -0.137978 -19.043393 -5.537870 0.241286 34.224010 4.587634 9.743768 0.478212 0.000000 0.000000 0.000000 5.051456 3.197711 -24.520246 -2.517528 1.688014 34.822032 2.905350 6.886922 0.887755 0.000000 0.000000 0.000000 -1.988024 -0.999314 24.988345 -2.529418 1.073369 5.446745 -7.787847 -6.494984 14.055277 -6.879815 5.875801 0.404950 0.000000 0.000000 0.000000 2.966615 -33.085885 10.813253 -6.528350 -33.968769 -0.691494 28.053682 -5.929607 -1.070252 0.000000 0.000000 0.000000 6.612132 28.076774 10.817306 54.840307 51.121268 19.023453 -29.104394 40.716219 -8.892090 0.000000 0.000000 0.000000 
-0.026806 0.912115 -0.036884 -5.459704 6.117494 -0.510601 13.167605 -0.102328 -18.438356 -5.016016 -0.027147 35.225327 4.460890 9.205109 -0.369933 0.000000 0.000000 0.000000 5.609217 3.193320 -23.516074 -2.109184 1.499647 35.026071 2.972980 6.964208 1.033444 0.000000 0.000000 0.000000 -2.116297 -0.923544 23.994531 -2.371226 0.990236 5.537887 -8.059657 -6.108995 14.106465 -6.206628 5.327709 1.004684 0.000000 0.000000 0.000000 3.308400 -32.495194 10.459631 -6.884592 -34.441803 -0.626954 29.643836 -6.184704 -1.219471 0.000000 0.000000 0.000000 7.057346 27.885132 10.864232 55.941427 50.980754 19.525307 -29.600373 39.241195 -8.645689 0.000000 0.000000 0.000000 
-0.028724 0.910729 -0.035513 -5.979455 6.538831 -1.206559 13.477864 -0.078829 -17.833165 -4.631880 -0.297127 35.859919 4.443264 8.950038 -0.977838 0.000000 0.000000 0.000000 6.028319 3.199637 -22.999537 -1.645102 1.226804 35.672748 2.917212 6.771229 1.113381 0.000000 0.000000 0.000000 -1.928356 -0.917594 22.643235 -2.714518 1.162379 5.717677 -7.844271 -5.456484 13.897370 -5.570641 4.789569 1.787212 0.000000 0.000000 0.000000 2.643195 -32.652764 10.621363 -7.678510 -36.095498 -0.480802 31.669013 -7.782084 -1.760760 0.000000 0.000000 0.000000 7.676877 27.205694 10.806280 56.842405 49.706834 19.319816 -28.856019 38.923307 -8.223335 0.000000 0.000000 0.000000 
-0.030856 0.910123 -0.033787 -6.199408 6.992630 -2.196900 13.307270 -0.105427 -16.904742 -4.056193 -0.678275 36.528190 4.425491 8.389768 -2.369719 0.000000 0.000000 0.000000 6.448885 3.159092 -22.106159 -1.160540 0.921277 36.350692 2.355640 5.541551 0.799380 0.000000 0.000000 0.000000 -2.129201 -0.843054 21.476668 -2.502333 1.048915 5.522447 -8.729915 -4.444353 13.688719 -4.086317 3.454862 2.805382 0.000000 0.000000 0.000000 1.537343 -32.609232 10.777714 -8.891850 -37.687816 -0.236952 34.443438 -9.496478 -2.503002 0.000000 0.000000 0.000000 8.427429 26.892575 11.015292 58.247173 48.020243 19.139185 -28.022481 37.495520 -7.471815 0.000000 0.000000 0.000000 
-0.033572 0.908973 -0.031850 -6.240155 8.114109 -3.320250 13.088650 -0.164311 -16.339202 -3.460282 -1.173836 37.075337 4.331233 8.232427 -2.095466 0.000000 0.000000 0.000000 6.421742 2.964986 -20.797820 -0.686021 0.498317 36.924173 1.730763 4.162304 0.430756 0.000000 0.000000 0.000000 -2.425800 -0.756770 19.909136 -2.699293 1.126286 5.783247 -9.446072 -3.916118 13.485316 -3.250162 2.713372 2.114579 0.000000 0.000000 0.000000 0.535434 -32.573711 10.895535 -10.391454 -39.839174 0.154298 37.074102 -12.067863 -3.591819 0.000000 0.000000 0.000000 7.130078 25.882194 10.453228 60.747334 45.979428 19.159908 -24.147037 36.916611 -6.019646 0.000000 0.000000 0.000000 
-0.036987 0.907857 -0.029951 -6.266810 9.128730 -4.748568 13.252069 -0.167452 -14.832343 -3.424857 -1.364812 36.873255 3.997528 6.861285 -3.501811 0.000000 0.000000 0.000000 6.647998 2.778263 -19.078626 -0.326069 0.106985 37.841264 1.281744 3.449874 -0.451823 0.000000 0.000000 0.000000 -3.008950 -0.652834 18.756932 -3.145490 1.371736 5.346497 -10.274912 -2.469008 13.392406 -1.899499 1.536814 1.868864 0.000000 0.000000 0.000000 -0.460098 -32.571948 10.910724 -12.137131 -42.532751 0.648117 40.090724 -14.403027 -4.907024 0.000000 0.000000 0.000000 6.692680 24.719165 10.116542 62.448246 43.132805 18.357291 -21.926438 36.146865 -5.037374 0.000000 0.000000 0.000000 
-0.040729 0.907085 -0.028779 -6.622266 11.656614 -6.038456 13.645102 -0.238495 -14.517437 -2.981093 -2.002821 37.231327 3.154618 4.645530 -3.902985 0.000000 0.000000 0.000000 6.804530 2.590819 -17.694443 0.100677 -0.605815 38.261588 0.961001 2.826199 -0.985450 0.000000 0.000000 0.000000 -3.604268 -0.585258 17.224156 -3.407719 1.471312 5.193545 -10.881985 -1.331074 13.595248 -0.599583 0.462067 1.273954 0.000000 0.000000 0.000000 -2.007091 -33.131932 11.157205 -12.914849 -45.826136 0.924910 41.812514 -16.433044 -6.114240 0.000000 0.000000 0.000000 5.279701 23.298429 9.487784 64.673858 41.123005 18.377861 -20.668700 34.855239 -4.311327 0.000000 0.000000 0.000000 
-0.044093 0.907084 -0.028807 -7.263110 13.269602 -7.385538 14.197042 -0.255341 -13.874833 -2.625936 -2.456083 37.401214 2.368560 2.381334 -4.535395 0.000000 0.000000 0.000000 6.951695 2.457490 -16.494263 0.908976 -1.392974 38.750470 0.529064 1.682931 -1.009682 0.000000 0.000000 0.000000 -4.119277 -0.541922 16.303968 -3.885821 1.718603 4.819505 -11.253643 0.632803 13.097207 1.066962 -0.983590 1.312605 0.000000 0.000000 0.000000 -1.256478 -33.803495 10.923205 -14.566086 -48.983481 1.439404 42.613609 -18.103441 -7.187847 0.000000 0.000000 0.000000 3.230234 21.628152 8.596698 65.978935 38.627539 17.910923 -19.329153 33.921378 -3.684135 0.000000 0.000000 0.000000 
-0.045987 0.909061 -0.029758 -7.749514 15.591045 -8.225111 14.181974 -0.361724 -14.032912 -2.494306 -2.926732 37.716465 1.916400 1.567018 -3.957539 0.000000 0.000000 0.000000 7.358303 2.331756 -15.194545 1.069064 -1.922231 38.270548 -0.000614 0.230241 -0.899049 0.000000 0.000000 0.000000 -4.408090 -0.506986 14.860600 -4.144634 1.834965 4.272503 -11.604550 2.562083 13.350063 2.268672 -2.070344 1.557792 0.000000 0.000000 0.000000 -0.997591 -34.324419 10.720625 -17.250836 -52.649794 2.312606 41.682606 -19.679448 -7.890254 0.000000 0.000000 0.000000 2.347657 19.877666 7.945994 65.111474 35.416884 16.056770 -17.356291 34.091833 -3.026511 0.000000 0.000000 0.000000 
-0.045583 0.910946 -0.030351 -7.917593 17.727331 -9.158275 14.167307 -0.444109 -13.457758 -2.195037 -3.269821 36.984314 1.056847 -0.538355 -3.954814 0.000000 0.000000 0.000000 7.128713 2.102799 -13.617767 1.592114 -2.540320 37.519906 -1.088859 -2.563571 -1.168779 0.000000 0.000000 0.000000 -4.720852 -0.468675 13.502566 -4.390749 1.959034 3.662824 -11.804306 4.792612 13.399690 3.395136 -3.030822 1.476238 0.000000 0.000000 0.000000 0.117868 -34.548109 10.319126 -22.318045 -56.032296 4.142442 39.332926 -20.121467 -7.855447 0.000000 0.000000 0.000000 2.022168 18.163393 7.429037 64.496984 32.480403 14.550703 -14.861192 33.593473 -2.212921 0.000000 0.000000 0.000000 
-0.042918 0.912570 -0.029553 -7.904362 19.823052 -9.988740 13.372057 -0.534127 -12.090228 -1.248955 -3.701182 35.431326 0.304186 -2.466740 -4.002530 0.000000 0.000000 0.000000 6.669003 1.867524 -12.133975 1.585158 -2.943102 37.355026 -1.830952 -4.592043 -0.932750 0.000000 0.000000 0.000000 -5.013910 -0.432651 12.200791 -4.473266 2.026270 2.693868 -11.493991 5.674144 14.172351 3.583842 -3.375746 2.095651 0.000000 0.000000 0.000000 0.854336 -33.069168 9.617878 -28.170019 -57.487830 6.388792 36.866105 -20.947977 -7.751217 0.000000 0.000000 0.000000 2.133013 16.365220 6.870111 63.327124 29.776552 12.666662 -11.612743 33.254972 -1.263259 0.000000 0.000000 0.000000 
-0.038711 0.912510 -0.027629 -7.606099 21.417079 -10.830482 12.503807 -0.564513 -10.329457 -0.344867 -4.096642 34.488687 -0.375303 -4.889905 -4.823097 0.000000 0.000000 0.000000 5.905151 1.569936 -10.243596 1.779808 -3.272334 36.812150 -2.445589 -6.155302 -2.120153 0.000000 0.000000 0.000000 -5.451949 -0.380455 10.644562 -4.464617 1.955347 3.385319 -11.408415 7.271259 13.504782 3.513687 -3.080114 1.366076 0.000000 0.000000 0.000000 0.897809 -31.464743 8.978746 -34.004508 -57.889060 8.588796 32.679972 -20.446990 -6.806791 0.000000 0.000000 0.000000 2.757375 14.450710 6.430607 62.346681 26.019521 10.378593 -10.586248 33.783596 -0.890107 0.000000 0.000000 0.000000 
-0.034600 0.911834 -0.026270 -7.236785 22.074495 -11.579852 11.339907 -0.543857 -8.507983 0.694054 -4.359692 33.330185 -0.269141 -5.863143 -6.060175 0.000000 0.000000 0.000000 5.319583 1.336501 -8.677667 1.626008 -3.335097 36.906733 -2.607539 -6.637528 -2.299169 0.000000 0.000000 0.000000 -5.302271 -0.379261 9.974060 -4.409361 1.961013 2.879754 -11.328556 8.259047 13.565165 3.719753 -3.972909 3.473565 0.000000 0.000000 0.000000 -1.025167 -30.253776 8.508176 -37.027244 -55.758051 9.401373 28.901627 -19.926425 -5.917704 0.000000 0.000000 0.000000 3.664541 12.958833 6.155306 61.108505 23.768484 8.724288 -10.113150 34.677555 -0.658326 0.000000 0.000000 0.000000 
-0.031713 0.910607 -0.027167 -6.921235 21.821046 -12.509974 10.446708 -0.489497 -7.269677 1.107751 -4.580244 33.652799 -0.089987 -5.847457 -6.541486 0.000000 0.000000 0.000000 5.042835 1.154128 -7.268656 0.965362 -2.947567 36.950487 -2.336033 -5.822748 -3.464817 0.000000 0.000000 0.000000 -5.286223 -0.366452 9.237239 -4.726350 2.123338 3.055710 -11.280614 9.713655 13.348455 3.148094 -3.657548 4.099144 0.000000 0.000000 0.000000 -1.498238 -29.184610 8.058337 -38.936313 -53.824528 9.508080 24.877403 -19.357808 -4.963268 0.000000 0.000000 0.000000 4.455087 11.682029 5.923484 60.316586 23.420063 8.357925 -12.231347 34.092294 -1.092002 0.000000 0.000000 0.000000 
-0.030364 0.909243 -0.030442 -6.617510 21.373601 -12.892829 10.052665 -0.456132 -6.780431 0.947590 -4.608949 34.301174 0.375231 -5.182759 -7.120279 0.000000 0.000000 0.000000 5.025477 1.121454 -6.984802 0.619989 -2.777958 37.604753 -2.333818 -5.761729 -3.713126 0.000000 0.000000 0.000000 -5.236149 -0.347229 8.546004 -4.953954 2.273531 2.666140 -11.226208 11.014762 13.605977 3.459446 -4.157079 4.642092 0.000000 0.000000 0.000000 -1.243910 -28.886342 7.895159 -40.019815 -52.211921 9.225341 23.379294 -17.699236 -4.355658 0.000000 0.000000 0.000000 4.569264 11.748099 6.076008 58.744062 24.427709 8.575476 -15.087177 31.658468 -1.658982 0.000000 0.000000 0.000000 
-0.029890 0.907908 -0.035008 -6.271636 20.663979 -13.554676 9.823524 -0.415727 -6.413489 0.472916 -4.573313 35.411686 0.615198 -4.678932 -7.332934 0.000000 0.000000 0.000000 4.924406 1.082628 -6.701523 0.028478 -2.426936 38.287177 -1.878877 -4.469263 -3.449219 0.000000 0.000000 0.000000 -5.160709 -0.348084 8.342961 -5.396343 2.558647 1.742845 -10.786478 11.843541 14.472180 3.203911 -3.786645 4.408455 0.000000 0.000000 0.000000 -0.725238 -27.754536 7.565158 -40.589346 -50.983223 8.812598 22.382701 -17.267282 -4.111959 0.000000 0.000000 0.000000 3.802323 11.549311 5.768272 58.074389 26.141684 9.500840 -17.594587 28.918965 -1.996606 0.000000 0.000000 0.000000 
-0.029073 0.906969 -0.038734 -6.215871 20.213817 -14.064855 9.748924 -0.385815 -5.798750 0.228874 -4.490304 35.737290 0.651189 -5.064718 -7.904547 0.000000 0.000000 0.000000 5.143448 1.044342 -6.218739 -0.382588 -2.170062 38.571786 -1.391317 -3.065658 -3.535989 0.000000 0.000000 0.000000 -5.150679 -0.348691 8.176109 -5.615388 2.686251 1.491532 -10.273397 12.302799 14.825764 3.260274 -3.912936 4.651698 0.000000 0.000000 0.000000 0.229235 -27.263682 7.491077 -41.674597 -50.298344 8.734592 22.156717 -16.705642 -3.982774 0.000000 0.000000 0.000000 3.062315 11.685569 5.599101 58.064896 27.942471 10.674431 -19.360979 27.109885 -2.173825 0.000000 0.000000 0.000000 
-0.027260 0.906946 -0.041152 -6.321309 20.030575 -14.757618 9.871895 -0.359873 -4.878905 0.335081 -4.469549 35.487264 0.490474 -5.544427 -8.001002 0.000000 0.000000 0.000000 5.116040 0.950374 -5.465264 -0.710552 -1.883349 37.953312 -0.941366 -1.936245 -2.967475 0.000000 0.000000 0.000000 -5.163754 -0.340821 7.485493 -5.782500 2.768220 1.635473 -9.337246 12.545773 14.781670 2.922322 -3.742207 5.088582 0.000000 0.000000 0.000000 0.404283 -25.920617 7.128750 -44.217700 -49.341335 9.190759 21.531193 -17.888932 -4.137862 0.000000 0.000000 0.000000 3.314274 12.216750 5.909344 57.592795 29.157097 11.136001 -19.906965 24.797857 -2.063830 0.000000 0.000000 0.000000 
-0.024423 0.907208 -0.043101 -6.364481 19.993279 -15.431439 9.566480 -0.336278 -3.927804 0.711082 -4.533166 34.999755 0.808895 -5.521546 -8.814247 0.000000 0.000000 0.000000 4.846088 0.810742 -4.524173 -0.747932 -1.771516 37.278886 -0.809749 -1.559466 -3.092296 0.000000 0.000000 0.000000 -5.240053 -0.335704 6.804067 -5.648023 2.711911 1.536653 -8.474446 13.331111 15.386642 3.436146 -4.416808 5.540639 0.000000 0.000000 0.000000 1.195113 -25.454912 7.053887 -46.036410 -49.228094 9.339424 20.525392 -18.648289 -4.112606 0.000000 0.000000 0.000000 3.344081 12.010668 5.871309 57.707090 29.929720 11.661441 -19.434012 22.923479 -1.809774 0.000000 0.000000 0.000000 
-0.021079 0.906828 -0.045327 -6.632998 19.602054 -16.164978 9.464405 -0.313809 -2.789003 0.642384 -4.361396 34.471492 1.364556 -4.460390 -9.237023 0.000000 0.000000 0.000000 4.695143 0.649346 -3.386851 -0.943990 -1.547670 36.745171 -0.433065 -0.532309 -2.981311 0.000000 0.000000 0.000000 -5.155875 -0.318099 5.623570 -5.522193 2.655622 1.618737 -7.286406 13.533778 15.947002 3.482882 -4.496780 5.700749 0.000000 0.000000 0.000000 1.359993 -24.296096 6.777801 -48.531167 -48.775206 9.788516 18.644043 -18.705582 -3.681084 0.000000 0.000000 0.000000 4.020142 12.183285 6.163963 57.122548 30.138910 11.358535 -17.998390 20.798477 -1.453854 0.000000 0.000000 0.000000 
-0.017788 0.906700 -0.047306 -6.695042 19.452577 -16.452215 9.346020 -0.302024 -2.195576 0.820890 -4.310546 33.928041 1.732458 -3.971375 -9.731477 0.000000 0.000000 0.000000 4.238471 0.536764 -2.762856 -0.726866 -1.566779 36.295795 -0.397190 -0.458047 -2.874893 0.000000 0.000000 0.000000 -5.431558 -0.313569 4.431755 -5.296059 2.514340 2.372497 -6.310774 13.301943 15.505868 3.629185 -5.163195 6.949557 0.000000 0.000000 0.000000 1.150238 -23.874609 6.663131 -50.130668 -47.397906 9.895144 16.808515 -19.322280 -3.348716 0.000000 0.000000 0.000000 5.584856 12.026487 6.587494 56.749836 29.364449 10.408409 -16.724556 20.975553 -1.321556 0.000000 0.000000 0.000000 
-0.015072 0.906773 -0.048406 -6.523431 18.407484 -17.217448 8.930350 -0.248948 -1.003161 1.045504 -4.323358 34.091317 1.693654 -3.249650 -9.002206 0.000000 0.000000 0.000000 3.797371 0.367007 -1.701758 -0.687281 -1.334051 35.859369 -0.200250 -0.055727 -2.182932 0.000000 0.000000 0.000000 -5.490666 -0.319702 3.535086 -5.054600 2.424252 2.240293 -4.848727 12.946625 15.526206 3.515694 -5.538061 8.276140 0.000000 0.000000 0.000000 -0.019182 -22.852755 6.300578 -52.227921 -45.878466 10.229343 14.324614 -17.915006 -2.527684 0.000000 0.000000 0.000000 7.198122 12.355053 7.161631 56.306188 29.096591 9.618297 -15.710160 18.466841 -1.034763 0.000000 0.000000 0.000000 
-0.012837 0.907692 -0.048750 -6.575544 18.081035 -17.756560 8.883639 -0.236536 0.234399 1.521042 -4.315372 33.234417 2.029331 -2.321277 -8.933020 0.000000 0.000000 0.000000 3.527328 0.113556 0.018868 -0.808347 -1.012945 33.948108 0.010284 0.537791 -2.239981 0.000000 0.000000 0.000000 -5.599985 -0.332008 2.346851 -4.241858 2.000302 2.716125 -4.201566 11.592077 15.370519 3.342377 -6.004599 10.028927 0.000000 0.000000 0.000000 -0.284087 -21.567567 5.995504 -54.537040 -44.184127 10.391087 11.984917 -17.458830 -1.929315 0.000000 0.000000 0.000000 8.307889 11.662570 7.029139 57.184372 28.590653 9.187395 -15.046375 17.211269 -0.855082 0.000000 0.000000 0.000000 
-0.010793 0.907585 -0.049264 -6.279843 16.435807 -18.738124 8.665893 -0.173390 1.936640 1.078126 -3.955180 33.238762 2.625246 -0.253528 -8.488174 0.000000 0.000000 0.000000 2.931750 -0.180886 1.940299 -0.839242 -0.603093 32.718382 0.211016 1.345200 -2.753978 0.000000 0.000000 0.000000 -4.821437 -0.302065 1.145179 -4.206664 1.984267 3.226830 -2.879329 10.666507 15.220236 2.009991 -5.382422 12.594923 0.000000 0.000000 0.000000 -1.780371 -20.866544 5.766330 -56.365830 -41.630188 10.196783 9.932184 -17.128687 -1.429595 0.000000 0.000000 0.000000 9.778723 11.661893 7.229535 57.343491 28.850980 8.873591 -16.034475 15.553322 -0.783479 0.000000 0.000000 0.000000 
-0.008191 0.905033 -0.051281 -5.545638 14.377274 -19.124565 7.814872 -0.070626 2.914012 -0.001903 -3.459450 34.391702 3.879185 2.678256 -9.146429 0.000000 0.000000 0.000000 2.228927 -0.329332 2.894759 -1.740279 0.135359 32.761079 0.366659 2.502215 -4.244743 0.000000 0.000000 0.000000 -3.505617 -0.211283 -0.264493 -3.928870 1.859805 3.409071 -2.481231 9.793924 15.125645 1.647330 -5.207768 13.835725 0.000000 0.000000 0.000000 -2.583406 -20.788209 5.849056 -57.499384 -39.221243 9.647845 8.239530 -16.460796 -0.996899 0.000000 0.000000 0.000000 10.216220 11.527141 7.028932 56.655253 29.617320 8.832056 -15.845877 13.945259 -0.639496 0.000000 0.000000 0.000000 
-0.005233 0.896239 -0.054680 -4.745366 11.620672 -20.093468 7.043636 0.050889 3.175488 -1.104341 -3.147690 37.938724 5.385296 6.454815 -9.922368 0.000000 0.000000 0.000000 0.930064 -0.303551 2.550370 -1.919601 0.583555 34.845718 0.652732 4.716746 -6.433204 0.000000 0.000000 0.000000 -0.939210 -0.023696 -0.810875 -3.918392 1.892716 3.540734 -1.708663 8.499941 15.336568 1.416018 -5.064960 15.217534 0.000000 0.000000 0.000000 -5.918565 -21.889988 6.331142 -56.535341 -37.061172 9.168945 7.840023 -16.088261 -0.811295 0.000000 0.000000 0.000000 9.882163 13.071248 7.286013 55.611746 31.641000 9.414621 -19.009518 12.130024 -0.650172 0.000000 0.000000 0.000000 
-0.002619 0.884180 -0.057488 -3.649177 9.531304 -21.509884 5.799476 0.159516 3.230983 -1.894616 -2.962223 42.179610 6.677444 9.929881 -10.421394 0.000000 0.000000 0.000000 -0.639196 -0.316105 2.353115 -2.384549 1.169949 38.324335 0.652344 6.225738 -8.320366 0.000000 0.000000 0.000000 1.376071 0.137465 -0.722158 -3.213615 1.507800 4.700025 -1.968150 7.691658 14.782530 1.465994 -5.306996 16.589769 0.000000 0.000000 0.000000 -7.946823 -24.009843 7.380250 -54.996169 -36.833750 9.213058 9.557184 -14.869406 -0.920200 0.000000 0.000000 0.000000 10.247746 15.068086 8.002748 54.319607 35.361444 10.915530 -23.574782 8.992253 -0.383803 0.000000 0.000000 0.000000 
-0.001349 0.870861 -0.058635 -2.876930 7.524229 -22.900282 4.885299 0.243644 3.566817 -2.693133 -2.499608 45.538866 7.667266 12.399458 -11.868380 0.000000 0.000000 0.000000 -1.779484 -0.318325 2.102866 -3.139259 2.033041 41.716010 0.927951 9.263962 -10.548852 0.000000 0.000000 0.000000 3.782820 0.333754 -0.897736 -3.005219 1.417737 5.012573 -1.001731 6.128406 15.017416 1.130931 -5.093872 18.623877 0.000000 0.000000 0.000000 -11.483072 -25.976787 8.815406 -51.830010 -36.752493 8.926169 10.465815 -13.434200 -0.863410 0.000000 0.000000 0.000000 10.490040 17.874235 8.939964 53.419785 38.610425 12.144536 -26.431961 6.753528 -0.113527 0.000000 0.000000 0.000000 
-0.001667 0.859964 -0.058436 -2.301582 6.821592 -23.754543 4.568118 0.282301 3.876573 -3.123455 -2.265223 47.389361 8.179389 13.506003 -13.392163 0.000000 0.000000 0.000000 -2.455425 -0.364280 2.370816 -3.717939 2.609249 43.777837 0.672561 10.902866 -13.097898 0.000000 0.000000 0.000000 5.566270 0.557543 -1.808106 -2.414590 1.049258 6.157743 -0.439851 4.706353 14.597327 0.880449 -4.899756 20.243445 0.000000 0.000000 0.000000 -12.093802 -27.646393 9.987129 -51.122636 -38.238936 9.598479 12.128343 -12.352392 -0.933971 0.000000 0.000000 0.000000 10.509995 19.304557 9.319001 55.240772 41.344076 14.217806 -29.200006 5.130548 0.177995 0.000000 0.000000 0.000000 
-0.002831 0.851227 -0.057671 -1.873332 6.153189 -24.063385 4.620038 0.295339 3.747808 -3.721465 -1.877486 48.945896 8.608151 14.551484 -14.667639 0.000000 0.000000 0.000000 -2.943664 -0.334380 1.880054 -3.949068 3.022680 45.945808 0.682666 13.025023 -14.844288 0.000000 0.000000 0.000000 6.827992 0.701429 -2.143243 -1.821993 0.701038 6.622706 0.601836 3.700514 13.805997 1.155244 -5.281965 21.489876 0.000000 0.000000 0.000000 -13.227062 -28.875674 11.008388 -49.568061 -40.261800 10.325624 13.483669 -11.102135 -0.944369 0.000000 0.000000 0.000000 10.146065 20.764648 9.650894 57.193948 42.444674 15.597250 -30.171328 4.843864 0.164931 0.000000 0.000000 0.000000 
-0.003950 0.845921 -0.056850 -1.054874 5.762805 -23.872071 4.202032 0.295207 3.523043 -4.189841 -1.468496 49.467122 8.413191 13.762515 -16.229345 0.000000 0.000000 0.000000 -3.748679 -0.315290 1.325131 -4.747760 3.757275 47.681296 0.441135 13.929059 -16.302328 0.000000 0.000000 0.000000 7.879704 0.791400 -2.197929 -1.009714 0.236332 6.675911 0.924344 3.324180 13.079503 1.919525 -6.113780 21.456166 0.000000 0.000000 0.000000 -12.974448 -29.838156 11.570386 -49.886470 -42.635813 11.621353 13.849478 -9.401759 -0.812092 0.000000 0.000000 0.000000 9.314751 21.464786 9.656486 60.456154 43.145843 17.421531 -30.258795 4.069815 0.308032 0.000000 0.000000 0.000000 
-0.004459 0.841633 -0.055896 -0.556028 5.469483 -23.426261 3.974477 0.283776 3.250823 -4.162131 -1.404948 50.157301 8.263750 13.330726 -16.715906 0.000000 0.000000 0.000000 -4.165182 -0.269951 0.589301 -5.258345 4.264837 49.024170 0.295496 15.205411 -17.685075 0.000000 0.000000 0.000000 8.801897 0.851399 -2.186774 -0.342026 -0.173871 7.147026 1.091166 3.482736 11.722567 2.525174 -6.768614 21.152962 0.000000 0.000000 0.000000 -13.505013 -30.833248 12.152182 -49.721875 -43.877191 12.335059 14.436565 -7.970654 -0.729463 0.000000 0.000000 0.000000 8.326385 22.294174 9.771726 63.027837 42.458110 18.245051 -29.146786 3.981686 0.276877 0.000000 0.000000 0.000000 
-0.004320 0.838108 -0.054620 -0.232632 5.453361 -23.151806 3.353945 0.278525 3.180133 -3.907135 -1.514609 50.343216 8.063305 12.560793 -17.460991 0.000000 0.000000 0.000000 -4.850644 -0.262518 0.015879 -5.539627 4.564962 49.981559 0.355861 15.811027 -17.882488 0.000000 0.000000 0.000000 9.747093 0.819242 -1.354028 -0.038132 -0.334566 6.856283 1.198618 3.250651 11.264131 3.039929 -6.945853 19.653061 0.000000 0.000000 0.000000 -13.341993 -31.098257 12.286680 -50.382856 -45.099161 13.216139 14.335402 -7.538505 -0.679118 0.000000 0.000000 0.000000 7.191049 22.786498 9.670093 64.378894 41.775818 18.446548 -27.839531 4.871989 0.031448 0.000000 0.000000 0.000000 
-0.004034 0.833845 -0.053098 0.219296 5.202375 -22.553092 2.943561 0.264802 2.965960 -4.188742 -1.230273 50.534886 7.949414 12.045530 -18.351982 0.000000 0.000000 0.000000 -5.464673 -0.228557 -0.898770 -5.876195 5.012309 51.471745 0.507489 16.706736 -17.948686 0.000000 0.000000 0.000000 10.290615 0.737127 -0.553241 -0.127268 -0.274986 6.860580 1.012159 3.643002 10.527221 3.495040 -7.171262 18.352652 0.000000 0.000000 0.000000 -13.265837 -31.034415 12.176893 -50.974692 -45.611486 13.734252 14.627507 -8.020848 -0.752913 0.000000 0.000000 0.000000 6.990068 22.916036 9.697288 64.452826 41.095901 18.152921 -26.251792 6.305954 -0.283700 0.000000 0.000000 0.000000 
-0.003590 0.830595 -0.051694 0.294286 4.877246 -22.213611 2.533667 0.252630 2.782257 -3.996935 -1.266793 51.052188 8.138871 12.670682 -18.688698 0.000000 0.000000 0.000000 -5.456878 -0.180791 -1.568726 -6.503816 5.578524 52.313276 0.634973 17.453187 -17.999947 0.000000 0.000000 0.000000 11.170219 0.646138 0.434275 -0.113087 -0.264951 6.643970 0.552251 4.093576 10.722762 4.045747 -7.186585 15.848594 0.000000 0.000000 0.000000 -12.487813 -31.888708 12.346983 -51.335343 -46.611828 14.319489 15.221828 -7.708423 -0.771955 0.000000 0.000000 0.000000 6.273364 23.250016 9.702088 64.281290 40.657116 17.903923 -25.132569 8.742715 -0.738982 0.000000 0.000000 0.000000 
-0.003317 0.827447 -0.050312 0.638177 4.604759 -21.788351 2.274899 0.251495 2.755869 -4.362198 -0.936555 51.339743 8.169897 12.788758 -19.057695 0.000000 0.000000 0.000000 -5.918574 -0.153497 -2.472233 -6.809386 6.050067 53.735195 0.780500 17.430595 -17.458962 0.000000 0.000000 0.000000 11.446914 0.488676 1.600171 0.060465 -0.348826 6.481605 0.050294 4.247738 10.463678 4.609449 -6.841182 12.325590 0.000000 0.000000 0.000000 -12.170298 -31.511258 12.078966 -52.430342 -47.073398 14.968977 15.361440 -9.359478 -0.956096 0.000000 0.000000 0.000000 5.180893 22.670936 9.187521 65.177447 40.789356 18.492661 -24.332193 10.549059 -1.049382 0.000000 0.000000 0.000000 
-0.003142 0.826853 -0.048783 0.518913 4.423624 -21.295259 2.496753 0.236987 2.516417 -4.706952 -0.692120 51.616419 8.135559 12.786940 -18.868511 0.000000 0.000000 0.000000 -5.795645 -0.083795 -3.489200 -6.861288 6.182021 54.420060 0.968876 17.248447 -16.748884 0.000000 0.000000 0.000000 11.236693 0.379441 2.173423 -0.224951 -0.166643 6.267034 -0.086958 4.434555 10.927597 4.423994 -6.186224 10.592098 0.000000 0.000000 0.000000 -11.134275 -31.547515 11.892059 -53.508847 -47.967250 15.749432 16.262698 -10.568080 -1.169427 0.000000 0.000000 0.000000 3.875623 22.632167 8.869181 66.104579 41.393474 19.398640 -24.744217 11.897553 -1.315569 0.000000 0.000000 0.000000 
-0.003191 0.826612 -0.047062 0.382437 4.585813 -20.813452 2.762833 0.213808 2.175647 -4.895421 -0.669449 52.364511 7.872151 12.209437 -17.946423 0.000000 0.000000 0.000000 -5.568902 -0.032292 -4.098464 -7.096285 6.300052 54.875403 1.026534 16.977547 -16.425795 0.000000 0.000000 0.000000 10.647949 0.267041 2.714040 -0.441190 -0.022957 5.864695 -0.352614 4.480268 11.345611 4.665695 -5.723114 7.773581 0.000000 0.000000 0.000000 -9.696471 -31.437324 11.565788 -54.634523 -48.632582 16.422888 16.958054 -11.764706 -1.380148 0.000000 0.000000 0.000000 2.911872 22.303294 8.522964 67.104539 42.081708 20.416752 -25.439624 12.559784 -1.474165 0.000000 0.000000 0.000000 
-0.003268 0.826081 -0.045573 0.151726 4.503910 -20.505969 3.067021 0.216831 2.200339 -5.065352 -0.568411 52.568044 7.813134 11.938639 -18.253853 0.000000 0.000000 0.000000 -5.059868 0.034985 -4.503156 -7.214936 6.401743 55.298353 0.931964 16.245633 -16.189283 0.000000 0.000000 0.000000 10.222989 0.132277 3.576151 -0.829082 0.218692 5.499980 -0.593992 4.583613 11.473066 4.656419 -5.346051 6.275351 0.000000 0.000000 0.000000 -9.337068 -31.528556 11.519634 -54.903686 -49.210312 16.821070 17.493932 -12.054282 -1.479204 0.000000 0.000000 0.000000 2.986161 22.363743 8.563146 66.935268 42.447006 20.619316 -26.144083 13.048782 -1.611069 0.000000 0.000000 0.000000 
-0.003289 0.824969 -0.044504 0.021117 4.783984 -20.058639 2.987258 0.176354 1.641906 -4.919506 -0.788321 53.388476 7.653238 11.394281 -18.242820 0.000000 0.000000 0.000000 -4.969577 0.078836 -5.141851 -7.440120 6.494815 55.872200 1.080555 16.137186 -15.705756 0.000000 0.000000 0.000000 9.660578 0.005964 4.354199 -1.023644 0.342069 5.139645 -0.858471 4.540930 11.605457 5.172471 -5.350336 4.210710 0.000000 0.000000 0.000000 -8.623885 -31.391779 11.316239 -55.319026 -49.579894 17.134637 18.218589 -12.931380 -1.680111 0.000000 0.000000 0.000000 2.787551 21.942124 8.359053 67.262795 42.871124 21.121593 -27.097558 13.551011 -1.768990 0.000000 0.000000 0.000000 
-0.003114 0.823676 -0.043841 -0.161592 4.786628 -20.075454 2.880591 0.158392 1.378284 -4.715426 -0.974595 54.182843 7.967090 12.479671 -18.020132 0.000000 0.000000 0.000000 -4.647946 0.133171 -5.606114 -7.679252 6.722076 56.729255 1.197682 15.897303 -15.159262 0.000000 0.000000 0.000000 9.310086 -0.111145 5.255630 -1.252415 0.497169 4.543462 -0.904054 4.399445 12.201098 5.171179 -5.049829 2.908304 0.000000 0.000000 0.000000 -8.527168 -31.406577 11.315027 -54.825929 -49.721797 16.984220 18.891004 -12.513628 -1.701801 0.000000 0.000000 0.000000 2.769047 22.005162 8.351517 67.353685 43.478262 21.537512 -27.849092 13.318617 -1.771734 0.000000 0.000000 0.000000 
-0.002826 0.822155 -0.043431 -0.100486 4.742607 -19.857117 2.722572 0.102719 0.550580 -4.740195 -0.981891 55.079888 8.130286 13.014429 -18.118414 0.000000 0.000000 0.000000 -4.588419 0.204110 -6.677798 -7.886098 7.009918 57.902572 1.231193 15.805597 -14.971147 0.000000 0.000000 0.000000 9.066105 -0.222165 6.081325 -1.478562 0.634317 4.287762 -0.886367 4.027425 12.407657 5.281668 -4.643849 0.657060 0.000000 0.000000 0.000000 -8.067728 -31.347466 11.270298 -54.274676 -49.455739 16.628006 19.897396 -12.858475 -1.860764 0.000000 0.000000 0.000000 2.439435 21.776100 8.145014 67.458112 43.659774 21.655424 -27.935733 13.670072 -1.866976 0.000000 0.000000 0.000000 
-0.002760 0.821539 -0.043432 -0.029539 4.586367 -19.632764 2.884730 0.060387 -0.174909 -4.984584 -0.798817 55.748438 8.283004 13.612192 -17.908057 0.000000 0.000000 0.000000 -4.461155 0.292224 -7.877686 -7.885548 7.207622 59.179087 1.527712 16.037030 -14.191114 0.000000 0.000000 0.000000 8.720103 -0.304107 6.699643 -1.663181 0.753481 3.863247 -0.638902 3.908639 12.919241 5.163308 -4.196158 -0.971266 0.000000 0.000000 0.000000 -7.302035 -30.942554 11.010309 -54.415739 -49.536151 16.672291 20.321606 -12.766146 -1.885226 0.000000 0.000000 0.000000 2.195573 21.599823 7.994747 67.116444 43.354116 21.205257 -28.327460 14.141636 -1.992305 0.000000 0.000000 0.000000 
-0.003202 0.821641 -0.043991 -0.103072 4.514629 -19.012631 3.250733 -0.003166 -1.320235 -5.239134 -0.621269 55.977914 8.295052 13.621705 -18.077221 0.000000 0.000000 0.000000 -4.352480 0.385972 -9.145212 -7.915330 7.317524 59.946787 1.742519 16.863423 -14.177601 0.000000 0.000000 0.000000 8.475818 -0.353759 6.978999 -1.835400 0.850401 3.770292 -0.530681 3.503326 12.942371 4.918025 -3.555328 -3.175787 0.000000 0.000000 0.000000 -6.889974 -30.512163 10.840526 -53.994449 -49.387559 16.457303 20.754579 -12.583095 -1.894319 0.000000 0.000000 0.000000 2.194676 21.696465 8.003599 66.621030 42.989070 20.629580 -29.442196 15.232546 -2.339963 0.000000 0.000000 0.000000 
-0.004392 0.822364 -0.045098 -0.151022 4.230562 -18.599962 3.850309 -0.038076 -2.285761 -5.538966 -0.351636 56.287259 8.229284 13.557525 -17.769490 0.000000 0.000000 0.000000 -4.071854 0.492753 -10.218118 -7.742255 7.288674 60.136665 1.708437 17.197875 -14.516926 0.000000 0.000000 0.000000 8.464306 -0.393544 7.219435 -1.827785 0.843403 3.930899 -0.520172 3.561199 12.872305 4.902884 -3.485291 -3.481279 0.000000 0.000000 0.000000 -6.848878 -30.077935 10.682169 -53.683884 -48.933788 16.087024 21.343638 -12.673199 -1.975608 0.000000 0.000000 0.000000 3.085137 21.103961 7.966188 65.855483 41.995017 19.515284 -29.638287 17.241700 -2.795448 0.000000 0.000000 0.000000 
-0.006300 0.823024 -0.046280 -0.323438 3.645843 -17.993684 4.662540 -0.075610 -3.698768 -5.986985 0.113572 56.833658 8.135369 13.501746 -17.334273 0.000000 0.000000 0.000000 -3.576816 0.621934 -11.048219 -7.679631 7.399247 59.980433 1.572093 17.472461 -15.074770 0.000000 0.000000 0.000000 8.697892 -0.471591 7.744994 -1.713270 0.782156 4.057421 -0.448710 4.006459 12.539670 5.200360 -3.459419 -4.786563 0.000000 0.000000 0.000000 -6.831564 -29.969119 10.622273 -52.802601 -48.558182 15.553955 21.817780 -12.567572 -2.027777 0.000000 0.000000 0.000000 3.535497 20.674535 7.910121 64.969927 41.049008 18.518092 -30.327741 18.708185 -3.190811 0.000000 0.000000 0.000000 
-0.008319 0.823451 -0.047010 -0.435250 3.272649 -17.637290 5.376384 -0.083728 -4.723756 -6.417636 0.510339 57.222028 8.182943 13.920433 -16.483425 0.000000 0.000000 0.000000 -3.317331 0.699742 -11.582686 -7.379049 7.264731 59.744664 1.476469 18.255783 -15.890112 0.000000 0.000000 0.000000 9.016885 -0.496939 7.849705 -1.802848 0.815447 4.767528 -0.443957 4.150602 12.013485 5.021295 -3.137141 -5.665786 0.000000 0.000000 0.000000 -6.987747 -29.911793 10.637539 -52.205911 -48.134879 15.160140 22.363546 -12.184757 -2.033938 0.000000 0.000000 0.000000 4.100331 20.665073 8.026177 64.166499 40.236230 17.642332 -30.719262 19.432156 -3.410351 0.000000 0.000000 0.000000 
-0.009842 0.823159 -0.046971 -0.476103 2.891006 -17.190149 6.079779 -0.089063 -5.919812 -7.027633 1.051221 57.757251 8.266894 14.212672 -16.628641 0.000000 0.000000 0.000000 -2.943443 0.800972 -12.186250 -7.274899 7.296833 59.674291 1.157143 18.807490 -17.152992 0.000000 0.000000 0.000000 9.420256 -0.548901 8.116092 -2.006988 0.928592 4.987497 -0.506550 4.851859 11.768276 5.073929 -3.074862 -5.954462 0.000000 0.000000 0.000000 -6.985802 -30.248752 10.701436 -52.589789 -47.623215 15.010777 23.635618 -12.700117 -2.301219 0.000000 0.000000 0.000000 5.198474 20.324700 8.175939 62.604296 39.010737 16.258209 -30.562456 20.464478 -3.585856 0.000000 0.000000 0.000000 
-0.010498 0.822083 -0.046267 -0.245029 2.943140 -17.032611 5.911624 -0.127622 -6.465606 -7.455276 1.358834 58.205153 8.365961 14.595381 -16.313295 0.000000 0.000000 0.000000 -3.233679 0.755271 -12.082716 -7.293471 7.292328 59.461653 0.751546 19.090125 -18.513061 0.000000 0.000000 0.000000 9.796823 -0.590224 8.314238 -2.104458 0.975179 5.282206 -0.593935 5.101055 11.787328 5.001613 -2.877201 -6.569149 0.000000 0.000000 0.000000 -7.574577 -30.017229 10.654960 -53.047494 -47.315757 15.022633 25.573716 -13.231260 -2.667387 0.000000 0.000000 0.000000 5.807698 20.239346 8.301064 61.809513 37.647624 15.085762 -31.013250 20.611362 -3.645368 0.000000 0.000000 0.000000 
-0.010468 0.820518 -0.045085 -0.069277 3.237125 -16.918857 5.839158 -0.169577 -7.151252 -7.783895 1.499663 59.013171 8.523592 15.110024 -15.987562 0.000000 0.000000 0.000000 -3.696029 0.684434 -12.005180 -7.080142 7.111947 59.915221 0.765303 19.797936 -18.943479 0.000000 0.000000 0.000000 10.257850 -0.663782 8.698089 -2.277400 1.053109 5.939009 -0.869847 5.698978 11.302095 4.888118 -2.595372 -7.225114 0.000000 0.000000 0.000000 -8.548048 -30.243790 10.758973 -54.205927 -46.538767 15.064855 28.358005 -14.619156 -3.415075 0.000000 0.000000 0.000000 6.653622 19.614527 8.312738 60.888794 36.522051 14.127744 -31.890444 20.157809 -3.583506 0.000000 0.000000 0.000000 
-0.009955 0.818714 -0.043586 0.209677 3.552414 -16.856511 5.523013 -0.220892 -7.583939 -7.968113 1.545546 59.704631 8.600292 15.350880 -15.827933 0.000000 0.000000 0.000000 -4.153212 0.634228 -12.281518 -6.922964 7.015442 60.718066 0.631706 19.378576 -19.097144 0.000000 0.000000 0.000000 10.632723 -0.766871 9.306454 -2.253921 1.035826 5.862112 -1.144505 5.969606 11.201502 5.059286 -2.496165 -8.252377 0.000000 0.000000 0.000000 -9.193901 -29.681405 10.522965 -55.523286 -45.709022 15.080065 30.837331 -16.879826 -4.406281 0.000000 0.000000 0.000000 7.167830 19.251638 8.320620 60.134030 35.441209 13.226705 -32.890455 19.910761 -3.601602 0.000000 0.000000 0.000000 
-0.009227 0.817568 -0.042029 0.347844 4.267031 -16.605847 5.169052 -0.299765 -8.261025 -8.149307 1.421357 60.464915 8.621721 15.428577 -15.360378 0.000000 0.000000 0.000000 -4.587676 0.583228 -12.641878 -6.786949 6.745080 61.592006 0.780979 19.184095 -18.637922 0.000000 0.000000 0.000000 11.028730 -0.848714 9.586928 -2.092856 0.938267 5.525014 -1.626690 6.554968 11.456130 4.851181 -2.020350 -9.453687 0.000000 0.000000 0.000000 -9.796281 -29.554964 10.369948 -56.988008 -44.829891 15.018121 33.142722 -19.378572 -5.598980 0.000000 0.000000 0.000000 7.467795 18.451570 8.177675 60.218530 34.393455 12.676139 -34.727936 19.770972 -3.656356 0.000000 0.000000 0.000000 
-0.008355 0.816739 -0.040641 0.471462 4.821844 -16.240086 4.782465 -0.392342 -9.080051 -8.099396 1.189681 61.164805 8.548847 15.249415 -14.988361 0.000000 0.000000 0.000000 -4.993630 0.545549 -13.206177 -6.626275 6.504243 62.461863 0.769152 18.266235 -18.142335 0.000000 0.000000 0.000000 11.187276 -0.929079 9.904775 -1.909254 0.840930 5.010484 -1.849507 6.986679 11.731622 5.072834 -1.955600 -10.298158 0.000000 0.000000 0.000000 -9.919744 -29.330365 10.155640 -58.775952 -44.498360 15.337634 34.866567 -20.790921 -6.448306 0.000000 0.000000 0.000000 7.265392 17.962978 8.020435 60.452545 34.377222 12.811416 -36.592266 19.567345 -3.712287 0.000000 0.000000 0.000000 
-0.007470 0.816949 -0.039502 0.483972 5.672566 -15.926938 4.422948 -0.480214 -9.726455 -8.101275 0.857170 61.666434 8.327527 14.599999 -14.673353 0.000000 0.000000 0.000000 -5.198657 0.512460 -13.529796 -6.463879 6.099098 63.297443 0.993920 17.767253 -17.241962 0.000000 0.000000 0.000000 10.942379 -0.965396 10.043251 -1.716424 0.719720 5.009530 -2.094140 7.163193 11.481988 4.915854 -1.751743 -10.439061 0.000000 0.000000 0.000000 -10.304525 -28.934650 9.911082 -59.787037 -43.723516 15.196850 35.757713 -22.484334 -7.255688 0.000000 0.000000 0.000000 7.543234 17.216342 7.840940 60.452902 34.432645 12.919830 -38.098805 19.654931 -3.835985 0.000000 0.000000 0.000000 
-0.006463 0.817664 -0.038602 0.432999 6.340048 -15.661051 4.309677 -0.526335 -10.094529 -8.118306 0.592484 62.130123 8.069952 13.911696 -14.253791 0.000000 0.000000 0.000000 -5.452871 0.468646 -13.758056 -6.441351 5.811608 63.520258 1.100392 17.323671 -16.691568 0.000000 0.000000 0.000000 10.714839 -0.997578 10.193526 -1.482126 0.585884 4.837884 -2.241953 7.165147 11.551527 4.929796 -1.610876 -11.067846 0.000000 0.000000 0.000000 -10.351761 -28.530258 9.675285 -60.787569 -43.239813 15.192137 35.838221 -23.190407 -7.541490 0.000000 0.000000 0.000000 7.647872 16.904032 7.778109 60.598023 34.973305 13.328900 -39.546350 19.548724 -3.913359 0.000000 0.000000 0.000000 
-0.005428 0.817781 -0.037881 0.547925 7.102900 -15.526474 3.976854 -0.587837 -10.357358 -8.044899 0.237695 62.360204 7.827859 13.185759 -14.142456 0.000000 0.000000 0.000000 -5.890133 0.379147 -13.713208 -6.480901 5.559025 63.795252 1.098802 16.741627 -16.366596 0.000000 0.000000 0.000000 10.182476 -1.005149 10.337283 -1.187885 0.390391 5.250384 -2.491289 7.068413 11.031733 4.895579 -1.504289 -11.364097 0.000000 0.000000 0.000000 -10.557328 -28.631228 9.682874 -61.057030 -42.740086 15.017642 35.649434 -23.445272 -7.620425 0.000000 0.000000 0.000000 7.395735 16.627412 7.631306 61.335892 35.503373 14.029589 -40.841475 19.554759 -4.040700 0.000000 0.000000 0.000000 
-0.004649 0.817303 -0.037378 0.413587 7.453862 -15.567025 4.200297 -0.580813 -10.519735 -8.280421 0.235981 62.803513 7.672295 12.767289 -13.991406 0.000000 0.000000 0.000000 -5.910722 0.364336 -13.705052 -6.612593 5.534731 64.253508 1.190824 16.424038 -15.871922 0.000000 0.000000 0.000000 9.699824 -0.998827 10.470291 -1.213933 0.391097 5.424343 -2.579627 7.045177 10.921556 5.089195 -1.594358 -11.557262 0.000000 0.000000 0.000000 -10.472219 -28.446732 9.565406 -61.206274 -42.478135 14.892856 34.929748 -23.294542 -7.414093 0.000000 0.000000 0.000000 7.463754 16.625916 7.660605 61.549846 36.541297 14.792452 -41.216274 19.081359 -3.935481 0.000000 0.000000 0.000000 
-0.004464 0.816050 -0.037234 0.307019 8.003853 -15.832797 4.318576 -0.562893 -10.360851 -8.196968 -0.072972 62.734234 7.629203 12.432037 -14.460952 0.000000 0.000000 0.000000 -6.073004 0.312622 -13.542234 -6.732200 5.394929 64.317300 1.135417 15.983343 -15.789374 0.000000 0.000000 0.000000 9.141165 -0.982390 10.584743 -1.082127 0.300470 5.570184 -2.646289 6.984924 11.176767 5.496441 -1.978999 -10.996596 0.000000 0.000000 0.000000 -9.977769 -28.430400 9.481425 -61.387621 -43.147260 15.252341 34.185692 -22.655237 -7.041387 0.000000 0.000000 0.000000 7.197029 16.789217 7.689666 62.153918 37.927083 15.951362 -41.638092 18.254597 -3.705097 0.000000 0.000000 0.000000 
-0.004815 0.813883 -0.037581 0.058737 8.486319 -16.119527 4.729684 -0.547294 -10.672509 -8.481268 -0.139429 63.569966 7.628144 12.435682 -14.344085 0.000000 0.000000 0.000000 -5.819944 0.332876 -13.506527 -6.899857 5.331352 65.031943 0.941438 15.134214 -15.807812 0.000000 0.000000 0.000000 8.464979 -0.989641 10.944612 -0.848298 0.146639 5.809435 -2.865137 7.211659 11.208841 6.170567 -2.664022 -9.880059 0.000000 0.000000 0.000000 -9.412778 -28.854571 9.526377 -60.970226 -44.165286 15.623987 34.298810 -21.487554 -6.770784 0.000000 0.000000 0.000000 7.452360 16.792617 7.801040 62.025498 39.255256 16.798931 -41.654758 17.324244 -3.377570 0.000000 0.000000 0.000000 
-0.005406 0.811736 -0.038315 -0.318065 8.670448 -16.515727 5.214739 -0.512932 -10.902374 -8.497573 -0.292810 64.186020 7.560495 12.344881 -13.972741 0.000000 0.000000 0.000000 -5.394227 0.388474 -13.465516 -7.131482 5.425379 65.651027 1.051539 14.518782 -14.957238 0.000000 0.000000 0.000000 8.050061 -1.034532 11.529228 -0.749555 0.085795 5.853802 -2.848145 7.135341 11.564571 6.729880 -3.281680 -9.032666 0.000000 0.000000 0.000000 -8.880284 -28.724627 9.415873 -60.384052 -45.487555 16.138258 33.882869 -20.502833 -6.382277 0.000000 0.000000 0.000000 7.106947 17.203401 7.887247 62.315230 41.124321 18.174463 -42.088676 15.996839 -3.002906 0.000000 0.000000 0.000000 
-0.005744 0.809955 -0.039293 -0.423685 8.834391 -16.973831 5.880641 -0.448831 -11.002726 -8.776375 -0.209327 64.525655 7.489672 12.110355 -14.056471 0.000000 0.000000 0.000000 -5.258360 0.406825 -13.676481 -7.185962 5.435477 66.286426 1.105299 13.833465 -14.193466 0.000000 0.000000 0.000000 7.520905 -1.090939 12.319547 -0.751482 0.083050 5.924490 -2.974634 7.357818 11.683545 7.039400 -3.654386 -8.377810 0.000000 0.000000 0.000000 -8.406493 -29.334562 9.570224 -59.063796 -46.271441 16.066418 33.611554 -20.139619 -6.246057 0.000000 0.000000 0.000000 7.013421 17.450125 7.985854 62.412105 42.882183 19.447295 -42.332379 15.153404 -2.758059 0.000000 0.000000 0.000000 
-0.005686 0.809246 -0.040317 -0.560419 8.794695 -17.301997 6.836605 -0.355746 -11.120610 -9.111558 0.007066 64.691563 7.232371 11.651508 -13.237479 0.000000 0.000000 0.000000 -4.772199 0.494391 -13.918784 -7.326613 5.553608 66.636468 1.023007 13.453927 -14.128853 0.000000 0.000000 0.000000 7.228590 -1.112641 12.704759 -0.771470 0.068541 6.367674 -3.030040 7.371170 11.840048 7.314291 -4.188747 -7.108619 0.000000 0.000000 0.000000 -7.678905 -29.564647 9.600290 -57.863814 -46.998487 15.991746 33.802706 -19.736965 -6.172230 0.000000 0.000000 0.000000 6.876313 18.246783 8.285009 62.146141 44.558575 20.469123 -42.567520 14.296617 -2.538489 0.000000 0.000000 0.000000 
-0.005527 0.808697 -0.041061 -0.567587 8.622425 -17.663819 7.456944 -0.269021 -10.783322 -9.315918 0.224462 64.277918 7.012734 11.128112 -12.956315 0.000000 0.000000 0.000000 -4.773611 0.494734 -13.924778 -6.929332 5.325790 66.661227 0.924802 12.521865 -13.590250 0.000000 0.000000 0.000000 7.007219 -1.125259 13.040209 -0.986708 0.202186 6.323961 -2.807412 7.713064 12.343322 7.535871 -4.747901 -5.621938 0.000000 0.000000 0.000000 -7.308838 -30.127019 9.760508 -56.574690 -47.059552 15.477473 33.035248 -19.903367 -6.054867 0.000000 0.000000 0.000000 6.999198 18.314926 8.356320 61.940801 45.967285 21.315389 -42.116519 13.891170 -2.385240 0.000000 0.000000 0.000000 
-0.005416 0.808848 -0.041272 -0.794265 8.490143 -17.933224 8.081277 -0.200142 -10.679416 -9.656165 0.493086 64.216215 6.805913 10.618047 -12.801780 0.000000 0.000000 0.000000 -4.351789 0.563338 -13.857361 -6.730546 5.180688 66.778584 1.137690 12.765115 -13.053783 0.000000 0.000000 0.000000 6.752073 -1.119172 13.190103 -0.786196 0.072467 6.591289 -2.707250 8.045699 12.351022 7.809114 -5.306525 -4.352999 0.000000 0.000000 0.000000 -6.979665 -29.983291 9.635097 -55.635685 -46.863549 14.982930 31.890864 -20.413088 -5.978736 0.000000 0.000000 0.000000 7.414374 18.907675 8.751947 61.348444 47.075198 21.768757 -41.694494 13.510013 -2.261470 0.000000 0.000000 0.000000 
-0.005270 0.808317 -0.040944 -0.983283 8.676744 -18.247358 8.793213 -0.132154 -10.705595 -9.983336 0.600112 64.629659 6.638950 10.377570 -12.157177 0.000000 0.000000 0.000000 -4.295401 0.551179 -13.580885 -6.390734 4.786043 66.519912 1.050314 12.794369 -13.420694 0.000000 0.000000 0.000000 6.690850 -1.143941 13.456474 -0.588803 -0.056298 6.745701 -2.617666 7.988113 12.195647 7.973548 -5.486935 -4.218018 0.000000 0.000000 0.000000 -6.671854 -30.244871 9.697872 -54.688655 -46.137890 14.272129 30.825815 -20.678634 -5.818674 0.000000 0.000000 0.000000 7.856969 19.223488 9.007176 61.116940 47.434905 21.843838 -40.492318 13.751189 -2.307662 0.000000 0.000000 0.000000 
-0.005027 0.808472 -0.040238 -1.275567 8.861942 -18.452820 9.121687 -0.106488 -10.725018 -9.823094 0.345168 64.693851 6.477698 9.858344 -12.321037 0.000000 0.000000 0.000000 -3.915775 0.595266 -13.323423 -6.334616 4.565801 66.105321 1.452402 13.550595 -12.782409 0.000000 0.000000 0.000000 6.665256 -1.202698 13.916799 -0.572347 -0.106906 7.266689 -2.610265 7.713626 11.784003 8.068723 -5.556788 -4.283968 0.000000 0.000000 0.000000 -6.689791 -30.415310 9.779652 -53.045626 -45.380761 13.437989 29.240198 -20.591162 -5.441653 0.000000 0.000000 0.000000 7.767196 19.958764 9.280320 60.736613 47.796528 21.915587 -38.610949 13.343098 -2.152703 0.000000 0.000000 0.000000 
-0.004556 0.808542 -0.039719 -1.300583 9.043346 -18.576033 9.305660 -0.093405 -10.807373 -10.179448 0.521648 64.917812 6.449613 9.750779 -12.401956 0.000000 0.000000 0.000000 -3.881271 0.598646 -13.399206 -6.170956 4.348968 66.099072 1.500752 13.762164 -12.834859 0.000000 0.000000 0.000000 6.434086 -1.266345 14.575698 -0.503981 -0.179065 7.669653 -2.546894 7.711909 11.344372 8.057228 -5.552419 -4.245244 0.000000 0.000000 0.000000 -7.087514 -30.401965 9.791901 -52.006628 -44.444925 12.744717 27.527588 -21.317305 -5.254413 0.000000 0.000000 0.000000 7.783904 19.988047 9.291381 60.517568 47.748846 21.804877 -36.495963 13.558103 -2.134576 0.000000 0.000000 0.000000 
-0.004002 0.809527 -0.039930 -1.333351 8.928529 -18.620367 9.573031 -0.064500 -10.747179 -10.139285 0.543178 64.406099 6.445046 9.813347 -12.142822 0.000000 0.000000 0.000000 -3.746148 0.629724 -13.517492 -6.339757 4.499611 65.675894 1.686907 14.516446 -12.905251 0.000000 0.000000 0.000000 6.313016 -1.367318 15.480287 -0.514596 -0.206478 8.197483 -2.666619 7.466337 10.648442 8.208542 -5.551428 -4.735194 0.000000 0.000000 0.000000 -6.830157 -30.160694 9.708923 -51.581145 -43.620975 12.294489 26.317534 -21.450946 -5.002001 0.000000 0.000000 0.000000 7.834084 20.798850 9.608149 58.944231 48.103774 21.272305 -34.084227 13.226670 -1.998643 0.000000 0.000000 0.000000 
-0.003629 0.810454 -0.041037 -1.443706 8.785039 -18.292688 9.530075 -0.080204 -11.081561 -10.010084 0.519277 64.223269 6.510211 9.836301 -12.587997 0.000000 0.000000 0.000000 -3.514714 0.716000 -14.333007 -6.383906 4.573195 65.738822 1.914355 15.086182 -12.657717 0.000000 0.000000 0.000000 6.146782 -1.439958 16.150785 -0.608988 -0.141793 8.158032 -2.791582 7.341331 10.746515 8.483106 -5.570356 -5.534515 0.000000 0.000000 0.000000 -6.530918 -30.249986 9.746882 -51.228949 -43.552641 12.145902 25.239540 -20.892519 -4.611774 0.000000 0.000000 0.000000 7.428075 21.134880 9.612372 58.253767 48.217690 21.034639 -32.041967 13.151438 -1.902381 0.000000 0.000000 0.000000 
-0.003838 0.812176 -0.042595 -1.593933 8.647143 -17.674920 9.514536 -0.106763 -11.651154 -10.016347 0.618500 63.753750 6.527784 9.875677 -12.615468 0.000000 0.000000 0.000000 -2.993113 0.876490 -15.498228 -6.652186 4.814071 66.027479 2.402355 15.713691 -11.630720 0.000000 0.000000 0.000000 5.659149 -1.543297 17.323429 -0.624328 -0.120969 8.071018 -3.014090 6.937041 10.369203 8.822315 -5.427182 -7.157724 0.000000 0.000000 0.000000 -6.095280 -30.171285 9.745069 -50.536532 -43.867841 12.123895 24.052725 -19.305705 -3.992207 0.000000 0.000000 0.000000 7.376274 21.831185 9.839891 56.835320 48.711692 20.647551 -30.644495 12.514778 -1.734003 0.000000 0.000000 0.000000 
-0.004421 0.814001 -0.043816 -1.928685 8.269215 -17.129026 9.698039 -0.097230 -11.924647 -9.658584 0.528588 62.891855 6.598433 9.886648 -13.101195 0.000000 0.000000 0.000000 -2.335758 1.068018 -16.547599 -6.749140 5.002094 66.219055 2.759660 16.229141 -10.935928 0.000000 0.000000 0.000000 5.149472 -1.608966 18.338011 -0.757108 -0.019580 7.920806 -3.172815 6.655066 10.577481 8.878387 -5.087114 -8.764267 0.000000 0.000000 0.000000 -5.007133 -30.475276 9.814085 -49.756913 -44.595310 12.167053 22.979088 -17.116190 -3.316023 0.000000 0.000000 0.000000 6.604114 22.262162 9.750059 55.949775 49.246961 20.577823 -29.656900 12.445505 -1.704107 0.000000 0.000000 0.000000 
-0.005111 0.816059 -0.044232 -2.279175 7.819231 -16.513720 10.129098 -0.063326 -12.354095 -9.413508 0.557087 61.881646 6.428731 9.285663 -13.449123 0.000000 0.000000 0.000000 -1.535566 1.287367 -17.438456 -7.035000 5.347967 65.978179 3.096049 16.332486 -9.965603 0.000000 0.000000 0.000000 4.687526 -1.681371 19.464895 -0.952162 0.101698 8.058588 -3.574213 6.266143 9.963717 9.208186 -5.174882 -9.534553 0.000000 0.000000 0.000000 -4.242741 -30.783754 9.916399 -48.811816 -44.667336 11.955262 21.521810 -15.307419 -2.711625 0.000000 0.000000 0.000000 6.533852 22.479705 9.755327 54.408364 49.336103 19.883644 -27.175637 12.180955 -1.550054 0.000000 0.000000 0.000000 
-0.005425 0.819414 -0.043967 -2.544756 7.668543 -15.976775 10.127884 -0.079285 -12.705067 -8.872605 0.253811 61.192050 6.290779 8.966766 -13.237313 0.000000 0.000000 0.000000 -1.174737 1.416765 -18.268260 -7.148732 5.441867 65.672415 3.688998 16.901983 -8.675441 0.000000 0.000000 0.000000 4.269954 -1.741967 20.435537 -1.015922 0.162895 7.752062 -3.957430 6.028818 10.229522 9.351498 -5.066925 -10.497175 0.000000 0.000000 0.000000 -4.142800 -31.389789 10.156270 -47.658634 -44.813005 11.689068 20.616864 -14.173471 -2.368720 0.000000 0.000000 0.000000 5.727190 22.666821 9.582683 53.630575 49.399804 19.587828 -25.668761 11.590681 -1.362570 0.000000 0.000000 0.000000 
-0.005461 0.823853 -0.043626 -2.650283 7.741356 -15.137983 9.842327 -0.140472 -13.106240 -8.121326 -0.228290 60.152506 6.135794 8.487749 -13.242149 0.000000 0.000000 0.000000 -0.835219 1.537651 -19.074778 -7.518296 5.612748 64.827880 3.695721 16.477483 -8.292459 0.000000 0.000000 0.000000 4.032081 -1.830808 21.378753 -1.064931 0.181918 7.876305 -4.865635 5.733429 9.952650 9.978432 -5.201832 -11.847763 0.000000 0.000000 0.000000 -4.198879 -31.907159 10.390634 -46.370169 -44.813798 11.336553 20.223351 -13.576007 -2.207749 0.000000 0.000000 0.000000 5.512210 22.566785 9.477621 52.321164 49.688324 19.164114 -23.656877 10.846230 -1.133962 0.000000 0.000000 0.000000 
-0.005721 0.829677 -0.043916 -2.804312 7.933625 -13.977279 9.402174 -0.241230 -13.924880 -7.224158 -0.824569 59.210658 5.914711 7.842591 -13.198483 0.000000 0.000000 0.000000 -0.625476 1.653769 -20.232176 -7.352424 5.341976 64.256537 3.871435 15.773833 -7.090687 0.000000 0.000000 0.000000 3.824608 -1.938557 22.390815 -1.131271 0.223687 7.708074 -5.408707 5.302523 10.062159 9.957050 -4.930262 -13.022466 0.000000 0.000000 0.000000 -3.964662 -32.300747 10.563479 -45.043635 -45.527049 11.217559 20.763471 -13.365013 -2.230033 0.000000 0.000000 0.000000 4.939941 22.986409 9.486996 50.926591 50.086877 18.738723 -22.572997 10.242506 -0.996541 0.000000 0.000000 0.000000 
-0.006549 0.836731 -0.044858 -2.904062 8.145073 -12.604322 9.206247 -0.332950 -14.999546 -6.761086 -1.084243 58.103841 5.520930 7.114681 -12.288433 0.000000 0.000000 0.000000 -0.365564 1.791557 -21.569538 -7.314137 5.170027 63.600420 3.869318 14.549844 -5.856774 0.000000 0.000000 0.000000 3.608948 -2.051033 23.439603 -1.277483 0.284426 7.988003 -6.123159 4.902797 9.417509 10.229955 -4.760104 -14.548656 0.000000 0.000000 0.000000 -3.671459 -32.516309 10.665134 -42.980423 -46.628840 11.017926 21.252573 -13.510483 -2.308934 0.000000 0.000000 0.000000 4.705644 23.076827 9.474502 49.546566 50.798242 18.515194 -21.945992 10.128647 -0.962892 0.000000 0.000000 0.000000 
-0.007780 0.844638 -0.046215 -3.021305 7.969566 -11.258276 9.289571 -0.376752 -15.999350 -6.337717 -1.137563 56.433711 5.159494 6.405261 -11.661681 0.000000 0.000000 0.000000 -0.045539 1.949256 -22.751948 -6.938789 4.873331 62.269524 3.845047 13.109438 -4.340529 0.000000 0.000000 0.000000 3.138043 -2.104491 24.626347 -1.526745 0.439589 7.878158 -6.316734 4.736377 9.311365 9.789397 -4.369223 -15.017792 0.000000 0.000000 0.000000 -2.905227 -32.779601 10.711699 -40.786222 -48.306473 10.861764 22.783671 -13.370919 -2.479731 0.000000 0.000000 0.000000 3.533547 23.612326 9.389912 48.648919 51.923102 18.769798 -22.073147 9.787749 -0.931671 0.000000 0.000000 0.000000 
-0.009047 0.852870 -0.047643 -3.211065 8.128915 -9.662940 9.537985 -0.427699 -17.250743 -6.278477 -1.051738 54.795993 4.844901 6.093565 -10.471009 0.000000 0.000000 0.000000 0.506690 2.134845 -23.780150 -6.748631 4.571293 60.795753 3.490378 11.217267 -3.279469 0.000000 0.000000 0.000000 2.744124 -2.125921 25.259033 -1.522677 0.411782 8.121017 -6.719553 4.719710 8.794187 9.848852 -4.294510 -15.357581 0.000000 0.000000 0.000000 -1.760376 -33.195710 10.720506 -38.660890 -50.068665 10.648335 25.564616 -13.604120 -2.915801 0.000000 0.000000 0.000000 2.611617 23.678875 9.240417 47.079867 52.631747 18.502236 -21.729840 9.861468 -0.931977 0.000000 0.000000 0.000000 
-0.009572 0.860986 -0.049276 -3.218892 7.697050 -8.356674 9.714555 -0.435811 -18.001249 -6.419503 -0.663359 53.012765 4.581359 5.990436 -9.279777 0.000000 0.000000 0.000000 0.837266 2.303008 -24.782280 -6.598781 4.543816 59.090458 3.347610 9.921842 -2.072719 0.000000 0.000000 0.000000 2.466239 -2.140226 26.060424 -1.923098 0.695254 7.236944 -6.578885 4.841297 9.233939 9.654151 -4.034171 -16.011212 0.000000 0.000000 0.000000 -0.612771 -33.394854 10.650120 -36.656878 -51.747522 10.322178 27.842349 -13.950288 -3.303508 0.000000 0.000000 0.000000 1.398453 23.944080 9.047864 45.800561 53.447486 18.342857 -22.118492 9.583970 -0.911156 0.000000 0.000000 0.000000 
-0.009141 0.866987 -0.051137 -3.105732 7.840386 -7.045649 9.453435 -0.535056 -18.888764 -6.295465 -0.648322 51.688730 4.547555 6.354984 -8.265734 0.000000 0.000000 0.000000 0.962363 2.398050 -25.826665 -6.545698 4.391337 57.595112 2.810901 8.066356 -1.481985 0.000000 0.000000 0.000000 2.368191 -2.199736 26.614080 -2.016497 0.744063 7.074451 -7.037788 4.917964 9.617367 9.604685 -3.738306 -17.138146 0.000000 0.000000 0.000000 0.660643 -33.772063 10.592345 -34.744775 -53.680596 9.997747 30.004823 -12.944629 -3.368819 0.000000 0.000000 0.000000 0.063958 23.790536 8.691016 43.561042 54.304001 17.765653 -22.881053 9.516322 -0.932339 0.000000 0.000000 0.000000 
-0.008157 0.869654 -0.053189 -2.868290 7.609262 -6.443184 9.353155 -0.564918 -19.333846 -6.637788 -0.300355 50.842529 4.562399 6.809121 -7.352409 0.000000 0.000000 0.000000 0.789143 2.400976 -26.248418 -6.393915 4.331866 56.519739 2.557614 7.469826 -1.586145 0.000000 0.000000 0.000000 2.442836 -2.267923 27.212447 -2.387646 0.964177 6.925116 -7.092405 4.820407 9.924778 9.261010 -3.450504 -17.590191 0.000000 0.000000 0.000000 1.603962 -34.036536 10.549148 -32.901437 -55.418784 9.661868 30.869516 -11.516702 -3.104364 0.000000 0.000000 0.000000 -1.471247 23.737818 8.274018 42.154492 55.058464 17.491237 -22.868562 9.028745 -0.856722 0.000000 0.000000 0.000000 
-0.007256 0.870045 -0.055111 -2.625420 7.829687 -5.911938 9.308754 -0.607749 -19.739798 -7.073763 -0.048416 50.218464 4.826421 7.491450 -7.235909 0.000000 0.000000 0.000000 0.469995 2.349413 -26.814639 -6.173895 4.112373 56.176947 2.370640 6.908899 -1.495387 0.000000 0.000000 0.000000 2.222273 -2.266828 27.503955 -2.371501 0.948837 6.879336 -7.270688 4.885870 10.477453 8.904555 -3.174091 -17.787064 0.000000 0.000000 0.000000 2.592574 -35.045452 10.688897 -29.848856 -56.231166 8.414504 30.902490 -9.926783 -2.701242 0.000000 0.000000 0.000000 -2.458457 23.780501 8.048779 40.432010 55.457976 16.870130 -23.583023 8.659742 -0.820370 0.000000 0.000000 0.000000 
-0.006709 0.869645 -0.056671 -2.565812 8.041874 -5.943733 9.506063 -0.598496 -19.984413 -7.443658 0.115782 50.174395 4.935762 7.949763 -6.720004 0.000000 0.000000 0.000000 0.247255 2.289158 -26.928542 -6.137166 4.011791 55.907756 2.461477 6.969515 -1.228790 0.000000 0.000000 0.000000 2.261932 -2.367986 28.204647 -2.607861 1.067973 7.152960 -7.231419 4.579513 10.789045 8.355869 -2.879996 -17.711401 0.000000 0.000000 0.000000 3.242055 -35.599097 10.742959 -26.892362 -56.895129 7.241559 30.033736 -7.910507 -2.103582 0.000000 0.000000 0.000000 -3.644673 24.052801 7.821420 39.092438 56.080981 16.494967 -24.000667 7.926855 -0.714939 0.000000 0.000000 0.000000 
-0.006500 0.869665 -0.057921 -2.435922 7.981828 -5.775931 9.702339 -0.568756 -19.991617 -7.936244 0.451000 49.574031 5.091547 8.260866 -6.884047 0.000000 0.000000 0.000000 0.171857 2.268530 -26.820180 -6.114299 3.992217 55.247953 2.272902 6.973812 -2.014853 0.000000 0.000000 0.000000 1.954858 -2.319491 28.496177 -2.642834 1.083074 7.334556 -7.374640 4.678893 11.393486 8.397653 -2.945256 -17.537105 0.000000 0.000000 0.000000 4.076559 -36.796043 10.921355 -23.258887 -56.542558 5.481803 29.104315 -6.337283 -1.655988 0.000000 0.000000 0.000000 -4.480235 24.326045 7.687961 37.803471 56.472709 16.048011 -24.666196 7.585740 -0.676716 0.000000 0.000000 0.000000 
-0.006476 0.870671 -0.059057 -2.511070 8.270798 -5.693033 9.955835 -0.550697 -20.037861 -7.992165 0.428345 49.013812 5.076805 8.242894 -6.774824 0.000000 0.000000 0.000000 0.138548 2.238206 -26.770328 -6.075479 3.856569 54.941949 2.115222 6.449727 -1.868729 0.000000 0.000000 0.000000 1.788554 -2.335073 28.789398 -2.584664 1.038078 7.435434 -7.354301 4.488830 11.719010 8.318290 -2.949320 -17.357409 0.000000 0.000000 0.000000 4.623935 -37.160630 10.910147 -20.970675 -56.318171 4.413053 28.095726 -5.241671 -1.335794 0.000000 0.000000 0.000000 -5.225703 24.209677 7.452535 37.482606 56.779609 16.036632 -25.186382 7.593788 -0.693814 0.000000 0.000000 0.000000 
-0.006611 0.874148 -0.060256 -2.543043 8.640718 -5.347608 10.088984 -0.552720 -19.909696 -8.005050 0.392335 47.876186 5.110092 8.547748 -6.095166 0.000000 0.000000 0.000000 -0.075050 2.144252 -26.466376 -5.964715 3.619959 53.834136 2.269656 6.902678 -1.958037 0.000000 0.000000 0.000000 1.649176 -2.327031 28.735893 -2.600763 1.021597 7.740011 -7.432716 4.286536 11.834417 8.400660 -3.010809 -17.352713 0.000000 0.000000 0.000000 5.290699 -37.556735 10.890972 -18.483816 -56.296582 3.282307 27.318976 -4.410559 -1.104111 0.000000 0.000000 0.000000 -5.776246 24.269354 7.344443 36.525819 57.117749 15.708460 -25.696199 7.886429 -0.769107 0.000000 0.000000 0.000000 
-0.006901 0.878770 -0.061438 -2.700549 8.870249 -4.875472 10.037536 -0.568989 -19.554064 -7.530571 0.157787 46.125090 4.823672 7.990975 -5.716615 0.000000 0.000000 0.000000 0.056760 2.141121 -26.131177 -5.802899 3.383931 52.334338 2.245300 6.644165 -1.665054 0.000000 0.000000 0.000000 1.384295 -2.276364 28.661621 -2.433009 0.924082 7.528990 -7.344272 4.245064 12.007466 8.474448 -3.033460 -17.459170 0.000000 0.000000 0.000000 5.990127 -37.611667 10.763965 -15.978879 -56.106025 2.098660 26.655709 -3.676499 -0.917879 0.000000 0.000000 0.000000 -6.229615 24.298218 7.253909 35.871053 57.208438 15.434779 -25.969899 8.928652 -0.984547 0.000000 0.000000 0.000000 
-0.007335 0.883499 -0.062526 -2.808973 9.256336 -4.332683 9.973296 -0.600972 -19.374256 -6.970206 -0.142765 44.666103 4.552820 7.674126 -4.865376 0.000000 0.000000 0.000000 -0.086393 2.067105 -25.835270 -5.407839 2.978204 50.699527 2.466876 6.970511 -1.267428 0.000000 0.000000 0.000000 1.301433 -2.285595 28.610031 -2.300989 0.840488 7.381895 -7.233921 3.720907 12.178140 8.451539 -3.056426 -17.508536 0.000000 0.000000 0.000000 7.381883 -37.710271 10.505289 -12.970223 -56.561778 0.768399 25.611609 -2.239014 -0.572268 0.000000 0.000000 0.000000 -7.057814 24.450096 7.109835 35.246175 58.235448 15.508011 -25.970033 9.655418 -1.148230 0.000000 0.000000 0.000000 
-0.007826 0.887176 -0.063567 -3.032134 9.249359 -3.999672 9.948643 -0.593186 -18.893301 -6.300482 -0.403589 43.236397 4.259089 7.085308 -4.626412 0.000000 0.000000 0.000000 0.014552 2.065852 -25.398545 -4.936290 2.653157 49.221920 2.677929 7.296521 -0.903721 0.000000 0.000000 0.000000 1.109562 -2.226348 28.466273 -2.159874 0.761269 7.314464 -7.102765 3.420444 12.148464 8.243094 -2.986667 -17.339618 0.000000 0.000000 0.000000 8.876900 -37.665381 10.175169 -9.966372 -56.703270 -0.594260 24.547360 -0.979440 -0.298395 0.000000 0.000000 0.000000 -7.513110 24.828355 7.126765 34.947645 59.703420 15.935249 -26.378452 9.619744 -1.184719 0.000000 0.000000 0.000000 
-0.008306 0.890306 -0.064566 -3.194224 9.214908 -3.721653 10.036350 -0.582572 -18.779349 -5.940120 -0.524783 42.419253 4.001622 6.742322 -4.051363 0.000000 0.000000 0.000000 0.186139 2.091565 -25.139594 -4.764371 2.532158 47.938885 2.846400 7.566471 -0.631172 0.000000 0.000000 0.000000 0.876397 -2.168455 28.465692 -1.891499 0.607064 7.348796 -6.978894 2.858241 12.267815 8.093418 -2.974990 -17.278420 0.000000 0.000000 0.000000 10.502014 -37.753589 9.825821 -6.629431 -56.943976 -2.065598 23.514730 0.962948 0.071287 0.000000 0.000000 0.000000 -8.187145 25.496964 7.170252 33.430108 61.831830 15.865776 -26.150498 9.436040 -1.179853 0.000000 0.000000 0.000000 
-0.008714 0.892525 -0.065662 -3.457922 8.841899 -3.655121 10.188408 -0.540669 -18.588043 -5.691953 -0.569490 42.309986 4.053459 7.038454 -3.654244 0.000000 0.000000 0.000000 0.494439 2.166627 -24.904844 -4.412951 2.396285 46.888635 3.079168 8.028532 -0.397964 0.000000 0.000000 0.000000 0.846128 -2.146365 28.575617 -1.930504 0.631387 7.507299 -6.807040 2.586284 12.107218 7.980568 -3.068261 -16.646826 0.000000 0.000000 0.000000 11.889846 -38.200421 9.595431 -4.039712 -57.267022 -3.213543 22.677662 2.462393 0.328403 0.000000 0.000000 0.000000 -8.838024 25.706821 7.081028 33.444803 64.615286 16.976310 -26.201447 8.453315 -1.021102 0.000000 0.000000 0.000000 
-0.009081 0.893558 -0.066736 -3.709886 8.343861 -3.652353 10.378785 -0.491189 -18.488120 -5.496380 -0.574917 42.348548 4.113206 7.438910 -3.034468 0.000000 0.000000 0.000000 0.947264 2.288951 -24.852237 -4.567783 2.586579 46.526142 3.406709 8.682234 -0.088372 0.000000 0.000000 0.000000 0.561951 -2.038979 28.582684 -1.704680 0.477494 8.300801 -6.659945 2.372531 11.554249 7.707866 -3.009460 -16.209897 0.000000 0.000000 0.000000 13.071220 -38.019457 9.285004 -2.428315 -57.929889 -3.951068 21.804332 4.033949 0.570100 0.000000 0.000000 0.000000 -9.293618 26.329226 7.172559 32.383561 67.663357 17.525675 -25.165230 6.661446 -0.672999 0.000000 0.000000 0.000000 
-0.009412 0.893629 -0.067953 -3.854261 7.779048 -3.840051 10.478665 -0.445196 -18.459890 -5.490212 -0.519202 43.225971 4.197222 7.709077 -2.863763 0.000000 0.000000 0.000000 1.107269 2.364657 -24.979261 -4.304135 2.568815 46.439393 3.574086 8.853818 0.314713 0.000000 0.000000 0.000000 0.611205 -2.046758 28.989900 -1.923312 0.627668 8.209163 -6.469221 2.210369 11.998131 7.409034 -2.866119 -16.269406 0.000000 0.000000 0.000000 14.093240 -38.501709 9.082670 -1.582430 -58.333701 -4.318933 21.132913 5.045973 0.709075 0.000000 0.000000 0.000000 -10.185710 26.739345 7.046314 33.061347 71.149174 19.397438 -23.871768 4.220091 -0.227013 0.000000 0.000000 0.000000 
-0.009694 0.894096 -0.069362 -3.909051 7.205289 -4.035353 10.626606 -0.392399 -18.383298 -5.401003 -0.473148 43.612052 4.090865 7.601029 -2.582912 0.000000 0.000000 0.000000 1.264456 2.424751 -24.918496 -4.312087 2.701726 46.312361 3.991298 9.575847 0.823843 0.000000 0.000000 0.000000 0.409906 -1.992524 29.465051 -1.739874 0.530998 8.472197 -6.265303 2.130032 11.841622 7.329304 -2.796839 -16.580191 0.000000 0.000000 0.000000 14.291080 -38.844790 9.086407 -1.461649 -58.223665 -4.266979 20.131979 5.341674 0.717854 0.000000 0.000000 0.000000 -10.468414 27.787617 7.261738 31.578471 73.712243 19.376250 -22.153342 1.197096 0.268268 0.000000 0.000000 0.000000 
-0.009970 0.896031 -0.071231 -3.905484 6.861333 -4.224407 10.412427 -0.391331 -18.088968 -5.087765 -0.557519 43.392229 4.189912 7.929149 -2.280291 0.000000 0.000000 0.000000 1.303541 2.435006 -24.712180 -4.176704 2.685499 45.715550 4.331538 9.737639 1.841284 0.000000 0.000000 0.000000 0.317424 -1.977503 29.887734 -1.874677 0.609972 8.783126 -6.050194 1.925431 12.129442 7.039352 -2.579020 -17.078775 0.000000 0.000000 0.000000 14.797935 -38.874243 8.924289 -1.320233 -58.700327 -4.303446 19.078578 5.367733 0.684568 0.000000 0.000000 0.000000 -11.530548 28.431847 7.151703 30.232448 76.032241 19.277855 -20.967382 -2.020485 0.739654 0.000000 0.000000 0.000000 
-0.010275 0.899968 -0.073625 -3.879908 6.570678 -4.279352 10.461637 -0.358367 -17.564394 -4.981010 -0.507400 42.450579 4.197539 8.144459 -1.724191 0.000000 0.000000 0.000000 1.324097 2.415807 -24.252040 -4.186541 2.705849 44.270698 4.652054 10.021246 2.588689 0.000000 0.000000 0.000000 0.163358 -1.942635 30.242869 -1.850860 0.616870 8.553378 -5.933520 1.818677 12.869303 6.799163 -2.450977 -17.217104 0.000000 0.000000 0.000000 15.373427 -38.771150 8.702445 -0.636342 -58.637909 -4.596496 18.488091 4.729540 0.582514 0.000000 0.000000 0.000000 -11.987412 29.267551 7.216290 26.685869 77.251030 16.920097 -20.258174 -3.817852 0.968144 0.000000 0.000000 0.000000 
-0.010633 0.904507 -0.076456 -3.750387 6.354622 -4.150768 10.592374 -0.324534 -17.097227 -5.103414 -0.328616 40.937339 3.986624 7.933143 -1.067207 0.000000 0.000000 0.000000 1.148910 2.375737 -24.089946 -4.108643 2.672433 43.083152 4.925508 10.117284 3.425827 0.000000 0.000000 0.000000 0.043383 -1.872337 30.034541 -1.942994 0.668093 8.777465 -5.783693 2.166909 13.239398 6.887513 -2.412345 -17.664295 0.000000 0.000000 0.000000 16.507824 -38.484795 8.348425 -0.220194 -58.782570 -4.913394 18.807859 4.161911 0.518960 0.000000 0.000000 0.000000 -12.429317 29.115261 7.041422 25.428404 77.278286 16.054726 -20.639049 -3.959285 1.009560 0.000000 0.000000 0.000000 
-0.011009 0.907897 -0.079434 -3.613741 6.100840 -3.929273 10.590983 -0.310054 -16.682190 -5.075749 -0.224677 39.441592 3.979585 8.072368 -0.632743 0.000000 0.000000 0.000000 1.164721 2.368975 -23.833667 -4.266141 2.763453 41.928989 4.983701 10.037709 3.760282 0.000000 0.000000 0.000000 -0.135188 -1.770369 29.653387 -1.847006 0.622505 8.691594 -5.879689 2.334546 13.811604 6.702543 -2.233550 -18.054872 0.000000 0.000000 0.000000 17.301308 -37.688855 7.996112 0.769495 -58.496122 -5.426537 19.368225 3.200149 0.404668 0.000000 0.000000 0.000000 -12.453725 29.282172 7.055023 19.149357 76.550388 10.999908 -21.029250 -3.393657 0.936804 0.000000 0.000000 0.000000 
-0.011365 0.909253 -0.082137 -3.484178 5.847961 -3.894743 10.868645 -0.259738 -16.238353 -5.349006 -0.005515 38.225921 3.811620 7.702001 -0.696949 0.000000 0.000000 0.000000 0.986320 2.349360 -23.898316 -4.367182 2.860528 41.743701 5.115887 10.146700 4.056494 0.000000 0.000000 0.000000 -0.337342 -1.681792 29.494235 -1.925462 0.676797 8.685326 -5.723353 2.617328 14.118303 6.638549 -2.161379 -18.180779 0.000000 0.000000 0.000000 17.673540 -37.564941 7.872626 2.280757 -57.433233 -6.043792 20.547425 2.271304 0.288369 0.000000 0.000000 0.000000 -12.082778 28.866259 7.028444 15.406603 74.644697 7.801993 -22.125393 -0.961971 0.591097 0.000000 0.000000 0.000000 
-0.011608 0.908972 -0.084298 -3.347235 5.712439 -3.977253 10.657767 -0.270945 -15.933463 -5.508858 0.101468 37.864794 3.862929 7.824127 -0.649651 0.000000 0.000000 0.000000 1.041934 2.385026 -24.099724 -4.630199 3.034231 41.937475 5.211082 10.361698 4.057658 0.000000 0.000000 0.000000 -0.267879 -1.669307 29.268011 -1.990176 0.716189 8.774387 -5.865263 2.518213 14.438014 6.576070 -2.106932 -18.439298 0.000000 0.000000 0.000000 18.000015 -37.075782 7.686864 3.369184 -56.387679 -6.363114 21.757867 1.296030 0.146347 0.000000 0.000000 0.000000 -11.889482 29.099532 7.124255 12.164107 72.772687 5.110045 -23.863255 0.528001 0.378127 0.000000 0.000000 0.000000 
-0.011766 0.907624 -0.085868 -3.134662 5.837132 -4.242871 10.493613 -0.282512 -15.561165 -5.692293 0.167870 37.636961 4.029632 8.124784 -0.758070 0.000000 0.000000 0.000000 0.979017 2.366831 -24.103376 -4.901102 3.185824 42.584672 5.175858 10.472392 3.764394 0.000000 0.000000 0.000000 -0.151772 -1.698845 29.176989 -2.033988 0.739692 8.758738 -5.938391 2.241265 14.690527 6.383047 -1.996008 -18.625239 0.000000 0.000000 0.000000 17.702315 -36.818533 7.682574 3.893483 -55.372851 -6.370241 23.046999 0.810549 0.064719 0.000000 0.000000 0.000000 -11.466891 28.728902 7.125911 11.313714 71.390108 4.239394 -25.074252 2.167360 0.093135 0.000000 0.000000 0.000000 
-0.011883 0.906431 -0.087079 -2.911753 5.913761 -4.493275 10.292661 -0.296895 -15.278588 -6.040538 0.306307 37.732003 4.214302 8.644008 -0.333808 0.000000 0.000000 0.000000 1.019095 2.370076 -24.077943 -5.276137 3.389659 42.968983 5.253266 10.618699 3.811150 0.000000 0.000000 0.000000 0.131510 -1.750825 28.886793 -2.136802 0.793657 8.889110 -6.422965 1.914793 14.969824 6.338402 -1.939356 -19.075374 0.000000 0.000000 0.000000 17.375253 -36.609642 7.695159 3.525036 -54.499645 -6.005270 24.704479 0.186768 -0.055137 0.000000 0.000000 0.000000 -11.041659 28.947020 7.278239 11.200541 69.948197 3.888840 -26.286863 2.626182 0.013331 0.000000 0.000000 0.000000 
-0.011945 0.904987 -0.088093 -2.691847 5.821539 -4.596005 9.980895 -0.326896 -15.414918 -6.182604 0.369121 38.412520 4.448698 9.137957 -0.289933 0.000000 0.000000 0.000000 1.051134 2.386405 -24.132651 -5.557506 3.589131 43.463527 5.152174 10.616737 3.458914 0.000000 0.000000 0.000000 0.329247 -1.765637 28.591057 -2.170682 0.814257 8.975440 -6.735240 1.648167 14.894914 6.193409 -1.907764 -18.907316 0.000000 0.000000 0.000000 16.767581 -36.781825 7.861415 2.396654 -53.511780 -5.297899 26.000020 -0.768159 -0.248804 0.000000 0.000000 0.000000 -10.466146 28.844577 7.406670 11.851624 69.055497 4.100937 -26.753563 3.189031 -0.095313 0.000000 0.000000 0.000000 
-0.011979 0.903636 -0.089071 -2.521498 5.993454 -4.632566 9.699283 -0.372798 -15.786135 -6.250090 0.350270 39.189791 4.543015 9.430799 0.031113 0.000000 0.000000 0.000000 1.085074 2.378075 -24.050497 -5.708567 3.643666 43.623834 5.029139 10.424554 3.313388 0.000000 0.000000 0.000000 0.663530 -1.829787 28.230852 -1.975457 0.690240 9.048753 -7.371072 1.188405 14.906415 6.211950 -1.945888 -19.016032 0.000000 0.000000 0.000000 15.772570 -36.953203 8.129105 1.704894 -52.332594 -4.769860 26.615309 -1.491201 -0.399455 0.000000 0.000000 0.000000 -9.758958 28.909184 7.614553 12.400878 68.258897 4.224705 -26.600110 3.835855 -0.225086 0.000000 0.000000 0.000000 
-0.012267 0.902709 -0.090097 -2.503295 5.893271 -4.695472 9.599236 -0.383720 -15.965456 -6.212603 0.333733 39.756166 4.697155 9.780372 0.154311 0.000000 0.000000 0.000000 1.233472 2.410159 -24.006437 -5.825085 3.735510 43.805327 4.933590 10.345507 3.094935 0.000000 0.000000 0.000000 0.836521 -1.840038 27.945571 -1.901321 0.646426 9.138206 -7.634942 0.797022 14.943687 6.084660 -1.950362 -18.813327 0.000000 0.000000 0.000000 14.994272 -37.141438 8.344275 1.395549 -51.452960 -4.445616 26.645561 -1.646166 -0.422152 0.000000 0.000000 0.000000 -9.421722 29.097581 7.757636 13.079028 67.549679 4.424369 -26.469366 4.163119 -0.289635 0.000000 0.000000 0.000000 
-0.012908 0.903217 -0.091147 -2.526139 5.972319 -4.631191 9.627198 -0.387408 -16.057588 -6.397327 0.403639 39.890239 4.702004 9.842054 0.326170 0.000000 0.000000 0.000000 1.472968 2.442349 -23.851969 -5.968507 3.764115 43.365279 5.001234 10.441654 3.197259 0.000000 0.000000 0.000000 0.924350 -1.853439 27.770832 -1.780999 0.560712 9.413115 -7.735416 0.285579 14.667632 5.824131 -1.803857 -19.080233 0.000000 0.000000 0.000000 13.957422 -37.225955 8.634706 1.317910 -50.913801 -4.250193 26.094068 -1.651725 -0.395278 0.000000 0.000000 0.000000 -8.929461 29.258562 7.951975 14.357120 67.170058 5.014875 -26.238060 4.424066 -0.336715 0.000000 0.000000 0.000000 
-0.013992 0.905000 -0.092523 -2.597901 6.170958 -4.269524 9.789258 -0.391966 -16.355904 -6.361371 0.365893 39.561704 4.552806 9.695090 0.809654 0.000000 0.000000 0.000000 1.535922 2.455070 -23.972078 -5.941502 3.672858 42.785607 5.115903 10.545184 3.456941 0.000000 0.000000 0.000000 0.911927 -1.852612 27.591309 -1.457402 0.367979 9.218587 -7.853528 -0.103258 14.745311 5.744945 -1.715494 -19.640942 0.000000 0.000000 0.000000 13.324765 -37.175698 8.794373 1.233043 -50.760664 -4.154643 24.796005 -1.316520 -0.293619 0.000000 0.000000 0.000000 -8.407784 29.332031 8.122559 15.811129 66.678319 5.713433 -26.471436 4.978981 -0.446644 0.000000 0.000000 0.000000 
-0.015378 0.907205 -0.094360 -2.664683 6.382808 -3.834419 10.102890 -0.383549 -16.786726 -6.301903 0.322661 39.092696 4.309250 9.423373 1.467690 0.000000 0.000000 0.000000 1.627280 2.482923 -24.207366 -6.022180 3.636950 42.184912 5.463260 11.028061 3.961708 0.000000 0.000000 0.000000 0.787008 -1.811853 27.257608 -1.331470 0.284718 9.188305 -7.905769 -0.455577 14.659788 5.458852 -1.549536 -19.800184 0.000000 0.000000 0.000000 12.658392 -37.221825 8.996776 1.068226 -50.670648 -4.040890 23.862558 -0.944267 -0.201218 0.000000 0.000000 0.000000 -7.485590 29.164213 8.332083 17.539505 66.088488 6.544853 -26.299681 5.938273 -0.628491 0.000000 0.000000 0.000000 
-0.016795 0.908902 -0.096832 -2.732971 6.556234 -3.588349 10.200336 -0.390433 -17.037407 -6.040256 0.187512 38.729233 4.186738 9.303249 1.836205 0.000000 0.000000 0.000000 1.606563 2.495543 -24.509359 -5.899411 3.520301 41.814369 5.691468 11.227460 4.455918 0.000000 0.000000 0.000000 0.616399 -1.784544 27.246721 -1.200034 0.198618 9.221089 -7.951678 -0.675837 14.538553 5.094943 -1.331981 -19.882938 0.000000 0.000000 0.000000 12.130242 -37.144885 9.135685 0.853600 -50.870198 -3.956735 23.268076 -0.735399 -0.150960 0.000000 0.000000 0.000000 -6.834275 29.297768 8.548904 19.054624 65.468786 7.274444 -26.383655 6.366783 -0.711624 0.000000 0.000000 0.000000 
-0.018040 0.909638 -0.099714 -2.756758 6.696685 -3.167203 10.135814 -0.426978 -17.627234 -5.779536 0.059974 38.559291 4.101933 9.178671 1.937509 0.000000 0.000000 0.000000 1.539286 2.526587 -25.140039 -5.736768 3.415262 41.819192 5.706031 11.083253 4.722522 0.000000 0.000000 0.000000 0.577297 -1.760939 26.946905 -1.143808 0.153943 9.303911 -7.862651 -0.604629 14.520689 5.052035 -1.306842 -19.738212 0.000000 0.000000 0.000000 11.803366 -37.374504 9.293944 0.504930 -50.884865 -3.847909 23.318537 -0.457583 -0.103109 0.000000 0.000000 0.000000 -6.660719 29.256396 8.599594 19.768388 64.574406 7.529153 -26.332539 6.538792 -0.734000 0.000000 0.000000 0.000000 
-0.019020 0.909673 -0.102656 -2.596373 6.823845 -3.015097 9.917633 -0.467305 -17.811868 -5.551112 -0.059587 38.507873 4.048948 9.005961 1.708138 0.000000 0.000000 0.000000 1.295506 2.501751 -25.569484 -5.623022 3.347757 41.965120 5.786101 11.068898 5.014582 0.000000 0.000000 0.000000 0.530238 -1.763399 27.019447 -1.194617 0.163981 9.595796 -7.933289 -0.499718 14.376703 5.069523 -1.258287 -20.020450 0.000000 0.000000 0.000000 11.413577 -37.588085 9.462055 0.393451 -51.182190 -3.855622 23.439156 -0.429623 -0.100017 0.000000 0.000000 0.000000 -6.486028 29.397761 8.697221 19.834779 63.723672 7.428695 -26.185540 6.722062 -0.760742 0.000000 0.000000 0.000000 
-0.019854 0.909557 -0.105341 -2.454699 6.978884 -3.028829 9.551552 -0.520015 -17.843736 -5.239026 -0.227340 38.507047 3.855837 8.458153 1.194411 0.000000 0.000000 0.000000 1.113065 2.467022 -25.745703 -5.321519 3.176235 42.137938 5.614904 10.720568 4.947618 0.000000 0.000000 0.000000 0.436948 -1.757264 27.104787 -1.285964 0.191409 10.012819 -7.731778 -0.144890 14.269203 5.265368 -1.353056 -19.819576 0.000000 0.000000 0.000000 10.914586 -38.032063 9.707074 0.352384 -51.502590 -3.922307 23.718824 -0.402452 -0.103773 0.000000 0.000000 0.000000 -6.427812 29.511085 8.751572 19.481352 62.931734 7.160893 -26.074885 6.512155 -0.708647 0.000000 0.000000 0.000000 
-0.020447 0.909022 -0.107735 -2.298245 7.226947 -3.035874 9.230598 -0.575668 -17.992137 -5.177328 -0.305604 38.717345 3.744382 8.145091 0.922966 0.000000 0.000000 0.000000 0.860029 2.417546 -26.027118 -5.195151 3.085103 42.526807 5.436071 10.333319 4.914392 0.000000 0.000000 0.000000 0.608574 -1.840594 27.401771 -1.300085 0.172435 10.353444 -7.609557 0.069998 14.184373 5.414159 -1.457479 -19.444058 0.000000 0.000000 0.000000 10.923068 -38.157505 9.737850 0.355253 -51.970344 -4.014821 24.102408 -0.533677 -0.134832 0.000000 0.000000 0.000000 -6.925225 29.687025 8.680378 18.338436 62.665769 6.560610 -25.782206 5.854869 -0.568279 0.000000 0.000000 0.000000 
-0.020791 0.908372 -0.109965 -2.124686 7.380881 -3.382411 8.912097 -0.611714 -17.890599 -4.953556 -0.454326 39.021342 3.640158 7.874573 0.757487 0.000000 0.000000 0.000000 0.529074 2.320559 -25.834239 -5.073174 3.008914 42.849572 5.336626 10.169367 4.809208 0.000000 0.000000 0.000000 0.906851 -1.926806 27.467473 -1.437406 0.233155 10.687169 -7.514343 0.798761 14.323465 5.701262 -1.647823 -18.688113 0.000000 0.000000 0.000000 10.977205 -38.628517 9.814009 0.417120 -52.574884 -4.228822 24.533124 -0.593497 -0.167406 0.000000 0.000000 0.000000 -7.586307 29.579638 8.457732 18.039407 62.173098 6.503904 -25.998359 5.095549 -0.412162 0.000000 0.000000 0.000000 
-0.020794 0.907755 -0.112056 -1.992757 7.480981 -3.856787 8.514929 -0.648217 -17.664814 -4.972800 -0.489116 39.373890 3.523277 7.621090 0.720818 0.000000 0.000000 0.000000 0.478796 2.279282 -25.483931 -5.201799 3.069638 43.165571 5.327015 10.262979 4.624401 0.000000 0.000000 0.000000 1.294431 -2.058509 27.819130 -1.479221 0.264837 10.548977 -7.436564 1.489854 14.653738 6.225547 -1.967737 -18.199919 0.000000 0.000000 0.000000 11.142988 -38.856018 9.791423 0.308399 -53.016446 -4.359808 24.893224 -0.645145 -0.200172 0.000000 0.000000 0.000000 -8.213715 29.499689 8.232649 16.696032 61.934041 5.915801 -25.923155 4.095991 -0.209337 0.000000 0.000000 0.000000 
-0.020606 0.907525 -0.114077 -1.870347 7.819879 -4.347332 8.136356 -0.684849 -17.312881 -4.742270 -0.662340 39.326854 3.439186 7.377685 0.537756 0.000000 0.000000 0.000000 0.210419 2.173623 -25.093674 -5.223652 3.025228 43.468864 5.213867 10.136223 4.414691 0.000000 0.000000 0.000000 1.755740 -2.186226 27.762091 -1.444909 0.202638 11.062187 -7.396836 2.013543 14.764670 6.507666 -2.195817 -17.427307 0.000000 0.000000 0.000000 10.817837 -39.246148 9.947442 0.341641 -53.402873 -4.515812 25.483431 -0.886001 -0.270249 0.000000 0.000000 0.000000 -9.085204 29.471093 7.959456 15.875926 61.497107 5.588500 -26.433799 2.874748 0.044384 0.000000 0.000000 0.000000 
-0.020391 0.907510 -0.116060 -1.631861 8.208674 -4.740924 7.726518 -0.719350 -16.833320 -4.667329 -0.770779 39.330159 3.340806 7.111427 0.378370 0.000000 0.000000 0.000000 -0.079333 2.064358 -24.735058 -5.173953 2.933264 43.778280 5.080159 9.934273 4.248036 0.000000 0.000000 0.000000 1.977462 -2.269416 27.812627 -1.328975 0.107109 11.238389 -7.189893 2.233356 14.738937 6.621632 -2.394159 -16.433465 0.000000 0.000000 0.000000 10.220049 -39.407766 10.129562 -0.150252 -53.786778 -4.394787 26.603294 -1.260324 -0.374242 0.000000 0.000000 0.000000 -9.364080 29.579867 7.893345 14.703141 61.098136 4.998467 -26.519744 2.372428 0.146682 0.000000 0.000000 0.000000 
-0.020371 0.906868 -0.118141 -1.542852 8.477557 -5.244753 7.543022 -0.719459 -16.375941 -4.546419 -0.877853 39.250595 3.235723 6.820868 0.200182 0.000000 0.000000 0.000000 -0.170957 2.015110 -24.507919 -5.248618 2.938057 44.410533 4.897738 9.734363 3.889009 0.000000 0.000000 0.000000 2.192576 -2.327349 27.730866 -1.283296 0.052719 11.489966 -6.770232 2.609993 14.825529 6.638961 -2.451925 -15.889917 0.000000 0.000000 0.000000 9.818133 -39.598327 10.256494 -0.917622 -54.186596 -4.172849 27.927044 -2.141180 -0.605612 0.000000 0.000000 0.000000 -9.928009 29.634232 7.720933 14.290583 60.849518 4.871085 -27.373173 1.893299 0.262162 0.000000 0.000000 0.000000 
-0.020628 0.905435 -0.120188 -1.480034 8.833943 -5.467929 7.533454 -0.719793 -16.199774 -4.542239 -0.957291 39.436677 3.345606 6.898931 -0.155582 0.000000 0.000000 0.000000 -0.210255 1.997523 -24.686331 -5.306631 2.917922 45.225656 4.713514 9.571147 3.456552 0.000000 0.000000 0.000000 2.442793 -2.365908 27.329269 -1.014560 -0.138169 11.590958 -6.630249 2.769673 14.979147 6.426884 -2.381742 -15.279199 0.000000 0.000000 0.000000 9.732235 -39.442553 10.227966 -1.908437 -54.733278 -3.865296 29.161701 -2.599814 -0.757684 0.000000 0.000000 0.000000 -10.596825 29.592363 7.501713 14.725468 61.141560 5.248461 -28.624655 0.920127 0.508256 0.000000 0.000000 0.000000 
-0.021062 0.903592 -0.121913 -1.548867 9.098120 -5.751279 7.447529 -0.729415 -16.103672 -4.385976 -1.130937 40.079121 3.373971 6.708339 -0.759032 0.000000 0.000000 0.000000 -0.090628 2.010482 -24.700651 -5.292292 2.860245 45.737222 4.627378 9.659708 2.986424 0.000000 0.000000 0.000000 2.845116 -2.442639 27.014783 -0.933606 -0.199750 11.551107 -6.198806 2.869484 15.299564 6.333738 -2.342692 -15.055957 0.000000 0.000000 0.000000 10.162893 -39.041223 10.002336 -3.048300 -55.300862 -3.486021 30.360088 -3.159902 -0.944141 0.000000 0.000000 0.000000 -11.438992 29.333544 7.167048 15.603109 61.948030 5.940371 -29.645890 0.015991 0.750873 0.000000 0.000000 0.000000 
-0.021341 0.902254 -0.122550 -1.604671 9.213297 -6.082477 7.475311 -0.708243 -15.783868 -4.131739 -1.309406 40.453776 3.302889 6.332082 -1.290016 0.000000 0.000000 0.000000 -0.055083 2.005579 -24.590298 -5.343800 2.868245 46.074178 4.565616 9.616781 2.818586 0.000000 0.000000 0.000000 3.058837 -2.446592 26.584544 -0.780486 -0.303447 11.579318 -5.927713 2.942618 15.433547 6.525986 -2.472804 -15.002532 0.000000 0.000000 0.000000 10.358635 -38.700279 9.860600 -5.118922 -55.522518 -2.631801 31.110919 -4.244281 -1.246512 0.000000 0.000000 0.000000 -11.601010 29.316531 7.097083 16.890444 62.613353 6.806339 -30.505881 -0.516883 0.914387 0.000000 0.000000 0.000000 
-0.021191 0.901732 -0.121726 -1.558508 9.465606 -6.197253 7.297880 -0.705079 -15.247654 -3.982957 -1.435563 40.520748 3.306678 6.112005 -1.797497 0.000000 0.000000 0.000000 -0.370187 1.903344 -24.291506 -5.110216 2.677223 45.969369 4.604254 9.841452 2.608805 0.000000 0.000000 0.000000 3.234876 -2.377928 25.566462 -0.696372 -0.375957 11.628803 -5.613224 2.516915 15.821431 5.873290 -2.131591 -14.670622 0.000000 0.000000 0.000000 9.997480 -37.989039 9.772751 -7.639326 -55.870951 -1.497091 31.300419 -5.511123 -1.550498 0.000000 0.000000 0.000000 -11.947155 29.674561 7.084684 18.782027 63.199385 7.902282 -31.009674 -0.356296 0.886246 0.000000 0.000000 0.000000 
-0.020659 0.901928 -0.119602 -1.408068 9.575329 -6.570294 7.006249 -0.678949 -14.262455 -3.849470 -1.489865 40.107575 3.310079 6.005887 -2.023880 0.000000 0.000000 0.000000 -0.513853 1.819040 -23.454394 -5.113975 2.650994 45.871150 4.349676 9.424420 2.312842 0.000000 0.000000 0.000000 3.274987 -2.298738 24.846427 -0.612724 -0.459636 11.948979 -5.246445 2.388992 15.623055 5.245928 -1.844919 -13.855242 0.000000 0.000000 0.000000 9.557507 -37.462557 9.753845 -10.517961 -55.732487 -0.194392 31.080569 -6.784713 -1.840207 0.000000 0.000000 0.000000 -11.713922 29.857532 7.200206 21.145142 63.520844 9.279693 -31.228969 0.195005 0.756474 0.000000 0.000000 0.000000 
-0.019960 0.902021 -0.117278 -1.237440 9.732617 -6.786233 6.771663 -0.647000 -13.249582 -3.618758 -1.572887 39.447954 3.231963 5.687958 -2.323295 0.000000 0.000000 0.000000 -0.927083 1.687217 -22.827389 -5.050652 2.580427 45.769756 4.346612 9.431696 2.294113 0.000000 0.000000 0.000000 3.249448 -2.189873 23.953514 -0.487644 -0.560998 12.097162 -5.017318 2.195232 15.662021 4.427319 -1.313365 -13.734688 0.000000 0.000000 0.000000 9.403587 -37.186557 9.718567 -12.145149 -55.798749 0.543170 29.812747 -6.997895 -1.782053 0.000000 0.000000 0.000000 -11.751188 30.220302 7.280044 23.440658 63.559464 10.564927 -30.962240 0.796421 0.598268 0.000000 0.000000 0.000000 
-0.019415 0.902279 -0.115784 -1.141951 9.709003 -6.881213 6.633138 -0.617363 -12.510842 -3.501570 -1.598048 39.150394 3.306467 5.719384 -2.595373 0.000000 0.000000 0.000000 -1.056306 1.635660 -22.351424 -5.038503 2.578428 45.689750 4.332439 9.525517 2.097410 0.000000 0.000000 0.000000 3.190614 -2.098612 23.311159 -0.294502 -0.667872 11.920627 -4.946061 2.055181 15.769004 4.101900 -1.111032 -13.679944 0.000000 0.000000 0.000000 9.711965 -37.258975 9.651536 -12.480309 -55.413115 0.694079 27.765254 -6.933307 -1.604624 0.000000 0.000000 0.000000 -11.556835 30.859731 7.499965 24.452372 63.674610 11.128494 -30.115384 1.180653 0.471976 0.000000 0.000000 0.000000 
-0.019267 0.902076 -0.115830 -0.919281 9.822577 -6.915280 6.457936 -0.625576 -12.362486 -3.569254 -1.588838 39.214843 3.117291 5.302320 -2.603655 0.000000 0.000000 0.000000 -1.078243 1.626931 -22.372580 -5.160049 2.633218 46.080595 4.294790 9.343214 2.240119 0.000000 0.000000 0.000000 2.853763 -2.039552 23.349958 -0.202700 -0.690957 11.474609 -4.792288 1.501403 16.063312 3.281864 -0.573426 -13.947177 0.000000 0.000000 0.000000 10.784379 -37.320254 9.371874 -11.556392 -55.769461 0.371675 25.414991 -5.361123 -1.111119 0.000000 0.000000 0.000000 -12.530934 30.475331 7.122147 25.722331 64.781426 12.107890 -28.657352 0.958322 0.472861 0.000000 0.000000 0.000000 
-0.019263 0.901672 -0.117411 -0.835513 9.971738 -6.671394 6.325814 -0.658292 -12.632717 -3.616993 -1.590438 39.258166 3.273537 5.421092 -3.073870 0.000000 0.000000 0.000000 -1.245125 1.602571 -22.726432 -5.043048 2.544458 46.447070 4.472372 9.680859 2.372449 0.000000 0.000000 0.000000 2.386331 -1.988466 23.628947 -0.002648 -0.796665 11.195930 -4.705760 0.908860 16.039618 2.379156 0.032076 -14.361184 0.000000 0.000000 0.000000 12.529987 -37.645431 8.987624 -8.914875 -56.657146 -0.709056 22.751961 -2.687675 -0.498048 0.000000 0.000000 0.000000 -14.175963 30.891298 6.791175 25.357363 65.817136 12.143687 -27.437667 -0.232959 0.681070 0.000000 0.000000 0.000000 
-0.019181 0.901459 -0.119995 -0.738252 10.002289 -6.336908 6.258542 -0.698568 -13.157999 -3.850926 -1.484503 39.342167 3.208113 5.374759 -2.882215 0.000000 0.000000 0.000000 -1.400520 1.606257 -23.507487 -5.076144 2.578274 46.902035 4.442711 9.389464 2.716991 0.000000 0.000000 0.000000 2.045582 -1.958943 23.966274 -0.097686 -0.745782 11.296007 -4.539024 0.596858 15.355365 1.139923 0.768649 -13.716948 0.000000 0.000000 0.000000 13.401698 -38.399385 8.931785 -7.510140 -57.166535 -1.256953 20.976081 -0.747082 -0.142185 0.000000 0.000000 0.000000 -14.673569 30.946489 6.728507 24.220878 66.228194 11.511193 -25.566188 -0.091368 0.583217 0.000000 0.000000 0.000000 
-0.018772 0.902169 -0.123106 -0.753685 9.861349 -6.024386 6.186107 -0.717251 -13.345147 -3.894375 -1.382773 38.718609 3.257184 5.504916 -2.843813 0.000000 0.000000 0.000000 -1.507985 1.607809 -23.880211 -4.957604 2.545414 46.705223 4.731555 9.739603 3.246546 0.000000 0.000000 0.000000 2.008236 -2.031017 24.741821 -0.195235 -0.668408 11.199999 -4.616548 0.277429 15.188848 0.344398 1.277502 -13.856946 0.000000 0.000000 0.000000 15.017028 -38.513186 8.518052 -5.418543 -58.640999 -2.221329 19.376695 1.330355 0.165394 0.000000 0.000000 0.000000 -16.389494 30.809771 6.273247 22.894919 66.658568 10.785056 -24.078076 -0.391504 0.586993 0.000000 0.000000 0.000000 
-0.018214 0.903362 -0.126319 -0.665110 9.759958 -5.320785 6.014904 -0.765116 -13.778077 -3.821479 -1.301153 37.702047 3.225069 5.456357 -2.812952 0.000000 0.000000 0.000000 -2.008822 1.530232 -24.504706 -4.691220 2.427817 46.353811 4.848185 9.888069 3.446207 0.000000 0.000000 0.000000 2.138235 -2.092371 25.063287 -0.341291 -0.575828 11.222078 -4.719096 0.087430 14.916818 -0.151011 1.560229 -13.574860 0.000000 0.000000 0.000000 16.340474 -38.604255 8.202114 -5.222779 -59.985261 -2.348754 18.853359 2.610599 0.335864 0.000000 0.000000 0.000000 -17.784249 30.061807 5.812527 22.648087 67.105412 10.747120 -23.106570 -0.426490 0.566486 0.000000 0.000000 0.000000 
-0.017998 0.905009 -0.129413 -0.539070 9.736945 -4.782686 5.622263 -0.840166 -14.278025 -3.694967 -1.298734 37.144017 3.080340 5.328409 -2.423107 0.000000 0.000000 0.000000 -2.375690 1.471647 -25.084269 -4.494168 2.328760 46.068932 5.009075 9.971090 3.908356 0.000000 0.000000 0.000000 2.383392 -2.208420 25.592850 -0.476465 -0.478945 11.067327 -4.924346 -0.474781 15.199196 -0.587803 1.793343 -13.626625 0.000000 0.000000 0.000000 16.827387 -38.022778 7.943323 -5.922519 -61.318876 -1.943414 19.224384 3.046179 0.411554 0.000000 0.000000 0.000000 -19.040648 29.439972 5.429447 21.316847 67.712758 9.905541 -22.500476 -0.164734 0.500084 0.000000 0.000000 0.000000 
-0.018484 0.906511 -0.132036 -0.461311 9.900650 -4.253210 5.326438 -0.911582 -14.763278 -3.596294 -1.318357 36.656045 2.848120 4.980597 -2.094457 0.000000 0.000000 0.000000 -2.559264 1.433374 -25.426051 -4.374762 2.224085 45.676448 4.980233 10.026155 3.724359 0.000000 0.000000 0.000000 2.512338 -2.289547 25.905786 -0.465750 -0.494024 11.079334 -5.091221 -0.682866 15.416087 -0.757309 1.844075 -12.982113 0.000000 0.000000 0.000000 17.174388 -37.660997 7.789152 -6.309829 -62.609998 -1.775970 19.541544 3.258748 0.454399 0.000000 0.000000 0.000000 -20.044211 28.553787 5.054571 20.845197 68.196865 9.702410 -22.117211 -0.150114 0.489075 0.000000 0.000000 0.000000 
-0.019964 0.906991 -0.134179 -0.407270 9.886524 -3.877397 5.214905 -0.966243 -15.319313 -3.798052 -1.220325 36.640316 2.856051 5.107523 -1.877448 0.000000 0.000000 0.000000 -2.421036 1.481896 -25.811847 -4.340990 2.209880 45.691811 4.918524 9.913664 3.679739 0.000000 0.000000 0.000000 2.560938 -2.383590 26.582117 -0.598161 -0.379906 10.678668 -5.155096 -0.871950 15.884169 -0.545990 1.677904 -13.017907 0.000000 0.000000 0.000000 17.259849 -36.900783 7.616112 -7.602025 -63.528977 -1.085094 20.616885 2.870658 0.432992 0.000000 0.000000 0.000000 -20.472386 28.071468 4.877468 19.718959 68.754943 9.031216 -22.141083 -0.473744 0.541835 0.000000 0.000000 0.000000 
-0.022196 0.907149 -0.135833 -0.590437 9.857921 -3.551091 5.335145 -0.999605 -15.924697 -3.833454 -1.202155 36.711850 2.904330 5.350953 -1.591638 0.000000 0.000000 0.000000 -2.028713 1.594049 -26.237159 -4.289138 2.183949 45.829761 4.891735 9.956793 3.517043 0.000000 0.000000 0.000000 2.385281 -2.401346 27.052631 -0.623494 -0.359236 10.632197 -5.160837 -0.581690 15.941900 -0.040683 1.277011 -12.007284 0.000000 0.000000 0.000000 17.480756 -36.234145 7.478237 -9.427544 -64.219543 -0.197741 21.461999 2.174528 0.348649 0.000000 0.000000 0.000000 -20.343416 27.454962 4.780498 19.367740 69.068285 8.971888 -22.063414 -0.581346 0.560211 0.000000 0.000000 0.000000 
-0.024558 0.906817 -0.137160 -0.713870 9.755135 -3.175534 5.636571 -1.011847 -16.550321 -4.122410 -1.089767 37.187609 3.084510 5.670874 -1.761747 0.000000 0.000000 0.000000 -1.667105 1.703711 -26.605746 -4.133043 2.116078 45.728523 4.637808 9.568020 3.199558 0.000000 0.000000 0.000000 2.307534 -2.405017 27.265023 -0.845484 -0.202597 10.373861 -5.026913 -0.653760 16.179299 0.239080 0.976156 -10.997877 0.000000 0.000000 0.000000 17.008254 -35.701330 7.504231 -12.284655 -64.260944 1.395398 22.099924 0.998828 0.180258 0.000000 0.000000 0.000000 -20.276391 27.097755 4.742165 18.964513 69.669523 8.777702 -22.100273 -0.924533 0.617544 0.000000 0.000000 0.000000 
-0.026296 0.906844 -0.138266 -0.874803 9.849271 -3.146688 5.640159 -1.030701 -16.773159 -4.160740 -1.092478 37.218640 3.365314 6.372260 -1.525093 0.000000 0.000000 0.000000 -1.096391 1.832828 -26.579091 -4.150732 2.093161 45.770682 4.422172 9.084081 3.167984 0.000000 0.000000 0.000000 2.057828 -2.397029 27.635050 -0.767762 -0.235824 10.144047 -4.961478 -0.475606 16.620173 0.999509 0.408763 -10.591958 0.000000 0.000000 0.000000 17.204755 -34.893214 7.317956 -15.607210 -64.553956 3.154320 22.965509 -0.397239 -0.043093 0.000000 0.000000 0.000000 -20.746252 26.598180 4.503339 18.059571 69.904950 8.331300 -21.751923 -1.156510 0.641567 0.000000 0.000000 0.000000 
-0.027144 0.906919 -0.139223 -0.969824 9.962768 -3.233740 5.805850 -1.021666 -16.878888 -4.366844 -1.052572 37.627285 3.479361 6.646757 -1.445339 0.000000 0.000000 0.000000 -0.859798 1.875587 -26.450124 -4.111077 2.038570 45.786460 4.271537 8.803714 3.049791 0.000000 0.000000 0.000000 2.165868 -2.429861 27.607538 -1.046533 -0.095743 10.454364 -4.660729 -0.369130 16.814825 1.557659 -0.022136 -10.288412 0.000000 0.000000 0.000000 16.992469 -34.726543 7.337330 -17.948564 -64.250536 4.377263 23.640314 -1.926915 -0.309766 0.000000 0.000000 0.000000 -21.203866 26.380864 4.338336 17.048796 69.702084 7.685776 -21.770345 -1.498843 0.698022 0.000000 0.000000 0.000000 
-0.027429 0.907788 -0.140059 -1.135475 9.847951 -3.339297 5.877956 -0.982798 -16.498775 -4.308867 -1.024518 37.080045 3.837731 7.349193 -1.560423 0.000000 0.000000 0.000000 -0.516537 1.948224 -26.121308 -4.259216 2.133976 45.432015 4.081815 8.404187 2.978472 0.000000 0.000000 0.000000 1.898046 -2.335698 27.435410 -1.229681 -0.013665 10.931805 -4.381351 0.203140 16.972452 1.862278 -0.274609 -9.603753 0.000000 0.000000 0.000000 16.008827 -34.780063 7.606012 -20.294370 -63.508993 5.410894 24.343001 -3.955309 -0.693469 0.000000 0.000000 0.000000 -21.357779 26.944313 4.313688 15.529976 68.802405 6.732949 -21.981375 -1.364406 0.680261 0.000000 0.000000 0.000000 
-0.027588 0.909077 -0.140848 -1.273450 9.874818 -3.381891 6.110601 -0.930637 -16.091719 -4.180338 -1.038232 36.388099 3.616631 6.875859 -1.559320 0.000000 0.000000 0.000000 -0.130322 2.017313 -25.761591 -4.363659 2.168644 44.929818 3.939526 8.132082 2.881025 0.000000 0.000000 0.000000 1.653488 -2.253721 27.203877 -1.554423 0.156354 11.308860 -3.833150 0.533465 17.193231 2.133513 -0.517834 -9.046668 0.000000 0.000000 0.000000 15.440147 -34.809545 7.752948 -21.144953 -62.077930 5.555421 25.012826 -5.765645 -1.065917 0.000000 0.000000 0.000000 -21.599179 27.264970 4.259262 14.185167 67.405965 5.766048 -22.036514 -0.467868 0.533216 0.000000 0.000000 0.000000 
-0.027979 0.910871 -0.141810 -1.336463 9.977412 -3.422241 6.222458 -0.900023 -15.763273 -4.141074 -1.030274 35.813673 3.816739 7.329409 -1.460061 0.000000 0.000000 0.000000 0.049728 2.027070 -25.305988 -4.438999 2.172767 44.447308 3.748837 7.697607 2.866657 0.000000 0.000000 0.000000 1.391735 -2.192191 27.148140 -1.666193 0.233125 11.105529 -3.525054 0.860643 17.945302 2.659564 -0.938010 -8.665594 0.000000 0.000000 0.000000 15.234860 -34.526640 7.735141 -21.627164 -60.722522 5.445297 26.191713 -8.091414 -1.607181 0.000000 0.000000 0.000000 -22.000372 27.637898 4.121837 13.715277 66.525624 5.472227 -22.444594 -0.070659 0.475329 0.000000 0.000000 0.000000 
-0.028617 0.912743 -0.142756 -1.602889 9.984952 -3.444094 6.670515 -0.841417 -15.556416 -3.961621 -1.052586 35.031726 3.485822 6.925815 -0.761707 0.000000 0.000000 0.000000 0.478198 2.106584 -25.029076 -4.429464 2.145823 43.735785 3.495291 6.907097 3.223457 0.000000 0.000000 0.000000 1.090393 -2.100199 26.925738 -1.959975 0.397719 11.300147 -3.244040 1.121013 18.093380 2.830141 -1.094611 -8.305257 0.000000 0.000000 0.000000 15.177168 -34.492286 7.750566 -21.185048 -58.947623 4.879602 26.869665 -9.707634 -2.012116 0.000000 0.000000 0.000000 -22.049001 27.720204 4.083583 14.334443 66.056107 5.859921 -23.054188 0.811548 0.338687 0.000000 0.000000 0.000000 
-0.029457 0.914429 -0.143406 -1.741289 10.280709 -3.640954 6.703217 -0.817227 -15.090989 -3.709319 -1.148110 34.292380 3.366495 6.817888 -0.404809 0.000000 0.000000 0.000000 0.605319 2.075971 -24.344118 -4.354157 2.021789 42.893901 3.231715 6.103084 3.601968 0.000000 0.000000 0.000000 0.790871 -2.067321 27.071118 -1.834086 0.321349 11.090402 -3.305011 1.219469 18.441076 3.175984 -1.304420 -8.562836 0.000000 0.000000 0.000000 15.581048 -34.261931 7.612740 -20.483664 -57.404088 4.245900 27.477993 -11.123627 -2.394758 0.000000 0.000000 0.000000 -22.101528 28.363908 4.113320 15.037426 65.524977 6.273577 -23.801944 1.619304 0.204295 0.000000 0.000000 0.000000 
-0.030326 0.915537 -0.143706 -1.885560 10.523020 -3.907438 6.876719 -0.778383 -14.650663 -3.558527 -1.195851 33.647829 3.099657 6.435531 -0.002904 0.000000 0.000000 0.000000 0.775547 2.056244 -23.627134 -4.386653 1.972978 42.201648 2.957579 5.564396 3.437283 0.000000 0.000000 0.000000 0.512847 -1.996298 26.854178 -1.783804 0.272396 11.184390 -3.260378 1.403609 18.485065 3.251174 -1.356484 -8.424734 0.000000 0.000000 0.000000 15.287075 -34.366058 7.703056 -19.566522 -55.871163 3.584528 27.841640 -11.731100 -2.594285 0.000000 0.000000 0.000000 -21.451530 28.686336 4.291155 17.033321 65.254222 7.463745 -24.431434 2.668063 0.019402 0.000000 0.000000 0.000000 
-0.031233 0.915660 -0.144036 -1.859224 10.909528 -4.174397 6.808284 -0.772826 -14.341154 -3.161673 -1.369937 33.203280 2.853789 6.069274 0.317026 0.000000 0.000000 0.000000 0.603595 1.974054 -23.175942 -4.102604 1.744116 42.101979 2.619318 4.706874 3.604052 0.000000 0.000000 0.000000 0.167095 -1.945632 26.895632 -1.752341 0.225820 11.351365 -3.228413 1.393554 18.477793 3.259469 -1.386126 -8.201974 0.000000 0.000000 0.000000 15.682128 -34.573300 7.642832 -18.276560 -55.245704 2.937369 27.864388 -11.744636 -2.617492 0.000000 0.000000 0.000000 -21.246599 28.994740 4.375963 18.387790 64.854386 8.206116 -24.990711 3.929382 -0.216641 0.000000 0.000000 0.000000 
-0.032225 0.915008 -0.144920 -1.740714 11.223746 -4.444989 6.625199 -0.790893 -14.303249 -3.139412 -1.443715 33.461383 2.832157 5.839104 -0.083658 0.000000 0.000000 0.000000 0.489312 1.913995 -22.808744 -4.148828 1.702808 42.292832 2.576866 4.813804 3.187946 0.000000 0.000000 0.000000 -0.140917 -1.922289 27.159186 -1.553843 0.141779 10.696207 -3.184709 1.343259 19.198256 3.236878 -1.367577 -8.195049 0.000000 0.000000 0.000000 15.942976 -35.077690 7.620650 -16.471908 -54.945726 2.110824 27.781404 -10.680530 -2.391863 0.000000 0.000000 0.000000 -20.963764 29.253323 4.426169 19.130120 64.459643 8.548895 -25.096915 4.532712 -0.334618 0.000000 0.000000 0.000000 
-0.033276 0.913854 -0.146420 -1.677316 11.643553 -4.617090 6.461789 -0.833997 -14.634449 -3.025743 -1.591134 33.977644 2.900403 6.046316 0.069005 0.000000 0.000000 0.000000 0.037010 1.815786 -23.119215 -3.503773 1.276503 43.022504 2.350604 4.143061 3.490285 0.000000 0.000000 0.000000 -0.164551 -1.983109 27.513775 -1.281659 -0.025230 10.517939 -3.091234 1.327141 19.461009 3.996165 -1.876373 -8.678368 0.000000 0.000000 0.000000 16.939816 -35.549521 7.445820 -15.081734 -54.880721 1.481717 28.296991 -9.875942 -2.282075 0.000000 0.000000 0.000000 -21.204990 29.584499 4.379787 18.765523 64.128733 8.321962 -25.366969 4.344423 -0.302166 0.000000 0.000000 0.000000 
-0.034397 0.913285 -0.148123 -1.745315 11.583864 -4.795560 6.485895 -0.835457 -14.755289 -3.454245 -1.440071 34.278140 3.229833 6.882222 0.451737 0.000000 0.000000 0.000000 0.062358 1.828525 -23.201544 -3.252775 1.147114 43.411115 2.406887 4.230681 3.569273 0.000000 0.000000 0.000000 -0.048381 -2.043377 27.855566 -1.335333 -0.012178 10.830748 -3.080532 1.932775 19.501450 4.644113 -2.205655 -9.349229 0.000000 0.000000 0.000000 18.680836 -36.153899 7.150945 -13.471426 -55.623407 0.677417 28.783902 -8.457259 -2.033496 0.000000 0.000000 0.000000 -21.665073 29.533713 4.184406 17.077355 63.449923 7.430439 -25.595613 3.241598 -0.078406 0.000000 0.000000 0.000000 
-0.035505 0.913055 -0.149341 -1.609778 11.778618 -4.889994 6.405313 -0.836795 -14.605773 -3.482108 -1.426156 33.978764 3.174519 6.575409 0.014099 0.000000 0.000000 0.000000 -0.055788 1.785863 -23.047724 -3.127565 1.040051 43.425123 2.102801 3.663684 3.279697 0.000000 0.000000 0.000000 -0.262293 -2.067320 28.451540 -1.123161 -0.184387 11.307265 -2.779698 2.340632 18.886296 5.452895 -2.852029 -8.970255 0.000000 0.000000 0.000000 19.183239 -36.708328 7.158984 -12.715737 -55.820477 0.284849 29.216053 -7.795225 -1.934118 0.000000 0.000000 0.000000 -21.833303 29.817496 4.175707 15.019614 62.885409 6.321938 -25.760183 2.453172 0.080676 0.000000 0.000000 0.000000 
-0.036566 0.913282 -0.149907 -1.499874 11.478303 -4.721633 6.176928 -0.879406 -15.005345 -3.557041 -1.384935 34.340200 3.071338 6.426800 0.130845 0.000000 0.000000 0.000000 0.013115 1.824108 -23.219131 -3.076957 1.078885 43.533943 2.012132 3.521231 3.112226 0.000000 0.000000 0.000000 -0.148631 -2.083151 28.588615 -1.196246 -0.182504 12.012829 -2.434794 2.517753 18.099250 5.686059 -3.143947 -8.336276 0.000000 0.000000 0.000000 19.196031 -36.831580 7.219169 -13.490841 -56.232108 0.664894 29.709028 -7.737858 -1.950272 0.000000 0.000000 0.000000 -22.139167 30.029039 4.177708 12.943434 62.611563 5.152750 -25.547789 1.576242 0.250654 0.000000 0.000000 0.000000 
-0.037798 0.913193 -0.150208 -1.255260 11.756146 -4.755155 5.761461 -0.952449 -15.375502 -3.369456 -1.539241 34.802744 2.790482 5.747448 -0.107313 0.000000 0.000000 0.000000 -0.529803 1.691698 -23.186987 -2.900508 0.923957 43.907705 1.921747 3.472692 2.754813 0.000000 0.000000 0.000000 -0.082830 -2.118652 28.604176 -0.948236 -0.428359 12.909675 -1.672679 3.299058 17.398898 6.768721 -4.087352 -7.504537 0.000000 0.000000 0.000000 19.490321 -37.580686 7.341904 -13.186041 -56.430134 0.376146 29.957976 -7.465243 -1.928098 0.000000 0.000000 0.000000 -22.965123 30.344933 3.967160 12.292669 61.475224 4.925162 -25.622680 0.736408 0.435217 0.000000 0.000000 0.000000 
-0.039283 0.912848 -0.151055 -1.014948 11.639566 -4.885225 5.590567 -0.992380 -15.739565 -3.622685 -1.485370 35.558274 2.964376 6.229702 0.162208 0.000000 0.000000 0.000000 -0.798526 1.637704 -23.151543 -2.980915 0.996613 44.155157 1.936319 3.647383 2.435894 0.000000 0.000000 0.000000 0.476494 -2.269399 28.828587 -0.699529 -0.609255 13.257353 -1.281847 4.139882 17.002194 8.097691 -5.177720 -7.079385 0.000000 0.000000 0.000000 19.922022 -37.848356 7.356956 -13.526507 -56.627512 0.343192 29.427811 -7.186673 -1.838121 0.000000 0.000000 0.000000 -23.453740 31.019373 3.878795 11.135176 60.443567 4.421234 -25.414532 -0.403462 0.664820 0.000000 0.000000 0.000000 
-0.040966 0.912504 -0.152722 -0.704994 12.142600 -4.708260 5.308484 -1.095075 -16.487501 -3.975147 -1.453244 36.122321 3.067187 6.655798 0.640642 0.000000 0.000000 0.000000 -1.566844 1.457193 -23.513006 -2.697367 0.739759 44.465001 2.013254 4.070009 1.922434 0.000000 0.000000 0.000000 0.793218 -2.397056 28.938739 -0.262146 -0.977554 13.835097 -0.438358 5.124963 16.490095 8.912799 -5.644336 -7.418206 0.000000 0.000000 0.000000 20.470379 -38.715588 7.449809 -11.787776 -56.599486 -0.687752 28.436371 -6.312622 -1.590790 0.000000 0.000000 0.000000 -24.719063 31.454293 3.518440 10.278726 59.235876 4.199628 -25.260108 -1.568857 0.907225 0.000000 0.000000 0.000000 
-0.042812 0.912259 -0.155126 -0.285898 12.141900 -4.617058 5.037333 -1.168050 -16.992880 -4.214360 -1.385378 36.585983 2.991429 6.623248 0.899918 0.000000 0.000000 0.000000 -1.971222 1.383245 -24.032291 -2.712697 0.762460 44.727988 2.206887 4.484007 2.011370 0.000000 0.000000 0.000000 1.026967 -2.490285 29.264814 0.166622 -1.307302 14.347899 0.401365 6.051810 15.981853 9.573761 -6.160437 -7.168006 0.000000 0.000000 0.000000 21.366985 -38.461344 7.322853 -10.670578 -56.429044 -1.423725 27.423608 -5.790608 -1.430038 0.000000 0.000000 0.000000 -25.637717 32.161333 3.314269 7.754277 58.189637 3.088460 -24.481200 -3.505975 1.249329 0.000000 0.000000 0.000000 
-0.044651 0.911866 -0.157850 0.099410 12.533646 -4.380869 4.895355 -1.250890 -17.614493 -4.241029 -1.412198 36.470173 3.129773 7.241870 1.683952 0.000000 0.000000 0.000000 -2.795535 1.178611 -24.342201 -2.322580 0.478401 44.698366 2.513144 5.160590 2.114871 0.000000 0.000000 0.000000 1.190928 -2.573966 29.371820 0.645709 -1.716093 14.935193 1.882944 7.110331 15.530681 9.648512 -6.188951 -6.916708 0.000000 0.000000 0.000000 22.420899 -37.356297 7.143461 -9.505710 -56.825575 -2.327148 26.311064 -5.542875 -1.328495 0.000000 0.000000 0.000000 -26.513950 32.317909 3.013397 6.890547 57.331617 2.909399 -24.486014 -3.782839 1.314771 0.000000 0.000000 0.000000 
-0.046096 0.912292 -0.160965 0.410399 12.568813 -4.217010 4.709366 -1.301821 -17.900884 -4.210066 -1.396020 36.162733 2.952570 6.742319 1.321893 0.000000 0.000000 0.000000 -3.355138 1.051078 -24.682799 -2.121889 0.367595 44.922533 2.596958 5.444022 1.939814 0.000000 0.000000 0.000000 1.625328 -2.739573 29.758322 1.146390 -2.018341 14.699755 3.222942 8.514046 15.685341 10.841287 -7.094512 -6.802700 0.000000 0.000000 0.000000 23.456455 -36.340085 7.021002 -7.104333 -57.010848 -3.920882 25.319732 -5.264262 -1.248908 0.000000 0.000000 0.000000 -26.610977 33.037208 2.959591 5.354647 56.062291 2.388468 -24.223843 -5.275397 1.599809 0.000000 0.000000 0.000000 
-0.046624 0.913041 -0.164506 0.960471 12.780198 -3.790004 4.153858 -1.397051 -18.089439 -4.360919 -1.304141 35.634018 3.211180 7.525369 1.951884 0.000000 0.000000 0.000000 -4.682992 0.723471 -25.091592 -1.334105 -0.069592 44.488614 3.061297 6.412785 2.194937 0.000000 0.000000 0.000000 2.000162 -2.864792 29.839540 1.558462 -2.367872 15.179045 4.843139 9.966023 15.023260 11.266564 -7.741983 -5.515507 0.000000 0.000000 0.000000 26.112609 -35.037994 6.698522 -6.169546 -56.349315 -4.835743 24.250409 -5.738164 -1.317586 0.000000 0.000000 0.000000 -26.413486 33.881679 3.120254 5.863079 54.267472 2.725710 -25.513976 -5.662878 1.825497 0.000000 0.000000 0.000000 
-0.045962 0.914350 -0.168291 1.432237 12.480778 -3.553025 3.600713 -1.435531 -17.843034 -4.480198 -1.115203 34.591287 3.046756 7.254837 2.076174 0.000000 0.000000 0.000000 -5.569904 0.529884 -25.371728 -0.606334 -0.358936 44.083405 3.300992 6.663663 2.781077 0.000000 0.000000 0.000000 2.861754 -3.134776 30.312232 1.927886 -2.594869 15.223721 6.576805 11.732565 14.774052 12.555738 -9.402572 -3.755669 0.000000 0.000000 0.000000 26.365057 -33.721845 6.851383 -4.623260 -54.886890 -5.771784 22.892297 -7.520369 -1.596492 0.000000 0.000000 0.000000 -24.003314 35.101313 4.106223 4.485833 51.985175 2.008208 -26.816040 -5.422159 1.921631 0.000000 0.000000 0.000000 
-0.044228 0.915848 -0.171896 1.996704 12.871408 -3.308718 2.786649 -1.566176 -18.005755 -4.363911 -1.124670 33.640295 3.213248 7.778637 2.542446 0.000000 0.000000 0.000000 -6.782272 0.201201 -25.346400 -0.064194 -0.681080 43.421877 3.969279 8.205820 2.822378 0.000000 0.000000 0.000000 3.932078 -3.498378 30.533355 2.723902 -3.326552 16.385399 7.844862 12.838745 13.535719 12.741823 -10.379910 -1.499923 0.000000 0.000000 0.000000 27.667817 -31.846585 6.854676 -5.883976 -52.390176 -5.188028 22.225482 -12.045989 -2.409105 0.000000 0.000000 0.000000 -22.235388 36.128856 5.053960 4.136431 50.573044 1.757916 -28.548364 -4.889758 1.979199 0.000000 0.000000 0.000000 
-0.041804 0.915611 -0.174637 2.451484 12.147298 -3.210741 2.241932 -1.566212 -17.521790 -4.814976 -0.780983 32.768371 3.307838 7.849029 2.304249 0.000000 0.000000 0.000000 -7.279823 0.135627 -25.430349 -0.082159 -0.503288 43.570039 4.242533 8.811318 2.878309 0.000000 0.000000 0.000000 5.192509 -3.866887 31.040606 3.094153 -3.618576 17.041345 9.580220 13.729284 12.903545 13.613623 -11.417702 -0.890522 0.000000 0.000000 0.000000 27.282573 -29.765376 6.939209 -10.084676 -49.149512 -3.244916 23.491839 -18.658285 -4.034846 0.000000 0.000000 0.000000 -20.078241 36.336929 5.985127 3.961595 49.718523 1.494315 -30.276309 -2.811021 1.635274 0.000000 0.000000 0.000000 
-0.039203 0.915808 -0.176223 2.948833 12.326917 -3.279440 1.307317 -1.612550 -16.875327 -4.611792 -0.810641 31.925229 3.398592 7.810277 1.786034 0.000000 0.000000 0.000000 -8.360423 -0.139758 -25.082923 0.494925 -0.813690 43.329765 4.788401 10.008937 3.004863 0.000000 0.000000 0.000000 6.384922 -4.351510 31.778505 4.084160 -4.519891 18.255030 10.644476 14.066789 11.327726 13.177352 -11.450211 0.279477 0.000000 0.000000 0.000000 26.583937 -27.973234 7.015426 -13.705773 -43.703867 -1.557414 24.852522 -29.539339 -7.077486 0.000000 0.000000 0.000000 -18.028745 36.462035 6.967681 3.658415 49.239180 1.161204 -31.218607 -0.529663 1.139468 0.000000 0.000000 0.000000 
-0.036942 0.915429 -0.176854 3.376207 11.429001 -3.031023 0.798776 -1.619578 -16.533844 -4.983768 -0.501466 31.122895 3.476629 7.941680 1.758887 0.000000 0.000000 0.000000 -8.659873 -0.142127 -25.424294 0.497755 -0.622227 43.663642 5.091379 10.662261 3.103169 0.000000 0.000000 0.000000 7.393543 -4.698231 32.522806 4.739824 -5.035593 19.056943 11.146116 14.386242 10.228186 13.583048 -11.919719 0.590413 0.000000 0.000000 0.000000 25.510657 -26.193849 7.038941 -18.682337 -37.999701 -0.109587 26.966729 -40.527754 -11.130945 0.000000 0.000000 0.000000 -16.213767 35.785343 7.604454 3.853189 49.391210 1.078408 -31.979201 1.538927 0.654196 0.000000 0.000000 0.000000 
-0.035192 0.915859 -0.177180 3.804246 10.978164 -2.575444 0.180757 -1.666278 -16.354431 -5.112593 -0.336874 30.182774 3.468919 7.867364 1.611658 0.000000 0.000000 0.000000 -9.258919 -0.252994 -25.783981 0.776385 -0.655479 43.656339 5.573670 11.622965 3.363902 0.000000 0.000000 0.000000 8.319076 -5.137166 33.549755 5.536239 -5.746659 20.116184 10.893597 14.420735 8.011130 13.211602 -11.559663 0.796952 0.000000 0.000000 0.000000 24.507232 -25.080106 7.059090 -23.069796 -32.633579 0.600343 28.663473 -48.929424 -14.781621 0.000000 0.000000 0.000000 -14.805884 35.659655 8.300664 4.288556 49.514536 1.085520 -31.843372 3.143817 0.251217 0.000000 0.000000 0.000000 
-0.034026 0.916281 -0.177741 4.156939 9.440644 -1.639040 -0.042708 -1.744145 -16.974980 -5.510279 0.001107 29.862708 4.011107 8.900678 1.531504 0.000000 0.000000 0.000000 -9.194845 -0.106022 -26.676735 0.197268 -0.002629 43.100638 5.608528 12.063352 2.876463 0.000000 0.000000 0.000000 8.959762 -5.301488 34.129173 5.511135 -5.622955 20.567741 10.947371 14.284051 6.822919 13.258557 -11.472340 0.654109 0.000000 0.000000 0.000000 23.040484 -24.218925 7.010081 -26.915173 -28.503055 0.826637 29.224203 -54.996778 -17.163613 0.000000 0.000000 0.000000 -14.341228 35.887309 8.657335 4.646858 49.347567 1.066473 -31.732222 4.946790 -0.217081 0.000000 0.000000 0.000000 
-0.033294 0.917138 -0.178774 4.523877 8.732737 -0.534189 -0.616624 -1.907203 -17.807429 -5.710752 0.188609 29.015813 4.357293 9.647686 1.701166 0.000000 0.000000 0.000000 -9.326259 -0.076137 -27.659106 -0.196400 0.362421 42.272605 5.722336 12.470281 2.713356 0.000000 0.000000 0.000000 10.116171 -5.787551 34.856308 5.921144 -5.813056 20.532005 10.323689 14.103588 5.418250 13.178031 -11.358396 0.752281 0.000000 0.000000 0.000000 21.252395 -23.993018 7.063417 -29.783728 -24.912677 0.697892 29.888622 -58.756409 -18.874547 0.000000 0.000000 0.000000 -14.071430 35.879565 8.887619 4.948641 49.173610 1.087532 -31.020745 5.866381 -0.436194 0.000000 0.000000 0.000000 
-0.032866 0.917954 -0.179934 4.749646 7.317449 0.382055 -0.865360 -2.013429 -18.622637 -6.142724 0.508835 28.452799 4.859670 10.749685 2.118012 0.000000 0.000000 0.000000 -9.385530 0.038266 -28.756372 -0.501751 0.786089 41.646480 5.681531 12.572211 2.489462 0.000000 0.000000 0.000000 10.575351 -5.872747 35.233779 5.802025 -5.579348 20.643898 9.826396 13.953755 5.057212 13.297676 -11.232061 0.255326 0.000000 0.000000 0.000000 20.600732 -23.979876 7.041237 -32.302475 -23.033974 0.564807 30.986271 -60.576125 -20.084610 0.000000 0.000000 0.000000 -13.901603 36.521791 9.190392 3.337734 47.711045 0.310811 -30.714092 6.510600 -0.593081 0.000000 0.000000 0.000000 
-0.032665 0.918984 -0.180839 5.017953 6.160354 1.250826 -0.903005 -2.073508 -19.301426 -6.434216 0.744281 27.662963 4.910339 11.127774 3.152947 0.000000 0.000000 0.000000 -9.197482 0.206371 -29.589616 -1.045434 1.250022 40.369662 5.917850 13.069369 2.640269 0.000000 0.000000 0.000000 10.949465 -5.990089 35.777943 5.493602 -5.165844 20.349214 9.766111 13.930484 4.694825 13.356229 -11.238739 0.217025 0.000000 0.000000 0.000000 19.070544 -24.019095 7.079956 -34.421329 -21.711690 0.473266 31.562386 -61.271626 -20.525046 0.000000 0.000000 0.000000 -13.505143 36.827016 9.483855 1.867542 46.235384 -0.344009 -30.536048 7.869039 -0.907911 0.000000 0.000000 0.000000 
-0.032556 0.920613 -0.181407 5.119991 5.116146 1.883468 -0.903823 -2.082114 -19.603958 -6.690918 0.942041 26.883822 4.967473 11.287878 3.420821 0.000000 0.000000 0.000000 -9.081634 0.350835 -30.062379 -1.257954 1.503973 39.499739 5.796309 13.132588 2.221469 0.000000 0.000000 0.000000 11.354134 -6.035750 35.864856 5.610677 -5.209266 20.914269 9.210943 14.013125 3.917472 13.508468 -10.991906 -0.649475 0.000000 0.000000 0.000000 17.259660 -24.156003 7.175049 -36.308384 -20.402241 0.350452 32.200435 -61.121367 -20.736872 0.000000 0.000000 0.000000 -13.105187 37.223536 9.830592 0.275369 44.685987 -0.948362 -30.110437 9.109458 -1.181184 0.000000 0.000000 0.000000 
-0.032415 0.922332 -0.181870 5.123717 4.300737 2.228726 -0.999707 -2.082092 -19.668663 -6.553636 0.973348 26.117290 5.117834 11.822806 4.600077 0.000000 0.000000 0.000000 -8.798857 0.513246 -30.396000 -1.563865 1.755233 38.750044 5.990119 13.334816 2.605062 0.000000 0.000000 0.000000 11.768692 -6.148493 36.193258 5.599391 -5.088058 20.758411 9.076774 14.257695 3.897085 14.424834 -11.043938 -2.529096 0.000000 0.000000 0.000000 15.636025 -23.937663 7.211679 -38.192563 -20.686965 0.537334 32.219885 -59.534271 -20.040322 0.000000 0.000000 0.000000 -14.700479 36.739329 9.113389 0.742402 44.060565 -0.716169 -29.911192 9.617341 -1.256804 0.000000 0.000000 0.000000 
-0.032297 0.923805 -0.182499 5.197445 3.983554 2.318557 -1.338500 -2.156249 -19.924217 -6.353473 0.935648 25.935601 5.285267 12.221032 5.082385 0.000000 0.000000 0.000000 -8.827418 0.539949 -30.278439 -1.697982 1.846275 38.187393 5.893962 13.192842 2.498388 0.000000 0.000000 0.000000 12.148272 -6.242425 36.188108 5.770650 -5.081461 20.047951 8.858406 14.210009 4.176929 15.109815 -11.023972 -4.103178 0.000000 0.000000 0.000000 14.138081 -24.198066 7.294882 -39.419783 -20.826794 0.667492 31.614479 -58.650361 -19.209426 0.000000 0.000000 0.000000 -14.612023 36.584162 9.085507 0.059327 43.770625 -0.944708 -29.192005 9.264087 -1.154554 0.000000 0.000000 0.000000 
-0.032396 0.925413 -0.183254 5.238930 3.782708 2.473908 -1.602371 -2.234974 -20.283868 -6.389900 0.966483 25.857346 5.416118 12.639576 6.015793 0.000000 0.000000 0.000000 -8.838080 0.560427 -30.341358 -1.646814 1.824800 37.519762 5.824126 12.938166 2.613550 0.000000 0.000000 0.000000 12.424006 -6.339565 36.288093 5.786400 -5.008707 19.595369 8.761424 14.654982 4.240462 15.751711 -10.904154 -5.749274 0.000000 0.000000 0.000000 12.894036 -24.398476 7.408338 -41.496329 -21.863532 1.060879 30.290939 -57.273051 -17.934773 0.000000 0.000000 0.000000 -14.918620 36.109564 8.845773 0.232823 43.881045 -0.815803 -28.793688 8.209567 -0.895545 0.000000 0.000000 0.000000 
-0.032945 0.926844 -0.184061 5.638607 3.672535 2.715642 -1.870074 -2.277082 -20.309852 -6.663692 1.063981 25.232351 5.602405 13.065864 6.548483 0.000000 0.000000 0.000000 -9.052086 0.520622 -30.190690 -1.663702 1.819244 36.805944 5.584503 12.449609 2.493550 0.000000 0.000000 0.000000 12.453745 -6.304426 36.099396 5.932256 -5.063969 19.340106 8.420834 14.502950 4.203328 15.800565 -10.610176 -6.620690 0.000000 0.000000 0.000000 11.252885 -24.522800 7.470989 -42.946861 -21.405493 1.062209 27.628251 -56.341843 -15.918391 0.000000 0.000000 0.000000 -14.571700 36.151871 8.996839 -0.764639 44.490814 -1.166084 -28.234589 6.693122 -0.572979 0.000000 0.000000 0.000000 
-0.034233 0.927741 -0.184854 5.946122 3.590990 2.870175 -2.154503 -2.335355 -20.431306 -6.879459 1.135308 24.621301 5.757513 13.471273 7.321792 0.000000 0.000000 0.000000 -9.185850 0.496799 -29.876467 -1.559396 1.748606 35.977153 5.397213 11.910533 2.602066 0.000000 0.000000 0.000000 12.385675 -6.212917 35.793650 5.973980 -5.050634 19.087355 8.232160 14.514287 3.939408 15.983673 -10.370906 -7.598258 0.000000 0.000000 0.000000 9.935709 -24.950651 7.605819 -44.985344 -21.095809 1.122081 23.906393 -54.999600 -13.316636 0.000000 0.000000 0.000000 -14.161635 35.774268 9.058256 -1.086171 45.164726 -1.284134 -27.704242 5.875433 -0.400636 0.000000 0.000000 0.000000 
-0.036326 0.928772 -0.185743 5.995952 3.583163 2.801918 -2.149121 -2.306285 -20.198844 -7.090987 1.199398 24.247843 6.171829 14.168627 7.273047 0.000000 0.000000 0.000000 -9.043583 0.530175 -29.526077 -1.425836 1.677749 35.653692 5.181214 11.329532 2.668063 0.000000 0.000000 0.000000 12.385382 -6.144189 35.467127 5.824174 -4.929826 18.949667 8.170159 13.988086 3.785162 15.724929 -10.095760 -7.841463 0.000000 0.000000 0.000000 9.060586 -25.126124 7.654594 -46.785489 -19.867473 0.841899 19.516601 -55.231318 -10.782698 0.000000 0.000000 0.000000 -13.309095 35.634662 9.319521 -1.241615 45.849815 -1.445889 -27.752731 6.258376 -0.503688 0.000000 0.000000 0.000000 
-0.039150 0.929532 -0.186927 5.933810 3.702383 2.455570 -2.144821 -2.241850 -19.645619 -6.896321 1.122343 23.823860 6.455827 14.615066 7.037219 0.000000 0.000000 0.000000 -8.773883 0.577701 -29.069399 -1.152285 1.527406 35.148063 5.151904 10.764683 3.328991 0.000000 0.000000 0.000000 12.157048 -6.086389 35.601995 6.069939 -5.045302 18.371644 8.111614 13.602730 3.862940 15.404710 -9.784430 -8.076099 0.000000 0.000000 0.000000 8.824452 -25.153568 7.655224 -48.528638 -18.645847 0.439447 14.683743 -55.537719 -8.118978 0.000000 0.000000 0.000000 -12.850361 35.427449 9.394708 -1.543510 46.772023 -1.615640 -28.136161 6.165801 -0.509327 0.000000 0.000000 0.000000 
-0.042360 0.929878 -0.188569 5.971803 3.618563 2.357040 -1.992854 -2.199836 -19.503804 -7.156969 1.208633 23.551754 6.527313 14.687651 6.752906 0.000000 0.000000 0.000000 -8.532694 0.640915 -28.908420 -0.910660 1.419472 34.744670 5.102593 10.153272 4.019032 0.000000 0.000000 0.000000 11.821398 -5.930651 35.501250 5.908434 -4.863206 17.865953 8.356947 12.615937 3.948645 14.693050 -9.339117 -7.937045 0.000000 0.000000 0.000000 8.972952 -24.998569 7.582271 -49.090934 -16.531516 -0.292004 9.147955 -56.605981 -5.035786 0.000000 0.000000 0.000000 -12.611870 35.367281 9.426632 -1.969190 47.594965 -1.927714 -29.245334 6.821484 -0.702467 0.000000 0.000000 0.000000 
-0.045689 0.929880 -0.190553 5.903716 4.194251 2.257987 -1.790216 -2.183256 -19.505090 -7.188257 1.168632 23.411056 6.314407 14.320987 6.572463 0.000000 0.000000 0.000000 -8.437285 0.607612 -28.841807 -0.469333 1.148757 34.583583 5.497220 10.331661 5.096196 0.000000 0.000000 0.000000 11.689140 -5.943519 35.404628 6.278916 -5.072371 17.129457 8.215760 12.141419 4.042300 14.159877 -8.927022 -8.000017 0.000000 0.000000 0.000000 9.799550 -24.220511 7.358115 -49.695377 -14.983969 -0.967891 1.141263 -58.476340 -0.736125 0.000000 0.000000 0.000000 -12.185430 35.264469 9.530598 -3.283023 47.795038 -2.458061 -29.341460 7.164848 -0.799599 0.000000 0.000000 0.000000 
-0.048850 0.930154 -0.192591 5.778159 4.769052 2.086740 -1.531460 -2.142274 -19.373538 -7.303318 1.157135 23.439255 5.809453 13.340711 5.877114 0.000000 0.000000 0.000000 -8.544294 0.524897 -28.855206 0.308641 0.740285 34.881112 5.618940 10.207801 5.695531 0.000000 0.000000 0.000000 11.423344 -5.824283 34.880022 6.359111 -5.250946 17.644645 8.091633 12.127679 3.356891 13.510832 -8.765486 -6.879362 0.000000 0.000000 0.000000 10.287852 -24.544542 7.426411 -49.264269 -13.500776 -1.499257 -3.904148 -59.293667 1.996701 0.000000 0.000000 0.000000 -12.268247 35.092571 9.487149 -3.578863 47.232260 -2.499803 -29.874082 7.333511 -0.840185 0.000000 0.000000 0.000000 
-0.051794 0.930106 -0.194436 5.499739 5.207005 1.670036 -1.334469 -2.110908 -19.253053 -7.349814 1.135070 23.686177 5.663063 13.122818 6.006358 0.000000 0.000000 0.000000 -8.161472 0.568645 -28.632379 0.956244 0.395300 35.035359 5.974220 10.095032 7.066942 0.000000 0.000000 0.000000 11.506692 -6.011883 35.481519 6.293865 -5.013484 15.981420 8.214431 12.110623 3.649197 13.195769 -8.361467 -7.397930 0.000000 0.000000 0.000000 10.709619 -23.564373 7.197462 -48.935538 -12.431900 -1.959170 -12.471341 -59.869621 6.806197 0.000000 0.000000 0.000000 -11.138455 35.764240 10.068947 -4.147859 45.690521 -2.655771 -27.918284 7.929941 -0.932416 0.000000 0.000000 0.000000 
-0.054530 0.929432 -0.195721 5.537826 6.122671 1.327101 -1.061203 -2.084630 -19.188161 -7.471287 1.101576 24.473594 5.496957 12.591996 4.755818 0.000000 0.000000 0.000000 -8.521054 0.393821 -27.956217 1.358828 0.102324 34.403579 5.253711 9.238101 5.954397 0.000000 0.000000 0.000000 11.338702 -5.947396 34.915352 6.223695 -5.025945 15.859410 7.961000 12.192212 3.561572 13.063273 -8.254120 -7.346194 0.000000 0.000000 0.000000 10.512850 -23.655530 7.246294 -47.604005 -11.537104 -2.190436 -15.187632 -60.730431 8.281312 0.000000 0.000000 0.000000 -10.693764 35.166482 10.044414 -2.254561 44.768429 -1.947637 -26.863348 7.623660 -0.816083 0.000000 0.000000 0.000000 
-0.057215 0.928040 -0.196444 5.440943 4.634070 1.547544 -0.436423 -2.010643 -19.659001 -7.440118 1.226248 24.775599 5.538916 12.478424 4.067388 0.000000 0.000000 0.000000 -8.061768 0.640081 -28.222367 1.436575 0.257902 34.350084 4.376924 7.019819 6.300804 0.000000 0.000000 0.000000 10.542644 -5.460979 34.773511 5.605393 -4.223642 13.654413 7.712501 12.720526 5.487272 12.945322 -7.996695 -8.039146 0.000000 0.000000 0.000000 9.853793 -24.137077 7.366099 -47.938016 -11.164453 -2.436508 -16.348068 -60.828947 8.881777 0.000000 0.000000 0.000000 -7.021026 34.955582 11.211818 -0.837304 41.862729 -1.588684 -28.084012 10.090050 -1.385654 0.000000 0.000000 0.000000 
-0.059919 0.927842 -0.196926 5.449649 5.314881 1.771415 -0.540243 -2.081230 -20.008974 -5.729565 0.614442 25.366760 4.008850 9.067407 2.000078 0.000000 0.000000 0.000000 -8.537563 0.473679 -27.951695 2.639711 -0.342167 33.333911 3.389098 6.121067 4.054307 0.000000 0.000000 0.000000 9.239869 -5.157548 35.070925 6.196811 -4.644018 13.659983 7.671185 13.796617 4.233349 12.739755 -7.167064 -9.804174 0.000000 0.000000 0.000000 6.742066 -19.943205 6.427353 -42.404768 -11.247117 -1.765072 -24.632335 -62.900893 13.583111 0.000000 0.000000 0.000000 -8.976609 32.656907 9.839379 5.963370 44.087178 0.768134 -29.720071 10.393551 -1.424968 0.000000 0.000000 0.000000 
-0.062730 0.926455 -0.197634 4.984924 4.056925 2.092689 -0.615193 -2.018377 -19.667276 -3.794644 0.115179 23.718361 3.238690 7.309549 1.336187 0.000000 0.000000 0.000000 -8.275112 0.651013 -27.565153 2.414574 -0.093719 32.842173 2.651504 5.015053 2.920436 0.000000 0.000000 0.000000 7.809085 -4.619361 35.733405 6.917253 -4.681366 11.097346 7.325108 14.592821 4.925741 11.969585 -7.144929 -7.989102 0.000000 0.000000 0.000000 3.229294 -20.628913 6.473348 -41.572357 -9.884719 -1.974566 -27.742158 -61.269565 15.036943 0.000000 0.000000 0.000000 -3.818359 33.069779 11.884015 4.648259 40.542899 -0.075968 -26.055953 13.963733 -1.938128 0.000000 0.000000 0.000000 
