HIERARCHY
ROOT Hips
{
	OFFSET -0.001795 -0.223333 0.028219
	CHANNELS 6 Xposition Yposition Zposition Zrotation Yrotation Xrotation 
	JOINT LeftUpLeg
	{
		OFFSET 0.069520 -0.091406 -0.006815
		CHANNELS 3 Zrotation Yrotation Xrotation
		JOINT LeftLeg
		{
			OFFSET 0.034277 -0.375199 -0.004496
			CHANNELS 3 Zrotation Yrotation Xrotation
			JOINT LeftFoot
			{
				OFFSET -0.013596 -0.397961 -0.043693
				CHANNELS 3 Zrotation Yrotation Xrotation
				JOINT LeftToe
				{
					OFFSET 0.026358 -0.055791 0.119288
					CHANNELS 3 Zrotation Yrotation Xrotation
					End Site
					{
						OFFSET 0.000000 0.000000 0.000000
					}
				}
			}
		}
	}
	JOINT RightUpLeg
	{
		OFFSET -0.067670 -0.090522 -0.004320
		CHANNELS 3 Zrotation Yrotation Xrotation
		JOINT RightLeg
		{
			OFFSET -0.038290 -0.382569 -0.008850
			CHANNELS 3 Zrotation Yrotation Xrotation
			JOINT RightFoot
			{
				OFFSET 0.015774 -0.398415 -0.042312
				CHANNELS 3 Zrotation Yrotation Xrotation
				JOINT RightToe
				{
					OFFSET -0.025372 -0.048144 0.123348
					CHANNELS 3 Zrotation Yrotation Xrotation
					End Site
					{
						OFFSET 0.000000 0.000000 0.000000
					}
				}
			}
		}
	}
	JOINT Spine
	{
		OFFSET -0.002533 0.108963 -0.026696
		CHANNELS 3 Zrotation Yrotation Xrotation
		JOINT Spine1
		{
			OFFSET 0.005487 0.135180 0.001092
			CHANNELS 3 Zrotation Yrotation Xrotation
			JOINT Spine2
			{
				OFFSET 0.001457 0.052922 0.025425
				CHANNELS 3 Zrotation Yrotation Xrotation
				JOINT Neck
				{
					OFFSET -0.002778 0.213870 -0.042857
					CHANNELS 3 Zrotation Yrotation Xrotation
					JOINT Head
					{
						OFFSET 0.005152 0.064970 0.051349
						CHANNELS 3 Zrotation Yrotation Xrotation
						End Site
						{
							OFFSET 0.000000 0.000000 0.000000
						}
					}
				}
				JOINT LeftShoulder
				{
					OFFSET 0.078845 0.121749 -0.034090
					CHANNELS 3 Zrotation Yrotation Xrotation
					JOINT LeftArm
					{
						OFFSET 0.090977 0.030469 -0.008868
						CHANNELS 3 Zrotation Yrotation Xrotation
						JOINT LeftForeArm
						{
							OFFSET 0.259612 -0.012772 -0.027456
							CHANNELS 3 Zrotation Yrotation Xrotation
							JOINT LeftHand
							{
								OFFSET 0.249234 0.008986 -0.001171
								CHANNELS 3 Zrotation Yrotation Xrotation
								End Site
								{
									OFFSET 0.000000 0.000000 0.000000
								}
							}
						}
					}
				}
				JOINT RightShoulder
				{
					OFFSET -0.081759 0.118833 -0.038615
					CHANNELS 3 Zrotation Yrotation Xrotation
					JOINT RightArm
					{
						OFFSET -0.096012 0.032551 -0.009143
						CHANNELS 3 Zrotation Yrotation Xrotation
						JOINT RightForeArm
						{
							OFFSET -0.253742 -0.013329 -0.021401
							CHANNELS 3 Zrotation Yrotation Xrotation
							JOINT RightHand
							{
								OFFSET -0.255298 0.007772 -0.005559
								CHANNELS 3 Zrotation Yrotation Xrotation
								End Site
								{
									OFFSET 0.000000 0.000000 0.000000
								}
							}
						}
					}
				}
			}
		}
	}
}
MOTION
Frames: 196
Frame Time: 0.050000
0.000000 0.921932 0.000000 1.614851 1.482794 2.177589 4.432141 -1.373906 -23.158950 -8.172856 1.270665 11.190230 6.348933 15.575161 17.730752 0.000000 0.000000 0.000000 0.464627 -0.269305 2.440218 0.256884 0.266894 8.223419 -3.652666 -9.104310 -0.504815 0.000000 0.000000 0.000000 4.199537 -0.918567 10.810166 -2.203104 1.050335 -0.354677 -3.092291 7.595860 6.961844 7.803317 -1.720773 -21.753866 0.000000 0.000000 0.000000 -22.198512 -11.398228 1.533763 -47.939502 -7.311340 -2.205342 -5.223022 -32.866195 2.128027 0.000000 0.000000 0.000000 18.165298 5.672053 3.715566 53.585997 16.279766 1.393610 0.491855 31.683504 1.934694 0.000000 0.000000 0.000000 
0.008753 0.920994 0.022659 1.459677 2.123083 2.210655 2.282918 -1.670330 -21.572168 -5.447647 0.690287 11.150642 6.396605 15.392081 14.559115 0.000000 0.000000 0.000000 0.316775 -0.375927 3.502914 0.070642 0.320410 8.980141 -3.791390 -9.751107 0.606336 0.000000 0.000000 0.000000 3.930170 -0.899455 10.850954 -1.339100 0.700101 -3.335502 -3.492825 8.562635 9.202411 8.506344 -1.349641 -25.566453 0.000000 0.000000 0.000000 -22.282932 -10.597126 0.708810 -46.830018 -7.372831 -2.185855 -8.056205 -33.151825 2.897757 0.000000 0.000000 0.000000 17.877049 5.341745 3.915673 54.243839 16.703722 1.421063 -0.495639 30.796850 1.722284 0.000000 0.000000 0.000000 
0.019333 0.920515 0.049065 1.229568 1.059565 0.665064 1.695842 -1.589886 -19.897514 -5.208731 0.707287 14.581634 7.350062 16.433781 11.915208 0.000000 0.000000 0.000000 -1.167695 -0.451186 5.245811 1.292572 0.196084 12.479786 -2.936937 -7.754149 1.013193 0.000000 0.000000 0.000000 3.667246 -0.821244 10.635941 -2.538245 1.225410 -3.063280 -2.977263 9.846282 10.780070 9.309526 -1.899050 -24.619287 0.000000 0.000000 0.000000 -19.906964 -12.085303 1.687849 -47.828959 -9.220350 -1.789571 -5.996696 -30.601381 2.115156 0.000000 0.000000 0.000000 17.048570 4.971178 3.775132 54.194480 18.061122 1.943103 -1.068007 29.721157 1.544102 0.000000 0.000000 0.000000 
0.031050 0.921002 0.079120 0.963088 1.245274 -0.057429 0.375023 -1.502883 -16.645201 -3.991045 0.411460 14.019578 7.586857 16.534629 8.782503 0.000000 0.000000 0.000000 -1.653460 -0.333430 4.224795 1.491962 0.326147 20.105729 -2.407469 -7.085175 2.954449 0.000000 0.000000 0.000000 3.090449 -0.684736 9.630959 -2.040405 1.002153 -2.399204 -2.705533 10.348368 11.963332 9.694929 -2.144528 -24.129605 0.000000 0.000000 0.000000 -19.571895 -13.260764 2.190833 -47.532461 -10.069985 -1.484004 -4.669751 -32.126471 1.787906 0.000000 0.000000 0.000000 15.968608 4.836706 3.722715 54.440663 17.898513 1.877440 -0.631707 31.246599 1.838073 0.000000 0.000000 0.000000 
0.042219 0.925194 0.111166 0.946206 0.932637 -1.146404 -0.391686 -1.156569 -12.107146 -4.007481 0.429570 12.109840 7.723959 16.588708 7.216329 0.000000 0.000000 0.000000 -3.639819 0.019729 0.669887 2.906059 0.065990 32.371181 0.160570 -3.615392 9.166734 0.000000 0.000000 0.000000 2.103884 -0.558132 9.238884 -1.464051 0.730533 -1.662454 -2.717080 10.616180 11.859489 9.857362 -2.307546 -23.659744 0.000000 0.000000 0.000000 -18.426953 -14.230615 2.747361 -48.043999 -11.027305 -1.141327 -3.390560 -32.882777 1.397616 0.000000 0.000000 0.000000 14.871888 4.778386 3.539329 54.979604 17.704262 1.991900 -1.374684 32.468425 1.753902 0.000000 0.000000 0.000000 
0.050857 0.927726 0.142875 0.940776 1.006419 -1.897922 -0.548998 -0.762549 -7.930835 -4.759350 0.579647 10.029308 7.613355 16.255792 5.738751 0.000000 0.000000 0.000000 -4.699142 0.366179 -4.965813 3.820825 -0.307389 45.892343 1.423265 -3.675183 16.119712 0.000000 0.000000 0.000000 1.973182 -0.549731 9.369294 -1.666002 0.835324 -2.344424 -2.397597 9.187380 12.978878 10.442829 -2.834436 -23.842535 0.000000 0.000000 0.000000 -17.664947 -15.097715 3.723682 -47.929366 -12.164765 -0.978649 -2.605402 -34.913901 1.391920 0.000000 0.000000 0.000000 14.090076 5.094495 3.335295 55.514162 17.935659 2.140127 -0.939323 34.216877 1.944450 0.000000 0.000000 0.000000 
0.056764 0.930101 0.173385 0.170086 1.115695 -2.622560 -0.378631 -0.358398 -3.816811 -4.195876 0.464882 7.850241 7.465544 15.860310 4.486876 0.000000 0.000000 0.000000 -5.271510 0.585029 -9.607906 5.494619 -1.442741 53.935164 0.735459 -6.600274 22.068148 0.000000 0.000000 0.000000 2.274176 -0.586026 9.600904 -1.169911 0.605500 -2.018856 -3.002671 8.026786 12.864982 10.579318 -3.077351 -23.713523 0.000000 0.000000 0.000000 -16.848569 -15.135123 4.064415 -47.378985 -13.983881 -0.389721 -1.665477 -36.060060 1.219795 0.000000 0.000000 0.000000 14.674979 4.974204 3.121927 55.699147 18.722366 2.524340 -1.750189 36.257595 1.799195 0.000000 0.000000 0.000000 
0.060457 0.932569 0.202979 -0.562188 -0.016049 -3.311844 0.104469 -0.035935 -0.393362 -4.042906 0.458084 6.790917 7.834910 16.510878 4.293678 0.000000 0.000000 0.000000 -4.692309 0.893324 -13.955236 6.264160 -1.634252 56.133321 -2.243808 -11.297182 22.168162 0.000000 0.000000 0.000000 2.823612 -0.633196 9.828774 -1.077320 0.555806 -1.986069 -3.153985 7.249444 13.169880 10.724950 -3.302154 -23.997353 0.000000 0.000000 0.000000 -16.401244 -15.240756 4.499884 -46.596451 -16.206563 0.307210 0.771497 -37.161240 0.578255 0.000000 0.000000 0.000000 14.884067 5.613167 3.204750 55.642330 20.147255 3.151326 -2.848340 37.719265 1.452009 0.000000 0.000000 0.000000 
0.062645 0.933957 0.232072 -1.180150 -0.508176 -3.622714 0.253850 0.222522 2.492535 -3.344690 0.349396 5.815135 7.982297 16.776041 4.120440 0.000000 0.000000 0.000000 -4.209071 1.209924 -17.867588 7.466431 -2.216621 53.456065 -5.298837 -15.090324 13.775913 0.000000 0.000000 0.000000 2.987141 -0.661470 10.126798 -0.271726 0.180563 -2.104065 -3.524272 6.503251 13.252847 10.946012 -3.581685 -23.895001 0.000000 0.000000 0.000000 -15.699335 -15.300726 4.788128 -46.127636 -18.623554 1.101123 3.061176 -38.062264 -0.098045 0.000000 0.000000 0.000000 15.201392 5.721585 3.093210 56.465489 21.374968 3.851838 -4.654718 38.593153 0.844610 0.000000 0.000000 0.000000 
0.063362 0.933363 0.261478 -1.750674 -2.039803 -3.925537 0.396502 0.514595 5.687994 -2.829946 0.292235 4.479353 8.604809 17.957422 4.068247 0.000000 0.000000 0.000000 -3.469479 1.656448 -21.677844 7.379211 -1.618807 47.644914 -5.487315 -14.579137 6.065906 0.000000 0.000000 0.000000 3.420593 -0.735721 10.924249 0.161530 -0.030999 -2.170801 -3.684304 5.912011 12.732223 10.942773 -3.757481 -23.834509 0.000000 0.000000 0.000000 -15.222336 -15.883616 5.392913 -45.242944 -20.574765 1.729121 4.879822 -37.711417 -0.573539 0.000000 0.000000 0.000000 15.378175 6.368583 3.139658 56.744263 22.663599 4.573559 -6.850372 40.516628 0.011776 0.000000 0.000000 0.000000 
0.062556 0.930315 0.292332 -2.039088 -3.083377 -4.023921 0.807633 0.781654 8.743019 -3.174110 0.360947 3.132874 8.973676 18.690973 3.599083 0.000000 0.000000 0.000000 -2.883916 2.046022 -24.417494 6.494906 -0.906135 38.171087 -5.891898 -15.572566 6.847613 0.000000 0.000000 0.000000 3.569701 -0.795835 11.817000 0.611674 -0.251502 -2.039770 -3.898365 4.841898 12.054728 10.529180 -3.673206 -23.997814 0.000000 0.000000 0.000000 -14.223252 -16.124855 5.833240 -44.495084 -22.690078 2.404076 5.611129 -37.840925 -0.672131 0.000000 0.000000 0.000000 15.441735 6.605422 2.909300 56.851705 22.766987 4.705066 -7.887672 42.929027 -0.561323 0.000000 0.000000 0.000000 
0.060190 0.925807 0.325402 -2.134296 -3.581875 -3.872995 0.825974 1.005889 11.065737 -2.972483 0.336992 2.778864 9.234239 19.228329 3.051648 0.000000 0.000000 0.000000 -2.544566 2.285735 -25.923177 5.474652 -0.512516 26.370733 -6.377703 -16.622860 7.118164 0.000000 0.000000 0.000000 3.717416 -0.829359 12.165064 1.155996 -0.510938 -1.954408 -4.000565 3.197280 11.463156 9.259517 -3.133841 -24.290404 0.000000 0.000000 0.000000 -12.875648 -17.128665 6.630646 -44.871506 -24.727548 3.166071 7.226202 -37.520867 -1.020891 0.000000 0.000000 0.000000 14.989154 7.430667 2.901086 57.138580 22.739534 4.797904 -9.993573 45.507858 -1.717321 0.000000 0.000000 0.000000 
0.056030 0.920520 0.361952 -2.009437 -5.016491 -3.351996 0.437976 1.309958 13.326091 -2.745041 0.317568 2.299780 9.857523 20.514050 3.446161 0.000000 0.000000 0.000000 -1.675017 2.622505 -26.562822 3.679614 -0.152882 13.300177 -7.050707 -18.737303 15.172662 0.000000 0.000000 0.000000 4.591437 -0.867378 11.650005 1.233712 -0.576510 -1.137280 -4.937835 2.592780 10.314503 9.705629 -3.554690 -23.846225 0.000000 0.000000 0.000000 -11.496933 -17.842496 7.065199 -45.194662 -26.192056 3.831612 8.529020 -38.218453 -1.388976 0.000000 0.000000 0.000000 15.813601 7.383845 2.604685 56.945295 22.098232 4.546838 -11.798566 49.146240 -2.905073 0.000000 0.000000 0.000000 
0.049366 0.914120 0.403216 -1.388965 -5.410258 -3.443011 -0.083636 1.644019 15.618245 -2.530895 0.283002 3.224148 10.047501 20.894098 4.359698 0.000000 0.000000 0.000000 -1.267333 2.716307 -26.419561 2.806215 -0.089977 8.513860 -10.739599 -24.327580 22.785910 0.000000 0.000000 0.000000 4.792527 -0.852719 11.298101 1.842831 -0.891443 -0.309468 -6.053001 1.606617 9.721452 10.249079 -3.928692 -23.983043 0.000000 0.000000 0.000000 -11.243571 -18.303539 7.421833 -45.912450 -26.652069 4.154983 9.269251 -40.517149 -1.650269 0.000000 0.000000 0.000000 16.676357 7.809690 2.572125 56.328564 22.008904 4.486996 -15.448605 51.338022 -4.990794 0.000000 0.000000 0.000000 
0.039050 0.908059 0.449886 -1.086623 -4.952286 -3.462979 0.330427 1.704416 16.810599 -2.507947 0.257046 6.376417 9.959622 20.604640 6.695618 0.000000 0.000000 0.000000 -1.207447 2.695611 -26.356855 3.510297 -0.152006 11.721596 -15.686839 -30.538928 24.114080 0.000000 0.000000 0.000000 5.352700 -0.807063 10.011357 1.854041 -0.950185 1.455699 -6.248776 0.140588 8.522887 9.429679 -3.836650 -22.312554 0.000000 0.000000 0.000000 -11.765995 -17.388813 7.227649 -47.147194 -26.553100 4.387876 9.097382 -42.209632 -1.542411 0.000000 0.000000 0.000000 17.232085 7.310210 2.003212 55.936605 21.304070 4.238638 -18.488106 53.025086 -6.991028 0.000000 0.000000 0.000000 
0.025262 0.907284 0.498114 -1.450214 -4.842740 -3.510113 1.942983 1.400829 16.123216 -3.611420 0.503996 12.732982 10.476550 21.130918 12.965449 0.000000 0.000000 0.000000 -0.797669 2.802332 -26.579929 4.809030 -0.342119 17.570819 -19.873953 -36.161176 22.071130 0.000000 0.000000 0.000000 6.409945 -0.815151 9.157282 1.757672 -0.953888 3.213090 -6.065169 -0.945501 7.448648 9.008712 -4.076735 -19.750345 0.000000 0.000000 0.000000 -13.810093 -16.502614 7.179597 -46.827790 -25.404077 3.926767 9.999597 -44.683996 -1.906286 0.000000 0.000000 0.000000 17.550693 7.055417 1.599588 55.193759 20.549845 3.931319 -20.001285 53.229176 -8.063475 0.000000 0.000000 0.000000 
0.009900 0.914262 0.541490 -2.649534 -4.852137 -3.668439 5.865396 0.650438 12.240393 -6.700182 1.712650 23.482482 9.812379 19.898818 23.122477 0.000000 0.000000 0.000000 1.166299 2.941434 -24.504575 5.081323 -0.383853 19.880492 -19.714633 -36.665858 19.308839 0.000000 0.000000 0.000000 7.863656 -0.903523 9.048251 2.057487 -1.105188 2.965035 -6.119754 -0.186550 7.640723 8.065888 -3.698484 -18.142671 0.000000 0.000000 0.000000 -15.465089 -16.212514 7.023409 -47.227539 -23.830373 3.308002 11.145689 -47.506809 -2.621603 0.000000 0.000000 0.000000 16.621734 7.292486 1.967878 54.471532 19.933490 3.508174 -21.285642 52.396308 -8.329718 0.000000 0.000000 0.000000 
-0.003924 0.922820 0.575374 -3.191695 -4.756758 -4.300909 10.226430 0.165129 5.864137 -11.014172 4.362872 35.711534 9.442692 19.497914 31.721735 0.000000 0.000000 0.000000 2.917103 2.785487 -21.106774 4.971718 -0.368668 19.328849 -20.241881 -37.682264 18.013929 0.000000 0.000000 0.000000 8.099486 -1.078423 10.708403 2.019186 -1.047101 1.632555 -5.597998 1.683102 8.126548 8.741105 -4.254207 -16.285133 0.000000 0.000000 0.000000 -16.982448 -17.478331 7.372809 -46.720660 -23.877114 3.299877 13.819547 -49.210276 -4.230030 0.000000 0.000000 0.000000 15.716173 7.995547 2.768491 53.276307 19.778648 3.210266 -24.203398 50.911328 -8.977726 0.000000 0.000000 0.000000 
-0.014634 0.930019 0.601145 -2.923474 -5.110780 -4.913262 11.957023 0.186198 -0.245338 -13.649311 6.744047 43.403996 12.646323 22.927378 30.662368 0.000000 0.000000 0.000000 3.411198 2.437486 -18.141740 5.019631 -0.375385 18.313824 -20.073243 -37.762945 16.837666 0.000000 0.000000 0.000000 7.945793 -1.228253 12.545296 1.209391 -0.628509 1.152921 -5.460292 3.218933 8.523399 11.152752 -5.586132 -16.714387 0.000000 0.000000 0.000000 -16.759733 -18.743712 7.662835 -45.755793 -24.820614 3.610175 17.645006 -49.976201 -6.335430 0.000000 0.000000 0.000000 15.366217 8.609642 3.374152 50.942309 21.297008 3.557185 -25.023617 48.286232 -8.517163 0.000000 0.000000 0.000000 
-0.022454 0.936070 0.621665 -2.437328 -6.432129 -4.911657 12.274549 0.321319 -5.033990 -15.652022 8.260991 43.461233 13.696262 24.925097 18.850058 0.000000 0.000000 0.000000 4.048245 2.226420 -16.077234 3.910355 -0.054609 17.129806 -18.895987 -36.490987 15.482603 0.000000 0.000000 0.000000 7.360619 -1.324115 14.534655 0.552979 -0.296524 1.157505 -5.293939 4.835413 8.075623 11.439495 -5.828080 -15.917414 0.000000 0.000000 0.000000 -16.811934 -19.380611 7.733593 -44.532228 -24.886663 3.584597 22.517714 -50.298543 -8.912632 0.000000 0.000000 0.000000 15.064476 10.312040 4.403400 48.313948 22.421592 3.728132 -28.316522 46.402485 -9.379264 0.000000 0.000000 0.000000 
-0.028354 0.940952 0.638244 -1.880599 -7.047094 -4.796746 10.926460 0.270742 -7.944282 -14.346671 6.921082 38.712236 7.922335 16.358792 -1.173319 0.000000 0.000000 0.000000 3.795687 1.966777 -14.576299 3.433431 0.062593 16.293492 -17.714044 -35.063798 14.423198 0.000000 0.000000 0.000000 7.040503 -1.458701 16.749991 0.024237 -0.029301 1.072298 -5.268929 5.793836 7.936570 11.616235 -5.969530 -15.469167 0.000000 0.000000 0.000000 -17.005597 -20.995666 8.404267 -43.736909 -25.832458 3.907376 26.535959 -47.488205 -10.292298 0.000000 0.000000 0.000000 14.532406 11.415176 5.057777 46.807244 24.765589 4.478578 -30.933858 43.457302 -9.598791 0.000000 0.000000 0.000000 
-0.032476 0.943360 0.651763 -1.678866 -8.013968 -4.410753 9.829555 0.191907 -9.474356 -12.897826 5.031393 29.452109 5.195855 10.314148 -3.826293 0.000000 0.000000 0.000000 4.363368 1.849510 -13.431716 2.420213 0.299061 15.446042 -16.646553 -33.824782 12.846929 0.000000 0.000000 0.000000 6.401736 -1.490251 18.684918 0.092053 -0.060239 0.957709 -5.294418 6.746478 7.547614 11.830775 -6.163198 -14.935046 0.000000 0.000000 0.000000 -16.060960 -21.172173 8.270078 -43.102758 -26.478358 4.101922 28.642225 -46.016731 -10.981131 0.000000 0.000000 0.000000 14.399572 11.987731 5.436459 44.766272 26.701901 4.931866 -32.573821 42.673843 -9.964590 0.000000 0.000000 0.000000 
-0.035272 0.943980 0.662642 -1.127218 -8.450274 -4.760463 8.142218 0.016111 -10.330343 -12.144071 3.716047 20.958426 3.112661 7.894605 6.204652 0.000000 0.000000 0.000000 4.078496 1.591653 -11.924575 2.031036 0.359502 14.576497 -16.241850 -33.369609 11.857632 0.000000 0.000000 0.000000 5.775241 -1.530402 21.362422 0.071437 -0.049928 0.040868 -4.935583 6.119083 9.111732 11.961493 -6.502784 -14.584506 0.000000 0.000000 0.000000 -15.456747 -21.835134 8.839529 -41.710309 -28.033177 4.266746 30.381809 -41.473479 -10.268412 0.000000 0.000000 0.000000 13.993065 13.711041 6.064490 43.182837 28.714289 5.335354 -35.689605 40.773459 -10.738805 0.000000 0.000000 0.000000 
-0.036946 0.942746 0.670587 -0.870003 -9.250772 -4.353023 7.347492 -0.082531 -11.810587 -12.985239 3.670023 17.636655 3.640885 10.524690 18.110297 0.000000 0.000000 0.000000 4.234151 1.591600 -11.872042 1.476096 0.506780 14.596616 -15.819595 -32.919371 10.662198 0.000000 0.000000 0.000000 4.973592 -1.471226 23.723989 -0.031631 0.006229 1.626828 -4.851426 6.360531 7.929083 12.730721 -6.594668 -16.090824 0.000000 0.000000 0.000000 -14.314210 -23.866221 9.683355 -38.686515 -30.082716 4.590069 29.158470 -36.220124 -8.492906 0.000000 0.000000 0.000000 14.544937 14.546066 6.525241 41.803906 31.369143 6.147218 -36.102374 38.734285 -10.320451 0.000000 0.000000 0.000000 
-0.037664 0.939647 0.675788 -1.147133 -9.948357 -3.959797 6.752800 -0.162911 -12.942269 -13.921478 4.084075 18.022848 10.209189 19.609373 20.870348 0.000000 0.000000 0.000000 4.526750 1.810193 -13.103227 1.674107 0.611756 16.687419 -15.735145 -32.963671 9.712937 0.000000 0.000000 0.000000 4.364074 -1.411699 26.443922 0.395136 -0.204053 2.285064 -4.746126 5.878017 7.875362 12.820566 -6.824399 -15.570198 0.000000 0.000000 0.000000 -12.722413 -25.190082 10.271343 -36.277691 -31.266521 4.510426 29.360422 -32.216732 -7.485022 0.000000 0.000000 0.000000 14.932734 16.072032 7.186702 40.423749 33.234139 6.543061 -37.897922 36.277374 -10.270071 0.000000 0.000000 0.000000 
-0.037729 0.935331 0.678870 -1.324412 -10.731397 -2.993786 7.258161 -0.086520 -14.342569 -16.674319 5.196150 18.777668 15.144486 26.098324 20.111913 0.000000 0.000000 0.000000 4.770265 2.195431 -15.310059 1.731407 0.791560 19.112198 -15.679409 -33.078221 8.789274 0.000000 0.000000 0.000000 3.859096 -1.302479 28.364139 0.370062 -0.176067 3.159160 -4.529324 5.755159 8.098393 12.257311 -6.262670 -16.582290 0.000000 0.000000 0.000000 -11.942160 -26.731561 10.997990 -33.367378 -32.143467 4.201421 29.933629 -29.790415 -7.006768 0.000000 0.000000 0.000000 15.621969 16.977893 7.671846 39.492652 35.072890 6.943159 -38.865144 34.597920 -10.059324 0.000000 0.000000 0.000000 
-0.037269 0.931394 0.681109 -1.515136 -11.167848 -1.932933 7.700310 -0.012551 -15.769542 -17.125279 5.529294 19.537458 15.610330 26.761517 19.475817 0.000000 0.000000 0.000000 4.796497 2.561165 -17.433250 2.059213 0.868367 21.091768 -15.759289 -33.386117 8.166339 0.000000 0.000000 0.000000 3.182795 -1.136810 30.184533 0.816689 -0.388458 4.837183 -4.697568 6.032178 6.917506 12.402214 -6.417201 -15.798777 0.000000 0.000000 0.000000 -11.177396 -28.045954 11.421762 -31.588841 -33.331016 4.256884 31.740491 -28.410434 -7.189259 0.000000 0.000000 0.000000 16.711218 18.328147 8.626509 38.689682 35.810877 7.052599 -40.759072 33.479286 -10.206248 0.000000 0.000000 0.000000 
-0.036300 0.926553 0.683570 -1.447293 -11.030105 -0.725726 7.812573 0.001263 -17.886879 -17.553266 5.930278 21.007439 15.832711 27.162722 18.769704 0.000000 0.000000 0.000000 4.314478 2.941402 -20.022471 2.652732 0.866698 23.506142 -16.180456 -34.274432 7.752665 0.000000 0.000000 0.000000 2.719318 -1.042723 32.118822 1.025790 -0.498062 4.468098 -4.928717 6.169975 7.342144 12.372911 -6.231215 -16.441154 0.000000 0.000000 0.000000 -10.778434 -29.370952 11.966762 -29.914309 -34.299146 4.114607 33.676928 -27.160966 -7.358896 0.000000 0.000000 0.000000 17.987490 19.526385 9.600860 37.661224 36.788982 7.025265 -41.573752 32.361811 -9.973343 0.000000 0.000000 0.000000 
-0.034157 0.921474 0.686232 -1.414216 -11.001434 0.377261 7.908480 0.026486 -19.692407 -18.039101 6.322540 22.174304 16.107066 27.674269 17.897753 0.000000 0.000000 0.000000 3.460000 3.177973 -22.164530 3.790898 0.639591 25.303205 -16.464948 -35.010248 7.059212 0.000000 0.000000 0.000000 2.380211 -0.952768 33.951229 1.291284 -0.633197 4.245469 -5.166645 6.559278 7.103124 12.692875 -6.243887 -16.941997 0.000000 0.000000 0.000000 -10.461365 -30.699169 12.463131 -28.878140 -35.167783 4.101551 34.528073 -26.117969 -7.306301 0.000000 0.000000 0.000000 18.530779 20.541295 10.457065 37.067316 37.612358 7.098709 -41.999924 31.333141 -9.627849 0.000000 0.000000 0.000000 
-0.030798 0.914682 0.688643 -1.315169 -10.423883 1.331819 7.815031 -0.003610 -21.769156 -18.490604 6.755067 23.936296 16.158666 28.024795 16.539674 0.000000 0.000000 0.000000 2.209731 3.374657 -24.702204 5.330308 0.239178 27.941456 -17.126726 -36.381573 6.659571 0.000000 0.000000 0.000000 2.508016 -1.062151 36.160726 1.308315 -0.646788 4.000909 -5.466557 5.988100 6.898151 12.523063 -5.749896 -18.643689 0.000000 0.000000 0.000000 -9.717113 -32.014766 13.001612 -27.855369 -35.551499 3.957099 35.644721 -24.765103 -7.143571 0.000000 0.000000 0.000000 18.242513 21.554091 10.965096 36.980040 38.977686 7.542920 -43.194344 29.787106 -9.373965 0.000000 0.000000 0.000000 
-0.026564 0.907834 0.690426 -1.137824 -9.865685 2.238424 7.690426 -0.036870 -24.028938 -19.062130 7.296127 25.934018 16.194365 28.290859 15.546233 0.000000 0.000000 0.000000 0.821420 3.537736 -27.490118 6.851369 -0.233038 30.927414 -17.819724 -37.721848 6.683932 0.000000 0.000000 0.000000 2.551110 -1.158168 37.988465 1.740305 -0.876920 4.343029 -6.036502 5.710271 5.793134 12.798038 -5.771614 -18.899357 0.000000 0.000000 0.000000 -10.054314 -33.323654 13.686663 -26.784252 -35.967795 3.870762 35.040216 -23.326604 -6.579094 0.000000 0.000000 0.000000 18.681144 22.854910 11.889235 35.227959 39.773900 7.328659 -43.397710 27.655594 -8.616302 0.000000 0.000000 0.000000 
-0.021825 0.898392 0.691586 -0.840426 -9.592184 3.224198 7.876577 0.032853 -26.732006 -20.319720 8.276885 28.311442 16.396640 28.760011 14.643599 0.000000 0.000000 0.000000 -1.148953 3.598929 -30.774360 9.416338 -1.185737 34.610907 -18.414704 -39.221906 5.846585 0.000000 0.000000 0.000000 2.571965 -1.215580 40.848958 1.798786 -0.900910 3.850236 -6.783773 5.393160 4.878370 12.469709 -5.635742 -18.299937 0.000000 0.000000 0.000000 -10.551969 -34.618796 14.451907 -24.473400 -35.872822 3.374834 32.998985 -21.806859 -5.695968 0.000000 0.000000 0.000000 20.004019 23.802035 12.812191 32.041669 40.315608 6.541933 -42.567852 26.072691 -7.855804 0.000000 0.000000 0.000000 
-0.017258 0.888125 0.691752 -0.653494 -9.295004 4.213740 8.211263 0.175098 -29.937744 -21.491553 9.430622 31.363261 16.592887 29.122942 14.269822 0.000000 0.000000 0.000000 -2.962105 3.638773 -34.306109 11.522014 -2.160505 38.417488 -18.873591 -40.315434 5.683289 0.000000 0.000000 0.000000 2.425341 -1.209413 43.805065 2.125202 -1.070617 3.921978 -7.353326 5.197247 3.786299 12.532641 -5.590999 -18.226073 0.000000 0.000000 0.000000 -9.776018 -36.238422 15.052977 -22.312184 -35.969969 2.938847 30.883795 -19.872210 -4.770536 0.000000 0.000000 0.000000 18.679929 25.183849 13.457809 29.521067 41.742195 6.223728 -41.143299 22.761764 -6.381299 0.000000 0.000000 0.000000 
-0.013158 0.872838 0.690645 -0.308462 -8.710646 4.997507 8.820423 0.418463 -33.675043 -23.275791 11.115256 35.259732 16.748274 29.492493 13.696597 0.000000 0.000000 0.000000 -5.524929 3.365423 -38.167090 13.910600 -3.570961 42.708853 -19.005806 -40.929820 5.363911 0.000000 0.000000 0.000000 2.400011 -1.312383 47.565169 2.291160 -1.131740 2.686604 -8.077065 5.167448 3.758316 12.997747 -5.419718 -19.903912 0.000000 0.000000 0.000000 -8.322955 -37.601728 15.293155 -19.637046 -36.780664 2.397422 29.853854 -18.478475 -4.249315 0.000000 0.000000 0.000000 17.789035 25.863078 13.845618 25.427406 43.205335 5.244683 -39.498087 20.334426 -5.260796 0.000000 0.000000 0.000000 
-0.010127 0.852233 0.688244 -0.225281 -8.324550 5.752898 10.200599 1.014280 -37.683166 -25.694620 13.405409 39.408380 17.070682 30.185937 12.654882 0.000000 0.000000 0.000000 -7.882070 3.041170 -42.386735 15.996266 -5.090198 46.970632 -19.187322 -41.459563 5.416484 0.000000 0.000000 0.000000 1.968606 -1.186787 51.604480 2.758479 -1.352545 2.247186 -8.451065 5.244603 3.164581 12.961114 -5.051416 -21.012153 0.000000 0.000000 0.000000 -6.597587 -39.190486 15.537406 -16.276587 -36.760943 1.579522 30.002588 -16.562631 -3.824183 0.000000 0.000000 0.000000 15.526706 27.331907 14.302123 20.752986 43.636992 3.866365 -37.575842 17.995000 -4.240295 0.000000 0.000000 0.000000 
-0.008027 0.825958 0.684950 -0.231412 -7.564321 6.244723 11.938170 1.842216 -42.412153 -28.344351 16.300302 44.713425 17.353695 30.731975 12.223093 0.000000 0.000000 0.000000 -10.411279 2.335355 -45.904883 18.565708 -7.226153 50.797316 -18.971343 -42.206275 3.166811 0.000000 0.000000 0.000000 2.406103 -1.639903 56.086403 2.860248 -1.398266 1.889449 -9.384173 5.324096 2.442295 13.773053 -5.254897 -21.536944 0.000000 0.000000 0.000000 -6.080516 -41.910447 16.572167 -11.039672 -35.926067 0.298144 29.677548 -14.592719 -3.312905 0.000000 0.000000 0.000000 13.253537 28.442756 14.533639 15.553324 43.482935 2.243941 -34.865892 15.282224 -3.129212 0.000000 0.000000 0.000000 
-0.006667 0.796283 0.681555 -0.202665 -7.311561 6.416251 13.707115 2.892169 -46.497877 -31.047343 19.477481 49.384459 17.957249 31.808459 11.284789 0.000000 0.000000 0.000000 -12.950255 1.543142 -49.584857 21.596642 -9.896776 54.856790 -19.163427 -43.694083 1.043041 0.000000 0.000000 0.000000 2.418822 -1.762042 60.893122 3.152859 -1.489760 0.579081 -10.058864 5.484812 3.092462 14.060291 -5.001208 -23.169154 0.000000 0.000000 0.000000 -3.074701 -44.172214 16.587701 -7.553883 -35.083814 -0.594233 29.576641 -10.978104 -2.486974 0.000000 0.000000 0.000000 10.358997 29.546294 14.416711 10.004149 43.560854 0.537421 -33.186916 11.636242 -2.014477 0.000000 0.000000 0.000000 
-0.005886 0.769212 0.678682 -0.131125 -7.056155 6.954883 15.391812 4.028945 -50.399898 -33.757494 22.488502 52.872660 18.543055 32.712984 11.087568 0.000000 0.000000 0.000000 -14.819254 0.836306 -52.837716 24.164855 -12.470808 58.078884 -19.290567 -45.853423 -2.235250 0.000000 0.000000 0.000000 2.607798 -2.025752 64.645841 3.124529 -1.452236 0.023789 -10.563752 5.355838 3.452578 14.509020 -4.981346 -24.213780 0.000000 0.000000 0.000000 -1.014091 -46.010945 16.707645 -3.896186 -33.976969 -1.428472 29.525827 -8.269569 -1.863178 0.000000 0.000000 0.000000 7.411746 30.708378 14.192214 5.824753 42.894835 -0.739056 -31.550582 8.826415 -1.217385 0.000000 0.000000 0.000000 
-0.005521 0.744371 0.676489 0.005119 -6.863144 7.273591 16.851382 5.040557 -53.062746 -36.470358 25.137932 54.902529 19.110748 33.887432 9.669506 0.000000 0.000000 0.000000 -16.670293 0.011392 -55.797466 26.556416 -15.130508 61.061664 -19.392244 -47.593030 -4.609964 0.000000 0.000000 0.000000 2.375113 -1.991699 67.671841 3.265078 -1.512487 -0.134520 -10.823624 5.527475 3.994296 14.640336 -4.793706 -25.249709 0.000000 0.000000 0.000000 1.983450 -47.114975 16.082952 -1.873135 -33.646094 -1.912753 29.661258 -5.838530 -1.344438 0.000000 0.000000 0.000000 4.510076 31.576568 13.778494 2.513838 42.048783 -1.666616 -30.039823 6.455481 -0.603260 0.000000 0.000000 0.000000 
-0.005442 0.723324 0.675020 0.050879 -6.862866 7.446760 18.179898 6.118100 -55.533758 -38.632728 27.568538 56.950759 19.652504 34.595229 9.945661 0.000000 0.000000 0.000000 -17.918896 -0.575722 -58.258409 28.209781 -17.265335 63.665583 -19.416953 -48.940350 -6.480449 0.000000 0.000000 0.000000 2.425936 -2.088689 70.752871 3.260488 -1.504887 -0.284437 -11.522033 5.850522 3.863449 15.294166 -5.063909 -25.205599 0.000000 0.000000 0.000000 3.087887 -48.382403 16.105372 -0.194038 -32.858058 -2.244680 30.681914 -4.449066 -1.096805 0.000000 0.000000 0.000000 2.645705 31.941088 13.472100 1.002618 41.060876 -1.996539 -30.266400 5.129172 -0.272873 0.000000 0.000000 0.000000 
-0.005508 0.707646 0.674117 0.359636 -6.470255 7.936290 18.597085 6.532299 -57.605255 -40.126487 29.030984 58.033678 20.149971 35.542901 9.155644 0.000000 0.000000 0.000000 -18.908972 -1.231198 -60.331021 28.881893 -18.717750 65.720424 -19.397916 -50.011891 -8.017841 0.000000 0.000000 0.000000 2.612532 -2.470422 73.113080 3.468146 -1.573369 -0.791438 -12.298431 6.283330 4.021648 15.856579 -5.236376 -25.384583 0.000000 0.000000 0.000000 3.810319 -49.986718 16.375743 1.255272 -32.004758 -2.511410 31.608102 -3.249636 -0.864576 0.000000 0.000000 0.000000 2.172046 32.245092 13.596469 -0.909911 39.804527 -2.447372 -30.590214 3.944105 0.027009 0.000000 0.000000 0.000000 
-0.005617 0.695110 0.673421 0.281142 -6.678062 8.280351 19.124089 7.192717 -59.239455 -40.878366 30.258089 59.338010 20.665998 36.384693 8.799922 0.000000 0.000000 0.000000 -19.291782 -1.405493 -62.544880 29.314528 -19.860139 67.853711 -19.800197 -50.694306 -7.779407 0.000000 0.000000 0.000000 2.575657 -2.415506 75.505038 3.403510 -1.505520 -1.508510 -12.428319 6.838206 4.668901 16.360919 -5.276903 -26.128607 0.000000 0.000000 0.000000 6.476772 -50.394211 15.453416 1.963520 -32.498048 -2.786727 32.224517 -0.943525 -0.355509 0.000000 0.000000 0.000000 0.402384 32.076629 13.027925 -1.831526 39.281596 -2.595768 -30.910719 2.569311 0.390448 0.000000 0.000000 0.000000 
-0.005705 0.686446 0.672766 0.334676 -6.622759 9.200896 19.042905 7.419272 -60.998140 -41.143864 30.777110 60.053401 21.151085 37.487116 7.510003 0.000000 0.000000 0.000000 -20.195915 -1.980248 -64.730445 30.008136 -21.456390 70.027024 -18.791054 -49.298392 -8.954657 0.000000 0.000000 0.000000 2.608009 -2.508851 76.484018 3.524015 -1.525541 -2.047453 -12.619860 7.303146 4.869864 16.845110 -5.533808 -25.851514 0.000000 0.000000 0.000000 6.645619 -51.011565 15.606460 2.779996 -32.141721 -2.969493 32.694266 -0.447872 -0.242455 0.000000 0.000000 0.000000 0.580988 32.260726 13.308027 -3.346112 38.380163 -2.946117 -32.005998 2.364675 0.481839 0.000000 0.000000 0.000000 
-0.005594 0.677946 0.671970 0.207943 -7.082938 9.899694 19.311602 8.022033 -62.329786 -41.540412 31.501090 60.678913 21.631799 38.508163 6.500116 0.000000 0.000000 0.000000 -20.409512 -1.983731 -66.981022 29.584772 -22.312890 73.239468 -17.171391 -46.720621 -10.731026 0.000000 0.000000 0.000000 2.587326 -2.276680 77.085125 3.828848 -1.646883 -2.247353 -12.943336 8.036903 4.872584 17.386202 -5.734334 -25.815168 0.000000 0.000000 0.000000 6.830334 -51.748322 15.759058 3.153999 -32.456551 -3.153926 33.043659 0.563800 0.000089 0.000000 0.000000 0.000000 0.955589 32.118329 13.543279 -3.766431 37.585691 -2.988258 -33.206387 2.045726 0.631070 0.000000 0.000000 0.000000 
-0.005156 0.670622 0.671060 0.317472 -7.320143 10.307493 18.932456 8.050698 -63.187940 -41.417202 31.757502 61.272903 21.986528 39.892185 4.070516 0.000000 0.000000 0.000000 -20.882611 -2.220363 -68.668122 28.594923 -22.764500 76.650678 -15.201063 -42.925316 -12.815324 0.000000 0.000000 0.000000 3.283746 -2.755737 77.792838 3.968539 -1.642235 -3.340866 -13.425410 8.129413 5.443086 18.046314 -6.003387 -26.120482 0.000000 0.000000 0.000000 7.018101 -52.424503 15.896627 3.584894 -32.665489 -3.292451 32.967086 1.089994 0.143719 0.000000 0.000000 0.000000 1.223558 32.039460 13.641478 -4.520122 36.906308 -3.140530 -33.993238 1.605226 0.775848 0.000000 0.000000 0.000000 
-0.004201 0.664916 0.669926 0.295866 -8.168895 10.480596 18.548190 8.310064 -63.811279 -40.808971 31.978140 62.252152 22.458332 41.142333 2.626247 0.000000 0.000000 0.000000 -21.215301 -2.077686 -69.923810 27.539846 -22.813599 79.843985 -13.105252 -38.327027 -15.369332 0.000000 0.000000 0.000000 3.620848 -2.616301 78.539464 4.317397 -1.760428 -3.883015 -13.870914 8.550007 5.391586 18.559545 -6.126921 -26.463996 0.000000 0.000000 0.000000 6.706355 -53.427954 16.315413 3.906180 -32.646423 -3.381490 32.785184 1.645499 0.284782 0.000000 0.000000 0.000000 1.798502 31.717562 13.778885 -4.794129 36.336550 -3.146424 -35.033143 1.865754 0.756427 0.000000 0.000000 0.000000 
-0.003160 0.662189 0.668285 0.465759 -8.603332 10.224550 17.743002 7.957654 -63.618672 -39.927591 31.661856 62.780807 22.516783 42.355685 -0.110359 0.000000 0.000000 0.000000 -21.792912 -2.236556 -70.193451 26.580802 -22.458991 81.733803 -11.611859 -34.120999 -16.906761 0.000000 0.000000 0.000000 4.580338 -3.198123 78.674088 4.442890 -1.785487 -4.394751 -14.064967 8.036769 5.916320 18.302505 -5.918874 -27.064822 0.000000 0.000000 0.000000 6.334176 -53.665443 16.551910 4.011400 -33.242092 -3.439809 32.610006 2.010417 0.403790 0.000000 0.000000 0.000000 1.828994 31.395389 13.518885 -4.227035 35.886666 -2.997092 -35.522684 2.768445 0.496171 0.000000 0.000000 0.000000 
-0.002669 0.663839 0.665571 0.582505 -9.460355 9.871216 17.210219 7.838146 -62.741007 -39.151557 31.188073 62.520364 22.428855 43.110570 -2.233782 0.000000 0.000000 0.000000 -21.769159 -1.804058 -69.893311 25.338547 -21.004936 82.250545 -10.409651 -30.323774 -18.167094 0.000000 0.000000 0.000000 5.285908 -3.298086 77.941577 4.655237 -1.897964 -4.128566 -14.464367 7.975158 6.069673 18.578412 -5.808634 -28.133328 0.000000 0.000000 0.000000 6.152510 -53.802570 16.634490 3.645487 -34.345659 -3.488134 32.722286 2.043271 0.422007 0.000000 0.000000 0.000000 3.365968 30.402003 13.541860 -3.015591 35.812603 -2.761756 -37.054938 3.557061 0.302478 0.000000 0.000000 0.000000 
-0.003548 0.670287 0.661556 1.062799 -10.216133 9.333113 16.114231 7.211679 -61.349683 -37.813099 30.050752 61.768564 22.189292 43.681189 -4.442461 0.000000 0.000000 0.000000 -21.565701 -1.310553 -68.826194 23.302929 -18.358250 82.036753 -9.043987 -25.225599 -19.554813 0.000000 0.000000 0.000000 6.061446 -3.477746 76.834538 4.922836 -2.002081 -4.352634 -14.575980 7.070129 7.040031 17.729821 -5.243473 -29.388429 0.000000 0.000000 0.000000 4.968209 -53.216471 16.943333 2.032317 -35.199335 -3.137300 33.564980 1.658746 0.360957 0.000000 0.000000 0.000000 3.101339 29.384555 12.757954 0.337947 36.381820 -2.069089 -38.953721 5.736325 -0.364292 0.000000 0.000000 0.000000 
-0.006611 0.683934 0.656206 1.307052 -10.711230 9.382445 15.274053 6.664479 -60.112209 -36.272401 28.318449 60.204248 21.893943 43.324999 -4.831795 0.000000 0.000000 0.000000 -20.536382 -0.481536 -67.601278 19.674357 -13.682480 80.170762 -7.331381 -17.493348 -19.856320 0.000000 0.000000 0.000000 6.474395 -3.473331 74.824048 5.328294 -2.212298 -3.791339 -14.709284 6.933569 7.482936 18.032267 -5.259918 -30.190224 0.000000 0.000000 0.000000 4.870340 -51.806270 16.503702 0.671331 -36.921027 -2.994808 34.583325 0.987764 0.196384 0.000000 0.000000 0.000000 4.181352 27.903684 12.361786 3.322912 37.160620 -1.453524 -41.012042 8.642182 -1.322419 0.000000 0.000000 0.000000 
-0.011941 0.702075 0.650126 1.720749 -10.985559 9.184282 14.380781 5.892094 -58.142401 -34.679744 26.198958 57.793624 21.477589 42.477957 -4.596265 0.000000 0.000000 0.000000 -19.551551 0.169227 -65.433751 16.249658 -9.278635 76.996862 -5.617618 -8.942713 -20.014021 0.000000 0.000000 0.000000 6.500175 -3.274850 72.645865 5.701266 -2.423107 -3.076454 -14.759700 6.536539 7.526659 17.500686 -5.061065 -30.258738 0.000000 0.000000 0.000000 3.408354 -49.669787 16.351141 -2.797668 -38.534153 -2.209205 37.224183 -0.857097 -0.328404 0.000000 0.000000 0.000000 5.628570 26.253982 11.925106 8.070416 37.617659 -0.363011 -43.584884 12.975500 -2.926043 0.000000 0.000000 0.000000 
-0.019490 0.724679 0.644335 1.870402 -11.077005 9.156391 13.736872 5.149653 -55.662808 -32.959656 23.676771 54.516818 20.886851 41.178022 -3.935991 0.000000 0.000000 0.000000 -18.436580 0.735820 -62.541913 13.568518 -5.837020 71.631368 -4.104606 -1.492810 -19.248652 0.000000 0.000000 0.000000 6.387524 -3.060138 69.582221 5.892105 -2.585558 -1.926882 -14.492150 6.489784 7.892247 17.251818 -4.933797 -30.597266 0.000000 0.000000 0.000000 1.714335 -47.078730 16.025395 -6.829451 -39.925819 -1.183488 40.733916 -3.277752 -1.176028 0.000000 0.000000 0.000000 7.517259 24.963719 11.752325 12.517154 37.838973 0.674069 -46.211543 17.177418 -4.716101 0.000000 0.000000 0.000000 
-0.028913 0.748447 0.639832 1.951304 -11.032077 8.905500 13.471958 4.465345 -52.217985 -31.763774 21.202447 50.119068 20.120911 39.738719 -3.545469 0.000000 0.000000 0.000000 -16.951225 1.329942 -59.217975 10.767655 -2.882017 65.680336 -2.481530 5.324602 -17.545739 0.000000 0.000000 0.000000 6.062205 -2.797562 66.879461 5.957812 -2.669989 -1.101210 -13.962042 6.647712 7.636310 17.082364 -4.915849 -30.403546 0.000000 0.000000 0.000000 -1.601953 -44.446731 16.096508 -12.275389 -40.702483 0.365381 45.412057 -7.940495 -3.122622 0.000000 0.000000 0.000000 9.868634 22.947751 11.330303 17.281924 38.010094 1.837581 -49.434873 22.953601 -7.454181 0.000000 0.000000 0.000000 
-0.040220 0.771820 0.636976 2.185575 -10.923277 8.507991 13.391151 3.931183 -48.922885 -30.825945 19.089419 45.976963 19.649109 37.937861 -0.913197 0.000000 0.000000 0.000000 -15.655059 1.714077 -55.620055 10.052401 -2.018945 60.642466 -2.147756 5.699641 -16.179845 0.000000 0.000000 0.000000 5.777574 -2.586783 63.251508 5.917080 -2.745255 0.291097 -13.487179 6.655500 7.742200 16.617925 -4.580991 -31.146603 0.000000 0.000000 0.000000 -4.673623 -41.526583 15.800307 -17.426135 -40.955203 1.872534 49.191567 -13.405201 -5.740109 0.000000 0.000000 0.000000 11.945982 21.650304 11.079566 21.455475 37.647890 2.779204 -52.305713 27.802719 -10.153953 0.000000 0.000000 0.000000 
-0.053141 0.794448 0.635571 2.292735 -10.657808 7.651932 12.960116 3.211451 -45.333055 -28.955395 16.734495 42.555874 19.097720 36.193314 1.517820 0.000000 0.000000 0.000000 -14.279330 1.977484 -51.648733 9.501993 -1.457672 55.914845 -1.610660 6.147018 -14.216311 0.000000 0.000000 0.000000 5.882717 -2.694764 60.594937 5.873227 -2.780788 1.086723 -13.572879 6.654644 7.438104 17.269547 -5.072541 -30.463354 0.000000 0.000000 0.000000 -7.965733 -39.985365 15.972231 -21.836898 -39.429701 2.998013 51.443801 -18.685089 -8.475067 0.000000 0.000000 0.000000 14.377508 20.504846 10.958916 25.114305 36.804886 3.502489 -53.982952 32.021420 -12.565321 0.000000 0.000000 0.000000 
-0.067465 0.816477 0.635068 2.367576 -10.131582 6.369942 12.522378 2.513494 -41.564846 -26.903638 14.500058 39.558598 18.422334 34.141213 4.602740 0.000000 0.000000 0.000000 -12.454545 2.216937 -46.941905 8.312970 -0.672263 51.056708 -1.121303 6.618329 -12.597000 0.000000 0.000000 0.000000 5.674818 -2.663635 57.496888 5.970255 -2.942001 2.623979 -12.995728 6.364580 7.234790 16.648004 -4.674870 -31.199489 0.000000 0.000000 0.000000 -9.834440 -38.363525 15.687769 -24.924934 -38.264362 3.695353 52.270840 -22.834787 -10.592130 0.000000 0.000000 0.000000 16.199566 20.360024 11.082567 27.881212 35.799440 3.976224 -56.168869 34.932110 -14.791041 0.000000 0.000000 0.000000 
-0.082643 0.835443 0.635367 2.282662 -9.724172 5.028262 12.096326 1.922789 -37.640062 -24.634566 12.335414 36.572199 17.727777 32.521686 6.546639 0.000000 0.000000 0.000000 -10.642369 2.405116 -42.626077 7.399849 -0.195314 46.869928 -0.524789 7.054568 -10.722764 0.000000 0.000000 0.000000 5.372484 -2.543389 54.792388 5.650673 -2.841211 3.298105 -11.919349 5.861077 7.320034 16.464497 -4.643716 -31.480338 0.000000 0.000000 0.000000 -11.190415 -36.367614 15.127646 -27.989484 -37.127566 4.278779 52.173811 -26.670037 -12.336455 0.000000 0.000000 0.000000 17.361391 19.668114 10.649278 30.432510 34.158124 4.212190 -57.550943 38.520298 -17.338635 0.000000 0.000000 0.000000 
-0.098199 0.854097 0.636602 2.054467 -9.083052 4.109563 11.841463 1.426681 -33.546580 -22.591751 10.126958 32.468927 16.903390 30.915241 8.069266 0.000000 0.000000 0.000000 -8.780245 2.458986 -37.897376 6.372484 0.123658 41.425205 -0.050562 7.370482 -9.298182 0.000000 0.000000 0.000000 5.596764 -2.734052 51.266322 5.402157 -2.772881 4.080036 -11.415220 5.187870 7.179425 15.807330 -4.511651 -31.138651 0.000000 0.000000 0.000000 -14.083740 -35.250862 15.387753 -28.563524 -34.711977 3.967686 51.465505 -31.064934 -14.107849 0.000000 0.000000 0.000000 19.252801 19.286362 10.522522 32.895127 32.589083 4.358971 -59.914157 42.732133 -20.835387 0.000000 0.000000 0.000000 
-0.113545 0.871192 0.639305 1.879410 -9.008096 3.537697 11.301960 1.010419 -29.760388 -20.061846 8.035393 28.341943 16.405822 29.777523 9.890148 0.000000 0.000000 0.000000 -6.862997 2.589526 -34.030517 5.124332 0.516664 36.598030 0.699436 7.935307 -7.248425 0.000000 0.000000 0.000000 5.739778 -2.712435 47.823872 4.752398 -2.449855 4.272761 -10.730008 4.456707 7.125159 15.080869 -4.449738 -30.433663 0.000000 0.000000 0.000000 -15.078377 -33.574755 14.963660 -30.656509 -32.978233 3.994965 49.833516 -35.108021 -15.290530 0.000000 0.000000 0.000000 20.660595 18.108991 9.726555 35.361050 30.881661 4.431738 -60.203386 47.522334 -24.046678 0.000000 0.000000 0.000000 
-0.128473 0.890482 0.644063 1.782891 -8.392802 3.129600 10.648750 0.567674 -25.612364 -17.627744 5.969060 23.127550 15.555141 28.028361 12.624989 0.000000 0.000000 0.000000 -4.943072 2.521626 -29.616609 3.413826 0.840650 30.799861 1.648667 8.195215 -4.464694 0.000000 0.000000 0.000000 6.030447 -2.803166 43.500787 4.263348 -2.195292 4.103605 -9.646392 3.614652 7.462222 13.794338 -3.965442 -30.592939 0.000000 0.000000 0.000000 -16.856996 -31.134367 14.337517 -32.786072 -31.091419 3.866965 47.883094 -40.312341 -16.705331 0.000000 0.000000 0.000000 21.129023 16.892381 8.688962 38.371694 28.781582 4.424318 -61.051732 53.114791 -28.234183 0.000000 0.000000 0.000000 
-0.142668 0.908008 0.651289 1.531173 -8.235389 2.840961 10.339311 0.328766 -21.331418 -15.449888 4.344744 17.687695 14.830530 26.522961 15.555146 0.000000 0.000000 0.000000 -3.108484 2.439921 -25.693718 2.093661 0.978257 25.655998 2.824983 8.577325 -1.231743 0.000000 0.000000 0.000000 6.504876 -2.812016 38.966781 3.185633 -1.636515 4.032017 -8.576019 3.089007 7.395799 12.587934 -3.799061 -29.094800 0.000000 0.000000 0.000000 -18.359497 -27.872842 13.070233 -35.228079 -28.591606 3.541558 45.281867 -46.903073 -18.301411 0.000000 0.000000 0.000000 21.616066 14.388372 6.946226 40.914509 26.486744 4.175531 -58.850383 59.598393 -31.297443 0.000000 0.000000 0.000000 
-0.156194 0.922842 0.660841 1.171313 -7.626664 2.228615 9.848469 0.107377 -17.005056 -12.838720 2.943774 12.850391 13.845559 24.892428 17.938629 0.000000 0.000000 0.000000 -1.613844 2.128841 -21.130077 1.444790 0.802401 20.333637 3.767572 8.603776 1.523677 0.000000 0.000000 0.000000 7.015251 -2.813174 34.498968 2.417615 -1.235050 3.422352 -7.528122 3.170135 7.944830 11.244824 -3.308651 -28.504536 0.000000 0.000000 0.000000 -18.449602 -25.293090 11.666538 -38.162895 -26.130317 3.171849 42.687062 -53.101472 -19.609376 0.000000 0.000000 0.000000 20.430264 12.262727 5.564474 44.216604 23.862941 3.719163 -56.728202 65.162311 -33.415826 0.000000 0.000000 0.000000 
-0.168631 0.930668 0.671866 0.799223 -7.069158 1.621294 9.781715 0.036407 -13.557652 -10.949571 2.141774 9.550662 13.080071 23.809467 18.981459 0.000000 0.000000 0.000000 -0.331758 1.873445 -17.683427 1.158945 0.660142 17.088799 4.134050 8.511222 2.693596 0.000000 0.000000 0.000000 7.532975 -2.757649 30.578024 1.819212 -0.919347 2.536404 -6.813402 3.260923 8.528750 10.427151 -3.110489 -27.515804 0.000000 0.000000 0.000000 -17.595518 -22.387224 9.934486 -40.799747 -23.707212 2.637975 38.631482 -58.526941 -19.518091 0.000000 0.000000 0.000000 18.853801 9.953936 4.186829 46.762226 22.585251 3.531456 -52.154279 68.247059 -31.980207 0.000000 0.000000 0.000000 
-0.179680 0.935505 0.683633 0.605565 -5.956190 0.912308 9.503580 -0.036933 -10.511638 -9.146060 1.531880 6.901803 12.120591 22.618516 19.293081 0.000000 0.000000 0.000000 0.476373 1.490402 -13.889303 1.196204 0.426294 13.495547 4.086004 8.068405 3.087609 0.000000 0.000000 0.000000 7.667505 -2.590402 26.934412 1.534198 -0.775246 1.887313 -5.992241 3.476800 8.402544 9.133718 -2.454307 -27.279109 0.000000 0.000000 0.000000 -17.159270 -20.230355 8.577711 -42.175354 -21.165996 1.935680 35.800973 -62.398615 -19.429589 0.000000 0.000000 0.000000 17.155028 8.480823 3.437643 48.265653 20.788970 2.995108 -46.360137 70.737005 -28.963775 0.000000 0.000000 0.000000 
-0.188855 0.937960 0.695130 0.283046 -4.620429 -0.139433 9.441396 -0.053903 -7.900906 -7.584813 1.133359 5.477969 11.128197 21.450492 18.977462 0.000000 0.000000 0.000000 1.387942 1.079340 -9.873054 1.158108 0.253666 10.112848 3.816439 7.439192 3.077917 0.000000 0.000000 0.000000 8.072008 -2.457408 23.648591 1.023041 -0.537381 2.017828 -5.377398 3.506366 7.954510 8.766751 -2.373581 -26.191016 0.000000 0.000000 0.000000 -17.336463 -18.664565 7.584607 -41.736613 -19.933638 1.557538 33.981623 -64.201924 -19.149896 0.000000 0.000000 0.000000 16.801012 7.656927 3.089967 47.509363 19.800708 2.536333 -42.827609 69.743659 -25.757550 0.000000 0.000000 0.000000 
-0.195864 0.939433 0.705529 0.078523 -3.359777 -0.984511 9.157228 -0.066666 -5.398508 -6.024241 0.792190 3.615938 10.247842 20.410181 18.625747 0.000000 0.000000 0.000000 2.395655 0.663776 -6.007136 0.503528 0.195006 6.336655 3.561615 6.814393 3.136904 0.000000 0.000000 0.000000 8.093662 -2.157180 20.115463 1.170247 -0.622956 2.001699 -5.385430 4.220793 7.351138 8.011390 -1.965253 -25.184003 0.000000 0.000000 0.000000 -16.753633 -17.799399 6.714171 -41.314902 -19.036962 1.362185 33.609896 -64.442306 -19.447675 0.000000 0.000000 0.000000 16.890468 7.368226 3.232590 46.130190 19.053876 2.077330 -38.857497 66.792092 -21.254059 0.000000 0.000000 0.000000 
-0.200671 0.940360 0.714579 -0.033744 -2.408630 -1.749344 8.808067 -0.064107 -3.625318 -4.700885 0.570004 2.746536 9.603233 19.641226 18.332771 0.000000 0.000000 0.000000 3.134465 0.323708 -3.097853 -0.073047 0.168928 3.832602 3.358981 6.302692 3.226471 0.000000 0.000000 0.000000 8.059771 -1.877822 17.330905 0.886274 -0.487206 1.951824 -5.044675 4.671828 7.437799 7.795860 -1.846961 -24.576392 0.000000 0.000000 0.000000 -15.806122 -17.507768 6.308390 -40.915697 -20.225043 1.762791 33.617504 -62.240211 -18.904571 0.000000 0.000000 0.000000 16.846009 7.286014 3.379808 44.279131 19.352045 1.955726 -38.045600 62.966383 -18.973505 0.000000 0.000000 0.000000 
-0.203781 0.941112 0.722236 -0.141524 -1.696873 -2.194190 8.698577 -0.046963 -1.904488 -3.964307 0.455235 1.233119 9.093241 19.022723 18.209516 0.000000 0.000000 0.000000 3.435682 0.011309 -0.608977 -0.071890 0.057200 1.213854 3.334297 5.981961 3.666786 0.000000 0.000000 0.000000 8.151103 -1.576841 14.340164 0.743477 -0.410015 1.597325 -5.283115 5.461492 7.279526 7.656073 -1.782372 -23.526671 0.000000 0.000000 0.000000 -15.089188 -17.661700 6.072041 -40.438490 -21.234598 2.127200 32.009945 -59.528506 -17.292487 0.000000 0.000000 0.000000 17.019156 7.270711 3.651938 42.886792 19.969615 1.981784 -35.533661 58.630347 -15.649498 0.000000 0.000000 0.000000 
-0.205760 0.941708 0.728976 -0.204839 -1.032393 -2.678185 8.401684 -0.028623 -0.436006 -3.089521 0.348009 0.128638 8.642157 18.475562 18.077218 0.000000 0.000000 0.000000 3.604136 -0.249365 1.425227 -0.034059 -0.022056 -0.638789 3.271906 5.645014 4.018903 0.000000 0.000000 0.000000 8.119599 -1.320882 12.036471 0.547776 -0.297709 1.011519 -5.116121 5.879888 7.754087 7.950758 -1.873153 -23.478834 0.000000 0.000000 0.000000 -14.242904 -17.728349 5.932090 -40.563987 -22.903095 2.663594 30.870143 -56.738249 -15.867601 0.000000 0.000000 0.000000 16.571634 7.027591 3.667185 42.614202 21.393189 2.399051 -34.580880 54.741292 -13.691733 0.000000 0.000000 0.000000 
-0.207271 0.941776 0.735171 -0.299952 -0.617735 -3.010700 8.154530 0.000950 1.123579 -2.280583 0.275444 -1.408866 8.341500 18.110642 18.005615 0.000000 0.000000 0.000000 3.659729 -0.461521 3.058575 0.215987 -0.104122 -2.154134 3.270412 5.506864 4.276364 0.000000 0.000000 0.000000 8.051175 -1.030778 9.501497 0.469352 -0.248866 0.650380 -5.168001 6.013683 8.136633 7.805233 -1.786168 -23.303452 0.000000 0.000000 0.000000 -13.031677 -17.758006 5.867756 -41.007751 -23.904917 2.977096 29.481955 -53.640059 -14.194086 0.000000 0.000000 0.000000 16.053047 7.098178 3.749811 43.229531 22.778677 2.958496 -33.235808 51.019739 -11.844002 0.000000 0.000000 0.000000 
-0.208567 0.941367 0.740936 -0.316903 -0.149818 -3.479670 8.002987 0.030980 2.472170 -1.792518 0.243470 -2.386581 8.039476 17.736747 17.753349 0.000000 0.000000 0.000000 3.679434 -0.642629 4.457750 0.370026 -0.149352 -3.021951 3.138333 5.290608 4.181901 0.000000 0.000000 0.000000 7.755528 -0.880331 8.408732 0.211997 -0.111310 0.268425 -4.924486 5.939729 8.431849 7.732892 -1.755795 -23.197677 0.000000 0.000000 0.000000 -12.777754 -17.598052 5.770256 -40.954783 -24.637686 3.185920 28.453618 -51.632247 -13.073742 0.000000 0.000000 0.000000 16.422453 6.744968 3.620015 43.668704 23.996433 3.435135 -32.493792 48.739083 -10.852353 0.000000 0.000000 0.000000 
-0.209688 0.940795 0.745964 -0.318367 0.297594 -3.715921 8.081274 0.045025 3.559545 -1.756189 0.258243 -3.436963 7.758469 17.384439 17.541979 0.000000 0.000000 0.000000 3.723485 -0.798525 5.617268 0.441699 -0.190944 -4.012424 3.020454 5.073348 4.136922 0.000000 0.000000 0.000000 7.632278 -0.734200 7.159243 0.210570 -0.098016 -0.129913 -5.152640 5.605807 8.646995 7.481188 -1.681155 -22.869357 0.000000 0.000000 0.000000 -12.589329 -17.330930 5.664888 -40.954949 -24.888983 3.239053 26.812574 -49.590219 -11.655760 0.000000 0.000000 0.000000 16.628691 6.264354 3.368558 44.911559 24.541465 3.813543 -31.407019 47.715366 -10.100465 0.000000 0.000000 0.000000 
-0.210489 0.940896 0.749720 -0.362234 0.500351 -3.739177 8.124926 0.050540 4.189817 -1.634719 0.261422 -4.149563 7.607921 17.198860 17.583569 0.000000 0.000000 0.000000 3.626207 -0.850400 6.047322 0.806306 -0.226606 -4.277208 2.993471 4.997416 4.181429 0.000000 0.000000 0.000000 7.337685 -0.632598 6.352791 0.104070 -0.038226 -0.379872 -5.027359 5.270522 8.692439 7.448058 -1.760005 -22.463481 0.000000 0.000000 0.000000 -12.900845 -17.023746 5.579786 -40.510994 -24.776418 3.145723 26.068536 -48.074832 -10.835289 0.000000 0.000000 0.000000 17.163752 5.840953 3.121619 45.792103 24.927402 4.088714 -31.131217 47.309416 -9.908648 0.000000 0.000000 0.000000 
-0.210924 0.941193 0.752048 -0.314704 0.582002 -3.721303 8.004808 0.059633 4.512066 -1.457525 0.255706 -4.514699 7.531866 17.109649 17.702131 0.000000 0.000000 0.000000 3.443601 -0.849940 6.132283 1.095577 -0.244485 -4.177879 2.979166 4.972888 4.174654 0.000000 0.000000 0.000000 7.155978 -0.554996 5.689597 -0.063534 0.049948 -0.621660 -5.169993 4.784631 8.549827 7.157213 -1.665774 -22.339193 0.000000 0.000000 0.000000 -13.057411 -16.705987 5.516347 -40.202901 -24.530481 3.030038 25.753649 -46.584876 -10.230978 0.000000 0.000000 0.000000 17.405770 5.872341 3.046683 46.854970 25.016866 4.326924 -30.568800 47.098912 -9.704517 0.000000 0.000000 0.000000 
-0.210951 0.941439 0.753298 -0.250057 0.706852 -3.623114 7.793215 0.065264 4.560494 -1.202493 0.241646 -4.693677 7.458698 17.025839 17.779935 0.000000 0.000000 0.000000 3.448011 -0.856140 6.165785 0.974777 -0.239261 -4.278608 2.939298 4.870504 4.202771 0.000000 0.000000 0.000000 7.019462 -0.502113 5.207149 -0.165848 0.106730 -0.880157 -5.242126 4.731723 8.499171 7.008335 -1.567990 -22.405211 0.000000 0.000000 0.000000 -13.566665 -16.359780 5.349912 -39.951631 -23.909730 2.823208 25.881022 -45.961758 -10.133560 0.000000 0.000000 0.000000 17.794822 5.309187 2.767030 47.409033 24.696732 4.275725 -29.878466 48.429398 -9.715072 0.000000 0.000000 0.000000 
-0.210759 0.941835 0.754051 -0.044989 0.912318 -3.242197 7.419895 0.062526 4.241541 -0.970987 0.229039 -4.853852 7.358553 16.910853 17.928335 0.000000 0.000000 0.000000 3.182058 -0.814590 5.955224 1.060043 -0.253699 -4.546896 2.894599 4.699358 4.333950 0.000000 0.000000 0.000000 7.063778 -0.440347 4.490081 -0.343518 0.193669 -0.947397 -5.600636 4.525101 8.357590 6.730177 -1.419754 -22.358367 0.000000 0.000000 0.000000 -13.978096 -16.014616 5.191909 -39.425424 -23.133977 2.552009 26.814236 -45.882741 -10.525107 0.000000 0.000000 0.000000 18.061736 5.118490 2.664459 48.060498 24.166321 4.166634 -29.386503 50.090234 -9.890560 0.000000 0.000000 0.000000 
-0.210504 0.941826 0.754871 0.148419 0.741844 -3.148589 6.961705 0.081061 4.087499 -0.581744 0.196334 -4.593069 7.479964 17.061088 17.961824 0.000000 0.000000 0.000000 2.949878 -0.793745 5.915346 1.046963 -0.252887 -4.564951 2.943107 4.847982 4.252675 0.000000 0.000000 0.000000 7.037880 -0.417668 4.266653 -0.601157 0.318970 -1.104431 -5.812619 4.706376 8.215018 6.564803 -1.369509 -21.932069 0.000000 0.000000 0.000000 -14.298516 -15.554531 4.936417 -38.836930 -22.371950 2.292743 28.150267 -46.145818 -11.230746 0.000000 0.000000 0.000000 18.276168 4.409259 2.313380 48.856781 23.564289 4.035294 -28.669199 52.598467 -10.090307 0.000000 0.000000 0.000000 
-0.210377 0.941857 0.755993 0.313634 0.535766 -2.964203 6.571442 0.101041 4.146025 -0.248429 0.181164 -4.839703 7.593202 17.201866 18.123695 0.000000 0.000000 0.000000 2.660823 -0.783471 5.987205 1.201840 -0.273280 -4.933796 3.063061 5.056279 4.346953 0.000000 0.000000 0.000000 7.164028 -0.381395 3.840303 -0.825599 0.425826 -1.198651 -6.047998 4.753108 8.000321 6.337659 -1.274123 -21.683909 0.000000 0.000000 0.000000 -14.807786 -15.184754 4.748178 -38.004324 -21.513205 2.001090 29.319266 -46.014949 -11.727816 0.000000 0.000000 0.000000 18.447704 3.938783 2.049009 49.389513 23.017126 3.901622 -27.579807 55.031133 -10.108392 0.000000 0.000000 0.000000 
-0.210479 0.941832 0.757329 0.389371 0.655354 -2.915776 6.347186 0.114590 4.350325 0.022027 0.174357 -5.182392 7.519357 17.114465 18.168032 0.000000 0.000000 0.000000 2.585459 -0.790607 6.078405 1.213865 -0.277161 -5.022230 3.013446 4.977678 4.298056 0.000000 0.000000 0.000000 7.122447 -0.339562 3.432038 -0.700939 0.362233 -0.964791 -6.273693 4.600198 7.717984 6.193531 -1.228181 -21.432668 0.000000 0.000000 0.000000 -14.827656 -14.818926 4.569737 -37.306287 -20.793171 1.761807 30.704736 -46.199115 -12.420728 0.000000 0.000000 0.000000 18.542896 3.591824 1.842511 49.786799 22.231186 3.646889 -27.360259 57.885946 -10.640846 0.000000 0.000000 0.000000 
-0.210764 0.941828 0.758515 0.400182 0.662934 -2.843552 6.159236 0.125204 4.446624 0.368745 0.158508 -5.358058 7.515820 17.113384 18.226861 0.000000 0.000000 0.000000 2.480941 -0.785543 6.091257 1.416625 -0.290821 -5.042938 3.022356 5.000511 4.295482 0.000000 0.000000 0.000000 7.230128 -0.302841 3.030916 -0.759682 0.388541 -0.897968 -6.422463 4.655933 7.683966 6.023101 -1.163301 -21.116353 0.000000 0.000000 0.000000 -14.652159 -14.666829 4.476251 -36.689062 -20.831140 1.737423 31.935783 -45.858957 -12.905528 0.000000 0.000000 0.000000 18.469081 2.961113 1.513180 50.451794 21.732017 3.533241 -27.281571 60.385661 -11.113688 0.000000 0.000000 0.000000 
-0.211150 0.941820 0.759375 0.412950 1.004961 -2.704018 6.145755 0.118433 4.493489 0.436067 0.168221 -5.740594 7.319745 16.879100 18.234398 0.000000 0.000000 0.000000 2.336198 -0.765728 5.989042 1.750527 -0.312672 -5.001052 2.895977 4.740694 4.273452 0.000000 0.000000 0.000000 7.222705 -0.280961 2.774791 -0.676269 0.349772 -0.889004 -6.554185 4.607691 7.571387 5.792804 -1.029094 -20.977761 0.000000 0.000000 0.000000 -14.571073 -14.751526 4.477202 -35.912200 -21.175349 1.800083 32.936092 -45.140413 -13.168230 0.000000 0.000000 0.000000 18.382242 2.653476 1.379371 50.863831 21.521573 3.510395 -28.310871 62.035155 -12.036462 0.000000 0.000000 0.000000 
-0.211460 0.941833 0.759897 0.432884 1.346461 -2.544455 6.219355 0.103359 4.428783 0.324761 0.183848 -6.003879 7.127087 16.649724 18.221855 0.000000 0.000000 0.000000 2.439145 -0.746711 5.757394 1.618069 -0.300692 -4.813953 2.719743 4.423846 4.148183 0.000000 0.000000 0.000000 7.238892 -0.223748 2.169425 -0.684962 0.354510 -0.872855 -6.654436 4.645164 7.824400 5.537823 -0.910925 -20.607410 0.000000 0.000000 0.000000 -14.558124 -14.689777 4.405097 -35.257045 -21.798593 1.915495 33.307626 -44.662503 -13.215172 0.000000 0.000000 0.000000 18.386503 2.271307 1.230861 51.006847 21.556503 3.520312 -28.860133 63.287832 -12.577537 0.000000 0.000000 0.000000 
-0.211499 0.941824 0.760160 0.468618 1.732519 -2.538605 6.055416 0.106057 4.497218 0.577902 0.178545 -6.249531 6.913381 16.394278 18.189421 0.000000 0.000000 0.000000 2.386067 -0.744663 5.755144 1.702710 -0.306502 -4.756038 2.557340 4.103869 4.084417 0.000000 0.000000 0.000000 7.286356 -0.216373 2.074934 -0.703899 0.362132 -0.765870 -6.760326 4.651237 7.702448 5.420215 -0.834161 -20.451678 0.000000 0.000000 0.000000 -14.244996 -14.867980 4.441098 -34.918580 -22.427142 2.073575 33.363038 -44.355546 -13.194136 0.000000 0.000000 0.000000 18.071833 2.159812 1.216493 51.117630 21.575588 3.564737 -29.586843 64.232409 -13.187827 0.000000 0.000000 0.000000 
-0.211307 0.941769 0.760198 0.531878 2.116912 -2.561126 6.006630 0.100026 4.460029 0.544546 0.180607 -6.272956 6.714020 16.148109 18.064342 0.000000 0.000000 0.000000 2.409896 -0.751737 5.786989 1.565599 -0.297818 -4.729548 2.379746 3.766152 3.984873 0.000000 0.000000 0.000000 7.437107 -0.206770 1.951072 -0.842394 0.431190 -0.839540 -6.717510 4.645752 8.085581 5.179816 -0.677812 -20.461742 0.000000 0.000000 0.000000 -14.030491 -14.692289 4.336018 -34.921283 -22.863614 2.165790 33.459125 -44.909729 -13.449278 0.000000 0.000000 0.000000 17.378344 1.969970 1.146882 51.673930 21.422765 3.573218 -30.220260 65.935161 -13.930478 0.000000 0.000000 0.000000 
-0.210939 0.941788 0.759981 0.549248 2.549245 -2.525931 5.818665 0.096597 4.343411 0.826866 0.167441 -6.319338 6.494832 15.885285 17.973026 0.000000 0.000000 0.000000 2.374213 -0.743380 5.721208 1.613043 -0.301498 -4.669446 2.203987 3.397517 3.950984 0.000000 0.000000 0.000000 7.608991 -0.193522 1.768031 -0.766883 0.399979 -0.957186 -6.930442 4.897507 8.362144 5.324589 -0.673050 -20.667652 0.000000 0.000000 0.000000 -13.369799 -14.401747 4.122363 -35.216502 -23.060976 2.226404 33.444564 -46.222845 -13.994725 0.000000 0.000000 0.000000 16.993121 1.541523 1.029519 51.722694 21.238689 3.479955 -30.030172 68.441359 -14.274800 0.000000 0.000000 0.000000 
-0.210534 0.941956 0.759638 0.581164 2.928469 -2.373146 5.580127 0.090801 4.109333 1.155670 0.152982 -6.378473 6.301878 15.658870 17.959121 0.000000 0.000000 0.000000 2.150291 -0.679886 5.307212 1.966590 -0.318028 -4.227762 2.031442 3.057544 3.867429 0.000000 0.000000 0.000000 7.766975 -0.184856 1.608697 -0.886467 0.459328 -1.020067 -7.013644 5.081905 8.671110 5.474221 -0.732549 -20.530589 0.000000 0.000000 0.000000 -13.122815 -13.789394 3.778286 -35.502138 -22.568043 2.104729 33.676155 -49.113919 -15.189658 0.000000 0.000000 0.000000 16.763152 0.985041 0.815598 51.777114 20.384497 3.085907 -28.955498 72.001363 -14.310518 0.000000 0.000000 0.000000 
-0.210041 0.941806 0.759226 0.567158 3.268687 -2.323874 5.501709 0.075879 3.789337 1.282475 0.134065 -6.079010 6.165687 15.484088 17.743046 0.000000 0.000000 0.000000 2.080639 -0.673360 5.275492 2.110137 -0.332056 -4.286472 1.904475 2.781269 3.861460 0.000000 0.000000 0.000000 7.885578 -0.188849 1.598847 -0.957660 0.498341 -1.171306 -7.050998 5.429346 8.870074 5.633812 -0.791196 -20.320811 0.000000 0.000000 0.000000 -12.899784 -12.986527 3.321002 -36.124577 -21.622574 1.893992 33.734489 -52.910341 -16.715670 0.000000 0.000000 0.000000 16.684495 0.249617 0.536668 51.881132 19.041117 2.474216 -25.752296 75.815681 -12.628015 0.000000 0.000000 0.000000 
-0.209376 0.941804 0.758760 0.511860 3.984235 -2.244483 5.499870 0.047716 3.398561 1.350882 0.121438 -5.861583 5.826861 15.060435 17.466824 0.000000 0.000000 0.000000 2.048177 -0.649387 5.073892 2.300174 -0.346440 -4.081315 1.616978 2.167747 3.815428 0.000000 0.000000 0.000000 7.782074 -0.189709 1.570806 -0.829443 0.441459 -1.186451 -7.027513 5.145756 9.022415 5.945709 -0.979457 -20.231310 0.000000 0.000000 0.000000 -12.940090 -11.627040 2.687258 -36.803596 -19.887315 1.435082 33.573448 -57.863887 -18.494230 0.000000 0.000000 0.000000 16.502894 -0.513884 0.141428 52.121666 17.391882 1.768982 -18.398395 79.625177 -7.387243 0.000000 0.000000 0.000000 
-0.208179 0.941606 0.758195 0.550654 4.289456 -2.201128 5.518023 0.027451 3.020754 1.113596 0.117105 -5.436947 5.723610 14.910526 17.166595 0.000000 0.000000 0.000000 1.805618 -0.603300 4.802804 2.564185 -0.362445 -3.700106 1.457420 1.892768 3.637608 0.000000 0.000000 0.000000 7.659247 -0.207037 1.732242 -1.066246 0.562829 -1.487500 -6.624550 5.238244 9.371930 6.272337 -1.164545 -20.179541 0.000000 0.000000 0.000000 -13.153569 -10.489793 2.128678 -37.542466 -17.935574 0.889549 33.681339 -63.710224 -20.885180 0.000000 0.000000 0.000000 16.528880 -1.510295 -0.355615 52.261129 15.618009 0.968740 -2.142431 83.278873 6.586116 0.000000 0.000000 0.000000 
-0.206053 0.941542 0.757362 0.458055 4.920967 -2.057755 5.403751 0.005896 2.623481 1.269578 0.104621 -5.335344 5.450010 14.557150 16.860476 0.000000 0.000000 0.000000 1.725465 -0.554592 4.422350 2.727412 -0.373951 -3.341091 1.182408 1.316317 3.547667 0.000000 0.000000 0.000000 7.574989 -0.244558 2.035688 -0.951032 0.514214 -1.557030 -6.595404 5.077869 9.074464 6.636017 -1.321895 -20.366713 0.000000 0.000000 0.000000 -12.962874 -9.264093 1.547745 -38.750767 -15.528179 0.228135 32.141737 -69.231496 -22.158434 0.000000 0.000000 0.000000 16.358164 -2.478322 -0.849336 53.091294 13.856100 0.302964 25.220918 85.075053 32.074536 0.000000 0.000000 0.000000 
-0.202758 0.941669 0.756376 0.405509 5.189246 -1.964253 5.411540 -0.005464 2.471360 0.969858 0.125103 -5.434331 5.349316 14.413463 16.652246 0.000000 0.000000 0.000000 1.427911 -0.508377 4.153719 3.002596 -0.397184 -3.111423 1.081921 1.075760 3.581759 0.000000 0.000000 0.000000 7.533650 -0.265563 2.206170 -1.092683 0.593273 -1.938748 -6.483589 5.406977 9.254181 6.939436 -1.436977 -20.424450 0.000000 0.000000 0.000000 -12.943972 -8.374096 1.065315 -39.933978 -13.651826 -0.343008 29.198082 -74.030039 -22.053973 0.000000 0.000000 0.000000 16.702773 -3.438487 -1.271498 53.380771 12.673710 -0.244256 52.875380 85.515829 58.766846 0.000000 0.000000 0.000000 
-0.198260 0.941869 0.755074 0.300231 5.637760 -1.852004 5.213144 -0.009674 2.349749 0.999386 0.134196 -5.720205 5.159945 14.158913 16.417795 0.000000 0.000000 0.000000 1.268889 -0.451441 3.728744 3.011322 -0.394253 -2.655760 0.875070 0.621254 3.552961 0.000000 0.000000 0.000000 7.335015 -0.267341 2.229010 -0.979892 0.538991 -1.796215 -6.424509 5.377613 8.770428 7.519931 -1.819551 -19.975216 0.000000 0.000000 0.000000 -12.438394 -7.402181 0.647994 -41.334638 -12.135026 -0.832806 22.948579 -77.283706 -18.416760 0.000000 0.000000 0.000000 16.659423 -4.095606 -1.600789 54.255193 11.862180 -0.491165 63.523275 85.280296 68.921806 0.000000 0.000000 0.000000 
-0.192729 0.942412 0.753504 0.160528 6.150676 -1.822596 5.127536 -0.011616 2.408064 0.767600 0.162301 -6.208157 4.909574 13.831578 16.241642 0.000000 0.000000 0.000000 1.026435 -0.425346 3.582555 3.105680 -0.405771 -2.556650 0.713832 0.165390 3.793098 0.000000 0.000000 0.000000 7.165457 -0.293291 2.495561 -0.872781 0.506913 -2.193408 -6.203796 5.535407 8.772924 7.655189 -1.864883 -19.884795 0.000000 0.000000 0.000000 -12.427218 -6.958808 0.377700 -42.180653 -10.986454 -1.221164 12.218606 -79.372760 -10.322851 0.000000 0.000000 0.000000 16.880274 -4.567682 -1.774947 54.717312 11.871340 -0.475493 64.154840 85.107997 69.638393 0.000000 0.000000 0.000000 
-0.186323 0.942577 0.751251 0.154953 6.580252 -1.921256 4.816760 -0.006407 2.309117 0.558346 0.169584 -6.167205 4.755193 13.587162 15.842500 0.000000 0.000000 0.000000 0.783661 -0.385583 3.315706 2.818406 -0.371480 -2.021948 0.492139 -0.301248 3.707375 0.000000 0.000000 0.000000 6.924819 -0.304792 2.688672 -0.776713 0.464674 -2.148783 -6.001096 5.432204 8.404302 8.081433 -2.184842 -19.416447 0.000000 0.000000 0.000000 -12.132917 -6.438263 0.168706 -42.795547 -10.361517 -1.443910 2.389581 -79.994249 -2.272801 0.000000 0.000000 0.000000 16.588317 -4.629960 -1.795754 55.712626 11.888848 -0.344509 59.415139 85.400788 65.384243 0.000000 0.000000 0.000000 
-0.179474 0.942721 0.748332 0.012323 6.899080 -2.078163 4.556508 -0.001092 2.221027 0.459336 0.170910 -6.089697 4.667281 13.420401 15.432067 0.000000 0.000000 0.000000 0.407089 -0.333671 2.968529 2.958312 -0.379648 -1.334434 0.348920 -0.630683 3.724238 0.000000 0.000000 0.000000 6.644934 -0.334764 3.099130 -0.747807 0.460447 -2.305317 -5.857940 5.685232 8.251750 8.306624 -2.247039 -19.533288 0.000000 0.000000 0.000000 -12.233737 -6.474672 0.089756 -43.200662 -10.424785 -1.406661 -2.172217 -79.569813 1.352403 0.000000 0.000000 0.000000 17.167668 -4.471997 -1.629375 55.762899 12.861630 0.080413 37.125745 85.397802 44.301097 0.000000 0.000000 0.000000 
-0.172443 0.942850 0.744824 -0.188095 6.735078 -2.307615 4.076258 0.020276 2.151524 0.823734 0.145485 -5.823439 4.841335 13.592265 15.093175 0.000000 0.000000 0.000000 0.196358 -0.294854 2.680871 2.821960 -0.355713 -0.749195 0.393619 -0.564280 3.805007 0.000000 0.000000 0.000000 6.403442 -0.363286 3.522646 -0.876564 0.508017 -2.015983 -5.754740 6.231842 7.680804 8.853118 -2.591715 -19.114860 0.000000 0.000000 0.000000 -12.148604 -6.681021 0.098249 -43.375652 -10.776791 -1.231232 -3.787779 -78.319801 2.399795 0.000000 0.000000 0.000000 17.518617 -3.975204 -1.268618 56.159031 14.067232 0.699347 9.551594 83.631528 18.184841 0.000000 0.000000 0.000000 
-0.165614 0.942970 0.741136 -0.367089 6.823467 -2.622705 3.907708 0.021094 1.989869 0.616375 0.138751 -5.324595 4.887648 13.586142 14.642843 0.000000 0.000000 0.000000 -0.024273 -0.239763 2.224370 2.715458 -0.330109 0.322125 0.311932 -0.740536 3.773575 0.000000 0.000000 0.000000 6.030766 -0.385086 3.957118 -0.924415 0.525034 -1.837861 -5.663003 6.738380 7.425544 9.255899 -2.798352 -18.966452 0.000000 0.000000 0.000000 -12.187749 -6.964277 0.110871 -43.630751 -11.516441 -0.941107 -4.833378 -76.666467 2.923754 0.000000 0.000000 0.000000 17.820300 -3.267927 -0.759638 55.890570 15.613412 1.401392 -4.932491 79.896657 5.062292 0.000000 0.000000 0.000000 
-0.159112 0.943135 0.737373 -0.555228 6.563644 -2.751923 3.669893 0.020521 1.726858 0.582221 0.127178 -4.918621 5.103451 13.827652 14.373220 0.000000 0.000000 0.000000 -0.343981 -0.169946 1.631919 2.806367 -0.330484 1.201177 0.400085 -0.591304 3.889948 0.000000 0.000000 0.000000 5.783056 -0.381781 4.061288 -0.984248 0.537797 -1.465021 -5.805161 7.551813 7.003131 9.862651 -3.255464 -18.139094 0.000000 0.000000 0.000000 -12.380067 -7.730262 0.270997 -43.455426 -12.636036 -0.465394 -1.557591 -74.581476 0.058872 0.000000 0.000000 0.000000 18.245603 -2.509647 -0.172423 55.420224 17.151144 2.068139 -9.937055 75.273831 0.968113 0.000000 0.000000 0.000000 
-0.152948 0.943167 0.733546 -0.752699 6.630616 -2.945858 3.583724 0.007207 1.400769 0.337560 0.123711 -4.387997 5.158089 13.844839 13.981107 0.000000 0.000000 0.000000 -0.452962 -0.092994 0.895383 2.620140 -0.291640 2.498926 0.313632 -0.781044 3.865820 0.000000 0.000000 0.000000 5.660699 -0.407436 4.417443 -1.175064 0.631076 -1.553057 -5.871143 8.040341 6.930371 10.022593 -3.340286 -17.920949 0.000000 0.000000 0.000000 -12.624040 -8.713033 0.548379 -43.291112 -14.099542 0.099698 0.797274 -72.277807 -1.829726 0.000000 0.000000 0.000000 18.300825 -1.375427 0.594449 54.619641 18.689718 2.676702 -11.557223 70.326950 -0.233525 0.000000 0.000000 0.000000 
-0.147041 0.943345 0.729601 -0.957370 6.366309 -2.996382 3.470444 -0.005971 1.042839 0.183982 0.121023 -4.004415 5.362136 14.088224 13.793276 0.000000 0.000000 0.000000 -0.615588 -0.008581 0.073202 2.542302 -0.266831 3.590508 0.391816 -0.666618 4.010078 0.000000 0.000000 0.000000 5.697917 -0.411851 4.460478 -1.460487 0.761234 -1.504989 -6.050476 8.741665 6.795079 10.339273 -3.448939 -17.999445 0.000000 0.000000 0.000000 -12.694071 -9.877912 0.923324 -42.936449 -16.519204 0.977338 4.894617 -68.462195 -4.628081 0.000000 0.000000 0.000000 18.133226 -0.159780 1.408180 53.244538 20.441510 3.298440 -12.193916 64.847023 -0.663341 0.000000 0.000000 0.000000 
-0.141444 0.943187 0.725796 -1.122488 6.209676 -3.085849 3.251580 -0.009450 0.839541 0.182015 0.115770 -3.833400 5.508965 14.252994 13.570300 0.000000 0.000000 0.000000 -0.823004 0.085513 -0.890652 2.521622 -0.248979 5.050091 0.399597 -0.656183 4.007240 0.000000 0.000000 0.000000 5.502320 -0.433872 4.803227 -1.637206 0.846737 -1.626271 -6.067305 9.021078 6.809702 10.427117 -3.480163 -17.998664 0.000000 0.000000 0.000000 -13.077364 -10.765590 1.197675 -42.352582 -18.795896 1.786142 8.166717 -65.316606 -6.464581 0.000000 0.000000 0.000000 17.470634 1.150596 2.134267 52.172726 21.883133 3.833414 -12.604977 60.049701 -0.989532 0.000000 0.000000 0.000000 
-0.136372 0.943240 0.722420 -1.470974 5.867363 -3.091920 3.218893 -0.009597 0.784502 0.281998 0.115942 -4.036371 5.717425 14.523760 13.519715 0.000000 0.000000 0.000000 -0.915276 0.193250 -2.027491 2.707673 -0.267198 6.613169 0.513181 -0.482841 4.192072 0.000000 0.000000 0.000000 5.676394 -0.453003 4.922070 -1.811766 0.925473 -1.609116 -6.329758 9.240570 6.827666 10.537427 -3.564326 -17.876603 0.000000 0.000000 0.000000 -13.207120 -11.725904 1.574109 -41.736902 -20.884003 2.475310 12.319786 -62.364550 -8.605519 0.000000 0.000000 0.000000 16.909491 2.175884 2.673613 51.087709 22.916992 4.149237 -14.163529 56.394460 -1.839966 0.000000 0.000000 0.000000 
-0.132103 0.943490 0.719781 -1.531251 5.906950 -2.848568 3.001338 -0.020481 0.543424 0.241792 0.129304 -4.370550 5.697308 14.510194 13.591294 0.000000 0.000000 0.000000 -1.147697 0.274416 -2.945767 2.711063 -0.264315 7.494356 0.495346 -0.607565 4.410810 0.000000 0.000000 0.000000 5.568237 -0.448821 4.875344 -1.926499 0.985010 -1.900031 -6.326842 9.205256 6.992454 10.510866 -3.574937 -17.772093 0.000000 0.000000 0.000000 -13.023130 -12.332485 1.878714 -41.390895 -22.549952 2.966670 16.281306 -60.834299 -10.668369 0.000000 0.000000 0.000000 16.044751 2.758160 2.895187 50.522406 23.510428 4.379738 -15.528504 54.125568 -2.481838 0.000000 0.000000 0.000000 
-0.128830 0.943880 0.718045 -1.630533 5.855384 -2.674621 2.988373 -0.016493 0.622729 0.047424 0.160885 -5.028191 5.681083 14.514780 13.793300 0.000000 0.000000 0.000000 -1.113453 0.313413 -3.357985 2.438574 -0.210706 7.685326 0.532036 -0.627836 4.676943 0.000000 0.000000 0.000000 5.492242 -0.430547 4.680233 -2.032880 1.036539 -2.062519 -6.280442 9.217196 7.176883 10.408660 -3.525747 -17.727189 0.000000 0.000000 0.000000 -12.727178 -12.947363 2.201295 -41.065185 -24.431764 3.509955 20.165574 -59.360376 -12.601396 0.000000 0.000000 0.000000 15.404228 2.955872 2.924676 49.768422 23.817478 4.421396 -17.953559 52.409644 -3.544625 0.000000 0.000000 0.000000 
-0.126398 0.944249 0.717226 -1.695695 5.936879 -2.515027 2.869418 -0.005832 0.780016 0.083160 0.179213 -5.727570 5.589840 14.421123 13.996057 0.000000 0.000000 0.000000 -0.866125 0.314716 -3.298481 1.841163 -0.103740 7.201634 0.516331 -0.741022 4.900627 0.000000 0.000000 0.000000 5.467720 -0.402639 4.354879 -2.069711 1.050875 -1.970983 -6.253185 8.775517 7.159925 10.068477 -3.416407 -17.455748 0.000000 0.000000 0.000000 -12.458809 -13.133899 2.403979 -40.685000 -25.672284 3.828203 23.591632 -58.311254 -14.197897 0.000000 0.000000 0.000000 14.595228 3.243707 2.900504 49.806737 23.952931 4.575761 -20.644547 51.255836 -4.736998 0.000000 0.000000 0.000000 
-0.124634 0.944233 0.717266 -1.718777 5.699264 -2.505497 2.830837 0.021611 1.194374 -0.007126 0.202831 -6.400774 5.676591 14.546867 14.137904 0.000000 0.000000 0.000000 -0.645420 0.286340 -2.939784 1.272968 -0.007585 6.530080 0.617806 -0.547009 4.964116 0.000000 0.000000 0.000000 5.265207 -0.384494 4.258912 -2.058786 1.045081 -1.996738 -6.086930 8.787580 7.211187 9.711996 -3.220053 -17.398231 0.000000 0.000000 0.000000 -12.126595 -13.396755 2.591494 -40.590374 -26.699139 4.111570 27.289221 -57.591861 -16.106525 0.000000 0.000000 0.000000 14.150277 3.335073 2.867512 49.785287 24.104920 4.679657 -22.735872 50.245704 -5.563077 0.000000 0.000000 0.000000 
-0.123405 0.944089 0.717761 -1.747903 5.619328 -2.554549 2.619275 0.062505 1.745941 0.287976 0.213755 -7.202277 5.677590 14.559062 14.264947 0.000000 0.000000 0.000000 -0.402941 0.214761 -2.156185 0.745713 0.057484 5.287378 0.685237 -0.432377 5.058201 0.000000 0.000000 0.000000 5.344318 -0.369394 4.068569 -2.063534 1.042657 -1.804660 -6.011204 8.551620 7.401022 9.405653 -3.099439 -17.227938 0.000000 0.000000 0.000000 -11.870071 -13.296763 2.642260 -40.588950 -27.724768 4.388328 29.568451 -56.434772 -16.945140 0.000000 0.000000 0.000000 13.999560 3.291050 2.783188 50.077597 24.296452 4.807322 -24.785102 49.328041 -6.323179 0.000000 0.000000 0.000000 
-0.122654 0.943778 0.718296 -1.774210 5.383361 -2.510819 2.563040 0.090391 2.143936 0.360673 0.231516 -7.871021 5.776362 14.695034 14.370621 0.000000 0.000000 0.000000 -0.519263 0.157223 -1.579397 0.890926 0.008468 4.194145 0.840232 -0.138570 5.165766 0.000000 0.000000 0.000000 5.456550 -0.375140 4.082191 -2.193811 1.097422 -1.615695 -6.054668 8.765109 7.479414 9.178378 -2.877774 -17.541960 0.000000 0.000000 0.000000 -11.725858 -13.799283 2.863261 -40.274325 -28.636892 4.625162 31.195652 -55.174277 -17.430332 0.000000 0.000000 0.000000 14.261745 3.337455 2.859730 49.935472 24.473833 4.820038 -26.887674 48.793766 -7.083463 0.000000 0.000000 0.000000 
-0.122263 0.943620 0.718447 -1.706509 5.132118 -2.352901 2.382761 0.117668 2.452649 0.506903 0.251074 -8.633991 5.858307 14.828432 14.636592 0.000000 0.000000 0.000000 -0.547004 0.111712 -1.110929 0.735962 0.002461 3.032192 0.995856 0.132640 5.323481 0.000000 0.000000 0.000000 5.570169 -0.386285 4.128104 -2.339379 1.159281 -1.435813 -5.991157 8.673962 7.540087 8.823398 -2.600032 -17.939788 0.000000 0.000000 0.000000 -11.260318 -13.674343 2.916730 -40.167203 -29.525858 4.835138 33.115639 -53.742302 -17.901675 0.000000 0.000000 0.000000 14.190513 3.595485 2.945007 49.984432 25.121975 5.121183 -28.847963 47.834366 -7.750996 0.000000 0.000000 0.000000 
-0.122053 0.943533 0.718246 -1.675103 4.768190 -2.290009 2.200813 0.145860 2.740745 0.748628 0.264473 -9.194373 6.007300 15.044926 14.898033 0.000000 0.000000 0.000000 -0.618661 0.064248 -0.621283 0.740309 -0.028057 1.943471 1.217273 0.511621 5.548899 0.000000 0.000000 0.000000 5.573535 -0.427594 4.568968 -2.472439 1.220270 -1.494057 -5.899502 8.841552 7.443710 8.564359 -2.385747 -18.222023 0.000000 0.000000 0.000000 -10.705715 -13.767377 3.029721 -39.687439 -30.441013 5.011590 34.370458 -51.611302 -17.758318 0.000000 0.000000 0.000000 13.995277 3.809902 3.024077 49.923367 25.748306 5.417535 -30.622034 46.424332 -8.182636 0.000000 0.000000 0.000000 
-0.121974 0.943903 0.717781 -1.579378 4.466181 -2.130236 2.013757 0.168544 2.940954 0.883256 0.284368 -9.826006 6.084365 15.188164 15.348923 0.000000 0.000000 0.000000 -0.719933 0.052613 -0.490669 0.695580 -0.040902 1.291186 1.404312 0.790134 5.823130 0.000000 0.000000 0.000000 5.548432 -0.459812 4.906765 -2.580880 1.266779 -1.376305 -5.836810 8.833927 7.291171 8.458614 -2.278525 -18.527810 0.000000 0.000000 0.000000 -10.212570 -14.028333 3.226207 -38.777790 -31.066559 5.036718 36.436514 -49.585767 -18.010717 0.000000 0.000000 0.000000 13.868300 4.131914 3.143929 49.772924 26.749533 5.859494 -32.232304 45.123560 -8.549688 0.000000 0.000000 0.000000 
-0.121914 0.944021 0.717114 -1.565757 4.324919 -1.928864 1.917827 0.177929 3.016057 1.013008 0.302766 -10.397952 6.103237 15.242934 15.669829 0.000000 0.000000 0.000000 -0.772886 0.065977 -0.619493 0.741685 -0.054773 1.017209 1.491034 0.904519 5.978549 0.000000 0.000000 0.000000 5.638273 -0.521797 5.477713 -2.598746 1.271552 -1.250777 -5.943882 8.680809 6.839146 8.612948 -2.564547 -17.665929 0.000000 0.000000 0.000000 -9.896749 -14.623609 3.537071 -37.128993 -31.826455 4.999004 37.931090 -47.256914 -17.769531 0.000000 0.000000 0.000000 13.603082 4.716353 3.368099 48.973312 28.062823 6.343675 -33.672387 43.055348 -8.675144 0.000000 0.000000 0.000000 
-0.121738 0.944344 0.716082 -1.507665 4.303474 -1.815005 1.767410 0.189059 3.086230 1.133930 0.317500 -10.853766 6.049324 15.206885 15.997120 0.000000 0.000000 0.000000 -0.921001 0.078546 -0.742523 0.860654 -0.073339 0.891899 1.536612 0.922720 6.162289 0.000000 0.000000 0.000000 5.630570 -0.574226 6.013065 -2.538070 1.242335 -1.233647 -6.043171 8.587748 6.683442 8.562233 -2.602280 -17.365175 0.000000 0.000000 0.000000 -9.363470 -15.335986 3.900176 -35.597025 -32.731514 4.955672 38.800856 -44.947389 -17.205798 0.000000 0.000000 0.000000 13.351261 5.043833 3.487926 48.475135 29.428379 6.880109 -34.669537 40.979003 -8.536180 0.000000 0.000000 0.000000 
-0.121394 0.944168 0.714667 -1.577496 4.091550 -1.598163 1.541345 0.194098 3.009777 1.623729 0.331619 -11.271755 6.137861 15.343439 16.238594 0.000000 0.000000 0.000000 -0.898437 0.092826 -0.882941 0.892707 -0.088389 0.497179 1.653602 1.090289 6.332595 0.000000 0.000000 0.000000 5.770109 -0.653114 6.704899 -2.707482 1.316127 -0.959654 -6.035933 8.562183 6.195666 8.438099 -2.803940 -16.042261 0.000000 0.000000 0.000000 -9.186643 -16.019171 4.211254 -33.859514 -33.657912 4.898546 38.704898 -42.746013 -16.209418 0.000000 0.000000 0.000000 12.573813 5.739127 3.709918 47.976822 30.832932 7.507087 -35.592304 38.533204 -8.264667 0.000000 0.000000 0.000000 
-0.120917 0.944287 0.713022 -1.521949 3.975672 -1.549891 1.334929 0.183351 2.734917 1.815565 0.321740 -11.030851 6.205589 15.436476 16.302677 0.000000 0.000000 0.000000 -1.003903 0.133043 -1.306605 0.898935 -0.075296 0.955076 1.680841 1.140007 6.331146 0.000000 0.000000 0.000000 5.670189 -0.737436 7.645293 -2.689082 1.307774 -1.021902 -5.948998 8.476891 6.120268 8.339502 -2.859157 -15.559146 0.000000 0.000000 0.000000 -8.893857 -16.473769 4.449767 -32.635126 -34.387252 4.821206 38.425474 -40.931790 -15.302428 0.000000 0.000000 0.000000 11.901794 6.124739 3.785406 47.458845 32.192233 8.050080 -35.325591 36.426356 -7.687785 0.000000 0.000000 0.000000 
-0.120480 0.944191 0.711676 -1.415286 3.670325 -1.380562 1.151981 0.161120 2.328255 1.877474 0.309788 -10.703818 6.396120 15.678017 16.331428 0.000000 0.000000 0.000000 -1.008548 0.198363 -2.000098 0.626574 -0.018329 1.664990 1.732027 1.300981 6.166562 0.000000 0.000000 0.000000 5.651008 -0.848709 8.797348 -2.748831 1.331331 -0.747479 -6.105351 8.373656 5.758356 8.282092 -3.144149 -14.134285 0.000000 0.000000 0.000000 -8.636427 -17.089311 4.751939 -31.571173 -34.956196 4.749547 38.050751 -38.778429 -14.242998 0.000000 0.000000 0.000000 11.601927 6.875485 4.069522 46.703380 33.016184 8.274460 -35.382653 35.220721 -7.480969 0.000000 0.000000 0.000000 
-0.120365 0.944378 0.710611 -1.372829 3.431700 -1.230121 1.082808 0.128202 1.859228 1.904164 0.290199 -10.221801 6.552159 15.877581 16.355242 0.000000 0.000000 0.000000 -0.908032 0.239014 -2.423027 0.334187 0.029956 1.957635 1.806098 1.435206 6.189052 0.000000 0.000000 0.000000 5.694356 -0.931500 9.600282 -2.709014 1.308373 -0.438686 -6.319396 8.468904 6.061807 8.354138 -3.472744 -12.885899 0.000000 0.000000 0.000000 -7.815303 -17.638166 5.039991 -30.963736 -35.762103 4.722093 36.815214 -36.556206 -12.885170 0.000000 0.000000 0.000000 11.487064 7.065893 4.153897 46.238423 33.695365 8.426524 -35.569182 34.644150 -7.379593 0.000000 0.000000 0.000000 
-0.120671 0.944190 0.709786 -1.508031 3.496677 -0.740114 1.255113 0.068123 1.165245 1.891818 0.284451 -10.082431 6.559174 15.890957 16.318084 0.000000 0.000000 0.000000 -0.531724 0.329247 -3.318969 -0.032215 0.097895 2.496864 1.703470 1.257685 6.097887 0.000000 0.000000 0.000000 5.668685 -1.010112 10.304754 -2.732650 1.314467 -0.234658 -6.345812 8.196374 6.097422 8.137032 -3.562182 -11.925420 0.000000 0.000000 0.000000 -6.818268 -17.946734 5.259798 -30.406240 -36.346986 4.659414 35.106201 -34.528789 -11.457737 0.000000 0.000000 0.000000 11.309466 7.573216 4.341081 45.705024 33.940873 8.402618 -35.405116 34.089255 -7.252001 0.000000 0.000000 0.000000 
-0.121186 0.944526 0.708519 -1.623368 3.298960 -0.333583 1.403770 0.005889 0.403319 1.917646 0.265636 -9.637207 6.693434 16.073950 16.423784 0.000000 0.000000 0.000000 -0.087805 0.419234 -4.156563 -0.551238 0.188792 2.989470 1.748716 1.301503 6.190110 0.000000 0.000000 0.000000 5.532752 -1.082226 11.115559 -2.666456 1.281181 -0.291579 -6.199332 8.331619 6.626716 8.210580 -3.644545 -11.826126 0.000000 0.000000 0.000000 -6.124332 -18.383781 5.480841 -29.941744 -36.886323 4.582314 33.014092 -32.759998 -10.093363 0.000000 0.000000 0.000000 11.174434 7.735223 4.411449 45.506723 34.088222 8.376622 -35.949996 33.886575 -7.326101 0.000000 0.000000 0.000000 
-0.121447 0.944451 0.706546 -1.834959 3.266044 0.356781 1.784747 -0.120935 -1.181549 1.688839 0.218477 -8.416709 6.845490 16.261553 16.162841 0.000000 0.000000 0.000000 0.348674 0.604613 -5.884618 -0.894065 0.300816 4.461943 1.648845 1.123101 6.093686 0.000000 0.000000 0.000000 5.599123 -1.236072 12.441819 -2.685825 1.286931 -0.374908 -6.175253 8.393688 7.057695 8.295299 -3.640158 -12.109801 0.000000 0.000000 0.000000 -5.468078 -18.710378 5.646015 -29.274223 -37.814393 4.536862 31.552958 -30.826031 -8.975002 0.000000 0.000000 0.000000 10.813537 7.966280 4.488532 45.235352 34.861152 8.646231 -36.557260 32.638292 -7.133069 0.000000 0.000000 0.000000 
-0.121281 0.944265 0.703402 -1.886271 3.244762 1.092121 1.911054 -0.250501 -2.893654 1.546648 0.170481 -7.178245 6.979980 16.436475 15.990658 0.000000 0.000000 0.000000 0.441988 0.822078 -7.997226 -1.004746 0.402774 6.414938 1.534674 0.914222 5.988922 0.000000 0.000000 0.000000 5.458726 -1.376639 13.876537 -2.395074 1.148409 -0.620682 -6.317661 8.901909 7.899965 8.895646 -3.847156 -12.853147 0.000000 0.000000 0.000000 -4.093769 -19.852148 6.084920 -28.774809 -38.781396 4.441872 30.520962 -28.599610 -8.027442 0.000000 0.000000 0.000000 10.073640 8.305844 4.643824 44.574364 35.939840 8.927357 -37.358109 30.440586 -6.621883 0.000000 0.000000 0.000000 
-0.120684 0.943578 0.699329 -1.921864 3.453573 1.934808 2.289940 -0.405227 -5.015425 0.868814 0.138223 -5.592199 7.046649 16.521538 15.592999 0.000000 0.000000 0.000000 0.164400 1.065416 -10.641826 -0.554532 0.424219 9.028493 1.313618 0.490441 5.866813 0.000000 0.000000 0.000000 5.409325 -1.567559 15.619133 -2.399553 1.139657 -0.164088 -6.261390 8.839944 8.203325 9.013278 -4.003646 -12.551972 0.000000 0.000000 0.000000 -4.165026 -21.138207 6.575472 -27.432136 -39.527804 4.216106 30.238232 -27.172434 -7.475421 0.000000 0.000000 0.000000 10.158357 9.094158 5.054524 43.076315 37.710170 9.193740 -37.878349 28.221727 -6.133553 0.000000 0.000000 0.000000 
-0.119890 0.942301 0.694412 -1.948230 3.663514 2.855751 2.596139 -0.605133 -7.850130 0.293845 0.079457 -2.987762 7.206148 16.721634 14.946285 0.000000 0.000000 0.000000 -0.332005 1.281983 -13.422009 0.201139 0.350300 11.608886 1.113310 0.075488 5.823344 0.000000 0.000000 0.000000 5.042216 -1.745137 17.734494 -2.003063 0.940833 0.186562 -6.524722 9.223420 8.175341 9.888898 -4.412979 -13.146486 0.000000 0.000000 0.000000 -3.090714 -22.289224 6.970036 -27.079987 -40.743761 4.235215 30.070505 -25.642147 -7.020886 0.000000 0.000000 0.000000 9.746879 10.307558 5.661146 41.360416 39.054779 9.266302 -38.126234 25.025955 -5.253643 0.000000 0.000000 0.000000 
-0.119378 0.937967 0.689318 -1.992513 4.204274 3.612152 3.401538 -0.803865 -11.189618 -1.121542 0.092981 0.705471 7.419796 16.938395 13.278747 0.000000 0.000000 0.000000 -1.066565 1.489226 -16.913332 1.418502 0.131472 15.788405 0.634757 -0.675698 5.121648 0.000000 0.000000 0.000000 4.832427 -2.046616 20.697966 -2.111655 0.987758 0.108645 -6.387343 9.581999 8.451580 10.409209 -4.355930 -14.605064 0.000000 0.000000 0.000000 -3.309200 -23.550933 7.388981 -25.801276 -41.886341 4.027383 30.075718 -24.709628 -6.758802 0.000000 0.000000 0.000000 9.228533 11.362894 6.174780 40.140568 40.407719 9.464552 -37.728372 22.200828 -4.367610 0.000000 0.000000 0.000000 
-0.119060 0.929737 0.684239 -2.057151 4.643113 4.423989 4.570840 -1.013632 -15.687163 -3.111466 0.232033 6.345852 7.967203 17.589078 10.680650 0.000000 0.000000 0.000000 -1.880807 1.631065 -20.530679 2.776896 -0.250797 20.061846 0.073623 -1.352771 3.634459 0.000000 0.000000 0.000000 4.305941 -2.319837 24.054742 -1.504316 0.692861 0.224949 -7.040525 10.464842 7.942625 11.408867 -4.647334 -15.564640 0.000000 0.000000 0.000000 -3.662932 -25.519086 8.002158 -24.330314 -42.336769 3.662279 30.299419 -24.238161 -6.735228 0.000000 0.000000 0.000000 9.524412 12.800416 7.131028 37.234133 41.744468 9.042720 -36.112322 19.251261 -3.361630 0.000000 0.000000 0.000000 
-0.119022 0.915097 0.679547 -2.012230 5.324676 4.775192 6.126110 -1.146838 -20.680235 -6.053604 0.721844 13.683212 8.691049 18.505896 6.799099 0.000000 0.000000 0.000000 -2.781337 1.705752 -24.890388 4.057769 -0.829443 26.653175 -0.763695 -2.311451 0.950496 0.000000 0.000000 0.000000 3.788012 -2.651892 27.906537 -1.387957 0.625523 0.495351 -7.516279 11.281970 7.424543 12.849006 -5.151572 -16.755664 0.000000 0.000000 0.000000 -4.103608 -27.594898 8.661699 -21.833187 -42.402935 2.960895 31.270042 -23.710165 -6.886195 0.000000 0.000000 0.000000 10.366313 13.760380 7.996005 33.552806 43.031418 8.216806 -34.691630 17.176853 -2.708939 0.000000 0.000000 0.000000 
-0.118781 0.894601 0.675237 -2.228079 5.790447 5.387956 8.563135 -1.053930 -26.219273 -10.063157 1.852614 21.344594 9.640636 19.984462 2.382221 0.000000 0.000000 0.000000 -3.391998 1.781815 -30.013305 5.166644 -1.592185 34.014973 -1.609545 -3.221790 -2.344941 0.000000 0.000000 0.000000 3.264572 -2.978875 31.765471 -1.008592 0.445810 0.374749 -8.032828 11.878502 6.881880 13.517832 -5.234069 -17.637937 0.000000 0.000000 0.000000 -4.873077 -29.295840 9.243535 -19.440672 -42.864915 2.341779 31.956908 -23.043493 -6.859319 0.000000 0.000000 0.000000 10.953801 14.997247 8.951469 29.549584 44.128151 7.140610 -32.880773 15.639897 -2.240567 0.000000 0.000000 0.000000 
-0.118236 0.869041 0.671445 -2.177853 6.459991 5.312912 11.023353 -0.781251 -31.291168 -14.743869 3.736736 29.228423 10.448872 21.506101 -2.078039 0.000000 0.000000 0.000000 -4.232954 1.650226 -35.184236 5.977105 -2.581670 42.835643 -2.414332 -4.202291 -5.529455 0.000000 0.000000 0.000000 2.587406 -3.385212 36.647170 -0.604929 0.257270 0.296852 -8.695969 12.863432 6.250493 14.607005 -5.266088 -19.461281 0.000000 0.000000 0.000000 -5.347250 -31.739727 10.043481 -16.693640 -42.683686 1.540228 33.412506 -21.815065 -6.909665 0.000000 0.000000 0.000000 11.593742 16.295823 10.050631 25.167494 45.020734 5.833054 -31.883433 13.931152 -1.819060 0.000000 0.000000 0.000000 
-0.117513 0.838969 0.668001 -2.159864 7.060763 5.360967 13.614048 -0.318383 -36.744644 -19.500901 6.377204 37.095052 11.180135 23.277567 -5.944994 0.000000 0.000000 0.000000 -5.774863 1.132310 -40.736746 7.664716 -4.392808 51.770405 -3.021027 -4.954112 -7.971265 0.000000 0.000000 0.000000 1.717501 -3.769418 41.936916 -0.176231 0.067886 0.013721 -9.341458 13.506409 5.156693 15.310898 -5.340678 -20.276628 0.000000 0.000000 0.000000 -6.628029 -34.595092 11.155848 -13.274714 -41.995612 0.625234 33.408715 -18.839124 -5.967187 0.000000 0.000000 0.000000 11.693573 17.872901 11.087771 20.964505 44.965796 4.425111 -30.375949 11.831380 -1.331285 0.000000 0.000000 0.000000 
-0.116917 0.809456 0.665036 -1.929796 7.272173 5.661828 15.851171 0.281765 -42.048056 -23.688937 9.479546 43.886602 11.833452 25.097336 -7.897350 0.000000 0.000000 0.000000 -7.248324 0.477341 -45.894700 8.842723 -6.001421 59.437251 -3.444669 -5.351349 -9.890398 0.000000 0.000000 0.000000 0.839108 -4.009582 46.771905 -0.144376 0.054895 -0.021606 -9.479670 14.110856 4.507122 16.040749 -4.951862 -22.898762 0.000000 0.000000 0.000000 -6.613401 -36.957929 12.070468 -10.263556 -42.193072 -0.289465 33.171693 -15.161052 -4.799570 0.000000 0.000000 0.000000 10.792536 19.061811 11.582501 17.613517 45.760710 3.533140 -29.668536 9.638809 -0.849993 0.000000 0.000000 0.000000 
-0.116624 0.783641 0.662532 -1.670667 7.792338 6.253747 17.022575 0.580427 -46.059105 -26.175195 11.685469 48.196864 12.251394 26.668144 -11.137037 0.000000 0.000000 0.000000 -8.491244 -0.303330 -49.897545 9.654372 -7.392777 64.884676 -3.956633 -5.911441 -12.288133 0.000000 0.000000 0.000000 -0.023863 -4.149651 50.367295 0.153605 -0.059945 -0.548084 -9.540653 14.555686 4.913894 16.167343 -4.563959 -24.395281 0.000000 0.000000 0.000000 -5.447511 -38.871453 12.724711 -7.994636 -42.836960 -1.181281 31.400077 -10.591960 -3.228889 0.000000 0.000000 0.000000 9.772082 20.274575 12.005929 14.698006 46.770429 2.756574 -28.219990 6.898160 -0.274725 0.000000 0.000000 0.000000 
-0.116405 0.762142 0.660313 -1.594469 8.127210 6.774369 18.563662 1.128531 -50.152502 -28.608204 14.211573 52.291485 12.623990 27.770018 -11.133087 0.000000 0.000000 0.000000 -9.408870 -1.012871 -53.598378 10.330345 -8.631719 69.619041 -4.203185 -6.307719 -13.020032 0.000000 0.000000 0.000000 -0.539879 -4.387390 53.756472 -0.254630 0.126264 -0.524485 -9.628183 14.759809 4.597496 16.228066 -4.567782 -24.351516 0.000000 0.000000 0.000000 -4.570419 -40.510649 13.300730 -5.388623 -42.956146 -2.112984 29.575852 -8.053419 -2.312557 0.000000 0.000000 0.000000 8.955701 21.358872 12.379369 12.069713 47.130719 1.941890 -27.442972 5.879049 -0.096933 0.000000 0.000000 0.000000 
-0.115850 0.746254 0.658511 -1.519238 8.491058 7.384158 19.534344 1.484466 -53.211641 -30.183556 15.996879 54.831372 12.898382 28.609664 -11.367749 0.000000 0.000000 0.000000 -10.067498 -1.628909 -56.207173 10.739733 -9.489176 72.620096 -4.469672 -6.699437 -14.083737 0.000000 0.000000 0.000000 -1.010995 -4.598280 56.660560 -0.291514 0.178835 -1.423166 -9.563201 15.190780 4.804850 16.014759 -4.193920 -25.122051 0.000000 0.000000 0.000000 -3.047838 -41.953944 13.669112 -3.383842 -42.910914 -2.926909 27.092624 -6.053516 -1.590984 0.000000 0.000000 0.000000 9.071490 22.727990 13.260475 8.839741 47.193706 0.774811 -25.920989 4.021238 0.207301 0.000000 0.000000 0.000000 
-0.114852 0.732257 0.656891 -1.334728 8.525852 7.870082 20.451933 1.963080 -56.057987 -31.705694 17.927987 57.161446 13.292596 29.329376 -10.168435 0.000000 0.000000 0.000000 -10.630354 -2.175068 -59.181339 10.882495 -10.039929 76.055892 -4.423499 -6.801880 -13.236879 0.000000 0.000000 0.000000 -1.521572 -4.664788 59.518557 -0.692385 0.373234 -1.864781 -9.418686 15.086651 4.609329 15.679775 -3.852649 -25.826343 0.000000 0.000000 0.000000 -1.044704 -42.619063 13.685329 -1.873267 -43.196608 -3.582297 26.150580 -4.339631 -1.143754 0.000000 0.000000 0.000000 8.009356 23.175566 13.106998 8.030021 47.631034 0.602082 -25.728244 3.538276 0.290456 0.000000 0.000000 0.000000 
-0.113645 0.721838 0.655528 -1.099269 8.615927 8.504974 21.144316 2.326692 -58.097980 -33.119358 19.397887 58.148381 13.580421 29.959219 -9.818545 0.000000 0.000000 0.000000 -11.293504 -2.811776 -61.700829 11.149589 -10.609197 78.533629 -4.321145 -6.831716 -12.202734 0.000000 0.000000 0.000000 -1.852863 -4.709834 61.263281 -0.576395 0.345952 -2.600284 -9.371020 14.925402 5.016053 15.381533 -3.749998 -25.702481 0.000000 0.000000 0.000000 -0.228726 -43.007779 13.766388 0.175151 -42.819930 -4.285156 24.810765 -3.244261 -0.816492 0.000000 0.000000 0.000000 8.049729 24.150073 13.628321 5.608203 47.127979 -0.339785 -25.233608 3.439608 0.261713 0.000000 0.000000 0.000000 
-0.112628 0.711078 0.654110 -0.797459 8.730938 8.915995 21.665610 2.619229 -59.922958 -34.385446 20.803227 59.185634 13.866939 30.586642 -9.633937 0.000000 0.000000 0.000000 -11.924550 -3.481093 -64.118309 12.069711 -11.899817 81.067589 -5.019640 -9.687207 -10.770674 0.000000 0.000000 0.000000 -2.191249 -4.715520 62.781105 -0.748930 0.421015 -2.623805 -9.438176 14.722133 4.746082 15.284806 -3.851563 -25.175163 0.000000 0.000000 0.000000 1.889504 -43.499279 13.616343 2.135890 -42.955342 -5.061087 23.940488 -1.671881 -0.478795 0.000000 0.000000 0.000000 6.834628 24.008436 13.085965 5.675051 47.287645 -0.201660 -25.676412 3.979274 0.179219 0.000000 0.000000 0.000000 
-0.111918 0.702145 0.652407 -0.570971 8.913814 9.185765 22.110763 2.840351 -61.288308 -35.478681 21.918058 59.817384 14.066292 31.086893 -9.782894 0.000000 0.000000 0.000000 -12.637421 -4.197684 -65.778208 13.392478 -13.583621 82.657616 -5.981086 -12.962087 -9.971450 0.000000 0.000000 0.000000 -2.386459 -4.797563 63.949782 -0.674486 0.396027 -2.857578 -9.432603 14.155555 4.970787 14.681788 -3.759030 -24.512847 0.000000 0.000000 0.000000 2.415743 -43.937625 13.747395 4.587714 -41.951416 -5.673178 23.102397 -0.175276 -0.168044 0.000000 0.000000 0.000000 6.215613 24.447852 12.979559 4.953544 47.247354 -0.441534 -26.261838 4.109795 0.151756 0.000000 0.000000 0.000000 
-0.111603 0.695305 0.650300 -0.507290 9.019603 9.364398 22.283253 2.937284 -62.247238 -35.887156 22.499399 60.389462 14.166034 31.568851 -10.677853 0.000000 0.000000 0.000000 -13.084207 -4.746662 -67.449131 14.798159 -15.277230 83.765913 -7.126716 -16.737875 -7.902196 0.000000 0.000000 0.000000 -2.798646 -4.696515 65.054670 -0.401518 0.273960 -2.753742 -9.431612 14.258861 5.064141 15.000155 -4.037585 -24.099035 0.000000 0.000000 0.000000 3.794071 -45.008988 13.827798 7.472645 -40.977742 -6.490758 21.660339 1.405286 0.115648 0.000000 0.000000 0.000000 5.161247 24.556727 12.648782 4.107454 47.395143 -0.628598 -26.486605 3.987047 0.181215 0.000000 0.000000 0.000000 
-0.111585 0.692941 0.648173 -0.652297 9.028179 9.594462 22.583937 3.103151 -62.482527 -36.230516 22.658623 60.028068 14.103324 31.802405 -11.853870 0.000000 0.000000 0.000000 -13.366283 -5.049806 -68.308784 16.461081 -16.877582 83.136236 -8.548061 -20.772928 -5.892593 0.000000 0.000000 0.000000 -3.083997 -4.530403 65.223566 -0.199415 0.177786 -2.536877 -9.313214 13.959697 5.256036 14.966091 -4.154950 -23.714794 0.000000 0.000000 0.000000 5.073503 -45.776006 13.831024 9.366360 -39.576645 -6.797135 20.810794 2.343324 0.257693 0.000000 0.000000 0.000000 4.481647 25.201975 12.672737 3.252563 47.787133 -0.893761 -26.993249 3.385632 0.302751 0.000000 0.000000 0.000000 
-0.111753 0.696907 0.646279 -0.897345 8.984010 9.718497 22.406620 2.991010 -61.866421 -35.722642 21.911943 59.173267 13.895790 31.745475 -13.129599 0.000000 0.000000 0.000000 -13.236376 -4.914906 -68.137742 16.860742 -16.976182 81.871919 -8.815190 -21.453287 -4.893652 0.000000 0.000000 0.000000 -3.489010 -4.155824 64.443029 0.313731 -0.080970 -1.734276 -9.293917 14.492054 5.046042 15.868708 -4.649172 -23.500147 0.000000 0.000000 0.000000 6.302686 -46.529494 13.746390 9.842718 -39.132345 -6.967980 20.192258 2.824042 0.310315 0.000000 0.000000 0.000000 4.442331 25.358386 12.837216 2.846523 47.887072 -0.994471 -27.392630 2.461644 0.518286 0.000000 0.000000 0.000000 
-0.111932 0.707341 0.645170 -1.121514 8.990900 9.790866 21.726409 2.569986 -60.460334 -34.508448 20.353449 57.684305 13.589288 31.324292 -14.047183 0.000000 0.000000 0.000000 -13.062743 -4.640398 -66.972080 17.036629 -16.695952 79.778796 -8.691966 -21.127229 -4.356830 0.000000 0.000000 0.000000 -3.511394 -4.018810 63.309659 0.443187 -0.146261 -1.562150 -9.064696 14.276723 5.322160 15.690135 -4.597375 -23.428527 0.000000 0.000000 0.000000 7.162015 -46.544994 13.561996 9.274866 -39.226948 -6.834970 20.359424 2.759424 0.291528 0.000000 0.000000 0.000000 3.575909 25.297336 12.455375 4.761699 48.678522 -0.209586 -28.138218 2.590009 0.533722 0.000000 0.000000 0.000000 
-0.111915 0.725916 0.644932 -1.431804 9.174207 9.919080 20.674261 1.893846 -58.147086 -32.644724 17.918228 55.020571 13.164787 30.344715 -14.208323 0.000000 0.000000 0.000000 -12.592389 -4.123246 -64.704818 17.016566 -15.891618 75.905065 -8.668588 -21.044738 -3.242699 0.000000 0.000000 0.000000 -3.635813 -3.820535 61.574010 1.079191 -0.461101 -0.983731 -9.164624 14.402658 4.755231 16.325094 -5.205722 -22.336920 0.000000 0.000000 0.000000 7.397700 -46.580389 13.523210 8.004859 -39.448715 -6.533549 19.978873 1.580867 0.120290 0.000000 0.000000 0.000000 4.424125 25.543708 12.965575 5.744556 48.955010 0.116089 -28.129399 2.278528 0.608519 0.000000 0.000000 0.000000 
-0.111713 0.750311 0.645876 -1.647012 8.900393 9.973370 18.995148 1.132223 -54.981242 -29.743258 14.900420 51.689403 12.807483 29.146712 -13.350764 0.000000 0.000000 0.000000 -11.867184 -3.225931 -61.778467 16.811134 -14.604017 71.143242 -8.654315 -21.000551 -1.608143 0.000000 0.000000 0.000000 -3.385115 -3.630028 59.214452 1.183265 -0.502505 -1.084966 -9.041661 14.091884 4.935688 16.536281 -5.349867 -22.361497 0.000000 0.000000 0.000000 6.397241 -46.144498 13.644470 5.014897 -40.562781 -5.765565 20.663030 0.363592 -0.060483 0.000000 0.000000 0.000000 5.023536 25.040851 12.901884 9.429253 49.421668 1.466305 -28.738231 3.351350 0.422636 0.000000 0.000000 0.000000 
-0.111044 0.779156 0.648112 -1.729992 8.698128 9.596639 17.289654 0.428814 -50.803242 -27.026637 11.986094 47.200546 12.374341 27.379082 -10.670297 0.000000 0.000000 0.000000 -10.889752 -2.196883 -57.565955 16.048941 -12.655420 65.012138 -8.765276 -21.179175 0.772306 0.000000 0.000000 0.000000 -3.256714 -3.344711 56.389320 2.078435 -0.945902 -0.498618 -9.276677 13.535561 4.231440 17.241655 -6.038430 -21.507447 0.000000 0.000000 0.000000 3.709847 -45.037906 13.906637 1.111695 -41.439299 -4.470670 20.847696 -1.828891 -0.384548 0.000000 0.000000 0.000000 7.901876 24.482099 13.614950 12.875022 50.107468 2.604969 -29.046580 4.665123 0.144335 0.000000 0.000000 0.000000 
-0.110166 0.810897 0.651819 -1.959851 8.222901 9.243822 15.411738 -0.142962 -46.168005 -23.539302 9.033679 42.014979 11.822100 25.406534 -7.032233 0.000000 0.000000 0.000000 -9.305523 -0.892800 -52.791293 14.485710 -10.078007 58.287222 -8.394213 -20.304254 2.923744 0.000000 0.000000 0.000000 -2.761788 -3.148434 53.101822 1.883092 -0.881177 -0.118219 -8.747269 12.904989 4.163004 17.549613 -6.590471 -20.558512 0.000000 0.000000 0.000000 1.501835 -44.127242 14.106440 -3.572499 -42.317738 -2.904220 21.346633 -4.021380 -0.736868 0.000000 0.000000 0.000000 8.905824 23.239166 13.168797 18.363402 49.896305 4.629456 -29.353668 6.943919 -0.318413 0.000000 0.000000 0.000000 
-0.108946 0.841404 0.656701 -2.098873 7.963494 8.606878 12.948252 -0.796993 -40.830144 -19.261522 6.089613 36.089203 11.062981 23.300842 -3.950848 0.000000 0.000000 0.000000 -7.580718 0.197479 -47.196556 12.465939 -7.438768 50.707983 -8.140515 -19.683654 5.188442 0.000000 0.000000 0.000000 -2.283410 -2.986528 49.661111 2.083411 -0.982891 -0.011511 -8.375221 12.236131 4.588282 17.035483 -6.529929 -20.052618 0.000000 0.000000 0.000000 -0.421092 -41.399787 13.498143 -9.355221 -43.867299 -1.002077 21.827909 -6.441271 -1.178313 0.000000 0.000000 0.000000 10.349922 22.247165 12.947509 23.428159 49.269295 6.345027 -29.152308 9.438336 -0.844218 0.000000 0.000000 0.000000 
-0.107612 0.868186 0.662433 -2.380400 7.235772 8.210771 10.903972 -1.095397 -35.838457 -15.195512 3.917968 29.979988 10.374194 21.669976 -0.533696 0.000000 0.000000 0.000000 -5.782772 1.135085 -42.264496 10.577185 -5.204333 43.413793 -7.901272 -19.149322 8.178820 0.000000 0.000000 0.000000 -1.399627 -2.832339 45.398503 1.923192 -0.916246 0.107077 -8.364037 12.124800 4.963724 17.164915 -7.082456 -18.708206 0.000000 0.000000 0.000000 -2.602031 -39.870411 13.257567 -14.810195 -43.812958 0.894373 21.560034 -9.253906 -1.640406 0.000000 0.000000 0.000000 12.627282 20.472764 12.683919 28.429529 48.001940 7.721752 -28.521255 12.122326 -1.341139 0.000000 0.000000 0.000000 
-0.106008 0.888953 0.668859 -2.378695 6.907639 7.705295 8.806525 -1.369520 -31.394132 -11.630375 2.379477 24.628095 9.625061 20.191889 2.510593 0.000000 0.000000 0.000000 -4.269718 1.656226 -37.547834 8.514465 -3.400369 36.499609 -8.186827 -19.563687 11.452012 0.000000 0.000000 0.000000 -0.477534 -2.768858 41.216830 2.019628 -0.985336 0.441106 -8.128936 11.404439 5.480951 16.294769 -6.774805 -18.248971 0.000000 0.000000 0.000000 -4.883325 -37.608253 12.739927 -20.171565 -43.271429 2.715997 20.427678 -12.064348 -1.979115 0.000000 0.000000 0.000000 13.636395 19.695599 12.366221 32.897516 45.939240 8.640106 -27.826618 14.501900 -1.762336 0.000000 0.000000 0.000000 
-0.104321 0.904948 0.676661 -2.401057 5.801868 6.897380 7.392753 -1.331484 -26.973313 -9.165039 1.563582 19.966512 9.286573 19.580064 5.209496 0.000000 0.000000 0.000000 -3.184921 1.996104 -33.820477 6.925031 -2.179851 31.484483 -7.905633 -19.033940 15.663351 0.000000 0.000000 0.000000 0.292782 -2.524780 37.221367 1.433660 -0.716536 0.587818 -7.724711 10.906507 6.560766 16.070000 -7.002774 -17.525792 0.000000 0.000000 0.000000 -6.650554 -35.785919 12.292508 -25.025756 -41.463993 4.044595 19.704973 -14.785841 -2.322295 0.000000 0.000000 0.000000 14.080873 18.374000 11.512752 36.756022 43.868994 9.210767 -26.243880 17.311688 -2.149054 0.000000 0.000000 0.000000 
-0.102362 0.918560 0.686510 -2.343134 5.381189 5.960493 5.828045 -1.316238 -22.554426 -6.707373 0.879356 15.519842 8.733377 18.683536 7.462524 0.000000 0.000000 0.000000 -2.137017 2.096598 -29.527526 4.817809 -1.065700 25.811395 -7.640465 -18.550175 20.316165 0.000000 0.000000 0.000000 1.495324 -2.509848 33.149082 1.134834 -0.563624 0.378388 -7.390586 10.356810 8.084122 15.108135 -6.276458 -18.369030 0.000000 0.000000 0.000000 -7.643881 -33.448992 11.471931 -30.080079 -39.984715 5.163551 18.173135 -17.632871 -2.523190 0.000000 0.000000 0.000000 12.850560 16.919622 10.170365 42.002084 41.717563 10.265457 -24.727922 20.038542 -2.417953 0.000000 0.000000 0.000000 
-0.100489 0.928194 0.698560 -2.370719 4.330379 4.855326 4.740937 -1.157609 -18.355777 -4.889570 0.508196 12.079626 8.664780 18.563494 9.100705 0.000000 0.000000 0.000000 -1.156966 2.150202 -25.908478 2.978637 -0.296501 21.786109 -6.901392 -17.621064 24.499768 0.000000 0.000000 0.000000 2.459346 -2.393584 29.939578 0.283859 -0.154719 0.299047 -6.787901 10.040859 8.944599 14.232208 -5.985249 -17.894916 0.000000 0.000000 0.000000 -8.667835 -31.343647 10.757546 -34.562871 -37.442612 5.726084 16.324465 -20.224416 -2.552456 0.000000 0.000000 0.000000 12.197230 15.385107 8.964292 46.071301 39.227839 10.591860 -22.779187 22.508443 -2.518616 0.000000 0.000000 0.000000 
-0.098732 0.936291 0.712633 -2.222964 3.608211 3.638929 3.522852 -0.977146 -13.990966 -3.195627 0.229691 8.671943 8.508656 18.318702 10.522550 0.000000 0.000000 0.000000 -0.825333 1.932666 -21.820931 1.905619 0.048100 17.527574 -6.208078 -16.875108 28.115031 0.000000 0.000000 0.000000 3.289182 -2.256395 26.791285 -0.109732 0.047931 -0.036810 -6.157322 9.604147 9.623781 12.944430 -4.833751 -19.665920 0.000000 0.000000 0.000000 -9.308238 -28.544570 9.688527 -39.507073 -34.570022 5.978316 13.436268 -22.484813 -2.242749 0.000000 0.000000 0.000000 11.817236 13.744850 7.828477 49.674584 36.267972 10.354222 -20.099949 25.177182 -2.421371 0.000000 0.000000 0.000000 
-0.097593 0.941306 0.727997 -1.992042 3.019837 2.584008 2.686241 -0.776050 -10.375758 -2.262446 0.120862 6.339043 8.469860 18.241576 11.348550 0.000000 0.000000 0.000000 -0.331809 1.746728 -18.527232 0.498303 0.384366 14.804148 -5.667922 -16.376673 30.496212 0.000000 0.000000 0.000000 3.898630 -2.046662 23.556961 -0.693287 0.342508 -0.569980 -5.342053 8.924575 10.133444 11.837749 -4.213861 -20.026343 0.000000 0.000000 0.000000 -9.900225 -25.217789 8.415316 -44.001718 -31.061127 5.616846 9.703472 -24.741705 -1.626134 0.000000 0.000000 0.000000 11.403079 12.076416 6.687080 52.874289 33.193045 9.763637 -17.118574 27.754323 -2.111544 0.000000 0.000000 0.000000 
-0.097156 0.945068 0.744288 -1.696029 2.834570 1.616743 1.825447 -0.544193 -6.747282 -1.313030 0.040889 3.804458 8.259910 17.925041 11.948721 0.000000 0.000000 0.000000 -0.245388 1.396400 -14.502432 -0.028919 0.413578 11.520727 -5.464594 -16.100395 29.834422 0.000000 0.000000 0.000000 4.536360 -1.816105 19.975581 -0.941564 0.476597 -1.136879 -5.035745 8.331811 10.457873 10.488025 -3.368901 -20.603084 0.000000 0.000000 0.000000 -9.587915 -22.231357 7.214209 -47.774118 -27.470795 4.713804 5.650052 -25.803948 -0.745438 0.000000 0.000000 0.000000 11.714806 10.374648 5.759878 55.109911 29.751884 8.512704 -13.962856 30.131937 -1.576598 0.000000 0.000000 0.000000 
-0.097470 0.945737 0.760989 -1.604299 2.629242 0.710774 1.539521 -0.310314 -3.678047 -0.884944 0.031300 2.170216 8.257997 17.872202 11.714861 0.000000 0.000000 0.000000 0.109444 1.178421 -11.816394 -0.590065 0.498318 10.492660 -5.419351 -16.021335 28.900094 0.000000 0.000000 0.000000 4.961517 -1.580954 16.983489 -1.106611 0.563829 -1.475887 -4.755748 8.128582 10.127011 10.018123 -3.325944 -19.620737 0.000000 0.000000 0.000000 -10.033657 -20.147079 6.349000 -48.970826 -23.560592 3.298427 1.952142 -26.743196 0.093948 0.000000 0.000000 0.000000 13.333724 8.793034 5.133663 55.292057 26.456798 6.720290 -10.520842 31.911671 -0.807519 0.000000 0.000000 0.000000 
-0.098154 0.945791 0.777677 -1.375155 2.665600 -0.334646 1.133850 -0.076213 -0.728778 -0.426716 0.013833 0.971445 8.156800 17.681196 11.408953 0.000000 0.000000 0.000000 -0.029798 0.864556 -8.685568 -0.557243 0.433330 8.984186 -5.495052 -16.054566 27.827909 0.000000 0.000000 0.000000 5.445072 -1.338494 13.964635 -1.169906 0.590739 -1.197647 -4.602895 7.923446 9.084643 9.525689 -2.916000 -20.182124 0.000000 0.000000 0.000000 -10.474413 -18.448528 5.593479 -49.722981 -20.302384 2.126208 -0.754806 -26.454900 0.710256 0.000000 0.000000 0.000000 14.026566 7.080451 4.279138 55.993949 23.106222 5.190850 -7.152135 33.149021 0.066569 0.000000 0.000000 0.000000 
-0.099091 0.945368 0.793643 -1.130088 3.190675 -1.632354 1.011647 0.180181 2.469788 -0.359818 0.049157 -0.365485 7.775721 17.073241 10.972397 0.000000 0.000000 0.000000 -0.069747 0.560049 -5.596961 -0.714149 0.421974 8.057560 -5.827676 -16.375988 26.982974 0.000000 0.000000 0.000000 5.880805 -1.081110 11.052776 -1.204455 0.613078 -1.178871 -4.234777 7.509083 8.702025 9.107853 -2.827707 -19.430098 0.000000 0.000000 0.000000 -11.155745 -16.988671 4.931175 -49.577503 -17.854780 1.195582 -2.876878 -26.963524 1.206093 0.000000 0.000000 0.000000 14.138361 5.276382 3.302888 56.741110 19.794713 3.675860 -4.112795 34.191063 0.940469 0.000000 0.000000 0.000000 
-0.100373 0.945252 0.808127 -0.782409 3.877181 -2.708502 0.799934 0.383320 4.993977 -0.223411 0.060886 -1.143400 7.322458 16.374484 10.761350 0.000000 0.000000 0.000000 -0.187054 0.230713 -2.297844 -0.922831 0.378630 6.180378 -6.169375 -16.726186 26.351048 0.000000 0.000000 0.000000 5.951332 -0.812548 8.484772 -0.833304 0.454206 -1.481295 -4.231313 7.322059 8.607645 8.859361 -2.517844 -20.133067 0.000000 0.000000 0.000000 -10.959841 -15.625204 4.288779 -49.961446 -17.222187 0.939476 -3.795168 -27.433419 1.406379 0.000000 0.000000 0.000000 13.852725 3.377223 2.334749 57.569641 17.611697 2.726490 -2.133823 34.746487 1.593923 0.000000 0.000000 0.000000 
-0.102142 0.945007 0.820814 -0.594176 4.403798 -3.259574 0.728928 0.516888 6.754207 0.013602 0.061196 -1.795945 6.991798 15.866438 10.661634 0.000000 0.000000 0.000000 -0.320125 0.006433 -0.067106 -0.741117 0.294611 4.900380 -6.414269 -16.996730 25.970536 0.000000 0.000000 0.000000 6.300694 -0.614920 6.377316 -0.774182 0.427658 -1.383666 -4.202869 6.861379 8.320935 8.499617 -2.517699 -19.071219 0.000000 0.000000 0.000000 -11.328569 -15.031702 4.025115 -48.838829 -17.628616 1.131004 -4.358411 -27.525751 1.545304 0.000000 0.000000 0.000000 14.083192 2.561181 1.896482 57.460165 16.383343 2.097845 -1.623477 34.982761 1.756136 0.000000 0.000000 0.000000 
-0.104683 0.945393 0.831787 -0.341504 4.878598 -3.537623 0.856329 0.615260 8.316450 -0.137978 0.107365 -2.832709 6.584627 15.296064 10.966689 0.000000 0.000000 0.000000 -0.480503 -0.213840 2.119776 -0.561676 0.187775 2.936319 -6.543734 -17.135149 25.878078 0.000000 0.000000 0.000000 6.328603 -0.420891 4.486315 -0.599192 0.343397 -1.238860 -4.396398 6.656136 7.585674 8.076122 -2.299230 -18.724769 0.000000 0.000000 0.000000 -11.327425 -14.769742 3.874270 -47.978111 -18.679392 1.595149 -4.570819 -27.848743 1.591171 0.000000 0.000000 0.000000 14.379823 1.779195 1.514387 56.791826 15.758453 1.761491 -1.068055 35.937656 2.005801 0.000000 0.000000 0.000000 
-0.107936 0.945595 0.841151 -0.294431 5.044331 -3.861431 1.159994 0.680699 9.697728 -0.191297 0.135488 -3.624130 6.364124 15.010231 11.284702 0.000000 0.000000 0.000000 -0.434139 -0.410178 3.997348 -0.303267 0.088465 1.318717 -6.496878 -17.076039 25.817633 0.000000 0.000000 0.000000 6.701110 -0.283188 3.068926 -0.581880 0.340780 -1.344967 -4.649481 6.287490 7.134246 7.746312 -2.303284 -17.702977 0.000000 0.000000 0.000000 -11.907900 -14.377962 3.687373 -46.587947 -19.741523 2.021152 -5.087733 -28.583672 1.760674 0.000000 0.000000 0.000000 14.263521 1.607616 1.368067 56.395486 15.437291 1.611205 -1.762939 37.353975 1.888891 0.000000 0.000000 0.000000 
-0.111808 0.945381 0.848829 -0.109389 5.399881 -4.096272 1.531427 0.697380 10.646614 -0.539417 0.170257 -4.037441 6.076656 14.607542 11.426136 0.000000 0.000000 0.000000 -0.387049 -0.574275 5.503323 -0.215938 0.027874 0.053422 -6.613988 -17.214198 25.674810 0.000000 0.000000 0.000000 6.709037 -0.165342 1.950007 -0.471009 0.296491 -1.481970 -4.911689 6.062659 6.540908 7.075174 -1.897663 -17.593413 0.000000 0.000000 0.000000 -11.852454 -14.661817 3.798077 -45.866315 -20.919238 2.474780 -4.789542 -29.434864 1.718470 0.000000 0.000000 0.000000 14.283559 1.416071 1.262835 55.763822 15.676015 1.710461 -2.564745 38.383553 1.709956 0.000000 0.000000 0.000000 
-0.116084 0.944737 0.854764 -0.083824 5.562672 -4.255743 1.666036 0.742067 11.699954 -0.181471 0.173529 -4.978929 5.926704 14.414987 11.616553 0.000000 0.000000 0.000000 -0.097126 -0.697865 6.474775 -0.224202 -0.000301 -0.677722 -6.697568 -17.322152 25.381988 0.000000 0.000000 0.000000 6.823759 -0.090528 1.224452 -0.510716 0.321896 -1.616692 -5.119794 5.681750 6.334343 6.851708 -1.824283 -17.374496 0.000000 0.000000 0.000000 -11.969979 -14.700913 3.850999 -45.108087 -22.162483 2.897537 -4.233187 -30.881617 1.650472 0.000000 0.000000 0.000000 14.380698 1.673318 1.352059 54.747009 16.527380 2.012798 -3.987954 39.656218 1.292629 0.000000 0.000000 0.000000 
-0.120621 0.943730 0.858826 -0.003143 5.668212 -4.246151 1.857527 0.738830 12.077933 -0.056573 0.173909 -5.246972 5.872899 14.330585 11.583862 0.000000 0.000000 0.000000 0.156815 -0.781858 7.072518 -0.253596 -0.022108 -1.292652 -6.804475 -17.464581 24.904631 0.000000 0.000000 0.000000 6.826070 -0.024451 0.560192 -0.471664 0.301072 -1.541763 -5.589911 5.711857 5.821027 6.302153 -1.446192 -17.453419 0.000000 0.000000 0.000000 -11.812857 -14.779881 3.850179 -44.767358 -23.351766 3.343200 -3.166227 -31.487271 1.356003 0.000000 0.000000 0.000000 14.551169 1.948743 1.528259 54.028085 17.109036 2.235239 -6.004085 40.410096 0.657794 0.000000 0.000000 0.000000 
-0.125287 0.943005 0.861092 -0.063600 5.872923 -4.032158 2.237699 0.682897 12.019299 0.004328 0.174673 -5.405703 5.784310 14.197630 11.540486 0.000000 0.000000 0.000000 0.613222 -0.836190 7.261050 -0.331623 -0.035505 -1.812724 -6.962405 -17.660320 24.632738 0.000000 0.000000 0.000000 6.886843 0.015625 0.094052 -0.434584 0.280436 -1.447390 -5.735622 5.506126 5.601839 6.067665 -1.278416 -17.629167 0.000000 0.000000 0.000000 -11.494980 -14.991296 3.974250 -44.425565 -24.317158 3.662018 -2.294213 -32.321110 1.133554 0.000000 0.000000 0.000000 14.449102 1.988944 1.529959 53.257250 17.896106 2.535814 -7.521309 40.640517 0.141141 0.000000 0.000000 0.000000 
-0.129813 0.942618 0.861978 -0.152996 6.318138 -3.807921 2.639620 0.606479 11.758836 0.103352 0.170029 -5.462771 5.580392 13.900981 11.492608 0.000000 0.000000 0.000000 1.105677 -0.885564 7.352700 -0.400818 -0.050030 -2.322782 -7.218262 -17.968379 24.607006 0.000000 0.000000 0.000000 6.877228 0.047388 -0.298744 -0.396971 0.274531 -1.682588 -5.836464 5.370225 5.871182 5.528857 -0.894095 -17.927507 0.000000 0.000000 0.000000 -11.301865 -14.937865 3.951698 -44.275081 -25.396876 3.998443 -1.480823 -33.424621 0.907716 0.000000 0.000000 0.000000 14.804820 2.229169 1.708536 52.074599 18.527414 2.621151 -9.223637 40.857588 -0.417989 0.000000 0.000000 0.000000 
-0.133830 0.942834 0.861898 -0.174538 6.749380 -3.409220 2.887127 0.537885 11.242985 0.256058 0.162975 -5.517471 5.352519 13.607049 11.641130 0.000000 0.000000 0.000000 1.498243 -0.887270 7.117263 -0.485498 -0.058155 -2.703733 -7.449956 -18.234792 24.803422 0.000000 0.000000 0.000000 6.751844 0.068158 -0.632408 -0.218083 0.198770 -1.819025 -6.002420 5.405540 6.211686 5.384487 -0.725914 -18.254131 0.000000 0.000000 0.000000 -10.988593 -15.229451 4.058591 -44.287605 -26.122851 4.217185 0.234574 -35.144960 0.363586 0.000000 0.000000 0.000000 14.505406 2.391313 1.837991 51.573740 18.835657 2.688023 -10.669852 41.143153 -0.869921 0.000000 0.000000 0.000000 
-0.137004 0.943069 0.861331 -0.168258 7.256585 -2.987158 3.139609 0.460381 10.526232 0.255792 0.156400 -5.326544 5.103515 13.269557 11.682703 0.000000 0.000000 0.000000 1.955797 -0.880119 6.790690 -0.831949 -0.038529 -3.006857 -7.746699 -18.577492 25.052598 0.000000 0.000000 0.000000 6.707048 0.115317 -1.256444 -0.205732 0.193518 -1.786314 -6.058189 5.439958 6.742419 5.291958 -0.646404 -18.216094 0.000000 0.000000 0.000000 -10.556866 -15.227181 4.050379 -44.238158 -27.006774 4.455373 1.914578 -37.124232 -0.241441 0.000000 0.000000 0.000000 14.214813 2.285589 1.831227 50.806670 19.195491 2.726867 -11.803202 41.106586 -1.207964 0.000000 0.000000 0.000000 
-0.139339 0.943075 0.860469 -0.164578 7.642347 -2.726885 3.242052 0.416434 10.041574 0.402728 0.145086 -5.221270 4.927842 13.027573 11.673475 0.000000 0.000000 0.000000 2.201770 -0.882211 6.659886 -0.932796 -0.046981 -3.379975 -7.951963 -18.813978 25.194378 0.000000 0.000000 0.000000 6.834788 0.140567 -1.602443 -0.199871 0.199407 -1.922328 -6.181134 5.640725 7.409474 5.538051 -0.706066 -18.489088 0.000000 0.000000 0.000000 -10.234152 -15.584503 4.170118 -44.126816 -27.642963 4.595929 4.580269 -39.012467 -1.281776 0.000000 0.000000 0.000000 13.792772 2.037133 1.763620 50.333181 19.687489 2.853653 -12.941106 40.972201 -1.517191 0.000000 0.000000 0.000000 
-0.140832 0.943044 0.859510 -0.159908 8.039378 -2.397907 3.449933 0.363904 9.620320 0.260902 0.155852 -5.362969 4.724021 12.743567 11.665898 0.000000 0.000000 0.000000 2.461166 -0.885222 6.530819 -1.159635 -0.052503 -3.893871 -8.162953 -19.050254 25.372831 0.000000 0.000000 0.000000 6.851574 0.187011 -2.200446 -0.199201 0.201525 -1.940264 -6.108666 5.674383 8.092488 5.629098 -0.806923 -18.074208 0.000000 0.000000 0.000000 -10.069181 -15.659731 4.192490 -43.955470 -28.271260 4.728358 7.210095 -41.271397 -2.430906 0.000000 0.000000 0.000000 13.463524 1.979962 1.763208 49.702570 19.987263 2.864188 -14.206102 41.404003 -1.912189 0.000000 0.000000 0.000000 
-0.141689 0.942654 0.858685 -0.055129 8.284840 -2.309732 3.503312 0.344288 9.422922 0.105470 0.162242 -5.331569 4.612834 12.564047 11.540286 0.000000 0.000000 0.000000 2.570748 -0.905572 6.613747 -1.425505 -0.049781 -4.270426 -8.322683 -19.250139 25.304090 0.000000 0.000000 0.000000 6.780369 0.203264 -2.414167 -0.015794 0.115269 -1.891444 -6.245122 5.663280 8.289515 5.773315 -0.867882 -18.136637 0.000000 0.000000 0.000000 -9.906512 -15.455624 4.099179 -43.753377 -28.492038 4.754479 10.247261 -43.195948 -3.851848 0.000000 0.000000 0.000000 13.222384 1.779340 1.667984 49.399563 20.047732 2.856297 -15.587291 42.044401 -2.378601 0.000000 0.000000 0.000000 
-0.142109 0.942476 0.858082 -0.032847 8.632788 -2.457789 3.747339 0.308608 9.385756 -0.243856 0.173574 -5.142705 4.444626 12.289942 11.361612 0.000000 0.000000 0.000000 2.711498 -0.967232 6.973227 -1.632996 -0.053936 -4.657852 -8.490221 -19.450944 25.408645 0.000000 0.000000 0.000000 6.604272 0.204481 -2.428065 0.143933 0.052319 -2.043076 -6.135902 5.330158 8.670599 6.067451 -1.166094 -17.578553 0.000000 0.000000 0.000000 -10.054473 -15.423283 4.109814 -43.177970 -28.359274 4.610588 13.531697 -45.354101 -5.490118 0.000000 0.000000 0.000000 13.188815 1.671805 1.587687 48.497564 20.119607 2.732498 -16.802151 43.418384 -2.900393 0.000000 0.000000 0.000000 
-0.142380 0.942510 0.857711 0.005193 8.680882 -2.509409 3.977259 0.283327 9.398595 -0.686335 0.194360 -5.114091 4.390024 12.209175 11.363293 0.000000 0.000000 0.000000 2.680226 -1.005866 7.256693 -1.627628 -0.080430 -5.100589 -8.466671 -19.417251 25.481315 0.000000 0.000000 0.000000 6.575506 0.207815 -2.456446 0.361899 -0.049439 -2.016893 -6.277805 5.272186 8.481161 6.314187 -1.391409 -17.152295 0.000000 0.000000 0.000000 -9.688241 -15.070071 3.987333 -42.663251 -28.135904 4.457791 15.733422 -46.935449 -6.746194 0.000000 0.000000 0.000000 13.091804 1.192931 1.331549 48.168727 19.911875 2.627435 -17.593825 45.226516 -3.299472 0.000000 0.000000 0.000000 
-0.142648 0.942186 0.857394 -0.048425 8.851371 -2.664620 4.324883 0.242051 9.409464 -1.127613 0.211728 -4.929534 4.318108 12.062626 11.165259 0.000000 0.000000 0.000000 2.718077 -1.056668 7.586176 -1.546318 -0.105251 -5.422855 -8.526107 -19.492430 25.476177 0.000000 0.000000 0.000000 6.448697 0.209923 -2.464610 0.609100 -0.176988 -1.774766 -6.223660 4.852179 8.346552 6.885481 -1.877758 -16.661446 0.000000 0.000000 0.000000 -9.802048 -15.122922 4.055981 -41.847880 -27.798480 4.258822 18.610261 -48.069072 -8.225656 0.000000 0.000000 0.000000 13.113853 0.952542 1.149352 47.604598 20.093615 2.638783 -18.252323 46.730015 -3.723663 0.000000 0.000000 0.000000 
-0.142770 0.941743 0.856962 -0.218521 8.817022 -2.917883 4.846717 0.189928 9.517838 -1.716346 0.237795 -4.709177 4.352937 12.056045 10.929758 0.000000 0.000000 0.000000 2.923283 -1.111964 7.869691 -1.595957 -0.108565 -5.540594 -8.501558 -19.476525 25.367111 0.000000 0.000000 0.000000 6.410723 0.208726 -2.389182 0.805875 -0.274015 -1.689597 -6.191117 4.385555 8.245934 6.984787 -2.058432 -16.324630 0.000000 0.000000 0.000000 -9.967889 -14.876187 4.018494 -41.383771 -27.400613 4.080803 20.602320 -48.445792 -9.154656 0.000000 0.000000 0.000000 13.073446 1.059654 1.116229 47.150348 20.117522 2.604573 -18.344199 47.791568 -3.948576 0.000000 0.000000 0.000000 
-0.142666 0.941133 0.856203 -0.462579 8.685276 -3.027456 5.306431 0.136151 9.212537 -2.115192 0.252017 -4.059894 4.505057 12.191450 10.537874 0.000000 0.000000 0.000000 3.067016 -1.107042 7.771705 -1.419897 -0.108507 -5.315266 -8.465855 -19.448829 25.122361 0.000000 0.000000 0.000000 6.204165 0.190447 -2.185948 1.119289 -0.428851 -1.568769 -6.085202 4.064528 7.786480 7.561543 -2.544727 -15.909665 0.000000 0.000000 0.000000 -10.597377 -14.816007 4.008133 -40.892893 -27.043644 3.971004 21.957340 -48.047455 -9.625876 0.000000 0.000000 0.000000 13.455534 1.356303 1.212823 46.609183 20.192217 2.573115 -18.213354 48.306271 -4.043164 0.000000 0.000000 0.000000 
-0.142193 0.940584 0.854886 -0.788020 8.491952 -3.160513 5.651712 0.098440 8.876409 -2.221533 0.252063 -3.370463 4.711332 12.407459 10.127111 0.000000 0.000000 0.000000 3.303090 -1.122258 7.766808 -1.318569 -0.115805 -5.303784 -8.367685 -19.337222 24.961319 0.000000 0.000000 0.000000 6.166536 0.169169 -1.909841 1.345716 -0.547250 -1.410312 -6.012927 3.762098 7.486255 8.068298 -2.882885 -16.051361 0.000000 0.000000 0.000000 -11.159643 -14.654779 3.968941 -40.541328 -27.355072 4.068906 23.135765 -47.189758 -9.882366 0.000000 0.000000 0.000000 13.952326 1.742040 1.357053 46.116801 20.277780 2.544149 -18.463153 48.159679 -4.245476 0.000000 0.000000 0.000000 
-0.141463 0.940289 0.852741 -1.095150 8.191010 -3.484815 5.945174 0.076975 8.738630 -2.329348 0.253724 -2.711491 4.934995 12.673765 9.814213 0.000000 0.000000 0.000000 3.367020 -1.064813 7.380368 -0.992755 -0.087817 -4.310324 -8.279783 -19.248022 24.696816 0.000000 0.000000 0.000000 6.028276 0.113170 -1.202138 1.694246 -0.723609 -1.272441 -6.110957 3.624805 6.855598 8.507486 -3.298759 -15.460277 0.000000 0.000000 0.000000 -11.215632 -14.726423 4.025191 -40.776878 -27.683112 4.258318 24.233080 -46.144308 -10.098465 0.000000 0.000000 0.000000 14.547545 2.197580 1.559235 45.730276 19.995004 2.407725 -18.336157 48.137484 -4.287876 0.000000 0.000000 0.000000 
-0.140375 0.940214 0.849594 -1.288385 7.703585 -3.496580 5.865873 0.088457 8.177930 -2.111227 0.230465 -1.930506 5.272072 13.140522 9.615325 0.000000 0.000000 0.000000 3.234272 -0.972169 6.835389 -0.608203 -0.093651 -3.747165 -8.056323 -18.975167 24.490466 0.000000 0.000000 0.000000 5.965562 0.064766 -0.641316 1.850671 -0.805889 -1.205012 -6.130621 3.761073 6.470830 8.872586 -3.500809 -15.623451 0.000000 0.000000 0.000000 -11.640623 -15.112072 4.178193 -40.501588 -28.362445 4.501446 24.600379 -44.748148 -9.890940 0.000000 0.000000 0.000000 15.118834 2.225081 1.576357 45.786504 19.919444 2.383828 -18.442795 48.204295 -4.367218 0.000000 0.000000 0.000000 
-0.138939 0.940380 0.845379 -1.527361 7.482400 -3.311197 5.915811 0.072668 7.507150 -2.041579 0.220121 -1.557098 5.449296 13.389210 9.496344 0.000000 0.000000 0.000000 3.038632 -0.837377 5.984136 -0.020622 -0.120610 -3.133767 -7.952377 -18.828990 24.536361 0.000000 0.000000 0.000000 5.903962 0.032692 -0.326601 1.884271 -0.833290 -1.059983 -6.136440 3.529679 5.928019 9.120334 -3.709279 -15.478431 0.000000 0.000000 0.000000 -11.773225 -15.569230 4.420934 -40.206806 -29.400121 4.850049 25.696331 -43.820357 -10.077985 0.000000 0.000000 0.000000 15.426218 2.396260 1.602246 45.721750 19.396709 2.217245 -18.291947 49.145224 -4.480731 0.000000 0.000000 0.000000 
-0.136821 0.940897 0.840183 -1.675492 6.983279 -3.069654 5.809155 0.069518 6.559714 -2.022274 0.207962 -0.799058 5.756474 13.859880 9.502277 0.000000 0.000000 0.000000 2.604281 -0.673970 4.983445 0.685949 -0.164607 -2.472019 -7.676090 -18.470015 24.631617 0.000000 0.000000 0.000000 5.792155 -0.015855 0.171847 1.959033 -0.868987 -1.080657 -6.153731 3.697258 5.453440 9.438458 -3.878711 -15.619739 0.000000 0.000000 0.000000 -11.898168 -16.225668 4.713722 -39.604087 -30.409192 5.126711 26.976893 -43.177654 -10.439462 0.000000 0.000000 0.000000 15.985673 2.366664 1.587953 45.292177 19.042082 2.042861 -18.879364 50.601472 -4.922413 0.000000 0.000000 0.000000 
-0.133847 0.941638 0.834270 -1.912348 6.273916 -2.969512 5.863126 0.059121 5.741340 -2.250965 0.219057 -0.023985 6.137178 14.454985 9.593881 0.000000 0.000000 0.000000 2.240764 -0.505663 3.850451 1.305422 -0.195910 -1.412903 -7.289586 -17.985932 24.818401 0.000000 0.000000 0.000000 5.720504 -0.077826 0.859087 1.907616 -0.850921 -1.035979 -5.951838 3.635781 4.905919 9.488848 -3.943943 -15.597191 0.000000 0.000000 0.000000 -11.851090 -16.440896 4.887331 -38.658756 -31.406946 5.315166 28.148875 -42.861616 -10.776293 0.000000 0.000000 0.000000 15.979582 2.838145 1.727454 44.930298 18.679963 1.931899 -20.416845 51.752905 -5.873939 0.000000 0.000000 0.000000 
-0.129805 0.942525 0.827858 -2.051972 5.463988 -2.773896 5.942086 0.046338 4.943524 -2.850205 0.274677 0.526969 6.528562 15.078811 9.811138 0.000000 0.000000 0.000000 1.832454 -0.368189 2.887179 1.677547 -0.221700 -0.894710 -6.806735 -17.398608 25.105824 0.000000 0.000000 0.000000 5.750643 -0.111604 1.200295 1.786875 -0.800668 -0.969839 -5.804445 3.621404 4.671646 9.086469 -3.744627 -15.503526 0.000000 0.000000 0.000000 -11.429841 -16.907338 5.193005 -37.637829 -32.619072 5.493282 29.307572 -42.255446 -11.005525 0.000000 0.000000 0.000000 15.775019 2.908150 1.655999 44.730167 18.811401 2.004639 -22.280785 52.675147 -6.965053 0.000000 0.000000 0.000000 
-0.124653 0.943113 0.821035 -2.212126 4.743189 -2.786759 5.691806 0.043633 3.926446 -2.928928 0.273076 1.802046 6.970546 15.747792 9.800609 0.000000 0.000000 0.000000 1.518517 -0.212560 1.681930 1.817449 -0.205707 0.432508 -6.446242 -16.979488 25.330242 0.000000 0.000000 0.000000 5.550239 -0.148330 1.656827 1.852723 -0.821640 -1.172203 -5.736317 3.728931 4.704499 9.125616 -3.861107 -15.201469 0.000000 0.000000 0.000000 -10.832720 -16.991771 5.293597 -36.856803 -33.709654 5.630124 31.157237 -42.290126 -11.744471 0.000000 0.000000 0.000000 15.636276 3.195317 1.747085 44.309419 18.659259 1.912335 -24.773974 53.288809 -8.317218 0.000000 0.000000 0.000000 
-0.118464 0.943702 0.813259 -2.335370 3.648424 -2.673943 5.508679 0.031982 2.852283 -3.378219 0.324710 2.926815 7.567974 16.671521 9.981549 0.000000 0.000000 0.000000 0.823891 -0.087789 0.709863 2.412958 -0.264515 0.934762 -5.781476 -16.212508 25.591494 0.000000 0.000000 0.000000 5.293682 -0.164042 1.888469 1.562112 -0.670056 -1.506550 -5.189078 4.114575 5.022865 8.811428 -3.549703 -15.946690 0.000000 0.000000 0.000000 -9.774967 -17.312100 5.510352 -36.013403 -35.135093 5.796003 32.986297 -41.962371 -12.345970 0.000000 0.000000 0.000000 15.351782 2.894968 1.526694 43.933085 18.953360 1.975177 -25.784930 53.238343 -8.838561 0.000000 0.000000 0.000000 
-0.111263 0.943611 0.803788 -2.367263 2.852871 -2.585756 4.967804 0.019129 1.802523 -3.440545 0.333925 3.777571 8.073591 17.433115 9.933470 0.000000 0.000000 0.000000 0.452585 0.074444 -0.754549 2.186843 -0.208706 2.203445 -5.415936 -15.822470 25.710972 0.000000 0.000000 0.000000 4.686326 -0.201429 2.473391 1.508021 -0.618141 -2.089380 -4.825025 4.371113 5.315723 9.408020 -3.961792 -15.946415 0.000000 0.000000 0.000000 -8.640464 -17.469117 5.629111 -35.067711 -37.468368 6.173992 36.826607 -41.642855 -13.806609 0.000000 0.000000 0.000000 14.920763 2.810433 1.430168 43.894452 19.202059 2.059260 -27.190349 53.077228 -9.510111 0.000000 0.000000 0.000000 
-0.102895 0.943380 0.792367 -2.450324 1.716664 -2.817993 4.790237 0.008649 1.098623 -4.193706 0.450750 4.468856 8.682849 18.356373 9.980717 0.000000 0.000000 0.000000 -0.235116 0.215975 -2.151288 2.487776 -0.218055 3.672294 -4.796333 -15.154510 25.923802 0.000000 0.000000 0.000000 4.226036 -0.256359 3.367511 1.435422 -0.584371 -2.280984 -4.407737 4.781681 5.063681 9.174777 -3.880680 -15.722223 0.000000 0.000000 0.000000 -7.385201 -17.942639 5.856543 -33.451028 -39.373866 6.262020 40.890781 -40.640224 -15.107490 0.000000 0.000000 0.000000 14.927724 2.945885 1.433608 43.128500 19.253973 2.036450 -27.187846 53.123193 -9.630365 0.000000 0.000000 0.000000 
-0.093317 0.943425 0.779129 -2.377254 -0.247435 -3.124668 4.317614 0.009486 0.474265 -4.927771 0.594108 5.092719 9.678509 19.871383 10.557934 0.000000 0.000000 0.000000 -1.221534 0.340479 -3.596122 2.914125 -0.243158 4.972456 -3.661116 -13.953006 26.224920 0.000000 0.000000 0.000000 3.472670 -0.283875 4.139403 1.423993 -0.568212 -2.933756 -3.512745 4.700272 6.648643 8.550524 -3.396561 -17.177132 0.000000 0.000000 0.000000 -5.851758 -16.614734 5.507895 -31.405978 -42.439605 6.353182 44.890167 -38.431702 -15.542563 0.000000 0.000000 0.000000 14.346806 2.986956 1.226265 42.024355 20.543526 2.298569 -25.456479 52.186798 -8.864621 0.000000 0.000000 0.000000 
-0.083308 0.943172 0.764930 -2.346165 -1.947563 -3.422019 4.026750 0.007797 0.059626 -5.828067 0.768084 5.064752 10.521319 21.122193 11.080707 0.000000 0.000000 0.000000 -2.763888 0.430092 -5.035316 4.450255 -0.447117 6.061015 -2.578439 -12.868147 26.914064 0.000000 0.000000 0.000000 3.154375 -0.331473 5.082332 1.831292 -0.745223 -3.558297 -3.339779 4.925525 7.298922 8.223495 -3.463091 -16.217499 0.000000 0.000000 0.000000 -4.903785 -17.382108 5.870949 -28.309786 -43.428986 5.635729 47.873581 -36.669248 -15.808438 0.000000 0.000000 0.000000 12.638987 2.608129 0.907840 41.775680 19.954536 2.100584 -22.528493 54.760026 -8.087399 0.000000 0.000000 0.000000 
-0.074105 0.942670 0.750546 -2.079719 -4.148381 -3.504049 3.301119 -0.007459 -0.435842 -6.288227 0.881118 4.722765 11.673087 22.774087 11.975807 0.000000 0.000000 0.000000 -3.763668 0.497086 -6.167015 4.337204 -0.382202 7.399762 0.347962 -8.355164 23.150249 0.000000 0.000000 0.000000 2.679956 -0.303891 5.013607 1.702708 -0.736606 -2.863547 -2.771611 4.034090 7.794471 6.078180 -2.096821 -18.032811 0.000000 0.000000 0.000000 -4.299822 -16.579757 5.766841 -27.178596 -44.581687 5.615200 51.852607 -35.251900 -16.191120 0.000000 0.000000 0.000000 10.550087 4.520970 1.478834 41.633764 19.940711 2.155601 -20.496827 54.402716 -7.556230 0.000000 0.000000 0.000000 
-0.067249 0.941190 0.735646 -1.678444 -6.113053 -3.988118 3.116427 -0.018554 -0.841999 -7.520856 1.141319 4.783620 12.684100 24.174659 12.725888 0.000000 0.000000 0.000000 -4.703570 0.465580 -5.886572 4.486030 -0.317879 11.213619 -0.812638 -6.910008 10.831125 0.000000 0.000000 0.000000 2.422690 -0.317836 5.566047 1.691596 -0.758097 -2.641622 -2.663644 3.378197 8.409494 5.516387 -1.897595 -18.631242 0.000000 0.000000 0.000000 -3.893221 -16.551601 5.898161 -25.608850 -44.834644 5.233834 54.377561 -34.180619 -16.214406 0.000000 0.000000 0.000000 8.675938 5.567231 1.740226 41.578552 20.362004 2.299814 -19.163655 54.089469 -7.264773 0.000000 0.000000 0.000000 
-0.063964 0.938943 0.719174 -1.302843 -7.292648 -4.213369 2.931455 -0.060400 -1.533865 -8.159517 1.276279 4.530107 13.359840 25.088949 13.127354 0.000000 0.000000 0.000000 -5.471410 0.357493 -3.961372 5.010019 -0.251409 18.013901 -3.461913 -7.725177 -1.933057 0.000000 0.000000 0.000000 1.943255 -0.290323 5.485959 1.313340 -0.601986 -2.402415 -2.594558 2.418936 9.107333 5.244581 -1.844844 -19.513106 0.000000 0.000000 0.000000 -4.173798 -16.268084 5.973902 -24.812922 -45.000147 5.058690 55.861344 -33.952854 -16.244108 0.000000 0.000000 0.000000 9.501175 6.697043 2.004172 41.295724 19.746430 2.038678 -18.737033 54.054728 -7.436072 0.000000 0.000000 0.000000 
-0.063978 0.935744 0.700600 -0.847148 -8.877558 -3.702151 3.287165 -0.183583 -3.749516 -9.367924 1.593096 5.283314 14.366885 26.366644 13.908891 0.000000 0.000000 0.000000 -6.171952 0.278209 -1.447865 5.665909 -0.082301 26.068815 -6.194047 -11.716644 -10.065865 0.000000 0.000000 0.000000 1.605572 -0.241683 4.748137 1.495861 -0.707429 -1.659744 -3.228868 2.867251 9.317179 5.475831 -1.857116 -20.860272 0.000000 0.000000 0.000000 -4.033689 -16.447540 6.075407 -23.012040 -44.800074 4.435164 57.344874 -31.974417 -15.640368 0.000000 0.000000 0.000000 10.116335 6.560952 1.884126 41.181504 19.848311 2.052499 -20.336775 54.040680 -8.296328 0.000000 0.000000 0.000000 
-0.067246 0.933599 0.679395 -0.964529 -10.166693 -3.628924 4.116987 -0.267624 -6.507340 -9.700987 1.879183 7.733799 15.270304 27.317592 15.158247 0.000000 0.000000 0.000000 -6.113295 0.196168 1.226931 5.362178 0.445898 32.234110 -7.908996 -17.418644 -6.821777 0.000000 0.000000 0.000000 1.487291 -0.236449 4.729917 1.220329 -0.583627 -1.957558 -2.882978 2.014377 9.600128 5.801829 -2.322178 -20.317731 0.000000 0.000000 0.000000 -4.608946 -15.803083 6.043209 -22.695158 -43.923659 4.220566 59.616692 -33.725070 -16.996194 0.000000 0.000000 0.000000 11.474226 7.979941 2.215387 40.782417 19.518981 1.947549 -18.993588 54.572122 -8.098482 0.000000 0.000000 0.000000 
-0.072824 0.929086 0.654579 0.069124 -13.398755 -3.782928 4.198648 -0.281169 -7.879295 -10.279444 2.140562 7.678164 17.268080 29.475849 17.292015 0.000000 0.000000 0.000000 -7.141787 0.282114 3.292159 4.155638 1.440902 34.207682 -9.565862 -22.070232 2.590809 0.000000 0.000000 0.000000 -0.307519 -0.170657 5.068088 0.383421 -0.213942 -1.463930 -1.130721 4.223057 9.797797 3.731354 -1.106252 -20.282119 0.000000 0.000000 0.000000 -4.699198 -16.423023 6.295071 -19.753737 -43.776879 3.284641 58.209833 -33.215205 -16.333942 0.000000 0.000000 0.000000 11.620415 9.683726 3.000888 41.183216 17.778164 1.408941 -25.817148 54.033969 -11.407776 0.000000 0.000000 0.000000 
-0.080719 0.923958 0.624986 0.610077 -15.409869 -3.139164 5.251099 -0.240308 -12.353687 -10.889049 2.724945 11.024534 18.693263 30.440722 19.894074 0.000000 0.000000 0.000000 -7.102755 0.325879 5.652013 1.879353 1.914183 28.871905 -6.621466 -15.765453 2.072976 0.000000 0.000000 0.000000 0.249956 -0.191897 5.049969 -0.561845 0.263123 0.058179 -1.322579 3.371401 6.885379 2.472881 -0.824783 -16.452745 0.000000 0.000000 0.000000 -4.813012 -15.559377 6.108834 -21.019571 -42.509489 3.698675 58.516559 -32.182476 -15.503085 0.000000 0.000000 0.000000 13.726199 11.888381 3.575645 40.498115 17.861605 1.780434 -31.079654 49.969946 -13.333347 0.000000 0.000000 0.000000 
