v -0.6236469745635986 -0.616474986076355 0.9238160848617554
v -0.5565610527992249 -0.6085934638977051 0.9474445581436157
v -0.48118332028388977 -0.583810031414032 0.9144917726516724
v -0.446453720331192 -0.596796989440918 0.9263899326324463
v -0.4139865040779114 -0.6087918281555176 0.9514209032058716
v -0.36161357164382935 -0.5981608629226685 0.9356992840766907
v -0.32292836904525757 -0.6132030487060547 0.9535374045372009
v -0.2783818244934082 -0.6159191131591797 0.9616585969924927
v -0.24076111614704132 -0.6313174366950989 1.002806544303894
v -0.19808875024318695 -0.6342912316322327 1.0098943710327148
v -0.1436062604188919 -0.6494286060333252 1.021515130996704
v -0.10636236518621445 -0.6716008186340332 1.0768324136734009
v -0.05252038687467575 -0.6711858510971069 1.0743300914764404
v 0.0026609268970787525 -0.6673476099967957 1.0656743049621582
v 0.056423503905534744 -0.6707333922386169 1.066066861152649
v 0.11035967618227005 -0.6825656890869141 1.0770573616027832
v 0.16029834747314453 -0.6789815425872803 1.0663715600967407
v 0.21014729142189026 -0.678805947303772 1.0732489824295044
v 0.24795906245708466 -0.6586939096450806 1.0361393690109253
v 0.2917788028717041 -0.6472489833831787 1.023552656173706
v 0.3376584053039551 -0.6353977918624878 1.0101476907730103
v 0.38082802295684814 -0.6298779845237732 0.9974985122680664
v 0.4192647933959961 -0.614406168460846 0.9741997718811035
v 0.46216118335723877 -0.614905834197998 0.9536802768707275
v 0.5167536735534668 -0.6193134784698486 0.967221736907959
v 0.570085883140564 -0.6165041923522949 0.963338315486908
v -0.6076419353485107 -0.6135468482971191 0.9473737478256226
v -0.551479697227478 -0.6034187078475952 0.9489389061927795
v -0.47721391916275024 -0.5782488584518433 0.9178822040557861
v -0.44461262226104736 -0.592257022857666 0.9326190948486328
v -0.4121955931186676 -0.6046529412269592 0.9559769630432129
v -0.36004942655563354 -0.5961706042289734 0.9425484538078308
v -0.319793701171875 -0.6059364080429077 0.9579519629478455
v -0.28293994069099426 -0.6260049939155579 0.9978922009468079
v -0.2371779829263687 -0.6280107498168945 1.0082184076309204
v -0.19455073773860931 -0.6296970844268799 1.0133479833602905
v -0.14134098589420319 -0.6478074193000793 1.0353925228118896
v -0.10202952474355698 -0.6674919128417969 1.081403374671936
v -0.04766394570469856 -0.6654610633850098 1.077163815498352
v 0.007448352407664061 -0.6626551747322083 1.069671869277954
v 0.06129442900419235 -0.6662280559539795 1.0716464519500732
v 0.11571341007947922 -0.6778678297996521 1.0829776525497437
v 0.16734835505485535 -0.6765168309211731 1.083316445350647
v 0.21569257974624634 -0.6743936538696289 1.0803653001785278
v 0.25252828001976013 -0.6529231071472168 1.041912317276001
v 0.2967391908168793 -0.6406682133674622 1.0259456634521484
v 0.34275344014167786 -0.6308737397193909 1.0120906829833984
v 0.3855625092983246 -0.6227524280548096 0.9991734623908997
v 0.42500901222229004 -0.6096020936965942 0.9775384664535522
v 0.46781226992607117 -0.6087124347686768 0.9610307216644287
v 0.5216504335403442 -0.6128016710281372 0.9720495939254761
v 0.5770871639251709 -0.6119663715362549 0.9676453471183777
v -0.6011465787887573 -0.6086280345916748 0.9556434154510498
v -0.5451532602310181 -0.5992914438247681 0.9479709267616272
v -0.47280365228652954 -0.5755406618118286 0.9197233319282532
v -0.44249364733695984 -0.5909003019332886 0.937610387802124
v -0.4077286422252655 -0.6023730039596558 0.9575132131576538
v -0.35649022459983826 -0.5970944166183472 0.9477105140686035
v -0.3148387372493744 -0.6008678674697876 0.9598860144615173
v -0.28015127778053284 -0.6227391958236694 1.0030062198638916
v -0.23402638733386993 -0.6248591542243958 1.011867880821228
v -0.18961630761623383 -0.6258320808410645 1.0133466720581055
v -0.14550656080245972 -0.6568561792373657 1.0811729431152344
v -0.09707830101251602 -0.6633108854293823 1.0839020013809204
v -0.042656369507312775 -0.6610385179519653 1.0793583393096924
v 0.012673451565206051 -0.6589260101318359 1.073064923286438
v 0.06642212718725204 -0.6633313894271851 1.076703429222107
v 0.12050051242113113 -0.6736425757408142 1.0867094993591309
v 0.17231881618499756 -0.6716339588165283 1.086693525314331
v 0.22021909058094025 -0.6711174249649048 1.0844213962554932
v 0.2571692168712616 -0.6488189697265625 1.043829321861267
v 0.3018314242362976 -0.6356170177459717 1.0266448259353638
v 0.3478004038333893 -0.6260988712310791 1.0126628875732422
v 0.390010267496109 -0.6164156794548035 0.9992501735687256
v 0.42994800209999084 -0.6056214570999146 0.980150580406189
v 0.473396360874176 -0.6050801277160645 0.9660273790359497
v 0.527206301689148 -0.6089299321174622 0.9739471673965454
v 0.581342875957489 -0.6069787740707397 0.9693195223808289
v -0.5973272323608398 -0.6058710813522339 0.9595790505409241
v -0.5381737351417542 -0.5952316522598267 0.9445741176605225
v -0.4690326154232025 -0.5732948184013367 0.9205515384674072
v -0.43988871574401855 -0.5895793437957764 0.9411327838897705
v -0.40273016691207886 -0.599783182144165 0.9572936296463013
v -0.35853248834609985 -0.6037030220031738 0.9785475730895996
v -0.309584379196167 -0.5966551303863525 0.9604650735855103
v -0.27651259303092957 -0.6202579736709595 1.0064799785614014
v -0.22986091673374176 -0.6214160323143005 1.0102014541625977
v -0.18342222273349762 -0.6229243874549866 1.0119532346725464
v -0.14391279220581055 -0.6605579257011414 1.0865256786346436
v -0.09216738492250443 -0.660284161567688 1.0856506824493408
v -0.037365686148405075 -0.6578130722045898 1.080830454826355
v 0.01806108094751835 -0.6563609838485718 1.0759878158569336
v 0.07187274098396301 -0.6619606018066406 1.0810059309005737
v 0.12555831670761108 -0.6700340509414673 1.089093565940857
v 0.17816080152988434 -0.6689631938934326 1.090451955795288
v 0.22522662580013275 -0.6683005690574646 1.0869596004486084
v 0.26264721155166626 -0.6449168920516968 1.0444905757904053
v 0.3075381815433502 -0.6313213109970093 1.0266834497451782
v 0.35295939445495605 -0.6221680641174316 1.0128790140151978
v 0.39503201842308044 -0.6118569374084473 0.9991701245307922
v 0.4353756010532379 -0.6021279096603394 0.982321560382843
v 0.4804411232471466 -0.6021114587783813 0.96969074010849
v 0.5341267585754395 -0.6056783199310303 0.9747998714447021
v 0.5866846442222595 -0.6026811599731445 0.9703760147094727
v -0.5934321284294128 -0.6035721898078918 0.9599930047988892
v -0.5310747623443604 -0.5903645157814026 0.9409443140029907
v -0.4658696949481964 -0.5704867839813232 0.921929121017456
v -0.43749046325683594 -0.5881474018096924 0.9447001218795776
v -0.39845582842826843 -0.5962581634521484 0.9577282667160034
v -0.37064021825790405 -0.6216890811920166 1.0146032571792603
v -0.30522891879081726 -0.59279465675354 0.9611978530883789
v -0.2732541263103485 -0.6185241341590881 1.0102053880691528
v -0.22542616724967957 -0.618252158164978 1.0110082626342773
v -0.17740049958229065 -0.6195929050445557 1.011439323425293
v -0.1392514556646347 -0.6578933000564575 1.0893645286560059
v -0.08712680637836456 -0.658138632774353 1.0873433351516724
v -0.03186848387122154 -0.6552480459213257 1.082292914390564
v 0.023272071033716202 -0.6548390984535217 1.0787365436553955
v 0.07719853520393372 -0.6615191698074341 1.0846214294433594
v 0.13043615221977234 -0.667517900466919 1.0910346508026123
v 0.18357715010643005 -0.668516993522644 1.0953278541564941
v 0.23033317923545837 -0.6660360097885132 1.088669776916504
v 0.26785704493522644 -0.641068696975708 1.0448445081710815
v 0.3128557503223419 -0.6268934011459351 1.026448369026184
v 0.35817739367485046 -0.6195055246353149 1.013206958770752
v 0.39983734488487244 -0.6089615821838379 0.998898446559906
v 0.4404926598072052 -0.5996678471565247 0.9840938448905945
v 0.48692333698272705 -0.5995611548423767 0.9728583097457886
v 0.5402454137802124 -0.6022120118141174 0.9759125113487244
v 0.5921124815940857 -0.5994505882263184 0.9706972241401672
v -0.590101957321167 -0.6009801626205444 0.959920346736908
v -0.5236573219299316 -0.5847944021224976 0.9366787075996399
v -0.4630749821662903 -0.568089485168457 0.9231800436973572
v -0.43490543961524963 -0.5874294638633728 0.9482526183128357
v -0.39458292722702026 -0.5926352143287659 0.9587138295173645
v -0.36754366755485535 -0.621261477470398 1.019235610961914
v -0.30125951766967773 -0.5896387100219727 0.9615691304206848
v -0.2698531150817871 -0.6167078018188477 1.0142542123794556
v -0.22095631062984467 -0.6156091690063477 1.0115114450454712
v -0.1714828759431839 -0.6165378093719482 1.0106909275054932
v -0.13455815613269806 -0.655188798904419 1.0913177728652954
v -0.0820796936750412 -0.6558306813240051 1.089203119277954
v -0.02629932574927807 -0.6524547934532166 1.0838912725448608
v 0.028403468430042267 -0.6533148884773254 1.0816013813018799
v 0.08260449022054672 -0.660088300704956 1.0876914262771606
v 0.1358136683702469 -0.6650140881538391 1.0932471752166748
v 0.18913260102272034 -0.6680980920791626 1.1005289554595947
v 0.23526614904403687 -0.6634777188301086 1.0900322198867798
v 0.27274763584136963 -0.6378465294837952 1.0449069738388062
v 0.3175029456615448 -0.623060941696167 1.0260125398635864
v 0.36320018768310547 -0.6168926954269409 1.0139049291610718
v 0.4044276177883148 -0.6060094833374023 0.9991307854652405
v 0.4457031488418579 -0.597356379032135 0.9860821962356567
v 0.4927351176738739 -0.5979726314544678 0.9757896065711975
v 0.5456944704055786 -0.5995808839797974 0.9765419960021973
v 0.5972030162811279 -0.5964618921279907 0.9702181816101074
v -0.5853300094604492 -0.5975896120071411 0.963550865650177
v -0.5161440968513489 -0.5787835121154785 0.9318389296531677
v -0.4602830111980438 -0.5664982795715332 0.9245887994766235
v -0.4323993921279907 -0.5870293378829956 0.9517260789871216
v -0.3911055028438568 -0.5897022485733032 0.9607447981834412
v -0.3462223410606384 -0.5946160554885864 0.971315324306488
v -0.29718083143234253 -0.5870475769042969 0.9614167213439941
v -0.2660960257053375 -0.6153412461280823 1.0181760787963867
v -0.2165777087211609 -0.6136091947555542 1.0121437311172485
v -0.1654994785785675 -0.6141193509101868 1.0098066329956055
v -0.1297227293252945 -0.6528660655021667 1.0929200649261475
v -0.07672548294067383 -0.653349757194519 1.0910606384277344
v -0.020610537379980087 -0.6498339176177979 1.0854637622833252
v 0.03364063799381256 -0.6520040035247803 1.0844727754592896
v 0.08804281055927277 -0.658340334892273 1.0901914834976196
v 0.141063392162323 -0.6628390550613403 1.095661997795105
v 0.19490914046764374 -0.6670016050338745 1.1040419340133667
v 0.240363210439682 -0.6607542037963867 1.0909607410430908
v 0.2775416970252991 -0.6348468661308289 1.0448346138000488
v 0.32231634855270386 -0.6197146773338318 1.0254961252212524
v 0.36834511160850525 -0.6144121289253235 1.014803171157837
v 0.4091082811355591 -0.6032172441482544 0.9997421503067017
v 0.4513048529624939 -0.5953125953674316 0.9881156086921692
v 0.4986407160758972 -0.5965476036071777 0.9785091280937195
v 0.5513203144073486 -0.5973435640335083 0.9769701957702637
v 0.6030446290969849 -0.5938503742218018 0.9693906307220459
v -0.5814012289047241 -0.5956143140792847 0.963355302810669
v -0.508450448513031 -0.5724986791610718 0.9273570775985718
v -0.45702245831489563 -0.5650030374526978 0.9263678789138794
v -0.42979729175567627 -0.5865548849105835 0.955519437789917
v -0.3877410292625427 -0.5872963666915894 0.964037299156189
v -0.3424292802810669 -0.5912528038024902 0.9717792272567749
v -0.29263293743133545 -0.5844261646270752 0.9606529474258423
v -0.26244813203811646 -0.6147087812423706 1.0222042798995972
v -0.21197360754013062 -0.6112585067749023 1.0127545595169067
v -0.15973275899887085 -0.611836314201355 1.0105379819869995
v -0.12468560039997101 -0.6509454250335693 1.0943771600723267
v -0.07119661569595337 -0.6509213447570801 1.0926958322525024
v -0.014870972372591496 -0.6476174592971802 1.087026834487915
v 0.03903881832957268 -0.6507651805877686 1.0874364376068115
v 0.09345769882202148 -0.6569247841835022 1.0926048755645752
v 0.14643001556396484 -0.661270797252655 1.098207950592041
v 0.20043735206127167 -0.6653662919998169 1.106289029121399
v 0.24542292952537537 -0.6580065488815308 1.0915203094482422
v 0.2822636067867279 -0.6315646171569824 1.0447299480438232
v 0.3272095322608948 -0.6163190007209778 1.0248063802719116
v 0.3732500374317169 -0.611966609954834 1.0158591270446777
v 0.413845419883728 -0.600877046585083 1.0002208948135376
v 0.4569653272628784 -0.5938724279403687 0.9902142882347107
v 0.5044437050819397 -0.5948677062988281 0.9807758331298828
v 0.5570880174636841 -0.5950300097465515 0.9775758385658264
v 0.608819842338562 -0.5909419655799866 0.9675721526145935
v -0.577238142490387 -0.5939542055130005 0.9637584090232849
v -0.5015202760696411 -0.5667518377304077 0.9241174459457397
v -0.45424535870552063 -0.5637103319168091 0.928119957447052
v -0.4280277490615845 -0.5866572856903076 0.9597297310829163
v -0.4053633511066437 -0.6149283647537231 1.024413824081421
v -0.33779916167259216 -0.5869065523147583 0.970015823841095
v -0.2881819009780884 -0.5816503167152405 0.959633469581604
v -0.25864720344543457 -0.614567756652832 1.0261216163635254
v -0.20737892389297485 -0.6089671850204468 1.013374924659729
v -0.15548095107078552 -0.6105002760887146 1.0166027545928955
v -0.11953940242528915 -0.6491159796714783 1.0957533121109009
v -0.06557690352201462 -0.648618221282959 1.094312310218811
v -0.009168481454253197 -0.6457410454750061 1.0886690616607666
v 0.044527363032102585 -0.649550199508667 1.0902098417282104
v 0.09882602095603943 -0.6557818651199341 1.094847559928894
v 0.15193116664886475 -0.6601325273513794 1.1013249158859253
v 0.2057524472475052 -0.6635761260986328 1.1076455116271973
v 0.25046056509017944 -0.6554378271102905 1.0918655395507812
v 0.28693825006484985 -0.6282192468643188 1.0447853803634644
v 0.3322092592716217 -0.6131598949432373 1.02437424659729
v 0.3781254291534424 -0.6094964146614075 1.016916036605835
v 0.41904154419898987 -0.5991626977920532 1.0014667510986328
v 0.4627215564250946 -0.5928289890289307 0.9924015402793884
v 0.5097811222076416 -0.5931507349014282 0.9822559356689453
v 0.5627097487449646 -0.5928792953491211 0.9783492088317871
v 0.6174612045288086 -0.5871165990829468 0.9627812504768372
v -0.5732489824295044 -0.5926598310470581 0.9647634029388428
v -0.49459192156791687 -0.5618771314620972 0.9219370484352112
v -0.45130982995033264 -0.5627753734588623 0.9297508597373962
v -0.4260667562484741 -0.587102472782135 0.9643110632896423
v -0.40226271748542786 -0.6165482997894287 1.0307178497314453
v -0.33266711235046387 -0.5823611617088318 0.9667952060699463
v -0.28349769115448 -0.5785683393478394 0.9594520926475525
v -0.2547049820423126 -0.614582896232605 1.0296082496643066
v -0.20253238081932068 -0.6066631078720093 1.013939380645752
v -0.16463227570056915 -0.6495425701141357 1.0965068340301514
v -0.11432088911533356 -0.6475194096565247 1.0969115495681763
v -0.05993254482746124 -0.6467628479003906 1.0962008237838745
v -0.0035716353449970484 -0.6442770957946777 1.090315818786621
v 0.050043269991874695 -0.6485856771469116 1.0930675268173218
v 0.10422119498252869 -0.6547325849533081 1.097294569015503
v 0.1576884388923645 -0.6596777439117432 1.1052019596099854
v 0.21101276576519012 -0.66178297996521 1.1082038879394531
v 0.25566357374191284 -0.653181254863739 1.0923271179199219
v 0.29167571663856506 -0.6247521638870239 1.0451346635818481
v 0.3372768461704254 -0.6102586388587952 1.0240346193313599
v 0.38303127884864807 -0.6073133945465088 1.0178894996643066
v 0.42463168501853943 -0.5981187224388123 1.0036122798919678
v 0.46851250529289246 -0.5921797752380371 0.9943239092826843
v 0.5152425169944763 -0.5912706255912781 0.9831133484840393
v 0.5684990882873535 -0.5906894207000732 0.9789693355560303
v -0.6109529733657837 -0.5846924185752869 0.954729437828064
v -0.5693885087966919 -0.5913547277450562 0.96601402759552
v -0.4880620539188385 -0.5572419166564941 0.9201437830924988
v -0.448486864566803 -0.5620184540748596 0.9312239289283752
v -0.42419829964637756 -0.5871859788894653 0.9694334864616394
v -0.3988136947154999 -0.6175470352172852 1.0356578826904297
v -0.3275548815727234 -0.5776655673980713 0.9635682106018066
v -0.27909523248672485 -0.5756094455718994 0.9606674313545227
v -0.25078457593917847 -0.6142493486404419 1.032832145690918
v -0.19756871461868286 -0.6040579080581665 1.014215350151062
v -0.16006965935230255 -0.6496028900146484 1.1006441116333008
v -0.10895705223083496 -0.6459232568740845 1.0979621410369873
v -0.05424630269408226 -0.6450722217559814 1.0980801582336426
v 0.001974691404029727 -0.6429144144058228 1.0917212963104248
v 0.05551547184586525 -0.6475702524185181 1.0957483053207397
v 0.10959742218255997 -0.6536350846290588 1.099987506866455
v 0.16351068019866943 -0.6592220067977905 1.109879732131958
v 0.2161552906036377 -0.6596913933753967 1.1085035800933838
v 0.26102811098098755 -0.6511474847793579 1.0928508043289185
v 0.29632049798965454 -0.6210719347000122 1.0450023412704468
v 0.34221622347831726 -0.6073088645935059 1.0235966444015503
v 0.38814982771873474 -0.6051744222640991 1.0188370943069458
v 0.4297524690628052 -0.5964186191558838 1.0050508975982666
v 0.46682918071746826 -0.5824825763702393 0.9768605828285217
v 0.5205105543136597 -0.5893003940582275 0.9840046763420105
v 0.574266254901886 -0.5883134603500366 0.9793642163276672
v -0.6086768507957458 -0.5863967537879944 0.9643027186393738
v -0.5649922490119934 -0.5897213220596313 0.9670947790145874
v -0.4819728136062622 -0.5529232025146484 0.9191504120826721
v -0.4455087184906006 -0.5612437725067139 0.9326026439666748
v -0.4411781132221222 -0.6118894815444946 1.0252145528793335
v -0.39518338441848755 -0.6177536249160767 1.0396983623504639
v -0.3222963511943817 -0.5729724168777466 0.9612575769424438
v -0.2928965985774994 -0.6102060079574585 1.0317152738571167
v -0.24680976569652557 -0.6140048503875732 1.036208152770996
v -0.19232356548309326 -0.6011432409286499 1.0146071910858154
v -0.1554236263036728 -0.6483026742935181 1.1031829118728638
v -0.10363317281007767 -0.6443411111831665 1.0992982387542725
v -0.04858211800456047 -0.6433513164520264 1.0995619297027588
v 0.007480185944586992 -0.641708254814148 1.0932693481445312
v 0.061131902039051056 -0.64652019739151 1.0981625318527222
v 0.11511410027742386 -0.6526387929916382 1.1028327941894531
v 0.16939851641654968 -0.6584838628768921 1.1145551204681396
v 0.22112752497196198 -0.6573673486709595 1.108841896057129
v 0.2664462625980377 -0.6491792798042297 1.0937367677688599
v 0.3011263608932495 -0.6174846887588501 1.0448412895202637
v 0.34711602330207825 -0.6044398546218872 1.0229339599609375
v 0.39356449246406555 -0.6032943725585938 1.0201480388641357
v 0.4348061680793762 -0.594419538974762 1.0063527822494507
v 0.47222474217414856 -0.5814388990402222 0.9777907133102417
v 0.5258964896202087 -0.5873550176620483 0.9851438999176025
v 0.5799514055252075 -0.5860036611557007 0.9796740412712097
v -0.60710608959198 -0.5861700177192688 0.9676039218902588
v -0.5598589181900024 -0.5876846313476562 0.9675323963165283
v -0.4766554534435272 -0.5492023825645447 0.9188895225524902
v -0.44263967871665955 -0.5608524084091187 0.9345624446868896
v -0.4388841986656189 -0.6141883134841919 1.0319961309432983
v -0.3914385735988617 -0.6179083585739136 1.0429190397262573
v -0.316881388425827 -0.5683501362800598 0.9595678448677063
v -0.2896821200847626 -0.6121971607208252 1.039496898651123
v -0.2371525764465332 -0.6013158559799194 1.0159177780151367
v -0.18693691492080688 -0.5979694128036499 1.0145490169525146
v -0.15068964660167694 -0.6466925144195557 1.1047255992889404
v -0.09820936620235443 -0.6427794098854065 1.1006417274475098
v -0.04291044920682907 -0.6416416168212891 1.1005958318710327
v 0.012831033207476139 -0.6406753063201904 1.0950119495391846
v 0.06678138673305511 -0.6453728079795837 1.1003972291946411
v 0.12069103121757507 -0.6517328023910522 1.1060322523117065
v 0.175226092338562 -0.6574849486351013 1.1182236671447754
v 0.22599291801452637 -0.6551187634468079 1.1089847087860107
v 0.2718232274055481 -0.6474124193191528 1.0946420431137085
v 0.3063541054725647 -0.6139932870864868 1.044702410697937
v 0.35548633337020874 -0.6055238246917725 1.0335276126861572
v 0.39886462688446045 -0.6014679670333862 1.0213268995285034
v 0.439998060464859 -0.5925970077514648 1.007447361946106
v 0.4775990843772888 -0.5815608501434326 0.9828113317489624
v 0.5315864086151123 -0.5854155421257019 0.9864615201950073
v 0.5853681564331055 -0.5835771560668945 0.97971510887146
v -0.6054723262786865 -0.5871760845184326 0.9715455174446106
v -0.5545275211334229 -0.5853277444839478 0.9673788547515869
v -0.47198158502578735 -0.5459089279174805 0.9188225865364075
v -0.44008055329322815 -0.5609732866287231 0.9377873539924622
v -0.4361777603626251 -0.6151933670043945 1.037128210067749
v -0.3876911401748657 -0.618057370185852 1.045487642288208
v -0.3115234375 -0.5637898445129395 0.9583163857460022
v -0.28647151589393616 -0.6138263940811157 1.046416997909546
v -0.23228812217712402 -0.5992089509963989 1.0168856382369995
v -0.18147772550582886 -0.5941596031188965 1.0136538743972778
v -0.1458403617143631 -0.6448770761489868 1.1060056686401367
v -0.09268937259912491 -0.6411343812942505 1.10209059715271
v -0.037198398262262344 -0.6399960517883301 1.1012576818466187
v 0.018196560442447662 -0.639570951461792 1.096816062927246
v 0.07241291552782059 -0.6442354917526245 1.1025310754776
v 0.12630049884319305 -0.6507241725921631 1.1094361543655396
v 0.18101866543293 -0.6561048030853271 1.120476484298706
v 0.230794295668602 -0.6529350280761719 1.1088783740997314
v 0.27721986174583435 -0.6453264951705933 1.0952261686325073
v 0.3120240271091461 -0.6107502579689026 1.044069528579712
v 0.36187875270843506 -0.6082437038421631 1.0369824171066284
v 0.40400153398513794 -0.5995014905929565 1.0220699310302734
v 0.445054829120636 -0.590594470500946 1.0084589719772339
v 0.49057987332344055 -0.5879966020584106 1.0008379220962524
v 0.537267804145813 -0.5836300849914551 0.9872096180915833
v 0.5915189981460571 -0.5824796557426453 0.9815333485603333
v -0.5975570678710938 -0.5823723077774048 0.9689799547195435
v -0.5485745072364807 -0.5816115736961365 0.9656203389167786
v -0.4677870273590088 -0.5430512428283691 0.9190351963043213
v -0.4385535717010498 -0.5615078210830688 0.9430888891220093
v -0.4328964054584503 -0.6149892807006836 1.0406229496002197
v -0.38395601511001587 -0.6178433895111084 1.0478413105010986
v -0.30673134326934814 -0.5595642924308777 0.9576823115348816
v -0.2830948233604431 -0.6147079467773438 1.0522466897964478
v -0.22725144028663635 -0.5963988304138184 1.0179095268249512
v -0.1761220395565033 -0.5899354219436646 1.0125253200531006
v -0.14082211256027222 -0.6427251696586609 1.107248306274414
v -0.08713582903146744 -0.6393628120422363 1.1037850379943848
v -0.03157703951001167 -0.6381785869598389 1.1018383502960205
v 0.02354593016207218 -0.638258159160614 1.0988564491271973
v 0.07805240154266357 -0.6431533694267273 1.1051229238510132
v 0.1319546103477478 -0.6493777632713318 1.1129096746444702
v 0.18666137754917145 -0.6543002128601074 1.12147855758667
v 0.23548775911331177 -0.6504115462303162 1.1086589097976685
v 0.2825269401073456 -0.6426929235458374 1.0946611166000366
v 0.31751754879951477 -0.6081123948097229 1.0431493520736694
v 0.36723965406417847 -0.6064752340316772 1.039196252822876
v 0.40910863876342773 -0.597540020942688 1.0225461721420288
v 0.4500259459018707 -0.5884360074996948 1.0097886323928833
v 0.4959236681461334 -0.5867253541946411 1.001961588859558
v 0.5428118705749512 -0.5817866325378418 0.9875602722167969
v 0.5973552465438843 -0.5797950029373169 0.9818064570426941
v -0.5939022302627563 -0.5820684432983398 0.9720916748046875
v -0.5415325164794922 -0.5761633515357971 0.9624912738800049
v -0.46394234895706177 -0.5409907698631287 0.9197061061859131
v -0.4385266602039337 -0.5633015036582947 0.9517450928688049
v -0.4292646050453186 -0.6141319274902344 1.0435974597930908
v -0.38009384274482727 -0.6173267364501953 1.0504002571105957
v -0.3022472858428955 -0.555808424949646 0.9567246437072754
v -0.27941662073135376 -0.6149532794952393 1.0566301345825195
v -0.22214409708976746 -0.5934008359909058 1.018568515777588
v -0.17108839750289917 -0.586079478263855 1.0124260187149048
v -0.13569964468479156 -0.640557050704956 1.108411431312561
v -0.08155880868434906 -0.6375327110290527 1.1055731773376465
v -0.026006437838077545 -0.6359376907348633 1.1023484468460083
v 0.028830647468566895 -0.636817216873169 1.1009957790374756
v 0.083591528236866 -0.6420848965644836 1.1078161001205444
v 0.13754016160964966 -0.6480056643486023 1.116100788116455
v 0.19216357171535492 -0.6521362066268921 1.1217588186264038
v 0.24019795656204224 -0.647372841835022 1.1083638668060303
v 0.2877538800239563 -0.639786958694458 1.0937538146972656
v 0.32289132475852966 -0.6057009696960449 1.0430041551589966
v 0.37240898609161377 -0.6043096780776978 1.0402508974075317
v 0.4141292870044708 -0.5954790115356445 1.0228790044784546
v 0.4551249146461487 -0.5864291191101074 1.0109672546386719
v 0.4945414066314697 -0.5764495134353638 0.9822455644607544
v 0.5482971668243408 -0.5797828435897827 0.9884697198867798
v 0.6030787229537964 -0.5770185589790344 0.9816817045211792
v -0.5910888910293579 -0.5819522142410278 0.9755561947822571
v -0.5336649417877197 -0.5695067644119263 0.9581990838050842
v -0.4605945944786072 -0.5398104786872864 0.9213125705718994
v -0.43933120369911194 -0.5668124556541443 0.9631033539772034
v -0.425205796957016 -0.6127486228942871 1.0461808443069458
v -0.3759671449661255 -0.6164151430130005 1.0528205633163452
v -0.2977978587150574 -0.5524169206619263 0.9560362100601196
v -0.2753841280937195 -0.6146259307861328 1.0600417852401733
v -0.21722066402435303 -0.5907198190689087 1.0191855430603027
v -0.1777162104845047 -0.6349311470985413 1.1059035062789917
v -0.13044194877147675 -0.6384662389755249 1.1092729568481445
v -0.07602541893720627 -0.6356079578399658 1.1072221994400024
v -0.020316800102591515 -0.6332377195358276 1.1027400493621826
v 0.03413829579949379 -0.635082483291626 1.1030769348144531
v 0.08913500607013702 -0.6408814191818237 1.1105637550354004
v 0.14330066740512848 -0.646661639213562 1.1187222003936768
v 0.19737586379051208 -0.6496407985687256 1.121538519859314
v 0.24488654732704163 -0.6440995931625366 1.1075890064239502
v 0.2927807867527008 -0.6369465589523315 1.0928516387939453
v 0.32797762751579285 -0.6029525995254517 1.0426406860351562
v 0.37739184498786926 -0.6018365621566772 1.0402675867080688
v 0.4190822243690491 -0.5933216214179993 1.0232380628585815
v 0.46020781993865967 -0.5843716263771057 1.0117671489715576
v 0.5001451969146729 -0.574501097202301 0.9829279184341431
v 0.5539357662200928 -0.5777072310447693 0.9893144965171814
v 0.6089094877243042 -0.574359655380249 0.9810702204704285
v -0.5883181095123291 -0.5822632312774658 0.9789832830429077
v -0.5477540493011475 -0.5936488509178162 1.006970763206482
v -0.45792272686958313 -0.5390160083770752 0.923956573009491
v -0.44424086809158325 -0.5751320123672485 0.9920560717582703
v -0.4207119941711426 -0.611219584941864 1.048509120941162
v -0.3714231848716736 -0.6153292655944824 1.0547055006027222
v -0.29360687732696533 -0.5494161248207092 0.9557377696037292
v -0.27115094661712646 -0.6142503023147583 1.063101053237915
v -0.21254247426986694 -0.5879167318344116 1.0201541185379028
v -0.1732398271560669 -0.6360748410224915 1.11092209815979
v -0.1250617504119873 -0.6363386511802673 1.1099425554275513
v -0.07049568742513657 -0.6335187554359436 1.1084197759628296
v -0.014586424455046654 -0.6306354999542236 1.1029549837112427
v 0.039504166692495346 -0.6332395076751709 1.104937195777893
v 0.09467514604330063 -0.6398494243621826 1.1134511232376099
v 0.1488620787858963 -0.6452720165252686 1.1216610670089722
v 0.20239892601966858 -0.6470699310302734 1.1212506294250488
v 0.24963931739330292 -0.6408390998840332 1.1065590381622314
v 0.2976010739803314 -0.6341035962104797 1.0919842720031738
v 0.33294132351875305 -0.6001687049865723 1.0418449640274048
v 0.38222894072532654 -0.5992817282676697 1.0400850772857666
v 0.42396780848503113 -0.5911465287208557 1.0237776041030884
v 0.4652611315250397 -0.5822136402130127 1.0123759508132935
v 0.5056582093238831 -0.5724496245384216 0.9836474657058716
v 0.5595718622207642 -0.5756113529205322 0.9897131323814392
v 0.6143654584884644 -0.5708751082420349 0.9799090623855591
v -0.5851854681968689 -0.5825289487838745 0.9824656844139099
v -0.5444016456604004 -0.5936997532844543 1.012603759765625
v -0.45560869574546814 -0.538254976272583 0.9267945289611816
v -0.4575389623641968 -0.6015698313713074 1.0321298837661743
v -0.41612792015075684 -0.6097402572631836 1.0506470203399658
v -0.3666798174381256 -0.6137326955795288 1.0562126636505127
v -0.31417688727378845 -0.6052277088165283 1.0540976524353027
v -0.26706013083457947 -0.6138743162155151 1.0657470226287842
v -0.21594534814357758 -0.6127877235412598 1.067179799079895
v -0.16856804490089417 -0.6359038949012756 1.11289381980896
v -0.11965002864599228 -0.6342133283615112 1.1106598377227783
v -0.06502912938594818 -0.6312518119812012 1.1093865633010864
v -0.009002989158034325 -0.6281025409698486 1.1030876636505127
v 0.04497082531452179 -0.6312576532363892 1.106737494468689
v 0.10016845911741257 -0.6389838457107544 1.1162904500961304
v 0.15447425842285156 -0.6440402865409851 1.1248691082000732
v 0.2073037028312683 -0.6444762945175171 1.1208301782608032
v 0.25448065996170044 -0.6376020908355713 1.1057032346725464
v 0.3022381365299225 -0.6309224367141724 1.0909931659698486
v 0.3377494812011719 -0.5975778698921204 1.041002631187439
v 0.3869709074497223 -0.5968096256256104 1.0397824048995972
v 0.4289994239807129 -0.5890067219734192 1.0245112180709839
v 0.47037652134895325 -0.5802841186523438 1.0130420923233032
v 0.5110275149345398 -0.5703148245811462 0.9845201969146729
v 0.5651321411132812 -0.5734736919403076 0.9900854825973511
v 0.6219027042388916 -0.5660075545310974 0.9746927618980408
v -0.581907331943512 -0.5827721357345581 0.9860964417457581
v -0.5409591794013977 -0.5940446257591248 1.0178595781326294
v -0.45401597023010254 -0.5380821824073792 0.9305660724639893
v -0.45501089096069336 -0.6021343469619751 1.037041425704956
v -0.4115370213985443 -0.608261227607727 1.052431344985962
v -0.3617877662181854 -0.6114904880523682 1.057727575302124
v -0.3103872239589691 -0.6048293113708496 1.0592819452285767
v -0.2630011737346649 -0.6131272315979004 1.0680596828460693
v -0.21130035817623138 -0.6121376752853394 1.0719975233078003
v -0.16379864513874054 -0.6348254680633545 1.1138579845428467
v -0.11413023620843887 -0.6320559978485107 1.1114503145217896
v -0.05954714119434357 -0.6288794279098511 1.1100019216537476
v -0.003595151472836733 -0.6257128715515137 1.1033660173416138
v 0.05039796605706215 -0.6293755769729614 1.1084189414978027
v 0.10558052361011505 -0.6379185914993286 1.118851661682129
v 0.16002799570560455 -0.6426362991333008 1.1274349689483643
v 0.21212370693683624 -0.6419088840484619 1.1201796531677246
v 0.25947991013526917 -0.6344868540763855 1.1050947904586792
v 0.3067130446434021 -0.6274701356887817 1.0895411968231201
v 0.34341421723365784 -0.5956103205680847 1.0416823625564575
v 0.39159587025642395 -0.5944256782531738 1.0393906831741333
v 0.43395087122917175 -0.5867347717285156 1.0251405239105225
v 0.47547125816345215 -0.578345775604248 1.013533353805542
v 0.516538143157959 -0.5684731006622314 0.9855990409851074
v 0.5708275437355042 -0.5712649822235107 0.9905140995979309
v -0.6155717968940735 -0.5640196800231934 0.9626074433326721
v -0.5784581899642944 -0.582735538482666 0.9893486499786377
v -0.5379093885421753 -0.5944331884384155 1.022790789604187
v -0.45324116945266724 -0.5386457443237305 0.9367361068725586
v -0.4519827961921692 -0.6021246314048767 1.0408179759979248
v -0.40685537457466125 -0.6067452430725098 1.0540043115615845
v -0.35695937275886536 -0.6086070537567139 1.0587613582611084
v -0.30634865164756775 -0.6044894456863403 1.0632479190826416
v -0.2588460445404053 -0.6123290061950684 1.0705347061157227
v -0.20683090388774872 -0.6118258833885193 1.0777020454406738
v -0.1591069996356964 -0.6330749988555908 1.1147654056549072
v -0.10862705111503601 -0.6298218965530396 1.1123217344284058
v -0.054054923355579376 -0.6263118386268616 1.1102772951126099
v 0.0017800304340198636 -0.6235538721084595 1.1037641763687134
v 0.055858973413705826 -0.6275635957717896 1.1099438667297363
v 0.11088401824235916 -0.6367176175117493 1.1210439205169678
v 0.1654086709022522 -0.640805721282959 1.1288976669311523
v 0.21680046617984772 -0.6393126249313354 1.1192529201507568
v 0.26451849937438965 -0.6314948797225952 1.10470712184906
v 0.3111523687839508 -0.6237489581108093 1.0876097679138184
v 0.35358139872550964 -0.6014260053634644 1.0533863306045532
v 0.3962699770927429 -0.5922176837921143 1.0390416383743286
v 0.43872159719467163 -0.584465742111206 1.0256445407867432
v 0.4804977476596832 -0.5763819813728333 1.013750672340393
v 0.5221892595291138 -0.5669081211090088 0.9871745705604553
v 0.5765411257743835 -0.5691609978675842 0.9907168745994568
v -0.6159254312515259 -0.56819748878479 0.9796847701072693
v -0.5746177434921265 -0.5820591449737549 0.9920926690101624
v -0.5348172187805176 -0.5936829447746277 1.026989459991455
v -0.45764434337615967 -0.5448108911514282 0.9623054265975952
v -0.4485272765159607 -0.6018449068069458 1.0441027879714966
v -0.40221357345581055 -0.6052073240280151 1.055801510810852
v -0.3520146608352661 -0.6053767204284668 1.0594884157180786
v -0.30216389894485474 -0.6043795347213745 1.0668870210647583
v -0.2546044588088989 -0.6115142107009888 1.0733510255813599
v -0.20239172875881195 -0.6123517751693726 1.0852130651474
v -0.15449145436286926 -0.6309954524040222 1.1157170534133911
v -0.1031007170677185 -0.6274627447128296 1.1131203174591064
v -0.04861524701118469 -0.6235359907150269 1.1103129386901855
v 0.007095471024513245 -0.6215817928314209 1.1042466163635254
v 0.0613975003361702 -0.6258243322372437 1.111332654953003
v 0.11624786257743835 -0.6353945136070251 1.1230251789093018
v 0.17074142396450043 -0.6386904716491699 1.1296353340148926
v 0.22128291428089142 -0.636670708656311 1.118277907371521
v 0.26952603459358215 -0.6287541389465332 1.104568362236023
v 0.31549543142318726 -0.6196247935295105 1.08543860912323
v 0.35873082280158997 -0.599277675151825 1.0541787147521973
v 0.4010673463344574 -0.5900322198867798 1.038935661315918
v 0.44332727789878845 -0.5821208953857422 1.026060938835144
v 0.48554757237434387 -0.5745276212692261 1.0138226747512817
v 0.5279786586761475 -0.5655690431594849 0.9889929294586182
v 0.5821789503097534 -0.5670156478881836 0.9909403920173645
v -0.6125941276550293 -0.5686663389205933 0.9845958948135376
v -0.570051908493042 -0.5806180834770203 0.9939926862716675
v -0.5318393707275391 -0.5923284292221069 1.030510425567627
v -0.4781007468700409 -0.5810421705245972 1.0205341577529907
v -0.4448305666446686 -0.6012766361236572 1.0471125841140747
v -0.3976631462574005 -0.603371798992157 1.057637333869934
v -0.346987247467041 -0.6022176742553711 1.0603699684143066
v -0.29792147874832153 -0.6043429374694824 1.0699957609176636
v -0.25032079219818115 -0.6106160879135132 1.0763041973114014
v -0.19811353087425232 -0.6140041947364807 1.0944123268127441
v -0.149848073720932 -0.6287013292312622 1.116298794746399
v -0.09750339388847351 -0.6249681711196899 1.1140389442443848
v -0.0432354137301445 -0.6207295060157776 1.1102337837219238
v 0.012349520809948444 -0.6196289658546448 1.1048189401626587
v 0.0669647604227066 -0.624282956123352 1.1127041578292847
v 0.12161726504564285 -0.6337939500808716 1.1244046688079834
v 0.17603802680969238 -0.6363545060157776 1.1295568943023682
v 0.2257070541381836 -0.6338361501693726 1.1173287630081177
v 0.2745889127254486 -0.6263304948806763 1.1045429706573486
v 0.3196547329425812 -0.6149380207061768 1.0829998254776
v 0.3636038899421692 -0.5968860387802124 1.0545583963394165
v 0.40580472350120544 -0.5877547264099121 1.038715124130249
v 0.44786909222602844 -0.5794916152954102 1.0261119604110718
v 0.4909253418445587 -0.5728231072425842 1.0142626762390137
v 0.5338950157165527 -0.5644018650054932 0.9911264777183533
v 0.5875271558761597 -0.5644140243530273 0.9905176162719727
v -0.6092648506164551 -0.5693361163139343 0.988554835319519
v -0.5653249025344849 -0.5787365436553955 0.995244562625885
v -0.528508186340332 -0.5904576182365417 1.0329945087432861
v -0.4757075905799866 -0.5813304781913757 1.0236756801605225
v -0.4407660961151123 -0.600212037563324 1.0497571229934692
v -0.3928590416908264 -0.6013107299804688 1.0589741468429565
v -0.34192806482315063 -0.5994386672973633 1.0613727569580078
v -0.2936874330043793 -0.6042395234107971 1.0728552341461182
v -0.24590550363063812 -0.6096298694610596 1.0794589519500732
v -0.19360923767089844 -0.6161708831787109 1.1036213636398315
v -0.14505347609519958 -0.6262220144271851 1.1163443326950073
v -0.0918942242860794 -0.6223467588424683 1.1147822141647339
v -0.03782345727086067 -0.617904543876648 1.1099464893341064
v 0.017642710357904434 -0.6176645755767822 1.105647087097168
v 0.07242777198553085 -0.6230334043502808 1.114715576171875
v 0.12693914771080017 -0.6318279504776001 1.125563383102417
v 0.1813495010137558 -0.6336604356765747 1.1288756132125854
v 0.23015007376670837 -0.630633533000946 1.1162781715393066
v 0.27965933084487915 -0.6239953637123108 1.1043305397033691
v 0.319743812084198 -0.5974295139312744 1.0629023313522339
v 0.36837443709373474 -0.5943790674209595 1.0546314716339111
v 0.41038307547569275 -0.5852516889572144 1.038562536239624
v 0.4523203372955322 -0.5767157077789307 1.0259371995925903
v 0.49642327427864075 -0.5711691379547119 1.014833688735962
v 0.539749026298523 -0.5633771419525146 0.9934588670730591
v 0.5928419828414917 -0.5613069534301758 0.9891633987426758
v -0.6060420274734497 -0.5695775747299194 0.9925215840339661
v -0.5680513381958008 -0.5838124752044678 1.0155425071716309
v -0.5247547030448914 -0.5882059931755066 1.0346698760986328
v -0.4730725586414337 -0.5815176963806152 1.0266673564910889
v -0.43653231859207153 -0.5987710952758789 1.0519123077392578
v -0.38781028985977173 -0.5990090370178223 1.0600223541259766
v -0.33698585629463196 -0.5969269871711731 1.0623619556427002
v -0.28949812054634094 -0.6041479110717773 1.075653314590454
v -0.24124771356582642 -0.6084907650947571 1.082835078239441
v -0.18883301317691803 -0.6179213523864746 1.1115108728408813
v -0.1401129812002182 -0.6236708164215088 1.1164464950561523
v -0.08649378269910812 -0.6196256875991821 1.115327000617981
v -0.03234858810901642 -0.614949107170105 1.109295129776001
v 0.02308201603591442 -0.6157846450805664 1.1065831184387207
v 0.07787100970745087 -0.6221243143081665 1.1172361373901367
v 0.1323431432247162 -0.6296415328979492 1.1267786026000977
v 0.18648876249790192 -0.6306568384170532 1.1278294324874878
v 0.23460234701633453 -0.6272708177566528 1.1149916648864746
v 0.2845745384693146 -0.6215564608573914 1.103934645652771
v 0.3247440457344055 -0.5950334072113037 1.0623738765716553
v 0.37299174070358276 -0.5917661190032959 1.0541378259658813
v 0.41498932242393494 -0.5827296376228333 1.038343071937561
v 0.4567231237888336 -0.5741329789161682 1.0256905555725098
v 0.5019016861915588 -0.569543719291687 1.0155510902404785
v 0.5454431772232056 -0.562432050704956 0.9955444931983948
v 0.6026742458343506 -0.5639010071754456 0.9960833787918091
v -0.6022828817367554 -0.5691820383071899 0.9961423277854919
v -0.5639193058013916 -0.5830910205841064 1.0186693668365479
v -0.5205576419830322 -0.5856954455375671 1.0353116989135742
v -0.4703279733657837 -0.5820088386535645 1.0300045013427734
v -0.4322095513343811 -0.5971034169197083 1.053687572479248
v -0.38257288932800293 -0.596476674079895 1.061062216758728
v -0.3323597311973572 -0.594660758972168 1.0637216567993164
v -0.2852450907230377 -0.6039032936096191 1.0787242650985718
v -0.2363312989473343 -0.6072810888290405 1.0862988233566284
v -0.18388378620147705 -0.6186531782150269 1.1164381504058838
v -0.1349407285451889 -0.6209992170333862 1.1166720390319824
v -0.08127081394195557 -0.6168144941329956 1.115689992904663
v -0.0268725398927927 -0.6118754148483276 1.1081331968307495
v 0.02876248210668564 -0.597476065158844 1.069480538368225
v 0.08338287472724915 -0.6211426258087158 1.1199486255645752
v 0.13782642781734467 -0.6273075938224792 1.127781629562378
v 0.19149161875247955 -0.6275531053543091 1.1265116930007935
v 0.23910613358020782 -0.6237349510192871 1.1135737895965576
v 0.28919464349746704 -0.6187788248062134 1.103529691696167
v 0.32953253388404846 -0.5925769805908203 1.0616637468338013
v 0.37733200192451477 -0.5888239145278931 1.0535356998443604
v 0.41962504386901855 -0.5801756381988525 1.037953495979309
v 0.46108806133270264 -0.5716443061828613 1.025252103805542
v 0.4972324073314667 -0.5546898245811462 0.9888321757316589
v 0.5508115291595459 -0.5609816312789917 0.9968395233154297
v 0.6083852052688599 -0.5608454942703247 0.9957813620567322
v -0.5986052751541138 -0.5684452056884766 0.9999366998672485
v -0.5596998929977417 -0.5823115110397339 1.0219887495040894
v -0.5160185098648071 -0.5830923318862915 1.0354852676391602
v -0.4673343598842621 -0.5822938680648804 1.0332355499267578
v -0.4277416467666626 -0.5953346490859985 1.0552281141281128
v -0.3770659267902374 -0.5938629508018494 1.062050461769104
v -0.3278738558292389 -0.5928993225097656 1.0655187368392944
v -0.2809573709964752 -0.6037075519561768 1.0822628736495972
v -0.23142312467098236 -0.605994462966919 1.0896118879318237
v -0.17896923422813416 -0.6181410551071167 1.118740200996399
v -0.12954780459403992 -0.6183269023895264 1.1170213222503662
v -0.07598122954368591 -0.613974928855896 1.1158970594406128
v -0.021318789571523666 -0.6088833808898926 1.1074118614196777
v 0.033505190163850784 -0.5946369171142578 1.0686718225479126
v 0.08898712694644928 -0.6201680898666382 1.1228147745132446
v 0.14321565628051758 -0.6248999834060669 1.1287989616394043
v 0.19641856849193573 -0.6244361996650696 1.125098705291748
v 0.2438286393880844 -0.6201401948928833 1.1124745607376099
v 0.2938966155052185 -0.615835964679718 1.1030669212341309
v 0.33417946100234985 -0.5899730920791626 1.0611646175384521
v 0.38144296407699585 -0.5855832099914551 1.0528104305267334
v 0.4242313802242279 -0.5775856971740723 1.0376654863357544
v 0.4653882086277008 -0.5688221454620361 1.0247846841812134
v 0.5025286078453064 -0.55228191614151 0.9885069131851196
v 0.5560287237167358 -0.5591854453086853 0.9976814389228821
v 0.6145641803741455 -0.558552086353302 0.9949378967285156
v -0.5946974754333496 -0.5680679082870483 1.0034273862838745
v -0.5555815100669861 -0.5814199447631836 1.0254303216934204
v -0.5114152431488037 -0.5805073976516724 1.035550594329834
v -0.46408718824386597 -0.5821778774261475 1.036265254020691
v -0.4231419265270233 -0.5933841466903687 1.0567169189453125
v -0.37167176604270935 -0.5911473631858826 1.0630654096603394
v -0.3235539495944977 -0.5915420055389404 1.067641258239746
v -0.2766313850879669 -0.6035683155059814 1.0860154628753662
v -0.22651322185993195 -0.6046611666679382 1.0927493572235107
v -0.17405207455158234 -0.6168001890182495 1.1198118925094604
v -0.12413345277309418 -0.61563640832901 1.1174678802490234
v -0.070710189640522 -0.6111223697662354 1.1160242557525635
v -0.015671834349632263 -0.6060917973518372 1.1072922945022583
v 0.03837372362613678 -0.5915457606315613 1.0676695108413696
v 0.09467637538909912 -0.6192721128463745 1.1252477169036865
v 0.14848637580871582 -0.6226110458374023 1.129915475845337
v 0.20120978355407715 -0.6212901473045349 1.1235404014587402
v 0.24863067269325256 -0.6165088415145874 1.1116124391555786
v 0.29854729771614075 -0.6128252744674683 1.1023401021957397
v 0.3388485014438629 -0.5872544646263123 1.0606863498687744
v 0.3856359124183655 -0.5824077129364014 1.0520741939544678
v 0.428867369890213 -0.5750881433486938 1.037549376487732
v 0.469499409198761 -0.5656747817993164 1.0242669582366943
v 0.5078184604644775 -0.5500298738479614 0.9880302548408508
v 0.56135094165802 -0.5572561025619507 0.9984238147735596
v 0.6207531690597534 -0.5563355684280396 0.9932523369789124
v -0.590673565864563 -0.5673474073410034 1.0065875053405762
v -0.5516110062599182 -0.5802844762802124 1.0288581848144531
v -0.506716787815094 -0.5779275298118591 1.0356206893920898
v -0.4606302082538605 -0.5818302631378174 1.0397586822509766
v -0.41846591234207153 -0.5909276008605957 1.0582926273345947
v -0.36657601594924927 -0.5885260701179504 1.0635937452316284
v -0.3192997872829437 -0.5903779864311218 1.0701706409454346
v -0.2723414897918701 -0.6031826734542847 1.0896109342575073
v -0.22157587110996246 -0.6034741401672363 1.0959322452545166
v -0.16912485659122467 -0.6149715185165405 1.1203744411468506
v -0.1186571791768074 -0.6129311323165894 1.118026614189148
v -0.06557108461856842 -0.6082281470298767 1.115952730178833
v -0.007758003193885088 -0.591185450553894 1.0780597925186157
v 0.04361847788095474 -0.5882441997528076 1.0658986568450928
v 0.10034473985433578 -0.6182721853256226 1.127206802368164
v 0.15414269268512726 -0.6204622387886047 1.1310757398605347
v 0.20592361688613892 -0.6179723739624023 1.122132658958435
v 0.2536197900772095 -0.6132707595825195 1.1108133792877197
v 0.30328765511512756 -0.6096298694610596 1.101302981376648
v 0.3468407988548279 -0.5886952877044678 1.0665879249572754
v 0.38993701338768005 -0.5793202519416809 1.0510655641555786
v 0.4335426390171051 -0.572537899017334 1.037657380104065
v 0.47398948669433594 -0.5627492666244507 1.0241763591766357
v 0.5133627653121948 -0.5478247404098511 0.9887459874153137
v 0.5669890642166138 -0.5552756786346436 0.999290943145752
v 0.6292165517807007 -0.5510384440422058 0.9877954125404358
v -0.5867856740951538 -0.5664775371551514 1.0094079971313477
v -0.5478403568267822 -0.5789523124694824 1.0318021774291992
v -0.5020121335983276 -0.5754321813583374 1.035616397857666
v -0.4570345878601074 -0.5813707113265991 1.043617606163025
v -0.41368135809898376 -0.5880643129348755 1.0597461462020874
v -0.3615914583206177 -0.5859001278877258 1.0641307830810547
v -0.31462395191192627 -0.5892959833145142 1.0733643770217896
v -0.2680741250514984 -0.6024579405784607 1.0927205085754395
v -0.21660418808460236 -0.6025402545928955 1.0994560718536377
v -0.16423481702804565 -0.6126729249954224 1.1207033395767212
v -0.1131608784198761 -0.6102381348609924 1.1187124252319336
v -0.06043720990419388 -0.6052427887916565 1.1157805919647217
v -0.0027886119205504656 -0.5892350673675537 1.0781581401824951
v 0.048821303993463516 -0.5844225883483887 1.063875675201416
v 0.10602954775094986 -0.6170194745063782 1.1286250352859497
v 0.15968023240566254 -0.6179813146591187 1.1319117546081543
v 0.21066033840179443 -0.6148077845573425 1.1208840608596802
v 0.25902122259140015 -0.6108381748199463 1.111079454421997
v 0.30812689661979675 -0.6058574914932251 1.1002726554870605
v 0.35186511278152466 -0.5860130786895752 1.0666422843933105
v 0.3944006860256195 -0.5764153599739075 1.0503212213516235
v 0.43831244111061096 -0.5698045492172241 1.0378738641738892
v 0.4787628948688507 -0.5600246787071228 1.0241769552230835
v 0.5191842317581177 -0.5458896160125732 0.9902546405792236
v 0.5730035305023193 -0.5531825423240662 0.999782919883728
v -0.6239826083183289 -0.5467420220375061 0.9783624410629272
v -0.5829753279685974 -0.5653249025344849 1.0120346546173096
v -0.5442078113555908 -0.5769840478897095 1.034345269203186
v -0.4972108006477356 -0.5729819536209106 1.0354828834533691
v -0.45316678285598755 -0.5806344747543335 1.0472848415374756
v -0.40858396887779236 -0.5850448608398438 1.0607874393463135
v -0.3567456603050232 -0.5834269523620605 1.0648974180221558
v -0.31011006236076355 -0.5883802771568298 1.0767555236816406
v -0.2637637257575989 -0.6014098525047302 1.0956329107284546
v -0.21154965460300446 -0.6017810106277466 1.1038146018981934
v -0.15934787690639496 -0.6101183891296387 1.1209415197372437
v -0.10773961246013641 -0.6074668169021606 1.1194336414337158
v -0.05532560124993324 -0.6026172637939453 1.1159402132034302
v 0.0022119442000985146 -0.587224006652832 1.078399896621704
v 0.053949058055877686 -0.5798574090003967 1.0617283582687378
v 0.11167068779468536 -0.6155240535736084 1.1299394369125366
v 0.16540859639644623 -0.6153784394264221 1.132076382637024
v 0.2154146283864975 -0.6120009422302246 1.1198437213897705
v 0.26468518376350403 -0.6088300943374634 1.1127830743789673
v 0.3129071593284607 -0.6018385887145996 1.0990055799484253
v 0.3570149540901184 -0.5833823084831238 1.0668944120407104
v 0.3991423547267914 -0.5737903118133545 1.0500820875167847
v 0.4428827166557312 -0.566887617111206 1.038063406944275
v 0.48379752039909363 -0.5573968887329102 1.024336814880371
v 0.5252758264541626 -0.5444750785827637 0.9923729300498962
v 0.5791110992431641 -0.5510218739509583 0.999845027923584
v -0.6197668313980103 -0.5494440793991089 0.9896332025527954
v -0.5790553092956543 -0.5639116764068604 1.0145366191864014
v -0.5405339002609253 -0.5748870968818665 1.0365290641784668
v -0.49246475100517273 -0.5707889795303345 1.0358425378799438
v -0.44924798607826233 -0.579442024230957 1.050605058670044
v -0.4033200442790985 -0.5820168256759644 1.0617520809173584
v -0.3520561456680298 -0.5811712741851807 1.0659551620483398
v -0.3058325946331024 -0.5878971219062805 1.0802876949310303
v -0.2593576908111572 -0.6001452803611755 1.0987170934677124
v -0.20650146901607513 -0.6014130115509033 1.1092554330825806
v -0.154363751411438 -0.6074039340019226 1.1212692260742188
v -0.10242811590433121 -0.6045899391174316 1.1201876401901245
v -0.048618823289871216 -0.5843583345413208 1.0768654346466064
v 0.007267209701240063 -0.5852501392364502 1.0791608095169067
v 0.059114743024110794 -0.5751430988311768 1.0593154430389404
v 0.11733105778694153 -0.6139358282089233 1.131540298461914
v 0.17112736403942108 -0.6128872632980347 1.1319726705551147
v 0.22011645138263702 -0.6092247366905212 1.1191375255584717
v 0.27055785059928894 -0.6069928407669067 1.1152691841125488
v 0.3092166781425476 -0.5802802443504333 1.0646897554397583
v 0.3621523678302765 -0.5807231068611145 1.0671515464782715
v 0.40410545468330383 -0.5712943077087402 1.050019383430481
v 0.4474635422229767 -0.5639608502388 1.0383862257003784
v 0.4894873797893524 -0.5554032921791077 1.0251939296722412
v 0.5313146710395813 -0.5435781478881836 0.9949767589569092
v 0.5853897333145142 -0.5488831996917725 1.000058650970459
v -0.6159837245941162 -0.5493323802947998 0.9938052296638489
v -0.575097382068634 -0.5623698234558105 1.0169750452041626
v -0.536745548248291 -0.5727327466011047 1.0383756160736084
v -0.48775938153266907 -0.5686843395233154 1.0368744134902954
v -0.44525477290153503 -0.5781553983688354 1.0531892776489258
v -0.39797699451446533 -0.5790160894393921 1.0628173351287842
v -0.347594678401947 -0.5790632963180542 1.0671573877334595
v -0.30167022347450256 -0.5877766609191895 1.0842328071594238
v -0.2548334002494812 -0.5988057851791382 1.101670265197754
v -0.20158906280994415 -0.6012577414512634 1.1148838996887207
v -0.14920176565647125 -0.6046348810195923 1.1215349435806274
v -0.0971139594912529 -0.601760745048523 1.120841383934021
v -0.04320321977138519 -0.5814344882965088 1.0781874656677246
v 0.012243454344570637 -0.5830562114715576 1.080149531364441
v 0.06408777087926865 -0.5705126523971558 1.057131290435791
v 0.12311668694019318 -0.6122163534164429 1.1331746578216553
v 0.17668120563030243 -0.6105613708496094 1.1316969394683838
v 0.22493629157543182 -0.6064403057098389 1.11892831325531
v 0.27640900015830994 -0.60527503490448 1.1170501708984375
v 0.31493937969207764 -0.577447772026062 1.064652919769287
v 0.3669886291027069 -0.5780621767044067 1.0670874118804932
v 0.40907546877861023 -0.5687492489814758 1.0497682094573975
v 0.4520302712917328 -0.5611827373504639 1.0388423204421997
v 0.49578866362571716 -0.5540250539779663 1.0264534950256348
v 0.5371283292770386 -0.5427359938621521 0.9971180558204651
v 0.5917062163352966 -0.5459442138671875 1.0000216960906982
v -0.6122130155563354 -0.5488114356994629 0.9973902106285095
v -0.57133549451828 -0.5609341263771057 1.019662618637085
v -0.5328957438468933 -0.5706278681755066 1.0401867628097534
v -0.483305960893631 -0.5662486553192139 1.038028597831726
v -0.4410715103149414 -0.5764024257659912 1.055291771888733
v -0.39241907000541687 -0.5759828090667725 1.0639116764068604
v -0.3432064354419708 -0.5772427320480347 1.068534255027771
v -0.29752784967422485 -0.5880440473556519 1.0888917446136475
v -0.2502751052379608 -0.5973265171051025 1.1042813062667847
v -0.19670335948467255 -0.6006633043289185 1.1193597316741943
v -0.14398634433746338 -0.6018760800361633 1.1220756769180298
v -0.09184184670448303 -0.5988967418670654 1.121536374092102
v -0.03764486312866211 -0.5784085392951965 1.079378366470337
v 0.01727222464978695 -0.5805813074111938 1.0806275606155396
v 0.06301585584878922 -0.5737543106079102 1.088776707649231
v 0.12881502509117126 -0.6103222370147705 1.1343363523483276
v 0.18217812478542328 -0.6079601049423218 1.1314119100570679
v 0.22992075979709625 -0.6036031246185303 1.1191500425338745
v 0.28215548396110535 -0.6035828590393066 1.1177676916122437
v 0.3206425905227661 -0.5750862956047058 1.0656473636627197
v 0.3715510964393616 -0.575215220451355 1.0666950941085815
v 0.41391047835350037 -0.5660818219184875 1.0494682788848877
v 0.45642170310020447 -0.5582374930381775 1.039097785949707
v 0.5022871494293213 -0.5525708198547363 1.027807593345642
v 0.5428659319877625 -0.5417424440383911 0.9990425109863281
v 0.5990749597549438 -0.5438283681869507 1.0022356510162354
v -0.6085259914398193 -0.548000693321228 1.000605583190918
v -0.5677676796913147 -0.5596590042114258 1.0226191282272339
v -0.5290427803993225 -0.5686917901039124 1.0419994592666626
v -0.4790181815624237 -0.5639457702636719 1.0390655994415283
v -0.4367373585700989 -0.5741918087005615 1.0571881532669067
v -0.38689061999320984 -0.5730503797531128 1.0647629499435425
v -0.33885321021080017 -0.5755654573440552 1.0701289176940918
v -0.29340022802352905 -0.588417649269104 1.093603491783142
v -0.24557526409626007 -0.5956689715385437 1.106716513633728
v -0.19167277216911316 -0.5996918678283691 1.1223535537719727
v -0.13877427577972412 -0.599077582359314 1.1226004362106323
v -0.08678336441516876 -0.5960545539855957 1.1224374771118164
v -0.03206711634993553 -0.5754430294036865 1.0803911685943604
v 0.0223737433552742 -0.5778365135192871 1.0802605152130127
v 0.08002416789531708 -0.6091164350509644 1.141937017440796
v 0.1344630867242813 -0.6084159016609192 1.1352230310440063
v 0.18750345706939697 -0.6053577661514282 1.1309614181518555
v 0.23504595458507538 -0.6009341478347778 1.119722843170166
v 0.28782203793525696 -0.6014968156814575 1.1181994676589966
v 0.32617276906967163 -0.5728011727333069 1.0676432847976685
v 0.37601327896118164 -0.5722317695617676 1.0659911632537842
v 0.41870570182800293 -0.5633974075317383 1.0491632223129272
v 0.46062377095222473 -0.5551086664199829 1.0389316082000732
v 0.508922278881073 -0.5514847040176392 1.029715895652771
v 0.5487114191055298 -0.5406005382537842 1.0008912086486816
v 0.6135299205780029 -0.5510282516479492 1.0160346031188965
v -0.6045036315917969 -0.5468368530273438 1.0033113956451416
v -0.5642436742782593 -0.5584707260131836 1.0255601406097412
v -0.5252302289009094 -0.5667456388473511 1.0435007810592651
v -0.47194287180900574 -0.5588057041168213 1.0354870557785034
v -0.4322337210178375 -0.5716788172721863 1.0589617490768433
v -0.3814717233181 -0.5703334808349609 1.0652952194213867
v -0.33455199003219604 -0.573982834815979 1.0721161365509033
v -0.28929975628852844 -0.5885432958602905 1.0975863933563232
v -0.24070923030376434 -0.5938618183135986 1.109082818031311
v -0.18656021356582642 -0.5983102321624756 1.124220609664917
v -0.13349691033363342 -0.5962313413619995 1.1231017112731934
v -0.08175129443407059 -0.5935027599334717 1.1236239671707153
v -0.029710687696933746 -0.5942177772521973 1.1406651735305786
v 0.029085032641887665 -0.6055808067321777 1.1393123865127563
v 0.08598818629980087 -0.6074472665786743 1.1442631483078003
v 0.1401119828224182 -0.6064038276672363 1.1360669136047363
v 0.19276465475559235 -0.6029659509658813 1.130666971206665
v 0.2403232902288437 -0.5984960794448853 1.1204739809036255
v 0.29326722025871277 -0.5989875793457031 1.1187700033187866
v 0.33639150857925415 -0.5784106254577637 1.0832059383392334
v 0.3803374171257019 -0.5692653656005859 1.0650871992111206
v 0.4234236180782318 -0.5606898665428162 1.048914909362793
v 0.46473580598831177 -0.5519396662712097 1.0383460521697998
v 0.5115748643875122 -0.5414307117462158 1.0257364511489868
v 0.5542502999305725 -0.5391064882278442 1.0017257928848267
v 0.6198064088821411 -0.5482228994369507 1.0156141519546509
v -0.6007593870162964 -0.5456119775772095 1.0063077211380005
v -0.5607452392578125 -0.5574175119400024 1.0286672115325928
v -0.5213391184806824 -0.5648056268692017 1.044692873954773
v -0.4707503020763397 -0.5604372620582581 1.0423554182052612
v -0.427554726600647 -0.5688847303390503 1.0603581666946411
v -0.3762400448322296 -0.5677926540374756 1.065849781036377
v -0.330351322889328 -0.5724915266036987 1.0744521617889404
v -0.2850511372089386 -0.5883894562721252 1.1006778478622437
v -0.23576770722866058 -0.5921064615249634 1.1113260984420776
v -0.181485116481781 -0.5963571071624756 1.1253026723861694
v -0.128159299492836 -0.5935040712356567 1.1236622333526611
v -0.076690673828125 -0.5913914442062378 1.1254324913024902
v -0.022841647267341614 -0.6021474599838257 1.1452081203460693
v 0.03521828353404999 -0.6056352853775024 1.1444205045700073
v 0.09186915308237076 -0.6055676937103271 1.1451425552368164
v 0.14570143818855286 -0.6041965484619141 1.1367418766021729
v 0.19791565835475922 -0.6005308628082275 1.130262851715088
v 0.24587945640087128 -0.5963355898857117 1.1217122077941895
v 0.29858556389808655 -0.5962989330291748 1.1192833185195923
v 0.34145140647888184 -0.5749040842056274 1.0811494588851929
v 0.3845744729042053 -0.5663322806358337 1.0642787218093872
v 0.4281155467033386 -0.5579288005828857 1.0487663745880127
v 0.46893614530563354 -0.5487468242645264 1.037377119064331
v 0.5081261396408081 -0.5300187468528748 0.9982431530952454
v 0.5720393061637878 -0.5520849227905273 1.0304268598556519
v 0.6258792877197266 -0.5456916093826294 1.01406991481781
v -0.5938577651977539 -0.5421976447105408 0.9996456503868103
v -0.5573757886886597 -0.5563209056854248 1.032017469406128
v -0.5174280405044556 -0.5628798007965088 1.045693039894104
v -0.4665210247039795 -0.5589475035667419 1.0446739196777344
v -0.4224976897239685 -0.5657899379730225 1.0613980293273926
v -0.37112879753112793 -0.565340518951416 1.0665063858032227
v -0.32616835832595825 -0.5710064768791199 1.076956033706665
v -0.2807246744632721 -0.5878545045852661 1.1036498546600342
v -0.23076823353767395 -0.5904552936553955 1.1136850118637085
v -0.17630891501903534 -0.5940197706222534 1.126188039779663
v -0.12282057851552963 -0.590882420539856 1.1244571208953857
v -0.07172751426696777 -0.5900565385818481 1.1282061338424683
v -0.016962802037596703 -0.6012218594551086 1.1482348442077637
v 0.04140293970704079 -0.6050998568534851 1.1487696170806885
v 0.09775350242853165 -0.6036510467529297 1.1452876329421997
v 0.15119652450084686 -0.6019222736358643 1.137571930885315
v 0.20302680134773254 -0.5979985594749451 1.129706859588623
v 0.25175291299819946 -0.594632625579834 1.1238027811050415
v 0.30384016036987305 -0.5935330390930176 1.1194432973861694
v 0.3465789258480072 -0.5718587040901184 1.080063819885254
v 0.388978511095047 -0.5634446144104004 1.0636091232299805
v 0.43271604180336 -0.5551505088806152 1.0486547946929932
v 0.47344064712524414 -0.545635998249054 1.0367494821548462
v 0.513990044593811 -0.528293251991272 0.9996612668037415
v 0.5779733657836914 -0.5504403710365295 1.0313513278961182
v 0.6317979097366333 -0.5429969429969788 1.012261152267456
v -0.5896540284156799 -0.5408403277397156 1.00186026096344
v -0.554034948348999 -0.5552440881729126 1.0353764295578003
v -0.5133488178253174 -0.5608270168304443 1.0464744567871094
v -0.46218210458755493 -0.5573636293411255 1.047091007232666
v -0.41728007793426514 -0.5625706911087036 1.0623626708984375
v -0.3662087023258209 -0.5630071759223938 1.0674182176589966
v -0.32204118371009827 -0.569589376449585 1.079635500907898
v -0.27636227011680603 -0.5870059132575989 1.106616497039795
v -0.22573821246623993 -0.5890916585922241 1.1162580251693726
v -0.1710599958896637 -0.591544508934021 1.1270570755004883
v -0.11756490916013718 -0.5883339643478394 1.1254101991653442
v -0.06675940006971359 -0.5898672342300415 1.1336603164672852
v -0.011127849109470844 -0.5999622941017151 1.15049147605896
v 0.04753956198692322 -0.6040982007980347 1.152050256729126
v 0.10362478345632553 -0.6016393303871155 1.1451725959777832
v 0.15667670965194702 -0.5996580123901367 1.138188362121582
v 0.20810621976852417 -0.595551073551178 1.1295061111450195
v 0.25782427191734314 -0.5933301448822021 1.126863718032837
v 0.30895867943763733 -0.5906959772109985 1.119408130645752
v 0.3515404760837555 -0.5689488053321838 1.0789183378219604
v 0.3934817612171173 -0.5606039762496948 1.062779426574707
v 0.4373268783092499 -0.5524135828018188 1.0485236644744873
v 0.47858160734176636 -0.5430028438568115 1.0368858575820923
v 0.5364406108856201 -0.548403263092041 1.0422227382659912
v 0.5835691690444946 -0.5485625267028809 1.0321983098983765
v 0.6398775577545166 -0.5372769236564636 1.008203148841858
v -0.5855015516281128 -0.5391526222229004 1.003767490386963
v -0.5506556034088135 -0.5540452599525452 1.0386935472488403
v -0.5088984370231628 -0.5583969354629517 1.0472742319107056
v -0.4576030373573303 -0.5556843280792236 1.0493788719177246
v -0.411772757768631 -0.5592824220657349 1.062981367111206
v -0.3614051640033722 -0.5607986450195312 1.0685043334960938
v -0.3176667094230652 -0.568400502204895 1.082980990409851
v -0.27197104692459106 -0.5857974290847778 1.1096534729003906
v -0.22069427371025085 -0.5879417657852173 1.1191091537475586
v -0.1656637042760849 -0.588951587677002 1.1275856494903564
v -0.11231275647878647 -0.5858451128005981 1.1262645721435547
v -0.06168942525982857 -0.5906217694282532 1.1410629749298096
v -0.005327827762812376 -0.5987051725387573 1.1524410247802734
v 0.053614404052495956 -0.6028329730033875 1.15463125705719
v 0.1093025878071785 -0.599386990070343 1.144970417022705
v 0.16258899867534637 -0.5973747968673706 1.138438105583191
v 0.21321094036102295 -0.5931704044342041 1.1296497583389282
v 0.26403340697288513 -0.5925439596176147 1.130394458770752
v 0.313936322927475 -0.5874431729316711 1.1191606521606445
v 0.3561725616455078 -0.5660003423690796 1.078290343284607
v 0.39788928627967834 -0.557753324508667 1.0618709325790405
v 0.4419320523738861 -0.5495442152023315 1.0484956502914429
v 0.484176367521286 -0.5405937433242798 1.0368574857711792
v 0.5424973368644714 -0.5474519729614258 1.0446228981018066
v 0.5893594026565552 -0.5465303659439087 1.0326977968215942
v -0.6320774555206299 -0.5287245512008667 0.9822803139686584
v -0.5811138153076172 -0.5372166633605957 1.005168080329895
v -0.5474029779434204 -0.5528916120529175 1.041904091835022
v -0.5041515231132507 -0.5557704567909241 1.0480759143829346
v -0.45304983854293823 -0.5539371371269226 1.0514655113220215
v -0.4061206877231598 -0.5558145046234131 1.0634909868240356
v -0.35670235753059387 -0.558772087097168 1.069844126701355
v -0.3132692873477936 -0.5677090883255005 1.0867574214935303
v -0.2675462067127228 -0.5844300389289856 1.1125589609146118
v -0.2157062441110611 -0.5870449542999268 1.1224453449249268
v -0.16024240851402283 -0.5861362218856812 1.1279829740524292
v -0.10716287791728973 -0.5834678411483765 1.127317190170288
v -0.05645514652132988 -0.5912638306617737 1.1477210521697998
v 0.0006044936599209905 -0.5975844264030457 1.1542729139328003
v 0.059707943350076675 -0.6013748049736023 1.1563608646392822
v 0.11470849066972733 -0.5971173048019409 1.145071029663086
v 0.16800445318222046 -0.5950758457183838 1.1389144659042358
v 0.21828095614910126 -0.5906999707221985 1.129990577697754
v 0.27003830671310425 -0.5917624235153198 1.1337541341781616
v 0.318732351064682 -0.5833075046539307 1.1175991296768188
v 0.3607996106147766 -0.563321590423584 1.077960729598999
v 0.4023708701133728 -0.5550562143325806 1.061084508895874
v 0.4462816119194031 -0.5464414954185486 1.0485163927078247
v 0.48988720774650574 -0.5382121801376343 1.03708016872406
v 0.5483976602554321 -0.5461850166320801 1.046327829360962
v 0.5955480337142944 -0.5447286367416382 1.0330626964569092
v -0.626918375492096 -0.5301766395568848 0.9930861592292786
v -0.576407790184021 -0.5351624488830566 1.0061224699020386
v -0.5441933870315552 -0.5517575740814209 1.045217752456665
v -0.49907082319259644 -0.5530598759651184 1.0489031076431274
v -0.43900710344314575 -0.5434833765029907 1.0210907459259033
v -0.4005822241306305 -0.5524946451187134 1.0640299320220947
v -0.3522784411907196 -0.5569813251495361 1.0715107917785645
v -0.30889013409614563 -0.5674370527267456 1.0909630060195923
v -0.26299843192100525 -0.5829554796218872 1.1152679920196533
v -0.2106495201587677 -0.5862280130386353 1.125752329826355
v -0.15473555028438568 -0.5832556486129761 1.1283576488494873
v -0.10208700597286224 -0.5812023282051086 1.128551721572876
v -0.05125924199819565 -0.5911505222320557 1.1527769565582275
v 0.0065744915045797825 -0.5964224338531494 1.1557811498641968
v 0.06576843559741974 -0.5995230674743652 1.1574503183364868
v 0.1201040968298912 -0.5949444770812988 1.1453704833984375
v 0.1734200268983841 -0.5927109718322754 1.139449954032898
v 0.22332999110221863 -0.5882517099380493 1.1304519176483154
v 0.2760617733001709 -0.5905517935752869 1.1361218690872192
v 0.32309964299201965 -0.5780556201934814 1.1148384809494019
v 0.36536112427711487 -0.5607798099517822 1.077567219734192
v 0.40705206990242004 -0.5524752140045166 1.0605549812316895
v 0.45077580213546753 -0.543494462966919 1.0486648082733154
v 0.4956355690956116 -0.5361195802688599 1.0378278493881226
v 0.5536884665489197 -0.5444298386573792 1.0469416379928589
v 0.6014193296432495 -0.5429320335388184 1.0329712629318237
v -0.6207218766212463 -0.5293496251106262 0.9963380098342896
v -0.5714422464370728 -0.5329517126083374 1.0066965818405151
v -0.5411100387573242 -0.5505815744400024 1.0482121706008911
v -0.4939729869365692 -0.5502164363861084 1.0495367050170898
v -0.4335648715496063 -0.5409348011016846 1.0207507610321045
v -0.39524295926094055 -0.5497185587882996 1.0649009943008423
v -0.3481266498565674 -0.5554500222206116 1.0734447240829468
v -0.30465060472488403 -0.567419171333313 1.0955371856689453
v -0.25836944580078125 -0.5812013149261475 1.1177204847335815
v -0.2054639309644699 -0.5851529836654663 1.1287474632263184
v -0.1492018699645996 -0.5806166529655457 1.1292476654052734
v -0.09696396440267563 -0.5787350535392761 1.1303950548171997
v -0.045805152505636215 -0.5908477902412415 1.1561545133590698
v 0.012606159783899784 -0.5951077938079834 1.1571991443634033
v 0.07175859063863754 -0.597226619720459 1.1583008766174316
v 0.1254144310951233 -0.5928344130516052 1.145662784576416
v 0.17886696755886078 -0.5901502370834351 1.1399133205413818
v 0.22858794033527374 -0.58583664894104 1.1311701536178589
v 0.28219133615493774 -0.588714599609375 1.1372311115264893
v 0.3271220028400421 -0.5722845792770386 1.1107820272445679
v 0.36983010172843933 -0.5582412481307983 1.0772181749343872
v 0.41187313199043274 -0.5496513247489929 1.0600957870483398
v 0.4555721580982208 -0.5408986806869507 1.0488770008087158
v 0.5014605522155762 -0.5343649983406067 1.03862726688385
v 0.5587435960769653 -0.5426616072654724 1.0470616817474365
v 0.6072670817375183 -0.540337324142456 1.0327116250991821
v -0.6168190240859985 -0.5294146537780762 0.9977656006813049
v -0.5664404630661011 -0.5303922891616821 1.0068879127502441
v -0.5378612279891968 -0.549485445022583 1.0505478382110596
v -0.4804431200027466 -0.5396885871887207 1.021955966949463
v -0.42804187536239624 -0.5380805730819702 1.0202127695083618
v -0.3900933265686035 -0.5474669933319092 1.0665888786315918
v -0.34390920400619507 -0.5539900064468384 1.0756306648254395
v -0.3004514276981354 -0.5675035715103149 1.1003082990646362
v -0.2536109685897827 -0.5790917873382568 1.120042085647583
v -0.20018017292022705 -0.5836833715438843 1.1312204599380493
v -0.14378514885902405 -0.5781757831573486 1.1303683519363403
v -0.09186386317014694 -0.5765204429626465 1.132960557937622
v -0.04019234701991081 -0.5902318954467773 1.1588046550750732
v 0.018710963428020477 -0.593652606010437 1.1587759256362915
v 0.07764533162117004 -0.5946959257125854 1.1591190099716187
v 0.13076072931289673 -0.5907340049743652 1.1461188793182373
v 0.1842709183692932 -0.5875192880630493 1.1402075290679932
v 0.23410801589488983 -0.583545982837677 1.1325745582580566
v 0.28817135095596313 -0.5864239931106567 1.137900471687317
v 0.32662200927734375 -0.5591144561767578 1.0949923992156982
v 0.3742902874946594 -0.5555294752120972 1.0770264863967896
v 0.416768878698349 -0.546666145324707 1.059573769569397
v 0.4606183171272278 -0.5383929014205933 1.04913330078125
v 0.5074043869972229 -0.5327651500701904 1.0396581888198853
v 0.5635923147201538 -0.5407480597496033 1.0467950105667114
v 0.6131885647773743 -0.5371585488319397 1.0318739414215088
v -0.6138112545013428 -0.5282972455024719 1.0003465414047241
v -0.5614598989486694 -0.5281175971031189 1.0068106651306152
v -0.5345415472984314 -0.5481905937194824 1.0526061058044434
v -0.47504687309265137 -0.5362942814826965 1.0232939720153809
v -0.4226970076560974 -0.5349851250648499 1.0194023847579956
v -0.3851125240325928 -0.5455697774887085 1.0683482885360718
v -0.3396699130535126 -0.5525867938995361 1.0777873992919922
v -0.296138197183609 -0.5673955678939819 1.1048849821090698
v -0.24868008494377136 -0.5767333507537842 1.1222214698791504
v -0.1948220580816269 -0.5818707942962646 1.13321053981781
v -0.13845908641815186 -0.5756906270980835 1.1315841674804688
v -0.08690021187067032 -0.575031042098999 1.135902762413025
v -0.03448459878563881 -0.5889788866043091 1.1607754230499268
v 0.024848418310284615 -0.5919551849365234 1.1602249145507812
v 0.08341839164495468 -0.592222273349762 1.1598267555236816
v 0.13629651069641113 -0.5884524583816528 1.1469451189041138
v 0.18963664770126343 -0.584900975227356 1.140580654144287
v 0.24004985392093658 -0.5816662311553955 1.1352698802947998
v 0.29388585686683655 -0.5840119123458862 1.1381093263626099
v 0.33587247133255005 -0.5617722868919373 1.1006977558135986
v 0.37883564829826355 -0.5526964664459229 1.076733112335205
v 0.42166668176651 -0.5437476634979248 1.059013843536377
v 0.465865820646286 -0.5357417464256287 1.0497047901153564
v 0.5134961605072021 -0.531420111656189 1.0410232543945312
v 0.5683743357658386 -0.5385806560516357 1.046689510345459
v 0.6192269325256348 -0.5339694023132324 1.0308393239974976
v -0.6100780963897705 -0.5271176099777222 1.0021429061889648
v -0.556595504283905 -0.5262771844863892 1.006972074508667
v -0.5310927629470825 -0.5465880036354065 1.05433189868927
v -0.46968457102775574 -0.5331243276596069 1.024681568145752
v -0.4173182249069214 -0.5315108299255371 1.0181427001953125
v -0.3802058696746826 -0.5436246395111084 1.0701453685760498
v -0.33557677268981934 -0.5511865615844727 1.0801331996917725
v -0.29173514246940613 -0.5669736862182617 1.1088213920593262
v -0.2436656504869461 -0.5746198892593384 1.1239845752716064
v -0.1894487887620926 -0.5797967910766602 1.1348603963851929
v -0.133177250623703 -0.5732401013374329 1.1332380771636963
v -0.08187571167945862 -0.5740451216697693 1.1395275592803955
v -0.028657620772719383 -0.5873290300369263 1.1622824668884277
v 0.030970938503742218 -0.5902411937713623 1.1618313789367676
v 0.08908835053443909 -0.5898269414901733 1.1601463556289673
v 0.14194220304489136 -0.5862298011779785 1.147973656654358
v 0.1950749307870865 -0.5824871063232422 1.141389012336731
v 0.24606207013130188 -0.580432116985321 1.13938307762146
v 0.2993009090423584 -0.5813403129577637 1.138317584991455
v 0.34046417474746704 -0.557141125202179 1.096451759338379
v 0.3834344446659088 -0.549943208694458 1.0761855840682983
v 0.42664414644241333 -0.5408308506011963 1.0586110353469849
v 0.47109851241111755 -0.5331504344940186 1.0501923561096191
v 0.5202425718307495 -0.5306892991065979 1.0431723594665527
v 0.5731889605522156 -0.5364184975624084 1.046967625617981
v 0.6249524354934692 -0.5305724143981934 1.029113531112671
v -0.606488823890686 -0.5260143280029297 1.0041942596435547
v -0.5522726774215698 -0.5242495536804199 1.0070056915283203
v -0.5274941921234131 -0.5449059009552002 1.0558277368545532
v -0.4646010994911194 -0.5303725600242615 1.0258842706680298
v -0.4116220474243164 -0.5276913642883301 1.0169049501419067
v -0.3754338324069977 -0.5418878793716431 1.0718402862548828
v -0.33156025409698486 -0.549839198589325 1.0826650857925415
v -0.2873457670211792 -0.5662571787834167 1.112174391746521
v -0.23865728080272675 -0.572756826877594 1.1254900693893433
v -0.18409419059753418 -0.5775344371795654 1.136371374130249
v -0.12796498835086823 -0.5710355639457703 1.1349890232086182
v -0.0766807496547699 -0.5733270049095154 1.1438616514205933
v -0.022726716473698616 -0.585512638092041 1.1636388301849365
v 0.03697926923632622 -0.5885446071624756 1.1636183261871338
v 0.09457103908061981 -0.5875439643859863 1.160183072090149
v 0.1475481539964676 -0.5838915705680847 1.1490271091461182
v 0.20059853792190552 -0.5800439119338989 1.1425230503082275
v 0.25207778811454773 -0.5797703862190247 1.1437216997146606
v 0.30449536442756653 -0.5785824656486511 1.138327717781067
v 0.3451358675956726 -0.553191602230072 1.0935969352722168
v 0.38796892762184143 -0.5471227169036865 1.0756659507751465
v 0.4315953552722931 -0.5378252863883972 1.0583789348602295
v 0.47622668743133545 -0.5304335951805115 1.050076961517334
v 0.5277414321899414 -0.5302525758743286 1.046623945236206
v 0.5785589814186096 -0.534477710723877 1.0475465059280396
v 0.6311327219009399 -0.5274741053581238 1.0265185832977295
v -0.6028134822845459 -0.5253098011016846 1.0065116882324219
v -0.5533268451690674 -0.5266386270523071 1.0262280702590942
v -0.5237985849380493 -0.543022632598877 1.057124137878418
v -0.45977914333343506 -0.5276032090187073 1.0271753072738647
v -0.4059310257434845 -0.5237634181976318 1.0164775848388672
v -0.3708362281322479 -0.5402007102966309 1.0734310150146484
v -0.3275829255580902 -0.5485210418701172 1.0854078531265259
v -0.28303107619285583 -0.5653983354568481 1.1151541471481323
v -0.23358947038650513 -0.5712018013000488 1.127363920211792
v -0.1787714958190918 -0.5751861929893494 1.1377009153366089
v -0.12289050221443176 -0.5688543319702148 1.1366137266159058
v -0.0715327039361 -0.572573721408844 1.1481900215148926
v -0.016798285767436028 -0.5835603475570679 1.1647469997406006
v 0.04305870085954666 -0.586768627166748 1.1652706861495972
v 0.09997312724590302 -0.585249662399292 1.1600534915924072
v 0.1529921442270279 -0.5814450979232788 1.150020718574524
v 0.20608551800251007 -0.5777384042739868 1.1437288522720337
v 0.2580772638320923 -0.5789748430252075 1.1473720073699951
v 0.30955690145492554 -0.5757215023040771 1.138284683227539
v 0.3498247563838959 -0.5499287843704224 1.0916131734848022
v 0.3926478624343872 -0.5444129109382629 1.0751429796218872
v 0.4364211857318878 -0.5348702669143677 1.058093786239624
v 0.48105165362358093 -0.5274251699447632 1.0495635271072388
v 0.5352860689163208 -0.5296173095703125 1.052081823348999
v 0.5839413404464722 -0.5324699878692627 1.0482360124588013
v 0.6375274658203125 -0.5245347023010254 1.0233619213104248
v -0.5990210771560669 -0.5242184996604919 1.008986473083496
v -0.5641951560974121 -0.5379442572593689 1.054490327835083
v -0.5198100805282593 -0.5409539341926575 1.0581241846084595
v -0.4549846649169922 -0.5246968269348145 1.0285770893096924
v -0.4003978669643402 -0.5198941230773926 1.0161484479904175
v -0.36641278862953186 -0.5385710000991821 1.075156807899475
v -0.32373514771461487 -0.5471989512443542 1.0884480476379395
v -0.2787184715270996 -0.5642025470733643 1.1179594993591309
v -0.22844316065311432 -0.5698517560958862 1.1297926902770996
v -0.17331379652023315 -0.5727369785308838 1.138888955116272
v -0.11788902431726456 -0.5667935609817505 1.1382476091384888
v -0.06639744341373444 -0.5718799829483032 1.1520159244537354
v -0.010892827995121479 -0.5814703702926636 1.1656345129013062
v 0.04912611469626427 -0.5847957134246826 1.1668426990509033
v 0.10528692603111267 -0.5827530026435852 1.1600772142410278
v 0.15844972431659698 -0.5789300203323364 1.1511160135269165
v 0.21149034798145294 -0.5755138397216797 1.1448140144348145
v 0.2640095353126526 -0.5779776573181152 1.1494187116622925
v 0.31457188725471497 -0.5727891325950623 1.1385226249694824
v 0.3544456362724304 -0.5467844009399414 1.0900689363479614
v 0.3974233567714691 -0.541647732257843 1.07453191280365
v 0.44117870926856995 -0.531937301158905 1.0577281713485718
v 0.4858326017856598 -0.524532675743103 1.0490641593933105
v 0.5420424342155457 -0.5289283990859985 1.0561991930007935
v 0.5887377262115479 -0.5302382707595825 1.0485509634017944
v 0.6451245546340942 -0.5188157558441162 1.0174070596694946
v -0.5952029228210449 -0.5227462649345398 1.0107429027557373
v -0.5611879825592041 -0.5373002290725708 1.0571188926696777
v -0.5152953863143921 -0.5385258197784424 1.0589646100997925
v -0.45026451349258423 -0.5220888257026672 1.0299055576324463
v -0.39499765634536743 -0.516297459602356 1.0157318115234375
v -0.36208584904670715 -0.537129819393158 1.077152967453003
v -0.31962689757347107 -0.5460373759269714 1.0918922424316406
v -0.2742473781108856 -0.5627802610397339 1.1208120584487915
v -0.22324666380882263 -0.5684674978256226 1.132097601890564
v -0.1677308827638626 -0.5702011585235596 1.1400233507156372
v -0.1128915324807167 -0.5647965669631958 1.1397356986999512
v -0.061251573264598846 -0.5710831880569458 1.1553924083709717
v -0.0049759624525904655 -0.5794315338134766 1.166521430015564
v 0.05507953464984894 -0.5827311277389526 1.168147087097168
v 0.11058790236711502 -0.5801863670349121 1.1603379249572754
v 0.16379599273204803 -0.5762922763824463 1.1520544290542603
v 0.2168889194726944 -0.5732547044754028 1.1459094285964966
v 0.2698487937450409 -0.5766289234161377 1.1508674621582031
v 0.3192911446094513 -0.5693230628967285 1.1379520893096924
v 0.3588669002056122 -0.5438951253890991 1.0890066623687744
v 0.40207135677337646 -0.5387267470359802 1.0737028121948242
v 0.44583573937416077 -0.528866171836853 1.0573310852050781
v 0.4905587136745453 -0.5215737223625183 1.048539638519287
v 0.5474772453308105 -0.5276917219161987 1.0579496622085571
v 0.5861181616783142 -0.5171918869018555 1.034972071647644
v -0.6700217723846436 -0.5282098054885864 1.0087028741836548
v -0.5913807153701782 -0.5210059881210327 1.0120339393615723
v -0.5578563213348389 -0.5363880395889282 1.0588300228118896
v -0.510242223739624 -0.5357832908630371 1.0595916509628296
v -0.4454472064971924 -0.519708514213562 1.0310437679290771
v -0.40248385071754456 -0.5254487991333008 1.0614216327667236
v -0.35786253213882446 -0.5357283353805542 1.079143762588501
v -0.3153028190135956 -0.5451195240020752 1.0959105491638184
v -0.2696196138858795 -0.5612236857414246 1.1236072778701782
v -0.2180793583393097 -0.5671800971031189 1.1344599723815918
v -0.16208584606647491 -0.5675996541976929 1.1411068439483643
v -0.1079220250248909 -0.5628215074539185 1.1411319971084595
v -0.056078024208545685 -0.5702046751976013 1.158449411392212
v 0.0009186703828163445 -0.5774568319320679 1.1675384044647217
v 0.061055880039930344 -0.5805501937866211 1.1693367958068848
v 0.11593808978796005 -0.5777031183242798 1.1609747409820557
v 0.16904811561107635 -0.5736099481582642 1.1526963710784912
v 0.22229449450969696 -0.571220338344574 1.147484540939331
v 0.27548083662986755 -0.5745849609375 1.151807188987732
v 0.3236698806285858 -0.5649889707565308 1.1360300779342651
v 0.3633953928947449 -0.541398286819458 1.088616132736206
v 0.40680956840515137 -0.5356982350349426 1.0727803707122803
v 0.45024779438972473 -0.5257875323295593 1.0570682287216187
v 0.495064377784729 -0.5185012817382812 1.0478029251098633
v 0.5525261163711548 -0.5260330438613892 1.0578410625457764
v 0.562294602394104 -0.49362659454345703 0.9705901145935059
v -0.6659232378005981 -0.5368417501449585 1.0485906600952148
v -0.5871937274932861 -0.5193477869033813 1.0132774114608765
v -0.5543002486228943 -0.5350503921508789 1.060577392578125
v -0.5046979784965515 -0.5326333045959473 1.0599913597106934
v -0.44060420989990234 -0.5173218250274658 1.0319262742996216
v -0.3993408977985382 -0.5253194570541382 1.0645102262496948
v -0.3538108170032501 -0.5343613028526306 1.0811057090759277
v -0.3109387457370758 -0.5445698499679565 1.1003684997558594
v -0.264828622341156 -0.5593647956848145 1.1260143518447876
v -0.21294976770877838 -0.5659322738647461 1.1370254755020142
v -0.156465083360672 -0.5649455785751343 1.1423262357711792
v -0.10292558372020721 -0.5610998272895813 1.1430996656417847
v -0.05075784772634506 -0.5691710114479065 1.161418080329895
v 0.006864549126476049 -0.5754539966583252 1.1687601804733276
v 0.06704041361808777 -0.5784862041473389 1.1705505847930908
v 0.12132672965526581 -0.5753083229064941 1.161656141281128
v 0.17462091147899628 -0.5709468126296997 1.1534488201141357
v 0.22777646780014038 -0.5695307850837708 1.150512933731079
v 0.2810056805610657 -0.5720506906509399 1.1524951457977295
v 0.326172798871994 -0.5507694482803345 1.1324883699417114
v 0.36792731285095215 -0.5390303134918213 1.0882768630981445
v 0.41157418489456177 -0.5326135158538818 1.0717225074768066
v 0.45466652512550354 -0.5226031541824341 1.0569920539855957
v 0.49957460165023804 -0.5156182050704956 1.0472877025604248
v 0.5570070743560791 -0.5236936211585999 1.0567268133163452
v 0.5686694979667664 -0.48920938372612 0.9621565341949463
v -0.6419851183891296 -0.5234438180923462 1.015883445739746
v -0.582992672920227 -0.5178079605102539 1.0144059658050537
v -0.5505317449569702 -0.5334029197692871 1.0622379779815674
v -0.49891984462738037 -0.528912365436554 1.0598888397216797
v -0.43567752838134766 -0.5148362517356873 1.0326744318008423
v -0.3950910270214081 -0.5242682695388794 1.0682740211486816
v -0.34995579719543457 -0.5331491231918335 1.0833083391189575
v -0.3066444993019104 -0.5441972017288208 1.105126976966858
v -0.25990238785743713 -0.557205855846405 1.1279432773590088
v -0.20764373242855072 -0.5645697116851807 1.1393957138061523
v -0.1509471982717514 -0.5623399615287781 1.1436346769332886
v -0.0977536216378212 -0.5595399141311646 1.145655632019043
v -0.04536813870072365 -0.5678259134292603 1.1643701791763306
v 0.012862388044595718 -0.5735023021697998 1.1702560186386108
v 0.072883740067482 -0.576516330242157 1.1716431379318237
v 0.12678347527980804 -0.5728914737701416 1.1620458364486694
v 0.18008892238140106 -0.5684469938278198 1.1546615362167358
v 0.23350483179092407 -0.5683425664901733 1.1548142433166504
v 0.28649595379829407 -0.5694080591201782 1.153075098991394
v 0.31609222292900085 -0.5242562294006348 1.0601099729537964
v 0.3724454939365387 -0.5365287065505981 1.0879572629928589
v 0.4163176417350769 -0.5295143127441406 1.0705467462539673
v 0.4592057764530182 -0.5195252895355225 1.0566240549087524
v 0.5042322278022766 -0.5131426453590393 1.0467697381973267
v 0.5614488124847412 -0.5212380290031433 1.0557068586349487
v 0.574536144733429 -0.4865226745605469 0.9593947529792786
v -0.6367186903953552 -0.523220419883728 1.0188863277435303
v -0.5958970785140991 -0.5296630859375 1.0589048862457275
v -0.5466495752334595 -0.5315489768981934 1.0638123750686646
v -0.48381307721138 -0.5162642002105713 1.0305248498916626
v -0.4307635426521301 -0.5122890472412109 1.033461332321167
v -0.3907804787158966 -0.5233867764472961 1.0727572441101074
v -0.34608301520347595 -0.5319931507110596 1.0856602191925049
v -0.30232617259025574 -0.5438293814659119 1.1097640991210938
v -0.25494584441185 -0.5549922585487366 1.1296340227127075
v -0.20231778919696808 -0.5628374814987183 1.141592264175415
v -0.14557971060276031 -0.5598174333572388 1.1449532508850098
v -0.09257418662309647 -0.5579102039337158 1.1484718322753906
v -0.03980589285492897 -0.5661981701850891 1.1669657230377197
v 0.018989333882927895 -0.5714139938354492 1.1720274686813354
v 0.07847477495670319 -0.574438750743866 1.172573208808899
v 0.1321767419576645 -0.5704860687255859 1.1625268459320068
v 0.18567988276481628 -0.5661717057228088 1.1563063859939575
v 0.2297624945640564 -0.5527257323265076 1.1322057247161865
v 0.29195302724838257 -0.5668113231658936 1.1534593105316162
v 0.32184335589408875 -0.5214198231697083 1.0612651109695435
v 0.3769984841346741 -0.5338548421859741 1.0878353118896484
v 0.42085400223731995 -0.526183009147644 1.0696009397506714
v 0.4637368619441986 -0.5165225267410278 1.0561655759811401
v 0.5087336897850037 -0.5107152462005615 1.0460954904556274
v 0.5661633610725403 -0.5188435316085815 1.0549356937408447
v 0.5804698467254639 -0.48416605591773987 0.9566706418991089
v -0.6332299709320068 -0.5222152471542358 1.0220643281936646
v -0.5912432670593262 -0.5276700258255005 1.060218095779419
v -0.5427232980728149 -0.5295209884643555 1.0651085376739502
v -0.4785386621952057 -0.5133835077285767 1.0331122875213623
v -0.42578238248825073 -0.5096865892410278 1.033957600593567
v -0.3865061402320862 -0.5221842527389526 1.0766682624816895
v -0.34211465716362 -0.5307171940803528 1.088051438331604
v -0.2978537082672119 -0.5433394908905029 1.1138660907745361
v -0.24983930587768555 -0.552893877029419 1.131178379058838
v -0.1970001757144928 -0.5609662532806396 1.1435662508010864
v -0.1404205560684204 -0.5575062036514282 1.1464104652404785
v -0.08753463625907898 -0.5561972856521606 1.1513553857803345
v -0.03403624892234802 -0.5641867518424988 1.1687335968017578
v 0.025116559118032455 -0.5693228244781494 1.1737854480743408
v 0.08399777859449387 -0.5723453760147095 1.1732137203216553
v 0.13763856887817383 -0.5680466294288635 1.1631789207458496
v 0.19120676815509796 -0.5643763542175293 1.1588237285614014
v 0.24526838958263397 -0.5671994686126709 1.1645573377609253
v 0.29729723930358887 -0.5642253160476685 1.1538684368133545
v 0.3275378346443176 -0.518723726272583 1.0620293617248535
v 0.3817536532878876 -0.5310652256011963 1.0878404378890991
v 0.42545023560523987 -0.5227665901184082 1.0687353610992432
v 0.46830859780311584 -0.5137138366699219 1.05580735206604
v 0.513229489326477 -0.5080997943878174 1.045738935470581
v 0.545791745185852 -0.4909861981868744 0.9911509156227112
v 0.5867387056350708 -0.48248156905174255 0.9538971185684204
v -0.6299148797988892 -0.5214373469352722 1.0243403911590576
v -0.5865641832351685 -0.5256823301315308 1.0612924098968506
v -0.5387382507324219 -0.5272761583328247 1.0662142038345337
v -0.4732041656970978 -0.5106102228164673 1.0354268550872803
v -0.4205719530582428 -0.5069489479064941 1.03355073928833
v -0.3820558786392212 -0.5208578109741211 1.0795385837554932
v -0.3381012976169586 -0.529313325881958 1.0903382301330566
v -0.29340189695358276 -0.5426920652389526 1.1174017190933228
v -0.24462807178497314 -0.550807535648346 1.1327247619628906
v -0.1915675699710846 -0.5590652227401733 1.1452536582946777
v -0.13525721430778503 -0.5552585124969482 1.147872805595398
v -0.08255048096179962 -0.5547170639038086 1.1544493436813354
v -0.028099197894334793 -0.5618669986724854 1.1696314811706543
v 0.031042784452438354 -0.5672307014465332 1.1751738786697388
v 0.08938665688037872 -0.5702633857727051 1.173750877380371
v 0.14311857521533966 -0.5654444694519043 1.1639275550842285
v 0.19697268307209015 -0.5633451342582703 1.1631197929382324
v 0.2508796453475952 -0.5663544535636902 1.1678903102874756
v 0.30250877141952515 -0.5615535974502563 1.153787612915039
v 0.33283883333206177 -0.5161338448524475 1.0618536472320557
v 0.3865726590156555 -0.5281611680984497 1.0878357887268066
v 0.43007585406303406 -0.5194867253303528 1.0677425861358643
v 0.4730125963687897 -0.5109367966651917 1.0556021928787231
v 0.5055453181266785 -0.48957204818725586 1.0039570331573486
v 0.5476405024528503 -0.48612844944000244 0.9844028949737549
v 0.5933535099029541 -0.4815951883792877 0.9528672099113464
v -0.6274787783622742 -0.5211182832717896 1.0274896621704102
v -0.581961452960968 -0.5236650109291077 1.0624582767486572
v -0.5346664786338806 -0.52491694688797 1.0672080516815186
v -0.46833091974258423 -0.5075697898864746 1.0374374389648438
v -0.4152759611606598 -0.5039308667182922 1.031859278678894
v -0.3776665925979614 -0.5194357633590698 1.0820693969726562
v -0.3340844511985779 -0.5278249979019165 1.0926014184951782
v -0.28891879320144653 -0.5416522026062012 1.1204603910446167
v -0.239522784948349 -0.548782229423523 1.1341948509216309
v -0.1860523521900177 -0.5571515560150146 1.146815538406372
v -0.13016800582408905 -0.5528688430786133 1.1494686603546143
v -0.07751147449016571 -0.5533974766731262 1.1578795909881592
v -0.0220833458006382 -0.5593620538711548 1.1704096794128418
v 0.03685287758708 -0.5652041435241699 1.1764074563980103
v 0.09463781118392944 -0.5680513978004456 1.1742900609970093
v 0.14848290383815765 -0.5628231763839722 1.1646080017089844
v 0.20326070487499237 -0.563007652759552 1.1689200401306152
v 0.25629866123199463 -0.5647293329238892 1.1698592901229858
v 0.307797372341156 -0.5591505765914917 1.1536273956298828
v 0.3448088765144348 -0.525890588760376 1.1036930084228516
v 0.39132410287857056 -0.5251593589782715 1.0876544713974
v 0.4346674382686615 -0.5162172913551331 1.0668394565582275
v 0.4777572751045227 -0.507924497127533 1.0552009344100952
v 0.5087078213691711 -0.4861311912536621 0.9983873963356018
v 0.5489296317100525 -0.4807436168193817 0.9765828847885132
v 0.6027584075927734 -0.48178455233573914 0.9547406435012817
v -0.6249164342880249 -0.5211522579193115 1.0316017866134644
v -0.5774343609809875 -0.5216917991638184 1.0638856887817383
v -0.5303171873092651 -0.5223124027252197 1.068076729774475
v -0.46369385719299316 -0.5045763850212097 1.0386910438537598
v -0.4098643958568573 -0.500523030757904 1.0300618410110474
v -0.373420387506485 -0.5179339647293091 1.0843510627746582
v -0.33008888363838196 -0.5262947082519531 1.095132827758789
v -0.2842768132686615 -0.5401788353919983 1.1232247352600098
v -0.23438067734241486 -0.5469818711280823 1.1357970237731934
v -0.18042458593845367 -0.5550355315208435 1.1485992670059204
v -0.12521995604038239 -0.5505398511886597 1.1511046886444092
v -0.07235683500766754 -0.5520885586738586 1.1613768339157104
v -0.016358589753508568 -0.5412082672119141 1.1197426319122314
v 0.04268907383084297 -0.5634264945983887 1.177743673324585
v 0.09989186376333237 -0.5654683113098145 1.1748977899551392
v 0.15384221076965332 -0.56040358543396 1.1653523445129395
v 0.20980295538902283 -0.5628640651702881 1.1747735738754272
v 0.26185354590415955 -0.5625675916671753 1.170606255531311
v 0.3131426274776459 -0.5570919513702393 1.1538335084915161
v 0.34172824025154114 -0.5118781328201294 1.061572790145874
v 0.39617177844047546 -0.5220794677734375 1.0870709419250488
v 0.43932217359542847 -0.5129648447036743 1.0662258863449097
v 0.482293039560318 -0.5049101114273071 1.0543795824050903
v 0.512412428855896 -0.48268839716911316 0.993106484413147
v 0.5506609678268433 -0.47572797536849976 0.9695532321929932
v 0.6431039571762085 -0.5061884522438049 1.0333366394042969
v -0.621425986289978 -0.5202291011810303 1.0352795124053955
v -0.5729475617408752 -0.5198550224304199 1.0653294324874878
v -0.5255133509635925 -0.51934415102005 1.0685242414474487
v -0.45902347564697266 -0.5018052458763123 1.0397913455963135
v -0.404529869556427 -0.4968591034412384 1.028401494026184
v -0.3692173957824707 -0.5163954496383667 1.0863529443740845
v -0.32605797052383423 -0.5246776938438416 1.098022222518921
v -0.27958646416664124 -0.5385493636131287 1.1253776550292969
v -0.22913919389247894 -0.5453360080718994 1.1378108263015747
v -0.17475368082523346 -0.5525729656219482 1.1506060361862183
v -0.1202755868434906 -0.548395037651062 1.1528621912002563
v -0.06696531176567078 -0.550858199596405 1.1649645566940308
v -0.010573148727416992 -0.5402436256408691 1.122611403465271
v 0.048619095236063004 -0.5618075728416443 1.179216742515564
v 0.1053018569946289 -0.5628308057785034 1.1755996942520142
v 0.15942806005477905 -0.5580156445503235 1.1666138172149658
v 0.21630440652370453 -0.5625451803207397 1.179492473602295
v 0.26749521493911743 -0.5604443550109863 1.1705673933029175
v 0.31886595487594604 -0.5550107955932617 1.1550147533416748
v 0.34690219163894653 -0.5088378190994263 1.0574802160263062
v 0.40091294050216675 -0.5189659595489502 1.085789442062378
v 0.44400137662887573 -0.5098541975021362 1.0658890008926392
v 0.4868447482585907 -0.502126157283783 1.0532466173171997
v 0.5169429779052734 -0.4794794023036957 0.989199697971344
v 0.5531958341598511 -0.4712923765182495 0.9646167755126953
v 0.6532235145568848 -0.5018389821052551 1.0267754793167114
v -0.6175851821899414 -0.5188932418823242 1.038705825805664
v -0.5686914920806885 -0.5179444551467896 1.06715989112854
v -0.5201520919799805 -0.5160722136497498 1.068608045578003
v -0.4542448818683624 -0.4992613196372986 1.0408422946929932
v -0.39912986755371094 -0.4935795068740845 1.027348518371582
v -0.36507755517959595 -0.5148591995239258 1.088415265083313
v -0.32172611355781555 -0.5230176448822021 1.1014413833618164
v -0.27489158511161804 -0.5367767810821533 1.1271233558654785
v -0.2238139808177948 -0.5436668395996094 1.1401355266571045
v -0.16904795169830322 -0.5500560998916626 1.1522098779678345
v -0.1152532547712326 -0.5464708209037781 1.1548912525177002
v -0.06144418194890022 -0.5496101379394531 1.1684238910675049
v -0.004811461083590984 -0.5385432243347168 1.1239079236984253
v 0.05464104562997818 -0.5602760910987854 1.1811120510101318
v 0.11078619211912155 -0.5602555274963379 1.1762146949768066
v 0.16511808335781097 -0.555466890335083 1.1681280136108398
v 0.2225567102432251 -0.5617787837982178 1.1830037832260132
v 0.27320992946624756 -0.558484673500061 1.1709580421447754
v 0.3249494731426239 -0.5526628494262695 1.156873345375061
v 0.3513312041759491 -0.5058149099349976 1.055613398551941
v 0.40553468465805054 -0.515617847442627 1.0841224193572998
v 0.448771208524704 -0.5068690180778503 1.0654428005218506
v 0.4915080964565277 -0.4992690682411194 1.051997184753418
v 0.5219271183013916 -0.4767003655433655 0.9863526225090027
v 0.557118833065033 -0.46700969338417053 0.9614076614379883
v -0.6878839731216431 -0.5211582183837891 1.043073296546936
v -0.6133712530136108 -0.517179548740387 1.0418747663497925
v -0.5645687580108643 -0.5158398151397705 1.0690122842788696
v -0.5145190954208374 -0.5126041769981384 1.0685758590698242
v -0.4495340883731842 -0.49690553545951843 1.0420012474060059
v -0.4069317877292633 -0.5049514770507812 1.0727472305297852
v -0.360946923494339 -0.513414204120636 1.0905675888061523
v -0.31723734736442566 -0.5216507911682129 1.1049907207489014
v -0.2700815796852112 -0.5348764657974243 1.1285662651062012
v -0.21841426193714142 -0.5419752597808838 1.1424874067306519
v -0.1634955108165741 -0.5474462509155273 1.15345299243927
v -0.11012664437294006 -0.5447300672531128 1.1570762395858765
v -0.05596932768821716 -0.5481785535812378 1.171040415763855
v 0.0011160431895405054 -0.536216676235199 1.1238569021224976
v 0.06064506992697716 -0.5590454339981079 1.1833610534667969
v 0.1162453144788742 -0.5575207471847534 1.1768465042114258
v 0.17083613574504852 -0.5528730750083923 1.1699466705322266
v 0.2283667027950287 -0.5600870847702026 1.1850192546844482
v 0.2790485918521881 -0.5561710000038147 1.1717891693115234
v 0.33093395829200745 -0.5498098134994507 1.1581288576126099
v 0.3677937090396881 -0.5212962627410889 1.102813482284546
v 0.41023924946784973 -0.5123358964920044 1.0824190378189087
v 0.453470915555954 -0.5040389895439148 1.065054178237915
v 0.4961506128311157 -0.4962402582168579 1.050966501235962
v 0.5280030965805054 -0.4746135473251343 0.9867753386497498
v 0.5620732307434082 -0.46308133006095886 0.959801197052002
v -0.6767783761024475 -0.5216183662414551 1.064631700515747
v -0.6084415912628174 -0.5147793292999268 1.0443989038467407
v -0.5602290630340576 -0.5135580897331238 1.070509672164917
v -0.5048156976699829 -0.5066600441932678 1.0633559226989746
v -0.44485247135162354 -0.4946572482585907 1.0434242486953735
v -0.40370973944664 -0.5041050910949707 1.0782015323638916
v -0.3568706214427948 -0.5119476318359375 1.0926274061203003
v -0.3127577006816864 -0.5206969976425171 1.1088340282440186
v -0.265006422996521 -0.5326318740844727 1.1299223899841309
v -0.21302208304405212 -0.5403805375099182 1.1446324586868286
v -0.15794003009796143 -0.5448660254478455 1.1547667980194092
v -0.1049523577094078 -0.5431244969367981 1.1593732833862305
v -0.050526659935712814 -0.5461858510971069 1.1726545095443726
v 0.007188837043941021 -0.5335245132446289 1.1231145858764648
v 0.06663259863853455 -0.5579507350921631 1.1854057312011719
v 0.12181399762630463 -0.5546792149543762 1.1773992776870728
v 0.17646487057209015 -0.5505143404006958 1.1720994710922241
v 0.2336338311433792 -0.5578265190124512 1.1860275268554688
v 0.2849743068218231 -0.5535120964050293 1.1720619201660156
v 0.3073880672454834 -0.4997996389865875 1.0559101104736328
v 0.37284666299819946 -0.5187699794769287 1.1029706001281738
v 0.4150362014770508 -0.5090639591217041 1.0803641080856323
v 0.45822691917419434 -0.5012910962104797 1.0645432472229004
v 0.5005226731300354 -0.4931943416595459 1.0497918128967285
v 0.5343855619430542 -0.47273769974708557 0.9895618557929993
v 0.5678447484970093 -0.45967569947242737 0.9587203860282898
v -0.6593821048736572 -0.5111372470855713 1.0422924757003784
v -0.6026206016540527 -0.5116360187530518 1.0459996461868286
v -0.5558357238769531 -0.511139988899231 1.0718321800231934
v -0.495065838098526 -0.4986208975315094 1.044334053993225
v -0.44007986783981323 -0.4924701452255249 1.0447503328323364
v -0.39993536472320557 -0.5032848715782166 1.0836623907089233
v -0.352806955575943 -0.5103652477264404 1.0942087173461914
v -0.30822885036468506 -0.5199604034423828 1.1128662824630737
v -0.25981682538986206 -0.5300024747848511 1.1311733722686768
v -0.20758593082427979 -0.538612425327301 1.146540880203247
v -0.15235736966133118 -0.5421402454376221 1.1560733318328857
v -0.09964672476053238 -0.5416622161865234 1.1621617078781128
v -0.044900014996528625 -0.5438023805618286 1.1733342409133911
v 0.013242904096841812 -0.5304895639419556 1.122339129447937
v 0.07251285761594772 -0.5565212965011597 1.1869375705718994
v 0.12735024094581604 -0.5516475439071655 1.1777294874191284
v 0.18251872062683105 -0.5484874844551086 1.1745153665542603
v 0.2388327717781067 -0.5556201934814453 1.1867494583129883
v 0.2908760905265808 -0.5510745048522949 1.1717718839645386
v 0.31340640783309937 -0.49528470635414124 1.0533934831619263
v 0.37748968601226807 -0.5162394046783447 1.1026818752288818
v 0.4198572635650635 -0.5056250095367432 1.0782723426818848
v 0.4630582332611084 -0.4985148310661316 1.064001441001892
v 0.5047765970230103 -0.49003735184669495 1.0477714538574219
v 0.5402871370315552 -0.470592200756073 0.9912438988685608
v 0.5744527578353882 -0.45687490701675415 0.9577021598815918
v -0.6525217890739441 -0.5100066661834717 1.044641375541687
v -0.5964258909225464 -0.5078846216201782 1.0467418432235718
v -0.5512224435806274 -0.5086060762405396 1.0727967023849487
v -0.49021872878074646 -0.49536216259002686 1.0468716621398926
v -0.435156911611557 -0.4901156425476074 1.0457992553710938
v -0.3957432806491852 -0.5024282336235046 1.0885602235794067
v -0.3486136794090271 -0.5086325407028198 1.0956687927246094
v -0.30356714129447937 -0.519288182258606 1.1168595552444458
v -0.2545499801635742 -0.5275096893310547 1.1321486234664917
v -0.20191967487335205 -0.5366306304931641 1.148332118988037
v -0.14686015248298645 -0.5391629338264465 1.1571531295776367
v -0.09434214979410172 -0.540380597114563 1.1659188270568848
v -0.03920012339949608 -0.5411325097084045 1.1734639406204224
v 0.019100455567240715 -0.527463436126709 1.122278094291687
v 0.07837875932455063 -0.5545993447303772 1.1881747245788574
v 0.13281725347042084 -0.548551082611084 1.1776132583618164
v 0.18819375336170197 -0.546717643737793 1.177741289138794
v 0.24408172070980072 -0.553561806678772 1.187101125717163
v 0.2967471480369568 -0.5487003326416016 1.1713645458221436
v 0.3197300434112549 -0.4917147159576416 1.0535203218460083
v 0.38192570209503174 -0.5135948061943054 1.1018457412719727
v 0.4244139790534973 -0.502263069152832 1.0767536163330078
v 0.46774473786354065 -0.4957468509674072 1.0634242296218872
v 0.5006373524665833 -0.47551512718200684 1.0168933868408203
v 0.544969379901886 -0.4680112302303314 0.9915968775749207
v 0.5816822648048401 -0.45504507422447205 0.9569511413574219
v -0.648306131362915 -0.5082769989967346 1.0482832193374634
v -0.5900968313217163 -0.5039904713630676 1.0468190908432007
v -0.5464074611663818 -0.5057739615440369 1.073571801185608
v -0.4853675663471222 -0.4921250641345978 1.0488836765289307
v -0.42988094687461853 -0.4875464141368866 1.0463191270828247
v -0.3914138972759247 -0.5011221766471863 1.0918567180633545
v -0.34432893991470337 -0.5068313479423523 1.0968986749649048
v -0.2987941801548004 -0.5183824300765991 1.1202366352081299
v -0.24917829036712646 -0.5251867175102234 1.1333197355270386
v -0.1962684541940689 -0.5345869064331055 1.1500297784805298
v -0.14139433205127716 -0.5362863540649414 1.1581535339355469
v -0.0891326516866684 -0.5393240451812744 1.17018723487854
v -0.033555515110492706 -0.5381476283073425 1.1727137565612793
v 0.02471732720732689 -0.5248597264289856 1.1239503622055054
v 0.08410665392875671 -0.5524417757987976 1.1894848346710205
v 0.138224795460701 -0.5454388856887817 1.177154541015625
v 0.194318488240242 -0.5455706119537354 1.1822274923324585
v 0.2495124489068985 -0.5514927506446838 1.1869758367538452
v 0.3025801181793213 -0.5461193323135376 1.1706609725952148
v 0.3255855441093445 -0.48887714743614197 1.0547932386398315
v 0.3863683044910431 -0.5107077360153198 1.1003570556640625
v 0.4290527403354645 -0.4990742802619934 1.0757337808609009
v 0.47236719727516174 -0.4930540919303894 1.062768578529358
v 0.504298746585846 -0.47201457619667053 1.0141738653182983
v 0.5485260486602783 -0.46517878770828247 0.9909619092941284
v 0.5901434421539307 -0.45438098907470703 0.9576337337493896
v -0.6439239978790283 -0.5067986845970154 1.0511868000030518
v -0.5834081768989563 -0.5000443458557129 1.0464966297149658
v -0.5413169264793396 -0.5025928020477295 1.073795199394226
v -0.4805332124233246 -0.4889405071735382 1.0501859188079834
v -0.4243934452533722 -0.4847433269023895 1.0456653833389282
v -0.3867231607437134 -0.49970903992652893 1.0942758321762085
v -0.3400563895702362 -0.5050983428955078 1.09832763671875
v -0.2941342890262604 -0.5170776844024658 1.1222050189971924
v -0.24366961419582367 -0.5230261087417603 1.1348648071289062
v -0.19056732952594757 -0.5323684811592102 1.1515904664993286
v -0.1359640508890152 -0.533505380153656 1.1592073440551758
v -0.08384589850902557 -0.5382920503616333 1.1745003461837769
v -0.027982179075479507 -0.5352602005004883 1.1718907356262207
v 0.03035360388457775 -0.5226629376411438 1.1269497871398926
v 0.08971728384494781 -0.5501958727836609 1.190602421760559
v 0.1436164379119873 -0.5424151420593262 1.1764708757400513
v 0.2008613497018814 -0.5450688600540161 1.187057614326477
v 0.2551438510417938 -0.5491379499435425 1.1863629817962646
v 0.30806946754455566 -0.5432558059692383 1.1700761318206787
v 0.33124813437461853 -0.4866642355918884 1.0566641092300415
v 0.3907499313354492 -0.5072630047798157 1.098388671875
v 0.4336373805999756 -0.4960404634475708 1.0748474597930908
v 0.4769224226474762 -0.4902520477771759 1.061630368232727
v 0.5078287124633789 -0.4686259329319 1.0103933811187744
v 0.5513021945953369 -0.4617299437522888 0.9891967177391052
v 0.5994083285331726 -0.4548664391040802 0.9601715207099915
v -0.6393621563911438 -0.5052972435951233 1.0527679920196533
v -0.5848940014839172 -0.5009949207305908 1.0709445476531982
v -0.536156177520752 -0.49933668971061707 1.0737559795379639
v -0.47561776638031006 -0.48593518137931824 1.051261067390442
v -0.4184079170227051 -0.48156243562698364 1.0433521270751953
v -0.38223326206207275 -0.4981350004673004 1.0965224504470825
v -0.33585456013679504 -0.5033053755760193 1.0999609231948853
v -0.2894076406955719 -0.5152547359466553 1.123403549194336
v -0.23809519410133362 -0.5209177136421204 1.1366267204284668
v -0.18475832045078278 -0.5301176309585571 1.1528873443603516
v -0.13057003915309906 -0.5308082103729248 1.1602498292922974
v -0.07842519879341125 -0.5369311571121216 1.178130865097046
v -0.022489408031105995 -0.5326159000396729 1.1712923049926758
v 0.035952866077423096 -0.5206143856048584 1.1307239532470703
v 0.09520019590854645 -0.5477169752120972 1.191307544708252
v 0.148945614695549 -0.5392518043518066 1.1758606433868408
v 0.20714609324932098 -0.5441869497299194 1.1899875402450562
v 0.2608257532119751 -0.5464928150177002 1.1854435205459595
v 0.3133904039859772 -0.5403488278388977 1.1695423126220703
v 0.3365894854068756 -0.48479777574539185 1.0578973293304443
v 0.39472755789756775 -0.502955973148346 1.0960553884506226
v 0.4380374550819397 -0.4929843544960022 1.073836326599121
v 0.4814302921295166 -0.48736631870269775 1.0601680278778076
v 0.5117339491844177 -0.46505171060562134 1.006364107131958
v 0.5544576644897461 -0.45827963948249817 0.9869492053985596
v 0.6100939512252808 -0.4561179280281067 0.9647618532180786
v -0.6344832181930542 -0.5035070180892944 1.0540088415145874
v -0.5787470936775208 -0.49745818972587585 1.0712659358978271
v -0.5308934450149536 -0.49604102969169617 1.0737087726593018
v -0.47061917185783386 -0.48304760456085205 1.052123785018921
v -0.41230013966560364 -0.4780375361442566 1.0411436557769775
v -0.37775519490242004 -0.49639686942100525 1.098530650138855
v -0.33156827092170715 -0.5013504028320312 1.1016979217529297
v -0.28435084223747253 -0.5129247307777405 1.1242895126342773
v -0.2325240820646286 -0.518840491771698 1.138561725616455
v -0.17891937494277954 -0.52769935131073 1.154219388961792
v -0.1252390295267105 -0.5281739830970764 1.1615445613861084
v -0.0728592649102211 -0.5349103808403015 1.1805589199066162
v -0.016784729436039925 -0.5171182155609131 1.1330170631408691
v 0.041736166924238205 -0.5188229084014893 1.1358321905136108
v 0.10066359490156174 -0.5450870394706726 1.191817283630371
v 0.15420247614383698 -0.5358321070671082 1.175770878791809
v 0.21268750727176666 -0.5424528121948242 1.190154790878296
v 0.2664278745651245 -0.5435000658035278 1.1843748092651367
v 0.31869441270828247 -0.5374170541763306 1.1685891151428223
v 0.3413117825984955 -0.4831382930278778 1.0598798990249634
v 0.3987274169921875 -0.4985752999782562 1.0932958126068115
v 0.4423324763774872 -0.4899991452693939 1.0728330612182617
v 0.48573288321495056 -0.484137624502182 1.0588066577911377
v 0.5159974694252014 -0.46123942732810974 1.0024782419204712
v 0.5591544508934021 -0.4560306668281555 0.9862963557243347
v 0.6573539972305298 -0.4924052059650421 1.050887942314148
v -0.6289211511611938 -0.5007067918777466 1.0549628734588623
v -0.5727599263191223 -0.4940550625324249 1.0717334747314453
v -0.5254043340682983 -0.492659330368042 1.0736244916915894
v -0.4653436243534088 -0.48034238815307617 1.052915334701538
v -0.4233587086200714 -0.4919118583202362 1.0891796350479126
v -0.3732486665248871 -0.4945155382156372 1.1002963781356812
v -0.3272736966609955 -0.49934107065200806 1.1037341356277466
v -0.27903059124946594 -0.5104103088378906 1.125177025794983
v -0.2269306480884552 -0.5168460607528687 1.140445590019226
v -0.17307724058628082 -0.5249917507171631 1.1554774045944214
v -0.1200377345085144 -0.5257794857025146 1.16321861743927
v -0.06721451133489609 -0.5326173901557922 1.1819818019866943
v -0.011344188824295998 -0.5169827938079834 1.1377954483032227
v 0.04750649631023407 -0.517564058303833 1.1420049667358398
v 0.10621535032987595 -0.5422446727752686 1.1918238401412964
v 0.15956231951713562 -0.5323458909988403 1.17605721950531
v 0.2180377095937729 -0.5405652523040771 1.1893432140350342
v 0.2718517780303955 -0.5402702689170837 1.183230996131897
v 0.3239648938179016 -0.534540057182312 1.1675260066986084
v 0.3462182879447937 -0.48192453384399414 1.0627787113189697
v 0.40268486738204956 -0.4943048655986786 1.0897899866104126
v 0.4466005563735962 -0.4872013032436371 1.0718096494674683
v 0.48991331458091736 -0.48079559206962585 1.0571906566619873
v 0.5208179354667664 -0.4574779272079468 0.9992662668228149
v 0.5658441781997681 -0.4546477794647217 0.9886260628700256
v 0.6673370599746704 -0.4872267544269562 1.045882225036621
v -0.6229155659675598 -0.49729782342910767 1.055438756942749
v -0.567018985748291 -0.4907957911491394 1.0722824335098267
v -0.5198006629943848 -0.48915767669677734 1.0735708475112915
v -0.45992085337638855 -0.47811830043792725 1.0539498329162598
v -0.41967135667800903 -0.49105122685432434 1.0937707424163818
v -0.3688042163848877 -0.49263253808021545 1.101613998413086
v -0.31275755167007446 -0.48790064454078674 1.073927640914917
v -0.2736969590187073 -0.507813572883606 1.1261295080184937
v -0.2213009148836136 -0.5148699283599854 1.1423224210739136
v -0.16725073754787445 -0.5222617387771606 1.1566754579544067
v -0.11492156237363815 -0.523688554763794 1.1651562452316284
v -0.061595264822244644 -0.5300723314285278 1.1824051141738892
v -0.005575812887400389 -0.5160393118858337 1.1421717405319214
v 0.05287574604153633 -0.5169367790222168 1.149661660194397
v 0.11160628497600555 -0.5390194058418274 1.1914010047912598
v 0.16478604078292847 -0.528759241104126 1.1765758991241455
v 0.2235255092382431 -0.5385247468948364 1.1886931657791138
v 0.27737656235694885 -0.537060022354126 1.1822614669799805
v 0.3292910158634186 -0.5312387347221375 1.1660888195037842
v 0.36858850717544556 -0.5043358206748962 1.116429328918457
v 0.4064830541610718 -0.4901019036769867 1.0862756967544556
v 0.4509230852127075 -0.48437440395355225 1.0708550214767456
v 0.4938923120498657 -0.47741958498954773 1.0550587177276611
v 0.5265264511108398 -0.4539673328399658 0.9969423413276672
v 0.5743676424026489 -0.45372751355171204 0.9931002855300903
v -0.6780397295951843 -0.4835020899772644 1.039772868156433
v -0.6167056560516357 -0.49363091588020325 1.0549663305282593
v -0.5613760948181152 -0.48741865158081055 1.0727587938308716
v -0.5141645073890686 -0.48573368787765503 1.0733251571655273
v -0.45457157492637634 -0.47624051570892334 1.0558011531829834
v -0.41579335927963257 -0.4896496832370758 1.097654104232788
v -0.3645303547382355 -0.49088171124458313 1.1025117635726929
v -0.3077080547809601 -0.485782653093338 1.0760122537612915
v -0.26839524507522583 -0.5050563812255859 1.127013921737671
v -0.21566805243492126 -0.5129249095916748 1.1442501544952393
v -0.1616343855857849 -0.5196294188499451 1.1575260162353516
v -0.10982824862003326 -0.5218744277954102 1.167447805404663
v -0.056040775030851364 -0.5273100137710571 1.1821376085281372
v 0.0006406290922313929 -0.5145018100738525 1.1445963382720947
v 0.06050609424710274 -0.536404550075531 1.198061227798462
v 0.11073216795921326 -0.521358072757721 1.1557927131652832
v 0.1698586791753769 -0.5253265500068665 1.1776479482650757
v 0.2291112244129181 -0.5363854169845581 1.1883909702301025
v 0.2827879786491394 -0.5338921546936035 1.1812717914581299
v 0.3343016505241394 -0.5269735455513 1.163823127746582
v 0.37288060784339905 -0.5014094114303589 1.1138436794281006
v 0.41040727496147156 -0.4860011637210846 1.0833615064620972
v 0.4551284611225128 -0.48137545585632324 1.0699176788330078
v 0.49771612882614136 -0.47403740882873535 1.0522236824035645
v 0.5329523086547852 -0.45102226734161377 0.9962809085845947
v 0.5835951566696167 -0.45366454124450684 0.999764084815979
v -0.6709611415863037 -0.4869678020477295 1.0624090433120728
v -0.6100685596466064 -0.4898186922073364 1.0543442964553833
v -0.55569988489151 -0.48390495777130127 1.073120355606079
v -0.5087054967880249 -0.48254066705703735 1.0732300281524658
v -0.44973739981651306 -0.47464028000831604 1.0586670637130737
v -0.4114983379840851 -0.4878530204296112 1.1007275581359863
v -0.3604285418987274 -0.4891233444213867 1.1032614707946777
v -0.302985817193985 -0.4842478334903717 1.0785928964614868
v -0.25348207354545593 -0.4908519387245178 1.092377781867981
v -0.20995773375034332 -0.5109213590621948 1.1463196277618408
v -0.1561736762523651 -0.5170689821243286 1.1581238508224487
v -0.10468937456607819 -0.5201708078384399 1.1704217195510864
v -0.05062124505639076 -0.5243239402770996 1.181354284286499
v 0.007084242068231106 -0.512397289276123 1.1453847885131836
v 0.06648273020982742 -0.5349644422531128 1.2007430791854858
v 0.11630546301603317 -0.5186535120010376 1.1572667360305786
v 0.17493189871311188 -0.5219913721084595 1.1790450811386108
v 0.23453569412231445 -0.5338675379753113 1.188388466835022
v 0.28806939721107483 -0.5305869579315186 1.180445671081543
v 0.3387489318847656 -0.5220984220504761 1.160131573677063
v 0.376813679933548 -0.4975104033946991 1.1107892990112305
v 0.4144798815250397 -0.48219260573387146 1.0809968709945679
v 0.4593575894832611 -0.4783152937889099 1.0689030885696411
v 0.5015344023704529 -0.47041556239128113 1.0492465496063232
v 0.5395603179931641 -0.4489821791648865 0.9974852204322815
v 0.5938277244567871 -0.45393604040145874 1.0077283382415771
v -0.657970666885376 -0.4807037115097046 1.049186110496521
v -0.6031010150909424 -0.48583483695983887 1.0539112091064453
v -0.5502521991729736 -0.4808795154094696 1.073123812675476
v -0.4998343586921692 -0.4759397506713867 1.0607649087905884
v -0.4455057978630066 -0.47352734208106995 1.0626882314682007
v -0.40677809715270996 -0.4859527051448822 1.1035068035125732
v -0.35628819465637207 -0.48708197474479675 1.1041474342346191
v -0.2985822558403015 -0.4829629361629486 1.0816534757614136
v -0.2481319159269333 -0.4890456199645996 1.095686435699463
v -0.20124901831150055 -0.505434513092041 1.135175108909607
v -0.1508377343416214 -0.5145037174224854 1.158866047859192
v -0.09935947507619858 -0.5184820890426636 1.1741127967834473
v -0.04542407765984535 -0.5213142037391663 1.1803696155548096
v 0.013504799455404282 -0.5095826387405396 1.1457935571670532
v 0.07236701250076294 -0.533204197883606 1.2026209831237793
v 0.1219516471028328 -0.5150489807128906 1.1564675569534302
v 0.18018318712711334 -0.5186879634857178 1.180279016494751
v 0.23985078930854797 -0.5311216115951538 1.1885271072387695
v 0.29328492283821106 -0.5270240306854248 1.179872751235962
v 0.34262603521347046 -0.516878604888916 1.1553415060043335
v 0.3806169331073761 -0.4933077096939087 1.1077052354812622
v 0.41861093044281006 -0.4785386025905609 1.0789048671722412
v 0.46364691853523254 -0.47519463300704956 1.0677565336227417
v 0.4987017810344696 -0.4573938846588135 1.019392728805542
v 0.5468937158584595 -0.44836047291755676 1.000681757926941
v 0.6049124002456665 -0.45365220308303833 1.0156372785568237
v -0.6533252000808716 -0.48075154423713684 1.053188443183899
v -0.5962050557136536 -0.48151230812072754 1.0533065795898438
v -0.5450612306594849 -0.47778889536857605 1.072978138923645
v -0.4955919682979584 -0.4730471670627594 1.0628832578659058
v -0.4419299066066742 -0.47283726930618286 1.0673450231552124
v -0.4019356966018677 -0.4838753342628479 1.105863094329834
v -0.34048032760620117 -0.4745176136493683 1.0736178159713745
v -0.2943283021450043 -0.48143208026885986 1.0851068496704102
v -0.24312643706798553 -0.4873264729976654 1.100448489189148
v -0.19579441845417023 -0.5037325620651245 1.1377681493759155
v -0.14557258784770966 -0.5117976069450378 1.15994131565094
v -0.09403514862060547 -0.5169138312339783 1.17779541015625
v -0.04032445326447487 -0.5183073878288269 1.1787264347076416
v 0.019876442849636078 -0.5064238905906677 1.1464015245437622
v 0.07814238965511322 -0.5310144424438477 1.2039686441421509
v 0.1275126039981842 -0.510183572769165 1.1537164449691772
v 0.1821475625038147 -0.48625603318214417 1.108910322189331
v 0.2450893521308899 -0.5282489061355591 1.1887062788009644
v 0.29840967059135437 -0.5236997604370117 1.1789922714233398
v 0.33500364422798157 -0.48843544721603394 1.1137182712554932
v 0.3744327425956726 -0.4742679297924042 1.077876329421997
v 0.4224409759044647 -0.47490057349205017 1.0767850875854492
v 0.46787551045417786 -0.47182831168174744 1.0664982795715332
v 0.5021042823791504 -0.4530107378959656 1.0147905349731445
v 0.5559511184692383 -0.44882261753082275 1.0059714317321777
v 0.6152384281158447 -0.45305171608924866 1.0209558010101318
v -0.650131106376648 -0.4798109829425812 1.0577412843704224
v -0.5892850160598755 -0.477227121591568 1.0524228811264038
v -0.5397801995277405 -0.4744955003261566 1.07283616065979
v -0.4913147985935211 -0.47020721435546875 1.0648765563964844
v -0.43899741768836975 -0.47198912501335144 1.0724637508392334
v -0.3970889449119568 -0.48139089345932007 1.1076884269714355
v -0.3369259536266327 -0.4739841818809509 1.0781958103179932
v -0.2897847592830658 -0.47956281900405884 1.0882961750030518
v -0.23838095366954803 -0.48608654737472534 1.1064224243164062
v -0.1902957707643509 -0.5013182759284973 1.1394774913787842
v -0.1374003142118454 -0.504169225692749 1.1458728313446045
v -0.08881020545959473 -0.5151087045669556 1.1807241439819336
v -0.035238005220890045 -0.5149694681167603 1.1767871379852295
v 0.02627604641020298 -0.5033899545669556 1.147506594657898
v 0.08368927240371704 -0.5205240249633789 1.186597228050232
v 0.1329273283481598 -0.5044084191322327 1.1493093967437744
v 0.18851417303085327 -0.48328641057014465 1.1097811460494995
v 0.2501973807811737 -0.5251326560974121 1.1888039112091064
v 0.3034748136997223 -0.520415723323822 1.177706241607666
v 0.34197798371315 -0.4871821701526642 1.1171119213104248
v 0.37949395179748535 -0.47117486596107483 1.0770126581192017
v 0.42629092931747437 -0.47147372364997864 1.074873685836792
v 0.4719259440898895 -0.46835795044898987 1.0646644830703735
v 0.5057695508003235 -0.44813576340675354 1.0106935501098633
v 0.5660604238510132 -0.4500308632850647 1.0133769512176514
v 0.6249019503593445 -0.45251405239105225 1.0239031314849854
v -0.6465557217597961 -0.4787631928920746 1.0614731311798096
v -0.5826696157455444 -0.4730549156665802 1.0520987510681152
v -0.534552812576294 -0.47127267718315125 1.07278573513031
v -0.4869316518306732 -0.46790462732315063 1.0669469833374023
v -0.44982755184173584 -0.4839479625225067 1.1127939224243164
v -0.3923133611679077 -0.47907477617263794 1.1094485521316528
v -0.3335754871368408 -0.4731966257095337 1.0827994346618652
v -0.2849668860435486 -0.47757619619369507 1.0914132595062256
v -0.23387479782104492 -0.48540207743644714 1.113028645515442
v -0.18467871844768524 -0.49860113859176636 1.1408222913742065
v -0.13217201828956604 -0.5013334155082703 1.1480185985565186
v -0.0835825651884079 -0.5131338834762573 1.1829655170440674
v -0.02849126234650612 -0.5015974044799805 1.1565276384353638
v 0.032549675554037094 -0.5008598566055298 1.1502050161361694
v 0.0897219181060791 -0.519320011138916 1.1890445947647095
v 0.13819284737110138 -0.498555451631546 1.1444519758224487
v 0.1946413516998291 -0.48111143708229065 1.1132078170776367
v 0.25527501106262207 -0.5220394730567932 1.1887270212173462
v 0.3085469603538513 -0.517038106918335 1.1761879920959473
v 0.3478635847568512 -0.48537278175354004 1.1180039644241333
v 0.38410839438438416 -0.4679816961288452 1.0756521224975586
v 0.4303857982158661 -0.4680580496788025 1.0735753774642944
v 0.47618260979652405 -0.4647759795188904 1.0622254610061646
v 0.5102028250694275 -0.44324108958244324 1.0073200464248657
v 0.5759553909301758 -0.45150938630104065 1.022775411605835
v 0.6329854130744934 -0.451837956905365 1.026092290878296
v -0.643240213394165 -0.47771403193473816 1.0637967586517334
v -0.5764901638031006 -0.4690302610397339 1.052547812461853
v -0.5296213030815125 -0.4681975245475769 1.0730029344558716
v -0.4825237989425659 -0.4660583734512329 1.0692695379257202
v -0.44573917984962463 -0.4824379086494446 1.116074800491333
v -0.3878231644630432 -0.4768635332584381 1.1106888055801392
v -0.3301943242549896 -0.4721303880214691 1.0871877670288086
v -0.28004586696624756 -0.47576192021369934 1.0946491956710815
v -0.22951434552669525 -0.48474767804145813 1.1194638013839722
v -0.17903029918670654 -0.49588829278945923 1.1421239376068115
v -0.12706680595874786 -0.4986805021762848 1.1501827239990234
v -0.07835223525762558 -0.510981559753418 1.1847397089004517
v -0.02248585782945156 -0.49999475479125977 1.1597944498062134
v 0.03884035348892212 -0.49907636642456055 1.1556366682052612
v 0.09529554098844528 -0.5171980857849121 1.1902780532836914
v 0.14339947700500488 -0.4929821491241455 1.1395399570465088
v 0.20100004971027374 -0.4804653525352478 1.1205389499664307
v 0.26049119234085083 -0.5188682079315186 1.1884284019470215
v 0.3136686086654663 -0.5135927200317383 1.174586296081543
v 0.3526611030101776 -0.48316290974617004 1.1162086725234985
v 0.38866209983825684 -0.464626282453537 1.074195146560669
v 0.43455982208251953 -0.46459174156188965 1.0726826190948486
v 0.47795790433883667 -0.4590759575366974 1.0531840324401855
v 0.5153614282608032 -0.43868979811668396 1.004270315170288
v 0.5858737230300903 -0.45336228609085083 1.032646656036377
v 0.640990674495697 -0.45058736205101013 1.0265699625015259
v -0.6392682790756226 -0.4765802323818207 1.065496563911438
v -0.5707622170448303 -0.46511000394821167 1.0530328750610352
v -0.5249383449554443 -0.4653151035308838 1.0731594562530518
v -0.47803643345832825 -0.46451088786125183 1.0721150636672974
v -0.44138726592063904 -0.48074594140052795 1.1191145181655884
v -0.3834751546382904 -0.47477883100509644 1.1119319200515747
v -0.3268652558326721 -0.471192330121994 1.0911144018173218
v -0.27534985542297363 -0.47412368655204773 1.0980052947998047
v -0.22514544427394867 -0.48390257358551025 1.1255742311477661
v -0.17358100414276123 -0.4933464229106903 1.1437350511550903
v -0.12187721580266953 -0.49609890580177307 1.1520246267318726
v -0.07319018989801407 -0.5083765387535095 1.1854408979415894
v -0.0163422878831625 -0.49790993332862854 1.16156005859375
v 0.04498912766575813 -0.49837931990623474 1.1638383865356445
v 0.10063637048006058 -0.5144698619842529 1.1906497478485107
v 0.1487244814634323 -0.48780545592308044 1.134480357170105
v 0.20752978324890137 -0.48225197196006775 1.132957935333252
v 0.26369553804397583 -0.5070700645446777 1.1691927909851074
v 0.3186756372451782 -0.5098159313201904 1.1727734804153442
v 0.35681837797164917 -0.4805397391319275 1.1131936311721802
v 0.3931047320365906 -0.4610397517681122 1.0724706649780273
v 0.4388790428638458 -0.46146631240844727 1.0715388059616089
v 0.481134295463562 -0.4520100951194763 1.0375946760177612
v 0.5210429430007935 -0.43456944823265076 1.0021142959594727
v 0.5957028269767761 -0.4556359052658081 1.0427165031433105
v 0.6499181985855103 -0.4486468434333801 1.0245342254638672
v -0.6344159841537476 -0.4748605191707611 1.067160964012146
v -0.5652104616165161 -0.4613935053348541 1.0536571741104126
v -0.5203312635421753 -0.46247586607933044 1.073455572128296
v -0.4738726317882538 -0.4633098244667053 1.0759165287017822
v -0.4367386996746063 -0.4789988100528717 1.1220670938491821
v -0.363109290599823 -0.4565795361995697 1.069471001625061
v -0.3234728276729584 -0.4703848361968994 1.0945756435394287
v -0.2708621919155121 -0.47264379262924194 1.1020417213439941
v -0.22053538262844086 -0.4828590452671051 1.1307188272476196
v -0.16838686168193817 -0.4909767806529999 1.1456074714660645
v -0.11662216484546661 -0.49350330233573914 1.1528195142745972
v -0.06806789338588715 -0.5052307844161987 1.1846891641616821
v -0.01012591365724802 -0.495557963848114 1.1624054908752441
v 0.050797220319509506 -0.4988166093826294 1.1739282608032227
v 0.10590753704309464 -0.5113604068756104 1.1904082298278809
v 0.15388821065425873 -0.48307865858078003 1.1296254396438599
v 0.214129239320755 -0.48620474338531494 1.1488629579544067
v 0.2689001262187958 -0.5037509799003601 1.168213129043579
v 0.32110756635665894 -0.49987393617630005 1.1607215404510498
v 0.3608132004737854 -0.47739487886428833 1.109902262687683
v 0.3969413936138153 -0.4572339355945587 1.0701864957809448
v 0.4432319700717926 -0.45844289660453796 1.0699114799499512
v 0.48451411724090576 -0.4473676085472107 1.0327796936035156
v 0.5275176763534546 -0.43144357204437256 1.001215934753418
v 0.6046960353851318 -0.4573017358779907 1.0514106750488281
v 0.6577948927879333 -0.44499945640563965 1.0181690454483032
v -0.629738450050354 -0.47303351759910583 1.068772792816162
v -0.5595518946647644 -0.45774587988853455 1.0546109676361084
v -0.5159079432487488 -0.45986229181289673 1.0741757154464722
v -0.4700799584388733 -0.4626283049583435 1.0806856155395508
v -0.4314921796321869 -0.4770253896713257 1.1243813037872314
v -0.35937097668647766 -0.4553658664226532 1.0738303661346436
v -0.3202343285083771 -0.46968746185302734 1.0980908870697021
v -0.2665606439113617 -0.4714008867740631 1.1066902875900269
v -0.21562153100967407 -0.48166853189468384 1.134869933128357
v -0.16335749626159668 -0.4888122081756592 1.147781491279602
v -0.1113600879907608 -0.4909627437591553 1.152052402496338
v -0.06292549520730972 -0.5015848875045776 1.1831079721450806
v -0.00392357399687171 -0.4932383894920349 1.1623893976211548
v 0.056462764739990234 -0.5000271201133728 1.1836605072021484
v 0.11131875216960907 -0.5079455375671387 1.1902061700820923
v 0.1590762734413147 -0.47876134514808655 1.1255346536636353
v 0.2205049693584442 -0.4908611476421356 1.1633936166763306
v 0.2740079164505005 -0.5000956058502197 1.1664894819259644
v 0.3260881304740906 -0.4960687458515167 1.158502459526062
v 0.3646225035190582 -0.4736839234828949 1.1068147420883179
v 0.40072181820869446 -0.45357370376586914 1.0679088830947876
v 0.44765588641166687 -0.4553213119506836 1.0678837299346924
v 0.48787805438041687 -0.4423726797103882 1.027327060699463
v 0.5346430540084839 -0.42966821789741516 1.0021202564239502
v 0.6130463480949402 -0.4574485421180725 1.0583974123001099
v -0.6708124876022339 -0.45519784092903137 1.0364341735839844
v -0.6250884532928467 -0.4708639681339264 1.0705134868621826
v -0.553968608379364 -0.4540840685367584 1.0553524494171143
v -0.5075337886810303 -0.45386046171188354 1.064252257347107
v -0.4671649634838104 -0.46260911226272583 1.0868760347366333
v -0.4260600805282593 -0.4747293293476105 1.1256730556488037
v -0.3557421863079071 -0.45439252257347107 1.07892644405365
v -0.3168436586856842 -0.46893927454948425 1.1019208431243896
v -0.26242223381996155 -0.4703432023525238 1.1120667457580566
v -0.21088983118534088 -0.4804879426956177 1.138598084449768
v -0.15848389267921448 -0.4866868257522583 1.1501845121383667
v -0.10598626732826233 -0.48843225836753845 1.1511982679367065
v -0.055320411920547485 -0.4897223114967346 1.1622657775878906
v 0.0022378999274224043 -0.4911927580833435 1.1623793840408325
v 0.06219273433089256 -0.5011280179023743 1.1907869577407837
v 0.11680129915475845 -0.5037192106246948 1.1894159317016602
v 0.16435635089874268 -0.47465646266937256 1.1226156949996948
v 0.2266838550567627 -0.49428287148475647 1.172386646270752
v 0.27910658717155457 -0.49654585123062134 1.1645159721374512
v 0.33067211508750916 -0.49171075224876404 1.1546850204467773
v 0.36818522214889526 -0.4695008397102356 1.103487491607666
v 0.4045073688030243 -0.4500313103199005 1.0657963752746582
v 0.45024028420448303 -0.4482516050338745 1.0555648803710938
v 0.4914500117301941 -0.4375254511833191 1.022294521331787
v 0.5430457592010498 -0.4294780194759369 1.0056891441345215
v 0.6211475729942322 -0.4565381705760956 1.0640854835510254
v -0.6713189482688904 -0.4598217010498047 1.0625312328338623
v -0.6202439069747925 -0.4682919383049011 1.0722728967666626
v -0.5481290817260742 -0.45056283473968506 1.0559412240982056
v -0.5041093826293945 -0.4513653814792633 1.0670161247253418
v -0.4652055501937866 -0.46321606636047363 1.0951112508773804
v -0.4057548940181732 -0.45502743124961853 1.0854960680007935
v -0.35253000259399414 -0.45385172963142395 1.0846959352493286
v -0.31284141540527344 -0.4682927429676056 1.106236457824707
v -0.2581455111503601 -0.46962448954582214 1.1180959939956665
v -0.2062697559595108 -0.47922059893608093 1.1418437957763672
v -0.1536148488521576 -0.4844611585140228 1.1524289846420288
v -0.10065162926912308 -0.4859488904476166 1.1511634588241577
v -0.05054200813174248 -0.48781418800354004 1.165278434753418
v 0.00846752431243658 -0.4894181191921234 1.1625434160232544
v 0.06795649230480194 -0.5015758275985718 1.1950132846832275
v 0.12212659418582916 -0.49864816665649414 1.1864893436431885
v 0.16971281170845032 -0.470478892326355 1.1207793951034546
v 0.23227138817310333 -0.49488508701324463 1.1749780178070068
v 0.2841590940952301 -0.49301689863204956 1.162166953086853
v 0.3349689245223999 -0.4870118498802185 1.1500822305679321
v 0.3716026246547699 -0.4650401175022125 1.0997765064239502
v 0.4082964360713959 -0.4465484023094177 1.0636097192764282
v 0.4540086090564728 -0.4443538188934326 1.0517735481262207
v 0.495143860578537 -0.43253958225250244 1.017759084701538
v 0.5530240535736084 -0.43077677488327026 1.0127288103103638
v 0.6285866498947144 -0.45511123538017273 1.0674017667770386
v -0.6676406860351562 -0.45936256647109985 1.0681415796279907
v -0.6152927875518799 -0.4656151831150055 1.0742706060409546
v -0.5424019694328308 -0.44731003046035767 1.0561832189559937
v -0.50003981590271 -0.44916054606437683 1.069411039352417
v -0.4637720584869385 -0.46387436985969543 1.1038867235183716
v -0.4002799689769745 -0.45216336846351624 1.0869715213775635
v -0.3503154218196869 -0.45383286476135254 1.0916635990142822
v -0.30898505449295044 -0.46757772564888 1.1109535694122314
v -0.25405383110046387 -0.4693601429462433 1.124739408493042
v -0.20160932838916779 -0.47796186804771423 1.1449151039123535
v -0.14864599704742432 -0.4822041690349579 1.1542654037475586
v -0.09553660452365875 -0.4833819270133972 1.1524410247802734
v -0.0453198179602623 -0.48476865887641907 1.1661750078201294
v 0.014585967175662518 -0.48751455545425415 1.1633501052856445
v 0.0736255869269371 -0.5008348822593689 1.1974172592163086
v 0.1269858181476593 -0.49285924434661865 1.1814053058624268
v 0.17529675364494324 -0.46624723076820374 1.120449185371399
v 0.2376338243484497 -0.4935589134693146 1.1750478744506836
v 0.28919920325279236 -0.4892911911010742 1.1595954895019531
v 0.3389156460762024 -0.48184898495674133 1.1448047161102295
v 0.3751438558101654 -0.4603825509548187 1.0964751243591309
v 0.4124404191970825 -0.44318297505378723 1.0620683431625366
v 0.45788663625717163 -0.44022977352142334 1.0470365285873413
v 0.4996487498283386 -0.42744308710098267 1.0143342018127441
v 0.5642942190170288 -0.433218389749527 1.022705316543579
v 0.6353310346603394 -0.45279568433761597 1.0689915418624878
v -0.6613046526908875 -0.4578661322593689 1.0627286434173584
v -0.6102335453033447 -0.46282264590263367 1.0763731002807617
v -0.5370025634765625 -0.44400760531425476 1.0565725564956665
v -0.49615567922592163 -0.4475787281990051 1.0721347332000732
v -0.46226271986961365 -0.46419236063957214 1.1124787330627441
v -0.39482441544532776 -0.44928908348083496 1.0883361101150513
v -0.3486083149909973 -0.45446017384529114 1.0997180938720703
v -0.3051770031452179 -0.4666093587875366 1.115846872329712
v -0.2502664029598236 -0.46925321221351624 1.132073998451233
v -0.19691826403141022 -0.4764539897441864 1.147964358329773
v -0.1435786634683609 -0.48011478781700134 1.1562104225158691
v -0.09060429036617279 -0.4811609983444214 1.1551846265792847
v -0.039775267243385315 -0.4811983108520508 1.1647958755493164
v 0.02071330137550831 -0.48530444502830505 1.1649937629699707
v 0.07933956384658813 -0.49887391924858093 1.1989325284957886
v 0.1312764585018158 -0.4862181842327118 1.1746187210083008
v 0.18121865391731262 -0.4624572694301605 1.1218369007110596
v 0.24305172264575958 -0.4914964437484741 1.1746292114257812
v 0.294238805770874 -0.48544758558273315 1.1566978693008423
v 0.3427392542362213 -0.4767773449420929 1.1391522884368896
v 0.378706157207489 -0.45547446608543396 1.0932698249816895
v 0.4166792929172516 -0.4396727681159973 1.0604362487792969
v 0.46175748109817505 -0.435808002948761 1.0420360565185547
v 0.5053154826164246 -0.42275097966194153 1.0123144388198853
v 0.5757399201393127 -0.43656083941459656 1.0334746837615967
v 0.6417224407196045 -0.4496302008628845 1.0688589811325073
v -0.6600106954574585 -0.45806077122688293 1.0683708190917969
v -0.6050863265991211 -0.4597901403903961 1.0781075954437256
v -0.5319311618804932 -0.44081440567970276 1.0571671724319458
v -0.4927791655063629 -0.44637396931648254 1.0758920907974243
v -0.4600791931152344 -0.46400731801986694 1.1209161281585693
v -0.38991811871528625 -0.4467204511165619 1.0899218320846558
v -0.3471345901489258 -0.4557338058948517 1.107166051864624
v -0.3014555275440216 -0.4656931757926941 1.1207331418991089
v -0.2465008646249771 -0.46881234645843506 1.1392711400985718
v -0.19232170283794403 -0.4747752249240875 1.1506794691085815
v -0.13868781924247742 -0.4782145023345947 1.1586246490478516
v -0.08584246039390564 -0.4792918264865875 1.1591683626174927
v -0.034169431775808334 -0.47755593061447144 1.1621835231781006
v 0.026780951768159866 -0.48312482237815857 1.1683220863342285
v 0.08497748523950577 -0.49657881259918213 1.1996499300003052
v 0.1352740079164505 -0.4788232743740082 1.1668407917022705
v 0.18758049607276917 -0.45948946475982666 1.1250479221343994
v 0.24842959642410278 -0.48879319429397583 1.1740425825119019
v 0.2992112338542938 -0.48151156306266785 1.154093623161316
v 0.34637534618377686 -0.47233304381370544 1.1334540843963623
v 0.3822866976261139 -0.4505884051322937 1.0901850461959839
v 0.4208186864852905 -0.43627557158470154 1.0578628778457642
v 0.46554097533226013 -0.4311296045780182 1.03702974319458
v 0.5120978951454163 -0.418761283159256 1.0119074583053589
v 0.5865904688835144 -0.43992137908935547 1.0441434383392334
v 0.6483107209205627 -0.446200966835022 1.068274736404419
v -0.6571202278137207 -0.4578584134578705 1.0716291666030884
v -0.5997915267944336 -0.4565750062465668 1.0800247192382812
v -0.5273889303207397 -0.4381619095802307 1.0583468675613403
v -0.489810049533844 -0.4456882178783417 1.0805346965789795
v -0.4572048485279083 -0.4632677733898163 1.1286239624023438
v -0.3857594132423401 -0.4443890154361725 1.0925391912460327
v -0.3456001281738281 -0.45702800154685974 1.1140044927597046
v -0.2978209853172302 -0.4649316668510437 1.126446008682251
v -0.24262548983097076 -0.4682440757751465 1.1459736824035645
v -0.1878582239151001 -0.4732009172439575 1.153145432472229
v -0.13381639122962952 -0.4764332175254822 1.1610158681869507
v -0.08112803846597672 -0.4773266315460205 1.1631940603256226
v -0.02831646427512169 -0.4737410545349121 1.1593645811080933
v 0.03271732106804848 -0.48161762952804565 1.1735857725143433
v 0.09053705632686615 -0.49410688877105713 1.1999391317367554
v 0.13948851823806763 -0.4715271592140198 1.1597646474838257
v 0.1944698542356491 -0.45788925886154175 1.1306376457214355
v 0.253484308719635 -0.48528748750686646 1.1722769737243652
v 0.3042733371257782 -0.47779810428619385 1.1515860557556152
v 0.35015860199928284 -0.46815967559814453 1.1285687685012817
v 0.3861636221408844 -0.44586625695228577 1.0873243808746338
v 0.4250127077102661 -0.43291738629341125 1.0548348426818848
v 0.46965596079826355 -0.42642757296562195 1.0321208238601685
v 0.5200324654579163 -0.4159511923789978 1.013211965560913
v 0.5964616537094116 -0.4418140649795532 1.0541331768035889
v 0.6547467708587646 -0.4426799714565277 1.0664782524108887
v -0.6542425155639648 -0.4572523832321167 1.074744462966919
v -0.5944076776504517 -0.4532926380634308 1.0817956924438477
v -0.523597240447998 -0.4359508454799652 1.0603070259094238
v -0.4873606562614441 -0.44589176774024963 1.0859724283218384
v -0.4533301293849945 -0.4618619382381439 1.1341906785964966
v -0.38244155049324036 -0.4426661431789398 1.0969245433807373
v -0.34391406178474426 -0.4580760896205902 1.120969295501709
v -0.2942667007446289 -0.464143842458725 1.133254885673523
v -0.23869119584560394 -0.4677085876464844 1.1517817974090576
v -0.1834799200296402 -0.4715890884399414 1.155963659286499
v -0.12880533933639526 -0.4749922752380371 1.1636825799942017
v -0.07651965320110321 -0.4751493036746979 1.1661772727966309
v -0.02235761471092701 -0.4700985252857208 1.157149314880371
v 0.0385211780667305 -0.48092958331108093 1.1800657510757446
v 0.09619680792093277 -0.49099141359329224 1.2008917331695557
v 0.14433293044567108 -0.4653918743133545 1.1540755033493042
v 0.2019796371459961 -0.4579020142555237 1.1389282941818237
v 0.25818097591400146 -0.48106369376182556 1.1693533658981323
v 0.30965977907180786 -0.47457990050315857 1.1494930982589722
v 0.3542240262031555 -0.4638901948928833 1.1249628067016602
v 0.3903461992740631 -0.4415636360645294 1.0842276811599731
v 0.42943495512008667 -0.4297119081020355 1.0518386363983154
v 0.47455552220344543 -0.4220820367336273 1.0282942056655884
v 0.5290193557739258 -0.41447001695632935 1.0167694091796875
v 0.6058801412582397 -0.442339152097702 1.063423752784729
v 0.6620355844497681 -0.4386931359767914 1.0629671812057495
v -0.651596188545227 -0.4564133584499359 1.0781980752944946
v -0.5890225172042847 -0.44992271065711975 1.0829579830169678
v -0.5203050374984741 -0.4336840808391571 1.063009262084961
v -0.4854314625263214 -0.4465655982494354 1.0923105478286743
v -0.4486662745475769 -0.45973721146583557 1.1385786533355713
v -0.37999844551086426 -0.4419088363647461 1.103054404258728
v -0.3419550359249115 -0.45871520042419434 1.1274209022521973
v -0.29077744483947754 -0.4635179936885834 1.1408659219741821
v -0.2347644418478012 -0.46709907054901123 1.156880259513855
v -0.17932440340518951 -0.46967029571533203 1.1594129800796509
v -0.12375449389219284 -0.4734838604927063 1.1663963794708252
v -0.07196889817714691 -0.47234633564949036 1.168558955192566
v -0.016425661742687225 -0.46697506308555603 1.1560616493225098
v 0.04433765262365341 -0.48066946864128113 1.186802864074707
v 0.10188262909650803 -0.4870871603488922 1.2023556232452393
v 0.14961740374565125 -0.46041858196258545 1.1499661207199097
v 0.2094588577747345 -0.4591192901134491 1.1486963033676147
v 0.2625707983970642 -0.4763175845146179 1.165503740310669
v 0.3152213394641876 -0.4715358018875122 1.1481534242630005
v 0.35862594842910767 -0.4597073197364807 1.1222201585769653
v 0.39478588104248047 -0.4375235140323639 1.0812875032424927
v 0.43375536799430847 -0.4263116121292114 1.0485889911651611
v 0.4801632761955261 -0.4180816113948822 1.0255091190338135
v 0.5387922525405884 -0.4137149751186371 1.022518515586853
v 0.6151329278945923 -0.44228214025497437 1.071846604347229
v 0.6718481779098511 -0.4336817264556885 1.0573394298553467
v -0.6486762762069702 -0.45519399642944336 1.0815280675888062
v -0.5833756923675537 -0.44644472002983093 1.0831942558288574
v -0.5168240070343018 -0.4315703213214874 1.066070318222046
v -0.4838886559009552 -0.44721853733062744 1.0995086431503296
v -0.44356098771095276 -0.4573565721511841 1.142019510269165
v -0.37819570302963257 -0.44181767106056213 1.1104280948638916
v -0.33969810605049133 -0.45908892154693604 1.1339668035507202
v -0.2872318625450134 -0.46332138776779175 1.1490654945373535
v -0.23085768520832062 -0.4664003551006317 1.1617140769958496
v -0.17534102499485016 -0.46782800555229187 1.1631633043289185
v -0.11892949044704437 -0.4717826843261719 1.1686902046203613
v -0.06744389235973358 -0.46892213821411133 1.1701122522354126
v -0.01056375540792942 -0.46441587805747986 1.1559197902679443
v 0.050224170088768005 -0.48025667667388916 1.1930502653121948
v 0.10767380148172379 -0.4831625521183014 1.203803539276123
v 0.15533950924873352 -0.45632830262184143 1.1479741334915161
v 0.21677479147911072 -0.46109387278556824 1.1579365730285645
v 0.2673063576221466 -0.47150367498397827 1.1611061096191406
v 0.32056498527526855 -0.4682464599609375 1.1472691297531128
v 0.36323922872543335 -0.45568230748176575 1.1196874380111694
v 0.3995227813720703 -0.4336494207382202 1.0785996913909912
v 0.4383770823478699 -0.4228147268295288 1.0455280542373657
v 0.4868907928466797 -0.41449177265167236 1.0243154764175415
v 0.5490533113479614 -0.4135003089904785 1.030232310295105
v 0.624358594417572 -0.4415551424026489 1.0787405967712402
v 0.6805864572525024 -0.4303296208381653 1.0527085065841675
v -0.6458013653755188 -0.4539440870285034 1.0853856801986694
v -0.5772597789764404 -0.4427074193954468 1.0826107263565063
v -0.513487696647644 -0.42989489436149597 1.0695230960845947
v -0.48269763588905334 -0.4480288326740265 1.1075780391693115
v -0.43841081857681274 -0.4552520513534546 1.1446115970611572
v -0.37672939896583557 -0.44192320108413696 1.1183286905288696
v -0.33752891421318054 -0.4593912661075592 1.1413286924362183
v -0.2836192548274994 -0.463091641664505 1.1572034358978271
v -0.22695401310920715 -0.46532437205314636 1.1663962602615356
v -0.17133240401744843 -0.4661208689212799 1.1672614812850952
v -0.11436595767736435 -0.4697340726852417 1.1707199811935425
v -0.06283925473690033 -0.4648621380329132 1.170375108718872
v -0.004793119616806507 -0.4622618556022644 1.1578437089920044
v 0.056233592331409454 -0.47929510474205017 1.1985983848571777
v 0.11365475505590439 -0.4792840778827667 1.2046335935592651
v 0.16145935654640198 -0.45264917612075806 1.147759199142456
v 0.2237481325864792 -0.46342751383781433 1.165818214416504
v 0.27264800667762756 -0.4666280746459961 1.157143473625183
v 0.3257180452346802 -0.4646981954574585 1.1467463970184326
v 0.3681134283542633 -0.45138436555862427 1.117506504058838
v 0.4042329490184784 -0.4298352301120758 1.0759238004684448
v 0.4434957206249237 -0.4195302724838257 1.042783498764038
v 0.4945566952228546 -0.41112104058265686 1.0248459577560425
v 0.5596475601196289 -0.41403186321258545 1.0390417575836182
v 0.6337651014328003 -0.4401281476020813 1.0845396518707275
v -0.6852611303329468 -0.43911218643188477 1.0271893739700317
v -0.642812967300415 -0.45258215069770813 1.0893590450286865
v -0.5708228349685669 -0.4389677047729492 1.080751657485962
v -0.5102897882461548 -0.42835816740989685 1.0736156702041626
v -0.4818390905857086 -0.448915034532547 1.116487741470337
v -0.43377992510795593 -0.4536130428314209 1.147295355796814
v -0.37568044662475586 -0.44265270233154297 1.1268115043640137
v -0.33548709750175476 -0.45981425046920776 1.1494026184082031
v -0.27993929386138916 -0.46267110109329224 1.1651235818862915
v -0.2231246531009674 -0.46412357687950134 1.1710374355316162
v -0.1671372354030609 -0.46440085768699646 1.1714261770248413
v -0.11003170907497406 -0.46738967299461365 1.1730421781539917
v -0.05818137899041176 -0.4602632224559784 1.1686285734176636
v 0.0007665951852686703 -0.4604063928127289 1.1618742942810059
v 0.06242529675364494 -0.47770875692367554 1.2034868001937866
v 0.11948282271623611 -0.47484835982322693 1.2045623064041138
v 0.1678481251001358 -0.4491322934627533 1.1488860845565796
v 0.23031233251094818 -0.4655318260192871 1.1724854707717896
v 0.27831223607063293 -0.46139809489250183 1.1533889770507812
v 0.3308752179145813 -0.46137312054634094 1.146296501159668
v 0.37344735860824585 -0.4469449520111084 1.1157371997833252
v 0.40881428122520447 -0.425960898399353 1.073010802268982
v 0.4490714967250824 -0.41628482937812805 1.040328025817871
v 0.5025095343589783 -0.4079010486602783 1.0269174575805664
v 0.5711381435394287 -0.41542336344718933 1.0489214658737183
v 0.6434832811355591 -0.4384014308452606 1.0899484157562256
v -0.6793216466903687 -0.4370885491371155 1.0414471626281738
v -0.6395696401596069 -0.45101016759872437 1.0932207107543945
v -0.564483106136322 -0.4353875517845154 1.0782750844955444
v -0.5072648525238037 -0.42697587609291077 1.0779030323028564
v -0.4813765585422516 -0.44993898272514343 1.1261277198791504
v -0.4294290840625763 -0.45171433687210083 1.1504262685775757
v -0.3748316764831543 -0.4441630244255066 1.1356420516967773
v -0.33325785398483276 -0.46032649278640747 1.158666968345642
v -0.27630895376205444 -0.46213433146476746 1.1724612712860107
v -0.21955469250679016 -0.46285343170166016 1.1754649877548218
v -0.16316893696784973 -0.4627058207988739 1.1750844717025757
v -0.10577874630689621 -0.46467146277427673 1.1750520467758179
v -0.05330861732363701 -0.45516106486320496 1.1649725437164307
v 0.00634690560400486 -0.4588106572628021 1.1673743724822998
v 0.06861694157123566 -0.4758487343788147 1.2079439163208008
v 0.12507455050945282 -0.4698869585990906 1.2039395570755005
v 0.17416240274906158 -0.4460028409957886 1.1501250267028809
v 0.23653250932693481 -0.4665626883506775 1.177553653717041
v 0.28375211358070374 -0.4559994339942932 1.1496083736419678
v 0.3362810015678406 -0.4584219455718994 1.145862102508545
v 0.3790912926197052 -0.4427652657032013 1.114874005317688
v 0.41339111328125 -0.42250674962997437 1.069930076599121
v 0.45528900623321533 -0.41298216581344604 1.038201928138733
v 0.5105859637260437 -0.40501832962036133 1.0303152799606323
v 0.5832706689834595 -0.4171375632286072 1.0597983598709106
v 0.6533063054084778 -0.43656641244888306 1.0949846506118774
v -0.6770673990249634 -0.43434014916419983 1.0463653802871704
v -0.635785698890686 -0.44924649596214294 1.0969332456588745
v -0.5587196350097656 -0.43214017152786255 1.0764238834381104
v -0.5044764280319214 -0.4261428713798523 1.0821208953857422
v -0.4809949994087219 -0.450857013463974 1.1362091302871704
v -0.4255628287792206 -0.4491431713104248 1.1536428928375244
v -0.3742727041244507 -0.4462366998195648 1.1449846029281616
v -0.3304288387298584 -0.4606480598449707 1.1689205169677734
v -0.2725791335105896 -0.4615894854068756 1.1796098947525024
v -0.21607542037963867 -0.4615097939968109 1.1798967123031616
v -0.15927571058273315 -0.46144741773605347 1.1783156394958496
v -0.10173708945512772 -0.46193400025367737 1.177000641822815
v -0.048071715980768204 -0.4499901533126831 1.1602355241775513
v 0.012288728728890419 -0.4576873183250427 1.1743896007537842
v 0.07494323700666428 -0.473749577999115 1.2120418548583984
v 0.13106617331504822 -0.46533143520355225 1.2043343782424927
v 0.18032492697238922 -0.44370120763778687 1.1519520282745361
v 0.24267734587192535 -0.46647876501083374 1.182081937789917
v 0.28884682059288025 -0.4509824812412262 1.146169662475586
v 0.3420739471912384 -0.45556211471557617 1.145348072052002
v 0.3852267265319824 -0.43919315934181213 1.115447998046875
v 0.4187493622303009 -0.4196895956993103 1.0675866603851318
v 0.4619482457637787 -0.40953510999679565 1.036656141281128
v 0.5188513994216919 -0.4026048481464386 1.034786343574524
v 0.5956186056137085 -0.41915303468704224 1.0708664655685425
v 0.663519024848938 -0.4348604679107666 1.100492000579834
v -0.675525426864624 -0.4343748688697815 1.0503406524658203
v -0.6320978403091431 -0.4475606083869934 1.1007791757583618
v -0.5536352396011353 -0.42914891242980957 1.0761158466339111
v -0.5020807981491089 -0.4260569214820862 1.0870275497436523
v -0.48006680607795715 -0.4513584077358246 1.1464275121688843
v -0.4215835928916931 -0.44600337743759155 1.155648946762085
v -0.37362027168273926 -0.4486212134361267 1.1545192003250122
v -0.3274357318878174 -0.4610224664211273 1.1793372631072998
v -0.26876842975616455 -0.46123626828193665 1.186552882194519
v -0.21258841454982758 -0.46034005284309387 1.1843558549880981
v -0.15520015358924866 -0.4607493281364441 1.182590365409851
v -0.09782329946756363 -0.4599302411079407 1.180511236190796
v -0.04239841178059578 -0.4459535479545593 1.1571217775344849
v 0.01822102628648281 -0.45770329236984253 1.183296799659729
v 0.08145803213119507 -0.4714306890964508 1.2160418033599854
v 0.13791252672672272 -0.4630187451839447 1.2085200548171997
v 0.18717892467975616 -0.4431755244731903 1.1561561822891235
v 0.2487059086561203 -0.4651871621608734 1.1859493255615234
v 0.29437577724456787 -0.4470832943916321 1.1444658041000366
v 0.34810173511505127 -0.4530031681060791 1.145695686340332
v 0.39173203706741333 -0.4367884397506714 1.117919683456421
v 0.42492273449897766 -0.417650431394577 1.0663827657699585
v 0.46875500679016113 -0.4062858819961548 1.0360760688781738
v 0.5277354121208191 -0.4007876217365265 1.0405458211898804
v 0.6081221103668213 -0.42140376567840576 1.0816739797592163
v 0.6740509271621704 -0.43327760696411133 1.1058697700500488
v -0.6750468015670776 -0.43470069766044617 1.0596654415130615
v -0.6282282471656799 -0.4458026587963104 1.1046905517578125
v -0.5491538047790527 -0.42650511860847473 1.0775620937347412
v -0.5005341172218323 -0.42670732736587524 1.0931938886642456
v -0.4785977303981781 -0.4516172707080841 1.156477689743042
v -0.41752588748931885 -0.44295868277549744 1.156698226928711
v -0.37249889969825745 -0.45102566480636597 1.1647671461105347
v -0.3240678608417511 -0.4611310660839081 1.1894837617874146
v -0.2648606300354004 -0.46051809191703796 1.1935625076293945
v -0.20882974565029144 -0.4590679705142975 1.18968665599823
v -0.15100403130054474 -0.46050024032592773 1.1882705688476562
v -0.0939202830195427 -0.4583238959312439 1.184605360031128
v -0.0364304855465889 -0.44334983825683594 1.1573684215545654
v 0.02406717836856842 -0.4587384760379791 1.1937319040298462
v 0.08822280168533325 -0.46899837255477905 1.220920443534851
v 0.1456918716430664 -0.46348971128463745 1.2177860736846924
v 0.19488964974880219 -0.44426530599594116 1.1641584634780884
v 0.2542286515235901 -0.46240800619125366 1.1880842447280884
v 0.30081966519355774 -0.44455862045288086 1.1452821493148804
v 0.3542128801345825 -0.45043444633483887 1.1466959714889526
v 0.3988427221775055 -0.43536874651908875 1.1223021745681763
v 0.4313001334667206 -0.41596275568008423 1.0657994747161865
v 0.47561880946159363 -0.4034527540206909 1.0362995862960815
v 0.5369614362716675 -0.3992970287799835 1.0466703176498413
v 0.6204596757888794 -0.42373350262641907 1.0927801132202148
v 0.6849187016487122 -0.4318813383579254 1.1118935346603394
v -0.6739614009857178 -0.43522143363952637 1.0691269636154175
v -0.6239228844642639 -0.4441371262073517 1.1086100339889526
v -0.5453194379806519 -0.42447009682655334 1.0814117193222046
v -0.49968135356903076 -0.4280119836330414 1.1012451648712158
v -0.476720929145813 -0.45171746611595154 1.1666258573532104
v -0.41388022899627686 -0.44062694907188416 1.1574971675872803
v -0.37115100026130676 -0.45311790704727173 1.1754541397094727
v -0.320442259311676 -0.46113505959510803 1.1995415687561035
v -0.2611587345600128 -0.459444135427475 1.199968695640564
v -0.2047511637210846 -0.45793506503105164 1.1962919235229492
v -0.14682774245738983 -0.46098971366882324 1.1961885690689087
v -0.08961091935634613 -0.4566919505596161 1.1888351440429688
v -0.03074340894818306 -0.4434881806373596 1.1633505821228027
v 0.03006638213992119 -0.4605180025100708 1.2046723365783691
v 0.09539466351270676 -0.4671071171760559 1.2274422645568848
v 0.15454083681106567 -0.4673425257205963 1.2329195737838745
v 0.20348235964775085 -0.4469122588634491 1.1769769191741943
v 0.25939902663230896 -0.4586239755153656 1.1881414651870728
v 0.30793261528015137 -0.44344350695610046 1.149035096168518
v 0.3601315915584564 -0.44795987010002136 1.1480318307876587
v 0.40683993697166443 -0.4350166320800781 1.1282885074615479
v 0.4380382001399994 -0.41457995772361755 1.0662049055099487
v 0.48343008756637573 -0.40119194984436035 1.0380651950836182
v 0.546687662601471 -0.3979760408401489 1.0533995628356934
v 0.6326227188110352 -0.4251977801322937 1.104654312133789
v 0.6961286664009094 -0.4306526780128479 1.1147586107254028
v -0.6733396053314209 -0.4360954463481903 1.0794377326965332
v -0.6192640066146851 -0.44227492809295654 1.112242579460144
v -0.5422794818878174 -0.42312541604042053 1.0869439840316772
v -0.4995768368244171 -0.42998993396759033 1.1107360124588013
v -0.4743443727493286 -0.4518594741821289 1.1764339208602905
v -0.410466730594635 -0.43884724378585815 1.1591081619262695
v -0.3694731593132019 -0.454658180475235 1.1871240139007568
v -0.3168943524360657 -0.46090230345726013 1.2094427347183228
v -0.25747230648994446 -0.45753762125968933 1.2051717042922974
v -0.20028014481067657 -0.4571470022201538 1.2036170959472656
v -0.14243687689304352 -0.46195298433303833 1.2057019472122192
v -0.08468690514564514 -0.4548867642879486 1.192984938621521
v -0.025195294991135597 -0.44716495275497437 1.1767504215240479
v 0.03671992942690849 -0.4625418186187744 1.2158176898956299
v 0.10279353708028793 -0.4664435386657715 1.2366632223129272
v 0.1641734093427658 -0.47420263290405273 1.2536946535110474
v 0.21270442008972168 -0.45124587416648865 1.1924394369125366
v 0.26476600766181946 -0.45465177297592163 1.1862813234329224
v 0.3158070147037506 -0.44397297501564026 1.1563149690628052
v 0.36616337299346924 -0.4459971785545349 1.150329828262329
v 0.41562551259994507 -0.43550732731819153 1.1357790231704712
v 0.4453890919685364 -0.41428160667419434 1.0690282583236694
v 0.49296385049819946 -0.4000568091869354 1.042656421661377
v 0.5568774938583374 -0.39750564098358154 1.0606094598770142
v 0.6444578170776367 -0.4260590672492981 1.1169155836105347
v 0.7070064544677734 -0.42868611216545105 1.1121667623519897
v -0.6728655695915222 -0.43705105781555176 1.0898537635803223
v -0.6141958236694336 -0.43998172879219055 1.1146403551101685
v -0.5395278930664062 -0.42204549908638 1.0937039852142334
v -0.5000485777854919 -0.4320102035999298 1.121186375617981
v -0.471432626247406 -0.451953262090683 1.1858837604522705
v -0.4071889817714691 -0.4378247857093811 1.1616721153259277
v -0.3672814965248108 -0.4560176432132721 1.1993992328643799
v -0.3130330443382263 -0.45990893244743347 1.2179582118988037
v -0.2530740797519684 -0.45474308729171753 1.2096242904663086
v -0.1955818235874176 -0.45685067772865295 1.212249755859375
v -0.13788723945617676 -0.4627458155155182 1.2155108451843262
v -0.07940695434808731 -0.4533673822879791 1.196894884109497
v -0.019588634371757507 -0.45410996675491333 1.1971728801727295
v 0.04407472163438797 -0.4643247425556183 1.2263579368591309
v 0.11036425083875656 -0.4672234058380127 1.249610424041748
v 0.1742348074913025 -0.482155442237854 1.2783876657485962
v 0.22241279482841492 -0.4573212265968323 1.2110235691070557
v 0.2700004279613495 -0.45037662982940674 1.1829781532287598
v 0.3241543471813202 -0.44630128145217896 1.167008876800537
v 0.37279191613197327 -0.44464826583862305 1.1538738012313843
v 0.4246232807636261 -0.43687427043914795 1.1442887783050537
v 0.4535052478313446 -0.41501542925834656 1.0741965770721436
v 0.503585159778595 -0.39995333552360535 1.0503677129745483
v 0.5682582855224609 -0.39852893352508545 1.0697286128997803
v 0.6567662954330444 -0.42749202251434326 1.1294983625411987
v 0.7193525433540344 -0.4271444082260132 1.1057456731796265
v -0.6718752384185791 -0.4379255175590515 1.0998554229736328
v -0.6085817813873291 -0.4373747706413269 1.1148078441619873
v -0.5368106365203857 -0.4209970533847809 1.1003860235214233
v -0.5006982088088989 -0.4338570237159729 1.1318532228469849
v -0.46848660707473755 -0.45169296860694885 1.1947884559631348
v -0.40432173013687134 -0.43694841861724854 1.16546630859375
v -0.36531129479408264 -0.45746490359306335 1.2129944562911987
v -0.30890175700187683 -0.4584992229938507 1.225176453590393
v -0.24879661202430725 -0.4522692859172821 1.2129778861999512
v -0.1911238431930542 -0.45780444145202637 1.2235467433929443
v -0.13333994150161743 -0.4631689190864563 1.2252612113952637
v -0.07393556833267212 -0.45181265473365784 1.20151948928833
v -0.013628672808408737 -0.4629259705543518 1.223009467124939
v 0.051731254905462265 -0.46579408645629883 1.2362581491470337
v 0.11789720505475998 -0.4709862768650055 1.2677873373031616
v 0.18381567299365997 -0.4896380603313446 1.3004517555236816
v 0.23249024152755737 -0.4644635319709778 1.2325377464294434
v 0.2752748429775238 -0.44633230566978455 1.1802469491958618
v 0.333182156085968 -0.45023468136787415 1.1810905933380127
v 0.38053449988365173 -0.44455114006996155 1.1607639789581299
v 0.43334099650382996 -0.4393584728240967 1.1540173292160034
v 0.4625014066696167 -0.4159318506717682 1.0809115171432495
v 0.5151764154434204 -0.40113282203674316 1.0607333183288574
v 0.5819113850593567 -0.4009247124195099 1.0826804637908936
v 0.6717425584793091 -0.4307514429092407 1.1454567909240723
v 0.7363346815109253 -0.43657025694847107 1.107268214225769
v -0.6707381010055542 -0.43837878108024597 1.1086961030960083
v -0.6028055548667908 -0.43443983793258667 1.1139392852783203
v -0.5343351364135742 -0.42023658752441406 1.1061770915985107
v -0.5013477802276611 -0.43582388758659363 1.1425522565841675
v -0.46538838744163513 -0.45092663168907166 1.202043056488037
v -0.4017336666584015 -0.43642452359199524 1.170325756072998
v -0.36393365263938904 -0.45945876836776733 1.2284221649169922
v -0.3045331537723541 -0.4569639265537262 1.2323657274246216
v -0.24508002400398254 -0.4504310190677643 1.2169638872146606
v -0.18691086769104004 -0.46072903275489807 1.2401381731033325
v -0.12896835803985596 -0.46341732144355774 1.2338621616363525
v -0.06825671344995499 -0.45036107301712036 1.2073073387145996
v -0.00711245508864522 -0.47172752022743225 1.2492756843566895
v 0.05948112905025482 -0.4661533832550049 1.2458932399749756
v 0.12604719400405884 -0.47863614559173584 1.2927932739257812
v 0.19174106419086456 -0.4945346415042877 1.3148488998413086
v 0.2424549013376236 -0.47155171632766724 1.2539355754852295
v 0.2810802161693573 -0.44360554218292236 1.180083155632019
v 0.3434799611568451 -0.45511189103126526 1.1986335515975952
v 0.390459805727005 -0.44706714153289795 1.1730074882507324
v 0.44191303849220276 -0.44226333498954773 1.1646108627319336
v 0.4718976616859436 -0.4163858890533447 1.0878942012786865
v 0.5274412631988525 -0.40299707651138306 1.0726784467697144
v 0.5980021357536316 -0.40485578775405884 1.099614143371582
v 0.6907767057418823 -0.4369804561138153 1.1673486232757568
v -0.7755554914474487 -0.45504555106163025 1.032947063446045
v -0.6693102121353149 -0.4386943280696869 1.1160950660705566
v -0.5970419645309448 -0.4310896098613739 1.111975073814392
v -0.531848132610321 -0.4196532070636749 1.1106432676315308
v -0.5018123388290405 -0.4377310574054718 1.1536997556686401
v -0.46197399497032166 -0.4497118890285492 1.208234190940857
v -0.39951291680336 -0.43709731101989746 1.17825448513031
v -0.36286360025405884 -0.4624271094799042 1.24586021900177
v -0.3002454936504364 -0.45648759603500366 1.2409414052963257
v -0.24154730141162872 -0.44900962710380554 1.2229243516921997
v -0.18303917348384857 -0.4661991596221924 1.2616121768951416
v -0.12481746822595596 -0.46344226598739624 1.242132544517517
v -0.06211429461836815 -0.45062509179115295 1.2163712978363037
v -2.919738835771568e-05 -0.4792359173297882 1.2707277536392212
v 0.06734977662563324 -0.46566861867904663 1.2557239532470703
v 0.13662728667259216 -0.4922132194042206 1.3280394077301025
v 0.19903464615345 -0.4969960153102875 1.3230094909667969
v 0.25190529227256775 -0.47773289680480957 1.273597240447998
v 0.28845086693763733 -0.44296205043792725 1.185695767402649
v 0.35440635681152344 -0.4607713520526886 1.2191358804702759
v 0.4034932255744934 -0.4537558853626251 1.192895531654358
v 0.45029157400131226 -0.44512319564819336 1.174746036529541
v 0.4808214008808136 -0.4167618751525879 1.093863606452942
v 0.5397325754165649 -0.4044497311115265 1.085326910018921
v 0.6170437335968018 -0.4112471044063568 1.1226553916931152
v 0.7154327034950256 -0.44771021604537964 1.1991182565689087
v -0.7211946249008179 -0.42267516255378723 1.0410480499267578
v -0.6668132543563843 -0.43857017159461975 1.1217067241668701
v -0.5910434722900391 -0.4278739392757416 1.1103020906448364
v -0.5291118621826172 -0.419126033782959 1.1138874292373657
v -0.5021010637283325 -0.4395558834075928 1.1653343439102173
v -0.45809146761894226 -0.4480489492416382 1.2124279737472534
v -0.39797237515449524 -0.4388519525527954 1.1902754306793213
v -0.36185646057128906 -0.46608468890190125 1.2646238803863525
v -0.29650643467903137 -0.4570308029651642 1.2525930404663086
v -0.23785540461540222 -0.4485512673854828 1.231223464012146
v -0.17989690601825714 -0.47369712591171265 1.2861988544464111
v -0.12092149257659912 -0.4624795913696289 1.248484492301941
v -0.05544855073094368 -0.45444247126579285 1.2304919958114624
v 0.007215638179332018 -0.4843539893627167 1.2871531248092651
v 0.07534109055995941 -0.4664989411830902 1.2666120529174805
v 0.14917609095573425 -0.511583685874939 1.3771921396255493
v 0.2062099128961563 -0.49814677238464355 1.329445242881775
v 0.26037442684173584 -0.48215386271476746 1.2894387245178223
v 0.2977887690067291 -0.4446595311164856 1.198319911956787
v 0.36512649059295654 -0.46732503175735474 1.2392926216125488
v 0.41914859414100647 -0.46361246705055237 1.219510555267334
v 0.4588462710380554 -0.4475938081741333 1.1829999685287476
v 0.4900577664375305 -0.41736358404159546 1.099915623664856
v 0.5516819357872009 -0.40481945872306824 1.0973082780838013
v 0.6382671594619751 -0.42040371894836426 1.1494157314300537
v 0.7439393997192383 -0.4612356722354889 1.2389719486236572
v -0.7100589275360107 -0.4187459647655487 1.053431749343872
v -0.6627501249313354 -0.4380616843700409 1.1260017156600952
v -0.5852765440940857 -0.42531535029411316 1.1098535060882568
v -0.5262529850006104 -0.41886740922927856 1.1161667108535767
v -0.5020662546157837 -0.4412919878959656 1.1768672466278076
v -0.45376133918762207 -0.4457363784313202 1.2144967317581177
v -0.39721915125846863 -0.4421933591365814 1.206862211227417
v -0.35980427265167236 -0.4697447419166565 1.2844280004501343
v -0.29302939772605896 -0.4582996368408203 1.2670035362243652
v -0.23370853066444397 -0.45023536682128906 1.2433723211288452
v -0.17725376784801483 -0.4822287857532501 1.313119649887085
v -0.11663040518760681 -0.46082350611686707 1.252760410308838
v -0.049007341265678406 -0.46287259459495544 1.2524837255477905
v 0.01428590901196003 -0.4884531795978546 1.302118182182312
v 0.08401819318532944 -0.4708763360977173 1.2827370166778564
v 0.16380394995212555 -0.5349067449569702 1.4392566680908203
v 0.2141018956899643 -0.5006932616233826 1.3393733501434326
v 0.26792317628860474 -0.4850660264492035 1.302330732345581
v 0.3092016875743866 -0.4494682252407074 1.2185157537460327
v 0.3764016926288605 -0.4756632149219513 1.2589216232299805
v 0.4360378384590149 -0.47557103633880615 1.2502849102020264
v 0.46731024980545044 -0.45043250918388367 1.1894617080688477
v 0.5001410841941833 -0.41816246509552 1.1073373556137085
v 0.56218022108078 -0.4043407440185547 1.106001853942871
v 0.6636418104171753 -0.43334832787513733 1.1847221851348877
v 0.7777026891708374 -0.47944483160972595 1.2850520610809326
v -0.7096642255783081 -0.42258307337760925 1.0739037990570068
v -0.6571937203407288 -0.4368284344673157 1.1285862922668457
v -0.5798056125640869 -0.42305365204811096 1.1112360954284668
v -0.5238519310951233 -0.418955534696579 1.1194664239883423
v -0.5013399720191956 -0.44263043999671936 1.1882848739624023
v -0.44887423515319824 -0.44274720549583435 1.2146152257919312
v -0.3974888324737549 -0.4473651051521301 1.228190302848816
v -0.357623428106308 -0.47373858094215393 1.3069181442260742
v -0.2894640266895294 -0.4599858522415161 1.2816171646118164
v -0.2289903610944748 -0.45412591099739075 1.2612762451171875
v -0.17494326829910278 -0.49029913544654846 1.3398916721343994
v -0.11169344931840897 -0.45925191044807434 1.2561683654785156
v -0.04316655173897743 -0.47508475184440613 1.2827844619750977
v 0.021631184965372086 -0.4922715425491333 1.3164069652557373
v 0.09399795532226562 -0.48074352741241455 1.310828447341919
v 0.17902633547782898 -0.5579940676689148 1.5007133483886719
v 0.2234412133693695 -0.5052599906921387 1.3539739847183228
v 0.2752959132194519 -0.4861392378807068 1.3109822273254395
v 0.3221709728240967 -0.45759591460227966 1.243445873260498
v 0.3893249034881592 -0.48479437828063965 1.2803231477737427
v 0.5099636316299438 -0.5738138556480408 1.4415242671966553
v 0.47508880496025085 -0.45265522599220276 1.1927424669265747
v 0.5100821256637573 -0.4185931980609894 1.113724708557129
v 0.5727540254592896 -0.4048619866371155 1.1130900382995605
v 0.694707989692688 -0.4504845142364502 1.2314190864562988
v 0.8121972680091858 -0.5012866854667664 1.3311598300933838
v -0.7159323692321777 -0.428816556930542 1.1017063856124878
v -0.6509977579116821 -0.43465086817741394 1.1300276517868042
v -0.57456374168396 -0.42079421877861023 1.1136995553970337
v -0.5221726894378662 -0.41965964436531067 1.1245145797729492
v -0.49984079599380493 -0.4436461329460144 1.1990830898284912
v -0.44341176748275757 -0.4400385320186615 1.2148240804672241
v -0.3985944986343384 -0.4544008672237396 1.2543267011642456
v -0.3558221459388733 -0.47866594791412354 1.3327226638793945
v -0.28594332933425903 -0.46141090989112854 1.294973373413086
v -0.2244184911251068 -0.4608796536922455 1.2868520021438599
v -0.1728520542383194 -0.4975687861442566 1.3649345636367798
v -0.10615179687738419 -0.4582633078098297 1.2605866193771362
v -0.03770996257662773 -0.48962172865867615 1.3190603256225586
v 0.02950032241642475 -0.496253103017807 1.3294140100479126
v 0.10495471209287643 -0.4966980218887329 1.3554333448410034
v 0.1932564079761505 -0.5814298391342163 1.5523531436920166
v 0.23347026109695435 -0.5124416351318359 1.3774678707122803
v 0.28265008330345154 -0.4860501289367676 1.3163529634475708
v 0.33618226647377014 -0.46891239285469055 1.272346019744873
v 0.4028545618057251 -0.49350863695144653 1.3033716678619385
v 0.521852970123291 -0.573927640914917 1.4505151510238647
v 0.48199206590652466 -0.4537745416164398 1.1943920850753784
v 0.51988685131073 -0.41840314865112305 1.1184800863265991
v 0.5871119499206543 -0.4094636142253876 1.126604676246643
v 0.729387640953064 -0.4711554944515228 1.2882314920425415
v 0.8451154232025146 -0.5219024419784546 1.3729283809661865
v -0.7202084064483643 -0.43598777055740356 1.128650426864624
v -0.6434965133666992 -0.4321000874042511 1.1305129528045654
v -0.5691870450973511 -0.4185578227043152 1.1152417659759521
v -0.5211711525917053 -0.42092737555503845 1.1312193870544434
v -0.4978116750717163 -0.44437462091445923 1.2090405225753784
v -0.4379744529724121 -0.4379853308200836 1.216712474822998
v -0.4005008339881897 -0.4627395570278168 1.2859269380569458
v -0.35412460565567017 -0.48472049832344055 1.3601022958755493
v -0.2819073498249054 -0.46185925602912903 1.3061829805374146
v -0.22100132703781128 -0.473063588142395 1.3232216835021973
v -0.17024961113929749 -0.5030393004417419 1.386635184288025
v -0.10029089450836182 -0.4587586522102356 1.2683756351470947
v -0.032087501138448715 -0.5049574971199036 1.356851577758789
v 0.03778689354658127 -0.499566912651062 1.340590476989746
v 0.1163366287946701 -0.5171710252761841 1.4119642972946167
v 0.2059975266456604 -0.6006267666816711 1.5910652875900269
v 0.24396958947181702 -0.5215191841125488 1.4073381423950195
v 0.2897941768169403 -0.4846675992012024 1.3190065622329712
v 0.35057333111763 -0.481881320476532 1.3039543628692627
v 0.46772706508636475 -0.5748171806335449 1.4791151285171509
v 0.5311083793640137 -0.5700944662094116 1.4548521041870117
v 0.4884008467197418 -0.45282208919525146 1.1906468868255615
v 0.5293180346488953 -0.41806575655937195 1.1217814683914185
v 0.6095483303070068 -0.42039036750793457 1.1548962593078613
v 0.7633175849914551 -0.4933960735797882 1.3454344272613525
v 0.874120831489563 -0.5315337181091309 1.4052350521087646
v -0.7231208086013794 -0.4430367052555084 1.1535273790359497
v -0.6354290246963501 -0.42904746532440186 1.1295558214187622
v -0.5636415481567383 -0.41641098260879517 1.1159570217132568
v -0.5207669734954834 -0.4224892258644104 1.1397066116333008
v -0.4949156939983368 -0.44470423460006714 1.2179458141326904
v -0.4333764910697937 -0.437161386013031 1.2221759557724
v -0.4031890034675598 -0.4719226062297821 1.321147084236145
v -0.35239845514297485 -0.49088534712791443 1.3865892887115479
v -0.2771722972393036 -0.4619242548942566 1.3165349960327148
v -0.21895264089107513 -0.49135568737983704 1.3730189800262451
v -0.16639775037765503 -0.5060190558433533 1.4024337530136108
v -0.09442291408777237 -0.4620324671268463 1.2802510261535645
v -0.026058435440063477 -0.5185582637786865 1.3890697956085205
v 0.04591039568185806 -0.5022903084754944 1.3518290519714355
v 0.12696956098079681 -0.5341042280197144 1.464529275894165
v 0.21786165237426758 -0.6112798452377319 1.6213438510894775
v 0.2548539638519287 -0.5304433107376099 1.436199426651001
v 0.2968674898147583 -0.4823439121246338 1.3189239501953125
v 0.36445122957229614 -0.4947044253349304 1.3346186876296997
v 0.47289857268333435 -0.5697423219680786 1.4845865964889526
v 0.5372265577316284 -0.5628477334976196 1.4567166566848755
v 0.4950983226299286 -0.45786261558532715 1.2145683765411377
v 0.539219856262207 -0.4182935953140259 1.1255968809127808
v 0.8192873001098633 -0.553308367729187 1.603224277496338
v 0.7947418689727783 -0.5145782232284546 1.396440029144287
v 1.0832452774047852 -0.5838807821273804 1.518120288848877
v -0.7227380275726318 -0.44615766406059265 1.1681429147720337
v -0.6265003681182861 -0.4252948462963104 1.1265417337417603
v -0.5579007267951965 -0.41402873396873474 1.1153364181518555
v -0.5205004215240479 -0.4239925146102905 1.1499443054199219
v -0.49093347787857056 -0.4443863332271576 1.2250399589538574
v -0.4300587475299835 -0.4391787350177765 1.233046531677246
v -0.4051036238670349 -0.481609582901001 1.3563010692596436
v -0.34993377327919006 -0.4959315359592438 1.4100847244262695
v -0.2727601230144501 -0.4648464322090149 1.331170678138733
v -0.21884053945541382 -0.5140117406845093 1.4342164993286133
v -0.16182412207126617 -0.5068858861923218 1.4125983715057373
v -0.08850608766078949 -0.46915915608406067 1.2980742454528809
v -0.01999109424650669 -0.527672529220581 1.4106826782226562
v 0.054121363908052444 -0.5038118958473206 1.3601906299591064
v 0.13842439651489258 -0.547691822052002 1.5039072036743164
v 0.23092833161354065 -0.620012104511261 1.6524391174316406
v 0.26536181569099426 -0.5373961925506592 1.4557527303695679
v 0.3044452965259552 -0.48007333278656006 1.3187649250030518
v 0.4058273732662201 -0.542577862739563 1.4755802154541016
v 0.47812074422836304 -0.5657238960266113 1.4905482530593872
v 0.5447870492935181 -0.560413658618927 1.463845133781433
v 0.5459967851638794 -0.4936511218547821 1.3216755390167236
v 0.5493227243423462 -0.4187428951263428 1.1309961080551147
v 0.8579889535903931 -0.6413354873657227 1.6280262470245361
v 1.043148398399353 -0.7123429775238037 1.7860162258148193
v 1.4746291637420654 -0.8768084049224854 2.2299656867980957
v -0.7169914245605469 -0.4449939429759979 1.1724001169204712
v -0.6170775890350342 -0.4213484823703766 1.122081995010376
v -0.5522594451904297 -0.4116866886615753 1.1137151718139648
v -0.5199257135391235 -0.4258294105529785 1.1615360975265503
v -0.48651573061943054 -0.4435611367225647 1.2303532361984253
v -0.4286986291408539 -0.44422000646591187 1.2518941164016724
v -0.406002938747406 -0.49089351296424866 1.3890957832336426
v -0.346248060464859 -0.49957799911499023 1.4286023378372192
v -0.26943349838256836 -0.4719341993331909 1.3552380800247192
v -0.2199447900056839 -0.538722813129425 1.499376654624939
v -0.15680702030658722 -0.5066522359848022 1.419081687927246
v -0.08298175036907196 -0.4804432988166809 1.323875069618225
v -0.013994835317134857 -0.5318032503128052 1.4214929342269897
v 0.06241260841488838 -0.503612756729126 1.3634886741638184
v 0.1492033749818802 -0.5589082837104797 1.532550573348999
v 0.2425171136856079 -0.6231937408447266 1.672951102256775
v 0.2735685110092163 -0.5393126606941223 1.462173342704773
v 0.31303492188453674 -0.4797249138355255 1.3231985569000244
v 0.41454994678497314 -0.5567660331726074 1.4799718856811523
v 0.48394230008125305 -0.5614094734191895 1.4964113235473633
v 0.5517956614494324 -0.5597919225692749 1.4738298654556274
v 0.5534735321998596 -0.4889531135559082 1.3214175701141357
v 0.5605801343917847 -0.4195915162563324 1.1381914615631104
v 0.8775321245193481 -0.6443828344345093 1.6488792896270752
v 1.061036467552185 -0.7112202644348145 1.808897614479065
v 1.481214165687561 -0.8587989807128906 2.1837310791015625
v -0.7057915329933167 -0.439799427986145 1.1652339696884155
v -0.6073588132858276 -0.41700032353401184 1.1155306100845337
v -0.5468759536743164 -0.4098396897315979 1.112140417098999
v -0.5190262198448181 -0.4282150864601135 1.174647569656372
v -0.4812282621860504 -0.4420516788959503 1.2338372468948364
v -0.42892566323280334 -0.45168015360832214 1.2794544696807861
v -0.40656739473342896 -0.4998488426208496 1.4204002618789673
v -0.3421947658061981 -0.5023537278175354 1.442356824874878
v -0.266919881105423 -0.48348668217658997 1.3901389837265015
v -0.2205379605293274 -0.562779426574707 1.5619385242462158
v -0.1511840969324112 -0.5050414800643921 1.4209538698196411
v -0.07780130207538605 -0.4943144619464874 1.356156587600708
v -0.007596086245030165 -0.5299562215805054 1.4197489023208618
v 0.07013844698667526 -0.5011120438575745 1.3582038879394531
v 0.1588301807641983 -0.5680713653564453 1.5542185306549072
v 0.25103798508644104 -0.6228901147842407 1.6792442798614502
v 0.2797664999961853 -0.536693811416626 1.4559168815612793
v 0.322910338640213 -0.4818384647369385 1.3331321477890015
v 0.42196181416511536 -0.5521842241287231 1.4853187799453735
v 0.48980897665023804 -0.555942714214325 1.4969547986984253
v 0.5553452372550964 -0.5546229481697083 1.4794611930847168
v 0.5610688924789429 -0.48366400599479675 1.3205968141555786
v 0.572394847869873 -0.42173293232917786 1.1467156410217285
v 0.8951022624969482 -0.6440568566322327 1.6675596237182617
v 1.0943756103515625 -0.7178772687911987 1.8500021696090698
v -1.1327389478683472 -0.6329442262649536 1.5313386917114258
v -0.6901910305023193 -0.4315125048160553 1.148971676826477
v -0.5982034206390381 -0.41221433877944946 1.1073100566864014
v -0.5417317152023315 -0.4081558287143707 1.1108790636062622
v -0.5175381898880005 -0.43088430166244507 1.188507318496704
v -0.4750496447086334 -0.4407825469970703 1.237012505531311
v -0.43001583218574524 -0.4605162441730499 1.310764193534851
v -0.4057951271533966 -0.5071823596954346 1.4477221965789795
v -0.33753761649131775 -0.5039576292037964 1.452051043510437
v -0.26443731784820557 -0.49691998958587646 1.430121898651123
v -0.2194289267063141 -0.5769565105438232 1.607574462890625
v -0.1451168954372406 -0.5017961263656616 1.4145872592926025
v -0.0723368376493454 -0.5077847838401794 1.3873833417892456
v -0.0011149485362693667 -0.5233686566352844 1.4067848920822144
v 0.07608374953269958 -0.49621689319610596 1.343017816543579
v 0.16792534291744232 -0.5780346393585205 1.5735642910003662
v 0.25279462337493896 -0.6148345470428467 1.6596344709396362
v 0.28351718187332153 -0.5293808579444885 1.4407230615615845
v 0.3327416181564331 -0.48622313141822815 1.345512866973877
v 0.4298776090145111 -0.5475877523422241 1.489538550376892
v 0.4955085217952728 -0.5487922430038452 1.4945728778839111
v 0.5519461631774902 -0.5436609983444214 1.4683566093444824
v 0.5672966241836548 -0.47780629992485046 1.3189911842346191
v 0.5837702751159668 -0.4248436689376831 1.1556059122085571
v 0.9091812968254089 -0.6396146416664124 1.6759545803070068
v 1.1474695205688477 -0.7340675592422485 1.9198840856552124
v -0.8396997451782227 -0.4887978136539459 1.235565423965454
v -0.6731042861938477 -0.4229166805744171 1.1295030117034912
v -0.5893740057945251 -0.40765511989593506 1.1001691818237305
v -0.5365539789199829 -0.4062885642051697 1.1097549200057983
v -0.515404999256134 -0.43324923515319824 1.2019814252853394
v -0.46850043535232544 -0.4398493766784668 1.2412521839141846
v -0.43204882740974426 -0.46991050243377686 1.3416296243667603
v -0.40313854813575745 -0.5132239460945129 1.470483660697937
v -0.332537442445755 -0.5055042505264282 1.459036111831665
v -0.2619513273239136 -0.510459840297699 1.4699947834014893
v -0.2165263444185257 -0.5824470520019531 1.6337895393371582
v -0.13856756687164307 -0.49697351455688477 1.4009724855422974
v -0.06595982611179352 -0.5173355340957642 1.41032075881958
v 0.005379043985158205 -0.5143994688987732 1.3853588104248047
v 0.08081250637769699 -0.4905041754245758 1.3214296102523804
v 0.17551253736019135 -0.5858403444290161 1.5859078168869019
v 0.25003594160079956 -0.6018896102905273 1.6203957796096802
v 0.2867352068424225 -0.519469141960144 1.4216645956039429
v 0.34159761667251587 -0.4911688566207886 1.3555175065994263
v 0.43797117471694946 -0.5424572229385376 1.4957501888275146
v 0.5008851289749146 -0.5410277843475342 1.4900487661361694
v 0.5487970113754272 -0.5285674333572388 1.4467412233352661
v 0.5730204582214355 -0.47229641675949097 1.3164663314819336
v 0.5952796339988708 -0.4287194013595581 1.1653211116790771
v 0.9185030460357666 -0.6319073438644409 1.6795587539672852
v 1.211361289024353 -0.7534846663475037 2.0049021244049072
v -0.7939481735229492 -0.4667384624481201 1.2066022157669067
v -0.6576652526855469 -0.4150843322277069 1.1148884296417236
v -0.5811412334442139 -0.4041709303855896 1.0953500270843506
v -0.5314154028892517 -0.405131071805954 1.1091371774673462
v -0.5115768909454346 -0.43476107716560364 1.213483214378357
v -0.4613093435764313 -0.4391825199127197 1.2465019226074219
v -0.43303364515304565 -0.4776405692100525 1.3699920177459717
v -0.39827603101730347 -0.5165576338768005 1.4878604412078857
v -0.326856791973114 -0.5071537494659424 1.4660439491271973
v -0.2586486339569092 -0.523292601108551 1.5067375898361206
v -0.21008118987083435 -0.5815689563751221 1.638991355895996
v -0.13104212284088135 -0.4905087947845459 1.3832951784133911
v -0.058042287826538086 -0.5200133323669434 1.4177995920181274
v 0.02002735622227192 -0.5792438983917236 1.5693883895874023
v 0.08621819317340851 -0.48355281352996826 1.297278642654419
v 0.18143221735954285 -0.5861201286315918 1.583998441696167
v 0.24755218625068665 -0.5855703353881836 1.5789494514465332
v 0.2905513048171997 -0.5089454650878906 1.4003291130065918
v 0.3490772545337677 -0.4935142993927002 1.359108567237854
v 0.44549933075904846 -0.5370588302612305 1.5018811225891113
v 0.5041103363037109 -0.5320382118225098 1.4814207553863525
v 0.5492228865623474 -0.5147595405578613 1.4308133125305176
v 0.5777866840362549 -0.46767109632492065 1.3135849237442017
v 0.6072655916213989 -0.4326290786266327 1.174385666847229
v 0.9269137382507324 -0.6262086033821106 1.6849040985107422
v 1.2726492881774902 -0.771526575088501 2.0801708698272705
v -0.7678386569023132 -0.45294055342674255 1.1798079013824463
v -0.6441936492919922 -0.40776368975639343 1.1050090789794922
v -0.5733193159103394 -0.4006831645965576 1.09131920337677
v -0.526789665222168 -0.4042833149433136 1.1094684600830078
v -0.5062246918678284 -0.4346218705177307 1.221104621887207
v -0.4541264474391937 -0.4395497143268585 1.250740647315979
v -0.43225038051605225 -0.48328685760498047 1.3926812410354614
v -0.3912099003791809 -0.5169886946678162 1.494654893875122
v -0.32104867696762085 -0.5087468028068542 1.4758543968200684
v -0.25468212366104126 -0.5339614152908325 1.5357563495635986
v -0.20191794633865356 -0.5730865001678467 1.6222906112670898
v -0.12339680641889572 -0.4840061664581299 1.365012288093567
v -0.04937468096613884 -0.5161824226379395 1.4049625396728516
v 0.006814311258494854 -0.5104242563247681 1.4178756475448608
v 0.09234429150819778 -0.47572657465934753 1.2729336023330688
v 0.18575604259967804 -0.5786054134368896 1.564653754234314
v 0.24841980636119843 -0.5696898102760315 1.5446816682815552
v 0.295448362827301 -0.4999791979789734 1.3815022706985474
v 0.3546520173549652 -0.49219465255737305 1.3542283773422241
v 0.451127290725708 -0.5306612253189087 1.5042896270751953
v 0.5060576796531677 -0.5223995447158813 1.4707050323486328
v 0.5524615049362183 -0.5061383247375488 1.4201271533966064
v 0.582139253616333 -0.46251967549324036 1.3098461627960205
v 0.620388388633728 -0.4372256100177765 1.1850019693374634
v 0.9356211423873901 -0.622374415397644 1.6951239109039307
v 1.3232640027999878 -0.7826579809188843 2.1307973861694336
v -0.7486125230789185 -0.4411044418811798 1.157423973083496
v -0.6323825120925903 -0.4013650715351105 1.0982255935668945
v -0.5661036968231201 -0.3968200385570526 1.0880560874938965
v -0.5222406983375549 -0.4030291736125946 1.11057710647583
v -0.49878349900245667 -0.4315823018550873 1.2193005084991455
v -0.44744521379470825 -0.4390377104282379 1.2526965141296387
v -0.4282119870185852 -0.4840511083602905 1.4011709690093994
v -0.38235393166542053 -0.5137767791748047 1.4861290454864502
v -0.3150118291378021 -0.5087823867797852 1.482096791267395
v -0.2498149871826172 -0.5389301180839539 1.547950029373169
v -0.19185350835323334 -0.5565842986106873 1.5815690755844116
v -0.11538699269294739 -0.47675710916519165 1.3459689617156982
v -0.05376330763101578 -0.6313923597335815 1.718806505203247
v 0.028022442013025284 -0.477411150932312 1.2859877347946167
v 0.0982184112071991 -0.46698012948036194 1.2532813549041748
v 0.1898517906665802 -0.5658957958221436 1.5325931310653687
v 0.2526957392692566 -0.554140567779541 1.5147531032562256
v 0.3012392520904541 -0.4929488003253937 1.3691046237945557
v 0.3576216697692871 -0.4871571660041809 1.3418633937835693
v 0.4536390006542206 -0.522707462310791 1.4966949224472046
v 0.5088465213775635 -0.512653112411499 1.4599628448486328
v 0.5531522035598755 -0.4966762661933899 1.4047282934188843
v 0.5858745574951172 -0.4560679495334625 1.3032490015029907
v 0.6362137198448181 -0.44297295808792114 1.1994538307189941
v 0.9407447576522827 -0.6162736415863037 1.6995400190353394
v 1.3626173734664917 -0.7899795770645142 2.161314010620117
v -0.7295239567756653 -0.43211108446121216 1.143584132194519
v -0.6222484111785889 -0.3964962065219879 1.0928906202316284
v -0.5597106218338013 -0.3933171331882477 1.0864499807357788
v -0.5174112319946289 -0.4018574059009552 1.112646222114563
v -0.48951640725135803 -0.4271078407764435 1.210403323173523
v -0.44036567211151123 -0.4373539388179779 1.252292513847351
v -0.4193136394023895 -0.4808894991874695 1.3922703266143799
v -0.37316471338272095 -0.509506344795227 1.4725677967071533
v -0.30878517031669617 -0.508985698223114 1.485404372215271
v -0.244343101978302 -0.5400797128677368 1.5487926006317139
v -0.1799701750278473 -0.5337796211242676 1.520869255065918
v -0.10710297524929047 -0.4698558449745178 1.326354742050171
v -0.044083964079618454 -0.6109116077423096 1.691812515258789
v 0.035712841898202896 -0.46180441975593567 1.2479748725891113
v 0.10336078703403473 -0.45983564853668213 1.2408342361450195
v 0.1950482428073883 -0.5547254085540771 1.4963750839233398
v 0.2588621973991394 -0.5412689447402954 1.4903351068496704
v 0.30753156542778015 -0.4875374138355255 1.3621139526367188
v 0.35921961069107056 -0.4798487424850464 1.3244857788085938
v 0.3779867887496948 -0.44956761598587036 1.207424521446228
v 0.510898232460022 -0.5031101703643799 1.4498246908187866
v 0.4343189001083374 -0.3955962359905243 1.0514500141143799
v 0.5167878270149231 -0.40324434638023376 1.0791599750518799
v 0.65700364112854 -0.45100313425064087 1.2240628004074097
v 0.9434654712677002 -0.6078618764877319 1.696285605430603
v 1.3930349349975586 -0.7867557406425476 2.1822547912597656
v -0.7101846933364868 -0.42212629318237305 1.1301554441452026
v -0.6133056282997131 -0.3919942378997803 1.0884560346603394
v -0.5538924932479858 -0.39008185267448425 1.085736632347107
v -0.511743426322937 -0.40057823061943054 1.1154299974441528
v -0.47941404581069946 -0.4216137230396271 1.1977105140686035
v -0.4319590628147125 -0.4335727095603943 1.244956374168396
v -0.4061525762081146 -0.47345417737960815 1.368333101272583
v -0.36381879448890686 -0.5044389367103577 1.4576144218444824
v -0.30126479268074036 -0.5087805986404419 1.4835529327392578
v -0.23659275472164154 -0.5355036854743958 1.5351247787475586
v -0.16712962090969086 -0.5082734823226929 1.4479765892028809
v -0.0991659089922905 -0.4626568853855133 1.3073487281799316
v -0.025570694357156754 -0.4686761498451233 1.25144624710083
v 0.041967835277318954 -0.4450904130935669 1.2111496925354004
v 0.10820326209068298 -0.45286381244659424 1.2303478717803955
v 0.19874893128871918 -0.5436240434646606 1.4570707082748413
v 0.26413655281066895 -0.5297447443008423 1.4698283672332764
v 0.31407296657562256 -0.4833166003227234 1.357200026512146
v 0.35985368490219116 -0.47136035561561584 1.3055235147476196
v 0.3786377012729645 -0.4413682222366333 1.1933196783065796
v 0.5100054740905762 -0.49250829219818115 1.4350606203079224
v 0.44038820266723633 -0.38942646980285645 1.047337293624878
v 0.5241904854774475 -0.4009956419467926 1.0780446529388428
v 0.6792635321617126 -0.45964422821998596 1.254704236984253
v 0.9461324214935303 -0.59968501329422 1.6897997856140137
v 1.417021632194519 -0.792168140411377 2.199789524078369
v -0.691970705986023 -0.4105820655822754 1.115195631980896
v -0.6052635908126831 -0.3876069486141205 1.0855804681777954
v -0.5479463338851929 -0.38705581426620483 1.0850837230682373
v -0.5050716400146484 -0.3994540274143219 1.1183626651763916
v -0.46950557827949524 -0.4157228171825409 1.1850082874298096
v -0.4216882884502411 -0.42796772718429565 1.2309118509292603
v -0.39204755425453186 -0.4632985293865204 1.3391810655593872
v -0.3531433939933777 -0.49801748991012573 1.4389970302581787
v -0.29185932874679565 -0.5059885382652283 1.4745399951934814
v -0.22610312700271606 -0.5242442488670349 1.5019744634628296
v -0.15477989614009857 -0.4833119511604309 1.3791933059692383
v -0.09121773391962051 -0.45480871200561523 1.28995943069458
v -0.017479348927736282 -0.4467986822128296 1.2001274824142456
v 0.04706496745347977 -0.429304301738739 1.1803816556930542
v 0.11332930624485016 -0.4462331533432007 1.2207715511322021
v 0.19966594874858856 -0.5285049080848694 1.4161676168441772
v 0.2683383524417877 -0.5171995162963867 1.4466605186462402
v 0.3203316926956177 -0.4797455370426178 1.3531720638275146
v 0.3587571084499359 -0.4616399109363556 1.2860180139541626
v 0.3791216015815735 -0.4325143098831177 1.178900122642517
v 0.39489054679870605 -0.4017946422100067 1.0784106254577637
v 0.4468490481376648 -0.38378655910491943 1.0444220304489136
v 0.5315845012664795 -0.3987799286842346 1.0783566236495972
v 0.8306888937950134 -0.5653111934661865 1.6098523139953613
v 0.9501551985740662 -0.5916548371315002 1.683119773864746
v 1.432532548904419 -0.7806114554405212 2.198983907699585
v -0.6762062907218933 -0.39950305223464966 1.1040453910827637
v -0.5983626842498779 -0.3838289678096771 1.0841902494430542
v -0.541623592376709 -0.3839900493621826 1.0843732357025146
v -0.4979240894317627 -0.39777690172195435 1.1188791990280151
v -0.4598262906074524 -0.4093359112739563 1.1718358993530273
v -0.40985843539237976 -0.4205102026462555 1.2105474472045898
v -0.378875732421875 -0.4515894949436188 1.3073596954345703
v -0.3407285809516907 -0.4888933002948761 1.4157562255859375
v -0.280672162771225 -0.4982103705406189 1.4545446634292603
v -0.21377526223659515 -0.5055451393127441 1.4510910511016846
v -0.14406858384609222 -0.4604335427284241 1.322921872138977
v -0.08248287439346313 -0.4449054002761841 1.2703427076339722
v -0.009701598435640335 -0.42778390645980835 1.1663258075714111
v 0.051399532705545425 -0.41475409269332886 1.1559720039367676
v 0.11850215494632721 -0.4390169680118561 1.2108333110809326
v 0.19918957352638245 -0.5099663734436035 1.3775537014007568
v 0.2709371745586395 -0.5022584199905396 1.4172433614730835
v 0.32630279660224915 -0.476253479719162 1.3496710062026978
v 0.35678306221961975 -0.45060446858406067 1.2640538215637207
v 0.3792330324649811 -0.42317166924476624 1.1635910272598267
v 0.3977287709712982 -0.3907684087753296 1.0667418241500854
v 0.4524543285369873 -0.37869587540626526 1.0418850183486938
v 0.5394144058227539 -0.3964468240737915 1.0802441835403442
v 0.8468201160430908 -0.5647896528244019 1.6299257278442383
v 0.9594037532806396 -0.5862184762954712 1.680026650428772
v 1.4303257465362549 -0.7610757350921631 2.1334452629089355
v -0.6638330221176147 -0.39069950580596924 1.0964916944503784
v -0.5915068984031677 -0.38019445538520813 1.0834143161773682
v -0.5347684621810913 -0.38070350885391235 1.0832295417785645
v -0.49055224657058716 -0.39489686489105225 1.1171070337295532
v -0.4502772092819214 -0.4024733603000641 1.1580723524093628
v -0.3982619047164917 -0.41237303614616394 1.1868047714233398
v -0.3652478754520416 -0.4393731355667114 1.273148775100708
v -0.32750043272972107 -0.4770579934120178 1.3895673751831055
v -0.26775726675987244 -0.4856487810611725 1.4211094379425049
v -0.2009907215833664 -0.48494619131088257 1.395292043685913
v -0.13538342714309692 -0.4409462511539459 1.2818198204040527
v -0.07354152202606201 -0.4335344135761261 1.2477947473526
v -0.002701069926843047 -0.41274890303611755 1.146726131439209
v 0.055921927094459534 -0.4020557701587677 1.1375380754470825
v 0.12320747971534729 -0.4319905638694763 1.2036621570587158
v 0.19958949089050293 -0.4930461347103119 1.3467509746551514
v 0.2723517119884491 -0.48702213168144226 1.3858635425567627
v 0.33160990476608276 -0.4726118743419647 1.3466160297393799
v 0.3549327552318573 -0.43952178955078125 1.2420402765274048
v 0.3790842890739441 -0.4133392572402954 1.1470263004302979
v 0.40181857347488403 -0.3810015320777893 1.058982491493225
v 0.45740070939064026 -0.37392744421958923 1.038854718208313
v 0.5464870929718018 -0.3935328423976898 1.08306086063385
v 0.8564251661300659 -0.5607925653457642 1.6378567218780518
v 0.9790811538696289 -0.5850201845169067 1.6895034313201904
v -0.9269133806228638 -0.49270176887512207 1.20947265625
v -0.6531214714050293 -0.3839394152164459 1.091398000717163
v -0.584524393081665 -0.37655872106552124 1.0829074382781982
v -0.5275226831436157 -0.37718677520751953 1.0808833837509155
v -0.48266103863716125 -0.3905786871910095 1.1133145093917847
v -0.4404773712158203 -0.39588162302970886 1.1448723077774048
v -0.3862520754337311 -0.4035071134567261 1.1628625392913818
v -0.3501932919025421 -0.4249019920825958 1.236258864402771
v -0.3137100338935852 -0.4623700976371765 1.3603886365890503
v -0.25398626923561096 -0.4701237976551056 1.37996244430542
v -0.18871130049228668 -0.4634471535682678 1.3424060344696045
v -0.12736929953098297 -0.42413172125816345 1.25067138671875
v -0.06490588188171387 -0.4216245710849762 1.222971796989441
v 0.0036147835198789835 -0.4004339873790741 1.1350393295288086
v 0.0610872246325016 -0.3917703926563263 1.1262791156768799
v 0.1281631886959076 -0.4260028004646301 1.2008068561553955
v 0.20183773338794708 -0.4782281517982483 1.3220093250274658
v 0.2741650640964508 -0.4740806818008423 1.359183669090271
v 0.33546894788742065 -0.46787264943122864 1.3405951261520386
v 0.35417813062667847 -0.4294363260269165 1.224013328552246
v 0.37868717312812805 -0.4030224084854126 1.1289639472961426
v 0.40659019351005554 -0.3729471266269684 1.0541813373565674
v 0.46207791566848755 -0.3691377341747284 1.0350589752197266
v 0.5525269508361816 -0.3900374472141266 1.0848854780197144
v 0.8633632659912109 -0.55495285987854 1.6375722885131836
v 1.0102792978286743 -0.5880998373031616 1.7091820240020752
v -0.7444440126419067 -0.4031767249107361 1.0852200984954834
v -0.6429987549781799 -0.37854549288749695 1.087843894958496
v -0.5774921774864197 -0.37324750423431396 1.0821917057037354
v -0.5203834772109985 -0.37364864349365234 1.0781257152557373
v -0.47456979751586914 -0.3851422965526581 1.1102354526519775
v -0.4306141436100006 -0.389509379863739 1.13250732421875
v -0.375312477350235 -0.3946775496006012 1.1442323923110962
v -0.3363914489746094 -0.41118335723876953 1.2066490650177002
v -0.2998317778110504 -0.445092111825943 1.3289769887924194
v -0.24061253666877747 -0.45269322395324707 1.3375024795532227
v -0.17753788828849792 -0.441597580909729 1.294767141342163
v -0.1192493662238121 -0.41065624356269836 1.2277199029922485
v -0.05664989724755287 -0.41012290120124817 1.1973344087600708
v 0.00986159685999155 -0.3907202482223511 1.1285594701766968
v 0.06673666089773178 -0.384819358587265 1.1217036247253418
v 0.13376429677009583 -0.4219457507133484 1.2038615942001343
v 0.2065282016992569 -0.46674320101737976 1.3083189725875854
v 0.27737146615982056 -0.46468186378479004 1.3406181335449219
v 0.3373849093914032 -0.4610948860645294 1.3273322582244873
v 0.35528406500816345 -0.42057734727859497 1.2092814445495605
v 0.37825343012809753 -0.3923117220401764 1.1104419231414795
v 0.41177377104759216 -0.3664042055606842 1.0523873567581177
v 0.46666181087493896 -0.3643243908882141 1.031508445739746
v 0.5578398108482361 -0.386812686920166 1.0853757858276367
v 0.8675759434700012 -0.5469422340393066 1.6315653324127197
v 1.04707932472229 -0.5954787135124207 1.7332584857940674
v -0.7096381187438965 -0.3857654333114624 1.0807983875274658
v -0.6332080960273743 -0.3736478090286255 1.0852537155151367
v -0.570661187171936 -0.3700723648071289 1.0810248851776123
v -0.5130946636199951 -0.37009507417678833 1.0758702754974365
v -0.4668276607990265 -0.3789224624633789 1.1066031455993652
v -0.4213370084762573 -0.3834335207939148 1.120284914970398
v -0.366099089384079 -0.3863638937473297 1.1315011978149414
v -0.324321448802948 -0.3986216187477112 1.18440842628479
v -0.28600212931632996 -0.4280649423599243 1.2939023971557617
v -0.22820326685905457 -0.4351459741592407 1.298144817352295
v -0.16784363985061646 -0.4204822778701782 1.2496912479400635
v -0.11130974441766739 -0.40024334192276 1.2107268571853638
v -0.0492141954600811 -0.3990386724472046 1.1718820333480835
v 0.016154257580637932 -0.3833461105823517 1.124398946762085
v 0.07266654074192047 -0.3802139461040497 1.1196813583374023
v 0.13959093391895294 -0.4182819426059723 1.2086060047149658
v 0.2127065509557724 -0.4579448699951172 1.3008333444595337
v 0.2812724709510803 -0.4573006331920624 1.3285794258117676
v 0.3381481170654297 -0.4524526596069336 1.308664321899414
v 0.3569291830062866 -0.41239088773727417 1.1939281225204468
v 0.3786607086658478 -0.38171258568763733 1.093045949935913
v 0.4173217713832855 -0.36058831214904785 1.0508264303207397
v 0.47137001156806946 -0.3598058521747589 1.0289560556411743
v 0.5631036758422852 -0.38354435563087463 1.0857263803482056
v 0.870159387588501 -0.5384958982467651 1.6211415529251099
v 1.071192741394043 -0.5986548662185669 1.744868278503418
v -0.6926925182342529 -0.3786252737045288 1.0821924209594727
v -0.6242457032203674 -0.36873114109039307 1.0832455158233643
v -0.5640976428985596 -0.3666561245918274 1.0797455310821533
v -0.5057724118232727 -0.3659909963607788 1.0748752355575562
v -0.45933619141578674 -0.37242358922958374 1.1026124954223633
v -0.41215628385543823 -0.37746304273605347 1.109880805015564
v -0.3576425015926361 -0.37890946865081787 1.1232845783233643
v -0.31375786662101746 -0.38764533400535583 1.1665754318237305
v -0.2724822759628296 -0.412490576505661 1.2579647302627563
v -0.2171076536178589 -0.4178451597690582 1.2605223655700684
v -0.15884923934936523 -0.40196099877357483 1.2103205919265747
v -0.10372630506753922 -0.3925992250442505 1.1968531608581543
v -0.04230549931526184 -0.3888568878173828 1.1487901210784912
v 0.022553032264113426 -0.3777415454387665 1.1214534044265747
v 0.07859262079000473 -0.37767404317855835 1.1193605661392212
v 0.14596828818321228 -0.41507861018180847 1.2119386196136475
v 0.21926213800907135 -0.4508436918258667 1.2950689792633057
v 0.28550833463668823 -0.4510441720485687 1.3195587396621704
v 0.33882811665534973 -0.4432068467140198 1.2878700494766235
v 0.3574644923210144 -0.40347766876220703 1.1743391752243042
v 0.3800930082798004 -0.3720453679561615 1.0798054933547974
v 0.42207372188568115 -0.3551739454269409 1.0481950044631958
v 0.47602301836013794 -0.35569173097610474 1.02643620967865
v 0.5683670043945312 -0.3799421489238739 1.0850050449371338
v 0.873423159122467 -0.5302599668502808 1.602554440498352
v 0.9136895537376404 -0.5057358145713806 1.3807728290557861
v -0.6821067333221436 -0.37306392192840576 1.0845023393630981
v -0.6159405708312988 -0.36401262879371643 1.0812077522277832
v -0.5573777556419373 -0.3628852963447571 1.0785285234451294
v -0.49842166900634766 -0.3614344894886017 1.074521780014038
v -0.4526621997356415 -0.36661645770072937 1.0981392860412598
v -0.4033042788505554 -0.37134110927581787 1.101621150970459
v -0.35014262795448303 -0.3723497986793518 1.1168043613433838
v -0.3038686513900757 -0.3783426284790039 1.152349829673767
v -0.26035499572753906 -0.39959049224853516 1.228684902191162
v -0.20745006203651428 -0.4015982151031494 1.2228423357009888
v -0.15089821815490723 -0.38768717646598816 1.1840710639953613
v -0.0967068076133728 -0.38652753829956055 1.1839638948440552
v -0.03551546111702919 -0.37971383333206177 1.1301567554473877
v 0.028401177376508713 -0.3728642463684082 1.118113398551941
v 0.08425970375537872 -0.37632110714912415 1.1206514835357666
v 0.15219444036483765 -0.4116731584072113 1.2140679359436035
v 0.22491680085659027 -0.4442136585712433 1.289049506187439
v 0.2897545099258423 -0.4455448389053345 1.3113062381744385
v 0.3396979570388794 -0.4338960647583008 1.2684316635131836
v 0.35632991790771484 -0.3939947485923767 1.15189790725708
v 0.38247695565223694 -0.36352184414863586 1.0702545642852783
v 0.4260765314102173 -0.3501182496547699 1.0444084405899048
v 0.48066389560699463 -0.351717472076416 1.0239381790161133
v 0.5729355812072754 -0.3766348659992218 1.083815097808838
v 0.72032630443573 -0.4571704864501953 1.27704918384552
v 0.8503271341323853 -0.48891574144363403 1.35552179813385
v -0.6724338531494141 -0.3679671883583069 1.0843514204025269
v -0.6078106164932251 -0.3597505986690521 1.0794448852539062
v -0.5497952699661255 -0.3587345480918884 1.076564908027649
v -0.49107179045677185 -0.35650527477264404 1.0741328001022339
v -0.44615671038627625 -0.36163511872291565 1.0935274362564087
v -0.3946089744567871 -0.3655393719673157 1.0957967042922974
v -0.343168705701828 -0.36654314398765564 1.1102399826049805
v -0.2950715720653534 -0.37060174345970154 1.1416139602661133
v -0.24970212578773499 -0.38855046033859253 1.203965187072754
v -0.19832871854305267 -0.3868500292301178 1.1879379749298096
v -0.14366094768047333 -0.3775912821292877 1.1693005561828613
v -0.08969146013259888 -0.38107407093048096 1.1706985235214233
v -0.028366878628730774 -0.3723468482494354 1.1172834634780884
v 0.0334031917154789 -0.3686925768852234 1.1130563020706177
v 0.08946122974157333 -0.3752145767211914 1.1219624280929565
v 0.1581679731607437 -0.40788912773132324 1.2141857147216797
v 0.22980822622776031 -0.437852144241333 1.2825804948806763
v 0.2937275767326355 -0.43973308801651 1.3020024299621582
v 0.34038132429122925 -0.42459407448768616 1.2509775161743164
v 0.35405105352401733 -0.38395169377326965 1.1290268898010254
v 0.38510841131210327 -0.3555822968482971 1.0623046159744263
v 0.4290717542171478 -0.34541410207748413 1.0391095876693726
v 0.4849725663661957 -0.3482230603694916 1.0212159156799316
v 0.5769219398498535 -0.37399640679359436 1.0832394361495972
v 0.7118209004402161 -0.4448460638523102 1.2500780820846558
v 0.8522186875343323 -0.4815981090068817 1.3385376930236816
v -0.6635141968727112 -0.3627602159976959 1.0829790830612183
v -0.5993713140487671 -0.355455219745636 1.0768405199050903
v -0.541475772857666 -0.3541285991668701 1.07388436794281
v -0.48430994153022766 -0.35184285044670105 1.0739825963974
v -0.4398960471153259 -0.3575020134449005 1.0891624689102173
v -0.387003093957901 -0.36078327894210815 1.0928338766098022
v -0.3370607793331146 -0.3614426851272583 1.1039965152740479
v -0.28770530223846436 -0.3643570840358734 1.1348391771316528
v -0.24141892790794373 -0.37973982095718384 1.1824926137924194
v -0.19025878608226776 -0.3750740885734558 1.1623637676239014
v -0.13751359283924103 -0.3716103732585907 1.160516619682312
v -0.08307209610939026 -0.3759041130542755 1.1581556797027588
v -0.021407390013337135 -0.3672431707382202 1.110451340675354
v 0.03795752301812172 -0.36494889855384827 1.1073752641677856
v 0.09473437815904617 -0.37406256794929504 1.1235859394073486
v 0.16390301287174225 -0.4045773148536682 1.2137811183929443
v 0.234007328748703 -0.4317561984062195 1.2763006687164307
v 0.2969963848590851 -0.4334617853164673 1.2914094924926758
v 0.3407837748527527 -0.4158574044704437 1.2367674112319946
v 0.3520958721637726 -0.3738201856613159 1.1081316471099854
v 0.387752890586853 -0.3481771945953369 1.0548611879348755
v 0.43150150775909424 -0.34050819277763367 1.0336084365844727
v 0.48906409740448 -0.3451148569583893 1.0188719034194946
v 0.5807986259460449 -0.37184634804725647 1.0836572647094727
v 0.7034419775009155 -0.43283307552337646 1.2214497327804565
v 0.8465304374694824 -0.47041675448417664 1.3070532083511353
v -0.6543322801589966 -0.35752302408218384 1.0802390575408936
v -0.5906175971031189 -0.35103240609169006 1.0731756687164307
v -0.5329312086105347 -0.34902432560920715 1.0709892511367798
v -0.4780631363391876 -0.3478255867958069 1.0729933977127075
v -0.4332767426967621 -0.3535495698451996 1.0848239660263062
v -0.38015660643577576 -0.35697633028030396 1.0914126634597778
v -0.3314613103866577 -0.35707515478134155 1.0994940996170044
v -0.28133782744407654 -0.3593484163284302 1.129860281944275
v -0.23395930230617523 -0.37227553129196167 1.1631933450698853
v -0.18315307796001434 -0.36662963032722473 1.1477986574172974
v -0.13177146017551422 -0.3679018020629883 1.1535472869873047
v -0.07690087705850601 -0.37092700600624084 1.147407054901123
v -0.015115839429199696 -0.3638698160648346 1.1073462963104248
v 0.04233887791633606 -0.3613540828227997 1.1025973558425903
v 0.10023777186870575 -0.372903048992157 1.126109004020691
v 0.1694951355457306 -0.4020950496196747 1.2133461236953735
v 0.2382107526063919 -0.425325870513916 1.2693533897399902
v 0.29957062005996704 -0.4265771508216858 1.2796251773834229
v 0.3407796621322632 -0.407543420791626 1.2236053943634033
v 0.35142219066619873 -0.3642885386943817 1.0904468297958374
v 0.390150249004364 -0.34137845039367676 1.047461986541748
v 0.4334290325641632 -0.33508414030075073 1.027811050415039
v 0.49284830689430237 -0.3423505425453186 1.01731276512146
v 0.5853012800216675 -0.3700992465019226 1.0843901634216309
v 0.6968637704849243 -0.42123857140541077 1.195521354675293
v 0.8378902673721313 -0.4535801112651825 1.253502607345581
v -0.6448322534561157 -0.3524632751941681 1.0763168334960938
v -0.5816850662231445 -0.3464808464050293 1.06894052028656
v -0.5243910551071167 -0.3441034257411957 1.0668843984603882
v -0.47170373797416687 -0.3439388871192932 1.0710155963897705
v -0.42640864849090576 -0.3494582772254944 1.0799702405929565
v -0.3736986219882965 -0.3534635603427887 1.0892468690872192
v -0.32597923278808594 -0.3530815541744232 1.0961289405822754
v -0.2752096951007843 -0.35616549849510193 1.1264595985412598
v -0.22716522216796875 -0.3668978214263916 1.1475714445114136
v -0.17729370296001434 -0.36187121272087097 1.1406347751617432
v -0.1260765790939331 -0.36485013365745544 1.1466341018676758
v -0.07103612273931503 -0.3661704659461975 1.1386947631835938
v -0.009137067943811417 -0.36100512742996216 1.1055774688720703
v 0.04684964567422867 -0.35753241181373596 1.0984952449798584
v 0.1058858335018158 -0.37156981229782104 1.130434274673462
v 0.17504996061325073 -0.40008944272994995 1.2138478755950928
v 0.24261067807674408 -0.4186689257621765 1.2631046772003174
v 0.30191802978515625 -0.4197068512439728 1.2680953741073608
v 0.3402903079986572 -0.3988209664821625 1.2079505920410156
v 0.35204556584358215 -0.35552000999450684 1.076171636581421
v 0.3924863636493683 -0.3348778784275055 1.0405652523040771
v 0.435253769159317 -0.3294190764427185 1.0216624736785889
v 0.496402382850647 -0.33988767862319946 1.0166181325912476
v 0.5894595384597778 -0.36842140555381775 1.0848921537399292
v 0.6930227279663086 -0.4104050099849701 1.1758238077163696
v 0.8297685980796814 -0.4375990331172943 1.2076343297958374
v -0.6356450319290161 -0.3475601375102997 1.0714207887649536
v -0.5730171799659729 -0.3417541980743408 1.0652037858963013
v -0.516537070274353 -0.33949336409568787 1.0618776082992554
v -0.465131938457489 -0.3397117555141449 1.0679481029510498
v -0.41918954253196716 -0.34559181332588196 1.0748974084854126
v -0.3673136234283447 -0.3496686518192291 1.08585786819458
v -0.3199607729911804 -0.3488481640815735 1.0929569005966187
v -0.26958587765693665 -0.35400715470314026 1.1237694025039673
v -0.2211049199104309 -0.36284127831459045 1.1354514360427856
v -0.17230124771595 -0.358806312084198 1.137266993522644
v -0.12027149647474289 -0.36167001724243164 1.1405035257339478
v -0.0654744878411293 -0.3618604242801666 1.1316113471984863
v -0.0033277440816164017 -0.35769879817962646 1.1030594110488892
v 0.0515064112842083 -0.3535129427909851 1.0950777530670166
v 0.11168189346790314 -0.3703671395778656 1.135757327079773
v 0.1807190179824829 -0.3978097140789032 1.21546471118927
v 0.247045636177063 -0.4119407534599304 1.2571239471435547
v 0.30444076657295227 -0.41335639357566833 1.2582154273986816
v 0.33859285712242126 -0.3892521560192108 1.1886777877807617
v 0.3535580337047577 -0.3474034070968628 1.0649528503417969
v 0.3948352336883545 -0.32870110869407654 1.0344401597976685
v 0.4372139573097229 -0.32394683361053467 1.0151903629302979
v 0.4999580383300781 -0.33730730414390564 1.015823245048523
v 0.5924943685531616 -0.3665539026260376 1.0828893184661865
v 0.691173791885376 -0.40032464265823364 1.1614608764648438
v -0.7030331492424011 -0.34027183055877686 1.038914680480957
v -0.6261030435562134 -0.3424925208091736 1.066469430923462
v -0.5645973086357117 -0.33692291378974915 1.0610265731811523
v -0.5090793371200562 -0.33504030108451843 1.0571606159210205
v -0.45822861790657043 -0.33514106273651123 1.0643525123596191
v -0.41196274757385254 -0.3419410288333893 1.0698264837265015
v -0.36055895686149597 -0.34543558955192566 1.082147479057312
v -0.313360333442688 -0.3447949290275574 1.0894410610198975
v -0.2640840709209442 -0.3528956472873688 1.1217595338821411
v -0.21514956653118134 -0.35910001397132874 1.1269445419311523
v -0.16738136112689972 -0.3568890690803528 1.1349244117736816
v -0.11418620496988297 -0.35866960883140564 1.1359119415283203
v -0.05994240939617157 -0.3584772050380707 1.1252350807189941
v 0.0025526941753923893 -0.35370349884033203 1.099381685256958
v 0.05606374144554138 -0.3495025634765625 1.0920418500900269
v 0.11749619245529175 -0.36962461471557617 1.1420820951461792
v 0.18632487952709198 -0.39508485794067383 1.218112587928772
v 0.2510626018047333 -0.4055732488632202 1.2510349750518799
v 0.30685704946517944 -0.4073655903339386 1.250108242034912
v 0.33554911613464355 -0.37879425287246704 1.1660902500152588
v 0.3557715117931366 -0.34001946449279785 1.0554969310760498
v 0.3970760405063629 -0.32292741537094116 1.0292787551879883
v 0.43908172845840454 -0.31904861330986023 1.008655309677124
v 0.5033200979232788 -0.334420770406723 1.0147186517715454
v 0.5947163105010986 -0.3643304109573364 1.0798150300979614
v 0.6907291412353516 -0.39196619391441345 1.1513749361038208
v -0.6783120036125183 -0.33798477053642273 1.0480064153671265
v -0.6168783903121948 -0.33734795451164246 1.061869740486145
v -0.5561261177062988 -0.33224374055862427 1.0566898584365845
v -0.5013291835784912 -0.3303910195827484 1.0535486936569214
v -0.4509877860546112 -0.33047688007354736 1.060933232307434
v -0.40481728315353394 -0.3382474482059479 1.0651321411132812
v -0.3535333275794983 -0.34050920605659485 1.0784183740615845
v -0.3068419396877289 -0.3406749665737152 1.0852547883987427
v -0.25853028893470764 -0.35139530897140503 1.1192870140075684
v -0.20946288108825684 -0.354737251996994 1.1213223934173584
v -0.16230808198451996 -0.3546580374240875 1.1313084363937378
v -0.10787355899810791 -0.35512804985046387 1.1321146488189697
v -0.05433308333158493 -0.35522669553756714 1.118863582611084
v 0.008405981585383415 -0.3486272692680359 1.0948795080184937
v 0.06064473092556 -0.3456556797027588 1.0888646841049194
v 0.12350913137197495 -0.3688392639160156 1.149748682975769
v 0.19180415570735931 -0.39124590158462524 1.2195777893066406
v 0.25507253408432007 -0.3997163772583008 1.2448742389678955
v 0.30926060676574707 -0.4011792540550232 1.2426831722259521
v 0.3317979872226715 -0.36787381768226624 1.141718864440918
v 0.35840797424316406 -0.3329726457595825 1.0471127033233643
v 0.3993157744407654 -0.3173564076423645 1.024191975593567
v 0.44122758507728577 -0.31460070610046387 1.0025757551193237
v 0.5063271522521973 -0.33101344108581543 1.0125155448913574
v 0.5962620973587036 -0.36109477281570435 1.0763264894485474
v 0.6900326013565063 -0.38437995314598083 1.1406421661376953
v -0.6658441424369812 -0.33379945158958435 1.04828941822052
v -0.6076465249061584 -0.33224669098854065 1.0569956302642822
v -0.5481704473495483 -0.32784920930862427 1.0521869659423828
v -0.4937486946582794 -0.3258155584335327 1.0504157543182373
v -0.44374752044677734 -0.3261638879776001 1.057497262954712
v -0.3977441191673279 -0.33441194891929626 1.0611240863800049
v -0.3464486598968506 -0.33538806438446045 1.0748326778411865
v -0.3006800711154938 -0.33684396743774414 1.0812807083129883
v -0.2527468800544739 -0.3486824035644531 1.1156845092773438
v -0.20406852662563324 -0.35036805272102356 1.1178498268127441
v -0.15678057074546814 -0.35185202956199646 1.1267130374908447
v -0.101512111723423 -0.3513476252555847 1.1283549070358276
v -0.048588212579488754 -0.3519274592399597 1.1132694482803345
v 0.014116358943283558 -0.3429328501224518 1.0908905267715454
v 0.06537605822086334 -0.3422250747680664 1.0859898328781128
v 0.1297144591808319 -0.36779555678367615 1.1575623750686646
v 0.1969815492630005 -0.38662150502204895 1.219482183456421
v 0.25912392139434814 -0.3944701552391052 1.2395988702774048
v 0.3113546669483185 -0.3945773243904114 1.235365867614746
v 0.32794633507728577 -0.3571385145187378 1.117623209953308
v 0.36139193177223206 -0.32604900002479553 1.0396437644958496
v 0.4012663662433624 -0.3120402693748474 1.0187556743621826
v 0.4435504674911499 -0.31063538789749146 0.9973164796829224
v 0.508976936340332 -0.3274298310279846 1.0094412565231323
v 0.5970938205718994 -0.35708293318748474 1.0731779336929321
v 0.6887980699539185 -0.3767528533935547 1.1272813081741333
v -0.6568241119384766 -0.3308883607387543 1.048073649406433
v -0.598524808883667 -0.327067106962204 1.0521812438964844
v -0.5404484272003174 -0.3234204649925232 1.0477745532989502
v -0.48617619276046753 -0.3211391866207123 1.0471651554107666
v -0.43689969182014465 -0.3221082389354706 1.0539857149124146
v -0.3906517028808594 -0.33059558272361755 1.0582252740859985
v -0.3395213186740875 -0.33040934801101685 1.0714360475540161
v -0.2945796251296997 -0.3333755135536194 1.0777056217193604
v -0.24673502147197723 -0.3446069657802582 1.1101940870285034
v -0.198795884847641 -0.34634363651275635 1.1141690015792847
v -0.15070055425167084 -0.3481673002243042 1.1222366094589233
v -0.09547574073076248 -0.34750163555145264 1.1245137453079224
v -0.04257960617542267 -0.34841641783714294 1.1085870265960693
v 0.01958991400897503 -0.3370867371559143 1.0870275497436523
v 0.07032009214162827 -0.33950382471084595 1.0840811729431152
v 0.13616943359375 -0.3660147786140442 1.1642674207687378
v 0.20204827189445496 -0.38173308968544006 1.21815025806427
v 0.2630670368671417 -0.38960355520248413 1.2348506450653076
v 0.3130508065223694 -0.38790008425712585 1.2277559041976929
v 0.32536396384239197 -0.3469476103782654 1.095676302909851
v 0.36430007219314575 -0.31938308477401733 1.0330389738082886
v 0.40330636501312256 -0.30695149302482605 1.0129199028015137
v 0.44626131653785706 -0.30687329173088074 0.9924671053886414
v 0.5120659470558167 -0.32375603914260864 1.00664222240448
v 0.5971120595932007 -0.3522476553916931 1.0688703060150146
v 0.6852969527244568 -0.3692115247249603 1.1101868152618408
v -0.6483244895935059 -0.32755231857299805 1.0464880466461182
v -0.5897939801216125 -0.32225877046585083 1.0476983785629272
v -0.5329134464263916 -0.31899407505989075 1.0435036420822144
v -0.4786306321620941 -0.3165167570114136 1.0440497398376465
v -0.4303183853626251 -0.3183852732181549 1.0501874685287476
v -0.3834199011325836 -0.3264233469963074 1.0555373430252075
v -0.3331695795059204 -0.3260505199432373 1.068260908126831
v -0.2884737551212311 -0.33027148246765137 1.0743993520736694
v -0.2407267838716507 -0.34010300040245056 1.1034142971038818
v -0.19360269606113434 -0.3427404761314392 1.1104494333267212
v -0.1442386507987976 -0.34401753544807434 1.1182595491409302
v -0.08983156830072403 -0.3437982201576233 1.120383381843567
v -0.03628880903124809 -0.3443514406681061 1.103531002998352
v 0.024791114032268524 -0.3316747546195984 1.0829073190689087
v 0.07552396506071091 -0.3373432457447052 1.0840119123458862
v 0.14282293617725372 -0.3637797236442566 1.169415831565857
v 0.20712396502494812 -0.37716734409332275 1.2159863710403442
v 0.2671104669570923 -0.3847027122974396 1.2299385070800781
v 0.31472325325012207 -0.3811497092247009 1.2188893556594849
v 0.32431548833847046 -0.33774736523628235 1.0767477750778198
v 0.36685511469841003 -0.31316858530044556 1.027580976486206
v 0.40550267696380615 -0.302190899848938 1.0073862075805664
v 0.4494323134422302 -0.3032918870449066 0.9880186915397644
v 0.5157305598258972 -0.32037222385406494 1.0051883459091187
v 0.5966982245445251 -0.34645044803619385 1.0619267225265503
v 0.6808499097824097 -0.3612242639064789 1.0908679962158203
v -0.6405121088027954 -0.32399362325668335 1.044474720954895
v -0.5816314220428467 -0.31802070140838623 1.0437463521957397
v -0.5250370502471924 -0.3147484362125397 1.039467692375183
v -0.47138482332229614 -0.3122480511665344 1.0412664413452148
v -0.4240038990974426 -0.3149513304233551 1.0469647645950317
v -0.37622299790382385 -0.3222064673900604 1.053409218788147
v -0.3272978663444519 -0.32224076986312866 1.065070390701294
v -0.2820228636264801 -0.3270089626312256 1.0710111856460571
v -0.23494574427604675 -0.3355034291744232 1.0969722270965576
v -0.18817058205604553 -0.3392050862312317 1.1069360971450806
v -0.13777150213718414 -0.339629203081131 1.1140055656433105
v -0.08439235389232635 -0.3405516743659973 1.11673903465271
v -0.02973846159875393 -0.3395763337612152 1.0978927612304688
v 0.02983505092561245 -0.3268015682697296 1.0783934593200684
v 0.08110149949789047 -0.335353285074234 1.0857511758804321
v 0.14954736828804016 -0.36122605204582214 1.173113465309143
v 0.21208707988262177 -0.3730766773223877 1.2136194705963135
v 0.2710011899471283 -0.37994149327278137 1.2252495288848877
v 0.3161248564720154 -0.37425497174263 1.2082802057266235
v 0.3251304030418396 -0.3291381895542145 1.0615335702896118
v 0.3693285584449768 -0.3073365092277527 1.0225980281829834
v 0.40794074535369873 -0.2975579500198364 1.001831293106079
v 0.4525781571865082 -0.2998596727848053 0.9836766719818115
v 0.5195958614349365 -0.31768348813056946 1.0058611631393433
v 0.5959200859069824 -0.3402516543865204 1.0533292293548584
v 0.6755936741828918 -0.35320568084716797 1.0704656839370728
v -0.6329322457313538 -0.32013314962387085 1.0425031185150146
v -0.5741909742355347 -0.31406280398368835 1.0402657985687256
v -0.5172573328018188 -0.3106200695037842 1.0359933376312256
v -0.46455034613609314 -0.3083031475543976 1.0387450456619263
v -0.4176284372806549 -0.31166785955429077 1.0439435243606567
v -0.3693428933620453 -0.3180396854877472 1.0513347387313843
v -0.3219524621963501 -0.3185586929321289 1.062253713607788
v -0.2754782438278198 -0.32349249720573425 1.0679746866226196
v -0.2293059080839157 -0.33102115988731384 1.091253638267517
v -0.18235281109809875 -0.33536821603775024 1.1038846969604492
v -0.13145887851715088 -0.3352116346359253 1.1096614599227905
v -0.07910502701997757 -0.33764371275901794 1.1142226457595825
v -0.023182787001132965 -0.3342900276184082 1.0920708179473877
v 0.034672364592552185 -0.3223514258861542 1.0744093656539917
v 0.08701466768980026 -0.3334127962589264 1.0896450281143188
v 0.15617071092128754 -0.35835742950439453 1.1761573553085327
v 0.2168259471654892 -0.3688405752182007 1.2106832265853882
v 0.27471211552619934 -0.3751707375049591 1.2205392122268677
v 0.31679508090019226 -0.3670540153980255 1.1961461305618286
v 0.32764187455177307 -0.32123830914497375 1.0503969192504883
v 0.37167757749557495 -0.3017910122871399 1.0176259279251099
v 0.4100825786590576 -0.2929152250289917 0.9960655570030212
v 0.4558955430984497 -0.2965531051158905 0.9794989228248596
v 0.5234829187393188 -0.31538522243499756 1.0072637796401978
v 0.5944381952285767 -0.333859920501709 1.0446590185165405
v 0.6714131832122803 -0.34412187337875366 1.045304775238037
v -0.6254940032958984 -0.3161340355873108 1.0405163764953613
v -0.5666396617889404 -0.3098684251308441 1.0367003679275513
v -0.5099081993103027 -0.30657556653022766 1.0330220460891724
v -0.45824095606803894 -0.3045889437198639 1.0361899137496948
v -0.4114012122154236 -0.3084504008293152 1.0415071249008179
v -0.3624415099620819 -0.3137754499912262 1.0496163368225098
v -0.31651246547698975 -0.3147728145122528 1.0597312450408936
v -0.26891031861305237 -0.31967681646347046 1.0648154020309448
v -0.22399726510047913 -0.3266749083995819 1.086214542388916
v -0.17629995942115784 -0.3313825726509094 1.1015605926513672
v -0.12536273896694183 -0.3309997320175171 1.1062349081039429
v -0.07371753454208374 -0.3348044455051422 1.1125390529632568
v -0.01659430004656315 -0.32876208424568176 1.0865131616592407
v 0.03932848945260048 -0.3184131681919098 1.071057915687561
v 0.09314998984336853 -0.3318288028240204 1.0960814952850342
v 0.16264532506465912 -0.35553625226020813 1.179101824760437
v 0.22153523564338684 -0.36439287662506104 1.2075551748275757
v 0.27857092022895813 -0.3705247938632965 1.2168503999710083
v 0.3166516125202179 -0.35886266827583313 1.181105375289917
v 0.3313254714012146 -0.31410929560661316 1.0418362617492676
v 0.3741084337234497 -0.2965192198753357 1.0126276016235352
v 0.4120748043060303 -0.2885536253452301 0.9902995824813843
v 0.4595547616481781 -0.2936217188835144 0.9754936695098877
v 0.52774977684021 -0.31317970156669617 1.0082982778549194
v 0.5935547351837158 -0.32762211561203003 1.0374809503555298
v 0.6747149229049683 -0.3343398869037628 1.0181025266647339
v -0.6182816028594971 -0.312238484621048 1.038647174835205
v -0.5588829517364502 -0.3056611120700836 1.0335694551467896
v -0.5028793811798096 -0.3027724623680115 1.0303280353546143
v -0.45214369893074036 -0.30102044343948364 1.0337743759155273
v -0.40529003739356995 -0.30538108944892883 1.0396661758422852
v -0.3558672070503235 -0.30959826707839966 1.0478315353393555
v -0.31105801463127136 -0.3109969198703766 1.0576266050338745
v -0.2627027630805969 -0.31574153900146484 1.061614751815796
v -0.2186821699142456 -0.32242920994758606 1.0828704833984375
v -0.1701480895280838 -0.327316552400589 1.0990018844604492
v -0.11963742971420288 -0.3271314203739166 1.103574514389038
v -0.06837253272533417 -0.33193349838256836 1.111615538597107
v -0.010273618623614311 -0.3232426047325134 1.0808197259902954
v 0.043783433735370636 -0.31488659977912903 1.067959189414978
v 0.09950888156890869 -0.33067774772644043 1.1053202152252197
v 0.1687946766614914 -0.3526974320411682 1.180904746055603
v 0.22646602988243103 -0.35988807678222656 1.2042827606201172
v 0.28241777420043945 -0.366184800863266 1.2148926258087158
v 0.3151763677597046 -0.34930282831192017 1.1627222299575806
v 0.33533334732055664 -0.30754539370536804 1.0342295169830322
v 0.37640073895454407 -0.29133862257003784 1.007428765296936
v 0.41418778896331787 -0.28440484404563904 0.9850733876228333
v 0.4636659324169159 -0.2910494804382324 0.9722952246665955
v 0.5317360162734985 -0.3105614185333252 1.0087426900863647
v 0.5935720205307007 -0.321591317653656 1.031417965888977
v 0.6826658248901367 -0.32670584321022034 1.0043879747390747
v -0.6113279461860657 -0.30832046270370483 1.0364413261413574
v -0.5513264536857605 -0.30146321654319763 1.0311949253082275
v -0.496131032705307 -0.2989737093448639 1.0282293558120728
v -0.44610875844955444 -0.2976343631744385 1.031946063041687
v -0.39921271800994873 -0.30252084136009216 1.0380778312683105
v -0.3494683504104614 -0.30557289719581604 1.0463080406188965
v -0.30574408173561096 -0.30752864480018616 1.0555739402770996
v -0.25688764452934265 -0.31187888979911804 1.058645486831665
v -0.2132253348827362 -0.31842851638793945 1.080752968788147
v -0.16399012506008148 -0.3234257102012634 1.0968927145004272
v -0.11408346891403198 -0.3237104117870331 1.1016740798950195
v -0.06294164806604385 -0.32902270555496216 1.1100209951400757
v -0.0040895347483456135 -0.3179193437099457 1.0755265951156616
v 0.048088062554597855 -0.3114394545555115 1.0654747486114502
v 0.10607273131608963 -0.3298351466655731 1.1166514158248901
v 0.1746993362903595 -0.3497345745563507 1.1816675662994385
v 0.23135267198085785 -0.3555631637573242 1.2016047239303589
v 0.28687524795532227 -0.3622244596481323 1.2136014699935913
v 0.31258824467658997 -0.3384406864643097 1.1415624618530273
v 0.3392350673675537 -0.3013586401939392 1.0275903940200806
v 0.378549188375473 -0.2863019108772278 1.0022597312927246
v 0.4165186285972595 -0.28034552931785583 0.9803939461708069
v 0.468021959066391 -0.28861182928085327 0.9702737927436829
v 0.5356517434120178 -0.3077566921710968 1.0091962814331055
v 0.5947453379631042 -0.316035658121109 1.026196837425232
v -0.6716247797012329 -0.30988219380378723 1.025917410850525
v -0.6043104529380798 -0.3043140470981598 1.0339970588684082
v -0.5441863536834717 -0.297379732131958 1.0293112993240356
v -0.48946821689605713 -0.2949962317943573 1.0263253450393677
v -0.44036126136779785 -0.29437217116355896 1.0306013822555542
v -0.39327582716941833 -0.2996673285961151 1.0368412733078003
v -0.34345757961273193 -0.3017079532146454 1.045702338218689
v -0.3006472885608673 -0.30442824959754944 1.0532783269882202
v -0.25145435333251953 -0.30797305703163147 1.0563554763793945
v -0.2077975869178772 -0.3146640956401825 1.079498291015625
v -0.15801700949668884 -0.3196236193180084 1.094864010810852
v -0.10886319726705551 -0.3205527067184448 1.1004959344863892
v -0.057532899081707 -0.32568880915641785 1.1074625253677368
v 0.0018811705522239208 -0.3126812279224396 1.0710965394973755
v 0.05234306678175926 -0.3078595995903015 1.0628900527954102
v 0.11287452280521393 -0.3290551006793976 1.1281949281692505
v 0.18022368848323822 -0.34643855690956116 1.1818546056747437
v 0.23632284998893738 -0.3514247238636017 1.1995649337768555
v 0.2911868095397949 -0.3582766056060791 1.2115651369094849
v 0.3091011345386505 -0.3271619379520416 1.119681477546692
v 0.3429166078567505 -0.29557299613952637 1.0213543176651
v 0.38076719641685486 -0.281696081161499 0.9971632957458496
v 0.41900500655174255 -0.27650120854377747 0.9760557413101196
v 0.4725582003593445 -0.2860921025276184 0.9696515202522278
v 0.5397992134094238 -0.30476799607276917 1.0099915266036987
v 0.5970510840415955 -0.3106424808502197 1.0218185186386108
v -0.656861424446106 -0.3074018359184265 1.0282976627349854
v -0.5972961187362671 -0.30021387338638306 1.0320311784744263
v -0.537409782409668 -0.29381850361824036 1.0276315212249756
v -0.48311498761177063 -0.29122745990753174 1.0246661901474
v -0.43478846549987793 -0.29136279225349426 1.0296708345413208
v -0.3873263895511627 -0.2967798709869385 1.0356595516204834
v -0.3378656208515167 -0.29799383878707886 1.0458085536956787
v -0.2953028082847595 -0.3012511432170868 1.051271915435791
v -0.24620133638381958 -0.30421850085258484 1.0556528568267822
v -0.20225930213928223 -0.31136354804039 1.0783982276916504
v -0.15224598348140717 -0.315897673368454 1.0932695865631104
v -0.1038491502404213 -0.3175053000450134 1.0995761156082153
v -0.05206496641039848 -0.32182228565216064 1.1040023565292358
v 0.007422118913382292 -0.30750542879104614 1.067563772201538
v 0.05673666298389435 -0.3044264614582062 1.0602418184280396
v 0.11978042125701904 -0.32808423042297363 1.137734293937683
v 0.18535909056663513 -0.3430453836917877 1.1819205284118652
v 0.24154800176620483 -0.3477073311805725 1.1976146697998047
v 0.2951602637767792 -0.3541589677333832 1.2082880735397339
v 0.305658757686615 -0.31602373719215393 1.097217082977295
v 0.3464164137840271 -0.29020750522613525 1.0156844854354858
v 0.383206844329834 -0.27736902236938477 0.992322564125061
v 0.42175790667533875 -0.2729429006576538 0.9719693064689636
v 0.4784049987792969 -0.28394514322280884 0.9719294309616089
v 0.5440261363983154 -0.30147290229797363 1.0103729963302612
v 0.6003087759017944 -0.3052694797515869 1.0175657272338867
v -0.6480931639671326 -0.3034854233264923 1.0289117097854614
v -0.5903376340866089 -0.2962045669555664 1.0300441980361938
v -0.5314221382141113 -0.2907610833644867 1.026473045349121
v -0.4771912097930908 -0.28791457414627075 1.023250937461853
v -0.42963138222694397 -0.2887408137321472 1.0291023254394531
v -0.3814217746257782 -0.2939070761203766 1.034943699836731
v -0.3326834738254547 -0.2947002947330475 1.0466043949127197
v -0.28971725702285767 -0.29795897006988525 1.0493518114089966
v -0.24118199944496155 -0.3006625175476074 1.0554609298706055
v -0.19654612243175507 -0.30810442566871643 1.0769613981246948
v -0.14659391343593597 -0.31227147579193115 1.0922930240631104
v -0.09877108782529831 -0.31451454758644104 1.0983904600143433
v -0.046496909111738205 -0.31788527965545654 1.0999473333358765
v 0.012617958709597588 -0.3025611937046051 1.0648796558380127
v 0.061564743518829346 -0.3013725280761719 1.0584875345230103
v 0.12657438218593597 -0.3266770839691162 1.1446412801742554
v 0.190383642911911 -0.33972111344337463 1.1820521354675293
v 0.2468661516904831 -0.3444117605686188 1.195529580116272
v 0.29931339621543884 -0.34992849826812744 1.2051845788955688
v 0.30426034331321716 -0.30615320801734924 1.075276255607605
v 0.34981846809387207 -0.2852681279182434 1.010677695274353
v 0.38581570982933044 -0.27315083146095276 0.9878292083740234
v 0.4251175820827484 -0.26958373188972473 0.9681428670883179
v 0.4861377775669098 -0.28289735317230225 0.9781524538993835
v 0.5484055280685425 -0.2982211410999298 1.0102218389511108
v 0.6056092381477356 -0.30108410120010376 1.014877438545227
v -0.6415737867355347 -0.30081090331077576 1.0295149087905884
v -0.5837138891220093 -0.2926627993583679 1.028394103050232
v -0.5256446599960327 -0.2877298891544342 1.0253692865371704
v -0.4716257154941559 -0.2848609983921051 1.0220820903778076
v -0.4247102439403534 -0.28630396723747253 1.028686285018921
v -0.3756147623062134 -0.29092878103256226 1.034918189048767
v -0.3277616500854492 -0.2917211949825287 1.0473552942276
v -0.28423765301704407 -0.2948494255542755 1.047785758972168
v -0.23633165657520294 -0.29736047983169556 1.0557501316070557
v -0.19077320396900177 -0.3047775328159332 1.075657844543457
v -0.1411295235157013 -0.30856242775917053 1.0916998386383057
v -0.09353235363960266 -0.311444491147995 1.0973745584487915
v -0.040893372148275375 -0.3136817514896393 1.0957701206207275
v 0.017463721334934235 -0.29786020517349243 1.0624935626983643
v 0.06671542674303055 -0.2990395426750183 1.0585556030273438
v 0.13334205746650696 -0.3248763084411621 1.1498477458953857
v 0.19556550681591034 -0.3363853096961975 1.1820074319839478
v 0.2518117427825928 -0.3413468599319458 1.1941173076629639
v 0.3033168613910675 -0.345375120639801 1.2023966312408447
v 0.3052736222743988 -0.297794908285141 1.0580682754516602
v 0.3527979850769043 -0.2806968092918396 1.006361484527588
v 0.3885785639286041 -0.2691941261291504 0.983605146408081
v 0.4288140535354614 -0.266345739364624 0.9644424319267273
v 0.49472475051879883 -0.28260692954063416 0.9865428805351257
v 0.5522841215133667 -0.2949627935886383 1.009153127670288
v 0.6111847162246704 -0.29789990186691284 1.0124866962432861
v -0.6365998983383179 -0.2977478802204132 1.0299831628799438
v -0.5773234367370605 -0.28903207182884216 1.0268497467041016
v -0.5200298428535461 -0.2847360372543335 1.0243878364562988
v -0.46648454666137695 -0.28197985887527466 1.0216459035873413
v -0.41994407773017883 -0.2839801609516144 1.0286824703216553
v -0.37024152278900146 -0.2878980338573456 1.0354164838790894
v -0.32328110933303833 -0.28898775577545166 1.0479720830917358
v -0.2788684070110321 -0.29182669520378113 1.0463554859161377
v -0.23140336573123932 -0.29404494166374207 1.055527925491333
v -0.18517804145812988 -0.3016365170478821 1.0749369859695435
v -0.13599058985710144 -0.30473482608795166 1.0913218259811401
v -0.08825330436229706 -0.3084346354007721 1.0973165035247803
v -0.03529982641339302 -0.30889907479286194 1.0914533138275146
v 0.022071557119488716 -0.29310673475265503 1.0598812103271484
v 0.07213766127824783 -0.29739877581596375 1.0622766017913818
v 0.1400633454322815 -0.32288381457328796 1.154337763786316
v 0.20085731148719788 -0.33312535285949707 1.1820131540298462
v 0.25658223032951355 -0.338528573513031 1.1946994066238403
v 0.3068608343601227 -0.3405380845069885 1.1984862089157104
v 0.3081938326358795 -0.2903967797756195 1.0457723140716553
v 0.35573825240135193 -0.27633142471313477 1.0022207498550415
v 0.39161616563796997 -0.2655189335346222 0.9799368381500244
v 0.433035284280777 -0.2634439766407013 0.9611636996269226
v 0.5018922686576843 -0.28238797187805176 0.9918184280395508
v 0.5557712316513062 -0.2915540337562561 1.0074982643127441
v 0.6176291704177856 -0.29505258798599243 1.0081733465194702
v -0.6315422058105469 -0.29458293318748474 1.0300006866455078
v -0.5708191394805908 -0.285536527633667 1.025528073310852
v -0.5142708420753479 -0.28193220496177673 1.0232727527618408
v -0.46144524216651917 -0.27930861711502075 1.0215100049972534
v -0.41517847776412964 -0.28172874450683594 1.0289649963378906
v -0.3650403618812561 -0.28477898240089417 1.0363973379135132
v -0.31900647282600403 -0.28645673394203186 1.048298716545105
v -0.27329277992248535 -0.28852611780166626 1.045227289199829
v -0.2264515906572342 -0.29053768515586853 1.0551719665527344
v -0.17964030802249908 -0.2984757721424103 1.0744458436965942
v -0.13082782924175262 -0.30078625679016113 1.090522050857544
v -0.08327538520097733 -0.30584120750427246 1.099227786064148
v -0.02952190302312374 -0.303576797246933 1.08750581741333
v 0.026411104947328568 -0.28836676478385925 1.0573053359985352
v 0.07776586711406708 -0.2962377667427063 1.070212960243225
v 0.14673945307731628 -0.3207007646560669 1.1582350730895996
v 0.20620402693748474 -0.32999518513679504 1.1824207305908203
v 0.26203832030296326 -0.3360283076763153 1.197103500366211
v 0.30994728207588196 -0.33540207147598267 1.1929863691329956
v 0.3115488290786743 -0.2837478816509247 1.036734938621521
v 0.3585573136806488 -0.2719816565513611 0.9984745979309082
v 0.3948306441307068 -0.2620166540145874 0.97660893201828
v 0.438536673784256 -0.26135727763175964 0.9598761796951294
v 0.5069595575332642 -0.2815919816493988 0.9937282204627991
v 0.5589901208877563 -0.2879195809364319 1.0058298110961914
v 0.6241261959075928 -0.2923475503921509 0.9994944930076599
v -0.6263719797134399 -0.291035532951355 1.029941439628601
v -0.5647498369216919 -0.28219884634017944 1.0251104831695557
v -0.5086289644241333 -0.27912503480911255 1.0223629474639893
v -0.45665913820266724 -0.2769986391067505 1.0215439796447754
v -0.41044384241104126 -0.2795102894306183 1.0296040773391724
v -0.35992226004600525 -0.2816135883331299 1.0377485752105713
v -0.3149034380912781 -0.28408318758010864 1.0478506088256836
v -0.2674480676651001 -0.284930557012558 1.0443196296691895
v -0.22161351144313812 -0.2872301936149597 1.0546642541885376
v -0.17403170466423035 -0.2952510416507721 1.0744916200637817
v -0.1257801353931427 -0.29704412817955017 1.0893888473510742
v -0.0782623291015625 -0.3036830723285675 1.1029107570648193
v -0.023709341883659363 -0.29790058732032776 1.0840657949447632
v 0.03052452765405178 -0.2837124764919281 1.0550756454467773
v 0.08371470868587494 -0.29551804065704346 1.0821425914764404
v 0.15317054092884064 -0.3184278905391693 1.1617363691329956
v 0.21171315014362335 -0.32686847448349 1.183467149734497
v 0.26848775148391724 -0.33394598960876465 1.2023969888687134
v 0.3126769959926605 -0.32956433296203613 1.186652421951294
v 0.3156762421131134 -0.27815359830856323 1.0301679372787476
v 0.36136117577552795 -0.2677239775657654 0.9952062964439392
v 0.39798665046691895 -0.2585885524749756 0.9737392663955688
v 0.4450717866420746 -0.26038575172424316 0.9628390669822693
v 0.512017011642456 -0.2799240052700043 0.9943735003471375
v 0.5624281167984009 -0.2841521203517914 1.004372477531433
v 0.632335901260376 -0.28967252373695374 0.9874703288078308
v -0.6207584142684937 -0.2878275215625763 1.0293240547180176
v -0.5590832829475403 -0.2791103422641754 1.0251917839050293
v -0.5030326843261719 -0.276375412940979 1.0218696594238281
v -0.45213034749031067 -0.27471378445625305 1.0219578742980957
v -0.40548354387283325 -0.2771416902542114 1.0304994583129883
v -0.3546038269996643 -0.27857935428619385 1.0389742851257324
v -0.3107210397720337 -0.2816813588142395 1.0473172664642334
v -0.26169806718826294 -0.2812331020832062 1.0430289506912231
v -0.21657805144786835 -0.2840047776699066 1.0532567501068115
v -0.16828671097755432 -0.2917073965072632 1.0750212669372559
v -0.1208328902721405 -0.29353564977645874 1.0881872177124023
v -0.07298917323350906 -0.3012810945510864 1.1065465211868286
v -0.01799340546131134 -0.2921515107154846 1.0804946422576904
v 0.03459085151553154 -0.27918580174446106 1.0528514385223389
v 0.0899239331483841 -0.2949381172657013 1.0955095291137695
v 0.15923236310482025 -0.31602203845977783 1.164636492729187
v 0.21715162694454193 -0.3235742449760437 1.184712290763855
v 0.2753932774066925 -0.33213162422180176 1.2098925113677979
v 0.3150451183319092 -0.32264626026153564 1.1797606945037842
v 0.32058820128440857 -0.2733677923679352 1.025233268737793
v 0.3643853962421417 -0.2636514902114868 0.9918440580368042
v 0.40126192569732666 -0.2553267478942871 0.9711301326751709
v 0.45183640718460083 -0.2596008777618408 0.9652566909790039
v 0.5170983076095581 -0.27781426906585693 0.9942424893379211
v 0.5666259527206421 -0.2804042100906372 1.0025920867919922
v 0.6455891132354736 -0.2861365079879761 0.9749406576156616
v -0.6150186657905579 -0.2846788763999939 1.0285894870758057
v -0.5533080101013184 -0.27608177065849304 1.0256584882736206
v -0.49780598282814026 -0.27368709444999695 1.02202570438385
v -0.4475679397583008 -0.27244046330451965 1.0224995613098145
v -0.40045616030693054 -0.2747136354446411 1.0316104888916016
v -0.349223792552948 -0.27600857615470886 1.0394809246063232
v -0.30625924468040466 -0.2789064049720764 1.0468212366104126
v -0.2562018036842346 -0.2778131067752838 1.041776180267334
v -0.21128861606121063 -0.28073325753211975 1.0511837005615234
v -0.16258913278579712 -0.2880252003669739 1.0754570960998535
v -0.11609265953302383 -0.29012054204940796 1.0876543521881104
v -0.06768558919429779 -0.2981317341327667 1.1086941957473755
v -0.012377990409731865 -0.2864078879356384 1.0765708684921265
v 0.038656920194625854 -0.274679571390152 1.0506941080093384
v 0.0961536392569542 -0.2941238284111023 1.1076178550720215
v 0.16495101153850555 -0.3134467601776123 1.1673099994659424
v 0.22242924571037292 -0.32024380564689636 1.1861392259597778
v 0.2825959622859955 -0.33034181594848633 1.2159124612808228
v 0.3168134093284607 -0.31498444080352783 1.1722294092178345
v 0.325819194316864 -0.26905086636543274 1.0211544036865234
v 0.3674517273902893 -0.2597307562828064 0.988801121711731
v 0.40488526225090027 -0.25223463773727417 0.9686943292617798
v 0.4586127996444702 -0.258437842130661 0.9646039009094238
v 0.5222067832946777 -0.2755747139453888 0.9940191507339478
v 0.5714894533157349 -0.2769871950149536 1.0003970861434937
v 0.6609253883361816 -0.2825268507003784 0.9749277234077454
v -0.6091020703315735 -0.2814556360244751 1.0273115634918213
v -0.5473191738128662 -0.2729564905166626 1.0260857343673706
v -0.49291369318962097 -0.2709554135799408 1.0228517055511475
v -0.44275814294815063 -0.27016374468803406 1.0230956077575684
v -0.3953118920326233 -0.27234265208244324 1.0327222347259521
v -0.34420979022979736 -0.27343258261680603 1.0396473407745361
v -0.30181288719177246 -0.2760016918182373 1.0458736419677734
v -0.2510230839252472 -0.2745407223701477 1.040617823600769
v -0.20591309666633606 -0.277243971824646 1.049654483795166
v -0.15702222287654877 -0.28443238139152527 1.0754462480545044
v -0.11150743067264557 -0.2867550551891327 1.0879119634628296
v -0.0623319111764431 -0.29404416680336 1.1090373992919922
v -0.006887050811201334 -0.2806345522403717 1.072636604309082
v 0.042797040194272995 -0.2699759900569916 1.048677682876587
v 0.10224423557519913 -0.2927994430065155 1.1175682544708252
v 0.1703418344259262 -0.31056657433509827 1.1694495677947998
v 0.22770650684833527 -0.31683623790740967 1.1875324249267578
v 0.2892644703388214 -0.32846465706825256 1.2197256088256836
v 0.31845226883888245 -0.3072519600391388 1.1639113426208496
v 0.33105963468551636 -0.2649690508842468 1.0172865390777588
v 0.37063825130462646 -0.2558685839176178 0.9860616326332092
v 0.40899062156677246 -0.24924805760383606 0.9668344855308533
v 0.46547412872314453 -0.25715988874435425 0.9653455018997192
v 0.5273392200469971 -0.27325522899627686 0.9940202236175537
v 0.5772441625595093 -0.27420318126678467 0.9974746108055115
v -0.6756072044372559 -0.2865227162837982 1.0242412090301514
v -0.6025591492652893 -0.27782630920410156 1.0254536867141724
v -0.5415589809417725 -0.26979613304138184 1.0256775617599487
v -0.48831212520599365 -0.2683379352092743 1.0236276388168335
v -0.4381731450557709 -0.2677538990974426 1.0238574743270874
v -0.3900785446166992 -0.26996907591819763 1.0337867736816406
v -0.3397247791290283 -0.2708195745944977 1.0402809381484985
v -0.2972034513950348 -0.2730773687362671 1.0443596839904785
v -0.24596647918224335 -0.2711869776248932 1.0396296977996826
v -0.20023563504219055 -0.2737159729003906 1.0484414100646973
v -0.15156018733978271 -0.2806769013404846 1.074762225151062
v -0.10681939125061035 -0.2830841839313507 1.088269591331482
v -0.05694793537259102 -0.2894018590450287 1.1078319549560547
v -0.0017942378763109446 -0.2745734751224518 1.0686142444610596
v 0.04717344045639038 -0.26500803232192993 1.0470315217971802
v 0.10812810063362122 -0.29088276624679565 1.1250574588775635
v 0.1753547340631485 -0.30714869499206543 1.1703646183013916
v 0.2331480085849762 -0.3132948875427246 1.1879196166992188
v 0.2948665916919708 -0.3261304199695587 1.222190022468567
v 0.31877949833869934 -0.2990560829639435 1.152392864227295
v 0.3363783657550812 -0.26107221841812134 1.0140209197998047
v 0.37383130192756653 -0.2520360052585602 0.98328697681427
v 0.4134550094604492 -0.2463311403989792 0.9654474258422852
v 0.47353726625442505 -0.2563837766647339 0.9706421494483948
v 0.5327990055084229 -0.27060452103614807 0.994437575340271
v 0.5830786228179932 -0.2715805768966675 0.9925621151924133
v -0.6603496670722961 -0.28181570768356323 1.0188225507736206
v -0.595220685005188 -0.27398496866226196 1.0237942934036255
v -0.5354886651039124 -0.2667100131511688 1.0248007774353027
v -0.48344653844833374 -0.2657519578933716 1.023667573928833
v -0.43361926078796387 -0.2652667462825775 1.024398684501648
v -0.384764164686203 -0.2675003111362457 1.03486168384552
v -0.3355776071548462 -0.26840776205062866 1.0416533946990967
v -0.2920979857444763 -0.27004918456077576 1.0427451133728027
v -0.24092936515808105 -0.26772192120552063 1.039363145828247
v -0.19456347823143005 -0.2704871594905853 1.0478190183639526
v -0.14634525775909424 -0.27667897939682007 1.073638677597046
v -0.10195093601942062 -0.27927589416503906 1.0890287160873413
v -0.051457375288009644 -0.28472474217414856 1.1060198545455933
v 0.002692235866561532 -0.2684614956378937 1.0644810199737549
v 0.051735736429691315 -0.26012903451919556 1.0466153621673584
v 0.11410898715257645 -0.2887565493583679 1.1312733888626099
v 0.18007445335388184 -0.30341657996177673 1.170198678970337
v 0.23865126073360443 -0.31005895137786865 1.1883126497268677
v 0.2999417185783386 -0.32336121797561646 1.224260926246643
v 0.3173641264438629 -0.290174663066864 1.1361284255981445
v 0.34106966853141785 -0.25698384642601013 1.0101301670074463
v 0.3771354556083679 -0.2484235316514969 0.9802931547164917
v 0.41810673475265503 -0.2433314025402069 0.9643540382385254
v 0.48136869072914124 -0.25593772530555725 0.9790001511573792
v 0.5380463004112244 -0.2677294611930847 0.9954342842102051
v 0.5878078937530518 -0.2683805525302887 0.9853365421295166
v -0.6499011516571045 -0.2778949439525604 1.0165013074874878
v -0.5879614949226379 -0.27024397253990173 1.0221967697143555
v -0.5294162034988403 -0.2638471722602844 1.0236080884933472
v -0.4784625470638275 -0.2630996108055115 1.0240883827209473
v -0.4291078448295593 -0.26292791962623596 1.0250662565231323
v -0.37938541173934937 -0.264885812997818 1.0357335805892944
v -0.3317837715148926 -0.26618239283561707 1.0433135032653809
v -0.2863944172859192 -0.26682722568511963 1.0411714315414429
v -0.23591646552085876 -0.2640485167503357 1.0391566753387451
v -0.18891313672065735 -0.26740533113479614 1.0473809242248535
v -0.14123523235321045 -0.2724494934082031 1.0721435546875
v -0.09693491458892822 -0.2756279706954956 1.0903655290603638
v -0.04602546989917755 -0.27978286147117615 1.1032376289367676
v 0.006757684983313084 -0.262407124042511 1.0606980323791504
v 0.056677088141441345 -0.2558179795742035 1.0488712787628174
v 0.12034236639738083 -0.2861314117908478 1.1367777585983276
v 0.1849333941936493 -0.2996256351470947 1.1691724061965942
v 0.24452568590641022 -0.3072027266025543 1.189867615699768
v 0.3049268424510956 -0.31956812739372253 1.2251334190368652
v 0.3157811164855957 -0.28114742040634155 1.1186455488204956
v 0.34449225664138794 -0.2524941563606262 1.005476474761963
v 0.3803121745586395 -0.24491247534751892 0.9770928621292114
v 0.42265644669532776 -0.24030262231826782 0.9628568291664124
v 0.48787006735801697 -0.2554462254047394 0.9827436208724976
v 0.5432343482971191 -0.26488274335861206 0.996780276298523
v 0.5921922922134399 -0.26489365100860596 0.9776320457458496
v -0.6432129144668579 -0.275434285402298 1.0159282684326172
v -0.5812410116195679 -0.26674896478652954 1.0209567546844482
v -0.5235474109649658 -0.26092296838760376 1.0220752954483032
v -0.47385501861572266 -0.2604656219482422 1.0247381925582886
v -0.42456305027008057 -0.26065778732299805 1.0261059999465942
v -0.374036580324173 -0.2621557414531708 1.0366183519363403
v -0.32791274785995483 -0.2638251483440399 1.044817328453064
v -0.2807219326496124 -0.2633061408996582 1.03950834274292
v -0.23094652593135834 -0.2602526545524597 1.039262056350708
v -0.1831798553466797 -0.26427149772644043 1.0473511219024658
v -0.13645106554031372 -0.26800814270973206 1.071097731590271
v -0.09181035310029984 -0.27208685874938965 1.0928304195404053
v -0.040767766535282135 -0.2741564214229584 1.0996445417404175
v 0.01063176617026329 -0.25638872385025024 1.057119607925415
v 0.06175755709409714 -0.2525825500488281 1.0543208122253418
v 0.12662513554096222 -0.2830430567264557 1.1418659687042236
v 0.18961341679096222 -0.29559093713760376 1.1677089929580688
v 0.2503132224082947 -0.3044702112674713 1.1930468082427979
v 0.3092351257801056 -0.31487640738487244 1.2254260778427124
v 0.3161153197288513 -0.27229881286621094 1.1039115190505981
v 0.34756752848625183 -0.24790780246257782 1.000914216041565
v 0.383370041847229 -0.2410370260477066 0.9739829301834106
v 0.42676159739494324 -0.23755548894405365 0.9615934491157532
v 0.4921029508113861 -0.2539229691028595 0.9801954030990601
v 0.5480359196662903 -0.2617359161376953 0.9973223209381104
v 0.5969889163970947 -0.2609346807003021 0.9708818793296814
v -0.6387059688568115 -0.2724743187427521 1.0189334154129028
v -0.5750046968460083 -0.26360073685646057 1.0204918384552002
v -0.5179349184036255 -0.25807979702949524 1.020869255065918
v -0.4692341089248657 -0.25802597403526306 1.0252034664154053
v -0.41976016759872437 -0.258278489112854 1.0273034572601318
v -0.3688417971134186 -0.2593490779399872 1.037705898284912
v -0.3237430155277252 -0.2610968053340912 1.045250415802002
v -0.2750234603881836 -0.2594187557697296 1.0378550291061401
v -0.22600141167640686 -0.25645625591278076 1.039097785949707
v -0.17781712114810944 -0.26093295216560364 1.0478668212890625
v -0.13200664520263672 -0.2634923756122589 1.0703290700912476
v -0.08694664388895035 -0.2686366140842438 1.0960886478424072
v -0.035953588783741 -0.26749393343925476 1.0952497720718384
v 0.014424635097384453 -0.25016582012176514 1.053228497505188
v 0.06687986105680466 -0.25022774934768677 1.0619698762893677
v 0.13274385035037994 -0.2794820964336395 1.1461857557296753
v 0.19420312345027924 -0.29141920804977417 1.1666367053985596
v 0.25599101185798645 -0.30165913701057434 1.1971662044525146
v 0.3128892779350281 -0.3098214566707611 1.2249528169631958
v 0.31804075837135315 -0.264004111289978 1.0908927917480469
v 0.3503362238407135 -0.24313759803771973 0.9965012669563293
v 0.38599643111228943 -0.23670656979084015 0.970974326133728
v 0.43165576457977295 -0.2357611209154129 0.9634049534797668
v 0.49557483196258545 -0.25133007764816284 0.9766130447387695
v 0.5521879196166992 -0.25793033838272095 0.9962232112884521
v 0.6057602167129517 -0.2568075656890869 0.9694327712059021
v -0.6338187456130981 -0.2692142724990845 1.0200616121292114
v -0.5692101716995239 -0.260268896818161 1.0202547311782837
v -0.5126018524169922 -0.25540998578071594 1.0205004215240479
v -0.46450290083885193 -0.25564706325531006 1.0256403684616089
v -0.4147430956363678 -0.25591468811035156 1.0284144878387451
v -0.36373046040534973 -0.25658389925956726 1.038578748703003
v -0.31990790367126465 -0.25811442732810974 1.0449638366699219
v -0.26936057209968567 -0.25541824102401733 1.0364091396331787
v -0.22111187875270844 -0.25265753269195557 1.0389866828918457
v -0.17284880578517914 -0.2569575905799866 1.0488578081130981
v -0.1278103142976761 -0.2588975131511688 1.0694983005523682
v -0.08235243707895279 -0.2650706470012665 1.0990984439849854
v -0.03143918886780739 -0.2599524259567261 1.089919090270996
v 0.018458429723978043 -0.2434106022119522 1.048882007598877
v 0.07210948318243027 -0.24809147417545319 1.0713578462600708
v 0.13868598639965057 -0.2757354974746704 1.1495462656021118
v 0.19900156557559967 -0.28741776943206787 1.166185975074768
v 0.2616097927093506 -0.2989619970321655 1.20098876953125
v 0.3166636824607849 -0.3047366142272949 1.2225916385650635
v 0.32022160291671753 -0.25625351071357727 1.077009677886963
v 0.3528943359851837 -0.2380824238061905 0.9916161298751831
v 0.38882336020469666 -0.2326444685459137 0.9682356715202332
v 0.4367116391658783 -0.23440644145011902 0.9663608074188232
v 0.49976128339767456 -0.2481551468372345 0.9730108380317688
v 0.5560081005096436 -0.25356000661849976 0.992952287197113
v 0.6186074018478394 -0.2538301944732666 0.9724726676940918
v -0.6289716958999634 -0.26624903082847595 1.0204826593399048
v -0.5639142394065857 -0.2569248676300049 1.0205612182617188
v -0.5075686573982239 -0.2528306245803833 1.021052598953247
v -0.4598403573036194 -0.2530316114425659 1.0262930393218994
v -0.40975961089134216 -0.2534659802913666 1.0293704271316528
v -0.3591102957725525 -0.2540094256401062 1.0396021604537964
v -0.3155350089073181 -0.25483790040016174 1.0439244508743286
v -0.26379770040512085 -0.25118663907051086 1.0345525741577148
v -0.21621201932430267 -0.2487088143825531 1.0384294986724854
v -0.16787557303905487 -0.2524794936180115 1.048706293106079
v -0.12347134947776794 -0.2541193962097168 1.0688796043395996
v -0.07761010527610779 -0.2609158158302307 1.1004551649093628
v -0.026761295273900032 -0.2522726058959961 1.0841304063796997
v 0.023059627041220665 -0.2363540083169937 1.0450772047042847
v 0.07760094851255417 -0.24612008035182953 1.0818045139312744
v 0.14428865909576416 -0.2719213366508484 1.1519174575805664
v 0.2043183445930481 -0.2834438979625702 1.1664551496505737
v 0.26695385575294495 -0.29592251777648926 1.2042813301086426
v 0.3204841911792755 -0.30000051856040955 1.2186752557754517
v 0.32158422470092773 -0.24843981862068176 1.0620501041412354
v 0.3550509512424469 -0.2327681928873062 0.9859129190444946
v 0.39243006706237793 -0.22907419502735138 0.9662075042724609
v 0.4418350160121918 -0.23259872198104858 0.9686704874038696
v 0.5047064423561096 -0.24425895512104034 0.9707847237586975
v 0.5590778589248657 -0.2483014166355133 0.9872785806655884
v 0.6342610120773315 -0.25187885761260986 0.9745479822158813
v -0.6245565414428711 -0.26295584440231323 1.0208687782287598
v -0.558738112449646 -0.2538854777812958 1.0212681293487549
v -0.5028659105300903 -0.25050100684165955 1.0224639177322388
v -0.4551418125629425 -0.25027593970298767 1.0270147323608398
v -0.4047544300556183 -0.2510380446910858 1.0302835702896118
v -0.3547612428665161 -0.25149786472320557 1.0406160354614258
v -0.310789555311203 -0.25122636556625366 1.0420914888381958
v -0.2584126889705658 -0.24655139446258545 1.0325456857681274
v -0.21140293776988983 -0.24454504251480103 1.0378695726394653
v -0.16309408843517303 -0.24762976169586182 1.0478678941726685
v -0.11915943771600723 -0.2494746297597885 1.0693995952606201
v -0.07281988859176636 -0.25580430030822754 1.100746989250183
v -0.022048138082027435 -0.2451767772436142 1.0789703130722046
v 0.028040122240781784 -0.22932729125022888 1.0434000492095947
v 0.08323312550783157 -0.2441244274377823 1.091789960861206
v 0.14959020912647247 -0.26841723918914795 1.1533074378967285
v 0.2100931853055954 -0.2794759273529053 1.1676180362701416
v 0.27237579226493835 -0.2927839457988739 1.207133173942566
v 0.32409754395484924 -0.2953948974609375 1.2139300107955933
v 0.32361942529678345 -0.2412065714597702 1.0492023229599
v 0.35773327946662903 -0.2278738170862198 0.9804781079292297
v 0.3966154456138611 -0.22584249079227448 0.9656225442886353
v 0.4469946026802063 -0.23093466460704803 0.9685461521148682
v 0.5097092986106873 -0.23993119597434998 0.9697153568267822
v 0.5613318085670471 -0.24216990172863007 0.9792989492416382
v 0.6538965702056885 -0.24939297139644623 0.9783561825752258
v -0.6196348667144775 -0.2592005729675293 1.0210237503051758
v -0.5536033511161804 -0.2509186565876007 1.0220143795013428
v -0.4985581338405609 -0.24838808178901672 1.0243293046951294
v -0.4502316415309906 -0.24759872257709503 1.0278058052062988
v -0.3996663987636566 -0.24847425520420074 1.0312633514404297
v -0.350594699382782 -0.24867182970046997 1.0411627292633057
v -0.3057663142681122 -0.2472200095653534 1.039281964302063
v -0.25317519903182983 -0.24155640602111816 1.0303791761398315
v -0.2067141979932785 -0.24020400643348694 1.037171483039856
v -0.15864738821983337 -0.24260064959526062 1.0470696687698364
v -0.11521577835083008 -0.2449887990951538 1.0706454515457153
v -0.06821056455373764 -0.25005918741226196 1.100907325744629
v -0.017210418358445168 -0.23886556923389435 1.0748146772384644
v 0.033256758004426956 -0.22292058169841766 1.0450105667114258
v 0.08904733508825302 -0.2412160485982895 1.0993232727050781
v 0.15484769642353058 -0.26485127210617065 1.15413498878479
v 0.21645820140838623 -0.2755141854286194 1.1697022914886475
v 0.27841874957084656 -0.29004231095314026 1.2107396125793457
v 0.32596656680107117 -0.2897263169288635 1.2070304155349731
v 0.3272119164466858 -0.2352151721715927 1.0389773845672607
v 0.36058127880096436 -0.22366736829280853 0.9754306674003601
v 0.4015139043331146 -0.22284230589866638 0.966517984867096
v 0.4531673192977905 -0.22944939136505127 0.9681453704833984
v 0.5142102241516113 -0.23525898158550262 0.9693185687065125
v 0.5625131130218506 -0.23510010540485382 0.9685759544372559
v 0.6748403906822205 -0.24757812917232513 0.9899681806564331
v -0.6145090460777283 -0.2556687295436859 1.0211873054504395
v -0.5484575629234314 -0.24796903133392334 1.0225893259048462
v -0.4946437180042267 -0.2465101182460785 1.0264203548431396
v -0.44525787234306335 -0.2451903074979782 1.0285526514053345
v -0.3943597972393036 -0.2456481158733368 1.0321006774902344
v -0.34622976183891296 -0.2455163300037384 1.0410300493240356
v -0.3007132112979889 -0.24292176961898804 1.0361862182617188
v -0.24817200005054474 -0.23627139627933502 1.0279592275619507
v -0.20187531411647797 -0.23554174602031708 1.0353220701217651
v -0.15427258610725403 -0.2373734414577484 1.0466140508651733
v -0.11122311651706696 -0.23976433277130127 1.0712348222732544
v -0.06371799111366272 -0.24352332949638367 1.1001473665237427
v -0.012377017177641392 -0.23275019228458405 1.0710443258285522
v 0.038467880338430405 -0.21782487630844116 1.049394130706787
v 0.09462616592645645 -0.23738303780555725 1.1046048402786255
v 0.16011813282966614 -0.26118287444114685 1.154890537261963
v 0.22280943393707275 -0.27187278866767883 1.1728143692016602
v 0.2851172089576721 -0.2872539758682251 1.2157282829284668
v 0.3259352445602417 -0.2820304334163666 1.1968117952346802
v 0.3312894105911255 -0.23001977801322937 1.029370903968811
v 0.36381593346595764 -0.22018671035766602 0.9713836908340454
v 0.4065536856651306 -0.21987532079219818 0.9679965972900391
v 0.4598715603351593 -0.22799932956695557 0.9677622318267822
v 0.5182130336761475 -0.23058003187179565 0.9690757393836975
v 0.5631347894668579 -0.2276211977005005 0.9574024081230164
v -0.7105072736740112 -0.26555073261260986 1.0428118705749512
v -0.6089738607406616 -0.2523404359817505 1.021447777748108
v -0.5435488224029541 -0.24511925876140594 1.0232890844345093
v -0.4907185733318329 -0.24451158940792084 1.029073715209961
v -0.44051799178123474 -0.2429056167602539 1.0294792652130127
v -0.38906407356262207 -0.24264806509017944 1.0320353507995605
v -0.3417152762413025 -0.242002472281456 1.039947748184204
v -0.2955773174762726 -0.23823533952236176 1.032772183418274
v -0.24313779175281525 -0.23106840252876282 1.0251233577728271
v -0.1967848390340805 -0.23071646690368652 1.0326266288757324
v -0.15017729997634888 -0.23207247257232666 1.045997142791748
v -0.10710354894399643 -0.2337738573551178 1.0691159963607788
v -0.059411194175481796 -0.23652808368206024 1.0977903604507446
v -0.007560383062809706 -0.22615161538124084 1.0669090747833252
v 0.0437304824590683 -0.21425355970859528 1.056742548942566
v 0.10060294717550278 -0.2333817332983017 1.1093002557754517
v 0.16554000973701477 -0.2573900520801544 1.1559871435165405
v 0.22890232503414154 -0.2685586214065552 1.1764707565307617
v 0.29178357124328613 -0.2838901877403259 1.2212275266647339
v 0.32532042264938354 -0.2730397880077362 1.1818900108337402
v 0.3342556655406952 -0.22422881424427032 1.0176116228103638
v 0.3669723868370056 -0.21667198836803436 0.9686703681945801
v 0.41229817271232605 -0.21682335436344147 0.9703534245491028
v 0.4668288826942444 -0.22593390941619873 0.9684432148933411
v 0.5219703912734985 -0.22590358555316925 0.9687340259552002
v 0.5652846097946167 -0.22017332911491394 0.9498336315155029
v -0.6822870969772339 -0.25284814834594727 1.0230814218521118
v -0.6033384799957275 -0.2491537183523178 1.0224066972732544
v -0.5383723974227905 -0.2423679232597351 1.0239481925964355
v -0.4863649606704712 -0.24236002564430237 1.0313886404037476
v -0.43577685952186584 -0.240492582321167 1.0306822061538696
v -0.38389742374420166 -0.23951612412929535 1.0315909385681152
v -0.3370366394519806 -0.2382480651140213 1.038198709487915
v -0.2903023362159729 -0.2335255742073059 1.0287761688232422
v -0.23812463879585266 -0.2258835732936859 1.022639513015747
v -0.1915930062532425 -0.22538147866725922 1.029383897781372
v -0.1460917443037033 -0.22627228498458862 1.0445549488067627
v -0.10276936739683151 -0.22678644955158234 1.0647246837615967
v -0.05529523640871048 -0.22898250818252563 1.0937447547912598
v -0.0029288926161825657 -0.21909989416599274 1.0628128051757812
v 0.049049828201532364 -0.2116691917181015 1.066009759902954
v 0.10720715671777725 -0.23029004037380219 1.1153852939605713
v 0.17124995589256287 -0.25349441170692444 1.1579139232635498
v 0.23462705314159393 -0.2652980387210846 1.180761456489563
v 0.2977903187274933 -0.2797989249229431 1.2259376049041748
v 0.3246968686580658 -0.263567715883255 1.1643693447113037
v 0.3362945020198822 -0.21734356880187988 1.0063740015029907
v 0.3695868253707886 -0.21319922804832458 0.9669859409332275
v 0.4181500971317291 -0.21376287937164307 0.9733954071998596
v 0.47278398275375366 -0.222154438495636 0.9700419902801514
v 0.5246104001998901 -0.22092613577842712 0.9670717716217041
v 0.5728235244750977 -0.214683398604393 0.9507289528846741
v -0.6662101745605469 -0.24650919437408447 1.0157705545425415
v -0.5974510312080383 -0.24597613513469696 1.0233924388885498
v -0.5332134962081909 -0.23963165283203125 1.0248206853866577
v -0.48152533173561096 -0.23994310200214386 1.032761573791504
v -0.4309912621974945 -0.2379429191350937 1.031548023223877
v -0.3788255453109741 -0.23630723357200623 1.0311572551727295
v -0.3322962522506714 -0.23436525464057922 1.036207914352417
v -0.28476759791374207 -0.2290230244398117 1.0245146751403809
v -0.23300939798355103 -0.22080658376216888 1.0201860666275024
v -0.18629102408885956 -0.2198815792798996 1.0254303216934204
v -0.141931414604187 -0.22035661339759827 1.0428597927093506
v -0.09855637699365616 -0.21945948898792267 1.0607659816741943
v -0.05114657059311867 -0.2211143523454666 1.088280200958252
v 0.001347146462649107 -0.21222947537899017 1.059617519378662
v 0.0539093017578125 -0.2095758616924286 1.0748493671417236
v 0.11416858434677124 -0.22838491201400757 1.1248844861984253
v 0.17713066935539246 -0.24959665536880493 1.1603586673736572
v 0.2402387410402298 -0.26152873039245605 1.1849608421325684
v 0.3033037483692169 -0.2758770287036896 1.2286816835403442
v 0.3243793547153473 -0.25381436944007874 1.1457514762878418
v 0.337626576423645 -0.2105153650045395 0.9976104497909546
v 0.37192782759666443 -0.2098531872034073 0.9657062292098999
v 0.4238223433494568 -0.21115761995315552 0.9772416949272156
v 0.47830304503440857 -0.2167426347732544 0.9683157205581665
v 0.5257152318954468 -0.2150990515947342 0.9625834226608276
v 0.5875626802444458 -0.21274301409721375 0.9604492783546448
v -0.6592786312103271 -0.24330350756645203 1.0155407190322876
v -0.5914570689201355 -0.24255436658859253 1.0246574878692627
v -0.528233528137207 -0.23686309158802032 1.025579571723938
v -0.4763268828392029 -0.23701299726963043 1.0334527492523193
v -0.42604172229766846 -0.23518241941928864 1.032004475593567
v -0.3738533556461334 -0.23303277790546417 1.0305358171463013
v -0.3276858925819397 -0.23040363192558289 1.0342670679092407
v -0.2789205014705658 -0.2249412089586258 1.021267056465149
v -0.22788996994495392 -0.21526354551315308 1.0174014568328857
v -0.1815871298313141 -0.21437124907970428 1.0202473402023315
v -0.1381976306438446 -0.2140849381685257 1.0396513938903809
v -0.09481914341449738 -0.21247313916683197 1.0581388473510742
v -0.047273047268390656 -0.2131109982728958 1.0816997289657593
v 0.005152649246156216 -0.20537807047367096 1.0564446449279785
v 0.058051370084285736 -0.20720909535884857 1.0809299945831299
v 0.1204906553030014 -0.2269243597984314 1.1358494758605957
v 0.18345215916633606 -0.24564896523952484 1.163598656654358
v 0.24513334035873413 -0.257220983505249 1.1879388093948364
v 0.3082846701145172 -0.2722921669483185 1.2285813093185425
v 0.32382720708847046 -0.24385498464107513 1.1267173290252686
v 0.3378916084766388 -0.20368757843971252 0.9891211986541748
v 0.37430018186569214 -0.2060920149087906 0.9632557034492493
v 0.42935144901275635 -0.20924197137355804 0.9810020923614502
v 0.48282885551452637 -0.21046182513237 0.9650854468345642
v 0.5266544818878174 -0.2092016041278839 0.9578725099563599
v 0.6075563430786133 -0.2135382741689682 0.9767359495162964
v -0.6571649312973022 -0.23995794355869293 1.020216703414917
v -0.5854605436325073 -0.23915764689445496 1.0260785818099976
v -0.5228182673454285 -0.23409037292003632 1.0260649919509888
v -0.47107312083244324 -0.23386670649051666 1.0337741374969482
v -0.42088407278060913 -0.23219020664691925 1.031659483909607
v -0.36895543336868286 -0.22944031655788422 1.0298672914505005
v -0.3231956660747528 -0.22633448243141174 1.032452940940857
v -0.27223873138427734 -0.22073069214820862 1.0188984870910645
v -0.2223844975233078 -0.20941020548343658 1.0137629508972168
v -0.17666059732437134 -0.20909278094768524 1.0161885023117065
v -0.134249746799469 -0.20755496621131897 1.0352624654769897
v -0.0910259559750557 -0.20600445568561554 1.0563056468963623
v -0.0436287559568882 -0.2058207243680954 1.0752277374267578
v 0.007887320592999458 -0.19880203902721405 1.0518428087234497
v 0.062132228165864944 -0.20501430332660675 1.0846508741378784
v 0.12542158365249634 -0.22495916485786438 1.1446590423583984
v 0.19037768244743347 -0.24191078543663025 1.168634057044983
v 0.25003063678741455 -0.25315943360328674 1.1900866031646729
v 0.3128218352794647 -0.2680642902851105 1.2269182205200195
v 0.32324472069740295 -0.2339145541191101 1.1086267232894897
v 0.3372853100299835 -0.19627779722213745 0.9799250364303589
v 0.37733569741249084 -0.20232976973056793 0.9604212045669556
v 0.43506479263305664 -0.20815223455429077 0.9848344326019287
v 0.4847549796104431 -0.20381313562393188 0.9617623090744019
v 0.528745174407959 -0.20312881469726562 0.9537785649299622
v 0.6297521591186523 -0.21528606116771698 0.9986172914505005
v -0.6531310081481934 -0.23620854318141937 1.0235786437988281
v -0.5796167254447937 -0.23596180975437164 1.0277371406555176
v -0.5170363187789917 -0.2312449961900711 1.0267502069473267
v -0.46574681997299194 -0.2305585741996765 1.0341534614562988
v -0.41568371653556824 -0.22891074419021606 1.0306587219238281
v -0.3641676902770996 -0.22563132643699646 1.0288307666778564
v -0.3186631500720978 -0.22214949131011963 1.0300086736679077
v -0.2656708061695099 -0.21584178507328033 1.0177297592163086
v -0.2171664535999298 -0.2030358761548996 1.009320616722107
v -0.17236930131912231 -0.20403645932674408 1.0147348642349243
v -0.13054624199867249 -0.20026803016662598 1.029456615447998
v -0.08742640167474747 -0.19986461102962494 1.0536385774612427
v -0.03990835323929787 -0.1991676539182663 1.068001389503479
v 0.010789256542921066 -0.19358213245868683 1.047502040863037
v 0.06698876619338989 -0.20356547832489014 1.089631199836731
v 0.129872128367424 -0.22192659974098206 1.1468493938446045
v 0.1969035416841507 -0.2381894290447235 1.1746251583099365
v 0.2557744085788727 -0.24990937113761902 1.1932872533798218
v 0.31619834899902344 -0.26245009899139404 1.2244799137115479
v 0.3227774500846863 -0.22410506010055542 1.0925806760787964
v 0.3384890556335449 -0.1895110309123993 0.9732011556625366
v 0.38097071647644043 -0.19863170385360718 0.9589570760726929
v 0.44072312116622925 -0.20666754245758057 0.9871488809585571
v 0.48582008481025696 -0.1975214183330536 0.959883451461792
v 0.5333309173583984 -0.19718313217163086 0.9523267149925232
v 0.6501123905181885 -0.216989666223526 1.0190378427505493
v -0.6485446691513062 -0.23295249044895172 1.0269436836242676
v -0.5739408731460571 -0.2323293834924698 1.028662919998169
v -0.511594831943512 -0.22861053049564362 1.0281925201416016
v -0.4605925977230072 -0.22752438485622406 1.0347956418991089
v -0.41047564148902893 -0.22563424706459045 1.0295307636260986
v -0.35934939980506897 -0.22147999703884125 1.0271331071853638
v -0.3137931227684021 -0.2177271693944931 1.026979684829712
v -0.2596462368965149 -0.2100130021572113 1.0159046649932861
v -0.21190230548381805 -0.1964341104030609 1.0043275356292725
v -0.16813665628433228 -0.19875088334083557 1.0154757499694824
v -0.1268828958272934 -0.19306091964244843 1.024174690246582
v -0.08379855006933212 -0.1946856528520584 1.0517561435699463
v -0.03609270229935646 -0.1939789056777954 1.0645508766174316
v 0.014893085695803165 -0.19080850481987 1.0482425689697266
v 0.07305073738098145 -0.20284858345985413 1.0978792905807495
v 0.1341787427663803 -0.21877701580524445 1.1453227996826172
v 0.20234587788581848 -0.23418375849723816 1.1801306009292603
v 0.26201897859573364 -0.24661514163017273 1.196648120880127
v 0.31809329986572266 -0.25582554936408997 1.2191284894943237
v 0.3220343291759491 -0.21477752923965454 1.0781841278076172
v 0.34339067339897156 -0.1856047511100769 0.9730162620544434
v 0.3854852020740509 -0.19437508285045624 0.9592213034629822
v 0.44568610191345215 -0.20364998281002045 0.9854700565338135
v 0.4880281090736389 -0.19212104380130768 0.9596242308616638
v 0.5420762300491333 -0.19263333082199097 0.9583607316017151
v 0.6680415868759155 -0.21784469485282898 1.030829906463623
v -0.6438873410224915 -0.22952909767627716 1.0298081636428833
v -0.5682220458984375 -0.2288031280040741 1.0288447141647339
v -0.5062763094902039 -0.22608162462711334 1.0301907062530518
v -0.45562925934791565 -0.22432559728622437 1.0350500345230103
v -0.40521830320358276 -0.2221682071685791 1.0285618305206299
v -0.35423052310943604 -0.21700142323970795 1.0252630710601807
v -0.30845627188682556 -0.21314744651317596 1.023464560508728
v -0.2542058825492859 -0.203592449426651 1.01279878616333
v -0.20710988342761993 -0.1898762285709381 1.0000332593917847
v -0.16477541625499725 -0.19270312786102295 1.0161473751068115
v -0.1237042248249054 -0.18628929555416107 1.0199192762374878
v -0.0802932158112526 -0.19019542634487152 1.0503588914871216
v -0.0325949564576149 -0.1901227831840515 1.0662764310836792
v 0.018223317340016365 -0.18993806838989258 1.0569270849227905
v 0.07924549281597137 -0.2025681436061859 1.1071504354476929
v 0.13858076930046082 -0.21594709157943726 1.1423308849334717
v 0.20698241889476776 -0.23020541667938232 1.1850616931915283
v 0.26761171221733093 -0.24245674908161163 1.1988755464553833
v 0.3190089762210846 -0.24869872629642487 1.2112610340118408
v 0.32065069675445557 -0.20639915764331818 1.0644423961639404
v 0.3510414659976959 -0.18482527136802673 0.9813132286071777
v 0.39025306701660156 -0.18972885608673096 0.9618495106697083
v 0.44948533177375793 -0.19881662726402283 0.9793817400932312
v 0.4927341639995575 -0.18744678795337677 0.9619802832603455
v 0.5541514158248901 -0.1906038224697113 0.9722914695739746
v 0.6865439414978027 -0.21727927029132843 1.0388572216033936
v -0.6388915181159973 -0.22532954812049866 1.031624436378479
v -0.5625995397567749 -0.22538819909095764 1.0289372205734253
v -0.5011927485466003 -0.223433718085289 1.0321152210235596
v -0.4506244957447052 -0.2208486646413803 1.0344676971435547
v -0.39989733695983887 -0.2185538411140442 1.027330756187439
v -0.3489396274089813 -0.21227975189685822 1.0234934091567993
v -0.30284491181373596 -0.20801439881324768 1.0206668376922607
v -0.2491728514432907 -0.19677475094795227 1.0102862119674683
v -0.20353300869464874 -0.18448929488658905 0.9983646273612976
v -0.16195237636566162 -0.1864168643951416 1.016342043876648
v -0.12127458304166794 -0.18080711364746094 1.017037272453308
v -0.0768580511212349 -0.18686118721961975 1.0524659156799316
v -0.028923867270350456 -0.18791769444942474 1.0732241868972778
v 0.019655900076031685 -0.1898563653230667 1.0723950862884521
v 0.08502958714962006 -0.203034445643425 1.119644284248352
v 0.14364944398403168 -0.21400614082813263 1.14486563205719
v 0.21126247942447662 -0.22678864002227783 1.1888136863708496
v 0.27101483941078186 -0.2377694994211197 1.2013455629348755
v 0.3201473355293274 -0.24133723974227905 1.2029993534088135
v 0.320641428232193 -0.19862499833106995 1.0527540445327759
v 0.35820814967155457 -0.18557168543338776 0.9963820576667786
v 0.39587828516960144 -0.18601837754249573 0.9675525426864624
v 0.4526660144329071 -0.192986398935318 0.9721193909645081
v 0.5016052722930908 -0.18428626656532288 0.9688831567764282
v 0.5690184235572815 -0.19068977236747742 0.9918622374534607
v 0.7049596309661865 -0.2170453816652298 1.045926570892334
v -0.6334104537963867 -0.22105059027671814 1.0316964387893677
v -0.5570809841156006 -0.22192420065402985 1.0295180082321167
v -0.4962717890739441 -0.22049576044082642 1.0334960222244263
v -0.44564393162727356 -0.2171495109796524 1.0336157083511353
v -0.394424706697464 -0.21473589539527893 1.0256837606430054
v -0.34331461787223816 -0.20761549472808838 1.0215809345245361
v -0.2971545159816742 -0.2023591548204422 1.0182931423187256
v -0.24449422955513 -0.18994317948818207 1.0074864625930786
v -0.20083263516426086 -0.18086989223957062 1.000004768371582
v -0.15933914482593536 -0.18031525611877441 1.014465570449829
v -0.11957090348005295 -0.17694710195064545 1.0185723304748535
v -0.07360716164112091 -0.1848336011171341 1.0579725503921509
v -0.025434620678424835 -0.18708087503910065 1.082857370376587
v 0.022275492548942566 -0.1894562989473343 1.0868871212005615
v 0.0905340313911438 -0.20404505729675293 1.1370443105697632
v 0.25989630818367004 -0.411842942237854 1.8501547574996948
v 0.21521008014678955 -0.22327546775341034 1.1897943019866943
v 0.27373504638671875 -0.23381569981575012 1.2041807174682617
v 0.32152825593948364 -0.23376819491386414 1.193109393119812
v 0.32336363196372986 -0.1914970576763153 1.044959545135498
v 0.36384615302085876 -0.1864110231399536 1.0111998319625854
v 0.4024834632873535 -0.18296317756175995 0.974901020526886
v 0.455932080745697 -0.18678916990756989 0.9670616984367371
v 0.5129104256629944 -0.18273460865020752 0.9789938926696777
v 0.5861358046531677 -0.19185461103916168 1.011610507965088
v -0.7657456398010254 -0.24067971110343933 1.0635114908218384
v -0.6273168325424194 -0.21675655245780945 1.031398892402649
v -0.5516998767852783 -0.21839016675949097 1.0300129652023315
v -0.4913557767868042 -0.21709467470645905 1.0337882041931152
v -0.4408453404903412 -0.21322229504585266 1.03217351436615
v -0.3889104127883911 -0.2103062868118286 1.0233391523361206
v -0.3377108573913574 -0.20307832956314087 1.0190057754516602
v -0.29208338260650635 -0.19564877450466156 1.0152558088302612
v -0.2402675449848175 -0.1830315738916397 1.0033814907073975
v -0.19977568089962006 -0.17970573902130127 1.009244680404663
v -0.1570000797510147 -0.1757875680923462 1.015183687210083
v -0.11935585737228394 -0.17602454125881195 1.0325907468795776
v -0.0713544487953186 -0.18534629046916962 1.0768077373504639
v 0.014228050597012043 -0.44418391585350037 2.027787923812866
v 0.02745717018842697 -0.18924406170845032 1.0984958410263062
v 0.09632666409015656 -0.20682284235954285 1.1638033390045166
v 0.26555579900741577 -0.4019011855125427 1.831473708152771
v 0.21931132674217224 -0.21980275213718414 1.1903800964355469
v 0.2763668894767761 -0.2311050146818161 1.2084509134292603
v 0.3229397237300873 -0.22611448168754578 1.1824411153793335
v 0.3303709328174591 -0.1862204223871231 1.0413788557052612
v 0.36971232295036316 -0.18781061470508575 1.0237051248550415
v 0.40990951657295227 -0.18003015220165253 0.9827237725257874
v 0.45950183272361755 -0.18112781643867493 0.9665653705596924
v 0.5250194072723389 -0.18277239799499512 0.9939941167831421
v 0.6045447587966919 -0.1940152943134308 1.0312045812606812
v -0.7159093618392944 -0.2193152904510498 1.046607255935669
v -0.6205736398696899 -0.21277771890163422 1.0315558910369873
v -0.5465586185455322 -0.21488888561725616 1.0308970212936401
v -0.48642662167549133 -0.21343736350536346 1.0333086252212524
v -0.4360874891281128 -0.20920798182487488 1.0307888984680176
v -0.3833328187465668 -0.20585083961486816 1.0214061737060547
v -0.331939697265625 -0.19864113628864288 1.015414834022522
v -0.28782379627227783 -0.18795040249824524 1.012178897857666
v -0.23611707985401154 -0.1762378066778183 0.9978079795837402
v -0.20036517083644867 -0.18134410679340363 1.0262786149978638
v -0.26880165934562683 -0.2801510989665985 1.681670904159546
v -0.12077241390943527 -0.17827047407627106 1.0573302507400513
v -0.07420460134744644 -0.43742817640304565 2.0313966274261475
v 0.02111867628991604 -0.4356175661087036 2.014317035675049
v 0.03401581943035126 -0.18988260626792908 1.1104754209518433
v 0.10291936993598938 -0.21159891784191132 1.1991647481918335
v 0.24005791544914246 -0.32385796308517456 1.7320219278335571
v 0.2241252213716507 -0.21696950495243073 1.1893750429153442
v 0.2797031104564667 -0.22823578119277954 1.2128896713256836
v 0.32360368967056274 -0.21889041364192963 1.1714657545089722
v 0.34084829688072205 -0.18306104838848114 1.044312834739685
v 0.37626516819000244 -0.18977627158164978 1.0363786220550537
v 0.4171847999095917 -0.17748065292835236 0.989359438419342
v 0.46450507640838623 -0.17637354135513306 0.9710994362831116
v 0.5386466383934021 -0.18539150059223175 1.0171360969543457
v 0.6217957735061646 -0.19568006694316864 1.0478179454803467
v -0.6947377920150757 -0.2092738300561905 1.0359400510787964
v -0.6137739419937134 -0.20953232049942017 1.032866358757019
v -0.5414326190948486 -0.2118431180715561 1.0321130752563477
v -0.4814111292362213 -0.20949840545654297 1.0319043397903442
v -0.43121376633644104 -0.20502005517482758 1.029048204421997
v -0.37805166840553284 -0.20160846412181854 1.0202531814575195
v -0.3262881934642792 -0.1935344785451889 1.0109857320785522
v -0.28428635001182556 -0.18046848475933075 1.0091724395751953
v -0.23224744200706482 -0.17014376819133759 0.9905687570571899
v -0.22992105782032013 -0.21065975725650787 1.2049235105514526
v -0.2639791965484619 -0.4449659585952759 2.085838794708252
v -0.1634872406721115 -0.4368493854999542 2.048956871032715
v -0.0652909055352211 -0.42873677611351013 2.0234909057617188
v 0.028978364542126656 -0.42723822593688965 2.0030083656311035
v 0.04296671599149704 -0.19198277592658997 1.1273510456085205
v 0.13813447952270508 -0.2995712161064148 1.666917324066162
v 0.19031766057014465 -0.2762165367603302 1.5171254873275757
v 0.23052829504013062 -0.21474769711494446 1.1896950006484985
v 0.28529080748558044 -0.2247893512248993 1.218092441558838
v 0.32575392723083496 -0.21281276643276215 1.1628893613815308
v 0.3535176217556 -0.18217499554157257 1.0548553466796875
v 0.38335657119750977 -0.19157488644123077 1.0512758493423462
v 0.4239409565925598 -0.17516295611858368 0.9962954521179199
v 0.4730401635169983 -0.17346741259098053 0.9821853041648865
v 0.5581722259521484 -0.19263321161270142 1.0519622564315796
v 0.6381543874740601 -0.19662660360336304 1.0595864057540894
v -0.6870943903923035 -0.20466585457324982 1.0380141735076904
v -0.6068707704544067 -0.20697526633739471 1.0352141857147217
v -0.5360440611839294 -0.20875439047813416 1.0330328941345215
v -0.4761328399181366 -0.20523428916931152 1.0302197933197021
v -0.42632874846458435 -0.20072177052497864 1.0269314050674438
v -0.3727404475212097 -0.1973549723625183 1.0190348625183105
v -0.32068970799446106 -0.1870369166135788 1.005059003829956
v -0.2812781035900116 -0.17445164918899536 1.0076982975006104
v -0.23030760884284973 -0.16661924123764038 0.9870232939720154
v -0.35395506024360657 -0.4439941942691803 2.0870141983032227
v -0.25267675518989563 -0.4381914436817169 2.0814270973205566
v -0.15262895822525024 -0.42917072772979736 2.046891689300537
v -0.05616923049092293 -0.4204457998275757 2.014223337173462
v 0.03780623525381088 -0.4201337397098541 1.9962977170944214
v 0.0534781739115715 -0.1958954632282257 1.150158166885376
v 0.19895857572555542 -0.3856598734855652 1.8351877927780151
v 0.2822331190109253 -0.3774801194667816 1.7967332601547241
v 0.23784276843070984 -0.2137172371149063 1.1984550952911377
v 0.29273906350135803 -0.22145895659923553 1.2249692678451538
v 0.33125394582748413 -0.20862139761447906 1.1619170904159546
v 0.36788928508758545 -0.18298617005348206 1.0714175701141357
v 0.3920835256576538 -0.19258135557174683 1.0667766332626343
v 0.43046075105667114 -0.1731898933649063 1.004474401473999
v 0.4856454133987427 -0.17287150025367737 0.9990521669387817
v 0.7798309922218323 -0.3098140358924866 1.4516617059707642
v 0.6536697149276733 -0.19695167243480682 1.0678627490997314
v -0.6860438585281372 -0.20135711133480072 1.0493803024291992
v -0.6006488800048828 -0.20433847606182098 1.0370607376098633
v -0.530174195766449 -0.20539604127407074 1.0338943004608154
v -0.470845103263855 -0.20086587965488434 1.028516411781311
v -0.4213065505027771 -0.19652004539966583 1.0240890979766846
v -0.36711904406547546 -0.19234062731266022 1.0164592266082764
v -0.3154199719429016 -0.17925721406936646 0.997749388217926
v -0.2795265316963196 -0.16969022154808044 1.0082992315292358
v -0.23323221504688263 -0.16790586709976196 1.0012097358703613
v -0.34322822093963623 -0.43850183486938477 2.0875988006591797
v -0.24127815663814545 -0.431979775428772 2.0769505500793457
v -0.14251866936683655 -0.4218214154243469 2.0436551570892334
v -0.04695525020360947 -0.4124785363674164 2.0065701007843018
v 0.04673166573047638 -0.4132961630821228 1.9896061420440674
v 0.06314843147993088 -0.20125463604927063 1.1847574710845947
v 0.20836198329925537 -0.37816861271858215 1.8308064937591553
v 0.2905638515949249 -0.3707069754600525 1.7972490787506104
v 0.24758312106132507 -0.21420413255691528 1.2164684534072876
v 0.3016182482242584 -0.21974055469036102 1.235095500946045
v 0.33927813172340393 -0.20613758265972137 1.1666901111602783
v 0.381712943315506 -0.18539150059223175 1.0937334299087524
v 0.4031969904899597 -0.1919722557067871 1.0802668333053589
v 0.4380185306072235 -0.17176787555217743 1.0111638307571411
v 0.5036616921424866 -0.17443400621414185 1.0213744640350342
v 0.6783488392829895 -0.2364218831062317 1.217795729637146
v 0.6680819988250732 -0.1975194811820984 1.0764623880386353
v -0.6824629306793213 -0.19749371707439423 1.0578253269195557
v -0.5951920747756958 -0.20154128968715668 1.0388840436935425
v -0.5240621566772461 -0.2017515003681183 1.0344680547714233
v -0.4656965732574463 -0.19653701782226562 1.0269781351089478
v -0.4158538281917572 -0.19206057488918304 1.0212100744247437
v -0.36119821667671204 -0.18602672219276428 1.0120961666107178
v -0.3099883198738098 -0.1707174926996231 0.9905399680137634
v -0.27698713541030884 -0.16611187160015106 1.0104777812957764
v -0.3877197504043579 -0.3041102886199951 1.8761953115463257
v -0.332429975271225 -0.43199223279953003 2.0860865116119385
v -0.23094698786735535 -0.4255204200744629 2.073514461517334
v -0.1331198662519455 -0.41482990980148315 2.0415472984313965
v -0.037993934005498886 -0.40495267510414124 2.0010409355163574
v 0.055205974727869034 -0.4059392511844635 1.9841166734695435
v 0.07251904904842377 -0.20883901417255402 1.2346506118774414
v 0.21767400205135345 -0.37117043137550354 1.8293250799179077
v 0.29988759756088257 -0.3640429675579071 1.7994871139526367
v 0.26080942153930664 -0.21663087606430054 1.2403620481491089
v 0.4442693591117859 -0.3194517195224762 1.6992928981781006
v 0.35059812664985657 -0.20482748746871948 1.1761969327926636
v 0.3957735598087311 -0.1902848184108734 1.1244168281555176
v 0.4137720465660095 -0.18910174071788788 1.0869882106781006
v 0.4488527178764343 -0.17095379531383514 1.0193557739257812
v 0.5253627896308899 -0.17750704288482666 1.048844814300537
v 0.6478480696678162 -0.21928457915782928 1.1662474870681763
v 0.6807190775871277 -0.1980592906475067 1.0849063396453857
v -0.6783938407897949 -0.1938960701227188 1.0629339218139648
v -0.5900677442550659 -0.1982768326997757 1.0402365922927856
v -0.5176533460617065 -0.1980477273464203 1.0348011255264282
v -0.4604317247867584 -0.19214293360710144 1.025397777557373
v -0.4101272523403168 -0.1873643398284912 1.018236756324768
v -0.35536903142929077 -0.17928166687488556 1.0067176818847656
v -0.30356529355049133 -0.16204234957695007 0.9837772846221924
v -0.2742301821708679 -0.1636393964290619 1.0131703615188599
v -0.42267879843711853 -0.4277171790599823 2.0861616134643555
v -0.32203543186187744 -0.4251630902290344 2.085662364959717
v -0.22148188948631287 -0.4188198745250702 2.07062029838562
v -0.12397453188896179 -0.4079974591732025 2.0402772426605225
v -0.029172642156481743 -0.39798370003700256 1.9972018003463745
v 0.06308220326900482 -0.39845865964889526 1.9810049533843994
v 0.08458347618579865 -0.2198084592819214 1.29995858669281
v 0.22630776464939117 -0.36459842324256897 1.8290482759475708
v 0.3085955083370209 -0.3571449816226959 1.8001426458358765
v 0.2758771479129791 -0.221056267619133 1.2739481925964355
v 0.4575538635253906 -0.3411169946193695 1.7083871364593506
v 0.5162776708602905 -0.3274175226688385 1.6372344493865967
v 0.41107505559921265 -0.19750235974788666 1.1606202125549316
v 0.633010983467102 -0.309722900390625 1.5428440570831299
v 0.4642373323440552 -0.17122992873191833 1.0335429906845093
v 0.5480016469955444 -0.18203817307949066 1.082512378692627
v 0.8006194829940796 -0.2963868975639343 1.4533652067184448
v 0.6933938264846802 -0.1971971094608307 1.0906293392181396
v -0.674315869808197 -0.19064584374427795 1.0664405822753906
v -0.5848658680915833 -0.19476740062236786 1.0412929058074951
v -0.5113366842269897 -0.19418807327747345 1.0354392528533936
v -0.4546368718147278 -0.18735761940479279 1.0239924192428589
v -0.40419137477874756 -0.1821299046278 1.0148541927337646
v -0.3502727746963501 -0.1725865751504898 1.0023168325424194
v -0.29719647765159607 -0.15461045503616333 0.9778143167495728
v -0.2721572816371918 -0.16254016757011414 1.0205488204956055
v -0.4131459891796112 -0.4226999580860138 2.096315383911133
v -0.3121292293071747 -0.418743759393692 2.088845729827881
v -0.21264207363128662 -0.4127117097377777 2.0687882900238037
v -0.11491285264492035 -0.4019109606742859 2.039341926574707
v -0.020255178213119507 -0.39207637310028076 1.9951292276382446
v 0.07150108367204666 -0.39140477776527405 1.9797372817993164
v 0.1436779797077179 -0.32750949263572693 1.859936237335205
v 0.2343517690896988 -0.35838356614112854 1.827664852142334
v 0.3167990446090698 -0.35067152976989746 1.798637866973877
v 0.3833981454372406 -0.3353787958621979 1.7091712951660156
v 0.4625435173511505 -0.33455926179885864 1.7000975608825684
v 0.5256352424621582 -0.3223607838153839 1.6423919200897217
v 0.42933881282806396 -0.20465193688869476 1.1988270282745361
v 0.6470117568969727 -0.3066009283065796 1.5609138011932373
v 0.48466938734054565 -0.17323429882526398 1.056956171989441
v 0.5704612135887146 -0.18833927810192108 1.1241368055343628
v 0.8118233680725098 -0.2909908592700958 1.458662986755371
v 0.7102526426315308 -0.195906862616539 1.0989930629730225
v -0.6698693037033081 -0.18781815469264984 1.068942904472351
v -0.5797305703163147 -0.191301628947258 1.042859435081482
v -0.504697859287262 -0.19004389643669128 1.0349106788635254
v -0.44810184836387634 -0.18230761587619781 1.022128939628601
v -0.3979368805885315 -0.17657844722270966 1.0105489492416382
v -0.3460848331451416 -0.16537146270275116 0.9984607696533203
v -0.29223576188087463 -0.1492760330438614 0.9760845899581909
v -0.27114295959472656 -0.1627151519060135 1.035940170288086
v -0.4033064544200897 -0.41729652881622314 2.1054327487945557
v -0.302295058965683 -0.4131627380847931 2.094165325164795
v -0.2037498652935028 -0.40647101402282715 2.0678443908691406
v -0.10591373592615128 -0.39656221866607666 2.038395881652832
v -0.011322028003633022 -0.3869883418083191 1.9948232173919678
v 0.08042846620082855 -0.38411203026771545 1.9761766195297241
v 0.15917840600013733 -0.3616929054260254 1.856629490852356
v 0.2423112988471985 -0.35198312997817993 1.8239240646362305
v 0.3243351876735687 -0.34421005845069885 1.7947230339050293
v 0.39048799872398376 -0.3299494981765747 1.7101516723632812
v 0.4651581346988678 -0.32629990577697754 1.6827735900878906
v 0.5342457294464111 -0.317913681268692 1.6461325883865356
v 0.45027968287467957 -0.21067985892295837 1.2375340461730957
v 0.6567204594612122 -0.30252376198768616 1.5692245960235596
v 0.5097001791000366 -0.177365243434906 1.0908904075622559
v 0.7940847873687744 -0.30325472354888916 1.532512903213501
v 0.8211351633071899 -0.2862742245197296 1.4607794284820557
v 0.7333357334136963 -0.19993162155151367 1.106221318244934
v -0.665225088596344 -0.1853625327348709 1.0704153776168823
v -0.5746506452560425 -0.18789970874786377 1.045796275138855
v -0.49861034750938416 -0.1854957938194275 1.0349657535552979
v -0.4424073100090027 -0.17698006331920624 1.0210013389587402
v -0.39288777112960815 -0.1706331968307495 1.0065845251083374
v -0.3423294126987457 -0.15788045525550842 0.994394063949585
v -0.2891862392425537 -0.14666059613227844 0.9812691807746887
v -0.519190788269043 -0.4312671422958374 2.173866033554077
v -0.3946128785610199 -0.41166892647743225 2.1111397743225098
v -0.29282256960868835 -0.40853971242904663 2.099846363067627
v -0.1945369392633438 -0.40048888325691223 2.0668935775756836
v -0.09665082395076752 -0.3915809392929077 2.036892890930176
v -0.0025204839184880257 -0.3820779621601105 1.9952144622802734
v 0.08922738581895828 -0.37693554162979126 1.9705398082733154
v 0.1676097810268402 -0.35529008507728577 1.8524082899093628
v 0.25054916739463806 -0.3459082543849945 1.819988489151001
v 0.33145827054977417 -0.338103711605072 1.7897928953170776
v 0.3976081609725952 -0.32510873675346375 1.7104893922805786
v 0.4693453907966614 -0.3187408745288849 1.670555591583252
v 0.5419807434082031 -0.31399598717689514 1.6472554206848145
v 0.5986474752426147 -0.2897566556930542 1.597074031829834
v 0.6631690263748169 -0.2974793016910553 1.5693228244781494
v 0.6238270998001099 -0.22679327428340912 1.3082473278045654
v 0.7839854955673218 -0.29379308223724365 1.5119178295135498
v 0.82905513048172 -0.2818653881549835 1.4599181413650513
v -1.0671350955963135 -0.3345654010772705 1.6121799945831299
v -0.6597846746444702 -0.1826215386390686 1.0704091787338257
v -0.5693014860153198 -0.18420425057411194 1.0488810539245605
v -0.492402046918869 -0.18046905100345612 1.034872055053711
v -0.4370171129703522 -0.17101144790649414 1.0197827816009521
v -0.3885597884654999 -0.16396473348140717 1.0029915571212769
v -0.3380799889564514 -0.15086090564727783 0.9905474185943604
v -0.29112064838409424 -0.1470201462507248 0.9949690103530884
v -0.5058357119560242 -0.4229671359062195 2.173708200454712
v -0.3859737515449524 -0.4058840274810791 2.113100051879883
v -0.28370100259780884 -0.40400779247283936 2.1039586067199707
v -0.1852169632911682 -0.39487043023109436 2.0658349990844727
v -0.08746807277202606 -0.3863765597343445 2.0351927280426025
v 0.006365498527884483 -0.3772292137145996 1.995328426361084
v 0.09746646136045456 -0.36974605917930603 1.9609156847000122
v 0.1760716587305069 -0.34902238845825195 1.8508533239364624
v 0.25891396403312683 -0.34039559960365295 1.8168184757232666
v 0.33800414204597473 -0.3320614695549011 1.7827702760696411
v 0.40485501289367676 -0.3205903172492981 1.7114367485046387
v 0.47538015246391296 -0.31230878829956055 1.6640403270721436
v 0.549882173538208 -0.3098573684692383 1.6458884477615356
v 0.6103911399841309 -0.30127376317977905 1.5991191864013672
v 0.6680232286453247 -0.2916632294654846 1.5662169456481934
v 0.7258914709091187 -0.2896696925163269 1.5360016822814941
v 0.7762243151664734 -0.2845709025859833 1.4925410747528076
v 0.8355154991149902 -0.27735787630081177 1.4581670761108398
v -1.0818909406661987 -0.36255085468292236 1.7378416061401367
v -0.6535872220993042 -0.17945994436740875 1.0713647603988647
v -0.5633864998817444 -0.18020382523536682 1.0513733625411987
v -0.48621705174446106 -0.17497903108596802 1.0347166061401367
v -0.4319109320640564 -0.164325550198555 1.017905831336975
v -0.3845691978931427 -0.15648111701011658 0.9996618628501892
v -0.33254310488700867 -0.1445075124502182 0.9876249432563782
v -0.29805588722229004 -0.15013332664966583 1.0204354524612427
v -0.4925306737422943 -0.4147872030735016 2.171341896057129
v -0.37703508138656616 -0.4006219506263733 2.1151845455169678
v -0.2748996913433075 -0.39892300963401794 2.104731559753418
v -0.1755458265542984 -0.38922396302223206 2.064138650894165
v -0.07833359390497208 -0.3807588219642639 2.032782554626465
v 0.015436073765158653 -0.37248337268829346 1.9951192140579224
v 0.10523798316717148 -0.3624442219734192 1.9477310180664062
v 0.18471170961856842 -0.3432416319847107 1.8500868082046509
v 0.2669362425804138 -0.33526065945625305 1.8146884441375732
v 0.3438715934753418 -0.32580891251564026 1.7705938816070557
v 0.41244590282440186 -0.3161039352416992 1.7118500471115112
v 0.48191872239112854 -0.3071340322494507 1.6585736274719238
v 0.5569900274276733 -0.3050491511821747 1.642430305480957
v 0.6166076064109802 -0.29570165276527405 1.597435474395752
v 0.6722619533538818 -0.28603142499923706 1.5620810985565186
v 0.732966423034668 -0.2854020595550537 1.5345489978790283
v 0.7775933742523193 -0.2769087851047516 1.481398582458496
v 0.8400560617446899 -0.2727121114730835 1.455498456954956
v -1.0677433013916016 -0.35767051577568054 1.7425243854522705
v -0.647052526473999 -0.17607291042804718 1.0724825859069824
v -0.5567523241043091 -0.17558862268924713 1.0528250932693481
v -0.47972002625465393 -0.16897539794445038 1.0341635942459106
v -0.42652711272239685 -0.15702083706855774 1.0140430927276611
v -0.3797137439250946 -0.1488324999809265 0.994530439376831
v -0.325779527425766 -0.1396147757768631 0.9864925742149353
v -0.30880123376846313 -0.1557496339082718 1.0586916208267212
v -0.47953149676322937 -0.407010555267334 2.1670217514038086
v -0.36811232566833496 -0.3957553207874298 2.1195313930511475
v -0.26582637429237366 -0.39351680874824524 2.102713108062744
v -0.1657716929912567 -0.38340654969215393 2.0617382526397705
v -0.06901361793279648 -0.374889612197876 2.029639482498169
v 0.02436826564371586 -0.3678290545940399 1.9944366216659546
v 0.11273511499166489 -0.3546430170536041 1.9311155080795288
v 0.19341573119163513 -0.3378531038761139 1.849083662033081
v 0.27448171377182007 -0.33014675974845886 1.8130440711975098
v 0.3491186499595642 -0.3192597031593323 1.7536847591400146
v 0.42057284712791443 -0.31171005964279175 1.711749792098999
v 0.4883226752281189 -0.3023010194301605 1.6558282375335693
v 0.5629067420959473 -0.2995545268058777 1.6364994049072266
v 0.6218481063842773 -0.2906779646873474 1.596113920211792
v 0.6764839887619019 -0.2811671197414398 1.557812213897705
v 0.7401565909385681 -0.2807822823524475 1.532268762588501
v 0.7833162546157837 -0.2711060345172882 1.4747645854949951
v 0.8448530435562134 -0.2683228552341461 1.452514886856079
v -1.0524368286132812 -0.3503369987010956 1.7431395053863525
v -0.6404485702514648 -0.17280633747577667 1.0739613771438599
v -0.5488560199737549 -0.17010079324245453 1.0516397953033447
v -0.4727006256580353 -0.16295669972896576 1.0332285165786743
v -0.42090657353401184 -0.1498982012271881 1.0096638202667236
v -0.37278732657432556 -0.14156565070152283 0.9892023205757141
v -0.32006382942199707 -0.13709695637226105 0.9901517629623413
v -0.31994640827178955 -0.1631777435541153 1.1031378507614136
v -0.46761804819107056 -0.4000895321369171 2.161754846572876
v -0.3591712713241577 -0.39079585671424866 2.125582456588745
v -0.25612467527389526 -0.3877817988395691 2.0981884002685547
v -0.15596139430999756 -0.37763360142707825 2.0588040351867676
v -0.05953009054064751 -0.3690543472766876 2.02541184425354
v 0.03326862305402756 -0.3632119297981262 1.9929134845733643
v 0.12038251012563705 -0.3466748595237732 1.913565993309021
v 0.2020004242658615 -0.33250299096107483 1.8469722270965576
v 0.2814057171344757 -0.32482829689979553 1.8108484745025635
v 0.3548060953617096 -0.31290867924690247 1.7389041185379028
v 0.4289138615131378 -0.3074880838394165 1.7123018503189087
v 0.4951820373535156 -0.2977171540260315 1.6540981531143188
v 0.5681854486465454 -0.2939189672470093 1.6295883655548096
v 0.6276181936264038 -0.28636354207992554 1.5949749946594238
v 0.6811542510986328 -0.2764531672000885 1.5533332824707031
v 0.7466878294944763 -0.27610617876052856 1.5305333137512207
v 0.788872480392456 -0.2659103274345398 1.4702818393707275
v 0.850157618522644 -0.2641769349575043 1.450137972831726
v -1.0394002199172974 -0.3434867262840271 1.738328218460083
v -0.6353002786636353 -0.16969217360019684 1.0773100852966309
v -0.5390316843986511 -0.16379019618034363 1.0466959476470947
v -0.4665845036506653 -0.15725286304950714 1.0326241254806519
v -0.41657450795173645 -0.14456455409526825 1.0091389417648315
v -0.36518779397010803 -0.13574494421482086 0.9882895946502686
v -0.3188892900943756 -0.13773341476917267 1.0067565441131592
v -0.3915471136569977 -0.22241902351379395 1.4665303230285645
v -0.45668673515319824 -0.39345791935920715 2.158660411834717
v -0.3501104414463043 -0.3855552077293396 2.1303155422210693
v -0.2461252063512802 -0.3821474015712738 2.093099355697632
v -0.1464141309261322 -0.3721374571323395 2.0550644397735596
v -0.050253842025995255 -0.3632633090019226 2.0197625160217285
v 0.04219110310077667 -0.3583383858203888 1.989915132522583
v 0.12848909199237823 -0.33929443359375 1.8990687131881714
v 0.21044857800006866 -0.32719042897224426 1.8441600799560547
v 0.2882023751735687 -0.3197123408317566 1.8078895807266235
v 0.3611760139465332 -0.30705222487449646 1.7303959131240845
v 0.43744105100631714 -0.3032606542110443 1.7124528884887695
v 0.5022168159484863 -0.29345107078552246 1.6522245407104492
v 0.5729748010635376 -0.28837308287620544 1.6227786540985107
v 0.6341633796691895 -0.2820165455341339 1.5943794250488281
v 0.6859698295593262 -0.2722950279712677 1.5496416091918945
v 0.7531461715698242 -0.2722354233264923 1.529860496520996
v 0.7939920425415039 -0.2610723078250885 1.4672625064849854
v 0.8564849495887756 -0.259919136762619 1.4489233493804932
v -1.0307307243347168 -0.33839160203933716 1.737892746925354
v -0.6306929588317871 -0.1666688770055771 1.0813219547271729
v -0.5276354551315308 -0.1577504277229309 1.0410385131835938
v -0.4618721306324005 -0.15274032950401306 1.0343129634857178
v -0.4137096405029297 -0.14135012030601501 1.0126761198043823
v -0.3584369122982025 -0.13193844258785248 0.992427408695221
v -0.3231595456600189 -0.1409454047679901 1.0366415977478027
v -0.5576488971710205 -0.3949470818042755 2.16859769821167
v -0.446460485458374 -0.3870985507965088 2.1572980880737305
v -0.3410484492778778 -0.38038259744644165 2.1312496662139893
v -0.23664598166942596 -0.3768262267112732 2.0893871784210205
v -0.136857807636261 -0.3667874336242676 2.051410675048828
v -0.04111525043845177 -0.35741814970970154 2.0126631259918213
v 0.05117481201887131 -0.35324180126190186 1.9855140447616577
v 0.13690321147441864 -0.33283644914627075 1.889681339263916
v 0.21867689490318298 -0.3220421373844147 1.8413513898849487
v 0.29552483558654785 -0.3146922290325165 1.8052184581756592
v 0.3678732216358185 -0.30209648609161377 1.7266252040863037
v 0.4453831911087036 -0.2988686263561249 1.7101433277130127
v 0.5090597867965698 -0.289523720741272 1.6503320932388306
v 0.5777114629745483 -0.2829340398311615 1.6174912452697754
v 0.6411212682723999 -0.2774166762828827 1.5936470031738281
v 0.691307008266449 -0.26816326379776 1.5473859310150146
v 0.7594594955444336 -0.2684113085269928 1.5295281410217285
v 0.7990058660507202 -0.25676000118255615 1.4649312496185303
v 0.8637974262237549 -0.2556423544883728 1.4488213062286377
v -1.0250836610794067 -0.333469420671463 1.7421174049377441
v -0.6249555945396423 -0.16386927664279938 1.0851885080337524
v -0.5178579092025757 -0.15280108153820038 1.039394497871399
v -0.46054786443710327 -0.15047188103199005 1.0440566539764404
v -0.41380345821380615 -0.13995975255966187 1.0239866971969604
v -0.35594555735588074 -0.13079608976840973 1.006762146949768
v -0.3334278464317322 -0.14707306027412415 1.079697847366333
v -0.5460221767425537 -0.3880769610404968 2.1678285598754883
v -0.43626686930656433 -0.38095346093177795 2.1556835174560547
v -0.33139386773109436 -0.3750618100166321 2.1290969848632812
v -0.22717617452144623 -0.37086325883865356 2.085848093032837
v -0.12706856429576874 -0.36139148473739624 2.0483412742614746
v -0.03203881159424782 -0.3517024517059326 2.0069580078125
v 0.060267750173807144 -0.3477066457271576 1.9797688722610474
v 0.14525823295116425 -0.3271321654319763 1.8840725421905518
v 0.22682753205299377 -0.3168553411960602 1.8388162851333618
v 0.3030339479446411 -0.30965307354927063 1.8026399612426758
v 0.37463244795799255 -0.29742082953453064 1.7240545749664307
v 0.4521932899951935 -0.2936743199825287 1.7049638032913208
v 0.5160343647003174 -0.2856467664241791 1.6491408348083496
v 0.5826569199562073 -0.2778659164905548 1.6136497259140015
v 0.647064208984375 -0.2730780839920044 1.5914894342422485
v 0.6968792676925659 -0.2642933130264282 1.5455074310302734
v 0.7659276127815247 -0.2648652493953705 1.528735876083374
v 0.8040076494216919 -0.25284063816070557 1.4629744291305542
v 0.871384859085083 -0.2517220079898834 1.4486749172210693
v -1.0224889516830444 -0.32989418506622314 1.7516000270843506
v -0.6177629232406616 -0.1612541228532791 1.0896320343017578
v -0.5132350921630859 -0.15040934085845947 1.047666311264038
v -0.4635128676891327 -0.15104742348194122 1.06541109085083
v -0.41691553592681885 -0.14044493436813354 1.044266700744629
v -0.35939502716064453 -0.13312111794948578 1.0374239683151245
v -0.3483285903930664 -0.15574109554290771 1.1352043151855469
v -0.5348985195159912 -0.3813617527484894 2.1656599044799805
v -0.42634350061416626 -0.37507495284080505 2.152669668197632
v -0.32175007462501526 -0.3696311414241791 2.124469757080078
v -0.21765857934951782 -0.3643655478954315 2.081190347671509
v -0.11752530932426453 -0.35604438185691833 2.0450706481933594
v -0.023200079798698425 -0.3466724455356598 2.0043551921844482
v 0.06917615234851837 -0.34180447459220886 1.9724700450897217
v 0.15335865318775177 -0.321743905544281 1.8800995349884033
v 0.23507708311080933 -0.31172487139701843 1.8366756439208984
v 0.31052547693252563 -0.30497825145721436 1.8001105785369873
v 0.38122183084487915 -0.2926628589630127 1.721804141998291
v 0.458137184381485 -0.287932425737381 1.6972851753234863
v 0.5235059857368469 -0.28175410628318787 1.6490700244903564
v 0.5883262157440186 -0.2732929587364197 1.610520601272583
v 0.6524394750595093 -0.26872897148132324 1.5888478755950928
v 0.7025086879730225 -0.2607005834579468 1.5441136360168457
v 0.7692241072654724 -0.259051114320755 1.5230019092559814
v 0.8090458512306213 -0.2490909993648529 1.4611884355545044
v 0.8780314326286316 -0.24779513478279114 1.4488632678985596
v -1.0194851160049438 -0.32638993859291077 1.759809136390686
v -0.6107243299484253 -0.15880092978477478 1.0960899591445923
v -0.5175139307975769 -0.15166018903255463 1.0717276334762573
v -0.9175675511360168 -0.3994641602039337 2.1162304878234863
v -0.42225733399391174 -0.14277395606040955 1.0730713605880737
v -0.42213451862335205 -0.17927923798561096 1.3339219093322754
v -0.3656866252422333 -0.166939839720726 1.2039546966552734
v -0.5237171649932861 -0.3747318685054779 2.162428140640259
v -0.41595128178596497 -0.369045615196228 2.1479225158691406
v -0.3118360936641693 -0.36408865451812744 2.1185407638549805
v -0.20820945501327515 -0.35753676295280457 2.074080467224121
v -0.1082351878285408 -0.3504888415336609 2.041004180908203
v -0.014120775274932384 -0.3418176472187042 2.0026416778564453
v 0.07783222943544388 -0.3354417383670807 1.963240146636963
v 0.1613333523273468 -0.31613889336586 1.8762720823287964
v 0.24332009255886078 -0.30664533376693726 1.8345308303833008
v 0.3183611333370209 -0.30034178495407104 1.7975282669067383
v 0.3880833089351654 -0.28808024525642395 1.7200727462768555
v 0.46314865350723267 -0.2821483314037323 1.686251163482666
v 0.5316150188446045 -0.2776690721511841 1.649435043334961
v 0.5942535400390625 -0.2688453793525696 1.6076841354370117
v 0.657398521900177 -0.2642655670642853 1.5861058235168457
v 0.7085798978805542 -0.2569744288921356 1.5426660776138306
v 0.7716495990753174 -0.25339099764823914 1.5164799690246582
v 0.8142337203025818 -0.2454676479101181 1.4596104621887207
v 0.887483537197113 -0.24356186389923096 1.446500301361084
v -1.0134632587432861 -0.32204875349998474 1.7643005847930908
v -0.6041905879974365 -0.1570713222026825 1.1057473421096802
v -0.5318278074264526 -0.15736158192157745 1.1142921447753906
v -0.9095482230186462 -0.3918371796607971 2.12339448928833
v -0.6130719184875488 -0.2815188765525818 2.0371594429016113
v -0.729324996471405 -0.3892034590244293 2.2038607597351074
v -0.6185534000396729 -0.37481409311294556 2.177675724029541
v -0.5123139023780823 -0.36793187260627747 2.1580636501312256
v -0.40535327792167664 -0.3627065122127533 2.142038345336914
v -0.301410436630249 -0.3582562506198883 2.112180709838867
v -0.19844664633274078 -0.35117238759994507 2.065014362335205
v -0.09895980358123779 -0.3446793556213379 2.0358967781066895
v -0.0047907838597893715 -0.33694618940353394 1.9990485906600952
v 0.08636961132287979 -0.3286374807357788 1.9522767066955566
v 0.16933868825435638 -0.31050312519073486 1.8715983629226685
v 0.25143030285835266 -0.30174145102500916 1.8317079544067383
v 0.32683682441711426 -0.2952324450016022 1.7933663129806519
v 0.3955691456794739 -0.28385090827941895 1.718622088432312
v 0.4680604040622711 -0.27688586711883545 1.6742299795150757
v 0.5396780967712402 -0.2733072340488434 1.6494202613830566
v 0.6000868082046509 -0.26441264152526855 1.6051621437072754
v 0.662449836730957 -0.25964605808258057 1.5836864709854126
v 0.7149838209152222 -0.2531907260417938 1.5409936904907227
v 0.7741129398345947 -0.24796253442764282 1.509199857711792
v 0.8197336792945862 -0.24187101423740387 1.4577490091323853
v -1.0769010782241821 -0.3096991181373596 1.716963529586792
v -1.0045286417007446 -0.31625688076019287 1.763120174407959
v -0.5993087291717529 -0.15621425211429596 1.118167519569397
v -0.555060625076294 -0.16686145961284637 1.1733427047729492
v -0.900030791759491 -0.3834057152271271 2.127492904663086
v -0.8103040456771851 -0.3813678026199341 2.1642308235168457
v -0.7161731123924255 -0.38039708137512207 2.200723648071289
v -0.6081746220588684 -0.36787593364715576 2.172543525695801
v -0.5011245012283325 -0.3610333204269409 2.153322219848633
v -0.39475658535957336 -0.3565378487110138 2.135042905807495
v -0.29067254066467285 -0.352345734834671 2.1047353744506836
v -0.1879989355802536 -0.3454478681087494 2.0597872734069824
v -0.08979907631874084 -0.33850833773612976 2.0293924808502197
v 0.004412756767123938 -0.33168476819992065 1.9930098056793213
v 0.09483668208122253 -0.32162004709243774 1.9394885301589966
v 0.17746278643608093 -0.3050795793533325 1.8663464784622192
v 0.25927606225013733 -0.29701653122901917 1.8285161256790161
v 0.33368590474128723 -0.28946298360824585 1.7831029891967773
v 0.4032191336154938 -0.2795744836330414 1.7171660661697388
v 0.4743886888027191 -0.27255135774612427 1.6682796478271484
v 0.5464684963226318 -0.2686615586280823 1.646834135055542
v 0.6061559915542603 -0.26013684272766113 1.603503704071045
v 0.667535662651062 -0.2550404667854309 1.5809721946716309
v 0.7210078835487366 -0.24941246211528778 1.5391850471496582
v 0.7763219475746155 -0.24269060790538788 1.5008749961853027
v 0.8252447247505188 -0.23826315999031067 1.4555015563964844
v -1.050892949104309 -0.30303022265434265 1.7029697895050049
v -0.993903636932373 -0.3102280795574188 1.7588183879852295
v -0.5989385843276978 -0.15700621902942657 1.1374315023422241
v -0.7365390062332153 -0.2828715443611145 1.8827024698257446
v -0.8897739052772522 -0.374794602394104 2.1302313804626465
v -0.7978353500366211 -0.37337952852249146 2.166712760925293
v -0.7044388055801392 -0.3719751238822937 2.1962509155273438
v -0.5979688763618469 -0.3606072962284088 2.165701389312744
v -0.48997077345848083 -0.35430046916007996 2.148224353790283
v -0.3841386139392853 -0.35042473673820496 2.127664566040039
v -0.28000226616859436 -0.34579238295555115 2.0964744091033936
v -0.17756448686122894 -0.33974912762641907 2.054655075073242
v -0.08061033487319946 -0.33204182982444763 2.0209176540374756
v 0.013630657456815243 -0.3254871666431427 1.984383225440979
v 0.1032758355140686 -0.31452181935310364 1.9239546060562134
v 0.18580034375190735 -0.2998475134372711 1.8624019622802734
v 0.2671225368976593 -0.2925761044025421 1.825703740119934
v 0.3390551507472992 -0.2828543782234192 1.7600213289260864
v 0.411106139421463 -0.2752031087875366 1.7162004709243774
v 0.48154401779174805 -0.2685239017009735 1.666917324066162
v 0.5521782636642456 -0.2637244462966919 1.641606092453003
v 0.6126207709312439 -0.2562570869922638 1.60304594039917
v 0.6726790070533752 -0.25064054131507874 1.5771064758300781
v 0.7269259691238403 -0.24571332335472107 1.5370476245880127
v 0.7802788615226746 -0.2377910315990448 1.4927608966827393
v 0.8305439949035645 -0.2346586287021637 1.4534354209899902
v -1.0360337495803833 -0.29725316166877747 1.6980249881744385
v -0.9836707711219788 -0.3042648732662201 1.7553420066833496
v -0.6057730317115784 -0.16017159819602966 1.1677002906799316
v -0.9032546877861023 -0.34222739934921265 1.939522624015808
v -0.8784018754959106 -0.36614182591438293 2.1300435066223145
v -0.7859954833984375 -0.36563313007354736 2.170375347137451
v -0.6930924654006958 -0.364253968000412 2.1902945041656494
v -0.5873347520828247 -0.3533622920513153 2.1577351093292236
v -0.47868114709854126 -0.34784549474716187 2.1424078941345215
v -0.37325847148895264 -0.34414973855018616 2.119582414627075
v -0.2693294584751129 -0.33915975689888 2.0871012210845947
v -0.16754822432994843 -0.3337978720664978 2.0475571155548096
v -0.07135158032178879 -0.3255136013031006 2.0110883712768555
v 0.022824937477707863 -0.3189375698566437 1.9735056161880493
v 0.11159293353557587 -0.3074999153614044 1.9102832078933716
v 0.19442105293273926 -0.2946854829788208 1.8592453002929688
v 0.2752041518688202 -0.28844085335731506 1.823259949684143
v 0.34636762738227844 -0.27683740854263306 1.7481200695037842
v 0.4189775288105011 -0.2709169089794159 1.7153483629226685
v 0.4885982871055603 -0.2642941474914551 1.6667799949645996
v 0.5579988956451416 -0.259041965007782 1.6357662677764893
v 0.6193980574607849 -0.25237369537353516 1.6034268140792847
v 0.6779744625091553 -0.2464141994714737 1.5724793672561646
v 0.7331940531730652 -0.24199140071868896 1.5347464084625244
v 0.7849332094192505 -0.23369167745113373 1.485963225364685
v 0.8364753723144531 -0.23123855888843536 1.4518110752105713
v -1.0196017026901245 -0.2904765009880066 1.6897375583648682
v -0.9739362001419067 -0.2981972098350525 1.7523128986358643
v -0.9056985974311829 -0.3060648441314697 1.7772953510284424
v -0.9008691310882568 -0.33755698800086975 1.9630264043807983
v -0.8663207292556763 -0.3575011193752289 2.1273181438446045
v -0.7753717303276062 -0.35865873098373413 2.1728110313415527
v -0.6819750070571899 -0.35694923996925354 2.184244155883789
v -0.5764186382293701 -0.34638911485671997 2.14982533454895
v -0.4674134850502014 -0.34164664149284363 2.1363298892974854
v -0.36250144243240356 -0.33786189556121826 2.1109468936920166
v -0.2587089240550995 -0.3322943449020386 2.076111078262329
v -0.15776796638965607 -0.32760149240493774 2.039234161376953
v -0.061990030109882355 -0.3193310499191284 2.0005927085876465
v 0.03210918605327606 -0.31240981817245483 1.960162878036499
v 0.11994819343090057 -0.30084675550460815 1.9010604619979858
v 0.20301848649978638 -0.28970199823379517 1.8557384014129639
v 0.2834303379058838 -0.2844583988189697 1.8210502862930298
v 0.35402458906173706 -0.2722017765045166 1.7438766956329346
v 0.42695778608322144 -0.26644307374954224 1.7149962186813354
v 0.4962083399295807 -0.25979775190353394 1.6663789749145508
v 0.5643061399459839 -0.25453513860702515 1.6316478252410889
v 0.6268260478973389 -0.24854040145874023 1.6043784618377686
v 0.6833999156951904 -0.24247878789901733 1.568086862564087
v 0.7395745515823364 -0.23821955919265747 1.5328483581542969
v 0.7896496057510376 -0.23001199960708618 1.480089545249939
v 0.8433351516723633 -0.22799807786941528 1.450838327407837
v -1.001556634902954 -0.28296083211898804 1.6755316257476807
v -0.9639895558357239 -0.2921982705593109 1.7505627870559692
v -0.8978986740112305 -0.3008284270763397 1.7803311347961426
v -0.9008786678314209 -0.3336210250854492 1.9915865659713745
v -0.854006826877594 -0.349234938621521 2.1232943534851074
v -0.7652391791343689 -0.3521071970462799 2.1719465255737305
v -0.6709128618240356 -0.34969741106033325 2.1778199672698975
v -0.5639981031417847 -0.3397558331489563 2.143073081970215
v -0.45610469579696655 -0.33546221256256104 2.1301968097686768
v -0.3518296778202057 -0.33170169591903687 2.1019914150238037
v -0.24802611768245697 -0.32548028230667114 2.064635753631592
v -0.14796693623065948 -0.32148078083992004 2.0312390327453613
v -0.052563440054655075 -0.3133520483970642 1.9902929067611694
v 0.041870541870594025 -0.306194543838501 1.9491734504699707
v 0.12827451527118683 -0.29466405510902405 1.894901156425476
v 0.2113931030035019 -0.28486430644989014 1.8521783351898193
v 0.29146578907966614 -0.28050071001052856 1.818505048751831
v 0.3612907826900482 -0.26763492822647095 1.742473840713501
v 0.4349854290485382 -0.26180651783943176 1.7147536277770996
v 0.5039563775062561 -0.2552126944065094 1.6658730506896973
v 0.5705001354217529 -0.2499643713235855 1.6284749507904053
v 0.6347498297691345 -0.24465882778167725 1.6059205532073975
v 0.6889054179191589 -0.23870380222797394 1.563990592956543
v 0.7459712028503418 -0.23432253301143646 1.5313562154769897
v 0.7944433689117432 -0.22642506659030914 1.4754384756088257
v 0.8509146571159363 -0.22480186820030212 1.4501643180847168
v -0.9846421480178833 -0.27510949969291687 1.6614720821380615
v -0.9537354707717896 -0.28661224246025085 1.7494271993637085
v -0.8877054452896118 -0.2955624759197235 1.780280351638794
v -0.9003430604934692 -0.3302312195301056 2.0181891918182373
v -0.8422137498855591 -0.34162479639053345 2.1193013191223145
v -0.7551965117454529 -0.34582000970840454 2.170370101928711
v -0.65943443775177 -0.34262269735336304 2.1709513664245605
v -0.5514731407165527 -0.333329975605011 2.1372673511505127
v -0.4450165331363678 -0.32927295565605164 2.124479055404663
v -0.3409962058067322 -0.32563844323158264 2.0928335189819336
v -0.23711232841014862 -0.3195456564426422 2.054750919342041
v -0.13814622163772583 -0.3153049349784851 2.0228161811828613
v -0.04321332648396492 -0.30736804008483887 1.9805575609207153
v 0.05154404044151306 -0.30061817169189453 1.9421322345733643
v 0.13650257885456085 -0.2886974811553955 1.8900572061538696
v 0.21978867053985596 -0.2802082300186157 1.8488856554031372
v 0.299129843711853 -0.27614012360572815 1.8144934177398682
v 0.36900418996810913 -0.2626613974571228 1.7420995235443115
v 0.44242924451828003 -0.25710994005203247 1.7130645513534546
v 0.5111498832702637 -0.2507022023200989 1.664703607559204
v 0.5767512917518616 -0.2452603131532669 1.6259572505950928
v 0.6430219411849976 -0.2407078742980957 1.6077370643615723
v 0.6942468881607056 -0.2349976897239685 1.5602524280548096
v 0.7527157068252563 -0.23024681210517883 1.530300259590149
v 0.7990288734436035 -0.22283674776554108 1.4716750383377075
v 0.8587690591812134 -0.22139132022857666 1.4493108987808228
v -0.9705492258071899 -0.26842719316482544 1.6521730422973633
v -0.9428026080131531 -0.2812266945838928 1.7463682889938354
v -0.8782042264938354 -0.2908635139465332 1.7801965475082397
v -0.8977559208869934 -0.3268584609031677 2.0422778129577637
v -0.8304868340492249 -0.3344993591308594 2.115605354309082
v -0.7452045679092407 -0.3399178385734558 2.169405937194824
v -0.6475685834884644 -0.3358066976070404 2.163456678390503
v -0.5394313335418701 -0.32731714844703674 2.132845878601074
v -0.4338546097278595 -0.32287198305130005 2.1182236671447754
v -0.33002594113349915 -0.31945404410362244 2.0841546058654785
v -0.22623059153556824 -0.3144629895687103 2.048938274383545
v -0.1282890886068344 -0.3090912699699402 2.0138721466064453
v -0.03392158821225166 -0.3015240430831909 1.9709930419921875
v 0.06080997735261917 -0.2951822578907013 1.9342342615127563
v 0.1446099430322647 -0.28280672430992126 1.8849472999572754
v 0.22821733355522156 -0.2755240201950073 1.845647931098938
v 0.3064171075820923 -0.270935595035553 1.8092424869537354
v 0.3774251937866211 -0.25756126642227173 1.7422930002212524
v 0.44915682077407837 -0.25230976939201355 1.7086830139160156
v 0.5177707672119141 -0.24623596668243408 1.6626875400543213
v 0.5828403234481812 -0.2405458390712738 1.6239745616912842
v 0.6507177948951721 -0.2366274744272232 1.6085593700408936
v 0.6995589137077332 -0.2310638576745987 1.556817650794983
v 0.7605958580970764 -0.2260517179965973 1.5308221578598022
v 0.8039025664329529 -0.21919141709804535 1.4687631130218506
v 0.8675696849822998 -0.2177889049053192 1.4494171142578125
v -0.9590229988098145 -0.26295119524002075 1.6467180252075195
v -0.9315295219421387 -0.27580806612968445 1.741776943206787
v -0.8665057420730591 -0.28527671098709106 1.776768684387207
v -0.8931403160095215 -0.32290568947792053 2.0601487159729004
v -0.8187003135681152 -0.32746315002441406 2.1123695373535156
v -0.734923243522644 -0.33389773964881897 2.1679346561431885
v -0.6353500485420227 -0.3289487063884735 2.1557531356811523
v -0.5276603102684021 -0.32127460837364197 2.1287429332733154
v -0.42256489396095276 -0.31667307019233704 2.111265182495117
v -0.3190493881702423 -0.313493549823761 2.076179027557373
v -0.21591831743717194 -0.30926474928855896 2.0418636798858643
v -0.11844459921121597 -0.302960067987442 2.0049500465393066
v -0.024537695571780205 -0.2956860065460205 1.9616029262542725
v 0.069521963596344 -0.289139062166214 1.924607515335083
v 0.15283261239528656 -0.27705585956573486 1.8790178298950195
v 0.23642203211784363 -0.2708466649055481 1.841933012008667
v 0.3134961724281311 -0.26506099104881287 1.802599549293518
v 0.3858882486820221 -0.2525999844074249 1.7421252727508545
v 0.455519437789917 -0.24731285870075226 1.7018554210662842
v 0.5256072878837585 -0.24206747114658356 1.6608779430389404
v 0.589214563369751 -0.2362166792154312 1.6223725080490112
v 0.6574406623840332 -0.2327028065919876 1.6074165105819702
v 0.7048125267028809 -0.22700227797031403 1.5537371635437012
v 0.7678206562995911 -0.2216050773859024 1.530313491821289
v 0.8092305660247803 -0.21554312109947205 1.4667096138000488
v 0.8764057159423828 -0.21463266015052795 1.4525249004364014
v -0.9493248462677002 -0.2578902840614319 1.6447975635528564
v -0.9203099012374878 -0.2702914774417877 1.7363953590393066
v -0.8538392782211304 -0.2787981927394867 1.7709826231002808
v -0.8853452205657959 -0.31864824891090393 2.0671443939208984
v -0.8068971633911133 -0.321055144071579 2.109903573989868
v -0.7242199182510376 -0.3279817998409271 2.1649441719055176
v -0.6230526566505432 -0.32230454683303833 2.147860527038574
v -0.5157346725463867 -0.3152009844779968 2.123732089996338
v -0.4112161695957184 -0.3107146918773651 2.1042490005493164
v -0.30811694264411926 -0.3072865903377533 2.068549871444702
v -0.20591434836387634 -0.3033955991268158 2.032991886138916
v -0.10880151391029358 -0.2969161570072174 1.9961069822311401
v -0.01505541056394577 -0.2901228666305542 1.9530516862869263
v 0.07750856876373291 -0.2827945649623871 1.9151328802108765
v 0.16124030947685242 -0.27138814330101013 1.8735742568969727
v 0.24431481957435608 -0.2661585509777069 1.8370698690414429
v 0.3205483853816986 -0.25877371430397034 1.7947735786437988
v 0.3928545117378235 -0.2478097677230835 1.7395718097686768
v 0.462882936000824 -0.24234621226787567 1.6950010061264038
v 0.5360054969787598 -0.2378639280796051 1.664913535118103
v 0.596583902835846 -0.23216155171394348 1.6234872341156006
v 0.6631760597229004 -0.22881938517093658 1.6046370267868042
v 0.7101218104362488 -0.22303415834903717 1.5509064197540283
v 0.7727883458137512 -0.21719767153263092 1.5273957252502441
v 0.8151077032089233 -0.21195977926254272 1.4651691913604736
v 0.8887755274772644 -0.21224285662174225 1.4549641609191895
v -0.9415920972824097 -0.25332438945770264 1.6460516452789307
v -0.9055784940719604 -0.2639316916465759 1.7263579368591309
v -0.8379136323928833 -0.2725300192832947 1.7609753608703613
v -0.8765318989753723 -0.31386104226112366 2.067682981491089
v -0.7953559160232544 -0.3150807321071625 2.108255386352539
v -0.7132360935211182 -0.321929395198822 2.160313844680786
v -0.6110143065452576 -0.31590208411216736 2.139824628829956
v -0.5038565993309021 -0.3091369867324829 2.1173810958862305
v -0.39992764592170715 -0.30487656593322754 2.096792697906494
v -0.29714128375053406 -0.3009013533592224 2.061002016067505
v -0.19588953256607056 -0.29709693789482117 2.0234127044677734
v -0.09939970076084137 -0.290825217962265 1.9871174097061157
v -0.005795423407107592 -0.2848469614982605 1.9450039863586426
v 0.08532705157995224 -0.2764255702495575 1.906026005744934
v 0.16951581835746765 -0.26598504185676575 1.867475986480713
v 0.2519059479236603 -0.26138627529144287 1.8313255310058594
v 0.3278101682662964 -0.2524622678756714 1.7868452072143555
v 0.39893174171447754 -0.24283896386623383 1.734222412109375
v 0.47110989689826965 -0.23787152767181396 1.6917481422424316
v 0.5458647012710571 -0.23380468785762787 1.6694707870483398
v 0.6046062707901001 -0.228287935256958 1.6249947547912598
v 0.6683663129806519 -0.22481966018676758 1.6011698246002197
v 0.7156298160552979 -0.21913745999336243 1.5484468936920166
v 0.777362585067749 -0.21272039413452148 1.5230473279953003
v 0.821262776851654 -0.2086377739906311 1.4642311334609985
v -0.9989097714424133 -0.24094979465007782 1.6018507480621338
v -0.9349933862686157 -0.2490599900484085 1.649728775024414
v -0.8872279524803162 -0.25720763206481934 1.7102103233337402
v -0.8170140981674194 -0.26305922865867615 1.740705966949463
v -0.8661609888076782 -0.30817854404449463 2.064225912094116
v -0.7841718196868896 -0.309391587972641 2.106889486312866
v -0.701582670211792 -0.3155262768268585 2.154073715209961
v -0.5992673635482788 -0.30944186449050903 2.131294012069702
v -0.49210989475250244 -0.302921324968338 2.1102476119995117
v -0.38857367634773254 -0.29908013343811035 2.0882201194763184
v -0.2860429584980011 -0.29476121068000793 2.0529215335845947
v -0.18579243123531342 -0.2906721234321594 2.0134544372558594
v -0.09012164920568466 -0.28477171063423157 1.9783167839050293
v 0.003285686718299985 -0.27940234541893005 1.9368070363998413
v 0.09330020844936371 -0.26997309923171997 1.897178292274475
v 0.17726868391036987 -0.260840505361557 1.8604954481124878
v 0.2593255639076233 -0.256489634513855 1.824812650680542
v 0.33560580015182495 -0.2467116117477417 1.7782139778137207
v 0.40593186020851135 -0.2380714863538742 1.7278735637664795
v 0.47903957962989807 -0.23360788822174072 1.690773367881775
v 0.5526244640350342 -0.22952605783939362 1.6675907373428345
v 0.6126744151115417 -0.22445285320281982 1.626586675643921
v 0.6731240153312683 -0.22069965302944183 1.597019910812378
v 0.7215238809585571 -0.2152930200099945 1.546221137046814
v 0.7812499403953552 -0.20803280174732208 1.5152864456176758
v 0.8277207612991333 -0.20539158582687378 1.4639610052108765
v -0.9825343489646912 -0.23697838187217712 1.6022021770477295
v -0.9286445379257202 -0.2452041506767273 1.6535688638687134
v -0.8634166717529297 -0.24957185983657837 1.6847319602966309
v -0.7918457388877869 -0.2526065409183502 1.7075648307800293
v -0.855067789554596 -0.3019562065601349 2.0595479011535645
v -0.7734110355377197 -0.30400538444519043 2.105764150619507
v -0.6896845698356628 -0.3091217875480652 2.1469168663024902
v -0.587679386138916 -0.30297818779945374 2.123109817504883
v -0.48061299324035645 -0.29684481024742126 2.1028225421905518
v -0.3771606683731079 -0.2932664453983307 2.079343318939209
v -0.27506300806999207 -0.28900501132011414 2.0444085597991943
v -0.17567190527915955 -0.28444182872772217 2.003758430480957
v -0.08078383654356003 -0.27891069650650024 1.9698373079299927
v 0.01254195999354124 -0.27342331409454346 1.9281245470046997
v 0.10151173174381256 -0.2636167109012604 1.8886098861694336
v 0.18496040999889374 -0.25574371218681335 1.8529013395309448
v 0.2666820287704468 -0.25140857696533203 1.817919135093689
v 0.3427411615848541 -0.24136002361774445 1.7694697380065918
v 0.41381821036338806 -0.23386795818805695 1.7236636877059937
v 0.48660391569137573 -0.22926656901836395 1.69045090675354
v 0.558505654335022 -0.22537800669670105 1.6641343832015991
v 0.6204185485839844 -0.22066888213157654 1.627169132232666
v 0.677624523639679 -0.21660643815994263 1.59187650680542
v 0.7279588580131531 -0.21125803887844086 1.544278860092163
v 0.7841151356697083 -0.20371541380882263 1.502537727355957
v 0.8347358703613281 -0.2021494358778 1.4642101526260376
v -0.9726358652114868 -0.23246248066425323 1.6015160083770752
v -0.9211850166320801 -0.24141718447208405 1.6560721397399902
v -0.8363877534866333 -0.24094410240650177 1.6460285186767578
v -0.7697252035140991 -0.24381667375564575 1.6755167245864868
v -0.8428195714950562 -0.29532408714294434 2.0533676147460938
v -0.7626706957817078 -0.298513263463974 2.1042535305023193
v -0.6775001287460327 -0.30263036489486694 2.1388943195343018
v -0.5761843919754028 -0.29669737815856934 2.115457057952881
v -0.46913114190101624 -0.290845662355423 2.095001220703125
v -0.36575913429260254 -0.28749823570251465 2.0698513984680176
v -0.26416435837745667 -0.2834816575050354 2.0356063842773438
v -0.16556379199028015 -0.278375506401062 1.994729995727539
v -0.07149606198072433 -0.2731207013130188 1.961463212966919
v 0.02225627191364765 -0.26722052693367004 1.9199063777923584
v 0.10989467799663544 -0.2574804723262787 1.8803720474243164
v 0.19277620315551758 -0.2506789267063141 1.8445860147476196
v 0.2739257514476776 -0.24632345139980316 1.810415506362915
v 0.3497041165828705 -0.23635748028755188 1.762072205543518
v 0.4212491512298584 -0.229990616440773 1.7203600406646729
v 0.49391359090805054 -0.22517508268356323 1.6898233890533447
v 0.5648093223571777 -0.22137583792209625 1.6605360507965088
v 0.627741813659668 -0.21695737540721893 1.6264041662216187
v 0.6821083426475525 -0.21250751614570618 1.5856976509094238
v 0.734702467918396 -0.20709487795829773 1.542741060256958
v 0.7879506349563599 -0.20002631843090057 1.4939377307891846
v 0.842545747756958 -0.19883309304714203 1.465189814567566
v -0.9638450145721436 -0.22825951874256134 1.6011523008346558
v -0.9125364422798157 -0.23741230368614197 1.6561857461929321
v -0.8139723539352417 -0.23314353823661804 1.6117911338806152
v -0.7523707747459412 -0.23747286200523376 1.6523007154464722
v -0.8299398422241211 -0.28892266750335693 2.045602798461914
v -0.7520632743835449 -0.29283684492111206 2.1019344329833984
v -0.6654236912727356 -0.2962314486503601 2.130621910095215
v -0.5646799802780151 -0.2904815673828125 2.107478380203247
v -0.45765796303749084 -0.2849389612674713 2.087148666381836
v -0.354420930147171 -0.28171485662460327 2.059908628463745
v -0.25358882546424866 -0.2778744101524353 2.0265045166015625
v -0.15535689890384674 -0.27242612838745117 1.9852545261383057
v -0.0620959997177124 -0.2674410045146942 1.9525617361068726
v 0.03199438750743866 -0.2612214684486389 1.9123544692993164
v 0.1180594339966774 -0.2516407072544098 1.8723067045211792
v 0.20093928277492523 -0.24587206542491913 1.8379127979278564
v 0.2810524106025696 -0.24112120270729065 1.8023980855941772
v 0.356452077627182 -0.23156769573688507 1.754786729812622
v 0.42847058176994324 -0.2260379046201706 1.7158751487731934
v 0.5010547041893005 -0.22141501307487488 1.6877849102020264
v 0.5713870525360107 -0.21748079359531403 1.6564260721206665
v 0.6348072290420532 -0.21316491067409515 1.624603033065796
v 0.6868964433670044 -0.20830415189266205 1.5793404579162598
v 0.7416380643844604 -0.20297227799892426 1.5413596630096436
v 0.7931569814682007 -0.19670052826404572 1.4901491403579712
v 0.8518229722976685 -0.19539710879325867 1.4666942358016968
v -0.9552257061004639 -0.2243092656135559 1.600618600845337
v -0.9018514752388 -0.23297102749347687 1.6519750356674194
v -0.7962179183959961 -0.22538107633590698 1.5853240489959717
v -0.7078968286514282 -0.223942369222641 1.559759259223938
v -0.8170546293258667 -0.2826747000217438 2.037097930908203
v -0.741071343421936 -0.2869377136230469 2.0983099937438965
v -0.6533095836639404 -0.28982841968536377 2.121988534927368
v -0.5527046322822571 -0.28411829471588135 2.098684787750244
v -0.4463624358177185 -0.2791900038719177 2.0790560245513916
v -0.3432531952857971 -0.2758619487285614 2.049492835998535
v -0.24334338307380676 -0.27211993932724 2.017238140106201
v -0.14527997374534607 -0.2665480077266693 1.9761340618133545
v -0.052744828164577484 -0.2618321180343628 1.9431225061416626
v 0.04124007001519203 -0.25545114278793335 1.905078649520874
v 0.12595808506011963 -0.2461533546447754 1.8642895221710205
v 0.20940722525119781 -0.24142321944236755 1.8326101303100586
v 0.28797510266304016 -0.23571202158927917 1.7938156127929688
v 0.363120973110199 -0.22686514258384705 1.7476558685302734
v 0.4350144863128662 -0.22187119722366333 1.7099928855895996
v 0.5080739259719849 -0.2174399048089981 1.6835829019546509
v 0.5778748989105225 -0.21359877288341522 1.6523076295852661
v 0.6411803364753723 -0.20928391814231873 1.6218258142471313
v 0.692176103591919 -0.20405015349388123 1.5740265846252441
v 0.7494356632232666 -0.1987445056438446 1.5405378341674805
v 0.7991489768028259 -0.19307880103588104 1.4880714416503906
v 0.8621206283569336 -0.19194452464580536 1.468425989151001
v -0.9461374878883362 -0.22042794525623322 1.5991344451904297
v -0.8872446417808533 -0.22713522613048553 1.6404855251312256
v -0.7756710052490234 -0.2161659449338913 1.5594608783721924
v -0.6953775882720947 -0.21869231760501862 1.553295612335205
v -0.8039628863334656 -0.2759152054786682 2.02791690826416
v -0.730056881904602 -0.2811563014984131 2.094097137451172
v -0.6412253379821777 -0.28352758288383484 2.1131720542907715
v -0.54012131690979 -0.27767229080200195 2.0894124507904053
v -0.4350365698337555 -0.2733798921108246 2.0695998668670654
v -0.3321808874607086 -0.26998233795166016 2.0390591621398926
v -0.2330377697944641 -0.2662545442581177 2.007711410522461
v -0.13537269830703735 -0.26082539558410645 1.9689923524856567
v -0.0436067134141922 -0.25598976016044617 1.9331315755844116
v 0.04998045787215233 -0.2497323900461197 1.8975720405578613
v 0.13389518857002258 -0.24098308384418488 1.8563237190246582
v 0.21740294992923737 -0.23715367913246155 1.8260365724563599
v 0.29486364126205444 -0.23027485609054565 1.7848401069641113
v 0.3699478507041931 -0.22232010960578918 1.740828275680542
v 0.4405999183654785 -0.2174120396375656 1.7014570236206055
v 0.5162228345870972 -0.21340243518352509 1.6792892217636108
v 0.5838449001312256 -0.2096114307641983 1.6476130485534668
v 0.6464780569076538 -0.2052810788154602 1.617401361465454
v 0.6974129676818848 -0.1999090015888214 1.5697225332260132
v 0.7576507925987244 -0.19450974464416504 1.5400669574737549
v 0.8052191138267517 -0.18956580758094788 1.486107349395752
v 0.8715732097625732 -0.18859419226646423 1.4690840244293213
v -0.9363405108451843 -0.21623921394348145 1.595766544342041
v -0.8701803088188171 -0.22036635875701904 1.6221458911895752
v -0.7510353326797485 -0.20751681923866272 1.5314998626708984
v -0.6857153177261353 -0.2135106474161148 1.5521283149719238
v -0.7885822653770447 -0.26861631870269775 2.017393112182617
v -0.7189091444015503 -0.2754663825035095 2.0888724327087402
v -0.6290903687477112 -0.2772684097290039 2.1044037342071533
v -0.5276137590408325 -0.2714351713657379 2.079707145690918
v -0.4233207106590271 -0.2672152817249298 2.05747127532959
v -0.3213765025138855 -0.26420533657073975 2.028564929962158
v -0.2227233201265335 -0.2603622376918793 1.9977574348449707
v -0.12572523951530457 -0.2552250325679779 1.9624415636062622
v -0.034607309848070145 -0.24970607459545135 1.9215528964996338
v 0.058347657322883606 -0.24396896362304688 1.8897684812545776
v 0.14194168150424957 -0.23598122596740723 1.8482567071914673
v 0.22474141418933868 -0.23264272511005402 1.8182886838912964
v 0.3018556833267212 -0.22496460378170013 1.7756987810134888
v 0.3767824172973633 -0.2177981287240982 1.7339062690734863
v 0.44781333208084106 -0.21325738728046417 1.6946818828582764
v 0.5244911909103394 -0.20966070890426636 1.6762290000915527
v 0.5893264412879944 -0.20564088225364685 1.642488956451416
v 0.6509890556335449 -0.20121131837368011 1.6120944023132324
v 0.7028840780258179 -0.19589075446128845 1.566191554069519
v 0.7646191120147705 -0.19039110839366913 1.5372977256774902
v 0.8109697103500366 -0.1862650215625763 1.4840251207351685
v 0.8797271847724915 -0.1856582909822464 1.4681912660598755
v -0.9270946383476257 -0.21196626126766205 1.5928220748901367
v -0.8488540649414062 -0.21216236054897308 1.595790147781372
v -0.736632227897644 -0.20117387175559998 1.5204962491989136
v -0.6761898994445801 -0.20778357982635498 1.5520720481872559
v -0.7745266556739807 -0.2618426978588104 2.0090272426605225
v -0.707248330116272 -0.26986241340637207 2.082761526107788
v -0.6169877052307129 -0.2709742784500122 2.09537935256958
v -0.5150431990623474 -0.26522931456565857 2.0685319900512695
v -0.4110950529575348 -0.2604217529296875 2.0412614345550537
v -0.31060463190078735 -0.2583814561367035 2.017988681793213
v -0.2124529778957367 -0.25446557998657227 1.9873969554901123
v -0.11642538011074066 -0.24970023334026337 1.9542608261108398
v -0.025563668459653854 -0.2431899607181549 1.9079288244247437
v 0.06653262674808502 -0.2381005734205246 1.881964087486267
v 0.150135800242424 -0.23085126280784607 1.8397518396377563
v 0.2321190983057022 -0.22795365750789642 1.8101177215576172
v 0.30895429849624634 -0.21984878182411194 1.7668583393096924
v 0.38356199860572815 -0.21323208510875702 1.726790189743042
v 0.4570083022117615 -0.20928670465946198 1.6932287216186523
v 0.5312573909759521 -0.205947607755661 1.6705784797668457
v 0.5944225788116455 -0.2015794962644577 1.6364617347717285
v 0.6553444862365723 -0.1970089226961136 1.6065239906311035
v 0.7087221145629883 -0.19174827635288239 1.563239336013794
v 0.7696757912635803 -0.18630169332027435 1.532304286956787
v 0.8168150782585144 -0.18323951959609985 1.481609582901001
v 0.8863300681114197 -0.18303723633289337 1.465457558631897
v -0.9187547564506531 -0.20759934186935425 1.5905210971832275
v -0.8234052062034607 -0.2031538337469101 1.563517451286316
v -0.7270354628562927 -0.1959969699382782 1.5173043012619019
v -0.6661587357521057 -0.20078767836093903 1.5492064952850342
v -0.7617833614349365 -0.2559434175491333 2.002760887145996
v -0.6958393454551697 -0.26425960659980774 2.076176643371582
v -0.6051181554794312 -0.26482948660850525 2.0864787101745605
v -0.5019453763961792 -0.25874900817871094 2.0555317401885986
v -0.39855343103408813 -0.25369247794151306 2.0245418548583984
v -0.2998669147491455 -0.25252196192741394 2.0076193809509277
v -0.20228640735149384 -0.24863038957118988 1.9768767356872559
v -0.10722672194242477 -0.24391373991966248 1.9443707466125488
v -0.016603369265794754 -0.2371106892824173 1.8954602479934692
v 0.07463044673204422 -0.23220324516296387 1.873954176902771
v 0.15826912224292755 -0.22549596428871155 1.8309394121170044
v 0.23945434391498566 -0.2228996306657791 1.8012992143630981
v 0.31616121530532837 -0.21505896747112274 1.7586069107055664
v 0.3900641202926636 -0.20877541601657867 1.7197880744934082
v 0.4655093848705292 -0.20548851788043976 1.6917369365692139
v 0.5371237993240356 -0.2018514722585678 1.6638586521148682
v 0.5994704365730286 -0.19744175672531128 1.6301547288894653
v 0.660027265548706 -0.19268286228179932 1.600959300994873
v 0.7149561643600464 -0.18762162327766418 1.560359001159668
v 0.7738207578659058 -0.18227830529212952 1.5265569686889648
v 0.8226615190505981 -0.18022112548351288 1.4790585041046143
v 0.8951860666275024 -0.1809251755475998 1.4622609615325928
v -0.9095871448516846 -0.2030283808708191 1.5870661735534668
v -0.7992792129516602 -0.19449174404144287 1.5316874980926514
v -0.7194650769233704 -0.19147180020809174 1.5170987844467163
v -0.656670093536377 -0.19415412843227386 1.5450923442840576
v -0.7502341270446777 -0.25064903497695923 1.9992895126342773
v -0.6846405267715454 -0.2585054636001587 2.0691962242126465
v -0.5934418439865112 -0.2586924433708191 2.0774431228637695
v -0.4886167049407959 -0.25211745500564575 2.0420033931732178
v -0.3870438039302826 -0.24765169620513916 2.0137479305267334
v -0.2890980541706085 -0.24668554961681366 1.9972214698791504
v -0.1921255886554718 -0.24272587895393372 1.9662251472473145
v -0.09807766228914261 -0.23799999058246613 1.9339282512664795
v -0.0076467422768473625 -0.23188501596450806 1.8882170915603638
v 0.08277541399002075 -0.2264581173658371 1.8653919696807861
v 0.16626660525798798 -0.22013168036937714 1.8220055103302002
v 0.24644993245601654 -0.21747726202011108 1.7911770343780518
v 0.32334351539611816 -0.21052148938179016 1.7510569095611572
v 0.39636459946632385 -0.20445387065410614 1.7129544019699097
v 0.47248944640159607 -0.2016085833311081 1.687066912651062
v 0.5429592132568359 -0.19754302501678467 1.657064437866211
v 0.6044565439224243 -0.1932503581047058 1.6237404346466064
v 0.6649317741394043 -0.1883559226989746 1.5953965187072754
v 0.7210509777069092 -0.18353277444839478 1.5570168495178223
v 0.7779571413993835 -0.17827928066253662 1.5203948020935059
v 0.828073263168335 -0.1770058125257492 1.4760514497756958
v -0.9752699732780457 -0.19318708777427673 1.574669599533081
v -0.897358238697052 -0.19761040806770325 1.5793107748031616
v -0.7802550792694092 -0.18711738288402557 1.5086419582366943
v -0.7112664580345154 -0.1871437281370163 1.5163087844848633
v -0.6471867561340332 -0.18760164082050323 1.538572072982788
v -0.7383115291595459 -0.24569526314735413 1.9963998794555664
v -0.6735002398490906 -0.2526918053627014 2.062075614929199
v -0.5818134546279907 -0.25255224108695984 2.0677528381347656
v -0.47642889618873596 -0.2459622323513031 2.030668258666992
v -0.37631627917289734 -0.2423655390739441 2.0080714225769043
v -0.27839958667755127 -0.24090158939361572 1.9872381687164307
v -0.18202123045921326 -0.23666676878929138 1.955878496170044
v -0.0889233946800232 -0.23216357827186584 1.923582673072815
v 0.0013787817442789674 -0.22707991302013397 1.883725643157959
v 0.09083060175180435 -0.22111018002033234 1.856367588043213
v 0.17403970658779144 -0.21497343480587006 1.8131426572799683
v 0.25328996777534485 -0.21173270046710968 1.7801895141601562
v 0.3305324614048004 -0.20596933364868164 1.7440621852874756
v 0.4027996063232422 -0.2002362757921219 1.7063626050949097
v 0.47893720865249634 -0.19721361994743347 1.6813907623291016
v 0.548783540725708 -0.1933504194021225 1.6505587100982666
v 0.6094298362731934 -0.18904469907283783 1.6176453828811646
v 0.6699793338775635 -0.1840841919183731 1.5897045135498047
v 0.7266538143157959 -0.17942391335964203 1.5527334213256836
v 0.7819924354553223 -0.1741398125886917 1.5136570930480957
v 0.8325830698013306 -0.17317692935466766 1.4720821380615234
v -0.9606778621673584 -0.19020576775074005 1.572350025177002
v -0.8753334879875183 -0.19004033505916595 1.5560389757156372
v -0.7661777138710022 -0.1811220794916153 1.4956462383270264
v -0.7009849548339844 -0.18214981257915497 1.511692762374878
v -0.6304405331611633 -0.18155068159103394 1.5191524028778076
v -0.7262526750564575 -0.2398824691772461 1.9919984340667725
v -0.6620340347290039 -0.24672602117061615 2.054812431335449
v -0.5700487494468689 -0.246385857462883 2.057248115539551
v -0.46516403555870056 -0.24025505781173706 2.0222272872924805
v -0.3655121922492981 -0.23731303215026855 2.002988815307617
v -0.2677377164363861 -0.23519939184188843 1.9777576923370361
v -0.1718958020210266 -0.23057755827903748 1.9464234113693237
v -0.07960519939661026 -0.22633284330368042 1.9126498699188232
v 0.010566835291683674 -0.2219613790512085 1.878296136856079
v 0.09864078462123871 -0.21585613489151 1.847128987312317
v 0.1816086769104004 -0.20984119176864624 1.803789496421814
v 0.2602543532848358 -0.20591576397418976 1.7691113948822021
v 0.3380698263645172 -0.20132744312286377 1.7373236417770386
v 0.4095189869403839 -0.19605453312397003 1.7003185749053955
v 0.48547354340553284 -0.19276610016822815 1.6754878759384155
v 0.5544190406799316 -0.18920964002609253 1.6442506313323975
v 0.614335298538208 -0.18477383255958557 1.6120052337646484
v 0.6751410961151123 -0.17989537119865417 1.584078311920166
v 0.7317413091659546 -0.17531025409698486 1.5475850105285645
v 0.7854816913604736 -0.16991135478019714 1.505947470664978
v 0.8375104069709778 -0.16905519366264343 1.468273401260376
v -0.948796272277832 -0.18578200042247772 1.5666193962097168
v -0.8453581929206848 -0.1805853694677353 1.517008900642395
v -0.7557672262191772 -0.17605386674404144 1.4909579753875732
v -0.6918432712554932 -0.1772788017988205 1.5059517621994019
v -0.613362193107605 -0.17608311772346497 1.4956376552581787
v -0.7169737815856934 -0.234304741024971 1.9887583255767822
v -0.6505994200706482 -0.24088065326213837 2.0479235649108887
v -0.5581661462783813 -0.24037311971187592 2.046419382095337
v -0.4539760649204254 -0.234678715467453 2.014615297317505
v -0.3546464145183563 -0.23228061199188232 1.9964784383773804
v -0.25724077224731445 -0.2294921576976776 1.9683018922805786
v -0.16200029850006104 -0.22471992671489716 1.937846302986145
v -0.07025155425071716 -0.2205214947462082 1.9014211893081665
v 0.02005496434867382 -0.21628251671791077 1.870787501335144
v 0.10638663172721863 -0.21048499643802643 1.837702751159668
v 0.1890241801738739 -0.20478235185146332 1.7947399616241455
v 0.267429381608963 -0.20049050450325012 1.760779857635498
v 0.3449004888534546 -0.19664478302001953 1.7304965257644653
v 0.4165573716163635 -0.19172535836696625 1.6948275566101074
v 0.492046594619751 -0.18836906552314758 1.6695557832717896
v 0.5597639083862305 -0.1849813610315323 1.6381129026412964
v 0.6193811893463135 -0.1804860681295395 1.6065263748168945
v 0.6802114248275757 -0.17572461068630219 1.578230381011963
v 0.7366509437561035 -0.17123039066791534 1.5416300296783447
v 0.7885720729827881 -0.16568252444267273 1.4975144863128662
v 0.8433775305747986 -0.1650932878255844 1.4647696018218994
v -0.9365065097808838 -0.18079940974712372 1.5586130619049072
v -0.8180027604103088 -0.17164109647274017 1.4842770099639893
v -0.7481682896614075 -0.17165978252887726 1.4918729066848755
v -0.6845287084579468 -0.1728704273700714 1.5041463375091553
v -0.6010795831680298 -0.17071504890918732 1.4815651178359985
v -0.7075135707855225 -0.22887927293777466 1.9864156246185303
v -0.6392451524734497 -0.2352239042520523 2.041088104248047
v -0.5466437339782715 -0.23461613059043884 2.0358407497406006
v -0.4425594210624695 -0.22919097542762756 2.0062739849090576
v -0.34369006752967834 -0.22714315354824066 1.987635612487793
v -0.24682973325252533 -0.22380949556827545 1.9590123891830444
v -0.1523609161376953 -0.2191331535577774 1.929620385169983
v -0.06099991127848625 -0.21483534574508667 1.8907990455627441
v 0.029235484078526497 -0.21035240590572357 1.8619662523269653
v 0.11430612206459045 -0.2050352394580841 1.8279545307159424
v 0.19631241261959076 -0.1996837854385376 1.7858564853668213
v 0.2746037542819977 -0.19548793137073517 1.7541329860687256
v 0.35133129358291626 -0.19202996790409088 1.723595142364502
v 0.4235674738883972 -0.18732258677482605 1.6892919540405273
v 0.4988117516040802 -0.1840091198682785 1.6638720035552979
v 0.564913809299469 -0.18068033456802368 1.6321830749511719
v 0.6245375871658325 -0.17629022896289825 1.6009931564331055
v 0.6848110556602478 -0.17159418761730194 1.572099208831787
v 0.7413809299468994 -0.1671101599931717 1.5353374481201172
v 0.7919245958328247 -0.1615721434354782 1.4893885850906372
v 0.8490010499954224 -0.16138626635074615 1.4606351852416992
v -0.9226498007774353 -0.17569072544574738 1.545516014099121
v -0.8005912899971008 -0.16426481306552887 1.4676775932312012
v -0.7422581315040588 -0.16758617758750916 1.4956945180892944
v -0.6772962808609009 -0.16887928545475006 1.502772331237793
v -0.5928390026092529 -0.16583538055419922 1.4767926931381226
v -0.696222186088562 -0.2236730009317398 1.9828242063522339
v -0.6277391910552979 -0.22959981858730316 2.033252239227295
v -0.5345569849014282 -0.22897306084632874 2.025416135787964
v -0.43113696575164795 -0.2237083464860916 1.996999979019165
v -0.33280518651008606 -0.22163139283657074 1.9775617122650146
v -0.2364109754562378 -0.21823619306087494 1.9496939182281494
v -0.1428145319223404 -0.2137870490550995 1.9211220741271973
v -0.05188766494393349 -0.20917613804340363 1.8810627460479736
v 0.038103196769952774 -0.20451568067073822 1.8528190851211548
v 0.12270171195268631 -0.19958949089050293 1.8170804977416992
v 0.2035483717918396 -0.19467487931251526 1.777282476425171
v 0.2812654972076416 -0.1905464380979538 1.7466626167297363
v 0.3580446243286133 -0.18724596500396729 1.717084288597107
v 0.42980775237083435 -0.1825411170721054 1.6824896335601807
v 0.5055264830589294 -0.1797507256269455 1.6582838296890259
v 0.5698234438896179 -0.1762646585702896 1.6262729167938232
v 0.6295979022979736 -0.17212100327014923 1.5953900814056396
v 0.6892006397247314 -0.16746580600738525 1.56563138961792
v 0.7459033131599426 -0.16304750740528107 1.5289180278778076
v 0.7965285181999207 -0.15792417526245117 1.4836152791976929
v 0.8543848991394043 -0.15795601904392242 1.4560964107513428
v -0.8640180826187134 -0.16000139713287354 1.464790940284729
v -0.7870014309883118 -0.1587548851966858 1.458811640739441
v -0.7346943616867065 -0.16380073130130768 1.4975616931915283
v -0.6674983501434326 -0.16468147933483124 1.4970717430114746
v -0.5861108303070068 -0.1616034358739853 1.4758820533752441
v -0.6858655214309692 -0.21937936544418335 1.9806634187698364
v -0.6159016489982605 -0.22389937937259674 2.0245070457458496
v -0.522057831287384 -0.22317059338092804 2.0142462253570557
v -0.4196310341358185 -0.2181265950202942 1.9871869087219238
v -0.322081059217453 -0.2158339023590088 1.9670017957687378
v -0.2259814441204071 -0.2125060260295868 1.939881443977356
v -0.13328978419303894 -0.20842070877552032 1.9121451377868652
v -0.04279158636927605 -0.20359183847904205 1.8719550371170044
v 0.04674794152379036 -0.19898255169391632 1.8436810970306396
v 0.13128428161144257 -0.19442933797836304 1.8058412075042725
v 0.21094805002212524 -0.18984118103981018 1.7690882682800293
v 0.28771212697029114 -0.18532685935497284 1.7378422021865845
v 0.36496591567993164 -0.18226556479930878 1.7109038829803467
v 0.4353068768978119 -0.17785099148750305 1.6739245653152466
v 0.5120062828063965 -0.17551349103450775 1.6526000499725342
v 0.5748101472854614 -0.17200903594493866 1.620260238647461
v 0.6346642971038818 -0.16795015335083008 1.5897433757781982
v 0.6936329007148743 -0.1633560061454773 1.5591267347335815
v 0.7504172921180725 -0.1590459793806076 1.5224237442016602
v 0.8018913269042969 -0.15453515946865082 1.4793986082077026
v 0.8617618083953857 -0.15467876195907593 1.4537314176559448
v -0.8502321839332581 -0.15519605576992035 1.4557461738586426
v -0.7770944833755493 -0.15457242727279663 1.4544925689697266
v -0.7279664278030396 -0.1600019782781601 1.4979736804962158
v -0.6549015045166016 -0.15992046892642975 1.4867945909500122
v -0.5795150995254517 -0.1581529825925827 1.4760074615478516
v -0.6772933006286621 -0.21532174944877625 1.9790802001953125
v -0.6038203239440918 -0.21806396543979645 2.0143957138061523
v -0.5089837312698364 -0.21686893701553345 2.002002239227295
v -0.40816524624824524 -0.21250499784946442 1.9775798320770264
v -0.31133732199668884 -0.21009020507335663 1.956333041191101
v -0.21537339687347412 -0.2063751369714737 1.928823471069336
v -0.1238182932138443 -0.20298205316066742 1.9027256965637207
v -0.033679068088531494 -0.19799190759658813 1.8632677793502808
v 0.055141694843769073 -0.19362659752368927 1.8341652154922485
v 0.13950574398040771 -0.18992623686790466 1.7978253364562988
v 0.21859413385391235 -0.18524283170700073 1.7617130279541016
v 0.29412224888801575 -0.18002329766750336 1.7287254333496094
v 0.37166890501976013 -0.17723950743675232 1.704624891281128
v 0.44171392917633057 -0.1735352724790573 1.667365312576294
v 0.5180007219314575 -0.17125311493873596 1.6467704772949219
v 0.579818844795227 -0.16782349348068237 1.6141284704208374
v 0.6397079825401306 -0.16373902559280396 1.5839550495147705
v 0.6982520222663879 -0.15929871797561646 1.5525538921356201
v 0.7549363374710083 -0.15499651432037354 1.5157679319381714
v 0.8075446486473083 -0.15143027901649475 1.4761282205581665
v 0.8704311847686768 -0.15172365307807922 1.453212857246399
v -0.8402384519577026 -0.1510424166917801 1.4520666599273682
v -0.7698321342468262 -0.1509038209915161 1.4538999795913696
v -0.7208501100540161 -0.15621934831142426 1.4966120719909668
v -0.6386334896087646 -0.15355364978313446 1.4757966995239258
v -0.5725154876708984 -0.15460985898971558 1.4752931594848633
v -0.6682806015014648 -0.2103952318429947 1.975304365158081
v -0.5915870666503906 -0.21206672489643097 2.0028162002563477
v -0.4958411455154419 -0.21057002246379852 1.9899300336837769
v -0.3968401849269867 -0.20677518844604492 1.9677839279174805
v -0.3005196452140808 -0.20432943105697632 1.9457497596740723
v -0.20465680956840515 -0.19997861981391907 1.9157480001449585
v -0.11435063183307648 -0.19751805067062378 1.8931554555892944
v -0.024639161303639412 -0.1923678070306778 1.8546900749206543
v 0.06327516585588455 -0.1883843094110489 1.824059009552002
v 0.14758379757404327 -0.18573927879333496 1.792405128479004
v 0.22608639299869537 -0.18091151118278503 1.7555575370788574
v 0.3008088171482086 -0.17497563362121582 1.7209597826004028
v 0.37809932231903076 -0.172357976436615 1.6979503631591797
v 0.45023927092552185 -0.16941417753696442 1.6656153202056885
v 0.5237042903900146 -0.16711477935314178 1.6407909393310547
v 0.5848366618156433 -0.16361503303050995 1.6080344915390015
v 0.6447974443435669 -0.15952500700950623 1.5781549215316772
v 0.7030528783798218 -0.15528346598148346 1.5460788011550903
v 0.7592386603355408 -0.15096567571163177 1.509259581565857
v 0.8132110238075256 -0.14837953448295593 1.4732868671417236
v 0.8762663006782532 -0.14870356023311615 1.4504189491271973
v -0.832337498664856 -0.14718545973300934 1.4504534006118774
v -0.7638470530509949 -0.14724594354629517 1.4552668333053589
v -0.7130337953567505 -0.1525825411081314 1.4945484399795532
v -0.628416895866394 -0.14872094988822937 1.4652657508850098
v -0.564926266670227 -0.15092359483242035 1.4743821620941162
v -0.6567517518997192 -0.2038532793521881 1.965132713317871
v -0.5788933038711548 -0.20584920048713684 1.9899625778198242
v -0.4835430979728699 -0.20488186180591583 1.9801784753799438
v -0.38564378023147583 -0.20102903246879578 1.95763099193573
v -0.289803147315979 -0.19852207601070404 1.9353464841842651
v -0.19458496570587158 -0.1940959393978119 1.9055992364883423
v -0.10488246381282806 -0.1920996904373169 1.8838752508163452
v -0.015704721212387085 -0.18684707581996918 1.8455396890640259
v 0.07127147912979126 -0.18313898146152496 1.8130464553833008
v 0.15564623475074768 -0.18139272928237915 1.7865406274795532
v 0.23334017395973206 -0.1767367273569107 1.7498981952667236
v 0.3083570897579193 -0.1705935001373291 1.7164921760559082
v 0.3842814862728119 -0.16758328676223755 1.691044807434082
v 0.45929592847824097 -0.16555726528167725 1.664698839187622
v 0.5293095111846924 -0.16297128796577454 1.6346392631530762
v 0.5899105072021484 -0.1594230979681015 1.602062702178955
v 0.6499424576759338 -0.15540631115436554 1.5724124908447266
v 0.7078111171722412 -0.15134738385677338 1.539833903312683
v 0.7634358406066895 -0.14700062572956085 1.5028904676437378
v 0.8188399076461792 -0.14538997411727905 1.470491886138916
v 0.8822733163833618 -0.1461258828639984 1.4446537494659424
v -0.8261427879333496 -0.14390908181667328 1.450331687927246
v -0.7583029270172119 -0.14389686286449432 1.4571177959442139
v -0.7059435844421387 -0.14925146102905273 1.4940788745880127
v -0.6200162768363953 -0.14557211101055145 1.4624269008636475
v -0.5572820901870728 -0.14706408977508545 1.473688006401062
v -0.6456684470176697 -0.19819626212120056 1.9563252925872803
v -0.5661081075668335 -0.19966943562030792 1.9767659902572632
v -0.47214993834495544 -0.19950604438781738 1.9715293645858765
v -0.3746029734611511 -0.1953263133764267 1.947711706161499
v -0.2791445553302765 -0.1927834153175354 1.9248319864273071
v -0.1854369044303894 -0.18902164697647095 1.9006285667419434
v -0.09556576609611511 -0.1868048757314682 1.874807357788086
v -0.0068901111371815205 -0.1814487874507904 1.8357651233673096
v 0.07921863347291946 -0.17759272456169128 1.80128812789917
v 0.16349853575229645 -0.17639301717281342 1.7778904438018799
v 0.24055005609989166 -0.17207419872283936 1.7432312965393066
v 0.31685343384742737 -0.16671517491340637 1.7151211500167847
v 0.39051294326782227 -0.16290952265262604 1.6843631267547607
v 0.4665006995201111 -0.1615278720855713 1.6600919961929321
v 0.53470778465271 -0.15878258645534515 1.6283323764801025
v 0.5949954390525818 -0.1552199274301529 1.596229076385498
v 0.6551575660705566 -0.15139561891555786 1.5669026374816895
v 0.7125356197357178 -0.14734935760498047 1.5337176322937012
v 0.767857551574707 -0.143117755651474 1.496456503868103
v 0.8240660429000854 -0.14241358637809753 1.4668265581130981
v -0.9415236711502075 -0.14657816290855408 1.5198019742965698
v -0.8194705247879028 -0.13958752155303955 1.4526920318603516
v -0.7511242628097534 -0.14052633941173553 1.4579312801361084
v -0.7005912661552429 -0.146408349275589 1.4956269264221191
v -0.6119908094406128 -0.14150890707969666 1.45982825756073
v -0.5496395826339722 -0.1431191861629486 1.4737266302108765
v -0.6347500085830688 -0.19220183789730072 1.947246789932251
v -0.5534626245498657 -0.1935228556394577 1.962963581085205
v -0.4607820510864258 -0.19369840621948242 1.9605398178100586
v -0.363543301820755 -0.18980339169502258 1.9382413625717163
v -0.2684130072593689 -0.18705740571022034 1.9137042760849
v -0.17614658176898956 -0.1838938593864441 1.8929147720336914
v -0.08644422143697739 -0.1815340369939804 1.8656970262527466
v 0.0017758170142769814 -0.17606984078884125 1.8256481885910034
v 0.08711404353380203 -0.1719633936882019 1.7894792556762695
v 0.17099419236183167 -0.17119379341602325 1.7674939632415771
v 0.24774272739887238 -0.16711223125457764 1.735303521156311
v 0.32521069049835205 -0.16282203793525696 1.713129997253418
v 0.3968736529350281 -0.1583634614944458 1.6779924631118774
v 0.47232624888420105 -0.15728788077831268 1.6537710428237915
v 0.5397320985794067 -0.15460139513015747 1.6220697164535522
v 0.6000992655754089 -0.15103720128536224 1.5906193256378174
v 0.6603255271911621 -0.1473563313484192 1.5615665912628174
v 0.7172408103942871 -0.14336632192134857 1.5276237726211548
v 0.7722212076187134 -0.13927960395812988 1.4900743961334229
v 0.8287928700447083 -0.1391764134168625 1.461768388748169
v -0.9266974925994873 -0.14333640038967133 1.5136489868164062
v -0.8149020075798035 -0.1364642232656479 1.4543486833572388
v -0.7439210414886475 -0.13690312206745148 1.457460641860962
v -0.6960583925247192 -0.14367717504501343 1.4976556301116943
v -0.6058375835418701 -0.13803492486476898 1.4595847129821777
v -0.5419943332672119 -0.13904502987861633 1.4728556871414185
v -0.6237318515777588 -0.1863660216331482 1.9372261762619019
v -0.5410981178283691 -0.18733027577400208 1.9489169120788574
v -0.4490439295768738 -0.18731197714805603 1.9472640752792358
v -0.35249510407447815 -0.18445450067520142 1.928758144378662
v -0.25771334767341614 -0.18127143383026123 1.9015014171600342
v -0.1662820726633072 -0.1780550479888916 1.8806018829345703
v -0.07747556269168854 -0.17612193524837494 1.856203556060791
v 0.01040121540427208 -0.17055708169937134 1.815016269683838
v 0.09487958252429962 -0.16643649339675903 1.7785965204238892
v 0.17805980145931244 -0.16588477790355682 1.7569260597229004
v 0.25487399101257324 -0.16190099716186523 1.7275656461715698
v 0.3324820399284363 -0.15833301842212677 1.7073781490325928
v 0.40328603982925415 -0.1540263444185257 1.6717751026153564
v 0.4775601327419281 -0.15276162326335907 1.6464102268218994
v 0.5444903373718262 -0.15037667751312256 1.6158726215362549
v 0.605244517326355 -0.14690890908241272 1.5851919651031494
v 0.6654638051986694 -0.14334237575531006 1.5561716556549072
v 0.721956193447113 -0.13950631022453308 1.5216476917266846
v 0.7764754891395569 -0.13544820249080658 1.483904480934143
v 0.8327093124389648 -0.13550394773483276 1.4555943012237549
v -0.9157121777534485 -0.1389114260673523 1.5073134899139404
v -0.8080226182937622 -0.13303682208061218 1.4537593126296997
v -0.7368576526641846 -0.1332816183567047 1.4577548503875732
v -0.6914275884628296 -0.14097069203853607 1.4995204210281372
v -0.6002615690231323 -0.13507281243801117 1.4606777429580688
v -0.5358707308769226 -0.13487015664577484 1.4687265157699585
v -0.6125083565711975 -0.1802753508090973 1.9258478879928589
v -0.5291010737419128 -0.18130218982696533 1.9353163242340088
v -0.43689948320388794 -0.18091316521167755 1.9332892894744873
v -0.34160730242729187 -0.179117351770401 1.9190884828567505
v -0.24700216948986053 -0.17527177929878235 1.8884845972061157
v -0.1561717838048935 -0.17188528180122375 1.8670860528945923
v -0.06840348988771439 -0.170629620552063 1.846225619316101
v 0.01907884143292904 -0.16497953236103058 1.8042423725128174
v 0.10268541425466537 -0.1611488163471222 1.7691859006881714
v 0.18492063879966736 -0.1606382131576538 1.7469550371170044
v 0.26201575994491577 -0.156922847032547 1.720667839050293
v 0.3391316831111908 -0.1537199765443802 1.7003164291381836
v 0.40962687134742737 -0.1499822735786438 1.6657757759094238
v 0.4825515151023865 -0.14821839332580566 1.6384961605072021
v 0.5492671132087708 -0.14608930051326752 1.6094894409179688
v 0.6103644371032715 -0.14281009137630463 1.579758882522583
v 0.6703961491584778 -0.1393779069185257 1.550571322441101
v 0.7268255949020386 -0.13568748533725739 1.5155760049819946
v 0.7806997299194336 -0.13170428574085236 1.477907657623291
v 0.8368393182754517 -0.1316782385110855 1.4492676258087158
v -0.8996821045875549 -0.13286305963993073 1.4939402341842651
v -0.7984685897827148 -0.12945935130119324 1.4502211809158325
v -0.7315557599067688 -0.13008847832679749 1.4599735736846924
v -0.6838024854660034 -0.13738524913787842 1.4973667860031128
v -0.5947540998458862 -0.13244561851024628 1.46201753616333
v -0.5270723700523376 -0.1309049129486084 1.4686379432678223
v -0.6013116836547852 -0.17420803010463715 1.9149646759033203
v -0.5175185203552246 -0.17546838521957397 1.9225289821624756
v -0.4247685968875885 -0.17452271282672882 1.918272614479065
v -0.33077272772789 -0.17370110750198364 1.9087203741073608
v -0.23605041205883026 -0.16917245090007782 1.8753447532653809
v -0.146572083234787 -0.16607527434825897 1.8553762435913086
v -0.0593070313334465 -0.1650635004043579 1.8353909254074097
v 0.027664754539728165 -0.15943360328674316 1.7933926582336426
v 0.110594742000103 -0.15612946450710297 1.760704755783081
v 0.19180262088775635 -0.15531890094280243 1.737290620803833
v 0.2689186632633209 -0.15232791006565094 1.7145745754241943
v 0.3454611301422119 -0.14921918511390686 1.6929829120635986
v 0.4156765043735504 -0.14612838625907898 1.6596274375915527
v 0.48770174384117126 -0.14377403259277344 1.6310043334960938
v 0.554079532623291 -0.1417078673839569 1.602691888809204
v 0.6154823303222656 -0.13870447874069214 1.574493169784546
v 0.6750345230102539 -0.1354740560054779 1.5449650287628174
v 0.7316721677780151 -0.1319105625152588 1.509512186050415
v 0.7849298119544983 -0.12801669538021088 1.4721205234527588
v 0.8409454226493835 -0.12790201604366302 1.4434075355529785
v -0.863800585269928 -0.1247834637761116 1.4567021131515503
v -0.7884470224380493 -0.12577225267887115 1.4465632438659668
v -0.7304097414016724 -0.12843039631843567 1.4761943817138672
v -0.6647151708602905 -0.1312914341688156 1.475537896156311
v -0.5889711380004883 -0.1297033131122589 1.463294267654419
v -0.5184473991394043 -0.1265830546617508 1.4642122983932495
v -0.5902835130691528 -0.16851846873760223 1.9051084518432617
v -0.5052129626274109 -0.16977611184120178 1.9107210636138916
v -0.4126676321029663 -0.16836871206760406 1.903315782546997
v -0.3199492394924164 -0.16817031800746918 1.8978607654571533
v -0.2253648042678833 -0.16343359649181366 1.8639678955078125
v -0.1373291015625 -0.160808727145195 1.84536874294281
v -0.05011041462421417 -0.15949442982673645 1.8241276741027832
v 0.03603508323431015 -0.15403296053409576 1.7830296754837036
v 0.1184408888220787 -0.1512698382139206 1.7524058818817139
v 0.19871379435062408 -0.1498757302761078 1.7271020412445068
v 0.2757226824760437 -0.14793172478675842 1.708390474319458
v 0.35172033309936523 -0.14474396407604218 1.6860036849975586
v 0.42143142223358154 -0.1419539600610733 1.6524840593338013
v 0.49317702651023865 -0.13951662182807922 1.6240723133087158
v 0.5586979389190674 -0.13726280629634857 1.5954878330230713
v 0.6206214427947998 -0.13462038338184357 1.5693533420562744
v 0.6796435117721558 -0.13151894509792328 1.5392470359802246
v 0.7363560199737549 -0.1280851662158966 1.5034635066986084
v 0.7891542315483093 -0.12439963966608047 1.466330647468567
v 0.8451066613197327 -0.12412867695093155 1.4381256103515625
v -0.8543573617935181 -0.12136513739824295 1.4526314735412598
v -0.7801617980003357 -0.12212890386581421 1.4460856914520264
v -0.7264128923416138 -0.12673376500606537 1.4818143844604492
v -0.6378076076507568 -0.12082539498806 1.439703345298767
v -0.581662654876709 -0.12612619996070862 1.4629766941070557
v -0.5078890323638916 -0.12229817360639572 1.4560797214508057
v -0.5790610313415527 -0.16294026374816895 1.8956873416900635
v -0.4928951859474182 -0.1640351414680481 1.898354172706604
v -0.40105247497558594 -0.16265526413917542 1.8915156126022339
v -0.3092414140701294 -0.1626308709383011 1.8869640827178955
v -0.21541164815425873 -0.1583857387304306 1.8561142683029175
v -0.12835493683815002 -0.15564462542533875 1.8360967636108398
v -0.04078155383467674 -0.1538512408733368 1.8126037120819092
v 0.044173240661621094 -0.14882208406925201 1.7732641696929932
v 0.12618932127952576 -0.14649614691734314 1.744181513786316
v 0.20563426613807678 -0.1444295346736908 1.716809630393982
v 0.2826043963432312 -0.14355869591236115 1.702346682548523
v 0.35804852843284607 -0.14034859836101532 1.6793090105056763
v 0.42714202404022217 -0.1373862326145172 1.6448161602020264
v 0.49897444248199463 -0.13538986444473267 1.6178414821624756
v 0.5630582571029663 -0.13278749585151672 1.5882461071014404
v 0.6256928443908691 -0.13058115541934967 1.5642991065979004
v 0.684270977973938 -0.12754246592521667 1.5334184169769287
v 0.7410797476768494 -0.12432385236024857 1.4973340034484863
v 0.7933162450790405 -0.12077726423740387 1.4607090950012207
v 0.8490691184997559 -0.12031467258930206 1.432518482208252
v -0.8448569178581238 -0.1171645075082779 1.4498405456542969
v -0.7736380100250244 -0.1187167838215828 1.4466689825057983
v -0.7208613157272339 -0.12420932948589325 1.4828433990478516
v -0.628726601600647 -0.11713279038667679 1.4341838359832764
v -0.5722298622131348 -0.12109359353780746 1.4574778079986572
v -0.4981992840766907 -0.11869126558303833 1.4470676183700562
v -0.5679277181625366 -0.1576203554868698 1.8866060972213745
v -0.4807163178920746 -0.15834945440292358 1.8853156566619873
v -0.39018920063972473 -0.1573655754327774 1.882205605506897
v -0.2985192835330963 -0.15708951652050018 1.8758264780044556
v -0.2058405727148056 -0.15328846871852875 1.8475522994995117
v -0.11950071901082993 -0.15037313103675842 1.8263788223266602
v -0.031690169125795364 -0.14853507280349731 1.801679253578186
v 0.05218155309557915 -0.1437949240207672 1.7641451358795166
v 0.1339840441942215 -0.1417633295059204 1.7359280586242676
v 0.21282777190208435 -0.1395634412765503 1.7091760635375977
v 0.28945663571357727 -0.1390261948108673 1.6962602138519287
v 0.3642444610595703 -0.13603833317756653 1.6724624633789062
v 0.43325188755989075 -0.1330099254846573 1.6384862661361694
v 0.50494384765625 -0.13134530186653137 1.6122339963912964
v 0.5670065879821777 -0.12848059833049774 1.580474853515625
v 0.630885124206543 -0.1266038864850998 1.5592231750488281
v 0.6888899207115173 -0.12350961565971375 1.5275294780731201
v 0.745720386505127 -0.12059468030929565 1.4911137819290161
v 0.797224760055542 -0.11701378971338272 1.4553406238555908
v 0.8532494306564331 -0.11671046167612076 1.427022099494934
v -0.8380029797554016 -0.11443524062633514 1.4484537839889526
v -0.7669847011566162 -0.11549457162618637 1.4471882581710815
v -0.7154656052589417 -0.12103058397769928 1.4824976921081543
v -0.6214969158172607 -0.11344828456640244 1.4318134784698486
v -0.5595818161964417 -0.11601529270410538 1.4442905187606812
v -0.4894236922264099 -0.11523880064487457 1.4416813850402832
v -0.5567089319229126 -0.15254728496074677 1.877601146697998
v -0.4684511721134186 -0.15258300304412842 1.871347427368164
v -0.3794317841529846 -0.15207934379577637 1.8726810216903687
v -0.2877698838710785 -0.15160924196243286 1.8645050525665283
v -0.1960241198539734 -0.14774306118488312 1.8364368677139282
v -0.11056213825941086 -0.1450158655643463 1.8155441284179688
v -0.022996962070465088 -0.14357946813106537 1.7917025089263916
v 0.06013072654604912 -0.1389150768518448 1.755464792251587
v 0.1416945904493332 -0.13708950579166412 1.7276567220687866
v 0.22049391269683838 -0.13561050593852997 1.7061153650283813
v 0.296375572681427 -0.13448286056518555 1.6902310848236084
v 0.37026363611221313 -0.1317191869020462 1.6652920246124268
v 0.43992024660110474 -0.12901969254016876 1.6337858438491821
v 0.5106672048568726 -0.12729640305042267 1.6068154573440552
v 0.5707238912582397 -0.12416920065879822 1.571913719177246
v 0.6361585855484009 -0.12274057418107986 1.554084062576294
v 0.693504273891449 -0.11956126987934113 1.5215511322021484
v 0.7501542568206787 -0.11682579666376114 1.4851181507110596
v 0.8010339140892029 -0.11324805021286011 1.4500112533569336
v 0.857333779335022 -0.11329229176044464 1.4221720695495605
v -0.8310483694076538 -0.11098877340555191 1.4465138912200928
v -0.7591903209686279 -0.11229091137647629 1.446725845336914
v -0.7092843055725098 -0.1168469488620758 1.4800658226013184
v -0.6151334047317505 -0.11185365170240402 1.4356986284255981
v -0.547926664352417 -0.11056853830814362 1.4329229593276978
v -0.48193541169166565 -0.11175382137298584 1.4392597675323486
v -0.5452858209609985 -0.14735428988933563 1.8683816194534302
v -0.45575055480003357 -0.14668133854866028 1.8567650318145752
v -0.3686387240886688 -0.14659330248832703 1.8620433807373047
v -0.27702760696411133 -0.14609239995479584 1.8529224395751953
v -0.1862192153930664 -0.14196015894412994 1.8242725133895874
v -0.10170592367649078 -0.1396797001361847 1.8037090301513672
v -0.014352016150951385 -0.13879483938217163 1.7824299335479736
v 0.06807143986225128 -0.13418833911418915 1.7469456195831299
v 0.14929895102977753 -0.13236117362976074 1.7195098400115967
v 0.2281104177236557 -0.1321926712989807 1.7041090726852417
v 0.30335086584091187 -0.1300058662891388 1.683971881866455
v 0.37606289982795715 -0.1274077296257019 1.6576263904571533
v 0.44684672355651855 -0.12527379393577576 1.629960536956787
v 0.5160351991653442 -0.12336976081132889 1.6010448932647705
v 0.575736403465271 -0.11993376165628433 1.5658071041107178
v 0.6413701772689819 -0.11893563717603683 1.5489442348480225
v 0.6981608867645264 -0.11577367782592773 1.5155446529388428
v 0.7542551159858704 -0.11287747323513031 1.4792176485061646
v 0.8048975467681885 -0.10955430567264557 1.4444825649261475
v 0.8641281127929688 -0.10989075899124146 1.4153324365615845
v -0.8239874243736267 -0.10745315998792648 1.4453312158584595
v -0.7501561641693115 -0.10901100188493729 1.444152593612671
v -0.6988265514373779 -0.11152828484773636 1.4723703861236572
v -0.6092582941055298 -0.10885149240493774 1.4356060028076172
v -0.5400797128677368 -0.10698989033699036 1.43119215965271
v -0.4749196469783783 -0.10829576849937439 1.4369614124298096
v -0.5337947010993958 -0.14231812953948975 1.8588227033615112
v -0.44293496012687683 -0.14076769351959229 1.8433258533477783
v -0.357544481754303 -0.14110033214092255 1.8507912158966064
v -0.26631778478622437 -0.1405716985464096 1.841352105140686
v -0.17659932374954224 -0.13648851215839386 1.8119031190872192
v -0.09286660701036453 -0.1341264247894287 1.7901408672332764
v -0.005549084860831499 -0.13406436145305634 1.7734992504119873
v 0.07595810294151306 -0.12952470779418945 1.7385505437850952
v 0.1566639244556427 -0.12771475315093994 1.7110567092895508
v 0.23504558205604553 -0.1281985491514206 1.6994051933288574
v 0.3102307915687561 -0.12561771273612976 1.6771427392959595
v 0.38178202509880066 -0.12306921929121017 1.649768590927124
v 0.4536382853984833 -0.12161290645599365 1.625603437423706
v 0.521073579788208 -0.11946617811918259 1.5948861837387085
v 0.5829612016677856 -0.11607372760772705 1.5643236637115479
v 0.6465119123458862 -0.11517622321844101 1.5437040328979492
v 0.7027802467346191 -0.11201570183038712 1.5095503330230713
v 0.758144199848175 -0.10887931287288666 1.473440170288086
v 0.8088378310203552 -0.10604854673147202 1.4390287399291992
v -0.8997939825057983 -0.10481324046850204 1.4595959186553955
v -0.8176757097244263 -0.10408592224121094 1.4456329345703125
v -0.7407931089401245 -0.10552716255187988 1.440108060836792
v -0.681591272354126 -0.10470129549503326 1.4534660577774048
v -0.6026843786239624 -0.1052052304148674 1.4342278242111206
v -0.5329927802085876 -0.10337800532579422 1.4304512739181519
v -0.46784335374832153 -0.10501972585916519 1.4354032278060913
v -0.5222864151000977 -0.13741953670978546 1.8488187789916992
v -0.4316349923610687 -0.13548211753368378 1.834957242012024
v -0.3464207053184509 -0.1356535255908966 1.8396424055099487
v -0.2556927800178528 -0.13504426181316376 1.8296027183532715
v -0.16710035502910614 -0.13141418993473053 1.7999262809753418
v -0.08329195529222488 -0.12826330959796906 1.772650957107544
v 0.0030902759172022343 -0.1292394995689392 1.7647314071655273
v 0.08374065160751343 -0.12482696026563644 1.730471134185791
v 0.1637532263994217 -0.12295445054769516 1.7014527320861816
v 0.24156029522418976 -0.1232682392001152 1.6920275688171387
v 0.31678104400634766 -0.1211392804980278 1.6692399978637695
v 0.38743218779563904 -0.11870252341032028 1.6418195962905884
v 0.45985835790634155 -0.1180579736828804 1.6202092170715332
v 0.525915265083313 -0.11550921946763992 1.588240385055542
v 0.5903116464614868 -0.1124437004327774 1.5628176927566528
v 0.6511682271957397 -0.11136488616466522 1.5379855632781982
v 0.7073391675949097 -0.1082211285829544 1.5036017894744873
v 0.7620981931686401 -0.10492128878831863 1.4677871465682983
v 0.8127835392951965 -0.10254056751728058 1.4335918426513672
v -0.8860234022140503 -0.10061544924974442 1.4537131786346436
v -0.8118505477905273 -0.10075005888938904 1.4467430114746094
v -0.7316752672195435 -0.10160428285598755 1.435585379600525
v -0.6612488031387329 -0.09850861132144928 1.4285311698913574
v -0.5938174724578857 -0.10088363289833069 1.4285812377929688
v -0.5262770652770996 -0.10019796341657639 1.4298582077026367
v -0.4609113931655884 -0.10184482485055923 1.436246633529663
v -0.5109126567840576 -0.13252325356006622 1.8381929397583008
v -0.42159032821655273 -0.13095982372760773 1.8306363821029663
v -0.335438072681427 -0.13027949631214142 1.82926344871521
v -0.24516510963439941 -0.1295192539691925 1.81773841381073
v -0.15768204629421234 -0.12637487053871155 1.788794994354248
v -0.07377820461988449 -0.12273836135864258 1.757843017578125
v 0.011365870013833046 -0.12433208525180817 1.755908727645874
v 0.09153512865304947 -0.12025745213031769 1.722978115081787
v 0.1706223338842392 -0.1180165633559227 1.6913118362426758
v 0.24805627763271332 -0.11811453849077225 1.683229684829712
v 0.3229654133319855 -0.11647583544254303 1.6603641510009766
v 0.3931291699409485 -0.114348866045475 1.6340343952178955
v 0.46542176604270935 -0.11426229029893875 1.613288164138794
v 0.5306482911109924 -0.11151581257581711 1.5814367532730103
v 0.5956653952598572 -0.1085730493068695 1.5579299926757812
v 0.6554306149482727 -0.10748698562383652 1.5319966077804565
v 0.7115988731384277 -0.1041688323020935 1.4971270561218262
v 0.7659448981285095 -0.10098873823881149 1.4619922637939453
v 0.81657874584198 -0.09895077347755432 1.4279775619506836
v -0.875643789768219 -0.09601078182458878 1.4488499164581299
v -0.8057308197021484 -0.09736180305480957 1.4479835033416748
v -0.7222990989685059 -0.0972624272108078 1.4300285577774048
v -0.6457681059837341 -0.09388860315084457 1.4148354530334473
v -0.5833418369293213 -0.0963725745677948 1.4231560230255127
v -0.5195225477218628 -0.09720886498689651 1.429255485534668
v -0.45376527309417725 -0.09819959849119186 1.4358479976654053
v -0.49957284331321716 -0.12750039994716644 1.8269628286361694
v -0.4115709960460663 -0.1262403279542923 1.8227124214172363
v -0.3245745301246643 -0.12501084804534912 1.818666696548462
v -0.2348707765340805 -0.12407158315181732 1.8059695959091187
v -0.1487758755683899 -0.12150189280509949 1.780045747756958
v -0.0648510679602623 -0.11805270612239838 1.7529935836791992
v 0.01947029121220112 -0.11956894397735596 1.747294306755066
v 0.0993349626660347 -0.1158289834856987 1.7154645919799805
v 0.17750044167041779 -0.11307855695486069 1.68197762966156
v 0.2546669542789459 -0.1132797971367836 1.674106240272522
v 0.3287200331687927 -0.11171092092990875 1.6509318351745605
v 0.39882925152778625 -0.11008334159851074 1.6266205310821533
v 0.4703828990459442 -0.11007871478796005 1.604701042175293
v 0.535272479057312 -0.10741212964057922 1.5743772983551025
v 0.5997010469436646 -0.10440758615732193 1.5511345863342285
v 0.6595159769058228 -0.10352616012096405 1.5257604122161865
v 0.7152416706085205 -0.09976286441087723 1.4889575242996216
v 0.7696629762649536 -0.09709084779024124 1.4560725688934326
v 0.8205006718635559 -0.09525640308856964 1.422352910041809
v -0.8665443062782288 -0.09241089969873428 1.445439338684082
v -0.7996578216552734 -0.09416156262159348 1.4493896961212158
v -0.7135852575302124 -0.09301517903804779 1.4256740808486938
v -0.6377032995223999 -0.09123948216438293 1.413074016571045
v -0.5752291083335876 -0.09265497326850891 1.4226341247558594
v -0.5124160051345825 -0.09412480890750885 1.427938461303711
v -0.44578123092651367 -0.09438259154558182 1.4328433275222778
v -0.4879407286643982 -0.12238035351037979 1.8154914379119873
v -0.40077725052833557 -0.12079378962516785 1.81040620803833
v -0.31377121806144714 -0.11970522999763489 1.8073711395263672
v -0.22478562593460083 -0.11868466436862946 1.7942278385162354
v -0.1401585042476654 -0.11687581241130829 1.7723267078399658
v -0.05598809942603111 -0.11393850296735764 1.749165654182434
v 0.027357352897524834 -0.11464449018239975 1.7376854419708252
v 0.1070571020245552 -0.1114247739315033 1.7074148654937744
v 0.18464258313179016 -0.10826758295297623 1.6736702919006348
v 0.2608672082424164 -0.10862782597541809 1.6637755632400513
v 0.3342282772064209 -0.1069292351603508 1.6411116123199463
v 0.4041673541069031 -0.10588924586772919 1.6184589862823486
v 0.47502145171165466 -0.10565825551748276 1.5952873229980469
v 0.5396864414215088 -0.10315490514039993 1.5668139457702637
v 0.6033458709716797 -0.10011256486177444 1.5434620380401611
v 0.6636438369750977 -0.09941533952951431 1.5192244052886963
v 0.718591570854187 -0.0955696851015091 1.4799782037734985
v 0.7731309533119202 -0.093232661485672 1.449790120124817
v 0.8245946168899536 -0.091434046626091 1.4167237281799316
v -0.8577136397361755 -0.08939892053604126 1.4425734281539917
v -0.7935413718223572 -0.09109317511320114 1.4504339694976807
v -0.7051569223403931 -0.08896872401237488 1.4219011068344116
v -0.6320803165435791 -0.08923573046922684 1.4137414693832397
v -0.5692461729049683 -0.089777871966362 1.4229291677474976
v -0.5051367282867432 -0.09093686938285828 1.4264800548553467
v -0.4380391538143158 -0.09090763330459595 1.431091070175171
v -0.47617584466934204 -0.117087721824646 1.803762435913086
v -0.3892456591129303 -0.11495820432901382 1.7957422733306885
v -0.30304402112960815 -0.11440101265907288 1.7956626415252686
v -0.21482780575752258 -0.11343257129192352 1.782716155052185
v -0.13127431273460388 -0.11210382729768753 1.7631537914276123
v -0.04744825139641762 -0.10941200703382492 1.7403125762939453
v 0.03513190150260925 -0.10927757620811462 1.7246334552764893
v 0.11470791697502136 -0.10692032426595688 1.6990985870361328
v 0.19178439676761627 -0.10347771644592285 1.6660511493682861
v 0.2664416432380676 -0.10319633036851883 1.6490113735198975
v 0.339652955532074 -0.102206289768219 1.6313083171844482
v 0.408964604139328 -0.10146114975214005 1.6089928150177002
v 0.4794362783432007 -0.10108043253421783 1.5853149890899658
v 0.5438780188560486 -0.09882015734910965 1.5586907863616943
v 0.6072734594345093 -0.0959724709391594 1.536289930343628
v 0.6677525043487549 -0.09521469473838806 1.5121574401855469
v 0.7227544784545898 -0.09154895693063736 1.473618984222412
v 0.7753501534461975 -0.08910995721817017 1.440887451171875
v 0.8287344574928284 -0.08767030388116837 1.4112673997879028
v -0.8493174314498901 -0.08660540729761124 1.4407341480255127
v -0.7879802584648132 -0.08814617246389389 1.4515910148620605
v -0.6962199211120605 -0.08479519933462143 1.4175231456756592
v -0.6263993978500366 -0.08704544603824615 1.4149019718170166
v -0.563379168510437 -0.08691512793302536 1.4227025508880615
v -0.49845176935195923 -0.08784432709217072 1.4261983633041382
v -0.4302101135253906 -0.08749911934137344 1.4300830364227295
v -0.4644266963005066 -0.11166395246982574 1.7917231321334839
v -0.377928227186203 -0.10929347574710846 1.7817440032958984
v -0.29239606857299805 -0.1090678870677948 1.7836591005325317
v -0.20499679446220398 -0.10828448832035065 1.771202564239502
v -0.12222380191087723 -0.1071307584643364 1.7526657581329346
v -0.03893568366765976 -0.10448337346315384 1.7285380363464355
v 0.04315067082643509 -0.10365739464759827 1.7099913358688354
v 0.1222856417298317 -0.10231699794530869 1.6907236576080322
v 0.19874359667301178 -0.0987035408616066 1.6599940061569214
v 0.27190130949020386 -0.09761792421340942 1.6348521709442139
v 0.3449195623397827 -0.09760463237762451 1.6216692924499512
v 0.41335317492485046 -0.09670377522706985 1.5981714725494385
v 0.4836704432964325 -0.09651843458414078 1.575120210647583
v 0.5481103658676147 -0.0944071114063263 1.5506534576416016
v 0.6113359928131104 -0.09188785403966904 1.52944016456604
v 0.6716678738594055 -0.09103322774171829 1.5044033527374268
v 0.728063702583313 -0.08776460587978363 1.4693760871887207
v 0.7771430015563965 -0.08473999053239822 1.4303572177886963
v 0.8328268527984619 -0.08388690650463104 1.4058895111083984
v -0.8412113189697266 -0.08362305909395218 1.4398013353347778
v -0.7819918394088745 -0.08525209873914719 1.4517734050750732
v -0.6867994070053101 -0.0804995447397232 1.4122750759124756
v -0.6207398176193237 -0.0846584364771843 1.415479302406311
v -0.5575809478759766 -0.08388589322566986 1.4222913980484009
v -0.4924602210521698 -0.08480747789144516 1.426940679550171
v -0.42241308093070984 -0.08350229263305664 1.429530143737793
v -0.4526430070400238 -0.10627949982881546 1.7795119285583496
v -0.3668723404407501 -0.10416246205568314 1.7695529460906982
v -0.281836599111557 -0.10384621471166611 1.7718431949615479
v -0.1953122615814209 -0.10328912734985352 1.7600637674331665
v -0.11331110447645187 -0.10225481539964676 1.742457389831543
v -0.030437758192420006 -0.09941663593053818 1.7158129215240479
v 0.051259055733680725 -0.09852924197912216 1.7000538110733032
v 0.1298203021287918 -0.09768952429294586 1.682520866394043
v 0.20572435855865479 -0.09401639550924301 1.655529260635376
v 0.2776329517364502 -0.09239301830530167 1.6245903968811035
v 0.3502053916454315 -0.09314912557601929 1.6122958660125732
v 0.4178784489631653 -0.0919133797287941 1.5872215032577515
v 0.48775455355644226 -0.09187368303537369 1.5650603771209717
v 0.5524455308914185 -0.09003743529319763 1.5430419445037842
v 0.6156508922576904 -0.08791157603263855 1.5229787826538086
v 0.6754167079925537 -0.0869271457195282 1.4965020418167114
v 0.7331278324127197 -0.0841187834739685 1.4647529125213623
v 0.7800076603889465 -0.08060544729232788 1.4220863580703735
v 0.837131917476654 -0.08013558387756348 1.400702714920044
v -0.8346325159072876 -0.08047928661108017 1.4401423931121826
v -0.7707915306091309 -0.08174090087413788 1.446179986000061
v -0.6783038377761841 -0.0766090527176857 1.4079718589782715
v -0.6149470806121826 -0.08188120275735855 1.4153351783752441
v -0.5515305399894714 -0.08074406534433365 1.422290563583374
v -0.4859541654586792 -0.08167145401239395 1.4266197681427002
v -0.510113537311554 -0.10057409107685089 1.7327120304107666
v -0.44095346331596375 -0.10099625587463379 1.766859531402588
v -0.35613271594047546 -0.09929307550191879 1.7584128379821777
v -0.27133649587631226 -0.09877396374940872 1.7603514194488525
v -0.1858845055103302 -0.09848786145448685 1.7496284246444702
v -0.10461293160915375 -0.09761489927768707 1.732864260673523
v -0.02203449234366417 -0.09440185129642487 1.7038469314575195
v 0.059107184410095215 -0.09399423003196716 1.6929762363433838
v 0.13718724250793457 -0.09297630935907364 1.6740731000900269
v 0.21262140572071075 -0.08975238353013992 1.6508238315582275
v 0.2837284505367279 -0.08799515664577484 1.6182355880737305
v 0.3556886911392212 -0.0889098197221756 1.6038868427276611
v 0.42241671681404114 -0.08737287670373917 1.5774734020233154
v 0.49189507961273193 -0.08734051138162613 1.5554883480072021
v 0.5570658445358276 -0.08564126491546631 1.5356621742248535
v 0.6200973987579346 -0.08404049277305603 1.5167315006256104
v 0.6790653467178345 -0.08276824653148651 1.4885894060134888
v 0.7368791103363037 -0.08039676398038864 1.45877206325531
v 0.7842976450920105 -0.07670591026544571 1.4176548719406128
v 0.8410410284996033 -0.07666856795549393 1.3958029747009277
v -0.8300749063491821 -0.07713723927736282 1.4427651166915894
v -0.723186731338501 -0.07083002477884293 1.3803536891937256
v -0.6714452505111694 -0.07334662228822708 1.4052808284759521
v -0.6077946424484253 -0.0786677822470665 1.4141266345977783
v -0.5462419986724854 -0.07768210023641586 1.4235148429870605
v -0.4786941409111023 -0.07760689407587051 1.4253281354904175
v -0.5056142807006836 -0.09613899886608124 1.7418206930160522
v -0.4291427731513977 -0.09573148190975189 1.7539368867874146
v -0.34569495916366577 -0.09447626769542694 1.7476129531860352
v -0.2610052525997162 -0.09383860230445862 1.7491424083709717
v -0.1767486035823822 -0.093836709856987 1.7398347854614258
v -0.09599260985851288 -0.09299416840076447 1.7234296798706055
v -0.014013130217790604 -0.08988085389137268 1.6951360702514648
v 0.06635652482509613 -0.08962645381689072 1.6841340065002441
v 0.1442440003156662 -0.08829365670681 1.6647534370422363
v 0.21948468685150146 -0.08580542355775833 1.6453871726989746
v 0.2904629111289978 -0.08416145294904709 1.6135650873184204
v 0.36127424240112305 -0.0847717896103859 1.595963478088379
v 0.4273648262023926 -0.0831824243068695 1.569080114364624
v 0.49624428153038025 -0.0831131637096405 1.547013282775879
v 0.561741054058075 -0.08131131529808044 1.5287024974822998
v 0.6244915723800659 -0.08029701560735703 1.5104713439941406
v 0.6828809976577759 -0.07861832529306412 1.4806325435638428
v 0.7398345470428467 -0.07650041580200195 1.4517405033111572
v 0.7892564535140991 -0.0731578841805458 1.414661169052124
v 0.8473126888275146 -0.07320325076580048 1.3896286487579346
v -0.8266289830207825 -0.07384787499904633 1.4466135501861572
v -0.7149032354354858 -0.06735032051801682 1.3777563571929932
v -0.6648026704788208 -0.07042937725782394 1.403681993484497
v -0.598936915397644 -0.07524328678846359 1.4113043546676636
v -0.539765477180481 -0.07478423416614532 1.4231170415878296
v -0.4698050320148468 -0.0732264295220375 1.420085072517395
v -0.496896892786026 -0.09134527295827866 1.7356266975402832
v -0.4172884225845337 -0.09058385342359543 1.7415533065795898
v -0.3352850079536438 -0.08966705948114395 1.736819863319397
v -0.2509124279022217 -0.08899051696062088 1.7381327152252197
v -0.1678842008113861 -0.08925368636846542 1.7305303812026978
v -0.08741410076618195 -0.08833715319633484 1.7140206098556519
v -0.006280435249209404 -0.08594030886888504 1.690433382987976
v 0.07355781644582748 -0.08505440503358841 1.6746656894683838
v 0.15100455284118652 -0.0834522619843483 1.6536269187927246
v 0.2262277752161026 -0.0818951278924942 1.6392525434494019
v 0.29732728004455566 -0.08068515360355377 1.6095991134643555
v 0.366784006357193 -0.08062082529067993 1.588059425354004
v 0.43284642696380615 -0.07927203923463821 1.561161994934082
v 0.5007510781288147 -0.07901427149772644 1.5392314195632935
v 0.5665410161018372 -0.07712603360414505 1.5224473476409912
v 0.6287539005279541 -0.07658597826957703 1.5041309595108032
v 0.6868054270744324 -0.07459962368011475 1.4731940031051636
v 0.7428847551345825 -0.0724049061536789 1.4444620609283447
v 0.7938388586044312 -0.06980057805776596 1.4113777875900269
v -0.8837456703186035 -0.07264768332242966 1.4330222606658936
v -0.8232309818267822 -0.07054644823074341 1.4501316547393799
v -0.7090524435043335 -0.06453068554401398 1.378145456314087
v -0.6584265232086182 -0.06794693320989609 1.4033452272415161
v -0.5878651142120361 -0.0713331401348114 1.4064722061157227
v -0.5308786630630493 -0.07186213880777359 1.4184544086456299
v -0.46163222193717957 -0.06887490302324295 1.4155699014663696
v -0.4873671233654022 -0.08637388050556183 1.7278003692626953
v -0.4057712256908417 -0.08538954704999924 1.7289928197860718
v -0.3248142898082733 -0.08489570021629333 1.7260534763336182
v -0.24099606275558472 -0.0841173380613327 1.7273106575012207
v -0.1591481864452362 -0.08465855568647385 1.7213172912597656
v -0.07887721806764603 -0.08362717926502228 1.7042264938354492
v 0.0013228269526734948 -0.0821344181895256 1.6847379207611084
v 0.08088969439268112 -0.0804978460073471 1.6655585765838623
v 0.15765388309955597 -0.07847954332828522 1.642322301864624
v 0.2328854650259018 -0.07793211191892624 1.632435917854309
v 0.3040671646595001 -0.077279232442379 1.6052501201629639
v 0.37216201424598694 -0.0764773041009903 1.5802310705184937
v 0.4383843243122101 -0.07546967267990112 1.5535056591033936
v 0.5052708387374878 -0.07490134984254837 1.5317883491516113
v 0.5715004205703735 -0.07318654656410217 1.5168752670288086
v 0.6329593658447266 -0.07281986624002457 1.4976719617843628
v 0.6907930374145508 -0.07075715065002441 1.4665374755859375
v 0.7460215091705322 -0.06827598065137863 1.4370694160461426
v 0.7980663180351257 -0.06647416949272156 1.4072847366333008
v -0.8716095685958862 -0.06813698261976242 1.4322428703308105
v -0.8190962076187134 -0.06726086139678955 1.4532372951507568
v -0.704172670841217 -0.0619521290063858 1.3795925378799438
v -0.6529022455215454 -0.06580673903226852 1.4033544063568115
v -0.5797637701034546 -0.06752102822065353 1.4057269096374512
v -0.5204209089279175 -0.06843924522399902 1.411468744277954
v -0.45426568388938904 -0.0650981217622757 1.4129297733306885
v -0.47768956422805786 -0.08172288537025452 1.7181947231292725
v -0.39449575543403625 -0.0803438350558281 1.7165971994400024
v -0.3144303560256958 -0.08022160828113556 1.7154204845428467
v -0.23123623430728912 -0.07924740761518478 1.716909646987915
v -0.15041351318359375 -0.08015541732311249 1.7123103141784668
v -0.07028882950544357 -0.07888978719711304 1.6940237283706665
v 0.00945972464978695 -0.07781783491373062 1.6745576858520508
v 0.08831244707107544 -0.07607226073741913 1.6574207544326782
v 0.16440847516059875 -0.07404369860887527 1.634949803352356
v 0.2394399642944336 -0.07404003292322159 1.6254469156265259
v 0.3103308379650116 -0.07375042140483856 1.5998073816299438
v 0.37748438119888306 -0.0724354013800621 1.5724725723266602
v 0.4439328908920288 -0.07167460769414902 1.546020746231079
v 0.5096696615219116 -0.07076173275709152 1.5244396924972534
v 0.5762292742729187 -0.06947054713964462 1.511564016342163
v 0.6371930837631226 -0.06904309242963791 1.4911606311798096
v 0.6948816776275635 -0.06702853739261627 1.4600285291671753
v 0.7489193677902222 -0.0643281564116478 1.4291329383850098
v 0.8022321462631226 -0.06313006579875946 1.4026830196380615
v -0.8636282682418823 -0.06473338603973389 1.4316978454589844
v -0.8140860199928284 -0.0641961470246315 1.4555342197418213
v -0.6974664926528931 -0.058914583176374435 1.382300853729248
v -0.6454563140869141 -0.0632701888680458 1.3973934650421143
v -0.576711893081665 -0.06377999484539032 1.4112610816955566
v -0.5100089907646179 -0.06399808824062347 1.4027979373931885
v -0.44747933745384216 -0.06112204119563103 1.4108399152755737
v -0.46651193499565125 -0.07710526138544083 1.7050867080688477
v -0.383855938911438 -0.07561032474040985 1.70505690574646
v -0.304144024848938 -0.0755651667714119 1.7050328254699707
v -0.22171853482723236 -0.07436420023441315 1.7070083618164062
v -0.1418169140815735 -0.07566609978675842 1.7031652927398682
v -0.06180819496512413 -0.0742429867386818 1.6839251518249512
v 0.017735684290528297 -0.07330911606550217 1.6633516550064087
v 0.09598838537931442 -0.07192356139421463 1.650659441947937
v 0.1714787632226944 -0.07060576975345612 1.6329010725021362
v 0.24611619114875793 -0.07010489702224731 1.618598461151123
v 0.3163202106952667 -0.06997475028038025 1.593501091003418
v 0.38282209634780884 -0.06846532225608826 1.564996361732483
v 0.44924208521842957 -0.06781481206417084 1.538463830947876
v 0.514117956161499 -0.06669574230909348 1.5171586275100708
v 0.580888032913208 -0.06584933400154114 1.5063767433166504
v 0.6414453387260437 -0.06519680470228195 1.484480381011963
v 0.6988749504089355 -0.06320741027593613 1.4533123970031738
v 0.7520681023597717 -0.060567617416381836 1.4220329523086548
v 0.8063709735870361 -0.059775084257125854 1.39775550365448
v -0.8566805124282837 -0.06167123466730118 1.4318325519561768
v -0.808057427406311 -0.06131812185049057 1.4563274383544922
v -0.6928418278694153 -0.056783583015203476 1.384533166885376
v -0.5839022397994995 -0.053103286772966385 1.2921799421310425
v -0.5723503232002258 -0.06017085537314415 1.4138987064361572
v -0.49890267848968506 -0.05921107530593872 1.3899344205856323
v -0.43924424052238464 -0.05754717066884041 1.409924030303955
v -0.4535764455795288 -0.0717506855726242 1.6855028867721558
v -0.3737957775592804 -0.07115183025598526 1.6941334009170532
v -0.2940202057361603 -0.07091900706291199 1.6949095726013184
v -0.21237610280513763 -0.06962446123361588 1.697657823562622
v -0.1332559436559677 -0.07117598503828049 1.6936640739440918
v -0.053456809371709824 -0.06971795856952667 1.6739628314971924
v 0.025705590844154358 -0.06896480917930603 1.6534416675567627
v 0.10367926210165024 -0.06787160038948059 1.6438251733779907
v 0.1788100004196167 -0.06734642386436462 1.630800724029541
v 0.2526985704898834 -0.06625343859195709 1.6121881008148193
v 0.32208019495010376 -0.06610940396785736 1.5867173671722412
v 0.3881407678127289 -0.06444062292575836 1.5576720237731934
v 0.45417511463165283 -0.06392207741737366 1.5306940078735352
v 0.5186939835548401 -0.0627509132027626 1.5098257064819336
v 0.5856941938400269 -0.0622384287416935 1.501286268234253
v 0.6456542015075684 -0.0613764151930809 1.4777061939239502
v 0.7026240825653076 -0.059335894882678986 1.4465351104736328
v 0.7554696798324585 -0.056933872401714325 1.4159400463104248
v 0.8106147646903992 -0.05638441815972328 1.3926522731781006
v -0.8505293130874634 -0.05867410823702812 1.433194875717163
v -0.800949215888977 -0.058301109820604324 1.454833745956421
v -0.6878702640533447 -0.05459725856781006 1.386829137802124
v -0.5755389332771301 -0.050342027097940445 1.2875621318817139
v -0.5675998330116272 -0.05671463906764984 1.4150508642196655
v -0.4880542755126953 -0.05466834083199501 1.377287745475769
v -0.431231290102005 -0.05382488667964935 1.4090192317962646
v -0.43844661116600037 -0.06591522693634033 1.6595954895019531
v -0.3637106418609619 -0.06672313064336777 1.6831024885177612
v -0.2840472161769867 -0.06624764949083328 1.6852214336395264
v -0.20324283838272095 -0.06500653177499771 1.688689947128296
v -0.12467636168003082 -0.06669826060533524 1.6837592124938965
v -0.045235563069581985 -0.06536164879798889 1.664031744003296
v 0.03327982500195503 -0.06470254063606262 1.6445598602294922
v 0.11085473746061325 -0.0634988322854042 1.634158730506897
v 0.18603719770908356 -0.06336702406406403 1.6236454248428345
v 0.2589501142501831 -0.06243177875876427 1.6055084466934204
v 0.3278253972530365 -0.062216538935899734 1.5795762538909912
v 0.3933192193508148 -0.0605212077498436 1.5503230094909668
v 0.4588523507118225 -0.059999980032444 1.5227980613708496
v 0.523171067237854 -0.05875798314809799 1.5025649070739746
v 0.5904693603515625 -0.058607038110494614 1.4959994554519653
v 0.6498846411705017 -0.05753684788942337 1.4707131385803223
v 0.706034779548645 -0.05544423311948776 1.439375638961792
v 0.7588358521461487 -0.05338624119758606 1.4102277755737305
v 0.8146212100982666 -0.053035054355859756 1.3873742818832397
v -0.8456916809082031 -0.05588792636990547 1.4358785152435303
v -0.7929248809814453 -0.05497215315699577 1.450908899307251
v -0.6820324659347534 -0.051996033638715744 1.3876782655715942
v -0.5689777135848999 -0.047436099499464035 1.2874748706817627
v -0.5632805824279785 -0.05346061661839485 1.4159941673278809
v -0.48039889335632324 -0.05062738433480263 1.3754838705062866
v -0.4233187437057495 -0.05024236440658569 1.4080332517623901
v -0.42291122674942017 -0.060274552553892136 1.633044719696045
v -0.3533150851726532 -0.06203658506274223 1.671545147895813
v -0.27419158816337585 -0.061523955315351486 1.675521731376648
v -0.19430112838745117 -0.06046907976269722 1.6798555850982666
v -0.11616477370262146 -0.062261153012514114 1.673293113708496
v -0.03704063221812248 -0.06103945150971413 1.6538653373718262
v 0.04077249765396118 -0.060350943356752396 1.6347929239273071
v 0.11744241416454315 -0.05883599817752838 1.6220279932022095
v 0.192794531583786 -0.05884741619229317 1.6139085292816162
v 0.2649225890636444 -0.05843483284115791 1.5977487564086914
v 0.333757221698761 -0.05825924128293991 1.5721359252929688
v 0.3978898227214813 -0.05651111528277397 1.5407705307006836
v 0.46352723240852356 -0.056018877774477005 1.5147786140441895
v 0.5270681381225586 -0.05447389930486679 1.4949557781219482
v 0.5951492786407471 -0.05500204116106033 1.4904963970184326
v 0.6540148854255676 -0.0537271685898304 1.4636982679367065
v 0.7092523574829102 -0.051640383899211884 1.4320385456085205
v 0.7621294856071472 -0.04995616152882576 1.4045144319534302
v 0.8181270360946655 -0.0497417077422142 1.3818941116333008
v -0.8416457176208496 -0.05331849306821823 1.4389395713806152
v -0.7799272537231445 -0.04996630176901817 1.4427669048309326
v -0.6753844022750854 -0.04881662875413895 1.38665771484375
v -0.5641095042228699 -0.044685449451208115 1.2896028757095337
v -0.5582801699638367 -0.05049239099025726 1.4168334007263184
v -0.47420188784599304 -0.04700496420264244 1.3780488967895508
v -0.41773852705955505 -0.04726330190896988 1.4115803241729736
v -0.40981775522232056 -0.05511336401104927 1.6160166263580322
v -0.3425106406211853 -0.0571071095764637 1.6576499938964844
v -0.26440680027008057 -0.056817084550857544 1.6655948162078857
v -0.18545494973659515 -0.055980782955884933 1.670822024345398
v -0.10774299502372742 -0.05787324905395508 1.6627037525177002
v -0.028998928144574165 -0.056664273142814636 1.6435229778289795
v 0.048197876662015915 -0.055839478969573975 1.62362539768219
v 0.12399787455797195 -0.05431445688009262 1.6104172468185425
v 0.19943565130233765 -0.05429031327366829 1.6044161319732666
v 0.27079227566719055 -0.0543702132999897 1.5890904664993286
v 0.3396925926208496 -0.05435505509376526 1.5653419494628906
v 0.4020146131515503 -0.05240319296717644 1.5287716388702393
v 0.468147337436676 -0.052009958773851395 1.5067551136016846
v 0.531397819519043 -0.05036937817931175 1.4870442152023315
v 0.5998486876487732 -0.051371488720178604 1.4845325946807861
v 0.6580404043197632 -0.05001408979296684 1.4567686319351196
v 0.7123496532440186 -0.04792811721563339 1.4247171878814697
v 0.7656861543655396 -0.046719133853912354 1.3990849256515503
v 0.8213890790939331 -0.046543288975954056 1.3762648105621338
v -0.8377348184585571 -0.05061368644237518 1.4409526586532593
v -0.7524123191833496 -0.04455864429473877 1.4149059057235718
v -0.6683694124221802 -0.045419108122587204 1.38458251953125
v -0.5589274168014526 -0.04116107150912285 1.2930736541748047
v -0.463243693113327 -0.04229610785841942 1.1901719570159912
v -0.46892693638801575 -0.043571438640356064 1.3799220323562622
v -0.47103962302207947 -0.04973047599196434 1.595815658569336
v -0.40099674463272095 -0.05115007981657982 1.6137399673461914
v -0.331325501203537 -0.052405912429094315 1.6434762477874756
v -0.2547474801540375 -0.052109990268945694 1.655285120010376
v -0.17684240639209747 -0.05166657641530037 1.661241054534912
v -0.09924844652414322 -0.05343342944979668 1.6518179178237915
v -0.021037088707089424 -0.05230575054883957 1.6326079368591309
v 0.05539986863732338 -0.051449161022901535 1.6126046180725098
v 0.13070808351039886 -0.05005709081888199 1.6003541946411133
v 0.20594820380210876 -0.05013016611337662 1.5959231853485107
v 0.2766680419445038 -0.05029909685254097 1.5801725387573242
v 0.3455333411693573 -0.05045036971569061 1.558548927307129
v 0.4062248766422272 -0.04822050780057907 1.5178396701812744
v 0.4726717174053192 -0.0480368509888649 1.4987225532531738
v 0.5383188724517822 -0.046686675399541855 1.4858547449111938
v 0.6043564081192017 -0.04771216958761215 1.477973461151123
v 0.661980926990509 -0.046377211809158325 1.4498175382614136
v 0.7153462171554565 -0.044216398149728775 1.4173744916915894
v 0.7691876292228699 -0.04347018525004387 1.3934818506240845
v 0.8241616487503052 -0.043392863124608994 1.370037317276001
v -0.8322842121124268 -0.04735000431537628 1.4403847455978394
v -0.7298219203948975 -0.03970678895711899 1.3854753971099854
v -0.6619611978530884 -0.04217894375324249 1.3838411569595337
v -0.5556771159172058 -0.03853704035282135 1.296791911125183
v -0.4473215341567993 -0.03998269885778427 1.1693557500839233
v -0.4638157784938812 -0.040486861020326614 1.3823206424713135
v -0.4636656641960144 -0.04691438749432564 1.6004513502120972
v -0.3932521641254425 -0.04765414446592331 1.6156102418899536
v -0.32140088081359863 -0.04802690073847771 1.631514072418213
v -0.24536389112472534 -0.04760684072971344 1.6453746557235718
v -0.16837430000305176 -0.047468531876802444 1.6510567665100098
v -0.09075172245502472 -0.04900084808468819 1.6407217979431152
v -0.01314967218786478 -0.048035670071840286 1.6210196018218994
v 0.062490373849868774 -0.04718499630689621 1.602226734161377
v 0.13742595911026 -0.045914627611637115 1.5908188819885254
v 0.21220441162586212 -0.04620036855340004 1.5875917673110962
v 0.2824440598487854 -0.04617782309651375 1.5712502002716064
v 0.3512249290943146 -0.04660298302769661 1.5514099597930908
v 0.41106122732162476 -0.04420698061585426 1.5093021392822266
v 0.47710180282592773 -0.04405488073825836 1.4903523921966553
v 0.5460383892059326 -0.04358707368373871 1.4868171215057373
v 0.608300507068634 -0.04385673999786377 1.4705474376678467
v 0.6658352613449097 -0.04271060228347778 1.4426952600479126
v 0.7183356285095215 -0.04055480286478996 1.4103121757507324
v 0.7725560069084167 -0.040188420563936234 1.3876527547836304
v 0.8282930254936218 -0.04018980637192726 1.3616411685943604
v -0.8219113349914551 -0.042933300137519836 1.4338120222091675
v -0.7157269716262817 -0.037055566906929016 1.3745325803756714
v -0.6565018892288208 -0.03915281966328621 1.3827648162841797
v -0.551758348941803 -0.03543674573302269 1.3013896942138672
v -0.43813616037368774 -0.035860516130924225 1.1618528366088867
v -0.4588949978351593 -0.03728371486067772 1.385801076889038
v -0.455130010843277 -0.043564725667238235 1.5949440002441406
v -0.38502243161201477 -0.04358995705842972 1.6133003234863281
v -0.31200143694877625 -0.043641168624162674 1.6204853057861328
v -0.2361803501844406 -0.04316776618361473 1.6356582641601562
v -0.15986846387386322 -0.04320789501070976 1.6395167112350464
v -0.08217502385377884 -0.044525809586048126 1.6294761896133423
v -0.005411490332335234 -0.04385443031787872 1.6093134880065918
v 0.06957890838384628 -0.043008916079998016 1.592703104019165
v 0.14398923516273499 -0.04186255484819412 1.5815367698669434
v 0.21825911104679108 -0.04222538694739342 1.5786521434783936
v 0.28811442852020264 -0.04203197732567787 1.562199592590332
v 0.3569263815879822 -0.04279535636305809 1.54362952709198
v 0.41654258966445923 -0.040430642664432526 1.5032399892807007
v 0.4812963306903839 -0.040020089596509933 1.4818127155303955
v 0.5516725778579712 -0.040371205657720566 1.4822537899017334
v 0.6117892265319824 -0.039866406470537186 1.4621831178665161
v 0.6695637702941895 -0.03891174495220184 1.4351950883865356
v 0.721299409866333 -0.037031084299087524 1.403271198272705
v 0.7757201194763184 -0.03686618059873581 1.3813583850860596
v -0.8619398474693298 -0.03907772898674011 1.3899415731430054
v -0.805475652217865 -0.03775013983249664 1.4173831939697266
v -0.7043753266334534 -0.034212369471788406 1.3664549589157104
v -0.6465535759925842 -0.03497454896569252 1.3744421005249023
v -0.5483471155166626 -0.03222370520234108 1.3071486949920654
v -0.430511474609375 -0.03169219568371773 1.1560522317886353
v -0.45343121886253357 -0.03384382650256157 1.3877763748168945
v -0.44662052392959595 -0.04004745930433273 1.5880587100982666
v -0.37586304545402527 -0.03947489336133003 1.605588674545288
v -0.3026234805583954 -0.03907112777233124 1.6093101501464844
v -0.22713513672351837 -0.038638535887002945 1.625962257385254
v -0.15136638283729553 -0.039075687527656555 1.6275619268417358
v -0.07376369833946228 -0.04019167646765709 1.6181493997573853
v 0.002113837283104658 -0.039781078696250916 1.5981342792510986
v 0.0767744928598404 -0.0388762429356575 1.5834447145462036
v 0.15036243200302124 -0.037868574261665344 1.572422742843628
v 0.22415345907211304 -0.03818890452384949 1.5693554878234863
v 0.2936667501926422 -0.037963733077049255 1.553118109703064
v 0.3622848689556122 -0.038901437073946 1.5351189374923706
v 0.42210128903388977 -0.036697667092084885 1.4973317384719849
v 0.48539799451828003 -0.03598754107952118 1.4730732440948486
v 0.5551812648773193 -0.03669390082359314 1.4741710424423218
v 0.6152954697608948 -0.035933900624513626 1.4537439346313477
v 0.673105776309967 -0.035160839557647705 1.427751064300537
v 0.7242239117622375 -0.03355174884200096 1.3964463472366333
v 0.779016375541687 -0.03359003737568855 1.375057578086853
v -0.8473658561706543 -0.03438254073262215 1.3870313167572021
v -0.79060298204422 -0.03287279233336449 1.4053722620010376
v -0.6942871809005737 -0.031171923503279686 1.3594741821289062
v -0.5894458293914795 -0.0279066301882267 1.2758612632751465
v -0.5461269021034241 -0.02924415096640587 1.3158669471740723
v -0.423334538936615 -0.02806517481803894 1.1528210639953613
v -0.44884374737739563 -0.0301619041711092 1.3906078338623047
v -0.4370305836200714 -0.03631769120693207 1.578824758529663
v -0.36670035123825073 -0.03542117029428482 1.5968146324157715
v -0.2933560609817505 -0.034686848521232605 1.5991265773773193
v -0.2182040959596634 -0.03433418646454811 1.6159825325012207
v -0.14262829720973969 -0.035354092717170715 1.615386724472046
v -0.06528284400701523 -0.036089640110731125 1.606499433517456
v 0.009537010453641415 -0.035788875073194504 1.5873866081237793
v 0.08400575071573257 -0.034883514046669006 1.5745251178741455
v 0.1567150354385376 -0.03395945206284523 1.5636858940124512
v 0.23000963032245636 -0.034236494451761246 1.5601364374160767
v 0.29899728298187256 -0.03404201194643974 1.5437867641448975
v 0.36711692810058594 -0.03473862260580063 1.525102138519287
v 0.42743778228759766 -0.03299756348133087 1.4913341999053955
v 0.48959293961524963 -0.032217759639024734 1.4649401903152466
v 0.5577991604804993 -0.032762378454208374 1.4645158052444458
v 0.6190195083618164 -0.03208240866661072 1.445281744003296
v 0.6762136220932007 -0.03138209134340286 1.4199283123016357
v 0.7270526885986328 -0.030099401250481606 1.3897908926010132
v 0.7822644710540771 -0.030361803248524666 1.368819236755371
v -0.8422340154647827 -0.03010302037000656 1.390627145767212
v -0.7799631953239441 -0.02870245836675167 1.3995658159255981
v -0.6859496831893921 -0.02775511145591736 1.356103539466858
v -0.5812624096870422 -0.02470971643924713 1.2695187330245972
v -0.5443925261497498 -0.026619549840688705 1.3228025436401367
v -0.41731539368629456 -0.024506043642759323 1.152037501335144
v -0.44176387786865234 -0.02671390399336815 1.3908803462982178
v -0.4266073703765869 -0.032571401447057724 1.567662000656128
v -0.35735446214675903 -0.03148699179291725 1.5888712406158447
v -0.28402602672576904 -0.030529996380209923 1.5897626876831055
v -0.20908910036087036 -0.03009442426264286 1.6058006286621094
v -0.1339251548051834 -0.03212563693523407 1.6024491786956787
v -0.05685855820775032 -0.031962715089321136 1.594482183456421
v 0.016877926886081696 -0.03184762969613075 1.5767910480499268
v 0.09100286662578583 -0.031025690957903862 1.5655639171600342
v 0.16312317550182343 -0.030177855864167213 1.55547034740448
v 0.23600570857524872 -0.030445829033851624 1.551499366760254
v 0.3043386936187744 -0.03017515130341053 1.53435480594635
v 0.3715798854827881 -0.030542442575097084 1.5144636631011963
v 0.4325726330280304 -0.029321784153580666 1.4847508668899536
v 0.4948354959487915 -0.028709134086966515 1.4609898328781128
v 0.5599247813224792 -0.02855132333934307 1.4537022113800049
v 0.6228071451187134 -0.02841554582118988 1.437439203262329
v 0.679157018661499 -0.027645481750369072 1.4119526147842407
v 0.7300160527229309 -0.026655836030840874 1.3826119899749756
v 0.785196840763092 -0.02710220403969288 1.3619976043701172
v -0.8386557102203369 -0.02734333835542202 1.398010015487671
v -0.7707616686820984 -0.025313854217529297 1.393073320388794
v -0.6780425310134888 -0.02449215017259121 1.3533469438552856
v -0.5718965530395508 -0.0205432940274477 1.2687427997589111
v -0.5379002094268799 -0.023840032517910004 1.3176791667938232
v -0.4117986857891083 -0.021082226186990738 1.1521360874176025
v -0.43497708439826965 -0.023153206333518028 1.3905789852142334
v -0.4161562919616699 -0.028582900762557983 1.5552400350570679
v -0.3479959964752197 -0.02771654911339283 1.5816104412078857
v -0.2747233510017395 -0.026609422639012337 1.581169605255127
v -0.19970159232616425 -0.026022834703326225 1.5952184200286865
v -0.124903604388237 -0.02931029349565506 1.588830590248108
v -0.04852127656340599 -0.027767807245254517 1.5821869373321533
v 0.02414453774690628 -0.027970662340521812 1.5663015842437744
v 0.09755076467990875 -0.026942487806081772 1.5552787780761719
v 0.1695900559425354 -0.02649621106684208 1.5474998950958252
v 0.24210602045059204 -0.026820773258805275 1.5434625148773193
v 0.3096286356449127 -0.0263323113322258 1.52492356300354
v 0.3761724829673767 -0.02657325193285942 1.5038812160491943
v 0.43758052587509155 -0.025769809260964394 1.4779282808303833
v 0.5009559392929077 -0.025514589622616768 1.4588884115219116
v 0.5608956813812256 -0.024010485038161278 1.4393428564071655
v 0.6261600255966187 -0.02488189935684204 1.4296133518218994
v 0.6822103261947632 -0.024062087759375572 1.404373288154602
v 0.7327682971954346 -0.02325945533812046 1.3751583099365234
v 0.7878882884979248 -0.023720758035779 1.3543914556503296
v -0.8305056095123291 -0.023751473054289818 1.3934326171875
v -0.7585033774375916 -0.021605979651212692 1.3827853202819824
v -0.6691083908081055 -0.021040936931967735 1.3482251167297363
v -0.567819356918335 -0.018705956637859344 1.2718876600265503
v -0.5222234129905701 -0.020663674920797348 1.291155219078064
v -0.40653523802757263 -0.017906051129102707 1.1522895097732544
v -0.4275321066379547 -0.019744502380490303 1.3905709981918335
v -0.4058847725391388 -0.024667035788297653 1.5460903644561768
v -0.3388996720314026 -0.024054309353232384 1.5747199058532715
v -0.26539167761802673 -0.022724168375134468 1.5728025436401367
v -0.19025206565856934 -0.021750614047050476 1.5843780040740967
v -0.11503838002681732 -0.02602343261241913 1.5567306280136108
v -0.04030543938279152 -0.023601751774549484 1.570436954498291
v 0.031357187777757645 -0.024162380024790764 1.5559462308883667
v 0.10409407317638397 -0.022858021780848503 1.5449540615081787
v 0.17595891654491425 -0.022864215075969696 1.5394926071166992
v 0.24816548824310303 -0.02321987971663475 1.5354738235473633
v 0.31466686725616455 -0.02254192717373371 1.5152474641799927
v 0.3810552954673767 -0.022723382338881493 1.494318962097168
v 0.44246381521224976 -0.022222794592380524 1.4709386825561523
v 0.5062828063964844 -0.02223353646695614 1.4552067518234253
v 0.5606503486633301 -0.01916760578751564 1.4196327924728394
v 0.6290510892868042 -0.02126450277864933 1.4208869934082031
v 0.6852881908416748 -0.020614899694919586 1.3971750736236572
v 0.7348204851150513 -0.0198646429926157 1.3672137260437012
v 0.7908036708831787 -0.020389126613736153 1.3471345901489258
v -0.8176697492599487 -0.019377293065190315 1.383788824081421
v -0.7403937578201294 -0.017144963145256042 1.3643414974212646
v -0.6602530479431152 -0.017481815069913864 1.3444905281066895
v -0.5641553401947021 -0.01645185425877571 1.2744725942611694
v -0.4938354790210724 -0.016741592437028885 1.238111138343811
v -0.4008295238018036 -0.014859063550829887 1.152392029762268
v -0.42028212547302246 -0.016419900581240654 1.3887298107147217
v -0.39729467034339905 -0.02106257528066635 1.5435528755187988
v -0.3298758566379547 -0.020379917696118355 1.567286729812622
v -0.25603818893432617 -0.018935130909085274 1.5637136697769165
v -0.18156467378139496 -0.01766008697450161 1.5731000900268555
v -0.0671280026435852 -0.022204576060175896 1.0202807188034058
v -0.032669469714164734 -0.019812054932117462 1.5594757795333862
v 0.03856347128748894 -0.020352259278297424 1.5455191135406494
v 0.11131100356578827 -0.019270213320851326 1.5395689010620117
v 0.18215474486351013 -0.01927964948117733 1.531129002571106
v 0.2538827955722809 -0.019602032378315926 1.5268828868865967
v 0.3194412589073181 -0.01869789883494377 1.505126714706421
v 0.38575729727745056 -0.01909957081079483 1.4854196310043335
v 0.4471791982650757 -0.01869392581284046 1.4637813568115234
v 0.5096648931503296 -0.01819613389670849 1.4471229314804077
v 0.5633819103240967 -0.01593952067196369 1.4110099077224731
v 0.6321588754653931 -0.01754469983279705 1.412152647972107
v 0.6883586645126343 -0.017287176102399826 1.39039146900177
v 0.7366997003555298 -0.016528798267245293 1.359075665473938
v 0.7943156361579895 -0.017239995300769806 1.3414177894592285
v -0.802366316318512 -0.014912032522261143 1.37148118019104
v -0.7231862545013428 -0.012894744984805584 1.3475350141525269
v -0.6537446975708008 -0.01374243013560772 1.3435697555541992
v -0.5608335733413696 -0.013630116358399391 1.2755186557769775
v -0.4525034427642822 -0.010411744005978107 1.155747413635254
v -0.3948940932750702 -0.011963478289544582 1.1521419286727905
v -0.4136453866958618 -0.01287650316953659 1.386946678161621
v -0.38849058747291565 -0.017359232529997826 1.5420992374420166
v -0.32075047492980957 -0.016419678926467896 1.5586891174316406
v -0.247007817029953 -0.015149750746786594 1.5536644458770752
v -0.17423449456691742 -0.013662575744092464 1.560229778289795
v -0.06218748167157173 -0.018286261707544327 1.0203255414962769
v -0.025245724245905876 -0.01626017317175865 1.549342393875122
v 0.04570907726883888 -0.01654266193509102 1.5352897644042969
v 0.11822149902582169 -0.015816079452633858 1.534017562866211
v 0.18841539323329926 -0.015796363353729248 1.5230114459991455
v 0.2592792212963104 -0.015906551852822304 1.517511248588562
v 0.3241899907588959 -0.014720916748046875 1.4948616027832031
v 0.3901292085647583 -0.015521501190960407 1.4765167236328125
v 0.4517805576324463 -0.01520835142582655 1.4563934803009033
v 0.5121943950653076 -0.014202801510691643 1.433497428894043
v 0.5704752206802368 -0.012869378551840782 1.4110078811645508
v 0.6357647180557251 -0.013950973749160767 1.4039306640625
v 0.6913788318634033 -0.014027985744178295 1.383669376373291
v 0.7394324541091919 -0.013352537527680397 1.3523863554000854
v 0.7987264394760132 -0.01432807371020317 1.336769938468933
v -0.7897141575813293 -0.011224196292459965 1.363026738166809
v -0.7107988595962524 -0.009226345457136631 1.3388659954071045
v -0.6456529498100281 -0.010345307178795338 1.3362808227539062
v -0.5552968382835388 -0.011524999514222145 1.2692193984985352
v -0.44413092732429504 -0.007695840205997229 1.149948000907898
v -0.3883788585662842 -0.009028791449964046 1.1516366004943848
v -0.40661686658859253 -0.009355934336781502 1.3842220306396484
v -0.3793635666370392 -0.01365339569747448 1.5363956689834595
v -0.3116234540939331 -0.012390505522489548 1.5492029190063477
v -0.23788657784461975 -0.011332386173307896 1.5422464609146118
v -0.16721445322036743 -0.00934883113950491 1.5436179637908936
v -0.057491615414619446 -0.014598353765904903 1.0207186937332153
v -0.017950136214494705 -0.012770719826221466 1.5393857955932617
v 0.052730366587638855 -0.012822924181818962 1.5263519287109375
v 0.12454850971698761 -0.012376799248158932 1.526453971862793
v 0.19477936625480652 -0.012393970973789692 1.5152411460876465
v 0.26457270979881287 -0.012202590703964233 1.507568597793579
v 0.32927367091178894 -0.010796645656228065 1.4849827289581299
v 0.39424651861190796 -0.011863239109516144 1.4675551652908325
v 0.4562258720397949 -0.011713854037225246 1.4486753940582275
v 0.5154191255569458 -0.010297409258782864 1.4221915006637573
v 0.5788403749465942 -0.010177122429013252 1.4132970571517944
v 0.6394643783569336 -0.010548246093094349 1.3963381052017212
v 0.6944684386253357 -0.010885434225201607 1.3769781589508057
v 0.7430168986320496 -0.010401061736047268 1.3469462394714355
v 0.8021524548530579 -0.011638450436294079 1.33096444606781
v -0.782006561756134 -0.00826894398778677 1.3616465330123901
v -0.7021153569221497 -0.006370734889060259 1.3351428508758545
v -0.6350967288017273 -0.006581301800906658 1.3263256549835205
v -0.4786040782928467 -0.008347422815859318 1.1170850992202759
v -0.4370505213737488 -0.004967131651937962 1.1462223529815674
v -0.3808651566505432 -0.006236502435058355 1.1504961252212524
v -0.39926883578300476 -0.006193721666932106 1.3797268867492676
v -0.36967694759368896 -0.009855506010353565 1.5269701480865479
v -0.3025684952735901 -0.008558926172554493 1.539186954498291
v -0.22914335131645203 -0.0073386491276323795 1.5274924039840698
v -0.10314451903104782 -0.00951720867305994 1.0165393352508545
v -0.052965711802244186 -0.01125116553157568 1.021898627281189
v -0.010803832672536373 -0.009243407286703587 1.5290553569793701
v 0.059605300426483154 -0.009262685663998127 1.5190871953964233
v 0.13077376782894135 -0.008895485661923885 1.5176557302474976
v 0.20107339322566986 -0.008930849842727184 1.5076823234558105
v 0.2697509527206421 -0.008340890519320965 1.4973777532577515
v 0.33442988991737366 -0.00717619713395834 1.4749681949615479
v 0.39854058623313904 -0.008234098553657532 1.4589018821716309
v 0.4605041444301605 -0.008274667896330357 1.4408297538757324
v 0.5198169946670532 -0.006891841534525156 1.416454553604126
v 0.5851749181747437 -0.007574789691716433 1.4100513458251953
v 0.6430712938308716 -0.007384683005511761 1.389920711517334
v 0.6974887847900391 -0.0077715227380394936 1.3700369596481323
v 0.7468226552009583 -0.0077681513503193855 1.3421677350997925
v 0.8051901459693909 -0.008910057134926319 1.3229868412017822
v -0.7749514579772949 -0.005489961244165897 1.359999179840088
v -0.6956263780593872 -0.003915485460311174 1.333508014678955
v -0.6230849623680115 -0.0027827327139675617 1.3155407905578613
v -0.4717790484428406 -0.004772166255861521 1.115440845489502
v -0.4311298727989197 -0.002554297214373946 1.1452431678771973
v -0.37210240960121155 -0.003573483321815729 1.1481479406356812
v -0.3920685052871704 -0.003024432808160782 1.374695062637329
v -0.3602956235408783 -0.006026627961546183 1.5168811082839966
v -0.2937574088573456 -0.0049366126768291 1.529320240020752
v -0.15132510662078857 -0.01347626093775034 0.9956747889518738
v -0.09738577902317047 -0.007389368489384651 1.0112528800964355
v -0.04770052433013916 -0.00815559457987547 1.022145390510559
v -0.0038166854064911604 -0.005742837209254503 1.5186004638671875
v 0.06637213379144669 -0.005656992085278034 1.5109763145446777
v 0.13715717196464539 -0.005476862657815218 1.508357286453247
v 0.20706041157245636 -0.0054255384020507336 1.4998061656951904
v 0.2750365436077118 -0.004610796924680471 1.4882354736328125
v 0.3397574722766876 -0.003957552369683981 1.4664864540100098
v 0.40300676226615906 -0.004613948054611683 1.4504852294921875
v 0.46481606364250183 -0.004824112169444561 1.432811975479126
v 0.5251708626747131 -0.0038903667591512203 1.4126179218292236
v 0.5890628099441528 -0.004341647028923035 1.4031367301940918
v 0.6466288566589355 -0.0043178158812224865 1.3843344449996948
v 0.7005294561386108 -0.004647236317396164 1.3630815744400024
v 0.7504199743270874 -0.005198916420340538 1.3367418050765991
v -0.8378349542617798 -0.003961864393204451 1.3592610359191895
v -0.7656285762786865 -0.0024320497177541256 1.3543262481689453
v -0.6894931197166443 -0.0014918826054781675 1.3325480222702026
v -0.609801709651947 0.0006949120434001088 1.3020883798599243
v -0.4664563834667206 -0.0009569472749717534 1.1164692640304565
v -0.4259803593158722 -0.00019051552226301283 1.1451470851898193
v -0.4279513657093048 -0.0007261428399942815 1.3158890008926392
v -0.38425204157829285 0.0002168931532651186 1.3690001964569092
v -0.3506210744380951 -0.0023099270183593035 1.5067155361175537
v -0.28488877415657043 -0.001367012388072908 1.5196282863616943
v -0.1440117210149765 -0.009011048823595047 0.9979367256164551
v -0.09184590727090836 -0.0034368690103292465 1.0101932287216187
v -0.04153374210000038 -0.0049693407490849495 1.0226621627807617
v 0.0029930658638477325 -0.002301147673279047 1.5080666542053223
v 0.07295778393745422 -0.002013969933614135 1.5007822513580322
v 0.14345668256282806 -0.0020543145947158337 1.4984816312789917
v 0.2127227783203125 -0.0018576582660898566 1.4905966520309448
v 0.28034892678260803 -0.001108842552639544 1.4795863628387451
v 0.34500735998153687 -0.0009742213296703994 1.4602437019348145
v 0.40758898854255676 -0.0011527127353474498 1.4425714015960693
v 0.46887513995170593 -0.0012832734500989318 1.4240227937698364
v 0.530577540397644 -0.0010797049617394805 1.4088773727416992
v 0.5921849608421326 -0.0009282336686737835 1.3948098421096802
v 0.6501944065093994 -0.0012895623221993446 1.3789234161376953
v 0.7038431167602539 -0.001704640919342637 1.3564504384994507
v 0.7536758184432983 -0.002426792634651065 1.3306472301483154
v -0.8236658573150635 -0.0007231865311041474 1.3552768230438232
v -0.7546278834342957 0.0010952246375381947 1.3463157415390015
v -0.6795765161514282 0.0016312712104991078 1.3269425630569458
v -0.5972599983215332 0.003314283909276128 1.2876030206680298
v -0.4614108204841614 0.0024424330331385136 1.117343783378601
v -0.4207421541213989 0.0021527011413127184 1.145097255706787
v -0.4210420846939087 0.0020282852929085493 1.3203973770141602
v -0.3750172257423401 0.0035276939161121845 1.3598461151123047
v -0.3412136733531952 0.001167895970866084 1.4971773624420166
v -0.2759832441806793 0.0021157944574952126 1.5102086067199707
v -0.137807697057724 -0.004698026459664106 1.000725507736206
v -0.0869780108332634 0.00031921983463689685 1.0096710920333862
v -0.03627905249595642 -0.0013640420511364937 1.026168942451477
v 0.009768448770046234 0.001089308992959559 1.4974207878112793
v 0.07941082864999771 0.0016003946075215936 1.4892234802246094
v 0.14950156211853027 0.0014813317684456706 1.4876556396484375
v 0.218234121799469 0.0017452448373660445 1.4805059432983398
v 0.2854531705379486 0.00235329894348979 1.4706494808197021
v 0.3499583601951599 0.0021571400575339794 1.4539680480957031
v 0.41213399171829224 0.0021955007687211037 1.434377670288086
v 0.472802996635437 0.0022144520189613104 1.4158347845077515
v 0.5354252457618713 0.0018091071397066116 1.4042842388153076
v 0.5955228805541992 0.00242438493296504 1.3869088888168335
v 0.6537564992904663 0.0018283150857314467 1.3727208375930786
v 0.7070624232292175 0.0012449327623471618 1.3498287200927734
v 0.7557497024536133 0.0009339078678749502 1.3224670886993408
v -0.8123834729194641 0.0028226098511368036 1.3489129543304443
v -0.7427424192428589 0.004649538081139326 1.3378490209579468
v -0.6654713153839111 0.004934712778776884 1.3147785663604736
v -0.5830852389335632 0.004347199108451605 1.2726954221725464
v -0.4567081034183502 0.005365095566958189 1.1184768676757812
v -0.4157734215259552 0.0045385886915028095 1.1450806856155396
v -0.4143289029598236 0.005041452590376139 1.318291425704956
v -0.3643138110637665 0.006679518148303032 1.3468598127365112
v -0.33121752738952637 0.004731934983283281 1.486441731452942
v -0.26710864901542664 0.005507978610694408 1.5005333423614502
v -0.13220621645450592 -0.0008499199757352471 1.002708911895752
v -0.08264718949794769 0.0034853776451200247 1.0094329118728638
v -0.0513712614774704 0.004395236261188984 1.4905591011047363
v 0.016660742461681366 0.004522952251136303 1.4863168001174927
v 0.08537320792675018 0.0052513014525175095 1.4752322435379028
v 0.1551910787820816 0.005114290397614241 1.4760565757751465
v 0.22362667322158813 0.005310775246471167 1.4701552391052246
v 0.2904704809188843 0.005787786561995745 1.461463451385498
v 0.354485422372818 0.005609914660453796 1.4455301761627197
v 0.41650906205177307 0.005483769811689854 1.4259345531463623
v 0.4769352674484253 0.0055982135236263275 1.408477544784546
v 0.5395530462265015 0.004843936767429113 1.3978369235992432
v 0.598961591720581 0.0056880745105445385 1.3795198202133179
v 0.6566734313964844 0.005122024565935135 1.3654866218566895
v 0.7093827724456787 0.0044300793670117855 1.3421767950057983
v 0.7569181323051453 0.004387162625789642 1.311692237854004
v -0.8015170693397522 0.006225873716175556 1.3422236442565918
v -0.731816291809082 0.007900003343820572 1.330597162246704
v -0.6548155546188354 0.008144393563270569 1.3079028129577637
v -0.5110320448875427 0.008899456821382046 1.1267526149749756
v -0.4524095058441162 0.00802531372755766 1.1202529668807983
v -0.4108263850212097 0.00703394552692771 1.1449081897735596
v -0.40765562653541565 0.008508383296430111 1.3142225742340088
v -0.3553732633590698 0.00940896850079298 1.339238166809082
v -0.32177668809890747 0.008385860361158848 1.4747874736785889
v -0.2582099437713623 0.00876125693321228 1.4906702041625977
v -0.1267630010843277 0.003075955668464303 1.0028932094573975
v -0.07844521105289459 0.0061567691154778 1.0099201202392578
v -0.04293278977274895 0.008086342364549637 1.482316255569458
v 0.023512201383709908 0.007940187118947506 1.4748982191085815
v 0.09092994779348373 0.00929870642721653 1.4588857889175415
v 0.16059963405132294 0.008723161183297634 1.4644097089767456
v 0.2290215790271759 0.008852670900523663 1.460115909576416
v 0.29546576738357544 0.009129388257861137 1.4520511627197266
v 0.3589005768299103 0.009222939610481262 1.4357068538665771
v 0.4207746684551239 0.008727559819817543 1.4173802137374878
v 0.48162320256233215 0.00853470154106617 1.4024784564971924
v 0.5430907011032104 0.00808260403573513 1.3903253078460693
v 0.6022944450378418 0.008943216875195503 1.3724086284637451
v 0.658972978591919 0.008407201617956161 1.357594609260559
v 0.7103004455566406 0.007863231934607029 1.3324368000030518
v 0.7576116323471069 0.0075851306319236755 1.2997527122497559
v -0.7911112308502197 0.009605693630874157 1.3353362083435059
v -0.721444845199585 0.010927258990705013 1.324033498764038
v -0.647774338722229 0.010780195705592632 1.305504322052002
v -0.500042736530304 0.010766580700874329 1.116527795791626
v -0.4484498202800751 0.010678127408027649 1.1224453449249268
v -0.4057775139808655 0.00978810153901577 1.144434928894043
v -0.4007643461227417 0.011929454281926155 1.3089324235916138
v -0.34895768761634827 0.011839715763926506 1.337815284729004
v -0.3124556541442871 0.011989465914666653 1.4625537395477295
v -0.24938444793224335 0.011979782953858376 1.4810649156570435
v -0.12150610238313675 0.006918756756931543 1.002140760421753
v -0.07396174222230911 0.008763282559812069 1.0108100175857544
v -0.03613642603158951 0.011775805614888668 1.4722752571105957
v 0.030118444934487343 0.011472680605947971 1.4636635780334473
v 0.09670320898294449 0.013425464741885662 1.4438626766204834
v 0.1660478413105011 0.012258623726665974 1.4530870914459229
v 0.2343073934316635 0.012269264087080956 1.4502880573272705
v 0.30034029483795166 0.012421640567481518 1.4427276849746704
v 0.36341601610183716 0.01259705238044262 1.4266607761383057
v 0.4249560236930847 0.011925733648240566 1.4088783264160156
v 0.48655620217323303 0.011318469420075417 1.3972690105438232
v 0.5467822551727295 0.011349971406161785 1.3826045989990234
v 0.60566246509552 0.012219768948853016 1.3652833700180054
v 0.6609932780265808 0.01152475643903017 1.349355697631836
v 0.7104256749153137 0.01120193861424923 1.3209971189498901
v 0.7588438391685486 0.010608495213091373 1.2898833751678467
v -0.7805583477020264 0.012965872883796692 1.3284465074539185
v -0.7113916873931885 0.013877986930310726 1.3175584077835083
v -0.6415421962738037 0.013257567770779133 1.3038697242736816
v -0.49292799830436707 0.01343406829982996 1.1130715608596802
v -0.44451773166656494 0.013158093206584454 1.1252278089523315
v -0.4007370173931122 0.01278796885162592 1.144910216331482
v -0.3935065269470215 0.015167615376412868 1.303600549697876
v -0.3422224223613739 0.01459574420005083 1.337358832359314
v -0.30214425921440125 0.015782834962010384 1.4476888179779053
v -0.24075321853160858 0.01536056399345398 1.4711833000183105
v -0.11642036586999893 0.010244319215416908 1.0016010999679565
v -0.06918030977249146 0.011497512459754944 1.0112789869308472
v -0.029632043093442917 0.015143451280891895 1.4617332220077515
v 0.03656052425503731 0.015008144080638885 1.453442096710205
v 0.10216102004051208 0.017188576981425285 1.4323770999908447
v 0.17149268090724945 0.015684034675359726 1.4427485466003418
v 0.2395281046628952 0.01560616958886385 1.4405627250671387
v 0.3050059378147125 0.01572619378566742 1.4330248832702637
v 0.3679443895816803 0.01576058939099312 1.418324589729309
v 0.42906638979911804 0.015008480288088322 1.4008123874664307
v 0.49136805534362793 0.01417393796145916 1.3918869495391846
v 0.5507173538208008 0.014650021679699421 1.3756217956542969
v 0.6089435815811157 0.015429417602717876 1.3583680391311646
v 0.6627925634384155 0.01464188564568758 1.3404357433319092
v 0.7107301950454712 0.014387237839400768 1.3098666667938232
v 0.7607452869415283 0.013443820178508759 1.2822877168655396
v -0.7695488929748535 0.016378451138734818 1.3208626508712769
v -0.7012424468994141 0.01694297604262829 1.3103485107421875
v -0.6352243423461914 0.015966694802045822 1.3018437623977661
v -0.4869042634963989 0.016286369413137436 1.1119656562805176
v -0.4407826066017151 0.015083502046763897 1.1273752450942993
v -0.39788079261779785 0.01628614217042923 1.152983546257019
v -0.38635072112083435 0.018196865916252136 1.298600196838379
v -0.33579951524734497 0.017651021480560303 1.3344422578811646
v -0.2912534773349762 0.019326670095324516 1.4290117025375366
v -0.23234041035175323 0.018895510584115982 1.4605553150177002
v -0.11120612919330597 0.013257971964776516 1.0019232034683228
v -0.06503113359212875 0.014233811758458614 1.0106751918792725
v -0.02305750548839569 0.018213927745819092 1.4502415657043457
v 0.043032124638557434 0.018658144399523735 1.4433690309524536
v 0.1079869344830513 0.020557794719934464 1.4229552745819092
v 0.1769724190235138 0.018994836136698723 1.4340193271636963
v 0.24460148811340332 0.018891535699367523 1.4310141801834106
v 0.30970728397369385 0.01896233856678009 1.4235970973968506
v 0.3725608289241791 0.018839452415704727 1.4104785919189453
v 0.43309637904167175 0.018061349168419838 1.3931198120117188
v 0.4960620105266571 0.01719711907207966 1.3861844539642334
v 0.5551059246063232 0.017761938273906708 1.3698383569717407
v 0.612122654914856 0.018533019348978996 1.351576328277588
v 0.6642122864723206 0.017840171232819557 1.3309345245361328
v 0.7119872570037842 0.017411785200238228 1.3006417751312256
v 0.7634493112564087 0.016180813312530518 1.275553822517395
v -0.758588969707489 0.019746869802474976 1.3132295608520508
v -0.6905531287193298 0.020125269889831543 1.3021948337554932
v -0.6277909278869629 0.0189554113894701 1.2964348793029785
v -0.48144450783729553 0.018926700577139854 1.111348032951355
v -0.4364965260028839 0.01716534234583378 1.1286702156066895
v -0.4028243124485016 0.020109305158257484 1.1809165477752686
v -0.3793914318084717 0.020972974598407745 1.2938836812973022
v -0.3278917968273163 0.020521029829978943 1.326050043106079
v -0.2806380093097687 0.022345585748553276 1.4091086387634277
v -0.22398047149181366 0.022433675825595856 1.4467949867248535
v -0.10645914822816849 0.015977738425135612 1.0025726556777954
v -0.060808710753917694 0.016036510467529297 1.007436990737915
v -0.016384359449148178 0.02139490284025669 1.4388267993927002
v 0.04950184002518654 0.022210942581295967 1.4334259033203125
v 0.11425285786390305 0.023621954023838043 1.4156877994537354
v 0.1826559454202652 0.02209317870438099 1.4271137714385986
v 0.24958060681819916 0.02215171791613102 1.4216893911361694
v 0.3145430088043213 0.022124100476503372 1.4145253896713257
v 0.3772014081478119 0.021850930526852608 1.4031472206115723
v 0.43715518712997437 0.021058494225144386 1.3858811855316162
v 0.5002374649047852 0.020427824929356575 1.3795478343963623
v 0.5597650408744812 0.02072291076183319 1.3646998405456543
v 0.6150926947593689 0.02152535505592823 1.344698429107666
v 0.6653732657432556 0.02123107761144638 1.3209425210952759
v 0.7144200205802917 0.02025529369711876 1.2936110496520996
v 0.7663766145706177 0.018744729459285736 1.2697162628173828
v -0.7473729848861694 0.02305159531533718 1.3054531812667847
v -0.6795655488967896 0.02319686859846115 1.2940959930419922
v -0.6171118021011353 0.02207302115857601 1.2826218605041504
v -0.4761122167110443 0.021445298567414284 1.1111841201782227
v -0.4318004250526428 0.019834868609905243 1.1294515132904053
v -0.40806448459625244 0.023752445355057716 1.2117798328399658
v -0.3723549544811249 0.023589542135596275 1.2893372774124146
v -0.31864914298057556 0.023612868040800095 1.312560796737671
v -0.2703409194946289 0.02546234056353569 1.3900920152664185
v -0.21543899178504944 0.02570437826216221 1.4308615922927856
v -0.10189388692378998 0.01848733238875866 1.0034534931182861
v -0.05567147955298424 0.01743931695818901 1.0035579204559326
v -0.009677695110440254 0.02466527558863163 1.4287159442901611
v 0.05585941672325134 0.02557016909122467 1.4242193698883057
v 0.1209496334195137 0.026574207469820976 1.411834955215454
v 0.1885257214307785 0.02515622414648533 1.4206407070159912
v 0.2545424997806549 0.025329403579235077 1.4128808975219727
v 0.31925883889198303 0.025304187089204788 1.4058423042297363
v 0.38181936740875244 0.024838948622345924 1.3959965705871582
v 0.44137221574783325 0.02405570074915886 1.378857135772705
v 0.5039104223251343 0.02367647923529148 1.3717679977416992
v 0.5642653703689575 0.023653967306017876 1.3592772483825684
v 0.6179548501968384 0.024479422718286514 1.3375948667526245
v 0.6666475534439087 0.024582521989941597 1.310964584350586
v 0.7176107168197632 0.022859035059809685 1.2876225709915161
v 0.7706462144851685 0.021058285608887672 1.2636995315551758
v -0.7363219261169434 0.02618671953678131 1.2979140281677246
v -0.6688462495803833 0.02607647515833378 1.2862192392349243
v -0.5339204668998718 0.024344628676772118 1.120990514755249
v -0.4706067740917206 0.023972997441887856 1.11118483543396
v -0.42569589614868164 0.022786883637309074 1.127213716506958
v -0.4060654640197754 0.02688632532954216 1.2275220155715942
v -0.36535072326660156 0.026245489716529846 1.2842800617218018
v -0.3090294301509857 0.026659321039915085 1.2974611520767212
v -0.26024094223976135 0.02836858108639717 1.370861291885376
v -0.2060990035533905 0.02903764694929123 1.4152028560638428
v -0.09736976027488708 0.020999139174818993 1.0044209957122803
v -0.050284095108509064 0.020086292177438736 1.003694772720337
v -0.003090970916673541 0.027863407507538795 1.4202640056610107
v 0.062198180705308914 0.028832703828811646 1.4162776470184326
v 0.12776821851730347 0.029273148626089096 1.4090988636016846
v 0.19435939192771912 0.028335753828287125 1.41292405128479
v 0.25955286622047424 0.028443364426493645 1.4044597148895264
v 0.3239920437335968 0.02845619060099125 1.3976337909698486
v 0.38643431663513184 0.0277680866420269 1.3891795873641968
v 0.4457847774028778 0.02697489596903324 1.3724020719528198
v 0.5075529217720032 0.0268512275069952 1.3643367290496826
v 0.5684424042701721 0.026622043922543526 1.3533209562301636
v 0.6207525730133057 0.027395565062761307 1.3303946256637573
v 0.6689596772193909 0.027509506791830063 1.3028388023376465
v 0.721023678779602 0.025302881374955177 1.2823472023010254
v -0.7965293526649475 0.029027679935097694 1.296837329864502
v -0.7255593538284302 0.029255399480462074 1.2903952598571777
v -0.6585153341293335 0.028819872066378593 1.2782926559448242
v -0.5229467153549194 0.026391305029392242 1.113118052482605
v -0.46480610966682434 0.026703966781497 1.1104826927185059
v -0.4182528853416443 0.026363985612988472 1.1227763891220093
v -0.40070202946662903 0.030023442581295967 1.2384575605392456
v -0.35815516114234924 0.029136888682842255 1.2780336141586304
v -0.29926571249961853 0.029617641121149063 1.2826018333435059
v -0.24914397299289703 0.03073316253721714 1.343733310699463
v -0.1955743432044983 0.03228241950273514 1.400860071182251
v -0.09287140518426895 0.023570330813527107 1.0053791999816895
v -0.04542078450322151 0.022494422271847725 1.0075792074203491
v 0.003254559123888612 0.030634645372629166 1.4127922058105469
v 0.06861767172813416 0.031952641904354095 1.4098842144012451
v 0.13416072726249695 0.03194758668541908 1.4049358367919922
v 0.19997218251228333 0.03151775896549225 1.4044826030731201
v 0.26467078924179077 0.03153352811932564 1.396587610244751
v 0.32879963517189026 0.031549226492643356 1.39023756980896
v 0.3911444842815399 0.03068101592361927 1.3825061321258545
v 0.45022404193878174 0.02980368584394455 1.3663465976715088
v 0.5113628506660461 0.02983080968260765 1.3575018644332886
v 0.5721529722213745 0.029679948464035988 1.3467121124267578
v 0.6235951781272888 0.030273638665676117 1.3234388828277588
v 0.6737299561500549 0.03016587160527706 1.299835205078125
v 0.7243716716766357 0.027738390490412712 1.2773281335830688
v -0.7818760275840759 0.03154977038502693 1.2923088073730469
v -0.7150028944015503 0.032301660627126694 1.282700538635254
v -0.6484646201133728 0.031606655567884445 1.2703138589859009
v -0.5155347585678101 0.029187623411417007 1.112414836883545
v -0.45864835381507874 0.02937493659555912 1.109164834022522
v -0.41276055574417114 0.02860901691019535 1.1214925050735474
v -0.39412519335746765 0.03269011527299881 1.2438218593597412
v -0.3506689667701721 0.03230950981378555 1.2703523635864258
v -0.29039934277534485 0.03237878158688545 1.2697336673736572
v -0.238554909825325 0.032558705657720566 1.3174943923950195
v -0.18134649097919464 0.03453875705599785 1.381922960281372
v -0.08806074410676956 0.026011480018496513 1.006339430809021
v -0.04036368802189827 0.02474217861890793 1.0117180347442627
v 0.008956324309110641 0.0337679460644722 1.4045038223266602
v 0.07500813156366348 0.03494527190923691 1.4040534496307373
v 0.13991256058216095 0.034839946776628494 1.3981974124908447
v 0.20557387173175812 0.034632664173841476 1.396490454673767
v 0.2696586847305298 0.034620653837919235 1.3885345458984375
v 0.33360689878463745 0.03446943685412407 1.383347749710083
v 0.39583319425582886 0.03354258835315704 1.3759855031967163
v 0.4543452262878418 0.03271983563899994 1.359940528869629
v 0.5151246786117554 0.032707035541534424 1.3508119583129883
v 0.5752764940261841 0.03278137743473053 1.3391342163085938
v 0.6265039443969727 0.03308561071753502 1.3166306018829346
v 0.6799954175949097 0.03254805877804756 1.29948091506958
v 0.7275720834732056 0.030149614438414574 1.272031545639038
v -0.7713550329208374 0.03460545837879181 1.2855644226074219
v -0.7044780254364014 0.035258881747722626 1.2749934196472168
v -0.6383945941925049 0.03443204611539841 1.262012243270874
v -0.5093375444412231 0.03195367008447647 1.1122422218322754
v -0.4530945420265198 0.03185232728719711 1.1086533069610596
v -0.40669649839401245 0.03145946189761162 1.1210073232650757
v -0.38808363676071167 0.03517324477434158 1.243550419807434
v -0.34295034408569336 0.03551878407597542 1.262427806854248
v -0.2817917764186859 0.03508971258997917 1.258033037185669
v -0.2284267246723175 0.03457517921924591 1.2956985235214233
v -0.1316765546798706 0.026529574766755104 1.0076913833618164
v -0.08357422053813934 0.02840469963848591 1.0067797899246216
v -0.03487572818994522 0.026799747720360756 1.0150890350341797
v 0.015336439944803715 0.03701389208436012 1.392399787902832
v 0.08134233206510544 0.03788381069898605 1.3978090286254883
v 0.1454390287399292 0.03792151063680649 1.3900272846221924
v 0.21129795908927917 0.03767949342727661 1.3893598318099976
v 0.27427777647972107 0.03776830807328224 1.3796734809875488
v 0.33835121989250183 0.03744327649474144 1.3763151168823242
v 0.4002910852432251 0.036332469433546066 1.3692779541015625
v 0.45821326971054077 0.03579672425985336 1.3531169891357422
v 0.5188102722167969 0.035575948655605316 1.344032883644104
v 0.5780846476554871 0.03592734411358833 1.3310065269470215
v 0.6292532682418823 0.03582416847348213 1.3099137544631958
v 0.6844966411590576 0.03474903851747513 1.2953169345855713
v 0.7307142019271851 0.032654449343681335 1.2661465406417847
v -0.7609977126121521 0.03768584504723549 1.2783687114715576
v -0.694096565246582 0.03813929483294487 1.267225980758667
v -0.6282052993774414 0.03732523322105408 1.2531838417053223
v -0.5036090016365051 0.03461382910609245 1.1141411066055298
v -0.4480251371860504 0.034332823008298874 1.1088277101516724
v -0.4019516408443451 0.03398996964097023 1.1210780143737793
v -0.3810296952724457 0.03763784095644951 1.2384560108184814
v -0.3350945711135864 0.038534849882125854 1.2540448904037476
v -0.2734423279762268 0.03763001039624214 1.2471731901168823
v -0.21900048851966858 0.03687642514705658 1.2774360179901123
v -0.12560783326625824 0.029765035957098007 1.0030497312545776
v -0.07890444993972778 0.03094233199954033 1.0056997537612915
v -0.029705490916967392 0.02885243110358715 1.0173836946487427
v 0.022060515359044075 0.04051537066698074 1.382427453994751
v 0.08753081411123276 0.04085293412208557 1.3906152248382568
v 0.1509363055229187 0.04100105166435242 1.381465196609497
v 0.216901034116745 0.04066185653209686 1.3821567296981812
v 0.27841266989707947 0.040887828916311264 1.3695451021194458
v 0.3432716429233551 0.04043317213654518 1.3699595928192139
v 0.4044627845287323 0.03918299078941345 1.3619827032089233
v 0.4621124565601349 0.038889627903699875 1.345721960067749
v 0.522310733795166 0.03856445476412773 1.3369035720825195
v 0.5813217163085938 0.03889017552137375 1.3237372636795044
v 0.6319146752357483 0.03851885721087456 1.3033695220947266
v 0.6866089105606079 0.037374723702669144 1.2876712083816528
v 0.7337160110473633 0.03532695770263672 1.2598042488098145
v -0.7505635619163513 0.04074370488524437 1.2711749076843262
v -0.6838202476501465 0.04092239588499069 1.2596136331558228
v -0.6179962158203125 0.0400829054415226 1.2441062927246094
v -0.4986304044723511 0.03702321648597717 1.1158907413482666
v -0.4432341456413269 0.0368533656001091 1.1093502044677734
v -0.3978126645088196 0.03660421445965767 1.122084140777588
v -0.37294909358024597 0.039632007479667664 1.2266515493392944
v -0.32663029432296753 0.04091531038284302 1.2454445362091064
v -0.2653266191482544 0.04003577679395676 1.2373478412628174
v -0.2102915644645691 0.039984412491321564 1.2621772289276123
v -0.1200220137834549 0.03267284110188484 1.0000838041305542
v -0.07346470654010773 0.03385508805513382 1.0014874935150146
v -0.024316901341080666 0.030939636752009392 1.020348310470581
v 0.02888394705951214 0.04406515508890152 1.3770374059677124
v 0.09356557577848434 0.043850500136613846 1.3828227519989014
v 0.15638990700244904 0.044110409915447235 1.372887134552002
v 0.22221077978610992 0.04367566108703613 1.3743387460708618
v 0.2824225425720215 0.043847016990184784 1.358010172843933
v 0.34836578369140625 0.04331641271710396 1.3642289638519287
v 0.40853312611579895 0.04207688197493553 1.354337215423584
v 0.4661629796028137 0.04171150177717209 1.3391057252883911
v 0.5257055759429932 0.04168930649757385 1.3298513889312744
v 0.5851535201072693 0.04164714366197586 1.318037986755371
v 0.6343830823898315 0.04130147397518158 1.2963430881500244
v 0.688361644744873 0.03997628763318062 1.2794663906097412
v 0.7364543676376343 0.0381702221930027 1.2531538009643555
v -0.739949107170105 0.04376886785030365 1.2637181282043457
v -0.6735579967498779 0.043627697974443436 1.2518994808197021
v -0.6078160405158997 0.04264933243393898 1.2346489429473877
v -0.49387481808662415 0.039504896849393845 1.1174277067184448
v -0.43862786889076233 0.03922702372074127 1.1100889444351196
v -0.3934670686721802 0.03907782584428787 1.1235311031341553
v -0.28322193026542664 0.025396578013896942 0.935802161693573
v -0.31577038764953613 0.04275081679224968 1.2319960594177246
v -0.25742074847221375 0.0424090214073658 1.2275208234786987
v -0.20226255059242249 0.0426979623734951 1.2508876323699951
v -0.11487313359975815 0.03531448915600777 0.9984605312347412
v -0.06904742866754532 0.03610604628920555 1.000362515449524
v -0.01893686316907406 0.03337760642170906 1.0246647596359253
v 0.035454656928777695 0.047174446284770966 1.371690034866333
v 0.0993674024939537 0.0467589795589447 1.3748688697814941
v 0.16186867654323578 0.047222625464200974 1.3643354177474976
v 0.2273341715335846 0.046651460230350494 1.3660513162612915
v 0.2870253324508667 0.04641556739807129 1.3490002155303955
v 0.3533302843570709 0.046053431928157806 1.3584723472595215
v 0.41225308179855347 0.04495023936033249 1.3462977409362793
v 0.4710642993450165 0.044286489486694336 1.334947943687439
v 0.5291814804077148 0.044727910310029984 1.322878122329712
v 0.5893131494522095 0.04423132538795471 1.313187599182129
v 0.6373094320297241 0.04404102638363838 1.2896283864974976
v 0.6907162666320801 0.04253401607275009 1.2724778652191162
v 0.7386782765388489 0.041080716997385025 1.2461904287338257
v -0.7291685342788696 0.0467320941388607 1.2560839653015137
v -0.6632840037345886 0.046305153518915176 1.2439696788787842
v -0.597722053527832 0.045161377638578415 1.2249112129211426
v -0.4898189306259155 0.04228784516453743 1.1190168857574463
v -0.43387970328330994 0.04162384569644928 1.1105263233184814
v -0.38891491293907166 0.041700638830661774 1.1246144771575928
v -0.27606451511383057 0.027773994952440262 0.9277240633964539
v -0.23325972259044647 0.02880047634243965 0.9394950866699219
v -0.24958503246307373 0.04479772225022316 1.217185378074646
v -0.19373638927936554 0.0452350489795208 1.238768458366394
v -0.11002326011657715 0.03783249109983444 0.9980556964874268
v -0.06465262919664383 0.03842043876647949 0.9994136095046997
v -0.013644653372466564 0.03659053519368172 1.030136227607727
v 0.041665732860565186 0.05035417899489403 1.3649249076843262
v 0.10510136187076569 0.04970885440707207 1.366926670074463
v 0.1674354523420334 0.050291918218135834 1.3557662963867188
v 0.2323491871356964 0.04961177334189415 1.357274055480957
v 0.2929801642894745 0.04943607375025749 1.3460687398910522
v 0.3579636812210083 0.04883642494678497 1.3522193431854248
v 0.4153512120246887 0.047834355384111404 1.3377668857574463
v 0.4765416979789734 0.04674598202109337 1.332589864730835
v 0.5328568816184998 0.04768868163228035 1.3157387971878052
v 0.5928227305412292 0.04687129706144333 1.3077267408370972
v 0.6413276195526123 0.04665376618504524 1.2853068113327026
v 0.6931661367416382 0.045078687369823456 1.266042709350586
v 0.741065502166748 0.04397111013531685 1.2394663095474243
v -0.7187051773071289 0.04954645782709122 1.2485613822937012
v -0.6530026197433472 0.04888937622308731 1.2357983589172363
v -0.5880790948867798 0.04767454415559769 1.2157782316207886
v -0.48553019762039185 0.04648210480809212 1.1215038299560547
v -0.4290087819099426 0.04413022845983505 1.1106395721435547
v -0.3841094970703125 0.04441825672984123 1.1257036924362183
v -0.27101024985313416 0.03140478581190109 0.9266190528869629
v -0.22646471858024597 0.03068999946117401 0.9330868124961853
v -0.241639643907547 0.04718000441789627 1.206274390220642
v -0.1857568770647049 0.047515660524368286 1.225374698638916
v -0.10534414649009705 0.0404374785721302 0.9980241060256958
v -0.06047932431101799 0.04082661494612694 0.9992494583129883
v -0.011944462545216084 0.0484975166618824 1.3159079551696777
v 0.04772579297423363 0.05340368300676346 1.357666254043579
v 0.1108441948890686 0.05262893810868263 1.359222412109375
v 0.17298409342765808 0.05334325134754181 1.347875952720642
v 0.23726454377174377 0.052521005272865295 1.3488187789916992
v 0.2989603579044342 0.05208342522382736 1.343019723892212
v 0.36220139265060425 0.05173400789499283 1.345055341720581
v 0.4174671769142151 0.05099552124738693 1.3264951705932617
v 0.48085251450538635 0.04971611872315407 1.3268742561340332
v 0.5366654396057129 0.05051640793681145 1.3085606098175049
v 0.5951535105705261 0.04979392886161804 1.3007632493972778
v 0.6455069780349731 0.04926029220223427 1.2815203666687012
v 0.6953374147415161 0.047725971788167953 1.2589547634124756
v 0.7433825135231018 0.04671953245997429 1.2331719398498535
v -0.7083351612091064 0.052303995937108994 1.2412023544311523
v -0.6427611112594604 0.05139095336198807 1.2272908687591553
v -0.5785648822784424 0.05022179335355759 1.2071927785873413
v -0.4825555682182312 0.0492839589715004 1.1229655742645264
v -0.42404258251190186 0.046625521034002304 1.1106085777282715
v -0.3791632056236267 0.047305408865213394 1.1261521577835083
v -0.2667759358882904 0.03501681610941887 0.9268088340759277
v -0.21971650421619415 0.033492423593997955 0.9277957677841187
v -0.23372036218643188 0.04955120384693146 1.1948089599609375
v -0.17838788032531738 0.049857839941978455 1.2111753225326538
v -0.10051800310611725 0.042459581047296524 0.9982671141624451
v -0.0558781698346138 0.04338015243411064 0.9997704029083252
v -0.0068113068118691444 0.05425256863236427 1.3324800729751587
v 0.05374317243695259 0.05645715072751045 1.3498480319976807
v 0.11663932353258133 0.05553558096289635 1.3514366149902344
v 0.17850495874881744 0.05635468289256096 1.340761423110962
v 0.24212782084941864 0.055426351726055145 1.341101050376892
v 0.3035424053668976 0.05494726449251175 1.335572361946106
v 0.3660508394241333 0.05463603138923645 1.3371914625167847
v 0.4198572039604187 0.05359024181962013 1.3132902383804321
v 0.4833417236804962 0.05301680788397789 1.3164308071136475
v 0.5399397015571594 0.05336977168917656 1.3010164499282837
v 0.5970126390457153 0.05274350568652153 1.2923082113265991
v 0.6484182476997375 0.05180433765053749 1.2752647399902344
v 0.6973487138748169 0.0504024513065815 1.2516584396362305
v 0.746878981590271 0.04958368092775345 1.2263623476028442
v -0.6980160474777222 0.05493013933300972 1.2341564893722534
v -0.6325495839118958 0.05381665751338005 1.2184709310531616
v -0.5695110559463501 0.052618272602558136 1.1988457441329956
v -0.47835829854011536 0.05207887291908264 1.1229846477508545
v -0.41920006275177 0.04907938092947006 1.1108827590942383
v -0.3736531436443329 0.05025674030184746 1.1252561807632446
v -0.2631184160709381 0.03853526711463928 0.9273701906204224
v -0.21334707736968994 0.03669903799891472 0.9261854887008667
v -0.2257826179265976 0.051716942340135574 1.1828758716583252
v -0.17112091183662415 0.051940616220235825 1.1980299949645996
v -0.09595780074596405 0.04488499090075493 0.9972168803215027
v -0.05149102210998535 0.0460030771791935 1.003434419631958
v -0.0008925212896429002 0.058184973895549774 1.328134536743164
v 0.059699587523937225 0.05940782278776169 1.3417543172836304
v 0.12235622107982635 0.05847281217575073 1.343137502670288
v 0.18390946090221405 0.05907023698091507 1.334559440612793
v 0.24689406156539917 0.05828743055462837 1.3341782093048096
v 0.30711987614631653 0.05798859894275665 1.3251293897628784
v 0.3694858253002167 0.057624466717243195 1.328264832496643
v 0.42443886399269104 0.056873541325330734 1.3084269762039185
v 0.48492637276649475 0.056347575038671494 1.3043787479400635
v 0.5430266857147217 0.05621626600623131 1.2932024002075195
v 0.5991930961608887 0.05550007522106171 1.28426194190979
v 0.6508125066757202 0.05456619709730148 1.268000841140747
v 0.6995304822921753 0.05303043872117996 1.2447317838668823
v -0.7584920525550842 0.05877455323934555 1.2406082153320312
v -0.6878076195716858 0.057465165853500366 1.2270667552947998
v -0.6224357485771179 0.056227896362543106 1.2095974683761597
v -0.5613155364990234 0.05491327866911888 1.1908652782440186
v -0.47218891978263855 0.05464210733771324 1.1215659379959106
v -0.4147251546382904 0.05155620351433754 1.1115434169769287
v -0.36376887559890747 0.052557725459337234 1.1141669750213623
v -0.25887858867645264 0.04179757833480835 0.9274000525474548
v -0.2095247209072113 0.040479060262441635 0.9313492774963379
v -0.21785138547420502 0.053776953369379044 1.1692041158676147
v -0.1636708527803421 0.05404703691601753 1.1829297542572021
v -0.09102852642536163 0.04752230644226074 0.9955005049705505
v -0.046918127685785294 0.04863927140831947 1.0073416233062744
v 0.005081064533442259 0.06221214681863785 1.3235551118850708
v 0.0656619444489479 0.062250714749097824 1.3335599899291992
v 0.1280835121870041 0.06141022965312004 1.33501398563385
v 0.18926513195037842 0.06161382794380188 1.327992558479309
v 0.25169819593429565 0.061036817729473114 1.3276132345199585
v 0.3104686737060547 0.06085396185517311 1.314860224723816
v 0.3725121021270752 0.060668811202049255 1.3178746700286865
v 0.43033960461616516 0.059313055127859116 1.3067820072174072
v 0.4862334132194519 0.05951123684644699 1.2917336225509644
v 0.5460561513900757 0.05914304777979851 1.2854924201965332
v 0.6016272306442261 0.05810726433992386 1.2770758867263794
v 0.6533574461936951 0.057339008897542953 1.2608953714370728
v 0.7020540833473206 0.05559141933917999 1.2384952306747437
v -0.7444980144500732 0.06072041764855385 1.2342723608016968
v -0.6776759028434753 0.05990900471806526 1.219679594039917
v -0.6124811768531799 0.05865517631173134 1.200980305671692
v -0.5521200895309448 0.05718645080924034 1.1823420524597168
v -0.4649318754673004 0.05678847059607506 1.1191034317016602
v -0.4105202853679657 0.05405299738049507 1.1126489639282227
v -0.2984970510005951 0.043321408331394196 0.9278711080551147
v -0.25438371300697327 0.04482679069042206 0.9271824955940247
v -0.26301389932632446 0.056384991854429245 1.1581205129623413
v -0.20991575717926025 0.055837687104940414 1.1523101329803467
v -0.15562033653259277 0.05622587352991104 1.157387614250183
v -0.08623627573251724 0.05022095888853073 0.9944631457328796
v -0.04195632040500641 0.05107242986559868 1.0090490579605103
v 0.011206211522221565 0.06540060043334961 1.3204880952835083
v 0.07170862704515457 0.06508419662714005 1.3260133266448975
v 0.133798286318779 0.06423790007829666 1.3280143737792969
v 0.19462616741657257 0.06416446715593338 1.3215596675872803
v 0.25686416029930115 0.06390902400016785 1.321484088897705
v 0.3137952983379364 0.06378190964460373 1.3054430484771729
v 0.3754958510398865 0.06351417303085327 1.3075411319732666
v 0.4351448118686676 0.061733428388834 1.3028794527053833
v 0.48721230030059814 0.06247883290052414 1.2782442569732666
v 0.5491869449615479 0.061993613839149475 1.2784842252731323
v 0.6042053699493408 0.0607466846704483 1.2704731225967407
v 0.6559922695159912 0.05996093526482582 1.2544102668762207
v 0.7046639919281006 0.05811913684010506 1.232802152633667
v -0.7340232133865356 0.06327696889638901 1.226813793182373
v -0.6673902273178101 0.06236672028899193 1.21170175075531
v -0.6027123928070068 0.061094094067811966 1.1926639080047607
v -0.5363602042198181 0.0597778744995594 1.1634037494659424
v -0.4572465419769287 0.05864616110920906 1.1158270835876465
v -0.40662503242492676 0.056645896285772324 1.114673137664795
v -0.2926791310310364 0.04578123986721039 0.9242412447929382
v -0.24978861212730408 0.04753401130437851 0.9268690347671509
v -0.25424838066101074 0.05859740823507309 1.1446406841278076
v -0.20165665447711945 0.05780532956123352 1.131480097770691
v -0.1450381577014923 0.057655610144138336 1.1125493049621582
v -0.08160795271396637 0.05271683633327484 0.9941097497940063
v -0.03692268580198288 0.05356771498918533 1.010770320892334
v 0.017511863261461258 0.06829506158828735 1.3169424533843994
v 0.07761325687170029 0.06782956421375275 1.319324254989624
v 0.13936473429203033 0.06693972647190094 1.3216876983642578
v 0.19993901252746582 0.06667325645685196 1.3157367706298828
v 0.26227471232414246 0.06675934791564941 1.3161730766296387
v 0.31745925545692444 0.0668482631444931 1.2980742454528809
v 0.37888434529304504 0.0662316083908081 1.2988364696502686
v 0.4386289119720459 0.06452932953834534 1.2938203811645508
v 0.4886198937892914 0.06532584875822067 1.2657983303070068
v 0.5525871515274048 0.06468576192855835 1.272437572479248
v 0.6071723699569702 0.0634588897228241 1.2644877433776855
v 0.6589055061340332 0.06235024333000183 1.2485474348068237
v 0.7073637247085571 0.0607287622988224 1.2270691394805908
v -0.7241619229316711 0.06577961891889572 1.2194441556930542
v -0.6570558547973633 0.06485995650291443 1.2033360004425049
v -0.5930896401405334 0.06351613253355026 1.1846122741699219
v -0.5069353580474854 0.06063077598810196 1.1206446886062622
v -0.44978129863739014 0.06051896512508392 1.1124368906021118
v -0.40255939960479736 0.059303078800439835 1.1165522336959839
v -0.28818172216415405 0.04890843853354454 0.9240823984146118
v -0.24519264698028564 0.05004528909921646 0.9263445734977722
v -0.24517087638378143 0.06055310741066933 1.127695083618164
v -0.19236180186271667 0.05937175452709198 1.1031863689422607
v -0.1310173124074936 0.05899890139698982 1.0533406734466553
v -0.07720237225294113 0.05501348897814751 0.9944117665290833
v -0.03210173547267914 0.05594956502318382 1.0133566856384277
v 0.023330017924308777 0.07109948992729187 1.313079833984375
v 0.0833587497472763 0.07044505327939987 1.3133009672164917
v 0.144684836268425 0.06963921338319778 1.314915418624878
v 0.20507298409938812 0.06914632022380829 1.309837818145752
v 0.26758304238319397 0.06947744637727737 1.3104088306427002
v 0.32178226113319397 0.06969702243804932 1.2926511764526367
v 0.38268911838531494 0.0687759593129158 1.2918349504470825
v 0.44157302379608154 0.06758148223161697 1.2826883792877197
v 0.4908449053764343 0.06817042827606201 1.256022334098816
v 0.5560654401779175 0.0673956349492073 1.2668544054031372
v 0.6102641820907593 0.0661027804017067 1.2589807510375977
v 0.6616945266723633 0.06473717093467712 1.2424696683883667
v 0.7101008892059326 0.0633995532989502 1.2213456630706787
v -0.7147213816642761 0.06823033839464188 1.2126411199569702
v -0.6469987034797668 0.06732767820358276 1.1952625513076782
v -0.5837916731834412 0.06591083109378815 1.176945686340332
v -0.5005213022232056 0.06329284608364105 1.118203043937683
v -0.44287174940109253 0.06250136345624924 1.1095691919326782
v -0.3981391191482544 0.06182778254151344 1.1174250841140747
v -0.28414472937583923 0.05188696086406708 0.9248782396316528
v -0.240706667304039 0.05230904743075371 0.9257403612136841
v -0.23806151747703552 0.06230293586850166 1.111130714416504
v -0.17974232137203217 0.05962171033024788 1.0606402158737183
v -0.11998025327920914 0.05973372235894203 1.0115710496902466
v -0.07285931706428528 0.05716009810566902 0.9949896335601807
v -0.027222657576203346 0.05822847783565521 1.0151151418685913
v 0.02908489853143692 0.07383275777101517 1.3083866834640503
v 0.08882639557123184 0.07299082726240158 1.3075270652770996
v 0.1498975306749344 0.0723516196012497 1.3085699081420898
v 0.210049107670784 0.07161164283752441 1.3041807413101196
v 0.27230194211006165 0.07212007790803909 1.3040156364440918
v 0.3269651532173157 0.07220757007598877 1.288770079612732
v 0.3864365518093109 0.07133091986179352 1.2852429151535034
v 0.44444918632507324 0.07050929963588715 1.273076057434082
v 0.4944007098674774 0.07070417702198029 1.2499364614486694
v 0.5596742630004883 0.07013250142335892 1.261661410331726
v 0.6132389307022095 0.06869182735681534 1.2534319162368774
v 0.6643139719963074 0.0672503188252449 1.2360783815383911
v 0.7126480937004089 0.06614258140325546 1.2154417037963867
v -0.7051719427108765 0.0707128494977951 1.2057894468307495
v -0.6376766562461853 0.06971466541290283 1.1879786252975464
v -0.5748692750930786 0.06831591576337814 1.1696707010269165
v -0.4947744607925415 0.06693552434444427 1.1165181398391724
v -0.43669402599334717 0.06447283923625946 1.107724666595459
v -0.32662445306777954 0.05038168653845787 0.9176663160324097
v -0.28028401732444763 0.05457160249352455 0.9256260395050049
v -0.23644158244132996 0.054444245994091034 0.9251726269721985
v -0.23090270161628723 0.06398586183786392 1.0938069820404053
v -0.1462171971797943 0.051703304052352905 0.9010825157165527
v -0.11338018625974655 0.06116199120879173 1.0014324188232422
v -0.06852349638938904 0.05929243937134743 0.9955684542655945
v -0.02199080027639866 0.06067271530628204 1.0164130926132202
v 0.0348631925880909 0.07603741437196732 1.301963210105896
v 0.09406712651252747 0.07558369636535645 1.3016345500946045
v 0.155127614736557 0.07511263340711594 1.3023366928100586
v 0.21494968235492706 0.07429715991020203 1.2983038425445557
v 0.2769181430339813 0.07472427934408188 1.2976710796356201
v 0.3324764668941498 0.07461579144001007 1.28550386428833
v 0.3890979588031769 0.07407312095165253 1.2766765356063843
v 0.44775423407554626 0.07326183468103409 1.2652597427368164
v 0.498929888010025 0.07329294830560684 1.2465840578079224
v 0.5634802579879761 0.07289180159568787 1.257038950920105
v 0.6162198185920715 0.07133758813142776 1.2477926015853882
v 0.6666430234909058 0.06976398825645447 1.2291525602340698
v 0.7148882150650024 0.06887905299663544 1.2094342708587646
v -0.6951735615730286 0.07322992384433746 1.198419213294983
v -0.6287679076194763 0.07199849933385849 1.1810989379882812
v -0.5663005113601685 0.07075518369674683 1.1627593040466309
v -0.4895069897174835 0.06896411627531052 1.1169354915618896
v -0.43156421184539795 0.06652414053678513 1.1070668697357178
v -0.31892454624176025 0.05350103974342346 0.9184289574623108
v -0.27641424536705017 0.0569869689643383 0.9262028932571411
v -0.23199470341205597 0.056617751717567444 0.9243192076683044
v -0.1795731484889984 0.051495034247636795 0.8792635202407837
v -0.140447735786438 0.05361231788992882 0.8939907550811768
v -0.10851579159498215 0.062256358563899994 0.9992225766181946
v -0.06417028605937958 0.06132204458117485 0.9960586428642273
v -0.01686198078095913 0.06318605691194534 1.018856167793274
v 0.04144677892327309 0.07727044820785522 1.2860575914382935
v 0.09924627840518951 0.07831838726997375 1.2956194877624512
v 0.16027848422527313 0.07773002237081528 1.2959685325622559
v 0.21963296830654144 0.07729695737361908 1.2918241024017334
v 0.2816201150417328 0.07747310400009155 1.291588306427002
v 0.33747705817222595 0.07712816447019577 1.281275987625122
v 0.3900691568851471 0.07585396617650986 1.261355996131897
v 0.4513230323791504 0.07591189444065094 1.2585091590881348
v 0.5044975876808167 0.07576952129602432 1.24456787109375
v 0.5672522783279419 0.07552742958068848 1.2528009414672852
v 0.6193314790725708 0.07400890439748764 1.2422142028808594
v 0.6688473224639893 0.07234387844800949 1.2224855422973633
v 0.7171205282211304 0.07165522128343582 1.203583002090454
v -0.6844662427902222 0.0757603645324707 1.190237045288086
v -0.6198817491531372 0.07427909970283508 1.1742600202560425
v -0.5579686164855957 0.07313969731330872 1.1559770107269287
v -0.48670122027397156 0.07132884114980698 1.1211867332458496
v -0.4269121587276459 0.06866444647312164 1.1070541143417358
v -0.3143983781337738 0.05693048983812332 0.9202542304992676
v -0.272445946931839 0.059302929788827896 0.9264704585075378
v -0.22709107398986816 0.05893108621239662 0.9232738018035889
v -0.17441211640834808 0.053049273788928986 0.8744288682937622
v -0.13544949889183044 0.05620015785098076 0.8909589052200317
v -0.10401526093482971 0.06361066550016403 0.9975336790084839
v -0.05978945642709732 0.0633215382695198 0.996414303779602
v -0.011790226213634014 0.06579317152500153 1.021476149559021
v 0.03309553489089012 0.05421070381999016 0.936387836933136
v 0.10455203801393509 0.08117715269327164 1.2900534868240356
v 0.16561518609523773 0.08035165816545486 1.289360761642456
v 0.22409161925315857 0.08027305454015732 1.2848854064941406
v 0.2866593897342682 0.080172598361969 1.2855935096740723
v 0.34199076890945435 0.07960189133882523 1.276157259941101
v 0.3921215236186981 0.07791896164417267 1.2475955486297607
v 0.45493149757385254 0.07858754694461823 1.2525253295898438
v 0.5112717747688293 0.07832173258066177 1.2448011636734009
v 0.5709179639816284 0.07818388193845749 1.2484490871429443
v 0.6226620674133301 0.07662839442491531 1.236240029335022
v 0.6711937189102173 0.07482074946165085 1.2163348197937012
v 0.7193098068237305 0.07430671900510788 1.197297215461731
v -0.6734087467193604 0.07822222262620926 1.181793212890625
v -0.6108547449111938 0.07656406611204147 1.1674010753631592
v -0.5497883558273315 0.07544507086277008 1.1494100093841553
v -0.48256033658981323 0.07321126759052277 1.1211435794830322
v -0.42244791984558105 0.07090767472982407 1.107382893562317
v -0.3096563518047333 0.059773121029138565 0.9211342930793762
v -0.2681351602077484 0.06202757731080055 0.9267198443412781
v -0.22141745686531067 0.06148485466837883 0.9227756261825562
v -0.17024771869182587 0.05633961036801338 0.8746776580810547
v -0.13096559047698975 0.05896463617682457 0.8902359008789062
v -0.09919265657663345 0.06499599665403366 0.9959732294082642
v -0.055303946137428284 0.06537476181983948 0.9961662292480469
v -0.0067136515863239765 0.06851641088724136 1.0253658294677734
v 0.03738882765173912 0.057290978729724884 0.9362581372261047
v 0.10991471260786057 0.08413048833608627 1.2846800088882446
v 0.17083728313446045 0.08306115120649338 1.2823083400726318
v 0.2285970002412796 0.08289505541324615 1.2780680656433105
v 0.29126664996147156 0.0828637108206749 1.2799428701400757
v 0.3463650345802307 0.08210594207048416 1.2707921266555786
v 0.39640888571739197 0.08119244128465652 1.2412406206130981
v 0.4587540626525879 0.08124122768640518 1.246883749961853
v 0.5177967548370361 0.08100955188274384 1.2455050945281982
v 0.5742930173873901 0.08091284334659576 1.2438020706176758
v 0.625773012638092 0.0792090967297554 1.229658603668213
v 0.6734858751296997 0.07723457366228104 1.2101905345916748
v 0.7224330902099609 0.07690180838108063 1.1900207996368408
v -0.6633601188659668 0.08059972524642944 1.1744868755340576
v -0.6018596887588501 0.07883260399103165 1.1604530811309814
v -0.5415554046630859 0.07767609506845474 1.1426726579666138
v -0.47733649611473083 0.07509142905473709 1.119586706161499
v -0.41809597611427307 0.07343051582574844 1.1080771684646606
v -0.3049462139606476 0.06278625130653381 0.9220191836357117
v -0.26441818475723267 0.06408636271953583 0.9267231822013855
v -0.23305869102478027 0.06959448754787445 0.9882535338401794
v -0.16628916561603546 0.059707462787628174 0.8737689256668091
v -0.12657545506954193 0.061383407562971115 0.889693021774292
v -0.09401395171880722 0.06659277528524399 0.9934595823287964
v -0.05074728652834892 0.0673912763595581 0.9955824613571167
v -0.002718155737966299 0.06451406329870224 0.946990430355072
v 0.05926762893795967 0.08397231251001358 1.2592182159423828
v 0.11514810472726822 0.0869872123003006 1.2791458368301392
v 0.175808846950531 0.0856921449303627 1.2741751670837402
v 0.23377709090709686 0.08526391535997391 1.272324800491333
v 0.2955044209957123 0.08562733978033066 1.274417519569397
v 0.3506433665752411 0.08464296162128448 1.2650026082992554
v 0.4015079140663147 0.08378542214632034 1.2377747297286987
v 0.46263575553894043 0.08379897475242615 1.241353988647461
v 0.522484540939331 0.08386639505624771 1.2429726123809814
v 0.5771347284317017 0.08362482488155365 1.2384977340698242
v 0.628183126449585 0.08167675137519836 1.2225539684295654
v 0.6758832931518555 0.07957340776920319 1.2039035558700562
v -0.7310761213302612 0.08389825373888016 1.1987396478652954
v -0.6543295383453369 0.0828721672296524 1.1683440208435059
v -0.593026876449585 0.08107111603021622 1.153532862663269
v -0.5333105325698853 0.07980243116617203 1.1358718872070312
v -0.4712928235530853 0.0768582746386528 1.117404580116272
v -0.41400066018104553 0.07621894031763077 1.1103310585021973
v -0.30013975501060486 0.06563570350408554 0.9219967126846313
v -0.25985094904899597 0.06609699875116348 0.9264966249465942
v -0.2385534942150116 0.07559225708246231 1.033103346824646
v -0.162502720952034 0.06262589991092682 0.8731420040130615
v -0.12173044681549072 0.06350377202033997 0.8890113830566406
v -0.0890507772564888 0.06847315281629562 0.9915622472763062
v -0.04630513861775398 0.06943816691637039 0.9943278431892395
v 0.001727225026115775 0.06483873724937439 0.932485818862915
v 0.0651136189699173 0.08856666088104248 1.2694730758666992
v 0.12007859349250793 0.08956816792488098 1.273726463317871
v 0.1804666966199875 0.08812020719051361 1.2655733823776245
v 0.23882247507572174 0.08757644146680832 1.2661406993865967
v 0.29978686571121216 0.08844953775405884 1.26888906955719
v 0.3550325930118561 0.08734580129384995 1.2594455480575562
v 0.4069030284881592 0.08620011061429977 1.2349598407745361
v 0.4666186273097992 0.08629191666841507 1.2361265420913696
v 0.5257315635681152 0.08688989281654358 1.2378066778182983
v 0.5795011520385742 0.08635750412940979 1.2322428226470947
v 0.6299420595169067 0.08412209153175354 1.2147153615951538
v 0.6784932017326355 0.081890769302845 1.197437047958374
v -0.7178851366043091 0.08607251197099686 1.190868616104126
v -0.6455069780349731 0.08507079631090164 1.1624559164047241
v -0.584324300289154 0.08329340815544128 1.1466329097747803
v -0.5250364542007446 0.08190257102251053 1.1291968822479248
v -0.4647175669670105 0.07841113954782486 1.1144132614135742
v -0.41020074486732483 0.07887011021375656 1.1123906373977661
v -0.2953636050224304 0.06826652586460114 0.9210402369499207
v -0.2548918128013611 0.0681157261133194 0.9250354170799255
v -0.233552485704422 0.07700937241315842 1.0381321907043457
v -0.1588052213191986 0.06509824842214584 0.8730286955833435
v -0.11643970012664795 0.06573469936847687 0.8889396786689758
v -0.08440519124269485 0.07042281329631805 0.991013765335083
v -0.042202427983284 0.07172133773565292 0.99192214012146
v 0.005989425349980593 0.06683948636054993 0.9282819628715515
v 0.07024788111448288 0.09124235808849335 1.2645347118377686
v 0.12500005960464478 0.09121859818696976 1.2674728631973267
v 0.18495871126651764 0.09054768085479736 1.2572097778320312
v 0.1538839340209961 0.045027099549770355 0.813327968120575
v 0.3043695092201233 0.09118220955133438 1.2631791830062866
v 0.3593878149986267 0.09012750536203384 1.2535542249679565
v 0.4124394655227661 0.08868408203125 1.2330063581466675
v 0.470641553401947 0.08877875655889511 1.230790615081787
v 0.5289703607559204 0.08999250084161758 1.2317322492599487
v 0.5819311738014221 0.089004747569561 1.2250665426254272
v 0.6310174465179443 0.08649003505706787 1.205256700515747
v 0.6806877851486206 0.08419795334339142 1.190914273262024
v -0.7080515623092651 0.08851780742406845 1.183290958404541
v -0.636888861656189 0.0872926265001297 1.1565157175064087
v -0.5756973028182983 0.08554425835609436 1.1397995948791504
v -0.5169220566749573 0.0839298889040947 1.122936725616455
v -0.4572751224040985 0.08015033602714539 1.1103181838989258
v -0.4056415855884552 0.08119015395641327 1.1122740507125854
v -0.29102447628974915 0.07049863040447235 0.9206939339637756
v -0.24934136867523193 0.07022539526224136 0.9212755560874939
v -0.22796474397182465 0.0790775865316391 1.0317376852035522
v -0.1550719290971756 0.06731842458248138 0.8729627132415771
v -0.11235606670379639 0.06893357634544373 0.8939309120178223
v -0.07986635714769363 0.07242774218320847 0.9910926818847656
v -0.038381483405828476 0.07388240844011307 0.9882999658584595
v 0.010028124786913395 0.06955559551715851 0.9274227023124695
v 0.07511765509843826 0.09393306821584702 1.258296012878418
v 0.09617526084184647 0.06025797873735428 0.9073721170425415
v 0.18951238691806793 0.09301972389221191 1.249139666557312
v 0.1582438200712204 0.04863051325082779 0.8106512427330017
v 0.3089754283428192 0.09398376941680908 1.2573965787887573
v 0.3635714054107666 0.0928182527422905 1.247788429260254
v 0.41784438490867615 0.09113038331270218 1.2308059930801392
v 0.4745779037475586 0.09122181683778763 1.2258259057998657
v 0.5324305891990662 0.0928608700633049 1.2259957790374756
v 0.5839300155639648 0.09127453714609146 1.2169582843780518
v 0.6322940587997437 0.08873029798269272 1.1963530778884888
v 0.6818236112594604 0.08659423887729645 1.1836820840835571
v -0.6986842751502991 0.09091801941394806 1.1757042407989502
v -0.6283646821975708 0.08947873115539551 1.1506102085113525
v -0.5670258402824402 0.08778203278779984 1.1330645084381104
v -0.5092685222625732 0.08566628396511078 1.1171523332595825
v -0.4486541152000427 0.08223016560077667 1.105390191078186
v -0.40007567405700684 0.08353416621685028 1.109985113143921
v -0.28717952966690063 0.07259206473827362 0.9212157726287842
v -0.24249689280986786 0.0726834088563919 0.9128782749176025
v -0.21740542352199554 0.08011571317911148 1.0040638446807861
v -0.15113171935081482 0.06952004134654999 0.8729842901229858
v -0.1201481968164444 0.07806875556707382 0.9862252473831177
v -0.07557602226734161 0.07470017671585083 0.9919643402099609
v -0.031197335571050644 0.075894296169281 0.9381753206253052
v 0.014140499755740166 0.07225887477397919 0.9271734356880188
v 0.08011814206838608 0.09658066183328629 1.251861333847046
v 0.10094325244426727 0.0632607638835907 0.9050877094268799
v 0.19384358823299408 0.0954720750451088 1.241454839706421
v 0.16267253458499908 0.05292060971260071 0.8119515180587769
v 0.31348860263824463 0.09675506502389908 1.2512478828430176
v 0.36788323521614075 0.09534282982349396 1.24215829372406
v 0.42240720987319946 0.0936846062541008 1.2261958122253418
v 0.4783470034599304 0.09378895163536072 1.2209491729736328
v 0.536039412021637 0.09563376009464264 1.2204159498214722
v 0.5848507881164551 0.09307700395584106 1.2072447538375854
v 0.6342369914054871 0.09090348333120346 1.1891063451766968
v 0.6818922758102417 0.08926454931497574 1.1739988327026367
v -0.6893510222434998 0.09320487082004547 1.1686137914657593
v -0.6198636293411255 0.09164281189441681 1.1445668935775757
v -0.5584172010421753 0.08998950570821762 1.1263325214385986
v -0.5013139247894287 0.08715440332889557 1.1110700368881226
v -0.4395950734615326 0.08449608832597733 1.1003386974334717
v -0.3936540186405182 0.086256243288517 1.106242060661316
v -0.28346192836761475 0.07482636719942093 0.9221156239509583
v -0.23749200999736786 0.07435636222362518 0.9103460311889648
v -0.20268766582012177 0.07954426109790802 0.9555237293243408
v -0.1471407562494278 0.07170961797237396 0.8732929825782776
v -0.11575744301080704 0.08034172654151917 0.9849334359169006
v -0.07134222984313965 0.07712478935718536 0.9922081828117371
v -0.026217641308903694 0.07744164764881134 0.9307914972305298
v 0.018257882446050644 0.07481402903795242 0.9270553588867188
v 0.0846560075879097 0.09915778785943985 1.2450491189956665
v 0.10612644255161285 0.06688310950994492 0.9048665761947632
v 0.19799120724201202 0.09784981608390808 1.2341164350509644
v 0.166873037815094 0.0571463443338871 0.814752459526062
v 0.31781071424484253 0.09951047599315643 1.2451930046081543
v 0.3722120523452759 0.09775185585021973 1.2362289428710938
v 0.42633193731307983 0.0961901918053627 1.22012197971344
v 0.48181644082069397 0.09662903845310211 1.2157639265060425
v 0.539490818977356 0.09811265766620636 1.2144548892974854
v 0.585273265838623 0.09482448548078537 1.1971973180770874
v 0.6365444660186768 0.09317320585250854 1.1823554039001465
v 0.6826889514923096 0.09167315065860748 1.1641783714294434
v -0.6798896193504333 0.0954376831650734 1.161787986755371
v -0.6114481091499329 0.09373553842306137 1.1385865211486816
v -0.5500456094741821 0.09217765182256699 1.1197363138198853
v -0.4906725287437439 0.08868812769651413 1.101306438446045
v -0.43107929825782776 0.08679301291704178 1.0954327583312988
v -0.38679051399230957 0.08939652144908905 1.1012771129608154
v -0.2798500061035156 0.07679034024477005 0.9238054156303406
v -0.23215383291244507 0.07653341442346573 0.9072808623313904
v -0.18267235159873962 0.07500087469816208 0.8769218921661377
v -0.14313271641731262 0.07384447753429413 0.8741034269332886
v -0.11121262609958649 0.08240602165460587 0.9821851849555969
v -0.06676089763641357 0.07992219924926758 0.9905214309692383
v -0.020925572142004967 0.07900684326887131 0.9283837080001831
v 0.022410422563552856 0.07723285257816315 0.9272184371948242
v 0.08901984244585037 0.10161616653203964 1.2375386953353882
v 0.11134584248065948 0.07008641958236694 0.9045335054397583
v 0.20192919671535492 0.10021274536848068 1.2272896766662598
v 0.17074289917945862 0.06175634637475014 0.8190615177154541
v 0.32232797145843506 0.102273128926754 1.2394697666168213
v 0.3764895498752594 0.10018196702003479 1.229257345199585
v 0.4301895499229431 0.09862158447504044 1.2141780853271484
v 0.48485273122787476 0.09971320629119873 1.210503339767456
v 0.5417693853378296 0.10043865442276001 1.2074283361434937
v 0.5858893990516663 0.0970526859164238 1.1867049932479858
v 0.6382347345352173 0.09548735618591309 1.174795389175415
v 0.684483528137207 0.09398548305034637 1.1569364070892334
v -0.6701725721359253 0.09770745038986206 1.154923439025879
v -0.602995753288269 0.09578558802604675 1.1325291395187378
v -0.5419377684593201 0.09435513615608215 1.113311767578125
v -0.464682400226593 0.09225484728813171 1.0592944622039795
v -0.42364969849586487 0.08908666670322418 1.0910365581512451
v -0.38010674715042114 0.09265964478254318 1.0951727628707886
v -0.2766890823841095 0.0789262056350708 0.9248246550559998
v -0.22657279670238495 0.07845748215913773 0.9023535847663879
v -0.1782475709915161 0.07653789967298508 0.8738726377487183
v -0.13912609219551086 0.07599146664142609 0.8752747774124146
v -0.10657695680856705 0.08444450050592422 0.9804267883300781
v -0.06284308433532715 0.08566464483737946 0.9762689471244812
v -0.01598774455487728 0.0807609111070633 0.9269261360168457
v 0.02660783752799034 0.0795610323548317 0.9270451068878174
v 0.09326859563589096 0.1043420061469078 1.2286275625228882
v 0.11610408872365952 0.07343433797359467 0.9057396054267883
v 0.20578846335411072 0.1024971753358841 1.220313310623169
v 0.24874067306518555 0.09183583408594131 1.1337528228759766
v 0.3270992934703827 0.10483720898628235 1.2332544326782227
v 0.3803264796733856 0.10278521478176117 1.2209994792938232
v 0.4341161251068115 0.1010725349187851 1.209023356437683
v 0.4879535734653473 0.1027943566441536 1.2048298120498657
v 0.5419548749923706 0.10253068804740906 1.1983027458190918
v 0.5871468186378479 0.09948710352182388 1.1765611171722412
v 0.6388320922851562 0.097709521651268 1.166223406791687
v 0.6858091354370117 0.09648662060499191 1.1493926048278809
v -0.6608657836914062 0.09988971799612045 1.148423194885254
v -0.5945277214050293 0.09782811999320984 1.126361608505249
v -0.5340003371238708 0.0964263454079628 1.107028841972351
v -0.4563547968864441 0.09446537494659424 1.0513778924942017
v -0.417733758687973 0.09149367362260818 1.0887678861618042
v -0.3725675940513611 0.09535050392150879 1.0880680084228516
v -0.2721865475177765 0.08117534965276718 0.9234012961387634
v -0.22075550258159637 0.08039651811122894 0.8961546421051025
v -0.1740911304950714 0.07820656150579453 0.8719878196716309
v -0.13511337339878082 0.07811737060546875 0.8764597773551941
v -0.10203639417886734 0.08662035316228867 0.979524552822113
v -0.05838434025645256 0.08724911510944366 0.9755083918571472
v -0.011556987650692463 0.08268223702907562 0.925869882106781
v 0.0308225154876709 0.081832654774189 0.9266672730445862
v 0.09690950065851212 0.10617205500602722 1.21183180809021
v 0.15745264291763306 0.10376529395580292 1.2112774848937988
v 0.21016666293144226 0.10447422415018082 1.2113032341003418
v 0.2612017095088959 0.10023996233940125 1.1592843532562256
v 0.3306950330734253 0.10748092830181122 1.2257139682769775
v 0.38328322768211365 0.10517094284296036 1.2116272449493408
v 0.4379386901855469 0.10352624207735062 1.2042559385299683
v 0.49104043841362 0.10581512004137039 1.1993287801742554
v 0.539418637752533 0.10526909679174423 1.1856549978256226
v 0.5887165069580078 0.10161431133747101 1.1663349866867065
v 0.6387609243392944 0.1000337302684784 1.156488299369812
v 0.6867893934249878 0.09890451282262802 1.1416916847229004
v -0.6517610549926758 0.10201214253902435 1.1421585083007812
v -0.5860286951065063 0.09990643709897995 1.120101809501648
v -0.526118278503418 0.0983348935842514 1.1008096933364868
v -0.4485374689102173 0.0965871587395668 1.0470315217971802
v -0.4133027493953705 0.09425925463438034 1.0879909992218018
v -0.3080901801586151 0.08344420790672302 0.9189780354499817
v -0.26349708437919617 0.0838516429066658 0.9160498380661011
v -0.21495120227336884 0.08225691318511963 0.8900599479675293
v -0.1701897233724594 0.08001972734928131 0.8713815808296204
v -0.13092009723186493 0.0803055614233017 0.8771215677261353
v -0.09760306775569916 0.08883819729089737 0.9786237478256226
v -0.0541783832013607 0.08888757973909378 0.975149393081665
v -0.0073504215106368065 0.08461546152830124 0.9253297448158264
v 0.03511541336774826 0.0841597393155098 0.9267702698707581
v 0.08023341745138168 0.08134724944829941 0.9149379134178162
v 0.1632753610610962 0.1068531945347786 1.2103484869003296
v 0.2152579128742218 0.10558531433343887 1.199981927871704
v 0.2602929472923279 0.10181932896375656 1.1340968608856201
v 0.3314267694950104 0.10758768022060394 1.203182578086853
v 0.38570457696914673 0.10718937963247299 1.200455665588379
v 0.44169601798057556 0.10600226372480392 1.1993857622146606
v 0.49399450421333313 0.10832425951957703 1.194084882736206
v 0.3499602973461151 0.05778496339917183 0.7635803818702698
v 0.5906457901000977 0.10373706370592117 1.1585010290145874
v 0.6381368637084961 0.10226917266845703 1.145460844039917
v 0.6891006231307983 0.10146323591470718 1.1338768005371094
v -0.6426441669464111 0.10412809252738953 1.1358540058135986
v -0.5775347948074341 0.10201064497232437 1.113722801208496
v -0.5185719728469849 0.10003303736448288 1.0948917865753174
v -0.4380238950252533 0.0980001837015152 1.036170244216919
v -0.40862858295440674 0.09714376926422119 1.0863714218139648
v -0.3023708164691925 0.08582226186990738 0.9180018305778503
v -0.259192556142807 0.08575326204299927 0.9142277836799622
v -0.20933035016059875 0.08406022191047668 0.8843122720718384
v -0.1661146879196167 0.0824255421757698 0.8710740804672241
v -0.12647798657417297 0.08243422210216522 0.8775807023048401
v -0.0932372510433197 0.09091301262378693 0.9775879979133606
v -0.04969998076558113 0.09080325812101364 0.9757543802261353
v -0.003270544344559312 0.08650337904691696 0.9252046346664429
v 0.03957967460155487 0.08651885390281677 0.9270453453063965
v 0.08388317376375198 0.08314673602581024 0.9108597636222839
v 0.1674773395061493 0.10899288207292557 1.20510995388031
v 0.14782379567623138 0.07081716507673264 0.8282175064086914
v 0.18750588595867157 0.07362096011638641 0.8251742124557495
v 0.22449928522109985 0.06820344179868698 0.8090132474899292
v 0.38788726925849915 0.10913106054067612 1.1890454292297363
v 0.4450812041759491 0.10853704810142517 1.194381594657898
v 0.4952758550643921 0.11017327010631561 1.1869163513183594
v 0.3524514436721802 0.060496509075164795 0.759274423122406
v 0.5918846130371094 0.10561038553714752 1.1506963968276978
v 0.6371321678161621 0.10425106436014175 1.133520245552063
v -0.7132675647735596 0.10823465138673782 1.1679999828338623
v -0.6334699392318726 0.10622943937778473 1.129501223564148
v -0.5691125392913818 0.10409792512655258 1.1072840690612793
v -0.5112468004226685 0.10163203626871109 1.0891541242599487
v -0.42904818058013916 0.09943443536758423 1.0276705026626587
v -0.40286701917648315 0.0999792143702507 1.08112370967865
v -0.2979656755924225 0.08818908780813217 0.9186248779296875
v -0.25509223341941833 0.08849336951971054 0.9144881367683411
v -0.20404204726219177 0.08569998294115067 0.8787485361099243
v -0.16240732371807098 0.08412563055753708 0.8710192441940308
v -0.1219073086977005 0.08463844656944275 0.877880871295929
v -0.08852040767669678 0.09303758293390274 0.9762209057807922
v -0.046418264508247375 0.0930817499756813 0.9756268262863159
v 0.0008324438822455704 0.08844944089651108 0.9254086017608643
v 0.044113751500844955 0.0890166237950325 0.9279209971427917
v 0.08751578629016876 0.08560032397508621 0.9084669351577759
v 0.17140579223632812 0.11122144758701324 1.1984518766403198
v 0.152748703956604 0.07371589541435242 0.8262149095535278
v 0.1911648064851761 0.07467937469482422 0.8212889432907104
v 0.22783462703227997 0.07070860266685486 0.8053423166275024
v 0.3908848762512207 0.11114656180143356 1.1802572011947632
v 0.4480072557926178 0.11131651699542999 1.1893080472946167
v 0.32071834802627563 0.06139156594872475 0.7667641043663025
v 0.35497748851776123 0.06362979859113693 0.7561630010604858
v 0.5929571986198425 0.10752452909946442 1.1421523094177246
v 0.6365887522697449 0.10605094581842422 1.1225210428237915
v -0.7007941007614136 0.11014801263809204 1.1597678661346436
v -0.6244695782661438 0.10831093788146973 1.1231777667999268
v -0.560752272605896 0.10614119470119476 1.1008905172348022
v -0.5037908554077148 0.10368255525827408 1.0827200412750244
v -0.422956258058548 0.10165908187627792 1.0250108242034912
v -0.39653849601745605 0.10259046405553818 1.0749778747558594
v -0.29372355341911316 0.09049373865127563 0.9192233681678772
v -0.25235700607299805 0.09041896462440491 0.9155099391937256
v -0.19926495850086212 0.08737281709909439 0.8743440508842468
v -0.15860247611999512 0.08595416694879532 0.8709535598754883
v -0.11701519787311554 0.08693750202655792 0.8782424330711365
v -0.08344491571187973 0.09495663642883301 0.9753090143203735
v -0.042885322123765945 0.0952833890914917 0.9752335548400879
v 0.005114463623613119 0.09048478305339813 0.9255408048629761
v 0.048603080213069916 0.0918392762541771 0.926979660987854
v 0.09122543781995773 0.08789906650781631 0.9069782495498657
v 0.1749030500650406 0.11309445649385452 1.1902583837509155
v 0.15744192898273468 0.07626650482416153 0.8238325119018555
v 0.19462482631206512 0.0764555111527443 0.8177575469017029
v 0.2305404245853424 0.07308070361614227 0.8005821704864502
v 0.3947603106498718 0.11339890956878662 1.175553560256958
v 0.45113879442214966 0.11428488790988922 1.1841394901275635
v 0.3249463140964508 0.06513070315122604 0.7644239068031311
v 0.3579547107219696 0.06602612137794495 0.7541396617889404
v 0.593502402305603 0.1093553751707077 1.133251428604126
v 0.6370112895965576 0.10786200314760208 1.1134377717971802
v -0.6913800239562988 0.11240893602371216 1.1530628204345703
v -0.6158351898193359 0.11033916473388672 1.1170423030853271
v -0.5524661540985107 0.10817987471818924 1.0944067239761353
v -0.49029287695884705 0.10596328973770142 1.0671107769012451
v -0.41835546493530273 0.10400153696537018 1.024809718132019
v -0.3903144896030426 0.10488421469926834 1.0698812007904053
v -0.2900066375732422 0.09268682450056076 0.9197996854782104
v -0.24975214898586273 0.09218526631593704 0.9172353148460388
v -0.1948598325252533 0.0890834778547287 0.8717695474624634
v -0.1546742171049118 0.08783211559057236 0.870850145816803
v -0.11140776425600052 0.08923330157995224 0.8786077499389648
v -0.07902206480503082 0.09759261459112167 0.9747690558433533
v -0.039117056876420975 0.09690331667661667 0.9726688861846924
v 0.00970250554382801 0.09260012209415436 0.9258981943130493
v 0.05281564220786095 0.09256815165281296 0.9197684526443481
v 0.09505511820316315 0.08982881158590317 0.9059667587280273
v 0.17825035750865936 0.11502654105424881 1.1819297075271606
v 0.1617598533630371 0.07887343317270279 0.8218914270401001
v 0.19855055212974548 0.07852549850940704 0.8150352239608765
v 0.2329472005367279 0.07520835101604462 0.7972601652145386
v 0.39886707067489624 0.11561798304319382 1.1713266372680664
v 0.4543434977531433 0.11736751347780228 1.1789606809616089
v 0.32838892936706543 0.0692276805639267 0.7622929215431213
v 0.3617492914199829 0.06811341643333435 0.7524551749229431
v 0.5942213535308838 0.11116491258144379 1.1248489618301392
v 0.6386843919754028 0.10989439487457275 1.1065915822982788
v -0.682182788848877 0.11474847048521042 1.1460816860198975
v -0.6074572801589966 0.11233069002628326 1.111190915107727
v -0.5440349578857422 0.11027151346206665 1.0876636505126953
v -0.46981555223464966 0.10814939439296722 1.0410586595535278
v -0.4139903485774994 0.10616117715835571 1.0251834392547607
v -0.38434070348739624 0.10690642893314362 1.0654139518737793
v -0.28671202063560486 0.09482714533805847 0.9203040599822998
v -0.2469041496515274 0.09391158819198608 0.9179607629776001
v -0.19006074965000153 0.09080015122890472 0.8709316849708557
v -0.15061719715595245 0.08971767127513885 0.8706252574920654
v -0.1058608740568161 0.09208108484745026 0.8809796571731567
v -0.07491714507341385 0.0995614230632782 0.9754871726036072
v -0.029868973419070244 0.09637657552957535 0.9322843551635742
v 0.014233245514333248 0.09477322548627853 0.9261712431907654
v 0.05683533847332001 0.09367983043193817 0.912903904914856
v 0.09899841248989105 0.09166720509529114 0.9048711657524109
v 0.18168582022190094 0.11704280972480774 1.1727288961410522
v 0.16565892100334167 0.0813380628824234 0.8199949860572815
v 0.20237749814987183 0.08091549575328827 0.8133314251899719
v 0.23647862672805786 0.07721943408250809 0.7969766855239868
v 0.4026757478713989 0.11774112284183502 1.167540431022644
v 0.45752468705177307 0.12004943937063217 1.173967719078064
v 0.3314312696456909 0.07265929132699966 0.760603129863739
v 0.3664660155773163 0.07011550664901733 0.7504765391349792
v 0.5960551500320435 0.11300457268953323 1.1179711818695068
v 0.6409311890602112 0.11205057054758072 1.1014084815979004
v -0.6729586720466614 0.11694426834583282 1.1390302181243896
v -0.5992592573165894 0.11431299149990082 1.1054426431655884
v -0.535483181476593 0.11235710233449936 1.080810785293579
v -0.46238967776298523 0.10999466478824615 1.0350420475006104
v -0.41021284461021423 0.1081467717885971 1.0260553359985352
v -0.37856316566467285 0.10892321914434433 1.0607571601867676
v -0.2824806869029999 0.09734389185905457 0.9206221103668213
v -0.24300266802310944 0.09563033282756805 0.9168765544891357
v -0.18608136475086212 0.09251432120800018 0.8709520697593689
v -0.14651228487491608 0.0915847197175026 0.8705135583877563
v -0.11456269770860672 0.10248871147632599 0.9847593903541565
v -0.07080022990703583 0.10143943130970001 0.9761417508125305
v -0.024835120886564255 0.09853146970272064 0.9331812858581543
v 0.018562184646725655 0.09698498249053955 0.9260255098342896
v 0.06113341078162193 0.09556109458208084 0.9100300669670105
v 0.10325220972299576 0.09336934983730316 0.9034013748168945
v 0.1852049082517624 0.11884625256061554 1.1637096405029297
v 0.16910851001739502 0.08361617475748062 0.8173795342445374
v 0.2060472071170807 0.08328264206647873 0.8114490509033203
v 0.2406560182571411 0.07918152958154678 0.7977718114852905
v 0.40641146898269653 0.11979560554027557 1.163230061531067
v 0.4602895975112915 0.12214237451553345 1.1684482097625732
v 0.3348616659641266 0.07563038915395737 0.7595475912094116
v 0.37156441807746887 0.07144711911678314 0.7485328912734985
v 0.5990666151046753 0.11508902907371521 1.1134400367736816
v 0.6433142423629761 0.11421216279268265 1.0967673063278198
v -0.6634422540664673 0.11911823600530624 1.1318438053131104
v -0.5910236835479736 0.11633113771677017 1.0995829105377197
v -0.527119517326355 0.11433030664920807 1.0740426778793335
v -0.4569271504878998 0.11191116273403168 1.0316674709320068
v -0.4067012071609497 0.11008023470640182 1.027321696281433
v -0.3727782070636749 0.11096474528312683 1.0558868646621704
v -0.279230535030365 0.09974496066570282 0.9206545352935791
v -0.22271554172039032 0.0962541475892067 0.8742675185203552
v -0.18214952945709229 0.09414447844028473 0.8714364767074585
v -0.14254887402057648 0.09365665167570114 0.8714215159416199
v -0.11032591015100479 0.10483779013156891 0.9859455823898315
v -0.06660062074661255 0.10341235250234604 0.9766308665275574
v -0.020359668880701065 0.1007748395204544 0.9338377714157104
v 0.022798873484134674 0.09922880679368973 0.9257729053497314
v 0.06511455774307251 0.09751443564891815 0.908275842666626
v 0.10800518840551376 0.09525147825479507 0.9022150635719299
v 0.1883762627840042 0.12014343589544296 1.153670310974121
v 0.17234843969345093 0.08577826619148254 0.8152886629104614
v 0.20914120972156525 0.08542854338884354 0.8093687891960144
v 0.24526157975196838 0.08107058703899384 0.797764241695404
v 0.41020622849464417 0.12169187515974045 1.1590996980667114
v 0.30136772990226746 0.07458483427762985 0.7662827968597412
v 0.3383243978023529 0.07827619463205338 0.759086012840271
v 0.37651413679122925 0.0731779932975769 0.7453552484512329
v 0.6025571823120117 0.11720302700996399 1.1102622747421265
v 0.6457476615905762 0.11640013009309769 1.0923349857330322
v -0.6536664962768555 0.12122082710266113 1.1246209144592285
v -0.5825595855712891 0.11832793056964874 1.0935335159301758
v -0.5192388296127319 0.11630604416131973 1.0673898458480835
v -0.4533098340034485 0.11392365396022797 1.031572937965393
v -0.40333670377731323 0.11213687062263489 1.029240369796753
v -0.36715734004974365 0.1127743124961853 1.0505260229110718
v -0.27523425221443176 0.10196542739868164 0.9199421405792236
v -0.21733136475086212 0.09762375056743622 0.8707544803619385
v -0.17805100977420807 0.095761239528656 0.8714956045150757
v -0.13872282207012177 0.09575261920690536 0.8730428814888
v -0.10605932772159576 0.10707167536020279 0.985796332359314
v -0.062416817992925644 0.10538124293088913 0.9770663380622864
v -0.016020536422729492 0.10300640761852264 0.9345224499702454
v 0.02700483426451683 0.10150468349456787 0.925593912601471
v 0.06907081604003906 0.09944907575845718 0.9072086811065674
v 0.11337935924530029 0.09721165895462036 0.9014562368392944
v 0.14122042059898376 0.08642593771219254 0.8333367109298706
v 0.17554882168769836 0.08782964199781418 0.8140566945075989
v 0.2120024710893631 0.08733102679252625 0.8073977828025818
v 0.25023379921913147 0.08275175839662552 0.7977522611618042
v 0.414293497800827 0.12393598258495331 1.1563103199005127
v 0.30572953820228577 0.07673599570989609 0.7641671895980835
v 0.3410016596317291 0.08046166598796844 0.7578659653663635
v 0.5631182193756104 0.12292822450399399 1.126247525215149
v 0.6057530641555786 0.11926283687353134 1.106674313545227
v 0.6482876539230347 0.11845088005065918 1.0881954431533813
v -0.6439976692199707 0.1232643574476242 1.1175087690353394
v -0.5740028023719788 0.12025416642427444 1.0873932838439941
v -0.5115801095962524 0.11831993609666824 1.0606718063354492
v -0.44975021481513977 0.11625145375728607 1.035209059715271
v -0.4004238247871399 0.11439157277345657 1.0320395231246948
v -0.3605209290981293 0.11379820853471756 1.0424376726150513
v -0.270087331533432 0.10389689356088638 0.9178764224052429
v -0.21273499727249146 0.09922884404659271 0.869245171546936
v -0.17387357354164124 0.0973597913980484 0.8711342215538025
v -0.13461953401565552 0.09787292033433914 0.8741241097450256
v -0.10158029198646545 0.1091098040342331 0.9854724407196045
v -0.058350544422864914 0.10743701457977295 0.977384090423584
v -0.01172198262065649 0.10520768910646439 0.9351163506507874
v 0.031238671392202377 0.10374976694583893 0.9255672097206116
v 0.07302109897136688 0.10154049843549728 0.9066740870475769
v 0.11901986598968506 0.09941631555557251 0.900819718837738
v 0.14391595125198364 0.08827519416809082 0.8289124369621277
v 0.17885680496692657 0.08989851176738739 0.8129655122756958
v 0.21482661366462708 0.0891404077410698 0.8046000599861145
v 0.25517648458480835 0.08495458215475082 0.7976874113082886
v 0.4187278747558594 0.12664520740509033 1.154485821723938
v 0.310595840215683 0.08023612946271896 0.7626165747642517
v 0.34334519505500793 0.08239325135946274 0.7556692361831665
v 0.5681881308555603 0.1252167671918869 1.123299479484558
v 0.6080801486968994 0.1212143748998642 1.101380467414856
v 0.6511256694793701 0.12050587683916092 1.084202766418457
v -0.6343291997909546 0.1252877414226532 1.1104235649108887
v -0.5655860900878906 0.12212391197681427 1.0812020301818848
v -0.5030876994132996 0.12038476020097733 1.0535749197006226
v -0.44640639424324036 0.11839626729488373 1.0370129346847534
v -0.3972729742527008 0.11722131073474884 1.0378881692886353
v -0.3085014224052429 0.10739859938621521 0.9249687194824219
v -0.2650223970413208 0.10565996170043945 0.9160068035125732
v -0.20855003595352173 0.10080543160438538 0.8682398200035095
v -0.1697027087211609 0.09908977895975113 0.8706321716308594
v -0.1303257793188095 0.10011346638202667 0.8750689029693604
v -0.09702519327402115 0.11092972010374069 0.9845404624938965
v -0.054287075996398926 0.10963434725999832 0.9775001406669617
v -0.007567037828266621 0.10740487277507782 0.9359450340270996
v 0.03549645096063614 0.10600212961435318 0.9255090951919556
v 0.07715588063001633 0.1037091612815857 0.9070965647697449
v 0.12401173263788223 0.10180169343948364 0.9056869745254517
v 0.1477240025997162 0.09111198782920837 0.8270537853240967
v 0.1822967380285263 0.09200213849544525 0.811980128288269
v 0.21758201718330383 0.09087464958429337 0.8018964529037476
v 0.3700489103794098 0.12933820486068726 1.143621802330017
v 0.42238593101501465 0.12951959669589996 1.151192545890808
v 0.31474485993385315 0.08352547883987427 0.761023759841919
v 0.34576940536499023 0.08418909460306168 0.7537888288497925
v 0.5717597007751465 0.1269971877336502 1.1191747188568115
v 0.610515296459198 0.12302903085947037 1.0962729454040527
v 0.6557625532150269 0.12343835085630417 1.07942795753479
v -0.6247780919075012 0.12725181877613068 1.103453516960144
v -0.5573195219039917 0.12393511086702347 1.0750000476837158
v -0.4944416284561157 0.12235886603593826 1.0471127033233643
v -0.44154298305511475 0.1204063817858696 1.0357964038848877
v -0.393107533454895 0.11907453089952469 1.0387115478515625
v -0.30268681049346924 0.10877925157546997 0.9204797148704529
v -0.26099345088005066 0.10739823430776596 0.9158473610877991
v -0.20489339530467987 0.10236474871635437 0.8677374720573425
v -0.16560900211334229 0.10089614987373352 0.8701699376106262
v -0.125891774892807 0.10248091071844101 0.8763425350189209
v -0.09251181781291962 0.11251375824213028 0.9830056428909302
v -0.05020051822066307 0.11195444315671921 0.9775395393371582
v -0.003587522776797414 0.10968023538589478 0.9374891519546509
v 0.03966597095131874 0.1083279699087143 0.9256861209869385
v 0.0813981369137764 0.10592584311962128 0.9081560373306274
v 0.158845454454422 0.12701743841171265 1.1282851696014404
v 0.1518617421388626 0.09421532601118088 0.8259974122047424
v 0.1858161985874176 0.09401459991931915 0.8107231259346008
v 0.22089529037475586 0.09270254522562027 0.8012158870697021
v 0.3743384778499603 0.131647527217865 1.1417630910873413
v 0.4251174032688141 0.13217881321907043 1.1456472873687744
v 0.3184528946876526 0.08632233738899231 0.7596282958984375
v 0.3481721580028534 0.08584905415773392 0.7520396709442139
v 0.573965311050415 0.12877514958381653 1.1142449378967285
v 0.6132742166519165 0.12491189688444138 1.0916801691055298
v -0.6955066919326782 0.13393260538578033 1.1359483003616333
v -0.6156206130981445 0.12917682528495789 1.09682297706604
v -0.5491094589233398 0.12570370733737946 1.0687155723571777
v -0.48673215508461 0.12409023195505142 1.0420372486114502
v -0.4352336823940277 0.12236926704645157 1.033376932144165
v -0.38739457726478577 0.12081374228000641 1.0347847938537598
v -0.29802921414375305 0.11037178337574005 0.9185589551925659
v -0.257943719625473 0.10939549654722214 0.9172035455703735
v -0.20134761929512024 0.10386455804109573 0.8674347996711731
v -0.1614946573972702 0.10279164463281631 0.8697020411491394
v -0.12123177945613861 0.10489653050899506 0.8772763013839722
v -0.08808151632547379 0.11393220722675323 0.981337308883667
v -0.04611513018608093 0.11437438428401947 0.977380633354187
v 0.0008124301093630493 0.11404405534267426 0.9438015222549438
v 0.04389926418662071 0.1105615496635437 0.9255542159080505
v 0.08557628840208054 0.1079709380865097 0.9090505838394165
v 0.16305920481681824 0.1293221265077591 1.1243150234222412
v 0.1559152752161026 0.09687042981386185 0.8255078196525574
v 0.1894056499004364 0.09592698514461517 0.8093607425689697
v 0.22453740239143372 0.0946606993675232 0.8014829158782959
v 0.3781939148902893 0.1339283287525177 1.1371484994888306
v 0.42587751150131226 0.13361835479736328 1.134434461593628
v 0.32163742184638977 0.0885612964630127 0.7586297988891602
v 0.3510138988494873 0.08735239505767822 0.7507246732711792
v 0.575147271156311 0.1304098218679428 1.106652021408081
v 0.6157054901123047 0.12691384553909302 1.0871071815490723
v -0.6841331720352173 0.13512609899044037 1.1289687156677246
v -0.6070117950439453 0.13102605938911438 1.090748906135559
v -0.5408471822738647 0.12749509513378143 1.0623620748519897
v -0.4790574014186859 0.12572522461414337 1.0374820232391357
v -0.4283193349838257 0.12414855509996414 1.030303955078125
v -0.38137686252593994 0.1226215735077858 1.0300400257110596
v -0.2937089204788208 0.11207979917526245 0.9173180460929871
v -0.25513631105422974 0.11187035590410233 0.9199001789093018
v -0.19733010232448578 0.10565412789583206 0.8674349188804626
v -0.15756769478321075 0.10477647930383682 0.8694843053817749
v -0.11642695963382721 0.10717364400625229 0.8777498006820679
v -0.0834338590502739 0.11539283394813538 0.9796925783157349
v -0.04196246340870857 0.11688123643398285 0.9766358137130737
v 0.004864679649472237 0.11694600433111191 0.9456198811531067
v 0.04815186187624931 0.11394945532083511 0.9257634878158569
v 0.08951542526483536 0.10984927415847778 0.9098501801490784
v 0.16631823778152466 0.13110549747943878 1.1184632778167725
v 0.15968406200408936 0.09918414056301117 0.8255680799484253
v 0.1929381787776947 0.09783413261175156 0.8078980445861816
v 0.22830940783023834 0.0966196209192276 0.8017600774765015
v 0.381798654794693 0.13622935116291046 1.132415771484375
v 0.2844056785106659 0.0864335149526596 0.7655977010726929
v 0.32459667325019836 0.09049128741025925 0.7576500177383423
v 0.35445693135261536 0.08869859576225281 0.7499713897705078
v 0.5763450264930725 0.1319318562746048 1.0985037088394165
v 0.6181820631027222 0.12894472479820251 1.0829521417617798
v -0.6753265857696533 0.1370783895254135 1.1230374574661255
v -0.5986870527267456 0.13283973932266235 1.0848771333694458
v -0.5325586795806885 0.12928642332553864 1.0560320615768433
v -0.47147154808044434 0.1273748278617859 1.0333914756774902
v -0.42161908745765686 0.1259516179561615 1.0272347927093506
v -0.37543535232543945 0.1244179978966713 1.0252922773361206
v -0.2896847724914551 0.11387696117162704 0.9162580370903015
v -0.25237056612968445 0.11443358659744263 0.9224987626075745
v -0.19361484050750732 0.10723395645618439 0.8673204779624939
v -0.15392480790615082 0.1069231629371643 0.8695977330207825
v -0.12194588780403137 0.11957130581140518 0.9756340384483337
v -0.0787719339132309 0.11707611382007599 0.9780409336090088
v -0.03772151097655296 0.11940348893404007 0.97548907995224
v 0.00888027809560299 0.11919635534286499 0.9454876780509949
v 0.05247729644179344 0.11628196388483047 0.9247755408287048
v 0.09330891072750092 0.11208806931972504 0.9115074872970581
v 0.16972894966602325 0.13382674753665924 1.109819769859314
v 0.16319696605205536 0.10149632394313812 0.8255239129066467
v 0.19654053449630737 0.09965920448303223 0.8065445423126221
v 0.23215238749980927 0.09849640727043152 0.8023867607116699
v 0.3854367434978485 0.13824033737182617 1.128641963005066
v 0.28941258788108826 0.08919291943311691 0.7641595602035522
v 0.3276069164276123 0.09236426651477814 0.7568586468696594
v 0.358819842338562 0.09037648886442184 0.7492119073867798
v 0.5782095193862915 0.13350972533226013 1.092689037322998
v 0.6210823655128479 0.13086427748203278 1.079464077949524
v -0.6668453216552734 0.13902264833450317 1.1170655488967896
v -0.5903213024139404 0.1346154361963272 1.0789567232131958
v -0.5242552161216736 0.1310664862394333 1.049715518951416
v -0.4651772081851959 0.12906305491924286 1.0300425291061401
v -0.41540834307670593 0.1277264952659607 1.0242449045181274
v -0.36999276280403137 0.1261686086654663 1.0203564167022705
v -0.2853718400001526 0.11593026667833328 0.9159054756164551
v -0.24931921064853668 0.11701961606740952 0.9239740967750549
v -0.18978190422058105 0.10876651108264923 0.8669396638870239
v -0.1500486433506012 0.10934747755527496 0.8698422908782959
v -0.11790173500776291 0.12094206362962723 0.9738079905509949
v -0.07430405169725418 0.11893048882484436 0.9765123128890991
v -0.03335946798324585 0.12196111679077148 0.9736881256103516
v 0.012955372221767902 0.1214054599404335 0.9449690580368042
v 0.05697236955165863 0.11841369420289993 0.9223592281341553
v 0.10838084667921066 0.12495499104261398 0.9928886294364929
v 0.1268404871225357 0.10295427590608597 0.8350809812545776
v 0.16686755418777466 0.10325610637664795 0.824259340763092
v 0.20016328990459442 0.10159500688314438 0.8063495755195618
v 0.23606550693511963 0.10025814175605774 0.8036033511161804
v 0.38950613141059875 0.14029110968112946 1.1255378723144531
v 0.2943662703037262 0.0920129045844078 0.7631258964538574
v 0.330295592546463 0.09420960396528244 0.7561510801315308
v 0.3639078140258789 0.09219738095998764 0.7490594983100891
v 0.5811643600463867 0.13540132343769073 1.089509129524231
v 0.6243875622749329 0.13277675211429596 1.0759509801864624
v -0.6578705310821533 0.14079448580741882 1.1106617450714111
v -0.5817383527755737 0.136295348405838 1.0728296041488647
v -0.5160314440727234 0.1328747272491455 1.0435439348220825
v -0.4594550132751465 0.13076259195804596 1.0270540714263916
v -0.4092761278152466 0.12943808734416962 1.0207257270812988
v -0.3645922839641571 0.1278080940246582 1.0148448944091797
v -0.28163161873817444 0.11772170662879944 0.915795087814331
v -0.24497944116592407 0.1198653057217598 0.9231336116790771
v -0.1828612983226776 0.11157269030809402 0.8601580262184143
v -0.14664527773857117 0.11157000064849854 0.8706183433532715
v -0.11365535855293274 0.1224985271692276 0.9709572792053223
v -0.06997199356555939 0.12087316811084747 0.9749975204467773
v -0.028883298859000206 0.12443803250789642 0.9713325500488281
v 0.016962040215730667 0.123493991792202 0.9437875151634216
v 0.061295997351408005 0.11857680976390839 0.9197958707809448
v 0.11367235332727432 0.12671051919460297 0.993425726890564
v 0.13074113428592682 0.10455616563558578 0.830625057220459
v 0.1704835146665573 0.10505092889070511 0.8224524259567261
v 0.2041238248348236 0.10425982624292374 0.8068833351135254
v 0.24014899134635925 0.10207131505012512 0.8042395710945129
v 0.39306652545928955 0.14226259291172028 1.1216933727264404
v 0.29939234256744385 0.09469179809093475 0.7614443898200989
v 0.3326387107372284 0.0960312932729721 0.7545488476753235
v 0.3720798194408417 0.09582476317882538 0.7587436437606812
v 0.5852001905441284 0.13759225606918335 1.0869845151901245
v 0.6277868747711182 0.1347472071647644 1.0722754001617432
v -0.647361159324646 0.14264287054538727 1.1030569076538086
v -0.5731461644172668 0.1379614919424057 1.0666149854660034
v -0.5079648494720459 0.13471369445323944 1.0375765562057495
v -0.45347070693969727 0.13254815340042114 1.0234696865081787
v -0.40295693278312683 0.13119620084762573 1.0162855386734009
v -0.3210833668708801 0.12152942270040512 0.9151915311813354
v -0.277763694524765 0.11961356550455093 0.915780782699585
v -0.2211666703224182 0.11482266336679459 0.8705790042877197
v -0.17822633683681488 0.11306189000606537 0.856498122215271
v -0.14316122233867645 0.11389227956533432 0.8720982670783997
v -0.10919053852558136 0.12423186004161835 0.967748761177063
v -0.06568880379199982 0.12293724715709686 0.9732439517974854
v -0.024159325286746025 0.12676428258419037 0.9680834412574768
v 0.02126079611480236 0.12509416043758392 0.9415141940116882
v 0.06532178819179535 0.12073088437318802 0.919526219367981
v 0.11795119196176529 0.12760168313980103 0.9886175394058228
v 0.13537092506885529 0.10721125453710556 0.8291399478912354
v 0.17394953966140747 0.1069689467549324 0.8208417296409607
v 0.20777980983257294 0.10613995045423508 0.8070170283317566
v 0.24450090527534485 0.10358524322509766 0.8044889569282532
v 0.3960720896720886 0.14409473538398743 1.1165363788604736
v 0.30366742610931396 0.09725848585367203 0.7598729133605957
v 0.334994375705719 0.09765251725912094 0.7526757717132568
v 0.3678065538406372 0.09344428032636642 0.7438268065452576
v 0.5885517597198486 0.13948200643062592 1.0838308334350586
v 0.6305203437805176 0.13668543100357056 1.0682873725891113
v -0.635900616645813 0.14449259638786316 1.0943033695220947
v -0.5647857785224915 0.13963373005390167 1.060628890991211
v -0.5001898407936096 0.1365465521812439 1.0319304466247559
v -0.44689664244651794 0.13444040715694427 1.0192654132843018
v -0.3965004086494446 0.13297349214553833 1.0112197399139404
v -0.3144747316837311 0.12278903275728226 0.9120129346847534
v -0.27360421419143677 0.12160050123929977 0.9153334498405457
v -0.21619448065757751 0.11645539849996567 0.8672444820404053
v -0.17417103052139282 0.11463750153779984 0.8544830679893494
v -0.13977299630641937 0.11637064069509506 0.8749581575393677
v -0.10466092824935913 0.12597911059856415 0.9645546078681946
v -0.0613740049302578 0.12515951693058014 0.9709442853927612
v -0.019203023985028267 0.1286449283361435 0.9635562300682068
v 0.02630212903022766 0.12609270215034485 0.9363136291503906
v 0.0694497600197792 0.12288238108158112 0.9195589423179626
v 0.12179677933454514 0.12840338051319122 0.980728268623352
v 0.13943395018577576 0.10951098799705505 0.8280256390571594
v 0.1774439960718155 0.10892846435308456 0.8199865221977234
v 0.2115246206521988 0.10795573145151138 0.8075203895568848
v 0.2492571771144867 0.10505347698926926 0.8042798042297363
v 0.39846891164779663 0.1456475555896759 1.110266089439392
v 0.30719953775405884 0.09957150369882584 0.758626401424408
v 0.3376414179801941 0.0991896539926529 0.7516787052154541
v 0.36837711930274963 0.09130177646875381 0.737073540687561
v 0.5915968418121338 0.14109382033348083 1.0803011655807495
v 0.6326438784599304 0.13876168429851532 1.0637524127960205
v -0.6251786947250366 0.14625751972198486 1.0860649347305298
v -0.556648850440979 0.14129674434661865 1.0548436641693115
v -0.4927080273628235 0.13834989070892334 1.026633858680725
v -0.4398036301136017 0.13631941378116608 1.014643669128418
v -0.39012837409973145 0.13472998142242432 1.0061897039413452
v -0.3102481961250305 0.12511536478996277 0.913364052772522
v -0.2694917619228363 0.12365564703941345 0.914803147315979
v -0.2118956744670868 0.11808563768863678 0.8655481934547424
v -0.17041321098804474 0.1162489503622055 0.8528833389282227
v -0.14077627658843994 0.1269971877336502 0.9297819137573242
v -0.10007857531309128 0.1275746077299118 0.9614059329032898
v -0.056847598403692245 0.12745270133018494 0.9683007001876831
v -0.014175990596413612 0.13032454252243042 0.958204984664917
v 0.032567769289016724 0.1258096694946289 0.9259275197982788
v 0.07373061776161194 0.12480014562606812 0.9190903306007385
v 0.12526419758796692 0.12990468740463257 0.9727702140808105
v 0.1432267129421234 0.11169151961803436 0.8271111249923706
v 0.18120533227920532 0.11133081465959549 0.8194268345832825
v 0.21545186638832092 0.1098332479596138 0.8084416389465332
v 0.2544483244419098 0.10697904229164124 0.8040542602539062
v 0.40047362446784973 0.14709381759166718 1.1029739379882812
v 0.31034737825393677 0.10151278972625732 0.7576460838317871
v 0.3406231105327606 0.10078630596399307 0.7511793971061707
v 0.372848242521286 0.0926232784986496 0.7330002784729004
v 0.5942407846450806 0.1425498127937317 1.07602858543396
v 0.6345460414886475 0.14098665118217468 1.0576372146606445
v -0.6160002946853638 0.1479032039642334 1.079279899597168
v -0.5487267971038818 0.1429823637008667 1.0491424798965454
v -0.4854654371738434 0.14012177288532257 1.0216466188430786
v -0.43265101313591003 0.1381334513425827 1.0099210739135742
v -0.38376620411872864 0.1363859921693802 1.0010952949523926
v -0.30670619010925293 0.12715552747249603 0.9149073362350464
v -0.26612862944602966 0.12567038834095 0.9150179624557495
v -0.2076583355665207 0.11964377015829086 0.8643026351928711
v -0.16678716242313385 0.11800547689199448 0.8521981239318848
v -0.1370629072189331 0.1301974207162857 0.950323760509491
v -0.09561406821012497 0.12747277319431305 0.9546821117401123
v -0.052335869520902634 0.1294916570186615 0.9654111266136169
v -0.008831781335175037 0.13157567381858826 0.9522900581359863
v 0.03637681156396866 0.12777012586593628 0.9255549311637878
v 0.07814249396324158 0.126554474234581 0.9202893972396851
v 0.128464475274086 0.13191521167755127 0.965071439743042
v 0.14728814363479614 0.11367448419332504 0.826295018196106
v 0.18469811975955963 0.11350136250257492 0.8187476396560669
v 0.2194090634584427 0.1117246150970459 0.8091980218887329
v 0.34040898084640503 0.1412762552499771 1.045777678489685
v 0.4029127061367035 0.1489245742559433 1.0954049825668335
v 0.31320852041244507 0.10331428050994873 0.7567182183265686
v 0.34360116720199585 0.10267461836338043 0.7507221698760986
v 0.3771754503250122 0.09381494671106339 0.7292503118515015
v 0.596476674079895 0.14409390091896057 1.0718103647232056
v 0.6383033990859985 0.14357338845729828 1.0506840944290161
v -0.6074092388153076 0.14943046867847443 1.073037028312683
v -0.5408828258514404 0.14470216631889343 1.0434783697128296
v -0.4784531593322754 0.14185760915279388 1.0169848203659058
v -0.4257309138774872 0.13991890847682953 1.005293369293213
v -0.3773532509803772 0.13801950216293335 0.9957132935523987
v -0.30306151509284973 0.12906312942504883 0.916566014289856
v -0.2628108561038971 0.12771302461624146 0.9157007336616516
v -0.20340575277805328 0.12136216461658478 0.8621748089790344
v -0.16349536180496216 0.1219070628285408 0.8637474775314331
v -0.13288532197475433 0.13158926367759705 0.9531762599945068
v -0.0690484344959259 0.08929615467786789 0.7076599597930908
v -0.0477212555706501 0.13152587413787842 0.9620553255081177
v -0.0039375461637973785 0.13260714709758759 0.9460827708244324
v 0.04059840366244316 0.12972518801689148 0.9265573620796204
v 0.08817330002784729 0.13536503911018372 0.9559656381607056
v 0.13167312741279602 0.13351094722747803 0.9585199356079102
v 0.1512622982263565 0.11553624272346497 0.8258947730064392
v 0.188202902674675 0.11554910242557526 0.8176693320274353
v 0.22326873242855072 0.11324450373649597 0.809438943862915
v 0.3510611951351166 0.14783278107643127 1.0651682615280151
v 0.4065761864185333 0.1516953706741333 1.0879466533660889
v 0.31602373719215393 0.10503962635993958 0.7556401491165161
v 0.3464372754096985 0.1043596938252449 0.7501991391181946
v 0.38234439492225647 0.09555916488170624 0.7257762551307678
v 0.5988677740097046 0.14570352435112 1.0675231218338013
v -0.6767449378967285 0.15598386526107788 1.1032557487487793
v -0.5986005067825317 0.150938019156456 1.0666639804840088
v -0.5330759286880493 0.14638639986515045 1.0378504991531372
v -0.47152337431907654 0.14354412257671356 1.0124280452728271
v -0.4191012680530548 0.1416720300912857 1.0008560419082642
v -0.3710145056247711 0.13963709771633148 0.9902864098548889
v -0.2989655137062073 0.1305854618549347 0.9186218976974487
v -0.2592209279537201 0.1297537386417389 0.9160102009773254
v -0.19890472292900085 0.122903011739254 0.8585731983184814
v -0.16086502373218536 0.1252160519361496 0.8700999617576599
v -0.1284009963274002 0.13291187584400177 0.9506185054779053
v -0.06539247184991837 0.093547023832798 0.7127202749252319
v -0.04312613606452942 0.1335073858499527 0.9581965208053589
v 0.000902547559235245 0.1333857923746109 0.9395259618759155
v 0.04465116932988167 0.13164998590946198 0.9256502985954285
v 0.0938495621085167 0.1362544447183609 0.9570565223693848
v 0.13451576232910156 0.13474717736244202 0.9503217935562134
v 0.15537531673908234 0.1173405721783638 0.8262049555778503
v 0.19170664250850677 0.11743703484535217 0.816330075263977
v 0.22688166797161102 0.11499224603176117 0.8093302249908447
v 0.3532600402832031 0.1503031998872757 1.0615918636322021
v 0.4095732569694519 0.15533949434757233 1.0781699419021606
v 0.3186412751674652 0.10669930279254913 0.7541505098342896
v 0.3491765260696411 0.10608850419521332 0.749697744846344
v 0.3882158398628235 0.09830357879400253 0.7256218194961548
v 0.6015881299972534 0.14747145771980286 1.063320517539978
v -0.6663046479225159 0.1569879800081253 1.0984472036361694
v -0.5895479917526245 0.1524924486875534 1.0599477291107178
v -0.5252211093902588 0.1480506807565689 1.032159447669983
v -0.46464261412620544 0.14522452652454376 1.0079189538955688
v -0.41257789731025696 0.14336572587490082 0.9963183999061584
v -0.365011602640152 0.14116522669792175 0.9850872755050659
v -0.2943646311759949 0.13151994347572327 0.9173301458358765
v -0.2554328441619873 0.13162533938884735 0.9151317477226257
v -0.1941220611333847 0.12433762103319168 0.8554182052612305
v -0.15777051448822021 0.12749387323856354 0.8717890977859497
v -0.12396885454654694 0.13432353734970093 0.9467735290527344
v -0.06172808259725571 0.09751613438129425 0.7162842154502869
v -0.03857295215129852 0.13531115651130676 0.9540797472000122
v 0.005588646978139877 0.13444800674915314 0.9336395263671875
v 0.04920463636517525 0.13351500034332275 0.9224859476089478
v 0.0980009138584137 0.13700199127197266 0.9548664689064026
v 0.13719207048416138 0.13593384623527527 0.9422043561935425
v 0.15990006923675537 0.11929529160261154 0.8275630474090576
v 0.19529253244400024 0.11920011043548584 0.8154136538505554
v 0.23045815527439117 0.11670391261577606 0.808976411819458
v 0.35420647263526917 0.15103229880332947 1.0469735860824585
v 0.3967663645744324 0.15411092340946198 1.0254462957382202
v 0.3215482234954834 0.10845059156417847 0.752765417098999
v 0.3524287939071655 0.10803752392530441 0.7467920780181885
v 0.5604827404022217 0.15247385203838348 1.0648865699768066
v 0.6037483811378479 0.1492660641670227 1.0584081411361694
v -0.658551812171936 0.15870384871959686 1.0942739248275757
v -0.5807381868362427 0.15404526889324188 1.0533392429351807
v -0.5173248052597046 0.14972460269927979 1.026389718055725
v -0.45781129598617554 0.14691849052906036 1.0035545825958252
v -0.40612632036209106 0.14502830803394318 0.9916175603866577
v -0.3591361939907074 0.1426355242729187 0.9798420667648315
v -0.28921276330947876 0.1330912560224533 0.9151129126548767
v -0.2515409588813782 0.13332362473011017 0.9130986332893372
v -0.18962973356246948 0.1258547306060791 0.8539459109306335
v -0.15445922315120697 0.12948663532733917 0.8725261688232422
v -0.11970942467451096 0.13566482067108154 0.9426242113113403
v -0.05782417207956314 0.10105553269386292 0.7180269956588745
v -0.034058183431625366 0.13717004656791687 0.949682891368866
v 0.010241945274174213 0.13577058911323547 0.9299449920654297
v 0.05334978550672531 0.13541534543037415 0.9213486313819885
v 0.10180134326219559 0.13791994750499725 0.9506626725196838
v 0.13990357518196106 0.13710954785346985 0.9343085289001465
v 0.16443674266338348 0.1215754970908165 0.8288295269012451
v 0.1990787833929062 0.12099242210388184 0.8158302307128906
v 0.23405812680721283 0.11839380860328674 0.8086002469062805
v 0.3487561345100403 0.14964190125465393 1.0168870687484741
v 0.31208181381225586 0.11647011339664459 0.7719892263412476
v 0.32440775632858276 0.11022944748401642 0.7519444227218628
v 0.3545488119125366 0.1085105761885643 0.743360161781311
v 0.5627418756484985 0.1540297567844391 1.0620787143707275
v 0.6051058769226074 0.1511402130126953 1.0519832372665405
v -0.6510565876960754 0.1606665700674057 1.089458703994751
v -0.5721372365951538 0.15558549761772156 1.0469368696212769
v -0.5095324516296387 0.1513943076133728 1.0206596851348877
v -0.4510926902294159 0.14859573543071747 0.9993076324462891
v -0.39970144629478455 0.14663910865783691 0.986905574798584
v -0.35330280661582947 0.1440984010696411 0.9746226072311401
v -0.28428396582603455 0.1350511759519577 0.9128783941268921
v -0.24676024913787842 0.134759783744812 0.9084054827690125
v -0.18556158244609833 0.12745428085327148 0.853323221206665
v -0.15082992613315582 0.13123932480812073 0.8725113868713379
v -0.1157190352678299 0.13698244094848633 0.9382832050323486
v -0.05406824126839638 0.1043577566742897 0.7194937467575073
v -0.029533281922340393 0.13893954455852509 0.9449940919876099
v 0.01457616314291954 0.13726133108139038 0.9283372759819031
v 0.05723696947097778 0.1373935490846634 0.9219388365745544
v 0.10521572828292847 0.13905516266822815 0.9447491765022278
v 0.14300230145454407 0.13850603997707367 0.928675651550293
v 0.16824939846992493 0.12310978025197983 0.8260318040847778
v 0.20295846462249756 0.12271621078252792 0.8166006803512573
v 0.2376854121685028 0.12012965977191925 0.808193027973175
v 0.25795888900756836 0.10986359417438507 0.7580748200416565
v 0.2973591089248657 0.1130412146449089 0.7600443959236145
v 0.32750487327575684 0.11214348673820496 0.7514872550964355
v 0.35703396797180176 0.1095304861664772 0.7406859397888184
v 0.5632636547088623 0.15501084923744202 1.055196762084961
v 0.6062545776367188 0.15297088027000427 1.0441148281097412
v -0.6425895690917969 0.16254696249961853 1.0836750268936157
v -0.5637587308883667 0.15715286135673523 1.0406948328018188
v -0.5018682479858398 0.15304946899414062 1.0150755643844604
v -0.44443055987358093 0.15024296939373016 0.9950238466262817
v -0.39323654770851135 0.14818987250328064 0.9820963740348816
v -0.34739238023757935 0.1454160511493683 0.9691840410232544
v -0.27996283769607544 0.13728463649749756 0.911324143409729
v -0.2229846715927124 0.13190442323684692 0.8590758442878723
v -0.18200595676898956 0.12930835783481598 0.8534464240074158
v -0.14683526754379272 0.13280199468135834 0.8717885613441467
v -0.11185961216688156 0.13840752840042114 0.9333858489990234
v -0.050624921917915344 0.10718730092048645 0.7212390899658203
v -0.02491539716720581 0.14062310755252838 0.9403900504112244
v 0.018963761627674103 0.13875603675842285 0.9269556403160095
v 0.061446238309144974 0.1394200325012207 0.9233667850494385
v 0.10827777534723282 0.14019964635372162 0.9365471005439758
v 0.1466672420501709 0.1400529444217682 0.9237310290336609
v 0.17171207070350647 0.12501423060894012 0.82364422082901
v 0.20666718482971191 0.12422727048397064 0.8168026208877563
v 0.24127526581287384 0.12194956094026566 0.8077538013458252
v 0.25946271419525146 0.1108899712562561 0.7522722482681274
v 0.299691379070282 0.11450899392366409 0.758406400680542
v 0.33085566759109497 0.11407431215047836 0.7517988681793213
v 0.36007335782051086 0.11085055768489838 0.7384748458862305
v 0.5649339556694031 0.15704156458377838 1.0496766567230225
v 0.6073985695838928 0.15472015738487244 1.035290241241455
v -0.6316946744918823 0.16407234966754913 1.0755693912506104
v -0.5556883811950684 0.15874233841896057 1.0348434448242188
v -0.4943326711654663 0.1546957790851593 1.0096511840820312
v -0.43776288628578186 0.15188166499137878 0.9906713962554932
v -0.3866642713546753 0.14969706535339355 0.9770416021347046
v -0.34088757634162903 0.1464443951845169 0.9627333879470825
v -0.2762960195541382 0.13962587714195251 0.9109821915626526
v -0.2176295518875122 0.1323568969964981 0.8558530807495117
v -0.17912647128105164 0.13451071083545685 0.859353244304657
v -0.14239610731601715 0.13438045978546143 0.8706676363945007
v -0.10778474062681198 0.14061085879802704 0.9282971620559692
v -0.047471724450588226 0.10960093140602112 0.723126232624054
v -0.02020159177482128 0.1422562301158905 0.9359355568885803
v 0.02356537990272045 0.14023463428020477 0.9248236417770386
v 0.06605353206396103 0.14152221381664276 0.9242563843727112
v 0.11146828532218933 0.14076289534568787 0.9242104887962341
v 0.15046261250972748 0.14180631935596466 0.9196792840957642
v 0.17513318359851837 0.1269151270389557 0.8220694065093994
v 0.20988191664218903 0.12546256184577942 0.815717875957489
v 0.2451542466878891 0.1237981915473938 0.8072605729103088
v 0.26217570900917053 0.1130182147026062 0.7503527402877808
v 0.3026936948299408 0.11634457856416702 0.7578432559967041
v 0.3343333303928375 0.11592402309179306 0.7521880865097046
v 0.3631431460380554 0.11226718872785568 0.7364407777786255
v 0.5680420398712158 0.15876713395118713 1.0468852519989014
v 0.6079151630401611 0.15657281875610352 1.0264307260513306
v -0.6200144290924072 0.16542008519172668 1.066467523574829
v -0.5481005311012268 0.1603410840034485 1.0294800996780396
v -0.4869583547115326 0.15632525086402893 1.0043883323669434
v -0.4310813844203949 0.15350490808486938 0.9861781001091003
v -0.3799887001514435 0.15120597183704376 0.9717161059379578
v -0.3297755718231201 0.14610153436660767 0.9439476728439331
v -0.27273067831993103 0.14181707799434662 0.9104732275009155
v -0.21363776922225952 0.13382390141487122 0.8551376461982727
v -0.17619261145591736 0.13698220252990723 0.8627948760986328
v -0.1378692388534546 0.13613265752792358 0.8701885938644409
v -0.10128559917211533 0.14427271485328674 0.9213337302207947
v -0.04419012367725372 0.11194009333848953 0.7244399785995483
v -0.015480216592550278 0.14376287162303925 0.9313850402832031
v 0.028097975999116898 0.1417001485824585 0.9210937023162842
v 0.0705350786447525 0.14334441721439362 0.9224245548248291
v 0.11546743661165237 0.14297303557395935 0.9237307906150818
v 0.15434756875038147 0.14375942945480347 0.9165980219841003
v 0.17859533429145813 0.12886399030685425 0.8211982250213623
v 0.21307174861431122 0.12708084285259247 0.8140990734100342
v 0.24862003326416016 0.12510907649993896 0.8061197400093079
v 0.26549988985061646 0.11549382656812668 0.7498969435691833
v 0.3060326874256134 0.11828012019395828 0.7580233812332153
v 0.3376864492893219 0.11766867339611053 0.7522387504577637
v 0.36626583337783813 0.11364518105983734 0.7343600392341614
v 0.5700605511665344 0.16046056151390076 1.042035460472107
v 0.6086201071739197 0.15856032073497772 1.0187524557113647
v -0.6098399758338928 0.1668546050786972 1.0588231086730957
v -0.540756344795227 0.16198264062404633 1.0246416330337524
v -0.4796361029148102 0.15794366598129272 0.9992144703865051
v -0.42434102296829224 0.15509337186813354 0.9815344214439392
v -0.37339547276496887 0.1526723951101303 0.9662620425224304
v -0.3025900423526764 0.14386235177516937 0.8956054449081421
v -0.26891812682151794 0.14367686212062836 0.9091537594795227
v -0.21057820320129395 0.13580277562141418 0.8561002612113953
v -0.17275318503379822 0.13908734917640686 0.8636622428894043
v -0.13355939090251923 0.1379351168870926 0.870437502861023
v -0.07473427057266235 0.11378422379493713 0.7181694507598877
v -0.04068444296717644 0.1142386943101883 0.7255450487136841
v -0.010833829641342163 0.14520423114299774 0.9263098239898682
v 0.03241553157567978 0.14313320815563202 0.9175187349319458
v 0.07500828057527542 0.144610196352005 0.9186505675315857
v 0.11905314028263092 0.1448657214641571 0.9224498271942139
v 0.15812325477600098 0.1456749141216278 0.9131966233253479
v 0.18209557235240936 0.13077141344547272 0.820585310459137
v 0.2167355865240097 0.1286715418100357 0.8142033219337463
v 0.255450040102005 0.12944112718105316 0.8124336004257202
v 0.26947423815727234 0.11782858520746231 0.7505065202713013
v 0.30977341532707214 0.12024538218975067 0.758403480052948
v 0.3403945863246918 0.11933571845293045 0.7511732578277588
v 0.3696013391017914 0.1148669421672821 0.7321946620941162
v 0.5700513124465942 0.16189847886562347 1.031995177268982
v 0.6100555062294006 0.16053055226802826 1.0127969980239868
v -0.6003754734992981 0.16837750375270844 1.0517688989639282
v -0.5334471464157104 0.1636381298303604 1.0198897123336792
v -0.4723888337612152 0.1595248132944107 0.9941443204879761
v -0.4175865054130554 0.15666888654232025 0.976737916469574
v -0.36707553267478943 0.1540868878364563 0.9609125256538391
v -0.2980222702026367 0.14544866979122162 0.8932689428329468
v -0.2652008831501007 0.1453288346529007 0.9075909852981567
v -0.208014577627182 0.13799698650836945 0.8587453365325928
v -0.16907447576522827 0.14104004204273224 0.8641776442527771
v -0.13008585572242737 0.13893894851207733 0.8662046790122986
v -0.0714549720287323 0.11412171274423599 0.7121579647064209
v -0.03726992756128311 0.11651062965393066 0.7267917394638062
v -0.006327223498374224 0.14653320610523224 0.9209904670715332
v 0.036555349826812744 0.14489151537418365 0.9155111908912659
v 0.0792912095785141 0.14651177823543549 0.918059229850769
v 0.12277421355247498 0.14669981598854065 0.9201802015304565
v 0.1616532802581787 0.14732018113136292 0.9093700051307678
v 0.185625359416008 0.13263793289661407 0.8203955292701721
v 0.22058652341365814 0.1304401308298111 0.8142755627632141
v 0.258725106716156 0.13109996914863586 0.8125787973403931
v 0.2733963429927826 0.12020959705114365 0.7515436410903931
v 0.31410351395606995 0.12254311889410019 0.7589302062988281
v 0.3424054980278015 0.12048904597759247 0.7466697692871094
v 0.37367668747901917 0.11634280532598495 0.7308349013328552
v 0.5702435970306396 0.16353274881839752 1.0232378244400024
v 0.6134732365608215 0.1627514511346817 1.007821798324585
v -0.5912917256355286 0.1698068529367447 1.045016884803772
v -0.5260593891143799 0.16524948179721832 1.014930009841919
v -0.4652675688266754 0.1610969603061676 0.989189624786377
v -0.410873681306839 0.15822958946228027 0.9717826247215271
v -0.36104828119277954 0.15543591976165771 0.9557193517684937
v -0.2945689558982849 0.14717772603034973 0.8932854533195496
v -0.2612696588039398 0.14693176746368408 0.9063550233840942
v -0.20832784473896027 0.1446465104818344 0.8725907802581787
v -0.1654115468263626 0.14281804859638214 0.8647397756576538
v -0.1031978651881218 0.1133086234331131 0.7127001285552979
v -0.06803017854690552 0.11630052328109741 0.7141017317771912
v -0.03377997875213623 0.11892431229352951 0.7275539636611938
v -0.0018147228984162211 0.14779159426689148 0.9150934815406799
v 0.04055362939834595 0.14676745235919952 0.91482013463974
v 0.08358900994062424 0.14814548194408417 0.9187354445457458
v 0.12635737657546997 0.14851410686969757 0.9173425436019897
v 0.16503611207008362 0.14873455464839935 0.9052050113677979
v 0.189287468791008 0.13484032452106476 0.8203930258750916
v 0.22442808747291565 0.1321919560432434 0.8132831454277039
v 0.23985488712787628 0.1190093532204628 0.7557504177093506
v 0.27747729420661926 0.12240985780954361 0.7528594732284546
v 0.3173471689224243 0.1243109181523323 0.7587305903434753
v 0.34401005506515503 0.1215054914355278 0.7433757781982422
v 0.37839463353157043 0.11816494166851044 0.7286570072174072
v 0.5717488527297974 0.16524049639701843 1.0175468921661377
v -0.6513906121253967 0.17415162920951843 1.059215784072876
v -0.5824280977249146 0.1712210774421692 1.0384137630462646
v -0.5185075998306274 0.16679124534130096 1.0098488330841064
v -0.4581568241119385 0.1626690775156021 0.9842912554740906
v -0.40417441725730896 0.15976621210575104 0.9667181968688965
v -0.3552062511444092 0.15670382976531982 0.9507752060890198
v -0.29165542125701904 0.1489911824464798 0.894828736782074
v -0.2574114501476288 0.14863836765289307 0.9052848219871521
v -0.20584571361541748 0.1468610316514969 0.8746401071548462
v -0.1617274135351181 0.14456966519355774 0.8655123710632324
v -0.09929107129573822 0.1153305396437645 0.7126826047897339
v -0.06493270397186279 0.1185784637928009 0.7160382270812988
v -0.03040824644267559 0.12134101241827011 0.7283668518066406
v 0.0028767758049070835 0.149044930934906 0.9090867638587952
v 0.04461745172739029 0.148601695895195 0.9138760566711426
v 0.08775224536657333 0.1496536284685135 0.916161060333252
v 0.129899799823761 0.1502998173236847 0.9140111207962036
v 0.16795499622821808 0.1500103771686554 0.9007031321525574
v 0.1928272694349289 0.13693541288375854 0.8205713033676147
v 0.2280222326517105 0.13390082120895386 0.8125442266464233
v 0.24297165870666504 0.12106460332870483 0.7491781711578369
v 0.285230815410614 0.12597006559371948 0.7584240436553955
v 0.32004019618034363 0.12586453557014465 0.7578458786010742
v 0.34660741686820984 0.12272549420595169 0.7413966059684753
v 0.5370535850524902 0.16841092705726624 1.0327167510986328
v 0.5740203857421875 0.1666649878025055 1.0124984979629517
v -0.6413741111755371 0.1755954921245575 1.0577658414840698
v -0.573682427406311 0.1726372390985489 1.0317540168762207
v -0.5109302401542664 0.1682891696691513 1.0045819282531738
v -0.45107927918434143 0.1642487496137619 0.9794297814369202
v -0.3975021541118622 0.16126999258995056 0.9615997672080994
v -0.34967154264450073 0.15797214210033417 0.945991039276123
v -0.28874334692955017 0.15094143152236938 0.8972260355949402
v -0.2535093426704407 0.15046396851539612 0.9043033123016357
v -0.20044736564159393 0.1482268124818802 0.8697157502174377
v -0.1580161452293396 0.14639586210250854 0.8665744662284851
v -0.09558572620153427 0.1180722713470459 0.7129117846488953
v -0.061885733157396317 0.12083259224891663 0.7175881862640381
v -0.027115236967802048 0.12348535656929016 0.7293308973312378
v 0.007221420295536518 0.1503964066505432 0.9041857123374939
v 0.04869529977440834 0.1504274159669876 0.9120151996612549
v 0.09186434745788574 0.1510748714208603 0.913041889667511
v 0.13346627354621887 0.15196041762828827 0.9103624224662781
v 0.1707189977169037 0.1512228101491928 0.8960128426551819
v 0.19628798961639404 0.13895051181316376 0.820465624332428
v 0.2315199226140976 0.13574324548244476 0.8123780488967896
v 0.24770742654800415 0.1234164834022522 0.7473726868629456
v 0.28927716612815857 0.12793925404548645 0.7598952054977417
v 0.32282325625419617 0.12733028829097748 0.7567781209945679
v 0.34946441650390625 0.12417221069335938 0.7397482991218567
v 0.540100634098053 0.1705595850944519 1.0307663679122925
v 0.5764970779418945 0.16809457540512085 1.0075675249099731
v -0.6335680484771729 0.1773514747619629 1.0537536144256592
v -0.5652046799659729 0.17409855127334595 1.0252668857574463
v -0.503461480140686 0.16968302428722382 0.9993749856948853
v -0.4440825581550598 0.16578753292560577 0.9745975732803345
v -0.39087921380996704 0.16272076964378357 0.9564496278762817
v -0.3442443907260895 0.15929560363292694 0.9410858154296875
v -0.284758061170578 0.15349644422531128 0.8998187780380249
v -0.24893781542778015 0.15246425569057465 0.9024234414100647
v -0.19359976053237915 0.14910253882408142 0.8637495636940002
v -0.15432697534561157 0.14815880358219147 0.8675854206085205
v -0.09209822863340378 0.12063951045274734 0.713167667388916
v -0.05883729085326195 0.12291715294122696 0.7191407084465027
v -0.023742925375699997 0.12531381845474243 0.7303915619850159
v 0.01144366804510355 0.15176446735858917 0.9005831480026245
v 0.052821263670921326 0.15230195224285126 0.9094606041908264
v 0.0957915410399437 0.15259616076946259 0.9097639322280884
v 0.13705995678901672 0.15347692370414734 0.9064170122146606
v 0.17320163547992706 0.15217481553554535 0.8899495601654053
v 0.19950824975967407 0.14054571092128754 0.8200734853744507
v 0.23544687032699585 0.1378328949213028 0.8135014772415161
v 0.2512299418449402 0.12583205103874207 0.7446780800819397
v 0.2935672402381897 0.12979060411453247 0.7607837915420532
v 0.32600244879722595 0.12886866927146912 0.7561891078948975
v 0.3524317443370819 0.12561608850955963 0.7382998466491699
v 0.542148232460022 0.17198140919208527 1.0239373445510864
v 0.5788052082061768 0.16953064501285553 1.0026860237121582
v -0.6258118152618408 0.17910219728946686 1.0487966537475586
v -0.5568251609802246 0.17556162178516388 1.0189937353134155
v -0.4961128830909729 0.1711176186800003 0.9941505193710327
v -0.43718934059143066 0.16727745532989502 0.9698026180267334
v -0.38427621126174927 0.16418328881263733 0.9511630535125732
v -0.3387223780155182 0.16062870621681213 0.9355446696281433
v -0.2813321352005005 0.1551479995250702 0.9005632400512695
v -0.241871640086174 0.15420874953269958 0.8951745629310608
v -0.1877342015504837 0.14957204461097717 0.8608207106590271
v -0.15062673389911652 0.14979563653469086 0.8680253624916077
v -0.08888404071331024 0.12299402058124542 0.7133972644805908
v -0.05564620718359947 0.12500759959220886 0.7207523584365845
v -0.02021704614162445 0.12714312970638275 0.7315529584884644
v 0.015447933226823807 0.15328140556812286 0.898429274559021
v 0.05701858922839165 0.15413916110992432 0.906511127948761
v 0.09968330711126328 0.15426750481128693 0.9065671563148499
v 0.14059768617153168 0.15498308837413788 0.9023142457008362
v 0.1749463975429535 0.15327735245227814 0.8799867630004883
v 0.2028832733631134 0.14160983264446259 0.8189879059791565
v 0.25340089201927185 0.14859801530838013 0.8585010766983032
v 0.2544642388820648 0.12793047726154327 0.7422879934310913
v 0.2977296710014343 0.13154038786888123 0.7611928582191467
v 0.32919615507125854 0.13040535151958466 0.7556378841400146
v 0.35546985268592834 0.12708590924739838 0.7371025085449219
v 0.5435483455657959 0.17299887537956238 1.0173686742782593
v 0.5808557868003845 0.17114883661270142 0.9973176717758179
v -0.6180827617645264 0.18081189692020416 1.0437610149383545
v -0.5487291216850281 0.176984965801239 1.0131049156188965
v -0.48882025480270386 0.17255161702632904 0.9890189170837402
v -0.43041443824768066 0.1687222570180893 0.9650534987449646
v -0.37771445512771606 0.16561494767665863 0.9458369612693787
v -0.3315865993499756 0.1616961508989334 0.9273915886878967
v -0.27790001034736633 0.15669679641723633 0.9006007313728333
v -0.23087596893310547 0.15428227186203003 0.8768171668052673
v -0.18342113494873047 0.15149027109146118 0.8602389693260193
v -0.14669497311115265 0.15137816965579987 0.867640495300293
v -0.08587426692247391 0.1251918226480484 0.7137160897254944
v -0.05243327468633652 0.12703870236873627 0.722169041633606
v -0.016888657584786415 0.12923963367938995 0.7333698868751526
v 0.019215313717722893 0.15520447492599487 0.8985313773155212
v 0.06110447645187378 0.15589800477027893 0.9033464789390564
v 0.10347239673137665 0.15601100027561188 0.9035794138908386
v 0.14409366250038147 0.15639136731624603 0.8982653617858887
v 0.17577794194221497 0.15252156555652618 0.8596659898757935
v 0.2062145173549652 0.14334595203399658 0.8186975717544556
v 0.2545146942138672 0.1497786045074463 0.8518995046615601
v 0.257634699344635 0.12987905740737915 0.7408461570739746
v 0.3016466796398163 0.13327577710151672 0.7614643573760986
v 0.3319220542907715 0.13184186816215515 0.7539864182472229
v 0.35829684138298035 0.12839795649051666 0.7354432344436646
v 0.5455710887908936 0.17409968376159668 1.0123330354690552
v 0.5828810930252075 0.17292962968349457 0.9919862747192383
v -0.6098788976669312 0.1824430674314499 1.038921594619751
v -0.5408743619918823 0.17836923897266388 1.0075353384017944
v -0.4815618693828583 0.17396201193332672 0.9839443564414978
v -0.42373383045196533 0.17014271020889282 0.9602652192115784
v -0.3713139593601227 0.16700905561447144 0.9406251907348633
v -0.31087273359298706 0.16055665910243988 0.8961852788925171
v -0.2744813561439514 0.15828119218349457 0.9002670049667358
v -0.222312793135643 0.15446753799915314 0.8656562566757202
v -0.17996282875537872 0.1531270444393158 0.8598856925964355
v -0.14256346225738525 0.15259794890880585 0.8660997152328491
v -0.08273544162511826 0.12718632817268372 0.7142577171325684
v -0.04918929189443588 0.1290362924337387 0.7233490347862244
v -0.013519082218408585 0.13163840770721436 0.735389769077301
v 0.023185476660728455 0.15706105530261993 0.8975950479507446
v 0.06492969393730164 0.1575932502746582 0.9002918601036072
v 0.10719501972198486 0.1578342169523239 0.9005587100982666
v 0.14753052592277527 0.1576826572418213 0.8942956924438477
v 0.1774522215127945 0.14736205339431763 0.831425666809082
v 0.21028923988342285 0.14535386860370636 0.8203208446502686
v 0.2519896328449249 0.14839036762714386 0.832390308380127
v 0.26054197549819946 0.1316038817167282 0.7393843531608582
v 0.305106520652771 0.13486085832118988 0.7612569332122803
v 0.33424249291419983 0.133198544383049 0.7514094710350037
v 0.3608055114746094 0.12965820729732513 0.733126699924469
v 0.548569917678833 0.17545253038406372 1.0087336301803589
v 0.5848292112350464 0.1746559739112854 0.9875234365463257
v -0.601465106010437 0.18407176434993744 1.0340065956115723
v -0.533137321472168 0.1797315925359726 1.0022468566894531
v -0.47432583570480347 0.1753590852022171 0.9789234399795532
v -0.4170980155467987 0.17155106365680695 0.95537269115448
v -0.36514291167259216 0.1683250367641449 0.935634195804596
v -0.3049375116825104 0.1615387350320816 0.8919353485107422
v -0.2710128724575043 0.15987659990787506 0.8996565341949463
v -0.2174416333436966 0.15631504356861115 0.8645256757736206
v -0.17632432281970978 0.15486611425876617 0.8596429824829102
v -0.13838490843772888 0.15341325104236603 0.8623008728027344
v -0.07927314937114716 0.12903937697410583 0.7147870063781738
v -0.0459120012819767 0.13103021681308746 0.724418044090271
v -0.01005813293159008 0.1330985128879547 0.7343785762786865
v 0.026965420693159103 0.15884748101234436 0.8952979445457458
v 0.06857259571552277 0.15929363667964935 0.8972788453102112
v 0.11102385818958282 0.15963862836360931 0.8974682688713074
v 0.15085522830486298 0.15894287824630737 0.8902605772018433
v 0.18045103549957275 0.1488965004682541 0.8283952474594116
v 0.2233555167913437 0.1549956351518631 0.8529331088066101
v 0.25105026364326477 0.1468539535999298 0.8134670853614807
v 0.26324474811553955 0.13312844932079315 0.7381563186645508
v 0.3081992566585541 0.13638341426849365 0.7606542110443115
v 0.3365625739097595 0.13448673486709595 0.7490086555480957
v 0.3633234202861786 0.13089102506637573 0.7301021814346313
v 0.5511559247970581 0.17667771875858307 1.00422203540802
v 0.5871145725250244 0.17623913288116455 0.9838827848434448
v -0.5931381583213806 0.18561002612113953 1.0289503335952759
v -0.5255296230316162 0.1810554563999176 0.9971709251403809
v -0.46714624762535095 0.17670312523841858 0.9739550352096558
v -0.41046395897865295 0.1729307472705841 0.950408399105072
v -0.35921812057495117 0.1695885807275772 0.9308719635009766
v -0.30074089765548706 0.16276781260967255 0.8896424770355225
v -0.2674653232097626 0.16159647703170776 0.898362398147583
v -0.214639350771904 0.15928152203559875 0.8696973919868469
v -0.17251859605312347 0.1566646546125412 0.8594577312469482
v -0.10964079201221466 0.12881140410900116 0.7092850208282471
v -0.0758071020245552 0.13077694177627563 0.7147515416145325
v -0.042688630521297455 0.13291631639003754 0.7253117561340332
v -0.006872639525681734 0.13411758840084076 0.7310390472412109
v 0.030716748908162117 0.1606268733739853 0.8929664492607117
v 0.07205979526042938 0.1609712690114975 0.8941969275474548
v 0.1148783341050148 0.16126620769500732 0.8944844007492065
v 0.15399977564811707 0.16007100045681 0.8860300183296204
v 0.18358655273914337 0.15048916637897491 0.8261085152626038
v 0.23019765317440033 0.15741793811321259 0.8571592569351196
v 0.2531333863735199 0.14715395867824554 0.805910587310791
v 0.2660123407840729 0.13468952476978302 0.7370940446853638
v 0.311163067817688 0.13769738376140594 0.7598787546157837
v 0.33903488516807556 0.13582798838615417 0.7470648288726807
v 0.36611464619636536 0.13190315663814545 0.7272779941558838
v 0.5533360242843628 0.1779789924621582 0.9994620680809021
v 0.5897417664527893 0.17791937291622162 0.9807037115097046
v -0.5847786664962769 0.18704566359519958 1.0235642194747925
v -0.5182702541351318 0.1824190765619278 0.9924072027206421
v -0.46003928780555725 0.17801827192306519 0.9689320921897888
v -0.403825044631958 0.17430651187896729 0.9453872442245483
v -0.35344427824020386 0.17086175084114075 0.9262682199478149
v -0.29713839292526245 0.16419078409671783 0.8883098363876343
v -0.26366299390792847 0.1633020043373108 0.8964088559150696
v -0.21194887161254883 0.1621120721101761 0.8745322227478027
v -0.16882729530334473 0.1584610491991043 0.8592780828475952
v -0.10584244877099991 0.1301010698080063 0.7083753943443298
v -0.07243198156356812 0.1324968785047531 0.7147431373596191
v -0.03950533643364906 0.13472197949886322 0.7261599898338318
v -0.004462410695850849 0.1356794685125351 0.731407880783081
v 0.0348442941904068 0.16223205626010895 0.8907071352005005
v 0.07567563652992249 0.162649005651474 0.8910927176475525
v 0.11869857460260391 0.16280052065849304 0.8914539813995361
v 0.15701203048229218 0.16104519367218018 0.8808050751686096
v 0.18686789274215698 0.15256547927856445 0.8244446516036987
v 0.23417651653289795 0.15858958661556244 0.8565186858177185
v 0.256046861410141 0.14868468046188354 0.8038235306739807
v 0.26894697546958923 0.13622437417507172 0.7358865737915039
v 0.3139866590499878 0.1390388011932373 0.7587215900421143
v 0.34153756499290466 0.13717369735240936 0.7450408339500427
v 0.3699376881122589 0.13308805227279663 0.7247701287269592
v 0.5556318759918213 0.1793805956840515 0.9949622750282288
v 0.5934826135635376 0.1798124462366104 0.9771530628204346
v -0.5762771368026733 0.18842080235481262 1.0179216861724854
v -0.5110922455787659 0.18382208049297333 0.987845778465271
v -0.45295384526252747 0.17933262884616852 0.9638473391532898
v -0.3971390724182129 0.1756780743598938 0.9403402805328369
v -0.34770533442497253 0.17209772765636444 0.9216375946998596
v -0.29392457008361816 0.16601179540157318 0.8891239762306213
v -0.2589733898639679 0.16464050114154816 0.8928604125976562
v -0.208958238363266 0.16419705748558044 0.8754319548606873
v -0.16529788076877594 0.16028469800949097 0.8594975471496582
v -0.10205384343862534 0.13217759132385254 0.7085720300674438
v -0.06918616592884064 0.13420462608337402 0.7156416177749634
v -0.036165863275527954 0.1365365982055664 0.7271267771720886
v -0.00019869505194947124 0.16243644058704376 0.8806346654891968
v 0.039346206933259964 0.16371434926986694 0.888276219367981
v 0.07932213693857193 0.1639682948589325 0.8876632452011108
v 0.12249191105365753 0.16418862342834473 0.8884047269821167
v 0.15984617173671722 0.16200517117977142 0.8741055727005005
v 0.18984545767307281 0.15358442068099976 0.8226266503334045
v 0.23681515455245972 0.15924270451068878 0.8536374568939209
v 0.25902628898620605 0.150390625 0.802742600440979
v 0.2713572382926941 0.13759659230709076 0.7333376407623291
v 0.31673118472099304 0.1404763013124466 0.7572487592697144
v 0.34396108984947205 0.13847990334033966 0.7426894903182983
v 0.3750271499156952 0.13431748747825623 0.722137451171875
v 0.5584738850593567 0.18079689145088196 0.9908356070518494
v -0.621188759803772 0.18981251120567322 1.0091651678085327
v -0.5676624774932861 0.18972818553447723 1.0120404958724976
v -0.5039399266242981 0.1851646453142166 0.9832214117050171
v -0.4458755552768707 0.18063388764858246 0.9587405920028687
v -0.3905492126941681 0.1770382821559906 0.9352952837944031
v -0.341997891664505 0.17332109808921814 0.9167848825454712
v -0.2908867597579956 0.1682392954826355 0.8924959897994995
v -0.23772744834423065 0.16235953569412231 0.8510330319404602
v -0.20580343902111053 0.16609254479408264 0.8751110434532166
v -0.16172869503498077 0.16228875517845154 0.8607360124588013
v -0.09860183298587799 0.13426172733306885 0.7094346284866333
v -0.06590747833251953 0.13725635409355164 0.7185249924659729
v -0.032467324286699295 0.13863566517829895 0.7280529141426086
v 0.0035300781019032 0.1640462726354599 0.8780105113983154
v 0.0436844602227211 0.16534638404846191 0.8855706453323364
v 0.060137439519166946 0.11341201514005661 0.6623265743255615
v 0.1262327879667282 0.16543130576610565 0.8850216865539551
v 0.16247180104255676 0.16284312307834625 0.8662849068641663
v 0.19283221662044525 0.15505902469158173 0.8213831782341003
v 0.23839519917964935 0.16036371886730194 0.8500413298606873
v 0.26229730248451233 0.15204480290412903 0.8022215366363525
v 0.2723211944103241 0.13873353600502014 0.7257946729660034
v 0.3194599449634552 0.14177122712135315 0.7557860612869263
v 0.3464690148830414 0.1397685706615448 0.7403868436813354
v 0.5098161697387695 0.18319933116436005 0.9821568131446838
v 0.5615113973617554 0.18224263191223145 0.9871094226837158
v -0.6108998656272888 0.1911221742630005 1.0078202486038208
v -0.5592081546783447 0.1910342276096344 1.006267786026001
v -0.4967762529850006 0.18646976351737976 0.9783967733383179
v -0.438829243183136 0.18190336227416992 0.9536110162734985
v -0.3841039538383484 0.1783660501241684 0.9302727580070496
v -0.33623650670051575 0.17459243535995483 0.91187983751297
v -0.2875272333621979 0.1698746681213379 0.8933800458908081
v -0.23257377743721008 0.16292203962802887 0.8462828993797302
v -0.20193132758140564 0.1678716540336609 0.8735092878341675
v -0.158160999417305 0.1643095314502716 0.8622995615005493
v -0.09527168422937393 0.1362186074256897 0.7107442617416382
v -0.062432143837213516 0.13897410035133362 0.7203782796859741
v -0.02871476486325264 0.14107108116149902 0.728223443031311
v 0.006750666070729494 0.16546526551246643 0.8752102851867676
v 0.047566745430231094 0.16706979274749756 0.8830561637878418
v 0.0635487362742424 0.11640428751707077 0.6606622934341431
v 0.12993711233139038 0.16680404543876648 0.8813747763633728
v 0.1652543842792511 0.16377031803131104 0.859440803527832
v 0.1958363652229309 0.15675294399261475 0.820580244064331
v 0.2394096404314041 0.1611926555633545 0.843817949295044
v 0.2645047903060913 0.15361851453781128 0.8008225560188293
v 0.272177129983902 0.13779492676258087 0.7149959802627563
v 0.3222828507423401 0.14301370084285736 0.7545128464698792
v 0.3490941822528839 0.14093346893787384 0.7381523847579956
v 0.5161688923835754 0.18585339188575745 0.9831849932670593
v 0.5644572377204895 0.18372437357902527 0.9835046529769897
v -0.6035534143447876 0.19264930486679077 1.004171371459961
v -0.5511256456375122 0.19232089817523956 1.0006927251815796
v -0.4895319938659668 0.18776515126228333 0.9734430909156799
v -0.43178412318229675 0.18319280445575714 0.9484292268753052
v -0.37782567739486694 0.17968498170375824 0.9254375100135803
v -0.3304862976074219 0.17581072449684143 0.9070686101913452
v -0.28352969884872437 0.1712552309036255 0.8922684192657471
v -0.22836558520793915 0.16449680924415588 0.8443600535392761
v -0.19682736694812775 0.1692163497209549 0.8701955080032349
v -0.15452563762664795 0.16620339453220367 0.8627657890319824
v -0.09210868924856186 0.13805103302001953 0.7122006416320801
v -0.0590616911649704 0.1405031681060791 0.7216644287109375
v -0.025365864858031273 0.14252464473247528 0.7247353792190552
v 0.009971619583666325 0.16669705510139465 0.869504451751709
v 0.05137873440980911 0.16884906589984894 0.8805349469184875
v 0.06700191646814346 0.11959104239940643 0.6590157747268677
v 0.13367913663387299 0.168101504445076 0.8774517774581909
v 0.16824036836624146 0.16475515067577362 0.8542066216468811
v 0.19906966388225555 0.15872393548488617 0.8199834823608398
v 0.2407315969467163 0.1621139645576477 0.837040364742279
v 0.2627686858177185 0.15282495319843292 0.7857561111450195
v 0.2726396918296814 0.13805393874645233 0.7076994776725769
v 0.3251340985298157 0.14440880715847015 0.7531065344810486
v 0.3519420027732849 0.1418514996767044 0.736211895942688
v 0.5182905793190002 0.18706773221492767 0.9789235591888428
v 0.567104697227478 0.18534298241138458 0.9798248410224915
v -0.5964940190315247 0.19431108236312866 1.000182032585144
v -0.5433465242385864 0.19361735880374908 0.9952622652053833
v -0.482271283864975 0.1890508383512497 0.9683947563171387
v -0.42480453848838806 0.1844920814037323 0.9432865977287292
v -0.3716963827610016 0.18101046979427338 0.9207842350006104
v -0.32445764541625977 0.17702491581439972 0.9018978476524353
v -0.2793237864971161 0.17269331216812134 0.8902449607849121
v -0.22458475828170776 0.1662898063659668 0.843513011932373
v -0.19086796045303345 0.17011038959026337 0.8658100366592407
v -0.15069064497947693 0.1678743213415146 0.8616877794265747
v -0.08897528797388077 0.1398065984249115 0.7135248184204102
v -0.05584806203842163 0.14197894930839539 0.7228765487670898
v -0.02183004468679428 0.14286305010318756 0.7194505929946899
v 0.012741456739604473 0.1453581154346466 0.738910436630249
v 0.05510580167174339 0.17045369744300842 0.8777353763580322
v 0.07042044401168823 0.12213806062936783 0.6565616726875305
v 0.1372215449810028 0.16938269138336182 0.8732191324234009
v 0.17123132944107056 0.1658046841621399 0.8498860597610474
v 0.2027602642774582 0.1611381471157074 0.8202158212661743
v 0.24316290020942688 0.16332945227622986 0.8320373296737671
v 0.25429484248161316 0.14585205912590027 0.7431778907775879
v 0.2743327021598816 0.13929396867752075 0.7047930955886841
v 0.32846251130104065 0.1461142599582672 0.7520171403884888
v 0.35466426610946655 0.14303536713123322 0.7341561317443848
v 0.5207087993621826 0.18795780837535858 0.9750000238418579
v 0.5698524713516235 0.1870051473379135 0.9763203263282776
v -0.589536726474762 0.1959405094385147 0.996084451675415
v -0.5356954336166382 0.1949591189622879 0.9899390935897827
v -0.4750199615955353 0.19030199944972992 0.9632807374000549
v -0.4179142713546753 0.18575888872146606 0.938266932964325
v -0.3656727075576782 0.18233828246593475 0.9162444472312927
v -0.31707763671875 0.17822276055812836 0.8952956795692444
v -0.2749744653701782 0.17417936027050018 0.8875520825386047
v -0.22117966413497925 0.1680447906255722 0.8433004021644592
v -0.1853853166103363 0.1709984838962555 0.8625038862228394
v -0.14632314443588257 0.16833792626857758 0.8561387062072754
v -0.08581812679767609 0.1415243297815323 0.7145141363143921
v -0.052716467529535294 0.14343620836734772 0.7241514921188354
v -0.01880904659628868 0.144098162651062 0.7186985015869141
v 0.016312304884195328 0.1467614471912384 0.7379246950149536
v 0.05849210172891617 0.17220842838287354 0.874705970287323
v 0.07370702177286148 0.12440686672925949 0.6540247201919556
v 0.14044903218746185 0.17062044143676758 0.8685256242752075
v 0.17415851354599 0.16664473712444305 0.8455691337585449
v 0.20834162831306458 0.16421423852443695 0.8249309062957764
v 0.24581792950630188 0.16441935300827026 0.8252472281455994
v 0.25932013988494873 0.1491500288248062 0.7449132204055786
v 0.2771593928337097 0.14094802737236023 0.7050551772117615
v 0.3318847417831421 0.147714763879776 0.7510988116264343
v 0.35728541016578674 0.14434033632278442 0.7322428226470947
v 0.5231350064277649 0.18917883932590485 0.9706116914749146
v 0.5724899768829346 0.18862256407737732 0.9728829860687256
v -0.5823066234588623 0.1975257843732834 0.9920443296432495
v -0.5280978679656982 0.1962890326976776 0.9845963716506958
v -0.4678248465061188 0.1915266066789627 0.9581069946289062
v -0.411298543214798 0.18699878454208374 0.9334470629692078
v -0.35970649123191833 0.18352952599525452 0.9118865728378296
v -0.30794239044189453 0.17840087413787842 0.8858742117881775
v -0.2705910801887512 0.17569366097450256 0.8844226002693176
v -0.21791571378707886 0.16989290714263916 0.8435907959938049
v -0.18086011707782745 0.1719837486743927 0.8609209060668945
v -0.11901474744081497 0.14128416776657104 0.7035574913024902
v -0.08268893510103226 0.14343295991420746 0.7157074213027954
v -0.04952777922153473 0.14508017897605896 0.7252746820449829
v -0.015727223828434944 0.14610332250595093 0.7212555408477783
v 0.019646676257252693 0.14832113683223724 0.7373098134994507
v 0.06171547994017601 0.1737912893295288 0.8711093664169312
v 0.07690919190645218 0.12642927467823029 0.6516933441162109
v 0.1435338705778122 0.171407550573349 0.8626885414123535
v 0.17692717909812927 0.16751480102539062 0.8416961431503296
v 0.21533626317977905 0.16719818115234375 0.8327529430389404
v 0.24782617390155792 0.16499444842338562 0.8159295320510864
v 0.2620510458946228 0.14848755300045013 0.7412711381912231
v 0.2801068127155304 0.14291945099830627 0.7057826519012451
v 0.334689199924469 0.14888249337673187 0.7494943141937256
v 0.3600503206253052 0.1457158923149109 0.7301551699638367
v 0.5258358716964722 0.19048972427845 0.9661946296691895
v 0.5743352174758911 0.1902071237564087 0.9688016176223755
v -0.5750242471694946 0.19915515184402466 0.9883205890655518
v -0.5204678773880005 0.19759878516197205 0.9791872501373291
v -0.4608590602874756 0.19275721907615662 0.9530118703842163
v -0.4049515128135681 0.18825533986091614 0.9288232922554016
v -0.3538520634174347 0.18478518724441528 0.9074388742446899
v -0.30397486686706543 0.18020987510681152 0.88557368516922
v -0.26610067486763 0.17720581591129303 0.880850613117218
v -0.2145337015390396 0.1718125194311142 0.8447235226631165
v -0.17657789587974548 0.17321185767650604 0.8597733378410339
v -0.11383106559515 0.14317242801189423 0.7034268379211426
v -0.07948575913906097 0.14506176114082336 0.7164403200149536
v -0.0461982898414135 0.14684712886810303 0.7258527874946594
v -0.012755411677062511 0.1482827216386795 0.7234340906143188
v 0.02280346304178238 0.14984019100666046 0.7362868785858154
v 0.06464522331953049 0.17439131438732147 0.8647133111953735
v 0.0799407958984375 0.1282092183828354 0.6496042013168335
v 0.1101195365190506 0.1253415197134018 0.649162769317627
v 0.17989742755889893 0.16864977777004242 0.838165283203125
v 0.22087684273719788 0.16888760030269623 0.8356398940086365
v 0.2502429485321045 0.1656317263841629 0.8099153637886047
v 0.2641766667366028 0.14921727776527405 0.7388010025024414
v 0.2832917273044586 0.14495320618152618 0.7056454420089722
v 0.3370024859905243 0.14990974962711334 0.7474579811096191
v 0.36285459995269775 0.14717331528663635 0.7278491854667664
v 0.5281912088394165 0.191728413105011 0.9618345499038696
v 0.5753511190414429 0.19191588461399078 0.9628445506095886
v -0.5679107904434204 0.20073576271533966 0.9846375584602356
v -0.5129294991493225 0.19886785745620728 0.9738343358039856
v -0.45406395196914673 0.19397221505641937 0.9480396509170532
v -0.3986916244029999 0.18952037394046783 0.9241690635681152
v -0.3480488061904907 0.1860087662935257 0.9029628038406372
v -0.299837201833725 0.18148864805698395 0.8842609524726868
v -0.2614721953868866 0.1785888373851776 0.8769851922988892
v -0.21134527027606964 0.17404241859912872 0.8471959829330444
v -0.17232219874858856 0.1746608316898346 0.8581767678260803
v -0.10933820903301239 0.14523881673812866 0.7038691639900208
v -0.07622214406728745 0.1463608294725418 0.7166976928710938
v -0.0428282655775547 0.14863824844360352 0.724663496017456
v -0.008896104991436005 0.15007825195789337 0.7234470844268799
v 0.02572212554514408 0.15115730464458466 0.7351206541061401
v 0.04772857204079628 0.1301683932542801 0.6556738615036011
v 0.0827290266752243 0.12999434769153595 0.6479200124740601
v 0.11307433992624283 0.12609609961509705 0.6447750926017761
v 0.18305498361587524 0.1699635237455368 0.8347715139389038
v 0.22494269907474518 0.1707831621170044 0.835787296295166
v 0.2529520094394684 0.16647036373615265 0.8070341348648071
v 0.2644239068031311 0.14870324730873108 0.7327131032943726
v 0.2866891324520111 0.14667637646198273 0.7048134207725525
v 0.3388839364051819 0.15078601241111755 0.7444928884506226
v 0.3657757639884949 0.14876429736614227 0.7264283895492554
v 0.5305662155151367 0.19307222962379456 0.9574259519577026
v 0.5761591792106628 0.19356392323970795 0.9557715654373169
v -0.5605299472808838 0.20228710770606995 0.9805202484130859
v -0.5055795907974243 0.20013125240802765 0.9685981273651123
v -0.4473719596862793 0.1951628029346466 0.9431567788124084
v -0.392289400100708 0.1907726377248764 0.9194600582122803
v -0.3422471582889557 0.18719792366027832 0.8984726071357727
v -0.29529693722724915 0.18275423347949982 0.8817742466926575
v -0.25613975524902344 0.18002326786518097 0.8725689053535461
v -0.20824983716011047 0.17726965248584747 0.8568785786628723
v -0.16817116737365723 0.17636600136756897 0.8563960790634155
v -0.10543045401573181 0.1471303254365921 0.7051174640655518
v -0.07279808074235916 0.14733287692070007 0.7162802219390869
v -0.03821482136845589 0.1503959745168686 0.714165985584259
v -0.005403261631727219 0.1521705687046051 0.7247372269630432
v 0.028886951506137848 0.15221405029296875 0.733738362789154
v 0.052723340690135956 0.13229814171791077 0.6540269255638123
v 0.08537125587463379 0.13174910843372345 0.6465942859649658
v 0.11611855030059814 0.1281958371400833 0.6437381505966187
v 0.18626366555690765 0.17112620174884796 0.8305792212486267
v 0.228191077709198 0.17231620848178864 0.8344969153404236
v 0.2554969787597656 0.16742053627967834 0.8051302433013916
v 0.25405043363571167 0.14461416006088257 0.6968119144439697
v 0.2893543839454651 0.14769281446933746 0.7033913135528564
v 0.3405880033969879 0.1515132337808609 0.7408937215805054
v 0.3695063591003418 0.1507083922624588 0.7259217500686646
v 0.5327030420303345 0.19443683326244354 0.953162431716919
v 0.5779610872268677 0.1952657848596573 0.9492232203483582
v -0.5527635812759399 0.20375607907772064 0.9758362174034119
v -0.49838030338287354 0.2013990730047226 0.9634774923324585
v -0.44069796800613403 0.1963442862033844 0.938345730304718
v -0.3857773244380951 0.19199562072753906 0.9146197438240051
v -0.3365529477596283 0.1883697658777237 0.8939797282218933
v -0.29047828912734985 0.184072345495224 0.8784707188606262
v -0.24925166368484497 0.1814987063407898 0.8662428259849548
v -0.20459768176078796 0.17867226898670197 0.8567647933959961
v -0.16386587917804718 0.17821398377418518 0.8544455766677856
v -0.10183271765708923 0.14903967082500458 0.706281304359436
v -0.06885664165019989 0.14818058907985687 0.7144160270690918
v -0.0348123274743557 0.15156987309455872 0.7120724320411682
v -0.001856854883953929 0.15433043241500854 0.7263373732566833
v 0.03234709054231644 0.15319977700710297 0.7322934865951538
v 0.05704358592629433 0.13472552597522736 0.6535720825195312
v 0.08812639862298965 0.13345631957054138 0.6452988386154175
v 0.11926240473985672 0.13091617822647095 0.6442177295684814
v 0.18941457569599152 0.17233677208423615 0.8252562284469604
v 0.23076656460762024 0.17352448403835297 0.8326553702354431
v 0.2582828402519226 0.16891607642173767 0.8033528923988342
v 0.25785449147224426 0.14752139151096344 0.6976631879806519
v 0.29169750213623047 0.14849106967449188 0.7015723586082458
v 0.3427356779575348 0.1522851288318634 0.7377426624298096
v 0.3733349144458771 0.1529456079006195 0.7248339653015137
v 0.5346900224685669 0.1959240734577179 0.9487645626068115
v -0.592913031578064 0.20398488640785217 0.9639888405799866
v -0.5449727773666382 0.2052098959684372 0.970971405506134
v -0.4913215935230255 0.20263370871543884 0.9585110545158386
v -0.4340026080608368 0.19753453135490417 0.9335306882858276
v -0.37942951917648315 0.1931794434785843 0.9098299741744995
v -0.3309153616428375 0.1895642727613449 0.889467716217041
v -0.285555362701416 0.18542444705963135 0.8750239014625549
v -0.2403394728899002 0.1821158528327942 0.8545048236846924
v -0.20016519725322723 0.17993776500225067 0.8543053269386292
v -0.15958034992218018 0.1798519641160965 0.8520023226737976
v -0.0984732061624527 0.15095852315425873 0.707370400428772
v -0.06309144198894501 0.15128087997436523 0.7012253999710083
v -0.03170280531048775 0.15294583141803741 0.7112258672714233
v 0.0015586287481710315 0.1563042253255844 0.7273716926574707
v 0.03643655404448509 0.15429092943668365 0.7313649654388428
v 0.06044549122452736 0.1366630643606186 0.6527225375175476
v 0.09104018658399582 0.1350484937429428 0.6443741917610168
v 0.12238094955682755 0.13363590836524963 0.6445350646972656
v 0.192345529794693 0.17281368374824524 0.8208152651786804
v 0.23296402394771576 0.1746235191822052 0.8297606706619263
v 0.26130935549736023 0.17096349596977234 0.8015521764755249
v 0.2620849907398224 0.1499403566122055 0.7000179290771484
v 0.29409852623939514 0.14963771402835846 0.6999631524085999
v 0.3448162078857422 0.15312862396240234 0.7350009083747864
v 0.4894256889820099 0.19692283868789673 0.9458609819412231
v 0.5364396572113037 0.19742658734321594 0.9439067244529724
v -0.5830804109573364 0.2049686312675476 0.9625737071037292
v -0.5378179550170898 0.20665711164474487 0.9667167067527771
v -0.4842463731765747 0.20383255183696747 0.9533724188804626
v -0.4273330569267273 0.19871950149536133 0.9287194609642029
v -0.37328311800956726 0.19432908296585083 0.9052180647850037
v -0.32512611150741577 0.19070805609226227 0.8850036859512329
v -0.2806652784347534 0.18670350313186646 0.8715601563453674
v -0.23202677071094513 0.18192537128925323 0.8441050052642822
v -0.19500459730625153 0.1812095195055008 0.8503940105438232
v -0.15551556646823883 0.1814623475074768 0.8493722081184387
v -0.09530912339687347 0.1528828740119934 0.7088476419448853
v -0.05988476797938347 0.15343697369098663 0.7038081288337708
v -0.02872568741440773 0.1543542444705963 0.7106682062149048
v 0.004873304627835751 0.15831626951694489 0.728753924369812
v 0.041042570024728775 0.15580210089683533 0.7323775291442871
v 0.06356799602508545 0.13830339908599854 0.6511908173561096
v 0.09429394453763962 0.13689245283603668 0.6449165940284729
v 0.12539200484752655 0.13620641827583313 0.6448531150817871
v 0.15973050892353058 0.139374777674675 0.6669443845748901
v 0.23520126938819885 0.1758078634738922 0.8256064057350159
v 0.23478557169437408 0.15182743966579437 0.7029241323471069
v 0.2655184268951416 0.1514647901058197 0.6995135545730591
v 0.2966514229774475 0.15093393623828888 0.698697566986084
v 0.34629255533218384 0.1542881727218628 0.7309414148330688
v 0.4944637417793274 0.19921518862247467 0.9445304274559021
v 0.5375747680664062 0.19900619983673096 0.9378383755683899
v -0.5758184790611267 0.2062930017709732 0.9591964483261108
v -0.5311734676361084 0.20810116827487946 0.9630957841873169
v -0.4769449234008789 0.20499911904335022 0.9479426145553589
v -0.4207060635089874 0.19989950954914093 0.9239853620529175
v -0.3672327697277069 0.1954958587884903 0.9007164239883423
v -0.3192524015903473 0.19181369245052338 0.8806231617927551
v -0.27578240633010864 0.18797752261161804 0.8679981827735901
v -0.22836188971996307 0.18331848084926605 0.842619001865387
v -0.18926560878753662 0.18264809250831604 0.8447926044464111
v -0.1514928787946701 0.18282432854175568 0.8462153673171997
v -0.09252458810806274 0.1549089252948761 0.7105177640914917
v -0.056657642126083374 0.15509723126888275 0.7050828337669373
v -0.025740211829543114 0.15586380660533905 0.7104833722114563
v 0.00827727373689413 0.16025380790233612 0.7305610179901123
v 0.0449497327208519 0.15791566669940948 0.7369526028633118
v 0.06688081473112106 0.1397499144077301 0.6492990255355835
v 0.09755735844373703 0.13865482807159424 0.6451282501220703
v 0.12844407558441162 0.1383626013994217 0.6452009677886963
v 0.16280433535575867 0.14018988609313965 0.6645697355270386
v 0.2370651215314865 0.17662671208381653 0.8201422095298767
v 0.23638103902339935 0.15200239419937134 0.6979811191558838
v 0.26799559593200684 0.1524689495563507 0.6975942850112915
v 0.299656480550766 0.1524224579334259 0.6976830363273621
v 0.3471389412879944 0.155607670545578 0.7250566482543945
v 0.49713414907455444 0.20084944367408752 0.9412344098091125
v 0.5383769869804382 0.20053552091121674 0.9312293529510498
v -0.5691193342208862 0.20778967440128326 0.9557158350944519
v -0.5247293710708618 0.20959988236427307 0.9599745273590088
v -0.4695985019207001 0.20610958337783813 0.9424656629562378
v -0.41403281688690186 0.2010660618543625 0.9192548394203186
v -0.3612815737724304 0.1966593861579895 0.8962894678115845
v -0.31345802545547485 0.1929108053445816 0.8764579892158508
v -0.27086251974105835 0.18925656378269196 0.8642702102661133
v -0.2249470353126526 0.18534018099308014 0.8433585166931152
v -0.1828875094652176 0.18501175940036774 0.8366029858589172
v -0.1471019834280014 0.1841464340686798 0.8423447608947754
v -0.08995261043310165 0.1571122705936432 0.712653636932373
v -0.05347805842757225 0.15655028820037842 0.7054486274719238
v -0.022122042253613472 0.1597958356142044 0.7140171527862549
v 0.011805174872279167 0.16197024285793304 0.7315227389335632
v 0.05436810851097107 0.17805172502994537 0.823474645614624
v 0.07002095133066177 0.14102210104465485 0.6476841568946838
v 0.10079726576805115 0.1401214450597763 0.6441114544868469
v 0.13135790824890137 0.14011520147323608 0.645588219165802
v 0.1666616052389145 0.14268513023853302 0.6647055745124817
v 0.2097209393978119 0.15407520532608032 0.7084014415740967
v 0.23907829821109772 0.15392860770225525 0.6959133148193359
v 0.27027392387390137 0.15365345776081085 0.6960523128509521
v 0.30368658900260925 0.15452441573143005 0.6983672380447388
v 0.34757378697395325 0.15759065747261047 0.7191332578659058
v 0.49980586767196655 0.20230844616889954 0.9371607303619385
v 0.539169430732727 0.20182529091835022 0.924921452999115
v -0.5624678134918213 0.20930449664592743 0.9518617391586304
v -0.5184090733528137 0.2110418677330017 0.9568400979042053
v -0.46247735619544983 0.20720990002155304 0.9370948076248169
v -0.40738236904144287 0.20224334299564362 0.9144024848937988
v -0.35540226101875305 0.19780191779136658 0.8919020891189575
v -0.3079056441783905 0.19403259456157684 0.8725233674049377
v -0.2660221457481384 0.19056764245033264 0.8602088093757629
v -0.22204670310020447 0.18715214729309082 0.8450479507446289
v -0.17856638133525848 0.18643860518932343 0.8339935541152954
v -0.1424551010131836 0.18559469282627106 0.8380786180496216
v -0.08633900433778763 0.15910206735134125 0.7153743505477905
v -0.05036233365535736 0.15797625482082367 0.705046534538269
v -0.01874777115881443 0.16198596358299255 0.7165866494178772
v 0.015173373743891716 0.16356053948402405 0.7319309711456299
v 0.0577692948281765 0.17958803474903107 0.8221515417098999
v 0.07276949286460876 0.14220289885997772 0.6463319063186646
v 0.10356614738702774 0.1418016105890274 0.6434342861175537
v 0.13428376615047455 0.1421934813261032 0.6459382176399231
v 0.17038723826408386 0.1450980007648468 0.6651523113250732
v 0.21267127990722656 0.1553867608308792 0.7063562273979187
v 0.24169258773326874 0.15562967956066132 0.694452166557312
v 0.27313005924224854 0.1551046222448349 0.6960957050323486
v 0.3080570697784424 0.15724097192287445 0.7019685506820679
v 0.35092467069625854 0.15879128873348236 0.7180173993110657
v 0.5027698278427124 0.20390573143959045 0.9329370260238647
v 0.5404872298240662 0.20300720632076263 0.9195333123207092
v -0.5553449988365173 0.21082279086112976 0.9477871656417847
v -0.5121763348579407 0.21247164905071259 0.9538462162017822
v -0.45539674162864685 0.20832934975624084 0.9317419528961182
v -0.4007605016231537 0.20339372754096985 0.9094940423965454
v -0.3495538830757141 0.1989482343196869 0.8875302672386169
v -0.30255353450775146 0.19519878923892975 0.8687436580657959
v -0.2613636255264282 0.19191573560237885 0.856210470199585
v -0.2185286581516266 0.18867449462413788 0.8455187082290649
v -0.17458654940128326 0.18799982964992523 0.8326607346534729
v -0.13768135011196136 0.18712466955184937 0.8326429128646851
v -0.08334280550479889 0.16494597494602203 0.7245769500732422
v -0.04724229499697685 0.15933430194854736 0.7040691375732422
v -0.015354051254689693 0.1639496088027954 0.7184092402458191
v 0.018484890460968018 0.16512198746204376 0.7318883538246155
v 0.06100057438015938 0.18132393062114716 0.8173523545265198
v 0.07543496042490005 0.14372512698173523 0.6462657451629639
v 0.10637341439723969 0.14341439306735992 0.6435456275939941
v 0.1375807374715805 0.1447618305683136 0.6480625867843628
v 0.17376644909381866 0.1469951570034027 0.6654818654060364
v 0.21545550227165222 0.15772245824337006 0.7049617767333984
v 0.24419735372066498 0.1569805145263672 0.6935105323791504
v 0.27842745184898376 0.15715952217578888 0.6979068517684937
v 0.31242120265960693 0.15920649468898773 0.704147219657898
v 0.35474804043769836 0.1603487730026245 0.7178258299827576
v 0.5059195160865784 0.2053755223751068 0.928706169128418
v 0.542534589767456 0.20426267385482788 0.915280818939209
v -0.547688364982605 0.21228088438510895 0.9431017637252808
v -0.5060812830924988 0.2138897180557251 0.9507625102996826
v -0.4482867121696472 0.20944556593894958 0.9263556003570557
v -0.3942023813724518 0.20451238751411438 0.9045294523239136
v -0.3437398374080658 0.2000894993543625 0.8831929564476013
v -0.2973152995109558 0.19639071822166443 0.8650813102722168
v -0.256296306848526 0.19323785603046417 0.8515526056289673
v -0.21366335451602936 0.18967163562774658 0.8419665098190308
v -0.17050929367542267 0.1896207630634308 0.8314586877822876
v -0.13290725648403168 0.18850301206111908 0.8263512849807739
v -0.08007477968931198 0.16708320379257202 0.727512538433075
v -0.044028572738170624 0.160726860165596 0.7031314373016357
v -0.011865578591823578 0.16574864089488983 0.7201944589614868
v 0.021808845922350883 0.16666562855243683 0.7316778898239136
v 0.06308556348085403 0.18097294867038727 0.799665093421936
v 0.07813677936792374 0.14491376280784607 0.6452887058258057
v 0.10946725308895111 0.14584244787693024 0.6435260772705078
v 0.14123450219631195 0.14744071662425995 0.6517090797424316
v 0.17734172940254211 0.14871078729629517 0.6653932332992554
v 0.21820013225078583 0.15994016826152802 0.7033709287643433
v 0.2468501329421997 0.1583203226327896 0.6927040815353394
v 0.2819196283817291 0.15843981504440308 0.6981967687606812
v 0.3163970410823822 0.16060799360275269 0.7037971615791321
v 0.35943832993507385 0.16252318024635315 0.7186983823776245
v 0.5086544752120972 0.20679503679275513 0.9245666265487671
v 0.5451581478118896 0.20557400584220886 0.912133514881134
v -0.5401612520217896 0.21363389492034912 0.9387786984443665
v -0.4998963177204132 0.21529194712638855 0.9474488496780396
v -0.4412674009799957 0.2105669528245926 0.9211165308952332
v -0.3877432644367218 0.20559144020080566 0.8995698690414429
v -0.3380136489868164 0.20120972394943237 0.8788934350013733
v -0.2921242415904999 0.1975933462381363 0.8614585399627686
v -0.24645201861858368 0.19342254102230072 0.839068591594696
v -0.20475079119205475 0.19129934906959534 0.8305289149284363
v -0.16669876873493195 0.19105161726474762 0.8308189511299133
v -0.12808822095394135 0.19002719223499298 0.8215525150299072
v -0.07119554281234741 0.15787044167518616 0.6827424168586731
v -0.04086742922663689 0.16231587529182434 0.7032046914100647
v -0.008226270787417889 0.16753628849983215 0.7224335670471191
v 0.02520039491355419 0.1682462990283966 0.7312683463096619
v 0.0629677101969719 0.17715834081172943 0.7633610963821411
v 0.08097650855779648 0.14621390402317047 0.6445739269256592
v 0.11251495778560638 0.14778351783752441 0.6433826684951782
v 0.14495323598384857 0.1497587412595749 0.6549685001373291
v 0.1815420538187027 0.15063898265361786 0.6656513214111328
v 0.22102850675582886 0.16176261007785797 0.7019791603088379
v 0.24968813359737396 0.15980198979377747 0.6920615434646606
v 0.2847720980644226 0.15954524278640747 0.6978209614753723
v 0.31941840052604675 0.16196668148040771 0.7029880881309509
v 0.36453181505203247 0.16494150459766388 0.7204416394233704
v 0.5113592147827148 0.20827637612819672 0.9201428890228271
v 0.5486367344856262 0.20719978213310242 0.9095488786697388
v -0.533312201499939 0.21492886543273926 0.9352018237113953
v -0.49343979358673096 0.21657823026180267 0.9437515139579773
v -0.4347093105316162 0.21169419586658478 0.9163826704025269
v -0.381448894739151 0.2066444307565689 0.8948224186897278
v -0.3323550522327423 0.2023213803768158 0.8746551275253296
v -0.2869665324687958 0.1987982541322708 0.8578499555587769
v -0.2418142855167389 0.19437333941459656 0.8361415266990662
v -0.19976088404655457 0.19262447953224182 0.8265400528907776
v -0.16296158730983734 0.19251064956188202 0.830755352973938
v -0.12295126169919968 0.1911115199327469 0.8192198276519775
v -0.06744434684515 0.15966537594795227 0.6858018636703491
v -0.03776930272579193 0.16525699198246002 0.7049771547317505
v -0.004589602816849947 0.16934634745121002 0.7248680591583252
v 0.028838206082582474 0.16987888514995575 0.7310338020324707
v 0.06192556023597717 0.16983000934123993 0.7177990674972534
v 0.08391422778367996 0.14748014509677887 0.6439085006713867
v 0.11537229269742966 0.14947959780693054 0.6437053084373474
v 0.14860251545906067 0.15187571942806244 0.6567583084106445
v 0.18690863251686096 0.1541309803724289 0.668728232383728
v 0.2238703966140747 0.163377583026886 0.7006813883781433
v 0.2526017129421234 0.16122058033943176 0.6916907429695129
v 0.28749021887779236 0.16079922020435333 0.6972144842147827
v 0.32238107919692993 0.16339360177516937 0.7024917602539062
v 0.36942407488822937 0.16714048385620117 0.720730185508728
v 0.5138336420059204 0.2097693234682083 0.9163057804107666
v 0.5539621114730835 0.20915207266807556 0.9077300429344177
v -0.5269019603729248 0.2162552922964096 0.932109534740448
v -0.48687419295310974 0.2178681343793869 0.9396293759346008
v -0.42847129702568054 0.2127961665391922 0.9120131731033325
v -0.37532755732536316 0.20765483379364014 0.8903013467788696
v -0.326755166053772 0.20343522727489471 0.8705242276191711
v -0.28181904554367065 0.20000866055488586 0.8542324900627136
v -0.23784443736076355 0.19574682414531708 0.8348344564437866
v -0.19554539024829865 0.19417065382003784 0.8245318531990051
v -0.15908077359199524 0.19398753345012665 0.8300393223762512
v -0.11808887124061584 0.1919499933719635 0.8171238303184509
v -0.0644749104976654 0.16226337850093842 0.6907895803451538
v -0.03455667570233345 0.1672825813293457 0.7061831951141357
v -0.0012596669839695096 0.17106826603412628 0.7262680530548096
v 0.03336190804839134 0.17163853347301483 0.7313745021820068
v 0.061403531581163406 0.1607285588979721 0.6734277009963989
v 0.08669808506965637 0.1490693837404251 0.6429407000541687
v 0.11829028278589249 0.1510758399963379 0.6442017555236816
v 0.15197740495204926 0.15365533530712128 0.6574913859367371
v 0.19257399439811707 0.15951228141784668 0.6810871958732605
v 0.22661276161670685 0.1647418737411499 0.6993769407272339
v 0.25642621517181396 0.16276487708091736 0.6917446851730347
v 0.29023632407188416 0.16231554746627808 0.6966938972473145
v 0.32561981678009033 0.16473324596881866 0.7021141052246094
v 0.37358829379081726 0.16894471645355225 0.7186850309371948
v 0.516242504119873 0.21118858456611633 0.9131285548210144
v -0.5660855770111084 0.21636193990707397 0.919522225856781
v -0.5207040309906006 0.2176819145679474 0.9293407201766968
v -0.4801861643791199 0.2190731018781662 0.9350606203079224
v -0.4221648871898651 0.2138817310333252 0.9075084328651428
v -0.3693035840988159 0.20865510404109955 0.8858836889266968
v -0.3212314546108246 0.2045685052871704 0.8664992451667786
v -0.2766818702220917 0.2012256383895874 0.850619912147522
v -0.23390601575374603 0.19724945724010468 0.8345475196838379
v -0.19123543798923492 0.19549183547496796 0.8230115175247192
v -0.15496012568473816 0.19534850120544434 0.8279756307601929
v -0.11373000591993332 0.19290728867053986 0.8143141865730286
v -0.06160568818449974 0.16468988358974457 0.6941545605659485
v -0.03128105029463768 0.16910772025585175 0.7068763375282288
v 0.0017660674639046192 0.17266562581062317 0.7267678380012512
v 0.04134594276547432 0.18606799840927124 0.7853126525878906
v 0.05703311040997505 0.14444302022457123 0.6156892776489258
v 0.08951611071825027 0.14914411306381226 0.6392533779144287
v 0.12132874876260757 0.15267708897590637 0.6444671154022217
v 0.15511199831962585 0.15521888434886932 0.6580108404159546
v 0.2014995813369751 0.17010487616062164 0.7131882905960083
v 0.22934173047542572 0.16612297296524048 0.6981189250946045
v 0.2593972086906433 0.16379296779632568 0.6913696527481079
v 0.29345235228538513 0.16426195204257965 0.6963621973991394
v 0.3290497958660126 0.16612327098846436 0.702517569065094
v 0.3783964514732361 0.1709631085395813 0.715979278087616
v 0.5188643932342529 0.21278013288974762 0.9103745818138123
v -0.5560410618782043 0.21738974750041962 0.9192014336585999
v -0.5146663188934326 0.21909959614276886 0.9265432357788086
v -0.47318264842033386 0.22027918696403503 0.9298340082168579
v -0.41559067368507385 0.21497134864330292 0.9027527570724487
v -0.36332061886787415 0.20967210829257965 0.8815353512763977
v -0.31575384736061096 0.20572161674499512 0.8625458478927612
v -0.27161940932273865 0.20242013037204742 0.8470104932785034
v -0.23048777878284454 0.1989043653011322 0.8349908590316772
v -0.1873014271259308 0.19704420864582062 0.8216153979301453
v -0.15069480240345 0.19668865203857422 0.8250057101249695
v -0.10945113748311996 0.19404982030391693 0.8116168975830078
v -0.05871035158634186 0.16697941720485687 0.6966554522514343
v -0.02808912843465805 0.170758455991745 0.7073628902435303
v 0.004666373133659363 0.17398765683174133 0.7268345355987549
v 0.04485412314534187 0.1897212415933609 0.793696403503418
v 0.05962984263896942 0.1430569440126419 0.6085658073425293
v 0.08705303817987442 0.14229747653007507 0.6056608557701111
v 0.12431575357913971 0.1542288362979889 0.644635021686554
v 0.15821468830108643 0.15675684809684753 0.6583150625228882
v 0.20349685847759247 0.1679624617099762 0.7051998376846313
v 0.2321590930223465 0.1676228940486908 0.69687819480896
v 0.26233261823654175 0.164950430393219 0.6910626888275146
v 0.2974197566509247 0.16642774641513824 0.6970884799957275
v 0.3328278660774231 0.16773006319999695 0.703596830368042
v 0.3837527632713318 0.17411823570728302 0.7148634791374207
v 0.5220683813095093 0.21434658765792847 0.9076876640319824
v -0.5484023094177246 0.2184041142463684 0.915233314037323
v -0.5082756280899048 0.22043025493621826 0.9232763051986694
v -0.4659899175167084 0.2213597297668457 0.9245069622993469
v -0.4088595509529114 0.21603797376155853 0.8979138135910034
v -0.3574375510215759 0.2106724977493286 0.8772667050361633
v -0.3103273808956146 0.2068765014410019 0.8586691617965698
v -0.2666388750076294 0.20357924699783325 0.8434135913848877
v -0.22676803171634674 0.2005709409713745 0.8340221643447876
v -0.1832275241613388 0.19858728349208832 0.8198626041412354
v -0.1462906450033188 0.19797848165035248 0.8215644955635071
v -0.10526853054761887 0.19511455297470093 0.8081961274147034
v -0.055907245725393295 0.16907934844493866 0.6989014744758606
v -0.025293521583080292 0.17256325483322144 0.7075145244598389
v 0.007911358028650284 0.1757126897573471 0.7269934415817261
v 0.04733215644955635 0.19028475880622864 0.7906317114830017
v 0.06245533004403114 0.14442957937717438 0.6056195497512817
v 0.08955824375152588 0.14356659352779388 0.6032522916793823
v 0.12717120349407196 0.1557285338640213 0.6449959874153137
v 0.16139520704746246 0.15828658640384674 0.6584490537643433
v 0.2069551646709442 0.17035113275051117 0.7053948640823364
v 0.23505951464176178 0.16924713551998138 0.6956756114959717
v 0.26549506187438965 0.166296124458313 0.6910504698753357
v 0.30186837911605835 0.16852377355098724 0.6995669007301331
v 0.33694133162498474 0.16955479979515076 0.7043383121490479
v 0.45703911781311035 0.20336215198040009 0.8603246808052063
v 0.5253528356552124 0.21574921905994415 0.9050005674362183
v -0.5399366021156311 0.21940366923809052 0.909516453742981
v -0.5015547275543213 0.2218201458454132 0.91953045129776
v -0.4586781859397888 0.22239886224269867 0.9190782308578491
v -0.4022579491138458 0.21703852713108063 0.8931990265846252
v -0.35163724422454834 0.21168695390224457 0.8731111884117126
v -0.30495381355285645 0.20801591873168945 0.8548009991645813
v -0.2617228925228119 0.2047421932220459 0.8398920297622681
v -0.2226843684911728 0.20208469033241272 0.8315797448158264
v -0.17932064831256866 0.20024539530277252 0.8189046382904053
v -0.1417751908302307 0.1991572082042694 0.8180267810821533
v -0.10099443793296814 0.19596989452838898 0.8048278093338013
v -0.05269055441021919 0.17143309116363525 0.7008625268936157
v -0.02174610085785389 0.1738949865102768 0.7093855142593384
v 0.011249183677136898 0.17735722661018372 0.7277441024780273
v 0.04917728528380394 0.18971486389636993 0.7835146188735962
v 0.0653899684548378 0.14684203267097473 0.6052860021591187
v 0.09219799935817719 0.14543487131595612 0.6020108461380005
v 0.1301373839378357 0.15725255012512207 0.6454107761383057
v 0.1646556705236435 0.15979817509651184 0.6585372686386108
v 0.20951732993125916 0.17199073731899261 0.7044600248336792
v 0.23772764205932617 0.17033615708351135 0.6946876049041748
v 0.26877298951148987 0.16771206259727478 0.691210150718689
v 0.30640870332717896 0.17027290165424347 0.7015012502670288
v 0.34178391098976135 0.17168526351451874 0.7053341865539551
v 0.45877212285995483 0.2056175172328949 0.8556073307991028
v 0.5283763408660889 0.21688438951969147 0.9023593664169312
v -0.5314807891845703 0.22052417695522308 0.9034274816513062
v -0.4949611723423004 0.2233060896396637 0.91573166847229
v -0.4513449966907501 0.22340326011180878 0.9136525988578796
v -0.3958825469017029 0.21796897053718567 0.8886786103248596
v -0.3458750545978546 0.21272708475589752 0.8689708113670349
v -0.2996528446674347 0.20914322137832642 0.8510120511054993
v -0.2569155991077423 0.2059400975704193 0.8364859819412231
v -0.2174714207649231 0.20343463122844696 0.8265500664710999
v -0.1757057160139084 0.20200946927070618 0.8192628622055054
v -0.13718143105506897 0.20026510953903198 0.81434565782547
v -0.09664951264858246 0.1970897912979126 0.8014993667602539
v -0.049706555902957916 0.17339155077934265 0.7019083499908447
v -0.01928909309208393 0.17606565356254578 0.7097432613372803
v 0.0146259106695652 0.17908483743667603 0.7283233404159546
v 0.03466359153389931 0.14633281528949738 0.6073373556137085
v 0.06821444630622864 0.14870089292526245 0.6055031418800354
v 0.09473743289709091 0.14670716226100922 0.6009509563446045
v 0.13378562033176422 0.15845884382724762 0.6460808515548706
v 0.16806769371032715 0.161326602101326 0.6584763526916504
v 0.21173812448978424 0.17399725317955017 0.7026345729827881
v 0.24034996330738068 0.1715358942747116 0.693862795829773
v 0.27190545201301575 0.16907340288162231 0.6908890008926392
v 0.31038525700569153 0.17181797325611115 0.7024530172348022
v 0.3471698462963104 0.1740579903125763 0.7077112197875977
v 0.45414242148399353 0.20418179035186768 0.8399654626846313
v 0.530624270439148 0.21807989478111267 0.8993475437164307
v -0.5235745906829834 0.22174391150474548 0.8971317410469055
v -0.4888554811477661 0.2248317301273346 0.9124906063079834
v -0.444070965051651 0.2243860810995102 0.9082769751548767
v -0.3897114396095276 0.21886208653450012 0.8843083381652832
v -0.34015214443206787 0.21377095580101013 0.8648134469985962
v -0.294428288936615 0.21026188135147095 0.8473043441772461
v -0.2522399425506592 0.20710696280002594 0.8332313299179077
v -0.20923849940299988 0.20405815541744232 0.8184356093406677
v -0.17195618152618408 0.2036343812942505 0.8189157247543335
v -0.1325593888759613 0.20133264362812042 0.8105220794677734
v -0.09246575832366943 0.19824379682540894 0.7976257801055908
v -0.046691641211509705 0.1752612143754959 0.702798068523407
v -0.01611214131116867 0.1777341514825821 0.7115464806556702
v 0.018114905804395676 0.18099093437194824 0.728771448135376
v 0.03963040933012962 0.1483287364244461 0.6066066026687622
v 0.0710684284567833 0.15066984295845032 0.6055126190185547
v 0.09747806936502457 0.14801037311553955 0.6000552177429199
v 0.13734190165996552 0.16019798815250397 0.6474624872207642
v 0.17156271636486053 0.16308075189590454 0.6588752269744873
v 0.21426419913768768 0.17456524074077606 0.7006566524505615
v 0.2429816871881485 0.17274443805217743 0.6931745409965515
v 0.27478668093681335 0.17031237483024597 0.689871609210968
v 0.3138441741466522 0.17358291149139404 0.7027227878570557
v 0.35496774315834045 0.17801597714424133 0.7170519232749939
v 0.449013352394104 0.20269374549388885 0.8241936564445496
v 0.5323523283004761 0.21874497830867767 0.8943231701850891
v -0.516396164894104 0.22295482456684113 0.8915354013442993
v -0.48313891887664795 0.22633938491344452 0.9097618460655212
v -0.43720993399620056 0.22533582150936127 0.9031729102134705
v -0.3836667537689209 0.219773530960083 0.8799858689308167
v -0.33449098467826843 0.21481549739837646 0.8606961965560913
v -0.28923970460891724 0.2113979607820511 0.8436385989189148
v -0.2476460188627243 0.20827606320381165 0.830089807510376
v -0.20481416583061218 0.20543839037418365 0.8159866333007812
v -0.167914018034935 0.20497167110443115 0.8170813322067261
v -0.12796778976917267 0.20238949358463287 0.8066787719726562
v -0.08830367028713226 0.19919517636299133 0.7932090759277344
v -0.043585244566202164 0.17703333497047424 0.7035057544708252
v -0.011368760839104652 0.1801968365907669 0.7188665270805359
v 0.021669821813702583 0.18339629471302032 0.7305221557617188
v 0.04400260001420975 0.1510859578847885 0.606097936630249
v 0.07390839606523514 0.1524330973625183 0.6052059531211853
v 0.10067330300807953 0.1493780016899109 0.5986183285713196
v 0.1407753974199295 0.16261394321918488 0.6501467227935791
v 0.1754235178232193 0.16557438671588898 0.6614617109298706
v 0.21698132157325745 0.17609503865242004 0.6995038986206055
v 0.24566800892353058 0.1739203780889511 0.6924741864204407
v 0.2772406041622162 0.17142507433891296 0.688305139541626
v 0.3169530928134918 0.17524704337120056 0.7025911211967468
v 0.4014362096786499 0.1987961232662201 0.8097419738769531
v 0.44429266452789307 0.20164743065834045 0.8066275715827942
v 0.5328205227851868 0.21950237452983856 0.8830786943435669
v -0.5094394087791443 0.22399285435676575 0.8859971761703491
v -0.477601557970047 0.22780202329158783 0.9071978330612183
v -0.4307216703891754 0.22626563906669617 0.8983345627784729
v -0.37765181064605713 0.22068168222904205 0.8757032752037048
v -0.3289281129837036 0.21587233245372772 0.8566751480102539
v -0.28410133719444275 0.21252554655075073 0.8400880098342896
v -0.24305084347724915 0.20948007702827454 0.827052116394043
v -0.2007000595331192 0.20674963295459747 0.8150166869163513
v -0.1636553704738617 0.20619334280490875 0.814346432685852
v -0.1234055906534195 0.2034621387720108 0.8027958869934082
v -0.08432221412658691 0.1997448205947876 0.7880164980888367
v -0.04041309654712677 0.17868287861347198 0.703935980796814
v -0.00759896170347929 0.18272873759269714 0.723568856716156
v 0.02799977920949459 0.19773773849010468 0.7741365432739258
v 0.047865595668554306 0.1532820165157318 0.6059306859970093
v 0.0767306238412857 0.1539989411830902 0.6047784090042114
v 0.10440532118082047 0.15169347822666168 0.5985632538795471
v 0.14417892694473267 0.164238840341568 0.6515401601791382
v 0.19223585724830627 0.1817624270915985 0.7120341658592224
v 0.21999020874500275 0.17820414900779724 0.6987656950950623
v 0.2484733909368515 0.17502613365650177 0.6918105483055115
v 0.2793813645839691 0.17258526384830475 0.6862736344337463
v 0.31955817341804504 0.17679660022258759 0.7019227743148804
v 0.40777453780174255 0.20159730315208435 0.8095191717147827
v 0.44505006074905396 0.20256879925727844 0.8004958629608154
v 0.48433056473731995 0.20348602533340454 0.7941155433654785
v -0.5017858147621155 0.22492168843746185 0.8803845047950745
v -0.47220250964164734 0.22927157580852509 0.9046681523323059
v -0.42438381910324097 0.22720466554164886 0.8936896920204163
v -0.37163683772087097 0.22158756852149963 0.8714746236801147
v -0.3234409987926483 0.2169388383626938 0.8527155518531799
v -0.2790141999721527 0.2136433720588684 0.8366416692733765
v -0.23828880488872528 0.21066905558109283 0.8242297172546387
v -0.19693221151828766 0.20816516876220703 0.8141692876815796
v -0.15931925177574158 0.20740340650081635 0.8112539649009705
v -0.1189417615532875 0.20447354018688202 0.7990491390228271
v -0.06856504082679749 0.17796628177165985 0.688584566116333
v -0.03723115473985672 0.18022873997688293 0.7037405967712402
v -0.004430114757269621 0.18509401381015778 0.726346492767334
v 0.03097527101635933 0.1987709105014801 0.7731934189796448
v 0.0512535497546196 0.1550702601671219 0.6059523820877075
v 0.07936567068099976 0.15542787313461304 0.6043863892555237
v 0.11708518117666245 0.1640441119670868 0.6450095176696777
v 0.147016704082489 0.16569112241268158 0.6518628597259521
v 0.1959683895111084 0.1830790489912033 0.7119543552398682
v 0.22290800511837006 0.17969173192977905 0.6982624530792236
v 0.2514779269695282 0.17607705295085907 0.6913336515426636
v 0.2814467251300812 0.17379850149154663 0.6843647360801697
v 0.3219188153743744 0.17824681103229523 0.7008994817733765
v 0.41063427925109863 0.20336078107357025 0.8064166307449341
v 0.44641223549842834 0.20357510447502136 0.7955690026283264
v 0.49070584774017334 0.20552773773670197 0.7911463975906372
v -0.4942988455295563 0.22594758868217468 0.8759588003158569
v -0.4667934775352478 0.23077228665351868 0.9020053148269653
v -0.41796764731407166 0.22812286019325256 0.8890886306762695
v -0.3656759560108185 0.22248421609401703 0.8672665357589722
v -0.317994087934494 0.21800203621387482 0.848809003829956
v -0.2739737033843994 0.2147585153579712 0.8332668542861938
v -0.23364533483982086 0.21187767386436462 0.8214401006698608
v -0.19302549958229065 0.2096637487411499 0.8130998611450195
v -0.154917374253273 0.20857539772987366 0.8079782128334045
v -0.11459191143512726 0.2054835855960846 0.7955039143562317
v -0.0651981383562088 0.17993460595607758 0.691142201423645
v -0.0342392735183239 0.1817295402288437 0.7032922506332397
v -0.0017924148123711348 0.18764975666999817 0.7274566292762756
v 0.03373044729232788 0.19950595498085022 0.7711632251739502
v 0.05437188968062401 0.15658624470233917 0.6057606935501099
v 0.08188270777463913 0.15668855607509613 0.6038109064102173
v 0.12021582573652267 0.16586445271968842 0.6463842391967773
v 0.14971165359020233 0.16727778315544128 0.6519548296928406
v 0.19859421253204346 0.1839631199836731 0.7101330161094666
v 0.2258644700050354 0.18119336664676666 0.6978698968887329
v 0.2545846998691559 0.17710375785827637 0.6910418272018433
v 0.2837734520435333 0.17505483329296112 0.6828354001045227
v 0.3241921067237854 0.17979946732521057 0.6997716426849365
v 0.4126325249671936 0.20427852869033813 0.8017721176147461
v 0.4472203850746155 0.20451052486896515 0.7906448245048523
v -0.5306692123413086 0.22580762207508087 0.8650273084640503
v -0.48869433999061584 0.22730670869350433 0.8739386796951294
v -0.4612842798233032 0.2322612851858139 0.8991055488586426
v -0.41150155663490295 0.22904503345489502 0.884573221206665
v -0.35977572202682495 0.22337986528873444 0.8631199598312378
v -0.31260040402412415 0.21906079351902008 0.8449537754058838
v -0.2689909338951111 0.21587245166301727 0.8299680948257446
v -0.22906319797039032 0.21306686103343964 0.8186591863632202
v -0.1889990121126175 0.2110796868801117 0.8115296363830566
v -0.1504691243171692 0.20970842242240906 0.8045494556427002
v -0.11032690107822418 0.20643192529678345 0.7921297550201416
v -0.06190355867147446 0.18194693326950073 0.6943614482879639
v -0.03122679330408573 0.18326382339000702 0.7029899954795837
v 0.0012656536418944597 0.18869338929653168 0.7252914309501648
v 0.03669816255569458 0.2003391534090042 0.7692067623138428
v 0.057381778955459595 0.1580345779657364 0.6055896282196045
v 0.08439359813928604 0.1578364223241806 0.6031334400177002
v 0.1230354979634285 0.16741926968097687 0.6469357013702393
v 0.15274536609649658 0.16912558674812317 0.6522947549819946
v 0.20099978148937225 0.18496361374855042 0.7083022594451904
v 0.2287350445985794 0.18260963261127472 0.6975069642066956
v 0.25754618644714355 0.1781378537416458 0.6905960440635681
v 0.2864079773426056 0.17631572484970093 0.682138204574585
v 0.32657590508461 0.18131622672080994 0.6985051035881042
v 0.41418904066085815 0.20522844791412354 0.7961034774780273
v 0.44828808307647705 0.20540103316307068 0.7859729528427124
v -0.5206437110900879 0.2262333184480667 0.8615719676017761
v -0.48430052399635315 0.22893570363521576 0.8731626272201538
v -0.4557698965072632 0.23373724520206451 0.8961875438690186
v -0.40507593750953674 0.22995726764202118 0.880078911781311
v -0.35390061140060425 0.2242743819952011 0.8590128421783447
v -0.3072747588157654 0.2201194018125534 0.8411993980407715
v -0.2640913724899292 0.21698415279388428 0.8267052173614502
v -0.22451521456241608 0.21424256265163422 0.8158814907073975
v -0.1848137527704239 0.21239663660526276 0.8093479871749878
v -0.1460084617137909 0.21079732477664948 0.8010571002960205
v -0.10619974136352539 0.20733006298542023 0.788927435874939
v -0.05852498114109039 0.18375787138938904 0.6970301866531372
v -0.028463710099458694 0.18485713005065918 0.702951192855835
v 0.0058983853086829185 0.1978188455104828 0.7468060851097107
v 0.039929769933223724 0.2012573629617691 0.7672321200370789
v 0.060227248817682266 0.15938080847263336 0.6054221987724304
v 0.08691763877868652 0.15889853239059448 0.602340817451477
v 0.12576019763946533 0.16888102889060974 0.6471642255783081
v 0.15740744769573212 0.17137350142002106 0.6545509099960327
v 0.2034883201122284 0.1861095279455185 0.7063727378845215
v 0.23153142631053925 0.18391995131969452 0.696892499923706
v 0.25919845700263977 0.17809435725212097 0.6886633634567261
v 0.28966379165649414 0.17792783677577972 0.6814652681350708
v 0.3296184241771698 0.1830248385667801 0.6978297233581543
v 0.41567397117614746 0.20630186796188354 0.7902265787124634
v 0.44939565658569336 0.20625777542591095 0.7815169095993042
v -0.5151463747024536 0.22741778194904327 0.8598631024360657
v -0.4801428020000458 0.23074357211589813 0.8729427456855774
v -0.4501717686653137 0.23517900705337524 0.8936715126037598
v -0.3987918496131897 0.23086395859718323 0.8756755590438843
v -0.3480997085571289 0.2251540869474411 0.8549636006355286
v -0.30204537510871887 0.22120767831802368 0.837630033493042
v -0.25928351283073425 0.21809418499469757 0.8234676122665405
v -0.2199757695198059 0.21543040871620178 0.8131207823753357
v -0.1805582046508789 0.2136794924736023 0.8067083358764648
v -0.14155463874340057 0.2118532657623291 0.7975704073905945
v -0.10217956453561783 0.20820410549640656 0.7859259843826294
v -0.05539950728416443 0.18552279472351074 0.6988376975059509
v -0.025592442601919174 0.18675632774829865 0.7036138772964478
v 0.010915829800069332 0.2026941329240799 0.7595918774604797
v 0.04348267242312431 0.20213861763477325 0.7651940584182739
v 0.06298957020044327 0.16071055829524994 0.6051536202430725
v 0.08943994343280792 0.15984749794006348 0.6014951467514038
v 0.1284603476524353 0.17031869292259216 0.6473582983016968
v 0.16117505729198456 0.17376992106437683 0.6562119722366333
v 0.20595000684261322 0.18728715181350708 0.7041438221931458
v 0.23418375849723816 0.1850903034210205 0.6958698034286499
v 0.2302045375108719 0.15584136545658112 0.6092744469642639
v 0.29396235942840576 0.18017339706420898 0.6815831661224365
v 0.3352849781513214 0.18624302744865417 0.6995351910591125
v 0.4172526001930237 0.20733581483364105 0.7851369380950928
v 0.45059478282928467 0.20708195865154266 0.7770131826400757
v -0.5109239220619202 0.22919617593288422 0.8602287769317627
v -0.47601518034935 0.23261699080467224 0.8731743693351746
v -0.4446854591369629 0.23660138249397278 0.8913922309875488
v -0.39258548617362976 0.23178069293498993 0.8713521361351013
v -0.3424477279186249 0.2260601967573166 0.8510042428970337
v -0.2969290018081665 0.22231070697307587 0.8342187404632568
v -0.25456780195236206 0.21919973194599152 0.8202379941940308
v -0.21538206934928894 0.21660621464252472 0.8103768229484558
v -0.1763060837984085 0.21496649086475372 0.8039019107818604
v -0.13712406158447266 0.21285542845726013 0.7940736413002014
v -0.09819063544273376 0.2090548276901245 0.7830854058265686
v -0.052352096885442734 0.18728724122047424 0.7002800107002258
v -0.022681044414639473 0.18907277286052704 0.706399142742157
v 0.014638703316450119 0.2043391913175583 0.7603312134742737
v 0.047087620943784714 0.20330895483493805 0.7632608413696289
v 0.06575970351696014 0.16202592849731445 0.6049346327781677
v 0.09195921570062637 0.16074031591415405 0.6006214022636414
v 0.13123081624507904 0.17179551720619202 0.6474622488021851
v 0.16523493826389313 0.17632029950618744 0.6571439504623413
v 0.20846810936927795 0.1885128617286682 0.7024154663085938
v 0.23668058216571808 0.18619495630264282 0.6948654055595398
v 0.23337006568908691 0.1578846275806427 0.6085391044616699
v 0.2988581657409668 0.1829318106174469 0.6854685544967651
v 0.3494222164154053 0.193307563662529 0.7195765972137451
v 0.41861197352409363 0.20829732716083527 0.7803970575332642
v 0.4518064558506012 0.2079816460609436 0.7723499536514282
v -0.507551372051239 0.2311793714761734 0.861087441444397
v -0.4717688262462616 0.23445014655590057 0.8730678558349609
v -0.4392677843570709 0.23799194395542145 0.8889992237091064
v -0.3863316476345062 0.23267824947834015 0.8669870495796204
v -0.33687853813171387 0.22699697315692902 0.8471238613128662
v -0.29187798500061035 0.2234082967042923 0.830888032913208
v -0.2499886453151703 0.22031170129776 0.8170419335365295
v -0.21080391108989716 0.21779146790504456 0.807561993598938
v -0.1720292568206787 0.21619261801242828 0.8009958267211914
v -0.13267458975315094 0.21367517113685608 0.7907314300537109
v -0.09431157261133194 0.2098924070596695 0.780234158039093
v -0.04925103113055229 0.18904292583465576 0.7014611959457397
v -0.018229443579912186 0.1908731460571289 0.7134844064712524
v 0.01795375905930996 0.20538005232810974 0.7593830823898315
v 0.050161756575107574 0.2045426219701767 0.7595027685165405
v 0.0685189887881279 0.1633564829826355 0.6047062873840332
v 0.09450961649417877 0.161657452583313 0.5995907187461853
v 0.1340634524822235 0.1732398271560669 0.6475831270217896
v 0.18113943934440613 0.19082467257976532 0.7045600414276123
v 0.21115487813949585 0.18982893228530884 0.7013276815414429
v 0.2392892986536026 0.18730752170085907 0.6942380666732788
v 0.2366049587726593 0.16036434471607208 0.6074589490890503
v 0.3024332523345947 0.1848907321691513 0.6867757439613342
v 0.3721422851085663 0.20410121977329254 0.7637522220611572
v 0.4201238751411438 0.2092568725347519 0.7761157155036926
v 0.4528636038303375 0.20889237523078918 0.7679440379142761
v -0.5033465623855591 0.2330274134874344 0.8612892627716064
v -0.46721822023391724 0.23614047467708588 0.8721842169761658
v -0.4334935247898102 0.23908083140850067 0.8857917189598083
v -0.38008913397789 0.23352842032909393 0.8625569939613342
v -0.33136722445487976 0.227945938706398 0.8432958126068115
v -0.2868348956108093 0.22448156774044037 0.8275477886199951
v -0.24553149938583374 0.22142888605594635 0.8138826489448547
v -0.20625539124011993 0.21895328164100647 0.8047887682914734
v -0.16777189075946808 0.21732372045516968 0.7980470657348633
v -0.12834207713603973 0.21456535160541534 0.7873138785362244
v -0.0904906839132309 0.21064376831054688 0.7774572968482971
v -0.045965492725372314 0.19040162861347198 0.7028116583824158
v -0.016583183780312538 0.19333244860172272 0.7073536515235901
v 0.020985960960388184 0.2061770260334015 0.757712185382843
v 0.039557840675115585 0.1640697717666626 0.6027944087982178
v 0.07130932062864304 0.164748415350914 0.6044449210166931
v 0.09705846756696701 0.16252288222312927 0.5983072519302368
v 0.13691943883895874 0.1745283007621765 0.6478753089904785
v 0.18802978098392487 0.1953228861093521 0.7137966156005859
v 0.21399730443954468 0.191291943192482 0.7003669738769531
v 0.24203792214393616 0.1884848177433014 0.6937791705131531
v 0.2393689900636673 0.1623697578907013 0.6063552498817444
v 0.26769107580184937 0.15903329849243164 0.6041642427444458
v 0.384630411863327 0.20932811498641968 0.7783151268959045
v 0.4218405783176422 0.2102108746767044 0.7724065780639648
v 0.4531703293323517 0.20985423028469086 0.7631247043609619
v -0.498371422290802 0.2346162050962448 0.8606221675872803
v -0.46217218041419983 0.23772881925106049 0.8706493377685547
v -0.4270707368850708 0.23989810049533844 0.8815737366676331
v -0.37396249175071716 0.2343652844429016 0.8582074642181396
v -0.325874388217926 0.2288970947265625 0.8394597768783569
v -0.28180310130119324 0.22551415860652924 0.8242241144180298
v -0.2411724179983139 0.22253632545471191 0.8107612133026123
v -0.20175738632678986 0.22008398175239563 0.8020662069320679
v -0.16348427534103394 0.21842457354068756 0.7950507402420044
v -0.12410477548837662 0.21542298793792725 0.7839707136154175
v -0.08667605370283127 0.21112646162509918 0.7744178175926208
v -0.04293686896562576 0.19153906404972076 0.7032135725021362
v -0.013557447120547295 0.19430144131183624 0.7046217918395996
v 0.024012234061956406 0.2070644497871399 0.7561509013175964
v 0.04361378028988838 0.1656012237071991 0.6029521226882935
v 0.07401018589735031 0.16618704795837402 0.6041699051856995
v 0.09986628592014313 0.16332310438156128 0.5964469909667969
v 0.1398233026266098 0.17594186961650848 0.6481437683105469
v 0.190440371632576 0.19591712951660156 0.711472749710083
v 0.21693000197410583 0.1927551031112671 0.699566125869751
v 0.24471966922283173 0.18963243067264557 0.6932605504989624
v 0.24185548722743988 0.16410133242607117 0.6055097579956055
v 0.2690812051296234 0.1590796262025833 0.6016591787338257
v 0.38816648721694946 0.21089734137058258 0.7746020555496216
v 0.423449844121933 0.21114149689674377 0.7686819434165955
v 0.45422133803367615 0.2109086513519287 0.7587982416152954
v -0.4930495023727417 0.2360476404428482 0.8591457605361938
v -0.4570600688457489 0.23930248618125916 0.8687548041343689
v -0.4205588102340698 0.2407168447971344 0.8772149085998535
v -0.3680100739002228 0.23518948256969452 0.8539974093437195
v -0.32042497396469116 0.22983916103839874 0.8356661796569824
v -0.27679499983787537 0.22654493153095245 0.8208826780319214
v -0.23649151623249054 0.2236163467168808 0.8078035712242126
v -0.19733721017837524 0.22119830548763275 0.7992830276489258
v -0.15915726125240326 0.21947894990444183 0.7919973134994507
v -0.11998750269412994 0.21627512574195862 0.7807759642601013
v -0.08276677131652832 0.21133048832416534 0.7701058983802795
v -0.03989055007696152 0.19266794621944427 0.7026265859603882
v -0.010521773248910904 0.19550105929374695 0.7022500038146973
v 0.027132680639624596 0.20805037021636963 0.754456102848053
v 0.047299161553382874 0.16731177270412445 0.6035962104797363
v 0.07665318995714188 0.16748914122581482 0.6038520932197571
v 0.10198523849248886 0.1650286316871643 0.5956422090530396
v 0.14266115427017212 0.17765341699123383 0.6483678817749023
v 0.19312801957130432 0.1969849318265915 0.7100323438644409
v 0.21978454291820526 0.1941777914762497 0.6988754272460938
v 0.24690964818000793 0.19041727483272552 0.6920883655548096
v 0.24425463378429413 0.16565997898578644 0.604494571685791
v 0.27140796184539795 0.16024473309516907 0.6001450419425964
v 0.3905596137046814 0.21223394572734833 0.7712079286575317
v 0.4248514175415039 0.21207767724990845 0.7647854089736938
v 0.45545825362205505 0.21178168058395386 0.7546769380569458
v -0.48780542612075806 0.23746080696582794 0.8575948476791382
v -0.4524723291397095 0.24095435440540314 0.8674902319908142
v -0.41415899991989136 0.24160952866077423 0.872816801071167
v -0.3621472418308258 0.2359890341758728 0.8498761653900146
v -0.315092533826828 0.2307833582162857 0.8320363163948059
v -0.2718183398246765 0.22756460309028625 0.8175445199012756
v -0.23186498880386353 0.2246750146150589 0.8048402070999146
v -0.19298580288887024 0.2223241776227951 0.7964956760406494
v -0.15484365820884705 0.22048279643058777 0.7888634204864502
v -0.11594491451978683 0.21713845431804657 0.777703046798706
v -0.0786023885011673 0.21038435399532318 0.7642529010772705
v -0.0368817038834095 0.1938297003507614 0.7017036080360413
v -0.007321834098547697 0.1971277892589569 0.7015347480773926
v 0.030148515477776527 0.20901338756084442 0.7525588870048523
v 0.050734683871269226 0.1688004583120346 0.6040728688240051
v 0.07925333082675934 0.16873428225517273 0.6034228801727295
v 0.11709796637296677 0.1777334064245224 0.643166720867157
v 0.1456734985113144 0.17953647673130035 0.6486219167709351
v 0.19552813470363617 0.19809061288833618 0.708953857421875
v 0.2225809246301651 0.19552770256996155 0.6982727646827698
v 0.21498048305511475 0.1658528596162796 0.6088647842407227
v 0.2466311901807785 0.16708490252494812 0.6035774946212769
v 0.27432793378829956 0.1617075353860855 0.5994709730148315
v 0.3929455578327179 0.21328625082969666 0.767952024936676
v 0.4260408580303192 0.2129984200000763 0.7606841325759888
v 0.45860353112220764 0.21332338452339172 0.7501195669174194
v -0.4828183054924011 0.23889030516147614 0.8559988737106323
v -0.44829198718070984 0.242691308259964 0.8668123483657837
v -0.40795114636421204 0.24254710972309113 0.8684325218200684
v -0.3563522696495056 0.2367621213197708 0.8457739949226379
v -0.30988916754722595 0.2317417562007904 0.8285869359970093
v -0.26689326763153076 0.22855588793754578 0.814207911491394
v -0.2273341715335846 0.2257058024406433 0.801928699016571
v -0.18864528834819794 0.2234184294939041 0.7937275171279907
v -0.1505233645439148 0.22143961489200592 0.7856944799423218
v -0.11196277290582657 0.21798186004161835 0.7748059034347534
v -0.07385800033807755 0.20889708399772644 0.7548023462295532
v -0.03397059068083763 0.19507291913032532 0.7005095481872559
v -0.004135749768465757 0.19961057603359222 0.7044827938079834
v 0.033133991062641144 0.21011169254779816 0.7507278919219971
v 0.0541204996407032 0.17024925351142883 0.6041427850723267
v 0.08181705325841904 0.16989244520664215 0.6028592586517334
v 0.12030357867479324 0.17983490228652954 0.6439619064331055
v 0.14875926077365875 0.1808657944202423 0.6469699144363403
v 0.19810724258422852 0.19923292100429535 0.7079058289527893
v 0.22540748119354248 0.1967528611421585 0.697629988193512
v 0.21917568147182465 0.16782815754413605 0.6077980399131775
v 0.24909642338752747 0.16838528215885162 0.6028947830200195
v 0.2771896719932556 0.16324956715106964 0.5986263751983643
v 0.3949347138404846 0.21432173252105713 0.7645125985145569
v 0.42716366052627563 0.2139166295528412 0.7564378976821899
v -0.515821635723114 0.23881196975708008 0.8423414826393127
v -0.47775596380233765 0.24037526547908783 0.8540346622467041
v -0.44424009323120117 0.2444586604833603 0.8663238286972046
v -0.4018869400024414 0.2434554398059845 0.864150881767273
v -0.3506624102592468 0.23754693567752838 0.8417601585388184
v -0.3047710359096527 0.23274436593055725 0.8251935839653015
v -0.262031227350235 0.22953686118125916 0.8108884692192078
v -0.2228679358959198 0.2267438918352127 0.7990493774414062
v -0.18434467911720276 0.22449086606502533 0.7909647226333618
v -0.1462080180644989 0.222356379032135 0.7825372219085693
v -0.108039990067482 0.21882492303848267 0.7719701528549194
v -0.0685320645570755 0.20800162851810455 0.7418464422225952
v -0.03056420385837555 0.1980888992547989 0.6966826915740967
v 0.005570407025516033 0.21106953918933868 0.7428987622261047
v 0.03617998957633972 0.21133333444595337 0.7490454316139221
v 0.057297125458717346 0.17163696885108948 0.6039250493049622
v 0.08437972515821457 0.17093540728092194 0.6021674275398254
v 0.12246522307395935 0.1815488189458847 0.6437784433364868
v 0.1352299600839615 0.15901170670986176 0.5699313879013062
v 0.2008480578660965 0.20046046376228333 0.70664381980896
v 0.22822724282741547 0.19789306819438934 0.6968047618865967
v 0.22335195541381836 0.170096293091774 0.6062746047973633
v 0.25167393684387207 0.16957741975784302 0.6024283170700073
v 0.27991315722465515 0.16464029252529144 0.597256600856781
v 0.3965994119644165 0.21545901894569397 0.7608904838562012
v 0.42844533920288086 0.21479307115077972 0.7525491714477539
v -0.5070453882217407 0.2397312968969345 0.840130090713501
v -0.47235703468322754 0.24177736043930054 0.8514155745506287
v -0.4400613307952881 0.24609464406967163 0.8653903007507324
v -0.39582571387290955 0.24436542391777039 0.8598282933235168
v -0.34503892064094543 0.2383369654417038 0.8378523588180542
v -0.29968586564064026 0.23375751078128815 0.8217511177062988
v -0.2572939693927765 0.2305307686328888 0.8076512813568115
v -0.2184305489063263 0.2277856320142746 0.7962186336517334
v -0.18007516860961914 0.2255493402481079 0.7881842851638794
v -0.14193637669086456 0.2232494354248047 0.7793641686439514
v -0.10416420549154282 0.2196693867444992 0.7691377401351929
v -0.0638582855463028 0.2077541947364807 0.7286466956138611
v -0.02756918966770172 0.19934603571891785 0.6948914527893066
v 0.008766308426856995 0.21270358562469482 0.7436093091964722
v 0.039264071732759476 0.21250660717487335 0.747289776802063
v 0.06024879962205887 0.17288421094417572 0.6035412549972534
v 0.08689548075199127 0.17194302380084991 0.6014265418052673
v 0.10947492718696594 0.16245640814304352 0.5725098848342896
v 0.13877636194229126 0.16132330894470215 0.569582462310791
v 0.20346751809120178 0.20182201266288757 0.7054649591445923
v 0.2309156060218811 0.1990254521369934 0.6959145069122314
v 0.22712014615535736 0.17168724536895752 0.6051836013793945
v 0.25438570976257324 0.17073312401771545 0.6018574833869934
v 0.2830619513988495 0.16593189537525177 0.5961126685142517
v 0.3983501195907593 0.2165982574224472 0.7572490572929382
v 0.4298686981201172 0.21565967798233032 0.7490917444229126
v -0.5024571418762207 0.2411544919013977 0.839837908744812
v -0.4662587642669678 0.24306553602218628 0.8478337526321411
v -0.4351726472377777 0.24746206402778625 0.8632611036300659
v -0.3897770643234253 0.24530191719532013 0.8555766940116882
v -0.33948028087615967 0.23912829160690308 0.8340015411376953
v -0.29458943009376526 0.23474815487861633 0.8183138370513916
v -0.25269463658332825 0.23155128955841064 0.8044965267181396
v -0.2140173614025116 0.2288108468055725 0.7934368252754211
v -0.17583023011684418 0.22660338878631592 0.7853807210922241
v -0.13768523931503296 0.2241058498620987 0.7762340903282166
v -0.10036854445934296 0.22043971717357635 0.766291618347168
v -0.060167714953422546 0.20815254747867584 0.7208002805709839
v -0.02468687854707241 0.2006533145904541 0.6934642195701599
v 0.011434701271355152 0.21399830281734467 0.7431535720825195
v 0.042331304401159286 0.2137000560760498 0.7452518939971924
v 0.06320200860500336 0.1740368902683258 0.6030505895614624
v 0.08929827064275742 0.17299839854240417 0.6006643772125244
v 0.11163774132728577 0.1629103273153305 0.5712343454360962
v 0.14291580021381378 0.16561588644981384 0.5741097927093506
v 0.20605233311653137 0.2030719369649887 0.7042742371559143
v 0.2335214763879776 0.20016822218894958 0.6949341297149658
v 0.23058758676052094 0.17325927317142487 0.6045464277267456
v 0.2573651075363159 0.17219041287899017 0.6021063923835754
v 0.28647714853286743 0.16699865460395813 0.5940711498260498
v 0.4002668261528015 0.21769407391548157 0.7536934018135071
v 0.4314568340778351 0.21647334098815918 0.7459274530410767
v -0.4985034763813019 0.24278727173805237 0.8403573036193848
v -0.45969703793525696 0.24422001838684082 0.8439686298370361
v -0.42882031202316284 0.2486429661512375 0.8591262698173523
v -0.3837352693080902 0.24622270464897156 0.8513381481170654
v -0.33402490615844727 0.23994080722332 0.8302129507064819
v -0.28948795795440674 0.23572607338428497 0.8149632215499878
v -0.2482070028781891 0.2325769066810608 0.801397442817688
v -0.20961624383926392 0.22980794310569763 0.7906839847564697
v -0.17160442471504211 0.22765038907527924 0.7825706601142883
v -0.1334763467311859 0.22494688630104065 0.7731561064720154
v -0.09675508737564087 0.2212340533733368 0.7633795142173767
v -0.056984756141901016 0.20842240750789642 0.7158815860748291
v -0.021921833977103233 0.20197175443172455 0.6926746368408203
v 0.014177790842950344 0.215134397149086 0.7424266338348389
v 0.045561905950307846 0.21497748792171478 0.742955207824707
v 0.06607438623905182 0.1752748340368271 0.6026435494422913
v 0.0915578305721283 0.17416957020759583 0.5997971296310425
v 0.11428549140691757 0.16457319259643555 0.5709339380264282
v 0.17532460391521454 0.2027060091495514 0.7001029253005981
v 0.20857839286327362 0.204180508852005 0.7029388546943665
v 0.2359829545021057 0.20126774907112122 0.6939709186553955
v 0.23362997174263 0.17468059062957764 0.6039398908615112
v 0.260651558637619 0.17358477413654327 0.6028409004211426
v 0.28974321484565735 0.16744905710220337 0.5909103155136108
v 0.4021742045879364 0.2186780422925949 0.7502644658088684
v 0.4331663250923157 0.21732698380947113 0.7427800893783569
v -0.49416953325271606 0.24419443309307098 0.8395508527755737
v -0.4540860950946808 0.24545368552207947 0.8414932489395142
v -0.4218456447124481 0.24958008527755737 0.8541474938392639
v -0.37767288088798523 0.2471165657043457 0.8470593690872192
v -0.32862409949302673 0.24076712131500244 0.826514482498169
v -0.28445062041282654 0.23670774698257446 0.8116265535354614
v -0.24383310973644257 0.23360282182693481 0.7983564734458923
v -0.20522089302539825 0.23077425360679626 0.7879596948623657
v -0.16738271713256836 0.2286648005247116 0.7797057032585144
v -0.12933331727981567 0.22576121985912323 0.7701206803321838
v -0.09321645647287369 0.22203974425792694 0.7600743770599365
v -0.05300585553050041 0.2083616703748703 0.71077561378479
v -0.01921275071799755 0.20336517691612244 0.6922944784164429
v 0.017054038122296333 0.21618512272834778 0.741459310054779
v 0.04886917024850845 0.2161882221698761 0.7402716279029846
v 0.06879342347383499 0.17666985094547272 0.6022752523422241
v 0.09370298683643341 0.17527152597904205 0.598902702331543
v 0.11688301712274551 0.16631630063056946 0.5704882144927979
v 0.18095222115516663 0.20594888925552368 0.7051228284835815
v 0.21109838783740997 0.20515669882297516 0.7012408375740051
v 0.2383933961391449 0.20227459073066711 0.6929875612258911
v 0.23642317950725555 0.17581753432750702 0.6037145853042603
v 0.26328733563423157 0.17543837428092957 0.6016172170639038
v 0.29313042759895325 0.16831070184707642 0.587203323841095
v 0.40408170223236084 0.21964065730571747 0.7470232844352722
v 0.43487659096717834 0.21824155747890472 0.7396652698516846
v -0.4891343414783478 0.2454681545495987 0.8378676772117615
v -0.45034104585647583 0.2471841275691986 0.841785192489624
v -0.4155178666114807 0.2505238950252533 0.8504713177680969
v -0.3716561496257782 0.24795053899288177 0.8427948355674744
v -0.3232519328594208 0.24161803722381592 0.8228548169136047
v -0.27953094244003296 0.23768624663352966 0.8082966804504395
v -0.23954547941684723 0.23461957275867462 0.7953280210494995
v -0.20083147287368774 0.2317248284816742 0.7852214574813843
v -0.16315984725952148 0.2296639233827591 0.7767921090126038
v -0.12522278726100922 0.22656144201755524 0.7671419382095337
v -0.08972085267305374 0.22231467068195343 0.755049467086792
v -0.047299858182668686 0.207551509141922 0.7013653516769409
v -0.01643276959657669 0.20497940480709076 0.6922183036804199
v 0.020087525248527527 0.217219278216362 0.7403618097305298
v 0.052285391837358475 0.2172626405954361 0.7371957898139954
v 0.07165899127721786 0.17788416147232056 0.6023457050323486
v 0.09558578580617905 0.17598384618759155 0.5964393615722656
v 0.11939548701047897 0.16786490380764008 0.5702286958694458
v 0.18476629257202148 0.20712962746620178 0.704798698425293
v 0.2135441154241562 0.20612666010856628 0.699321985244751
v 0.24087601900100708 0.20327644050121307 0.6919551491737366
v 0.2390330731868744 0.17690697312355042 0.6034209132194519
v 0.26566165685653687 0.17633236944675446 0.6009683609008789
v 0.36957472562789917 0.21647503972053528 0.7463866472244263
v 0.40598922967910767 0.22050294280052185 0.7438705563545227
v 0.43637940287590027 0.21918123960494995 0.7365835309028625
v -0.4835958778858185 0.24669156968593597 0.8356185555458069
v -0.44760435819625854 0.24927428364753723 0.8437632322311401
v -0.4100736677646637 0.25158751010894775 0.8475955724716187
v -0.36575302481651306 0.24873587489128113 0.838621973991394
v -0.3179113566875458 0.24249796569347382 0.8192422986030579
v -0.2746688723564148 0.2386547327041626 0.8050321936607361
v -0.23508165776729584 0.23562319576740265 0.792370080947876
v -0.19646291434764862 0.2326706051826477 0.7824851274490356
v -0.1589425951242447 0.2306290864944458 0.7738586664199829
v -0.12117666006088257 0.22736497223377228 0.7642530202865601
v -0.07560669630765915 0.20577958226203918 0.6884818077087402
v -0.041856080293655396 0.20680373907089233 0.6924466490745544
v -0.013511198572814465 0.20679916441440582 0.6926986575126648
v 0.023316621780395508 0.2182510495185852 0.7391888499259949
v 0.05595429241657257 0.2182728797197342 0.7333965301513672
v 0.07424923777580261 0.17928007245063782 0.6022372245788574
v 0.09754571318626404 0.17136524617671967 0.5736740827560425
v 0.1219390481710434 0.16923919320106506 0.5698966979980469
v 0.1876814067363739 0.20798180997371674 0.7035398483276367
v 0.21592219173908234 0.2070191502571106 0.6972626447677612
v 0.24307024478912354 0.20424234867095947 0.6907147765159607
v 0.24159757792949677 0.178054079413414 0.6031851768493652
v 0.26810574531555176 0.17723867297172546 0.6002243757247925
v 0.37402692437171936 0.21999675035476685 0.7453193664550781
v 0.40776750445365906 0.22129927575588226 0.7408281564712524
v 0.4377087652683258 0.2201124131679535 0.7336127758026123
v -0.4780269265174866 0.24788646399974823 0.8332613706588745
v -0.4448429346084595 0.25141048431396484 0.8460456728935242
v -0.4049271047115326 0.25275954604148865 0.8451822996139526
v -0.35994619131088257 0.24948769807815552 0.8345334529876709
v -0.3126286268234253 0.2433951050043106 0.8156470060348511
v -0.2698320746421814 0.23961782455444336 0.8018235564231873
v -0.2305012345314026 0.23661085963249207 0.7894642353057861
v -0.19212378561496735 0.23364080488681793 0.7797243595123291
v -0.15474319458007812 0.23156115412712097 0.77093505859375
v -0.11720945686101913 0.2281813770532608 0.7613874673843384
v -0.07146293669939041 0.20814433693885803 0.6889333724975586
v -0.03896374627947807 0.20770874619483948 0.6898785829544067
v -0.010359778068959713 0.20883846282958984 0.6939094066619873
v 0.026541925966739655 0.2192688137292862 0.737667441368103
v 0.0591772086918354 0.21853846311569214 0.7290307283401489
v 0.07676801085472107 0.1806337833404541 0.6020879745483398
v 0.09958471357822418 0.17215266823768616 0.5707004070281982
v 0.12445591390132904 0.1705176830291748 0.5695750713348389
v 0.19016288220882416 0.20899394154548645 0.7019567489624023
v 0.21841831505298615 0.2079029530286789 0.6953303813934326
v 0.24520038068294525 0.20529571175575256 0.6887046098709106
v 0.24439650774002075 0.17928951978683472 0.602783203125
v 0.2701040208339691 0.17841267585754395 0.599018931388855
v 0.3759138286113739 0.22183683514595032 0.7424103617668152
v 0.40945303440093994 0.22211724519729614 0.7377354502677917
v 0.43905675411224365 0.22117039561271667 0.7305837869644165
v -0.47250378131866455 0.2491326928138733 0.8304387331008911
v -0.4415157437324524 0.25333163142204285 0.8470237851142883
v -0.4000703990459442 0.2540372312068939 0.8431415557861328
v -0.35417044162750244 0.2502356469631195 0.8305094242095947
v -0.30744805932044983 0.24429133534431458 0.8120962381362915
v -0.26505327224731445 0.24060127139091492 0.798673689365387
v -0.2260068953037262 0.2375611662864685 0.7865474224090576
v -0.18782545626163483 0.23462238907814026 0.7769347429275513
v -0.15053711831569672 0.23245854675769806 0.7680502533912659
v -0.11331982910633087 0.2290060967206955 0.7585881352424622
v -0.06834457069635391 0.21096070110797882 0.6912600994110107
v -0.036067258566617966 0.20866341888904572 0.6876361966133118
v -0.007004495710134506 0.2115384042263031 0.6969243884086609
v 0.02966058813035488 0.22033333778381348 0.7356710433959961
v 0.06272588670253754 0.21817131340503693 0.7211720943450928
v 0.07920271158218384 0.18193717300891876 0.6018214225769043
v 0.10201483964920044 0.17347243428230286 0.5703500509262085
v 0.12693946063518524 0.1717584878206253 0.5690852403640747
v 0.1925288289785385 0.21014118194580078 0.7003891468048096
v 0.2209668606519699 0.20879992842674255 0.6936184167861938
v 0.21612021327018738 0.18148694932460785 0.6076326370239258
v 0.24675621092319489 0.1804201602935791 0.6023249626159668
v 0.27146634459495544 0.17940200865268707 0.5970542430877686
v 0.37834444642066956 0.22316883504390717 0.7396253347396851
v 0.410984605550766 0.2229386270046234 0.7346513271331787
v 0.442006915807724 0.22269871830940247 0.7266496419906616
v -0.4669380486011505 0.2504314184188843 0.8273619413375854
v -0.4367397129535675 0.2548844516277313 0.844834566116333
v -0.3952130675315857 0.2553630769252777 0.8413316011428833
v -0.3484325408935547 0.25096604228019714 0.8265158534049988
v -0.3023560047149658 0.2451721429824829 0.8086450695991516
v -0.2603578567504883 0.24158495664596558 0.7955970764160156
v -0.22159084677696228 0.23848474025726318 0.7836250066757202
v -0.18355874717235565 0.23561610281467438 0.7741281390190125
v -0.14633283019065857 0.23332750797271729 0.7651716470718384
v -0.1095026358962059 0.22979342937469482 0.7558291554450989
v -0.0658489465713501 0.2137129157781601 0.6940386295318604
v -0.03325572609901428 0.209608793258667 0.685357928276062
v 0.0004859555047005415 0.2196984440088272 0.7213975191116333
v 0.032795313745737076 0.2214919775724411 0.733309268951416
v 0.053861506283283234 0.1840270608663559 0.6035882830619812
v 0.08157770335674286 0.1831234246492386 0.6014077663421631
v 0.10443732887506485 0.1748054325580597 0.5704449415206909
v 0.12932677567005157 0.17301331460475922 0.5685253143310547
v 0.19497984647750854 0.2112545371055603 0.6986345648765564
v 0.22348956763744354 0.209764301776886 0.6920644640922546
v 0.220355823636055 0.18276447057724 0.605685830116272
v 0.2490578144788742 0.18155927956104279 0.6018654108047485
v 0.25162273645401 0.15660151839256287 0.5476341247558594
v 0.3806011378765106 0.22441858053207397 0.7367470860481262
v 0.41243693232536316 0.2237442135810852 0.7316619753837585
v -0.5034959316253662 0.25176864862442017 0.8228273391723633
v -0.4613938629627228 0.2516687512397766 0.8245958089828491
v -0.43098214268684387 0.25622040033340454 0.8413882255554199
v -0.3903910219669342 0.25672972202301025 0.8394953012466431
v -0.34275609254837036 0.2516859769821167 0.8225312829017639
v -0.2972973883152008 0.24608267843723297 0.8052377104759216
v -0.25574174523353577 0.24253913760185242 0.7925591468811035
v -0.2172239124774933 0.23939834535121918 0.7807308435440063
v -0.17933546006679535 0.2366051822900772 0.7713161706924438
v -0.14217884838581085 0.23416374623775482 0.7623258829116821
v -0.10575830191373825 0.23056183755397797 0.7530606985092163
v -0.062020525336265564 0.21491174399852753 0.6920966506004333
v -0.030360864475369453 0.21073436737060547 0.6841752529144287
v 0.00409938907250762 0.2215370088815689 0.725489616394043
v 0.03607612103223801 0.22269529104232788 0.7307370901107788
v 0.058110110461711884 0.18570853769779205 0.6051920652389526
v 0.08393906056880951 0.1841840296983719 0.6009272933006287
v 0.10693909972906113 0.17603866755962372 0.5705221891403198
v 0.13203123211860657 0.17437976598739624 0.5677846670150757
v 0.19761820137500763 0.21234926581382751 0.6968479156494141
v 0.22597745060920715 0.2107553631067276 0.6906435489654541
v 0.22404269874095917 0.18405365943908691 0.604131817817688
v 0.25141122937202454 0.1828058362007141 0.6011584997177124
v 0.252238005399704 0.15587292611598969 0.5415518283843994
v 0.3827785551548004 0.22558297216892242 0.7340922355651855
v 0.4139491021633148 0.2245570421218872 0.7287243604660034
v -0.4962604343891144 0.25230953097343445 0.8224366903305054
v -0.4562200605869293 0.25292137265205383 0.8224672675132751
v -0.42518070340156555 0.2574531137943268 0.8385663032531738
v -0.3855617344379425 0.25807318091392517 0.8376398682594299
v -0.33721548318862915 0.2523871064186096 0.8186377286911011
v -0.29227757453918457 0.24701319634914398 0.8019188046455383
v -0.251213401556015 0.24349497258663177 0.7895602583885193
v -0.21290704607963562 0.24032126367092133 0.7778458595275879
v -0.17515908181667328 0.23757554590702057 0.7684693336486816
v -0.13805937767028809 0.23495057225227356 0.75953209400177
v -0.10212241113185883 0.23133766651153564 0.7502893805503845
v -0.05841992795467377 0.21491344273090363 0.688539445400238
v -0.027520421892404556 0.21223703026771545 0.684628963470459
v 0.007214994635432959 0.22299796342849731 0.7249605655670166
v 0.03934886306524277 0.22385792434215546 0.7278446555137634
v 0.060791198164224625 0.1866447627544403 0.60188889503479
v 0.08612823486328125 0.1852552443742752 0.6004241704940796
v 0.10944228619337082 0.17726631462574005 0.5704822540283203
v 0.1352587193250656 0.17589151859283447 0.5675517320632935
v 0.20015954971313477 0.21346481144428253 0.6951422691345215
v 0.2285001277923584 0.2118077427148819 0.6893919706344604
v 0.2274196594953537 0.18512172996997833 0.6027898788452148
v 0.25379085540771484 0.18417760729789734 0.600358784198761
v 0.25389692187309265 0.1566792130470276 0.5379304885864258
v 0.38492706418037415 0.2267318218946457 0.7316697835922241
v 0.415612131357193 0.2254161387681961 0.7259594202041626
v -0.48925963044166565 0.2529771327972412 0.8173854351043701
v -0.4514738619327545 0.25420162081718445 0.8209957480430603
v -0.4197447597980499 0.25855129957199097 0.8362289667129517
v -0.380659818649292 0.25930747389793396 0.8355127573013306
v -0.3318023681640625 0.2530968189239502 0.8148403763771057
v -0.2873292565345764 0.24795207381248474 0.7987139821052551
v -0.24680021405220032 0.24444015324115753 0.7866287231445312
v -0.20861127972602844 0.24122850596904755 0.7749722003936768
v -0.1710129827260971 0.23853343725204468 0.7656068205833435
v -0.13397105038166046 0.2357088327407837 0.7567881345748901
v -0.09854578226804733 0.23204857110977173 0.7475240230560303
v -0.055023178458213806 0.2154364436864853 0.6862168312072754
v -0.02407284453511238 0.21543359756469727 0.6880024671554565
v 0.01022198423743248 0.22442218661308289 0.7231853008270264
v 0.042500853538513184 0.22491712868213654 0.7249727249145508
v 0.06370902061462402 0.18744207918643951 0.6003189086914062
v 0.08816444873809814 0.18641261756420135 0.5998830795288086
v 0.11189860105514526 0.17846037447452545 0.5704129338264465
v 0.16864153742790222 0.21304354071617126 0.6954029202461243
v 0.202610045671463 0.2146073430776596 0.6934719681739807
v 0.23103000223636627 0.212858185172081 0.6882830262184143
v 0.23037153482437134 0.18616919219493866 0.6016864776611328
v 0.25599536299705505 0.18522466719150543 0.5995684862136841
v 0.25619420409202576 0.15971988439559937 0.5359011292457581
v 0.38719338178634644 0.22782990336418152 0.7293905019760132
v 0.41741615533828735 0.22622554004192352 0.7232974767684937
v -0.4805205762386322 0.25373703241348267 0.8100779056549072
v -0.44707760214805603 0.25554215908050537 0.8201783299446106
v -0.4145091474056244 0.2595667541027069 0.833909273147583
v -0.3754102885723114 0.2604028284549713 0.8324388861656189
v -0.32647794485092163 0.25384196639060974 0.8110983371734619
v -0.2825014591217041 0.24888277053833008 0.7955970764160156
v -0.2424677163362503 0.24537867307662964 0.7836974859237671
v -0.20432913303375244 0.24210967123508453 0.772092342376709
v -0.16691386699676514 0.2394576221704483 0.7627440690994263
v -0.12993097305297852 0.23644663393497467 0.7540743350982666
v -0.09508392214775085 0.23269782960414886 0.744935154914856
v -0.05170375108718872 0.21627390384674072 0.684627890586853
v -0.021018268540501595 0.21801938116550446 0.6905995607376099
v 0.012975051067769527 0.22562187910079956 0.7203246355056763
v 0.045592039823532104 0.22597429156303406 0.7222286462783813
v 0.06641440838575363 0.1886783242225647 0.5994718074798584
v 0.09022686630487442 0.18728840351104736 0.599005401134491
v 0.11430824548006058 0.17963188886642456 0.5702964067459106
v 0.1741967499256134 0.2156783789396286 0.6964660882949829
v 0.20504982769489288 0.2156975120306015 0.6918116807937622
v 0.23353509604930878 0.21390768885612488 0.6871356964111328
v 0.23285281658172607 0.18730080127716064 0.6008834838867188
v 0.2322675883769989 0.16556988656520844 0.5433586835861206
v 0.2588575780391693 0.1623259037733078 0.5358943939208984
v 0.3894493281841278 0.22871235013008118 0.7270352840423584
v 0.419431209564209 0.22701750695705414 0.7207458019256592
v -0.47305333614349365 0.2545100748538971 0.8046433329582214
v -0.44292575120925903 0.2569476366043091 0.8197296857833862
v -0.40936601161956787 0.2606401741504669 0.8314077854156494
v -0.3697539269924164 0.261276513338089 0.8286959528923035
v -0.3211970329284668 0.25460800528526306 0.8074445724487305
v -0.27771633863449097 0.24980388581752777 0.7925000190734863
v -0.2382226437330246 0.2463235706090927 0.780750572681427
v -0.20003542304039001 0.2429778128862381 0.7691695690155029
v -0.162843719124794 0.24036818742752075 0.7599126100540161
v -0.12596704065799713 0.23715537786483765 0.7513947486877441
v -0.09182168543338776 0.23297633230686188 0.7419191598892212
v -0.04831789433956146 0.21715497970581055 0.6830476522445679
v -0.018223222345113754 0.22038722038269043 0.6920877695083618
v 0.015461033210158348 0.22650592029094696 0.7157509326934814
v 0.048655662685632706 0.22693651914596558 0.7197718620300293
v 0.06903913617134094 0.18984317779541016 0.5990068316459656
v 0.0915447324514389 0.1820017248392105 0.5687367916107178
v 0.11670180410146713 0.18087781965732574 0.5701612234115601
v 0.17810600996017456 0.2172253131866455 0.6955355405807495
v 0.20755229890346527 0.21672357618808746 0.690212070941925
v 0.23600725829601288 0.21494638919830322 0.6860660314559937
v 0.23510070145130157 0.18836583197116852 0.6001238822937012
v 0.23260505497455597 0.16451680660247803 0.538565993309021
v 0.2617872953414917 0.16600702702999115 0.5381919145584106
v 0.3916187584400177 0.22958579659461975 0.7247292995452881
v 0.4214143455028534 0.22785599529743195 0.7182994484901428
v -0.468210905790329 0.25569385290145874 0.8031909465789795
v -0.4387502670288086 0.2583903968334198 0.8190872073173523
v -0.40431222319602966 0.26177453994750977 0.8288155198097229
v -0.36394914984703064 0.2620217800140381 0.8246637582778931
v -0.31597182154655457 0.25537508726119995 0.8038443922996521
v -0.27293330430984497 0.25071829557418823 0.7894147634506226
v -0.23402272164821625 0.2472655028104782 0.7777681946754456
v -0.1957380473613739 0.24384383857250214 0.7662179470062256
v -0.15878000855445862 0.24125614762306213 0.7571249604225159
v -0.1221228837966919 0.2378198504447937 0.7488275766372681
v -0.07801512628793716 0.22116832435131073 0.6863352060317993
v -0.04504819214344025 0.21793432533740997 0.6813279390335083
v -0.015126132406294346 0.22288085520267487 0.6938135027885437
v 0.018065469339489937 0.22678284347057343 0.7064142227172852
v 0.051658615469932556 0.22781628370285034 0.7175096869468689
v 0.07154407352209091 0.1911344677209854 0.5989304780960083
v 0.0942877009510994 0.18277126550674438 0.5686932802200317
v 0.11910020560026169 0.18211336433887482 0.5699688196182251
v 0.18144047260284424 0.21864518523216248 0.6944526433944702
v 0.2100982517004013 0.21779009699821472 0.6887161731719971
v 0.23842096328735352 0.21592842042446136 0.6851105690002441
v 0.23736035823822021 0.1893053650856018 0.5993797183036804
v 0.23621146380901337 0.1661880910396576 0.5378886461257935
v 0.34668874740600586 0.22467844188213348 0.7092629671096802
v 0.39365851879119873 0.23039071261882782 0.7222982048988342
v 0.4231668710708618 0.2286437749862671 0.715927243232727
v -0.46518510580062866 0.25730907917022705 0.8043574094772339
v -0.43406108021736145 0.2598399817943573 0.8180581331253052
v -0.3990519344806671 0.2629826068878174 0.8260066509246826
v -0.35817334055900574 0.26272526383399963 0.8205804228782654
v -0.3108174502849579 0.2561725378036499 0.8003585338592529
v -0.2682096064090729 0.25160977244377136 0.7863650321960449
v -0.22950439155101776 0.24819554388523102 0.7748662233352661
v -0.19146861135959625 0.24471406638622284 0.7633183002471924
v -0.15470950305461884 0.2421172559261322 0.7543467283248901
v -0.11834259331226349 0.2384999543428421 0.7463340759277344
v -0.0742393285036087 0.22032049298286438 0.6822630167007446
v -0.042002737522125244 0.2187708020210266 0.6797491312026978
v -0.01133990939706564 0.22576937079429626 0.6969232559204102
v 0.02130718156695366 0.2271837741136551 0.7036318778991699
v 0.0546538308262825 0.2287391871213913 0.7152035236358643
v 0.07411433011293411 0.19251644611358643 0.5992137789726257
v 0.09689339250326157 0.18416032195091248 0.5689026117324829
v 0.12145092338323593 0.18327336013317108 0.5696927309036255
v 0.18430203199386597 0.2198726236820221 0.6930153369903564
v 0.21272659301757812 0.21888108551502228 0.6874043345451355
v 0.2406332790851593 0.21704640984535217 0.683832049369812
v 0.2398010939359665 0.1905534565448761 0.5992039442062378
v 0.23891179263591766 0.1682085543870926 0.5367396473884583
v 0.3545156419277191 0.22751371562480927 0.7139620780944824
v 0.3954748809337616 0.2311437577009201 0.7197773456573486
v 0.42493677139282227 0.229363813996315 0.7136682271957397
v -0.46168768405914307 0.2587334215641022 0.8047975897789001
v -0.42883461713790894 0.2612946331501007 0.8164684772491455
v -0.39368170499801636 0.26420602202415466 0.8229712843894958
v -0.35244110226631165 0.26340556144714355 0.8164532780647278
v -0.3057270646095276 0.25699156522750854 0.7969557046890259
v -0.26355698704719543 0.2524992525577545 0.783367931842804
v -0.22505104541778564 0.24911905825138092 0.7719459533691406
v -0.18723618984222412 0.24557572603225708 0.7604237794876099
v -0.15061816573143005 0.2429550737142563 0.7516074180603027
v -0.11456198245286942 0.2391599416732788 0.743995189666748
v -0.07070191949605942 0.2211979776620865 0.6809412240982056
v -0.03914790228009224 0.21976996958255768 0.6784580945968628
v -0.006941170897334814 0.22903382778167725 0.7022744417190552
v 0.024362001568078995 0.2279629111289978 0.702099621295929
v 0.05770942568778992 0.22957538068294525 0.7126628756523132
v 0.07639522105455399 0.1936590075492859 0.5993516445159912
v 0.09933385998010635 0.18553519248962402 0.5691133141517639
v 0.12378613650798798 0.18439044058322906 0.569293737411499
v 0.18685674667358398 0.22098250687122345 0.6914528608322144
v 0.21532903611660004 0.21992920339107513 0.6860827803611755
v 0.24289724230766296 0.21820852160453796 0.6821183562278748
v 0.24208222329616547 0.191468745470047 0.5988525152206421
v 0.24103733897209167 0.16969415545463562 0.5356169939041138
v 0.35845962166786194 0.22955305874347687 0.7133607864379883
v 0.3972660303115845 0.23191921412944794 0.7172437310218811
v 0.42688044905662537 0.23024138808250427 0.7114216089248657
v -0.4575032591819763 0.2599181830883026 0.8039369583129883
v -0.4234180450439453 0.26255249977111816 0.8137296438217163
v -0.3882305920124054 0.26545003056526184 0.8196772336959839
v -0.34680014848709106 0.2640784978866577 0.8124223947525024
v -0.30066537857055664 0.2578124403953552 0.7935444116592407
v -0.2589632570743561 0.25338688492774963 0.7803948521614075
v -0.2206825166940689 0.2500402331352234 0.7690085768699646
v -0.18305666744709015 0.246440589427948 0.7575734853744507
v -0.1465575098991394 0.24375814199447632 0.7489162683486938
v -0.11083128303289413 0.2397320419549942 0.7416673302650452
v -0.06743676215410233 0.22254785895347595 0.6800441145896912
v -0.036366794258356094 0.22089412808418274 0.6775904893875122
v -0.0029652242083102465 0.23144210875034332 0.7051993608474731
v 0.027654943987727165 0.22899958491325378 0.7012808322906494
v 0.06085462495684624 0.23014943301677704 0.7101752758026123
v 0.07857073843479156 0.1947525143623352 0.5992715358734131
v 0.10170061141252518 0.18681026995182037 0.5694106817245483
v 0.12623929977416992 0.1855987161397934 0.56852126121521
v 0.18928790092468262 0.22213298082351685 0.6897358894348145
v 0.21791483461856842 0.22095122933387756 0.6847120523452759
v 0.24394439160823822 0.21809430420398712 0.6778082847595215
v 0.24423307180404663 0.19235481321811676 0.5984669923782349
v 0.2430914342403412 0.17098358273506165 0.5345615744590759
v 0.36191099882125854 0.23173297941684723 0.7119373083114624
v 0.399046927690506 0.2326696217060089 0.7148357629776001
v 0.4302893877029419 0.23172079026699066 0.708438515663147
v -0.45301520824432373 0.26100388169288635 0.8025069236755371
v -0.4177846610546112 0.26377585530281067 0.8101456761360168
v -0.3829614222049713 0.2667568624019623 0.8167315721511841
v -0.3412223160266876 0.2647578716278076 0.8084842562675476
v -0.2956051528453827 0.25860971212387085 0.7901929020881653
v -0.25444963574409485 0.25428658723831177 0.7774590253829956
v -0.2163766771554947 0.2509371042251587 0.7660492062568665
v -0.17893244326114655 0.24731551110744476 0.7547709941864014
v -0.14256466925144196 0.2445349097251892 0.7463034987449646
v -0.10722926259040833 0.24021853506565094 0.7391270399093628
v -0.06433140486478806 0.22383974492549896 0.6794344186782837
v -0.03350931778550148 0.22227908670902252 0.6772202849388123
v 0.00010108713468071073 0.23283439874649048 0.7057369351387024
v 0.031129494309425354 0.23043566942214966 0.7020362019538879
v 0.06448261439800262 0.23106198012828827 0.7075836658477783
v 0.08067144453525543 0.19574280083179474 0.5989534854888916
v 0.10410275310277939 0.18811990320682526 0.5696969032287598
v 0.12893201410770416 0.18707586824893951 0.5689027309417725
v 0.19160324335098267 0.22323423624038696 0.68800950050354
v 0.220394566655159 0.22190579771995544 0.6832647323608398
v 0.22342227399349213 0.19670401513576508 0.6086675524711609
v 0.24622662365436554 0.1931520253419876 0.597865641117096
v 0.2450345754623413 0.1722269356250763 0.5336382985115051
v 0.36534377932548523 0.23375190794467926 0.7122541069984436
v 0.40082117915153503 0.2335192859172821 0.7124419212341309
v -0.4850866496562958 0.2609964907169342 0.7936906218528748
v -0.44830992817878723 0.26210978627204895 0.8008049726486206
v -0.41221383213996887 0.2649233043193817 0.8070289492607117
v -0.37799763679504395 0.26809248328208923 0.8141123056411743
v -0.3357313275337219 0.2654564082622528 0.8045938611030579
v -0.29064851999282837 0.2594078481197357 0.7869439125061035
v -0.2500074505805969 0.25521060824394226 0.774528980255127
v -0.21210332214832306 0.2518077790737152 0.7630884647369385
v -0.1748737096786499 0.2481914907693863 0.7519893646240234
v -0.13864409923553467 0.2452724277973175 0.743742823600769
v -0.10350888222455978 0.240933358669281 0.7358824014663696
v -0.061332497745752335 0.22510941326618195 0.6789340376853943
v -0.030661240220069885 0.2243451476097107 0.6783120036125183
v 0.002715339185670018 0.2340306043624878 0.705398440361023
v 0.03549538552761078 0.23348234593868256 0.7057318687438965
v 0.06851095706224442 0.23181597888469696 0.7027589082717896
v 0.08265117555856705 0.19667205214500427 0.5984914302825928
v 0.10661979764699936 0.18953543901443481 0.5700445175170898
v 0.13107599318027496 0.1889820545911789 0.5732802748680115
v 0.19385945796966553 0.22415544092655182 0.6861857175827026
v 0.22275684773921967 0.22281092405319214 0.6817299127578735
v 0.22634398937225342 0.19796834886074066 0.6068954467773438
v 0.24804984033107758 0.19381505250930786 0.597012996673584
v 0.24685989320278168 0.17324687540531158 0.5326752662658691
v 0.3683145046234131 0.23523825407028198 0.7113375663757324
v 0.402688205242157 0.2343294620513916 0.710106372833252
v -0.4774867296218872 0.2617223262786865 0.7928690910339355
v -0.4430755078792572 0.2631451487541199 0.7980332970619202
v -0.40698206424713135 0.2660115361213684 0.8045526742935181
v -0.3732295334339142 0.2694534361362457 0.8119195699691772
v -0.3303408920764923 0.2661551237106323 0.8008401393890381
v -0.2858372628688812 0.2602347433567047 0.7838174104690552
v -0.24562634527683258 0.25613099336624146 0.7715910077095032
v -0.2078663408756256 0.25265035033226013 0.7601269483566284
v -0.17085111141204834 0.2490629404783249 0.7492260932922363
v -0.13484607636928558 0.24596333503723145 0.7411620616912842
v -0.0991075187921524 0.2408612072467804 0.7276816368103027
v -0.05834007263183594 0.22629031538963318 0.6787633299827576
v -0.02663153037428856 0.2279447764158249 0.6845394372940063
v 0.0054374332539737225 0.23519058525562286 0.7045389413833618
v 0.03855692967772484 0.23438136279582977 0.7052348852157593
v 0.07007608562707901 0.22575223445892334 0.6764358282089233
v 0.08458737283945084 0.19761264324188232 0.5978589653968811
v 0.10921604186296463 0.1910780668258667 0.5703091621398926
v 0.1347811371088028 0.19169272482395172 0.5757302045822144
v 0.1962687224149704 0.22515366971492767 0.6844678521156311
v 0.22506321966648102 0.22369344532489777 0.6800131797790527
v 0.22883358597755432 0.19924570620059967 0.606244683265686
v 0.24941854178905487 0.1943207085132599 0.5949239134788513
v 0.24865694344043732 0.17436423897743225 0.5315845012664795
v 0.37108153104782104 0.2363782674074173 0.7097858190536499
v 0.4047084152698517 0.23519739508628845 0.707788348197937
v -0.4721742570400238 0.2626449763774872 0.7910606861114502
v -0.4360710680484772 0.2638711631298065 0.7929748892784119
v -0.4019545912742615 0.26711997389793396 0.8019934892654419
v -0.3686858117580414 0.27078595757484436 0.8101190328598022
v -0.32506340742111206 0.26686328649520874 0.7972440719604492
v -0.2810947299003601 0.2610876262187958 0.7807810306549072
v -0.24131061136722565 0.2570544183254242 0.7686219215393066
v -0.20364627242088318 0.2534683346748352 0.7571505904197693
v -0.16684019565582275 0.2499176263809204 0.7464654445648193
v -0.13113614916801453 0.24666500091552734 0.7385987639427185
v -0.09414941817522049 0.24010226130485535 0.7169582843780518
v -0.05534077808260918 0.22744956612586975 0.6788403987884521
v -0.023447459563612938 0.2297505885362625 0.6868609189987183
v 0.008353892713785172 0.23625637590885162 0.7034118175506592
v 0.04155005142092705 0.23509177565574646 0.703487753868103
v 0.06236825883388519 0.2009332776069641 0.5974575877189636
v 0.08654043823480606 0.1985492706298828 0.5965898036956787
v 0.11171666532754898 0.19236859679222107 0.5704474449157715
v 0.16304950416088104 0.22286149859428406 0.6695472002029419
v 0.19889681041240692 0.22613365948200226 0.6828577518463135
v 0.2272612750530243 0.22452707588672638 0.6781116724014282
v 0.23261334002017975 0.20040716230869293 0.6047371029853821
v 0.24951477348804474 0.19373805820941925 0.5885186195373535
v 0.2503899931907654 0.17558299005031586 0.5303739905357361
v 0.37401431798934937 0.23757992684841156 0.7081859111785889
v 0.4067966341972351 0.23601117730140686 0.7054306268692017
v -0.46748894453048706 0.2636570632457733 0.7892197966575623
v -0.428212434053421 0.26424792408943176 0.7867454290390015
v -0.3968210816383362 0.26826366782188416 0.7995185852050781
v -0.3641681969165802 0.2721608877182007 0.8086450099945068
v -0.3198755383491516 0.267592191696167 0.7937811017036438
v -0.27636095881462097 0.26193228363990784 0.7777358889579773
v -0.2370627224445343 0.2579576373100281 0.7656475305557251
v -0.19944067299365997 0.2542567849159241 0.754142701625824
v -0.16283196210861206 0.2507530152797699 0.7437218427658081
v -0.1276208758354187 0.24738182127475739 0.7359941601753235
v -0.0904817059636116 0.240703284740448 0.7116720676422119
v -0.05222397297620773 0.22898778319358826 0.6787991523742676
v -0.020622890442609787 0.231233611702919 0.6873993873596191
v 0.011437713168561459 0.23722775280475616 0.7019768953323364
v 0.04451850429177284 0.23594334721565247 0.7014046907424927
v 0.06476527452468872 0.2011614739894867 0.5948684811592102
v 0.08957009017467499 0.1942141056060791 0.5699269771575928
v 0.11421182006597519 0.19362695515155792 0.5705066323280334
v 0.16988231241703033 0.22781474888324738 0.6831063032150269
v 0.2015986442565918 0.22709190845489502 0.6810848712921143
v 0.2294483780860901 0.22527852654457092 0.6761000156402588
v 0.23453158140182495 0.20081454515457153 0.604130744934082
v 0.23348188400268555 0.18036963045597076 0.5393504500389099
v 0.2522166967391968 0.1768638789653778 0.5291235446929932
v 0.3767120838165283 0.2388370782136917 0.7064687013626099
v 0.4088573157787323 0.23676419258117676 0.7028723955154419
v -0.4633711874485016 0.26470112800598145 0.7879380583763123
v -0.4224804639816284 0.2649426758289337 0.7835999727249146
v -0.3917331099510193 0.26943835616111755 0.7974222302436829
v -0.3596061170101166 0.2733815908432007 0.8068037629127502
v -0.31476467847824097 0.2683456242084503 0.7904618978500366
v -0.27162012457847595 0.2627588212490082 0.7746155261993408
v -0.2329205870628357 0.2588582932949066 0.7626940011978149
v -0.1952531784772873 0.25500550866127014 0.7511091232299805
v -0.15884597599506378 0.25157028436660767 0.7410099506378174
v -0.12428045272827148 0.24758793413639069 0.7327084541320801
v -0.08756081759929657 0.2419232279062271 0.7092468738555908
v -0.04901345446705818 0.23084062337875366 0.6791681051254272
v -0.01766235940158367 0.2330475151538849 0.6878248453140259
v 0.014624064788222313 0.23820587992668152 0.7003070116043091
v 0.047483354806900024 0.23664118349552155 0.6990089416503906
v 0.06900434195995331 0.201780766248703 0.5952116847038269
v 0.09206420183181763 0.19460894167423248 0.5683573484420776
v 0.116689033806324 0.19484563171863556 0.5703877210617065
v 0.17406022548675537 0.23001767694950104 0.6836752891540527
v 0.20430424809455872 0.2280721217393875 0.6793164610862732
v 0.2314990609884262 0.22595325112342834 0.6737120151519775
v 0.23638123273849487 0.20144157111644745 0.6028263568878174
v 0.23426485061645508 0.18041610717773438 0.5345571637153625
v 0.2541101574897766 0.1779038906097412 0.5279413461685181
v 0.3790144920349121 0.23991262912750244 0.7046310305595398
v 0.4109286963939667 0.23756290972232819 0.7001975178718567
v -0.4592190384864807 0.2659379839897156 0.7868362665176392
v -0.41869691014289856 0.2662382423877716 0.7828549146652222
v -0.3868905007839203 0.27062326669692993 0.7953616976737976
v -0.35473111271858215 0.27438148856163025 0.8042389154434204
v -0.30972009897232056 0.2690834403038025 0.7872241735458374
v -0.2669248580932617 0.26357802748680115 0.7715287208557129
v -0.22864192724227905 0.25974762439727783 0.7598126530647278
v -0.19108258187770844 0.2557159662246704 0.748094916343689
v -0.15489423274993896 0.2523789405822754 0.7383641004562378
v -0.11385167390108109 0.24319826066493988 0.7052563428878784
v -0.07915614545345306 0.2350761741399765 0.6819124221801758
v -0.04775181785225868 0.23719601333141327 0.6890784502029419
v -0.014196528121829033 0.23535536229610443 0.6887426376342773
v 0.017825383692979813 0.23919075727462769 0.6986890435218811
v 0.05021697282791138 0.2368483990430832 0.696086585521698
v 0.07144409418106079 0.20245474576950073 0.595370888710022
v 0.09466762840747833 0.19591356813907623 0.5685032606124878
v 0.11915460228919983 0.19609542191028595 0.5701549053192139
v 0.1772902011871338 0.2315090000629425 0.680392324924469
v 0.20701612532138824 0.22907866537570953 0.6775556802749634
v 0.23338648676872253 0.2265232354402542 0.6710786819458008
v 0.2378951460123062 0.2017287313938141 0.6008507013320923
v 0.2363087236881256 0.18119053542613983 0.5325141549110413
v 0.2560836672782898 0.17879588901996613 0.5265722870826721
v 0.38149577379226685 0.24078314006328583 0.7025837302207947
v 0.41277533769607544 0.23832756280899048 0.6975818276405334
v -0.4544489085674286 0.2672179043292999 0.7845884561538696
v -0.415469765663147 0.26776668429374695 0.7834076881408691
v -0.38213595747947693 0.271838515996933 0.7934896349906921
v -0.3496420979499817 0.27520880103111267 0.8011724352836609
v -0.30469679832458496 0.2698160707950592 0.7839919924736023
v -0.26230621337890625 0.2643955945968628 0.7684752345085144
v -0.22423675656318665 0.26060745120048523 0.7570030689239502
v -0.1869499534368515 0.25639045238494873 0.7451169490814209
v -0.15095704793930054 0.2531566321849823 0.7357912659645081
v -0.1103878766298294 0.24336130917072296 0.7019945383071899
v -0.07511220872402191 0.23535262048244476 0.6791564226150513
v -0.04430936276912689 0.23755083978176117 0.6861984729766846
v -0.0104123679921031 0.23789522051811218 0.6906371712684631
v 0.02096393145620823 0.24010643362998962 0.6971715688705444
v 0.04201962426304817 0.19328846037387848 0.5645790100097656
v 0.07349245995283127 0.20323635637760162 0.5949031114578247
v 0.09698773175477982 0.19719156622886658 0.5688148736953735
v 0.12155582010746002 0.19742067158222198 0.5696625113487244
v 0.1787840723991394 0.23161739110946655 0.6722516417503357
v 0.20962676405906677 0.2299690693616867 0.6758021116256714
v 0.23535746335983276 0.22712145745754242 0.6684918999671936
v 0.23884980380535126 0.20146341621875763 0.5976341962814331
v 0.23853297531604767 0.18222247064113617 0.5316904783248901
v 0.2583472728729248 0.1797490119934082 0.525690495967865
v 0.3837660253047943 0.24136169254779816 0.7001274824142456
v 0.4146055579185486 0.23913393914699554 0.6950639486312866
v -0.44828277826309204 0.26834961771965027 0.7804604172706604
v -0.411509245634079 0.2692309021949768 0.7829286456108093
v -0.3772699534893036 0.2730903625488281 0.791607141494751
v -0.3444562554359436 0.2759549617767334 0.7978339195251465
v -0.29972043633461 0.27054649591445923 0.7808089256286621
v -0.25775182247161865 0.2652186453342438 0.765436053276062
v -0.21989837288856506 0.26141291856765747 0.75419020652771
v -0.18282851576805115 0.2570475935935974 0.74215167760849
v -0.14708389341831207 0.2538752257823944 0.733237624168396
v -0.10720697790384293 0.2445279061794281 0.7003889083862305
v -0.07634172588586807 0.24641653895378113 0.7042446732521057
v -0.040243200957775116 0.23693342506885529 0.6803091764450073
v -0.006843863055109978 0.24025405943393707 0.6922844648361206
v 0.02405458129942417 0.24093879759311676 0.6955142021179199
v 0.04481560364365578 0.1954684853553772 0.5652620792388916
v 0.07551684975624084 0.2039492279291153 0.5940601825714111
v 0.09930861741304398 0.19844447076320648 0.5691558122634888
v 0.12419544160366058 0.1985713690519333 0.5690310001373291
v 0.15094348788261414 0.19505955278873444 0.5675385594367981
v 0.21198812127113342 0.2307598739862442 0.6737668514251709
v 0.23742356896400452 0.2277204543352127 0.6652235984802246
v 0.23890453577041626 0.20041948556900024 0.5899275541305542
v 0.24049706757068634 0.18326415121555328 0.5312341451644897
v 0.2606735825538635 0.18140047788619995 0.5261117219924927
v 0.385663777589798 0.24197718501091003 0.6973251104354858
v 0.4167865514755249 0.2399865835905075 0.6925162672996521
v -0.4415668249130249 0.2692798972129822 0.7758579254150391
v -0.40651366114616394 0.27054715156555176 0.7801995873451233
v -0.3727267384529114 0.2745448052883148 0.7899596691131592
v -0.3392498791217804 0.2766971290111542 0.7944105267524719
v -0.29480138421058655 0.27129223942756653 0.7776665687561035
v -0.2532609701156616 0.2660374045372009 0.7624654173851013
v -0.21563532948493958 0.2621789276599884 0.7513561248779297
v -0.17871065437793732 0.2577289938926697 0.7391916513442993
v -0.14334504306316376 0.2545511722564697 0.730719268321991
v -0.10412032902240753 0.24580895900726318 0.6996524333953857
v -0.07288719713687897 0.247499480843544 0.7030227780342102
v -0.03541601449251175 0.23663519322872162 0.6728752255439758
v -0.0036338421050459146 0.24225689470767975 0.6930195093154907
v 0.027155425399541855 0.24182499945163727 0.6936694383621216
v 0.04796598479151726 0.19784846901893616 0.5652483105659485
v 0.07746578752994537 0.2046419084072113 0.592698335647583
v 0.10168125480413437 0.19985626637935638 0.5694729089736938
v 0.12681841850280762 0.20001624524593353 0.5695650577545166
v 0.15371879935264587 0.1958666294813156 0.5661491751670837
v 0.21409590542316437 0.23155629634857178 0.6710537672042847
v 0.23862729966640472 0.22703303396701813 0.6589096784591675
v 0.23861441016197205 0.1996317356824875 0.5812780857086182
v 0.2423136681318283 0.18415407836437225 0.5304462313652039
v 0.26357048749923706 0.18237751722335815 0.5270148515701294
v 0.38733717799186707 0.24252355098724365 0.6947820782661438
v 0.42056041955947876 0.24150629341602325 0.6888505220413208
v -0.4350467324256897 0.2699708044528961 0.7716027498245239
v -0.39944133162498474 0.27114835381507874 0.7743672728538513
v -0.3681982457637787 0.2759592533111572 0.7880349159240723
v -0.33405646681785583 0.2774311602115631 0.7910380959510803
v -0.289959579706192 0.27205246686935425 0.774528980255127
v -0.24881307780742645 0.26684466004371643 0.7595411539077759
v -0.21146225929260254 0.2629304826259613 0.7485417723655701
v -0.17465247213840485 0.2584204375743866 0.7362654805183411
v -0.13972721993923187 0.2551957368850708 0.7282533645629883
v -0.10106401145458221 0.24715165793895721 0.6995373368263245
v -0.06961403042078018 0.24840183556079865 0.7009493112564087
v -0.03247206285595894 0.23746471107006073 0.6696850061416626
v -0.0006101949256844819 0.24386246502399445 0.6930035948753357
v 0.030252676457166672 0.24276886880397797 0.6917989253997803
v 0.05092097073793411 0.19977368414402008 0.5648540258407593
v 0.07937819510698318 0.2052825689315796 0.5905203223228455
v 0.10433756560087204 0.20137019455432892 0.5697784423828125
v 0.12959764897823334 0.20144198834896088 0.5696042776107788
v 0.15640519559383392 0.19693097472190857 0.564860999584198
v 0.21623234450817108 0.2323911339044571 0.6686981916427612
v 0.21042615175247192 0.1971856951713562 0.5720207691192627
v 0.23866614699363708 0.19947773218154907 0.5750552415847778
v 0.24399970471858978 0.18499484658241272 0.5293677449226379
v 0.26689720153808594 0.1831081211566925 0.52674400806427
v 0.38919082283973694 0.24333669245243073 0.6921825408935547
v -0.4689347743988037 0.2707962989807129 0.767929196357727
v -0.42859673500061035 0.2705082297325134 0.7675930261611938
v -0.3914990723133087 0.27145203948020935 0.7669144868850708
v -0.363937109708786 0.27730652689933777 0.7863270044326782
v -0.32890328764915466 0.2781756520271301 0.7878141403198242
v -0.28516581654548645 0.2728031277656555 0.7714059948921204
v -0.24443332850933075 0.26764219999313354 0.7566407322883606
v -0.20730993151664734 0.2636498510837555 0.7457228899002075
v -0.17061202228069305 0.25910332798957825 0.7333674430847168
v -0.1362554132938385 0.2558586001396179 0.7257804870605469
v -0.09814907610416412 0.2488308846950531 0.7004001140594482
v -0.06624537706375122 0.24918940663337708 0.6989071369171143
v -0.029600609093904495 0.23838411271572113 0.6679612398147583
v 0.002290136646479368 0.2452475130558014 0.6925346851348877
v 0.03328165411949158 0.24361374974250793 0.6898378133773804
v 0.053701646625995636 0.20147523283958435 0.5650134086608887
v 0.08123257756233215 0.20589666068553925 0.5868703722953796
v 0.10681052505970001 0.20274406671524048 0.5700911283493042
v 0.13224364817142487 0.20272304117679596 0.5693521499633789
v 0.15881338715553284 0.19785700738430023 0.5633831024169922
v 0.2184978425502777 0.23320643603801727 0.6665422916412354
v 0.21142207086086273 0.19699223339557648 0.5657999515533447
v 0.23961091041564941 0.20007771253585815 0.5727307796478271
v 0.24571393430233002 0.1858237385749817 0.52829909324646
v 0.26849496364593506 0.18311098217964172 0.5246401429176331
v 0.3913886845111847 0.24405428767204285 0.6896355152130127
v -0.4614890515804291 0.27144280076026917 0.7665682435035706
v -0.4226256310939789 0.27113592624664307 0.7640985250473022
v -0.385376900434494 0.27228012681007385 0.7625950574874878
v -0.3598056137561798 0.27879300713539124 0.7850633263587952
v -0.3238590359687805 0.2789430618286133 0.7846993803977966
v -0.28037115931510925 0.27355846762657166 0.7682725191116333
v -0.24015595018863678 0.26844677329063416 0.7537668943405151
v -0.20317932963371277 0.26432809233665466 0.7429001331329346
v -0.1666068434715271 0.25979021191596985 0.7304991483688354
v -0.13300850987434387 0.25644657015800476 0.7233831882476807
v -0.09503372758626938 0.250953733921051 0.7023168802261353
v -0.06291989982128143 0.24982337653636932 0.6967952251434326
v -0.026834340766072273 0.23948676884174347 0.6669621467590332
v 0.005241547245532274 0.24649469554424286 0.6917816400527954
v 0.03606615960597992 0.24425971508026123 0.6875160932540894
v 0.056465014815330505 0.20329350233078003 0.5658646821975708
v 0.0831943154335022 0.20652270317077637 0.5819724798202515
v 0.10937145352363586 0.20411720871925354 0.5704221725463867
v 0.1349049210548401 0.20389005541801453 0.5688573122024536
v 0.16117946803569794 0.19874484837055206 0.5617446899414062
v 0.22065146267414093 0.23402702808380127 0.664337158203125
v 0.21250148117542267 0.19770602881908417 0.5599458813667297
v 0.24133121967315674 0.20113301277160645 0.5720523595809937
v 0.2473994642496109 0.18679437041282654 0.5273163318634033
v 0.2687619924545288 0.18241657316684723 0.5216243267059326
v 0.3933814465999603 0.24470560252666473 0.6871246695518494
v -0.4564666152000427 0.272312730550766 0.764603853225708
v -0.41738736629486084 0.2719546854496002 0.7611608505249023
v -0.38043883442878723 0.27321603894233704 0.7601107954978943
v -0.355726957321167 0.28014814853668213 0.7839478850364685
v -0.3189275562763214 0.2797326147556305 0.7817004919052124
v -0.2756020724773407 0.2743065059185028 0.7651580572128296
v -0.23598915338516235 0.2692345380783081 0.7508890628814697
v -0.1990342140197754 0.2649586796760559 0.740040123462677
v -0.16264654695987701 0.2604805827140808 0.7276760339736938
v -0.12342377752065659 0.25424668192863464 0.7032374143600464
v -0.09207382053136826 0.25262710452079773 0.7032890319824219
v -0.05969242751598358 0.2500284016132355 0.6944005489349365
v -0.024054795503616333 0.2408217042684555 0.6663981676101685
v 0.008205872029066086 0.2475583851337433 0.6905975341796875
v 0.029948454350233078 0.20016483962535858 0.5623263120651245
v 0.058970481157302856 0.20504555106163025 0.5666897296905518
v 0.08573350310325623 0.20726677775382996 0.5774617195129395
v 0.1119813546538353 0.20544826984405518 0.5707286596298218
v 0.13736608624458313 0.20475558936595917 0.5677036046981812
v 0.16364246606826782 0.199473574757576 0.5602827072143555
v 0.2224799543619156 0.2347424179315567 0.6620089411735535
v 0.2134789526462555 0.19809815287590027 0.554779052734375
v 0.24347388744354248 0.2024194598197937 0.5706616640090942
v 0.24915745854377747 0.1879100650548935 0.5264534950256348
v 0.2701529562473297 0.18286362290382385 0.5199159383773804
v 0.39537569880485535 0.2454713135957718 0.6844255924224854
v -0.45194289088249207 0.2732771039009094 0.762710690498352
v -0.41274258494377136 0.27290740609169006 0.758613646030426
v -0.3744794726371765 0.2739168405532837 0.7561190724372864
v -0.3517226278781891 0.2813282608985901 0.7828132510185242
v -0.3140577971935272 0.28052279353141785 0.7788044810295105
v -0.27086782455444336 0.27504676580429077 0.7620551586151123
v -0.23188497126102448 0.2699885964393616 0.7480165958404541
v -0.19489248096942902 0.2655576467514038 0.7371556162834167
v -0.15872693061828613 0.26115864515304565 0.7248765230178833
v -0.11937547475099564 0.25348103046417236 0.6983392238616943
v -0.08887439221143723 0.2538328468799591 0.702522337436676
v -0.056266188621520996 0.2499670386314392 0.6915340423583984
v -0.021241724491119385 0.24235223233699799 0.666334867477417
v 0.01115325652062893 0.24843662977218628 0.6888691186904907
v 0.03352440521121025 0.20203880965709686 0.5623165369033813
v 0.06139358505606651 0.2065238505601883 0.5669530630111694
v 0.08883993327617645 0.20804688334465027 0.5737143754959106
v 0.1145709678530693 0.20674298703670502 0.5708397626876831
v 0.13969270884990692 0.20546694099903107 0.5664660334587097
v 0.16637249290943146 0.20016849040985107 0.558688759803772
v 0.22419120371341705 0.2356104999780655 0.6591964364051819
v 0.21491971611976624 0.19807639718055725 0.551548957824707
v 0.24496972560882568 0.2031065821647644 0.5675792694091797
v 0.25095462799072266 0.18894074857234955 0.5255200862884521
v 0.27237120270729065 0.18386594951152802 0.5188173651695251
v 0.39765551686286926 0.24642348289489746 0.6819663643836975
v -0.44758227467536926 0.2742398679256439 0.7608193159103394
v -0.4083402156829834 0.27402839064598083 0.7566155195236206
v -0.368943452835083 0.27463269233703613 0.7527192234992981
v -0.34764769673347473 0.2823581397533417 0.781398594379425
v -0.3092387020587921 0.2813087999820709 0.7759650945663452
v -0.2661941349506378 0.27577993273735046 0.7589575052261353
v -0.22786100208759308 0.2707171142101288 0.7451927661895752
v -0.1907496303319931 0.26615461707115173 0.7342038750648499
v -0.15485401451587677 0.2618153393268585 0.7221237421035767
v -0.11586541682481766 0.2541009783744812 0.6964137554168701
v -0.08546959608793259 0.2547744810581207 0.7006338834762573
v -0.052096735686063766 0.2496006190776825 0.6869915127754211
v -0.018271951004862785 0.24400486052036285 0.6668422222137451
v 0.014099259860813618 0.24921317398548126 0.6868526935577393
v 0.036890748888254166 0.20440265536308289 0.56206214427948
v 0.06388399749994278 0.207864910364151 0.5664763450622559
v 0.0919555202126503 0.20852872729301453 0.5708135366439819
v 0.11709640920162201 0.20802494883537292 0.5705567002296448
v 0.14217065274715424 0.2062869369983673 0.5656139850616455
v 0.1691918522119522 0.20103323459625244 0.5571907162666321
v 0.2259596437215805 0.23674380779266357 0.6557290554046631
v 0.2164667397737503 0.19875431060791016 0.5497450828552246
v 0.24456095695495605 0.20181171596050262 0.5585168600082397
v 0.25282955169677734 0.18992926180362701 0.524664044380188
v 0.2743963599205017 0.18483658134937286 0.5175151228904724
v 0.3999219536781311 0.24722859263420105 0.6792410016059875
v -0.44306087493896484 0.2752273976802826 0.7588591575622559
v -0.40380439162254333 0.2751552164554596 0.754548192024231
v -0.36599263548851013 0.2761273682117462 0.753507137298584
v -0.34331464767456055 0.2832932770252228 0.7796218991279602
v -0.30443906784057617 0.2821073532104492 0.7731144428253174
v -0.2615863084793091 0.276474267244339 0.7558755874633789
v -0.223521888256073 0.27141454815864563 0.7424931526184082
v -0.18662115931510925 0.26673540472984314 0.7312107682228088
v -0.1510062962770462 0.26245805621147156 0.7194313406944275
v -0.11265907436609268 0.25508782267570496 0.6954705715179443
v -0.08192694187164307 0.25562784075737 0.6983294486999512
v -0.04700402542948723 0.2490399181842804 0.6795358657836914
v -0.015020634047687054 0.245904341340065 0.6681836843490601
v 0.017055749893188477 0.24997951090335846 0.6847027540206909
v 0.0400259792804718 0.20648573338985443 0.5618343353271484
v 0.06630454957485199 0.2089719921350479 0.5654650926589966
v 0.0946037694811821 0.20934060215950012 0.5694215893745422
v 0.11966042965650558 0.20924553275108337 0.5701251029968262
v 0.14456304907798767 0.2071731835603714 0.5646799802780151
v 0.17161168158054352 0.2041088491678238 0.5566486120223999
v 0.22687996923923492 0.23761801421642303 0.6518682837486267
v 0.2182997614145279 0.19959603250026703 0.5486370921134949
v 0.23587240278720856 0.1935478001832962 0.530390739440918
v 0.25485530495643616 0.19091248512268066 0.5236179828643799
v 0.2764590084552765 0.18557605147361755 0.5161159038543701
v 0.402163028717041 0.24814116954803467 0.676693320274353
v -0.43823322653770447 0.27624619007110596 0.7566977739334106
v -0.3985905647277832 0.2761757969856262 0.7519347667694092
v -0.36403074860572815 0.27819615602493286 0.7563494443893433
v -0.33870571851730347 0.284174382686615 0.7774226665496826
v -0.2996583580970764 0.2829402983188629 0.77020263671875
v -0.2570439279079437 0.277145117521286 0.7528027296066284
v -0.21924033761024475 0.2720910310745239 0.7397545576095581
v -0.1824907809495926 0.26732632517814636 0.7281897068023682
v -0.14721865952014923 0.26307934522628784 0.7167601585388184
v -0.10953441262245178 0.2562088668346405 0.6949406862258911
v -0.07844217866659164 0.2564109265804291 0.6959683299064636
v -0.04183024913072586 0.24861769378185272 0.6700613498687744
v -0.011650330387055874 0.24837622046470642 0.6705926060676575
v 0.0200808048248291 0.2507246732711792 0.6825217008590698
v 0.04301508888602257 0.20824670791625977 0.5616651773452759
v 0.06873402744531631 0.20990446209907532 0.5645862817764282
v 0.09697318822145462 0.2104010283946991 0.5690652132034302
v 0.12228565663099289 0.21048320829868317 0.5702042579650879
v 0.14687728881835938 0.20795005559921265 0.5636906623840332
v 0.2044113278388977 0.24038979411125183 0.6575871109962463
v 0.19699136912822723 0.2030942142009735 0.5560698509216309
v 0.22036336362361908 0.2004202902317047 0.5476788282394409
v 0.23698969185352325 0.1935684233903885 0.5280390381813049
v 0.25741416215896606 0.1924821138381958 0.5237523317337036
v 0.2784782946109772 0.1863306164741516 0.5145971775054932
v 0.40443718433380127 0.24910767376422882 0.6742101907730103
v -0.43296027183532715 0.27724170684814453 0.7539898157119751
v -0.39335933327674866 0.2771573066711426 0.7493408918380737
v -0.3620304465293884 0.2802826762199402 0.7595300078392029
v -0.33391207456588745 0.28510066866874695 0.7749398350715637
v -0.29482418298721313 0.28376898169517517 0.7671899795532227
v -0.25254014134407043 0.2778019309043884 0.749737024307251
v -0.21501487493515015 0.2727391719818115 0.736957311630249
v -0.17837217450141907 0.26790735125541687 0.7251588702201843
v -0.14351527392864227 0.2636958360671997 0.7140737771987915
v -0.10640636831521988 0.2577129006385803 0.69478440284729
v -0.07504840940237045 0.257122278213501 0.6936172246932983
v -0.03863081708550453 0.24901574850082397 0.6672567129135132
v -0.007112808059900999 0.2519325911998749 0.677484929561615
v 0.023093532770872116 0.25137466192245483 0.6803435683250427
v 0.045841652899980545 0.20964562892913818 0.5617548227310181
v 0.07110992819070816 0.21087117493152618 0.5640004873275757
v 0.0994253158569336 0.21158277988433838 0.5691401362419128
v 0.12480863928794861 0.21173982322216034 0.5701854228973389
v 0.1491968184709549 0.2086709886789322 0.5626543164253235
v 0.20688675343990326 0.2410086840391159 0.6551389694213867
v 0.19910241663455963 0.20334579050540924 0.5539408326148987
v 0.2227127104997635 0.2015104442834854 0.5474888682365417
v 0.23863881826400757 0.19412897527217865 0.5266035199165344
v 0.25994735956192017 0.19418102502822876 0.523890495300293
v 0.28053590655326843 0.1871502697467804 0.5131855010986328
v 0.40702101588249207 0.25021010637283325 0.6714140176773071
v -0.4269774854183197 0.27820757031440735 0.7505080699920654
v -0.3882063031196594 0.27800044417381287 0.7468816041946411
v -0.35916462540626526 0.28183579444885254 0.761345386505127
v -0.3291361331939697 0.2860058844089508 0.7722634673118591
v -0.2899457514286041 0.28457319736480713 0.7641217708587646
v -0.24806055426597595 0.27844446897506714 0.7466940879821777
v -0.2108360081911087 0.273359477519989 0.7341316938400269
v -0.17430374026298523 0.2684844136238098 0.7221552133560181
v -0.1398588865995407 0.26432251930236816 0.7112998962402344
v -0.10349462926387787 0.25924503803253174 0.6951279640197754
v -0.0717436820268631 0.2578068673610687 0.691293478012085
v -0.035586025565862656 0.2497812807559967 0.6656110286712646
v -0.003657060442492366 0.25407636165618896 0.6802589297294617
v 0.026057561859488487 0.251935750246048 0.6781286597251892
v 0.048380836844444275 0.2110099494457245 0.5620143413543701
v 0.07354801893234253 0.21187150478363037 0.5633079409599304
v 0.10192596912384033 0.212835431098938 0.5693883895874023
v 0.12714441120624542 0.21294735372066498 0.5696224570274353
v 0.15149827301502228 0.20938602089881897 0.5615801215171814
v 0.20895150303840637 0.24134160578250885 0.6528434157371521
v 0.20156607031822205 0.20428909361362457 0.5522266626358032
v 0.22892391681671143 0.2054625153541565 0.5560999512672424
v 0.24036628007888794 0.19508351385593414 0.525604248046875
v 0.26120275259017944 0.19398777186870575 0.5208401679992676
v 0.28264424204826355 0.1878538727760315 0.5119746923446655
v 0.4110513925552368 0.2516751289367676 0.6676506996154785
v -0.42086121439933777 0.27906206250190735 0.7469339370727539
v -0.3831121325492859 0.27875515818595886 0.7445569038391113
v -0.3548876643180847 0.2831351161003113 0.7605020403862
v -0.3243769705295563 0.28689080476760864 0.7695776224136353
v -0.28505465388298035 0.2853136956691742 0.7609683275222778
v -0.24363814294338226 0.27905142307281494 0.743666410446167
v -0.20669831335544586 0.2739475965499878 0.7313508987426758
v -0.1702900230884552 0.2690613269805908 0.7191603183746338
v -0.13604001700878143 0.2649141848087311 0.7082341909408569
v -0.10054891556501389 0.2608269155025482 0.6955974698066711
v -0.06860141456127167 0.2585250735282898 0.6889930963516235
v -0.03264068067073822 0.25089314579963684 0.6647266149520874
v -0.0007561788079328835 0.2554605007171631 0.6804189682006836
v 0.02890506014227867 0.2525806725025177 0.6758745908737183
v 0.0508536770939827 0.21235686540603638 0.5623526573181152
v 0.07605850696563721 0.21300439536571503 0.5624598264694214
v 0.10446739941835403 0.21417173743247986 0.5696572065353394
v 0.1294184923171997 0.2140219509601593 0.5683989524841309
v 0.15385688841342926 0.2101280689239502 0.5604715943336487
v 0.2108139991760254 0.24162670969963074 0.6496499180793762
v 0.20383185148239136 0.2055191546678543 0.5507105588912964
v 0.23146598041057587 0.20759908854961395 0.5584855079650879
v 0.242958664894104 0.19591310620307922 0.5251716375350952
v 0.26318326592445374 0.19456055760383606 0.5196928381919861
v 0.28499940037727356 0.18873125314712524 0.5104079246520996
v -0.4541715979576111 0.2798854112625122 0.7428127527236938
v -0.4151853919029236 0.2798302471637726 0.7437686920166016
v -0.37794095277786255 0.27946504950523376 0.7419947981834412
v -0.3493874669075012 0.28385525941848755 0.7564554214477539
v -0.31965750455856323 0.2877615690231323 0.766943633556366
v -0.28014448285102844 0.2860281765460968 0.7577477097511292
v -0.23929919302463531 0.2796359956264496 0.7406898736953735
v -0.2025994211435318 0.2745399475097656 0.7286050319671631
v -0.16633976995944977 0.26962810754776 0.716195821762085
v -0.13187111914157867 0.26531320810317993 0.7042396068572998
v -0.09732568264007568 0.2621111273765564 0.6948344111442566
v -0.06548169255256653 0.2591785192489624 0.6866114139556885
v -0.02970641851425171 0.25217393040657043 0.6642279624938965
v 0.001990560907870531 0.2564888596534729 0.6794848442077637
v 0.031368959695100784 0.2527749836444855 0.6724939346313477
v 0.05339927226305008 0.21365013718605042 0.5627866983413696
v 0.07848900556564331 0.214136004447937 0.5617802143096924
v 0.10705195367336273 0.2155383974313736 0.5699279308319092
v 0.13188856840133667 0.21488799154758453 0.5668562650680542
v 0.1562042385339737 0.2108464241027832 0.5593353509902954
v 0.17940427362918854 0.205148845911026 0.5553371906280518
v 0.20594854652881622 0.20656456053256989 0.5490767359733582
v 0.2225775271654129 0.19949807226657867 0.5261595249176025
v 0.24502062797546387 0.19689038395881653 0.5247507691383362
v 0.2652398645877838 0.19537940621376038 0.5187784433364868
v 0.2875511050224304 0.18945378065109253 0.5089504718780518
v -0.44682058691978455 0.2803380787372589 0.7420622706413269
v -0.40990424156188965 0.28057292103767395 0.7409430742263794
v -0.37271302938461304 0.2801477015018463 0.7391690015792847
v -0.3434350788593292 0.28435570001602173 0.7516970038414001
v -0.3149462044239044 0.28866514563560486 0.7642168402671814
v -0.2753095030784607 0.28668665885925293 0.7545830607414246
v -0.23508457839488983 0.2801993489265442 0.7377709746360779
v -0.19852003455162048 0.2751515507698059 0.7258825302124023
v -0.16243065893650055 0.27018359303474426 0.7132632732391357
v -0.12698104977607727 0.2655527591705322 0.6990617513656616
v -0.09369029849767685 0.2630842924118042 0.6927280426025391
v -0.061514995992183685 0.2592058479785919 0.6815478801727295
v -0.02672971785068512 0.2535591721534729 0.6640496253967285
v 0.004774879198521376 0.25726738572120667 0.677742600440979
v 0.02847241424024105 0.21338725090026855 0.5613241195678711
v 0.05594859644770622 0.21505509316921234 0.5632835626602173
v 0.08090311288833618 0.21523959934711456 0.561145544052124
v 0.10970541089773178 0.2168794572353363 0.5702173709869385
v 0.13432912528514862 0.21580323576927185 0.5661393404006958
v 0.15858814120292664 0.21149799227714539 0.5579208731651306
v 0.18229271471500397 0.2065533697605133 0.554187536239624
v 0.20792557299137115 0.20753872394561768 0.5478878617286682
v 0.2230091243982315 0.19857391715049744 0.5227770805358887
v 0.24718792736530304 0.1979612112045288 0.524384617805481
v 0.26732730865478516 0.19615639746189117 0.5177725553512573
v 0.290520042181015 0.19067448377609253 0.5070781707763672
v -0.4417242407798767 0.28109511733055115 0.7399418950080872
v -0.40493106842041016 0.28139325976371765 0.7382705211639404
v -0.3678061068058014 0.28085803985595703 0.7365104556083679
v -0.3383697271347046 0.28513026237487793 0.7487670183181763
v -0.3100874722003937 0.28956037759780884 0.7611324191093445
v -0.27058371901512146 0.28728827834129333 0.7514386773109436
v -0.23098455369472504 0.28076452016830444 0.7348775863647461
v -0.19443437457084656 0.2757468521595001 0.7231550216674805
v -0.15855920314788818 0.27072739601135254 0.7103683948516846
v -0.1225055381655693 0.2661193609237671 0.6960625648498535
v -0.09005244076251984 0.2639976143836975 0.6903674602508545
v -0.05426184833049774 0.2576797604560852 0.6692488789558411
v -0.023741010576486588 0.2552051842212677 0.6643027663230896
v 0.007641342468559742 0.25796329975128174 0.6756526827812195
v 0.031959228217601776 0.21476510167121887 0.5606247782707214
v 0.05848454311490059 0.21717672049999237 0.563999593257904
v 0.08340958505868912 0.2163325995206833 0.5608017444610596
v 0.1123700737953186 0.21820907294750214 0.5704669952392578
v 0.1367918998003006 0.21671704947948456 0.5653254985809326
v 0.16122613847255707 0.21216093003749847 0.556286096572876
v 0.18523558974266052 0.20901350677013397 0.5526747703552246
v 0.20987503230571747 0.20836709439754486 0.5467680096626282
v 0.22506675124168396 0.19954928755760193 0.5218812227249146
v 0.24936914443969727 0.19918492436408997 0.5239067673683167
v 0.269340455532074 0.19683794677257538 0.5167111158370972
v 0.37998026609420776 0.2508823275566101 0.6597799062728882
v -0.43709850311279297 0.28198158740997314 0.7377330660820007
v -0.4001310169696808 0.28232431411743164 0.7359187602996826
v -0.36407020688056946 0.2820478677749634 0.7351890802383423
v -0.33425018191337585 0.286326140165329 0.7475080490112305
v -0.3050929605960846 0.2903844714164734 0.7577152252197266
v -0.2659338116645813 0.2878214418888092 0.748288631439209
v -0.2269555628299713 0.28133055567741394 0.7319639921188354
v -0.19035136699676514 0.27631640434265137 0.7203826904296875
v -0.1547524482011795 0.2712785303592682 0.7075088620185852
v -0.1188981831073761 0.26696982979774475 0.6951388120651245
v -0.08653441071510315 0.2648298144340515 0.6881399154663086
v -0.05094064027070999 0.25826337933540344 0.6674666404724121
v -0.020677657797932625 0.2570449113845825 0.6651160717010498
v 0.010502505116164684 0.25862425565719604 0.6735212802886963
v 0.035070158541202545 0.21646234393119812 0.5607055425643921
v 0.06090328469872475 0.2183878868818283 0.564049482345581
v 0.08608298748731613 0.2176235169172287 0.5609500408172607
v 0.11499059945344925 0.21952374279499054 0.5704824924468994
v 0.1391192078590393 0.21757736802101135 0.5646043419837952
v 0.16413462162017822 0.21297116577625275 0.554751992225647
v 0.18783977627754211 0.210946723818779 0.5515893697738647
v 0.21162579953670502 0.2094200700521469 0.5452791452407837
v 0.22727589309215546 0.20071718096733093 0.5209132432937622
v 0.2514784336090088 0.200348898768425 0.5233831405639648
v 0.27138751745224 0.19752834737300873 0.5155913829803467
v 0.3853808343410492 0.25368258357048035 0.660608172416687
v -0.4325275421142578 0.282911092042923 0.7354185581207275
v -0.39567509293556213 0.28327977657318115 0.7340148091316223
v -0.3617722690105438 0.28394341468811035 0.736275315284729
v -0.33066704869270325 0.28760674595832825 0.7467039823532104
v -0.3001424968242645 0.29119235277175903 0.7544152736663818
v -0.26136064529418945 0.2883015275001526 0.7451269626617432
v -0.22282622754573822 0.28190112113952637 0.7290981411933899
v -0.18626756966114044 0.2768770754337311 0.7175482511520386
v -0.15095314383506775 0.2718394696712494 0.704678475856781
v -0.1155182346701622 0.26787069439888 0.6935852766036987
v -0.08305682241916656 0.2655893862247467 0.6859492063522339
v -0.04813164472579956 0.25950294733047485 0.6670324802398682
v -0.017620733007788658 0.2590755224227905 0.6664314866065979
v 0.013344191946089268 0.2592284083366394 0.6713037490844727
v 0.03796370327472687 0.2181297391653061 0.5610960125923157
v 0.06344491243362427 0.21915870904922485 0.56351637840271
v 0.08903457969427109 0.21936242282390594 0.562625527381897
v 0.11758019775152206 0.22076798975467682 0.570225715637207
v 0.14139698445796967 0.21832431852817535 0.5638068914413452
v 0.16754530370235443 0.21434472501277924 0.5537168979644775
v 0.19033701717853546 0.21244016289710999 0.5508055686950684
v 0.21340200304985046 0.2100508064031601 0.5441066026687622
v 0.22939416766166687 0.20177844166755676 0.520268440246582
v 0.25362589955329895 0.20151084661483765 0.5228663086891174
v 0.2734014093875885 0.1981837898492813 0.5144211053848267
v 0.38885506987571716 0.254545122385025 0.6583319306373596
v -0.42764535546302795 0.28383490443229675 0.7331027984619141
v -0.3914816677570343 0.2842518985271454 0.7324432730674744
v -0.3588358163833618 0.2856936454772949 0.7368748188018799
v -0.32686564326286316 0.2888903021812439 0.7456728219985962
v -0.2953628897666931 0.2919507324695587 0.7513884902000427
v -0.25681209564208984 0.2887578308582306 0.7419712543487549
v -0.21857549250125885 0.2824576497077942 0.7263153791427612
v -0.18218407034873962 0.27743807435035706 0.7146828770637512
v -0.14714591205120087 0.2724027931690216 0.7018725872039795
v -0.11212622374296188 0.26873913407325745 0.6914534568786621
v -0.07959934324026108 0.26630792021751404 0.6837095022201538
v -0.04536782577633858 0.2609682083129883 0.6675801277160645
v -0.014377130195498466 0.2618582546710968 0.6683995127677917
v 0.01621321588754654 0.25971707701683044 0.6690891981124878
v 0.0407022126019001 0.2196408212184906 0.5613774061203003
v 0.06586816161870956 0.22022086381912231 0.5627856254577637
v 0.09493327885866165 0.22144505381584167 0.5690221190452576
v 0.1200890764594078 0.22192831337451935 0.5697503089904785
v 0.1435036063194275 0.2188766747713089 0.562465250492096
v 0.19315119087696075 0.24430790543556213 0.6286242008209229
v 0.19279594719409943 0.21366459131240845 0.5498948097229004
v 0.21527668833732605 0.21086129546165466 0.5434086322784424
v 0.23138464987277985 0.2028692066669464 0.5196815133094788
v 0.2555723190307617 0.20252694189548492 0.5220247507095337
v 0.2753928601741791 0.19890904426574707 0.5132507085800171
v 0.3912840485572815 0.2555750012397766 0.6558701992034912
v -0.4225115478038788 0.2847379744052887 0.7306128740310669
v -0.38722798228263855 0.2851327955722809 0.730804443359375
v -0.35407379269599915 0.2862873077392578 0.7336932420730591
v -0.32300806045532227 0.29017478227615356 0.7445394992828369
v -0.2906996011734009 0.2926342785358429 0.7484953999519348
v -0.25228622555732727 0.2892049252986908 0.7388036251068115
v -0.21436645090579987 0.2829999327659607 0.7235293984413147
v -0.17809218168258667 0.2779855728149414 0.7117751836776733
v -0.14332759380340576 0.2729906141757965 0.699090838432312
v -0.10866560786962509 0.26957204937934875 0.6890860199928284
v -0.07617126405239105 0.2670057415962219 0.6814461946487427
v -0.042279794812202454 0.2630566954612732 0.6689350008964539
v -0.011052517220377922 0.26337510347366333 0.669662594795227
v 0.01912531442940235 0.2601282298564911 0.6670410633087158
v 0.04323798045516014 0.22111216187477112 0.56172114610672
v 0.0682680606842041 0.22114023566246033 0.5619157552719116
v 0.09724206477403641 0.2225378155708313 0.568639874458313
v 0.1224834993481636 0.22306154668331146 0.5690165162086487
v 0.14552238583564758 0.21932171285152435 0.5606858134269714
v 0.1962074190378189 0.24569715559482574 0.6288961172103882
v 0.19509059190750122 0.21471257507801056 0.5489948987960815
v 0.21713760495185852 0.21159861981868744 0.5430581569671631
v 0.2330823838710785 0.20382842421531677 0.5186814069747925
v 0.25726988911628723 0.2033989429473877 0.5206488370895386
v 0.2773354947566986 0.1996694952249527 0.5121054649353027
v 0.39389821887016296 0.25657519698143005 0.6534320712089539
v -0.41735273599624634 0.2855634391307831 0.7281368374824524
v -0.3827701210975647 0.2858988046646118 0.7286974191665649
v -0.3472647964954376 0.2863587439060211 0.7278029322624207
v -0.31902533769607544 0.29116737842559814 0.7428753972053528
v -0.2859864830970764 0.29330843687057495 0.7454686164855957
v -0.2477836310863495 0.2896520793437958 0.7356152534484863
v -0.21019898355007172 0.28356653451919556 0.720737099647522
v -0.17402352392673492 0.2785153388977051 0.7088445425033569
v -0.13948547840118408 0.2735894024372101 0.6963703632354736
v -0.10514995455741882 0.27042075991630554 0.686718225479126
v -0.07277178019285202 0.26770761609077454 0.6791754364967346
v -0.03930800035595894 0.2647443413734436 0.6698676347732544
v -0.007899620570242405 0.26426467299461365 0.6688907146453857
v 0.02191273868083954 0.260507732629776 0.6647487878799438
v 0.04574321210384369 0.22255295515060425 0.5623836517333984
v 0.07064927369356155 0.22205008566379547 0.5610252618789673
v 0.09950470924377441 0.223592147231102 0.5680433511734009
v 0.12482234090566635 0.22413712739944458 0.5681253671646118
v 0.14766870439052582 0.21989087760448456 0.558922529220581
v 0.19938324391841888 0.24712593853473663 0.6276990175247192
v 0.19742484390735626 0.2156522423028946 0.5481668710708618
v 0.21478664875030518 0.20832964777946472 0.5246091485023499
v 0.23490245640277863 0.20467492938041687 0.5180219411849976
v 0.25909435749053955 0.2042159140110016 0.5195715427398682
v 0.27930378913879395 0.2004106044769287 0.5109299421310425
v 0.396408349275589 0.2578609883785248 0.6508818864822388
v -0.4122522473335266 0.2863602042198181 0.7256630659103394
v -0.378175288438797 0.2866089344024658 0.7263948917388916
v -0.3408012390136719 0.2865411341190338 0.7235518097877502
v -0.3147718906402588 0.29195743799209595 0.7407158613204956
v -0.2812054753303528 0.2939812242984772 0.7424280643463135
v -0.24335245788097382 0.290066123008728 0.7324449419975281
v -0.20608863234519958 0.284152626991272 0.7179630398750305
v -0.1700260043144226 0.2790525257587433 0.7059430480003357
v -0.13564424216747284 0.27421194314956665 0.6936918497085571
v -0.10163232684135437 0.27124911546707153 0.6844269633293152
v -0.06935252994298935 0.2684091329574585 0.6768326759338379
v -0.03614547476172447 0.2660363018512726 0.6690727472305298
v -0.004888693802058697 0.26496028900146484 0.667273998260498
v 0.015582086518406868 0.22856120765209198 0.5631548166275024
v 0.04829332232475281 0.22403669357299805 0.5631564259529114
v 0.0730675607919693 0.22297638654708862 0.5601967573165894
v 0.10178743302822113 0.22471638023853302 0.5672760009765625
v 0.12715955078601837 0.22505657374858856 0.5669338703155518
v 0.15020175278186798 0.2208118438720703 0.5575472712516785
v 0.17298142611980438 0.21693699061870575 0.5531319379806519
v 0.19969049096107483 0.2166615128517151 0.547160804271698
v 0.21562466025352478 0.207339346408844 0.5210945010185242
v 0.23704268038272858 0.2055334746837616 0.5180464386940002
v 0.2609405815601349 0.2050008326768875 0.5184739232063293
v 0.28142496943473816 0.2012839913368225 0.5097614526748657
v 0.40030407905578613 0.25929298996925354 0.6470941305160522
v -0.4072973132133484 0.28713276982307434 0.7232037782669067
v -0.37344902753829956 0.28726252913475037 0.7239245176315308
v -0.3362462818622589 0.28728291392326355 0.7214469909667969
v -0.3103421628475189 0.29273974895477295 0.7381693124771118
v -0.2767106890678406 0.29472678899765015 0.7398549914360046
v -0.23898044228553772 0.29047930240631104 0.7292987108230591
v -0.20201696455478668 0.2847324311733246 0.7152403593063354
v -0.16611993312835693 0.2795875370502472 0.7030723094940186
v -0.1318022757768631 0.27484622597694397 0.6910523176193237
v -0.09811188280582428 0.2720506191253662 0.6822006702423096
v -0.06589909642934799 0.2690761685371399 0.6744502186775208
v -0.03288469463586807 0.26712560653686523 0.6678899526596069
v -0.001928471028804779 0.2656027674674988 0.6653580665588379
v 0.021585606038570404 0.2232109010219574 0.5591350197792053
v 0.05091097950935364 0.22569064795970917 0.5640112161636353
v 0.07546518743038177 0.22391954064369202 0.5594421029090881
v 0.1040809378027916 0.22591759264469147 0.566588819026947
v 0.1294497847557068 0.2258910983800888 0.565608024597168
v 0.1528637558221817 0.22205927968025208 0.5566500425338745
v 0.17624977231025696 0.21824155747890472 0.5515692234039307
v 0.20167917013168335 0.21734942495822906 0.5459300875663757
v 0.21759434044361115 0.20808851718902588 0.5200819373130798
v 0.2391415685415268 0.20655685663223267 0.5182393789291382
v 0.2628127634525299 0.20575952529907227 0.5172774195671082
v 0.28366619348526 0.20239713788032532 0.5084521770477295
v -0.43934735655784607 0.2881464660167694 0.7196497917175293
v -0.402530312538147 0.2879517674446106 0.7209270000457764
v -0.3685166835784912 0.28791654109954834 0.7210606336593628
v -0.33240073919296265 0.2882857322692871 0.7199990749359131
v -0.3056468665599823 0.29347479343414307 0.7353935241699219
v -0.2725323736667633 0.2955639958381653 0.7377604246139526
v -0.2347000241279602 0.2909162640571594 0.7261921167373657
v -0.1979673206806183 0.285306453704834 0.7125458121299744
v -0.1622636318206787 0.28012850880622864 0.7002031803131104
v -0.12797904014587402 0.2755145728588104 0.6884840726852417
v -0.09458683431148529 0.27280327677726746 0.6799956560134888
v -0.062269993126392365 0.2697610855102539 0.6719968318939209
v -0.029752420261502266 0.26805606484413147 0.6666001081466675
v 0.0010613951599225402 0.2661554217338562 0.6633583307266235
v 0.026255080476403236 0.22518542408943176 0.559761643409729
v 0.053314097225666046 0.22699975967407227 0.5644043684005737
v 0.07793550938367844 0.22497887909412384 0.5588101744651794
v 0.10645229369401932 0.22714702785015106 0.5660665035247803
v 0.13178102672100067 0.2267429679632187 0.5646336078643799
v 0.17336098849773407 0.2469446361064911 0.617607593536377
v 0.17957665026187897 0.21988044679164886 0.5501250624656677
v 0.20351511240005493 0.21786995232105255 0.5442817807197571
v 0.219588503241539 0.20913384854793549 0.5191190242767334
v 0.24158808588981628 0.20790113508701324 0.518634557723999
v 0.26468750834465027 0.2064819633960724 0.5161036252975464
v 0.2861846089363098 0.20382285118103027 0.507489800453186
v -0.4318960905075073 0.2885032296180725 0.718955397605896
v -0.39803996682167053 0.2887957990169525 0.7187668085098267
v -0.3630218505859375 0.2885551154613495 0.717321515083313
v -0.32877975702285767 0.2893912196159363 0.7191672325134277
v -0.3008010685443878 0.2941763699054718 0.7325844764709473
v -0.26836898922920227 0.29645073413848877 0.7357105016708374
v -0.23055240511894226 0.29136940836906433 0.7231146097183228
v -0.19394344091415405 0.28588223457336426 0.7098432779312134
v -0.15844954550266266 0.2806509733200073 0.6973244547843933
v -0.12422265857458115 0.2761979401111603 0.6859779357910156
v -0.09108155965805054 0.27354422211647034 0.6777774095535278
v -0.05852222815155983 0.2704830467700958 0.6695522665977478
v -0.026638241484761238 0.2689330279827118 0.665023684501648
v 0.0040758647955954075 0.26665830612182617 0.6613136529922485
v 0.02966884709894657 0.22721940279006958 0.5598741173744202
v 0.05560793727636337 0.22811627388000488 0.5641359686851501
v 0.08050058782100677 0.22619029879570007 0.5583579540252686
v 0.1088770255446434 0.22836332023143768 0.5656123161315918
v 0.1341933012008667 0.22758647799491882 0.5640364289283752
v 0.1774364858865738 0.2491413801908493 0.6189771890640259
v 0.1824038028717041 0.22113540768623352 0.5490135550498962
v 0.20516204833984375 0.21832002699375153 0.542776346206665
v 0.22154203057289124 0.21010781824588776 0.5186182856559753
v 0.246576726436615 0.209853395819664 0.521175742149353
v 0.26652899384498596 0.20726054906845093 0.5148874521255493
v 0.2895992696285248 0.20511607825756073 0.5083024501800537
v -0.4272487759590149 0.28914323449134827 0.7173067927360535
v -0.3936316967010498 0.2896385192871094 0.7166342735290527
v -0.35700565576553345 0.28906023502349854 0.7129514217376709
v -0.3252604007720947 0.2906128466129303 0.7185609340667725
v -0.29599612951278687 0.2948426306247711 0.7293810844421387
v -0.2640855610370636 0.29729723930358887 0.7334611415863037
v -0.22649739682674408 0.2918403148651123 0.7200619578361511
v -0.18990905582904816 0.2864557206630707 0.7071125507354736
v -0.15468621253967285 0.2811724841594696 0.6944419741630554
v -0.12053849548101425 0.27689796686172485 0.6835546493530273
v -0.08759283274412155 0.27425599098205566 0.6755678057670593
v -0.054879412055015564 0.2712515592575073 0.6673560738563538
v -0.02346874587237835 0.2697332203388214 0.6631227135658264
v 0.007049838081002235 0.2671385407447815 0.6592402458190918
v 0.032685257494449615 0.2287251204252243 0.559678316116333
v 0.05794597417116165 0.2289886474609375 0.5631985664367676
v 0.08318047970533371 0.22745777666568756 0.5581885576248169
v 0.11132976412773132 0.22949369251728058 0.5650122165679932
v 0.13641434907913208 0.22841720283031464 0.5631481409072876
v 0.1802147626876831 0.24987664818763733 0.6181840896606445
v 0.1850244700908661 0.2222190946340561 0.5481072664260864
v 0.206853985786438 0.2189357876777649 0.5415924787521362
v 0.2234896868467331 0.21110899746418 0.5182183980941772
v 0.24975818395614624 0.21116362512111664 0.5220639705657959
v 0.2683759331703186 0.20804335176944733 0.513632595539093
v 0.2931192219257355 0.20629331469535828 0.5093834400177002
v -0.42295435070991516 0.2899225056171417 0.7152986526489258
v -0.38918620347976685 0.2904524505138397 0.7143964171409607
v -0.3515891432762146 0.28955239057540894 0.7092657089233398
v -0.32165905833244324 0.29179757833480835 0.7177974581718445
v -0.29104161262512207 0.2955548167228699 0.7257136106491089
v -0.2598738670349121 0.29812297224998474 0.731134295463562
v -0.2224959135055542 0.2923167943954468 0.7170737981796265
v -0.18587450683116913 0.28701484203338623 0.7043514251708984
v -0.15095718204975128 0.281718909740448 0.6916345953941345
v -0.11690472811460495 0.27764108777046204 0.6812055110931396
v -0.08414099365472794 0.2749437689781189 0.6733701229095459
v -0.05153176933526993 0.2720404863357544 0.6655210852622986
v -0.020346175879240036 0.27047866582870483 0.6610896587371826
v 0.010010669939219952 0.26758894324302673 0.657095193862915
v 0.035416487604379654 0.22986403107643127 0.5590713620185852
v 0.06048319861292839 0.22972150146961212 0.561811089515686
v 0.08596060425043106 0.22877055406570435 0.5580184459686279
v 0.11367470026016235 0.2307480424642563 0.5640294551849365
v 0.13867564499378204 0.2291654795408249 0.5614544749259949
v 0.18259963393211365 0.250680536031723 0.616557240486145
v 0.18747277557849884 0.22315090894699097 0.5473307371139526
v 0.20853005349636078 0.21965575218200684 0.5405844449996948
v 0.22545163333415985 0.21202735602855682 0.5176540613174438
v 0.2516466975212097 0.2121581733226776 0.5217709541320801
v 0.27023839950561523 0.20883089303970337 0.5123412013053894
v 0.29674404859542847 0.20746150612831116 0.5089833736419678
v -0.4185371994972229 0.29076001048088074 0.7130869626998901
v -0.38462522625923157 0.2912519872188568 0.7118643522262573
v -0.346852570772171 0.2901405692100525 0.7066563963890076
v -0.31782999634742737 0.2928514778614044 0.7164480090141296
v -0.2861805856227875 0.2963458299636841 0.722065806388855
v -0.25577670335769653 0.29888129234313965 0.7289117574691772
v -0.21817822754383087 0.2928256094455719 0.7142208814620972
v -0.18185295164585114 0.28756481409072876 0.7015770077705383
v -0.14728298783302307 0.28228798508644104 0.6889467239379883
v -0.11331135034561157 0.2783971428871155 0.6789021492004395
v -0.08071587979793549 0.275615394115448 0.6711766719818115
v -0.04835335537791252 0.27283239364624023 0.6637364625930786
v -0.017275236546993256 0.2711734473705292 0.6590571999549866
v 0.013006780296564102 0.268006294965744 0.6549618244171143
v 0.03797530382871628 0.2307291179895401 0.5585347414016724
v 0.06288228929042816 0.2305593490600586 0.5606997013092041
v 0.08880757540464401 0.23017580807209015 0.5581055879592896
v 0.1160925030708313 0.23169836401939392 0.5634638071060181
v 0.1407976746559143 0.23007124662399292 0.5597595572471619
v 0.1847354769706726 0.2513696253299713 0.6144726276397705
v 0.1897410899400711 0.22397589683532715 0.5465568900108337
v 0.20982849597930908 0.22013327479362488 0.5388339757919312
v 0.2273755818605423 0.21289809048175812 0.5171470642089844
v 0.2532048523426056 0.2130202203989029 0.5209965705871582
v 0.27206283807754517 0.209586039185524 0.5110387802124023
v 0.30107831954956055 0.20853887498378754 0.5082635283470154
v -0.4138486385345459 0.29164472222328186 0.7107466459274292
v -0.3795599937438965 0.2920094132423401 0.7087590098381042
v -0.34245431423187256 0.29093894362449646 0.7046173810958862
v -0.31340891122817993 0.29369306564331055 0.7140864133834839
v -0.28201550245285034 0.297479510307312 0.7198609113693237
v -0.25166821479797363 0.2995454967021942 0.7265804409980774
v -0.21392950415611267 0.2933494746685028 0.7114028334617615
v -0.17783819139003754 0.28810304403305054 0.6988072395324707
v -0.1436309516429901 0.2829087972640991 0.6863465905189514
v -0.10976148396730423 0.2791467010974884 0.6766506433486938
v -0.07731129974126816 0.2762739658355713 0.6689896583557129
v -0.04515860602259636 0.27355560660362244 0.6618266105651855
v -0.014237957075238228 0.2718028426170349 0.6570149660110474
v 0.015945250168442726 0.2684255540370941 0.6528707146644592
v 0.040481969714164734 0.23188301920890808 0.558509111404419
v 0.06525874137878418 0.23134416341781616 0.5595760345458984
v 0.09174386411905289 0.2315090447664261 0.5583151578903198
v 0.11856263130903244 0.2326587438583374 0.5629569888114929
v 0.14289619028568268 0.2309184968471527 0.5580438375473022
v 0.18674322962760925 0.25201937556266785 0.6119955778121948
v 0.191961869597435 0.22481153905391693 0.5453555583953857
v 0.20952023565769196 0.21760399639606476 0.5230703353881836
v 0.22958600521087646 0.21390566229820251 0.5169588327407837
v 0.25470611453056335 0.21368736028671265 0.5198601484298706
v 0.2738676071166992 0.21036893129348755 0.509699285030365
v 0.3050556182861328 0.20976343750953674 0.5065473914146423
v -0.4089142084121704 0.2925771474838257 0.7081916332244873
v -0.3731817901134491 0.2924380600452423 0.704492449760437
v -0.3383042812347412 0.2917711138725281 0.7031862735748291
v -0.3083510398864746 0.29432040452957153 0.7109346985816956
v -0.27862298488616943 0.2989453077316284 0.7193944454193115
v -0.24754561483860016 0.3002053499221802 0.7241352200508118
v -0.20974750816822052 0.29387494921684265 0.7086124420166016
v -0.1738806664943695 0.2886433005332947 0.6960505247116089
v -0.13995781540870667 0.28355488181114197 0.6838536858558655
v -0.1062251627445221 0.27988219261169434 0.674422562122345
v -0.07391735911369324 0.2769325077533722 0.6668096780776978
v -0.04193291440606117 0.27425655722618103 0.6598371267318726
v -0.011220051907002926 0.2724072337150574 0.6550163626670837
v 0.018755096942186356 0.2689177095890045 0.6506417989730835
v 0.0429346039891243 0.23323681950569153 0.5589744448661804
v 0.06769130378961563 0.23209941387176514 0.5584587454795837
v 0.09452277421951294 0.23266693949699402 0.5584006309509277
v 0.12110210955142975 0.23361535370349884 0.5624827742576599
v 0.14515766501426697 0.23178471624851227 0.5564047694206238
v 0.1886512190103531 0.25267401337623596 0.6095296144485474
v 0.19410981237888336 0.22536906599998474 0.5444942712783813
v 0.21126021444797516 0.21737724542617798 0.5210485458374023
v 0.23187482357025146 0.21492038667201996 0.5172314643859863
v 0.2562117278575897 0.21430134773254395 0.5184326171875
v 0.27577921748161316 0.21128025650978088 0.5083816647529602
v 0.30992332100868225 0.21226610243320465 0.5061574578285217
v -0.4040128290653229 0.29344114661216736 0.7056556940078735
v -0.3669331967830658 0.2927148640155792 0.7000027894973755
v -0.33404576778411865 0.2924305498600006 0.7013705968856812
v -0.3029632270336151 0.29478931427001953 0.7072211503982544
v -0.2754862904548645 0.3004518151283264 0.7193810939788818
v -0.24336808919906616 0.30082106590270996 0.7215536832809448
v -0.2056145817041397 0.2944043278694153 0.7058342695236206
v -0.1699693351984024 0.28919216990470886 0.6932839155197144
v -0.13629691302776337 0.2842079699039459 0.6814086437225342
v -0.10271652042865753 0.2806189954280853 0.6722280979156494
v -0.07052149623632431 0.27759015560150146 0.6646295785903931
v -0.03871067240834236 0.2749587297439575 0.6577588319778442
v -0.008210128173232079 0.27295833826065063 0.6530045866966248
v 0.021535439416766167 0.2693908214569092 0.6482874155044556
v 0.04533003643155098 0.23482246696949005 0.5598774552345276
v 0.07011955976486206 0.23283997178077698 0.5572646856307983
v 0.09714074432849884 0.23379933834075928 0.5584038496017456
v 0.12367837131023407 0.23459604382514954 0.5620670914649963
v 0.1474229395389557 0.23284126818180084 0.5548896789550781
v 0.19044122099876404 0.2532253861427307 0.6070643663406372
v 0.19609306752681732 0.226156547665596 0.5432398915290833
v 0.2131144255399704 0.21798686683177948 0.5199584364891052
v 0.23418155312538147 0.21600568294525146 0.5175598859786987
v 0.25778692960739136 0.21491381525993347 0.5169216990470886
v 0.2780582904815674 0.2122907191514969 0.5073732137680054
v 0.3716322183609009 0.2533715069293976 0.6041452288627625
v -0.3992448151111603 0.2942999601364136 0.7032594680786133
v -0.3634864389896393 0.2939709424972534 0.6995681524276733
v -0.3290518522262573 0.29299038648605347 0.698085606098175
v -0.2980026304721832 0.29524290561676025 0.7037752270698547
v -0.2722410559654236 0.3018285632133484 0.7190554738044739
v -0.23913225531578064 0.3013528287410736 0.7187961339950562
v -0.20153413712978363 0.2949531674385071 0.7030611038208008
v -0.16612210869789124 0.2897394895553589 0.6905187368392944
v -0.1326385736465454 0.28487053513526917 0.6790052652359009
v -0.0992325097322464 0.2813502252101898 0.6700478196144104
v -0.06714142858982086 0.278253972530365 0.6624053716659546
v -0.03552132472395897 0.2756876051425934 0.655663788318634
v -0.005187211558222771 0.2734638452529907 0.6509966850280762
v 0.024427061900496483 0.2698589563369751 0.6457335948944092
v 0.047775331884622574 0.23643894493579865 0.5610517263412476
v 0.0725170150399208 0.23353704810142517 0.5560315251350403
v 0.09963663667440414 0.23496019840240479 0.5584131479263306
v 0.12621325254440308 0.23560312390327454 0.5615618228912354
v 0.14981484413146973 0.23407605290412903 0.5533859729766846
v 0.19225868582725525 0.25391414761543274 0.6043550372123718
v 0.19787196815013885 0.22702853381633759 0.5418496131896973
v 0.21491891145706177 0.21889860928058624 0.5192403793334961
v 0.23644885420799255 0.21712526679039001 0.5178238153457642
v 0.25940003991127014 0.21561646461486816 0.5152373909950256
v 0.2807457745075226 0.2136770635843277 0.5071492195129395
v 0.3765072226524353 0.2554449737071991 0.5993210077285767
v -0.3946799635887146 0.2951614260673523 0.7010570764541626
v -0.36077871918678284 0.29530972242355347 0.6999542713165283
v -0.32361772656440735 0.2936021089553833 0.6942787170410156
v -0.29378923773765564 0.29588431119918823 0.7012578845024109
v -0.26872292160987854 0.30285733938217163 0.7180424928665161
v -0.23494669795036316 0.3018587529659271 0.715943455696106
v -0.19750429689884186 0.2955041825771332 0.7003040313720703
v -0.16233541071414948 0.2902827858924866 0.6877491474151611
v -0.12899424135684967 0.28556522727012634 0.6766387224197388
v -0.09576738625764847 0.28207075595855713 0.667880654335022
v -0.0637933760881424 0.27892279624938965 0.6602034568786621
v -0.03235035017132759 0.2764093279838562 0.6535718441009521
v -0.002188322367146611 0.2739425003528595 0.6489923000335693
v 0.02728470414876938 0.2703598737716675 0.642401933670044
v 0.05029242858290672 0.237870454788208 0.5621525049209595
v 0.07501021772623062 0.23424676060676575 0.5547922849655151
v 0.10218295454978943 0.2361893504858017 0.5582914352416992
v 0.12874801456928253 0.23658247292041779 0.5608170032501221
v 0.16839931905269623 0.25338876247406006 0.6062723398208618
v 0.19404706358909607 0.25496527552604675 0.600866436958313
v 0.19959072768688202 0.22795292735099792 0.540386974811554
v 0.21680951118469238 0.2197035700082779 0.5184513330459595
v 0.2388671189546585 0.2182428538799286 0.5180591940879822
v 0.2610282897949219 0.21634164452552795 0.5136557817459106
v 0.2834823727607727 0.2150156944990158 0.507666826248169
v -0.4244246780872345 0.29553720355033875 0.6954795122146606
v -0.39017534255981445 0.295983225107193 0.6986899375915527
v -0.3568282425403595 0.29591044783592224 0.6978650689125061
v -0.3198893070220947 0.2947758436203003 0.6931193470954895
v -0.2898300290107727 0.2968055009841919 0.6993013024330139
v -0.2648361623287201 0.30363112688064575 0.7164427042007446
v -0.23074698448181152 0.3022918999195099 0.712986946105957
v -0.19350919127464294 0.2960526645183563 0.697553277015686
v -0.15860693156719208 0.2908252775669098 0.6850193738937378
v -0.1253710389137268 0.2862807512283325 0.6743018627166748
v -0.09232646971940994 0.28277161717414856 0.6656951904296875
v -0.060450490564107895 0.2796051800251007 0.6580045223236084
v -0.029205596074461937 0.2771052420139313 0.6514766216278076
v 0.0007824660278856754 0.2743900716304779 0.6469774842262268
v 0.030039681121706963 0.27047041058540344 0.6380326747894287
v 0.052845366299152374 0.23959796130657196 0.5628034472465515
v 0.07766978442668915 0.23527774214744568 0.5541620254516602
v 0.10472925007343292 0.23748834431171417 0.5582282543182373
v 0.13130176067352295 0.23764318227767944 0.5603683590888977
v 0.17202924191951752 0.2554703950881958 0.6063572764396667
v 0.1943538635969162 0.25403550267219543 0.5935932397842407
v 0.20126573741436005 0.22894936800003052 0.5390408039093018
v 0.2186114639043808 0.22046391665935516 0.5176490545272827
v 0.24149930477142334 0.21920642256736755 0.518225908279419
v 0.26266157627105713 0.2171030193567276 0.5122131109237671
v 0.2860766649246216 0.2163911908864975 0.5076135396957397
v -0.4169067144393921 0.29590338468551636 0.695107102394104
v -0.3856379985809326 0.29671710729599 0.6962120532989502
v -0.351581335067749 0.2963099479675293 0.6943984627723694
v -0.3179360628128052 0.29667407274246216 0.6949204802513123
v -0.2861226499080658 0.2979259490966797 0.6981542110443115
v -0.26090383529663086 0.3043972849845886 0.7146518230438232
v -0.2265707105398178 0.3026695251464844 0.7098624110221863
v -0.1895376592874527 0.2966007888317108 0.6948322653770447
v -0.15496496856212616 0.2913914918899536 0.6823605298995972
v -0.12175069004297256 0.28699177503585815 0.672029972076416
v -0.08891855180263519 0.2834455072879791 0.6635153889656067
v -0.05713134631514549 0.2802819013595581 0.6558022499084473
v -0.02611931599676609 0.27776744961738586 0.6493813991546631
v 0.0037354796659201384 0.27484428882598877 0.6450343132019043
v 0.03018118254840374 0.23944726586341858 0.5590364933013916
v 0.055082425475120544 0.2407897561788559 0.5626890659332275
v 0.08043736964464188 0.23681895434856415 0.5548248887062073
v 0.1071867123246193 0.2387634515762329 0.5582188963890076
v 0.1339196413755417 0.23858432471752167 0.5598664879798889
v 0.17446964979171753 0.2567537724971771 0.6046351194381714
v 0.1821046769618988 0.23467783629894257 0.5471738576889038
v 0.20285792648792267 0.22988231480121613 0.5380129218101501
v 0.22040584683418274 0.22126859426498413 0.5168994665145874
v 0.24399413168430328 0.2200285941362381 0.5180057883262634
v 0.26434609293937683 0.21796075999736786 0.5109472274780273
v 0.2888452112674713 0.21774323284626007 0.507267415523529
v -0.4124642312526703 0.2965222895145416 0.6934733390808105
v -0.3809143602848053 0.29733455181121826 0.693540632724762
v -0.34612950682640076 0.2966936230659485 0.6911168098449707
v -0.31571489572525024 0.2982664108276367 0.6961652636528015
v -0.2829984724521637 0.2993442714214325 0.6984624862670898
v -0.2569710910320282 0.30524566769599915 0.7127476334571838
v -0.22248221933841705 0.30302608013153076 0.7066924571990967
v -0.18558990955352783 0.29714205861091614 0.6921332478523254
v -0.15137845277786255 0.2919866740703583 0.6797608137130737
v -0.11814764887094498 0.2877119481563568 0.6698023676872253
v -0.08555222302675247 0.28410470485687256 0.6613296270370483
v -0.05387439951300621 0.2809414267539978 0.6536252498626709
v -0.02307066135108471 0.27839457988739014 0.6472763419151306
v 0.006679749581962824 0.2752942144870758 0.6431441903114319
v 0.03315896913409233 0.2411143183708191 0.5592514276504517
v 0.05724482610821724 0.24187621474266052 0.5623898506164551
v 0.08327257633209229 0.23797422647476196 0.5546340942382812
v 0.10968145728111267 0.240075021982193 0.5581835508346558
v 0.13650621473789215 0.23958919942378998 0.5591195225715637
v 0.1763397604227066 0.25781312584877014 0.6025207042694092
v 0.1841292828321457 0.23452980816364288 0.5448501110076904
v 0.20442046225070953 0.23055662214756012 0.5370513200759888
v 0.22246600687503815 0.22205205261707306 0.5162233114242554
v 0.2459927350282669 0.22081120312213898 0.5171493291854858
v 0.26608824729919434 0.21887125074863434 0.5098192691802979
v 0.29160627722740173 0.21880264580249786 0.5066512227058411
v -0.40833619236946106 0.29723599553108215 0.691681981086731
v -0.37600064277648926 0.29790356755256653 0.6905948519706726
v -0.34119412302970886 0.2969974875450134 0.687992513179779
v -0.3121736943721771 0.2991339862346649 0.695056676864624
v -0.28042662143707275 0.30115529894828796 0.6999447345733643
v -0.2530294954776764 0.30611151456832886 0.7106326818466187
v -0.21814772486686707 0.3034258186817169 0.7036697864532471
v -0.18168137967586517 0.2976909875869751 0.6894322037696838
v -0.14779919385910034 0.29258254170417786 0.6771844625473022
v -0.11455691605806351 0.2884230315685272 0.6675815582275391
v -0.08221257477998734 0.28474438190460205 0.6591410636901855
v -0.050636086612939835 0.28160005807876587 0.6514408588409424
v -0.020044798031449318 0.2790035307407379 0.6451817154884338
v 0.009625300765037537 0.2757435441017151 0.641248345375061
v 0.035897307097911835 0.24297770857810974 0.5601067543029785
v 0.059952571988105774 0.241468608379364 0.5604101419448853
v 0.08609171956777573 0.2391325831413269 0.5539718866348267
v 0.11229859292507172 0.2413194626569748 0.5583131313323975
v 0.1389535814523697 0.24060635268688202 0.5583707094192505
v 0.1778964102268219 0.25868669152259827 0.6002565622329712
v 0.18610230088233948 0.23437875509262085 0.5423411726951599
v 0.2061096727848053 0.23076969385147095 0.5355181694030762
v 0.22440588474273682 0.222853884100914 0.5157737731933594
v 0.24778181314468384 0.2215627133846283 0.5161674618721008
v 0.268057644367218 0.21981053054332733 0.5087798237800598
v 0.2945162057876587 0.22007299959659576 0.5053842067718506
v -0.404104620218277 0.29802167415618896 0.6895968317985535
v -0.3709277808666229 0.29839733242988586 0.6875391006469727
v -0.3362288773059845 0.29731470346450806 0.6847474575042725
v -0.3069702088832855 0.2994083762168884 0.6918464303016663
v -0.27800488471984863 0.30315855145454407 0.7016727924346924
v -0.24904993176460266 0.3069246709346771 0.7084094882011414
v -0.21384233236312866 0.3038380444049835 0.7006715536117554
v -0.17778345942497253 0.2982385456562042 0.6867290735244751
v -0.144201397895813 0.2931782007217407 0.6746276617050171
v -0.11101455241441727 0.2891266942024231 0.6653397083282471
v -0.0788973793387413 0.2853769063949585 0.656974196434021
v -0.04740528017282486 0.2822495400905609 0.6492325067520142
v -0.01703116111457348 0.27958589792251587 0.6430838704109192
v 0.012557282112538815 0.2762148678302765 0.6392698287963867
v 0.03845283389091492 0.24491211771965027 0.5608818531036377
v 0.062336139380931854 0.2418060451745987 0.5580797791481018
v 0.08859439194202423 0.24023346602916718 0.5534948110580444
v 0.11503691226243973 0.24251773953437805 0.5584375858306885
v 0.14140838384628296 0.24179475009441376 0.5574619770050049
v 0.17945097386837006 0.2593427896499634 0.5979148149490356
v 0.18800780177116394 0.23485377430915833 0.540539026260376
v 0.2087734192609787 0.22888964414596558 0.5239706039428711
v 0.22634293138980865 0.22361484169960022 0.5152773857116699
v 0.24955137073993683 0.2222687005996704 0.5152069330215454
v 0.2700859308242798 0.2208762913942337 0.5080366134643555
v 0.297958105802536 0.22171936929225922 0.504051923751831
v -0.3996046185493469 0.29892614483833313 0.6873086094856262
v -0.3652729094028473 0.2987959682941437 0.6841134428977966
v -0.3308655917644501 0.29765355587005615 0.6810622215270996
v -0.30106469988822937 0.29944658279418945 0.6876973509788513
v -0.2751059830188751 0.30488482117652893 0.7022498846054077
v -0.2451559156179428 0.30774110555648804 0.7066088914871216
v -0.20958520472049713 0.3042646050453186 0.697695255279541
v -0.17393527925014496 0.2987656593322754 0.68403160572052
v -0.14060282707214355 0.29378896951675415 0.6721269488334656
v -0.10749831050634384 0.28980767726898193 0.6631100177764893
v -0.07561273127794266 0.2860029935836792 0.6548157930374146
v -0.04422369226813316 0.2828843295574188 0.6470493674278259
v -0.014053734950721264 0.2801351547241211 0.6410188674926758
v 0.015437847934663296 0.2765834629535675 0.6370266079902649
v 0.04104575142264366 0.24654313921928406 0.5616285800933838
v 0.06455575674772263 0.2420896738767624 0.555762529373169
v 0.09107805788516998 0.24141740798950195 0.5530699491500854
v 0.11755779385566711 0.24370089173316956 0.5585756897926331
v 0.1437724232673645 0.2430191934108734 0.5560798645019531
v 0.1810445785522461 0.25989818572998047 0.5956240892410278
v 0.1900666058063507 0.23564952611923218 0.5393955707550049
v 0.20993849635124207 0.22881102561950684 0.5216048955917358
v 0.22820021212100983 0.22434984147548676 0.5145857334136963
v 0.25130704045295715 0.2228330373764038 0.5141890048980713
v 0.2724740505218506 0.2221275418996811 0.5077044367790222
v 0.34816157817840576 0.2544402480125427 0.5821316242218018
v -0.3949359357357025 0.29992321133613586 0.68491530418396
v -0.3601951599121094 0.2993733584880829 0.6812374591827393
v -0.325605571269989 0.2980772852897644 0.6776336431503296
v -0.2958361804485321 0.29969796538352966 0.6837279796600342
v -0.2716767191886902 0.30618324875831604 0.7011820077896118
v -0.24140340089797974 0.3085644245147705 0.7050330638885498
v -0.2053903341293335 0.30469629168510437 0.6947486400604248
v -0.17013731598854065 0.29927900433540344 0.6813787817955017
v -0.13702350854873657 0.2944229543209076 0.6696816682815552
v -0.10400240123271942 0.2904725670814514 0.6608886122703552
v -0.07234830409288406 0.28661930561065674 0.6526641249656677
v -0.041080888360738754 0.2835017144680023 0.6448602080345154
v -0.01114425715059042 0.28063493967056274 0.6390030384063721
v 0.018290357664227486 0.27684804797172546 0.6345534324645996
v 0.04342002794146538 0.2480074167251587 0.5622955560684204
v 0.06680797040462494 0.2430722415447235 0.5543951988220215
v 0.09363748878240585 0.24269187450408936 0.5525500774383545
v 0.12154888361692429 0.2572171986103058 0.5704731941223145
v 0.145991712808609 0.2441454976797104 0.554185152053833
v 0.1828388124704361 0.26047149300575256 0.5934617519378662
v 0.19209976494312286 0.2364281415939331 0.5383182168006897
v 0.21144050359725952 0.22913481295108795 0.5200933218002319
v 0.22991995513439178 0.22503907978534698 0.5136361122131348
v 0.2530389428138733 0.223341166973114 0.512947678565979
v 0.2751370668411255 0.2236497849225998 0.5079243183135986
v 0.3530194163322449 0.2569080591201782 0.5813256502151489
v -0.3903467357158661 0.3009227216243744 0.68251633644104
v -0.35718226432800293 0.3007371425628662 0.6807893514633179
v -0.32149437069892883 0.2988159656524658 0.6755490303039551
v -0.2911839187145233 0.29995617270469666 0.6800077557563782
v -0.2677878141403198 0.30720004439353943 0.6987422108650208
v -0.23773328959941864 0.30947035551071167 0.7037211060523987
v -0.20126013457775116 0.30513161420822144 0.691847562789917
v -0.16638891398906708 0.29978108406066895 0.6787859201431274
v -0.13344475626945496 0.29505813121795654 0.6672669649124146
v -0.10052642971277237 0.29110607504844666 0.6586519479751587
v -0.06910789012908936 0.28723251819610596 0.6504957675933838
v -0.0379733070731163 0.28410476446151733 0.6426918506622314
v -0.008270238526165485 0.2810937464237213 0.637067437171936
v 0.02107892744243145 0.2770371735095978 0.6318738460540771
v 0.04564918205142021 0.2493484765291214 0.5628305673599243
v 0.06956177949905396 0.24507248401641846 0.5553224086761475
v 0.0963396281003952 0.24403908848762512 0.5522925853729248
v 0.13524238765239716 0.2666938900947571 0.606722354888916
v 0.14820297062397003 0.24527664482593536 0.5520416498184204
v 0.18460321426391602 0.2611374258995056 0.5912376642227173
v 0.19415384531021118 0.23697082698345184 0.5373329520225525
v 0.2131618708372116 0.22966493666172028 0.5190033316612244
v 0.2315351516008377 0.22571690380573273 0.512506365776062
v 0.2547248601913452 0.22385527193546295 0.5115203857421875
v 0.27838605642318726 0.22540941834449768 0.5083596706390381
v 0.3567552864551544 0.258853018283844 0.5792071223258972
v -0.3857989013195038 0.30184489488601685 0.6802294254302979
v -0.35508105158805847 0.30245962738990784 0.6819872856140137
v -0.31852495670318604 0.29992613196372986 0.6748452186584473
v -0.28690066933631897 0.3003888428211212 0.6765984892845154
v -0.26388078927993774 0.3081547021865845 0.6964044570922852
v -0.23416441679000854 0.31046462059020996 0.7024729251861572
v -0.197194904088974 0.3055834472179413 0.688993513584137
v -0.16271300613880157 0.30029594898223877 0.6762024164199829
v -0.12987792491912842 0.29569339752197266 0.6648954153060913
v -0.09709923714399338 0.2916981875896454 0.6564337015151978
v -0.06587626039981842 0.2878417670726776 0.6483278274536133
v -0.03489072620868683 0.28469234704971313 0.6405392289161682
v -0.005421685520559549 0.2815147936344147 0.6352099180221558
v 0.02375369891524315 0.27701839804649353 0.6286756992340088
v 0.04785583168268204 0.2505291998386383 0.5629376173019409
v 0.07314912229776382 0.2474212348461151 0.5570968985557556
v 0.09902013093233109 0.24557271599769592 0.5524241328239441
v 0.13682030141353607 0.2677648067474365 0.6051807403564453
v 0.15025398135185242 0.2462558150291443 0.549830973148346
v 0.1864459216594696 0.26176008582115173 0.5890833139419556
v 0.1959257572889328 0.2374657243490219 0.536418080329895
v 0.21485699713230133 0.23022490739822388 0.5181338787078857
v 0.23314762115478516 0.2262735813856125 0.5111985206604004
v 0.2562568187713623 0.2243981957435608 0.5099940896034241
v 0.28183668851852417 0.22726979851722717 0.5091755390167236
v 0.361843466758728 0.26166990399360657 0.5770310163497925
v -0.3814096450805664 0.30264952778816223 0.6781797409057617
v -0.35194429755210876 0.3035725951194763 0.6812474131584167
v -0.31597334146499634 0.301235556602478 0.6745020151138306
v -0.2827170193195343 0.3009210526943207 0.6733180284500122
v -0.26010197401046753 0.3090541362762451 0.6947875022888184
v -0.23039358854293823 0.3114347755908966 0.7007107734680176
v -0.19321613013744354 0.30602318048477173 0.6862089037895203
v -0.159077450633049 0.30080586671829224 0.6735966205596924
v -0.12631624937057495 0.29631102085113525 0.6625721454620361
v -0.0937449038028717 0.29227960109710693 0.6542081832885742
v -0.06266218423843384 0.2884525656700134 0.6461527347564697
v -0.0318232960999012 0.28525349497795105 0.6383981704711914
v -0.0026294097770005465 0.2819247245788574 0.6333202123641968
v 0.02633696235716343 0.2765127718448639 0.6240305304527283
v 0.0501675046980381 0.2518751621246338 0.563090443611145
v 0.07594158500432968 0.24895836412906647 0.5574078559875488
v 0.1015038713812828 0.24744175374507904 0.5528353452682495
v 0.13855695724487305 0.26865485310554504 0.603205680847168
v 0.15247026085853577 0.24721013009548187 0.5476637482643127
v 0.18827174603939056 0.2617838680744171 0.5863839387893677
v 0.19764186441898346 0.2378474473953247 0.5354532599449158
v 0.21665222942829132 0.23082704842090607 0.5172133445739746
v 0.23481671512126923 0.2267947494983673 0.5097960233688354
v 0.25691401958465576 0.22565975785255432 0.5067928433418274
v 0.28481554985046387 0.2294360101222992 0.5100491046905518
v -0.40931546688079834 0.3021197021007538 0.6727827787399292
v -0.37711456418037415 0.30342793464660645 0.6761693358421326
v -0.34791865944862366 0.3043842017650604 0.6791293621063232
v -0.3126511871814728 0.30221086740493774 0.6729958057403564
v -0.27849194407463074 0.30152323842048645 0.6703859567642212
v -0.2564091384410858 0.30989837646484375 0.6934565305709839
v -0.2264295071363449 0.3122451603412628 0.6983460187911987
v -0.18928854167461395 0.3064817786216736 0.6834824681282043
v -0.15545077621936798 0.3013109564781189 0.6709845662117004
v -0.12276829779148102 0.2969296872615814 0.660328209400177
v -0.09042655676603317 0.29285183548927307 0.6519587635993958
v -0.05944732949137688 0.2890738546848297 0.6439418792724609
v -0.028760267421603203 0.28580644726753235 0.6362534761428833
v 4.366508073871955e-05 0.28225722908973694 0.6314042806625366
v 0.028590233996510506 0.27569836378097534 0.6186246871948242
v 0.052602801471948624 0.25332945585250854 0.563460111618042
v 0.0787406712770462 0.2502042055130005 0.5557462573051453
v 0.11496708542108536 0.26958510279655457 0.601911187171936
v 0.14056265354156494 0.26960840821266174 0.6012568473815918
v 0.15488870441913605 0.24825972318649292 0.5454666614532471
v 0.17676697671413422 0.24326664209365845 0.5417603254318237
v 0.19924142956733704 0.2382148951292038 0.5344582200050354
v 0.21829336881637573 0.23142923414707184 0.516272783279419
v 0.23573867976665497 0.2276943027973175 0.507495641708374
v 0.25863662362098694 0.22628426551818848 0.5053234100341797
v 0.2875666916370392 0.2303130328655243 0.5100799798965454
v -0.4033719301223755 0.30310773849487305 0.6734176874160767
v -0.37296947836875916 0.30416572093963623 0.6741713285446167
v -0.3432583510875702 0.3049507439136505 0.6764078140258789
v -0.3068302869796753 0.3023252487182617 0.668189525604248
v -0.27461788058280945 0.302257776260376 0.6686933040618896
v -0.25270622968673706 0.31077179312705994 0.6921271085739136
v -0.2224549800157547 0.3129144012928009 0.6957579851150513
v -0.18541620671749115 0.3069608509540558 0.6807982325553894
v -0.1518256515264511 0.30181044340133667 0.6683626174926758
v -0.11926165968179703 0.2975638806819916 0.65810626745224
v -0.08715490996837616 0.29341572523117065 0.6496847867965698
v -0.05625930428504944 0.28970274329185486 0.6417268514633179
v -0.025692887604236603 0.28634873032569885 0.6340901851654053
v 0.0026105160359293222 0.2822527289390564 0.6287367343902588
v 0.031090103089809418 0.25498852133750916 0.5619171857833862
v 0.05499417334794998 0.2547570765018463 0.5640352964401245
v 0.08141499012708664 0.2513931691646576 0.5538121461868286
v 0.11766496300697327 0.27158093452453613 0.6018639802932739
v 0.14267677068710327 0.2704557776451111 0.5992351770401001
v 0.15735509991645813 0.24966540932655334 0.5433055758476257
v 0.17912308871746063 0.24335066974163055 0.5394930839538574
v 0.20070780813694 0.23843157291412354 0.5333466529846191
v 0.219914510846138 0.23202738165855408 0.5151727199554443
v 0.23757074773311615 0.22822286188602448 0.5063230991363525
v 0.26067718863487244 0.22716055810451508 0.504314661026001
v 0.2898397743701935 0.23160624504089355 0.5094891786575317
v -0.3994176983833313 0.30389219522476196 0.6724000573158264
v -0.368764191865921 0.30493947863578796 0.6720771193504333
v -0.33811113238334656 0.3052420914173126 0.6730287075042725
v -0.3004057705402374 0.30225715041160583 0.6632047891616821
v -0.27158480882644653 0.3035421073436737 0.6688356399536133
v -0.24897564947605133 0.31171825528144836 0.6906620264053345
v -0.21827176213264465 0.31348931789398193 0.6932004690170288
v -0.1815875917673111 0.307437926530838 0.6781579256057739
v -0.14825546741485596 0.30233487486839294 0.6657915115356445
v -0.11577478051185608 0.2981911599636078 0.6559064984321594
v -0.08390270173549652 0.2939718961715698 0.6474108695983887
v -0.05308659002184868 0.2903280258178711 0.6395536661148071
v -0.022656764835119247 0.2868659496307373 0.6319374442100525
v 0.0067786467261612415 0.2797921895980835 0.6151081919670105
v 0.03367015719413757 0.2552433907985687 0.5602842569351196
v 0.0588332936167717 0.25887227058410645 0.5676712989807129
v 0.09171891212463379 0.2703149914741516 0.5990919470787048
v 0.11997925490140915 0.27274981141090393 0.6010379195213318
v 0.14491964876651764 0.27108097076416016 0.5971006155014038
v 0.1601356714963913 0.2522200047969818 0.5430846214294434
v 0.18132920563220978 0.24374322593212128 0.5376362800598145
v 0.20121893286705017 0.23569756746292114 0.5195139646530151
v 0.22147820889949799 0.2325511872768402 0.5139374732971191
v 0.23954598605632782 0.22880560159683228 0.50555020570755
v 0.26302072405815125 0.2282797396183014 0.5038049221038818
v 0.292263001203537 0.23272424936294556 0.5082567930221558
v -0.3957218825817108 0.3046685755252838 0.6713303327560425
v -0.3640657067298889 0.30555811524391174 0.669658362865448
v -0.3319672644138336 0.30519038438796997 0.6685184240341187
v -0.295595645904541 0.30249205231666565 0.6602895259857178
v -0.26915258169174194 0.30539295077323914 0.6704498529434204
v -0.24530647695064545 0.3126959800720215 0.689233660697937
v -0.21402567625045776 0.31400418281555176 0.6905525326728821
v -0.1777832806110382 0.3079093396663666 0.67555171251297
v -0.14474357664585114 0.302907258272171 0.6632976531982422
v -0.11228375136852264 0.2988050878047943 0.6537370681762695
v -0.08067717403173447 0.29451632499694824 0.6451475620269775
v -0.04991951212286949 0.2909429371356964 0.637397289276123
v -0.01967301219701767 0.2873581051826477 0.6297982931137085
v 0.009585975669324398 0.2795327305793762 0.6128654479980469
v 0.0360560268163681 0.2561585307121277 0.5587747693061829
v 0.06261669844388962 0.26228952407836914 0.5721127986907959
v 0.09462994337081909 0.27255886793136597 0.599534273147583
v 0.1225656121969223 0.27365735173225403 0.6002002954483032
v 0.14721035957336426 0.2715800702571869 0.5949084162712097
v 0.172974094748497 0.26676109433174133 0.5847793817520142
v 0.18339894711971283 0.24430812895298004 0.5364093780517578
v 0.203367680311203 0.2355547547340393 0.5177814960479736
v 0.22301211953163147 0.23298507928848267 0.5126011967658997
v 0.24157612025737762 0.22935208678245544 0.5045052766799927
v 0.26567238569259644 0.22975310683250427 0.5037878751754761
v 0.2949029803276062 0.233792245388031 0.507123589515686
v -0.39213690161705017 0.3055577278137207 0.6700974702835083
v -0.35952237248420715 0.30619585514068604 0.6677050590515137
v -0.3258826732635498 0.30501508712768555 0.664049506187439
v -0.29184281826019287 0.30296993255615234 0.6581007242202759
v -0.2667529582977295 0.3076061010360718 0.6726489067077637
v -0.24161797761917114 0.31366899609565735 0.6877073049545288
v -0.20978504419326782 0.3144206702709198 0.6877896785736084
v -0.17401926219463348 0.3083721399307251 0.672980546951294
v -0.1412418931722641 0.3034847676753998 0.6609187126159668
v -0.10881022363901138 0.299395352602005 0.6515804529190063
v -0.0775095522403717 0.29505980014801025 0.6428846120834351
v -0.04677720367908478 0.2915399968624115 0.6352262496948242
v -0.016751624643802643 0.2878485321998596 0.6277236938476562
v 0.01271718181669712 0.28014373779296875 0.6112085580825806
v 0.038360387086868286 0.25714749097824097 0.557762622833252
v 0.06637126952409744 0.26563724875450134 0.5767718553543091
v 0.09702132642269135 0.2739090323448181 0.5989388823509216
v 0.1250089555978775 0.2744128406047821 0.5990753769874573
v 0.14940789341926575 0.27205318212509155 0.5928424000740051
v 0.17547161877155304 0.26843348145484924 0.5850754976272583
v 0.1855027973651886 0.24516326189041138 0.5356454849243164
v 0.20541556179523468 0.23631761968135834 0.5167195796966553
v 0.22443971037864685 0.2333901971578598 0.5111133456230164
v 0.24338386952877045 0.22989733517169952 0.5033212304115295
v 0.26922762393951416 0.2316901981830597 0.5056228637695312
v 0.2979728877544403 0.2348572313785553 0.5060087442398071
v -0.38834089040756226 0.3066041171550751 0.6688094735145569
v -0.356926828622818 0.3075903654098511 0.6682508587837219
v -0.32118818163871765 0.30517545342445374 0.6608847379684448
v -0.2882382273674011 0.30356132984161377 0.6561605930328369
v -0.2641464173793793 0.3091920018196106 0.6737915277481079
v -0.2379014939069748 0.31461161375045776 0.6860771179199219
v -0.2055845409631729 0.31476500630378723 0.6849040389060974
v -0.1703142374753952 0.3088441789150238 0.6704069375991821
v -0.13773716986179352 0.3040646016597748 0.6586059331893921
v -0.10538224130868912 0.2999778687953949 0.6494345664978027
v -0.07434434443712234 0.29560184478759766 0.6406542062759399
v -0.04364439472556114 0.2921127676963806 0.6330737471580505
v -0.013876141048967838 0.28834113478660583 0.6256792545318604
v 0.015077078714966774 0.2806347608566284 0.6103142499923706
v 0.04051798954606056 0.25809189677238464 0.5571032762527466
v 0.07001662254333496 0.2687186300754547 0.5812485814094543
v 0.09964022785425186 0.27504926919937134 0.5982089042663574
v 0.1273142546415329 0.2749646008014679 0.5974520444869995
v 0.15162953734397888 0.27249574661254883 0.5908445715904236
v 0.17750263214111328 0.26964932680130005 0.5840818881988525
v 0.18786485493183136 0.24600329995155334 0.5353197455406189
v 0.20729129016399384 0.23697607219219208 0.5157157182693481
v 0.2258249670267105 0.23377102613449097 0.5095149278640747
v 0.24496284127235413 0.23036988079547882 0.5022426843643188
v 0.27385014295578003 0.23412804305553436 0.5094056725502014
v 0.30114197731018066 0.23612336814403534 0.5047074556350708
v -0.38441982865333557 0.3078068196773529 0.6674609184265137
v -0.3548315763473511 0.30925673246383667 0.669318437576294
v -0.3173409402370453 0.30562010407447815 0.6587206125259399
v -0.2846446931362152 0.30429574847221375 0.6546972990036011
v -0.2610935866832733 0.3104730546474457 0.6739488840103149
v -0.23423832654953003 0.3154982030391693 0.6844398379325867
v -0.20144405961036682 0.3151176869869232 0.6820511817932129
v -0.1666596680879593 0.3093150854110718 0.6678615808486938
v -0.13421142101287842 0.30464524030685425 0.6563283801078796
v -0.10200206935405731 0.3005600869655609 0.6472654342651367
v -0.0711660385131836 0.2961490750312805 0.6384392976760864
v -0.04053427278995514 0.2926674783229828 0.6309413909912109
v -0.011071952059864998 0.2888318598270416 0.6236156821250916
v 0.017354601994156837 0.28127092123031616 0.6093491315841675
v 0.04253031685948372 0.2591000199317932 0.5567721128463745
v 0.07355218380689621 0.27136754989624023 0.5854281187057495
v 0.10255027562379837 0.27611592411994934 0.5976094007492065
v 0.1297207474708557 0.27553170919418335 0.5956920385360718
v 0.1539946049451828 0.27296385169029236 0.5889072418212891
v 0.17954055964946747 0.270599365234375 0.5829591751098633
v 0.190270334482193 0.24699872732162476 0.5353959798812866
v 0.20911122858524323 0.2376047968864441 0.5147244930267334
v 0.227237731218338 0.23418684303760529 0.5078330636024475
v 0.24646936357021332 0.23083288967609406 0.5009093284606934
v 0.2778017818927765 0.23655115067958832 0.511008620262146
v 0.30539262294769287 0.23737293481826782 0.5028027892112732
v -0.3805554211139679 0.308930903673172 0.6660583019256592
v -0.35143914818763733 0.31021854281425476 0.6682172417640686
v -0.31412094831466675 0.30651459097862244 0.6575666666030884
v -0.2809455096721649 0.3049499988555908 0.6531704664230347
v -0.2578396499156952 0.31159716844558716 0.6732608079910278
v -0.2306068241596222 0.3163810670375824 0.6828180551528931
v -0.19737142324447632 0.3155134618282318 0.6791689395904541
v -0.16303005814552307 0.30977001786231995 0.6653574705123901
v -0.13069820404052734 0.3052264451980591 0.6540707349777222
v -0.09865624457597733 0.3011387586593628 0.6450814008712769
v -0.06800156831741333 0.29669228196144104 0.6362276673316956
v -0.03743738308548927 0.2931959927082062 0.6288118958473206
v -0.008352169767022133 0.2892857789993286 0.6216009855270386
v 0.01996011473238468 0.2803214490413666 0.6046773195266724
v 0.04459289088845253 0.2602989375591278 0.5567752122879028
v 0.07636582106351852 0.27349939942359924 0.5876256227493286
v 0.10525690019130707 0.2771247923374176 0.5968965888023376
v 0.1320250779390335 0.2760716676712036 0.593866765499115
v 0.15629896521568298 0.2735072374343872 0.5870331525802612
v 0.18137723207473755 0.2713935375213623 0.5815250873565674
v 0.1928277611732483 0.24884231388568878 0.5360612869262695
v 0.2107803374528885 0.23826231062412262 0.5137732625007629
v 0.22857730090618134 0.2345680594444275 0.506226122379303
v 0.24776490032672882 0.23142588138580322 0.49927958846092224
v 0.2803761065006256 0.23836596310138702 0.5102609395980835
v 0.3104250431060791 0.23918390274047852 0.5008850693702698
v -0.37670907378196716 0.30992648005485535 0.664473295211792
v -0.34703758358955383 0.31079256534576416 0.6654870510101318
v -0.31123775243759155 0.30772724747657776 0.6572513580322266
v -0.27697086334228516 0.3054599463939667 0.651095449924469
v -0.25437960028648376 0.312632292509079 0.672118604183197
v -0.22699035704135895 0.3172910213470459 0.6812576055526733
v -0.1934085637331009 0.31591761112213135 0.6763606667518616
v -0.15944445133209229 0.3102279603481293 0.6628743410110474
v -0.1271946132183075 0.3058161437511444 0.6518197059631348
v -0.09534695744514465 0.30170243978500366 0.6429290771484375
v -0.06489426642656326 0.29724571108818054 0.6340515613555908
v -0.03435412049293518 0.2937043607234955 0.6266768574714661
v -0.005693337414413691 0.2897321283817291 0.6195188760757446
v 0.02296432852745056 0.2777702510356903 0.5949751138687134
v 0.04678519815206528 0.2616273760795593 0.5569161176681519
v 0.07866360247135162 0.27487868070602417 0.5882704257965088
v 0.10776080191135406 0.27797967195510864 0.5958868265151978
v 0.1342320591211319 0.2766420841217041 0.5919581651687622
v 0.15867868065834045 0.27412647008895874 0.5853545069694519
v 0.18308612704277039 0.27155202627182007 0.5797051191329956
v 0.19495293498039246 0.24981506168842316 0.5354928970336914
v 0.2124999761581421 0.238954097032547 0.5128143429756165
v 0.22992929816246033 0.234950453042984 0.5046042203903198
v 0.2493981420993805 0.23209714889526367 0.4976409077644348
v 0.28246766328811646 0.23952355980873108 0.5093637704849243
v 0.3417159616947174 0.26179078221321106 0.5397477149963379
v -0.372819721698761 0.31083589792251587 0.662582278251648
v -0.3424051105976105 0.3113330900669098 0.6624725461006165
v -0.3082435727119446 0.30879342555999756 0.6569380164146423
v -0.27301791310310364 0.3058718740940094 0.6487864255905151
v -0.25075259804725647 0.3136744797229767 0.6705453395843506
v -0.22338838875293732 0.3182067573070526 0.6796241998672485
v -0.18951547145843506 0.3163323700428009 0.6736236810684204
v -0.1559051275253296 0.3107084333896637 0.6604104042053223
v -0.12368545681238174 0.30639657378196716 0.6495875716209412
v -0.09206295013427734 0.3022523820400238 0.6408112049102783
v -0.06179118528962135 0.29781657457351685 0.6319071650505066
v -0.03130447119474411 0.29419055581092834 0.6245564222335815
v -0.0030776194762438536 0.29016396403312683 0.6174744367599487
v 0.0251686479896307 0.27691012620925903 0.5889962911605835
v 0.04915592819452286 0.2629283666610718 0.5571995377540588
v 0.0813450813293457 0.276510626077652 0.588129997253418
v 0.1102125495672226 0.27887311577796936 0.5946457386016846
v 0.13644349575042725 0.27725711464881897 0.5900402069091797
v 0.16120290756225586 0.27488139271736145 0.5838775038719177
v 0.17157074809074402 0.25261491537094116 0.5392345786094666
v 0.19687287509441376 0.25056466460227966 0.5348166227340698
v 0.21417206525802612 0.23958587646484375 0.5118104219436646
v 0.23137490451335907 0.23538783192634583 0.5030413269996643
v 0.25161218643188477 0.23303350806236267 0.49623215198516846
v 0.2844787538051605 0.24056842923164368 0.5083944797515869
v -0.3911001980304718 0.3055674433708191 0.6421573758125305
v -0.368767648935318 0.3116801977157593 0.6605112552642822
v -0.3380356431007385 0.3118480443954468 0.6600381731987
v -0.3043192923069 0.30954891443252563 0.655398964881897
v -0.26899659633636475 0.30628421902656555 0.6464138031005859
v -0.24709159135818481 0.3147658705711365 0.668825089931488
v -0.21985004842281342 0.31911444664001465 0.6780067682266235
v -0.18571093678474426 0.3167375922203064 0.6709481477737427
v -0.15240271389484406 0.3111971914768219 0.657960057258606
v -0.12019190937280655 0.30695679783821106 0.6473782062530518
v -0.0888194888830185 0.30280613899230957 0.6387133598327637
v -0.058677829802036285 0.29839226603507996 0.6297999620437622
v -0.02828153967857361 0.2946566939353943 0.622451901435852
v -0.00043012696551159024 0.29048794507980347 0.6155633926391602
v 0.02738327719271183 0.27717122435569763 0.5856008529663086
v 0.05170641466975212 0.26414135098457336 0.5574678182601929
v 0.08590105175971985 0.27959463000297546 0.5928248167037964
v 0.11264141649007797 0.2798570692539215 0.5933152437210083
v 0.13867615163326263 0.277864545583725 0.5881043076515198
v 0.16372570395469666 0.27570903301239014 0.5824441909790039
v 0.174696683883667 0.25392019748687744 0.5381757020950317
v 0.19868716597557068 0.25117796659469604 0.5340477228164673
v 0.21572527289390564 0.24020130932331085 0.5107467174530029
v 0.2329743504524231 0.2359286993741989 0.5015134811401367
v 0.2544262111186981 0.2345852553844452 0.49557164311408997
v 0.2866464853286743 0.24166162312030792 0.5074341297149658
v -0.3858712911605835 0.30716603994369507 0.6441174149513245
v -0.36466678977012634 0.3124611973762512 0.6585161685943604
v -0.3336174190044403 0.31228721141815186 0.6576464772224426
v -0.29976531863212585 0.3100895881652832 0.6527174711227417
v -0.2652495503425598 0.3067605495452881 0.6440954208374023
v -0.24357226490974426 0.31588712334632874 0.6674604415893555
v -0.21622803807258606 0.3200424313545227 0.6765385270118713
v -0.1819479912519455 0.3171412944793701 0.668323278427124
v -0.14893308281898499 0.31168651580810547 0.6555478572845459
v -0.11671964079141617 0.30749255418777466 0.6452059745788574
v -0.08561250567436218 0.30333951115608215 0.6365964412689209
v -0.05556996539235115 0.2989756464958191 0.6277021169662476
v -0.02526838518679142 0.2951197326183319 0.6203142404556274
v 0.0021385399159044027 0.2908998727798462 0.613797664642334
v 0.029531914740800858 0.2770746350288391 0.5806354880332947
v 0.054229699075222015 0.2657877504825592 0.5578664541244507
v 0.08988244086503983 0.28224068880081177 0.5966223478317261
v 0.1151311993598938 0.28094515204429626 0.592404305934906
v 0.14091241359710693 0.2784939408302307 0.5861358046531677
v 0.16609804332256317 0.27645978331565857 0.5810554027557373
v 0.1772925704717636 0.2549792230129242 0.5370161533355713
v 0.20013399422168732 0.25028321146965027 0.5315055847167969
v 0.21727246046066284 0.24077026546001434 0.5095755457878113
v 0.23485317826271057 0.23668581247329712 0.5007559061050415
v 0.2940272390842438 0.2638404667377472 0.5649268627166748
v 0.2888045310974121 0.24290910363197327 0.5064190030097961
v -0.38291558623313904 0.3085499107837677 0.6445839405059814
v -0.36087676882743835 0.3132263720035553 0.6571493148803711
v -0.32873663306236267 0.3126205801963806 0.654727041721344
v -0.295387327671051 0.3105199337005615 0.6503151655197144
v -0.2616771459579468 0.3073052167892456 0.6419574022293091
v -0.240147203207016 0.316993772983551 0.6663979291915894
v -0.21243634819984436 0.3210046589374542 0.6751574873924255
v -0.17820847034454346 0.31756553053855896 0.6657379269599915
v -0.1454637348651886 0.3121851086616516 0.6531972289085388
v -0.1133001372218132 0.30802565813064575 0.6430498957633972
v -0.0824146643280983 0.3038543462753296 0.6344683170318604
v -0.052443280816078186 0.2995304763317108 0.6256136894226074
v -0.02227133885025978 0.2955789864063263 0.6181627511978149
v 0.004391137510538101 0.2912595570087433 0.6120239496231079
v 0.03382432088255882 0.2672911584377289 0.557694137096405
v 0.0612199530005455 0.2746140956878662 0.5732513070106506
v 0.09233010560274124 0.2830588221549988 0.5954813957214355
v 0.11758396029472351 0.28178635239601135 0.5909765958786011
v 0.1431015431880951 0.27909889817237854 0.5842002034187317
v 0.1683199554681778 0.2772149443626404 0.5796664357185364
v 0.17961454391479492 0.2557855248451233 0.5359870195388794
v 0.19798046350479126 0.24401763081550598 0.5138728618621826
v 0.21881961822509766 0.24127967655658722 0.5083303451538086
v 0.2369188666343689 0.23747864365577698 0.500213086605072
v 0.2960830330848694 0.2657027542591095 0.5643011927604675
v 0.2910224199295044 0.24416540563106537 0.5053097009658813
v -0.3802836239337921 0.30997300148010254 0.6451307535171509
v -0.3572591245174408 0.31410571932792664 0.6560382843017578
v -0.32399144768714905 0.3128781318664551 0.6520238518714905
v -0.2913990616798401 0.3108731508255005 0.6481213569641113
v -0.2581385374069214 0.3080565929412842 0.6401898860931396
v -0.23675839602947235 0.31800320744514465 0.6654996871948242
v -0.2086951732635498 0.32195693254470825 0.6737034320831299
v -0.17450971901416779 0.317958801984787 0.6632049083709717
v -0.14200210571289062 0.31268027424812317 0.650910496711731
v -0.10990872234106064 0.3085382878780365 0.6408903002738953
v -0.07923480868339539 0.3043542504310608 0.6323246955871582
v -0.0493212454020977 0.3000772297382355 0.6235220432281494
v -0.019335834309458733 0.29603466391563416 0.616033673286438
v 0.009495333768427372 0.2858300507068634 0.5919950008392334
v 0.03603552654385567 0.2680097222328186 0.5563175678253174
v 0.06413380801677704 0.2768609821796417 0.576085090637207
v 0.09424812346696854 0.2836681008338928 0.5939583778381348
v 0.11990704387426376 0.2824173867702484 0.5889548063278198
v 0.14530643820762634 0.2796822488307953 0.5823690891265869
v 0.17037899792194366 0.27797234058380127 0.5782987475395203
v 0.18179666996002197 0.25648775696754456 0.5349102020263672
v 0.20033733546733856 0.24434597790241241 0.5126836895942688
v 0.22030110657215118 0.2417350709438324 0.5069371461868286
v 0.23905080556869507 0.23838815093040466 0.4992835223674774
v 0.29742997884750366 0.2674332857131958 0.5630003809928894
v 0.2934229373931885 0.24552249908447266 0.5039203763008118
v -0.37756574153900146 0.3113204836845398 0.6449823379516602
v -0.35336849093437195 0.31497493386268616 0.6543387770652771
v -0.31978467106819153 0.3131473958492279 0.649927020072937
v -0.28759196400642395 0.3113612234592438 0.6461168527603149
v -0.25468209385871887 0.30921632051467896 0.6393301486968994
v -0.2332807034254074 0.3188740313053131 0.6643996238708496
v -0.20497770607471466 0.3228221535682678 0.672163724899292
v -0.1708349734544754 0.31833770871162415 0.6607077717781067
v -0.138551726937294 0.31317827105522156 0.6486413478851318
v -0.10655233263969421 0.3090437948703766 0.6387408971786499
v -0.0761018767952919 0.30483371019363403 0.6302077770233154
v -0.04617984592914581 0.3006150722503662 0.6214234828948975
v -0.01647460274398327 0.2964925169944763 0.6139732599258423
v 0.012247180566191673 0.28448912501335144 0.5867342948913574
v 0.03809196129441261 0.26923784613609314 0.5560516119003296
v 0.06650394201278687 0.278646320104599 0.5773344039916992
v 0.0963410958647728 0.28432732820510864 0.5923486948013306
v 0.1222309097647667 0.2830101549625397 0.5868848562240601
v 0.14753103256225586 0.2802848517894745 0.5806199312210083
v 0.17239181697368622 0.27865830063819885 0.5769044160842896
v 0.18392601609230042 0.25722143054008484 0.5338820219039917
v 0.2023690938949585 0.24510802328586578 0.5114505887031555
v 0.221731036901474 0.24221202731132507 0.5054822564125061
v 0.24097202718257904 0.2394673079252243 0.4983672797679901
v 0.29888081550598145 0.26885274052619934 0.561172604560852
v 0.29619336128234863 0.2469768524169922 0.5023787021636963
v -0.37481868267059326 0.3126344680786133 0.6446108818054199
v -0.34911882877349854 0.3156944811344147 0.6520112752914429
v -0.3159613013267517 0.3135961890220642 0.6479519009590149
v -0.28384163975715637 0.3119020462036133 0.6442657709121704
v -0.25172853469848633 0.31070637702941895 0.6396340131759644
v -0.2297365367412567 0.3197413682937622 0.6630334854125977
v -0.20123514533042908 0.3236258625984192 0.6704610586166382
v -0.16722477972507477 0.31872275471687317 0.6582393050193787
v -0.13507625460624695 0.31368497014045715 0.6463852524757385
v -0.10322818160057068 0.3095431327819824 0.6366074681282043
v -0.0730200931429863 0.3053191602230072 0.6280889511108398
v -0.043044283986091614 0.301146537065506 0.6193236112594604
v -0.013683570548892021 0.2969594895839691 0.6119626760482788
v 0.014843377284705639 0.284434050321579 0.5839090347290039
v 0.040094729512929916 0.2705720365047455 0.5559648275375366
v 0.06929141283035278 0.2805491089820862 0.5786454677581787
v 0.09861385077238083 0.2850262224674225 0.5907894968986511
v 0.12453264743089676 0.28354912996292114 0.5848413705825806
v 0.1497666835784912 0.280922532081604 0.578951358795166
v 0.17433489859104156 0.2792932689189911 0.5754393339157104
v 0.18603160977363586 0.2579445242881775 0.5328117609024048
v 0.20430782437324524 0.24579966068267822 0.5103256106376648
v 0.22316941618919373 0.2427239567041397 0.5040022730827332
v 0.2426372766494751 0.24086695909500122 0.4976632297039032
v 0.3004678189754486 0.2697466015815735 0.5590906143188477
v 0.2990362048149109 0.24858345091342926 0.5007403492927551
v -0.371986448764801 0.3139716684818268 0.6445167064666748
v -0.34470105171203613 0.31631630659103394 0.6496597528457642
v -0.31208905577659607 0.3141389787197113 0.6459116339683533
v -0.27993255853652954 0.3123602867126465 0.6420425772666931
v -0.24949808418750763 0.31253883242607117 0.6413754224777222
v -0.22612647712230682 0.3205593526363373 0.6614742279052734
v -0.19748465716838837 0.32439741492271423 0.6686080694198608
v -0.1636529415845871 0.319124698638916 0.6557963490486145
v -0.1315905600786209 0.3141920864582062 0.6441662311553955
v -0.09992003440856934 0.3100391924381256 0.6344850063323975
v -0.06994647532701492 0.30581653118133545 0.6259688138961792
v -0.03992333635687828 0.3016525208950043 0.617233395576477
v -0.01098973210901022 0.29736530780792236 0.6099845170974731
v 0.017230700701475143 0.28479817509651184 0.582025408744812
v 0.04206801578402519 0.27187907695770264 0.5559963583946228
v 0.07235709577798843 0.28253602981567383 0.5802456140518188
v 0.10092231631278992 0.2858811616897583 0.5891447067260742
v 0.12680859863758087 0.28408083319664 0.5828843116760254
v 0.15199102461338043 0.28159192204475403 0.5773369669914246
v 0.1763458549976349 0.2799080014228821 0.5738250017166138
v 0.18808822333812714 0.2585245966911316 0.5317509174346924
v 0.20617076754570007 0.2464933544397354 0.509220540523529
v 0.22455984354019165 0.2432861030101776 0.5024749040603638
v 0.2814815938472748 0.2698439061641693 0.5614778995513916
v 0.30223169922828674 0.2705727517604828 0.5571097731590271
v 0.30283722281455994 0.2501924932003021 0.4991627037525177
v -0.369094580411911 0.31522002816200256 0.6446105241775513
v -0.34052032232284546 0.3169194459915161 0.6475555896759033
v -0.30783793330192566 0.31452205777168274 0.6434203386306763
v -0.2756289541721344 0.3127289414405823 0.6394014358520508
v -0.2470424324274063 0.31443578004837036 0.6435468196868896
v -0.22254331409931183 0.3213163912296295 0.6598106026649475
v -0.1937352865934372 0.32508283853530884 0.6665921807289124
v -0.16012375056743622 0.31952711939811707 0.6533694863319397
v -0.12811096012592316 0.31469741463661194 0.6419793367385864
v -0.09666308015584946 0.31054753065109253 0.6323588490486145
v -0.0668860375881195 0.3063020706176758 0.6238548755645752
v -0.036819830536842346 0.3021315336227417 0.615163266658783
v -0.008404197171330452 0.2977249026298523 0.6080165505409241
v 0.01982595957815647 0.2853362262248993 0.5804650783538818
v 0.04419872164726257 0.27329668402671814 0.5562915802001953
v 0.07481425255537033 0.28383660316467285 0.5803344249725342
v 0.10327957570552826 0.28677788376808167 0.5875051617622375
v 0.12908342480659485 0.28460925817489624 0.5810223817825317
v 0.1542055308818817 0.2822605073451996 0.5758196115493774
v 0.17833012342453003 0.2805733382701874 0.5722416639328003
v 0.1900104284286499 0.2591105103492737 0.5303906798362732
v 0.20784129202365875 0.2471712976694107 0.5080993175506592
v 0.22592943906784058 0.24386151134967804 0.5010751485824585
v 0.283277302980423 0.2709690034389496 0.5609679222106934
v 0.30415910482406616 0.2713649272918701 0.5548418760299683
v 0.3067651689052582 0.2527367174625397 0.49764367938041687
v -0.3661031126976013 0.31648674607276917 0.6446084976196289
v -0.3366251289844513 0.31751522421836853 0.6456892490386963
v -0.3039661943912506 0.3150421380996704 0.6414897441864014
v -0.2713611423969269 0.3130583167076111 0.6368486285209656
v -0.24443908035755157 0.31623977422714233 0.6448551416397095
v -0.219048410654068 0.3220604956150055 0.6580548882484436
v -0.19002756476402283 0.32564446330070496 0.6643942594528198
v -0.15664228796958923 0.31994250416755676 0.6509692072868347
v -0.12463156878948212 0.31520313024520874 0.6398249864578247
v -0.09342367947101593 0.31104952096939087 0.6302167177200317
v -0.0638158917427063 0.30678921937942505 0.621715784072876
v -0.033745359629392624 0.30259448289871216 0.6130846738815308
v -0.005939317401498556 0.298094242811203 0.605962872505188
v 0.021794695407152176 0.28600311279296875 0.5794061422348022
v 0.04651977866888046 0.2747480273246765 0.5567657947540283
v 0.07672242075204849 0.2845788300037384 0.5780767202377319
v 0.1056080311536789 0.2876093089580536 0.5858621597290039
v 0.13131709396839142 0.2851480543613434 0.5792173743247986
v 0.15640269219875336 0.28291791677474976 0.5743789672851562
v 0.1803896129131317 0.28121039271354675 0.5707423686981201
v 0.192213773727417 0.2598220407962799 0.5291261672973633
v 0.20946717262268066 0.24781206250190735 0.5070114135742188
v 0.227400004863739 0.24455784261226654 0.49966996908187866
v 0.2845743000507355 0.27181658148765564 0.5597485899925232
v 0.3056168854236603 0.2717912197113037 0.5522787570953369
v 0.33464398980140686 0.2689417600631714 0.5363423824310303
v -0.36299610137939453 0.3176847994327545 0.6442450284957886
v -0.33295363187789917 0.31810304522514343 0.6441547870635986
v -0.30115368962287903 0.3160730004310608 0.6412299871444702
v -0.26737523078918457 0.313446968793869 0.6345223188400269
v -0.24167363345623016 0.31786152720451355 0.6453440189361572
v -0.21546919643878937 0.32286888360977173 0.6562697291374207
v -0.18635672330856323 0.32614582777023315 0.6620885133743286
v -0.15316365659236908 0.3203812837600708 0.6486049890518188
v -0.12119169533252716 0.3157186210155487 0.6376893520355225
v -0.09019773453474045 0.31155529618263245 0.6280888319015503
v -0.06073938310146332 0.3072841167449951 0.6195546388626099
v -0.03069639764726162 0.3030188977718353 0.6110159158706665
v -0.0036020437255501747 0.2984721064567566 0.6037354469299316
v 0.02372000738978386 0.2867147624492645 0.5784657001495361
v 0.048935651779174805 0.2762320041656494 0.5572727918624878
v 0.0788499191403389 0.2854769229888916 0.577976405620575
v 0.10788604617118835 0.2883511185646057 0.583976149559021
v 0.1335393786430359 0.2857021391391754 0.5774428248405457
v 0.1586105227470398 0.2835577130317688 0.5729662775993347
v 0.18241843581199646 0.28182291984558105 0.5691840052604675
v 0.1946156769990921 0.2599942684173584 0.5279383063316345
v 0.21103709936141968 0.24843625724315643 0.5058401823043823
v 0.22915367782115936 0.24555878341197968 0.49845558404922485
v 0.2860351800918579 0.2728976905345917 0.5581731796264648
v 0.30635228753089905 0.2724223732948303 0.5494508743286133
v -0.3791705369949341 0.3112413287162781 0.6226025819778442
v -0.3596695065498352 0.3187297582626343 0.6433550715446472
v -0.32930314540863037 0.3186924457550049 0.6426979303359985
v -0.2980906069278717 0.31696268916130066 0.6405878067016602
v -0.2636595368385315 0.31389179825782776 0.6324828863143921
v -0.23861880600452423 0.3192935585975647 0.6450629234313965
v -0.2119862139225006 0.323938250541687 0.654720664024353
v -0.18273769319057465 0.3266104757785797 0.6597191095352173
v -0.14969918131828308 0.3208227753639221 0.6462695598602295
v -0.117775559425354 0.31623682379722595 0.6355603933334351
v -0.08699119091033936 0.3120536804199219 0.6259769797325134
v -0.05766307935118675 0.3077739179134369 0.617358386516571
v -0.027682999148964882 0.30342721939086914 0.6089760661125183
v -0.0013308861525729299 0.2985150218009949 0.600670576095581
v 0.025693606585264206 0.28720760345458984 0.5773937702178955
v 0.055467281490564346 0.28371191024780273 0.569385290145874
v 0.08601553738117218 0.290473073720932 0.5876489877700806
v 0.11019450426101685 0.2889818847179413 0.5820123553276062
v 0.13576407730579376 0.2862791121006012 0.5757460594177246
v 0.1608344465494156 0.2841949462890625 0.5716084241867065
v 0.18424682319164276 0.2825242877006531 0.5674941539764404
v 0.2108055204153061 0.27703699469566345 0.5598559379577637
v 0.2125040888786316 0.24905215203762054 0.5045539140701294
v 0.23113557696342468 0.2468487024307251 0.4977167844772339
v 0.2873017191886902 0.2737416923046112 0.5561760067939758
v 0.3071993291378021 0.2729537785053253 0.5465231537818909
v -0.3752160668373108 0.3133408725261688 0.6251001358032227
v -0.3561224639415741 0.3195618689060211 0.6420130729675293
v -0.325649619102478 0.3193039000034332 0.6413858532905579
v -0.2942955791950226 0.3175213932991028 0.6387584805488586
v -0.26012125611305237 0.31441327929496765 0.6306051015853882
v -0.23514795303344727 0.3203586935997009 0.6436529159545898
v -0.20852188766002655 0.3251209557056427 0.6535792946815491
v -0.17912454903125763 0.3270421028137207 0.6572897434234619
v -0.14623123407363892 0.3212806284427643 0.6439502239227295
v -0.11437811702489853 0.31674009561538696 0.633449912071228
v -0.08384096622467041 0.3125472068786621 0.6238816380500793
v -0.05455237627029419 0.3082549273967743 0.615158200263977
v -0.0247047059237957 0.3038303554058075 0.6069604754447937
v 0.0037796443793922663 0.2950204312801361 0.5885453224182129
v 0.02804436907172203 0.2868289649486542 0.5744749307632446
v 0.05809301137924194 0.28531545400619507 0.5708847641944885
v 0.08824170380830765 0.29120010137557983 0.586363673210144
v 0.11253596097230911 0.28953123092651367 0.5800768136978149
v 0.13797405362129211 0.2868589460849762 0.5740976333618164
v 0.16305728256702423 0.28482159972190857 0.5702626705169678
v 0.18603329360485077 0.283054918050766 0.5655162334442139
v 0.20271983742713928 0.2718115448951721 0.5316278338432312
v 0.21402934193611145 0.249628484249115 0.5032785534858704
v 0.23321272432804108 0.24852341413497925 0.4976520836353302
v 0.2885536551475525 0.2744404971599579 0.5540371537208557
v 0.2871321141719818 0.2553473711013794 0.502441942691803
v -0.3727283477783203 0.3147430121898651 0.626014769077301
v -0.352267861366272 0.3202238082885742 0.6402485370635986
v -0.32199785113334656 0.3198259174823761 0.6396760940551758
v -0.2901473939418793 0.31800124049186707 0.6365342140197754
v -0.25666913390159607 0.31503379344940186 0.6289286017417908
v -0.23135001957416534 0.3212738633155823 0.6416021585464478
v -0.20498687028884888 0.326270192861557 0.6526669859886169
v -0.17547819018363953 0.32742998003959656 0.6547919511795044
v -0.14277330040931702 0.32174381613731384 0.6416537761688232
v -0.11101071536540985 0.3172299265861511 0.6313549876213074
v -0.08074257522821426 0.3130382001399994 0.6218051910400391
v -0.051436591893434525 0.3087247908115387 0.6129792928695679
v -0.021789897233247757 0.3042379319667816 0.6049944162368774
v 0.006484421901404858 0.2946876585483551 0.5852779150009155
v 0.03377430886030197 0.2802552580833435 0.5564736127853394
v 0.060323696583509445 0.2866249084472656 0.5717197060585022
v 0.09008479863405228 0.2917875051498413 0.5846264958381653
v 0.11487356573343277 0.2900477349758148 0.5781918168067932
v 0.14018316566944122 0.2874522805213928 0.5724872350692749
v 0.16524368524551392 0.2854347825050354 0.5688827037811279
v 0.17940101027488708 0.2780211269855499 0.5390622019767761
v 0.19484858214855194 0.25429582595825195 0.5088379979133606
v 0.21551455557346344 0.2502211630344391 0.5019655823707581
v 0.2548162043094635 0.268589586019516 0.5296682119369507
v 0.28991934657096863 0.2751479744911194 0.5518496036529541
v 0.28836193680763245 0.25654539465904236 0.49923381209373474
v -0.37037014961242676 0.3160792887210846 0.6267061233520508
v -0.34822678565979004 0.32082483172416687 0.6383525729179382
v -0.3177536427974701 0.3202572166919708 0.6372097730636597
v -0.2861136496067047 0.31850147247314453 0.6343050599098206
v -0.25326645374298096 0.31567808985710144 0.6273860931396484
v -0.2277713418006897 0.32221853733062744 0.6398740410804749
v -0.2016424536705017 0.3275160789489746 0.6519842743873596
v -0.17184314131736755 0.32781893014907837 0.652285099029541
v -0.13931985199451447 0.3221937417984009 0.6393920183181763
v -0.10767761617898941 0.31770652532577515 0.629244863986969
v -0.07768119871616364 0.3135090172290802 0.619715690612793
v -0.048330117017030716 0.30918970704078674 0.6108404397964478
v -0.018941299989819527 0.304625540971756 0.6030228137969971
v 0.00906895101070404 0.2948817014694214 0.5829630494117737
v 0.035925764590501785 0.28099325299263 0.5554914474487305
v 0.06273174285888672 0.2880302965641022 0.5724828243255615
v 0.0920291393995285 0.29246678948402405 0.5825906991958618
v 0.11721175909042358 0.290591299533844 0.5763648748397827
v 0.1423925906419754 0.2880638539791107 0.5709139704704285
v 0.16740849614143372 0.28604602813720703 0.5674704313278198
v 0.1793161928653717 0.2678264379501343 0.5288317203521729
v 0.1970362663269043 0.2546407878398895 0.5072386264801025
v 0.21701966226100922 0.2509099543094635 0.5006140470504761
v 0.2649572193622589 0.27464479207992554 0.54961097240448
v 0.2915102243423462 0.2759581506252289 0.5504071712493896
v 0.2904175817966461 0.2583662271499634 0.49682435393333435
v -0.3679768145084381 0.3173154592514038 0.6270971298217773
v -0.3440181612968445 0.32136547565460205 0.6363149881362915
v -0.31320053339004517 0.32060983777046204 0.6343561410903931
v -0.28233060240745544 0.31898245215415955 0.6324759721755981
v -0.24987591803073883 0.31641992926597595 0.625944972038269
v -0.22438275814056396 0.3230992555618286 0.6383868455886841
v -0.19841855764389038 0.32877838611602783 0.6515295505523682
v -0.16824857890605927 0.3282145857810974 0.6498020887374878
v -0.1358371078968048 0.3226344883441925 0.6371839046478271
v -0.10437445342540741 0.3181919753551483 0.627120852470398
v -0.07465148717164993 0.31395506858825684 0.6176108121871948
v -0.04524065554141998 0.3096480965614319 0.6087590456008911
v -0.016163187101483345 0.30498793721199036 0.6010102033615112
v 0.01158069632947445 0.29517439007759094 0.5811783671379089
v 0.037777937948703766 0.2821161448955536 0.554995596408844
v 0.0653926432132721 0.28952300548553467 0.5732280015945435
v 0.09411683678627014 0.2931686341762543 0.5805367231369019
v 0.11955001950263977 0.291166216135025 0.5745663642883301
v 0.14459764957427979 0.2886783480644226 0.5694038271903992
v 0.16957049071788788 0.2866387963294983 0.5660519003868103
v 0.19236186146736145 0.28467994928359985 0.5600721836090088
v 0.19904623925685883 0.2553245425224304 0.5056522488594055
v 0.21863991022109985 0.25158730149269104 0.49922478199005127
v 0.2687259912490845 0.27613282203674316 0.5507305860519409
v 0.29306578636169434 0.27686160802841187 0.5486551523208618
v 0.29302191734313965 0.26101675629615784 0.49505415558815
v -0.36525875329971313 0.31851425766944885 0.6272403597831726
v -0.33974528312683105 0.3218817114830017 0.6341379284858704
v -0.3088434636592865 0.32094889879226685 0.6318258047103882
v -0.2785963714122772 0.31943297386169434 0.6309406757354736
v -0.2463645339012146 0.3171881139278412 0.6245144009590149
v -0.22100088000297546 0.3238861858844757 0.6370636820793152
v -0.19528061151504517 0.32999107241630554 0.6511518955230713
v -0.16468431055545807 0.32861942052841187 0.6472998857498169
v -0.13236616551876068 0.32308995723724365 0.6350154876708984
v -0.10108157992362976 0.3186770975589752 0.6249995827674866
v -0.07162110507488251 0.3143720328807831 0.6155189275741577
v -0.04215271770954132 0.3100966513156891 0.6067286729812622
v -0.013454313389956951 0.3053233027458191 0.5990020036697388
v 0.014023327268660069 0.2959255874156952 0.5799703598022461
v 0.039552826434373856 0.28312793374061584 0.5544291734695435
v 0.06798045337200165 0.29092100262641907 0.5739240050315857
v 0.09630358964204788 0.2938329875469208 0.5787143707275391
v 0.12186232209205627 0.29172298312187195 0.5728167295455933
v 0.14680729806423187 0.28929707407951355 0.567935049533844
v 0.17170917987823486 0.2872275114059448 0.564582109451294
v 0.19563665986061096 0.28522008657455444 0.560139536857605
v 0.20101062953472137 0.2559894621372223 0.5043448805809021
v 0.2202003002166748 0.25230175256729126 0.49786078929901123
v 0.2722380757331848 0.27757546305656433 0.5512712001800537
v 0.29450514912605286 0.2775532603263855 0.5465975999832153
v 0.31690412759780884 0.27476733922958374 0.532460629940033
v -0.36224365234375 0.31971681118011475 0.6271164417266846
v -0.33553773164749146 0.32238590717315674 0.6320570707321167
v -0.30496102571487427 0.32135170698165894 0.6298623085021973
v -0.2748163342475891 0.31992700695991516 0.6294586062431335
v -0.24293802678585052 0.31811684370040894 0.6232466697692871
v -0.21762403845787048 0.32473498582839966 0.6359589099884033
v -0.1921503245830536 0.3311402499675751 0.650514543056488
v -0.16114531457424164 0.3290163278579712 0.6448636054992676
v -0.12891031801700592 0.3235670328140259 0.6328520774841309
v -0.0978144034743309 0.31915274262428284 0.622882604598999
v -0.0685986578464508 0.31477710604667664 0.6134234666824341
v -0.039084333926439285 0.3105219900608063 0.6047507524490356
v -0.010799777694046497 0.3056176006793976 0.5969910621643066
v 0.016317959874868393 0.2961970567703247 0.5787778496742249
v 0.041434794664382935 0.28409916162490845 0.5539982318878174
v 0.07020523399114609 0.2918294370174408 0.5732383728027344
v 0.09847623109817505 0.2944861948490143 0.5770746469497681
v 0.12415701895952225 0.2922787666320801 0.5711296200752258
v 0.1490420252084732 0.28989991545677185 0.5665023326873779
v 0.1738208532333374 0.28780147433280945 0.563138484954834
v 0.19838963449001312 0.285683810710907 0.559421181678772
v 0.20301930606365204 0.256681889295578 0.5029760003089905
v 0.2217443436384201 0.25326836109161377 0.49669310450553894
v 0.2745537757873535 0.27854493260383606 0.5505516529083252
v 0.29598528146743774 0.27805864810943604 0.5444062352180481
v 0.3195120096206665 0.2756360173225403 0.5316745042800903
v -0.35904133319854736 0.3209385871887207 0.6266707181930542
v -0.3314875364303589 0.3229394555091858 0.6300370693206787
v -0.3012961447238922 0.3218659460544586 0.6282981634140015
v -0.2710074186325073 0.32029467821121216 0.6278499364852905
v -0.23971091210842133 0.3193192183971405 0.6225390434265137
v -0.21443422138690948 0.3256446421146393 0.635094165802002
v -0.18894585967063904 0.3322095572948456 0.6494513750076294
v -0.1576545536518097 0.32941585779190063 0.642483115196228
v -0.1254761964082718 0.3240402638912201 0.6306999325752258
v -0.09458401799201965 0.31959253549575806 0.6207907795906067
v -0.0655624195933342 0.31518682837486267 0.6113244295120239
v -0.03604336082935333 0.3109114468097687 0.6028248071670532
v -0.008212463930249214 0.305918425321579 0.5949919819831848
v 0.018601572141051292 0.2964738607406616 0.5776820182800293
v 0.04352733492851257 0.2851145565509796 0.5537562370300293
v 0.07202130556106567 0.2926950454711914 0.5700193643569946
v 0.10078620165586472 0.2951353192329407 0.5755555033683777
v 0.12643927335739136 0.2928563356399536 0.5695128440856934
v 0.15124331414699554 0.2905145287513733 0.565115749835968
v 0.17593766748905182 0.28837230801582336 0.561719536781311
v 0.20084957778453827 0.2861187756061554 0.5583187341690063
v 0.20484745502471924 0.2574995160102844 0.501653254032135
v 0.24723587930202484 0.2774771451950073 0.5429341793060303
v 0.27617812156677246 0.2794605493545532 0.549129068851471
v 0.2975689172744751 0.27853184938430786 0.5422762036323547
v 0.3220592141151428 0.27649930119514465 0.5301836729049683
v -0.3558172583580017 0.3220916986465454 0.6259970664978027
v -0.3276047706604004 0.3235040009021759 0.6280292868614197
v -0.2976241409778595 0.32239142060279846 0.6267344355583191
v -0.2668301463127136 0.3208654820919037 0.6258658170700073
v -0.2367018461227417 0.3207002878189087 0.6224888563156128
v -0.2112829089164734 0.3266133964061737 0.6344687342643738
v -0.18566858768463135 0.33313557505607605 0.6480867862701416
v -0.1541898548603058 0.32983165979385376 0.6401243209838867
v -0.12208069860935211 0.3245014548301697 0.6285648345947266
v -0.0914127454161644 0.32002460956573486 0.6187149286270142
v -0.06251870095729828 0.3156017065048218 0.6092520952224731
v -0.033020514994859695 0.311290979385376 0.6009379625320435
v -0.005656150169670582 0.3062400817871094 0.5929482579231262
v 0.02073361910879612 0.296686589717865 0.576319694519043
v 0.04592360556125641 0.28642353415489197 0.5538767576217651
v 0.07717317342758179 0.29548919200897217 0.5742147564888
v 0.10321684181690216 0.29577961564064026 0.5740079879760742
v 0.12870417535305023 0.2934395968914032 0.567955732345581
v 0.1534746289253235 0.291129469871521 0.5637349486351013
v 0.17808912694454193 0.2889549732208252 0.5603269338607788
v 0.20328263938426971 0.2867700457572937 0.5570986270904541
v 0.20642775297164917 0.25847128033638 0.5002890229225159
v 0.24923862516880035 0.27899590134620667 0.5425324440002441
v 0.27766719460487366 0.2803497612476349 0.5474520921707153
v 0.2991754114627838 0.2790414094924927 0.5401708483695984
v 0.32501420378685 0.2774753272533417 0.5280107259750366
v -0.35257071256637573 0.32314780354499817 0.62517249584198
v -0.32377544045448303 0.3240863084793091 0.6261163353919983
v -0.29406389594078064 0.3228951692581177 0.6253674030303955
v -0.26276305317878723 0.32131630182266235 0.623162031173706
v -0.23381444811820984 0.32228249311447144 0.6229150891304016
v -0.20816670358181 0.32767701148986816 0.6336826086044312
v -0.18235085904598236 0.3339623212814331 0.6465962529182434
v -0.15074320137500763 0.33025503158569336 0.6378028988838196
v -0.11870855838060379 0.32494911551475525 0.626421332359314
v -0.08828003704547882 0.3204587996006012 0.616620659828186
v -0.059465162456035614 0.31602224707603455 0.6072208881378174
v -0.030044011771678925 0.31166791915893555 0.5990418195724487
v -0.0031093673314899206 0.3065614402294159 0.5908644199371338
v 0.02304796501994133 0.29618918895721436 0.5733786821365356
v 0.048590727150440216 0.28851330280303955 0.5560626983642578
v 0.08138751238584518 0.2975904941558838 0.5771821141242981
v 0.10563813894987106 0.29642289876937866 0.5723558664321899
v 0.1309361457824707 0.29402828216552734 0.5664016008377075
v 0.15571030974388123 0.29172176122665405 0.5623359680175781
v 0.18025869131088257 0.2895113229751587 0.5589349269866943
v 0.20556640625 0.28745555877685547 0.5559369325637817
v 0.20788520574569702 0.25962358713150024 0.49889957904815674
v 0.2506134510040283 0.27978459000587463 0.541007936000824
v 0.27908509969711304 0.28098970651626587 0.5455552935600281
v 0.3008989095687866 0.2795499265193939 0.5379905700683594
v -0.37162551283836365 0.3176426291465759 0.607582151889801
v -0.3492089807987213 0.3242035210132599 0.6242343783378601
v -0.32001832127571106 0.324712872505188 0.6243281960487366
v -0.2906532287597656 0.3234671950340271 0.624233603477478
v -0.2592035233974457 0.3220742642879486 0.6211522817611694
v -0.23116812109947205 0.3240742087364197 0.6236394643783569
v -0.2053259164094925 0.32902371883392334 0.6331561803817749
v -0.17903293669223785 0.3347189128398895 0.6449873447418213
v -0.14727571606636047 0.3306836485862732 0.6355037689208984
v -0.115382619202137 0.3253873884677887 0.6242824792861938
v -0.08518967777490616 0.3208604156970978 0.6145375370979309
v -0.056395504623651505 0.3164474368095398 0.605243444442749
v -0.02710229903459549 0.3120307922363281 0.5971300601959229
v -0.0005817242199555039 0.30685216188430786 0.5888447165489197
v 0.028230205178260803 0.2918435037136078 0.5574493408203125
v 0.055156826972961426 0.2946983873844147 0.566644549369812
v 0.08397042006254196 0.29834872484207153 0.5760113000869751
v 0.10803941637277603 0.29704946279525757 0.570695161819458
v 0.13316404819488525 0.29461783170700073 0.5648766756057739
v 0.15795911848545074 0.29229557514190674 0.5609445571899414
v 0.1824968457221985 0.29008808732032776 0.5575381517410278
v 0.20783257484436035 0.2882145643234253 0.5547412037849426
v 0.20943647623062134 0.2610277235507965 0.49810561537742615
v 0.2514118254184723 0.2800957262516022 0.5386569499969482
v 0.2801937460899353 0.2815602421760559 0.5429631471633911
v 0.302700400352478 0.28003156185150146 0.5358446836471558
v -0.36664727330207825 0.3190130591392517 0.6091024875640869
v -0.3456513285636902 0.3250918388366699 0.623058557510376
v -0.3162473142147064 0.3253049850463867 0.6226229667663574
v -0.287300169467926 0.3239685297012329 0.6230253577232361
v -0.25606271624565125 0.3230125904083252 0.6195480823516846
v -0.22853776812553406 0.3257659375667572 0.6241406202316284
v -0.2024284303188324 0.33086585998535156 0.6337617039680481
v -0.1756390482187271 0.3353944420814514 0.6433194279670715
v -0.1437881886959076 0.3311004042625427 0.6332341432571411
v -0.11208222806453705 0.3258076608181 0.6221280097961426
v -0.08213572949171066 0.3212452232837677 0.6124895811080933
v -0.053349412977695465 0.3168753385543823 0.6032967567443848
v -0.024210775271058083 0.3123638927936554 0.5952191352844238
v 0.0019481750205159187 0.30716896057128906 0.5869008302688599
v 0.030588693916797638 0.29112720489501953 0.5545163154602051
v 0.057469647377729416 0.29611262679100037 0.5671180486679077
v 0.08589109778404236 0.2991383373737335 0.5746651887893677
v 0.11044381558895111 0.29767897725105286 0.5690624713897705
v 0.13539306819438934 0.2952118217945099 0.5633901357650757
v 0.1602223813533783 0.2928565740585327 0.5595539212226868
v 0.18471449613571167 0.2906791865825653 0.5561789870262146
v 0.21006877720355988 0.2888917624950409 0.553541898727417
v 0.23257938027381897 0.2842410206794739 0.5446010828018188
v 0.252063512802124 0.2799476981163025 0.5359258651733398
v 0.2815340459346771 0.2821712791919708 0.5403985381126404
v 0.3045457899570465 0.28051602840423584 0.5336600542068481
v -0.363521933555603 0.3200479745864868 0.6088945269584656
v -0.34189796447753906 0.32589244842529297 0.6214599013328552
v -0.3123546242713928 0.32581475377082825 0.6208757162094116
v -0.2836778163909912 0.3242064416408539 0.6213479042053223
v -0.2525020241737366 0.32374268770217896 0.6174287796020508
v -0.22563283145427704 0.3272247612476349 0.6237177848815918
v -0.1997513324022293 0.3327863812446594 0.6348166465759277
v -0.17221078276634216 0.336065411567688 0.6417166590690613
v -0.14031630754470825 0.33151775598526 0.6309562921524048
v -0.10878670960664749 0.32621628046035767 0.6200090646743774
v -0.07911380380392075 0.3216246962547302 0.6104711294174194
v -0.05029134079813957 0.31730225682258606 0.6013460159301758
v -0.02137717790901661 0.31266579031944275 0.5933241844177246
v 0.0044407714158296585 0.30750659108161926 0.5849587321281433
v 0.0327940508723259 0.29127779603004456 0.553223729133606
v 0.05955140292644501 0.29733914136886597 0.5669511556625366
v 0.0879334881901741 0.2999395728111267 0.5733667612075806
v 0.11285347491502762 0.2982949912548065 0.5674563646316528
v 0.13761809468269348 0.29579970240592957 0.5619480013847351
v 0.16249413788318634 0.2934030592441559 0.5581637620925903
v 0.18700045347213745 0.2912510931491852 0.5547686815261841
v 0.21234063804149628 0.2895869016647339 0.5523773431777954
v 0.2354634702205658 0.28563791513442993 0.5443124771118164
v 0.2537885010242462 0.280181348323822 0.5343780517578125
v 0.28335076570510864 0.28295302391052246 0.5389419794082642
v 0.30652251839637756 0.280983030796051 0.5313340425491333
v -0.3605688512325287 0.32108598947525024 0.6086105108261108
v -0.3380313515663147 0.3266601264476776 0.6195710897445679
v -0.30851057171821594 0.3263136148452759 0.6193337440490723
v -0.27927929162979126 0.3241389989852905 0.6182453632354736
v -0.24861203134059906 0.3243173658847809 0.6152572631835938
v -0.2225024700164795 0.3283690810203552 0.6228689551353455
v -0.1969091296195984 0.33445969223976135 0.6356345415115356
v -0.16891802847385406 0.3368130326271057 0.6401278972625732
v -0.1368287056684494 0.33192455768585205 0.6286890506744385
v -0.10549668967723846 0.32662132382392883 0.6179162859916687
v -0.07613429427146912 0.32200461626052856 0.6084403395652771
v -0.04724466800689697 0.31771981716156006 0.5994160175323486
v -0.01859818585216999 0.31295353174209595 0.5914268493652344
v 0.006944691296666861 0.3078138530254364 0.5831272602081299
v 0.03487546741962433 0.2919069230556488 0.5525530576705933
v 0.06161319464445114 0.2983831465244293 0.5662986040115356
v 0.09003937244415283 0.30072221159935 0.5719473361968994
v 0.11525435000658035 0.2989274859428406 0.5658589601516724
v 0.1398678421974182 0.29636725783348083 0.5605543851852417
v 0.164755716919899 0.29392677545547485 0.5567788481712341
v 0.18928687274456024 0.2917594313621521 0.5533052682876587
v 0.21457429230213165 0.2902068793773651 0.5510873794555664
v 0.23773066699504852 0.2862049639225006 0.5434855222702026
v 0.25643038749694824 0.2812645435333252 0.5332756042480469
v 0.28519999980926514 0.2836289703845978 0.5373877286911011
v 0.3085574507713318 0.28138792514801025 0.5289387106895447
v -0.35743120312690735 0.322066068649292 0.6080350875854492
v -0.33413439989089966 0.3273625075817108 0.6177974939346313
v -0.30490586161613464 0.3268295228481293 0.617961049079895
v -0.2731865346431732 0.32353517413139343 0.6124745607376099
v -0.2449471652507782 0.32487374544143677 0.6135152578353882
v -0.21929262578487396 0.32931554317474365 0.6216915845870972
v -0.1939302533864975 0.33579280972480774 0.6358337998390198
v -0.16564196348190308 0.3374798893928528 0.6383509635925293
v -0.133345365524292 0.3323206305503845 0.6264718770980835
v -0.10224218666553497 0.32701376080513 0.6158491373062134
v -0.07313743978738785 0.32238924503326416 0.6064014434814453
v -0.04421261325478554 0.31811875104904175 0.5975246429443359
v -0.015856482088565826 0.31324630975723267 0.5895350575447083
v 0.009404064156115055 0.30804213881492615 0.5813236236572266
v 0.036941561847925186 0.2928023040294647 0.5521009564399719
v 0.06413335353136063 0.29862576723098755 0.5635263919830322
v 0.09219270944595337 0.30146118998527527 0.5703971982002258
v 0.11761493980884552 0.29956021904945374 0.5642731189727783
v 0.14211708307266235 0.29694414138793945 0.559190034866333
v 0.166985884308815 0.2944496273994446 0.5554028749465942
v 0.19157089293003082 0.29221028089523315 0.5518480539321899
v 0.21664392948150635 0.29060330986976624 0.5496312379837036
v 0.2397068440914154 0.2866339683532715 0.5426130294799805
v 0.26159974932670593 0.28389644622802734 0.5363378524780273
v 0.2869502305984497 0.28422239422798157 0.5355521440505981
v 0.3105376660823822 0.28173932433128357 0.5266647338867188
v -0.35416609048843384 0.3231605589389801 0.6073254346847534
v -0.3301563858985901 0.32802408933639526 0.6159226894378662
v -0.30131086707115173 0.32726624608039856 0.6162514686584473
v -0.2668188512325287 0.32277435064315796 0.6057725548744202
v -0.24153399467468262 0.32548999786376953 0.6120136976242065
v -0.21582652628421783 0.33006367087364197 0.6201184391975403
v -0.1907510906457901 0.3367892801761627 0.6350449919700623
v -0.16231168806552887 0.3380081355571747 0.636294960975647
v -0.12988997995853424 0.3327186405658722 0.6243128776550293
v -0.09904313832521439 0.32740601897239685 0.613811731338501
v -0.07013159990310669 0.3227781653404236 0.6043922305107117
v -0.041200872510671616 0.31850001215934753 0.5956511497497559
v -0.013151498511433601 0.31354284286499023 0.5876739621162415
v 0.01217659842222929 0.30746036767959595 0.5776755809783936
v 0.039047349244356155 0.2937341630458832 0.5517236590385437
v 0.06627842783927917 0.2990121841430664 0.5618619918823242
v 0.09445549547672272 0.3021525740623474 0.5687648057937622
v 0.11992821842432022 0.3001670837402344 0.5626745223999023
v 0.1443534642457962 0.2975095212459564 0.557855486869812
v 0.16921360790729523 0.29497331380844116 0.5540151596069336
v 0.19375357031822205 0.2927245795726776 0.5503861904144287
v 0.21877521276474 0.29105663299560547 0.5481234192848206
v 0.24144043028354645 0.28725340962409973 0.5415700674057007
v 0.2667156755924225 0.28673410415649414 0.5396468639373779
v 0.28867271542549133 0.2846796214580536 0.5336934328079224
v 0.3122398257255554 0.28212204575538635 0.5246239900588989
v -0.35078707337379456 0.3242967128753662 0.6065913438796997
v -0.32615596055984497 0.32870155572891235 0.6140393018722534
v -0.2974754273891449 0.3275604248046875 0.6141241788864136
v -0.2616675794124603 0.3225608170032501 0.601118803024292
v -0.23820607364177704 0.3262808620929718 0.6106047630310059
v -0.21210342645645142 0.3306081295013428 0.6183297634124756
v -0.18746623396873474 0.3376655578613281 0.6338031888008118
v -0.15893717110157013 0.338491290807724 0.6341438293457031
v -0.12645190954208374 0.33309805393218994 0.6221801042556763
v -0.09586038440465927 0.32778483629226685 0.6117714643478394
v -0.06712232530117035 0.3231606185436249 0.6024212837219238
v -0.03821905329823494 0.31887194514274597 0.5937854051589966
v -0.010500060394406319 0.31384021043777466 0.5858683586120605
v 0.017176616936922073 0.30390921235084534 0.5653294324874878
v 0.041301850229501724 0.29491472244262695 0.5514819025993347
v 0.06849024444818497 0.2998071312904358 0.560700535774231
v 0.0967910885810852 0.30277568101882935 0.5670996904373169
v 0.12221471965312958 0.3007642328739166 0.5610832571983337
v 0.14658178389072418 0.29808053374290466 0.5565491318702698
v 0.1714329570531845 0.29551178216934204 0.5526125431060791
v 0.19584862887859344 0.29323095083236694 0.5488666296005249
v 0.22068819403648376 0.2915412187576294 0.5466865301132202
v 0.24313633143901825 0.28786420822143555 0.5402590036392212
v 0.2692519426345825 0.2874092161655426 0.538616418838501
v 0.29038143157958984 0.28511548042297363 0.5318323373794556
v 0.3138788938522339 0.28250157833099365 0.5225791931152344
v -0.347385972738266 0.32548558712005615 0.6056268811225891
v -0.32239624857902527 0.32939615845680237 0.6124074459075928
v -0.29362228512763977 0.3279000520706177 0.6119385957717896
v -0.25831446051597595 0.3232981264591217 0.5992614030838013
v -0.23497484624385834 0.32716622948646545 0.6094802618026733
v -0.2081497758626938 0.3310225307941437 0.6159857511520386
v -0.18417294323444366 0.3384380638599396 0.6323667764663696
v -0.15552078187465668 0.3390003740787506 0.6319844126701355
v -0.12305119633674622 0.333468496799469 0.6200318336486816
v -0.0927191749215126 0.3281421959400177 0.6097362637519836
v -0.06410667300224304 0.3235446810722351 0.6004787683486938
v -0.035248078405857086 0.31923794746398926 0.5919294357299805
v -0.007910873740911484 0.31413534283638 0.5840959548950195
v 0.0196362491697073 0.3036913573741913 0.5624675750732422
v 0.04378444328904152 0.29684391617774963 0.5522145628929138
v 0.07074461132287979 0.3007293939590454 0.5597573518753052
v 0.09915188699960709 0.30338022112846375 0.5654412508010864
v 0.12448276579380035 0.30135586857795715 0.5595453977584839
v 0.14881360530853271 0.2986365854740143 0.5552692413330078
v 0.17362524569034576 0.2960440218448639 0.5512255430221558
v 0.19791851937770844 0.29374605417251587 0.5472851991653442
v 0.22257810831069946 0.292160302400589 0.5452088117599487
v 0.2448815256357193 0.28846368193626404 0.5388894081115723
v 0.27071377635002136 0.288081556558609 0.5372176170349121
v 0.2921222746372223 0.2855776846408844 0.5299631357192993
v 0.3155190348625183 0.282866507768631 0.5205984711647034
v -0.34386828541755676 0.32672545313835144 0.60430908203125
v -0.3189813792705536 0.3300896883010864 0.611061692237854
v -0.2902049720287323 0.3283279240131378 0.6099679470062256
v -0.25601547956466675 0.3246697187423706 0.5995140671730042
v -0.23200206458568573 0.3283301591873169 0.608822226524353
v -0.20476852357387543 0.3319411873817444 0.6141533255577087
v -0.18092450499534607 0.3391799330711365 0.6308748126029968
v -0.15207397937774658 0.33949217200279236 0.6298003196716309
v -0.11968059837818146 0.33383941650390625 0.6178953647613525
v -0.08961839228868484 0.3284796178340912 0.6077326536178589
v -0.06109195947647095 0.32394853234291077 0.5985342860221863
v -0.032316263765096664 0.31959474086761475 0.5900789499282837
v -0.005368077661842108 0.3144453465938568 0.5823557376861572
v 0.021890992298722267 0.30400350689888 0.5611152648925781
v 0.04936143010854721 0.3057965338230133 0.5648603439331055
v 0.07309405505657196 0.30186429619789124 0.5588209629058838
v 0.10152558982372284 0.3039911687374115 0.5638007521629333
v 0.12672710418701172 0.3019198179244995 0.558053731918335
v 0.15107488632202148 0.2991906702518463 0.5539209246635437
v 0.17579132318496704 0.2965668737888336 0.549839973449707
v 0.1999691128730774 0.2942468822002411 0.545723557472229
v 0.2245061844587326 0.29268723726272583 0.5435092449188232
v 0.246541365981102 0.2890503406524658 0.5373942852020264
v 0.2720073461532593 0.2886982560157776 0.5354759693145752
v 0.29390430450439453 0.28603121638298035 0.5280821323394775
v 0.3180503845214844 0.28339070081710815 0.5176553130149841
v -0.34039396047592163 0.3278637230396271 0.6031432151794434
v -0.3156548738479614 0.3307839632034302 0.6099792718887329
v -0.28669580817222595 0.3287043571472168 0.6076247692108154
v -0.2542496621608734 0.32659873366355896 0.6016690731048584
v -0.22943449020385742 0.3299037516117096 0.6092119216918945
v -0.2021954506635666 0.33332809805870056 0.613940954208374
v -0.1777486801147461 0.33989590406417847 0.6293891668319702
v -0.14860574901103973 0.3399101495742798 0.6275529861450195
v -0.11635971814393997 0.3341812789440155 0.6157843470573425
v -0.0865679383277893 0.3288063704967499 0.6057502627372742
v -0.05807274952530861 0.3243393898010254 0.5966012477874756
v -0.02942543476819992 0.31990939378738403 0.5882537961006165
v -0.0028692628256976604 0.31476685404777527 0.5806666016578674
v 0.02464509755373001 0.3051595091819763 0.5603705644607544
v 0.05170294642448425 0.3071303367614746 0.5654428005218506
v 0.07858187705278397 0.304895281791687 0.5637528896331787
v 0.10389808565378189 0.30459800362586975 0.5621596574783325
v 0.12893792986869812 0.30245909094810486 0.5565829873085022
v 0.15332858264446259 0.29972347617149353 0.552553653717041
v 0.1779319792985916 0.29708707332611084 0.5484261512756348
v 0.20200081169605255 0.2948017716407776 0.5441380739212036
v 0.22638952732086182 0.2931514382362366 0.5419092774391174
v 0.2479526400566101 0.2894068956375122 0.5354608297348022
v 0.2733161151409149 0.2892919182777405 0.5335829854011536
v 0.29568812251091003 0.28642261028289795 0.5261387825012207
v -0.3595367670059204 0.3217000961303711 0.587374210357666
v -0.3369690179824829 0.3289351165294647 0.6021184325218201
v -0.3121762275695801 0.33138519525527954 0.6085264682769775
v -0.2810031771659851 0.32818782329559326 0.6021944284439087
v -0.2523522675037384 0.32872453331947327 0.6038347482681274
v -0.22710731625556946 0.33177945017814636 0.6103754043579102
v -0.19964756071567535 0.3348504304885864 0.6140543222427368
v -0.17460039258003235 0.34062522649765015 0.6279654502868652
v -0.145112544298172 0.34029480814933777 0.6252830028533936
v -0.11307930201292038 0.33448338508605957 0.613714337348938
v -0.08355260640382767 0.3291410505771637 0.6037536859512329
v -0.05508586764335632 0.32472774386405945 0.5946935415267944
v -0.026594657450914383 0.3202114403247833 0.5864328742027283
v -0.00043028348591178656 0.3150850534439087 0.5789973735809326
v 0.026908542960882187 0.3063477575778961 0.5602262616157532
v 0.0539020299911499 0.307958722114563 0.5649763941764832
v 0.08174166083335876 0.30641674995422363 0.5652210712432861
v 0.10626951605081558 0.3052104115486145 0.5605257153511047
v 0.13113321363925934 0.3029871881008148 0.5551314949989319
v 0.15558329224586487 0.3002193868160248 0.5511927604675293
v 0.18007121980190277 0.2975994646549225 0.5469741821289062
v 0.2040136307477951 0.29534345865249634 0.5425440073013306
v 0.22813275456428528 0.2935860753059387 0.5404804944992065
v 0.24889735877513885 0.2895641028881073 0.532448410987854
v 0.27480635046958923 0.28988412022590637 0.5316200256347656
v 0.29748809337615967 0.28677621483802795 0.5241425037384033
v -0.35430440306663513 0.3227804899215698 0.587201714515686
v -0.33368590474128723 0.32991939783096313 0.6014301776885986
v -0.30808568000793457 0.33179956674575806 0.6059867739677429
v -0.2728997766971588 0.32685673236846924 0.5945571064949036
v -0.2503846287727356 0.3306247591972351 0.6054593324661255
v -0.22480744123458862 0.33361777663230896 0.6113991141319275
v -0.19655567407608032 0.3363100290298462 0.613894522190094
v -0.17147664725780487 0.34138360619544983 0.6267086267471313
v -0.14157742261886597 0.34068000316619873 0.6229944229125977
v -0.10983972251415253 0.33476531505584717 0.6116918921470642
v -0.08057768642902374 0.3294716775417328 0.6017775535583496
v -0.0521136038005352 0.3250926733016968 0.592814564704895
v -0.02379634976387024 0.3205167353153229 0.584591269493103
v 0.0019191381288692355 0.3154984414577484 0.5773925185203552
v 0.029413403943181038 0.3079041838645935 0.5606086254119873
v 0.05611881613731384 0.3086519241333008 0.5641772747039795
v 0.08389188349246979 0.3073650598526001 0.5641703605651855
v 0.1086343377828598 0.30580779910087585 0.5589293837547302
v 0.1333519071340561 0.3035063147544861 0.553710401058197
v 0.15783575177192688 0.3007148802280426 0.5498301386833191
v 0.18219737708568573 0.2981133759021759 0.5455197095870972
v 0.20605063438415527 0.29587334394454956 0.5409536361694336
v 0.22957076132297516 0.29370999336242676 0.538661003112793
v 0.250122606754303 0.2896882891654968 0.5300660133361816
v 0.27635443210601807 0.2903369963169098 0.5298119783401489
v 0.29934394359588623 0.28712010383605957 0.5222093462944031
v -0.350350946187973 0.32381564378738403 0.5856354236602783
v -0.3304080367088318 0.3308524787425995 0.600791335105896
v -0.303819864988327 0.33214280009269714 0.6034727096557617
v -0.26921549439430237 0.3268393874168396 0.5924023985862732
v -0.24798981845378876 0.33181387186050415 0.6060307025909424
v -0.2220461070537567 0.3350745141506195 0.6113904714584351
v -0.19334356486797333 0.33746570348739624 0.613158106803894
v -0.16837680339813232 0.34219783544540405 0.6255381107330322
v -0.13803251087665558 0.34102675318717957 0.6207351088523865
v -0.10663806647062302 0.3350648880004883 0.6096718907356262
v -0.07765026390552521 0.32979732751846313 0.5998236536979675
v -0.04916657507419586 0.32545003294944763 0.5909380912780762
v -0.021032879129052162 0.32081377506256104 0.5827658772468567
v 0.004222908057272434 0.3160638213157654 0.5757466554641724
v 0.03218955174088478 0.3096831440925598 0.5613669753074646
v 0.058396581560373306 0.3092633783817291 0.5630254745483398
v 0.08597368001937866 0.30819663405418396 0.562836229801178
v 0.11099037528038025 0.30640196800231934 0.557331919670105
v 0.13557444512844086 0.30399784445762634 0.5523447394371033
v 0.16006752848625183 0.3012060821056366 0.548450231552124
v 0.1843050867319107 0.29862093925476074 0.5440681576728821
v 0.20820313692092896 0.296468585729599 0.5395095348358154
v 0.2303343117237091 0.29256555438041687 0.5333820581436157
v 0.2519339621067047 0.2904304265975952 0.5286484956741333
v 0.27801740169525146 0.2907443642616272 0.5281615257263184
v 0.3012361526489258 0.2874361574649811 0.5202929973602295
v -0.3474227488040924 0.3252469003200531 0.5858570337295532
v -0.3271234631538391 0.3317382037639618 0.5998638868331909
v -0.30005943775177 0.3325643241405487 0.6016474962234497
v -0.2657046914100647 0.32718899846076965 0.5909234285354614
v -0.2448454350233078 0.3324197828769684 0.6049442887306213
v -0.218880757689476 0.3360859453678131 0.6102741360664368
v -0.190155029296875 0.33841732144355774 0.6120374202728271
v -0.16511975228786469 0.34299638867378235 0.6240546107292175
v -0.13452668488025665 0.34132224321365356 0.6185388565063477
v -0.10345524549484253 0.33536413311958313 0.6076685190200806
v -0.07470930367708206 0.33012837171554565 0.5978789925575256
v -0.04623181372880936 0.32581350207328796 0.5890621542930603
v -0.01834416761994362 0.3211032450199127 0.5809677839279175
v 0.006819573231041431 0.3161492943763733 0.5734382271766663
v 0.03516290336847305 0.31152892112731934 0.5623810887336731
v 0.06056895852088928 0.3096068203449249 0.5614578127861023
v 0.08814360201358795 0.3088937997817993 0.5613921880722046
v 0.1133226677775383 0.30699124932289124 0.5557552576065063
v 0.13780151307582855 0.30447328090667725 0.5509738922119141
v 0.16226382553577423 0.30169448256492615 0.5470293760299683
v 0.1863950788974762 0.29911622405052185 0.5425530672073364
v 0.2103929966688156 0.2971160113811493 0.5382968187332153
v 0.23098225891590118 0.29233518242836 0.5287585258483887
v 0.25413045287132263 0.2914758622646332 0.5273504853248596
v 0.27972763776779175 0.2911427319049835 0.5265078544616699
v 0.30316779017448425 0.28777503967285156 0.5183322429656982
v -0.3451361060142517 0.3267820179462433 0.5860882997512817
v -0.32369256019592285 0.3325580060482025 0.598307728767395
v -0.29668283462524414 0.33304768800735474 0.6003320813179016
v -0.2626423239707947 0.3277418613433838 0.5898844003677368
v -0.24109002947807312 0.33274415135383606 0.6027530431747437
v -0.2152014672756195 0.3368414342403412 0.6084898114204407
v -0.1871410757303238 0.3393498957157135 0.6113169193267822
v -0.16162227094173431 0.3435721695423126 0.6217051148414612
v -0.13106794655323029 0.3415966033935547 0.616374135017395
v -0.10031458735466003 0.335644394159317 0.6056784391403198
v -0.07178395241498947 0.3304772675037384 0.595937967300415
v -0.043296121060848236 0.3261628746986389 0.5872052907943726
v -0.01568177342414856 0.321393758058548 0.5792101621627808
v 0.011938915587961674 0.3127407133579254 0.5621812343597412
v 0.03804999962449074 0.3130939304828644 0.5631425380706787
v 0.06382046639919281 0.3087301552295685 0.5583181977272034
v 0.09042581915855408 0.3095252215862274 0.5599045157432556
v 0.11562434583902359 0.30757832527160645 0.5542265176773071
v 0.14002951979637146 0.3049561381340027 0.5495980381965637
v 0.1644420623779297 0.30217885971069336 0.545623779296875
v 0.18848364055156708 0.2996147572994232 0.5410321950912476
v 0.21260926127433777 0.29784366488456726 0.5372430086135864
v 0.23271562159061432 0.29274681210517883 0.527191162109375
v 0.25700628757476807 0.29256704449653625 0.5268974304199219
v 0.2814309597015381 0.2915295362472534 0.5248426198959351
v 0.30510076880455017 0.28810837864875793 0.5164058804512024
v -0.3428148925304413 0.32824113965034485 0.5865579843521118
v -0.3201711177825928 0.33347564935684204 0.5967196226119995
v -0.29372990131378174 0.3336052894592285 0.5994524955749512
v -0.2596687972545624 0.3284255862236023 0.5892972946166992
v -0.23709627985954285 0.3331472873687744 0.5999616384506226
v -0.21136297285556793 0.33741337060928345 0.6065791845321655
v -0.18407663702964783 0.340310662984848 0.6106677055358887
v -0.15806493163108826 0.3440554141998291 0.6189812421798706
v -0.12763570249080658 0.3418456017971039 0.6142524480819702
v -0.09719308465719223 0.33591264486312866 0.6036978363990784
v -0.06886310130357742 0.330831915140152 0.5939968824386597
v -0.04038439318537712 0.3264921307563782 0.5853598117828369
v -0.01304764673113823 0.3217047452926636 0.5774730443954468
v 0.014679725281894207 0.31248539686203003 0.5595412850379944
v 0.04066578298807144 0.314048707485199 0.5630114078521729
v 0.06599754840135574 0.3091195225715637 0.5566990375518799
v 0.09274464100599289 0.31010115146636963 0.5583806037902832
v 0.11790810525417328 0.3081447184085846 0.5527059435844421
v 0.14225827157497406 0.305434912443161 0.5482150316238403
v 0.16656766831874847 0.3026708662509918 0.5441904067993164
v 0.1905706524848938 0.3001295030117035 0.5395162105560303
v 0.2147631198167801 0.2985624670982361 0.5362515449523926
v 0.23447765409946442 0.2933126389980316 0.5259320735931396
v 0.26014983654022217 0.2936592698097229 0.5272403955459595
v 0.28317272663116455 0.2918788194656372 0.5231670141220093
v 0.30690285563468933 0.28849801421165466 0.514609694480896
v -0.34040161967277527 0.32972511649131775 0.5871331691741943
v -0.3172564208507538 0.3346025049686432 0.5963209867477417
v -0.2907133996486664 0.334142804145813 0.59839928150177
v -0.2569992244243622 0.3293602764606476 0.589081883430481
v -0.2338411509990692 0.33394625782966614 0.59825599193573
v -0.20786461234092712 0.33802303671836853 0.6049938201904297
v -0.18110664188861847 0.34133824706077576 0.610244870185852
v -0.15464234352111816 0.3445487320423126 0.6163668632507324
v -0.12425609678030014 0.342107892036438 0.6121935248374939
v -0.09410781413316727 0.33618858456611633 0.6017051935195923
v -0.06592702120542526 0.33118751645088196 0.5920885801315308
v -0.03749394044280052 0.32679879665374756 0.5835164189338684
v -0.010430507361888885 0.32201603055000305 0.5757290720939636
v 0.01726076565682888 0.3129129111766815 0.5580894947052002
v 0.043088048696517944 0.31460973620414734 0.5620938539505005
v 0.06824398040771484 0.30977314710617065 0.5553451776504517
v 0.09506884962320328 0.3106491267681122 0.5567953586578369
v 0.12019496411085129 0.3086816668510437 0.5511904358863831
v 0.1444820761680603 0.3059002757072449 0.546825647354126
v 0.16865147650241852 0.3031443953514099 0.5427471399307251
v 0.1926499903202057 0.30064651370048523 0.5380067825317383
v 0.2166685163974762 0.2991914451122284 0.5350196957588196
v 0.23612940311431885 0.2938390374183655 0.5247231721878052
v 0.26286929845809937 0.2946505546569824 0.5269126892089844
v 0.28498491644859314 0.2922017276287079 0.5214649438858032
v 0.3086472451686859 0.2889157235622406 0.5128743648529053
v -0.33785080909729004 0.33102303743362427 0.5874398946762085
v -0.31482329964637756 0.3359212279319763 0.5967193841934204
v -0.2865840494632721 0.33420783281326294 0.595757246017456
v -0.25481754541397095 0.33070218563079834 0.5897754430770874
v -0.23126955330371857 0.33523669838905334 0.5981271862983704
v -0.2046334147453308 0.3387680947780609 0.6036020517349243
v -0.17828981578350067 0.3425051271915436 0.6101769208908081
v -0.1513870656490326 0.34522950649261475 0.614617109298706
v -0.12089835852384567 0.34236645698547363 0.6101569533348083
v -0.09106402844190598 0.33646610379219055 0.5996991395950317
v -0.06297309696674347 0.33154135942459106 0.590208888053894
v -0.034662626683712006 0.32711052894592285 0.5816737413406372
v -0.007805441971868277 0.3223561942577362 0.5740103125572205
v 0.019751694053411484 0.3136676251888275 0.5573984384536743
v 0.04549757018685341 0.3150336444377899 0.5610194206237793
v 0.07056768238544464 0.31077349185943604 0.5545089244842529
v 0.09740446507930756 0.31121203303337097 0.5551859140396118
v 0.12248063832521439 0.30921074748039246 0.5497084856033325
v 0.14665436744689941 0.3063757121562958 0.5454692840576172
v 0.1707531213760376 0.3036143183708191 0.5413144826889038
v 0.1947195827960968 0.3011443614959717 0.5365368723869324
v 0.21838459372520447 0.299715131521225 0.5335139036178589
v 0.2378217726945877 0.2943626344203949 0.5236353874206543
v 0.2649412751197815 0.2954845428466797 0.5258728265762329
v 0.2868366539478302 0.292536199092865 0.5197610855102539
v 0.3102976679801941 0.28930386900901794 0.5111455917358398
v -0.33440297842025757 0.3317601680755615 0.5862588882446289
v -0.31242382526397705 0.3372606635093689 0.5973187685012817
v -0.2808005213737488 0.33382338285446167 0.5912481546401978
v -0.25308507680892944 0.33277735114097595 0.5918341875076294
v -0.22874435782432556 0.3366108536720276 0.598169207572937
v -0.20158497989177704 0.33949705958366394 0.6022903919219971
v -0.175535187125206 0.3438762426376343 0.6103905439376831
v -0.1482129544019699 0.34613749384880066 0.6134809255599976
v -0.11757870018482208 0.34263405203819275 0.6081217527389526
v -0.08805349469184875 0.33673590421676636 0.5976961851119995
v -0.060017410665750504 0.33189141750335693 0.5883493423461914
v -0.031853269785642624 0.32742395997047424 0.5798246264457703
v -0.005206365138292313 0.3226969838142395 0.5723263025283813
v 0.022394530475139618 0.3147728443145752 0.5571675300598145
v 0.047958459705114365 0.31554219126701355 0.5599082708358765
v 0.07471753656864166 0.3136482834815979 0.5570707321166992
v 0.09975788742303848 0.31178003549575806 0.5535858869552612
v 0.1247197836637497 0.3097049593925476 0.5482757687568665
v 0.1488458514213562 0.3068743050098419 0.5441285371780396
v 0.17286156117916107 0.30409398674964905 0.5398941040039062
v 0.19678211212158203 0.30165910720825195 0.5350944399833679
v 0.2199639230966568 0.3001583218574524 0.5318444967269897
v 0.23946815729141235 0.2948762774467468 0.5224304795265198
v 0.2665935456752777 0.296013742685318 0.524503231048584
v 0.2887151837348938 0.29285454750061035 0.5180816650390625
v 0.3128480911254883 0.28965073823928833 0.5084450244903564
v -0.32964277267456055 0.3322399854660034 0.5836875438690186
v -0.31001728773117065 0.3383166790008545 0.5977302193641663
v -0.2761206328868866 0.33379366993904114 0.5883725881576538
v -0.2515166699886322 0.335038423538208 0.5942069292068481
v -0.2261192351579666 0.3378777503967285 0.5980494618415833
v -0.19852815568447113 0.34028878808021545 0.6010441780090332
v -0.17275293171405792 0.3451616168022156 0.6104121208190918
v -0.14517930150032043 0.34711989760398865 0.6128548383712769
v -0.11432318389415741 0.34289976954460144 0.6060819625854492
v -0.08507639169692993 0.3370116055011749 0.5957120656967163
v -0.057096291333436966 0.3322649896144867 0.5864959359169006
v -0.029065722599625587 0.32774287462234497 0.5780120491981506
v -0.0026493461336940527 0.3230554759502411 0.5706654787063599
v 0.024932146072387695 0.3160455524921417 0.5575356483459473
v 0.05043765902519226 0.31610116362571716 0.5587280988693237
v 0.07718835771083832 0.314301073551178 0.5562024116516113
v 0.10211930423974991 0.31235942244529724 0.5519940257072449
v 0.12692463397979736 0.31018829345703125 0.5468551516532898
v 0.15102411806583405 0.30735382437705994 0.5427627563476562
v 0.17494916915893555 0.3045611083507538 0.5384449362754822
v 0.19882623851299286 0.30218610167503357 0.5336422324180603
v 0.22152870893478394 0.30041709542274475 0.5299131870269775
v 0.2412146031856537 0.2953837215900421 0.5212658643722534
v 0.2681879997253418 0.29649415612220764 0.5230028629302979
v 0.29058635234832764 0.293164998292923 0.5163568258285522
v -0.3501116633415222 0.32657158374786377 0.5702573657035828
v -0.325857937335968 0.33301061391830444 0.5822523832321167
v -0.30713576078414917 0.3388921022415161 0.5971086621284485
v -0.272784560918808 0.3341080844402313 0.5867823362350464
v -0.24919046461582184 0.3362595736980438 0.5942105054855347
v -0.22326800227165222 0.3390202522277832 0.5975450873374939
v -0.19523601233959198 0.341185599565506 0.6000716090202332
v -0.16976097226142883 0.3460175693035126 0.6094860434532166
v -0.14224354922771454 0.34813860058784485 0.6125921010971069
v -0.11110186576843262 0.3431635797023773 0.6040849089622498
v -0.08213263005018234 0.3373048007488251 0.5937460660934448
v -0.054170217365026474 0.33263081312179565 0.5846502780914307
v -0.026312772184610367 0.3280560076236725 0.5762386322021484
v -9.128495730692521e-05 0.323463499546051 0.5690351128578186
v 0.027486328035593033 0.31746116280555725 0.5579208731651306
v 0.052903953939676285 0.3166572153568268 0.5574860572814941
v 0.0794065073132515 0.31487131118774414 0.5548827052116394
v 0.10445140302181244 0.31293144822120667 0.5504140853881836
v 0.12913201749324799 0.3106606900691986 0.5454522371292114
v 0.15317456424236298 0.3078188896179199 0.541374683380127
v 0.17700281739234924 0.30503320693969727 0.5369648933410645
v 0.20086069405078888 0.30271902680397034 0.5322412252426147
v 0.22287888824939728 0.3001563847064972 0.5273315906524658
v 0.24317269027233124 0.2961147427558899 0.520287036895752
v 0.26984021067619324 0.29691794514656067 0.5214952826499939
v 0.2924782633781433 0.2934715449810028 0.5145876407623291
v -0.3464008867740631 0.3287816643714905 0.5729541778564453
v -0.3233969211578369 0.33429738879203796 0.5822349786758423
v -0.3036060035228729 0.3392898738384247 0.5954509973526001
v -0.26968514919281006 0.33444464206695557 0.5855090022087097
v -0.24583040177822113 0.3368822932243347 0.59218430519104
v -0.220214381814003 0.340145468711853 0.5967693328857422
v -0.1920625865459442 0.34212154150009155 0.5993458032608032
v -0.16642989218235016 0.3465912640094757 0.6076195240020752
v -0.1392124891281128 0.3490186333656311 0.6119319200515747
v -0.10793682187795639 0.3434301018714905 0.6021177768707275
v -0.07922261953353882 0.3376235365867615 0.5917901992797852
v -0.05126337707042694 0.3329601585865021 0.5828039646148682
v -0.02357904613018036 0.3283570408821106 0.5744819045066833
v 0.002495403867214918 0.3239164352416992 0.5673555135726929
v 0.03011602908372879 0.31897851824760437 0.5583745837211609
v 0.055362023413181305 0.31726711988449097 0.5562357902526855
v 0.08169113099575043 0.3154886066913605 0.5534880757331848
v 0.10677139461040497 0.3135010898113251 0.5488353967666626
v 0.13134367763996124 0.31111136078834534 0.5440512895584106
v 0.15531693398952484 0.3082955777645111 0.5399629473686218
v 0.17905312776565552 0.3055014908313751 0.5354574918746948
v 0.20285499095916748 0.303233802318573 0.530884325504303
v 0.22453567385673523 0.30004072189331055 0.5253105163574219
v 0.24739126861095428 0.2982986867427826 0.5216960906982422
v 0.2715475559234619 0.29734092950820923 0.5199791789054871
v 0.29439225792884827 0.2937789261341095 0.5128340721130371
v -0.34447434544563293 0.33036860823631287 0.5744574069976807
v -0.3212226927280426 0.3359028100967407 0.5831054449081421
v -0.2997824251651764 0.3396768867969513 0.5933263897895813
v -0.26664021611213684 0.3348971903324127 0.5844033360481262
v -0.24198687076568604 0.33743634819984436 0.589743971824646
v -0.2170838564634323 0.3411862254142761 0.595847487449646
v -0.18895021080970764 0.3431541621685028 0.5988161563873291
v -0.16310854256153107 0.3472191095352173 0.605768084526062
v -0.13595585525035858 0.3497297763824463 0.6106873750686646
v -0.10481595247983932 0.3436834216117859 0.6001460552215576
v -0.07631479948759079 0.33796191215515137 0.5898290872573853
v -0.04836738109588623 0.3332749903202057 0.5809524655342102
v -0.020869383588433266 0.32866817712783813 0.5727238655090332
v 0.0051426030695438385 0.3244069814682007 0.5655763745307922
v 0.032762311398983 0.32025742530822754 0.5585557222366333
v 0.05784393846988678 0.31788986921310425 0.5549968481063843
v 0.08399052172899246 0.3160177767276764 0.5521119832992554
v 0.10908545553684235 0.31406572461128235 0.5472885370254517
v 0.1335487812757492 0.31154003739356995 0.5426604747772217
v 0.1574692577123642 0.3087722063064575 0.5385502576828003
v 0.18113000690937042 0.3059876561164856 0.5339511632919312
v 0.20482054352760315 0.303728312253952 0.5295642018318176
v 0.22624942660331726 0.30022650957107544 0.5241590738296509
v 0.25055503845214844 0.29938799142837524 0.5222798585891724
v 0.27336010336875916 0.2977622449398041 0.5184704065322876
v 0.29632332921028137 0.2941097915172577 0.511054277420044
v -0.342553973197937 0.3319571912288666 0.5757817625999451
v -0.31929823756217957 0.3375799357891083 0.5843180418014526
v -0.2956736385822296 0.339994877576828 0.5907082557678223
v -0.2636896073818207 0.33547040820121765 0.5834139585494995
v -0.23850950598716736 0.3380442261695862 0.588036835193634
v -0.2138519138097763 0.34223294258117676 0.5950506329536438
v -0.18597403168678284 0.3442963659763336 0.5984046459197998
v -0.15994028747081757 0.347981721162796 0.6043386459350586
v -0.13258840143680573 0.35025840997695923 0.6090888381004333
v -0.10173525661230087 0.3439241349697113 0.5981090068817139
v -0.07344920188188553 0.3382929563522339 0.5878794193267822
v -0.04549175128340721 0.33359387516975403 0.5791085958480835
v -0.0181623212993145 0.32897549867630005 0.5709757804870605
v 0.007936013862490654 0.3247486650943756 0.5636777281761169
v 0.035263266414403915 0.32105496525764465 0.557800829410553
v 0.06033066660165787 0.3185078799724579 0.5536854863166809
v 0.08632665127515793 0.31654462218284607 0.5507400035858154
v 0.11138458549976349 0.314606249332428 0.545798659324646
v 0.13573800027370453 0.3119634985923767 0.5413199067115784
v 0.1596301794052124 0.3092249035835266 0.5371450185775757
v 0.1832088977098465 0.30649280548095703 0.5324615240097046
v 0.2067207545042038 0.3042634427547455 0.5282677412033081
v 0.22783252596855164 0.3004477918148041 0.5220868587493896
v 0.2523476183414459 0.29999110102653503 0.5211814641952515
v 0.27523916959762573 0.2981857657432556 0.5169334411621094
v 0.29821404814720154 0.29444530606269836 0.5093511343002319
v -0.340488463640213 0.33347928524017334 0.5765320062637329
v -0.31723424792289734 0.3391301929950714 0.58515465259552
v -0.2911517918109894 0.3402221202850342 0.5876425504684448
v -0.26077792048454285 0.3361770510673523 0.582481861114502
v -0.2354021668434143 0.3387552499771118 0.5867785215377808
v -0.21061599254608154 0.3433135747909546 0.5944938659667969
v -0.1830507069826126 0.3454623818397522 0.597847580909729
v -0.15689972043037415 0.3487927317619324 0.6032189130783081
v -0.12912823259830475 0.35069987177848816 0.6072769165039062
v -0.0986788421869278 0.34416308999061584 0.5960472226142883
v -0.07061681151390076 0.338635116815567 0.5859677195549011
v -0.042645275592803955 0.3339218497276306 0.5772688388824463
v -0.01549621857702732 0.32928356528282166 0.569254457950592
v 0.010904225520789623 0.32489973306655884 0.5611685514450073
v 0.03765513375401497 0.32162895798683167 0.5566131472587585
v 0.06280074268579483 0.3191152811050415 0.5523531436920166
v 0.08867517858743668 0.317087858915329 0.5493501424789429
v 0.11366023123264313 0.3151223361492157 0.5443490743637085
v 0.1379164755344391 0.312383234500885 0.539987325668335
v 0.16177965700626373 0.30967578291893005 0.5357275009155273
v 0.18527361750602722 0.3069806396961212 0.5310280323028564
v 0.2085929811000824 0.30477845668792725 0.5270058512687683
v 0.2294420748949051 0.30084747076034546 0.5202118754386902
v 0.2535543143749237 0.30029383301734924 0.5195354223251343
v 0.27712684869766235 0.2986132502555847 0.5153768062591553
v 0.3000204563140869 0.2948550581932068 0.5076521635055542
v -0.33774039149284363 0.3349657952785492 0.5765162110328674
v -0.31492334604263306 0.3404909372329712 0.5853853225708008
v -0.2866774797439575 0.34039032459259033 0.584732174873352
v -0.25780925154685974 0.3370044529438019 0.5814796686172485
v -0.23255379498004913 0.33963948488235474 0.5858038663864136
v -0.2074398547410965 0.3443005681037903 0.5939135551452637
v -0.18016111850738525 0.34659531712532043 0.5972505211830139
v -0.15391172468662262 0.349619597196579 0.6021754741668701
v -0.12571345269680023 0.35100075602531433 0.6052885055541992
v -0.09566791355609894 0.34440454840660095 0.5940009355545044
v -0.06778769195079803 0.33900049328804016 0.5840866565704346
v -0.03979207202792168 0.3342558443546295 0.575456976890564
v -0.012840643525123596 0.3295733630657196 0.5675606727600098
v 0.013957284390926361 0.32527780532836914 0.559391438961029
v 0.040007058531045914 0.3221576511859894 0.5553117990493774
v 0.06525535881519318 0.31971076130867004 0.5510196089744568
v 0.09103026986122131 0.3176315724849701 0.5479424595832825
v 0.1159033253788948 0.3155817687511444 0.5429423451423645
v 0.1401175558567047 0.3128167688846588 0.5386686325073242
v 0.16391320526599884 0.3101280927658081 0.5343393087387085
v 0.18731363117694855 0.30747824907302856 0.529608964920044
v 0.2104606181383133 0.30524998903274536 0.5257457494735718
v 0.23136694729328156 0.30140823125839233 0.5191887617111206
v 0.25515085458755493 0.3004024028778076 0.5174291133880615
v 0.2790113091468811 0.2989595830440521 0.5139013528823853
v 0.30167582631111145 0.29539066553115845 0.5059587359428406
v -0.33441996574401855 0.33634981513023376 0.5757460594177246
v -0.3124605119228363 0.34177443385124207 0.5853316783905029
v -0.282679945230484 0.34047895669937134 0.5824270248413086
v -0.2548636198043823 0.3378312289714813 0.580410361289978
v -0.22988173365592957 0.34065771102905273 0.5851868391036987
v -0.20434053242206573 0.3452220559120178 0.5928910970687866
v -0.1772959977388382 0.34773343801498413 0.5967832803726196
v -0.15094195306301117 0.35051199793815613 0.6011929512023926
v -0.12234616279602051 0.3512236177921295 0.6032230257987976
v -0.09269902855157852 0.3446439802646637 0.5919727087020874
v -0.06496075540781021 0.3393729031085968 0.5821980237960815
v -0.036970894783735275 0.3345823287963867 0.5736721158027649
v -0.010209659114480019 0.3298633098602295 0.5658849477767944
v 0.016780704259872437 0.32578244805336 0.55830979347229
v 0.04234974458813667 0.32262560725212097 0.5539411902427673
v 0.0677039846777916 0.3202851116657257 0.549721360206604
v 0.09337718784809113 0.31817761063575745 0.5465223789215088
v 0.11814817041158676 0.3160386383533478 0.5415403842926025
v 0.14227627217769623 0.3132935166358948 0.5373926162719727
v 0.16602471470832825 0.31056803464889526 0.5329662561416626
v 0.18934574723243713 0.30798909068107605 0.5282065868377686
v 0.21228405833244324 0.3057343363761902 0.5245171189308167
v 0.23339183628559113 0.30209940671920776 0.5185644626617432
v 0.25742560625076294 0.300893098115921 0.5164470076560974
v 0.28088030219078064 0.29928910732269287 0.5123873949050903
v 0.30323484539985657 0.29595306515693665 0.5042666792869568
v -0.3311218023300171 0.33760711550712585 0.575004518032074
v -0.30986276268959045 0.3431096374988556 0.5851515531539917
v -0.27914997935295105 0.3406878411769867 0.5806125998497009
v -0.25202471017837524 0.33875593543052673 0.5796695351600647
v -0.22720184922218323 0.34179410338401794 0.584795355796814
v -0.20131154358386993 0.34602177143096924 0.5912853479385376
v -0.1745198369026184 0.3489464223384857 0.5963665246963501
v -0.14792072772979736 0.3514491617679596 0.6001283526420593
v -0.11908359825611115 0.351443886756897 0.6011326313018799
v -0.08976530283689499 0.34489384293556213 0.5899406671524048
v -0.062110740691423416 0.339750736951828 0.5803194046020508
v -0.03414084017276764 0.3348980247974396 0.5719053149223328
v -0.007601412944495678 0.33018380403518677 0.5642127990722656
v 0.019460000097751617 0.32635951042175293 0.5572779178619385
v 0.044695544987916946 0.3231056332588196 0.5525261163711548
v 0.07012220472097397 0.32085704803466797 0.5484247207641602
v 0.09570369124412537 0.3187310993671417 0.5451210141181946
v 0.12039003521203995 0.31649479269981384 0.5401594638824463
v 0.14445289969444275 0.31376197934150696 0.5360856056213379
v 0.16813412308692932 0.3110172748565674 0.5315622687339783
v 0.19136162102222443 0.3085281550884247 0.5267888307571411
v 0.21409502625465393 0.3062601685523987 0.523245096206665
v 0.2352234423160553 0.3029012978076935 0.5176088213920593
v 0.260125994682312 0.3016398549079895 0.5164135694503784
v 0.2827465832233429 0.2996244728565216 0.5107943415641785
v 0.3047031760215759 0.29657649993896484 0.5024384260177612
v -0.32825562357902527 0.339004248380661 0.5747710466384888
v -0.30717766284942627 0.34425288438796997 0.5848109722137451
v -0.2759701609611511 0.3410605192184448 0.5792380571365356
v -0.24935369193553925 0.3398539423942566 0.5793373584747314
v -0.2244393527507782 0.34300124645233154 0.5843769311904907
v -0.19821761548519135 0.3466590344905853 0.5892119407653809
v -0.17170880734920502 0.3500538766384125 0.5958555936813354
v -0.14487260580062866 0.3523383140563965 0.5990169048309326
v -0.11590331047773361 0.3516545593738556 0.5990709066390991
v -0.0868673175573349 0.34515297412872314 0.5879496335983276
v -0.059311483055353165 0.34011706709861755 0.5785161852836609
v -0.03133709728717804 0.3352028727531433 0.5701884031295776
v -0.005022360943257809 0.3305104970932007 0.5626081228256226
v 0.02199590764939785 0.32688280940055847 0.5560483932495117
v 0.047033123672008514 0.3235759735107422 0.5511640310287476
v 0.07248932868242264 0.3214123547077179 0.5471811890602112
v 0.09800605475902557 0.3192859888076782 0.5437800288200378
v 0.12257417291402817 0.31691113114356995 0.5388529300689697
v 0.14664363861083984 0.31419867277145386 0.53477942943573
v 0.17022296786308289 0.31144216656684875 0.5302102565765381
v 0.19335894286632538 0.3090394139289856 0.5254168510437012
v 0.21592476963996887 0.306744784116745 0.5219879746437073
v 0.23832836747169495 0.3042584955692291 0.5178381204605103
v 0.26245707273483276 0.3023739755153656 0.5153419971466064
v 0.28459250926971436 0.2999836504459381 0.5092227458953857
v 0.30751246213912964 0.29688194394111633 0.49936357140541077
v -0.32568567991256714 0.34041696786880493 0.5748004913330078
v -0.3042171597480774 0.34507817029953003 0.5838720798492432
v -0.27300548553466797 0.3415670096874237 0.5781066417694092
v -0.24677525460720062 0.34093359112739563 0.5789588689804077
v -0.2216620296239853 0.3442327380180359 0.5839564204216003
v -0.19488632678985596 0.3472018241882324 0.587154746055603
v -0.1687275916337967 0.3509666919708252 0.5949665904045105
v -0.14179851114749908 0.3532159626483917 0.5980353355407715
v -0.11275064945220947 0.3518628478050232 0.5970718264579773
v -0.08399875462055206 0.34542229771614075 0.5860337018966675
v -0.056506939232349396 0.340465784072876 0.5768001079559326
v -0.02855047397315502 0.3355082869529724 0.5685005187988281
v -0.002467981306836009 0.33085545897483826 0.5610218644142151
v 0.024530500173568726 0.3273386061191559 0.5548160672187805
v 0.049419958144426346 0.32405850291252136 0.549830973148346
v 0.07486601918935776 0.3219461441040039 0.5459614992141724
v 0.1003209725022316 0.31983402371406555 0.5424563884735107
v 0.12474272400140762 0.31731346249580383 0.5375590324401855
v 0.1488524079322815 0.31463417410850525 0.5335122346878052
v 0.17229725420475006 0.3118767738342285 0.5288475751876831
v 0.19535431265830994 0.30956390500068665 0.5240890979766846
v 0.21773415803909302 0.30715975165367126 0.5208085775375366
v 0.2406434863805771 0.305062472820282 0.517673134803772
v 0.26445797085762024 0.30293604731559753 0.5140680074691772
v 0.28644639253616333 0.3003658354282379 0.5076975226402283
v -0.34606778621673584 0.33354172110557556 0.5601792335510254
v -0.3230327367782593 0.34170249104499817 0.5744813680648804
v -0.30078041553497314 0.34558621048927307 0.5823758840560913
v -0.2700287401676178 0.3421197235584259 0.5771034359931946
v -0.24399900436401367 0.34198957681655884 0.578614354133606
v -0.21874748170375824 0.34539294242858887 0.5833931565284729
v -0.19158011674880981 0.3478847146034241 0.5856142044067383
v -0.1656469702720642 0.3516872525215149 0.5935976505279541
v -0.138674795627594 0.3540288805961609 0.5971845388412476
v -0.1096358597278595 0.35207468271255493 0.5950053930282593
v -0.08115959912538528 0.3457089960575104 0.584100604057312
v -0.053690049797296524 0.3407913148403168 0.575049877166748
v -0.025780487805604935 0.3358027935028076 0.5667911767959595
v 9.439027053304017e-05 0.33118584752082825 0.5593888759613037
v 0.027077842503786087 0.3277719020843506 0.5534918308258057
v 0.05183445289731026 0.324531614780426 0.548455536365509
v 0.07724341005086899 0.32244911789894104 0.5447349548339844
v 0.10266654938459396 0.320346862077713 0.5411423444747925
v 0.1269252896308899 0.31768107414245605 0.5362756252288818
v 0.15105634927749634 0.3150494396686554 0.5322530269622803
v 0.17433345317840576 0.3123076260089874 0.5274890661239624
v 0.19728602468967438 0.3100729286670685 0.5228264331817627
v 0.21946336328983307 0.3076121211051941 0.5195783376693726
v 0.2425585687160492 0.3055565357208252 0.516606330871582
v 0.2662275433540344 0.3033943474292755 0.5127434730529785
v 0.28831884264945984 0.30073925852775574 0.5061526894569397
v -0.3407192528247833 0.3356154263019562 0.5615606307983398
v -0.3203602731227875 0.34284260869026184 0.5741723775863647
v -0.2969779670238495 0.3459101915359497 0.5804150104522705
v -0.2669505774974823 0.3426086902618408 0.5758316516876221
v -0.24115745723247528 0.3430781364440918 0.5783787369728088
v -0.2157265692949295 0.34635958075523376 0.5824708938598633
v -0.18852871656417847 0.34877240657806396 0.58442223072052
v -0.16261734068393707 0.35242152214050293 0.5921312570571899
v -0.1355779469013214 0.35482585430145264 0.596439778804779
v -0.10660722851753235 0.3522769808769226 0.5929583311080933
v -0.07835598289966583 0.3460594117641449 0.5822059512138367
v -0.05088916793465614 0.3411315679550171 0.5733388662338257
v -0.02308397740125656 0.3361026346683502 0.5651143789291382
v 0.002666946267709136 0.3315334916114807 0.5577676296234131
v 0.029602667316794395 0.32820457220077515 0.5522092580795288
v 0.05422460660338402 0.3249852657318115 0.5470765233039856
v 0.07960683852434158 0.3229137659072876 0.5435642004013062
v 0.10498150438070297 0.3208119571208954 0.539862334728241
v 0.1291072964668274 0.31803157925605774 0.5350087285041809
v 0.1532267928123474 0.31546515226364136 0.5309916734695435
v 0.17630821466445923 0.3127513527870178 0.526146411895752
v 0.19918367266654968 0.3105437457561493 0.5215980410575867
v 0.221095472574234 0.30798137187957764 0.5182026624679565
v 0.2446744441986084 0.306023508310318 0.5156271457672119
v 0.2680162787437439 0.3038613200187683 0.5114107131958008
v 0.2901661694049835 0.301191508769989 0.5046366453170776
v -0.3375110626220703 0.3373646140098572 0.5617304444313049
v -0.31771984696388245 0.3438909351825714 0.5738130807876587
v -0.2928273677825928 0.3460730016231537 0.5778707265853882
v -0.2638322412967682 0.34310629963874817 0.5744485855102539
v -0.23854199051856995 0.34425485134124756 0.5782904624938965
v -0.2127368301153183 0.3472720682621002 0.5813015699386597
v -0.18555942177772522 0.3496220111846924 0.5834314823150635
v -0.15965808928012848 0.3532028794288635 0.5908082723617554
v -0.13254164159297943 0.3556040823459625 0.5956834554672241
v -0.10366489738225937 0.3525412082672119 0.5910143852233887
v -0.07561001926660538 0.34649884700775146 0.5803810358047485
v -0.04810785874724388 0.3415234088897705 0.5717188715934753
v -0.020467817783355713 0.33643507957458496 0.5634976625442505
v 0.005218616221100092 0.3318787217140198 0.5562266707420349
v 0.03203676640987396 0.328620582818985 0.5509491562843323
v 0.056554220616817474 0.3254433274269104 0.5456932783126831
v 0.08192240446805954 0.32338327169418335 0.5424319505691528
v 0.10720167309045792 0.3212605118751526 0.5385936498641968
v 0.13122007250785828 0.3184041380882263 0.5337446928024292
v 0.15533815324306488 0.31590691208839417 0.5297161340713501
v 0.17825935781002045 0.31322452425956726 0.5247870087623596
v 0.20105020701885223 0.31099626421928406 0.5203052759170532
v 0.22258734703063965 0.30752870440483093 0.5155142545700073
v 0.2467806339263916 0.30646970868110657 0.514657199382782
v 0.26977792382240295 0.30429795384407043 0.5101197957992554
v 0.29193753004074097 0.3017415702342987 0.5031358599662781
v -0.3346734642982483 0.3388698101043701 0.56183922290802
v -0.31492286920547485 0.34497010707855225 0.5736123919487
v -0.2886129915714264 0.3461865484714508 0.5754114389419556
v -0.26068252325057983 0.34359824657440186 0.573208212852478
v -0.23572152853012085 0.3454011082649231 0.5776950120925903
v -0.20968063175678253 0.3481960594654083 0.5803342461585999
v -0.18267855048179626 0.3504830002784729 0.5825971364974976
v -0.1566966325044632 0.3539842367172241 0.5894336700439453
v -0.1293792873620987 0.35625746846199036 0.5944064855575562
v -0.10079909861087799 0.352843701839447 0.5891133546829224
v -0.0729011669754982 0.3469756841659546 0.5785818099975586
v -0.04534849524497986 0.34192022681236267 0.5701267123222351
v -0.0179402157664299 0.33679988980293274 0.5618702173233032
v 0.007765473797917366 0.3322373628616333 0.5546655058860779
v 0.034371618181467056 0.32903528213500977 0.5496898293495178
v 0.05885645002126694 0.3259274661540985 0.5442942380905151
v 0.0842319205403328 0.323879599571228 0.5412489771842957
v 0.10938338935375214 0.3217528760433197 0.5372514724731445
v 0.13331210613250732 0.31885430216789246 0.5324956178665161
v 0.15742918848991394 0.31639230251312256 0.5284445285797119
v 0.18022520840168 0.31375762820243835 0.5234218239784241
v 0.20288512110710144 0.311419278383255 0.5190092325210571
v 0.22411490976810455 0.3077826499938965 0.5142084956169128
v 0.24873974919319153 0.30687594413757324 0.5135785341262817
v 0.27154305577278137 0.3047506809234619 0.5088093876838684
v 0.2936249375343323 0.3023994266986847 0.5016095638275146
v -0.3321040868759155 0.3399018943309784 0.5616672039031982
v -0.31222936511039734 0.34617024660110474 0.5735573768615723
v -0.2847103476524353 0.34634578227996826 0.5732148885726929
v -0.2575822174549103 0.34412333369255066 0.5720365047454834
v -0.23284555971622467 0.3463591933250427 0.5767999291419983
v -0.2065882831811905 0.349153071641922 0.5794202089309692
v -0.179942324757576 0.3513469099998474 0.5814971923828125
v -0.15383180975914001 0.35468363761901855 0.5880780220031738
v -0.12625432014465332 0.35663512349128723 0.5924811363220215
v -0.09797648340463638 0.35322076082229614 0.5871648192405701
v -0.0702052190899849 0.34752050042152405 0.5767715573310852
v -0.04256930574774742 0.3423188626766205 0.5684778690338135
v -0.015451285056769848 0.3371903896331787 0.560207724571228
v 0.010311354883015156 0.33261632919311523 0.5530306100845337
v 0.0366426445543766 0.3294773995876312 0.5483942031860352
v 0.06118782237172127 0.32647013664245605 0.5428714752197266
v 0.0865715891122818 0.32441118359565735 0.5400046110153198
v 0.11159849911928177 0.32227823138237 0.5358660817146301
v 0.1354423314332962 0.31931641697883606 0.5312197208404541
v 0.1594344824552536 0.3169178068637848 0.527172863483429
v 0.18208101391792297 0.31433069705963135 0.5220931172370911
v 0.20455755293369293 0.3118073046207428 0.5177090167999268
v 0.22639241814613342 0.30884671211242676 0.5139610767364502
v 0.2504878044128418 0.30724430084228516 0.5123441219329834
v 0.27320632338523865 0.30523034930229187 0.5074759721755981
v 0.29514119029045105 0.303153395652771 0.4999275207519531
v -0.32934653759002686 0.3411943316459656 0.5613810420036316
v -0.3095420002937317 0.34757542610168457 0.5733301639556885
v -0.281135618686676 0.34665557742118835 0.5712284445762634
v -0.25463470816612244 0.3448159992694855 0.570825457572937
v -0.22990360856056213 0.3473290205001831 0.5757281184196472
v -0.20347608625888824 0.35012078285217285 0.5782856941223145
v -0.17700226604938507 0.3523435592651367 0.580115795135498
v -0.15090180933475494 0.35541442036628723 0.5866144299507141
v -0.1230810210108757 0.35688647627830505 0.5901991128921509
v -0.09505943208932877 0.3537295162677765 0.5851088762283325
v -0.06748168170452118 0.34818845987319946 0.5748173594474792
v -0.03977478668093681 0.34280940890312195 0.5665997266769409
v -0.01294624712318182 0.33768197894096375 0.5582592487335205
v 0.012921462766826153 0.3331112861633301 0.5511888265609741
v 0.03896712139248848 0.330055832862854 0.5468653440475464
v 0.06354380398988724 0.3271583914756775 0.5412749648094177
v 0.08891823887825012 0.3250545263290405 0.5385653972625732
v 0.11377378553152084 0.32288476824760437 0.5343388319015503
v 0.13767990469932556 0.3198918104171753 0.5297237634658813
v 0.16155263781547546 0.3175632953643799 0.5256408452987671
v 0.18411217629909515 0.31501972675323486 0.5205011367797852
v 0.2063586413860321 0.31224846839904785 0.5161713361740112
v 0.22868667542934418 0.30977609753608704 0.5134398937225342
v 0.25218647718429565 0.3076092600822449 0.5106812715530396
v 0.2750198245048523 0.3059069812297821 0.5058562159538269
v 0.2966611087322235 0.30427873134613037 0.4976700246334076
v -0.32650017738342285 0.3428923189640045 0.5610687732696533
v -0.3064709007740021 0.3490179181098938 0.5725764036178589
v -0.2777126729488373 0.3474196195602417 0.5693543553352356
v -0.2516310214996338 0.345964252948761 0.5695281028747559
v -0.2267075479030609 0.3486475944519043 0.5743621587753296
v -0.20010657608509064 0.35126954317092896 0.5767839550971985
v -0.17361202836036682 0.35344481468200684 0.5784802436828613
v -0.1478681117296219 0.35631245374679565 0.5848969221115112
v -0.11983519047498703 0.3574667274951935 0.5880455374717712
v -0.09213774651288986 0.3547843396663666 0.5830441117286682
v -0.06479548662900925 0.34925127029418945 0.57280033826828
v -0.03706297650933266 0.34369033575057983 0.5647306442260742
v -0.010539812967181206 0.3384820222854614 0.5562744140625
v 0.015504836104810238 0.3338967263698578 0.549419641494751
v 0.04124777764081955 0.3308708071708679 0.5452502965927124
v 0.06576284766197205 0.32806187868118286 0.5396829843521118
v 0.09118962287902832 0.32592931389808655 0.5371042490005493
v 0.11583106964826584 0.32382065057754517 0.5328269004821777
v 0.13982832431793213 0.3208354711532593 0.5282710790634155
v 0.16361914575099945 0.3184847831726074 0.5240851640701294
v 0.1861414611339569 0.3160134553909302 0.5189119577407837
v 0.2081269919872284 0.31280675530433655 0.514499306678772
v 0.23085151612758636 0.3108091652393341 0.5126016139984131
v 0.2537379562854767 0.30791404843330383 0.5086933970451355
v 0.2767840027809143 0.30690041184425354 0.5040790438652039
v 0.29799938201904297 0.30590859055519104 0.49443185329437256
v -0.32410722970962524 0.34490278363227844 0.5606644153594971
v -0.3033868670463562 0.3502754867076874 0.5707038640975952
v -0.2744389474391937 0.34872403740882874 0.5674020051956177
v -0.2486526370048523 0.34754931926727295 0.5680170059204102
v -0.22358757257461548 0.35005927085876465 0.5724967122077942
v -0.19651079177856445 0.35278183221817017 0.5750700235366821
v -0.17037154734134674 0.3547680675983429 0.5766515731811523
v -0.14468476176261902 0.3574160635471344 0.5826091766357422
v -0.11652055382728577 0.35850104689598083 0.5859895944595337
v -0.0888439491391182 0.35644108057022095 0.5808804035186768
v -0.06189410388469696 0.3509066700935364 0.570448637008667
v -0.03406721353530884 0.3450234532356262 0.5624215006828308
v -0.007898693904280663 0.33954793214797974 0.5538821220397949
v 0.01852114126086235 0.3349543809890747 0.5471107363700867
v 0.0440230630338192 0.33200308680534363 0.543160080909729
v 0.06828301399946213 0.3292507827281952 0.5377408266067505
v 0.09363535046577454 0.32714271545410156 0.5350813865661621
v 0.11814402788877487 0.32514116168022156 0.5308835506439209
v 0.1421470046043396 0.3221416771411896 0.5264172554016113
v 0.16576655209064484 0.3197738528251648 0.5222669839859009
v 0.18817152082920074 0.3173505365848541 0.5171514749526978
v 0.20995944738388062 0.313484251499176 0.5124943256378174
v 0.2333131730556488 0.3120429217815399 0.5105478167533875
v 0.2554546296596527 0.30905506014823914 0.506196141242981
v 0.27849939465522766 0.30829983949661255 0.5019211173057556
v 0.30020004510879517 0.3102433383464813 0.4875701665878296
