v -1.048560380935669 -0.722301185131073 1.2096096277236938
v -0.8764538168907166 -0.6698757410049438 1.1589552164077759
v -0.7848394513130188 -0.6402215957641602 1.1700605154037476
v -0.7643536329269409 -0.6925126314163208 1.2252638339996338
v -0.726337194442749 -0.7087486982345581 1.293660283088684
v -0.6921550035476685 -0.7726569771766663 1.3735215663909912
v -0.4779471755027771 -0.6001486778259277 1.1102584600448608
v -0.40232986211776733 -0.5899407863616943 1.0951920747756958
v -0.32213830947875977 -0.5668361186981201 1.0469534397125244
v -0.23811393976211548 -0.5508913397789001 0.9833892583847046
v -0.17569485306739807 -0.5253959894180298 0.9574487209320068
v -0.13170644640922546 -0.683087170124054 1.0991532802581787
v -0.054998427629470825 -0.5328206419944763 0.9296926259994507
v 0.006420956924557686 -0.4898618161678314 0.9177011847496033
v 0.06549453735351562 -0.498369425535202 0.9187705516815186
v 0.12474025040864944 -0.5086953639984131 0.9407883882522583
v 0.17461295425891876 -0.494705468416214 0.9108657836914062
v 0.26868999004364014 -0.5826212167739868 0.9592545032501221
v 0.6603406667709351 -1.0735894441604614 1.8958109617233276
v 0.42106470465660095 -0.6484304666519165 1.0379668474197388
v 0.41074833273887634 -0.5267447829246521 0.9335408210754395
v 0.4705178439617157 -0.5154067277908325 0.9253794550895691
v 0.6085281372070312 -0.5899307727813721 1.0601385831832886
v 0.53615802526474 -0.49893638491630554 0.8440945148468018
v 0.8387686014175415 -0.674996018409729 1.16264009475708
v 0.6989166736602783 -0.5331622362136841 0.9129989743232727
v -1.007555603981018 -0.6865960359573364 1.2034050226211548
v -0.8577691912651062 -0.6444246768951416 1.1533867120742798
v -0.8015652894973755 -0.6500931978225708 1.2098517417907715
v -0.774941086769104 -0.6944860219955444 1.256761908531189
v -0.7280091047286987 -0.7046467065811157 1.311429738998413
v -0.6806275844573975 -0.747696042060852 1.3631346225738525
v -0.47156184911727905 -0.5872725248336792 1.111223816871643
v -0.4029134213924408 -0.5876181125640869 1.106722354888916
v -0.3103046715259552 -0.545179009437561 1.0132592916488647
v -0.229791522026062 -0.5321258306503296 0.982560932636261
v -0.17118580639362335 -0.518690824508667 0.9677459597587585
v -0.13117320835590363 -0.6172546148300171 1.1105198860168457
v -0.0487915575504303 -0.5030021071434021 0.9280062913894653
v 0.011393362656235695 -0.48611941933631897 0.9235746264457703
v 0.07118292897939682 -0.4933629333972931 0.9271717071533203
v 0.12960220873355865 -0.5013770461082458 0.9428642392158508
v 0.17913523316383362 -0.4886035621166229 0.9111302495002747
v 0.26874983310699463 -0.5669397711753845 0.998441219329834
v 0.676628828048706 -1.0564966201782227 1.927066445350647
v 0.3629179894924164 -0.5740967988967896 0.9975274801254272
v 0.42075231671333313 -0.5123553276062012 0.9354321956634521
v 0.4785056412220001 -0.5079420804977417 0.9291984438896179
v 0.614486038684845 -0.5813605785369873 1.0627573728561401
v 0.5391348004341125 -0.4793778955936432 0.8409073352813721
v 0.83214271068573 -0.6531399488449097 1.1513590812683105
v 0.7033706903457642 -0.5150476694107056 0.9156383872032166
v -0.9768267869949341 -0.6638807058334351 1.191381812095642
v -0.8357020616531372 -0.6225966215133667 1.1430562734603882
v -0.8160732984542847 -0.6596896052360535 1.2456482648849487
v -0.7864087820053101 -0.6983629465103149 1.291691541671753
v -0.7242798805236816 -0.7019872069358826 1.325468897819519
v -0.6636943817138672 -0.7231978178024292 1.3505158424377441
v -0.46421000361442566 -0.5783460140228271 1.111769437789917
v -0.4029677212238312 -0.5876018404960632 1.1200392246246338
v -0.30416542291641235 -0.5445031523704529 1.0204722881317139
v -0.22002588212490082 -0.5208662152290344 0.9764025211334229
v -0.16339968144893646 -0.5171651244163513 0.9733690619468689
v -0.11682393401861191 -0.5978538393974304 1.1133610010147095
v -0.04030098393559456 -0.48998790979385376 0.9246477484703064
v 0.017661750316619873 -0.4846908450126648 0.9279575347900391
v 0.07715411484241486 -0.4933026134967804 0.9356566667556763
v 0.13440965116024017 -0.4960237145423889 0.9406408071517944
v 0.18428601324558258 -0.484750360250473 0.9087088704109192
v 0.2914218306541443 -0.5800710916519165 1.0529682636260986
v 0.6899179220199585 -1.0189077854156494 1.8908307552337646
v 0.36703434586524963 -0.5481054186820984 0.9839544296264648
v 0.42918074131011963 -0.5072948932647705 0.9426841735839844
v 0.5152143239974976 -0.5275852680206299 0.9998335838317871
v 0.583780825138092 -0.550252377986908 1.0068260431289673
v 0.5542919635772705 -0.47732532024383545 0.8534876108169556
v 0.8286301493644714 -0.6351547837257385 1.140865683555603
v 0.7132804989814758 -0.5086723566055298 0.9206264019012451
v -0.9556591510772705 -0.6476991176605225 1.185904860496521
v -0.8164081573486328 -0.6055048704147339 1.1307684183120728
v -0.8292891383171082 -0.6709694266319275 1.2754253149032593
v -0.794370174407959 -0.7016839981079102 1.3181793689727783
v -0.7310874462127686 -0.7090787887573242 1.3487465381622314
v -0.645794153213501 -0.7014658451080322 1.336173176765442
v -0.45746466517448425 -0.5723304748535156 1.1119699478149414
v -0.40407222509384155 -0.5908158421516418 1.1358020305633545
v -0.2968309819698334 -0.5423498153686523 1.0228646993637085
v -0.23599769175052643 -0.5606189966201782 1.0721511840820312
v -0.15753653645515442 -0.5150920152664185 0.9773356318473816
v -0.10975855588912964 -0.5769597291946411 1.098592758178711
v -0.033906806260347366 -0.4801608622074127 0.9204512238502502
v 0.024153640493750572 -0.48306870460510254 0.9306626915931702
v 0.08213833719491959 -0.49274060130119324 0.9416916370391846
v 0.14008067548274994 -0.4900929927825928 0.9363980889320374
v 0.1899781972169876 -0.48076382279396057 0.9064328670501709
v 0.3110654354095459 -0.5967793464660645 1.1168652772903442
v 0.5178669691085815 -0.7576155662536621 1.4265882968902588
v 0.6450548768043518 -0.8367370963096619 1.5447280406951904
v 0.4360314607620239 -0.5024949908256531 0.9472180008888245
v 0.5618974566459656 -0.565701425075531 1.0783984661102295
v 0.5793789625167847 -0.5380172729492188 0.9962591528892517
v 0.6852049827575684 -0.5307579040527344 0.9968634247779846
v 0.7232482433319092 -0.5638500452041626 1.0282784700393677
v 0.724223792552948 -0.5060256123542786 0.9255750179290771
v -0.936231255531311 -0.6356500387191772 1.1815288066864014
v -0.8038716316223145 -0.5944522619247437 1.12539541721344
v -0.8414170145988464 -0.6815011501312256 1.300149917602539
v -0.7986677885055542 -0.7028859853744507 1.336658239364624
v -0.7579704523086548 -0.729751706123352 1.401291847229004
v -0.6264692544937134 -0.6803272366523743 1.318962812423706
v -0.45250916481018066 -0.5684669017791748 1.1137806177139282
v -0.4048732817173004 -0.5958861112594604 1.1527960300445557
v -0.2893882393836975 -0.5389459133148193 1.0239648818969727
v -0.23116064071655273 -0.5565499067306519 1.0767178535461426
v -0.1527460664510727 -0.5141011476516724 0.9871257543563843
v -0.0996372252702713 -0.5572888255119324 1.078873872756958
v -0.027407580986618996 -0.473115473985672 0.9200482368469238
v 0.02946186251938343 -0.48098886013031006 0.934326171875
v 0.08737815171480179 -0.491922527551651 0.9488938450813293
v 0.14502067863941193 -0.4839082956314087 0.9331149458885193
v 0.19615976512432098 -0.47717490792274475 0.907740592956543
v 0.32140976190567017 -0.6314854621887207 1.2421772480010986
v 0.5143544673919678 -0.7383502721786499 1.4041733741760254
v 0.6586728096008301 -0.8273042440414429 1.5569270849227905
v 0.4429278075695038 -0.49761971831321716 0.9492982625961304
v 0.5794534683227539 -0.571738600730896 1.0954468250274658
v 0.5757464170455933 -0.523193359375 0.9796696901321411
v 0.8741695880889893 -0.7121051549911499 1.3145642280578613
v 0.6975414752960205 -0.5354129076004028 0.9861590266227722
v 0.734908938407898 -0.504578173160553 0.928295910358429
v -0.9162150025367737 -0.6228532195091248 1.176979899406433
v -0.8003354072570801 -0.5912141799926758 1.1325325965881348
v -0.8489829301834106 -0.6913784742355347 1.3205887079238892
v -0.7975757718086243 -0.7004438638687134 1.3476735353469849
v -0.8025410175323486 -0.7615231275558472 1.4864871501922607
v -0.6054480075836182 -0.6592283248901367 1.298478364944458
v -0.45035094022750854 -0.5685975551605225 1.1223407983779907
v -0.4032767415046692 -0.6009474396705627 1.1695961952209473
v -0.2822672724723816 -0.5348600149154663 1.0251045227050781
v -0.2257734090089798 -0.5540030598640442 1.081092357635498
v -0.14706337451934814 -0.5133810043334961 1.0049848556518555
v -0.08905883878469467 -0.5350137948989868 1.0575065612792969
v -0.021659843623638153 -0.4705321788787842 0.9309484958648682
v 0.035200826823711395 -0.4804401695728302 0.9415342211723328
v 0.09501060843467712 -0.49120524525642395 0.957138180732727
v 0.15005159378051758 -0.4782803952693939 0.930141031742096
v 0.20368662476539612 -0.4758293032646179 0.9146418571472168
v 0.37544625997543335 -0.6752628087997437 1.361027479171753
v 0.5459637641906738 -0.748787522315979 1.471627116203308
v 0.6683789491653442 -0.815382719039917 1.5566736459732056
v 0.45218712091445923 -0.494383841753006 0.9511932730674744
v 0.532441258430481 -0.5204397439956665 0.998229444026947
v 0.5711171627044678 -0.5078822374343872 0.9604361653327942
v 0.8973921537399292 -0.71727055311203 1.3216772079467773
v 0.6819642782211304 -0.5128999948501587 0.956865668296814
v 0.7470804452896118 -0.5030722618103027 0.9297904968261719
v -0.8966916799545288 -0.611112654209137 1.1707861423492432
v -0.803408682346344 -0.5944958329200745 1.1497747898101807
v -0.8565428256988525 -0.6986451148986816 1.33920419216156
v -0.7920839190483093 -0.6972196102142334 1.3532437086105347
v -0.8419526815414429 -0.7926735281944275 1.567021369934082
v -0.58464515209198 -0.6402244567871094 1.2765284776687622
v -0.4533340334892273 -0.575447678565979 1.1425507068634033
v -0.3991453945636749 -0.6058275103569031 1.185270071029663
v -0.2748613953590393 -0.5305571556091309 1.0271762609481812
v -0.22065813839435577 -0.5552244186401367 1.0890969038009644
v -0.30386415123939514 -0.910686194896698 2.0453054904937744
v -0.07891757041215897 -0.5130828022956848 1.0346596240997314
v -0.01423946488648653 -0.46635574102401733 0.9286277294158936
v 0.041470374912023544 -0.48120519518852234 0.9525257349014282
v 0.10202576965093613 -0.48824793100357056 0.9606038928031921
v 0.15615643560886383 -0.4742206633090973 0.9304376244544983
v 0.2136833369731903 -0.4777664244174957 0.9299605488777161
v 0.37276843190193176 -0.6480892300605774 1.2539799213409424
v 0.5753958225250244 -0.7515645027160645 1.5315845012664795
v 0.6701085567474365 -0.797395646572113 1.5386810302734375
v 0.5896373987197876 -0.6244547963142395 1.2100200653076172
v 0.5496070384979248 -0.5253418684005737 1.014927625656128
v 0.5679575204849243 -0.4936854839324951 0.9440261125564575
v 0.7150317430496216 -0.5715121626853943 1.0876853466033936
v 0.6793420314788818 -0.49804767966270447 0.9434249401092529
v 0.7639488577842712 -0.5018788576126099 0.9341005682945251
v -0.8197252154350281 -0.5631603002548218 1.0672796964645386
v -0.8101840019226074 -0.6017411947250366 1.1724185943603516
v -0.8617182374000549 -0.7047273516654968 1.35612952709198
v -0.7829790115356445 -0.6926752328872681 1.355107069015503
v -0.8426645994186401 -0.7970212697982788 1.5883705615997314
v -0.5680954456329346 -0.6253364086151123 1.2593040466308594
v -0.463795930147171 -0.5914005041122437 1.1859960556030273
v -0.3952154219150543 -0.6105997562408447 1.1989772319793701
v -0.2672821879386902 -0.525291919708252 1.028502106666565
v -0.21755753457546234 -0.5650918483734131 1.110769271850586
v -0.2889891564846039 -1.1121999025344849 2.274993419647217
v -0.06929077208042145 -0.4935414791107178 1.012905478477478
v -0.008645602501928806 -0.46551278233528137 0.9340161085128784
v 0.04761960357427597 -0.4819869101047516 0.9644823670387268
v 0.1077725887298584 -0.4833811819553375 0.9606029391288757
v 0.16173362731933594 -0.47031962871551514 0.931260883808136
v 0.22551831603050232 -0.4830736219882965 0.9515492916107178
v 0.38827455043792725 -0.6544535756111145 1.2731070518493652
v 0.6455409526824951 -0.797747015953064 1.7009527683258057
v 0.6631510257720947 -0.7751365303993225 1.5044546127319336
v 0.6067721843719482 -0.6307100057601929 1.2314130067825317
v 0.5625382661819458 -0.5261653065681458 1.0230648517608643
v 0.5642160773277283 -0.47896042466163635 0.9269965291023254
v 0.7524657249450684 -0.589214563369751 1.125345230102539
v 0.6824450492858887 -0.4885176122188568 0.9374722838401794
v 0.7821650505065918 -0.49965807795524597 0.9361206889152527
v -0.8005772233009338 -0.549180269241333 1.0553637742996216
v -0.8207295536994934 -0.6120301485061646 1.1994587182998657
v -0.8658658862113953 -0.7099746465682983 1.3706719875335693
v -0.7719057202339172 -0.6869657039642334 1.3550370931625366
v -0.8216776251792908 -0.7843363285064697 1.5794198513031006
v -0.5575135350227356 -0.6155221462249756 1.2544447183609009
v -0.4807778000831604 -0.6161676049232483 1.2528924942016602
v -0.33386388421058655 -0.5206731557846069 1.0346362590789795
v -0.2596479654312134 -0.5196431875228882 1.028158187866211
v -0.21904344856739044 -0.5900250673294067 1.1623444557189941
v -0.2771722674369812 -1.165722131729126 2.4241302013397217
v -0.06139017641544342 -0.4785442352294922 0.9947896003723145
v -0.003240880323573947 -0.46669021248817444 0.941977858543396
v 0.05409969389438629 -0.48356449604034424 0.9788079857826233
v 0.11321256309747696 -0.4779220521450043 0.9578313231468201
v 0.16734790802001953 -0.4673803150653839 0.9345797300338745
v 0.23969978094100952 -0.49255621433258057 0.9784069061279297
v 0.3996749818325043 -0.6556711196899414 1.2822620868682861
v 0.668515682220459 -0.820044994354248 1.7239105701446533
v 0.6503056287765503 -0.7515720129013062 1.4632102251052856
v 0.619397759437561 -0.6328132152557373 1.2421833276748657
v 0.5697115659713745 -0.5227032899856567 1.0229148864746094
v 0.5626349449157715 -0.4652218818664551 0.9135075807571411
v 0.7581558227539062 -0.5859180688858032 1.1185188293457031
v 0.688571035861969 -0.4821174740791321 0.9354572296142578
v 0.7996524572372437 -0.49595949053764343 0.9483835101127625
v -0.7892612814903259 -0.5383195877075195 1.0507251024246216
v -0.8344489932060242 -0.6247759461402893 1.230394959449768
v -0.8643723130226135 -0.7118282318115234 1.3789129257202148
v -0.7590709924697876 -0.6807162761688232 1.3537743091583252
v -0.7909332513809204 -0.7624746561050415 1.5533894300460815
v -0.5501474142074585 -0.6093447208404541 1.2569810152053833
v -0.5032626986503601 -0.6486072540283203 1.3359529972076416
v -0.32896098494529724 -0.5188608169555664 1.0391218662261963
v -0.25196439027786255 -0.513763427734375 1.0260536670684814
v -0.22972044348716736 -0.6356798410415649 1.2603812217712402
v -0.3065092861652374 -0.8342614769935608 2.4918980598449707
v -0.1573067605495453 -0.6124157309532166 1.681886911392212
v 0.002308045979589224 -0.4688941538333893 0.9529346823692322
v 0.060742370784282684 -0.4862728714942932 0.9952040314674377
v 0.1183316558599472 -0.47220829129219055 0.9536620378494263
v 0.17389996349811554 -0.46604737639427185 0.9413620233535767
v 0.25468710064888 -0.5046493411064148 1.0069326162338257
v 0.40800270438194275 -0.6535912156105042 1.2830415964126587
v 0.6037187576293945 -0.7163195013999939 1.52628755569458
v 0.6381104588508606 -0.7296932935714722 1.4224275350570679
v 0.6262258291244507 -0.6292638778686523 1.2397809028625488
v 0.5718904733657837 -0.5151504278182983 1.0159724950790405
v 0.5644340515136719 -0.45344293117523193 0.9041885733604431
v 0.7401667833328247 -0.5665732622146606 1.0835304260253906
v 0.6952420473098755 -0.4779152274131775 0.9343726634979248
v -1.054782748222351 -0.6450631618499756 1.2467811107635498
v -0.7828482985496521 -0.5301239490509033 1.0493876934051514
v -0.8488839268684387 -0.6372151374816895 1.2623355388641357
v -0.8591965436935425 -0.7096526622772217 1.3812785148620605
v -0.7471264004707336 -0.6738017797470093 1.3526281118392944
v -0.7644072771072388 -0.740646481513977 1.527237057685852
v -0.5438292622566223 -0.6052221059799194 1.2614222764968872
v -0.5238906145095825 -0.6799228191375732 1.4154179096221924
v -0.3241177201271057 -0.5166845917701721 1.0430881977081299
v -0.24449637532234192 -0.5077846050262451 1.0243091583251953
v -0.25194182991981506 -0.7021870613098145 1.411686897277832
v -0.25469520688056946 -0.6641052961349487 1.9208641052246094
v -0.0749087780714035 -0.8249557018280029 1.7470622062683105
v 0.008005678653717041 -0.47110429406166077 0.965880811214447
v 0.06813039630651474 -0.489432156085968 1.010142207145691
v 0.12291231006383896 -0.46604588627815247 0.9493280053138733
v 0.18065643310546875 -0.4666697680950165 0.9506421089172363
v 0.2688295841217041 -0.5167434811592102 1.0336803197860718
v 0.4127595126628876 -0.6455411314964294 1.2733029127120972
v 0.46573466062545776 -0.6109912395477295 1.2212011814117432
v 0.6332635879516602 -0.7131224870681763 1.3938218355178833
v 0.624871015548706 -0.6209002137184143 1.2250003814697266
v 0.5710375905036926 -0.5050813555717468 1.005108118057251
v 0.5704970359802246 -0.44615083932876587 0.900801956653595
v 0.7083920836448669 -0.5381183624267578 1.0333412885665894
v 0.7021969556808472 -0.474285364151001 0.9345497488975525
v -1.0240598917007446 -0.6361948847770691 1.2466235160827637
v -0.7774173021316528 -0.52398282289505 1.0481595993041992
v -0.8601205348968506 -0.6469211578369141 1.2905946969985962
v -0.8530663251876831 -0.7050961256027222 1.3826100826263428
v -0.737116813659668 -0.6664589643478394 1.3521379232406616
v -0.7441196441650391 -0.7201442718505859 1.5059921741485596
v -0.5376366376876831 -0.6021113395690918 1.2668101787567139
v -0.5380258560180664 -0.7048344612121582 1.4798375368118286
v -0.31851673126220703 -0.5135107040405273 1.0465829372406006
v -0.24173958599567413 -0.5080147385597229 1.0481919050216675
v -0.2827906012535095 -0.7889728546142578 1.6124480962753296
v -0.2640635371208191 -0.6796420812606812 2.048804521560669
v -0.06646770983934402 -0.7707147598266602 1.6417573690414429
v 0.014039100147783756 -0.4731306731700897 0.9809221029281616
v 0.07537946105003357 -0.4912610948085785 1.0226776599884033
v 0.12761695683002472 -0.4598824679851532 0.9464144110679626
v 0.1883457899093628 -0.4702603816986084 0.9649136662483215
v 0.2820051610469818 -0.5268881320953369 1.0570051670074463
v 0.41563349962234497 -0.6350065469741821 1.257235050201416
v 0.47053131461143494 -0.6044211983680725 1.2186942100524902
v 0.5528908967971802 -0.572973370552063 1.207923173904419
v 0.6169147491455078 -0.6093340516090393 1.2048923969268799
v 0.5704600811004639 -0.49492621421813965 0.9935986995697021
v 0.5871642231941223 -0.44882604479789734 0.9129208922386169
v 0.6779961585998535 -0.5082606077194214 0.9853771328926086
v 0.7105173468589783 -0.4709913730621338 0.935820996761322
v -1.0164027214050293 -0.6362799406051636 1.2588213682174683
v -0.7729948163032532 -0.5201818943023682 1.049254298210144
v -0.8684338331222534 -0.6539546251296997 1.3128867149353027
v -0.8459542989730835 -0.6999793648719788 1.383910059928894
v -0.7301865220069885 -0.6618850231170654 1.3537850379943848
v -0.7278647422790527 -0.7012667059898376 1.4894676208496094
v -0.5353211164474487 -0.6020454168319702 1.2774516344070435
v -0.5458189845085144 -0.7229834794998169 1.5282920598983765
v -0.3124030530452728 -0.509018063545227 1.0474750995635986
v -0.26191943883895874 -0.5769327282905579 1.162439227104187
v -0.3098077178001404 -0.8799679279327393 1.8360490798950195
v -0.26076239347457886 -0.8419620990753174 2.530250310897827
v -0.0580759271979332 -0.7295284867286682 1.5591752529144287
v 0.02027340605854988 -0.4749290645122528 0.9962106943130493
v 0.0826680064201355 -0.49071064591407776 1.0306875705718994
v 0.1325717568397522 -0.45442521572113037 0.9445666074752808
v 0.22033081948757172 -0.5377087593078613 1.2075830698013306
v 0.29332882165908813 -0.53409743309021 1.0740952491760254
v 0.417876660823822 -0.6245707273483276 1.2401434183120728
v 0.47543850541114807 -0.5995427370071411 1.2148830890655518
v 0.4869759678840637 -0.523503303527832 1.062242031097412
v 0.6123790740966797 -0.597516655921936 1.1886614561080933
v 0.571178674697876 -0.48613861203193665 0.9842745661735535
v 0.6167320013046265 -0.4638913869857788 0.9482713341712952
v 0.6592977046966553 -0.4842287302017212 0.9521598219871521
v 0.721322238445282 -0.4691360294818878 0.9395560026168823
v -1.0163086652755737 -0.6384400129318237 1.2785592079162598
v -0.7703003883361816 -0.5183935165405273 1.0540759563446045
v -0.8736778497695923 -0.6597106456756592 1.3309004306793213
v -0.8388479351997375 -0.6940404772758484 1.3852787017822266
v -0.7294927835464478 -0.6631845235824585 1.3646799325942993
v -0.7128194570541382 -0.6831409335136414 1.4751336574554443
v -0.5410873889923096 -0.6092019081115723 1.3026843070983887
v -0.5495052337646484 -0.7387194037437439 1.567518949508667
v -0.30480676889419556 -0.5027059316635132 1.0446650981903076
v -0.2561095356941223 -0.5760089755058289 1.167166829109192
v -0.3259750008583069 -0.9603853225708008 2.058086395263672
v -0.2263813018798828 -0.9572716951370239 2.5028302669525146
v -0.048703454434871674 -0.7001686096191406 1.496825933456421
v 0.026712479069828987 -0.476773202419281 1.0123568773269653
v 0.08956066519021988 -0.487652987241745 1.0346835851669312
v 0.1379038393497467 -0.4502567648887634 0.9456342458724976
v 0.2624419331550598 -0.571096658706665 1.3082740306854248
v 0.30211111903190613 -0.538310170173645 1.0843993425369263
v 0.41881653666496277 -0.6125134229660034 1.2222380638122559
v 0.4807177484035492 -0.5940501093864441 1.207213282585144
v 0.49723124504089355 -0.5231578350067139 1.0679136514663696
v 0.6172035932540894 -0.5910696387290955 1.1837913990020752
v 0.5731027126312256 -0.47828179597854614 0.9778408408164978
v 0.6604758501052856 -0.49343550205230713 1.0072648525238037
v 0.6532107591629028 -0.46902230381965637 0.9352902770042419
v 0.7342379689216614 -0.4686143696308136 0.9440566897392273
v -1.019439458847046 -0.6461037397384644 1.3005133867263794
v -0.7703924179077148 -0.5188040733337402 1.062608003616333
v -0.876868724822998 -0.6648939847946167 1.345325231552124
v -0.8293258547782898 -0.6857491731643677 1.3845715522766113
v -0.7361564040184021 -0.6718060970306396 1.3919451236724854
v -0.6961597800254822 -0.6676976680755615 1.4589025974273682
v -0.560167670249939 -0.6296619176864624 1.3575901985168457
v -0.5504897236824036 -0.7528796195983887 1.6006678342819214
v -0.29618868231773376 -0.4959549009799957 1.0406579971313477
v -0.2522951364517212 -0.5821957588195801 1.1835088729858398
v -0.3336998224258423 -1.0256284475326538 2.261201858520508
v -0.2152322679758072 -0.8809394836425781 2.445450782775879
v -0.0392301119863987 -0.6816280484199524 1.4511871337890625
v 0.03349621221423149 -0.47915253043174744 1.0295542478561401
v 0.09610515832901001 -0.48299548029899597 1.0352247953414917
v 0.1447465568780899 -0.4493151903152466 0.9548484086990356
v 0.21849028766155243 -0.4950033128261566 1.0299222469329834
v 0.3093717098236084 -0.539616584777832 1.0873863697052002
v 0.41932618618011475 -0.6001172065734863 1.202802300453186
v 0.4853455126285553 -0.5858379602432251 1.194692850112915
v 0.5069819688796997 -0.522513747215271 1.0741736888885498
v 0.5633176565170288 -0.5177822113037109 1.0604616403579712
v 0.5770856142044067 -0.47122451663017273 0.9748051762580872
v 0.7081108689308167 -0.5271755456924438 1.078336238861084
v 0.6551463603973389 -0.459223210811615 0.9258505702018738
v 0.7500416040420532 -0.46964654326438904 0.9503133296966553
v -1.0274908542633057 -0.6571597456932068 1.330493450164795
v -0.7724229693412781 -0.5212817192077637 1.0745376348495483
v -0.8785877227783203 -0.6686881184577942 1.3570704460144043
v -0.8147506713867188 -0.67316073179245 1.3758978843688965
v -0.7533978223800659 -0.684118390083313 1.4349548816680908
v -0.675430178642273 -0.6518206596374512 1.4349579811096191
v -0.5908585786819458 -0.6659655570983887 1.4487096071243286
v -0.5499317646026611 -0.7639690041542053 1.6273436546325684
v -0.28831747174263 -0.4906553030014038 1.0387585163116455
v -0.2536260485649109 -0.5983060598373413 1.220838189125061
v -0.33716705441474915 -1.0755995512008667 2.4323086738586426
v -0.182393416762352 -0.989644467830658 2.3764243125915527
v -0.06839391589164734 -0.5279589891433716 1.2980098724365234
v 0.04013397544622421 -0.4819980263710022 1.0465956926345825
v 0.1017746701836586 -0.47761908173561096 1.03252112865448
v 0.15389925241470337 -0.4538145363330841 0.9752584099769592
v 0.22879023849964142 -0.5013353824615479 1.0475010871887207
v 0.3155689835548401 -0.5382367968559265 1.0851542949676514
v 0.4180036783218384 -0.5851136445999146 1.1806650161743164
v 0.4879245460033417 -0.5719527006149292 1.1780749559402466
v 0.5160337090492249 -0.5229442715644836 1.0805743932724
v 0.5682495832443237 -0.5112330317497253 1.055338978767395
v 0.5820940136909485 -0.46514490246772766 0.9732303023338318
v 0.7461803555488586 -0.5532064437866211 1.1339551210403442
v 0.661493182182312 -0.4539813995361328 0.9202353358268738
v 0.7687001824378967 -0.4725000262260437 0.9601826071739197
v -1.0391184091567993 -0.6672420501708984 1.3607820272445679
v -0.7756538987159729 -0.5253443717956543 1.0899561643600464
v -0.8781020641326904 -0.6712719202041626 1.367366075515747
v -0.7923984527587891 -0.657607913017273 1.3562253713607788
v -0.7724058628082275 -0.6948133707046509 1.478492259979248
v -0.6514549255371094 -0.635498046875 1.4074362516403198
v -0.62432461977005 -0.7104450464248657 1.5699944496154785
v -0.5474523305892944 -0.7711570858955383 1.6483447551727295
v -0.37758785486221313 -0.6398646831512451 1.4356626272201538
v -0.2627411186695099 -0.6284644603729248 1.2895073890686035
v -0.3387603163719177 -1.1130391359329224 2.5659618377685547
v -0.16201616823673248 -1.003300428390503 2.305189609527588
v -0.013920264318585396 -0.4663543701171875 1.0067241191864014
v 0.04769361764192581 -0.4827881157398224 1.059582233428955
v 0.10754356533288956 -0.4712889790534973 1.026659607887268
v 0.1410483568906784 -0.49371451139450073 1.1407920122146606
v 0.23792368173599243 -0.5029588937759399 1.055690884590149
v 0.32172852754592896 -0.5345495939254761 1.0801918506622314
v 0.41508570313453674 -0.5682166814804077 1.154667615890503
v 0.49262261390686035 -0.5601615309715271 1.1634290218353271
v 0.5254853367805481 -0.5243479013442993 1.0875089168548584
v 0.5680907368659973 -0.5006126761436462 1.0419098138809204
v 0.5873432159423828 -0.4596242308616638 0.973394513130188
v 0.7668399810791016 -0.5652774572372437 1.1552486419677734
v 0.6698071360588074 -0.4514385163784027 0.9202859401702881
v 0.7896134853363037 -0.4762977063655853 0.9716154336929321
v -1.0505993366241455 -0.6740574836730957 1.3866057395935059
v -0.7793199419975281 -0.5297600030899048 1.1079744100570679
v -0.7784075736999512 -0.5833207368850708 1.2150824069976807
v -0.7691774964332581 -0.6399227380752563 1.3337821960449219
v -0.7741936445236206 -0.6947242021560669 1.496859073638916
v -0.6298013925552368 -0.6213130950927734 1.3828999996185303
v -0.6551312208175659 -0.7506230473518372 1.6956536769866943
v -0.5276722311973572 -0.6841660737991333 1.6586613655090332
v -0.3696269392967224 -0.6799687147140503 1.4647679328918457
v -0.2811172306537628 -0.6746489405632019 1.3949581384658813
v -0.33657553791999817 -1.1361430883407593 2.6513772010803223
v -0.14709016680717468 -0.9578126668930054 2.222120761871338
v -0.007780295796692371 -0.470660924911499 1.0217554569244385
v 0.055339984595775604 -0.4801558256149292 1.066933274269104
v 0.11343403160572052 -0.4645361602306366 1.0201220512390137
v 0.17806284129619598 -0.47867339849472046 1.0454463958740234
v 0.24593867361545563 -0.5016682744026184 1.0569360256195068
v 0.3260154128074646 -0.5285714864730835 1.071190595626831
v 0.412710964679718 -0.5518078804016113 1.12846040725708
v 0.4999028444290161 -0.5531467199325562 1.1555474996566772
v 0.5360574722290039 -0.5280486941337585 1.09578275680542
v 0.5651384592056274 -0.4888819754123688 1.0254600048065186
v 0.5926395654678345 -0.4546128809452057 0.974136471748352
v 0.7610477805137634 -0.558066725730896 1.1323497295379639
v 0.7566351890563965 -0.5006023049354553 1.0410974025726318
v 0.8122292160987854 -0.4781612455844879 0.9814470410346985
v -1.0627449750900269 -0.6812190413475037 1.4115984439849854
v -0.7813574075698853 -0.5339981317520142 1.1261708736419678
v -0.7748402953147888 -0.5842281579971313 1.2237985134124756
v -0.7502390146255493 -0.6229315996170044 1.319199800491333
v -0.7704219222068787 -0.6900407075881958 1.5100510120391846
v -0.6123560667037964 -0.6117075085639954 1.3666876554489136
v -0.6725534796714783 -0.7814537286758423 1.7949481010437012
v -0.41379714012145996 -0.5828256011009216 1.376530408859253
v -0.36510932445526123 -0.6841713786125183 1.4822275638580322
v -0.3048544228076935 -0.7332704067230225 1.5311229228973389
v -0.33057713508605957 -1.1460000276565552 2.6967413425445557
v -0.13021224737167358 -0.9109629392623901 2.1285550594329834
v -0.0017879942897707224 -0.4756934940814972 1.0393146276474
v 0.06327608972787857 -0.4753080904483795 1.0689250230789185
v 0.11876601725816727 -0.4573567509651184 1.012436866760254
v 0.19049759209156036 -0.49176734685897827 1.079429268836975
v 0.25298619270324707 -0.4991038143634796 1.0539950132369995
v 0.327754944562912 -0.5193718671798706 1.057167649269104
v 0.4117032587528229 -0.537260115146637 1.106063723564148
v 0.5083398818969727 -0.5494779348373413 1.1521368026733398
v 0.5459928512573242 -0.5296592712402344 1.1037275791168213
v 0.5616631507873535 -0.47801506519317627 1.0095932483673096
v 0.5988764762878418 -0.4491359293460846 0.9755986928939819
v 0.7371754050254822 -0.535561203956604 1.085859775543213
v 0.7667017579078674 -0.4959922730922699 1.0434478521347046
v 0.8329720497131348 -0.47767141461372375 0.9929331541061401
v -1.0727227926254272 -0.6878348588943481 1.4328633546829224
v -0.7814244031906128 -0.5372443199157715 1.139674425125122
v -0.7688753008842468 -0.5804553627967834 1.229204773902893
v -0.7356139421463013 -0.6100986003875732 1.3132100105285645
v -0.7637839913368225 -0.6812671422958374 1.518557071685791
v -0.5984897613525391 -0.6070688962936401 1.3609036207199097
v -0.6805688142776489 -0.8037492632865906 1.864037275314331
v -0.36323025822639465 -0.5348786115646362 1.1660740375518799
v -0.3553816080093384 -0.6829710006713867 1.4811959266662598
v -0.32974180579185486 -0.7971697449684143 1.685425043106079
v -0.3204462230205536 -1.14207923412323 2.7121329307556152
v -0.11408621072769165 -0.8663201332092285 2.030719518661499
v 0.004353190306574106 -0.47886618971824646 1.056328296661377
v 0.07085928320884705 -0.4702121913433075 1.0656050443649292
v 0.1231691837310791 -0.4498368799686432 1.0038870573043823
v 0.2008175253868103 -0.5001810193061829 1.0997793674468994
v 0.2590894103050232 -0.4958687722682953 1.049073576927185
v 0.3282899558544159 -0.5076321959495544 1.039416790008545
v 0.4132043719291687 -0.5256338119506836 1.089478611946106
v 0.5177372694015503 -0.5469475388526917 1.1549080610275269
v 0.5544411540031433 -0.5276398062705994 1.1075377464294434
v 0.6285125017166138 -0.4999501705169678 1.0834447145462036
v 0.6053969860076904 -0.44331806898117065 0.9742048382759094
v 0.7047643661499023 -0.5063032507896423 1.0354033708572388
v 0.7884666919708252 -0.49949732422828674 1.0601531267166138
v -1.0491257905960083 -0.595789909362793 1.2398617267608643
v -1.0786136388778687 -0.6917703151702881 1.4501771926879883
v -0.7786291241645813 -0.5388531684875488 1.147318959236145
v -0.8541547060012817 -0.6400476098060608 1.3929805755615234
v -0.7245386838912964 -0.6012757420539856 1.3114300966262817
v -0.751671314239502 -0.6677141785621643 1.5161809921264648
v -0.5890417695045471 -0.606155514717102 1.3648115396499634
v -0.6860405802726746 -0.8208718299865723 1.9119819402694702
v -0.4147210419178009 -0.5930549502372742 1.4710155725479126
v -0.3433718681335449 -0.6767460107803345 1.4645423889160156
v -0.35397103428840637 -0.8625375628471375 1.8543018102645874
v -0.30302488803863525 -1.1244533061981201 2.6958117485046387
v -0.09880762547254562 -0.8262700438499451 1.9350669384002686
v 0.010923117399215698 -0.4783848226070404 1.0688831806182861
v 0.07785326987504959 -0.4654746949672699 1.0584605932235718
v 0.12787851691246033 -0.44282522797584534 0.9988353252410889
v 0.20787499845027924 -0.5024154186248779 1.1042674779891968
v 0.2644398808479309 -0.49153268337249756 1.0433918237686157
v 0.3285711705684662 -0.4944234788417816 1.0206822156906128
v 0.4157956838607788 -0.5156725645065308 1.076284646987915
v 0.5281827449798584 -0.5451730489730835 1.1632986068725586
v 0.5594090223312378 -0.5231620073318481 1.1034214496612549
v 0.8063250184059143 -0.6455373167991638 1.458662748336792
v 0.6149084568023682 -0.44142618775367737 0.9730983376502991
v 0.6702755689620972 -0.4759594798088074 0.9858641624450684
v 0.800668478012085 -0.48799994587898254 1.0558481216430664
v -1.0720306634902954 -0.616309404373169 1.3089869022369385
v -1.0802886486053467 -0.6930021643638611 1.4626413583755493
v -0.7736689448356628 -0.5390708446502686 1.1512281894683838
v -0.8542680740356445 -0.657371997833252 1.3966705799102783
v -0.7155117392539978 -0.5955350399017334 1.312118649482727
v -0.7321377992630005 -0.6501684784889221 1.497092843055725
v -0.5853856801986694 -0.6089156270027161 1.38007390499115
v -0.6917105913162231 -0.8366221189498901 1.9525409936904907
v -0.5400930643081665 -0.8222935795783997 1.7938206195831299
v -0.2645784914493561 -0.4934479296207428 1.115283727645874
v -0.37464797496795654 -0.9283692240715027 2.039016008377075
v -0.281585693359375 -1.0861848592758179 2.6517715454101562
v -0.08372679352760315 -0.7930348515510559 1.8481708765029907
v 0.017762506380677223 -0.4770645499229431 1.0751498937606812
v 0.08431221544742584 -0.4609449803829193 1.0499587059020996
v 0.13369885087013245 -0.4387816786766052 0.9996857643127441
v 0.21238480508327484 -0.4991333782672882 1.0951792001724243
v 0.26947253942489624 -0.48588964343070984 1.036410927772522
v 0.32942622900009155 -0.4818788766860962 1.0038148164749146
v 0.4187072515487671 -0.5067797303199768 1.0659927129745483
v 0.5402051210403442 -0.5458210110664368 1.1749368906021118
v 0.5583869814872742 -0.5134960412979126 1.0893133878707886
v 0.831560492515564 -0.6537994146347046 1.510546326637268
v 0.6311600208282471 -0.44626685976982117 0.9785617589950562
v 0.6481618881225586 -0.4520995318889618 0.9503072500228882
v 0.738579511642456 -0.45557987689971924 0.9709407687187195
v -1.081977128982544 -0.6251952648162842 1.3398551940917969
v -1.075303316116333 -0.6912502646446228 1.4652798175811768
v -0.769525408744812 -0.5390393733978271 1.1558624505996704
v -0.8440022468566895 -0.6502028703689575 1.3924529552459717
v -0.7085220813751221 -0.5922682881355286 1.3148558139801025
v -0.7034811973571777 -0.6291533708572388 1.4627214670181274
v -0.5874082446098328 -0.6167659759521484 1.4097983837127686
v -0.696068525314331 -0.852303683757782 1.986337661743164
v -0.5371878147125244 -0.8296443819999695 1.8313006162643433
v -0.2508951723575592 -0.4854527711868286 1.0851693153381348
v -0.3899192810058594 -0.9951609373092651 2.23946475982666
v -0.25718000531196594 -1.0647293329238892 2.5936965942382812
v -0.07032432407140732 -0.7678316831588745 1.7762117385864258
v 0.024921851232647896 -0.4720195233821869 1.0711532831192017
v 0.08997497707605362 -0.4562816023826599 1.0407438278198242
v 0.14131560921669006 -0.4390870928764343 1.0079271793365479
v 0.21569663286209106 -0.4916214942932129 1.0809106826782227
v 0.27434226870536804 -0.4791797697544098 1.0282256603240967
v 0.33141422271728516 -0.4707568287849426 0.9899657964706421
v 0.4213816523551941 -0.4974568486213684 1.0569283962249756
v 0.5528335571289062 -0.548340916633606 1.1893808841705322
v 0.5546774864196777 -0.500268816947937 1.068680763244629
v 0.8575145602226257 -0.6640770435333252 1.5632213354110718
v 0.6546774506568909 -0.4573187530040741 0.9964766502380371
v 0.6409374475479126 -0.4372881054878235 0.9298477172851562
v 0.7576495409011841 -0.4585585296154022 0.9833705425262451
v -1.0886561870574951 -0.6326910257339478 1.366835594177246
v -0.8344398140907288 -0.5219584703445435 1.1450295448303223
v -0.767580509185791 -0.538962721824646 1.1628022193908691
v -0.829850971698761 -0.6404745578765869 1.3819230794906616
v -0.7027337551116943 -0.590704619884491 1.3201143741607666
v -0.6694464683532715 -0.6073729991912842 1.4177093505859375
v -0.5941654443740845 -0.6291291117668152 1.452438235282898
v -0.6992894411087036 -0.8679073452949524 2.0161561965942383
v -0.5312319397926331 -0.8310763835906982 1.8619816303253174
v -0.24675558507442474 -0.48761728405952454 1.1007555723190308
v -0.39839568734169006 -1.0540781021118164 2.433640718460083
v -0.23338653147220612 -1.0304702520370483 2.5233702659606934
v -0.06326290220022202 -0.702626645565033 1.7169599533081055
v 0.03265313059091568 -0.4638196527957916 1.0596023797988892
v 0.09535785764455795 -0.45115184783935547 1.0338703393936157
v 0.1507927030324936 -0.4452023506164551 1.0280380249023438
v 0.21919335424900055 -0.48231077194213867 1.0674529075622559
v 0.27894628047943115 -0.47187647223472595 1.0193248987197876
v 0.33452773094177246 -0.4618764817714691 0.9797351360321045
v 0.424085408449173 -0.48891475796699524 1.0485939979553223
v 0.5642829537391663 -0.5503766536712646 1.2038581371307373
v 0.5492091178894043 -0.4831385016441345 1.044568419456482
v 0.8831471800804138 -0.6748085021972656 1.607201337814331
v 0.6814789175987244 -0.4729427397251129 1.0244334936141968
v 0.6430092453956604 -0.4280764162540436 0.9197993278503418
v 0.7813927531242371 -0.46532776951789856 1.0025943517684937
v -1.0940706729888916 -0.6427490711212158 1.3933641910552979
v -0.8397902250289917 -0.529969334602356 1.166041374206543
v -0.7664880156517029 -0.5400055646896362 1.17155122756958
v -0.8121364116668701 -0.6280398368835449 1.3651995658874512
v -0.6990147829055786 -0.590811014175415 1.3281667232513428
v -0.6365770101547241 -0.5878068208694458 1.370396375656128
v -0.6089330911636353 -0.6482564210891724 1.509687066078186
v -0.7040565609931946 -0.8832767009735107 2.0460400581359863
v -0.5242424011230469 -0.8267240524291992 1.8806740045547485
v -0.2433200627565384 -0.4902617931365967 1.1174299716949463
v -0.4007188081741333 -1.1016085147857666 2.6039998531341553
v -0.20779317617416382 -0.9883229732513428 2.420926094055176
v -0.09317675232887268 -0.5630976557731628 1.5150384902954102
v 0.03967041149735451 -0.4544040262699127 1.04551100730896
v 0.10064775496721268 -0.44581833481788635 1.0291672945022583
v 0.16265520453453064 -0.4571579396724701 1.0610289573669434
v 0.2233075499534607 -0.47364163398742676 1.056696891784668
v 0.2832634150981903 -0.4646003246307373 1.0104907751083374
v 0.3384466767311096 -0.4543721675872803 0.9727230668067932
v 0.4278867542743683 -0.4814419746398926 1.0403780937194824
v 0.5738759636878967 -0.550216794013977 1.2132829427719116
v 0.5423696041107178 -0.46462690830230713 1.018632411956787
v 0.9088870286941528 -0.6875497698783875 1.6458226442337036
v 0.7044491767883301 -0.4880503714084625 1.0549942255020142
v 0.6491073369979858 -0.42142510414123535 0.9151856303215027
v 0.9457312226295471 -0.5557748675346375 1.194032073020935
v -1.1004434823989868 -0.6520235538482666 1.4183986186981201
v -0.8413594961166382 -0.5348149538040161 1.1820248365402222
v -0.7669797539710999 -0.5421280264854431 1.182766318321228
v -0.6977944374084473 -0.5162063241004944 1.1636420488357544
v -0.6990358829498291 -0.5931720733642578 1.3414316177368164
v -0.6085520386695862 -0.5721615552902222 1.3300607204437256
v -0.6299039721488953 -0.6733278036117554 1.5818071365356445
v -0.7062194347381592 -0.8954333662986755 2.074017286300659
v -0.5154163837432861 -0.821036696434021 1.8918720483779907
v -0.23988613486289978 -0.49281904101371765 1.1332758665084839
v -0.3973730504512787 -1.1343867778778076 2.731638193130493
v -0.2077150046825409 -0.7371460199356079 2.289794445037842
v -0.0233871191740036 -0.4801163971424103 1.1050002574920654
v 0.04653153568506241 -0.4459157884120941 1.0327202081680298
v 0.10591192543506622 -0.4403403699398041 1.0253002643585205
v 0.17653073370456696 -0.4718308448791504 1.1004842519760132
v 0.2279072105884552 -0.4663630425930023 1.0470829010009766
v 0.2872598171234131 -0.45776134729385376 1.0027093887329102
v 0.34381407499313354 -0.4482024312019348 0.9701903462409973
v 0.43281203508377075 -0.47578608989715576 1.0347368717193604
v 0.5824685096740723 -0.5501232147216797 1.2210838794708252
v 0.5355234146118164 -0.44719937443733215 0.994055449962616
v 0.9340870976448059 -0.7009888887405396 1.6838828325271606
v 0.7194910049438477 -0.49703118205070496 1.0773749351501465
v 0.6574699878692627 -0.4190395474433899 0.9151937365531921
v 0.9649654030799866 -0.5620028972625732 1.2100951671600342
v -1.1089779138565063 -0.6611331701278687 1.4431346654891968
v -0.8364788293838501 -0.5354213714599609 1.1888744831085205
v -0.7690976858139038 -0.5451810956001282 1.1980680227279663
v -0.6860731840133667 -0.5103570818901062 1.1436522006988525
v -0.69919353723526 -0.5960566997528076 1.3587491512298584
v -0.5864027738571167 -0.5610253810882568 1.301511526107788
v -0.6553871631622314 -0.7005157470703125 1.6668721437454224
v -0.7021967172622681 -0.9025998115539551 2.0927417278289795
v -0.5047167539596558 -0.8161999583244324 1.8931968212127686
v -0.23714227974414825 -0.49601152539253235 1.1501708030700684
v -0.3855478763580322 -1.145792841911316 2.7932403087615967
v -0.1535038948059082 -0.5717236995697021 1.543938159942627
v -0.01734023541212082 -0.4766750633716583 1.1073988676071167
v 0.053064975887537 -0.438601016998291 1.0256805419921875
v 0.11147213727235794 -0.43574899435043335 1.0235323905944824
v 0.19023042917251587 -0.48506709933280945 1.1351969242095947
v 0.23271678388118744 -0.46042370796203613 1.038704514503479
v 0.2913873493671417 -0.45081526041030884 0.9955811500549316
v 0.3506028354167938 -0.4429919719696045 0.9705470204353333
v 0.4393984377384186 -0.47148779034614563 1.0329290628433228
v 0.587777316570282 -0.5446925163269043 1.217629313468933
v 0.6778180003166199 -0.5199683904647827 1.2460720539093018
v 0.9638530611991882 -0.7148705124855042 1.7261807918548584
v 0.725387454032898 -0.49723854660987854 1.0856521129608154
v 0.6689278483390808 -0.4191012382507324 0.9220203161239624
v 0.9841678738594055 -0.5671334266662598 1.2221068143844604
v -1.1195263862609863 -0.6687579154968262 1.4693422317504883
v -0.9884860515594482 -0.647571861743927 1.4078139066696167
v -0.7730081081390381 -0.5485373735427856 1.217989444732666
v -0.6852271556854248 -0.5145223736763 1.1618914604187012
v -0.6976000070571899 -0.5961153507232666 1.37522554397583
v -0.5707365274429321 -0.553589403629303 1.2845265865325928
v -0.6800102591514587 -0.7287370562553406 1.7551745176315308
v -0.6902865171432495 -0.900344729423523 2.088491201400757
v -0.49485766887664795 -0.8153761029243469 1.890267014503479
v -0.23518002033233643 -0.5032573938369751 1.1730555295944214
v -0.3683845102787018 -0.7757337093353271 2.6347391605377197
v -0.08238021284341812 -0.4911399781703949 1.1414397954940796
v -0.011028396897017956 -0.468943327665329 1.1000640392303467
v 0.05895499512553215 -0.43300390243530273 1.0224783420562744
v 0.11715361475944519 -0.4320003092288971 1.0242937803268433
v 0.2006394863128662 -0.49225643277168274 1.1544528007507324
v 0.23768362402915955 -0.45500555634498596 1.031113862991333
v 0.2956360876560211 -0.44371333718299866 0.9888423681259155
v 0.3579508662223816 -0.43925467133522034 0.9732993245124817
v 0.4471106231212616 -0.4681747853755951 1.0336647033691406
v 0.5882368087768555 -0.533388614654541 1.2019708156585693
v 0.7877408266067505 -0.5876517295837402 1.503723382949829
v 0.9962044358253479 -0.7034168243408203 1.7762269973754883
v 0.7227944135665894 -0.4905663728713989 1.0755401849746704
v 0.7388849258422852 -0.4296572506427765 0.9430732727050781
v 1.011592984199524 -0.5734939575195312 1.2340061664581299
v -1.1340898275375366 -0.6775583028793335 1.5000617504119873
v -0.9699782729148865 -0.6336904764175415 1.396543025970459
v -0.7779650688171387 -0.5506836771965027 1.2373690605163574
v -0.6848375797271729 -0.5200748443603516 1.1818630695343018
v -0.6914404034614563 -0.5914797782897949 1.3867032527923584
v -0.5591654181480408 -0.5486665368080139 1.2764601707458496
v -0.7017911672592163 -0.7576698660850525 1.8394176959991455
v -0.5118489265441895 -0.649030864238739 1.8657640218734741
v -0.4858940839767456 -0.8177003264427185 1.886745810508728
v -0.23409120738506317 -0.5135868191719055 1.203094244003296
v -0.26047807931900024 -0.655512809753418 1.885541319847107
v -0.07659228891134262 -0.49437037110328674 1.1569757461547852
v -0.00452132523059845 -0.45796477794647217 1.0857495069503784
v 0.06403688341379166 -0.429366797208786 1.0212913751602173
v 0.12290289998054504 -0.4288826584815979 1.0270010232925415
v 0.2068292200565338 -0.49271243810653687 1.155612826347351
v 0.2428116798400879 -0.4491513669490814 1.0241597890853882
v 0.3000037670135498 -0.4370814859867096 0.982727587223053
v 0.36545106768608093 -0.43739354610443115 0.979159951210022
v 0.4563104510307312 -0.4657822847366333 1.0358705520629883
v 0.5846685171127319 -0.5204888582229614 1.1820120811462402
v 0.8090084195137024 -0.6273320913314819 1.5344874858856201
v 0.6075989007949829 -0.4104239046573639 0.9470044374465942
v 0.7100080251693726 -0.4755868911743164 1.0503225326538086
v 0.8562297821044922 -0.490416944026947 1.1412321329116821
v 1.037566065788269 -0.5758068561553955 1.2436301708221436
v -1.150787353515625 -0.6887212991714478 1.5368916988372803
v -0.9552925825119019 -0.6240473985671997 1.3950245380401611
v -0.7821528315544128 -0.5502277612686157 1.2550361156463623
v -0.6835083961486816 -0.5248375535011292 1.1998438835144043
v -0.6769713163375854 -0.5799172520637512 1.3796463012695312
v -0.5502101182937622 -0.5448266863822937 1.2734925746917725
v -0.7223115563392639 -0.7871184349060059 1.9214439392089844
v -0.3868708610534668 -0.5264914631843567 1.238688588142395
v -0.4838998317718506 -0.6685037612915039 1.8842967748641968
v -0.2343464493751526 -0.5267228484153748 1.240529179573059
v -0.1561049371957779 -0.5370916128158569 1.2641241550445557
v -0.07078440487384796 -0.49867677688598633 1.1738239526748657
v 0.0022351033985614777 -0.4465339481830597 1.069146752357483
v 0.06910762190818787 -0.4271262586116791 1.0215811729431152
v 0.12871529161930084 -0.42677050828933716 1.0321272611618042
v 0.20991650223731995 -0.4873009920120239 1.1440423727035522
v 0.24829944968223572 -0.44309210777282715 1.0175501108169556
v 0.3049493134021759 -0.4316585063934326 0.9774799942970276
v 0.3733237087726593 -0.4367782473564148 0.9880212545394897
v 0.4662551283836365 -0.4635741710662842 1.0396941900253296
v 0.5757110714912415 -0.5050310492515564 1.1550792455673218
v 0.8000525832176208 -0.60626220703125 1.5110704898834229
v 0.5976396799087524 -0.4047373831272125 0.9478800296783447
v 0.6888813972473145 -0.4536692202091217 1.0158429145812988
v 0.7759653925895691 -0.4381296634674072 0.9791864156723022
v -0.9100980162620544 -0.486660361289978 1.0523388385772705
v -1.165684700012207 -0.6980698108673096 1.5736994743347168
v -0.9437589049339294 -0.616315484046936 1.3956948518753052
v -0.7827907204627991 -0.5469019412994385 1.2671829462051392
v -0.6802897453308105 -0.5271461009979248 1.2132837772369385
v -0.6543747782707214 -0.563145637512207 1.3459761142730713
v -0.5429912209510803 -0.5418112277984619 1.2741397619247437
v -0.7442156076431274 -0.8159499168395996 2.00016713142395
v -0.43484750390052795 -0.5826506018638611 1.5352668762207031
v -0.27679988741874695 -0.4687558710575104 1.108598232269287
v -0.23542635142803192 -0.5433245897293091 1.2842986583709717
v -0.14431484043598175 -0.5292640924453735 1.2364234924316406
v -0.06450331956148148 -0.5000879168510437 1.1841847896575928
v 0.008990058675408363 -0.4372537136077881 1.0546575784683228
v 0.07436051964759827 -0.42536285519599915 1.0222216844558716
v 0.1354052573442459 -0.42606160044670105 1.0407297611236572
v 0.21174845099449158 -0.47828543186187744 1.1255948543548584
v 0.2541663944721222 -0.4376431405544281 1.0119285583496094
v 0.31060463190078735 -0.4272634983062744 0.9733377695083618
v 0.3817061185836792 -0.4373165965080261 0.9988951086997986
v 0.47652193903923035 -0.4613962769508362 1.0459743738174438
v 0.5634506940841675 -0.4874868094921112 1.1222509145736694
v 0.799267053604126 -0.5923761129379272 1.5006330013275146
v 0.6088666915893555 -0.4039207696914673 0.9516330361366272
v 0.6669941544532776 -0.43335944414138794 0.9814046025276184
v 0.7544447183609009 -0.43874025344848633 1.0020498037338257
v -0.879940390586853 -0.48029351234436035 1.0848686695098877
v -1.1713221073150635 -0.7037891149520874 1.598526954650879
v -0.9339792132377625 -0.610526978969574 1.3958332538604736
v -0.8948904871940613 -0.6423823237419128 1.4616401195526123
v -0.6747804880142212 -0.5271182656288147 1.2212824821472168
v -0.6280485391616821 -0.5446218252182007 1.3011627197265625
v -0.5364280939102173 -0.539583146572113 1.2788586616516113
v -0.7699291706085205 -0.8453019857406616 2.0784389972686768
v -0.6536978483200073 -0.8867188096046448 2.086214780807495
v -0.27317357063293457 -0.4736497402191162 1.1335188150405884
v -0.23637655377388 -0.5612326860427856 1.3318982124328613
v -0.13809256255626678 -0.5278103351593018 1.2432644367218018
v -0.05822199955582619 -0.49926161766052246 1.1886279582977295
v 0.01571185514330864 -0.4298557639122009 1.0458261966705322
v 0.07977171242237091 -0.42364421486854553 1.0238174200057983
v 0.14302751421928406 -0.42716941237449646 1.0531216859817505
v 0.21316491067409515 -0.46855103969573975 1.105316400527954
v 0.25991448760032654 -0.43257975578308105 1.0072400569915771
v 0.3162129521369934 -0.423053503036499 0.9696468114852905
v 0.39024192094802856 -0.43800556659698486 1.0102421045303345
v 0.4867247939109802 -0.4585094749927521 1.0527119636535645
v 0.548904538154602 -0.466531902551651 1.0833083391189575
v 0.8061002492904663 -0.5860086679458618 1.5051934719085693
v 0.7105660438537598 -0.4173498749732971 0.9587632417678833
v 0.761195182800293 -0.42735615372657776 0.9484388828277588
v 0.7755026817321777 -0.4420953392982483 1.0170111656188965
v -1.0187690258026123 -0.5482066869735718 1.2812376022338867
v -1.1615321636199951 -0.6993944048881531 1.5989714860916138
v -0.8337786197662354 -0.5453985929489136 1.3799817562103271
v -0.8906360268592834 -0.639862060546875 1.4663699865341187
v -0.6660600304603577 -0.5246074795722961 1.2234729528427124
v -0.604938268661499 -0.5283897519111633 1.2664122581481934
v -0.5300382375717163 -0.5379599928855896 1.286086082458496
v -0.7943894267082214 -0.8727402091026306 2.148240089416504
v -0.6371958255767822 -0.8992636799812317 2.103367805480957
v -0.27379709482192993 -0.48425716161727905 1.1723222732543945
v -0.235041543841362 -0.5765628218650818 1.3726223707199097
v -0.13027963042259216 -0.5251550674438477 1.2480404376983643
v -0.05217866227030754 -0.49611496925354004 1.1901991367340088
v 0.0221626628190279 -0.4244958758354187 1.041732668876648
v 0.0852779671549797 -0.4222664535045624 1.0259371995925903
v 0.15102310478687286 -0.4303755760192871 1.0675779581069946
v 0.21520233154296875 -0.4596624970436096 1.0869359970092773
v 0.26581472158432007 -0.42772990465164185 1.0032638311386108
v 0.3223082721233368 -0.4195321202278137 0.9680382609367371
v 0.39873120188713074 -0.43809255957603455 1.0206676721572876
v 0.4969666600227356 -0.45642805099487305 1.059311866760254
v 0.5359423160552979 -0.44746163487434387 1.0472835302352905
v 0.8184782862663269 -0.5855826139450073 1.5177688598632812
v 1.1249642372131348 -0.6568152904510498 1.7834484577178955
v 0.9899203777313232 -0.6005101799964905 1.3942803144454956
v 1.0463835000991821 -0.592800498008728 1.3594468832015991
v -1.0443848371505737 -0.5644104480743408 1.3337481021881104
v -1.1448190212249756 -0.6907750368118286 1.5874415636062622
v -0.758893609046936 -0.4905342757701874 1.190220832824707
v -0.882845401763916 -0.635172426700592 1.4658867120742798
v -0.6554787158966064 -0.5193823575973511 1.2203989028930664
v -0.5871933102607727 -0.5167771577835083 1.247704029083252
v -0.5245765447616577 -0.5392327308654785 1.2952730655670166
v -0.8120696544647217 -0.8948378562927246 2.2039361000061035
v -0.6235883235931396 -0.896469235420227 2.1232333183288574
v -0.27856504917144775 -0.502515971660614 1.2233837842941284
v -0.23065447807312012 -0.5838239192962646 1.3935977220535278
v -0.12233201414346695 -0.5225529074668884 1.251631498336792
v -0.04546445608139038 -0.4924085736274719 1.190005898475647
v 0.028400108218193054 -0.4206174612045288 1.0408834218978882
v 0.09080161154270172 -0.4205867350101471 1.0285193920135498
v 0.16033406555652618 -0.43681225180625916 1.0849621295928955
v 0.21829791367053986 -0.4514884352684021 1.0714411735534668
v 0.27160850167274475 -0.42323237657546997 0.9999191761016846
v 0.3290371000766754 -0.4165080487728119 0.9695478677749634
v 0.40683358907699585 -0.43705156445503235 1.027951717376709
v 0.509803295135498 -0.45943179726600647 1.0715922117233276
v 0.5285847187042236 -0.42901334166526794 1.0178629159927368
v 0.8359329700469971 -0.5894975066184998 1.5349663496017456
v 1.2196840047836304 -0.7571444511413574 1.9217782020568848
v 0.9730899930000305 -0.5783143043518066 1.3709642887115479
v 1.0634700059890747 -0.5953933596611023 1.3690228462219238
v -1.0582573413848877 -0.5767298936843872 1.3662848472595215
v -1.1232430934906006 -0.678891658782959 1.5693693161010742
v -0.7408555746078491 -0.476968377828598 1.1319074630737305
v -0.8708808422088623 -0.6286129951477051 1.4616968631744385
v -0.6511750221252441 -0.518231987953186 1.2444206476211548
v -0.5744831562042236 -0.5089617967605591 1.2396447658538818
v -0.527147114276886 -0.548188328742981 1.318193793296814
v -0.8147708177566528 -0.906853437423706 2.234130859375
v -0.614821195602417 -0.891657829284668 2.146327257156372
v -0.2853619158267975 -0.5202209949493408 1.2783787250518799
v -0.22428955137729645 -0.585685133934021 1.4012571573257446
v -0.11509118229150772 -0.521905243396759 1.2603753805160522
v -0.03718932718038559 -0.48338013887405396 1.18208646774292
v 0.03486262261867523 -0.4177002012729645 1.0415645837783813
v 0.0966588482260704 -0.4187961220741272 1.0313700437545776
v 0.17151418328285217 -0.44610026478767395 1.1068949699401855
v 0.22234275937080383 -0.443685382604599 1.058760166168213
v 0.27739179134368896 -0.41907140612602234 0.9973462820053101
v 0.3363133370876312 -0.41399604082107544 0.9741284847259521
v 0.4145526885986328 -0.43528908491134644 1.0323662757873535
v 0.5237067937850952 -0.46282273530960083 1.0895699262619019
v 0.6269872188568115 -0.4526257812976837 1.0969812870025635
v 0.8581322431564331 -0.5989046096801758 1.5596506595611572
v 0.9463220834732056 -0.544495165348053 1.3270447254180908
v 0.9642231464385986 -0.5617724657058716 1.3659676313400269
v 1.064738392829895 -0.589720606803894 1.3576630353927612
v -1.065605640411377 -0.5823736190795898 1.3842787742614746
v -1.1011699438095093 -0.6657565832138062 1.5520013570785522
v -0.7708088159561157 -0.5012735724449158 1.2473714351654053
v -0.8558810949325562 -0.6201684474945068 1.4528981447219849
v -0.6681106090545654 -0.5297271013259888 1.2956558465957642
v -0.5640484094619751 -0.5030760169029236 1.23546302318573
v -0.4855027198791504 -0.5000922679901123 1.2299121618270874
v -0.7971653342247009 -0.9066298007965088 2.229158878326416
v -0.6069050431251526 -0.8903418183326721 2.1720340251922607
v -0.2912237048149109 -0.5364284515380859 1.3298935890197754
v -0.21576668322086334 -0.58603435754776 1.4056609869003296
v -0.1083662137389183 -0.5244786739349365 1.2753386497497559
v -0.028794027864933014 -0.4710082709789276 1.169964075088501
v 0.04113728553056717 -0.4155398905277252 1.0439773797988892
v 0.10294246673583984 -0.4171605110168457 1.0352946519851685
v 0.18302451074123383 -0.4559204578399658 1.1319119930267334
v 0.22682499885559082 -0.43629756569862366 1.048180103302002
v 0.2832474112510681 -0.4153076410293579 0.9954400658607483
v 0.3441505432128906 -0.4125429391860962 0.9825628399848938
v 0.42207130789756775 -0.4330250322818756 1.0348479747772217
v 0.5352555513381958 -0.4665209949016571 1.105021357536316
v 0.78639817237854 -0.5549967288970947 1.4873154163360596
v 0.8857172131538391 -0.612584114074707 1.5919685363769531
v 0.7296847105026245 -0.4663662016391754 1.1024366617202759
v 0.957417905330658 -0.5507361888885498 1.359634518623352
v 1.0590394735336304 -0.5792987942695618 1.3356165885925293
v -1.0650880336761475 -0.5852510333061218 1.393190860748291
v -1.0807595252990723 -0.6518937945365906 1.5376484394073486
v -0.9252756834030151 -0.6092804670333862 1.4486167430877686
v -0.8402393460273743 -0.6112855672836304 1.4429043531417847
v -0.6608314514160156 -0.5267999172210693 1.2974543571472168
v -0.5551228523254395 -0.4981457591056824 1.2330060005187988
v -0.4831090569496155 -0.49873316287994385 1.2395790815353394
v -0.6631717681884766 -0.7224570512771606 2.1566333770751953
v -0.5954035520553589 -0.8903481364250183 2.185868501663208
v -0.29355791211128235 -0.54850834608078 1.3706169128417969
v -0.20704258978366852 -0.5838198661804199 1.4068727493286133
v -0.10106134414672852 -0.5239412784576416 1.2851091623306274
v -0.020918194204568863 -0.4602803587913513 1.15785813331604
v 0.047281451523303986 -0.4136744439601898 1.0476343631744385
v 0.109578438103199 -0.41578003764152527 1.040502905845642
v 0.19359605014324188 -0.46392542123794556 1.153426170349121
v 0.231783926486969 -0.4293263554573059 1.038955807685852
v 0.28901275992393494 -0.41165462136268616 0.9937241077423096
v 0.353281706571579 -0.4124999940395355 0.9933711886405945
v 0.42945343255996704 -0.43044885993003845 1.0357321500778198
v 0.5421932935714722 -0.46681636571884155 1.115761399269104
v 0.8680014610290527 -0.6501606702804565 1.6825175285339355
v 0.9244569540023804 -0.6329007148742676 1.6399016380310059
v 0.7410993576049805 -0.46698564291000366 1.1088778972625732
v 0.9494268894195557 -0.5408247709274292 1.341374158859253
v 1.0628718137741089 -0.5697298645973206 1.3217132091522217
v -1.0599232912063599 -0.5850428938865662 1.3962223529815674
v -1.0583041906356812 -0.6359204053878784 1.5231971740722656
v -0.9204498529434204 -0.6050199270248413 1.454670786857605
v -0.7196533679962158 -0.5057196021080017 1.2370784282684326
v -0.6514469385147095 -0.5211846828460693 1.293678641319275
v -0.5481275320053101 -0.49443772435188293 1.2324702739715576
v -0.4766303598880768 -0.4945947825908661 1.2381420135498047
v -0.4156615734100342 -0.503926157951355 1.25663423538208
v -0.5850507020950317 -0.8927825689315796 2.1913907527923584
v -0.29416999220848083 -0.5598636865615845 1.403299331665039
v -0.19858677685260773 -0.5789825916290283 1.4031705856323242
v -0.0930737778544426 -0.5157744884490967 1.273017406463623
v -0.013571825809776783 -0.45101821422576904 1.1492897272109985
v 0.053390052169561386 -0.4127252995967865 1.0526752471923828
v 0.11644008010625839 -0.41483622789382935 1.0466055870056152
v 0.20190268754959106 -0.4673759341239929 1.1664581298828125
v 0.2371886521577835 -0.4227857291698456 1.0304831266403198
v 0.2947140634059906 -0.4079345464706421 0.9921851754188538
v 0.36348244547843933 -0.4139935076236725 1.0059551000595093
v 0.43604499101638794 -0.42757856845855713 1.0342469215393066
v 0.5477584600448608 -0.46552327275276184 1.1255769729614258
v 0.8264381289482117 -0.6075246334075928 1.603477954864502
v 0.9785544276237488 -0.6608855724334717 1.7108993530273438
v 0.7420581579208374 -0.4603256285190582 1.0989569425582886
v 0.9465732574462891 -0.5321522951126099 1.3185927867889404
v 1.0809979438781738 -0.5646940469741821 1.318401575088501
v -1.061795711517334 -0.585889995098114 1.4085513353347778
v -1.037205696105957 -0.6194728016853333 1.5099352598190308
v -0.9144293665885925 -0.6022573709487915 1.4581665992736816
v -0.7052357792854309 -0.49831950664520264 1.2187917232513428
v -0.6374964714050293 -0.5117074251174927 1.2792339324951172
v -0.5423626899719238 -0.4914098083972931 1.233370065689087
v -0.5414756536483765 -0.5555747747421265 1.5846753120422363
v -0.4150286912918091 -0.5106576681137085 1.2844362258911133
v -0.5082838535308838 -0.6516163349151611 2.1617093086242676
v -0.2917446196079254 -0.5687829256057739 1.429891586303711
v -0.18947741389274597 -0.5697911381721497 1.3939261436462402
v -0.0845799520611763 -0.5008471608161926 1.2393091917037964
v -0.006793543696403503 -0.4439592957496643 1.1462663412094116
v 0.059141855686903 -0.41215798258781433 1.057523250579834
v 0.12440456449985504 -0.4142003357410431 1.0529438257217407
v 0.20843693614006042 -0.4668169915676117 1.1691110134124756
v 0.2427903115749359 -0.4167490005493164 1.0227489471435547
v 0.3001013994216919 -0.40402570366859436 0.9904826283454895
v 0.37373870611190796 -0.4160778820514679 1.0183948278427124
v 0.4409221410751343 -0.4233894348144531 1.0301611423492432
v 0.5498912930488586 -0.45830294489860535 1.1225484609603882
v 0.7917266488075256 -0.5722728967666626 1.5286356210708618
v 0.834911048412323 -0.5097159147262573 1.3531494140625
v 0.7357743978500366 -0.44914284348487854 1.079946756362915
v 0.9564691185951233 -0.528807520866394 1.3149958848953247
v 1.0927809476852417 -0.5586624145507812 1.3110923767089844
v -1.0721358060836792 -0.5898908376693726 1.436927318572998
v -1.016163945198059 -0.604365348815918 1.4989492893218994
v -0.9074485301971436 -0.5989629030227661 1.4622184038162231
v -0.6935387849807739 -0.4935416281223297 1.2171489000320435
v -0.5992071032524109 -0.4833279550075531 1.2382298707962036
v -0.5368308424949646 -0.4880845248699188 1.2347394227981567
v -0.7410221695899963 -0.7135902643203735 1.8926674127578735
v -0.4074193239212036 -0.5087745189666748 1.2901605367660522
v -0.290884405374527 -0.43552470207214355 1.1094586849212646
v -0.2864062786102295 -0.5751102566719055 1.4480983018875122
v -0.179524764418602 -0.5602048635482788 1.3847994804382324
v -0.0751718208193779 -0.4842756986618042 1.2015916109085083
v -6.281595415202901e-05 -0.43900007009506226 1.1490280628204346
v 0.06492223590612411 -0.4110930263996124 1.0614172220230103
v 0.1314886510372162 -0.41323500871658325 1.0596007108688354
v 0.21374620497226715 -0.4636559784412384 1.1642038822174072
v 0.2486249804496765 -0.4109872877597809 1.0160648822784424
v 0.3055218756198883 -0.3998608887195587 0.9884862899780273
v 0.38294386863708496 -0.41761669516563416 1.0292702913284302
v 0.444715678691864 -0.41712453961372375 1.0240113735198975
v 0.5502426624298096 -0.44859808683395386 1.112300992012024
v 0.7662653923034668 -0.5459184646606445 1.4645435810089111
v 0.643801212310791 -0.40724530816078186 1.0329426527023315
v 0.7242656946182251 -0.4357345402240753 1.0562061071395874
v 0.9763668179512024 -0.5318704843521118 1.332263469696045
v -0.9166315793991089 -0.4426552951335907 1.070725679397583
v -1.086692452430725 -0.5958958864212036 1.4684643745422363
v -0.993931233882904 -0.5907093286514282 1.4851813316345215
v -0.9014216661453247 -0.5954413414001465 1.4672915935516357
v -0.6801849603652954 -0.48669546842575073 1.2105306386947632
v -0.5903949737548828 -0.47753629088401794 1.2311630249023438
v -0.5303596258163452 -0.4849373400211334 1.2359919548034668
v -0.7863803505897522 -0.8057602643966675 2.0214381217956543
v -0.3933267295360565 -0.49618515372276306 1.2654736042022705
v -0.2872025668621063 -0.4386374056339264 1.1294423341751099
v -0.279009610414505 -0.5768083930015564 1.4571306705474854
v -0.16915343701839447 -0.5503288507461548 1.3743746280670166
v -0.0655408427119255 -0.4679594337940216 1.1719601154327393
v 0.0069846510887146 -0.4368129372596741 1.1560723781585693
v 0.07107792794704437 -0.40917396545410156 1.0630371570587158
v 0.13836930692195892 -0.4114533066749573 1.0657832622528076
v 0.2182745337486267 -0.45926129817962646 1.1551709175109863
v 0.2545369565486908 -0.40564724802970886 1.0113794803619385
v 0.3114955425262451 -0.39521077275276184 0.9868112206459045
v 0.3907550871372223 -0.4173666834831238 1.0361913442611694
v 0.44863250851631165 -0.40944814682006836 1.0166245698928833
v 0.5481445789337158 -0.43870478868484497 1.0943478345870972
v 0.7558727860450745 -0.5297675132751465 1.4208967685699463
v 0.6657810211181641 -0.4126267433166504 1.056526780128479
v 0.7048956155776978 -0.41779986023902893 1.0218762159347534
v 0.9548207521438599 -0.4908212423324585 1.2736209630966187
v -0.9959776401519775 -0.49425387382507324 1.2419383525848389
v -0.935052216053009 -0.5238580107688904 1.2723954916000366
v -0.9746021628379822 -0.5803484916687012 1.4675276279449463
v -0.8969613313674927 -0.5930889844894409 1.4731276035308838
v -0.6963827610015869 -0.5034445524215698 1.3265963792800903
v -0.5864817500114441 -0.475206583738327 1.2203317880630493
v -0.5245945453643799 -0.48452723026275635 1.2399462461471558
v -0.5931848287582397 -0.6095949411392212 1.970922589302063
v -0.37314510345458984 -0.4759821891784668 1.217573881149292
v -0.2895303964614868 -0.4484216868877411 1.1696151494979858
v -0.26917368173599243 -0.5735994577407837 1.4572147130966187
v -0.15885424613952637 -0.5421848297119141 1.3655681610107422
v -0.057417672127485275 -0.45519134402275085 1.1575361490249634
v 0.014136925339698792 -0.43802937865257263 1.166696548461914
v 0.07723931968212128 -0.4069693684577942 1.0631133317947388
v 0.14523978531360626 -0.4095022678375244 1.0703388452529907
v 0.22208736836910248 -0.45365431904792786 1.143369436264038
v 0.26045089960098267 -0.4007699191570282 1.0087785720825195
v 0.31792914867401123 -0.389921635389328 0.9873632788658142
v 0.3967761993408203 -0.4150630831718445 1.03849458694458
v 0.4524879455566406 -0.4015636444091797 1.0094125270843506
v 0.5425175428390503 -0.4260704517364502 1.0695961713790894
v 0.6911696195602417 -0.4712839722633362 1.2487382888793945
v 0.7454329133033752 -0.42504745721817017 1.0718392133712769
v 0.6877545118331909 -0.40057995915412903 0.9917534589767456
v 0.8219767808914185 -0.4099123179912567 1.006651520729065
v -1.0208476781845093 -0.5100876092910767 1.2901787757873535
v -0.9919797778129578 -0.5672369003295898 1.4761178493499756
v -0.9600376486778259 -0.5751933455467224 1.4535455703735352
v -0.8927185535430908 -0.591641366481781 1.4788892269134521
v -0.7210235595703125 -0.5237640142440796 1.4060072898864746
v -0.574966311454773 -0.4667227566242218 1.2143490314483643
v -0.513827383518219 -0.47923874855041504 1.2373039722442627
v -0.4877976179122925 -0.5139012932777405 1.4281145334243774
v -0.44455355405807495 -0.5445666313171387 1.6468971967697144
v -0.2961326241493225 -0.4643486738204956 1.2258481979370117
v -0.2577192187309265 -0.5670475363731384 1.4495882987976074
v -0.1476944535970688 -0.5308740139007568 1.3512241840362549
v -0.04953524470329285 -0.4445215165615082 1.1517791748046875
v 0.0217730775475502 -0.4426110088825226 1.181079387664795
v 0.083430714905262 -0.4049830436706543 1.064250111579895
v 0.15201745927333832 -0.40838903188705444 1.0739054679870605
v 0.2260759323835373 -0.4467775523662567 1.1302765607833862
v 0.2664068639278412 -0.39655134081840515 1.0072189569473267
v 0.3258742392063141 -0.3863844871520996 0.9942137598991394
v 0.40163034200668335 -0.4112846255302429 1.0387589931488037
v 0.4575866758823395 -0.39601460099220276 1.0044974088668823
v 0.5350484251976013 -0.4115391969680786 1.0397579669952393
v 0.5807574987411499 -0.39474546909332275 1.0068293809890747
v 0.7075879573822021 -0.42826688289642334 1.1002931594848633
v 0.9418814182281494 -0.5134321451187134 1.3391332626342773
v 0.7832669615745544 -0.41000357270240784 1.0228651762008667
v -1.0217891931533813 -0.5158843994140625 1.3084089756011963
v -1.0744175910949707 -0.5894249677658081 1.4894053936004639
v -0.9487174153327942 -0.5721126794815063 1.4455944299697876
v -0.8883216381072998 -0.5900331735610962 1.4856901168823242
v -0.7545958161354065 -0.5554707050323486 1.421046257019043
v -0.5661412477493286 -0.46162670850753784 1.2125245332717896
v -0.5087802410125732 -0.47857582569122314 1.2445236444473267
v -0.45369189977645874 -0.4864346385002136 1.2678219079971313
v -0.6214446425437927 -0.8281038999557495 2.0563011169433594
v -0.3028789162635803 -0.48277372121810913 1.2885823249816895
v -0.245632603764534 -0.5582799315452576 1.4378479719161987
v -0.1366722136735916 -0.5174738168716431 1.330486536026001
v -0.041331805288791656 -0.4362504780292511 1.1518962383270264
v 0.029630204662680626 -0.44941475987434387 1.1978939771652222
v 0.0899389237165451 -0.40286052227020264 1.066217064857483
v 0.15918642282485962 -0.4087109863758087 1.0796210765838623
v 0.23040488362312317 -0.43878188729286194 1.117079734802246
v 0.27242550253868103 -0.39275968074798584 1.0064637660980225
v 0.3373350501060486 -0.387365460395813 1.0108799934387207
v 0.4067016541957855 -0.40681222081184387 1.0370724201202393
v 0.4650145471096039 -0.39387109875679016 1.0058867931365967
v 0.5312223434448242 -0.39835888147354126 1.0185093879699707
v 0.5906001329421997 -0.39187851548194885 1.0130184888839722
v 0.7227095365524292 -0.43308448791503906 1.1122170686721802
v 0.9388105869293213 -0.5202062129974365 1.3245127201080322
v 0.8004277348518372 -0.4163554608821869 1.036890983581543
v -1.0159252882003784 -0.5163353681564331 1.3137917518615723
v -1.0560294389724731 -0.5802204608917236 1.4814881086349487
v -0.9383183717727661 -0.5681320428848267 1.444777250289917
v -0.8837541937828064 -0.5878393650054932 1.4937680959701538
v -0.7516356110572815 -0.5546072125434875 1.4315518140792847
v -0.5594379901885986 -0.45881423354148865 1.2142187356948853
v -0.5049044489860535 -0.47748494148254395 1.2516932487487793
v -0.46380478143692017 -0.503180980682373 1.3205655813217163
v -0.6132018566131592 -0.825612485408783 2.082876205444336
v -0.3078475594520569 -0.499612033367157 1.3453726768493652
v -0.23262618482112885 -0.5482356548309326 1.4252114295959473
v -0.17794516682624817 -0.5719269514083862 1.6558884382247925
v -0.03309791535139084 -0.43076226115226746 1.1567431688308716
v 0.037618935108184814 -0.45671331882476807 1.2140146493911743
v 0.09689413756132126 -0.40122243762016296 1.0697892904281616
v 0.16731911897659302 -0.41071996092796326 1.0896059274673462
v 0.23492148518562317 -0.4291272759437561 1.1032081842422485
v 0.2788023054599762 -0.3890584707260132 1.006872296333313
v 0.352321982383728 -0.3943994343280792 1.037146806716919
v 0.4120710492134094 -0.4023488759994507 1.034485936164856
v 0.4760815501213074 -0.39457380771636963 1.016176700592041
v 0.5303412675857544 -0.3862496316432953 1.0033338069915771
v 0.6029951572418213 -0.39174890518188477 1.0234383344650269
v 0.7318642139434814 -0.43443283438682556 1.1177217960357666
v 0.939663827419281 -0.512561023235321 1.3232656717300415
v 0.8207524418830872 -0.423132985830307 1.0532344579696655
v -1.0084863901138306 -0.514299750328064 1.3146142959594727
v -1.0362460613250732 -0.5694451332092285 1.4675207138061523
v -0.9277099370956421 -0.5627000331878662 1.4459402561187744
v -0.8776059746742249 -0.5849536657333374 1.4979512691497803
v -0.749499499797821 -0.553253710269928 1.4433462619781494
v -0.5540529489517212 -0.45658478140830994 1.2173837423324585
v -0.5026261210441589 -0.47651436924934387 1.2609254121780396
v -0.4717019498348236 -0.5196573138237 1.3700299263000488
v -0.6238806843757629 -0.7281327247619629 2.106370687484741
v -0.30751118063926697 -0.5134340524673462 1.3857086896896362
v -0.21905575692653656 -0.5376250743865967 1.4110333919525146
v -0.2185550034046173 -0.8921352028846741 2.4236061573028564
v -0.02517257258296013 -0.42816564440727234 1.165891408920288
v 0.04595067724585533 -0.46236035227775574 1.228653907775879
v 0.10416734963655472 -0.39955049753189087 1.073935866355896
v 0.17636992037296295 -0.4135422706604004 1.1019625663757324
v 0.23911459743976593 -0.41922053694725037 1.0891878604888916
v 0.28534063696861267 -0.3854069709777832 1.0082672834396362
v 0.3681570589542389 -0.4049263894557953 1.0665184259414673
v 0.41762471199035645 -0.39815229177474976 1.031799554824829
v 0.48927199840545654 -0.3974321782588959 1.0326460599899292
v 0.532221794128418 -0.3774363398551941 0.9940399527549744
v 0.8055911064147949 -0.49518752098083496 1.3710201978683472
v 0.7365413904190063 -0.43345820903778076 1.11738121509552
v 0.9455599188804626 -0.5079596042633057 1.323994755744934
v 0.842713475227356 -0.4289580285549164 1.0687036514282227
v -1.0000947713851929 -0.5103513598442078 1.3145685195922852
v -1.0151551961898804 -0.5570375919342041 1.4498319625854492
v -0.9176946878433228 -0.5555847883224487 1.4451501369476318
v -0.869592547416687 -0.5815466642379761 1.499669075012207
v -0.744918704032898 -0.5501735210418701 1.4490853548049927
v -0.5484681129455566 -0.4541110098361969 1.219364047050476
v -0.5026143193244934 -0.47645485401153564 1.2736289501190186
v -0.47557932138442993 -0.5304726958274841 1.4091547727584839
v -0.34670349955558777 -0.44682085514068604 1.3063626289367676
v -0.30093228816986084 -0.5196253061294556 1.4065853357315063
v -0.20568715035915375 -0.525693416595459 1.3919529914855957
v -0.2101418375968933 -0.9052501916885376 2.4872474670410156
v -0.017313847318291664 -0.42858612537384033 1.1814053058624268
v 0.054277267307043076 -0.4647848904132843 1.2410292625427246
v 0.110898457467556 -0.3981170356273651 1.0778194665908813
v 0.18556776642799377 -0.41579583287239075 1.1129145622253418
v 0.24313104152679443 -0.41001564264297485 1.0754475593566895
v 0.29212698340415955 -0.38175055384635925 1.009725570678711
v 0.38287055492401123 -0.4143564701080322 1.0892194509506226
v 0.42345476150512695 -0.39468321204185486 1.029649019241333
v 0.5025832653045654 -0.400179386138916 1.0503491163253784
v 0.7680952548980713 -0.5140533447265625 1.4816157817840576
v 1.0573304891586304 -0.6759234666824341 1.870560646057129
v 0.7369013428688049 -0.4284297227859497 1.109393835067749
v 0.9511864185333252 -0.503468930721283 1.3211208581924438
v 0.8646648526191711 -0.431467741727829 1.0825899839401245
v -0.9921407699584961 -0.5053310394287109 1.3152410984039307
v -0.9933041930198669 -0.5438098907470703 1.4313104152679443
v -0.9093069434165955 -0.548751950263977 1.443425178527832
v -0.8615081906318665 -0.5778324604034424 1.5009832382202148
v -0.7332122325897217 -0.5434403419494629 1.440839171409607
v -0.5430411696434021 -0.4515685439109802 1.2211815118789673
v -0.5029283165931702 -0.4804212152957916 1.2914035320281982
v -0.47453245520591736 -0.5355104207992554 1.4364402294158936
v -0.2971312999725342 -0.3989681303501129 1.091267466545105
v -0.29100051522254944 -0.5184012651443481 1.4060155153274536
v -0.19307941198349 -0.5116875171661377 1.3666820526123047
v -0.19995766878128052 -0.9173795580863953 2.5461111068725586
v -0.009340953081846237 -0.43381252884864807 1.2040934562683105
v 0.06195436045527458 -0.46304377913475037 1.2472741603851318
v 0.10657626390457153 -0.409860759973526 1.1453804969787598
v 0.19387906789779663 -0.4164397716522217 1.119827151298523
v 0.247720867395401 -0.4022617042064667 1.0643999576568604
v 0.2991816997528076 -0.3782225251197815 1.0117446184158325
v 0.3943380117416382 -0.41924142837524414 1.1004217863082886
v 0.4295002222061157 -0.39155519008636475 1.028354525566101
v 0.5140949487686157 -0.4001058042049408 1.0612720251083374
v 0.7646359205245972 -0.5257662534713745 1.4685888290405273
v 1.1394414901733398 -0.7061730623245239 1.9918193817138672
v 0.7345135807991028 -0.4187977910041809 1.0945643186569214
v 0.9565626382827759 -0.49808579683303833 1.3149631023406982
v 0.8833134174346924 -0.42883580923080444 1.0863373279571533
v -0.9848116040229797 -0.4996490180492401 1.3176560401916504
v -0.9742431044578552 -0.5318171977996826 1.4166144132614136
v -0.9019355773925781 -0.5436083078384399 1.443182349205017
v -0.85466068983078 -0.5740543603897095 1.5032731294631958
v -0.5953065156936646 -0.4373617470264435 1.1787796020507812
v -0.5327214002609253 -0.4459454119205475 1.209087610244751
v -0.5065492391586304 -0.4856685996055603 1.3166661262512207
v -0.46989706158638 -0.5366752743721008 1.4547991752624512
v -0.2953752279281616 -0.3996320962905884 1.111812949180603
v -0.27844277024269104 -0.5124067068099976 1.3938114643096924
v -0.18048115074634552 -0.49584823846817017 1.3372586965560913
v -0.1867125779390335 -0.9268953204154968 2.5949134826660156
v -0.018922902643680573 -0.46099939942359924 1.3417658805847168
v 0.06922884285449982 -0.45753931999206543 1.2466599941253662
v 0.1250152438879013 -0.39504700899124146 1.083602786064148
v 0.20120789110660553 -0.4153728485107422 1.121628761291504
v 0.252705842256546 -0.3959709405899048 1.0561453104019165
v 0.3064380884170532 -0.37462133169174194 1.014468789100647
v 0.4012405574321747 -0.4178319573402405 1.0995192527770996
v 0.4358080327510834 -0.3881979286670685 1.028150200843811
v 0.5221707820892334 -0.39741620421409607 1.064003825187683
v 0.7652244567871094 -0.5182249546051025 1.4578088521957397
v 1.2009254693984985 -0.7205502986907959 2.063185214996338
v 0.730010986328125 -0.40819209814071655 1.0749911069869995
v 0.9597480297088623 -0.49174371361732483 1.3075065612792969
v 0.8937121629714966 -0.4221055209636688 1.0763696432113647
v -0.9775660634040833 -0.4951271414756775 1.3211160898208618
v -0.9584801197052002 -0.5231651067733765 1.4079043865203857
v -0.8948192596435547 -0.5386030673980713 1.4450900554656982
v -0.8480985760688782 -0.5707266330718994 1.5078468322753906
v -0.5899205803871155 -0.4364750385284424 1.1846706867218018
v -0.5270268321037292 -0.44406193494796753 1.2122408151626587
v -0.5987955331802368 -0.5733620524406433 1.7768402099609375
v -0.4611038863658905 -0.5338126420974731 1.4579919576644897
v -0.2963212728500366 -0.4050303101539612 1.1397408246994019
v -0.2651169002056122 -0.504694938659668 1.3760404586791992
v -0.16816718876361847 -0.4801081717014313 1.3084067106246948
v -0.17196717858314514 -0.935503363609314 2.635481834411621
v -0.06539976596832275 -0.6285372972488403 2.2574756145477295
v 0.07599472254514694 -0.45088478922843933 1.2411314249038696
v 0.1326034665107727 -0.3929673135280609 1.0850670337677002
v 0.20794996619224548 -0.413154661655426 1.1196802854537964
v 0.25764909386634827 -0.3905923068523407 1.0503028631210327
v 0.3141343891620636 -0.37130269408226013 1.0185816287994385
v 0.4028796851634979 -0.4102024435997009 1.0869613885879517
v 0.44234365224838257 -0.3843693137168884 1.0277279615402222
v 0.5294357538223267 -0.39404842257499695 1.0623294115066528
v 0.7766785621643066 -0.5179908275604248 1.4614360332489014
v 1.2312833070755005 -0.7199207544326782 2.079045295715332
v 0.7239083051681519 -0.39738497138023376 1.0545364618301392
v 0.9609358906745911 -0.48397696018218994 1.2972174882888794
v -0.988724410533905 -0.4446958303451538 1.174324870109558
v -0.9728671312332153 -0.4921739399433136 1.3268018960952759
v -0.9439114928245544 -0.5167510509490967 1.400828242301941
v -0.8879059553146362 -0.5343546271324158 1.448267936706543
v -0.8417174220085144 -0.568760871887207 1.5141549110412598
v -0.5845319628715515 -0.4348219633102417 1.1897974014282227
v -0.5214239358901978 -0.44292017817497253 1.2165940999984741
v -0.8225159645080566 -0.750725507736206 2.0862479209899902
v -0.4473453760147095 -0.5224730968475342 1.441027283668518
v -0.29719266295433044 -0.41475868225097656 1.1724226474761963
v -0.25101205706596375 -0.4941776394844055 1.3544445037841797
v -0.1563316136598587 -0.46591806411743164 1.28365957736969
v -0.15590953826904297 -0.9435096979141235 2.670055866241455
v 0.03136955574154854 -0.7430120706558228 2.6769251823425293
v 0.15746070444583893 -0.6395341157913208 2.115687370300293
v 0.1401246339082718 -0.39102229475975037 1.0863438844680786
v 0.21476148068904877 -0.4101768732070923 1.1156830787658691
v 0.26285839080810547 -0.38594725728034973 1.0466399192810059
v 0.32330140471458435 -0.36956214904785156 1.026271939277649
v 0.4027145206928253 -0.4001677334308624 1.0707037448883057
v 0.4489535093307495 -0.38020166754722595 1.0270915031433105
v 0.53563392162323 -0.3902703821659088 1.0588065385818481
v 0.8030141592025757 -0.529321014881134 1.498030662536621
v 1.2314181327819824 -0.703705370426178 2.0467488765716553
v 0.7170168161392212 -0.3870823383331299 1.0358470678329468
v 0.9610310196876526 -0.47513943910598755 1.2826101779937744
v -1.0114682912826538 -0.46803101897239685 1.2606948614120483
v -0.9692496657371521 -0.490011990070343 1.3317224979400635
v -0.9315640926361084 -0.5116537809371948 1.3962552547454834
v -0.8811104893684387 -0.5306430459022522 1.452258825302124
v -0.8368304967880249 -0.5682774186134338 1.5226948261260986
v -0.5784436464309692 -0.4316576421260834 1.1921312808990479
v -0.5167208313941956 -0.4422529339790344 1.2229530811309814
v -0.5903033018112183 -0.5767116546630859 1.7192168235778809
v -0.4290858209133148 -0.5041950345039368 1.4022932052612305
v -0.2966974973678589 -0.4258419871330261 1.2042529582977295
v -0.23755620419979095 -0.4823428690433502 1.333100438117981
v -0.2456960678100586 -0.6043727397918701 2.0947883129119873
v -0.13854071497917175 -0.9519261121749878 2.70286226272583
v 0.0501394160091877 -0.7373225688934326 2.622390031814575
v 0.1919761300086975 -0.7986416220664978 2.123394250869751
v 0.14772745966911316 -0.38942527770996094 1.0879595279693604
v 0.2211182415485382 -0.40645572543144226 1.1114184856414795
v 0.26852133870124817 -0.3817668557167053 1.044244408607483
v 0.33466166257858276 -0.3724159002304077 1.0407723188400269
v 0.40375974774360657 -0.3906896710395813 1.0552253723144531
v 0.4561310410499573 -0.37598916888237 1.0270707607269287
v 0.5403691530227661 -0.38608404994010925 1.054590106010437
v 0.8452082872390747 -0.5529041290283203 1.5717926025390625
v 1.2116032838821411 -0.6765118837356567 1.9805017709732056
v 0.7296053171157837 -0.3803671598434448 1.0248525142669678
v 0.956274151802063 -0.4641123414039612 1.2616294622421265
v -1.0117433071136475 -0.4708615839481354 1.2773467302322388
v -0.9655203819274902 -0.4872640371322632 1.3359670639038086
v -0.9219729900360107 -0.5082626342773438 1.3963050842285156
v -0.8733072280883789 -0.5270928144454956 1.4556989669799805
v -0.8353461623191833 -0.5689298510551453 1.5354437828063965
v -0.5705950856208801 -0.4268307387828827 1.1912832260131836
v -0.5140817165374756 -0.44266149401664734 1.2333852052688599
v -0.5500359535217285 -0.5461694598197937 1.5177744626998901
v -0.4086799621582031 -0.47994759678840637 1.3495746850967407
v -0.29365524649620056 -0.43411052227020264 1.2277894020080566
v -0.22466826438903809 -0.47030341625213623 1.3114910125732422
v -0.20312875509262085 -0.7468960285186768 2.1540489196777344
v -0.1411980390548706 -0.773608922958374 2.725220203399658
v -0.04193450137972832 -0.5480259656906128 1.806042194366455
v 0.203064426779747 -0.7812275290489197 2.114649534225464
v 0.15510788559913635 -0.3879167139530182 1.089938759803772
v 0.22706755995750427 -0.40192222595214844 1.107534646987915
v 0.2744896113872528 -0.3774203956127167 1.0429788827896118
v 0.34930142760276794 -0.38092392683029175 1.0638269186019897
v 0.4065326452255249 -0.38300395011901855 1.0433803796768188
v 0.4640471935272217 -0.37215015292167664 1.0280290842056274
v 0.5431364178657532 -0.3812304735183716 1.049588680267334
v 0.9007589817047119 -0.5810739994049072 1.6663808822631836
v 1.1801362037658691 -0.6444717049598694 1.9021129608154297
v 0.7192626595497131 -0.3750855028629303 1.027201771736145
v 0.9422913193702698 -0.45095762610435486 1.234117865562439
v -1.007171392440796 -0.47028809785842896 1.2861744165420532
v -0.9597437381744385 -0.48336589336395264 1.3370938301086426
v -0.9134413599967957 -0.504300594329834 1.3981024026870728
v -0.8645018339157104 -0.523098349571228 1.4591634273529053
v -0.833724856376648 -0.5703139901161194 1.550072193145752
v -0.5610942840576172 -0.42121103405952454 1.1863651275634766
v -0.5142484307289124 -0.44531333446502686 1.251967430114746
v -0.5548434257507324 -0.5558686256408691 1.555176854133606
v -0.3890647292137146 -0.45825427770614624 1.3055131435394287
v -0.28697171807289124 -0.4367391765117645 1.2409355640411377
v -0.21216827630996704 -0.45841577649116516 1.2888740301132202
v -0.19585220515727997 -0.7493546009063721 2.192033052444458
v -0.1803215891122818 -0.5903489589691162 2.2381250858306885
v 0.0341208390891552 -0.4550984501838684 1.2916532754898071
v 0.12502804398536682 -0.5494990348815918 1.788295030593872
v 0.16253894567489624 -0.38658133149147034 1.0918927192687988
v 0.23267090320587158 -0.3970455229282379 1.1047148704528809
v 0.2811289131641388 -0.3736012279987335 1.0431902408599854
v 0.36614590883255005 -0.39114952087402344 1.0893702507019043
v 0.4103880226612091 -0.37689968943595886 1.035191535949707
v 0.47318530082702637 -0.36995968222618103 1.0326136350631714
v 0.569748044013977 -0.3849444091320038 1.0701292753219604
v 0.9583402872085571 -0.603884220123291 1.7556498050689697
v 1.1443992853164673 -0.6128712296485901 1.8256323337554932
v 0.7292622327804565 -0.37328392267227173 1.0335389375686646
v 0.9268687963485718 -0.43820691108703613 1.2046635150909424
v -1.001312494277954 -0.4681512713432312 1.2906591892242432
v -0.951212465763092 -0.47769972681999207 1.3348802328109741
v -0.9040898084640503 -0.49958354234695435 1.3993885517120361
v -0.8556366562843323 -0.5187369585037231 1.4622809886932373
v -0.8308501839637756 -0.5710619688034058 1.5633435249328613
v -0.5509582161903381 -0.41582146286964417 1.179839015007019
v -0.5173031091690063 -0.4509389102458954 1.2804912328720093
v -0.5508909225463867 -0.5586347579956055 1.5768680572509766
v -0.3725355267524719 -0.4429561197757721 1.2762917280197144
v -0.2774166762828827 -0.4343901574611664 1.2462416887283325
v -0.20050252974033356 -0.44708752632141113 1.2676914930343628
v -0.19370557367801666 -0.7632301449775696 2.258051633834839
v -0.09759611636400223 -0.4929307997226715 1.6661423444747925
v 0.04179265722632408 -0.45613014698028564 1.2995237112045288
v 0.10775967687368393 -0.41104334592819214 1.1743123531341553
v 0.16991117596626282 -0.38523492217063904 1.0943481922149658
v 0.23801970481872559 -0.39189308881759644 1.1021591424942017
v 0.2885124981403351 -0.3712095022201538 1.0457422733306885
v 0.38221976161003113 -0.3998818099498749 1.1116878986358643
v 0.4149552285671234 -0.37217214703559875 1.03083074092865
v 0.4832414984703064 -0.36917242407798767 1.040614366531372
v 0.7412634491920471 -0.49977990984916687 1.4510303735733032
v 1.0061217546463013 -0.6160486936569214 1.8194243907928467
v 1.1115041971206665 -0.5846138000488281 1.7542543411254883
v 0.7436307668685913 -0.3755943179130554 1.0442394018173218
v 0.9186391234397888 -0.42822352051734924 1.1847500801086426
v -0.9942927956581116 -0.46505647897720337 1.2937266826629639
v -0.9400055408477783 -0.47101283073425293 1.331621766090393
v -0.8953322768211365 -0.4942528009414673 1.3998768329620361
v -0.846449077129364 -0.5139508247375488 1.4630194902420044
v -0.8258861899375916 -0.5706860423088074 1.5744333267211914
v -0.5414612293243408 -0.41105642914772034 1.1740047931671143
v -0.5245115756988525 -0.4598562717437744 1.3178110122680664
v -0.5419406890869141 -0.5551236867904663 1.583063006401062
v -0.3598751723766327 -0.4330383241176605 1.26058030128479
v -0.2662762403488159 -0.42986685037612915 1.2456638813018799
v -0.18939536809921265 -0.43586257100105286 1.2487412691116333
v -0.1951102465391159 -0.7861710786819458 2.3478193283081055
v -0.06571855396032333 -0.46072736382484436 1.5008450746536255
v 0.0492667518556118 -0.45569953322410583 1.305415153503418
v 0.114158034324646 -0.4040696322917938 1.159109354019165
v 0.17713245749473572 -0.38345867395401 1.0970184803009033
v 0.24343931674957275 -0.38705581426620483 1.0991297960281372
v 0.2964378893375397 -0.3699932396411896 1.0508064031600952
v 0.3942579925060272 -0.4043532907962799 1.1270805597305298
v 0.42052173614501953 -0.3684616684913635 1.0303597450256348
v 0.4935908019542694 -0.36910590529441833 1.049737811088562
v 0.7509560585021973 -0.49634096026420593 1.4572780132293701
v 1.0371922254562378 -0.6113876104354858 1.8367185592651367
v 0.6835745573043823 -0.36069461703300476 1.0308159589767456
v 0.8731629848480225 -0.402250200510025 1.1042227745056152
v 0.9206517934799194 -0.4224661588668823 1.1754502058029175
v -0.9865606427192688 -0.46142858266830444 1.297351360321045
v -0.9267445802688599 -0.46410316228866577 1.3289453983306885
v -0.8883004784584045 -0.4888589084148407 1.400048017501831
v -0.8369495868682861 -0.509116530418396 1.463151216506958
v -0.8173320889472961 -0.5680702924728394 1.5796799659729004
v -0.5334103107452393 -0.4071885049343109 1.1713930368423462
v -0.5347106456756592 -0.47101375460624695 1.3599557876586914
v -0.5295685529708862 -0.548853874206543 1.5813947916030884
v -0.34904050827026367 -0.42588287591934204 1.2540161609649658
v -0.2556760013103485 -0.4254874587059021 1.2434284687042236
v -0.17953269183635712 -0.4258488416671753 1.2337627410888672
v -0.19674469530582428 -0.8158871531486511 2.4610326290130615
v -0.09577310085296631 -0.5082254409790039 1.7961505651474
v 0.05664309486746788 -0.45250943303108215 1.3061282634735107
v 0.12034088373184204 -0.39728137850761414 1.145501732826233
v 0.1842254102230072 -0.38128095865249634 1.0998764038085938
v 0.2487783282995224 -0.38286489248275757 1.0954740047454834
v 0.3043801188468933 -0.3688882887363434 1.05601167678833
v 0.4018101096153259 -0.40336623787879944 1.1314442157745361
v 0.4273003339767456 -0.36552515625953674 1.0332300662994385
v 0.5036280155181885 -0.36896246671676636 1.057729721069336
v 0.7670432925224304 -0.49730637669563293 1.4746261835098267
v 1.0515565872192383 -0.5968778133392334 1.8251416683197021
v 0.6843999624252319 -0.3555285930633545 1.0241918563842773
v 1.0731476545333862 -0.5194559097290039 1.4822698831558228
v 0.9291425943374634 -0.4199568033218384 1.1722317934036255
v -0.9782541990280151 -0.45687371492385864 1.2994275093078613
v -0.9143639802932739 -0.45797720551490784 1.3289576768875122
v -0.8812397718429565 -0.48374924063682556 1.4013820886611938
v -0.8276629447937012 -0.5043564438819885 1.463430404663086
v -0.6600633859634399 -0.4479990601539612 1.302827000617981
v -0.5274168252944946 -0.405084490776062 1.1744835376739502
v -0.5454625487327576 -0.4828226864337921 1.402513861656189
v -0.5149388313293457 -0.5390770435333252 1.5702389478683472
v -0.33833548426628113 -0.42028069496154785 1.2491635084152222
v -0.24619939923286438 -0.4213840067386627 1.24192214012146
v -0.17070552706718445 -0.4177371859550476 1.2249175310134888
v -0.19227878749370575 -0.8430737257003784 2.575324535369873
v -0.12000520527362823 -0.5479609370231628 2.0617268085479736
v 0.06383880227804184 -0.4468996524810791 1.30095636844635
v 0.1265440434217453 -0.3900580108165741 1.133461833000183
v 0.1914140284061432 -0.37881702184677124 1.102450966835022
v 0.25417399406433105 -0.3786177635192871 1.091261386871338
v 0.31221383810043335 -0.36723917722702026 1.0604931116104126
v 0.4065151512622833 -0.39846089482307434 1.1271454095840454
v 0.4345446228981018 -0.36279016733169556 1.0364336967468262
v 0.513526201248169 -0.36853864789009094 1.0632438659667969
v 0.7892576456069946 -0.5017913579940796 1.499192237854004
v 1.053116798400879 -0.5814932584762573 1.8002989292144775
v 0.6876161098480225 -0.35108065605163574 1.020862102508545
v 1.0604175329208374 -0.5061428546905518 1.4527435302734375
v 0.941103994846344 -0.4178239703178406 1.1720482110977173
v -0.9690226912498474 -0.45084547996520996 1.2991857528686523
v -0.9061042666435242 -0.4536426365375519 1.332572102546692
v -0.8735055923461914 -0.47893282771110535 1.403517723083496
v -0.8195503950119019 -0.49972960352897644 1.4648005962371826
v -0.6583523750305176 -0.44913193583488464 1.3184874057769775
v -0.5238465070724487 -0.4044320583343506 1.1823896169662476
v -0.553341269493103 -0.49305203557014465 1.4397860765457153
v -0.49802476167678833 -0.5266464948654175 1.5507965087890625
v -0.32728302478790283 -0.41576409339904785 1.2435696125030518
v -0.23774521052837372 -0.41821226477622986 1.2418397665023804
v -0.16254229843616486 -0.4119091331958771 1.221136450767517
v -0.1790970116853714 -0.8587570786476135 2.6599273681640625
v -0.10357952862977982 -0.539657473564148 2.019376277923584
v 0.07108957320451736 -0.4395091235637665 1.2892937660217285
v 0.13295578956604004 -0.38331592082977295 1.1240766048431396
v 0.19858701527118683 -0.3763379454612732 1.104476809501648
v 0.2595387399196625 -0.3738945424556732 1.0869141817092896
v 0.32026615738868713 -0.3649708926677704 1.0638818740844727
v 0.41043058037757874 -0.3914419412612915 1.118561863899231
v 0.4423631727695465 -0.3601239025592804 1.040094256401062
v 0.5231099128723145 -0.368002325296402 1.0678404569625854
v 0.8141181468963623 -0.5064330101013184 1.5277330875396729
v 1.045830488204956 -0.5653064250946045 1.7640715837478638
v 0.6957548260688782 -0.3486158549785614 1.023300051689148
v 1.0407580137252808 -0.4906802773475647 1.4079234600067139
v 0.9507317543029785 -0.41053539514541626 1.1672122478485107
v -0.9593973159790039 -0.4447001814842224 1.2977008819580078
v -0.9003657102584839 -0.45031610131263733 1.3377785682678223
v -0.8651381731033325 -0.47414430975914 1.4064006805419922
v -0.8124052286148071 -0.4958692789077759 1.4674475193023682
v -0.6527554988861084 -0.4467432200908661 1.3241420984268188
v -0.5218800902366638 -0.40462201833724976 1.193720817565918
v -0.5556460022926331 -0.500128448009491 1.4683403968811035
v -0.4811239242553711 -0.5130780339241028 1.5273867845535278
v -0.31646692752838135 -0.4120229184627533 1.2398403882980347
v -0.23023565113544464 -0.4158247709274292 1.2429027557373047
v -0.160215824842453 -0.4138052463531494 1.2551310062408447
v -0.15990951657295227 -0.8638839721679688 2.7106261253356934
v -0.07892351597547531 -0.5279713273048401 1.9511985778808594
v 0.07853303849697113 -0.43097802996635437 1.2723368406295776
v 0.13942071795463562 -0.3780679404735565 1.117611050605774
v 0.20573915541172028 -0.3735259175300598 1.1059880256652832
v 0.2648560702800751 -0.3690357208251953 1.082701563835144
v 0.3291025757789612 -0.36315080523490906 1.0673799514770508
v 0.4132111668586731 -0.38383498787879944 1.1075297594070435
v 0.45029422640800476 -0.3571169078350067 1.043824315071106
v 0.532766580581665 -0.3667697608470917 1.072637915611267
v 0.8381094932556152 -0.5102050304412842 1.5547232627868652
v 1.032962441444397 -0.5500675439834595 1.724522352218628
v 0.7098281383514404 -0.34973663091659546 1.035279631614685
v 1.0207712650299072 -0.474116712808609 1.3578945398330688
v -1.0124571323394775 -0.4263441860675812 1.2076139450073242
v -0.9499521255493164 -0.4389839768409729 1.29562246799469
v -0.8954491019248962 -0.4470648169517517 1.3427425622940063
v -0.8572630286216736 -0.4698902666568756 1.4101238250732422
v -0.8067222237586975 -0.49404603242874146 1.4724972248077393
v -0.6432732343673706 -0.4417092204093933 1.3211264610290527
v -0.5210304260253906 -0.4063878059387207 1.2094430923461914
v -0.5506735444068909 -0.5023382306098938 1.4848978519439697
v -0.46253475546836853 -0.4965309500694275 1.495062232017517
v -0.30591896176338196 -0.4088703393936157 1.238747239112854
v -0.22372058033943176 -0.4140256941318512 1.2445969581604004
v -0.1939191073179245 -0.45704153180122375 1.5144011974334717
v -0.13773028552532196 -0.8592448234558105 2.7319350242614746
v -0.04925522208213806 -0.5264426469802856 1.9303251504898071
v 0.08554037660360336 -0.42195793986320496 1.2538951635360718
v 0.14624357223510742 -0.37412598729133606 1.1143165826797485
v 0.21273180842399597 -0.37044408917427063 1.1071734428405762
v 0.2700239419937134 -0.3642612099647522 1.0786863565444946
v 0.3380934000015259 -0.3619210720062256 1.0710855722427368
v 0.41538965702056885 -0.37685275077819824 1.0964398384094238
v 0.4586251974105835 -0.353623628616333 1.0477854013442993
v 0.5424095988273621 -0.3650630712509155 1.0792316198349
v 0.8632773160934448 -0.5146781206130981 1.581043004989624
v 1.0155225992202759 -0.5339093208312988 1.6815252304077148
v 0.7719681262969971 -0.3600923717021942 1.0548088550567627
v 0.997498631477356 -0.45671001076698303 1.310230016708374
v -1.0005463361740112 -0.42341458797454834 1.2363888025283813
v -0.9404253363609314 -0.43358689546585083 1.2937462329864502
v -0.8916178345680237 -0.44466036558151245 1.3492367267608643
v -0.8507252335548401 -0.46637091040611267 1.4149709939956665
v -0.8022888898849487 -0.4941587746143341 1.481425166130066
v -0.6300121545791626 -0.4339633882045746 1.309700846672058
v -0.5217005610466003 -0.41027572751045227 1.2315393686294556
v -0.541629433631897 -0.5003131628036499 1.4911022186279297
v -0.4426978528499603 -0.4774211645126343 1.453002691268921
v -0.29540520906448364 -0.40634942054748535 1.2389445304870605
v -0.2170933336019516 -0.4113515019416809 1.2460681200027466
v -0.22173017263412476 -0.4932195842266083 1.7524311542510986
v -0.1148247942328453 -0.8451893329620361 2.7223494052886963
v -0.038552816957235336 -0.506375253200531 1.8278796672821045
v 0.0924825519323349 -0.41354066133499146 1.238542079925537
v 0.1532786786556244 -0.3708649277687073 1.1138674020767212
v 0.21951866149902344 -0.36722132563591003 1.1083900928497314
v 0.27540257573127747 -0.35956668853759766 1.075502634048462
v 0.3476104140281677 -0.3616347908973694 1.0768582820892334
v 0.41756919026374817 -0.3702290952205658 1.0872210264205933
v 0.46740978956222534 -0.3502359092235565 1.0515155792236328
v 0.5523250102996826 -0.3634067475795746 1.0871723890304565
v 0.8894049525260925 -0.5202581882476807 1.6102163791656494
v 0.9978268146514893 -0.5175679922103882 1.6381876468658447
v 0.962363064289093 -0.45326465368270874 1.3794069290161133
v 0.9719631671905518 -0.4391705095767975 1.2690482139587402
v -0.9916765093803406 -0.42095470428466797 1.2494655847549438
v -0.9313600063323975 -0.42773449420928955 1.291286826133728
v -0.8901161551475525 -0.4433611035346985 1.3587366342544556
v -0.8448837399482727 -0.463512659072876 1.420487880706787
v -0.7993893623352051 -0.4966902434825897 1.4938100576400757
v -0.6204402446746826 -0.4277292490005493 1.3179422616958618
v -0.5245161056518555 -0.41616514325141907 1.260780930519104
v -0.5294771194458008 -0.494574636220932 1.489112138748169
v -0.5101767778396606 -0.5416629314422607 1.8908369541168213
v -0.28551995754241943 -0.4042488932609558 1.240005612373352
v -0.21012714505195618 -0.4075041711330414 1.246181845664978
v -0.22137895226478577 -0.4976423382759094 1.8073724508285522
v -0.09332060813903809 -0.8227808475494385 2.6875345706939697
v -0.025702085345983505 -0.4667870104312897 1.6255643367767334
v 0.09924458712339401 -0.40606579184532166 1.2266370058059692
v 0.16025157272815704 -0.3677537441253662 1.1148102283477783
v 0.22621653974056244 -0.36414819955825806 1.1092547178268433
v 0.2812417149543762 -0.3551334738731384 1.0731042623519897
v 0.3585593104362488 -0.3627506196498871 1.0857070684432983
v 0.4213382601737976 -0.3634987473487854 1.080849528312683
v 0.4772154688835144 -0.3476373553276062 1.0568076372146606
v 0.5628231167793274 -0.3620133697986603 1.0966397523880005
v 0.9144148826599121 -0.524570107460022 1.6346453428268433
v 0.9830650091171265 -0.5016722083091736 1.5958799123764038
v 0.7939311861991882 -0.3801305890083313 1.132635235786438
v 0.9531309604644775 -0.4249340891838074 1.2421863079071045
v -0.983221709728241 -0.4176807701587677 1.2584162950515747
v -0.921216607093811 -0.42098918557167053 1.2883527278900146
v -0.8901952505111694 -0.44297873973846436 1.3705627918243408
v -0.8390101790428162 -0.4607289731502533 1.4259157180786133
v -0.7869065403938293 -0.49789997935295105 1.5071450471878052
v -0.7158259749412537 -0.5093297958374023 1.5084866285324097
v -0.5302854180335999 -0.4239002466201782 1.295615315437317
v -0.5144814252853394 -0.4856387674808502 1.4786683320999146
v -0.7131543159484863 -0.7649638652801514 2.389894962310791
v -0.27653250098228455 -0.40182146430015564 1.2431387901306152
v -0.20266416668891907 -0.4028642475605011 1.245623230934143
v -0.2279529720544815 -0.5105072259902954 1.916580319404602
v -0.07366747409105301 -0.7944803237915039 2.6317079067230225
v 0.03741415590047836 -0.391998827457428 1.2215485572814941
v 0.1060827374458313 -0.39959731698036194 1.2171785831451416
v 0.16747139394283295 -0.3647884130477905 1.1174676418304443
v 0.23276261985301971 -0.3610307276248932 1.1099573373794556
v 0.2877201735973358 -0.35148176550865173 1.0720865726470947
v 0.3695712983608246 -0.3643570840358734 1.0958787202835083
v 0.42632728815078735 -0.3572475016117096 1.0769776105880737
v 0.48784124851226807 -0.34604039788246155 1.064558506011963
v 0.5748858451843262 -0.3610464930534363 1.108166217803955
v 0.9354739189147949 -0.5247906446456909 1.649742841720581
v 0.9703622460365295 -0.4867582321166992 1.556844711303711
v 0.8206804990768433 -0.3881469666957855 1.1614184379577637
v 0.9488659501075745 -0.4160892963409424 1.2301321029663086
v -0.9733668565750122 -0.41358163952827454 1.259810209274292
v -0.9113413691520691 -0.41426247358322144 1.287395715713501
v -0.8898270130157471 -0.44214320182800293 1.3818693161010742
v -0.8330026865005493 -0.4581470489501953 1.4312220811843872
v -0.721131443977356 -0.4526665210723877 1.3714569807052612
v -0.7064586877822876 -0.5018373131752014 1.5081868171691895
v -0.5377295017242432 -0.43203598260879517 1.3309803009033203
v -0.4970216155052185 -0.47430992126464844 1.4593229293823242
v -0.675068736076355 -0.7374098300933838 2.335331439971924
v -0.26820069551467896 -0.3988395035266876 1.2467988729476929
v -0.1950756460428238 -0.39812910556793213 1.2447394132614136
v -0.2096479833126068 -0.5349957942962646 2.0648961067199707
v -0.05540158972144127 -0.7595011591911316 2.551863431930542
v 0.04507803916931152 -0.3891674280166626 1.2191368341445923
v 0.11287431418895721 -0.3932599425315857 1.2092536687850952
v 0.17476114630699158 -0.36191821098327637 1.1203340291976929
v 0.23923340439796448 -0.35765591263771057 1.1101300716400146
v 0.2945341169834137 -0.3484230041503906 1.0724517107009888
v 0.37934818863868713 -0.3657519817352295 1.106079339981079
v 0.43260422348976135 -0.35190755128860474 1.0758748054504395
v 0.498947411775589 -0.34539350867271423 1.0747822523117065
v 0.5888639688491821 -0.36072176694869995 1.1208335161209106
v 0.9492185711860657 -0.5200719833374023 1.6527174711227417
v 0.9602621793746948 -0.4742319881916046 1.5226470232009888
v 0.8406757116317749 -0.3919157385826111 1.1789201498031616
v 0.9545540809631348 -0.41170167922973633 1.2292550802230835
v -0.962786078453064 -0.40910524129867554 1.2592370510101318
v -0.9029412865638733 -0.4094300866127014 1.290982961654663
v -0.8880979418754578 -0.4404524862766266 1.3906234502792358
v -0.8271283507347107 -0.4556886851787567 1.4363428354263306
v -0.711763858795166 -0.44714438915252686 1.3703737258911133
v -0.6958422660827637 -0.49430757761001587 1.5077123641967773
v -0.5443783402442932 -0.4387027323246002 1.3599543571472168
v -0.4778722822666168 -0.46062397956848145 1.4310870170593262
v -0.6329281330108643 -0.7067248821258545 2.263530969619751
v -0.2604182958602905 -0.39633047580718994 1.2509338855743408
v -0.18769818544387817 -0.3941306471824646 1.244234561920166
v -0.2049078494310379 -0.5439705848693848 2.1427106857299805
v -0.038824163377285004 -0.7194509506225586 2.4503326416015625
v 0.05266638845205307 -0.3856917917728424 1.2145967483520508
v 0.1198575422167778 -0.38676854968070984 1.2024621963500977
v 0.181875541806221 -0.3592939078807831 1.1234594583511353
v 0.24560216069221497 -0.35380545258522034 1.1093995571136475
v 0.30108216404914856 -0.34557294845581055 1.0721838474273682
v 0.3873336613178253 -0.3655322790145874 1.1147680282592773
v 0.44044575095176697 -0.3473850190639496 1.0775749683380127
v 0.5110941529273987 -0.3457280099391937 1.0879168510437012
v 0.6047446131706238 -0.36159828305244446 1.1360957622528076
v 0.9541788697242737 -0.5115322470664978 1.6387104988098145
v 0.9525126814842224 -0.46276330947875977 1.4910917282104492
v 0.8532459139823914 -0.3920370936393738 1.186354160308838
v 0.9637297987937927 -0.40899017453193665 1.2308158874511719
v -0.9527372717857361 -0.40424200892448425 1.2587964534759521
v -0.8987221717834473 -0.4063352048397064 1.3010294437408447
v -0.8830662369728088 -0.43723055720329285 1.3964133262634277
v -0.8215669989585876 -0.4532286524772644 1.441489577293396
v -0.7025710344314575 -0.4419540464878082 1.370039939880371
v -0.5793701410293579 -0.40320247411727905 1.3347800970077515
v -0.5461096167564392 -0.44260627031326294 1.3780676126480103
v -0.4592052400112152 -0.44563522934913635 1.397097110748291
v -0.49326634407043457 -0.5397681593894958 2.0769054889678955
v -0.2529144287109375 -0.3936197757720947 1.2543795108795166
v -0.18058335781097412 -0.39109477400779724 1.24563729763031
v -0.17664481699466705 -0.5818480253219604 2.2757015228271484
v -0.02379121631383896 -0.6760802268981934 2.329613208770752
v 0.06005166471004486 -0.38151371479034424 1.2092057466506958
v 0.12724833190441132 -0.3810139000415802 1.1966121196746826
v 0.18875302374362946 -0.3567202091217041 1.1264739036560059
v 0.25178077816963196 -0.3495537340641022 1.1072267293930054
v 0.30735307931900024 -0.34256842732429504 1.0702219009399414
v 0.3944876194000244 -0.3635212779045105 1.1197683811187744
v 0.44967207312583923 -0.3438913822174072 1.0831559896469116
v 0.5240859985351562 -0.3466551899909973 1.1028026342391968
v 0.6217299699783325 -0.3638194799423218 1.1536142826080322
v 0.9511728286743164 -0.5013929605484009 1.6157512664794922
v 0.9442469477653503 -0.45135676860809326 1.4582741260528564
v 0.8619030714035034 -0.38988161087036133 1.1881390810012817
v 0.9753554463386536 -0.40628522634506226 1.231856107711792
v -0.9420861601829529 -0.3983842134475708 1.2566101551055908
v -0.8977801203727722 -0.40516898036003113 1.315948486328125
v -0.8759894967079163 -0.43322181701660156 1.4012885093688965
v -0.8159162402153015 -0.45079362392425537 1.4466990232467651
v -0.6932519674301147 -0.4369048476219177 1.368272304534912
v -0.5406206846237183 -0.3737495541572571 1.194941759109497
v -0.5409575700759888 -0.44171515107154846 1.3835725784301758
v -0.45291802287101746 -0.4406633675098419 1.419499397277832
v -0.35201576352119446 -0.40845274925231934 1.3278789520263672
v -0.2708019018173218 -0.416239857673645 1.3981256484985352
v -0.17330420017242432 -0.38882216811180115 1.250328779220581
v -0.14744685590267181 -0.6615701913833618 2.3080086708068848
v -0.010161072015762329 -0.6322339773178101 2.192382335662842
v 0.06724455207586288 -0.377097487449646 1.2036969661712646
v 0.1345810443162918 -0.3761542737483978 1.1916704177856445
v 0.19557274878025055 -0.35367485880851746 1.1283949613571167
v 0.25752267241477966 -0.3452231287956238 1.1037280559539795
v 0.3134312331676483 -0.33902233839035034 1.066785216331482
v 0.4013475775718689 -0.36039018630981445 1.1214970350265503
v 0.45959433913230896 -0.34108832478523254 1.0924737453460693
v 0.5380222797393799 -0.34770360589027405 1.1176091432571411
v 0.6399799585342407 -0.3679509460926056 1.1734086275100708
v 0.9395142793655396 -0.4886074662208557 1.5771279335021973
v 0.93355792760849 -0.4398047924041748 1.422547698020935
v 0.8700160980224609 -0.38693299889564514 1.1883509159088135
v 0.9908068180084229 -0.40393826365470886 1.2315900325775146
v -0.9286220073699951 -0.39053383469581604 1.2505080699920654
v -0.8971694111824036 -0.4050985276699066 1.3315622806549072
v -0.8681769371032715 -0.4289773106575012 1.4035730361938477
v -0.8100197911262512 -0.44830238819122314 1.452019453048706
v -0.6840841770172119 -0.43237462639808655 1.3669182062149048
v -0.5382195711135864 -0.37489259243011475 1.210297703742981
v -0.5304614305496216 -0.43656986951828003 1.3785624504089355
v -0.5111526846885681 -0.49410271644592285 1.78397536277771
v -0.3318305015563965 -0.3948037922382355 1.280545711517334
v -0.2747085988521576 -0.4238477945327759 1.466454267501831
v -0.16573244333267212 -0.386663556098938 1.2576758861541748
v -0.12432035803794861 -0.6620932817459106 2.2923779487609863
v 0.002294324105605483 -0.5873987078666687 2.039515256881714
v 0.07397273182868958 -0.37304165959358215 1.1992933750152588
v 0.14164869487285614 -0.3713504672050476 1.1882703304290771
v 0.20239588618278503 -0.3501562774181366 1.129359245300293
v 0.2628001272678375 -0.34067076444625854 1.0990732908248901
v 0.3192901611328125 -0.33446165919303894 1.0626819133758545
v 0.40835943818092346 -0.3566747307777405 1.122180700302124
v 0.4701468348503113 -0.33885782957077026 1.1037079095840454
v 0.5521225929260254 -0.3490869700908661 1.1316440105438232
v 0.6587498188018799 -0.3735485374927521 1.1949058771133423
v 0.9221155047416687 -0.4725199341773987 1.5251491069793701
v 0.918656051158905 -0.42740845680236816 1.3808002471923828
v 0.8800850510597229 -0.3840664327144623 1.1915040016174316
v 1.0062812566757202 -0.39190977811813354 1.2298182249069214
v -0.8556713461875916 -0.36865365505218506 1.182211995124817
v -0.8968378901481628 -0.4046458899974823 1.3460586071014404
v -0.8602995872497559 -0.4249262809753418 1.4053688049316406
v -0.8037686944007874 -0.44627144932746887 1.4583773612976074
v -0.6740808486938477 -0.4275112450122833 1.3646591901779175
v -0.538081169128418 -0.3783959746360779 1.2311618328094482
v -0.5174241662025452 -0.4295409023761749 1.369095802307129
v -0.516147255897522 -0.49909791350364685 1.8747738599777222
v -0.32129910588264465 -0.39029547572135925 1.279444932937622
v -0.2740764617919922 -0.43367815017700195 1.5181418657302856
v -0.15828053653240204 -0.38439640402793884 1.2656086683273315
v -0.10301481187343597 -0.6368938684463501 2.2391130924224854
v 0.013326945714652538 -0.544973611831665 1.8912663459777832
v 0.08063875883817673 -0.3691917657852173 1.1975125074386597
v 0.1486152559518814 -0.36615225672721863 1.1876722574234009
v 0.20938223600387573 -0.3467197120189667 1.1294597387313843
v 0.26773524284362793 -0.33580291271209717 1.0923855304718018
v 0.32570886611938477 -0.3294083774089813 1.058892011642456
v 0.41542303562164307 -0.3523986041545868 1.1221250295639038
v 0.48138341307640076 -0.3374100625514984 1.1159305572509766
v 0.5666341781616211 -0.3509807586669922 1.1464567184448242
v 0.6775274276733398 -0.3781806528568268 1.216312289237976
v 0.9026361703872681 -0.4553373157978058 1.47288179397583
v 0.9030017256736755 -0.4146246314048767 1.342362642288208
v 0.89140385389328 -0.3811802268028259 1.1978894472122192
v -0.9446316361427307 -0.35836687684059143 1.1405681371688843
v -0.8330650329589844 -0.3528093099594116 1.1315597295761108
v -0.8985533118247986 -0.40482088923454285 1.3615185022354126
v -0.8526409864425659 -0.42164963483810425 1.4073666334152222
v -0.7979435920715332 -0.444923996925354 1.4662425518035889
v -0.6627174019813538 -0.4218320846557617 1.3598175048828125
v -0.5393683910369873 -0.3834124505519867 1.2549381256103516
v -0.5046444535255432 -0.4217878580093384 1.3596166372299194
v -0.49091637134552 -0.47588789463043213 1.7845535278320312
v -0.31112927198410034 -0.38663795590400696 1.2809678316116333
v -0.27341222763061523 -0.4351443350315094 1.5463223457336426
v -0.15170851349830627 -0.3825179934501648 1.2728561162948608
v -0.13148818910121918 -0.49808749556541443 1.9705876111984253
v 0.004421875346451998 -0.37090200185775757 1.2788530588150024
v 0.0870424211025238 -0.3652143180370331 1.1986892223358154
v 0.1557675302028656 -0.3607259690761566 1.1890565156936646
v 0.21598578989505768 -0.34298571944236755 1.1294846534729004
v 0.27243250608444214 -0.3308386206626892 1.0856841802597046
v 0.33256328105926514 -0.32493826746940613 1.0564615726470947
v 0.4223904013633728 -0.34745898842811584 1.1209774017333984
v 0.4937768280506134 -0.3372388482093811 1.129013180732727
v 0.5822762250900269 -0.3530066907405853 1.1639374494552612
v 0.696658194065094 -0.3817153871059418 1.2373619079589844
v 0.883474588394165 -0.43954184651374817 1.427201509475708
v 0.8937090039253235 -0.4035962224006653 1.3168792724609375
v 0.9042954444885254 -0.37962985038757324 1.2065156698226929
v -0.911632239818573 -0.34823086857795715 1.1327383518218994
v -0.8235280513763428 -0.34597453474998474 1.1265604496002197
v -0.903499960899353 -0.4066942036151886 1.381165623664856
v -0.8459497094154358 -0.4187069833278656 1.4103158712387085
v -0.7929726839065552 -0.4443923830986023 1.4752709865570068
v -0.6508326530456543 -0.41489896178245544 1.3532010316848755
v -0.5416901111602783 -0.38841712474823 1.2805662155151367
v -0.4930247664451599 -0.4144318401813507 1.3528945446014404
v -0.46308040618896484 -0.4515920579433441 1.6784604787826538
v -0.3016011416912079 -0.3830496668815613 1.2852156162261963
v -0.23230887949466705 -0.3897596299648285 1.3534871339797974
v -0.2011546939611435 -0.4419177770614624 1.6336474418640137
v -0.06858024001121521 -0.3789824843406677 1.3149914741516113
v 0.02498193085193634 -0.35125404596328735 1.1883312463760376
v 0.09310950338840485 -0.3615134656429291 1.2014498710632324
v 0.16303998231887817 -0.35571256279945374 1.1901464462280273
v 0.2224440723657608 -0.3383043706417084 1.1288179159164429
v 0.27757728099823 -0.3259758949279785 1.080157995223999
v 0.3402785062789917 -0.32128751277923584 1.056686520576477
v 0.42902666330337524 -0.34189727902412415 1.1197044849395752
v 0.5081512331962585 -0.3389350175857544 1.1451290845870972
v 0.5987362861633301 -0.3549498915672302 1.1816879510879517
v 0.7163600921630859 -0.3850962221622467 1.257717251777649
v 0.8129411935806274 -0.3874359130859375 1.2737362384796143
v 0.8252620100975037 -0.36434483528137207 1.1842410564422607
v 0.9205150008201599 -0.37906256318092346 1.2175112962722778
v -0.8982231616973877 -0.34400004148483276 1.138519287109375
v -0.8134511113166809 -0.3392989933490753 1.1208361387252808
v -0.9124448299407959 -0.4111268222332001 1.4049241542816162
v -0.840626060962677 -0.41658177971839905 1.4157490730285645
v -0.7894413471221924 -0.44442421197891235 1.485790729522705
v -0.6386573314666748 -0.40666958689689636 1.3430535793304443
v -0.543901801109314 -0.3926209509372711 1.3053380250930786
v -0.4819014370441437 -0.4080442190170288 1.3484141826629639
v -0.44270452857017517 -0.43541455268859863 1.6096398830413818
v -0.2921740710735321 -0.3792549967765808 1.2901039123535156
v -0.2126438170671463 -0.3736337721347809 1.2807762622833252
v -0.22173601388931274 -0.46984046697616577 1.8343247175216675
v -0.051035188138484955 -0.3657320439815521 1.2561650276184082
v 0.03195979818701744 -0.34821847081184387 1.1890068054199219
v 0.09931942820549011 -0.3585439920425415 1.2051304578781128
v 0.1703367978334427 -0.3511587381362915 1.1904610395431519
v 0.2289658784866333 -0.33294808864593506 1.126706838607788
v 0.2832557260990143 -0.3213958740234375 1.075148105621338
v 0.3489029109477997 -0.3186725378036499 1.0604870319366455
v 0.43580949306488037 -0.3357360363006592 1.1178921461105347
v 0.5241765975952148 -0.3417762517929077 1.164705753326416
v 0.6160317659378052 -0.35744455456733704 1.2007262706756592
v 0.7348876595497131 -0.3873591721057892 1.2750341892242432
v 0.7424060106277466 -0.35172852873802185 1.1668708324432373
v 0.8397547006607056 -0.36381274461746216 1.1940405368804932
v 1.0510430335998535 -0.42528125643730164 1.3773051500320435
v -0.8871060609817505 -0.3402576744556427 1.1400233507156372
v -0.803465723991394 -0.3328520655632019 1.1141722202301025
v -0.9233804941177368 -0.4164307713508606 1.428438425064087
v -0.8359369039535522 -0.4149099588394165 1.4224351644515991
v -0.7862296104431152 -0.4447869062423706 1.497121810913086
v -0.7044038772583008 -0.4519997537136078 1.5160839557647705
v -0.5452024936676025 -0.3957299590110779 1.3274515867233276
v -0.47152379155158997 -0.40201064944267273 1.3438175916671753
v -0.4203646779060364 -0.41793450713157654 1.533747673034668
v -0.28370440006256104 -0.3757633566856384 1.2945126295089722
v -0.2082161009311676 -0.375002920627594 1.2967075109481812
v -0.20717470347881317 -0.48144295811653137 1.920467495918274
v -0.04239461570978165 -0.36318239569664 1.255623459815979
v 0.038694173097610474 -0.34515565633773804 1.1906251907348633
v 0.1059323325753212 -0.3555580675601959 1.2091031074523926
v 0.17746640741825104 -0.3466208279132843 1.1905063390731812
v 0.23563256859779358 -0.3273300528526306 1.123871922492981
v 0.2891649603843689 -0.3167325258255005 1.0708211660385132
v 0.3579626679420471 -0.3170669376850128 1.0666507482528687
v 0.44334495067596436 -0.3293778598308563 1.1165586709976196
v 0.5393210649490356 -0.3446939289569855 1.1838165521621704
v 0.6343693733215332 -0.36077335476875305 1.2214970588684082
v 0.7510240077972412 -0.38790932297706604 1.2887403964996338
v 0.7533433437347412 -0.3501901924610138 1.1725460290908813
v 0.850455641746521 -0.36096352338790894 1.198727011680603
v 1.0722754001617432 -0.427458256483078 1.3919771909713745
v -0.8794999718666077 -0.336503267288208 1.1408178806304932
v -0.7949065566062927 -0.3270968496799469 1.108095645904541
v -0.932839572429657 -0.419232577085495 1.4473260641098022
v -0.8315107226371765 -0.41292691230773926 1.4300645589828491
v -0.7822110652923584 -0.44402021169662476 1.5064878463745117
v -0.6921712160110474 -0.4439989924430847 1.513352870941162
v -0.5449867248535156 -0.39724454283714294 1.3462949991226196
v -0.4610481560230255 -0.3960094153881073 1.3388406038284302
v -0.36276549100875854 -0.36761656403541565 1.2761335372924805
v -0.2760722041130066 -0.3725002408027649 1.298768401145935
v -0.20422928035259247 -0.3784811496734619 1.3192472457885742
v -0.18154354393482208 -0.4372008740901947 1.6895980834960938
v -0.033837802708148956 -0.35920774936676025 1.2536486387252808
v 0.04521958902478218 -0.34243807196617126 1.1921747922897339
v 0.11301280558109283 -0.3524855971336365 1.2132327556610107
v 0.18411144614219666 -0.3419507145881653 1.1887366771697998
v 0.2421848177909851 -0.32131901383399963 1.1204421520233154
v 0.29533979296684265 -0.3117135763168335 1.0673984289169312
v 0.36700960993766785 -0.31611621379852295 1.0737316608428955
v 0.4517807364463806 -0.3232276439666748 1.1167951822280884
v 0.5531846284866333 -0.34690606594085693 1.1994882822036743
v 0.6538882255554199 -0.3642106354236603 1.2430897951126099
v 0.7630677819252014 -0.3858620226383209 1.2961400747299194
v 0.7654315233230591 -0.3489810824394226 1.1795419454574585
v 0.8626605868339539 -0.3582797944545746 1.203221082687378
v 0.9642796516418457 -0.37503209710121155 1.2394397258758545
v -0.8731761574745178 -0.333072692155838 1.1413564682006836
v -0.7885711789131165 -0.3221200704574585 1.1048038005828857
v -0.9363270401954651 -0.4202755093574524 1.4613831043243408
v -0.8266149759292603 -0.4105735421180725 1.4365168809890747
v -0.7762418985366821 -0.44109922647476196 1.513746976852417
v -0.6752818822860718 -0.43297430872917175 1.4978090524673462
v -0.5429297685623169 -0.39693892002105713 1.3599779605865479
v -0.44988834857940674 -0.3893583118915558 1.3324140310287476
v -0.3539533317089081 -0.3641822934150696 1.2796034812927246
v -0.2684854567050934 -0.36890578269958496 1.3024237155914307
v -0.19947142899036407 -0.3821806311607361 1.3428043127059937
v -0.1120174378156662 -0.3626914918422699 1.2871993780136108
v -0.025099309161305428 -0.3535687327384949 1.2498741149902344
v 0.05132270231842995 -0.3397887349128723 1.1940667629241943
v 0.12071765214204788 -0.3494056761264801 1.2172553539276123
v 0.19069719314575195 -0.3369743227958679 1.1839847564697266
v 0.248168483376503 -0.31496527791023254 1.115151286125183
v 0.3017619252204895 -0.3069900870323181 1.065255880355835
v 0.3761661648750305 -0.31493064761161804 1.0807974338531494
v 0.46211308240890503 -0.31858551502227783 1.1224040985107422
v 0.5667849779129028 -0.34809890389442444 1.2121158838272095
v 0.6731560230255127 -0.3671085238456726 1.263304352760315
v 0.7709457278251648 -0.3820754587650299 1.2969392538070679
v 0.7785599231719971 -0.34765753149986267 1.1877593994140625
v 0.8813384175300598 -0.35852333903312683 1.2172393798828125
v 0.9796814322471619 -0.3738875389099121 1.2439149618148804
v -0.8675306439399719 -0.3294125199317932 1.1416136026382446
v -0.7842131853103638 -0.31728464365005493 1.1050100326538086
v -0.9332468509674072 -0.41911259293556213 1.4676395654678345
v -0.8218165040016174 -0.4080604016780853 1.4431239366531372
v -0.7663094997406006 -0.4351937770843506 1.5146937370300293
v -0.632891058921814 -0.4086439907550812 1.4643152952194214
v -0.5386141538619995 -0.39497244358062744 1.3694332838058472
v -0.4386644959449768 -0.38231173157691956 1.3258143663406372
v -0.34598401188850403 -0.36085444688796997 1.2841368913650513
v -0.2608105540275574 -0.3649311661720276 1.3059215545654297
v -0.19415757060050964 -0.3849588632583618 1.3637677431106567
v -0.10376425087451935 -0.358020544052124 1.2889163494110107
v -0.01658996008336544 -0.3468659520149231 1.2437931299209595
v 0.05728202313184738 -0.3369516134262085 1.1972033977508545
v 0.12891538441181183 -0.346336305141449 1.2222204208374023
v 0.19745488464832306 -0.3316193222999573 1.1793999671936035
v 0.25358787178993225 -0.3084944486618042 1.10893714427948
v 0.30841630697250366 -0.3023955225944519 1.0633654594421387
v 0.38525712490081787 -0.31306764483451843 1.0868302583694458
v 0.47546762228012085 -0.3167157769203186 1.1380267143249512
v 0.5810483694076538 -0.3483911156654358 1.22445809841156
v 0.6921111345291138 -0.36899346113204956 1.2823771238327026
v 0.7766043543815613 -0.3771434426307678 1.2943921089172363
v 0.7927694916725159 -0.3467036783695221 1.1970585584640503
v 0.906918466091156 -0.36213627457618713 1.2418019771575928
v 0.9942852854728699 -0.3695725202560425 1.2442492246627808
v -0.8627240657806396 -0.3258323073387146 1.142322301864624
v -0.7824169397354126 -0.31320780515670776 1.1108318567276
v -0.9245896935462952 -0.4154024124145508 1.467128038406372
v -0.8169150352478027 -0.4056830108165741 1.4500685930252075
v -0.6689136028289795 -0.3776223957538605 1.3179295063018799
v -0.5737037658691406 -0.3653298020362854 1.2780264616012573
v -0.5321279168128967 -0.3917117118835449 1.3751200437545776
v -0.4272879958152771 -0.37555208802223206 1.3206642866134644
v -0.33768925070762634 -0.35717079043388367 1.2893409729003906
v -0.2532191872596741 -0.36114251613616943 1.3103511333465576
v -0.18767143785953522 -0.3858118951320648 1.3801463842391968
v -0.09546668827533722 -0.3542764186859131 1.2909832000732422
v -0.00863728765398264 -0.33976465463638306 1.2357507944107056
v 0.06330212205648422 -0.3339996933937073 1.2013285160064697
v 0.1374393254518509 -0.3432517647743225 1.2280025482177734
v 0.2042248547077179 -0.3258504867553711 1.1764219999313354
v 0.2589617967605591 -0.30214160680770874 1.1034862995147705
v 0.31520888209342957 -0.29805633425712585 1.062395691871643
v 0.39423292875289917 -0.310619056224823 1.0920555591583252
v 0.4927326738834381 -0.3175019323825836 1.162179946899414
v 0.5945844650268555 -0.3475121557712555 1.2348058223724365
v 0.7102324962615967 -0.3700682818889618 1.3011971712112427
v 0.7822394371032715 -0.37146902084350586 1.2907752990722656
v 0.8083381652832031 -0.34620311856269836 1.2077728509902954
v 0.9396206140518188 -0.3690822422504425 1.2756233215332031
v 1.0072824954986572 -0.359958291053772 1.2371621131896973
v -0.858018159866333 -0.32204723358154297 1.1432009935379028
v -0.7849773168563843 -0.3120090663433075 1.123772144317627
v -0.910418689250946 -0.40828195214271545 1.4595005512237549
v -0.81235671043396 -0.40325090289115906 1.4567188024520874
v -0.6592034697532654 -0.3729117810726166 1.3176888227462769
v -0.5673637390136719 -0.3623553216457367 1.2835838794708252
v -0.5245047807693481 -0.38756170868873596 1.3781416416168213
v -0.41733884811401367 -0.36942681670188904 1.3175262212753296
v -0.329021692276001 -0.35378915071487427 1.2948474884033203
v -0.24611525237560272 -0.35791799426078796 1.3159574270248413
v -0.1804022192955017 -0.3842734098434448 1.3904554843902588
v -0.08690059185028076 -0.35047584772109985 1.2927935123443604
v -0.0009329029708169401 -0.3330094516277313 1.2282246351242065
v 0.0695938989520073 -0.33107447624206543 1.2065073251724243
v 0.14600695669651031 -0.3399997353553772 1.2339924573898315
v 0.21061047911643982 -0.3198063373565674 1.173406720161438
v 0.26376622915267944 -0.2959822118282318 1.0969569683074951
v 0.32215842604637146 -0.2941751480102539 1.0625133514404297
v 0.4029645025730133 -0.3073732554912567 1.0965304374694824
v 0.5130269527435303 -0.3208017647266388 1.192449688911438
v 0.6072961091995239 -0.34573838114738464 1.2436940670013428
v 0.7264698147773743 -0.37058278918266296 1.318041443824768
v 0.7876678109169006 -0.3653186559677124 1.285142183303833
v 0.8245569467544556 -0.346186101436615 1.2190399169921875
v 0.9759336113929749 -0.3781459629535675 1.3172647953033447
v 1.0121145248413086 -0.3536222577095032 1.2224338054656982
v -0.8532218337059021 -0.3183000981807709 1.1436010599136353
v -0.7946163415908813 -0.31505087018013 1.147938847541809
v -0.8928020596504211 -0.39961886405944824 1.4476455450057983
v -0.8078481554985046 -0.4013315737247467 1.46255624294281
v -0.6490392088890076 -0.36817261576652527 1.3156715631484985
v -0.5630728602409363 -0.36053404211997986 1.2939883470535278
v -0.5167291164398193 -0.38376033306121826 1.3800511360168457
v -0.40898844599723816 -0.3636293113231659 1.315919041633606
v -0.3206161558628082 -0.35106104612350464 1.3018076419830322
v -0.23949645459651947 -0.35534051060676575 1.3229268789291382
v -0.17154920101165771 -0.3793591558933258 1.3915603160858154
v -0.07822168618440628 -0.34647953510284424 1.2930591106414795
v 0.006637099664658308 -0.3269408643245697 1.222596526145935
v 0.07612507790327072 -0.32830455899238586 1.212159514427185
v 0.1543521136045456 -0.33702102303504944 1.2403569221496582
v 0.21742704510688782 -0.3139830231666565 1.1722050905227661
v 0.26805177330970764 -0.2902035117149353 1.0899810791015625
v 0.3293524384498596 -0.2904469966888428 1.0638267993927002
v 0.4111657440662384 -0.30323317646980286 1.1002953052520752
v 0.5337753891944885 -0.3259824514389038 1.2238086462020874
v 0.6206228137016296 -0.3437685966491699 1.2527154684066772
v 0.7421453595161438 -0.37047699093818665 1.3328996896743774
v 0.7928956747055054 -0.3589145243167877 1.2788680791854858
v 0.8401663303375244 -0.34572017192840576 1.2270904779434204
v 1.0135715007781982 -0.3874278962612152 1.361256718635559
v -0.9188650250434875 -0.3106321692466736 1.1392161846160889
v -0.8479132056236267 -0.31453317403793335 1.1425482034683228
v -0.8108646273612976 -0.3223804831504822 1.1843698024749756
v -0.8774327635765076 -0.3911009430885315 1.439107060432434
v -0.8054355978965759 -0.4007315933704376 1.4708271026611328
v -0.638961911201477 -0.3633129298686981 1.3132519721984863
v -0.559978187084198 -0.3598612844944 1.30824613571167
v -0.5091828107833862 -0.3804512917995453 1.3835697174072266
v -0.4017125070095062 -0.3584855794906616 1.317211627960205
v -0.3132925033569336 -0.3488410711288452 1.309626817703247
v -0.23350870609283447 -0.3533994257450104 1.3315322399139404
v -0.16145171225070953 -0.37144333124160767 1.3833606243133545
v -0.06965470314025879 -0.3418743312358856 1.2923264503479004
v 0.014034260995686054 -0.32166150212287903 1.2190914154052734
v 0.08275160193443298 -0.325864315032959 1.2173163890838623
v 0.16225065290927887 -0.33369529247283936 1.2455518245697021
v 0.22523187100887299 -0.309035062789917 1.1734246015548706
v 0.2718711495399475 -0.28479236364364624 1.0839929580688477
v 0.3366353213787079 -0.28673702478408813 1.0655491352081299
v 0.418859601020813 -0.29823917150497437 1.1029502153396606
v 0.5536078810691833 -0.3314650356769562 1.2524572610855103
v 0.6343076229095459 -0.3425475060939789 1.2619229555130005
v 0.7578597068786621 -0.37037602066993713 1.3484735488891602
v 0.7992030382156372 -0.35320356488227844 1.2740763425827026
v 0.8551801443099976 -0.34424763917922974 1.2326016426086426
v 1.0504988431930542 -0.39494550228118896 1.4028282165527344
v -0.9105938076972961 -0.30919626355171204 1.1486353874206543
v -0.841341495513916 -0.31067365407943726 1.1399399042129517
v -0.828487753868103 -0.33116111159324646 1.2261476516723633
v -0.8176421523094177 -0.3661510944366455 1.3440824747085571
v -0.8046926856040955 -0.4006657600402832 1.4819777011871338
v -0.6294893026351929 -0.358474999666214 1.3109471797943115
v -0.5580400228500366 -0.3597366511821747 1.3242484331130981
v -0.5013738870620728 -0.37706854939460754 1.3891687393188477
v -0.3941783010959625 -0.3541722893714905 1.3221700191497803
v -0.30645549297332764 -0.3468998968601227 1.318843126296997
v -0.2275606244802475 -0.35170313715934753 1.3405896425247192
v -0.15073156356811523 -0.36145052313804626 1.3686769008636475
v -0.06123746931552887 -0.33649516105651855 1.2912667989730835
v 0.021264653652906418 -0.31739237904548645 1.218154788017273
v 0.0896061360836029 -0.32345789670944214 1.2227710485458374
v 0.17008060216903687 -0.3294491171836853 1.2489619255065918
v 0.23361754417419434 -0.30517324805259705 1.1768454313278198
v 0.2761945128440857 -0.2797560691833496 1.0808923244476318
v 0.344217985868454 -0.28346845507621765 1.0685627460479736
v 0.42631369829177856 -0.292634516954422 1.1040301322937012
v 0.5707643032073975 -0.33562320470809937 1.2763957977294922
v 0.6471753716468811 -0.3415433168411255 1.270255446434021
v 0.7733654975891113 -0.37007156014442444 1.3626484870910645
v 0.8085541129112244 -0.3497963845729828 1.2735564708709717
v 0.8698217868804932 -0.34203454852104187 1.2373707294464111
v 1.0842934846878052 -0.40088045597076416 1.4380570650100708
v -0.9002472162246704 -0.30367693305015564 1.1478773355484009
v -0.8354263305664062 -0.3067872226238251 1.1387619972229004
v -0.8439992070198059 -0.33884331583976746 1.263780117034912
v -0.8167354464530945 -0.3643307685852051 1.3493006229400635
v -0.803381085395813 -0.39975857734680176 1.4964005947113037
v -0.620458722114563 -0.35339510440826416 1.307964563369751
v -0.556877851486206 -0.35974588990211487 1.3406602144241333
v -0.49344703555107117 -0.3732362985610962 1.3943495750427246
v -0.38771960139274597 -0.3502315878868103 1.3290510177612305
v -0.29964083433151245 -0.34507325291633606 1.329864263534546
v -0.2214766889810562 -0.3501489460468292 1.3494406938552856
v -0.14021040499210358 -0.35041674971580505 1.3526344299316406
v -0.052853405475616455 -0.3302355706691742 1.2898913621902466
v 0.028236176818609238 -0.3138221800327301 1.2189053297042847
v 0.09659108519554138 -0.32087111473083496 1.2284605503082275
v 0.17784029245376587 -0.3250620365142822 1.2509609460830688
v 0.24192951619625092 -0.3017137944698334 1.1810845136642456
v 0.28253790736198425 -0.2761445939540863 1.0828934907913208
v 0.3520094156265259 -0.2807270884513855 1.073056936264038
v 0.4351436197757721 -0.2874107360839844 1.106705665588379
v 0.585384726524353 -0.3385542333126068 1.2941439151763916
v 0.6604574918746948 -0.34058183431625366 1.2779879570007324
v 0.7872800827026367 -0.36917635798454285 1.3723630905151367
v 0.8208531141281128 -0.34833839535713196 1.278932809829712
v 0.886311411857605 -0.3397752344608307 1.2466208934783936
v 1.1142590045928955 -0.4071102738380432 1.4680086374282837
v -0.8936083316802979 -0.3006104528903961 1.1472457647323608
v -0.8320508599281311 -0.3032431900501251 1.141676425933838
v -0.8551253080368042 -0.3438170552253723 1.2925665378570557
v -0.8165906667709351 -0.36323851346969604 1.361055612564087
v -0.7977665662765503 -0.39638474583625793 1.5085299015045166
v -0.611710786819458 -0.34796038269996643 1.304535150527954
v -0.5550260543823242 -0.35917389392852783 1.3549244403839111
v -0.48431167006492615 -0.3686479330062866 1.3958412408828735
v -0.3813777565956116 -0.3462740182876587 1.3357219696044922
v -0.29284989833831787 -0.3435051441192627 1.3431429862976074
v -0.2154194712638855 -0.34855949878692627 1.358174204826355
v -0.1302177459001541 -0.33971235156059265 1.3371217250823975
v -0.04444536194205284 -0.32391929626464844 1.2879202365875244
v 0.034768883138895035 -0.31029826402664185 1.221433162689209
v 0.1038677915930748 -0.3179270029067993 1.2340059280395508
v 0.18545834720134735 -0.3211056888103485 1.252679467201233
v 0.24969853460788727 -0.2980383634567261 1.1850998401641846
v 0.29103103280067444 -0.27482399344444275 1.0901601314544678
v 0.3600921630859375 -0.2779981791973114 1.0786515474319458
v 0.4477390944957733 -0.284044474363327 1.1175280809402466
v 0.5970689058303833 -0.33906206488609314 1.3059684038162231
v 0.6735659837722778 -0.33933737874031067 1.2863881587982178
v 0.7994795441627502 -0.36799246072769165 1.3780956268310547
v 0.8338618278503418 -0.3476090133190155 1.2874557971954346
v 0.9076715111732483 -0.3395361602306366 1.2639950513839722
v 1.139127492904663 -0.41163578629493713 1.49087655544281
v -0.8876664638519287 -0.2974206507205963 1.1472735404968262
v -0.8336862921714783 -0.30114442110061646 1.151590347290039
v -0.8622159957885742 -0.3465045392513275 1.314744472503662
v -0.8138881325721741 -0.3612407147884369 1.3698170185089111
v -0.7822121381759644 -0.3879922330379486 1.5050556659698486
v -0.6042987108230591 -0.34268662333488464 1.3037503957748413
v -0.5518907308578491 -0.35785427689552307 1.3666112422943115
v -0.47443288564682007 -0.3636547327041626 1.3937175273895264
v -0.3733718693256378 -0.34103864431381226 1.3394551277160645
v -0.2865220606327057 -0.34226739406585693 1.3575477600097656
v -0.20895567536354065 -0.34707605838775635 1.368647575378418
v -0.12111170589923859 -0.3305271863937378 1.3251392841339111
v -0.036234039813280106 -0.3184505105018616 1.2852752208709717
v 0.040996093302965164 -0.3069286048412323 1.2252668142318726
v 0.11137306690216064 -0.3148443400859833 1.2396973371505737
v 0.19248512387275696 -0.3170199990272522 1.25380539894104
v 0.25696566700935364 -0.2942819893360138 1.1890554428100586
v 0.30166327953338623 -0.27587956190109253 1.1043232679367065
v 0.36826860904693604 -0.27519872784614563 1.0842546224594116
v 0.46579793095588684 -0.28473567962646484 1.1418530941009521
v 0.6057407259941101 -0.33689382672309875 1.3101956844329834
v 0.6867848038673401 -0.3378552496433258 1.2942721843719482
v 0.8106414079666138 -0.3660699129104614 1.382013201713562
v 0.846118688583374 -0.3461705446243286 1.2964489459991455
v 0.9395866394042969 -0.3438706398010254 1.2973995208740234
v 1.1643905639648438 -0.41538119316101074 1.509643793106079
v -0.8815485835075378 -0.29430559277534485 1.147298812866211
v -0.8417682647705078 -0.3017147481441498 1.1715764999389648
v -0.8669711351394653 -0.34771230816841125 1.3335472345352173
v -0.8072918653488159 -0.3580666780471802 1.3737245798110962
v -0.7551711797714233 -0.3744836449623108 1.4759032726287842
v -0.5983628034591675 -0.33819106221199036 1.307122826576233
v -0.5475913286209106 -0.35569196939468384 1.375317096710205
v -0.46525856852531433 -0.35822004079818726 1.3922926187515259
v -0.3649400472640991 -0.33549633622169495 1.3401949405670166
v -0.28071585297584534 -0.3412311375141144 1.3710827827453613
v -0.20188134908676147 -0.344078928232193 1.3775595426559448
v -0.11269094049930573 -0.32281386852264404 1.3157939910888672
v -0.02836393564939499 -0.31348007917404175 1.2840343713760376
v 0.04722779244184494 -0.3039131164550781 1.2301052808761597
v 0.11917264014482498 -0.31200116872787476 1.246883511543274
v 0.19937372207641602 -0.31266462802886963 1.255233883857727
v 0.26455941796302795 -0.2914658486843109 1.1937352418899536
v 0.3145049810409546 -0.2781464457511902 1.1246848106384277
v 0.3767463266849518 -0.27244073152542114 1.0891886949539185
v 0.4882344901561737 -0.28979483246803284 1.1807537078857422
v 0.6139446496963501 -0.3333985209465027 1.3106151819229126
v 0.7006455063819885 -0.3365193009376526 1.3025461435317993
v 0.8203058838844299 -0.3630755543708801 1.381984829902649
v 0.8574932813644409 -0.3440258800983429 1.3023555278778076
v 0.9847885370254517 -0.3544822633266449 1.3541687726974487
v 1.1849334239959717 -0.4147399365901947 1.5219095945358276
v -0.8766086101531982 -0.2910690903663635 1.1483993530273438
v -0.8563132286071777 -0.3061130940914154 1.204123616218567
v -0.8700119853019714 -0.3474717140197754 1.349898338317871
v -0.796420693397522 -0.3533138334751129 1.3717659711837769
v -0.6575498580932617 -0.32738879323005676 1.2788264751434326
v -0.5943763256072998 -0.33493828773498535 1.3156988620758057
v -0.5430172681808472 -0.35295093059539795 1.3825528621673584
v -0.45825323462486267 -0.3529987931251526 1.394806146621704
v -0.3576224744319916 -0.33050814270973206 1.3415340185165405
v -0.27473005652427673 -0.3404045104980469 1.3811321258544922
v -0.19409017264842987 -0.3415338695049286 1.3855719566345215
v -0.10494112223386765 -0.3165103495121002 1.3094937801361084
v -0.020921707153320312 -0.308684766292572 1.2845118045806885
v 0.05354563146829605 -0.3010748624801636 1.2352677583694458
v 0.12760533392429352 -0.30947253108024597 1.2568671703338623
v 0.20708629488945007 -0.3091934621334076 1.2599389553070068
v 0.2738782465457916 -0.29107457399368286 1.2034239768981934
v 0.3287200927734375 -0.2810107171535492 1.1479750871658325
v 0.3846004009246826 -0.2693323791027069 1.092759370803833
v 0.5129716396331787 -0.2974105179309845 1.2282801866531372
v 0.623680830001831 -0.33024513721466064 1.313683032989502
v 0.7155280113220215 -0.3355868458747864 1.3133630752563477
v 0.8287253975868225 -0.3593074083328247 1.3796567916870117
v 0.8689652681350708 -0.3413579761981964 1.306607723236084
v 1.0403270721435547 -0.36967727541923523 1.4260473251342773
v 1.2027697563171387 -0.4119511842727661 1.5254799127578735
v -0.8732688426971436 -0.28851497173309326 1.1515692472457886
v -0.8747942447662354 -0.3122149705886841 1.2436162233352661
v -0.8717540502548218 -0.3465103805065155 1.3658947944641113
v -0.7822105884552002 -0.3469211757183075 1.363928198814392
v -0.6496601104736328 -0.32277336716651917 1.2795706987380981
v -0.5924111604690552 -0.3330661654472351 1.3298728466033936
v -0.5371532440185547 -0.34935450553894043 1.3888888359069824
v -0.45246273279190063 -0.3491049110889435 1.4021801948547363
v -0.3512440025806427 -0.3264658451080322 1.345058798789978
v -0.3186826705932617 -0.3870091438293457 1.6832388639450073
v -0.18590086698532104 -0.3391558527946472 1.3940885066986084
v -0.0978664755821228 -0.31098291277885437 1.3068909645080566
v -0.013850336894392967 -0.30427345633506775 1.285563349723816
v 0.059964511543512344 -0.2981818914413452 1.240893840789795
v 0.13637375831604004 -0.3078564703464508 1.2700629234313965
v 0.21583464741706848 -0.3075409531593323 1.2687504291534424
v 0.2857564091682434 -0.2930856943130493 1.2215670347213745
v 0.34296509623527527 -0.28410080075263977 1.1707135438919067
v 0.39149346947669983 -0.2655455768108368 1.0947368144989014
v 0.5373426675796509 -0.3046112060546875 1.2709611654281616
v 0.6358543634414673 -0.3280753791332245 1.319577693939209
v 0.7314450740814209 -0.33506909012794495 1.326373815536499
v 0.8383629322052002 -0.35598134994506836 1.378748893737793
v 0.8819010257720947 -0.3381136655807495 1.3099052906036377
v 1.102294921875 -0.38744601607322693 1.5044798851013184
v 1.222778558731079 -0.4027821719646454 1.5232539176940918
v -0.8724138736724854 -0.28658977150917053 1.1580332517623901
v -0.8921170234680176 -0.3182048797607422 1.2820175886154175
v -0.8731999397277832 -0.3451923131942749 1.3823281526565552
v -0.7663120627403259 -0.3389781415462494 1.3515336513519287
v -0.6404526829719543 -0.3178623914718628 1.2785009145736694
v -0.5921374559402466 -0.3324277102947235 1.3480281829833984
v -0.5308564305305481 -0.345261812210083 1.3949790000915527
v -0.44835036993026733 -0.34735843539237976 1.4164639711380005
v -0.3454938232898712 -0.3233524262905121 1.352569580078125
v -0.34991344809532166 -0.4206685721874237 1.9268909692764282
v -0.17750883102416992 -0.33632636070251465 1.4032537937164307
v -0.09153874963521957 -0.3061234652996063 1.307863712310791
v -0.006930705159902573 -0.30053219199180603 1.2879831790924072
v 0.06656576693058014 -0.29533830285072327 1.246951699256897
v 0.1452094316482544 -0.3074091076850891 1.2869560718536377
v 0.22646908462047577 -0.30761998891830444 1.283225417137146
v 0.29941079020500183 -0.29713889956474304 1.2481305599212646
v 0.35798513889312744 -0.2884874939918518 1.194784164428711
v 0.399329274892807 -0.2614421844482422 1.0963839292526245
v 0.5598886609077454 -0.3109503984451294 1.305750846862793
v 0.649455726146698 -0.32635006308555603 1.3272626399993896
v 0.7479467391967773 -0.3348429501056671 1.3398934602737427
v 0.8505523800849915 -0.35392388701438904 1.3825421333312988
v 0.898649275302887 -0.33524003624916077 1.3172773122787476
v 1.1668546199798584 -0.4066924750804901 1.5826736688613892
v 1.2446695566177368 -0.4016098082065582 1.5146026611328125
v -0.8768534064292908 -0.286081463098526 1.1697012186050415
v -0.9056946039199829 -0.32240110635757446 1.3142703771591187
v -0.8737397193908691 -0.34334486722946167 1.397419810295105
v -0.7493958473205566 -0.32989177107810974 1.336347222328186
v -0.6321789026260376 -0.31351450085639954 1.2790281772613525
v -0.5922393798828125 -0.332094669342041 1.3659690618515015
v -0.5238388776779175 -0.3405807316303253 1.4007089138031006
v -0.4458308219909668 -0.34753960371017456 1.4385461807250977
v -0.34020158648490906 -0.32114309072494507 1.3645124435424805
v -0.3364352583885193 -0.41117602586746216 1.885318398475647
v -0.1694081723690033 -0.33251872658729553 1.4116066694259644
v -0.0853671059012413 -0.30224111676216125 1.3122642040252686
v 1.8188895410276018e-05 -0.29779577255249023 1.2938154935836792
v 0.07322797924280167 -0.2927674353122711 1.2534561157226562
v 0.15447133779525757 -0.30826735496520996 1.3068972826004028
v 0.2394820749759674 -0.3094179034233093 1.3047280311584473
v 0.3134760558605194 -0.301989883184433 1.277843952178955
v 0.3738328218460083 -0.29280316829681396 1.22031831741333
v 0.41063129901885986 -0.25900790095329285 1.1054744720458984
v 0.5809749960899353 -0.316710889339447 1.3364880084991455
v 0.6630593538284302 -0.32465723156929016 1.3355584144592285
v 0.7649661302566528 -0.3354569971561432 1.353941559791565
v 0.8668584227561951 -0.35291677713394165 1.393287181854248
v 0.9184439182281494 -0.33286377787590027 1.3299894332885742
v 1.2289557456970215 -0.42370718717575073 1.65791916847229
v -0.9166931509971619 -0.27387356758117676 1.136777639389038
v -0.8891969919204712 -0.288405179977417 1.190259575843811
v -0.9149860739707947 -0.3244149386882782 1.3403689861297607
v -0.8722648620605469 -0.34066030383110046 1.4083855152130127
v -0.7331160306930542 -0.3208475112915039 1.323491096496582
v -0.6262586116790771 -0.30990734696388245 1.2829983234405518
v -0.5917665958404541 -0.3313044011592865 1.3807662725448608
v -0.5158012509346008 -0.3355865180492401 1.405118703842163
v -0.44442492723464966 -0.3484801650047302 1.4655977487564087
v -0.3354797065258026 -0.3201802968978882 1.381455659866333
v -0.30105072259902954 -0.3817834258079529 1.7053372859954834
v -0.16140414774417877 -0.3282080590724945 1.4180264472961426
v -0.07908991724252701 -0.2992188036441803 1.3191834688186646
v 0.007337215822190046 -0.295857310295105 1.3039884567260742
v 0.07994234561920166 -0.2903793752193451 1.2606642246246338
v 0.16440266370773315 -0.31047603487968445 1.3314921855926514
v 0.25499892234802246 -0.31325235962867737 1.3356890678405762
v 0.32861092686653137 -0.30780455470085144 1.3101048469543457
v 0.3883501887321472 -0.295062780380249 1.2432692050933838
v 0.4274784028530121 -0.25977808237075806 1.1285474300384521
v 0.6015126705169678 -0.32248654961586 1.3667888641357422
v 0.6760988235473633 -0.3223797380924225 1.3417185544967651
v 0.7827568054199219 -0.3369796574115753 1.3704460859298706
v 0.887101411819458 -0.3526236116886139 1.4111881256103516
v 0.9426085352897644 -0.33145520091056824 1.3484185934066772
v 1.2855424880981445 -0.43845048546791077 1.7280175685882568
v -0.9095662236213684 -0.27179938554763794 1.1411235332489014
v -0.9078618288040161 -0.2946504056453705 1.2258895635604858
v -0.9208820462226868 -0.324703186750412 1.3617864847183228
v -0.8677406907081604 -0.33692416548728943 1.4143351316452026
v -0.7187564969062805 -0.31274333596229553 1.3142783641815186
v -0.6235958337783813 -0.30684664845466614 1.292038917541504
v -0.5896371603012085 -0.32960212230682373 1.391916275024414
v -0.5093270540237427 -0.33120861649513245 1.4107277393341064
v -0.4420558214187622 -0.348428875207901 1.4906131029129028
v -0.3313441872596741 -0.32060134410858154 1.4036601781845093
v -0.24544364213943481 -0.3313238024711609 1.4099011421203613
v -0.15307281911373138 -0.3231276571750641 1.421882152557373
v -0.07305049151182175 -0.29757392406463623 1.3314350843429565
v 0.01512960810214281 -0.2948715090751648 1.3189778327941895
v 0.08668135851621628 -0.28783348202705383 1.2678587436676025
v 0.1758672147989273 -0.3138234317302704 1.3618119955062866
v 0.2722150385379791 -0.3188459277153015 1.3739991188049316
v 0.3463777005672455 -0.31545406579971313 1.3499987125396729
v 0.3996577262878418 -0.29461559653282166 1.2583341598510742
v 0.45158976316452026 -0.26560428738594055 1.1717264652252197
v 0.6221321821212769 -0.32799646258354187 1.3969390392303467
v 0.6885526180267334 -0.3195958137512207 1.3451859951019287
v 0.8016210198402405 -0.3390564024448395 1.389272689819336
v 0.9081202149391174 -0.3523106873035431 1.4328787326812744
v 0.9777534604072571 -0.33409735560417175 1.3829076290130615
v 1.3401210308074951 -0.45245030522346497 1.7945983409881592
v -0.903396487236023 -0.2678804099559784 1.1436563730239868
v -0.9296830892562866 -0.3026914596557617 1.270460605621338
v -0.9239924550056458 -0.32376280426979065 1.3797242641448975
v -0.8579474091529846 -0.33204323053359985 1.414143443107605
v -0.7066470384597778 -0.3059992492198944 1.3098607063293457
v -0.6242937445640564 -0.30464279651641846 1.3068978786468506
v -0.5862453579902649 -0.3276488482952118 1.4002845287322998
v -0.5043686628341675 -0.3276611268520355 1.420308232307434
v -0.4379703402519226 -0.3469069302082062 1.509329080581665
v -0.32804587483406067 -0.32237085700035095 1.430351734161377
v -0.24164123833179474 -0.330848753452301 1.431182622909546
v -0.1448211669921875 -0.31744664907455444 1.4213770627975464
v -0.06662460416555405 -0.2976611852645874 1.3504701852798462
v 0.022941045463085175 -0.2944422960281372 1.3374745845794678
v 0.09357760101556778 -0.2853272259235382 1.2761123180389404
v 0.18954497575759888 -0.3182898163795471 1.3980079889297485
v 0.2903904616832733 -0.3256404399871826 1.4149107933044434
v 0.36776605248451233 -0.32584384083747864 1.4026858806610107
v 0.40757104754447937 -0.29151836037635803 1.2620062828063965
v 0.4820880889892578 -0.2773648798465729 1.2348991632461548
v 0.6433566808700562 -0.3332017958164215 1.4288136959075928
v 0.7015348672866821 -0.3166445195674896 1.349216103553772
v 0.8215253949165344 -0.341175377368927 1.4098238945007324
v 0.9275985956192017 -0.35160765051841736 1.4528645277023315
v 1.0310683250427246 -0.34383922815322876 1.4460009336471558
v 1.395965576171875 -0.46522822976112366 1.8614916801452637
v -0.8989814519882202 -0.2643444538116455 1.1432420015335083
v -0.9516716599464417 -0.31016331911087036 1.3155748844146729
v -0.9251030087471008 -0.3219151794910431 1.3952676057815552
v -0.8428946733474731 -0.32541871070861816 1.407553791999817
v -0.6967310905456543 -0.30048227310180664 1.3079315423965454
v -0.6280012130737305 -0.30432578921318054 1.3303394317626953
v -0.5809758901596069 -0.3255067765712738 1.407100796699524
v -0.5005773305892944 -0.3256262242794037 1.4357647895812988
v -0.43172335624694824 -0.3435666859149933 1.5211141109466553
v -0.325458288192749 -0.3254115581512451 1.460524320602417
v -0.23676252365112305 -0.33071205019950867 1.4602863788604736
v -0.13720574975013733 -0.31199610233306885 1.4188518524169922
v -0.05892036482691765 -0.299915611743927 1.3777186870574951
v 0.03061811812222004 -0.29396525025367737 1.3537230491638184
v 0.10112479329109192 -0.28414273262023926 1.288834810256958
v 0.20465800166130066 -0.32377874851226807 1.437035083770752
v 0.3083026111125946 -0.3330621123313904 1.4552552700042725
v 0.39257365465164185 -0.3379608392715454 1.4644155502319336
v 0.4129078686237335 -0.2861064374446869 1.2551010847091675
v 0.51739102602005 -0.29330769181251526 1.309160828590393
v 0.6641036868095398 -0.33662039041519165 1.459159016609192
v 0.7159355282783508 -0.3144964277744293 1.358173131942749
v 0.841819167137146 -0.3429715633392334 1.4319707155227661
v 0.9472442269325256 -0.3505345284938812 1.471366286277771
v 1.1049518585205078 -0.363669753074646 1.5431113243103027
v 1.4471269845962524 -0.4779382050037384 1.922399640083313
v -0.8965066075325012 -0.2608645558357239 1.145995020866394
v -0.9717196822166443 -0.31586310267448425 1.3575845956802368
v -0.924308180809021 -0.31964632868766785 1.4090795516967773
v -0.8237824440002441 -0.31733018159866333 1.3940906524658203
v -0.6873304843902588 -0.2952561378479004 1.305518627166748
v -0.6337676048278809 -0.3055169880390167 1.3606107234954834
v -0.6502467393875122 -0.38149765133857727 1.7790637016296387
v -0.4979003369808197 -0.32546693086624146 1.4577909708023071
v -0.42421990633010864 -0.3392395079135895 1.526681661605835
v -0.3224741816520691 -0.3285485804080963 1.4903205633163452
v -0.23113730549812317 -0.3314560651779175 1.4898202419281006
v -0.13049307465553284 -0.3080903887748718 1.4201581478118896
v -0.05021107196807861 -0.3031798005104065 1.4109046459197998
v 0.03805278614163399 -0.2924789488315582 1.3640797138214111
v 0.10980100929737091 -0.2842111587524414 1.3088409900665283
v 0.2200249433517456 -0.3288271129131317 1.4752026796340942
v 0.3257627785205841 -0.34019502997398376 1.4949992895126343
v 0.4189499616622925 -0.34990838170051575 1.5272269248962402
v 0.4170224070549011 -0.27892595529556274 1.244545340538025
v 0.5543563961982727 -0.3079124093055725 1.3831663131713867
v 0.6833621859550476 -0.33792614936828613 1.4834282398223877
v 0.7321021556854248 -0.31313055753707886 1.3714234828948975
v 0.8615638613700867 -0.34395331144332886 1.4528735876083374
v 0.9699773192405701 -0.3501586616039276 1.4912278652191162
v 1.1940298080444336 -0.39010894298553467 1.663203477859497
v 1.5037466287612915 -0.49190202355384827 1.9827104806900024
v -0.8968679308891296 -0.25797581672668457 1.1526801586151123
v -0.9875332713127136 -0.31885388493537903 1.3921656608581543
v -0.9217197299003601 -0.31712040305137634 1.4208526611328125
v -0.8024253845214844 -0.30810603499412537 1.3749263286590576
v -0.6780009269714355 -0.2900867760181427 1.302219271659851
v -0.6406184434890747 -0.30807945132255554 1.3947505950927734
v -0.7592872381210327 -0.45364657044410706 1.9394707679748535
v -0.4972603917121887 -0.32670265436172485 1.4855773448944092
v -0.41758233308792114 -0.33540767431259155 1.5308130979537964
v -0.31782692670822144 -0.3305824100971222 1.5169918537139893
v -0.22464130818843842 -0.33258163928985596 1.5188500881195068
v -0.12432768195867538 -0.3064953088760376 1.4324089288711548
v -0.04133123904466629 -0.306455135345459 1.4428393840789795
v 0.04528439790010452 -0.29088833928108215 1.3724340200424194
v 0.12005500495433807 -0.28554558753967285 1.335829496383667
v 0.23540981113910675 -0.33270013332366943 1.5108740329742432
v 0.3431876301765442 -0.3459884226322174 1.536130666732788
v 0.4442625641822815 -0.3595978021621704 1.5846447944641113
v 0.42314276099205017 -0.2725650370121002 1.2394764423370361
v 0.5873280763626099 -0.3189220428466797 1.440760850906372
v 0.7002547979354858 -0.33801791071891785 1.5008060932159424
v 0.7506610155105591 -0.3134832978248596 1.3895726203918457
v 0.8811061978340149 -0.3445439636707306 1.4720667600631714
v 0.9968201518058777 -0.35119879245758057 1.5155888795852661
v 1.286055326461792 -0.41885632276535034 1.7887601852416992
v 1.551283597946167 -0.4993577301502228 2.0354561805725098
v -0.9033657312393188 -0.255868524312973 1.1672072410583496
v -0.9965828061103821 -0.31882351636886597 1.416034460067749
v -0.9186164140701294 -0.31412994861602783 1.430511474609375
v -0.7819249033927917 -0.2988165616989136 1.355573058128357
v -0.6686038970947266 -0.2849338948726654 1.2984684705734253
v -0.6470428705215454 -0.31135866045951843 1.4284336566925049
v -0.6543581485748291 -0.38558632135391235 1.8729063272476196
v -0.4983465075492859 -0.3290632665157318 1.516402244567871
v -0.41197165846824646 -0.3327684700489044 1.540419578552246
v -0.3114500641822815 -0.33110666275024414 1.5355658531188965
v -0.2186512053012848 -0.3348981738090515 1.5484662055969238
v -0.11873269826173782 -0.3071640431880951 1.4571764469146729
v -0.03268078714609146 -0.3078896999359131 1.4678713083267212
v 0.052909087389707565 -0.2898055911064148 1.3838396072387695
v 0.13161912560462952 -0.28853127360343933 1.368086814880371
v 0.2510526180267334 -0.3357052206993103 1.5432578325271606
v 0.36146241426467896 -0.35113435983657837 1.5785759687423706
v 0.4682265520095825 -0.36776742339134216 1.6354351043701172
v 0.43241646885871887 -0.2682396471500397 1.2451021671295166
v 0.6120181083679199 -0.3249398171901703 1.479109525680542
v 0.7154290676116943 -0.3368624448776245 1.5118199586868286
v 0.7726255059242249 -0.3160841464996338 1.412419080734253
v 0.9026355147361755 -0.3458162546157837 1.49257230758667
v 1.0252851247787476 -0.3533143997192383 1.5442085266113281
v 1.3691595792770386 -0.44428491592407227 1.8999491930007935
v 1.972652792930603 -0.6297292113304138 2.480762481689453
v -0.9178293347358704 -0.2563280761241913 1.192519187927246
v -0.9986528158187866 -0.3158115744590759 1.429105281829834
v -0.9150959253311157 -0.3108789920806885 1.4389517307281494
v -0.7643637657165527 -0.2903527021408081 1.3401795625686646
v -0.6601027250289917 -0.27964773774147034 1.2959692478179932
v -0.6525815725326538 -0.3147796094417572 1.4597148895263672
v -0.5647515058517456 -0.31508105993270874 1.4574600458145142
v -0.4991772472858429 -0.3322564959526062 1.548219919204712
v -0.4064919948577881 -0.33121633529663086 1.5558010339736938
v -0.3047342896461487 -0.33380362391471863 1.5511531829833984
v -0.21326638758182526 -0.3382417559623718 1.581141710281372
v -0.11333929002285004 -0.3101074695587158 1.4901690483093262
v -0.024454083293676376 -0.3071524202823639 1.4841036796569824
v 0.0612238273024559 -0.29010897874832153 1.4006612300872803
v 0.14432527124881744 -0.2936813235282898 1.4092931747436523
v 0.26744696497917175 -0.3384036719799042 1.575668215751648
v 0.3807404935359955 -0.35730427503585815 1.6222549676895142
v 0.49380728602409363 -0.3764701187610626 1.688739538192749
v 0.4469617009162903 -0.2679384648799896 1.2640553712844849
v 0.6281577348709106 -0.32586565613746643 1.4985510110855103
v 0.7295194268226624 -0.33487311005592346 1.520003080368042
v 0.7979844808578491 -0.32055914402008057 1.441645622253418
v 0.9276525974273682 -0.34735745191574097 1.5204098224639893
v 1.0589090585708618 -0.35680001974105835 1.5791484117507935
v 1.4427425861358643 -0.46379610896110535 1.993851900100708
v 2.0418519973754883 -0.6330929398536682 2.4962520599365234
v -0.9409890174865723 -0.26150622963905334 1.2327189445495605
v -0.9957048892974854 -0.3108564019203186 1.4340213537216187
v -0.9112190008163452 -0.3076656460762024 1.4459460973739624
v -0.7501200437545776 -0.2829037010669708 1.3278837203979492
v -0.6529037952423096 -0.2737133204936981 1.2954989671707153
v -0.6564404964447021 -0.31718751788139343 1.488331913948059
v -0.5611122846603394 -0.3109152615070343 1.4735617637634277
v -0.49886801838874817 -0.33554649353027344 1.579688310623169
v -0.40149322152137756 -0.3311461806297302 1.5743606090545654
v -0.29942432045936584 -0.33863571286201477 1.5734204053878784
v -0.20747211575508118 -0.34175634384155273 1.6151714324951172
v -0.10810090601444244 -0.3145919442176819 1.5282683372497559
v -0.016329413279891014 -0.3051411807537079 1.4948819875717163
v 0.07013320922851562 -0.2921693027019501 1.4232399463653564
v 0.1580173522233963 -0.3009718060493469 1.4598742723464966
v 0.2846202552318573 -0.3410983085632324 1.6086633205413818
v 0.4003456234931946 -0.3639334440231323 1.6681069135665894
v 0.5203417539596558 -0.3856801986694336 1.746801495552063
v 0.4672439694404602 -0.2720811367034912 1.2971136569976807
v 0.6430323123931885 -0.3246709108352661 1.512296438217163
v 0.7431170344352722 -0.3330908715724945 1.5262582302093506
v 0.8252843618392944 -0.32580021023750305 1.4745676517486572
v 0.9548346400260925 -0.3493683636188507 1.5542832612991333
v 1.1019668579101562 -0.3638167083263397 1.6281287670135498
v 1.5115752220153809 -0.47814393043518066 2.081845283508301
v 2.1180784702301025 -0.6416428089141846 2.5251495838165283
v -0.970751941204071 -0.27313390374183655 1.2886717319488525
v -0.9907703399658203 -0.3052070736885071 1.436861515045166
v -0.9061564803123474 -0.3046746850013733 1.452155351638794
v -0.7386142015457153 -0.27619755268096924 1.318769097328186
v -0.6487062573432922 -0.26846691966056824 1.2994964122772217
v -0.6577218770980835 -0.31795528531074524 1.510858178138733
v -0.5581458806991577 -0.307243674993515 1.4916497468948364
v -0.49777206778526306 -0.3382589817047119 1.6119521856307983
v -0.39737963676452637 -0.3322206139564514 1.595841646194458
v -0.2962445616722107 -0.34511345624923706 1.6079051494598389
v -0.20037730038166046 -0.34468263387680054 1.646862506866455
v -0.1024852991104126 -0.319524884223938 1.5683670043945312
v -0.008191716857254505 -0.3035876750946045 1.5062429904937744
v 0.07956792414188385 -0.2955601215362549 1.4531444311141968
v 0.17285266518592834 -0.3091525733470917 1.5157990455627441
v 0.3019086718559265 -0.3438754379749298 1.6419296264648438
v 0.4175606966018677 -0.3665841817855835 1.703019618988037
v 0.5440641641616821 -0.39273616671562195 1.7954293489456177
v 0.4925168454647064 -0.27892082929611206 1.3451392650604248
v 0.6594834327697754 -0.3240484893321991 1.5294504165649414
v 0.7586263418197632 -0.3318285346031189 1.5351366996765137
v 0.8535743355751038 -0.3308101296424866 1.5104866027832031
v 0.9835855960845947 -0.35234421491622925 1.5884785652160645
v 1.1562492847442627 -0.3715384304523468 1.6949843168258667
v 1.5774774551391602 -0.4911642372608185 2.1661224365234375
v -0.9471224546432495 -0.23829145729541779 1.1124790906906128
v -1.225376844406128 -0.36733704805374146 1.6435797214508057
v -0.9865742325782776 -0.30032679438591003 1.4416149854660034
v -0.8991587162017822 -0.3010980486869812 1.4561883211135864
v -0.7297940254211426 -0.27012285590171814 1.3147319555282593
v -0.6510573625564575 -0.2661178708076477 1.3134546279907227
v -0.656254768371582 -0.3166021406650543 1.5263793468475342
v -0.5554887056350708 -0.3066049814224243 1.5143487453460693
v -0.4961017668247223 -0.34044507145881653 1.6447677612304688
v -0.39456310868263245 -0.33407047390937805 1.6228511333465576
v -0.2957707345485687 -0.35238131880760193 1.64913010597229
v -0.19187968969345093 -0.34615930914878845 1.6741198301315308
v -0.09566064178943634 -0.3242574632167816 1.607231616973877
v 0.00010816779104061425 -0.3033781945705414 1.5221288204193115
v 0.08987752348184586 -0.3000321686267853 1.4910181760787964
v 0.1886243373155594 -0.3170383870601654 1.5715937614440918
v 0.3191913366317749 -0.34604665637016296 1.6752188205718994
v 0.43403905630111694 -0.3673866093158722 1.7298716306686401
v 0.5615297555923462 -0.39674267172813416 1.8225886821746826
v 0.5204066038131714 -0.2852621078491211 1.3984928131103516
v 0.6782354116439819 -0.32402274012565613 1.5522961616516113
v 0.7775556445121765 -0.33136454224586487 1.5515607595443726
v 0.883320689201355 -0.33583468198776245 1.5504043102264404
v 1.011897325515747 -0.3542010188102722 1.6194868087768555
v 1.2270119190216064 -0.38700148463249207 1.7845900058746338
v 1.6398900747299194 -0.5022797584533691 2.2417776584625244
v -0.933825671672821 -0.23471440374851227 1.1254619359970093
v -1.236504077911377 -0.36959561705589294 1.674004077911377
v -0.9842008948326111 -0.2967627942562103 1.4495766162872314
v -0.8868991136550903 -0.29437825083732605 1.4482040405273438
v -0.7230587005615234 -0.26475536823272705 1.314220905303955
v -0.662204921245575 -0.26828303933143616 1.3464711904525757
v -0.6527400612831116 -0.31494686007499695 1.5398552417755127
v -0.5556832551956177 -0.30884844064712524 1.5425409078598022
v -0.4931647479534149 -0.34206172823905945 1.675575613975525
v -0.391658216714859 -0.33616945147514343 1.6520079374313354
v -0.2954789400100708 -0.3568432033061981 1.6900408267974854
v -0.18249736726284027 -0.3456162214279175 1.696210503578186
v -0.08760245889425278 -0.3289579749107361 1.6454932689666748
v 0.008514471352100372 -0.30403608083724976 1.5432512760162354
v 0.10134711116552353 -0.30539029836654663 1.5340898036956787
v 0.20543357729911804 -0.324786901473999 1.627431035041809
v 0.3360626697540283 -0.34749430418014526 1.7071444988250732
v 0.4518503248691559 -0.36811867356300354 1.757071614265442
v 0.5740385055541992 -0.3952501118183136 1.831396460533142
v 0.5496938228607178 -0.29136916995048523 1.4484689235687256
v 0.6982311010360718 -0.325222909450531 1.5793622732162476
v 0.8010703325271606 -0.33270713686943054 1.5775740146636963
v 0.9146980047225952 -0.3407015800476074 1.5935959815979004
v 1.0387815237045288 -0.3537105917930603 1.6472439765930176
v 1.312301516532898 -0.40789902210235596 1.8934872150421143
v 1.7039690017700195 -0.5130314826965332 2.3143155574798584
v -0.9308685064315796 -0.22754612565040588 1.1282634735107422
v -1.0546132326126099 -0.3002043068408966 1.4427822828292847
v -0.9844837784767151 -0.2948065996170044 1.4611114263534546
v -0.8642210960388184 -0.2828138470649719 1.4202864170074463
v -0.7180169820785522 -0.2600671350955963 1.317260503768921
v -0.6814171075820923 -0.27635905146598816 1.4010909795761108
v -0.6460541486740112 -0.3129463195800781 1.5480639934539795
v -0.5584423542022705 -0.3134281635284424 1.5788511037826538
v -0.4901511073112488 -0.34379854798316956 1.7047641277313232
v -0.38810092210769653 -0.33916255831718445 1.6813989877700806
v -0.294247031211853 -0.36086001992225647 1.7344577312469482
v -0.1741262823343277 -0.3446776568889618 1.7169177532196045
v -0.07853999733924866 -0.33394721150398254 1.6854956150054932
v 0.016983915120363235 -0.3050203025341034 1.568207025527954
v 0.11514686793088913 -0.312494695186615 1.584890604019165
v 0.22376185655593872 -0.3331267833709717 1.687633752822876
v 0.3523058593273163 -0.3483997881412506 1.736418604850769
v 0.47154027223587036 -0.3694855868816376 1.7899518013000488
v 0.5783248543739319 -0.3867163062095642 1.8128759860992432
v 0.5785905718803406 -0.29734286665916443 1.4950273036956787
v 0.7174124717712402 -0.3257862329483032 1.6053974628448486
v 0.830730140209198 -0.3367568552494049 1.6159334182739258
v 0.9470717906951904 -0.3451482057571411 1.640127420425415
v 1.0681120157241821 -0.35318082571029663 1.678918719291687
v 1.4049044847488403 -0.43274545669555664 2.0166471004486084
v 1.9474351406097412 -0.5339516401290894 2.34309983253479
v -0.9361481666564941 -0.22302377223968506 1.1336393356323242
v -1.0714343786239624 -0.3012465238571167 1.4749027490615845
v -0.9869579672813416 -0.2939700484275818 1.4775980710983276
v -0.8368947505950928 -0.2680995762348175 1.3817728757858276
v -0.7154616117477417 -0.25592467188835144 1.3239455223083496
v -0.7043169736862183 -0.28858640789985657 1.471652626991272
v -0.7338663935661316 -0.37843480706214905 2.034369707107544
v -0.5633193254470825 -0.3188786506652832 1.6219429969787598
v -0.48753246665000916 -0.34605851769447327 1.734473466873169
v -0.3846943974494934 -0.34329962730407715 1.7145795822143555
v -0.2914242148399353 -0.36611706018447876 1.7850385904312134
v -0.1666133552789688 -0.34547603130340576 1.7390366792678833
v -0.06920529156923294 -0.3378090262413025 1.7261022329330444
v 0.02611692249774933 -0.30790090560913086 1.6017520427703857
v 0.13060717284679413 -0.32125216722488403 1.6460011005401611
v 0.2440813183784485 -0.3431226909160614 1.7517526149749756
v 0.36852145195007324 -0.35003897547721863 1.7642316818237305
v 0.49444955587387085 -0.37330472469329834 1.833554744720459
v 0.5817495584487915 -0.3762015104293823 1.7912286520004272
v 0.6062510013580322 -0.30238309502601624 1.5403896570205688
v 0.7356815338134766 -0.32524290680885315 1.6251425743103027
v 0.8674094080924988 -0.3440842032432556 1.6700873374938965
v 0.9793323278427124 -0.3482281267642975 1.6833328008651733
v 1.1040055751800537 -0.35653719305992126 1.720651388168335
v 1.50490140914917 -0.45991596579551697 2.15082049369812
v 2.467120885848999 -0.7313672304153442 3.0985512733459473
v -0.9468095898628235 -0.22115910053253174 1.1512417793273926
v -1.084356665611267 -0.3004223704338074 1.5017352104187012
v -0.9911383390426636 -0.2936682105064392 1.498525857925415
v -0.8120036125183105 -0.25519758462905884 1.3484634160995483
v -0.7156033515930176 -0.2519817650318146 1.3337231874465942
v -0.7279684543609619 -0.3013516664505005 1.5479414463043213
v -0.6315674781799316 -0.302786648273468 1.5535093545913696
v -0.567321240901947 -0.3232773542404175 1.6642961502075195
v -0.4852343201637268 -0.3499498963356018 1.7680113315582275
v -0.3821663558483124 -0.3476284444332123 1.7531815767288208
v -0.2888523042201996 -0.3708515763282776 1.8337750434875488
v -0.15972061455249786 -0.34936442971229553 1.7751386165618896
v -0.060137730091810226 -0.33971261978149414 1.7654314041137695
v 0.03722016140818596 -0.31373414397239685 1.647432804107666
v 0.14653538167476654 -0.32979345321655273 1.7126435041427612
v 0.26505428552627563 -0.3521941304206848 1.8158929347991943
v 0.3851681351661682 -0.35296630859375 1.7981762886047363
v 0.5201766490936279 -0.37915459275245667 1.8882579803466797
v 0.587706446647644 -0.3667583465576172 1.7764450311660767
v 0.6322821378707886 -0.30643099546432495 1.5846202373504639
v 0.752437174320221 -0.32421451807022095 1.6377334594726562
v 0.9102540016174316 -0.3538891673088074 1.7377004623413086
v 1.0086309909820557 -0.35145655274391174 1.7183330059051514
v 1.1618478298187256 -0.36872878670692444 1.7985022068023682
v 1.60198974609375 -0.48492148518562317 2.287208080291748
v 2.4461069107055664 -0.7086170315742493 3.076150894165039
v -1.087746500968933 -0.29162874817848206 1.6228618621826172
v -1.0980039834976196 -0.3012568950653076 1.5297197103500366
v -0.9970367550849915 -0.2942529618740082 1.5231475830078125
v -0.7962207794189453 -0.24632342159748077 1.3324320316314697
v -0.7194004058837891 -0.24864782392978668 1.3487834930419922
v -0.7491819858551025 -0.31394559144973755 1.6239513158798218
v -0.631034255027771 -0.30237749218940735 1.5751497745513916
v -0.5684401392936707 -0.3260619640350342 1.701484203338623
v -0.4850139021873474 -0.355897456407547 1.8107056617736816
v -0.3798331022262573 -0.351192831993103 1.794991135597229
v -0.28416207432746887 -0.375215083360672 1.8805781602859497
v -0.1538633406162262 -0.35604357719421387 1.8291314840316772
v -0.05167527496814728 -0.3399554193019867 1.800912857055664
v 0.051513295620679855 -0.32304057478904724 1.710851788520813
v 0.16315731406211853 -0.33636489510536194 1.7776166200637817
v 0.286295086145401 -0.35990336537361145 1.8758857250213623
v 0.40320494771003723 -0.35813310742378235 1.8424080610275269
v 0.5490865111351013 -0.3877406120300293 1.953624963760376
v 0.5967170000076294 -0.3583639860153198 1.7744734287261963
v 0.656591534614563 -0.30927491188049316 1.6253900527954102
v 0.768676221370697 -0.3232596814632416 1.6473288536071777
v 0.9567229151725769 -0.3659090995788574 1.809950590133667
v 1.0332674980163574 -0.3520435094833374 1.7451889514923096
v 1.2353261709213257 -0.3848992586135864 1.8998326063156128
v 2.2338597774505615 -0.6815892457962036 3.0384714603424072
v 2.3953068256378174 -0.6759127974510193 3.026221513748169
v -1.2715187072753906 -0.3613426387310028 1.7072079181671143
v -1.1122359037399292 -0.3026044964790344 1.5598196983337402
v -1.0037227869033813 -0.295246958732605 1.5497280359268188
v -0.7891834378242493 -0.2404981106519699 1.3290488719940186
v -0.7276706099510193 -0.24767041206359863 1.3750128746032715
v -0.7678359150886536 -0.3244170844554901 1.6953767538070679
v -0.6379940509796143 -0.30710116028785706 1.617028832435608
v -0.568359375 -0.32861217856407166 1.7355809211730957
v -0.4904264211654663 -0.3645397424697876 1.8693888187408447
v -0.3778137266635895 -0.35454413294792175 1.8415498733520508
v -0.27661535143852234 -0.37995004653930664 1.9285902976989746
v -0.14895892143249512 -0.3647380471229553 1.8950181007385254
v -0.042641595005989075 -0.33897149562835693 1.8289170265197754
v 0.06780369579792023 -0.33557847142219543 1.7928051948547363
v 0.17903296649456024 -0.34091639518737793 1.8342875242233276
v 0.3084014058113098 -0.3663404881954193 1.9335095882415771
v 0.42276355624198914 -0.3633800148963928 1.8884990215301514
v 0.5806329250335693 -0.39741119742393494 2.0272178649902344
v 0.6079049110412598 -0.35169854760169983 1.782355546951294
v 0.6769722700119019 -0.3110252618789673 1.6574342250823975
v 0.786602795124054 -0.3231136202812195 1.6584416627883911
v 1.0033516883850098 -0.3751552402973175 1.879784345626831
v 1.048818826675415 -0.3492729067802429 1.7553660869598389
v 1.3059310913085938 -0.3992568552494049 1.9909172058105469
v 2.2443888187408447 -0.6722027063369751 3.0601744651794434
v 2.392164468765259 -0.657751202583313 2.980947256088257
v -1.1650581359863281 -0.3103054463863373 1.7426326274871826
v -1.124786376953125 -0.30439069867134094 1.5893398523330688
v -1.0110636949539185 -0.2968778908252716 1.578892707824707
v -0.7914894819259644 -0.23824729025363922 1.3419098854064941
v -0.7429815530776978 -0.2520720362663269 1.4206528663635254
v -0.7832447290420532 -0.33282598853111267 1.7593705654144287
v -0.6484392881393433 -0.3168748617172241 1.6779885292053223
v -0.5653135776519775 -0.3302026689052582 1.7663424015045166
v -0.5002845525741577 -0.3760778307914734 1.9417359828948975
v -0.37719962000846863 -0.3590243458747864 1.8953804969787598
v -0.2688368558883667 -0.3888896703720093 1.9902194738388062
v -0.1436835676431656 -0.37385064363479614 1.9649224281311035
v -0.031943392008543015 -0.3380477726459503 1.8519628047943115
v 0.08620743453502655 -0.3532177805900574 1.890486240386963
v 0.19437378644943237 -0.3458244502544403 1.880890965461731
v 0.33226698637008667 -0.3737468123435974 1.9944287538528442
v 0.44337376952171326 -0.36657872796058655 1.9294971227645874
v 0.6159887313842773 -0.4110563397407532 2.110687732696533
v 0.622344970703125 -0.3468081057071686 1.7954230308532715
v 0.6932238936424255 -0.31127768754959106 1.6783292293548584
v 0.8091806173324585 -0.3239469826221466 1.6774507761001587
v 1.0464427471160889 -0.381675124168396 1.941672444343567
v 1.0586878061294556 -0.3436427712440491 1.7570555210113525
v 1.3758763074874878 -0.41165295243263245 2.0760204792022705
v 2.2529187202453613 -0.6589815616607666 3.0665504932403564
v 2.419182777404785 -0.6453180313110352 2.955235719680786
v -1.0929765701293945 -0.26176390051841736 1.421586513519287
v -1.133556604385376 -0.3055325448513031 1.6171619892120361
v -1.0201005935668945 -0.2991732656955719 1.609760046005249
v -0.8020442724227905 -0.24000465869903564 1.3725414276123047
v -0.7665406465530396 -0.2629520893096924 1.4868266582489014
v -0.7969890236854553 -0.3398924767971039 1.8200047016143799
v -0.6586374044418335 -0.32397302985191345 1.7405896186828613
v -0.5618220567703247 -0.33085566759109497 1.793836236000061
v -0.5085883736610413 -0.3878762722015381 2.016138792037964
v -0.37561413645744324 -0.36398792266845703 1.952793002128601
v -0.26281702518463135 -0.39368966221809387 2.0513765811920166
v -0.13735829293727875 -0.38007721304893494 2.029062032699585
v -0.020684825256466866 -0.33985111117362976 1.8815734386444092
v 0.1055377796292305 -0.3687255382537842 1.995093822479248
v 0.20974692702293396 -0.3492943048477173 1.9245799779891968
v 0.3568410277366638 -0.3814379572868347 2.057129383087158
v 0.46393948793411255 -0.3668391704559326 1.961090326309204
v 0.6536373496055603 -0.42381224036216736 2.2003188133239746
v 0.639867901802063 -0.34304025769233704 1.8131248950958252
v 0.7067446708679199 -0.3099993169307709 1.6902527809143066
v 0.8377828001976013 -0.32723352313041687 1.7132635116577148
v 1.0842944383621216 -0.38532590866088867 1.9941831827163696
v 1.0660343170166016 -0.33618801832199097 1.7540428638458252
v 1.5718815326690674 -0.4312036633491516 2.134603500366211
v 2.289633274078369 -0.6504930853843689 3.098194122314453
v 2.449336290359497 -0.6358593702316284 2.9422450065612793
v -1.1426377296447754 -0.2815229594707489 1.5044406652450562
v -1.1414967775344849 -0.3063898980617523 1.643355369567871
v -1.0321089029312134 -0.30337852239608765 1.6452248096466064
v -0.8201631307601929 -0.24673864245414734 1.4245569705963135
v -0.7964075207710266 -0.27913162112236023 1.5724053382873535
v -0.8063496947288513 -0.34699001908302307 1.8744040727615356
v -0.6655499935150146 -0.32736122608184814 1.7938642501831055
v -0.5596466064453125 -0.33151882886886597 1.8232324123382568
v -0.5136411786079407 -0.3939093351364136 2.081421375274658
v -0.37341633439064026 -0.36916401982307434 2.010098457336426
v -0.255445271730423 -0.3978792130947113 2.111847162246704
v -0.13010208308696747 -0.38556787371635437 2.0880274772644043
v -0.00851114559918642 -0.3469240069389343 1.9330617189407349
v 0.12598198652267456 -0.3842358887195587 2.1049752235412598
v 0.22585171461105347 -0.35373246669769287 1.9708075523376465
v 0.38078489899635315 -0.38771429657936096 2.117325782775879
v 0.4841279685497284 -0.36632877588272095 1.9893163442611694
v 0.6852426528930664 -0.43264588713645935 2.2679429054260254
v 0.6594071388244629 -0.33960434794425964 1.8338627815246582
v 0.7189947962760925 -0.30691808462142944 1.695679783821106
v 0.8747203350067139 -0.3334975838661194 1.7730162143707275
v 1.122651219367981 -0.3881279230117798 2.0418968200683594
v 1.0722692012786865 -0.32839253544807434 1.7469327449798584
v 2.3314027786254883 -0.6997315287590027 3.3082542419433594
v 2.338768243789673 -0.6465625762939453 3.136915683746338
v -1.1613744497299194 -0.24410322308540344 1.219971776008606
v -1.187687873840332 -0.29724666476249695 1.5782465934753418
v -1.1508139371871948 -0.3081256151199341 1.6707189083099365
v -1.0434433221817017 -0.3093379735946655 1.6852807998657227
v -0.8437837958335876 -0.2571016848087311 1.4894673824310303
v -0.833404541015625 -0.3004721403121948 1.6743855476379395
v -0.8063857555389404 -0.3476428985595703 1.908024549484253
v -0.6702390909194946 -0.33287206292152405 1.8458813428878784
v -0.5587169528007507 -0.3333278298377991 1.8603931665420532
v -0.5143585801124573 -0.39566248655319214 2.1321067810058594
v -0.3718944191932678 -0.3736926019191742 2.0663931369781494
v -0.24627691507339478 -0.3952416181564331 2.1471431255340576
v -0.12194013595581055 -0.39167916774749756 2.1493372917175293
v 0.005296649876981974 -0.3568355143070221 2.0093255043029785
v 0.14590060710906982 -0.3961736857891083 2.201462745666504
v 0.2430923730134964 -0.3577496111392975 2.020604133605957
v 0.4032785892486572 -0.39263638854026794 2.169598340988159
v 0.505095362663269 -0.36716899275779724 2.019000291824341
v 0.7077890634536743 -0.4354211091995239 2.3062093257904053
v 0.6800796985626221 -0.3367026746273041 1.8585776090621948
v 0.7298513054847717 -0.3023075759410858 1.6959079504013062
v 0.9227932095527649 -0.3430245518684387 1.8570500612258911
v 1.1574188470840454 -0.38893818855285645 2.0849180221557617
v 1.0823901891708374 -0.3234804570674896 1.7445034980773926
v 2.34189772605896 -0.6830973625183105 3.2844672203063965
v 2.3898234367370605 -0.6421663761138916 3.17097806930542
v -1.081966519355774 -0.22280935943126678 1.2546051740646362
v -1.2224844694137573 -0.3059659004211426 1.635467290878296
v -1.161392331123352 -0.311389297246933 1.7016525268554688
v -1.0507882833480835 -0.31019580364227295 1.7133116722106934
v -0.8720499277114868 -0.2702173590660095 1.5645160675048828
v -0.8734444975852966 -0.3233674168586731 1.7874832153320312
v -0.7964180111885071 -0.34298068284988403 1.9169718027114868
v -0.6777727007865906 -0.33956924080848694 1.9046694040298462
v -0.5596461296081543 -0.33676499128341675 1.9051662683486938
v -0.5123549699783325 -0.3956149220466614 2.1741089820861816
v -0.3688797950744629 -0.375949889421463 2.118803024291992
v -0.23590107262134552 -0.3901793956756592 2.1654598712921143
v -0.1135980561375618 -0.4019539952278137 2.225123167037964
v 0.0207397248595953 -0.36798715591430664 2.101538896560669
v 0.1663421094417572 -0.40740618109703064 2.2944860458374023
v 0.2616389989852905 -0.36115384101867676 2.0728206634521484
v 0.422080397605896 -0.39615756273269653 2.208385705947876
v 0.5276691913604736 -0.36928316950798035 2.05869722366333
v 0.7258288860321045 -0.4332832396030426 2.3230397701263428
v 0.7038756608963013 -0.33604347705841064 1.8923029899597168
v 0.7391768097877502 -0.297506719827652 1.6919894218444824
v 0.9802464246749878 -0.35444578528404236 1.9559186697006226
v 1.1840081214904785 -0.38679563999176025 2.1152262687683105
v 1.1099815368652344 -0.324083149433136 1.7681384086608887
v 2.3513731956481934 -0.6635933518409729 3.2586681842803955
v 2.4327332973480225 -0.6383392810821533 3.200481414794922
v -1.087986707687378 -0.21879546344280243 1.2831134796142578
v -1.2488676309585571 -0.308152437210083 1.6792194843292236
v -1.1774976253509521 -0.3165450096130371 1.7403825521469116
v -1.0517921447753906 -0.3070846498012543 1.7260807752609253
v -0.9034912586212158 -0.28480222821235657 1.6466124057769775
v -0.9099582433700562 -0.34096530079841614 1.892013430595398
v -0.7814297080039978 -0.33445554971694946 1.9064205884933472
v -0.6863335371017456 -0.3461472690105438 1.970192790031433
v -0.5625461339950562 -0.341359406709671 1.9539304971694946
v -0.5103060603141785 -0.3981778621673584 2.2191054821014404
v -0.3620529770851135 -0.3779555857181549 2.162405014038086
v -0.225043386220932 -0.38538074493408203 2.1830027103424072
v -0.10513845831155777 -0.41250741481781006 2.3066840171813965
v 0.03732532262802124 -0.37776002287864685 2.191920280456543
v 0.18995119631290436 -0.4199877381324768 2.388850688934326
v 0.2825620472431183 -0.36626964807510376 2.133084774017334
v 0.437097430229187 -0.39573973417282104 2.2315120697021484
v 0.5519798994064331 -0.37263384461402893 2.1076314449310303
v 0.73549485206604 -0.42576906085014343 2.3124399185180664
v 0.7274749279022217 -0.3362865149974823 1.9289478063583374
v 0.7474213242530823 -0.2927261292934418 1.6843063831329346
v 1.044940710067749 -0.36756739020347595 2.0620334148406982
v 1.1994237899780273 -0.38112083077430725 2.1259260177612305
v 1.1479496955871582 -0.32580357789993286 1.8098528385162354
v 2.37223482131958 -0.6488438248634338 3.2512946128845215
v 2.468229055404663 -0.6323536038398743 3.223557949066162
v -1.1153467893600464 -0.22233131527900696 1.331741213798523
v -1.273414969444275 -0.3120257258415222 1.7239117622375488
v -1.1997965574264526 -0.32320886850357056 1.7910172939300537
v -1.0520083904266357 -0.30469363927841187 1.7398655414581299
v -0.9364148378372192 -0.299498051404953 1.7316617965698242
v -0.9393088221549988 -0.35318294167518616 1.9811158180236816
v -0.7657890319824219 -0.3228263258934021 1.8914321660995483
v -0.6912447214126587 -0.3516353666782379 2.0280203819274902
v -0.5687767267227173 -0.34768885374069214 2.0125412940979004
v -0.5089721083641052 -0.40332692861557007 2.2732784748077393
v -0.35324111580848694 -0.37740358710289 2.193751335144043
v -0.21640507876873016 -0.3867458999156952 2.2227578163146973
v -0.09409791231155396 -0.4188809394836426 2.3739333152770996
v 0.05472174659371376 -0.3849477767944336 2.273191213607788
v 0.21150124073028564 -0.42897871136665344 2.472540855407715
v 0.30547067523002625 -0.3742178678512573 2.2056193351745605
v 0.44967740774154663 -0.3924541175365448 2.2465639114379883
v 0.577377200126648 -0.37750983238220215 2.162541389465332
v 0.7386473417282104 -0.413796991109848 2.2865078449249268
v 0.7473258972167969 -0.335231751203537 1.9561269283294678
v 0.7552863955497742 -0.28827953338623047 1.675216794013977
v 1.1074858903884888 -0.37929433584213257 2.161529541015625
v 1.203580379486084 -0.3715481162071228 2.1141912937164307
v 1.1962960958480835 -0.32883402705192566 1.8648830652236938
v 2.4011356830596924 -0.6397399306297302 3.271881103515625
v 2.4886820316314697 -0.6229269504547119 3.2317721843719482
v -1.1559542417526245 -0.23269163072109222 1.3991461992263794
v -1.2994064092636108 -0.3166719675064087 1.7765562534332275
v -1.2216768264770508 -0.3294016420841217 1.8458850383758545
v -1.0548408031463623 -0.3036501407623291 1.7626092433929443
v -0.9652451276779175 -0.31173357367515564 1.8111745119094849
v -0.9597557783126831 -0.36036205291748047 2.0536515712738037
v -0.7566232681274414 -0.31657734513282776 1.8925305604934692
v -0.6886110901832581 -0.3509128987789154 2.0616579055786133
v -0.5802243947982788 -0.35667693614959717 2.0928359031677246
v -0.5059452056884766 -0.4058591425418854 2.3245651721954346
v -0.342835396528244 -0.3726981282234192 2.21543550491333
v -0.20961713790893555 -0.39577245712280273 2.292701482772827
v -0.08091895282268524 -0.4222717583179474 2.435044050216675
v 0.07236352562904358 -0.39007335901260376 2.3462138175964355
v 0.23176221549510956 -0.43450403213500977 2.5368754863739014
v 0.330303430557251 -0.3841918408870697 2.2856321334838867
v 0.4633159935474396 -0.38884201645851135 2.262432098388672
v 0.6048486232757568 -0.38307470083236694 2.224207639694214
v 0.7434476613998413 -0.4006848931312561 2.2639541625976562
v 0.7643581032752991 -0.3321969509124756 1.9711741209030151
v 0.7646117806434631 -0.2835749387741089 1.6688804626464844
v 1.1547588109970093 -0.3869963586330414 2.2303192615509033
v 1.1922602653503418 -0.3572598099708557 2.0727367401123047
v 1.2534364461898804 -0.33782559633255005 1.928951621055603
v 2.4256105422973633 -0.630834698677063 3.311931610107422
v 2.504950761795044 -0.6096811294555664 3.226283073425293
v -1.2046871185302734 -0.248137965798378 1.4875191450119019
v -1.329002857208252 -0.3229372799396515 1.836716890335083
v -1.239588975906372 -0.33359774947166443 1.8981772661209106
v -1.0634428262710571 -0.30615195631980896 1.7968252897262573
v -0.9900870323181152 -0.32138195633888245 1.8833237886428833
v -0.9739383459091187 -0.3644105792045593 2.1171059608459473
v -0.7589759230613708 -0.31813910603523254 1.92630136013031
v -0.6797593832015991 -0.3458653390407562 2.0736184120178223
v -0.5944698452949524 -0.36923861503601074 2.1923205852508545
v -0.4998282790184021 -0.4049023389816284 2.3622114658355713
v -0.3308502733707428 -0.3663380444049835 2.2343547344207764
v -0.2042117863893509 -0.4046424627304077 2.3744144439697266
v -0.06678672134876251 -0.41864871978759766 2.4818038940429688
v 0.0903099849820137 -0.3970224857330322 2.4216957092285156
v 0.24946922063827515 -0.4345487654209137 2.578892469406128
v 0.35619649291038513 -0.3929288685321808 2.3697309494018555
v 0.7755786180496216 -0.5751768350601196 3.3810131549835205
v 0.637853741645813 -0.39118221402168274 2.3005073070526123
v 0.7488692998886108 -0.3875053822994232 2.2440690994262695
v 0.7727893590927124 -0.3245321810245514 1.9657132625579834
v 0.7781645059585571 -0.2797389626502991 1.6692183017730713
v 1.1916764974594116 -0.3900194764137268 2.278557538986206
v 1.1708396673202515 -0.33932676911354065 2.01248836517334
v 1.3294131755828857 -0.3529786765575409 2.0216073989868164
v 2.4353487491607666 -0.618558943271637 3.329914093017578
v 2.5005455017089844 -0.5881346464157104 3.190260410308838
v -1.254603624343872 -0.2646750211715698 1.5851930379867554
v -1.3607676029205322 -0.33025261759757996 1.903732180595398
v -1.257534384727478 -0.3368304967880249 1.951002597808838
v -1.080544114112854 -0.31288841366767883 1.8456720113754272
v -1.0186150074005127 -0.3305142819881439 1.9603410959243774
v -0.9848068356513977 -0.36727461218833923 2.1787242889404297
v -0.7700262665748596 -0.32526612281799316 1.9872462749481201
v -0.6676584482192993 -0.33888769149780273 2.0711562633514404
v -0.6071281433105469 -0.38251686096191406 2.29382061958313
v -0.4914748966693878 -0.39996325969696045 2.387197494506836
v -0.3176444172859192 -0.3596232533454895 2.251138687133789
v -0.19770991802215576 -0.4097067713737488 2.4484288692474365
v -0.05112826079130173 -0.4148458242416382 2.531930685043335
v 0.10852029174566269 -0.40517738461494446 2.5035786628723145
v 0.2649974524974823 -0.4289799928665161 2.604445457458496
v 0.38443323969841003 -0.4014807641506195 2.4591736793518066
v 0.8557826280593872 -0.6368098258972168 3.5796542167663574
v 0.6761366724967957 -0.4015953838825226 2.394014358520508
v 0.7580989003181458 -0.3767152726650238 2.2356045246124268
v 0.7727173566818237 -0.3122932016849518 1.9362224340438843
v 0.8017133474349976 -0.2782691717147827 1.6855504512786865
v 1.227057933807373 -0.389682799577713 2.321183204650879
v 1.1506752967834473 -0.3210359215736389 1.9529162645339966
v 2.100337028503418 -0.5598875284194946 3.061720609664917
v 2.435053586959839 -0.601988673210144 3.32669997215271
v 2.5222222805023193 -0.5764837861061096 3.163013219833374
v -1.3035145998001099 -0.27953243255615234 1.6790380477905273
v -1.39089035987854 -0.33694109320640564 1.9698538780212402
v -1.2775733470916748 -0.34137365221977234 2.007791042327881
v -1.1072521209716797 -0.3233044743537903 1.9167503118515015
v -1.050628423690796 -0.34064406156539917 2.0510594844818115
v -0.9972522258758545 -0.3717433214187622 2.242954969406128
v -0.7880563735961914 -0.3367657959461212 2.0664186477661133
v -0.6502718925476074 -0.3290930688381195 2.0509252548217773
v -0.6174799203872681 -0.3921072483062744 2.388369083404541
v -0.4811720848083496 -0.3932155966758728 2.4051647186279297
v -0.3056461215019226 -0.35539132356643677 2.272225856781006
v -0.1901717633008957 -0.4106520414352417 2.521815776824951
v -0.03555726259946823 -0.40949326753616333 2.566415548324585
v 0.12706367671489716 -0.41234174370765686 2.5806283950805664
v 0.36945807933807373 -0.5206836462020874 3.275129795074463
v 0.41509947180747986 -0.4094463884830475 2.5480282306671143
v 0.8777018785476685 -0.6238180994987488 3.575284957885742
v 0.7187181711196899 -0.41318413615226746 2.4970035552978516
v 0.7726110219955444 -0.368691086769104 2.244767904281616
v 0.7642349600791931 -0.2967004179954529 1.8816930055618286
v 0.8391558527946472 -0.28057190775871277 1.7311456203460693
v 1.2608091831207275 -0.3867329955101013 2.3583312034606934
v 1.1359937191009521 -0.30573105812072754 1.9032835960388184
v 2.1906991004943848 -0.567476749420166 3.1544034481048584
v 2.4473495483398438 -0.587142825126648 3.3241069316864014
v 2.5456700325012207 -0.5705015659332275 3.1407833099365234
v -1.3597588539123535 -0.29548847675323486 1.775482416152954
v -1.4178403615951538 -0.34495773911476135 2.0378644466400146
v -1.3009254932403564 -0.3500533998012543 2.0765953063964844
v -1.14467191696167 -0.33634960651397705 2.0089895725250244
v -1.0809907913208008 -0.35363176465034485 2.146967887878418
v -1.0101956129074097 -0.3817981481552124 2.3179168701171875
v -0.8087735176086426 -0.3483099341392517 2.1504979133605957
v -0.6322193145751953 -0.31879809498786926 2.025207996368408
v -0.623492956161499 -0.3973703980445862 2.473306655883789
v -0.468597948551178 -0.3860360383987427 2.4175755977630615
v -0.2942689061164856 -0.35236304998397827 2.3020780086517334
v -0.1824246495962143 -0.4125848710536957 2.598057270050049
v -0.02110283076763153 -0.40764936804771423 2.607481002807617
v 0.14604520797729492 -0.4170685410499573 2.651728868484497
v 0.2780904769897461 -0.41836804151535034 2.6998090744018555
v 0.445451021194458 -0.41679540276527405 2.629906415939331
v 0.890652060508728 -0.6059027910232544 3.5429322719573975
v 0.7563686370849609 -0.42238959670066833 2.584972620010376
v 0.7962054014205933 -0.36409541964530945 2.278001546859741
v 0.7523539662361145 -0.28047633171081543 1.8180632591247559
v 0.8903602957725525 -0.2874607741832733 1.810312032699585
v 1.288638710975647 -0.3809375762939453 2.3799290657043457
v 1.1287516355514526 -0.2944246232509613 1.8662734031677246
v 2.2278382778167725 -0.5593832731246948 3.1834359169006348
v 2.4743564128875732 -0.5762900114059448 3.3350517749786377
v 2.5620803833007812 -0.5543792843818665 3.1066300868988037
v -1.420059084892273 -0.31460660696029663 1.8836747407913208
v -1.4467799663543701 -0.3556298315525055 2.1120128631591797
v -1.330319881439209 -0.3674628734588623 2.164027690887451
v -1.1868932247161865 -0.35015350580215454 2.116236448287964
v -1.1055543422698975 -0.3640856444835663 2.2348151206970215
v -1.0184935331344604 -0.38889992237091064 2.384488344192505
v -0.8291333913803101 -0.3593229651451111 2.2385053634643555
v -0.6176623702049255 -0.3102140724658966 2.0134055614471436
v -0.6245230436325073 -0.3998754918575287 2.5424604415893555
v -0.45588237047195435 -0.3807619512081146 2.4335646629333496
v -0.2849521040916443 -0.3506501317024231 2.33957576751709
v -0.17345453798770905 -0.41542109847068787 2.6764893531799316
v 0.017720315605401993 -0.7473294734954834 4.233850479125977
v 0.16541163623332977 -0.41983920335769653 2.719578742980957
v 0.3041147291660309 -0.3981676995754242 2.5969810485839844
v 0.47347527742385864 -0.4209285378456116 2.699519634246826
v 0.5499975681304932 -0.3656463325023651 2.3251893520355225
v 0.7818093299865723 -0.42446169257164 2.6318750381469727
v 0.8256227970123291 -0.36198243498802185 2.3285834789276123
v 0.738141655921936 -0.26398518681526184 1.753279685974121
v 0.9532745480537415 -0.2986258864402771 1.9205580949783325
v 1.309190034866333 -0.3733207583427429 2.389958381652832
v 1.13258957862854 -0.2865446209907532 1.8473316431045532
v 2.2353408336639404 -0.5433616638183594 3.1748476028442383
v 2.4989826679229736 -0.5645245909690857 3.338996171951294
v -2.099902868270874 -0.44930505752563477 2.1773524284362793
v -1.479732871055603 -0.33184775710105896 1.9965248107910156
v -1.4744569063186646 -0.3643767535686493 2.1862635612487793
v -1.3683253526687622 -0.3748852610588074 2.256248712539673
v -1.2243601083755493 -0.3600967824459076 2.2178642749786377
v -1.1283164024353027 -0.3747909367084503 2.320760726928711
v -1.015884518623352 -0.3862556517124176 2.4209952354431152
v -0.8452970385551453 -0.36656612157821655 2.329921007156372
v -0.6083170175552368 -0.30417537689208984 2.0170912742614746
v -0.6209938526153564 -0.400150865316391 2.5879862308502197
v -0.4450257122516632 -0.3777303993701935 2.463258981704712
v -0.2780609428882599 -0.3500900864601135 2.3860630989074707
v -0.16332049667835236 -0.4187246561050415 2.751758337020874
v 0.04177946224808693 -0.7033165693283081 4.111861228942871
v 0.18634940683841705 -0.42381522059440613 2.791585683822632
v 0.3223096430301666 -0.3944927453994751 2.6250813007354736
v 0.7511602640151978 -0.5694286823272705 3.6728036403656006
v 0.5706304907798767 -0.3615719676017761 2.3421711921691895
v 0.7922477722167969 -0.41715073585510254 2.6257965564727783
v 0.8580664396286011 -0.3612276613712311 2.3859715461730957
v 0.724305272102356 -0.24761061370372772 1.6954751014709473
v 1.0206495523452759 -0.31214645504951477 2.0469770431518555
v 1.322218656539917 -0.36415329575538635 2.390927791595459
v 1.1434376239776611 -0.2792286276817322 1.838091492652893
v 2.2352964878082275 -0.5265798568725586 3.1577000617980957
v 2.5205001831054688 -0.5513327121734619 3.3380775451660156
v -1.5184109210968018 -0.31023719906806946 1.8017680644989014
v -1.5311970710754395 -0.34425702691078186 2.1004605293273926
v -1.5000882148742676 -0.3715708255767822 2.259631633758545
v -1.4023994207382202 -0.38201743364334106 2.3506383895874023
v -1.2584741115570068 -0.368999183177948 2.3137691020965576
v -1.1582103967666626 -0.38794317841529846 2.4148354530334473
v -1.004534363746643 -0.37794822454452515 2.431851625442505
v -0.8571333885192871 -0.37369686365127563 2.424966812133789
v -0.6058864593505859 -0.3030814826488495 2.0470521450042725
v -0.6120010614395142 -0.39627605676651 2.611682415008545
v -0.43605825304985046 -0.37513917684555054 2.5043141841888428
v -0.2725582420825958 -0.35038045048713684 2.4432029724121094
v -0.15244360268115997 -0.42308172583580017 2.830275058746338
v 0.06280895322561264 -0.6564117074012756 3.9807515144348145
v 0.20961366593837738 -0.42930641770362854 2.8732402324676514
v 0.6916136145591736 -0.676600992679596 4.549371719360352
v 0.9316310882568359 -0.714574933052063 4.3458428382873535
v 0.5981079936027527 -0.3603730797767639 2.385148048400879
v 0.9836507439613342 -0.45162782073020935 2.8070266246795654
v 0.8925835490226746 -0.362178236246109 2.447587490081787
v 0.7224376201629639 -0.23647354543209076 1.6659692525863647
v 1.0861445665359497 -0.32314231991767883 2.1649773120880127
v 1.3288602828979492 -0.35490942001342773 2.3828213214874268
v 1.175957202911377 -0.2758175730705261 1.863933801651001
v 2.2455339431762695 -0.5134528875350952 3.156904697418213
v 2.536158323287964 -0.5391911268234253 3.3372254371643066
v -1.5077924728393555 -0.3043801188468933 1.8595811128616333
v -1.5766961574554443 -0.3489268124103546 2.187397003173828
v -1.5227060317993164 -0.3765096664428711 2.3297009468078613
v -1.4200645685195923 -0.38380178809165955 2.402714490890503
v -1.2950948476791382 -0.3835809528827667 2.4216325283050537
v -1.372023344039917 -0.506112813949585 3.5058016777038574
v -1.132310152053833 -0.4597199261188507 3.2318902015686035
v -0.8604766726493835 -0.37809979915618896 2.5008902549743652
v -0.609227180480957 -0.30259984731674194 2.103090286254883
v -0.6003950238227844 -0.3898487985134125 2.6315195560455322
v -0.4272110164165497 -0.37145930528640747 2.5443968772888184
v -0.26661622524261475 -0.3535577058792114 2.5104169845581055
v -0.140133336186409 -0.42900070548057556 2.912497043609619
v 0.08267122507095337 -0.6153063774108887 3.87343430519104
v 0.23405158519744873 -0.4347417652606964 2.955522298812866
v 0.7382012009620667 -0.7486698627471924 4.590280532836914
v 0.9351988434791565 -0.6851111650466919 4.275699138641357
v 0.6317653656005859 -0.3632172644138336 2.4522273540496826
v 0.7998138666152954 -0.3841392397880554 2.5453906059265137
v 0.9191579818725586 -0.36070817708969116 2.4866979122161865
v 0.7301846742630005 -0.22933021187782288 1.6573846340179443
v 1.1477797031402588 -0.3318369686603546 2.269151210784912
v 1.328783392906189 -0.34470123052597046 2.368223190307617
v 1.2259832620620728 -0.27726733684539795 1.9183320999145508
v 1.844649076461792 -0.4072885513305664 2.592358112335205
v 2.55250883102417 -0.5283771753311157 3.3371338844299316
v -1.6212143898010254 -0.3384324908256531 2.142993450164795
v -1.6153018474578857 -0.3526679575443268 2.265963315963745
v -1.5471373796463013 -0.37860268354415894 2.392697811126709
v -1.5036216974258423 -0.4217563271522522 2.767559051513672
v -1.3328973054885864 -0.3990190625190735 2.539992570877075
v -1.61094069480896 -0.6205995082855225 3.9810330867767334
v -1.1445937156677246 -0.466884583234787 3.386951208114624
v -0.8564399480819702 -0.37481725215911865 2.545379638671875
v -0.6165302991867065 -0.30684298276901245 2.1840531826019287
v -0.5895673036575317 -0.3861874043941498 2.659898042678833
v -0.41748225688934326 -0.3659532964229584 2.5817601680755615
v -0.2613401412963867 -0.3596266806125641 2.589500665664673
v -0.12540948390960693 -0.43027427792549133 2.977348804473877
v 0.10354173928499222 -0.585264265537262 3.79960560798645
v 0.2576107680797577 -0.43619590997695923 3.0215091705322266
v 0.768722653388977 -0.7356662750244141 4.639318943023682
v 0.9317961931228638 -0.6529593467712402 4.182369232177734
v 0.6692774295806885 -0.3669581115245819 2.537095546722412
v 0.8050351142883301 -0.36870846152305603 2.5142719745635986
v 0.9318203926086426 -0.3541874587535858 2.4925830364227295
v 0.7531846165657043 -0.22722028195858002 1.674627661705017
v 1.197676658630371 -0.33651864528656006 2.3442022800445557
v 1.32119619846344 -0.3324489891529083 2.3406827449798584
v 1.291179895401001 -0.28424423933029175 2.002002716064453
v 1.8456896543502808 -0.40211403369903564 2.64296555519104
v 2.5635766983032227 -0.5177630186080933 3.323906898498535
v -2.461646318435669 -0.6711905002593994 4.098507404327393
v -1.6490509510040283 -0.35668841004371643 2.3444886207580566
v -1.5600581169128418 -0.37680283188819885 2.4400157928466797
v -1.6119322776794434 -0.47511449456214905 3.3040926456451416
v -1.3590720891952515 -0.40446949005126953 2.6373608112335205
v -1.5306669473648071 -0.577613353729248 4.007302761077881
v -0.9799656271934509 -0.36055830121040344 2.4773306846618652
v -0.8380222916603088 -0.36296460032463074 2.5407707691192627
v -0.6276215314865112 -0.31327003240585327 2.278028964996338
v -0.5817665457725525 -0.38547638058662415 2.6954574584960938
v -0.4078385829925537 -0.36165833473205566 2.622612476348877
v -0.2562190890312195 -0.36947858333587646 2.6879043579101562
v -0.18149589002132416 -0.5204041004180908 3.946829080581665
v 0.12451320141553879 -0.5616707801818848 3.7407217025756836
v 0.398823618888855 -0.5620517134666443 3.9988503456115723
v 0.6031916737556458 -0.5282409191131592 3.7265191078186035
v 0.930625319480896 -0.6224090456962585 4.099945068359375
v 0.7081867456436157 -0.3699127435684204 2.624403715133667
v 0.8165034055709839 -0.35710492730140686 2.5039215087890625
v 0.9262716770172119 -0.34053921699523926 2.455264091491699
v 0.7884963750839233 -0.229106605052948 1.7217016220092773
v 1.2353204488754272 -0.33708515763282776 2.389299154281616
v 1.3072857856750488 -0.3190499544143677 2.2944068908691406
v 1.3674116134643555 -0.2954733371734619 2.109269618988037
v 1.8769713640213013 -0.3972603678703308 2.6748247146606445
v 2.569936752319336 -0.5039770007133484 3.2941794395446777
v -3.3498823642730713 -0.7394901514053345 4.341374397277832
v -1.6870296001434326 -0.3629675805568695 2.428360939025879
v -1.5545704364776611 -0.37163037061691284 2.463278293609619
v -1.7113654613494873 -0.5189573764801025 3.576329469680786
v -2.048733949661255 -0.6813146471977234 4.137664318084717
v -1.3045446872711182 -0.44825732707977295 3.176293134689331
v -0.9883257150650024 -0.3635805547237396 2.5378966331481934
v -0.8067160844802856 -0.34429246187210083 2.487602472305298
v -0.6402915716171265 -0.3208644390106201 2.3768067359924316
v -0.5738786458969116 -0.3837655186653137 2.7336506843566895
v -0.6570535898208618 -0.5785402655601501 4.374448776245117
v -0.2497190684080124 -0.37835004925727844 2.7866368293762207
v -0.10700815171003342 -0.6206992864608765 4.112271785736084
v 0.07457266747951508 -0.4408618211746216 3.227344274520874
v 0.48229092359542847 -0.6426926851272583 4.333963871002197
v 0.5424709320068359 -0.4618722200393677 3.320228099822998
v 0.6106458902359009 -0.3826086223125458 2.6916146278381348
v 0.7481666803359985 -0.3737669587135315 2.7151832580566406
v 0.8355001211166382 -0.34915146231651306 2.518362522125244
v 0.9137325286865234 -0.32375189661979675 2.394895076751709
v 0.8353808522224426 -0.23423348367214203 1.797993779182434
v 1.2647004127502441 -0.33504459261894226 2.4166557788848877
v 1.2928129434585571 -0.3046761453151703 2.244551658630371
v 1.4530823230743408 -0.3095780611038208 2.2356882095336914
v 1.901052474975586 -0.3915867507457733 2.693378210067749
v 2.5724785327911377 -0.4906460642814636 3.2583467960357666
v -3.2979578971862793 -0.7255452275276184 4.326324462890625
v -1.7220807075500488 -0.3723759651184082 2.5130114555358887
v -2.1480538845062256 -0.6293355226516724 3.685131072998047
v -1.5733721256256104 -0.4457089900970459 3.135690689086914
v -2.093010187149048 -0.6393115520477295 4.0675811767578125
v -1.2172417640686035 -0.3908931612968445 2.7254364490509033
v -1.0036647319793701 -0.3689388036727905 2.614888906478882
v -1.1182535886764526 -0.5225694179534912 3.359647274017334
v -0.6509509086608887 -0.3276076316833496 2.4723622798919678
v -0.565075159072876 -0.3792427182197571 2.768718957901001
v -0.6694406270980835 -0.6816383600234985 4.507089138031006
v -0.24126197397708893 -0.38091370463371277 2.856290340423584
v -0.07753074169158936 -0.5903793573379517 4.04290246963501
v 0.11847687512636185 -0.39587199687957764 2.897559642791748
v 0.5101851224899292 -0.6273657083511353 4.356724739074707
v 0.5129321813583374 -0.4159424901008606 3.063746929168701
v 0.5429544448852539 -0.34617334604263306 2.553028106689453
v 0.7898712158203125 -0.3787975311279297 2.805344820022583
v 0.863106369972229 -0.34645476937294006 2.558204174041748
v 0.9697590470314026 -0.31174346804618835 2.310100555419922
v 0.8903903961181641 -0.24140870571136475 1.8924436569213867
v 1.2956920862197876 -0.3312095105648041 2.443264961242676
v 1.2811853885650635 -0.28928953409194946 2.1956491470336914
v 1.5400924682617188 -0.32238566875457764 2.364501953125
v 1.924560785293579 -0.384918749332428 2.704357147216797
v 2.615278959274292 -0.482436865568161 3.247133731842041
v -3.239351987838745 -0.703636884689331 4.305475234985352
v -1.7509160041809082 -0.37643229961395264 2.5821585655212402
v -2.2847933769226074 -0.5685557126998901 3.5749614238739014
v -1.4659571647644043 -0.38157275319099426 2.625821590423584
v -2.013265609741211 -0.6022771596908569 3.9701147079467773
v -1.3642935752868652 -0.46637046337127686 3.5335426330566406
v -1.014447569847107 -0.3714067339897156 2.693098306655884
v -1.064802885055542 -0.4890481233596802 3.270956516265869
v -0.6576840281486511 -0.3317987024784088 2.5540904998779297
v -0.5561777949333191 -0.37480103969573975 2.8072314262390137
v -0.6469405889511108 -0.6715333461761475 4.5738959312438965
v -0.23098233342170715 -0.3794141113758087 2.9037063121795654
v -0.05101226642727852 -0.5590022802352905 3.9759700298309326
v 0.14190247654914856 -0.3926152288913727 2.945249080657959
v 0.5312912464141846 -0.6046410799026489 4.330078125
v 0.5118276476860046 -0.39967942237854004 3.010601282119751
v 0.5623553991317749 -0.33810949325561523 2.551067590713501
v 0.8272043466567993 -0.379457950592041 2.8698835372924805
v 0.8972942233085632 -0.3462817370891571 2.615178108215332
v 1.3432952165603638 -0.4198848307132721 2.901561975479126
v 0.9478321671485901 -0.24893438816070557 1.9891167879104614
v 1.329214334487915 -0.32759907841682434 2.4755399227142334
v 1.2780746221542358 -0.2753162384033203 2.1576590538024902
v 1.622792363166809 -0.33253222703933716 2.477890729904175
v 1.9512678384780884 -0.379521906375885 2.7153408527374268
v 2.661494731903076 -0.4800959825515747 3.243213415145874
v -3.292088747024536 -0.7017130255699158 4.416926383972168
v -1.7658491134643555 -0.3757457733154297 2.63159441947937
v -2.2022266387939453 -0.531810998916626 3.4965901374816895
v -1.4786874055862427 -0.3792312443256378 2.6787729263305664
v -1.9454905986785889 -0.5683871507644653 3.9090001583099365
v -2.0534868240356445 -0.6620842218399048 4.550782680511475
v -1.0161865949630737 -0.36928626894950867 2.7470664978027344
v -1.0267022848129272 -0.46280211210250854 3.2172107696533203
v -0.6584299802780151 -0.33290034532546997 2.61881685256958
v -0.5492183566093445 -0.370340496301651 2.859137535095215
v -0.6214005947113037 -0.6563387513160706 4.618803024291992
v -0.2198166400194168 -0.3784071207046509 2.9477877616882324
v -0.026724642142653465 -0.5311938524246216 3.9247665405273438
v 0.16484782099723816 -0.3886795938014984 2.991037368774414
v 0.5464988946914673 -0.5786389112472534 4.27094841003418
v 0.5336655378341675 -0.3970879018306732 3.029728651046753
v 0.5881347060203552 -0.3331979811191559 2.5682241916656494
v 0.8520259261131287 -0.37477678060531616 2.886814594268799
v 0.9356594681739807 -0.3468577265739441 2.6746509075164795
v 1.0727614164352417 -0.28981927037239075 2.1582956314086914
v 1.0043728351593018 -0.2554498314857483 2.079113721847534
v 1.3638039827346802 -0.3242865204811096 2.512380838394165
v 1.2816221714019775 -0.2642802298069 2.131911516189575
v 1.6969834566116333 -0.33659887313842773 2.5609211921691895
v 1.9699519872665405 -0.37257570028305054 2.7182798385620117
v 2.6705446243286133 -0.4612550735473633 3.215365171432495
v -3.41391921043396 -0.7034627199172974 4.604755401611328
v -2.5144801139831543 -0.5942959785461426 3.856870174407959
v -2.1788716316223145 -0.514677882194519 3.5219569206237793
v -1.4914653301239014 -0.3755183815956116 2.7294106483459473
v -1.8954651355743408 -0.5405328273773193 3.8777718544006348
v -2.0122857093811035 -0.6453067064285278 4.52999210357666
v -1.0155318975448608 -0.36222323775291443 2.7876529693603516
v -0.7175623178482056 -0.2942875325679779 2.4218928813934326
v -0.6528335809707642 -0.3309527635574341 2.668135404586792
v -0.5428544282913208 -0.3681787848472595 2.9232475757598877
v -0.5937249660491943 -0.6377816200256348 4.644356727600098
v -0.20661410689353943 -0.379107803106308 2.9999794960021973
v -0.003939162008464336 -0.5063357353210449 3.873164653778076
v 0.18567876517772675 -0.38322994112968445 3.0217602252960205
v 0.5600203275680542 -0.553059458732605 4.207267761230469
v 0.5466290712356567 -0.3900586664676666 3.019225835800171
v 0.6175963282585144 -0.33059629797935486 2.603656530380249
v 0.860217809677124 -0.365315705537796 2.8575148582458496
v 0.9684202671051025 -0.34513458609580994 2.7155747413635254
v 0.867042601108551 -0.26152604818344116 2.1322453022003174
v 1.0565699338912964 -0.25979483127593994 2.1538166999816895
v 1.3978745937347412 -0.32120633125305176 2.5563409328460693
v 1.2999398708343506 -0.25829511880874634 2.1335558891296387
v 1.7548346519470215 -0.3365592658519745 2.615201473236084
v 1.975430965423584 -0.36352410912513733 2.71138072013855
v -3.0097217559814453 -0.5312223434448242 3.4982950687408447
v -3.4572043418884277 -0.6901412606239319 4.707233428955078
v -2.578758478164673 -0.5572444200515747 3.808950185775757
v -2.187178134918213 -0.5045074820518494 3.580582857131958
v -1.5057761669158936 -0.36903998255729675 2.7793965339660645
v -1.8710623979568481 -0.5239006280899048 3.8788418769836426
v -1.9315812587738037 -0.6193424463272095 4.435503005981445
v -1.0085117816925049 -0.3520534038543701 2.813567638397217
v -0.6646101474761963 -0.25920698046684265 2.184001922607422
v -0.643783688545227 -0.3272154927253723 2.7027692794799805
v -0.5375425815582275 -0.3670543134212494 2.9987075328826904
v -0.5624669790267944 -0.6160047650337219 4.637486457824707
v -0.1921321451663971 -0.37931257486343384 3.0553970336914062
v 0.019061481580138206 -0.4860934019088745 3.830617904663086
v 0.20538794994354248 -0.37637099623680115 3.043635129928589
v 0.5746840834617615 -0.5307861566543579 4.160305976867676
v 0.5546167492866516 -0.3778584897518158 2.979825496673584
v 0.6503268480300903 -0.32980820536613464 2.6541926860809326
v 0.8626459240913391 -0.35358577966690063 2.813673496246338
v 0.9936785697937012 -0.3404970169067383 2.7404403686523438
v 0.8590267896652222 -0.2463247925043106 2.0764870643615723
v 1.1018126010894775 -0.2623155415058136 2.210145950317383
v 1.4197468757629395 -0.3156496286392212 2.579824447631836
v 1.3364862203598022 -0.25722578167915344 2.1719770431518555
v 1.7991206645965576 -0.3332114815711975 2.6468935012817383
v 2.323002338409424 -0.4007873237133026 2.9013285636901855
v -3.549367904663086 -0.628853976726532 4.396390914916992
v -3.344316244125366 -0.6571365594863892 4.606156826019287
v -2.5415546894073486 -0.5314371585845947 3.7781872749328613
v -2.1873278617858887 -0.49199673533439636 3.6097030639648438
v -1.5197625160217285 -0.36391231417655945 2.8381102085113525
v -1.862225890159607 -0.5144413709640503 3.9064831733703613
v -1.8403266668319702 -0.5868109464645386 4.31947660446167
v -0.9951047301292419 -0.3405677378177643 2.8239951133728027
v -0.659934401512146 -0.2551748752593994 2.205406904220581
v -0.6328510642051697 -0.32266825437545776 2.730175018310547
v -0.7940138578414917 -0.5821629762649536 4.475752353668213
v -0.519431471824646 -0.5851732492446899 4.517867565155029
v -0.1755020022392273 -0.3777869641780853 3.1081905364990234
v 0.04378337785601616 -0.46969613432884216 3.807190418243408
v 0.2251928448677063 -0.36932307481765747 3.0649564266204834
v 0.5875132083892822 -0.5078436732292175 4.102090835571289
v 0.556836724281311 -0.3600282073020935 2.9073894023895264
v 0.6832531094551086 -0.3288491368293762 2.708380937576294
v 0.8626766800880432 -0.3388426899909973 2.762362241744995
v 1.0106937885284424 -0.3327493965625763 2.7481775283813477
v 0.8684934377670288 -0.2353069931268692 2.057814121246338
v 1.1380037069320679 -0.2624184787273407 2.250518798828125
v 1.437165379524231 -0.31057271361351013 2.595233678817749
v 1.3938709497451782 -0.2613985538482666 2.2442898750305176
v 1.833121418952942 -0.3281882703304291 2.674034595489502
v 2.5386884212493896 -0.42619234323501587 3.3373966217041016
v -3.5484514236450195 -0.626469075679779 4.521008014678955
v -3.148871660232544 -0.6091969013214111 4.380097389221191
v -2.5053508281707764 -0.5079537630081177 3.748230457305908
v -2.160433053970337 -0.47522175312042236 3.606448173522949
v -1.5296621322631836 -0.36035844683647156 2.8969621658325195
v -1.8590282201766968 -0.5043522119522095 3.9366958141326904
v -1.7651503086090088 -0.5547490119934082 4.247264862060547
v -0.9751600027084351 -0.32900723814964294 2.819897413253784
v -0.6648455858230591 -0.2556370198726654 2.266448497772217
v -0.6251793503761292 -0.3190731406211853 2.7604928016662598
v -0.7494129538536072 -0.5524438619613647 4.384346961975098
v -0.32944339513778687 -0.34183269739151 3.009260892868042
v -0.15681125223636627 -0.3747292459011078 3.1588644981384277
v 0.0701574981212616 -0.45701441168785095 3.8173680305480957
v 0.2440851628780365 -0.3618816137313843 3.082008123397827
v 0.595601499080658 -0.48126211762428284 4.011673450469971
v 0.5552512407302856 -0.34050223231315613 2.82759952545166
v 0.7131763696670532 -0.3259718716144562 2.756002426147461
v 0.8656707406044006 -0.32271966338157654 2.714465856552124
v 1.020684838294983 -0.32247671484947205 2.737297773361206
v 0.8890925645828247 -0.2272782176733017 2.0640859603881836
v 1.1657969951629639 -0.26026707887649536 2.2775349617004395
v 1.4568039178848267 -0.30673208832740784 2.615654706954956
v 1.4574813842773438 -0.26742440462112427 2.3323261737823486
v 1.8652665615081787 -0.3232402801513672 2.702643871307373
v 2.5414488315582275 -0.41503357887268066 3.322457790374756
v -3.4993324279785156 -0.6103596091270447 4.519977569580078
v -2.978517770767212 -0.5623883008956909 4.191656112670898
v -2.441957950592041 -0.48000845313072205 3.6786909103393555
v -2.118870735168457 -0.4539482891559601 3.5848751068115234
v -2.191476821899414 -0.5290432572364807 4.1798248291015625
v -1.8486244678497314 -0.4928550720214844 3.9673705101013184
v -1.7031114101409912 -0.5281589031219482 4.20198917388916
v -0.9506264925003052 -0.3176784813404083 2.7985951900482178
v -0.6744568347930908 -0.25905841588974 2.352440357208252
v -0.6206930875778198 -0.31663572788238525 2.8017899990081787
v -0.6961157321929932 -0.5140417814254761 4.237598896026611
v -0.31235599517822266 -0.3298075497150421 2.986948013305664
v -0.15154044330120087 -0.4655877947807312 3.913449764251709
v 0.0994483157992363 -0.44796833395957947 3.8639326095581055
v 0.3101702630519867 -0.42215052247047424 3.6379592418670654
v 0.5096521973609924 -0.40938901901245117 3.430703639984131
v 0.5528983473777771 -0.32045304775238037 2.751107692718506
v 0.7363969087600708 -0.3191044330596924 2.7823915481567383
v 0.869841456413269 -0.3099740147590637 2.679319143295288
v 1.0245109796524048 -0.3100552260875702 2.711423635482788
v 0.9217191338539124 -0.2235557734966278 2.0955681800842285
v 1.1903290748596191 -0.256427526473999 2.2974634170532227
v 1.4811338186264038 -0.3033565878868103 2.6346802711486816
v 1.5293164253234863 -0.27463850378990173 2.4330992698669434
v 1.8976446390151978 -0.3200705945491791 2.742150068283081
v 2.5354278087615967 -0.4024132192134857 3.2928662300109863
v -3.364353656768799 -0.5750353336334229 4.408421039581299
v -2.8718178272247314 -0.5225893259048462 4.061028003692627
v -2.3646347522735596 -0.4494185149669647 3.588102102279663
v -2.0776636600494385 -0.4338887929916382 3.5665910243988037
v -2.12389874458313 -0.5000970959663391 4.097190856933594
v -1.8253551721572876 -0.47647538781166077 3.9685845375061035
v -1.6520570516586304 -0.5032618045806885 4.1743998527526855
v -0.917431116104126 -0.30396029353141785 2.7508187294006348
v -0.6842408180236816 -0.2634136974811554 2.4478139877319336
v -0.6147444248199463 -0.3140857219696045 2.848764657974243
v -0.6392285823822021 -0.47747135162353516 4.083726406097412
v -0.32342958450317383 -0.35025593638420105 3.2629542350769043
v -0.12440700829029083 -0.44336849451065063 3.869373321533203
v 0.12715387344360352 -0.4372594654560089 3.891355514526367
v 0.3681066334247589 -0.4277949929237366 3.842339277267456
v 0.4478883147239685 -0.33459237217903137 2.9529612064361572
v 0.5554444789886475 -0.3042970895767212 2.695617437362671
v 0.7535192370414734 -0.3098982870578766 2.7837061882019043
v 0.8770909309387207 -0.29888784885406494 2.658806085586548
v 1.0273998975753784 -0.2967440187931061 2.682313919067383
v 0.961408257484436 -0.22323259711265564 2.1462931632995605
v 1.2146217823028564 -0.2519717514514923 2.318770170211792
v 1.4875574111938477 -0.2940090000629425 2.6133322715759277
v 1.6005678176879883 -0.27993640303611755 2.523787021636963
v 1.9200128316879272 -0.31481191515922546 2.766355514526367
v 2.520087718963623 -0.38641849160194397 3.250460386276245
v -3.2362794876098633 -0.5420982837677002 4.283659934997559
v -2.8034603595733643 -0.4929578900337219 3.9891293048858643
v -2.295440435409546 -0.4221653640270233 3.523049831390381
v -2.0480072498321533 -0.4170668125152588 3.562227249145508
v -2.0477352142333984 -0.46723195910453796 3.9908366203308105
v -1.7705004215240479 -0.4548538327217102 3.9036660194396973
v -1.603577971458435 -0.47801506519317627 4.128259658813477
v -0.8791071176528931 -0.2862624526023865 2.6708850860595703
v -0.6945946216583252 -0.26761776208877563 2.5491509437561035
v -0.6076022386550903 -0.30745625495910645 2.8838090896606445
v -0.5896563529968262 -0.4428335130214691 3.949141263961792
v -0.3501322865486145 -0.4380435347557068 3.8725762367248535
v -0.10043623298406601 -0.41730472445487976 3.7859699726104736
v 0.1524668037891388 -0.42301103472709656 3.876884698867798
v 0.377814918756485 -0.4032791256904602 3.7539050579071045
v 0.4561592936515808 -0.3199724853038788 2.909104347229004
v 0.5633749961853027 -0.2912856638431549 2.6641745567321777
v 0.7655514478683472 -0.2990778684616089 2.7710001468658447
v 0.8880857825279236 -0.28893592953681946 2.654543876647949
v 1.0291379690170288 -0.2833915650844574 2.65122389793396
v 1.0053678750991821 -0.22401444613933563 2.2102136611938477
v 1.2443372011184692 -0.2482321560382843 2.3547286987304688
v 1.4837334156036377 -0.28072357177734375 2.5714664459228516
v 1.6680524349212646 -0.28315022587776184 2.601407527923584
v 2.3109278678894043 -0.3639540672302246 3.2045087814331055
v 2.4864444732666016 -0.36576977372169495 3.1836299896240234
v -3.1222548484802246 -0.5076947212219238 4.143438816070557
v -2.747870683670044 -0.46703946590423584 3.945937395095825
v -2.242579936981201 -0.3993551433086395 3.4843125343322754
v -2.0261383056640625 -0.40407273173332214 3.5696542263031006
v -1.9700571298599243 -0.4351097345352173 3.8863277435302734
v -1.7045574188232422 -0.42639169096946716 3.8078420162200928
v -1.0845668315887451 -0.30872642993927 2.8772010803222656
v -0.8386015892028809 -0.26575639843940735 2.57240629196167
v -0.7031233310699463 -0.2705666720867157 2.6443254947662354
v -0.7593545317649841 -0.4085012674331665 3.7189316749572754
v -0.5453389883041382 -0.4119488298892975 3.831737518310547
v -0.3163706362247467 -0.41029807925224304 3.7825777530670166
v -0.07668007165193558 -0.39042583107948303 3.6955578327178955
v 0.17461277544498444 -0.3992394804954529 3.797076940536499
v 0.38464468717575073 -0.37931180000305176 3.6477324962615967
v 0.464824914932251 -0.30641379952430725 2.8763058185577393
v 0.57649827003479 -0.2809229791164398 2.6534600257873535
v 0.7746829986572266 -0.28765663504600525 2.7500104904174805
v 0.9027470946311951 -0.2799740731716156 2.6572585105895996
v 1.0281733274459839 -0.26949867606163025 2.6122660636901855
v 1.0493535995483398 -0.2246735692024231 2.277076244354248
v 1.280043363571167 -0.24659033119678497 2.409015417098999
v 1.4829308986663818 -0.2686007618904114 2.5381274223327637
v 2.0981459617614746 -0.3478018045425415 3.1222927570343018
v 2.273110866546631 -0.34300774335861206 3.158277988433838
v 2.460052013397217 -0.34665197134017944 3.116884231567383
v -3.0120904445648193 -0.47039228677749634 3.990007162094116
v -2.6814868450164795 -0.43791794776916504 3.8751583099365234
v -2.200568675994873 -0.37854474782943726 3.4528000354766846
v -1.998902678489685 -0.38795873522758484 3.5591957569122314
v -1.889446496963501 -0.4037848711013794 3.7731292247772217
v -1.642627239227295 -0.4011501371860504 3.7252674102783203
v -1.053066611289978 -0.29171034693717957 2.8158116340637207
v -0.8031948804855347 -0.249715656042099 2.4975318908691406
v -0.9006717801094055 -0.3630256652832031 3.4483752250671387
v -0.716802716255188 -0.3824406564235687 3.6393628120422363
v -0.5063737630844116 -0.3858569860458374 3.727405548095703
v -0.2864140272140503 -0.3859495222568512 3.7163238525390625
v -0.054260674864053726 -0.3660453259944916 3.6177103519439697
v 0.19206351041793823 -0.376498818397522 3.7087674140930176
v 0.39000019431114197 -0.3556855022907257 3.5335540771484375
v 0.5558629035949707 -0.35128840804100037 3.2632341384887695
v 0.5927965044975281 -0.27244922518730164 2.6525216102600098
v 0.7818609476089478 -0.27620819211006165 2.722774028778076
v 0.9199550747871399 -0.27143990993499756 2.662982702255249
v 1.0258437395095825 -0.2557262182235718 2.5690648555755615
v 1.0904148817062378 -0.22430294752120972 2.336113691329956
v 1.3215500116348267 -0.24671515822410583 2.4742813110351562
v 1.8958053588867188 -0.33358052372932434 3.056730270385742
v 2.0604162216186523 -0.3268719017505646 3.0618088245391846
v 2.231247901916504 -0.32544565200805664 3.0841851234436035
v 2.431100845336914 -0.3292262554168701 3.0474884510040283
v -2.917836904525757 -0.438439279794693 3.882340431213379
v -2.073451519012451 -0.3843996524810791 3.6748499870300293
v -2.159579038619995 -0.3574647903442383 3.4205985069274902
v -1.9766013622283936 -0.37098363041877747 3.557544708251953
v -1.8051481246948242 -0.37453776597976685 3.6488280296325684
v -1.5849177837371826 -0.3776661455631256 3.655480146408081
v -1.018204927444458 -0.2767857313156128 2.7602076530456543
v -0.7793780565261841 -0.23756711184978485 2.4577059745788574
v -0.8785354495048523 -0.351226270198822 3.459624767303467
v -0.6809030175209045 -0.35912957787513733 3.5824031829833984
v -0.47294291853904724 -0.3623129725456238 3.6382429599761963
v -0.2588997781276703 -0.3650410771369934 3.662417411804199
v -0.032868124544620514 -0.34537309408187866 3.554337739944458
v 0.20461800694465637 -0.35327285528182983 3.6074016094207764
v 0.39681577682495117 -0.333673357963562 3.424597978591919
v 0.5929639339447021 -0.32869237661361694 3.365523338317871
v 0.6098810434341431 -0.26489847898483276 2.6575114727020264
v 0.7872417569160461 -0.2648627460002899 2.6900811195373535
v 0.937328040599823 -0.26307880878448486 2.6679210662841797
v 1.345589280128479 -0.314147025346756 3.1387836933135986
v 1.1247611045837402 -0.2223910689353943 2.3834733963012695
v 1.6578588485717773 -0.3075253963470459 3.017030715942383
v 1.8664295673370361 -0.3160473108291626 3.005725622177124
v 2.0230236053466797 -0.30731314420700073 3.0005831718444824
v 2.186897039413452 -0.30806514620780945 3.0074727535247803
v 2.3858749866485596 -0.3035266101360321 2.956613063812256
v -2.830390214920044 -0.4088723957538605 3.7953896522521973
v -1.8023629188537598 -0.2727283239364624 2.7067553997039795
v -2.1231954097747803 -0.3397167921066284 3.398911476135254
v -1.9511479139328003 -0.3545456528663635 3.556493043899536
v -1.7208459377288818 -0.34634843468666077 3.519195079803467
v -1.523978352546692 -0.353791743516922 3.5785739421844482
v -0.9874184727668762 -0.26172423362731934 2.712921142578125
v -0.7635883688926697 -0.2287674993276596 2.4480185508728027
v -0.848015546798706 -0.33621856570243835 3.4369962215423584
v -0.649911642074585 -0.3398982286453247 3.5400760173797607
v -0.44096246361732483 -0.34005892276763916 3.5518686771392822
v -0.23287518322467804 -0.3462923467159271 3.6057777404785156
v -0.010760601609945297 -0.3292660713195801 3.5029144287109375
v 0.21557462215423584 -0.3306659758090973 3.5020852088928223
v 0.4056195914745331 -0.31414249539375305 3.329681873321533
v 0.5948442816734314 -0.3094066083431244 3.274428129196167
v 0.6260632276535034 -0.2564146816730499 2.6590616703033447
v 0.789849042892456 -0.2531834840774536 2.6514079570770264
v 0.9546847939491272 -0.2549675703048706 2.6724770069122314
v 1.3421080112457275 -0.3002338707447052 3.093888521194458
v 1.421597957611084 -0.28565651178359985 2.787971019744873
v 1.643625259399414 -0.29190364480018616 2.9709863662719727
v 1.8381351232528687 -0.29778939485549927 2.95371675491333
v 1.9891289472579956 -0.29004454612731934 2.938692808151245
v 2.139826774597168 -0.29047107696533203 2.924370527267456
v -2.6623451709747314 -0.3607255220413208 3.243102550506592
v -2.7340505123138428 -0.3781549334526062 3.6943795680999756
v -1.7680531740188599 -0.2595505714416504 2.674802303314209
v -2.0875911712646484 -0.3239341676235199 3.3864004611968994
v -1.8988510370254517 -0.33512163162231445 3.502164125442505
v -1.4990806579589844 -0.32957732677459717 3.378892421722412
v -1.460452914237976 -0.33009055256843567 3.489006280899048
v -1.0005087852478027 -0.2719859182834625 2.9120380878448486
v -0.8160743713378906 -0.2637065649032593 2.858830690383911
v -0.8144517540931702 -0.3191568851470947 3.394550085067749
v -0.6212833523750305 -0.32222211360931396 3.491694688796997
v -0.40949612855911255 -0.31857946515083313 3.4594345092773438
v -0.20725195109844208 -0.3277452886104584 3.5367507934570312
v 0.012813695706427097 -0.3176884949207306 3.489716053009033
v 0.22753721475601196 -0.31023702025413513 3.4027950763702393
v 0.4147247076034546 -0.2965839207172394 3.247640609741211
v 0.5976275205612183 -0.29169896245002747 3.194279909133911
v 0.7818913459777832 -0.2899177074432373 3.1367759704589844
v 0.9708487391471863 -0.28856518864631653 3.1291511058807373
v 1.1286197900772095 -0.2821941077709198 3.047182559967041
v 1.3359310626983643 -0.28584831953048706 3.0452821254730225
v 1.4922863245010376 -0.281362384557724 2.994004011154175
v 1.6239031553268433 -0.2766980528831482 2.915771722793579
v 1.8074193000793457 -0.2800857722759247 2.8966119289398193
v 1.9539259672164917 -0.2735401391983032 2.872678279876709
v 2.0983219146728516 -0.27355754375457764 2.846454620361328
v -2.7196297645568848 -0.3535658121109009 3.4674384593963623
v -2.6291534900665283 -0.34824061393737793 3.58457088470459
v -1.7345178127288818 -0.24645037949085236 2.644848108291626
v -2.051616668701172 -0.3093176782131195 3.3762683868408203
v -1.835033655166626 -0.31368160247802734 3.4297425746917725
v -1.218003273010254 -0.2341836541891098 2.5606343746185303
v -1.3981839418411255 -0.30670762062072754 3.3937947750091553
v -1.15324068069458 -0.296054482460022 3.2983248233795166
v -0.9642621278762817 -0.296109139919281 3.2929439544677734
v -0.7832629084587097 -0.30211636424064636 3.351731777191162
v -0.5904524326324463 -0.30391016602516174 3.420164108276367
v -0.3783456087112427 -0.2980184853076935 3.357849359512329
v -0.18103790283203125 -0.30829355120658875 3.449925661087036
v 0.03781253844499588 -0.3122282028198242 3.5557684898376465
v 0.23921091854572296 -0.2909962832927704 3.3083481788635254
v 0.42353305220603943 -0.27986761927604675 3.1705703735351562
v 0.6015411019325256 -0.27559566497802734 3.122248888015747
v 0.7822526693344116 -0.2741137146949768 3.0706377029418945
v 0.9656366109848022 -0.2726465165615082 3.064270257949829
v 1.1157294511795044 -0.2655652165412903 2.9716930389404297
v 1.3250117301940918 -0.2706488370895386 2.98660945892334
v 1.4781700372695923 -0.26574841141700745 2.943533420562744
v 1.5998082160949707 -0.26146748661994934 2.850205421447754
v 1.778864860534668 -0.26329541206359863 2.838414430618286
v 1.9197508096694946 -0.2576582431793213 2.805988073348999
v 2.059056043624878 -0.25666093826293945 2.7720048427581787
v -2.657466411590576 -0.332116037607193 3.3723418712615967
v -2.525331497192383 -0.3195309042930603 3.471118450164795
v -1.7040647268295288 -0.2340172827243805 2.619241714477539
v -2.007481575012207 -0.29473942518234253 3.3530898094177246
v -1.7735214233398438 -0.29342883825302124 3.357222318649292
v -1.3103058338165283 -0.28326937556266785 3.141254186630249
v -1.3407790660858154 -0.285727858543396 3.313854455947876
v -1.1113613843917847 -0.2783680260181427 3.2405591011047363
v -0.9338530898094177 -0.28012627363204956 3.2616310119628906
v -0.7537910342216492 -0.28636154532432556 3.312325954437256
v -0.5594562292098999 -0.2853735387325287 3.3322832584381104
v -0.3502025902271271 -0.27917832136154175 3.261781930923462
v -0.15619435906410217 -0.2885805666446686 3.3614861965179443
v 0.062471114099025726 -0.30738571286201477 3.627596378326416
v 0.25051578879356384 -0.2728002965450287 3.2183775901794434
v 0.4312813878059387 -0.26380664110183716 3.0953245162963867
v 0.606757640838623 -0.2604658007621765 3.0576975345611572
v 0.7815210223197937 -0.2585625946521759 3.002180814743042
v 0.9594597816467285 -0.256651908159256 2.99721097946167
v 1.1032816171646118 -0.24990811944007874 2.8981575965881348
v 1.3099123239517212 -0.25514906644821167 2.921344041824341
v 1.4642972946166992 -0.2511940896511078 2.887226104736328
v 1.5767910480499268 -0.24639277160167694 2.783141851425171
v 1.7536723613739014 -0.2471349686384201 2.780518054962158
v 1.887212872505188 -0.24219338595867157 2.7407138347625732
v 2.0237913131713867 -0.24055472016334534 2.703862190246582
v -2.5763096809387207 -0.31061553955078125 3.284912586212158
v -2.424380302429199 -0.2938878536224365 3.370339870452881
v -2.120560884475708 -0.2770421504974365 3.269365072250366
v -1.952064871788025 -0.2783676087856293 3.3071188926696777
v -1.711159586906433 -0.2743583917617798 3.280749559402466
v -1.459990382194519 -0.26341015100479126 3.177133083343506
v -1.2901815176010132 -0.2675486207008362 3.243494987487793
v -1.0731472969055176 -0.2625500559806824 3.1834280490875244
v -0.9027238488197327 -0.26480525732040405 3.2233171463012695
v -0.7261401414871216 -0.2716924846172333 3.2779998779296875
v -0.5265479683876038 -0.2665230929851532 3.231945753097534
v -0.3236198127269745 -0.26234376430511475 3.1821603775024414
v -0.13291218876838684 -0.26944684982299805 3.2781403064727783
v 0.0808044895529747 -0.28971245884895325 3.5340237617492676
v 0.2621951997280121 -0.2552565336227417 3.1316678524017334
v 0.4376432001590729 -0.24790748953819275 3.02327561378479
v 0.6122516393661499 -0.24579307436943054 2.9964592456817627
v 0.7810479998588562 -0.24343647062778473 2.93796968460083
v 0.9536898732185364 -0.24128881096839905 2.9293711185455322
v 1.0913748741149902 -0.23482871055603027 2.8266239166259766
v 1.2941399812698364 -0.23980867862701416 2.8573083877563477
v 1.4509493112564087 -0.237404003739357 2.8310017585754395
v 1.5563111305236816 -0.23200419545173645 2.7229390144348145
v 1.7309033870697021 -0.23180368542671204 2.723353147506714
v 1.8569495677947998 -0.22758294641971588 2.677659273147583
v 1.992150068283081 -0.22512754797935486 2.6408164501190186
v -2.489373207092285 -0.28892871737480164 3.2142038345336914
v -2.332261800765991 -0.27284035086631775 3.2892813682556152
v -2.0583200454711914 -0.25932976603507996 3.213369131088257
v -1.8874647617340088 -0.26122790575027466 3.2496726512908936
v -1.6465740203857422 -0.2565074563026428 3.1939704418182373
v -1.4108169078826904 -0.2474975734949112 3.1193575859069824
v -1.2414716482162476 -0.25106164813041687 3.171220064163208
v -1.0348100662231445 -0.24735546112060547 3.1226072311401367
v -0.8707348704338074 -0.2503150701522827 3.175452470779419
v -0.6992339491844177 -0.2579038739204407 3.2356226444244385
v -0.4901847243309021 -0.24750839173793793 3.1199159622192383
v -0.29987600445747375 -0.24782097339630127 3.1247785091400146
v -0.11111574620008469 -0.25115326046943665 3.193894863128662
v 0.0964810773730278 -0.2611558139324188 3.3544909954071045
v 0.27362778782844543 -0.2387923151254654 3.0491206645965576
v 0.4427381753921509 -0.23260140419006348 2.952775716781616
v 0.6159591674804688 -0.23143373429775238 2.930957317352295
v 0.7824627161026001 -0.22897954285144806 2.8863773345947266
v 0.9482237100601196 -0.22725631296634674 2.8618342876434326
v 1.0801119804382324 -0.22042638063430786 2.758084535598755
v 1.2770402431488037 -0.2249990999698639 2.7925901412963867
v 1.4364047050476074 -0.22426973283290863 2.7746026515960693
v 1.5400665998458862 -0.21837419271469116 2.6730728149414062
v 1.7067164182662964 -0.21753175556659698 2.666545867919922
v 1.8283135890960693 -0.21383725106716156 2.6189217567443848
v 1.9613035917282104 -0.2104504555463791 2.579540729522705
v -2.40053129196167 -0.26666587591171265 3.1449811458587646
v -2.2524406909942627 -0.2548249363899231 3.220592975616455
v -2.001413345336914 -0.24220731854438782 3.1592774391174316
v -1.8223490715026855 -0.2446141093969345 3.183281421661377
v -1.5785853862762451 -0.2392023652791977 3.0971405506134033
v -1.365764856338501 -0.23248635232448578 3.0650386810302734
v -1.1936123371124268 -0.2355813980102539 3.0960962772369385
v -0.9951201677322388 -0.23212799429893494 3.056797981262207
v -0.8388728499412537 -0.23609501123428345 3.1202635765075684
v -0.6675878763198853 -0.2423241287469864 3.169424057006836
v -0.4515000879764557 -0.22862771153450012 2.9962990283966064
v -0.27991923689842224 -0.23444081842899323 3.092270851135254
v -0.0900484174489975 -0.23354889452457428 3.102452516555786
v 0.10824453830718994 -0.23819120228290558 3.1765172481536865
v 0.2839291989803314 -0.2232697457075119 2.971262216567993
v 0.4469241499900818 -0.2180042266845703 2.8791122436523438
v 0.6184033155441284 -0.217688649892807 2.863415479660034
v 0.7852209210395813 -0.2147677093744278 2.840912342071533
v 0.9429097175598145 -0.2136339545249939 2.7956864833831787
v 1.0693258047103882 -0.2067888230085373 2.6922740936279297
v 1.2584507465362549 -0.21036262810230255 2.7272212505340576
v 1.422268271446228 -0.21154408156871796 2.720783233642578
v 1.5262079238891602 -0.2052503377199173 2.6248207092285156
v 1.683894157409668 -0.20402409136295319 2.6122047901153564
v 1.7999904155731201 -0.20064420998096466 2.5620694160461426
v 1.928670883178711 -0.19640012085437775 2.517021656036377
v -2.3182692527770996 -0.24506406486034393 3.076375961303711
v -2.177487373352051 -0.2380436807870865 3.1493115425109863
v -1.940009355545044 -0.22527070343494415 3.094247579574585
v -1.7497286796569824 -0.22743524610996246 3.0938069820404053
v -1.5106427669525146 -0.22245964407920837 3.0006585121154785
v -1.3228267431259155 -0.21816186606884003 3.0060813426971436
v -1.147179365158081 -0.22053465247154236 3.0196263790130615
v -0.9562472105026245 -0.2174960970878601 2.990053176879883
v -0.8066037893295288 -0.22177034616470337 3.0575973987579346
v -0.6292842626571655 -0.2242298424243927 3.070636749267578
v -0.4158705174922943 -0.21092312037944794 2.8808786869049072
v -0.2626788318157196 -0.22197076678276062 3.0786633491516113
v -0.06962274760007858 -0.2162856161594391 3.0032801628112793
v 0.11843705177307129 -0.21663112938404083 3.0172221660614014
v 0.29234758019447327 -0.20843112468719482 2.8946497440338135
v 0.4509575068950653 -0.20404158532619476 2.8090014457702637
v 0.6186603903770447 -0.2037256956100464 2.789722442626953
v 0.788088858127594 -0.2011738419532776 2.7947237491607666
v 0.9376116394996643 -0.20021145045757294 2.7337703704833984
v 1.058578610420227 -0.19373765587806702 2.6274242401123047
v 1.238525152206421 -0.1960299015045166 2.6587517261505127
v 1.4067809581756592 -0.19856056571006775 2.6672377586364746
v 1.5107159614562988 -0.1925278902053833 2.574218273162842
v 1.6663777828216553 -0.1914135217666626 2.5639615058898926
v 1.773823618888855 -0.18793778121471405 2.507585287094116
v 1.8965880870819092 -0.18327710032463074 2.456324577331543
v -2.248297691345215 -0.22541511058807373 3.0154056549072266
v -2.10402774810791 -0.22153587639331818 3.0741913318634033
v -1.8713170289993286 -0.2087426334619522 3.015639305114746
v -1.6696739196777344 -0.21014174818992615 2.9847090244293213
v -1.4493929147720337 -0.206733837723732 2.91713547706604
v -1.27965247631073 -0.20425629615783691 2.9411749839782715
v -1.1025526523590088 -0.20607063174247742 2.9460341930389404
v -0.9201436638832092 -0.20357884466648102 2.926792860031128
v -0.7743412256240845 -0.2072848677635193 2.9887542724609375
v -0.5859498381614685 -0.20455263555049896 2.9372713565826416
v -0.38677912950515747 -0.1951911300420761 2.7939398288726807
v -0.24392835795879364 -0.20956258475780487 3.0454678535461426
v -0.04979062080383301 -0.19986075162887573 2.9086217880249023
v 0.12783674895763397 -0.19683685898780823 2.8707470893859863
v 0.2992214262485504 -0.19425328075885773 2.8160386085510254
v 0.4549540579319 -0.19042080640792847 2.741166830062866
v 0.6150459051132202 -0.1891447752714157 2.7071664333343506
v 0.7898338437080383 -0.18812191486358643 2.745534658432007
v 0.9318802356719971 -0.18694669008255005 2.6749753952026367
v 1.0473549365997314 -0.18096131086349487 2.5621984004974365
v 1.220578908920288 -0.18269184231758118 2.589754104614258
v 1.3896477222442627 -0.18557125329971313 2.612867593765259
v 1.4916129112243652 -0.17993034422397614 2.517193555831909
v 1.6506294012069702 -0.179524227976799 2.519944190979004
v 1.7498607635498047 -0.17585812509059906 2.4554953575134277
v 1.8682886362075806 -0.17091023921966553 2.3988757133483887
v -2.1861772537231445 -0.2081737220287323 2.957320213317871
v -2.0302700996398926 -0.20515571534633636 2.9924206733703613
v -1.8006000518798828 -0.19309699535369873 2.930438280105591
v -1.5893704891204834 -0.19310668110847473 2.8700273036956787
v -1.3944001197814941 -0.19265978038311005 2.8447446823120117
v -1.2327227592468262 -0.1902773678302765 2.8712897300720215
v -1.060947299003601 -0.19227908551692963 2.8774824142456055
v -0.8871793746948242 -0.19011972844600677 2.8674817085266113
v -0.7365790009498596 -0.19211943447589874 2.9080543518066406
v -0.5423167943954468 -0.18491050601005554 2.797654390335083
v -0.36318239569664 -0.18184031546115875 2.73812198638916
v -0.21774759888648987 -0.19019024074077606 2.9059126377105713
v -0.03177034482359886 -0.18495506048202515 2.834416389465332
v 0.1360786110162735 -0.1787218600511551 2.7341039180755615
v 0.3040890395641327 -0.1799924671649933 2.730926990509033
v 0.45901986956596375 -0.17732718586921692 2.673463821411133
v 0.6080167889595032 -0.17462964355945587 2.6162333488464355
v 0.7920328378677368 -0.1760210543870926 2.6939189434051514
v 0.9253742694854736 -0.17407633364200592 2.6184160709381104
v 1.035204529762268 -0.16817159950733185 2.496643543243408
v 1.2027169466018677 -0.16915170848369598 2.5185329914093018
v 1.3720778226852417 -0.17237049341201782 2.556196451187134
v 1.4696558713912964 -0.16755320131778717 2.456103801727295
v 1.6344226598739624 -0.16779890656471252 2.476386070251465
v 1.725614070892334 -0.1637732833623886 2.4042141437530518
v 1.8469198942184448 -0.15746380388736725 2.3339099884033203
v -2.1277897357940674 -0.19287283718585968 2.9018964767456055
v -1.9556745290756226 -0.18904681503772736 2.905275344848633
v -1.7312989234924316 -0.17865900695323944 2.8438236713409424
v -1.5181827545166016 -0.1778789907693863 2.7702269554138184
v -1.3448317050933838 -0.17925548553466797 2.780625820159912
v -1.185834527015686 -0.17693033814430237 2.8027803897857666
v -1.0200343132019043 -0.17912979423999786 2.811415672302246
v -0.8542066216468811 -0.17683328688144684 2.8054940700531006
v -0.6949127912521362 -0.176433265209198 2.803617238998413
v -0.5002670884132385 -0.16635729372501373 2.6666183471679688
v -0.3440704345703125 -0.17082734405994415 2.7127747535705566
v -0.18468865752220154 -0.1690562516450882 2.722181558609009
v -0.01410603802651167 -0.17267237603664398 2.7910404205322266
v 0.14460444450378418 -0.1623431295156479 2.6141767501831055
v 0.3096160888671875 -0.16627000272274017 2.648361921310425
v 0.46321216225624084 -0.16482803225517273 2.6077024936676025
v 0.5998271703720093 -0.1606544852256775 2.521097421646118
v 0.7954638004302979 -0.16456151008605957 2.6412627696990967
v 0.9190753698348999 -0.1618882417678833 2.5620884895324707
v 1.0228089094161987 -0.15577900409698486 2.4320287704467773
v 1.1795260906219482 -0.15609920024871826 2.439516067504883
v 1.3490307331085205 -0.15899942815303802 2.4896512031555176
v 1.4457979202270508 -0.15537554025650024 2.3944993019104004
v 1.6190975904464722 -0.15647101402282715 2.4300122261047363
v 1.7005724906921387 -0.15150034427642822 2.3521804809570312
v -2.314258575439453 -0.20862960815429688 2.8678174018859863
v -2.070495128631592 -0.17838932573795319 2.846472978591919
v -1.8813718557357788 -0.17407141625881195 2.8189055919647217
v -1.6615004539489746 -0.16481751203536987 2.7576093673706055
v -1.4607410430908203 -0.1650218367576599 2.6985433101654053
v -1.2975804805755615 -0.1660090982913971 2.718663215637207
v -1.1412051916122437 -0.16422796249389648 2.736665725708008
v -0.9782648086547852 -0.16580253839492798 2.741997480392456
v -0.817022979259491 -0.16305378079414368 2.7321689128875732
v -0.6477872729301453 -0.15963858366012573 2.6742000579833984
v -0.46094810962677 -0.14952318370342255 2.5512642860412598
v -0.3272590637207031 -0.16070958971977234 2.7054283618927
v -0.15579454600811005 -0.14481665194034576 2.514334201812744
v 0.005348725710064173 -0.16304944455623627 2.790053606033325
v 0.15344370901584625 -0.14736147224903107 2.5099282264709473
v 0.2948656380176544 -0.1398923248052597 2.4167418479919434
v 0.46724265813827515 -0.1527041792869568 2.545977830886841
v 0.5920509696006775 -0.14703162014484406 2.4285671710968018
v 0.7952972650527954 -0.15192614495754242 2.584350347518921
v 0.9127510190010071 -0.1500898003578186 2.506551504135132
v 1.0102207660675049 -0.1436282843351364 2.3687829971313477
v 1.1524460315704346 -0.14354996383190155 2.354846239089966
v 1.3178362846374512 -0.14595332741737366 2.405590772628784
v 1.4203507900238037 -0.1434350609779358 2.3318912982940674
v 1.5939680337905884 -0.14475859701633453 2.372962474822998
v 1.6757900714874268 -0.13960221409797668 2.299764633178711
v -2.2080531120300293 -0.18411622941493988 2.7971200942993164
v -2.0079221725463867 -0.16464561223983765 2.78460693359375
v -1.8086086511611938 -0.15997786819934845 2.7363061904907227
v -1.597031593322754 -0.1517542153596878 2.6788854598999023
v -1.4127076864242554 -0.1538389027118683 2.644534111022949
v -1.2525957822799683 -0.15326766669750214 2.655945301055908
v -1.0987982749938965 -0.15251363813877106 2.6748435497283936
v -0.9347938895225525 -0.15227575600147247 2.66611647605896
v -0.7753158807754517 -0.14850664138793945 2.644709587097168
v -0.5996206998825073 -0.14246828854084015 2.540248394012451
v -0.43050986528396606 -0.13543596863746643 2.470579147338867
v -0.3131536543369293 -0.15146422386169434 2.7061173915863037
v -0.13607551157474518 -0.13210634887218475 2.439837694168091
v 0.02571161277592182 -0.1549011617898941 2.8367278575897217
v 0.16236503422260284 -0.13359679281711578 2.418689727783203
v 0.30125126242637634 -0.12869121134281158 2.3574118614196777
v 0.47135645151138306 -0.14084352552890778 2.4873147010803223
v 0.5866687297821045 -0.13363604247570038 2.348646402359009
v 0.7922475934028625 -0.13981078565120697 2.530958652496338
v 0.9081259369850159 -0.13879498839378357 2.4560959339141846
v 0.9981881380081177 -0.13174062967300415 2.309002637863159
v 1.1226314306259155 -0.13074368238449097 2.2663702964782715
v 1.2813971042633057 -0.13325977325439453 2.3126766681671143
v 1.3960919380187988 -0.13204124569892883 2.271919012069702
v 1.5631009340286255 -0.1332244575023651 2.3099124431610107
v 1.6502225399017334 -0.12837505340576172 2.247109889984131
v -2.1133666038513184 -0.16453702747821808 2.706951141357422
v -1.9417370557785034 -0.15173020958900452 2.716991901397705
v -1.7422446012496948 -0.1466313749551773 2.6647043228149414
v -1.539201259613037 -0.13953514397144318 2.6097829341888428
v -1.3665205240249634 -0.1425848752260208 2.5913352966308594
v -1.2078198194503784 -0.1410166174173355 2.5924410820007324
v -1.0582717657089233 -0.14114117622375488 2.6160638332366943
v -0.8913429975509644 -0.13897228240966797 2.5864856243133545
v -0.7327646613121033 -0.13444730639457703 2.5494508743286133
v -0.5561412572860718 -0.12618522346019745 2.424081325531006
v -0.4068126380443573 -0.12380949407815933 2.423292636871338
v -0.29463279247283936 -0.1399746984243393 2.6550369262695312
v -0.11725444346666336 -0.12185727059841156 2.3761024475097656
v 0.04245069622993469 -0.14674021303653717 2.886343002319336
v 0.171372190117836 -0.12106397747993469 2.338644504547119
v 0.3085341453552246 -0.11847873032093048 2.3035831451416016
v 0.47484347224235535 -0.12923720479011536 2.428299903869629
v 0.5822025537490845 -0.12112047523260117 2.2769646644592285
v 0.7817891836166382 -0.1276496946811676 2.4594082832336426
v 0.905183732509613 -0.1277124285697937 2.410201072692871
v 0.9862284064292908 -0.12030491977930069 2.2522363662719727
v 1.0931082963943481 -0.11879849433898926 2.1805684566497803
v 1.2466819286346436 -0.12095828354358673 2.2250120639801025
v 1.3737139701843262 -0.12082517147064209 2.214582681655884
v 1.5287004709243774 -0.12188313156366348 2.242469549179077
v 1.6232080459594727 -0.11749769002199173 2.191868305206299
v -2.0410475730895996 -0.1492026448249817 2.653331995010376
v -1.8764020204544067 -0.13939985632896423 2.6496176719665527
v -1.6857867240905762 -0.13452012836933136 2.6055803298950195
v -1.4873847961425781 -0.12870052456855774 2.5505447387695312
v -1.320116400718689 -0.13137012720108032 2.5345587730407715
v -1.1644401550292969 -0.12965278327465057 2.5307881832122803
v -1.0178362131118774 -0.12976421415805817 2.554248571395874
v -0.8479751944541931 -0.12562350928783417 2.5025291442871094
v -0.6926494240760803 -0.12116410583257675 2.4568490982055664
v -0.5199381113052368 -0.11258555948734283 2.338042736053467
v -0.3888343274593353 -0.11476627737283707 2.4060306549072266
v -0.24337293207645416 -0.1129070371389389 2.3645689487457275
v -0.10064617544412613 -0.11046336591243744 2.3169264793395996
v 0.05750713497400284 -0.13557220995426178 2.845004081726074
v 0.18022064864635468 -0.11006580293178558 2.269794225692749
v 0.31650298833847046 -0.1095549538731575 2.260256052017212
v 0.47767338156700134 -0.11824975162744522 2.3708391189575195
v 0.5772435665130615 -0.10987062752246857 2.2106308937072754
v 0.7666431665420532 -0.11562629044055939 2.375262975692749
v 0.9039839506149292 -0.11728201061487198 2.3679418563842773
v 0.9758297204971313 -0.1097337007522583 2.200396776199341
v 1.060787320137024 -0.10758063942193985 2.0884716510772705
v 1.2160784006118774 -0.10944797843694687 2.1484780311584473
v 1.3521368503570557 -0.11024129390716553 2.15873122215271
v 1.4921143054962158 -0.1112356036901474 2.170044183731079
v 1.5935851335525513 -0.10714738070964813 2.131221294403076
v -1.9774665832519531 -0.13615034520626068 2.602816104888916
v -1.8169221878051758 -0.12787598371505737 2.586710214614868
v -1.6332859992980957 -0.12346635013818741 2.548724889755249
v -1.4396843910217285 -0.11897852271795273 2.4973385334014893
v -1.273331642150879 -0.12036169320344925 2.4770383834838867
v -1.123742699623108 -0.11915284395217896 2.4753406047821045
v -0.9752019047737122 -0.1180712878704071 2.4842426776885986
v -0.8048038482666016 -0.11272788047790527 2.4185948371887207
v -0.6552733182907104 -0.10882814973592758 2.370450496673584
v -0.49058997631073 -0.10135266184806824 2.2737042903900146
v -0.37377554178237915 -0.1073622852563858 2.4034969806671143
v -0.22047731280326843 -0.10214263945817947 2.27402663230896
v -0.08521553128957748 -0.10045354813337326 2.272129535675049
v 0.06952864676713943 -0.11890549957752228 2.728203296661377
v 0.18884435296058655 -0.10008164495229721 2.210045337677002
v 0.3253134489059448 -0.10085643082857132 2.221388816833496
v 0.47946667671203613 -0.10770638287067413 2.314040184020996
v 0.5729067325592041 -0.09930673241615295 2.150280475616455
v 0.752801775932312 -0.10541802644729614 2.2993271350860596
v 0.9032843112945557 -0.10783921182155609 2.327129602432251
v 0.9661784768104553 -0.09997855871915817 2.1515109539031982
v 1.0244032144546509 -0.09340902417898178 2.012782096862793
v 1.190539002418518 -0.09903503209352493 2.083404302597046
v 1.329628586769104 -0.10039152204990387 2.103381395339966
v 1.4582632780075073 -0.10106655210256577 2.1004891395568848
v 1.5640336275100708 -0.09716031700372696 2.0707836151123047
v -1.9177323579788208 -0.12431751936674118 2.5517220497131348
v -1.7635648250579834 -0.11719308793544769 2.5314815044403076
v -1.5812089443206787 -0.11299338191747665 2.4931516647338867
v -1.3947774171829224 -0.11004918813705444 2.448181390762329
v -1.2290643453598022 -0.10989708453416824 2.422290563583374
v -1.0858510732650757 -0.10900811851024628 2.4250969886779785
v -0.9301161766052246 -0.10604936629533768 2.405177593231201
v -0.7658576369285583 -0.1006186455488205 2.3434462547302246
v -0.6205543875694275 -0.09732577949762344 2.291170120239258
v -0.46573352813720703 -0.09181703627109528 2.2228784561157227
v -0.3592905104160309 -0.10071003437042236 2.408599615097046
v -0.2005697339773178 -0.09196561574935913 2.202202796936035
v -0.07047159224748611 -0.0915788933634758 2.2381601333618164
v 0.07807091623544693 -0.10354985296726227 2.55953049659729
v 0.1970527619123459 -0.09091909229755402 2.15806245803833
v 0.33309316635131836 -0.09209989756345749 2.1814393997192383
v 0.48053619265556335 -0.0976385846734047 2.258113384246826
v 0.5700415372848511 -0.08936597406864166 2.096492052078247
v 0.7415708899497986 -0.0959072858095169 2.230050802230835
v 0.9027093648910522 -0.09879513084888458 2.2891294956207275
v 0.957356333732605 -0.09096760302782059 2.104914665222168
v 1.0127651691436768 -0.08472646027803421 1.9666070938110352
v 1.1681798696517944 -0.08928028494119644 2.0237789154052734
v 1.3077647686004639 -0.09105927497148514 2.0497078895568848
v 1.4273414611816406 -0.09129263460636139 2.037985324859619
v 1.535241961479187 -0.08732254058122635 2.0140540599823
v -1.8624897003173828 -0.11304672062397003 2.502645969390869
v -1.7155696153640747 -0.10739066451787949 2.4859161376953125
v -1.531659483909607 -0.1030997559428215 2.4432482719421387
v -1.352907657623291 -0.10123006254434586 2.399961471557617
v -1.189108967781067 -0.10021771490573883 2.3750827312469482
v -1.050930380821228 -0.09936539828777313 2.379639148712158
v -0.8864220380783081 -0.0944514200091362 2.3260278701782227
v -0.7325337529182434 -0.08985543251037598 2.2862582206726074
v -0.587822675704956 -0.08677298575639725 2.223174571990967
v -0.4441675841808319 -0.08298026025295258 2.183743476867676
v -0.34556901454925537 -0.09387268126010895 2.4164090156555176
v -0.18311473727226257 -0.08241871744394302 2.1437125205993652
v -0.056203730404376984 -0.08351529389619827 2.2147130966186523
v 0.08667847514152527 -0.08626022934913635 2.3231453895568848
v 0.20515045523643494 -0.08249624073505402 2.11179256439209
v 0.3397709131240845 -0.08356770128011703 2.1424903869628906
v 0.48125505447387695 -0.08793874830007553 2.2031569480895996
v 0.5688244700431824 -0.0801045149564743 2.0493063926696777
v 0.7343209981918335 -0.0866185650229454 2.1681621074676514
v 0.902489423751831 -0.0899178609251976 2.253302574157715
v 0.9492253065109253 -0.08218424767255783 2.059274673461914
v 1.003462314605713 -0.07637278735637665 1.925313949584961
v 1.1475372314453125 -0.08015458285808563 1.96792471408844
v 1.2871674299240112 -0.08203369379043579 1.9991732835769653
v 1.400894045829773 -0.08228639513254166 1.9858927726745605
v 1.5091456174850464 -0.07802294939756393 1.9633086919784546
v -1.8142290115356445 -0.10249463468790054 2.457143783569336
v -1.67212975025177 -0.09806458652019501 2.445402145385742
v -1.4862263202667236 -0.09378505498170853 2.398556709289551
v -1.311223030090332 -0.09250098466873169 2.3505561351776123
v -1.1548967361450195 -0.09121875464916229 2.3373265266418457
v -1.0177592039108276 -0.08989594876766205 2.3338162899017334
v -0.8465131521224976 -0.0836925283074379 2.2528059482574463
v -0.7047966718673706 -0.08015205711126328 2.240313768386841
v -0.5572634935379028 -0.07703488320112228 2.16168212890625
v -0.4257746636867523 -0.07507195323705673 2.157512664794922
v -0.3318670988082886 -0.08653758466243744 2.415436267852783
v -0.16648828983306885 -0.07362926006317139 2.0983352661132812
v -0.041787076741456985 -0.07575776427984238 2.2040247917175293
v 0.09551184624433517 -0.07584875822067261 2.220015048980713
v 0.213188037276268 -0.07462093979120255 2.0676143169403076
v 0.3461589515209198 -0.07540027797222137 2.1027843952178955
v 0.4818066358566284 -0.0789041742682457 2.1503634452819824
v 0.5683426856994629 -0.07137823104858398 2.006756067276001
v 0.7293697595596313 -0.07795947045087814 2.11236310005188
v 0.9032654762268066 -0.08123022317886353 2.22072172164917
v 0.941608726978302 -0.07376393675804138 2.016792058944702
v 0.9946609735488892 -0.06834840774536133 1.8849765062332153
v 1.1267685890197754 -0.0716550350189209 1.9135160446166992
v 1.2680257558822632 -0.07325013726949692 1.9522485733032227
v 1.3770592212677002 -0.07381004095077515 1.938192367553711
v 1.486735224723816 -0.0692773312330246 1.9164265394210815
v -1.7697527408599854 -0.0925181657075882 2.4142980575561523
v -1.6287760734558105 -0.08912800252437592 2.40756893157959
v -1.4462652206420898 -0.08525674790143967 2.3592755794525146
v -1.2673951387405396 -0.08373592048883438 2.2987332344055176
v -1.1271748542785645 -0.08291415870189667 2.3095548152923584
v -0.9804459810256958 -0.08031870424747467 2.2786483764648438
v -0.8122453093528748 -0.07428178936243057 2.1946866512298584
v -0.6819059252738953 -0.07183240354061127 2.2009458541870117
v -0.5279580354690552 -0.06783514469861984 2.104597330093384
v -0.4105859398841858 -0.06822791695594788 2.1461777687072754
v -0.3166138231754303 -0.07809567451477051 2.3827898502349854
v -0.1507955640554428 -0.06644437462091446 2.055704116821289
v -0.027295226231217384 -0.06842789798974991 2.2112393379211426
v 0.1042090654373169 -0.06665533781051636 2.1334714889526367
v 0.22118283808231354 -0.06701375544071198 2.02524733543396
v 0.3523707985877991 -0.06752408295869827 2.0621933937072754
v 0.48294442892074585 -0.07025084644556046 2.100356340408325
v 0.5682454109191895 -0.06368275731801987 1.9685496091842651
v 0.6908427476882935 -0.0635979026556015 1.9897351264953613
v 0.9045705199241638 -0.07288093119859695 2.1892168521881104
v 0.9363518357276917 -0.06570269912481308 1.9798001050949097
v 0.9865269064903259 -0.06111597642302513 1.8516477346420288
v 1.1071428060531616 -0.06342548877000809 1.8630096912384033
v 1.2481811046600342 -0.06522127240896225 1.9069254398345947
v 1.3537344932556152 -0.06562010943889618 1.890870451927185
v 1.471865177154541 -0.06155139580368996 1.8694941997528076
v -1.7275123596191406 -0.08303006738424301 2.373955488204956
v -1.581886887550354 -0.08034873008728027 2.3672685623168945
v -1.408196210861206 -0.07717478275299072 2.3207085132598877
v -1.2230242490768433 -0.07480151206254959 2.2486865520477295
v -1.1055145263671875 -0.07495514303445816 2.2868270874023438
v -0.9384585022926331 -0.07058479636907578 2.2136688232421875
v -0.7844115495681763 -0.06591688096523285 2.154395341873169
v -0.6563774347305298 -0.06357391923666 2.1539218425750732
v -0.5016319751739502 -0.05946072190999985 2.055429458618164
v -0.39731359481811523 -0.06213974952697754 2.1471095085144043
v -0.2888706624507904 -0.06699063628911972 2.267425537109375
v -0.13537436723709106 -0.05940006673336029 2.0122430324554443
v -0.012721419334411621 -0.062021419405937195 2.2388689517974854
v 0.11308464407920837 -0.05910610035061836 2.0614049434661865
v 0.22885888814926147 -0.05963887274265289 1.9847400188446045
v 0.3573208451271057 -0.05975540354847908 2.020735740661621
v 0.48488351702690125 -0.06190095096826553 2.0537986755371094
v 0.5677863359451294 -0.056672316044569016 1.9302386045455933
v 0.6859934329986572 -0.0565270334482193 1.9410868883132935
v 0.9051822423934937 -0.0648437887430191 2.1560425758361816
v 0.9325960278511047 -0.05818049982190132 1.9462751150131226
v 0.9798834919929504 -0.054058510810136795 1.820540189743042
v 1.089166522026062 -0.05575583502650261 1.8164172172546387
v 1.2269569635391235 -0.057815127074718475 1.8599799871444702
v 1.3310014009475708 -0.057426322251558304 1.8449838161468506
v -1.8389160633087158 -0.08240067213773727 2.285098075866699
v -1.68522047996521 -0.07376937568187714 2.334301471710205
v -1.5347530841827393 -0.07158360630273819 2.3248343467712402
v -1.3653349876403809 -0.06881999969482422 2.275017261505127
v -1.185977578163147 -0.06621559709310532 2.2121787071228027
v -1.0793803930282593 -0.06672261655330658 2.256718158721924
v -0.8974904417991638 -0.06139285862445831 2.1495516300201416
v -0.7629079818725586 -0.0582984983921051 2.13022780418396
v -0.6257010698318481 -0.0551358126103878 2.0932912826538086
v -0.47960248589515686 -0.05193565785884857 2.0189452171325684
v -0.3857482969760895 -0.05643093213438988 2.1594972610473633
v -0.24052764475345612 -0.05087148770689964 2.0365548133850098
v -0.1204269751906395 -0.052378419786691666 1.9693527221679688
v 0.003222490893676877 -0.05690508335828781 2.2975919246673584
v 0.12206459045410156 -0.05184772238135338 1.999150037765503
v 0.23611095547676086 -0.05242606997489929 1.9448081254959106
v 0.3605945110321045 -0.052073605358600616 1.9785436391830444
v 0.4875339865684509 -0.05416078492999077 2.0120046138763428
v 0.5669634342193604 -0.04993683844804764 1.8916462659835815
v 0.6800659894943237 -0.0495515875518322 1.8932620286941528
v 0.900621235370636 -0.05682750791311264 2.116245746612549
v 0.9295951128005981 -0.05115501955151558 1.9159371852874756
v 0.9755030870437622 -0.04727489873766899 1.792590856552124
v 1.073941707611084 -0.048693399876356125 1.7747846841812134
v 1.2050254344940186 -0.050724972039461136 1.809305191040039
v 1.311594843864441 -0.049629416316747665 1.8049595355987549
v -1.7634966373443604 -0.06707510352134705 2.2450664043426514
v -1.6406433582305908 -0.06463523209095001 2.2927823066711426
v -1.4899511337280273 -0.06287418305873871 2.281275749206543
v -1.3170008659362793 -0.060138069093227386 2.221451759338379
v -1.1603941917419434 -0.05843523517251015 2.1906397342681885
v -1.0402759313583374 -0.05762931704521179 2.2016894817352295
v -0.8630485534667969 -0.05331180617213249 2.098356008529663
v -0.7460272312164307 -0.051132526248693466 2.1160311698913574
v -0.592176079750061 -0.04699606075882912 2.023885726928711
v -0.4611961841583252 -0.04502960294485092 1.9941039085388184
v -0.3749895989894867 -0.05062513425946236 2.1783969402313232
v -0.22210989892482758 -0.04381388798356056 1.971692681312561
v -0.10625795274972916 -0.045388467609882355 1.9299867153167725
v 0.02028854377567768 -0.0516626238822937 2.382568120956421
v 0.1306803822517395 -0.04494493082165718 1.9458783864974976
v 0.24294932186603546 -0.04551020264625549 1.9059029817581177
v 0.3644028604030609 -0.04480117931962013 1.9358420372009277
v 0.4901086688041687 -0.04688968136906624 1.9739454984664917
v 0.5659304857254028 -0.0431164875626564 1.853173017501831
v 0.6735118627548218 -0.04256751015782356 1.847198247909546
v 0.8919186592102051 -0.04927947372198105 2.065476894378662
v 0.9269466996192932 -0.04453732445836067 1.8877019882202148
v 0.9725444912910461 -0.04078942537307739 1.7674484252929688
v 1.0606327056884766 -0.042049847543239594 1.7353544235229492
v 1.1825757026672363 -0.04389771819114685 1.758279800415039
v 1.295998215675354 -0.04269559681415558 1.7700486183166504
v -1.7059253454208374 -0.05710257589817047 2.209937810897827
v -1.5948939323425293 -0.055666498839855194 2.2496376037597656
v -1.4450154304504395 -0.05415308475494385 2.235837459564209
v -1.267525553703308 -0.05165233463048935 2.1661875247955322
v -1.1374197006225586 -0.05114123225212097 2.1734189987182617
v -0.9871402382850647 -0.04872135445475578 2.117077350616455
v -0.8353676199913025 -0.04619141295552254 2.0617480278015137
v -0.7306584119796753 -0.04449837654829025 2.1041507720947266
v -0.5600957870483398 -0.03942057490348816 1.9594751596450806
v -0.4462345540523529 -0.038798313587903976 1.9806694984436035
v -0.3649502992630005 -0.044678039848804474 2.1952452659606934
v -0.20635081827640533 -0.0370091088116169 1.9242613315582275
v -0.09318375587463379 -0.03858300298452377 1.8987667560577393
v 0.03544333204627037 -0.045387156307697296 2.4530558586120605
v 0.1389448642730713 -0.038115765899419785 1.899070143699646
v 0.24953830242156982 -0.03874155133962631 1.8689333200454712
v 0.36634963750839233 -0.03813605010509491 1.8895777463912964
v 0.49269378185272217 -0.03996286541223526 1.938170313835144
v 0.5649750828742981 -0.036449674516916275 1.815277338027954
v 0.6668031811714172 -0.03584878519177437 1.8013967275619507
v 0.8800528049468994 -0.04178246483206749 2.008014678955078
v 0.924997866153717 -0.03800206631422043 1.8621808290481567
v 0.9708899855613708 -0.03472510352730751 1.7456181049346924
v 1.0481867790222168 -0.03544813022017479 1.697226881980896
v 1.1598340272903442 -0.03730189427733421 1.7086873054504395
v 1.2825084924697876 -0.03594530373811722 1.7359540462493896
v -1.657120943069458 -0.049977242946624756 2.174893379211426
v -1.5492154359817505 -0.047443896532058716 2.2049663066864014
v -1.3958733081817627 -0.04550029709935188 2.180637836456299
v -1.2218211889266968 -0.04361026734113693 2.114321231842041
v -1.109118938446045 -0.04284350201487541 2.1419756412506104
v -0.9359296560287476 -0.04047423601150513 2.0358121395111084
v -0.8140621185302734 -0.03966525197029114 2.039510726928711
v -0.7095544338226318 -0.037935346364974976 2.0747156143188477
v -0.533053457736969 -0.03249373286962509 1.90836501121521
v -0.4341889023780823 -0.03313491865992546 1.9767791032791138
v -0.354898601770401 -0.03867099806666374 2.19700026512146
v -0.1903664767742157 -0.03055415488779545 1.886425495147705
v -0.08083590865135193 -0.03241518884897232 1.8786441087722778
v 0.048408977687358856 -0.038452114909887314 2.443347930908203
v 0.14690841734409332 -0.03156246244907379 1.8572646379470825
v 0.2561355531215668 -0.03227074816823006 1.8349666595458984
v 0.3666791319847107 -0.031646568328142166 1.8390209674835205
v 0.49538418650627136 -0.03317719325423241 1.9042009115219116
v 0.5636478662490845 -0.030244585126638412 1.7776095867156982
v 0.6606954336166382 -0.029911894351243973 1.7570147514343262
v 0.8695874810218811 -0.03429355472326279 1.9526046514511108
v 0.9241207838058472 -0.031688157469034195 1.83780837059021
v 0.9702703952789307 -0.02899964340031147 1.726441502571106
v 1.038097620010376 -0.028902266174554825 1.6638292074203491
v 1.1388095617294312 -0.031010078266263008 1.6632604598999023
v 1.2663006782531738 -0.029269656166434288 1.6965892314910889
v -1.612687349319458 -0.042590051889419556 2.1391425132751465
v -1.4972562789916992 -0.03929668664932251 2.151111602783203
v -1.3387980461120605 -0.0367700532078743 2.109947681427002
v -1.1793417930603027 -0.035796869546175 2.065206527709961
v -1.0639960765838623 -0.03486790880560875 2.0787549018859863
v -0.8965975046157837 -0.032928504049777985 1.9808930158615112
v -0.7964507937431335 -0.033228930085897446 2.025815963745117
v -0.6695011854171753 -0.030600467696785927 1.989679217338562
v -0.5111668705940247 -0.025963639840483665 1.8706753253936768
v -0.4238620698451996 -0.02768765203654766 1.9805195331573486
v -0.33561140298843384 -0.0316876620054245 2.1294538974761963
v -0.17644377052783966 -0.02497180551290512 1.8497198820114136
v -0.06859312951564789 -0.026477118954062462 1.8678603172302246
v 0.058891940861940384 -0.02951071783900261 2.37408709526062
v 0.15482603013515472 -0.025194987654685974 1.8196661472320557
v 0.26277726888656616 -0.026156026870012283 1.8037631511688232
v 0.36647894978523254 -0.02561204321682453 1.7881501913070679
v 0.4975740611553192 -0.02653536945581436 1.8712738752365112
v 0.5617445111274719 -0.02433033101260662 1.7401463985443115
v 0.6555542945861816 -0.024316757917404175 1.715764045715332
v 0.8544164299964905 -0.027776211500167847 1.892432689666748
v 0.9240416884422302 -0.025631537660956383 1.814928650856018
v 0.9704357981681824 -0.0236084945499897 1.7084152698516846
v 1.0300238132476807 -0.022654103115200996 1.6348621845245361
v 1.1193028688430786 -0.024841826409101486 1.620987057685852
v 1.2411696910858154 -0.022623950615525246 1.6465156078338623
v -1.5684537887573242 -0.03464747965335846 2.0978994369506836
v -1.4375108480453491 -0.031115639954805374 2.0865092277526855
v -1.2779555320739746 -0.028482511639595032 2.033419609069824
v -1.1371612548828125 -0.028221596032381058 2.0148978233337402
v -1.0098668336868286 -0.027381334453821182 1.990726113319397
v -0.8705230355262756 -0.0266509298235178 1.9508280754089355
v -0.7827191352844238 -0.02702275663614273 2.0149245262145996
v -0.5946926474571228 -0.018156634643673897 1.8172459602355957
v -0.49435359239578247 -0.019940746948122978 1.8465898036956787
v -0.4143950045108795 -0.022406142204999924 1.9883159399032593
v -0.280497670173645 -0.01820426620543003 1.892690896987915
v -0.1628434956073761 -0.019567890092730522 1.8117117881774902
v -0.05667674168944359 -0.020677722990512848 1.866473913192749
v 0.06635754555463791 -0.020993661135435104 2.2421579360961914
v 0.16276562213897705 -0.01909123733639717 1.7859978675842285
v 0.2693297863006592 -0.020349454134702682 1.7753143310546875
v 0.3679530620574951 -0.02044721506536007 1.7462143898010254
v 0.4992774724960327 -0.020059866830706596 1.8385661840438843
v 0.5600829124450684 -0.018438328057527542 1.7046113014221191
v 0.6528089046478271 -0.018886100500822067 1.679972767829895
v 0.7777800559997559 -0.017769791185855865 1.7171201705932617
v 0.9248277544975281 -0.01970551162958145 1.7939881086349487
v 0.9714068174362183 -0.018343452364206314 1.6918885707855225
v 1.0247381925582886 -0.01718556508421898 1.6105629205703735
v 1.1018383502960205 -0.018718089908361435 1.5807111263275146
v 1.212790846824646 -0.017011733725667 1.592550277709961
v -1.5196030139923096 -0.026608645915985107 2.0504045486450195
v -1.3771893978118896 -0.02313721738755703 2.018767833709717
v -1.2227376699447632 -0.021013645455241203 1.9672391414642334
v -1.0937426090240479 -0.021003004163503647 1.9613184928894043
v -0.9595242738723755 -0.020046083256602287 1.9150007963180542
v -0.8511508703231812 -0.020963013172149658 1.9297635555267334
v -0.7677978873252869 -0.020608721300959587 2.00167179107666
v -0.5663017630577087 -0.012786938808858395 1.7629916667938232
v -0.4800819456577301 -0.01436398271471262 1.8343344926834106
v -0.405056357383728 -0.01708493009209633 1.997994065284729
v -0.26281294226646423 -0.012888360768556595 1.8440946340560913
v -0.14891985058784485 -0.014069007709622383 1.771010398864746
v -0.04475393146276474 -0.014858600683510303 1.8761157989501953
v 0.07684826105833054 -0.013127767480909824 2.035029888153076
v 0.17071431875228882 -0.013159450143575668 1.7543907165527344
v 0.2758265733718872 -0.014751351438462734 1.7494511604309082
v 0.3718145489692688 -0.015545467846095562 1.713613510131836
v 0.5010093450546265 -0.013844437897205353 1.8062474727630615
v 0.5589849948883057 -0.012845934368669987 1.6708534955978394
v 0.650543749332428 -0.013465417549014091 1.6482555866241455
v 0.7705943584442139 -0.012685044668614864 1.6762568950653076
v 0.9255952835083008 -0.013889948837459087 1.775123119354248
v 0.972220242023468 -0.013160093687474728 1.675687551498413
v 1.019776463508606 -0.012005060911178589 1.587095856666565
v 1.0848616361618042 -0.012672079727053642 1.5411655902862549
v 1.1893271207809448 -0.011483300477266312 1.543879508972168
v -1.464090347290039 -0.01873152330517769 1.9912759065628052
v -1.3201546669006348 -0.01576724834740162 1.951015591621399
v -1.1763818264007568 -0.01451017800718546 1.9146158695220947
v -1.049152135848999 -0.01443417090922594 1.899927020072937
v -0.9224819540977478 -0.013568632304668427 1.8669579029083252
v -0.8344006538391113 -0.015555077232420444 1.9144411087036133
v -0.7406965494155884 -0.013227459974586964 1.9573041200637817
v -0.5439945459365845 -0.007357124704867601 1.7252752780914307
v -0.4682598114013672 -0.009190565906465054 1.8303934335708618
v -0.3958475589752197 -0.01157446764409542 2.0075910091400146
v -0.24746091663837433 -0.007625613361597061 1.8085834980010986
v -0.13503329455852509 -0.008647679351270199 1.7294039726257324
v -0.03248295560479164 -0.00900255050510168 1.8986451625823975
v 0.08519727736711502 -0.007448154501616955 1.9434081315994263
v 0.17852772772312164 -0.00743258697912097 1.723832607269287
v 0.2825375199317932 -0.009346699342131615 1.7258636951446533
v 0.3772478699684143 -0.009993641637265682 1.6901835203170776
v 0.5030232071876526 -0.008126004599034786 1.7757986783981323
v 0.5585878491401672 -0.007705016992986202 1.639556884765625
v 0.6494938731193542 -0.008436378091573715 1.6200544834136963
v 0.7614089250564575 -0.007612640969455242 1.6357858180999756
v 0.9265934228897095 -0.008310968056321144 1.758281946182251
v 0.9728235006332397 -0.007977676577866077 1.659179925918579
v 1.0151002407073975 -0.007040540687739849 1.564413070678711
v 1.0611296892166138 -0.005613975692540407 1.4971649646759033
v 1.1718218326568604 -0.006358330138027668 1.5043432712554932
v -1.4051387310028076 -0.011674417182803154 1.9202401638031006
v -1.2693089246749878 -0.009044570848345757 1.8930284976959229
v -1.1361955404281616 -0.008483923971652985 1.8688983917236328
v -1.0038665533065796 -0.00791541114449501 1.8348373174667358
v -0.8970727920532227 -0.007811401039361954 1.8411126136779785
v -0.8157238960266113 -0.009973527863621712 1.8963764905929565
v -0.6942157745361328 -0.007532120682299137 1.859047293663025
v -0.5262779593467712 -0.001897463109344244 1.6988893747329712
v -0.4575667381286621 -0.004192422144114971 1.8316388130187988
v -0.3866988718509674 -0.006204321049153805 2.0147132873535156
v -0.2329060286283493 -0.0023707409854978323 1.7775523662567139
v -0.12222040444612503 -0.003420846303924918 1.6909699440002441
v -0.019598091021180153 -0.002975400071591139 1.9358794689178467
v 0.09284485876560211 -0.0019707244355231524 1.8613402843475342
v 0.18587879836559296 -0.0019708832260221243 1.694183111190796
v 0.289137065410614 -0.004212894476950169 1.7026749849319458
v 0.382895290851593 -0.003818825352936983 1.6710550785064697
v 0.5049495100975037 -0.002847161842510104 1.746472716331482
v 0.5580885410308838 -0.002742218552157283 1.609807014465332
v 0.6493974924087524 -0.0034541094209998846 1.5949028730392456
v 0.7507332563400269 -0.00285742268897593 1.5955525636672974
v 0.9279783368110657 -0.0030388953164219856 1.7429044246673584
v 0.9730434417724609 -0.0028039133176207542 1.6420893669128418
v 1.0099979639053345 -0.0022713930811733007 1.541893482208252
v 1.050764560699463 -0.0006973184063099325 1.4687330722808838
v 1.1619129180908203 -0.0013311528600752354 1.469261646270752
v -1.3468786478042603 -0.004970224108546972 1.8537859916687012
v -1.2260440587997437 -0.002957304008305073 1.8475267887115479
v -1.0985807180404663 -0.0027881681453436613 1.8257343769073486
v -0.9632112383842468 -0.0016054187435656786 1.7783915996551514
v -0.8793565630912781 -0.0029703250620514154 1.8250203132629395
v -0.7930123805999756 -0.004511506762355566 1.870603084564209
v -0.6265710592269897 0.0008549626800231636 1.721909761428833
v -0.5115299224853516 0.003471747972071171 1.680967092514038
v -0.4482896029949188 0.0007215173682197928 1.8382468223571777
v -0.37470677495002747 -0.00023771387350279838 1.9992948770523071
v -0.21847601234912872 0.0024151266552507877 1.7480158805847168
v -0.11078561097383499 0.0014980832347646356 1.6584869623184204
v -0.006691401358693838 0.0038099722005426884 1.995689868927002
v 0.09975267946720123 0.003343202406540513 1.786600112915039
v 0.19277168810367584 0.0033124859910458326 1.6648483276367188
v 0.2950408458709717 0.0007551154121756554 1.6801689863204956
v 0.3869267404079437 0.0022407067008316517 1.651078224182129
v 0.5064514875411987 0.0021492778323590755 1.7178478240966797
v 0.5578535795211792 0.002085477812215686 1.582220196723938
v 0.6494216918945312 0.001393158920109272 1.5716993808746338
v 0.7403915524482727 0.0014424445107579231 1.5577380657196045
v 0.9299983978271484 0.001808737637475133 1.7286427021026611
v 0.9728602170944214 0.0022665380965918303 1.6249592304229736
v 1.0053250789642334 0.0022084906231611967 1.520482063293457
v 1.0419608354568481 0.004050352610647678 1.442821741104126
v -1.434400200843811 -0.0019065551459789276 1.8031197786331177
v -1.2980302572250366 0.0009868401102721691 1.8028216361999512
v -1.1881989240646362 0.002535005332902074 1.8090405464172363
v -1.0625208616256714 0.0027848826721310616 1.7836799621582031
v -0.930941104888916 0.004027476534247398 1.7398011684417725
v -0.8640592098236084 0.001737467828206718 1.8142743110656738
v -0.7626292705535889 0.0008674829732626677 1.8272031545639038
v -0.5973643660545349 0.005485550966113806 1.6725611686706543
v -0.49806591868400574 0.00796362292021513 1.6687712669372559
v -0.43996304273605347 0.005817072000354528 1.8494341373443604
v -0.31862321496009827 0.00877261720597744 1.7895750999450684
v -0.20497101545333862 0.006595422048121691 1.7180466651916504
v -0.10025648772716522 0.006140621844679117 1.6335628032684326
v 0.0060575068928301334 0.011632055044174194 2.076857805252075
v 0.10642579197883606 0.008183471858501434 1.7238672971725464
v 0.1992872804403305 0.008320696651935577 1.6374247074127197
v 0.3002045154571533 0.005776676815003157 1.6557917594909668
v 0.3892515003681183 0.008386251516640186 1.6270723342895508
v 0.507056713104248 0.007201422471553087 1.6870131492614746
v 0.5583230257034302 0.006686544045805931 1.5570048093795776
v 0.6465080976486206 0.006291260477155447 1.5446176528930664
v 0.7323869466781616 0.0055686794221401215 1.5236058235168457
v 0.9309854507446289 0.006488170474767685 1.7129466533660889
v 0.9727433323860168 0.007209221366792917 1.6079254150390625
v 1.0007742643356323 0.0068028573878109455 1.498948097229004
v 1.0347477197647095 0.008721807040274143 1.4191153049468994
v -1.3803582191467285 0.006221810355782509 1.7693440914154053
v -1.2577098608016968 0.0068188561126589775 1.7667663097381592
v -1.154058814048767 0.0077371965162456036 1.7757679224014282
v -1.0257123708724976 0.008392367511987686 1.7396018505096436
v -0.9069228768348694 0.009055793285369873 1.714996099472046
v -0.8494499921798706 0.006556139327585697 1.8057588338851929
v -0.7217862606048584 0.006541155744343996 1.753936529159546
v -0.574478268623352 0.010726192966103554 1.6374125480651855
v -0.4870338439941406 0.012817089445888996 1.6614898443222046
v -0.4321598410606384 0.011188690550625324 1.862962007522583
v -0.2982270121574402 0.012911696918308735 1.7303247451782227
v -0.19132134318351746 0.011022317223250866 1.685454249382019
v -0.08989795297384262 0.010755456984043121 1.6151161193847656
v 0.020124131813645363 0.019467957317829132 2.143260955810547
v 0.11444497853517532 0.012139144353568554 1.6807172298431396
v 0.20573502779006958 0.013063414953649044 1.6138240098953247
v 0.30476701259613037 0.010807362385094166 1.6286323070526123
v 0.4410054385662079 0.011034918949007988 1.7405707836151123
v 0.5076992511749268 0.01208512019366026 1.6559010744094849
v 0.5589194297790527 0.011160288006067276 1.532917857170105
v 0.647637128829956 0.010394376702606678 1.5241949558258057
v 0.7269961833953857 0.009898561984300613 1.4941871166229248
v 0.9303334951400757 0.011209309101104736 1.6947181224822998
v 0.9724448919296265 0.011872926726937294 1.5912200212478638
v 0.9953237771987915 0.011552797630429268 1.4769279956817627
v 1.0275542736053467 0.013323256745934486 1.3994779586791992
v -1.338354468345642 0.012261652387678623 1.7352266311645508
v -1.227231502532959 0.011928948573768139 1.7406762838363647
v -1.1229095458984375 0.012503082863986492 1.7463440895080566
v -0.9865040183067322 0.014226488769054413 1.6921391487121582
v -0.888800859451294 0.013506618328392506 1.698864221572876
v -0.8360678553581238 0.011152856051921844 1.7959308624267578
v -0.6775306463241577 0.012491364032030106 1.6719844341278076
v -0.5542616248130798 0.015850475057959557 1.6086311340332031
v -0.4773275852203369 0.017692405730485916 1.6593436002731323
v -0.4241660237312317 0.016653120517730713 1.8743605613708496
v -0.2813054621219635 0.01755976304411888 1.6892683506011963
v -0.1775142103433609 0.015586291439831257 1.6506978273391724
v -0.07955539226531982 0.015327977947890759 1.6039738655090332
v 0.031293828040361404 0.025318777188658714 2.1536433696746826
v 0.12182188034057617 0.016929268836975098 1.6433061361312866
v 0.21258285641670227 0.017440207302570343 1.5943130254745483
v 0.30890730023384094 0.015538578853011131 1.59822678565979
v 0.4478720724582672 0.016014141961932182 1.72738778591156
v 0.5087612867355347 0.016940580680966377 1.627155065536499
v 0.5593077540397644 0.015514037571847439 1.5098506212234497
v 0.6477767825126648 0.014449726790189743 1.5028365850448608
v 0.72397780418396 0.014403857290744781 1.4691078662872314
v 0.928303599357605 0.016126049682497978 1.6728122234344482
v 0.9719878435134888 0.016466422006487846 1.574782133102417
v 0.9902011156082153 0.01629156619310379 1.4558638334274292
v 1.0246304273605347 0.01758594997227192 1.3834824562072754
v -1.3014225959777832 0.017415711656212807 1.7077181339263916
v -1.2014400959014893 0.01683790609240532 1.7194013595581055
v -1.0932203531265259 0.01694883219897747 1.716749668121338
v -0.9490799307823181 0.019554026424884796 1.6465129852294922
v -0.8738114833831787 0.0178461205214262 1.688992977142334
v -0.8196939826011658 0.015510153956711292 1.779690146446228
v -0.6421278715133667 0.018279945477843285 1.6105384826660156
v -0.5385544300079346 0.02019673027098179 1.5918042659759521
v -0.46881845593452454 0.022556550800800323 1.6613918542861938
v -0.4152967929840088 0.02225634828209877 1.8811622858047485
v -0.2671835720539093 0.022265193983912468 1.658259391784668
v -0.16426458954811096 0.020245127379894257 1.6169648170471191
v -0.06895516812801361 0.02014533244073391 1.6018810272216797
v 0.039831727743148804 0.030932104215025902 2.1325085163116455
v 0.12909738719463348 0.02132808230817318 1.61385178565979
v 0.21970979869365692 0.02170691080391407 1.576221227645874
v 0.312547892332077 0.02002602443099022 1.5673059225082397
v 0.4447827935218811 0.016952374950051308 1.6748019456863403
v 0.5101974010467529 0.02154664695262909 1.6008070707321167
v 0.5596238374710083 0.019784489646553993 1.4872783422470093
v 0.6476424336433411 0.018536385148763657 1.480473518371582
v 0.7221179008483887 0.0187427569180727 1.4467670917510986
v 0.92645263671875 0.020924245938658714 1.649542212486267
v 0.9711229801177979 0.021034451201558113 1.5578649044036865
v 0.9864590764045715 0.02082049660384655 1.4367549419403076
v 1.023497223854065 0.021551186218857765 1.369511604309082
v -1.2713582515716553 0.0218620877712965 1.6858469247817993
v -1.1760345697402954 0.02174127660691738 1.6990407705307007
v -1.061406135559082 0.02152559719979763 1.6814892292022705
v -0.9193211793899536 0.024315685033798218 1.6131172180175781
v -0.8614988327026367 0.02216784469783306 1.6834747791290283
v -0.7908732891082764 0.020999496802687645 1.7382054328918457
v -0.616824209690094 0.023459311574697495 1.5740303993225098
v -0.5253746509552002 0.024554472416639328 1.5792810916900635
v -0.46150028705596924 0.027350857853889465 1.668680191040039
v -0.4057687520980835 0.027971653267741203 1.8811217546463013
v -0.25348690152168274 0.026227138936519623 1.633120059967041
v -0.15190812945365906 0.024755822494626045 1.5872082710266113
v -0.058199841529130936 0.02525414153933525 1.6114583015441895
v 0.048661887645721436 0.03767835721373558 2.083850145339966
v 0.1364535242319107 0.025596631690859795 1.5891156196594238
v 0.22652746737003326 0.026031846180558205 1.5550949573516846
v 0.31527137756347656 0.024251649156212807 1.5341964960098267
v 0.39231523871421814 0.026681963354349136 1.5005723237991333
v 0.5119706392288208 0.025837302207946777 1.5767455101013184
v 0.5602869391441345 0.02392992004752159 1.465658187866211
v 0.6484754681587219 0.022750401869416237 1.460050344467163
v 0.7205221652984619 0.022676482796669006 1.4257802963256836
v 0.9232674837112427 0.025666886940598488 1.6279747486114502
v 0.9700284004211426 0.025448491796851158 1.5400524139404297
v 0.9839720129966736 0.025116095319390297 1.4201322793960571
v 1.0242277383804321 0.025395654141902924 1.3574903011322021
v -1.2477405071258545 0.02600689046084881 1.669577717781067
v -1.1495282649993896 0.026603154838085175 1.6771066188812256
v -1.0240195989608765 0.026491450145840645 1.6381566524505615
v -0.8978410959243774 0.028643060475587845 1.592389464378357
v -0.8502644300460815 0.026659859344363213 1.6802568435668945
v -0.7489854097366333 0.026079410687088966 1.6672251224517822
v -0.5985958576202393 0.027877599000930786 1.551137924194336
v -0.5140595436096191 0.02919032983481884 1.5705864429473877
v -0.4553040564060211 0.03224590793251991 1.681424856185913
v -0.39480578899383545 0.03337935358285904 1.8693238496780396
v -0.24153220653533936 0.03004319965839386 1.6085479259490967
v -0.1402769684791565 0.028947964310646057 1.5617001056671143
v -0.047772832214832306 0.03059789538383484 1.6339761018753052
v 0.05535631254315376 0.04258149117231369 1.975644826889038
v 0.14424684643745422 0.02997986413538456 1.5699710845947266
v 0.23258823156356812 0.03045501932501793 1.5297942161560059
v 0.31422728300094604 0.030246565118432045 1.4854710102081299
v 0.39507174491882324 0.03050561435520649 1.4768052101135254
v 0.5136774778366089 0.03001745603978634 1.5541460514068604
v 0.5611222982406616 0.028044940903782845 1.4450154304504395
v 0.6500875353813171 0.026979129761457443 1.4427859783172607
v 0.7189991474151611 0.026743749156594276 1.4046733379364014
v 0.9166560173034668 0.029744688421487808 1.602264404296875
v 0.9686020016670227 0.02949005737900734 1.5218502283096313
v 0.9819012880325317 0.029147619381546974 1.4043635129928589
v 1.0248726606369019 0.029223913326859474 1.3465170860290527
v -1.2262184619903564 0.030054977163672447 1.6559237241744995
v -1.121583104133606 0.031525664031505585 1.6515660285949707
v -0.9844381213188171 0.0316045805811882 1.5904059410095215
v -0.8834112882614136 0.032809067517519 1.5821282863616943
v -0.8402630090713501 0.031435348093509674 1.677889347076416
v -0.7038779258728027 0.030780227854847908 1.5888065099716187
v -0.5829203128814697 0.031722668558359146 1.5328881740570068
v -0.5038508176803589 0.034029170870780945 1.5648550987243652
v -0.44838011264801025 0.037348780781030655 1.6988425254821777
v -0.3728843629360199 0.03833015263080597 1.806771159172058
v -0.22848008573055267 0.03427691012620926 1.5799331665039062
v -0.1290842741727829 0.03294379636645317 1.5393548011779785
v -0.037322837859392166 0.03630157932639122 1.6697683334350586
v 0.06692065298557281 0.03981940448284149 1.727083444595337
v 0.15257638692855835 0.034410037100315094 1.5565389394760132
v 0.2378002554178238 0.03480170667171478 1.5028011798858643
v 0.31619200110435486 0.03409207612276077 1.4563884735107422
v 0.3980201482772827 0.0339871384203434 1.4559237957000732
v 0.5154886245727539 0.03412420302629471 1.5327374935150146
v 0.562393069267273 0.03214553743600845 1.4255914688110352
v 0.6517557501792908 0.031233372166752815 1.4268242120742798
v 0.7166673541069031 0.03092832863330841 1.3843716382980347
v 0.8002299666404724 0.03197688236832619 1.3842062950134277
v 0.9664837718009949 0.03323134779930115 1.5030567646026611
v 0.9805501103401184 0.032837338745594025 1.3893463611602783
v 1.02578866481781 0.03280390053987503 1.3369598388671875
v -1.2042039632797241 0.034070227295160294 1.6398673057556152
v -1.0899107456207275 0.036194510757923126 1.6189384460449219
v -0.9501351118087769 0.03648442402482033 1.550520896911621
v -0.8728825449943542 0.036969467997550964 1.5795804262161255
v -0.8281181454658508 0.03584836423397064 1.6689584255218506
v -0.6617604494094849 0.03523654863238335 1.5176830291748047
v -0.5672587156295776 0.03578481078147888 1.5160609483718872
v -0.49422356486320496 0.0388396792113781 1.5621767044067383
v -0.44164544343948364 0.04244505241513252 1.7167960405349731
v -0.3123897314071655 0.041054800152778625 1.5966205596923828
v -0.21446886658668518 0.038569603115320206 1.546884298324585
v -0.11816689372062683 0.036989547312259674 1.5160884857177734
v -0.026443809270858765 0.043352097272872925 1.7218966484069824
v 0.07403269410133362 0.04363761469721794 1.6631535291671753
v 0.160297229886055 0.03905900940299034 1.5417081117630005
v 0.24248526990413666 0.038921911269426346 1.4774079322814941
v 0.31918296217918396 0.037871066480875015 1.4316588640213013
v 0.40147608518600464 0.03820059821009636 1.4376673698425293
v 0.5175638198852539 0.038173574954271317 1.511767864227295
v 0.5642008781433105 0.03626473620533943 1.407618522644043
v 0.6524981260299683 0.03511406108736992 1.4093624353408813
v 0.713894248008728 0.03480079397559166 1.364513874053955
v 0.7950255870819092 0.034447863698005676 1.3564624786376953
v 0.9633892178535461 0.036946266889572144 1.4838017225265503
v 0.9799667000770569 0.036588482558727264 1.3760478496551514
v 1.0265923738479614 0.03616590052843094 1.3278106451034546
v -1.1779544353485107 0.03844430670142174 1.6191294193267822
v -1.0505634546279907 0.040924202650785446 1.5760753154754639
v -0.9253479838371277 0.04093523696064949 1.525435447692871
v -0.8642903566360474 0.041181329637765884 1.5811768770217896
v -0.8038609623908997 0.040285874158144 1.6371526718139648
v -0.6268582344055176 0.03955024480819702 1.4622082710266113
v -0.5513734221458435 0.04021415859460831 1.4998176097869873
v -0.48577141761779785 0.04363973066210747 1.563148021697998
v -0.4345254898071289 0.047596026211977005 1.733121395111084
v -0.29359808564186096 0.04461127519607544 1.5467326641082764
v -0.19965194165706635 0.04281279072165489 1.510695457458496
v -0.10762925446033478 0.04105927050113678 1.4910575151443481
v -0.015101023018360138 0.05229002982378006 1.7954909801483154
v 0.081302210688591 0.04746934399008751 1.6173820495605469
v 0.1658337414264679 0.043534163385629654 1.5139600038528442
v 0.24703286588191986 0.042859114706516266 1.4532675743103027
v 0.32247665524482727 0.04160328581929207 1.4094479084014893
v 0.4721221327781677 0.04342551529407501 1.603608250617981
v 0.5199755430221558 0.042085547000169754 1.491791009902954
v 0.5660094022750854 0.04041755571961403 1.3905740976333618
v 0.651330292224884 0.03878910839557648 1.3880202770233154
v 0.7114064693450928 0.03833723068237305 1.3450868129730225
v 0.7910969257354736 0.03727886825799942 1.3329631090164185
v 0.9603671431541443 0.040802959352731705 1.4641587734222412
v 0.9803699851036072 0.040319036692380905 1.3655452728271484
v 1.0291783809661865 0.039573147892951965 1.3173729181289673
v -1.145816445350647 0.04301208257675171 1.5874241590499878
v -1.0060555934906006 0.045372042804956436 1.5213968753814697
v -0.9090641140937805 0.04514668509364128 1.5140140056610107
v -0.857184886932373 0.04536578431725502 1.5848236083984375
v -0.7635270357131958 0.04457830637693405 1.569098711013794
v -0.6004188060760498 0.04358547925949097 1.4230996370315552
v -0.5378686189651489 0.044571202248334885 1.4877029657363892
v -0.47875744104385376 0.04836695268750191 1.5681273937225342
v -0.4266799986362457 0.052747663110494614 1.7454900741577148
v -0.27826833724975586 0.04920627921819687 1.5057744979858398
v -0.18523737788200378 0.04684603959321976 1.475304365158081
v -0.09756390750408173 0.045129451900720596 1.4679317474365234
v -0.0032450847793370485 0.062041375786066055 1.8831313848495483
v 0.08849619328975677 0.05138754844665527 1.5745142698287964
v 0.16873891651630402 0.04709068685770035 1.465476393699646
v 0.25101542472839355 0.0465911440551281 1.4294580221176147
v 0.3256513476371765 0.045155346393585205 1.388949990272522
v 0.47797662019729614 0.048240385949611664 1.5901854038238525
v 0.5223605632781982 0.045860517770051956 1.473259449005127
v 0.5681052207946777 0.04441620409488678 1.3748152256011963
v 0.6479833722114563 0.04248454049229622 1.3633646965026855
v 0.7103126049041748 0.04180813208222389 1.3266607522964478
v 0.7887106537818909 0.04005866497755051 1.3138858079910278
v 0.9579537510871887 0.04467387497425079 1.4454233646392822
v 0.9816655516624451 0.04405687376856804 1.3570834398269653
v -1.197037696838379 0.0501277819275856 1.5181952714920044
v -1.106719732284546 0.047595590353012085 1.5464401245117188
v -0.955625593662262 0.050320036709308624 1.457750678062439
v -0.8979213833808899 0.04933895543217659 1.510214924812317
v -0.8503031134605408 0.04948139935731888 1.5889875888824463
v -0.7172870635986328 0.04864439740777016 1.4923009872436523
v -0.5853946208953857 0.04765483736991882 1.4054985046386719
v -0.527366578578949 0.04876014590263367 1.4821183681488037
v -0.47227782011032104 0.05306561663746834 1.5751993656158447
v -0.4189161956310272 0.057892292737960815 1.7502408027648926
v -0.26711830496788025 0.051361579447984695 1.4832031726837158
v -0.1722816377878189 0.05074508488178253 1.4443330764770508
v -0.088253915309906 0.049334730952978134 1.4507758617401123
v 0.009177166037261486 0.07068313658237457 1.9468013048171997
v 0.09521931409835815 0.05343309044837952 1.5387599468231201
v 0.17020182311534882 0.05188460648059845 1.4003088474273682
v 0.2545626163482666 0.050283219665288925 1.4046831130981445
v 0.32873088121414185 0.048624519258737564 1.3690359592437744
v 0.4838356375694275 0.05266975238919258 1.5760217905044556
v 0.5247648358345032 0.049644481390714645 1.456075668334961
v 0.5699988007545471 0.04835214465856552 1.3587546348571777
v 0.642250657081604 0.04575357213616371 1.3360188007354736
v 0.7096971273422241 0.04524892568588257 1.31038498878479
v 0.787553608417511 0.04324013367295265 1.2984870672225952
v 0.9570463299751282 0.04824857786297798 1.4293241500854492
v 0.9831517338752747 0.04773609712719917 1.3489018678665161
v -1.1590827703475952 0.05368723347783089 1.506723403930664
v -1.0645391941070557 0.05178561434149742 1.4960306882858276
v -0.9339582324028015 0.053482893854379654 1.4375241994857788
v -0.8897733688354492 0.05347411707043648 1.5112590789794922
v -0.8439767360687256 0.053485654294490814 1.5908031463623047
v -0.6787221431732178 0.052039824426174164 1.4350183010101318
v -0.5739483833312988 0.0512043721973896 1.3973339796066284
v -0.5196364521980286 0.0528145395219326 1.4839873313903809
v -0.4659651815891266 0.057699307799339294 1.5833797454833984
v -0.4107590317726135 0.06252337247133255 1.7467563152313232
v -0.25184184312820435 0.054287053644657135 1.4428858757019043
v -0.1611032336950302 0.054377421736717224 1.4187045097351074
v -0.07950855046510696 0.05366061255335808 1.4406086206436157
v 0.019612252712249756 0.07614876329898834 1.9560433626174927
v 0.100912906229496 0.056578051298856735 1.4976675510406494
v 0.17428374290466309 0.05468040704727173 1.3694705963134766
v 0.25861266255378723 0.05392608791589737 1.3812655210494995
v 0.3318118155002594 0.05193000286817551 1.3492587804794312
v 0.48796194791793823 0.056755758821964264 1.5615843534469604
v 0.5272036194801331 0.053446922451257706 1.4388686418533325
v 0.5706734657287598 0.05212455615401268 1.3403518199920654
v 0.6376645565032959 0.04884820058941841 1.3096684217453003
v 0.7098790407180786 0.04851727932691574 1.2960125207901
v 0.7873790860176086 0.0467657633125782 1.286933183670044
v 0.9564770460128784 0.05147026106715202 1.4149647951126099
v 0.984803318977356 0.051331643015146255 1.340743064880371
v -1.1324045658111572 0.05655815079808235 1.4859334230422974
v -1.0239520072937012 0.05578296259045601 1.4478509426116943
v -0.9192134141921997 0.05689728260040283 1.4267325401306152
v -0.8821930885314941 0.05746458098292351 1.5145950317382812
v -0.8344970941543579 0.057249560952186584 1.585745096206665
v -0.6524114608764648 0.05523078888654709 1.4026954174041748
v -0.5643680095672607 0.05513118952512741 1.3922120332717896
v -0.5131779909133911 0.05684288218617439 1.4912993907928467
v -0.4595540165901184 0.06228675693273544 1.592660903930664
v -0.391719251871109 0.06546036154031754 1.6993646621704102
v -0.23182719945907593 0.05899514630436897 1.385916829109192
v -0.15046247839927673 0.05787663906812668 1.394888162612915
v -0.0708245187997818 0.05819539725780487 1.4365220069885254
v 0.027408916503190994 0.0816023200750351 1.9435397386550903
v 0.1062522754073143 0.05944334343075752 1.4523835182189941
v 0.17939525842666626 0.057560596615076065 1.349377155303955
v 0.26347672939300537 0.05738276243209839 1.3621654510498047
v 0.3348337709903717 0.054968275129795074 1.330228328704834
v 0.4911969304084778 0.06095424294471741 1.5458085536956787
v 0.529473066329956 0.05725269764661789 1.4210933446884155
v 0.56996750831604 0.056333888322114944 1.316249966621399
v 0.6349037885665894 0.052076369524002075 1.2878029346466064
v 0.7107763290405273 0.05179248005151749 1.2828333377838135
v 0.7882205843925476 0.05031382292509079 1.2763452529907227
v 0.9553338885307312 0.05498271435499191 1.4006177186965942
v 0.986043393611908 0.054824743419885635 1.332088589668274
v -1.105123519897461 0.05913702771067619 1.4610095024108887
v -0.9752912521362305 0.06005183607339859 1.3958690166473389
v -0.9086283445358276 0.06077267974615097 1.4244167804718018
v -0.8752453923225403 0.061292849481105804 1.5188677310943604
v -0.8079860806465149 0.060861289501190186 1.5516576766967773
v -0.6343985795974731 0.05822395160794258 1.385414481163025
v -0.5544404983520508 0.05910782888531685 1.3874175548553467
v -0.5060168504714966 0.061214372515678406 1.4977302551269531
v -0.45313218235969543 0.06691936403512955 1.6031686067581177
v -0.3130941390991211 0.0627814382314682 1.4267797470092773
v -0.22005268931388855 0.06211651861667633 1.3629450798034668
v -0.1398831307888031 0.06126764044165611 1.3714075088500977
v -0.061651431024074554 0.06310706585645676 1.4397437572479248
v 0.03499472141265869 0.08683690428733826 1.9198788404464722
v 0.1119651347398758 0.0635281652212143 1.3954555988311768
v 0.18613898754119873 0.060570813715457916 1.3353095054626465
v 0.26865866780281067 0.06058688834309578 1.3465185165405273
v 0.33800095319747925 0.05796247720718384 1.3125818967819214
v 0.49364161491394043 0.06445853412151337 1.528367280960083
v 0.5316246151924133 0.060990456491708755 1.4035265445709229
v 0.5695610046386719 0.05963531509041786 1.2967720031738281
v 0.6342726945877075 0.05547841638326645 1.2706080675125122
v 0.7101512551307678 0.05537795275449753 1.2674809694290161
v 0.7903788089752197 0.05394326150417328 1.266531229019165
v 0.954694926738739 0.058586619794368744 1.3871960639953613
v 0.9873920679092407 0.05833166092634201 1.323035478591919
v -1.0749826431274414 0.06206057220697403 1.431870460510254
v -0.9525366425514221 0.06358259916305542 1.376837968826294
v -0.90107661485672 0.06447974592447281 1.4256184101104736
v -0.8681945204734802 0.06513495743274689 1.5232187509536743
v -0.7605893611907959 0.06290387362241745 1.4729571342468262
v -0.6198195219039917 0.06127319857478142 1.3720035552978516
v -0.5440690517425537 0.06343512237071991 1.3821868896484375
v -0.49887150526046753 0.06597104668617249 1.5016329288482666
v -0.44590991735458374 0.07151241600513458 1.6127238273620605
v -0.2958831787109375 0.0648505762219429 1.3808318376541138
v -0.20964041352272034 0.06519608199596405 1.3478468656539917
v -0.12979468703269958 0.0645606517791748 1.3506779670715332
v -0.05213022232055664 0.06938067823648453 1.4512661695480347
v 0.04331846907734871 0.0919361561536789 1.8830010890960693
v 0.11702270060777664 0.06605881452560425 1.3587790727615356
v 0.19177347421646118 0.06365328282117844 1.3189291954040527
v 0.2736686170101166 0.063562773168087 1.331834316253662
v 0.34061840176582336 0.06083260476589203 1.2969305515289307
v 0.49649348855018616 0.06772760301828384 1.5099592208862305
v 0.533684253692627 0.06470214575529099 1.3863639831542969
v 0.5696231126785278 0.06290524452924728 1.279323935508728
v 0.6350362300872803 0.05868616700172424 1.2566800117492676
v 0.713154673576355 0.05834411084651947 1.2582905292510986
v 0.7920026779174805 0.05746636167168617 1.2566016912460327
v 0.95331209897995 0.062298573553562164 1.3747873306274414
v 0.988726794719696 0.061948418617248535 1.31380295753479
v -1.042297124862671 0.06536094844341278 1.3986183404922485
v -0.9354866147041321 0.06712931394577026 1.3640363216400146
v -0.8944341540336609 0.06823660433292389 1.429166316986084
v -0.8606045246124268 0.06915588676929474 1.525390863418579
v -0.6867404580116272 0.06602522730827332 1.3563464879989624
v -0.6060319542884827 0.06444049626588821 1.3596642017364502
v -0.5335595607757568 0.06785179674625397 1.377441644668579
v -0.4919934570789337 0.07060680538415909 1.50398588180542
v -0.4380667507648468 0.0759013369679451 1.6206235885620117
v -0.28228071331977844 0.06796986609697342 1.3526815176010132
v -0.19968117773532867 0.06847885251045227 1.335330605506897
v -0.12039022892713547 0.06780283153057098 1.3333227634429932
v -0.042805906385183334 0.07573149353265762 1.4859899282455444
v 0.05097736418247223 0.09447315335273743 1.8048679828643799
v 0.12196531891822815 0.06859168410301208 1.3266524076461792
v 0.19676633179187775 0.06663646548986435 1.3020188808441162
v 0.27832305431365967 0.06645713001489639 1.317744493484497
v 0.3446132242679596 0.06396623700857162 1.2792993783950806
v 0.4997170865535736 0.0709395557641983 1.4917460680007935
v 0.5358498096466064 0.068360336124897 1.3702439069747925
v 0.5702856183052063 0.06610500067472458 1.2635056972503662
v 0.6362016201019287 0.06184183433651924 1.2445871829986572
v 0.7165089845657349 0.06129847839474678 1.2504596710205078
v 0.7928875684738159 0.06075195595622063 1.245350956916809
v 0.9476673007011414 0.06604117900133133 1.3592300415039062
v 0.9904323220252991 0.06557856500148773 1.3048175573349
v -1.0109080076217651 0.06856362521648407 1.366746425628662
v -0.9226229786872864 0.07089631259441376 1.3570547103881836
v -0.888310432434082 0.07202406972646713 1.434759497642517
v -0.8498966693878174 0.0731668695807457 1.5198100805282593
v -0.6614830493927002 0.0682002604007721 1.3226780891418457
v -0.5930726528167725 0.06763877719640732 1.3485305309295654
v -0.5237734317779541 0.07207272201776505 1.3744518756866455
v -0.4855632185935974 0.0753658190369606 1.5072047710418701
v -0.42985236644744873 0.08006905764341354 1.6211073398590088
v -0.2715132236480713 0.07120481878519058 1.3375463485717773
v -0.18928629159927368 0.07179295271635056 1.3240383863449097
v -0.11154087632894516 0.07099469751119614 1.3200041055679321
v -0.03338204324245453 0.0829353854060173 1.547141194343567
v 0.05869894102215767 0.09327991306781769 1.6880595684051514
v 0.1270057111978531 0.0711350291967392 1.2998243570327759
v 0.2015029788017273 0.06956583261489868 1.2850866317749023
v 0.2827552556991577 0.06934472918510437 1.3037217855453491
v 0.34738028049468994 0.06658629328012466 1.2659766674041748
v 0.502415657043457 0.07452869415283203 1.4735995531082153
v 0.5380181074142456 0.07190396636724472 1.355111837387085
v 0.5701570510864258 0.06940148770809174 1.2484145164489746
v 0.6374051570892334 0.06490360200405121 1.2331022024154663
v 0.7205331325531006 0.06448820978403091 1.243194341659546
v 0.7930813431739807 0.0638948455452919 1.2340141534805298
v 0.9387752413749695 0.06910993158817291 1.334701657295227
v 0.9929566979408264 0.06925838440656662 1.296255111694336
v -0.9836421608924866 0.07165911793708801 1.3396947383880615
v -0.9136260151863098 0.07416309416294098 1.3554610013961792
v -0.8826498985290527 0.07571274787187576 1.44120454788208
v -0.8242044448852539 0.07660328596830368 1.4837833642959595
v -0.6416175365447998 0.07101786881685257 1.2980726957321167
v -0.5810538530349731 0.07107972353696823 1.3391205072402954
v -0.5155714750289917 0.07614241540431976 1.374320149421692
v -0.4794875383377075 0.08025161176919937 1.5126368999481201
v -0.3473511338233948 0.07439721375703812 1.359342098236084
v -0.26122376322746277 0.07466249912977219 1.3276464939117432
v -0.1795811504125595 0.07455917447805405 1.3111742734909058
v -0.10285090655088425 0.07426562905311584 1.3091435432434082
v -0.023533174768090248 0.09193728864192963 1.6127700805664062
v 0.0672498494386673 0.0840630754828453 1.5168132781982422
v 0.13210581243038177 0.07357529550790787 1.2770249843597412
v 0.206014484167099 0.07227601110935211 1.2674249410629272
v 0.28734272718429565 0.07212036848068237 1.2895406484603882
v 0.35024046897888184 0.06953239440917969 1.2498213052749634
v 0.5046498775482178 0.07818689197301865 1.4559636116027832
v 0.5401992201805115 0.07529472559690475 1.3402841091156006
v 0.5713942050933838 0.07212482392787933 1.235086441040039
v 0.6393216252326965 0.06801346689462662 1.2219682931900024
v 0.7244182825088501 0.06777768582105637 1.235105276107788
v 0.7861108779907227 0.06717044115066528 1.2141691446304321
v 0.9260196685791016 0.07063227891921997 1.3025144338607788
v 0.9955737590789795 0.07310941070318222 1.2877538204193115
v -0.9609748125076294 0.07473424077033997 1.3189573287963867
v -0.9068799018859863 0.077540822327137 1.3572582006454468
v -0.877272367477417 0.07945016026496887 1.4461183547973633
v -0.7808868885040283 0.07776113599538803 1.4137409925460815
v -0.6250262260437012 0.07428308576345444 1.2797834873199463
v -0.5706794857978821 0.07475176453590393 1.3326023817062378
v -0.5088211894035339 0.08029046654701233 1.3773243427276611
v -0.47343820333480835 0.08518113940954208 1.519623041152954
v -0.33004966378211975 0.07544434815645218 1.3225505352020264
v -0.2529323995113373 0.07771062105894089 1.3222507238388062
v -0.16988538205623627 0.07730860263109207 1.297448992729187
v -0.09451393783092499 0.07762645930051804 1.3010486364364624
v -0.013003919273614883 0.10186881572008133 1.6824837923049927
v 0.07308981567621231 0.0852385088801384 1.4457002878189087
v 0.1373276263475418 0.07584743946790695 1.2589999437332153
v 0.21042189002037048 0.07483891397714615 1.2496023178100586
v 0.29232117533683777 0.07488550245761871 1.2745141983032227
v 0.3533830940723419 0.07248184829950333 1.230674386024475
v 0.5067951679229736 0.08183369040489197 1.4380120038986206
v 0.5424197912216187 0.07850155234336853 1.3257274627685547
v 0.5728335380554199 0.07481388747692108 1.2226896286010742
v 0.6419684886932373 0.07094324380159378 1.2110161781311035
v 0.7279919385910034 0.07114807516336441 1.2268924713134766
v 0.7837303280830383 0.06964445114135742 1.200164556503296
v 0.9119796752929688 0.0721604973077774 1.269059658050537
v 0.9978427886962891 0.07779621332883835 1.2767739295959473
v -0.9428422451019287 0.07782064378261566 1.305747628211975
v -0.9011337161064148 0.08084400743246078 1.3605139255523682
v -0.8700474500656128 0.08319500088691711 1.4471311569213867
v -0.7009458541870117 0.07793686538934708 1.291719675064087
v -0.6090220808982849 0.07697968184947968 1.2644933462142944
v -0.5600708723068237 0.07836248725652695 1.3265275955200195
v -0.5027920007705688 0.08446133881807327 1.3828051090240479
v -0.4668598175048828 0.08993954956531525 1.5261812210083008
v -0.3181142807006836 0.07888343185186386 1.304105281829834
v -0.24440009891986847 0.08060179650783539 1.3160691261291504
v -0.16082912683486938 0.08004407584667206 1.2852461338043213
v -0.08652299642562866 0.0811569094657898 1.2956386804580688
v -0.0025717902462929487 0.11103732138872147 1.7468783855438232
v 0.0779699832201004 0.08666394650936127 1.3873841762542725
v 0.14251510798931122 0.07816435396671295 1.2424346208572388
v 0.2131854146718979 0.07816072553396225 1.2254831790924072
v 0.2967150807380676 0.07770556956529617 1.258937120437622
v 0.3552261292934418 0.07489585131406784 1.213294506072998
v 0.5090093612670898 0.08532587438821793 1.4199353456497192
v 0.5445191860198975 0.08162615448236465 1.3112967014312744
v 0.5739349126815796 0.07752842456102371 1.2103272676467896
v 0.6448111534118652 0.0736926943063736 1.2010422945022583
v 0.7304734587669373 0.07428931444883347 1.2177579402923584
v 0.781959056854248 0.07197937369346619 1.1853647232055664
v 0.8966852426528931 0.07352600246667862 1.2359137535095215
v -0.9872139096260071 0.08055904507637024 1.2487496137619019
v -0.930503249168396 0.08099780231714249 1.3006300926208496
v -0.8958927989006042 0.08408690243959427 1.3651140928268433
v -0.8547989130020142 0.08696203678846359 1.4355775117874146
v -0.6754999756813049 0.0796162560582161 1.2604933977127075
v -0.5937309265136719 0.08030449599027634 1.2471452951431274
v -0.5482774972915649 0.08234284818172455 1.3186662197113037
v -0.4970255494117737 0.08849647641181946 1.389991044998169
v -0.46053779125213623 0.09450384974479675 1.530308485031128
v -0.30767565965652466 0.08262462913990021 1.2914988994598389
v -0.2353971302509308 0.08350183814764023 1.3069827556610107
v -0.15216614305973053 0.08276504278182983 1.2747966051101685
v -0.0786675289273262 0.0848243236541748 1.2935446500778198
v 0.008541874587535858 0.11779315024614334 1.7787446975708008
v 0.0831209346652031 0.08835430443286896 1.3434538841247559
v 0.14786167442798615 0.08049558103084564 1.2283233404159546
v 0.21824811398983002 0.08083974570035934 1.2132551670074463
v 0.3005618751049042 0.08045686781406403 1.2423052787780762
v 0.3571056127548218 0.07727055996656418 1.196141242980957
v 0.5112117528915405 0.08886343240737915 1.4033564329147339
v 0.5463039875030518 0.0845431536436081 1.296646237373352
v 0.5743885040283203 0.08017046749591827 1.1969237327575684
v 0.6470522880554199 0.07641962915658951 1.1911084651947021
v 0.731999933719635 0.07730872929096222 1.207353115081787
v 0.779967188835144 0.0742940828204155 1.1708091497421265
v 0.8215786218643188 0.07217579334974289 1.127659797668457
v -0.9530359506607056 0.08048143237829208 1.231979489326477
v -0.9230698347091675 0.08441827446222305 1.3007525205612183
v -0.8910322189331055 0.08728820085525513 1.3701478242874146
v -0.8271279335021973 0.08955752849578857 1.3994042873382568
v -0.6560487151145935 0.08218201249837875 1.239511251449585
v -0.5780929327011108 0.08430235832929611 1.2296348810195923
v -0.5371405482292175 0.08680378645658493 1.3124263286590576
v -0.491956889629364 0.09273688495159149 1.399635672569275
v -0.453447550535202 0.09837804734706879 1.5306493043899536
v -0.29737046360969543 0.08581625670194626 1.2797574996948242
v -0.22521519660949707 0.08640255033969879 1.2937496900558472
v -0.1431673914194107 0.08550381660461426 1.2652205228805542
v -0.07038577646017075 0.08925766497850418 1.2941004037857056
v 0.018009841442108154 0.1222841814160347 1.7757689952850342
v 0.08850410580635071 0.09025011956691742 1.3097174167633057
v 0.153280109167099 0.08280985802412033 1.215876579284668
v 0.22361500561237335 0.08357787132263184 1.202101707458496
v 0.3035023510456085 0.08298946171998978 1.2236748933792114
v 0.3591196835041046 0.0796039029955864 1.1789305210113525
v 0.5130434036254883 0.09230662137269974 1.3872299194335938
v 0.5478584170341492 0.0873512253165245 1.281620979309082
v 0.5736709237098694 0.08263862133026123 1.180527687072754
v 0.6482428312301636 0.07909955084323883 1.180328130722046
v 0.7303240299224854 0.08016669005155563 1.193869709968567
v 0.7761281728744507 0.07664342224597931 1.1551125049591064
v 0.8040475845336914 0.07279938459396362 1.0912317037582397
v -0.9347242116928101 0.08329924941062927 1.2210549116134644
v -0.9178652167320251 0.08787096291780472 1.3036521673202515
v -0.8855230808258057 0.09072770178318024 1.3734610080718994
v -0.7867783308029175 0.09087370336055756 1.3415677547454834
v -0.6408053636550903 0.08504096418619156 1.2253105640411377
v -0.5667598843574524 0.08731355518102646 1.219323992729187
v -0.5285894870758057 0.09123598039150238 1.3109281063079834
v -0.4877873957157135 0.09724856913089752 1.4113521575927734
v -0.3714005649089813 0.09034880250692368 1.2960045337677002
v -0.2866916060447693 0.08866257965564728 1.2676438093185425
v -0.2135259360074997 0.08927766233682632 1.2759406566619873
v -0.134470134973526 0.08833524584770203 1.256959319114685
v -0.062394529581069946 0.0940604954957962 1.3023556470870972
v 0.026498204097151756 0.12644636631011963 1.7615289688110352
v 0.09409604966640472 0.09193649888038635 1.2804808616638184
v 0.15860264003276825 0.0851597785949707 1.2032310962677002
v 0.23023782670497894 0.08554178476333618 1.1942768096923828
v 0.3056914210319519 0.08538650721311569 1.2029556035995483
v 0.3610309660434723 0.08181709796190262 1.1620252132415771
v 0.515398383140564 0.0956692025065422 1.3718361854553223
v 0.5495244264602661 0.09014992415904999 1.267087697982788
v 0.5725892782211304 0.08506764471530914 1.1631183624267578
v 0.6468644142150879 0.08174078911542892 1.1679693460464478
v 0.7274957895278931 0.08266737312078476 1.1777397394180298
v 0.7707704305648804 0.07877492159605026 1.137242078781128
v 0.7889912724494934 0.07365503162145615 1.0596048831939697
v -0.9238426685333252 0.08634007722139359 1.21605384349823
v -0.9130707383155823 0.09120310097932816 1.3080968856811523
v -0.8769891858100891 0.09426503628492355 1.37137770652771
v -0.7427550554275513 0.09150215983390808 1.2793817520141602
v -0.6274210810661316 0.08765067160129547 1.2134360074996948
v -0.5584051609039307 0.09042763710021973 1.216245412826538
v -0.5225957632064819 0.09534013271331787 1.3142166137695312
v -0.48377859592437744 0.10201500356197357 1.4242018461227417
v -0.35557541251182556 0.09129045903682709 1.263977289199829
v -0.2774733304977417 0.09132632613182068 1.2577192783355713
v -0.20196105539798737 0.09192164987325668 1.2579841613769531
v -0.12605319917201996 0.09131511300802231 1.2503358125686646
v -0.05445012077689171 0.0997311994433403 1.3227226734161377
v 0.034017473459243774 0.13016223907470703 1.7397077083587646
v 0.09953975677490234 0.09357671439647675 1.252489686012268
v 0.16403304040431976 0.0875130221247673 1.189430832862854
v 0.2346290796995163 0.08815557509660721 1.1792083978652954
v 0.3073275089263916 0.08767736703157425 1.1814963817596436
v 0.36283400654792786 0.0840386301279068 1.1453639268875122
v 0.5183367133140564 0.09890270978212357 1.3574409484863281
v 0.5512176156044006 0.09281493723392487 1.2533884048461914
v 0.572334885597229 0.08746343851089478 1.1479319334030151
v 0.6410120725631714 0.08426088094711304 1.149024486541748
v 0.7244373559951782 0.08480720967054367 1.1606935262680054
v 0.763799786567688 0.08045147359371185 1.1181644201278687
v 0.7778931260108948 0.07492794096469879 1.0346862077713013
v -0.9166654944419861 0.09027547389268875 1.2171707153320312
v -0.9087234735488892 0.09444071352481842 1.3133448362350464
v -0.8554005026817322 0.09792707115411758 1.351601481437683
v -0.7014462947845459 0.09227670729160309 1.2308894395828247
v -0.6165502071380615 0.09045516699552536 1.2044395208358765
v -0.5512155294418335 0.09393369406461716 1.2164862155914307
v -0.5177217125892639 0.09936054050922394 1.3203744888305664
v -0.4797002971172333 0.10673773288726807 1.4367969036102295
v -0.3440316915512085 0.0942932665348053 1.2498501539230347
v -0.2682552635669708 0.09409463405609131 1.2473219633102417
v -0.19239816069602966 0.09460566937923431 1.2481210231781006
v -0.11769920587539673 0.09433069080114365 1.2443652153015137
v -0.04595822095870972 0.10589160025119781 1.3623595237731934
v 0.04124338552355766 0.13338413834571838 1.7099051475524902
v 0.10488863289356232 0.09480956196784973 1.2281651496887207
v 0.1692768633365631 0.08989594131708145 1.1732679605484009
v 0.23850205540657043 0.09067555516958237 1.1624171733856201
v 0.30910176038742065 0.08980760723352432 1.1612327098846436
v 0.3643953800201416 0.08624616265296936 1.129124402999878
v 0.5214100480079651 0.10225751996040344 1.3439610004425049
v 0.5525892376899719 0.09529350697994232 1.2404327392578125
v 0.5731465816497803 0.08972595632076263 1.1357309818267822
v 0.6292493343353271 0.08538500219583511 1.117212176322937
v 0.7222464680671692 0.08683145046234131 1.145219087600708
v 0.7554904222488403 0.08186156302690506 1.0977123975753784
v 0.7699373960494995 0.07654405385255814 1.0142563581466675
v -0.9134019017219543 0.09380423277616501 1.2206439971923828
v -0.9045633673667908 0.09778595715761185 1.3189141750335693
v -0.8219894170761108 0.1000419557094574 1.3101460933685303
v -0.67546546459198 0.0940689817070961 1.1964430809020996
v -0.6045290231704712 0.0935273990035057 1.1945375204086304
v -0.544230580329895 0.09768140316009521 1.2152268886566162
v -0.5127519369125366 0.10347937047481537 1.3275725841522217
v -0.47482022643089294 0.11106963455677032 1.446225643157959
v -0.3338541090488434 0.09741582721471786 1.2412633895874023
v -0.2585848271846771 0.0970807820558548 1.2344005107879639
v -0.18398813903331757 0.09727635234594345 1.2430899143218994
v -0.10926029086112976 0.0976824015378952 1.2336941957473755
v -0.038335297256708145 0.11447378993034363 1.4087705612182617
v 0.04899892210960388 0.13533884286880493 1.6647614240646362
v 0.11040408164262772 0.09617583453655243 1.2037752866744995
v 0.17438438534736633 0.09226148575544357 1.1563507318496704
v 0.24180826544761658 0.09292960911989212 1.1442877054214478
v 0.3114415407180786 0.09177450835704803 1.1442320346832275
v 0.3661278784275055 0.08830234408378601 1.1135859489440918
v 0.5238069295883179 0.10557544231414795 1.3301897048950195
v 0.5537934899330139 0.0976378321647644 1.2274796962738037
v 0.574499249458313 0.09185921400785446 1.125091552734375
v 0.6034210920333862 0.08698201179504395 1.053254246711731
v 0.7188930511474609 0.08908949047327042 1.1292427778244019
v 0.7469633221626282 0.08354046195745468 1.0766462087631226
v 0.764724612236023 0.07830321788787842 0.9986333847045898
v -0.9097535610198975 0.09743768721818924 1.225926160812378
v -0.8996633291244507 0.10134987533092499 1.3226099014282227
v -0.784855306148529 0.101444773375988 1.264777660369873
v -0.6563984751701355 0.09606972336769104 1.1769318580627441
v -0.5917781591415405 0.09681987017393112 1.1851848363876343
v -0.5384386777877808 0.10130562633275986 1.2184457778930664
v -0.5075955390930176 0.10767512768507004 1.3343380689620972
v -0.46945104002952576 0.11526716500520706 1.4509079456329346
v -0.32411816716194153 0.10023945569992065 1.2308061122894287
v -0.24837766587734222 0.10015297681093216 1.2202372550964355
v -0.17625513672828674 0.10003793239593506 1.2376704216003418
v -0.09946656227111816 0.10013093799352646 1.2121002674102783
v -0.029902294278144836 0.12357868999242783 1.4619874954223633
v 0.05601537600159645 0.13443796336650848 1.5886876583099365
v 0.11573419719934464 0.09776805341243744 1.1830129623413086
v 0.1793028563261032 0.09455431252717972 1.140606164932251
v 0.2456841915845871 0.09498254209756851 1.128809928894043
v 0.3143828809261322 0.09366578608751297 1.1303948163986206
v 0.3679167926311493 0.09045550227165222 1.0984821319580078
v 0.5254234671592712 0.10849515348672867 1.3167191743850708
v 0.5546873807907104 0.09991822391748428 1.2135435342788696
v 0.5758273005485535 0.09400910139083862 1.1154398918151855
v 0.6013375520706177 0.08868594467639923 1.0391676425933838
v 0.7116109132766724 0.09082414209842682 1.1088663339614868
v 0.7389174699783325 0.08501926809549332 1.0556691884994507
v 0.7625439763069153 0.0801917016506195 0.9865307807922363
v -0.9068068265914917 0.10109137743711472 1.2331879138946533
v -0.890569806098938 0.1051085963845253 1.3208096027374268
v -0.7521142363548279 0.10236985981464386 1.2247674465179443
v -0.6430860161781311 0.09817785024642944 1.1641557216644287
v -0.581108808517456 0.10003205388784409 1.1793029308319092
v -0.5329219102859497 0.1050465777516365 1.2218743562698364
v -0.5021378993988037 0.11203493922948837 1.3402951955795288
v -0.4637024402618408 0.11931056529283524 1.451854944229126
v -0.31212928891181946 0.1027117595076561 1.2153480052947998
v -0.23796501755714417 0.10300834476947784 1.2062197923660278
v -0.16806121170520782 0.10297762602567673 1.2281551361083984
v -0.09055545181035995 0.10236162692308426 1.1700011491775513
v -0.02075272612273693 0.13275578618049622 1.5189813375473022
v 0.06321923434734344 0.12130921334028244 1.424719214439392
v 0.1209186390042305 0.09952441602945328 1.1652652025222778
v 0.18399199843406677 0.09680558741092682 1.125840663909912
v 0.24965475499629974 0.09686053544282913 1.116297960281372
v 0.31749898195266724 0.09555912017822266 1.1186720132827759
v 0.3700945973396301 0.09251120686531067 1.0842195749282837
v 0.5274887681007385 0.11120691150426865 1.3030931949615479
v 0.5549266338348389 0.10220836102962494 1.197463870048523
v 0.5771499872207642 0.09618853777647018 1.106319785118103
v 0.601115345954895 0.0907992422580719 1.0293055772781372
v 0.6992055177688599 0.09160534292459488 1.0818742513656616
v 0.7315734624862671 0.08626700937747955 1.0357623100280762
v 0.7617341876029968 0.08203453570604324 0.9746264815330505
v -0.9040713310241699 0.10461772233247757 1.2412071228027344
v -0.8667184114456177 0.1079164519906044 1.2944672107696533
v -0.7240840196609497 0.1035679504275322 1.1920182704925537
v -0.6312992572784424 0.10054819285869598 1.152925968170166
v -0.5730304718017578 0.10311730206012726 1.177248239517212
v -0.5281678438186646 0.10890888422727585 1.22820246219635
v -0.4969809353351593 0.11659994721412659 1.347074270248413
v -0.45116862654685974 0.12094035744667053 1.4327263832092285
v -0.3021557331085205 0.10495118051767349 1.2030837535858154
v -0.2275533676147461 0.10538560897111893 1.1917760372161865
v -0.15872611105442047 0.10546655207872391 1.2082051038742065
v -0.08275473862886429 0.10487130284309387 1.1619857549667358
v -0.011191991157829762 0.14206914603710175 1.5750694274902344
v 0.06776191294193268 0.12003537267446518 1.3628684282302856
v 0.12590083479881287 0.10129230469465256 1.1479204893112183
v 0.18843279778957367 0.09899226576089859 1.1125656366348267
v 0.2539989948272705 0.09902315586805344 1.1051430702209473
v 0.320850670337677 0.09759829938411713 1.1080907583236694
v 0.37237033247947693 0.09456457197666168 1.0712559223175049
v 0.529588520526886 0.1137736588716507 1.2881927490234375
v 0.5542012453079224 0.10442705452442169 1.1791012287139893
v 0.5783296227455139 0.09853921085596085 1.0970408916473389
v 0.6014153957366943 0.09301693737506866 1.0196367502212524
v 0.6843878030776978 0.09180048853158951 1.0497416257858276
v 0.724150538444519 0.08753334730863571 1.0164570808410645
v 0.7612102031707764 0.08416025340557098 0.9605982303619385
v -0.901308000087738 0.10799197852611542 1.2484962940216064
v -0.8231704235076904 0.10824726521968842 1.2359765768051147
v -0.6981832981109619 0.1049734354019165 1.1627519130706787
v -0.6191935539245605 0.1031806617975235 1.1417962312698364
v -0.5664936304092407 0.1062319204211235 1.1774771213531494
v -0.5232975482940674 0.11274579912424088 1.2394616603851318
v -0.49238017201423645 0.12132538855075836 1.3555938005447388
v -0.3668545186519623 0.10960999131202698 1.2061183452606201
v -0.2922942042350769 0.1074208915233612 1.1913477182388306
v -0.21670517325401306 0.10777007788419724 1.1739087104797363
v -0.1465299427509308 0.10703328251838684 1.1727577447891235
v -0.07572650909423828 0.10830008238554001 1.1610546112060547
v -0.000953183975070715 0.15012584626674652 1.6176207065582275
v 0.07228735089302063 0.11965831369161606 1.3103663921356201
v 0.13069668412208557 0.10313332080841064 1.1294105052947998
v 0.19276516139507294 0.10109986364841461 1.1004992723464966
v 0.25859493017196655 0.10113005340099335 1.0956203937530518
v 0.3240492641925812 0.09971733391284943 1.0967223644256592
v 0.37475287914276123 0.09672154486179352 1.0598416328430176
v 0.5315849781036377 0.11628600209951401 1.2734780311584473
v 0.5535957217216492 0.10660932958126068 1.161714792251587
v 0.579190731048584 0.10131233185529709 1.0862748622894287
v 0.6014996767044067 0.09507118910551071 1.0091780424118042
v 0.6584540009498596 0.09297988563776016 1.0009621381759644
v 0.7172209024429321 0.0890204906463623 0.9979050159454346
v -0.9155579209327698 0.10638999193906784 1.16916823387146
v -0.8974139094352722 0.11121074855327606 1.2523826360702515
v -0.7783125042915344 0.1085221990942955 1.1784212589263916
v -0.6696232557296753 0.10607219487428665 1.1270372867584229
v -0.6053521633148193 0.10601137578487396 1.128045678138733
v -0.5602544546127319 0.10964023321866989 1.178049087524414
v -0.519626259803772 0.11660721153020859 1.2489980459213257
v -0.4877704381942749 0.12582437694072723 1.363788366317749
v -0.35247260332107544 0.11061356216669083 1.1805108785629272
v -0.2826448082923889 0.10991331189870834 1.180476427078247
v -0.20558488368988037 0.10955248028039932 1.1514511108398438
v -0.13147620856761932 0.10837643593549728 1.1237748861312866
v -0.0689883902668953 0.11222286522388458 1.165655255317688
v 0.008421913720667362 0.1555088758468628 1.632126808166504
v 0.07719457149505615 0.11946515738964081 1.2639620304107666
v 0.13546934723854065 0.10492885857820511 1.1107391119003296
v 0.1971530020236969 0.10296451300382614 1.088824987411499
v 0.26340368390083313 0.10322527587413788 1.0878334045410156
v 0.32641223073005676 0.10175805538892746 1.0833762884140015
v 0.3774850070476532 0.09891588985919952 1.0493192672729492
v 0.5335348844528198 0.11874248832464218 1.2596312761306763
v 0.5538961887359619 0.1089949831366539 1.14728581905365
v 0.5764108300209045 0.10260820388793945 1.0659115314483643
v 0.6020388007164001 0.09693171083927155 0.9989526867866516
v 0.6526596546173096 0.093995600938797 0.9829558730125427
v 0.7127480506896973 0.09079306572675705 0.9821588397026062
v -0.9061810374259949 0.11013488471508026 1.1776723861694336
v -0.8881054520606995 0.11421912163496017 1.2480731010437012
v -0.7437891960144043 0.10944787412881851 1.1414846181869507
v -0.6420407891273499 0.10646602511405945 1.0913869142532349
v -0.5888001918792725 0.10977283865213394 1.110053300857544
v -0.5527751445770264 0.11350347101688385 1.1760914325714111
v -0.5159274339675903 0.12073970586061478 1.2583396434783936
v -0.4819391965866089 0.13019177317619324 1.369317889213562
v -0.3422425389289856 0.11271875351667404 1.1660852432250977
v -0.2732445001602173 0.11236319690942764 1.1694765090942383
v -0.19418112933635712 0.11090991646051407 1.125808835029602
v -0.12221822887659073 0.10977181047201157 1.1013199090957642
v -0.0620977021753788 0.1164245530962944 1.1736605167388916
v 0.016564790159463882 0.1592118889093399 1.6256392002105713
v 0.08198711276054382 0.11921187490224838 1.2210626602172852
v 0.14003276824951172 0.10670391470193863 1.0933637619018555
v 0.2014235258102417 0.10476654022932053 1.076803207397461
v 0.2680300176143646 0.10514461249113083 1.079829216003418
v 0.3283620774745941 0.1036001667380333 1.067594289779663
v 0.3801167905330658 0.10099548101425171 1.0394412279129028
v 0.53510981798172 0.12108777463436127 1.2459440231323242
v 0.554889440536499 0.11135028302669525 1.1352146863937378
v 0.5756312012672424 0.10475382953882217 1.0486963987350464
v 0.6026930212974548 0.09883177280426025 0.989273190498352
v 0.6473718881607056 0.09538355469703674 0.9661149382591248
v 0.7113391160964966 0.09275710582733154 0.9706231355667114
v -0.9018632769584656 0.11375205218791962 1.1803324222564697
v -0.8602004647254944 0.11604185402393341 1.2147916555404663
v -0.7229604721069336 0.11138775944709778 1.1238104104995728
v -0.6163212060928345 0.10632015764713287 1.053098201751709
v -0.5785510540008545 0.11274082213640213 1.101590871810913
v -0.5440852642059326 0.11745826154947281 1.1714473962783813
v -0.512467622756958 0.12528158724308014 1.2687137126922607
v -0.4767261743545532 0.1345607191324234 1.374375581741333
v -0.33390191197395325 0.11523624509572983 1.1562528610229492
v -0.26375138759613037 0.11471165716648102 1.1561286449432373
v -0.18364305794239044 0.1123930886387825 1.1026062965393066
v -0.11441783607006073 0.11151652783155441 1.0846389532089233
v -0.05504318326711655 0.12088113278150558 1.185436487197876
v 0.024233493953943253 0.16231843829154968 1.6107819080352783
v 0.08666586875915527 0.1189444363117218 1.1816614866256714
v 0.14445529878139496 0.10844475775957108 1.0774728059768677
v 0.20579348504543304 0.10665663331747055 1.0650975704193115
v 0.27220669388771057 0.10702848434448242 1.070305585861206
v 0.33043816685676575 0.10544726252555847 1.0524711608886719
v 0.38277897238731384 0.1029391884803772 1.029973030090332
v 0.5363247394561768 0.12332019954919815 1.23149836063385
v 0.5561665296554565 0.11347325891256332 1.1244871616363525
v 0.5784680843353271 0.10700046271085739 1.0433170795440674
v 0.6037187576293945 0.10064690560102463 0.9803189635276794
v 0.6426492929458618 0.09682741016149521 0.950718104839325
v 0.7122982740402222 0.09484496712684631 0.9614478945732117
v -0.8973495364189148 0.1170567199587822 1.1820271015167236
v -0.8197646737098694 0.11659994721412659 1.1653860807418823
v -0.7102015018463135 0.11362098157405853 1.11453378200531
v -0.6088420152664185 0.10968183726072311 1.049513578414917
v -0.5704381465911865 0.11604347079992294 1.0964057445526123
v -0.5367551445960999 0.12127774953842163 1.1695516109466553
v -0.5090512037277222 0.1300545632839203 1.2798638343811035
v -0.4714983105659485 0.13821183145046234 1.3759536743164062
v -0.32404524087905884 0.11794913560152054 1.1492629051208496
v -0.2523134648799896 0.11685115098953247 1.1360491514205933
v -0.1725781112909317 0.11395188421010971 1.0820461511611938
v -0.10735372453927994 0.11347293853759766 1.0725237131118774
v -0.047906529158353806 0.1258152276277542 1.2036863565444946
v 0.03158271312713623 0.16484196484088898 1.59047269821167
v 0.09146285802125931 0.11868052929639816 1.1516788005828857
v 0.14902062714099884 0.1102423220872879 1.0636553764343262
v 0.210275337100029 0.10857917368412018 1.054570198059082
v 0.2757755219936371 0.10897073149681091 1.0591644048690796
v 0.33257415890693665 0.1071438193321228 1.0393112897872925
v 0.38538119196891785 0.10485892742872238 1.0202515125274658
v 0.5371243953704834 0.1251905858516693 1.2167705297470093
v 0.5572217106819153 0.11558657884597778 1.1143444776535034
v 0.5806385278701782 0.10868029296398163 1.0366499423980713
v 0.6044254302978516 0.10249258577823639 0.971487820148468
v 0.6389660835266113 0.09805861860513687 0.9367081522941589
v 0.7147050499916077 0.09699863195419312 0.9541332125663757
v -0.8922675848007202 0.11989499628543854 1.1836131811141968
v -0.7822862863540649 0.11699473112821579 1.123809814453125
v -0.7003504633903503 0.11563330143690109 1.1059902906417847
v -0.6024068593978882 0.11327836662530899 1.0482197999954224
v -0.564143717288971 0.1194441094994545 1.095262885093689
v -0.5312584638595581 0.12499143183231354 1.1716312170028687
v -0.5051721930503845 0.13471131026744843 1.2887238264083862
v -0.4549194574356079 0.1385008543729782 1.3449634313583374
v -0.31599199771881104 0.12001730501651764 1.1460890769958496
v -0.2384234368801117 0.11824294924736023 1.107747197151184
v -0.16378693282604218 0.11581598967313766 1.0689857006072998
v -0.10064579546451569 0.11563819646835327 1.0646138191223145
v -0.040946703404188156 0.1320430189371109 1.2330009937286377
v 0.038597024977207184 0.16677986085414886 1.5657620429992676
v 0.09640457481145859 0.11924391239881516 1.1136794090270996
v 0.15391726791858673 0.11217252910137177 1.0524697303771973
v 0.21471838653087616 0.11044402420520782 1.0448704957962036
v 0.27849477529525757 0.11087159812450409 1.045451045036316
v 0.3350825011730194 0.10878154635429382 1.027705192565918
v 0.38753655552864075 0.10668916255235672 1.009637713432312
v 0.537216067314148 0.12689915299415588 1.200685739517212
v 0.5581694841384888 0.1176038607954979 1.104256510734558
v 0.5821900367736816 0.11019986122846603 1.029539704322815
v 0.6046321392059326 0.10421699285507202 0.9623554944992065
v 0.6369823217391968 0.09931549429893494 0.9252403378486633
v 0.7177568078041077 0.0993918627500534 0.9481547474861145
v -0.8848963975906372 0.12277182191610336 1.1820592880249023
v -0.7542166113853455 0.11803589016199112 1.0956506729125977
v -0.687009334564209 0.11757396906614304 1.0929551124572754
v -0.5958309173583984 0.11663936078548431 1.0473285913467407
v -0.559091329574585 0.12298034876585007 1.0974868535995483
v -0.5264142751693726 0.12880875170230865 1.1763153076171875
v -0.5001068115234375 0.13862565159797668 1.2935513257980347
v -0.3667343258857727 0.12230447679758072 1.120743751525879
v -0.3078058958053589 0.12224239110946655 1.1411939859390259
v -0.22272299230098724 0.11963070929050446 1.0747555494308472
v -0.15523487329483032 0.11775263398885727 1.056023359298706
v -0.09418663382530212 0.11821724474430084 1.0606809854507446
v -0.03293265402317047 0.14435847103595734 1.3108439445495605
v 0.04545498639345169 0.16756092011928558 1.5349311828613281
v 0.10125356167554855 0.11962710320949554 1.0837336778640747
v 0.15894141793251038 0.11409662663936615 1.0427849292755127
v 0.21903900802135468 0.11224174499511719 1.035560131072998
v 0.2804250717163086 0.11257795989513397 1.0288736820220947
v 0.3382125198841095 0.11061088740825653 1.0186092853546143
v 0.3893449008464813 0.10849636048078537 0.999029278755188
v 0.537523627281189 0.12858068943023682 1.1843401193618774
v 0.5590223073959351 0.11961647123098373 1.093731164932251
v 0.5827634334564209 0.11176931113004684 1.0200207233428955
v 0.6044058799743652 0.10586119443178177 0.9529130458831787
v 0.6365237832069397 0.10085976868867874 0.9163112640380859
v 0.7198823690414429 0.1018264889717102 0.9423607587814331
v -0.871450662612915 0.12545430660247803 1.171270489692688
v -0.7341455221176147 0.1199166476726532 1.0772912502288818
v -0.666635274887085 0.11915276199579239 1.0699177980422974
v -0.5898932218551636 0.12005962431430817 1.0473594665527344
v -0.5546298027038574 0.12653422355651855 1.101426601409912
v -0.5216715335845947 0.13281285762786865 1.1822185516357422
v -0.49384236335754395 0.14261820912361145 1.2974419593811035
v -0.35270261764526367 0.12262341380119324 1.0981467962265015
v -0.29804784059524536 0.1244000643491745 1.1275568008422852
v -0.21227042376995087 0.12077096849679947 1.0546616315841675
v -0.1470547318458557 0.11962030827999115 1.0457932949066162
v -0.08731792122125626 0.12080629169940948 1.0610538721084595
v -0.025377672165632248 0.15633496642112732 1.3780908584594727
v 0.05159265175461769 0.16726908087730408 1.4902788400650024
v 0.10561741888523102 0.12028788030147552 1.057903528213501
v 0.16381289064884186 0.11593905091285706 1.0331599712371826
v 0.2232206016778946 0.11412592977285385 1.0260369777679443
v 0.2823752760887146 0.11419608443975449 1.012290120124817
v 0.3411797881126404 0.11249308288097382 1.0098257064819336
v 0.3908657133579254 0.11012552678585052 0.9883475303649902
v 0.5391517877578735 0.13055391609668732 1.1708662509918213
v 0.5599520206451416 0.12168602645397186 1.0828593969345093
v 0.5824412107467651 0.11337114125490189 1.0077400207519531
v 0.6041612029075623 0.10737120360136032 0.9435793161392212
v 0.636677622795105 0.10243500769138336 0.9093918204307556
v 0.7208377122879028 0.104397714138031 0.9358132481575012
v -0.8428950309753418 0.12721659243106842 1.137190341949463
v -0.7188502550125122 0.1222049817442894 1.0660661458969116
v -0.6349416971206665 0.12069471180438995 1.0320528745651245
v -0.5844646096229553 0.1235676258802414 1.0485310554504395
v -0.5495585799217224 0.12954071164131165 1.1083098649978638
v -0.5173799991607666 0.13685593008995056 1.1893004179000854
v -0.4895462393760681 0.14707395434379578 1.3048268556594849
v -0.3427533209323883 0.12459825724363327 1.084763526916504
v -0.28451743721961975 0.12569817900657654 1.0992261171340942
v -0.20280861854553223 0.12228216975927353 1.041027307510376
v -0.13998617231845856 0.12146752327680588 1.0382972955703735
v -0.08080621063709259 0.12399547547101974 1.0620206594467163
v -0.016908613964915276 0.16743329167366028 1.4405831098556519
v 0.056180160492658615 0.1628209799528122 1.4119718074798584
v 0.10978467762470245 0.1212858185172081 1.038515329360962
v 0.16840459406375885 0.11776930093765259 1.0231386423110962
v 0.22736237943172455 0.1160741075873375 1.0164495706558228
v 0.28505000472068787 0.11595789343118668 0.9994792342185974
v 0.34299013018608093 0.11415480077266693 0.9984933137893677
v 0.3925839364528656 0.11175128817558289 0.977719783782959
v 0.5411063432693481 0.1325744092464447 1.1589685678482056
v 0.5609863996505737 0.12374025583267212 1.071418046951294
v 0.5820873379707336 0.11502674221992493 0.9960163235664368
v 0.6039164066314697 0.10863425582647324 0.9348777532577515
v 0.6380963325500488 0.10431905090808868 0.9033529162406921
v 0.7215709686279297 0.106615349650383 0.9283221960067749
v -0.756155788898468 0.12210145592689514 1.026820182800293
v -0.7061597108840942 0.12430083006620407 1.0574263334274292
v -0.6269925832748413 0.12326235324144363 1.0283201932907104
v -0.5787239074707031 0.12692365050315857 1.0562697649002075
v -0.5457180738449097 0.13306987285614014 1.1158448457717896
v -0.5137054920196533 0.1410856992006302 1.1978759765625
v -0.48540377616882324 0.15129102766513824 1.3105828762054443
v -0.33419129252433777 0.12658829987049103 1.074418067932129
v -0.2653701901435852 0.12655648589134216 1.0590866804122925
v -0.19570046663284302 0.12395559996366501 1.0328598022460938
v -0.13350118696689606 0.1233038604259491 1.0327543020248413
v -0.07451094686985016 0.1273368000984192 1.0640060901641846
v -0.00771607318893075 0.17618069052696228 1.4847387075424194
v 0.06332164257764816 0.15154804289340973 1.2905960083007812
v 0.11410436034202576 0.12262173742055893 1.0240024328231812
v 0.17284981906414032 0.11963830888271332 1.0130101442337036
v 0.23114603757858276 0.11806243658065796 1.005793571472168
v 0.2885412573814392 0.11770852655172348 0.9905150532722473
v 0.3442560136318207 0.11517643928527832 0.9844074845314026
v 0.39445677399635315 0.11326934397220612 0.9677010178565979
v 0.5424094796180725 0.13460825383663177 1.1478074789047241
v 0.5620580911636353 0.12564627826213837 1.060228705406189
v 0.5820133686065674 0.11673366278409958 0.9858561158180237
v 0.6039111018180847 0.1101280003786087 0.926249086856842
v 0.6394931077957153 0.10631969571113586 0.897651731967926
v 0.723328709602356 0.10851917415857315 0.9187904596328735
v -0.7419121265411377 0.1244567334651947 1.016289472579956
v -0.6942192316055298 0.12607347965240479 1.0468652248382568
v -0.6192686557769775 0.12497899681329727 1.0280429124832153
v -0.5744914412498474 0.13014905154705048 1.0601576566696167
v -0.5424306392669678 0.13665714859962463 1.1252597570419312
v -0.5107572078704834 0.14550341665744781 1.2080762386322021
v -0.47941854596138 0.15475976467132568 1.3079386949539185
v -0.3248128592967987 0.1284073442220688 1.066303014755249
v -0.25368064641952515 0.127374067902565 1.038550853729248
v -0.18881790339946747 0.12565331161022186 1.0260483026504517
v -0.12731406092643738 0.12523673474788666 1.0279455184936523
v -0.06844538450241089 0.13091540336608887 1.0668216943740845
v 0.0006891683442518115 0.1820187121629715 1.5051136016845703
v 0.06753277033567429 0.1485322117805481 1.2363958358764648
v 0.11886171251535416 0.12400760501623154 1.0135804414749146
v 0.17714151740074158 0.12136393785476685 1.003536343574524
v 0.23478256165981293 0.11998765915632248 0.9947361946105957
v 0.2922794818878174 0.11940415948629379 0.9830827116966248
v 0.34622320532798767 0.1162969321012497 0.9720392227172852
v 0.39658617973327637 0.11486003547906876 0.958112359046936
v 0.5436238050460815 0.13635073602199554 1.1361418962478638
v 0.5630663633346558 0.1275690793991089 1.049423098564148
v 0.5817973613739014 0.11839354783296585 0.9762356281280518
v 0.6043588519096375 0.11171992868185043 0.9183781147003174
v 0.6413142681121826 0.10836046189069748 0.8926070928573608
v -0.8179469108581543 0.12305368483066559 1.0123822689056396
v -0.729333758354187 0.12709635496139526 1.008649230003357
v -0.6778128147125244 0.12779919803142548 1.0294302701950073
v -0.6140092611312866 0.12763379514217377 1.0268545150756836
v -0.5695540308952332 0.1331055462360382 1.06247079372406
v -0.5388585329055786 0.140581876039505 1.133856177330017
v -0.5083317756652832 0.15014874935150146 1.2201124429702759
v -0.3770199418067932 0.1333671510219574 1.0597829818725586
v -0.3166700303554535 0.13001571595668793 1.0568515062332153
v -0.24362504482269287 0.128549724817276 1.0224324464797974
v -0.18196171522140503 0.12726953625679016 1.0194741487503052
v -0.12105529010295868 0.12721920013427734 1.022611379623413
v -0.06223904713988304 0.13479936122894287 1.070515751838684
v 0.008290671743452549 0.18594418466091156 1.5051392316818237
v 0.07214701920747757 0.1462698131799698 1.1882693767547607
v 0.12312784790992737 0.12535360455513 1.0037354230880737
v 0.18151241540908813 0.1230078935623169 0.9947093725204468
v 0.23882761597633362 0.12174677103757858 0.9845379590988159
v 0.29562264680862427 0.12107603251934052 0.9758670926094055
v 0.3490484654903412 0.117958664894104 0.9633707404136658
v 0.3986656367778778 0.11624273657798767 0.9486525058746338
v 0.5447471141815186 0.13782045245170593 1.124409794807434
v 0.5635393261909485 0.1293763518333435 1.038629412651062
v 0.5816707611083984 0.11996036022901535 0.9669284224510193
v 0.6050008535385132 0.11320886015892029 0.9110668301582336
v 0.6433744430541992 0.11030180752277374 0.8875660300254822
v -0.7573068737983704 0.1207953542470932 0.9650809168815613
v -0.7176575660705566 0.12937264144420624 1.001211404800415
v -0.6492197513580322 0.12965209782123566 0.9932754039764404
v -0.6059697270393372 0.13036346435546875 1.0226002931594849
v -0.5647741556167603 0.13599222898483276 1.0641467571258545
v -0.534907341003418 0.1443713754415512 1.139599084854126
v -0.505969226360321 0.15489782392978668 1.2336732149124146
v -0.3599623739719391 0.13043363392353058 1.0286146402359009
v -0.3078669607639313 0.13172556459903717 1.0455214977264404
v -0.2340058833360672 0.13005803525447845 1.00652277469635
v -0.1749143898487091 0.12898002564907074 1.0130494832992554
v -0.11421545594930649 0.12913240492343903 1.0158498287200928
v -0.05552777275443077 0.13873980939388275 1.0788559913635254
v 0.015479743480682373 0.1888214349746704 1.4942604303359985
v 0.07664776593446732 0.14452430605888367 1.1423646211624146
v 0.1273297667503357 0.12669430673122406 0.9942470192909241
v 0.1859142929315567 0.12469388544559479 0.9859099984169006
v 0.24305930733680725 0.12362468242645264 0.9756942987442017
v 0.29830804467201233 0.12282000482082367 0.9673179984092712
v 0.3525308668613434 0.11986630409955978 0.9578971266746521
v 0.39979779720306396 0.11734387278556824 0.9376404285430908
v 0.5456197261810303 0.13960732519626617 1.1128137111663818
v 0.5636049509048462 0.13104699552059174 1.0271618366241455
v 0.5820778012275696 0.1215192973613739 0.9586267471313477
v 0.6053237915039062 0.11468803882598877 0.9037495851516724
v 0.6444591283798218 0.11189484596252441 0.8815540075302124
v -0.7361958026885986 0.12355764955282211 0.9507404565811157
v -0.7084035873413086 0.13077956438064575 1.000740885734558
v -0.6346266269683838 0.1310414969921112 0.9801200032234192
v -0.5969139337539673 0.13337461650371552 1.0177345275878906
v -0.5600521564483643 0.13908268511295319 1.0658721923828125
v -0.5306909084320068 0.14810700714588165 1.1440987586975098
v -0.502914547920227 0.1593819111585617 1.2448080778121948
v -0.34886932373046875 0.13110196590423584 1.0111393928527832
v -0.2979792654514313 0.13340212404727936 1.0312809944152832
v -0.2255617082118988 0.13131101429462433 0.9959180355072021
v -0.1677732914686203 0.13075298070907593 1.0073068141937256
v -0.10688470304012299 0.13090895116329193 1.0057896375656128
v -0.048821523785591125 0.14348720014095306 1.0944576263427734
v 0.02238062582910061 0.19107815623283386 1.4788801670074463
v 0.08118592947721481 0.1425570398569107 1.0972490310668945
v 0.13153165578842163 0.12814059853553772 0.9841803908348083
v 0.1901494562625885 0.1263827681541443 0.9765574336051941
v 0.24706639349460602 0.12541162967681885 0.9668734073638916
v 0.30034172534942627 0.12463156133890152 0.9561305046081543
v 0.3555036187171936 0.121661476790905 0.9513958692550659
v 0.40010520815849304 0.1183207705616951 0.9246343374252319
v 0.5466609001159668 0.14181886613368988 1.1014404296875
v 0.5632268786430359 0.13275977969169617 1.0150798559188843
v 0.583001971244812 0.1228962168097496 0.9512309432029724
v 0.6053512096405029 0.11624044179916382 0.8963677883148193
v 0.6440051794052124 0.11360198259353638 0.8740217685699463
v -0.7192282676696777 0.12620241940021515 0.9384955763816833
v -0.6943071484565735 0.13248524069786072 0.9881277084350586
v -0.6238162517547607 0.13316024839878082 0.9720026850700378
v -0.5897717475891113 0.13629169762134552 1.0162017345428467
v -0.5551952123641968 0.14239397644996643 1.06770920753479
v -0.5264754295349121 0.15188850462436676 1.1483861207962036
v -0.4985024034976959 0.16331399977207184 1.2504924535751343
v -0.34064096212387085 0.1328457146883011 1.0011225938796997
v -0.2861854135990143 0.13489679992198944 1.0156710147857666
v -0.21822398900985718 0.1328190714120865 0.9890568256378174
v -0.16075320541858673 0.13251365721225739 1.002169132232666
v -0.09965521097183228 0.132496178150177 0.9939867258071899
v -0.04306153953075409 0.15078367292881012 1.1263365745544434
v 0.0289952140301466 0.19282209873199463 1.4608687162399292
v 0.08556059747934341 0.1409664899110794 1.0543708801269531
v 0.1357363611459732 0.129613995552063 0.9739436507225037
v 0.19388023018836975 0.1280689537525177 0.9658172130584717
v 0.25098928809165955 0.1269034445285797 0.9571020007133484
v 0.3022516071796417 0.12600018084049225 0.9439283013343811
v 0.35725584626197815 0.12321217358112335 0.9416655898094177
v 0.4003211259841919 0.11918678134679794 0.9111648797988892
v 0.5476455092430115 0.14411747455596924 1.0901957750320435
v 0.5626928806304932 0.13443230092525482 1.002811312675476
v 0.5834912061691284 0.12424714118242264 0.9426140785217285
v 0.6052179336547852 0.11781863868236542 0.8887101411819458
v 0.642746090888977 0.11528658121824265 0.8641544580459595
v -0.7051568031311035 0.12849296629428864 0.9286755323410034
v -0.6738190650939941 0.13461457192897797 0.966870129108429
v -0.6154564619064331 0.13576145470142365 0.9673898816108704
v -0.584046483039856 0.13890156149864197 1.0164549350738525
v -0.5502287149429321 0.14591209590435028 1.0698193311691284
v -0.5224329233169556 0.15579046308994293 1.1532094478607178
v -0.49338287115097046 0.16684360802173615 1.2522361278533936
v -0.3337862193584442 0.13488981127738953 0.9945409893989563
v -0.27501213550567627 0.1360851377248764 1.0008716583251953
v -0.2118247151374817 0.13454391062259674 0.9850590825080872
v -0.15396179258823395 0.13405685126781464 0.9974744915962219
v -0.09298159927129745 0.13464856147766113 0.9849162697792053
v -0.03708086535334587 0.16400885581970215 1.1900110244750977
v 0.03517075628042221 0.19423526525497437 1.4396761655807495
v 0.08964616060256958 0.1401788741350174 1.0204763412475586
v 0.13995586335659027 0.13129881024360657 0.9631015062332153
v 0.19700992107391357 0.12965889275074005 0.9538189768791199
v 0.2552507817745209 0.1283930093050003 0.9483529329299927
v 0.3048087954521179 0.12733569741249084 0.9347631931304932
v 0.35831010341644287 0.12463667243719101 0.9300515055656433
v 0.4006780683994293 0.12025503069162369 0.8986531496047974
v 0.548815131187439 0.1461777687072754 1.0785871744155884
v 0.5624464154243469 0.13611716032028198 0.9913333654403687
v 0.5830167531967163 0.12572582066059113 0.931713879108429
v 0.6045749187469482 0.11953430622816086 0.880201518535614
v 0.6415011882781982 0.11704576760530472 0.8532807230949402
v -0.6942360401153564 0.1307767927646637 0.9216506481170654
v -0.6582684516906738 0.13600681722164154 0.9531297087669373
v -0.6081907153129578 0.13841663300991058 0.9648513197898865
v -0.5787497162818909 0.14165057241916656 1.0177381038665771
v -0.5454951524734497 0.14953041076660156 1.0730174779891968
v -0.518493115901947 0.15983562171459198 1.1588373184204102
v -0.488018661737442 0.16955499351024628 1.2502228021621704
v -0.3261479437351227 0.13683365285396576 0.9903809428215027
v -0.26506805419921875 0.13714610040187836 0.9874878525733948
v -0.2057155966758728 0.13636569678783417 0.9828354716300964
v -0.14737077057361603 0.13604497909545898 0.9906055331230164
v -0.08682181686162949 0.13736648857593536 0.9799970388412476
v -0.03139469027519226 0.17500025033950806 1.2435905933380127
v 0.041015610098838806 0.19488969445228577 1.414086937904358
v 0.09388705343008041 0.14040912687778473 0.9982914924621582
v 0.14380352199077606 0.13253945112228394 0.9481238722801208
v 0.19957251846790314 0.13105615973472595 0.9400711059570312
v 0.25986820459365845 0.13012290000915527 0.9418926239013672
v 0.3083999454975128 0.12874875962734222 0.9288588166236877
v 0.3596178889274597 0.12588435411453247 0.9191357493400574
v 0.4009310007095337 0.12144548445940018 0.8872406482696533
v 0.5500719547271729 0.14795860648155212 1.0672000646591187
v 0.5626389980316162 0.13761772215366364 0.9813422560691833
v 0.5817917585372925 0.1273505687713623 0.9190285801887512
v 0.6026501655578613 0.12129813432693481 0.8696037530899048
v 0.6397743225097656 0.11828669160604477 0.8421196937561035
v -0.6856415271759033 0.1333279013633728 0.9172871112823486
v -0.6469874978065491 0.13783898949623108 0.9442386031150818
v -0.6013830304145813 0.14117112755775452 0.9626753926277161
v -0.5739499926567078 0.1445513665676117 1.019918441772461
v -0.5414383411407471 0.15324503183364868 1.078089952468872
v -0.5149431228637695 0.16394510865211487 1.1658226251602173
v -0.3702826499938965 0.13951458036899567 0.974725604057312
v -0.3179013133049011 0.13810588419437408 0.979823887348175
v -0.256147176027298 0.1381954699754715 0.9759299755096436
v -0.19977718591690063 0.1381334513425827 0.9804561734199524
v -0.13853837549686432 0.1375216245651245 0.9717230796813965
v -0.08074717968702316 0.1404724270105362 0.9787944555282593
v -0.024188488721847534 0.18585777282714844 1.2960460186004639
v 0.04705784469842911 0.19466866552829742 1.3815383911132812
v 0.09811906516551971 0.14127272367477417 0.9823083281517029
v 0.14763766527175903 0.13308461010456085 0.928621768951416
v 0.20189842581748962 0.1321900337934494 0.9242082834243774
v 0.26429086923599243 0.13228195905685425 0.9372273683547974
v 0.3124195337295532 0.1302778124809265 0.924562394618988
v 0.3612939119338989 0.12716202437877655 0.9094197154045105
v 0.40090617537498474 0.12274546921253204 0.8763517141342163
v 0.551022469997406 0.14948131144046783 1.0562831163406372
v 0.5630451440811157 0.1388571709394455 0.9721265435218811
v 0.5807111263275146 0.1291292905807495 0.9073662161827087
v 0.5991904735565186 0.12354385107755661 0.853898286819458
v 0.6365680694580078 0.11931020021438599 0.8285878300666809
v -0.6791262626647949 0.13604290783405304 0.9156966209411621
v -0.6387543678283691 0.14002561569213867 0.9396181702613831
v -0.5941734910011292 0.14394071698188782 0.9602547287940979
v -0.5694654583930969 0.14773093163967133 1.0234370231628418
v -0.5380108952522278 0.1571432501077652 1.0849772691726685
v -0.5114742517471313 0.16820983588695526 1.1741880178451538
v -0.3581395745277405 0.13790808618068695 0.9549565315246582
v -0.30584368109703064 0.13884590566158295 0.9609172940254211
v -0.2473146915435791 0.13941030204296112 0.9649109840393066
v -0.1934005171060562 0.14002183079719543 0.9772332310676575
v -0.1244535744190216 0.1382744014263153 0.9273775815963745
v -0.07473751157522202 0.1440025120973587 0.9808855056762695
v -0.016288520768284798 0.1956404447555542 1.3414933681488037
v 0.05233847722411156 0.19145752489566803 1.323274850845337
v 0.10247350484132767 0.1420970857143402 0.9694281220436096
v 0.14969389140605927 0.1343449205160141 0.9039397835731506
v 0.20461232960224152 0.13324931263923645 0.9087318778038025
v 0.26882869005203247 0.13447101414203644 0.9335334897041321
v 0.31591546535491943 0.13173991441726685 0.9191479086875916
v 0.36332595348358154 0.12843391299247742 0.90070641040802
v 0.40169471502304077 0.12401477247476578 0.8664558529853821
v 0.551311194896698 0.15082399547100067 1.046090841293335
v 0.5632314682006836 0.14004501700401306 0.963323712348938
v 0.5804083347320557 0.13094601035118103 0.8981379270553589
v 0.5979613661766052 0.12497073411941528 0.8446465730667114
v 0.6253435611724854 0.12072379142045975 0.8042835593223572
v -0.6738526821136475 0.13879942893981934 0.9158189296722412
v -0.6316842436790466 0.1426696479320526 0.9369980096817017
v -0.5868495106697083 0.1467016339302063 0.9576563835144043
v -0.5651251673698425 0.1511155664920807 1.0278388261795044
v -0.5348758697509766 0.16108283400535583 1.0925666093826294
v -0.5078027248382568 0.17259150743484497 1.1822607517242432
v -0.3495323359966278 0.13939495384693146 0.9446660280227661
v -0.29113566875457764 0.14002104103565216 0.9363605976104736
v -0.2384187877178192 0.14062976837158203 0.9534198045730591
v -0.18628893792629242 0.14180128276348114 0.969333827495575
v -0.11834049224853516 0.13906940817832947 0.9163016676902771
v -0.06887244433164597 0.1476549506187439 0.9862879514694214
v -0.007852740585803986 0.20329035818576813 1.3709794282913208
v 0.05721837282180786 0.18442445993423462 1.2414953708648682
v 0.10680635273456573 0.1431247740983963 0.95830237865448
v 0.15419812500476837 0.13637904822826385 0.9006783366203308
v 0.20768246054649353 0.13442279398441315 0.8955662250518799
v 0.27327293157577515 0.13623939454555511 0.9280233979225159
v 0.31902626156806946 0.13331709802150726 0.9118852019309998
v 0.3652692139148712 0.12962010502815247 0.8922011852264404
v 0.40324729681015015 0.12540239095687866 0.8590250015258789
v 0.5515786409378052 0.15216489136219025 1.035556674003601
v 0.5632492303848267 0.14121824502944946 0.9543831944465637
v 0.5807276368141174 0.13258615136146545 0.8903380036354065
v 0.5986108779907227 0.12630142271518707 0.8380669355392456
v 0.6260503530502319 0.12106490880250931 0.793765664100647
v -0.6688902378082275 0.14160458743572235 0.9165463447570801
v -0.625262975692749 0.14498692750930786 0.9362167119979858
v -0.5802634358406067 0.14925962686538696 0.9559575915336609
v -0.5606146454811096 0.15440645813941956 1.0315775871276855
v -0.5317263603210449 0.16500376164913177 1.1001924276351929
v -0.5037370920181274 0.176611989736557 1.1875728368759155
v -0.3420284688472748 0.14150211215019226 0.9376711249351501
v -0.28057461977005005 0.14080657064914703 0.9212043285369873
v -0.2300155907869339 0.14185833930969238 0.9426889419555664
v -0.176144540309906 0.14267948269844055 0.9485048651695251
v -0.1130380928516388 0.14067496359348297 0.9100574254989624
v -0.06297313421964645 0.15161633491516113 0.9954155683517456
v -0.00018533732509240508 0.20828165113925934 1.3821933269500732
v 0.06296336650848389 0.17754098773002625 1.168440818786621
v 0.11079102754592896 0.14421916007995605 0.9489589929580688
v 0.1599339097738266 0.138249933719635 0.900248110294342
v 0.2110050469636917 0.13563913106918335 0.8856696486473083
v 0.27686071395874023 0.13786925375461578 0.9211267232894897
v 0.3218335509300232 0.13476087152957916 0.9033455848693848
v 0.36657294631004333 0.13075226545333862 0.8829132914543152
v 0.4052664637565613 0.12701642513275146 0.8533475399017334
v 0.551406741142273 0.1535847932100296 1.024068832397461
v 0.5628178119659424 0.14231526851654053 0.9446725249290466
v 0.5810463428497314 0.13396823406219482 0.882612407207489
v 0.5995690226554871 0.12795637547969818 0.8320693969726562
v -0.7013229727745056 0.13938362896442413 0.8932076692581177
v -0.6632931232452393 0.14433540403842926 0.916438639163971
v -0.6187933087348938 0.1473800390958786 0.9357993006706238
v -0.574553370475769 0.15179282426834106 0.9557638764381409
v -0.5554972887039185 0.1578179895877838 1.034192681312561
v -0.5285854339599609 0.16905008256435394 1.1081043481826782
v -0.4995914399623871 0.1801537424325943 1.1900454759597778
v -0.33468523621559143 0.1435409039258957 0.9313894510269165
v -0.27186140418052673 0.14192651212215424 0.909159243106842
v -0.22239388525485992 0.14332294464111328 0.933300793170929
v -0.1625380963087082 0.14340342581272125 0.9142041206359863
v -0.1080908328294754 0.14264382421970367 0.9064334034919739
v -0.05714179202914238 0.1570630520582199 1.0088764429092407
v 0.006819869391620159 0.21169254183769226 1.3801814317703247
v 0.06747573614120483 0.16936352849006653 1.108994960784912
v 0.11449509114027023 0.14511887729167938 0.9397857189178467
v 0.16430358588695526 0.14006927609443665 0.8959423899650574
v 0.2143964022397995 0.13688746094703674 0.8787032961845398
v 0.27887117862701416 0.13936883211135864 0.9119192361831665
v 0.3246292173862457 0.13615867495536804 0.8948559165000916
v 0.36763301491737366 0.13188573718070984 0.872937023639679
v 0.4076348841190338 0.12883798778057098 0.8479291796684265
v 0.5509079694747925 0.15492108464241028 1.0122209787368774
v 0.5616694688796997 0.14349843561649323 0.9335148334503174
v 0.5812942981719971 0.13538192212581635 0.8750133514404297
v 0.6005212068557739 0.12942300736904144 0.8266294002532959
v -0.6926318407058716 0.14200696349143982 0.8927192687988281
v -0.6565498113632202 0.14675365388393402 0.9155915975570679
v -0.6129805445671082 0.14984004199504852 0.9359203577041626
v -0.5697628855705261 0.15438109636306763 0.9568995833396912
v -0.551419734954834 0.16135552525520325 1.038081169128418
v -0.5255234241485596 0.17327328026294708 1.115797758102417
v -0.379106730222702 0.14607682824134827 0.9240241050720215
v -0.32678869366645813 0.14513260126113892 0.9253798723220825
v -0.26381704211235046 0.14307788014411926 0.8999057412147522
v -0.21529456973075867 0.14497406780719757 0.923929750919342
v -0.15432114899158478 0.1440383791923523 0.9000803828239441
v -0.10291878134012222 0.14473946392536163 0.9047562479972839
v -0.05105256289243698 0.1640079766511917 1.0377757549285889
v 0.013538557104766369 0.21415622532367706 1.3708422183990479
v 0.07176503539085388 0.16635924577713013 1.0643067359924316
v 0.1181550845503807 0.14578182995319366 0.9276137351989746
v 0.16889828443527222 0.14155538380146027 0.8908270597457886
v 0.21815712749958038 0.13832683861255646 0.8740060329437256
v 0.27896174788475037 0.1403648555278778 0.8987700343132019
v 0.3262103497982025 0.13739971816539764 0.8849085569381714
v 0.36876949667930603 0.13307487964630127 0.8629034757614136
v 0.41040557622909546 0.13075309991836548 0.8429200649261475
v 0.5503667593002319 0.15608328580856323 1.000034213066101
v 0.5598925352096558 0.14488741755485535 0.9188092947006226
v 0.5816137194633484 0.136958047747612 0.8680903911590576
v 0.6012700796127319 0.13086377084255219 0.8208024501800537
v -0.6873162388801575 0.14449197053909302 0.8926383852958679
v -0.6499499082565308 0.14899764955043793 0.9148354530334473
v -0.6080563068389893 0.15243074297904968 0.9369708895683289
v -0.5652599334716797 0.1571195125579834 0.9588223099708557
v -0.547869861125946 0.16512511670589447 1.043258547782898
v -0.5218690633773804 0.17729251086711884 1.1218928098678589
v -0.3679087162017822 0.1450863927602768 0.9070376753807068
v -0.31883496046066284 0.14649662375450134 0.9167371392250061
v -0.2568686604499817 0.14434191584587097 0.892471194267273
v -0.20772026479244232 0.14665262401103973 0.9133976697921753
v -0.1476012021303177 0.14521054923534393 0.8920288681983948
v -0.09752167016267776 0.14692924916744232 0.9039124250411987
v -0.04614812135696411 0.1739075779914856 1.0756701231002808
v 0.0200708769261837 0.21606791019439697 1.3581342697143555
v 0.0763307735323906 0.16451069712638855 1.0286469459533691
v 0.12279931455850601 0.1460476815700531 0.9017459154129028
v 0.17333921790122986 0.1429150551557541 0.8842833042144775
v 0.22221490740776062 0.1399027556180954 0.8702912330627441
v 0.27790534496307373 0.14072035253047943 0.8815100193023682
v 0.3262917697429657 0.13794228434562683 0.870633065700531
v 0.3702346384525299 0.13418416678905487 0.8541828393936157
v 0.4135041832923889 0.1324061006307602 0.8382062315940857
v 0.5510151386260986 0.15732839703559875 0.9895599484443665
v 0.5590179562568665 0.1464003622531891 0.9046809673309326
v 0.5821799039840698 0.13853369653224945 0.8613466024398804
v 0.6018716096878052 0.13228541612625122 0.8143149614334106
v -0.6832240223884583 0.14706559479236603 0.8934860229492188
v -0.6442552804946899 0.15114803612232208 0.9148106575012207
v -0.6037930250167847 0.15512880682945251 0.9389944672584534
v -0.560903787612915 0.1599581241607666 0.9608572721481323
v -0.5446123480796814 0.16929832100868225 1.0490033626556396
v -0.517882764339447 0.18106171488761902 1.1267268657684326
v -0.3599410951137543 0.14661771059036255 0.8989905118942261
v -0.31013795733451843 0.1477953940629959 0.9071129560470581
v -0.24987491965293884 0.14577782154083252 0.8864008188247681
v -0.1998046487569809 0.14822989702224731 0.9030531048774719
v -0.1404607743024826 0.14690499007701874 0.885402500629425
v -0.09199059754610062 0.14941643178462982 0.9037656784057617
v -0.04163471981883049 0.18439508974552155 1.1176508665084839
v 0.026415953412652016 0.21750298142433167 1.3422760963439941
v 0.08082596957683563 0.16373218595981598 1.0016924142837524
v 0.12681961059570312 0.14672797918319702 0.8929527997970581
v 0.17738710343837738 0.14408543705940247 0.8769825100898743
v 0.22630305588245392 0.14157222211360931 0.8669643402099609
v 0.27675148844718933 0.14089517295360565 0.8631579279899597
v 0.3256826102733612 0.13837474584579468 0.8542481660842896
v 0.37220650911331177 0.13545460999011993 0.8469058871269226
v 0.4166659414768219 0.13386303186416626 0.8332798480987549
v 0.5520303845405579 0.1587059199810028 0.9808748960494995
v 0.5600429773330688 0.1478053778409958 0.8971014022827148
v 0.5827686786651611 0.14009882509708405 0.8539091348648071
v 0.6023352742195129 0.13382035493850708 0.8073902726173401
v -0.6792961359024048 0.1496133804321289 0.894173800945282
v -0.6389236450195312 0.1533733457326889 0.9150171279907227
v -0.5996565818786621 0.15793676674365997 0.9414597153663635
v -0.5567273497581482 0.16292504966259003 0.9632028341293335
v -0.5414742231369019 0.1736791878938675 1.0551222562789917
v -0.5135799646377563 0.18477623164653778 1.1308536529541016
v -0.35350045561790466 0.14885954558849335 0.8954743146896362
v -0.30133530497550964 0.14922137558460236 0.8978228569030762
v -0.24281030893325806 0.14727868139743805 0.8810325860977173
v -0.19198927283287048 0.14970403909683228 0.8934019207954407
v -0.1352197378873825 0.14835913479328156 0.8833770751953125
v -0.08588309586048126 0.1521364450454712 0.9045652747154236
v -0.036613427102565765 0.19465576112270355 1.1596777439117432
v 0.03258335590362549 0.21839135885238647 1.322784662246704
v 0.0854688361287117 0.16372817754745483 0.9812195897102356
v 0.13143743574619293 0.14839065074920654 0.8869282007217407
v 0.18121428787708282 0.14513526856899261 0.8692340850830078
v 0.23025326430797577 0.14315953850746155 0.86341392993927
v 0.2768101394176483 0.14174039661884308 0.8478192687034607
v 0.3255924880504608 0.1392037570476532 0.8402642607688904
v 0.3748657703399658 0.13694791495800018 0.8409905433654785
v 0.41979360580444336 0.135305717587471 0.8287000060081482
v 0.5527119636535645 0.1601838916540146 0.9725241661071777
v 0.5616599917411804 0.14907144010066986 0.8919429183006287
v 0.5829975605010986 0.14154906570911407 0.8454977869987488
v 0.6027165651321411 0.13541188836097717 0.8002158999443054
v -0.6749993562698364 0.1521131992340088 0.8947252631187439
v -0.6335840225219727 0.1556984931230545 0.9145738482475281
v -0.5954049229621887 0.16077451407909393 0.94373619556427
v -0.5529439449310303 0.16597610712051392 0.9664120674133301
v -0.5379887819290161 0.17780745029449463 1.0608713626861572
v -0.5095494985580444 0.18840575218200684 1.1338486671447754
v -0.348114013671875 0.15098968148231506 0.8939758539199829
v -0.2930459976196289 0.15046049654483795 0.8900955319404602
v -0.23572342097759247 0.1487966924905777 0.8758057951927185
v -0.18495386838912964 0.1510273665189743 0.8855001926422119
v -0.130011186003685 0.149898499250412 0.8830376267433167
v -0.08024834096431732 0.15481829643249512 0.9060417413711548
v -0.030721545219421387 0.2046067714691162 1.2003238201141357
v 0.03873833268880844 0.21866236627101898 1.3000068664550781
v 0.09015782177448273 0.16365516185760498 0.9653375148773193
v 0.13573896884918213 0.14973169565200806 0.8846712708473206
v 0.1848578304052353 0.14604520797729492 0.8619164228439331
v 0.2335345298051834 0.14477446675300598 0.8582794070243835
v 0.2787279188632965 0.14303360879421234 0.8357362747192383
v 0.32645678520202637 0.1403520405292511 0.8303748965263367
v 0.37803155183792114 0.13857077062129974 0.8365439772605896
v 0.42271044850349426 0.13666844367980957 0.8239871859550476
v 0.5526849031448364 0.161680206656456 0.9634349942207336
v 0.5632089376449585 0.1502573937177658 0.8869848847389221
v 0.5834293961524963 0.14293354749679565 0.8376776576042175
v 0.6030467748641968 0.13704383373260498 0.7936214804649353
v -0.6702661514282227 0.15451791882514954 0.8951802253723145
v -0.6271587610244751 0.15821561217308044 0.9124677181243896
v -0.5905299186706543 0.16379550099372864 0.9451792240142822
v -0.5498372316360474 0.1692262440919876 0.9711712598800659
v -0.5342366695404053 0.18166643381118774 1.065853476524353
v -0.5051215887069702 0.19123712182044983 1.1353380680084229
v -0.34262895584106445 0.1527676284313202 0.8927308917045593
v -0.2853168845176697 0.15163326263427734 0.8838176131248474
v -0.2283470779657364 0.15033943951129913 0.8694452047348022
v -0.17873457074165344 0.15233853459358215 0.8795405030250549
v -0.12496477365493774 0.15160302817821503 0.8834598064422607
v -0.07471171766519547 0.15774740278720856 0.9087927341461182
v -0.023788806051015854 0.2138686627149582 1.23563551902771
v 0.04467283934354782 0.21815471351146698 1.2728246450424194
v 0.09428734332323074 0.1634150743484497 0.9482659697532654
v 0.1397707313299179 0.150954008102417 0.8819856643676758
v 0.18832716345787048 0.1469659060239792 0.8552493453025818
v 0.23565994203090668 0.14558543264865875 0.8480115532875061
v 0.28022801876068115 0.14396609365940094 0.8260284066200256
v 0.32879742980003357 0.1417406052350998 0.8241162300109863
v 0.381367027759552 0.14025570452213287 0.8327962160110474
v 0.4255451261997223 0.13807819783687592 0.8190163373947144
v 0.5524256229400635 0.16311240196228027 0.9533774256706238
v 0.5647728443145752 0.15130488574504852 0.8815829157829285
v 0.5843507051467896 0.14423105120658875 0.831619381904602
v 0.6034414768218994 0.13883928954601288 0.7874953150749207
v -0.6650875210762024 0.1567208617925644 0.8952870965003967
v -0.619458794593811 0.1608232706785202 0.908248782157898
v -0.5855965614318848 0.16681478917598724 0.9464006423950195
v -0.5470794439315796 0.1725318878889084 0.9774201512336731
v -0.5302361249923706 0.18541987240314484 1.0707067251205444
v -0.39388617873191833 0.15830755233764648 0.9031655192375183
v -0.3354710042476654 0.15447920560836792 0.8893399834632874
v -0.2781732976436615 0.15290090441703796 0.8781423568725586
v -0.22133681178092957 0.1518556773662567 0.8631904125213623
v -0.1725376546382904 0.15354770421981812 0.8741617202758789
v -0.11991064995527267 0.15358568727970123 0.8841601014137268
v -0.06919221580028534 0.16125346720218658 0.9146313667297363
v -0.016254788264632225 0.22159379720687866 1.2632346153259277
v 0.05042669549584389 0.21646185219287872 1.2385940551757812
v 0.0980125218629837 0.16261079907417297 0.924389660358429
v 0.14391939342021942 0.15224090218544006 0.8778483867645264
v 0.19182921946048737 0.14807739853858948 0.8495801091194153
v 0.23690637946128845 0.14575006067752838 0.8326385617256165
v 0.2821960747241974 0.1450873613357544 0.8163864016532898
v 0.33227279782295227 0.1431659460067749 0.8200372457504272
v 0.3844407796859741 0.1419602483510971 0.8289350271224976
v 0.42869874835014343 0.13972261548042297 0.8148001432418823
v 0.5518654584884644 0.1643752008676529 0.9424520134925842
v 0.5655574798583984 0.1524161845445633 0.873956561088562
v 0.5855969190597534 0.1455077826976776 0.8267501592636108
v 0.6038042306900024 0.14061416685581207 0.7809450626373291
v -0.6588572859764099 0.15887793898582458 0.8946963548660278
v -0.61213219165802 0.16342131793498993 0.9044584631919861
v -0.5807141065597534 0.1696413904428482 0.9474612474441528
v -0.5435963869094849 0.17629048228263855 0.9829081296920776
v -0.5261565446853638 0.18914708495140076 1.075607419013977
v -0.3819112479686737 0.1574285924434662 0.887147068977356
v -0.32930219173431396 0.15595367550849915 0.886528730392456
v -0.2714698016643524 0.15434639155864716 0.8732010722160339
v -0.21507634222507477 0.15343034267425537 0.858513593673706
v -0.16569878160953522 0.15475589036941528 0.8688901662826538
v -0.11463795602321625 0.15570062398910522 0.884113609790802
v -0.06363796442747116 0.16600769758224487 0.9231686592102051
v -0.008496039547026157 0.22736474871635437 1.2797762155532837
v 0.05593758821487427 0.2125181257724762 1.1922155618667603
v 0.10165420919656754 0.16223067045211792 0.908918023109436
v 0.1479063332080841 0.1534142792224884 0.8711092472076416
v 0.19547529518604279 0.14932186901569366 0.844839334487915
v 0.239161416888237 0.14643016457557678 0.8208669424057007
v 0.28474077582359314 0.1463470309972763 0.8092645406723022
v 0.3363460600376129 0.14446744322776794 0.8173514008522034
v 0.3869386613368988 0.14360670745372772 0.824465811252594
v 0.4328836500644684 0.1416805535554886 0.8112685680389404
v 0.55109703540802 0.16536828875541687 0.9311330914497375
v 0.5655816793441772 0.15391510725021362 0.8642257452011108
v 0.5868581533432007 0.14683414995670319 0.8219784498214722
v 0.6043213605880737 0.14173871278762817 0.7735751867294312
v -0.6521227359771729 0.1612059772014618 0.8934245109558105
v -0.6055617332458496 0.16630220413208008 0.9020588397979736
v -0.5758198499679565 0.17239736020565033 0.9483084678649902
v -0.5403573513031006 0.17956571280956268 0.9880900979042053
v -0.5220657587051392 0.19304879009723663 1.0806992053985596
v -0.3724677860736847 0.1583186686038971 0.8772884011268616
v -0.3227333724498749 0.1573333889245987 0.8826026320457458
v -0.2655217945575714 0.15583781898021698 0.8686587810516357
v -0.20944315195083618 0.15500396490097046 0.8548601269721985
v -0.15898515284061432 0.15587081015110016 0.8645081520080566
v -0.10906489938497543 0.15800242125988007 0.8821162581443787
v -0.058198314160108566 0.17109034955501556 0.939837634563446
v -0.0011076034279540181 0.2314494550228119 1.283071517944336
v 0.06023505702614784 0.20546551048755646 1.1320202350616455
v 0.10575880855321884 0.16272231936454773 0.8971319794654846
v 0.1514882892370224 0.15412701666355133 0.8597110509872437
v 0.19895221292972565 0.15059317648410797 0.8408358097076416
v 0.24285994470119476 0.14780130982398987 0.8148218393325806
v 0.2877998352050781 0.14754390716552734 0.8044409155845642
v 0.34000134468078613 0.14564527571201324 0.8143750429153442
v 0.38880810141563416 0.14485040307044983 0.8187052011489868
v 0.4376116394996643 0.14389853179454803 0.80880206823349
v 0.5503243207931519 0.16609741747379303 0.9199984669685364
v 0.5655462145805359 0.1555141657590866 0.8553838133811951
v 0.5878329277038574 0.14817537367343903 0.8167720437049866
v -0.6902161836624146 0.15983115136623383 0.8731059432029724
v -0.6448872089385986 0.1637905389070511 0.891309916973114
v -0.6001045107841492 0.16916361451148987 0.9019594192504883
v -0.5707431435585022 0.1752617508172989 0.9491093754768372
v -0.5372496843338013 0.18288075923919678 0.9935017824172974
v -0.5183761119842529 0.19695860147476196 1.0853328704833984
v -0.3649366796016693 0.15969939529895782 0.871650755405426
v -0.3155022859573364 0.15875612199306488 0.8765379190444946
v -0.25974592566490173 0.1571616381406784 0.8639546632766724
v -0.20399515330791473 0.15656763315200806 0.8519108891487122
v -0.15296758711338043 0.15704748034477234 0.8611787557601929
v -0.10340182483196259 0.16002950072288513 0.8769115805625916
v -0.05256417766213417 0.17916855216026306 0.9700347185134888
v 0.005750364623963833 0.23438003659248352 1.278473138809204
v 0.06394163519144058 0.19803133606910706 1.073874592781067
v 0.10998328030109406 0.16335555911064148 0.8890408873558044
v 0.15395230054855347 0.15418067574501038 0.8418963551521301
v 0.2018689066171646 0.15194590389728546 0.8363292217254639
v 0.24673911929130554 0.14935332536697388 0.810463547706604
v 0.2909228205680847 0.14874404668807983 0.8007224202156067
v 0.34275513887405396 0.1468149572610855 0.810401201248169
v 0.3889477849006653 0.145827978849411 0.8101910948753357
v 0.44106897711753845 0.14659829437732697 0.8073904514312744
v 0.5501990914344788 0.16689805686473846 0.9099835157394409
v 0.566200852394104 0.15708103775978088 0.8484998345375061
v 0.5883076190948486 0.1496000736951828 0.8104053139686584
v -0.6834567785263062 0.1626303642988205 0.8771909475326538
v -0.6375174522399902 0.16648639738559723 0.8885794281959534
v -0.5955270528793335 0.1721210926771164 0.9043670892715454
v -0.5657375454902649 0.17816156148910522 0.9501355886459351
v -0.5345749855041504 0.18680714070796967 1.000537395477295
v -0.5149657130241394 0.20057550072669983 1.0889590978622437
v -0.35842829942703247 0.16120927035808563 0.8680703639984131
v -0.3070261478424072 0.16018682718276978 0.8666485548019409
v -0.25277459621429443 0.15843796730041504 0.8574178814888
v -0.19844891130924225 0.1582099050283432 0.8493781685829163
v -0.1473541110754013 0.15840449929237366 0.8579879999160767
v -0.09694194048643112 0.1613491177558899 0.8676058650016785
v -0.04797141253948212 0.189479261636734 1.006264090538025
v 0.012257225811481476 0.23637324571609497 1.2683640718460083
v 0.06852216273546219 0.19277891516685486 1.028358817100525
v 0.11391257494688034 0.16362479329109192 0.8802001476287842
v 0.15605054795742035 0.15379875898361206 0.8200951814651489
v 0.20391367375850677 0.15363891422748566 0.8262535333633423
v 0.2504996359348297 0.1510024517774582 0.8063890933990479
v 0.2940450608730316 0.1500111222267151 0.7972952723503113
v 0.3444175124168396 0.14791497588157654 0.8048135042190552
v 0.38740289211273193 0.14614549279212952 0.7986565232276917
v 0.44282984733581543 0.15032345056533813 0.8063533306121826
v 0.5510718822479248 0.16801224648952484 0.9017593264579773
v 0.5673724412918091 0.15862971544265747 0.8432942628860474
v 0.5885487198829651 0.15111202001571655 0.8033206462860107
v -0.6785905361175537 0.16452795267105103 0.8775721788406372
v -0.6297990083694458 0.16913962364196777 0.8854742050170898
v -0.5920720100402832 0.17514349520206451 0.9091321229934692
v -0.5612301826477051 0.1812175065279007 0.9520478248596191
v -0.5331043601036072 0.19153250753879547 1.010453224182129
v -0.5109332799911499 0.20406316220760345 1.0905970335006714
v -0.3511122465133667 0.1630169302225113 0.8645647168159485
v -0.2969326972961426 0.16110284626483917 0.8533400297164917
v -0.24304746091365814 0.15918084979057312 0.844659686088562
v -0.19306394457817078 0.15993107855319977 0.8473312854766846
v -0.14184051752090454 0.15999414026737213 0.8536820411682129
v -0.09065244346857071 0.1623517870903015 0.8582412004470825
v -0.044086385518312454 0.20088617503643036 1.0487366914749146
v 0.018574528396129608 0.23776018619537354 1.2552587985992432
v 0.07264730334281921 0.1891566962003708 0.9898868799209595
v 0.11738406866788864 0.1637440025806427 0.8700698614120483
v 0.1535402536392212 0.1521858125925064 0.7845611572265625
v 0.20378106832504272 0.15316563844680786 0.8031346797943115
v 0.2552317976951599 0.15290610492229462 0.8047869205474854
v 0.2974606454372406 0.15124750137329102 0.7946605682373047
v 0.34434616565704346 0.14854146540164948 0.7951633930206299
v 0.38431236147880554 0.14585678279399872 0.7837039828300476
v 0.5312055945396423 0.17749188840389252 0.9451695084571838
v 0.5524336099624634 0.16926302015781403 0.8952026963233948
v 0.5688021183013916 0.16004353761672974 0.8385095596313477
v 0.5890442132949829 0.1525512933731079 0.7966181635856628
v -0.672057032585144 0.16642268002033234 0.873487114906311
v -0.6228104829788208 0.17157219350337982 0.8837156891822815
v -0.5891982316970825 0.17813338339328766 0.9143084287643433
v -0.5572035312652588 0.1844710111618042 0.954817533493042
v -0.5316762924194336 0.1961759626865387 1.020193338394165
v -0.44418856501579285 0.19023747742176056 1.0164010524749756
v -0.3458499312400818 0.16430945694446564 0.8616139888763428
v -0.28662773966789246 0.16180302202701569 0.8407526612281799
v -0.23283371329307556 0.15951861441135406 0.8308369517326355
v -0.18761934340000153 0.16157783567905426 0.8452646136283875
v -0.13633912801742554 0.16155923902988434 0.8452160954475403
v -0.08491285145282745 0.16387808322906494 0.8518903851509094
v -0.039899371564388275 0.21190853416919708 1.0912188291549683
v 0.02474081888794899 0.2385839968919754 1.240780234336853
v 0.07650219649076462 0.1830637902021408 0.9481531977653503
v 0.1201794221997261 0.1640312373638153 0.8591008186340332
v 0.156271293759346 0.1530582457780838 0.7761890888214111
v 0.20395056903362274 0.15255974233150482 0.7773804068565369
v 0.2606372833251953 0.15482598543167114 0.8043484091758728
v 0.3005458116531372 0.15245984494686127 0.791805624961853
v 0.3329527676105499 0.1481626182794571 0.7590706944465637
v 0.38057053089141846 0.14500191807746887 0.7662670016288757
v 0.5389671325683594 0.18060873448848724 0.9481557607650757
v 0.5535322427749634 0.1705164760351181 0.888909637928009
v 0.5699102282524109 0.16120530664920807 0.8327380418777466
v 0.5898874402046204 0.1539064645767212 0.7906959652900696
v -0.6491936445236206 0.16966934502124786 0.8502833843231201
v -0.6168837547302246 0.17388467490673065 0.8831535577774048
v -0.5860316753387451 0.18109552562236786 0.9183482527732849
v -0.5533621311187744 0.187825009226799 0.9581965208053589
v -0.5284818410873413 0.19995802640914917 1.026401162147522
v -0.38064491748809814 0.16483446955680847 0.8400864601135254
v -0.3393515944480896 0.16562749445438385 0.8569081425666809
v -0.27801039814949036 0.16290880739688873 0.8321988582611084
v -0.22557474672794342 0.16071078181266785 0.823939323425293
v -0.18240933120250702 0.16319406032562256 0.8426160216331482
v -0.12885574996471405 0.16248314082622528 0.8289400339126587
v -0.07937712967395782 0.16636747121810913 0.8494695425033569
v -0.03457393869757652 0.22211846709251404 1.1296465396881104
v 0.0307316817343235 0.2390248030424118 1.2247955799102783
v 0.08043787628412247 0.1822415590286255 0.9299591779708862
v 0.12189671397209167 0.16358457505702972 0.8413968086242676
v 0.15978609025478363 0.1546037346124649 0.7714783549308777
v 0.20661179721355438 0.15333636105060577 0.7707619667053223
v 0.26581987738609314 0.1567622870206833 0.8031481504440308
v 0.30315136909484863 0.15372350811958313 0.7883589267730713
v 0.33311593532562256 0.14814288914203644 0.7483655214309692
v 0.3700923025608063 0.14242695271968842 0.7305634021759033
v 0.5388679504394531 0.18242023885250092 0.9419671893119812
v 0.553998589515686 0.17185692489147186 0.8818265199661255
v 0.5706914663314819 0.1621662974357605 0.826176643371582
v 0.5906875729560852 0.1553933024406433 0.7851390838623047
v -0.6388053894042969 0.17132136225700378 0.8440863490104675
v -0.6120038628578186 0.17629486322402954 0.8834505081176758
v -0.5829037427902222 0.18421892821788788 0.9224637150764465
v -0.5496369004249573 0.19122357666492462 0.9621739387512207
v -0.5243257284164429 0.2031475454568863 1.0300629138946533
v -0.3720467686653137 0.16559413075447083 0.8311430215835571
v -0.3310210704803467 0.16694122552871704 0.8484948873519897
v -0.2714288830757141 0.16398745775222778 0.8267096877098083
v -0.22108995914459229 0.16231562197208405 0.8231228590011597
v -0.17740316689014435 0.16472128033638 0.8382405042648315
v -0.11845818161964417 0.1632327437400818 0.8039674162864685
v -0.07422304898500443 0.1698099970817566 0.8518475294113159
v -0.02863823063671589 0.23094530403614044 1.161056637763977
v 0.03664625063538551 0.23917825520038605 1.2071824073791504
v 0.08479895442724228 0.1825902760028839 0.9197455644607544
v 0.12300806492567062 0.15997318923473358 0.7932062745094299
v 0.16366833448410034 0.1563551425933838 0.7685157060623169
v 0.2096078097820282 0.1544439047574997 0.7655831575393677
v 0.2700534760951996 0.15834291279315948 0.8012645244598389
v 0.3046933114528656 0.15480591356754303 0.7827322483062744
v 0.3341696560382843 0.14841538667678833 0.740009069442749
v 0.3696679174900055 0.14285722374916077 0.7214977741241455
v 0.538845419883728 0.1835629642009735 0.9337496757507324
v 0.554023027420044 0.17292936146259308 0.8730340600013733
v 0.571587324142456 0.1631990224123001 0.8197352886199951
v 0.5912710428237915 0.15700887143611908 0.7798222303390503
v -0.6312665939331055 0.17370785772800446 0.8415567278862
v -0.607742428779602 0.17887718975543976 0.8844395279884338
v -0.5796006917953491 0.1874215304851532 0.9268151521682739
v -0.5461199283599854 0.19465592503547668 0.9668492674827576
v -0.5186538696289062 0.205333411693573 1.0292763710021973
v -0.36436671018600464 0.1666783094406128 0.8230875730514526
v -0.32023686170578003 0.16783685982227325 0.8353586196899414
v -0.2648110091686249 0.16517865657806396 0.819959282875061
v -0.21664519608020782 0.16387005150318146 0.8232351541519165
v -0.17155927419662476 0.16612334549427032 0.8301339149475098
v -0.11261674761772156 0.16412296891212463 0.7954561114311218
v -0.06917524337768555 0.17392264306545258 0.8586423397064209
v -0.022064579650759697 0.2380809783935547 1.183595895767212
v 0.04254009947180748 0.23886999487876892 1.1876518726348877
v 0.08959567546844482 0.1834677904844284 0.9096412062644958
v 0.12496860325336456 0.1589956432580948 0.7733920216560364
v 0.1674763411283493 0.1577453911304474 0.7650073766708374
v 0.21241788566112518 0.1556314080953598 0.7605786323547363
v 0.2735101580619812 0.15969449281692505 0.7983731031417847
v 0.3046731650829315 0.1554495394229889 0.7709413170814514
v 0.3354150056838989 0.14881592988967896 0.7323793768882751
v 0.36912819743156433 0.14346599578857422 0.7119020223617554
v 0.5391772389411926 0.18436793982982635 0.9245269298553467
v 0.5540260076522827 0.17364954948425293 0.8636897206306458
v 0.5723154544830322 0.1643216758966446 0.8134982585906982
v 0.591744065284729 0.15855878591537476 0.7742841243743896
v -0.6256030201911926 0.17606395483016968 0.8409515619277954
v -0.603644847869873 0.18166647851467133 0.885442852973938
v -0.5759668350219727 0.1906270831823349 0.9305698275566101
v -0.5430693626403809 0.19825851917266846 0.9717817306518555
v -0.4006754755973816 0.16523848474025726 0.8095812797546387
v -0.356954962015152 0.16756218671798706 0.8155050277709961
v -0.3081364333629608 0.16790305078029633 0.81881183385849
v -0.2575261890888214 0.16634266078472137 0.8110870718955994
v -0.21163268387317657 0.1654161959886551 0.8205923438072205
v -0.162918359041214 0.1662570834159851 0.8128548860549927
v -0.107637919485569 0.16548526287078857 0.7914515733718872
v -0.06400000303983688 0.1786608099937439 0.8701783418655396
v -0.014904817566275597 0.2436310201883316 1.1965131759643555
v 0.04824818670749664 0.23768199980258942 1.1649683713912964
v 0.09342671185731888 0.1834297925233841 0.8982328772544861
v 0.12742377817630768 0.15896070003509521 0.759637176990509
v 0.17066925764083862 0.15859454870224 0.7585626840591431
v 0.21559825539588928 0.1569693237543106 0.7570897340774536
v 0.2758588492870331 0.16087213158607483 0.7938492298126221
v 0.30406320095062256 0.1553717851638794 0.7542510032653809
v 0.3367924690246582 0.14930953085422516 0.7253520488739014
v 0.36845237016677856 0.14387759566307068 0.7015286684036255
v 0.5399185419082642 0.18544065952301025 0.9163541197776794
v 0.5547094345092773 0.17447751760482788 0.8559621572494507
v 0.5730587244033813 0.16549162566661835 0.807532012462616
v 0.5920091271400452 0.15986159443855286 0.7677513360977173
v -0.6210222244262695 0.1785924881696701 0.8411960601806641
v -0.5992463827133179 0.18447978794574738 0.8860684633255005
v -0.5719267129898071 0.1937730610370636 0.9330376386642456
v -0.540084183216095 0.20205049216747284 0.9764785170555115
v -0.38968318700790405 0.16423891484737396 0.7945283651351929
v -0.3494727909564972 0.16805240511894226 0.807964563369751
v -0.2970575988292694 0.16763219237327576 0.803813636302948
v -0.24981635808944702 0.16724345088005066 0.8023440837860107
v -0.20537136495113373 0.16684576869010925 0.8130204081535339
v -0.145188108086586 0.16345828771591187 0.7680904269218445
v -0.10279158502817154 0.16687799990177155 0.7880964279174805
v -0.05905385687947273 0.18494100868701935 0.8882139325141907
v -0.007591709960252047 0.2478889524936676 1.2007155418395996
v 0.05378955230116844 0.23557528853416443 1.1359431743621826
v 0.09657476842403412 0.18269281089305878 0.8840044736862183
v 0.1299799382686615 0.15961258113384247 0.7503353953361511
v 0.17340615391731262 0.15904784202575684 0.7501155734062195
v 0.21946005523204803 0.15852674841880798 0.754632294178009
v 0.27735263109207153 0.1619170904159546 0.7871785163879395
v 0.3040345311164856 0.15562623739242554 0.7388243675231934
v 0.338228702545166 0.14990830421447754 0.7183891534805298
v 0.3677504062652588 0.1438850313425064 0.6908388137817383
v 0.5405988693237305 0.18659262359142303 0.9079398512840271
v 0.556503176689148 0.17581596970558167 0.8507577776908875
v 0.5734976530075073 0.16669175028800964 0.8012940883636475
v 0.5925623178482056 0.16090504825115204 0.7604694366455078
v -0.6169723272323608 0.18092244863510132 0.8421117663383484
v -0.5945943593978882 0.18728353083133698 0.8862402439117432
v -0.5675303339958191 0.19692924618721008 0.9344034194946289
v -0.537090003490448 0.20590347051620483 0.9811750650405884
v -0.38077470660209656 0.1648859828710556 0.7845771312713623
v -0.3414812684059143 0.16878853738307953 0.801933228969574
v -0.28810417652130127 0.1678893119096756 0.7918128371238708
v -0.24314236640930176 0.16803596913814545 0.7957382202148438
v -0.19661687314510345 0.1675974577665329 0.7986253499984741
v -0.1393519639968872 0.16391447186470032 0.7589184641838074
v -0.09791095554828644 0.16827404499053955 0.7846641540527344
v -0.05456041172146797 0.19325315952301025 0.9136875867843628
v -0.0006159484619274735 0.25109824538230896 1.1984167098999023
v 0.05883030220866203 0.2308831512928009 1.0932247638702393
v 0.09912039339542389 0.18122264742851257 0.8654211163520813
v 0.13298796117305756 0.1606699377298355 0.7444417476654053
v 0.1763714998960495 0.15957863628864288 0.7429696321487427
v 0.22360779345035553 0.1600683629512787 0.7529906630516052
v 0.278151273727417 0.16258245706558228 0.7776330709457397
v 0.3056415319442749 0.1563267707824707 0.7329477071762085
v 0.33999916911125183 0.15070772171020508 0.712187647819519
v 0.36708319187164307 0.1438705027103424 0.6812378168106079
v 0.5411010980606079 0.1873742789030075 0.9001737236976624
v 0.5589399933815002 0.17747756838798523 0.8465349674224854
v 0.5737032890319824 0.1679971069097519 0.7948745489120483
v -0.6545447111129761 0.17920316755771637 0.8253030180931091
v -0.6138172149658203 0.18315283954143524 0.8444334864616394
v -0.5898793935775757 0.19017477333545685 0.8869508504867554
v -0.5628378391265869 0.19998018443584442 0.9354567527770996
v -0.5342264175415039 0.20971758663654327 0.9861651062965393
v -0.3739599585533142 0.16630925238132477 0.7797268629074097
v -0.33379608392715454 0.1695290058851242 0.7936041355133057
v -0.28032755851745605 0.16849511861801147 0.7822917699813843
v -0.23726145923137665 0.16891798377037048 0.7908328771591187
v -0.18724940717220306 0.16775743663311005 0.7820131778717041
v -0.13478471338748932 0.16548743844032288 0.7557148933410645
v -0.09310653805732727 0.16983520984649658 0.7818666696548462
v -0.05047601833939552 0.20305268466472626 0.9454626441001892
v 0.005789570976048708 0.2531903088092804 1.1916080713272095
v 0.06329464167356491 0.22433768212795258 1.0442687273025513
v 0.10092390328645706 0.17873206734657288 0.8391138911247253
v 0.13625335693359375 0.1616361141204834 0.7404360771179199
v 0.18053005635738373 0.16036048531532288 0.7388124465942383
v 0.2276100218296051 0.16147850453853607 0.7511163949966431
v 0.2784966230392456 0.16293965280056 0.7660866975784302
v 0.30799365043640137 0.15741240978240967 0.7275736331939697
v 0.3416846990585327 0.1516420841217041 0.7063805460929871
v 0.36708295345306396 0.14414721727371216 0.6737826466560364
v 0.5412046909332275 0.1879304051399231 0.893028736114502
v 0.5613940954208374 0.17921674251556396 0.8423870801925659
v 0.5741159915924072 0.16923600435256958 0.7889419198036194
v -0.644689679145813 0.1810363382101059 0.8240501284599304
v -0.611405074596405 0.18603010475635529 0.8479200601577759
v -0.5858166217803955 0.1931927353143692 0.8890846967697144
v -0.5578579902648926 0.20280630886554718 0.9363670349121094
v -0.5310695767402649 0.21333368122577667 0.9909675717353821
v -0.3688269257545471 0.16852794587612152 0.7779255509376526
v -0.3252595067024231 0.17036297917366028 0.7844722867012024
v -0.2732134163379669 0.16928324103355408 0.7746356725692749
v -0.23176492750644684 0.16976679861545563 0.7864168882369995
v -0.17876100540161133 0.167942076921463 0.7668875455856323
v -0.1304573267698288 0.1675015389919281 0.7547913789749146
v -0.08835207670927048 0.17159195244312286 0.7794798016548157
v -0.04669375717639923 0.21375532448291779 0.9809934496879578
v 0.01185160968452692 0.2546265721321106 1.1820100545883179
v 0.06755156069993973 0.2184140533208847 1.001508116722107
v 0.10214466601610184 0.1707627773284912 0.7708114385604858
v 0.1393657773733139 0.16275666654109955 0.7365341782569885
v 0.18436801433563232 0.16129064559936523 0.7367621064186096
v 0.23138003051280975 0.16282743215560913 0.7485369443893433
v 0.2786441147327423 0.1633213311433792 0.7536544799804688
v 0.31040969491004944 0.15823838114738464 0.7235950231552124
v 0.34305453300476074 0.15259429812431335 0.7005345821380615
v 0.3679879605770111 0.14466138184070587 0.6683807969093323
v 0.5411807298660278 0.18886874616146088 0.8860259652137756
v 0.5627772808074951 0.18071217834949493 0.8370757102966309
v 0.574771523475647 0.17046840488910675 0.7838023900985718
v -0.6380115151405334 0.1833493411540985 0.8233409523963928
v -0.6086722612380981 0.18885189294815063 0.8551572561264038
v -0.5823314189910889 0.19645951688289642 0.892792820930481
v -0.5529507398605347 0.20568199455738068 0.9373914003372192
v -0.5275496244430542 0.216356560587883 0.9945681095123291
v -0.36386817693710327 0.1705993264913559 0.7762541770935059
v -0.3158101439476013 0.17075036466121674 0.7744437456130981
v -0.26667317748069763 0.17009933292865753 0.7684119939804077
v -0.22532285749912262 0.17064213752746582 0.779905378818512
v -0.17163914442062378 0.16903328895568848 0.7558209896087646
v -0.12559016048908234 0.1698380708694458 0.7545598149299622
v -0.08366798609495163 0.17357878386974335 0.7782648801803589
v -0.04283374547958374 0.22474674880504608 1.0187244415283203
v 0.017775435000658035 0.2557118833065033 1.1709843873977661
v 0.07157251238822937 0.21403421461582184 0.968306303024292
v 0.10403207689523697 0.16869600117206573 0.7526010870933533
v 0.14255595207214355 0.16405926644802094 0.7319778203964233
v 0.188192680478096 0.16216418147087097 0.7345620393753052
v 0.23520399630069733 0.16406631469726562 0.7454771995544434
v 0.2794053256511688 0.16391322016716003 0.7426794767379761
v 0.31301039457321167 0.15918457508087158 0.720002293586731
v 0.3441688120365143 0.15303517878055573 0.6937695741653442
v 0.3691619038581848 0.14531183242797852 0.6642082929611206
v 0.5418611168861389 0.18999499082565308 0.8790444135665894
v 0.563240110874176 0.18178437650203705 0.8304296731948853
v 0.5757317543029785 0.17168520390987396 0.7791770696640015
v -0.632756233215332 0.18567559123039246 0.8236818313598633
v -0.6055362224578857 0.19147908687591553 0.8587722778320312
v -0.5786927938461304 0.19988735020160675 0.8967618942260742
v -0.5484316349029541 0.2086459994316101 0.9390217065811157
v -0.4175841510295868 0.17575961351394653 0.7966387271881104
v -0.35838115215301514 0.17212535440921783 0.7742383480072021
v -0.30570006370544434 0.1706976741552353 0.7636498212814331
v -0.26053744554519653 0.17090260982513428 0.7629547119140625
v -0.21719054877758026 0.17144405841827393 0.7685549259185791
v -0.16558051109313965 0.1700925976037979 0.7509889006614685
v -0.12111832201480865 0.17142094671726227 0.7539397478103638
v -0.07881402224302292 0.17592474818229675 0.7786782383918762
v -0.037865933030843735 0.23542308807373047 1.0567797422409058
v 0.023650037124753 0.25652778148651123 1.158902645111084
v 0.07563614845275879 0.21086494624614716 0.9429736733436584
v 0.10660143941640854 0.16849397122859955 0.7405856847763062
v 0.14583970606327057 0.16519135236740112 0.726982593536377
v 0.1917872577905655 0.1630043089389801 0.7320362329483032
v 0.23953387141227722 0.16515029966831207 0.7424048185348511
v 0.28104472160339355 0.1646946668624878 0.7345796823501587
v 0.31553399562835693 0.16018198430538177 0.7166085243225098
v 0.3451114594936371 0.15348276495933533 0.6871346235275269
v 0.3705351650714874 0.1460026353597641 0.660478949546814
v 0.5429770946502686 0.191156804561615 0.8714429140090942
v 0.5631827116012573 0.18259240686893463 0.8227110505104065
v 0.5764777660369873 0.17298506200313568 0.7743521332740784
v -0.6283116936683655 0.1877906620502472 0.8244515657424927
v -0.6020227670669556 0.194316104054451 0.86150062084198
v -0.5749452114105225 0.2033075988292694 0.9010591506958008
v -0.5443016290664673 0.21179619431495667 0.9414442777633667
v -0.4047616422176361 0.1733708530664444 0.7807106971740723
v -0.3517293930053711 0.17353326082229614 0.7711068391799927
v -0.29747819900512695 0.171176478266716 0.7565304636955261
v -0.2545643448829651 0.17175695300102234 0.7584316730499268
v -0.20803487300872803 0.17191438376903534 0.753902792930603
v -0.16054627299308777 0.17162735760211945 0.7480358481407166
v -0.11622784286737442 0.17283622920513153 0.7523767352104187
v -0.07382853329181671 0.17895299196243286 0.7818480730056763
v -0.03191404417157173 0.24514330923557281 1.0916001796722412
v 0.02941487729549408 0.25712162256240845 1.1459887027740479
v 0.07924802601337433 0.20790599286556244 0.9200141429901123
v 0.1097356453537941 0.16905207931995392 0.7328697443008423
v 0.14943917095661163 0.16617918014526367 0.7235908508300781
v 0.19522351026535034 0.163845956325531 0.7293815612792969
v 0.2437497079372406 0.1664734035730362 0.7393811345100403
v 0.2836538851261139 0.16558875143527985 0.7294925451278687
v 0.31814029812812805 0.16108185052871704 0.7133558988571167
v 0.3460359573364258 0.15433692932128906 0.6817412376403809
v 0.3724757432937622 0.1466502994298935 0.6567768454551697
v 0.5437301397323608 0.19204209744930267 0.8631815910339355
v 0.5627496242523193 0.1831069439649582 0.8140980005264282
v 0.5765790939331055 0.17427769303321838 0.768351674079895
v -0.6241620779037476 0.1898658573627472 0.8255485892295837
v -0.5984030961990356 0.1974635273218155 0.8648910522460938
v -0.5723555088043213 0.2069709151983261 0.9067568182945251
v -0.540864884853363 0.21527382731437683 0.9452173709869385
v -0.3960829973220825 0.174300417304039 0.7729505300521851
v -0.34616437554359436 0.1746814101934433 0.7684186100959778
v -0.2923014760017395 0.17238029837608337 0.7537832856178284
v -0.24858838319778442 0.17268168926239014 0.7539577484130859
v -0.1993890106678009 0.1722351610660553 0.741931676864624
v -0.1557472199201584 0.17306837439537048 0.7458044290542603
v -0.11122336983680725 0.1742609739303589 0.7506073713302612
v -0.06903456896543503 0.18290767073631287 0.7890523672103882
v -0.025516575202345848 0.25294119119644165 1.1168029308319092
v 0.03513172268867493 0.2575318515300751 1.1324818134307861
v 0.08178967982530594 0.2036942094564438 0.8933932185173035
v 0.1133628785610199 0.16994608938694 0.7272597551345825
v 0.1531834602355957 0.16720768809318542 0.7216541767120361
v 0.19819481670856476 0.16488417983055115 0.7254639863967896
v 0.24746455252170563 0.16763733327388763 0.735754132270813
v 0.2867371141910553 0.16656948626041412 0.726241946220398
v 0.3206864297389984 0.16181649267673492 0.7101895809173584
v 0.3479730784893036 0.15531626343727112 0.6777236461639404
v 0.37452736496925354 0.14760279655456543 0.653051495552063
v 0.5445073843002319 0.19267456233501434 0.8552194833755493
v 0.5618547797203064 0.18346647918224335 0.804547905921936
v 0.5745902061462402 0.17463810741901398 0.7565768957138062
v -0.6198906302452087 0.19221608340740204 0.8268357515335083
v -0.5954543352127075 0.2007972002029419 0.8691651821136475
v -0.5694496631622314 0.2104821354150772 0.9114285111427307
v -0.5379592776298523 0.219059020280838 0.9504751563072205
v -0.38963380455970764 0.17628996074199677 0.769939661026001
v -0.3412502408027649 0.17592380940914154 0.7666320204734802
v -0.2862491011619568 0.17311443388462067 0.7492276430130005
v -0.24191729724407196 0.1735367625951767 0.7479138374328613
v -0.19247259199619293 0.17298628389835358 0.7357406616210938
v -0.15035730600357056 0.17390838265419006 0.7425298094749451
v -0.10637916624546051 0.17581473290920258 0.7493778467178345
v -0.06441991776227951 0.18785709142684937 0.8015232086181641
v -0.019058717414736748 0.25834375619888306 1.1289466619491577
v 0.04071328788995743 0.25771015882492065 1.1178562641143799
v 0.07969839870929718 0.1872614026069641 0.7920078039169312
v 0.11668600142002106 0.17108459770679474 0.7247710227966309
v 0.15675026178359985 0.1680872142314911 0.7195563912391663
v 0.20024631917476654 0.16567738354206085 0.7188653945922852
v 0.2503279149532318 0.1685897558927536 0.7316497564315796
v 0.2900482714176178 0.16768936812877655 0.7238643169403076
v 0.3231405019760132 0.16239935159683228 0.7068501710891724
v 0.3504692316055298 0.15623095631599426 0.6743999123573303
v 0.3765135109424591 0.14856940507888794 0.6496446132659912
v 0.5462870597839355 0.19353915750980377 0.8487743139266968
v 0.5613102316856384 0.1839374452829361 0.7961974143981934
v 0.573980450630188 0.17508864402770996 0.7468781471252441
v -0.615472137928009 0.19473692774772644 0.827707052230835
v -0.5928846597671509 0.20416127145290375 0.8735462427139282
v -0.5663192272186279 0.21361295878887177 0.9150196313858032
v -0.5352878570556641 0.22283799946308136 0.9558086395263672
v -0.38446199893951416 0.178274005651474 0.7693043351173401
v -0.3362542390823364 0.17732441425323486 0.7648487091064453
v -0.27951377630233765 0.1741560995578766 0.7440017461776733
v -0.23428094387054443 0.1741756647825241 0.7389307022094727
v -0.18737035989761353 0.17397698760032654 0.7331192493438721
v -0.145396426320076 0.17486684024333954 0.7404377460479736
v -0.10167821496725082 0.17756269872188568 0.748671293258667
v -0.059518735855817795 0.1969807744026184 0.8334161043167114
v -0.012518073432147503 0.2625083029270172 1.1320565938949585
v 0.046097155660390854 0.2572877109050751 1.1009399890899658
v 0.0808580219745636 0.18140342831611633 0.7566707730293274
v 0.12020882219076157 0.17219987511634827 0.7231450080871582
v 0.16005241870880127 0.16868847608566284 0.7166763544082642
v 0.2012755125761032 0.16563957929611206 0.7072833180427551
v 0.2525886595249176 0.1694021373987198 0.7267659902572632
v 0.2934494614601135 0.16889101266860962 0.7220692038536072
v 0.3254980742931366 0.16280660033226013 0.7027019262313843
v 0.35303202271461487 0.15704239904880524 0.6714465618133545
v 0.3777464032173157 0.14946144819259644 0.644847571849823
v 0.5483335256576538 0.1948864609003067 0.8437900543212891
v 0.5611995458602905 0.18460345268249512 0.7889871001243591
v 0.575942873954773 0.176359623670578 0.7428686618804932
v -0.6108796000480652 0.19729261100292206 0.8280540704727173
v -0.5901148319244385 0.20724289119243622 0.8769145011901855
v -0.5629383325576782 0.21660596132278442 0.9179796576499939
v -0.5323923230171204 0.2264268398284912 0.9604578018188477
v -0.3799372911453247 0.180208221077919 0.7692641615867615
v -0.33077603578567505 0.17859692871570587 0.761847734451294
v -0.27359068393707275 0.17542961239814758 0.7396596670150757
v -0.22622080147266388 0.174857035279274 0.7291980385780334
v -0.18276187777519226 0.17501316964626312 0.7313181161880493
v -0.1409204751253128 0.17606106400489807 0.7390921115875244
v -0.09716065973043442 0.17950651049613953 0.748376727104187
v -0.056903496384620667 0.20758599042892456 0.8661694526672363
v -0.006028082687407732 0.2659093737602234 1.1301510334014893
v 0.05148066580295563 0.2557826340198517 1.0791819095611572
v 0.0837736427783966 0.180045023560524 0.7411167025566101
v 0.12396519631147385 0.1733798086643219 0.7221391201019287
v 0.1628056764602661 0.16918624937534332 0.7113207578659058
v 0.1997014880180359 0.16541273891925812 0.6851212978363037
v 0.2552206218242645 0.17032498121261597 0.7209601998329163
v 0.29671168327331543 0.17012859880924225 0.720099925994873
v 0.32794657349586487 0.1633150577545166 0.6977384090423584
v 0.35547763109207153 0.157857745885849 0.6686991453170776
v 0.37776219844818115 0.15026333928108215 0.6371976137161255
v 0.5503791570663452 0.19639110565185547 0.8389303684234619
v 0.5614690780639648 0.18560612201690674 0.7826135158538818
v 0.5802954435348511 0.17802287638187408 0.7403664588928223
v -0.6063740253448486 0.1998366415500641 0.8285959959030151
v -0.5867536067962646 0.21016177535057068 0.8790838122367859
v -0.5591435432434082 0.21973314881324768 0.9206556677818298
v -0.5294172167778015 0.22999289631843567 0.96384596824646
v -0.37357375025749207 0.18220403790473938 0.7670984864234924
v -0.32347825169563293 0.17957322299480438 0.7551197409629822
v -0.26866811513900757 0.17690016329288483 0.736336886882782
v -0.2196049690246582 0.17594319581985474 0.7228756546974182
v -0.178074449300766 0.17613886296749115 0.729708194732666
v -0.13638737797737122 0.1773516684770584 0.7371182441711426
v -0.09270932525396347 0.18169960379600525 0.7482019662857056
v -0.05458149313926697 0.21929053962230682 0.9022321701049805
v 0.00014747462410014123 0.2684329152107239 1.1245404481887817
v 0.0565132200717926 0.25189730525016785 1.0455025434494019
v 0.08723478764295578 0.18034623563289642 0.7339821457862854
v 0.12773868441581726 0.17452557384967804 0.7208927869796753
v 0.16532088816165924 0.16952572762966156 0.7024838924407959
v 0.2020016312599182 0.1658289134502411 0.6786677837371826
v 0.25799837708473206 0.17113864421844482 0.71530681848526
v 0.2994179129600525 0.17119883000850677 0.7177430987358093
v 0.3299620747566223 0.16381199657917023 0.6918826103210449
v 0.3577084541320801 0.15866731107234955 0.6658548712730408
v 0.37592384219169617 0.15065287053585052 0.6267883777618408
v 0.5513523817062378 0.1971319317817688 0.8322266936302185
v 0.5620191097259521 0.1867367923259735 0.7770076394081116
v -0.6409465074539185 0.19750939309597015 0.8079996705055237
v -0.6020238995552063 0.20250020921230316 0.8293886780738831
v -0.5830197334289551 0.21297666430473328 0.8806567788124084
v -0.5552240610122681 0.22294028103351593 0.9232591390609741
v -0.5263990759849548 0.2333899736404419 0.9655430316925049
v -0.3686158061027527 0.18326610326766968 0.7652114629745483
v -0.3116760849952698 0.1788835972547531 0.7395118474960327
v -0.26366233825683594 0.1784650981426239 0.7330899238586426
v -0.21490983664989471 0.17722800374031067 0.7199702262878418
v -0.17349357903003693 0.1772698014974594 0.7282931208610535
v -0.13157428801059723 0.17879873514175415 0.7329604625701904
v -0.08830332010984421 0.184117391705513 0.7480274438858032
v -0.05044180154800415 0.22901389002799988 0.9316439628601074
v 0.005850421730428934 0.27016937732696533 1.1164308786392212
v 0.061018314212560654 0.2458217889070511 1.0041453838348389
v 0.09087631851434708 0.18098784983158112 0.7300442457199097
v 0.13137876987457275 0.175556480884552 0.7193065881729126
v 0.1681670844554901 0.17023013532161713 0.6934597492218018
v 0.20477598905563354 0.16693362593650818 0.6752457618713379
v 0.2613905966281891 0.17183780670166016 0.7114571332931519
v 0.30136027932167053 0.17176756262779236 0.7144259214401245
v 0.3322679400444031 0.16423441469669342 0.686782956123352
v 0.3597491681575775 0.1595289409160614 0.6628350615501404
v 0.3732815682888031 0.15087369084358215 0.6154401302337646
v 0.5520868897438049 0.19781018793582916 0.824835479259491
v 0.5630413889884949 0.18804216384887695 0.7720049619674683
v -0.6336785554885864 0.19997303187847137 0.8118119835853577
v -0.5978442430496216 0.20523923635482788 0.8305515050888062
v -0.5790377855300903 0.21583569049835205 0.8820525407791138
v -0.551267147064209 0.226270854473114 0.9255972504615784
v -0.5179147720336914 0.2330102175474167 0.961449921131134
v -0.3631644546985626 0.18461927771568298 0.7621806263923645
v -0.29205265641212463 0.17608734965324402 0.7089827060699463
v -0.2581477761268616 0.1799813210964203 0.7290708422660828
v -0.21115894615650177 0.17860065400600433 0.7187449932098389
v -0.16887889802455902 0.17838197946548462 0.7266854047775269
v -0.12638410925865173 0.18018224835395813 0.7282792329788208
v -0.08404703438282013 0.18666675686836243 0.7479419708251953
v -0.046013180166482925 0.2375400811433792 0.9573484659194946
v 0.011307274922728539 0.2714523673057556 1.106929063796997
v 0.06468570977449417 0.23975081741809845 0.9667465686798096
v 0.09442974627017975 0.18174616992473602 0.7268481254577637
v 0.13485561311244965 0.17648246884346008 0.7171839475631714
v 0.17129509150981903 0.17117741703987122 0.6857932806015015
v 0.20800752937793732 0.16827146708965302 0.6727895736694336
v 0.26455846428871155 0.1726127564907074 0.7075150012969971
v 0.30077409744262695 0.1713949292898178 0.7072310447692871
v 0.3339514434337616 0.1648673415184021 0.6818785667419434
v 0.36187419295310974 0.1603032499551773 0.6598089933395386
v 0.3708683252334595 0.15078336000442505 0.6050358414649963
v 0.5523716807365417 0.1988433450460434 0.817797064781189
v 0.564772367477417 0.18959420919418335 0.7677531838417053
v -0.6288438439369202 0.2020459771156311 0.8126062154769897
v -0.5937238931655884 0.2080862671136856 0.832323431968689
v -0.5749713182449341 0.21877795457839966 0.8835868835449219
v -0.5472753643989563 0.22951924800872803 0.927670419216156
v -0.3993946313858032 0.18831926584243774 0.7533846497535706
v -0.356151819229126 0.1853679120540619 0.75522780418396
v -0.28589871525764465 0.17642728984355927 0.7022086977958679
v -0.2516499161720276 0.1811341941356659 0.7234735488891602
v -0.2069714218378067 0.1799284815788269 0.7179757356643677
v -0.1641717404127121 0.1795746088027954 0.7244577407836914
v -0.12127206474542618 0.1815873384475708 0.7257068157196045
v -0.079635851085186 0.18939156830310822 0.7482852935791016
v -0.04132067412137985 0.24659885466098785 0.9843143820762634
v 0.01677418313920498 0.27251872420310974 1.096726894378662
v 0.06782995909452438 0.2345617115497589 0.9350034594535828
v 0.09851624071598053 0.18260248005390167 0.7237668037414551
v 0.13809500634670258 0.1773899793624878 0.7146759033203125
v 0.17446479201316833 0.17210569977760315 0.6803724765777588
v 0.21118421852588654 0.1699514240026474 0.6697291135787964
v 0.26674413681030273 0.17373806238174438 0.703402042388916
v 0.2823646366596222 0.16312673687934875 0.6437666416168213
v 0.3353884816169739 0.16565701365470886 0.6759964823722839
v 0.3628682494163513 0.16098177433013916 0.6557716727256775
v 0.3692898750305176 0.1508883684873581 0.5966405868530273
v 0.5521105527877808 0.1994597464799881 0.8095378279685974
v 0.5669445395469666 0.19128011167049408 0.7638647556304932
v -0.6238900423049927 0.2044556438922882 0.8121957182884216
v -0.590481162071228 0.21112047135829926 0.8356358408927917
v -0.571143388748169 0.22197754681110382 0.8858773708343506
v -0.5433911085128784 0.23266032338142395 0.9297073483467102
v -0.38923630118370056 0.18694540858268738 0.7430548071861267
v -0.3301362097263336 0.1810232251882553 0.7164196968078613
v -0.2820950448513031 0.17799890041351318 0.7008938789367676
v -0.2443016767501831 0.18177036941051483 0.7157528400421143
v -0.2025177925825119 0.18123134970664978 0.7173652648925781
v -0.15924981236457825 0.18075349926948547 0.7215859889984131
v -0.11633692681789398 0.18290582299232483 0.7244541645050049
v -0.0751621350646019 0.19214996695518494 0.7495487928390503
v -0.03581300005316734 0.25639134645462036 1.0146211385726929
v 0.022271201014518738 0.27340906858444214 1.086219072341919
v 0.07056450843811035 0.22933447360992432 0.9057151675224304
v 0.10206467658281326 0.18309617042541504 0.7218466997146606
v 0.14113283157348633 0.17817163467407227 0.7112239599227905
v 0.17765025794506073 0.17290005087852478 0.6773454546928406
v 0.21442313492298126 0.1713372766971588 0.6678208112716675
v 0.2679921090602875 0.17499303817749023 0.6979734897613525
v 0.2813242971897125 0.16183793544769287 0.6335909962654114
v 0.33654868602752686 0.1663665622472763 0.669884979724884
v 0.3609440326690674 0.16056020557880402 0.6471213102340698
v 0.36905673146247864 0.1511138379573822 0.5907117128372192
v 0.5515305399894714 0.20007435977458954 0.801445484161377
v 0.5684180855751038 0.1925627440214157 0.7589187622070312
v -0.6183505058288574 0.20703046023845673 0.8112383484840393
v -0.5885482430458069 0.21477307379245758 0.8414286375045776
v -0.5675292015075684 0.22531689703464508 0.8888786435127258
v -0.5392397046089172 0.23588545620441437 0.9316558837890625
v -0.38101282715797424 0.18637128174304962 0.7339262366294861
v -0.31885427236557007 0.17925532162189484 0.7009443640708923
v -0.27825331687927246 0.18045736849308014 0.7039995789527893
v -0.23751798272132874 0.18243785202503204 0.7099319696426392
v -0.1980268806219101 0.18250416219234467 0.716593861579895
v -0.15444613993167877 0.1818728893995285 0.7181212902069092
v -0.11140073835849762 0.18425260484218597 0.7232345938682556
v -0.06946347653865814 0.19500528275966644 0.7532671689987183
v -0.02944374643266201 0.2655230164527893 1.0435271263122559
v 0.027714218944311142 0.27403753995895386 1.0756033658981323
v 0.0723649263381958 0.22212502360343933 0.8689436316490173
v 0.10561707615852356 0.18368922173976898 0.7191891670227051
v 0.14405788481235504 0.1787884533405304 0.7044782638549805
v 0.18079690635204315 0.17373712360858917 0.6749389171600342
v 0.21774688363075256 0.17266695201396942 0.666120707988739
v 0.2688404619693756 0.17592519521713257 0.6919341087341309
v 0.28222912549972534 0.16220220923423767 0.6281408071517944
v 0.3372326195240021 0.1667056381702423 0.662931501865387
v 0.3409944772720337 0.1531958431005478 0.5994678139686584
v 0.3697621822357178 0.15170055627822876 0.5860979557037354
v 0.5515785217285156 0.20068798959255219 0.7945041060447693
v 0.5692862272262573 0.19341038167476654 0.7526683807373047
v -0.6127275228500366 0.20942141115665436 0.810860276222229
v -0.5874367356300354 0.21863900125026703 0.8485705852508545
v -0.5638887882232666 0.22863101959228516 0.8918671607971191
v -0.5351366400718689 0.23877793550491333 0.9335411787033081
v -0.372715562582016 0.1856074184179306 0.7247695922851562
v -0.3106767535209656 0.17901301383972168 0.6917306184768677
v -0.27465441823005676 0.18275250494480133 0.7047010660171509
v -0.23246954381465912 0.18356990814208984 0.7073869705200195
v -0.19351814687252045 0.18376126885414124 0.7151507139205933
v -0.14962619543075562 0.1828848123550415 0.7142975330352783
v -0.10671090334653854 0.18591682612895966 0.722155749797821
v -0.06461252272129059 0.19841358065605164 0.757164716720581
v -0.0230027474462986 0.2720641493797302 1.0605133771896362
v 0.03299499303102493 0.2744564116001129 1.0649031400680542
v 0.07070785015821457 0.19849619269371033 0.7624210119247437
v 0.10881439596414566 0.1844354271888733 0.7144054174423218
v 0.1467851996421814 0.17892155051231384 0.693068265914917
v 0.18372945487499237 0.17465223371982574 0.6718109846115112
v 0.22108899056911469 0.1739230751991272 0.6646325588226318
v 0.2693527638912201 0.176498681306839 0.685226559638977
v 0.2844342291355133 0.16335740685462952 0.6252454519271851
v 0.3365970849990845 0.16655705869197845 0.6544924974441528
v 0.3397388160228729 0.15339139103889465 0.5919685363769531
v 0.3709571659564972 0.1524513065814972 0.5820389986038208
v 0.5520121455192566 0.20172640681266785 0.7881280779838562
v 0.5705394744873047 0.19422556459903717 0.7471088171005249
v -0.607677698135376 0.21194730699062347 0.8113583922386169
v -0.5850569009780884 0.22204512357711792 0.8530442118644714
v -0.5602964162826538 0.2318517118692398 0.8947069644927979
v -0.5304847955703735 0.24209536612033844 0.9345847964286804
v -0.3622077405452728 0.18540127575397491 0.7161383628845215
v -0.30510979890823364 0.1799415946006775 0.6872186660766602
v -0.27058976888656616 0.18458415567874908 0.7039488554000854
v -0.22816140949726105 0.18513798713684082 0.7060712575912476
v -0.18801593780517578 0.184446781873703 0.7109401226043701
v -0.1443304568529129 0.1836063414812088 0.7089983820915222
v -0.10199470818042755 0.18809537589550018 0.7217158079147339
v -0.05982814356684685 0.20282422006130219 0.7636396288871765
v -0.016830945387482643 0.27630817890167236 1.0658533573150635
v 0.038114313036203384 0.2745353579521179 1.0537925958633423
v 0.07330741733312607 0.19506001472473145 0.7399464845657349
v 0.11153711378574371 0.1847662627696991 0.7056108713150024
v 0.14944912493228912 0.17890167236328125 0.6817431449890137
v 0.18639659881591797 0.1755853295326233 0.6674575805664062
v 0.2242935746908188 0.1751810610294342 0.6631944179534912
v 0.26834923028945923 0.1767755150794983 0.6760741472244263
v 0.2869902551174164 0.16468679904937744 0.6230131387710571
v 0.3332618772983551 0.16585507988929749 0.6431210041046143
v 0.3410593569278717 0.15462704002857208 0.5878595113754272
v 0.3723050653934479 0.15315169095993042 0.5783498287200928
v 0.5526753664016724 0.20308788120746613 0.782363772392273
v 0.5723080039024353 0.19524799287319183 0.7429143190383911
v -0.6036132574081421 0.21473367512226105 0.8128758072853088
v -0.5817201733589172 0.22507335245609283 0.8557246923446655
v -0.5566465854644775 0.23506852984428406 0.897566020488739
v -0.5246776342391968 0.24519091844558716 0.9332529902458191
v -0.3535892963409424 0.1854953020811081 0.706881046295166
v -0.2998166084289551 0.18129269778728485 0.6845376491546631
v -0.26589277386665344 0.18597766757011414 0.7023009061813354
v -0.22390116751194 0.18664763867855072 0.7053365707397461
v -0.18062730133533478 0.18398475646972656 0.6993917226791382
v -0.1389196217060089 0.18396788835525513 0.7012550234794617
v -0.09732621908187866 0.19008086621761322 0.721978485584259
v -0.056097231805324554 0.20945006608963013 0.7793154120445251
v -0.011007135733962059 0.2797037661075592 1.0652986764907837
v 0.043058864772319794 0.27412256598472595 1.0411511659622192
v 0.07680590450763702 0.19470202922821045 0.7283397912979126
v 0.11456324905157089 0.1848849356174469 0.6958625316619873
v 0.15218490362167358 0.17925801873207092 0.6737773418426514
v 0.18928392231464386 0.17661172151565552 0.6640850305557251
v 0.22745457291603088 0.176222562789917 0.661544919013977
v 0.2653699219226837 0.17499969899654388 0.6599158644676208
v 0.28968748450279236 0.1658284068107605 0.620907187461853
v 0.3194790482521057 0.16102880239486694 0.6060079336166382
v 0.34333014488220215 0.1560559719800949 0.5854024291038513
v 0.37389934062957764 0.1539067029953003 0.5752445459365845
v 0.5540298223495483 0.2045459896326065 0.7769690752029419
v 0.5739779472351074 0.1963169425725937 0.7386518716812134
v -0.6002445220947266 0.217799574136734 0.8153296709060669
v -0.5780620574951172 0.22796911001205444 0.8577269315719604
v -0.5529811382293701 0.23842450976371765 0.9001648426055908
v -0.39045923948287964 0.188216432929039 0.7039753198623657
v -0.34489908814430237 0.18575625121593475 0.6982815265655518
v -0.294221431016922 0.18262889981269836 0.6810144186019897
v -0.2614155113697052 0.18726371228694916 0.7009773254394531
v -0.2198130488395691 0.18809430301189423 0.7043243050575256
v -0.17129352688789368 0.18193958699703217 0.6813839673995972
v -0.13181599974632263 0.18315957486629486 0.6865644454956055
v -0.0921841636300087 0.19168145954608917 0.7193779349327087
v -0.055995505303144455 0.22981876134872437 0.8524031639099121
v -0.005460852757096291 0.2822312116622925 1.0614244937896729
v 0.04792509600520134 0.27279528975486755 1.0246260166168213
v 0.08033940941095352 0.19480100274085999 0.7178699970245361
v 0.11757776141166687 0.18516920506954193 0.6871277093887329
v 0.15536440908908844 0.1801571398973465 0.6695393323898315
v 0.1925441473722458 0.17794443666934967 0.6624431014060974
v 0.23070846498012543 0.1771894097328186 0.659528374671936
v 0.26281100511550903 0.17158204317092896 0.6371133327484131
v 0.2920683026313782 0.16669940948486328 0.6187106370925903
v 0.3154427409172058 0.1590365469455719 0.5906797051429749
v 0.3455893099308014 0.1573428213596344 0.5830856561660767
v 0.37578320503234863 0.15469394624233246 0.5728943347930908
v 0.5561023950576782 0.20606651902198792 0.771730899810791
v 0.5761808156967163 0.19666172564029694 0.732437014579773
v -0.5975785255432129 0.22095905244350433 0.8187174201011658
v -0.5744502544403076 0.23088900744915009 0.8596735596656799
v -0.5490251779556274 0.2419927567243576 0.9027862548828125
v -0.3752678632736206 0.18335144221782684 0.6858785152435303
v -0.33583003282546997 0.18614882230758667 0.6898415684700012
v -0.28815311193466187 0.18345308303833008 0.6779698133468628
v -0.2569848895072937 0.1886008083820343 0.7001656293869019
v -0.21597303450107574 0.18959341943264008 0.7031786441802979
v -0.1560148149728775 0.1768055558204651 0.6437789797782898
v -0.11896442621946335 0.1785382628440857 0.6492085456848145
v -0.08654854446649551 0.19318068027496338 0.7151627540588379
v -0.052577439695596695 0.24061837792396545 0.8851863145828247
v -8.313889702549204e-05 0.2841140329837799 1.0554274320602417
v 0.05271630734205246 0.26911258697509766 0.9976509213447571
v 0.08361843973398209 0.19381463527679443 0.7070168256759644
v 0.12012913078069687 0.1857670545578003 0.6772303581237793
v 0.158760204911232 0.18126145005226135 0.6675670742988586
v 0.1962142139673233 0.17942000925540924 0.6615698337554932
v 0.23383916914463043 0.17811864614486694 0.6576359272003174
v 0.263815701007843 0.17139944434165955 0.6297896504402161
v 0.2934156656265259 0.16763034462928772 0.6148917078971863
v 0.31394097208976746 0.1584024578332901 0.581584095954895
v 0.34748053550720215 0.1583549529314041 0.5802847146987915
v 0.3778388202190399 0.15566721558570862 0.5706858038902283
v 0.5580004453659058 0.20752497017383575 0.767037570476532
v -0.6294931769371033 0.21630427241325378 0.7934524416923523
v -0.5951257348060608 0.22407357394695282 0.8223497867584229
v -0.5710276365280151 0.23392422497272491 0.86180579662323
v -0.5444804430007935 0.24570252001285553 0.9045422673225403
v -0.365264892578125 0.18179917335510254 0.6751525402069092
v -0.3275129497051239 0.1864985227584839 0.6831600666046143
v -0.28280043601989746 0.18433624505996704 0.6757217049598694
v -0.25275856256484985 0.1897968351840973 0.6993839740753174
v -0.21225206553936005 0.1910124123096466 0.7020407915115356
v -0.15078316628932953 0.1769903004169464 0.6372314691543579
v -0.11449608206748962 0.1793636828660965 0.6470587253570557
v -0.07942930608987808 0.18764300644397736 0.6702286005020142
v -0.04844930022954941 0.2500618100166321 0.9099119901657104
v 0.005132144782692194 0.28557777404785156 1.048168659210205
v 0.056793294847011566 0.26288023591041565 0.9615061283111572
v 0.08665992319583893 0.19360797107219696 0.6987451314926147
v 0.12314528971910477 0.18643757700920105 0.6734217405319214
v 0.16217787563800812 0.18230295181274414 0.6657149791717529
v 0.20031224191188812 0.1809157282114029 0.6615175604820251
v 0.2369173914194107 0.179099440574646 0.656014084815979
v 0.2652967870235443 0.17158052325248718 0.6240288019180298
v 0.2949938476085663 0.16807855665683746 0.6110483407974243
v 0.3142058253288269 0.15892186760902405 0.5763001441955566
v 0.3492112457752228 0.1593494564294815 0.5775061845779419
v 0.3800988793373108 0.15665331482887268 0.5689007043838501
v 0.55936598777771 0.20881801843643188 0.762312650680542
v -0.6228057742118835 0.2190890610218048 0.7969263792037964
v -0.5926523208618164 0.22700507938861847 0.8257344961166382
v -0.5675960779190063 0.23728971183300018 0.8640676736831665
v -0.5396954417228699 0.24866752326488495 0.9049186110496521
v -0.35886335372924805 0.18232722580432892 0.6691222190856934
v -0.32150980830192566 0.1871482878923416 0.6796478033065796
v -0.2788124084472656 0.1856357455253601 0.6748173236846924
v -0.24777619540691376 0.19082440435886383 0.6974667906761169
v -0.20848898589611053 0.19207952916622162 0.6999118328094482
v -0.14516223967075348 0.1769486516714096 0.6290501356124878
v -0.11047681421041489 0.18051721155643463 0.6452062129974365
v -0.07801969349384308 0.1982422173023224 0.7158678770065308
v -0.04400504752993584 0.25926947593688965 0.9333692789077759
v 0.010301774367690086 0.28671956062316895 1.0401493310928345
v 0.06025006249547005 0.25638824701309204 0.9273083806037903
v 0.08988329768180847 0.19375887513160706 0.693897008895874
v 0.12626339495182037 0.18712429702281952 0.6686974763870239
v 0.16548654437065125 0.183292418718338 0.6634000539779663
v 0.204504132270813 0.1822124719619751 0.6615247130393982
v 0.24020862579345703 0.18013621866703033 0.6544711589813232
v 0.26722070574760437 0.17200717329978943 0.6188106536865234
v 0.29639938473701477 0.1684766262769699 0.6069806814193726
v 0.31514257192611694 0.15978007018566132 0.5725110769271851
v 0.35213929414749146 0.16013628244400024 0.5754112005233765
v 0.3826506435871124 0.15778349339962006 0.56721031665802
v 0.5605126619338989 0.21004712581634521 0.7574025392532349
v -0.6182906627655029 0.2216378152370453 0.7983277440071106
v -0.5897790193557739 0.22982332110404968 0.8287623524665833
v -0.5640321373939514 0.24086137115955353 0.8662529587745667
v -0.3841448128223419 0.18036924302577972 0.6529916524887085
v -0.35130172967910767 0.18425031006336212 0.6670091152191162
v -0.3168209493160248 0.18823574483394623 0.6779129505157471
v -0.2752128541469574 0.18743950128555298 0.6748864054679871
v -0.24177858233451843 0.1916167140007019 0.693537712097168
v -0.20314139127731323 0.19229656457901 0.694640040397644
v -0.139654278755188 0.1766774207353592 0.6210935711860657
v -0.10673094540834427 0.18187399208545685 0.6431021690368652
v -0.0748291090130806 0.20272032916545868 0.7226368188858032
v -0.039143990725278854 0.2684090733528137 0.9569803476333618
v 0.015439455397427082 0.2876172661781311 1.0316081047058105
v 0.06325846910476685 0.2505279779434204 0.8962483406066895
v 0.09268614649772644 0.19416338205337524 0.6886894106864929
v 0.12927217781543732 0.18752361834049225 0.6632657647132874
v 0.16897781193256378 0.18425796926021576 0.6610819101333618
v 0.20814239978790283 0.18332192301750183 0.660508930683136
v 0.2433946579694748 0.18117755651474 0.652627170085907
v 0.2693188190460205 0.17253422737121582 0.6155866384506226
v 0.2980607748031616 0.16895723342895508 0.6033875942230225
v 0.3165408670902252 0.16075408458709717 0.5692626237869263
v 0.35418838262557983 0.16109956800937653 0.5733166933059692
v 0.3852754235267639 0.1589057743549347 0.5652222037315369
v 0.5616732835769653 0.21095004677772522 0.7520159482955933
v -0.6140701770782471 0.22432465851306915 0.7991883754730225
v -0.5863780975341797 0.23273541033267975 0.8312868475914001
v -0.5599058270454407 0.24424676597118378 0.8678767681121826
v -0.3717905879020691 0.17750167846679688 0.6385270953178406
v -0.3474069833755493 0.18580938875675201 0.666217029094696
v -0.3119930326938629 0.18940792977809906 0.6757136583328247
v -0.2720107138156891 0.1894906908273697 0.6754705309867859
v -0.21217893064022064 0.17930567264556885 0.6246660947799683
v -0.1933099627494812 0.18921349942684174 0.674763023853302
v -0.1352241337299347 0.1771303117275238 0.6170687675476074
v -0.10293881595134735 0.18350714445114136 0.6412196159362793
v -0.07133711874485016 0.20781652629375458 0.7300290465354919
v -0.03368396684527397 0.27723267674446106 0.9806194305419922
v 0.02050229348242283 0.2882653772830963 1.02272367477417
v 0.06534997373819351 0.2425505518913269 0.8578212261199951
v 0.09554360061883926 0.19460457563400269 0.6831413507461548
v 0.13224801421165466 0.1877901405096054 0.6587493419647217
v 0.17239072918891907 0.18515443801879883 0.659111738204956
v 0.21120969951152802 0.18419867753982544 0.6584855318069458
v 0.24590013921260834 0.18201912939548492 0.6489324569702148
v 0.2718535363674164 0.1733812689781189 0.6131887435913086
v 0.2997417151927948 0.16955235600471497 0.6004251837730408
v 0.31805187463760376 0.16175737977027893 0.5659607648849487
v 0.35621923208236694 0.16197283565998077 0.5711678266525269
v 0.3874873220920563 0.15995275974273682 0.5629488825798035
v 0.5627284646034241 0.21168619394302368 0.7464240193367004
v -0.60947185754776 0.22690710425376892 0.7998731136322021
v -0.5824440121650696 0.23579145967960358 0.8331930041313171
v -0.555536150932312 0.24747276306152344 0.8687350749969482
v -0.3630848228931427 0.1772698014974594 0.6299558877944946
v -0.3429054021835327 0.186875581741333 0.6648850440979004
v -0.3069685995578766 0.19049040973186493 0.6728626489639282
v -0.26889121532440186 0.19144025444984436 0.6756782531738281
v -0.2057662010192871 0.17805896699428558 0.616841197013855
v -0.16990579664707184 0.18030519783496857 0.6218165755271912
v -0.13150730729103088 0.178446963429451 0.6154594421386719
v -0.09839190542697906 0.1846577376127243 0.6394283771514893
v -0.06743545085191727 0.21318678557872772 0.736890435218811
v -0.027818545699119568 0.28425389528274536 0.9984903335571289
v 0.025421850383281708 0.2887246012687683 1.0134357213974
v 0.06364874541759491 0.21540743112564087 0.7448991537094116
v 0.09867006540298462 0.19460436701774597 0.6754754185676575
v 0.13527998328208923 0.1883849948644638 0.6554360389709473
v 0.1757778376340866 0.1859477162361145 0.6573585271835327
v 0.21403084695339203 0.1849011927843094 0.6557300090789795
v 0.24748538434505463 0.1820797324180603 0.6410576105117798
v 0.2744891345500946 0.17435696721076965 0.6113539934158325
v 0.3013862371444702 0.1703760325908661 0.5977557301521301
v 0.3196951746940613 0.16266393661499023 0.5631338953971863
v 0.35818204283714294 0.16275915503501892 0.5689414739608765
v 0.38933196663856506 0.16088715195655823 0.560006856918335
v 0.5637454986572266 0.21239712834358215 0.7408497929573059
v -0.6056928634643555 0.22970527410507202 0.8017257452011108
v -0.5779999494552612 0.23870837688446045 0.8345862627029419
v -0.5501140356063843 0.24965806305408478 0.8677427768707275
v -0.35678374767303467 0.178773894906044 0.6258217096328735
v -0.33709701895713806 0.18795472383499146 0.6623772382736206
v -0.30164533853530884 0.19157809019088745 0.6696212291717529
v -0.2650410830974579 0.1927976906299591 0.6732213497161865
v -0.20104752480983734 0.1785888373851776 0.6136401891708374
v -0.16407911479473114 0.1802641898393631 0.6149676442146301
v -0.1279117316007614 0.17996494472026825 0.6146262884140015
v -0.09479206800460815 0.18657463788986206 0.6387090682983398
v -0.06234566122293472 0.21870096027851105 0.7440861463546753
v -0.021972183138132095 0.2887635827064514 1.0051851272583008
v 0.03033185377717018 0.2889166474342346 1.0037078857421875
v 0.06568152457475662 0.20867402851581573 0.7186083793640137
v 0.10235246270895004 0.19430650770664215 0.6672096848487854
v 0.13831089437007904 0.18915683031082153 0.6531462669372559
v 0.17894227802753448 0.18664006888866425 0.6552985906600952
v 0.2161421775817871 0.18541446328163147 0.6514065265655518
v 0.24854208528995514 0.1815006285905838 0.631421685218811
v 0.2770264446735382 0.17526133358478546 0.6096826195716858
v 0.3027423620223999 0.17118717730045319 0.595250129699707
v 0.32156750559806824 0.16366060078144073 0.5604720711708069
v 0.3600330948829651 0.16348955035209656 0.5665110349655151
v 0.39070188999176025 0.1615142971277237 0.5570130944252014
v 0.5644814968109131 0.21333864331245422 0.7351664304733276
v -0.6018390655517578 0.2326596975326538 0.8042888045310974
v -0.5730485320091248 0.24134916067123413 0.835526704788208
v -0.3848624527454376 0.1759532243013382 0.6199948191642761
v -0.35242876410484314 0.18069370090961456 0.6244339346885681
v -0.3294086754322052 0.18858931958675385 0.6568747162818909
v -0.29607003927230835 0.19263646006584167 0.666178822517395
v -0.2589353322982788 0.19281411170959473 0.6644130945205688
v -0.1971496045589447 0.18007178604602814 0.6120331287384033
v -0.15944808721542358 0.1807616800069809 0.6106424331665039
v -0.12414194643497467 0.18143238127231598 0.6132261753082275
v -0.09113823622465134 0.18843787908554077 0.6381498575210571
v -0.05820469185709953 0.2234199345111847 0.7563986778259277
v -0.016460184007883072 0.2917621433734894 1.0050556659698486
v 0.03533819690346718 0.28871437907218933 0.993138313293457
v 0.06892100721597672 0.2069988250732422 0.7058119773864746
v 0.10581709444522858 0.1945013701915741 0.6617617011070251
v 0.14147953689098358 0.1898982673883438 0.6513688564300537
v 0.18188044428825378 0.18740150332450867 0.6530287265777588
v 0.21745984256267548 0.185842365026474 0.6444254517555237
v 0.249966099858284 0.1813831925392151 0.6237620115280151
v 0.279471755027771 0.17608512938022614 0.6078087687492371
v 0.3035598397254944 0.17148450016975403 0.5914936661720276
v 0.32358482480049133 0.164711594581604 0.5583120584487915
v 0.3616737425327301 0.1640881448984146 0.5639936923980713
v 0.3916669189929962 0.16230547428131104 0.5534116625785828
v 0.5648173093795776 0.21440884470939636 0.7288509607315063
v -0.5978587865829468 0.23556511104106903 0.8066936731338501
v -0.5677836537361145 0.24353377521038055 0.836098313331604
v -0.37575510144233704 0.17539452016353607 0.6097756624221802
v -0.3490128219127655 0.18248501420021057 0.6239305138587952
v -0.32119813561439514 0.18868812918663025 0.6495826244354248
v -0.2910390794277191 0.19370463490486145 0.6637008190155029
v -0.23381362855434418 0.18564529716968536 0.6209489107131958
v -0.19339707493782043 0.18195803463459015 0.6106748580932617
v -0.1553129106760025 0.18165414035320282 0.6081708669662476
v -0.12038931250572205 0.182889923453331 0.6125732660293579
v -0.0873204916715622 0.19021253287792206 0.6378023028373718
v -0.055993638932704926 0.2385796457529068 0.7935678958892822
v -0.011155550368130207 0.2941446006298065 1.0022979974746704
v 0.040165483951568604 0.2879241406917572 0.9809216260910034
v 0.07224065065383911 0.20680712163448334 0.6974772214889526
v 0.10905170440673828 0.1951991468667984 0.6580392718315125
v 0.14475052058696747 0.19058828055858612 0.6500687599182129
v 0.1844741255044937 0.18795913457870483 0.6503674983978271
v 0.2175998091697693 0.18572235107421875 0.6341545581817627
v 0.25145766139030457 0.18146853148937225 0.6170199513435364
v 0.2816007435321808 0.17685015499591827 0.6053872108459473
v 0.30321118235588074 0.17091181874275208 0.5820367932319641
v 0.32583409547805786 0.16573666036128998 0.5571472644805908
v 0.36318239569664 0.16469398140907288 0.5613054037094116
v 0.3915160894393921 0.16271810233592987 0.549439549446106
v 0.5653592348098755 0.21572478115558624 0.720925509929657
v -0.5941985249519348 0.238615021109581 0.8089663982391357
v -0.5627160668373108 0.24582833051681519 0.8357186913490295
v -0.3696151375770569 0.1767178326845169 0.6040568351745605
v -0.3441292345523834 0.1842196136713028 0.6232250928878784
v -0.2980896830558777 0.18093888461589813 0.6061424016952515
v -0.28678688406944275 0.19479991495609283 0.6620195508003235
v -0.22636058926582336 0.18424659967422485 0.6111464500427246
v -0.1897369772195816 0.18369221687316895 0.6095324754714966
v -0.1514175534248352 0.1826549470424652 0.6063268184661865
v -0.11642152070999146 0.18436847627162933 0.6113547086715698
v -0.0830371156334877 0.192283034324646 0.6375672817230225
v -0.0544428713619709 0.2502070963382721 0.8275294303894043
v -0.005886124446988106 0.2959476113319397 0.9981305003166199
v 0.044807374477386475 0.28626513481140137 0.9648621082305908
v 0.07585880160331726 0.20686128735542297 0.6907614469528198
v 0.11208885163068771 0.19604124128818512 0.655426025390625
v 0.14807811379432678 0.19122576713562012 0.6488957405090332
v 0.18554002046585083 0.18863974511623383 0.6444970369338989
v 0.21757754683494568 0.18512120842933655 0.6224116086959839
v 0.2530388832092285 0.1813158541917801 0.6111136078834534
v 0.2832769751548767 0.1774820238351822 0.6020210385322571
v 0.3024540841579437 0.16979123651981354 0.5675346851348877
v 0.3286539614200592 0.16677767038345337 0.5564099550247192
v 0.3645835816860199 0.16539372503757477 0.5583177208900452
v 0.39173731207847595 0.16289857029914856 0.5448388457298279
v 0.5638809204101562 0.21585950255393982 0.7070571184158325
v -0.5903557538986206 0.24158498644828796 0.8112286329269409
v -0.5576308965682983 0.24783925712108612 0.833721399307251
v -0.3650018870830536 0.17887991666793823 0.6016697883605957
v -0.34046846628189087 0.18563058972358704 0.6210291981697083
v -0.2924470007419586 0.18178515136241913 0.6015281081199646
v -0.2832222282886505 0.19598813354969025 0.6609152555465698
v -0.22111105918884277 0.18445484340190887 0.606472373008728
v -0.18610616028308868 0.18521031737327576 0.6088194847106934
v -0.1475101113319397 0.1838064342737198 0.6042076349258423
v -0.1122337281703949 0.1859331876039505 0.6089154481887817
v -0.07876402884721756 0.1944391280412674 0.6385369300842285
v -0.05076630413532257 0.2599376440048218 0.8537582159042358
v -0.0007144099799916148 0.2973936200141907 0.9928385019302368
v 0.049547187983989716 0.28347355127334595 0.9437291026115417
v 0.07967601716518402 0.20720486342906952 0.68447345495224
v 0.11510095000267029 0.19687198102474213 0.6538000106811523
v 0.1508079469203949 0.19197313487529755 0.6464356184005737
v 0.18475033342838287 0.1876017153263092 0.6296954154968262
v 0.216940239071846 0.18451040983200073 0.6079807877540588
v 0.2544810175895691 0.181532621383667 0.605815052986145
v 0.2848806083202362 0.1779477745294571 0.5980397462844849
v 0.3030175566673279 0.16990084946155548 0.562503457069397
v 0.33201536536216736 0.1678464561700821 0.5561925172805786
v 0.3657230734825134 0.16602317988872528 0.5550903081893921
v 0.3930661976337433 0.16317377984523773 0.5406911373138428
v -0.6130490899085999 0.23260435461997986 0.7704488039016724
v -0.5861349105834961 0.2443254441022873 0.8130437135696411
v -0.39284297823905945 0.17603853344917297 0.5957348346710205
v -0.36144739389419556 0.1814141720533371 0.6014606952667236
v -0.3335224688053131 0.18558655679225922 0.6128969192504883
v -0.28786683082580566 0.18341651558876038 0.5993597507476807
v -0.27916473150253296 0.19703862071037292 0.6588016748428345
v -0.216948464512825 0.18558713793754578 0.6042795181274414
v -0.18200533092021942 0.18641705811023712 0.6074038743972778
v -0.1435944139957428 0.18483494222164154 0.6026715040206909
v -0.10771307349205017 0.18688416481018066 0.6045522093772888
v -0.07441630959510803 0.19703379273414612 0.6409620046615601
v -0.04655906930565834 0.2693062126636505 0.878376305103302
v 0.004342310130596161 0.29854637384414673 0.9865370988845825
v 0.05384138226509094 0.2792365252971649 0.9190986156463623
v 0.08345015347003937 0.2069169580936432 0.6776423454284668
v 0.11812058836221695 0.19774655997753143 0.6523480415344238
v 0.1518814116716385 0.19097255170345306 0.6346436738967896
v 0.18396633863449097 0.18615731596946716 0.6083971261978149
v 0.2193824201822281 0.18467873334884644 0.6037595272064209
v 0.25584864616394043 0.1819000393152237 0.6011333465576172
v 0.2861875593662262 0.1782480776309967 0.5938727855682373
v 0.3047756850719452 0.1701437383890152 0.5585376024246216
v 0.3349408209323883 0.1689058542251587 0.5554133057594299
v 0.36670124530792236 0.16657781600952148 0.5514893531799316
v 0.3937658369541168 0.16383816301822662 0.5367641448974609
v -0.6052543520927429 0.23603323101997375 0.773002028465271
v -0.5815417170524597 0.24686355888843536 0.8142009973526001
v -0.3856528103351593 0.17578649520874023 0.5893730521202087
v -0.3580632507801056 0.18375997245311737 0.6016067266464233
v -0.3151465952396393 0.1824389547109604 0.5910338163375854
v -0.28402474522590637 0.18485340476036072 0.5981655716896057
v -0.2716038227081299 0.1962546557188034 0.6506824493408203
v -0.2131182700395584 0.18682245910167694 0.6032450199127197
v -0.17734193801879883 0.18719877302646637 0.6026817560195923
v -0.1396053284406662 0.18593132495880127 0.6010498404502869
v -0.10220391303300858 0.1874208003282547 0.5985831022262573
v -0.07071474939584732 0.2015121728181839 0.649409294128418
v -0.04197484627366066 0.278857946395874 0.9033799171447754
v 0.009351533837616444 0.29950204491615295 0.9794543385505676
v 0.057366952300071716 0.27420565485954285 0.8927831053733826
v 0.08683709055185318 0.20589524507522583 0.6689987778663635
v 0.12107738107442856 0.19874973595142365 0.650489330291748
v 0.14884178340435028 0.18623556196689606 0.601686954498291
v 0.18566617369651794 0.18603000044822693 0.6018550992012024
v 0.22122035920619965 0.18491245806217194 0.5985836982727051
v 0.2572318911552429 0.18250207602977753 0.5967668294906616
v 0.287354439496994 0.17851364612579346 0.5900791883468628
v 0.30613723397254944 0.1709311604499817 0.5557011961936951
v 0.3370893895626068 0.16990704834461212 0.5534548163414001
v 0.36715853214263916 0.1669940948486328 0.5474585294723511
v 0.3937927782535553 0.16435445845127106 0.531877875328064
v -0.6000192165374756 0.23884563148021698 0.7742834091186523
v -0.5765717625617981 0.2496614307165146 0.8152098059654236
v -0.3796289265155792 0.17723113298416138 0.5854479670524597
v -0.3545454144477844 0.18568171560764313 0.6014882326126099
v -0.3079785704612732 0.18240606784820557 0.5847219824790955
v -0.2801312208175659 0.1862908899784088 0.5974599719047546
v -0.24501197040081024 0.18847264349460602 0.6026715040206909
v -0.20943103730678558 0.18824277818202972 0.6016786098480225
v -0.17167456448078156 0.18750520050525665 0.5984017848968506
v -0.1354856938123703 0.18712644279003143 0.5989933013916016
v -0.09847844392061234 0.18862813711166382 0.5962543487548828
v -0.07213233411312103 0.2185937464237213 0.6930212378501892
v -0.03685235232114792 0.2879297733306885 0.9266457557678223
v 0.014298767782747746 0.30025514960289 0.9718981981277466
v 0.06051711365580559 0.2678031921386719 0.8624276518821716
v 0.09025991708040237 0.2049655318260193 0.6600079536437988
v 0.12388220429420471 0.19962343573570251 0.6482721567153931
v 0.15127384662628174 0.1864520162343979 0.5971136093139648
v 0.1877160221338272 0.18642456829547882 0.597373902797699
v 0.2235151082277298 0.1853262484073639 0.5948858857154846
v 0.2590274512767792 0.18323864042758942 0.5935311317443848
v 0.2882572412490845 0.17886045575141907 0.5863460302352905
v 0.3077654540538788 0.1716340333223343 0.5533782243728638
v 0.33894112706184387 0.1707884818315506 0.5506026744842529
v 0.3666924834251404 0.16749224066734314 0.542107343673706
v 0.3938365876674652 0.16492868959903717 0.5268639326095581
v -0.5960188508033752 0.24215638637542725 0.7769417762756348
v -0.5720926523208618 0.2525744140148163 0.8159215450286865
v -0.3749919831752777 0.17953935265541077 0.5835236310958862
v -0.35079044103622437 0.18720263242721558 0.6011953353881836
v -0.3034880459308624 0.18350037932395935 0.5821197628974915
v -0.27602651715278625 0.1880214661359787 0.5968016982078552
v -0.2391297072172165 0.18830080330371857 0.5959072113037109
v -0.20591820776462555 0.1892552673816681 0.60068678855896
v -0.16703327000141144 0.1880284994840622 0.5957454442977905
v -0.1312689483165741 0.18830738961696625 0.5962634682655334
v -0.09509062767028809 0.19017671048641205 0.5952094197273254
v -0.07174509018659592 0.2298765927553177 0.7224160432815552
v -0.03148318827152252 0.29522058367729187 0.943915069103241
v 0.019119421020150185 0.3008109927177429 0.9640442132949829
v 0.06364218890666962 0.2611382305622101 0.82985520362854
v 0.09322147816419601 0.20515967905521393 0.6542574167251587
v 0.12614646553993225 0.19997943937778473 0.6451888680458069
v 0.15425370633602142 0.18781161308288574 0.595644474029541
v 0.19025586545467377 0.1870173215866089 0.593372642993927
v 0.2260628640651703 0.1857944130897522 0.5921173095703125
v 0.2610449492931366 0.18393217027187347 0.590894341468811
v 0.288478821516037 0.17939437925815582 0.581337571144104
v 0.30953270196914673 0.17234991490840912 0.5512300729751587
v 0.34093111753463745 0.17160099744796753 0.5480409264564514
v 0.364073783159256 0.1675747036933899 0.5317782163619995
v 0.3941638469696045 0.16533683240413666 0.5218408107757568
v -0.5928143262863159 0.2455407977104187 0.7797023057937622
v -0.5673984289169312 0.2548364996910095 0.8161447644233704
v -0.3719528615474701 0.18231545388698578 0.5834804773330688
v -0.3464844226837158 0.18869727849960327 0.5999455451965332
v -0.2995920479297638 0.18492241203784943 0.581060528755188
v -0.27254220843315125 0.19004672765731812 0.59665846824646
v -0.2346711903810501 0.18919561803340912 0.5925400257110596
v -0.20205733180046082 0.19017809629440308 0.5995663404464722
v -0.1632106751203537 0.18888890743255615 0.5943341255187988
v -0.1274184137582779 0.18961834907531738 0.5945945382118225
v -0.09160169959068298 0.19183197617530823 0.5948849320411682
v -0.06811944395303726 0.23869118094444275 0.7421491742134094
v -0.02618071250617504 0.2997365891933441 0.9513558745384216
v 0.02376430481672287 0.30117127299308777 0.9558581709861755
v 0.06697104871273041 0.256041020154953 0.8020035624504089
v 0.09612593799829483 0.2058117836713791 0.6504654288291931
v 0.12316916137933731 0.18899762630462646 0.5899006128311157
v 0.15894827246665955 0.18933872878551483 0.5960290431976318
v 0.19281847774982452 0.1876261681318283 0.5902010202407837
v 0.22873380780220032 0.18624313175678253 0.5895835757255554
v 0.2630983889102936 0.18440735340118408 0.5880401134490967
v 0.28782710433006287 0.17953869700431824 0.5723159313201904
v 0.31143710017204285 0.17323970794677734 0.5491795539855957
v 0.3432927131652832 0.17250029742717743 0.5459646582603455
v 0.36393213272094727 0.1675671935081482 0.5268920660018921
v 0.3949155807495117 0.16592617332935333 0.5175008177757263
v -0.5896131992340088 0.24887846410274506 0.7828431129455566
v -0.40671011805534363 0.18632228672504425 0.5893984436988831
v -0.36931025981903076 0.1850774884223938 0.5837250351905823
v -0.34198620915412903 0.18965399265289307 0.5974458456039429
v -0.2959500551223755 0.18643279373645782 0.5807434320449829
v -0.2691498100757599 0.19183209538459778 0.5970595479011536
v -0.23060910403728485 0.19008992612361908 0.5905554294586182
v -0.19789168238639832 0.19106349349021912 0.5977563858032227
v -0.15949250757694244 0.1898983269929886 0.5931488871574402
v -0.12395642697811127 0.19114239513874054 0.5941973924636841
v -0.08808063715696335 0.1936311572790146 0.5949834585189819
v -0.06442851573228836 0.24578651785850525 0.7570534348487854
v -0.021062573418021202 0.3026176691055298 0.9514508843421936
v 0.02843628264963627 0.3013225197792053 0.9469257593154907
v 0.06990843266248703 0.2506420612335205 0.775246798992157
v 0.0990263894200325 0.20639678835868835 0.6474540829658508
v 0.12501278519630432 0.1882788985967636 0.5831533670425415
v 0.16232731938362122 0.1903284788131714 0.5935956239700317
v 0.1954437643289566 0.18818747997283936 0.5873250961303711
v 0.23131774365901947 0.18671168386936188 0.5871325731277466
v 0.2646888196468353 0.18469154834747314 0.5842729210853577
v 0.2874663174152374 0.17862926423549652 0.5592372417449951
v 0.31323572993278503 0.17424775660037994 0.5469162464141846
v 0.3452897369861603 0.173231303691864 0.5435085892677307
v 0.3650510609149933 0.1682029515504837 0.5239179134368896
v 0.39627230167388916 0.16662771999835968 0.5139425992965698
v -0.5864008665084839 0.252045214176178 0.785613477230072
v -0.39729174971580505 0.1843651533126831 0.5814183950424194
v -0.366576224565506 0.18749718368053436 0.584235668182373
v -0.3343311548233032 0.1899668425321579 0.5905828475952148
v -0.2923561632633209 0.1879103034734726 0.5805277228355408
v -0.2636246383190155 0.19244548678398132 0.5940971374511719
v -0.2257625013589859 0.19103899598121643 0.5887132883071899
v -0.19333727657794952 0.19194281101226807 0.595268189907074
v -0.15570536255836487 0.19095611572265625 0.591915488243103
v -0.12051647156476974 0.192692831158638 0.5939977169036865
v -0.08456307649612427 0.1955857127904892 0.5953149795532227
v -0.06060865893959999 0.25213706493377686 0.7703131437301636
v -0.01603485457599163 0.30477669835090637 0.9484658241271973
v 0.033265966922044754 0.3011295795440674 0.9368858337402344
v 0.07159943878650665 0.24252836406230927 0.7430191040039062
v 0.10198314487934113 0.20692799985408783 0.644291877746582
v 0.1274513155221939 0.18892334401607513 0.5788909196853638
v 0.16536018252372742 0.19079820811748505 0.5902516841888428
v 0.1980774998664856 0.18872544169425964 0.5847125053405762
v 0.2337360829114914 0.18730302155017853 0.5843091011047363
v 0.2650645673274994 0.1847131997346878 0.5782586336135864
v 0.2885896563529968 0.17867383360862732 0.5549486875534058
v 0.31498533487319946 0.17522217333316803 0.5443786978721619
v 0.3445844054222107 0.17393949627876282 0.5388144254684448
v 0.3666999042034149 0.16911034286022186 0.5214798450469971
v 0.3984360694885254 0.16772082448005676 0.5110619068145752
v -0.5831239819526672 0.25479742884635925 0.7878022789955139
v -0.3917010426521301 0.18497008085250854 0.5760886669158936
v -0.36334991455078125 0.18970534205436707 0.584524393081665
v -0.32386934757232666 0.19004203379154205 0.5807151198387146
v -0.2888398766517639 0.1894415318965912 0.5801743865013123
v -0.2570517659187317 0.19226302206516266 0.5880824327468872
v -0.2220638245344162 0.1918334662914276 0.5879293084144592
v -0.18871024250984192 0.19284266233444214 0.5925018787384033
v -0.1519516557455063 0.19205161929130554 0.5905557870864868
v -0.11680670827627182 0.19413335621356964 0.593392014503479
v -0.0809859111905098 0.19774574041366577 0.5962365865707397
v -0.056777872145175934 0.2587549090385437 0.7846611738204956
v -0.011001761071383953 0.3065406382083893 0.9446321725845337
v 0.03808014467358589 0.3005548119544983 0.9255039691925049
v 0.07028540968894958 0.22013777494430542 0.6725279092788696
v 0.10465294122695923 0.2075941413640976 0.6401774883270264
v 0.12969914078712463 0.18930868804454803 0.5729432106018066
v 0.1675635278224945 0.19099928438663483 0.5858764052391052
v 0.20063523948192596 0.18932323157787323 0.5819776654243469
v 0.23577293753623962 0.18785902857780457 0.5801864862442017
v 0.26460662484169006 0.1844879686832428 0.5697909593582153
v 0.29081130027770996 0.17902663350105286 0.5518555641174316
v 0.3166789710521698 0.17615419626235962 0.5416896343231201
v 0.3456433117389679 0.17443929612636566 0.5347797870635986
v 0.3685050308704376 0.17000678181648254 0.5193324685096741
v 0.4004780054092407 0.16885744035243988 0.5078961849212646
v -0.5785782933235168 0.257158488035202 0.7887944579124451
v -0.38701608777046204 0.18673208355903625 0.5732111930847168
v -0.35935908555984497 0.19165371358394623 0.5840790271759033
v -0.3181230425834656 0.19068631529808044 0.577000617980957
v -0.28535062074661255 0.19083793461322784 0.5800362229347229
v -0.251537561416626 0.1924886405467987 0.5835593938827515
v -0.218230739235878 0.1924549788236618 0.5869417190551758
v -0.1843397170305252 0.19383284449577332 0.5901882648468018
v -0.14816562831401825 0.19316962361335754 0.5890421867370605
v -0.11238885670900345 0.19540025293827057 0.5915859937667847
v -0.07727092504501343 0.20016248524188995 0.5982198715209961
v -0.05275990441441536 0.2662620544433594 0.8017957210540771
v -0.0060380594804883 0.30804598331451416 0.9405483603477478
v 0.04272592067718506 0.29958876967430115 0.9122858047485352
v 0.07296067476272583 0.2165299654006958 0.6573202610015869
v 0.10710345953702927 0.20829325914382935 0.6358250379562378
v 0.13149400055408478 0.18932153284549713 0.5651873350143433
v 0.16956909000873566 0.1912054717540741 0.5810905694961548
v 0.20298829674720764 0.1898883581161499 0.579166829586029
v 0.23737271130084991 0.188317209482193 0.5749109387397766
v 0.2645248472690582 0.18426333367824554 0.5615411996841431
v 0.29315730929374695 0.1795337051153183 0.5502463579177856
v 0.3183774948120117 0.1769539713859558 0.5391654968261719
v 0.34677618741989136 0.17487503588199615 0.5312159657478333
v 0.36998823285102844 0.17073529958724976 0.5168449878692627
v 0.4042227566242218 0.1708935797214508 0.5041050314903259
v -0.5735345482826233 0.25950247049331665 0.7883762121200562
v -0.3831073045730591 0.18884924054145813 0.5722875595092773
v -0.3557931184768677 0.1932045817375183 0.5834301710128784
v -0.31354692578315735 0.1917060911655426 0.574662446975708
v -0.28209105134010315 0.19235174357891083 0.5799626111984253
v -0.24678485095500946 0.1934116631746292 0.5801827907562256
v -0.21439574658870697 0.1931360810995102 0.5855044722557068
v -0.18051689863204956 0.19489385187625885 0.5887937545776367
v -0.14437399804592133 0.19423064589500427 0.5875911712646484
v -0.107570119202137 0.19666849076747894 0.5893363952636719
v -0.07348790019750595 0.2032034993171692 0.6018351316452026
v -0.04880558326840401 0.27489978075027466 0.8227580189704895
v -0.0011171153746545315 0.3092864751815796 0.9359455108642578
v 0.04728606343269348 0.2977895438671112 0.8967699408531189
v 0.07651578634977341 0.21647392213344574 0.650529682636261
v 0.109304279088974 0.20861239731311798 0.6306997537612915
v 0.1333998143672943 0.18921928107738495 0.5586364269256592
v 0.17179344594478607 0.19173236191272736 0.5768194794654846
v 0.20507237315177917 0.19030864536762238 0.5760015249252319
v 0.23830008506774902 0.18847006559371948 0.5691649317741394
v 0.26581552624702454 0.1843121498823166 0.5558915138244629
v 0.29536110162734985 0.18020769953727722 0.5484616756439209
v 0.3202596604824066 0.17769886553287506 0.5370115041732788
v 0.3482155203819275 0.17547562718391418 0.528458833694458
v 0.37169337272644043 0.1715046763420105 0.5145539045333862
v -0.5961730480194092 0.24919459223747253 0.743782639503479
v -0.5696761608123779 0.2627227306365967 0.789369523525238
v -0.37947937846183777 0.19077451527118683 0.5717509984970093
v -0.3522166907787323 0.19473497569561005 0.5826163291931152
v -0.30920499563217163 0.1927143633365631 0.5729541778564453
v -0.27885666489601135 0.19387507438659668 0.5798165202140808
v -0.24310828745365143 0.19420865178108215 0.5786259770393372
v -0.21020887792110443 0.19401931762695312 0.5834547281265259
v -0.17709723114967346 0.19597889482975006 0.5878077745437622
v -0.14053013920783997 0.19528509676456451 0.5863902568817139
v -0.10342597961425781 0.1980333775281906 0.5876775979995728
v -0.07007072865962982 0.2072911262512207 0.6091887950897217
v -0.04467421770095825 0.2847052812576294 0.8466964960098267
v 0.003681851550936699 0.31036174297332764 0.9306637644767761
v 0.05155380070209503 0.29511210322380066 0.878684937953949
v 0.07976215332746506 0.21722254157066345 0.6465408802032471
v 0.11094643920660019 0.20796610414981842 0.6226361989974976
v 0.135482519865036 0.18959587812423706 0.5544192790985107
v 0.17414501309394836 0.19226795434951782 0.5734044313430786
v 0.20688174664974213 0.1904943287372589 0.5718472003936768
v 0.23876987397670746 0.18846046924591064 0.5630490779876709
v 0.2679034173488617 0.18475085496902466 0.5529844164848328
v 0.2974151074886322 0.18107140064239502 0.5463738441467285
v 0.3223241865634918 0.17853908240795135 0.5350751876831055
v 0.34955403208732605 0.17631550133228302 0.5259025692939758
v 0.3730904459953308 0.17222487926483154 0.5120334625244141
v -0.5893133282661438 0.2532171308994293 0.7510887980461121
v -0.4113468825817108 0.19443728029727936 0.574874758720398
v -0.37586385011672974 0.19252856075763702 0.5710287690162659
v -0.3486725687980652 0.19618132710456848 0.5816725492477417
v -0.3053556978702545 0.1937595158815384 0.5720516443252563
v -0.2754356265068054 0.19529278576374054 0.5792939066886902
v -0.23887769877910614 0.19474005699157715 0.5768558979034424
v -0.2057429999113083 0.1950656771659851 0.5811832547187805
v -0.17363913357257843 0.1968977451324463 0.5869729518890381
v -0.1366976946592331 0.1964244246482849 0.585475742816925
v -0.09971023350954056 0.19945423305034637 0.5863676071166992
v -0.06721401959657669 0.2134086638689041 0.6218711137771606
v -0.0397154726088047 0.29465484619140625 0.8699996471405029
v 0.008356008678674698 0.3112286329269409 0.9245863556861877
v 0.05541161447763443 0.29094398021698 0.8563095331192017
v 0.08301743865013123 0.21771642565727234 0.6427333950996399
v 0.11155267059803009 0.1987413614988327 0.5800550580024719
v 0.13790009915828705 0.19047270715236664 0.5516567230224609
v 0.17633779346942902 0.1927407830953598 0.5701403617858887
v 0.2085026502609253 0.19045265018939972 0.5666241645812988
v 0.23901362717151642 0.1883251816034317 0.5569970607757568
v 0.2702668607234955 0.18528582155704498 0.5510149002075195
v 0.29927974939346313 0.18198874592781067 0.5440768003463745
v 0.3245008885860443 0.17944422364234924 0.5332642793655396
v 0.35137706995010376 0.1769208312034607 0.5237839818000793
v 0.37450480461120605 0.17288325726985931 0.5090576410293579
v -0.586185097694397 0.25702381134033203 0.7550161480903625
v -0.39894577860832214 0.19013990461826324 0.5616470575332642
v -0.3721921145915985 0.1940934807062149 0.5704339742660522
v -0.3449852168560028 0.1975470781326294 0.5805704593658447
v -0.30197685956954956 0.19494077563285828 0.5717976093292236
v -0.2718289792537689 0.19664260745048523 0.5784505605697632
v -0.23440876603126526 0.19528523087501526 0.5746389627456665
v -0.20101280510425568 0.19605551660060883 0.5787596106529236
v -0.16971394419670105 0.1977517306804657 0.5855396389961243
v -0.13290086388587952 0.1977045089006424 0.5846590995788574
v -0.09616304934024811 0.20095549523830414 0.5854268074035645
v -0.06877537071704865 0.23149360716342926 0.6752225756645203
v -0.03422776237130165 0.30281874537467957 0.8891639709472656
v 0.012985417619347572 0.31184327602386475 0.9177313446998596
v 0.05903509259223938 0.2847824692726135 0.8287556171417236
v 0.08677813410758972 0.2175997644662857 0.6382436156272888
v 0.11258680373430252 0.1964874118566513 0.5677682161331177
v 0.14039361476898193 0.19148491322994232 0.5495107173919678
v 0.17843598127365112 0.19342657923698425 0.567252516746521
v 0.21003232896327972 0.1905284970998764 0.5611613392829895
v 0.23918013274669647 0.18790796399116516 0.5503695011138916
v 0.2726478576660156 0.1858762502670288 0.5493163466453552
v 0.3010891377925873 0.18283863365650177 0.5418461561203003
v 0.32665616273880005 0.18033526837825775 0.5314953327178955
v 0.35303500294685364 0.177460715174675 0.5216904878616333
v 0.3755614757537842 0.1735028326511383 0.5054249167442322
v -0.5840849280357361 0.2606748044490814 0.758060872554779
v -0.39159879088401794 0.18983612954616547 0.5545411109924316
v -0.3680190443992615 0.1959751546382904 0.5692243576049805
v -0.33993586897850037 0.1982865035533905 0.5781494379043579
v -0.2988840341567993 0.19625206291675568 0.5717563629150391
v -0.2682027220726013 0.19793809950351715 0.5773729085922241
v -0.23005372285842896 0.1959242820739746 0.5723905563354492
v -0.19634680449962616 0.19696547091007233 0.575354278087616
v -0.16531655192375183 0.1984354704618454 0.5832118988037109
v -0.12905538082122803 0.19901731610298157 0.5834125280380249
v -0.09256340563297272 0.20254601538181305 0.5843847990036011
v -0.06806250661611557 0.24200524389743805 0.7030757665634155
v -0.02894429676234722 0.3082231879234314 0.8990527391433716
v 0.017720364034175873 0.3121611773967743 0.9100684523582458
v 0.06226525455713272 0.2778392434120178 0.800491988658905
v 0.0897677019238472 0.21752570569515228 0.632439136505127
v 0.11429215222597122 0.195769265294075 0.5600658655166626
v 0.14309513568878174 0.19246308505535126 0.5477346181869507
v 0.18044298887252808 0.19425660371780396 0.5649821758270264
v 0.21132121980190277 0.1905922293663025 0.554949164390564
v 0.23470480740070343 0.18418386578559875 0.530096173286438
v 0.2748398184776306 0.1864163726568222 0.5476353168487549
v 0.3029137849807739 0.18363480269908905 0.5397549867630005
v 0.32885149121284485 0.18118904531002045 0.5297055244445801
v 0.35456582903862 0.17800721526145935 0.5194964408874512
v 0.3769102692604065 0.17430515587329865 0.5019212961196899
v -0.5816279649734497 0.2640770971775055 0.760260283946991
v -0.38714221119880676 0.19131238758563995 0.5518160462379456
v -0.3644019663333893 0.19761113822460175 0.5687819719314575
v -0.33172228932380676 0.19790497422218323 0.5723180770874023
v -0.2953294813632965 0.19769006967544556 0.5710864067077637
v -0.264382928609848 0.19905787706375122 0.5759018659591675
v -0.22580473124980927 0.19674688577651978 0.5699124336242676
v -0.19189512729644775 0.1976979374885559 0.5714089870452881
v -0.16067513823509216 0.19906289875507355 0.5800443887710571
v -0.12484795600175858 0.2003578543663025 0.5808050632476807
v -0.08907151967287064 0.20417945086956024 0.5832954049110413
v -0.06555436551570892 0.2515304982662201 0.7245838642120361
v -0.0242621973156929 0.3112715482711792 0.9006222486495972
v 0.022621141746640205 0.3121432065963745 0.9013175368309021
v 0.06470493972301483 0.2708139419555664 0.773182213306427
v 0.09222003817558289 0.21724136173725128 0.6248589754104614
v 0.11616545915603638 0.19571301341056824 0.5538431406021118
v 0.1457216888666153 0.19345632195472717 0.5461664795875549
v 0.18230508267879486 0.19494421780109406 0.5626867413520813
v 0.21194010972976685 0.19036293029785156 0.547235369682312
v 0.23509621620178223 0.18331186473369598 0.5243419408798218
v 0.277130126953125 0.18692442774772644 0.5457003116607666
v 0.3048832416534424 0.1844964325428009 0.537847101688385
v 0.3310452699661255 0.18202531337738037 0.5280649065971375
v 0.3559056222438812 0.1785232275724411 0.5170710682868958
v 0.378805011510849 0.17535148561000824 0.4992784261703491
v -0.5786514282226562 0.26747024059295654 0.7616122961044312
v -0.38370051980018616 0.19318042695522308 0.5509703159332275
v -0.36120137572288513 0.19939307868480682 0.5689073801040649
v -0.3223273456096649 0.19726215302944183 0.5646880865097046
v -0.29171308875083923 0.19924548268318176 0.5701761245727539
v -0.2604472041130066 0.20004737377166748 0.5743778944015503
v -0.2208564281463623 0.19732846319675446 0.5651488304138184
v -0.18752285838127136 0.19835372269153595 0.567179262638092
v -0.15616115927696228 0.199693962931633 0.5760613083839417
v -0.11978607624769211 0.20105761289596558 0.5752825736999512
v -0.08565457165241241 0.2059195637702942 0.5825746655464172
v -0.06229178234934807 0.2594079077243805 0.7387033700942993
v -0.019881825894117355 0.31339141726493835 0.8986368179321289
v 0.027541356161236763 0.3119148313999176 0.8921084403991699
v 0.06631606817245483 0.26292943954467773 0.7446861267089844
v 0.09445854276418686 0.21692319214344025 0.6170883178710938
v 0.11835062503814697 0.195848748087883 0.5490267276763916
v 0.1483825296163559 0.19454362988471985 0.5446619987487793
v 0.1832272857427597 0.1950903832912445 0.5583465099334717
v 0.21212533116340637 0.18994258344173431 0.5386623740196228
v 0.23740898072719574 0.18425683677196503 0.5222594738006592
v 0.27927127480506897 0.18754765391349792 0.5432608723640442
v 0.30687415599823 0.18536308407783508 0.535915732383728
v 0.3333018720149994 0.18282988667488098 0.5265843272209167
v 0.35735389590263367 0.179122656583786 0.514641284942627
v 0.38073545694351196 0.1765490174293518 0.49721670150756836
v -0.5738097429275513 0.27025339007377625 0.7598932385444641
v -0.380104660987854 0.19496986269950867 0.5502371788024902
v -0.35850444436073303 0.20112626254558563 0.5697711110115051
v -0.31568169593811035 0.1979798674583435 0.5610131025314331
v -0.2885914742946625 0.20084965229034424 0.5699348449707031
v -0.2563040554523468 0.20085163414478302 0.5724204778671265
v -0.21437284350395203 0.19723066687583923 0.5567561388015747
v -0.18300580978393555 0.19898371398448944 0.5630911588668823
v -0.15153378248214722 0.20023898780345917 0.571295976638794
v -0.11433017253875732 0.2013457715511322 0.5695017576217651
v -0.08191774785518646 0.20778875052928925 0.5832179188728333
v -0.05858979746699333 0.26662421226501465 0.7507505416870117
v -0.015327206812798977 0.3150968551635742 0.8952409029006958
v 0.03241180256009102 0.3115402162075043 0.8826899528503418
v 0.06752288341522217 0.2538231313228607 0.7145081162452698
v 0.09660299867391586 0.21684637665748596 0.611453652381897
v 0.12068578600883484 0.1962312012910843 0.5452175140380859
v 0.1512908935546875 0.19578972458839417 0.5438389182090759
v 0.17962424457073212 0.18940871953964233 0.5263766050338745
v 0.212641641497612 0.18961751461029053 0.5317190885543823
v 0.24727763235569 0.1887933313846588 0.5326561331748962
v 0.28100550174713135 0.18829400837421417 0.5402429103851318
v 0.3088187873363495 0.1862511932849884 0.5336202383041382
v 0.33555808663368225 0.18354453146457672 0.52501380443573
v 0.3589785099029541 0.17982064187526703 0.512357234954834
v 0.38267141580581665 0.1778043657541275 0.4952394366264343
v -0.40655162930488586 0.1942177265882492 0.5429022312164307
v -0.37594693899154663 0.1965656578540802 0.5493828058242798
v -0.35599666833877563 0.2027401626110077 0.5706440210342407
v -0.3117971122264862 0.19920000433921814 0.5596540570259094
v -0.2855798304080963 0.2023124098777771 0.5697398781776428
v -0.251739501953125 0.20149807631969452 0.5695716142654419
v -0.20815406739711761 0.19720414280891418 0.5495225787162781
v -0.17840859293937683 0.19973520934581757 0.5595999360084534
v -0.14639820158481598 0.20072190463542938 0.5660226941108704
v -0.10978898406028748 0.20156846940517426 0.5587714910507202
v -0.07858266681432724 0.21027414500713348 0.5846846103668213
v -0.055060990154743195 0.2738740146160126 0.7634884715080261
v -0.010598218068480492 0.3166377544403076 0.8915514349937439
v 0.037152912467718124 0.31108707189559937 0.8730518817901611
v 0.06512143462896347 0.2296147346496582 0.6427937150001526
v 0.09870222955942154 0.21700307726860046 0.6079124212265015
v 0.12321323156356812 0.19678343832492828 0.5419442057609558
v 0.15438076853752136 0.19707085192203522 0.5430744290351868
v 0.18086989223957062 0.18871863186359406 0.5214945673942566
v 0.21367737650871277 0.18949218094348907 0.5268146395683289
v 0.2518260180950165 0.19031251966953278 0.5363922715187073
v 0.28324028849601746 0.18928077816963196 0.5377174615859985
v 0.31079041957855225 0.18707489967346191 0.5314403772354126
v 0.33764851093292236 0.18419961631298065 0.5233242511749268
v 0.36019518971443176 0.18056190013885498 0.5100902318954468
v 0.38475632667541504 0.17894580960273743 0.49319592118263245
v -0.3980187773704529 0.19310852885246277 0.5363991260528564
v -0.3719370365142822 0.19788677990436554 0.5487021803855896
v -0.3532388210296631 0.20426228642463684 0.5711846351623535
v -0.3085630238056183 0.20042791962623596 0.5589920282363892
v -0.28229665756225586 0.203544482588768 0.569036066532135
v -0.24365122616291046 0.20070137083530426 0.5609347820281982
v -0.20316611230373383 0.19771043956279755 0.545332670211792
v -0.17411623895168304 0.20052054524421692 0.557283878326416
v -0.14091981947422028 0.20108607411384583 0.5608174800872803
v -0.10603603720664978 0.20318268239498138 0.557805061340332
v -0.07527518272399902 0.2128678262233734 0.5869702100753784
v -0.05156329646706581 0.28133904933929443 0.777718722820282
v -0.005817440338432789 0.3180023431777954 0.887675404548645
v 0.04175358638167381 0.31042060256004333 0.8633217215538025
v 0.06857415288686752 0.22714351117610931 0.6294881105422974
v 0.10050521045923233 0.21657106280326843 0.6032599806785583
v 0.12564417719841003 0.19738329946994781 0.5397921204566956
v 0.15762081742286682 0.19811302423477173 0.5425218343734741
v 0.18284913897514343 0.18935368955135345 0.5188805460929871
v 0.21515974402427673 0.1894213855266571 0.5231162905693054
v 0.2537247836589813 0.19066251814365387 0.53531414270401
v 0.28644636273384094 0.19050835072994232 0.5369242429733276
v 0.3129705488681793 0.18791408836841583 0.529705286026001
v 0.33954790234565735 0.18477191030979156 0.5213541984558105
v 0.3577946126461029 0.1803417056798935 0.49888670444488525
v 0.38777703046798706 0.18040791153907776 0.4905371367931366
v -0.39231449365615845 0.1940779983997345 0.5331771969795227
v -0.3685915768146515 0.19931457936763763 0.548396110534668
v -0.3507640063762665 0.2056778520345688 0.5714399814605713
v -0.30544909834861755 0.20189085602760315 0.5589192509651184
v -0.2786690890789032 0.20465345680713654 0.5679487586021423
v -0.22883370518684387 0.19682341814041138 0.5391533374786377
v -0.1992032676935196 0.19856734573841095 0.5434557795524597
v -0.170481875538826 0.2012440413236618 0.5555922985076904
v -0.13565483689308167 0.2014472633600235 0.5558986067771912
v -0.10256115347146988 0.2051943987607956 0.5582290887832642
v -0.07174767553806305 0.2154880166053772 0.5896167755126953
v -0.04754065349698067 0.2895350754261017 0.7943800687789917
v -0.0010875953594222665 0.3192547559738159 0.8834740519523621
v 0.04622543975710869 0.3092208504676819 0.8527748584747314
v 0.07249130308628082 0.22679419815540314 0.6226755976676941
v 0.10194484144449234 0.21420271694660187 0.5934398174285889
v 0.12822993099689484 0.19820080697536469 0.5382767915725708
v 0.1605820208787918 0.19899094104766846 0.5417566299438477
v 0.1850637048482895 0.1901392787694931 0.5164110660552979
v 0.21693743765354156 0.18945886194705963 0.5201719999313354
v 0.25402429699897766 0.19049039483070374 0.5315943956375122
v 0.29000240564346313 0.19186148047447205 0.5371359586715698
v 0.3152339458465576 0.18871736526489258 0.5283833742141724
v 0.3412528932094574 0.18531997501850128 0.5188603401184082
v 0.3583202064037323 0.1805034875869751 0.49537554383277893
v -0.5839996337890625 0.2604428231716156 0.6954609155654907
v -0.38833892345428467 0.196146160364151 0.5326067805290222
v -0.36589038372039795 0.20108865201473236 0.5493497848510742
v -0.34696272015571594 0.20672814548015594 0.5700780153274536
v -0.3026468753814697 0.2035589963197708 0.5592862367630005
v -0.274850070476532 0.20561641454696655 0.566667914390564
v -0.22613228857517242 0.19787895679473877 0.538411021232605
v -0.1961216777563095 0.19960340857505798 0.5427908897399902
v -0.16702114045619965 0.20195677876472473 0.5534051060676575
v -0.13093189895153046 0.2019566297531128 0.5515429973602295
v -0.09897197782993317 0.20874008536338806 0.5721336603164673
v -0.06795872002840042 0.2183414250612259 0.593083381652832
v -0.04269099980592728 0.2989913821220398 0.8139533400535583
v 0.003502877661958337 0.3202650845050812 0.8785027265548706
v 0.05056219547986984 0.3069848418235779 0.839168906211853
v 0.07593025267124176 0.2270129770040512 0.6176634430885315
v 0.10288169234991074 0.2045285850763321 0.5517271757125854
v 0.1309274137020111 0.19911998510360718 0.5370746850967407
v 0.16308611631393433 0.19976727664470673 0.5402666330337524
v 0.18724767863750458 0.19081635773181915 0.5142319202423096
v 0.21891607344150543 0.18967175483703613 0.5167208909988403
v 0.2520487904548645 0.1886012703180313 0.5225647687911987
v 0.29264217615127563 0.19302606582641602 0.5365997552871704
v 0.31709593534469604 0.1895245462656021 0.5267037153244019
v 0.3426041603088379 0.18589664995670319 0.5157418251037598
v 0.3600599765777588 0.18153522908687592 0.49369752407073975
v -0.5725752115249634 0.26976442337036133 0.7201299667358398
v -0.3849078416824341 0.1980486512184143 0.5326685309410095
v -0.3639264702796936 0.20317524671554565 0.5514616370201111
v -0.31908634305000305 0.20010490715503693 0.5371429920196533
v -0.30017563700675964 0.20519877970218658 0.5601085424423218
v -0.27063339948654175 0.20630571246147156 0.5647348165512085
v -0.22268202900886536 0.19997310638427734 0.5381479263305664
v -0.1931561678647995 0.20066393911838531 0.5423219799995422
v -0.16237269341945648 0.20235851407051086 0.5480473637580872
v -0.1265142560005188 0.20270147919654846 0.5477705001831055
v -0.0959821566939354 0.21165382862091064 0.5748646259307861
v -0.06398832052946091 0.22151556611061096 0.5976237654685974
v -0.037356674671173096 0.30828389525413513 0.8340054750442505
v 0.008014783263206482 0.3209804892539978 0.8727015256881714
v 0.054655078798532486 0.3030349016189575 0.8200269937515259
v 0.07930772751569748 0.22730156779289246 0.6140148639678955
v 0.10463964194059372 0.20314651727676392 0.5436834096908569
v 0.1336202621459961 0.19995807111263275 0.5356603860855103
v 0.1651298999786377 0.20040570199489594 0.5380410552024841
v 0.18954253196716309 0.19161343574523926 0.5126485228538513
v 0.2207295298576355 0.18980984389781952 0.5121562480926514
v 0.23456338047981262 0.17861567437648773 0.47860628366470337
v 0.29439425468444824 0.1939634084701538 0.5348440408706665
v 0.31870847940444946 0.19027665257453918 0.5249104499816895
v 0.34369218349456787 0.18667833507061005 0.5123200416564941
v 0.361826628446579 0.1822233945131302 0.49152013659477234
v -0.5655083060264587 0.27315160632133484 0.7202120423316956
v -0.3815827965736389 0.19956736266613007 0.5327858924865723
v -0.3623862564563751 0.20537514984607697 0.554214358329773
v -0.31249549984931946 0.19968628883361816 0.5321372747421265
v -0.29771631956100464 0.20670746266841888 0.5607929825782776
v -0.2659420967102051 0.20663553476333618 0.5618718862533569
v -0.22047030925750732 0.20112398266792297 0.5385018587112427
v -0.18934577703475952 0.2017230987548828 0.5406185388565063
v -0.15204955637454987 0.20075739920139313 0.5315643548965454
v -0.12231823801994324 0.2037946581840515 0.5452357530593872
v -0.0928952619433403 0.21420061588287354 0.5763078927993774
v -0.06012814864516258 0.2252175509929657 0.6054144501686096
v -0.03171005845069885 0.3150099515914917 0.8487268090248108
v 0.01257063914090395 0.32146236300468445 0.8662877678871155
v 0.0583379864692688 0.2968880534172058 0.7950401306152344
v 0.08244674652814865 0.22771652042865753 0.6109582185745239
v 0.10659968852996826 0.2028525322675705 0.5387153625488281
v 0.13630832731723785 0.20076236128807068 0.5341049432754517
v 0.16675736010074615 0.20075742900371552 0.5347015857696533
v 0.191881462931633 0.1927209496498108 0.5111490488052368
v 0.2221839427947998 0.19012586772441864 0.5080478191375732
v 0.2348693311214447 0.17869336903095245 0.47407716512680054
v 0.29565519094467163 0.19472135603427887 0.5320233702659607
v 0.31935828924179077 0.1903538852930069 0.5216856598854065
v 0.3449590802192688 0.18746264278888702 0.5094093680381775
v 0.3635421395301819 0.18288542330265045 0.48961976170539856
v -0.41397935152053833 0.20053452253341675 0.525229811668396
v -0.3782665729522705 0.20112615823745728 0.5330674648284912
v -0.36085250973701477 0.207449808716774 0.5571256875991821
v -0.308584064245224 0.2007293850183487 0.530268669128418
v -0.2950724959373474 0.2081041932106018 0.5609616041183472
v -0.26013731956481934 0.20647591352462769 0.5567139983177185
v -0.21773500740528107 0.20224405825138092 0.5381686687469482
v -0.18403556942939758 0.20217297971248627 0.5356044769287109
v -0.14646108448505402 0.20012152194976807 0.524446427822113
v -0.11874309927225113 0.20504975318908691 0.5441977977752686
v -0.08988195657730103 0.21642620861530304 0.577181339263916
v -0.06329450011253357 0.25043100118637085 0.6716573238372803
v -0.026806458830833435 0.3187803626060486 0.8536478281021118
v 0.01719130389392376 0.3217150568962097 0.8594886660575867
v 0.061374519020318985 0.29012489318847656 0.7697651386260986
v 0.0858895480632782 0.2281188666820526 0.6085265874862671
v 0.10877058655023575 0.20291851460933685 0.5346031785011292
v 0.13892072439193726 0.20148393511772156 0.5324078798294067
v 0.16788305342197418 0.20066572725772858 0.5289548635482788
v 0.19524605572223663 0.1939910352230072 0.5114426612854004
v 0.223615363240242 0.19038112461566925 0.50450599193573
v 0.23592689633369446 0.1795704960823059 0.4710339605808258
v 0.29673320055007935 0.1949571967124939 0.5280978679656982
v 0.3058491349220276 0.18455223739147186 0.48981910943984985
v 0.34632930159568787 0.1882130205631256 0.5069634914398193
v 0.3651861548423767 0.18362940847873688 0.48734036087989807
v -0.4041687548160553 0.19915732741355896 0.5205131769180298
v -0.37501105666160583 0.20277370512485504 0.5336780548095703
v -0.3591751158237457 0.2091725766658783 0.5589525103569031
v -0.30559924244880676 0.2022945135831833 0.5293205976486206
v -0.29222598671913147 0.2095194160938263 0.5607010722160339
v -0.25118109583854675 0.20525023341178894 0.5456415414810181
v -0.21318796277046204 0.20243677496910095 0.5343379974365234
v -0.17729993164539337 0.202352836728096 0.5259943604469299
v -0.1420464962720871 0.20032654702663422 0.5204268097877502
v -0.11539111286401749 0.2063135951757431 0.5429840087890625
v -0.08670111745595932 0.21844582259655 0.5774246454238892
v -0.06225680932402611 0.2628500163555145 0.6986875534057617
v -0.0226427111774683 0.321000337600708 0.8531191349029541
v 0.021844424307346344 0.3218141794204712 0.8525282740592957
v 0.06376316398382187 0.2837156653404236 0.7471591830253601
v 0.0884794369339943 0.22873206436634064 0.6063898801803589
v 0.11142289638519287 0.20304781198501587 0.5308759212493896
v 0.14173291623592377 0.20217236876487732 0.530693769454956
v 0.16892795264720917 0.19928225874900818 0.5194555521011353
v 0.19885312020778656 0.1951001137495041 0.5126899480819702
v 0.22524848580360413 0.19101779162883759 0.5019662380218506
v 0.23756596446037292 0.18044090270996094 0.4690243899822235
v 0.29807427525520325 0.19516094028949738 0.5246585607528687
v 0.3063420057296753 0.18533560633659363 0.48648616671562195
v 0.34732958674430847 0.18899668753147125 0.5042902827262878
v 0.3667296767234802 0.1845230609178543 0.48484015464782715
v -0.3979445695877075 0.20006269216537476 0.5190072059631348
v -0.37240681052207947 0.20441608130931854 0.53451007604599
v -0.3557060956954956 0.2102157473564148 0.5578064918518066
v -0.30321988463401794 0.20414768159389496 0.5296705961227417
v -0.289188414812088 0.21078602969646454 0.5599932074546814
v -0.23585304617881775 0.20224280655384064 0.5237950086593628
v -0.20304636657238007 0.20130771398544312 0.5203470587730408
v -0.172920361161232 0.20275908708572388 0.5231655836105347
v -0.13846273720264435 0.20132771134376526 0.5183525681495667
v -0.11219960451126099 0.2075384557247162 0.5411653518676758
v -0.08345293253660202 0.22041752934455872 0.5775130987167358
v -0.059502143412828445 0.271860808134079 0.7131473422050476
v -0.01859334483742714 0.3225551247596741 0.8502529263496399
v 0.026525018736720085 0.3217785656452179 0.8454959988594055
v 0.06581360101699829 0.27759528160095215 0.72565096616745
v 0.09080934524536133 0.22929249703884125 0.6032729744911194
v 0.11363660544157028 0.2032214254140854 0.5279315710067749
v 0.1444007158279419 0.20288795232772827 0.5290727615356445
v 0.17062091827392578 0.19794678688049316 0.5112253427505493
v 0.20060214400291443 0.19561482965946198 0.5113022327423096
v 0.22656801342964172 0.19182166457176208 0.4997231662273407
v 0.24004723131656647 0.181690976023674 0.46839576959609985
v 0.2998989522457123 0.19551917910575867 0.5225857496261597
v 0.3081852197647095 0.1867704540491104 0.48475944995880127
v 0.34753555059432983 0.18964636325836182 0.5002928376197815
v 0.3678591847419739 0.18547140061855316 0.4826192259788513
v -0.3932560980319977 0.2015865594148636 0.5188342332839966
v -0.3698456883430481 0.20607715845108032 0.5355509519577026
v -0.33311763405799866 0.20612485706806183 0.5309690237045288
v -0.3013301193714142 0.20612317323684692 0.5307921171188354
v -0.2854163348674774 0.21169432997703552 0.5578917264938354
v -0.23015882074832916 0.20222215354442596 0.5188561677932739
v -0.19770127534866333 0.20112089812755585 0.5152868032455444
v -0.16856072843074799 0.20332713425159454 0.5205423831939697
v -0.13522382080554962 0.20261003077030182 0.5171265006065369
v -0.10844685137271881 0.2088254690170288 0.5383012294769287
v -0.08025649935007095 0.2224443256855011 0.5775946378707886
v -0.056366126984357834 0.27975982427597046 0.725346028804779
v -0.01442075427621603 0.32387375831604004 0.8461810350418091
v 0.03108552284538746 0.3215824067592621 0.8384126424789429
v 0.06755061447620392 0.27163055539131165 0.704630434513092
v 0.09252329170703888 0.22868119180202484 0.597491979598999
v 0.11567816883325577 0.2034570425748825 0.5251176953315735
v 0.14713717997074127 0.20358392596244812 0.5274792909622192
v 0.17254190146923065 0.19754096865653992 0.5072858333587646
v 0.20030024647712708 0.19528847932815552 0.505555272102356
v 0.22711919248104095 0.19215625524520874 0.4964171350002289
v 0.2432348132133484 0.18369160592556 0.46946796774864197
v 0.30188509821891785 0.19595712423324585 0.5211154222488403
v 0.3106994032859802 0.18838557600975037 0.48419085144996643
v 0.34717413783073425 0.1897137612104416 0.49373874068260193
v 0.3684116303920746 0.18601518869400024 0.479360967874527
v -0.3891904652118683 0.20305640995502472 0.519126296043396
v -0.3674940764904022 0.20772559940814972 0.5365540981292725
v -0.3246873915195465 0.2053745687007904 0.5239901542663574
v -0.2995655834674835 0.2077063024044037 0.5345138311386108
v -0.28014469146728516 0.21199896931648254 0.553383469581604
v -0.22478912770748138 0.20202352106571198 0.5133299827575684
v -0.19381624460220337 0.2016318142414093 0.5129082202911377
v -0.16495861113071442 0.20422309637069702 0.5185689926147461
v -0.13210421800613403 0.20391005277633667 0.5162767171859741
v -0.10506010800600052 0.2098463922739029 0.536638617515564
v -0.07698547095060349 0.22457891702651978 0.5777336359024048
v -0.05308723449707031 0.2870403230190277 0.7382943630218506
v -0.009973323903977871 0.32509860396385193 0.8422545194625854
v 0.03547528013586998 0.3212611675262451 0.8311163187026978
v 0.06935557723045349 0.2662915587425232 0.6856832504272461
v 0.09311488270759583 0.2175752818584442 0.5576428174972534
v 0.11748185008764267 0.2038138508796692 0.5222089290618896
v 0.1497601717710495 0.20415924489498138 0.5255767107009888
v 0.17462658882141113 0.19784004986286163 0.5054812431335449
v 0.19863028824329376 0.19286565482616425 0.4927753508090973
v 0.21917624771595 0.1864776611328125 0.46776047348976135
v 0.2762136459350586 0.19814719259738922 0.5195128917694092
v 0.3034076988697052 0.19658344984054565 0.5198290348052979
v 0.3136524558067322 0.18997004628181458 0.4842812716960907
v 0.3476954698562622 0.1897687464952469 0.48924964666366577
v 0.36330485343933105 0.18292683362960815 0.4620821475982666
v -0.38555416464805603 0.2044914811849594 0.5194973945617676
v -0.3651386499404907 0.20925353467464447 0.5375586748123169
v -0.3193177580833435 0.2056562751531601 0.5207800269126892
v -0.2962658107280731 0.20909535884857178 0.5334035158157349
v -0.27214059233665466 0.21096324920654297 0.5436798334121704
v -0.21972118318080902 0.2020256519317627 0.5085288286209106
v -0.19047237932682037 0.2026529610157013 0.511560320854187
v -0.1616818904876709 0.20520584285259247 0.517002522945404
v -0.12906229496002197 0.20525969564914703 0.5156755447387695
v -0.10176703333854675 0.2111091911792755 0.5360156297683716
v -0.07330404222011566 0.22740525007247925 0.5783836841583252
v -0.04966822639107704 0.2946483790874481 0.7525941133499146
v -0.005424030125141144 0.32634878158569336 0.8386265635490417
v 0.039881631731987 0.3206755816936493 0.8232118487358093
v 0.07133723050355911 0.26166170835494995 0.6680794954299927
v 0.09402166306972504 0.2132377326488495 0.5427237749099731
v 0.11930974572896957 0.20428188145160675 0.5190002918243408
v 0.15173593163490295 0.2044646441936493 0.5220516920089722
v 0.17666256427764893 0.19835710525512695 0.504041314125061
v 0.19401907920837402 0.187147319316864 0.46793484687805176
v 0.21917293965816498 0.18544653058052063 0.4621615409851074
v 0.28150469064712524 0.20097312331199646 0.5237817764282227
v 0.3027106821537018 0.19712333381175995 0.5155460238456726
v 0.31660792231559753 0.19141215085983276 0.48419103026390076
v 0.3489963412284851 0.19023355841636658 0.486511766910553
v 0.36478936672210693 0.18210171163082123 0.45506516098976135
v -0.38181546330451965 0.20592844486236572 0.5196671485900879
v -0.36281201243400574 0.2107526957988739 0.5385353565216064
v -0.31561461091041565 0.2065618932247162 0.519695520401001
v -0.29234182834625244 0.21044814586639404 0.5319938659667969
v -0.25087258219718933 0.2054612636566162 0.515886664390564
v -0.21563975512981415 0.20254981517791748 0.50563645362854
v -0.1870977282524109 0.20415976643562317 0.5104261636734009
v -0.15752390027046204 0.20574645698070526 0.5141779184341431
v -0.12594880163669586 0.20661021769046783 0.515310525894165
v -0.0987422987818718 0.21340425312519073 0.5372257232666016
v -0.06983485817909241 0.23023706674575806 0.5803545713424683
v -0.04560483619570732 0.3031930923461914 0.7689131498336792
v -0.0009148354292847216 0.32745274901390076 0.8348147869110107
v 0.04428526759147644 0.31966570019721985 0.8141403198242188
v 0.07229511439800262 0.2444503754377365 0.6193245649337769
v 0.09583583474159241 0.21207696199417114 0.5354728698730469
v 0.12133006751537323 0.20461145043373108 0.5153917074203491
v 0.15343768894672394 0.20458799600601196 0.5166264176368713
v 0.17854878306388855 0.19880087673664093 0.5026748776435852
v 0.19495177268981934 0.186899796128273 0.46399712562561035
v 0.21968872845172882 0.1849297732114792 0.4581913352012634
v 0.2846488952636719 0.2027842253446579 0.5226552486419678
v 0.2944052517414093 0.19438451528549194 0.4897904098033905
v 0.3190319240093231 0.1924148052930832 0.48283717036247253
v 0.3502542972564697 0.19078925251960754 0.48413705825805664
v -0.41361579298973083 0.20587976276874542 0.5025203824043274
v -0.37868979573249817 0.2071266770362854 0.5199288129806519
v -0.360535591840744 0.21215766668319702 0.5389822125434875
v -0.31252819299697876 0.20758181810379028 0.5195140242576599
v -0.28873538970947266 0.21175597608089447 0.5311281681060791
v -0.2449815720319748 0.20540910959243774 0.5108923316001892
v -0.21263669431209564 0.2037205547094345 0.5048916339874268
v -0.18406522274017334 0.20511427521705627 0.509724497795105
v -0.15123148262500763 0.2055136263370514 0.5088701248168945
v -0.1227024495601654 0.20807866752147675 0.5151098966598511
v -0.09573422372341156 0.22179687023162842 0.5571800470352173
v -0.06651750206947327 0.2333097755908966 0.5838143825531006
v -0.04043689742684364 0.3125591576099396 0.7879287004470825
v 0.003563245991244912 0.32828381657600403 0.8304557204246521
v 0.04838789254426956 0.31773126125335693 0.8028040528297424
v 0.07477928698062897 0.2417384684085846 0.6088716983795166
v 0.09779581427574158 0.21209684014320374 0.5318763256072998
v 0.12152870744466782 0.20296920835971832 0.5039496421813965
v 0.15560337901115417 0.2048388421535492 0.5127195119857788
v 0.179513618350029 0.19841447472572327 0.49887365102767944
v 0.19628332555294037 0.18716852366924286 0.46109822392463684
v 0.22101737558841705 0.18521660566329956 0.455675333738327
v 0.28587305545806885 0.20358337461948395 0.5186586380004883
v 0.29510292410850525 0.1941695660352707 0.48554277420043945
v 0.3209412097930908 0.1930212378501892 0.48093539476394653
v 0.3516421616077423 0.1913912445306778 0.4824419915676117
v -0.4024190306663513 0.20524084568023682 0.5042662024497986
v -0.37558937072753906 0.2084597945213318 0.5204465389251709
v -0.35642287135124207 0.21273571252822876 0.5366314649581909
v -0.3094456195831299 0.2088392674922943 0.5195852518081665
v -0.2852030396461487 0.21295107901096344 0.5300475358963013
v -0.23989155888557434 0.2056172788143158 0.5065832734107971
v -0.2093666046857834 0.2052537202835083 0.5051658749580383
v -0.18089400231838226 0.20614513754844666 0.5091406106948853
v -0.14778460562229156 0.2063126564025879 0.5074121952056885
v -0.11933714896440506 0.20960023999214172 0.5150120258331299
v -0.09270253777503967 0.22500072419643402 0.5623550415039062
v -0.0635727196931839 0.2382308840751648 0.5908055305480957
v -0.035052914172410965 0.32059088349342346 0.8049576282501221
v 0.008038067258894444 0.32891836762428284 0.825572669506073
v 0.0522494800388813 0.3142577111721039 0.7876675128936768
v 0.07738148421049118 0.24005384743213654 0.6011064052581787
v 0.1003972738981247 0.21268241107463837 0.5274718999862671
v 0.12403975427150726 0.20323947072029114 0.49757111072540283
v 0.15805910527706146 0.20527055859565735 0.5104109048843384
v 0.17746612429618835 0.1950732171535492 0.47700604796409607
v 0.19785036146640778 0.1877436339855194 0.4587070941925049
v 0.22294165194034576 0.1860767900943756 0.4542658030986786
v 0.28309646248817444 0.20172564685344696 0.508894681930542
v 0.29622575640678406 0.19435063004493713 0.48248040676116943
v 0.32262691855430603 0.19365403056144714 0.478850781917572
v 0.3532331883907318 0.19205400347709656 0.4809865951538086
v -0.39666253328323364 0.20633059740066528 0.50435870885849
v -0.3730391263961792 0.20997269451618195 0.5212580561637878
v -0.34674131870269775 0.21211250126361847 0.5277523994445801
v -0.306639164686203 0.20995695888996124 0.5198158025741577
v -0.2816825211048126 0.21380868554115295 0.528836727142334
v -0.23527878522872925 0.2058650553226471 0.5030184984207153
v -0.20695807039737701 0.206349715590477 0.5057071447372437
v -0.17790958285331726 0.2072567641735077 0.5089040994644165
v -0.14444878697395325 0.20738479495048523 0.5065581798553467
v -0.11599016189575195 0.2112121433019638 0.5153309106826782
v -0.08972793817520142 0.22656388580799103 0.5626275539398193
v -0.0633295401930809 0.2547594904899597 0.6269546747207642
v -0.030569782480597496 0.32524701952934265 0.8120400905609131
v 0.012494697235524654 0.32936155796051025 0.8204241991043091
v 0.0558454692363739 0.3086322844028473 0.7661623954772949
v 0.08008210361003876 0.23977237939834595 0.5958728790283203
v 0.10223925113677979 0.21173274517059326 0.5211637020111084
v 0.1259719878435135 0.20318807661533356 0.4933921694755554
v 0.16058123111724854 0.20576898753643036 0.5083245635032654
v 0.17833317816257477 0.19455035030841827 0.47192543745040894
v 0.20004390180110931 0.18859592080116272 0.45738351345062256
v 0.22526991367340088 0.18698649108409882 0.45359280705451965
v 0.2774227559566498 0.19804276525974274 0.4923331141471863
v 0.29740971326828003 0.19464389979839325 0.4795902371406555
v 0.32576510310173035 0.19398507475852966 0.4779052734375
v 0.3547426760196686 0.1925339549779892 0.47953325510025024
v -0.39221858978271484 0.20755963027477264 0.5038825273513794
v -0.37075185775756836 0.211663618683815 0.5225962400436401
v -0.3335619866847992 0.21126073598861694 0.5161857604980469
v -0.3038356602191925 0.21115157008171082 0.5198327302932739
v -0.27824246883392334 0.21457737684249878 0.5274537801742554
v -0.2311781495809555 0.2061520367860794 0.5003169178962708
v -0.20400041341781616 0.20719802379608154 0.5052370429039001
v -0.17525045573711395 0.20841829478740692 0.5091208219528198
v -0.1411799192428589 0.2085139900445938 0.5057451128959656
v -0.11280487477779388 0.2129918336868286 0.5165843963623047
v -0.08690444380044937 0.2280498743057251 0.561800479888916
v -0.06251417100429535 0.26440557837486267 0.6497572660446167
v -0.02648879401385784 0.32780444622039795 0.8131109476089478
v 0.016926994547247887 0.32966819405555725 0.8152363300323486
v 0.05887557566165924 0.30155444145202637 0.7413592338562012
v 0.08246660232543945 0.24037571251392365 0.5930728316307068
v 0.10415594279766083 0.21033763885498047 0.5147292613983154
v 0.1278773546218872 0.20283156633377075 0.48823538422584534
v 0.16285844147205353 0.2060219943523407 0.506043553352356
v 0.1798132359981537 0.19446906447410583 0.4683513939380646
v 0.20244580507278442 0.1898716241121292 0.45698997378349304
v 0.2278015911579132 0.18807582557201385 0.45345887541770935
v 0.27020829916000366 0.1956382691860199 0.4768153727054596
v 0.2986641824245453 0.19515880942344666 0.47699442505836487
v 0.3268842101097107 0.19459952414035797 0.47555646300315857
v 0.3550664782524109 0.1927786022424698 0.47675058245658875
v -0.38756343722343445 0.20855815708637238 0.5030115246772766
v -0.36859002709388733 0.21325740218162537 0.5239825248718262
v -0.32833677530288696 0.21155458688735962 0.5138381719589233
v -0.300821453332901 0.2124527543783188 0.519386887550354
v -0.27556395530700684 0.21570484340190887 0.5268149375915527
v -0.22731968760490417 0.20675651729106903 0.4987178444862366
v -0.20053012669086456 0.20802319049835205 0.5041120052337646
v -0.1725720912218094 0.20956087112426758 0.5091147422790527
v -0.1379125863313675 0.209856316447258 0.5050599575042725
v -0.10978392511606216 0.21481698751449585 0.5181301832199097
v -0.0837443619966507 0.22961466014385223 0.5604815483093262
v -0.060016755014657974 0.2734144330024719 0.6675510406494141
v -0.022468464449048042 0.3297630846500397 0.8115847110748291
v 0.021327495574951172 0.3298387825489044 0.8097536563873291
v 0.061420947313308716 0.2949534058570862 0.7193986177444458
v 0.08546323329210281 0.24151960015296936 0.5894169807434082
v 0.10619862377643585 0.20968198776245117 0.5107730031013489
v 0.12943395972251892 0.20216582715511322 0.48247969150543213
v 0.16473767161369324 0.2061823457479477 0.5032110810279846
v 0.1815338432788849 0.19458970427513123 0.46549513936042786
v 0.20483238995075226 0.19093874096870422 0.45664697885513306
v 0.230495423078537 0.18934416770935059 0.4534388482570648
v 0.27155300974845886 0.1958380937576294 0.4736379384994507
v 0.29986634850502014 0.1956702321767807 0.47397279739379883
v 0.32802245020866394 0.195161834359169 0.47321656346321106
v 0.3537324368953705 0.19237452745437622 0.4684857428073883
v -0.3836157023906708 0.20975789427757263 0.5017048120498657
v -0.3663040101528168 0.21456734836101532 0.5249893665313721
v -0.3234516978263855 0.21216291189193726 0.5121901035308838
v -0.2975418269634247 0.21375758945941925 0.5185201168060303
v -0.2732391059398651 0.21680046617984772 0.5257713794708252
v -0.22434814274311066 0.20738846063613892 0.498243123292923
v -0.19690902531147003 0.208856001496315 0.5026773810386658
v -0.16949714720249176 0.21066908538341522 0.5085811614990234
v -0.134877547621727 0.21125788986682892 0.504690408706665
v -0.10680180788040161 0.2164859026670456 0.5188632607460022
v -0.08051569759845734 0.2310771644115448 0.5593016743659973
v -0.057281237095594406 0.2820720970630646 0.682866096496582
v -0.018363777548074722 0.33131706714630127 0.8088628649711609
v 0.025685224682092667 0.32984837889671326 0.803878903388977
v 0.06359755992889404 0.28919216990470886 0.6998858451843262
v 0.08762215077877045 0.24211199581623077 0.584715723991394
v 0.1073969230055809 0.20714125037193298 0.4921582341194153
v 0.1308879256248474 0.20164117217063904 0.4772321283817291
v 0.16547457873821259 0.2054215669631958 0.49710318446159363
v 0.18325428664684296 0.1949397474527359 0.4633238911628723
v 0.20682376623153687 0.19156786799430847 0.4553256332874298
v 0.23321057856082916 0.19061000645160675 0.4533820152282715
v 0.2731989622116089 0.19641831517219543 0.4718311131000519
v 0.3007620573043823 0.19629956781864166 0.4708222448825836
v 0.32926100492477417 0.19569656252861023 0.470997154712677
v 0.34819939732551575 0.19091486930847168 0.4535765051841736
v -0.37963059544563293 0.21113203465938568 0.5002251863479614
v -0.362949401140213 0.21551008522510529 0.5243866443634033
v -0.3191527724266052 0.21268649399280548 0.510581374168396
v -0.294137567281723 0.21502237021923065 0.5174574255943298
v -0.2675173282623291 0.2165829837322235 0.5214599370956421
v -0.22139081358909607 0.20804665982723236 0.4977323114871979
v -0.19339558482170105 0.20976674556732178 0.5013439655303955
v -0.16606280207633972 0.21171072125434875 0.5074602961540222
v -0.1318710893392563 0.2126917690038681 0.504629373550415
v -0.1039465144276619 0.21794602274894714 0.5190200805664062
v -0.07732265442609787 0.23252032697200775 0.5582224130630493
v -0.054317083209753036 0.29026955366134644 0.6970216631889343
v -0.014118172228336334 0.3326234519481659 0.805662989616394
v 0.029956407845020294 0.32970744371414185 0.7978003621101379
v 0.06569098681211472 0.2840506434440613 0.6821361780166626
v 0.08972111344337463 0.24066366255283356 0.5759649276733398
v 0.10890533030033112 0.20610690116882324 0.48580074310302734
v 0.13245391845703125 0.20143570005893707 0.4728075861930847
v 0.1601567268371582 0.20022834837436676 0.4705066680908203
v 0.18525531888008118 0.19533862173557281 0.4617077112197876
v 0.20897553861141205 0.19230976700782776 0.4532015919685364
v 0.23597751557826996 0.1918986588716507 0.4529842138290405
v 0.2756788432598114 0.19751781225204468 0.47100335359573364
v 0.30195993185043335 0.1971638947725296 0.4682723581790924
v 0.33041805028915405 0.19630691409111023 0.46873196959495544
v 0.34965547919273376 0.1911935806274414 0.4510006606578827
v -0.3757762014865875 0.2124638855457306 0.4993063807487488
v -0.35671767592430115 0.21576210856437683 0.5185381174087524
v -0.3151106834411621 0.2133149355649948 0.5093388557434082
v -0.2908532917499542 0.21624775230884552 0.5166133046150208
v -0.24460667371749878 0.21031136810779572 0.49374210834503174
v -0.21820542216300964 0.2088165432214737 0.4969809353351593
v -0.18993085622787476 0.21075665950775146 0.5003178715705872
v -0.16209903359413147 0.21278056502342224 0.5056767463684082
v -0.1287640631198883 0.21409843862056732 0.5045360326766968
v -0.10111724585294724 0.21946880221366882 0.5193272829055786
v -0.07364778965711594 0.23439225554466248 0.5573430061340332
v -0.05120715871453285 0.2982803285121918 0.7113305330276489
v -0.009782431647181511 0.3337964117527008 0.8024330139160156
v 0.034038908779621124 0.32942911982536316 0.7915436029434204
v 0.06789887696504593 0.2797006368637085 0.666046142578125
v 0.09154029190540314 0.2378426194190979 0.564353346824646
v 0.11076318472623825 0.20580105483531952 0.4817214906215668
v 0.13430951535701752 0.2016870379447937 0.4696769416332245
v 0.16175901889801025 0.199729785323143 0.4661914110183716
v 0.18710699677467346 0.1958315223455429 0.4596446752548218
v 0.2109377682209015 0.19267046451568604 0.4515836238861084
v 0.23866768181324005 0.19313204288482666 0.45251157879829407
v 0.279452919960022 0.19901107251644135 0.4707840085029602
v 0.3036135733127594 0.19805677235126495 0.46652624011039734
v 0.33181673288345337 0.19704106450080872 0.4665903151035309
v 0.3515998423099518 0.19200283288955688 0.4488423764705658
v -0.372570663690567 0.2140922099351883 0.4994748532772064
v -0.33845019340515137 0.2135307788848877 0.4999234080314636
v -0.31132766604423523 0.21414974331855774 0.5079820156097412
v -0.2877729833126068 0.2173953354358673 0.5158089399337769
v -0.24016568064689636 0.20991310477256775 0.49023109674453735
v -0.2148333489894867 0.20960019528865814 0.4960227608680725
v -0.1866086721420288 0.21183621883392334 0.499562531709671
v -0.157512366771698 0.2139786332845688 0.5032473802566528
v -0.1255817860364914 0.2154460847377777 0.504317045211792
v -0.09833616763353348 0.22136764228343964 0.5199853181838989
v -0.07043294608592987 0.2363637238740921 0.5570917725563049
v -0.04780949279665947 0.3070127069950104 0.7271361351013184
v -0.0054154531098902225 0.3348502516746521 0.7992546558380127
v 0.03795354813337326 0.3290049433708191 0.7850949168205261
v 0.07024506479501724 0.2757873833179474 0.6510531306266785
v 0.09318746626377106 0.2345133274793625 0.5515010356903076
v 0.11253176629543304 0.20611925423145294 0.47873416543006897
v 0.13639703392982483 0.20222537219524384 0.46751493215560913
v 0.1638471782207489 0.19980178773403168 0.4636816382408142
v 0.18889890611171722 0.1962105631828308 0.45775291323661804
v 0.21280482411384583 0.19308994710445404 0.4499388337135315
v 0.2413102686405182 0.19424107670783997 0.4518924355506897
v 0.2817170321941376 0.19993388652801514 0.46962201595306396
v 0.3053772747516632 0.19881699979305267 0.4649123549461365
v 0.3329205811023712 0.19769613444805145 0.4641086757183075
v 0.3547552227973938 0.19334927201271057 0.4466651976108551
v -0.3732323944568634 0.21530964970588684 0.5082372426986694
v -0.3340977430343628 0.21443362534046173 0.49825143814086914
v -0.30779707431793213 0.21519877016544342 0.5066391825675964
v -0.28456419706344604 0.21830376982688904 0.5146490931510925
v -0.23695842921733856 0.21040554344654083 0.4883730709552765
v -0.211090549826622 0.21051524579524994 0.49491050839424133
v -0.18352721631526947 0.21300490200519562 0.4990427792072296
v -0.15263934433460236 0.21492204070091248 0.5002664923667908
v -0.12243060767650604 0.2167716771364212 0.5040237903594971
v -0.09604568779468536 0.22397641837596893 0.5221078395843506
v -0.06720982491970062 0.2387942373752594 0.5579012632369995
v -0.043794818222522736 0.31606045365333557 0.743821382522583
v -0.0010706568136811256 0.3357544243335724 0.7958037257194519
v 0.04177660495042801 0.3283194303512573 0.7778576016426086
v 0.0728626549243927 0.2725468575954437 0.6371897459030151
v 0.09437958896160126 0.23025541007518768 0.5371183753013611
v 0.11457891762256622 0.2066882997751236 0.4765249192714691
v 0.13878649473190308 0.20284871757030487 0.4658580422401428
v 0.16614441573619843 0.20025138556957245 0.46202167868614197
v 0.19077156484127045 0.19658295810222626 0.45570507645606995
v 0.21462906897068024 0.1934739351272583 0.4484756588935852
v 0.24374915659427643 0.1953689157962799 0.45135366916656494
v 0.2833631634712219 0.20052054524421692 0.46791088581085205
v 0.307106077671051 0.19941556453704834 0.46319299936294556
v 0.33355334401130676 0.1979437917470932 0.4608558118343353
v -0.39448603987693787 0.2138175666332245 0.4899740517139435
v -0.36860090494155884 0.2163703441619873 0.505731999874115
v -0.33040952682495117 0.21550032496452332 0.49758726358413696
v -0.30433011054992676 0.21653802692890167 0.5055839419364929
v -0.28028732538223267 0.21879608929157257 0.5123718976974487
v -0.23344334959983826 0.21092276275157928 0.48717814683914185
v -0.20737342536449432 0.2115616351366043 0.49342259764671326
v -0.18074482679367065 0.214310884475708 0.49876993894577026
v -0.14882290363311768 0.2153906673192978 0.4966946244239807
v -0.1192348524928093 0.21810711920261383 0.5036858916282654
v -0.09238791465759277 0.23144547641277313 0.543584406375885
v -0.06376571208238602 0.24223142862319946 0.5608631372451782
v -0.03921791911125183 0.3237970173358917 0.7587844729423523
v 0.0032129159662872553 0.3364800214767456 0.7918936014175415
v 0.04548962041735649 0.3267344534397125 0.7685034275054932
v 0.07556626945734024 0.2700403928756714 0.6261419057846069
v 0.0949341431260109 0.22499065101146698 0.5203921794891357
v 0.11678804457187653 0.20732299983501434 0.4748327136039734
v 0.1411360502243042 0.20355291664600372 0.4643859267234802
v 0.1684873104095459 0.2008529007434845 0.4606283903121948
v 0.1926453411579132 0.19700071215629578 0.45372408628463745
v 0.21655379235744476 0.1940513551235199 0.4470510184764862
v 0.24715115129947662 0.19653603434562683 0.451822429895401
v 0.2847634553909302 0.20107775926589966 0.4659377932548523
v 0.30876606702804565 0.19995765388011932 0.4613787829875946
v 0.33378881216049194 0.1978999674320221 0.45679718255996704
v -0.38742995262145996 0.2145845741033554 0.48947665095329285
v -0.35715216398239136 0.21671545505523682 0.4938412010669708
v -0.32684242725372314 0.21637214720249176 0.4968542456626892
v -0.301095187664032 0.21786297857761383 0.5047837495803833
v -0.2732885181903839 0.21814081072807312 0.5050930380821228
v -0.23061780631542206 0.21159067749977112 0.4861016869544983
v -0.2039133459329605 0.21266473829746246 0.4918559789657593
v -0.1781737208366394 0.21568207442760468 0.4986034333705902
v -0.14569611847400665 0.2167222648859024 0.49656233191490173
v -0.11592153459787369 0.2194969207048416 0.5032934546470642
v -0.08957965672016144 0.2337367832660675 0.5455361604690552
v -0.06098456680774689 0.2482418268918991 0.5696601867675781
v -0.03461364656686783 0.32922616600990295 0.7680922746658325
v 0.007470101583749056 0.3370167016983032 0.7874544262886047
v 0.04919388145208359 0.32378193736076355 0.7553646564483643
v 0.07815442234277725 0.26857683062553406 0.6181634664535522
v 0.09488866478204727 0.21549952030181885 0.49089449644088745
v 0.11898843944072723 0.20800521969795227 0.47344285249710083
v 0.14347396790981293 0.20422115921974182 0.4631902873516083
v 0.17056535184383392 0.2013189047574997 0.45893386006355286
v 0.1944652795791626 0.19750836491584778 0.45184066891670227
v 0.21847856044769287 0.19479042291641235 0.4457421600818634
v 0.25076472759246826 0.1979345977306366 0.4525158405303955
v 0.28619813919067383 0.20171670615673065 0.4640194773674011
v 0.3103293776512146 0.20043562352657318 0.4594804048538208
v 0.3344556391239166 0.19759957492351532 0.45243600010871887
v -0.38312584161758423 0.2154846489429474 0.4886647164821625
v -0.3511890470981598 0.21697549521923065 0.4902966618537903
v -0.3230797052383423 0.2174510955810547 0.49591201543807983
v -0.297813355922699 0.2190065085887909 0.5038509964942932
v -0.265068382024765 0.2170604020357132 0.4953141212463379
v -0.2273120880126953 0.21220915019512177 0.4846409559249878
v -0.20072659850120544 0.21374018490314484 0.4904601275920868
v -0.17561429738998413 0.21711508929729462 0.49854475259780884
v -0.14203354716300964 0.2180660367012024 0.4968496859073639
v -0.1126372218132019 0.2208937704563141 0.5029202103614807
v -0.08685130625963211 0.23520497977733612 0.5449845194816589
v -0.06235282123088837 0.2660249173641205 0.6126989126205444
v -0.030309800058603287 0.33283770084381104 0.7718781232833862
v 0.011714981868863106 0.3374078869819641 0.7826119065284729
v 0.05283417925238609 0.31923526525497437 0.7367658615112305
v 0.08061078190803528 0.26764217019081116 0.6117507219314575
v 0.09622866660356522 0.21260179579257965 0.4814106225967407
v 0.12116198986768723 0.20906901359558105 0.4722888767719269
v 0.1458083838224411 0.20478032529354095 0.4617442190647125
v 0.17244185507297516 0.2016369104385376 0.4572417438030243
v 0.19639407098293304 0.19812846183776855 0.4502160847187042
v 0.22041720151901245 0.19563429057598114 0.4443698227405548
v 0.254573255777359 0.19946935772895813 0.45342448353767395
v 0.2878703773021698 0.20246487855911255 0.46248987317085266
v 0.3119356334209442 0.20093649625778198 0.45756959915161133
v 0.3359290659427643 0.19806841015815735 0.4495505690574646
v -0.37936487793922424 0.21661394834518433 0.48784762620925903
v -0.3464742600917816 0.21755681931972504 0.4882335364818573
v -0.3191734254360199 0.21827194094657898 0.4944440424442291
v -0.2943892180919647 0.21997152268886566 0.5025730133056641
v -0.25795987248420715 0.21655386686325073 0.4885520040988922
v -0.22377169132232666 0.2129746377468109 0.48260191082954407
v -0.1975601762533188 0.2147725224494934 0.48916763067245483
v -0.17322447896003723 0.2184436172246933 0.4984893798828125
v -0.13895536959171295 0.2194323092699051 0.49657028913497925
v -0.10946287214756012 0.2222491055727005 0.5025009512901306
v -0.08400959521532059 0.23653683066368103 0.5432358980178833
v -0.06044523045420647 0.27567946910858154 0.6305268406867981
v -0.026246650144457817 0.33562958240509033 0.7724390029907227
v 0.01593049056828022 0.3376106023788452 0.7774205207824707
v 0.05617959424853325 0.3127911686897278 0.7136499881744385
v 0.08293458074331284 0.266943097114563 0.6055949926376343
v 0.09840217232704163 0.21215273439884186 0.47721049189567566
v 0.12346915900707245 0.20978640019893646 0.4712117910385132
v 0.14806368947029114 0.20529893040657043 0.4599318206310272
v 0.17417456209659576 0.20193414390087128 0.4551759958267212
v 0.19852101802825928 0.19887074828147888 0.4488556385040283
v 0.22253845632076263 0.19661521911621094 0.44299420714378357
v 0.25780561566352844 0.20080310106277466 0.453696608543396
v 0.28992852568626404 0.2032998651266098 0.46128958463668823
v 0.31368622183799744 0.20147360861301422 0.4557589590549469
v 0.33760008215904236 0.1987674981355667 0.4475155472755432
v -0.3760380446910858 0.21761862933635712 0.48744383454322815
v -0.34238696098327637 0.21835359930992126 0.48727813363075256
v -0.3139558434486389 0.21891352534294128 0.49198997020721436
v -0.2911612391471863 0.22087796032428741 0.5008608102798462
v -0.2513744533061981 0.21622377634048462 0.4837699234485626
v -0.22008547186851501 0.21395927667617798 0.48033174872398376
v -0.19440220296382904 0.2158297598361969 0.4881238043308258
v -0.1701914370059967 0.2192591428756714 0.4976252019405365
v -0.13578906655311584 0.22059175372123718 0.49574798345565796
v -0.10642176866531372 0.22353434562683105 0.5019083023071289
v -0.08074256032705307 0.2383338361978531 0.5419358015060425
v -0.05784565582871437 0.28423574566841125 0.6445657014846802
v -0.02227737009525299 0.3378259837627411 0.771493673324585
v 0.02006346546113491 0.3376520872116089 0.7719951868057251
v 0.0590534470975399 0.3059978187084198 0.6925315856933594
v 0.08511824160814285 0.2657517194747925 0.598884105682373
v 0.10061059892177582 0.212540403008461 0.4747045636177063
v 0.1257188767194748 0.21056662499904633 0.469768226146698
v 0.15018978714942932 0.2058614194393158 0.4577781856060028
v 0.17590917646884918 0.20242734253406525 0.4531480669975281
v 0.20054565370082855 0.19946785271167755 0.44721516966819763
v 0.22484369575977325 0.19768352806568146 0.4419465661048889
v 0.2603960335254669 0.20195233821868896 0.4536091089248657
v 0.2922593057155609 0.2041853368282318 0.46051520109176636
v 0.3154088258743286 0.20201098918914795 0.45400363206863403
v 0.3395260274410248 0.19978751242160797 0.44525569677352905
v -0.3728378713130951 0.21864300966262817 0.487264484167099
v -0.3387477695941925 0.2193414568901062 0.4868457615375519
v -0.30909085273742676 0.2196500450372696 0.4896063506603241
v -0.2881922721862793 0.22164520621299744 0.49873876571655273
v -0.24292992055416107 0.2153751254081726 0.4775296151638031
v -0.21624812483787537 0.2149468958377838 0.4779626131057739
v -0.1913645714521408 0.21694965660572052 0.4873581826686859
v -0.16030892729759216 0.2189178466796875 0.4878759980201721
v -0.13246530294418335 0.2216261625289917 0.49443700909614563
v -0.10355837643146515 0.22479788959026337 0.5012286305427551
v -0.07756667584180832 0.24090950191020966 0.5425711870193481
v -0.05511036515235901 0.29208889603614807 0.6574187278747559
v -0.018257861956954002 0.33959364891052246 0.7698571681976318
v 0.024076614528894424 0.3375761806964874 0.7665033340454102
v 0.061646007001399994 0.3000732362270355 0.6748729944229126
v 0.08675722777843475 0.26122143864631653 0.5869319438934326
v 0.10290753096342087 0.21324080228805542 0.4731535017490387
v 0.12805314362049103 0.2112656831741333 0.46834036707878113
v 0.15245196223258972 0.20624162256717682 0.45573875308036804
v 0.17767387628555298 0.20292812585830688 0.45124346017837524
v 0.2024066299200058 0.19996048510074615 0.44518834352493286
v 0.2271793782711029 0.19878455996513367 0.4410955309867859
v 0.26277053356170654 0.20311665534973145 0.45315679907798767
v 0.29467394948005676 0.20503804087638855 0.45978134870529175
v 0.31714510917663574 0.20257388055324554 0.45220834016799927
v 0.34111353754997253 0.20041581988334656 0.4435456395149231
v -0.3695341646671295 0.21974283456802368 0.4868687093257904
v -0.33531203866004944 0.22050398588180542 0.4870571494102478
v -0.30607157945632935 0.22077292203903198 0.48916879296302795
v -0.28325560688972473 0.22208558022975922 0.494806170463562
v -0.23886685073375702 0.2155870497226715 0.4747772514820099
v -0.2123953104019165 0.21576707065105438 0.4758971333503723
v -0.18862314522266388 0.21818269789218903 0.4871762692928314
v -0.15654203295707703 0.2192869931459427 0.4858784079551697
v -0.12910392880439758 0.2226414978504181 0.49324193596839905
v -0.10071349143981934 0.22602391242980957 0.5004399418830872
v -0.07487393915653229 0.24374628067016602 0.5444843769073486
v -0.052244633436203 0.29988589882850647 0.6707150936126709
v -0.014174452982842922 0.34100693464279175 0.7677553296089172
v 0.027975361794233322 0.3373847007751465 0.7606533765792847
v 0.0641876682639122 0.2951924502849579 0.6594967842102051
v 0.08358827233314514 0.23764802515506744 0.5272167325019836
v 0.10551581531763077 0.21468670666217804 0.47312670946121216
v 0.130205899477005 0.21183744072914124 0.4670313894748688
v 0.15470050275325775 0.20659245550632477 0.45386800169944763
v 0.17938977479934692 0.20332299172878265 0.44883397221565247
v 0.2044084221124649 0.20053835213184357 0.4436194598674774
v 0.22945638000965118 0.19987672567367554 0.44024309515953064
v 0.26578325033187866 0.20456933975219727 0.45296740531921387
v 0.2969073951244354 0.20573768019676208 0.45876047015190125
v 0.31864529848098755 0.2030867338180542 0.45018747448921204
v 0.34266898036003113 0.201033815741539 0.44176387786865234
v -0.36521121859550476 0.22078262269496918 0.48580771684646606
v -0.33271095156669617 0.2214583158493042 0.48728230595588684
v -0.3039267659187317 0.22213271260261536 0.4896523356437683
v -0.2712213397026062 0.22059808671474457 0.483308881521225
v -0.2352410852909088 0.21610422432422638 0.47267064452171326
v -0.208970844745636 0.21649140119552612 0.47467342019081116
v -0.18609441816806793 0.21948792040348053 0.4876686632633209
v -0.15376847982406616 0.22044546902179718 0.4851408302783966
v -0.12582232058048248 0.2237398624420166 0.49230143427848816
v -0.09721644967794418 0.22737324237823486 0.500032901763916
v -0.07214000821113586 0.24636119604110718 0.5459144115447998
v -0.04907315969467163 0.3085247874259949 0.6855783462524414
v -0.010037644766271114 0.34215807914733887 0.7651586532592773
v 0.031686946749687195 0.3370489776134491 0.754383385181427
v 0.06671565771102905 0.2909150719642639 0.6452764272689819
v 0.0853106752038002 0.23454555869102478 0.515833854675293
v 0.10802780091762543 0.2160223424434662 0.4735884666442871
v 0.13239681720733643 0.21234913170337677 0.4656004011631012
v 0.15679524838924408 0.2070123851299286 0.4520176649093628
v 0.1810605525970459 0.20362354815006256 0.44608619809150696
v 0.20642900466918945 0.20116575062274933 0.4424116909503937
v 0.23162627220153809 0.20095689594745636 0.4393085539340973
v 0.2699463367462158 0.20628245174884796 0.4539961814880371
v 0.29899945855140686 0.20638664066791534 0.4576385021209717
v 0.3199419677257538 0.20351138710975647 0.44768026471138
v 0.34433943033218384 0.20167391002178192 0.43972888588905334
v -0.359710693359375 0.2216535210609436 0.4837740659713745
v -0.32983672618865967 0.2224360555410385 0.4871825575828552
v -0.3019566833972931 0.2236805409193039 0.49034249782562256
v -0.268150269985199 0.2211790680885315 0.48214104771614075
v -0.23166191577911377 0.2167205661535263 0.4707236886024475
v -0.20631971955299377 0.2172957956790924 0.47434183955192566
v -0.18365824222564697 0.22085952758789062 0.48866185545921326
v -0.15037091076374054 0.2215549200773239 0.4851805865764618
v -0.12258309125900269 0.2249291092157364 0.4914788007736206
v -0.09432461857795715 0.22876690328121185 0.49958014488220215
v -0.06870609521865845 0.24890923500061035 0.5476220846176147
v -0.04552772268652916 0.3179815113544464 0.7029968500137329
v -0.005901956465095282 0.34307339787483215 0.7618299722671509
v 0.03533514589071274 0.3364347219467163 0.7475245594978333
v 0.06937172263860703 0.2870047986507416 0.6318509578704834
v 0.08705101162195206 0.23279441893100739 0.5063793063163757
v 0.11050701886415482 0.21703003346920013 0.4732620418071747
v 0.13463793694972992 0.21282057464122772 0.4638920724391937
v 0.15886498987674713 0.20751991868019104 0.4504826068878174
v 0.1830364167690277 0.204130157828331 0.4445754289627075
v 0.2083166092634201 0.20174576342105865 0.4410201907157898
v 0.23364602029323578 0.20198702812194824 0.4384392499923706
v 0.2740122079849243 0.2076762318611145 0.4554568827152252
v 0.30102917551994324 0.20702458918094635 0.45641788840293884
v 0.32124802470207214 0.20389005541801453 0.4449026584625244
v 0.34697428345680237 0.20254181325435638 0.4370628595352173
v -0.3546034097671509 0.2225295454263687 0.4817979633808136
v -0.32658377289772034 0.2234000563621521 0.48670530319213867
v -0.29964056611061096 0.2250644564628601 0.4907601475715637
v -0.26443344354629517 0.22207918763160706 0.4818476140499115
v -0.22825033962726593 0.21742285788059235 0.46899864077568054
v -0.20396482944488525 0.21842172741889954 0.47482991218566895
v -0.1811731457710266 0.22210560739040375 0.48948827385902405
v -0.14773859083652496 0.22264069318771362 0.4845849275588989
v -0.11933883279561996 0.22619813680648804 0.4907470941543579
v -0.09150677919387817 0.23044738173484802 0.4994984567165375
v -0.06561604142189026 0.2516453266143799 0.5490556955337524
v -0.041350651532411575 0.3268110156059265 0.7199395298957825
v -0.0017987554892897606 0.34374985098838806 0.757874608039856
v 0.03919932246208191 0.33538129925727844 0.7396884560585022
v 0.0721508115530014 0.2836342751979828 0.6201518774032593
v 0.08889461308717728 0.23080851137638092 0.49770036339759827
v 0.1128855049610138 0.21773621439933777 0.4719615578651428
v 0.13687315583229065 0.21323516964912415 0.46190664172172546
v 0.16100554168224335 0.2081270068883896 0.4491933584213257
v 0.18526341021060944 0.2047514021396637 0.44366317987442017
v 0.21012753248214722 0.20234403014183044 0.43933728337287903
v 0.23569746315479279 0.20300769805908203 0.4375764727592468
v 0.27636873722076416 0.2083507478237152 0.45537254214286804
v 0.3029508888721466 0.20760560035705566 0.45491823554039
v 0.3229072690010071 0.20438168942928314 0.44282591342926025
v -0.38536250591278076 0.22289583086967468 0.47796761989593506
v -0.35013264417648315 0.22349108755588531 0.48021113872528076
v -0.3230953812599182 0.22446303069591522 0.48583829402923584
v -0.29687047004699707 0.22612527012825012 0.4906589388847351
v -0.2618491053581238 0.22275468707084656 0.48039862513542175
v -0.22501035034656525 0.21817447245121002 0.4677058160305023
v -0.20142102241516113 0.21961580216884613 0.47581663727760315
v -0.178609699010849 0.22315622866153717 0.48948028683662415
v -0.14503619074821472 0.22376003861427307 0.4840645492076874
v -0.11604376137256622 0.22747087478637695 0.49001002311706543
v -0.08871717751026154 0.23257826268672943 0.5004435181617737
v -0.06219086796045303 0.25514253973960876 0.5520780086517334
v -0.03719639778137207 0.3331916332244873 0.7311592102050781
v 0.0022881876211613417 0.3441693186759949 0.7533666491508484
v 0.04315812885761261 0.33382314443588257 0.730620265007019
v 0.07482685893774033 0.28127655386924744 0.6110725998878479
v 0.0908353179693222 0.22868843376636505 0.48982974886894226
v 0.11518612504005432 0.21835672855377197 0.46989166736602783
v 0.13896000385284424 0.21361127495765686 0.4597557783126831
v 0.16321907937526703 0.20882903039455414 0.44829779863357544
v 0.18751339614391327 0.20532509684562683 0.4426732659339905
v 0.21202731132507324 0.20312540233135223 0.43786945939064026
v 0.23801061511039734 0.20418067276477814 0.4367280602455139
v 0.27758535742759705 0.20883028209209442 0.45396411418914795
v 0.3046294152736664 0.20813152194023132 0.45307132601737976
v 0.3248502314090729 0.2049858421087265 0.44129472970962524
v -0.37969064712524414 0.2237216681241989 0.47920066118240356
v -0.3461114764213562 0.22457699477672577 0.4792987108230591
v -0.31907832622528076 0.2255365401506424 0.4844938814640045
v -0.29385820031166077 0.22699333727359772 0.48993730545043945
v -0.25729790329933167 0.22300083935260773 0.47753462195396423
v -0.2222597748041153 0.21901948750019073 0.4670637249946594
v -0.19873666763305664 0.22054873406887054 0.47593846917152405
v -0.17547695338726044 0.22402264177799225 0.4877156615257263
v -0.1419665664434433 0.22495394945144653 0.4837137758731842
v -0.11247987300157547 0.2286211997270584 0.4886287748813629
v -0.08613254874944687 0.23516836762428284 0.5025596022605896
v -0.05907202139496803 0.26010236144065857 0.5587960481643677
v -0.033299148082733154 0.3373747766017914 0.7363409399986267
v 0.006399759091436863 0.3443886637687683 0.7484132051467896
v 0.046799760311841965 0.3317871391773224 0.7203861474990845
v 0.07717137038707733 0.2797938287258148 0.6036460399627686
v 0.0929155945777893 0.22703149914741516 0.48352476954460144
v 0.11736593395471573 0.21887047588825226 0.46747836470603943
v 0.14101894199848175 0.2138643115758896 0.45715534687042236
v 0.16542232036590576 0.20958535373210907 0.44769105315208435
v 0.18960696458816528 0.20583952963352203 0.44073086977005005
v 0.21431466937065125 0.204328253865242 0.4372098445892334
v 0.24066880345344543 0.2054222971200943 0.4361538290977478
v 0.27839794754981995 0.20925769209861755 0.4513585865497589
v 0.3060077726840973 0.2086382955312729 0.4509071707725525
v 0.3269001245498657 0.205628901720047 0.4398716688156128
v -0.3755717873573303 0.22448405623435974 0.47834911942481995
v -0.3426132798194885 0.22572721540927887 0.4792463481426239
v -0.3145458400249481 0.22662006318569183 0.48275384306907654
v -0.2907923460006714 0.22780951857566833 0.4887854754924774
v -0.24439865350723267 0.21994256973266602 0.46430984139442444
v -0.21972183883190155 0.21989135444164276 0.46684208512306213
v -0.1959681659936905 0.2213858813047409 0.4751974046230316
v -0.17066363990306854 0.224546879529953 0.4829150438308716
v -0.13876910507678986 0.2263135462999344 0.48374003171920776
v -0.10883130133152008 0.2297792136669159 0.48751387000083923
v -0.08363126218318939 0.24379085004329681 0.522951602935791
v -0.05996950343251228 0.2775830626487732 0.5943530797958374
v -0.029448624700307846 0.34053584933280945 0.7378759384155273
v 0.010519360192120075 0.34442853927612305 0.7431621551513672
v 0.050320543348789215 0.32895511388778687 0.7080904841423035
v 0.0793176218867302 0.2785642147064209 0.5970445871353149
v 0.09499071538448334 0.22602124512195587 0.4784173369407654
v 0.11955182999372482 0.21929988265037537 0.46525171399116516
v 0.1430896520614624 0.21410848200321198 0.4543786942958832
v 0.16753490269184113 0.21019284427165985 0.4466027617454529
v 0.1914384961128235 0.20624198019504547 0.43815863132476807
v 0.21714648604393005 0.2058042585849762 0.4373999536037445
v 0.2435290664434433 0.20657077431678772 0.43579837679862976
v 0.27898889780044556 0.20976567268371582 0.4477016031742096
v 0.3071015477180481 0.20908769965171814 0.44805896282196045
v 0.32895857095718384 0.20633354783058167 0.4384182393550873
v -0.36967042088508606 0.2252577543258667 0.4747539460659027
v -0.3396990895271301 0.2268369048833847 0.4792838990688324
v -0.31061092019081116 0.22773495316505432 0.48147571086883545
v -0.2878134846687317 0.2287822961807251 0.48745641112327576
v -0.23996120691299438 0.22008201479911804 0.46193984150886536
v -0.21694283187389374 0.22082369029521942 0.46635743975639343
v -0.1927194446325302 0.22229145467281342 0.4733670651912689
v -0.16391697525978088 0.22456495463848114 0.4754355251789093
v -0.13556309044361115 0.22768573462963104 0.4841873347759247
v -0.1056370884180069 0.23107266426086426 0.4872736930847168
v -0.0816749557852745 0.2488395720720291 0.5311362147331238
v -0.058260977268218994 0.28686538338661194 0.6102883815765381
v -0.025590352714061737 0.3430267572402954 0.7375964522361755
v 0.014576958492398262 0.344384104013443 0.7378475666046143
v 0.053868379443883896 0.32437631487846375 0.6915813684463501
v 0.08145374804735184 0.2774282693862915 0.590495228767395
v 0.09713777899742126 0.22554339468479156 0.47436073422431946
v 0.12169861793518066 0.2196526974439621 0.46337196230888367
v 0.14529457688331604 0.2143409550189972 0.45198121666908264
v 0.16956651210784912 0.2105751782655716 0.44435620307922363
v 0.19340813159942627 0.2068331241607666 0.43633711338043213
v 0.22005245089530945 0.2070695459842682 0.43763017654418945
v 0.2460492104291916 0.20757943391799927 0.4351320266723633
v 0.2797521948814392 0.21052677929401398 0.4441004693508148
v 0.3078557252883911 0.20952317118644714 0.44474247097969055
v 0.3308625817298889 0.2070969045162201 0.43655434250831604
v -0.3628854751586914 0.22616787254810333 0.47000426054000854
v -0.3366923928260803 0.22793623805046082 0.4790620803833008
v -0.30748146772384644 0.22895152866840363 0.4809119999408722
v -0.2843605875968933 0.22980746626853943 0.48573723435401917
v -0.23753461241722107 0.2211061418056488 0.4619147479534149
v -0.21380090713500977 0.22155681252479553 0.46542227268218994
v -0.1887982040643692 0.22317421436309814 0.47035905718803406
v -0.1577257364988327 0.22479040920734406 0.47037869691848755
v -0.13236375153064728 0.22892600297927856 0.4842280149459839
v -0.10272150486707687 0.23255808651447296 0.4874768853187561
v -0.07909025996923447 0.2527408301830292 0.53509521484375
v -0.055544398725032806 0.29441651701927185 0.6215091943740845
v -0.021754099056124687 0.34505778551101685 0.7361856698989868
v 0.018547983840107918 0.3442290723323822 0.7327113747596741
v 0.057281747460365295 0.31785833835601807 0.6710388660430908
v 0.08368390053510666 0.27603021264076233 0.5834181904792786
v 0.099239781498909 0.22516022622585297 0.47111594676971436
v 0.12383130937814713 0.22001074254512787 0.46153077483177185
v 0.1476336121559143 0.2145305722951889 0.44994470477104187
v 0.1714739054441452 0.21078097820281982 0.44161441922187805
v 0.1957021951675415 0.20761583745479584 0.4354797899723053
v 0.22265832126140594 0.20799989998340607 0.4372730851173401
v 0.24806946516036987 0.20865339040756226 0.4339105188846588
v 0.28076544404029846 0.21129469573497772 0.4408981502056122
v 0.30889391899108887 0.20999416708946228 0.44168737530708313
v 0.33259689807891846 0.20786736905574799 0.43451061844825745
v -0.357346773147583 0.22732891142368317 0.46731874346733093
v -0.33320683240890503 0.22899967432022095 0.4781554639339447
v -0.3047025799751282 0.23006753623485565 0.4807037115097046
v -0.2787812352180481 0.23027244210243225 0.4824048578739166
v -0.23527783155441284 0.2223253846168518 0.46203455328941345
v -0.21021120250225067 0.22215425968170166 0.46379777789115906
v -0.1844610869884491 0.22386673092842102 0.46673569083213806
v -0.15394872426986694 0.2255309820175171 0.4686984419822693
v -0.1292804330587387 0.23011447489261627 0.4837183654308319
v -0.10009072721004486 0.23413583636283875 0.4879138767719269
v -0.0764424130320549 0.255754292011261 0.5368891358375549
v -0.05283097177743912 0.3014012277126312 0.6321921348571777
v -0.01791730709373951 0.3467217981815338 0.7341068983078003
v 0.022492872551083565 0.34396612644195557 0.7275731563568115
v 0.06045486778020859 0.31154924631118774 0.652869462966919
v 0.08601140975952148 0.27403780817985535 0.5757499933242798
v 0.10136771947145462 0.2248687446117401 0.4679597020149231
v 0.1260475367307663 0.22045713663101196 0.4594428539276123
v 0.14998184144496918 0.21471254527568817 0.44779571890830994
v 0.1733202189207077 0.2110224962234497 0.4391898214817047
v 0.1981433629989624 0.2084672451019287 0.4350035488605499
v 0.22502478957176208 0.20874956250190735 0.43625321984291077
v 0.24969720840454102 0.2096983790397644 0.43200576305389404
v 0.28182855248451233 0.21186836063861847 0.43777114152908325
v 0.31034737825393677 0.21055832505226135 0.43917137384414673
v 0.33399656414985657 0.20855532586574554 0.43230360746383667
v -0.35284650325775146 0.22848723828792572 0.46603742241859436
v -0.32906869053840637 0.23000192642211914 0.47659558057785034
v -0.30200985074043274 0.2311963438987732 0.4807465076446533
v -0.2721215486526489 0.23030366003513336 0.47822922468185425
v -0.23289108276367188 0.2236078530550003 0.4625684916973114
v -0.20662978291511536 0.2228001356124878 0.4617740213871002
v -0.17972122132778168 0.22422777116298676 0.46219098567962646
v -0.15139974653720856 0.2266085147857666 0.468122273683548
v -0.1262170523405075 0.23129768669605255 0.48297426104545593
v -0.09754401445388794 0.23563340306282043 0.4881162643432617
v -0.07379826158285141 0.2586958408355713 0.5381355881690979
v -0.050039008259773254 0.30904698371887207 0.6445856094360352
v -0.014032429084181786 0.3479786813259125 0.7317150235176086
v 0.026324216276407242 0.3436392843723297 0.7225216031074524
v 0.06315843760967255 0.3063569962978363 0.6384724378585815
v 0.08796940743923187 0.27085044980049133 0.5660315752029419
v 0.10356193780899048 0.22458747029304504 0.4650270938873291
v 0.12814752757549286 0.2209029346704483 0.4574041962623596
v 0.15214750170707703 0.21499787271022797 0.4453950822353363
v 0.17518705129623413 0.2114856243133545 0.4371234178543091
v 0.2005430907011032 0.20940904319286346 0.43456029891967773
v 0.22720983624458313 0.2095070779323578 0.43492427468299866
v 0.2512912154197693 0.21050897240638733 0.430033802986145
v 0.2831762135028839 0.21242080628871918 0.43543922901153564
v 0.3120487332344055 0.21105705201625824 0.4370865821838379
v 0.33525580167770386 0.2092566341161728 0.42972418665885925
v -0.348672479391098 0.22946058213710785 0.46541765332221985
v -0.32476896047592163 0.2308778166770935 0.4750480055809021
v -0.299515962600708 0.23240678012371063 0.48092931509017944
v -0.2670670449733734 0.23062583804130554 0.47565504908561707
v -0.2308264970779419 0.2248619943857193 0.46271592378616333
v -0.20301757752895355 0.22358419001102448 0.45975324511528015
v -0.17253193259239197 0.22401858866214752 0.4553963243961334
v -0.14881935715675354 0.22767464816570282 0.46707388758659363
v -0.12309837341308594 0.23248091340065002 0.4820322096347809
v -0.09502536058425903 0.23697823286056519 0.48792052268981934
v -0.07110310345888138 0.26206502318382263 0.5396327972412109
v -0.046830736100673676 0.3183877170085907 0.6599077582359314
v -0.010131234303116798 0.3489280939102173 0.728904128074646
v 0.03006848692893982 0.34322333335876465 0.71721351146698
v 0.06568808108568192 0.30199572443962097 0.6251220703125
v 0.08053687959909439 0.24106091260910034 0.4911462664604187
v 0.10591302067041397 0.22452276945114136 0.4626432955265045
v 0.13035112619400024 0.22134527564048767 0.4557581841945648
v 0.15421947836875916 0.21554526686668396 0.4429963529109955
v 0.17709316313266754 0.21188031136989594 0.43507567048072815
v 0.20281442999839783 0.2103494256734848 0.43412846326828003
v 0.22930367290973663 0.21036362648010254 0.4335056245326996
v 0.25333020091056824 0.21112900972366333 0.42839446663856506
v 0.2849963307380676 0.21303659677505493 0.4337349832057953
v 0.3135332465171814 0.21152286231517792 0.434634268283844
v 0.3365362584590912 0.2099905014038086 0.4264973998069763
v -0.34498733282089233 0.23031951487064362 0.4650908410549164
v -0.32126981019973755 0.23182012140750885 0.474261075258255
v -0.2969522476196289 0.23349034786224365 0.48080211877822876
v -0.26357153058052063 0.23122088611125946 0.4739488959312439
v -0.22865958511829376 0.2260466367006302 0.4628324806690216
v -0.19954580068588257 0.2244812399148941 0.45809540152549744
v -0.16864240169525146 0.22447635233402252 0.4528270959854126
v -0.14615190029144287 0.22879807651042938 0.46554508805274963
v -0.11957436800003052 0.2335663139820099 0.4803025424480438
v -0.0923071801662445 0.2381850779056549 0.48720473051071167
v -0.06827853620052338 0.2662937343120575 0.542771577835083
v -0.04335565119981766 0.32821914553642273 0.6782090663909912
v -0.006194837857037783 0.349640816450119 0.7257194519042969
v 0.03379607945680618 0.3425745964050293 0.7110771536827087
v 0.06802063435316086 0.29773056507110596 0.6116117835044861
v 0.08233323693275452 0.23753538727760315 0.48184770345687866
v 0.10825014859437943 0.2247639298439026 0.46069490909576416
v 0.13261564075946808 0.2217012345790863 0.4542986750602722
v 0.1563725620508194 0.21624954044818878 0.44126954674720764
v 0.17908406257629395 0.21220751106739044 0.4331148564815521
v 0.2050456404685974 0.21120160818099976 0.43379804491996765
v 0.23129259049892426 0.21115967631340027 0.431959331035614
v 0.2562335133552551 0.21195381879806519 0.42773565649986267
v 0.28693056106567383 0.21377040445804596 0.4323807954788208
v 0.31432920694351196 0.21198756992816925 0.43085888028144836
v 0.3391367793083191 0.21121123433113098 0.4222702383995056
v -0.341755747795105 0.231180340051651 0.4649406373500824
v -0.3181573450565338 0.23290449380874634 0.4740866720676422
v -0.29386791586875916 0.2343646138906479 0.47986137866973877
v -0.2605482041835785 0.23199884593486786 0.4724685847759247
v -0.22631415724754333 0.22725126147270203 0.4626540243625641
v -0.19637717306613922 0.2255108505487442 0.45681968331336975
v -0.16544286906719208 0.22529038786888123 0.451344758272171
v -0.14317114651203156 0.22971655428409576 0.46331578493118286
v -0.11580824851989746 0.2343992441892624 0.477777361869812
v -0.08945664763450623 0.2394617646932602 0.486017644405365
v -0.06545034795999527 0.27161356806755066 0.5489524602890015
v -0.039287108927965164 0.336533784866333 0.6941357851028442
v -0.002260981360450387 0.35011547803878784 0.7221887111663818
v 0.037620775401592255 0.341549813747406 0.7038475275039673
v 0.07031222432851791 0.2938222885131836 0.5994873046875
v 0.08464734256267548 0.23599842190742493 0.47648531198501587
v 0.11042172461748123 0.225148543715477 0.45896151661872864
v 0.13477905094623566 0.22200292348861694 0.452618271112442
v 0.15869756042957306 0.2169223129749298 0.4399942457675934
v 0.1811756193637848 0.21275489032268524 0.43174946308135986
v 0.20733118057250977 0.2120472639799118 0.43342018127441406
v 0.23316670954227448 0.21191447973251343 0.4303813576698303
v 0.2602015435695648 0.2134244590997696 0.4288209080696106
v 0.2889162600040436 0.2146245688199997 0.4313977360725403
v 0.31498247385025024 0.2124599814414978 0.4269794821739197
v -0.3720560073852539 0.23160867393016815 0.4575798511505127
v -0.3386836349964142 0.2322140634059906 0.4648350775241852
v -0.31510213017463684 0.2339858114719391 0.47390979528427124
v -0.2902011573314667 0.23518311977386475 0.4780726432800293
v -0.2576058804988861 0.23291119933128357 0.471312552690506
v -0.22388878464698792 0.22842489182949066 0.46220746636390686
v -0.19332672655582428 0.22651617228984833 0.4556443393230438
v -0.16240546107292175 0.2265445441007614 0.45049092173576355
v -0.13970370590686798 0.23045921325683594 0.4607512354850769
v -0.11214382201433182 0.23544728755950928 0.4752463698387146
v -0.08559516817331314 0.24116715788841248 0.4852782189846039
v -0.06263594329357147 0.27686235308647156 0.5570372939109802
v -0.035573478788137436 0.34151700139045715 0.7023040652275085
v 0.0016161452513188124 0.35042116045951843 0.7183416485786438
v 0.04153632000088692 0.34027108550071716 0.6959783434867859
v 0.0726269781589508 0.29102808237075806 0.5905852317810059
v 0.08694835752248764 0.23531118035316467 0.47298458218574524
v 0.11246883869171143 0.22569243609905243 0.4572158753871918
v 0.13655205070972443 0.22222362458705902 0.4502357244491577
v 0.16086064279079437 0.2174028754234314 0.43871009349823
v 0.1833483874797821 0.21350109577178955 0.43114566802978516
v 0.20966537296772003 0.2130660116672516 0.43297135829925537
v 0.2350432425737381 0.21277637779712677 0.42894992232322693
v 0.26386335492134094 0.2148125022649765 0.4295880198478699
v 0.29125410318374634 0.21561363339424133 0.4306957423686981
v 0.31610754132270813 0.21319206058979034 0.4240877330303192
v -0.3636048138141632 0.23298044502735138 0.4575637876987457
v -0.3356313705444336 0.23328261077404022 0.46463796496391296
v -0.31194478273391724 0.2351198047399521 0.4736340641975403
v -0.2861423194408417 0.23596440255641937 0.47577688097953796
v -0.25446265935897827 0.23378005623817444 0.4699612259864807
v -0.22113996744155884 0.22945447266101837 0.4613453149795532
v -0.18998807668685913 0.2273276001214981 0.45405927300453186
v -0.1598392277956009 0.22752435505390167 0.45017677545547485
v -0.13606807589530945 0.23147369921207428 0.45942360162734985
v -0.10899226367473602 0.23688051104545593 0.47400757670402527
v -0.08200898766517639 0.24297237396240234 0.4844626486301422
v -0.05997492000460625 0.2825298309326172 0.5661829710006714
v -0.0320410318672657 0.3448777198791504 0.7049928903579712
v 0.005449035204946995 0.35057947039604187 0.7142333388328552
v 0.04526076838374138 0.33900022506713867 0.6883804202079773
v 0.07492177933454514 0.28921252489089966 0.5838178396224976
v 0.0894121304154396 0.23515871167182922 0.4705756604671478
v 0.11450973898172379 0.2262648344039917 0.45516201853752136
v 0.13806688785552979 0.22172434628009796 0.4448871314525604
v 0.16283035278320312 0.21783596277236938 0.4371056854724884
v 0.1856708973646164 0.21437768638134003 0.4309140741825104
v 0.21215222775936127 0.21427777409553528 0.4324355125427246
v 0.2369564026594162 0.21365788578987122 0.42758315801620483
v 0.2665131390094757 0.2158583104610443 0.4295322000980377
v 0.293976753950119 0.21672409772872925 0.43002966046333313
v 0.3177887201309204 0.2141086906194687 0.4218292236328125
v -0.3590634763240814 0.23429782688617706 0.4571866989135742
v -0.33248966932296753 0.23430150747299194 0.4643821120262146
v -0.3091007471084595 0.2364070862531662 0.47335442900657654
v -0.28262314200401306 0.2369375377893448 0.4743064343929291
v -0.24997146427631378 0.2340177744626999 0.46704599261283875
v -0.21805886924266815 0.2302386313676834 0.4600124657154083
v -0.18629403412342072 0.22812838852405548 0.45201802253723145
v -0.15736255049705505 0.22879214584827423 0.4500405490398407
v -0.13290663063526154 0.23284892737865448 0.45886507630348206
v -0.10615397244691849 0.2384806126356125 0.47356659173965454
v -0.0781305581331253 0.24536672234535217 0.4843617081642151
v -0.05746876448392868 0.2887537181377411 0.5758688449859619
v -0.028475161641836166 0.34746870398521423 0.7053302526473999
v 0.009271660819649696 0.350554883480072 0.7098639011383057
v 0.048817459493875504 0.3370009660720825 0.6795318126678467
v 0.07713072001934052 0.28797629475593567 0.578045129776001
v 0.09248005598783493 0.23540396988391876 0.46903955936431885
v 0.11655829101800919 0.22666868567466736 0.4529019296169281
v 0.1396874189376831 0.22109676897525787 0.43949437141418457
v 0.16461816430091858 0.21829329431056976 0.4352263808250427
v 0.18809886276721954 0.21544018387794495 0.4308489263057709
v 0.21450313925743103 0.21541477739810944 0.4315829873085022
v 0.23863574862480164 0.21438409388065338 0.42594796419143677
v 0.2686854600906372 0.21695056557655334 0.4289279580116272
v 0.29654431343078613 0.21778693795204163 0.42904260754585266
v 0.3198433220386505 0.21514272689819336 0.4199361801147461
v -0.35551178455352783 0.23567408323287964 0.4570358395576477
v -0.3292989730834961 0.23542974889278412 0.46428871154785156
v -0.3063494861125946 0.23785871267318726 0.47324007749557495
v -0.2788463830947876 0.2380060851573944 0.47274017333984375
v -0.23940227925777435 0.23116254806518555 0.45743119716644287
v -0.21405896544456482 0.23079809546470642 0.457424521446228
v -0.18256913125514984 0.22900334000587463 0.44988930225372314
v -0.15478307008743286 0.2304871678352356 0.45046600699424744
v -0.129765585064888 0.23445376753807068 0.4582432210445404
v -0.10313169658184052 0.24005907773971558 0.4732421934604645
v -0.07435319572687149 0.24835044145584106 0.4846597909927368
v -0.055088110268116 0.2954901456832886 0.5857036113739014
v -0.02502024918794632 0.3495199382305145 0.7048022747039795
v 0.01305646263062954 0.35025739669799805 0.7052648663520813
v 0.05251814424991608 0.3329768776893616 0.6660879254341125
v 0.07885269820690155 0.28697505593299866 0.5717623233795166
v 0.0946430042386055 0.23558884859085083 0.46670612692832947
v 0.11858873814344406 0.2269611656665802 0.4505663812160492
v 0.14212942123413086 0.2214224487543106 0.4370362162590027
v 0.16663721203804016 0.2187734991312027 0.4334636628627777
v 0.19045647978782654 0.21642634272575378 0.4302404522895813
v 0.21614335477352142 0.21600043773651123 0.429819792509079
v 0.24030154943466187 0.2151305377483368 0.4239933490753174
v 0.27071577310562134 0.21806322038173676 0.42780518531799316
v 0.2984725534915924 0.2186601310968399 0.42725950479507446
v 0.32180777192115784 0.2162386178970337 0.4180750250816345
v -0.35209086537361145 0.23680320382118225 0.45616814494132996
v -0.32604309916496277 0.23681028187274933 0.4643804430961609
v -0.3037272095680237 0.23947010934352875 0.4732532501220703
v -0.27431967854499817 0.2387382686138153 0.47049984335899353
v -0.2356862723827362 0.23241855204105377 0.4560627043247223
v -0.20956070721149445 0.23120741546154022 0.4543692469596863
v -0.17875288426876068 0.23008055984973907 0.4476442039012909
v -0.1518787145614624 0.23258982598781586 0.4513796865940094
v -0.12642766535282135 0.2363562136888504 0.45818907022476196
v -0.09986339509487152 0.241705983877182 0.473318874835968
v -0.0707722082734108 0.25341475009918213 0.48706671595573425
v -0.05227055773139 0.30340462923049927 0.5961272716522217
v -0.021429283544421196 0.35122227668762207 0.7033287286758423
v 0.016704047098755836 0.34983178973197937 0.7003213763237
v 0.05566715449094772 0.3276280462741852 0.6473082304000854
v 0.08005553483963013 0.2857271134853363 0.563575029373169
v 0.09619180858135223 0.2356163114309311 0.46353936195373535
v 0.12063809484243393 0.2273733913898468 0.4483238756656647
v 0.14469194412231445 0.22214756906032562 0.43508437275886536
v 0.16878733038902283 0.2195080816745758 0.43195992708206177
v 0.19276253879070282 0.21739616990089417 0.4291425943374634
v 0.2177267074584961 0.2163214087486267 0.4274653196334839
v 0.24221102893352509 0.21631649136543274 0.42227819561958313
v 0.27266284823417664 0.21922524273395538 0.4263545572757721
v 0.29986050724983215 0.2195746749639511 0.4245428740978241
v 0.32343804836273193 0.2176663726568222 0.41557878255844116
v -0.3480362296104431 0.23823705315589905 0.4541042447090149
v -0.3225650191307068 0.23869000375270844 0.4640182554721832
v -0.3011832535266876 0.24126365780830383 0.4719698131084442
v -0.2694859504699707 0.23967720568180084 0.46579617261886597
v -0.23360608518123627 0.23502029478549957 0.45575305819511414
v -0.2053041309118271 0.23249384760856628 0.451156347990036
v -0.17511887848377228 0.23187386989593506 0.44584962725639343
v -0.14879898726940155 0.23526373505592346 0.4516628682613373
v -0.12222181260585785 0.2390388697385788 0.45831069350242615
v -0.09654498100280762 0.24417845904827118 0.4726712703704834
v -0.07249302417039871 0.26931682229042053 0.5188896059989929
v -0.048939548432826996 0.31320714950561523 0.6079350709915161
v -0.01818469911813736 0.3527810871601105 0.7009706497192383
v 0.020330557599663734 0.34957364201545715 0.6929632425308228
v 0.057453449815511703 0.32312461733818054 0.6297862529754639
v 0.07192721962928772 0.27530309557914734 0.5188151001930237
v 0.09772590547800064 0.23554515838623047 0.4585748612880707
v 0.12277084589004517 0.22805055975914001 0.4454318881034851
v 0.14676488935947418 0.22299471497535706 0.4324803352355957
v 0.17099623382091522 0.2207612842321396 0.4299651086330414
v 0.19520303606987 0.21888093650341034 0.42749229073524475
v 0.2193472534418106 0.21772390604019165 0.4251633584499359
v 0.2441553771495819 0.218466117978096 0.42065832018852234
v 0.27467429637908936 0.22106030583381653 0.4239441454410553
v 0.3004024028778076 0.22107268869876862 0.42023810744285583
v 0.3242662250995636 0.22038911283016205 0.41150394082069397
