HIERARCHY
ROOT Hips
{
	OFFSET -0.001795 -0.223333 0.028219
	CHANNELS 6 Xposition Yposition Zposition Zrotation Yrotation Xrotation 
	JOINT LeftUpLeg
	{
		OFFSET 0.069520 -0.091406 -0.006815
		CHANNELS 3 Zrotation Yrotation Xrotation
		JOINT LeftLeg
		{
			OFFSET 0.034277 -0.375199 -0.004496
			CHANNELS 3 Zrotation Yrotation Xrotation
			JOINT LeftFoot
			{
				OFFSET -0.013596 -0.397961 -0.043693
				CHANNELS 3 Zrotation Yrotation Xrotation
				JOINT LeftToe
				{
					OFFSET 0.026358 -0.055791 0.119288
					CHANNELS 3 Zrotation Yrotation Xrotation
					End Site
					{
						OFFSET 0.000000 0.000000 0.000000
					}
				}
			}
		}
	}
	JOINT RightUpLeg
	{
		OFFSET -0.067670 -0.090522 -0.004320
		CHANNELS 3 Zrotation Yrotation Xrotation
		JOINT RightLeg
		{
			OFFSET -0.038290 -0.382569 -0.008850
			CHANNELS 3 Zrotation Yrotation Xrotation
			JOINT RightFoot
			{
				OFFSET 0.015774 -0.398415 -0.042312
				CHANNELS 3 Zrotation Yrotation Xrotation
				JOINT RightToe
				{
					OFFSET -0.025372 -0.048144 0.123348
					CHANNELS 3 Zrotation Yrotation Xrotation
					End Site
					{
						OFFSET 0.000000 0.000000 0.000000
					}
				}
			}
		}
	}
	JOINT Spine
	{
		OFFSET -0.002533 0.108963 -0.026696
		CHANNELS 3 Zrotation Yrotation Xrotation
		JOINT Spine1
		{
			OFFSET 0.005487 0.135180 0.001092
			CHANNELS 3 Zrotation Yrotation Xrotation
			JOINT Spine2
			{
				OFFSET 0.001457 0.052922 0.025425
				CHANNELS 3 Zrotation Yrotation Xrotation
				JOINT Neck
				{
					OFFSET -0.002778 0.213870 -0.042857
					CHANNELS 3 Zrotation Yrotation Xrotation
					JOINT Head
					{
						OFFSET 0.005152 0.064970 0.051349
						CHANNELS 3 Zrotation Yrotation Xrotation
						End Site
						{
							OFFSET 0.000000 0.000000 0.000000
						}
					}
				}
				JOINT LeftShoulder
				{
					OFFSET 0.078845 0.121749 -0.034090
					CHANNELS 3 Zrotation Yrotation Xrotation
					JOINT LeftArm
					{
						OFFSET 0.090977 0.030469 -0.008868
						CHANNELS 3 Zrotation Yrotation Xrotation
						JOINT LeftForeArm
						{
							OFFSET 0.259612 -0.012772 -0.027456
							CHANNELS 3 Zrotation Yrotation Xrotation
							JOINT LeftHand
							{
								OFFSET 0.249234 0.008986 -0.001171
								CHANNELS 3 Zrotation Yrotation Xrotation
								End Site
								{
									OFFSET 0.000000 0.000000 0.000000
								}
							}
						}
					}
				}
				JOINT RightShoulder
				{
					OFFSET -0.081759 0.118833 -0.038615
					CHANNELS 3 Zrotation Yrotation Xrotation
					JOINT RightArm
					{
						OFFSET -0.096012 0.032551 -0.009143
						CHANNELS 3 Zrotation Yrotation Xrotation
						JOINT RightForeArm
						{
							OFFSET -0.253742 -0.013329 -0.021401
							CHANNELS 3 Zrotation Yrotation Xrotation
							JOINT RightHand
							{
								OFFSET -0.255298 0.007772 -0.005559
								CHANNELS 3 Zrotation Yrotation Xrotation
								End Site
								{
									OFFSET 0.000000 0.000000 0.000000
								}
							}
						}
					}
				}
			}
		}
	}
}
MOTION
Frames: 196
Frame Time: 0.050000
0.000000 0.924475 0.000000 -0.143057 2.113358 9.346430 5.131396 -0.550766 -7.480550 -0.484798 -0.227150 8.662120 12.704195 24.104670 18.772115 0.000000 0.000000 0.000000 0.255686 2.169037 -21.989917 4.020005 -0.427970 13.033990 77.090822 35.873307 81.247259 0.000000 0.000000 0.000000 6.350771 -0.827897 5.696391 1.589644 -0.731845 -0.281003 -4.872143 -3.277430 11.076672 14.121597 -8.105012 -14.919736 0.000000 0.000000 0.000000 -18.155827 -9.695271 4.129687 -52.981380 -7.896627 -3.457930 -11.449790 -33.259839 5.020871 0.000000 0.000000 0.000000 17.598608 -0.219427 -1.991381 57.546450 5.219210 -3.562040 13.988483 46.729308 7.604306 0.000000 0.000000 0.000000 
-0.003823 0.922622 -0.006230 -0.775249 0.939340 10.477667 6.982465 -0.530120 -8.202161 -2.450986 0.160393 7.448819 13.531735 25.121238 18.564097 0.000000 0.000000 0.000000 1.168791 2.551777 -23.889982 3.896320 -0.358407 13.291227 77.462811 35.575394 82.145503 0.000000 0.000000 0.000000 7.832020 -1.287501 8.281603 0.946591 -0.469492 0.742798 -4.666695 -5.611567 9.979138 14.339966 -8.811192 -12.908739 0.000000 0.000000 0.000000 -18.617081 -9.944446 5.132253 -51.687113 -10.697749 -2.283169 -9.025977 -36.396908 5.015364 0.000000 0.000000 0.000000 15.309916 0.050725 -2.275447 58.580653 4.484105 -3.877848 19.091082 48.278158 9.438397 0.000000 0.000000 0.000000 
-0.007474 0.920783 -0.013247 -0.454139 0.185111 11.800627 7.812470 -0.548960 -9.745303 -4.298186 0.485649 7.040794 14.033398 25.749370 18.624772 0.000000 0.000000 0.000000 1.643816 3.051484 -27.328031 2.612868 -0.004826 15.980503 77.621007 35.686370 82.476241 0.000000 0.000000 0.000000 8.181982 -1.725247 11.450175 1.786798 -0.847807 0.593909 -5.803287 -7.294332 9.942365 12.737570 -7.596524 -14.227319 0.000000 0.000000 0.000000 -18.863808 -11.742882 6.778064 -50.138073 -16.992821 0.232068 -3.897234 -34.446276 3.246201 0.000000 0.000000 0.000000 16.040362 0.753037 -2.513682 58.933811 3.766361 -4.168059 18.015957 50.615825 9.003132 0.000000 0.000000 0.000000 
-0.011193 0.920141 -0.019700 -0.065379 -1.178620 13.658954 8.326311 -0.568094 -12.048240 -5.871971 0.782252 7.127267 14.853995 26.633487 19.784493 0.000000 0.000000 0.000000 1.279085 3.364705 -29.973638 2.644730 0.040305 16.118484 77.842940 35.283425 83.436002 0.000000 0.000000 0.000000 8.581871 -2.118674 14.013527 1.541325 -0.701466 0.152004 -5.732522 -9.000584 9.745375 11.629416 -7.164367 -13.344814 0.000000 0.000000 0.000000 -20.776049 -14.292875 9.434343 -47.252678 -21.317050 1.527926 1.458782 -35.045076 1.777312 0.000000 0.000000 0.000000 16.495137 1.842293 -2.697224 57.997266 3.088423 -4.244059 21.225992 54.182942 10.644100 0.000000 0.000000 0.000000 
-0.014704 0.917790 -0.024597 0.764035 -1.946412 15.110001 7.506160 -0.654502 -13.436657 -5.771071 0.762210 6.396996 15.369212 27.263795 19.919214 0.000000 0.000000 0.000000 0.233545 3.506306 -32.715155 3.058415 -0.011570 17.402043 77.730284 35.192506 83.692752 0.000000 0.000000 0.000000 8.460663 -2.349039 16.050365 3.234931 -1.507372 1.116611 -7.200940 -11.377074 8.375710 10.111567 -6.289142 -13.134905 0.000000 0.000000 0.000000 -22.788524 -17.167816 12.523576 -41.789433 -26.319897 2.546402 7.898174 -31.872713 -0.220584 0.000000 0.000000 0.000000 17.231861 4.569188 -2.171456 56.864091 2.557726 -4.000167 22.339305 56.046506 10.875805 0.000000 0.000000 0.000000 
-0.018372 0.915868 -0.026193 1.134073 -2.017521 16.425874 7.809324 -0.675622 -14.403589 -6.270965 0.862598 7.018887 12.874561 24.512187 15.111387 0.000000 0.000000 0.000000 -0.157371 3.580856 -34.214200 3.255927 -0.063182 17.262218 77.982368 35.559268 83.707356 0.000000 0.000000 0.000000 8.752606 -2.602628 17.324683 3.626467 -1.662803 0.926201 -7.553778 -13.224514 7.911199 8.233094 -5.371396 -11.587335 0.000000 0.000000 0.000000 -24.354867 -19.548811 15.315238 -37.002855 -31.034477 3.092068 12.236506 -27.669282 -1.260956 0.000000 0.000000 0.000000 17.788211 5.038037 -2.592808 55.439284 1.451414 -4.114822 25.224490 57.367897 12.180692 0.000000 0.000000 0.000000 
-0.021874 0.913875 -0.024748 1.594239 -2.373122 16.694271 7.681730 -0.670325 -13.722704 -6.118980 0.854039 7.394852 10.333979 20.996013 10.359774 0.000000 0.000000 0.000000 -0.545133 3.573205 -34.730171 3.470328 -0.097710 17.774919 78.317654 35.732885 83.933574 0.000000 0.000000 0.000000 8.542266 -2.711425 18.769158 4.278405 -1.973315 1.272186 -8.483846 -14.884809 7.502702 6.747182 -4.594038 -10.511893 0.000000 0.000000 0.000000 -24.936837 -20.952378 17.049083 -32.403358 -33.759751 2.910500 16.029069 -23.987974 -1.888296 0.000000 0.000000 0.000000 19.203617 6.878871 -2.482727 54.166195 1.010426 -3.812117 27.060001 58.690410 13.071657 0.000000 0.000000 0.000000 
-0.024964 0.913132 -0.021317 1.568193 -2.778504 16.357339 8.249560 -0.607322 -13.209455 -5.944182 0.904569 9.894982 7.559679 16.255805 5.760646 0.000000 0.000000 0.000000 -0.466256 3.615822 -34.585654 3.839699 -0.163166 18.546584 77.838114 35.239726 84.017657 0.000000 0.000000 0.000000 8.464467 -2.814320 20.083822 4.308082 -2.029090 2.076913 -8.397834 -15.314583 6.529355 5.397413 -3.773587 -9.694466 0.000000 0.000000 0.000000 -24.364238 -22.820954 18.279229 -29.796129 -35.506479 2.899909 17.555945 -20.955106 -1.940326 0.000000 0.000000 0.000000 20.278128 7.020439 -2.829248 52.678177 1.195010 -3.331758 28.966497 59.964671 14.395169 0.000000 0.000000 0.000000 
-0.027722 0.912882 -0.017360 1.890492 -2.346318 16.303894 8.437751 -0.605597 -13.025632 -5.674042 0.888094 11.787141 5.555467 12.180005 2.428838 0.000000 0.000000 0.000000 -0.503833 3.532980 -34.343279 3.664746 -0.134942 18.771487 77.767413 35.442290 83.673875 0.000000 0.000000 0.000000 8.523961 -2.869843 20.289612 4.444883 -2.092551 1.966854 -8.783045 -15.548064 6.679210 4.381283 -3.139128 -9.555905 0.000000 0.000000 0.000000 -25.266460 -23.740000 19.239562 -27.089859 -36.374369 2.453090 18.376968 -19.194610 -1.929877 0.000000 0.000000 0.000000 20.861705 7.814979 -2.538660 51.780809 1.563078 -2.994680 29.306413 60.084244 14.689231 0.000000 0.000000 0.000000 
-0.029903 0.913682 -0.013888 1.981225 -1.665077 16.187390 9.134981 -0.578019 -13.128025 -5.848859 0.964339 13.941185 3.994995 8.551876 0.027674 0.000000 0.000000 0.000000 -0.427325 3.458660 -34.098672 3.649642 -0.158262 19.063723 76.938912 35.260181 82.961911 0.000000 0.000000 0.000000 8.383272 -2.894971 20.555099 4.784730 -2.296373 2.459408 -8.630290 -14.475936 6.116004 3.571176 -2.542121 -8.920997 0.000000 0.000000 0.000000 -25.756007 -25.014363 19.778565 -26.136740 -37.087220 2.465847 18.266562 -18.316056 -1.847288 0.000000 0.000000 0.000000 20.609826 7.699960 -2.070591 51.201707 2.040104 -2.825571 29.162012 61.767697 15.548197 0.000000 0.000000 0.000000 
-0.031264 0.914640 -0.010965 2.433686 -0.553467 16.126753 9.472814 -0.595346 -14.324638 -6.142977 1.048883 16.124445 2.929957 6.422401 0.431830 0.000000 0.000000 0.000000 -0.685708 3.290642 -34.162110 3.429980 -0.147539 19.777299 76.001213 35.284035 81.885913 0.000000 0.000000 0.000000 8.512739 -2.934184 20.196664 4.467656 -2.172460 2.537665 -8.818360 -13.314528 6.366963 3.559446 -2.457062 -8.955050 0.000000 0.000000 0.000000 -25.415383 -25.762085 19.451650 -27.073277 -37.515790 2.927911 18.407080 -19.058283 -1.953164 0.000000 0.000000 0.000000 20.981887 7.309333 -1.778867 50.378534 2.984050 -2.509356 28.214288 62.564202 15.843472 0.000000 0.000000 0.000000 
-0.031436 0.915559 -0.008364 2.712812 1.529312 15.497845 10.250689 -0.601151 -15.267445 -6.703819 1.157859 18.815255 1.690475 3.751791 0.256363 0.000000 0.000000 0.000000 -0.865649 2.994605 -33.602377 3.373985 -0.238669 20.602518 74.599678 35.469136 80.028999 0.000000 0.000000 0.000000 8.336044 -2.882323 19.532068 4.561377 -2.245836 2.321428 -8.734347 -11.589944 7.265138 3.952619 -2.615492 -8.940363 0.000000 0.000000 0.000000 -26.798580 -26.837705 19.626585 -27.402716 -37.241231 3.014126 17.651011 -20.478906 -2.022550 0.000000 0.000000 0.000000 19.763097 7.290306 -0.672940 50.437971 4.050425 -2.485922 25.903956 64.755422 16.007114 0.000000 0.000000 0.000000 
-0.030363 0.917347 -0.005426 3.153016 3.944582 15.182318 10.421726 -0.683770 -16.527114 -6.562875 0.999813 20.667736 0.311460 1.419317 1.522447 0.000000 0.000000 0.000000 -1.438184 2.607008 -33.496044 3.515773 -0.430858 21.733852 72.557291 35.363633 77.812566 0.000000 0.000000 0.000000 8.566990 -2.875231 18.420380 3.883634 -1.960112 2.239890 -8.548594 -9.819410 7.851350 4.210878 -2.576066 -9.758950 0.000000 0.000000 0.000000 -26.162741 -26.342613 17.819527 -31.294021 -35.806459 3.816103 17.193964 -24.706574 -2.367158 0.000000 0.000000 0.000000 19.500845 6.739658 -0.024833 50.068420 5.334477 -2.250481 21.393160 66.429498 14.625754 0.000000 0.000000 0.000000 
-0.027608 0.919830 -0.002369 3.619419 6.814219 14.553775 10.356655 -0.794814 -16.750324 -6.731652 0.851673 21.479773 0.926233 2.921204 1.875841 0.000000 0.000000 0.000000 -2.117806 2.105432 -32.587107 3.682913 -0.684288 22.265678 70.659992 35.468175 75.423290 0.000000 0.000000 0.000000 8.676627 -2.827815 17.334692 3.645743 -1.811919 1.315154 -8.354050 -7.798107 9.130576 4.536270 -2.547359 -10.337980 0.000000 0.000000 0.000000 -27.964475 -25.733348 16.449536 -32.214018 -32.418477 3.322936 14.159648 -30.101066 -2.226951 0.000000 0.000000 0.000000 18.148036 6.053542 0.756983 50.526515 6.584592 -2.173478 19.505687 67.470162 14.906166 0.000000 0.000000 0.000000 
-0.023662 0.923211 0.000782 3.986011 10.059590 14.142435 10.588679 -0.908689 -17.062214 -6.327423 0.519489 21.245584 2.314399 6.369547 3.199530 0.000000 0.000000 0.000000 -2.648730 1.622188 -31.126760 3.683491 -0.884822 21.614557 69.005890 35.942968 72.842831 0.000000 0.000000 0.000000 8.822314 -2.686611 15.596640 2.821174 -1.447056 1.198694 -7.591422 -6.041226 9.288244 5.208185 -2.707373 -10.751371 0.000000 0.000000 0.000000 -27.029245 -24.145934 13.605666 -36.479260 -28.657544 3.411314 10.577417 -36.049693 -1.711558 0.000000 0.000000 0.000000 17.815726 5.044107 1.141650 49.879399 6.863524 -2.269150 17.261541 68.048984 14.735543 0.000000 0.000000 0.000000 
-0.018550 0.925874 0.003374 4.404878 13.374779 13.543064 10.514691 -1.020512 -16.676013 -6.345053 0.328132 20.306638 3.297374 9.203742 5.456350 0.000000 0.000000 0.000000 -3.378079 1.131406 -29.152937 3.893989 -1.129278 20.564907 67.533425 36.695517 70.145714 0.000000 0.000000 0.000000 8.731861 -2.431757 13.703130 2.212685 -1.156966 0.838734 -6.980372 -4.071486 9.644300 5.258378 -2.384201 -11.290130 0.000000 0.000000 0.000000 -27.183318 -22.986886 11.173402 -38.245790 -24.047129 2.706702 5.898573 -39.954308 -0.565683 0.000000 0.000000 0.000000 17.106881 4.236759 1.679420 50.166305 6.785105 -2.543668 14.957557 68.287922 14.555970 0.000000 0.000000 0.000000 
-0.012362 0.927653 0.005601 4.532915 16.694272 13.112156 10.847868 -1.104324 -16.167009 -6.378822 0.185737 19.033491 2.789330 10.963279 12.449144 0.000000 0.000000 0.000000 -3.878753 0.752832 -27.513500 4.163782 -1.385809 19.746083 65.868113 37.409423 67.320059 0.000000 0.000000 0.000000 8.601201 -2.130878 11.654394 1.440197 -0.863221 1.235333 -6.237402 -2.156965 9.626338 5.885866 -2.629987 -10.631192 0.000000 0.000000 0.000000 -26.574724 -21.551655 8.539438 -40.084612 -19.932563 2.051493 1.813721 -42.883433 0.525050 0.000000 0.000000 0.000000 16.764887 3.322837 2.039169 49.386346 6.631970 -2.753832 13.535041 68.215162 14.747467 0.000000 0.000000 0.000000 
-0.004749 0.928534 0.007190 4.573106 19.995505 12.107790 11.000245 -1.144991 -14.866893 -6.361115 0.090472 17.213087 0.702985 12.561283 27.297017 0.000000 0.000000 0.000000 -4.589810 0.401384 -25.099894 4.882101 -1.758855 18.690420 64.190997 38.210341 64.421286 0.000000 0.000000 0.000000 8.504246 -1.851453 9.879843 0.875856 -0.627040 1.264097 -5.474605 -0.781166 9.893925 6.101783 -2.545597 -10.603688 0.000000 0.000000 0.000000 -26.858194 -20.842196 6.728332 -40.258358 -15.928096 1.190822 -1.681892 -43.702341 1.522659 0.000000 0.000000 0.000000 16.533323 3.122484 2.628262 49.271561 6.105887 -3.110408 11.678004 67.792299 14.319145 0.000000 0.000000 0.000000 
0.004365 0.928993 0.008078 4.277413 23.054893 11.353024 11.634380 -1.182079 -13.564252 -7.320091 0.180696 16.110792 -0.470041 14.504824 45.751645 0.000000 0.000000 0.000000 -4.960206 0.201600 -22.778289 5.464133 -1.991889 17.069354 62.622028 39.150117 61.529052 0.000000 0.000000 0.000000 8.452209 -1.598669 8.209521 0.314703 -0.368999 1.084712 -4.621762 0.608800 10.008020 6.777375 -2.706226 -10.906059 0.000000 0.000000 0.000000 -26.723168 -19.507587 4.559774 -40.968522 -12.415957 0.464829 -5.255413 -44.123706 2.538783 0.000000 0.000000 0.000000 16.303268 1.945542 2.599786 49.453423 5.821913 -3.308514 9.983896 67.111291 13.892578 0.000000 0.000000 0.000000 
0.015185 0.928940 0.007897 3.981292 26.038479 10.461382 11.826058 -1.205719 -11.702096 -9.109749 0.331359 16.221472 1.988068 16.783297 51.857746 0.000000 0.000000 0.000000 -5.315392 0.044651 -20.470237 5.833160 -2.154735 15.735321 61.056245 40.175606 58.550543 0.000000 0.000000 0.000000 8.344542 -1.307015 6.357060 -0.014807 -0.241635 1.123731 -3.948148 1.712611 9.759917 7.325520 -2.665458 -11.736276 0.000000 0.000000 0.000000 -25.749112 -18.025032 2.568695 -42.051453 -9.125181 -0.344221 -8.225679 -44.111979 3.293430 0.000000 0.000000 0.000000 16.410237 0.765222 2.503810 49.822707 5.405982 -3.521535 9.847760 66.527213 14.395531 0.000000 0.000000 0.000000 
0.027465 0.929177 0.006290 3.505508 28.921441 9.468882 11.914515 -1.234989 -9.994472 -10.626652 0.373572 17.212501 4.282699 18.240612 38.063629 0.000000 0.000000 0.000000 -5.487912 -0.037730 -18.011250 6.007836 -2.193683 14.103787 59.343117 41.126188 55.480154 0.000000 0.000000 0.000000 8.248523 -1.006808 4.360882 -0.338490 -0.133807 1.250611 -3.675360 2.585286 9.601134 8.064292 -3.003024 -11.579080 0.000000 0.000000 0.000000 -24.226281 -16.263213 0.759386 -43.417379 -6.316491 -1.214980 -11.535250 -44.336011 4.177391 0.000000 0.000000 0.000000 17.373411 -0.749530 2.273206 49.254313 5.229596 -3.720655 9.713732 66.119382 14.817099 0.000000 0.000000 0.000000 
0.040889 0.929270 0.002978 2.884650 31.233814 8.265755 11.597779 -1.224530 -8.243148 -11.337163 0.289451 18.479582 5.467001 18.244138 26.486313 0.000000 0.000000 0.000000 -5.462660 -0.039453 -15.408874 5.830044 -2.048776 12.267895 57.943496 42.153172 52.707300 0.000000 0.000000 0.000000 7.794142 -0.735946 2.795020 -0.141084 -0.225558 1.127259 -3.441186 3.518546 9.607786 8.503180 -2.972177 -12.102585 0.000000 0.000000 0.000000 -22.580834 -14.595177 -0.695763 -44.908668 -3.516837 -2.285315 -14.323890 -45.608808 4.944874 0.000000 0.000000 0.000000 18.057136 -1.891595 2.182376 49.462466 5.175474 -3.839564 8.212408 66.249724 14.453467 0.000000 0.000000 0.000000 
0.054571 0.929245 -0.002018 2.500619 33.342252 7.632828 11.025887 -1.202439 -6.854831 -11.695505 0.137156 19.774991 5.693138 16.502822 16.161464 0.000000 0.000000 0.000000 -5.598127 -0.101633 -13.783589 5.362527 -1.876574 11.137609 56.541903 43.044177 50.013036 0.000000 0.000000 0.000000 7.752593 -0.596522 1.684476 -0.500235 -0.023944 0.719013 -3.155551 4.021728 9.602364 8.891145 -3.044624 -12.224373 0.000000 0.000000 0.000000 -21.750005 -13.347309 -1.784246 -45.516328 -0.875352 -3.267706 -17.601235 -47.005057 6.089504 0.000000 0.000000 0.000000 18.644076 -3.463688 1.710724 49.382416 5.333762 -3.864535 10.442982 66.673901 16.629537 0.000000 0.000000 0.000000 
0.067672 0.929184 -0.008569 2.132383 35.074678 6.801510 10.435653 -1.161555 -5.784210 -10.852444 -0.062659 19.039371 5.085686 15.234346 14.187144 0.000000 0.000000 0.000000 -5.722456 -0.138568 -11.861045 4.773707 -1.610525 9.643559 55.252715 43.933225 47.491872 0.000000 0.000000 0.000000 7.481848 -0.468689 0.837896 -0.443053 -0.141341 1.229601 -3.128207 4.492829 9.102423 8.986564 -2.993710 -12.195867 0.000000 0.000000 0.000000 -21.737281 -12.240847 -2.836832 -45.303754 1.675662 -4.048520 -20.702195 -48.971053 7.438479 0.000000 0.000000 0.000000 19.323605 -4.364858 1.554266 49.644086 5.448868 -3.875471 9.640145 67.896492 16.930401 0.000000 0.000000 0.000000 
0.079762 0.929591 -0.016283 1.475347 36.707616 6.162352 9.785627 -1.115370 -5.070530 -9.532530 -0.286879 18.147418 4.619898 14.017446 12.228197 0.000000 0.000000 0.000000 -5.810560 -0.197420 -11.046841 4.505712 -1.551069 9.223980 53.869895 44.025316 45.613541 0.000000 0.000000 0.000000 7.560646 -0.421597 0.332296 -0.831162 0.000268 1.312836 -2.840570 4.696385 8.624688 9.093816 -3.098637 -11.763966 0.000000 0.000000 0.000000 -21.980964 -11.583697 -3.600014 -45.108118 3.560909 -4.595849 -23.088516 -50.165212 8.539318 0.000000 0.000000 0.000000 20.315101 -5.279751 1.374404 49.742588 6.029338 -3.765063 10.037691 68.805545 17.877329 0.000000 0.000000 0.000000 
0.090878 0.929688 -0.024883 0.777372 38.224101 5.205687 9.281256 -1.073286 -4.583428 -8.515971 -0.497525 18.034024 4.246213 12.903428 10.585695 0.000000 0.000000 0.000000 -5.903636 -0.253363 -10.017993 4.293799 -1.506002 8.838268 52.578127 44.084976 43.886759 0.000000 0.000000 0.000000 7.471995 -0.373264 0.031000 -0.956317 -0.104037 2.174573 -2.811610 5.033211 7.686293 9.118787 -2.939006 -12.058074 0.000000 0.000000 0.000000 -22.010017 -10.746667 -4.361007 -44.721998 5.023304 -4.966865 -25.420551 -51.181308 9.650140 0.000000 0.000000 0.000000 21.429318 -5.740679 1.476718 49.964220 6.185172 -3.800320 7.672578 70.080174 16.899377 0.000000 0.000000 0.000000 
0.101511 0.929589 -0.034313 0.125415 39.377811 4.334430 8.876166 -1.036127 -4.047831 -7.942387 -0.604673 17.719741 4.048252 11.957876 9.062912 0.000000 0.000000 0.000000 -6.018924 -0.311157 -9.345007 3.943451 -1.440056 8.785191 51.646084 44.158610 42.540743 0.000000 0.000000 0.000000 7.455047 -0.353056 -0.058730 -1.454749 0.076365 2.335011 -2.512417 5.222448 7.395025 8.814865 -2.726192 -11.840184 0.000000 0.000000 0.000000 -22.085421 -10.031075 -4.997120 -44.728860 6.177578 -5.345591 -27.223056 -50.912350 10.307088 0.000000 0.000000 0.000000 22.147934 -6.340122 1.404720 50.246126 6.786137 -3.689372 7.121155 70.270488 16.887783 0.000000 0.000000 0.000000 
0.112004 0.929356 -0.044499 -0.458465 40.267551 3.572718 7.939142 -0.930771 -3.867718 -6.779984 -0.832485 17.927559 4.043281 11.274389 7.658611 0.000000 0.000000 0.000000 -6.360462 -0.406060 -8.846041 3.780041 -1.423175 8.775838 50.998352 44.140705 41.634264 0.000000 0.000000 0.000000 7.401072 -0.337275 -0.079410 -1.832742 0.141589 2.859110 -2.442039 5.773733 6.670804 8.744093 -2.595226 -11.866122 0.000000 0.000000 0.000000 -22.183065 -9.421895 -5.623311 -44.209548 7.075806 -5.489866 -27.925499 -50.067103 10.350606 0.000000 0.000000 0.000000 22.947218 -6.595674 1.588778 50.170012 7.385615 -3.553243 1.996248 69.584414 13.228508 0.000000 0.000000 0.000000 
0.122598 0.928890 -0.055761 -0.664326 41.551788 3.070911 7.239610 -0.862188 -3.622158 -6.486423 -0.918224 17.770266 3.794717 10.135202 6.210043 0.000000 0.000000 0.000000 -7.172728 -0.615598 -8.625909 3.787291 -1.532208 9.322978 50.182009 43.980637 40.555447 0.000000 0.000000 0.000000 7.065375 -0.311238 -0.044219 -2.141956 0.256363 2.827620 -2.057954 5.681344 6.538838 8.233150 -2.176549 -11.922886 0.000000 0.000000 0.000000 -22.325483 -8.695112 -6.250775 -44.245962 7.989565 -5.789215 -27.277693 -47.816844 9.495638 0.000000 0.000000 0.000000 23.169045 -7.106523 1.444257 50.177714 7.996656 -3.388970 -0.361366 68.002801 11.412947 0.000000 0.000000 0.000000 
0.132905 0.928653 -0.068160 -1.030268 42.637425 2.833963 6.396831 -0.786046 -3.959973 -5.931914 -1.065511 17.896635 3.691825 9.239833 4.929857 0.000000 0.000000 0.000000 -7.772354 -0.796333 -8.924929 3.563002 -1.572267 9.916131 49.457122 43.682241 39.701864 0.000000 0.000000 0.000000 7.109887 -0.307785 -0.152693 -2.433066 0.304356 3.106888 -2.022404 6.039000 6.029876 7.944751 -1.833806 -12.164837 0.000000 0.000000 0.000000 -22.469712 -8.435677 -6.750331 -44.027958 8.712625 -5.884881 -25.836110 -45.157253 8.258271 0.000000 0.000000 0.000000 23.194057 -7.253466 1.562348 49.994237 8.362334 -3.251091 -4.458144 66.583051 8.581599 0.000000 0.000000 0.000000 
0.142088 0.928970 -0.081423 -1.125024 43.714027 2.815306 5.368730 -0.698731 -4.262571 -5.409870 -1.174434 17.751428 3.478177 8.246491 3.880851 0.000000 0.000000 0.000000 -8.438230 -1.038644 -9.887224 3.040231 -1.645880 11.493770 48.941161 43.156145 39.269876 0.000000 0.000000 0.000000 6.949389 -0.319801 0.054627 -2.690635 0.446084 2.775155 -1.718543 5.963660 6.214739 7.567036 -1.363142 -12.705214 0.000000 0.000000 0.000000 -22.924588 -8.099853 -7.326339 -43.924066 9.173386 -5.940694 -23.473389 -42.149673 6.808796 0.000000 0.000000 0.000000 23.139221 -7.055138 1.870908 49.621982 9.488947 -2.910321 -8.596547 64.172649 5.700311 0.000000 0.000000 0.000000 
0.149640 0.929346 -0.094275 -1.448363 45.035305 2.912561 4.648349 -0.676303 -5.107314 -4.921529 -1.326802 17.894470 3.182323 7.163541 2.980651 0.000000 0.000000 0.000000 -8.767803 -1.217533 -10.503554 2.510543 -1.592126 11.961484 47.843205 42.542683 38.233860 0.000000 0.000000 0.000000 6.894316 -0.326467 0.045258 -2.729085 0.369685 3.024601 -1.966665 6.314851 5.749429 7.650280 -1.075758 -13.575815 0.000000 0.000000 0.000000 -22.681968 -8.344357 -7.484736 -43.708578 8.354602 -5.483536 -20.831462 -39.213924 5.338899 0.000000 0.000000 0.000000 23.226422 -7.331758 1.974364 49.451407 10.075421 -2.705937 -11.942213 62.897750 3.792055 0.000000 0.000000 0.000000 
0.155792 0.930162 -0.105271 -2.149317 46.312937 2.720468 4.433253 -0.695158 -5.679477 -4.565947 -1.396347 17.662242 2.840930 6.048260 2.253515 0.000000 0.000000 0.000000 -8.246080 -1.213765 -11.386082 1.244417 -1.377343 12.968560 46.653766 41.856774 37.148954 0.000000 0.000000 0.000000 6.720808 -0.305683 -0.138690 -2.799309 0.309122 3.264221 -1.654384 6.247786 5.345684 7.834791 -1.091528 -13.756573 0.000000 0.000000 0.000000 -22.370345 -8.566268 -7.436906 -43.770357 7.745343 -5.230382 -18.106285 -36.920985 4.147811 0.000000 0.000000 0.000000 23.030727 -7.217621 2.132021 49.615640 10.400363 -2.518985 -14.818706 62.092501 2.165707 0.000000 0.000000 0.000000 
0.161370 0.930907 -0.113888 -2.724880 48.319826 2.380196 4.544249 -0.745829 -6.186799 -4.547245 -1.485697 17.700816 2.107185 4.349436 1.721500 0.000000 0.000000 0.000000 -7.788707 -1.204817 -11.360563 0.205420 -1.186741 13.298652 44.725655 41.060669 35.208041 0.000000 0.000000 0.000000 6.110963 -0.241395 -0.461937 -2.427404 0.051963 3.356031 -1.715582 5.834737 5.309539 7.981697 -0.969859 -14.284290 0.000000 0.000000 0.000000 -22.162546 -8.415507 -7.650461 -42.988693 6.686259 -4.682724 -16.611592 -35.022525 3.501000 0.000000 0.000000 0.000000 23.616451 -7.637865 2.164242 49.145530 11.032516 -2.438563 -16.618987 61.292805 1.216443 0.000000 0.000000 0.000000 
0.167173 0.931379 -0.121088 -3.464014 50.250320 1.951973 4.983083 -0.799635 -6.155185 -4.806246 -1.399568 16.896453 1.413919 2.506934 1.067143 0.000000 0.000000 0.000000 -6.859083 -0.998820 -10.475668 -1.274055 -0.660945 12.161951 42.215006 40.473266 32.308221 0.000000 0.000000 0.000000 5.720432 -0.176788 -1.117505 -2.429719 -0.084417 3.645328 -1.380254 5.704354 5.204924 8.029845 -1.134522 -13.562459 0.000000 0.000000 0.000000 -21.244232 -8.310978 -7.554241 -43.425713 5.882895 -4.566758 -15.157849 -33.876767 2.887312 0.000000 0.000000 0.000000 23.671603 -7.736925 2.332699 49.191763 10.858814 -2.544647 -17.808030 61.693879 0.766833 0.000000 0.000000 0.000000 
0.173385 0.931217 -0.128501 -4.147119 51.743329 1.949923 5.047858 -0.866830 -6.993762 -4.834717 -1.472671 16.999619 1.023564 1.275754 0.555093 0.000000 0.000000 0.000000 -6.199771 -0.896778 -10.554828 -2.532020 -0.314134 11.848331 40.432780 39.831771 30.351959 0.000000 0.000000 0.000000 5.439227 -0.127612 -1.962357 -2.322094 -0.205341 3.678984 -1.331823 6.230485 5.099672 8.552630 -1.346530 -13.596527 0.000000 0.000000 0.000000 -21.205508 -8.249215 -7.986928 -42.385083 5.954731 -4.327965 -14.743165 -34.113219 2.719262 0.000000 0.000000 0.000000 24.019297 -8.069830 2.550379 48.514716 11.465974 -2.465313 -20.334153 62.352513 -0.345122 0.000000 0.000000 0.000000 
0.179580 0.930524 -0.137491 -4.548233 53.129484 1.830264 4.866663 -0.885216 -7.368923 -4.968871 -1.499006 16.894977 0.708658 -0.022310 -0.101515 0.000000 0.000000 0.000000 -6.256257 -0.962347 -10.434037 -3.103337 -0.190799 11.716357 39.102921 39.190670 28.983590 0.000000 0.000000 0.000000 5.579149 -0.119992 -2.527140 -2.629149 -0.085363 3.477159 -1.081824 6.701344 5.135570 8.658029 -1.277340 -13.637982 0.000000 0.000000 0.000000 -20.991046 -8.161678 -8.331311 -42.127665 6.329644 -4.382776 -15.501991 -34.792724 2.867537 0.000000 0.000000 0.000000 23.922181 -8.358056 2.669613 47.619541 12.362314 -2.251862 -22.395820 63.399454 -1.162856 0.000000 0.000000 0.000000 
0.185370 0.929528 -0.148139 -4.962925 54.223164 1.720702 4.634418 -0.924568 -8.119688 -5.310222 -1.585025 17.341127 0.555319 -0.939218 -0.650500 0.000000 0.000000 0.000000 -6.593117 -1.137257 -10.976544 -3.389507 -0.244950 12.467724 38.447376 38.565439 28.523402 0.000000 0.000000 0.000000 5.807269 -0.129372 -2.851508 -2.807366 -0.151399 3.871519 -1.303611 7.763789 4.612137 9.083448 -1.350040 -13.891812 0.000000 0.000000 0.000000 -20.940527 -8.414080 -8.654778 -41.504460 6.751455 -4.309093 -16.998763 -36.097924 3.281693 0.000000 0.000000 0.000000 24.094691 -8.230506 3.224118 45.763629 13.769294 -2.004079 -26.084777 63.796992 -3.089106 0.000000 0.000000 0.000000 
0.190309 0.929266 -0.159536 -4.660776 55.208420 1.806576 3.769723 -0.878684 -8.388973 -5.373322 -1.670144 17.603358 0.183648 -1.878282 -0.837284 0.000000 0.000000 0.000000 -7.405093 -1.472608 -11.648483 -3.740557 -0.396522 14.018078 38.334186 37.916742 28.887427 0.000000 0.000000 0.000000 5.972647 -0.155258 -2.571787 -3.265734 0.041441 3.693704 -1.264085 8.236185 4.541459 8.838787 -0.958139 -14.312709 0.000000 0.000000 0.000000 -20.846882 -7.988702 -9.144132 -41.032102 7.771710 -4.535459 -19.725174 -38.661429 4.220778 0.000000 0.000000 0.000000 23.043031 -8.061105 3.290522 44.259690 15.452639 -1.428773 -28.874247 63.036691 -4.375832 0.000000 0.000000 0.000000 
0.194014 0.928769 -0.170225 -4.516007 56.492930 1.837127 3.419616 -0.883896 -8.671756 -5.946664 -1.689380 17.656585 -0.296935 -3.049164 -0.997696 0.000000 0.000000 0.000000 -7.407513 -1.581509 -11.891623 -5.075868 -0.191560 14.781773 37.421052 37.238598 28.024250 0.000000 0.000000 0.000000 6.097751 -0.175371 -2.484914 -3.404276 0.089417 3.467906 -1.655796 8.454834 4.479261 8.519403 -0.685181 -14.238926 0.000000 0.000000 0.000000 -21.002690 -7.575716 -9.759461 -40.448344 8.601604 -4.659511 -23.144439 -41.436861 5.590985 0.000000 0.000000 0.000000 22.653639 -8.092797 3.393844 42.136823 16.328993 -1.307434 -32.927010 62.806751 -6.532877 0.000000 0.000000 0.000000 
0.196231 0.929033 -0.179030 -4.495366 57.748172 1.605802 2.911701 -0.847943 -8.645626 -5.800438 -1.739396 17.523415 -0.845794 -4.256891 -1.055299 0.000000 0.000000 0.000000 -7.366635 -1.686010 -12.169222 -6.120923 -0.137784 15.900062 36.730645 36.412426 27.802071 0.000000 0.000000 0.000000 6.026510 -0.182761 -2.266738 -3.420779 -0.005371 3.644660 -2.036885 8.706787 4.034406 8.780373 -0.831575 -14.101216 0.000000 0.000000 0.000000 -20.655030 -6.989210 -10.130152 -40.379028 9.288202 -4.893633 -26.929804 -45.211242 7.375332 0.000000 0.000000 0.000000 22.172234 -8.530967 3.101252 40.459109 17.250346 -1.081101 -36.620622 62.857712 -8.405481 0.000000 0.000000 0.000000 
0.196536 0.929504 -0.185473 -4.414636 59.218579 1.399592 2.731670 -0.857115 -8.822130 -5.957784 -1.827419 17.709337 -1.568498 -5.468160 -0.818861 0.000000 0.000000 0.000000 -6.953336 -1.599727 -11.645912 -7.404714 0.136559 15.796442 35.244571 35.570162 26.453799 0.000000 0.000000 0.000000 5.903592 -0.188150 -2.050564 -3.345846 -0.001320 3.218302 -2.246795 8.612103 4.166133 9.056692 -0.923122 -14.099413 0.000000 0.000000 0.000000 -20.709607 -6.827006 -10.546598 -40.189848 9.726581 -4.967905 -31.330662 -48.327777 9.640724 0.000000 0.000000 0.000000 21.725503 -8.833527 2.936724 39.293082 17.424702 -1.084575 -39.624355 63.698873 -10.078099 0.000000 0.000000 0.000000 
0.194742 0.930163 -0.189448 -4.607238 60.608988 1.139655 2.754188 -0.856410 -8.754361 -5.756297 -1.803741 17.128812 -2.197767 -6.785302 -0.789060 0.000000 0.000000 0.000000 -6.172319 -1.405842 -11.213066 -1.839316 -2.262831 18.200700 10.638239 17.174103 11.561362 0.000000 0.000000 0.000000 5.684507 -0.173525 -2.180433 -3.489890 -0.049762 3.347655 -2.549627 8.502888 4.138346 9.603099 -1.338744 -13.759536 0.000000 0.000000 0.000000 -20.047191 -6.289788 -10.613558 -39.851903 9.764997 -5.019474 -36.690717 -50.574122 12.372028 0.000000 0.000000 0.000000 21.342414 -9.230803 2.662797 38.996822 17.387198 -1.052111 -41.345465 65.339547 -11.216594 0.000000 0.000000 0.000000 
0.190997 0.930181 -0.191494 -4.373895 61.613327 1.633844 2.913266 -0.911203 -9.119006 -6.004605 -1.735895 16.538103 -2.604523 -7.662749 -0.749768 0.000000 0.000000 0.000000 -5.449020 -1.116256 -9.802543 -0.312805 -2.622836 16.856990 4.347076 8.275240 5.543456 0.000000 0.000000 0.000000 5.341227 -0.143938 -2.919865 -3.396318 -0.070148 3.038187 -2.493705 8.250787 4.560557 9.493620 -1.070272 -14.140895 0.000000 0.000000 0.000000 -19.452239 -5.326607 -10.877784 -39.896548 9.244208 -4.991565 -42.276752 -52.320724 15.298384 0.000000 0.000000 0.000000 20.807094 -9.601538 2.360104 39.418211 17.375741 -0.941574 -39.549982 67.972574 -10.375689 0.000000 0.000000 0.000000 
0.185723 0.929767 -0.192057 -4.285706 62.365732 1.974826 3.135352 -0.945612 -9.241362 -6.000534 -1.614220 15.585527 -2.759380 -8.461064 -1.026853 0.000000 0.000000 0.000000 -4.391579 -0.811685 -9.095674 -1.497208 -1.753095 14.818523 3.516269 6.662846 4.549211 0.000000 0.000000 0.000000 4.945013 -0.125787 -3.235560 -3.373870 -0.114237 3.002107 -2.428716 8.117174 4.339682 9.551052 -1.291507 -13.571287 0.000000 0.000000 0.000000 -19.210604 -4.924013 -11.010037 -39.219226 9.299173 -4.905268 -47.698098 -53.632645 18.427581 0.000000 0.000000 0.000000 20.610102 -9.904920 2.154267 40.345779 17.153425 -0.843139 -35.621366 72.398107 -8.363220 0.000000 0.000000 0.000000 
0.178821 0.929377 -0.191535 -3.655341 62.836383 2.663745 3.169003 -1.006343 -9.756734 -6.102219 -1.616659 15.478512 -2.865220 -8.769245 -1.037707 0.000000 0.000000 0.000000 -3.249818 -0.493898 -8.123365 -3.200036 -0.731597 12.364660 2.804717 5.133086 3.546561 0.000000 0.000000 0.000000 4.662873 -0.117988 -3.559267 -3.578165 -0.023109 2.818533 -2.209450 7.961363 4.555262 9.349092 -0.928249 -14.148438 0.000000 0.000000 0.000000 -19.110329 -4.366001 -11.260473 -38.476741 8.178563 -4.425130 -53.474539 -55.081444 22.085813 0.000000 0.000000 0.000000 20.779843 -9.875210 2.304406 40.973262 17.239669 -0.793064 -27.709403 76.328163 -2.943342 0.000000 0.000000 0.000000 
0.170501 0.928935 -0.189882 -3.678409 62.805660 2.697830 3.384052 -1.036570 -9.869094 -5.764838 -1.535096 14.864077 -2.618494 -8.850222 -1.418537 0.000000 0.000000 0.000000 -2.358020 -0.278418 -7.611146 -3.973794 -0.224070 10.610417 2.564483 4.525131 2.934034 0.000000 0.000000 0.000000 4.695139 -0.120606 -3.453979 -3.887696 0.086006 2.841173 -2.087888 8.395823 4.203497 9.376142 -0.945569 -14.081542 0.000000 0.000000 0.000000 -18.913230 -4.542090 -11.164539 -37.662458 7.255370 -3.969640 -60.515924 -56.809646 26.918208 0.000000 0.000000 0.000000 21.072683 -9.665349 2.667612 42.373997 17.480880 -0.569042 -15.690393 80.265779 6.974784 0.000000 0.000000 0.000000 
0.160962 0.928345 -0.187299 -3.237876 63.262699 3.435251 3.573431 -1.132505 -10.550186 -5.565332 -1.504241 14.480102 -2.616407 -9.176497 -1.565350 0.000000 0.000000 0.000000 -1.688223 -0.132797 -6.788587 -4.544403 0.267126 7.796939 2.136282 3.476461 2.363163 0.000000 0.000000 0.000000 4.731281 -0.133229 -4.253085 -4.172220 0.014590 3.386634 -2.154851 8.932322 3.775128 9.301632 -0.777210 -14.347604 0.000000 0.000000 0.000000 -18.431499 -4.726674 -10.931796 -36.607713 4.830212 -3.053905 -68.761057 -59.100859 33.312693 0.000000 0.000000 0.000000 21.774805 -9.681559 3.056105 42.903650 17.879573 -0.496114 1.269545 83.810915 22.836357 0.000000 0.000000 0.000000 
0.150801 0.927895 -0.183953 -3.149222 63.594795 3.547258 3.942444 -1.193993 -10.798302 -5.267902 -1.444747 13.938233 -2.586412 -9.470444 -1.747995 0.000000 0.000000 0.000000 -1.179050 -0.043607 -6.246743 -4.532683 0.426602 5.998327 1.934110 2.910683 1.996022 0.000000 0.000000 0.000000 4.791289 -0.139140 -4.228250 -4.320888 0.034163 3.444911 -2.319777 9.220629 3.201072 9.159895 -0.743026 -14.140042 0.000000 0.000000 0.000000 -18.090344 -5.074935 -10.689372 -34.803181 2.320248 -2.046082 -77.038866 -61.340676 40.706623 0.000000 0.000000 0.000000 21.821519 -9.570804 3.245915 43.632023 18.196994 -0.224986 43.505998 86.068142 64.148128 0.000000 0.000000 0.000000 
0.140423 0.927556 -0.180195 -2.421143 64.285131 3.803406 4.098499 -1.222510 -10.895690 -5.091368 -1.458608 13.841446 -2.882254 -10.001813 -1.630465 0.000000 0.000000 0.000000 -1.052479 -0.056306 -5.022375 -4.302853 0.511857 3.896817 1.666473 2.142564 1.694719 0.000000 0.000000 0.000000 4.846290 -0.146308 -4.411782 -4.558805 -0.117859 4.188414 -2.469817 9.409444 2.748477 8.880278 -0.670495 -13.834742 0.000000 0.000000 0.000000 -17.503071 -5.566696 -10.188830 -33.456266 -1.300221 -0.931143 -80.914801 -65.335056 47.054086 0.000000 0.000000 0.000000 22.141146 -9.472278 3.505293 43.818540 19.036938 0.042140 96.823499 85.641981 117.408436 0.000000 0.000000 0.000000 
0.130151 0.927200 -0.176368 -2.211191 65.064694 3.648768 4.447436 -1.249731 -10.834067 -4.757894 -1.414691 13.351195 -3.181382 -10.701372 -1.610577 0.000000 0.000000 0.000000 -1.008340 -0.079348 -4.572716 -3.486405 0.369737 3.096306 1.482783 1.547800 1.378655 0.000000 0.000000 0.000000 4.937118 -0.149815 -4.341666 -4.367436 -0.243650 4.249222 -2.778879 9.507213 2.335485 8.486129 -0.685937 -13.054013 0.000000 0.000000 0.000000 -16.957841 -6.347320 -9.671029 -31.481174 -4.661069 0.055530 -80.160762 -70.032594 50.801878 0.000000 0.000000 0.000000 21.703884 -9.185417 3.660391 44.076620 19.612058 0.435021 120.712167 84.126946 141.831761 0.000000 0.000000 0.000000 
0.120089 0.927000 -0.172888 -1.487236 65.647522 3.856779 4.549434 -1.285154 -11.021619 -4.559409 -1.463752 13.505213 -3.521407 -11.076734 -1.334011 0.000000 0.000000 0.000000 -1.261551 -0.169083 -3.852884 -2.641419 0.232548 1.935027 1.387050 1.174436 1.209155 0.000000 0.000000 0.000000 5.485143 -0.179058 -4.435400 -4.723345 -0.164694 4.316821 -3.157010 10.078846 2.350507 8.003860 -0.167351 -13.482325 0.000000 0.000000 0.000000 -16.080233 -7.477543 -8.963626 -29.952924 -8.906536 1.048518 -63.756065 -76.403649 42.111079 0.000000 0.000000 0.000000 21.638928 -8.937434 4.071687 43.606237 21.562557 1.058977 137.593328 83.276869 160.531879 0.000000 0.000000 0.000000 
0.110117 0.926571 -0.169814 -1.154905 66.239324 3.654744 4.932808 -1.324479 -11.012965 -4.576741 -1.462867 13.396490 -3.833691 -11.488905 -1.132725 0.000000 0.000000 0.000000 -1.199872 -0.192294 -3.527257 -2.086065 0.114404 1.579064 1.289383 0.742421 0.896449 0.000000 0.000000 0.000000 5.850751 -0.195101 -4.198053 -4.519655 -0.085153 3.680630 -3.497388 10.677456 2.766344 7.973741 0.039713 -13.713058 0.000000 0.000000 0.000000 -15.257628 -8.998562 -8.284103 -28.552508 -13.233322 1.911526 -18.924085 -78.905591 5.937191 0.000000 0.000000 0.000000 21.007501 -8.014414 4.860846 43.511441 23.686127 1.946627 156.235031 83.899268 -177.870995 0.000000 0.000000 0.000000 
0.100506 0.926451 -0.167106 -0.496042 67.086921 3.907175 5.177420 -1.392733 -11.330447 -4.638849 -1.500774 13.477515 -4.385766 -11.990837 -0.636435 0.000000 0.000000 0.000000 -1.329690 -0.250683 -3.210746 -1.451979 -0.017881 0.994450 1.080848 0.130157 0.807123 0.000000 0.000000 0.000000 6.240923 -0.224588 -3.998539 -4.428865 -0.087962 3.408971 -3.969552 10.937609 2.888720 7.584434 0.612905 -14.492034 0.000000 0.000000 0.000000 -14.374378 -10.425070 -7.457290 -26.911803 -18.321191 2.620764 17.489803 -72.323898 -21.663169 0.000000 0.000000 0.000000 20.818060 -7.544908 5.385502 42.884211 26.646571 2.979109 174.664829 84.175853 -156.961000 0.000000 0.000000 0.000000 
0.091520 0.925973 -0.164694 0.004475 68.088635 3.944153 5.632750 -1.486145 -11.645684 -5.021064 -1.557091 13.678725 -4.943475 -12.545332 -0.163556 0.000000 0.000000 0.000000 -1.378013 -0.291657 -3.164434 -0.873664 -0.182166 1.132761 0.872660 -0.633517 0.449657 0.000000 0.000000 0.000000 6.407187 -0.242676 -3.650210 -4.163042 -0.134373 3.034771 -4.129665 10.891505 2.908428 7.685955 0.663895 -14.632084 0.000000 0.000000 0.000000 -13.535011 -11.772780 -6.661206 -24.925104 -22.766574 2.942417 29.433631 -64.658677 -26.993030 0.000000 0.000000 0.000000 20.152325 -6.405835 6.137467 42.674023 29.151411 4.089024 -158.984331 84.255756 -128.018811 0.000000 0.000000 0.000000 
0.084066 0.926076 -0.162603 0.471567 69.081121 3.986283 5.969302 -1.546660 -11.752549 -5.244673 -1.572560 13.585524 -5.647956 -13.141184 0.457831 0.000000 0.000000 0.000000 -1.489992 -0.342165 -3.148577 -0.261099 -0.374473 1.387747 0.643537 -1.331601 0.344808 0.000000 0.000000 0.000000 6.172747 -0.232691 -3.264041 -3.473212 -0.225396 2.310588 -4.517729 10.658684 3.097379 7.623510 1.135001 -15.732317 0.000000 0.000000 0.000000 -11.949946 -12.720525 -5.514871 -23.160799 -27.457231 2.889680 35.147344 -57.997798 -27.709102 0.000000 0.000000 0.000000 19.085298 -5.595778 6.395206 42.585158 31.074014 5.194548 -133.541046 83.675285 -100.418977 0.000000 0.000000 0.000000 
0.078801 0.926263 -0.160734 0.823384 69.666843 4.122713 6.192848 -1.608442 -12.003787 -5.376047 -1.609807 13.698261 -6.112755 -13.390222 0.958261 0.000000 0.000000 0.000000 -1.459694 -0.355326 -3.125303 -0.005973 -0.451370 1.350438 0.472636 -1.778854 0.374003 0.000000 0.000000 0.000000 6.272803 -0.242962 -3.229742 -3.426478 -0.150645 1.872060 -4.472680 10.763305 3.002101 7.846983 1.164391 -16.042848 0.000000 0.000000 0.000000 -10.596941 -13.425218 -4.589237 -20.628004 -31.432457 2.384109 38.094955 -54.361138 -27.730193 0.000000 0.000000 0.000000 17.638663 -4.642105 6.475678 43.023791 32.243452 6.366216 -117.885820 81.924634 -82.538997 0.000000 0.000000 0.000000 
0.076050 0.926336 -0.159034 1.454229 70.478630 4.608012 6.291024 -1.631055 -11.974767 -5.519387 -1.591126 13.360682 -6.684789 -13.950910 1.404704 0.000000 0.000000 0.000000 -1.470757 -0.386529 -3.001394 0.065907 -0.484589 1.290375 0.237919 -2.481850 0.297141 0.000000 0.000000 0.000000 5.806207 -0.218711 -3.105626 -2.711183 -0.128482 0.721870 -4.700331 10.638890 3.183024 7.515386 1.636666 -16.717550 0.000000 0.000000 0.000000 -9.516771 -14.186322 -3.876087 -18.829540 -34.333378 1.795606 41.111108 -53.032476 -29.013371 0.000000 0.000000 0.000000 17.039345 -4.268144 6.670388 42.380629 33.074321 6.691423 -109.937096 80.556045 -72.978685 0.000000 0.000000 0.000000 
0.075581 0.926700 -0.157468 1.781499 71.323748 4.716378 6.391462 -1.620484 -11.643726 -5.551072 -1.557908 12.918272 -7.284988 -14.628078 1.795002 0.000000 0.000000 0.000000 -1.173796 -0.367823 -2.675937 -0.291393 -0.407760 1.302614 -0.066949 -3.333397 0.312409 0.000000 0.000000 0.000000 5.402003 -0.195321 -3.424056 -2.337274 -0.183991 0.296546 -4.670962 10.452996 3.193910 7.461961 1.584569 -16.340723 0.000000 0.000000 0.000000 -8.266134 -14.682712 -3.047832 -17.247502 -36.878348 1.060984 44.298874 -51.921664 -30.533610 0.000000 0.000000 0.000000 16.368660 -3.669753 6.844694 41.882863 33.251406 6.853810 -105.607606 78.911361 -67.128774 0.000000 0.000000 0.000000 
0.076576 0.926786 -0.156098 2.439892 72.072749 5.144589 6.385212 -1.552922 -10.899000 -5.632982 -1.446321 11.932483 -7.869508 -15.384796 2.075573 0.000000 0.000000 0.000000 -1.229030 -0.412784 -2.374515 -0.308580 -0.434284 1.498399 -0.251011 -3.997088 0.137230 0.000000 0.000000 0.000000 4.836866 -0.164494 -3.384788 -1.796845 -0.200269 -0.421070 -4.957802 10.339341 3.127354 7.081510 1.920522 -16.665901 0.000000 0.000000 0.000000 -7.160827 -14.946352 -2.444725 -16.147746 -39.541269 0.344057 46.396554 -51.136108 -31.594780 0.000000 0.000000 0.000000 15.721909 -3.590041 6.713950 41.617225 33.622408 7.155426 -102.549711 77.424481 -62.433104 0.000000 0.000000 0.000000 
0.078252 0.926912 -0.155228 2.655992 72.613027 5.313655 6.497133 -1.517861 -10.207380 -5.752817 -1.335479 10.849349 -8.300402 -15.932789 2.278449 0.000000 0.000000 0.000000 -0.989159 -0.385114 -2.280263 -0.689680 -0.364104 1.754944 -0.435960 -4.599950 0.041505 0.000000 0.000000 0.000000 4.447089 -0.152457 -3.672383 -1.504233 -0.172019 -0.984181 -4.939242 10.203195 3.280118 6.602238 2.188839 -16.622532 0.000000 0.000000 0.000000 -6.114323 -15.481662 -1.744009 -14.995103 -41.530530 -0.467304 47.187272 -50.227492 -31.721624 0.000000 0.000000 0.000000 15.084063 -2.972100 6.909110 40.871908 33.751712 7.158170 -102.805000 75.578042 -60.681841 0.000000 0.000000 0.000000 
0.079940 0.926953 -0.154868 3.066024 73.048146 5.560202 6.719344 -1.511713 -9.642835 -6.307464 -1.299755 10.183459 -8.696450 -16.214512 2.577521 0.000000 0.000000 0.000000 -0.928656 -0.393274 -2.156807 -0.944757 -0.337797 2.139024 -0.545291 -5.054052 -0.126305 0.000000 0.000000 0.000000 4.328870 -0.146669 -3.619153 -1.283936 -0.080569 -1.644808 -5.375982 10.075061 3.414837 6.274627 2.556195 -17.220044 0.000000 0.000000 0.000000 -5.415935 -15.824949 -1.318717 -14.133934 -43.077885 -1.138389 46.673398 -49.741577 -31.218068 0.000000 0.000000 0.000000 14.256995 -3.067532 6.503005 41.022117 33.870190 7.557397 -104.145272 73.622308 -59.333654 0.000000 0.000000 0.000000 
0.081609 0.926806 -0.155020 3.135153 73.295586 5.774425 6.811398 -1.502172 -9.181070 -6.478603 -1.228600 9.194895 -8.889780 -16.473943 2.647787 0.000000 0.000000 0.000000 -0.874008 -0.381950 -2.220065 -1.084970 -0.310553 2.207410 -0.628566 -5.334382 -0.196207 0.000000 0.000000 0.000000 4.409648 -0.156641 -3.760983 -1.370439 -0.100196 -1.511172 -5.589170 10.300735 3.107453 6.028029 2.728091 -17.395613 0.000000 0.000000 0.000000 -5.046272 -16.331147 -1.003093 -13.587466 -43.775533 -1.527338 45.893221 -49.782100 -30.789227 0.000000 0.000000 0.000000 13.842806 -2.987418 6.410706 40.174350 34.134738 7.544392 -103.283772 71.973831 -56.671138 0.000000 0.000000 0.000000 
0.083241 0.926710 -0.155340 3.528254 73.634337 6.351315 6.816414 -1.485838 -8.746040 -6.670254 -1.174762 8.109542 -9.201296 -16.760977 2.851708 0.000000 0.000000 0.000000 -0.880803 -0.387387 -2.223793 -1.278519 -0.253739 2.074101 -0.760273 -5.713763 -0.211408 0.000000 0.000000 0.000000 4.234264 -0.157258 -3.959924 -1.313572 -0.143659 -1.472844 -5.754449 10.196288 3.120365 5.677903 2.874922 -17.336863 0.000000 0.000000 0.000000 -5.300526 -16.842668 -1.049920 -13.205956 -43.303644 -1.523152 45.806327 -51.165192 -31.498891 0.000000 0.000000 0.000000 13.400498 -3.411079 5.907432 40.292536 33.210136 7.347011 -105.152358 70.902058 -56.782099 0.000000 0.000000 0.000000 
0.084940 0.926893 -0.155897 3.890605 73.814557 6.834744 6.741117 -1.456836 -8.362146 -6.778268 -1.141874 7.284954 -9.469579 -16.907337 3.077727 0.000000 0.000000 0.000000 -1.137029 -0.440718 -2.193467 -1.088328 -0.298702 1.968318 -0.815468 -5.795206 -0.116189 0.000000 0.000000 0.000000 4.184425 -0.168364 -4.300750 -1.367157 -0.260923 -1.022565 -5.860467 10.145835 3.074056 5.427233 2.975802 -17.316640 0.000000 0.000000 0.000000 -5.527357 -16.797226 -1.181812 -13.571672 -42.514105 -1.208368 46.895541 -53.068571 -33.374716 0.000000 0.000000 0.000000 13.134118 -3.956416 5.381195 40.394614 32.256002 7.045135 -103.225655 70.254515 -54.105795 0.000000 0.000000 0.000000 
0.086467 0.927073 -0.156651 3.984137 73.803514 7.132040 6.919131 -1.466880 -7.876856 -7.248996 -1.139147 6.148101 -9.692572 -16.750154 3.398284 0.000000 0.000000 0.000000 -1.278682 -0.469271 -2.104150 -1.022191 -0.277915 1.531930 -0.865719 -5.753792 0.101435 0.000000 0.000000 0.000000 4.327084 -0.184490 -4.599069 -1.577530 -0.181543 -1.054753 -5.879080 9.861661 3.601391 5.232059 3.170172 -17.615387 0.000000 0.000000 0.000000 -6.071746 -16.649057 -1.531608 -13.107168 -41.635172 -1.124658 47.717114 -54.636512 -34.664818 0.000000 0.000000 0.000000 12.859098 -4.418053 4.878474 40.477701 30.935119 6.560694 -102.101523 69.697184 -52.279595 0.000000 0.000000 0.000000 
0.087588 0.927162 -0.157656 4.072050 73.668132 7.394307 6.784296 -1.435420 -7.710610 -7.219359 -1.119391 5.642311 -9.700930 -16.680239 3.434000 0.000000 0.000000 0.000000 -1.546711 -0.514060 -2.200985 -0.792660 -0.327687 1.412690 -0.820188 -5.538139 0.201773 0.000000 0.000000 0.000000 4.422517 -0.193277 -4.655160 -1.619192 -0.148101 -1.125404 -5.820759 9.306509 4.096678 5.325933 3.160535 -17.722813 0.000000 0.000000 0.000000 -6.434378 -16.449426 -1.718875 -12.450787 -40.512609 -1.098640 49.333772 -55.813592 -36.306336 0.000000 0.000000 0.000000 12.819361 -5.376391 4.118748 41.056804 29.914669 6.259953 -102.078096 69.962156 -52.082640 0.000000 0.000000 0.000000 
0.088360 0.927087 -0.158882 3.553514 73.394436 7.109378 6.810644 -1.430202 -7.542415 -7.182889 -1.092009 5.062996 -9.543820 -16.509737 3.316863 0.000000 0.000000 0.000000 -1.674636 -0.524074 -2.293170 -0.528863 -0.369071 1.128231 -0.754247 -5.204329 0.365238 0.000000 0.000000 0.000000 4.750168 -0.209679 -4.790197 -1.655927 -0.131709 -1.091563 -5.772835 8.519969 4.380096 5.330454 3.262820 -18.175955 0.000000 0.000000 0.000000 -6.657856 -16.227403 -1.755250 -11.122690 -40.047198 -1.401374 50.553869 -55.782454 -36.770000 0.000000 0.000000 0.000000 12.657743 -5.826688 3.569068 41.311334 29.245587 6.035169 -101.469210 69.918627 -51.369353 0.000000 0.000000 0.000000 
0.088928 0.927155 -0.160048 3.120656 73.037268 6.740932 6.652242 -1.378498 -7.046229 -6.856750 -1.029736 4.244253 -9.426828 -16.385579 3.196685 0.000000 0.000000 0.000000 -1.777578 -0.540742 -2.218834 -0.363679 -0.385055 0.829233 -0.658902 -4.808595 0.557152 0.000000 0.000000 0.000000 4.779876 -0.206154 -4.712106 -1.460051 -0.224110 -0.939358 -5.705712 7.834934 4.586002 5.218559 3.350690 -18.424219 0.000000 0.000000 0.000000 -6.452881 -16.626319 -1.349647 -8.604662 -39.646087 -2.175607 51.775338 -53.980712 -36.088357 0.000000 0.000000 0.000000 12.466544 -6.232407 3.052398 41.984966 28.507962 5.925920 -102.454179 70.362875 -52.571761 0.000000 0.000000 0.000000 
0.089618 0.926945 -0.160984 2.641232 72.707703 6.328281 6.574164 -1.344888 -6.507656 -6.614634 -0.985574 3.360914 -9.271776 -16.261799 3.024078 0.000000 0.000000 0.000000 -1.777280 -0.544329 -1.965386 -0.309105 -0.354348 0.235008 -0.581828 -4.497737 0.720412 0.000000 0.000000 0.000000 4.782345 -0.206304 -4.831679 -1.409856 -0.247980 -0.863639 -5.405196 7.000885 4.826402 5.133684 3.501458 -18.982475 0.000000 0.000000 0.000000 -5.740075 -16.584059 -0.774419 -6.222916 -39.944579 -3.134852 52.761185 -51.593314 -35.002329 0.000000 0.000000 0.000000 12.201491 -6.368492 2.668081 42.563620 27.733710 5.761871 -101.451096 71.641333 -53.203500 0.000000 0.000000 0.000000 
0.090475 0.926827 -0.161684 2.010216 72.254374 5.623982 6.791485 -1.363801 -5.816573 -6.824323 -0.997546 2.532162 -9.094851 -15.877313 2.953953 0.000000 0.000000 0.000000 -1.563165 -0.517773 -1.530552 -0.550971 -0.250725 -0.400088 -0.497399 -4.155896 0.919407 0.000000 0.000000 0.000000 4.698291 -0.199550 -4.994054 -1.205822 -0.380598 -0.549855 -5.177506 6.179832 4.773617 5.039049 3.488026 -19.026975 0.000000 0.000000 0.000000 -5.392694 -16.729587 -0.322663 -3.196384 -40.079060 -4.224788 52.600459 -48.618322 -32.513803 0.000000 0.000000 0.000000 12.312963 -6.128652 2.670131 43.106439 26.803484 5.432627 -98.965678 73.878304 -54.003857 0.000000 0.000000 0.000000 
0.091346 0.926665 -0.162356 1.570741 71.477542 5.273798 6.673822 -1.323584 -5.361918 -6.583804 -0.951572 1.904894 -8.688989 -15.413882 2.660361 0.000000 0.000000 0.000000 -1.605587 -0.517242 -1.358311 -0.511834 -0.225286 -0.971618 -0.273512 -3.440131 1.087309 0.000000 0.000000 0.000000 4.735817 -0.194836 -5.025754 -1.213822 -0.353289 -0.525025 -4.763055 5.530226 4.734941 4.789501 3.633255 -19.422429 0.000000 0.000000 0.000000 -4.391079 -16.614492 0.381505 -0.557125 -40.260911 -5.330219 52.955671 -45.141057 -30.392366 0.000000 0.000000 0.000000 12.330638 -6.074665 2.529273 43.555453 26.091384 5.161139 -94.785903 77.165921 -54.161363 0.000000 0.000000 0.000000 
0.091830 0.926454 -0.163181 1.401994 71.146501 5.111599 6.667663 -1.315481 -4.914851 -6.630036 -0.962816 1.232929 -8.572715 -15.158092 2.620070 0.000000 0.000000 0.000000 -1.491632 -0.483385 -1.410368 -0.805393 -0.150614 -0.931144 -0.188627 -3.247917 1.017501 0.000000 0.000000 0.000000 4.590604 -0.182397 -4.995530 -0.906454 -0.430481 -0.572859 -4.443290 4.678362 4.811114 4.070180 4.019844 -19.864002 0.000000 0.000000 0.000000 -4.123119 -16.870228 0.740854 1.397827 -40.665786 -6.171576 51.979024 -41.604020 -27.361305 0.000000 0.000000 0.000000 11.910015 -5.319425 2.672571 44.194129 25.418604 5.084986 -92.149409 80.254261 -55.422617 0.000000 0.000000 0.000000 
0.091700 0.926700 -0.164361 1.408626 70.368362 5.290609 6.398196 -1.252762 -4.621868 -6.400762 -0.933720 0.534729 -8.350548 -14.585253 2.640755 0.000000 0.000000 0.000000 -1.697846 -0.481612 -1.651058 -0.754864 -0.145303 -1.105096 0.023216 -2.520590 1.224462 0.000000 0.000000 0.000000 4.709135 -0.179809 -4.908773 -0.937571 -0.415009 -0.485610 -4.269429 4.416753 4.179220 3.645230 4.148010 -19.994674 0.000000 0.000000 0.000000 -3.382228 -16.875524 1.250599 1.835418 -41.338263 -6.573938 50.175819 -38.041826 -24.356959 0.000000 0.000000 0.000000 11.277990 -4.615233 2.727555 44.691727 25.089482 5.194120 -93.166921 82.424197 -58.851585 0.000000 0.000000 0.000000 
0.091087 0.926765 -0.165609 1.466735 69.946277 5.564991 6.228898 -1.213919 -4.640315 -6.313674 -0.925940 0.132522 -8.236260 -14.245553 2.693753 0.000000 0.000000 0.000000 -1.894189 -0.476619 -2.115229 -0.656750 -0.167182 -0.932144 0.149766 -2.122055 1.269982 0.000000 0.000000 0.000000 4.755053 -0.176885 -4.741615 -0.893052 -0.374175 -0.641985 -4.330074 4.269317 3.865397 3.616328 4.165478 -20.264863 0.000000 0.000000 0.000000 -3.508136 -17.651851 1.456047 1.981844 -42.292294 -6.875728 47.969461 -34.997365 -21.432293 0.000000 0.000000 0.000000 10.816695 -3.714495 3.047508 45.032794 25.790161 5.691679 -95.134323 83.215589 -61.807793 0.000000 0.000000 0.000000 
0.090406 0.927122 -0.166765 1.056721 69.410371 5.229017 6.348859 -1.226135 -4.335675 -6.432668 -0.950879 -0.493373 -8.131384 -13.699123 2.858477 0.000000 0.000000 0.000000 -1.924705 -0.446574 -2.475538 -0.546726 -0.194416 -0.645871 0.297843 -1.600046 1.443736 0.000000 0.000000 0.000000 5.095502 -0.178364 -4.323025 -1.126221 -0.258343 -0.670758 -4.308273 4.015899 3.058673 3.384591 4.085506 -19.805837 0.000000 0.000000 0.000000 -4.457368 -18.536010 1.375384 0.638470 -42.407908 -6.149450 45.647518 -33.517134 -19.360261 0.000000 0.000000 0.000000 10.348527 -2.625425 3.390759 44.678014 26.356460 5.985188 -100.639410 82.856270 -67.279794 0.000000 0.000000 0.000000 
0.090066 0.927300 -0.167517 0.637376 68.900385 5.117296 6.387310 -1.224546 -4.319943 -6.340235 -0.949350 -1.001335 -7.943710 -13.244495 2.891744 0.000000 0.000000 0.000000 -1.812682 -0.391140 -2.837745 -0.625346 -0.164405 -0.761281 0.397098 -1.174891 1.680209 0.000000 0.000000 0.000000 5.359063 -0.191838 -4.470731 -1.302868 -0.211322 -0.541659 -4.307423 3.615348 2.605384 3.076929 4.103442 -19.635481 0.000000 0.000000 0.000000 -5.438851 -18.724288 1.098689 -0.593662 -42.385880 -5.427838 42.946236 -32.639881 -17.511977 0.000000 0.000000 0.000000 9.817522 -1.795382 3.541365 44.472825 27.597188 6.608375 -104.535764 81.492239 -69.944607 0.000000 0.000000 0.000000 
0.090300 0.927274 -0.167885 0.332564 68.472137 4.957495 6.530032 -1.244750 -3.967922 -6.480291 -1.000484 -1.751741 -7.826944 -12.792796 2.995130 0.000000 0.000000 0.000000 -1.743699 -0.352932 -3.111922 -0.666193 -0.153523 -0.611754 0.521862 -0.823372 1.694523 0.000000 0.000000 0.000000 5.806513 -0.212019 -4.428130 -1.748919 -0.059471 -0.444291 -4.326944 3.311088 2.241515 3.057676 3.945069 -19.121671 0.000000 0.000000 0.000000 -6.300254 -19.448878 1.055699 -2.494561 -41.587163 -4.331390 41.559795 -32.128955 -16.615258 0.000000 0.000000 0.000000 9.343296 -1.221312 3.578184 44.333776 27.791635 6.784807 -115.118904 80.175823 -79.050141 0.000000 0.000000 0.000000 
0.091009 0.927148 -0.167987 0.201426 68.369122 5.038919 6.465991 -1.234562 -3.572859 -6.304921 -1.044778 -2.749394 -7.897361 -12.641593 3.158691 0.000000 0.000000 0.000000 -1.608431 -0.314321 -3.247624 -0.873659 -0.098662 -0.724766 0.511519 -0.808695 1.711037 0.000000 0.000000 0.000000 5.910261 -0.220487 -4.672103 -1.883994 -0.033692 -0.342810 -4.431208 2.907247 1.995558 2.919621 3.913264 -18.926739 0.000000 0.000000 0.000000 -7.479544 -19.563001 0.645100 -4.309334 -40.698945 -3.266196 40.901427 -32.883887 -16.584930 0.000000 0.000000 0.000000 9.079055 -1.304399 3.339674 44.202081 27.828180 6.825909 -124.423557 79.317589 -87.473882 0.000000 0.000000 0.000000 
0.092051 0.926886 -0.168210 -0.162587 68.379579 4.849776 6.632236 -1.271569 -3.410335 -6.395041 -1.101189 -3.232222 -7.871456 -12.567053 3.166017 0.000000 0.000000 0.000000 -1.622396 -0.312053 -3.318840 -0.651576 -0.148667 -0.781579 0.521270 -0.773627 1.714289 0.000000 0.000000 0.000000 5.965160 -0.229072 -5.036010 -1.948208 -0.117807 0.061491 -4.558988 2.700703 1.619958 3.030606 3.718014 -18.455895 0.000000 0.000000 0.000000 -8.211813 -19.390131 0.334531 -6.378746 -39.869251 -2.246118 41.618523 -33.867128 -17.381251 0.000000 0.000000 0.000000 9.449106 -1.269171 3.450319 43.482283 27.736689 6.486651 -127.429215 78.207054 -89.497689 0.000000 0.000000 0.000000 
0.093243 0.926616 -0.168623 -0.098725 68.346095 5.096192 6.559343 -1.256558 -3.368820 -6.406507 -1.130567 -3.549507 -7.852011 -12.534524 3.159615 0.000000 0.000000 0.000000 -1.859129 -0.346035 -3.505631 -0.379052 -0.214024 -0.702762 0.571554 -0.682213 1.624199 0.000000 0.000000 0.000000 6.028442 -0.241873 -5.422948 -2.265314 -0.108016 0.448827 -4.503038 2.817339 1.507303 3.316621 3.490578 -18.108542 0.000000 0.000000 0.000000 -9.399004 -19.475940 -0.157348 -8.570746 -38.573455 -1.159952 44.646194 -35.821395 -19.707826 0.000000 0.000000 0.000000 9.927153 -1.803507 3.316490 43.082950 27.230172 6.003669 -133.370670 77.640548 -94.934257 0.000000 0.000000 0.000000 
0.094471 0.926150 -0.169332 -0.684264 68.658693 4.860976 6.863132 -1.322753 -3.503341 -6.597007 -1.210973 -3.907096 -7.877534 -12.653370 3.135737 0.000000 0.000000 0.000000 -1.671910 -0.300852 -3.886388 -0.370530 -0.228283 -0.440487 0.455572 -0.995419 1.509188 0.000000 0.000000 0.000000 6.153038 -0.264885 -5.869566 -2.182003 -0.287470 0.955542 -4.712028 2.742306 1.440038 3.951017 3.094819 -17.771013 0.000000 0.000000 0.000000 -10.790408 -18.760096 -1.013991 -11.124741 -37.134182 -0.010734 49.139000 -39.782211 -23.956902 0.000000 0.000000 0.000000 10.756894 -2.136217 3.425612 42.152102 26.843273 5.379893 -133.288665 77.487329 -94.777093 0.000000 0.000000 0.000000 
0.095723 0.925770 -0.170127 -0.594339 68.658853 4.992490 6.931320 -1.341227 -3.373056 -6.927270 -1.295770 -4.139628 -7.856376 -12.575463 3.148863 0.000000 0.000000 0.000000 -1.935922 -0.354560 -3.825239 -0.106863 -0.289174 -0.533890 0.507681 -0.924820 1.423693 0.000000 0.000000 0.000000 6.256893 -0.271862 -5.877806 -2.562970 -0.265238 1.369163 -4.546347 3.134585 1.569552 4.414457 2.904338 -17.852469 0.000000 0.000000 0.000000 -12.344647 -18.068508 -2.046928 -14.978585 -34.967856 1.417196 57.215048 -44.642260 -31.508982 0.000000 0.000000 0.000000 11.896066 -2.727996 3.544784 41.817878 26.906743 5.062125 -126.843389 77.380267 -87.873566 0.000000 0.000000 0.000000 
0.096777 0.925666 -0.170938 -0.947239 68.727457 4.844060 7.061042 -1.372886 -3.333096 -7.019569 -1.361886 -4.508616 -7.876790 -12.526008 3.208067 0.000000 0.000000 0.000000 -1.813188 -0.327012 -4.004689 -0.200298 -0.269951 -0.470008 0.456797 -1.018525 1.460819 0.000000 0.000000 0.000000 6.548279 -0.301728 -6.277415 -2.674475 -0.364858 1.865377 -4.526351 3.810710 1.853738 5.601068 2.352887 -17.852371 0.000000 0.000000 0.000000 -14.288348 -17.109931 -3.470636 -18.346989 -31.821711 2.504716 65.885164 -51.562469 -41.862926 0.000000 0.000000 0.000000 13.240347 -3.342887 3.774230 40.570937 26.947350 4.444368 -115.063177 78.291828 -77.133585 0.000000 0.000000 0.000000 
0.097698 0.925411 -0.171812 -0.897420 68.957314 4.757154 7.057086 -1.377445 -3.216060 -7.171177 -1.392942 -4.456720 -7.938941 -12.722954 3.155753 0.000000 0.000000 0.000000 -1.881582 -0.357649 -3.772330 -0.217457 -0.269936 -0.497310 0.407375 -1.217606 1.370215 0.000000 0.000000 0.000000 6.856557 -0.322638 -6.353868 -2.887515 -0.510951 2.626281 -4.582459 4.681675 1.762533 6.541816 1.986942 -18.123060 0.000000 0.000000 0.000000 -15.512719 -16.213168 -4.644746 -22.494247 -28.722857 3.421828 76.943845 -58.818584 -56.571187 0.000000 0.000000 0.000000 14.536366 -4.255450 3.840832 40.151092 26.945463 4.037660 -98.664722 78.309361 -61.360142 0.000000 0.000000 0.000000 
0.098189 0.924974 -0.172761 -1.523350 69.257680 4.199033 7.206132 -1.415573 -3.305483 -7.091438 -1.390460 -4.412958 -7.885448 -13.006692 2.917182 0.000000 0.000000 0.000000 -1.776566 -0.340444 -3.971676 -0.051107 -0.334070 -0.091291 0.343846 -1.458446 1.219845 0.000000 0.000000 0.000000 7.174581 -0.350961 -6.613420 -2.993309 -0.604229 3.040596 -4.515581 5.274520 2.173128 7.684662 1.474335 -18.167907 0.000000 0.000000 0.000000 -16.894807 -15.724766 -5.778396 -25.089127 -25.926096 3.816089 90.322501 -65.084285 -74.343855 0.000000 0.000000 0.000000 15.420396 -4.876073 3.910556 39.857587 26.744320 3.661899 -91.431774 78.080064 -54.383072 0.000000 0.000000 0.000000 
0.098346 0.924855 -0.173613 -1.559028 69.958418 4.069698 6.976262 -1.376330 -3.468336 -6.699865 -1.318919 -4.132796 -8.133333 -13.726655 2.811179 0.000000 0.000000 0.000000 -1.817824 -0.371994 -3.983707 0.040906 -0.390207 0.281770 0.153366 -2.034048 1.096328 0.000000 0.000000 0.000000 7.463623 -0.381034 -6.710760 -2.772533 -0.785188 3.258628 -4.886241 5.453559 2.685264 8.068844 1.525205 -18.837246 0.000000 0.000000 0.000000 -17.774177 -15.341397 -6.620682 -26.948558 -24.313434 4.025022 103.188789 -70.290708 -92.568036 0.000000 0.000000 0.000000 16.411071 -5.595308 3.953761 39.726721 26.219338 3.191880 -89.658129 78.224191 -52.715379 0.000000 0.000000 0.000000 
0.098181 0.924988 -0.174347 -1.736448 70.577452 3.832334 6.930347 -1.374112 -3.621760 -6.522202 -1.293900 -3.940687 -8.410858 -14.248828 2.868949 0.000000 0.000000 0.000000 -2.157735 -0.464684 -4.035365 0.770832 -0.618833 0.623505 0.038840 -2.311303 1.162243 0.000000 0.000000 0.000000 7.627508 -0.405831 -6.840397 -2.806801 -0.702856 2.904765 -5.022409 5.578240 3.510702 8.624155 1.399712 -19.116697 0.000000 0.000000 0.000000 -18.153441 -15.819844 -6.861497 -27.957555 -24.013554 4.188239 113.356729 -74.054633 -107.582856 0.000000 0.000000 0.000000 17.601715 -6.498350 3.969491 39.438578 25.536425 2.574739 -96.212634 78.488460 -58.606573 0.000000 0.000000 0.000000 
0.097637 0.925425 -0.174760 -1.606918 71.593245 3.762851 6.920762 -1.386529 -3.837897 -6.535420 -1.296206 -3.552702 -8.984150 -14.985651 3.186973 0.000000 0.000000 0.000000 -2.174400 -0.504565 -3.983244 0.827742 -0.691623 1.079294 -0.278717 -3.124571 1.199487 0.000000 0.000000 0.000000 7.600580 -0.417355 -6.840905 -2.192885 -0.836185 2.423337 -5.597444 5.411053 4.423045 8.914035 1.454457 -19.529375 0.000000 0.000000 0.000000 -18.216600 -16.507586 -6.890010 -28.173202 -24.545231 4.319975 112.723284 -76.456547 -109.523400 0.000000 0.000000 0.000000 18.507709 -7.668570 3.688379 39.261223 24.536292 1.954558 -109.991898 79.003520 -71.618563 0.000000 0.000000 0.000000 
0.096970 0.926213 -0.174748 -1.536858 72.500372 3.482291 6.734992 -1.363833 -3.836150 -6.158697 -1.228576 -3.199425 -9.574635 -15.743667 3.494350 0.000000 0.000000 0.000000 -2.404346 -0.595611 -3.658921 1.339676 -0.885391 1.322585 -0.527535 -3.652674 1.459569 0.000000 0.000000 0.000000 7.425450 -0.416353 -6.954334 -1.837379 -1.072830 2.618995 -5.603930 4.814576 4.729658 8.673215 1.578485 -19.460938 0.000000 0.000000 0.000000 -18.355497 -17.080043 -6.719398 -27.323591 -25.231489 4.306761 102.955656 -77.138095 -99.625573 0.000000 0.000000 0.000000 18.587713 -8.437889 3.130830 39.722536 22.877144 1.453767 -126.254011 78.299529 -86.677191 0.000000 0.000000 0.000000 
0.096189 0.926688 -0.174416 -1.605447 73.182267 3.178502 6.791205 -1.388612 -3.776772 -6.104318 -1.235042 -3.116156 -10.036389 -16.185246 3.817901 0.000000 0.000000 0.000000 -2.466087 -0.641518 -3.392652 1.647456 -1.005046 1.396053 -0.728471 -4.087610 1.641582 0.000000 0.000000 0.000000 7.038837 -0.402209 -7.044599 -1.268696 -1.222411 2.296812 -5.663639 4.092312 5.074232 8.364420 1.663714 -19.171476 0.000000 0.000000 0.000000 -17.831480 -17.550051 -6.171220 -25.836402 -26.221220 4.082158 83.605073 -75.448449 -78.357656 0.000000 0.000000 0.000000 18.563612 -9.050405 2.628384 39.656309 21.540680 1.003365 -138.667430 77.522891 -98.878489 0.000000 0.000000 0.000000 
0.095410 0.927139 -0.173989 -1.625173 73.838798 3.074437 6.735711 -1.391912 -3.779046 -5.863575 -1.229667 -3.209707 -10.505370 -16.621429 4.161977 0.000000 0.000000 0.000000 -2.222768 -0.614369 -3.301600 1.400910 -0.958674 1.468533 -1.001655 -4.715592 1.781997 0.000000 0.000000 0.000000 6.965063 -0.408921 -7.060008 -0.895052 -1.314407 2.029882 -6.008762 3.651911 5.227454 8.033559 1.970122 -19.569934 0.000000 0.000000 0.000000 -17.093176 -18.189980 -5.588276 -23.715872 -27.336131 3.722935 66.739197 -69.973193 -57.830923 0.000000 0.000000 0.000000 18.018769 -9.762707 1.914705 40.056333 20.716014 0.975008 -142.000719 75.970340 -100.312575 0.000000 0.000000 0.000000 
0.094693 0.927301 -0.173589 -1.909661 73.694301 2.632352 6.773854 -1.405886 -3.454193 -5.712384 -1.222833 -3.480710 -10.494533 -16.492455 4.192602 0.000000 0.000000 0.000000 -2.125190 -0.593911 -3.229834 1.427089 -0.975217 1.571046 -0.949393 -4.573688 1.817865 0.000000 0.000000 0.000000 6.944003 -0.392688 -6.906971 -0.939138 -1.202386 1.769878 -5.861796 3.338470 5.166221 7.700526 2.077466 -19.387005 0.000000 0.000000 0.000000 -16.326743 -18.356907 -5.013423 -20.776407 -28.012462 3.076650 56.541588 -63.093240 -43.847154 0.000000 0.000000 0.000000 17.278119 -9.913620 1.438664 40.093090 20.282112 1.033144 -141.601566 74.764881 -98.423508 0.000000 0.000000 0.000000 
0.094025 0.927386 -0.173424 -1.842105 73.786244 2.698387 6.860222 -1.435816 -3.205143 -5.841775 -1.308579 -4.040041 -10.701623 -16.348269 4.513737 0.000000 0.000000 0.000000 -2.139123 -0.596427 -3.423573 1.460500 -1.021330 1.870383 -0.960656 -4.625879 1.772155 0.000000 0.000000 0.000000 6.942856 -0.384451 -6.638096 -0.577648 -1.151671 1.157411 -6.269407 3.357920 4.802510 7.151836 2.416717 -19.561080 0.000000 0.000000 0.000000 -15.185887 -18.595511 -4.400440 -17.781711 -28.818035 2.348808 50.176983 -55.453390 -34.093759 0.000000 0.000000 0.000000 16.767932 -10.232398 1.083005 39.651883 20.505663 1.164228 -135.714362 73.850417 -90.393059 0.000000 0.000000 0.000000 
0.093405 0.927416 -0.173157 -1.827513 73.677158 2.738068 6.940816 -1.459130 -2.976063 -5.933367 -1.375946 -4.539542 -10.767319 -16.097126 4.720022 0.000000 0.000000 0.000000 -2.059419 -0.570798 -3.451794 1.354340 -0.973282 1.779788 -0.955703 -4.584037 1.790860 0.000000 0.000000 0.000000 6.654927 -0.368825 -6.760176 -0.648971 -1.032540 0.884553 -5.989017 2.986342 4.734975 6.556421 2.596639 -19.206186 0.000000 0.000000 0.000000 -14.027023 -18.263025 -3.797066 -14.109949 -29.960330 1.348407 45.312857 -47.401680 -26.120168 0.000000 0.000000 0.000000 15.366640 -9.792613 0.788275 39.599500 20.995103 1.629033 -126.278557 72.540826 -78.687307 0.000000 0.000000 0.000000 
0.092677 0.927148 -0.172815 -1.779182 73.332433 2.840423 6.744241 -1.411735 -2.783443 -5.554368 -1.334684 -4.948821 -10.609030 -15.930598 4.604187 0.000000 0.000000 0.000000 -2.103324 -0.560999 -3.630129 1.422558 -0.988400 1.846024 -0.818054 -4.291747 1.653014 0.000000 0.000000 0.000000 6.386830 -0.328026 -6.329657 -0.716919 -0.894803 0.569614 -5.729486 3.135434 4.271089 5.789911 2.940336 -19.141352 0.000000 0.000000 0.000000 -12.640980 -18.215489 -3.065127 -10.781526 -31.476188 0.314409 42.345621 -40.382036 -20.851163 0.000000 0.000000 0.000000 14.885481 -9.726445 0.671359 39.307241 22.100813 2.039401 -120.929194 71.978739 -72.430245 0.000000 0.000000 0.000000 
0.091806 0.926854 -0.172247 -1.760392 73.091901 3.075489 6.662685 -1.388321 -2.837853 -5.318048 -1.325224 -5.281211 -10.481401 -15.760902 4.548662 0.000000 0.000000 0.000000 -1.845852 -0.484440 -4.019163 1.025643 -0.874366 1.983206 -0.781873 -4.267049 1.471859 0.000000 0.000000 0.000000 6.105229 -0.312108 -6.324116 -0.965198 -0.751019 0.414969 -5.359037 3.024613 4.141876 5.479283 3.046576 -19.023250 0.000000 0.000000 0.000000 -11.251287 -17.858742 -2.418360 -6.908584 -33.066853 -1.027462 39.878303 -34.401292 -16.799178 0.000000 0.000000 0.000000 14.057548 -9.639590 0.388674 39.329800 22.822698 2.480937 -117.811821 71.183418 -68.316600 0.000000 0.000000 0.000000 
0.090874 0.926471 -0.171560 -1.406973 73.222254 3.440818 6.557485 -1.364392 -2.865321 -5.205082 -1.322732 -5.404204 -10.545646 -15.887325 4.559465 0.000000 0.000000 0.000000 -1.737305 -0.460603 -4.147059 0.764511 -0.812561 2.113992 -0.810409 -4.505009 1.207871 0.000000 0.000000 0.000000 5.615218 -0.277086 -5.961934 -0.940869 -0.619553 -0.102693 -5.273584 2.992759 4.319422 5.629681 3.020204 -19.139245 0.000000 0.000000 0.000000 -10.400136 -18.051077 -1.955293 -4.354044 -34.557269 -2.059158 39.290715 -31.330739 -15.151369 0.000000 0.000000 0.000000 14.324095 -10.059523 0.247837 38.796181 23.231966 2.478139 -117.179472 70.678028 -67.164297 0.000000 0.000000 0.000000 
0.089741 0.926628 -0.171019 -1.160543 73.358198 3.828864 6.461341 -1.343635 -2.949012 -5.041372 -1.337623 -5.707918 -10.753985 -15.891310 4.827484 0.000000 0.000000 0.000000 -1.681980 -0.448122 -4.266410 0.660217 -0.765518 1.940071 -0.902911 -4.665200 1.286946 0.000000 0.000000 0.000000 5.359192 -0.277921 -6.094977 -1.041776 -0.643830 0.058480 -5.388051 3.070768 4.165966 5.835788 2.895073 -19.044796 0.000000 0.000000 0.000000 -9.353629 -17.975191 -1.480248 -3.129824 -36.402308 -2.842879 39.588842 -30.490085 -15.001988 0.000000 0.000000 0.000000 14.457684 -10.279103 0.192551 39.328119 23.203399 2.548559 -119.754682 70.338765 -69.005195 0.000000 0.000000 0.000000 
0.088327 0.926558 -0.170786 -0.914076 74.105290 4.001188 6.632012 -1.392907 -3.086470 -5.339191 -1.430662 -5.730691 -11.211071 -16.241751 5.204280 0.000000 0.000000 0.000000 -1.412860 -0.411648 -4.261377 0.242360 -0.676673 2.073062 -1.182678 -5.463651 1.204619 0.000000 0.000000 0.000000 5.039997 -0.275539 -6.137482 -0.840565 -0.787003 0.185173 -5.691701 2.664777 4.228251 6.293804 2.569799 -18.663543 0.000000 0.000000 0.000000 -9.168994 -17.858197 -1.449772 -3.731888 -38.579983 -3.023075 41.080639 -32.193967 -16.392463 0.000000 0.000000 0.000000 14.512712 -10.005423 0.420982 40.260902 22.859386 2.608724 -122.275722 69.855940 -70.782292 0.000000 0.000000 0.000000 
0.086277 0.926761 -0.171140 -0.427256 74.674524 4.449016 6.504211 -1.375225 -3.155183 -5.281281 -1.484755 -5.992157 -11.714552 -16.489928 5.688227 0.000000 0.000000 0.000000 -1.591063 -0.468107 -4.306238 0.425535 -0.744006 2.074499 -1.363307 -5.866558 1.299069 0.000000 0.000000 0.000000 4.850069 -0.267807 -5.930004 -0.646177 -0.861874 0.101123 -6.133860 2.792821 4.069892 6.787132 2.208114 -18.156099 0.000000 0.000000 0.000000 -8.739521 -18.638577 -1.101295 -5.941843 -40.663185 -2.694762 43.269588 -35.772900 -19.334871 0.000000 0.000000 0.000000 15.142652 -10.417382 0.506960 41.580832 23.210959 2.903681 -127.604325 69.600062 -75.302237 0.000000 0.000000 0.000000 
0.083543 0.926955 -0.172023 -0.596742 74.873425 4.389772 6.544105 -1.377946 -3.667359 -5.254159 -1.456304 -5.689022 -11.834831 -16.594362 5.812632 0.000000 0.000000 0.000000 -1.640658 -0.476254 -4.944402 0.602632 -0.871364 2.719966 -1.425823 -5.917327 1.358556 0.000000 0.000000 0.000000 4.976063 -0.272752 -5.899704 -0.808028 -1.011846 0.744974 -6.265678 2.863327 3.884523 7.078218 1.875277 -17.579694 0.000000 0.000000 0.000000 -8.776345 -18.578526 -1.135820 -8.920368 -42.788683 -1.965460 46.308354 -40.722142 -23.569900 0.000000 0.000000 0.000000 14.773334 -10.033572 0.625834 43.867085 23.650755 3.749222 -133.091459 68.727193 -79.652035 0.000000 0.000000 0.000000 
0.080566 0.926724 -0.173159 -0.430163 75.174947 4.589900 6.293725 -1.322318 -4.160213 -4.908254 -1.365065 -5.344417 -11.952079 -16.977902 5.779190 0.000000 0.000000 0.000000 -1.676044 -0.496901 -5.327279 0.586643 -0.911784 3.024776 -1.509099 -6.155621 1.287174 0.000000 0.000000 0.000000 5.132064 -0.263678 -5.450240 -0.821224 -1.086209 0.943239 -6.666587 3.133116 3.842022 7.479264 1.762702 -17.851861 0.000000 0.000000 0.000000 -9.821070 -19.343043 -1.553898 -13.028642 -43.181400 -0.367795 50.831689 -47.202793 -30.048441 0.000000 0.000000 0.000000 15.245862 -9.658081 1.162859 45.458149 24.318791 4.344460 -138.319231 67.487390 -83.542422 0.000000 0.000000 0.000000 
0.078143 0.926445 -0.174096 -0.034979 75.560851 4.985690 6.320213 -1.333611 -4.210297 -5.138420 -1.475863 -5.723670 -12.291861 -17.019101 6.177645 0.000000 0.000000 0.000000 -1.729196 -0.523632 -5.510123 0.517987 -0.912224 3.109685 -1.625860 -6.503451 1.208419 0.000000 0.000000 0.000000 5.422977 -0.280131 -5.384361 -1.085254 -1.156992 1.406562 -6.998170 3.361706 3.847368 7.952940 1.420647 -17.510215 0.000000 0.000000 0.000000 -11.169402 -20.041038 -2.085614 -16.682176 -41.886851 1.264428 55.347183 -53.201053 -36.933670 0.000000 0.000000 0.000000 15.455966 -9.595369 1.330296 46.386622 24.833774 4.816669 -142.249371 66.959086 -87.239426 0.000000 0.000000 0.000000 
0.076730 0.926091 -0.174597 0.322337 75.976509 5.397759 6.277866 -1.330581 -4.208967 -5.196864 -1.567414 -6.167129 -12.613347 -17.152023 6.498717 0.000000 0.000000 0.000000 -2.026177 -0.608180 -5.436828 0.944511 -1.013374 2.767560 -1.712747 -6.747191 1.193769 0.000000 0.000000 0.000000 5.625740 -0.298117 -5.445512 -1.231222 -1.315465 1.992081 -7.311753 3.650924 3.630531 8.084399 1.323869 -17.428878 0.000000 0.000000 0.000000 -12.875181 -19.794270 -3.139128 -19.673000 -39.679027 2.670461 60.306112 -59.990450 -45.230285 0.000000 0.000000 0.000000 15.759512 -9.486552 1.560925 46.738579 24.372694 4.693191 -145.801561 66.636338 -91.166293 0.000000 0.000000 0.000000 
0.076063 0.925711 -0.174669 0.593684 76.108888 5.707429 6.279249 -1.334532 -4.089916 -5.287349 -1.660334 -6.599659 -12.740547 -17.104585 6.671716 0.000000 0.000000 0.000000 -2.150329 -0.642185 -4.947441 1.109723 -0.950295 1.735515 -1.771848 -6.884851 1.285006 0.000000 0.000000 0.000000 6.006738 -0.332098 -5.625654 -1.690437 -1.231713 2.218224 -7.460404 4.386774 3.829010 8.441848 1.026799 -16.938651 0.000000 0.000000 0.000000 -14.068215 -19.827308 -3.993993 -22.027899 -36.839503 3.567365 67.103979 -65.261479 -55.037482 0.000000 0.000000 0.000000 15.823393 -9.799832 1.488702 46.887705 23.938676 4.584452 -147.817071 67.329612 -94.133981 0.000000 0.000000 0.000000 
0.075649 0.925435 -0.174512 0.851711 76.537500 5.908250 6.354009 -1.362195 -3.823012 -5.447310 -1.802606 -7.160599 -13.079508 -17.168107 7.026545 0.000000 0.000000 0.000000 -2.174715 -0.660404 -4.541020 1.166998 -0.919243 1.153895 -1.915497 -7.284767 1.320529 0.000000 0.000000 0.000000 6.216863 -0.354467 -5.795500 -2.033661 -1.199636 2.435922 -7.432830 4.608886 4.238544 8.256741 1.301979 -17.355686 0.000000 0.000000 0.000000 -15.134546 -19.075031 -4.972762 -23.906928 -34.349046 4.129177 73.327186 -69.062158 -63.666817 0.000000 0.000000 0.000000 15.492501 -9.809289 1.387277 46.722402 23.267244 4.367669 -146.199386 67.871171 -92.763397 0.000000 0.000000 0.000000 
0.075000 0.925321 -0.174179 1.540500 76.931567 6.472000 6.191730 -1.346741 -3.436998 -5.349454 -1.922093 -7.827995 -13.494681 -17.238998 7.456244 0.000000 0.000000 0.000000 -2.248223 -0.700880 -3.983111 1.150486 -0.856294 0.377803 -2.052564 -7.654548 1.417778 0.000000 0.000000 0.000000 6.272043 -0.371174 -5.912151 -2.091290 -1.254481 2.570661 -7.836511 5.169166 4.385448 8.300146 1.373503 -17.496968 0.000000 0.000000 0.000000 -15.397098 -18.852346 -5.471903 -24.626678 -32.599162 4.252934 75.536511 -69.834951 -66.578990 0.000000 0.000000 0.000000 15.667597 -9.988557 1.476765 45.955032 22.900248 4.004230 -144.799091 68.820768 -92.137140 0.000000 0.000000 0.000000 
0.073979 0.925204 -0.173877 2.090018 77.142789 6.973541 6.186578 -1.356663 -3.302950 -5.473821 -2.030179 -8.185018 -13.734950 -17.177112 7.769853 0.000000 0.000000 0.000000 -2.144145 -0.683144 -3.778753 0.847557 -0.741672 0.008137 -2.162490 -7.967742 1.429731 0.000000 0.000000 0.000000 6.267898 -0.373555 -5.938375 -2.210355 -1.298890 2.797946 -7.988847 5.607526 4.228334 8.078137 1.605167 -17.777384 0.000000 0.000000 0.000000 -15.555104 -18.598335 -5.847902 -25.518711 -32.089703 4.473480 74.573410 -69.035966 -65.208312 0.000000 0.000000 0.000000 15.286302 -9.777605 1.570495 45.927955 22.868001 4.077785 -142.678966 69.763456 -90.551932 0.000000 0.000000 0.000000 
0.072553 0.924966 -0.173672 2.884330 77.753426 7.581525 6.048414 -1.345016 -3.119664 -5.405972 -2.112495 -8.523296 -14.204608 -17.469366 8.153958 0.000000 0.000000 0.000000 -2.074762 -0.693096 -3.367113 0.614619 -0.655549 -0.421635 -2.374245 -8.608007 1.424254 0.000000 0.000000 0.000000 6.195831 -0.372155 -5.887360 -2.195131 -1.289376 2.644762 -8.235846 5.645502 4.561031 8.109747 1.774107 -18.230379 0.000000 0.000000 0.000000 -15.865255 -19.531309 -5.861146 -25.553965 -31.991571 4.564699 70.520985 -67.258411 -60.141344 0.000000 0.000000 0.000000 15.645216 -9.474811 2.040342 44.910757 23.443724 3.929194 -138.727713 70.821595 -87.544137 0.000000 0.000000 0.000000 
0.070715 0.925162 -0.173609 2.906244 77.966408 7.616370 6.089021 -1.357814 -3.170123 -5.379193 -2.164459 -8.739720 -14.444993 -17.428353 8.469785 0.000000 0.000000 0.000000 -2.022405 -0.687707 -3.430029 0.629357 -0.658618 -0.506158 -2.487058 -8.768351 1.584398 0.000000 0.000000 0.000000 6.208198 -0.374171 -5.813925 -2.239221 -1.377545 2.894168 -8.404941 5.915279 4.208062 8.165968 1.884980 -18.663646 0.000000 0.000000 0.000000 -15.997037 -20.302865 -5.767010 -25.381189 -33.263974 4.703382 63.661821 -64.916320 -52.413866 0.000000 0.000000 0.000000 15.661093 -8.830554 2.597362 44.810140 24.070485 4.099895 -136.897636 71.909825 -86.875349 0.000000 0.000000 0.000000 
0.068651 0.925182 -0.173653 3.190189 78.228405 7.946122 6.023270 -1.342218 -3.383260 -5.278417 -2.168454 -8.780687 -14.676182 -17.534649 8.701634 0.000000 0.000000 0.000000 -1.890466 -0.659770 -3.589463 0.402101 -0.597716 -0.509447 -2.630669 -9.074789 1.646734 0.000000 0.000000 0.000000 6.105656 -0.368492 -5.778707 -2.230260 -1.306568 2.635886 -8.212131 5.741069 4.567283 8.136336 2.048973 -19.068417 0.000000 0.000000 0.000000 -15.895874 -21.232686 -5.383362 -25.190908 -34.734669 4.732083 59.700026 -63.523936 -48.151177 0.000000 0.000000 0.000000 15.571432 -7.565119 3.505289 44.963890 24.811704 4.375969 -135.432997 72.248293 -85.944380 0.000000 0.000000 0.000000 
0.066740 0.925417 -0.173683 2.897277 78.601914 7.744522 6.108737 -1.359522 -3.768939 -5.206852 -2.141329 -8.588998 -14.906117 -17.733373 8.894657 0.000000 0.000000 0.000000 -1.691831 -0.622274 -3.671273 0.314311 -0.567963 -0.683291 -2.849447 -9.403589 1.923962 0.000000 0.000000 0.000000 5.985818 -0.362762 -5.670169 -2.028830 -1.356693 2.487508 -8.141561 5.604147 4.432884 8.144894 2.058427 -19.064164 0.000000 0.000000 0.000000 -15.685023 -22.501996 -4.791428 -23.997835 -35.697562 4.453562 56.147074 -63.653103 -45.376482 0.000000 0.000000 0.000000 15.857128 -6.756019 4.265182 44.501922 25.746784 4.499263 -135.162610 72.441179 -86.159042 0.000000 0.000000 0.000000 
0.065427 0.925705 -0.173635 2.596400 78.874089 7.708720 6.130405 -1.361808 -4.134538 -5.029058 -2.133007 -8.675120 -15.131073 -17.809800 9.153020 0.000000 0.000000 0.000000 -1.680003 -0.620332 -3.969313 0.524780 -0.626373 -0.761527 -3.009542 -9.534295 2.198036 0.000000 0.000000 0.000000 5.924994 -0.366675 -5.683763 -1.993782 -1.403883 2.524580 -8.008414 5.531226 4.143900 8.235787 2.020593 -19.127789 0.000000 0.000000 0.000000 -15.165097 -22.675273 -4.357131 -23.120784 -36.922313 4.145128 55.335323 -65.098755 -45.683471 0.000000 0.000000 0.000000 16.119268 -6.055475 4.895036 43.963026 26.139128 4.399372 -136.489406 72.025437 -87.421572 0.000000 0.000000 0.000000 
0.064914 0.926038 -0.173611 2.391128 78.974503 7.497262 6.053147 -1.341517 -4.415224 -4.807971 -2.003375 -8.228117 -15.164346 -18.057714 9.075601 0.000000 0.000000 0.000000 -1.662746 -0.623401 -3.796916 0.617092 -0.632630 -1.101058 -3.102583 -9.546873 2.480795 0.000000 0.000000 0.000000 5.893008 -0.355765 -5.465571 -1.958975 -1.332862 2.260309 -7.664448 5.540694 4.284833 8.225504 1.911333 -18.654186 0.000000 0.000000 0.000000 -14.666788 -23.042039 -3.945234 -22.101211 -37.028447 3.733427 59.208210 -67.486619 -50.616462 0.000000 0.000000 0.000000 16.262777 -5.832310 5.143858 43.292833 26.226015 4.204646 -137.478659 71.248780 -87.745788 0.000000 0.000000 0.000000 
0.065173 0.926454 -0.173626 1.410727 79.032490 6.459022 6.291720 -1.392282 -4.438807 -4.870568 -1.976676 -8.019236 -15.150972 -18.081936 9.048443 0.000000 0.000000 0.000000 -1.846028 -0.672296 -3.695624 1.315113 -0.837539 -1.089034 -3.084831 -9.305160 2.724353 0.000000 0.000000 0.000000 5.990001 -0.353463 -5.346479 -1.899823 -1.468905 2.596608 -7.444508 5.577682 3.769312 8.426083 1.652387 -18.198447 0.000000 0.000000 0.000000 -14.942648 -22.717805 -4.145267 -22.118883 -36.338741 3.798373 64.478677 -71.204368 -57.958600 0.000000 0.000000 0.000000 16.358867 -5.763470 5.185517 42.751042 26.149971 3.990464 -138.682275 71.350349 -89.388567 0.000000 0.000000 0.000000 
0.066030 0.926592 -0.173456 1.488695 78.979358 6.419778 6.130641 -1.360296 -4.155781 -4.629498 -1.942235 -8.166938 -15.173776 -18.127039 9.024318 0.000000 0.000000 0.000000 -2.116795 -0.739138 -3.445085 1.757046 -0.959009 -1.211372 -3.002191 -9.082028 2.770753 0.000000 0.000000 0.000000 6.055316 -0.355869 -5.384197 -1.888423 -1.531836 2.790674 -7.146173 5.648523 3.634240 8.276496 1.603014 -17.796690 0.000000 0.000000 0.000000 -15.097060 -21.999555 -4.448000 -23.119309 -34.976158 4.039232 73.004236 -73.658093 -67.891923 0.000000 0.000000 0.000000 16.333780 -5.933085 5.008825 42.339903 25.390034 3.585161 -138.663249 71.558776 -89.716438 0.000000 0.000000 0.000000 
0.067091 0.926794 -0.172944 0.796571 78.855747 5.624362 6.409783 -1.424701 -3.875932 -4.834810 -1.999108 -8.269514 -15.073602 -17.928247 8.991508 0.000000 0.000000 0.000000 -2.102987 -0.746549 -2.945089 2.010340 -0.997082 -1.779853 -2.971519 -8.847978 3.027063 0.000000 0.000000 0.000000 6.208048 -0.372531 -5.628765 -1.856167 -1.590748 2.953520 -7.071017 5.826768 3.561172 8.176190 1.435635 -17.096839 0.000000 0.000000 0.000000 -15.271091 -21.275262 -4.842742 -23.761683 -33.097773 4.138171 80.025859 -74.902842 -75.795570 0.000000 0.000000 0.000000 16.333559 -6.046355 4.916449 42.355715 24.563099 3.281113 -138.745087 72.330099 -90.805611 0.000000 0.000000 0.000000 
0.068054 0.926752 -0.172213 0.903783 78.935756 5.685632 6.442622 -1.444590 -3.524326 -4.848763 -2.084758 -8.709353 -15.177813 -17.842193 9.136713 0.000000 0.000000 0.000000 -2.246486 -0.785586 -2.780375 2.305417 -1.084318 -1.833178 -2.934496 -8.818054 2.973643 0.000000 0.000000 0.000000 6.206161 -0.384441 -5.932049 -1.925676 -1.636196 3.156728 -6.955609 5.884410 3.608588 8.068265 1.414250 -16.837282 0.000000 0.000000 0.000000 -15.548385 -20.339362 -5.351784 -24.584857 -31.406618 4.247354 83.612720 -75.402867 -79.742391 0.000000 0.000000 0.000000 16.393518 -6.375548 4.703369 42.386832 24.027802 3.062377 -137.648525 73.074744 -90.425028 0.000000 0.000000 0.000000 
0.068698 0.926701 -0.171349 1.182894 78.757166 5.913515 6.448455 -1.452004 -3.270172 -4.888533 -2.129082 -8.926577 -15.106900 -17.658072 9.132900 0.000000 0.000000 0.000000 -2.354181 -0.813497 -2.548135 2.445956 -1.107439 -2.101263 -2.835628 -8.612667 2.949347 0.000000 0.000000 0.000000 6.241491 -0.397888 -6.171369 -2.165562 -1.668701 3.513746 -6.796921 6.248282 3.452179 7.982837 1.365733 -16.559753 0.000000 0.000000 0.000000 -15.816063 -19.830006 -5.697105 -24.459013 -29.709075 4.130068 79.580710 -74.175983 -74.510311 0.000000 0.000000 0.000000 16.766530 -6.705614 4.639735 42.351063 23.479330 2.782687 -139.865567 73.836114 -93.935676 0.000000 0.000000 0.000000 
0.069047 0.926623 -0.170600 0.910209 78.745137 5.600096 6.560058 -1.485560 -3.101253 -4.895552 -2.156104 -9.076732 -15.074218 -17.606879 9.110619 0.000000 0.000000 0.000000 -2.324478 -0.807204 -2.524990 2.571758 -1.154809 -1.989739 -2.789032 -8.578575 2.857317 0.000000 0.000000 0.000000 6.128821 -0.399250 -6.395233 -2.113238 -1.866308 4.016825 -6.877249 6.323495 3.331562 7.921293 1.376390 -16.554809 0.000000 0.000000 0.000000 -16.048962 -19.205536 -6.038212 -24.547122 -28.660658 4.096930 73.161748 -72.057421 -66.445365 0.000000 0.000000 0.000000 17.032426 -6.636552 4.779473 43.177571 23.140075 2.804992 -143.978533 74.397625 -99.358580 0.000000 0.000000 0.000000 
0.069083 0.926582 -0.170012 1.496315 78.522098 6.095924 6.295717 -1.429200 -2.907649 -4.616752 -2.098833 -9.173077 -15.010364 -17.572849 9.033255 0.000000 0.000000 0.000000 -2.375894 -0.813007 -2.382666 2.459093 -1.105709 -2.120203 -2.702988 -8.439333 2.772230 0.000000 0.000000 0.000000 5.915060 -0.390783 -6.524808 -2.261443 -1.964984 4.473900 -6.549204 6.343629 3.059945 7.606672 1.499675 -16.497360 0.000000 0.000000 0.000000 -16.190228 -19.198891 -6.017499 -24.029023 -27.993658 3.971982 64.570543 -68.350462 -55.547079 0.000000 0.000000 0.000000 17.272217 -6.823541 4.682623 43.693387 22.923194 2.775538 -148.487511 75.269485 -105.599951 0.000000 0.000000 0.000000 
0.068670 0.926591 -0.169596 1.874687 78.535312 6.443503 6.265584 -1.436954 -2.592726 -4.622360 -2.215667 -9.742152 -15.164565 -17.335718 9.329594 0.000000 0.000000 0.000000 -2.406095 -0.817519 -2.499399 2.423228 -1.110662 -1.894509 -2.682998 -8.479744 2.650151 0.000000 0.000000 0.000000 5.666172 -0.391247 -6.736041 -2.253113 -2.107226 4.836518 -6.520491 6.094480 2.874504 7.455532 1.611001 -16.707131 0.000000 0.000000 0.000000 -16.066891 -19.201022 -5.837954 -22.853137 -28.205716 3.742501 55.924249 -63.882270 -44.895399 0.000000 0.000000 0.000000 17.774189 -6.587466 5.032138 44.580249 23.070512 2.872564 -155.967712 75.985255 -115.255336 0.000000 0.000000 0.000000 
0.067712 0.926659 -0.169252 2.552652 78.390076 7.255555 6.044043 -1.382032 -2.664479 -4.434901 -2.217109 -9.966316 -15.217177 -17.179622 9.486010 0.000000 0.000000 0.000000 -2.375663 -0.790889 -2.807291 2.134950 -1.024909 -1.773574 -2.681832 -8.481222 2.583525 0.000000 0.000000 0.000000 5.465150 -0.382549 -6.731533 -2.278006 -2.093815 4.844075 -6.378237 5.960914 2.733408 6.874079 1.933552 -16.827046 0.000000 0.000000 0.000000 -15.480437 -19.698420 -5.244141 -21.729727 -29.526894 3.513044 50.109816 -58.183580 -36.725693 0.000000 0.000000 0.000000 18.017043 -6.205429 5.416999 45.420830 23.048528 2.943583 -162.270763 76.141651 -122.963412 0.000000 0.000000 0.000000 
0.066309 0.926866 -0.168912 2.583208 78.594442 7.503710 6.100488 -1.383716 -3.100880 -4.430546 -2.206766 -9.834072 -15.371914 -17.238357 9.672152 0.000000 0.000000 0.000000 -2.173198 -0.735039 -3.235290 1.890811 -0.969201 -1.555303 -2.833097 -8.752846 2.659003 0.000000 0.000000 0.000000 5.320011 -0.379926 -6.710256 -2.223918 -2.154868 4.900004 -6.407815 5.578962 2.589451 6.495923 2.172326 -17.050505 0.000000 0.000000 0.000000 -15.071986 -20.636177 -4.581407 -19.315575 -31.527059 2.991508 44.929772 -52.677933 -29.644761 0.000000 0.000000 0.000000 18.584675 -5.751487 5.997023 46.037343 23.523983 3.068616 -167.541637 76.104970 -129.471061 0.000000 0.000000 0.000000 
0.064822 0.926799 -0.168686 2.370090 78.722484 7.527042 6.021497 -1.358733 -3.433694 -4.111051 -2.153675 -9.897352 -15.462138 -17.352552 9.739888 0.000000 0.000000 0.000000 -2.106057 -0.701613 -3.860227 1.945073 -1.019139 -1.026396 -2.888271 -8.877599 2.555634 0.000000 0.000000 0.000000 5.154830 -0.354434 -6.432001 -2.193923 -2.160446 4.867228 -6.247348 5.215778 2.193871 6.109082 2.432642 -17.400780 0.000000 0.000000 0.000000 -14.305890 -21.595840 -3.659904 -17.467026 -34.111111 2.434144 41.588786 -47.870469 -24.885809 0.000000 0.000000 0.000000 18.602761 -5.601926 6.059696 46.973908 23.555610 3.269232 -174.211752 75.690652 -137.364896 0.000000 0.000000 0.000000 
0.063611 0.926988 -0.168657 1.917589 78.778079 7.225882 5.976984 -1.341773 -3.767144 -3.818522 -2.059673 -9.729739 -15.492463 -17.478543 9.728753 0.000000 0.000000 0.000000 -1.879251 -0.643320 -4.241823 1.755763 -0.981541 -0.758648 -2.978408 -8.982818 2.641052 0.000000 0.000000 0.000000 5.067699 -0.331084 -6.061864 -2.120785 -2.148787 4.726120 -6.158211 4.630675 1.954291 5.681066 2.630023 -17.459828 0.000000 0.000000 0.000000 -13.517974 -22.694765 -2.693477 -14.848841 -36.454441 1.509264 38.605872 -43.957547 -21.095141 0.000000 0.000000 0.000000 18.297704 -5.063512 6.185970 47.107534 23.561351 3.364702 -175.233475 74.847320 -138.334042 0.000000 0.000000 0.000000 
0.063116 0.927034 -0.168919 1.854449 78.716132 7.107692 5.906400 -1.323384 -3.818666 -3.708389 -1.995688 -9.567236 -15.451429 -17.542736 9.647039 0.000000 0.000000 0.000000 -1.890066 -0.641158 -4.447793 1.755248 -1.012098 -0.347348 -2.936174 -8.924756 2.547993 0.000000 0.000000 0.000000 5.204219 -0.310451 -5.645745 -2.152953 -2.091029 4.639881 -6.311151 4.422820 1.781007 5.678150 2.669249 -17.678317 0.000000 0.000000 0.000000 -12.778037 -23.616115 -1.888226 -13.563677 -38.412635 0.880998 36.976320 -41.561174 -19.106593 0.000000 0.000000 0.000000 17.355456 -5.051793 5.694414 47.734706 22.755313 3.449529 -176.124287 73.378664 -138.229272 0.000000 0.000000 0.000000 
0.063260 0.927432 -0.169369 1.396605 78.406527 6.491835 5.760961 -1.295926 -3.417105 -3.364940 -1.955848 -9.846311 -15.380533 -17.352741 9.634506 0.000000 0.000000 0.000000 -1.861659 -0.627293 -4.470171 1.744067 -1.029078 -0.036204 -2.838445 -8.617096 2.622850 0.000000 0.000000 0.000000 5.632513 -0.310030 -5.238089 -2.158287 -1.926788 4.293917 -6.584741 4.139736 1.863039 5.587983 2.729344 -17.767460 0.000000 0.000000 0.000000 -12.454095 -24.386350 -1.359217 -12.513591 -39.325466 0.399640 36.280833 -40.942470 -18.403234 0.000000 0.000000 0.000000 16.229588 -5.138102 5.017650 47.875048 21.785803 3.431683 -178.155719 72.236908 -140.112968 0.000000 0.000000 0.000000 
0.063782 0.927866 -0.169869 1.322412 77.882594 6.330159 5.581032 -1.260170 -3.001061 -3.135273 -1.952228 -10.203099 -15.224378 -16.949607 9.641929 0.000000 0.000000 0.000000 -1.817919 -0.603859 -4.491795 1.506939 -0.958316 0.109798 -2.702604 -8.201615 2.711242 0.000000 0.000000 0.000000 6.056864 -0.323463 -4.936339 -2.309312 -1.761544 4.103202 -6.763915 4.065483 1.856955 5.468839 2.711240 -17.558764 0.000000 0.000000 0.000000 -12.573849 -24.693254 -1.216630 -12.149075 -39.782459 0.259067 36.777633 -41.481986 -18.786955 0.000000 0.000000 0.000000 15.499558 -4.824622 4.822923 47.783417 20.935339 3.257523 -179.397467 71.101113 -141.263623 0.000000 0.000000 0.000000 
0.064228 0.927906 -0.170242 1.714602 77.667263 6.609792 5.362269 -1.219846 -2.742080 -2.995799 -1.941060 -10.353270 -15.171271 -16.842402 9.617404 0.000000 0.000000 0.000000 -1.967682 -0.631692 -4.399923 1.506441 -0.955456 0.149265 -2.601724 -8.008350 2.651371 0.000000 0.000000 0.000000 6.189201 -0.325203 -4.778225 -2.121047 -1.751626 3.946723 -6.997500 3.901795 1.971207 5.688801 2.543403 -17.378253 0.000000 0.000000 0.000000 -12.246682 -24.402680 -1.133688 -12.670020 -39.957600 0.360197 38.799582 -42.539931 -20.438762 0.000000 0.000000 0.000000 14.705613 -5.182876 4.175446 47.654030 20.237227 3.155982 177.738859 70.583226 -144.766814 0.000000 0.000000 0.000000 
0.064393 0.927880 -0.170309 0.982588 77.221877 5.815566 5.247126 -1.197438 -2.461171 -2.536272 -1.859492 -10.535610 -14.890011 -16.685994 9.343088 0.000000 0.000000 0.000000 -2.025153 -0.634935 -4.341922 1.814287 -1.038082 0.123827 -2.411848 -7.514566 2.678264 0.000000 0.000000 0.000000 6.604683 -0.349876 -4.670051 -2.050098 -1.723890 3.892515 -6.921680 3.916018 2.027163 6.176204 2.059264 -16.571104 0.000000 0.000000 0.000000 -11.875648 -24.092776 -0.982843 -12.865562 -39.841510 0.351680 40.287415 -42.956016 -21.519421 0.000000 0.000000 0.000000 13.949716 -5.334709 3.651050 47.513185 19.645968 3.127994 176.354283 70.419355 -146.710790 0.000000 0.000000 0.000000 
0.064271 0.927712 -0.170142 0.881962 76.818738 5.711616 5.085165 -1.156519 -2.451844 -2.228029 -1.755552 -10.419701 -14.607293 -16.624451 9.035254 0.000000 0.000000 0.000000 -2.088699 -0.638272 -4.534438 1.911555 -1.083349 0.392591 -2.222406 -7.146468 2.510192 0.000000 0.000000 0.000000 6.722586 -0.358394 -4.710247 -2.087588 -1.725321 4.001484 -6.676677 3.870200 2.142299 6.680806 1.573211 -15.869777 0.000000 0.000000 0.000000 -11.458463 -23.687328 -0.816297 -13.209240 -39.272510 0.431333 42.839285 -43.326375 -23.216526 0.000000 0.000000 0.000000 13.690447 -5.437322 3.396755 47.466136 20.030362 3.343110 173.968090 70.566720 -150.251781 0.000000 0.000000 0.000000 
0.064081 0.927445 -0.169979 0.399728 76.310886 5.438660 5.083943 -1.145649 -2.551582 -2.007833 -1.703437 -10.486676 -14.240221 -16.374823 8.746561 0.000000 0.000000 0.000000 -2.027904 -0.601124 -4.761319 1.965191 -1.073496 0.281568 -2.064193 -6.727715 2.481854 0.000000 0.000000 0.000000 6.902110 -0.372899 -4.817954 -2.017101 -1.716189 3.998055 -6.443367 3.959334 2.166442 7.195386 1.035822 -15.100224 0.000000 0.000000 0.000000 -10.896676 -23.035332 -0.703747 -13.649865 -39.221656 0.468224 44.047607 -43.479940 -24.127739 0.000000 0.000000 0.000000 13.197216 -5.436496 3.114833 47.523421 20.453875 3.706744 173.244441 70.704992 -151.452102 0.000000 0.000000 0.000000 
0.064039 0.927341 -0.169963 0.428056 75.876810 5.447354 4.943183 -1.108469 -2.530109 -1.812050 -1.620040 -10.353831 -13.957935 -16.248282 8.476554 0.000000 0.000000 0.000000 -2.252697 -0.644582 -5.015697 2.269639 -1.196531 0.691878 -1.829580 -6.239573 2.312081 0.000000 0.000000 0.000000 7.122403 -0.386462 -4.684035 -1.980907 -1.702966 4.011458 -6.279601 4.155124 2.152821 7.491089 0.685159 -14.553378 0.000000 0.000000 0.000000 -10.895597 -22.775801 -0.757143 -14.237155 -38.632823 0.696983 45.291254 -44.326820 -25.362534 0.000000 0.000000 0.000000 13.388162 -5.207163 3.319982 47.336694 21.399359 4.032624 173.223415 71.050800 -151.879989 0.000000 0.000000 0.000000 
0.064158 0.927217 -0.170046 0.120767 75.399321 5.403037 4.964043 -1.101131 -2.647305 -1.728237 -1.609379 -10.485729 -13.658341 -15.922888 8.315499 0.000000 0.000000 0.000000 -2.277751 -0.629953 -5.204804 2.385725 -1.191125 0.431671 -1.698254 -5.808762 2.398166 0.000000 0.000000 0.000000 7.406155 -0.413561 -4.921529 -2.092948 -1.654873 4.091787 -5.979810 4.279522 2.237782 7.472198 0.603128 -14.297569 0.000000 0.000000 0.000000 -10.961146 -22.442569 -0.831229 -15.098933 -38.105295 0.996866 46.663767 -45.882768 -27.089256 0.000000 0.000000 0.000000 13.496094 -4.966980 3.470904 47.132983 22.157818 4.271180 173.333351 71.406269 -152.112688 0.000000 0.000000 0.000000 
0.064296 0.927213 -0.169962 0.245885 75.230204 5.672907 4.867216 -1.080465 -2.612436 -1.609288 -1.634077 -10.773015 -13.629969 -15.734218 8.391957 0.000000 0.000000 0.000000 -2.448170 -0.664714 -5.324042 2.611391 -1.247098 0.334120 -1.625222 -5.581072 2.439555 0.000000 0.000000 0.000000 7.609368 -0.433706 -4.881102 -1.866669 -1.668629 3.927606 -6.097013 4.350392 2.357783 7.516558 0.534061 -14.151154 0.000000 0.000000 0.000000 -11.202735 -22.145681 -1.079384 -15.987794 -37.984096 1.302723 47.338814 -47.489199 -28.453785 0.000000 0.000000 0.000000 13.592668 -4.737504 3.681487 47.208673 22.778593 4.542745 174.781226 71.862128 -150.294476 0.000000 0.000000 0.000000 
0.064370 0.927173 -0.169450 0.394222 75.238716 5.727026 4.932506 -1.092794 -2.624885 -1.753476 -1.619818 -10.552369 -13.590673 -15.789567 8.310824 0.000000 0.000000 0.000000 -2.588997 -0.701522 -5.304990 2.839235 -1.338262 0.512786 -1.563568 -5.505564 2.337473 0.000000 0.000000 0.000000 7.747790 -0.445211 -4.824112 -1.852316 -1.703569 4.022574 -5.802243 4.412863 2.536395 7.359029 0.652814 -14.180037 0.000000 0.000000 0.000000 -11.364170 -22.178509 -1.151414 -16.688155 -37.666731 1.534770 48.339625 -48.922983 -29.987911 0.000000 0.000000 0.000000 13.716751 -4.763033 3.709770 47.259454 23.008634 4.614921 172.973576 72.140007 -152.926521 0.000000 0.000000 0.000000 
0.064158 0.927060 -0.168504 0.393023 75.525306 5.853894 4.997349 -1.112681 -2.586954 -1.700707 -1.701057 -10.960564 -13.806583 -15.805519 8.563340 0.000000 0.000000 0.000000 -2.410106 -0.663544 -5.285247 2.696933 -1.277734 0.283383 -1.700570 -5.837196 2.338707 0.000000 0.000000 0.000000 7.764642 -0.452625 -4.858444 -1.652953 -1.780343 3.970372 -6.031521 4.449707 2.657890 7.291348 0.781202 -14.399915 0.000000 0.000000 0.000000 -11.600156 -22.320911 -1.285029 -16.603971 -37.395380 1.556352 47.704912 -49.678128 -29.991229 0.000000 0.000000 0.000000 14.214133 -4.802868 3.953566 47.443295 22.848055 4.473986 169.063863 71.945070 -158.268695 0.000000 0.000000 0.000000 
0.063574 0.927267 -0.167345 0.909107 75.931972 6.223732 4.961138 -1.109366 -2.660061 -1.716534 -1.679172 -10.728968 -14.087377 -16.095687 8.734000 0.000000 0.000000 0.000000 -2.391497 -0.675032 -5.113588 2.637199 -1.272369 0.287488 -1.830544 -6.201776 2.319840 0.000000 0.000000 0.000000 7.697131 -0.448706 -4.621240 -1.688963 -1.782093 3.933666 -5.983860 4.324606 2.897133 7.262834 0.995765 -14.912805 0.000000 0.000000 0.000000 -11.409497 -22.319143 -1.252477 -16.244442 -37.557578 1.391824 46.917898 -49.032507 -29.161744 0.000000 0.000000 0.000000 14.643673 -4.755028 4.212144 47.383650 23.130976 4.443742 166.254135 72.180723 -162.275397 0.000000 0.000000 0.000000 
0.062607 0.927377 -0.166252 1.298499 76.347947 6.670082 5.056607 -1.129986 -2.918436 -1.868456 -1.710267 -10.613405 -14.368216 -16.272732 8.987264 0.000000 0.000000 0.000000 -2.405142 -0.693651 -5.256416 2.713583 -1.321508 0.420224 -1.961622 -6.529098 2.299296 0.000000 0.000000 0.000000 7.584563 -0.442594 -4.515840 -1.600505 -1.765296 3.713194 -5.928069 4.472985 3.315756 7.071591 1.331640 -15.468750 0.000000 0.000000 0.000000 -11.724746 -22.372539 -1.546148 -15.804101 -37.604167 1.279028 45.817796 -48.154415 -27.889282 0.000000 0.000000 0.000000 14.920497 -4.766841 4.430963 47.376607 23.118846 4.345363 162.317084 71.801919 -167.541922 0.000000 0.000000 0.000000 
0.061513 0.927550 -0.165375 1.334723 76.775945 6.733447 4.968673 -1.110883 -3.222945 -1.564050 -1.622047 -10.349328 -14.624394 -16.670032 9.085678 0.000000 0.000000 0.000000 -2.250242 -0.673976 -5.447595 2.632670 -1.335332 0.696097 -2.124232 -6.916512 2.301391 0.000000 0.000000 0.000000 7.664668 -0.456203 -4.412512 -1.679676 -1.851308 3.952138 -5.912429 4.564328 3.247180 7.213996 1.436211 -15.995352 0.000000 0.000000 0.000000 -11.978762 -22.350633 -1.727880 -14.510202 -37.067959 0.957795 44.198222 -46.735150 -25.902648 0.000000 0.000000 0.000000 15.169126 -4.516129 4.754784 47.183100 23.483464 4.392205 160.435686 71.750089 -170.301901 0.000000 0.000000 0.000000 
0.060655 0.927900 -0.164653 1.712267 77.072125 7.108197 4.971768 -1.114685 -3.352091 -1.598422 -1.636600 -10.305121 -14.900444 -16.759337 9.374351 0.000000 0.000000 0.000000 -2.274738 -0.693302 -5.471891 2.677663 -1.361236 0.704850 -2.241576 -7.125596 2.418679 0.000000 0.000000 0.000000 7.650750 -0.459807 -4.256109 -1.724111 -1.810667 3.821714 -5.881239 5.135404 3.260033 7.469953 1.420540 -16.211369 0.000000 0.000000 0.000000 -11.959870 -22.449795 -1.883346 -13.743545 -36.408959 0.750622 43.162736 -45.070057 -24.410365 0.000000 0.000000 0.000000 15.317703 -4.354382 5.105696 46.546420 24.128782 4.455901 161.978817 72.710630 -168.051112 0.000000 0.000000 0.000000 
0.060351 0.928140 -0.164130 2.558261 77.270794 7.890372 4.593173 -1.042136 -3.403672 -1.223221 -1.558632 -10.205905 -15.136065 -17.007795 9.512746 0.000000 0.000000 0.000000 -2.087543 -0.656366 -5.508614 2.088566 -1.196697 0.872943 -2.364814 -7.499780 2.345673 0.000000 0.000000 0.000000 7.567688 -0.456360 -4.098701 -1.668532 -1.943782 4.076293 -5.948126 5.937644 2.902212 7.834179 1.429340 -16.756461 0.000000 0.000000 0.000000 -12.402845 -22.207144 -2.389003 -12.486780 -35.219295 0.540301 42.899684 -44.310332 -23.614440 0.000000 0.000000 0.000000 15.320579 -4.124922 5.426310 45.557458 24.785115 4.497285 165.509409 73.772073 -163.402731 0.000000 0.000000 0.000000 
0.060786 0.928145 -0.163808 3.055807 77.246435 8.299764 4.434582 -1.015771 -3.153200 -1.135401 -1.584210 -10.440595 -15.205532 -16.950160 9.607333 0.000000 0.000000 0.000000 -2.071340 -0.643839 -5.203319 1.875560 -1.091817 0.523527 -2.384590 -7.581620 2.348632 0.000000 0.000000 0.000000 7.598247 -0.458219 -4.078157 -1.829650 -1.948128 4.274510 -5.750927 6.506449 2.616284 7.988617 1.408739 -16.889385 0.000000 0.000000 0.000000 -12.177128 -21.594660 -2.572392 -11.544540 -34.082495 0.313197 43.614837 -43.388266 -23.473219 0.000000 0.000000 0.000000 14.976481 -3.896445 5.490374 44.964208 25.282066 4.663050 172.585423 75.095140 -154.351155 0.000000 0.000000 0.000000 
0.061574 0.928128 -0.163703 4.338537 77.671672 9.527803 4.041630 -0.947079 -3.141352 -0.936339 -1.573058 -10.449648 -15.547861 -17.314217 9.802155 0.000000 0.000000 0.000000 -2.022561 -0.650143 -4.919649 1.364431 -0.923963 0.249579 -2.566726 -8.144155 2.287966 0.000000 0.000000 0.000000 7.291627 -0.436409 -3.965321 -1.745606 -1.911521 3.962574 -5.731023 7.001849 2.661254 8.102124 1.493477 -17.138444 0.000000 0.000000 0.000000 -12.255051 -21.105626 -3.052220 -10.373623 -33.507652 0.021155 44.786630 -44.183077 -24.390983 0.000000 0.000000 0.000000 15.642811 -4.270069 5.768157 43.179633 25.589659 4.102401 178.293812 76.438111 -147.542312 0.000000 0.000000 0.000000 
0.062401 0.928142 -0.163980 5.182953 78.350573 10.370230 3.857415 -0.920596 -3.264454 -0.877146 -1.585782 -10.371346 -15.970629 -17.806254 10.031430 0.000000 0.000000 0.000000 -1.810048 -0.630458 -4.921039 0.801955 -0.795824 0.467650 -2.834817 -8.921022 2.217182 0.000000 0.000000 0.000000 7.346056 -0.452801 -4.076000 -1.610376 -1.853679 3.514596 -5.759458 7.177438 3.147750 8.033465 1.649528 -17.245628 0.000000 0.000000 0.000000 -11.489334 -20.277573 -3.137955 -9.337244 -34.079523 -0.482394 46.047858 -43.934152 -25.079003 0.000000 0.000000 0.000000 16.186982 -4.798342 5.860083 41.718429 25.297562 3.431571 -176.051648 77.635585 -141.005876 0.000000 0.000000 0.000000 
0.062883 0.928197 -0.164538 5.903846 79.164571 10.969591 3.637816 -0.889139 -3.383225 -0.676309 -1.541535 -10.133118 -16.447147 -18.496580 10.219227 0.000000 0.000000 0.000000 -1.751472 -0.652398 -4.884650 0.618875 -0.802568 0.856442 -3.091450 -9.665932 2.171146 0.000000 0.000000 0.000000 6.921608 -0.416801 -3.929816 -1.306790 -2.033210 3.510537 -5.576912 6.813748 3.129593 8.019261 1.699971 -17.290458 0.000000 0.000000 0.000000 -10.768753 -19.465892 -3.072544 -8.025140 -34.710849 -1.044340 47.756853 -43.972596 -26.104819 0.000000 0.000000 0.000000 16.614738 -4.988898 6.010425 40.845543 24.944135 2.866286 -171.232240 78.884851 -135.997504 0.000000 0.000000 0.000000 
0.063064 0.928118 -0.165366 6.679390 79.771672 11.703947 3.413644 -0.855806 -3.614519 -0.525277 -1.491796 -9.832152 -16.779497 -19.076013 10.310529 0.000000 0.000000 0.000000 -1.496868 -0.616084 -5.015050 0.006749 -0.682049 1.297970 -3.333012 -10.387364 2.087331 0.000000 0.000000 0.000000 6.667021 -0.399691 -3.658260 -1.062116 -2.167060 3.463086 -5.240052 6.887049 3.242229 7.894681 1.795886 -17.237087 0.000000 0.000000 0.000000 -10.346354 -19.248894 -2.997963 -6.545224 -34.980262 -1.606094 48.946509 -44.312709 -26.912315 0.000000 0.000000 0.000000 16.723753 -5.105478 6.069725 39.969870 24.289950 2.367083 -166.210836 79.350920 -130.504336 0.000000 0.000000 0.000000 
0.063109 0.928302 -0.166272 7.845362 80.545920 12.732256 3.224536 -0.832152 -3.781467 -0.493446 -1.467302 -9.526751 -17.285252 -19.676437 10.595000 0.000000 0.000000 0.000000 -1.395685 -0.623267 -4.986748 -0.360035 -0.635313 1.661352 -3.625270 -11.141135 2.151406 0.000000 0.000000 0.000000 6.212377 -0.364457 -3.579647 -0.758345 -2.640073 4.176847 -4.947544 6.735923 2.828332 7.771083 1.805753 -17.100320 0.000000 0.000000 0.000000 -10.011019 -18.783784 -2.930992 -5.661771 -34.793333 -1.870719 50.156127 -45.072544 -28.021607 0.000000 0.000000 0.000000 16.451223 -5.000159 5.975962 40.316760 23.822750 2.351024 -162.825615 79.817463 -126.991548 0.000000 0.000000 0.000000 
0.063205 0.928203 -0.167218 7.740798 80.507237 12.576788 3.128515 -0.814644 -3.870408 -0.429744 -1.405900 -9.257666 -17.190918 -19.828122 10.412263 0.000000 0.000000 0.000000 -1.409046 -0.622284 -4.930545 -0.435035 -0.609022 1.647358 -3.616346 -11.129065 2.149169 0.000000 0.000000 0.000000 6.189234 -0.359734 -3.359377 -0.907148 -2.682391 4.430320 -4.809862 7.453317 2.757701 8.029862 1.546580 -16.657842 0.000000 0.000000 0.000000 -9.860950 -18.742437 -2.940073 -5.188608 -34.274706 -1.960579 50.155998 -45.223301 -28.139230 0.000000 0.000000 0.000000 16.864492 -5.350435 6.047191 40.170771 23.501858 2.090155 -163.160851 79.698333 -127.154254 0.000000 0.000000 0.000000 
0.063283 0.928502 -0.168099 8.200787 80.446922 13.037708 2.844999 -0.763356 -4.005102 -0.216549 -1.330016 -9.021726 -17.220478 -19.924071 10.404230 0.000000 0.000000 0.000000 -1.204967 -0.571444 -4.912670 -1.075489 -0.413668 1.568208 -3.725671 -11.246061 2.337701 0.000000 0.000000 0.000000 6.164604 -0.359282 -3.013948 -1.122719 -2.583631 4.373296 -4.452459 7.824107 2.836567 8.160792 1.284922 -16.026781 0.000000 0.000000 0.000000 -10.174940 -18.738595 -3.181394 -5.058036 -32.995499 -1.785178 49.222941 -44.808422 -27.280865 0.000000 0.000000 0.000000 17.264168 -5.274027 6.376826 40.087211 23.398630 1.928177 -164.108770 79.686538 -128.399449 0.000000 0.000000 0.000000 
0.063164 0.928740 -0.169022 8.472190 80.289023 13.398574 2.752616 -0.746846 -4.184924 -0.302516 -1.318647 -8.878092 -17.185841 -19.810492 10.436815 0.000000 0.000000 0.000000 -1.328780 -0.597847 -5.010855 -1.117555 -0.389664 1.483259 -3.721033 -11.076944 2.476240 0.000000 0.000000 0.000000 6.116281 -0.355542 -2.878042 -1.132162 -2.576764 4.388382 -4.330055 8.002448 2.800261 7.616971 1.528807 -15.899806 0.000000 0.000000 0.000000 -10.187728 -18.205914 -3.360888 -6.319334 -32.153764 -1.295523 47.779033 -43.053165 -25.729211 0.000000 0.000000 0.000000 17.804508 -4.833770 6.997467 39.934775 23.475150 1.765841 -166.197403 80.161121 -131.604466 0.000000 0.000000 0.000000 
0.062744 0.929028 -0.169914 8.500974 80.108484 13.518504 2.419228 -0.691483 -4.367632 0.115115 -1.221183 -8.748225 -17.148632 -19.834355 10.396642 0.000000 0.000000 0.000000 -1.172014 -0.553458 -5.301301 -1.589228 -0.275081 1.706153 -3.760255 -10.999922 2.610027 0.000000 0.000000 0.000000 6.038572 -0.349017 -2.707896 -1.196633 -2.546504 4.394741 -4.201183 8.453631 2.768912 7.864542 1.309288 -15.639947 0.000000 0.000000 0.000000 -9.974907 -18.491856 -3.202422 -7.257742 -30.856882 -0.908803 45.846567 -40.770303 -23.768411 0.000000 0.000000 0.000000 18.171146 -4.371484 7.598655 40.186936 23.514605 1.774145 -167.090080 80.957023 -133.653687 0.000000 0.000000 0.000000 
0.062072 0.929076 -0.170793 8.832555 80.199608 13.895334 2.252178 -0.671309 -4.741845 0.226515 -1.136800 -8.296942 -17.171822 -20.080594 10.331316 0.000000 0.000000 0.000000 -1.110715 -0.546550 -5.551465 -1.861374 -0.229698 1.984435 -3.831627 -11.113403 2.643225 0.000000 0.000000 0.000000 5.946566 -0.341963 -2.480691 -1.144958 -2.582217 4.405018 -4.097211 8.797760 2.834445 7.427063 1.701352 -16.043088 0.000000 0.000000 0.000000 -10.501052 -18.376904 -3.663834 -8.944603 -30.402766 -0.352822 43.195010 -39.130505 -21.678998 0.000000 0.000000 0.000000 18.566084 -3.900836 8.258035 40.269349 23.597532 1.703213 -169.853987 81.965144 -137.861884 0.000000 0.000000 0.000000 
0.061234 0.929429 -0.171636 9.763019 81.008177 14.755690 2.245858 -0.687824 -5.136709 0.118846 -1.113585 -7.800188 -17.682362 -20.643352 10.676151 0.000000 0.000000 0.000000 -1.015470 -0.569909 -5.846950 -2.039918 -0.284192 2.727544 -4.134123 -11.746461 2.788528 0.000000 0.000000 0.000000 5.753551 -0.333873 -2.027896 -0.781130 -2.702194 4.141225 -3.919078 8.933872 3.340375 7.776632 1.563474 -15.970154 0.000000 0.000000 0.000000 -10.737011 -18.660368 -3.953529 -10.760608 -29.975951 0.158704 41.643711 -37.981038 -20.631932 0.000000 0.000000 0.000000 18.724301 -3.780676 8.621599 41.241328 23.307076 1.799103 -172.831143 83.408221 -142.242473 0.000000 0.000000 0.000000 
0.060243 0.929527 -0.172585 9.737510 81.446770 15.006863 2.232147 -0.725307 -6.100394 0.205078 -0.988586 -6.856416 -17.765381 -21.201755 10.590797 0.000000 0.000000 0.000000 -0.814459 -0.554155 -6.440715 -2.277629 -0.286846 3.220431 -4.363935 -12.074056 2.963282 0.000000 0.000000 0.000000 5.881366 -0.353164 -1.943471 -0.802367 -2.648907 3.933423 -3.418815 9.168873 3.937081 7.704794 1.787540 -16.274379 0.000000 0.000000 0.000000 -11.520095 -18.193596 -4.797115 -13.369413 -29.947712 0.865555 41.681351 -39.221319 -21.424087 0.000000 0.000000 0.000000 19.186950 -3.758483 9.047926 41.634259 23.451217 1.785718 -170.631675 84.809883 -140.802276 0.000000 0.000000 0.000000 
0.059124 0.929631 -0.173714 10.274034 82.268089 15.817789 2.111291 -0.772647 -7.113899 0.450047 -0.872746 -5.946587 -18.099158 -22.009281 10.694829 0.000000 0.000000 0.000000 -0.433079 -0.515168 -7.022356 -2.817353 -0.231689 3.760843 -4.780237 -12.780467 3.259130 0.000000 0.000000 0.000000 5.833305 -0.362386 -1.671981 -0.434526 -3.016686 4.259390 -3.362744 9.590207 3.854618 8.449525 1.342525 -16.057540 0.000000 0.000000 0.000000 -12.402239 -18.422999 -5.459662 -15.896625 -28.971571 1.610732 43.078922 -41.901528 -23.620779 0.000000 0.000000 0.000000 19.526460 -3.568546 9.543972 42.117875 23.533044 1.889098 -161.451723 85.337562 -131.532823 0.000000 0.000000 0.000000 
0.057702 0.929465 -0.175227 11.891114 82.746281 17.668725 1.614432 -0.802480 -8.254218 0.952458 -0.694788 -4.701283 -18.183279 -22.834781 10.536120 0.000000 0.000000 0.000000 -0.839770 -0.680547 -7.605431 -2.406481 -0.429608 4.259803 -4.875326 -12.958033 3.208512 0.000000 0.000000 0.000000 6.085955 -0.404712 -1.273894 -0.478868 -2.952585 4.059310 -2.999061 9.778249 4.535945 9.083815 1.261386 -16.555084 0.000000 0.000000 0.000000 -13.209990 -17.789819 -6.419501 -19.549079 -27.822647 2.459453 46.476645 -47.390162 -28.830123 0.000000 0.000000 0.000000 19.969875 -3.846634 9.731136 43.282872 23.857044 2.178556 -156.572354 84.320021 -125.149943 0.000000 0.000000 0.000000 
0.055922 0.929486 -0.177052 11.345983 83.194078 17.670135 1.621603 -0.894437 -9.123785 1.096073 -0.680835 -4.558207 -18.389831 -23.051214 10.775624 0.000000 0.000000 0.000000 -0.539722 -0.690942 -8.554128 -2.762830 -0.412722 4.746623 -5.165638 -13.188251 3.546620 0.000000 0.000000 0.000000 6.302509 -0.438977 -1.262010 -0.259734 -3.224576 4.361808 -2.587544 9.675235 4.889250 10.131765 0.804644 -16.820444 0.000000 0.000000 0.000000 -14.495194 -17.316033 -7.437754 -23.025041 -24.679252 3.085268 52.831698 -55.956649 -38.277456 0.000000 0.000000 0.000000 20.448665 -3.545172 10.187626 43.432630 25.411824 2.734379 -141.582388 83.613701 -108.805318 0.000000 0.000000 0.000000 
0.053611 0.929438 -0.179368 12.558612 83.302612 19.382420 1.120188 -1.012789 -10.478499 1.557521 -0.549493 -3.462778 -18.292674 -23.421059 10.661016 0.000000 0.000000 0.000000 -1.256950 -0.952889 -9.087950 -1.900239 -0.610691 4.416315 -5.181412 -12.940804 3.700435 0.000000 0.000000 0.000000 6.308524 -0.466263 -0.760136 -0.281894 -3.195326 4.250024 -1.980750 9.694874 5.319773 10.983576 0.525176 -17.269616 0.000000 0.000000 0.000000 -15.611908 -16.743327 -8.482946 -26.539498 -21.024219 3.375632 63.854200 -66.231837 -54.534940 0.000000 0.000000 0.000000 20.243872 -3.538303 10.079544 44.287428 26.243122 3.364130 -134.872511 81.956398 -99.652271 0.000000 0.000000 0.000000 
0.050923 0.929935 -0.181970 10.206051 82.672574 17.511164 1.075583 -1.135063 -11.326847 1.743654 -0.495190 -3.044403 -17.878735 -22.880281 10.517105 0.000000 0.000000 0.000000 -1.428672 -1.039788 -9.715372 -1.616927 -0.614701 4.065132 -5.080533 -12.108204 4.187379 0.000000 0.000000 0.000000 6.719971 -0.553837 -0.038585 -0.485639 -2.939932 3.963986 -1.260880 9.472857 6.032747 12.076105 0.310830 -18.368718 0.000000 0.000000 0.000000 -16.934754 -15.952368 -9.630552 -29.549029 -16.554382 3.178059 85.385984 -75.709953 -82.788060 0.000000 0.000000 0.000000 19.957940 -2.222713 10.762298 43.933200 28.963588 4.448940 -114.118263 79.426327 -76.133262 0.000000 0.000000 0.000000 
0.047963 0.929924 -0.184717 8.663883 81.758557 16.470939 0.740979 -1.293104 -12.405610 2.263958 -0.398240 -2.227043 -17.133509 -22.416477 9.987826 0.000000 0.000000 0.000000 -1.729648 -1.163324 -10.413394 -1.328557 -0.609220 3.693481 -4.803457 -11.109913 4.415342 0.000000 0.000000 0.000000 6.925248 -0.609676 0.337343 -0.533754 -3.123684 4.582147 -1.134650 10.379673 6.019650 13.075672 0.198542 -19.731240 0.000000 0.000000 0.000000 -17.518618 -15.701824 -10.150451 -31.934916 -12.495313 2.672222 124.364664 -80.969661 -129.244989 0.000000 0.000000 0.000000 19.458428 -0.710006 11.586266 42.493025 32.620061 5.742416 -92.861614 75.052117 -52.476299 0.000000 0.000000 0.000000 
0.044852 0.929660 -0.187216 7.208810 80.319845 15.553383 0.627560 -1.426933 -13.165543 2.383980 -0.360400 -1.952817 -16.189226 -21.366690 9.438673 0.000000 0.000000 0.000000 -2.239708 -1.354376 -11.338896 -0.733351 -0.702910 3.517303 -4.233381 -9.604382 4.427279 0.000000 0.000000 0.000000 7.412870 -0.703282 0.589045 -1.061630 -2.809603 4.630565 -0.435315 10.958777 6.867449 13.903993 0.116083 -20.872324 0.000000 0.000000 0.000000 -18.046886 -15.983385 -10.382149 -33.021345 -9.833840 2.237319 158.719649 -81.324094 -168.729338 0.000000 0.000000 0.000000 18.800285 1.846256 12.939241 38.967533 36.705299 6.517050 -78.533126 68.676260 -36.821362 0.000000 0.000000 0.000000 
0.041779 0.929765 -0.189308 6.339401 79.172201 14.909189 0.618173 -1.580369 -13.934279 2.348099 -0.335229 -1.117311 -15.388588 -20.516844 8.973414 0.000000 0.000000 0.000000 -2.305021 -1.407237 -12.082050 -0.869714 -0.642533 3.694668 -3.843272 -8.524998 4.557533 0.000000 0.000000 0.000000 7.615945 -0.783723 1.143184 -0.982581 -2.858748 4.883168 -0.209721 11.583628 6.950867 14.730170 -0.230681 -21.357158 0.000000 0.000000 0.000000 -18.054303 -15.849095 -10.313124 -32.997966 -8.912360 2.004780 -179.988522 -81.759954 166.421126 0.000000 0.000000 0.000000 18.914227 4.126906 14.590339 33.695686 40.731172 6.275157 -68.332087 61.697660 -26.705625 0.000000 0.000000 0.000000 
0.039134 0.929474 -0.190661 6.223952 77.926658 15.174868 0.603526 -1.678143 -14.414457 2.143028 -0.332076 -1.063315 -14.698217 -19.471820 8.690698 0.000000 0.000000 0.000000 -2.774072 -1.584020 -12.795348 -0.420208 -0.707323 3.536525 -3.326036 -7.303963 4.522338 0.000000 0.000000 0.000000 8.008038 -0.860903 1.173371 -1.189665 -2.740976 5.048431 0.036813 12.450351 7.091444 15.627807 -0.826618 -21.212020 0.000000 0.000000 0.000000 -17.875076 -16.872684 -9.760034 -31.918055 -9.165235 2.114406 177.518107 -83.206284 169.210141 0.000000 0.000000 0.000000 18.100617 6.302484 15.599917 29.458908 43.338244 6.010559 -62.439728 56.609582 -21.596447 0.000000 0.000000 0.000000 
0.037339 0.929613 -0.191307 6.145321 77.101846 15.337033 0.742513 -1.798318 -14.941108 1.803824 -0.342440 -0.633681 -14.205752 -18.694702 8.530813 0.000000 0.000000 0.000000 -2.822775 -1.621532 -13.253203 -0.547275 -0.627864 3.409089 -3.059052 -6.583480 4.654562 0.000000 0.000000 0.000000 8.019735 -0.894181 1.441594 -1.034353 -2.908606 5.439798 -0.137488 13.388830 6.392717 16.326029 -1.557718 -20.465201 0.000000 0.000000 0.000000 -17.055224 -17.622416 -8.859805 -30.109687 -10.861253 2.349303 151.712734 -84.632446 -162.393043 0.000000 0.000000 0.000000 17.925218 7.789867 16.636662 26.061627 45.402821 5.518521 -58.548719 53.203866 -18.710066 0.000000 0.000000 0.000000 
0.036492 0.929543 -0.191545 6.035127 76.395791 15.034774 0.732700 -1.741889 -14.711514 1.703338 -0.339280 -0.610510 -13.845645 -18.220988 8.306383 0.000000 0.000000 0.000000 -2.917138 -1.575708 -13.102736 -0.550568 -0.585633 3.214462 -2.791018 -6.061182 4.601759 0.000000 0.000000 0.000000 7.917870 -0.889649 1.594742 -0.765262 -2.828398 5.113449 0.311949 13.448066 6.579747 16.947322 -1.954666 -20.470863 0.000000 0.000000 0.000000 -15.661766 -17.579753 -7.818796 -28.904156 -13.867145 2.577185 111.839132 -84.119265 -119.639929 0.000000 0.000000 0.000000 17.712233 8.866288 17.190947 23.517025 46.456390 4.927585 -55.456089 52.206696 -17.345964 0.000000 0.000000 0.000000 
0.036474 0.929671 -0.191748 6.376280 75.913537 15.177536 0.733358 -1.609788 -14.093617 1.365098 -0.357721 -1.266065 -13.838613 -17.759360 8.460409 0.000000 0.000000 0.000000 -3.100551 -1.618443 -13.119881 -0.555634 -0.604671 3.478872 -2.554640 -5.636727 4.476230 0.000000 0.000000 0.000000 7.875528 -0.891607 1.743614 -0.190238 -2.849944 4.660323 0.241798 13.353611 6.394615 17.085336 -2.353129 -19.796825 0.000000 0.000000 0.000000 -14.774506 -18.239454 -6.863270 -27.423326 -15.960039 2.692442 86.797662 -81.975050 -91.889398 0.000000 0.000000 0.000000 17.036149 9.830946 17.333389 23.105283 46.491710 5.011853 -53.415114 53.112400 -17.096374 0.000000 0.000000 0.000000 
0.036808 0.929663 -0.192175 6.615636 75.178225 15.381513 0.595544 -1.565009 -13.914495 1.260801 -0.354680 -1.352639 -13.499171 -17.254894 8.287959 0.000000 0.000000 0.000000 -3.438236 -1.687674 -13.148505 -0.339130 -0.638510 3.402130 -2.229839 -4.989697 4.397259 0.000000 0.000000 0.000000 7.941045 -0.901981 1.732895 0.211575 -2.702075 3.988515 0.586842 13.019245 6.530241 17.023462 -2.360916 -19.750495 0.000000 0.000000 0.000000 -13.565230 -17.736542 -6.061221 -25.938130 -18.399362 2.635132 71.083994 -78.740169 -73.354008 0.000000 0.000000 0.000000 16.450113 10.438232 17.209899 22.412685 46.706864 4.969461 -51.349565 53.222331 -16.341651 0.000000 0.000000 0.000000 
0.037278 0.929760 -0.192824 6.373699 74.169221 14.815819 0.311497 -1.384065 -13.081439 1.512446 -0.328807 -1.940698 -13.141206 -16.667093 8.076098 0.000000 0.000000 0.000000 -3.821495 -1.712394 -12.948639 0.062623 -0.732342 3.442130 -1.773117 -4.083350 4.323200 0.000000 0.000000 0.000000 8.334959 -0.979066 1.892274 0.411974 -2.404015 3.217784 0.883578 13.002411 6.736606 17.337124 -2.720810 -19.441964 0.000000 0.000000 0.000000 -13.030872 -18.204983 -5.385221 -24.556128 -19.339308 2.500836 65.792696 -75.774568 -65.573865 0.000000 0.000000 0.000000 15.529001 10.911810 16.805554 22.563788 46.756438 5.306937 -49.622558 52.736778 -15.390213 0.000000 0.000000 0.000000 
0.037712 0.929830 -0.193556 5.941589 73.185618 14.153221 0.288221 -1.324250 -12.805620 1.462984 -0.313591 -1.708651 -12.548477 -16.077422 7.641392 0.000000 0.000000 0.000000 -4.040003 -1.667172 -12.715150 0.298031 -0.750486 3.237160 -1.390043 -3.270078 4.361967 0.000000 0.000000 0.000000 8.455323 -0.976127 1.717809 0.997265 -2.766330 3.713767 0.561050 13.075494 5.509217 16.780855 -2.846147 -18.572439 0.000000 0.000000 0.000000 -12.908560 -17.444924 -5.288629 -23.959129 -19.801071 2.473824 61.015995 -75.089488 -60.343481 0.000000 0.000000 0.000000 14.915070 11.431278 16.527501 24.385354 46.195947 6.008671 -48.515624 53.245022 -15.045909 0.000000 0.000000 0.000000 
0.038413 0.929957 -0.194124 5.370785 71.690956 13.357325 0.129732 -1.239912 -12.390219 1.672895 -0.277747 -1.570966 -11.706679 -15.175733 7.056917 0.000000 0.000000 0.000000 -4.206977 -1.606425 -12.635287 0.435827 -0.743059 3.185481 -0.804856 -2.040785 4.380406 0.000000 0.000000 0.000000 8.697295 -1.014979 1.773059 0.891894 -2.473787 3.302132 1.090832 13.111265 5.613463 16.856449 -2.924317 -18.662497 0.000000 0.000000 0.000000 -13.028947 -16.607255 -5.436516 -24.032036 -19.070065 2.358943 61.853620 -74.827948 -60.608199 0.000000 0.000000 0.000000 15.608300 10.592468 16.239759 24.416320 46.181101 5.756377 -46.688122 53.566943 -14.238870 0.000000 0.000000 0.000000 
0.039558 0.929861 -0.194283 4.489426 70.714441 12.355707 0.399948 -1.208296 -12.158873 1.504225 -0.271351 -1.313406 -10.986324 -14.561046 6.492645 0.000000 0.000000 0.000000 -4.225816 -1.520207 -12.443338 0.718446 -0.780185 2.989933 -0.419766 -1.227965 4.421820 0.000000 0.000000 0.000000 8.883720 -1.027464 1.703719 1.224354 -2.470974 3.070029 1.026279 12.969619 5.364548 16.394666 -2.725858 -18.603148 0.000000 0.000000 0.000000 -13.387414 -16.058899 -5.621610 -24.810122 -17.772325 2.300404 66.841289 -75.355628 -65.361835 0.000000 0.000000 0.000000 16.116989 9.526493 15.603810 25.800264 43.547851 5.333069 -48.471831 56.493549 -15.839014 0.000000 0.000000 0.000000 
0.041099 0.929646 -0.193766 4.478206 69.935512 12.282307 0.303628 -1.205602 -12.171735 1.543946 -0.260142 -0.795384 -10.381732 -14.158378 5.965769 0.000000 0.000000 0.000000 -4.334357 -1.471508 -12.199390 0.744992 -0.733239 2.631906 -0.127295 -0.671635 4.319762 0.000000 0.000000 0.000000 8.733962 -0.932307 1.160562 1.258274 -2.382771 2.898791 1.142982 12.205308 5.958806 15.709227 -2.257748 -18.913190 0.000000 0.000000 0.000000 -14.196368 -14.474464 -6.500429 -27.215849 -16.208972 2.276368 87.382984 -78.481549 -87.882938 0.000000 0.000000 0.000000 16.526433 6.971799 13.856262 30.496019 40.166778 5.641435 -51.523864 62.730479 -18.846506 0.000000 0.000000 0.000000 
0.042980 0.929414 -0.192545 3.209748 69.053746 10.908370 0.918010 -1.222293 -12.124235 1.245647 -0.269865 -0.035941 -9.484784 -13.617714 5.151471 0.000000 0.000000 0.000000 -3.833369 -1.230377 -11.926397 0.568569 -0.652242 2.487831 0.163428 -0.094638 4.247528 0.000000 0.000000 0.000000 9.005126 -0.927476 0.849659 1.236998 -2.116505 2.304993 0.699574 11.498205 6.307463 15.846164 -2.486087 -18.827840 0.000000 0.000000 0.000000 -14.908423 -12.682781 -7.385600 -29.758465 -13.393166 1.915415 131.351702 -79.891252 -135.977651 0.000000 0.000000 0.000000 17.390687 3.500749 11.743306 35.185514 35.252017 5.089284 -58.032118 71.022803 -25.477417 0.000000 0.000000 0.000000 
0.044695 0.929088 -0.191007 3.178126 68.572453 10.746956 1.120795 -1.203015 -11.959218 0.920278 -0.282082 0.299441 -9.043504 -13.330969 4.743925 0.000000 0.000000 0.000000 -3.695627 -1.168175 -11.952302 0.335388 -0.616722 2.922873 0.384934 0.215058 3.837099 0.000000 0.000000 0.000000 9.127127 -0.869054 0.193104 0.941671 -1.873094 2.039304 0.224067 10.232602 6.717561 14.943941 -2.046988 -18.840758 0.000000 0.000000 0.000000 -16.202445 -11.029144 -8.515928 -32.577597 -10.813632 1.479104 166.870693 -76.126950 -176.113461 0.000000 0.000000 0.000000 17.271722 0.245709 9.159787 41.856145 30.124669 4.988641 -73.605043 79.045653 -40.909714 0.000000 0.000000 0.000000 
0.045952 0.928776 -0.189848 2.522422 67.424212 9.832242 1.510649 -1.176363 -11.695651 0.603062 -0.293640 0.904053 -8.159507 -12.560733 4.038716 0.000000 0.000000 0.000000 -3.188932 -0.957134 -11.978492 -0.247534 -0.476017 3.431363 0.801163 0.981415 3.500878 0.000000 0.000000 0.000000 9.257015 -0.848964 0.001786 0.825539 -1.711000 1.871811 -0.313227 8.928884 6.801024 14.600126 -2.160986 -18.506748 0.000000 0.000000 0.000000 -17.375380 -9.635772 -9.242474 -35.465117 -7.963746 0.757404 -176.795836 -71.668219 162.908543 0.000000 0.000000 0.000000 17.612461 -2.424185 7.076603 46.454591 25.796651 4.328831 -107.960320 84.101458 -76.404463 0.000000 0.000000 0.000000 
0.046768 0.928569 -0.189404 2.418721 65.803810 9.816750 1.638350 -1.145181 -11.465377 0.248338 -0.284946 0.825794 -7.313990 -11.301003 3.668982 0.000000 0.000000 0.000000 -3.204908 -0.912956 -12.333206 -0.370614 -0.414755 3.550325 1.422012 2.283538 3.412492 0.000000 0.000000 0.000000 9.181279 -0.776958 -0.527650 0.463021 -1.339377 1.353808 -0.946323 7.916523 7.114824 14.220619 -2.221436 -18.197688 0.000000 0.000000 0.000000 -18.094957 -8.503250 -9.661560 -37.247452 -6.746282 0.316979 -170.386483 -68.237461 153.492533 0.000000 0.000000 0.000000 17.599969 -4.532860 5.274097 49.334894 21.801723 3.349186 -165.765226 83.430240 -135.353516 0.000000 0.000000 0.000000 
0.047383 0.928439 -0.189636 2.236017 64.238301 9.464537 1.875162 -1.056625 -10.775757 -0.319163 -0.276549 0.371819 -6.599494 -10.061601 3.450093 0.000000 0.000000 0.000000 -3.301815 -0.889682 -12.624155 -0.333093 -0.432420 4.045806 2.072059 3.616864 3.329660 0.000000 0.000000 0.000000 9.199384 -0.732490 -0.873444 0.203581 -1.066522 0.981318 -1.699583 7.263747 7.097894 14.115642 -2.578186 -17.483387 0.000000 0.000000 0.000000 -18.775837 -8.248932 -9.709134 -37.113093 -6.404174 0.265198 -173.045479 -67.555031 158.108479 0.000000 0.000000 0.000000 17.499306 -5.934586 3.946579 50.408511 18.439388 2.233306 176.273940 80.398491 -154.234114 0.000000 0.000000 0.000000 
0.048055 0.928362 -0.190209 1.796633 61.861891 8.673101 1.991466 -0.935466 -9.816732 -0.587709 -0.251624 0.043462 -5.456890 -8.290553 3.002010 0.000000 0.000000 0.000000 -3.332172 -0.760307 -12.413190 -0.284098 -0.373380 3.790659 2.974050 5.522146 3.547832 0.000000 0.000000 0.000000 8.947008 -0.632172 -1.303701 -0.069064 -0.788560 0.665024 -2.113634 6.967650 7.214015 13.300887 -2.538175 -16.613893 0.000000 0.000000 0.000000 -18.962456 -7.905989 -9.500373 -36.437431 -7.544298 0.575042 176.645809 -67.530996 174.353652 0.000000 0.000000 0.000000 17.481264 -6.723273 3.123103 50.265340 16.396912 1.266524 172.405225 79.406256 -158.861255 0.000000 0.000000 0.000000 
0.048851 0.928246 -0.190969 1.121153 59.000859 7.477653 2.115877 -0.800191 -8.593237 -0.684219 -0.214242 -0.221748 -4.041894 -6.179947 2.429851 0.000000 0.000000 0.000000 -3.337718 -0.636357 -12.504926 -0.035593 -0.425420 4.364963 4.152303 7.927707 3.783276 0.000000 0.000000 0.000000 8.779445 -0.559822 -1.439939 -0.441653 -0.548308 0.685991 -2.281451 7.170229 7.007048 12.947725 -2.959523 -15.313344 0.000000 0.000000 0.000000 -19.171516 -8.005152 -9.065784 -34.154134 -9.357462 1.088759 159.243839 -67.558347 -158.836016 0.000000 0.000000 0.000000 17.847753 -7.000048 2.769325 48.650554 15.259768 0.348912 176.668066 80.290118 -154.957476 0.000000 0.000000 0.000000 
0.049704 0.927909 -0.191798 0.535879 56.827677 6.477818 2.409900 -0.693206 -7.274962 -1.024166 -0.195413 -1.027828 -3.015603 -4.513689 2.134282 0.000000 0.000000 0.000000 -3.188889 -0.472679 -12.040917 0.027963 -0.367673 3.929265 4.987779 9.623912 4.114268 0.000000 0.000000 0.000000 8.492600 -0.459814 -1.919039 -0.563250 -0.467711 0.829560 -2.180314 6.795310 6.811761 12.780201 -3.343866 -14.470717 0.000000 0.000000 0.000000 -19.023829 -8.248172 -8.305570 -31.949957 -12.667699 1.754120 139.676876 -65.771279 -129.418743 0.000000 0.000000 0.000000 17.802591 -6.897723 2.462604 47.077923 14.307995 -0.305158 -172.344856 81.979889 -144.092908 0.000000 0.000000 0.000000 
0.050277 0.928011 -0.192787 0.184137 54.133123 5.606942 2.616825 -0.580430 -5.623934 -1.477228 -0.186784 -2.202490 -1.937329 -2.372291 2.184165 0.000000 0.000000 0.000000 -3.245045 -0.359037 -11.756324 0.278868 -0.373233 3.788336 6.105443 11.807817 4.726245 0.000000 0.000000 0.000000 8.130334 -0.387445 -1.885069 -0.399483 -0.408019 0.628671 -2.478365 6.476448 6.706558 12.113635 -3.112302 -14.352463 0.000000 0.000000 0.000000 -18.469558 -8.478310 -7.361391 -30.553310 -16.125280 2.290152 125.085575 -61.482489 -105.976096 0.000000 0.000000 0.000000 18.177786 -6.499924 2.506820 45.944148 13.719759 -0.816317 -151.352592 84.553827 -123.963387 0.000000 0.000000 0.000000 
0.050630 0.928053 -0.193833 -0.174333 51.453119 4.526385 2.558102 -0.479726 -4.137111 -1.402078 -0.150945 -2.680774 -0.740023 -0.338469 2.031976 0.000000 0.000000 0.000000 -2.971701 -0.178084 -11.220973 0.047553 -0.261988 3.602836 7.198204 13.878871 5.288851 0.000000 0.000000 0.000000 7.782487 -0.338085 -1.541622 -0.681935 -0.297061 1.008270 -2.317705 5.805632 6.522107 12.089016 -3.387242 -14.227395 0.000000 0.000000 0.000000 -18.086957 -9.290821 -6.112685 -28.001452 -19.462694 2.616388 113.624865 -55.655116 -85.478439 0.000000 0.000000 0.000000 18.393655 -5.706305 2.610365 45.013762 13.377338 -1.127377 -93.667526 85.766739 -67.920382 0.000000 0.000000 0.000000 
0.050961 0.928377 -0.194988 -0.614409 48.526332 3.300387 2.627835 -0.412065 -2.704716 -1.453578 -0.113287 -2.829784 0.585896 1.941943 1.964407 0.000000 0.000000 0.000000 -2.898955 -0.043169 -10.355075 0.383262 -0.268181 2.934072 8.498209 16.168732 6.385122 0.000000 0.000000 0.000000 7.416016 -0.321593 -0.794607 -0.568541 -0.185065 0.625935 -2.697551 4.473489 6.400477 11.396086 -3.015742 -14.772413 0.000000 0.000000 0.000000 -17.887164 -9.857338 -4.938783 -26.204473 -21.496847 2.651164 109.585705 -52.493690 -76.831398 0.000000 0.000000 0.000000 18.476545 -4.385859 2.879788 44.787155 12.386147 -1.500876 -52.605780 84.111384 -29.457933 0.000000 0.000000 0.000000 
0.051365 0.928784 -0.196283 -1.058664 45.151767 2.578280 2.451751 -0.345550 -1.813473 -1.074808 -0.061709 -2.877437 2.097062 4.617944 2.064318 0.000000 0.000000 0.000000 -2.860976 0.059776 -10.304454 0.901842 -0.332421 2.656220 10.145288 18.761220 7.875331 0.000000 0.000000 0.000000 7.384768 -0.286549 -0.816350 -0.724828 -0.045104 0.611256 -3.092515 3.692341 6.603770 11.462701 -3.321843 -14.816366 0.000000 0.000000 0.000000 -17.529334 -10.301583 -3.855169 -25.057616 -22.453876 2.524523 108.255241 -52.649954 -75.057717 0.000000 0.000000 0.000000 19.332192 -4.214568 2.643598 44.263805 11.346580 -1.999795 -28.636452 82.618861 -8.872666 0.000000 0.000000 0.000000 
0.051748 0.929127 -0.197642 -1.582769 41.987255 1.779802 2.354396 -0.291718 -0.958862 -0.660643 -0.022856 -2.838931 3.543708 7.162472 2.238917 0.000000 0.000000 0.000000 -2.398988 0.225348 -10.417042 0.882258 -0.294044 2.838970 11.723778 21.062564 9.210219 0.000000 0.000000 0.000000 7.168247 -0.281275 -0.330084 -0.604319 0.024713 0.259105 -3.281514 1.660519 6.768757 11.033714 -3.198220 -15.562407 0.000000 0.000000 0.000000 -17.761582 -9.870388 -3.113262 -24.889338 -22.133533 2.299121 108.207973 -57.754810 -79.652219 0.000000 0.000000 0.000000 18.669433 -3.479448 2.125898 45.650906 9.931704 -2.224686 -11.747084 81.663885 4.433371 0.000000 0.000000 0.000000 
0.051675 0.929819 -0.199148 -1.865363 38.925213 1.549093 2.092941 -0.238037 -0.601467 -0.230785 0.001864 -2.768682 4.853215 9.661719 2.765202 0.000000 0.000000 0.000000 -2.309455 0.314941 -10.513014 1.313082 -0.335334 2.211760 13.450142 23.157802 11.136588 0.000000 0.000000 0.000000 6.886844 -0.226881 -0.535012 -0.278318 -0.083386 0.289712 -3.820606 0.345892 6.949463 11.029080 -3.452525 -15.803588 0.000000 0.000000 0.000000 -17.621271 -9.606737 -2.412378 -26.238768 -20.621896 2.060983 110.498757 -66.975689 -91.508129 0.000000 0.000000 0.000000 19.415289 -4.207672 1.166497 45.570552 8.585148 -2.721829 8.916167 81.281170 21.004128 0.000000 0.000000 0.000000 
0.051434 0.930048 -0.200540 -2.086781 35.854222 1.327477 1.894039 -0.189729 -0.189291 0.022658 0.017902 -2.723533 6.231992 12.177299 3.308847 0.000000 0.000000 0.000000 -2.092407 0.420896 -10.795708 1.526647 -0.344194 2.032057 15.239972 25.195267 12.878474 0.000000 0.000000 0.000000 6.680112 -0.220883 -0.260152 0.045433 -0.179893 0.204204 -4.181371 -1.667902 6.711403 10.963675 -3.617093 -16.496356 0.000000 0.000000 0.000000 -17.685752 -8.146029 -2.171424 -28.828456 -18.146295 1.624962 112.723216 -78.459878 -104.753216 0.000000 0.000000 0.000000 18.952874 -4.155037 0.298996 46.845281 6.900199 -3.078001 23.662063 78.696136 30.967653 0.000000 0.000000 0.000000 
0.051048 0.930314 -0.201724 -2.406346 32.928098 1.076059 2.077535 -0.185268 -0.101714 -0.198818 0.027950 -2.155776 7.623632 14.628094 3.825956 0.000000 0.000000 0.000000 -1.788754 0.537067 -11.249156 1.827928 -0.378508 2.208748 17.055672 27.022341 14.712383 0.000000 0.000000 0.000000 6.124937 -0.222999 0.318799 0.406398 -0.271071 -0.092369 -4.078544 -2.324757 6.888132 11.466546 -4.091288 -16.927300 0.000000 0.000000 0.000000 -18.497615 -7.615719 -2.052165 -31.181271 -15.389780 1.053227 -140.541877 -88.299396 137.063762 0.000000 0.000000 0.000000 19.104119 -5.371978 -0.920582 47.103936 4.994710 -3.682947 38.889352 76.237509 41.342448 0.000000 0.000000 0.000000 
0.050608 0.930096 -0.202789 -2.422214 30.305831 1.182079 2.063771 -0.175446 -0.239613 -0.522341 0.037946 -1.624190 8.897693 16.832784 4.334363 0.000000 0.000000 0.000000 -1.730226 0.605467 -11.566733 2.099747 -0.400975 1.869040 18.756255 28.607664 16.385096 0.000000 0.000000 0.000000 5.818378 -0.265822 1.073370 0.397577 -0.130635 -0.989580 -3.851618 -3.909271 7.170369 11.133446 -3.949097 -18.011673 0.000000 0.000000 0.000000 -18.844445 -5.781368 -2.230216 -34.529140 -11.958776 0.008979 -89.773839 -78.888851 77.184114 0.000000 0.000000 0.000000 19.471049 -5.476733 -1.617250 47.484410 3.254129 -4.260686 46.181323 72.574669 43.532950 0.000000 0.000000 0.000000 
0.049998 0.929841 -0.204148 -2.620059 28.499882 1.449797 2.630782 -0.237626 -0.932268 -1.472945 0.062920 -0.842492 9.847569 18.448413 4.613537 0.000000 0.000000 0.000000 -1.533208 0.694431 -12.382448 2.325452 -0.427710 2.073435 19.967531 29.585321 17.652560 0.000000 0.000000 0.000000 5.488018 -0.277178 1.403786 0.559359 -0.219935 -0.839594 -3.620829 -4.379968 7.205467 11.582968 -4.188100 -18.984504 0.000000 0.000000 0.000000 -19.315100 -5.751099 -1.898247 -36.494221 -9.276439 -0.877750 -88.869474 -73.490178 71.480885 0.000000 0.000000 0.000000 19.839668 -5.741908 -2.143387 48.318938 1.447487 -4.903377 46.132679 70.611698 41.353664 0.000000 0.000000 0.000000 
0.049142 0.930875 -0.205898 -2.856482 26.964275 1.111699 3.022773 -0.269335 -1.288766 -1.978657 0.070527 0.376883 10.583706 19.785315 5.180067 0.000000 0.000000 0.000000 -0.885738 0.820710 -12.617808 1.819011 -0.320875 2.446610 21.024459 30.333455 18.850205 0.000000 0.000000 0.000000 5.020025 -0.305395 2.141405 0.358892 0.030958 -2.162117 -2.773700 -5.289559 8.410985 10.899568 -3.882110 -19.676683 0.000000 0.000000 0.000000 -18.665481 -5.163733 -1.530551 -39.138241 -7.587509 -1.836560 -87.552059 -69.713665 67.234219 0.000000 0.000000 0.000000 18.884178 -6.016261 -2.665172 49.430522 0.884182 -5.143492 44.400480 68.528028 37.915605 0.000000 0.000000 0.000000 
0.048055 0.930211 -0.207986 -2.365421 25.978511 1.796252 2.897843 -0.305197 -2.257456 -2.766778 0.100917 1.132611 11.095533 20.698636 5.399730 0.000000 0.000000 0.000000 -1.645013 0.750923 -12.973324 2.480669 -0.425538 1.669292 21.808750 30.816157 19.797688 0.000000 0.000000 0.000000 3.749489 -0.270339 2.474963 1.804436 -0.681607 -1.713153 -3.192447 -5.009025 7.867935 12.424730 -4.988383 -18.970468 0.000000 0.000000 0.000000 -17.639765 -3.336860 -2.186739 -41.591244 -7.150911 -2.153944 -88.361781 -67.094915 65.285711 0.000000 0.000000 0.000000 19.628962 -5.708753 -2.584884 49.651774 0.493786 -5.306169 39.177571 66.973269 32.849704 0.000000 0.000000 0.000000 
0.046918 0.932254 -0.210305 -2.411107 24.807841 1.903220 2.811968 -0.350559 -3.247549 -2.684419 0.073088 2.575019 11.577445 21.716047 6.397238 0.000000 0.000000 0.000000 -1.276973 0.846903 -13.684928 2.088213 -0.347335 2.184428 22.752911 31.142227 21.198573 0.000000 0.000000 0.000000 3.899653 -0.300810 2.756816 1.588539 -0.497601 -2.458430 -2.267660 -4.807995 8.470658 11.007372 -4.395031 -18.090383 0.000000 0.000000 0.000000 -18.981349 -5.182047 -1.361415 -41.805921 -3.897138 -3.245285 -83.651885 -68.431447 62.772144 0.000000 0.000000 0.000000 20.531939 -4.293949 -1.872251 48.331993 1.112584 -5.081018 34.663150 64.717758 28.066911 0.000000 0.000000 0.000000 
