v -0.190072700381279 -0.1933944672346115 1.2196956872940063
v -0.10276234894990921 -0.17991667985916138 1.2711753845214844
v -0.04423017427325249 -0.1787646859884262 1.2989445924758911
v 0.010399401187896729 -0.1440039575099945 1.0009831190109253
v 0.0577230267226696 -0.13738833367824554 0.9927080869674683
v 0.10819729417562485 -0.13806994259357452 0.9867486953735352
v -0.1255464255809784 -0.1757638156414032 1.2443290948867798
v -0.06974583864212036 -0.17505215108394623 1.2900316715240479
v -0.002460034331306815 -0.175674706697464 1.2746819257736206
v 0.04047640785574913 -0.13469913601875305 0.9928237795829773
v 0.08875803649425507 -0.13775473833084106 0.9892324209213257
v -0.15004722774028778 -0.17011959850788116 1.2051177024841309
v -0.09048242121934891 -0.174272358417511 1.2756023406982422
v -0.030619332566857338 -0.17275355756282806 1.284275770187378
v 0.021534495055675507 -0.13387525081634521 0.9990133047103882
v 0.06817866116762161 -0.13363765180110931 0.9898698329925537
v 0.12281990051269531 -0.13678474724292755 0.9974783062934875
v -0.11319097131490707 -0.17308476567268372 1.2625292539596558
v -0.05671675130724907 -0.1724824160337448 1.2976279258728027
v 0.017976591363549232 -0.17213572561740875 1.2695684432983398
v 0.05010855942964554 -0.13255445659160614 0.9951694011688232
v 0.09823355078697205 -0.13450151681900024 0.9867336750030518
v -0.1373441368341446 -0.170582577586174 1.23908531665802
v -0.07963854819536209 -0.16906996071338654 1.2769378423690796
v -0.016265593469142914 -0.16933616995811462 1.2772507667541504
v 0.03056717850267887 -0.1312413364648819 0.9919365644454956
v 0.07910072058439255 -0.13196749985218048 0.9895477294921875
v -0.171648308634758 -0.1692398488521576 1.2164984941482544
v -0.10096249729394913 -0.17132847011089325 1.2725210189819336
v -0.043190427124500275 -0.16960322856903076 1.2947626113891602
v 0.011111577041447163 -0.13321514427661896 0.9998229742050171
v 0.05917679890990257 -0.13080547749996185 0.9934675097465515
v 0.10945373773574829 -0.1319008618593216 0.9878423810005188
v -0.12163736671209335 -0.16412173211574554 1.2270265817642212
v -0.06882531940937042 -0.16807937622070312 1.2917609214782715
v -0.001116252038627863 -0.16776540875434875 1.2739149332046509
v 0.04145355895161629 -0.12911291420459747 0.9912319779396057
v 0.08941563963890076 -0.13163450360298157 0.9874700903892517
v -0.14809384942054749 -0.16261275112628937 1.206288456916809
v -0.08909665793180466 -0.16741225123405457 1.2723536491394043
v -0.029562143608927727 -0.1656724065542221 1.281008005142212
v 0.0221305750310421 -0.1290442794561386 0.9996523261070251
v 0.06957179307937622 -0.12854693830013275 0.9900398254394531
v 0.1240108534693718 -0.1317872703075409 0.9961740970611572
v -0.11157756298780441 -0.16708388924598694 1.264235019683838
v -0.055848684161901474 -0.16633003950119019 1.2961620092391968
v 0.019575368613004684 -0.16448025405406952 1.2711970806121826
v 0.05108516290783882 -0.1282743364572525 0.9951444268226624
v 0.09731458127498627 -0.1258113831281662 0.9665691256523132
v -0.13549862802028656 -0.1644698828458786 1.2374656200408936
v -0.07898782938718796 -0.16401465237140656 1.2790303230285645
v -0.015346482396125793 -0.163191020488739 1.2768375873565674
v 0.0315120555460453 -0.12696848809719086 0.9909785985946655
v 0.07983434200286865 -0.1274907886981964 0.9896180629730225
v -0.16793952882289886 -0.16220369935035706 1.2168865203857422
v -0.0997295156121254 -0.16655948758125305 1.2728712558746338
v -0.04225548729300499 -0.16371406614780426 1.2907967567443848
v 0.012383931316435337 -0.12785308063030243 0.9987478852272034
v 0.060521624982357025 -0.1268019825220108 0.9934096932411194
v 0.11038998514413834 -0.12796485424041748 0.988333523273468
v -0.12050125747919083 -0.15819582343101501 1.2266197204589844
v -0.06772056221961975 -0.16308341920375824 1.2928404808044434
v -9.833946387516335e-05 -0.16201716661453247 1.2728097438812256
v 0.04230967536568642 -0.12535156309604645 0.9900255799293518
v 0.08938628435134888 -0.12783659994602203 0.9858550429344177
v -0.14648905396461487 -0.1572774350643158 1.207241177558899
v -0.08716031908988953 -0.16148100793361664 1.2689692974090576
v -0.028351478278636932 -0.1604171097278595 1.2787261009216309
v 0.022891726344823837 -0.1253400295972824 1.0003663301467896
v 0.07056371122598648 -0.12494474649429321 0.99004727602005
v 0.12494903057813644 -0.1279059797525406 0.9952062964439392
v -0.1103287935256958 -0.1625692993402481 1.2647206783294678
v -0.054573651403188705 -0.16127097606658936 1.2939534187316895
v 0.0233475249260664 -0.15837286412715912 1.2693943977355957
v 0.05198828503489494 -0.12489429861307144 0.9948088526725769
v 0.09774269908666611 -0.12194273620843887 0.9690741896629333
v -0.13181132078170776 -0.15551990270614624 1.2242437601089478
v -0.07815483957529068 -0.15996277332305908 1.2810089588165283
v -0.014305277727544308 -0.1582486629486084 1.2764723300933838
v 0.03221135213971138 -0.12302587181329727 0.9974471926689148
v 0.08036479353904724 -0.12401454150676727 0.9895206689834595
v -0.16343702375888824 -0.15634958446025848 1.213083267211914
v -0.09565425664186478 -0.15621311962604523 1.2450635433197021
v -0.04074600711464882 -0.15874531865119934 1.2862012386322021
v 0.013668222352862358 -0.12385965883731842 0.9982146620750427
v 0.06178491190075874 -0.12340199202299118 0.9932414293289185
v 0.11141117662191391 -0.12431858479976654 0.9886422753334045
v -0.1196998804807663 -0.15355630218982697 1.2299212217330933
v -0.06645715981721878 -0.15859225392341614 1.2924134731292725
v 0.0011797106126323342 -0.15707989037036896 1.271356463432312
v 0.04332052916288376 -0.12210379540920258 0.989145040512085
v 0.08902399241924286 -0.12044081836938858 0.9656516313552856
v -0.14499042928218842 -0.15264634788036346 1.208451509475708
v -0.08564353734254837 -0.1566433310508728 1.2667359113693237
v -0.026884248480200768 -0.1557924896478653 1.2769975662231445
v 0.023823732510209084 -0.1221061646938324 1.0009058713912964
v 0.07153752446174622 -0.12176648527383804 0.9899395704269409
v 0.12569329142570496 -0.12443451583385468 0.9944006204605103
v -0.10924398899078369 -0.1574084609746933 1.259831428527832
v -0.052996981889009476 -0.15665274858474731 1.2912118434906006
v -0.0012299208901822567 -0.12452402710914612 0.9993261098861694
v 0.05304597318172455 -0.12175432592630386 0.9942333698272705
v 0.09874426573514938 -0.11919713020324707 0.9723396897315979
v -0.13059382140636444 -0.15116389095783234 1.2247602939605713
v -0.0770157128572464 -0.1561804860830307 1.2830461263656616
v -0.01288692932575941 -0.15418389439582825 1.275882363319397
v 0.03327444940805435 -0.12013007700443268 0.9991999268531799
v 0.08134447038173676 -0.12099002301692963 0.9894213080406189
v -0.16082634031772614 -0.15128326416015625 1.2133177518844604
v -0.09480059891939163 -0.15166723728179932 1.2464674711227417
v -0.038905929774045944 -0.15400978922843933 1.2809739112854004
v 0.014956941828131676 -0.12049375474452972 0.9980212450027466
v 0.06310797482728958 -0.12045122683048248 0.9932713508605957
v 0.11260896921157837 -0.12097636610269547 0.9890515208244324
v -0.11843160539865494 -0.14923058450222015 1.2329462766647339
v -0.06489023566246033 -0.15416833758354187 1.2913776636123657
v 0.0032074202317744493 -0.15254268050193787 1.2704293727874756
v 0.04443112388253212 -0.11889367550611496 0.9885637164115906
v 0.09005432575941086 -0.11758671700954437 0.967889666557312
v -0.14372824132442474 -0.14850854873657227 1.209788203239441
v -0.08451394736766815 -0.15206965804100037 1.2628874778747559
v -0.025265926495194435 -0.15163159370422363 1.2758057117462158
v 0.024826601147651672 -0.11894363909959793 1.0010440349578857
v 0.07257169485092163 -0.1187606155872345 0.9897569417953491
v 0.1264844536781311 -0.1212426945567131 0.9932408332824707
v -0.1052093356847763 -0.14863315224647522 1.2414016723632812
v -0.051473356783390045 -0.15228481590747833 1.2885042428970337
v 0.0020868151914328337 -0.12000966817140579 0.9969046115875244
v 0.05412069708108902 -0.11861542612314224 0.9933058023452759
v 0.09994319081306458 -0.11672472208738327 0.9754902124404907
v -0.12955650687217712 -0.14740946888923645 1.2274669408798218
v -0.0755494236946106 -0.15249447524547577 1.284916877746582
v -0.01136627048254013 -0.15038849413394928 1.275146484375
v 0.03446999937295914 -0.11734534800052643 0.9999756813049316
v 0.08208982646465302 -0.11840687692165375 0.9889360070228577
v -0.15893393754959106 -0.14752060174942017 1.2158889770507812
v -0.09400765597820282 -0.1482682079076767 1.250311255455017
v -0.037152551114559174 -0.14969642460346222 1.2771416902542114
v 0.016159288585186005 -0.11738639324903488 0.9980152249336243
v 0.06432656198740005 -0.11770379543304443 0.9930538535118103
v 0.11364804208278656 -0.11785423755645752 0.9894910454750061
v -0.11723015457391739 -0.1457076072692871 1.2360433340072632
v -0.06342694163322449 -0.14977537095546722 1.289970874786377
v 0.005846119951456785 -0.14827217161655426 1.2701984643936157
v 0.04549862816929817 -0.11581806093454361 0.9883620738983154
v 0.09101752936840057 -0.11480438709259033 0.9714356064796448
v -0.1425376683473587 -0.14457815885543823 1.2116482257843018
v -0.08367450535297394 -0.14711211621761322 1.2589709758758545
v -0.023712731897830963 -0.14780187606811523 1.2756800651550293
v 0.02594011090695858 -0.11595549434423447 1.0010780096054077
v 0.07353990525007248 -0.11604272574186325 0.9898589253425598
v 0.12712548673152924 -0.11740537732839584 0.9897079467773438
v -0.1042817085981369 -0.14476603269577026 1.242513656616211
v -0.050041571259498596 -0.14801236987113953 1.2857953310012817
v 0.005004820413887501 -0.11622884124517441 0.9954975247383118
v 0.05506221577525139 -0.11537494510412216 0.9911916255950928
v 0.10137531161308289 -0.11395341902971268 0.9782854318618774
v -0.12874987721443176 -0.1438133716583252 1.2306246757507324
v -0.07387003302574158 -0.1485411524772644 1.2865984439849854
v -0.00973869115114212 -0.1467975527048111 1.2741230726242065
v 0.03578805923461914 -0.11450403928756714 0.9998955726623535
v 0.08288902789354324 -0.11571457237005234 0.9868350028991699
v -0.1572321206331253 -0.14381776750087738 1.2182226181030273
v -0.09302522242069244 -0.1444569081068039 1.2533226013183594
v -0.03579145297408104 -0.14565807580947876 1.2765600681304932
v 0.017357442528009415 -0.11434908211231232 0.9978170394897461
v 0.06551586091518402 -0.11498121172189713 0.9924135208129883
v 0.11454180628061295 -0.11490365117788315 0.9898763298988342
v -0.11590579152107239 -0.14193592965602875 1.2380945682525635
v -0.06198460981249809 -0.14551623165607452 1.2888067960739136
v 0.009028259664773941 -0.14419426023960114 1.271064043045044
v 0.04653258994221687 -0.1128980740904808 0.9883818626403809
v 0.09210716187953949 -0.11222165077924728 0.9748875498771667
v -0.14126072824001312 -0.14050032198429108 1.2135190963745117
v -0.0826815515756607 -0.1431979387998581 1.259953498840332
v -0.022210553288459778 -0.14417806267738342 1.2760250568389893
v 0.027078116312623024 -0.11308208107948303 1.0007832050323486
v 0.07445836067199707 -0.11344871670007706 0.9899135828018188
v 0.1282079815864563 -0.11362268775701523 0.9870511293411255
v -0.10357331484556198 -0.14101800322532654 1.2445148229599
v -0.04875321313738823 -0.14370787143707275 1.283003568649292
v 0.0071880752220749855 -0.11313289403915405 0.9949032664299011
v 0.055690426379442215 -0.11187893897294998 0.98856121301651
v 0.1028365045785904 -0.11141570657491684 0.9810791611671448
v -0.12800797820091248 -0.14022290706634521 1.2334637641906738
v -0.07213855534791946 -0.14396695792675018 1.287430763244629
v -0.007928761653602123 -0.14327718317508698 1.2720907926559448
v 0.036988724023103714 -0.11182817816734314 0.9996843338012695
v 0.084126316010952 -0.10992609709501266 0.971508800983429
v -0.1553562730550766 -0.1401132345199585 1.2205668687820435
v -0.09192007780075073 -0.14047715067863464 1.253835678100586
v -0.03457145765423775 -0.14158771932125092 1.2764277458190918
v 0.01857278123497963 -0.11151804029941559 0.9970728158950806
v 0.06694447249174118 -0.11224880814552307 0.9913120269775391
v 0.11604136228561401 -0.11181037127971649 0.9878050088882446
v -0.11473727971315384 -0.13843566179275513 1.2403299808502197
v -0.06066868454217911 -0.1413470059633255 1.2872772216796875
v 0.013136753812432289 -0.140650674700737 1.2718878984451294
v 0.04753672704100609 -0.11015214025974274 0.9887419939041138
v 0.0933118686079979 -0.10972892493009567 0.9783242344856262
v -0.13980311155319214 -0.13659250736236572 1.2149730920791626
v -0.081650011241436 -0.13967429101467133 1.2616835832595825
v -0.020627520978450775 -0.1406928151845932 1.2766588926315308
v 0.02820165455341339 -0.11032366007566452 1.0001856088638306
v 0.07534394413232803 -0.11101463437080383 0.9895941019058228
v 0.12972566485404968 -0.11074598133563995 0.9870034456253052
v -0.1027306541800499 -0.13721142709255219 1.2465914487838745
v -0.04723457992076874 -0.13940110802650452 1.2801305055618286
v 0.0092255724593997 -0.11035554111003876 0.9947127103805542
v 0.05657150223851204 -0.10891950130462646 0.986840009689331
v 0.10450435429811478 -0.10902795195579529 0.9853803515434265
v -0.12704695761203766 -0.13657183945178986 1.2356714010238647
v -0.07088746130466461 -0.13960736989974976 1.2868239879608154
v -0.005900240503251553 -0.13947750627994537 1.270470380783081
v 0.03821145370602608 -0.10941444337368011 0.9998914003372192
v 0.08507230877876282 -0.10715622454881668 0.9728598594665527
v -0.15367482602596283 -0.13639388978481293 1.2222487926483154
v -0.090821273624897 -0.13666868209838867 1.254701852798462
v -0.03313976526260376 -0.1375357210636139 1.2761733531951904
v 0.019699741154909134 -0.10880623012781143 0.9963818192481995
v 0.06771078705787659 -0.1094389259815216 0.9888420104980469
v 0.11737687140703201 -0.10911507904529572 0.9874327778816223
v -0.11368945986032486 -0.13500431180000305 1.2428325414657593
v -0.05925900861620903 -0.13736607134342194 1.2854710817337036
v 0.01920177973806858 -0.13784946501255035 1.2712640762329102
v 0.04856700822710991 -0.10755906254053116 0.9893543124198914
v 0.09452333301305771 -0.10730062425136566 0.9817204475402832
v -0.1383415311574936 -0.13297376036643982 1.2164760828018188
v -0.08071055263280869 -0.13608308136463165 1.2638219594955444
v -0.01901818811893463 -0.1371423751115799 1.2771471738815308
v 0.02929346077144146 -0.10772794485092163 0.9993677139282227
v 0.0760936439037323 -0.10871781408786774 0.9886534214019775
v 0.13230684399604797 -0.10794457048177719 0.986552357673645
v -0.10164248943328857 -0.13335196673870087 1.2485079765319824
v -0.045465704053640366 -0.13540659844875336 1.277161717414856
v 0.010775377042591572 -0.10756625980138779 0.9941116571426392
v 0.05754507705569267 -0.10650070011615753 0.9857869744300842
v 0.10612621903419495 -0.10681920498609543 0.9886512756347656
v -0.12591075897216797 -0.13293792307376862 1.2380658388137817
v -0.06961546838283539 -0.13524898886680603 1.2861906290054321
v -0.003888531355187297 -0.13536778092384338 1.2712112665176392
v 0.03951062634587288 -0.10686246305704117 0.9997656345367432
v 0.0859135091304779 -0.10477340221405029 0.9760507941246033
v -0.15202999114990234 -0.13258488476276398 1.2238587141036987
v -0.08979862928390503 -0.13292214274406433 1.2563247680664062
v -0.031658388674259186 -0.13390322029590607 1.2760851383209229
v 0.02076786197721958 -0.10629336535930634 0.9956927299499512
v 0.06695329397916794 -0.1034274622797966 0.9747828245162964
v 0.11819902062416077 -0.10617252439260483 0.9893680810928345
v -0.11275192350149155 -0.13149896264076233 1.244931697845459
v -0.05786699429154396 -0.13358089327812195 1.2835283279418945
v 0.027587218210101128 -0.1343279331922531 1.2671055793762207
v 0.049625463783741 -0.1050526425242424 0.9896844625473022
v 0.09569794684648514 -0.10489626973867416 0.9846238493919373
v -0.13703615963459015 -0.12969008088111877 1.218422293663025
v -0.07975886762142181 -0.13232280313968658 1.2665388584136963
v -0.017616331577301025 -0.13354282081127167 1.277153730392456
v 0.030394092202186584 -0.10532881319522858 0.9981851577758789
v 0.0769505649805069 -0.10262926667928696 0.9742659330368042
v -0.17202496528625488 -0.13069561123847961 1.2231366634368896
v -0.10050926357507706 -0.1294526904821396 1.2496856451034546
v -0.04381199926137924 -0.13170482218265533 1.2753987312316895
v 0.011784296482801437 -0.10462923347949982 0.9908474683761597
v 0.05959635600447655 -0.10289685428142548 0.9802550077438354
v 0.1077871099114418 -0.10442017018795013 0.9909324645996094
v -0.12467504292726517 -0.12918825447559357 1.2403924465179443
v -0.0685766413807869 -0.13130103051662445 1.285129189491272
v -0.0019750497303903103 -0.13095957040786743 1.273584246635437
v 0.04072393476963043 -0.10406433045864105 0.9974804520606995
v 0.08694595098495483 -0.10266914963722229 0.9799656271934509
v -0.1505223512649536 -0.12873031198978424 1.225776195526123
v -0.08878257870674133 -0.1291358917951584 1.2582426071166992
v -0.030304886400699615 -0.13032865524291992 1.2757213115692139
v 0.02180860936641693 -0.10369278490543365 0.9947294592857361
v 0.06801683455705643 -0.1015363484621048 0.9756602644920349
v 0.11976359784603119 -0.10376615077257156 0.989224374294281
v -0.11172124743461609 -0.12755952775478363 1.2459274530410767
v -0.056301556527614594 -0.1298503577709198 1.2813851833343506
v 0.029918579384684563 -0.12276023626327515 1.229979157447815
v 0.05057922750711441 -0.10243938863277435 0.989434003829956
v 0.09684876352548599 -0.102411188185215 0.9867343306541443
v -0.13573819398880005 -0.1260567456483841 1.2197940349578857
v -0.07894399017095566 -0.12848353385925293 1.269342064857483
v -0.016174785792827606 -0.12941443920135498 1.2765268087387085
v 0.03148024529218674 -0.10259094834327698 0.9953135251998901
v 0.07790342718362808 -0.1004318818449974 0.9763420820236206
v -0.1661285161972046 -0.126212015748024 1.224046230316162
v -0.09959159046411514 -0.12587957084178925 1.2524436712265015
v -0.04228967800736427 -0.12805058062076569 1.2751061916351318
v 0.012740560807287693 -0.1012992188334465 0.9863818287849426
v 0.06031221151351929 -0.10052614659070969 0.9794493913650513
v 0.1090741902589798 -0.10195280611515045 0.9925242066383362
v -0.12332748621702194 -0.12545613944530487 1.2424521446228027
v -0.06755677610635757 -0.12766730785369873 1.2838103771209717
v 0.0001717618142720312 -0.12593959271907806 1.2765727043151855
v 0.041660189628601074 -0.10114863514900208 0.9920440912246704
v 0.08813681453466415 -0.10062389075756073 0.9833938479423523
v -0.14912179112434387 -0.12514962255954742 1.2279932498931885
v -0.08789590746164322 -0.1254134178161621 1.2606914043426514
v -0.029066523537039757 -0.12678112089633942 1.2756205797195435
v 0.02268337272107601 -0.10087797790765762 0.9907955527305603
v 0.06916191428899765 -0.09958907961845398 0.978567898273468
v 0.1210412085056305 -0.10036515444517136 0.9841391444206238
v -0.11065754294395447 -0.12358386814594269 1.247278094291687
v -0.054618995636701584 -0.12621206045150757 1.2791523933410645
v 0.007000228855758905 -0.10944128036499023 1.0425320863723755
v 0.05162123590707779 -0.09973656386137009 0.988498866558075
v 0.0980861485004425 -0.09988568723201752 0.9882180094718933
v -0.1342596858739853 -0.1224348247051239 1.221327304840088
v -0.07803456485271454 -0.12473110854625702 1.2727298736572266
v -0.01499272882938385 -0.12484171986579895 1.2759021520614624
v 0.03246721625328064 -0.09963823854923248 0.989965558052063
v 0.07893765717744827 -0.0985381230711937 0.9798319339752197
v -0.1634240597486496 -0.12207300215959549 1.224597454071045
v -0.09857480973005295 -0.12247020751237869 1.254777431488037
v -0.04067371040582657 -0.12460702657699585 1.2747437953948975
v 0.013504753820598125 -0.09772592782974243 0.9825023412704468
v 0.06115829199552536 -0.09814049303531647 0.9816293716430664
v 0.11040639877319336 -0.09945458918809891 0.993854820728302
v -0.12220043689012527 -0.12199602276086807 1.2441222667694092
v -0.06643352657556534 -0.12430573254823685 1.2822715044021606
v -0.005796236451715231 -0.11027021706104279 1.0444114208221436
v 0.04263085499405861 -0.0981157049536705 0.987628161907196
v 0.08928635716438293 -0.09836377948522568 0.9861183166503906
v -0.14758025109767914 -0.12147169560194016 1.229140043258667
v -0.08701417595148087 -0.1219039112329483 1.263568639755249
v -0.027748623862862587 -0.12343757599592209 1.2756435871124268
v 0.02361004427075386 -0.09728941321372986 0.9849309325218201
v 0.07027634978294373 -0.09745965898036957 0.9814510345458984
v 0.12157659232616425 -0.0972101092338562 0.9810156226158142
v -0.1097554862499237 -0.12014637142419815 1.249263048171997
v -0.0527464859187603 -0.12266538292169571 1.2764242887496948
v 0.005844905972480774 -0.10440616309642792 1.0378494262695312
v 0.05260933190584183 -0.0966174453496933 0.9863071441650391
v 0.09942067414522171 -0.09732323884963989 0.9895806908607483
v -0.13297070562839508 -0.11898265779018402 1.2232227325439453
v -0.07688216120004654 -0.12135154753923416 1.2765357494354248
v -0.01370137557387352 -0.12022462487220764 1.27464759349823
v 0.033613480627536774 -0.09639082849025726 0.9855917096138
v 0.08014404773712158 -0.09642031788825989 0.9825242161750793
v -0.16120639443397522 -0.1184685081243515 1.226391077041626
v -0.0974467322230339 -0.11929371953010559 1.2567839622497559
v -0.03898729383945465 -0.12133064866065979 1.273838996887207
v 0.014023450203239918 -0.09307830780744553 0.9790248870849609
v 0.06200175732374191 -0.0958908274769783 0.9845521450042725
v 0.11173522472381592 -0.0969051644206047 0.9949120879173279
v -0.12112021446228027 -0.11855883151292801 1.2457797527313232
v -0.06496559828519821 -0.12089645862579346 1.2802340984344482
v -0.0047190263867378235 -0.10458976030349731 1.040433406829834
v 0.043698880821466446 -0.0950339138507843 0.9840680360794067
v 0.09036874026060104 -0.09594233334064484 0.988257110118866
v -0.14614616334438324 -0.11804873496294022 1.2301318645477295
v -0.08612214028835297 -0.11848939955234528 1.2662644386291504
v -0.02625545859336853 -0.11976591497659683 1.2755506038665771
v 0.024603944271802902 -0.09305553883314133 0.9810681939125061
v 0.07143768668174744 -0.0951748639345169 0.9841559529304504
v 0.12444847822189331 -0.09602229297161102 0.9965481758117676
v -0.10890556126832962 -0.11697359383106232 1.25149405002594
v -0.050662245601415634 -0.11923128366470337 1.2734630107879639
v 0.006967370864003897 -0.10102266818284988 1.0388020277023315
v 0.05351942405104637 -0.09407541900873184 0.985754668712616
v 0.10079929232597351 -0.0948004424571991 0.9911186695098877
v -0.13158780336380005 -0.11550687998533249 1.2253730297088623
v -0.07551556080579758 -0.1181756928563118 1.2798221111297607
v -0.011367563158273697 -0.11485568434000015 1.2729912996292114
v 0.03482334688305855 -0.092845119535923 0.9839858412742615
v 0.08133785426616669 -0.09417830407619476 0.9845684766769409
v -0.15951906144618988 -0.1152067482471466 1.2295721769332886
v -0.09623754769563675 -0.11607950925827026 1.2591631412506104
v -0.03725981339812279 -0.11783947795629501 1.273188829421997
v 0.01808297075331211 -0.09978505969047546 1.0341801643371582
v 0.06289198994636536 -0.09356164187192917 0.9869566559791565
v 0.11300856620073318 -0.09448463469743729 0.9960522651672363
v -0.12017825245857239 -0.11520373076200485 1.2477914094924927
v -0.06323426216840744 -0.1174478605389595 1.2779816389083862
v -0.0033345953561365604 -0.1004517674446106 1.0405597686767578
v 0.04481608048081398 -0.09182196110486984 0.9812027812004089
v 0.09152060002088547 -0.09341259300708771 0.9900767803192139
v -0.1452297866344452 -0.11488862335681915 1.232227087020874
v -0.08512735366821289 -0.11506939679384232 1.2696179151535034
v -0.024740073829889297 -0.11554153263568878 1.2755839824676514
v 0.027905279770493507 -0.09874000400304794 1.0348174571990967
v 0.07256176322698593 -0.092927947640419 0.9865769743919373
v 0.12583521008491516 -0.0932951420545578 0.9979263544082642
v -0.1079130619764328 -0.11380064487457275 1.2537074089050293
v -0.048556238412857056 -0.11584913730621338 1.270815372467041
v 0.008401605300605297 -0.0978911966085434 1.039825439453125
v 0.05450253561139107 -0.091763935983181 0.9863701462745667
v 0.1022397056221962 -0.09234253317117691 0.992892861366272
v -0.13031211495399475 -0.112114816904068 1.2274845838546753
v -0.07414121180772781 -0.11503840237855911 1.28023362159729
v -0.01419837586581707 -0.10091394931077957 1.0447993278503418
v 0.03724747896194458 -0.09622154384851456 1.0321773290634155
v 0.08244726061820984 -0.09182669967412949 0.9865263104438782
v -0.15807707607746124 -0.11240177601575851 1.2334691286087036
v -0.09508131444454193 -0.112885020673275 1.2620831727981567
v -0.03544637933373451 -0.11393829435110092 1.273163914680481
v 0.019335759803652763 -0.09604444354772568 1.0364689826965332
v 0.06393790245056152 -0.09124613553285599 0.9890257716178894
v 0.11433213204145432 -0.09214349836111069 0.9972034096717834
v -0.11924416571855545 -0.11192013323307037 1.2498538494110107
v -0.06130450591444969 -0.11390922963619232 1.2750861644744873
v -0.001958521781489253 -0.09710865467786789 1.041703462600708
v 0.04736251011490822 -0.09039978682994843 0.9991584420204163
v 0.09267421066761017 -0.09085603803396225 0.9916404485702515
v -0.1445399969816208 -0.1118309497833252 1.2347415685653687
v -0.08406379073858261 -0.1119101494550705 1.2735154628753662
v -0.023255793377757072 -0.11075379699468613 1.2747658491134644
v 0.029338525608181953 -0.09431654959917068 1.0356212854385376
v 0.0736474022269249 -0.09058661758899689 0.9886549711227417
v 0.12714804708957672 -0.09089230000972748 0.997808575630188
v -0.10670912265777588 -0.11050323396921158 1.255922794342041
v -0.04670391604304314 -0.11221114546060562 1.2690625190734863
v 0.009797090664505959 -0.0948091670870781 1.040886402130127
v 0.055266253650188446 -0.0892600491642952 0.9868924617767334
v 0.10367774963378906 -0.089922234416008 0.9946282505989075
v -0.1289827674627304 -0.11045560985803604 1.2422336339950562
v -0.0724644660949707 -0.11163443326950073 1.2784700393676758
v -0.012045972980558872 -0.09684248268604279 1.0433192253112793
v 0.03857148811221123 -0.09265687316656113 1.0331096649169922
v 0.08353395760059357 -0.08935534209012985 0.9885722398757935
v -0.1565173715353012 -0.10975097119808197 1.2371889352798462
v -0.09400374442338943 -0.10954970866441727 1.2651153802871704
v -0.03334362432360649 -0.10955493897199631 1.2744354009628296
v 0.020318754017353058 -0.09312259405851364 1.0380961894989014
v 0.0651436448097229 -0.08886361867189407 0.9908219575881958
v 0.11557073146104813 -0.08985887467861176 0.9978036880493164
v -0.11817001551389694 -0.1086038127541542 1.2521228790283203
v -0.059352755546569824 -0.11008061468601227 1.2716830968856812
v -0.0006057796417735517 -0.0940345823764801 1.043078899383545
v 0.04792625829577446 -0.08805245161056519 1.002358317375183
v 0.09384001046419144 -0.08823136240243912 0.9929836392402649
v -0.14356082677841187 -0.1085839569568634 1.237032175064087
v -0.08273466676473618 -0.10883473604917526 1.276731252670288
v -0.022056911140680313 -0.10389640182256699 1.2720011472702026
v 0.03027154691517353 -0.09144891798496246 1.0365760326385498
v 0.07465328276157379 -0.08802895992994308 0.9902672171592712
v 0.1284240186214447 -0.08854091912508011 0.9973982572555542
v -0.10536293685436249 -0.10700427740812302 1.2585954666137695
v -0.04466332867741585 -0.10809370875358582 1.2728736400604248
v 0.011116341687738895 -0.09182103723287582 1.0419343709945679
v 0.05646026134490967 -0.08697862178087234 0.9948210120201111
v 0.10507062822580338 -0.08762326836585999 0.9964451193809509
v -0.1281053125858307 -0.10714681446552277 1.245232105255127
v -0.07061927020549774 -0.10811962932348251 1.275564432144165
v -0.010535442270338535 -0.09350372850894928 1.0442999601364136
v 0.0391152948141098 -0.08990562707185745 1.031402587890625
v 0.08459965139627457 -0.08669295907020569 0.9904058575630188
v -0.1549626886844635 -0.10701994597911835 1.2405133247375488
v -0.09286491572856903 -0.1061960980296135 1.268799066543579
v -0.031850799918174744 -0.10434053838253021 1.27577543258667
v 0.021244144067168236 -0.09053512662649155 1.0395411252975464
v 0.06622408330440521 -0.08644019812345505 0.9924681782722473
v 0.11670088768005371 -0.08768779784440994 0.9981321692466736
v -0.11695080250501633 -0.10526485741138458 1.2546334266662598
v -0.05754876136779785 -0.10618124157190323 1.270022988319397
v 0.0006660036742687225 -0.09102506190538406 1.0443508625030518
v 0.04859039559960365 -0.08603162318468094 1.0045241117477417
v 0.09500758349895477 -0.0857180580496788 0.9941650032997131
v -0.1396532505750656 -0.10480741411447525 1.2315348386764526
v -0.08122733235359192 -0.10574899613857269 1.2774722576141357
v -0.023556262254714966 -0.09319446980953217 1.1717652082443237
v 0.031012415885925293 -0.08919215202331543 1.0370901823043823
v 0.07563859969377518 -0.08541132509708405 0.9915224313735962
v 0.12991568446159363 -0.08631516247987747 0.9969756603240967
v -0.10408686101436615 -0.10359904915094376 1.2617250680923462
v -0.04244598373770714 -0.10370856523513794 1.2806439399719238
v 0.012267682701349258 -0.08907289057970047 1.0429767370224
v 0.05752643942832947 -0.08474583178758621 0.9988822340965271
v 0.10639698058366776 -0.08542075753211975 0.9980400800704956
v -0.12700527906417847 -0.10411535203456879 1.24776029586792
v -0.06888943910598755 -0.10465303808450699 1.272473692893982
v -0.00909676868468523 -0.0902867540717125 1.0454585552215576
v 0.040333233773708344 -0.08690187335014343 1.0236600637435913
v 0.08570143580436707 -0.0841611921787262 0.9922651052474976
v -0.1536150574684143 -0.10395573824644089 1.24265456199646
v -0.09189043194055557 -0.10317270457744598 1.2728796005249023
v -0.026538392528891563 -0.0920250415802002 0.9941816329956055
v 0.02206827700138092 -0.08814568817615509 1.040953278541565
v 0.0673128291964531 -0.08412783592939377 0.9940043091773987
v 0.11788368225097656 -0.08554869890213013 0.9980543851852417
v -0.11566701531410217 -0.1019815057516098 1.2573144435882568
v -0.05592796951532364 -0.10240592062473297 1.2741464376449585
v 0.0019425892969593406 -0.08811342716217041 1.0455633401870728
v 0.049279119819402695 -0.08377255499362946 1.0072299242019653
v 0.09625096619129181 -0.0833297073841095 0.9952646493911743
v -0.13813383877277374 -0.10162709653377533 1.2284976243972778
v -0.07970505952835083 -0.10250966250896454 1.2753846645355225
v -0.016727861016988754 -0.0888018012046814 0.992701530456543
v 0.03144066035747528 -0.08734405040740967 1.0350584983825684
v 0.07667282223701477 -0.08290979266166687 0.9924416542053223
v 0.13253748416900635 -0.08451606333255768 0.9966903924942017
v -0.10294162482023239 -0.1004219725728035 1.2650493383407593
v -0.04085620865225792 -0.0989229753613472 1.283711314201355
v 0.013274011202156544 -0.08645593374967575 1.044029951095581
v 0.05857795849442482 -0.08250802755355835 1.0004757642745972
v 0.10763814300298691 -0.08333925902843475 0.9986211061477661
v -0.12554213404655457 -0.1011897623538971 1.2499678134918213
v -0.0673566460609436 -0.10139089077711105 1.2718234062194824
v -0.007875324226915836 -0.08722351491451263 1.0466185808181763
v 0.04119250178337097 -0.08284907788038254 1.0132291316986084
v 0.08687378466129303 -0.08167178183794022 0.9940973520278931
v -0.15270861983299255 -0.10067678987979889 1.24473237991333
v -0.09079086780548096 -0.10023476183414459 1.275299072265625
v -0.025522997602820396 -0.08582250028848648 0.9895257949829102
v 0.02292228303849697 -0.08592477440834045 1.0420771837234497
v 0.06836645305156708 -0.08173099905252457 0.9944630265235901
v 0.11910131573677063 -0.08347810804843903 0.9975447058677673
v -0.11421637237071991 -0.09866451472043991 1.2602335214614868
v -0.053792450577020645 -0.09871074557304382 1.282546043395996
v 0.003324290504679084 -0.08523450791835785 1.046470046043396
v 0.05010596290230751 -0.08144662529230118 1.0069243907928467
v 0.09748239815235138 -0.08093292266130447 0.9964379668235779
v -0.1367790549993515 -0.09852390736341476 1.2263303995132446
v -0.07823136448860168 -0.09936069697141647 1.2739825248718262
v -0.015011271461844444 -0.08394362032413483 0.9864128828048706
v 0.03248260170221329 -0.08201836049556732 1.0154632329940796
v 0.07781779766082764 -0.080447256565094 0.993547260761261
v -0.173236683011055 -0.10060006380081177 1.2240839004516602
v -0.10180392861366272 -0.09735424816608429 1.2682416439056396
v -0.035649433732032776 -0.08567768335342407 0.9959756135940552
v 0.014094150625169277 -0.08386754244565964 1.0450384616851807
v 0.05941979959607124 -0.08009704202413559 0.9988717436790466
v 0.10878314822912216 -0.08128371089696884 0.9979622960090637
v -0.12429726868867874 -0.09853081405162811 1.2526878118515015
v -0.06580761820077896 -0.09822011739015579 1.2785160541534424
v -0.006610373966395855 -0.08390550315380096 1.0469939708709717
v 0.04179653525352478 -0.08032549917697906 1.009939193725586
v 0.08800625056028366 -0.07921898365020752 0.9956645369529724
v -0.1519877016544342 -0.0976843386888504 1.2470227479934692
v -0.08965280652046204 -0.09725868701934814 1.275503396987915
v -0.02437136322259903 -0.08148592710494995 0.9868485331535339
v 0.02373732626438141 -0.0840698853135109 1.0428740978240967
v 0.06934212148189545 -0.07922220230102539 0.9933634400367737
v 0.12020412087440491 -0.08118364959955215 0.9965969920158386
v -0.11280909925699234 -0.09538670629262924 1.2632153034210205
v -0.052273355424404144 -0.09551500529050827 1.2852100133895874
v 0.004684611689299345 -0.08240696787834167 1.0471454858779907
v 0.05079855024814606 -0.07892052829265594 1.0050116777420044
v 0.09864036738872528 -0.0786086693406105 0.9977047443389893
v -0.13533049821853638 -0.09528747946023941 1.2248687744140625
v -0.07691609114408493 -0.09672589600086212 1.2773268222808838
v -0.014102709479629993 -0.08016631752252579 0.9837725758552551
v 0.03323430195450783 -0.07903121411800385 1.0121169090270996
v 0.0790708065032959 -0.07806035876274109 0.9950357675552368
v -0.16807638108730316 -0.09555058926343918 1.2182539701461792
v -0.1007661372423172 -0.09466718882322311 1.2720074653625488
v -0.03397997096180916 -0.08098401874303818 0.9915585517883301
v 0.014923001639544964 -0.08140929043292999 1.0460448265075684
v 0.06034586578607559 -0.0775703489780426 0.9966189861297607
v 0.10965236276388168 -0.07943450659513474 0.9968059659004211
v -0.12337735295295715 -0.09546186774969101 1.2558109760284424
v -0.0641234740614891 -0.09519398957490921 1.2849200963974
v -0.0033721302170306444 -0.07919488102197647 0.9818493127822876
v 0.04250815883278847 -0.07765328884124756 1.0071715116500854
v 0.08909682184457779 -0.07673560827970505 0.9968544244766235
v -0.15116272866725922 -0.09483391791582108 1.2489806413650513
v -0.0884307324886322 -0.09463952481746674 1.2768951654434204
v -0.02324964851140976 -0.0781717449426651 0.9846375584602356
v 0.023880820721387863 -0.07804940640926361 1.0146608352661133
v 0.07011765241622925 -0.07658112794160843 0.990857720375061
v 0.12132305651903152 -0.07880138605833054 0.9942079186439514
v -0.11163876950740814 -0.09246338158845901 1.2661049365997314
v -0.05020999163389206 -0.08996280282735825 1.2713509798049927
v 0.005831461399793625 -0.07929603010416031 1.047810435295105
v 0.051621660590171814 -0.07629695534706116 1.0031967163085938
v 0.09968803077936172 -0.07625473290681839 0.9985640645027161
v -0.13385415077209473 -0.09204818308353424 1.2238608598709106
v -0.07560181617736816 -0.0943862795829773 1.283935546875
v -0.01296640932559967 -0.07717713713645935 0.9818872213363647
v 0.03389858081936836 -0.07629766315221786 1.008948802947998
v 0.08037377148866653 -0.07562850415706635 0.9966561198234558
v -0.16474930942058563 -0.0914890468120575 1.2125316858291626
v -0.09965688735246658 -0.0921723023056984 1.2757251262664795
v -0.03259103372693062 -0.0775424987077713 0.989688515663147
v 0.01570993848145008 -0.07898343354463577 1.047105073928833
v 0.06130961328744888 -0.07499470561742783 0.9943661093711853
v 0.1103089228272438 -0.07570257037878036 0.9891676902770996
v -0.12229007482528687 -0.09247979521751404 1.2594767808914185
v -0.062366459518671036 -0.09209459275007248 1.2873554229736328
v -0.0023504639975726604 -0.07604075223207474 0.9801784157752991
v 0.043283674865961075 -0.07490544021129608 1.0047789812088013
v 0.09019315987825394 -0.0742073580622673 0.9978850483894348
v -0.1500011384487152 -0.09165512770414352 1.2503325939178467
v -0.08720429986715317 -0.0920829251408577 1.2807741165161133
v -0.022041691467165947 -0.07525748759508133 0.9827229380607605
v 0.0247087012976408 -0.07500133663415909 1.0116196870803833
v 0.07089410722255707 -0.07379216700792313 0.988341212272644
v 0.12075172364711761 -0.07462047040462494 0.9806610941886902
v -0.11053938418626785 -0.08987867087125778 1.2697442770004272
v -0.041999369859695435 -0.07805625349283218 0.9953082203865051
v 0.006721384823322296 -0.07622034102678299 1.0484380722045898
v 0.052497509866952896 -0.07372891157865524 1.0015631914138794
v 0.10042106360197067 -0.07373838871717453 0.9985731244087219
v -0.1324342042207718 -0.08879779279232025 1.2231076955795288
v -0.07432500272989273 -0.09194393455982208 1.2888669967651367
v -0.01179579272866249 -0.07422924786806107 0.9804671406745911
v 0.03473173826932907 -0.07351810485124588 1.0060945749282837
v 0.08159671723842621 -0.07315006852149963 0.9980972409248352
v -0.16142158210277557 -0.08829837292432785 1.2105367183685303
v -0.09846582263708115 -0.08954820781946182 1.2787983417510986
v -0.03134265914559364 -0.07457944750785828 0.9881889224052429
v 0.016480302438139915 -0.07684899866580963 1.0471502542495728
v 0.062227413058280945 -0.07236776500940323 0.9921042919158936
v 0.1110234335064888 -0.07284754514694214 0.9874461889266968
v -0.1210976243019104 -0.08943476527929306 1.263404369354248
v -0.06100456789135933 -0.08830279856920242 1.2868376970291138
v -0.0015387627063319087 -0.07294990122318268 0.9791641235351562
v 0.044071462005376816 -0.07220836728811264 1.0027806758880615
v 0.0912572517991066 -0.07169239223003387 0.998934805393219
v -0.14885252714157104 -0.08860878646373749 1.2500903606414795
v -0.0859140008687973 -0.08962123841047287 1.2853658199310303
v -0.020766206085681915 -0.07247372716665268 0.9811293482780457
v 0.02573307231068611 -0.07208901643753052 1.0088207721710205
v 0.07183652371168137 -0.07118065655231476 0.9859640598297119
v 0.12174943834543228 -0.07171684503555298 0.9792366623878479
v -0.10940654575824738 -0.08739717304706573 1.274582862854004
v -0.04036781191825867 -0.07418157905340195 0.9921349287033081
v 0.0071577513590455055 -0.07324020564556122 1.0489397048950195
v 0.053419314324855804 -0.07116571068763733 0.9998424053192139
v 0.10115616768598557 -0.0710078552365303 0.9971018433570862
v -0.13098005950450897 -0.08555865287780762 1.222642421722412
v -0.07267606258392334 -0.08896414190530777 1.2903486490249634
v -0.0105326222255826 -0.07145003974437714 0.9793221950531006
v 0.03558387607336044 -0.0708058699965477 1.0035738945007324
v 0.08270937204360962 -0.07063664495944977 0.9993911981582642
v -0.15886691212654114 -0.08513380587100983 1.2104246616363525
v -0.09714296460151672 -0.08695138990879059 1.2813081741333008
v -0.030075151473283768 -0.07159172743558884 0.9862035512924194
v 0.016958964988589287 -0.07080844044685364 1.0141267776489258
v 0.06314507871866226 -0.06988001614809036 0.989702582359314
v 0.11181677877902985 -0.07025265693664551 0.9860953688621521
v -0.11998100578784943 -0.08647030591964722 1.2675936222076416
v -0.05089389532804489 -0.0747181624174118 0.9971672296524048
v -0.0004477478505577892 -0.0701427012681961 0.9783408641815186
v 0.044952332973480225 -0.06960062682628632 1.0010513067245483
v 0.09220930188894272 -0.06917136907577515 1.0000494718551636
v -0.14733469486236572 -0.08540309220552444 1.2479848861694336
v -0.08433172106742859 -0.08695169538259506 1.2878711223602295
v -0.019529113546013832 -0.06974711269140244 0.9798030257225037
v 0.026664773002266884 -0.06944342702627182 1.0060292482376099
v 0.07283663004636765 -0.06869425624608994 0.9839967489242554
v 0.12291349470615387 -0.06916462630033493 0.9787571430206299
v -0.10827155411243439 -0.08484505861997604 1.277780294418335
v -0.03906736895442009 -0.07087372988462448 0.9902803897857666
v 0.007606600411236286 -0.06995996087789536 1.048143982887268
v 0.054357390850782394 -0.06869159638881683 0.9976167678833008
v 0.10236254334449768 -0.06860935688018799 0.9949491620063782
v -0.12959904968738556 -0.08233717083930969 1.2226463556289673
v -0.07031887024641037 -0.08587063103914261 1.2900454998016357
v -0.009351387619972229 -0.06871158629655838 0.978201150894165
v 0.03645375743508339 -0.0681648924946785 1.0013810396194458
v 0.08375697582960129 -0.06808403134346008 1.0006518363952637
v -0.1570708155632019 -0.08256395906209946 1.215019702911377
v -0.09572649002075195 -0.08397828042507172 1.2824780941009521
v -0.028843587264418602 -0.06869548559188843 0.984283447265625
v 0.01797342300415039 -0.06820005178451538 1.0117623805999756
v 0.06407660990953445 -0.06746617704629898 0.9871423244476318
v 0.11271444708108902 -0.06769527494907379 0.9847452044487
v -0.11883017420768738 -0.08362286537885666 1.2717726230621338
v -0.0486818365752697 -0.07039641588926315 0.9929928779602051
v 0.0005827213171869516 -0.0674525648355484 0.9775072336196899
v 0.04586755484342575 -0.06703019887208939 0.9995145201683044
v 0.09310726821422577 -0.06670162826776505 1.0010967254638672
v -0.1458524614572525 -0.08183430135250092 1.2444415092468262
v -0.08254627138376236 -0.08385024219751358 1.2891640663146973
v -0.018330290913581848 -0.06704960018396378 0.9785372018814087
v 0.02760218270123005 -0.06682055443525314 1.0034191608428955
v 0.07386590540409088 -0.06627380847930908 0.9819309711456299
v 0.12398146837949753 -0.06657721847295761 0.9779132008552551
v -0.10696082562208176 -0.08192232251167297 1.2789654731750488
v -0.03785914555191994 -0.06781628727912903 0.9887307286262512
v 0.008148803375661373 -0.0672367513179779 1.0443881750106812
v 0.055291786789894104 -0.06619113683700562 0.9949125647544861
v 0.10359032452106476 -0.06604988873004913 0.9915924668312073
v -0.12816698849201202 -0.07903949916362762 1.2232633829116821
v -0.06822780519723892 -0.08148552477359772 1.2857580184936523
v -0.008213590830564499 -0.06605715304613113 0.9772390127182007
v 0.03733440861105919 -0.06552760303020477 0.99942547082901
v 0.08477447181940079 -0.06550756841897964 1.0016382932662964
v -0.1553892344236374 -0.07947433739900589 1.2192832231521606
v -0.0943412035703659 -0.08088784664869308 1.2834430932998657
v -0.02762618660926819 -0.0658835619688034 0.9828320145606995
v 0.019012726843357086 -0.06563753634691238 1.0090079307556152
v 0.06496714055538177 -0.06501813977956772 0.9846426248550415
v 0.11358370631933212 -0.06505756080150604 0.9835751056671143
v -0.11778540164232254 -0.08067652583122253 1.2749052047729492
v -0.047154881060123444 -0.06693959981203079 0.9903377890586853
v 0.001542491838335991 -0.06477876007556915 0.9767568111419678
v 0.046700991690158844 -0.06448440998792648 0.9981722831726074
v 0.09398606419563293 -0.06424882262945175 1.002068281173706
v -0.14431406557559967 -0.07834133505821228 1.2413619756698608
v -0.08055932074785233 -0.08070650696754456 1.288926362991333
v -0.017160622403025627 -0.06441796571016312 0.9774948358535767
v 0.028508028015494347 -0.06413938105106354 1.001042366027832
v 0.07481174916028976 -0.0637325718998909 0.9797994494438171
v 0.12523317337036133 -0.0639519989490509 0.9773151278495789
v -0.10534341633319855 -0.07891973853111267 1.27983820438385
v -0.03664565086364746 -0.06492497026920319 0.9872353076934814
v 0.00859434437006712 -0.0638304278254509 1.0383051633834839
v 0.056184906512498856 -0.06370022147893906 0.9919322729110718
v 0.10432538390159607 -0.06332451105117798 0.9896358251571655
v -0.12660355865955353 -0.07591614872217178 1.22465181350708
v -0.05790106579661369 -0.06657031923532486 0.9912882447242737
v -0.007154123391956091 -0.06343807280063629 0.9764962792396545
v 0.03817421942949295 -0.06288629025220871 0.9976948499679565
v 0.0857289731502533 -0.06293871253728867 1.002360224723816
v -0.1539374142885208 -0.07630538940429688 1.2215352058410645
v -0.09284333139657974 -0.07749134302139282 1.282234787940979
v -0.02642298862338066 -0.06320349127054214 0.9815494418144226
v 0.019973278045654297 -0.06308885663747787 1.00636887550354
v 0.06583986431360245 -0.06248489394783974 0.98231041431427
v 0.11448916792869568 -0.06245613843202591 0.9825862050056458
v -0.11648453772068024 -0.07753948122262955 1.2760196924209595
v -0.04589967429637909 -0.06392396986484528 0.9882032871246338
v 0.0025640404783189297 -0.06212405487895012 0.9762092232704163
v 0.04744550585746765 -0.061944443732500076 0.9969701170921326
v 0.09492267668247223 -0.06188597530126572 1.0027329921722412
v -0.14244861900806427 -0.0750841349363327 1.2386928796768188
v -0.07778330147266388 -0.07761881500482559 1.2856473922729492
v -0.016096465289592743 -0.061823923140764236 0.9766552448272705
v 0.02938852831721306 -0.06138528138399124 0.9989210963249207
v 0.07571546733379364 -0.06100587919354439 0.9775351881980896
v 0.12666606903076172 -0.06144241988658905 0.9765629768371582
v -0.10365300625562668 -0.07514125108718872 1.277249813079834
v -0.03551796078681946 -0.0621897429227829 0.985718846321106
v 0.012625164352357388 -0.06105927750468254 0.9767017960548401
v 0.05697576329112053 -0.061115849763154984 0.9888894557952881
v 0.10508786886930466 -0.06068114563822746 0.9880886077880859
v -0.1249842494726181 -0.07276467233896255 1.2262777090072632
v -0.05580281466245651 -0.06283602863550186 0.9871090650558472
v -0.006144629325717688 -0.06073431670665741 0.9758785963058472
v 0.03897210583090782 -0.06025320291519165 0.996098518371582
v 0.08669614791870117 -0.06043732538819313 1.0031617879867554
v -0.15243887901306152 -0.07268929481506348 1.2220242023468018
v -0.09128208458423615 -0.07397432625293732 1.2813128232955933
v -0.025317760184407234 -0.060516826808452606 0.9803439974784851
v 0.02100776508450508 -0.06031952425837517 1.0036768913269043
v 0.06669490784406662 -0.05989677831530571 0.9800993204116821
v 0.11556082218885422 -0.059903889894485474 0.9818434119224548
v -0.11509706825017929 -0.07401925325393677 1.275307059288025
v -0.044699281454086304 -0.06104760989546776 0.9864794015884399
v 0.0035805334337055683 -0.05939555913209915 0.975797712802887
v 0.048160310834646225 -0.059410661458969116 0.995792031288147
v 0.09586077928543091 -0.05963844433426857 1.0031288862228394
v -0.14084719121456146 -0.0716293677687645 1.2361572980880737
v -0.07422108203172684 -0.07426223158836365 1.2827796936035156
v -0.015034522861242294 -0.059198047965765 0.9760022759437561
v 0.03023788519203663 -0.058670524507761 0.9969902038574219
v 0.07668285816907883 -0.058305684477090836 0.974987268447876
v 0.1287272423505783 -0.05898271128535271 0.9747411608695984
v -0.10209229588508606 -0.07123059779405594 1.2749347686767578
v -0.03443298861384392 -0.059536658227443695 0.9842526912689209
v 0.013308770023286343 -0.05828925222158432 0.9762327671051025
v 0.057807084172964096 -0.05847000330686569 0.9856447577476501
v 0.10597775131464005 -0.05812700465321541 0.9870318174362183
v -0.12363805621862411 -0.06957397609949112 1.2277531623840332
v -0.05427371710538864 -0.05959521234035492 0.9840158820152283
v -0.0051462724804878235 -0.05793294683098793 0.9750058650970459
v 0.039780132472515106 -0.057669155299663544 0.9945703744888306
v 0.08763682097196579 -0.058050189167261124 1.0038973093032837
v -0.15131743252277374 -0.06908968091011047 1.2230015993118286
v -0.08966494351625443 -0.07060045003890991 1.281605839729309
v -0.024229826405644417 -0.057923950254917145 0.9791985750198364
v 0.02211594209074974 -0.057686664164066315 1.0009011030197144
v 0.06752705574035645 -0.05725650489330292 0.9779036641120911
v 0.11660847812891006 -0.05736406892538071 0.9805048108100891
v -0.11348748207092285 -0.07064145803451538 1.2746881246566772
v -0.04356501251459122 -0.05836285278201103 0.9851394295692444
v 0.004529393278062344 -0.05677733197808266 0.9755468964576721
v 0.048898737877607346 -0.05691419541835785 0.9944483041763306
v 0.09664983302354813 -0.05737745761871338 1.0028846263885498
v -0.13881546258926392 -0.06814762949943542 1.2336180210113525
v -0.06824319064617157 -0.05821223556995392 0.9761962890625
v -0.013945499435067177 -0.056539345532655716 0.9752205014228821
v 0.031064441427588463 -0.05600888282060623 0.995185911655426
v 0.07773927599191666 -0.055660925805568695 0.9727833867073059
v -0.17334705591201782 -0.06871715933084488 1.225150465965271
v -0.1006881594657898 -0.06803043186664581 1.2757954597473145
v -0.033365972340106964 -0.05694931745529175 0.982803225517273
v 0.014213220216333866 -0.055811308324337006 0.9764657020568848
v 0.05860501155257225 -0.05578175187110901 0.9829216003417969
v 0.106971874833107 -0.05558563396334648 0.9861856698989868
v -0.12256338447332382 -0.06624545902013779 1.2299034595489502
v -0.05292545258998871 -0.05663513392210007 0.9810207486152649
v -0.004205482546240091 -0.05520619451999664 0.9742987751960754
v 0.04057847708463669 -0.055211763828992844 0.9931429624557495
v 0.08860594034194946 -0.055801067501306534 1.0040595531463623
v -0.1498560756444931 -0.06606744229793549 1.2241833209991455
v -0.0874735414981842 -0.06733832508325577 1.2803750038146973
v -0.023158567026257515 -0.055383820086717606 0.9777514934539795
v 0.023285020142793655 -0.05495116859674454 0.9984555244445801
v 0.06831017136573792 -0.05464274063706398 0.9757187962532043
v 0.11767429113388062 -0.05475577339529991 0.9788815975189209
v -0.11167316883802414 -0.06761348247528076 1.2744832038879395
v -0.04242296144366264 -0.055761754512786865 0.9840536117553711
v 0.005403233226388693 -0.054253511130809784 0.9754095673561096
v 0.04971996322274208 -0.05444379895925522 0.9927047491073608
v 0.09780760109424591 -0.05455053225159645 0.9991973042488098
v -0.13654696941375732 -0.06490176916122437 1.2313364744186401
v -0.0653848722577095 -0.055109404027462006 0.9712845087051392
v -0.0129245575517416 -0.053804367780685425 0.9742224812507629
v 0.03188538923859596 -0.05348821356892586 0.993491530418396
v 0.07885337620973587 -0.05302536115050316 0.9710016250610352
v -0.16841234266757965 -0.06488730758428574 1.2309733629226685
v -0.09922222793102264 -0.06505157053470612 1.2770438194274902
v -0.03229965642094612 -0.054372143000364304 0.9814562201499939
v 0.015107369981706142 -0.05337318778038025 0.9769304990768433
v 0.05938153341412544 -0.05321187153458595 0.9805881381034851
v 0.10800331830978394 -0.053040869534015656 0.9855334758758545
v -0.12327993661165237 -0.06655839830636978 1.2607035636901855
v -0.05151277780532837 -0.05385613068938255 0.9786932468414307
v -0.0033102219458669424 -0.052571021020412445 0.9739081263542175
v 0.04138553515076637 -0.05279643088579178 0.9918105602264404
v 0.08948423713445663 -0.05308662727475166 1.0009876489639282
v -0.1480334997177124 -0.06302005797624588 1.2248018980026245
v -0.0852467343211174 -0.06389879435300827 1.2769801616668701
v -0.02212839387357235 -0.0528331883251667 0.9764758348464966
v 0.024185966700315475 -0.052065037190914154 0.9962603449821472
v 0.06906790286302567 -0.05205416679382324 0.9735342264175415
v 0.11881803721189499 -0.05224258080124855 0.977920651435852
v -0.11007911711931229 -0.06418757885694504 1.2723352909088135
v -0.041303038597106934 -0.05323981121182442 0.9831736087799072
v 0.006308951880782843 -0.0518009327352047 0.9753929972648621
v 0.05070541054010391 -0.052011724561452866 0.9901313781738281
v 0.09905734658241272 -0.051687370985746384 0.9947108030319214
v -0.13498559594154358 -0.06163761019706726 1.2295887470245361
v -0.06280695647001266 -0.05173167213797569 0.9681428074836731
v -0.011937575414776802 -0.051158126443624496 0.97342848777771
v 0.032711610198020935 -0.05103485658764839 0.9919489026069641
v 0.0799720510840416 -0.050192397087812424 0.9695231914520264
v -0.16614291071891785 -0.061709288507699966 1.2331428527832031
v -0.09769611805677414 -0.06183148920536041 1.2744883298873901
v -0.031253885477781296 -0.051859065890312195 0.9801621437072754
v 0.01581573113799095 -0.05092162638902664 0.9774826169013977
v 0.06018674746155739 -0.05071346461772919 0.9782854318618774
v 0.10907529294490814 -0.050614457577466965 0.9851644039154053
v -0.12154383957386017 -0.06306270509958267 1.2579518556594849
v -0.05017005652189255 -0.051279280334711075 0.9766546487808228
v -0.0024294345639646053 -0.0500735267996788 0.9737411737442017
v 0.04223121330142021 -0.05033092573285103 0.9904735088348389
v 0.09033990651369095 -0.05033552274107933 0.9972644448280334
v -0.146307110786438 -0.060019489377737045 1.2245904207229614
v -0.08260009437799454 -0.06068895384669304 1.2725719213485718
v -0.02108844742178917 -0.05027998983860016 0.9753129482269287
v 0.024831609800457954 -0.04929004982113838 0.9943744540214539
v 0.06983789056539536 -0.04943317547440529 0.9713879227638245
v 0.12007512152194977 -0.049843210726976395 0.9775820970535278
v -0.10898231714963913 -0.06044457107782364 1.266171932220459
v -0.0402613990008831 -0.05065404996275902 0.9823619723320007
v 0.007399494759738445 -0.049467701464891434 0.9753791093826294
v 0.051738888025283813 -0.04954884946346283 0.9866517186164856
v 0.10035287588834763 -0.0492570623755455 0.993156373500824
v -0.1335950493812561 -0.058642562478780746 1.2284924983978271
v -0.060495030134916306 -0.049011122435331345 0.9656027555465698
v -0.010965504683554173 -0.04860352352261543 0.9728183150291443
v 0.03358840197324753 -0.04859597980976105 0.9906076788902283
v 0.08117420971393585 -0.049898918718099594 0.9999607801437378
v -0.16397303342819214 -0.059178922325372696 1.2335965633392334
v -0.09604547917842865 -0.058401595801115036 1.2698864936828613
v -0.030260901898145676 -0.04932217299938202 0.9788568019866943
v 0.016642067581415176 -0.04812299460172653 0.9775476455688477
v 0.061028819531202316 -0.04820268601179123 0.975589394569397
v 0.11012758314609528 -0.048259224742650986 0.9850071668624878
v -0.11997409909963608 -0.059061311185359955 1.254758358001709
v -0.04890639707446098 -0.0487731471657753 0.9747095108032227
v -0.0015205872477963567 -0.047723326832056046 0.9736916422843933
v 0.04311118274927139 -0.047898802906274796 0.9892152547836304
v 0.09133324772119522 -0.04795156791806221 0.9954394698143005
v -0.1446339637041092 -0.056915249675512314 1.2243282794952393
v -0.07966630905866623 -0.0574694462120533 1.2678114175796509
v -0.020043345168232918 -0.04764637351036072 0.9738014936447144
v 0.025240689516067505 -0.04659988731145859 0.9929235577583313
v 0.07066008448600769 -0.04690992087125778 0.9694036841392517
v 0.12147130817174911 -0.047471318393945694 0.9776650667190552
v -0.10754954069852829 -0.0568096823990345 1.2602671384811401
v -0.03922395780682564 -0.04795314371585846 0.9815559387207031
v 0.008467592298984528 -0.04716652259230614 0.97560715675354
v 0.05270468071103096 -0.04702649638056755 0.9831246733665466
v 0.1014898270368576 -0.04678132385015488 0.992507815361023
v -0.13211706280708313 -0.055715154856443405 1.2275769710540771
v -0.05868607014417648 -0.04642428085207939 0.9634025692939758
v -0.010056047700345516 -0.046154044568538666 0.972339928150177
v 0.0344604030251503 -0.04614776000380516 0.9893864393234253
v 0.08206848800182343 -0.04725568741559982 0.9984258413314819
v -0.16154766082763672 -0.05659271404147148 1.2324434518814087
v -0.09440481662750244 -0.05510164424777031 1.2651526927947998
v -0.02926628664135933 -0.046654894948005676 0.9775794744491577
v 0.016281289979815483 -0.046208422631025314 0.9427037239074707
v 0.061899129301309586 -0.045593444257974625 0.9726027846336365
v 0.11127980053424835 -0.045936040580272675 0.9850085377693176
v -0.11846797168254852 -0.05542215332388878 1.2512919902801514
v -0.04768338426947594 -0.04626908898353577 0.9727210998535156
v -0.000549185904674232 -0.04545244574546814 0.9736010432243347
v 0.04407342150807381 -0.045508790761232376 0.9880755543708801
v 0.09238645434379578 -0.045567769557237625 0.9945626258850098
v -0.14329101145267487 -0.0538862869143486 1.2241756916046143
v -0.07669319957494736 -0.05429404601454735 1.2639029026031494
v -0.01894797384738922 -0.04496258869767189 0.9725683331489563
v 0.0257588941603899 -0.044721297919750214 0.9451056122779846
v 0.07155303657054901 -0.04449049010872841 0.9677016139030457
v 0.12293370813131332 -0.045062869787216187 0.9779451489448547
v -0.10615420341491699 -0.053566157817840576 1.2565970420837402
v -0.03812259063124657 -0.045245472341775894 0.980547308921814
v 0.00836524274200201 -0.044353991746902466 0.9417807459831238
v 0.05367745831608772 -0.04451495781540871 0.9799289107322693
v 0.10256324708461761 -0.0443730428814888 0.9924871325492859
v -0.13083377480506897 -0.05279494822025299 1.227001667022705
v -0.057184576988220215 -0.044019706547260284 0.961441695690155
v -0.009144850075244904 -0.04376117140054703 0.9719249606132507
v 0.03539682924747467 -0.04388358071446419 0.9880079030990601
v 0.08334207534790039 -0.04452125355601311 0.9976297616958618
v -0.15907420217990875 -0.05374817177653313 1.230939507484436
v -0.09270374476909637 -0.051843881607055664 1.2610238790512085
v -0.028253445401787758 -0.043941762298345566 0.9764071106910706
v 0.017257187515497208 -0.04312444105744362 0.9438877105712891
v 0.06274375319480896 -0.042927179485559464 0.9698798656463623
v 0.11243607848882675 -0.04359223321080208 0.9854499101638794
v -0.11703641712665558 -0.05200762674212456 1.248644232749939
v -0.04643388092517853 -0.04373546317219734 0.9707604050636292
v 0.000406256498536095 -0.04318395256996155 0.9736948013305664
v 0.045088496059179306 -0.043175265192985535 0.9869123697280884
v 0.09346780180931091 -0.04314079135656357 0.9940255880355835
v -0.14210866391658783 -0.050831496715545654 1.2238794565200806
v -0.07368350028991699 -0.051455218344926834 1.2599236965179443
v -0.017870662733912468 -0.042339906096458435 0.9715900421142578
v 0.026737241074442863 -0.04248792305588722 0.9454680681228638
v 0.07252295315265656 -0.042185552418231964 0.9662614464759827
v 0.12431974709033966 -0.04260740429162979 0.9781321883201599
v -0.1045362651348114 -0.05055481195449829 1.254264235496521
v -0.03703027963638306 -0.04261079430580139 0.9791983366012573
v 0.009327417239546776 -0.0415864959359169 0.9411494731903076
v 0.05464315786957741 -0.04200955480337143 0.9772018790245056
v 0.10357676446437836 -0.04208450764417648 0.9927945137023926
v -0.12961556017398834 -0.04973455145955086 1.226609468460083
v -0.05587819218635559 -0.04155769199132919 0.9596764445304871
v -0.008152919821441174 -0.04146852716803551 0.9714682698249817
v 0.03639203682541847 -0.04128269478678703 0.9864686727523804
v 0.08440542966127396 -0.04194319620728493 0.9965429306030273
v -0.15619200468063354 -0.05049249902367592 1.2286874055862427
v -0.09069512039422989 -0.04877134785056114 1.2575501203536987
v -0.027227051556110382 -0.04128479212522507 0.9753880500793457
v 0.01815505139529705 -0.040643274784088135 0.9446407556533813
v 0.0636834129691124 -0.040390387177467346 0.9678163528442383
v 0.11365508288145065 -0.041260186582803726 0.9859722256660461
v -0.11566329002380371 -0.048781801015138626 1.2462419271469116
v -0.04531671851873398 -0.04120457544922829 0.9690672755241394
v 0.0010293354280292988 -0.04069194197654724 0.972955584526062
v 0.04610690847039223 -0.04077912122011185 0.9855532646179199
v 0.09446072578430176 -0.04063744843006134 0.9936395883560181
v -0.14069385826587677 -0.04771275818347931 1.2235794067382812
v -0.07077871263027191 -0.04857403412461281 1.2553993463516235
v -0.016832327470183372 -0.03981437161564827 0.9709790349006653
v 0.0273989699780941 -0.03963958099484444 0.946241557598114
v 0.07365141063928604 -0.03997920826077461 0.9650269150733948
v 0.12568005919456482 -0.04013468325138092 0.9774460792541504
v -0.10268497467041016 -0.04751060903072357 1.251900315284729
v -0.03599241375923157 -0.04003499075770378 0.9775710105895996
v 0.010307947173714638 -0.039093609899282455 0.9416694045066833
v 0.05567597225308418 -0.03951920196413994 0.9741163849830627
v 0.1045687198638916 -0.03984269127249718 0.9929891228675842
v -0.12834013998508453 -0.04655841737985611 1.2259795665740967
v -0.05459721013903618 -0.03906361386179924 0.9580133557319641
v -0.007124206051230431 -0.039251066744327545 0.9712888598442078
v 0.03781509026885033 -0.0388389527797699 0.9845676422119141
v 0.08555064350366592 -0.039112649857997894 0.995734453201294
v -0.15330396592617035 -0.04648396745324135 1.2244141101837158
v -0.08861879259347916 -0.04603441804647446 1.254305124282837
v -0.026171866804361343 -0.038675788789987564 0.9745388031005859
v 0.01905389502644539 -0.03828025981783867 0.945281982421875
v 0.06468501687049866 -0.038051605224609375 0.9662135243415833
v 0.11492518335580826 -0.038856763392686844 0.9855074286460876
v -0.11431077867746353 -0.04570476710796356 1.2435215711593628
v -0.04424748569726944 -0.0387420654296875 0.9676281809806824
v 0.0016198466764762998 -0.03775668516755104 0.9391565918922424
v 0.04722727835178375 -0.03833361715078354 0.9838897585868835
v 0.09539083391427994 -0.038182929158210754 0.993535041809082
v -0.1392967700958252 -0.044486112892627716 1.2233211994171143
v -0.06821868568658829 -0.046051446348428726 1.2502193450927734
v -0.015782633796334267 -0.03732581436634064 0.9707732200622559
v 0.028261367231607437 -0.03712346404790878 0.9473060965538025
v 0.07474543899297714 -0.03768925368785858 0.9637422561645508
v 0.12680043280124664 -0.03767701983451843 0.9746230840682983
v -0.10092102736234665 -0.04456459730863571 1.249193549156189
v -0.03489036485552788 -0.03758183494210243 0.9757177233695984
v 0.011143232695758343 -0.03690057992935181 0.9427819848060608
v 0.05674327164888382 -0.036942820996046066 0.9707692265510559
v 0.1056017130613327 -0.03754834458231926 0.9928564429283142
v -0.12704350054264069 -0.04325199872255325 1.2253549098968506
v -0.053269609808921814 -0.03650446608662605 0.9563339948654175
v -0.006232104729861021 -0.037226416170597076 0.9715748429298401
v 0.03822735324501991 -0.035872556269168854 0.9478131532669067
v 0.08628390729427338 -0.036435987800359726 0.9952490925788879
v -0.1512622982263565 -0.04228764399886131 1.2204502820968628
v -0.08692188560962677 -0.04326101392507553 1.25082528591156
v -0.02512330375611782 -0.036164186894893646 0.9736776351928711
v 0.019898349419236183 -0.035966064780950546 0.9463270902633667
v 0.06575653702020645 -0.03576069325208664 0.9646996855735779
v 0.1157761737704277 -0.03629550710320473 0.9824778437614441
v -0.11292930692434311 -0.042803045362234116 1.2406586408615112
v -0.04316756874322891 -0.03633351996541023 0.9663072824478149
v 0.00261955289170146 -0.03549467772245407 0.9397761225700378
v 0.04830007627606392 -0.03567028418183327 0.981552004814148
v 0.09626178443431854 -0.03576136380434036 0.9937297701835632
v -0.13789746165275574 -0.04128099977970123 1.22278892993927
v -0.06563833355903625 -0.043254900723695755 1.2458471059799194
v -0.014770925045013428 -0.03497758135199547 0.970574140548706
v 0.029255393892526627 -0.0347176156938076 0.9484286904335022
v 0.0745602548122406 -0.03649025410413742 0.9316167235374451
v 0.12840506434440613 -0.03516428917646408 0.9713501930236816
v -0.0989830419421196 -0.041493989527225494 1.2462952136993408
v -0.033824529498815536 -0.035121578723192215 0.9739271402359009
v 0.012090847827494144 -0.034773971885442734 0.9441529512405396
v 0.057920850813388824 -0.03431123495101929 0.9681146144866943
v 0.10648573935031891 -0.03509210795164108 0.9909030199050903
v -0.125486820936203 -0.04008709639310837 1.2248611450195312
v -0.0520009882748127 -0.034028518944978714 0.9536824226379395
v -0.006046634167432785 -0.03406291455030441 0.9364030957221985
v 0.03902610018849373 -0.03330288082361221 0.9489088654518127
v 0.08703406155109406 -0.033973950892686844 0.9947834014892578
v -0.14944398403167725 -0.03898791968822479 1.2195442914962769
v -0.08464884012937546 -0.04035864397883415 1.2468632459640503
v -0.023976322263479233 -0.033682048320770264 0.9727462530136108
v 0.020757803693413734 -0.03369257226586342 0.9476925134658813
v 0.0667453482747078 -0.03357996419072151 0.962965190410614
v 0.1165558472275734 -0.03371202200651169 0.978786051273346
v -0.11103139072656631 -0.039746835827827454 1.237356185913086
v -0.04209081828594208 -0.033865999430418015 0.9649983048439026
v 0.003583946730941534 -0.0333450548350811 0.940819501876831
v 0.04886668175458908 -0.03301885351538658 0.9776932597160339
v 0.09720993787050247 -0.03333357721567154 0.9941476583480835
v -0.13650129735469818 -0.03802605718374252 1.2218618392944336
v -0.06280934065580368 -0.04028670862317085 1.2406967878341675
v -0.013867823407053947 -0.03256263956427574 0.9703395962715149
v 0.03025856427848339 -0.032347701489925385 0.9495928287506104
v 0.07514484971761703 -0.033661700785160065 0.9270462393760681
v -0.16898955404758453 -0.038166601210832596 1.213392972946167
v -0.09690388292074203 -0.03827020153403282 1.2424774169921875
v -0.03277480602264404 -0.032651472836732864 0.9721347689628601
v 0.013101179152727127 -0.03258020430803299 0.9456236958503723
v 0.05909806862473488 -0.03188563138246536 0.9658383727073669
v 0.10718275606632233 -0.03237517550587654 0.9868142008781433
v -0.12383425235748291 -0.03695520758628845 1.2244359254837036
v -0.050729576498270035 -0.03165523335337639 0.950102686882019
v -0.004931625444442034 -0.03193880245089531 0.9354124665260315
v 0.040087416768074036 -0.030780941247940063 0.950179398059845
v 0.08785667270421982 -0.03168543055653572 0.9947273135185242
v -0.14794088900089264 -0.03614828735589981 1.2196041345596313
v -0.08234268426895142 -0.03620508685708046 1.238671898841858
v -0.022844839841127396 -0.031243272125720978 0.9718682169914246
v 0.021761454641819 -0.031449224799871445 0.9492439031600952
v 0.06752706319093704 -0.031546805053949356 0.960842490196228
v 0.11749409139156342 -0.03125951066613197 0.9759271144866943
v -0.109225794672966 -0.036393098533153534 1.2331273555755615
v -0.04097776114940643 -0.031434036791324615 0.9636516571044922
v 0.0045046634040772915 -0.03127861022949219 0.9419745802879333
v 0.050107188522815704 -0.030276214703917503 0.9561957120895386
v 0.09811241179704666 -0.030985577031970024 0.9939581751823425
v -0.13523608446121216 -0.03486766293644905 1.2212848663330078
v -0.060152966529130936 -0.03618864715099335 1.2329888343811035
v -0.012909844517707825 -0.030110545456409454 0.9704415202140808
v 0.031216906383633614 -0.02988898567855358 0.950616717338562
v 0.07596859335899353 -0.031088655814528465 0.9241644740104675
v -0.16458231210708618 -0.03456927835941315 1.217227816581726
v -0.09482000768184662 -0.034439560025930405 1.2361781597137451
v -0.03163794428110123 -0.03029610402882099 0.9704877138137817
v 0.014042151160538197 -0.03035079501569271 0.9471908211708069
v 0.060043200850486755 -0.029091646894812584 0.9633280634880066
v 0.10785696655511856 -0.02974526397883892 0.9832653403282166
v -0.12217836827039719 -0.03397209197282791 1.2238446474075317
v -0.04963139444589615 -0.02937937341630459 0.9456420540809631
v -0.0038030026480555534 -0.029796205461025238 0.9375049471855164
v 0.04099210724234581 -0.028380192816257477 0.9513663053512573
v 0.08903434872627258 -0.029566790908575058 0.9943681359291077
v -0.14657334983348846 -0.03330712765455246 1.2193936109542847
v -0.08070837706327438 -0.032025858759880066 1.2346571683883667
v -0.021797221153974533 -0.028911380097270012 0.9711402058601379
v 0.02279486693441868 -0.029092276468873024 0.9508227705955505
v 0.06770513206720352 -0.028825800865888596 0.9335777163505554
v 0.11845307052135468 -0.02887607179582119 0.9734243750572205
v -0.10755021870136261 -0.033107638359069824 1.2286875247955322
v -0.039783984422683716 -0.029047634452581406 0.9617339968681335
v 0.005469980649650097 -0.0291230920702219 0.9430408477783203
v 0.05136768892407417 -0.027509242296218872 0.9557706117630005
v 0.09890305995941162 -0.02863658405840397 0.9913467764854431
v -0.1336894929409027 -0.03194867819547653 1.2208945751190186
v -0.06047172099351883 -0.029231013730168343 1.2005141973495483
v -0.0124274343252182 -0.027936598286032677 0.970494270324707
v 0.03217973932623863 -0.0274561308324337 0.9517444968223572
v 0.07687940448522568 -0.028789954259991646 0.9217016100883484
v -0.16244031488895416 -0.03143101930618286 1.219999074935913
v -0.09260246157646179 -0.0303912702947855 1.2320568561553955
v -0.030508868396282196 -0.027905022725462914 0.969089686870575
v 0.0150050213560462 -0.02811899594962597 0.9490119814872742
v 0.06043323501944542 -0.026609204709529877 0.9560642838478088
v 0.1086282730102539 -0.027340812608599663 0.9803184270858765
v -0.12030313163995743 -0.03093540295958519 1.2227014303207397
v -0.048538174480199814 -0.02722717821598053 0.9420550465583801
v -0.0029590853955596685 -0.027623554691672325 0.9381812214851379
v 0.04199566692113876 -0.02609730325639248 0.9525064826011658
v 0.09010916948318481 -0.02757962979376316 0.9939343333244324
v -0.14522111415863037 -0.030671358108520508 1.219714879989624
v -0.07842972874641418 -0.027528267353773117 1.2354837656021118
v -0.02081299014389515 -0.0265689454972744 0.9707844853401184
v 0.023826537653803825 -0.026626138016581535 0.9524148106575012
v 0.06836716830730438 -0.02635711431503296 0.9292163848876953
v 0.1195262148976326 -0.026478689163923264 0.9703189134597778
v -0.1055290475487709 -0.03023838996887207 1.2262578010559082
v -0.03853192552924156 -0.02684774622321129 0.9580442905426025
v 0.006442738231271505 -0.026806114241480827 0.9438108205795288
v 0.051565106958150864 -0.02506963536143303 0.9543024897575378
v 0.09974655508995056 -0.02623390592634678 0.9880912899971008
v -0.13193629682064056 -0.029056420549750328 1.2204241752624512
v -0.06112850084900856 -0.0290216077119112 1.0088926553726196
v -0.011723041534423828 -0.02612408436834812 0.9293757677078247
v 0.03312573954463005 -0.024961961433291435 0.9529104828834534
v 0.07781041413545609 -0.026446178555488586 0.9189023971557617
v -0.16039632260799408 -0.02895880863070488 1.2209692001342773
v -0.08994682878255844 -0.026125559583306313 1.2325193881988525
v -0.02930244617164135 -0.025471676141023636 0.9677093625068665
v 0.015934310853481293 -0.02579914592206478 0.9504623413085938
v 0.06081335246562958 -0.02438121661543846 0.9497262239456177
v 0.10958999395370483 -0.02504570037126541 0.9776037931442261
v -0.11844203621149063 -0.027882101014256477 1.2211291790008545
v -0.047132059931755066 -0.025028081610798836 0.9422410726547241
v -0.0020598124247044325 -0.025410080328583717 0.938797652721405
v 0.04301817715167999 -0.02379186637699604 0.9533581137657166
v 0.09109301120042801 -0.02530439756810665 0.993231475353241
v -0.14388079941272736 -0.02826996147632599 1.2213671207427979
v -0.077501080930233 -0.0208232831209898 1.2341539859771729
v -0.019762078300118446 -0.02422976866364479 0.9705790877342224
v 0.024928849190473557 -0.024201959371566772 0.9541444182395935
v 0.06902378797531128 -0.0242120623588562 0.9265716075897217
v 0.12061934173107147 -0.02404273860156536 0.966584324836731
v -0.1033826693892479 -0.02715199440717697 1.225091814994812
v -0.037363141775131226 -0.024724619463086128 0.9528854489326477
v 0.0073485360480844975 -0.023787721991539 0.9399865865707397
v 0.05116966739296913 -0.0254046767950058 0.9043595790863037
v 0.10056962072849274 -0.023811500519514084 0.984718918800354
v -0.13019180297851562 -0.02598021924495697 1.2194770574569702
v -0.05837327986955643 -0.024873068556189537 0.9996886253356934
v -0.010626085102558136 -0.023532666265964508 0.9306004643440247
v 0.03408902511000633 -0.022490140050649643 0.954118549823761
v 0.07888974994421005 -0.024128690361976624 0.9157893657684326
v -0.15860621631145477 -0.02654496394097805 1.2211081981658936
v -0.08841070532798767 -0.021181335672736168 1.2321752309799194
v -0.02809411846101284 -0.023163311183452606 0.9657018780708313
v 0.0169382207095623 -0.023576337844133377 0.9520003199577332
v 0.06099285930395126 -0.022477371618151665 0.9445599913597107
v 0.11052793264389038 -0.022729957476258278 0.9747519493103027
v -0.11670394986867905 -0.024830365553498268 1.2195779085159302
v -0.0456850491464138 -0.021998615935444832 0.9693143367767334
v -0.0012765285791829228 -0.0234928410500288 0.9394180774688721
v 0.04409323260188103 -0.021266283467411995 0.9546422958374023
v 0.09192556142807007 -0.02282378263771534 0.9905701875686646
v -0.14234058558940887 -0.025815658271312714 1.2212525606155396
v -0.06238453835248947 -0.028480781242251396 0.9354012608528137
v -0.018774516880512238 -0.021898597478866577 0.9701194167137146
v 0.026036806404590607 -0.021858662366867065 0.9557708501815796
v 0.06971564143896103 -0.022125916555523872 0.9249449968338013
v 0.12176386266946793 -0.021683864295482635 0.9631052613258362
v -0.1007632240653038 -0.0235818512737751 1.2238346338272095
v -0.03543241694569588 -0.022379184141755104 0.9408556222915649
v 0.008164569735527039 -0.021487992256879807 0.9402034878730774
v 0.05217573046684265 -0.021977918222546577 0.9057523012161255
v 0.10141807049512863 -0.021348023787140846 0.9811594486236572
v -0.12839898467063904 -0.022919805720448494 1.218140959739685
v -0.05677420645952225 -0.02228120155632496 0.9960857629776001
v -0.009188001044094563 -0.021214963868260384 0.9327170252799988
v 0.03511890023946762 -0.02010701783001423 0.9552930593490601
v 0.08061990141868591 -0.021803032606840134 0.9126176238059998
v -0.15690217912197113 -0.02407018654048443 1.2206518650054932
v -0.07177066802978516 -0.027974670752882957 0.9253811836242676
v -0.026843417435884476 -0.02078024297952652 0.9605474472045898
v 0.01673705317080021 -0.019873620942234993 0.9404183626174927
v 0.061760254204273224 -0.020252365618944168 0.938271701335907
v 0.11143955588340759 -0.020301105454564095 0.9711999297142029
v -0.11494997143745422 -0.021929271519184113 1.2183120250701904
v -0.04408794641494751 -0.02184217981994152 0.913165807723999
v -0.0005192111129872501 -0.019458357244729996 0.9295831322669983
v 0.04486742615699768 -0.018907953053712845 0.9551130533218384
v 0.09281208366155624 -0.02044214867055416 0.9868208169937134
v -0.14023788273334503 -0.02227315679192543 1.2190046310424805
v -0.06160109490156174 -0.022774694487452507 0.9340454936027527
v -0.01789836958050728 -0.019437318667769432 0.9690538048744202
v 0.027186991646885872 -0.019487839192152023 0.9572175741195679
v 0.07030955702066422 -0.019886448979377747 0.9229171872138977
v 0.1230124905705452 -0.01923508197069168 0.9599413871765137
v -0.09738616645336151 -0.019560791552066803 1.2225701808929443
v -0.03428807482123375 -0.0197585541754961 0.9188752174377441
v 0.009229626506567001 -0.018578916788101196 0.9373275637626648
v 0.05285461246967316 -0.019319282844662666 0.9072385430335999
v 0.10238301753997803 -0.018861938267946243 0.9775750041007996
v -0.12668822705745697 -0.020037014037370682 1.2169294357299805
v -0.055678606033325195 -0.01972956210374832 0.9930233359336853
v -0.008420955389738083 -0.017948653548955917 0.9300975203514099
v 0.03628343716263771 -0.017740176990628242 0.9564034938812256
v 0.08287779241800308 -0.01899435743689537 0.9117022752761841
v -0.1550988405942917 -0.021269338205456734 1.2199747562408447
v -0.07044561207294464 -0.02232253924012184 0.9252568483352661
v -0.025566404685378075 -0.018449150025844574 0.9520189166069031
v 0.017702491953969002 -0.01793958805501461 0.9366328716278076
v 0.06253456324338913 -0.01809220388531685 0.934181272983551
v 0.11222150176763535 -0.017648179084062576 0.9673659801483154
v -0.1130189299583435 -0.019113780930638313 1.2179288864135742
v -0.042621396481990814 -0.018718862906098366 0.913705587387085
v 0.000484652875456959 -0.017167584970593452 0.9293515086174011
v 0.0440322645008564 -0.01901913993060589 0.903471052646637
v 0.09368999302387238 -0.017904290929436684 0.9829700589179993
v -0.13853730261325836 -0.01932271383702755 1.2180513143539429
v -0.060755159705877304 -0.019151246175169945 0.9339696168899536
v -0.017090538516640663 -0.01698077656328678 0.9676178693771362
v 0.028389986604452133 -0.0171173308044672 0.9582470059394836
v 0.07111665606498718 -0.017582770437002182 0.9198737144470215
v 0.12442697584629059 -0.01597479358315468 0.9569334387779236
v -0.08262887597084045 -0.0222513098269701 0.9165093302726746
v -0.033452440053224564 -0.01732777990400791 0.9198651313781738
v 0.009981174021959305 -0.016339970752596855 0.93861323595047
v 0.05367362126708031 -0.016872437670826912 0.9089720249176025
v 0.10336828231811523 -0.016369249671697617 0.9741577506065369
v -0.1250143051147461 -0.017122888937592506 1.2159461975097656
v -0.05446401238441467 -0.017023278400301933 0.9906408190727234
v -0.007262200117111206 -0.015858879312872887 0.9289918541908264
v 0.03747899457812309 -0.0153252137824893 0.957612156867981
v 0.08407500386238098 -0.01705542579293251 0.9843770861625671
v -0.15300531685352325 -0.018061719834804535 1.2187261581420898
v -0.06957413256168365 -0.018509516492486 0.925701916217804
v -0.02440156415104866 -0.01601504161953926 0.9253009557723999
v 0.018688363954424858 -0.015641096979379654 0.9348981380462646
v 0.06327332556247711 -0.015890423208475113 0.9316572546958923
v 0.11300472170114517 -0.01422655489295721 0.9629486799240112
v -0.11093573272228241 -0.01609128899872303 1.2166545391082764
v -0.041700392961502075 -0.016209768131375313 0.9142956733703613
v 0.0015504241455346346 -0.01462551485747099 0.9293642640113831
v 0.04528335481882095 -0.016200976446270943 0.9047747850418091
v 0.09451764076948166 -0.015185263939201832 0.9792865514755249
v -0.13695935904979706 -0.016603482887148857 1.2179062366485596
v -0.05977962911128998 -0.016157686710357666 0.9340749979019165
v -0.016497505828738213 -0.01456938125193119 0.9625800251960754
v 0.029547030106186867 -0.014696547761559486 0.958719789981842
v 0.07228676229715347 -0.014998533762991428 0.9143568277359009
v 0.12712350487709045 -0.012436246499419212 0.9574019312858582
v -0.07991145551204681 -0.017359375953674316 0.9136571288108826
v -0.03264598920941353 -0.014973116107285023 0.9208110570907593
v 0.010746813379228115 -0.014048930257558823 0.9402525424957275
v 0.05479377508163452 -0.014314456842839718 0.910896897315979
v 0.10401799529790878 -0.013018517754971981 0.9707093238830566
v -0.1233418807387352 -0.014521550387144089 1.2149391174316406
v -0.052925653755664825 -0.014184419997036457 0.9882388710975647
v -0.0063223764300346375 -0.013673139736056328 0.929284930229187
v 0.038708753883838654 -0.012910950928926468 0.9589651226997375
v 0.08565980195999146 -0.014347592368721962 0.9816207885742188
v -0.1509294956922531 -0.014535977505147457 1.2176904678344727
v -0.0687633603811264 -0.015244296751916409 0.9255985021591187
v -0.023449469357728958 -0.013542598113417625 0.9254613518714905
v 0.019732005894184113 -0.01339809037744999 0.9334365725517273
v 0.06397497653961182 -0.013750975951552391 0.9293347597122192
v 0.11896435916423798 -0.013124368153512478 0.9968100190162659
v -0.1078997254371643 -0.012675945647060871 1.2139967679977417
v -0.040725577622652054 -0.013845748268067837 0.9147282838821411
v 0.0024604022037237883 -0.012141060084104538 0.929413378238678
v 0.04614965245127678 -0.013844705186784267 0.9053544402122498
v 0.09503073990345001 -0.012100213207304478 0.9768429398536682
v -0.1351928859949112 -0.014034365303814411 1.217753291130066
v -0.059032127261161804 -0.013444068841636181 0.933866560459137
v -0.014362411573529243 -0.012040884234011173 0.9284043908119202
v 0.030854463577270508 -0.012137601152062416 0.9562420845031738
v 0.0739956870675087 -0.012344034388661385 0.9088730812072754
v 0.13461264967918396 -0.011051672510802746 0.9922714829444885
v -0.0780138149857521 -0.013712853193283081 0.9128157496452332
v -0.031794674694538116 -0.01270331908017397 0.9216670393943787
v 0.011590909212827682 -0.011873849667608738 0.9416979551315308
v 0.0557427741587162 -0.01182143297046423 0.9136996865272522
v 0.1078987866640091 -0.012290732003748417 0.9980452060699463
v -0.12192163616418839 -0.011916074901819229 1.213259220123291
v -0.05130431801080704 -0.0118570476770401 0.98331218957901
v -0.005490024108439684 -0.011438014917075634 0.9300333261489868
v 0.03637707233428955 -0.013132326304912567 0.9035933613777161
v 0.08666662126779556 -0.011192220263183117 0.9895961284637451
v -0.14909061789512634 -0.010794623754918575 1.2181260585784912
v -0.06780987232923508 -0.012414492666721344 0.9253010749816895
v -0.022472301498055458 -0.010993232019245625 0.9262531995773315
v 0.020708132535219193 -0.011132622137665749 0.9325375556945801
v 0.06427560746669769 -0.011663348414003849 0.9258015751838684
v 0.1196533665060997 -0.009794787503778934 0.9992960691452026
v -0.10490531474351883 -0.00930277444422245 1.2089776992797852
v -0.03974716365337372 -0.011606377549469471 0.9149921536445618
v 0.004763436503708363 -0.011059107258915901 0.9398014545440674
v 0.046977754682302475 -0.011251576244831085 0.9059116840362549
v 0.0981447696685791 -0.009380931966006756 0.99870365858078
v -0.1334778070449829 -0.011399566195905209 1.216811180114746
v -0.05809996277093887 -0.010972031392157078 0.9335461854934692
v -0.013237389735877514 -0.009419672191143036 0.9286634922027588
v 0.030367087572813034 -0.009237732738256454 0.9439361691474915
v 0.07516004145145416 -0.009496349841356277 0.9666442275047302
v -0.14040137827396393 -0.029660329222679138 0.9054853916168213
v -0.0766722559928894 -0.010797576047480106 0.9125593900680542
v -0.03091360256075859 -0.010424609296023846 0.9221946597099304
v 0.012511401437222958 -0.009875633753836155 0.942825198173523
v 0.05692778900265694 -0.009102522395551205 0.9294798374176025
v 0.10894617438316345 -0.008436175063252449 0.9983259439468384
v -0.12014199793338776 -0.0083631481975317 1.2083683013916016
v -0.05022607371211052 -0.009494433179497719 0.9737857580184937
v -0.004774179309606552 -0.00907678622752428 0.9305287599563599
v 0.038091991096735 -0.010156398639082909 0.9042636156082153
v 0.08888949453830719 -0.00771187711507082 1.0003186464309692
v -0.14799776673316956 -0.006910526193678379 1.2170995473861694
v -0.06683022528886795 -0.009705331176519394 0.9247791171073914
v -0.021558722481131554 -0.008540844544768333 0.9267127513885498
v 0.021516604349017143 -0.008728976361453533 0.9354609251022339
v 0.06532922387123108 -0.008461383171379566 0.9055157899856567
v 0.12075754255056381 -0.007343442644923925 0.9988517761230469
v -0.10256552696228027 -0.006258365232497454 1.204479694366455
v -0.03876951336860657 -0.00935752410441637 0.9149627089500427
v 0.005556710064411163 -0.00892828218638897 0.9420918822288513
v 0.0478675477206707 -0.008659416809678078 0.9066289663314819
v 0.09902019053697586 -0.006800314411520958 0.9982561469078064
v -0.13153903186321259 -0.007973643019795418 1.2132518291473389
v -0.05717059597373009 -0.008449338376522064 0.933175802230835
v -0.012360057793557644 -0.007208046969026327 0.9294606447219849
v 0.03221462666988373 -0.006886137183755636 0.9449085593223572
v 0.0767255499958992 -0.006861635483801365 0.9681141376495361
v -0.12539882957935333 -0.020356805995106697 0.9095329642295837
v -0.0755992904305458 -0.007884652353823185 0.9119473099708557
v -0.029968885704874992 -0.008051775395870209 0.9225177764892578
v 0.013486495241522789 -0.007904806174337864 0.9437079429626465
v 0.05783924087882042 -0.006663893815129995 0.9268441200256348
v 0.11012659221887589 -0.006002370733767748 0.9976466298103333
v -0.11700411140918732 -0.004440012853592634 1.2003657817840576
v -0.0480661503970623 -0.007070169784128666 0.9594202041625977
v -0.003939819987863302 -0.006723889149725437 0.9304156303405762
v 0.039412371814250946 -0.00768373953178525 0.9046819806098938
v 0.09067057818174362 -0.005245239473879337 1.0021849870681763
v -0.14678214490413666 -0.0035934746265411377 1.2129610776901245
v -0.06581736356019974 -0.007051787804812193 0.9240149259567261
v -0.020652372390031815 -0.006301811430603266 0.9271107912063599
v 0.02244114875793457 -0.006386779714375734 0.9403994083404541
v 0.06607664376497269 -0.006385003682225943 0.9052072763442993
v 0.12205633521080017 -0.005260107573121786 0.9979183673858643
v -0.10060370713472366 -0.0032523598056286573 1.2011600732803345
v -0.0378105528652668 -0.007033569738268852 0.914867639541626
v 0.0066035958006978035 -0.0067351385951042175 0.9421496391296387
v 0.04882271960377693 -0.0060878959484398365 0.9078236222267151
v 0.09993983060121536 -0.004522313829511404 0.9970491528511047
v -0.12894578278064728 -0.003820162732154131 1.2056622505187988
v -0.056193333119153976 -0.005841056816279888 0.9329057335853577
v -0.01143606100231409 -0.0050423117354512215 0.9306354522705078
v 0.033133365213871 -0.004591245669871569 0.9437116384506226
v 0.0783689022064209 -0.004180928226560354 0.9691807627677917
v -0.12096754461526871 -0.014660743065178394 0.9104169607162476
v -0.07451081275939941 -0.0046988422982394695 0.9108596444129944
v -0.029025156050920486 -0.005721293389797211 0.9225687980651855
v 0.014593806117773056 -0.006088547874242067 0.9444302916526794
v 0.05800894275307655 -0.004436939023435116 0.9085817933082581
v 0.11114431172609329 -0.0039412700571119785 0.9971008896827698
v -0.11503354460000992 -0.0010948032140731812 1.1955996751785278
v -0.04640759900212288 -0.004354499280452728 0.9507060050964355
v -0.0026817116886377335 -0.004412408918142319 0.9288099408149719
v 0.040545783936977386 -0.005083210300654173 0.9051554799079895
v 0.09176129102706909 -0.0024942304007709026 1.0026079416275024
v -0.14309990406036377 -0.0007513481541536748 1.2015807628631592
v -0.0647016391158104 -0.004494198132306337 0.9228790402412415
v -0.019702984020113945 -0.004113835282623768 0.9272724390029907
v 0.023506708443164825 -0.004559563007205725 0.9414609670639038
v 0.0673547014594078 -0.003845661412924528 0.9116153717041016
v 0.12336169928312302 -0.0031824212055653334 0.9971106648445129
v -0.09893225133419037 1.0095587640535086e-05 1.1990379095077515
v -0.03634336218237877 -0.004735706374049187 0.9143592119216919
v 0.006915846839547157 -0.0034244998823851347 0.9286178350448608
v 0.04976307973265648 -0.0037128652911633253 0.9095593690872192
v 0.1005864366889 -0.002354608615860343 0.9960550665855408
v -0.12662659585475922 -0.0004702915612142533 1.2010968923568726
v -0.05515852943062782 -0.003465428948402405 0.9325634241104126
v -0.010581359267234802 -0.0028914285358041525 0.9319227337837219
v 0.03185323253273964 -0.003738556057214737 0.9058335423469543
v 0.07960585504770279 -0.0013855105498805642 0.9705808162689209
v -0.1182626411318779 -0.010612058453261852 0.9104356169700623
v -0.07331598550081253 -0.001687204116024077 0.9094304442405701
v -0.028056226670742035 -0.0032841141801327467 0.9223598837852478
v 0.015489847399294376 -0.0028870117384940386 0.9272880554199219
v 0.05830897390842438 -0.002727547427639365 0.9039086103439331
v 0.11200133711099625 -0.0020199143327772617 0.9961826205253601
v -0.11330707371234894 0.002279051812365651 1.192326545715332
v -0.045087262988090515 -0.002690373919904232 0.8944389820098877
v -0.001492112991400063 -0.0021292853634804487 0.9276560544967651
v 0.041588008403778076 -0.002604617504402995 0.9057965874671936
v 0.09260747581720352 0.00015166433877311647 1.0033994913101196
v -0.09782768785953522 -0.010599679313600063 0.9218142032623291
v -0.06335625052452087 -0.0019122479716315866 0.9200865626335144
v -0.018680494278669357 -0.0019481451017782092 0.9270572662353516
v 0.024789338931441307 -0.0017350364942103624 0.9304927587509155
v 0.06829020380973816 -0.001292095985263586 0.9137870669364929
v 0.12479622662067413 -0.000952877220697701 0.9962748289108276
v -0.0976358950138092 0.003327862825244665 1.1967976093292236
v -0.03484092280268669 -0.0032324609346687794 0.883857250213623
v 0.008105728775262833 -0.0008867372525855899 0.9285106062889099
v 0.050677526742219925 -0.001544353668577969 0.9114058613777161
v 0.1013541966676712 -0.00021819915855303407 0.9952394366264343
v -0.12463481724262238 0.002928362926468253 1.1970584392547607
v -0.054207272827625275 -0.000994435977190733 0.9319111108779907
v -0.009713755920529366 -0.0007392356637865305 0.9332678318023682
v 0.032912589609622955 -0.0014215362025424838 0.9045164585113525
v 0.08072084933519363 0.001120896078646183 0.9732002019882202
v -0.11690492928028107 -0.007156261242926121 0.9117640852928162
v -0.07268689572811127 0.0012121248291805387 0.9150559306144714
v -0.02714994177222252 -0.0007058720802888274 0.9219878911972046
v 0.016527563333511353 -0.0004117880016565323 0.9276971817016602
v 0.05929730087518692 -0.0005805165274068713 0.9072088599205017
v 0.11301039159297943 4.640981205739081e-05 0.9950430989265442
v -0.11174584925174713 0.005157426465302706 1.1905204057693481
v -0.044243328273296356 -0.0012304439442232251 0.8907929062843323
v -0.0005490759504027665 0.00017372258298564702 0.9271737337112427
v 0.042554065585136414 -0.00022116419859230518 0.906753420829773
v 0.09324242919683456 0.0021971191745251417 1.003387451171875
v -0.09557582437992096 -0.007176531013101339 0.9224826097488403
v -0.06221945956349373 0.0006702431128360331 0.9194424748420715
v -0.017547108232975006 0.0003184484667144716 0.9266585111618042
v 0.025850296020507812 0.0008256405126303434 0.9312158823013306
v 0.06926313042640686 0.0016742704901844263 0.9210119843482971
v 0.1263086348772049 0.0015608692774549127 0.9957036972045898
v -0.09661668539047241 0.0064293863251805305 1.195443034172058
v -0.033972229808568954 -0.0008357369806617498 0.8849641680717468
v 0.008908011950552464 0.0011083697900176048 0.9284257888793945
v 0.051423050463199615 0.00048237096052616835 0.9119794368743896
v 0.10210329294204712 0.0021169506944715977 0.9950911402702332
v -0.12301339209079742 0.0061070555821061134 1.1933619976043701
v -0.05331619828939438 0.001447239308618009 0.931151270866394
v -0.008782896213233471 0.0014375927858054638 0.9345582723617554
v 0.034176021814346313 0.0009814247023314238 0.9052305221557617
v 0.08189554512500763 0.003736269660294056 0.9788759350776672
v -0.11596900969743729 -0.003968217875808477 0.9156215190887451
v -0.07234231382608414 0.004681590013206005 0.9216281175613403
v -0.02476123347878456 0.0004768101789522916 0.8843559622764587
v 0.017349617555737495 0.002016390673816204 0.9284635782241821
v 0.060233958065509796 0.0006683904211968184 0.8885368704795837
v 0.11406830698251724 0.002237450098618865 0.9938902258872986
v -0.11027495563030243 0.007770462427288294 1.1895498037338257
v -0.04294991493225098 0.0007506901165470481 0.8920795917510986
v 0.00039905260200612247 0.0024539779406040907 0.9268403053283691
v 0.04333522915840149 0.002137428382411599 0.9080519676208496
v 0.09385884553194046 0.00431795883923769 1.0027122497558594
v -0.09397415816783905 -0.0038833864964544773 0.9256432056427002
v -0.06139414757490158 0.003114609280601144 0.9222663044929504
v -0.016437960788607597 0.0025051969569176435 0.9258807897567749
v 0.02660958468914032 0.002955628326162696 0.9316986799240112
v 0.07056941092014313 0.0005103618022985756 0.8866666555404663
v 0.12767571210861206 0.004169445484876633 0.9957638382911682
v -0.09598826617002487 0.008990168571472168 1.1946982145309448
v -0.033070158213377 0.001419779029674828 0.8864014744758606
v 0.00962867308408022 0.003331006271764636 0.9284676313400269
v 0.052256979048252106 0.002482423558831215 0.9069252610206604
v 0.10296731442213058 0.004480034578591585 0.9959744215011597
v -0.12158413231372833 0.009020752273499966 1.1913540363311768
v -0.05234755948185921 0.003718557069078088 0.9303722977638245
v -0.007878785952925682 0.0036917515099048615 0.9356715679168701
v 0.03524211421608925 0.0034515897277742624 0.906161367893219
v 0.08336875587701797 0.006745120044797659 0.9914480447769165
v -0.1148507371544838 -0.0011156804393976927 0.9189240336418152
v -0.07202697545289993 0.007757431361824274 0.927452802658081
v -0.0237664133310318 0.0027306347619742155 0.8854074478149414
v 0.01815909892320633 0.0042830402962863445 0.9290273785591125
v 0.06124144420027733 0.0028930658008903265 0.8869081735610962
v 0.11506670713424683 0.004555200692266226 0.9926205277442932
v -0.10871913284063339 0.01028519682586193 1.188590168952942
v -0.041940104216337204 0.003484330838546157 0.8951937556266785
v 0.0013353717513382435 0.004721587523818016 0.9263863563537598
v 0.04409581422805786 0.004449856001883745 0.9096055626869202
v 0.09447260946035385 0.006463405676186085 1.0013149976730347
v -0.09234468638896942 6.91149034537375e-05 0.931009829044342
v -0.06069036200642586 0.005546707194298506 0.925381600856781
v -0.015483306720852852 0.004720487166196108 0.9248504638671875
v 0.026134487241506577 0.004644814878702164 0.9056119918823242
v 0.07126948237419128 0.0031462463084608316 0.8886232376098633
v 0.12947405874729156 0.007075417321175337 0.996483325958252
v -0.09474405646324158 0.011471492238342762 1.1938986778259277
v -0.032093822956085205 0.003797780489549041 0.8880119323730469
v 0.01051296480000019 0.005656645633280277 0.9286991357803345
v 0.052933260798454285 0.00444418890401721 0.8933340907096863
v 0.10394595563411713 0.006577865220606327 0.9949671030044556
v -0.12035401910543442 0.011540194973349571 1.1917272806167603
v -0.051463816314935684 0.006028092931956053 0.9299765229225159
v -0.006912564858794212 0.006103984080255032 0.9363337159156799
v 0.03623810037970543 0.005873090587556362 0.9072356820106506
v 0.08459765464067459 0.008815470151603222 0.9971444606781006
v -0.11388034373521805 0.0016631599282845855 0.9219388365745544
v -0.07544350624084473 0.009039190597832203 1.1959246397018433
v -0.022939639165997505 0.005159276071935892 0.8870373368263245
v 0.01905284821987152 0.006538082845509052 0.9296607971191406
v 0.06217890977859497 0.00509220315143466 0.88965904712677
v 0.11601238697767258 0.006915144622325897 0.9911550879478455
v -0.10713974386453629 0.012728485278785229 1.1884716749191284
v -0.040953654795885086 0.006036210805177689 0.8968598246574402
v 0.0022907096426934004 0.00699407747015357 0.9260364174842834
v 0.044802553951740265 0.006776734720915556 0.9112675189971924
v 0.09506580233573914 0.008679838851094246 0.9989107251167297
v -0.1369227170944214 0.01419859379529953 1.190327763557434
v -0.06010124832391739 0.007988790981471539 0.9287513494491577
v -0.014595945365726948 0.007049296982586384 0.9240154027938843
v 0.027479680255055428 0.006926581729203463 0.9057362675666809
v 0.07220324128866196 0.005347594153136015 0.8914948105812073
v 0.13139821588993073 0.009728936478495598 0.9966329336166382
v -0.0935916155576706 0.013813232071697712 1.1933666467666626
v -0.031139066442847252 0.006171570625156164 0.8900374174118042
v 0.01144940871745348 0.00799504667520523 0.9293001294136047
v 0.05348418653011322 0.006422253325581551 0.8887233138084412
v 0.10513061285018921 0.008942677639424801 0.9926941394805908
v -0.11939649283885956 0.014216440729796886 1.1929545402526855
v -0.050488244742155075 0.00825449824333191 0.930953860282898
v -0.005920108407735825 0.008458368480205536 0.9367517828941345
v 0.03711773827672005 0.008263804949820042 0.9087244868278503
v 0.0852774828672409 0.010815219022333622 0.997300922870636
v -0.11315600574016571 0.004372280556708574 0.9249333143234253
v -0.0755862295627594 0.01239863783121109 1.1936670541763306
v -0.02199402078986168 0.007341909687966108 0.8888083100318909
v 0.020053790882229805 0.008821842260658741 0.9303501844406128
v 0.06308965384960175 0.007261306047439575 0.8929930925369263
v 0.11692281067371368 0.009093309752643108 0.9892618060112
v -0.10580862313508987 0.015076463110744953 1.1895253658294678
v -0.03997594863176346 0.008276919834315777 0.8976361155509949
v 0.0033718368504196405 0.00928107276558876 0.9257494807243347
v 0.045327771455049515 0.008578878827393055 0.9120861291885376
v 0.09578848630189896 0.011113310232758522 0.9964659810066223
v -0.13532550632953644 0.016988063231110573 1.1938705444335938
v -0.05922456830739975 0.010331480763852596 0.931725263595581
v -0.013603818602859974 0.009382052347064018 0.9231522679328918
v 0.02881132811307907 0.00923145655542612 0.9069877862930298
v 0.0731918141245842 0.0077574183233082294 0.8944393396377563
v 0.1338721662759781 0.012073062360286713 0.9967244267463684
v -0.09262167662382126 0.01633271761238575 1.193084955215454
v -0.030234968289732933 0.008570276200771332 0.892116129398346
v 0.012285717763006687 0.010284461081027985 0.9298643469810486
v 0.05452607944607735 0.00867740623652935 0.8894163370132446
v 0.1061578169465065 0.011214717291295528 0.9903180599212646
v -0.1185397058725357 0.017131173983216286 1.194016695022583
v -0.04932152479887009 0.010516472160816193 0.932509183883667
v -0.005000698380172253 0.010793648660182953 0.937202513217926
v 0.03789076954126358 0.010615994222462177 0.9104896187782288
v 0.07763782888650894 0.004406694322824478 0.934856653213501
v -0.11252183467149734 0.00699958810582757 0.9277569055557251
v -0.07559772580862045 0.01518971100449562 1.1910061836242676
v -0.021202949807047844 0.009642825461924076 0.8911079168319702
v 0.021079005673527718 0.011151529848575592 0.9308608770370483
v 0.06402822583913803 0.009444139897823334 0.8959594964981079
v 0.11772183328866959 0.011855070479214191 0.984541654586792
v -0.10430688410997391 0.017606765031814575 1.1903064250946045
v -0.03897744044661522 0.01049754861742258 0.8974800705909729
v 0.004345873836427927 0.011660636402666569 0.925899863243103
v 0.046483710408210754 0.010341345332562923 0.8913960456848145
v 0.09667761623859406 0.013461011461913586 0.9942564368247986
v -0.13385511934757233 0.020143112167716026 1.1960482597351074
v -0.05826851725578308 0.0126317348331213 0.9341195821762085
v -0.012530019506812096 0.011512603610754013 0.9223763942718506
v 0.029980430379509926 0.011717325076460838 0.9083570241928101
v 0.07419566810131073 0.010155288502573967 0.8972601890563965
v -0.12868095934391022 0.007896075956523418 0.9213690161705017
v -0.09147616475820541 0.01885138265788555 1.1918692588806152
v -0.02939266338944435 0.010957698337733746 0.8940846920013428
v 0.013124238699674606 0.012609956786036491 0.9303823113441467
v 0.05568768084049225 0.011041199788451195 0.894111692905426
v 0.10709752142429352 0.013408725149929523 0.9875308871269226
v -0.1171710193157196 0.02025078982114792 1.1934516429901123
v -0.04837656766176224 0.012767387554049492 0.9341713786125183
v -0.003994600847363472 0.013257168233394623 0.9372925758361816
v 0.038647640496492386 0.013027168810367584 0.9125661849975586
v 0.0869365856051445 0.010544504038989544 0.8975381851196289
v -0.11171190440654755 0.009255722165107727 0.9303826093673706
v -0.07459370046854019 0.017380274832248688 1.1874510049819946
v -0.020455416291952133 0.012042209506034851 0.8937914371490479
v 0.021957995370030403 0.013522709719836712 0.9311962723731995
v 0.06494767963886261 0.011688189581036568 0.8987411856651306
v 0.11883413791656494 0.014177406206727028 0.9807348847389221
v -0.10268973559141159 0.02032249979674816 1.1900113821029663
v -0.03821961581707001 0.013018481433391571 0.9004141688346863
v 0.005227494984865189 0.014150718227028847 0.9263611435890198
v 0.04701443016529083 0.01255008950829506 0.8895562291145325
v 0.097276471555233 0.01566862128674984 0.9921795725822449
v -0.13174410164356232 0.024693896993994713 1.1953983306884766
v -0.057309579104185104 0.014933834783732891 0.9359690546989441
v -0.011056313291192055 0.01354811992496252 0.896329402923584
v 0.030873319134116173 0.014259331859648228 0.9099353551864624
v 0.07517193257808685 0.01253233291208744 0.9001927375793457
v -0.12439404428005219 0.011213605292141438 0.9224584698677063
v -0.09014558047056198 0.021251266822218895 1.1890649795532227
v -0.028567088767886162 0.013452228158712387 0.8967582583427429
v 0.013978705741465092 0.015058957040309906 0.9310319423675537
v 0.05671961233019829 0.013347860425710678 0.8974114060401917
v 0.10803057998418808 0.01566648669540882 0.9844298362731934
v -0.11520268023014069 0.02328364923596382 1.1910969018936157
v -0.04746001213788986 0.0149025684222579 0.9355539083480835
v -0.003017857437953353 0.01565464399755001 0.9369481801986694
v 0.03954805061221123 0.015302800573408604 0.9147176742553711
v 0.08807144314050674 0.013322737999260426 0.9017393589019775
v -0.11067485809326172 0.01145146694034338 0.9307326674461365
v -0.07290257513523102 0.019162818789482117 1.18307626247406
v -0.019613225013017654 0.014467837288975716 0.8968773484230042
v 0.022643297910690308 0.015807557851076126 0.9309632182121277
v 0.0658874660730362 0.013907559216022491 0.9014208912849426
v 0.12004482746124268 0.01641867682337761 0.9784622192382812
v -0.10136570036411285 0.023133985698223114 1.1885091066360474
v -0.037283871322870255 0.015416807495057583 0.9038254022598267
v 0.006056457292288542 0.016621697694063187 0.9271806478500366
v 0.04756459966301918 0.014545753598213196 0.8874337077140808
v 0.09707057476043701 0.015907978639006615 0.9570164680480957
v -0.12970004975795746 0.03046879917383194 1.1932380199432373
v -0.05634722113609314 0.017036356031894684 0.9384481310844421
v -0.010313652455806732 0.015741245821118355 0.8976565003395081
v 0.03165823966264725 0.016801703721284866 0.9118364453315735
v 0.07615377753973007 0.014940015971660614 0.9031951427459717
v -0.12229597568511963 0.0137013029307127 0.9220705032348633
v -0.08892802894115448 0.023677950724959373 1.184601902961731
v -0.027730606496334076 0.016047056764364243 0.9001631736755371
v 0.014674261212348938 0.017508722841739655 0.9314607977867126
v 0.05767488479614258 0.015606017783284187 0.9001527428627014
v 0.10664524137973785 0.015337914228439331 0.9523338079452515
v -0.11358346045017242 0.02785887010395527 1.1858110427856445
v -0.046395670622587204 0.017054535448551178 0.9365776181221008
v -0.0020084313582628965 0.018076177686452866 0.9362813234329224
v 0.03959490358829498 0.01686902903020382 0.8922679424285889
v 0.0898752436041832 0.01603095419704914 0.9073644876480103
v -0.10937990248203278 0.01406344585120678 0.927486002445221
v -0.071427121758461 0.02187259867787361 1.1716970205307007
v -0.018762841820716858 0.016963312402367592 0.9001753926277161
v 0.023653153330087662 0.01796604134142399 0.9108977913856506
v 0.06686680018901825 0.01624933071434498 0.9039695262908936
v 0.12158068269491196 0.01881592907011509 0.9762126207351685
v -0.10010508447885513 0.026286497712135315 1.1839014291763306
v -0.03625403717160225 0.017495304346084595 0.9054811596870422
v 0.006913324352353811 0.01902002841234207 0.9280948638916016
v 0.049244754016399384 0.017160551622509956 0.8935837149620056
v 0.09787251800298691 0.018886487931013107 0.9523589611053467
v -0.09707123041152954 0.013133415021002293 0.9233914017677307
v -0.05522821843624115 0.019384901970624924 0.9429999589920044
v -0.009526260197162628 0.01807117462158203 0.9002160429954529
v 0.032478779554367065 0.019316602498292923 0.9141805171966553
v 0.07711393386125565 0.017435159534215927 0.906622588634491
v -0.12054293602705002 0.015973487868905067 0.9219444990158081
v -0.08757931739091873 0.02642733044922352 1.1800824403762817
v -0.02687300182878971 0.018669920042157173 0.9036075472831726
v 0.015430781990289688 0.019977010786533356 0.9319296479225159
v 0.05860595032572746 0.017926929518580437 0.902758002281189
v 0.10754164308309555 0.018408751115202904 0.9459955096244812
v -0.08640648424625397 0.011256019584834576 0.9283581972122192
v -0.04473648592829704 0.019891276955604553 0.9355429410934448
v -0.0009477286948822439 0.020468762144446373 0.9353160262107849
v 0.04047878831624985 0.01883557438850403 0.891430675983429
v 0.08783497661352158 0.023190045729279518 0.9851126670837402
v -0.1079811304807663 0.016531379893422127 0.924820601940155
v -0.06977634876966476 0.02012386918067932 1.0465340614318848
v -0.01785184070467949 0.0194585919380188 0.9035587310791016
v 0.024648070335388184 0.020503701642155647 0.9128700494766235
v 0.06792096048593521 0.01873462088406086 0.9065945148468018
v 0.12180425971746445 0.01741418056190014 0.9352095723152161
v -0.09954337030649185 0.029464339837431908 1.1740494966506958
v -0.035253915935754776 0.019920088350772858 0.9068834185600281
v 0.0077468473464250565 0.02142072096467018 0.9289366602897644
v 0.05066531151533127 0.019634287804365158 0.8989945650100708
v 0.09802065044641495 0.021133046597242355 0.9454882740974426
v -0.09684687852859497 0.016839193180203438 0.9243730306625366
v -0.0542624294757843 0.020973660051822662 1.025322437286377
v -0.008523424156010151 0.020329592749476433 0.9030493497848511
v 0.033256396651268005 0.021687617525458336 0.9169345498085022
v 0.07800328731536865 0.0199862252920866 0.9102529883384705
v -0.11887834221124649 0.01808096095919609 0.9208646416664124
v -0.08640743046998978 0.029999352991580963 1.174750804901123
v -0.025909626856446266 0.021097296848893166 0.9066190719604492
v 0.01611344702541828 0.022039607167243958 0.9322822690010071
v 0.05956105887889862 0.020307987928390503 0.9052346348762512
v 0.10770077258348465 0.02042265795171261 0.9343087673187256
v -0.08524034917354584 0.016168799251317978 0.9248157143592834
v -0.04500029981136322 0.021509774029254913 0.911213755607605
v 6.281036621658131e-05 0.02275610901415348 0.9341537356376648
v 0.04141776263713837 0.020886564627289772 0.8905068039894104
v 0.08929044753313065 0.023877492174506187 0.9515985250473022
v -0.10689443349838257 0.0190680343657732 0.9242889285087585
v -0.06697851419448853 0.022976567968726158 1.0333466529846191
v -0.016954025253653526 0.021914366632699966 0.9071359038352966
v 0.025473574176430702 0.0231077428907156 0.9151015877723694
v 0.06904066354036331 0.021305928006768227 0.9094011783599854
v 0.12416224926710129 0.019873598590493202 0.9291139245033264
v -0.0902424231171608 0.025851178914308548 1.0843465328216553
v -0.0341680608689785 0.02219218574464321 0.9089095592498779
v 0.008550955913960934 0.023824559524655342 0.929821789264679
v 0.05171118676662445 0.021919336169958115 0.901872992515564
v 0.09797264635562897 0.02288060635328293 0.9349660873413086
v -0.09647214412689209 0.020066725090146065 0.9269280433654785
v -0.053465381264686584 0.02330036088824272 1.0201786756515503
v -0.00759485550224781 0.022718846797943115 0.9062545299530029
v 0.03386829048395157 0.023633668199181557 0.919558048248291
v 0.07890696823596954 0.022572169080376625 0.9139525890350342
v -0.11709469556808472 0.02018088474869728 0.9188629388809204
v -0.08554662019014359 0.034812942147254944 1.167509913444519
v -0.025188855826854706 0.023341037333011627 0.9101013541221619
v 0.016358988359570503 0.02419346757233143 0.9142385125160217
v 0.060552988201379776 0.022798020392656326 0.9076428413391113
v 0.10818219184875488 0.022444264963269234 0.9256953001022339
v -0.08461986482143402 0.019805844873189926 0.9267251491546631
v -0.04346369206905365 0.023469341918826103 0.9134953022003174
v 0.0010291768703609705 0.024882284924387932 0.933215856552124
v 0.04238371551036835 0.022795680910348892 0.8864600658416748
v 0.09017469733953476 0.025178952142596245 0.936694324016571
v -0.10570021718740463 0.021513260900974274 0.9240961074829102
v -0.0649033933877945 0.024978656321763992 1.026643991470337
v -0.01608378440141678 0.02429301291704178 0.9106335639953613
v 0.02633732743561268 0.0255100317299366 0.9174467325210571
v 0.07016558200120926 0.0238268431276083 0.9125446677207947
v 0.12564998865127563 0.026079116389155388 0.9693277478218079
v -0.08155787736177444 0.023140670731663704 1.0063925981521606
v -0.03294556960463524 0.024565262719988823 0.9110433459281921
v 0.009400548413395882 0.02619021385908127 0.9311371445655823
v 0.05267297104001045 0.024246258661150932 0.9043286442756653
v 0.09789766371250153 0.02494692988693714 0.9249348044395447
v -0.0956762284040451 0.02272883802652359 0.9286032319068909
v -0.05207626894116402 0.025489406660199165 1.0134187936782837
v -0.006946152076125145 0.025214271619915962 0.9097773432731628
v 0.03402809053659439 0.02423621527850628 0.8928801417350769
v 0.07997675240039825 0.025168320164084435 0.918269693851471
v -0.11540537327528 0.022444821894168854 0.9174833297729492
v -0.07271157950162888 0.023876981809735298 1.0123075246810913
v -0.0244695283472538 0.025573795661330223 0.9138477444648743
v 0.01790119893848896 0.0262792706489563 0.9163901209831238
v 0.06160126253962517 0.02527599222958088 0.9103281497955322
v 0.10934752970933914 0.02428305707871914 0.9181143045425415
v -0.08410492539405823 0.022882934659719467 0.9294617176055908
v -0.042060937732458115 0.025586705654859543 0.9157400131225586
v 0.0021306348498910666 0.02706979401409626 0.9325281977653503
v 0.04317356273531914 0.02464982308447361 0.8856279253959656
v 0.09047621488571167 0.026877932250499725 0.9285498261451721
v -0.10453055053949356 0.023911569267511368 0.9238747954368591
v -0.06319457292556763 0.026718048378825188 1.0166982412338257
v -0.015157792717218399 0.02663826197385788 0.9139358401298523
v 0.027440818026661873 0.027812011539936066 0.9201664924621582
v 0.07125783711671829 0.02629128098487854 0.9160953164100647
v 0.1261744499206543 0.02904614619910717 0.9668900966644287
v -0.08066966384649277 0.026756569743156433 0.9975853562355042
v -0.033362824469804764 0.028529295697808266 0.9288622736930847
v 0.010271306149661541 0.028612365946173668 0.9329416751861572
v 0.05360568314790726 0.026591727510094643 0.9068838953971863
v 0.0981379821896553 0.02650846727192402 0.918540358543396
v -0.09467919915914536 0.02523558959364891 0.9301073551177979
v -0.05110959708690643 0.02832021191716194 1.0014175176620483
v -0.006139812991023064 0.027598660439252853 0.9133213758468628
v 0.03552800416946411 0.026781799271702766 0.893237829208374
v 0.08125670254230499 0.027695098891854286 0.9231846332550049
v -0.1139301210641861 0.024866383522748947 0.9180164337158203
v -0.07194896787405014 0.027473732829093933 1.003338098526001
v -0.02356898784637451 0.027926653623580933 0.9177343249320984
v 0.01931047812104225 0.029179265722632408 0.9192875623703003
v 0.06268122047185898 0.027707824483513832 0.9133212566375732
v 0.1110989898443222 0.026651892811059952 0.9119459390640259
v -0.08350564539432526 0.02564369887113571 0.9318897128105164
v -0.04070166498422623 0.02793649584054947 0.9164579510688782
v 0.003361073788255453 0.029124988242983818 0.9295790195465088
v 0.046097077429294586 0.027467012405395508 0.8989070653915405
v 0.0905560627579689 0.028470022603869438 0.9233316779136658
v -0.10342463105916977 0.026186028495430946 0.9236692190170288
v -0.0616680346429348 0.029463863000273705 0.9996446967124939
v -0.01405829843133688 0.02886774018406868 0.9171656370162964
v 0.02842913381755352 0.030200226232409477 0.9229945540428162
v 0.07236192375421524 0.02871430665254593 0.920188307762146
v 0.12725812196731567 0.03131050243973732 0.9641684293746948
v -0.07984080165624619 0.030198607593774796 0.9972701668739319
v -0.03213834390044212 0.03088403306901455 0.9330785274505615
v 0.011262102983891964 0.031043777242302895 0.9346880316734314
v 0.054482683539390564 0.02892797440290451 0.9095475673675537
v 0.09854844957590103 0.0279593076556921 0.9129678606987
v -0.09358679503202438 0.027521319687366486 0.9314188957214355
v -0.0501580610871315 0.03094288520514965 0.9935793280601501
v -0.005405890755355358 0.029990412294864655 0.9168198704719543
v 0.036699146032333374 0.027885064482688904 0.8755828738212585
v 0.08230440318584442 0.029895320534706116 0.9264470338821411
v -0.1126827672123909 0.02727283351123333 0.9176735281944275
v -0.07080437242984772 0.03063388541340828 0.9989476799964905
v -0.023507915437221527 0.03169853240251541 0.9304487109184265
v 0.020300213247537613 0.03186612203717232 0.9221385717391968
v 0.06376778334379196 0.030074382200837135 0.9167301654815674
v 0.11386370658874512 0.031333282589912415 0.9690993428230286
v -0.08279038220643997 0.028529172763228416 0.9345394968986511
v -0.039505865424871445 0.030037896707654 0.9170689582824707
v 0.003811839036643505 0.030894318595528603 0.9140983819961548
v 0.047293614596128464 0.029851173982024193 0.9026060104370117
v 0.09061702340841293 0.03006165288388729 0.9181311130523682
v -0.10227946937084198 0.02847767435014248 0.9230818748474121
v -0.059850968420505524 0.03177746385335922 0.9915798902511597
v -0.01299428939819336 0.031088843941688538 0.919251561164856
v 0.02880990132689476 0.028587769716978073 0.8726309537887573
v 0.07348649203777313 0.03110245056450367 0.9250010848045349
v 0.12882618606090546 0.03379408270120621 0.9614819288253784
v -0.0785619392991066 0.032326336950063705 0.9954106211662292
v -0.031102051958441734 0.03281792998313904 0.9336981773376465
v 0.012159361504018307 0.033802375197410583 0.9358264207839966
v 0.055444683879613876 0.03134242072701454 0.9124211072921753
v 0.09944483637809753 0.029751356691122055 0.9073816537857056
v -0.09247564524412155 0.029789485037326813 0.9325520396232605
v -0.04887573421001434 0.03337441012263298 0.9898557066917419
v -0.004582357592880726 0.032333698123693466 0.9198020696640015
v 0.03754666820168495 0.030285168439149857 0.8794147372245789
v 0.08289046585559845 0.03179918974637985 0.9254690408706665
v -0.11158380657434464 0.02981521375477314 0.9174976348876953
v -0.06993390619754791 0.032609157264232635 0.9964109659194946
v -0.022397981956601143 0.03427502512931824 0.9344747066497803
v 0.02050900086760521 0.03466101735830307 0.9226271510124207
v 0.06483977288007736 0.03247833997011185 0.9207261800765991
v 0.11505996435880661 0.03406718000769615 0.966936469078064
v -0.08229931443929672 0.0314457006752491 0.9368408918380737
v -0.0383787527680397 0.03213438391685486 0.9170699715614319
v 0.0047813886776566505 0.03392466902732849 0.918795108795166
v 0.04824431613087654 0.03229667246341705 0.9054703712463379
v 0.0906718298792839 0.031675733625888824 0.9124312400817871
v -0.10124066472053528 0.03075471892952919 0.9227437973022461
v -0.05888662859797478 0.03424765169620514 0.987794816493988
v -0.01194037962704897 0.033381566405296326 0.9207611083984375
v 0.029456786811351776 0.031354568898677826 0.8734645843505859
v 0.0745716318488121 0.03342241048812866 0.9291642904281616
v -0.1267373412847519 0.031582061201334 0.907094419002533
v -0.07761657983064651 0.0345010869204998 0.9931190609931946
v -0.030066167935729027 0.03463311120867729 0.9334432482719421
v 0.012594361789524555 0.036540351808071136 0.9359362721443176
v 0.05647825449705124 0.03374382108449936 0.9156019687652588
v 0.10111289471387863 0.0324576310813427 0.90208500623703
v -0.09154395759105682 0.03193860128521919 0.9333755970001221
v -0.048653896898031235 0.03331972658634186 0.9461888074874878
v -0.0038819832261651754 0.034754976630210876 0.92266446352005
v 0.03846810758113861 0.03263559937477112 0.8848828077316284
v 0.08323749154806137 0.03363589197397232 0.9209170341491699
v -0.11061728000640869 0.0326416939496994 0.9178089499473572
v -0.06876729428768158 0.0346711128950119 0.9915998578071594
v -0.020933588966727257 0.03601936995983124 0.9343641400337219
v 0.02186594530940056 0.032913938164711 0.8709789514541626
v 0.06589407473802567 0.034882474690675735 0.9253196716308594
v 0.11593508720397949 0.03666437789797783 0.9647610187530518
v -0.08160588145256042 0.03431963175535202 0.9387935996055603
v -0.03740547597408295 0.03440685197710991 0.9168999195098877
v 0.0053404453210532665 0.036309968680143356 0.9197577834129333
v 0.04904596880078316 0.034711841493844986 0.9084124565124512
v 0.09087429940700531 0.03347575291991234 0.9064095616340637
v -0.10045425593852997 0.03305422514677048 0.9224157333374023
v -0.05796070396900177 0.03685828670859337 0.9851151704788208
v -0.011146185919642448 0.035864315927028656 0.9244673848152161
v 0.030357375741004944 0.033717043697834015 0.878288984298706
v 0.07552609592676163 0.03548712655901909 0.9303264617919922
v -0.12318869680166245 0.035929493606090546 0.9069252610206604
v -0.07708752155303955 0.0366327203810215 0.9908986687660217
v -0.02901947870850563 0.036454275250434875 0.93199622631073
v 0.013274027034640312 0.03393729403614998 0.8697353601455688
v 0.05756385624408722 0.036083098500967026 0.9191164374351501
v 0.10471770912408829 0.03687392175197601 0.9744082093238831
v -0.09060636907815933 0.03413933143019676 0.9337764382362366
v -0.047474198043346405 0.03600084409117699 0.9452753663063049
v -0.006700934376567602 0.03334296867251396 0.8748683333396912
v 0.03933848813176155 0.035023514181375504 0.8891110420227051
v 0.08339876681566238 0.035474251955747604 0.9145196676254272
v -0.10973597317934036 0.03534390404820442 0.919095516204834
v -0.06601998955011368 0.03813350573182106 0.97664874792099
v -0.019815154373645782 0.03790349140763283 0.933999240398407
v 0.022621208801865578 0.03523556515574455 0.8758509755134583
v 0.06700799614191055 0.03732951357960701 0.930627703666687
v 0.11682087182998657 0.039227765053510666 0.962834358215332
v -0.08041410893201828 0.03707384318113327 0.9409233927726746
v -0.0366651825606823 0.03674755245447159 0.9162737131118774
v 0.004928978625684977 0.03525426238775253 0.8699791431427002
v 0.04992616921663284 0.03721673786640167 0.9115530252456665
v 0.0917428582906723 0.035782117396593094 0.9009091258049011
v -0.09968338906764984 0.035319652408361435 0.9221563935279846
v -0.057075176388025284 0.03959907963871956 0.9831483364105225
v -0.010743149556219578 0.039221446961164474 0.9317403435707092
v 0.031311098486185074 0.036162182688713074 0.8832839131355286
v 0.07608888298273087 0.03728568181395531 0.9267669320106506
v -0.12151798605918884 0.039789993315935135 0.9083158373832703
v -0.07487531751394272 0.03931962326169014 0.9763601422309875
v -0.028028445318341255 0.03846394270658493 0.9294303059577942
v 0.014308716170489788 0.0363757386803627 0.8743281960487366
v 0.05862857773900032 0.038465335965156555 0.9231119155883789
v 0.10652410984039307 0.03989836573600769 0.9737977385520935
v -0.08867262303829193 0.03683559596538544 0.9179182648658752
v -0.04627620056271553 0.03914468735456467 0.9473738670349121
v -0.005186885595321655 0.03548473119735718 0.8751128315925598
v 0.04024476185441017 0.03753872960805893 0.8930411338806152
v 0.08361001312732697 0.03745134174823761 0.9072105884552002
v -0.10901637375354767 0.03769444301724434 0.9219540953636169
v -0.06530515849590302 0.040932364761829376 0.9746091961860657
v -0.018731575459241867 0.040035706013441086 0.9330953359603882
v 0.02338654175400734 0.03760126978158951 0.8808690905570984
v 0.06826871633529663 0.03980104252696037 0.9356248378753662
v 0.11789896339178085 0.04170973598957062 0.9610610604286194
v -0.08525785803794861 0.04107749089598656 0.9811912178993225
v -0.03601771593093872 0.039074283093214035 0.9153890609741211
v 0.006143778562545776 0.03763017803430557 0.8744869232177734
v 0.0508631095290184 0.039766766130924225 0.9150561690330505
v 0.09366361796855927 0.03879692777991295 0.8977230191230774
v -0.09878277033567429 0.037459224462509155 0.9221832156181335
v -0.05647889897227287 0.042458660900592804 0.9818239212036133
v -0.009791004471480846 0.041300784796476364 0.9335463643074036
v 0.0322745144367218 0.038588039577007294 0.8881715536117554
v 0.07632193714380264 0.039120957255363464 0.9202074408531189
v -0.12557987868785858 0.04144980385899544 0.9495393633842468
v -0.07377314567565918 0.04182538762688637 0.970106840133667
v -0.026952603831887245 0.04052363336086273 0.9264434576034546
v 0.015158137306571007 0.03890812769532204 0.8799688816070557
v 0.05976772680878639 0.040899332612752914 0.9279850125312805
v 0.10799157619476318 0.04278678074479103 0.972031831741333
v -0.08706402778625488 0.038899343460798264 0.9140791296958923
v -0.04571199044585228 0.041828516870737076 0.9484666585922241
v -0.0034437014255672693 0.03876207023859024 0.8874818682670593
v 0.04122179001569748 0.04005581513047218 0.8970162868499756
v 0.0842229351401329 0.03949696943163872 0.9007552862167358
v -0.11154276132583618 0.04145091772079468 0.948979914188385
v -0.06469887495040894 0.0434737391769886 0.9738611578941345
v -0.017714904621243477 0.04206613078713417 0.9310173988342285
v 0.024172570556402206 0.03991857171058655 0.8857569694519043
v 0.06895404309034348 0.041377272456884384 0.9345266819000244
v 0.1191578209400177 0.0440673790872097 0.9598832130432129
v -0.08432011306285858 0.04310663044452667 0.9752288460731506
v -0.03533833473920822 0.04171008616685867 0.9140868782997131
v 0.0072699785232543945 0.04022020474076271 0.8812045454978943
v 0.05179008096456528 0.04225171357393265 0.9189915060997009
v 0.09720363467931747 0.043401170521974564 0.9711249470710754
v -0.09461554139852524 0.03958318009972572 0.9089128971099854
v -0.055887799710035324 0.04498549923300743 0.9798673391342163
v -0.008613934740424156 0.04322100058197975 0.9330847263336182
v 0.033098869025707245 0.04106178134679794 0.8926109671592712
v 0.07624522596597672 0.041145939379930496 0.9092779159545898
v -0.1235278844833374 0.04388170689344406 0.9480412006378174
v -0.07274229824542999 0.044460367411375046 0.967816948890686
v -0.025903690606355667 0.04278244450688362 0.9236153364181519
v 0.016113998368382454 0.04142019525170326 0.885284423828125
v 0.060985174030065536 0.04339367896318436 0.9336052536964417
v 0.10932998359203339 0.04519345611333847 0.969758927822113
v -0.08597312122583389 0.04136984050273895 0.9126193523406982
v -0.04491093009710312 0.04452662542462349 0.9500870704650879
v -0.0008599709835834801 0.0451597198843956 0.9316504597663879
v 0.042247336357831955 0.042665157467126846 0.9025417566299438
v 0.08554328978061676 0.04230962321162224 0.895234227180481
v -0.11024098843336105 0.04415176808834076 0.9498868584632874
v -0.06406962126493454 0.046229809522628784 0.9737100005149841
v -0.016694189980626106 0.04428074508905411 0.9285098910331726
v 0.025037502869963646 0.04242624714970589 0.8904604911804199
v 0.06880360841751099 0.04297745227813721 0.9259731769561768
v 0.12049587815999985 0.04634715989232063 0.9591500759124756
v -0.0822376236319542 0.045895300805568695 0.9669421315193176
v -0.03426405042409897 0.04449864476919174 0.9137066602706909
v 0.008648060262203217 0.04285743460059166 0.8886255621910095
v 0.05274296551942825 0.04473819583654404 0.9233770966529846
v 0.09928462654352188 0.04594184085726738 0.9697695970535278
v -0.0934465229511261 0.042042169719934464 0.9060928821563721
v -0.053317125886678696 0.04494809731841087 0.9415872097015381
v -0.0072163851000368595 0.04652989283204079 0.9382860064506531
v 0.03396870195865631 0.04355165734887123 0.8968448638916016
v 0.07669614255428314 0.04287312179803848 0.8996279835700989
v -0.12141018360853195 0.045625705271959305 0.947496235370636
v -0.07179130613803864 0.046976812183856964 0.9667587876319885
v -0.025004973635077477 0.04530375823378563 0.9211089611053467
v 0.0171134565025568 0.044108033180236816 0.8906739950180054
v 0.06183311343193054 0.04557565599679947 0.9373955726623535
v 0.11054946482181549 0.04744701460003853 0.967818558216095
v -0.08514232188463211 0.04386555030941963 0.9117465019226074
v -0.044006284326314926 0.047205522656440735 0.9518183469772339
v -0.000290452764602378 0.04762401431798935 0.9292929768562317
v 0.043470993638038635 0.04544805735349655 0.9096099138259888
v 0.08889159560203552 0.0465073436498642 0.9537448287010193
v -0.10817894339561462 0.046108778566122055 0.9485023021697998
v -0.06348451226949692 0.04916269704699516 0.9741886258125305
v -0.015802867710590363 0.04671061784029007 0.9270014762878418
v 0.026027008891105652 0.045073531568050385 0.8951359391212463
v 0.06872349977493286 0.04466275870800018 0.9068748950958252
v 0.12188081443309784 0.048613447695970535 0.9587036967277527
v -0.08073382079601288 0.04829142987728119 0.9647265076637268
v -0.034447602927684784 0.0494237057864666 0.9565149545669556
v 0.009147892706096172 0.04675693437457085 0.9035686254501343
v 0.053723566234111786 0.04715107008814812 0.9279201030731201
v 0.1012096107006073 0.048280153423547745 0.9671105742454529
v -0.09259152412414551 0.04461423307657242 0.905350923538208
v -0.052128858864307404 0.04766169935464859 0.9440433382987976
v -0.006883007008582354 0.04983514919877052 0.9444583654403687
v 0.03490026295185089 0.046110015362501144 0.9013204574584961
v 0.07773732393980026 0.04551760479807854 0.8939123153686523
v -0.11984837055206299 0.04703088477253914 0.9471921324729919
v -0.07090135663747787 0.04939045011997223 0.9665298461914062
v -0.024218101054430008 0.04855912923812866 0.9223095178604126
v 0.018114358186721802 0.04685983806848526 0.8964344263076782
v 0.06093745306134224 0.04666587710380554 0.9271873235702515
v 0.11176279932260513 0.049679357558488846 0.9656479954719543
v -0.08436930179595947 0.04622297361493111 0.9121968746185303
v -0.04310225322842598 0.04973071068525314 0.9533687233924866
v 0.001236914424225688 0.04891497269272804 0.9214348793029785
v 0.04481175169348717 0.04816802963614464 0.9163119792938232
v 0.09016711264848709 0.049499478191137314 0.9510970711708069
v -0.10302852094173431 0.04532138258218765 0.9082930088043213
v -0.06308287382125854 0.052087098360061646 0.975534975528717
v -0.014935348182916641 0.051451802253723145 0.945250928401947
v 0.026976358145475388 0.0476725809276104 0.8998091816902161
v 0.06912040710449219 0.04653240367770195 0.8980469703674316
v 0.12340732663869858 0.05090406909584999 0.9583864212036133
v -0.07939077168703079 0.05056438595056534 0.9634891748428345
v -0.033578746020793915 0.052112679928541183 0.9582233428955078
v 0.010041151195764542 0.04972882941365242 0.9128792881965637
v 0.05440575256943703 0.049203500151634216 0.9313527345657349
v 0.10058096796274185 0.04991143196821213 0.9475297927856445
v -0.0918739065527916 0.04708253592252731 0.9056603908538818
v -0.05103065073490143 0.05030328780412674 0.9463058114051819
v -0.006360963918268681 0.05206996574997902 0.9468733072280884
v 0.035874392837285995 0.048615120351314545 0.9058769345283508
v 0.08094547688961029 0.05016378313302994 0.9531176090240479
v -0.11871541291475296 0.04917489364743233 0.9430246353149414
v -0.07009509205818176 0.05201244726777077 0.9666264057159424
v -0.02414931356906891 0.052632566541433334 0.9560199975967407
v 0.019177692010998726 0.04955977573990822 0.9022302627563477
v 0.06156229227781296 0.048202984035015106 0.9033507704734802
v 0.1129831001162529 0.051990002393722534 0.9633042812347412
v -0.08332382887601852 0.048674583435058594 0.9133548736572266
v -0.0421726256608963 0.05208060145378113 0.9545777440071106
v 0.0023590615019202232 0.0508839376270771 0.9222753643989563
v 0.0459771566092968 0.05076342821121216 0.9216910600662231
v 0.09118606895208359 0.05169228836894035 0.9485799074172974
v -0.10146129131317139 0.04806024208664894 0.9072923064231873
v -0.06274691224098206 0.05467483401298523 0.9763898253440857
v -0.013884487561881542 0.05364074930548668 0.9463340044021606
v 0.027993762865662575 0.0501701645553112 0.9044672250747681
v 0.07013433426618576 0.04894637316465378 0.8941766023635864
v 0.12496975064277649 0.05323454737663269 0.957068145275116
v -0.0780709981918335 0.05292872339487076 0.9626102447509766
v -0.03264792636036873 0.05412919446825981 0.9593654274940491
v 0.011095787398517132 0.052073705941438675 0.9178928732872009
v 0.05428127199411392 0.050819993019104004 0.9144168496131897
v 0.10148029774427414 0.05220293998718262 0.9449023008346558
v -0.0911586731672287 0.04948953166604042 0.9063268303871155
v -0.0501522496342659 0.05287644639611244 0.948203980922699
v -0.005674856249243021 0.05420123413205147 0.9481772780418396
v 0.03685693442821503 0.05108442157506943 0.910182535648346
v 0.08219021558761597 0.052971966564655304 0.9510253667831421
v -0.11289745569229126 0.049776412546634674 0.9149550199508667
v -0.06929007172584534 0.054716821759939194 0.9676529765129089
v -0.02205721102654934 0.05285152420401573 0.9329861402511597
v 0.020154958590865135 0.05221650376915932 0.9075770974159241
v 0.06174592673778534 0.0500192828476429 0.895980715751648
v 0.11433231830596924 0.05437856167554855 0.9610549807548523
v -0.08243154734373093 0.050774797797203064 0.9151033163070679
v -0.041179075837135315 0.054353319108486176 0.9555268883705139
v 0.0035440430510789156 0.053014062345027924 0.9232676029205322
v 0.04678889364004135 0.052832361310720444 0.9249628782272339
v 0.09206289798021317 0.05389579385519028 0.9464569091796875
v -0.10002458095550537 0.05081825703382492 0.9072184562683105
v -0.058233972638845444 0.05320766195654869 0.9400621652603149
v -0.012956345453858376 0.05549735575914383 0.9463250041007996
v 0.029019562527537346 0.05273427069187164 0.909342885017395
v 0.07346468418836594 0.054008111357688904 0.9535873532295227
v 0.12710373103618622 0.05548521876335144 0.9542565941810608
v -0.07702463865280151 0.05552751198410988 0.9606176614761353
v -0.03184022381901741 0.056158073246479034 0.960388720035553
v 0.012025037780404091 0.05428684130311012 0.9209870100021362
v 0.054105084389448166 0.05223561450839043 0.90192711353302
v 0.10235580056905746 0.05458175390958786 0.9433615803718567
v -0.09042474627494812 0.05185121297836304 0.9076248407363892
v -0.04937361925840378 0.05544620007276535 0.9499837756156921
v -0.0049953521229326725 0.056391507387161255 0.949031412601471
v 0.037843186408281326 0.05346965789794922 0.9142796993255615
v 0.08315227180719376 0.05534160137176514 0.9485763907432556
v -0.11110607534646988 0.05217170715332031 0.9109900593757629
v -0.06840253621339798 0.057021982967853546 0.9681830406188965
v -0.021028364077210426 0.05502503365278244 0.9318010210990906
v 0.020962707698345184 0.054833121597766876 0.9125737547874451
v 0.0625448226928711 0.05270637199282646 0.8914220929145813
v 0.11569014191627502 0.05673028528690338 0.9590935707092285
v -0.08178018033504486 0.053105734288692474 0.9174526929855347
v -0.04022824391722679 0.056701816618442535 0.956298291683197
v 0.004383530467748642 0.05530274286866188 0.9243441224098206
v 0.047114770859479904 0.05475808307528496 0.9109212160110474
v 0.09294114261865616 0.056071288883686066 0.9444761872291565
v -0.09902450442314148 0.05330091342329979 0.9069677591323853
v -0.05717158690094948 0.05580272153019905 0.9414569139480591
v -0.012180584482848644 0.05743163451552391 0.9452694654464722
v 0.030066030099987984 0.055241890251636505 0.9140076637268066
v 0.07457282394170761 0.05702829360961914 0.9519792795181274
v -0.12419171631336212 0.05389636009931564 0.9066404700279236
v -0.07138040661811829 0.05095721036195755 0.9091418385505676
v -0.031683746725320816 0.058359045535326004 0.9601073861122131
v 0.012915301136672497 0.05648688226938248 0.9230505228042603
v 0.05451490730047226 0.05443323031067848 0.8963784575462341
v 0.10338301956653595 0.057000782340765 0.9420695304870605
v -0.08962717652320862 0.05419823154807091 0.909345269203186
v -0.048509519547224045 0.05810123309493065 0.9516350030899048
v -0.00415436364710331 0.05864632502198219 0.9493343830108643
v 0.03890673443675041 0.055927976965904236 0.9185625314712524
v 0.08397790044546127 0.05753328651189804 0.9465145468711853
v -0.10966078191995621 0.05441366881132126 0.9087635278701782
v -0.061447303742170334 0.051806382834911346 0.906999945640564
v -0.02031661942601204 0.057061441242694855 0.9307352304458618
v 0.02199685387313366 0.057265378534793854 0.916903018951416
v 0.06608276814222336 0.05812690779566765 0.9532104730606079
v 0.1170882135629654 0.058897003531455994 0.9570363163948059
v -0.08093950897455215 0.05579792335629463 0.918843150138855
v -0.03913963958621025 0.058698367327451706 0.9544833898544312
v 0.005235739052295685 0.05758560448884964 0.9253305196762085
v 0.04741806536912918 0.05642295256257057 0.9067806005477905
v 0.09386828541755676 0.05832236260175705 0.9426606297492981
v -0.09794910997152328 0.055613771080970764 0.9066457748413086
v -0.056363094598054886 0.05893056467175484 0.9438367486000061
v -0.011508362367749214 0.05953153222799301 0.9434673190116882
v 0.031123001128435135 0.05762903019785881 0.9184038043022156
v 0.0755537822842598 0.059411708265542984 0.9495197534561157
v -0.12028535455465317 0.05598238855600357 0.9053426384925842
v -0.07047194242477417 0.05412188917398453 0.9054096341133118
v -0.03029211424291134 0.05606841668486595 0.9170706272125244
v 0.013868222013115883 0.05863770470023155 0.9242461323738098
v 0.05823458358645439 0.05977899581193924 0.9408329129219055
v 0.10430868715047836 0.05942121148109436 0.9406456351280212
v -0.08888934552669525 0.056515179574489594 0.9111394882202148
v -0.04789486527442932 0.0609111413359642 0.9531777501106262
v -0.0034959393087774515 0.06131913140416145 0.9489393830299377
v 0.039651378989219666 0.058065157383680344 0.9208607077598572
v 0.08488158881664276 0.059789419174194336 0.9443823099136353
v -0.10844361037015915 0.05655502527952194 0.9068987965583801
v -0.06074934080243111 0.054897598922252655 0.9043799042701721
v -0.019610140472650528 0.059045255184173584 0.9290963411331177
v 0.02312418818473816 0.05945723503828049 0.920259416103363
v 0.06730910390615463 0.0612383633852005 0.9518908262252808
v 0.1183246299624443 0.06135862320661545 0.9529317021369934
v -0.07926109433174133 0.056981757283210754 0.9089692234992981
v -0.03412982076406479 0.05264180898666382 0.8868645429611206
v 0.0060582696460187435 0.0597536675632 0.9261091947555542
v 0.04805750399827957 0.058801453560590744 0.9120807647705078
v 0.09483451396226883 0.0606682188808918 0.941083550453186
v -0.09694083034992218 0.057737819850444794 0.9059727787971497
v -0.0558026097714901 0.06200258806347847 0.9462093114852905
v -0.01089656725525856 0.06178189814090729 0.9409633278846741
v 0.03219055384397507 0.059974659234285355 0.9221798777580261
v 0.07646837830543518 0.06179563328623772 0.947391152381897
v -0.11851181834936142 0.05800517648458481 0.9046371579170227
v -0.06954729557037354 0.056840091943740845 0.9034377932548523
v -0.02886788360774517 0.060756683349609375 0.9242779016494751
v 0.015028774738311768 0.06032461300492287 0.9247077703475952
v 0.059058982878923416 0.06338821351528168 0.9463173151016235
v 0.1052154004573822 0.06185540184378624 0.9391579031944275
v -0.08814022690057755 0.0587138757109642 0.9125492572784424
v -0.043103862553834915 0.05455907806754112 0.8871830701828003
v -0.002627067966386676 0.06343360245227814 0.9476413130760193
v 0.04109921678900719 0.060428716242313385 0.9161348342895508
v 0.08583623915910721 0.06213698163628578 0.942411482334137
v -0.10644959658384323 0.05871172994375229 0.9030357599258423
v -0.05987216532230377 0.05740778520703316 0.9020336270332336
v -0.018798187375068665 0.06114894524216652 0.9251593351364136
v 0.024130668491125107 0.061297547072172165 0.9224877953529358
v 0.06825733929872513 0.06363386660814285 0.9502058029174805
v 0.11673515290021896 0.063779816031456 0.9379605650901794
v -0.07776086777448654 0.05899157002568245 0.9047092199325562
v -0.033396776765584946 0.056401945650577545 0.8852568864822388
v 0.006868044845759869 0.06164129078388214 0.9222508072853088
v 0.05006585642695427 0.06252150982618332 0.926298201084137
v 0.09580608457326889 0.0631113201379776 0.9396426677703857
v -0.09592834115028381 0.05994676053524017 0.903565526008606
v -0.05528943985700607 0.0649409294128418 0.9478135108947754
v -0.010141270235180855 0.06400194764137268 0.9379280209541321
v 0.033287666738033295 0.062375009059906006 0.9254804253578186
v 0.07737836986780167 0.06409696489572525 0.9454101324081421
v -0.11720746010541916 0.060234811156988144 0.90415358543396
v -0.06848049908876419 0.059220194816589355 0.90167236328125
v -0.028178196400403976 0.06380614638328552 0.9296718239784241
v 0.015857068821787834 0.06300980597734451 0.9154289960861206
v 0.06000653654336929 0.06584613025188446 0.9473254680633545
v 0.10610523819923401 0.06429423391819 0.937522828578949
v -0.08713845163583755 0.06073187664151192 0.9120952486991882
v -0.04190414026379585 0.05809763818979263 0.8852599263191223
v -0.0019208419835194945 0.06515049934387207 0.935375452041626
v 0.04199567809700966 0.06259456276893616 0.9162948131561279
v 0.08680825680494308 0.0645536556839943 0.9406968951225281
v -0.10449284315109253 0.06131593883037567 0.899300217628479
v -0.05900740623474121 0.05999143421649933 0.8995120525360107
v -0.017648817971348763 0.06309957802295685 0.9126699566841125
v 0.02508421055972576 0.06339039653539658 0.9208084344863892
v 0.06914088129997253 0.06572949141263962 0.9485107660293579
v 0.11786263436079025 0.06607761234045029 0.9353992938995361
v -0.07628004997968674 0.06089277192950249 0.9025176763534546
v -0.03243589401245117 0.059229232370853424 0.8838698267936707
v 0.008098915219306946 0.06430822610855103 0.9111032485961914
v 0.051972396671772 0.06609617173671722 0.9386165738105774
v 0.09676503390073776 0.06562628597021103 0.9382169246673584
v -0.09473160654306412 0.06253574043512344 0.902020275592804
v -0.049295876175165176 0.059874825179576874 0.890195906162262
v -0.009538027457892895 0.0663856565952301 0.9340358972549438
v 0.03434710577130318 0.06478995829820633 0.9283356666564941
v 0.07820624113082886 0.06637939810752869 0.9433779120445251
v -0.1161809042096138 0.0623379722237587 0.9020434021949768
v -0.06725866347551346 0.06128563731908798 0.8997691869735718
v -0.02724834717810154 0.06605906784534454 0.9313710331916809
v 0.017033584415912628 0.06550164520740509 0.9184001684188843
v 0.060841482132673264 0.06777051091194153 0.9475969672203064
v 0.1070115864276886 0.06673429161310196 0.9358528256416321
v -0.08548299968242645 0.06284216046333313 0.9010002017021179
v -0.04093894362449646 0.06103496998548508 0.8840771317481995
v -1.306654121435713e-05 0.06526724994182587 0.9066206812858582
v 0.04296889156103134 0.06475480645895004 0.9178348779678345
v 0.0877671092748642 0.06703875958919525 0.9391250610351562
v -0.10341151058673859 0.06351213902235031 0.8973031640052795
v -0.058400727808475494 0.06288029253482819 0.8954902291297913
v -0.016837414354085922 0.06565647572278976 0.913200855255127
v 0.025540100410580635 0.0661795437335968 0.9192125201225281
v 0.07004418969154358 0.06818506121635437 0.9465776681900024
v 0.11913691461086273 0.06853832304477692 0.9337549805641174
v -0.07347680628299713 0.06273189187049866 0.8875256180763245
v -0.031565405428409576 0.061793241649866104 0.8826929926872253
v 0.008867138996720314 0.0667395144701004 0.9161579012870789
v 0.053330227732658386 0.06884919106960297 0.946772038936615
v 0.09768321365118027 0.06810390204191208 0.9367697834968567
v -0.09381629526615143 0.06478967517614365 0.901949405670166
v -0.04870472848415375 0.06339027732610703 0.8872584700584412
v -0.00797687005251646 0.06688638031482697 0.9040202498435974
v 0.03533729165792465 0.0672917440533638 0.9308582544326782
v 0.07899453490972519 0.06880354136228561 0.9416829347610474
v -0.11338647454977036 0.06448541581630707 0.8957104086875916
v -0.06559205055236816 0.06345248222351074 0.8962534666061401
v -0.020833251997828484 0.06319396197795868 0.8856507539749146
v 0.017974626272916794 0.06775939464569092 0.9229542016983032
v 0.06175428256392479 0.0698569118976593 0.9477361440658569
v 0.10800519585609436 0.06916208565235138 0.9342211484909058
v -0.08267735689878464 0.0642666146159172 0.8907425403594971
v -0.03998682647943497 0.06382143497467041 0.8833173513412476
v 0.0008941375999711454 0.06796005368232727 0.9117656350135803
v 0.04388517513871193 0.0669565349817276 0.9194455742835999
v 0.08875685930252075 0.06950373947620392 0.9377778768539429
v -0.1024460569024086 0.06584806740283966 0.8956628441810608
v -0.056357577443122864 0.06488248705863953 0.8857648372650146
v -0.01600923389196396 0.06872717291116714 0.9183278679847717
v 0.026589300483465195 0.06842037290334702 0.9216676354408264
v 0.07092268764972687 0.0706726610660553 0.9455019235610962
v 0.12051324546337128 0.07136540859937668 0.932135820388794
v -0.07186360657215118 0.06476374715566635 0.8832833170890808
v -0.030814535915851593 0.06432800740003586 0.8814783692359924
v 0.009579497389495373 0.06923561543226242 0.9206382632255554
v 0.05417831242084503 0.07097070664167404 0.9490546584129333
v 0.09860251843929291 0.07050668448209763 0.9352250099182129
v -0.09290506690740585 0.06705817580223083 0.9011862874031067
v -0.047616880387067795 0.06595442444086075 0.8831074237823486
v -0.007046958431601524 0.06936893612146378 0.909013032913208
v 0.03626202419400215 0.0697353258728981 0.9330397248268127
v 0.0798720046877861 0.07127782702445984 0.9403905272483826
v -0.11034396290779114 0.06709442287683487 0.8897794485092163
v -0.06385567784309387 0.06638909876346588 0.8851436972618103
v -0.01965067721903324 0.06516781449317932 0.8838019967079163
v 0.01890580542385578 0.07019361853599548 0.9266073107719421
v 0.06299396604299545 0.07207666337490082 0.9469950199127197
v 0.10897374898195267 0.07163087278604507 0.9328230023384094
v -0.08083120733499527 0.06589293479919434 0.8871247172355652
v -0.03909726068377495 0.06640223413705826 0.8824556469917297
v 0.0018421296263113618 0.07044686377048492 0.9158156514167786
v 0.044698845595121384 0.06926725804805756 0.9205218553543091
v 0.08969387412071228 0.07195673882961273 0.9365853071212769
v -0.10148997604846954 0.06814467906951904 0.8945044875144958
v -0.055241331458091736 0.06740503013134003 0.8841037154197693
v -0.015553891658782959 0.07148569077253342 0.9223185181617737
v 0.027618560940027237 0.07075999677181244 0.9242184162139893
v 0.07177456468343735 0.07313301414251328 0.9445325136184692
v 0.12197359651327133 0.07378282397985458 0.9310165047645569
v -0.07112263888120651 0.06775514036417007 0.8853065371513367
v -0.03011082299053669 0.06669040024280548 0.8802364468574524
v 0.010489501059055328 0.07167426496744156 0.9238823652267456
v 0.05483675003051758 0.07297070324420929 0.94960618019104
v 0.09948695451021194 0.07285463064908981 0.9337995052337646
v -0.08878476917743683 0.0668383464217186 0.8753277063369751
v -0.046686697751283646 0.06834252178668976 0.8816466331481934
v -0.006193079520016909 0.07178115844726562 0.9133886694908142
v 0.03721208870410919 0.07180249691009521 0.9344517588615417
v 0.08079786598682404 0.07376139611005783 0.939224362373352
v -0.10950276255607605 0.06925728172063828 0.8896996974945068
v -0.06332314014434814 0.0688842311501503 0.8841912150382996
v -0.019582457840442657 0.06804635375738144 0.8843135237693787
v 0.019919471815228462 0.07264278084039688 0.9294416904449463
v 0.06407558172941208 0.07443895190954208 0.9474582672119141
v 0.10993670672178268 0.0741046890616417 0.9315556883811951
v -0.07946842908859253 0.06856368482112885 0.8752406239509583
v -0.03821065276861191 0.06878641992807388 0.881474494934082
v 0.0027472698129713535 0.07282164692878723 0.9194616675376892
v 0.04561304673552513 0.07184523344039917 0.9214537739753723
v 0.09057120233774185 0.07441970705986023 0.9353911280632019
v -0.10065612941980362 0.07037688791751862 0.8933318257331848
v -0.054402291774749756 0.0698007121682167 0.8816045522689819
v -0.01439888495951891 0.07337845861911774 0.9204963445663452
v 0.02883213199675083 0.07321096956729889 0.9265778064727783
v 0.07258066534996033 0.07552274316549301 0.9434348940849304
v 0.12354367971420288 0.0761381983757019 0.9301312565803528
v -0.07054056227207184 0.07021539658308029 0.8858258724212646
v -0.029338236898183823 0.0690450444817543 0.8792436718940735
v 0.011383368633687496 0.07399524003267288 0.9265453219413757
v 0.055693354457616806 0.07535124570131302 0.9477710127830505
v 0.10036133229732513 0.07514572143554688 0.9325047135353088
v -0.0874861404299736 0.06927414238452911 0.8729814291000366
v -0.045843079686164856 0.07041116803884506 0.8808923959732056
v -0.005467381328344345 0.07403282076120377 0.9171512126922607
v 0.038164008408784866 0.07473726570606232 0.9290176033973694
v 0.08179397135972977 0.07616966217756271 0.9380388855934143
v -0.10828496515750885 0.07119540125131607 0.8892247676849365
v -0.06234008073806763 0.07121316343545914 0.8830519914627075
v -0.019674813374876976 0.07057738304138184 0.8853334188461304
v 0.02094358392059803 0.07495012879371643 0.9317686557769775
v 0.06495101004838943 0.07692186534404755 0.9468264579772949
v 0.11087832599878311 0.07652755081653595 0.9305299520492554
v -0.07844685018062592 0.0707433894276619 0.8751517534255981
v -0.037278082221746445 0.07097034156322479 0.8804314732551575
v 0.0036649531684815884 0.07499431818723679 0.9227065443992615
v 0.046528518199920654 0.07445300370454788 0.9237691760063171
v 0.09145759046077728 0.07687781006097794 0.9341474771499634
v -0.09988676011562347 0.0725066065788269 0.8922218084335327
v -0.05339532345533371 0.07210982590913773 0.8797348737716675
v -0.012824728153645992 0.07537578046321869 0.9192967414855957
v 0.029980499297380447 0.07558080554008484 0.9289974570274353
v 0.07343743741512299 0.07784371823072433 0.9420857429504395
v 0.12582515180110931 0.07861244678497314 0.9295938611030579
v -0.06990373134613037 0.0725320503115654 0.8857808113098145
v -0.028536664322018623 0.07147830724716187 0.8785080909729004
v 0.012307090684771538 0.07616382092237473 0.9283086657524109
v 0.05677337199449539 0.07800895720720291 0.9451690316200256
v 0.10121661424636841 0.077427439391613 0.9312902092933655
v -0.08646740764379501 0.07157659530639648 0.8735065460205078
v -0.044867776334285736 0.07239939272403717 0.8795087337493896
v -0.00464501790702343 0.07594998925924301 0.9191234111785889
v 0.03910704702138901 0.07706504315137863 0.9290992021560669
v 0.08271126449108124 0.07852355390787125 0.9368141293525696
v -0.10682632029056549 0.0731593444943428 0.8880225419998169
v -0.06101347506046295 0.0735294371843338 0.8812392950057983
v -0.019374962896108627 0.07329617440700531 0.8843899965286255
v 0.021973462775349617 0.07706855982542038 0.9335749745368958
v 0.06570371985435486 0.079392209649086 0.945979654788971
v 0.11176033318042755 0.07878652215003967 0.9295081496238708
v -0.07785792648792267 0.07282288372516632 0.8748437166213989
v -0.036361947655677795 0.07314972579479218 0.8791218996047974
v 0.004649707116186619 0.07685696333646774 0.9249147176742554
v 0.047772716730833054 0.07845856249332428 0.9309857487678528
v 0.09231141209602356 0.07928414642810822 0.9329986572265625
v -0.09931693971157074 0.07429381459951401 0.8912392854690552
v -0.05231524631381035 0.07436871528625488 0.8785147070884705
v -0.01066635549068451 0.07496146857738495 0.887582540512085
v 0.03108934499323368 0.07788516581058502 0.9309131503105164
v 0.07427390664815903 0.08018336445093155 0.9406944513320923
v -0.11866143345832825 0.07557786256074905 0.8761769533157349
v -0.06922857463359833 0.07483413070440292 0.8856286406517029
v -0.027714163064956665 0.07405742257833481 0.8787373304367065
v 0.013308885507285595 0.07780160009860992 0.9293577075004578
v 0.057928092777729034 0.08055688440799713 0.9466046094894409
v 0.10202942788600922 0.07967972755432129 0.9300512075424194
v -0.08562229573726654 0.07349736988544464 0.8739946484565735
v -0.043930783867836 0.07473981380462646 0.8773483633995056
v -0.0026485298294574022 0.07718314230442047 0.9007978439331055
v 0.040090855211019516 0.07942177355289459 0.9305176138877869
v 0.08357062190771103 0.08088420331478119 0.9356787204742432
v -0.10564644634723663 0.07611151039600372 0.8854212760925293
v -0.060096967965364456 0.07575025409460068 0.8810961246490479
v -0.018584169447422028 0.07600335776805878 0.883415937423706
v 0.0229954794049263 0.07862821221351624 0.9340736865997314
v 0.06638839840888977 0.08185961842536926 0.9449427127838135
v 0.11275828629732132 0.08112318068742752 0.9286675453186035
v -0.07713138312101364 0.07484661042690277 0.8740981817245483
v -0.03543885797262192 0.07534010708332062 0.8775681257247925
v 0.005405426491051912 0.07957753539085388 0.9076454639434814
v 0.0487043671309948 0.08074287325143814 0.9320315718650818
v 0.09311778843402863 0.08157007396221161 0.9317650198936462
v -0.0986410528421402 0.0761541873216629 0.8885724544525146
v -0.05145588889718056 0.07672255486249924 0.8784736394882202
v -0.009779135696589947 0.07768616080284119 0.8882555961608887
v 0.032255079597234726 0.08020248264074326 0.931861162185669
v 0.07520356774330139 0.08255069702863693 0.9394112825393677
v -0.11544495075941086 0.07803267240524292 0.8766865134239197
v -0.06865667551755905 0.07701660692691803 0.8855560421943665
v -0.026792122051119804 0.07669330388307571 0.8800112009048462
v 0.0142709044739604 0.0799083411693573 0.9277774095535278
v 0.05882119759917259 0.08324972540140152 0.9468361735343933
v 0.10295247286558151 0.08198728412389755 0.9290087223052979
v -0.08487901091575623 0.07513400167226791 0.8743194937705994
v -0.04323571175336838 0.07699906826019287 0.8765392899513245
v -0.0013679263647645712 0.08013094961643219 0.9034299850463867
v 0.04127407819032669 0.08183696120977402 0.9313872456550598
v 0.08443295955657959 0.08329515159130096 0.9345112442970276
v -0.10506933182477951 0.0786043107509613 0.8845745921134949
v -0.05941738933324814 0.0779099240899086 0.8820375204086304
v -0.017761757597327232 0.07859832048416138 0.8832981586456299
v 0.024109212681651115 0.08086412400007248 0.929492712020874
v 0.06710181385278702 0.08423028141260147 0.9437832236289978
v 0.11385143548250198 0.08348044753074646 0.927780270576477
v -0.07628559321165085 0.0769144743680954 0.8726794123649597
v -0.03443625941872597 0.07747790217399597 0.876429557800293
v 0.006707129999995232 0.08147754520177841 0.905064046382904
v 0.04981885105371475 0.08313285559415817 0.9314472675323486
v 0.0939168930053711 0.08377193659543991 0.9305661916732788
v -0.09570232778787613 0.07805467396974564 0.8797799348831177
v -0.050739143043756485 0.07908087223768234 0.8789655566215515
v -0.009086265228688717 0.08024974912405014 0.88776695728302
v 0.0335870087146759 0.08253028243780136 0.9318788647651672
v 0.0761488527059555 0.0849103331565857 0.9383000135421753
v -0.11405760794878006 0.07987499982118607 0.8766574263572693
v -0.06800368428230286 0.07904981821775436 0.8853047490119934
v -0.02581745572388172 0.07924820482730865 0.8816951513290405
v 0.015106490813195705 0.08284441381692886 0.911444365978241
v 0.059622082859277725 0.08582033962011337 0.9464066624641418
v 0.10379388928413391 0.08424802124500275 0.9279722571372986
v -0.08250293135643005 0.07797633111476898 0.8649498224258423
v -0.04245882108807564 0.07918880134820938 0.8762677311897278
v -0.0003537714364938438 0.08188709616661072 0.9018580317497253
v 0.04238416254520416 0.08408495038747787 0.9312800765037537
v 0.08525460958480835 0.08566643297672272 0.9331398010253906
v -0.10463271290063858 0.08040622621774673 0.8833640217781067
v -0.05849456414580345 0.07964803278446198 0.8829509019851685
v -0.017115827649831772 0.08104480057954788 0.8843463063240051
v 0.024551760405302048 0.08370518684387207 0.9132213592529297
v 0.06784819066524506 0.08657824248075485 0.9426001906394958
v 0.11511696875095367 0.08586947619915009 0.9269165992736816
v -0.07477281242609024 0.07931821793317795 0.8689767122268677
v -0.033256836235523224 0.07968167215585709 0.8754889965057373
v 0.0076497565023601055 0.08362599462270737 0.9046160578727722
v 0.050870366394519806 0.08558011054992676 0.9316825866699219
v 0.09467111527919769 0.08601530641317368 0.9294717311859131
v -0.09148474782705307 0.07988443225622177 0.8671331405639648
v -0.049990300089120865 0.0814289078116417 0.879629373550415
v -0.00835986714810133 0.08243616670370102 0.8870794773101807
v 0.03402906283736229 0.08554492890834808 0.9160779714584351
v 0.07702673226594925 0.08728792518377304 0.9368513226509094
v -0.11268417537212372 0.0815877839922905 0.8766775131225586
v -0.06729860603809357 0.080795519053936 0.8848326206207275
v -0.024948706850409508 0.08167234808206558 0.883118212223053
v 0.01603788137435913 0.08514102548360825 0.9082605838775635
v 0.06037063151597977 0.08833760768175125 0.9458184242248535
v 0.10469750314950943 0.08658599853515625 0.9270066618919373
v -0.08190467208623886 0.08023475855588913 0.8649413585662842
v -0.04160556197166443 0.08118459582328796 0.8757330179214478
v 0.00018346688011661172 0.08491507172584534 0.89676833152771
v 0.04328536614775658 0.08626919239759445 0.9305769801139832
v 0.08617459237575531 0.08808847516775131 0.9320213198661804
v -0.10429570823907852 0.08197592943906784 0.8818715214729309
v -0.057269223034381866 0.08203274756669998 0.879313588142395
v -0.01638665422797203 0.08349066227674484 0.8860376477241516
v 0.025459913536906242 0.08592948317527771 0.9109145402908325
v 0.06866037845611572 0.08887391537427902 0.9409244656562805
v 0.11655958741903305 0.0882839635014534 0.925998330116272
v -0.07330162823200226 0.08172280341386795 0.8665633201599121
v -0.03226562216877937 0.08165431767702103 0.875124454498291
v 0.008711203001439571 0.0858708918094635 0.9038442373275757
v 0.05199486017227173 0.08768734335899353 0.9303725361824036
v 0.09542162716388702 0.08832840621471405 0.9282909631729126
v -0.09009872376918793 0.08194053918123245 0.8653516173362732
v -0.04938073456287384 0.08364756405353546 0.8804818987846375
v -0.007254050113260746 0.08652007579803467 0.8928606510162354
v 0.03506742790341377 0.0874621644616127 0.9136359095573425
v 0.07796038687229156 0.08969084918498993 0.934605598449707
v -0.1114996001124382 0.08336616307497025 0.8758059144020081
v -0.06463372707366943 0.0837075412273407 0.8715744614601135
v -0.024192720651626587 0.08392145484685898 0.8840242624282837
v 0.016878735274076462 0.08731310069561005 0.9065918326377869
v 0.06097765639424324 0.09059116989374161 0.9448775053024292
v 0.10572365671396255 0.08899392932653427 0.9259840846061707
v -0.08085880428552628 0.08234699070453644 0.8638273477554321
v -0.04019615054130554 0.08296678960323334 0.8725305795669556
v 0.0007885113591328263 0.087306909263134 0.8950765132904053
v 0.044057704508304596 0.0889025628566742 0.9315423369407654
v 0.08695042878389359 0.0904403030872345 0.9308744668960571
v -0.10031942278146744 0.08459548652172089 0.8688909411430359
v -0.056462835520505905 0.08487206697463989 0.8746750354766846
v -0.015569391660392284 0.08596917986869812 0.8873711824417114
v 0.026365455240011215 0.08817312121391296 0.9094807505607605
v 0.06949738413095474 0.09109646081924438 0.9384613037109375
v 0.11806792765855789 0.09075631946325302 0.9249833226203918
v -0.07199344038963318 0.08425716310739517 0.8652068376541138
v -0.0315311960875988 0.08451096713542938 0.8659000396728516
v 0.009470787830650806 0.0882931798696518 0.9026585221290588
v 0.05398130789399147 0.09229180216789246 0.9463064074516296
v 0.09626496583223343 0.09062623977661133 0.9270091652870178
v -0.08863937109708786 0.08347849547863007 0.8635176420211792
v -0.04875621199607849 0.08590862900018692 0.8808661699295044
v -0.006675167009234428 0.08841384947299957 0.8931072950363159
v 0.03598858788609505 0.08947009593248367 0.9126266241073608
v 0.07884960621595383 0.09209398925304413 0.9336681962013245
v -0.11054350435733795 0.08575862646102905 0.8731071949005127
v -0.06368958204984665 0.08603603392839432 0.8686364889144897
v -0.023061681538820267 0.08606723695993423 0.8847800493240356
v 0.01776428334414959 0.08953215181827545 0.9053317308425903
v 0.06150219962000847 0.09270144253969193 0.9431791305541992
v 0.10680501908063889 0.09147795289754868 0.9249825477600098
v -0.07972048968076706 0.08469973504543304 0.8621945381164551
v -0.03798717260360718 0.08577921241521835 0.8651865124702454
v 0.0014178961282595992 0.08939357846975327 0.8939663767814636
v 0.04550010710954666 0.09327985346317291 0.9414857029914856
v 0.08774121105670929 0.0926927849650383 0.9298092722892761
v -0.09969842433929443 0.08653987944126129 0.8693372011184692
v -0.05569189786911011 0.08685528486967087 0.8748003840446472
v -0.014527403749525547 0.08832861483097076 0.8880936503410339
v 0.027334801852703094 0.09043265879154205 0.9080593585968018
v 0.07050402462482452 0.09348630905151367 0.935678243637085
v 0.11947476118803024 0.09334158897399902 0.9239748120307922
v -0.07097569853067398 0.08685751259326935 0.86465984582901
v -0.030327148735523224 0.08664604276418686 0.8622016906738281
v 0.01010096911340952 0.09081363677978516 0.9011602401733398
v 0.05484498664736748 0.09431716054677963 0.945254385471344
v 0.09719397872686386 0.09301306307315826 0.9258030652999878
v -0.08726567029953003 0.0863015204668045 0.859459400177002
v -0.04814605787396431 0.08795130997896194 0.8805578947067261
v -0.006030916236341 0.09043067693710327 0.8925961852073669
v 0.03688943386077881 0.09162628650665283 0.9113852977752686
v 0.07959558814764023 0.0944073498249054 0.9326112270355225
v -0.1095237135887146 0.08761622756719589 0.8711140155792236
v -0.0630405992269516 0.08832456171512604 0.8682975172996521
v -0.021601133048534393 0.08872593939304352 0.8825284838676453
v 0.01858917437493801 0.09199630469083786 0.9041525721549988
v 0.06208719313144684 0.09517513960599899 0.9405127763748169
v 0.10785853117704391 0.09398171305656433 0.9239999055862427
v -0.07868368178606033 0.08714393526315689 0.8613021373748779
v -0.03689936175942421 0.0880107507109642 0.8628045916557312
v 0.0021135013084858656 0.09165395051240921 0.8931361436843872
v 0.04607686772942543 0.09536739438772202 0.9421465992927551
v 0.08850207924842834 0.09494965523481369 0.9286711812019348
v -0.09928015619516373 0.08789839595556259 0.8698393702507019
v -0.05502983555197716 0.08868871629238129 0.8752567768096924
v -0.013597581535577774 0.09044739603996277 0.8873963952064514
v 0.028223920613527298 0.09285745024681091 0.9068048000335693
v 0.07126903533935547 0.09611326456069946 0.9349854588508606
v 0.12106616795063019 0.0959961861371994 0.9230059385299683
v -0.07008448988199234 0.0892978087067604 0.8641859889030457
v -0.02933899313211441 0.08899027109146118 0.860815167427063
v 0.010709697380661964 0.09321723878383636 0.8998859524726868
v 0.05533701181411743 0.09677749872207642 0.9438674449920654
v 0.09817151725292206 0.09534631669521332 0.9247226715087891
v -0.08638711273670197 0.08838002383708954 0.8591204881668091
v -0.04745137318968773 0.08978355675935745 0.8795454502105713
v -0.005120574496686459 0.09255872666835785 0.8919603824615479
v 0.03791968524456024 0.09380082041025162 0.9086980819702148
v 0.08021239936351776 0.09673889726400375 0.9315325617790222
v -0.10551799088716507 0.08953896909952164 0.8563584685325623
v -0.06245395168662071 0.09045863896608353 0.86858069896698
v -0.020964117720723152 0.09191974997520447 0.881820797920227
v 0.01937158592045307 0.0945143923163414 0.9031621217727661
v 0.06309055536985397 0.09763994812965393 0.9370754957199097
v 0.10892421007156372 0.09645537286996841 0.9230684041976929
v -0.07768288254737854 0.08953831344842911 0.8608053922653198
v -0.036075301468372345 0.09050606191158295 0.8618980050086975
v 0.002891695825383067 0.09407127648591995 0.8924321532249451
v 0.047243326902389526 0.09589104354381561 0.9187823534011841
v 0.08936721831560135 0.09719318896532059 0.927443265914917
v -0.09556087106466293 0.09022768586874008 0.8588077425956726
v -0.05364862456917763 0.09129685163497925 0.8697534203529358
v -0.012777098454535007 0.09309384226799011 0.8839321732521057
v 0.029068613424897194 0.09539257735013962 0.9056133031845093
v 0.0719919353723526 0.09857722371816635 0.9341757297515869
v 0.12283214181661606 0.09867170453071594 0.9224560260772705
v -0.06941410154104233 0.0916183814406395 0.8646937608718872
v -0.02857312001287937 0.09145908802747726 0.8605778217315674
v 0.011604542843997478 0.09523629397153854 0.8988699913024902
v 0.05587223917245865 0.09914906322956085 0.9425775408744812
v 0.09919030964374542 0.0977296307682991 0.9238247871398926
v -0.08546921610832214 0.09044307470321655 0.8589122295379639
v -0.04615493491292 0.09194456040859222 0.8761299848556519
v -0.00411569606512785 0.09508346766233444 0.8906577825546265
v 0.03886963427066803 0.09618727117776871 0.9062479734420776
v 0.08083692193031311 0.09908115863800049 0.9303766489028931
v -0.10435949265956879 0.09188710153102875 0.8559601902961731
v -0.06175336241722107 0.09270171076059341 0.8688961863517761
v -0.0201458390802145 0.09404008835554123 0.8808733820915222
v 0.02038993500173092 0.09682755917310715 0.9021379351615906
v 0.06393957883119583 0.10009799152612686 0.936493456363678
v 0.11001866310834885 0.0989895835518837 0.9220312833786011
v -0.07672877609729767 0.09200622141361237 0.8604464530944824
v -0.03534117341041565 0.09302368015050888 0.8615110516548157
v 0.0037205752450972795 0.09668655693531036 0.8924427628517151
v 0.048751961439847946 0.09781043976545334 0.9158139228820801
v 0.09020715206861496 0.09948544949293137 0.9261699914932251
v -0.09444423019886017 0.09204696118831635 0.8573495745658875
v -0.05272291600704193 0.09371402114629745 0.8673546314239502
v -0.01174536906182766 0.09547943621873856 0.8812530040740967
v 0.02994144707918167 0.09798023849725723 0.9043208956718445
v 0.07270343601703644 0.10112915188074112 0.9333516359329224
v 0.12617303431034088 0.10151684284210205 0.9227625727653503
v -0.0687633827328682 0.09391524642705917 0.8654187917709351
v -0.027829671278595924 0.09401428699493408 0.8609768748283386
v 0.012882890179753304 0.09744767844676971 0.8970907926559448
v 0.056419212371110916 0.1015416607260704 0.9410807490348816
v 0.10018975287675858 0.1001601293683052 0.9229689836502075
v -0.08443570137023926 0.0924469530582428 0.858848512172699
v -0.04377374425530434 0.09521955251693726 0.8643437623977661
v -0.0030851790215820074 0.09780242294073105 0.8893710374832153
v 0.03990001603960991 0.09864720702171326 0.9049845933914185
v 0.08156056702136993 0.1014731377363205 0.9291518926620483
v -0.10366683453321457 0.09390728175640106 0.8559312224388123
v -0.06108394265174866 0.09516150504350662 0.8684483170509338
v -0.018923357129096985 0.09677919745445251 0.8769770264625549
v 0.02152751013636589 0.09920493513345718 0.9008355736732483
v 0.06473080068826675 0.10277147591114044 0.9363190531730652
v 0.11115226149559021 0.10161186009645462 0.921094536781311
v -0.07576233148574829 0.09464921057224274 0.8609040975570679
v -0.034671053290367126 0.09538719803094864 0.8613289594650269
v 0.0043121278285980225 0.09926632791757584 0.8919289112091064
v 0.05024883523583412 0.10021214187145233 0.9133229851722717
v 0.09100931882858276 0.10185085237026215 0.9248896837234497
v -0.09337709099054337 0.09341172128915787 0.8568150401115417
v -0.05152291804552078 0.096354179084301 0.8648937940597534
v -0.01029584277421236 0.09780692309141159 0.8803731799125671
v 0.03089805319905281 0.10051451623439789 0.903154730796814
v 0.07336973398923874 0.1035754531621933 0.932514488697052
v -0.11768101900815964 0.09732786566019058 0.8567221164703369
v -0.06808538734912872 0.0962977483868599 0.865988552570343
v -0.027071567252278328 0.09657757729291916 0.8614734411239624
v 0.012793224304914474 0.10106758028268814 0.8854153156280518
v 0.05708245560526848 0.10405121743679047 0.9391451478004456
v 0.10118051618337631 0.10266441106796265 0.9221318960189819
v -0.08306065201759338 0.09459394216537476 0.8587324023246765
v -0.04254831001162529 0.0974334105849266 0.862632155418396
v -0.002000165171921253 0.10046350955963135 0.8886992931365967
v 0.040866918861866 0.1012081503868103 0.9040305614471436
v 0.08237943798303604 0.10391007363796234 0.9278382658958435
v -0.10298755019903183 0.09548652172088623 0.8555566668510437
v -0.06037105247378349 0.09765943884849548 0.8674851059913635
v -0.018071424216032028 0.09968185424804688 0.872235894203186
v 0.02251185104250908 0.10136064141988754 0.8995776176452637
v 0.06550170481204987 0.10526012629270554 0.9356161952018738
v 0.11235974729061127 0.10427209734916687 0.9201561808586121
v -0.0749497041106224 0.09730518609285355 0.862155556678772
v -0.033999308943748474 0.09778834134340286 0.861298680305481
v 0.004859480075538158 0.10187949985265732 0.8910260796546936
v 0.049766309559345245 0.10643796622753143 0.9418430924415588
v 0.09181783348321915 0.10424862056970596 0.923895001411438
v -0.0887656882405281 0.09454752504825592 0.8346326351165771
v -0.050621822476387024 0.09892714023590088 0.8630227446556091
v -0.009887377731502056 0.10133703052997589 0.8738397359848022
v 0.03189530596137047 0.10301012545824051 0.9021980166435242
v 0.07405107468366623 0.10595723986625671 0.9313019514083862
v -0.11374723166227341 0.09900165349245071 0.8526208400726318
v -0.0673382505774498 0.09869173169136047 0.8658488988876343
v -0.02612799033522606 0.09924378246068954 0.8618752360343933
v 0.01385816652327776 0.10324804484844208 0.8846701383590698
v 0.05801599472761154 0.10667693614959717 0.9377089142799377
v 0.10218203067779541 0.10522101819515228 0.921242356300354
v -0.07739520817995071 0.09592484682798386 0.8349254727363586
v -0.04159954935312271 0.0997597798705101 0.8612817525863647
v -0.00105659372638911 0.10291340202093124 0.8880226612091064
v 0.04167456552386284 0.10367073863744736 0.9034998416900635
v 0.083216592669487 0.106349416077137 0.9265914559364319
v -0.09897259622812271 0.09786263853311539 0.8388158082962036
v -0.059331174939870834 0.10024955123662949 0.8651571273803711
v -0.017353985458612442 0.10181856900453568 0.8703055381774902
v 0.023552289232611656 0.10394412279129028 0.8974500894546509
v 0.06619878113269806 0.10784614831209183 0.9349607825279236
v 0.11360078305006027 0.10692035406827927 0.9191775321960449
v -0.07426858693361282 0.09980174154043198 0.8630216717720032
v -0.03335880488157272 0.10020694136619568 0.8611028790473938
v 0.005542445462197065 0.10441357642412186 0.8903729319572449
v 0.050616633147001266 0.10907717049121857 0.9414734840393066
v 0.09268148988485336 0.10669919103384018 0.9230332970619202
v -0.08723888546228409 0.09715012460947037 0.8317870497703552
v -0.049852561205625534 0.10138214379549026 0.8614950776100159
v -0.007818413898348808 0.10343597829341888 0.877704381942749
v 0.03286096081137657 0.10553309321403503 0.9010343551635742
v 0.07474250346422195 0.10838907957077026 0.9300739765167236
v -0.11117139458656311 0.10104233771562576 0.8425406813621521
v -0.06644295156002045 0.10121764242649078 0.864910364151001
v -0.02452262118458748 0.10305371880531311 0.868515133857727
v 0.014832454733550549 0.10552297532558441 0.8845449090003967
v 0.05898047611117363 0.10959091037511826 0.9386990666389465
v 0.10317347198724747 0.10782423615455627 0.9203683733940125
v -0.08088367432355881 0.10041172802448273 0.8585725426673889
v -0.04068916290998459 0.10213570296764374 0.8601334095001221
v -0.0002998935815412551 0.1054745689034462 0.8866784572601318
v 0.04233444109559059 0.10606049001216888 0.9028919339179993
v 0.08399254828691483 0.1088075339794159 0.9254634380340576
v -0.09737596660852432 0.09998553991317749 0.834713339805603
v -0.05779486894607544 0.10284455120563507 0.8627082109451294
v -0.01643204130232334 0.10388177633285522 0.8687256574630737
v 0.024378105998039246 0.10663627833127975 0.895532488822937
v 0.06699098646640778 0.11040783673524857 0.9343550205230713
v 0.11516544967889786 0.10974698513746262 0.918824315071106
v -0.07343804091215134 0.10220061242580414 0.8627821207046509
v -0.03261902928352356 0.10266301035881042 0.8608874082565308
v 0.006383847910910845 0.10688246786594391 0.8890582323074341
v 0.05138431116938591 0.11145515739917755 0.9399486184120178
v 0.09353773295879364 0.10919699817895889 0.9221692681312561
v -0.0859748125076294 0.09943985193967819 0.8297100067138672
v -0.048974376171827316 0.10369277745485306 0.8601704239845276
v -0.006795869208872318 0.10619011521339417 0.8781487345695496
v 0.03389051929116249 0.10793756693601608 0.8998221755027771
v 0.07543406635522842 0.11087209731340408 0.9288294911384583
v -0.10927174240350723 0.10340435057878494 0.8392953872680664
v -0.06542384624481201 0.10392668098211288 0.863284170627594
v -0.023731956258416176 0.10518472641706467 0.8685460686683655
v 0.015655703842639923 0.10776114463806152 0.8844090104103088
v 0.059767160564661026 0.1122928112745285 0.9384559392929077
v 0.10423444956541061 0.11048812419176102 0.9195126295089722
v -0.08030249923467636 0.10342732071876526 0.8588090538978577
v -0.03980988264083862 0.10449450463056564 0.859261155128479
v 0.000366445688996464 0.10786668211221695 0.8853363990783691
v 0.043051816523075104 0.10843241959810257 0.9025110006332397
v 0.08471128344535828 0.111268550157547 0.9244067072868347
v -0.09576349705457687 0.10223238915205002 0.8321399688720703
v -0.0565047562122345 0.10532204806804657 0.8606832027435303
v -0.015492307022213936 0.10598822683095932 0.8674625158309937
v 0.025377599522471428 0.10901932418346405 0.8946599960327148
v 0.06776589900255203 0.11293257027864456 0.9337081909179688
v 0.1168166771531105 0.11303788423538208 0.9200742244720459
v -0.07221832126379013 0.10509499162435532 0.8602012395858765
v -0.03184220567345619 0.10527662187814713 0.8606991767883301
v 0.009009559638798237 0.10872014611959457 0.8823791146278381
v 0.05223230645060539 0.11391068994998932 0.9384090304374695
v 0.09442144632339478 0.11179842054843903 0.9212386012077332
v -0.08484899252653122 0.10182343423366547 0.8278498649597168
v -0.04772721976041794 0.10623771697282791 0.8587223291397095
v -0.006162167526781559 0.10879170894622803 0.8780151605606079
v 0.03488514944911003 0.11039336025714874 0.8989791870117188
v 0.07619018852710724 0.1134154349565506 0.9276551008224487
v -0.10757264494895935 0.10534258186817169 0.836854100227356
v -0.06425324827432632 0.10669077932834625 0.8614709973335266
v -0.023067058995366096 0.1072346642613411 0.8663814663887024
v 0.01662062294781208 0.11009436100721359 0.8843414783477783
v 0.060534387826919556 0.1150021031498909 0.9377511739730835
v 0.105348601937294 0.11342756450176239 0.9186912775039673
v -0.07912610471248627 0.10610119253396988 0.8575677871704102
v -0.039017096161842346 0.10704674571752548 0.8584862351417542
v 0.0011555481469258666 0.11025380343198776 0.8835797905921936
v 0.04414863511919975 0.11135267466306686 0.9031028151512146
v 0.08553308993577957 0.113924540579319 0.9234340786933899
v -0.09418945759534836 0.10449369251728058 0.8297387361526489
v -0.055365703999996185 0.1079593300819397 0.8587889075279236
v -0.014645751565694809 0.10831689089536667 0.8661788702011108
v 0.026250535622239113 0.11131113767623901 0.8939095735549927
v 0.06851749122142792 0.11552965641021729 0.9328884482383728
v 0.12072215974330902 0.11843802034854889 0.9291077256202698
v -0.07091183215379715 0.10811600089073181 0.8575143218040466
v -0.030939046293497086 0.10811226814985275 0.8604789972305298
v 0.009749539196491241 0.11123686283826828 0.8808785080909729
v 0.05330968275666237 0.11699645221233368 0.938683032989502
v 0.09544464945793152 0.1146417185664177 0.9203198552131653
v -0.08366090059280396 0.10443171858787537 0.8262763023376465
v -0.04644797742366791 0.10896839201450348 0.8577159643173218
v -0.005602177698165178 0.11153523623943329 0.8776818513870239
v 0.0357540100812912 0.11310339719057083 0.8984881639480591
v 0.07711606472730637 0.11616586148738861 0.9266576170921326
v -0.10551148653030396 0.10767927020788193 0.8342390060424805
v -0.063261479139328 0.1097417026758194 0.8592973947525024
v -0.02220618911087513 0.10966289043426514 0.8649192452430725
v 0.017532438039779663 0.11289528757333755 0.8830934166908264
v 0.06141868606209755 0.11782217025756836 0.9367867708206177
v 0.10660342127084732 0.11667550355195999 0.9178447723388672
v -0.07792041450738907 0.10930728912353516 0.8554338216781616
v -0.03818178549408913 0.10991198569536209 0.8580271005630493
v 0.0017502519767731428 0.11322364956140518 0.8809493780136108
v 0.045205969363451004 0.1148914247751236 0.9045741558074951
v 0.08665484935045242 0.11678900569677353 0.9224001169204712
v -0.09269893914461136 0.10720378160476685 0.827593982219696
v -0.054343611001968384 0.11106869578361511 0.8579041957855225
v -0.01371989119797945 0.11112033575773239 0.8656154870986938
v 0.027203481644392014 0.11407642811536789 0.8935440182685852
v 0.0693260133266449 0.11828428506851196 0.9320335388183594
v 0.12234994024038315 0.12112872302532196 0.9294452667236328
v -0.06995676457881927 0.11109692603349686 0.8567084670066833
v -0.030051982030272484 0.11107724905014038 0.860377311706543
v 0.01034611463546753 0.11407946050167084 0.8799751400947571
v 0.05453478917479515 0.1199202686548233 0.9385231733322144
v 0.0966736227273941 0.11781484633684158 0.9193893671035767
v -0.08230885118246078 0.10762938112020493 0.825004518032074
v -0.04523193836212158 0.1120980903506279 0.8571156859397888
v -0.00492990342900157 0.114662304520607 0.8773685097694397
v 0.03656470775604248 0.1163465678691864 0.8990931510925293
v 0.07818443328142166 0.11907403916120529 0.9258667826652527
v -0.10367070138454437 0.11044378578662872 0.8317496180534363
v -0.06241520494222641 0.11279304325580597 0.8579280972480774
v -0.021311156451702118 0.11248631775379181 0.8640153408050537
v 0.01856882870197296 0.11582804471254349 0.8820322751998901
v 0.06229584291577339 0.12066235393285751 0.9357138276100159
v 0.1080082580447197 0.12028340995311737 0.9172371625900269
v -0.07656177878379822 0.11241673678159714 0.8534706830978394
v -0.03752711042761803 0.11297730356454849 0.85808926820755
v 0.0024543243926018476 0.11619538068771362 0.8796288967132568
v 0.046106625348329544 0.1187356486916542 0.9063416123390198
v 0.08782288432121277 0.11986608058214188 0.9214060306549072
v -0.09156040847301483 0.11021291464567184 0.8256297707557678
v -0.05349859967827797 0.11441569775342941 0.8578473925590515
v -0.013032320886850357 0.1144677922129631 0.866483211517334
v 0.028122365474700928 0.11760371923446655 0.8930350542068481
v 0.06998879462480545 0.12119919061660767 0.9312416315078735
v 0.12412510067224503 0.12439979612827301 0.9294902086257935
v -0.06921312212944031 0.11417272686958313 0.8561760187149048
v -0.029287755489349365 0.11427367478609085 0.8605239391326904
v 0.011114215478301048 0.11723263561725616 0.8793857097625732
v 0.05550539121031761 0.12339147180318832 0.937651515007019
v 0.09778037667274475 0.12127434462308884 0.9183597564697266
v -0.08117973804473877 0.11183998733758926 0.8243995904922485
v -0.044390130788087845 0.11513741314411163 0.8565762042999268
v -0.00446980120614171 0.11787460744380951 0.876937747001648
v 0.03728647530078888 0.12007094919681549 0.8999893069267273
v 0.07900704443454742 0.12248040735721588 0.9253010749816895
v -0.10202594846487045 0.1138571947813034 0.829603910446167
v -0.06155988574028015 0.11623391509056091 0.8569651246070862
v -0.020433755591511726 0.1160084679722786 0.8638546466827393
v 0.019362790510058403 0.11933457106351852 0.8812190294265747
v 0.06273330003023148 0.12401128560304642 0.93463534116745
v 0.10975487530231476 0.12469903379678726 0.9179332256317139
v -0.07543693482875824 0.11624225229024887 0.8528571128845215
v -0.03688959777355194 0.1168798878788948 0.8585772514343262
v 0.003395667765289545 0.11987330764532089 0.8785684704780579
v 0.04658219963312149 0.12419112026691437 0.9085498452186584
v 0.08898328244686127 0.124393031001091 0.9202778339385986
v -0.0904640331864357 0.11534833908081055 0.823600172996521
v -0.052093591541051865 0.11907756328582764 0.8563432097434998
v -0.011238409206271172 0.1198238655924797 0.8709393739700317
v 0.028999874368309975 0.12271058559417725 0.8930843472480774
v 0.07058657705783844 0.12662416696548462 0.930320143699646
v 0.12648890912532806 0.13498462736606598 0.9305820465087891
