v -0.3622549772262573 -0.3480871021747589 0.9727932810783386
v -0.22474917769432068 -0.3698999881744385 1.0613447427749634
v -0.07913628220558167 -0.3507906496524811 0.9859046339988708
v 0.03699759766459465 -0.3265838623046875 0.9314062595367432
v 0.15815487504005432 -0.33866366744041443 0.9583113193511963
v 0.3006232678890228 -0.3674931526184082 1.036222219467163
v -0.2725243866443634 -0.3684925138950348 1.0348514318466187
v -0.143437922000885 -0.36094486713409424 1.0443867444992065
v -0.014089547097682953 -0.3663405776023865 1.0519591569900513
v 0.11401716619729996 -0.3658124804496765 1.0400367975234985
v 0.22594666481018066 -0.32708391547203064 0.9424769282341003
v -0.3202357292175293 -0.3489064574241638 1.021041989326477
v -0.19518275558948517 -0.3567257821559906 1.0589298009872437
v -0.06661029160022736 -0.36662736535072327 1.0645157098770142
v 0.06723397970199585 -0.39176908135414124 1.141998529434204
v 0.19502903521060944 -0.3576568067073822 1.0184438228607178
v 0.29337987303733826 -0.32816261053085327 0.9330542087554932
v -0.2485509216785431 -0.36194220185279846 1.0482490062713623
v -0.1062036007642746 -0.3375753164291382 0.9893336892127991
v 0.013391945511102676 -0.3203757405281067 0.9256792068481445
v 0.13195648789405823 -0.3263007700443268 0.9531811475753784
v 0.2798793613910675 -0.36018142104148865 1.0618058443069458
v -0.29248231649398804 -0.3478408753871918 1.016808032989502
v -0.16938671469688416 -0.35748282074928284 1.0623382329940796
v -0.037263065576553345 -0.36451610922813416 1.0683743953704834
v 0.09752149134874344 -0.3757442533969879 1.0892075300216675
v 0.20398440957069397 -0.32631516456604004 0.9422850608825684
v -0.3390757143497467 -0.3259611129760742 0.988628089427948
v -0.22268931567668915 -0.35211417078971863 1.0599836111068726
v -0.0785418152809143 -0.33992689847946167 0.9975953102111816
v 0.04055001586675644 -0.3123421370983124 0.9266252517700195
v 0.16167999804019928 -0.3213956952095032 0.9508309364318848
v 0.2991476356983185 -0.3509061634540558 1.025874137878418
v -0.26706191897392273 -0.3540988564491272 1.024749517440796
v -0.1386251598596573 -0.34856241941452026 1.0422149896621704
v -0.009256974793970585 -0.3519042432308197 1.0422526597976685
v 0.11699235439300537 -0.3455892503261566 1.0225937366485596
v 0.2275257110595703 -0.31549888849258423 0.9383872151374817
v -0.311997652053833 -0.334574818611145 1.0113600492477417
v -0.19297388195991516 -0.34790173172950745 1.05973219871521
v -0.06200087070465088 -0.35571834444999695 1.0596346855163574
v 0.07002008706331253 -0.3797190189361572 1.150986909866333
v 0.19898532330989838 -0.34515872597694397 1.023681879043579
v 0.293341726064682 -0.31058046221733093 0.9232648611068726
v -0.2461521476507187 -0.35177910327911377 1.0493313074111938
v -0.10553502291440964 -0.3319281041622162 0.9954507946968079
v 0.015831366181373596 -0.3078005015850067 0.922897458076477
v 0.13321815431118011 -0.31679484248161316 0.952470064163208
v 0.2830112874507904 -0.3522980511188507 1.0705972909927368
v -0.2870832681655884 -0.3370213806629181 1.0106396675109863
v -0.16575583815574646 -0.34648582339286804 1.0593700408935547
v -0.034152258187532425 -0.35510358214378357 1.0700013637542725
v 0.10046932101249695 -0.3615344762802124 1.0815266370773315
v 0.20384454727172852 -0.31166258454322815 0.9360456466674805
v -0.31995919346809387 -0.3080650568008423 0.9515105485916138
v -0.21960119903087616 -0.34413114190101624 1.0614378452301025
v -0.08056638389825821 -0.33747291564941406 1.0239615440368652
v 0.041289493441581726 -0.309278279542923 0.9533169269561768
v 0.1647646278142929 -0.3136766254901886 0.9566853642463684
v 0.2980552315711975 -0.3402327299118042 1.0178409814834595
v -0.262041836977005 -0.3418823480606079 1.0161945819854736
v -0.13685348629951477 -0.3411703407764435 1.0472363233566284
v -0.01109678577631712 -0.365960955619812 1.1196614503860474
v 0.11860480159521103 -0.3330399692058563 1.0129680633544922
v 0.23121215403079987 -0.305527925491333 0.9365819692611694
v -0.3080183267593384 -0.32688847184181213 1.0073425769805908
v -0.19084030389785767 -0.34117990732192993 1.0585740804672241
v -0.05689728260040283 -0.3456622362136841 1.0535579919815063
v 0.07346238940954208 -0.372113972902298 1.160347819328308
v 0.20254546403884888 -0.3388793170452118 1.0273973941802979
v 0.2937560975551605 -0.2998006343841553 0.9171350002288818
v -0.24398046731948853 -0.3443021774291992 1.0534390211105347
v -0.10514829307794571 -0.33004623651504517 1.0126663446426392
v 0.01864762417972088 -0.3000938892364502 0.9213825464248657
v 0.1353418529033661 -0.3100174367427826 0.9522746801376343
v 0.2760447859764099 -0.336635559797287 1.0290086269378662
v -0.2790849804878235 -0.32560715079307556 0.9993420839309692
v -0.16270124912261963 -0.339447021484375 1.0571192502975464
v -0.030637649819254875 -0.3480004072189331 1.07207190990448
v 0.10511801391839981 -0.3749925196170807 1.1786468029022217
v 0.20543289184570312 -0.30175232887268066 0.9340113401412964
v -0.32264479994773865 -0.30877381563186646 0.9710500240325928
v -0.21761223673820496 -0.33873263001441956 1.0670008659362793
v -0.08012685924768448 -0.3361918032169342 1.0426076650619507
v 0.04540609195828438 -0.3697786331176758 1.156856656074524
v 0.16767200827598572 -0.3115457594394684 0.9686682820320129
v 0.2975096106529236 -0.3300635516643524 1.0092114210128784
v -0.25841549038887024 -0.32982462644577026 1.0128926038742065
v -0.13490711152553558 -0.3354039192199707 1.0531299114227295
v -0.007534792181104422 -0.3528599441051483 1.106581687927246
v 0.12061075866222382 -0.3219054043292999 1.0057388544082642
v 0.26539140939712524 -0.34861505031585693 1.111465573310852
v -0.30460283160209656 -0.3189344108104706 1.0047123432159424
v -0.18866871297359467 -0.33478057384490967 1.0598788261413574
v -0.06749917566776276 -0.3678723871707916 1.1629728078842163
v 0.07865040004253387 -0.3433094322681427 1.0758897066116333
v 0.20461688935756683 -0.3319154381752014 1.029550552368164
v 0.3189237713813782 -0.3125459551811218 0.9796962141990662
v -0.2420993447303772 -0.3367006778717041 1.0597246885299683
v -0.10412979871034622 -0.32717999815940857 1.0323349237442017
v 0.02219594083726406 -0.2939278185367584 0.9221563339233398
v 0.1377258002758026 -0.302935391664505 0.9498769640922546
v 0.27955809235572815 -0.33084923028945923 1.0296403169631958
v -0.27229541540145874 -0.3135504722595215 0.984481155872345
v -0.16035814583301544 -0.33107641339302063 1.0554245710372925
v -0.02781074494123459 -0.34228429198265076 1.0749037265777588
v 0.10867273062467575 -0.36826926469802856 1.1825865507125854
v 0.21151190996170044 -0.2970849275588989 0.9445500373840332
v -0.32612624764442444 -0.30774691700935364 0.9896273016929626
v -0.21536116302013397 -0.3323448896408081 1.0684300661087036
v -0.07792890816926956 -0.3323405086994171 1.0500130653381348
v 0.04863767698407173 -0.36411020159721375 1.163621425628662
v 0.1686643660068512 -0.30865243077278137 0.977236270904541
v 0.2960796654224396 -0.3180218040943146 0.9980815649032593
v -0.2549388110637665 -0.31931087374687195 1.0121530294418335
v -0.13251349329948425 -0.3282613456249237 1.0545533895492554
v -0.004181709140539169 -0.3365206718444824 1.0842039585113525
v 0.12126842886209488 -0.31126612424850464 0.9970973134040833
v 0.26782530546188354 -0.3405182361602783 1.1066155433654785
v -0.30152615904808044 -0.3107168674468994 1.0029743909835815
v -0.18578846752643585 -0.32716742157936096 1.0586408376693726
v -0.06464451551437378 -0.3617538809776306 1.1740694046020508
v 0.0837094858288765 -0.33597859740257263 1.0748023986816406
v 0.20512670278549194 -0.3240344524383545 1.0262880325317383
v 0.32325735688209534 -0.3056618869304657 0.983036994934082
v -0.24066230654716492 -0.32957106828689575 1.066194772720337
v -0.10459227114915848 -0.3260211944580078 1.0547783374786377
v 0.02603895217180252 -0.28688299655914307 0.9233521819114685
v 0.13976143300533295 -0.29520681500434875 0.9463593363761902
v 0.28086817264556885 -0.3223821818828583 1.0257493257522583
v -0.26568326354026794 -0.3014928102493286 0.967440664768219
v -0.15668143332004547 -0.3215014934539795 1.0466676950454712
v -0.03263676539063454 -0.35294270515441895 1.1458866596221924
v 0.11253713816404343 -0.3620913326740265 1.1878085136413574
v 0.2223113626241684 -0.2999223470687866 0.9768874645233154
v -0.3256397247314453 -0.3039228022098541 0.9954485297203064
v -0.2127416580915451 -0.3255065083503723 1.0688393115997314
v -0.07614516466856003 -0.3258897066116333 1.0526264905929565
v 0.051841963082551956 -0.35843706130981445 1.171988606452942
v 0.1691123992204666 -0.30106598138809204 0.9683829545974731
v 0.2947767376899719 -0.3063706159591675 0.9851668477058411
v -0.269746333360672 -0.3310014605522156 1.0844918489456177
v -0.12935250997543335 -0.32036417722702026 1.0505577325820923
v 0.0025641077663749456 -0.28693610429763794 0.9223361611366272
v 0.12006618082523346 -0.2991044223308563 0.9755262732505798
v 0.2590717673301697 -0.31472551822662354 1.0274890661239624
v -0.29662391543388367 -0.30194926261901855 0.9977750182151794
v -0.18117591738700867 -0.316196084022522 1.0464468002319336
v -0.062011465430259705 -0.3571259379386902 1.1917375326156616
v 0.08782322704792023 -0.32782042026519775 1.0716782808303833
v 0.21745821833610535 -0.33672818541526794 1.1164515018463135
v 0.3280751407146454 -0.30019983649253845 0.9882893562316895
v -0.23961298167705536 -0.3232787251472473 1.0733669996261597
v -0.10008187592029572 -0.3166103959083557 1.047638177871704
v 0.02996962144970894 -0.2783190608024597 0.9261127710342407
v 0.14175920188426971 -0.2870010733604431 0.9411258697509766
v 0.28076010942459106 -0.3123701214790344 1.018114447593689
v -0.2611147165298462 -0.29079219698905945 0.9576674699783325
v -0.15248112380504608 -0.3105209767818451 1.0352227687835693
v -0.029894739389419556 -0.3430183231830597 1.1444073915481567
v 0.11250071972608566 -0.3244873881340027 1.0712058544158936
v 0.23467695713043213 -0.30796200037002563 1.0208956003189087
v -0.3246491551399231 -0.2991229295730591 0.9983904957771301
v -0.21030278503894806 -0.3182373344898224 1.0686510801315308
v -0.08449507504701614 -0.3368774354457855 1.1410902738571167
v 0.0547233484685421 -0.3535098135471344 1.1845238208770752
v 0.17076854407787323 -0.2912345230579376 0.9571545124053955
v 0.29543113708496094 -0.29647165536880493 0.9774565696716309
v -0.26710593700408936 -0.32263538241386414 1.0847456455230713
v -0.12545567750930786 -0.3102380931377411 1.0422163009643555
v 0.005020032171159983 -0.27832284569740295 0.9203345775604248
v 0.11936810612678528 -0.2857988774776459 0.9443308711051941
v 0.26491525769233704 -0.3138904571533203 1.0379972457885742
v -0.29102084040641785 -0.2920306324958801 0.9853469729423523
v -0.1771237552165985 -0.30644962191581726 1.0381889343261719
v -0.06558534502983093 -0.3384355306625366 1.17013680934906
v 0.08514886349439621 -0.3440953493118286 1.1816976070404053
v 0.22308605909347534 -0.3319958746433258 1.1306746006011963
v 0.32078292965888977 -0.28480586409568787 0.9551857709884644
v -0.23722200095653534 -0.3162885010242462 1.0794289112091064
v -0.0973547101020813 -0.3086017072200775 1.0460147857666016
v 0.024944685399532318 -0.3436206579208374 1.1658782958984375
v 0.1436970829963684 -0.27958807349205017 0.9395082592964172
v 0.27951580286026 -0.3007173240184784 1.0028849840164185
v -0.2577057182788849 -0.2820909023284912 0.9534770846366882
v -0.14901785552501678 -0.301311194896698 1.0290621519088745
v -0.023532988503575325 -0.3198123574256897 1.1029232740402222
v 0.1140914037823677 -0.3168357312679291 1.0689703226089478
v 0.2428082376718521 -0.3109152317047119 1.0457545518875122
v -0.3228488862514496 -0.2929578125476837 1.0006718635559082
v -0.20649103820323944 -0.30868250131607056 1.0612887144088745
v -0.08103208988904953 -0.3252238631248474 1.1295254230499268
v 0.062194183468818665 -0.31692376732826233 1.0834742784500122
v 0.17336104810237885 -0.2817153036594391 0.9523328542709351
v 0.2965850830078125 -0.2876300513744354 0.9720529913902283
v -0.26308682560920715 -0.3137906789779663 1.0821889638900757
v -0.12197303771972656 -0.2997569143772125 1.0316210985183716
v 0.007413250859826803 -0.2726193368434906 0.925390899181366
v 0.12068269401788712 -0.2753433287143707 0.9292793273925781
v 0.2663596272468567 -0.30569177865982056 1.0319733619689941
v -0.28559252619743347 -0.2819344997406006 0.9712808728218079
v -0.17376238107681274 -0.29787328839302063 1.0337458848953247
v -0.052255138754844666 -0.3270156979560852 1.1444298028945923
v 0.0906580314040184 -0.34223803877830505 1.188268780708313
v 0.2301573008298874 -0.3285523056983948 1.1444425582885742
v 0.325265109539032 -0.27818048000335693 0.955037534236908
v -0.2344525158405304 -0.3088705837726593 1.0798815488815308
v -0.09457217156887054 -0.30076512694358826 1.0436569452285767
v 0.026971280574798584 -0.32216906547546387 1.1826719045639038
v 0.14561727643013 -0.27209123969078064 0.938363790512085
v 0.27844807505607605 -0.28982704877853394 0.9871905446052551
v -0.2540839612483978 -0.27375125885009766 0.9513421058654785
v -0.14602023363113403 -0.2930050790309906 1.02568781375885
v -0.018682770431041718 -0.2988910377025604 1.0544666051864624
v 0.12123677134513855 -0.33624255657196045 1.1636528968811035
v 0.24646496772766113 -0.30736044049263 1.0473674535751343
v -0.3201986253261566 -0.28649240732192993 1.0024611949920654
v -0.20185469090938568 -0.2982054650783539 1.0509452819824219
v -0.07686217129230499 -0.3138221800327301 1.108805537223816
v 0.0673547312617302 -0.31089353561401367 1.0856437683105469
v 0.20308427512645721 -0.3162524104118347 1.126725196838379
v 0.2985260486602783 -0.27892690896987915 0.9687089920043945
v -0.25933781266212463 -0.3057575225830078 1.0816398859024048
v -0.11861532926559448 -0.29060372710227966 1.0245717763900757
v 0.009897961281239986 -0.27035969495773315 0.9399828314781189
v 0.12351593375205994 -0.26674869656562805 0.9252621531486511
v 0.26594796776771545 -0.2966695725917816 1.0205223560333252
v -0.27995526790618896 -0.27272874116897583 0.9596443176269531
v -0.1706916093826294 -0.28990238904953003 1.0310648679733276
v -0.0441092774271965 -0.3058471083641052 1.0983939170837402
v 0.09374990314245224 -0.3353888690471649 1.1918227672576904
v 0.23495806753635406 -0.3218245804309845 1.1461281776428223
v 0.3314357101917267 -0.2734358608722687 0.9526240229606628
v -0.2319517582654953 -0.30161166191101074 1.079988718032837
v -0.09171003103256226 -0.29263073205947876 1.0420212745666504
v 0.039804134517908096 -0.2918967604637146 1.0480083227157593
v 0.1719784438610077 -0.3040831983089447 1.0875705480575562
v 0.2789352834224701 -0.280560702085495 0.9795364737510681
v -0.24976667761802673 -0.266114741563797 0.9484251737594604
v -0.1431177407503128 -0.2854195833206177 1.0236766338348389
v -0.015865754336118698 -0.2844346761703491 1.0255664587020874
v 0.12377124279737473 -0.3259515166282654 1.1581147909164429
v 0.24868649244308472 -0.3014109432697296 1.0418813228607178
v -0.31749871373176575 -0.28043875098228455 1.0036123991012573
v -0.19819162786006927 -0.28956592082977295 1.0457406044006348
v -0.07068871706724167 -0.3015826344490051 1.0917739868164062
v 0.0709279403090477 -0.30575990676879883 1.087649941444397
v 0.20957650244235992 -0.3132413625717163 1.1450637578964233
v 0.3399514853954315 -0.3066423535346985 1.1162068843841553
v -0.2566327750682831 -0.29869216680526733 1.0822358131408691
v -0.11553236097097397 -0.282438725233078 1.0207257270812988
v 0.011893880553543568 -0.2666369676589966 0.9531101584434509
v 0.1264663189649582 -0.26004666090011597 0.9258123636245728
v 0.2659519612789154 -0.2871969938278198 1.0117580890655518
v -0.27527356147766113 -0.26455050706863403 0.9516485333442688
v -0.16794584691524506 -0.28269243240356445 1.0301966667175293
v -0.0402640737593174 -0.295053094625473 1.0776546001434326
v 0.09606271982192993 -0.32731810212135315 1.1896079778671265
v 0.23572088778018951 -0.3110135495662689 1.135651707649231
v -0.3626253604888916 -0.29367950558662415 1.032674789428711
v -0.22973763942718506 -0.29412585496902466 1.079653263092041
v -0.08872904628515244 -0.28439486026763916 1.0373334884643555
v 0.03867816925048828 -0.3006351590156555 1.0995872020721436
v 0.14669829607009888 -0.27320408821105957 1.0202765464782715
v 0.2819967269897461 -0.2728591859340668 0.9789322018623352
v -0.24606774747371674 -0.2585195004940033 0.9445392489433289
v -0.14031989872455597 -0.2784411311149597 1.0229074954986572
v -0.013560241088271141 -0.27589449286460876 1.0132148265838623
v 0.12649443745613098 -0.3142671287059784 1.1625139713287354
v 0.24911950528621674 -0.2924431264400482 1.0342049598693848
v -0.3389723598957062 -0.2955550253391266 1.1024054288864136
v -0.1949474811553955 -0.2818528711795807 1.0432937145233154
v -0.06385574489831924 -0.290168434381485 1.0723237991333008
v 0.07338935136795044 -0.3033056855201721 1.097402572631836
v 0.21406054496765137 -0.30859100818634033 1.1481314897537231
v 0.34617945551872253 -0.30340710282325745 1.1266223192214966
v -0.25358062982559204 -0.2910473644733429 1.0803020000457764
v -0.11266439408063889 -0.27489086985588074 1.0183643102645874
v 0.014576778747141361 -0.25889649987220764 0.9554479718208313
v 0.12986837327480316 -0.2549133002758026 0.9343809485435486
v 0.26661133766174316 -0.2784990966320038 1.0062775611877441
v -0.2706739008426666 -0.2554311752319336 0.9458780288696289
v -0.16549712419509888 -0.27619531750679016 1.0316214561462402
v -0.036872804164886475 -0.28653284907341003 1.0659186840057373
v 0.09931876510381699 -0.3170928657054901 1.1778228282928467
v 0.21936096251010895 -0.2816767692565918 1.018498182296753
v -0.3534311354160309 -0.2800501883029938 1.021960735321045
v -0.2271672487258911 -0.2865257263183594 1.0789648294448853
v -0.08595702797174454 -0.27588871121406555 1.031110405921936
v 0.04219286888837814 -0.32237040996551514 1.1956219673156738
v 0.156462624669075 -0.24818964302539825 0.9379675388336182
v 0.3180007338523865 -0.3019181787967682 1.1288102865219116
v -0.24407626688480377 -0.25115132331848145 0.9463642835617065
v -0.13764844834804535 -0.2717987895011902 1.023417592048645
v -0.011187451891601086 -0.27532386779785156 1.0297250747680664
v 0.10678013414144516 -0.25115397572517395 0.9308304786682129
v 0.24804162979125977 -0.2812529504299164 1.0239018201828003
v -0.31277045607566833 -0.2701101005077362 1.004523515701294
v -0.1920498162508011 -0.27481967210769653 1.0430165529251099
v -0.06056944653391838 -0.2800789773464203 1.0578029155731201
v 0.07572091370820999 -0.3019610345363617 1.1114453077316284
v 0.21307508647441864 -0.30044791102409363 1.1431955099105835
v 0.34755972027778625 -0.2950769066810608 1.1144670248031616
v -0.2522238492965698 -0.2853427827358246 1.0857360363006592
v -0.10984890162944794 -0.2676798701286316 1.016714096069336
v 0.008498145267367363 -0.3110944926738739 1.1888933181762695
v 0.13524457812309265 -0.2512272000312805 0.9520720839500427
v 0.2681368291378021 -0.27003204822540283 1.0027483701705933
v -0.2656402289867401 -0.24584729969501495 0.9430273771286011
v -0.16347746551036835 -0.2703847289085388 1.036020040512085
v -0.03371991962194443 -0.2816104292869568 1.0683131217956543
v 0.10251834988594055 -0.3056966960430145 1.1588671207427979
v 0.22180719673633575 -0.2757573425769806 1.0197970867156982
v -0.3473769724369049 -0.27217450737953186 1.0197224617004395
v -0.22452448308467865 -0.2795434296131134 1.0799025297164917
v -0.08312767744064331 -0.267863392829895 1.0258090496063232
v 0.04648418724536896 -0.31520557403564453 1.196004867553711
v 0.19847117364406586 -0.31501880288124084 1.1900405883789062
v 0.3338651955127716 -0.3013000190258026 1.16959810256958
v -0.28408846259117126 -0.29342252016067505 1.1013257503509521
v -0.13521473109722137 -0.2657190263271332 1.0260515213012695
v -0.010231859050691128 -0.2763959765434265 1.053888201713562
v 0.1098330020904541 -0.24316075444221497 0.9338781833648682
v 0.24706503748893738 -0.2692747116088867 1.01223623752594
v -0.3085247874259949 -0.26324430108070374 1.0062263011932373
v -0.18943984806537628 -0.2684002220630646 1.0448721647262573
v -0.058427877724170685 -0.2729772627353668 1.0544692277908325
v 0.07883091270923615 -0.2979593873023987 1.122632384300232
v 0.19795756042003632 -0.26124534010887146 1.0091577768325806
v 0.3438718318939209 -0.28225699067115784 1.0852634906768799
v -0.25070175528526306 -0.27949613332748413 1.08962082862854
v -0.10707784444093704 -0.26074695587158203 1.0157374143600464
v 0.011448659002780914 -0.3052999675273895 1.1935089826583862
v 0.1416400671005249 -0.2487373799085617 0.9749808311462402
v 0.27097925543785095 -0.261456698179245 1.000746726989746
v -0.341677188873291 -0.30459243059158325 1.1915792226791382
v -0.16199661791324615 -0.26542776823043823 1.0445913076400757
v -0.030899139121174812 -0.27381691336631775 1.0658550262451172
v 0.10471849888563156 -0.29438158869743347 1.1431186199188232
v 0.22122585773468018 -0.2636300027370453 1.0033684968948364
v -0.338729590177536 -0.2632366716861725 1.0092743635177612
v -0.22183634340763092 -0.27258142828941345 1.08120596408844
v -0.08039943128824234 -0.26031196117401123 1.0226107835769653
v 0.05038667470216751 -0.29231125116348267 1.1251158714294434
v 0.20274889469146729 -0.30961087346076965 1.200589656829834
v 0.3338180184364319 -0.29081177711486816 1.1593207120895386
v -0.2563066780567169 -0.2549768090248108 1.0107141733169556
v -0.1333497166633606 -0.26048725843429565 1.0343390703201294
v -0.010533172637224197 -0.2651948034763336 1.0688962936401367
v 0.11273383349180222 -0.23742666840553284 0.938956081867218
v 0.24496830999851227 -0.25750428438186646 0.9958178997039795
v -0.30453500151634216 -0.25538650155067444 1.008030652999878
v -0.1872159093618393 -0.2624835669994354 1.0489394664764404
v -0.055435843765735626 -0.2647123634815216 1.0529004335403442
v 0.08203570544719696 -0.29190272092819214 1.1273150444030762
v 0.2036672830581665 -0.26473650336265564 1.034031867980957
v 0.3311137557029724 -0.2565614581108093 1.0117689371109009
v -0.2485107034444809 -0.27309370040893555 1.0915119647979736
v -0.10439551621675491 -0.25399675965309143 1.0155731439590454
v 0.016278645023703575 -0.29918843507766724 1.1966230869293213
v 0.14791598916053772 -0.24863697588443756 1.0027225017547607
v 0.3112936317920685 -0.29137468338012695 1.1743921041488647
v -0.33819204568862915 -0.3056609332561493 1.183401346206665
v -0.16077952086925507 -0.26079291105270386 1.0560057163238525
v -0.027366701513528824 -0.2608209550380707 1.0359952449798584
v 0.10735058039426804 -0.28668656945228577 1.1579394340515137
v 0.22861868143081665 -0.2590917646884918 1.040737271308899
v -0.3309735953807831 -0.25370654463768005 0.9987003207206726
v -0.21899348497390747 -0.26599112153053284 1.083428144454956
v -0.07763697952032089 -0.2529439330101013 1.0206077098846436
v 0.053933579474687576 -0.28807851672172546 1.1327877044677734
v 0.20247067511081696 -0.3000068962574005 1.1938116550445557
v 0.3300608992576599 -0.2774345576763153 1.1311070919036865
v -0.2667090892791748 -0.26285213232040405 1.0593618154525757
v -0.13377521932125092 -0.2572469413280487 1.057399034500122
v 0.0008840592345222831 -0.24105435609817505 0.9771749973297119
v 0.147049218416214 -0.2986074686050415 1.206202745437622
v 0.24270571768283844 -0.24673056602478027 0.9799611568450928
v -0.3535485863685608 -0.28650274872779846 1.1578582525253296
v -0.18541447818279266 -0.257062703371048 1.0558747053146362
v -0.052707988768815994 -0.2582360804080963 1.0518474578857422
v 0.0845816507935524 -0.28530964255332947 1.1316275596618652
v 0.20665013790130615 -0.2602939009666443 1.0376418828964233
v 0.3469918966293335 -0.26017725467681885 1.0545051097869873
v -0.24602437019348145 -0.26718777418136597 1.0921909809112549
v -0.10179078578948975 -0.2473488450050354 1.0160322189331055
v 0.021166564896702766 -0.2964860498905182 1.2079131603240967
v 0.17093801498413086 -0.2913815379142761 1.1763523817062378
v 0.3119950592517853 -0.2823849618434906 1.1635353565216064
v -0.3258081376552582 -0.289011150598526 1.1605154275894165
v -0.15970581769943237 -0.25663524866104126 1.069980502128601
v -0.02519989013671875 -0.2573353052139282 1.0495469570159912
v 0.11276066303253174 -0.28265219926834106 1.182108998298645
v 0.21394462883472443 -0.23482193052768707 0.9366820454597473
v -0.3253437876701355 -0.2449391484260559 0.9942795038223267
v -0.21661974489688873 -0.2600522041320801 1.0862966775894165
v -0.07495056837797165 -0.24589937925338745 1.0192092657089233
v 0.05748027563095093 -0.28325459361076355 1.142338514328003
v 0.1867780238389969 -0.2619135081768036 1.0633795261383057
v 0.31559622287750244 -0.25503644347190857 1.0382622480392456
v -0.2702692449092865 -0.2620965242385864 1.0825637578964233
v -0.13226096332073212 -0.2526942193508148 1.066290259361267
v 0.0029907641001045704 -0.24384920299053192 1.0114845037460327
v 0.14753320813179016 -0.29061225056648254 1.20944082736969
v 0.2439337521791458 -0.23792695999145508 0.9727751612663269
v -0.3240326941013336 -0.2635641098022461 1.1253427267074585
v -0.18410451710224152 -0.2522389590740204 1.0662685632705688
v -0.04999552667140961 -0.2506738305091858 1.051490068435669
v 0.08703429996967316 -0.2773536741733551 1.1349631547927856
v 0.20529869198799133 -0.250293493270874 1.0206096172332764
v 0.34406721591949463 -0.24640823900699615 1.0233958959579468
v -0.2442742884159088 -0.26011309027671814 1.0932211875915527
v -0.09920568019151688 -0.24086777865886688 1.0169671773910522
v 0.026001283898949623 -0.29192930459976196 1.21104896068573
v 0.16579614579677582 -0.262876957654953 1.090125322341919
v 0.3128899931907654 -0.2717822790145874 1.1491577625274658
v -0.29339301586151123 -0.25096413493156433 1.056008219718933
v -0.15836313366889954 -0.25282010436058044 1.0823616981506348
v -0.023289842531085014 -0.2540874183177948 1.0640283823013306
v 0.11467161029577255 -0.27641937136650085 1.1837955713272095
v 0.2150440663099289 -0.22567717730998993 0.933932363986969
v -0.3206932842731476 -0.23626145720481873 0.9922767281532288
v -0.2138976901769638 -0.25345978140830994 1.089951753616333
v -0.07231750339269638 -0.23902690410614014 1.0184098482131958
v 0.06100521609187126 -0.2768251895904541 1.1497509479522705
v 0.19237801432609558 -0.2616642415523529 1.0795270204544067
v 0.32091355323791504 -0.25070813298225403 1.044180154800415
v -0.26926469802856445 -0.25732630491256714 1.0867923498153687
v -0.12885518372058868 -0.24596424400806427 1.0664924383163452
v 0.005711189471185207 -0.24417950212955475 1.039841890335083
v 0.1474177986383438 -0.28069475293159485 1.1972252130508423
v 0.2902944087982178 -0.26919063925743103 1.167206883430481
v -0.343235582113266 -0.2678799033164978 1.1477112770080566
v -0.18358616530895233 -0.2482917755842209 1.0826635360717773
v -0.047074586153030396 -0.24395015835762024 1.0511267185211182
v 0.08977499604225159 -0.26945066452026367 1.138653039932251
v 0.20041035115718842 -0.23470629751682281 0.9759125113487244
v 0.3490552604198456 -0.24083365499973297 1.0318937301635742
v -0.241643026471138 -0.2533624470233917 1.0927587747573853
v -0.09671826660633087 -0.23446930944919586 1.0182740688323975
v 0.030990973114967346 -0.28382501006126404 1.2084897756576538
v 0.17325524985790253 -0.26512035727500916 1.1191083192825317
v 0.29734012484550476 -0.2483738362789154 1.0516945123672485
v -0.29180827736854553 -0.2514244616031647 1.0660874843597412
v -0.15543819963932037 -0.24612218141555786 1.0863964557647705
v -0.02035387232899666 -0.25029292702674866 1.0768707990646362
v 0.11802905797958374 -0.27046945691108704 1.1829640865325928
v 0.21633301675319672 -0.2183704972267151 0.9353287220001221
v -0.3168417513370514 -0.22855068743228912 0.990928053855896
v -0.21136926114559174 -0.2467726767063141 1.0939619541168213
v -0.06971544027328491 -0.2322855293750763 1.0180925130844116
v 0.06430961936712265 -0.27005907893180847 1.1557536125183105
v 0.1951696276664734 -0.2555176317691803 1.0854696035385132
v 0.3236316442489624 -0.24400760233402252 1.0436863899230957
v -0.26620808243751526 -0.2509869337081909 1.08278226852417
v -0.12580011785030365 -0.24020670354366302 1.0709154605865479
v 0.008756759576499462 -0.2437693476676941 1.0689523220062256
v 0.1499577909708023 -0.2711755037307739 1.1879385709762573
v 0.29876646399497986 -0.26566973328590393 1.1796447038650513
v -0.339925616979599 -0.26135456562042236 1.1454393863677979
v -0.18153095245361328 -0.24213142693042755 1.0906994342803955
v -0.044240180402994156 -0.23805250227451324 1.0531302690505981
v 0.0931081473827362 -0.263350248336792 1.1481924057006836
v 0.1990157663822174 -0.222700834274292 0.9569050669670105
v 0.3482034504413605 -0.23169317841529846 1.0204273462295532
v -0.2392314374446869 -0.2467612326145172 1.0942572355270386
v -0.09427911043167114 -0.22812069952487946 1.0197858810424805
v 0.03670775517821312 -0.26042741537094116 1.1459366083145142
v 0.17793817818164825 -0.2614394724369049 1.1295973062515259
v 0.301588773727417 -0.24469693005084991 1.057487964630127
v -0.2792167365550995 -0.2417091280221939 1.038347840309143
v -0.1530826985836029 -0.24163593351840973 1.0915889739990234
v -0.02489117532968521 -0.2656111419200897 1.1918185949325562
v 0.12205836921930313 -0.262616366147995 1.1753512620925903
v 0.21864019334316254 -0.2118271142244339 0.9391403198242188
v -0.3141644299030304 -0.2215413749217987 0.9900187849998474
v -0.2095058709383011 -0.24087467789649963 1.0993021726608276
v -0.06708885729312897 -0.2256496250629425 1.0180469751358032
v 0.06717638671398163 -0.2631387710571289 1.1632695198059082
v 0.19619262218475342 -0.2463146150112152 1.0825272798538208
v 0.3245491087436676 -0.2352311760187149 1.0375148057937622
v -0.262351930141449 -0.24255618453025818 1.0777785778045654
v -0.12578493356704712 -0.23743034899234772 1.0921645164489746
v 0.011751645244657993 -0.2452162206172943 1.110764741897583
v 0.1489984095096588 -0.2468341588973999 1.1106188297271729
v 0.2982058525085449 -0.2567487955093384 1.1662025451660156
v -0.2885035574436188 -0.2236592024564743 0.9860076308250427
v -0.17996954917907715 -0.23745785653591156 1.0980472564697266
v -0.04217268154025078 -0.23230092227458954 1.0580707788467407
v 0.09794526547193527 -0.2621268630027771 1.1872018575668335
v 0.20059680938720703 -0.2129371613264084 0.9547988772392273
v 0.3474868834018707 -0.22020764648914337 1.003780722618103
v -0.2378707081079483 -0.24105237424373627 1.1009283065795898
v -0.09180240333080292 -0.22191841900348663 1.0214985609054565
v 0.04051387310028076 -0.25958961248397827 1.1736419200897217
v 0.18107309937477112 -0.25538256764411926 1.1315762996673584
v 0.30391061305999756 -0.23610657453536987 1.0524719953536987
v -0.267282634973526 -0.227518692612648 1.0096544027328491
v -0.1506463885307312 -0.23724302649497986 1.0963813066482544
v -0.021548688411712646 -0.2626893222332001 1.2159005403518677
v 0.1263878494501114 -0.2551436424255371 1.1715487241744995
v 0.2217630296945572 -0.20499606430530548 0.9415919780731201
v -0.3126046061515808 -0.2151186466217041 0.9900611639022827
v -0.20761944353580475 -0.23595105111598969 1.1041655540466309
v -0.06454197317361832 -0.21908161044120789 1.018405556678772
v 0.07063797861337662 -0.25578445196151733 1.1690963506698608
v 0.19440387189388275 -0.23529016971588135 1.0642309188842773
v 0.3221968114376068 -0.22412818670272827 1.0213176012039185
v -0.2590928375720978 -0.2347366064786911 1.077576756477356
v -0.12515683472156525 -0.23503032326698303 1.103898286819458
v 0.014332952909171581 -0.2473626434803009 1.152011513710022
v 0.15570703148841858 -0.24695049226284027 1.1377378702163696
v 0.29849377274513245 -0.24505659937858582 1.14075767993927
v -0.28045934438705444 -0.21352717280387878 0.9674302339553833
v -0.17763790488243103 -0.2335021197795868 1.1027778387069702
v -0.03976999968290329 -0.22651536762714386 1.0619077682495117
v 0.10101616382598877 -0.25330761075019836 1.1836024522781372
v 0.2027972787618637 -0.20514090359210968 0.9529857039451599
v -0.3466273248195648 -0.21256889402866364 0.9967264533042908
v -0.23639443516731262 -0.23578619956970215 1.108111023902893
v -0.08932260423898697 -0.21575842797756195 1.0232356786727905
v 0.04363850876688957 -0.2539176642894745 1.1828111410140991
v 0.1829705685377121 -0.2483311891555786 1.1296967267990112
v 0.3043418526649475 -0.22807897627353668 1.0454514026641846
v -0.25867101550102234 -0.21482805907726288 0.9927132725715637
v -0.16232731938362122 -0.2511776387691498 1.189319372177124
v -0.017580164596438408 -0.257533997297287 1.231752872467041
v 0.1306789368391037 -0.24824877083301544 1.1718080043792725
v 0.23170168697834015 -0.2177482396364212 1.034609317779541
v -0.3105096220970154 -0.20875568687915802 0.9889261722564697
v -0.20470958948135376 -0.2306523472070694 1.1064518690109253
v -0.06199568137526512 -0.21259555220603943 1.0190743207931519
v 0.07447509467601776 -0.25106388330459595 1.1913317441940308
v 0.19293852150440216 -0.2239581048488617 1.044420838356018
v 0.31671223044395447 -0.21281422674655914 0.9978612065315247
v -0.257979154586792 -0.22954954206943512 1.0855239629745483
v -0.12422996014356613 -0.2344645857810974 1.1318576335906982
v 0.015822378918528557 -0.25550225377082825 1.2193281650543213
v 0.16119539737701416 -0.24559326469898224 1.1664421558380127
v 0.29859310388565063 -0.23456700146198273 1.1251519918441772
v -0.2756038010120392 -0.20332646369934082 0.9582642912864685
v -0.19069194793701172 -0.24848975241184235 1.1984626054763794
v -0.036980390548706055 -0.21741797029972076 1.0522276163101196
v 0.10454528033733368 -0.24562238156795502 1.1854406595230103
v 0.2051886022090912 -0.19877567887306213 0.9528586864471436
v -0.34132614731788635 -0.20478273928165436 0.9968523979187012
v -0.23441720008850098 -0.23016993701457977 1.1132051944732666
v -0.08710630238056183 -0.20982249081134796 1.025281548500061
v 0.04687131941318512 -0.24953681230545044 1.204829454421997
v 0.1850711703300476 -0.23960644006729126 1.1261885166168213
v 0.30367955565452576 -0.21919161081314087 1.0362372398376465
v -0.2539338171482086 -0.20484408736228943 0.9872698187828064
v -0.16064105927944183 -0.24651433527469635 1.1998661756515503
v -0.012955677695572376 -0.25069212913513184 1.2352746725082397
v 0.13456615805625916 -0.24110469222068787 1.1739511489868164
v 0.27957382798194885 -0.24055767059326172 1.1639490127563477
v -0.307407408952713 -0.2020128071308136 0.9865413308143616
v -0.21442770957946777 -0.23588795959949493 1.165252923965454
v -0.05948357656598091 -0.2063172161579132 1.0200607776641846
v 0.07687163352966309 -0.2427031397819519 1.1897586584091187
v 0.1930997520685196 -0.21463753283023834 1.0363175868988037
v 0.31357860565185547 -0.20242759585380554 0.9809719324111938
v -0.25696563720703125 -0.22528167068958282 1.0967711210250854
v -0.12682685256004333 -0.24262197315692902 1.1978161334991455
v 0.019557558000087738 -0.24674859642982483 1.2185986042022705
v 0.16306781768798828 -0.2368045598268509 1.163190484046936
v 0.28669148683547974 -0.21840138733386993 1.0630472898483276
v -0.27193525433540344 -0.1941470354795456 0.9543392658233643
v -0.18723586201667786 -0.2398001253604889 1.1931475400924683
v -0.03457508981227875 -0.21096733212471008 1.0543358325958252
v 0.10749246925115585 -0.23772691190242767 1.180247187614441
v 0.20877833664417267 -0.1915929913520813 0.9547388553619385
v -0.3367886543273926 -0.19736838340759277 0.9957131743431091
v -0.23158349096775055 -0.22363819181919098 1.1154510974884033
v -0.08483018726110458 -0.20419444143772125 1.0281689167022705
v 0.049793872982263565 -0.2394859939813614 1.1984184980392456
v 0.18688645958900452 -0.22989672422409058 1.1210403442382812
v 0.30164751410484314 -0.21037012338638306 1.0219740867614746
v -0.25129133462905884 -0.1975010633468628 0.9871649742126465
v -0.155745267868042 -0.23517321050167084 1.1852593421936035
v -0.0078237634152174 -0.24314630031585693 1.2335712909698486
v 0.13733935356140137 -0.23234514892101288 1.1703001260757446
v 0.2762102782726288 -0.22817911207675934 1.1430691480636597
v -0.30268484354019165 -0.1946282982826233 0.9806805849075317
v -0.20986256003379822 -0.22733713686466217 1.1612554788589478
v -0.05706419795751572 -0.20007692277431488 1.0212745666503906
v 0.07936043292284012 -0.23262333869934082 1.1802774667739868
v 0.19961409270763397 -0.20978926122188568 1.0504930019378662
v 0.31152886152267456 -0.19293531775474548 0.9669386148452759
v -0.25534361600875854 -0.22021019458770752 1.1030690670013428
v -0.12516330182552338 -0.23383811116218567 1.1997097730636597
v 0.02305437996983528 -0.23825740814208984 1.2176010608673096
v 0.16497978568077087 -0.2271115928888321 1.1603995561599731
v 0.2886103093624115 -0.21220988035202026 1.0607647895812988
v -0.26801714301109314 -0.1862902194261551 0.9519484043121338
v -0.1804092824459076 -0.226840078830719 1.169248342514038
v -0.031830620020627975 -0.20415998995304108 1.0536766052246094
v 0.10949928313493729 -0.22761677205562592 1.1697731018066406
v 0.25066232681274414 -0.22836843132972717 1.16230309009552
v -0.3328789174556732 -0.19051754474639893 0.9945788383483887
v -0.22904221713542938 -0.2171202450990677 1.117895245552063
v -0.08236627280712128 -0.19858123362064362 1.0308547019958496
v 0.05294591188430786 -0.2304590791463852 1.1921924352645874
v 0.1887943297624588 -0.2202357053756714 1.1148107051849365
v 0.2996557056903839 -0.20107704401016235 1.0092953443527222
v -0.2511642575263977 -0.1921839714050293 0.9949437975883484
v -0.15076017379760742 -0.2246496081352234 1.1723530292510986
v -0.0041297683492302895 -0.23587243258953094 1.232787013053894
v 0.13966631889343262 -0.22427088022232056 1.1647365093231201
v 0.2747490704059601 -0.2162628173828125 1.1218764781951904
v -0.29743480682373047 -0.18715862929821014 0.9744770526885986
v -0.20568029582500458 -0.21926572918891907 1.155084490776062
v -0.05465571582317352 -0.1937761753797531 1.0226690769195557
v 0.08173662424087524 -0.22230127453804016 1.1641710996627808
v 0.20803827047348022 -0.20762233436107635 1.0757678747177124
v 0.31123584508895874 -0.1835549771785736 0.9551911950111389
v -0.25289541482925415 -0.21311238408088684 1.104893445968628
v -0.1225225180387497 -0.2244613915681839 1.1910525560379028
v 0.02554025501012802 -0.23020169138908386 1.219132661819458
v 0.16649237275123596 -0.21954354643821716 1.1625837087631226
v 0.2833620309829712 -0.2018098682165146 1.031593918800354
v -0.26324108242988586 -0.17874905467033386 0.9484474658966064
v -0.1751844584941864 -0.2165306657552719 1.1518332958221436
v -0.03639456257224083 -0.2243010252714157 1.2109427452087402
v 0.11044680327177048 -0.21598753333091736 1.146651268005371
v 0.2357902228832245 -0.19859687983989716 1.0562094449996948
v -0.3311191201210022 -0.18428289890289307 0.9985365271568298
v -0.230852872133255 -0.21329641342163086 1.1422182321548462
v -0.07921843975782394 -0.19259098172187805 1.0337004661560059
v 0.05519825592637062 -0.22066767513751984 1.1822419166564941
v 0.19093826413154602 -0.21041864156723022 1.109860897064209
v 0.299954354763031 -0.19139762222766876 1.0032602548599243
v -0.2570117115974426 -0.1906903237104416 1.0246986150741577
v -0.1447218805551529 -0.21312853693962097 1.1479203701019287
v -0.0012650195276364684 -0.2276201695203781 1.231052279472351
v 0.14081181585788727 -0.21463753283023834 1.1566874980926514
v 0.263163298368454 -0.19898845255374908 1.0540012121200562
v -0.29318034648895264 -0.17929773032665253 0.9698372483253479
v -0.20125052332878113 -0.2114793360233307 1.1495262384414673
v -0.052154477685689926 -0.1874614804983139 1.0242183208465576
v 0.08298483490943909 -0.209458589553833 1.1389172077178955
v 0.2187555879354477 -0.2053971141576767 1.1011964082717896
v 0.3302115797996521 -0.1852259486913681 1.0067695379257202
v -0.2490788996219635 -0.2046433389186859 1.1042640209197998
v -0.11916574835777283 -0.21653802692890167 1.1862210035324097
v 0.027442926540970802 -0.22208859026432037 1.2170053720474243
v 0.16817164421081543 -0.21125361323356628 1.1517539024353027
v 0.27656638622283936 -0.190346822142601 1.0015199184417725
v -0.2592359483242035 -0.17134864628314972 0.9460862278938293
v -0.1691880077123642 -0.20472420752048492 1.1275502443313599
v -0.03243559971451759 -0.22090347111225128 1.2213101387023926
v 0.11147492378950119 -0.204806849360466 1.1288198232650757
v 0.24769927561283112 -0.20151081681251526 1.091218113899231
v -0.33181047439575195 -0.18002301454544067 1.011282205581665
v -0.22718538343906403 -0.20476676523685455 1.1424016952514648
v -0.07641943544149399 -0.186821848154068 1.037301778793335
v 0.05709776282310486 -0.20677734911441803 1.1499963998794556
v 0.1989549845457077 -0.20577016472816467 1.1422911882400513
v 0.3012849688529968 -0.18289363384246826 1.0003981590270996
v -0.2650783360004425 -0.19104456901550293 1.0625108480453491
v -0.13962316513061523 -0.2022756189107895 1.1305819749832153
v 0.0018412021454423666 -0.21805158257484436 1.2208143472671509
v 0.1410793960094452 -0.20393851399421692 1.1401400566101074
v 0.27288559079170227 -0.1944052129983902 1.0903862714767456
v -0.2893860936164856 -0.17159582674503326 0.9685559868812561
v -0.19494035840034485 -0.20051781833171844 1.1274014711380005
v -0.04966820403933525 -0.1810750514268875 1.0257056951522827
v 0.08507142215967178 -0.20018626749515533 1.1295415163040161
v 0.22429363429546356 -0.20006337761878967 1.110213279724121
v 0.31921491026878357 -0.1694074273109436 0.9594801068305969
v -0.24853381514549255 -0.19769954681396484 1.1239145994186401
v -0.11378757655620575 -0.20520684123039246 1.1639597415924072
v 0.03005368262529373 -0.21142852306365967 1.205174207687378
v 0.1696193665266037 -0.1991593986749649 1.1294631958007812
v 0.2730233073234558 -0.17916952073574066 0.9866559505462646
v -0.25773748755455017 -0.16575153172016144 0.9534737467765808
v -0.1642933487892151 -0.19492985308170319 1.1154274940490723
v -0.026785947382450104 -0.2088310420513153 1.1992149353027344
v 0.11322056502103806 -0.1954430490732193 1.1195234060287476
v 0.25026223063468933 -0.19565936923027039 1.0930415391921997
v -0.3347974121570587 -0.1782052367925644 1.0328357219696045
v -0.22295226156711578 -0.19758005440235138 1.141078233718872
v -0.08924712240695953 -0.20002856850624084 1.1503126621246338
v 0.0592401959002018 -0.19737902283668518 1.1395689249038696
v 0.201087087392807 -0.19641494750976562 1.1357961893081665
v 0.3037149906158447 -0.17525571584701538 0.9988855719566345
v -0.2679295837879181 -0.1882314831018448 1.0827937126159668
v -0.135855570435524 -0.1932033747434616 1.123475432395935
v 0.0041751982644200325 -0.2055751234292984 1.1963199377059937
v 0.1391722410917282 -0.1916341781616211 1.117356777191162
v 0.2709469795227051 -0.18408305943012238 1.081763505935669
v -0.2861637771129608 -0.16425779461860657 0.9700401425361633
v -0.18844276666641235 -0.18919698894023895 1.108208417892456
v -0.04716581851243973 -0.1746768057346344 1.0271018743515015
v 0.0875021368265152 -0.19150742888450623 1.1233344078063965
v 0.22803904116153717 -0.19372479617595673 1.1116772890090942
v 0.3267534673213959 -0.16495341062545776 0.9710296988487244
v -0.24322907626628876 -0.18876424431800842 1.1144325733184814
v -0.10920293629169464 -0.1940530240535736 1.145703911781311
v 0.03376993536949158 -0.19686353206634521 1.1636008024215698
v 0.1684541255235672 -0.18626059591770172 1.0980490446090698
v 0.272124320268631 -0.16886448860168457 0.9792457222938538
v -0.2867034375667572 -0.18435636162757874 1.096484899520874
v -0.1601749062538147 -0.18562015891075134 1.1084164381027222
v -0.02322961762547493 -0.1986849009990692 1.1886351108551025
v 0.1148887500166893 -0.18680940568447113 1.113114356994629
v 0.2469089776277542 -0.18507921695709229 1.0720192193984985
v -0.3379920423030853 -0.17592963576316833 1.053514003753662
v -0.21738116443157196 -0.1872890442609787 1.126691460609436
v -0.07173743844032288 -0.17320357263088226 1.0402014255523682
v 0.06157398223876953 -0.18869344890117645 1.1332727670669556
v 0.20356683433055878 -0.18973694741725922 1.1347832679748535
v 0.3073825538158417 -0.1683661937713623 1.0000977516174316
v -0.26568230986595154 -0.18138913810253143 1.0867611169815063
v -0.13262969255447388 -0.18464171886444092 1.1194385290145874
v 0.006879168096929789 -0.19613124430179596 1.1875836849212646
v 0.13268575072288513 -0.16955024003982544 1.0215991735458374
v 0.2441881000995636 -0.1622638702392578 0.948136031627655
v -0.2839099168777466 -0.15677043795585632 0.9702713489532471
v -0.18338321149349213 -0.17949220538139343 1.0977243185043335
v -0.044561371207237244 -0.16829611361026764 1.0285837650299072
v 0.08992217481136322 -0.1829567700624466 1.1186107397079468
v 0.23036319017410278 -0.18597453832626343 1.109091877937317
v 0.3365960121154785 -0.16070576012134552 0.983415961265564
v -0.2375902533531189 -0.1787039041519165 1.098090648651123
v -0.10534469038248062 -0.18506768345832825 1.140068769454956
v 0.036233123391866684 -0.186911478638649 1.1502795219421387
v 0.16463810205459595 -0.17220419645309448 1.0547144412994385
v 0.2732866406440735 -0.1607043445110321 0.9754127860069275
v -0.29770612716674805 -0.17933091521263123 1.1131337881088257
v -0.1561513990163803 -0.17646995186805725 1.1031399965286255
v -0.02004995010793209 -0.18989454209804535 1.1815013885498047
v 0.1077088937163353 -0.16412389278411865 1.013611078262329
v 0.2593403458595276 -0.18277983367443085 1.1163408756256104
v -0.33963072299957275 -0.1720103621482849 1.065858244895935
v -0.19649264216423035 -0.16538162529468536 1.0299019813537598
v -0.06944902241230011 -0.16651305556297302 1.0411553382873535
v 0.06405411660671234 -0.18032076954841614 1.1285372972488403
v 0.20593319833278656 -0.18211182951927185 1.1291377544403076
v 0.31213000416755676 -0.16264624893665314 1.0059692859649658
v -0.2657700181007385 -0.17524529993534088 1.1058026552200317
v -0.1293821781873703 -0.17596961557865143 1.1164721250534058
v 0.009580901823937893 -0.18733058869838715 1.1821837425231934
v 0.1329657882452011 -0.1598312109708786 1.006116271018982
v 0.24528050422668457 -0.15225964784622192 0.9457055926322937
v -0.30977603793144226 -0.16893881559371948 1.0685080289840698
v -0.16202040016651154 -0.15603208541870117 0.9887710213661194
v -0.04198960214853287 -0.1618768572807312 1.0300740003585815
v 0.09198708087205887 -0.1745363473892212 1.1147432327270508
v 0.2324524223804474 -0.1781209260225296 1.1060268878936768
v 0.34621402621269226 -0.15754805505275726 0.9969481825828552
v -0.22899170219898224 -0.16674482822418213 1.0687326192855835
v -0.1022079586982727 -0.17671768367290497 1.1367610692977905
v 0.03861793875694275 -0.17810626327991486 1.1433764696121216
v 0.16312623023986816 -0.16112247109413147 1.0292584896087646
v 0.27585771679878235 -0.15395952761173248 0.9762904047966003
v -0.2959968149662018 -0.17337381839752197 1.118238091468811
v -0.1342167854309082 -0.1511543244123459 0.9693040251731873
v -0.016737716272473335 -0.1808195412158966 1.176565170288086
v 0.1083938330411911 -0.15470659732818604 0.9990372657775879
v 0.26110315322875977 -0.17488650977611542 1.1150455474853516
v -0.33644965291023254 -0.16702722012996674 1.0676698684692383
v -0.186671182513237 -0.15286017954349518 0.9953697919845581
v -0.06675324589014053 -0.1598803699016571 1.0414472818374634
v 0.06659813970327377 -0.17197784781455994 1.1246123313903809
v 0.20736093819141388 -0.17307455837726593 1.1212106943130493
v 0.31807515025138855 -0.15769176185131073 1.015024185180664
v -0.2605738639831543 -0.16791123151779175 1.0996835231781006
v -0.1103600263595581 -0.15012122690677643 0.9806111454963684
v 0.01209974940866232 -0.17847886681556702 1.177627444267273
v 0.13438516855239868 -0.15166571736335754 0.9974648356437683
v 0.2462673783302307 -0.14454258978366852 0.9452113509178162
v -0.3057140111923218 -0.1607864499092102 1.066778302192688
v -0.15595483779907227 -0.14566385746002197 0.9663427472114563
v -0.03927880898118019 -0.15537908673286438 1.0313897132873535
v 0.08697515726089478 -0.15279503166675568 1.0093107223510742
v 0.23459750413894653 -0.16986916959285736 1.103186845779419
v -0.37327873706817627 -0.16342300176620483 1.0759211778640747
v -0.2148377001285553 -0.15269017219543457 1.019176721572876
v -0.09920364618301392 -0.1685522347688675 1.1347882747650146
v 0.041238535195589066 -0.1696581095457077 1.1382051706314087
v 0.16390389204025269 -0.15249140560626984 1.017696738243103
v 0.2793934941291809 -0.14788344502449036 0.980586588382721
v -0.2918771803379059 -0.16540507972240448 1.1151766777038574
v -0.129861518740654 -0.14234338700771332 0.9568915367126465
v -0.018848348408937454 -0.16203461587429047 1.090985894203186
v 0.11001603305339813 -0.14657893776893616 0.9900222420692444
v 0.26327279210090637 -0.1683027595281601 1.1171901226043701
v -0.329117089509964 -0.15856167674064636 1.058181881904602
v -0.180620476603508 -0.14360575377941132 0.9777745604515076
v -0.06405411660671234 -0.15309599041938782 1.0417875051498413
v 0.06936752051115036 -0.16372032463550568 1.1215051412582397
v 0.2100471407175064 -0.16542771458625793 1.119009256362915
v 0.32388463616371155 -0.15217627584934235 1.0206118822097778
v -0.2539544999599457 -0.15795637667179108 1.084665298461914
v -0.10631236433982849 -0.14177653193473816 0.9657049179077148
v 0.015351837500929832 -0.16872963309288025 1.1659488677978516
v 0.1361970603466034 -0.14431345462799072 0.9917305707931519
v 0.24776504933834076 -0.13761304318904877 0.9445423483848572
v -0.28513723611831665 -0.14374898374080658 0.9985293745994568
v -0.1519225835800171 -0.1379244178533554 0.9567429423332214
v -0.03652309253811836 -0.14891251921653748 1.0326170921325684
v 0.08793269097805023 -0.14398758113384247 0.9961683750152588
v 0.2369324266910553 -0.16203215718269348 1.1012600660324097
v -0.3628310263156891 -0.15658262372016907 1.0699840784072876
v -0.20841898024082184 -0.143514022231102 1.0012139081954956
v -0.0959739089012146 -0.16033901274204254 1.1333720684051514
v 0.04402567818760872 -0.16128109395503998 1.1342792510986328
v 0.16549384593963623 -0.14494171738624573 1.0116796493530273
v 0.28412187099456787 -0.14236955344676971 0.9875625371932983
v -0.27744409441947937 -0.15286694467067719 1.070737600326538
v -0.12650813162326813 -0.13486286997795105 0.9499540328979492
v -0.010067570023238659 -0.14987117052078247 1.0578968524932861
v 0.1118294820189476 -0.13916251063346863 0.9835997819900513
v 0.2680725157260895 -0.1615803986787796 1.1287182569503784
v -0.3203577995300293 -0.14906112849712372 1.0428029298782349
v -0.17609664797782898 -0.13570480048656464 0.9670193791389465
v -0.06130038574337959 -0.1461482048034668 1.041123628616333
v 0.07184966653585434 -0.15513987839221954 1.1167410612106323
v 0.21210704743862152 -0.15697436034679413 1.1141029596328735
v 0.32826635241508484 -0.14599484205245972 1.0218464136123657
v -0.24706760048866272 -0.1477479785680771 1.0655810832977295
v -0.10309762507677078 -0.13388481736183167 0.9572532773017883
v 0.018605880439281464 -0.15956738591194153 1.1559650897979736
v 0.13823145627975464 -0.13729998469352722 0.9876078963279724
v 0.24944597482681274 -0.13059933483600616 0.9415113925933838
v -0.2860598862171173 -0.1405118852853775 1.0123133659362793
v -0.14859743416309357 -0.13073194026947021 0.9505143165588379
v -0.03386694937944412 -0.14230221509933472 1.0336520671844482
v 0.0896940678358078 -0.13616423308849335 0.9876326322555542
v 0.23894302546977997 -0.15438319742679596 1.0996544361114502
v -0.3536439538002014 -0.14678038656711578 1.0532405376434326
v -0.20341995358467102 -0.13529786467552185 0.9892613291740417
v -0.09295959770679474 -0.1509397327899933 1.1308882236480713
v 0.04684123769402504 -0.15310005843639374 1.1306790113449097
v 0.16747061908245087 -0.1377328634262085 1.0083746910095215
v 0.2897425591945648 -0.1376044750213623 0.9980670213699341
v -0.28300565481185913 -0.14967674016952515 1.1026999950408936
v -0.12365369498729706 -0.12776288390159607 0.9452177286148071
v -0.007257821038365364 -0.1430218368768692 1.0559771060943604
v 0.1138983815908432 -0.13206592202186584 0.9786408543586731
v 0.2718464136123657 -0.15449123084545135 1.1279370784759521
v -0.3135855495929718 -0.14051830768585205 1.031775712966919
v -0.17236724495887756 -0.12842032313346863 0.9596255421638489
v -0.057466551661491394 -0.1372729390859604 1.0400434732437134
v 0.06892529875040054 -0.13641664385795593 1.01772141456604
v 0.2136610895395279 -0.14874573051929474 1.1078561544418335
v 0.33044546842575073 -0.1393193006515503 1.0198055505752563
v -0.23752525448799133 -0.1374458223581314 1.034267783164978
v -0.10004892945289612 -0.12664230167865753 0.951580822467804
v 0.020006852224469185 -0.14476525783538818 1.0876004695892334
v 0.14038145542144775 -0.13049674034118652 0.984797477722168
v 0.2524522840976715 -0.12324479967355728 0.9414169788360596
v -0.28775084018707275 -0.1372724324464798 1.0291908979415894
v -0.14554983377456665 -0.12389253079891205 0.9459003210067749
v -0.031229844316840172 -0.13532014191150665 1.03450608253479
v 0.09148251265287399 -0.1287887841463089 0.9811578392982483
v 0.24224412441253662 -0.14680005609989166 1.0998528003692627
v -0.34301596879959106 -0.1375206857919693 1.0332648754119873
v -0.19891832768917084 -0.12757709622383118 0.9796941876411438
v -0.0860133171081543 -0.136896550655365 1.0777629613876343
v 0.04973919317126274 -0.1434783786535263 1.1280393600463867
v 0.16971515119075775 -0.13086852431297302 1.0064963102340698
v 0.29678675532341003 -0.13256937265396118 1.0090763568878174
v -0.2772001028060913 -0.1416667103767395 1.093400478363037
v -0.1208658441901207 -0.12099803239107132 0.9416138529777527
v -0.004738515708595514 -0.13441045582294464 1.0519180297851562
v 0.11608493328094482 -0.12515564262866974 0.9748261570930481
v 0.27388662099838257 -0.14583247900009155 1.1218647956848145
v -0.308692991733551 -0.13284018635749817 1.0248349905014038
v -0.1690010130405426 -0.12142019718885422 0.9539406895637512
v -0.04848911613225937 -0.1187480241060257 0.9191296100616455
v 0.07065927237272263 -0.12731005251407623 1.0046690702438354
v 0.216989204287529 -0.1419297307729721 1.1084245443344116
v 0.3312567174434662 -0.13170330226421356 1.0153363943099976
v -0.23029521107673645 -0.12831176817417145 1.014144778251648
v -0.09730426222085953 -0.11940836161375046 0.9473987221717834
v 0.02254476584494114 -0.13465644419193268 1.075957179069519
v 0.142615407705307 -0.12382347136735916 0.9828757643699646
v 0.3048464357852936 -0.14301468431949615 1.130042552947998
v -0.2898133099079132 -0.13339103758335114 1.0459309816360474
v -0.14261934161186218 -0.11722490936517715 0.9421733617782593
v -0.027417367324233055 -0.1282617151737213 1.0328967571258545
v 0.09344622492790222 -0.12163041532039642 0.9755021333694458
v 0.24584490060806274 -0.13937437534332275 1.1017504930496216
v -0.3338024318218231 -0.12828949093818665 1.0180151462554932
v -0.19481025636196136 -0.1202155202627182 0.9717808961868286
v -0.0695251002907753 -0.1134609580039978 0.9148475527763367
v 0.051252201199531555 -0.1305432766675949 1.1027805805206299
v 0.1721690148115158 -0.12423203140497208 1.0056833028793335
v 0.3032090365886688 -0.12672264873981476 1.016849398612976
v -0.271548330783844 -0.13285112380981445 1.0833723545074463
v -0.11817069351673126 -0.11434853076934814 0.9386276602745056
v -0.002129188273102045 -0.12670142948627472 1.0476086139678955
v 0.11836834251880646 -0.11837955564260483 0.971898078918457
v 0.2771522104740143 -0.13795121014118195 1.1193729639053345
v -0.30453622341156006 -0.12539684772491455 1.0202531814575195
v -0.16581036150455475 -0.11464013904333115 0.9493712186813354
v -0.045589763671159744 -0.10925538092851639 0.9016394019126892
v 0.07261922955513 -0.11935918778181076 0.9949173331260681
v 0.22042208909988403 -0.1355368047952652 1.1086509227752686
v 0.3311385214328766 -0.12348483502864838 1.0075851678848267
v -0.2253085821866989 -0.12032726407051086 1.0024456977844238
v -0.09474630653858185 -0.1126791462302208 0.9416734576225281
v 0.024998094886541367 -0.12410160899162292 1.0556541681289673
v 0.14496228098869324 -0.11732135713100433 0.9816197156906128
v 0.30294570326805115 -0.13375121355056763 1.1193418502807617
v -0.29088538885116577 -0.12776534259319305 1.058806300163269
v -0.13977405428886414 -0.11069220304489136 0.9391657114028931
v -0.02251037210226059 -0.10729923099279404 0.9017816185951233
v 0.0954911857843399 -0.11463090032339096 0.970534086227417
v 0.24973349273204803 -0.13242517411708832 1.1028988361358643
v -0.32699355483055115 -0.11993624269962311 1.0087149143218994
v -0.19101852178573608 -0.11310598254203796 0.9652553200721741
v -0.06640507280826569 -0.10530861467123032 0.9022142887115479
v 0.046677153557538986 -0.10934719443321228 0.9299997687339783
v 0.17466942965984344 -0.1177515909075737 1.005602478981018
v 0.3081565499305725 -0.12048525363206863 1.0197449922561646
v -0.2659444510936737 -0.12454161792993546 1.073117971420288
v -0.11550159752368927 -0.10779464244842529 0.9361783862113953
v 0.0003168544499203563 -0.10668528825044632 0.9197249412536621
v 0.12074774503707886 -0.11175719648599625 0.9697408676147461
v 0.2810172736644745 -0.13073351979255676 1.1189141273498535
v -0.3005039095878601 -0.11791060864925385 1.0160198211669922
v -0.16274450719356537 -0.1080150157213211 0.9455968141555786
v -0.04287242144346237 -0.10198286920785904 0.8943843245506287
v 0.07077628374099731 -0.10765128582715988 0.9417709112167358
v 0.2228662073612213 -0.12825141847133636 1.1070228815078735
v 0.34551796317100525 -0.12148705124855042 1.0580981969833374
v -0.22058826684951782 -0.112627312541008 0.9930418729782104
v -0.08866357803344727 -0.10307697206735611 0.9134966731071472
v 0.02431667596101761 -0.10454273968935013 0.9255571961402893
v 0.1473655253648758 -0.11090634018182755 0.9809117317199707
v 0.3052237927913666 -0.12588511407375336 1.1136422157287598
v -0.29050514101982117 -0.12108902633190155 1.0671207904815674
v -0.13700759410858154 -0.1042693480849266 0.9366905093193054
v -0.02007352188229561 -0.09993303567171097 0.8947359919548035
v 0.09769348800182343 -0.1077534556388855 0.9663530588150024
v 0.2534652650356293 -0.1253560185432434 1.1048322916030884
v -0.32273030281066895 -0.11233202368021011 1.0035648345947266
v -0.18754880130290985 -0.1061672493815422 0.9600222110748291
v -0.0637199878692627 -0.0987817570567131 0.8963064551353455
v 0.04817858710885048 -0.10120729357004166 0.917657732963562
v 0.17737232148647308 -0.11137838661670685 1.0061877965927124
v 0.31178298592567444 -0.11356990784406662 1.0200504064559937
v -0.260783314704895 -0.1158050000667572 1.0622820854187012
v -0.11276021599769592 -0.10123003274202347 0.9328621625900269
v 0.0029412556905299425 -0.09829694032669067 0.9018169045448303
v 0.1230853870511055 -0.10530190914869308 0.9682608842849731
v 0.27858734130859375 -0.12039963901042938 1.0924991369247437
v -0.2965603768825531 -0.10984775424003601 1.0109699964523315
v -0.15974055230617523 -0.10150045901536942 0.94252610206604
v -0.04049959406256676 -0.09549230337142944 0.889992892742157
v 0.07253235578536987 -0.10009251534938812 0.9293434619903564
v 0.2258404940366745 -0.12079355865716934 1.1075016260147095
v 0.3556887209415436 -0.11738999933004379 1.0785802602767944
v -0.21621255576610565 -0.10523413121700287 0.9853190779685974
v -0.08541647344827652 -0.09611641615629196 0.9052333831787109
v 0.026231372728943825 -0.09653651714324951 0.9114587903022766
v 0.14983782172203064 -0.10457741469144821 0.9807100892066956
v 0.2970699965953827 -0.11322971433401108 1.0577572584152222
v -0.28935977816581726 -0.11420165002346039 1.0746320486068726
v -0.13435663282871246 -0.09792079776525497 0.9346901178359985
v -0.01772451587021351 -0.09339381009340286 0.8904809951782227
v 0.10008087754249573 -0.10105502605438232 0.9629704356193542
v 0.25701647996902466 -0.11830934137105942 1.107157588005066
v -0.319995254278183 -0.10502360761165619 1.0012959241867065
v -0.18425215780735016 -0.09937269240617752 0.9557925462722778
v -0.061145901679992676 -0.09242980182170868 0.8919923305511475
v 0.04995732381939888 -0.09428853541612625 0.9112826585769653
v 0.18022477626800537 -0.10505031794309616 1.0075175762176514
v 0.31519126892089844 -0.10700159519910812 1.0216480493545532
v -0.25443875789642334 -0.10715870559215546 1.0451284646987915
v -0.1097644492983818 -0.0944596379995346 0.9269039630889893
v 0.005167301744222641 -0.09143310785293579 0.8954267501831055
v 0.1254405379295349 -0.09896288067102432 0.9673362970352173
v 0.2850959897041321 -0.11512930691242218 1.104924201965332
v -0.2987528443336487 -0.10356993228197098 1.0238118171691895
v -0.15686340630054474 -0.09509426355361938 0.9401311278343201
v -0.03804247826337814 -0.08946444094181061 0.8865876793861389
v 0.07443961501121521 -0.09311240166425705 0.9228957891464233
v 0.22860096395015717 -0.11328790336847305 1.1064475774765015
v 0.36653947830200195 -0.1124170571565628 1.089971661567688
v -0.2121696025133133 -0.09812548756599426 0.9790725708007812
v -0.08253858983516693 -0.08969493955373764 0.9000859260559082
v 0.02826773189008236 -0.08973129838705063 0.9042675495147705
v 0.1523711383342743 -0.09827712178230286 0.9809796214103699
v 0.3029650151729584 -0.10791541635990143 1.0681787729263306
v -0.29364022612571716 -0.10977711528539658 1.1017115116119385
v -0.1318235695362091 -0.09160605818033218 0.9331817626953125
v -0.015457791276276112 -0.08713304996490479 0.8870165944099426
v 0.10243406146764755 -0.09456316381692886 0.9601437449455261
v 0.2605287432670593 -0.11141981184482574 1.1112757921218872
v -0.3162134289741516 -0.098106749355793 1.0017907619476318
v -0.18109026551246643 -0.09272738546133041 0.9524039626121521
v -0.05861160531640053 -0.08633527904748917 0.888392448425293
v 0.05193537846207619 -0.08774980157613754 0.9070785045623779
v 0.18318060040473938 -0.09870893508195877 1.009312629699707
v 0.31915369629859924 -0.10076230019330978 1.025505781173706
v -0.24696415662765503 -0.09877831488847733 1.025376796722412
v -0.10653702169656754 -0.0878545492887497 0.920339047908783
v 0.007295660208910704 -0.08513998985290527 0.8914395570755005
v 0.1278347223997116 -0.09271442145109177 0.966977059841156
v 0.28922799229621887 -0.10898420959711075 1.1100437641143799
v -0.30957189202308655 -0.10172857344150543 1.0669994354248047
v -0.15411722660064697 -0.0887734666466713 0.9383053183555603
v -0.035652343183755875 -0.08351598680019379 0.8837866187095642
v 0.0765264481306076 -0.08659880608320236 0.9192749857902527
v 0.2312212884426117 -0.10593661665916443 1.1078580617904663
v 0.3763679563999176 -0.10395071655511856 1.090193748474121
v -0.20844963192939758 -0.09122491627931595 0.9741537570953369
v -0.07980509847402573 -0.08342719078063965 0.8961507081985474
v 0.03038053773343563 -0.08346840739250183 0.899517834186554
v 0.15497052669525146 -0.0919300988316536 0.9816442728042603
v 0.30675432085990906 -0.10172849148511887 1.0714702606201172
v -0.29058438539505005 -0.10202090442180634 1.0995932817459106
v -0.12934072315692902 -0.08537667244672775 0.9319366812705994
v -0.013159730471670628 -0.08112135529518127 0.8842626810073853
v 0.10424283891916275 -0.08774955570697784 0.9555532336235046
v 0.2642183303833008 -0.10452482849359512 1.1159300804138184
v -0.31240254640579224 -0.09081421047449112 1.0028258562088013
v -0.17809322476387024 -0.08629875630140305 0.9498079419136047
v -0.05617447942495346 -0.0802852138876915 0.8854249715805054
v 0.05408140644431114 -0.08159123361110687 0.904181718826294
v 0.18630315363407135 -0.09235602617263794 1.0116150379180908
v 0.32415375113487244 -0.09459658712148666 1.0324043035507202
v -0.2413439154624939 -0.09093686193227768 1.014304518699646
v -0.10324512422084808 -0.08141644299030304 0.9141992330551147
v 0.009467916563153267 -0.07911377400159836 0.888515830039978
v 0.13029497861862183 -0.08644142746925354 0.9670626521110535
v 0.2923751175403595 -0.1019708439707756 1.1108722686767578
v -0.31357789039611816 -0.09741660952568054 1.0902342796325684
v -0.15150493383407593 -0.08257287740707397 0.9369211196899414
v -0.03331271931529045 -0.07760012894868851 0.8814387917518616
v 0.0787738487124443 -0.0804513469338417 0.9174460768699646
v 0.23514218628406525 -0.09957344084978104 1.1135971546173096
v -0.3921322226524353 -0.09439420700073242 1.086035966873169
v -0.2049536108970642 -0.08452598005533218 0.9703567624092102
v -0.07717735320329666 -0.07733023166656494 0.8928712606430054
v 0.03263634070754051 -0.07741593569517136 0.8959075212478638
v 0.1576511412858963 -0.08558328449726105 0.9827725887298584
v 0.30918172001838684 -0.09478438645601273 1.070656180381775
v -0.2848935127258301 -0.09407830238342285 1.0936033725738525
v -0.12689855694770813 -0.07921573519706726 0.9307782649993896
v -0.010880136862397194 -0.07522565871477127 0.8819674253463745
v 0.10617347061634064 -0.08114404231309891 0.9520654678344727
v 0.26772451400756836 -0.09779854863882065 1.1182317733764648
v -0.36450693011283875 -0.10205474495887756 1.180793046951294
v -0.17526277899742126 -0.0800045058131218 0.9479030966758728
v -0.053810298442840576 -0.07435684651136398 0.883018970489502
v 0.05627496540546417 -0.07563398778438568 0.9021203517913818
v 0.1895405352115631 -0.08594287186861038 1.0146191120147705
v 0.3298008143901825 -0.08837186545133591 1.0407087802886963
v -0.23696401715278625 -0.08364975452423096 1.007325530052185
v -0.10014276206493378 -0.07509875297546387 0.909095287322998
v 0.011664074845612049 -0.0732426643371582 0.8861874341964722
v 0.13281306624412537 -0.08018361777067184 0.967540979385376
v 0.2948008179664612 -0.09492094069719315 1.108988642692566
v -0.31301817297935486 -0.09102464467287064 1.0984445810317993
v -0.14896824955940247 -0.07644563168287277 0.9359568357467651
v -0.031010113656520844 -0.0717957392334938 0.8795571327209473
v 0.08115334808826447 -0.07442796230316162 0.9166411757469177
v 0.23816083371639252 -0.09203202277421951 1.1141877174377441
v -0.36066168546676636 -0.08489349484443665 1.052686333656311
v -0.20169731974601746 -0.07801169902086258 0.9675321578979492
v -0.07463057339191437 -0.07137762755155563 0.8900526165962219
v 0.034841444343328476 -0.07149112969636917 0.8933161497116089
v 0.1604023277759552 -0.07928211241960526 0.9843258857727051
v 0.31132304668426514 -0.08794494718313217 1.0680044889450073
v -0.2810590863227844 -0.08616097271442413 1.0907355546951294
v -0.1244720071554184 -0.073063924908638 0.9296651482582092
v -0.008588663302361965 -0.06939538568258286 0.8801870346069336
v 0.10845823585987091 -0.07493393868207932 0.9515639543533325
v 0.2705758213996887 -0.09086097776889801 1.1189076900482178
v -0.3575984537601471 -0.09312834590673447 1.1679105758666992
v -0.17257490754127502 -0.07382377982139587 0.946596086025238
v -0.05147559940814972 -0.06853829324245453 0.8810230493545532
v 0.05857650190591812 -0.06974419206380844 0.9007951617240906
v 0.19289132952690125 -0.07947677373886108 1.0185989141464233
v 0.3619387447834015 -0.09214331209659576 1.141870379447937
v -0.2332143634557724 -0.07671886682510376 1.0024627447128296
v -0.0972326323390007 -0.06895854324102402 0.9049892425537109
v 0.01391624566167593 -0.06740747392177582 0.8844661712646484
v 0.13538050651550293 -0.07395868003368378 0.9684305787086487
v 0.29656463861465454 -0.08752007782459259 1.105832815170288
v -0.3119020462036133 -0.08435426652431488 1.1024354696273804
v -0.1464664340019226 -0.0703771561384201 0.9352998733520508
v -0.028736338019371033 -0.06604643911123276 0.878086507320404
v 0.0834684744477272 -0.06857448816299438 0.9165927171707153
v 0.24156981706619263 -0.08492602407932281 1.1163899898529053
v -0.36152318120002747 -0.07953410595655441 1.0679636001586914
v -0.1987001597881317 -0.07167062908411026 0.9654940366744995
v -0.07216383516788483 -0.06551699340343475 0.8877370357513428
v 0.037069398909807205 -0.06561127305030823 0.8915354013442993
v 0.16323979198932648 -0.07301457226276398 0.9864205718040466
v 0.31443050503730774 -0.08102480322122574 1.0669974088668823
v -0.27662691473960876 -0.07864590734243393 1.0843110084533691
v -0.12195204198360443 -0.06697190552949905 0.928322434425354
v -0.006271543446928263 -0.06363777816295624 0.8789065480232239
v 0.11099696904420853 -0.06898993998765945 0.9529569149017334
v 0.27375638484954834 -0.08359715342521667 1.1182103157043457
v -0.3419414758682251 -0.08163116872310638 1.1144468784332275
v -0.16999545693397522 -0.06771991401910782 0.9457759857177734
v -0.04916548728942871 -0.06278003007173538 0.8794713020324707
v 0.06092163547873497 -0.06392420083284378 0.9001895785331726
v 0.1966213881969452 -0.07325044274330139 1.02403724193573
v 0.3681189715862274 -0.08518657833337784 1.1464312076568604
v -0.22982564568519592 -0.07005546987056732 0.9986025094985962
v -0.09452703595161438 -0.06300242990255356 0.9017840027809143
v 0.01621238701045513 -0.061598435044288635 0.8833293318748474
v 0.1379900425672531 -0.06777869164943695 0.9697734713554382
v 0.29771342873573303 -0.07971397042274475 1.1003810167312622
v -0.3096363842487335 -0.07755078375339508 1.1037852764129639
v -0.14400841295719147 -0.06434201449155807 0.9349291920661926
v -0.02647780068218708 -0.06032464653253555 0.8770021796226501
v 0.08579786866903305 -0.06284642964601517 0.9172313213348389
v 0.24531768262386322 -0.07813431322574615 1.1217416524887085
v -0.36184000968933105 -0.07478252053260803 1.0795096158981323
v -0.19589008390903473 -0.06541749089956284 0.9640854597091675
v -0.06977534294128418 -0.05977151170372963 0.8859169483184814
v 0.03935234993696213 -0.05977405980229378 0.8904236555099487
v 0.16619183123111725 -0.06679742783308029 0.9890974760055542
v 0.3177069425582886 -0.07415319979190826 1.0689550638198853
v -0.2730536162853241 -0.07100705802440643 1.0786182880401611
v -0.11930660903453827 -0.06093229353427887 0.9262166619300842
v -0.003958751913160086 -0.057935912162065506 0.8780577182769775
v 0.11373920738697052 -0.0631168782711029 0.9555686116218567
v 0.27704188227653503 -0.07652920484542847 1.1183003187179565
v -0.3381507396697998 -0.07508938014507294 1.1151361465454102
v -0.16748419404029846 -0.06168215349316597 0.9453652501106262
v -0.04688471928238869 -0.05705799534916878 0.8782986402511597
v 0.06327556818723679 -0.05813467502593994 0.900111734867096
v 0.20086656510829926 -0.06717149913311005 1.0319539308547974
v 0.36953580379486084 -0.07710401713848114 1.1410174369812012
v -0.22658221423625946 -0.06353031098842621 0.9956178069114685
v -0.09198567271232605 -0.057226430624723434 0.8994019031524658
v 0.01853085309267044 -0.055832453072071075 0.8826843500137329
v 0.1406613141298294 -0.061659738421440125 0.9715627431869507
v 0.2972022593021393 -0.071644626557827 1.0894371271133423
v -0.31769394874572754 -0.07277321815490723 1.1469272375106812
v -0.14162775874137878 -0.05835268273949623 0.934877872467041
v -0.024226471781730652 -0.054616350680589676 0.8762461543083191
v 0.08815731853246689 -0.05714787170290947 0.9185872077941895
v 0.2474556565284729 -0.07077223807573318 1.124262809753418
v -0.381844699382782 -0.07390784472227097 1.1647281646728516
v -0.19323010742664337 -0.05920124053955078 0.9631524085998535
v -0.06744471192359924 -0.05410981923341751 0.8845238089561462
v 0.041705623269081116 -0.05396908521652222 0.8899603486061096
v 0.16928730905056 -0.06065133586525917 0.9924959540367126
v 0.3388257622718811 -0.07047116756439209 1.1322729587554932
v -0.2691534757614136 -0.06393800675868988 1.0722928047180176
v -0.11646831780672073 -0.0549488440155983 0.9232601523399353
v -0.0016552632441744208 -0.05225599929690361 0.877600371837616
v 0.1165897473692894 -0.05726604536175728 0.9587733745574951
v 0.28055697679519653 -0.0692799910902977 1.119194746017456
v -0.3332725167274475 -0.06801025569438934 1.1097787618637085
v -0.1650203913450241 -0.05565810203552246 0.9453436732292175
v -0.044624295085668564 -0.051351457834243774 0.8774846792221069
v 0.0656295195221901 -0.05242754518985748 0.9005429744720459
v 0.20507463812828064 -0.06093580275774002 1.0404984951019287
v 0.37144339084625244 -0.06895940750837326 1.1347575187683105
v -0.22345051169395447 -0.057071980088949203 0.9934025406837463
v -0.08949562162160873 -0.05151577293872833 0.8976335525512695
v 0.02085435576736927 -0.0501006618142128 0.8824555277824402
v 0.14343591034412384 -0.05561153218150139 0.9738819599151611
v 0.29481041431427 -0.06367035955190659 1.071787714958191
v -0.3162586987018585 -0.06678733974695206 1.1497697830200195
v -0.13926011323928833 -0.0524086132645607 0.9351683855056763
v -0.02196386083960533 -0.0489170104265213 0.8757768273353577
v 0.09058671444654465 -0.051404524594545364 0.9207310080528259
v 0.2518852651119232 -0.0636749342083931 1.1312321424484253
v -0.3742154538631439 -0.06569847464561462 1.1552960872650146
v -0.19065190851688385 -0.05294663831591606 0.9626467227935791
v -0.06514335423707962 -0.04848148301243782 0.8835084438323975
v 0.04406534135341644 -0.04828373342752457 0.8900299668312073
v 0.17255380749702454 -0.05456393212080002 0.9967165589332581
v 0.34288010001182556 -0.06308047473430634 1.1357414722442627
v -0.2643182873725891 -0.05623365193605423 1.0638563632965088
v -0.1135939434170723 -0.049028411507606506 0.9203759431838989
v 0.0006590160191990435 -0.04656815901398659 0.8775035738945007
v 0.11946762353181839 -0.05122223496437073 0.9620476365089417
v 0.2842058837413788 -0.061999738216400146 1.1206961870193481
v -0.3279336392879486 -0.060230933129787445 1.0993006229400635
v -0.16262958943843842 -0.04958484321832657 0.9456398487091064
v -0.042359113693237305 -0.04568694904446602 0.8769687414169312
v 0.06802213937044144 -0.046682506799697876 0.9015124440193176
v 0.2125428020954132 -0.05547069013118744 1.0615389347076416
v 0.37521761655807495 -0.06109718605875969 1.131150245666504
v -0.22042717039585114 -0.05061103403568268 0.9917654395103455
v -0.08703222870826721 -0.04581063985824585 0.8963297605514526
v 0.023196445778012276 -0.04442360997200012 0.8825231790542603
v 0.14636868238449097 -0.04961149021983147 0.9768674373626709
v 0.29067596793174744 -0.05582340806722641 1.048431396484375
v -0.31059521436691284 -0.0585688091814518 1.1403323411941528
v -0.13691666722297668 -0.04646088182926178 0.9357243180274963
v -0.019702816382050514 -0.04323602467775345 0.8755826354026794
v 0.09316626936197281 -0.045670635998249054 0.923814594745636
v 0.25739842653274536 -0.05636916682124138 1.137532353401184
v -0.3306524157524109 -0.05511358752846718 1.019722580909729
v -0.1881655603647232 -0.04665106162428856 0.962481677532196
v -0.06286565959453583 -0.04286333546042442 0.8828275203704834
v 0.04646676033735275 -0.042635727673769 0.8905431032180786
v 0.1760450005531311 -0.04843195527791977 1.001800775527954
v 0.3456248641014099 -0.055046871304512024 1.1362338066101074
v -0.259592741727829 -0.04907763749361038 1.053547978401184
v -0.11082346737384796 -0.043144892901182175 0.9181677103042603
v 0.002949187997728586 -0.040907155722379684 0.8776860237121582
v 0.12226689606904984 -0.04518920183181763 0.9650647640228271
v 0.2877286374568939 -0.05474785342812538 1.12267005443573
v -0.3202548623085022 -0.0519678108394146 1.082051157951355
v -0.16029272973537445 -0.04347825422883034 0.9462615251541138
v -0.040099550038576126 -0.04005642235279083 0.8767301440238953
v 0.07044444233179092 -0.04098811373114586 0.9030969142913818
v 0.2176406979560852 -0.04902811720967293 1.073702335357666
v 0.3781532943248749 -0.05312172695994377 1.1237510442733765
v -0.21747705340385437 -0.04412432014942169 0.9904967546463013
v -0.08463232964277267 -0.040065698325634 0.8954817652702332
v 0.025509659200906754 -0.03881208971142769 0.8829063177108765
v 0.14942292869091034 -0.04359380900859833 0.980544924736023
v 0.2870568335056305 -0.047788992524147034 1.0266669988632202
v -0.3038651645183563 -0.04998776316642761 1.126020908355713
v -0.13460920751094818 -0.04047841578722 0.9364622831344604
v -0.01746886409819126 -0.03757765516638756 0.8756304979324341
v 0.0959223136305809 -0.03988856449723244 0.9278097748756409
v 0.26164108514785767 -0.049431752413511276 1.1416784524917603
v -0.32128873467445374 -0.04700303450226784 1.0074660778045654
v -0.18574096262454987 -0.040366869419813156 0.962628960609436
v -0.06060658022761345 -0.0372387059032917 0.8824948072433472
v 0.048889510333538055 -0.03697500750422478 0.8914502859115601
v 0.1798142045736313 -0.042214248329401016 1.0077558755874634
v 0.3483147621154785 -0.04708094894886017 1.1344635486602783
v -0.2551291286945343 -0.04221039637923241 1.0458669662475586
v -0.10820011049509048 -0.03724516183137894 0.9166510105133057
v 0.005215631797909737 -0.03525323048233986 0.8780845999717712
v 0.12516248226165771 -0.03910534083843231 0.9683399796485901
v 0.2900116741657257 -0.047134533524513245 1.1215535402297974
v -0.31222936511039734 -0.04373433068394661 1.0651909112930298
v -0.15802697837352753 -0.037332698702812195 0.947198748588562
v -0.03783564642071724 -0.03444179892539978 0.8767420053482056
v 0.0729101374745369 -0.03530765697360039 0.9054160118103027
v 0.22215016186237335 -0.042601894587278366 1.0836620330810547
v 0.3801601231098175 -0.04482073336839676 1.1156896352767944
v -0.21459566056728363 -0.03768686205148697 0.9895713329315186
v -0.08225515484809875 -0.03427419811487198 0.8950393795967102
v 0.027817899361252785 -0.0331866480410099 0.8836184144020081
v 0.15257763862609863 -0.03746569901704788 0.98481285572052
v 0.2847064733505249 -0.04007529467344284 1.0085604190826416
v -0.2982616126537323 -0.04130925238132477 1.117041826248169
v -0.13233745098114014 -0.03441176936030388 0.9372695088386536
v -0.015231744386255741 -0.03191310167312622 0.8758888840675354
v 0.09878064692020416 -0.03410537540912628 0.9329877495765686
v 0.2668086588382721 -0.04235275462269783 1.1481022834777832
v -0.3150646984577179 -0.03907131776213646 1.000783920288086
v -0.18333186209201813 -0.03412792459130287 0.9630515575408936
v -0.05837741121649742 -0.03156578913331032 0.8824355602264404
v 0.05130468308925629 -0.0312887541949749 0.892806887626648
v 0.18381766974925995 -0.03597583621740341 1.0143864154815674
v 0.35085001587867737 -0.0395934171974659 1.1315726041793823
v -0.25099804997444153 -0.03536868467926979 1.041343331336975
v -0.10567700862884521 -0.03130781650543213 0.9155979752540588
v 0.0074385832995176315 -0.029645631089806557 0.8787100315093994
v 0.12819038331508636 -0.03294583410024643 0.9719545841217041
v 0.30167946219444275 -0.0410904660820961 1.1650174856185913
v -0.30872708559036255 -0.03590157628059387 1.0641837120056152
v -0.15576915442943573 -0.031187910586595535 0.9483633041381836
v -0.03554505482316017 -0.028797168284654617 0.8769580125808716
v 0.07539103925228119 -0.029653474688529968 0.9084950089454651
v 0.22718480229377747 -0.0362507663667202 1.0932503938674927
v 0.38222333788871765 -0.03528482839465141 1.103134036064148
v -0.21174278855323792 -0.03129645437002182 0.988830029964447
v -0.07990100234746933 -0.028471501544117928 0.894935131072998
v 0.030153434723615646 -0.02752573788166046 0.8846932053565979
v 0.15586179494857788 -0.031248977407813072 0.9895453453063965
v 0.31841903924942017 -0.035130348056554794 1.1360987424850464
v -0.2940122187137604 -0.033897966146469116 1.1143431663513184
v -0.1301351934671402 -0.028275763615965843 0.9381170868873596
v -0.01299527008086443 -0.026304706931114197 0.8763759732246399
v 0.10193207114934921 -0.02820364385843277 0.9396187663078308
v 0.2657041847705841 -0.03520992770791054 1.124006748199463
v -0.31056904792785645 -0.0313979908823967 0.9959575533866882
v -0.1809311956167221 -0.027888230979442596 0.9637200832366943
v -0.05617617815732956 -0.02586100436747074 0.8826349377632141
v 0.053701166063547134 -0.02563631720840931 0.8946510553359985
v 0.18799273669719696 -0.029659630730748177 1.021733283996582
v 0.3466986417770386 -0.03210003301501274 1.100074052810669
v -0.24749499559402466 -0.02854442223906517 1.0388154983520508
v -0.10319343954324722 -0.025349486619234085 0.914901077747345
v 0.00965668261051178 -0.02405029535293579 0.8795966506004333
v 0.1312616467475891 -0.02677595429122448 0.9759119153022766
v 0.30303511023521423 -0.03360741585493088 1.1637420654296875
v -0.3102094531059265 -0.029063072055578232 1.0801223516464233
v -0.15351442992687225 -0.02497035823762417 0.9496949911117554
v -0.03326164558529854 -0.02316296100616455 0.8773983716964722
v 0.07797810435295105 -0.023916836827993393 0.9123856425285339
v 0.23269346356391907 -0.02965722233057022 1.1037737131118774
v -0.3400498032569885 -0.02431884966790676 0.9885814785957336
v -0.2089156061410904 -0.024844439700245857 0.9883214235305786
v -0.07757009565830231 -0.02266584150493145 0.8951327800750732
v 0.03251667320728302 -0.021841617301106453 0.8861479759216309
v 0.1593146026134491 -0.024924689903855324 0.994684636592865
v 0.3217259347438812 -0.02783152274787426 1.1342524290084839
v -0.29158687591552734 -0.026542922481894493 1.1157169342041016
v -0.1279618740081787 -0.022065544500947 0.9389159679412842
v -0.010768200270831585 -0.020719701424241066 0.8771095871925354
v 0.10534478724002838 -0.022239133715629578 0.9478408694267273
v 0.26956528425216675 -0.0286543108522892 1.121603012084961
v -0.3063657581806183 -0.023846199735999107 0.9928240180015564
v -0.1785343587398529 -0.021594036370515823 0.9646371603012085
v -0.053971972316503525 -0.020134201273322105 0.8830781579017639
v 0.05609579011797905 -0.019994786009192467 0.8970574140548706
v 0.19233451783657074 -0.023308366537094116 1.0299713611602783
v 0.3471777141094208 -0.02496369183063507 1.0905824899673462
v -0.24424412846565247 -0.021911265328526497 1.037252426147461
v -0.10073237121105194 -0.01932736299932003 0.9146279692649841
v 0.01184020470827818 -0.01838543824851513 0.8807544112205505
v 0.1343809813261032 -0.020538557320833206 0.9801012277603149
v 0.3035658001899719 -0.025168001651763916 1.15756094455719
v -0.3111012876033783 -0.022347737103700638 1.0943492650985718
v -0.15125295519828796 -0.01873541809618473 0.9511592984199524
v -0.03098752349615097 -0.017511794343590736 0.8780761957168579
v 0.0807199776172638 -0.018112849444150925 0.9169970750808716
v 0.23975354433059692 -0.022528551518917084 1.1194159984588623
v -0.33311906456947327 -0.018591206520795822 0.9878193736076355
v -0.20611532032489777 -0.0183587446808815 0.987971842288971
v -0.07527311891317368 -0.01684921607375145 0.8955519199371338
v 0.03487879037857056 -0.016162583604454994 0.8879854679107666
v 0.16287539899349213 -0.018540022894740105 1.0001839399337769
v 0.32406094670295715 -0.020808467641472816 1.1303914785385132
v -0.28949442505836487 -0.01947498507797718 1.1183935403823853
v -0.12576232850551605 -0.01587851159274578 0.9396912455558777
v -0.00852698553353548 -0.015108687803149223 0.8780823349952698
v 0.10899219661951065 -0.016222622245550156 0.9573022723197937
v 0.2714100778102875 -0.021713947877287865 1.114396572113037
v -0.3018857538700104 -0.015794040635228157 0.9906437397003174
v -0.1761510819196701 -0.015287656337022781 0.9657185077667236
v -0.051751527935266495 -0.014388767071068287 0.883752167224884
v 0.05855007842183113 -0.014309915713965893 0.9000422954559326
v 0.1972171813249588 -0.016877006739377975 1.0404735803604126
v 0.34580206871032715 -0.017966967076063156 1.076972246170044
v -0.24109621345996857 -0.015239430591464043 1.036033034324646
v -0.09834349155426025 -0.013294349424540997 0.9147228002548218
v 0.014066492207348347 -0.012667140923440456 0.8822435140609741
v 0.137551411986351 -0.014243951998651028 0.9844840168952942
v 0.2571921944618225 -0.01622650772333145 0.9628518223762512
v -0.31158190965652466 -0.01493755355477333 1.1045910120010376
v -0.1490166336297989 -0.012526891194283962 0.9527243971824646
v -0.028728580102324486 -0.011845390312373638 0.8789771795272827
v 0.08364157378673553 -0.012228347361087799 0.922426700592041
v 0.24713625013828278 -0.015163491480052471 1.139390468597412
v -0.3288416564464569 -0.012018791399896145 0.9858968257904053
v -0.2034079134464264 -0.011863385327160358 0.9879572987556458
v -0.07306221127510071 -0.011062916368246078 0.8961701393127441
v 0.037217676639556885 -0.010518091730773449 0.8902319669723511
v 0.16652464866638184 -0.012101168744266033 1.0060081481933594
v 0.32464033365249634 -0.01354044210165739 1.1227606534957886
v -0.2871329188346863 -0.012095370329916477 1.1208522319793701
v -0.12348555028438568 -0.00976787880063057 0.9402596950531006
v -0.006293690763413906 -0.009459597989916801 0.8793696761131287
v 0.1127539798617363 -0.010015790350735188 0.967314600944519
v 0.27008217573165894 -0.014191500842571259 1.0984718799591064
v -0.35736939311027527 -0.01733372174203396 1.2285237312316895
v -0.17382480204105377 -0.00900944508612156 0.9669311046600342
v -0.04954613745212555 -0.008670722134411335 0.8846102952957153
v 0.06112099066376686 -0.008587678894400597 0.9036113023757935
v 0.2027655392885208 -0.010380303487181664 1.0544708967208862
v 0.3416954278945923 -0.011292771436274052 1.0567655563354492
v -0.23797322809696198 -0.008538058958947659 1.0348118543624878
v -0.09602239727973938 -0.007374506443738937 0.915105938911438
v 0.016356434673070908 -0.006983036175370216 0.8841056823730469
v 0.1407395303249359 -0.007921665906906128 0.9890842437744141
v 0.2557414770126343 -0.008788038045167923 0.9468545317649841
v -0.3126242458820343 -0.007206007372587919 1.1149089336395264
v -0.14683958888053894 -0.006399340461939573 0.9543251991271973
v -0.026505423709750175 -0.0062107304111123085 0.8801498413085938
v 0.08669235557317734 -0.006339899729937315 0.9287270903587341
v 0.25060442090034485 -0.007555288728326559 1.1438796520233154
v -0.326143354177475 -0.005050329957157373 0.984737753868103
v -0.20080573856830597 -0.005462606903165579 0.988167405128479
v -0.07090748846530914 -0.005326409824192524 0.8969002962112427
v 0.03955497592687607 -0.004944854415953159 0.892906665802002
v 0.17025430500507355 -0.005570009350776672 1.0121961832046509
v 0.32273581624031067 -0.006207140628248453 1.1077706813812256
v -0.285222589969635 -0.0043671890161931515 1.1237192153930664
v -0.12109249830245972 -0.0037794155068695545 0.9406464695930481
v -0.004041858948767185 -0.0038412048015743494 0.8809710144996643
v 0.1161927804350853 -0.0038665970787405968 0.9748866558074951
v 0.2632661759853363 -0.006886301562190056 1.0653836727142334
v -0.37570124864578247 -0.007240584120154381 1.2413878440856934
v -0.1715422421693802 -0.0027964464388787746 0.9682396650314331
v -0.047350186854600906 -0.0029991366900503635 0.8856523633003235
v 0.06379401683807373 -0.002904703840613365 0.9077533483505249
v 0.20993754267692566 -0.0033994195982813835 1.0753562450408936
v 0.33669108152389526 -0.004688774235546589 1.032987356185913
v -0.23500879108905792 -0.0018827380845323205 1.0341181755065918
v -0.09370282292366028 -0.0015906355110928416 0.9156337380409241
v 0.018656760454177856 -0.00142582633998245 0.8863129019737244
v 0.14401152729988098 -0.0016211592592298985 0.9938662052154541
v 0.2575087249279022 -0.0010361215099692345 0.9441966414451599
v -0.3134019374847412 0.0003064902557525784 1.1251264810562134
v -0.14470349252223969 -0.00031231841421686113 0.9559422135353088
v -0.024308254942297935 -0.0006602191715501249 0.8815782070159912
v 0.08984138816595078 -0.0005401294329203665 0.9357393980026245
v 0.2476021945476532 -0.000518865417689085 1.1055200099945068
v -0.32313570380210876 0.0033118468709290028 0.9853305220603943
v -0.19829121232032776 0.0008337031467817724 0.9886206984519958
v -0.06874461472034454 0.0003365099255461246 0.8977294564247131
v 0.04197393357753754 0.0005649610538966954 0.8959749937057495
v 0.17411203682422638 0.0009763822890818119 1.0187571048736572
v 0.29713958501815796 -0.00034494593273848295 0.9982084035873413
v -0.28291070461273193 0.0031186172273010015 1.126405119895935
v -0.11862854659557343 0.002157424809411168 0.9408704042434692
v -0.0017644907347857952 0.0017035298515111208 0.8828652501106262
v 0.11938982456922531 0.002231298014521599 0.9806396961212158
v 0.25627073645591736 0.0009968188824132085 1.0317610502243042
v -0.37264588475227356 0.002302608685567975 1.2410165071487427
v -0.16927948594093323 0.003343254793435335 0.9696038365364075
v -0.045138128101825714 0.00265731499530375 0.8868339657783508
v 0.06653346866369247 0.002791226841509342 0.9123785495758057
v 0.21788489818572998 0.00439814617857337 1.1023908853530884
v 0.3335791826248169 0.0023298102896660566 1.0159974098205566
v -0.23217877745628357 0.004737481940537691 1.0335988998413086
v -0.0914086177945137 0.00413690647110343 0.9162290692329407
v 0.020980797708034515 0.00408231932669878 0.8888280987739563
v 0.14733700454235077 0.004708377178758383 0.9988585710525513
v 0.25982901453971863 0.006142405793070793 0.9451821446418762
v -0.31399860978126526 0.00784086063504219 1.1356184482574463
v -0.14259189367294312 0.005778610240668058 0.9575318098068237
v -0.022141972556710243 0.004938555881381035 0.8832257390022278
v 0.09303221851587296 0.005368082318454981 0.9434178471565247
v 0.24935282766819 0.006801700685173273 1.0989718437194824
v -0.4042912423610687 0.006571346428245306 1.2416857481002808
v -0.19583210349082947 0.007130710408091545 0.9891780018806458
v -0.06654021143913269 0.006053973454982042 0.8985836505889893
v 0.04447003826498985 0.006221191957592964 0.8994069695472717
v 0.17807930707931519 0.0076005165465176105 1.0257700681686401
v 0.29922112822532654 0.006644516251981258 0.9980090260505676
v -0.2806358337402344 0.01060362160205841 1.1283321380615234
v -0.11618529260158539 0.008135857060551643 0.941047191619873
v 0.0005311159184202552 0.0073351250030100346 0.8850488662719727
v 0.1225316971540451 0.008411217480897903 0.9857662916183472
v 0.2517218589782715 0.008700195699930191 1.0050026178359985
v -0.3704032003879547 0.011043928563594818 1.2384363412857056
v -0.16704043745994568 0.009512187913060188 0.9710046648979187
v -0.04296288639307022 0.008428436703979969 0.8881760239601135
v 0.06927601248025894 0.00865547638386488 0.9174997806549072
v 0.22514590620994568 0.01154755987226963 1.1232013702392578
v 0.3324967622756958 0.009393925778567791 1.0036892890930176
v -0.2293698638677597 0.01144646480679512 1.032957673072815
v -0.08912769705057144 0.009938249364495277 0.9168397188186646
v 0.023303089663386345 0.009729019366204739 0.891663134098053
v 0.15070174634456635 0.011163802817463875 1.0040875673294067
v 0.26327502727508545 0.012478294782340527 0.9494299292564392
v -0.31384536623954773 0.015235263854265213 1.1451979875564575
v -0.14043813943862915 0.011945622973144054 0.9591211080551147
v -0.019989779219031334 0.010670817457139492 0.8851251602172852
v 0.0963306650519371 0.011556140147149563 0.9518260359764099
v 0.25033214688301086 0.014042139984667301 1.0910815000534058
v -0.3968285322189331 0.014701907522976398 1.2324317693710327
v -0.19339635968208313 0.013494964689016342 0.9898431301116943
v -0.064327172935009 0.011875439435243607 0.8995153307914734
v 0.0470142588019371 0.012105435132980347 0.9031641483306885
v 0.18223609030246735 0.014313544146716595 1.0332496166229248
v 0.3006724715232849 0.013627021573483944 0.9949905276298523
v -0.2775300145149231 0.018072674050927162 1.127888798713684
v -0.11373785138130188 0.014177187345921993 0.9411149024963379
v 0.002816396299749613 0.013070553541183472 0.8875174522399902
v 0.12567032873630524 0.014755460433661938 0.9905992746353149
v 0.2557401657104492 0.011554891243577003 1.0200988054275513
v -0.36783698201179504 0.019270334392786026 1.2373980283737183
v -0.16484729945659637 0.015776459127664566 0.9724677205085754
v -0.040775272995233536 0.014267288148403168 0.8896737098693848
v 0.07205722481012344 0.014694626443088055 0.9231029748916626
v 0.23031815886497498 0.01914614625275135 1.1339380741119385
v 0.33296361565589905 0.01627255789935589 0.994873046875
v -0.22656793892383575 0.01817113719880581 1.0322338342666626
v -0.08689144253730774 0.01584841124713421 0.9174812436103821
v 0.025682542473077774 0.015539318323135376 0.8947786688804626
v 0.15414030849933624 0.017752312123775482 1.0094901323318481
v 0.2679458260536194 0.018722809851169586 0.95948326587677
v -0.31233176589012146 0.02276795171201229 1.1521435976028442
v -0.1382213979959488 0.018183769658207893 0.960672914981842
v -0.017811136320233345 0.016490232199430466 0.8872455358505249
v 0.09971550852060318 0.017932618036866188 0.9610596895217896
v 0.2507247030735016 0.021537356078624725 1.0847465991973877
v -0.3912462592124939 0.023049496114253998 1.2290858030319214
v -0.1909692883491516 0.01993652433156967 0.9905135035514832
v -0.06208835542201996 0.017769142985343933 0.9004998207092285
v 0.049559012055397034 0.018115144222974777 0.9072178602218628
v 0.18663404881954193 0.021138882264494896 1.0418750047683716
v 0.3026178181171417 0.020579300820827484 0.9915480017662048
v -0.27334296703338623 0.025195332244038582 1.12419593334198
v -0.11126640439033508 0.02023676037788391 0.9411652088165283
v 0.005125485360622406 0.018790455535054207 0.8901875615119934
v 0.12881812453269958 0.0212465338408947 0.9953053593635559
v 0.26605039834976196 0.023038046434521675 1.0432753562927246
v -0.35446596145629883 0.027010135352611542 1.1937062740325928
v -0.16266116499900818 0.022102655842900276 0.9739845991134644
v -0.03858273848891258 0.020030412822961807 0.8913039565086365
v 0.07488731294870377 0.020867545157670975 0.9291998147964478
v 0.2329605668783188 0.026832016184926033 1.1349396705627441
v 0.3351918160915375 0.02341512031853199 0.9868060946464539
v -0.22368501126766205 0.024859290570020676 1.0311514139175415
v -0.08465388417243958 0.02179412543773651 0.9181436896324158
v 0.02811279334127903 0.02134600654244423 0.8980937004089355
v 0.15765845775604248 0.024420971050858498 1.0151187181472778
v 0.27384015917778015 0.02553356997668743 0.9726737141609192
v -0.3099387288093567 0.030054200440645218 1.156066656112671
v -0.13597549498081207 0.024443430826067924 0.9621930122375488
v -0.015599128790199757 0.022194035351276398 0.8895294070243835
v 0.10324977338314056 0.02448524720966816 0.9710791110992432
v 0.25222456455230713 0.028954295441508293 1.0815069675445557
v -0.3882257640361786 0.03164072707295418 1.2271945476531982
v -0.1885097473859787 0.02632237784564495 0.9912005662918091
v -0.0598713755607605 0.023598812520503998 0.901592493057251
v 0.05214137211441994 0.02407466061413288 0.9115466475486755
v 0.19148176908493042 0.028133075684309006 1.0528254508972168
v 0.3052423596382141 0.027790993452072144 0.9893184900283813
v -0.2695158123970032 0.032290853559970856 1.1200617551803589
v -0.10875473916530609 0.026233810931444168 0.9412499070167542
v 0.007439285051077604 0.02445315010845661 0.8930368423461914
v 0.13197650015354156 0.02785527892410755 1.0000990629196167
v 0.2592397630214691 0.0312952846288681 1.0003907680511475
v -0.3503967225551605 0.034383781254291534 1.1939133405685425
v -0.16044965386390686 0.028393268585205078 0.9755580425262451
v -0.03638095781207085 0.0256880484521389 0.8930624723434448
v 0.07780985534191132 0.027085037901997566 0.935728907585144
v 0.23424124717712402 0.03392185643315315 1.1187561750411987
v 0.3908984661102295 0.026558956131339073 1.1328155994415283
v -0.22067466378211975 0.03141041472554207 1.0300137996673584
v -0.08241478353738785 0.02766573801636696 0.9188754558563232
v 0.030553847551345825 0.027088914066553116 0.9015666246414185
v 0.16128280758857727 0.031173858791589737 1.0210434198379517
v 0.280026912689209 0.033274102956056595 0.9839134812355042
v -0.306913286447525 0.037285950034856796 1.1583364009857178
v -0.13370396196842194 0.03065049834549427 0.9636838436126709
v -0.013371600769460201 0.027872536331415176 0.8919541835784912
v 0.106883205473423 0.031140482053160667 0.9812178015708923
v 0.2546926438808441 0.03645893931388855 1.0797570943832397
v -0.38497087359428406 0.039761919528245926 1.2258332967758179
v -0.1860562115907669 0.03265151381492615 0.9919916391372681
v -0.057657014578580856 0.0293958131223917 0.9027889370918274
v 0.05478651821613312 0.029971737414598465 0.9161681532859802
v 0.19764980673789978 0.0353192575275898 1.0691219568252563
v 0.3093051314353943 0.03558700531721115 0.9904693365097046
v -0.26553845405578613 0.03897028788924217 1.1165485382080078
v -0.10630805045366287 0.032182320952415466 0.9414693117141724
v 0.009782318957149982 0.030210142955183983 0.8960322737693787
v 0.1352035403251648 0.03453769162297249 1.0049649477005005
v 0.26550742983818054 0.039310626685619354 1.015712022781372
v -0.34450727701187134 0.04116608202457428 1.1883985996246338
v -0.1581544578075409 0.034671761095523834 0.9772023558616638
v -0.03417624533176422 0.03139955922961235 0.8949557542800903
v 0.08077456802129745 0.03325992450118065 0.9425345659255981
v 0.23770254850387573 0.04148226976394653 1.1177986860275269
v -0.39259397983551025 0.04802662134170532 1.1008501052856445
v -0.21753275394439697 0.037878911942243576 1.0286771059036255
v -0.0801512748003006 0.033606287091970444 0.9196533560752869
v 0.03303128108382225 0.03291536122560501 0.9051824808120728
v 0.16502197086811066 0.038010839372873306 1.027305245399475
v 0.2854045033454895 0.041146084666252136 0.9911850094795227
v -0.3036947250366211 0.044672418385744095 1.1575244665145874
v -0.1314428299665451 0.036866072565317154 0.9651530385017395
v -0.011110921390354633 0.033629633486270905 0.8944753408432007
v 0.11037503927946091 0.037713758647441864 0.9896177053451538
v 0.25747907161712646 0.044608939439058304 1.0796809196472168
v -0.381052702665329 0.047495387494564056 1.2235841751098633
v -0.18365733325481415 0.039045896381139755 0.9929186701774597
v -0.05540085956454277 0.03524855524301529 0.9040714502334595
v 0.05752471089363098 0.03598637133836746 0.921103835105896
v 0.20666159689426422 0.04406178742647171 1.0991731882095337
v 0.3153893053531647 0.04379187151789665 0.9958571195602417
v -0.2615552544593811 0.04584109038114548 1.1105444431304932
v -0.10394056141376495 0.03823711723089218 0.9417963624000549
v 0.01215082872658968 0.03610588610172272 0.8991245031356812
v 0.13849280774593353 0.041238296777009964 1.009954571723938
v 0.27123215794563293 0.04851263761520386 1.0256543159484863
v -0.33736294507980347 0.04804770648479462 1.1767449378967285
v -0.15583467483520508 0.04104773700237274 0.9789121150970459
v -0.031965963542461395 0.03721504285931587 0.8969218730926514
v 0.08381807804107666 0.039570923894643784 0.9496614933013916
v 0.24169598519802094 0.049300666898489 1.1192868947982788
v -0.3843270242214203 0.04926759749650955 1.1090693473815918
v -0.21434849500656128 0.04445769265294075 1.0270464420318604
v -0.07784905284643173 0.039632126688957214 0.9205073118209839
v 0.035555534064769745 0.03887934982776642 0.908942461013794
v 0.16890621185302734 0.044922616332769394 1.0341475009918213
v 0.34276333451271057 0.04695633426308632 1.1841216087341309
v -0.2998530864715576 0.05204141139984131 1.156199336051941
v -0.1291690468788147 0.043170273303985596 0.9665554761886597
v -0.008813073858618736 0.03952547535300255 0.8970409631729126
v 0.11366213113069534 0.04440376162528992 0.9960688948631287
v 0.2613745331764221 0.05374655872583389 1.0853242874145508
v -0.3758651316165924 0.055095374584198 1.2199312448501587
v -0.18127202987670898 0.04554889723658562 0.9939711689949036
v -0.05311201140284538 0.0411851741373539 0.9054191708564758
v 0.06033850833773613 0.04215654730796814 0.9263999462127686
v 0.21471333503723145 0.052974678575992584 1.126739740371704
v 0.38309723138809204 0.051263220608234406 1.20640230178833
v -0.25734376907348633 0.0527249313890934 1.1053186655044556
v -0.1016034409403801 0.04440264776349068 0.9422746300697327
v 0.014500192366540432 0.04206245765089989 0.9022985100746155
v 0.14180152118206024 0.048034727573394775 1.0150820016860962
v 0.28153425455093384 0.05714539811015129 1.0527997016906738
v -0.3289374113082886 0.05513235926628113 1.159513235092163
v -0.15351101756095886 0.04750952124595642 0.9806844592094421
v -0.029713978990912437 0.043128952383995056 0.8989609479904175
v 0.08692989498376846 0.04604978486895561 0.9570063352584839
v 0.2470143735408783 0.05765761062502861 1.1270434856414795
v -0.37964144349098206 0.05537901446223259 1.11081063747406
v -0.21120087802410126 0.05116467550396919 1.0256268978118896
v -0.07549683004617691 0.04572310298681259 0.9214512705802917
v 0.038132451474666595 0.04490485414862633 0.912864089012146
v 0.1729285717010498 0.051958031952381134 1.041614294052124
v 0.34384435415267944 0.05725329369306564 1.1742522716522217
v -0.295906126499176 0.0593562051653862 1.1552363634109497
v -0.12690675258636475 0.04954967275261879 0.9678112864494324
v -0.00649708416312933 0.045423686504364014 0.8996808528900146
v 0.11687812209129333 0.051181159913539886 1.001574993133545
v 0.26807376742362976 0.06358161568641663 1.0986950397491455
v -0.36937659978866577 0.06265448033809662 1.2143346071243286
v -0.1788976639509201 0.05209846794605255 0.9951575398445129
v -0.05079290643334389 0.04711368307471275 0.9069029092788696
v 0.06314846128225327 0.04836612567305565 0.9320191144943237
v 0.22007888555526733 0.06062626466155052 1.1391637325286865
v 0.38475844264030457 0.06237710639834404 1.1916084289550781
v -0.2534010410308838 0.059425078332424164 1.1007612943649292
v -0.09929320216178894 0.050607774406671524 0.9429330229759216
v 0.016859179362654686 0.048015180975198746 0.9055840969085693
v 0.14517973363399506 0.05484235659241676 1.020380973815918
v 0.2980358600616455 0.06471171230077744 1.101010799407959
v -0.32119879126548767 0.06222112104296684 1.144790530204773
v -0.15121085941791534 0.05403792858123779 0.9825823307037354
v -0.027439801022410393 0.04899793490767479 0.9011192917823792
v 0.09014228731393814 0.052614398300647736 0.9647048115730286
v 0.2535841763019562 0.06669598072767258 1.1402089595794678
v -0.3754529356956482 0.06189865246415138 1.1130809783935547
v -0.20824088156223297 0.057798486202955246 1.0246191024780273
v -0.0731331929564476 0.05168671905994415 0.9224852323532104
v 0.04071379080414772 0.05102240666747093 0.9169315099716187
v 0.17720291018486023 0.059054046869277954 1.0498026609420776
v 0.34691309928894043 0.06512484699487686 1.1709743738174438
v -0.29209834337234497 0.06651647388935089 1.1555631160736084
v -0.1246214285492897 0.05592331290245056 0.9690610766410828
v -0.0041809347458183765 0.051352325826883316 0.902438759803772
v 0.12009728699922562 0.057882945984601974 1.0066823959350586
v 0.27738213539123535 0.07333216816186905 1.122546672821045
v -0.3630948066711426 0.07005216181278229 1.2058346271514893
v -0.1765451580286026 0.05868128314614296 0.996440589427948
v -0.04847858473658562 0.052982013672590256 0.9084764719009399
v 0.06595273315906525 0.054647937417030334 0.9379450082778931
v 0.22480453550815582 0.06786181777715683 1.1467796564102173
v 0.3880874812602997 0.07123351842164993 1.1884232759475708
v -0.2495100051164627 0.06630665063858032 1.0972040891647339
v -0.09693072736263275 0.05667361617088318 0.9437049031257629
v 0.019241852685809135 0.05408017337322235 0.9090386033058167
v 0.14863520860671997 0.0616847425699234 1.025864839553833
v 0.3086733818054199 0.07112076133489609 1.1262048482894897
v -0.31711775064468384 0.06991304457187653 1.1408913135528564
v -0.14893144369125366 0.06055048480629921 0.9845884442329407
v -0.025181420147418976 0.054893314838409424 0.9033966064453125
v 0.0935172513127327 0.05934254825115204 0.9735391736030579
v 0.259522944688797 0.07538598775863647 1.1531442403793335
v -0.37145158648490906 0.06919365376234055 1.1163291931152344
v -0.2053496241569519 0.06437724083662033 1.023590087890625
v -0.0707588791847229 0.05757341533899307 0.923610270023346
v 0.043298035860061646 0.05727635324001312 0.9212485551834106
v 0.18170799314975739 0.06625307351350784 1.059464454650879
v 0.3505067527294159 0.0731993168592453 1.1721267700195312
v -0.2888154685497284 0.07389631867408752 1.1568015813827515
v -0.12227150797843933 0.062206465750932693 0.9701768159866333
v -0.001853889669291675 0.057371072471141815 0.9053239822387695
v 0.12332198768854141 0.06465014815330505 1.0116794109344482
v 0.28849101066589355 0.08101227134466171 1.1498631238937378
v -0.35753875970840454 0.07762638479471207 1.198750615119934
v -0.17419923841953278 0.0652269572019577 0.9978547692298889
v -0.046229008585214615 0.05884290114045143 0.9101600646972656
v 0.06880056858062744 0.061024684458971024 0.9440678954124451
v 0.23032301664352417 0.07622753828763962 1.1584447622299194
v 0.3902830481529236 0.0795651525259018 1.1877388954162598
v -0.24585101008415222 0.0730571299791336 1.0942243337631226
v -0.09450870007276535 0.06267047673463821 0.9445065259933472
v 0.021654652431607246 0.060247376561164856 0.9126521348953247
v 0.15215584635734558 0.06860734522342682 1.0315495729446411
v 0.31169629096984863 0.0767703503370285 1.1287788152694702
v -0.31459715962409973 0.07748866081237793 1.1440311670303345
v -0.14667172729969025 0.06697533279657364 0.9866655468940735
v -0.02292858064174652 0.06086151674389839 0.9057818651199341
v 0.09715335071086884 0.06629273295402527 0.9837717413902283
v 0.26551946997642517 0.08430889993906021 1.163981318473816
v -0.36708420515060425 0.07685422152280807 1.1166199445724487
v -0.2025221288204193 0.07088784128427505 1.0226777791976929
v -0.06840392202138901 0.06345932185649872 0.9247663617134094
v 0.045877356082201004 0.06364637613296509 0.9258254766464233
v 0.1868351697921753 0.07357911020517349 1.0725752115249634
v 0.35462307929992676 0.08185194432735443 1.1752820014953613
v -0.28643688559532166 0.08168242126703262 1.1606159210205078
v -0.1198875680565834 0.06839790940284729 0.9710351824760437
v 0.0005176903796382248 0.06349796801805496 0.9083396196365356
v 0.12657950818538666 0.07148218154907227 1.0165996551513672
v 0.29472461342811584 0.08720621466636658 1.1659283638000488
v -0.3542413115501404 0.08545354008674622 1.2014294862747192
v -0.17180080711841583 0.07171611487865448 0.9993226528167725
v -0.04399443790316582 0.06479495018720627 0.911882221698761
v 0.07169376313686371 0.06754513829946518 0.950231671333313
v 0.23347675800323486 0.08425993472337723 1.1615804433822632
v 0.3947911560535431 0.086819127202034 1.1903834342956543
v -0.2419888973236084 0.07978027313947678 1.0909843444824219
v -0.09206888824701309 0.0687013491988182 0.9453476071357727
v 0.024107418954372406 0.06650111079216003 0.9163792133331299
v 0.15577702224254608 0.07563910633325577 1.0374542474746704
v 0.31864693760871887 0.0861426591873169 1.1504946947097778
v -0.3120323121547699 0.08453163504600525 1.145419716835022
v -0.14444798231124878 0.07343648374080658 0.9887866377830505
v -0.02066141366958618 0.06691449880599976 0.9082797765731812
v 0.10079282522201538 0.07338014990091324 0.9944347143173218
v 0.2723429799079895 0.09395141154527664 1.1720020771026611
v -0.36299026012420654 0.08488784730434418 1.1141830682754517
v -0.19979391992092133 0.07735610753297806 1.022137999534607
v -0.06608530133962631 0.06945515424013138 0.92591392993927
v 0.048469625413417816 0.07007809728384018 0.9305919408798218
v 0.19481082260608673 0.08264899253845215 1.0970484018325806
v 0.35918766260147095 0.09024352580308914 1.1800247430801392
v -0.2850390374660492 0.08988571912050247 1.1667019128799438
v -0.11742059141397476 0.07462259382009506 0.9716655015945435
v 0.0029213810339570045 0.06968425214290619 0.9114986658096313
v 0.12982586026191711 0.07838425785303116 1.0214594602584839
v 0.3080141842365265 0.0954887717962265 1.2157403230667114
v -0.35539284348487854 0.09395341575145721 1.2185419797897339
v -0.1694531887769699 0.0782795175909996 1.0008419752120972
v -0.04178066551685333 0.07084344327449799 0.9136783480644226
v 0.07461297512054443 0.07419116050004959 0.9565566182136536
v 0.23909279704093933 0.09314069896936417 1.167330026626587
v 0.40195032954216003 0.09433703869581223 1.198301911354065
v -0.23859252035617828 0.08651696890592575 1.0886276960372925
v -0.08965109288692474 0.07481272518634796 0.9462058544158936
v 0.026581013575196266 0.07277464866638184 0.9202271103858948
v 0.15949296951293945 0.08275264501571655 1.0436776876449585
v 0.3206218183040619 0.09320730715990067 1.1528040170669556
v -0.3084934651851654 0.09169310331344604 1.1494395732879639
v -0.14227695763111115 0.08000154793262482 0.9909420609474182
v -0.018379604443907738 0.07300198078155518 0.910902202129364
v 0.10436369478702545 0.08055265247821808 1.0039217472076416
v 0.2787657380104065 0.1029018834233284 1.1841830015182495
v -0.3553454279899597 0.09232230484485626 1.1005074977874756
v -0.19712889194488525 0.0838315561413765 1.0218967199325562
v -0.06377939879894257 0.07554224133491516 0.9270880818367004
v 0.05106593295931816 0.076480932533741 0.9355601072311401
v 0.20386181771755219 0.09367238730192184 1.135369062423706
v 0.3644178807735443 0.099081851541996 1.1895415782928467
v -0.2955373227596283 0.1019553542137146 1.219592571258545
v -0.11491107940673828 0.08091868460178375 0.9721508026123047
v 0.005320644471794367 0.07587882876396179 0.9148105382919312
v 0.13308048248291016 0.08532896637916565 1.026343584060669
v 0.30862241983413696 0.10280279815196991 1.2128340005874634
v -0.3621751666069031 0.10479552298784256 1.2401293516159058
v -0.16712960600852966 0.08494056016206741 1.0024334192276
v -0.03954152390360832 0.07693812996149063 0.9155662655830383
v 0.07755893468856812 0.08092726767063141 0.9631508588790894
v 0.2453356385231018 0.1021028608083725 1.1736356019973755
v 0.4098591208457947 0.1044379323720932 1.208495020866394
v -0.23529386520385742 0.09319116175174713 1.0864167213439941
v -0.08728688210248947 0.08097341656684875 0.9470158219337463
v 0.029060574248433113 0.07903502881526947 0.9241881370544434
v 0.16335245966911316 0.08996003866195679 1.0503013134002686
v 0.3252532482147217 0.10093200951814651 1.1586488485336304
v -0.3823634684085846 0.11515184491872787 1.4447003602981567
v -0.14012956619262695 0.08667165040969849 0.9931237101554871
v -0.01606910675764084 0.07911974936723709 0.9136782288551331
v 0.10774344205856323 0.08772400766611099 1.0116398334503174
v 0.28392645716667175 0.11162114888429642 1.2006769180297852
v -0.34694722294807434 0.09828096628189087 1.0868628025054932
v -0.19452668726444244 0.09037695825099945 1.0219429731369019
v -0.06148151680827141 0.08165061473846436 0.9282799363136292
v 0.053687360137701035 0.08285930007696152 0.9406450986862183
v 0.21037141978740692 0.10185030102729797 1.1526355743408203
v 0.3550487756729126 0.10126437991857529 1.1537714004516602
v -0.29228442907333374 0.1099282056093216 1.2132456302642822
v -0.1124221533536911 0.08725985139608383 0.9727015495300293
v 0.007713282015174627 0.08208047598600388 0.918278157711029
v 0.13635310530662537 0.09231168031692505 1.03131103515625
v 0.3079094886779785 0.1096969023346901 1.2027459144592285
v -0.372104287147522 0.11536531895399094 1.2699341773986816
v -0.1648309826850891 0.09165745973587036 1.0041276216506958
v -0.03728785738348961 0.08302035927772522 0.9175919890403748
v 0.08056413382291794 0.08778650313615799 0.9701603651046753
v 0.2514432668685913 0.11102187633514404 1.175220012664795
v 0.41882437467575073 0.11743133515119553 1.213292121887207
v -0.23206552863121033 0.09996581077575684 1.0842829942703247
v -0.08493127673864365 0.08716018497943878 0.9478083848953247
v 0.03157755360007286 0.08531142771244049 0.9282823204994202
v 0.1672881841659546 0.09727217257022858 1.057481288909912
v 0.33125871419906616 0.10900428891181946 1.1670054197311401
v -0.3807993233203888 0.1271505504846573 1.4522947072982788
v -0.13798177242279053 0.09336705505847931 0.9954072833061218
v -0.0137039665132761 0.08526156842708588 0.9166144728660583
v 0.11098720878362656 0.09482955932617188 1.0180391073226929
v 0.28664374351501465 0.11891944706439972 1.2140650749206543
v -0.4045712947845459 0.12025496363639832 1.299891471862793
v -0.19196923077106476 0.09704644232988358 1.0222073793411255
v -0.05918409302830696 0.08773985505104065 0.9295228719711304
v 0.056345537304878235 0.08925068378448486 0.9458408355712891
v 0.21574971079826355 0.11076680570840836 1.1682924032211304
v 0.3721074163913727 0.11360100656747818 1.2034345865249634
v -0.2874164879322052 0.11733033508062363 1.2071151733398438
v -0.10997418314218521 0.09361288696527481 0.9732803702354431
v 0.010077719576656818 0.08830605447292328 0.9218854904174805
v 0.13968263566493988 0.09934259206056595 1.0364227294921875
v 0.25052300095558167 0.09422523528337479 0.9600456953048706
v -0.39000314474105835 0.12860462069511414 1.330388069152832
v -0.1625586748123169 0.09837164729833603 1.005946397781372
v -0.0350208505988121 0.0891113355755806 0.9197748303413391
v 0.08369871973991394 0.0947921946644783 0.9778632521629333
v 0.25779980421066284 0.11943786591291428 1.179640769958496
v -0.3922821283340454 0.11693965643644333 1.0704021453857422
v -0.2287386953830719 0.10655345022678375 1.0814990997314453
v -0.08260640501976013 0.09332682192325592 0.9486728310585022
v 0.0341227650642395 0.0916188582777977 0.932519793510437
v 0.17149962484836578 0.10482371598482132 1.0657261610031128
v 0.3385375142097473 0.11809917539358139 1.1832003593444824
v -0.3763684630393982 0.13870000839233398 1.4506348371505737
v -0.13585221767425537 0.10001640021800995 0.9977687001228333
v -0.011316346935927868 0.09147117286920547 0.9196948409080505
v 0.11414474993944168 0.10192018002271652 1.0236197710037231
v 0.31534621119499207 0.1313018649816513 1.3325867652893066
v -0.4382418692111969 0.13660404086112976 1.356212854385376
v -0.18947432935237885 0.10371307283639908 1.0227538347244263
v -0.056849535554647446 0.09382042288780212 0.9308436512947083
v 0.05907164514064789 0.0957305058836937 0.9512788653373718
v 0.22149212658405304 0.1208316907286644 1.1842443943023682
v 0.39073646068573 0.12831474840641022 1.2501643896102905
v -0.28404220938682556 0.12455921620130539 1.2076412439346313
v -0.10753988474607468 0.09986522793769836 0.9738878607749939
v 0.012426314875483513 0.09456095844507217 0.9256055355072021
v 0.1430535614490509 0.10647205263376236 1.0417468547821045
v 0.25114211440086365 0.10019718110561371 0.9631013870239258
v -0.41322845220565796 0.1474427729845047 1.4192428588867188
v -0.1603117436170578 0.10505694895982742 1.0079643726348877
v -0.03273698687553406 0.09525485336780548 0.9221353530883789
v 0.08703205734491348 0.10194806009531021 0.9866929054260254
v 0.2629941403865814 0.1280735582113266 1.1914703845977783
v -0.44895756244659424 0.13306906819343567 1.263676643371582
v -0.2252994179725647 0.11312556266784668 1.0784226655960083
v -0.08028534054756165 0.09948297590017319 0.9495917558670044
v 0.03667999058961868 0.09798483550548553 0.9369171261787415
v 0.17633694410324097 0.11276710778474808 1.077088475227356
v 0.34633392095565796 0.12801718711853027 1.2042210102081299
v -0.3712492287158966 0.1497979313135147 1.4459993839263916
v -0.13372042775154114 0.10662954300642014 1.000179648399353
v -0.008907286450266838 0.09774591773748398 0.9229140877723694
v 0.11729351431131363 0.10904145240783691 1.0288225412368774
v 0.3175194263458252 0.1393422782421112 1.3384428024291992
v -0.4502332806587219 0.1516534686088562 1.4058117866516113
v -0.18698212504386902 0.11040947586297989 1.023614764213562
v -0.05449087917804718 0.09994068741798401 0.9322353005409241
v 0.061855923384428024 0.10233316570520401 0.9569270014762878
v 0.22368735074996948 0.12788625061511993 1.1759092807769775
v 0.3985741138458252 0.13834363222122192 1.257218837738037
v -0.2794959247112274 0.13181498646736145 1.2037594318389893
v -0.10518065094947815 0.106114462018013 0.974556028842926
v 0.014825623482465744 0.1008741557598114 0.9294357299804688
v 0.14653702080249786 0.11373922228813171 1.0473675727844238
v 0.2614738941192627 0.10040756314992905 0.9903398156166077
v -0.4119451642036438 0.1616453230381012 1.4459972381591797
v -0.15812252461910248 0.11171303689479828 1.0101895332336426
v -0.03042818047106266 0.10145600140094757 0.9246498942375183
v 0.09050139784812927 0.10926978290081024 0.9966055154800415
v 0.2951284646987915 0.15213610231876373 1.3829338550567627
v -0.48765724897384644 0.15237867832183838 1.3829020261764526
v -0.22188203036785126 0.11976421624422073 1.0748778581619263
v -0.07795383781194687 0.10567572712898254 0.9505000114440918
v 0.039256755262613297 0.10442860424518585 0.9414593577384949
v 0.18259063363075256 0.12179270386695862 1.0952975749969482
v 0.3554938733577728 0.13802675902843475 1.230149745941162
v -0.36631453037261963 0.15995104610919952 1.4391330480575562
v -0.13162177801132202 0.11323978006839752 1.0026606321334839
v -0.006508486345410347 0.10407258570194244 0.9262798428535461
v 0.12046171724796295 0.11620640009641647 1.0338189601898193
v 0.31703418493270874 0.1471685916185379 1.3313308954238892
v -0.4475107192993164 0.16360406577587128 1.4214739799499512
v -0.18449093401432037 0.11716508865356445 1.0246869325637817
v -0.052134815603494644 0.10610299557447433 0.9336837530136108
v 0.06470752507448196 0.10907790809869766 0.9627953171730042
v 0.22993414103984833 0.13676856458187103 1.182107925415039
v 0.40513232350349426 0.14796538650989532 1.2598352432250977
v -0.2754172086715698 0.13973817229270935 1.2016901969909668
v -0.10284381359815598 0.11240634322166443 0.9753091335296631
v 0.017302056774497032 0.10724780708551407 0.933405876159668
v 0.1501767486333847 0.12118993699550629 1.0534747838974
v 0.3057152330875397 0.12576036155223846 1.1478430032730103
v -0.3999324440956116 0.1690872311592102 1.4374604225158691
v -0.15597626566886902 0.11839255690574646 1.0125449895858765
v -0.0281046275049448 0.10770950466394424 0.9273256063461304
v 0.0940353199839592 0.11682350933551788 1.0074312686920166
v 0.2999911606311798 0.16190142929553986 1.3825490474700928
v -0.4847501516342163 0.1669239103794098 1.4142062664031982
v -0.2182849496603012 0.12624943256378174 1.0701065063476562
v -0.07555048912763596 0.11190608143806458 0.9514458775520325
v 0.04189063236117363 0.11096809059381485 0.9461621046066284
v 0.19305519759655 0.1352938413619995 1.1420542001724243
v 0.36587783694267273 0.148189976811409 1.258758306503296
v -0.361385315656662 0.16905619204044342 1.4323084354400635
v -0.12954476475715637 0.11989505589008331 1.0052317380905151
v -0.004132117610424757 0.11042292416095734 0.929783046245575
v 0.12369026243686676 0.12343943119049072 1.0388270616531372
v 0.3175395429134369 0.1542506366968155 1.3201653957366943
v -0.4369162619113922 0.1724558025598526 1.419189453125
v -0.18207325041294098 0.12396145612001419 1.0260465145111084
v -0.04979688301682472 0.11230331659317017 0.935265064239502
v 0.06766396760940552 0.11599303036928177 0.9689055681228638
v 0.23583588004112244 0.1447536051273346 1.1878998279571533
v 0.40985363721847534 0.15772472321987152 1.2594841718673706
v -0.27217742800712585 0.14711521565914154 1.2032724618911743
v -0.10049392282962799 0.11872122436761856 0.9760955572128296
v 0.019849741831421852 0.11369269341230392 0.9375049471855164
v 0.1539844274520874 0.12885349988937378 1.0602082014083862
v 0.33106905221939087 0.13931258022785187 1.238732933998108
v -0.391851544380188 0.17659011483192444 1.4256751537322998
v -0.15385785698890686 0.12514185905456543 1.0150350332260132
v -0.025762144476175308 0.11400812864303589 0.9301545023918152
v 0.09770640730857849 0.1246427372097969 1.0187671184539795
v 0.3032926023006439 0.1711604744195938 1.3793987035751343
v -0.4697303771972656 0.17398129403591156 1.401944875717163
v -0.21446289122104645 0.13257701694965363 1.0653334856033325
v -0.07309255003929138 0.11818436533212662 0.9524799585342407
v 0.04458509385585785 0.11763942241668701 0.9509860277175903
v 0.19987761974334717 0.14503391087055206 1.165339708328247
v 0.37604936957359314 0.15846668183803558 1.2780239582061768
v -0.3559632897377014 0.17769567668437958 1.4257471561431885
v -0.12741830945014954 0.1266062706708908 1.0078870058059692
v -0.0017768937395885587 0.11682020127773285 0.9333763122558594
v 0.12698304653167725 0.1307651400566101 1.0439066886901855
v 0.321147620677948 0.16161255538463593 1.3204987049102783
v -0.4268980026245117 0.18056119978427887 1.4104020595550537
v -0.17968633770942688 0.1308000087738037 1.0276262760162354
v -0.047499384731054306 0.1185515969991684 0.9370442032814026
v 0.07067790627479553 0.12305448204278946 0.9752534627914429
v 0.2697281241416931 0.17230196297168732 1.388925313949585
v 0.4145262539386749 0.16726098954677582 1.2610174417495728
v -0.26891008019447327 0.1544911116361618 1.2025963068008423
v -0.09809239208698273 0.12512877583503723 0.9769076108932495
v 0.02243257313966751 0.1202395111322403 0.9416623115539551
v 0.1579853743314743 0.13667845726013184 1.0676816701889038
v 0.37529435753822327 0.159402996301651 1.356001377105713
v -0.38727203011512756 0.184663787484169 1.417569637298584
v -0.1517554074525833 0.13199090957641602 1.0176998376846313
v -0.02342240698635578 0.12036602944135666 0.9330907464027405
v 0.10133165121078491 0.13257849216461182 1.0288559198379517
v 0.30605947971343994 0.17911238968372345 1.3758718967437744
v -0.45723551511764526 0.18198755383491516 1.3908634185791016
v -0.21105055510997772 0.13924457132816315 1.061781406402588
v -0.0706644207239151 0.12448643893003464 0.9536541104316711
v 0.047298211604356766 0.12443838268518448 0.9558624625205994
v 0.20260295271873474 0.15145321190357208 1.1638320684432983
v 0.3813086748123169 0.16880996525287628 1.2847200632095337
v -0.34943199157714844 0.1857607662677765 1.4169883728027344
v -0.1252763271331787 0.13339200615882874 1.0105185508728027
v 0.0005939112161286175 0.12328774482011795 0.9370264410972595
v 0.13038744032382965 0.1382366418838501 1.0491803884506226
v 0.32962605357170105 0.1695581078529358 1.3372471332550049
v -0.4179975688457489 0.1884729415178299 1.4025026559829712
v -0.17733938992023468 0.13766451179981232 1.0294320583343506
v -0.04526560753583908 0.1248452439904213 0.9390605688095093
v 0.07373273372650146 0.13032259047031403 0.981814980506897
v 0.2757996916770935 0.18277087807655334 1.3855431079864502
v 0.41786712408065796 0.17661015689373016 1.2583739757537842
v -0.2645491659641266 0.16114865243434906 1.1992803812026978
v -0.09559383988380432 0.13155360519886017 0.9777497053146362
v 0.02498852089047432 0.12687261402606964 0.9458707571029663
v 0.1621873676776886 0.14472761750221252 1.0762879848480225
v 0.38364169001579285 0.17483000457286835 1.3799010515213013
v -0.383097767829895 0.1926843672990799 1.410878300666809
v -0.14965657889842987 0.13889913260936737 1.0204954147338867
v -0.021097714081406593 0.12679263949394226 0.9361585378646851
v 0.1047748327255249 0.1403537094593048 1.0365140438079834
v 0.3076886832714081 0.18631839752197266 1.3703194856643677
v -0.4477711319923401 0.19039341807365417 1.3833198547363281
v -0.2078310251235962 0.14579647779464722 1.0596184730529785
v -0.06824157387018204 0.13079729676246643 0.954995334148407
v 0.049960508942604065 0.1313815861940384 0.960771918296814
v 0.20730747282505035 0.16119293868541718 1.175897240638733
v 0.3895435035228729 0.18086229264736176 1.2982420921325684
v -0.3428408205509186 0.19370536506175995 1.4074101448059082
v -0.12303658574819565 0.14021866023540497 1.0131314992904663
v 0.002968816552311182 0.12984295189380646 0.9407141208648682
v 0.1338581144809723 0.14587362110614777 1.0546778440475464
v 0.34065547585487366 0.17940324544906616 1.3664965629577637
v -0.41247761249542236 0.19625027477741241 1.3974837064743042
v -0.17501221597194672 0.14456824958324432 1.0314942598342896
v -0.04306774586439133 0.13120590150356293 0.9412994384765625
v 0.07682571560144424 0.13789145648479462 0.9889465570449829
v 0.2791476249694824 0.19265811145305634 1.3800853490829468
v 0.4204200506210327 0.18457849323749542 1.255354404449463
v -0.25686565041542053 0.16577884554862976 1.1716179847717285
v -0.0930209755897522 0.13797102868556976 0.978656530380249
v 0.027512433007359505 0.1336134523153305 0.9501259326934814
v 0.16687588393688202 0.15316882729530334 1.0880305767059326
v 0.3741186559200287 0.18764272332191467 1.341602087020874
v -0.3780754506587982 0.20049543678760529 1.4024392366409302
v -0.14754703640937805 0.14587920904159546 1.0234721899032593
v -0.018778521567583084 0.13329291343688965 0.9393458366394043
v 0.10809989273548126 0.14797677099704742 1.042641043663025
v 0.30947962403297424 0.19467680156230927 1.3645102977752686
v -0.44092288613319397 0.1988217532634735 1.3787246942520142
v -0.20492830872535706 0.15254004299640656 1.058803915977478
v -0.06583717465400696 0.13709142804145813 0.9564916491508484
v 0.05264278128743172 0.13842067122459412 0.9658026695251465
v 0.21221931278705597 0.1713590919971466 1.1834272146224976
v 0.3554728031158447 0.1695397049188614 1.1550363302230835
v -0.33634769916534424 0.20125675201416016 1.3958032131195068
v -0.12060603499412537 0.14697560667991638 1.0151420831680298
v 0.005379511974751949 0.13649988174438477 0.9444406032562256
v 0.13742010295391083 0.15361174941062927 1.0604082345962524
v 0.350265771150589 0.19225294888019562 1.3853557109832764
v -0.40772461891174316 0.20405474305152893 1.391891360282898
v -0.17272920906543732 0.1515529751777649 1.0338118076324463
v -0.04082636162638664 0.1376047134399414 0.9436997175216675
v 0.08010739088058472 0.1457451432943344 0.9978107213973999
v 0.2819342017173767 0.20234842598438263 1.3735631704330444
v 0.4202284812927246 0.18906420469284058 1.2436392307281494
v -0.25438421964645386 0.17374540865421295 1.172275185585022
v -0.09046327322721481 0.1443733423948288 0.9796568155288696
v 0.030049148947000504 0.1404208242893219 0.9544244408607483
v 0.1730148047208786 0.1630728840827942 1.1070538759231567
v 0.37444567680358887 0.19741469621658325 1.3165521621704102
v -0.37177833914756775 0.20816496014595032 1.3925341367721558
v -0.14541487395763397 0.15293148159980774 1.026642918586731
v -0.016460353508591652 0.13985739648342133 0.9426474571228027
v 0.11136259883642197 0.155635803937912 1.048211693763733
v 0.3118324875831604 0.20383694767951965 1.358174204826355
v -0.434937983751297 0.20711998641490936 1.3743460178375244
v -0.20201954245567322 0.15941523015499115 1.0587962865829468
v -0.06344316899776459 0.1433599889278412 0.9581132531166077
v 0.05537601187825203 0.14552773535251617 0.9709411859512329
v 0.24568700790405273 0.20580531656742096 1.3871957063674927
v 0.40388137102127075 0.20085908472537994 1.316773533821106
v -0.32990553975105286 0.20860248804092407 1.3851492404937744
v -0.11814841628074646 0.15380316972732544 1.017002820968628
v 0.007818601094186306 0.1432058960199356 0.9482921361923218
v 0.14101314544677734 0.16141921281814575 1.0665591955184937
v 0.35031646490097046 0.2050459384918213 1.364425778388977
v -0.4022824466228485 0.21176838874816895 1.3842281103134155
v -0.17051632702350616 0.15862831473350525 1.0363435745239258
v -0.03854181990027428 0.14401932060718536 0.9462732076644897
v 0.08372857421636581 0.15414446592330933 1.010152816772461
v 0.2841860353946686 0.2107422947883606 1.3653416633605957
v 0.42120102047920227 0.1914484053850174 1.2208702564239502
v -0.25512054562568665 0.18218857049942017 1.1917340755462646
v -0.08790753036737442 0.15075287222862244 0.9807647466659546
v 0.0325753316283226 0.1472998559474945 0.9587649703025818
v 0.18208014965057373 0.17778456211090088 1.1540251970291138
v 0.37396249175071716 0.2058042287826538 1.3047959804534912
v -0.3644109070301056 0.21549035608768463 1.3817908763885498
v -0.1432838886976242 0.1600865125656128 1.0300487279891968
v -0.014112278819084167 0.1464194506406784 0.9460630416870117
v 0.11466342210769653 0.16333769261837006 1.0535262823104858
v 0.31460002064704895 0.21187075972557068 1.349840760231018
v -0.4289644956588745 0.21498578786849976 1.3688493967056274
v -0.19922161102294922 0.1663656085729599 1.0595946311950684
v -0.06106385588645935 0.14964665472507477 0.9598056077957153
v 0.0581965334713459 0.15269628167152405 0.9762452840805054
v 0.25044575333595276 0.21318508684635162 1.3744145631790161
v 0.4018770456314087 0.2073872685432434 1.3075413703918457
v -0.3238230049610138 0.21618087589740753 1.374284267425537
v -0.11551201343536377 0.16051539778709412 1.0179857015609741
v 0.010295500047504902 0.1499435156583786 0.9522382616996765
v 0.14473727345466614 0.169313445687294 1.0733120441436768
v 0.35167574882507324 0.21489189565181732 1.3417079448699951
v -0.39607033133506775 0.21934275329113007 1.3746209144592285
v -0.16836029291152954 0.1658027470111847 1.03914475440979
v -0.03621501475572586 0.1504615843296051 0.9489885568618774
v 0.08793289959430695 0.16342084109783173 1.0270490646362305
v 0.28527143597602844 0.21778015792369843 1.3550516366958618
v -0.484969824552536 0.21859222650527954 1.3393394947052002
v -0.2575072646141052 0.1942024528980255 1.2244404554367065
v -0.08537532389163971 0.1571456789970398 0.981931209564209
v 0.035160839557647705 0.1542128622531891 0.9631666541099548
v 0.19064074754714966 0.1904074102640152 1.1936558485031128
v 0.37282606959342957 0.21306556463241577 1.2966477870941162
v -0.35733428597450256 0.2226841151714325 1.3704636096954346
v -0.14112918078899384 0.16731250286102295 1.0336486101150513
v -0.01172101404517889 0.15300171077251434 0.9495570063591003
v 0.11803320050239563 0.1711045354604721 1.0588034391403198
v 0.31741029024124146 0.21969769895076752 1.3408031463623047
v -0.4225611388683319 0.22262391448020935 1.3615037202835083
v -0.19658724963665009 0.1734384298324585 1.060912847518921
v -0.05872047692537308 0.15599828958511353 0.9615532159805298
v 0.06110318750143051 0.15993823111057281 0.9817957282066345
v 0.25279635190963745 0.2204269915819168 1.360163927078247
v 0.3991360366344452 0.21437735855579376 1.2882626056671143
v -0.31781765818595886 0.22347863018512726 1.3626867532730103
v -0.1127946600317955 0.16716428101062775 1.0183651447296143
v 0.012827407568693161 0.15670372545719147 0.9562773108482361
v 0.1486646980047226 0.17740879952907562 1.0809636116027832
v 0.35376739501953125 0.22383876144886017 1.3343679904937744
v -0.3892185389995575 0.22663168609142303 1.3640716075897217
v -0.16623646020889282 0.17305198311805725 1.042193055152893
v -0.03385940194129944 0.15696312487125397 0.951772153377533
v 0.09214022010564804 0.17276452481746674 1.0429037809371948
v 0.2856074273586273 0.22408434748649597 1.3436405658721924
v -0.4604831337928772 0.2298719733953476 1.3413910865783691
v -0.2562740743160248 0.2039129137992859 1.240084171295166
v -0.08284711092710495 0.16358822584152222 0.9830385446548462
v 0.03781270980834961 0.16118578612804413 0.967618465423584
v 0.20194832980632782 0.207513689994812 1.2674343585968018
v 0.3720799386501312 0.21952037513256073 1.2891861200332642
v -0.35055550932884216 0.22967512905597687 1.3593889474868774
v -0.13892732560634613 0.1746206432580948 1.0375052690505981
v -0.009339738637208939 0.15964598953723907 0.9532085061073303
v 0.12143765389919281 0.178926020860672 1.0641515254974365
v 0.32055947184562683 0.2273724228143692 1.3322962522506714
v -0.4155312776565552 0.23025479912757874 1.3532662391662598
v -0.19405852258205414 0.1805700659751892 1.0625616312026978
v -0.05642128363251686 0.16245858371257782 0.9633351564407349
v 0.06403449922800064 0.16729521751403809 0.9877110719680786
v 0.25493311882019043 0.22879905998706818 1.3515310287475586
v 0.39769676327705383 0.22078128159046173 1.2606559991836548
v -0.31205129623413086 0.2302173227071762 1.3511383533477783
v -0.10997195541858673 0.1736019104719162 1.0179706811904907
v 0.015420148149132729 0.16353970766067505 0.9604139924049377
v 0.1528099775314331 0.18576867878437042 1.0898398160934448
v 0.35562512278556824 0.2318113148212433 1.3305147886276245
v -0.3821539282798767 0.23379050195217133 1.353308081626892
v -0.1641475111246109 0.18032094836235046 1.0455679893493652
v -0.03147340193390846 0.16354648768901825 0.9546871185302734
v 0.0958261638879776 0.18139716982841492 1.0536123514175415
v 0.2864226996898651 0.2303657978773117 1.331288456916809
v -0.45067277550697327 0.23827862739562988 1.332584023475647
v -0.2555597424507141 0.21467076241970062 1.2580103874206543
v -0.0803537517786026 0.17004776000976562 0.9840977191925049
v 0.04049968719482422 0.16822153329849243 0.9722203612327576
v 0.21941162645816803 0.22988209128379822 1.3677668571472168
v 0.3718712329864502 0.22625525295734406 1.2819496393203735
v -0.3437671959400177 0.23636502027511597 1.3481441736221313
v -0.1367109715938568 0.18198396265506744 1.0415842533111572
v -0.0069437515921890736 0.16640320420265198 0.9569798707962036
v 0.12483830004930496 0.18680992722511292 1.0697368383407593
v 0.32391464710235596 0.23531313240528107 1.3270326852798462
v -0.40819302201271057 0.23791325092315674 1.344434380531311
v -0.19162517786026 0.18778900802135468 1.0647081136703491
v -0.05413701757788658 0.16902893781661987 0.965175211429596
v 0.0669483169913292 0.17480605840682983 0.994047224521637
v 0.25627920031547546 0.23608802258968353 1.3404262065887451
v 0.3985811173915863 0.22692129015922546 1.244025707244873
v -0.30663609504699707 0.2370193898677826 1.33989417552948
v -0.10700021684169769 0.17994150519371033 1.0171233415603638
v 0.018039872869849205 0.1704656481742859 0.9646087884902954
v 0.15773767232894897 0.19488458335399628 1.1018142700195312
v 0.35839182138442993 0.23943930864334106 1.326948881149292
v -0.374953031539917 0.24059566855430603 1.3423480987548828
v -0.16205701231956482 0.18763217329978943 1.0491790771484375
v -0.02906058542430401 0.1702246367931366 0.9577375054359436
v 0.09904170781373978 0.1892368048429489 1.060585618019104
v 0.28845497965812683 0.237258642911911 1.3207988739013672
v -0.4430750608444214 0.2471260130405426 1.324967861175537
v -0.2525273263454437 0.22341376543045044 1.2595432996749878
v -0.07790400087833405 0.17654158174991608 0.9850917458534241
v 0.0432090200483799 0.1753307282924652 0.976945698261261
v 0.22487476468086243 0.24314630031585693 1.370914101600647
v 0.37330231070518494 0.2335456758737564 1.2761768102645874
v -0.3370366394519806 0.24281765520572662 1.3364804983139038
v -0.1344701200723648 0.18939349055290222 1.0458850860595703
v -0.004514249041676521 0.17325446009635925 0.9608560800552368
v 0.12833817303180695 0.19473384320735931 1.0757073163986206
v 0.32744795083999634 0.2438286691904068 1.3229613304138184
v -0.4013625681400299 0.24545346200466156 1.3349288702011108
v -0.1893385499715805 0.19513113796710968 1.0673277378082275
v -0.05186346545815468 0.17565672099590302 0.9671198725700378
v 0.07009407132863998 0.1824953556060791 1.0015134811401367
v 0.2568095326423645 0.24280311167240143 1.3270881175994873
v 0.4009590148925781 0.2339823842048645 1.2368409633636475
v -0.3012600243091583 0.24349883198738098 1.328118085861206
v -0.10406850278377533 0.1863243728876114 1.016281247138977
v 0.020677626132965088 0.17745700478553772 0.9688230752944946
v 0.16371971368789673 0.205407053232193 1.1220260858535767
v 0.36186856031417847 0.24686968326568604 1.3247534036636353
v -0.3677976727485657 0.24713017046451569 1.331042766571045
v -0.15994307398796082 0.1950414925813675 1.0530177354812622
v -0.02666337601840496 0.1769823580980301 0.9609482884407043
v 0.10226607322692871 0.1970626264810562 1.0665498971939087
v 0.29174381494522095 0.24426282942295074 1.3128077983856201
v -0.4389823079109192 0.25824302434921265 1.3218443393707275
v -0.2498786449432373 0.23331531882286072 1.2687976360321045
v -0.07550967484712601 0.1830713450908661 0.9860821962356567
v 0.045940231531858444 0.18249206244945526 0.9818573594093323
v 0.22615742683410645 0.24699942767620087 1.3361485004425049
v 0.3762117326259613 0.24120476841926575 1.2744994163513184
v -0.3303462564945221 0.24902953207492828 1.3246647119522095
v -0.1323133111000061 0.19682706892490387 1.0503737926483154
v -0.0020677170250564814 0.18016111850738525 0.964830756187439
v 0.13197682797908783 0.2027389407157898 1.0823193788528442
v 0.3301399350166321 0.2525003254413605 1.3184103965759277
v -0.39468544721603394 0.25230225920677185 1.3242374658584595
v -0.18719375133514404 0.20262324810028076 1.0705251693725586
v -0.04956715181469917 0.1823199838399887 0.9691860675811768
v 0.07349812984466553 0.19056525826454163 1.010432243347168
v 0.2572566866874695 0.24938586354255676 1.313210368156433
v 0.40432989597320557 0.24123899638652802 1.233640193939209
v -0.2956203520298004 0.24954523146152496 1.316404104232788
v -0.10134284943342209 0.19266003370285034 1.015541911125183
v 0.023289266973733902 0.18447107076644897 0.9731263518333435
v 0.1736011654138565 0.22353225946426392 1.1847867965698242
v 0.3622828722000122 0.2543993890285492 1.3146213293075562
v -0.3607637286186218 0.25348514318466187 1.3196184635162354
v -0.15778082609176636 0.20253385603427887 1.0571287870407104
v -0.02427545376121998 0.18378899991512299 0.9643210172653198
v 0.10555410385131836 0.20493872463703156 1.072175145149231
v 0.2954840064048767 0.2514626979827881 1.3076248168945312
v -0.43757012486457825 0.26938924193382263 1.3256583213806152
v -0.24749742448329926 0.2408914566040039 1.2653405666351318
v -0.07313362509012222 0.18959830701351166 0.9871681928634644
v 0.04872553423047066 0.18974000215530396 0.9871370196342468
v 0.2278698980808258 0.2521660625934601 1.3163243532180786
v 0.379432737827301 0.24920186400413513 1.2736155986785889
v -0.3237120509147644 0.2550187110900879 1.3127163648605347
v -0.13025271892547607 0.20432977378368378 1.0549744367599487
v 0.00039709603879600763 0.18710434436798096 0.9688518047332764
v 0.1358414590358734 0.211051806807518 1.0900092124938965
v 0.3317081332206726 0.2612231373786926 1.313073992729187
v -0.3879355788230896 0.2585543692111969 1.3122884035110474
v -0.18515482544898987 0.21030303835868835 1.074495792388916
v -0.04722566902637482 0.1890145242214203 0.971400260925293
v 0.07734076678752899 0.1993517428636551 1.0232893228530884
v 0.2586413621902466 0.2559874355792999 1.3002912998199463
v 0.4098997712135315 0.2489873170852661 1.2351760864257812
v -0.28968411684036255 0.255514532327652 1.304535984992981
v -0.09866944700479507 0.19905398786067963 1.0152504444122314
v 0.02591942995786667 0.1915551871061325 0.9775265455245972
v 0.18529580533504486 0.2432224005460739 1.251365303993225
v 0.36052942276000977 0.26067543029785156 1.3010231256484985
v -0.35368889570236206 0.2596520483493805 1.3079893589019775
v -0.15560491383075714 0.21011924743652344 1.061439037322998
v -0.02188965491950512 0.19066908955574036 0.9678664207458496
v 0.1089196726679802 0.21296028792858124 1.0777865648269653
v 0.29817572236061096 0.2596326172351837 1.3036212921142578
v -0.4318132698535919 0.2746557295322418 1.3198437690734863
v -0.24465827643871307 0.24937190115451813 1.2637416124343872
v -0.07075510174036026 0.19617442786693573 0.9883754849433899
v 0.0515621118247509 0.19711951911449432 0.9927976131439209
v 0.2287178635597229 0.2589406371116638 1.2998104095458984
v 0.3833049535751343 0.25757184624671936 1.2714922428131104
v -0.3171389698982239 0.26085612177848816 1.3005447387695312
v -0.12821602821350098 0.21188947558403015 1.0596833229064941
v 0.002924995729699731 0.19412049651145935 0.9729017019271851
v 0.1399344503879547 0.2198195904493332 1.09941565990448
v 0.33287113904953003 0.2691224217414856 1.308709740638733
v -0.3819076716899872 0.2646333873271942 1.3006941080093384
v -0.18315468728542328 0.21805234253406525 1.0787698030471802
v -0.04485654458403587 0.19576789438724518 0.9737910628318787
v 0.08350764960050583 0.21448275446891785 1.0650441646575928
v 0.2610475718975067 0.2624730169773102 1.290578007698059
v 0.4175424575805664 0.2565406262874603 1.245032548904419
v -0.2838461995124817 0.26156085729599 1.292371153831482
v -0.09612900763750076 0.20561717450618744 1.0153692960739136
v 0.02858796715736389 0.19873090088367462 0.9820868968963623
v 0.19380122423171997 0.2597837448120117 1.2930855751037598
v 0.35854634642601013 0.2670089900493622 1.2878977060317993
v -0.3465981185436249 0.26547759771347046 1.2961812019348145
v -0.15351291000843048 0.2177770733833313 1.0659857988357544
v -0.019491715356707573 0.19760891795158386 0.9715722799301147
v 0.11239172518253326 0.2211350053548813 1.0837088823318481
v 0.30082595348358154 0.2693483233451843 1.3015069961547852
v -0.42212581634521484 0.28007495403289795 1.3102282285690308
v -0.2419237196445465 0.25878626108169556 1.269178032875061
v -0.06836696714162827 0.2027985006570816 0.9897171854972839
v 0.054404620081186295 0.20473524928092957 0.9988480806350708
v 0.23003587126731873 0.2645549178123474 1.2842323780059814
v 0.3878656029701233 0.26534944772720337 1.2690508365631104
v -0.31073400378227234 0.2665979862213135 1.2882802486419678
v -0.1262647956609726 0.21961861848831177 1.064652919769287
v 0.005486547946929932 0.20120960474014282 0.9770407676696777
v 0.14500190317630768 0.22984229028224945 1.1138886213302612
v 0.3338611125946045 0.2792356610298157 1.305327296257019
v -0.37682533264160156 0.2704981565475464 1.2907499074935913
v -0.18109041452407837 0.22595781087875366 1.0833806991577148
v -0.04248029738664627 0.20256757736206055 0.9764165282249451
v 0.08690643310546875 0.22358499467372894 1.0769400596618652
v 0.26375919580459595 0.2686874568462372 1.2824113368988037
v 0.4277039170265198 0.26345494389533997 1.2540091276168823
v -0.27790939807891846 0.2673279941082001 1.2800004482269287
v -0.0935739204287529 0.21213877201080322 1.0156278610229492
v 0.031294189393520355 0.20601524412631989 0.9868667721748352
v 0.19682279229164124 0.265058308839798 1.2740217447280884
v 0.358603298664093 0.27443966269493103 1.278329849243164
v -0.3393620550632477 0.2709410488605499 1.2845209836959839
v -0.15148955583572388 0.22555537521839142 1.0708763599395752
v -0.01710735820233822 0.20461632311344147 0.975396990776062
v 0.11596012115478516 0.22945202887058258 1.09025239944458
v 0.3056110143661499 0.2832139730453491 1.3087437152862549
v -0.4143821895122528 0.28491273522377014 1.2990187406539917
v -0.23743976652622223 0.26508569717407227 1.2558507919311523
v -0.0659376010298729 0.2094794362783432 0.9912735223770142
v 0.05729054659605026 0.212677463889122 1.0056241750717163
v 0.23165611922740936 0.26950517296791077 1.2692718505859375
v 0.39197638630867004 0.27273327112197876 1.2653781175613403
v -0.3042629361152649 0.27221742272377014 1.2761707305908203
v -0.12431956827640533 0.22744965553283691 1.0695900917053223
v 0.00809011235833168 0.20837533473968506 0.9812677502632141
v 0.15360602736473083 0.2476470172405243 1.1669951677322388
v 0.3378923535346985 0.2951395809650421 1.3079400062561035
v -0.37206876277923584 0.27648812532424927 1.2820920944213867
v -0.1789645105600357 0.23409754037857056 1.0888649225234985
v -0.040092095732688904 0.2094436138868332 0.9793328046798706
v 0.08983743190765381 0.2318754941225052 1.083467960357666
v 0.26559633016586304 0.27515846490859985 1.2741464376449585
v 0.4381672143936157 0.2732657492160797 1.2569338083267212
v -0.27218368649482727 0.2727352976799011 1.267286777496338
v -0.09095597267150879 0.21872299909591675 1.016194224357605
v 0.03402837738394737 0.21343806385993958 0.9919665455818176
v 0.1987975388765335 0.27160441875457764 1.2561187744140625
v 0.3602866530418396 0.2815157473087311 1.2690070867538452
v -0.33196455240249634 0.2765679359436035 1.2727229595184326
v -0.14955846965312958 0.233503520488739 1.0761795043945312
v -0.014680972322821617 0.21170160174369812 0.9793630242347717
v 0.11966871470212936 0.23811161518096924 1.097869634628296
v 0.32156601548194885 0.309558242559433 1.3661102056503296
v -0.40815505385398865 0.2899525761604309 1.2914491891860962
v -0.23280729353427887 0.2704455852508545 1.2453422546386719
v -0.06351342052221298 0.2162347435951233 0.9930853247642517
v 0.06037552282214165 0.22109320759773254 1.0137099027633667
v 0.23313258588314056 0.274964839220047 1.256280779838562
v 0.39504554867744446 0.2795557975769043 1.2620837688446045
v -0.2978919744491577 0.2777177095413208 1.2638896703720093
v -0.12240873277187347 0.2354520559310913 1.0747730731964111
v 0.010734835639595985 0.21563750505447388 0.9856290817260742
v 0.16694805026054382 0.2675207853317261 1.24320650100708
v 0.34322088956832886 0.3116651177406311 1.3186136484146118
v -0.3670588433742523 0.2826893925666809 1.2741289138793945
v -0.17703896760940552 0.2427889108657837 1.095684289932251
v -0.03769950941205025 0.21636421978473663 0.9825389385223389
v 0.09325549006462097 0.2403237223625183 1.0897787809371948
v 0.2670336365699768 0.28154754638671875 1.2666213512420654
v -0.4731995165348053 0.296350359916687 1.2806596755981445
v -0.2665580213069916 0.2780689597129822 1.2546632289886475
v -0.0883542001247406 0.22541622817516327 1.0169918537139893
v 0.036760345101356506 0.2210131138563156 0.99751877784729
v 0.20184358954429626 0.277982622385025 1.2465877532958984
v 0.36214014887809753 0.2871202528476715 1.257545828819275
v -0.3246505558490753 0.2824424207210541 1.2605457305908203
v -0.14769642055034637 0.24171888828277588 1.082088589668274
v -0.012249032035470009 0.2188904583454132 0.983510434627533
v 0.12357677519321442 0.24729910492897034 1.1076384782791138
v 0.33660587668418884 0.3223332166671753 1.4212396144866943
v -0.4027317464351654 0.2947995662689209 1.2840925455093384
v -0.22787341475486755 0.27586936950683594 1.2343076467514038
v -0.06109582632780075 0.22305957973003387 0.9952070116996765
v 0.06391236186027527 0.22983255982398987 1.0244759321212769
v 0.2342408448457718 0.2810117304325104 1.2445011138916016
v 0.39486822485923767 0.28487658500671387 1.247414469718933
v -0.29180100560188293 0.2831684947013855 1.2515634298324585
v -0.12046517431735992 0.2439403235912323 1.0806620121002197
v 0.013380831107497215 0.223011776804924 0.9902790784835815
v 0.1704702526330948 0.27938181161880493 1.247318983078003
v 0.3421730101108551 0.31540486216545105 1.3108923435211182
v -0.36248329281806946 0.2895415425300598 1.2655494213104248
v -0.1757478266954422 0.25239086151123047 1.1049238443374634
v -0.035281870514154434 0.22340311110019684 0.9860677719116211
v 0.09677167981863022 0.2488998919725418 1.0963884592056274
v 0.2686122953891754 0.2872839868068695 1.2572070360183716
v -0.44441303610801697 0.3013157546520233 1.2732501029968262
v -0.2603672444820404 0.28309231996536255 1.241113305091858
v -0.08581181615591049 0.23213712871074677 1.0181611776351929
v 0.03944181650876999 0.22879286110401154 1.0036931037902832
v 0.20431184768676758 0.28382089734077454 1.237014889717102
v 0.36275532841682434 0.2915794849395752 1.2437723875045776
v -0.31804201006889343 0.2880781888961792 1.2487034797668457
v -0.14586059749126434 0.25034263730049133 1.0889958143234253
v -0.009815203957259655 0.22620786726474762 0.9878939986228943
v 0.12944594025611877 0.2608930766582489 1.1339915990829468
v 0.3385310173034668 0.3195430636405945 1.4114024639129639
v -0.39660340547561646 0.2994464933872223 1.2763662338256836
v -0.2228572517633438 0.28202196955680847 1.2244133949279785
v -0.05869697034358978 0.22996334731578827 0.9976904392242432
v 0.07167975604534149 0.2514287531375885 1.0903958082199097
v 0.23529137670993805 0.2872655987739563 1.233300805091858
v 0.3942207098007202 0.2901901602745056 1.2329061031341553
v -0.2858524024486542 0.28838059306144714 1.2388572692871094
v -0.11837567389011383 0.2529926598072052 1.0878552198410034
v 0.016050100326538086 0.23057664930820465 0.9953867793083191
v 0.17166097462177277 0.2859269678592682 1.2301976680755615
v 0.3425300121307373 0.31336671113967896 1.285268783569336
v -0.35806405544281006 0.2960575222969055 1.2564234733581543
v -0.1754535734653473 0.26326891779899597 1.1205209493637085
v -0.03287665918469429 0.2305816411972046 0.9899842739105225
v 0.10041844099760056 0.25783655047416687 1.1038697957992554
v 0.2698580324649811 0.29265135526657104 1.2457175254821777
v -0.4301083981990814 0.3053147494792938 1.2648143768310547
v -0.2532847225666046 0.28786900639533997 1.2270305156707764
v -0.08339335769414902 0.23904304206371307 1.020019292831421
v 0.042177509516477585 0.23690202832221985 1.010632872581482
v 0.2058737725019455 0.2897484004497528 1.227024793624878
v 0.36235311627388 0.29581013321876526 1.2290449142456055
v -0.31236201524734497 0.2940525412559509 1.2363139390945435
v -0.14408692717552185 0.2598150670528412 1.0977416038513184
v -0.007344638928771019 0.2336612343788147 0.992566704750061
v 0.140273779630661 0.28156179189682007 1.2091155052185059
v 0.3419690728187561 0.3219798803329468 1.3838651180267334
v -0.38888809084892273 0.30299708247184753 1.2651922702789307
v -0.21836119890213013 0.2879037857055664 1.214261531829834
v -0.05633312463760376 0.23698285222053528 1.000532627105713
v 0.07425472140312195 0.26048609614372253 1.0997852087020874
v 0.23653225600719452 0.2933254539966583 1.2231669425964355
v 0.3926747441291809 0.29517075419425964 1.2200502157211304
v -0.27992331981658936 0.2934321165084839 1.225761890411377
v -0.11596877872943878 0.26249346137046814 1.0970262289047241
v 0.018763544037938118 0.23837250471115112 1.0010446310043335
v 0.17450538277626038 0.2925771176815033 1.2225252389907837
v 0.34234723448753357 0.31413185596466064 1.257189154624939
v -0.3526186943054199 0.3027094304561615 1.249452829360962
v -0.18189716339111328 0.28583404421806335 1.187920331954956
v -0.030506188049912453 0.23787830770015717 0.9942134022712708
v 0.1043071448802948 0.2675861120223999 1.1140601634979248
v 0.2710912823677063 0.29881569743156433 1.2352886199951172
v -0.41941967606544495 0.308195561170578 1.2556078433990479
v -0.24681970477104187 0.2929641604423523 1.2142958641052246
v -0.08098941296339035 0.24613066017627716 1.0223342180252075
v 0.04514585807919502 0.24556750059127808 1.0189584493637085
v 0.20740234851837158 0.29562315344810486 1.216742992401123
v 0.36201438307762146 0.3015780448913574 1.2183688879013062
v -0.30665454268455505 0.2990529537200928 1.2237954139709473
v -0.14256399869918823 0.2703441381454468 1.1103047132492065
v -0.004832880105823278 0.24122804403305054 0.997618556022644
v 0.1448945701122284 0.2937374413013458 1.2200713157653809
v 0.3307607173919678 0.32371288537979126 1.331526279449463
v -0.3820607662200928 0.30671560764312744 1.25212562084198
v -0.21380025148391724 0.2934653162956238 1.2034591436386108
v -0.054036945104599 0.24413959681987762 1.0038113594055176
v 0.07767515629529953 0.26995551586151123 1.107710361480713
v 0.23808641731739044 0.2991059720516205 1.2132761478424072
v 0.391362726688385 0.3005012273788452 1.2071133852005005
v -0.27434730529785156 0.2983574867248535 1.2136905193328857
v -0.11420238763093948 0.2726897895336151 1.1084563732147217
v 0.021470889449119568 0.24642829596996307 1.0073778629302979
v 0.17717349529266357 0.2984234094619751 1.2135854959487915
v 0.34481558203697205 0.3186894953250885 1.245694875717163
v -0.3471118211746216 0.3096199035644531 1.2430944442749023
v -0.17928412556648254 0.2936171591281891 1.18694007396698
v -0.028180472552776337 0.2453218400478363 0.9988367557525635
v 0.10982933640480042 0.28171437978744507 1.140014886856079
v 0.27175775170326233 0.3044359087944031 1.2239292860031128
v -0.4122501313686371 0.3115188181400299 1.2407054901123047
v -0.24077922105789185 0.29808419942855835 1.202373743057251
v -0.0786827951669693 0.2534273564815521 1.0253353118896484
v 0.04844994843006134 0.25505733489990234 1.029045581817627
v 0.2088650017976761 0.3013637363910675 1.206282377243042
v 0.36229175329208374 0.3087741434574127 1.2113137245178223
v -0.3008960783481598 0.30350056290626526 1.2101404666900635
v -0.14283427596092224 0.2842175364494324 1.135478138923645
v -0.002277977531775832 0.24898163974285126 1.0032035112380981
v 0.14626732468605042 0.3004094958305359 1.2058597803115845
v 0.3206545114517212 0.3234957456588745 1.2833821773529053
v -0.3758198618888855 0.311212956905365 1.2373948097229004
v -0.20876982808113098 0.2987838089466095 1.1925511360168457
v -0.0517665259540081 0.2515032887458801 1.0076079368591309
v 0.08136718720197678 0.28005459904670715 1.117696762084961
v 0.24001605808734894 0.3049539029598236 1.2043466567993164
v 0.39093661308288574 0.3069021701812744 1.1964884996414185
v -0.2689352333545685 0.3035295009613037 1.201493740081787
v -0.11235257238149643 0.28562796115875244 1.129714846611023
v 0.02418876439332962 0.25481468439102173 1.0146061182022095
v 0.17993780970573425 0.3035610020160675 1.2021827697753906
v 0.3491000831127167 0.3275676667690277 1.2497071027755737
v -0.3410206139087677 0.3146873414516449 1.2281696796417236
v -0.17602534592151642 0.30005115270614624 1.1826947927474976
v -0.02582819014787674 0.2530593276023865 1.0040441751480103
v 0.11596642434597015 0.2978914976119995 1.1710220575332642
v 0.27194854617118835 0.3099333345890045 1.2123641967773438
v -0.4025465250015259 0.31361567974090576 1.2242642641067505
v -0.23493324220180511 0.3032984733581543 1.190479040145874
v -0.0763736441731453 0.2610118091106415 1.029157280921936
v 0.052304238080978394 0.2655653953552246 1.0439186096191406
v 0.2105560153722763 0.30716753005981445 1.196110486984253
v 0.3649113178253174 0.31813424825668335 1.207629680633545
v -0.2950354516506195 0.3078502416610718 1.1965612173080444
v -0.14369505643844604 0.2972494959831238 1.159748911857605
v 0.0003173836157657206 0.257092148065567 1.009549617767334
v 0.14847546815872192 0.30633974075317383 1.196000576019287
v 0.31815800070762634 0.32751381397247314 1.2562286853790283
v -0.3702174723148346 0.3166452646255493 1.223908543586731
v -0.20371778309345245 0.3039645552635193 1.1823452711105347
v -0.04946696013212204 0.2591606080532074 1.0120224952697754
v 0.08560754358768463 0.2915014922618866 1.1331015825271606
v 0.24196399748325348 0.31088703870773315 1.1954269409179688
v 0.3920294940471649 0.3138090968132019 1.188888430595398
v -0.2631867229938507 0.3081156313419342 1.1894285678863525
v -0.10945085436105728 0.2959010601043701 1.1422345638275146
v 0.026993196457624435 0.2637656331062317 1.0231496095657349
v 0.18193919956684113 0.3090038597583771 1.1905803680419922
v 0.35258573293685913 0.3369116485118866 1.2539007663726807
v -0.33351996541023254 0.3175564706325531 1.211089015007019
v -0.17217862606048584 0.3051758408546448 1.1737017631530762
v -0.023423822596669197 0.26118120551109314 1.0101284980773926
v 0.12051339447498322 0.30647173523902893 1.1779683828353882
v 0.2727828323841095 0.31521081924438477 1.201497197151184
v -0.39221683144569397 0.3163911700248718 1.2103164196014404
v -0.2295348048210144 0.3087446391582489 1.1796767711639404
v -0.07406331598758698 0.26900842785835266 1.0338996648788452
v 0.05853518098592758 0.29487180709838867 1.133387565612793
v 0.21214117109775543 0.31284764409065247 1.1864477396011353
v 0.37079373002052307 0.328579843044281 1.2090109586715698
v -0.2895396947860718 0.3121464252471924 1.1844303607940674
v -0.14080959558486938 0.30475983023643494 1.1582363843917847
v 0.0029349939431995153 0.2657606899738312 1.0169838666915894
v 0.150907501578331 0.3115572929382324 1.1845839023590088
v 0.31378453969955444 0.3296531140804291 1.226287603378296
v -0.3669542968273163 0.32408392429351807 1.215511441230774
v -0.19869621098041534 0.3091379404067993 1.172410011291504
v -0.0471697673201561 0.2673560380935669 1.0175268650054932
v 0.09008394926786423 0.30139946937561035 1.1406666040420532
v 0.24253037571907043 0.3161294758319855 1.1853218078613281
v 0.39487966895103455 0.322236567735672 1.1851716041564941
v -0.25714123249053955 0.312671422958374 1.1774940490722656
v -0.10697423666715622 0.30230024456977844 1.1405847072601318
v 0.03003314882516861 0.27375391125679016 1.034144401550293
v 0.18234090507030487 0.3146664500236511 1.179281234741211
v 0.3530018627643585 0.3436679542064667 1.2516777515411377
v -0.3227715492248535 0.31869783997535706 1.192092776298523
v -0.1678570806980133 0.3100702166557312 1.1635024547576904
v -0.021037744358181953 0.27003464102745056 1.0175257921218872
v 0.1223650798201561 0.3116777539253235 1.1698113679885864
v 0.2730647921562195 0.3200998306274414 1.190325140953064
v -0.38171204924583435 0.3190222680568695 1.1943155527114868
v -0.2243657410144806 0.3136615753173828 1.169979214668274
v -0.07176695019006729 0.277709037065506 1.0400238037109375
v 0.062042247503995895 0.3020356297492981 1.1306085586547852
v 0.2133054882287979 0.3185146749019623 1.176979899406433
v 0.37734198570251465 0.337358683347702 1.211599349975586
v -0.28418460488319397 0.3168351352214813 1.1729481220245361
v -0.13692127168178558 0.31030330061912537 1.1527137756347656
v 0.005678725894540548 0.2755312919616699 1.0266441106796265
v 0.1530376374721527 0.3161696493625641 1.170750617980957
v 0.3094539940357208 0.33106398582458496 1.2037744522094727
v -0.3626309633255005 0.32948800921440125 1.2071274518966675
v -0.19363774359226227 0.31443750858306885 1.1621172428131104
v -0.04492442309856415 0.2764369547367096 1.0249338150024414
v 0.09158127009868622 0.3072560429573059 1.1339786052703857
v 0.24351909756660461 0.3212479054927826 1.1754374504089355
v 0.40238767862319946 0.33495527505874634 1.1897366046905518
v -0.25118330121040344 0.31751543283462524 1.1661845445632935
v -0.10397490859031677 0.30691954493522644 1.1319876909255981
v 0.03377598896622658 0.28560397028923035 1.049813151359558
v 0.18254101276397705 0.3205040693283081 1.1669306755065918
v 0.35211268067359924 0.345603883266449 1.2331799268722534
v -0.31260946393013 0.32090914249420166 1.1735706329345703
v -0.16358666121959686 0.3152560591697693 1.154302954673767
v -0.018579335883259773 0.28034812211990356 1.0280680656433105
v 0.12470147013664246 0.3167862594127655 1.1598889827728271
v 0.27357855439186096 0.3249528706073761 1.1793196201324463
v -0.3726018965244293 0.3215884864330292 1.1769033670425415
v -0.21930798888206482 0.3187289834022522 1.159945011138916
v -0.06972891092300415 0.2874957323074341 1.048848032951355
v 0.06533797085285187 0.30959099531173706 1.1309317350387573
v 0.21474896371364594 0.32414963841438293 1.1676669120788574
v 0.382596880197525 0.34394869208335876 1.2151196002960205
v -0.27872928977012634 0.3217635154724121 1.1620181798934937
v -0.13335032761096954 0.3156258761882782 1.1451854705810547
v 0.008743302896618843 0.28696468472480774 1.040847897529602
v 0.15452535450458527 0.321267306804657 1.1576594114303589
v 0.30654528737068176 0.33315062522888184 1.186935305595398
v -0.35296133160591125 0.3313780128955841 1.1930474042892456
v -0.18874655663967133 0.31944704055786133 1.1521527767181396
v -0.04262438043951988 0.28675201535224915 1.0356452465057373
v 0.09473299980163574 0.3143368065357208 1.1315381526947021
v 0.24453997611999512 0.3261248469352722 1.1653308868408203
v 0.41437381505966187 0.3455561399459839 1.1969516277313232
v -0.24572837352752686 0.32266125082969666 1.1557682752609253
v -0.0989016443490982 0.3077094554901123 1.1032040119171143
v 0.037412114441394806 0.2991151809692383 1.0743350982666016
v 0.18386602401733398 0.3255355656147003 1.1550005674362183
v 0.3476979434490204 0.3430732190608978 1.2009116411209106
v -0.3048761785030365 0.3243870735168457 1.1577070951461792
v -0.15940307080745697 0.3206315040588379 1.1448488235473633
v -0.015910059213638306 0.29222798347473145 1.0448189973831177
v 0.12681028246879578 0.32195284962654114 1.150090217590332
v 0.2742454409599304 0.3294399082660675 1.1676676273345947
v -0.3651953637599945 0.3255901634693146 1.1631405353546143
v -0.21434004604816437 0.32387351989746094 1.1496951580047607
v -0.06806778162717819 0.2988884449005127 1.0616998672485352
v 0.07009314745664597 0.31932753324508667 1.138867735862732
v 0.2159852534532547 0.3289976716041565 1.1589593887329102
v 0.3843991160392761 0.3494550287723541 1.210121989250183
v -0.2736923098564148 0.3269669711589813 1.1521867513656616
v -0.12922172248363495 0.32090362906455994 1.1360657215118408
v 0.01213076338171959 0.29989662766456604 1.0605170726776123
v 0.15593993663787842 0.32618457078933716 1.1457756757736206
v 0.30411064624786377 0.3350004255771637 1.170177936553955
v -0.3384320139884949 0.33156394958496094 1.1710593700408936
v -0.18385013937950134 0.32457512617111206 1.1421502828598022
v -0.040477074682712555 0.2990224063396454 1.0528590679168701
v 0.09768698364496231 0.32173117995262146 1.1293238401412964
v 0.24527928233146667 0.3307936489582062 1.1556373834609985
v -0.3995491862297058 0.3253650367259979 1.1277599334716797
v -0.24082593619823456 0.3279244899749756 1.1458312273025513
v -0.09878823161125183 0.3191470503807068 1.1217819452285767
v 0.04118802770972252 0.3097641170024872 1.0813496112823486
v 0.18580518662929535 0.33001869916915894 1.1446613073349
v 0.3426100015640259 0.3425248861312866 1.1818066835403442
v -0.2986373007297516 0.3292849361896515 1.145586371421814
v -0.1547461301088333 0.32562971115112305 1.1351842880249023
v -0.012851238250732422 0.3069652318954468 1.0715770721435547
v 0.12857450544834137 0.32682040333747864 1.1381641626358032
v 0.27445223927497864 0.333188533782959 1.1554476022720337
v -0.3567914068698883 0.33001816272735596 1.1499409675598145
v -0.2092115879058838 0.3290573060512543 1.1393595933914185
v -0.06585843116044998 0.31067579984664917 1.0798475742340088
v 0.07245933264493942 0.3252612352371216 1.1314959526062012
v 0.21687741577625275 0.33326083421707153 1.149124264717102
v 0.3822158873081207 0.3521246612071991 1.1976509094238281
v -0.26851752400398254 0.3320865333080292 1.1425118446350098
v -0.12500251829624176 0.326231986284256 1.1270642280578613
v 0.015021923929452896 0.3112368881702423 1.07625150680542
v 0.15783770382404327 0.33094799518585205 1.1340761184692383
v 0.3023381531238556 0.3379301428794861 1.1549705266952515
v -0.3268968462944031 0.3332643210887909 1.1483228206634521
v -0.17899568378925323 0.32966917753219604 1.1321793794631958
v -0.04056568443775177 0.31886330246925354 1.101422905921936
v 0.10101380944252014 0.3286677598953247 1.128926157951355
v 0.2462230622768402 0.33566391468048096 1.1459290981292725
v -0.38769635558128357 0.33298423886299133 1.1321161985397339
v -0.23597104847431183 0.3331955671310425 1.1361339092254639
v -0.09537358582019806 0.32626378536224365 1.1173779964447021
v 0.04579448699951172 0.32774215936660767 1.1265842914581299
v 0.1878221184015274 0.33457544445991516 1.1348463296890259
v 0.3390757143497467 0.34367668628692627 1.1640608310699463
v -0.29311391711235046 0.33462703227996826 1.1364854574203491
v -0.15008339285850525 0.3305579125881195 1.1257399320602417
v -0.010388903319835663 0.315918892621994 1.0776753425598145
v 0.13047727942466736 0.3319872319698334 1.1276813745498657
v 0.27478256821632385 0.33791059255599976 1.1440198421478271
v -0.35007840394973755 0.3348148763179779 1.1362693309783936
v -0.20414426922798157 0.33410975337028503 1.1290374994277954
v -0.06723657250404358 0.32867616415023804 1.118585228919983
v 0.075080007314682 0.3307121694087982 1.1233949661254883
v 0.21752211451530457 0.3373192548751831 1.137347936630249
v 0.3792741000652313 0.3537307679653168 1.181793451309204
v -0.2632618546485901 0.33698028326034546 1.1328355073928833
v -0.12095406651496887 0.3312017321586609 1.1186212301254272
v 0.017427360638976097 0.3296186923980713 1.1215929985046387
v 0.16000837087631226 0.3356717824935913 1.125373125076294
v 0.30272334814071655 0.3419906198978424 1.1420443058013916
v -0.31894612312316895 0.33702555298805237 1.1318281888961792
v -0.17429357767105103 0.3346502184867859 1.1226747035980225
v -0.03725754842162132 0.3298010528087616 1.1110161542892456
v 0.10298202931880951 0.33360135555267334 1.119877576828003
v 0.24731473624706268 0.34053346514701843 1.1369484663009644
v -0.374754399061203 0.3351084887981415 1.118364930152893
v -0.23118071258068085 0.3381129801273346 1.1266807317733765
v -0.09154076874256134 0.3320554494857788 1.1118814945220947
v 0.04833820089697838 0.333141952753067 1.1185963153839111
v 0.1894928514957428 0.33881327509880066 1.1265084743499756
v 0.3368087708950043 0.34755057096481323 1.1502689123153687
v -0.28841742873191833 0.3401085138320923 1.12846040725708
v -0.1456855833530426 0.33531007170677185 1.1166837215423584
v -0.007821068167686462 0.33169645071029663 1.1062943935394287
v 0.1328595131635666 0.33672603964805603 1.1192840337753296
v 0.2745261788368225 0.342782586812973 1.133588194847107
v -0.3439689576625824 0.33971837162971497 1.1250215768814087
v -0.19948704540729523 0.33875951170921326 1.1195282936096191
v -0.06296177208423615 0.3342764377593994 1.108075499534607
v 0.07737308740615845 0.33552709221839905 1.113795518875122
v 0.21845006942749023 0.34133288264274597 1.1269347667694092
v 0.37678778171539307 0.356209933757782 1.16689932346344
v -0.2580397427082062 0.34162676334381104 1.123463749885559
v -0.11695645749568939 0.33603107929229736 1.1101268529891968
v 0.021645555272698402 0.33516189455986023 1.1093051433563232
v 0.1620742678642273 0.33993178606033325 1.1182737350463867
v 0.3030228316783905 0.34648048877716064 1.1313589811325073
v -0.3123500943183899 0.34243902564048767 1.122084379196167
v -0.17002257704734802 0.3392835855484009 1.1135213375091553
v -0.034182846546173096 0.33591046929359436 1.103701114654541
v 0.10543739795684814 0.33811238408088684 1.1108384132385254
v 0.24814589321613312 0.34510019421577454 1.1285425424575806
v -0.3659936487674713 0.3394005298614502 1.1092312335968018
v -0.22627213597297668 0.34259411692619324 1.1171795129776
v -0.08758114278316498 0.3374391496181488 1.1043580770492554
v 0.051639433950185776 0.33764761686325073 1.1088474988937378
v 0.19114498794078827 0.3427871763706207 1.118090033531189
v 0.33599838614463806 0.3520064353942871 1.1401841640472412
v -0.28382566571235657 0.34538576006889343 1.1206222772598267
v -0.14144138991832733 0.3399159610271454 1.1077574491500854
v -0.00441797636449337 0.3373173773288727 1.0995792150497437
v 0.13514146208763123 0.34115588665008545 1.1115007400512695
v 0.27198976278305054 0.3459306061267853 1.1127126216888428
v -0.33862176537513733 0.34482160210609436 1.1145987510681152
v -0.19496415555477142 0.34337377548217773 1.110181450843811
v -0.05952756106853485 0.33932387828826904 1.0997655391693115
v 0.07963607460260391 0.3401655852794647 1.1042585372924805
v 0.21923471987247467 0.3457428514957428 1.1175702810287476
v 0.37488651275634766 0.3601895570755005 1.1527824401855469
v -0.25302138924598694 0.3462992012500763 1.1136970520019531
v -0.112879678606987 0.3407544791698456 1.1017520427703857
v 0.02512216940522194 0.3400639593601227 1.100556492805481
v 0.1638769805431366 0.3442312180995941 1.110499382019043
v 0.3035432696342468 0.35130026936531067 1.1220839023590088
v -0.3072068393230438 0.348285436630249 1.1146193742752075
v -0.16602158546447754 0.34406304359436035 1.1044026613235474
v -0.03056430071592331 0.3409331440925598 1.0962949991226196
v 0.10803477466106415 0.34302350878715515 1.1025314331054688
v 0.24586060643196106 0.34882575273513794 1.1064577102661133
v -0.3590262234210968 0.3451593518257141 1.1031293869018555
v -0.22125506401062012 0.3470328152179718 1.1072912216186523
v -0.08419139683246613 0.34264782071113586 1.0963643789291382
v 0.05428332835435867 0.3427872955799103 1.0994592905044556
v 0.1928781121969223 0.3473678231239319 1.1085939407348633
v 0.3355984687805176 0.35701924562454224 1.131072998046875
v -0.2786925137042999 0.3503519296646118 1.1115186214447021
v -0.13752371072769165 0.34463414549827576 1.0991512537002563
v -0.0012795666698366404 0.34270381927490234 1.093448281288147
v 0.13696658611297607 0.3458263576030731 1.1034481525421143
v 0.2734817564487457 0.3519558906555176 1.106584906578064
v -0.3331027030944824 0.35050541162490845 1.10612154006958
v -0.1906675547361374 0.3481634557247162 1.1013784408569336
v -0.0561864860355854 0.34444189071655273 1.0922927856445312
v 0.08204557001590729 0.3453855812549591 1.0961987972259521
v 0.2211388647556305 0.35089102387428284 1.1101027727127075
v 0.3749328851699829 0.36632391810417175 1.141189694404602
v -0.24815447628498077 0.3509575128555298 1.1047567129135132
v -0.10891382396221161 0.3456619381904602 1.0935229063034058
v 0.0273484718054533 0.3455697000026703 1.093317985534668
v 0.16561274230480194 0.34891289472579956 1.102129340171814
v 0.30422309041023254 0.3564739227294922 1.11374032497406
v -0.30287426710128784 0.35396265983581543 1.1072750091552734
v -0.16225148737430573 0.34894859790802 1.0958150625228882
v -0.026864582672715187 0.3459851145744324 1.0878618955612183
v 0.11029087007045746 0.34787464141845703 1.094631552696228
v 0.24735933542251587 0.35476943850517273 1.0998969078063965
v -0.35333696007728577 0.35101011395454407 1.0972946882247925
v -0.21637971699237823 0.3514377176761627 1.0988128185272217
v -0.08097705245018005 0.3477364778518677 1.0889755487442017
v 0.05650528520345688 0.3479019105434418 1.0912761688232422
v 0.19408731162548065 0.35282614827156067 1.1003615856170654
v 0.33526793122291565 0.3616411089897156 1.1210761070251465
v -0.27369067072868347 0.3552972376346588 1.1027456521987915
v -0.1338900327682495 0.34966304898262024 1.0905805826187134
v 0.001653895596973598 0.34856945276260376 1.087247610092163
v 0.13850544393062592 0.35102152824401855 1.0957385301589966
v 0.27495914697647095 0.35783132910728455 1.099037528038025
v -0.32776063680648804 0.3559762239456177 1.0983905792236328
v -0.18681959807872772 0.35306501388549805 1.0933127403259277
v -0.05280039459466934 0.34926339983940125 1.0842283964157104
v 0.08435621112585068 0.35078883171081543 1.0882896184921265
v 0.2230144739151001 0.35647809505462646 1.103387713432312
v 0.3778418302536011 0.37395501136779785 1.1313260793685913
v -0.24374043941497803 0.35572299361228943 1.096902847290039
v -0.10541437566280365 0.350930780172348 1.0852912664413452
v 0.029603270813822746 0.3509262502193451 1.0857590436935425
v 0.16698114573955536 0.3543064594268799 1.0933109521865845
v 0.30439573526382446 0.3617129325866699 1.1056339740753174
v -0.2983599603176117 0.359285444021225 1.0999994277954102
v -0.15885914862155914 0.35411253571510315 1.087218999862671
v -0.02315036952495575 0.3511481285095215 1.0798217058181763
v 0.11161428689956665 0.35310620069503784 1.086991786956787
v 0.2511865794658661 0.36084693670272827 1.1038857698440552
v -0.34904608130455017 0.35691696405410767 1.0905277729034424
v -0.2120155394077301 0.35615307092666626 1.0907576084136963
v -0.07750319689512253 0.35284534096717834 1.081656813621521
v 0.05874599143862724 0.35353028774261475 1.0838044881820679
v 0.19416384398937225 0.35857850313186646 1.0925132036209106
v 0.33529841899871826 0.36653459072113037 1.1111853122711182
v -0.2692602276802063 0.3604110777378082 1.094457745552063
v -0.13075953722000122 0.35481539368629456 1.0815593004226685
v 0.004624886438250542 0.35420554876327515 1.0806444883346558
v 0.13976067304611206 0.35691356658935547 1.0875053405761719
v 0.2768528461456299 0.36405402421951294 1.1001620292663574
v -0.3228549361228943 0.3617571294307709 1.0911062955856323
v -0.18346019089221954 0.358136922121048 1.085432529449463
v -0.04928988590836525 0.35403281450271606 1.0759565830230713
v 0.08610232174396515 0.35603785514831543 1.0805959701538086
v 0.22415068745613098 0.3626191318035126 1.0968807935714722
v 0.3846658170223236 0.3846588134765625 1.1274333000183105
v -0.24031277000904083 0.360813707113266 1.0881450176239014
v -0.10214449465274811 0.3561028242111206 1.0770525932312012
v 0.03153987228870392 0.35674843192100525 1.0785797834396362
v 0.1676325649023056 0.36066892743110657 1.083770513534546
v 0.3044551610946655 0.3669711649417877 1.098087191581726
v -0.29412364959716797 0.36446133255958557 1.091314673423767
v -0.15598182380199432 0.3591291606426239 1.077398419380188
v -0.02064739540219307 0.35597631335258484 1.0715725421905518
v 0.11343520134687424 0.35939809679985046 1.078654408454895
v 0.25134289264678955 0.36660894751548767 1.0958094596862793
v -0.3443504869937897 0.3635665476322174 1.0822677612304688
v -0.20896480977535248 0.36257031559944153 1.0821452140808105
v -0.0748203918337822 0.35775965452194214 1.0735394954681396
v 0.06036168709397316 0.35952335596084595 1.075693130493164
v 0.1959676295518875 0.36646899580955505 1.0859060287475586
v 0.3344693183898926 0.37274158000946045 1.100919485092163
v -0.26605579257011414 0.36599957942962646 1.0847359895706177
v -0.12871107459068298 0.3616863489151001 1.072382926940918
v 0.006551402620971203 0.3597472608089447 1.072562575340271
v 0.14124158024787903 0.3646338880062103 1.077462077140808
v 0.2773301601409912 0.3703668713569641 1.0916699171066284
v -0.3171718418598175 0.36906662583351135 1.0798845291137695
v -0.18161669373512268 0.36485520005226135 1.07476806640625
v -0.04659512639045715 0.3598249852657318 1.065874695777893
v 0.08725114166736603 0.3647126257419586 1.0706028938293457
v 0.22712963819503784 0.3728337287902832 1.0870163440704346
v 0.37824490666389465 0.40269455313682556 1.100455403327942
