v -0.3487924635410309 -0.3410971164703369 0.947894275188446
v -0.22131788730621338 -0.36710211634635925 1.0629208087921143
v -0.08922078460454941 -0.36153101921081543 1.0586804151535034
v 0.04243520274758339 -0.36317166686058044 1.0493359565734863
v 0.15577711164951324 -0.33568695187568665 0.9453776478767395
v 0.28971609473228455 -0.3509374260902405 1.004299521446228
v -0.2657451927661896 -0.3632187247276306 1.0451099872589111
v -0.1415083110332489 -0.3621746897697449 1.0587588548660278
v -0.012194633483886719 -0.35827580094337463 1.0417029857635498
v 0.12272324413061142 -0.36981257796287537 1.0769894123077393
v 0.2435595691204071 -0.3483462333679199 1.0267045497894287
v -0.3119628429412842 -0.34121811389923096 1.0086110830307007
v -0.19651515781879425 -0.35900458693504333 1.0725728273391724
v -0.06378133594989777 -0.3543276786804199 1.05665123462677
v 0.06920401006937027 -0.36672815680503845 1.0782829523086548
v 0.1962253600358963 -0.3539482355117798 1.0389771461486816
v 0.2893185615539551 -0.3207470178604126 0.9338149428367615
v -0.24310098588466644 -0.3561868667602539 1.0536619424819946
v -0.11344128847122192 -0.3535643219947815 1.0650898218154907
v 0.015685008838772774 -0.35432982444763184 1.0419467687606812
v 0.14351369440555573 -0.3496682047843933 1.0467628240585327
v 0.26555153727531433 -0.33999061584472656 1.014615774154663
v -0.28772079944610596 -0.34361597895622253 1.0185168981552124
v -0.168487548828125 -0.35568711161613464 1.0664417743682861
v -0.03675515204668045 -0.34781914949417114 1.0461053848266602
v 0.09622042626142502 -0.3639579713344574 1.0808639526367188
v 0.2215973138809204 -0.3464996814727783 1.03164541721344
v -0.32483991980552673 -0.3147289454936981 0.955873429775238
v -0.2199433445930481 -0.35151904821395874 1.060468077659607
v -0.08779741078615189 -0.3478057384490967 1.0599331855773926
v 0.041756752878427505 -0.34747153520584106 1.037125587463379
v 0.17121869325637817 -0.34958335757255554 1.0584750175476074
v 0.2876318097114563 -0.33455926179885864 0.9953073859214783
v -0.2640102207660675 -0.349110871553421 1.0403740406036377
v -0.13979268074035645 -0.35043346881866455 1.060278058052063
v -0.009618595242500305 -0.34509798884391785 1.0405797958374023
v 0.11645292490720749 -0.3445279002189636 1.0284913778305054
v 0.24432799220085144 -0.33830875158309937 1.0258862972259521
v -0.3073595464229584 -0.3306950330734253 1.0096901655197144
v -0.19253939390182495 -0.3474138379096985 1.0644646883010864
v -0.06065799295902252 -0.3432115614414215 1.053275227546692
v 0.07037542015314102 -0.35562893748283386 1.0767308473587036
v 0.19723309576511383 -0.3430042564868927 1.0367019176483154
v 0.29058516025543213 -0.3075575828552246 0.9288345575332642
v -0.24037013947963715 -0.34657883644104004 1.049307107925415
v -0.11115656048059464 -0.34480369091033936 1.0652343034744263
v 0.017637422308325768 -0.34347155690193176 1.0423892736434937
v 0.14307861030101776 -0.33786702156066895 1.043925404548645
v 0.2663997411727905 -0.3331458568572998 1.0104858875274658
v -0.285144180059433 -0.33577990531921387 1.0205334424972534
v -0.16497598588466644 -0.3456844687461853 1.06158447265625
v -0.034086745232343674 -0.3381834328174591 1.0433342456817627
v 0.09573804587125778 -0.3517649471759796 1.0594420433044434
v 0.22341273725032806 -0.3381870985031128 1.032144546508789
v -0.3024677634239197 -0.29309892654418945 0.9089478254318237
v -0.21644875407218933 -0.34164533019065857 1.0583645105361938
v -0.08474870026111603 -0.34052032232284546 1.0587618350982666
v 0.04401129484176636 -0.3411167562007904 1.0407017469406128
v 0.17256499826908112 -0.34133878350257874 1.053493857383728
v 0.2887033224105835 -0.3260611593723297 0.9909082651138306
v -0.26127222180366516 -0.3407544195652008 1.0384728908538818
v -0.13783302903175354 -0.3425753116607666 1.061829924583435
v -0.006565600633621216 -0.3355734646320343 1.0400855541229248
v 0.11714955419301987 -0.3318733870983124 1.0168870687484741
v 0.2463163286447525 -0.33130788803100586 1.0251871347427368
v -0.3040958344936371 -0.3246042728424072 1.0105090141296387
v -0.19037458300590515 -0.3398606479167938 1.0621849298477173
v -0.05793841928243637 -0.3353407084941864 1.0508171319961548
v 0.07181218266487122 -0.3438248634338379 1.0540074110031128
v 0.19874073565006256 -0.33517858386039734 1.0260894298553467
v 0.30524489283561707 -0.31029006838798523 0.966135561466217
v -0.23641127347946167 -0.3376753032207489 1.0447440147399902
v -0.10900242626667023 -0.33796966075897217 1.0657044649124146
v 0.019977953284978867 -0.3351411521434784 1.0428189039230347
v 0.13475215435028076 -0.30083587765693665 0.939018726348877
v 0.26914021372795105 -0.3269713222980499 1.008972406387329
v -0.28218862414360046 -0.3294103145599365 1.0239474773406982
v -0.16217689216136932 -0.33825406432151794 1.0610538721084595
v -0.03064553253352642 -0.33009693026542664 1.0404348373413086
v 0.10044269263744354 -0.35004639625549316 1.0922610759735107
v 0.224931001663208 -0.3308119475841522 1.0268114805221558
v -0.29888811707496643 -0.2858361005783081 0.9118965864181519
v -0.21277296543121338 -0.33320391178131104 1.0563114881515503
v -0.08169129490852356 -0.3335888683795929 1.058023452758789
v 0.046759553253650665 -0.33543846011161804 1.0440850257873535
v 0.1744932234287262 -0.33325472474098206 1.0503803491592407
v 0.28974494338035583 -0.3180236220359802 0.9871968626976013
v -0.2581007480621338 -0.3325229287147522 1.0373718738555908
v -0.1356268674135208 -0.33501115441322327 1.0640349388122559
v -0.00367306312546134 -0.32721906900405884 1.039913535118103
v 0.12559372186660767 -0.3399844467639923 1.0815712213516235
v 0.24654032289981842 -0.32382285594940186 1.0124870538711548
v -0.30079975724220276 -0.31750327348709106 1.0083707571029663
v -0.17327441275119781 -0.3071286678314209 0.9757236242294312
v -0.05536513775587082 -0.32713082432746887 1.0496021509170532
v 0.07556137442588806 -0.33729296922683716 1.0521191358566284
v 0.20073272287845612 -0.3275339901447296 1.024780035018921
v 0.308599591255188 -0.30413419008255005 0.9680292010307312
v -0.23233580589294434 -0.32833918929100037 1.0403201580047607
v -0.10683060437440872 -0.3302347660064697 1.0673106908798218
v 0.022695710882544518 -0.3276999294757843 1.043529748916626
v 0.14525862038135529 -0.3257897198200226 1.0468246936798096
v 0.2714892029762268 -0.31980371475219727 1.0071007013320923
v -0.2798866629600525 -0.32297056913375854 1.0278091430664062
v -0.15989302098751068 -0.33079656958580017 1.0629181861877441
v -0.02761145867407322 -0.3209337890148163 1.0396314859390259
v 0.10375618189573288 -0.3437477648258209 1.0955214500427246
v 0.226375550031662 -0.32381537556648254 1.0249998569488525
v -0.30575063824653625 -0.2868710160255432 0.9428711533546448
v -0.2028050720691681 -0.31947267055511475 1.0167460441589355
v -0.07939543575048447 -0.3252626061439514 1.0567381381988525
v 0.05039207637310028 -0.32958200573921204 1.046803593635559
v 0.17000216245651245 -0.31298109889030457 1.0019046068191528
v 0.2911413609981537 -0.30986475944519043 0.9850711822509766
v -0.2553313672542572 -0.32403072714805603 1.0373846292495728
v -0.1333645135164261 -0.3270765542984009 1.071567177772522
v -0.0006004343740642071 -0.3193843960762024 1.0394994020462036
v 0.12774395942687988 -0.331032931804657 1.0781595706939697
v 0.24923032522201538 -0.3167542517185211 1.0101041793823242
v -0.3009556531906128 -0.31380119919776917 1.0152525901794434
v -0.17203350365161896 -0.3054400086402893 0.9914461374282837
v -0.05286935344338417 -0.3190905749797821 1.0459131002426147
v 0.07907260209321976 -0.33060789108276367 1.0506008863449097
v 0.202454075217247 -0.3196253478527069 1.0250850915908813
v 0.3122996389865875 -0.29829561710357666 0.9700725674629211
v -0.22943738102912903 -0.31979626417160034 1.0371758937835693
v -0.10459940135478973 -0.32316797971725464 1.0667381286621094
v 0.025393370538949966 -0.32044175267219543 1.0442166328430176
v 0.14977459609508514 -0.3199634552001953 1.0525785684585571
v 0.27360793948173523 -0.31238892674446106 1.0052669048309326
v -0.2780417203903198 -0.31657129526138306 1.030961513519287
v -0.1573842465877533 -0.3235883414745331 1.063788652420044
v -0.024842336773872375 -0.31326255202293396 1.037451148033142
v 0.10700716823339462 -0.3363223373889923 1.096386194229126
v 0.22785207629203796 -0.3172193467617035 1.0220766067504883
v -0.32231444120407104 -0.3032360076904297 1.0058202743530273
v -0.19929468631744385 -0.3096068501472473 1.0113105773925781
v -0.07643036544322968 -0.31632718443870544 1.050281047821045
v 0.05385279655456543 -0.3235492706298828 1.047363519668579
v 0.17286430299282074 -0.30786871910095215 1.0022963285446167
v 0.2926013767719269 -0.302342027425766 0.9829043745994568
v -0.253099262714386 -0.3159380853176117 1.037721872329712
v -0.13104507327079773 -0.3205690085887909 1.0744043588638306
v 0.0023337858729064465 -0.3116714656352997 1.038536548614502
v 0.1201559379696846 -0.2984048128128052 0.9770049452781677
v 0.2519078254699707 -0.3100118935108185 1.0081545114517212
v -0.2998119592666626 -0.30887654423713684 1.0198009014129639
v -0.18009938299655914 -0.31723177433013916 1.0571011304855347
v -0.04943064600229263 -0.3080834150314331 1.0345298051834106
v 0.08202101290225983 -0.3237709403038025 1.0503114461898804
v 0.20352354645729065 -0.3116438686847687 1.0228471755981445
v 0.31627917289733887 -0.2916224002838135 0.9714900255203247
v -0.22707243263721466 -0.3120320439338684 1.0344362258911133
v -0.10172050446271896 -0.31436336040496826 1.0610909461975098
v 0.02806387096643448 -0.3132863938808441 1.0445083379745483
v 0.15414316952228546 -0.31440049409866333 1.0569974184036255
v 0.27560821175575256 -0.30504998564720154 1.0035086870193481
v -0.2765923738479614 -0.3101407289505005 1.033605933189392
v -0.15547171235084534 -0.3169347047805786 1.0673723220825195
v -0.02211633510887623 -0.30522677302360535 1.0339659452438354
v 0.11008480191230774 -0.3283623158931732 1.0952669382095337
v 0.2297038584947586 -0.31046122312545776 1.0197056531906128
v -0.3200078308582306 -0.297041654586792 1.006170392036438
v -0.20634885132312775 -0.31437429785728455 1.0613374710083008
v -0.07285182178020477 -0.30404382944107056 1.0369892120361328
v 0.056733664125204086 -0.31700509786605835 1.0483914613723755
v 0.17559877038002014 -0.3001177906990051 0.9976308345794678
v 0.2943197786808014 -0.2951936423778534 0.9815406799316406
v -0.25123658776283264 -0.30803602933883667 1.0376174449920654
v -0.12902025878429413 -0.31369102001190186 1.0765804052352905
v 0.0050329300574958324 -0.30463385581970215 1.0380816459655762
v 0.12297013401985168 -0.2908947765827179 0.9745470881462097
v 0.25479838252067566 -0.30314627289772034 1.0073806047439575
v -0.2985154390335083 -0.3033512830734253 1.0238115787506104
v -0.1778080016374588 -0.3105931282043457 1.0588984489440918
v -0.046256858855485916 -0.29704713821411133 1.0233031511306763
v 0.08480927348136902 -0.3168383538722992 1.0506826639175415
v 0.21040719747543335 -0.30817270278930664 1.0460619926452637
v 0.32032445073127747 -0.2852083742618561 0.9712713360786438
v -0.2234351634979248 -0.3039393126964569 1.0279892683029175
v -0.09816642105579376 -0.3031909167766571 1.0510176420211792
v 0.030924450606107712 -0.30595752596855164 1.0444154739379883
v 0.1580621302127838 -0.3087698221206665 1.0618641376495361
v 0.2780206501483917 -0.2977393865585327 1.0021088123321533
v -0.274898499250412 -0.30310049653053284 1.0374789237976074
v -0.15383490920066833 -0.30970850586891174 1.0723778009414673
v -0.01917087659239769 -0.29572805762290955 1.0268479585647583
v 0.11249447613954544 -0.31999266147613525 1.0927475690841675
v 0.2379140704870224 -0.30522972345352173 1.0393673181533813
v -0.31944283843040466 -0.29403814673423767 1.012151837348938
v -0.20332291722297668 -0.30696600675582886 1.0602455139160156
v -0.07000365853309631 -0.2945466637611389 1.0299873352050781
v 0.05950312688946724 -0.30944567918777466 1.049505352973938
v 0.18474236130714417 -0.30578508973121643 1.0577219724655151
v 0.296950101852417 -0.28835809230804443 0.9809024333953857
v -0.2492038607597351 -0.30007949471473694 1.0423108339309692
v -0.126596137881279 -0.30583521723747253 1.0740106105804443
v 0.007871528156101704 -0.29724785685539246 1.0380867719650269
v 0.12660694122314453 -0.2838781476020813 0.9720580577850342
v 0.25763237476348877 -0.29600948095321655 1.0070140361785889
v -0.29728394746780396 -0.2975081205368042 1.027436375617981
v -0.17532242834568024 -0.30385345220565796 1.0586344003677368
v -0.04352537542581558 -0.28792667388916016 1.016847014427185
v 0.08763804286718369 -0.309758722782135 1.0512996912002563
v 0.21430660784244537 -0.30205151438713074 1.0506373643875122
v 0.32540595531463623 -0.2793927490711212 0.9700206518173218
v -0.2254568487405777 -0.29969504475593567 1.053996205329895
v -0.09511426091194153 -0.29422906041145325 1.045433759689331
v 0.03367839753627777 -0.29849186539649963 1.0436837673187256
v 0.16184526681900024 -0.3031531572341919 1.0672602653503418
v 0.2807117700576782 -0.2907777428627014 1.0064637660980225
v -0.2730618119239807 -0.29629501700401306 1.0395259857177734
v -0.15091221034526825 -0.30226925015449524 1.078674554824829
v -0.016414377838373184 -0.286264568567276 1.0183861255645752
v 0.11443792283535004 -0.3111722469329834 1.0884140729904175
v 0.2361023724079132 -0.2964853048324585 1.0175319910049438
v -0.3179672956466675 -0.289537250995636 1.0164095163345337
v -0.1998598575592041 -0.2992350459098816 1.0566383600234985
v -0.06744462996721268 -0.28636953234672546 1.0264687538146973
v 0.06254389137029648 -0.3021154999732971 1.050359845161438
v 0.1886196732521057 -0.299643874168396 1.0611013174057007
v 0.29972460865974426 -0.28154659271240234 0.9799085259437561
v -0.24709096550941467 -0.29298338294029236 1.0448553562164307
v -0.122810959815979 -0.2960525155067444 1.066959261894226
v 0.010902239009737968 -0.29019197821617126 1.0369728803634644
v 0.13078485429286957 -0.27690738439559937 0.9693632125854492
v 0.2602677047252655 -0.28884074091911316 1.0064787864685059
v -0.29592329263687134 -0.29152247309684753 1.0304510593414307
v -0.17419341206550598 -0.2984163463115692 1.064523696899414
v -0.04090294986963272 -0.27978983521461487 1.0127664804458618
v 0.09026739746332169 -0.3029160797595978 1.0508975982666016
v 0.21747592091560364 -0.29565173387527466 1.050902247428894
v 0.3313102126121521 -0.27201583981513977 0.9670478701591492
v -0.22256746888160706 -0.2930339574813843 1.0538161993026733
v -0.09231985360383987 -0.28631120920181274 1.0427968502044678
v 0.036330852657556534 -0.2908693253993988 1.0430527925491333
v 0.16538453102111816 -0.29752010107040405 1.0730681419372559
v 0.28382977843284607 -0.28390517830848694 1.0071492195129395
v -0.2709016799926758 -0.28957661986351013 1.041912317276001
v -0.1493072360754013 -0.2956307828426361 1.0809382200241089
v -0.01370079442858696 -0.27751484513282776 1.011945128440857
v 0.11589302122592926 -0.30133843421936035 1.0818302631378174
v 0.23863250017166138 -0.28859007358551025 1.0134464502334595
v -0.31650230288505554 -0.28443217277526855 1.0199947357177734
v -0.1934564858675003 -0.28927454352378845 1.0356742143630981
v -0.06499098986387253 -0.2791109085083008 1.0251493453979492
v 0.06557902693748474 -0.29507651925086975 1.0508105754852295
v 0.19274382293224335 -0.293718159198761 1.0638689994812012
v 0.3025527596473694 -0.2746885418891907 0.977912187576294
v -0.24501647055149078 -0.28660300374031067 1.0476799011230469
v -0.11940271407365799 -0.2875489890575409 1.0625184774398804
v 0.013317502103745937 -0.28166666626930237 1.0353124141693115
v 0.13900524377822876 -0.29259026050567627 1.0747045278549194
v 0.2627067267894745 -0.28166553378105164 1.0066020488739014
v -0.2945387661457062 -0.2851572632789612 1.032781720161438
v -0.17245575785636902 -0.29213669896125793 1.0705065727233887
v -0.03831467404961586 -0.2723064720630646 1.010029673576355
v 0.09238313883543015 -0.2953956127166748 1.0493038892745972
v 0.21957077085971832 -0.28832000494003296 1.0504714250564575
v -0.3430075943470001 -0.27505725622177124 1.0075747966766357
v -0.20612511038780212 -0.27455252408981323 0.9880905747413635
v -0.08979956060647964 -0.2796323597431183 1.043444037437439
v 0.03905683383345604 -0.2835958003997803 1.0427659749984741
v 0.16886992752552032 -0.2927516996860504 1.0821558237075806
v 0.2872510254383087 -0.27765387296676636 1.0086243152618408
v -0.2691481113433838 -0.28327956795692444 1.0450479984283447
v -0.14727212488651276 -0.2885458171367645 1.0824172496795654
v -0.011094287969172001 -0.26954811811447144 1.0076521635055542
v 0.10811185091733932 -0.27134445309638977 0.9799432158470154
v 0.24050217866897583 -0.27961266040802 1.0088543891906738
v -0.3151860237121582 -0.27873602509498596 1.0233089923858643
v -0.19194170832633972 -0.2851075530052185 1.0471090078353882
v -0.062477659434080124 -0.272525817155838 1.0259956121444702
v 0.06839166581630707 -0.28814592957496643 1.050736665725708
v 0.1966833919286728 -0.2871748208999634 1.0646288394927979
v 0.3054024577140808 -0.26771000027656555 0.9767213463783264
v -0.22980758547782898 -0.27064576745033264 0.9901655316352844
v -0.11623579263687134 -0.2798587679862976 1.060483455657959
v 0.0158555768430233 -0.27478519082069397 1.033021330833435
v 0.1444888412952423 -0.28914353251457214 1.0871421098709106
v 0.265022337436676 -0.27481454610824585 1.0069429874420166
v -0.2928696870803833 -0.27877750992774963 1.034335970878601
v -0.1705879122018814 -0.2856835126876831 1.0767542123794556
v -0.0356951467692852 -0.265183687210083 1.0082964897155762
v 0.09332012385129929 -0.28650960326194763 1.0434720516204834
v 0.22087468206882477 -0.2805035710334778 1.0486575365066528
v -0.3401179611682892 -0.27107980847358704 1.0125107765197754
v -0.20266415178775787 -0.2670498192310333 0.9884430170059204
v -0.08765294402837753 -0.27403032779693604 1.0494245290756226
v 0.04181626811623573 -0.27673014998435974 1.0431238412857056
v 0.17257633805274963 -0.2881109118461609 1.0909112691879272
v 0.2902010381221771 -0.27159827947616577 1.0097434520721436
v -0.26917344331741333 -0.2782136797904968 1.051124930381775
v -0.1445188820362091 -0.2815943956375122 1.0834989547729492
v -0.008584616705775261 -0.2620788514614105 1.0045585632324219
v 0.1115165501832962 -0.26229897141456604 0.9767744541168213
v 0.24199077486991882 -0.27111372351646423 1.0051838159561157
v -0.3140978515148163 -0.2732618451118469 1.0265387296676636
v -0.1904294490814209 -0.2791120707988739 1.053369402885437
v -0.0600389800965786 -0.2667035460472107 1.0309239625930786
v 0.07089392840862274 -0.281118780374527 1.0500613451004028
v 0.19968964159488678 -0.28023961186408997 1.0636069774627686
v 0.30872488021850586 -0.2612360715866089 0.9778081774711609
v -0.2261606752872467 -0.26125597953796387 0.9863128066062927
v -0.11329755187034607 -0.2727794051170349 1.0608396530151367
v 0.018540656194090843 -0.26729506254196167 1.031632661819458
v 0.14913909137248993 -0.28588026762008667 1.0985161066055298
v 0.26742589473724365 -0.2684154808521271 1.0078433752059937
v -0.2907083332538605 -0.2722480595111847 1.0356656312942505
v -0.1685653179883957 -0.2795966565608978 1.0814577341079712
v -0.033066533505916595 -0.2582382559776306 1.007409691810608
v 0.0981106087565422 -0.2816644608974457 1.0758297443389893
v 0.21694821119308472 -0.2689385414123535 1.0112318992614746
v -0.33703240752220154 -0.2652439773082733 1.014741063117981
v -0.20055146515369415 -0.25932028889656067 0.9875492453575134
v -0.08558027446269989 -0.26930543780326843 1.060746669769287
v 0.044731255620718 -0.2703031599521637 1.04459547996521
v 0.17636694014072418 -0.28232342004776 1.091131329536438
v 0.29300180077552795 -0.2654579281806946 1.0105756521224976
v -0.26912009716033936 -0.274049311876297 1.0596702098846436
v -0.14162977039813995 -0.27414825558662415 1.0841442346572876
v -0.006121405865997076 -0.2548789381980896 1.002359390258789
v 0.11409223079681396 -0.2547093331813812 0.9784783720970154
v 0.2435220628976822 -0.26332321763038635 1.003784418106079
v -0.31281277537345886 -0.26753294467926025 1.0298171043395996
v -0.18802054226398468 -0.2722254693508148 1.057306170463562
v -0.059857822954654694 -0.26388147473335266 1.0550795793533325
v 0.07317060977220535 -0.27409428358078003 1.048994779586792
v 0.20229339599609375 -0.27340948581695557 1.0625224113464355
v 0.3130522072315216 -0.25476711988449097 0.9809738397598267
v -0.24603436887264252 -0.27538391947746277 1.0793508291244507
v -0.11072812974452972 -0.26620402932167053 1.0637471675872803
v 0.02100624330341816 -0.26003360748291016 1.029786229133606
v 0.1531151831150055 -0.2816687822341919 1.1036516427993774
v 0.27000927925109863 -0.26229724287986755 1.0097694396972656
v -0.2912990152835846 -0.26707911491394043 1.0501984357833862
v -0.16618593037128448 -0.27169957756996155 1.085425615310669
v -0.030435631051659584 -0.25142744183540344 1.0070674419403076
v 0.09487380087375641 -0.26438435912132263 1.0182266235351562
v 0.21830810606479645 -0.2599413990974426 1.0036118030548096
v -0.3350253403186798 -0.2593606412410736 1.0175249576568604
v -0.19759416580200195 -0.2505037188529968 0.9827619791030884
v -0.08373808115720749 -0.2651226818561554 1.0742309093475342
v 0.047743186354637146 -0.2639726400375366 1.046874761581421
v 0.17983725666999817 -0.27532148361206055 1.0849746465682983
v 0.2957811951637268 -0.25904330611228943 1.0114381313323975
v -0.2669319212436676 -0.26775527000427246 1.0645835399627686
v -0.1385887712240219 -0.26676619052886963 1.0844366550445557
v -0.0036715357564389706 -0.2478693574666977 1.0007367134094238
v 0.11668606847524643 -0.24825870990753174 0.9814208149909973
v 0.24482475221157074 -0.25592324137687683 1.0028029680252075
v -0.31135180592536926 -0.26188305020332336 1.0332801342010498
v -0.18773451447486877 -0.2676635682582855 1.0740433931350708
v -0.057311609387397766 -0.2579382658004761 1.0602024793624878
v 0.07535728812217712 -0.26695147156715393 1.0478993654251099
v 0.20221321284770966 -0.26503539085388184 1.0457621812820435
v 0.32074370980262756 -0.2505088448524475 0.9996117949485779
v -0.24378573894500732 -0.26999983191490173 1.0845807790756226
v -0.1084534078836441 -0.26028844714164734 1.0695337057113647
v 0.023400988429784775 -0.25285691022872925 1.028062343597412
v 0.15686269104480743 -0.2757907211780548 1.1043370962142944
v 0.27418673038482666 -0.2560921013355255 1.0148584842681885
v -0.2887286841869354 -0.26130425930023193 1.0537029504776
v -0.16380785405635834 -0.26538869738578796 1.0864129066467285
v -0.02781892754137516 -0.24483297765254974 1.0069234371185303
v 0.09697789698839188 -0.2546580731868744 1.0108788013458252
v 0.21941056847572327 -0.25069335103034973 0.9922614097595215
v -0.3334670066833496 -0.2533205449581146 1.0202885866165161
v -0.19343921542167664 -0.24073369801044464 0.9744018316268921
v -0.08200490474700928 -0.2609995901584625 1.0883939266204834
v 0.05061587318778038 -0.25792187452316284 1.048344373703003
v 0.17834176123142242 -0.2637811601161957 1.0540426969528198
v 0.2983318269252777 -0.25233814120292664 1.00534188747406
v -0.2637360095977783 -0.2605229914188385 1.0675076246261597
v -0.13563939929008484 -0.25991618633270264 1.08707594871521
v -0.0012325056595727801 -0.24106353521347046 0.9996157288551331
v 0.1198074072599411 -0.2416549175977707 0.9799484014511108
v 0.24581341445446014 -0.24904870986938477 0.9998760223388672
v -0.3094481825828552 -0.256300151348114 1.0370415449142456
v -0.18608921766281128 -0.2624923288822174 1.0814387798309326
v -0.05453336983919144 -0.25228166580200195 1.065119743347168
v 0.0774855986237526 -0.25956103205680847 1.0465127229690552
v 0.20783761143684387 -0.26048964262008667 1.0624538660049438
v 0.32381489872932434 -0.24272309243679047 0.9987300038337708
v -0.24134919047355652 -0.26297619938850403 1.0861324071884155
v -0.10625946521759033 -0.25491195917129517 1.0781739950180054
v 0.025777611881494522 -0.2456199824810028 1.0262694358825684
v 0.16031906008720398 -0.26863351464271545 1.103317141532898
v 0.2764175534248352 -0.25042736530303955 1.015150547027588
v -0.28598442673683167 -0.25523796677589417 1.0558972358703613
v -0.1610002964735031 -0.25833266973495483 1.0879383087158203
v -0.025264400988817215 -0.23832091689109802 1.0069506168365479
v 0.09938355535268784 -0.24670185148715973 1.0095006227493286
v 0.22076061367988586 -0.2421550154685974 0.9839687347412109
v -0.33119791746139526 -0.2473669797182083 1.0232293605804443
v -0.18855607509613037 -0.23110811412334442 0.9628921747207642
v -0.08038795739412308 -0.2559484541416168 1.0963395833969116
v 0.053386833518743515 -0.2515289783477783 1.0498425960540771
v 0.1829739660024643 -0.2596770226955414 1.0599920749664307
v 0.3013409972190857 -0.2455504834651947 1.0056065320968628
v -0.26056793332099915 -0.25414520502090454 1.0688890218734741
v -0.1329958289861679 -0.25366055965423584 1.0911654233932495
v 0.0011965017765760422 -0.23450550436973572 0.9988982081413269
v 0.12287290394306183 -0.23515984416007996 0.9784361720085144
v 0.2474757730960846 -0.24173614382743835 0.9988724589347839
v -0.30883127450942993 -0.25067347288131714 1.0451349020004272
v -0.18397215008735657 -0.2563006579875946 1.0837734937667847
v -0.051397524774074554 -0.24475480616092682 1.0629080533981323
v 0.07965094596147537 -0.2519991397857666 1.0447211265563965
v 0.21085475385189056 -0.25376349687576294 1.0641095638275146
v 0.3265184164047241 -0.23510511219501495 0.9962188005447388
v -0.23933780193328857 -0.2564927041530609 1.0885766744613647
v -0.10399334877729416 -0.2497340440750122 1.0881891250610352
v 0.028132149949669838 -0.23896123468875885 1.026195764541626
v 0.1632358431816101 -0.2615514099597931 1.1011728048324585
v 0.27979332208633423 -0.24427586793899536 1.016619086265564
v -0.2835143208503723 -0.2490299791097641 1.0572576522827148
v -0.1579063981771469 -0.2516312301158905 1.0887606143951416
v -0.022860974073410034 -0.23180845379829407 1.0065982341766357
v 0.10190334171056747 -0.2395697385072708 1.0100771188735962
v 0.22248932719230652 -0.23403175175189972 0.9791540503501892
v -0.3285737633705139 -0.24135854840278625 1.0258617401123047
v -0.21231761574745178 -0.25530770421028137 1.1010812520980835
v -0.07785432040691376 -0.24908190965652466 1.0976051092147827
v 0.05602969601750374 -0.24517041444778442 1.0510872602462769
v 0.1868106722831726 -0.25453731417655945 1.0642540454864502
v 0.30410265922546387 -0.23831091821193695 1.0046666860580444
v -0.2579708695411682 -0.24798880517482758 1.0698283910751343
v -0.13013072311878204 -0.24731718003749847 1.0950965881347656
v 0.0036628053057938814 -0.22812020778656006 0.9984579086303711
v 0.12572194635868073 -0.22923816740512848 0.9773000478744507
v 0.24945123493671417 -0.2344471961259842 0.9973655343055725
v -0.30692097544670105 -0.24438774585723877 1.0473262071609497
v -0.18116147816181183 -0.2493382692337036 1.0831526517868042
v -0.047765348106622696 -0.23536328971385956 1.047818899154663
v 0.08215513080358505 -0.24469691514968872 1.0436279773712158
v 0.21383483707904816 -0.2470908910036087 1.0659204721450806
v 0.3283359110355377 -0.22803807258605957 0.9916900396347046
v -0.2367720603942871 -0.249749094247818 1.0907901525497437
v -0.10170087218284607 -0.24478691816329956 1.0970048904418945
v 0.03071151115000248 -0.23279210925102234 1.0274550914764404
v 0.16546091437339783 -0.2541733682155609 1.097731590270996
v 0.28282827138900757 -0.23815985023975372 1.016892671585083
v -0.2806018590927124 -0.24263405799865723 1.0575014352798462
v -0.15492591261863708 -0.24489270150661469 1.0889840126037598
v -0.020398883149027824 -0.22537855803966522 1.0059854984283447
v 0.10460755228996277 -0.2324894517660141 1.0110098123550415
v 0.22231878340244293 -0.22852715849876404 0.9897224307060242
v -0.3258441686630249 -0.23550540208816528 1.0280462503433228
v -0.2112777829170227 -0.2509535253047943 1.1110692024230957
v -0.07496855407953262 -0.24237100780010223 1.0968886613845825
v 0.05844946950674057 -0.23869821429252625 1.0523862838745117
v 0.18979096412658691 -0.2483803629875183 1.0664681196212769
v 0.3056598901748657 -0.2312415987253189 1.0072180032730103
v -0.2545928359031677 -0.2412063479423523 1.0646495819091797
v -0.12707091867923737 -0.2412114292383194 1.0978758335113525
v 0.006127339322119951 -0.22182823717594147 0.9982659220695496
v 0.12893272936344147 -0.22352172434329987 0.977867603302002
v 0.25207775831222534 -0.22683493793010712 0.994032621383667
v -0.30462023615837097 -0.23785050213336945 1.0487399101257324
v -0.1761227250099182 -0.23885393142700195 1.0681253671646118
v -0.04538339003920555 -0.22934575378894806 1.0453507900238037
v 0.08482758700847626 -0.2376711517572403 1.044122576713562
v 0.21684978902339935 -0.240371972322464 1.067683219909668
v 0.3288557231426239 -0.22112411260604858 0.986464262008667
v -0.23355910181999207 -0.2429269552230835 1.0930784940719604
v -0.09908458590507507 -0.23787355422973633 1.0999469757080078
v 0.03333533555269241 -0.22628836333751678 1.0293101072311401
v 0.1676057130098343 -0.24652551114559174 1.093039631843567
v 0.2850785255432129 -0.23147571086883545 1.0157992839813232
v -0.2773665189743042 -0.23564349114894867 1.056949496269226
v -0.1516038328409195 -0.23847563564777374 1.0898171663284302
v -0.017746107652783394 -0.21880806982517242 1.0044182538986206
v 0.10741730779409409 -0.22565115988254547 1.0124229192733765
v 0.2273017317056656 -0.2191700041294098 0.9778368473052979
v -0.32322490215301514 -0.2295544147491455 1.0310730934143066
v -0.20928239822387695 -0.2458735704421997 1.1158039569854736
v -0.07190456241369247 -0.23557662963867188 1.095911979675293
v 0.061108388006687164 -0.23249535262584686 1.0540542602539062
v 0.19255319237709045 -0.24166254699230194 1.06804621219635
v 0.30661508440971375 -0.2232958823442459 1.0019382238388062
v -0.2516419589519501 -0.2351982295513153 1.0673712491989136
v -0.12437102198600769 -0.23423992097377777 1.102346658706665
v 0.008599085733294487 -0.21555374562740326 0.9983365535736084
v 0.13246643543243408 -0.2175561785697937 0.9806720614433289
v 0.2695721983909607 -0.23175962269306183 1.0660984516143799
v -0.30188655853271484 -0.2306746542453766 1.048753261566162
v -0.17177832126617432 -0.23140662908554077 1.0624973773956299
v -0.04363410547375679 -0.22397363185882568 1.0584415197372437
v 0.08770272880792618 -0.23093248903751373 1.046440601348877
v 0.22048814594745636 -0.23415014147758484 1.0705914497375488
v 0.3299435079097748 -0.2128065973520279 0.9781413674354553
v -0.23047257959842682 -0.2364356964826584 1.0964735746383667
v -0.09628160297870636 -0.23148246109485626 1.10309898853302
v 0.03619901463389397 -0.2204493135213852 1.0317827463150024
v 0.16992485523223877 -0.23875127732753754 1.0903847217559814
v 0.2872137725353241 -0.22401249408721924 1.013418197631836
v -0.2737952768802643 -0.22812342643737793 1.0561777353286743
v -0.1482754945755005 -0.23195262253284454 1.091591238975525
v -0.015077130869030952 -0.21229062974452972 1.0030590295791626
v 0.11052349209785461 -0.21951527893543243 1.0160338878631592
v 0.2460646629333496 -0.22859786450862885 1.0767074823379517
v -0.3211576044559479 -0.22359789907932281 1.0344152450561523
v -0.20539112389087677 -0.2385561466217041 1.1108207702636719
v -0.0688108429312706 -0.22885480523109436 1.0948160886764526
v 0.06408204138278961 -0.22625701129436493 1.0568798780441284
v 0.1951022744178772 -0.23483574390411377 1.0695539712905884
v 0.3052555024623871 -0.21298030018806458 0.9778628945350647
v -0.25087830424308777 -0.22928424179553986 1.0763143301010132
v -0.12133049219846725 -0.2289179414510727 1.1050217151641846
v 0.011049967259168625 -0.20930151641368866 0.998760998249054
v 0.1359919160604477 -0.2122049778699875 0.9852530360221863
v 0.27388933300971985 -0.22506555914878845 1.062541127204895
v -0.29869818687438965 -0.22337211668491364 1.0474730730056763
v -0.16486898064613342 -0.22188031673431396 1.046433448791504
v -0.04105415940284729 -0.21865105628967285 1.0614135265350342
v 0.09074430912733078 -0.22455671429634094 1.0503309965133667
v 0.22555044293403625 -0.22935941815376282 1.0816526412963867
v -0.33985474705696106 -0.21001750230789185 0.9947841167449951
v -0.2274724543094635 -0.22938720881938934 1.097550630569458
v -0.09337867796421051 -0.22528208792209625 1.1043156385421753
v 0.03937641531229019 -0.2147158533334732 1.034590482711792
v 0.17229214310646057 -0.23141154646873474 1.090069055557251
v 0.28837862610816956 -0.21654796600341797 1.008811116218567
v -0.26747411489486694 -0.22036424279212952 1.0392482280731201
v -0.14521662890911102 -0.22536157071590424 1.093943476676941
v -0.012574231252074242 -0.2059723138809204 1.0019067525863647
v 0.11357063055038452 -0.21327683329582214 1.0193791389465332
v 0.2510059177875519 -0.22379054129123688 1.0912370681762695
v -0.3195303976535797 -0.21762482821941376 1.0362932682037354
v -0.20047341287136078 -0.22875401377677917 1.1029928922653198
v -0.06620846688747406 -0.22188982367515564 1.0889817476272583
v 0.06711557507514954 -0.22057458758354187 1.0609670877456665
v 0.1979987919330597 -0.22786040604114532 1.0720117092132568
v 0.3043479919433594 -0.20425453782081604 0.9662889838218689
v -0.24883003532886505 -0.22310075163841248 1.0795705318450928
v -0.11837220937013626 -0.22229759395122528 1.1074093580245972
v 0.013530651107430458 -0.20308628678321838 0.9994891285896301
v 0.13900163769721985 -0.20708636939525604 0.9907000064849854
v 0.2768697738647461 -0.21771757304668427 1.05782151222229
v -0.2938157320022583 -0.21540744602680206 1.0352126359939575
v -0.15876345336437225 -0.21177050471305847 1.0292390584945679
v -0.038391683250665665 -0.21250306069850922 1.063272476196289
v 0.09386415034532547 -0.21865062415599823 1.0566880702972412
v 0.21879331767559052 -0.2110178917646408 1.0244860649108887
v -0.3304891586303711 -0.20184899866580963 0.9881613254547119
v -0.22437603771686554 -0.22263768315315247 1.096865177154541
v -0.09070799499750137 -0.21971313655376434 1.1043602228164673
v 0.04201120510697365 -0.2084759771823883 1.0365796089172363
v 0.1653120219707489 -0.22137510776519775 1.0620638132095337
v 0.28910794854164124 -0.208237886428833 0.9992654323577881
v -0.2631276547908783 -0.21225537359714508 1.03279709815979
v -0.1425941437482834 -0.2188113033771515 1.0965074300765991
v -0.010107696987688541 -0.19962047040462494 1.0009995698928833
v 0.1167181208729744 -0.20671848952770233 1.0234557390213013
v 0.25454825162887573 -0.21685482561588287 1.0849543809890747
v -0.31747928261756897 -0.21132905781269073 1.0381276607513428
v -0.19699600338935852 -0.2203626185655594 1.0988394021987915
v -0.06357434391975403 -0.21509350836277008 1.085496187210083
v 0.07010934501886368 -0.21497000753879547 1.0669928789138794
v 0.20139813423156738 -0.22069789469242096 1.0752360820770264
v 0.30498602986335754 -0.19616290926933289 0.9599975943565369
v -0.24677257239818573 -0.21655400097370148 1.0814341306686401
v -0.11585758626461029 -0.21656593680381775 1.110569953918457
v 0.016088448464870453 -0.1969745010137558 1.0005563497543335
v 0.14161595702171326 -0.2008899599313736 0.9963526725769043
v 0.27858003973960876 -0.2104642540216446 1.0527452230453491
v -0.28858983516693115 -0.2072625607252121 1.0273598432540894
v -0.15559892356395721 -0.20238493382930756 1.024146318435669
v -0.03590581566095352 -0.20517350733280182 1.059691309928894
v 0.09731308370828629 -0.21307824552059174 1.0657402276992798
v 0.23041269183158875 -0.21835055947303772 1.0895421504974365
v -0.3257347345352173 -0.19449977576732635 0.9874411821365356
v -0.21896547079086304 -0.21224956214427948 1.0680229663848877
v -0.08818834275007248 -0.21394413709640503 1.1040605306625366
v 0.04462017863988876 -0.20228703320026398 1.0384578704833984
v 0.17185945808887482 -0.20628578960895538 1.0224190950393677
v 0.2891314625740051 -0.19960854947566986 0.9864203333854675
v -0.2582029104232788 -0.20364663004875183 1.0254114866256714
v -0.14002625644207 -0.21265427768230438 1.0985896587371826
v -0.007584814447909594 -0.1931610405445099 1.0004119873046875
v 0.12051068991422653 -0.2008936107158661 1.0330215692520142
v 0.2574237883090973 -0.20912207663059235 1.075606346130371
v -0.3152303993701935 -0.2049480527639389 1.039642333984375
v -0.18661463260650635 -0.201809361577034 1.0421435832977295
v -0.060992322862148285 -0.20828242599964142 1.0819745063781738
v 0.07326237112283707 -0.2098393738269806 1.0739206075668335
v 0.20552000403404236 -0.2137782722711563 1.0812363624572754
v 0.3058251738548279 -0.18829208612442017 0.9544859528541565
v -0.24427083134651184 -0.2095312923192978 1.081741452217102
v -0.11316600441932678 -0.21119479835033417 1.110489845275879
v 0.018671292811632156 -0.1908619999885559 1.0019476413726807
v 0.14449872076511383 -0.19508765637874603 1.0034013986587524
v 0.27918168902397156 -0.2030709981918335 1.045324444770813
v -0.282681941986084 -0.19871024787425995 1.0185421705245972
v -0.1642182320356369 -0.20914964377880096 1.101981282234192
v -0.033087823539972305 -0.19728094339370728 1.052562952041626
v 0.10109903663396835 -0.20798978209495544 1.0762228965759277
v 0.23979038000106812 -0.21284793317317963 1.1074955463409424
v -0.32159537076950073 -0.18791760504245758 0.9864962100982666
v -0.21529404819011688 -0.20764178037643433 1.064598798751831
v -0.08556132018566132 -0.20829719305038452 1.1025569438934326
v 0.046863846480846405 -0.19571125507354736 1.0380305051803589
v 0.17411281168460846 -0.19655223190784454 1.0137666463851929
v 0.28904879093170166 -0.19140677154064178 0.9764900803565979
v -0.2651767134666443 -0.20151883363723755 1.0711294412612915
v -0.13752655684947968 -0.2066630870103836 1.1003589630126953
v -0.005043334793299437 -0.1867016702890396 1.0001555681228638
v 0.12442345172166824 -0.19627627730369568 1.045789122581482
v 0.2529282569885254 -0.19808697700500488 1.030560851097107
v -0.3129919469356537 -0.19838285446166992 1.0406982898712158
v -0.1834402233362198 -0.1965903639793396 1.0411927700042725
v -0.05855241417884827 -0.20138193666934967 1.0797213315963745
v 0.07651391625404358 -0.20461536943912506 1.081925868988037
v 0.2108510583639145 -0.20804418623447418 1.0928738117218018
v 0.30641746520996094 -0.18063288927078247 0.9489307999610901
v -0.2412630170583725 -0.20202627778053284 1.0805838108062744
v -0.11045687645673752 -0.20557771623134613 1.1116509437561035
v 0.021303294226527214 -0.18484435975551605 1.0037058591842651
v 0.1477399617433548 -0.1897587925195694 1.0125136375427246
v 0.2706611156463623 -0.19351716339588165 0.9966781139373779
v -0.2776172459125519 -0.19037072360515594 1.0107133388519287
v -0.16472654044628143 -0.19940687716007233 1.0994980335235596
v -0.03061874397099018 -0.18997091054916382 1.0456743240356445
v 0.10510346293449402 -0.203180193901062 1.0872094631195068
v 0.2354881763458252 -0.1996603012084961 1.0707355737686157
v -0.33620864152908325 -0.1912892460823059 1.0409798622131348
v -0.20758943259716034 -0.19984884560108185 1.0493448972702026
v -0.08307397365570068 -0.2021961808204651 1.101670742034912
v 0.04962633177638054 -0.18973346054553986 1.0423287153244019
v 0.1903870552778244 -0.20993275940418243 1.1433370113372803
v 0.2906768321990967 -0.18368983268737793 0.972757875919342
v -0.26294219493865967 -0.19386133551597595 1.0708750486373901
v -0.13494087755680084 -0.20088432729244232 1.1020116806030273
v -0.0024807010777294636 -0.18034233152866364 1.0001397132873535
v 0.12833814322948456 -0.1925334483385086 1.0612868070602417
v 0.25454387068748474 -0.19151070713996887 1.026035189628601
v -0.3102555274963379 -0.19147156178951263 1.0401864051818848
v -0.18067459762096405 -0.19038650393486023 1.0425076484680176
v -0.05597751960158348 -0.19467990100383759 1.0791212320327759
v 0.0802386924624443 -0.1992681473493576 1.0905544757843018
v 0.21736964583396912 -0.20340359210968018 1.1077858209609985
v 0.3076379895210266 -0.17334400117397308 0.9444411993026733
v -0.23802150785923004 -0.19411960244178772 1.0775474309921265
v -0.10773689299821854 -0.19950918853282928 1.1130067110061646
v 0.024031369015574455 -0.178961381316185 1.005934476852417
v 0.1514095813035965 -0.18537019193172455 1.0260283946990967
v 0.26825013756752014 -0.18342959880828857 0.975773811340332
v -0.2846592962741852 -0.1884460300207138 1.053946852684021
v -0.15269669890403748 -0.18361131846904755 1.0486379861831665
v -0.028011662885546684 -0.18201573193073273 1.040553092956543
v 0.10905317217111588 -0.19844777882099152 1.098379373550415
v 0.23994450271129608 -0.19525790214538574 1.0787882804870605
v -0.33464914560317993 -0.18637202680110931 1.0465015172958374
v -0.1998649388551712 -0.18971581757068634 1.0322312116622925
v -0.0805041640996933 -0.19621820747852325 1.1011487245559692
v 0.05080065503716469 -0.18673522770404816 1.0579019784927368
v 0.19559480249881744 -0.20270507037639618 1.1425385475158691
v 0.29265958070755005 -0.1764926314353943 0.9711740612983704
v -0.2606697678565979 -0.18650370836257935 1.070936679840088
v -0.13229219615459442 -0.19522972404956818 1.1039857864379883
v 0.00013653002679347992 -0.17406505346298218 1.0004059076309204
v 0.13307762145996094 -0.1898857206106186 1.0808876752853394
v 0.2567766308784485 -0.18411652743816376 1.0360852479934692
v -0.31302741169929504 -0.18668214976787567 1.0597206354141235
v -0.1785585582256317 -0.18378758430480957 1.0461623668670654
v -0.05355730652809143 -0.18811041116714478 1.0794212818145752
v 0.08345163613557816 -0.19370248913764954 1.0996326208114624
v 0.22295565903186798 -0.1986285299062729 1.1179226636886597
v 0.30951032042503357 -0.16630598902702332 0.9422054290771484
v -0.21736043691635132 -0.17797832190990448 0.9956715703010559
v -0.10496880114078522 -0.19386984407901764 1.1134003400802612
v 0.026903575286269188 -0.17325715720653534 1.0088669061660767
v 0.15629032254219055 -0.18271413445472717 1.0498884916305542
v 0.26899293065071106 -0.17373983561992645 0.9706132411956787
v -0.2795866131782532 -0.18319852650165558 1.048438310623169
v -0.15386390686035156 -0.18261991441249847 1.0724587440490723
v -0.02450419031083584 -0.17448675632476807 1.0307224988937378
v 0.11265642940998077 -0.19345463812351227 1.1076709032058716
v 0.24208474159240723 -0.1885799616575241 1.078449010848999
v -0.33312341570854187 -0.1810281127691269 1.0507442951202393
v -0.19517657160758972 -0.17982418835163116 1.0259416103363037
v -0.07789219915866852 -0.19019240140914917 1.1007513999938965
v 0.05490742623806 -0.1915683150291443 1.1316399574279785
v 0.1996328979730606 -0.1957331746816635 1.1397552490234375
v 0.2942657768726349 -0.1698405146598816 0.969720184803009
v -0.25886964797973633 -0.18056076765060425 1.0730986595153809
v -0.12979452311992645 -0.1895764321088791 1.1064285039901733
v 0.0028232757467776537 -0.16784217953681946 1.0009738206863403
v 0.13796234130859375 -0.18717829883098602 1.0994868278503418
v 0.24357210099697113 -0.16998369991779327 0.9640101790428162
v -0.31268036365509033 -0.18105478584766388 1.0663270950317383
v -0.17703203856945038 -0.17807072401046753 1.053647518157959
v -0.0511174276471138 -0.18156686425209045 1.0798537731170654
v 0.08653450757265091 -0.18827152252197266 1.1096863746643066
v 0.2269180417060852 -0.19270700216293335 1.12100088596344
v 0.3126959204673767 -0.15944528579711914 0.9419842958450317
v -0.2154327929019928 -0.1692793071269989 0.9944615960121155
v -0.10221415758132935 -0.18808294832706451 1.1140371561050415
v 0.029868364334106445 -0.16767577826976776 1.0124601125717163
v 0.16329362988471985 -0.18215292692184448 1.0819382667541504
v 0.27062955498695374 -0.16593238711357117 0.9690952301025391
v -0.2805978059768677 -0.17577551305294037 1.0617085695266724
v -0.15347570180892944 -0.1809546798467636 1.0920196771621704
v -0.02193453535437584 -0.1679215282201767 1.028965950012207
v 0.11605484038591385 -0.18800735473632812 1.1161974668502808
v 0.25035005807876587 -0.1845453381538391 1.1043461561203003
v -0.33173322677612305 -0.17528708279132843 1.05575430393219
v -0.19404950737953186 -0.17171061038970947 1.029489278793335
v -0.07556553184986115 -0.18399092555046082 1.1016496419906616
v 0.05925663188099861 -0.19269071519374847 1.1697205305099487
v 0.20332328975200653 -0.18856260180473328 1.136674404144287
v 0.2962205708026886 -0.16352152824401855 0.9688438177108765
v -0.25983554124832153 -0.17596444487571716 1.0826643705368042
v -0.1274474561214447 -0.1837872862815857 1.1100668907165527
v 0.005491496063768864 -0.16173462569713593 1.0018538236618042
v 0.14198504388332367 -0.18314680457115173 1.109876275062561
v 0.24540859460830688 -0.1601274460554123 0.9573683142662048
v -0.3110041618347168 -0.175183966755867 1.0714432001113892
v -0.17570999264717102 -0.1738424003124237 1.0666764974594116
v -0.0486702024936676 -0.1746460348367691 1.0807729959487915
v 0.09023632109165192 -0.18283022940158844 1.119993805885315
v 0.2302057147026062 -0.1859348565340042 1.1226340532302856
v 0.31805771589279175 -0.15277007222175598 0.9455502033233643
v -0.213725745677948 -0.16138002276420593 0.995499312877655
v -0.09963752329349518 -0.18209178745746613 1.116229772567749
v 0.03303249180316925 -0.16207575798034668 1.017260193824768
v 0.1696489304304123 -0.17966701090335846 1.1018527746200562
v 0.27273353934288025 -0.1590968519449234 0.9688695073127747
v -0.28000563383102417 -0.16966743767261505 1.0675864219665527
v -0.15180188417434692 -0.176983043551445 1.0995286703109741
v -0.01888779178261757 -0.1612333208322525 1.025604248046875
v 0.11937962472438812 -0.18233998119831085 1.124147891998291
v 0.2543860673904419 -0.17795442044734955 1.1102104187011719
v -0.33040183782577515 -0.16939838230609894 1.059985876083374
v -0.19359928369522095 -0.16439592838287354 1.0336922407150269
v -0.07340864092111588 -0.17747819423675537 1.1049706935882568
v 0.06489422172307968 -0.18512402474880219 1.1761444807052612
v 0.20548753440380096 -0.18114735186100006 1.1245262622833252
v 0.29880520701408386 -0.15762826800346375 0.9692553281784058
v -0.26329243183135986 -0.1715710461139679 1.0997648239135742
v -0.12535706162452698 -0.17787900567054749 1.1140905618667603
v 0.008184118196368217 -0.1556764543056488 1.0030847787857056
v 0.14537294209003448 -0.17812280356884003 1.1149214506149292
v 0.2474541962146759 -0.15243369340896606 0.9571289420127869
v -0.30833324790000916 -0.16848300397396088 1.0751861333847046
v -0.17445236444473267 -0.17022651433944702 1.080548644065857
v -0.04582221806049347 -0.17512443661689758 1.125741720199585
v 0.09438885003328323 -0.17795810103416443 1.1292951107025146
v 0.23322001099586487 -0.1787790209054947 1.1241211891174316
v 0.325179785490036 -0.14727731049060822 0.9503319263458252
v -0.21090471744537354 -0.1537654548883438 0.9969703555107117
v -0.0971536785364151 -0.17522121965885162 1.1190223693847656
v 0.03608659654855728 -0.15658879280090332 1.0232352018356323
v 0.17469018697738647 -0.1749684065580368 1.1110758781433105
v 0.27486592531204224 -0.1527359038591385 0.96930992603302
v -0.2805798053741455 -0.16376906633377075 1.0756701231002808
v -0.14985506236553192 -0.17190015316009521 1.103808045387268
v -0.01588377170264721 -0.15408207476139069 1.0198692083358765
v 0.12253740429878235 -0.17638376355171204 1.1310945749282837
v 0.25847765803337097 -0.17100220918655396 1.1174863576889038
v -0.32764583826065063 -0.16346213221549988 1.0555665493011475
v -0.19150783121585846 -0.15684391558170319 1.0341850519180298
v -0.0707259401679039 -0.17103922367095947 1.1118273735046387
v 0.06858856230974197 -0.17710299789905548 1.1745078563690186
v 0.20840035378932953 -0.17453689873218536 1.1250454187393188
v 0.301487535238266 -0.15176431834697723 0.9698570966720581
v -0.2653238773345947 -0.16703063249588013 1.120230793952942
v -0.12312963604927063 -0.17133329808712006 1.1180520057678223
v 0.01083479356020689 -0.1496344357728958 1.004786491394043
v 0.14899879693984985 -0.17218118906021118 1.118092656135559
v 0.24952097237110138 -0.14547611773014069 0.9566705226898193
v -0.3055361211299896 -0.16148114204406738 1.0782344341278076
v -0.17300760746002197 -0.165845587849617 1.0895962715148926
v -0.04450669884681702 -0.17140822112560272 1.1533290147781372
v 0.09977550059556961 -0.17342227697372437 1.1661802530288696
v 0.23621554672718048 -0.17131565511226654 1.1254501342773438
v -0.35585981607437134 -0.15509596467018127 1.044446349143982
v -0.20832639932632446 -0.1470593363046646 0.9990893602371216
v -0.09746651351451874 -0.17053429782390594 1.1535379886627197
v 0.0383642315864563 -0.15153490006923676 1.030695915222168
v 0.1787845492362976 -0.16872566938400269 1.1153697967529297
v 0.27755263447761536 -0.1466064751148224 0.9704062938690186
v -0.28436800837516785 -0.15962748229503632 1.0966123342514038
v -0.14759588241577148 -0.1658201366662979 1.1070841550827026
v -0.013190895318984985 -0.14729098975658417 1.015382170677185
v 0.12581397593021393 -0.1702304631471634 1.1372355222702026
v 0.26177161931991577 -0.16393645107746124 1.12075674533844
v -0.325431227684021 -0.15737693011760712 1.056744933128357
v -0.20009960234165192 -0.16087688505649567 1.102401852607727
v -0.06760111451148987 -0.16412921249866486 1.1212090253829956
v 0.07203450798988342 -0.16948959231376648 1.1731618642807007
v 0.2106306254863739 -0.1672666221857071 1.124390959739685
v 0.30433112382888794 -0.14548259973526 0.969525158405304
v -0.2693081796169281 -0.16531552374362946 1.152828574180603
v -0.12133172899484634 -0.16397999227046967 1.132148027420044
v 0.013450214639306068 -0.14361189305782318 1.0069941282272339
v 0.15226425230503082 -0.16536632180213928 1.1193978786468506
v 0.25163766741752625 -0.13845281302928925 0.955380380153656
v -0.3043898046016693 -0.1554296612739563 1.0840624570846558
v -0.17113734781742096 -0.16050994396209717 1.094907522201538
v -0.042460329830646515 -0.1654917448759079 1.1706671714782715
v 0.10241197049617767 -0.16615860164165497 1.1665152311325073
v 0.23881427943706512 -0.16368798911571503 1.1245207786560059
v -0.3512830138206482 -0.15046480298042297 1.050756812095642
v -0.20522937178611755 -0.14073579013347626 0.9984321594238281
v -0.09376225620508194 -0.16434961557388306 1.1581894159317017
v 0.045098546892404556 -0.164691761136055 1.1743677854537964
v 0.18190355598926544 -0.16172631084918976 1.1160143613815308
v 0.28072094917297363 -0.14063556492328644 0.9716245532035828
v -0.2950670123100281 -0.15878617763519287 1.140026330947876
v -0.14701133966445923 -0.15937967598438263 1.120532512664795
v -0.010450036264955997 -0.14055606722831726 1.0130561590194702
v 0.12974900007247925 -0.16277174651622772 1.1552221775054932
v 0.2644631862640381 -0.15680205821990967 1.1193515062332153
v -0.32353371381759644 -0.15112841129302979 1.057462215423584
v -0.19055218994617462 -0.14712253212928772 1.0572667121887207
v -0.06785257905721664 -0.16225092113018036 1.1753720045089722
v 0.07467612624168396 -0.1621766835451126 1.1664320230484009
v 0.21244561672210693 -0.1598314791917801 1.1219451427459717
v 0.30679988861083984 -0.13908898830413818 0.968276858329773
v -0.27315908670425415 -0.16342729330062866 1.181591510772705
v -0.11871068924665451 -0.1572660207748413 1.1369452476501465
v 0.016040917485952377 -0.13754141330718994 1.0098460912704468
v 0.15499961376190186 -0.15775050222873688 1.118613839149475
v 0.2539384365081787 -0.13147947192192078 0.952927827835083
v -0.30716192722320557 -0.15095685422420502 1.1010401248931885
v -0.16908812522888184 -0.15429645776748657 1.0982316732406616
v -0.03998211771249771 -0.15827599167823792 1.1738917827606201
v 0.10479272156953812 -0.15895302593708038 1.163586974143982
v 0.24085591733455658 -0.1559397131204605 1.1214698553085327
v -0.34784093499183655 -0.14469951391220093 1.0513066053390503
v -0.2023467719554901 -0.13427375257015228 1.0019127130508423
v -0.09053660184144974 -0.15727150440216064 1.1590850353240967
v 0.04751765355467796 -0.15743482112884521 1.1690738201141357
v 0.18431159853935242 -0.15418563783168793 1.113844633102417
v 0.2837101221084595 -0.1345997303724289 0.9726740717887878
v -0.3043197691440582 -0.15776927769184113 1.184514045715332
v -0.14487169682979584 -0.15240536630153656 1.122763991355896
v -0.007671975530683994 -0.134037047624588 1.0121855735778809
v 0.13275006413459778 -0.15619629621505737 1.1557804346084595
v 0.2666023373603821 -0.149188831448555 1.1155606508255005
v -0.32140037417411804 -0.14477387070655823 1.057860016822815
v -0.19107791781425476 -0.14492738246917725 1.0744074583053589
v -0.06527001410722733 -0.15478701889514923 1.176448106765747
v 0.07715462148189545 -0.15310107171535492 1.1552129983901978
v 0.21418587863445282 -0.15205958485603333 1.1185975074768066
v 0.3086200952529907 -0.1321364939212799 0.9664130806922913
v -0.2728051543235779 -0.1581389307975769 1.1951000690460205
v -0.11605902761220932 -0.1504194736480713 1.1359200477600098
v 0.01870347000658512 -0.13144801557064056 1.013366460800171
v 0.15879909694194794 -0.1510307639837265 1.1301171779632568
v 0.2565808594226837 -0.12465567141771317 0.9529897570610046
v -0.3128799796104431 -0.1474536657333374 1.1291723251342773
v -0.16737794876098633 -0.14728623628616333 1.1006754636764526
v -0.03663654252886772 -0.1515328586101532 1.1789577007293701
v 0.10726229101419449 -0.1512989103794098 1.1582860946655273
v 0.24277469515800476 -0.14786815643310547 1.1169387102127075
v -0.34436848759651184 -0.13813792169094086 1.050647497177124
v -0.20202621817588806 -0.1283627301454544 1.0145015716552734
v -0.08795082569122314 -0.1494101583957672 1.156083345413208
v 0.04979262873530388 -0.1485082358121872 1.1592210531234741
v 0.18623575568199158 -0.14624662697315216 1.1108131408691406
v 0.2867385745048523 -0.12824536859989166 0.9728777408599854
v -0.3021833598613739 -0.1541578322649002 1.2001566886901855
v -0.14244280755519867 -0.14521819353103638 1.1233159303665161
v -0.00488624582067132 -0.12761616706848145 1.0119394063949585
v 0.13508541882038116 -0.14827516674995422 1.1551742553710938
v 0.26897454261779785 -0.1413859874010086 1.1112087965011597
v -0.3189811408519745 -0.13790437579154968 1.0572973489761353
v -0.18891888856887817 -0.1400488018989563 1.0812803506851196
v -0.06206243857741356 -0.14765894412994385 1.175500750541687
v 0.07941267639398575 -0.14469987154006958 1.1470085382461548
v 0.2158675491809845 -0.14417269825935364 1.1149535179138184
v 0.31002911925315857 -0.12470792979001999 0.9644256830215454
v -0.26477929949760437 -0.14956192672252655 1.1861923933029175
v -0.11252007633447647 -0.14154130220413208 1.122502088546753
v 0.021340062841773033 -0.1254647970199585 1.0171887874603271
v 0.1609954684972763 -0.142696812748909 1.1256190538406372
v 0.2605014741420746 -0.11878280341625214 0.9596416354179382
v -0.31485724449157715 -0.14343878626823425 1.1488823890686035
v -0.16744564473628998 -0.14027412235736847 1.1170740127563477
v -0.03377343341708183 -0.1439199000597 1.1807827949523926
v 0.10920218378305435 -0.14283493161201477 1.1491942405700684
v 0.2448100447654724 -0.13991516828536987 1.1124532222747803
v -0.3411700427532196 -0.13103114068508148 1.050787329673767
v -0.20607998967170715 -0.1259293556213379 1.0429216623306274
v -0.08451481908559799 -0.1404496729373932 1.1406587362289429
v 0.05239000916481018 -0.14030566811561584 1.150970697402954
v 0.1880510002374649 -0.13808515667915344 1.1065983772277832
v 0.28932514786720276 -0.12147733569145203 0.9720478057861328
v -0.290488064289093 -0.14609462022781372 1.1803781986236572
v -0.13902565836906433 -0.13702699542045593 1.1161400079727173
v -0.0022864232305437326 -0.12127653509378433 1.01215398311615
v 0.13718435168266296 -0.14063742756843567 1.1504418849945068
v 0.2711544632911682 -0.13401615619659424 1.1062930822372437
v -0.315742552280426 -0.1308247148990631 1.0564613342285156
v -0.18716378509998322 -0.13384221494197845 1.083938479423523
v -0.05878421664237976 -0.14022476971149445 1.172257900238037
v 0.08166404068470001 -0.13639384508132935 1.1396039724349976
v 0.21778114140033722 -0.13633716106414795 1.1115072965621948
v 0.3111990690231323 -0.11728105694055557 0.9617710709571838
v -0.2563335597515106 -0.1395793855190277 1.1662653684616089
v -0.10815253853797913 -0.13062304258346558 1.0989418029785156
v 0.024000953882932663 -0.11953043937683105 1.0211670398712158
v 0.1629296988248825 -0.13437549769878387 1.1176996231079102
v 0.26638200879096985 -0.11456428468227386 0.9748687744140625
v -0.30917608737945557 -0.13649693131446838 1.1483170986175537
v -0.16498976945877075 -0.1334257572889328 1.11661696434021
v -0.030682740733027458 -0.1358952671289444 1.1728816032409668
v 0.11090952903032303 -0.13446007668972015 1.1408824920654297
v 0.24701321125030518 -0.13214822113513947 1.1083828210830688
v -0.33103078603744507 -0.12180093675851822 1.0267881155014038
v -0.20932406187057495 -0.12491978704929352 1.0721591711044312
v -0.08083877712488174 -0.1304406374692917 1.1213635206222534
v 0.055165085941553116 -0.13205091655254364 1.1430286169052124
v 0.19057250022888184 -0.13137300312519073 1.1066501140594482
v 0.291433185338974 -0.11457456648349762 0.9698787927627563
v -0.28310585021972656 -0.13601164519786835 1.1635209321975708
v -0.13417065143585205 -0.12721998989582062 1.098887324333191
v 0.0003396513930056244 -0.11494655162096024 1.012741208076477
v 0.13845068216323853 -0.13250137865543365 1.1432358026504517
v 0.27307742834091187 -0.12663832306861877 1.1015615463256836
v -0.312950998544693 -0.12322381883859634 1.0578707456588745
v -0.188210129737854 -0.12757813930511475 1.1059170961380005
v -0.05533613637089729 -0.13201473653316498 1.163509488105774
v 0.08391083776950836 -0.1282682716846466 1.1331324577331543
v 0.21989604830741882 -0.12863238155841827 1.1086604595184326
v 0.3131878077983856 -0.11014121025800705 0.9580637812614441
v -0.25225669145584106 -0.13029174506664276 1.1556588411331177
v -0.10417060554027557 -0.12207053601741791 1.0880688428878784
v 0.026740510016679764 -0.11378087848424911 1.0251319408416748
v 0.1643778383731842 -0.1264350414276123 1.1073399782180786
v 0.27357110381126404 -0.11096158623695374 0.9949927926063538
v -0.3050987124443054 -0.12921546399593353 1.1466307640075684
v -0.16196373105049133 -0.125218465924263 1.1129324436187744
v -0.026990793645381927 -0.12740731239318848 1.1573371887207031
v 0.11262619495391846 -0.1261838674545288 1.133570909500122
v 0.249253049492836 -0.12445631623268127 1.104936957359314
v -0.3264063000679016 -0.11475315690040588 1.0216904878616333
v -0.20884965360164642 -0.12069648504257202 1.080512285232544
v -0.07726262509822845 -0.12166448682546616 1.109957218170166
v 0.057947367429733276 -0.12392948567867279 1.1359928846359253
v 0.19202494621276855 -0.12275110930204391 1.1021565198898315
v 0.2932218611240387 -0.10766882449388504 0.9673609733581543
v -0.27974194288253784 -0.12767577171325684 1.1599664688110352
v -0.12922999262809753 -0.11844121664762497 1.0864686965942383
v 0.002924629719927907 -0.10868430882692337 1.013519048690796
v 0.1388096958398819 -0.12219791114330292 1.121593952178955
v 0.27578774094581604 -0.11965038627386093 1.0990917682647705
v -0.31155627965927124 -0.11568642407655716 1.0618799924850464
v -0.1855517029762268 -0.11989837884902954 1.103613257408142
v -0.0519409216940403 -0.12259285151958466 1.1474850177764893
v 0.08620975911617279 -0.12030594795942307 1.127385139465332
v 0.22215066850185394 -0.12036514282226562 1.1048853397369385
v 0.315662145614624 -0.10316920280456543 0.9537979364395142
v -0.2487567812204361 -0.12272946536540985 1.1474905014038086
v -0.10050865262746811 -0.11373066157102585 1.0798382759094238
v 0.029533911496400833 -0.1079668179154396 1.029274821281433
v 0.1632934808731079 -0.11516072601079941 1.079937219619751
v 0.2804318368434906 -0.106753870844841 1.0131111145019531
v -0.30319106578826904 -0.12213204056024551 1.1482881307601929
v -0.15846404433250427 -0.11699893325567245 1.106388807296753
v -0.02111051045358181 -0.10648142546415329 1.0309423208236694
v 0.11409592628479004 -0.1182454526424408 1.126758337020874
v 0.25155889987945557 -0.11706319451332092 1.1021919250488281
v -0.3223361670970917 -0.10769837349653244 1.0200903415679932
v -0.20746518671512604 -0.11447173357009888 1.0831018686294556
v -0.07385222613811493 -0.11310096085071564 1.0996872186660767
v 0.060611266642808914 -0.11601825058460236 1.1298363208770752
v 0.19380444288253784 -0.1148332878947258 1.095890998840332
v 0.295085072517395 -0.10054086148738861 0.9654307961463928
v -0.2771812081336975 -0.12032479792833328 1.1582331657409668
v -0.11975365877151489 -0.10443282872438431 1.0261677503585815
v 0.00548939872533083 -0.10234308242797852 1.0143591165542603
v 0.13726477324962616 -0.10945243388414383 1.0753369331359863
v 0.27534106373786926 -0.11180032789707184 1.0859668254852295
v -0.3103175759315491 -0.10859096795320511 1.0683692693710327
v -0.18150244653224945 -0.11191391944885254 1.097297191619873
v -0.04864179342985153 -0.11395535618066788 1.1357650756835938
v 0.08843006193637848 -0.11243249475955963 1.121912956237793
v 0.22493302822113037 -0.11306475102901459 1.1027880907058716
v 0.32060688734054565 -0.09622528403997421 0.9513293504714966
v -0.24000126123428345 -0.11201205849647522 1.1007484197616577
v -0.0972139909863472 -0.10584080219268799 1.07392156124115
v 0.03240187093615532 -0.10218873620033264 1.0331896543502808
v 0.16254210472106934 -0.10526078939437866 1.0589393377304077
v 0.28637614846229553 -0.10211244970560074 1.0266342163085938
v -0.3006916344165802 -0.11532946676015854 1.1506967544555664
v -0.14281807839870453 -0.10071469098329544 1.0251520872116089
v -0.01816597767174244 -0.099527508020401 1.0253106355667114
v 0.11423268914222717 -0.10815475136041641 1.1031813621520996
v 0.2537539303302765 -0.1098327562212944 1.0999202728271484
v -0.32113945484161377 -0.10092379152774811 1.0284993648529053
v -0.20564237236976624 -0.10761371999979019 1.084457278251648
v -0.07070297747850418 -0.10482470691204071 1.090904712677002
v 0.06314561516046524 -0.10816387832164764 1.1243062019348145
v 0.1952299177646637 -0.10645263642072678 1.0870035886764526
v 0.2977677285671234 -0.09335687011480331 0.9656471610069275
v -0.2749636769294739 -0.11316249519586563 1.1565446853637695
v -0.11435479670763016 -0.09568516910076141 1.00566828250885
v 0.008036606013774872 -0.09593892097473145 1.0151010751724243
v 0.1373322606086731 -0.10041547566652298 1.0561175346374512
v 0.27812716364860535 -0.10569721460342407 1.0870311260223389
v -0.32290685176849365 -0.10677960515022278 1.1257655620574951
v -0.17579114437103271 -0.10211165994405746 1.0788683891296387
v -0.04547061771154404 -0.10493051260709763 1.1229102611541748
v 0.09036486595869064 -0.1045965924859047 1.1162173748016357
v 0.2272660881280899 -0.10496434569358826 1.1005359888076782
v 0.32800835371017456 -0.0898652896285057 0.9529992938041687
v -0.23829543590545654 -0.10587586462497711 1.099722146987915
v -0.09392910450696945 -0.09852071851491928 1.0693467855453491
v 0.03507035970687866 -0.09583912789821625 1.0360606908798218
v 0.16316813230514526 -0.09712548553943634 1.0476443767547607
v 0.29142966866493225 -0.09674705564975739 1.035751461982727
v -0.2980034053325653 -0.10839948803186417 1.1530475616455078
v -0.13752426207065582 -0.09173687547445297 1.004967451095581
v -0.01566367968916893 -0.09262703359127045 1.02190101146698
v 0.11458975821733475 -0.09772902727127075 1.0754683017730713
v 0.2558746039867401 -0.10257373005151749 1.0977014303207397
v -0.32372593879699707 -0.09455796331167221 1.0457044839859009
v -0.20271730422973633 -0.09985379874706268 1.0880807638168335
v -0.06766875088214874 -0.09698880463838577 1.0845317840576172
v 0.06560757011175156 -0.10026514530181885 1.1192514896392822
v 0.19567589461803436 -0.097825787961483 1.0737895965576172
v 0.30233117938041687 -0.08611633628606796 0.9699752926826477
v -0.27269187569618225 -0.10606247186660767 1.1560579538345337
v -0.11038164049386978 -0.0881660133600235 0.9955402612686157
v 0.010610634461045265 -0.08945896476507187 1.0153954029083252
v 0.13794513046741486 -0.09213551878929138 1.0424542427062988
v 0.2807811498641968 -0.09929468482732773 1.0864146947860718
v -0.32087379693984985 -0.09958318620920181 1.1308966875076294
v -0.16903957724571228 -0.0924331396818161 1.0498961210250854
v -0.04251902550458908 -0.09633074700832367 1.1079634428024292
v 0.09199893474578857 -0.09636112302541733 1.1080487966537476
v 0.22931189835071564 -0.09760937094688416 1.0967817306518555
v -0.35671266913414 -0.08578500896692276 1.0241212844848633
v -0.2345193475484848 -0.09856465458869934 1.0959688425064087
v -0.08706608414649963 -0.08693256229162216 1.0154234170913696
v 0.037914108484983444 -0.08919207751750946 1.038042664527893
v 0.16430263221263885 -0.08956301957368851 1.0393236875534058
v 0.2954151928424835 -0.09039827436208725 1.039846658706665
v -0.29590436816215515 -0.1013508290052414 1.155022144317627
v -0.13371862471103668 -0.0843757912516594 0.9950326681137085
v -0.013018131256103516 -0.085779570043087 1.0193771123886108
v 0.11505961418151855 -0.08899132162332535 1.0565030574798584
v 0.25801023840904236 -0.09537741541862488 1.0953359603881836
v -0.3459646999835968 -0.09633149206638336 1.1258788108825684
v -0.1996447890996933 -0.09284880757331848 1.0825293064117432
v -0.06487474590539932 -0.08956556767225266 1.0793871879577637
v 0.06821654736995697 -0.09219597280025482 1.1137340068817139
v 0.19581803679466248 -0.08963682502508163 1.0613465309143066
v 0.3321828842163086 -0.09199118614196777 1.0847349166870117
v -0.2677418291568756 -0.09848999977111816 1.1387563943862915
v -0.10704171657562256 -0.08108111470937729 0.9879270792007446
v 0.01321194414049387 -0.08301211148500443 1.015374779701233
v 0.13905403017997742 -0.08466877043247223 1.0328905582427979
v 0.2836247980594635 -0.09273585677146912 1.08580482006073
v -0.31824785470962524 -0.09276391565799713 1.1365147829055786
v -0.16264759004116058 -0.08362245559692383 1.0261356830596924
v -0.03899615630507469 -0.08640620857477188 1.0752192735671997
v 0.09319691359996796 -0.08713239431381226 1.0866421461105347
v 0.2311210185289383 -0.08979400992393494 1.0922719240188599
v -0.35166382789611816 -0.08144302666187286 1.0495067834854126
v -0.2294388860464096 -0.09087619185447693 1.0914747714996338
v -0.08289962261915207 -0.07993171364068985 1.001407265663147
v 0.040682967752218246 -0.08250892162322998 1.0396665334701538
v 0.16574905812740326 -0.08237626403570175 1.0323718786239624
v 0.29878097772598267 -0.08411045372486115 1.0414881706237793
v -0.29436707496643066 -0.09403760731220245 1.158583402633667
v -0.13007116317749023 -0.07730358093976974 0.9874845743179321
v -0.010463275015354156 -0.07890233397483826 1.0174604654312134
v 0.11593939363956451 -0.0808819979429245 1.0376135110855103
v 0.2602596879005432 -0.08824437111616135 1.0931881666183472
v -0.34285101294517517 -0.0886027067899704 1.1257261037826538
v -0.19561640918254852 -0.08519946038722992 1.0744225978851318
v -0.06212027743458748 -0.0821843296289444 1.0718321800231934
v 0.07047056406736374 -0.0841858759522438 1.1059625148773193
v 0.19681072235107422 -0.08195014297962189 1.0528593063354492
v 0.336929053068161 -0.08555696904659271 1.0916571617126465
v -0.2645222842693329 -0.09066079556941986 1.1320536136627197
v -0.10388156026601791 -0.07427875697612762 0.981501579284668
v 0.015782570466399193 -0.07662709057331085 1.0152922868728638
v 0.14041247963905334 -0.07776258140802383 1.0249544382095337
v 0.28706058859825134 -0.08588380366563797 1.0855052471160889
v -0.3165699243545532 -0.08587975054979324 1.1436190605163574
v -0.1561514139175415 -0.07541097700595856 1.0061067342758179
v -0.035368673503398895 -0.07719772309064865 1.0564146041870117
v 0.09247618913650513 -0.07728713750839233 1.0470778942108154
v 0.2330443263053894 -0.08207111805677414 1.0885798931121826
v -0.3534609079360962 -0.07717375457286835 1.068626046180725
v -0.2244504690170288 -0.08295274525880814 1.0869389772415161
v -0.0797155573964119 -0.07280349731445312 0.9920379519462585
v 0.04298708960413933 -0.07532861828804016 1.040737271308899
v 0.16731324791908264 -0.07536383718252182 1.026321291923523
v 0.3149365484714508 -0.08062611520290375 1.0924872159957886
v -0.29362955689430237 -0.08636243641376495 1.1658095121383667
v -0.1267000138759613 -0.07052816450595856 0.9810510873794556
v -0.008000312373042107 -0.07209222763776779 1.0161558389663696
v 0.1098463162779808 -0.06930384784936905 0.9592877626419067
v 0.2628224492073059 -0.08099034428596497 1.0909640789031982
v -0.33950480818748474 -0.08135951310396194 1.1250962018966675
v -0.1903672218322754 -0.07714046537876129 1.062165379524231
v -0.058241456747055054 -0.07374715059995651 1.0558862686157227
v 0.07054129987955093 -0.07424107193946838 1.0725514888763428
v 0.19838464260101318 -0.07463856786489487 1.0471917390823364
v 0.3411261737346649 -0.07908589392900467 1.0948318243026733
v -0.2601393163204193 -0.08220329880714417 1.1199172735214233
v -0.10084173828363419 -0.0676368698477745 0.9755153059959412
v 0.018347157165408134 -0.07011497020721436 1.0153404474258423
v 0.14257626235485077 -0.07093332707881927 1.0163625478744507
v 0.28999218344688416 -0.07870388776063919 1.0845423936843872
v -0.31561967730522156 -0.07925589382648468 1.1527212858200073
v -0.152317613363266 -0.06838461756706238 0.9963630437850952
v -0.03179206699132919 -0.06898371130228043 1.0399136543273926
v 0.08793030679225922 -0.06496019661426544 0.9551880955696106
v 0.2353242188692093 -0.07483960688114166 1.0857491493225098
v -0.3601275086402893 -0.07528277486562729 1.099077582359314
v -0.21983632445335388 -0.0753123089671135 1.0816857814788818
v -0.07689119875431061 -0.06566596031188965 0.9832627773284912
v 0.045282941311597824 -0.06839419901371002 1.0427882671356201
v 0.16885751485824585 -0.06845055520534515 1.0204925537109375
v 0.31889259815216064 -0.0735786035656929 1.0943019390106201
v -0.2936215400695801 -0.07874327898025513 1.1760015487670898
v -0.12345698475837708 -0.06397940218448639 0.9753216505050659
v -0.004179195500910282 -0.061791107058525085 0.9361569285392761
v 0.11101081222295761 -0.062182050198316574 0.9497212171554565
v 0.26535215973854065 -0.07391034066677094 1.0885660648345947
v -0.3355421721935272 -0.07417969405651093 1.122300148010254
v -0.18512123823165894 -0.06870605796575546 1.049250841140747
v -0.05343920737504959 -0.06515926122665405 1.027163028717041
v 0.06707508116960526 -0.061974894255399704 0.9659141898155212
v 0.20005658268928528 -0.06757247447967529 1.0430938005447388
v 0.345648854970932 -0.07207319885492325 1.0949255228042603
v -0.2537763714790344 -0.07349950820207596 1.1041392087936401
v -0.09787567704916 -0.06107530742883682 0.9696263670921326
v 0.018934885039925575 -0.059361785650253296 0.9406430125236511
v 0.13645648956298828 -0.06049732863903046 0.9608445167541504
v 0.2922304570674896 -0.07136272639036179 1.0826014280319214
v -0.29346874356269836 -0.0670887678861618 1.0754231214523315
v -0.1485169529914856 -0.06164440140128136 0.9889317750930786
v -0.025062283501029015 -0.057470615953207016 0.9263007640838623
v 0.08915449678897858 -0.05834507942199707 0.9466507434844971
v 0.23743972182273865 -0.06772515922784805 1.0840567350387573
v -0.3564891517162323 -0.06883149594068527 1.0980119705200195
v -0.21540530025959015 -0.06770634651184082 1.0761239528656006
v -0.07403730601072311 -0.05907800421118736 0.9757681488990784
v 0.04638464003801346 -0.0613366924226284 1.0385725498199463
v 0.1702672243118286 -0.06162210553884506 1.014026403427124
v 0.32227349281311035 -0.06634168326854706 1.094504475593567
v -0.2934812307357788 -0.07100342214107513 1.1837067604064941
v -0.12024662643671036 -0.05752444267272949 0.969959557056427
v -0.001772480783984065 -0.054540637880563736 0.9200140237808228
v 0.11265819519758224 -0.05571867153048515 0.9436144232749939
v 0.26759058237075806 -0.06662814319133759 1.0857664346694946
v -0.33153414726257324 -0.06684799492359161 1.1178597211837769
v -0.18013319373130798 -0.06104256585240364 1.0352641344070435
v -0.04626859351992607 -0.0537433885037899 0.930060625076294
v 0.06810487061738968 -0.05494387820363045 0.9524968266487122
v 0.2020321488380432 -0.06080267205834389 1.0401175022125244
v 0.34978392720222473 -0.06503423303365707 1.0949296951293945
v -0.24699151515960693 -0.06498666852712631 1.0913925170898438
v -0.09493269771337509 -0.05455572158098221 0.9637296199798584
v 0.02155267260968685 -0.052504491060972214 0.9258923530578613
v 0.13789868354797363 -0.05386238917708397 0.9537085890769958
v 0.29422253370285034 -0.06388945877552032 1.0797803401947021
v -0.28843066096305847 -0.05990530923008919 1.0759656429290771
v -0.14483673870563507 -0.055019181221723557 0.9827488660812378
v -0.02265121415257454 -0.05043470114469528 0.9155610203742981
v 0.09084628522396088 -0.051893200725317 0.9408838152885437
v 0.2399243265390396 -0.060756001621484756 1.0834296941757202
v -0.3524220585823059 -0.06179913133382797 1.0957362651824951
v -0.21094490587711334 -0.05974827706813812 1.0701957941055298
v -0.07152312994003296 -0.05229785293340683 0.9669333100318909
v 0.04699556902050972 -0.052471891045570374 0.9948897361755371
v 0.17158304154872894 -0.05472421646118164 1.0049099922180176
v 0.32575127482414246 -0.05963084101676941 1.0942879915237427
v -0.29259783029556274 -0.0638752207159996 1.1883823871612549
v -0.11711235344409943 -0.05110904201865196 0.9647972583770752
v 0.0005526019958779216 -0.047929082065820694 0.9129071235656738
v 0.11453063040971756 -0.04954347014427185 0.9394402503967285
v 0.26932626962661743 -0.05918581038713455 1.082076072692871
v -0.3276284635066986 -0.059172194451093674 1.1144697666168213
v -0.17438262701034546 -0.053401604294776917 1.018381953239441
v -0.043655380606651306 -0.047150932252407074 0.9200899004936218
v 0.06998173147439957 -0.04856155812740326 0.9451315999031067
v 0.20432204008102417 -0.0541524775326252 1.0383657217025757
v 0.35413554310798645 -0.057885751128196716 1.0941845178604126
v -0.24152882397174835 -0.05687376484274864 1.0856103897094727
v -0.09203968197107315 -0.048131756484508514 0.9575877785682678
v 0.023753393441438675 -0.04604864865541458 0.9196754097938538
v 0.13956879079341888 -0.047507766634225845 0.9492693543434143
v 0.29567277431488037 -0.056517306715250015 1.076136589050293
v -0.3229515254497528 -0.058962997049093246 1.2032066583633423
v -0.14129143953323364 -0.04843153432011604 0.9771273732185364
v -0.02029210701584816 -0.04431938752532005 0.9099934101104736
v 0.09275243431329727 -0.045704588294029236 0.9367222189903259
v 0.24242013692855835 -0.05377860367298126 1.0818148851394653
v -0.34882229566574097 -0.05443234369158745 1.0932811498641968
v -0.20648908615112305 -0.05231110751628876 1.064488410949707
v -0.06576109677553177 -0.04417867958545685 0.9333247542381287
v 0.04935608059167862 -0.04496213048696518 0.9559059739112854
v 0.1710866391658783 -0.04724419489502907 0.9887513518333435
v 0.3284987807273865 -0.05292133241891861 1.0928798913955688
v -0.2788538336753845 -0.055449243634939194 1.135690689086914
v -0.11403971165418625 -0.044708412140607834 0.9596623182296753
v 0.002851326484233141 -0.041816048324108124 0.9084107279777527
v 0.11652486771345139 -0.04355085641145706 0.9364655017852783
v 0.27079761028289795 -0.05184543877840042 1.0778239965438843
v -0.32483649253845215 -0.05218734219670296 1.1176247596740723
v -0.16944706439971924 -0.046127647161483765 1.0066642761230469
v -0.04113036021590233 -0.041063081473112106 0.9141550660133362
v 0.07188522070646286 -0.042277999222278595 0.9401088953018188
v 0.2067263126373291 -0.047427233308553696 1.0372124910354614
v 0.35814550518989563 -0.05073920637369156 1.0904197692871094
v -0.23700515925884247 -0.04922740161418915 1.0817716121673584
v -0.0889933630824089 -0.04157098010182381 0.9498997330665588
v 0.02582944743335247 -0.04004291072487831 0.9159377217292786
v 0.14157019555568695 -0.0414254404604435 0.9465855360031128
v 0.2965114712715149 -0.04933945834636688 1.0715994834899902
v -0.3235759139060974 -0.05229116231203079 1.2193429470062256
v -0.13791362941265106 -0.04184015095233917 0.971892774105072
v -0.017918160185217857 -0.038333237171173096 0.9060899019241333
v 0.09480221569538116 -0.03967869281768799 0.9335225224494934
v 0.2448156625032425 -0.04694155976176262 1.0803626775741577
v -0.3424112796783447 -0.0469050332903862 1.0745844841003418
v -0.20339685678482056 -0.04508315026760101 1.0608407258987427
v -0.06280071288347244 -0.03777158632874489 0.9241113662719727
v 0.0514543354511261 -0.03887525200843811 0.9463230967521667
v 0.17149369418621063 -0.04036456719040871 0.9789088368415833
v 0.3303889334201813 -0.04598308727145195 1.0911242961883545
v -0.2752084732055664 -0.04717421531677246 1.1294194459915161
v -0.11097602546215057 -0.038333483040332794 0.9545068144798279
v 0.0051643881015479565 -0.03605717793107033 0.905410885810852
v 0.11858710646629333 -0.037596799433231354 0.9344132542610168
v 0.27226805686950684 -0.04451095685362816 1.073219895362854
v -0.30725738406181335 -0.04185912385582924 1.0573408603668213
v -0.1653607040643692 -0.03918031230568886 0.9983166456222534
v -0.03857329860329628 -0.0351102277636528 0.9097141623497009
v 0.0739317461848259 -0.036120571196079254 0.9362326264381409
v 0.20938175916671753 -0.04074632748961449 1.0371147394180298
v 0.3609541356563568 -0.043530602008104324 1.0838587284088135
v -0.23281364142894745 -0.041745852679014206 1.0791090726852417
v -0.08552997559309006 -0.03486938774585724 0.9395845532417297
v 0.028098806738853455 -0.034289341419935226 0.9134942889213562
v 0.14362093806266785 -0.035375263541936874 0.9449368119239807
v 0.29693281650543213 -0.04230741038918495 1.0658745765686035
v -0.32365483045578003 -0.04471369460225105 1.2334896326065063
v -0.13469533622264862 -0.03528270870447159 0.9670301675796509
v -0.015536334365606308 -0.032584916800260544 0.9031556844711304
v 0.09690626710653305 -0.03372343257069588 0.9311116933822632
v 0.24748848378658295 -0.03954244405031204 1.0794672966003418
v -0.3439041078090668 -0.03994768485426903 1.0933568477630615
v -0.2003621906042099 -0.037684909999370575 1.0570642948150635
v -0.06013454869389534 -0.031874168664216995 0.918419599533081
v 0.05324649438261986 -0.03259225934743881 0.9388555288314819
v 0.17325091361999512 -0.03407495841383934 0.9754957556724548
v 0.33234018087387085 -0.03893854096531868 1.0892781019210815
v -0.2708647549152374 -0.03858514502644539 1.1186829805374146
v -0.1079334169626236 -0.031997330486774445 0.9492688775062561
v 0.0074473279528319836 -0.03043767623603344 0.9033301472663879
v 0.12073211371898651 -0.03158189356327057 0.9329767823219299
v 0.2738588750362396 -0.03735709935426712 1.068819284439087
v -0.3551924228668213 -0.04133263975381851 1.2224723100662231
v -0.16146136820316315 -0.032398004084825516 0.991416335105896
v -0.03605605661869049 -0.029301520437002182 0.9062488675117493
v 0.07599906623363495 -0.030105970799922943 0.9331524968147278
v 0.2124553918838501 -0.034070249646902084 1.0382620096206665
v 0.3629552721977234 -0.035279229283332825 1.0711153745651245
v -0.229040265083313 -0.03436046838760376 1.0783300399780273
v -0.08215196430683136 -0.028659475967288017 0.9314953684806824
v 0.030439354479312897 -0.028490347787737846 0.9117965698242188
v 0.14577171206474304 -0.029390648007392883 0.9440482258796692
v 0.296906054019928 -0.035671573132276535 1.0561046600341797
v -0.3237401843070984 -0.03665526583790779 1.2443124055862427
v -0.13159973919391632 -0.02881285548210144 0.9624238014221191
v -0.01325105782598257 -0.026925191283226013 0.9009185433387756
v 0.09908007085323334 -0.027823440730571747 0.9292597770690918
v 0.250323623418808 -0.032523564994335175 1.0793812274932861
v -0.3454648554325104 -0.033449746668338776 1.1105436086654663
v -0.19672857224941254 -0.03021634928882122 1.053987741470337
v -0.057427726686000824 -0.026054341346025467 0.9140833020210266
v 0.0551634281873703 -0.026520080864429474 0.9343332052230835
v 0.17539243400096893 -0.02788013592362404 0.9738596081733704
v 0.3338998258113861 -0.031880151480436325 1.0858200788497925
v -0.26612675189971924 -0.0303555466234684 1.1046078205108643
v -0.1049635037779808 -0.025728177279233932 0.9440789222717285
v 0.009697873145341873 -0.02481931447982788 0.9018561244010925
v 0.12287969142198563 -0.025630084797739983 0.931980311870575
v 0.27538153529167175 -0.030488761141896248 1.0644491910934448
v -0.3553438186645508 -0.03301875293254852 1.2412431240081787
v -0.1577293872833252 -0.025776905938982964 0.9856088757514954
v -0.03366025537252426 -0.023560363799333572 0.9035263061523438
v 0.07808926701545715 -0.024138811975717545 0.9306938052177429
v 0.21610890328884125 -0.027463989332318306 1.0409647226333618
v -0.377730131149292 -0.02638249471783638 1.084740161895752
v -0.2253282368183136 -0.027188751846551895 1.077945590019226
v -0.07914377748966217 -0.022648686543107033 0.9258204102516174
v 0.03280585631728172 -0.022660866379737854 0.9107417464256287
v 0.14802981913089752 -0.02341044880449772 0.9438031911849976
v 0.29620492458343506 -0.029049957171082497 1.04340660572052
v -0.323334664106369 -0.02905127964913845 1.250898838043213
v -0.12858638167381287 -0.02245962619781494 0.9580747485160828
v -0.010998932644724846 -0.021283788606524467 0.8992345333099365
v 0.10126569867134094 -0.021911069750785828 0.9277997016906738
v 0.25301504135131836 -0.025357471778988838 1.0797638893127441
v -0.3547648787498474 -0.027093425393104553 1.1480050086975098
v -0.19307975471019745 -0.023074768483638763 1.049478530883789
v -0.05479525774717331 -0.020241139456629753 0.9106110334396362
v 0.057304441928863525 -0.020562879741191864 0.9318181872367859
v 0.17774978280067444 -0.021587073802947998 0.9733095765113831
v 0.33486121892929077 -0.024841072037816048 1.0791220664978027
v -0.2617357075214386 -0.022465595975518227 1.092489242553711
v -0.10197710990905762 -0.01948426105082035 0.9392129182815552
v 0.01192304864525795 -0.019083930179476738 0.9009278416633606
v 0.12507279217243195 -0.019660810008645058 0.9314237833023071
v 0.2765370011329651 -0.02348662167787552 1.060011386871338
v -0.3513665199279785 -0.02450132928788662 1.2456916570663452
v -0.15422305464744568 -0.01927957311272621 0.9807640314102173
v -0.031329430639743805 -0.017824973911046982 0.9014644026756287
v 0.08022119104862213 -0.01816251315176487 0.9288420081138611
v 0.22060070931911469 -0.02086278423666954 1.0469484329223633
v -0.38653141260147095 -0.02144601382315159 1.1312131881713867
v -0.2233700007200241 -0.0189091507345438 1.0840811729431152
v -0.07639261335134506 -0.01675078459084034 0.9216260313987732
v 0.035163067281246185 -0.016808344051241875 0.9102659821510315
v 0.15040349960327148 -0.017361653968691826 0.9441764950752258
v 0.30575254559516907 -0.020965132862329483 1.0755407810211182
v -0.32227128744125366 -0.02152613364160061 1.2558088302612305
v -0.12561383843421936 -0.0161675363779068 0.9540782570838928
v -0.008744332008063793 -0.01561389397829771 0.898065984249115
v 0.10348425805568695 -0.015947680920362473 0.9267598390579224
v 0.2559468150138855 -0.01820281706750393 1.080832600593567
v -0.36445748805999756 -0.02031676471233368 1.1914634704589844
v -0.18859262764453888 -0.016030894592404366 1.041342854499817
v -0.05227145925164223 -0.014436058700084686 0.9078986644744873
v 0.05957217887043953 -0.014569456689059734 0.9305365085601807
v 0.18040692806243896 -0.015323622152209282 0.973846435546875
v 0.3352009952068329 -0.01767672970890999 1.0693490505218506
v -0.25782009959220886 -0.014822316356003284 1.0862764120101929
v -0.09901772439479828 -0.013336297124624252 0.9349390864372253
v 0.01414022222161293 -0.013279268518090248 0.900470495223999
v 0.12731318175792694 -0.013679035939276218 0.9312998652458191
v 0.2774657905101776 -0.016403883695602417 1.054100513458252
v -0.3474138379096985 -0.015901871025562286 1.2483638525009155
v -0.1509309709072113 -0.012928442098200321 0.9766715168952942
v -0.029025550931692123 -0.012095868587493896 0.8999579548835754
v 0.08242131024599075 -0.012222706340253353 0.9275194406509399
v 0.22567950189113617 -0.014179637655615807 1.0563901662826538
v -0.3912279009819031 -0.014880267903208733 1.1665955781936646
v -0.22029095888137817 -0.011882850900292397 1.0832116603851318
v -0.07381152361631393 -0.010905834846198559 0.918308675289154
v 0.03746279329061508 -0.010990810580551624 0.9102280735969543
v 0.15297837555408478 -0.011308813467621803 0.9451042413711548
v 0.3069647252559662 -0.013987294398248196 1.0710965394973755
v -0.3211252987384796 -0.01402063574641943 1.2613298892974854
v -0.12268137186765671 -0.010018098168075085 0.9505689740180969
v -0.00647844560444355 -0.009918879717588425 0.897345244884491
v 0.1057109385728836 -0.01000293530523777 0.9261071681976318
v 0.25701335072517395 -0.01121304277330637 1.0670952796936035
v -0.3699028193950653 -0.012362554669380188 1.2209186553955078
v -0.18386591970920563 -0.009332804009318352 1.0292770862579346
v -0.04983394220471382 -0.008658308535814285 0.9059039354324341
v 0.0619121752679348 -0.008638851344585419 0.9300193190574646
v 0.18327273428440094 -0.009023981168866158 0.9754772782325745
v 0.3256334066390991 -0.013576935045421124 1.0148417949676514
v -0.2541801929473877 -0.007730121724307537 1.0845147371292114
v -0.09619253128767014 -0.00736502418294549 0.9314211010932922
v 0.01638275943696499 -0.007489132694900036 0.9003804922103882
v 0.12960003316402435 -0.0076920147985219955 0.9315223097801208
v 0.2781018018722534 -0.009423901326954365 1.0464260578155518
v -0.3449661433696747 -0.008032239973545074 1.251575231552124
v -0.14784060418605804 -0.0067390333861112595 0.9732356071472168
v -0.026744630187749863 -0.006419476121664047 0.8989121913909912
v 0.08469796925783157 -0.006384419742971659 0.9266184568405151
v 0.23006102442741394 -0.007534620352089405 1.0624799728393555
v -0.39261284470558167 -0.006317273247987032 1.1875379085540771
v -0.2170116901397705 -0.00411637220531702 1.0830764770507812
v -0.07133765518665314 -0.005151407793164253 0.9157458543777466
v 0.03974898159503937 -0.005278566386550665 0.9107253551483154
v 0.15568067133426666 -0.00527538126334548 0.9465538859367371
v 0.3060174584388733 -0.006952959578484297 1.0585938692092896
v -0.31974175572395325 -0.006677580997347832 1.2677500247955322
v -0.11978922039270401 -0.00402174424380064 0.9475268721580505
v -0.004198760259896517 -0.0042638350278139114 0.8969870209693909
v 0.10798835009336472 -0.004151639528572559 0.925807774066925
v 0.2600809931755066 -0.004484964534640312 1.0662932395935059
v -0.3701513707637787 -0.0037902763579040766 1.2349921464920044
v -0.17905473709106445 -0.0028895109426230192 1.019106149673462
v -0.047452181577682495 -0.0029755448922514915 0.9044522047042847
v 0.06434556841850281 -0.002822796581313014 0.9299215078353882
v 0.1864488273859024 -0.0027636007871478796 0.9782906174659729
v 0.3259887993335724 -0.005560196470469236 1.0044121742248535
v -0.2511400878429413 -0.0006823622388765216 1.08597731590271
v -0.0934620350599289 -0.0015923379687592387 0.9286026954650879
v 0.01864260993897915 -0.001876679714769125 0.9006799459457397
v 0.1320173591375351 -0.0018431699136272073 0.9321826696395874
v 0.2782011330127716 -0.0024477788247168064 1.0354233980178833
v -0.3429308235645294 -0.001017831964418292 1.255042314529419
v -0.14489197731018066 -0.0006738497759215534 0.9703048467636108
v -0.024493388831615448 -0.0009052405948750675 0.8982316255569458
v 0.08705588430166245 -0.0006724472041241825 0.9260584712028503
v 0.2337016463279724 -0.0006445031031034887 1.0669941902160645
v -0.39281097054481506 0.0017053844640031457 1.2039353847503662
v -0.21424581110477448 0.001690358156338334 1.081133246421814
v -0.06889452785253525 0.0004684159066528082 0.9137899279594421
v 0.04207497462630272 0.00031475460855290294 0.9118043780326843
v 0.1585136353969574 0.0006912745884619653 0.9485244750976562
v 0.3042658567428589 -0.0005280717159621418 1.0439074039459229
v -0.3181817829608917 0.0006465486367233098 1.2735717296600342
v -0.11695028096437454 0.0018362672999501228 0.9449407458305359
v -0.0019137802300974727 0.0012731966562569141 0.8969695568084717
v 0.11035900563001633 0.0015396451344713569 0.9258644580841064
v 0.26275819540023804 0.0024511865340173244 1.0661942958831787
v -0.36732354760169983 0.004370615351945162 1.236189365386963
v -0.17494241893291473 0.0032925347331911325 1.0121490955352783
v -0.04512118920683861 0.0025811444502323866 0.9034179449081421
v 0.06677792966365814 0.0029133623465895653 0.9298169612884521
v 0.18987791240215302 0.0034359439741820097 0.9824946522712708
v 0.32737165689468384 0.002088565146550536 0.9976643919944763
v -0.2482840120792389 0.006567418575286865 1.088895559310913
v -0.0908178761601448 0.0040525407530367374 0.9264001846313477
v 0.02089500240981579 0.003588705090805888 0.9013156890869141
v 0.134560227394104 0.0039027894381433725 0.9332738518714905
v 0.27795645594596863 0.004311554599553347 1.0228866338729858
v -0.3407784700393677 0.005731622688472271 1.260017991065979
v -0.14203117787837982 0.005333688110113144 0.9678218364715576
v -0.022308187559247017 0.004577428102493286 0.8978521823883057
v 0.08942911028862 0.004992994479835033 0.9258174300193787
v 0.23744122684001923 0.006424842402338982 1.0713883638381958
v -0.39086559414863586 0.00900181196630001 1.2131541967391968
v -0.21148914098739624 0.008728377521038055 1.0795345306396484
v -0.06646592170000076 0.006058435421437025 0.9123290777206421
v 0.044465839862823486 0.005954081658273935 0.9133838415145874
v 0.16143113374710083 0.006655057892203331 0.9509653449058533
v 0.3042755722999573 0.005911108572036028 1.03391695022583
v -0.3166191577911377 0.008159630000591278 1.2803161144256592
v -0.11422888934612274 0.007716337218880653 0.9428121447563171
v 0.00034869019873440266 0.006851720158010721 0.8972489833831787
v 0.1127699464559555 0.007228610571473837 0.9263401031494141
v 0.26505929231643677 0.009089057333767414 1.0658848285675049
v -0.36377954483032227 0.011533095501363277 1.235487937927246
v -0.17127735912799835 0.009571721777319908 1.0068758726119995
v -0.04288749769330025 0.008196906186640263 0.9027211666107178
v 0.06905753165483475 0.008701537735760212 0.9297723770141602
v 0.19373610615730286 0.009642238728702068 0.9882428646087646
v 0.3298589289188385 0.009259658865630627 0.9903611540794373
v -0.2452145367860794 0.01378139853477478 1.0910404920578003
v -0.08827508240938187 0.009738120250403881 0.9246968626976013
v 0.023135686293244362 0.009123454801738262 0.902296245098114
v 0.1371735781431198 0.009717441163957119 0.9347626566886902
v 0.27745935320854187 0.010858611203730106 1.0120503902435303
v -0.3386423587799072 0.013107754290103912 1.265958547592163
v -0.13920338451862335 0.011386321857571602 0.9657019972801208
v -0.02016686275601387 0.010180195793509483 0.8977821469306946
v 0.09177757799625397 0.010759484022855759 0.9258993864059448
v 0.24116873741149902 0.013269386254251003 1.0745705366134644
v -0.3880351781845093 0.016103580594062805 1.220349669456482
v -0.20851972699165344 0.015400473959743977 1.077670693397522
v -0.06407586485147476 0.011724618263542652 0.9113178849220276
v 0.046893294900655746 0.011777839623391628 0.9154579043388367
v 0.16443073749542236 0.012661565095186234 0.9538499712944031
v 0.3062380850315094 0.012742565013468266 1.0300567150115967
v -0.3146459460258484 0.016469549387693405 1.2855126857757568
v -0.11158405244350433 0.013638058677315712 0.9411618709564209
v 0.002595731057226658 0.012514368630945683 0.8978539705276489
v 0.11522947251796722 0.013012545183300972 0.9272399544715881
v 0.2676627039909363 0.01582988351583481 1.0671699047088623
v -0.3606316149234772 0.018715914338827133 1.236609697341919
v -0.1680518388748169 0.015874164178967476 1.0029933452606201
v -0.040661249309778214 0.013880634680390358 0.9023471474647522
v 0.07134181261062622 0.014556780457496643 0.9298714995384216
v 0.19811367988586426 0.0159853994846344 0.9959167242050171
v 0.335189551115036 0.016345245763659477 1.0020053386688232
v -0.24199071526527405 0.02099376916885376 1.0923868417739868
v -0.0858602300286293 0.015501854009926319 0.9234981536865234
v 0.02546016126871109 0.014846567064523697 0.9036879539489746
v 0.1398947834968567 0.01565750129520893 0.9366809129714966
v 0.2765271067619324 0.018004799261689186 1.0009244680404663
v -0.3365165889263153 0.0214918814599514 1.272202730178833
v -0.13645943999290466 0.017465459182858467 0.9639773964881897
v -0.017988035455346107 0.01588316820561886 0.8980520963668823
v 0.09412875026464462 0.016581231728196144 0.9263521432876587
v 0.24383170902729034 0.020718660205602646 1.0768051147460938
v -0.3845329284667969 0.02378103882074356 1.2220498323440552
v -0.2052077054977417 0.021837173029780388 1.073193073272705
v -0.06171105057001114 0.017415909096598625 0.9107088446617126
v 0.04932708665728569 0.01771196909248829 0.9180495738983154
v 0.1675119698047638 0.018728479743003845 0.957241415977478
v 0.3021690547466278 0.01890181563794613 0.988667905330658
v -0.31186529994010925 0.025026321411132812 1.287441611289978
v -0.10899226367473602 0.019558371976017952 0.939972996711731
v 0.0048833913169801235 0.018181800842285156 0.8987935781478882
v 0.11775548756122589 0.018854286521673203 0.9285654425621033
v 0.2710903584957123 0.022666821256279945 1.0699220895767212
v -0.3570135235786438 0.027113275602459908 1.2375656366348267
v -0.16493777930736542 0.02209884114563465 0.9999855756759644
v -0.03844577074050903 0.01951851136982441 0.9022926092147827
v 0.07363619655370712 0.020421313121914864 0.930144727230072
v 0.20295986533164978 0.022523900493979454 1.0060611963272095
v 0.33941569924354553 0.02341441810131073 0.9998081922531128
v -0.23872770369052887 0.027969125658273697 1.0930490493774414
v -0.08349616825580597 0.021248767152428627 0.9227030873298645
v 0.0278787799179554 0.02063792198896408 0.9055665731430054
v 0.1426919549703598 0.021664179861545563 0.939066469669342
v 0.2750873863697052 0.025376928970217705 0.987593412399292
v -0.33388975262641907 0.030199194326996803 1.2774657011032104
v -0.13377529382705688 0.023508980870246887 0.9626352787017822
v -0.015756376087665558 0.021524330601096153 0.8986297845840454
v 0.09649978578090668 0.02241162769496441 0.9271920323371887
v 0.24589134752750397 0.027749666944146156 1.0765646696090698
v -0.38092976808547974 0.03188510984182358 1.221043348312378
v -0.2018672078847885 0.02812531590461731 1.0713402032852173
v -0.059395723044872284 0.023089025169610977 0.9104235768318176
v 0.05183497071266174 0.023664645850658417 0.9213046431541443
v 0.17073029279708862 0.024866990745067596 0.9613986611366272
v 0.30553296208381653 0.026383809745311737 0.9867304563522339
v -0.30773332715034485 0.03364009037613869 1.2886062860488892
v -0.10643071681261063 0.02537382021546364 0.9391791224479675
v 0.007198050152510405 0.023776205256581306 0.900092363357544
v 0.12032227963209152 0.02475215122103691 0.9303128123283386
v 0.27538222074508667 0.029957599937915802 1.074355125427246
v -0.35289299488067627 0.03625115007162094 1.237643837928772
v -0.16182708740234375 0.028278633952140808 0.9974391460418701
v -0.036211974918842316 0.025089332833886147 0.902554452419281
v 0.07591509073972702 0.026242241263389587 0.9306985139846802
v 0.20880663394927979 0.029411183670163155 1.0209892988204956
v 0.33680084347724915 0.031461842358112335 0.9579999446868896
v -0.23575761914253235 0.034858833998441696 1.0928444862365723
v -0.08116475492715836 0.026940563693642616 0.9222638607025146
v 0.0303339846432209 0.026362895965576172 0.9079653024673462
v 0.14553362131118774 0.0277227982878685 0.9419776201248169
v 0.27386343479156494 0.03288412466645241 0.9751567840576172
v -0.33099013566970825 0.0385647714138031 1.2811589241027832
v -0.13112343847751617 0.029483472928404808 0.9616431593894958
v -0.013518017716705799 0.027139879763126373 0.899528443813324
v 0.09892150014638901 0.02820935845375061 0.9283838272094727
v 0.24989618360996246 0.03490994870662689 1.0799733400344849
v -0.37820807099342346 0.039967555552721024 1.2210739850997925
v -0.19931147992610931 0.03490892052650452 1.0701712369918823
v -0.05711693316698074 0.028767121955752373 0.9104607105255127
v 0.05447985604405403 0.02959785796701908 0.9252132773399353
v 0.17418865859508514 0.03112691082060337 0.9663704037666321
v 0.30861377716064453 0.034202247858047485 0.9835087656974792
v -0.30357491970062256 0.04225882142782211 1.2894538640975952
v -0.10396376997232437 0.031139900907874107 0.9387335181236267
v 0.009561634622514248 0.02944139763712883 0.9017815589904785
v 0.12293513119220734 0.030669327825307846 0.9324323534965515
v 0.2799557149410248 0.037733085453510284 1.079899787902832
v -0.3500044643878937 0.04463832825422287 1.238552212715149
v -0.15879423916339874 0.0344054289162159 0.9952648878097534
v -0.03397354111075401 0.03071996010839939 0.90313321352005
v 0.0782243087887764 0.032003387808799744 0.9315165281295776
v 0.2176680564880371 0.03724837675690651 1.046383023262024
v -0.3828869163990021 0.04194435104727745 1.1008940935134888
v -0.2326556295156479 0.04187308996915817 1.0929218530654907
v -0.0788578987121582 0.03268866613507271 0.9221756458282471
v 0.03280433267354965 0.03214777261018753 0.9108729362487793
v 0.14846336841583252 0.03378533944487572 0.9454246163368225
v 0.28538888692855835 0.028675762936472893 1.0339696407318115
v -0.3281291723251343 0.0467609204351902 1.2832750082015991
v -0.1285463273525238 0.035455528646707535 0.9609634876251221
v -0.011250215582549572 0.03280993551015854 0.900759220123291
v 0.10140569508075714 0.03404154255986214 0.9299254417419434
v 0.253921240568161 0.042120713740587234 1.083559513092041
v -0.37557652592658997 0.047876808792352676 1.2212245464324951
v -0.19620762765407562 0.041393961757421494 1.0681464672088623
v -0.05484268441796303 0.03457319363951683 0.9108440279960632
v 0.05735365301370621 0.035639651119709015 0.9298753142356873
v 0.17792342603206635 0.037481456995010376 0.9723677635192871
v 0.3116649389266968 0.043146926909685135 0.9796704649925232
v -0.299837201833725 0.05050845444202423 1.2898993492126465
v -0.10159745812416077 0.03699444606900215 0.938571035861969
v 0.011956418864428997 0.03525136783719063 0.903887152671814
v 0.1256048083305359 0.036666665226221085 0.9349365234375
v 0.2845679521560669 0.04603465646505356 1.0837154388427734
v -0.3468121886253357 0.05204780772328377 1.2395744323730469
v -0.1558651179075241 0.040586672723293304 0.9935218095779419
v -0.031745344400405884 0.03648603707551956 0.9040064215660095
v 0.08056573569774628 0.037840861827135086 0.9326404929161072
v 0.2259463220834732 0.045438122004270554 1.0687971115112305
v -0.37546616792678833 0.046977244317531586 1.1041921377182007
v -0.2295629233121872 0.048816755414009094 1.0942765474319458
v -0.07657605409622192 0.03857018053531647 0.9224145412445068
v 0.03528517484664917 0.038113921880722046 0.9143091440200806
v 0.15151628851890564 0.03988659009337425 0.949402391910553
v 0.32657936215400696 0.0456421934068203 1.1603418588638306
v -0.32486972212791443 0.054669372737407684 1.2852742671966553
v -0.12600865960121155 0.04152153432369232 0.9604977369308472
v -0.00894887838512659 0.038649916648864746 0.9022717475891113
v 0.1039540097117424 0.03998391330242157 0.9318227767944336
v 0.2579366862773895 0.049609988927841187 1.0862548351287842
v -0.3726537227630615 0.05582261458039284 1.2202049493789673
v -0.19275905191898346 0.047901447862386703 1.0651437044143677
v -0.05258648842573166 0.04052725434303284 0.9115359783172607
v 0.06018020212650299 0.04179341718554497 0.9343998432159424
v 0.18194963037967682 0.04398326948285103 0.9798101782798767
v 0.3150116801261902 0.05275048688054085 0.9814855456352234
v -0.29650771617889404 0.058857716619968414 1.290157437324524
v -0.0992991104722023 0.04297306388616562 0.938622236251831
v 0.014328556135296822 0.04120666906237602 0.9064000844955444
v 0.12833786010742188 0.04269646108150482 0.9378323554992676
v 0.2890491485595703 0.05472264438867569 1.0846024751663208
v -0.3427097499370575 0.05838717147707939 1.236185073852539
v -0.1530662626028061 0.046823859214782715 0.9921188950538635
v -0.029498837888240814 0.042385224252939224 0.9051632881164551
v 0.08296992629766464 0.04377652704715729 0.934066653251648
v 0.23037052154541016 0.05265258625149727 1.0771760940551758
v -0.3698641061782837 0.05401657521724701 1.103289008140564
v -0.226693257689476 0.05554094538092613 1.0969750881195068
v -0.07429534196853638 0.04456836357712746 0.9229429960250854
v 0.03779810294508934 0.04423508048057556 0.9183522462844849
v 0.15469308197498322 0.046045489609241486 0.9539421796798706
v 0.3340761065483093 0.05520400404930115 1.168611764907837
v -0.32204464077949524 0.06270480155944824 1.2894301414489746
v -0.12352408468723297 0.04767664521932602 0.960184633731842
v -0.006637501064687967 0.04450210928916931 0.9040694832801819
v 0.10657062381505966 0.04594812169671059 0.9340537786483765
v 0.2621605396270752 0.05716238170862198 1.0882614850997925
v -0.3697004020214081 0.0635552927851677 1.217914342880249
v -0.1892150640487671 0.054366398602724075 1.0602871179580688
v -0.050316374748945236 0.04652009904384613 0.9125277996063232
v 0.06278274953365326 0.04786930978298187 0.9376819729804993
v 0.18651261925697327 0.050778329372406006 0.9892649054527283
v 0.32036730647087097 0.061383627355098724 0.9952126741409302
v -0.2763831913471222 0.06589661538600922 1.1854586601257324
v -0.09702255576848984 0.0490141361951828 0.9388666152954102
v 0.01668114773929119 0.04717482998967171 0.9092926979064941
v 0.13114067912101746 0.0487435944378376 0.9411466717720032
v 0.29288914799690247 0.0634017139673233 1.0857118368148804
v -0.33842936158180237 0.06430966407060623 1.2271782159805298
v -0.15031121671199799 0.05310100317001343 0.9909616708755493
v -0.027212688699364662 0.048248935490846634 0.9065877199172974
v 0.08546454459428787 0.04971564933657646 0.9357917904853821
v 0.23371918499469757 0.05972862243652344 1.0817800760269165
v -0.36432358622550964 0.06062692031264305 1.1003211736679077
v -0.2240363359451294 0.06233230605721474 1.100345492362976
v -0.07199308276176453 0.05054766312241554 0.9237489104270935
v 0.04039499908685684 0.050440266728401184 0.9230790138244629
v 0.15805701911449432 0.05231469124555588 0.9591642022132874
v 0.340905100107193 0.06473744660615921 1.174870491027832
v -0.32049086689949036 0.07109782099723816 1.2971851825714111
v -0.12112978100776672 0.05385832488536835 0.9600374102592468
v -0.004330790136009455 0.05036391317844391 0.9061799049377441
v 0.10925096273422241 0.051981121301651 0.9365959763526917
v 0.2661595940589905 0.06449615210294724 1.089864730834961
v -0.36665722727775574 0.07084900140762329 1.2149838209152222
v -0.1854250282049179 0.06059810146689415 1.0535486936569214
v -0.04803730547428131 0.052393969148397446 0.9137779474258423
v 0.06522908061742783 0.0538899302482605 0.9401516914367676
v 0.19158987700939178 0.057866062968969345 1.0019214153289795
v 0.32734590768814087 0.06887832283973694 1.0168874263763428
v -0.27170348167419434 0.07354946434497833 1.173275113105774
v -0.0947052389383316 0.05496753752231598 0.9393162131309509
v 0.01903245598077774 0.05321566015481949 0.9125453233718872
v 0.13404028117656708 0.054879363626241684 0.9449453949928284
v 0.29788362979888916 0.0708286240696907 1.0928096771240234
v -0.3334120810031891 0.07076511532068253 1.2187211513519287
v -0.14764641225337982 0.05935829505324364 0.9901096820831299
v -0.02496274746954441 0.05409834533929825 0.9082702398300171
v 0.08802240341901779 0.05571606010198593 0.937842071056366
v 0.23706400394439697 0.06683914363384247 1.0859298706054688
v -0.35902127623558044 0.06803867965936661 1.0957492589950562
v -0.22140805423259735 0.06935629993677139 1.1036500930786133
v -0.06966165453195572 0.05643395707011223 0.9248034358024597
v 0.04302029684185982 0.056719012558460236 0.9282601475715637
v 0.16155502200126648 0.05872790142893791 0.9652189016342163
v 0.3469415605068207 0.0740966871380806 1.179121971130371
v -0.32044342160224915 0.08037904649972916 1.3084497451782227
v -0.1187538206577301 0.0599280521273613 0.9600987434387207
v -0.002030413830652833 0.05631231516599655 0.9085652232170105
v 0.11197561025619507 0.058094609528779984 0.9394648671150208
v 0.2699229121208191 0.07144258171319962 1.0883413553237915
v -0.36351966857910156 0.07802674174308777 1.213155746459961
v -0.18093112111091614 0.06661608070135117 1.0452405214309692
v -0.04581531509757042 0.058214280754327774 0.9152633547782898
v 0.06766923516988754 0.059933003038167953 0.9425104856491089
v 0.19805815815925598 0.06549439579248428 1.0207736492156982
v 0.38051050901412964 0.07503642141819 1.1838247776031494
v -0.26709920167922974 0.08093414455652237 1.1616525650024414
v -0.09233355522155762 0.06086041033267975 0.9399627447128296
v 0.021411331370472908 0.05932809039950371 0.9160882234573364
v 0.13704752922058105 0.06115701049566269 0.9492664337158203
v 0.3038938045501709 0.07612024992704391 1.1038388013839722
v -0.3284238874912262 0.07809653133153915 1.2148362398147583
v -0.1450263261795044 0.06554033607244492 0.9894766807556152
v -0.022734569385647774 0.060000792145729065 0.9101710319519043
v 0.0906309261918068 0.06181422248482704 0.9402045607566833
v 0.2412012815475464 0.07432423532009125 1.090811014175415
v -0.3931587040424347 0.08359407633543015 1.2121288776397705
v -0.2185424268245697 0.07629835605621338 1.1062932014465332
v -0.06735213100910187 0.062320876866579056 0.9260372519493103
v 0.045669134706258774 0.06305396556854248 0.9336037635803223
v 0.1653146892786026 0.06535760313272476 0.9722275137901306
v 0.3516365885734558 0.08280516415834427 1.181079626083374
v -0.32057198882102966 0.0899229347705841 1.3219585418701172
v -0.11638375371694565 0.06594585627317429 0.9603729844093323
v 0.0003189897397533059 0.06237819045782089 0.9111925959587097
v 0.11475110799074173 0.06429142504930496 0.9426930546760559
v 0.2738644778728485 0.07822352647781372 1.0856295824050903
v -0.36046645045280457 0.08561722934246063 1.211188793182373
v -0.17693153023719788 0.07272946089506149 1.0394821166992188
v -0.04360659047961235 0.06406822800636292 0.9168792963027954
v 0.07016392052173615 0.06604506075382233 0.9449435472488403
v 0.20867003500461578 0.0754237025976181 1.0567920207977295
v 0.3437831699848175 0.08311347663402557 1.05413818359375
v -0.26295986771583557 0.08853521198034286 1.1533432006835938
v -0.0899648442864418 0.06681651622056961 0.9407689571380615
v 0.023844413459300995 0.06549032777547836 0.9198144674301147
v 0.14021803438663483 0.06764688342809677 0.9542137980461121
v 0.318653404712677 0.0860155001282692 1.161859154701233
v -0.3253094553947449 0.08603133261203766 1.2195611000061035
v -0.14242854714393616 0.07168572396039963 0.9889466762542725
v -0.020480522885918617 0.06597894430160522 0.9122680425643921
v 0.09329146146774292 0.06799089908599854 0.9428627490997314
v 0.24501357972621918 0.081720270216465 1.09311842918396
v -0.389482319355011 0.09235765784978867 1.2122342586517334
v -0.21525155007839203 0.08332452923059464 1.1079857349395752
v -0.06507667154073715 0.06826966255903244 0.9274084568023682
v 0.04834216833114624 0.06942910701036453 0.9390802383422852
v 0.1693376898765564 0.07216399163007736 0.9803056716918945
v 0.3552300035953522 0.09050872176885605 1.1823711395263672
v -0.31920841336250305 0.09893970936536789 1.3307551145553589
v -0.11400114744901657 0.07198995351791382 0.9607735872268677
v 0.0027115962002426386 0.06848743557929993 0.9140540957450867
v 0.11756203323602676 0.07058341056108475 0.946363627910614
v 0.2784368395805359 0.08561326563358307 1.0888071060180664
v -0.3570873737335205 0.09319865703582764 1.2085360288619995
v -0.1734481006860733 0.07903585582971573 1.035111904144287
v -0.04139991104602814 0.06997887045145035 0.9185934066772461
v 0.07266440987586975 0.07222909480333328 0.947501003742218
v 0.2166150063276291 0.0838894471526146 1.0801633596420288
v 0.38737744092941284 0.09243182837963104 1.1717257499694824
v -0.25901347398757935 0.09619851410388947 1.1473785638809204
v -0.08762293308973312 0.07284136861562729 0.9417241215705872
v 0.026309262961149216 0.07164894789457321 0.9237709045410156
v 0.14349304139614105 0.07421386986970901 0.9598742127418518
v 0.32053494453430176 0.0943220779299736 1.1680434942245483
v -0.3253011703491211 0.09483173489570618 1.2346848249435425
v -0.13982528448104858 0.07789640873670578 0.9886075854301453
v -0.01821325346827507 0.07198061794042587 0.9145750999450684
v 0.09598370641469955 0.07420772314071655 0.945814847946167
v 0.24967540800571442 0.08898918330669403 1.095542311668396
v -0.38681429624557495 0.10117922723293304 1.2141739130020142
v -0.21201041340827942 0.09020254015922546 1.1098406314849854
v -0.06284520775079727 0.07424870878458023 0.9289259910583496
v 0.051072899252176285 0.07584944367408752 0.9449637532234192
v 0.17362584173679352 0.07920465618371964 0.989513099193573
v 0.35779452323913574 0.09801757335662842 1.1827514171600342
v -0.3175855875015259 0.10764093697071075 1.3364269733428955
v -0.11160951107740402 0.07811511307954788 0.9612862467765808
v 0.005096202716231346 0.07460547238588333 0.9171631932258606
v 0.1203637644648552 0.07694074511528015 0.9505388140678406
v 0.2819312512874603 0.09290509670972824 1.095301866531372
v -0.3533003032207489 0.10106873512268066 1.2075268030166626
v -0.17034032940864563 0.08542205393314362 1.031984806060791
v -0.03916563093662262 0.07592973858118057 0.9204494953155518
v 0.0751228928565979 0.07845606654882431 0.9501886963844299
v 0.22006896138191223 0.09099827706813812 1.0848877429962158
v 0.3904043436050415 0.10099451243877411 1.1696772575378418
v -0.25397542119026184 0.1032392680644989 1.1419686079025269
v -0.08532306551933289 0.07891291379928589 0.9428417682647705
v 0.028777075931429863 0.07780256867408752 0.9280137419700623
v 0.14688177406787872 0.08086460083723068 0.9661422371864319
v 0.32267165184020996 0.10250940918922424 1.1752585172653198
v -0.3297850787639618 0.10485979169607162 1.2634928226470947
v -0.13729283213615417 0.08418647199869156 0.9884512424468994
v -0.01593668758869171 0.07799265533685684 0.9170787930488586
v 0.09868688136339188 0.08047517389059067 0.9490401148796082
v 0.2541237473487854 0.0966242104768753 1.0978299379348755
v -0.3854067921638489 0.10981328785419464 1.2174994945526123
v -0.2102496474981308 0.09738940000534058 1.1169369220733643
v -0.060627877712249756 0.08023928105831146 0.9305531978607178
v 0.053795475512742996 0.08228035271167755 0.950914740562439
v 0.1782103329896927 0.08651981502771378 1.0002750158309937
v 0.3599887490272522 0.10544096678495407 1.1835789680480957
v -0.3159926235675812 0.11646155267953873 1.339935064315796
v -0.10924180597066879 0.08429273962974548 0.9618843793869019
v 0.007452092133462429 0.08069684356451035 0.9204979538917542
v 0.1232629343867302 0.08338944613933563 0.9552498459815979
v 0.2949691414833069 0.10387560725212097 1.1532988548278809
v -0.35058704018592834 0.10932046920061111 1.2100943326950073
v -0.16728989779949188 0.09183283150196075 1.029433250427246
v -0.03691516071557999 0.08187928050756454 0.9224602580070496
v 0.07763853669166565 0.0846872553229332 0.9529555439949036
v 0.22438250482082367 0.0988277941942215 1.092895269393921
v 0.3929048776626587 0.11166433244943619 1.1653509140014648
v -0.24912282824516296 0.110238216817379 1.1380492448806763
v -0.08306445181369781 0.08502332121133804 0.9441109299659729
v 0.03127576410770416 0.08399149030447006 0.9326125383377075
v 0.15042079985141754 0.08759882301092148 0.9730108380317688
v 0.3248250186443329 0.10917968302965164 1.1773371696472168
v -0.3368654251098633 0.11611534655094147 1.299512267112732
v -0.13483069837093353 0.0905316174030304 0.9883958697319031
v -0.013649607077240944 0.0839788019657135 0.9197688102722168
v 0.1014007031917572 0.08680959045886993 0.952541172504425
v 0.25802475214004517 0.10438839346170425 1.0982438325881958
v -0.38504305481910706 0.11877034604549408 1.2243953943252563
v -0.2075919210910797 0.10419446229934692 1.1167516708374023
v -0.05840358883142471 0.08623695373535156 0.93227618932724
v 0.05643633008003235 0.08870568871498108 0.9563562273979187
v 0.18333800137043 0.09417285025119781 1.01436185836792
v 0.3634698688983917 0.11361689865589142 1.1878530979156494
v -0.3138875663280487 0.12533524632453918 1.3413372039794922
v -0.10693222284317017 0.09047878533601761 0.9625979661941528
v 0.009773851372301579 0.08677281439304352 0.9240456819534302
v 0.12630857527256012 0.08994991332292557 0.960496723651886
v 0.29506099224090576 0.11024465411901474 1.1497126817703247
v -0.34934014081954956 0.11805910617113113 1.216566562652588
v -0.16423608362674713 0.09826847910881042 1.02735435962677
v -0.03464864194393158 0.0878358781337738 0.9246578216552734
v 0.08019889146089554 0.09093911945819855 0.9558292627334595
v 0.2294306755065918 0.10632146894931793 1.1009190082550049
v -0.3969828188419342 0.1207084059715271 1.068493127822876
v -0.24445068836212158 0.116629458963871 1.136481761932373
v -0.08087410777807236 0.09113871306180954 0.9455448389053345
v 0.033799558877944946 0.090244822204113 0.9376316070556641
v 0.154122993350029 0.09446243941783905 0.9805287718772888
v 0.3279259204864502 0.11541035026311874 1.1771492958068848
v -0.33980387449264526 0.1278708428144455 1.329836130142212
v -0.1324092447757721 0.09680505096912384 0.9884790778160095
v -0.011344851925969124 0.0900169163942337 0.9226330518722534
v 0.1041235700249672 0.09321039170026779 0.9563562273979187
v 0.26121747493743896 0.11224282532930374 1.0972845554351807
v -0.3860394358634949 0.12809987366199493 1.2350207567214966
v -0.20492389798164368 0.1109641045331955 1.1160047054290771
v -0.05615301430225372 0.09226785600185394 0.9341028928756714
v 0.05895651504397392 0.0950932651758194 0.9609097242355347
v 0.18981137871742249 0.10274692624807358 1.0341030359268188
v 0.3691595792770386 0.12270921468734741 1.1980476379394531
v -0.31105878949165344 0.13451136648654938 1.3403558731079102
v -0.10465677827596664 0.09664061665534973 0.9634323120117188
v 0.012062366120517254 0.09287119656801224 0.9278150796890259
v 0.12950609624385834 0.09662751108407974 0.9661276936531067
v 0.29624730348587036 0.11612697690725327 1.15117609500885
v -0.34956616163253784 0.1274798959493637 1.2291120290756226
v -0.16124238073825836 0.10463285446166992 1.0254167318344116
v -0.03238446265459061 0.09385675191879272 0.9270572662353516
v 0.08279216289520264 0.09721870720386505 0.9588556885719299
v 0.23304033279418945 0.11408620327711105 1.104724407196045
v -0.43257007002830505 0.13548457622528076 1.2285717725753784
v -0.24019713699817657 0.12273938208818436 1.137104868888855
v -0.07868775725364685 0.09726447612047195 0.9471254944801331
v 0.03634233400225639 0.0966351181268692 0.9430823922157288
v 0.15804393589496613 0.10153511166572571 0.9888525605201721
v 0.3321972191333771 0.12332063168287277 1.1787655353546143
v -0.3384394347667694 0.1387411653995514 1.344265103340149
v -0.1300145536661148 0.10303033143281937 0.9885830283164978
v -0.009007093496620655 0.096105195581913 0.925667405128479
v 0.10693490505218506 0.09968556463718414 0.9604832530021667
v 0.26393142342567444 0.12028460949659348 1.0976146459579468
v -0.38778167963027954 0.13734234869480133 1.2498118877410889
v -0.2020041048526764 0.11758167296648026 1.1130627393722534
v -0.0538736991584301 0.09835071116685867 0.9360712766647339
v 0.06150699779391289 0.10150071233510971 0.9646512269973755
v 0.20073656737804413 0.11477921903133392 1.0726433992385864
v 0.375676691532135 0.1315184086561203 1.2025173902511597
v -0.29178792238235474 0.13708072900772095 1.2476434707641602
v -0.10236462950706482 0.10280787199735641 0.9643591642379761
v 0.014408532530069351 0.09907257556915283 0.93178391456604
v 0.13285508751869202 0.1034393459558487 0.9720081686973572
v 0.2607165277004242 0.11144369095563889 1.0013301372528076
v -0.3542431592941284 0.13730598986148834 1.2564458847045898
v -0.15832997858524323 0.11091729998588562 1.0238163471221924
v -0.030132202431559563 0.09992130845785141 0.9296139478683472
v 0.08543585240840912 0.103578582406044 0.9620950222015381
v 0.23844215273857117 0.12238983809947968 1.1090471744537354
v -0.42867782711982727 0.14511504769325256 1.2520551681518555
v -0.2364305555820465 0.12917549908161163 1.1383386850357056
v -0.07646586000919342 0.10344220697879791 0.9488361477851868
v 0.03896426036953926 0.10320881009101868 0.9490203857421875
v 0.16226521134376526 0.10883423686027527 0.9981079697608948
v 0.33776453137397766 0.13185158371925354 1.1853477954864502
v -0.33620530366897583 0.1491338461637497 1.3512990474700928
v -0.12764166295528412 0.10923325270414352 0.9887393712997437
v -0.006662048865109682 0.10224919766187668 0.9288468360900879
v 0.10986918956041336 0.10624182969331741 0.9649459719657898
v 0.2667831778526306 0.12841737270355225 1.0993202924728394
v -0.3895209729671478 0.14636968076229095 1.2674611806869507
v -0.19792473316192627 0.12383327633142471 1.106863260269165
v -0.051604125648736954 0.10447142273187637 0.9381523132324219
v 0.06410391628742218 0.10793626308441162 0.9680460095405579
v 0.20722010731697083 0.12347206473350525 1.08937668800354
v 0.3809094727039337 0.1392512172460556 1.205094575881958
v -0.2882191836833954 0.14513342082500458 1.2435898780822754
v -0.10008271038532257 0.10901857167482376 0.9654169678688049
v 0.016827188432216644 0.1053413674235344 0.9359365105628967
v 0.13631105422973633 0.11031783372163773 0.9782192707061768
v 0.26132938265800476 0.11961323022842407 0.9953845739364624
v -0.3609693944454193 0.14785048365592957 1.2946912050247192
v -0.1555468589067459 0.11716701090335846 1.0225696563720703
v -0.027896542102098465 0.10602352023124695 0.9322864413261414
v 0.0881347730755806 0.11000752449035645 0.965600311756134
v 0.2438744604587555 0.13061851263046265 1.1132595539093018
v -0.4237706959247589 0.15308542549610138 1.2651722431182861
v -0.23286300897598267 0.13595996797084808 1.141358733177185
v -0.07416089624166489 0.10966847836971283 0.9505802392959595
v 0.041671790182590485 0.11000325530767441 0.9555949568748474
v 0.166748046875 0.1163850948214531 1.0084006786346436
v 0.34415701031684875 0.14000283181667328 1.1949080228805542
v -0.33452272415161133 0.1588546633720398 1.3541316986083984
v -0.12522490322589874 0.11546401679515839 0.9889512062072754
v -0.004351330921053886 0.10841190069913864 0.9321551322937012
v 0.11289578676223755 0.11289875209331512 0.9696714878082275
v 0.2697158455848694 0.13662664592266083 1.101029396057129
v -0.3902552127838135 0.15542684495449066 1.281401515007019
v -0.19336332380771637 0.12987153232097626 1.097683072090149
v -0.04936298355460167 0.11064588278532028 0.9403318762779236
v 0.06673689186573029 0.11440611630678177 0.9712391495704651
v 0.21205855906009674 0.1313159465789795 1.099656581878662
v 0.3849858343601227 0.14708705246448517 1.2056223154067993
v -0.2847689688205719 0.15303489565849304 1.2391735315322876
v -0.09779488295316696 0.11529117822647095 0.9666281938552856
v 0.019310571253299713 0.1117132380604744 0.9403201937675476
v 0.1398584395647049 0.11731410026550293 0.9848271012306213
v 0.2622300684452057 0.12787358462810516 0.9920163154602051
v -0.36268916726112366 0.15878967940807343 1.3276089429855347
v -0.15287113189697266 0.12346221506595612 1.0216478109359741
v -0.025662006810307503 0.11216425150632858 0.9350534677505493
v 0.0908786803483963 0.11652470380067825 0.9692904353141785
v 0.2485847920179367 0.13883714377880096 1.1165615320205688
v -0.41923847794532776 0.16083912551403046 1.2745496034622192
v -0.2299841195344925 0.14313289523124695 1.1458848714828491
v -0.07180821895599365 0.11595530062913895 0.9523591995239258
v 0.04452302306890488 0.11700569838285446 0.9628435969352722
v 0.17169828712940216 0.12438877671957016 1.0202230215072632
v 0.3495136797428131 0.14692939817905426 1.1999962329864502
v -0.3332134783267975 0.16781115531921387 1.354661226272583
v -0.12283334881067276 0.12174690514802933 0.9892594814300537
v -0.002050933660939336 0.11466121673583984 0.9355995655059814
v 0.11602034419775009 0.11968592554330826 0.9746428728103638
v 0.27221256494522095 0.14586350321769714 1.1077682971954346
v -0.38862964510917664 0.16430695354938507 1.2930384874343872
v -0.18891777098178864 0.13565222918987274 1.0878725051879883
v -0.04715808853507042 0.11686952412128448 0.9425555467605591
v 0.0694078803062439 0.12094206362962723 0.9743826389312744
v 0.2163657397031784 0.13885444402694702 1.106837272644043
v 0.38879117369651794 0.15594090521335602 1.2028999328613281
v -0.2969992458820343 0.1669362634420395 1.337463617324829
v -0.09548530727624893 0.1216142401099205 0.967931866645813
v 0.021873749792575836 0.118226058781147 0.9449679255485535
v 0.1435706913471222 0.12445978075265884 0.9919763207435608
v 0.26191383600234985 0.13575617969036102 0.9868099093437195
v -0.359443336725235 0.16971957683563232 1.3384346961975098
v -0.15027505159378052 0.12981197237968445 1.0208733081817627
v -0.023407889530062675 0.11837612837553024 0.9378789067268372
v 0.09368032217025757 0.12315844744443893 0.9731714725494385
v 0.25286203622817993 0.14741018414497375 1.1146273612976074
v -0.41411828994750977 0.16978012025356293 1.2804865837097168
v -0.2272474765777588 0.150404691696167 1.1500612497329712
v -0.06945789605379105 0.12227363884449005 0.9541400671005249
v 0.0475090928375721 0.12418527156114578 0.9707493782043457
v 0.17695467174053192 0.13277551531791687 1.0344051122665405
v 0.335968941450119 0.14369361102581024 1.1420857906341553
v -0.3309940993785858 0.17643389105796814 1.3541412353515625
v -0.12042093276977539 0.12807440757751465 0.9896277785301208
v 0.00028458001906983554 0.12098779529333115 0.9392232894897461
v 0.1192237064242363 0.12658409774303436 0.9799225330352783
v 0.27832701802253723 0.15669076144695282 1.1229116916656494
v -0.3850449025630951 0.17273570597171783 1.2994155883789062
v -0.18441282212734222 0.14149141311645508 1.0788816213607788
v -0.0449972078204155 0.12314321845769882 0.9448349475860596
v 0.0720599964261055 0.12757210433483124 0.9776200652122498
v 0.2210787981748581 0.14699773490428925 1.1164377927780151
v 0.31306207180023193 0.1253947764635086 0.9528077244758606
v -0.29300108551979065 0.1746881753206253 1.3414862155914307
v -0.09312748163938522 0.12796545028686523 0.9692044854164124
v 0.024440214037895203 0.12485314160585403 0.9499489068984985
v 0.14741872251033783 0.13180634379386902 0.9998269081115723
v 0.3486938178539276 0.16508638858795166 1.298512578010559
v -0.35553205013275146 0.1795114129781723 1.3409079313278198
v -0.14759626984596252 0.13616181910037994 1.0201722383499146
v -0.021154658868908882 0.12468986213207245 0.9407771825790405
v 0.09651908278465271 0.1299079805612564 0.9772942662239075
v 0.2571519613265991 0.1546810269355774 1.1076016426086426
v -0.40940389037132263 0.17831408977508545 1.2837164402008057
v -0.2289409041404724 0.1619156002998352 1.1879730224609375
v -0.06714802235364914 0.12860292196273804 0.9559715986251831
v 0.05040542781352997 0.13154453039169312 0.9785642027854919
v 0.18319691717624664 0.1422351449728012 1.0530263185501099
v 0.29923874139785767 0.14223042130470276 1.0057060718536377
v -0.3278020918369293 0.18536493182182312 1.3545767068862915
v -0.11799522489309311 0.13442152738571167 0.9901136755943298
v 0.0026330347172915936 0.12742039561271667 0.9430230259895325
v 0.1224733367562294 0.13363595306873322 0.9855530261993408
v 0.3196459114551544 0.17619872093200684 1.2948744297027588
v -0.38173264265060425 0.18077996373176575 1.3042527437210083
v -0.1805332452058792 0.14761187136173248 1.0732122659683228
v -0.04284906014800072 0.12949544191360474 0.9472068548202515
v 0.07467973977327347 0.13425312936306 0.9809526205062866
v 0.22619619965553284 0.15575161576271057 1.122847318649292
v 0.31416112184524536 0.13491861522197723 0.9411416053771973
v -0.28963062167167664 0.1830958127975464 1.3474657535552979
v -0.09071850031614304 0.13434304296970367 0.970566987991333
v 0.0269804447889328 0.1316470354795456 0.9552885293960571
v 0.15146160125732422 0.13938874006271362 1.008388638496399
v 0.35270944237709045 0.17811116576194763 1.296022891998291
v -0.3521772027015686 0.18838262557983398 1.3420519828796387
v -0.14491231739521027 0.14250916242599487 1.0196205377578735
v -0.01888781413435936 0.13111616671085358 0.9437611103057861
v 0.09939383715391159 0.13677525520324707 0.9816042184829712
v 0.2590581774711609 0.16201460361480713 1.097333550453186
v -0.40577614307403564 0.1863749474287033 1.2865132093429565
v -0.22441218793392181 0.1677810102701187 1.1808860301971436
v -0.06485864520072937 0.134951651096344 0.9578325748443604
v 0.053101796656847 0.13877221941947937 0.9849593639373779
v 0.1919964849948883 0.15363435447216034 1.082809329032898
v 0.29823189973831177 0.14852197468280792 0.9928256273269653
v -0.3240637183189392 0.19410766661167145 1.3533306121826172
v -0.11551716923713684 0.1407855600118637 0.9907032251358032
v 0.0050225406885147095 0.13400837779045105 0.9469735622406006
v 0.12586326897144318 0.1408487856388092 0.9915771484375
v 0.326114684343338 0.1869206726551056 1.2984124422073364
v -0.3785040080547333 0.18918196856975555 1.3094079494476318
v -0.17689648270606995 0.1538172960281372 1.0682811737060547
v -0.04065517336130142 0.1358911395072937 0.9496036171913147
v 0.07731432467699051 0.14101719856262207 0.9843229055404663
v 0.2311445027589798 0.16423769295215607 1.1256071329116821
v 0.31777676939964294 0.14299829304218292 0.9361737370491028
v -0.2865249216556549 0.19210125505924225 1.3504397869110107
v -0.08829889446496964 0.14069914817810059 0.9720093607902527
v 0.029514236375689507 0.13863062858581543 0.9610781669616699
v 0.1556789129972458 0.14720283448696136 1.0176434516906738
v 0.3560608923435211 0.18803204596042633 1.2925997972488403
v -0.34887510538101196 0.19711558520793915 1.3424268960952759
v -0.1422436386346817 0.14886197447776794 1.019086241722107
v -0.016607869416475296 0.1376231610774994 0.9468162059783936
v 0.10235010087490082 0.1437223255634308 0.986099123954773
v 0.26159024238586426 0.17231839895248413 1.094986081123352
v -0.402747243642807 0.1943129450082779 1.2891302108764648
v -0.21962721645832062 0.17361989617347717 1.1718814373016357
v -0.06257911771535873 0.14126798510551453 0.959714412689209
v 0.05567421764135361 0.14579425752162933 0.9896244406700134
v 0.19948099553585052 0.16390059888362885 1.1057648658752441
v 0.29444971680641174 0.15424975752830505 0.9749180674552917
v -0.31970953941345215 0.20243296027183533 1.3504078388214111
v -0.11300261318683624 0.1471579521894455 0.9914147853851318
v 0.0074259694665670395 0.1407175362110138 0.951086163520813
v 0.12932051718235016 0.14816898107528687 0.9980011582374573
v 0.3314220905303955 0.19680993258953094 1.2991819381713867
v -0.37506619095802307 0.19832703471183777 1.3134052753448486
v -0.17349231243133545 0.16011416912078857 1.0642211437225342
v -0.038412950932979584 0.1422993540763855 0.9520031213760376
v 0.07998432964086533 0.14787034690380096 0.9878238439559937
v 0.23586788773536682 0.17143669724464417 1.1236273050308228
v 0.32203927636146545 0.1515434980392456 0.9322532415390015
v -0.28298476338386536 0.20128528773784637 1.349945306777954
v -0.0858851820230484 0.14703468978405 0.9734600186347961
v 0.032015688717365265 0.14585047960281372 0.9674132466316223
v 0.1599985957145691 0.15525496006011963 1.0274810791015625
v 0.35939937829971313 0.19692908227443695 1.2900543212890625
v -0.3452743887901306 0.20560915768146515 1.3411734104156494
v -0.13964565098285675 0.1552065908908844 1.0187263488769531
v -0.014303645119071007 0.1441737562417984 0.949958324432373
v 0.10534891486167908 0.1507902592420578 0.9908238649368286
v 0.3050973117351532 0.20438891649246216 1.3110179901123047
v -0.39988917112350464 0.20237413048744202 1.2908408641815186
v -0.21596994996070862 0.1804562509059906 1.171479344367981
v -0.06031085178256035 0.14758871495723724 0.9616329669952393
v 0.05817543342709541 0.1527441143989563 0.9933733344078064
v 0.20397433638572693 0.17220167815685272 1.1172600984573364
v 0.2934512794017792 0.16148029267787933 0.9664825797080994
v -0.3150700032711029 0.2108212113380432 1.3475492000579834
v -0.11044740676879883 0.15357761085033417 0.992232084274292
v 0.009848903864622116 0.14753121137619019 0.9553209543228149
v 0.13279512524604797 0.15559172630310059 1.0047881603240967
v 0.3360810875892639 0.2059590220451355 1.2996480464935303
v -0.37132617831230164 0.20760765671730042 1.3161286115646362
v -0.17030753195285797 0.16639162600040436 1.0607560873031616
v -0.03612406551837921 0.14872519671916962 0.9544374942779541
v 0.08269347250461578 0.1548130065202713 0.9914494752883911
v 0.24040807783603668 0.17847904562950134 1.114532709121704
v -0.39948004484176636 0.19473624229431152 1.0934019088745117
v -0.2789515554904938 0.2100399285554886 1.3492604494094849
v -0.08349034190177917 0.15339456498622894 0.9749319553375244
v 0.03458046913146973 0.15326081216335297 0.974480926990509
v 0.16458815336227417 0.16367708146572113 1.038385033607483
v 0.3625228703022003 0.20570771396160126 1.287509560585022
v -0.3413417339324951 0.21423529088497162 1.3392621278762817
v -0.13704130053520203 0.1615937054157257 1.0185054540634155
v -0.011932282708585262 0.15073221921920776 0.953170657157898
v 0.10841456055641174 0.15796661376953125 0.9957651495933533
v 0.3092367649078369 0.2129702866077423 1.311647891998291
v -0.3970223367214203 0.21062099933624268 1.292285680770874
v -0.21215476095676422 0.18644285202026367 1.1602544784545898
v -0.058051519095897675 0.15390868484973907 0.9635952115058899
v 0.060757506638765335 0.15965236723423004 0.9967945218086243
v 0.20675745606422424 0.18031254410743713 1.1216379404067993
v 0.29305869340896606 0.16816993057727814 0.9617438316345215
v -0.31045979261398315 0.21891102194786072 1.3434526920318604
v -0.10794984549283981 0.16004014015197754 0.9930752515792847
v 0.012343919835984707 0.15437136590480804 0.9597622752189636
v 0.1363597959280014 0.16316352784633636 1.01198148727417
v 0.33941972255706787 0.21461309492588043 1.2999716997146606
v -0.36742302775382996 0.2165384739637375 1.3174713850021362
v -0.16719402372837067 0.1726474165916443 1.0579792261123657
v -0.03379114717245102 0.15511704981327057 0.9569264054298401
v 0.08549004793167114 0.1617882251739502 0.995165228843689
v 0.2431774139404297 0.1886722296476364 1.1050471067428589
v -0.44631773233413696 0.2162279635667801 1.2708449363708496
v -0.27537965774536133 0.21854661405086517 1.3454760313034058
v -0.08112229406833649 0.15978507697582245 0.9764859080314636
v 0.037467196583747864 0.16086699068546295 0.9827475547790527
v 0.16957728564739227 0.1726190447807312 1.052314043045044
v 0.36543405055999756 0.21375496685504913 1.2839550971984863
v -0.33689743280410767 0.22270144522190094 1.336478590965271
v -0.13439729809761047 0.16804426908493042 1.0183829069137573
v -0.009545301087200642 0.15727175772190094 0.9564971327781677
v 0.11153791844844818 0.16522862017154694 1.0009795427322388
v 0.31342822313308716 0.22158662974834442 1.311917781829834
v -0.39387646317481995 0.21873995661735535 1.2938367128372192
v -0.20959678292274475 0.19443407654762268 1.1596497297286987
v -0.055816370993852615 0.16024501621723175 0.9655963182449341
v 0.06336990743875504 0.16647891700267792 1.000120997428894
v 0.21173791587352753 0.18933235108852386 1.1262643337249756
v 0.3981238603591919 0.21110321581363678 1.268007755279541
v -0.30589941143989563 0.22653266787528992 1.3388841152191162
v -0.10550297051668167 0.16652150452136993 0.9939852952957153
v 0.01489942241460085 0.16121435165405273 0.9644495844841003
v 0.14003145694732666 0.17091213166713715 1.0197862386703491
v 0.3425613045692444 0.22334681451320648 1.3006936311721802
v -0.36318105459213257 0.22482340037822723 1.3185060024261475
v -0.16412317752838135 0.17889529466629028 1.0556484460830688
v -0.031422197818756104 0.16150297224521637 0.9595049619674683
v 0.08831720799207687 0.16875267028808594 0.9990228414535522
v 0.2821548581123352 0.2256598323583603 1.317569613456726
v -0.43356946110725403 0.2247958779335022 1.2736257314682007
v -0.2717214524745941 0.22630710899829865 1.339217185974121
v -0.07877989113330841 0.16624245047569275 0.9781352281570435
v 0.04070724546909332 0.1690972000360489 0.9931259751319885
v 0.17677807807922363 0.18366196751594543 1.0754940509796143
v 0.3676890730857849 0.22154098749160767 1.2804348468780518
v -0.332067608833313 0.23084011673927307 1.3328112363815308
v -0.13167673349380493 0.17449544370174408 1.018383502960205
v -0.0071809799410402775 0.16384020447731018 0.9599411487579346
v 0.11469912528991699 0.17255154252052307 1.0065780878067017
v 0.3172781467437744 0.23058819770812988 1.3128687143325806
v -0.39015403389930725 0.2268686145544052 1.2954736948013306
v -0.20576995611190796 0.20103123784065247 1.155591607093811
v -0.0536123551428318 0.16663354635238647 0.9676822423934937
v 0.06598934531211853 0.17330674827098846 1.0033942461013794
v 0.21793118119239807 0.1978294849395752 1.1298309564590454
v 0.3978980779647827 0.222308948636055 1.253488302230835
v -0.30136024951934814 0.23400898277759552 1.3345282077789307
v -0.10308495163917542 0.17301851511001587 0.9950098395347595
v 0.017465848475694656 0.16815461218357086 0.9694017171859741
v 0.14389076828956604 0.1789383441209793 1.0285258293151855
v 0.3456149995326996 0.23209813237190247 1.3020066022872925
v -0.35885754227638245 0.23275448381900787 1.318429946899414
v -0.16115225851535797 0.18517069518566132 1.0539004802703857
v -0.029026612639427185 0.16792146861553192 0.9621642231941223
v 0.09117483347654343 0.17575614154338837 1.0030603408813477
v 0.2861156463623047 0.23503026366233826 1.319313883781433
v -0.42137056589126587 0.2316807061433792 1.2723406553268433
v -0.267799973487854 0.2342032492160797 1.333280086517334
v -0.07646756619215012 0.17275041341781616 0.9797908663749695
v 0.04409942030906677 0.17738881707191467 1.0038806200027466
v 0.18619465827941895 0.19794420897960663 1.113161563873291
v 0.36990368366241455 0.2291277050971985 1.2759507894515991
v -0.3273111879825592 0.23846252262592316 1.32807195186615
v -0.12901605665683746 0.18095774948596954 1.0185779333114624
v -0.004781751427799463 0.17051321268081665 0.9635457396507263
v 0.11798782646656036 0.17999312281608582 1.0125706195831299
v 0.3200014531612396 0.23883093893527985 1.311948537826538
v -0.3863080143928528 0.23482199013233185 1.2965493202209473
v -0.1997290849685669 0.2048346847295761 1.134442925453186
v -0.05140652507543564 0.17309896647930145 0.9697886109352112
v 0.0686771422624588 0.1801711469888687 1.006611704826355
v 0.24692948162555695 0.2345164567232132 1.3027547597885132
v 0.39979425072669983 0.23060433566570282 1.2435541152954102
v -0.2970658242702484 0.2412513792514801 1.3302278518676758
v -0.100664421916008 0.1794840544462204 0.9960936307907104
v 0.02011084370315075 0.17530059814453125 0.9748871326446533
v 0.14804372191429138 0.1873694658279419 1.0383656024932861
v 0.34856167435646057 0.23966118693351746 1.3007301092147827
v -0.35473543405532837 0.24073293805122375 1.3163888454437256
v -0.1582392454147339 0.19153355062007904 1.0526819229125977
v -0.02661624737083912 0.17441104352474213 0.9649301767349243
v 0.09410890191793442 0.18281938135623932 1.0073518753051758
v 0.29018279910087585 0.24302458763122559 1.3172931671142578
v -0.41385820508003235 0.23931589722633362 1.2720861434936523
v -0.2633973956108093 0.24191440641880035 1.327824592590332
v -0.07420361042022705 0.17929695546627045 0.981410562992096
v 0.04705566167831421 0.18508870899677277 1.0111662149429321
v 0.19257678091526031 0.2083563655614853 1.134329915046692
v 0.37149256467819214 0.23639188706874847 1.2696759700775146
v -0.3226035237312317 0.24555955827236176 1.3226629495620728
v -0.1264156997203827 0.18742284178733826 1.0189552307128906
v -0.0023557550739496946 0.1772763431072235 0.9673582315444946
v 0.12137188017368317 0.18761025369167328 1.0190411806106567
v 0.3221616744995117 0.24607424437999725 1.3092888593673706
v -0.38251566886901855 0.24271364510059357 1.2958874702453613
v -0.19554603099822998 0.21053585410118103 1.1292247772216797
v -0.04919347167015076 0.17962294816970825 0.9719924330711365
v 0.07135721296072006 0.18705344200134277 1.0098909139633179
v 0.25569602847099304 0.24498990178108215 1.313463807106018
v 0.4026622772216797 0.2373865693807602 1.23701012134552
v -0.29276588559150696 0.24805843830108643 1.3255819082260132
v -0.09822430461645126 0.18596355617046356 0.997216522693634
v 0.022786248475313187 0.18270382285118103 0.9813600778579712
v 0.15257564187049866 0.19630546867847443 1.0496294498443604
v 0.35072171688079834 0.24630850553512573 1.2966270446777344
v -0.3505953848361969 0.2482486367225647 1.3128931522369385
v -0.15525205433368683 0.19791465997695923 1.0520050525665283
v -0.02420886792242527 0.18094366788864136 0.9678312540054321
v 0.09708015620708466 0.19001786410808563 1.0120099782943726
v 0.29299166798591614 0.2501699924468994 1.3128795623779297
v -0.40838637948036194 0.2480953335762024 1.2722667455673218
v -0.2581809461116791 0.24894902110099792 1.3204165697097778
v -0.07193266600370407 0.18584007024765015 0.9830789566040039
v 0.04940037801861763 0.1921444982290268 1.0156975984573364
v 0.19402837753295898 0.21504518389701843 1.1329712867736816
v 0.37300819158554077 0.24353215098381042 1.2614198923110962
v -0.31795307993888855 0.2521776258945465 1.3172441720962524
v -0.12383762001991272 0.19387781620025635 1.0194789171218872
v 7.393298437818885e-05 0.1841205358505249 0.9714789986610413
v 0.12489619851112366 0.19547319412231445 1.0261555910110474
v 0.32437777519226074 0.25300759077072144 1.3061285018920898
v -0.378846675157547 0.2502582371234894 1.2938400506973267
v -0.19123555719852448 0.2162356823682785 1.123401165008545
v -0.046935319900512695 0.18618962168693542 0.9742416739463806
v 0.0740399956703186 0.19400060176849365 1.0133074522018433
v 0.26024264097213745 0.25436463952064514 1.3121979236602783
v 0.40620726346969604 0.24429111182689667 1.2333027124404907
v -0.2882430851459503 0.2547682225704193 1.3201185464859009
v -0.09572991728782654 0.19245366752147675 0.9983767867088318
v 0.02552003227174282 0.19044631719589233 0.9889901876449585
v 0.15758372843265533 0.20598196983337402 1.0643858909606934
v 0.3518345355987549 0.2524580657482147 1.2905348539352417
v -0.3463515341281891 0.2552795708179474 1.308396577835083
v -0.1523340493440628 0.20436446368694305 1.0516127347946167
v -0.021799970418214798 0.18755236268043518 0.9708610773086548
v 0.1001429334282875 0.1973789930343628 1.017059564590454
v 0.2948111593723297 0.25736087560653687 1.3088855743408203
v -0.40411651134490967 0.2569374740123749 1.271681785583496
v -0.2528659403324127 0.255984365940094 1.3137322664260864
v -0.06964347511529922 0.19239425659179688 0.9847507476806641
v 0.051888592541217804 0.19909413158893585 1.019339680671692
v 0.1995854377746582 0.22614523768424988 1.142276406288147
v 0.3745565414428711 0.24978552758693695 1.251230239868164
v -0.3133374750614166 0.2588554918766022 1.3116636276245117
v -0.12132858484983444 0.20033177733421326 1.0200355052947998
v 0.002607619622722268 0.19110721349716187 0.9760625958442688
v 0.12859727442264557 0.20362500846385956 1.0340300798416138
v 0.3261139392852783 0.25965189933776855 1.3026295900344849
v -0.3751678764820099 0.25768113136291504 1.2907770872116089
v -0.18731361627578735 0.2222982496023178 1.118748426437378
v -0.04458661749958992 0.1927819401025772 0.9765037298202515
v 0.07682565599679947 0.20100773870944977 1.0169214010238647
v 0.2650427520275116 0.26260942220687866 1.3099290132522583
v 0.4113011062145233 0.25069117546081543 1.2312734127044678
v -0.28336989879608154 0.2614256739616394 1.3138303756713867
v -0.09324608743190765 0.19897082448005676 0.9995731711387634
v 0.028330320492386818 0.1985950917005539 0.9983729720115662
v 0.1649695187807083 0.21869605779647827 1.0915007591247559
v 0.35245680809020996 0.25838902592658997 1.282217025756836
v -0.3416783809661865 0.26196956634521484 1.302889347076416
v -0.14951284229755402 0.21085751056671143 1.05152428150177
v -0.019382966682314873 0.1942327469587326 0.9740829467773438
v 0.10331320017576218 0.20490662753582 1.0225608348846436
v 0.2966718375682831 0.2648109495639801 1.3045718669891357
v -0.4008890688419342 0.26497557759284973 1.2704352140426636
v -0.2478560507297516 0.26269373297691345 1.3070433139801025
v -0.06734246760606766 0.19892726838588715 0.9864917397499084
v 0.05448366701602936 0.206049382686615 1.022780179977417
v 0.2065952867269516 0.23467417061328888 1.1506280899047852
v 0.37556058168411255 0.25534898042678833 1.2410483360290527
v -0.3085494041442871 0.26552751660346985 1.3054864406585693
v -0.11883440613746643 0.20679186284542084 1.0207250118255615
v 0.005211709067225456 0.19825728237628937 0.9812135696411133
v 0.13251915574073792 0.21208564937114716 1.043114185333252
v 0.32679179310798645 0.2658742666244507 1.2970123291015625
v -0.3712499737739563 0.2645992040634155 1.2870646715164185
v -0.1835276335477829 0.22838619351387024 1.1149256229400635
v -0.04217689856886864 0.19937437772750854 0.9788562059402466
v 0.07967676222324371 0.2081105262041092 1.0208615064620972
v 0.26826223731040955 0.2696734368801117 1.305859088897705
v 0.4152909219264984 0.2569965720176697 1.231043815612793
v -0.2780470848083496 0.2679601311683655 1.3065929412841797
v -0.09076949954032898 0.20546890795230865 1.0009492635726929
v 0.03173494711518288 0.20773965120315552 1.011348009109497
v 0.1734408736228943 0.23251095414161682 1.125154733657837
v 0.3523581326007843 0.26457974314689636 1.272894024848938
v -0.3363264501094818 0.2685028612613678 1.296276330947876
v -0.14677058160305023 0.21736446022987366 1.0517776012420654
v -0.0169934444129467 0.20102307200431824 0.977635383605957
v 0.10658004134893417 0.21261093020439148 1.0286483764648438
v 0.29787588119506836 0.272244393825531 1.300877571105957
v -0.3974451422691345 0.27153101563453674 1.2679316997528076
v -0.24363580346107483 0.26953446865081787 1.2998161315917969
v -0.06500924378633499 0.20544984936714172 0.988390326499939
v 0.057116199284791946 0.21305690705776215 1.026124358177185
v 0.23123110830783844 0.27022385597229004 1.2933536767959595
v 0.37641289830207825 0.26082900166511536 1.23142409324646
v -0.3034623861312866 0.27202925086021423 1.2990384101867676
v -0.11631212383508682 0.213283509016037 1.0215895175933838
v 0.007864286191761494 0.20567713677883148 0.9872284531593323
v 0.13679863512516022 0.22103744745254517 1.0538709163665771
v 0.3269454538822174 0.2715812921524048 1.2900111675262451
v -0.36654746532440186 0.2713421881198883 1.2822930812835693
v -0.18006610870361328 0.23476849496364594 1.112788438796997
v -0.03972386196255684 0.20601613819599152 0.9813920855522156
v 0.08260810375213623 0.21534451842308044 1.0251835584640503
v 0.26977014541625977 0.2766152620315552 1.3007910251617432
v 0.42432522773742676 0.26575586199760437 1.2268317937850952
v -0.2725459635257721 0.2745199501514435 1.2991269826889038
v -0.08831165730953217 0.21199728548526764 1.0024644136428833
v 0.035642143338918686 0.21812650561332703 1.0296512842178345
v 0.17574387788772583 0.2408321350812912 1.1318241357803345
v 0.3521033823490143 0.2705899775028229 1.2633174657821655
v -0.3308868408203125 0.2748868465423584 1.2889962196350098
v -0.14406219124794006 0.2239578664302826 1.0520164966583252
v -0.014573710039258003 0.20795480906963348 0.9816103577613831
v 0.10996723920106888 0.22053439915180206 1.0353628396987915
v 0.2984158992767334 0.2794385850429535 1.2975094318389893
v -0.3931235074996948 0.2778075635433197 1.2641019821166992
v -0.23965200781822205 0.27623066306114197 1.2925167083740234
v -0.06267096102237701 0.2120378613471985 0.9903860688209534
v 0.05982791259884834 0.22016888856887817 1.0295370817184448
v 0.23599949479103088 0.2789817750453949 1.294020175933838
v 0.3781074583530426 0.26648083329200745 1.2225935459136963
v -0.29854562878608704 0.2784785330295563 1.2924778461456299
v -0.11379773169755936 0.21990638971328735 1.0225924253463745
v 0.010517297312617302 0.2135741412639618 0.9948039054870605
v 0.14156301319599152 0.23072761297225952 1.066869854927063
v 0.3269121050834656 0.2772240936756134 1.2824642658233643
v -0.3614973723888397 0.27801185846328735 1.276303768157959
v -0.1770278513431549 0.2413681149482727 1.1108953952789307
v -0.037247564643621445 0.21268895268440247 0.984152615070343
v 0.08564262837171555 0.22274653613567352 1.029964566230774
v 0.27150288224220276 0.2838713824748993 1.2962545156478882
v -0.45356929302215576 0.28758004307746887 1.2546861171722412
v -0.26727965474128723 0.2811391353607178 1.291944146156311
v -0.08590172976255417 0.218596413731575 1.0040994882583618
v 0.03826699033379555 0.22634631395339966 1.0386072397232056
v 0.18017444014549255 0.2524999678134918 1.1413450241088867
v 0.35257938504219055 0.27538615465164185 1.253230094909668
v -0.32570984959602356 0.28129419684410095 1.2818342447280884
v -0.14137662947177887 0.23062825202941895 1.0521870851516724
v -0.012168876826763153 0.21505393087863922 0.9861783385276794
v 0.11347417533397675 0.2287043035030365 1.042953372001648
v 0.299396276473999 0.2860548794269562 1.2936984300613403
v -0.38824161887168884 0.2838234603404999 1.259138822555542
v -0.23547466099262238 0.2826467752456665 1.2844979763031006
v -0.06028452143073082 0.2186180055141449 0.9925711154937744
v 0.06262947618961334 0.22737932205200195 1.0332244634628296
v 0.24077460169792175 0.28740230202674866 1.2911126613616943
v 0.37991073727607727 0.2725237011909485 1.2152549028396606
v -0.29382145404815674 0.2849210798740387 1.285879135131836
v -0.11126822978258133 0.22658786177635193 1.0237315893173218
v 0.013179047033190727 0.22216454148292542 1.0042290687561035
v 0.14697326719760895 0.24135702848434448 1.0851781368255615
v 0.3282321095466614 0.2827834188938141 1.2745728492736816
v -0.35638517141342163 0.2849266529083252 1.26972234249115
v -0.17421942949295044 0.24851252138614655 1.110748529434204
v -0.03479347005486488 0.21936696767807007 0.9872884154319763
v 0.08876840025186539 0.23032696545124054 1.0353472232818604
v 0.27336424589157104 0.29116129875183105 1.2915396690368652
v -0.42519325017929077 0.2905482351779938 1.2463595867156982
v -0.26238542795181274 0.2877901494503021 1.2843749523162842
v -0.08351459354162216 0.22522389888763428 1.0058742761611938
v 0.04051737114787102 0.23373523354530334 1.0431946516036987
v 0.18722988665103912 0.2621845006942749 1.1507352590560913
v 0.3532026708126068 0.2805255651473999 1.2424991130828857
v -0.320727676153183 0.28785064816474915 1.275284767150879
v -0.1387176215648651 0.23741966485977173 1.0525681972503662
v -0.009794424287974834 0.2224106341600418 0.9916498064994812
v 0.11711055785417557 0.2371785044670105 1.051683783531189
v 0.3013386130332947 0.2921540141105652 1.29050874710083
v -0.38323912024497986 0.28976792097091675 1.2540206909179688
v -0.2310248762369156 0.2891532778739929 1.2757744789123535
v -0.05783556029200554 0.22519564628601074 0.9949674606323242
v 0.06549306213855743 0.23467959463596344 1.0372750759124756
v 0.24443663656711578 0.29496434330940247 1.28615140914917
v 0.3813466429710388 0.27932295203208923 1.2087973356246948
v -0.28917327523231506 0.2915082573890686 1.2790535688400269
v -0.10874008387327194 0.2333589643239975 1.025048017501831
v 0.01616431400179863 0.23192356526851654 1.0177024602890015
v 0.1553318202495575 0.2567020058631897 1.1195943355560303
v 0.329685777425766 0.2888535261154175 1.2673308849334717
v -0.3513605296611786 0.2919883131980896 1.2630090713500977
v -0.17157934606075287 0.25615909695625305 1.1136415004730225
v -0.032364971935749054 0.22616726160049438 0.990958571434021
v 0.0919954776763916 0.23813705146312714 1.0413672924041748
v 0.2750607132911682 0.29831570386886597 1.287451982498169
v -0.4143787622451782 0.2955804765224457 1.242789626121521
v -0.2574901878833771 0.29448047280311584 1.2761865854263306
v -0.08112583309412003 0.23187963664531708 1.0077646970748901
v 0.04303118214011192 0.24111783504486084 1.047366976737976
v 0.20700059831142426 0.29526856541633606 1.2745916843414307
v 0.354414701461792 0.2866078019142151 1.2337592840194702
v -0.3160649538040161 0.2944660186767578 1.2691256999969482
v -0.1361711472272873 0.24440136551856995 1.0533074140548706
v -0.007457836531102657 0.2302723377943039 0.9984610080718994
v 0.12105133384466171 0.24623869359493256 1.0619182586669922
v 0.30366605520248413 0.2980738878250122 1.2877049446105957
v -0.3785208463668823 0.29598677158355713 1.249011516571045
v -0.22658659517765045 0.29558292031288147 1.2670323848724365
v -0.05538007616996765 0.2318543940782547 0.997592568397522
v 0.06845516711473465 0.2421495020389557 1.0417544841766357
v 0.2461976259946823 0.3023014962673187 1.280867338180542
v 0.3826318681240082 0.2857215106487274 1.2028930187225342
v -0.2844840884208679 0.29823753237724304 1.2718350887298584
v -0.10625112801790237 0.2402341365814209 1.0265568494796753
v 0.01906110905110836 0.24338091909885406 1.04023015499115
v 0.15852847695350647 0.26674121618270874 1.1318405866622925
v 0.3310776650905609 0.2951277494430542 1.262969970703125
v -0.34625956416130066 0.2989116311073303 1.256606936454773
v -0.17731201648712158 0.2732578217983246 1.1790739297866821
v -0.02998744137585163 0.23323681950569153 0.9953665733337402
v 0.09531978517770767 0.24626292288303375 1.048187494277954
v 0.2772364914417267 0.30543041229248047 1.28372061252594
v -0.40651649236679077 0.30073538422584534 1.2368773221969604
v -0.25257885456085205 0.3010542392730713 1.2675377130508423
v -0.07878163456916809 0.23860569298267365 1.0099021196365356
v 0.04565665125846863 0.24864044785499573 1.0514336824417114
v 0.21215598285198212 0.3040042519569397 1.274070143699646
v 0.3557355999946594 0.29301247000694275 1.2280974388122559
v -0.3116070032119751 0.30135083198547363 1.2628273963928223
v -0.1336313784122467 0.25153377652168274 1.0545932054519653
v -0.0050973184406757355 0.23902064561843872 1.0074257850646973
v 0.125240758061409 0.2558665871620178 1.0740420818328857
v 0.30574899911880493 0.30457010865211487 1.2843832969665527
v -0.3740895986557007 0.30270621180534363 1.243950366973877
v -0.22183315455913544 0.3021354079246521 1.259145736694336
v -0.052994973957538605 0.23863331973552704 1.0006556510925293
v 0.0714830681681633 0.24982593953609467 1.0468525886535645
v 0.24735602736473083 0.30950993299484253 1.2754931449890137
v 0.383802205324173 0.2920146584510803 1.1964025497436523
v -0.279643177986145 0.3051103353500366 1.2643202543258667
v -0.10382253676652908 0.24720150232315063 1.0285052061080933
v 0.022522054612636566 0.25624963641166687 1.0673577785491943
v 0.1630290448665619 0.27749714255332947 1.1410257816314697
v 0.3329992890357971 0.30196863412857056 1.2594552040100098
v -0.3409196138381958 0.30575448274612427 1.2508690357208252
v -0.17917028069496155 0.28476259112358093 1.202193260192871
v -0.027721477672457695 0.24071019887924194 1.0008074045181274
v 0.09875227510929108 0.254780113697052 1.0560963153839111
v 0.27943187952041626 0.3124978244304657 1.2798209190368652
v -0.39987748861312866 0.30675530433654785 1.231270670890808
v -0.2476058304309845 0.3075333535671234 1.2589399814605713
v -0.07645951211452484 0.2454170435667038 1.0123471021652222
v 0.04833347722887993 0.2562284469604492 1.0557286739349365
v 0.216737300157547 0.3114550709724426 1.2692830562591553
v 0.35817569494247437 0.3000798523426056 1.2246226072311401
v -0.3074030876159668 0.30885225534439087 1.256119966506958
v -0.1311047375202179 0.2588285803794861 1.056673526763916
v -0.002565639093518257 0.24912205338478088 1.0212849378585815
v 0.13022880256175995 0.2671472132205963 1.0917558670043945
v 0.30787229537963867 0.31205105781555176 1.2798330783843994
v -0.3697795271873474 0.3096204102039337 1.2390538454055786
v -0.2173682153224945 0.30852967500686646 1.2515287399291992
v -0.05066979303956032 0.24565060436725616 1.0043554306030273
v 0.07457645982503891 0.257785826921463 1.05264413356781
v 0.2487146109342575 0.31662583351135254 1.2704544067382812
v 0.3850652575492859 0.29865413904190063 1.1905685663223267
v -0.2747839093208313 0.31211018562316895 1.256638765335083
v -0.10141158103942871 0.25428494811058044 1.0307737588882446
v 0.024747200310230255 0.2646351158618927 1.073789358139038
v 0.18222467601299286 0.31096121668815613 1.2522538900375366
v 0.33535847067832947 0.30960190296173096 1.2570233345031738
v -0.33580246567726135 0.3127247095108032 1.245492935180664
v -0.17993943393230438 0.2971188724040985 1.215177059173584
v -0.025491811335086823 0.24874693155288696 1.007748007774353
v 0.10238055139780045 0.26391497254371643 1.065374493598938
v 0.2816007435321808 0.3196460008621216 1.2756073474884033
v -0.39378616213798523 0.3130227029323578 1.2267541885375977
v -0.24265357851982117 0.31411033868789673 1.2509366273880005
v -0.07413311302661896 0.2524479627609253 1.0151748657226562
v 0.05114665627479553 0.26406797766685486 1.0603359937667847
v 0.21933118999004364 0.31819358468055725 1.2641000747680664
v 0.3607295751571655 0.3080189526081085 1.222456693649292
v -0.3030034005641937 0.3159538507461548 1.2496833801269531
v -0.12866269052028656 0.26648780703544617 1.0594055652618408
v 7.911525608506054e-05 0.2618044316768646 1.0453436374664307
v 0.1360146850347519 0.28114980459213257 1.1184401512145996
v 0.31037959456443787 0.32021787762641907 1.2748348712921143
v -0.3649486303329468 0.31662896275520325 1.2343038320541382
v -0.21314047276973724 0.314853698015213 1.243574619293213
v -0.04836851358413696 0.25308895111083984 1.0089420080184937
v 0.07780440151691437 0.2661895155906677 1.0593043565750122
v 0.25040552020072937 0.32368871569633484 1.265491008758545
v 0.3870371878147125 0.3053264915943146 1.1864914894104004
v -0.27002859115600586 0.31930986046791077 1.2483725547790527
v -0.09899681806564331 0.26155543327331543 1.0334111452102661
v 0.027485176920890808 0.27303802967071533 1.0789482593536377
v 0.18577542901039124 0.3196323812007904 1.2521443367004395
v 0.33756184577941895 0.31785696744918823 1.2551968097686768
v -0.33103328943252563 0.31976762413978577 1.240227460861206
v -0.17984060943126678 0.3100249767303467 1.2372336387634277
v -0.02330905944108963 0.2577159106731415 1.0170068740844727
v 0.10621245950460434 0.2738896906375885 1.0766209363937378
v 0.2836993932723999 0.32683056592941284 1.2708178758621216
v -0.3883441388607025 0.31956905126571655 1.2227957248687744
v -0.23786482214927673 0.3206314146518707 1.2432316541671753
v -0.071813203394413 0.259770005941391 1.018631935119629
v 0.05407021939754486 0.2722219228744507 1.06548011302948
v 0.22078187763690948 0.32491517066955566 1.2578831911087036
v 0.363459974527359 0.31631985306739807 1.2211520671844482
v -0.2983962595462799 0.3229735195636749 1.2431907653808594
v -0.1264733225107193 0.27497023344039917 1.0639678239822388
v 0.0033653348218649626 0.28454914689064026 1.1092486381530762
v 0.1406901627779007 0.294989675283432 1.1358097791671753
v 0.31286925077438354 0.32827210426330566 1.2695353031158447
v -0.35977157950401306 0.3235846757888794 1.2297776937484741
v -0.20901088416576385 0.3209368586540222 1.2359776496887207
v -0.04615134745836258 0.26109808683395386 1.014778971672058
v 0.08109823614358902 0.2751597762107849 1.0672059059143066
v 0.2522660195827484 0.33066636323928833 1.2603275775909424
v 0.3898308277130127 0.31236276030540466 1.1836862564086914
v -0.2649405896663666 0.3256653845310211 1.2407909631729126
v -0.09657219052314758 0.2692562937736511 1.0370688438415527
v 0.030311185866594315 0.28175342082977295 1.0845565795898438
v 0.1898507922887802 0.3272039592266083 1.247995376586914
v 0.3398069739341736 0.3265673816204071 1.2528712749481201
v -0.3265020549297333 0.32694458961486816 1.2350636720657349
v -0.17585738003253937 0.31864866614341736 1.2289565801620483
v -0.021210189908742905 0.2681417763233185 1.0299205780029297
v 0.11075078696012497 0.2857304811477661 1.0926084518432617
v 0.2859891355037689 0.3339789807796478 1.2652854919433594
v -0.38332533836364746 0.32607322931289673 1.2190020084381104
v -0.23325659334659576 0.3271261155605316 1.2353647947311401
v -0.0695030465722084 0.26754337549209595 1.0229371786117554
v 0.05711497366428375 0.280807763338089 1.0714597702026367
v 0.2223157435655594 0.3317313492298126 1.2518060207366943
v 0.3663432002067566 0.3251914381980896 1.2207791805267334
v -0.29370030760765076 0.3297901153564453 1.236466884613037
v -0.12465531378984451 0.28447574377059937 1.0720616579055786
v 0.004718173295259476 0.2967720031738281 1.1279995441436768
v 0.15632806718349457 0.3282356858253479 1.2346997261047363
v 0.315036803483963 0.335938036441803 1.2643117904663086
v -0.3544118106365204 0.3306088149547577 1.2253899574279785
v -0.20468924939632416 0.327420175075531 1.2279363870620728
v -0.04401693493127823 0.26990342140197754 1.02254056930542
v 0.08455366641283035 0.2850912809371948 1.0769248008728027
v 0.2544333338737488 0.33755236864089966 1.2548913955688477
v 0.3942985534667969 0.3206903338432312 1.1819913387298584
v -0.2599349617958069 0.3319644629955292 1.2334359884262085
v -0.09414560347795486 0.27777010202407837 1.0421316623687744
v 0.03335627168416977 0.29108932614326477 1.0914286375045776
v 0.1927202194929123 0.3338718116283417 1.2431358098983765
v 0.3419716954231262 0.33487972617149353 1.249117374420166
v -0.3220779001712799 0.3339725136756897 1.2297048568725586
v -0.17135223746299744 0.3272477686405182 1.2186951637268066
v -0.01873181015253067 0.2811238169670105 1.0497934818267822
v 0.11931746453046799 0.3077459931373596 1.1479496955871582
v 0.28814446926116943 0.3409860134124756 1.258941888809204
v -0.3784894645214081 0.3327440321445465 1.2151033878326416
v -0.22857773303985596 0.3331225514411926 1.2282077074050903
v -0.0672357976436615 0.2760578691959381 1.0287976264953613
v 0.06030059605836868 0.2902508080005646 1.0790247917175293
v 0.22436900436878204 0.3386378586292267 1.2462284564971924
v 0.3696688711643219 0.333956241607666 1.2208260297775269
v -0.2888888716697693 0.3365335762500763 1.2295308113098145
v -0.12331632524728775 0.29536670446395874 1.0859392881393433
v 0.007768319454044104 0.3078674376010895 1.142616629600525
v 0.15995460748672485 0.33651912212371826 1.2312614917755127
v 0.3169320523738861 0.3430105447769165 1.2584785223007202
v -0.34922292828559875 0.3374921381473541 1.2211281061172485
v -0.19995132088661194 0.33319512009620667 1.220406174659729
v -0.04192265495657921 0.27994439005851746 1.0330790281295776
v 0.08847155421972275 0.2967663109302521 1.0904464721679688
v 0.2567317485809326 0.34450942277908325 1.2489908933639526
v 0.4038654565811157 0.33121567964553833 1.180867314338684
v -0.2550307810306549 0.3382267653942108 1.2261884212493896
v -0.09214736521244049 0.2874479293823242 1.0505293607711792
v 0.03659823536872864 0.3015012741088867 1.1010818481445312
v 0.19423837959766388 0.3404998183250427 1.2372034788131714
v 0.3441966772079468 0.34252381324768066 1.2439422607421875
v -0.3173326551914215 0.34082743525505066 1.224021315574646
v -0.16747431457042694 0.3333955407142639 1.2100101709365845
v -0.016701003536581993 0.2964629828929901 1.082430124282837
v 0.12638500332832336 0.3300801217556 1.1998934745788574
v 0.28972238302230835 0.3477363884449005 1.251857876777649
v -0.3737450838088989 0.33940887451171875 1.2110499143600464
v -0.2239861935377121 0.33898457884788513 1.22104012966156
v -0.06502369046211243 0.28555846214294434 1.0368751287460327
v 0.06376338750123978 0.30098891258239746 1.089601755142212
v 0.22643275558948517 0.3455761969089508 1.2409454584121704
v 0.3726908564567566 0.3417849540710449 1.218961477279663
v -0.28384846448898315 0.3430744409561157 1.2224175930023193
v -0.1334676593542099 0.32320407032966614 1.1758880615234375
v 0.011025387793779373 0.31676796078681946 1.1450111865997314
v 0.1640433669090271 0.34326061606407166 1.2256746292114258
v 0.3188587725162506 0.34987732768058777 1.2514630556106567
v -0.34417644143104553 0.3444805443286896 1.2168517112731934
v -0.19487817585468292 0.3388919234275818 1.2123267650604248
v -0.03968748450279236 0.2917543649673462 1.0480716228485107
v 0.0936606302857399 0.31131571531295776 1.1134971380233765
v 0.25895777344703674 0.35119444131851196 1.2431703805923462
v -0.4187180995941162 0.3385851979255676 1.1942179203033447
v -0.2504015564918518 0.3444330394268036 1.2193516492843628
v -0.09047389030456543 0.2985779941082001 1.065248966217041
v 0.039837855845689774 0.31489530205726624 1.119977593421936
v 0.19583626091480255 0.3468899726867676 1.2307980060577393
v 0.3464903235435486 0.34970584511756897 1.2373650074005127
v -0.3122689425945282 0.3474845588207245 1.2178454399108887
v -0.16336777806282043 0.33920982480049133 1.2018916606903076
v -0.013099542818963528 0.3203822374343872 1.142583966255188
v 0.13239622116088867 0.344181627035141 1.2119226455688477
v 0.29083508253097534 0.3542833626270294 1.2443418502807617
v -0.3690944015979767 0.3461149036884308 1.206960916519165
v -0.21937385201454163 0.34470507502555847 1.2136834859848022
v -0.0629209652543068 0.2962989807128906 1.0488512516021729
v 0.06792985647916794 0.3140842914581299 1.1089345216751099
v 0.2286272644996643 0.3522717356681824 1.2358945608139038
v 0.37542837858200073 0.3487018644809723 1.2159206867218018
v -0.2789670526981354 0.3495849370956421 1.2156168222427368
v -0.1313505321741104 0.33635225892066956 1.1929444074630737
v 0.014225159771740437 0.3255595862865448 1.1445119380950928
v 0.1671617180109024 0.34943825006484985 1.21914541721344
v 0.3206649720668793 0.356494665145874 1.2430799007415771
v -0.3392573595046997 0.3512754738330841 1.2121758460998535
v -0.18972250819206238 0.34464117884635925 1.204136848449707
v -0.03746400400996208 0.30624693632125854 1.0724565982818604
v 0.1031203493475914 0.34147128462791443 1.1977224349975586
v 0.26118582487106323 0.3577880859375 1.237259030342102
v -0.4004628360271454 0.3464742600917816 1.1950253248214722
v -0.2460387647151947 0.35040637850761414 1.2127714157104492
v -0.09302202612161636 0.3178955018520355 1.112094759941101
v 0.043135322630405426 0.3313576281070709 1.152000069618225
v 0.1977718472480774 0.353255033493042 1.2243678569793701
v 0.3480556905269623 0.35637620091438293 1.2298036813735962
v -0.3072999119758606 0.35406774282455444 1.2114731073379517
v -0.15969465672969818 0.34506160020828247 1.1949976682662964
v -0.014687776565551758 0.33001604676246643 1.1367781162261963
v 0.1363072693347931 0.35102611780166626 1.206291675567627
v 0.29178279638290405 0.3608521521091461 1.236387014389038
v -0.3643600046634674 0.3526609539985657 1.2030891180038452
v -0.21472711861133575 0.35013800859451294 1.206037998199463
v -0.06145128235220909 0.3095289170742035 1.0703486204147339
v 0.07310286164283752 0.33903396129608154 1.169061541557312
v 0.2310948520898819 0.3587953746318817 1.2305625677108765
v 0.3769617974758148 0.3543310761451721 1.2112133502960205
v -0.27441319823265076 0.35582342743873596 1.2091201543807983
v -0.12739117443561554 0.3438042402267456 1.185689091682434
v 0.017600955441594124 0.33536598086357117 1.1467981338500977
v 0.168960303068161 0.35554251074790955 1.212707281112671
v 0.3217804431915283 0.36268869042396545 1.2331615686416626
v -0.33438101410865784 0.35779711604118347 1.206850528717041
v -0.18481820821762085 0.35023680329322815 1.1962153911590576
v -0.035369183868169785 0.32039114832878113 1.0946329832077026
v 0.10645174980163574 0.35138991475105286 1.195184350013733
v 0.26351746916770935 0.36422720551490784 1.2310738563537598
v -0.3920982778072357 0.35330480337142944 1.1921777725219727
v -0.24188247323036194 0.3559013307094574 1.2061684131622314
v -0.09498351812362671 0.33592018485069275 1.152218222618103
v 0.04780974239110947 0.3433082401752472 1.165595293045044
v 0.19979846477508545 0.35946768522262573 1.2180079221725464
v 0.34899550676345825 0.3625219166278839 1.221660852432251
v -0.3026287853717804 0.36042118072509766 1.2048263549804688
v -0.1556885987520218 0.3503831923007965 1.1879417896270752
v -0.0076991054229438305 0.34876346588134766 1.1790530681610107
v 0.139983668923378 0.35700997710227966 1.2021613121032715
v 0.29288461804389954 0.3674047887325287 1.2281521558761597
v -0.35928207635879517 0.35895848274230957 1.1989412307739258
v -0.21006044745445251 0.355193167924881 1.198327660560608
v -0.06282919645309448 0.33339688181877136 1.1255923509597778
v 0.07853696495294571 0.35014843940734863 1.1771419048309326
v 0.2336939573287964 0.3649725317955017 1.224636435508728
v 0.3775745630264282 0.3587163984775543 1.2042317390441895
v -0.26995566487312317 0.36159905791282654 1.2028028964996338
v -0.1235961765050888 0.35037803649902344 1.1785237789154053
v 0.02102567069232464 0.3527020514011383 1.1770641803741455
v 0.170900359749794 0.36125922203063965 1.2065987586975098
v 0.32241562008857727 0.36860543489456177 1.2226276397705078
v -0.32961294054985046 0.36396411061286926 1.2009384632110596
v -0.18027187883853912 0.3554721176624298 1.1887403726577759
v -0.035151660442352295 0.35139015316963196 1.1769992113113403
v 0.11052186787128448 0.3581133186817169 1.189367413520813
v 0.26600348949432373 0.3703751862049103 1.2247016429901123
v -0.3853875994682312 0.35940471291542053 1.1878646612167358
v -0.2379949688911438 0.3608112335205078 1.1994868516921997
v -0.09391321241855621 0.347667396068573 1.1660212278366089
v 0.05166839808225632 0.3533828854560852 1.1711372137069702
v 0.20232142508029938 0.3653576970100403 1.2121654748916626
v 0.3496311902999878 0.36786845326423645 1.2128424644470215
v -0.29802414774894714 0.3665119409561157 1.198156476020813
v -0.15132944285869598 0.35564500093460083 1.180903434753418
v -0.0035570026375353336 0.3555397689342499 1.1754658222198486
v 0.14277498424053192 0.36257192492485046 1.1974000930786133
v 0.29439088702201843 0.37374284863471985 1.22035551071167
v -0.35435423254966736 0.3652113080024719 1.1944003105163574
v -0.2057163417339325 0.36013224720954895 1.1908601522445679
v -0.06301698088645935 0.35281217098236084 1.16989266872406
v 0.08292993903160095 0.35846152901649475 1.1767274141311646
v 0.23614053428173065 0.3708108961582184 1.218605637550354
v 0.3777306079864502 0.3625711500644684 1.1940850019454956
v -0.26557132601737976 0.3670371472835541 1.1966347694396973
v -0.12057284265756607 0.3564945161342621 1.1721422672271729
v 0.02460452914237976 0.359791100025177 1.1737971305847168
v 0.17339645326137543 0.3669045567512512 1.200554609298706
v 0.3226906657218933 0.374617338180542 1.212985634803772
v -0.32473626732826233 0.3699934780597687 1.1947548389434814
v -0.17586280405521393 0.3606541156768799 1.1816396713256836
v -0.030791837722063065 0.35887908935546875 1.171959638595581
v 0.11403185874223709 0.36366137862205505 1.185707449913025
v 0.2679293751716614 0.37646886706352234 1.2182140350341797
v -0.3797534108161926 0.36578166484832764 1.1837880611419678
v -0.23418837785720825 0.3657169044017792 1.1925227642059326
v -0.0904083177447319 0.3577764332294464 1.1661332845687866
v 0.05450575053691864 0.36203354597091675 1.171486258506775
v 0.20478962361812592 0.3707531988620758 1.2064332962036133
v 0.34955883026123047 0.37284743785858154 1.203661561012268
v -0.29323461651802063 0.3721728026866913 1.1917544603347778
v -0.1472122073173523 0.3607781231403351 1.1743388175964355
v -0.00039282889338210225 0.3618359863758087 1.1718602180480957
v 0.14520372450351715 0.36800616979599 1.1919925212860107
v 0.29577600955963135 0.37988725304603577 1.2126901149749756
v -0.34948745369911194 0.3714585602283478 1.1891136169433594
v -0.2016153484582901 0.3652520477771759 1.183518648147583
v -0.05850624293088913 0.3612530529499054 1.1653269529342651
v 0.08640284836292267 0.36517441272735596 1.1740723848342896
v 0.2386191487312317 0.3767182230949402 1.212440848350525
v 0.3788440525531769 0.3673761487007141 1.1826083660125732
v -0.2614762783050537 0.37223732471466064 1.1904881000518799
v -0.11728442460298538 0.36212944984436035 1.1654292345046997
v 0.027829471975564957 0.3660235106945038 1.169931411743164
v 0.1754455864429474 0.3723376393318176 1.1946933269500732
v 0.32331582903862 0.3808920979499817 1.2040233612060547
v -0.3196881413459778 0.3758184611797333 1.1881572008132935
v -0.17184968292713165 0.365990549325943 1.1746019124984741
v -0.026981791481375694 0.3651093542575836 1.1672372817993164
v 0.11676470190286636 0.3693271279335022 1.1812301874160767
v 0.2698131203651428 0.38257116079330444 1.2113186120986938
v -0.3748442232608795 0.37203899025917053 1.1789406538009644
v -0.23013144731521606 0.37083932757377625 1.1851540803909302
v -0.08617730438709259 0.3640049993991852 1.159220576286316
v 0.05749540030956268 0.3688814640045166 1.1688364744186401
v 0.20686829090118408 0.37608227133750916 1.2001699209213257
v 0.3501211404800415 0.37820807099342346 1.1944421529769897
v -0.2886864244937897 0.3777634799480438 1.1854838132858276
v -0.14326216280460358 0.36641380190849304 1.167449712753296
v 0.002448110142722726 0.36850348114967346 1.1673882007598877
v 0.14709076285362244 0.37375733256340027 1.1854052543640137
v 0.2974966764450073 0.38588595390319824 1.2052648067474365
v -0.34492069482803345 0.3776244521141052 1.1829173564910889
v -0.1976882368326187 0.370785653591156 1.1755621433258057
v -0.05443250760436058 0.3678338825702667 1.1588146686553955
v 0.08897935599088669 0.3714364171028137 1.1707525253295898
v 0.24115261435508728 0.3827434182167053 1.2060741186141968
v 0.38174375891685486 0.3740663528442383 1.1700034141540527
v -0.2581270933151245 0.37737494707107544 1.184000849723816
v -0.11347463726997375 0.3676745593547821 1.1579347848892212
v 0.030892860144376755 0.37245818972587585 1.1665596961975098
v 0.17746588587760925 0.37776979804039 1.1882295608520508
v 0.3245905935764313 0.3865821957588196 1.1961637735366821
v -0.3147648870944977 0.38160446286201477 1.1816272735595703
v -0.1682705283164978 0.37167447805404663 1.167142391204834
v -0.0236725565046072 0.37115827202796936 1.1628525257110596
v 0.11866454035043716 0.37491193413734436 1.1751750707626343
v 0.2719685435295105 0.38839852809906006 1.2044410705566406
v -0.37086278200149536 0.3784293234348297 1.173405408859253
v -0.2262415885925293 0.37622854113578796 1.1772582530975342
v -0.08156070858240128 0.37033748626708984 1.1530383825302124
v 0.06045117974281311 0.3748679757118225 1.1661547422409058
v 0.20893847942352295 0.3816963732242584 1.194130539894104
v 0.35139837861061096 0.38348355889320374 1.1859393119812012
v -0.2845636308193207 0.38334760069847107 1.1794205904006958
v -0.1394529789686203 0.3722977638244629 1.1598042249679565
v 0.005017973016947508 0.3746715486049652 1.1631404161453247
v 0.14881649613380432 0.37917762994766235 1.1781322956085205
v 0.2991638481616974 0.3917301595211029 1.1981757879257202
v -0.3407159149646759 0.3842810392379761 1.176544189453125
v -0.1938147246837616 0.3766214847564697 1.1669349670410156
v -0.05082298442721367 0.3739931285381317 1.154772400856018
v 0.09074903279542923 0.37726446986198425 1.1665053367614746
v 0.24327769875526428 0.38915401697158813 1.1998252868652344
v 0.3842400312423706 0.38339346647262573 1.1592403650283813
v -0.2556655704975128 0.3830791413784027 1.1770458221435547
v -0.1096775010228157 0.3736969530582428 1.1501803398132324
v 0.03349963203072548 0.3783799409866333 1.1629348993301392
v 0.17919373512268066 0.3838324248790741 1.1808160543441772
v 0.3256070613861084 0.3925422728061676 1.1881479024887085
v -0.31060591340065 0.3875408470630646 1.1751959323883057
v -0.16485723853111267 0.3774433434009552 1.1592105627059937
v -0.02127308025956154 0.3769175708293915 1.158099889755249
v 0.119927778840065 0.3807517886161804 1.1676068305969238
v 0.27352896332740784 0.39444318413734436 1.197229027748108
v -0.366390585899353 0.3870517611503601 1.1656899452209473
v -0.22314390540122986 0.38279855251312256 1.1687748432159424
v -0.07818996906280518 0.37641507387161255 1.1479270458221436
v 0.06289111077785492 0.3807518184185028 1.161311149597168
v 0.2117862105369568 0.39011043310165405 1.1873488426208496
v 0.35290244221687317 0.3908417820930481 1.1770808696746826
v -0.2802037000656128 0.38989245891571045 1.1717115640640259
v -0.13614708185195923 0.37976565957069397 1.1507456302642822
v 0.007266961969435215 0.3809937536716461 1.1579031944274902
v 0.1500377207994461 0.3867713510990143 1.170531153678894
v 0.2996491491794586 0.39926356077194214 1.1882562637329102
v -0.3356894552707672 0.39470940828323364 1.166339635848999
v -0.19105084240436554 0.3844236731529236 1.1549285650253296
v -0.04788730666041374 0.38094815611839294 1.1469589471817017
v 0.09243988245725632 0.3853052258491516 1.1585373878479004
v 0.2453790158033371 0.39954957365989685 1.1898372173309326
v 0.37643593549728394 0.4048718512058258 1.1175973415374756
