v -0.19165819883346558 -0.14702212810516357 0.8846481442451477
v -0.11062616109848022 -0.13813962042331696 0.8557836413383484
v -0.04621082916855812 -0.14219273626804352 0.9241842031478882
v 0.01979287713766098 -0.142874076962471 0.9233201146125793
v 0.08599178493022919 -0.14527371525764465 0.9361644983291626
v 0.16623800992965698 -0.1577039659023285 1.002898931503296
v -0.13825681805610657 -0.1419103890657425 0.9125111699104309
v -0.06705860793590546 -0.13323819637298584 0.8660992383956909
v -0.006403414532542229 -0.14075294137001038 0.9289289712905884
v 0.05799206718802452 -0.1426171362400055 0.9262995719909668
v 0.12774299085140228 -0.14433494210243225 0.9347312450408936
v -0.15548768639564514 -0.1366685926914215 0.8723982572555542
v -0.09252554923295975 -0.13211628794670105 0.8670030832290649
v -0.03257573023438454 -0.1388271152973175 0.9265664219856262
v 0.032948147505521774 -0.1416482776403427 0.9316643476486206
v 0.10056284815073013 -0.1418885737657547 0.9381658434867859
v 0.18617692589759827 -0.15443071722984314 1.0099470615386963
v -0.12549129128456116 -0.14026440680027008 0.9261613488197327
v -0.058790985494852066 -0.1384417563676834 0.9189329743385315
v 0.007051494438201189 -0.13842175900936127 0.9272168278694153
v 0.07256051152944565 -0.1397068351507187 0.9314376711845398
v 0.14746062457561493 -0.15227873623371124 0.9924015402793884
v -0.1557251662015915 -0.14245572686195374 0.9432392120361328
v -0.07979657500982285 -0.12972943484783173 0.8692190051078796
v -0.01877228543162346 -0.13719415664672852 0.9281323552131653
v 0.04632984846830368 -0.13879521191120148 0.9304190874099731
v 0.11523858457803726 -0.14005184173583984 0.938386082649231
v -0.1790948510169983 -0.1340319961309433 0.8809311985969543
v -0.10740788280963898 -0.12802398204803467 0.8556843996047974
v -0.04474223777651787 -0.13583296537399292 0.9245579242706299
v 0.020285973325371742 -0.13573791086673737 0.9192743897438049
v 0.0878131091594696 -0.13857805728912354 0.9382105469703674
v 0.16841576993465424 -0.15016646683216095 1.0066967010498047
v -0.13639411330223083 -0.13540370762348175 0.9151303768157959
v -0.0657660961151123 -0.12751421332359314 0.8654454350471497
v -0.005317154340445995 -0.1359228938817978 0.929115891456604
v 0.059719037264585495 -0.13664498925209045 0.9273658394813538
v 0.1296062469482422 -0.13897064328193665 0.9379253387451172
v -0.16918274760246277 -0.1387684941291809 0.9400594234466553
v -0.09121073782444 -0.12731732428073883 0.8662102222442627
v -0.03125514090061188 -0.13433243334293365 0.9269883632659912
v 0.03399785980582237 -0.1357445865869522 0.9282892346382141
v 0.10223738104104996 -0.13715852797031403 0.9407238364219666
v 0.1885058432817459 -0.14872848987579346 1.011278510093689
v -0.12307511270046234 -0.13525880873203278 0.921562910079956
v -0.05711107328534126 -0.13323424756526947 0.918985903263092
v 0.008034002035856247 -0.1334206908941269 0.9238927960395813
v 0.07403186708688736 -0.13487470149993896 0.9328015446662903
v 0.15070420503616333 -0.1472197324037552 0.9964749813079834
v -0.15509603917598724 -0.13793864846229553 0.9460468292236328
v -0.07826973497867584 -0.12559658288955688 0.8683356046676636
v -0.017749201506376266 -0.13300448656082153 0.9284330010414124
v 0.04855746775865555 -0.13493043184280396 0.9373122453689575
v 0.11709268391132355 -0.13571420311927795 0.9409606456756592
v -0.17552703619003296 -0.12609578669071198 0.8750573992729187
v -0.10565982013940811 -0.12294108420610428 0.8571867346763611
v -0.043417297303676605 -0.13142240047454834 0.9239115118980408
v 0.021495815366506577 -0.13117395341396332 0.9213130474090576
v 0.08907903730869293 -0.13416169583797455 0.939559817314148
v 0.17045815289020538 -0.14532160758972168 1.0091862678527832
v -0.13491351902484894 -0.1312919706106186 0.9179542660713196
v -0.06405065208673477 -0.12350283563137054 0.8647968769073486
v -0.004250322934240103 -0.13157479465007782 0.9277287721633911
v 0.061303555965423584 -0.13209779560565948 0.9278663396835327
v 0.131339892745018 -0.13473860919475555 0.940314769744873
v -0.16805391013622284 -0.1346181184053421 0.9453035593032837
v -0.08980823308229446 -0.12344733625650406 0.8656495809555054
v -0.03020487166941166 -0.13016977906227112 0.9266580939292908
v 0.03550277277827263 -0.13192622363567352 0.9289204478263855
v 0.10382898151874542 -0.13306865096092224 0.9429287314414978
v 0.19081301987171173 -0.14383938908576965 1.0117686986923218
v -0.12153167277574539 -0.13084165751934052 0.9212770462036133
v -0.05568581074476242 -0.129060298204422 0.9180506467819214
v 0.009016846306622028 -0.12888863682746887 0.9203256368637085
v 0.07529301196336746 -0.13067835569381714 0.9341834783554077
v 0.15343639254570007 -0.14239966869354248 1.0005989074707031
v -0.15122254192829132 -0.13205602765083313 0.9377624988555908
v -0.0767328143119812 -0.12183646112680435 0.867302656173706
v -0.016796501353383064 -0.12910690903663635 0.928313136100769
v 0.049707330763339996 -0.13187360763549805 0.9400536417961121
v 0.11884359270334244 -0.1317557543516159 0.9432722330093384
v -0.17304635047912598 -0.11920824646949768 0.873695969581604
v -0.10409075766801834 -0.1189156174659729 0.8592817783355713
v -0.042109787464141846 -0.12732505798339844 0.922819972038269
v 0.022678935900330544 -0.1272084265947342 0.919891357421875
v 0.09029115736484528 -0.12996916472911835 0.9408206939697266
v 0.17253510653972626 -0.14078885316848755 1.0108838081359863
v -0.13356845080852509 -0.12793958187103271 0.9213665127754211
v -0.06228867173194885 -0.1198461577296257 0.8640999794006348
v -0.0031636974308639765 -0.12741681933403015 0.9254299402236938
v 0.06267862021923065 -0.12813344597816467 0.9289833307266235
v 0.13311219215393066 -0.13083116710186005 0.942833423614502
v -0.16692812740802765 -0.13098321855068207 0.9491758346557617
v -0.08844117075204849 -0.11972329765558243 0.8650811910629272
v -0.0290030799806118 -0.12619639933109283 0.9261822700500488
v 0.03644324466586113 -0.1257759928703308 0.9205383658409119
v 0.10548076033592224 -0.1292053908109665 0.9449201226234436
v 0.19306014478206635 -0.1391022801399231 1.0128288269042969
v -0.12005821615457535 -0.1269410252571106 0.9221346378326416
v -0.05425956845283508 -0.12494608759880066 0.916773796081543
v 0.010342723689973354 -0.12462270259857178 0.9168114066123962
v 0.07676452398300171 -0.12671753764152527 0.9356683492660522
v 0.15560124814510345 -0.13823872804641724 1.0022997856140137
v -0.14969134330749512 -0.12807601690292358 0.9373670816421509
v -0.07527009397745132 -0.11818190664052963 0.8663730025291443
v -0.015536163933575153 -0.12526290118694305 0.9274905920028687
v 0.049436312168836594 -0.12350483983755112 0.9154548048973083
v 0.12045305967330933 -0.12787434458732605 0.9453516602516174
v -0.18168318271636963 -0.1275942027568817 0.9459368586540222
v -0.10600698739290237 -0.12682202458381653 0.929912805557251
v -0.04060538113117218 -0.12331152707338333 0.9214268922805786
v 0.024215800687670708 -0.12325257062911987 0.9180222749710083
v 0.09168308228254318 -0.12613748013973236 0.9421593546867371
v 0.17454373836517334 -0.1362665593624115 1.0115792751312256
v -0.13528001308441162 -0.1258990615606308 0.9374390244483948
v -0.060632672160863876 -0.11600611358880997 0.8631032705307007
v -0.001932490966282785 -0.12313737720251083 0.9226773381233215
v 0.06436645239591599 -0.12456559389829636 0.9303467273712158
v 0.1346900761127472 -0.1269463151693344 0.9451034069061279
v -0.16616854071617126 -0.12759512662887573 0.9528623223304749
v -0.08698460459709167 -0.11600601673126221 0.86444491147995
v -0.027661750093102455 -0.12230268865823746 0.9253420233726501
v 0.037717513740062714 -0.12146405130624771 0.918977677822113
v 0.10718324780464172 -0.12530364096164703 0.9465541243553162
v 0.1958421766757965 -0.134837344288826 1.01636803150177
v -0.11892147362232208 -0.12334173917770386 0.9243342280387878
v -0.052715964615345 -0.12091140449047089 0.9152074456214905
v 0.012314943596720695 -0.12096298485994339 0.917671799659729
v 0.07834216207265854 -0.12296591699123383 0.9371820688247681
v 0.15164649486541748 -0.12473270297050476 0.9478424191474915
v -0.14791303873062134 -0.12417404353618622 0.9378765225410461
v -0.0737268477678299 -0.11463353782892227 0.8654154539108276
v -0.014080412685871124 -0.12127011269330978 0.9259214401245117
v 0.050850413739681244 -0.1192936971783638 0.9143726825714111
v 0.1219760850071907 -0.12402824312448502 0.94712233543396
v -0.17981629073619843 -0.12356607615947723 0.9494770765304565
v -0.10493432730436325 -0.12365491688251495 0.9331526160240173
v -0.03906779736280441 -0.11945219337940216 0.9199662804603577
v 0.025323010981082916 -0.11922868341207504 0.9174041152000427
v 0.09315145760774612 -0.12239475548267365 0.9433588981628418
v 0.1763031929731369 -0.1316249519586563 1.011523723602295
v -0.13423553109169006 -0.12213430553674698 0.938864529132843
v -0.05860124155879021 -0.11244064569473267 0.8617603778839111
v -0.000550209020730108 -0.11896096915006638 0.9199318289756775
v 0.0660451203584671 -0.12126997858285904 0.9316153526306152
v 0.1362261325120926 -0.12303802371025085 0.9471091032028198
v -0.16534580290317535 -0.1243600994348526 0.955935001373291
v -0.08527792245149612 -0.11241175979375839 0.8638235330581665
v -0.026221124455332756 -0.1184857115149498 0.9242162108421326
v 0.039222363382577896 -0.11777816712856293 0.9182071685791016
v 0.10895281285047531 -0.1215527206659317 0.9481436014175415
v 0.20176541805267334 -0.13320274651050568 1.039527416229248
v -0.11781511455774307 -0.11986696720123291 0.9268815517425537
v -0.05102994665503502 -0.11704753339290619 0.9132800698280334
v 0.014682337641716003 -0.12217312306165695 0.9519937038421631
v 0.07993167638778687 -0.11930534243583679 0.9387001991271973
v 0.1538713425397873 -0.12085234373807907 0.9502294063568115
v -0.14648380875587463 -0.12054408341646194 0.9386026859283447
v -0.072077177464962 -0.11115599423646927 0.864442765712738
v -0.012542874552309513 -0.1173800602555275 0.9242571592330933
v 0.05234309658408165 -0.1158711239695549 0.9144349694252014
v 0.12350679934024811 -0.1203727051615715 0.9489601850509644
v -0.1784566044807434 -0.12004097551107407 0.9518542885780334
v -0.10376261919736862 -0.12003485858440399 0.9327418804168701
v -0.037555597722530365 -0.11555927991867065 0.9183893203735352
v 0.026690775528550148 -0.11543823778629303 0.9168940186500549
v 0.09469355642795563 -0.11871980875730515 0.9445925354957581
v 0.17923608422279358 -0.1268540322780609 1.012901782989502
v -0.13305507600307465 -0.11850034445524216 0.939159631729126
v -0.056016236543655396 -0.10889299213886261 0.8607640266418457
v 0.0008811397128738463 -0.11460486054420471 0.9169646501541138
v 0.0676291212439537 -0.11789940297603607 0.9333927631378174
v 0.13784287869930267 -0.11921078711748123 0.949190080165863
v -0.16414882242679596 -0.12162520736455917 0.9585195779800415
v -0.0837768018245697 -0.10885898023843765 0.8630791902542114
v -0.024815402925014496 -0.11466522514820099 0.9227619171142578
v 0.04051624983549118 -0.11406804621219635 0.9174078702926636
v 0.11063698679208755 -0.11786545068025589 0.9496724009513855
v 0.20578709244728088 -0.1308099627494812 1.047005534172058
v -0.11665745824575424 -0.11637303233146667 0.9282366037368774
v -0.049479540437459946 -0.11278872191905975 0.9117768406867981
v 0.01383283082395792 -0.11293020844459534 0.9112608432769775
v 0.0814271792769432 -0.11578742414712906 0.9402032494544983
v 0.15622015297412872 -0.1171235516667366 0.9527282118797302
v -0.14516310393810272 -0.11696246266365051 0.9391359090805054
v -0.07044839859008789 -0.10766681283712387 0.8633829355239868
v -0.011183376424014568 -0.11348164826631546 0.922170877456665
v 0.053707901388406754 -0.11233244836330414 0.9141291975975037
v 0.12506820261478424 -0.11691736429929733 0.9510042667388916
v -0.17741082608699799 -0.11664377152919769 0.9538285732269287
v -0.10214836895465851 -0.1160750761628151 0.9320366382598877
v -0.03603481501340866 -0.11168160289525986 0.9165035486221313
v 0.02812628634274006 -0.11175298690795898 0.9165651798248291
v 0.09627212584018707 -0.11506844311952591 0.9457541704177856
v 0.18299369513988495 -0.12603753805160522 1.0321471691131592
v -0.13150352239608765 -0.11474130302667618 0.938804030418396
v -0.053669676184654236 -0.10516920685768127 0.8616843819618225
v 0.00243991706520319 -0.11098464578390121 0.9158443212509155
v 0.06912011653184891 -0.11459124088287354 0.9354016184806824
v 0.13958321511745453 -0.11559268832206726 0.9515805840492249
v -0.1583033949136734 -0.11429320275783539 0.9357778429985046
v -0.0823841318488121 -0.10525062680244446 0.8623263835906982
v -0.023376673460006714 -0.11075025051832199 0.9209409952163696
v 0.04181394726037979 -0.11035092175006866 0.9165414571762085
v 0.11216205358505249 -0.11432208865880966 0.95103919506073
v 0.2084052711725235 -0.1279834508895874 1.047409176826477
v -0.11515939235687256 -0.11277701705694199 0.9284295439720154
v -0.04780998453497887 -0.1084008663892746 0.9101822972297668
v 0.015522957779467106 -0.10926872491836548 0.9092376232147217
v 0.08288200199604034 -0.11234264075756073 0.9415615200996399
v 0.159358412027359 -0.11320167779922485 0.9568144679069519
v -0.14391137659549713 -0.1133776381611824 0.9397698640823364
v -0.06875408440828323 -0.10406749695539474 0.8622514009475708
v -0.009825688786804676 -0.10936043411493301 0.919577956199646
v 0.05503210052847862 -0.10879074037075043 0.9136053323745728
v 0.12670625746250153 -0.11353599280118942 0.9532234072685242
v -0.17642509937286377 -0.11345573514699936 0.9562353491783142
v -0.10086390376091003 -0.11263098567724228 0.932701587677002
v -0.03456411883234978 -0.10768242925405502 0.9144404530525208
v 0.029436960816383362 -0.10818248242139816 0.9163413047790527
v 0.09782330691814423 -0.1115364357829094 0.9468680024147034
v 0.18578149378299713 -0.12250569462776184 1.036440372467041
v -0.13012750446796417 -0.11106956005096436 0.9396530985832214
v -0.06437823921442032 -0.11082185059785843 0.9342364072799683
v 0.002710128203034401 -0.1125631108880043 0.9633814096450806
v 0.07046954333782196 -0.11083738505840302 0.9366348385810852
v 0.14146828651428223 -0.11208107322454453 0.95409095287323
v -0.15658047795295715 -0.11042557656764984 0.9361158013343811
v -0.08091539889574051 -0.10153981298208237 0.8615589141845703
v -0.021964626386761665 -0.1068187952041626 0.9186962246894836
v 0.04311523213982582 -0.10673633217811584 0.9157594442367554
v 0.11363121122121811 -0.11078617721796036 0.9522795677185059
v 0.21098776161670685 -0.12491519749164581 1.0423483848571777
v -0.1143902987241745 -0.10958333313465118 0.9348357319831848
v -0.04585330933332443 -0.10385741293430328 0.9108512997627258
v 0.017272815108299255 -0.10558897256851196 0.9093496203422546
v 0.08439258486032486 -0.10896361619234085 0.9426732659339905
v 0.1661422997713089 -0.1213897243142128 1.0465797185897827
v -0.14273658394813538 -0.10975538194179535 0.9405518770217896
v -0.06700495630502701 -0.1004989966750145 0.8611266613006592
v -0.008465244434773922 -0.10563533008098602 0.9199016094207764
v 0.056298986077308655 -0.105251744389534 0.9129222631454468
v 0.1283266544342041 -0.11005160212516785 0.9551772475242615
v -0.17549793422222137 -0.11026950925588608 0.959682047367096
v -0.09949097782373428 -0.10931378602981567 0.9356170892715454
v -0.03330632299184799 -0.10388786345720291 0.9160154461860657
v 0.030793460085988045 -0.10467403382062912 0.9160873293876648
v 0.0994456559419632 -0.10802011936903 0.9479805827140808
v 0.19225569069385529 -0.12124793231487274 1.0607757568359375
v -0.12883715331554413 -0.10791981965303421 0.941233217716217
v -0.06306251883506775 -0.10747396945953369 0.9346850514411926
v 0.005495039746165276 -0.1045362800359726 0.9203466176986694
v 0.07173404842615128 -0.1074029728770256 0.9380232095718384
v 0.14342965185642242 -0.1084919422864914 0.9563977718353271
v -0.1552474945783615 -0.10710841417312622 0.9368298053741455
v -0.07936576753854752 -0.09773047268390656 0.8604121208190918
v -0.020497584715485573 -0.1028754711151123 0.9192659258842468
v 0.0444537028670311 -0.10314773768186569 0.9150415658950806
v 0.11508981138467789 -0.10727302730083466 0.9535238146781921
v -0.19309306144714355 -0.10811255127191544 0.9561730623245239
v -0.11287429928779602 -0.1061464473605156 0.9346109628677368
v -0.04749441146850586 -0.10569208860397339 0.9489473104476929
v 0.018715161830186844 -0.10196837782859802 0.9097772240638733
v 0.08602488785982132 -0.10561647266149521 0.9436237215995789
v 0.17131094634532928 -0.11819960176944733 1.058225393295288
v -0.14148680865764618 -0.10634201765060425 0.9410994648933411
v -0.06529825180768967 -0.09687945991754532 0.8600460290908813
v -0.007132215891033411 -0.10238160192966461 0.9225578904151917
v 0.05757531523704529 -0.10163470357656479 0.9121702313423157
v 0.12996983528137207 -0.1063753142952919 0.956780195236206
v -0.17486213147640228 -0.10729490965604782 0.9642164707183838
v -0.0979861170053482 -0.10547690093517303 0.9340542554855347
v -0.03239051625132561 -0.1012968197464943 0.9227496385574341
v 0.03217761591076851 -0.10112930089235306 0.9159338474273682
v 0.1011447161436081 -0.10456206649541855 0.9491250514984131
v 0.19319568574428558 -0.11774341762065887 1.0606293678283691
v -0.12665587663650513 -0.10435742139816284 0.9374931454658508
v -0.06153839826583862 -0.1031232550740242 0.9394164681434631
v 0.0068335989490151405 -0.10109857469797134 0.9210749864578247
v 0.07303442806005478 -0.10394857823848724 0.9393380880355835
v 0.14537036418914795 -0.1048503965139389 0.958179235458374
v -0.15401682257652283 -0.10371322929859161 0.9375788569450378
v -0.07780354470014572 -0.0938330665230751 0.8591967821121216
v -0.01936051994562149 -0.09990009665489197 0.9242649674415588
v 0.045815274119377136 -0.09959758073091507 0.9143035411834717
v 0.11660487949848175 -0.1037469282746315 0.9546495079994202
v -0.19035503268241882 -0.10433577001094818 0.962105393409729
v -0.11115462332963943 -0.1018984392285347 0.9317813515663147
v -0.04607006534934044 -0.10206957161426544 0.9497246146202087
v 0.020186102017760277 -0.09854582697153091 0.9101407527923584
v 0.08753911405801773 -0.10222245007753372 0.9442819356918335
v 0.17443057894706726 -0.11442342400550842 1.0613301992416382
v -0.14010000228881836 -0.10270580649375916 0.9404407143592834
v -0.06347224861383438 -0.09326068311929703 0.8589185476303101
v -0.005912231747061014 -0.09907351434230804 0.923652708530426
v 0.05881342664361 -0.09806513786315918 0.9112863540649414
v 0.13173629343509674 -0.10274498164653778 0.958406925201416
v -0.17397518455982208 -0.10423095524311066 0.9695440530776978
v -0.09673704952001572 -0.10158959031105042 0.9318899512290955
v -0.032705310732126236 -0.10078667104244232 0.9542230367660522
v 0.03357914090156555 -0.09755963832139969 0.9157546758651733
v 0.1028381958603859 -0.10110821574926376 0.9501200914382935
v 0.19406373798847198 -0.11348992586135864 1.0607266426086426
v -0.12280324846506119 -0.09826646745204926 0.9244803786277771
v -0.059806663542985916 -0.10037443786859512 0.9473663568496704
v 0.008000556379556656 -0.09756861627101898 0.921856701374054
v 0.07424969226121902 -0.10042393952608109 0.9418693780899048
v 0.14733301103115082 -0.10133080184459686 0.9602750539779663
v -0.15292881429195404 -0.10026707500219345 0.9385706782341003
v -0.0763862133026123 -0.09000102430582047 0.8582481145858765
v -0.018128257244825363 -0.09672817587852478 0.9250433444976807
v 0.04715397581458092 -0.09604521840810776 0.9135233163833618
v 0.1181257888674736 -0.10024240612983704 0.955700695514679
v -0.18959112465381622 -0.10101547837257385 0.967583179473877
v -0.10978072136640549 -0.09839148819446564 0.9303881525993347
v -0.044780418276786804 -0.09867801517248154 0.9514809846878052
v 0.02155473455786705 -0.09492937475442886 0.910559892654419
v 0.08914357423782349 -0.09876934438943863 0.9447023272514343
v 0.17743031680583954 -0.11096848547458649 1.0648291110992432
v -0.13630397617816925 -0.09727545082569122 0.9292804598808289
v -0.061682552099227905 -0.08955708891153336 0.8576956987380981
v -0.004546015989035368 -0.0956687480211258 0.9247984886169434
v 0.06009440869092941 -0.09453877061605453 0.910368025302887
v 0.13351596891880035 -0.09916549921035767 0.9601633548736572
v -0.1721227467060089 -0.10128142684698105 0.9729848504066467
v -0.09525144845247269 -0.09664269536733627 0.9259649515151978
v -0.030757538974285126 -0.09727276116609573 0.957406222820282
v 0.03498920798301697 -0.09402360022068024 0.9153959155082703
v 0.10453576594591141 -0.09767825156450272 0.9509708881378174
v 0.1967245638370514 -0.11002139747142792 1.0656002759933472
v -0.12081190943717957 -0.09440945833921432 0.9187756776809692
v -0.058125805109739304 -0.09737870842218399 0.9526248574256897
v 0.009366029873490334 -0.09388726204633713 0.9229561686515808
v 0.07543083280324936 -0.09670349955558777 0.949170708656311
v 0.14931748807430267 -0.0979330837726593 0.9626060128211975
v -0.15190739929676056 -0.0966886356472969 0.9394223690032959
v -0.07525474578142166 -0.08639762550592422 0.8573784828186035
v -0.01682080514729023 -0.09337583184242249 0.925578773021698
v 0.04844851791858673 -0.09247642010450363 0.9126945734024048
v 0.1197093278169632 -0.09677214175462723 0.9567588567733765
v -0.1884860247373581 -0.09756746888160706 0.9720125198364258
v -0.10780049115419388 -0.09453482180833817 0.9268355369567871
v -0.043551377952098846 -0.09532015025615692 0.9542141556739807
v 0.023029174655675888 -0.09131217747926712 0.9108803272247314
v 0.09088598191738129 -0.09516985714435577 0.9451218843460083
v 0.17980152368545532 -0.1075805127620697 1.0681142807006836
v -0.13398408889770508 -0.09253393113613129 0.9219269752502441
v -0.0597219318151474 -0.08564437925815582 0.8563876748085022
v -0.003126475028693676 -0.09216161072254181 0.9258224964141846
v 0.061447303742170334 -0.09102145582437515 0.9094269275665283
v 0.13533253967761993 -0.09575745463371277 0.9621496200561523
v -0.16561581194400787 -0.0930580273270607 0.9357872009277344
v -0.0930655226111412 -0.09231589734554291 0.9199787378311157
v -0.029521262273192406 -0.0940898209810257 0.9592447876930237
v 0.036381397396326065 -0.09054800868034363 0.914905846118927
v 0.10620451718568802 -0.0942767783999443 0.9517987966537476
v 0.19970306754112244 -0.10649396479129791 1.0676523447036743
v -0.11903922259807587 -0.08997894078493118 0.9133423566818237
v -0.056186724454164505 -0.0942653939127922 0.9583593010902405
v 0.010768563486635685 -0.09030010551214218 0.9237909913063049
v 0.07697868347167969 -0.09418750554323196 0.9555380940437317
v 0.15165814757347107 -0.09463981539011002 0.9648980498313904
v -0.15094093978405 -0.0931200310587883 0.9399548768997192
v -0.07402493804693222 -0.08265526592731476 0.855982780456543
v -0.015440231189131737 -0.0899970605969429 0.9261101484298706
v 0.04972923919558525 -0.0889478325843811 0.9117434620857239
v 0.1213059350848198 -0.09339138120412827 0.957798421382904
v -0.18707305192947388 -0.09394363313913345 0.9733784794807434
v -0.10549665987491608 -0.08981131762266159 0.9180829524993896
v -0.04213952645659447 -0.09221363067626953 0.9578232765197754
v 0.024327799677848816 -0.08782771974802017 0.9112625122070312
v 0.09238383173942566 -0.0915965884923935 0.9457060694694519
v 0.18205112218856812 -0.10429214686155319 1.071304440498352
v -0.13199931383132935 -0.08856919407844543 0.9169154763221741
v -0.0575532503426075 -0.08150742948055267 0.8547338843345642
v -0.0016445614164695144 -0.08868934214115143 0.9265316724777222
v 0.06295782327651978 -0.08747628331184387 0.9082767367362976
v 0.13712456822395325 -0.09242714941501617 0.9639747142791748
v -0.16390803456306458 -0.08951430022716522 0.935967206954956
v -0.09139400720596313 -0.08868011087179184 0.9178272485733032
v -0.027468610554933548 -0.0908050686120987 0.9605158567428589
v 0.03779064491391182 -0.08706165850162506 0.9143502116203308
v 0.10777085274457932 -0.09093295782804489 0.9524973034858704
v 0.20345836877822876 -0.10331622511148453 1.0695382356643677
v -0.11736192554235458 -0.08627594262361526 0.9107401371002197
v -0.054333217442035675 -0.091433584690094 0.9615112543106079
v 0.012174570001661777 -0.08685212582349777 0.9247726798057556
v 0.07838954031467438 -0.09083232283592224 0.9527264833450317
v 0.15379741787910461 -0.09125757217407227 0.9669052958488464
v -0.14957872033119202 -0.08952385187149048 0.9390151500701904
v -0.07277191430330276 -0.07861817628145218 0.8541706204414368
v -0.01400675717741251 -0.08657865226268768 0.9265133738517761
v 0.05098596215248108 -0.08543053269386292 0.9107358455657959
v 0.12293947488069534 -0.09002020955085754 0.9589517116546631
v -0.18537499010562897 -0.09043455123901367 0.9731771349906921
v -0.10353942215442657 -0.0849585011601448 0.9108760356903076
v -0.04094228520989418 -0.08885841816663742 0.9660892486572266
v 0.025592219084501266 -0.08434148877859116 0.9112415313720703
v 0.09420893341302872 -0.08826661109924316 0.9482195377349854
v 0.18455390632152557 -0.1009187400341034 1.0750924348831177
v -0.13024850189685822 -0.08474033325910568 0.9137877225875854
v -0.05499209836125374 -0.07679354399442673 0.8534088730812073
v -0.00021774084598291665 -0.08523889631032944 0.9271411299705505
v 0.06455167382955551 -0.08390280604362488 0.9071387052536011
v 0.1388217955827713 -0.08907810598611832 0.9655147790908813
v -0.1623450070619583 -0.08598702400922775 0.9363782405853271
v -0.08991307020187378 -0.08488603681325912 0.9163267016410828
v -0.026196027174592018 -0.08755336701869965 0.9619236588478088
v 0.03922704607248306 -0.08348844200372696 0.9137328863143921
v 0.10942108184099197 -0.08740215748548508 0.9532133936882019
v 0.20534512400627136 -0.09849201142787933 1.0653929710388184
v -0.11583924293518066 -0.08280736207962036 0.9089518189430237
v -0.05296379700303078 -0.08774538338184357 0.9623064398765564
v 0.0135479886084795 -0.08344466239213943 0.9257258176803589
v 0.0802420973777771 -0.08656582981348038 0.9467288255691528
v 0.15600815415382385 -0.08773250132799149 0.9691100120544434
v -0.1456097513437271 -0.08393394947052002 0.9283684492111206
v -0.07117489725351334 -0.07488364726305008 0.8515745997428894
v -0.012670041061937809 -0.08302824944257736 0.9268744587898254
v 0.05230243504047394 -0.08194584399461746 0.909731924533844
v 0.12458851933479309 -0.08658050000667572 0.960166871547699
v -0.18374167382717133 -0.08746165782213211 0.9752576947212219
v -0.1020130068063736 -0.08138308674097061 0.908867359161377
v -0.04011630639433861 -0.08599216490983963 0.976575493812561
v 0.026890743523836136 -0.08102694153785706 0.9110836982727051
v 0.09560875594615936 -0.08488480746746063 0.9464617371559143
v 0.18711966276168823 -0.09729252010583878 1.0787643194198608
v -0.12868963181972504 -0.08115038275718689 0.911720871925354
v -0.06459600478410721 -0.08343064785003662 0.9241750240325928
v 0.0011932625202462077 -0.08177932351827621 0.927761435508728
v 0.0663147121667862 -0.08024563640356064 0.905731201171875
v 0.14054115116596222 -0.0857120230793953 0.9669866561889648
v -0.16073232889175415 -0.08251971751451492 0.9368184208869934
v -0.08847019076347351 -0.08084981143474579 0.9137940406799316
v -0.024706583470106125 -0.0850110799074173 0.9719375371932983
v 0.04069012403488159 -0.0799606665968895 0.9129856824874878
v 0.1110016331076622 -0.08376000821590424 0.9539885520935059
v 0.19651350378990173 -0.09051798284053802 1.0233875513076782
v -0.11440348625183105 -0.07938981056213379 0.9078159332275391
v -0.04961235821247101 -0.08141173422336578 0.9377177953720093
v 0.01489206962287426 -0.08007725328207016 0.9265706539154053
v 0.08176849037408829 -0.08281746506690979 0.9450486898422241
v 0.15824291110038757 -0.0843585804104805 0.9717252850532532
v -0.1435815989971161 -0.08007439970970154 0.922473132610321
v -0.07441144436597824 -0.08066492527723312 0.9160628914833069
v -0.011369066312909126 -0.0795147493481636 0.927140474319458
v 0.053708162158727646 -0.07855746150016785 0.9089726209640503
v 0.1262669861316681 -0.08310801535844803 0.9613385796546936
v -0.18268708884716034 -0.08464749902486801 0.9822322130203247
v -0.10056015849113464 -0.077914297580719 0.9081519842147827
v -0.04022952914237976 -0.08454850316047668 0.999554455280304
v 0.02825615182518959 -0.07770443707704544 0.9107732772827148
v 0.09697247296571732 -0.08125574886798859 0.9441519379615784
v 0.1892501264810562 -0.09367091953754425 1.0824015140533447
v -0.12725786864757538 -0.07769466191530228 0.9104127287864685
v -0.06213425099849701 -0.07971233129501343 0.921562910079956
v 0.002676762407645583 -0.07831893116235733 0.9284194707870483
v 0.06848344951868057 -0.0765065848827362 0.9039843678474426
v 0.14226564764976501 -0.08239366114139557 0.9683400988578796
v -0.1593467891216278 -0.07913235574960709 0.9372891187667847
v -0.08702563494443893 -0.07709512859582901 0.9118493795394897
v -0.02349195070564747 -0.08612875640392303 1.0124173164367676
v 0.04208677262067795 -0.07654723525047302 0.9122308492660522
v 0.11247989535331726 -0.07994865626096725 0.954989492893219
v 0.19808588922023773 -0.08658638596534729 1.0194958448410034
v -0.11303669959306717 -0.07595565170049667 0.9071736335754395
v -0.04753413051366806 -0.0776146948337555 0.933235228061676
v 0.01615290716290474 -0.07676109671592712 0.9273514747619629
v 0.08333053439855576 -0.07921227812767029 0.9449611902236938
v 0.1609000861644745 -0.0813528522849083 0.9751385450363159
v -0.14143991470336914 -0.0762719213962555 0.9185382723808289
v -0.07332196831703186 -0.07674935460090637 0.9130756258964539
v -0.010075967758893967 -0.07599396258592606 0.9274210929870605
v 0.05510444566607475 -0.07513841241598129 0.908145010471344
v 0.12771843373775482 -0.07969005405902863 0.9619123339653015
v -0.18130674958229065 -0.08178278803825378 0.9853193759918213
v -0.0992303341627121 -0.07446306198835373 0.9080568552017212
v -0.038990769535303116 -0.08375605940818787 1.0255422592163086
v 0.02970864623785019 -0.0743100717663765 0.9103161692619324
v 0.09838255494832993 -0.0776214599609375 0.9436078071594238
v 0.1926899552345276 -0.09019944816827774 1.0960676670074463
v -0.12589454650878906 -0.07422906905412674 0.9096672534942627
v -0.06043525040149689 -0.07547691464424133 0.919503927230835
v 0.004173492547124624 -0.074870765209198 0.9290532469749451
v 0.07120981067419052 -0.07263905555009842 0.9025835990905762
v 0.14400523900985718 -0.07905654609203339 0.9693430066108704
v -0.1580457240343094 -0.07568246126174927 0.9376018643379211
v -0.08570721745491028 -0.073521688580513 0.9108899235725403
v -0.02244539000093937 -0.08325681835412979 1.0230965614318848
v 0.043408848345279694 -0.07318423688411713 0.9114763736724854
v 0.113931804895401 -0.07683713734149933 0.9615345597267151
v 0.20093820989131927 -0.08310073614120483 1.018001675605774
v -0.11170653253793716 -0.07254403829574585 0.9070256352424622
v -0.04595565050840378 -0.0739213228225708 0.9310277700424194
v 0.017413249239325523 -0.07338397949934006 0.9280136227607727
v 0.08487380295991898 -0.07571666687726974 0.9465057253837585
v 0.16725517809391022 -0.08473476767539978 1.0587104558944702
v -0.13964857161045074 -0.07262734323740005 0.9161607623100281
v -0.0721101313829422 -0.07274153083562851 0.9121140241622925
v -0.008746436797082424 -0.07240518182516098 0.927691638469696
v 0.056487441062927246 -0.07158631086349487 0.9070463180541992
v 0.1291048675775528 -0.07586736232042313 0.9621344208717346
v -0.17948517203330994 -0.0787024274468422 0.9876825213432312
v -0.09798286110162735 -0.07104413956403732 0.9084332585334778
v -0.03805633634328842 -0.08059348165988922 1.0306435823440552
v 0.03114139474928379 -0.07086014002561569 0.9097616672515869
v 0.09983421862125397 -0.0739445760846138 0.9441283941268921
v 0.1967127025127411 -0.08768630027770996 1.1134480237960815
v -0.12456634640693665 -0.07078935950994492 0.9092937707901001
v -0.058844588696956635 -0.07148201763629913 0.9185492396354675
v 0.005658510606735945 -0.07144669443368912 0.9296830892562866
v 0.07164563983678818 -0.07365484535694122 0.9493026733398438
v 0.14567337930202484 -0.07588675618171692 0.9698697328567505
v -0.15667295455932617 -0.07233240455389023 0.9377137422561646
v -0.08441217243671417 -0.07003254443407059 0.9106541872024536
v -0.021136851981282234 -0.07957658171653748 1.0303088426589966
v 0.04471995308995247 -0.0698520839214325 0.9107161164283752
v 0.11713100969791412 -0.07432357221841812 0.9734860062599182
v -0.20009037852287292 -0.07486812025308609 0.9835617542266846
v -0.11036032438278198 -0.06912679970264435 0.9072304964065552
v -0.04461180418729782 -0.07029148936271667 0.9305675625801086
v 0.01865982636809349 -0.06993719935417175 0.928503692150116
v 0.08648824691772461 -0.07225866615772247 0.949511706829071
v 0.17143240571022034 -0.08037953078746796 1.0768301486968994
v -0.13802242279052734 -0.06909848004579544 0.9145588874816895
v -0.07077176868915558 -0.06895806640386581 0.912463366985321
v -0.007248695474117994 -0.06898102164268494 0.9278563261032104
v 0.05786486342549324 -0.06807956844568253 0.9058930277824402
v 0.1310456246137619 -0.07234784960746765 0.9672344326972961
v -0.17647568881511688 -0.0746157318353653 0.9898403882980347
v -0.09681577980518341 -0.06776240468025208 0.9092732667922974
v -0.036495815962553024 -0.07712938636541367 1.0327048301696777
v 0.032609112560749054 -0.06747503578662872 0.908942699432373
v 0.10127510130405426 -0.07046371698379517 0.9450876712799072
v 0.19965344667434692 -0.08420626819133759 1.1183725595474243
v -0.1231941357254982 -0.06733448058366776 0.909179151058197
v -0.05727625638246536 -0.06772705912590027 0.9182806611061096
v 0.007106054574251175 -0.06796558946371078 0.9302445650100708
v 0.07360804826021194 -0.07045996934175491 0.9518758058547974
v 0.14710472524166107 -0.0728415697813034 0.9695431590080261
v -0.1549289971590042 -0.06873337179422379 0.9356595873832703
v -0.08312476426362991 -0.06656718254089355 0.9107842445373535
v -0.019799159839749336 -0.07595684379339218 1.033153772354126
v 0.04605173319578171 -0.06644207239151001 0.9097663164138794
v 0.11874581128358841 -0.07140662521123886 0.9734810590744019
v -0.1954900473356247 -0.07134965807199478 0.9862449765205383
v -0.10904654860496521 -0.06576408445835114 0.9077659845352173
v -0.043137017637491226 -0.06686300784349442 0.9315129518508911
v 0.020052039995789528 -0.06650720536708832 0.9288958311080933
v 0.08808095753192902 -0.06868437677621841 0.9531088471412659
v 0.17562177777290344 -0.07731195539236069 1.1004456281661987
v -0.13648946583271027 -0.06559772789478302 0.9135971665382385
v -0.06936804205179214 -0.06530388444662094 0.9129477739334106
v -0.005848180968314409 -0.06546592712402344 0.9279438853263855
v 0.05926959216594696 -0.06449417024850845 0.9048590064048767
v 0.1324097067117691 -0.06918151676654816 0.9670479893684387
v -0.16963157057762146 -0.06603938341140747 0.9342077970504761
v -0.0956878736615181 -0.06452324241399765 0.9105666875839233
v -0.035282280296087265 -0.07336287945508957 1.0375120639801025
v 0.03395013138651848 -0.06403610110282898 0.9081416130065918
v 0.10272420942783356 -0.0670677050948143 0.9463968873023987
v 0.20233400166034698 -0.08077631145715714 1.1224044561386108
v -0.12185932695865631 -0.0639248788356781 0.9092615246772766
v -0.055889617651700974 -0.0641864761710167 0.9187196493148804
v 0.00854353979229927 -0.0644427165389061 0.9305174946784973
v 0.07546669989824295 -0.06680046021938324 0.9545447826385498
v 0.1465650051832199 -0.06719657778739929 0.9558894038200378
v -0.1521947681903839 -0.06457804143428802 0.9284948706626892
v -0.08179181069135666 -0.06316154450178146 0.9110174775123596
v -0.01854472979903221 -0.07194965332746506 1.0328025817871094
v 0.047371018677949905 -0.06290613859891891 0.9088813662528992
v 0.12013326585292816 -0.06807404011487961 0.9711996912956238
v -0.19324246048927307 -0.06769130378961563 0.9879475831985474
v -0.10779747366905212 -0.06240392476320267 0.9086257219314575
v -0.04165692254900932 -0.06349608302116394 0.9336525201797485
v 0.021593762561678886 -0.06300090253353119 0.9293884038925171
v 0.08968926966190338 -0.06521007418632507 0.9554296731948853
v 0.18146640062332153 -0.0769299790263176 1.1298843622207642
v -0.13503660261631012 -0.06211681291460991 0.9130967259407043
v -0.06811592727899551 -0.06185465306043625 0.9135727286338806
v -0.004515876527875662 -0.06182140111923218 0.9277910590171814
v 0.06066267192363739 -0.06084790453314781 0.9038441181182861
v 0.13318191468715668 -0.06546548008918762 0.9613284468650818
v -0.1674540489912033 -0.0625259205698967 0.9338651895523071
v -0.09448978304862976 -0.06123681366443634 0.9116231203079224
v -0.03411709889769554 -0.06966594606637955 1.0404884815216064
v 0.03524921461939812 -0.06043035164475441 0.907228410243988
v 0.10406297445297241 -0.06352823972702026 0.9480906128883362
v 0.20513392984867096 -0.07719115167856216 1.128929853439331
v -0.12056540697813034 -0.06048768386244774 0.9094934463500977
v -0.05455555021762848 -0.06075842306017876 0.9198500514030457
v 0.010067354887723923 -0.06096823886036873 0.9304237365722656
v 0.0772567093372345 -0.06324628740549088 0.9580541253089905
v 0.1469929963350296 -0.06292322278022766 0.949790358543396
v -0.14995744824409485 -0.06073587015271187 0.9242478609085083
v -0.08045541495084763 -0.05979231745004654 0.9114420413970947
v -0.017303425818681717 -0.06817298382520676 1.0324020385742188
v 0.048698119819164276 -0.05936368927359581 0.907947838306427
v 0.12065985798835754 -0.06328091025352478 0.9634119272232056
v -0.19128228724002838 -0.06387276947498322 0.9891558289527893
v -0.10661573708057404 -0.05905003473162651 0.9097431898117065
v -0.04018545523285866 -0.060270387679338455 0.9368705749511719
v 0.02309405244886875 -0.05947127938270569 0.9298036098480225
v 0.09158524125814438 -0.06164149194955826 0.9549443125724792
v 0.1861749142408371 -0.07351953536272049 1.1396762132644653
v -0.13358846306800842 -0.05866774916648865 0.9128856658935547
v -0.06688018888235092 -0.05850319191813469 0.9143322706222534
v -0.003212170209735632 -0.058175791054964066 0.9276344180107117
v 0.0622253343462944 -0.05703776329755783 0.9024325013160706
v 0.1337858885526657 -0.06081468611955643 0.9529788494110107
v -0.16567480564117432 -0.05887141451239586 0.9339861273765564
v -0.09322000294923782 -0.057852085679769516 0.9121891260147095
v -0.032663315534591675 -0.06572721898555756 1.0403810739517212
v 0.03652464225888252 -0.056817054748535156 0.9061561822891235
v 0.10571585595607758 -0.060021352022886276 0.9496948719024658
v 0.20829899609088898 -0.07365046441555023 1.1355918645858765
v -0.11927776783704758 -0.057072997093200684 0.910001277923584
v -0.053269512951374054 -0.05736056715250015 0.9217521548271179
v 0.011579209938645363 -0.057545799762010574 0.9298994541168213
v 0.07888039946556091 -0.05973227322101593 0.9621073007583618
v 0.14784154295921326 -0.05899176746606827 0.9452940225601196
v -0.14806793630123138 -0.05711641535162926 0.921960711479187
v -0.07913443446159363 -0.056428421288728714 0.9120030403137207
v -0.016202984377741814 -0.06447295099496841 1.0330730676651
v 0.05004419386386871 -0.055906496942043304 0.9070316553115845
v 0.12139475345611572 -0.05916702374815941 0.9584414958953857
v -0.1894395351409912 -0.05972905084490776 0.9906995296478271
v -0.1055012196302414 -0.05568593740463257 0.9110122323036194
v -0.038773663341999054 -0.05696208029985428 0.9408618807792664
v 0.024560632184147835 -0.056100085377693176 0.9300547242164612
v 0.09298475831747055 -0.05801837891340256 0.9538564682006836
v 0.1885431855916977 -0.07057378441095352 1.1461509466171265
v -0.132192924618721 -0.05523039028048515 0.9129619598388672
v -0.06562644243240356 -0.0550730898976326 0.9152411222457886
v -0.0018216570606455207 -0.05445365980267525 0.9272170662879944
v 0.06439503282308578 -0.05303936079144478 0.9007448554039001
v 0.13430099189281464 -0.056773170828819275 0.9459664225578308
v -0.16395975649356842 -0.055202554911375046 0.9338675141334534
v -0.09187190979719162 -0.0544128492474556 0.9125672578811646
v -0.031154843047261238 -0.06206853687763214 1.0398786067962646
v 0.03783338516950607 -0.05322253331542015 0.9052685499191284
v 0.10722901672124863 -0.05654501914978027 0.9495124220848083
v 0.21270573139190674 -0.06963228434324265 1.1410926580429077
v -0.11801102012395859 -0.05364004895091057 0.9108021259307861
v -0.05193088948726654 -0.05390628054738045 0.9243305921554565
v 0.012902490794658661 -0.05416277050971985 0.9293115139007568
v 0.08034083992242813 -0.056400224566459656 0.9657471179962158
v 0.14883828163146973 -0.05533018335700035 0.9417632222175598
v -0.14641986787319183 -0.053478363901376724 0.920683741569519
v -0.0778343454003334 -0.05301687866449356 0.9126791954040527
v -0.01463890541344881 -0.061157047748565674 1.0345444679260254
v 0.05135895311832428 -0.052504103630781174 0.9060717225074768
v 0.12225541472434998 -0.055616118013858795 0.9541388154029846
v -0.1892550140619278 -0.05621834471821785 1.0044268369674683
v -0.10437359660863876 -0.052295345813035965 0.9122697114944458
v -0.03745869919657707 -0.05362452566623688 0.9457036256790161
v 0.025894179940223694 -0.05271420255303383 0.9298738241195679
v 0.09421710669994354 -0.054453589022159576 0.9519380927085876
v 0.1915658414363861 -0.0669657289981842 1.158294916152954
v -0.13080871105194092 -0.051799483597278595 0.91316157579422
v -0.06435278058052063 -0.05162324756383896 0.9163526296615601
v -0.0003838828706648201 -0.05088430643081665 0.9274010062217712
v 0.06704173982143402 -0.049354858696460724 0.9008077383041382
v 0.13484793901443481 -0.05280330404639244 0.9401204586029053
v -0.16223983466625214 -0.051613230258226395 0.9339979887008667
v -0.09055746346712112 -0.05099935829639435 0.9129452705383301
v -0.029494810849428177 -0.05821072682738304 1.03927481174469
v 0.03912896290421486 -0.04984408617019653 0.9045523405075073
v 0.10847931355237961 -0.05321541801095009 0.947886049747467
v 0.21680395305156708 -0.06542681902647018 1.146552324295044
v -0.1167464479804039 -0.05023530125617981 0.9116886258125305
v -0.05061282217502594 -0.05046730861067772 0.9274761080741882
v 0.014134643599390984 -0.05072453245520592 0.928666353225708
v 0.08172585070133209 -0.05309170112013817 0.965462863445282
v 0.14999987185001373 -0.05162738636136055 0.9391165971755981
v -0.14479951560497284 -0.04996078088879585 0.91994708776474
v -0.07657527923583984 -0.04959145560860634 0.9134387373924255
v -0.012264866381883621 -0.05759069323539734 1.0358537435531616
v 0.052641578018665314 -0.049124520272016525 0.9050378203392029
v 0.12285036593675613 -0.05155843868851662 0.9477190971374512
v -0.18790817260742188 -0.05339202284812927 1.0087685585021973
v -0.10319843888282776 -0.04885455593466759 0.9134756922721863
v -0.03627467527985573 -0.05048084259033203 0.9524343609809875
v 0.027208415791392326 -0.04939272254705429 0.9292672276496887
v 0.09552759677171707 -0.05110076442360878 0.9512393474578857
v 0.19494713842868805 -0.06343847513198853 1.167944073677063
v -0.12940439581871033 -0.04838148504495621 0.9134326577186584
v -0.06311371922492981 -0.04819568991661072 0.9179173111915588
v 0.0008447905420325696 -0.05020082741975784 0.9530290961265564
v 0.06811489909887314 -0.05115322023630142 0.9649514555931091
v 0.135696679353714 -0.048917707055807114 0.9360161423683167
v -0.16091115772724152 -0.04835709556937218 0.9373711943626404
v -0.08927875012159348 -0.047553811222314835 0.9134876728057861
v -0.027866924181580544 -0.054510001093149185 1.0389487743377686
v 0.04037340730428696 -0.04654363542795181 0.9039616584777832
v 0.10971041768789291 -0.04995065927505493 0.9456934928894043
v 0.22162941098213196 -0.06072821468114853 1.1534866094589233
v -0.11545945703983307 -0.04681467264890671 0.9126647114753723
v -0.04931827262043953 -0.047083765268325806 0.9308332800865173
v 0.015349550172686577 -0.04705259948968887 0.927773118019104
v 0.08296619355678558 -0.04930057004094124 0.9621021151542664
v 0.15110139548778534 -0.04805082082748413 0.9372571110725403
v -0.14323565363883972 -0.0465107299387455 0.9195395708084106
v -0.07531585544347763 -0.04614490643143654 0.914466917514801
v -0.012545386329293251 -0.04883032292127609 0.9634672999382019
v 0.054018519818782806 -0.04567364603281021 0.9041081070899963
v 0.12363167852163315 -0.04759133234620094 0.9417173862457275
v -0.18566162884235382 -0.05001736804842949 1.0081202983856201
v -0.10201039910316467 -0.04540758952498436 0.9146374464035034
v -0.035281166434288025 -0.04767461493611336 0.9605989456176758
v 0.028636103495955467 -0.045977022498846054 0.9281328916549683
v 0.09666022658348083 -0.04770917445421219 0.9493108987808228
v 0.19760969281196594 -0.05842167139053345 1.1701627969741821
v -0.12805284559726715 -0.04495949298143387 0.9139699339866638
v -0.06191118434071541 -0.04479236900806427 0.9201564788818359
v 0.0023578274995088577 -0.04678789898753166 0.9534632563591003
v 0.06980413943529129 -0.04764499142765999 0.9645757675170898
v 0.13669706881046295 -0.04539411887526512 0.9335399270057678
v -0.16055037081241608 -0.04505259543657303 0.9402299523353577
v -0.08799199759960175 -0.044113341718912125 0.9141808748245239
v -0.02630442939698696 -0.051297299563884735 1.039405345916748
v 0.041658345609903336 -0.04324005916714668 0.9031751751899719
v 0.11024332046508789 -0.04509827122092247 0.9351099133491516
v 0.22677282989025116 -0.05732192471623421 1.16062593460083
v -0.11418995261192322 -0.0433843694627285 0.9138399958610535
v -0.04798111692070961 -0.04374994337558746 0.9342185258865356
v 0.016598572954535484 -0.04308130592107773 0.9263550639152527
v 0.0840558186173439 -0.045650046318769455 0.9588951468467712
v 0.15249837934970856 -0.044662490487098694 0.9365502595901489
v -0.14171990752220154 -0.043042492121458054 0.9193115830421448
v -0.07409171760082245 -0.042721062898635864 0.9158146977424622
v -0.010866678319871426 -0.044646285474300385 0.956952691078186
v 0.05554693192243576 -0.04208219423890114 0.9032643437385559
v 0.12438952177762985 -0.04363654926419258 0.9363746643066406
v -0.18356627225875854 -0.04606322571635246 1.0073258876800537
v -0.10079692304134369 -0.04192293435335159 0.9157131910324097
v -0.041031137108802795 -0.04762781411409378 1.042030930519104
v 0.03018781542778015 -0.04245296120643616 0.9265945553779602
v 0.09728050976991653 -0.04372933506965637 0.9417758584022522
v 0.2005814164876938 -0.053846992552280426 1.1720929145812988
v -0.12674108147621155 -0.041472405195236206 0.9146367311477661
v -0.06076560541987419 -0.04139392822980881 0.9234779477119446
v 0.0043785241432487965 -0.04338836297392845 0.9622304439544678
v 0.0714477002620697 -0.04357024282217026 0.9609847664833069
v 0.1379399597644806 -0.041961390525102615 0.9321032166481018
v -0.15823359787464142 -0.04103165492415428 0.9367291927337646
v -0.08672197163105011 -0.04064726084470749 0.914984941482544
v -0.024923386052250862 -0.04671044647693634 1.0343732833862305
v 0.04287640005350113 -0.039668455719947815 0.902479350566864
v 0.11095543950796127 -0.04108741506934166 0.9305244088172913
v 0.23232851922512054 -0.051161136478185654 1.161637306213379
v -0.11297884583473206 -0.03994092717766762 0.9152666926383972
v -0.046641819179058075 -0.040346816182136536 0.9378897547721863
v 0.017867034301161766 -0.038761239498853683 0.92413330078125
v 0.08510888367891312 -0.04217235743999481 0.9559043645858765
v 0.1542150378227234 -0.04136744141578674 0.9372256994247437
v -0.14019672572612762 -0.03950509801506996 0.919218897819519
v -0.07294643670320511 -0.03929339349269867 0.9175339341163635
v -0.009193696081638336 -0.04088406264781952 0.9556280374526978
v 0.05736785754561424 -0.038255371153354645 0.9020144939422607
v 0.1253543198108673 -0.03983393684029579 0.9331063032150269
v -0.17448610067367554 -0.032727357000112534 0.9361373782157898
v -0.09959213435649872 -0.03848564997315407 0.9166886806488037
v -0.03870541602373123 -0.043490007519721985 1.0328459739685059
v 0.031805504113435745 -0.03852435201406479 0.9250690340995789
v 0.09811225533485413 -0.039149146527051926 0.9315909147262573
v 0.20397230982780457 -0.049002960324287415 1.172288179397583
v -0.12537913024425507 -0.037949077785015106 0.9154495596885681
v -0.059657830744981766 -0.038017068058252335 0.9278197884559631
v 0.00623011589050293 -0.040175966918468475 0.9810519218444824
v 0.07278435677289963 -0.03984532132744789 0.9577181339263916
v 0.1393061876296997 -0.03859638422727585 0.9316304326057434
v -0.15640918910503387 -0.037388455122709274 0.9339014887809753
v -0.08546333760023117 -0.0371401347219944 0.9159849882125854
v -0.02348300628364086 -0.0414901077747345 1.0195658206939697
v 0.043971508741378784 -0.036198005080223083 0.901648998260498
v 0.11207621544599533 -0.037538547068834305 0.9282923340797424
v -0.20203906297683716 -0.03872082382440567 1.0041089057922363
v -0.11184783279895782 -0.03650260716676712 0.9168999195098877
v -0.04529513791203499 -0.03701285272836685 0.9426877498626709
v 0.019323861226439476 -0.03426600620150566 0.9231728315353394
v 0.08608873933553696 -0.03783015161752701 0.9471558928489685
v 0.15618465840816498 -0.038107167929410934 0.939033031463623
v -0.13870272040367126 -0.035909708589315414 0.919362485408783
v -0.07185707986354828 -0.03587974235415459 0.9197685718536377
v -0.007643833290785551 -0.03740711882710457 0.9574201107025146
v 0.059682898223400116 -0.03430449590086937 0.9014454483985901
v 0.12649419903755188 -0.0363285057246685 0.9314489364624023
v -0.18068836629390717 -0.03810374438762665 1.0098923444747925
v -0.09834019094705582 -0.035029783844947815 0.9176395535469055
v -0.03674435243010521 -0.039339516311883926 1.0249156951904297
v 0.033019766211509705 -0.03398175537586212 0.9231614470481873
v 0.09920310229063034 -0.03552656248211861 0.9288859367370605
v 0.20734803378582 -0.0443446971476078 1.1707823276519775
v -0.1240563839673996 -0.034417472779750824 0.9164085984230042
v -0.05850169435143471 -0.034699149429798126 0.9323419332504272
v 0.007546324282884598 -0.03656524792313576 0.9841201901435852
v 0.0739189088344574 -0.0360952727496624 0.9546021819114685
v 0.140803724527359 -0.03521442413330078 0.932032585144043
v -0.1547575742006302 -0.033740684390068054 0.9317377209663391
v -0.08422105014324188 -0.033685147762298584 0.9172932505607605
v -0.02200712449848652 -0.038298193365335464 1.0152490139007568
v 0.04506617411971092 -0.032252684235572815 0.9011222720146179
v 0.11334292590618134 -0.03411189839243889 0.9270725846290588
v -0.19732634723186493 -0.03538689762353897 1.0056860446929932
v -0.11075138300657272 -0.03307714685797691 0.9187236428260803
v -0.044123973697423935 -0.03380737826228142 0.9488970041275024
v 0.021690353751182556 -0.035981595516204834 0.9767566919326782
v 0.08696103096008301 -0.03372285142540932 0.9375886917114258
v 0.15850886702537537 -0.034943997859954834 0.9419773817062378
v -0.13729768991470337 -0.03232700750231743 0.9197638630867004
v -0.07079143822193146 -0.03251316398382187 0.9227578639984131
v -0.006024893373250961 -0.03400329500436783 0.9610677361488342
v 0.06117524206638336 -0.034754328429698944 0.9594922661781311
v 0.1277964860200882 -0.03286290541291237 0.9308183193206787
v -0.17978529632091522 -0.03455057740211487 1.0123274326324463
v -0.09707393497228622 -0.031634386628866196 0.9185651540756226
v -0.035259075462818146 -0.03596644103527069 1.0212448835372925
v 0.03433940187096596 -0.029210057109594345 0.9223909378051758
v 0.10041160881519318 -0.032088927924633026 0.9274426698684692
v 0.20964571833610535 -0.04001396894454956 1.1671478748321533
v -0.12281537801027298 -0.030912630259990692 0.9175291657447815
v -0.05728805065155029 -0.031379930675029755 0.9363402724266052
v 0.008733541704714298 -0.03323647752404213 0.9832435846328735
v 0.07493957132101059 -0.03230023384094238 0.9508814811706543
v 0.14241544902324677 -0.03185107931494713 0.9330407381057739
v -0.15302841365337372 -0.030088456347584724 0.9303361773490906
v -0.08303097635507584 -0.030318276956677437 0.9190317988395691
v -0.02067822776734829 -0.034502480179071426 1.0064990520477295
v 0.046368516981601715 -0.02783336490392685 0.9010131359100342
v 0.11471574753522873 -0.03070990741252899 0.9265518188476562
v -0.1955801546573639 -0.031985048204660416 1.007468342781067
v -0.10969754308462143 -0.029713118448853493 0.9206516742706299
v -0.04311797395348549 -0.031133871525526047 0.957725465297699
v 0.02319020964205265 -0.0318664088845253 0.9712970852851868
v 0.08812582492828369 -0.030174866318702698 0.9335678219795227
v 0.16090354323387146 -0.03157627582550049 0.9454891681671143
v -0.13595938682556152 -0.028789885342121124 0.9204235076904297
v -0.0697852149605751 -0.02916976809501648 0.9261502027511597
v -0.004498644266277552 -0.03036101907491684 0.9668394327163696
v 0.06279009580612183 -0.030777323991060257 0.9572027921676636
v 0.12929287552833557 -0.029413621872663498 0.9311143159866333
v -0.17870692908763885 -0.03118204139173031 1.015031337738037
v -0.09579471498727798 -0.02824367582798004 0.9196738004684448
v -0.03391711786389351 -0.03203479200601578 1.0150620937347412
v 0.0381225049495697 -0.030848365277051926 0.9772225022315979
v 0.1017448902130127 -0.028641505166888237 0.9266884922981262
v 0.2115204632282257 -0.03563400357961655 1.1630208492279053
v -0.12168829143047333 -0.027440547943115234 0.9189481735229492
v -0.056129131466150284 -0.028019675984978676 0.9399105906486511
v 0.010030199773609638 -0.029696611687541008 0.9821531772613525
v 0.07605694234371185 -0.028579087927937508 0.9471089839935303
v 0.14414022862911224 -0.028460076078772545 0.9344614744186401
v -0.15138758718967438 -0.026539266109466553 0.9295578598976135
v -0.0819213017821312 -0.026969539001584053 0.9214864373207092
v -0.018210913985967636 -0.02792777307331562 0.9645897150039673
v 0.047656554728746414 -0.022755291312932968 0.900104820728302
v 0.11620108783245087 -0.027263769879937172 0.926719605922699
v -0.19424882531166077 -0.028564641252160072 1.010147213935852
v -0.10865698754787445 -0.02627633698284626 0.9226932525634766
v -0.04615222290158272 -0.02900809608399868 1.0130277872085571
v 0.024694053456187248 -0.027858372777700424 0.9681041836738586
v 0.0893619954586029 -0.026702584698796272 0.9315941333770752
v 0.1632145643234253 -0.02810845710337162 0.9491742849349976
v -0.13466458022594452 -0.0253254696726799 0.9213387966156006
v -0.06872965395450592 -0.02581573836505413 0.9294952750205994
v -0.002227326389402151 -0.027140473946928978 0.9824583530426025
v 0.06415718048810959 -0.02687569335103035 0.9556757211685181
v 0.13095307350158691 -0.025971485301852226 0.9322274923324585
v -0.17735439538955688 -0.027670221403241158 1.0173684358596802
v -0.09455281496047974 -0.024857480078935623 0.9214679598808289
v -0.03135281056165695 -0.02728542685508728 1.000555157661438
v 0.039777182042598724 -0.026847122237086296 0.9780310988426208
v 0.10319172590970993 -0.02519829012453556 0.9265015721321106
v 0.213367760181427 -0.031945761293172836 1.1595155000686646
v -0.12065534293651581 -0.023973925039172173 0.920602560043335
v -0.05494336783885956 -0.02464231848716736 0.9433233141899109
v 0.011716894805431366 -0.025804342702031136 0.9784407615661621
v 0.07734852284193039 -0.024955617263913155 0.9433491826057434
v 0.14592330157756805 -0.02506178431212902 0.9360111355781555
v -0.14959463477134705 -0.023058252409100533 0.9291069507598877
v -0.08081652969121933 -0.02358468808233738 0.9246349930763245
v -0.016286801546812057 -0.024365952238440514 0.963604211807251
v 0.04886879399418831 -0.016913820058107376 0.8994193077087402
v 0.1177738606929779 -0.02379407361149788 0.9276310205459595
v -0.193136528134346 -0.025041211396455765 1.0135388374328613
v -0.10762851685285568 -0.022761845961213112 0.9249193072319031
v -0.043721407651901245 -0.02567007765173912 1.0083529949188232
v 0.026162423193454742 -0.024057677015662193 0.9659165740013123
v 0.09071637690067291 -0.023216569796204567 0.9306265711784363
v 0.1653948873281479 -0.024826914072036743 0.9529536962509155
v -0.13344180583953857 -0.021863622590899467 0.9224017262458801
v -0.06756429374217987 -0.022446047514677048 0.9325771331787109
v -0.0007857040036469698 -0.023688223212957382 0.9851747155189514
v 0.06548482179641724 -0.023002687841653824 0.9541068077087402
v 0.1327025592327118 -0.02247180975973606 0.9340793490409851
v -0.17588208615779877 -0.024174850434064865 1.0192967653274536
v -0.09334679692983627 -0.021453216671943665 0.9238547086715698
v -0.029691554605960846 -0.023181896656751633 0.995181679725647
v 0.04122154042124748 -0.023077944293618202 0.9781939387321472
v 0.10468227416276932 -0.02173004113137722 0.9268328547477722
v 0.21490325033664703 -0.028133857995271683 1.1515382528305054
v -0.11966989934444427 -0.020520906895399094 0.9224286675453186
v -0.05382067710161209 -0.02118341624736786 0.9475380182266235
v 0.013196699321269989 -0.02204391360282898 0.9745153784751892
v 0.07870335131883621 -0.021337030455470085 0.9402615427970886
v 0.1477353572845459 -0.021599002182483673 0.937455415725708
v -0.1480736881494522 -0.019520018249750137 0.9293183088302612
v -0.07972853630781174 -0.020249508321285248 0.9272138476371765
v -0.014601092785596848 -0.02075481042265892 0.9638820886611938
v 0.05084224417805672 -0.011695425026118755 0.9052160978317261
v 0.11944765597581863 -0.02028961107134819 0.9293381571769714
v -0.19200462102890015 -0.021148769184947014 1.0168120861053467
v -0.10658193379640579 -0.019209058955311775 0.927217960357666
v -0.04166384041309357 -0.020999452099204063 0.9938892722129822
v 0.027593018487095833 -0.020368976518511772 0.9644725322723389
v 0.09214717894792557 -0.019677363336086273 0.9302114248275757
v 0.16763657331466675 -0.0215370561927557 0.9567490220069885
v -0.13227936625480652 -0.018359560519456863 0.9236817359924316
v -0.06647738069295883 -0.018998052924871445 0.9368225336074829
v 0.0003632538137026131 -0.02013615146279335 0.9833889007568359
v 0.06669347733259201 -0.01925281062722206 0.9525296688079834
v 0.1344519704580307 -0.01889236830174923 0.9364007711410522
v -0.17440596222877502 -0.02045721746981144 1.0210320949554443
v -0.09223327040672302 -0.018006706610322 0.9262208342552185
v -0.028578180819749832 -0.01973271556198597 0.9950613379478455
v 0.04271938279271126 -0.01932634599506855 0.9785176515579224
v 0.10622380673885345 -0.018199270591139793 0.927685022354126
v 0.21558445692062378 -0.02414168044924736 1.143174648284912
v -0.11869252473115921 -0.017022915184497833 0.9244208335876465
v -0.05284775048494339 -0.01777385175228119 0.9529449343681335
v 0.014504647813737392 -0.018394216895103455 0.9715725183486938
v 0.08003135025501251 -0.017650218680500984 0.9383857250213623
v 0.14963555335998535 -0.018055232241749763 0.9400220513343811
v -0.14666415750980377 -0.016024963930249214 0.9300197958946228
v -0.07862122356891632 -0.01681734435260296 0.9295262098312378
v -0.013064916245639324 -0.017400262877345085 0.9651179313659668
v 0.05618448927998543 -0.017047464847564697 0.9859557747840881
v 0.12125292420387268 -0.01671205647289753 0.9319820404052734
v -0.19059421122074127 -0.017125343903899193 1.0190041065216064
v -0.10550224035978317 -0.015601204708218575 0.9294260740280151
v -0.04002111405134201 -0.01725662685930729 0.9896820783615112
v 0.029043791815638542 -0.016671419143676758 0.9632369875907898
v 0.09366884082555771 -0.016058670356869698 0.9304350018501282
v 0.17064419388771057 -0.018520250916481018 0.9621284604072571
v -0.1311718374490738 -0.014821219258010387 0.9251487851142883
v -0.06534583121538162 -0.015475070104002953 0.9415175318717957
v 0.001449623261578381 -0.016349388286471367 0.9797055125236511
v 0.06787670403718948 -0.01560902502387762 0.9511520862579346
v 0.13617455959320068 -0.015338490717113018 0.938865602016449
v -0.17267800867557526 -0.016111060976982117 1.0211435556411743
v -0.09114410728216171 -0.014463407918810844 0.9284589886665344
v -0.027257340028882027 -0.016186822205781937 0.9943775534629822
v 0.04432489350438118 -0.015584366396069527 0.9794190526008606
v 0.10785484313964844 -0.014595743268728256 0.9290765523910522
v 0.21745124459266663 -0.020438048988580704 1.1380398273468018
v -0.11771048605442047 -0.013469480909407139 0.9265463352203369
v -0.05183811113238335 -0.014362498186528683 0.9602238535881042
v 0.01596945710480213 -0.014692079275846481 0.9681668281555176
v 0.08146289736032486 -0.013964267447590828 0.9375420212745667
v 0.15159671008586884 -0.014448685571551323 0.9430195093154907
v -0.14530955255031586 -0.012578824535012245 0.931083619594574
v -0.077516570687294 -0.013298185542225838 0.9330582618713379
v -0.011669415049254894 -0.013924592174589634 0.966722309589386
v 0.05758005753159523 -0.013132496736943722 0.9859247803688049
v 0.12310957908630371 -0.013088650070130825 0.9352145195007324
v -0.18905009329319 -0.01305809523910284 1.0208231210708618
v -0.10435531288385391 -0.012013966217637062 0.931587815284729
v -0.03877716884016991 -0.013613794930279255 0.988189160823822
v 0.030486829578876495 -0.01291857473552227 0.9622625708580017
v 0.09522226452827454 -0.012418245896697044 0.9312275648117065
v 0.19198155403137207 -0.017175709828734398 1.1437629461288452
v -0.13008181750774384 -0.011266771703958511 0.9267586469650269
v -0.06420733779668808 -0.011925596743822098 0.9455136656761169
v 0.0026337855961173773 -0.01272318884730339 0.976683497428894
v 0.06912370026111603 -0.011925972066819668 0.9501396417617798
v 0.13781145215034485 -0.011800136417150497 0.9410361051559448
v -0.17083977162837982 -0.01181128341704607 1.0214873552322388
v -0.09000501781702042 -0.010888772085309029 0.9307541847229004
v -0.025909332558512688 -0.012358812615275383 0.9909499287605286
v 0.045937467366456985 -0.011936490423977375 0.9812631607055664
v 0.10949938744306564 -0.010989285074174404 0.9308546781539917
v 0.2201843559741974 -0.01574341021478176 1.1320691108703613
v -0.11669102311134338 -0.0098812784999609 0.9287412166595459
v -0.05068812519311905 -0.01046030968427658 0.9724613428115845
v 0.017466049641370773 -0.010825920850038528 0.9643173813819885
v 0.08295177668333054 -0.010241106152534485 0.9375305771827698
v 0.1535181850194931 -0.010921936482191086 0.945858895778656
v -0.14392220973968506 -0.00913143903017044 0.9322482943534851
v -0.07636627554893494 -0.009649252519011497 0.9364179372787476
v -0.010371292009949684 -0.010331902652978897 0.9685145616531372
v 0.058741990476846695 -0.009796070866286755 0.9842308163642883
v 0.12487282603979111 -0.009498639963567257 0.9386019110679626
v -0.18784454464912415 -0.009158611297607422 1.0226398706436157
v -0.10322719067335129 -0.008488303981721401 0.9335474371910095
v -0.037616752088069916 -0.009865731000900269 0.9871218800544739
v 0.03187831863760948 -0.009069434367120266 0.9616584777832031
v 0.09681905061006546 -0.008799153380095959 0.9324753284454346
v 0.19287484884262085 -0.012321896851062775 1.1408721208572388
v -0.1289827674627304 -0.007743705064058304 0.9284795522689819
v -0.06301547586917877 -0.008327317424118519 0.9491982460021973
v 0.0037569841369986534 -0.009321247227489948 0.9734467267990112
v 0.07047130912542343 -0.008193901740014553 0.9497693181037903
v 0.1393895298242569 -0.008288844488561153 0.942937433719635
v -0.1685604453086853 -0.007547521498054266 1.0218608379364014
v -0.088785320520401 -0.0073242103680968285 0.9331170320510864
v -0.024441232904791832 -0.008435731753706932 0.986232340335846
v 0.047552503645420074 -0.008151204325258732 0.9831624031066895
v 0.1111752912402153 -0.0074190255254507065 0.93299800157547
v 0.2110479325056076 -0.014763910323381424 1.0589983463287354
v -0.1156223937869072 -0.006326335482299328 0.9310289025306702
v -0.04959895461797714 -0.0067126997746527195 0.9797255992889404
v 0.01878105103969574 -0.006879318505525589 0.96140056848526
v 0.0845077708363533 -0.006563274655491114 0.9379203915596008
v 0.15545523166656494 -0.007422744762152433 0.9485626816749573
v -0.14255006611347198 -0.005725642200559378 0.9334067106246948
v -0.07521792501211166 -0.006051293574273586 0.939621090888977
v -0.009123564697802067 -0.00681051891297102 0.969464123249054
v 0.05965850502252579 -0.005638047121465206 0.9824109673500061
v 0.12663783133029938 -0.0059666866436600685 0.941858172416687
v -0.18645066022872925 -0.005264005158096552 1.0242246389389038
v -0.1020742878317833 -0.004987526684999466 0.9352987408638
v -0.03648161143064499 -0.006117876153439283 0.9857887625694275
v 0.0332806222140789 -0.005408191122114658 0.9614657759666443
v 0.0984504222869873 -0.00522919837385416 0.9341976642608643
v 0.18872986733913422 -0.008629648946225643 1.0694856643676758
v -0.1278524100780487 -0.004259154666215181 0.9303337335586548
v -0.06186745688319206 -0.004728413186967373 0.95323646068573
v 0.006223192438483238 -0.0047447048127651215 0.9600400924682617
v 0.07195831090211868 -0.00450241519138217 0.9500634074211121
v 0.14108437299728394 -0.004811613820493221 0.9449394941329956
v -0.16115090250968933 -0.00428055552765727 0.9599379897117615
v -0.08755232393741608 -0.003786129876971245 0.9355096817016602
v -0.022564928978681564 -0.004457751754671335 0.9794137477874756
v 0.049257781356573105 -0.0043264115229249 0.9852252006530762
v 0.112894706428051 -0.0039037824608385563 0.9355090260505676
v -0.2046481817960739 -0.0030451989732682705 1.0118069648742676
v -0.11449975520372391 -0.0028178102802485228 0.9333909153938293
v -0.04851763695478439 -0.0032131867483258247 0.9789339900016785
v 0.020066799595952034 -0.0030841233674436808 0.9594797492027283
v 0.08605848252773285 -0.003015881637111306 0.9391695261001587
v 0.1574607789516449 -0.003906605765223503 0.9513080716133118
v -0.14120794832706451 -0.0022638330701738596 0.9347023367881775
v -0.07405603677034378 -0.0024776628706604242 0.9427714943885803
v -0.007995002903044224 -0.003457531100139022 0.9691737294197083
v 0.06079616770148277 -0.001852407120168209 0.9820345640182495
v 0.12840300798416138 -0.0025414132978767157 0.9445171356201172
v -0.1852104216814041 -0.0014477354707196355 1.0256372690200806
v -0.1008724495768547 -0.0014954147627577186 0.9370223879814148
v -0.03513725474476814 -0.0024761122185736895 0.9830264449119568
v 0.0347030833363533 -0.0018564853817224503 0.9617019891738892
v 0.10012911260128021 -0.001752645941451192 0.9362606406211853
v 0.18862974643707275 -0.002786519005894661 1.0520745515823364
v -0.1266985684633255 -0.0007215657969936728 0.9321680665016174
v -0.060801099985837936 -0.0010911838617175817 0.9583622217178345
v 0.0074889701791107655 -0.000858163577504456 0.9557977914810181
v 0.07349971681833267 -0.0007884880760684609 0.9510746598243713
v 0.1429240107536316 -0.001339381793513894 0.9473885297775269
v -0.15951165556907654 -0.0005699902540072799 0.958672046661377
v -0.08632349967956543 -0.00022068725957069546 0.9379839301109314
v -0.020876336842775345 -0.0008882967522367835 0.9756079912185669
v 0.05081694945693016 -0.0006668331334367394 0.9879662990570068
v 0.11465591192245483 -0.0004628468013834208 0.9382110238075256
v -0.19997791945934296 0.0015096639981493354 1.0149024724960327
v -0.11335431784391403 0.0006573022110387683 0.9358079433441162
v -0.04730498418211937 0.00039167547947727144 0.9770898818969727
v 0.021444164216518402 0.0005250740214250982 0.9584550261497498
v 0.08768970519304276 0.0005125952884554863 0.9412747621536255
v 0.15996922552585602 -0.0003197015030309558 0.9546610116958618
v -0.13999800384044647 0.001286625862121582 0.9360811710357666
v -0.07288066297769547 0.0010850128019228578 0.9461270570755005
v -0.00561926793307066 0.0008491640328429639 0.9590560793876648
v 0.06276057660579681 0.002026498084887862 0.9841986298561096
v 0.13022156059741974 0.0008476996445097029 0.9472252130508423
v -0.1842179298400879 0.0024681894574314356 1.026546597480774
v -0.09959632158279419 0.001988993026316166 0.9388459324836731
v -0.03348680958151817 0.0012936934363096952 0.9774678945541382
v 0.03613438457250595 0.0016446426743641496 0.9625622630119324
v 0.10181549191474915 0.0016601327806711197 0.9386211633682251
v 0.19100172817707062 0.0011707295197993517 1.0487868785858154
v -0.12552349269390106 0.0027865394949913025 0.9340744018554688
v -0.05984100326895714 0.0025736261159181595 0.9649204611778259
v 0.00870689656585455 0.0027143473271280527 0.9540076851844788
v 0.07510214298963547 0.002920361002907157 0.9524580836296082
v 0.1448541134595871 0.0021195863373577595 0.9500388503074646
v -0.15763559937477112 0.003428623778745532 0.9571582078933716
v -0.08507111668586731 0.0033327124547213316 0.9406115412712097
v -0.019444169476628304 0.002617603400722146 0.9709835052490234
v 0.052588000893592834 0.002874971367418766 0.9913263916969299
v 0.11642489582300186 0.002990817418321967 0.9410786628723145
v -0.19811463356018066 0.005221270024776459 1.0157806873321533
v -0.11220068484544754 0.004173003137111664 0.9384106397628784
v -0.04615889489650726 0.003991521894931793 0.9749388098716736
v 0.02287973091006279 0.0040051694959402084 0.9583706259727478
v 0.08928146958351135 0.004014918580651283 0.9433981776237488
v 0.1622765064239502 0.003351375926285982 0.9579647183418274
v -0.13877657055854797 0.004861017689108849 0.9375128149986267
v -0.0716881975531578 0.004606463480740786 0.9500309824943542
v -0.00410690950229764 0.004574628546833992 0.9549633860588074
v 0.06946040689945221 0.0037989031989127398 1.03507399559021
v 0.1320561170578003 0.0043068211525678635 0.9501676559448242
v -0.18212400376796722 0.006399973761290312 1.0251331329345703
v -0.09824494272470474 0.005439101252704859 0.9407673478126526
v -0.03178803250193596 0.005334897898137569 0.9684951901435852
v 0.037667885422706604 0.0051271431148052216 0.9640875458717346
v 0.10350316017866135 0.0051377639174461365 0.941186249256134
v 0.19282746315002441 0.005193134304136038 1.0460410118103027
v -0.12431390583515167 0.006282081827521324 0.9360384941101074
v -0.0589006245136261 0.006340027321130037 0.9731350541114807
v 0.010002977214753628 0.006111534778028727 0.953112006187439
v 0.07669835537672043 0.006565026007592678 0.9541849493980408
v 0.14676302671432495 0.005616946145892143 0.9524545073509216
v -0.15585164725780487 0.007194471545517445 0.9567020535469055
v -0.08381307870149612 0.006875924300402403 0.9434112310409546
v -0.017953969538211823 0.006433598697185516 0.9650738835334778
v 0.05444694682955742 0.0066479831002652645 0.9942998290061951
v 0.11820321530103683 0.006461947225034237 0.943800151348114
v -0.19639380276203156 0.008688701316714287 1.0175354480743408
v -0.11103156954050064 0.007714574690908194 0.9413100481033325
v -0.04471630975604057 0.007702505216002464 0.9703127145767212
v 0.02435215190052986 0.007515103090554476 0.9590635299682617
v 0.09088791161775589 0.007529125548899174 0.9455500841140747
v 0.16461318731307983 0.007239148952066898 0.9614192843437195
v -0.13753917813301086 0.008447161875665188 0.9389904141426086
v -0.07047729194164276 0.008184356614947319 0.954399049282074
v -0.002724046353250742 0.008030037395656109 0.9529739618301392
v 0.07155288010835648 0.00813042838126421 1.0456024408340454
v 0.13391806185245514 0.00787611398845911 0.952795147895813
v -0.18036092817783356 0.009982945397496223 1.025174856185913
v -0.09688036888837814 0.008938528597354889 0.9427696466445923
v -0.03035295382142067 0.009023575112223625 0.9636905193328857
v 0.03926093876361847 0.008703473024070263 0.966067373752594
v 0.10519835352897644 0.008635471574962139 0.9437143206596375
v 0.19463129341602325 0.009229755960404873 1.0438175201416016
v -0.12307403981685638 0.009733886457979679 0.9380228519439697
v -0.05794066563248634 0.009898001328110695 0.9813165068626404
v 0.01135593093931675 0.009537097066640854 0.9529356360435486
v 0.07830704748630524 0.010203856974840164 0.9560576677322388
v 0.1487143486738205 0.009270315989851952 0.9550274014472961
v -0.1544344425201416 0.010817625559866428 0.9572487473487854
v -0.08261741697788239 0.010440180078148842 0.9463564157485962
v -0.016104092821478844 0.010134954936802387 0.958807110786438
v 0.05625827983021736 0.010708251968026161 0.9978246688842773
v 0.11994768679141998 0.009978941641747952 0.9461897015571594
v -0.19507402181625366 0.012302474118769169 1.0195411443710327
v -0.10985805094242096 0.011127006262540817 0.9443488121032715
v -0.043103475123643875 0.011348520405590534 0.9661755561828613
v 0.02584112621843815 0.011066025123000145 0.9603402614593506
v 0.09252417832612991 0.01107484195381403 0.9480385184288025
v 0.16696618497371674 0.010984127409756184 0.9656206965446472
v -0.13631165027618408 0.012028663419187069 0.9405460357666016
v -0.06930206716060638 0.011870640330016613 0.9594550132751465
v -0.001293276553042233 0.011577725410461426 0.9519023895263672
v 0.07374690473079681 0.012265101075172424 1.049476981163025
v 0.135728120803833 0.011511356569826603 0.9552774429321289
v -0.1788516491651535 0.013230728916823864 1.0254733562469482
v -0.09557360410690308 0.012529376894235611 0.9449890851974487
v -0.028953125700354576 0.01258358545601368 0.9607571959495544
v 0.040839795023202896 0.01239209808409214 0.9683376550674438
v 0.10686713457107544 0.012145442888140678 0.9459340572357178
v 0.19638454914093018 0.012970134615898132 1.0420901775360107
v -0.12182463705539703 0.013265521265566349 0.9401890635490417
v -0.05706636980175972 0.01357771921902895 0.985100269317627
v 0.012701560743153095 0.013046516105532646 0.953514039516449
v 0.07990770787000656 0.013780630193650723 0.9578828811645508
v 0.1507277488708496 0.012939516454935074 0.9579383134841919
v -0.15317071974277496 0.0145819541066885 0.9585898518562317
v -0.08143512159585953 0.01409720629453659 0.9495872259140015
v -0.014420557767152786 0.013613475486636162 0.9555033445358276
v 0.059540797024965286 0.01428630854934454 1.0374306440353394
v 0.12163619697093964 0.013527142815291882 0.9483562111854553
v -0.1939743310213089 0.01593586802482605 1.0221083164215088
v -0.10874412953853607 0.014678253792226315 0.9477239847183228
v -0.041805509477853775 0.014916221611201763 0.9642564654350281
v 0.02735055424273014 0.014723765663802624 0.9619537591934204
v 0.09416811913251877 0.01467084139585495 0.9504937529563904
v 0.16938334703445435 0.014887358993291855 0.9706112742424011
v -0.13504306972026825 0.015669533982872963 0.9422341585159302
v -0.06817903369665146 0.015752211213111877 0.9659090638160706
v 0.00011645749327726662 0.015152329578995705 0.9516249895095825
v 0.07618625462055206 0.01612384244799614 1.0532554388046265
v 0.13755695521831512 0.01516580581665039 0.9577987790107727
v -0.1767469346523285 0.016431257128715515 1.0232065916061401
v -0.09437645226716995 0.01628340408205986 0.9475375413894653
v -0.027522454038262367 0.016134558245539665 0.9586033225059509
v 0.04244581609964371 0.01615489460527897 0.9706923961639404
v 0.10853668302297592 0.01571568101644516 0.9483374953269958
v 0.19834622740745544 0.01645558513700962 1.040640950202942
v -0.12067817151546478 0.016963422298431396 0.9425643086433411
v -0.055966150015592575 0.017349056899547577 0.9885138273239136
v 0.014110364951193333 0.016649654135107994 0.9548639059066772
v 0.08147186040878296 0.017378371208906174 0.9597492218017578
v 0.15276344120502472 0.01660659722983837 0.9607369899749756
v -0.1517806202173233 0.0184551440179348 0.9603025317192078
v -0.08032479137182236 0.017885491251945496 0.9533784985542297
v -0.01292817946523428 0.017185598611831665 0.9536854028701782
v 0.06146993860602379 0.018135951831936836 1.0427055358886719
v 0.12337719649076462 0.017091814428567886 0.9506282210350037
v -0.19275525212287903 0.019373882561922073 1.0249969959259033
v -0.10764848440885544 0.018374480307102203 0.9518336057662964
v -0.04052535444498062 0.0185712743550539 0.9632691740989685
v 0.028874428942799568 0.01841035857796669 0.9639041423797607
v 0.09578007459640503 0.01826370321214199 0.9528093338012695
v 0.17201891541481018 0.018517112359404564 0.9762671589851379
v -0.13388080894947052 0.019347118213772774 0.9440721869468689
v -0.06700223684310913 0.019633570685982704 0.9737243056297302
v 0.0015112673863768578 0.01873883232474327 0.9520784020423889
v 0.07866857945919037 0.020299801602959633 1.0577486753463745
v 0.1394563913345337 0.018805181607604027 0.9604367613792419
v -0.1733679473400116 0.02031731978058815 1.0172760486602783
v -0.09325653314590454 0.02018744871020317 0.9506325721740723
v -0.026120921596884727 0.0197307001799345 0.9573153257369995
v 0.04400010034441948 0.01993725076317787 0.97303706407547
v 0.11017803847789764 0.01927923783659935 0.9505559206008911
v 0.19888533651828766 0.020519860088825226 1.0349693298339844
v -0.11963716894388199 0.020705481991171837 0.945225179195404
v -0.05475660786032677 0.021118374541401863 0.9925197958946228
v 0.015494232065975666 0.020282339304685593 0.9567524194717407
v 0.08301862329244614 0.020935339853167534 0.9618171453475952
v 0.1548231840133667 0.020305346697568893 0.9634538292884827
v -0.150498166680336 0.02193978987634182 0.9629180431365967
v -0.07934931665658951 0.021958811208605766 0.9580797553062439
v -0.011446080170571804 0.020830504596233368 0.9530158638954163
v 0.0632687658071518 0.022502528503537178 1.0454939603805542
v 0.12516215443611145 0.020607508718967438 0.9530304074287415
v -0.1888533979654312 0.023072119802236557 1.018045425415039
v -0.10660462081432343 0.022217625752091408 0.956398606300354
v -0.03920609503984451 0.022250913083553314 0.9631459712982178
v 0.03038138337433338 0.022145135328173637 0.9661878347396851
v 0.0973784327507019 0.02181621827185154 0.9550009369850159
v 0.17446459829807281 0.021888967603445053 0.9816738963127136
v -0.13281641900539398 0.023053284734487534 0.9461517930030823
v -0.07020441442728043 0.02372971922159195 1.0386146306991577
v 0.0028850287199020386 0.022301334887742996 0.9531954526901245
v 0.07994486391544342 0.02434510737657547 1.0564887523651123
v 0.14138177037239075 0.022405102849006653 0.9630852341651917
v -0.17170636355876923 0.024067675694823265 1.015259861946106
v -0.09212863445281982 0.024377603083848953 0.9546635150909424
v -0.024685848504304886 0.023304307833313942 0.9567591547966003
v 0.04560985043644905 0.023664668202400208 0.97563236951828
v 0.11178586632013321 0.02283157780766487 0.9527101516723633
v 0.20151224732398987 0.024602824822068214 1.0364980697631836
v -0.11871317774057388 0.024660062044858932 0.9493798017501831
v -0.05357706919312477 0.024984991177916527 0.9958493709564209
v 0.016936546191573143 0.023942602798342705 0.9590314626693726
v 0.08457031846046448 0.02446172572672367 0.9639714360237122
v 0.1568489521741867 0.023997990414500237 0.9660654664039612
v -0.14902843534946442 0.025463368743658066 0.9669221639633179
v -0.07847295701503754 0.026271017268300056 0.9650792479515076
v -0.01000629086047411 0.02443603426218033 0.9533704519271851
v 0.0649123340845108 0.02636576257646084 1.0475717782974243
v 0.12690788507461548 0.024157380685210228 0.9554435610771179
v -0.1860329657793045 0.026732759550213814 1.0127638578414917
v -0.10568929463624954 0.026215150952339172 0.962614893913269
v -0.03783811256289482 0.0258626751601696 0.9637908935546875
v 0.03194644674658775 0.025949819013476372 0.9688344597816467
v 0.09894412010908127 0.025349663570523262 0.957195520401001
v 0.1838376522064209 0.02756788209080696 1.0396617650985718
v -0.13184711337089539 0.02708137221634388 0.9489392638206482
v -0.06921304762363434 0.027775689959526062 1.04224693775177
v 0.004253231454640627 0.02586558274924755 0.9549500942230225
v 0.0726914033293724 0.027439698576927185 0.9917721152305603
v 0.1433463841676712 0.026040736585855484 0.9658002853393555
v -0.1701909452676773 0.0278096254914999 1.0146982669830322
v -0.09109252691268921 0.028729664161801338 0.9605406522750854
v -0.023272955790162086 0.02678760513663292 0.9568065404891968
v 0.0471157543361187 0.02732515148818493 0.9784414768218994
v 0.1134028360247612 0.026416543871164322 0.9549039602279663
v 0.20460695028305054 0.028302671387791634 1.0376096963882446
v -0.1182340458035469 0.028744325041770935 0.9564792513847351
v -0.05219074338674545 0.028761694207787514 0.9991666674613953
v 0.018456410616636276 0.02757646143436432 0.9615104794502258
v 0.08615677058696747 0.02798943780362606 0.9660990238189697
v 0.15880224108695984 0.02765386737883091 0.9683404564857483
v -0.1549232453107834 0.02992965467274189 1.0169965028762817
v -0.07721830904483795 0.030505122616887093 0.9760733246803284
v -0.008603471331298351 0.028039475902915 0.9545133113861084
v 0.06666217744350433 0.030280735343694687 1.049023151397705
v 0.12869460880756378 0.027739455923438072 0.9582582116127014
v -0.18435882031917572 0.029884355142712593 1.0117318630218506
v -0.10518866777420044 0.03046012483537197 0.9749711751937866
v -0.03648834675550461 0.029438745230436325 0.9650446176528931
v 0.03353097662329674 0.02967120334506035 0.9716023802757263
v 0.10054677724838257 0.028884071856737137 0.9593347311019897
v 0.1865774542093277 0.03131633251905441 1.0419150590896606
v -0.13124503195285797 0.03177601471543312 0.953336238861084
v -0.06774436682462692 0.031756721436977386 1.043779969215393
v 0.0056451959535479546 0.029479095712304115 0.9572030305862427
v 0.07449141889810562 0.031081516295671463 0.9927428364753723
v 0.1452322006225586 0.029730679467320442 0.9684171676635742
v -0.1683056503534317 0.03153710812330246 1.0130109786987305
v -0.08976393193006516 0.03287960961461067 0.9703001379966736
v -0.021815823391079903 0.030353190377354622 0.9576174020767212
v 0.0486600287258625 0.0310637429356575 0.9815066456794739
v 0.11509010195732117 0.029990501701831818 0.9572046399116516
v -0.20388881862163544 0.0325639471411705 1.0064512491226196
v -0.11830366402864456 0.03277339041233063 0.969876229763031
v -0.05086846649646759 0.03219267725944519 1.001349925994873
v 0.02000962570309639 0.031236600130796432 0.963995099067688
v 0.08777544647455215 0.031559694558382034 0.9683265089988708
v 0.1608499437570572 0.03131897374987602 0.971346914768219
v -0.153803750872612 0.03386491909623146 1.0153875350952148
v -0.08279888331890106 0.03407224267721176 1.0507094860076904
v -0.007236305624246597 0.031674232333898544 0.9562946557998657
v 0.06816090643405914 0.034044865518808365 1.0504143238067627
v 0.13065557181835175 0.031394291669130325 0.9617370367050171
v -0.18206022679805756 0.033561788499355316 1.0096104145050049
v -0.11033317446708679 0.03405874967575073 1.0309138298034668
v -0.03520916402339935 0.03307802230119705 0.9666496515274048
v 0.03508320823311806 0.03325829282402992 0.9744127988815308
v 0.10218933969736099 0.03240085393190384 0.9614923596382141
v 0.18885163962841034 0.03504764661192894 1.0420945882797241
v -0.13115303218364716 0.036836542189121246 0.9613732099533081
v -0.06631048023700714 0.03574220836162567 1.0450667142868042
v 0.007049862295389175 0.033179040998220444 0.9596588015556335
v 0.07604949176311493 0.0347883515059948 0.9934585094451904
v 0.1469980776309967 0.03341929242014885 0.9710035920143127
v -0.16666552424430847 0.035713668912649155 1.0146070718765259
v -0.09549807757139206 0.035702016204595566 1.0431177616119385
v -0.020359786227345467 0.033994853496551514 0.9591981768608093
v 0.05019478499889374 0.034793030470609665 0.9849675297737122
v 0.11682338267564774 0.033644162118434906 0.9596986174583435
v -0.1974238008260727 0.036341987550258636 1.0028427839279175
v -0.12409424036741257 0.03656236082315445 1.0291259288787842
v -0.051313117146492004 0.03698377683758736 1.0526231527328491
v 0.021569909527897835 0.03493885323405266 0.9664210677146912
v 0.0894370749592781 0.035124488174915314 0.9707916975021362
v 0.16285735368728638 0.035060420632362366 0.9749155044555664
v -0.153342604637146 0.03835054114460945 1.0230591297149658
v -0.08115249127149582 0.038685403764247894 1.0510703325271606
v -0.00583374360576272 0.03540980443358421 0.9584386944770813
v 0.06966342031955719 0.03783136233687401 1.0514647960662842
v 0.1325889527797699 0.03518211841583252 0.9652206301689148
v -0.18022052943706512 0.03750164061784744 1.0113023519515991
v -0.10861685872077942 0.03839915245771408 1.0318622589111328
v -0.03395729884505272 0.03672141954302788 0.9686684012413025
v 0.036649249494075775 0.036905135959386826 0.9775203466415405
v 0.10385829955339432 0.03605598211288452 0.9637211561203003
v 0.19090932607650757 0.038799263536930084 1.0414645671844482
v -0.13225319981575012 0.041502684354782104 0.9857507944107056
v -0.06483262777328491 0.03975337743759155 1.0461146831512451
v 0.008487689308822155 0.03696063160896301 0.9621030688285828
v 0.07758739590644836 0.03812526538968086 0.9945855736732483
v 0.14880774915218353 0.03724350407719612 0.9735669493675232
v -0.1682705581188202 0.041455961763858795 1.035914659500122
v -0.09375869482755661 0.04011405259370804 1.0426877737045288
v -0.01891430839896202 0.03770334646105766 0.9611333012580872
v 0.05163772031664848 0.038590822368860245 0.9885609745979309
v 0.11856582015752792 0.03742770850658417 0.9624091386795044
v -0.1954628825187683 0.04041406512260437 1.0046114921569824
v -0.12399397790431976 0.04170003533363342 1.0344504117965698
v -0.04966678097844124 0.04073573276400566 1.0538066625595093
v 0.023172056302428246 0.03866659104824066 0.9688693284988403
v 0.09115912765264511 0.03881637006998062 0.9732850790023804
v 0.16496500372886658 0.03883212432265282 0.9784057140350342
v -0.1547117829322815 0.04307546839118004 1.043778657913208
v -0.07928746193647385 0.04255647957324982 1.0491387844085693
v -0.0044541750103235245 0.039208926260471344 0.9607104659080505
v 0.07105257362127304 0.04191459342837334 1.052343726158142
v 0.13455407321453094 0.03905448317527771 0.9684833884239197
v -0.1825639009475708 0.04337993636727333 1.034834623336792
v -0.10765371471643448 0.04300449416041374 1.0349953174591064
v -0.03273482620716095 0.040468133985996246 0.9709723591804504
v 0.038197923451662064 0.04066430404782295 0.9809272289276123
v 0.1055833250284195 0.03979119285941124 0.966089129447937
v 0.1928369551897049 0.04256571829319 1.0406936407089233
v -0.14059396088123322 0.043792594224214554 1.0540575981140137
v -0.06330833584070206 0.04369371756911278 1.0469120740890503
v 0.009935335256159306 0.04080662503838539 0.9645864367485046
v 0.07938431948423386 0.04174213111400604 0.9964575171470642
v 0.15069058537483215 0.04109090566635132 0.9762128591537476
v -0.16676311194896698 0.045212071388959885 1.0379445552825928
v -0.0920812338590622 0.04460902139544487 1.0431480407714844
v -0.017485102638602257 0.04149201884865761 0.9633746147155762
v 0.053365036845207214 0.04227695241570473 0.992486298084259
v 0.12040716409683228 0.041285622864961624 0.9653148055076599
v -0.19430433213710785 0.04431053623557091 1.0118317604064941
v -0.12428422272205353 0.04672546684741974 1.0588433742523193
v -0.04813177511096001 0.044706057757139206 1.053662657737732
v 0.024715593084692955 0.0424596332013607 0.9716512560844421
v 0.09288906306028366 0.04255729168653488 0.9758571982383728
v 0.16714273393154144 0.042699575424194336 0.9817010760307312
v -0.15375784039497375 0.04752148315310478 1.0503567457199097
v -0.07754526287317276 0.04628784954547882 1.0471988916397095
v -0.003036609385162592 0.043073441833257675 0.9632080793380737
v 0.07269147038459778 0.04613250121474266 1.0550568103790283
v 0.13646091520786285 0.0429898239672184 0.9717217683792114
v -0.18056148290634155 0.046858515590429306 1.035017967224121
v -0.10749252140522003 0.048320937901735306 1.0533208847045898
v -0.031414274126291275 0.04429083317518234 0.9735255241394043
v 0.03976166620850563 0.04445991665124893 0.9843655228614807
v 0.10737903416156769 0.04359545558691025 0.968634843826294
v 0.19470402598381042 0.04647892713546753 1.0393377542495728
v -0.14236430823802948 0.04908870533108711 1.083872675895691
v -0.061712220311164856 0.04770278558135033 1.0475523471832275
v 0.011395061388611794 0.04462246596813202 0.9674047827720642
v 0.08151901513338089 0.045724812895059586 0.9988447427749634
v 0.1526046097278595 0.04498109593987465 0.9789901375770569
v -0.16420941054821014 0.04837912693619728 1.0360157489776611
v -0.09115882217884064 0.049171797931194305 1.0467755794525146
v -0.01604236103594303 0.045377254486083984 0.9660012722015381
v 0.05504986643791199 0.04607314243912697 0.9965073466300964
v 0.12226209789514542 0.045147188007831573 0.9683766961097717
v -0.19310152530670166 0.048402223736047745 1.016653299331665
v -0.12270750105381012 0.05119328200817108 1.0604530572891235
v -0.046389736235141754 0.049062713980674744 1.0539005994796753
v 0.026210008189082146 0.04629229009151459 0.974615216255188
v 0.09461813420057297 0.046382978558540344 0.978333055973053
v 0.16951942443847656 0.04653891921043396 0.9851418137550354
v -0.15162573754787445 0.051219530403614044 1.0516393184661865
v -0.0759061798453331 0.05030718073248863 1.0473673343658447
v -0.0015869649359956384 0.04690155014395714 0.9659423232078552
v 0.07428348064422607 0.05008883774280548 1.05684494972229
v 0.1383492797613144 0.04688044637441635 0.9748067259788513
v -0.1781613677740097 0.049997907131910324 1.033179759979248
v -0.10579220950603485 0.05181162804365158 1.049600601196289
v -0.030010847374796867 0.048222433775663376 0.9765349626541138
v 0.041354577988386154 0.048315271735191345 0.9880102276802063
v 0.10916836559772491 0.04740076884627342 0.9713382124900818
v 0.196443110704422 0.05030651390552521 1.0376803874969482
v -0.14096491038799286 0.05380328372120857 1.0847846269607544
v -0.06010172888636589 0.05186445266008377 1.0481951236724854
v 0.012881239876151085 0.04838419333100319 0.9704579710960388
v 0.08362138271331787 0.049777206033468246 1.0017404556274414
v 0.15443038940429688 0.048771608620882034 0.9816784262657166
v -0.1615518182516098 0.05170883610844612 1.0316814184188843
v -0.08981144428253174 0.05299634113907814 1.048122525215149
v -0.01461756881326437 0.049289535731077194 0.9688432216644287
v 0.056911151856184006 0.050122760236263275 1.0004782676696777
v 0.12414740025997162 0.04903477057814598 0.9714757204055786
v -0.1916416436433792 0.05241524428129196 1.0246943235397339
v -0.12045417726039886 0.054100215435028076 1.0515732765197754
v -0.044886913150548935 0.05356612801551819 1.0544313192367554
v 0.027668431401252747 0.05008724704384804 0.9777749180793762
v 0.09639283269643784 0.05019913986325264 0.9808777570724487
v 0.1717461347579956 0.05054265260696411 0.988414466381073
v -0.14971435070037842 0.05464644357562065 1.0519602298736572
v -0.07472831010818481 0.055161479860544205 1.0551602840423584
v -0.00013403747288975865 0.05065610259771347 0.968810498714447
v 0.07569070160388947 0.05399903282523155 1.0575881004333496
v 0.14025349915027618 0.05071933940052986 0.9780305027961731
v -0.1760169118642807 0.0533335916697979 1.0307024717330933
v -0.1039176806807518 0.055713970214128494 1.0478951930999756
v -0.02860758639872074 0.05226195603609085 0.9798856973648071
v 0.04298372194170952 0.052164603024721146 0.9915449023246765
v 0.11100395768880844 0.05121752247214317 0.9742105007171631
v 0.19772090017795563 0.054003436118364334 1.035510778427124
v -0.13926415145397186 0.057103339582681656 1.0776793956756592
v -0.058610785752534866 0.05627640336751938 1.0486721992492676
v 0.014369050972163677 0.05214598774909973 0.9737016558647156
v 0.09079349040985107 0.054837435483932495 1.0547845363616943
v 0.15633979439735413 0.05259697511792183 0.9841397404670715
v -0.1591540277004242 0.0555514432489872 1.0277063846588135
v -0.08808068931102753 0.056813061237335205 1.046467900276184
v -0.013226348906755447 0.05311790481209755 0.971751868724823
v 0.058871980756521225 0.05429857596755028 1.004934549331665
v 0.12603344023227692 0.05283074453473091 0.9745344519615173
v -0.1896602362394333 0.055974967777729034 1.0233014822006226
v -0.1173844262957573 0.05814599618315697 1.0448424816131592
v -0.043540243059396744 0.05791845545172691 1.054713249206543
v 0.029169416055083275 0.05384044721722603 0.9809632301330566
v 0.0982571393251419 0.05401179939508438 0.9835152626037598
v 0.17414432764053345 0.05458838492631912 0.9920620322227478
v -0.1480463296175003 0.05846632272005081 1.0518044233322144
v -0.0800524353981018 0.060734547674655914 1.1189956665039062
v 0.0012893208768218756 0.05436716228723526 0.9717378616333008
v 0.07712316513061523 0.0579475536942482 1.0576586723327637
v 0.14215146005153656 0.05457974225282669 0.981228768825531
v -0.17260287702083588 0.05706144869327545 1.024056315422058
v -0.10221749544143677 0.059621989727020264 1.047114372253418
v -0.027211958542466164 0.056341852992773056 0.9834223389625549
v 0.04458889365196228 0.056028448045253754 0.9948818683624268
v 0.11286202818155289 0.05507831275463104 0.9771212339401245
v 0.1992487907409668 0.05777425318956375 1.0334762334823608
v -0.13617916405200958 0.060230743139982224 1.0674113035202026
v -0.05732794106006622 0.06080741435289383 1.0492256879806519
v 0.015857702121138573 0.05589611455798149 0.9769488573074341
v 0.0925474688410759 0.058911338448524475 1.0549675226211548
v 0.15829016268253326 0.05640913173556328 0.9866371154785156
v -0.15714451670646667 0.05938286706805229 1.0258586406707764
v -0.0862358808517456 0.06068705767393112 1.0442991256713867
v -0.011835695244371891 0.05688174068927765 0.9748057723045349
v 0.060978036373853683 0.05848107114434242 1.0104947090148926
v 0.12792052328586578 0.05669473856687546 0.9774779081344604
v -0.18764188885688782 0.05943877249956131 1.0218772888183594
v -0.11563260108232498 0.06180991977453232 1.0443449020385742
v -0.04164637625217438 0.06213610619306564 1.0553358793258667
v 0.030646566301584244 0.05765104666352272 0.9842895865440369
v 0.10012808442115784 0.057846635580062866 0.9862914085388184
v 0.17700694501399994 0.05840661749243736 0.9966205358505249
v -0.14609763026237488 0.062314197421073914 1.0501463413238525
v -0.07800828665494919 0.06690113991498947 1.1213792562484741
v 0.0027093999087810516 0.05808049067854881 0.9747138619422913
v 0.078619085252285 0.06193329021334648 1.05657160282135
v 0.14400024712085724 0.05843782424926758 0.984036386013031
v -0.16985827684402466 0.06076253205537796 1.018516182899475
v -0.10057676583528519 0.06354773789644241 1.0465970039367676
v -0.02591363899409771 0.060174569487571716 0.9874475002288818
v 0.04621754214167595 0.059932637959718704 0.9980873465538025
v 0.11473385244607925 0.05903198570013046 0.9799167513847351
v 0.2013593465089798 0.06192973256111145 1.0326359272003174
v -0.1306692212820053 0.06403842568397522 1.0457957983016968
v -0.05602008104324341 0.06541221588850021 1.0493608713150024
v 0.017344510182738304 0.05966511741280556 0.9801127910614014
v 0.09434577077627182 0.06310421228408813 1.0545557737350464
v 0.1603386104106903 0.0602564699947834 0.9891543984413147
v -0.15530917048454285 0.06318480521440506 1.0247890949249268
v -0.08428114652633667 0.06480542570352554 1.0427045822143555
v -0.010465503670275211 0.060650430619716644 0.9779478907585144
v 0.0628897026181221 0.0629245936870575 1.017927885055542
v 0.12983523309230804 0.060555651783943176 0.9802500605583191
v -0.18581487238407135 0.06288954615592957 1.0201038122177124
v -0.11400483548641205 0.06560704112052917 1.0441430807113647
v -0.04204447567462921 0.06724385917186737 1.096790075302124
v 0.03217850252985954 0.0614631287753582 0.9877320528030396
v 0.10201842337846756 0.061833202838897705 0.9891350865364075
v 0.17983917891979218 0.06258265674114227 1.0035295486450195
v -0.14401793479919434 0.06613705307245255 1.0477663278579712
v -0.07611771672964096 0.07119892537593842 1.117375373840332
v 0.004203088581562042 0.0618007518351078 0.9777795076370239
v 0.08011918514966965 0.06579084694385529 1.0551775693893433
v 0.145887091755867 0.06232980638742447 0.9867269992828369
v -0.1678837686777115 0.06449834257364273 1.015591025352478
v -0.09892508387565613 0.06738901883363724 1.0463207960128784
v -0.024480264633893967 0.06404732167720795 0.9913457036018372
v 0.04788960516452789 0.06386050581932068 1.001224160194397
v 0.116646409034729 0.06292487680912018 0.9827353954315186
v 0.20483523607254028 0.06640499085187912 1.0346226692199707
v -0.1284748613834381 0.06777041405439377 1.0427873134613037
v -0.0544506311416626 0.07064331322908401 1.0490803718566895
v 0.01889304257929325 0.0634414330124855 0.9829724431037903
v 0.09607192128896713 0.06707940250635147 1.05378258228302
v 0.16238074004650116 0.06405194848775864 0.9919745326042175
v -0.15359707176685333 0.06696341186761856 1.0241286754608154
v -0.08223313093185425 0.0686621442437172 1.0412837266921997
v -0.009114595130085945 0.0644041895866394 0.981189489364624
v 0.06481152772903442 0.06768723577260971 1.026431918144226
v 0.1318676471710205 0.06445274502038956 0.9829208254814148
v -0.18297789990901947 0.06665921956300735 1.0143589973449707
v -0.11239808797836304 0.06948140263557434 1.044255018234253
v -0.0429358035326004 0.072271928191185 1.149728536605835
v 0.033709023147821426 0.0653252974152565 0.9914575219154358
v 0.1038476824760437 0.06586916744709015 0.9922071099281311
v 0.1883436143398285 0.06923256814479828 1.0479443073272705
v -0.14211241900920868 0.07004069536924362 1.046870470046997
v -0.07426144182682037 0.07474125176668167 1.115807056427002
v 0.005713295191526413 0.06562097370624542 0.980986475944519
v 0.08163556456565857 0.0695444643497467 1.0539066791534424
v 0.14783400297164917 0.06624414771795273 0.9896126985549927
v -0.1661067008972168 0.06816495954990387 1.014059066772461
v -0.09725762158632278 0.07118935137987137 1.0461610555648804
v -0.023101208731532097 0.06787456572055817 0.9950705766677856
v 0.04958251491189003 0.06786568462848663 1.0043283700942993
v 0.11857876926660538 0.06685015559196472 0.985548734664917
v -0.20235200226306915 0.06988892704248428 1.0177783966064453
v -0.12655770778656006 0.07168225944042206 1.042372703552246
v -0.055792976170778275 0.07682795822620392 1.1172717809677124
v 0.02044748328626156 0.067270927131176 0.9857603907585144
v 0.09816192090511322 0.07117550820112228 1.0538051128387451
v 0.16471506655216217 0.0680636391043663 0.99556964635849
v -0.15198904275894165 0.07069718837738037 1.024003267288208
v -0.0803418755531311 0.07233233749866486 1.0404000282287598
v -0.007756861858069897 0.06825394183397293 0.984510064125061
v 0.06698892265558243 0.07203515619039536 1.0339791774749756
v 0.13382449746131897 0.06836589425802231 0.9855794906616211
v -0.1805429756641388 0.07023739814758301 1.0108615159988403
v -0.11082170158624649 0.0734071359038353 1.0445544719696045
v -0.04047277942299843 0.0781816765666008 1.1447858810424805
v 0.035391613841056824 0.06934598088264465 0.9953417181968689
v 0.10558398813009262 0.07000187039375305 0.9953989386558533
v 0.1904315948486328 0.07322023063898087 1.049425721168518
v -0.1406591683626175 0.07387875765562057 1.0467333793640137
v -0.07221474498510361 0.0787770226597786 1.1166242361068726
v 0.007204136345535517 0.06952459365129471 0.9841912984848022
v 0.08329416066408157 0.07351039350032806 1.053229808807373
v 0.15005509555339813 0.07024311274290085 0.9927251935005188
v -0.16443228721618652 0.07189034670591354 1.0133298635482788
v -0.09561408311128616 0.07496269792318344 1.045696496963501
v -0.021762879565358162 0.0717829018831253 0.9991540312767029
v 0.05127580836415291 0.07196435332298279 1.0074962377548218
v 0.12046859413385391 0.07086790353059769 0.9882152676582336
v -0.19751635193824768 0.07335322350263596 1.013650894165039
v -0.12504205107688904 0.07562322914600372 1.0428352355957031
v -0.05411266162991524 0.08129233121871948 1.1278669834136963
v 0.021994762122631073 0.07120367884635925 0.9885262250900269
v 0.10254213213920593 0.07583672553300858 1.0803608894348145
v 0.167449951171875 0.0720941349864006 1.0001561641693115
v -0.1505306214094162 0.0744885727763176 1.0243754386901855
v -0.0781136304140091 0.07614787667989731 1.0392735004425049
v -0.0063613238744437695 0.07218347489833832 0.9879056215286255
v 0.06991083920001984 0.07785680890083313 1.0640887022018433
v 0.13578900694847107 0.0723613053560257 0.9882451295852661
v -0.17865344882011414 0.07397987693548203 1.009340524673462
v -0.10936624556779861 0.07738950103521347 1.04506254196167
v -0.03871925547719002 0.08267095685005188 1.1415629386901855
v 0.037135858088731766 0.0735255554318428 0.9992823600769043
v 0.10733407735824585 0.07428722083568573 0.9986075162887573
v 0.1924634426832199 0.07709337025880814 1.049993634223938
v -0.13941772282123566 0.07786348462104797 1.0471315383911133
v -0.07068470120429993 0.0831611379981041 1.119145393371582
v 0.008715434931218624 0.07355798035860062 0.9871859550476074
v 0.0862182155251503 0.08014527708292007 1.067862868309021
v 0.15226687490940094 0.0742008164525032 0.9963492155075073
v -0.16295602917671204 0.07578667998313904 1.0132607221603394
v -0.09396491199731827 0.07877600938081741 1.0453075170516968
v -0.0204351507127285 0.07573486864566803 1.0031365156173706
v 0.05298062413930893 0.07624154537916183 1.0108587741851807
v 0.1224202886223793 0.07497771829366684 0.9908669590950012
v -0.19499853253364563 0.0769299864768982 1.010881781578064
v -0.12376224994659424 0.07954701781272888 1.0434885025024414
v -0.05261852592229843 0.08524349331855774 1.128745436668396
v 0.023525875061750412 0.07522409409284592 0.9912441372871399
v 0.10665324330329895 0.08238334953784943 1.1090031862258911
v 0.16997380554676056 0.07632062584161758 1.0083163976669312
v -0.14922238886356354 0.0784105584025383 1.0251706838607788
v -0.07573886215686798 0.08013423532247543 1.0378470420837402
v -0.004930307622998953 0.07624451071023941 0.991399347782135
v 0.07176957279443741 0.08237729966640472 1.0690200328826904
v 0.1377291977405548 0.07638111710548401 0.990989089012146
v -0.17709556221961975 0.07790522277355194 1.0090986490249634
v -0.10794337093830109 0.08142908662557602 1.0457054376602173
v -0.03674767538905144 0.08676927536725998 1.1389273405075073
v 0.03897664323449135 0.07782088220119476 1.0031681060791016
v 0.10920222848653793 0.07876516133546829 1.0021076202392578
v 0.19429004192352295 0.08085782825946808 1.0502955913543701
v -0.1382313221693039 0.08190390467643738 1.0471844673156738
v -0.06926102191209793 0.0877315104007721 1.1234855651855469
v 0.01022243220359087 0.0776306614279747 0.9900031685829163
v 0.08787707984447479 0.08389994502067566 1.0700347423553467
v 0.15471240878105164 0.07841245830059052 1.0006464719772339
v -0.16161711513996124 0.0798301100730896 1.0139224529266357
v -0.09230069816112518 0.08261220902204514 1.0451027154922485
v -0.01909027248620987 0.08006090670824051 1.0072522163391113
v 0.05472833290696144 0.08061908185482025 1.0148974657058716
v 0.124354287981987 0.07910419255495071 0.9935107827186584
v -0.19296634197235107 0.08069366216659546 1.0094162225723267
v -0.12226542085409164 0.08360962569713593 1.0440021753311157
v -0.05050908029079437 0.08865164965391159 1.1324641704559326
v 0.02511955425143242 0.07928835600614548 0.9938593506813049
v 0.10994843393564224 0.08741475641727448 1.1206297874450684
v 0.17913703620433807 0.0834953784942627 1.0531092882156372
v -0.14791494607925415 0.08239926397800446 1.0261696577072144
v -0.07330377399921417 0.08414260298013687 1.0373069047927856
v -0.0034891224931925535 0.08041531592607498 0.9948096871376038
v 0.07375472784042358 0.08650054782629013 1.0707565546035767
v 0.13968928158283234 0.08051856607198715 0.9938609600067139
v -0.1757499873638153 0.08191528171300888 1.0096687078475952
v -0.10652541369199753 0.08550307899713516 1.0462696552276611
v -0.0349600687623024 0.09069956094026566 1.1361150741577148
v 0.04075038805603981 0.08207956701517105 1.0071955919265747
v 0.111065573990345 0.08330921083688736 1.006124496459961
v 0.19619932770729065 0.08470041304826736 1.0501627922058105
v -0.13700182735919952 0.08612377941608429 1.0473086833953857
v -0.0677429586648941 0.09193554520606995 1.125591516494751
v 0.011722437106072903 0.08178789168596268 0.9928985834121704
v 0.08952636271715164 0.08774827420711517 1.0713419914245605
v 0.15743930637836456 0.0827450081706047 1.0069226026535034
v -0.16037292778491974 0.08393097668886185 1.0151985883712769
v -0.09067438542842865 0.08659937232732773 1.0449832677841187
v -0.017698386684060097 0.08433257788419724 1.0116287469863892
v 0.05673765018582344 0.08524423837661743 1.0195939540863037
v 0.12639792263507843 0.08340033888816833 0.9967755079269409
v -0.19139814376831055 0.0845462828874588 1.0088633298873901
v -0.12073952704668045 0.08769155293703079 1.044641375541687
v -0.04846068099141121 0.09208652377128601 1.1281461715698242
v 0.026688819751143456 0.08344542235136032 0.9966264963150024
v 0.11259561032056808 0.0919092670083046 1.1276315450668335
v 0.18087157607078552 0.08736871927976608 1.0526455640792847
v -0.14668186008930206 0.08646423369646072 1.0274986028671265
v -0.07120954990386963 0.08841967582702637 1.0379878282546997
v -0.0020504407584667206 0.08467669785022736 0.998077392578125
v 0.07544992119073868 0.09064437448978424 1.0721876621246338
v 0.1416609138250351 0.08484333753585815 0.9972832798957825
v -0.17461541295051575 0.08603422343730927 1.0109941959381104
v -0.10505758970975876 0.08957448601722717 1.0469751358032227
v -0.033035509288311005 0.0947585329413414 1.1337394714355469
v 0.04257733374834061 0.08640720695257187 1.0118008852005005
v 0.11300016939640045 0.08826392143964767 1.0106325149536133
v 0.19811773300170898 0.08854197710752487 1.049764633178711
v -0.13564062118530273 0.09032095968723297 1.047226905822754
v -0.06568770110607147 0.09595143049955368 1.122475028038025
v 0.013192444108426571 0.08599082380533218 0.9960723519325256
v 0.09121134877204895 0.09191643446683884 1.072563886642456
v 0.16504265367984772 0.09040326625108719 1.0575257539749146
v -0.15925274789333344 0.08810766786336899 1.016871452331543
v -0.08906827867031097 0.09067924320697784 1.0448436737060547
v -0.016363462433218956 0.0889858528971672 1.016075611114502
v 0.05885756015777588 0.08976805210113525 1.0248979330062866
v 0.1282440572977066 0.08774025738239288 1.0004220008850098
v -0.19001202285289764 0.08856569230556488 1.0094398260116577
v -0.11921070516109467 0.09178174287080765 1.0451610088348389
v -0.04696866497397423 0.09563548862934113 1.0987763404846191
v 0.028263457119464874 0.0877707451581955 0.9998443126678467
v 0.11401823163032532 0.09664782136678696 1.1322482824325562
v 0.18248756229877472 0.09133128821849823 1.052095890045166
v -0.14548730850219727 0.09066462516784668 1.029145359992981
v -0.08173996955156326 0.09712230414152145 1.1167799234390259
v -0.0005945523153059185 0.0889320895075798 1.0013689994812012
v 0.07722991704940796 0.09515682607889175 1.0749210119247437
v 0.1439635306596756 0.08958262205123901 1.002402901649475
v -0.17356400191783905 0.09027455747127533 1.012967824935913
v -0.10361670702695847 0.09365181624889374 1.047761082649231
v -0.03117199055850506 0.0991189107298851 1.1322013139724731
v 0.044383686035871506 0.09092434495687485 1.0174050331115723
v 0.11521641165018082 0.09292393177747726 1.0171434879302979
v 0.20005479454994202 0.09251518547534943 1.0492023229599
v -0.13397110998630524 0.0943833589553833 1.0471038818359375
v -0.06154978647828102 0.09900012612342834 1.1019679307937622
v 0.014661849476397038 0.09027446061372757 0.9993658065795898
v 0.09296045452356339 0.09619200974702835 1.0737168788909912
v 0.16745758056640625 0.09526597708463669 1.0614291429519653
v -0.15815706551074982 0.09232918918132782 1.0189287662506104
v -0.08754514157772064 0.09474650025367737 1.0444552898406982
v -0.015002238564193249 0.09335245937108994 1.020850419998169
v 0.062159013003110886 0.09729637950658798 1.0687676668167114
v 0.13010230660438538 0.09236729890108109 1.0050441026687622
v -0.18871693313121796 0.09281585365533829 1.0109450817108154
v -0.11769567430019379 0.0959077998995781 1.0459849834442139
v -0.045288410037755966 0.09978494048118591 1.0980870723724365
v 0.029833558946847916 0.09212525933980942 1.0033795833587646
v 0.11517298966646194 0.10098481923341751 1.1321943998336792
v 0.1840820014476776 0.09540712088346481 1.0516842603683472
v -0.14430418610572815 0.09498018026351929 1.0313414335250854
v -0.07922741025686264 0.10147362947463989 1.1180423498153687
v 0.0008014707709662616 0.09326178580522537 1.0048704147338867
v 0.07872883975505829 0.09958361834287643 1.078014612197876
v 0.14650733768939972 0.09397649019956589 1.013460636138916
v -0.17256098985671997 0.0945022776722908 1.0153331756591797
v -0.10218183696269989 0.09774380922317505 1.0484896898269653
v -0.02921682968735695 0.10346085578203201 1.1313714981079102
v 0.04649053141474724 0.09570041298866272 1.0256849527359009
v 0.1317099630832672 0.1022438108921051 1.1259223222732544
v 0.20216599106788635 0.09660155326128006 1.0485119819641113
v -0.13247790932655334 0.09830708801746368 1.0470187664031982
v -0.059552889317274094 0.1030890941619873 1.0992993116378784
v 0.016095012426376343 0.09467002749443054 1.002813458442688
v 0.09474033862352371 0.10053568333387375 1.0748757123947144
v 0.16987770795822144 0.09941968321800232 1.0629723072052002
v -0.15704868733882904 0.0965581089258194 1.0212724208831787
v -0.0859493762254715 0.09881625324487686 1.0437703132629395
v -0.013455898500978947 0.09777230024337769 1.0264192819595337
v 0.0637463927268982 0.10145822167396545 1.06866455078125
v 0.1326139122247696 0.09747356176376343 1.0127573013305664
v -0.18741466104984283 0.09701379388570786 1.013022541999817
v -0.11615812033414841 0.10005883872509003 1.0468230247497559
v -0.0438544936478138 0.10415173321962357 1.0979058742523193
v 0.03154917061328888 0.09672388434410095 1.0076472759246826
v 0.11660388857126236 0.1054379865527153 1.1309814453125
v 0.18639564514160156 0.10042543709278107 1.0537867546081543
v -0.1432628333568573 0.09927194565534592 1.033811330795288
v -0.07769618928432465 0.1059861034154892 1.1156870126724243
v 0.0021613447461277246 0.09767036885023117 1.0087965726852417
v 0.08027925342321396 0.10353647917509079 1.0804758071899414
v 0.15523356199264526 0.10127175599336624 1.0582313537597656
v -0.17148680984973907 0.09871752560138702 1.0181373357772827
v -0.10075867176055908 0.10182343423366547 1.0490731000900269
v -0.02678162232041359 0.10774725675582886 1.1280070543289185
v 0.049291349947452545 0.10343305766582489 1.0611088275909424
v 0.13279104232788086 0.10645920783281326 1.1234358549118042
v 0.20462451875209808 0.10074601322412491 1.0477993488311768
v -0.1305619478225708 0.10222940891981125 1.0464200973510742
v -0.0582001730799675 0.10715708881616592 1.0981638431549072
v 0.017584770917892456 0.09922414273023605 1.0066556930541992
v 0.09652312099933624 0.10465800017118454 1.0760746002197266
v 0.1714566946029663 0.10266467928886414 1.0611984729766846
v -0.1559501439332962 0.10083068162202835 1.0239688158035278
v -0.08419729769229889 0.10275810956954956 1.0425587892532349
v -0.011038674972951412 0.10960418730974197 1.1299986839294434
v 0.06541261821985245 0.10528691858053207 1.068440556526184
v 0.14432846009731293 0.10556194931268692 1.091346263885498
v -0.18603388965129852 0.10120447725057602 1.015470027923584
v -0.11469293385744095 0.10423160344362259 1.047487497329712
v -0.04235337674617767 0.10828939825296402 1.0977274179458618
v 0.03322106972336769 0.10155266523361206 1.0134481191635132
v 0.11822155117988586 0.10984259843826294 1.1289832592010498
v 0.1884119212627411 0.10406473278999329 1.0527151823043823
v -0.14227057993412018 0.10363557189702988 1.036516547203064
v -0.07370240241289139 0.109596386551857 1.097615122795105
v 0.00352822570130229 0.1024065911769867 1.0133997201919556
v 0.08212851732969284 0.10798285156488419 1.0830847024917603
v 0.15651541948318481 0.10509946197271347 1.0565358400344849
v -0.17035263776779175 0.10302016884088516 1.0213532447814941
v -0.09926667809486389 0.10592243075370789 1.0494887828826904
v -0.02470618672668934 0.11239996552467346 1.126909852027893
v 0.0506029911339283 0.10766706615686417 1.0615614652633667
v 0.13377636671066284 0.11075153946876526 1.1188154220581055
v 0.20813676714897156 0.10520485788583755 1.0482311248779297
v -0.1287912279367447 0.10623161494731903 1.0465331077575684
v -0.05676451325416565 0.11124271899461746 1.097440242767334
v 0.01916188932955265 0.10395103693008423 1.0116788148880005
v 0.09830915182828903 0.10891036689281464 1.0772101879119873
v 0.17252309620380402 0.10637886822223663 1.0563918352127075
v -0.1548694670200348 0.1051594614982605 1.026955485343933
v -0.08216063678264618 0.10673432052135468 1.0409983396530151
v -0.009173537604510784 0.11387412995100021 1.1323342323303223
v 0.06697012484073639 0.10917327553033829 1.0682846307754517
v 0.1469579041004181 0.11132616549730301 1.0979942083358765
v -0.18468496203422546 0.10540377348661423 1.0181679725646973
v -0.11324673891067505 0.10838040709495544 1.0481477975845337
v -0.04080425947904587 0.11255845427513123 1.097692847251892
v 0.035649411380290985 0.10675498843193054 1.0217301845550537
v 0.11990222334861755 0.11402124911546707 1.1245336532592773
v 0.18986238539218903 0.10797169804573059 1.051529884338379
v -0.14126238226890564 0.10802029073238373 1.039325475692749
v -0.0711950808763504 0.11364095658063889 1.0958160161972046
v 0.0050760419107973576 0.10761357098817825 1.019517421722412
v 0.08370871841907501 0.11320255696773529 1.0927720069885254
v 0.15777382254600525 0.10891448706388474 1.0549479722976685
v -0.16912727057933807 0.10737080872058868 1.0246871709823608
v -0.097699835896492 0.11000852286815643 1.0493143796920776
v -0.02308310568332672 0.11720223724842072 1.127150297164917
v 0.05220947042107582 0.1112581342458725 1.061241626739502
v 0.13469955325126648 0.11449753493070602 1.1142246723175049
v -0.20346908271312714 0.10849715769290924 1.018072485923767
v -0.12741895020008087 0.11035920679569244 1.046995997428894
v -0.05525699257850647 0.11538317799568176 1.0969101190567017
v 0.020874403417110443 0.10919219255447388 1.0184122323989868
v 0.10019782930612564 0.11324196308851242 1.0782036781311035
v 0.17365577816963196 0.1101142019033432 1.0527433156967163
v -0.1538056880235672 0.10948598384857178 1.0302038192749023
v -0.07997559010982513 0.11077805608510971 1.0388652086257935
v -0.00740123400464654 0.11866193264722824 1.1334221363067627
v 0.06872288882732391 0.11297984421253204 1.0680656433105469
v 0.14883668720722198 0.11556177586317062 1.0955396890640259
v -0.18325971066951752 0.1096075028181076 1.0209722518920898
v -0.11176948994398117 0.11251243203878403 1.048953652381897
v -0.039254967123270035 0.11679352074861526 1.0976042747497559
v 0.0403720960021019 0.1174180656671524 1.1343716382980347
v 0.12114267796278 0.11792673915624619 1.1198002099990845
v 0.19156543910503387 0.11175945401191711 1.0504578351974487
v -0.14032183587551117 0.11246941983699799 1.0422366857528687
v -0.06951650232076645 0.11772472411394119 1.095335602760315
v 0.007200641091912985 0.11288634687662125 1.0283294916152954
v 0.08448123931884766 0.11626715958118439 1.0803334712982178
v 0.15908265113830566 0.11259382963180542 1.0531975030899048
v -0.16797098517417908 0.11166884750127792 1.0282518863677979
v -0.0960429385304451 0.11398439854383469 1.0486547946929932
v -0.02154279686510563 0.12163441628217697 1.1280854940414429
v 0.053822290152311325 0.11501791328191757 1.062711477279663
v 0.13601313531398773 0.1177334189414978 1.1093741655349731
v -0.199630007147789 0.11284415423870087 1.0204535722732544
v -0.1261102706193924 0.11460646986961365 1.0477104187011719
v -0.05371664837002754 0.11937206983566284 1.096497893333435
v 0.022991038858890533 0.11464998871088028 1.0278061628341675
v 0.10193917900323868 0.11753012239933014 1.0788334608078003
v 0.17502056062221527 0.1138257309794426 1.0503976345062256
v -0.15277427434921265 0.11380398273468018 1.0336952209472656
v -0.07750856876373291 0.11498980224132538 1.0376394987106323
v -0.005813277326524258 0.12329395115375519 1.1332111358642578
v 0.07048207521438599 0.11707232892513275 1.067683458328247
v 0.14960788190364838 0.11802782118320465 1.0902552604675293
v -0.18182748556137085 0.1138366237282753 1.0237112045288086
v -0.1103099137544632 0.11659170687198639 1.0497245788574219
v -0.03770344331860542 0.12101048231124878 1.0972492694854736
v 0.04248199611902237 0.12271055579185486 1.132427453994751
v 0.12202293425798416 0.12139999866485596 1.1128463745117188
v 0.19326655566692352 0.11552796512842178 1.0493290424346924
v -0.13944751024246216 0.11700703948736191 1.0455467700958252
v -0.06805694103240967 0.12182135879993439 1.0947096347808838
v 0.011515246704220772 0.12465745210647583 1.1362087726593018
v 0.08592486381530762 0.12032794207334518 1.0799744129180908
v 0.16045710444450378 0.11635144799947739 1.0513008832931519
v -0.16689282655715942 0.11609402298927307 1.0323545932769775
v -0.09441382437944412 0.11791495233774185 1.0476645231246948
v -0.019756801426410675 0.1258319765329361 1.1286906003952026
v 0.05547526478767395 0.11916863173246384 1.0638914108276367
v 0.13063907623291016 0.11781268566846848 1.0574826002120972
v -0.1977732926607132 0.11691660434007645 1.0234572887420654
v -0.12495466321706772 0.11889836192131042 1.048426628112793
v -0.05219247564673424 0.12345673143863678 1.095847725868225
v 0.027583686634898186 0.12613260746002197 1.1317015886306763
v 0.10373499989509583 0.12160337716341019 1.0793981552124023
v 0.17648464441299438 0.1176675334572792 1.0481840372085571
v -0.1518678218126297 0.11829698085784912 1.037295937538147
v -0.08518409729003906 0.1281086951494217 1.1106083393096924
v -0.00418979674577713 0.12766890227794647 1.132501244544983
v 0.07276685535907745 0.12115747481584549 1.0680207014083862
v 0.14562088251113892 0.11887437850236893 1.0474132299423218
v -0.18055205047130585 0.11823102086782455 1.0271632671356201
v -0.10888196527957916 0.12073462456464767 1.050504446029663
v -0.03614678606390953 0.1252627670764923 1.0966928005218506
v 0.044277679175138474 0.12727802991867065 1.129214882850647
v 0.11603298783302307 0.12099740654230118 1.058536171913147
v 0.1949528306722641 0.11940209567546844 1.0481373071670532
v -0.13863100111484528 0.12172679603099823 1.0494489669799805
v -0.06655507534742355 0.12589247524738312 1.0938524007797241
v 0.012888950295746326 0.12892819941043854 1.1329169273376465
v 0.08734866231679916 0.12399649620056152 1.079948902130127
v 0.16194219887256622 0.12011054903268814 1.0496011972427368
v -0.16593162715435028 0.12067006528377533 1.036596417427063
v -0.09272916615009308 0.12180067598819733 1.0465067625045776
v -0.018033286556601524 0.13007111847400665 1.1287503242492676
v 0.05722319707274437 0.12345709651708603 1.065197229385376
v 0.13207989931106567 0.12194105237722397 1.0541331768035889
v -0.1963716447353363 0.12120425701141357 1.0267772674560547
v -0.1235579252243042 0.12314437329769135 1.0490391254425049
v -0.05063365027308464 0.12757733464241028 1.0953094959259033
v 0.029194127768278122 0.13031458854675293 1.128772497177124
v 0.10558019578456879 0.125902459025383 1.0800246000289917
v 0.17793972790241241 0.12140268832445145 1.0458769798278809
v -0.15106363594532013 0.12283467501401901 1.040596604347229
v -0.08253620564937592 0.13157489895820618 1.109113335609436
v -0.0026910630986094475 0.1319551020860672 1.1313557624816895
v 0.07710644602775574 0.13116000592708588 1.1217622756958008
v 0.1467997282743454 0.12283536791801453 1.045207142829895
v -0.17947401106357574 0.1227007806301117 1.030785083770752
v -0.10741083323955536 0.12480128556489944 1.0510915517807007
v -0.03451475873589516 0.12943127751350403 1.0963786840438843
v 0.04605382680892944 0.131778284907341 1.1264194250106812
v 0.11734431982040405 0.12531764805316925 1.0557920932769775
v 0.1968427151441574 0.1234411895275116 1.0473822355270386
v -0.13775686919689178 0.12671299278736115 1.0546818971633911
v -0.0662895068526268 0.131936714053154 1.0998303890228271
v 0.014365585520863533 0.13332180678844452 1.1293443441390991
v 0.08927685767412186 0.12838251888751984 1.080788016319275
v 0.16346360743045807 0.12392923980951309 1.0480434894561768
v -0.16501666605472565 0.12525112926959991 1.040140151977539
v -0.09089436382055283 0.12568125128746033 1.0452467203140259
v -0.01664067432284355 0.1345539391040802 1.1282315254211426
v 0.058934420347213745 0.1276671141386032 1.065990924835205
v 0.13346825540065765 0.125957652926445 1.0517668724060059
v -0.19524377584457397 0.12554539740085602 1.030717134475708
v -0.1220635250210762 0.12727276980876923 1.0495132207870483
v -0.04905375838279724 0.1317933052778244 1.094835638999939
v 0.030479159206151962 0.13463300466537476 1.1257479190826416
v 0.10713410377502441 0.13034026324748993 1.084041714668274
v 0.17947310209274292 0.12504978477954865 1.0435899496078491
v -0.15024584531784058 0.12732720375061035 1.0440056324005127
v -0.0800514966249466 0.13492463529109955 1.106557011604309
v -0.0011189968790858984 0.13614439964294434 1.1290314197540283
v 0.0788220465183258 0.13514934480190277 1.119925618171692
v 0.148187056183815 0.1267615556716919 1.0442150831222534
v -0.17846614122390747 0.1272091567516327 1.034289002418518
v -0.10592757910490036 0.12884896993637085 1.0513982772827148
v -0.032851219177246094 0.1336226463317871 1.0961589813232422
v 0.047817621380090714 0.13594061136245728 1.1245779991149902
v 0.11884842813014984 0.12933850288391113 1.0538506507873535
v 0.1988760530948639 0.12760043144226074 1.047086238861084
v -0.14097096025943756 0.13566291332244873 1.099219799041748
v -0.06567007303237915 0.13691791892051697 1.1056050062179565
v 0.0158214308321476 0.13760972023010254 1.1260647773742676
v 0.09144118428230286 0.13297241926193237 1.082221269607544
v 0.1650521606206894 0.12777186930179596 1.0462766885757446
v -0.16407981514930725 0.12979713082313538 1.043183445930481
v -0.08875744044780731 0.12942799925804138 1.042801022529602
v -0.015283911488950253 0.13894452154636383 1.1269654035568237
v 0.06086166575551033 0.13192209601402283 1.0664210319519043
v 0.13982784748077393 0.1337086260318756 1.0779483318328857
v -0.19419775903224945 0.13014428317546844 1.035185694694519
v -0.12069804966449738 0.13141676783561707 1.0499699115753174
v -0.047499608248472214 0.13607169687747955 1.0944111347198486
v 0.031808800995349884 0.13882827758789062 1.1230238676071167
v 0.10418986529111862 0.13215194642543793 1.0563619136810303
v 0.18096382915973663 0.1288789063692093 1.0414047241210938
v -0.1492471694946289 0.13208436965942383 1.0480340719223022
v -0.07811430841684341 0.13814745843410492 1.103814721107483
v 0.0005561187863349915 0.140428826212883 1.1260287761688232
v 0.08015672862529755 0.13932083547115326 1.1176203489303589
v 0.14968036115169525 0.13084737956523895 1.043201208114624
v -0.1775563657283783 0.13174793124198914 1.0377670526504517
v -0.1043531745672226 0.13293161988258362 1.051364541053772
v -0.031371939927339554 0.1381639987230301 1.0961310863494873
v 0.049593061208724976 0.14022944867610931 1.121329665184021
v 0.1202767938375473 0.13342496752738953 1.0515044927597046
v 0.20070290565490723 0.13183921575546265 1.0466691255569458
v -0.1400642693042755 0.14009366929531097 1.0985959768295288
v -0.06377147883176804 0.1409418284893036 1.105117917060852
v 0.017302967607975006 0.14169014990329742 1.1230108737945557
v 0.09459298849105835 0.14071577787399292 1.106627106666565
v 0.16660912334918976 0.13172265887260437 1.044655442237854
v -0.16306152939796448 0.1342684030532837 1.0458687543869019
v -0.08708357810974121 0.13334131240844727 1.043257474899292
v -0.013816922903060913 0.14324793219566345 1.1252397298812866
v 0.0628628209233284 0.1363961100578308 1.06618332862854
v 0.14074434340000153 0.13877196609973907 1.078810453414917
v -0.19335193932056427 0.13499441742897034 1.040468692779541
v -0.1190543845295906 0.1354815512895584 1.0500541925430298
v -0.04580378159880638 0.14036084711551666 1.0942397117614746
v 0.033366039395332336 0.14281520247459412 1.120815396308899
v 0.10565812140703201 0.13685713708400726 1.0533695220947266
v 0.18304862082004547 0.13272501528263092 1.0396913290023804
v -0.14826945960521698 0.13705284893512726 1.0533443689346313
v -0.07645170390605927 0.14165222644805908 1.102135419845581
v 0.002208162099123001 0.14445018768310547 1.1228699684143066
v 0.0812871903181076 0.14338651299476624 1.1143678426742554
v 0.15127089619636536 0.1349431872367859 1.0419951677322388
v -0.1766248643398285 0.13637906312942505 1.0413174629211426
v -0.10259891301393509 0.1370406150817871 1.050951361656189
v -0.028825834393501282 0.14523759484291077 1.1102523803710938
v 0.0463503897190094 0.13860487937927246 1.0642385482788086
v 0.12172573804855347 0.13840319216251373 1.0501316785812378
v 0.20258931815624237 0.13589957356452942 1.0459671020507812
v -0.13869494199752808 0.14406231045722961 1.0965322256088257
v -0.06154051050543785 0.14460720121860504 1.1040709018707275
v 0.018845589831471443 0.1456201821565628 1.1203175783157349
v 0.09652674198150635 0.1450030356645584 1.108540654182434
v 0.16813069581985474 0.13572867214679718 1.0430020093917847
v -0.16196618974208832 0.13913671672344208 1.0491403341293335
v -0.08900518715381622 0.14296402037143707 1.0812149047851562
v -0.012250694446265697 0.14730295538902283 1.12289297580719
v 0.06500304490327835 0.14081169664859772 1.065590500831604
v 0.14217033982276917 0.14324623346328735 1.080285906791687
v -0.19254973530769348 0.13995139300823212 1.0460169315338135
v -0.11726689338684082 0.13958291709423065 1.0501532554626465
v -0.04409113526344299 0.14468346536159515 1.0942944288253784
v 0.03497926890850067 0.14672036468982697 1.1178698539733887
v 0.11507512629032135 0.14675524830818176 1.1061745882034302
v 0.18797974288463593 0.13978458940982819 1.0530540943145752
v -0.15061557292938232 0.1467110812664032 1.0892640352249146
v -0.07451575249433517 0.14536358416080475 1.1004058122634888
v 0.0036710496060550213 0.14850254356861115 1.118929386138916
v 0.08224529027938843 0.14719144999980927 1.109916090965271
v 0.15280143916606903 0.13912661373615265 1.0406752824783325
v -0.17563718557357788 0.14131233096122742 1.0450763702392578
v -0.10089023411273956 0.1413014978170395 1.0497798919677734
v -0.026333579793572426 0.15026889741420746 1.118048906326294
v 0.04782026633620262 0.14265204966068268 1.0620090961456299
v 0.1295100897550583 0.14805187284946442 1.0987577438354492
v 0.20477525889873505 0.1400102972984314 1.0456106662750244
v -0.13697755336761475 0.14819836616516113 1.0945895910263062
v -0.05897531658411026 0.14770236611366272 1.1025128364562988
v 0.02042299509048462 0.14957185089588165 1.116830587387085
v 0.09814061224460602 0.14941152930259705 1.1053422689437866
v 0.16973043978214264 0.13991248607635498 1.041050672531128
v -0.1609458476305008 0.14692620933055878 1.0640078783035278
v -0.08722058683633804 0.1467897891998291 1.0834897756576538
v -0.010834462009370327 0.15146854519844055 1.1198679208755493
v 0.06756705790758133 0.15099665522575378 1.1131784915924072
v 0.14385320246219635 0.14814139902591705 1.083120584487915
v -0.19197574257850647 0.14583000540733337 1.0524659156799316
v -0.11544252187013626 0.14401587843894958 1.0503617525100708
v -0.042529068887233734 0.1496121734380722 1.094831109046936
v 0.03661513328552246 0.15095996856689453 1.1144111156463623
v 0.11601844429969788 0.15101993083953857 1.104483723640442
v 0.18916261196136475 0.14434073865413666 1.053156852722168
v -0.1489037722349167 0.15048229694366455 1.0866689682006836
v -0.0699378177523613 0.14757640659809113 1.0689972639083862
v 0.005329292267560959 0.1526089310646057 1.115714192390442
v 0.08352049440145493 0.15116210281848907 1.1061171293258667
v 0.15456783771514893 0.1436488926410675 1.0392639636993408
v -0.17487454414367676 0.1470547616481781 1.0502092838287354
v -0.09933443367481232 0.14572292566299438 1.0481756925582886
v -0.024878213182091713 0.15451273322105408 1.117079734802246
v 0.049860693514347076 0.14746899902820587 1.0623538494110107
v 0.1313566416501999 0.1530008614063263 1.0989972352981567
v 0.20813220739364624 0.1444585919380188 1.0451865196228027
v -0.13562488555908203 0.15239371359348297 1.092810869216919
v -0.05471058934926987 0.14967462420463562 1.0719125270843506
v 0.022203490138053894 0.1536865532398224 1.1126843690872192
v 0.10015431046485901 0.15376397967338562 1.1024023294448853
v 0.17123401165008545 0.14457234740257263 1.0389854907989502
v -0.1603405773639679 0.1518845558166504 1.0664880275726318
v -0.08329083025455475 0.14982406795024872 1.0620718002319336
v -0.00921638123691082 0.1558321714401245 1.1171255111694336
v 0.0688304677605629 0.15483532845973969 1.1098854541778564
v 0.14669090509414673 0.1541055142879486 1.0898723602294922
v -0.19208331406116486 0.1526116281747818 1.060677170753479
v -0.11359571665525436 0.14894434809684753 1.0505101680755615
v -0.04094141721725464 0.15495114028453827 1.0973016023635864
v 0.03854428604245186 0.15565308928489685 1.1114885807037354
v 0.11723434180021286 0.1553926318883896 1.1008480787277222
v 0.19048327207565308 0.14892591536045074 1.0527608394622803
v -0.14713643491268158 0.15505102276802063 1.0842324495315552
v -0.06847983598709106 0.15213271975517273 1.0668402910232544
v 0.007403969764709473 0.15701887011528015 1.1135677099227905
v 0.08491276949644089 0.15533967316150665 1.1032824516296387
v 0.15644119679927826 0.1489177793264389 1.038373589515686
v -0.17442801594734192 0.15396732091903687 1.0587542057037354
v -0.09753172844648361 0.15070123970508575 1.0459201335906982
v -0.02364392578601837 0.15883168578147888 1.1148841381072998
v 0.05195167288184166 0.1526879072189331 1.0636268854141235
v 0.13295681774616241 0.1568453013896942 1.0967671871185303
v -0.22381819784641266 0.16164304316043854 1.0976810455322266
v -0.13363905251026154 0.1572822779417038 1.0889579057693481
v -0.052851349115371704 0.1540163904428482 1.0726429224014282
v 0.02430444024503231 0.1580660492181778 1.1099289655685425
v 0.10187867283821106 0.1579245775938034 1.0996110439300537
v 0.1728275567293167 0.149882510304451 1.0375969409942627
v -0.15852855145931244 0.15585629642009735 1.0643024444580078
v -0.0817805603146553 0.1543876677751541 1.060353398323059
v -0.0074584293179214 0.16013048589229584 1.113587737083435
v 0.06986190378665924 0.1588156521320343 1.1061573028564453
v 0.148932084441185 0.15851570665836334 1.0910321474075317
v -0.19586271047592163 0.16286057233810425 1.0881428718566895
v -0.11159168928861618 0.1540398895740509 1.0505359172821045
v -0.03988030552864075 0.16082032024860382 1.1009780168533325
v 0.040337253361940384 0.1601293981075287 1.1082860231399536
v 0.1183980405330658 0.15949726104736328 1.0962278842926025
v 0.1918478161096573 0.15380394458770752 1.0518980026245117
v -0.14600016176700592 0.15959236025810242 1.0839282274246216
v -0.06715329736471176 0.1563832014799118 1.0645947456359863
v 0.009370632469654083 0.16102920472621918 1.1095232963562012
v 0.08620064705610275 0.15952615439891815 1.101020097732544
v 0.16282160580158234 0.16008782386779785 1.0774561166763306
v -0.17541122436523438 0.161365807056427 1.0763746500015259
v -0.09566660970449448 0.15564022958278656 1.0445594787597656
v -0.022214392200112343 0.16341206431388855 1.1113955974578857
v 0.05378544703125954 0.158595472574234 1.0646238327026367
v 0.13439208269119263 0.16062965989112854 1.0919643640518188
v -0.21705442667007446 0.16932155191898346 1.0891399383544922
v -0.13127490878105164 0.16203811764717102 1.0849699974060059
v -0.05347233638167381 0.16301167011260986 1.0987306833267212
v 0.025957737118005753 0.1625826358795166 1.107247233390808
v 0.10299830883741379 0.16243574023246765 1.0960818529129028
v 0.17689906060695648 0.1583077311515808 1.0527468919754028
v -0.1566203534603119 0.16125079989433289 1.0640145540237427
v -0.08026609569787979 0.15976381301879883 1.0589934587478638
v -0.006044202018529177 0.16469897329807281 1.1084797382354736
v 0.07133560627698898 0.16352561116218567 1.100129246711731
v 0.1504005491733551 0.1631946563720703 1.0882008075714111
v -0.1912459433078766 0.16680379211902618 1.074567198753357
v -0.1097637489438057 0.1613769680261612 1.0499067306518555
v -0.03839565068483353 0.16575227677822113 1.0975841283798218
v 0.041100457310676575 0.16640746593475342 1.1036508083343506
v 0.11973128467798233 0.1652822047472 1.0906256437301636
v 0.19356058537960052 0.1613617092370987 1.0504705905914307
