HIERARCHY
ROOT Hips
{
	OFFSET -0.001795 -0.223333 0.028219
	CHANNELS 6 Xposition Yposition Zposition Zrotation Yrotation Xrotation 
	JOINT LeftUpLeg
	{
		OFFSET 0.069520 -0.091406 -0.006815
		CHANNELS 3 Zrotation Yrotation Xrotation
		JOINT LeftLeg
		{
			OFFSET 0.034277 -0.375199 -0.004496
			CHANNELS 3 Zrotation Yrotation Xrotation
			JOINT LeftFoot
			{
				OFFSET -0.013596 -0.397961 -0.043693
				CHANNELS 3 Zrotation Yrotation Xrotation
				JOINT LeftToe
				{
					OFFSET 0.026358 -0.055791 0.119288
					CHANNELS 3 Zrotation Yrotation Xrotation
					End Site
					{
						OFFSET 0.000000 0.000000 0.000000
					}
				}
			}
		}
	}
	JOINT RightUpLeg
	{
		OFFSET -0.067670 -0.090522 -0.004320
		CHANNELS 3 Zrotation Yrotation Xrotation
		JOINT RightLeg
		{
			OFFSET -0.038290 -0.382569 -0.008850
			CHANNELS 3 Zrotation Yrotation Xrotation
			JOINT RightFoot
			{
				OFFSET 0.015774 -0.398415 -0.042312
				CHANNELS 3 Zrotation Yrotation Xrotation
				JOINT RightToe
				{
					OFFSET -0.025372 -0.048144 0.123348
					CHANNELS 3 Zrotation Yrotation Xrotation
					End Site
					{
						OFFSET 0.000000 0.000000 0.000000
					}
				}
			}
		}
	}
	JOINT Spine
	{
		OFFSET -0.002533 0.108963 -0.026696
		CHANNELS 3 Zrotation Yrotation Xrotation
		JOINT Spine1
		{
			OFFSET 0.005487 0.135180 0.001092
			CHANNELS 3 Zrotation Yrotation Xrotation
			JOINT Spine2
			{
				OFFSET 0.001457 0.052922 0.025425
				CHANNELS 3 Zrotation Yrotation Xrotation
				JOINT Neck
				{
					OFFSET -0.002778 0.213870 -0.042857
					CHANNELS 3 Zrotation Yrotation Xrotation
					JOINT Head
					{
						OFFSET 0.005152 0.064970 0.051349
						CHANNELS 3 Zrotation Yrotation Xrotation
						End Site
						{
							OFFSET 0.000000 0.000000 0.000000
						}
					}
				}
				JOINT LeftShoulder
				{
					OFFSET 0.078845 0.121749 -0.034090
					CHANNELS 3 Zrotation Yrotation Xrotation
					JOINT LeftArm
					{
						OFFSET 0.090977 0.030469 -0.008868
						CHANNELS 3 Zrotation Yrotation Xrotation
						JOINT LeftForeArm
						{
							OFFSET 0.259612 -0.012772 -0.027456
							CHANNELS 3 Zrotation Yrotation Xrotation
							JOINT LeftHand
							{
								OFFSET 0.249234 0.008986 -0.001171
								CHANNELS 3 Zrotation Yrotation Xrotation
								End Site
								{
									OFFSET 0.000000 0.000000 0.000000
								}
							}
						}
					}
				}
				JOINT RightShoulder
				{
					OFFSET -0.081759 0.118833 -0.038615
					CHANNELS 3 Zrotation Yrotation Xrotation
					JOINT RightArm
					{
						OFFSET -0.096012 0.032551 -0.009143
						CHANNELS 3 Zrotation Yrotation Xrotation
						JOINT RightForeArm
						{
							OFFSET -0.253742 -0.013329 -0.021401
							CHANNELS 3 Zrotation Yrotation Xrotation
							JOINT RightHand
							{
								OFFSET -0.255298 0.007772 -0.005559
								CHANNELS 3 Zrotation Yrotation Xrotation
								End Site
								{
									OFFSET 0.000000 0.000000 0.000000
								}
							}
						}
					}
				}
			}
		}
	}
}
MOTION
Frames: 192
Frame Time: 0.050000
0.000000 0.938974 0.000000 -2.921466 -1.139794 1.769920 -3.004128 0.026841 -0.163480 -0.127968 -0.043907 1.796762 3.835548 7.871013 -0.801264 0.000000 0.000000 0.000000 -2.868646 1.703481 -20.943848 4.377570 -0.341707 28.169697 -4.566527 -11.371834 -0.399554 0.000000 0.000000 0.000000 -1.085748 -0.164639 5.710342 1.789122 -0.696102 -3.662000 0.623432 -2.723623 11.288809 2.065107 -0.202056 -21.159308 0.000000 0.000000 0.000000 -27.186266 0.329963 -1.383626 -45.105219 -7.891979 -3.503805 -0.244527 -25.877677 1.359402 0.000000 0.000000 0.000000 23.948925 5.459732 0.012209 53.060486 9.000860 -1.568700 -5.473866 25.970783 -0.370992 0.000000 0.000000 0.000000 
-0.003970 0.937793 0.020300 -3.494142 -1.337856 2.004361 -2.157975 0.227406 1.749538 -0.372895 0.023479 0.597091 3.784943 7.485105 -1.814937 0.000000 0.000000 0.000000 -2.220375 1.901388 -21.950940 2.956893 0.100308 23.752886 -4.908320 -12.526890 1.057244 0.000000 0.000000 0.000000 -1.182467 -0.141231 5.167005 2.476712 -1.050043 -2.613481 0.169381 -3.103839 10.388760 3.285368 -0.955373 -20.743823 0.000000 0.000000 0.000000 -26.241254 1.030409 -1.667882 -46.804979 -8.428807 -3.331095 2.232525 -26.480699 0.866751 0.000000 0.000000 0.000000 23.975963 5.304210 -0.259410 54.072749 7.429960 -2.163570 -4.948534 26.239379 -0.303824 0.000000 0.000000 0.000000 
-0.008803 0.937703 0.039954 -3.445716 -1.507894 1.969805 -2.433854 0.356748 2.812612 0.147715 -0.052468 1.041849 3.612752 7.331738 -1.085881 0.000000 0.000000 0.000000 -1.756013 2.054054 -22.709145 1.258818 0.516540 19.960685 -2.927499 -8.723071 4.072775 0.000000 0.000000 0.000000 -0.777687 -0.165571 5.163731 1.990958 -0.837637 -2.511924 0.491861 -3.033665 9.895470 2.045511 -0.274005 -20.405787 0.000000 0.000000 0.000000 -27.640431 -0.636898 -0.696911 -45.511256 -9.301145 -2.933753 3.983640 -25.286500 0.407617 0.000000 0.000000 0.000000 23.873525 4.475746 -0.770942 54.605176 5.283220 -3.118351 -6.703162 25.215970 -0.653987 0.000000 0.000000 0.000000 
-0.014891 0.938034 0.058347 -3.501144 -0.509875 1.501111 -2.074698 0.526086 4.508940 0.601984 -0.103657 0.961428 3.017211 5.646604 -2.189726 0.000000 0.000000 0.000000 -1.637156 2.014720 -22.527973 1.290593 0.419207 18.737240 -2.968409 -9.098736 5.342747 0.000000 0.000000 0.000000 -0.398448 -0.190575 5.154790 1.457041 -0.606957 -2.140596 0.218392 -4.199089 10.047663 2.915225 -0.940163 -19.341161 0.000000 0.000000 0.000000 -27.486445 -0.646174 -0.461130 -44.781470 -10.329652 -2.622005 3.391630 -26.703063 0.602767 0.000000 0.000000 0.000000 25.882757 3.803175 -1.626060 53.858266 4.011059 -3.540323 -7.453162 25.067937 -0.838418 0.000000 0.000000 0.000000 
-0.021292 0.939098 0.075022 -3.485063 0.335199 1.246828 -1.163790 0.620335 5.990703 0.114370 -0.022860 0.296905 2.636024 5.188684 -1.042726 0.000000 0.000000 0.000000 -1.389029 1.964923 -21.886849 1.483411 0.283081 17.009904 -2.017752 -7.340974 6.635890 0.000000 0.000000 0.000000 -0.531981 -0.197224 5.494956 1.356977 -0.553745 -2.214929 0.350550 -4.698070 10.094451 2.806547 -0.902683 -19.194064 0.000000 0.000000 0.000000 -27.375606 -1.291938 -0.008391 -44.404460 -12.182900 -1.979579 3.429953 -26.907922 0.599165 0.000000 0.000000 0.000000 25.629066 3.238188 -1.954517 54.039694 3.149655 -3.953223 -7.721171 23.815179 -0.838695 0.000000 0.000000 0.000000 
-0.028016 0.941140 0.090435 -3.521614 1.269009 1.031230 -0.886441 0.680689 6.898588 0.696118 -0.100030 0.632940 2.442149 4.859983 -0.732437 0.000000 0.000000 0.000000 -1.520795 1.949750 -22.407707 2.459867 -0.005186 17.401912 -1.782659 -6.666668 6.331178 0.000000 0.000000 0.000000 -0.999784 -0.204152 6.432862 1.571727 -0.564862 -3.940579 0.912888 -6.486108 12.080828 3.310046 -1.212840 -21.756349 0.000000 0.000000 0.000000 -27.756274 -1.015934 0.412724 -43.375902 -13.650166 -1.810452 3.967572 -29.568619 0.659377 0.000000 0.000000 0.000000 24.737390 3.457773 -2.123532 54.163447 3.656773 -3.840985 -8.315642 23.790556 -1.007742 0.000000 0.000000 0.000000 
-0.035084 0.941531 0.106462 -3.642301 1.228006 1.737374 -0.531254 0.705541 7.449082 1.012897 -0.090895 -0.391883 2.428100 4.737152 -0.979533 0.000000 0.000000 0.000000 -1.712371 2.097769 -24.569998 3.243481 -0.223798 15.274061 -1.616905 -6.853209 8.146386 0.000000 0.000000 0.000000 -0.487989 -0.208388 5.674040 2.152945 -0.891756 -2.545764 0.695078 -6.398950 10.596480 2.857597 -1.004822 -20.413648 0.000000 0.000000 0.000000 -25.646561 -1.145154 0.432532 -45.165355 -14.184618 -1.400096 3.539110 -31.349887 0.843402 0.000000 0.000000 0.000000 23.126349 2.784701 -2.291282 54.417675 3.905818 -3.670917 -8.601672 23.857006 -1.090193 0.000000 0.000000 0.000000 
-0.043085 0.940295 0.125146 -3.059820 1.390101 2.719376 -0.668361 0.753418 7.818695 1.476369 -0.161238 0.102064 2.495483 5.068501 -0.466263 0.000000 0.000000 0.000000 -2.147622 2.089237 -25.597776 3.519151 -0.308061 11.858466 -1.077590 -5.960910 8.913677 0.000000 0.000000 0.000000 -0.597105 -0.197789 5.632607 2.590514 -1.038292 -3.349405 0.976024 -6.456248 11.243754 3.081691 -1.112939 -20.902164 0.000000 0.000000 0.000000 -25.692394 -1.485512 0.691802 -45.585525 -14.513047 -1.329182 3.977204 -33.747400 0.836862 0.000000 0.000000 0.000000 22.042839 2.815120 -2.087217 53.630712 5.099574 -3.184967 -10.639300 24.275525 -1.514446 0.000000 0.000000 0.000000 
-0.052418 0.937419 0.148291 -2.475668 1.825041 2.717923 -0.502066 0.872890 9.340761 2.103441 -0.245533 0.444215 2.126426 4.107950 -0.899733 0.000000 0.000000 0.000000 -2.143736 1.993389 -24.658631 3.171588 -0.258653 9.771505 -1.004335 -5.963800 9.590780 0.000000 0.000000 0.000000 0.050836 -0.243309 5.675835 2.920965 -1.212881 -2.840228 0.333366 -6.234576 10.480234 3.659615 -1.452283 -19.755008 0.000000 0.000000 0.000000 -24.597139 -1.223519 0.312837 -46.656733 -14.406263 -1.178391 4.408382 -34.465361 0.692884 0.000000 0.000000 0.000000 22.157252 2.760737 -1.991586 52.426350 7.176348 -2.166122 -14.731008 23.626061 -2.244361 0.000000 0.000000 0.000000 
-0.063285 0.934884 0.175995 -1.943668 2.618478 2.570234 -0.034802 0.911607 10.522276 2.343858 -0.387376 2.534856 1.999968 3.074503 -2.613260 0.000000 0.000000 0.000000 -2.440492 1.870482 -24.339390 3.524480 -0.343009 10.734989 -0.984934 -6.411686 11.656746 0.000000 0.000000 0.000000 0.804933 -0.309626 5.971423 2.662653 -1.127593 -2.267824 0.762294 -6.203087 9.299272 4.146183 -1.858596 -17.768348 0.000000 0.000000 0.000000 -25.128024 -1.267673 0.157084 -45.976135 -12.564233 -1.754562 3.065936 -35.789773 1.079609 0.000000 0.000000 0.000000 22.194453 2.811832 -1.889166 50.077248 8.087598 -1.610256 -16.145365 23.060362 -2.449487 0.000000 0.000000 0.000000 
-0.074810 0.934602 0.206444 -1.320233 3.569602 3.019515 0.558969 0.776270 9.899794 2.155840 -0.567981 6.116604 1.564610 2.631970 -1.419001 0.000000 0.000000 0.000000 -2.705510 1.699829 -23.182984 4.055748 -0.478964 11.065055 -1.391792 -7.000989 11.370414 0.000000 0.000000 0.000000 1.132248 -0.303047 5.366576 3.329051 -1.463501 -1.733031 1.145003 -5.317143 8.202769 4.197398 -1.709915 -17.749495 0.000000 0.000000 0.000000 -24.208872 0.420100 -1.330178 -46.627803 -10.543568 -2.251337 0.604575 -36.366717 1.759136 0.000000 0.000000 0.000000 22.450261 2.238912 -1.871532 47.344569 10.024024 -0.795310 -18.256177 22.778336 -2.732278 0.000000 0.000000 0.000000 
-0.085603 0.938194 0.235375 -0.833883 4.102438 3.599524 0.997375 0.488318 6.762042 1.937893 -0.978907 13.317394 0.631974 0.504081 -1.631113 0.000000 0.000000 0.000000 -2.909747 1.565463 -21.907021 4.566445 -0.601147 10.942187 -1.604223 -7.134361 10.476826 0.000000 0.000000 0.000000 2.367557 -0.385853 5.273947 3.081069 -1.388959 -1.124855 2.330107 -5.002782 7.101688 3.514255 -1.361841 -16.479185 0.000000 0.000000 0.000000 -24.277617 1.674687 -2.237954 -46.813384 -8.366542 -2.941161 -0.159186 -35.624651 1.910336 0.000000 0.000000 0.000000 21.561352 3.281496 -1.106019 44.862505 12.101300 0.021625 -19.783335 20.772322 -2.703524 0.000000 0.000000 0.000000 
-0.094549 0.942115 0.260608 -0.329926 4.125331 4.180200 2.162292 0.052438 1.731946 -0.596979 -0.914265 23.848907 0.568390 1.534946 0.697051 0.000000 0.000000 0.000000 -2.993037 1.501196 -21.011339 4.187118 -0.524061 11.455568 -1.542269 -6.559198 8.668806 0.000000 0.000000 0.000000 3.748203 -0.513035 5.570491 2.980360 -1.308200 -1.560563 2.902231 -2.336676 7.215597 3.248709 -0.915637 -16.565431 0.000000 0.000000 0.000000 -24.213668 1.378872 -2.865120 -47.547327 -5.844727 -3.703592 -1.256388 -35.010239 1.964257 0.000000 0.000000 0.000000 20.279374 3.931870 0.147765 42.431989 14.410227 0.504750 -20.101921 19.279200 -2.342226 0.000000 0.000000 0.000000 
-0.100802 0.945611 0.281613 0.603135 4.562574 4.004728 2.657970 -0.316173 -3.552950 -3.429337 -0.333095 33.024870 0.893981 3.143275 2.784265 0.000000 0.000000 0.000000 -3.718004 1.295231 -19.730203 4.767349 -0.670886 11.820854 -1.725991 -6.749857 8.084316 0.000000 0.000000 0.000000 4.970368 -0.766182 7.400627 2.324787 -0.958294 -2.296818 3.901354 0.111015 7.298629 3.288246 -0.645755 -16.805639 0.000000 0.000000 0.000000 -25.493862 1.201170 -3.741484 -46.802508 -4.799512 -3.807301 -2.184814 -34.477085 1.977571 0.000000 0.000000 0.000000 18.914206 4.841813 1.416313 39.304884 16.387137 0.760446 -19.667653 17.791981 -1.917464 0.000000 0.000000 0.000000 
-0.104765 0.948780 0.299459 1.954923 5.281685 4.044160 1.982176 -0.659257 -8.041484 -5.748415 0.449152 36.566975 2.731578 5.881971 0.348788 0.000000 0.000000 0.000000 -4.606219 1.088819 -18.790770 4.372148 -0.615470 12.600569 -1.655440 -6.389078 7.493636 0.000000 0.000000 0.000000 6.032368 -1.068060 9.380841 1.882080 -0.693527 -3.303787 4.086285 2.033420 7.842194 5.191355 -1.475312 -17.431143 0.000000 0.000000 0.000000 -26.020871 0.642635 -4.263923 -47.485084 -2.719022 -4.447780 -2.989498 -34.339680 2.006897 0.000000 0.000000 0.000000 19.247770 6.485913 2.990371 34.661437 19.016883 0.933149 -19.800209 14.631333 -1.397299 0.000000 0.000000 0.000000 
-0.107253 0.952964 0.315253 3.478470 5.486609 4.478531 0.759010 -1.030016 -11.532400 -6.881092 0.926087 35.320663 3.427462 6.937988 -0.754483 0.000000 0.000000 0.000000 -5.745328 0.888824 -17.970845 3.803484 -0.491516 12.794068 -1.216550 -5.274969 6.878723 0.000000 0.000000 0.000000 6.881210 -1.329959 10.803366 1.436974 -0.501161 -3.212834 4.316163 4.746502 7.906035 5.700043 -1.526632 -17.062886 0.000000 0.000000 0.000000 -26.737248 -0.952477 -4.443127 -46.840066 -0.709570 -4.781106 -4.560586 -34.890535 2.250085 0.000000 0.000000 0.000000 19.563938 7.877373 4.605360 29.412902 20.648003 0.619260 -20.038643 13.638854 -1.200195 0.000000 0.000000 0.000000 
-0.108820 0.956328 0.329072 4.560311 5.478881 5.144900 -0.920815 -1.383334 -13.664881 -5.804229 0.554933 29.744183 3.748386 7.493056 -1.119748 0.000000 0.000000 0.000000 -6.191718 0.813035 -17.316088 3.010880 -0.308099 13.024375 -0.954261 -4.205140 5.194988 0.000000 0.000000 0.000000 7.847813 -1.619693 12.056067 1.318444 -0.469875 -2.833411 4.556557 6.822125 7.978182 6.402782 -1.731248 -17.050550 0.000000 0.000000 0.000000 -26.448902 -0.763347 -5.258958 -47.560095 2.096784 -5.710696 -5.880422 -36.033404 2.515928 0.000000 0.000000 0.000000 19.157141 9.312048 5.974864 24.761684 22.750127 0.451615 -21.163801 10.689208 -0.818789 0.000000 0.000000 0.000000 
-0.109734 0.957937 0.341499 5.706431 6.555090 5.522728 -3.241313 -1.629295 -13.901034 -3.383674 -0.148072 21.915532 3.311409 6.490966 -1.221854 0.000000 0.000000 0.000000 -6.952646 0.640543 -15.870572 2.497264 -0.218952 12.219219 -1.390896 -4.716733 3.805763 0.000000 0.000000 0.000000 9.001217 -1.965730 13.207351 0.825610 -0.260925 -2.536643 4.706024 7.649609 8.194955 7.999784 -2.631328 -16.719454 0.000000 0.000000 0.000000 -26.484657 -2.643922 -4.644163 -47.575995 3.686124 -6.155529 -6.351947 -37.657740 2.638215 0.000000 0.000000 0.000000 18.988569 10.525933 7.034843 20.419532 23.196113 0.013251 -21.947518 9.547469 -0.680354 0.000000 0.000000 0.000000 
-0.110587 0.958934 0.352627 6.403776 7.053757 5.920291 -4.487715 -1.720961 -13.734053 -2.000790 -0.293747 15.669821 2.826993 5.989241 0.064932 0.000000 0.000000 0.000000 -7.337625 0.561013 -14.948822 2.506266 -0.234264 11.568638 -1.605833 -5.046166 3.283279 0.000000 0.000000 0.000000 9.475204 -2.207036 14.230268 0.922103 -0.321133 -2.177275 4.969448 8.149695 8.392842 8.742152 -3.051497 -16.590074 0.000000 0.000000 0.000000 -25.636788 -3.343971 -4.289819 -48.093003 4.835549 -6.670245 -7.540309 -39.293382 3.069851 0.000000 0.000000 0.000000 18.995709 11.244096 7.639681 17.386982 24.100267 -0.196984 -22.891847 8.274525 -0.516298 0.000000 0.000000 0.000000 
-0.111778 0.958691 0.362466 6.701268 7.599352 6.778075 -5.343329 -1.749409 -13.472746 -1.015017 -0.359245 12.013816 1.906587 4.916422 1.898578 0.000000 0.000000 0.000000 -7.599630 0.521932 -14.900057 2.963678 -0.348068 10.862230 -2.487938 -7.045948 3.103760 0.000000 0.000000 0.000000 10.490401 -2.459801 14.456385 0.884626 -0.351971 -1.325318 4.776914 9.029540 8.119194 10.119302 -4.076067 -15.348888 0.000000 0.000000 0.000000 -24.984364 -4.958300 -3.606900 -48.499585 5.837606 -7.024608 -8.598773 -40.926152 3.434916 0.000000 0.000000 0.000000 19.175707 11.357967 8.069174 14.897934 24.607829 -0.457748 -23.111732 6.964513 -0.290521 0.000000 0.000000 0.000000 
-0.113221 0.958378 0.370806 6.777682 7.726056 7.441445 -4.976617 -1.544352 -12.401715 -1.246276 -0.179351 8.813713 1.871246 5.619010 3.695721 0.000000 0.000000 0.000000 -7.458097 0.546830 -15.046936 3.099712 -0.380511 10.674012 -2.808945 -7.691650 2.583651 0.000000 0.000000 0.000000 10.943692 -2.596101 14.616353 1.226093 -0.522179 -1.094027 4.999778 9.121836 8.458085 10.212682 -4.164440 -15.210712 0.000000 0.000000 0.000000 -24.563336 -5.329602 -3.317110 -48.982530 6.593677 -7.462964 -9.968974 -43.376297 4.158452 0.000000 0.000000 0.000000 19.231382 12.156472 8.578211 13.070302 24.439805 -0.647892 -24.178142 7.123957 -0.352215 0.000000 0.000000 0.000000 
-0.114466 0.957792 0.377874 7.262300 7.867686 8.128306 -4.920787 -1.430840 -11.740646 -1.560696 -0.061903 6.957219 1.978525 6.342658 4.972521 0.000000 0.000000 0.000000 -7.609262 0.537238 -15.158717 3.109919 -0.385245 10.515620 -3.293447 -8.732671 1.955237 0.000000 0.000000 0.000000 11.071551 -2.738860 15.151698 1.513758 -0.664358 -0.928287 4.910486 9.396319 8.463078 10.899360 -4.340857 -16.196157 0.000000 0.000000 0.000000 -24.346331 -6.104275 -2.932453 -48.736078 6.284020 -7.259889 -11.504783 -44.950603 4.893333 0.000000 0.000000 0.000000 19.835142 13.237780 9.459181 10.817996 24.405153 -0.891503 -24.551610 6.290529 -0.233267 0.000000 0.000000 0.000000 
-0.115024 0.957140 0.383799 7.707295 7.956359 8.975419 -4.817215 -1.419560 -11.791891 -1.633764 -0.030259 6.285045 1.817062 6.253415 5.472482 0.000000 0.000000 0.000000 -7.829947 0.524495 -15.339251 3.402054 -0.448537 10.229482 -3.919941 -10.180967 1.497392 0.000000 0.000000 0.000000 11.252881 -2.839409 15.316112 1.415423 -0.669226 -0.177206 4.995598 9.375546 7.876900 11.379787 -4.686631 -16.002677 0.000000 0.000000 0.000000 -24.928922 -6.947272 -2.539834 -48.052022 6.729331 -7.199461 -12.308550 -46.577053 5.448233 0.000000 0.000000 0.000000 20.193894 14.280808 10.127472 9.090436 24.599864 -1.023552 -24.648262 5.212357 -0.061276 0.000000 0.000000 0.000000 
-0.114965 0.956220 0.389104 8.026834 7.862143 10.054368 -4.991990 -1.448110 -12.001241 -1.561375 -0.015964 5.516930 1.656835 6.084406 5.770537 0.000000 0.000000 0.000000 -8.034264 0.524345 -15.814548 3.198448 -0.400344 9.857475 -4.310408 -11.078142 0.978787 0.000000 0.000000 0.000000 11.208839 -2.865615 15.275349 1.329856 -0.664490 0.345619 4.977164 9.565394 7.486672 11.384227 -4.764527 -15.566460 0.000000 0.000000 0.000000 -25.506437 -7.332296 -2.491339 -47.368862 6.506161 -6.871276 -12.879037 -47.988696 5.859377 0.000000 0.000000 0.000000 20.489996 15.666023 11.118509 7.750670 24.532519 -1.169207 -24.339022 4.071128 0.128321 0.000000 0.000000 0.000000 
-0.114432 0.955162 0.394032 8.153238 7.691404 10.618049 -5.150211 -1.428129 -11.862350 -1.284526 -0.036794 5.041607 1.144469 5.083328 5.635083 0.000000 0.000000 0.000000 -8.164384 0.527824 -15.920489 3.156877 -0.384145 9.399995 -4.542479 -11.642798 0.842632 0.000000 0.000000 0.000000 11.172875 -2.980605 15.884353 0.793838 -0.421455 0.463743 5.419494 9.913605 7.298643 11.391870 -4.813970 -15.291008 0.000000 0.000000 0.000000 -26.119737 -7.831231 -2.371695 -46.533934 6.752328 -6.715777 -13.640044 -48.948143 6.336475 0.000000 0.000000 0.000000 21.015999 16.286523 11.683411 6.220327 25.144753 -1.326695 -23.457411 3.709375 0.163281 0.000000 0.000000 0.000000 
-0.113902 0.954058 0.398676 8.251269 7.812186 11.290251 -5.172780 -1.421374 -11.875228 -1.180925 -0.034246 4.527212 0.639098 4.109877 5.516262 0.000000 0.000000 0.000000 -8.206676 0.531091 -16.392045 2.846894 -0.321923 9.149286 -4.883334 -12.493975 0.981416 0.000000 0.000000 0.000000 10.879159 -2.961502 15.937253 0.947971 -0.539228 1.161928 5.163902 10.317027 6.468732 11.209639 -4.695684 -15.002396 0.000000 0.000000 0.000000 -26.533987 -7.919280 -2.607614 -45.704211 6.996517 -6.491048 -14.836304 -49.275504 6.857185 0.000000 0.000000 0.000000 21.322133 17.066170 12.402354 5.760062 24.905155 -1.374948 -23.110915 3.982337 0.107771 0.000000 0.000000 0.000000 
-0.113365 0.953228 0.403080 8.130413 8.008590 11.690134 -5.146756 -1.405257 -11.824350 -0.811731 -0.071236 4.220834 0.015670 2.848934 5.277081 0.000000 0.000000 0.000000 -7.959337 0.562675 -16.884301 2.537373 -0.264181 9.482135 -5.027604 -12.849120 1.026297 0.000000 0.000000 0.000000 10.652117 -2.976570 16.167484 0.540387 -0.331356 0.864094 5.474549 10.128654 6.610075 10.941041 -4.510486 -15.095311 0.000000 0.000000 0.000000 -26.554813 -7.697314 -2.694323 -45.566392 7.183225 -6.552066 -15.118107 -49.668879 7.069797 0.000000 0.000000 0.000000 21.632473 17.278547 12.603556 5.742936 25.376847 -1.399736 -22.582050 4.649742 -0.017175 0.000000 0.000000 0.000000 
-0.113039 0.952302 0.407209 7.964811 8.305609 11.838490 -5.170162 -1.346858 -11.465186 -0.448355 -0.094473 3.640802 -0.685298 1.271807 4.754724 0.000000 0.000000 0.000000 -7.650500 0.595664 -16.863572 2.329673 -0.227170 9.647463 -5.343380 -13.626481 1.131540 0.000000 0.000000 0.000000 10.187851 -2.969094 16.604903 0.576089 -0.358377 0.994419 5.344764 10.100792 6.026169 10.563428 -4.163637 -15.424932 0.000000 0.000000 0.000000 -26.838859 -7.434142 -2.971745 -44.937359 7.172306 -6.348961 -15.137340 -48.941517 6.958016 0.000000 0.000000 0.000000 21.223525 17.365578 12.562184 6.661178 25.708078 -1.283947 -22.240204 6.003458 -0.229183 0.000000 0.000000 0.000000 
-0.112651 0.951631 0.410678 7.609263 8.801027 12.099960 -4.937247 -1.303633 -11.309519 -0.254062 -0.088410 2.892684 -1.291542 0.116996 4.725797 0.000000 0.000000 0.000000 -7.271115 0.632801 -17.060325 1.937570 -0.154754 9.643192 -5.335011 -13.608015 1.249422 0.000000 0.000000 0.000000 9.907286 -2.968762 16.781435 0.465530 -0.296621 0.765062 5.315323 9.980735 5.837801 10.332338 -3.946670 -15.631850 0.000000 0.000000 0.000000 -27.146753 -7.382247 -3.143562 -44.340710 7.260027 -6.200410 -15.034745 -48.635871 6.849935 0.000000 0.000000 0.000000 20.545826 17.176624 12.318244 8.115221 25.969122 -1.118570 -22.461430 7.240874 -0.412031 0.000000 0.000000 0.000000 
-0.112162 0.950553 0.413267 7.423749 9.295753 12.359467 -4.891749 -1.282373 -11.222347 -0.038574 -0.099542 2.562219 -1.849283 -1.187603 4.298770 0.000000 0.000000 0.000000 -6.957890 0.662327 -17.491086 1.538644 -0.080039 10.291420 -5.404580 -13.762504 0.703543 0.000000 0.000000 0.000000 9.693946 -2.994809 17.053924 0.381926 -0.239076 0.399218 5.213624 9.721063 5.854065 10.194357 -3.727490 -16.190888 0.000000 0.000000 0.000000 -27.068994 -7.328406 -3.165463 -44.285382 7.405614 -6.240763 -14.861984 -47.724609 6.643548 0.000000 0.000000 0.000000 19.845540 17.110870 12.092614 9.421972 26.419752 -0.943041 -22.897736 8.248282 -0.567580 0.000000 0.000000 0.000000 
-0.111256 0.950201 0.414825 7.220907 9.518639 12.506605 -4.798791 -1.252594 -11.081249 -0.344264 -0.036257 1.764887 -2.067346 -1.362908 4.700454 0.000000 0.000000 0.000000 -6.880843 0.670049 -17.749856 1.343935 -0.042095 10.727960 -5.613023 -14.275366 0.742918 0.000000 0.000000 0.000000 9.437754 -2.990099 17.278054 0.154696 -0.143697 0.521923 5.085298 9.642141 5.686477 10.397923 -3.724251 -16.709774 0.000000 0.000000 0.000000 -27.143343 -7.607624 -3.037451 -44.331207 7.035844 -6.088265 -14.410424 -47.157582 6.356878 0.000000 0.000000 0.000000 19.794014 17.285105 12.199341 9.322163 26.694811 -0.943356 -23.624259 8.721352 -0.666397 0.000000 0.000000 0.000000 
-0.109812 0.949797 0.415442 7.233694 10.040539 12.874876 -4.850085 -1.258411 -11.145741 -0.323067 -0.013897 1.082940 -2.627855 -2.005172 5.375928 0.000000 0.000000 0.000000 -6.866297 0.657349 -18.155256 1.043894 0.012729 11.244548 -5.729441 -14.565901 0.241630 0.000000 0.000000 0.000000 9.407889 -3.021340 17.311325 0.125437 -0.102197 0.005250 4.982720 9.368578 6.225626 10.281718 -3.434370 -17.680934 0.000000 0.000000 0.000000 -26.898425 -7.459243 -3.102024 -44.970499 6.719506 -6.138129 -14.489574 -46.421705 6.261614 0.000000 0.000000 0.000000 18.745669 17.458369 12.062682 9.887768 27.092386 -0.856240 -24.561756 9.030683 -0.729085 0.000000 0.000000 0.000000 
-0.107983 0.950137 0.415288 7.194297 10.423033 13.099177 -5.205387 -1.265835 -11.109609 -0.159007 -0.007355 0.491187 -3.015476 -2.363258 5.950837 0.000000 0.000000 0.000000 -7.098851 0.612247 -18.442446 0.876348 0.041947 11.489340 -5.673783 -14.419959 0.407792 0.000000 0.000000 0.000000 9.713208 -3.175384 17.674891 -0.097662 0.003859 -0.113545 4.702405 9.327287 6.384571 10.372156 -3.346122 -18.229036 0.000000 0.000000 0.000000 -27.022339 -7.564492 -3.150924 -45.489118 6.407972 -6.094587 -14.501598 -46.036168 6.172526 0.000000 0.000000 0.000000 18.255342 17.534003 12.058720 9.301195 27.796184 -0.919110 -25.528632 8.471239 -0.639935 0.000000 0.000000 0.000000 
-0.106219 0.950625 0.414734 7.007777 10.323765 13.164776 -5.345443 -1.287100 -11.212426 0.051229 -0.012518 0.147977 -3.247581 -2.548718 6.376337 0.000000 0.000000 0.000000 -7.194725 0.606284 -18.394279 0.803241 0.060530 11.335816 -5.660106 -14.391332 0.319068 0.000000 0.000000 0.000000 9.842079 -3.304475 18.249385 -0.558455 0.211833 -0.109507 4.767883 9.297582 6.529631 10.481969 -3.381068 -18.432954 0.000000 0.000000 0.000000 -26.938820 -7.822361 -2.923568 -46.588096 5.799457 -6.103004 -13.273532 -45.710157 5.617427 0.000000 0.000000 0.000000 17.770124 18.202355 12.291829 8.312336 28.615286 -1.016472 -26.496867 7.325675 -0.441663 0.000000 0.000000 0.000000 
-0.104976 0.951413 0.414231 7.138266 10.393265 13.652477 -5.603324 -1.285847 -11.168063 0.092979 0.015503 -0.695575 -3.609105 -2.844839 6.983443 0.000000 0.000000 0.000000 -7.517522 0.563780 -18.297627 0.848274 0.046420 10.699679 -5.591268 -14.221850 0.756750 0.000000 0.000000 0.000000 9.802760 -3.324389 18.302389 -0.693843 0.274160 -0.185151 4.851619 9.564574 6.597127 10.549287 -3.434397 -18.224717 0.000000 0.000000 0.000000 -26.653437 -7.966881 -2.894168 -47.449725 5.324247 -6.073500 -13.029916 -44.591120 5.329176 0.000000 0.000000 0.000000 17.468068 18.194975 12.302203 7.081534 29.395028 -1.181988 -26.144193 5.649246 -0.101500 0.000000 0.000000 0.000000 
-0.104220 0.951703 0.413944 7.035757 10.334456 13.986203 -5.626838 -1.298029 -11.275669 0.114014 0.023731 -0.968459 -3.810673 -3.048782 7.268726 0.000000 0.000000 0.000000 -7.463517 0.580866 -18.305973 0.739544 0.068237 10.020954 -5.535474 -14.089737 0.837054 0.000000 0.000000 0.000000 9.622182 -3.263388 18.127215 -0.946887 0.356824 0.407098 5.144126 9.921090 6.263757 10.120605 -3.203051 -17.964215 0.000000 0.000000 0.000000 -27.327442 -8.171547 -3.023326 -47.563122 4.979442 -5.856224 -12.051444 -43.479576 4.796508 0.000000 0.000000 0.000000 17.053759 18.771251 12.574048 6.372076 30.160258 -1.251122 -25.983662 3.064326 0.415090 0.000000 0.000000 0.000000 
-0.103965 0.951698 0.414232 7.141865 10.331716 14.163459 -5.869192 -1.296523 -11.208067 0.518652 0.004426 -1.251074 -3.850922 -3.059652 7.361925 0.000000 0.000000 0.000000 -7.561893 0.569380 -18.220886 0.835068 0.045961 9.689225 -5.753755 -14.624988 1.121299 0.000000 0.000000 0.000000 9.328160 -3.230935 18.318522 -1.073247 0.416863 0.324748 5.303196 10.038207 6.078539 10.046347 -3.187619 -17.773822 0.000000 0.000000 0.000000 -27.529714 -7.986366 -3.224782 -47.996498 4.584086 -5.745236 -11.176053 -42.380607 4.330728 0.000000 0.000000 0.000000 17.552313 18.945481 12.857288 5.362254 31.211422 -1.430039 -25.699934 1.489486 0.710234 0.000000 0.000000 0.000000 
-0.104059 0.951272 0.415120 6.972637 10.091786 14.126524 -5.853001 -1.260790 -10.991278 0.701712 0.005558 -1.619705 -3.986244 -3.314334 7.395549 0.000000 0.000000 0.000000 -7.460280 0.597107 -17.664282 0.940363 0.023948 8.849315 -5.654730 -14.388153 1.500325 0.000000 0.000000 0.000000 8.886162 -3.079968 18.097463 -1.073629 0.387482 0.954321 5.324398 10.572173 5.532889 9.654571 -2.912815 -17.751213 0.000000 0.000000 0.000000 -28.191353 -7.955206 -3.559144 -47.588602 4.254078 -5.420327 -11.354198 -41.053247 4.240853 0.000000 0.000000 0.000000 17.748469 18.959795 13.002783 5.726949 31.960404 -1.353546 -26.084721 0.002263 1.042468 0.000000 0.000000 0.000000 
-0.104418 0.950878 0.416545 6.718138 9.986136 14.018383 -5.647521 -1.248404 -10.972162 0.916641 -0.018297 -1.419577 -3.857407 -3.329902 7.004545 0.000000 0.000000 0.000000 -7.145363 0.643382 -17.218859 1.037458 0.002451 8.233918 -5.807001 -14.763255 1.753349 0.000000 0.000000 0.000000 8.427453 -2.919958 17.798148 -1.219078 0.469131 0.672363 5.856837 10.625318 5.743181 9.432553 -2.783809 -17.777300 0.000000 0.000000 0.000000 -28.720619 -7.672366 -3.844662 -47.632215 4.376289 -5.451913 -10.833080 -40.812572 4.036141 0.000000 0.000000 0.000000 18.294609 18.867232 13.098918 5.993661 32.845256 -1.331603 -26.738408 -0.505750 1.185095 0.000000 0.000000 0.000000 
-0.104866 0.950826 0.418294 6.438950 9.931761 13.762370 -5.418412 -1.194521 -10.673230 0.999490 -0.020180 -1.522898 -4.063517 -3.635034 7.147927 0.000000 0.000000 0.000000 -6.820063 0.680456 -16.570564 1.067568 -0.006890 7.608297 -6.064683 -15.369128 2.398847 0.000000 0.000000 0.000000 7.909247 -2.697004 17.175153 -1.107498 0.398817 1.077377 5.877019 10.753053 5.247629 9.332657 -2.715740 -17.760800 0.000000 0.000000 0.000000 -29.475517 -7.279364 -4.303604 -47.073820 4.342501 -5.258558 -11.048178 -40.529377 4.093930 0.000000 0.000000 0.000000 19.301365 18.491767 13.158105 6.273216 33.659344 -1.289222 -27.451817 -0.741021 1.278281 0.000000 0.000000 0.000000 
-0.105323 0.950931 0.420158 6.117782 10.116232 13.652824 -5.047383 -1.155336 -10.521281 0.961246 -0.023840 -1.367465 -4.031217 -3.727188 6.886010 0.000000 0.000000 0.000000 -6.509831 0.705044 -15.927741 1.318783 -0.063124 6.661140 -6.265281 -15.812860 3.149175 0.000000 0.000000 0.000000 7.439328 -2.506839 16.559512 -1.116623 0.412440 0.859676 6.295313 10.980348 5.282185 9.064611 -2.444267 -18.165719 0.000000 0.000000 0.000000 -30.059140 -7.127601 -4.665072 -46.607586 4.750326 -5.260576 -11.099454 -41.304689 4.167162 0.000000 0.000000 0.000000 19.739470 17.887926 12.987257 7.251390 34.400369 -1.109408 -28.301926 -0.314357 1.256752 0.000000 0.000000 0.000000 
-0.105556 0.951107 0.421866 5.917944 10.182471 13.558884 -4.816723 -1.127839 -10.404918 0.898620 -0.020479 -1.337474 -4.024774 -3.699568 6.905949 0.000000 0.000000 0.000000 -6.087100 0.746723 -15.492412 1.134231 -0.034322 6.184478 -6.279245 -15.846254 3.283777 0.000000 0.000000 0.000000 6.955240 -2.317124 15.940390 -1.008384 0.357580 0.954433 6.567847 11.063388 5.017399 8.886689 -2.226217 -18.694226 0.000000 0.000000 0.000000 -30.151991 -6.533062 -5.093653 -46.544732 5.293527 -5.435918 -11.488590 -42.238804 4.387425 0.000000 0.000000 0.000000 19.788598 17.522552 12.752195 8.490054 35.168033 -0.809824 -28.676533 0.346315 1.147400 0.000000 0.000000 0.000000 
-0.105668 0.950915 0.423207 5.602251 10.081302 13.311404 -4.442788 -1.084354 -10.193132 0.917819 -0.031874 -1.109006 -3.855473 -3.650766 6.501149 0.000000 0.000000 0.000000 -5.896489 0.763380 -15.085240 1.222238 -0.053203 5.721177 -6.428035 -16.177654 3.705850 0.000000 0.000000 0.000000 6.642184 -2.192680 15.554441 -1.062293 0.383907 0.965565 6.735867 11.473165 4.711311 8.982685 -2.195233 -18.939627 0.000000 0.000000 0.000000 -29.880225 -6.346826 -5.297749 -46.482178 5.529703 -5.469197 -12.008069 -43.033140 4.600083 0.000000 0.000000 0.000000 20.015897 17.114356 12.650219 9.524112 35.491955 -0.583725 -28.672622 1.257378 0.958846 0.000000 0.000000 0.000000 
-0.105739 0.950575 0.424043 5.397140 10.252520 13.076410 -4.223929 -1.065327 -10.111161 0.895944 -0.037305 -0.940020 -3.787953 -3.636627 6.305667 0.000000 0.000000 0.000000 -5.611528 0.772921 -14.395493 1.127284 -0.044307 5.191075 -6.612960 -16.589534 3.953519 0.000000 0.000000 0.000000 6.362395 -2.079334 15.126269 -0.769685 0.242199 1.090267 6.897914 11.488556 4.606254 8.473029 -1.776253 -19.561337 0.000000 0.000000 0.000000 -29.851866 -6.234503 -5.382894 -46.577532 5.994171 -5.654574 -12.124807 -43.753516 4.704630 0.000000 0.000000 0.000000 19.923155 17.120995 12.606982 10.760928 35.604331 -0.284043 -28.621894 2.282079 0.734433 0.000000 0.000000 0.000000 
-0.105996 0.950189 0.424423 5.250035 10.413998 12.873076 -3.971320 -1.018892 -9.836369 0.875549 -0.039183 -0.856838 -3.819251 -3.849654 6.052961 0.000000 0.000000 0.000000 -5.493298 0.769758 -14.026651 1.147383 -0.053959 4.795505 -6.512607 -16.349562 4.102470 0.000000 0.000000 0.000000 6.168739 -2.003591 14.842825 -0.771096 0.244428 1.047240 7.230956 11.282890 4.438065 8.397996 -1.697651 -19.862512 0.000000 0.000000 0.000000 -29.655008 -6.184353 -5.271164 -46.469676 6.076678 -5.698586 -12.827740 -44.039407 5.038557 0.000000 0.000000 0.000000 20.019001 17.064744 12.514924 11.963728 35.602200 -0.007626 -28.618839 3.816151 0.392773 0.000000 0.000000 0.000000 
-0.106544 0.949806 0.424536 5.020658 10.589469 12.669285 -3.704252 -1.014409 -9.865351 1.016274 -0.059497 -0.643101 -3.899393 -4.139264 5.833832 0.000000 0.000000 0.000000 -5.243565 0.778932 -13.632401 1.142565 -0.062407 4.194646 -6.680097 -16.712553 4.359645 0.000000 0.000000 0.000000 5.905466 -1.898806 14.415707 -0.577995 0.141802 1.263255 7.466411 10.814209 4.197901 7.808523 -1.402485 -19.939517 0.000000 0.000000 0.000000 -29.408900 -5.734533 -5.281520 -46.548602 5.912820 -5.728473 -13.038153 -44.312096 5.205581 0.000000 0.000000 0.000000 20.163358 17.126810 12.419284 13.325244 35.516618 0.314385 -28.979306 5.338333 0.054335 0.000000 0.000000 0.000000 
-0.107478 0.949728 0.424626 4.778704 10.790875 12.396235 -3.464145 -0.970336 -9.587965 1.060119 -0.060148 -0.703146 -4.084043 -4.539613 5.751205 0.000000 0.000000 0.000000 -5.034090 0.774382 -13.045676 1.191918 -0.082829 3.426990 -6.765839 -16.874488 4.778430 0.000000 0.000000 0.000000 5.694057 -1.850104 14.358585 -0.473698 0.095629 1.210609 7.726473 10.608254 4.123143 7.366890 -1.183153 -19.894513 0.000000 0.000000 0.000000 -29.344568 -5.747640 -5.176076 -46.141758 5.784912 -5.636245 -13.165288 -44.143023 5.274282 0.000000 0.000000 0.000000 20.586533 16.694275 12.203510 14.792376 35.021085 0.577199 -29.628583 7.245343 -0.365774 0.000000 0.000000 0.000000 
-0.108626 0.949537 0.424820 4.472869 11.035251 12.346067 -3.001844 -0.944524 -9.508739 0.982216 -0.050645 -0.773755 -4.160320 -4.599600 5.860192 0.000000 0.000000 0.000000 -4.751462 0.781210 -12.594639 1.144351 -0.087800 2.751267 -6.851029 -17.021375 5.312023 0.000000 0.000000 0.000000 5.548655 -1.751058 13.729643 -0.453625 0.088902 1.138304 7.904206 10.104992 4.338074 6.921786 -1.018159 -19.666345 0.000000 0.000000 0.000000 -28.747068 -5.428808 -5.050028 -46.131157 5.604455 -5.683052 -13.210792 -44.087913 5.331040 0.000000 0.000000 0.000000 21.219243 16.174160 11.926093 16.285084 34.366117 0.800323 -29.858660 9.417666 -0.866163 0.000000 0.000000 0.000000 
-0.109844 0.949346 0.425214 4.044073 10.969823 12.033902 -2.541633 -0.903791 -9.273445 0.975390 -0.050451 -0.771843 -4.368719 -5.056605 5.798207 0.000000 0.000000 0.000000 -4.334590 0.790177 -11.908339 1.252307 -0.115796 2.039982 -6.962036 -17.210127 6.163697 0.000000 0.000000 0.000000 5.206319 -1.633275 13.320270 -0.715251 0.202174 1.314770 8.308510 10.164487 4.192910 6.752701 -0.986111 -19.344767 0.000000 0.000000 0.000000 -28.410736 -5.666802 -4.779503 -45.766963 5.567471 -5.634078 -13.574481 -43.985119 5.481778 0.000000 0.000000 0.000000 22.036114 15.555346 11.708431 17.599290 33.427614 0.933029 -29.940260 11.564498 -1.355994 0.000000 0.000000 0.000000 
-0.110998 0.949132 0.425668 3.781370 11.164349 12.019911 -2.188145 -0.885838 -9.212498 0.963828 -0.041092 -0.961686 -4.585756 -5.243231 6.121478 0.000000 0.000000 0.000000 -3.966565 0.800333 -11.505842 1.042078 -0.098554 1.447653 -6.959430 -17.162214 6.664195 0.000000 0.000000 0.000000 4.840278 -1.474996 12.468406 -0.651879 0.185777 1.071426 8.450200 9.810415 4.768723 6.192476 -0.697163 -19.324125 0.000000 0.000000 0.000000 -27.981871 -5.309670 -4.801106 -45.781879 5.217669 -5.615919 -14.166375 -43.698185 5.707532 0.000000 0.000000 0.000000 22.262618 14.965763 11.345887 19.296761 32.400687 1.096195 -30.389601 13.861248 -1.889558 0.000000 0.000000 0.000000 
-0.112078 0.948719 0.426068 3.292679 10.866204 11.619869 -1.779198 -0.859642 -9.056123 1.296595 -0.070504 -0.895132 -4.824539 -5.715981 6.146252 0.000000 0.000000 0.000000 -3.512104 0.815519 -11.053803 0.984587 -0.096233 1.148669 -6.902147 -17.040355 6.989709 0.000000 0.000000 0.000000 4.569528 -1.389546 12.196016 -0.967222 0.337182 1.064787 8.569316 9.765772 4.865926 5.918873 -0.615202 -19.006993 0.000000 0.000000 0.000000 -27.666003 -5.143118 -4.742459 -45.500088 4.954795 -5.527205 -14.644941 -43.659267 5.913418 0.000000 0.000000 0.000000 22.698985 14.485365 11.088002 20.482640 31.324450 1.136623 -30.860421 16.636869 -2.564822 0.000000 0.000000 0.000000 
-0.113149 0.948525 0.426352 2.948160 10.768184 11.343354 -1.504323 -0.825081 -8.805112 1.398715 -0.074499 -0.989364 -4.852352 -5.814883 6.093876 0.000000 0.000000 0.000000 -3.228919 0.806479 -10.487994 1.203444 -0.134957 0.706155 -6.906477 -17.051665 7.184332 0.000000 0.000000 0.000000 4.081221 -1.227632 11.454519 -1.104977 0.402773 1.083420 8.605409 9.302408 5.043509 5.492245 -0.608262 -17.857451 0.000000 0.000000 0.000000 -27.254244 -5.022252 -4.507724 -45.397695 4.878522 -5.592874 -14.697555 -43.168482 5.937463 0.000000 0.000000 0.000000 22.938244 14.332538 10.892363 21.897451 29.873900 1.159038 -31.697092 20.212287 -3.509290 0.000000 0.000000 0.000000 
-0.114104 0.948380 0.426627 2.487047 10.664018 11.088568 -1.178870 -0.786274 -8.514480 1.586734 -0.079746 -1.194710 -5.038263 -6.076002 6.247841 0.000000 0.000000 0.000000 -2.735635 0.798340 -9.786552 1.132503 -0.144903 -0.119990 -6.860071 -16.942682 7.579664 0.000000 0.000000 0.000000 3.785676 -1.098479 10.651450 -1.351763 0.518232 1.106429 8.703180 8.879517 5.010907 5.321910 -0.677696 -17.113422 0.000000 0.000000 0.000000 -26.987076 -4.720144 -4.430028 -45.065812 5.098519 -5.693966 -15.357753 -42.849979 6.214608 0.000000 0.000000 0.000000 23.384124 13.927195 10.566789 22.577411 28.800235 1.102426 -32.243608 23.667645 -4.445280 0.000000 0.000000 0.000000 
-0.114997 0.948159 0.426892 2.063922 10.456304 10.739174 -0.994094 -0.746879 -8.171558 1.856218 -0.094400 -1.336343 -5.066258 -6.013780 6.434047 0.000000 0.000000 0.000000 -2.352318 0.770487 -8.999089 1.390144 -0.188368 -0.639266 -6.597750 -16.415203 7.616202 0.000000 0.000000 0.000000 3.353680 -0.943601 9.732717 -1.274004 0.484680 1.135405 8.557341 8.637424 5.239363 5.021283 -0.674569 -16.196741 0.000000 0.000000 0.000000 -26.365811 -4.372507 -4.373890 -45.024272 5.268830 -5.850383 -15.555794 -42.285518 6.240077 0.000000 0.000000 0.000000 23.688509 13.690113 10.401839 23.114408 28.151968 1.059053 -33.574787 27.344564 -5.619601 0.000000 0.000000 0.000000 
-0.115777 0.947960 0.427187 1.570030 10.350728 10.249543 -0.576561 -0.689273 -7.674784 1.967386 -0.093821 -1.530426 -4.998933 -5.971221 6.316006 0.000000 0.000000 0.000000 -1.872891 0.737816 -8.205729 1.406759 -0.207267 -1.332429 -6.585368 -16.395163 7.873067 0.000000 0.000000 0.000000 3.013547 -0.837357 9.114098 -1.412837 0.559152 1.022374 8.575663 8.261591 5.406762 4.907776 -0.761731 -15.468385 0.000000 0.000000 0.000000 -26.479267 -4.040783 -4.447313 -44.823514 5.299804 -5.880627 -15.704307 -41.677954 6.254968 0.000000 0.000000 0.000000 23.828667 13.535309 10.199131 23.752085 27.943638 1.123544 -34.927085 30.561003 -6.780868 0.000000 0.000000 0.000000 
-0.116490 0.947435 0.427444 1.190222 10.293313 9.780962 -0.173440 -0.629230 -7.113061 2.061495 -0.081025 -1.933833 -5.092392 -6.035214 6.486015 0.000000 0.000000 0.000000 -1.512337 0.680531 -7.266070 1.642075 -0.245560 -1.813861 -6.549632 -16.357832 7.423502 0.000000 0.000000 0.000000 2.573904 -0.709255 8.303979 -1.444097 0.589495 0.785048 8.218254 7.937400 5.797077 4.763849 -0.790598 -14.860180 0.000000 0.000000 0.000000 -25.718589 -3.573191 -4.466365 -45.608979 5.507155 -6.201086 -15.303166 -40.906894 5.986577 0.000000 0.000000 0.000000 24.229193 13.312604 10.090277 24.476165 28.250919 1.249255 -36.709227 33.382497 -8.017447 0.000000 0.000000 0.000000 
-0.117244 0.947096 0.427591 0.764443 10.304037 9.239507 0.229761 -0.556955 -6.380551 1.946115 -0.049382 -2.418870 -5.203685 -6.406283 6.257601 0.000000 0.000000 0.000000 -1.035959 0.631589 -6.483329 1.811656 -0.273143 -2.180778 -6.650464 -16.583357 7.382855 0.000000 0.000000 0.000000 2.281130 -0.611166 7.543613 -1.740541 0.746583 0.437983 8.071357 7.436298 6.164528 4.828784 -0.937092 -14.441841 0.000000 0.000000 0.000000 -25.241959 -3.065760 -4.496149 -45.935706 5.786955 -6.474302 -14.943076 -40.678444 5.859405 0.000000 0.000000 0.000000 24.118024 13.254502 9.892200 25.072524 28.647771 1.424481 -37.008935 36.347147 -9.000255 0.000000 0.000000 0.000000 
-0.118111 0.946658 0.427520 0.399796 10.140362 8.737700 0.645245 -0.508160 -5.843540 1.950764 -0.037547 -2.690456 -5.293894 -6.542829 6.327434 0.000000 0.000000 0.000000 -0.852723 0.581273 -5.845951 2.217414 -0.319793 -2.346277 -6.734473 -16.798739 7.004061 0.000000 0.000000 0.000000 1.799002 -0.490647 6.653432 -1.845044 0.797955 0.478576 7.665221 7.238572 6.376099 4.862798 -1.081283 -13.799461 0.000000 0.000000 0.000000 -24.230873 -2.466106 -4.541505 -47.019317 6.158134 -6.925189 -14.465228 -40.426021 5.638679 0.000000 0.000000 0.000000 23.964423 13.300090 9.830562 25.614589 29.282749 1.641055 -36.745015 38.859169 -9.674866 0.000000 0.000000 0.000000 
-0.119159 0.946435 0.427297 0.162484 10.274014 8.263944 1.012454 -0.468251 -5.373705 1.787956 -0.021056 -2.814355 -5.221643 -6.559694 6.084482 0.000000 0.000000 0.000000 -0.587327 0.538228 -5.306790 2.322855 -0.332539 -2.367249 -6.765219 -16.872041 6.880038 0.000000 0.000000 0.000000 1.505141 -0.416437 6.019356 -2.063947 0.914561 0.168474 7.285774 7.016693 6.498400 5.035564 -1.241498 -13.527220 0.000000 0.000000 0.000000 -24.019093 -2.221685 -4.612384 -47.132030 6.377421 -7.065619 -14.132698 -39.920872 5.447138 0.000000 0.000000 0.000000 23.483244 13.548626 9.869372 25.899918 29.610752 1.770166 -34.979904 41.118741 -9.744176 0.000000 0.000000 0.000000 
-0.120310 0.946107 0.427037 -0.065880 10.057138 7.698096 1.342333 -0.429204 -4.881964 1.879458 -0.024247 -2.895453 -5.148593 -6.650134 5.773624 0.000000 0.000000 0.000000 -0.561672 0.466879 -4.535654 2.628764 -0.369604 -2.645888 -6.614525 -16.597774 6.306105 0.000000 0.000000 0.000000 1.251750 -0.345191 5.312179 -2.390974 1.068245 0.231212 6.733227 7.077584 6.521142 5.047899 -1.318549 -13.082102 0.000000 0.000000 0.000000 -23.314637 -1.881006 -4.657779 -47.625805 6.553315 -7.278425 -13.419860 -39.285912 5.080496 0.000000 0.000000 0.000000 22.895018 13.719465 9.873003 26.718536 30.035726 2.015841 -32.943040 43.115619 -9.527802 0.000000 0.000000 0.000000 
-0.121641 0.946050 0.426760 -0.338539 9.838946 7.122115 1.743202 -0.390850 -4.357891 1.996638 -0.034692 -2.861230 -5.098265 -6.707910 5.569742 0.000000 0.000000 0.000000 -0.505281 0.414620 -3.983006 2.862108 -0.391711 -2.526704 -6.422829 -16.208815 6.025771 0.000000 0.000000 0.000000 0.993339 -0.292676 4.833263 -2.777548 1.257232 0.079753 6.233470 7.137350 6.516075 5.302638 -1.604227 -12.367820 0.000000 0.000000 0.000000 -23.094369 -1.679729 -4.742293 -47.402150 6.409246 -7.185804 -12.754194 -38.754599 4.760455 0.000000 0.000000 0.000000 22.257758 13.827574 9.823693 27.400597 30.736656 2.310170 -29.850129 44.895785 -8.769271 0.000000 0.000000 0.000000 
-0.123169 0.945862 0.426497 -0.629229 9.716170 6.624366 2.111528 -0.356123 -3.843812 2.139437 -0.044054 -2.881517 -5.088022 -6.911016 5.261911 0.000000 0.000000 0.000000 -0.461264 0.344307 -3.253131 2.995458 -0.410213 -2.833811 -6.360277 -16.091042 5.858476 0.000000 0.000000 0.000000 0.894851 -0.249662 4.244722 -3.087773 1.407306 -0.008617 5.558199 7.255222 6.656826 5.130256 -1.560723 -11.871045 0.000000 0.000000 0.000000 -22.664619 -1.604249 -4.742973 -47.644907 6.394989 -7.253525 -11.571151 -38.169404 4.253381 0.000000 0.000000 0.000000 22.025288 13.945951 9.920242 27.737685 31.184707 2.456882 -27.136064 46.621383 -8.045273 0.000000 0.000000 0.000000 
-0.124851 0.945595 0.426168 -0.843354 9.572458 6.204546 2.514932 -0.337565 -3.508280 2.208419 -0.047958 -2.913418 -5.025199 -6.723308 5.362060 0.000000 0.000000 0.000000 -0.387653 0.297406 -2.776524 2.991631 -0.410288 -2.889297 -6.130682 -15.601203 5.797496 0.000000 0.000000 0.000000 0.646517 -0.207226 3.796373 -3.398160 1.560152 -0.259761 5.156113 7.332479 6.732799 5.209961 -1.705391 -11.332927 0.000000 0.000000 0.000000 -22.643987 -1.723060 -4.701743 -47.257943 6.445619 -7.194697 -10.748563 -37.470948 3.897467 0.000000 0.000000 0.000000 21.394448 13.824569 9.733842 28.687285 31.516637 2.740473 -24.854506 47.934984 -7.315197 0.000000 0.000000 0.000000 
-0.126449 0.945462 0.425802 -1.145014 9.181725 5.854898 2.871148 -0.333842 -3.395654 2.422702 -0.076236 -2.680592 -4.981938 -6.659428 5.369785 0.000000 0.000000 0.000000 -0.216810 0.248616 -2.293300 3.109446 -0.424171 -3.165301 -6.084438 -15.517535 5.902365 0.000000 0.000000 0.000000 0.483094 -0.174033 3.364919 -3.761599 1.730887 -0.251183 4.664397 7.529919 6.736574 5.107061 -1.702943 -10.926226 0.000000 0.000000 0.000000 -22.152204 -1.452802 -4.751068 -47.212771 5.885259 -7.005213 -9.574732 -36.290848 3.387276 0.000000 0.000000 0.000000 21.077282 13.480650 9.486050 29.417515 32.075540 3.028969 -23.292296 48.633994 -6.726992 0.000000 0.000000 0.000000 
-0.127677 0.945210 0.425550 -1.348810 8.870275 5.542246 3.088523 -0.324052 -3.224277 2.491607 -0.091247 -2.517818 -4.837446 -6.463700 5.272364 0.000000 0.000000 0.000000 -0.138351 0.213211 -1.953468 3.269995 -0.439185 -3.218724 -6.013253 -15.377339 5.956223 0.000000 0.000000 0.000000 0.250652 -0.151351 3.185774 -4.168587 1.923899 -0.450449 4.511229 7.632344 6.847967 5.015404 -1.684255 -10.697859 0.000000 0.000000 0.000000 -22.050457 -1.648496 -4.607332 -46.830655 5.439573 -6.781319 -8.622940 -35.089641 2.999531 0.000000 0.000000 0.000000 20.691758 13.334066 9.301317 30.320471 32.124422 3.248865 -22.716921 49.478808 -6.582114 0.000000 0.000000 0.000000 
-0.128359 0.945173 0.425440 -1.536952 8.402663 5.292198 3.278135 -0.305302 -2.916031 2.477822 -0.087257 -2.611285 -4.770096 -6.207229 5.499324 0.000000 0.000000 0.000000 -0.094505 0.171309 -1.555524 3.312114 -0.442752 -3.408770 -6.025387 -15.423397 6.035926 0.000000 0.000000 0.000000 0.061428 -0.121606 2.770547 -4.470176 2.065619 -0.451674 4.240347 7.828976 6.792053 4.586855 -1.482304 -10.194871 0.000000 0.000000 0.000000 -21.974264 -1.500069 -4.668953 -46.499684 5.207567 -6.634473 -7.964663 -33.822432 2.705345 0.000000 0.000000 0.000000 20.822512 12.988466 9.109795 30.830545 31.884278 3.295118 -21.884192 50.446011 -6.346226 0.000000 0.000000 0.000000 
-0.128560 0.945115 0.425427 -1.716973 8.033346 5.190643 3.431601 -0.301538 -2.836950 2.397173 -0.084891 -2.571305 -4.712919 -6.132450 5.485106 0.000000 0.000000 0.000000 0.035278 0.146624 -1.334445 3.249946 -0.436647 -3.568411 -5.971729 -15.325141 6.100451 0.000000 0.000000 0.000000 -0.158205 -0.096972 2.454077 -4.694627 2.171593 -0.668551 4.289064 7.875150 6.967035 4.410992 -1.338342 -10.376354 0.000000 0.000000 0.000000 -21.944976 -1.567226 -4.577906 -46.215934 4.917723 -6.500114 -7.603639 -32.341936 2.518478 0.000000 0.000000 0.000000 20.620134 12.876547 8.953033 30.877878 31.641944 3.260181 -21.476830 50.517234 -6.195426 0.000000 0.000000 0.000000 
-0.128567 0.945172 0.425310 -1.836806 7.835095 5.067857 3.481675 -0.287022 -2.601160 2.372955 -0.078252 -2.677864 -4.817551 -6.117490 5.829538 0.000000 0.000000 0.000000 0.174820 0.112553 -1.030696 3.098182 -0.424795 -3.798858 -6.017388 -15.436220 6.409137 0.000000 0.000000 0.000000 -0.343458 -0.072399 2.060795 -4.958816 2.293596 -0.719235 4.320290 7.713070 7.004043 3.893301 -0.902816 -10.971100 0.000000 0.000000 0.000000 -22.041609 -1.408575 -4.600822 -45.997210 4.526901 -6.340361 -7.256205 -30.986933 2.357950 0.000000 0.000000 0.000000 20.256413 12.979476 8.847756 31.163363 31.410343 3.301265 -21.541552 50.275338 -6.226511 0.000000 0.000000 0.000000 
-0.128464 0.945167 0.424960 -1.987286 7.683328 4.903112 3.573946 -0.275149 -2.391829 2.386342 -0.081106 -2.655226 -4.831500 -6.249796 5.687543 0.000000 0.000000 0.000000 0.291106 0.074597 -0.694963 2.943029 -0.413300 -3.997709 -5.970312 -15.345355 6.489829 0.000000 0.000000 0.000000 -0.539364 -0.057466 1.884392 -5.051901 2.337985 -0.881837 4.359269 7.782621 7.150651 3.898096 -0.867825 -11.190640 0.000000 0.000000 0.000000 -21.915105 -1.528894 -4.503259 -46.032122 4.091596 -6.202723 -7.168830 -30.110036 2.276728 0.000000 0.000000 0.000000 19.917706 12.920204 8.740220 30.974601 31.751268 3.369433 -21.059332 49.499822 -5.920581 0.000000 0.000000 0.000000 
-0.128316 0.945318 0.424424 -2.162707 7.444686 4.632088 3.730196 -0.263184 -2.174948 2.248089 -0.080549 -2.490952 -4.837577 -6.249786 5.729978 0.000000 0.000000 0.000000 0.409127 0.034025 -0.344718 2.924487 -0.412294 -4.101028 -5.919827 -15.250972 6.543702 0.000000 0.000000 0.000000 -0.515145 -0.051457 1.690936 -5.321947 2.463565 -0.884955 4.402747 7.758185 7.257297 3.624994 -0.704828 -11.138741 0.000000 0.000000 0.000000 -21.947066 -1.463002 -4.491996 -45.825778 3.638929 -6.026035 -6.867096 -29.357713 2.165084 0.000000 0.000000 0.000000 19.642193 13.116218 8.740479 30.967333 31.770590 3.404275 -21.483128 49.114435 -6.089885 0.000000 0.000000 0.000000 
-0.128088 0.945174 0.423764 -2.233978 7.391879 4.557774 3.781461 -0.257809 -2.069603 2.135356 -0.077637 -2.387323 -4.828968 -6.421819 5.453699 0.000000 0.000000 0.000000 0.383887 0.005150 -0.075991 3.009610 -0.423958 -4.367640 -5.984950 -15.395458 6.596760 0.000000 0.000000 0.000000 -0.590872 -0.042514 1.524889 -5.371347 2.486215 -1.018937 4.444968 7.932406 7.399075 3.553424 -0.601534 -11.383394 0.000000 0.000000 0.000000 -21.996567 -1.473495 -4.543932 -45.537065 3.272245 -5.835838 -7.116602 -29.064117 2.199539 0.000000 0.000000 0.000000 19.604739 12.950798 8.680405 30.958764 31.829516 3.406290 -21.947923 49.292080 -6.290984 0.000000 0.000000 0.000000 
-0.127871 0.945037 0.423044 -2.323662 7.358470 4.462533 3.867193 -0.259872 -2.087488 2.024767 -0.085945 -2.059310 -4.871287 -6.595532 5.322827 0.000000 0.000000 0.000000 0.319354 -0.026855 0.230612 2.988095 -0.426264 -4.606615 -5.890144 -15.200205 6.746278 0.000000 0.000000 0.000000 -0.600845 -0.030004 1.188678 -5.562023 2.574014 -0.939623 4.583441 7.882759 7.504321 3.423151 -0.508805 -11.460749 0.000000 0.000000 0.000000 -22.119960 -1.471334 -4.545672 -45.313606 2.920538 -5.680149 -7.170299 -29.154600 2.228361 0.000000 0.000000 0.000000 19.580956 13.037774 8.695921 31.115374 31.637047 3.392796 -22.354903 49.442515 -6.501303 0.000000 0.000000 0.000000 
-0.127724 0.944775 0.422207 -2.325710 7.308988 4.386711 3.883852 -0.260813 -2.115936 1.876947 -0.088598 -1.775555 -4.857466 -6.644637 5.215699 0.000000 0.000000 0.000000 0.142456 -0.038033 0.374307 3.080582 -0.433758 -4.609191 -5.906400 -15.236963 6.716042 0.000000 0.000000 0.000000 -0.666654 -0.019158 0.941809 -5.625384 2.602573 -1.103606 4.647380 7.987917 7.831187 3.499339 -0.562194 -11.387129 0.000000 0.000000 0.000000 -22.360687 -1.580870 -4.564465 -45.166555 2.568607 -5.535296 -7.081345 -29.447372 2.225791 0.000000 0.000000 0.000000 19.659009 13.011411 8.725857 31.224414 31.558729 3.367870 -22.676672 49.938565 -6.702028 0.000000 0.000000 0.000000 
-0.127665 0.944563 0.421287 -2.412931 7.108924 4.353959 3.918866 -0.264289 -2.193404 1.796491 -0.091422 -1.598126 -4.708081 -6.368080 5.211021 0.000000 0.000000 0.000000 0.012465 -0.046027 0.479450 3.188828 -0.445220 -4.858569 -5.799293 -15.021061 6.851066 0.000000 0.000000 0.000000 -0.664454 -0.006253 0.572001 -5.800149 2.680891 -1.255892 4.749921 8.103143 8.203951 3.341700 -0.381972 -11.820234 0.000000 0.000000 0.000000 -22.446457 -1.635358 -4.553077 -45.211861 2.058539 -5.382054 -6.690952 -29.459975 2.129847 0.000000 0.000000 0.000000 19.480130 13.235895 8.834028 31.645241 31.800565 3.505562 -22.956288 50.070513 -6.830628 0.000000 0.000000 0.000000 
-0.127657 0.944226 0.420306 -2.373865 7.034273 4.220927 3.817305 -0.249205 -1.990586 1.909310 -0.088009 -1.859058 -4.792686 -6.326929 5.525114 0.000000 0.000000 0.000000 -0.161130 -0.072345 0.770929 3.361714 -0.461818 -5.069962 -5.731380 -14.887262 6.990637 0.000000 0.000000 0.000000 -0.651638 -0.001572 0.420854 -6.096361 2.816570 -1.165352 4.868244 8.016565 8.133886 3.123912 -0.237772 -11.903985 0.000000 0.000000 0.000000 -22.536930 -1.835249 -4.415939 -45.366830 1.788272 -5.313626 -6.060830 -29.720521 1.995000 0.000000 0.000000 0.000000 19.497394 13.618241 9.013069 32.055571 31.919658 3.632897 -22.645731 50.084095 -6.718631 0.000000 0.000000 0.000000 
-0.127637 0.944137 0.419290 -2.377190 6.915651 4.190377 3.687220 -0.250105 -2.080028 1.954767 -0.080883 -2.081811 -4.738327 -6.031081 5.825039 0.000000 0.000000 0.000000 -0.268127 -0.073009 0.806567 3.490471 -0.471584 -5.110487 -5.764724 -14.970354 7.228425 0.000000 0.000000 0.000000 -0.748655 0.008484 0.195381 -6.184967 2.859569 -1.026383 4.950401 7.949237 8.209565 2.728245 0.035226 -12.048018 0.000000 0.000000 0.000000 -22.602429 -2.027093 -4.276209 -45.621697 1.150959 -5.139401 -5.517095 -29.604407 1.861070 0.000000 0.000000 0.000000 19.478305 13.984068 9.183413 32.275375 32.227055 3.767185 -21.982750 50.016700 -6.443424 0.000000 0.000000 0.000000 
-0.127604 0.944115 0.418186 -2.412443 6.901646 4.206730 3.651412 -0.244588 -1.993141 2.101219 -0.068578 -2.551424 -4.819636 -5.972594 6.155485 0.000000 0.000000 0.000000 -0.341310 -0.069341 0.792264 3.558272 -0.478533 -5.246665 -5.613707 -14.659547 7.382720 0.000000 0.000000 0.000000 -0.859907 0.014027 0.105808 -6.212095 2.871155 -1.076650 5.137956 7.765536 8.295969 2.337141 0.309880 -12.290035 0.000000 0.000000 0.000000 -22.714537 -2.171276 -4.150450 -45.909980 0.700129 -5.036893 -5.241636 -29.296948 1.794065 0.000000 0.000000 0.000000 19.236228 14.365489 9.293011 32.623953 32.467910 3.929038 -21.002661 49.714059 -6.000537 0.000000 0.000000 0.000000 
-0.127623 0.944248 0.416892 -2.395361 6.770412 4.321824 3.539778 -0.247699 -2.089105 2.198844 -0.063839 -2.793037 -4.850231 -5.727433 6.643637 0.000000 0.000000 0.000000 -0.349695 -0.060019 0.707626 3.515436 -0.474194 -5.271425 -5.612222 -14.667095 7.523566 0.000000 0.000000 0.000000 -0.936058 0.022960 -0.109737 -6.343839 2.930024 -1.060814 5.260902 7.639641 8.278303 1.984667 0.559781 -12.576881 0.000000 0.000000 0.000000 -22.696731 -2.350697 -3.973008 -46.357050 0.151350 -4.922979 -5.004575 -28.864244 1.730781 0.000000 0.000000 0.000000 19.011094 14.534585 9.278222 32.951002 32.767295 4.112917 -20.148519 49.381720 -5.612560 0.000000 0.000000 0.000000 
-0.127727 0.944503 0.415366 -2.428687 6.716913 4.419600 3.561171 -0.267483 -2.417363 2.179522 -0.064146 -2.760305 -4.849911 -5.637085 6.794875 0.000000 0.000000 0.000000 -0.439105 -0.039984 0.540236 3.556726 -0.476604 -5.263418 -5.554700 -14.555004 7.688696 0.000000 0.000000 0.000000 -1.062009 0.027258 -0.152112 -6.407134 2.953676 -1.267959 5.424468 7.624051 8.473088 1.689398 0.812806 -13.062263 0.000000 0.000000 0.000000 -22.779638 -2.594470 -3.835157 -46.784652 -0.305759 -4.827382 -4.842567 -28.515011 1.681248 0.000000 0.000000 0.000000 18.793816 14.670733 9.303401 33.101701 33.217792 4.275659 -19.589500 48.468621 -5.265268 0.000000 0.000000 0.000000 
-0.127917 0.944824 0.413793 -2.535217 6.819105 4.547204 3.433966 -0.279162 -2.632515 2.379145 -0.069371 -2.931947 -4.981951 -5.669169 7.124305 0.000000 0.000000 0.000000 -0.413227 -0.021734 0.358378 3.611404 -0.481981 -5.300417 -5.648337 -14.753449 7.970144 0.000000 0.000000 0.000000 -1.171548 0.036146 -0.361876 -6.401830 2.949487 -1.269301 5.334132 7.665289 8.436085 1.258950 1.107233 -13.111478 0.000000 0.000000 0.000000 -22.846031 -2.807444 -3.765210 -46.867344 -0.838640 -4.624396 -4.949817 -28.148979 1.685140 0.000000 0.000000 0.000000 18.758244 14.974846 9.500559 33.024187 33.368044 4.303121 -19.448929 47.320797 -5.079063 0.000000 0.000000 0.000000 
-0.128062 0.945009 0.412519 -2.567534 6.883825 4.588118 3.344681 -0.285877 -2.761185 2.531479 -0.068661 -3.144837 -5.043437 -5.705926 7.239718 0.000000 0.000000 0.000000 -0.482692 -0.033988 0.496882 3.656474 -0.487598 -5.434315 -5.587074 -14.629273 8.094917 0.000000 0.000000 0.000000 -1.320742 0.041723 -0.453006 -6.508349 2.999239 -1.115736 5.250041 7.709113 8.274993 1.028324 1.261077 -13.110556 0.000000 0.000000 0.000000 -22.872775 -3.068508 -3.657617 -47.077193 -1.364693 -4.428094 -4.978748 -27.785302 1.667086 0.000000 0.000000 0.000000 18.692966 15.098416 9.572975 33.075111 33.719403 4.432413 -19.253395 45.822480 -4.835771 0.000000 0.000000 0.000000 
-0.128139 0.945131 0.411620 -2.623617 6.905322 4.638091 3.342095 -0.290789 -2.835168 2.591967 -0.056631 -3.445207 -5.256209 -6.004722 7.397807 0.000000 0.000000 0.000000 -0.658357 -0.034248 0.548259 3.865225 -0.504238 -5.506107 -5.670652 -14.806203 8.253354 0.000000 0.000000 0.000000 -1.507950 0.050817 -0.661131 -6.553478 3.024434 -0.819690 5.176816 7.786113 8.058360 0.815403 1.388274 -12.993636 0.000000 0.000000 0.000000 -22.967106 -3.129167 -3.674872 -46.982457 -1.824663 -4.213524 -5.635031 -27.486774 1.803687 0.000000 0.000000 0.000000 18.798070 15.274852 9.712507 32.889534 33.769076 4.411394 -19.013648 44.524856 -4.611562 0.000000 0.000000 0.000000 
-0.128209 0.945144 0.410959 -2.664268 6.920245 4.721035 3.326745 -0.290117 -2.813932 2.668840 -0.041256 -3.824220 -5.349982 -6.184021 7.392922 0.000000 0.000000 0.000000 -0.785961 -0.039334 0.637329 4.097800 -0.523623 -5.719386 -5.740429 -14.953078 8.356728 0.000000 0.000000 0.000000 -1.770429 0.057016 -0.715135 -6.690604 3.087024 -0.727806 5.042109 7.774976 7.822576 0.770925 1.390677 -12.800597 0.000000 0.000000 0.000000 -23.168840 -3.325614 -3.622155 -46.767298 -2.081563 -4.050830 -6.002442 -27.225143 1.874624 0.000000 0.000000 0.000000 18.856468 15.473573 9.837742 32.736955 33.763493 4.386584 -18.539392 43.458996 -4.333973 0.000000 0.000000 0.000000 
-0.128371 0.945180 0.410339 -2.698661 6.927385 4.607283 3.376758 -0.274125 -2.544325 2.577081 -0.022541 -4.069879 -5.521402 -6.512901 7.382026 0.000000 0.000000 0.000000 -0.850780 -0.063752 0.896861 4.167838 -0.531328 -5.976724 -5.799476 -15.074585 8.306878 0.000000 0.000000 0.000000 -1.856968 0.053697 -0.541971 -6.945875 3.198898 -0.927739 4.716412 7.836282 7.795725 0.748941 1.446225 -13.043866 0.000000 0.000000 0.000000 -23.328938 -3.553495 -3.572485 -46.322787 -2.084426 -3.971244 -6.454098 -27.008749 1.963647 0.000000 0.000000 0.000000 19.123267 15.594729 9.999612 32.186402 33.907069 4.284255 -18.168303 42.316906 -4.099784 0.000000 0.000000 0.000000 
-0.128666 0.945092 0.409669 -2.844367 7.155132 4.482157 3.590459 -0.267571 -2.350191 2.481390 -0.007365 -4.239686 -5.698878 -6.799268 7.423354 0.000000 0.000000 0.000000 -0.726176 -0.068952 0.904672 4.274061 -0.541137 -5.898126 -6.002403 -15.479371 8.329931 0.000000 0.000000 0.000000 -2.016627 0.053925 -0.467216 -7.160967 3.296202 -0.872000 4.705371 7.787380 7.527432 0.640248 1.553071 -13.352633 0.000000 0.000000 0.000000 -23.198818 -3.695220 -3.491858 -46.157863 -1.959294 -3.976917 -6.982387 -26.685023 2.059192 0.000000 0.000000 0.000000 18.757772 15.947995 10.130748 31.416099 34.289022 4.248427 -17.484650 41.120830 -3.767538 0.000000 0.000000 0.000000 
-0.129052 0.945245 0.408857 -2.981502 7.334990 4.355425 3.759532 -0.265142 -2.239279 2.431673 0.002915 -4.377344 -5.853808 -7.108628 7.373550 0.000000 0.000000 0.000000 -0.527933 -0.091761 1.063540 4.186648 -0.538106 -6.014894 -6.053381 -15.574428 8.186060 0.000000 0.000000 0.000000 -2.087303 0.051051 -0.322289 -7.321820 3.367107 -0.929195 4.348955 7.938243 7.265553 0.641291 1.542122 -13.061915 0.000000 0.000000 0.000000 -23.119031 -3.935845 -3.443733 -45.827725 -1.781046 -3.957592 -7.358704 -26.361627 2.104885 0.000000 0.000000 0.000000 18.644922 16.385949 10.432473 30.070424 34.532636 4.015338 -17.022752 40.002847 -3.534478 0.000000 0.000000 0.000000 
-0.129518 0.945340 0.407971 -3.108053 7.567046 4.158385 3.959392 -0.258586 -2.033479 2.421680 0.007388 -4.447841 -5.960096 -7.274453 7.391305 0.000000 0.000000 0.000000 -0.241694 -0.133524 1.367888 4.115145 -0.537443 -6.169841 -6.008815 -15.473240 8.051508 0.000000 0.000000 0.000000 -2.211796 0.047667 -0.130700 -7.518884 3.451459 -1.097182 4.286122 7.943034 7.133824 0.839659 1.453988 -13.280757 0.000000 0.000000 0.000000 -22.959942 -4.120192 -3.356709 -45.775499 -1.530956 -4.025488 -7.623090 -25.891148 2.121316 0.000000 0.000000 0.000000 17.955217 16.633191 10.440433 28.969309 35.264606 3.992269 -16.076141 38.404624 -3.113566 0.000000 0.000000 0.000000 
-0.129971 0.945366 0.407075 -3.304632 7.899698 3.949058 4.221345 -0.253942 -1.800470 2.230849 0.031712 -4.715559 -6.140143 -7.449981 7.587158 0.000000 0.000000 0.000000 0.109219 -0.173764 1.624102 4.006235 -0.534395 -6.227987 -6.075592 -15.598633 8.031702 0.000000 0.000000 0.000000 -2.349702 0.044388 0.065167 -7.481024 3.432135 -1.201936 4.028792 8.002369 6.871059 1.166437 1.222205 -12.917770 0.000000 0.000000 0.000000 -23.032505 -4.185453 -3.436824 -45.237733 -1.054435 -4.077731 -7.906590 -25.508051 2.138597 0.000000 0.000000 0.000000 17.559801 16.793823 10.503630 27.798982 35.394901 3.774678 -15.053348 37.453788 -2.733626 0.000000 0.000000 0.000000 
-0.130327 0.945525 0.406185 -3.376337 8.192390 3.816797 4.245321 -0.247913 -1.647234 2.171529 0.042606 -4.870283 -6.255306 -7.576008 7.676901 0.000000 0.000000 0.000000 0.325580 -0.212098 1.895466 3.933056 -0.535118 -6.459197 -6.049266 -15.531540 8.089025 0.000000 0.000000 0.000000 -2.513705 0.045922 0.068970 -7.572550 3.470061 -1.294701 4.021144 7.910282 6.650165 1.266508 1.154403 -12.872383 0.000000 0.000000 0.000000 -23.171480 -4.137064 -3.521636 -44.832546 -0.619098 -4.149088 -8.193559 -24.973140 2.156522 0.000000 0.000000 0.000000 17.129865 16.915298 10.474546 27.060150 35.449097 3.648632 -14.013928 36.481047 -2.367616 0.000000 0.000000 0.000000 
-0.130590 0.945425 0.405283 -3.526536 8.491767 3.600595 4.399789 -0.241675 -1.414701 2.093113 0.054474 -5.034229 -6.320405 -7.496076 7.923089 0.000000 0.000000 0.000000 0.609625 -0.250511 2.136202 3.841416 -0.534134 -6.588436 -5.915700 -15.243796 8.063090 0.000000 0.000000 0.000000 -2.651506 0.043385 0.225971 -7.533575 3.453097 -1.312182 3.866488 7.859246 6.399493 1.570689 0.938537 -12.653216 0.000000 0.000000 0.000000 -23.279002 -4.068333 -3.635526 -44.413743 -0.020339 -4.267672 -8.107322 -24.684590 2.107114 0.000000 0.000000 0.000000 16.879170 16.817746 10.383139 26.877105 35.222950 3.578109 -13.194083 36.656182 -2.128867 0.000000 0.000000 0.000000 
-0.130731 0.945470 0.404374 -3.657078 8.620004 3.547538 4.440014 -0.240521 -1.347625 2.134456 0.053733 -5.062127 -6.210377 -7.253303 7.954310 0.000000 0.000000 0.000000 0.815905 -0.259076 2.141485 3.754286 -0.530324 -6.643509 -5.866221 -15.136588 8.263821 0.000000 0.000000 0.000000 -2.762810 0.046742 0.105731 -7.406063 3.393680 -1.439989 3.772270 7.847904 6.389418 1.754178 0.747980 -12.081801 0.000000 0.000000 0.000000 -23.545505 -3.699320 -3.932177 -44.001626 0.444607 -4.353412 -8.342098 -24.239189 2.117507 0.000000 0.000000 0.000000 16.786148 16.462698 10.183410 26.847586 34.940531 3.506932 -12.734046 37.161784 -2.000837 0.000000 0.000000 0.000000 
-0.130786 0.945457 0.403456 -3.675005 8.629370 3.691415 4.476298 -0.253041 -1.553943 2.051035 0.061758 -5.143251 -6.209755 -7.072814 8.219890 0.000000 0.000000 0.000000 0.890535 -0.215920 1.752983 3.591670 -0.516831 -6.515744 -5.747768 -14.883876 8.121237 0.000000 0.000000 0.000000 -2.869108 0.051691 -0.017017 -7.294343 3.341467 -1.499357 3.816838 7.815720 6.274336 1.909229 0.648758 -12.125725 0.000000 0.000000 0.000000 -23.658149 -3.257518 -4.198704 -44.037883 1.121129 -4.581443 -8.390058 -24.100201 2.113213 0.000000 0.000000 0.000000 16.929114 16.025978 9.964321 27.259298 34.687800 3.540032 -12.648179 37.919419 -1.989782 0.000000 0.000000 0.000000 
-0.130837 0.945323 0.402499 -3.740317 8.683060 3.825323 4.560042 -0.269202 -1.801868 1.962329 0.068660 -5.195667 -6.138480 -6.745294 8.504819 0.000000 0.000000 0.000000 1.019274 -0.168049 1.311772 3.525305 -0.508979 -6.307221 -5.682620 -14.739564 8.072569 0.000000 0.000000 0.000000 -2.833489 0.055060 -0.191764 -7.265549 3.327321 -1.459062 3.906590 7.699792 6.234160 1.847717 0.658509 -11.992042 0.000000 0.000000 0.000000 -23.843948 -2.707771 -4.511958 -43.938139 1.551251 -4.722929 -8.300112 -24.127481 2.100925 0.000000 0.000000 0.000000 17.116284 15.621338 9.756846 27.888758 34.389028 3.603652 -13.450637 39.211377 -2.287792 0.000000 0.000000 0.000000 
-0.130928 0.945299 0.401528 -3.774136 8.681336 3.971996 4.543520 -0.275967 -1.921372 1.875083 0.082507 -5.416651 -6.173941 -6.680548 8.705012 0.000000 0.000000 0.000000 1.018918 -0.130172 0.990073 3.541227 -0.505924 -6.065833 -5.587717 -14.535737 7.942916 0.000000 0.000000 0.000000 -2.827877 0.059440 -0.388649 -7.252567 3.317148 -1.573869 4.054918 7.666406 6.400559 1.913712 0.625716 -12.083773 0.000000 0.000000 0.000000 -23.801655 -2.339150 -4.685088 -44.243925 1.933706 -4.925984 -8.250380 -24.277241 2.102723 0.000000 0.000000 0.000000 17.476035 15.266081 9.629524 28.287719 34.434562 3.677808 -14.477756 39.859676 -2.648566 0.000000 0.000000 0.000000 
-0.131010 0.945398 0.400533 -3.706780 8.820085 4.189048 4.428043 -0.287114 -2.160271 1.829943 0.089674 -5.529562 -6.134529 -6.532773 8.799802 0.000000 0.000000 0.000000 1.008642 -0.084212 0.602427 3.406991 -0.492130 -5.793426 -5.633394 -14.614682 7.756480 0.000000 0.000000 0.000000 -2.689771 0.063749 -0.691553 -7.203624 3.291839 -1.580112 4.249025 7.687379 6.585834 1.900516 0.661598 -12.233108 0.000000 0.000000 0.000000 -23.726616 -1.857687 -4.944950 -44.579944 2.171462 -5.086243 -8.210073 -24.473796 2.104486 0.000000 0.000000 0.000000 17.793233 14.837596 9.483180 28.705855 34.503245 3.754633 -15.577101 40.177143 -3.009840 0.000000 0.000000 0.000000 
-0.131042 0.945536 0.399473 -3.701630 8.868338 4.424172 4.387125 -0.296173 -2.310930 1.802413 0.093870 -5.595017 -6.228023 -6.605048 8.946787 0.000000 0.000000 0.000000 0.852790 -0.056429 0.396955 3.611272 -0.509838 -5.926132 -5.461388 -14.251895 7.922513 0.000000 0.000000 0.000000 -2.534999 0.068074 -0.952711 -7.263872 3.318411 -1.409400 4.349865 7.764729 6.568928 1.892500 0.664871 -12.180155 0.000000 0.000000 0.000000 -23.556678 -1.624207 -5.052892 -44.948883 2.154884 -5.144532 -7.983306 -24.540013 2.054579 0.000000 0.000000 0.000000 18.048639 14.756386 9.515966 28.935741 34.765774 3.858962 -17.091301 39.974216 -3.485119 0.000000 0.000000 0.000000 
-0.131042 0.945737 0.398475 -3.537107 9.008791 4.582360 4.090652 -0.304760 -2.589853 1.829755 0.086502 -5.441275 -6.307141 -6.739118 8.944047 0.000000 0.000000 0.000000 0.599883 -0.027589 0.199395 3.685727 -0.513363 -5.708234 -5.500449 -14.317013 7.663466 0.000000 0.000000 0.000000 -2.404645 0.066828 -0.899428 -7.264910 3.316255 -1.379549 4.378066 7.890944 6.545997 1.987301 0.616769 -12.164303 0.000000 0.000000 0.000000 -23.570945 -1.658278 -5.100084 -45.208399 2.162804 -5.166699 -7.901854 -24.831024 2.045896 0.000000 0.000000 0.000000 18.160966 14.667429 9.542252 29.048676 35.220483 3.989294 -18.427057 39.565672 -3.866933 0.000000 0.000000 0.000000 
-0.130996 0.946036 0.397588 -3.478275 9.167349 4.610800 3.800566 -0.312551 -2.847015 1.903138 0.071085 -5.154264 -6.342043 -6.860886 8.831845 0.000000 0.000000 0.000000 0.405971 -0.019149 0.165602 3.824201 -0.526880 -5.791482 -5.563522 -14.443588 7.884841 0.000000 0.000000 0.000000 -2.320164 0.062368 -0.712430 -7.172726 3.274415 -1.355899 4.351592 8.042255 6.421898 1.889345 0.674943 -12.000799 0.000000 0.000000 0.000000 -23.669251 -1.512520 -5.283699 -45.332308 2.164115 -5.153542 -7.903255 -24.993292 2.041868 0.000000 0.000000 0.000000 18.301849 14.653568 9.625820 29.072204 35.329116 4.015645 -19.106315 39.188900 -4.036895 0.000000 0.000000 0.000000 
-0.131005 0.946260 0.396827 -3.322456 9.411838 4.682797 3.568801 -0.317008 -2.987504 1.910759 0.070662 -5.144857 -6.508112 -7.003171 9.034750 0.000000 0.000000 0.000000 0.156964 -0.023328 0.256218 3.929809 -0.539486 -5.945970 -5.557328 -14.417565 7.925210 0.000000 0.000000 0.000000 -2.293529 0.058540 -0.513590 -7.247795 3.310196 -1.063908 4.362551 7.968193 6.168178 1.783064 0.737447 -11.963682 0.000000 0.000000 0.000000 -23.451607 -1.764427 -5.104672 -45.675713 1.901757 -5.095661 -7.696403 -25.088969 1.996869 0.000000 0.000000 0.000000 18.285237 15.018934 9.832767 29.004772 35.324804 4.016466 -20.101795 39.329689 -4.381510 0.000000 0.000000 0.000000 
-0.131127 0.946468 0.396101 -3.284742 9.402897 4.618801 3.334424 -0.315016 -3.051153 1.912551 0.058191 -4.857847 -6.319020 -6.839606 8.759840 0.000000 0.000000 0.000000 -0.020117 -0.023125 0.289318 4.052866 -0.546459 -5.720357 -5.566131 -14.434582 7.809945 0.000000 0.000000 0.000000 -2.232721 0.050738 -0.188301 -7.343354 3.350877 -1.173471 4.486147 7.912873 6.190190 1.722044 0.803620 -12.200364 0.000000 0.000000 0.000000 -23.184291 -1.879776 -4.944973 -46.088788 1.757493 -5.132420 -7.543591 -25.196068 1.973170 0.000000 0.000000 0.000000 18.017388 15.228683 9.866523 28.937773 35.612020 4.094022 -20.362889 40.101241 -4.567075 0.000000 0.000000 0.000000 
-0.131328 0.946725 0.395306 -3.352445 9.360261 4.529407 3.277858 -0.307960 -2.967246 1.915640 0.057381 -4.845781 -6.326150 -6.827353 8.800180 0.000000 0.000000 0.000000 0.008764 -0.032142 0.365464 4.093534 -0.550706 -5.827549 -5.534922 -14.374207 7.954806 0.000000 0.000000 0.000000 -2.304545 0.046874 0.043148 -7.335786 3.348989 -1.186971 4.620342 7.898449 6.157505 1.628650 0.888337 -12.417321 0.000000 0.000000 0.000000 -23.004457 -2.092088 -4.766429 -46.293847 1.711187 -5.157100 -7.610139 -25.061539 1.981044 0.000000 0.000000 0.000000 17.813262 15.816853 10.135579 28.523451 35.547228 3.996510 -20.314753 41.580548 -4.755334 0.000000 0.000000 0.000000 
-0.131555 0.946803 0.394371 -3.342022 9.364297 4.532745 3.157175 -0.308735 -3.021790 1.984278 0.050353 -4.764846 -6.086418 -6.486705 8.645080 0.000000 0.000000 0.000000 0.015184 -0.014542 0.201555 4.101891 -0.548555 -5.559816 -5.555549 -14.410156 7.635790 0.000000 0.000000 0.000000 -2.349977 0.044063 0.233131 -7.264835 3.316395 -1.243700 4.654904 7.789064 6.158679 1.809523 0.758780 -12.398346 0.000000 0.000000 0.000000 -22.805269 -2.303686 -4.563896 -46.440149 1.600249 -5.159738 -7.669129 -24.934313 1.992141 0.000000 0.000000 0.000000 17.502416 16.249963 10.273394 27.656268 35.775531 3.869489 -19.610873 42.930392 -4.701227 0.000000 0.000000 0.000000 
-0.131740 0.946559 0.393328 -3.498066 9.330451 4.370065 3.191772 -0.295480 -2.809688 2.025918 0.053814 -4.896088 -6.056641 -6.373089 8.733277 0.000000 0.000000 0.000000 0.147506 -0.013833 0.167991 4.058172 -0.544627 -5.529921 -5.439955 -14.166186 7.548217 0.000000 0.000000 0.000000 -2.329826 0.037372 0.496999 -7.392002 3.376950 -1.094584 4.744485 7.768896 5.975774 1.925280 0.686978 -12.484090 0.000000 0.000000 0.000000 -22.813878 -2.641161 -4.360641 -46.327183 1.562183 -5.119156 -7.746834 -24.653661 1.996271 0.000000 0.000000 0.000000 17.177780 16.850939 10.504479 26.719662 36.123741 3.762725 -18.810026 43.625560 -4.531823 0.000000 0.000000 0.000000 
-0.131890 0.946221 0.392322 -3.642852 9.256228 4.133458 3.313855 -0.285941 -2.636403 2.015103 0.049887 -4.802612 -5.953034 -6.310050 8.548045 0.000000 0.000000 0.000000 0.327805 -0.026058 0.242746 4.051149 -0.541324 -5.297084 -5.359405 -13.989331 7.083261 0.000000 0.000000 0.000000 -2.406823 0.032972 0.717549 -7.349205 3.362512 -1.055519 4.821898 7.770360 5.940317 2.411728 0.348793 -12.356844 0.000000 0.000000 0.000000 -22.892965 -2.728329 -4.317737 -46.200559 1.674988 -5.136871 -7.706216 -24.456591 1.977535 0.000000 0.000000 0.000000 16.961641 17.280933 10.673358 25.832645 36.588957 3.669902 -17.704837 44.038550 -4.198905 0.000000 0.000000 0.000000 
-0.132046 0.946016 0.391363 -3.755841 9.206001 3.963740 3.299424 -0.276025 -2.498233 2.072227 0.045486 -4.776008 -5.916294 -6.268336 8.512094 0.000000 0.000000 0.000000 0.390765 -0.041800 0.370919 4.104976 -0.546331 -5.367247 -5.258088 -13.779899 7.176613 0.000000 0.000000 0.000000 -2.423236 0.031940 0.723350 -7.410137 3.395381 -0.908133 4.945078 7.711411 5.927364 2.738208 0.131424 -12.392295 0.000000 0.000000 0.000000 -23.008188 -2.732896 -4.303467 -46.195961 1.810618 -5.192560 -7.660978 -24.202805 1.958392 0.000000 0.000000 0.000000 16.754179 17.797101 10.870897 25.258940 37.122380 3.667610 -17.118597 43.567528 -3.974977 0.000000 0.000000 0.000000 
-0.132266 0.945730 0.390442 -3.884914 8.982766 3.741296 3.417532 -0.259466 -2.207903 2.022070 0.049146 -4.811402 -5.948811 -6.343664 8.519366 0.000000 0.000000 0.000000 0.470547 -0.057119 0.488977 4.204724 -0.552368 -5.313961 -5.024321 -13.288719 7.047100 0.000000 0.000000 0.000000 -2.431826 0.029111 0.793660 -7.504491 3.443181 -0.876959 5.071466 7.772434 6.111372 3.152925 -0.153914 -12.321774 0.000000 0.000000 0.000000 -23.100822 -2.859081 -4.230432 -46.213727 1.910633 -5.246737 -7.377056 -24.148934 1.902717 0.000000 0.000000 0.000000 16.637309 18.186050 11.037906 24.844263 37.815143 3.715987 -16.896271 43.109441 -3.879176 0.000000 0.000000 0.000000 
-0.132564 0.945523 0.389557 -3.930210 8.842408 3.704985 3.359272 -0.261131 -2.279033 2.140719 0.030203 -4.540585 -5.774298 -6.250427 8.193598 0.000000 0.000000 0.000000 0.472227 -0.054902 0.467463 4.195887 -0.549949 -5.281019 -4.955615 -13.147436 7.015553 0.000000 0.000000 0.000000 -2.414730 0.031244 0.660956 -7.621407 3.496597 -0.888078 5.210412 7.870828 6.218309 3.402590 -0.328535 -12.246376 0.000000 0.000000 0.000000 -23.183899 -2.654932 -4.363278 -46.236164 2.200073 -5.360948 -7.363510 -24.151315 1.898802 0.000000 0.000000 0.000000 16.540784 18.324936 11.093061 24.902256 38.624088 3.907571 -17.507569 42.510954 -4.042886 0.000000 0.000000 0.000000 
-0.132911 0.945335 0.388671 -3.960006 8.696814 3.533729 3.455429 -0.256176 -2.186880 2.149846 0.028114 -4.515823 -5.654651 -6.123998 8.067746 0.000000 0.000000 0.000000 0.576321 -0.065924 0.542114 4.131119 -0.542929 -5.217691 -4.783429 -12.776489 6.836203 0.000000 0.000000 0.000000 -2.517901 0.031079 0.722486 -7.621654 3.503544 -0.762620 5.425209 7.932938 6.254873 3.935832 -0.702007 -12.139090 0.000000 0.000000 0.000000 -23.306363 -2.522102 -4.444206 -46.483351 2.432472 -5.494207 -7.129231 -24.368006 1.867865 0.000000 0.000000 0.000000 16.315082 18.566420 11.147409 24.794840 39.396974 4.067900 -18.077396 42.213700 -4.231217 0.000000 0.000000 0.000000 
-0.133294 0.945321 0.387806 -4.029751 8.618577 3.481207 3.522993 -0.262651 -2.286032 2.193263 0.012812 -4.247236 -5.567411 -6.066109 7.920968 0.000000 0.000000 0.000000 0.596849 -0.076288 0.628199 4.191536 -0.547987 -5.305820 -4.641731 -12.475392 6.820647 0.000000 0.000000 0.000000 -2.428692 0.029030 0.711566 -7.706494 3.541580 -0.803016 5.595376 7.954121 6.258535 4.286404 -0.940671 -12.129876 0.000000 0.000000 0.000000 -23.358435 -2.250696 -4.587131 -46.608091 2.580967 -5.578274 -7.312345 -24.609276 1.924350 0.000000 0.000000 0.000000 16.147317 18.657469 11.140459 24.971483 39.974202 4.257436 -18.199427 42.289434 -4.282809 0.000000 0.000000 0.000000 
-0.133699 0.945302 0.386966 -4.101369 8.678406 3.237077 3.426431 -0.257467 -2.263422 2.400249 -0.005077 -4.130361 -5.503481 -6.023133 7.789315 0.000000 0.000000 0.000000 0.680952 -0.109590 0.902482 4.156240 -0.547748 -5.455764 -4.497407 -12.179994 7.037529 0.000000 0.000000 0.000000 -2.534040 0.024214 0.966586 -7.709460 3.543155 -0.914200 5.872216 7.932837 6.348704 4.668170 -1.163680 -12.316825 0.000000 0.000000 0.000000 -23.341606 -2.131814 -4.634672 -47.024191 2.732405 -5.722474 -7.153213 -24.995454 1.917128 0.000000 0.000000 0.000000 15.943793 18.729663 11.118855 25.282316 40.345773 4.438784 -18.295221 42.587152 -4.346622 0.000000 0.000000 0.000000 
-0.134135 0.945486 0.386144 -4.075265 8.744316 3.145735 3.389517 -0.261008 -2.348005 2.352315 -0.005191 -4.067864 -5.418738 -5.767417 7.925971 0.000000 0.000000 0.000000 0.702920 -0.127553 1.054378 4.074094 -0.543850 -5.644425 -4.394603 -11.964932 7.145217 0.000000 0.000000 0.000000 -2.476076 0.020950 1.016002 -7.719894 3.547626 -0.953857 5.978793 8.012681 6.426276 4.663212 -1.129824 -12.440887 0.000000 0.000000 0.000000 -23.238744 -2.103773 -4.653270 -47.371321 2.858042 -5.837010 -7.198848 -25.183887 1.933091 0.000000 0.000000 0.000000 15.981994 18.837213 11.215911 25.419915 40.249612 4.443756 -18.090457 43.165712 -4.322736 0.000000 0.000000 0.000000 
-0.134585 0.945685 0.385368 -4.035806 8.954180 3.311629 3.331428 -0.284490 -2.732689 2.497391 -0.015124 -4.027910 -5.420718 -5.664515 8.059509 0.000000 0.000000 0.000000 0.812530 -0.122234 0.983956 3.925459 -0.535504 -5.790871 -4.416992 -12.008653 7.271296 0.000000 0.000000 0.000000 -2.601145 0.027706 0.878943 -7.640002 3.507215 -0.988165 5.999372 8.105646 6.310009 4.638970 -1.084260 -12.506816 0.000000 0.000000 0.000000 -22.915405 -2.190105 -4.590978 -47.859210 2.762167 -5.877206 -7.136880 -25.314644 1.912065 0.000000 0.000000 0.000000 15.804060 18.657178 11.121677 25.978860 39.840455 4.521042 -17.177307 44.379094 -4.066438 0.000000 0.000000 0.000000 
-0.135043 0.945738 0.384685 -4.015813 9.162216 3.413331 3.261723 -0.298928 -2.968953 2.701397 -0.024812 -4.063301 -5.440377 -5.682535 8.057000 0.000000 0.000000 0.000000 0.833184 -0.133044 1.072950 3.823270 -0.531665 -5.977422 -4.263804 -11.666681 7.253614 0.000000 0.000000 0.000000 -2.714391 0.032286 0.801170 -7.646012 3.511016 -0.815988 6.079586 8.113295 6.140391 4.671453 -1.099174 -12.500357 0.000000 0.000000 0.000000 -22.896308 -2.277942 -4.565559 -48.002456 2.556133 -5.801859 -7.018154 -25.436059 1.887294 0.000000 0.000000 0.000000 15.768435 18.629840 11.113623 26.382992 39.342945 4.529188 -16.183273 45.600966 -3.773285 0.000000 0.000000 0.000000 
-0.135491 0.945723 0.384061 -3.912601 9.483690 3.518529 3.174089 -0.306015 -3.077787 2.799977 -0.024746 -4.155763 -5.630696 -5.890842 8.228578 0.000000 0.000000 0.000000 0.879707 -0.130547 1.043509 3.659208 -0.522734 -6.044629 -4.178784 -11.463202 7.255999 0.000000 0.000000 0.000000 -2.924571 0.037296 0.808386 -7.489127 3.438414 -0.749127 5.999043 8.265847 6.026806 4.666732 -1.025718 -12.729773 0.000000 0.000000 0.000000 -22.685181 -2.380720 -4.564876 -48.423802 2.270985 -5.736859 -6.866957 -25.351469 1.823920 0.000000 0.000000 0.000000 15.862284 18.542344 11.173742 26.624682 38.876124 4.476458 -15.196554 46.667801 -3.428499 0.000000 0.000000 0.000000 
-0.135930 0.945970 0.383486 -3.935471 9.682792 3.630432 3.283822 -0.319683 -3.243240 2.886789 -0.028817 -4.160966 -5.731123 -5.963285 8.371758 0.000000 0.000000 0.000000 0.972330 -0.112047 0.867119 3.660622 -0.524233 -6.027830 -4.096871 -11.278919 7.333711 0.000000 0.000000 0.000000 -3.034065 0.039585 0.880170 -7.384647 3.388318 -0.754604 5.818951 8.360140 5.905078 4.601357 -0.975796 -12.653205 0.000000 0.000000 0.000000 -22.675973 -2.448294 -4.602410 -48.419321 2.003134 -5.600027 -6.765822 -25.485784 1.793239 0.000000 0.000000 0.000000 15.785080 18.487324 11.181917 26.881150 38.523653 4.467640 -14.801575 47.706446 -3.304911 0.000000 0.000000 0.000000 
-0.136318 0.946233 0.382952 -3.893797 10.006493 3.698338 3.178217 -0.316057 -3.185121 3.006845 -0.004908 -4.722443 -5.835080 -5.921360 8.670187 0.000000 0.000000 0.000000 0.916494 -0.098920 0.772092 3.645724 -0.528560 -6.187828 -4.047416 -11.160657 7.461601 0.000000 0.000000 0.000000 -3.026636 0.040619 0.816311 -7.466769 3.421751 -0.698921 5.684919 8.448399 5.798055 4.402290 -0.809695 -12.719321 0.000000 0.000000 0.000000 -22.648898 -2.518129 -4.644480 -48.433473 1.839827 -5.508954 -6.878557 -25.463995 1.798591 0.000000 0.000000 0.000000 15.915740 18.488939 11.284455 26.665233 38.257005 4.334353 -14.927635 48.676712 -3.397323 0.000000 0.000000 0.000000 
-0.136662 0.946543 0.382378 -3.877207 10.241514 3.875123 3.208830 -0.319184 -3.189134 3.023196 0.015280 -5.109679 -5.840047 -5.807291 8.819082 0.000000 0.000000 0.000000 0.947567 -0.074296 0.558881 3.649159 -0.532271 -6.277233 -4.083419 -11.234558 7.655680 0.000000 0.000000 0.000000 -3.109766 0.044083 0.810785 -7.449062 3.406275 -0.861136 5.485025 8.412705 5.701789 4.049731 -0.579177 -12.656349 0.000000 0.000000 0.000000 -22.788491 -2.472009 -4.750122 -48.087820 1.743985 -5.385890 -6.952347 -25.712677 1.821721 0.000000 0.000000 0.000000 15.685617 18.399442 11.211605 26.946379 38.457690 4.473744 -15.351441 49.629684 -3.605587 0.000000 0.000000 0.000000 
-0.137012 0.946730 0.381788 -3.813808 10.440786 4.241172 3.273495 -0.337054 -3.406663 3.033430 0.037241 -5.530717 -5.865257 -5.697726 9.029063 0.000000 0.000000 0.000000 0.866172 -0.044169 0.317539 3.669669 -0.537495 -6.428777 -4.143639 -11.346945 7.664807 0.000000 0.000000 0.000000 -3.166509 0.053890 0.446026 -7.590321 3.464175 -0.692459 5.382681 8.354228 5.424408 3.943026 -0.520216 -12.587956 0.000000 0.000000 0.000000 -22.674810 -2.439825 -4.756460 -48.008102 1.701356 -5.335278 -6.880748 -25.785715 1.802980 0.000000 0.000000 0.000000 15.549567 18.398233 11.186266 27.080569 38.878528 4.635736 -15.964338 50.237490 -3.894754 0.000000 0.000000 0.000000 
-0.137377 0.946799 0.381134 -3.770685 10.799223 4.295919 3.305839 -0.331400 -3.269346 2.996672 0.065722 -6.058991 -6.025812 -5.751670 9.328280 0.000000 0.000000 0.000000 0.895612 -0.038800 0.272221 3.623426 -0.536697 -6.395380 -4.313883 -11.684603 7.651110 0.000000 0.000000 0.000000 -3.424130 0.058423 0.498955 -7.581055 3.453660 -0.795535 5.288797 8.147132 5.301383 3.823662 -0.460253 -12.497831 0.000000 0.000000 0.000000 -22.822157 -2.468212 -4.779519 -47.653460 1.550568 -5.202661 -6.551835 -25.718950 1.728508 0.000000 0.000000 0.000000 15.538277 18.435093 11.202116 27.254013 39.377197 4.816409 -16.595900 50.332638 -4.181506 0.000000 0.000000 0.000000 
-0.137830 0.946833 0.380422 -3.754994 11.027269 4.338924 3.296854 -0.327809 -3.191908 3.046628 0.078136 -6.348823 -6.174561 -5.958184 9.383967 0.000000 0.000000 0.000000 0.846717 -0.024956 0.166062 3.663532 -0.541344 -6.363204 -4.453889 -11.964495 7.596356 0.000000 0.000000 0.000000 -3.593219 0.061540 0.503609 -7.476589 3.407372 -0.647169 4.910904 8.223676 5.308076 3.933561 -0.502339 -12.531550 0.000000 0.000000 0.000000 -22.872780 -2.777971 -4.716900 -47.165991 1.293952 -4.988484 -6.410153 -25.440634 1.667597 0.000000 0.000000 0.000000 15.913848 18.416497 11.365882 27.217253 39.953865 4.918227 -17.239201 49.878747 -4.411403 0.000000 0.000000 0.000000 
-0.138286 0.946666 0.379734 -3.739825 11.392448 4.381093 3.305877 -0.329174 -3.179713 3.062595 0.094496 -6.697635 -6.471721 -6.231273 9.716504 0.000000 0.000000 0.000000 0.947020 -0.006231 -0.003460 3.675187 -0.542586 -6.185018 -4.609803 -12.268690 7.500274 0.000000 0.000000 0.000000 -3.766504 0.064363 0.527063 -7.404691 3.373008 -0.534220 4.661241 8.075549 5.311349 3.867898 -0.462142 -12.472407 0.000000 0.000000 0.000000 -22.744846 -3.132878 -4.521551 -46.843204 0.874562 -4.773777 -6.128059 -25.023741 1.582507 0.000000 0.000000 0.000000 16.272597 18.523277 11.550215 27.643998 40.360911 5.118422 -17.770520 48.930529 -4.554514 0.000000 0.000000 0.000000 
-0.138684 0.946624 0.379130 -3.789263 11.761285 4.423973 3.399349 -0.334687 -3.199854 2.918419 0.108747 -6.900879 -6.581700 -6.356667 9.764165 0.000000 0.000000 0.000000 1.184546 0.016079 -0.218022 3.581810 -0.534508 -5.955444 -4.842285 -12.741395 7.385999 0.000000 0.000000 0.000000 -3.895848 0.066745 0.494637 -7.300861 3.323645 -0.436465 4.395262 7.800407 5.382469 3.657729 -0.347487 -12.361184 0.000000 0.000000 0.000000 -22.884818 -3.459388 -4.368737 -46.148125 0.590870 -4.559517 -6.485932 -24.685809 1.653048 0.000000 0.000000 0.000000 16.656213 18.483221 11.627841 28.206888 40.216577 5.215945 -18.098145 48.699743 -4.673342 0.000000 0.000000 0.000000 
-0.138930 0.946656 0.378613 -3.829466 11.822317 4.447201 3.406284 -0.339199 -3.265947 2.845247 0.111771 -6.916508 -6.615875 -6.347895 9.857641 0.000000 0.000000 0.000000 1.368897 0.035615 -0.403802 3.590728 -0.532139 -5.747121 -4.943498 -12.952347 7.307150 0.000000 0.000000 0.000000 -3.959120 0.067863 0.528961 -7.287880 3.317317 -0.382364 4.274932 7.568377 5.511639 3.510066 -0.253155 -12.438813 0.000000 0.000000 0.000000 -22.733234 -3.550274 -4.219985 -46.036902 0.267746 -4.461264 -6.395673 -24.495246 1.636841 0.000000 0.000000 0.000000 17.006225 18.328097 11.594067 28.767870 39.794677 5.237826 -18.084897 48.705062 -4.672197 0.000000 0.000000 0.000000 
-0.139025 0.946821 0.378227 -3.895653 11.958502 4.474551 3.479354 -0.335976 -3.161362 2.753050 0.118842 -7.015400 -6.541777 -6.138052 9.944095 0.000000 0.000000 0.000000 1.567013 0.056436 -0.595871 3.542245 -0.527336 -5.642949 -5.103813 -13.288827 7.486937 0.000000 0.000000 0.000000 -4.025612 0.069639 0.440535 -7.093734 3.229276 -0.441126 4.142837 7.299536 5.811772 3.360841 -0.194132 -12.273215 0.000000 0.000000 0.000000 -22.631021 -3.799224 -4.005930 -45.626299 0.110994 -4.387739 -6.951827 -24.680401 1.781958 0.000000 0.000000 0.000000 17.310828 18.110679 11.523784 28.776230 38.939866 4.970605 -18.070273 48.417641 -4.640036 0.000000 0.000000 0.000000 
-0.138977 0.946950 0.377909 -3.927475 11.945231 4.605213 3.505354 -0.340588 -3.212327 2.703200 0.123890 -7.095604 -6.501043 -5.943703 10.128214 0.000000 0.000000 0.000000 1.601496 0.088412 -0.867181 3.605627 -0.528895 -5.438973 -5.168098 -13.421968 7.433068 0.000000 0.000000 0.000000 -3.837018 0.069592 0.248157 -7.161445 3.257958 -0.300869 4.094744 7.033123 5.829504 3.083729 -0.085626 -11.978206 0.000000 0.000000 0.000000 -22.669385 -3.812162 -3.917688 -45.466633 0.024350 -4.357490 -7.311028 -24.955324 1.894316 0.000000 0.000000 0.000000 17.405157 17.497502 11.127049 28.570333 38.025596 4.671982 -17.479737 48.672432 -4.420602 0.000000 0.000000 0.000000 
-0.138830 0.946967 0.377663 -3.978004 11.715753 4.496128 3.530256 -0.325627 -2.971220 2.621277 0.125553 -7.079336 -6.237796 -5.601195 9.970637 0.000000 0.000000 0.000000 1.673337 0.097119 -0.950451 3.553316 -0.521341 -5.363571 -5.096351 -13.280650 7.484460 0.000000 0.000000 0.000000 -3.716929 0.066323 0.297738 -7.173501 3.267787 -0.262485 4.091114 6.771736 6.027177 2.774581 0.054638 -11.770823 0.000000 0.000000 0.000000 -22.864123 -3.757407 -3.868757 -45.000873 -0.060321 -4.303199 -7.896539 -25.516124 2.088008 0.000000 0.000000 0.000000 17.392861 17.274062 10.898115 27.860892 37.222897 4.281659 -17.739478 48.019854 -4.512837 0.000000 0.000000 0.000000 
-0.138673 0.946908 0.377419 -4.022241 11.500767 4.526924 3.605648 -0.320536 -2.857400 2.582489 0.125605 -7.049579 -6.006188 -5.307495 9.824133 0.000000 0.000000 0.000000 1.694174 0.129689 -1.228938 3.623577 -0.523719 -5.230275 -5.084413 -13.264927 7.517215 0.000000 0.000000 0.000000 -3.516998 0.064357 0.216574 -7.077011 3.226731 -0.241634 4.117283 6.758328 6.209242 2.695610 0.076547 -11.629337 0.000000 0.000000 0.000000 -23.036600 -3.851188 -3.817959 -44.851789 0.113533 -4.354640 -8.433748 -25.943369 2.249750 0.000000 0.000000 0.000000 17.132494 16.941817 10.615682 27.002720 36.758957 3.957663 -17.847176 46.762137 -4.451522 0.000000 0.000000 0.000000 
-0.138506 0.946819 0.377165 -3.958902 11.489922 4.607113 3.589672 -0.319480 -2.837237 2.482207 0.129577 -7.070910 -5.908147 -5.227640 9.682150 0.000000 0.000000 0.000000 1.684035 0.161898 -1.498516 3.511541 -0.512652 -5.172718 -4.861436 -12.787387 7.676288 0.000000 0.000000 0.000000 -3.411746 0.061708 0.385943 -7.005046 3.191867 -0.477770 4.083715 6.562333 6.351989 2.522312 0.191444 -11.724754 0.000000 0.000000 0.000000 -23.137046 -3.763765 -3.835344 -44.751830 0.240094 -4.401584 -8.776828 -26.517098 2.382645 0.000000 0.000000 0.000000 16.952133 16.773715 10.441217 26.172355 36.567301 3.706746 -17.966680 45.072635 -4.356321 0.000000 0.000000 0.000000 
-0.138359 0.946838 0.376855 -3.881718 11.475054 4.710585 3.620273 -0.316218 -2.752179 2.386488 0.139295 -7.240658 -5.794969 -5.077093 9.605119 0.000000 0.000000 0.000000 1.727806 0.187781 -1.719444 3.183630 -0.482248 -5.123292 -4.837199 -12.734695 7.794504 0.000000 0.000000 0.000000 -3.289204 0.060671 0.340228 -6.821199 3.108998 -0.509346 4.052904 6.604038 6.506093 2.567302 0.224845 -12.094041 0.000000 0.000000 0.000000 -23.182323 -3.646838 -3.928329 -44.896818 0.317046 -4.451374 -9.202687 -26.887776 2.506419 0.000000 0.000000 0.000000 16.956061 16.808481 10.485522 25.163424 36.763535 3.485470 -17.921763 43.047241 -4.158979 0.000000 0.000000 0.000000 
-0.138195 0.946931 0.376501 -3.840072 11.611494 4.936325 3.613240 -0.315501 -2.698137 2.491517 0.147264 -7.509171 -6.013225 -5.288058 9.860175 0.000000 0.000000 0.000000 1.663318 0.218143 -1.973397 3.216715 -0.487464 -5.210784 -4.773039 -12.590205 7.998075 0.000000 0.000000 0.000000 -3.099487 0.060181 0.253813 -6.778877 3.085074 -0.663844 4.061150 6.719401 6.678288 2.641946 0.207112 -12.171301 0.000000 0.000000 0.000000 -23.100762 -3.771219 -3.912483 -44.982092 0.292769 -4.441888 -9.596043 -27.102631 2.600444 0.000000 0.000000 0.000000 16.766908 16.684810 10.440027 24.850068 37.156194 3.477091 -18.013381 41.549698 -4.020976 0.000000 0.000000 0.000000 
-0.137955 0.947027 0.376193 -3.773888 11.746311 5.046944 3.547264 -0.304383 -2.510193 2.582062 0.158283 -7.844593 -6.128112 -5.537201 9.770873 0.000000 0.000000 0.000000 1.630940 0.238805 -2.145665 3.126230 -0.479407 -5.169133 -4.816057 -12.667969 8.010571 0.000000 0.000000 0.000000 -3.004878 0.059413 0.213932 -6.576319 2.993243 -0.680725 4.066877 6.758260 6.809303 2.803508 0.138670 -12.334583 0.000000 0.000000 0.000000 -23.045781 -3.517246 -4.076980 -45.182889 0.214332 -4.447392 -9.879727 -27.562090 2.695886 0.000000 0.000000 0.000000 16.888085 16.573359 10.451038 24.598430 37.397462 3.439777 -18.561537 41.115160 -4.154484 0.000000 0.000000 0.000000 
-0.137592 0.946940 0.375920 -3.709410 11.992757 5.130379 3.510522 -0.299572 -2.414277 2.659241 0.163440 -8.027387 -6.385091 -5.846696 9.954570 0.000000 0.000000 0.000000 1.422776 0.247909 -2.215466 3.318491 -0.497234 -5.096055 -4.960910 -12.957607 7.983228 0.000000 0.000000 0.000000 -2.744137 0.055217 0.154810 -6.435876 2.928239 -0.611333 4.030263 6.866662 6.895549 3.204370 -0.072641 -12.510327 0.000000 0.000000 0.000000 -23.001590 -3.713456 -4.046804 -45.500598 0.228604 -4.472175 -10.180348 -27.929572 2.778359 0.000000 0.000000 0.000000 17.070916 16.454488 10.507926 24.904074 37.378469 3.478731 -19.542002 41.714723 -4.519604 0.000000 0.000000 0.000000 
-0.137070 0.946966 0.375773 -3.627212 12.265564 5.301769 3.417572 -0.295664 -2.358847 2.656544 0.167139 -8.131026 -6.663098 -6.316615 9.954251 0.000000 0.000000 0.000000 1.227415 0.268059 -2.387562 3.372226 -0.502940 -5.038860 -4.989971 -12.994471 7.841500 0.000000 0.000000 0.000000 -2.587893 0.054252 0.073391 -6.180760 2.811311 -0.677272 3.917625 7.010488 7.057363 3.346250 -0.094585 -12.755864 0.000000 0.000000 0.000000 -22.875096 -3.666510 -4.147455 -45.687403 0.257482 -4.498095 -10.306693 -28.445505 2.828524 0.000000 0.000000 0.000000 17.458848 16.151715 10.537183 25.427868 37.187596 3.513916 -20.594223 43.267924 -5.022367 0.000000 0.000000 0.000000 
-0.136447 0.946919 0.375672 -3.473615 12.619691 5.486360 3.234935 -0.293142 -2.381804 2.733948 0.170134 -8.261632 -6.907726 -6.629945 10.078048 0.000000 0.000000 0.000000 0.990370 0.281993 -2.510594 3.391677 -0.504664 -4.894405 -5.206272 -13.428793 7.678385 0.000000 0.000000 0.000000 -2.511646 0.056642 -0.113829 -5.966726 2.711325 -0.571257 3.910604 6.946455 7.040578 3.555526 -0.187810 -12.954996 0.000000 0.000000 0.000000 -22.697745 -3.442646 -4.268402 -46.045716 0.334053 -4.576529 -10.486605 -28.976496 2.902133 0.000000 0.000000 0.000000 17.801739 15.979524 10.566736 25.843934 37.266654 3.605351 -21.554360 44.749622 -5.534818 0.000000 0.000000 0.000000 
-0.135754 0.946899 0.375581 -3.305136 12.913104 5.448113 3.019719 -0.279131 -2.265123 2.740367 0.165735 -8.170466 -7.099981 -6.960994 10.047584 0.000000 0.000000 0.000000 0.669696 0.270696 -2.413661 3.423113 -0.509017 -4.834744 -5.259264 -13.524330 7.548354 0.000000 0.000000 0.000000 -2.364582 0.052673 -0.101152 -5.886515 2.672410 -0.390918 3.876564 6.923855 6.966918 3.616665 -0.201787 -13.045488 0.000000 0.000000 0.000000 -22.565135 -3.516426 -4.234341 -46.237688 0.384625 -4.616865 -10.734990 -29.051350 2.958838 0.000000 0.000000 0.000000 17.929949 16.121573 10.713189 26.056154 37.346180 3.666867 -22.418022 45.691084 -5.981106 0.000000 0.000000 0.000000 
-0.135073 0.946925 0.375408 -3.159109 13.146307 5.367573 2.899352 -0.269576 -2.177096 2.700581 0.148435 -7.716781 -6.981982 -7.005088 9.640239 0.000000 0.000000 0.000000 0.504875 0.257870 -2.298190 3.452537 -0.509531 -4.554913 -5.396989 -13.815027 7.144847 0.000000 0.000000 0.000000 -2.279692 0.049915 -0.103830 -5.780458 2.621891 -0.177837 3.980370 6.916190 6.823990 3.832992 -0.359303 -12.906802 0.000000 0.000000 0.000000 -22.428755 -3.516948 -4.225181 -46.471513 0.443723 -4.668445 -10.597428 -29.106519 2.919045 0.000000 0.000000 0.000000 17.664858 16.471006 10.858760 25.704792 37.653298 3.672734 -22.863951 45.986154 -6.209676 0.000000 0.000000 0.000000 
-0.134497 0.947069 0.375213 -3.066046 13.277616 5.213955 2.709071 -0.255813 -2.078915 2.731467 0.139068 -7.505781 -6.824413 -6.730771 9.592315 0.000000 0.000000 0.000000 0.290307 0.227021 -2.017134 3.552212 -0.518014 -4.356683 -5.386096 -13.790178 7.044985 0.000000 0.000000 0.000000 -2.114531 0.044440 -0.056251 -5.777317 2.619349 -0.006223 4.014941 7.083379 6.708684 4.041250 -0.479452 -12.884598 0.000000 0.000000 0.000000 -22.332476 -3.652693 -4.196016 -46.650392 0.500518 -4.696500 -10.757358 -28.757585 2.909298 0.000000 0.000000 0.000000 17.325183 16.989129 11.110301 25.122164 38.046753 3.640476 -23.146881 45.517478 -6.268050 0.000000 0.000000 0.000000 
-0.134068 0.947013 0.375044 -2.929681 13.397139 5.025750 2.635572 -0.240135 -1.880465 2.637322 0.121935 -7.021480 -6.658487 -6.724044 9.152445 0.000000 0.000000 0.000000 0.069953 0.202776 -1.796639 3.610770 -0.521318 -4.043986 -5.355526 -13.727727 6.716807 0.000000 0.000000 0.000000 -2.052696 0.035697 0.239822 -5.633704 2.555421 0.027110 3.998624 7.104851 6.501619 4.530108 -0.800297 -12.842944 0.000000 0.000000 0.000000 -22.347977 -3.805529 -4.144738 -46.672695 0.730277 -4.761772 -10.743577 -28.487495 2.874844 0.000000 0.000000 0.000000 17.093839 17.431120 11.307747 24.244945 38.648489 3.571217 -22.438564 44.757187 -5.924400 0.000000 0.000000 0.000000 
-0.133816 0.947025 0.374933 -2.895978 13.559306 4.985101 2.648137 -0.238804 -1.847076 2.457290 0.118239 -6.802214 -6.385608 -6.188823 9.175574 0.000000 0.000000 0.000000 0.073136 0.197904 -1.749297 3.568687 -0.514533 -3.736370 -5.349002 -13.710559 6.531164 0.000000 0.000000 0.000000 -1.994126 0.034913 0.195034 -5.474227 2.479785 0.215874 3.950655 7.129161 6.204836 4.931051 -1.121120 -12.494419 0.000000 0.000000 0.000000 -22.227253 -4.055481 -4.011893 -46.765460 1.010772 -4.858397 -10.757284 -28.005322 2.827571 0.000000 0.000000 0.000000 16.857715 17.887266 11.510055 23.385829 39.409644 3.540255 -21.247321 43.447249 -5.342478 0.000000 0.000000 0.000000 
-0.133678 0.946942 0.374838 -2.840180 13.637662 4.907956 2.592923 -0.233660 -1.800184 2.380998 0.100500 -6.289998 -6.067227 -5.917652 8.717622 0.000000 0.000000 0.000000 0.081892 0.196949 -1.740510 3.541196 -0.507727 -3.351194 -5.398549 -13.823853 6.296949 0.000000 0.000000 0.000000 -2.131293 0.032158 0.441079 -5.386946 2.437354 0.373748 4.106291 7.064336 5.889943 5.585912 -1.553327 -12.540701 0.000000 0.000000 0.000000 -22.600842 -3.865170 -4.189182 -46.352007 1.292034 -4.857091 -10.657738 -27.639977 2.776810 0.000000 0.000000 0.000000 16.924295 18.303094 11.730279 22.263892 39.983521 3.365465 -19.860023 41.432775 -4.656046 0.000000 0.000000 0.000000 
-0.133653 0.946971 0.374685 -2.780213 13.849491 4.782691 2.601066 -0.237541 -1.860453 2.243125 0.084498 -5.763745 -5.668417 -5.271566 8.559866 0.000000 0.000000 0.000000 0.193849 0.203730 -1.800956 3.373019 -0.485319 -2.902408 -5.447606 -13.931333 6.017780 0.000000 0.000000 0.000000 -2.238764 0.030845 0.559759 -5.164458 2.329771 0.666787 4.123950 6.929767 5.819180 5.949433 -1.803850 -12.519527 0.000000 0.000000 0.000000 -22.642972 -3.978310 -4.119505 -46.342843 1.393352 -4.894565 -10.210185 -27.260100 2.646064 0.000000 0.000000 0.000000 17.011509 18.754565 11.992172 21.448127 40.351180 3.208668 -19.485402 39.344505 -4.329804 0.000000 0.000000 0.000000 
-0.133629 0.946753 0.374458 -2.733241 13.910347 4.629514 2.614970 -0.238815 -1.881868 2.195563 0.062026 -5.157678 -5.364332 -5.106165 7.982420 0.000000 0.000000 0.000000 0.205817 0.208572 -1.848117 3.423372 -0.488480 -2.569972 -5.486116 -14.022133 5.826930 0.000000 0.000000 0.000000 -2.255514 0.023612 0.876413 -5.037007 2.266096 0.931463 4.155182 6.790837 5.709006 6.424871 -2.092321 -12.714010 0.000000 0.000000 0.000000 -22.884411 -4.012965 -4.122110 -45.976034 1.429791 -4.834122 -10.456956 -26.996938 2.691364 0.000000 0.000000 0.000000 17.133747 19.091959 12.178602 20.901928 40.495277 3.082330 -18.910605 37.455309 -3.970218 0.000000 0.000000 0.000000 
-0.133606 0.946799 0.374148 -2.654266 13.979485 4.660915 2.593402 -0.246057 -2.008896 2.282661 0.044630 -4.827175 -5.167624 -4.899683 7.745516 0.000000 0.000000 0.000000 0.215531 0.231775 -2.067126 3.336454 -0.475660 -2.288410 -5.682114 -14.461028 5.702138 0.000000 0.000000 0.000000 -2.267392 0.019863 1.072351 -4.800570 2.151895 1.092291 4.031285 6.635656 5.805869 6.704517 -2.257662 -12.860509 0.000000 0.000000 0.000000 -23.196842 -3.955116 -4.200686 -45.752192 1.603158 -4.855848 -10.140515 -26.825212 2.613866 0.000000 0.000000 0.000000 17.734212 19.051659 12.314025 20.550711 40.384587 2.912351 -19.418861 35.640535 -3.928397 0.000000 0.000000 0.000000 
-0.133611 0.946756 0.373741 -2.556777 14.221971 4.794178 2.655829 -0.259626 -2.166806 2.175863 0.040020 -4.592284 -5.155241 -4.964219 7.590589 0.000000 0.000000 0.000000 0.244708 0.264201 -2.369595 3.113451 -0.447226 -2.039533 -5.849099 -14.813030 5.820640 0.000000 0.000000 0.000000 -2.292356 0.018427 1.205101 -4.520922 2.012070 1.284429 4.029444 6.346913 5.827284 6.796973 -2.273443 -13.156202 0.000000 0.000000 0.000000 -23.604532 -3.867283 -4.303019 -45.501728 1.816050 -4.876932 -10.486955 -26.987628 2.720240 0.000000 0.000000 0.000000 18.004635 19.003114 12.328290 20.972535 39.864812 2.913457 -20.598983 34.136234 -4.071090 0.000000 0.000000 0.000000 
-0.133622 0.946988 0.373170 -2.486037 14.191029 5.036574 2.599995 -0.270569 -2.359500 2.136352 0.038160 -4.499056 -4.980146 -4.748199 7.440997 0.000000 0.000000 0.000000 0.204528 0.308065 -2.795695 3.083108 -0.441366 -1.911513 -6.011412 -15.177534 5.696043 0.000000 0.000000 0.000000 -2.281013 0.018844 1.254252 -4.367030 1.930755 1.490421 4.030954 6.236439 5.780178 6.862001 -2.297169 -13.313661 0.000000 0.000000 0.000000 -23.852020 -3.881227 -4.308100 -45.353353 2.247165 -5.003411 -10.590078 -27.129297 2.771553 0.000000 0.000000 0.000000 18.706538 18.557339 12.242506 21.400102 39.191072 2.856221 -22.225555 33.305265 -4.378574 0.000000 0.000000 0.000000 
-0.133643 0.947327 0.372351 -2.398053 14.325636 5.237912 2.569824 -0.288592 -2.640961 2.088633 0.039065 -4.458197 -4.819511 -4.553164 7.277103 0.000000 0.000000 0.000000 0.403510 0.355633 -3.225900 2.834204 -0.409183 -1.779707 -6.122925 -15.406202 5.796975 0.000000 0.000000 0.000000 -2.254937 0.015197 1.444287 -4.235942 1.866516 1.467214 4.082064 6.082241 5.928758 6.860296 -2.213936 -13.757541 0.000000 0.000000 0.000000 -24.107623 -3.959348 -4.298657 -45.154428 2.477283 -5.053958 -10.699747 -27.534069 2.846993 0.000000 0.000000 0.000000 19.093933 18.541041 12.332998 21.673384 38.292237 2.725776 -23.972729 32.286790 -4.663337 0.000000 0.000000 0.000000 
-0.133632 0.947736 0.371413 -2.332680 14.176613 5.456484 2.460823 -0.291388 -2.732752 2.000960 0.047797 -4.571101 -4.715075 -4.357250 7.300342 0.000000 0.000000 0.000000 0.420844 0.403902 -3.696377 2.796213 -0.400910 -1.607269 -6.258384 -15.703928 5.798865 0.000000 0.000000 0.000000 -2.087653 0.008342 1.573768 -4.121853 1.816497 1.367010 4.033817 6.129958 6.032873 6.772177 -2.089856 -14.087175 0.000000 0.000000 0.000000 -24.120146 -3.972120 -4.293612 -45.261435 2.554059 -5.102226 -10.700769 -27.588806 2.853448 0.000000 0.000000 0.000000 19.469181 17.949561 12.102757 22.398919 37.518227 2.727603 -25.356586 32.249890 -4.969406 0.000000 0.000000 0.000000 
-0.133589 0.947992 0.370460 -2.050836 14.122077 5.840588 2.148537 -0.311387 -3.159682 2.031034 0.043723 -4.495692 -4.509723 -4.151690 7.051208 0.000000 0.000000 0.000000 0.266917 0.461664 -4.308030 2.467953 -0.353033 -1.216701 -6.310297 -15.810798 5.748713 0.000000 0.000000 0.000000 -2.008144 0.007479 1.594662 -3.918284 1.724769 1.203449 4.143494 6.044985 6.259202 6.945299 -2.151263 -14.397364 0.000000 0.000000 0.000000 -24.187523 -4.146007 -4.172082 -45.525246 2.817837 -5.259601 -10.949223 -28.014941 2.965517 0.000000 0.000000 0.000000 19.326628 17.423472 11.735618 23.455236 36.559298 2.794479 -27.577451 34.089182 -5.839365 0.000000 0.000000 0.000000 
-0.133555 0.948227 0.369585 -1.809788 13.856525 6.060656 1.844821 -0.314354 -3.319517 1.973078 0.044965 -4.460716 -4.369983 -3.960248 6.982973 0.000000 0.000000 0.000000 0.088217 0.491457 -4.664070 2.167171 -0.309412 -1.008224 -6.318593 -15.826398 5.787685 0.000000 0.000000 0.000000 -1.938309 0.004445 1.675871 -3.568165 1.561947 1.226752 4.022606 6.038235 6.271810 6.952021 -2.173174 -14.361903 0.000000 0.000000 0.000000 -24.215539 -4.035438 -4.201105 -45.597262 2.916769 -5.316457 -11.245706 -28.443075 3.087123 0.000000 0.000000 0.000000 19.321415 16.745479 11.309332 24.415299 34.923125 2.684036 -29.873664 37.266887 -7.098546 0.000000 0.000000 0.000000 
-0.133644 0.948394 0.368705 -1.497664 14.159930 6.432660 1.472085 -0.337140 -3.741961 2.046776 0.038149 -4.361574 -4.235423 -3.853539 6.730690 0.000000 0.000000 0.000000 0.083813 0.539889 -5.172117 1.649865 -0.237874 -0.703125 -6.187647 -15.529469 5.549594 0.000000 0.000000 0.000000 -1.927693 0.002800 1.794906 -3.292752 1.437556 0.986054 4.236338 5.464165 6.419481 7.084327 -2.321729 -14.267454 0.000000 0.000000 0.000000 -24.342177 -4.096686 -4.041766 -45.867171 3.021050 -5.446275 -11.198785 -29.053606 3.174824 0.000000 0.000000 0.000000 19.268746 15.911317 10.685542 25.680282 32.873821 2.537576 -32.883841 41.512940 -9.031713 0.000000 0.000000 0.000000 
-0.133886 0.948450 0.367747 -1.220836 14.288337 6.718495 1.154431 -0.342771 -3.903467 2.004554 0.048274 -4.550261 -4.272440 -3.719996 7.010026 0.000000 0.000000 0.000000 0.002206 0.566390 -5.485306 1.397813 -0.203237 -0.612249 -6.331619 -15.847279 5.441630 0.000000 0.000000 0.000000 -1.806489 -0.000799 1.801456 -2.899922 1.245357 1.110319 4.182860 5.131456 6.416773 6.845736 -2.142684 -14.522596 0.000000 0.000000 0.000000 -24.192590 -4.124795 -3.892421 -46.238532 2.868197 -5.493860 -11.494790 -29.963910 3.366596 0.000000 0.000000 0.000000 19.596201 14.930920 10.111120 26.776400 30.133828 2.153850 -36.272517 47.463095 -11.929696 0.000000 0.000000 0.000000 
-0.134188 0.948354 0.366586 -0.853099 14.444043 7.002327 0.787141 -0.348621 -4.071224 2.091340 0.042264 -4.488373 -4.133845 -3.379976 7.105601 0.000000 0.000000 0.000000 -0.082004 0.608958 -5.990038 1.105620 -0.158443 -0.313958 -6.229360 -15.626520 5.129654 0.000000 0.000000 0.000000 -1.712084 -0.012672 2.123653 -2.464641 1.062254 0.670144 4.431710 4.677509 6.772427 7.180288 -2.356364 -14.736180 0.000000 0.000000 0.000000 -23.959544 -3.996040 -3.774677 -46.755383 2.660469 -5.584519 -12.050342 -30.836652 3.638706 0.000000 0.000000 0.000000 20.204749 13.800817 9.481145 27.405007 28.193502 1.803442 -38.844414 51.921281 -14.487852 0.000000 0.000000 0.000000 
-0.134560 0.948361 0.365038 -0.437995 14.589043 7.224754 0.408510 -0.367708 -4.380271 1.912518 0.045724 -4.362455 -4.183703 -3.393043 7.205040 0.000000 0.000000 0.000000 -0.390889 0.632547 -6.407679 0.976485 -0.130665 0.151987 -6.099974 -15.344342 4.803695 0.000000 0.000000 0.000000 -1.303917 -0.039936 2.418892 -2.087118 0.883112 0.689854 4.437143 4.334543 6.817108 7.114608 -2.361540 -14.628761 0.000000 0.000000 0.000000 -23.962112 -4.139381 -3.601474 -47.308647 2.536994 -5.652261 -12.319935 -31.778785 3.839422 0.000000 0.000000 0.000000 20.508408 12.984129 8.988997 28.334817 26.219401 1.494011 -41.206984 55.663893 -16.968396 0.000000 0.000000 0.000000 
-0.134930 0.948564 0.362936 -0.108487 14.590458 7.345227 0.127638 -0.377806 -4.545972 1.966587 0.039465 -4.265945 -3.984127 -2.969639 7.282314 0.000000 0.000000 0.000000 -0.730499 0.646178 -6.752471 0.931539 -0.116941 0.481846 -5.957301 -15.004760 4.836081 0.000000 0.000000 0.000000 -0.819774 -0.085040 2.977950 -1.969751 0.831602 0.626299 4.790998 3.813078 6.829251 7.200881 -2.446913 -14.781076 0.000000 0.000000 0.000000 -23.785153 -3.928621 -3.474590 -48.145302 2.092551 -5.690996 -12.702794 -32.925017 4.130899 0.000000 0.000000 0.000000 20.269246 12.514595 8.488374 29.292590 25.947677 1.607479 -41.447946 55.838415 -17.181928 0.000000 0.000000 0.000000 
-0.135425 0.948385 0.360113 0.301630 14.526868 7.499434 -0.317029 -0.408950 -4.938710 1.683014 0.038848 -3.908702 -3.712130 -2.687118 6.958184 0.000000 0.000000 0.000000 -1.239208 0.675254 -7.458543 1.137363 -0.128954 1.340924 -5.757183 -14.568695 4.288626 0.000000 0.000000 0.000000 -0.222859 -0.141725 3.494888 -1.597762 0.650005 0.756563 4.936743 3.670810 6.956971 7.309630 -2.518565 -14.895291 0.000000 0.000000 0.000000 -23.786166 -4.235944 -3.222481 -48.795354 1.920326 -5.754140 -13.374282 -33.775899 4.455935 0.000000 0.000000 0.000000 20.258127 12.536307 8.445743 29.189615 26.390504 1.694179 -40.481354 52.482583 -15.472611 0.000000 0.000000 0.000000 
-0.136057 0.948427 0.356853 0.422771 14.430601 7.683808 -0.518310 -0.426408 -5.141909 1.484169 0.041989 -3.735707 -3.256524 -1.924550 6.847313 0.000000 0.000000 0.000000 -1.637587 0.690442 -7.955354 1.339913 -0.158003 1.351462 -5.295834 -13.477686 4.593869 0.000000 0.000000 0.000000 0.900242 -0.242541 3.991314 -1.876685 0.754772 1.150727 5.422752 3.441402 6.475225 7.334780 -2.588660 -14.818366 0.000000 0.000000 0.000000 -23.819621 -4.357309 -3.004723 -49.236847 1.378387 -5.611514 -13.880236 -34.677621 4.767605 0.000000 0.000000 0.000000 20.401893 13.106819 8.665444 28.629832 27.514525 1.912534 -37.333533 45.946389 -11.979583 0.000000 0.000000 0.000000 
-0.136681 0.948349 0.353615 0.724669 14.018723 7.855102 -0.784994 -0.470063 -5.579649 1.258091 0.033019 -3.199818 -2.806833 -1.386428 6.438830 0.000000 0.000000 0.000000 -2.007867 0.710000 -8.538928 1.410486 -0.158070 1.906188 -5.109117 -13.061809 4.300707 0.000000 0.000000 0.000000 1.635805 -0.329761 4.518422 -1.678992 0.645552 1.449953 5.576840 3.816458 6.257121 7.907308 -3.093051 -14.072990 0.000000 0.000000 0.000000 -23.920802 -4.580181 -2.923949 -49.627474 1.309809 -5.607875 -14.630488 -35.188083 5.059045 0.000000 0.000000 0.000000 21.013136 13.784950 9.211680 27.156181 29.095347 2.003508 -33.760057 37.668628 -8.384119 0.000000 0.000000 0.000000 
-0.137088 0.948392 0.351009 0.860081 14.003105 7.986402 -0.985971 -0.480117 -5.685415 1.247696 0.029036 -3.080103 -2.479175 -0.940800 6.177014 0.000000 0.000000 0.000000 -2.390643 0.701864 -8.797022 1.738126 -0.209488 1.759080 -5.186922 -13.228400 4.544833 0.000000 0.000000 0.000000 2.759912 -0.475863 5.236429 -1.776953 0.704307 1.230568 5.744408 4.072740 6.019548 8.377323 -3.367897 -14.098965 0.000000 0.000000 0.000000 -24.433142 -5.039020 -2.829278 -48.968824 1.186291 -5.380616 -15.588682 -35.531079 5.395770 0.000000 0.000000 0.000000 21.538288 14.018879 9.532616 25.698403 30.411961 1.982587 -30.240152 30.321994 -5.657826 0.000000 0.000000 0.000000 
-0.137181 0.948162 0.349279 1.002036 13.976976 8.263623 -1.181905 -0.509427 -5.971417 1.153754 0.029519 -2.952739 -2.091683 -0.301323 6.045225 0.000000 0.000000 0.000000 -2.585899 0.715417 -9.231179 1.670427 -0.195698 2.046710 -4.917119 -12.601042 4.454349 0.000000 0.000000 0.000000 3.386580 -0.541976 5.325947 -1.588400 0.587647 1.641761 5.944226 4.112537 5.680775 8.689137 -3.614235 -13.892881 0.000000 0.000000 0.000000 -24.761710 -5.105852 -2.831045 -48.847296 1.113100 -5.293138 -16.241732 -35.681314 5.633975 0.000000 0.000000 0.000000 22.119154 14.699262 10.039187 24.487556 31.123352 1.903432 -27.902757 24.754798 -4.043231 0.000000 0.000000 0.000000 
-0.136979 0.948083 0.348294 1.195964 14.122573 8.595656 -1.359472 -0.516928 -6.060517 0.830512 0.055642 -3.179160 -1.863054 0.023361 5.865950 0.000000 0.000000 0.000000 -3.007476 0.695701 -9.395973 1.944754 -0.241857 1.688308 -4.723942 -12.144137 4.669976 0.000000 0.000000 0.000000 4.102313 -0.630694 5.509294 -1.566108 0.571444 1.669168 6.161755 4.091462 5.197054 8.862577 -3.695328 -14.006779 0.000000 0.000000 0.000000 -25.275435 -5.271723 -2.821772 -48.408080 1.459253 -5.292967 -17.219531 -36.042617 6.012485 0.000000 0.000000 0.000000 22.783649 14.673210 10.136811 23.805722 31.694064 1.881128 -25.951599 21.380661 -3.090975 0.000000 0.000000 0.000000 
-0.136562 0.948069 0.347616 1.340560 13.758841 9.091488 -1.359482 -0.531015 -6.196504 0.567153 0.075809 -3.366336 -1.502954 0.653842 5.850788 0.000000 0.000000 0.000000 -3.180770 0.714316 -9.828836 1.868046 -0.229122 1.551347 -4.596575 -11.863561 4.636582 0.000000 0.000000 0.000000 4.575133 -0.677535 5.440331 -1.290263 0.445750 1.605626 6.265436 4.337440 5.042175 8.924605 -3.730985 -13.984131 0.000000 0.000000 0.000000 -25.554161 -4.957617 -3.074619 -48.195512 1.905281 -5.396756 -17.746249 -36.029284 6.176710 0.000000 0.000000 0.000000 23.234024 14.568954 10.180669 23.435419 31.820353 1.820063 -25.234418 19.781192 -2.701922 0.000000 0.000000 0.000000 
-0.135958 0.948093 0.346789 1.608988 13.669651 9.614593 -1.501518 -0.561661 -6.490569 0.172802 0.101430 -3.561765 -1.235893 1.227589 6.002582 0.000000 0.000000 0.000000 -3.448211 0.731019 -10.485966 1.637117 -0.191842 1.723685 -4.336919 -11.261740 4.719984 0.000000 0.000000 0.000000 5.061066 -0.745922 5.551515 -1.097643 0.374728 1.269013 6.297575 4.506790 4.957713 9.304809 -3.958851 -13.989425 0.000000 0.000000 0.000000 -25.533941 -5.126206 -3.018326 -47.989942 2.445672 -5.543767 -18.173810 -36.278438 6.347698 0.000000 0.000000 0.000000 23.563716 14.198522 10.070362 22.965406 31.929788 1.725754 -25.049521 18.701342 -2.476672 0.000000 0.000000 0.000000 
-0.135216 0.948270 0.345682 1.844755 13.435160 9.984968 -1.709294 -0.564817 -6.520130 0.078361 0.112551 -3.790159 -1.182685 1.383726 6.134209 0.000000 0.000000 0.000000 -3.756953 0.737473 -11.055841 1.569507 -0.175838 2.064642 -4.293760 -11.166901 4.756802 0.000000 0.000000 0.000000 5.353591 -0.786749 5.600394 -0.931620 0.312068 1.044199 6.248806 4.679008 5.081668 9.305211 -3.864665 -14.382166 0.000000 0.000000 0.000000 -25.521138 -4.985238 -3.128260 -48.008331 2.833995 -5.692700 -18.003379 -36.819357 6.380523 0.000000 0.000000 0.000000 23.457603 14.109080 10.032808 23.182022 31.869059 1.747392 -25.743175 18.712565 -2.547647 0.000000 0.000000 0.000000 
-0.134475 0.948485 0.344355 2.118150 13.388756 10.273244 -1.922144 -0.577914 -6.636870 -0.054584 0.126288 -4.085139 -1.131083 1.664251 6.471183 0.000000 0.000000 0.000000 -3.974854 0.742534 -11.589544 1.474948 -0.156256 2.451439 -4.244369 -11.049621 4.856722 0.000000 0.000000 0.000000 5.570635 -0.844064 5.890509 -0.718463 0.244627 0.537472 6.281574 4.822975 5.363158 9.143146 -3.626403 -14.951265 0.000000 0.000000 0.000000 -25.641912 -5.128363 -3.120454 -47.666541 3.394395 -5.842743 -17.957319 -37.454529 6.471660 0.000000 0.000000 0.000000 23.525654 13.755700 9.888160 22.789446 31.835515 1.640070 -26.811298 18.720004 -2.662777 0.000000 0.000000 0.000000 
-0.133826 0.948825 0.342999 2.334576 13.140992 10.436138 -2.138074 -0.571308 -6.565659 0.028686 0.130988 -4.390590 -1.232710 1.611275 6.739188 0.000000 0.000000 0.000000 -4.325583 0.730553 -12.010327 1.499333 -0.154360 2.809799 -4.172386 -10.885502 4.688886 0.000000 0.000000 0.000000 5.782541 -0.882534 6.029585 -0.380963 0.079335 0.677822 6.023757 5.001293 5.284079 8.641712 -3.220436 -15.311933 0.000000 0.000000 0.000000 -25.241053 -4.917594 -3.201862 -47.898528 3.914315 -6.085128 -17.647166 -38.317782 6.493596 0.000000 0.000000 0.000000 23.268154 13.584044 9.758014 22.678852 31.822515 1.627204 -28.157160 19.173617 -2.900387 0.000000 0.000000 0.000000 
-0.133317 0.948840 0.341816 2.562614 13.133733 10.733054 -2.350076 -0.573375 -6.590346 0.092233 0.138510 -4.793876 -1.335764 1.612844 7.077227 0.000000 0.000000 0.000000 -4.702526 0.708187 -12.345827 1.457448 -0.145376 3.022431 -4.144457 -10.813495 4.657979 0.000000 0.000000 0.000000 6.096180 -0.930673 6.098362 -0.221589 0.016467 0.501750 5.931008 5.119682 5.456833 8.553668 -3.027485 -15.917387 0.000000 0.000000 0.000000 -25.230557 -5.254219 -3.058183 -47.821684 4.389693 -6.240388 -17.579450 -39.133339 6.596639 0.000000 0.000000 0.000000 23.236486 13.374710 9.680803 22.109613 31.933425 1.521784 -29.163474 19.197611 -3.017157 0.000000 0.000000 0.000000 
-0.132890 0.949119 0.340834 2.770655 13.074200 10.975009 -2.707463 -0.571645 -6.570856 0.295570 0.140859 -5.177966 -1.328474 1.848689 7.487749 0.000000 0.000000 0.000000 -5.002817 0.686977 -12.546725 1.581196 -0.163203 3.179890 -4.308877 -11.188468 4.682790 0.000000 0.000000 0.000000 6.289727 -0.946790 6.012655 -0.002609 -0.083918 0.474073 5.601883 5.228535 5.437303 8.562147 -2.944648 -16.262784 0.000000 0.000000 0.000000 -24.927778 -5.456819 -2.936505 -47.834666 4.363194 -6.225698 -17.075433 -39.777467 6.502831 0.000000 0.000000 0.000000 22.992360 13.617595 9.840061 21.308204 31.851893 1.360019 -29.536272 18.159088 -2.835352 0.000000 0.000000 0.000000 
-0.132509 0.949150 0.339925 3.108387 13.518457 11.227617 -3.195406 -0.549647 -6.410447 0.576009 0.146132 -5.787684 -1.441823 2.001542 8.060842 0.000000 0.000000 0.000000 -5.415574 0.634058 -12.505443 1.462756 -0.148214 3.141450 -4.375550 -11.312947 4.735209 0.000000 0.000000 0.000000 6.651577 -0.995321 6.022141 0.175520 -0.149865 0.205551 5.208880 5.449424 5.451862 8.985945 -3.052432 -16.719426 0.000000 0.000000 0.000000 -25.109199 -6.093596 -2.810125 -47.543951 4.508943 -6.146773 -16.740845 -40.261269 6.396394 0.000000 0.000000 0.000000 22.754207 13.540026 9.936943 20.137345 31.757447 1.100180 -29.240986 16.210608 -2.363246 0.000000 0.000000 0.000000 
-0.132156 0.949146 0.339137 3.407012 13.916106 11.445851 -3.744832 -0.512477 -6.140972 0.908609 0.151573 -6.390283 -1.502173 2.196691 8.543537 0.000000 0.000000 0.000000 -5.902748 0.573525 -12.426724 1.642750 -0.180573 3.110651 -4.395152 -11.331303 4.652277 0.000000 0.000000 0.000000 7.041321 -1.034550 5.915312 0.486551 -0.277113 -0.028224 4.672321 5.512284 5.382875 9.017730 -2.934043 -17.165453 0.000000 0.000000 0.000000 -25.322487 -6.237572 -2.928538 -47.382738 4.265381 -5.952759 -16.099220 -40.678381 6.170126 0.000000 0.000000 0.000000 22.495181 13.667559 10.106236 19.060467 31.572546 0.860449 -28.442940 14.145565 -1.850693 0.000000 0.000000 0.000000 
-0.131866 0.949043 0.338552 3.710695 14.449255 11.418909 -4.218630 -0.464520 -5.794923 1.271328 0.152106 -6.782083 -1.708689 2.081676 8.890920 0.000000 0.000000 0.000000 -6.317368 0.507790 -12.048115 1.670554 -0.192353 2.718714 -4.554782 -11.667885 4.835372 0.000000 0.000000 0.000000 7.477436 -1.105343 6.064823 0.538583 -0.289443 -0.198209 4.300134 5.615553 5.225528 9.183617 -2.934818 -17.393509 0.000000 0.000000 0.000000 -25.738691 -6.850707 -2.837222 -46.887095 4.175132 -5.724731 -15.208491 -41.304929 5.878355 0.000000 0.000000 0.000000 22.147755 13.613490 10.135589 18.307493 30.542613 0.594414 -26.874837 12.842040 -1.476872 0.000000 0.000000 0.000000 
-0.131836 0.948911 0.338127 3.904724 14.981223 11.462992 -4.491647 -0.417694 -5.476972 1.491745 0.152020 -6.999178 -1.894593 1.891885 9.029064 0.000000 0.000000 0.000000 -6.584586 0.462137 -11.899046 1.821227 -0.221442 2.581919 -4.617189 -11.779724 4.794641 0.000000 0.000000 0.000000 7.869241 -1.180337 6.254988 0.788346 -0.392784 -0.352871 3.925850 5.678096 5.310485 9.366556 -2.910746 -17.818151 0.000000 0.000000 0.000000 -25.997924 -7.053510 -2.932503 -46.706922 3.805754 -5.493724 -15.214391 -41.871146 5.909412 0.000000 0.000000 0.000000 22.034286 13.533811 10.204072 17.555842 29.867345 0.364053 -25.678561 11.547282 -1.159139 0.000000 0.000000 0.000000 
-0.132145 0.948666 0.337860 3.917858 15.489737 11.222380 -4.579149 -0.362550 -5.073292 1.687554 0.147046 -7.016136 -2.097878 1.507010 8.871384 0.000000 0.000000 0.000000 -6.736536 0.422373 -11.553269 2.016153 -0.258061 2.366713 -4.781588 -12.118282 5.206469 0.000000 0.000000 0.000000 8.254011 -1.252157 6.468900 0.964844 -0.477731 -0.322294 3.673610 5.742378 5.211631 9.391464 -2.821646 -18.110743 0.000000 0.000000 0.000000 -26.586059 -7.752548 -2.783723 -46.236863 3.991428 -5.382536 -15.414072 -42.939868 6.104385 0.000000 0.000000 0.000000 22.004802 13.410366 10.224419 16.858446 28.752160 0.123226 -23.995687 10.948743 -0.976586 0.000000 0.000000 0.000000 
-0.132927 0.948436 0.337466 3.975734 15.877693 11.036811 -4.462632 -0.329735 -4.827828 1.812165 0.134621 -6.710939 -2.452084 0.719487 8.509157 0.000000 0.000000 0.000000 -6.871913 0.391887 -11.332305 2.357008 -0.316133 2.405539 -4.924001 -12.421582 5.223867 0.000000 0.000000 0.000000 8.439656 -1.289274 6.589765 1.047449 -0.492054 -0.588920 3.639294 5.681217 5.539713 9.479579 -2.801152 -18.401434 0.000000 0.000000 0.000000 -26.943849 -7.946465 -2.800149 -45.980613 3.983190 -5.318141 -15.937202 -43.447806 6.375184 0.000000 0.000000 0.000000 21.896308 13.382181 10.230043 16.807360 27.834158 0.008603 -22.582438 9.980057 -0.759538 0.000000 0.000000 0.000000 
-0.134005 0.948482 0.336897 4.046289 16.287823 10.836433 -4.179301 -0.287331 -4.488726 1.780392 0.136806 -6.804883 -2.827281 0.078371 8.475354 0.000000 0.000000 0.000000 -6.970087 0.364170 -11.144793 2.453902 -0.335682 2.340371 -4.827015 -12.162136 5.653136 0.000000 0.000000 0.000000 8.525014 -1.328748 6.822722 1.425667 -0.657769 -0.666316 3.338041 5.779178 5.460420 9.917762 -2.813901 -19.366472 0.000000 0.000000 0.000000 -27.006695 -7.982065 -2.945154 -45.910071 4.032457 -5.270869 -16.850679 -43.713288 6.718627 0.000000 0.000000 0.000000 21.967227 12.867289 10.033980 16.516068 27.369225 -0.093961 -21.347710 9.162728 -0.584238 0.000000 0.000000 0.000000 
-0.135141 0.948307 0.336247 3.927793 16.085317 10.582682 -3.890697 -0.272451 -4.314238 1.906653 0.124280 -6.466784 -3.088936 -0.572335 8.205485 0.000000 0.000000 0.000000 -6.954349 0.368174 -11.154163 2.677554 -0.370729 2.478658 -4.732389 -11.967612 5.541169 0.000000 0.000000 0.000000 8.583848 -1.328696 6.828880 1.420212 -0.641493 -0.801595 3.279982 5.987722 5.527535 10.167579 -2.929413 -19.462311 0.000000 0.000000 0.000000 -27.687231 -8.073991 -3.086880 -45.223614 4.529430 -5.276609 -17.853105 -43.698990 7.122810 0.000000 0.000000 0.000000 22.300227 12.682722 10.030014 16.742012 26.730339 -0.150529 -20.635840 8.799704 -0.510258 0.000000 0.000000 0.000000 
-0.136007 0.948282 0.335742 3.765140 15.593748 10.231109 -3.623732 -0.234859 -3.928586 1.813802 0.130566 -6.578443 -2.877076 -0.348494 8.043143 0.000000 0.000000 0.000000 -6.845042 0.387858 -11.003826 2.865446 -0.396991 2.505314 -4.510144 -11.505561 5.512007 0.000000 0.000000 0.000000 8.366277 -1.236592 6.450092 1.478738 -0.713039 -0.305169 3.208617 6.060815 5.333165 10.221631 -2.909520 -19.797963 0.000000 0.000000 0.000000 -27.691820 -7.838078 -3.163299 -45.224111 4.680016 -5.339053 -18.166050 -43.384487 7.206076 0.000000 0.000000 0.000000 22.662424 12.669971 10.030666 17.078407 26.360462 -0.141319 -20.295763 8.928696 -0.525388 0.000000 0.000000 0.000000 
-0.136485 0.947919 0.335772 3.550417 14.923708 9.792731 -3.305672 -0.180324 -3.356585 1.766921 0.127372 -6.410541 -2.505680 -0.250335 7.220381 0.000000 0.000000 0.000000 -6.631449 0.417113 -10.710106 2.928998 -0.400654 2.399550 -4.382879 -11.271500 5.534565 0.000000 0.000000 0.000000 8.100173 -1.163969 6.274228 1.421464 -0.691660 -0.209800 3.077157 5.927328 5.231950 10.504324 -3.180013 -19.543067 0.000000 0.000000 0.000000 -28.158813 -7.669313 -3.189690 -44.732205 4.894114 -5.349108 -18.268389 -42.337625 7.141936 0.000000 0.000000 0.000000 23.092870 12.499764 9.860934 17.823615 25.929622 -0.083047 -19.963723 9.824094 -0.646801 0.000000 0.000000 0.000000 
-0.136634 0.947820 0.336393 3.253312 14.179321 9.371444 -2.957977 -0.111297 -2.619674 1.580485 0.144302 -6.772687 -1.954331 0.511487 6.947538 0.000000 0.000000 0.000000 -6.555564 0.431227 -10.293194 3.180198 -0.433742 2.308330 -3.947636 -10.350188 5.474775 0.000000 0.000000 0.000000 7.765089 -1.041617 5.735931 1.542810 -0.753686 -0.111042 3.047887 5.501591 5.369309 10.114757 -2.941229 -20.032844 0.000000 0.000000 0.000000 -28.005783 -7.041313 -3.237285 -45.262380 5.382494 -5.724924 -18.572299 -41.174383 7.126829 0.000000 0.000000 0.000000 23.085810 11.831235 9.181595 19.754822 25.583952 0.134106 -20.593620 11.288820 -0.870474 0.000000 0.000000 0.000000 
-0.136881 0.948361 0.337711 2.795110 13.278979 8.602659 -2.501038 -0.024133 -1.597105 1.598667 0.150087 -6.926612 -1.514971 1.069037 6.674292 0.000000 0.000000 0.000000 -6.152785 0.464439 -9.767465 3.191286 -0.427445 2.470278 -3.678456 -9.826734 5.675555 0.000000 0.000000 0.000000 7.237852 -0.911861 5.337576 1.734636 -0.810721 -0.438353 2.827214 4.511637 5.611516 9.931349 -3.061716 -19.715102 0.000000 0.000000 0.000000 -28.080979 -6.254221 -3.165469 -45.361338 5.819223 -6.097454 -18.332636 -39.613416 6.941357 0.000000 0.000000 0.000000 23.331887 10.862594 8.147524 21.969316 24.993932 0.383720 -21.462538 14.592224 -1.409861 0.000000 0.000000 0.000000 
-0.137592 0.948998 0.339399 2.476937 12.697481 7.952400 -1.805831 0.029587 -0.749245 0.971136 0.178919 -7.423362 -1.081082 1.941023 6.954792 0.000000 0.000000 0.000000 -5.828563 0.471554 -8.965838 3.347247 -0.445531 2.167785 -3.260160 -8.946010 5.706993 0.000000 0.000000 0.000000 6.496818 -0.742790 4.627741 1.913285 -0.873161 -0.654369 2.482292 3.075064 5.654859 9.660304 -3.009886 -20.129976 0.000000 0.000000 0.000000 -27.299478 -4.571339 -3.388267 -46.013796 6.368886 -6.676084 -17.662656 -37.610652 6.517276 0.000000 0.000000 0.000000 23.184529 9.337091 6.596063 25.956520 24.320262 0.865222 -23.803836 18.705009 -2.281260 0.000000 0.000000 0.000000 
-0.138836 0.949505 0.341133 1.970695 12.005731 7.329535 -1.210746 0.103326 0.375391 0.940811 0.198169 -8.075513 -0.686447 2.762183 7.318371 0.000000 0.000000 0.000000 -5.270868 0.484798 -8.113130 3.615556 -0.478769 1.541127 -3.346653 -9.222420 5.942851 0.000000 0.000000 0.000000 5.718424 -0.585849 3.894647 2.319073 -1.065144 -0.612032 2.031827 1.604968 5.534815 9.346669 -3.071085 -19.885890 0.000000 0.000000 0.000000 -26.991197 -3.621152 -3.231126 -46.139223 6.768535 -7.069580 -16.624783 -36.619302 6.190114 0.000000 0.000000 0.000000 23.356127 8.251946 5.334903 29.468323 22.600026 1.065677 -26.522039 25.145881 -3.889168 0.000000 0.000000 0.000000 
-0.140541 0.949057 0.342440 1.385418 10.600156 6.814954 -0.619997 0.126695 1.033744 0.745702 0.211607 -8.224326 0.278834 4.353014 7.355164 0.000000 0.000000 0.000000 -4.654791 0.507644 -7.439683 3.816732 -0.493853 1.267329 -2.822912 -8.110580 5.512845 0.000000 0.000000 0.000000 4.970709 -0.455203 3.222821 2.342866 -1.075065 -0.617772 1.822183 0.624875 5.632655 8.827816 -3.012191 -19.612946 0.000000 0.000000 0.000000 -26.456774 -2.847748 -2.968115 -46.536014 7.069468 -7.480146 -14.981566 -35.435327 5.637534 0.000000 0.000000 0.000000 23.455386 7.297015 4.172949 32.817650 20.825092 1.150325 -27.810985 32.078425 -5.660210 0.000000 0.000000 0.000000 
-0.142299 0.948580 0.343086 0.789722 8.854952 6.155406 -0.033625 0.154653 1.777421 0.736768 0.221638 -8.275824 1.094236 5.493435 6.988820 0.000000 0.000000 0.000000 -3.841619 0.534342 -6.929295 3.615303 -0.448885 1.127118 -2.338742 -7.158066 5.550466 0.000000 0.000000 0.000000 4.405674 -0.374927 2.871913 2.056691 -0.961997 -0.351752 1.738538 0.158925 5.294514 8.172590 -2.881429 -19.011773 0.000000 0.000000 0.000000 -26.313167 -2.541016 -2.623547 -46.301800 6.811953 -7.473976 -13.571016 -34.284298 5.148980 0.000000 0.000000 0.000000 23.842058 6.802023 3.380056 35.237527 18.796736 1.008551 -26.799346 37.688097 -6.695367 0.000000 0.000000 0.000000 
-0.143754 0.947708 0.343020 0.324691 7.304732 5.763537 0.404836 0.171416 2.280995 0.492731 0.237912 -8.421946 2.179818 7.356465 7.194359 0.000000 0.000000 0.000000 -3.170811 0.562829 -6.766713 3.151372 -0.372626 1.094316 -1.669983 -5.664240 5.112405 0.000000 0.000000 0.000000 3.881141 -0.279408 2.136471 2.010109 -0.971708 0.095732 1.473525 -0.759629 5.226847 7.419606 -2.680096 -18.675436 0.000000 0.000000 0.000000 -26.666822 -2.533258 -2.052971 -46.182698 6.386142 -7.462985 -11.437340 -33.332585 4.516508 0.000000 0.000000 0.000000 24.477766 7.107633 2.977706 37.286627 17.291514 0.928441 -23.669130 39.796700 -6.305995 0.000000 0.000000 0.000000 
-0.144670 0.947059 0.342520 -0.069054 5.812659 5.462329 0.510211 0.201435 2.689255 0.810365 0.234399 -8.319254 2.709535 8.172530 7.153626 0.000000 0.000000 0.000000 -2.798848 0.587918 -6.809256 3.354675 -0.386913 1.120378 -1.158092 -4.683201 5.369086 0.000000 0.000000 0.000000 3.373731 -0.218692 1.713432 1.690924 -0.852286 0.637965 1.593381 -1.165243 4.722134 7.087780 -2.669423 -18.244427 0.000000 0.000000 0.000000 -26.693696 -2.770014 -1.470574 -45.822864 5.406923 -7.136804 -9.991161 -32.310799 4.045829 0.000000 0.000000 0.000000 24.502603 7.409349 2.692948 39.899406 15.215795 0.646968 -19.246937 40.148867 -5.018174 0.000000 0.000000 0.000000 
-0.145058 0.946860 0.341974 -0.257303 4.759927 5.082983 0.534454 0.265442 3.463809 0.751039 0.254629 -8.759068 3.433116 9.491304 7.619516 0.000000 0.000000 0.000000 -2.469379 0.583190 -6.548474 2.911104 -0.326048 0.765163 -0.626899 -3.563666 5.363762 0.000000 0.000000 0.000000 2.766324 -0.143364 1.049795 1.746032 -0.896948 0.981586 1.191437 -1.928916 4.574047 6.737500 -2.629551 -17.973238 0.000000 0.000000 0.000000 -26.774964 -2.683616 -1.086289 -45.822171 4.620733 -6.974373 -8.316679 -31.943689 3.610662 0.000000 0.000000 0.000000 25.035291 7.301613 2.153834 41.938058 13.254608 0.266406 -14.891057 38.713248 -3.529317 0.000000 0.000000 0.000000 
-0.145033 0.946752 0.341523 -0.676033 3.646607 4.864829 0.634697 0.303494 3.955707 1.210702 0.252815 -8.871430 3.711231 9.907680 7.617656 0.000000 0.000000 0.000000 -2.177636 0.587603 -6.438030 2.921468 -0.319820 0.726227 -0.112593 -2.501482 5.399923 0.000000 0.000000 0.000000 2.566499 -0.091734 0.384463 1.704586 -0.880160 1.135188 1.119291 -2.594251 4.427550 6.360173 -2.525339 -18.019865 0.000000 0.000000 0.000000 -26.154917 -2.982634 -0.410796 -46.632662 3.596666 -6.852647 -7.360507 -31.798659 3.411652 0.000000 0.000000 0.000000 24.659522 7.122510 1.591692 44.637778 10.948020 -0.305461 -10.783749 36.965442 -2.194434 0.000000 0.000000 0.000000 
-0.144774 0.946583 0.340997 -0.890216 2.471580 4.666910 0.544783 0.349489 4.365866 1.506413 0.266403 -9.268170 4.033311 10.436702 7.782481 0.000000 0.000000 0.000000 -1.680115 0.578689 -6.133685 2.455675 -0.259428 0.598194 0.499002 -1.011815 4.917659 0.000000 0.000000 0.000000 2.249832 -0.080590 0.390537 1.880634 -0.914923 0.354233 0.634841 -3.188673 4.664519 6.732952 -2.877560 -17.899358 0.000000 0.000000 0.000000 -26.407733 -3.036389 0.010460 -46.290874 3.069648 -6.738168 -6.752792 -32.459474 3.396621 0.000000 0.000000 0.000000 25.310164 6.649377 0.869903 46.064784 8.759529 -0.979419 -7.229754 36.230345 -1.162202 0.000000 0.000000 0.000000 
-0.144460 0.946615 0.340221 -0.971669 1.973025 4.607168 0.827357 0.335942 4.393000 1.213592 0.254671 -8.774871 3.941172 10.196570 7.530310 0.000000 0.000000 0.000000 -1.644385 0.598922 -6.351854 2.384457 -0.239226 1.117977 0.757767 -0.269772 4.500169 0.000000 0.000000 0.000000 1.874275 -0.024791 -0.388766 1.726290 -0.848660 0.521725 0.472788 -4.174748 4.577123 7.231400 -3.193866 -18.570516 0.000000 0.000000 0.000000 -26.228934 -3.075573 0.476392 -45.811839 1.595875 -6.257055 -6.694245 -32.204462 3.433315 0.000000 0.000000 0.000000 24.622296 5.770968 -0.063581 48.232144 6.758530 -1.654037 -4.720821 36.205517 -0.525771 0.000000 0.000000 0.000000 
-0.144121 0.946616 0.339105 -1.224559 1.288920 4.092393 1.359421 0.325087 4.626652 0.763040 0.243831 -8.120238 4.249716 10.647521 7.304943 0.000000 0.000000 0.000000 -1.232304 0.573650 -5.959527 2.357061 -0.233759 1.048874 0.576509 -0.848008 4.751782 0.000000 0.000000 0.000000 1.738475 -0.016597 -0.419924 2.041913 -0.942971 -0.517044 -0.220004 -4.599080 5.493610 7.661133 -3.627772 -18.003723 0.000000 0.000000 0.000000 -26.431819 -3.698568 1.128079 -45.075433 0.778309 -6.021693 -7.154169 -32.229808 3.613734 0.000000 0.000000 0.000000 24.581483 5.212931 -0.586231 48.858609 5.905742 -2.037837 -2.760643 36.810676 0.023040 0.000000 0.000000 0.000000 
-0.143821 0.945390 0.337720 -1.134508 0.075535 4.102943 1.028181 0.353715 4.602857 1.094573 0.236830 -8.154794 4.254129 10.521688 6.917303 0.000000 0.000000 0.000000 -1.534378 0.610026 -6.426020 2.452699 -0.234441 1.217926 0.553797 -1.012806 4.812821 0.000000 0.000000 0.000000 1.447600 0.040542 -1.377362 1.860915 -0.895576 0.272789 0.150168 -4.341601 5.270319 8.254370 -3.947231 -18.380081 0.000000 0.000000 0.000000 -25.762531 -3.666314 1.274874 -45.734841 -0.725829 -5.595704 -7.004401 -32.866197 3.694835 0.000000 0.000000 0.000000 23.355364 4.921397 -0.795747 50.576179 5.632036 -2.194276 -2.800413 37.223557 -0.061641 0.000000 0.000000 0.000000 
-0.143556 0.946902 0.335817 -1.342751 0.174130 3.539497 2.011339 0.301628 4.716374 0.074755 0.249976 -7.474850 4.051314 10.300942 7.534814 0.000000 0.000000 0.000000 -1.012695 0.564819 -5.818371 1.526132 -0.140844 0.743421 1.617684 0.799732 6.061667 0.000000 0.000000 0.000000 1.545914 0.031117 -1.164296 2.194094 -1.032337 -0.200531 -0.810576 -4.900821 5.721926 7.421739 -3.739128 -16.811926 0.000000 0.000000 0.000000 -25.416939 -4.478250 1.903440 -45.113583 -2.307328 -5.035656 -6.058710 -32.817980 3.424913 0.000000 0.000000 0.000000 24.464291 4.539157 -1.249372 49.943547 5.653169 -2.134919 -1.581454 36.824223 0.301100 0.000000 0.000000 0.000000 
