HIERARCHY
ROOT Hips
{
	OFFSET -0.001795 -0.223333 0.028219
	CHANNELS 6 Xposition Yposition Zposition Zrotation Yrotation Xrotation 
	JOINT LeftUpLeg
	{
		OFFSET 0.069520 -0.091406 -0.006815
		CHANNELS 3 Zrotation Yrotation Xrotation
		JOINT LeftLeg
		{
			OFFSET 0.034277 -0.375199 -0.004496
			CHANNELS 3 Zrotation Yrotation Xrotation
			JOINT LeftFoot
			{
				OFFSET -0.013596 -0.397961 -0.043693
				CHANNELS 3 Zrotation Yrotation Xrotation
				JOINT LeftToe
				{
					OFFSET 0.026358 -0.055791 0.119288
					CHANNELS 3 Zrotation Yrotation Xrotation
					End Site
					{
						OFFSET 0.000000 0.000000 0.000000
					}
				}
			}
		}
	}
	JOINT RightUpLeg
	{
		OFFSET -0.067670 -0.090522 -0.004320
		CHANNELS 3 Zrotation Yrotation Xrotation
		JOINT RightLeg
		{
			OFFSET -0.038290 -0.382569 -0.008850
			CHANNELS 3 Zrotation Yrotation Xrotation
			JOINT RightFoot
			{
				OFFSET 0.015774 -0.398415 -0.042312
				CHANNELS 3 Zrotation Yrotation Xrotation
				JOINT RightToe
				{
					OFFSET -0.025372 -0.048144 0.123348
					CHANNELS 3 Zrotation Yrotation Xrotation
					End Site
					{
						OFFSET 0.000000 0.000000 0.000000
					}
				}
			}
		}
	}
	JOINT Spine
	{
		OFFSET -0.002533 0.108963 -0.026696
		CHANNELS 3 Zrotation Yrotation Xrotation
		JOINT Spine1
		{
			OFFSET 0.005487 0.135180 0.001092
			CHANNELS 3 Zrotation Yrotation Xrotation
			JOINT Spine2
			{
				OFFSET 0.001457 0.052922 0.025425
				CHANNELS 3 Zrotation Yrotation Xrotation
				JOINT Neck
				{
					OFFSET -0.002778 0.213870 -0.042857
					CHANNELS 3 Zrotation Yrotation Xrotation
					JOINT Head
					{
						OFFSET 0.005152 0.064970 0.051349
						CHANNELS 3 Zrotation Yrotation Xrotation
						End Site
						{
							OFFSET 0.000000 0.000000 0.000000
						}
					}
				}
				JOINT LeftShoulder
				{
					OFFSET 0.078845 0.121749 -0.034090
					CHANNELS 3 Zrotation Yrotation Xrotation
					JOINT LeftArm
					{
						OFFSET 0.090977 0.030469 -0.008868
						CHANNELS 3 Zrotation Yrotation Xrotation
						JOINT LeftForeArm
						{
							OFFSET 0.259612 -0.012772 -0.027456
							CHANNELS 3 Zrotation Yrotation Xrotation
							JOINT LeftHand
							{
								OFFSET 0.249234 0.008986 -0.001171
								CHANNELS 3 Zrotation Yrotation Xrotation
								End Site
								{
									OFFSET 0.000000 0.000000 0.000000
								}
							}
						}
					}
				}
				JOINT RightShoulder
				{
					OFFSET -0.081759 0.118833 -0.038615
					CHANNELS 3 Zrotation Yrotation Xrotation
					JOINT RightArm
					{
						OFFSET -0.096012 0.032551 -0.009143
						CHANNELS 3 Zrotation Yrotation Xrotation
						JOINT RightForeArm
						{
							OFFSET -0.253742 -0.013329 -0.021401
							CHANNELS 3 Zrotation Yrotation Xrotation
							JOINT RightHand
							{
								OFFSET -0.255298 0.007772 -0.005559
								CHANNELS 3 Zrotation Yrotation Xrotation
								End Site
								{
									OFFSET 0.000000 0.000000 0.000000
								}
							}
						}
					}
				}
			}
		}
	}
}
MOTION
Frames: 196
Frame Time: 0.050000
0.000000 0.933125 0.000000 -2.049632 -22.383615 0.794677 2.280044 -0.547596 -17.992860 -3.344163 0.777750 7.856928 5.084454 10.363820 16.134440 0.000000 0.000000 0.000000 4.518610 -0.379743 1.329310 3.687114 -0.019494 6.358257 -2.981626 -7.388050 0.990233 0.000000 0.000000 0.000000 -3.449096 0.729098 20.681701 2.577242 -0.544159 -22.802996 0.458835 8.659551 28.225732 0.685068 0.167714 -18.918493 0.000000 0.000000 0.000000 -30.556217 -8.527166 6.114415 -44.664957 -15.105417 -2.953731 -5.322364 -29.345462 3.035242 0.000000 0.000000 0.000000 26.428148 13.222022 4.774346 55.846195 7.854456 -3.996225 4.950568 24.416034 1.888015 0.000000 0.000000 0.000000 
-0.008276 0.930014 0.011061 -2.468498 -20.673779 1.341977 3.627354 -0.340148 -18.614869 -4.952869 1.211091 9.370459 4.376101 9.460185 13.843537 0.000000 0.000000 0.000000 5.868595 -0.393930 0.892724 3.069283 0.094925 7.904096 -3.963646 -9.181246 0.297329 0.000000 0.000000 0.000000 -4.743196 0.963840 20.951502 3.468854 -0.734178 -22.419482 1.247138 8.887537 27.436004 -0.191185 0.942268 -17.633037 0.000000 0.000000 0.000000 -31.888873 -7.860193 5.052337 -43.783079 -14.062537 -3.062453 -7.482997 -29.804290 3.587880 0.000000 0.000000 0.000000 24.775756 12.734348 4.977455 56.776129 9.085730 -3.570773 6.038255 26.286228 2.341207 0.000000 0.000000 0.000000 
-0.017223 0.929116 0.024710 -2.073147 -18.827220 0.808191 2.294695 -0.686228 -17.652264 -3.329024 0.788908 10.030810 3.741551 8.549433 11.894014 0.000000 0.000000 0.000000 4.954315 -0.232911 0.028107 4.952840 0.018467 12.464518 -4.445813 -10.183805 -0.094318 0.000000 0.000000 0.000000 -4.874913 0.950954 21.535143 2.638426 -0.467918 -22.945251 1.756871 8.432805 27.248903 -1.162640 1.724687 -17.435699 0.000000 0.000000 0.000000 -31.555438 -7.739314 4.593177 -44.703570 -12.705454 -3.433166 -6.616359 -27.933017 3.094794 0.000000 0.000000 0.000000 23.680515 12.750130 5.220439 56.905280 10.996155 -2.716970 5.732009 26.563087 2.325705 0.000000 0.000000 0.000000 
-0.027003 0.928394 0.041403 -1.885041 -19.188137 0.328745 3.162685 -0.505845 -16.083883 -4.722769 1.178146 10.404602 3.993368 8.871221 10.157958 0.000000 0.000000 0.000000 4.651068 0.063594 -2.163380 6.057003 0.227563 19.475700 -4.725776 -11.343789 0.873140 0.000000 0.000000 0.000000 -6.278616 1.170865 20.347208 3.449396 -0.649076 -23.077625 1.775083 9.904606 28.992624 -2.145469 2.627065 -17.244976 0.000000 0.000000 0.000000 -32.217928 -7.603000 4.099822 -44.599534 -11.588164 -3.850332 -6.130245 -27.069257 2.849266 0.000000 0.000000 0.000000 24.436352 15.058946 7.092837 56.337934 12.344269 -2.297952 5.992646 27.636295 2.556107 0.000000 0.000000 0.000000 
-0.037738 0.928369 0.060066 -1.704094 -17.726032 -1.309929 2.486144 -0.624578 -13.980799 -3.658681 0.953158 12.086274 3.466899 7.980548 8.056932 0.000000 0.000000 0.000000 2.367981 0.579267 -5.862760 11.301089 -0.696685 30.125588 -4.463959 -13.663402 8.207709 0.000000 0.000000 0.000000 -6.908374 1.190162 20.117146 3.478720 -0.791851 -21.182437 1.361248 10.769856 27.984252 -1.595173 2.492864 -16.504983 0.000000 0.000000 0.000000 -31.375669 -8.120010 3.605855 -44.667102 -9.511718 -4.250347 -6.100718 -27.669277 2.843265 0.000000 0.000000 0.000000 23.722499 14.108472 7.054960 56.386368 13.823256 -1.633374 8.212308 28.377972 3.251035 0.000000 0.000000 0.000000 
-0.049623 0.929886 0.079243 -1.797817 -16.191873 -2.597990 3.132456 -0.497729 -11.814832 -4.133578 1.083916 13.149349 2.738604 6.689575 6.733862 0.000000 0.000000 0.000000 -1.228621 1.111409 -11.051914 17.808267 -3.159836 40.128230 -1.774990 -12.814205 23.839089 0.000000 0.000000 0.000000 -7.364102 1.188951 20.169704 3.561109 -0.868671 -20.183314 1.484330 10.710062 27.812694 -2.185718 3.066155 -17.064306 0.000000 0.000000 0.000000 -31.869657 -8.114965 3.159713 -44.504237 -8.242516 -4.532941 -5.390121 -28.452307 2.714739 0.000000 0.000000 0.000000 22.167708 14.794598 7.554004 57.372758 14.402104 -1.321211 9.395307 31.295627 4.033368 0.000000 0.000000 0.000000 
-0.063189 0.931434 0.097943 -2.141026 -13.201420 -3.144266 3.643565 -0.426710 -10.190609 -3.667739 0.853661 13.473812 1.455514 4.308920 5.485180 0.000000 0.000000 0.000000 -3.294460 1.299873 -14.246150 18.363943 -4.239485 43.281670 2.093286 -8.498590 30.193407 0.000000 0.000000 0.000000 -7.014138 0.979244 20.339109 3.925893 -0.897037 -20.316848 0.976894 9.659725 27.795810 -1.933328 2.972485 -17.119514 0.000000 0.000000 0.000000 -30.938520 -7.535112 2.431712 -45.001721 -7.743980 -4.644420 -6.911980 -29.230495 3.160357 0.000000 0.000000 0.000000 20.583413 14.590937 7.480610 59.135112 15.005093 -0.961144 8.848685 32.777156 4.196107 0.000000 0.000000 0.000000 
-0.077985 0.933098 0.115806 -2.538054 -10.320524 -3.532710 4.721752 -0.299986 -8.807452 -3.642489 0.739928 13.688630 0.173085 1.847170 4.708565 0.000000 0.000000 0.000000 -4.313518 1.337807 -16.160630 15.058238 -3.390345 41.508690 1.243136 -7.281134 22.258354 0.000000 0.000000 0.000000 -6.962549 0.821629 20.277336 4.149435 -0.938893 -19.762015 0.858244 8.248562 27.864402 -2.551407 3.412563 -16.433532 0.000000 0.000000 0.000000 -30.989822 -7.404781 2.188575 -44.549113 -8.949452 -4.156160 -7.364752 -29.941180 3.342135 0.000000 0.000000 0.000000 20.309541 14.949651 7.732503 59.018607 16.019084 -0.458881 8.779026 33.988126 4.378821 0.000000 0.000000 0.000000 
-0.094167 0.934727 0.132530 -2.451569 -8.059093 -3.802648 5.157673 -0.253740 -7.738529 -3.027398 0.500451 13.946770 -0.818458 -0.041398 4.435310 0.000000 0.000000 0.000000 -4.982728 1.226309 -16.356057 9.258484 -1.243937 36.496517 -3.363145 -9.810322 3.896871 0.000000 0.000000 0.000000 -7.197037 0.773129 20.512886 4.801747 -1.061963 -19.921885 0.447505 7.929717 28.239717 -2.539892 3.549276 -16.661973 0.000000 0.000000 0.000000 -31.539742 -7.633337 1.890839 -44.280888 -10.762343 -3.403740 -8.280315 -30.618944 3.633134 0.000000 0.000000 0.000000 19.388023 15.014092 7.941224 59.352724 16.819323 -0.068831 9.588033 34.445420 4.778188 0.000000 0.000000 0.000000 
-0.112233 0.934917 0.147832 -2.124788 -5.447071 -3.166258 5.549098 -0.270439 -7.707134 -2.419940 0.256010 13.850098 -1.876208 -2.082203 4.188898 0.000000 0.000000 0.000000 -5.595682 1.122405 -16.751987 2.398092 0.826765 28.358448 -2.696958 -7.330562 1.378194 0.000000 0.000000 0.000000 -6.629319 0.542645 19.907641 4.252084 -0.791630 -20.664548 0.152022 7.035785 29.087749 -2.946431 3.926193 -17.199929 0.000000 0.000000 0.000000 -30.843073 -7.575872 1.649385 -45.554940 -12.751856 -2.765675 -8.288247 -31.161231 3.707690 0.000000 0.000000 0.000000 18.990996 15.064505 8.137469 60.052116 17.752195 0.372167 9.695054 34.733575 4.950048 0.000000 0.000000 0.000000 
-0.132797 0.934437 0.161902 -2.359299 -2.620343 -2.856504 6.870128 -0.223859 -7.589900 -1.881550 0.030029 13.950347 -3.063631 -4.417052 3.929899 0.000000 0.000000 0.000000 -6.721288 0.903197 -16.792147 -2.030345 1.539827 20.211845 2.396902 -0.299616 11.097647 0.000000 0.000000 0.000000 -6.350933 0.399201 20.816073 5.405616 -0.992149 -21.375294 -0.754800 7.471298 28.696286 -2.545478 3.891580 -15.658167 0.000000 0.000000 0.000000 -30.476739 -8.289218 1.177817 -46.251084 -13.487774 -2.188197 -9.646017 -31.777000 4.038273 0.000000 0.000000 0.000000 19.981634 15.252523 8.985464 59.755755 18.663385 0.817316 9.104464 35.426664 4.995511 0.000000 0.000000 0.000000 
-0.156804 0.932418 0.174208 -2.051089 -0.004066 -2.559274 7.269013 -0.276985 -8.385591 -0.310008 -0.465688 15.270227 -4.075475 -6.376670 3.841072 0.000000 0.000000 0.000000 -7.184198 0.710661 -15.640769 -3.930126 1.637138 15.963264 6.140874 3.894268 17.766693 0.000000 0.000000 0.000000 -5.966131 0.223785 21.152657 5.334894 -0.943863 -20.981974 -0.982324 7.567510 28.303056 -1.753371 3.432332 -13.905815 0.000000 0.000000 0.000000 -31.319694 -9.192089 0.956567 -45.604355 -14.792136 -1.406162 -10.478535 -31.268066 4.089338 0.000000 0.000000 0.000000 20.382288 15.599782 9.711847 59.485102 19.555559 1.248079 9.164783 35.369576 5.053084 0.000000 0.000000 0.000000 
-0.184635 0.928453 0.184662 -2.056861 3.084438 -2.238700 8.506826 -0.319969 -10.399155 0.918815 -1.015654 17.944707 -5.340622 -8.688602 4.030628 0.000000 0.000000 0.000000 -7.297085 0.555492 -14.341977 -2.052906 1.044464 15.463657 5.366739 4.534335 14.675593 0.000000 0.000000 0.000000 -5.512724 -0.003664 22.670585 4.941366 -0.735123 -21.384420 -1.135359 7.575853 27.368547 -1.300553 3.168920 -12.267338 0.000000 0.000000 0.000000 -31.052773 -10.543420 1.010855 -45.212890 -15.262838 -0.888518 -10.408799 -29.139699 3.649884 0.000000 0.000000 0.000000 21.240669 15.868666 10.545913 59.793659 21.321102 2.267687 8.537973 35.648605 4.947821 0.000000 0.000000 0.000000 
-0.214579 0.926118 0.192159 -2.209096 4.785868 -2.215450 9.788340 -0.303941 -11.944777 2.493841 -1.688972 20.226284 -6.384187 -9.789308 5.356014 0.000000 0.000000 0.000000 -6.221035 0.645588 -14.709927 -0.675714 0.702203 17.528442 4.370204 4.261190 11.789616 0.000000 0.000000 0.000000 -4.665090 -0.289549 24.048287 4.549166 -0.568162 -21.692630 -1.174402 7.631541 27.462357 -0.933021 2.963407 -11.681106 0.000000 0.000000 0.000000 -31.039621 -10.836005 0.739647 -45.418236 -15.267680 -0.755784 -11.434618 -29.630944 3.926704 0.000000 0.000000 0.000000 22.355763 15.717711 11.050313 58.285591 22.391359 2.463352 10.492665 36.160230 5.712928 0.000000 0.000000 0.000000 
-0.243656 0.926740 0.197648 -2.483755 6.009830 -1.892016 11.540701 -0.228766 -13.173309 3.325562 -2.066438 21.102391 -7.632534 -10.335231 7.893970 0.000000 0.000000 0.000000 -5.134240 0.769081 -15.089929 1.243387 0.121208 18.299512 3.456651 3.203557 10.462375 0.000000 0.000000 0.000000 -4.198139 -0.511443 25.670929 4.336586 -0.469090 -21.836933 -1.061924 7.911170 26.542925 -2.076380 3.949427 -12.072536 0.000000 0.000000 0.000000 -30.768804 -10.801969 0.277125 -46.078998 -15.223665 -0.574935 -10.110939 -28.869334 3.423671 0.000000 0.000000 0.000000 22.522012 15.921094 11.463104 58.228052 23.176571 2.947106 11.455460 35.935297 5.980482 0.000000 0.000000 0.000000 
-0.269631 0.928188 0.201350 -2.350718 7.483471 -1.248415 12.238820 -0.256709 -14.815843 4.422574 -2.437306 20.952195 -9.007327 -9.518314 12.464471 0.000000 0.000000 0.000000 -3.997094 0.899286 -15.394473 1.933398 -0.150003 18.148141 2.556432 1.927718 9.570335 0.000000 0.000000 0.000000 -3.451258 -0.815405 26.678510 3.992344 -0.286900 -22.812243 -1.228587 7.728355 26.859730 -2.471818 4.318209 -12.224760 0.000000 0.000000 0.000000 -30.529683 -11.040615 0.164879 -46.644602 -15.431658 -0.432379 -10.044476 -28.719818 3.356579 0.000000 0.000000 0.000000 22.778884 15.357748 11.444792 57.357444 23.404490 2.839503 13.713880 35.799013 6.739920 0.000000 0.000000 0.000000 
-0.291294 0.930241 0.203565 -2.180751 8.808524 -1.005096 12.442135 -0.315026 -16.003783 4.833806 -2.565782 20.551037 -8.039688 -7.177873 13.222700 0.000000 0.000000 0.000000 -3.001229 1.026106 -15.891497 2.307972 -0.339095 18.808852 1.909540 0.779459 9.481177 0.000000 0.000000 0.000000 -3.070772 -1.091601 28.270661 3.728231 -0.157031 -23.497184 -1.434155 7.242728 26.453604 -3.111563 4.771488 -12.048022 0.000000 0.000000 0.000000 -29.902956 -11.254599 0.297856 -47.328735 -16.024993 -0.200075 -9.044569 -28.432790 3.058644 0.000000 0.000000 0.000000 23.032249 14.711753 11.195340 57.276363 23.349507 2.777411 14.060316 34.434781 6.539071 0.000000 0.000000 0.000000 
-0.308966 0.931897 0.204545 -1.821088 10.755242 -0.537732 12.076477 -0.473631 -17.278618 3.978849 -2.276686 19.591023 -5.510910 -2.912351 12.711198 0.000000 0.000000 0.000000 -2.731509 0.987220 -15.307125 3.061849 -0.620732 17.177601 1.031020 -0.708592 9.213672 0.000000 0.000000 0.000000 -2.603191 -1.436099 29.370198 3.266973 0.032424 -24.191359 -1.263778 6.158991 26.583217 -3.853533 5.324075 -12.977352 0.000000 0.000000 0.000000 -29.850154 -11.970950 0.790944 -47.399424 -16.295012 -0.095619 -8.878439 -29.286149 3.113815 0.000000 0.000000 0.000000 22.205956 14.102806 10.655098 56.844216 22.893735 2.513620 14.671314 33.726126 6.578694 0.000000 0.000000 0.000000 
-0.322709 0.933628 0.204946 -1.607005 12.911006 0.042584 11.433948 -0.699058 -18.761384 2.155617 -1.746247 18.632783 -2.213259 2.387153 11.698806 0.000000 0.000000 0.000000 -2.579668 0.943678 -14.996002 3.817182 -0.885998 15.705930 0.136202 -2.344121 9.397633 0.000000 0.000000 0.000000 -2.020759 -1.785501 29.638948 3.410681 0.040595 -24.032417 -1.694424 5.178567 25.886381 -4.387348 5.676559 -13.272566 0.000000 0.000000 0.000000 -29.936954 -11.717432 0.498301 -47.268256 -16.581799 0.109289 -8.400955 -29.298155 2.971028 0.000000 0.000000 0.000000 22.386454 13.543260 10.416936 56.294617 22.092569 2.071215 13.460877 31.962369 5.756586 0.000000 0.000000 0.000000 
-0.333019 0.934663 0.205592 -1.495917 14.625227 0.404400 11.221218 -0.849121 -19.550205 -0.040573 -1.174597 17.910693 0.281120 5.682426 9.369896 0.000000 0.000000 0.000000 -2.453005 0.875603 -13.904108 4.500701 -1.033379 13.208709 -0.586913 -3.618507 9.434244 0.000000 0.000000 0.000000 -1.745274 -2.028038 29.878168 3.637243 0.045555 -24.795668 -1.687119 4.692017 26.637064 -4.620161 5.868787 -12.810919 0.000000 0.000000 0.000000 -30.695610 -12.294267 0.570365 -46.165335 -16.309896 0.075224 -7.942461 -29.570994 2.862273 0.000000 0.000000 0.000000 21.852050 12.947404 10.126270 55.722893 21.591282 1.684373 13.038848 30.419130 5.300046 0.000000 0.000000 0.000000 
-0.340005 0.935575 0.206428 -1.216735 16.881196 0.790267 10.846314 -1.050706 -20.308924 -1.828740 -0.781529 17.362870 1.356129 8.206424 10.596335 0.000000 0.000000 0.000000 -2.760824 0.759308 -13.249410 5.220635 -1.230946 11.686815 -1.498476 -5.258552 9.656558 0.000000 0.000000 0.000000 -1.310454 -2.292162 29.608839 3.562436 0.098972 -24.242071 -2.251278 4.107148 26.040157 -4.708980 5.969099 -12.953432 0.000000 0.000000 0.000000 -30.638534 -12.636198 0.463207 -45.506536 -15.932295 0.088827 -8.009434 -28.996361 2.773237 0.000000 0.000000 0.000000 22.226598 12.449384 10.121688 54.852734 21.569628 1.546710 11.788676 28.322427 4.497087 0.000000 0.000000 0.000000 
-0.343831 0.936526 0.207317 -1.130260 18.646454 1.230695 10.902045 -1.169583 -20.639982 -3.834783 -0.305177 15.917248 4.082472 14.127738 15.605607 0.000000 0.000000 0.000000 -2.689413 0.699453 -12.314302 5.347833 -1.197821 9.477202 -2.234241 -6.570632 9.982107 0.000000 0.000000 0.000000 -1.749152 -2.367616 29.973113 3.929163 0.067640 -25.010447 -2.040213 4.453308 26.294095 -4.317873 5.814727 -12.789871 0.000000 0.000000 0.000000 -30.895743 -12.791833 -0.105651 -44.491129 -14.947809 -0.055135 -9.428811 -28.560259 3.011802 0.000000 0.000000 0.000000 21.793000 11.776251 10.027114 54.999250 21.652861 1.591498 11.466017 27.092452 4.199943 0.000000 0.000000 0.000000 
-0.344145 0.936966 0.208595 -1.301263 20.707070 1.665783 11.116841 -1.290552 -20.933967 -6.016064 0.084244 15.056616 7.502650 19.620135 20.303032 0.000000 0.000000 0.000000 -2.467363 0.683455 -12.115712 5.270016 -1.194269 8.632174 -3.130467 -8.152257 10.332286 0.000000 0.000000 0.000000 -1.600291 -2.427560 28.930974 3.997307 0.070654 -24.147058 -2.114746 4.177130 25.923312 -4.097124 5.752678 -13.210301 0.000000 0.000000 0.000000 -30.976732 -12.917791 -0.513404 -44.518386 -14.069431 -0.182296 -10.083074 -27.093665 2.964583 0.000000 0.000000 0.000000 21.903413 11.878480 10.399032 54.340223 21.651869 1.495289 11.065651 25.942061 3.856015 0.000000 0.000000 0.000000 
-0.340500 0.937386 0.211007 -1.465365 22.273631 1.792813 11.034582 -1.322161 -20.010391 -7.614002 0.345683 13.424111 11.053019 23.967796 23.956507 0.000000 0.000000 0.000000 -2.525027 0.620433 -11.369623 5.337713 -1.199520 7.622013 -3.784900 -9.285350 10.629030 0.000000 0.000000 0.000000 -2.321897 -2.311200 28.568128 4.456318 -0.010387 -24.442114 -1.690493 5.011195 26.537106 -3.019920 5.297195 -13.961675 0.000000 0.000000 0.000000 -31.274960 -13.216522 -1.245351 -43.682807 -13.383029 -0.152043 -11.296415 -24.527456 2.878270 0.000000 0.000000 0.000000 21.819563 11.610735 10.762711 53.742339 22.279637 1.603901 10.971514 25.100424 3.676687 0.000000 0.000000 0.000000 
-0.332585 0.936944 0.214713 -1.748338 23.688045 2.231631 10.679584 -1.392284 -19.537586 -8.350909 0.418731 12.343694 13.520108 26.537762 25.906445 0.000000 0.000000 0.000000 -2.470409 0.592921 -11.014261 5.039892 -1.127103 6.935773 -4.429378 -10.406451 10.671718 0.000000 0.000000 0.000000 -2.589909 -2.189424 27.491158 4.557394 -0.015959 -24.034237 -1.648908 5.483733 26.440132 -2.816142 5.336218 -14.238483 0.000000 0.000000 0.000000 -31.151192 -12.729588 -2.252501 -43.599709 -11.693754 -0.524911 -12.547151 -22.930182 2.875851 0.000000 0.000000 0.000000 21.854848 11.198889 10.933327 53.345696 22.545265 1.644048 11.628106 24.640924 3.742688 0.000000 0.000000 0.000000 
-0.320896 0.935813 0.219715 -2.018983 25.255480 1.992944 9.971147 -1.402583 -18.285651 -8.224561 0.363792 11.063447 13.392223 26.420111 23.375145 0.000000 0.000000 0.000000 -2.751106 0.494542 -10.007650 5.012414 -1.158776 6.808161 -5.089922 -11.609338 10.435107 0.000000 0.000000 0.000000 -3.460041 -1.981524 26.738645 4.831467 -0.059079 -23.948913 -1.309204 6.287405 26.831532 -2.100638 4.942595 -13.077365 0.000000 0.000000 0.000000 -31.255752 -12.869115 -3.076510 -43.052406 -10.573135 -0.629547 -13.365159 -20.869968 2.709132 0.000000 0.000000 0.000000 22.087873 11.053906 11.424262 53.095175 22.799223 1.631374 11.421784 24.083317 3.563741 0.000000 0.000000 0.000000 
-0.307143 0.934239 0.224892 -2.190971 27.471178 2.084874 9.421090 -1.467306 -17.691378 -8.534012 0.327424 10.238264 12.535389 25.530815 20.788513 0.000000 0.000000 0.000000 -3.116822 0.408986 -10.275335 4.762970 -1.290880 8.686223 -6.063219 -13.389814 10.243638 0.000000 0.000000 0.000000 -3.998145 -1.948589 26.344869 4.591454 0.045511 -24.040293 -1.180937 6.778553 26.956307 -1.516679 4.701159 -12.772928 0.000000 0.000000 0.000000 -30.859319 -12.801701 -3.967108 -42.929209 -9.751921 -0.660231 -13.728492 -19.432455 2.518662 0.000000 0.000000 0.000000 22.197487 10.319884 11.571702 53.105886 23.425801 1.861133 11.017943 23.564933 3.382520 0.000000 0.000000 0.000000 
-0.292884 0.933315 0.229541 -2.184124 30.019185 1.678909 8.353290 -1.512339 -16.922701 -8.392303 0.216651 10.227621 11.387525 24.147857 18.272209 0.000000 0.000000 0.000000 -4.004566 0.220797 -10.823012 5.041782 -1.808316 12.291500 -7.048886 -15.077365 10.732226 0.000000 0.000000 0.000000 -4.944330 -2.020733 27.034487 4.237797 0.171560 -24.301207 -0.440248 7.367319 27.190418 -1.274216 4.813869 -13.081754 0.000000 0.000000 0.000000 -30.429402 -13.199850 -4.582828 -43.107407 -8.715159 -0.761749 -14.017099 -18.717931 2.398920 0.000000 0.000000 0.000000 21.429740 9.740389 11.489807 54.408587 23.521714 2.224335 9.781433 23.380343 3.103506 0.000000 0.000000 0.000000 
-0.279258 0.932724 0.234488 -2.173216 33.414427 1.425403 7.254235 -1.599899 -16.583127 -8.136390 0.056793 10.569831 9.797839 22.100326 15.813408 0.000000 0.000000 0.000000 -5.772838 -0.253935 -13.173952 7.012189 -3.850837 19.523066 -8.174073 -16.902810 11.464880 0.000000 0.000000 0.000000 -5.689665 -2.171410 27.525511 4.304255 0.230280 -23.601710 -0.645791 7.917572 26.143994 -1.174308 4.624809 -11.341623 0.000000 0.000000 0.000000 -30.525597 -14.120789 -5.213096 -42.172107 -7.637685 -0.591711 -14.079531 -18.341661 2.290491 0.000000 0.000000 0.000000 22.705212 9.475573 12.477686 54.146693 24.397310 2.377674 8.121335 23.737203 2.803738 0.000000 0.000000 0.000000 
-0.266870 0.933017 0.240572 -2.522059 36.539591 0.398874 6.566012 -1.553110 -15.559155 -7.759453 -0.107678 11.058808 8.317178 19.900269 13.736783 0.000000 0.000000 0.000000 -7.404695 -0.941395 -15.613371 8.543831 -7.137001 28.379334 -8.238965 -16.662589 12.770491 0.000000 0.000000 0.000000 -6.327633 -2.436571 28.372423 3.533448 0.473057 -23.835421 0.222082 8.000344 27.287395 -1.505695 5.416670 -13.088186 0.000000 0.000000 0.000000 -30.644026 -15.077112 -5.560461 -41.237936 -7.303112 -0.406284 -13.768141 -18.106437 2.175068 0.000000 0.000000 0.000000 22.318310 9.188781 12.637760 54.306430 25.262214 2.774318 7.384038 24.049001 2.693057 0.000000 0.000000 0.000000 
-0.256367 0.933995 0.248680 -2.760169 40.168677 -0.617356 6.195389 -1.470461 -14.383680 -7.755215 -0.251882 11.336435 6.545377 17.203909 12.086435 0.000000 0.000000 0.000000 -8.195294 -1.623066 -17.707981 7.917950 -10.193650 36.455656 -8.317228 -16.225788 15.746170 0.000000 0.000000 0.000000 -7.074963 -2.716359 29.128520 4.264010 0.372898 -23.608084 -0.426382 7.754890 27.531553 -1.951037 5.888377 -13.196338 0.000000 0.000000 0.000000 -29.320784 -14.448888 -6.305969 -41.464062 -7.145053 -0.404162 -14.421146 -19.151293 2.285900 0.000000 0.000000 0.000000 23.480199 8.854681 13.429942 53.990472 26.058715 2.720149 7.381201 25.544258 2.974609 0.000000 0.000000 0.000000 
-0.247893 0.935115 0.259100 -3.280022 42.625441 -1.219904 5.948379 -1.376818 -13.327603 -6.859479 -0.373853 11.053409 5.357499 15.155951 10.807858 0.000000 0.000000 0.000000 -7.123321 -1.787530 -19.938482 4.980319 -10.402597 40.532767 -4.695005 -10.239509 8.627455 0.000000 0.000000 0.000000 -8.019782 -2.674259 28.848262 4.117594 0.454933 -22.826195 0.525088 7.549921 28.362199 -3.390057 7.144310 -13.964025 0.000000 0.000000 0.000000 -28.195683 -14.150709 -6.674456 -42.429513 -6.959134 -0.578349 -14.553147 -21.448730 2.458843 0.000000 0.000000 0.000000 23.482167 8.558416 13.618520 54.345205 26.834823 3.065202 6.859101 26.519897 3.045014 0.000000 0.000000 0.000000 
-0.241904 0.935327 0.271451 -4.110693 46.576972 -1.527196 6.221155 -1.467837 -13.545951 -6.205581 -0.569169 11.454397 3.643988 12.288784 9.456049 0.000000 0.000000 0.000000 -5.987985 -2.010198 -21.609814 3.249159 -9.111260 37.905796 -0.427218 -1.317446 -1.994118 0.000000 0.000000 0.000000 -7.625259 -3.099571 28.962299 3.597946 0.683986 -22.331537 0.842657 6.576277 27.853541 -3.343573 7.108404 -13.546609 0.000000 0.000000 0.000000 -28.048763 -13.837787 -7.443811 -42.551188 -6.477957 -0.578072 -14.756704 -22.029973 2.482699 0.000000 0.000000 0.000000 23.720798 7.885732 13.716425 55.060339 26.929962 3.181216 6.925540 27.303241 3.235060 0.000000 0.000000 0.000000 
-0.238322 0.935749 0.285300 -4.467969 49.817834 -1.744578 5.934083 -1.471557 -13.276665 -4.725767 -0.748070 11.484390 2.137554 9.664466 8.495135 0.000000 0.000000 0.000000 -4.582842 -2.132420 -23.320987 1.302548 -5.571145 29.876828 1.891632 3.850505 -0.489231 0.000000 0.000000 0.000000 -7.990071 -3.540295 30.002438 3.897577 0.673980 -23.000116 0.722769 7.073815 28.860067 -3.073140 7.368461 -14.634308 0.000000 0.000000 0.000000 -26.853829 -14.062396 -7.794138 -42.803602 -6.538567 -0.569519 -15.195058 -23.394747 2.573195 0.000000 0.000000 0.000000 24.945308 7.169877 14.474118 54.840689 28.356215 3.482455 6.096575 27.731667 3.075506 0.000000 0.000000 0.000000 
-0.236234 0.935471 0.301127 -5.279441 53.455534 -1.734631 6.012042 -1.564082 -13.538144 -2.985494 -0.889271 11.043300 0.558815 6.730414 7.535266 0.000000 0.000000 0.000000 -3.471031 -2.406225 -24.813288 -0.505224 -3.167338 23.283815 3.429620 6.661269 7.421161 0.000000 0.000000 0.000000 -7.782394 -3.899541 30.046774 4.182671 0.679760 -23.518891 1.003785 7.262718 29.726101 -2.356568 7.155352 -14.556497 0.000000 0.000000 0.000000 -26.157065 -13.378818 -9.037418 -43.519310 -6.347988 -0.591337 -15.718368 -23.589723 2.539395 0.000000 0.000000 0.000000 25.032750 6.673913 15.036426 55.125794 28.890625 3.675488 6.937365 28.553493 3.424007 0.000000 0.000000 0.000000 
-0.234970 0.934152 0.319592 -5.252184 55.733726 -1.080043 5.879997 -1.670696 -14.034218 -1.362427 -1.102042 11.423504 -0.257918 4.933942 6.829997 0.000000 0.000000 0.000000 -2.250033 -2.503761 -26.051696 -2.772038 -1.821397 20.677050 4.002385 6.989443 16.416759 0.000000 0.000000 0.000000 -6.899262 -4.315297 30.267712 4.116698 0.778131 -23.157635 -0.105204 8.919043 29.207195 -0.587678 6.320624 -15.061561 0.000000 0.000000 0.000000 -24.818277 -13.708756 -9.520851 -44.081782 -5.065831 -0.920638 -16.379731 -24.945051 2.550056 0.000000 0.000000 0.000000 26.380582 6.736652 16.687027 54.883269 30.890981 4.380342 6.339797 27.874398 3.005203 0.000000 0.000000 0.000000 
-0.233194 0.931542 0.341111 -4.171339 59.052818 0.164206 5.635955 -1.745549 -14.242631 -0.398203 -1.268165 11.624258 -1.460911 2.307072 6.062860 0.000000 0.000000 0.000000 -2.365472 -2.696142 -25.094934 -3.385365 -1.660620 19.637631 3.191541 6.069485 16.270403 0.000000 0.000000 0.000000 -6.017876 -4.980610 30.906518 2.434926 1.241796 -22.748132 0.572760 9.465082 28.516032 0.957949 5.593201 -15.376170 0.000000 0.000000 0.000000 -24.758383 -14.663386 -9.931004 -44.139450 -3.940522 -1.077303 -16.601339 -24.864354 2.514764 0.000000 0.000000 0.000000 26.717584 6.701835 17.548347 54.775714 31.840338 4.806229 5.719709 28.079615 2.799636 0.000000 0.000000 0.000000 
-0.230966 0.926808 0.364505 -2.473807 62.555855 1.426698 5.408792 -1.839372 -14.525460 0.339090 -1.645310 12.977778 -2.355794 -0.454606 4.951591 0.000000 0.000000 0.000000 -2.516177 -3.113934 -24.781038 -3.932590 -2.445083 22.232610 1.900236 4.292682 12.617245 0.000000 0.000000 0.000000 -5.250823 -5.741773 31.694385 1.685875 1.473239 -23.264740 0.451845 10.700555 28.780319 2.006097 5.120706 -14.980092 0.000000 0.000000 0.000000 -25.029001 -15.382252 -11.326942 -43.459853 -1.786003 -1.209094 -17.787014 -25.031121 2.575668 0.000000 0.000000 0.000000 26.827468 6.712504 18.754491 54.712101 33.059950 5.339456 5.355903 27.274924 2.437098 0.000000 0.000000 0.000000 
-0.228551 0.923425 0.387835 -0.857859 66.279175 2.853444 5.537376 -1.896553 -14.490406 1.089438 -1.798502 13.121025 -3.691823 -3.533864 4.474763 0.000000 0.000000 0.000000 -3.111693 -3.677743 -24.322515 -3.196400 -3.782038 24.304255 0.745565 2.269666 9.686858 0.000000 0.000000 0.000000 -4.172396 -6.589568 32.315677 0.926173 1.720076 -23.013821 0.862770 11.819774 27.921130 2.258363 5.252485 -15.305808 0.000000 0.000000 0.000000 -25.655760 -15.612572 -12.920913 -43.133176 0.853195 -1.590705 -18.797820 -24.458260 2.625878 0.000000 0.000000 0.000000 26.605378 6.136404 19.127358 53.808435 32.874417 5.136882 5.521971 27.778187 2.446705 0.000000 0.000000 0.000000 
-0.225917 0.923663 0.408945 0.984685 69.063313 4.536822 5.646119 -2.084531 -15.261962 1.687744 -2.255102 14.658839 -5.330547 -5.103342 5.615966 0.000000 0.000000 0.000000 -3.228440 -4.001009 -24.051568 -3.074731 -4.856221 26.085833 -0.000566 0.891167 8.490363 0.000000 0.000000 0.000000 -3.099538 -7.179585 32.359449 0.650049 1.786146 -23.572156 0.845169 12.504560 28.393353 2.495202 5.397617 -15.488322 0.000000 0.000000 0.000000 -25.994740 -15.910631 -14.399825 -43.385168 3.016553 -1.922069 -19.382265 -24.738492 2.600674 0.000000 0.000000 0.000000 26.391179 6.180811 19.922548 51.882205 33.463610 4.916411 6.645477 27.691798 2.573157 0.000000 0.000000 0.000000 
-0.222911 0.927718 0.426933 4.246001 72.140439 8.056818 5.367206 -2.581270 -17.522564 1.941227 -3.118034 17.435908 -7.872292 -5.612406 8.676032 0.000000 0.000000 0.000000 -3.836616 -4.128954 -22.417876 -1.925895 -5.236187 24.422781 -1.515318 -1.736984 8.088530 0.000000 0.000000 0.000000 -2.032679 -7.778179 32.358201 -0.666257 2.101045 -22.812659 0.965020 13.052924 26.840243 3.280664 4.820685 -15.022924 0.000000 0.000000 0.000000 -25.252134 -16.305787 -14.741141 -44.631172 4.070150 -2.320133 -20.547670 -23.878101 2.506930 0.000000 0.000000 0.000000 26.484794 5.439934 20.081372 50.818285 33.124004 4.574508 7.620420 27.519631 2.712600 0.000000 0.000000 0.000000 
-0.219468 0.931469 0.441690 8.781714 75.415269 13.155560 5.442302 -3.555157 -20.969307 0.424946 -4.310919 21.422673 -8.956942 -3.501716 11.807725 0.000000 0.000000 0.000000 -4.922711 -4.649882 -21.179050 -0.091121 -5.944574 22.813597 -2.921697 -4.120232 8.231020 0.000000 0.000000 0.000000 -0.384175 -8.351239 31.739812 -2.128234 2.249642 -23.398527 1.276637 12.956690 27.339437 2.824109 5.452390 -15.769007 0.000000 0.000000 0.000000 -24.415476 -17.459594 -15.026278 -46.211765 4.728403 -2.660739 -20.949068 -23.839585 2.310782 0.000000 0.000000 0.000000 25.039818 5.174187 19.850273 50.848272 32.627721 4.893905 8.042368 27.934750 2.852045 0.000000 0.000000 0.000000 
-0.214813 0.934570 0.453395 14.241054 77.505109 18.943616 6.067987 -4.199104 -22.782403 -3.566316 -4.352943 22.845984 -4.346378 4.902700 13.270521 0.000000 0.000000 0.000000 -5.435965 -4.792831 -19.951362 0.647052 -6.009898 21.289045 -4.048968 -6.078726 8.340915 0.000000 0.000000 0.000000 -0.124499 -9.075309 32.621707 -3.176411 2.279961 -24.790797 1.755364 14.256616 26.645147 3.026775 5.674054 -16.437282 0.000000 0.000000 0.000000 -25.196035 -18.434268 -16.170318 -45.043258 6.230307 -2.438085 -21.464433 -24.227302 2.433508 0.000000 0.000000 0.000000 26.080443 3.664487 20.189537 47.052797 32.238373 3.339695 10.299186 27.523293 3.231674 0.000000 0.000000 0.000000 
-0.207641 0.937025 0.462763 23.627950 80.869973 28.342051 6.711162 -5.004467 -24.724410 -7.163655 -3.954914 21.595291 2.358989 14.238096 16.171616 0.000000 0.000000 0.000000 -6.054803 -4.760417 -17.505213 1.898829 -6.163660 18.861133 -5.871828 -9.389153 8.621424 0.000000 0.000000 0.000000 0.192446 -9.395352 32.254360 -2.391610 2.165710 -24.558415 1.623745 14.863925 26.625343 2.636926 6.421512 -17.974439 0.000000 0.000000 0.000000 -25.114644 -19.164326 -17.538379 -45.310598 6.213672 -2.036818 -21.865206 -22.917091 2.269007 0.000000 0.000000 0.000000 25.351418 3.477482 20.765598 45.545089 32.530217 3.306477 10.469321 26.484789 2.980804 0.000000 0.000000 0.000000 
-0.197607 0.937733 0.469692 37.460881 83.227454 41.755951 6.365406 -5.175516 -24.885953 -8.576136 -2.575933 13.816756 9.491826 21.342247 22.684364 0.000000 0.000000 0.000000 -6.167573 -4.039411 -13.676704 2.659945 -5.321737 14.791497 -7.688345 -13.519504 8.304942 0.000000 0.000000 0.000000 0.050764 -9.364922 31.864664 -2.443738 2.263993 -23.907166 2.073973 15.030361 26.091783 3.440846 6.575414 -19.419227 0.000000 0.000000 0.000000 -25.685436 -19.876886 -19.111576 -46.024582 7.197810 -1.806080 -20.761229 -23.319306 1.998627 0.000000 0.000000 0.000000 23.059234 3.940567 20.103432 46.127241 31.756200 4.120291 10.931655 25.970473 2.914589 0.000000 0.000000 0.000000 
-0.184350 0.936730 0.474452 51.227963 84.334444 55.832223 5.456111 -5.270141 -24.882041 -7.150970 -1.778848 6.454051 12.548231 22.883286 28.596660 0.000000 0.000000 0.000000 -6.184621 -3.430088 -10.196499 3.445389 -4.176871 9.954914 -8.809986 -17.000130 7.661529 0.000000 0.000000 0.000000 -0.815155 -8.735940 30.926169 -1.912160 2.182506 -23.860003 3.081716 15.093995 26.384734 2.458212 7.502466 -20.925915 0.000000 0.000000 0.000000 -25.637880 -20.335745 -20.465309 -46.499756 8.702522 -2.105725 -21.702711 -22.974021 2.037290 0.000000 0.000000 0.000000 21.305013 3.784355 19.527557 46.720820 30.989818 4.633056 10.675885 26.776097 2.973780 0.000000 0.000000 0.000000 
-0.167849 0.933794 0.477084 67.507582 86.203704 71.787305 4.806302 -5.062536 -24.168032 -4.323496 -1.333846 4.147744 10.926082 21.301898 30.428392 0.000000 0.000000 0.000000 -5.090808 -2.734109 -7.543126 3.848576 -4.123561 8.338733 -9.484729 -19.858539 7.002130 0.000000 0.000000 0.000000 -0.826286 -8.452817 30.109872 -1.751857 2.159039 -24.098852 3.030647 15.571795 26.997227 3.598699 7.362087 -21.675233 0.000000 0.000000 0.000000 -23.964410 -20.644799 -20.523121 -47.429503 8.314619 -2.352902 -21.289998 -21.472141 1.640879 0.000000 0.000000 0.000000 21.902266 3.296669 20.593229 45.997733 32.345175 4.772496 8.031350 25.718195 2.036827 0.000000 0.000000 0.000000 
-0.149507 0.930289 0.477591 86.527977 86.817577 90.615824 4.557613 -4.722617 -23.198598 -3.404151 -1.228708 3.353761 11.942888 20.919179 31.469204 0.000000 0.000000 0.000000 -4.672171 -2.444908 -5.554595 3.990293 -4.150353 7.671249 -9.449675 -21.791688 5.708887 0.000000 0.000000 0.000000 -2.122774 -7.793043 29.471407 -1.385095 2.120642 -24.389264 3.543658 16.036382 27.424338 2.811666 8.205108 -23.459100 0.000000 0.000000 0.000000 -23.696572 -20.126540 -21.799322 -47.063313 9.246914 -2.526592 -21.733003 -21.127734 1.662285 0.000000 0.000000 0.000000 22.076976 3.282847 21.469157 45.985014 33.502859 5.165953 7.524816 25.456457 1.795894 0.000000 0.000000 0.000000 
-0.129866 0.927649 0.475952 120.934722 86.900121 125.096496 4.898012 -4.525251 -22.521529 -4.119767 -1.442395 3.696985 13.845871 20.683215 30.148393 0.000000 0.000000 0.000000 -4.281717 -2.304372 -3.963438 4.444318 -4.499763 7.412522 -9.768915 -23.520128 5.422807 0.000000 0.000000 0.000000 -2.996200 -7.294717 28.713676 -1.109169 2.038296 -24.869403 3.636794 15.961656 28.269013 3.229408 8.599586 -25.532892 0.000000 0.000000 0.000000 -22.146652 -19.974036 -21.822936 -48.768131 9.058325 -3.160507 -20.606518 -21.197646 1.293427 0.000000 0.000000 0.000000 22.165710 3.289337 22.379076 46.822330 34.922023 5.980785 6.512569 25.590047 1.482481 0.000000 0.000000 0.000000 
-0.109493 0.926020 0.472008 134.519420 86.234021 138.916555 5.078823 -4.598673 -22.571558 -5.470684 -1.795560 5.272932 14.757098 20.635486 28.325640 0.000000 0.000000 0.000000 -4.580907 -2.438876 -2.965104 4.607643 -4.864517 7.859485 -9.950131 -24.189240 5.532031 0.000000 0.000000 0.000000 -4.898255 -6.600758 28.103272 -0.934685 2.025669 -25.201942 3.812967 16.267527 28.322806 3.083447 9.070419 -27.573575 0.000000 0.000000 0.000000 -21.645657 -19.599631 -22.539395 -48.587769 9.554853 -3.354496 -21.378939 -21.747763 1.406321 0.000000 0.000000 0.000000 23.045372 3.728948 24.149973 46.499213 36.192850 5.967752 6.853638 25.985370 1.431709 0.000000 0.000000 0.000000 
-0.087639 0.925140 0.465522 147.313884 85.184945 151.921627 4.637162 -4.431202 -22.044351 -5.958062 -2.015046 6.156890 15.134632 19.984465 25.974725 0.000000 0.000000 0.000000 -4.904140 -2.632960 -2.298704 4.724092 -5.602235 9.187278 -10.604887 -24.471675 6.819322 0.000000 0.000000 0.000000 -5.715000 -6.076000 27.113561 -1.404511 1.948225 -25.735107 3.705416 16.404716 28.963637 3.622255 9.190945 -28.699604 0.000000 0.000000 0.000000 -21.037972 -20.030338 -23.135566 -48.754636 10.296330 -3.667016 -20.416417 -22.502187 1.227838 0.000000 0.000000 0.000000 23.519981 3.253374 25.152142 47.624492 37.830445 6.806721 7.097981 25.650329 1.380559 0.000000 0.000000 0.000000 
-0.064095 0.925417 0.456971 156.085712 83.340736 161.040103 3.774960 -4.450928 -22.010695 -6.294429 -2.317121 7.820840 15.124089 19.056604 23.619404 0.000000 0.000000 0.000000 -5.523645 -3.012671 -2.086724 5.008245 -7.489269 12.330585 -10.279763 -23.781984 6.758424 0.000000 0.000000 0.000000 -6.869580 -5.640668 26.311603 -1.833692 1.940822 -26.008487 3.648439 16.733398 28.655841 4.800676 9.070536 -29.514446 0.000000 0.000000 0.000000 -20.810845 -19.435202 -24.443154 -48.245520 11.398424 -3.978527 -21.335786 -22.876628 1.414602 0.000000 0.000000 0.000000 25.384573 2.226088 27.050576 46.862202 39.667073 6.446216 7.193406 25.106112 1.168230 0.000000 0.000000 0.000000 
-0.039372 0.926457 0.447045 161.707537 81.369745 166.012312 2.426283 -3.771631 -20.208527 -5.934151 -2.466646 8.687659 14.636927 17.214803 20.701936 0.000000 0.000000 0.000000 -6.547334 -3.688310 -2.538906 4.375345 -11.274283 18.624418 -10.239833 -20.692156 9.043560 0.000000 0.000000 0.000000 -7.789524 -5.218106 25.356692 -2.300923 1.912110 -26.253259 3.817992 17.492413 29.187949 6.224720 8.610394 -28.735728 0.000000 0.000000 0.000000 -21.263052 -20.186625 -26.484442 -46.534976 13.511988 -3.852104 -21.436632 -23.857358 1.623052 0.000000 0.000000 0.000000 26.429182 1.465214 28.861081 46.594496 41.352400 6.439861 6.097815 25.474973 0.793716 0.000000 0.000000 0.000000 
-0.015400 0.929499 0.436914 166.881505 78.219813 170.334204 0.988950 -3.237782 -18.755900 -5.227827 -2.745184 10.347028 13.226800 14.662638 18.138453 0.000000 0.000000 0.000000 -6.953089 -4.278236 -3.359741 1.652769 -16.057625 26.282882 -10.327831 -16.672140 13.210882 0.000000 0.000000 0.000000 -9.277401 -5.270768 25.262466 -2.710797 1.824454 -26.702466 4.505660 17.236503 30.296258 6.549172 9.279116 -31.364820 0.000000 0.000000 0.000000 -21.127990 -20.340685 -28.229810 -45.561334 14.286025 -3.656573 -21.072381 -23.637661 1.661121 0.000000 0.000000 0.000000 27.014988 1.134245 30.349913 45.844040 43.714478 6.892656 4.878256 25.152765 0.327018 0.000000 0.000000 0.000000 
0.006727 0.931953 0.427509 171.452106 75.634047 173.690301 0.744835 -2.489230 -16.470747 -5.159055 -2.986956 11.004426 12.363474 12.243363 15.915153 0.000000 0.000000 0.000000 -7.258090 -4.958807 -4.891101 -4.115206 -21.584244 36.469290 -7.867608 -9.384443 17.217416 0.000000 0.000000 0.000000 -10.155138 -5.365308 25.169048 -1.878098 1.962691 -26.419331 4.451761 17.403591 30.819062 7.831869 9.133180 -32.150987 0.000000 0.000000 0.000000 -19.835392 -19.669388 -28.936478 -45.878022 15.057747 -4.275421 -21.716408 -24.581230 1.651712 0.000000 0.000000 0.000000 27.707334 0.353590 31.689903 44.424828 45.398685 6.598046 4.858263 26.244693 0.314371 0.000000 0.000000 0.000000 
0.026839 0.935288 0.419544 174.188971 72.910496 175.779153 0.505743 -1.969637 -14.604124 -4.704728 -3.073574 11.035922 11.096410 9.722746 14.334376 0.000000 0.000000 0.000000 -7.351821 -5.920336 -7.559518 -10.778130 -23.359601 43.463560 1.740372 0.582192 3.174196 0.000000 0.000000 0.000000 -10.923013 -5.464439 24.961599 -1.493391 2.024886 -26.139066 4.741297 16.727925 31.043457 7.360603 9.510516 -33.446977 0.000000 0.000000 0.000000 -19.032923 -18.818455 -29.929176 -46.462581 15.774932 -4.902064 -22.800684 -25.379074 1.807526 0.000000 0.000000 0.000000 26.559590 0.758479 32.034484 46.775410 46.846321 8.702700 4.055286 27.840042 0.229783 0.000000 0.000000 0.000000 
0.045559 0.937689 0.413354 176.572917 70.661990 177.257679 1.039101 -1.596070 -12.665047 -4.894760 -3.242378 11.179005 10.351159 7.773333 13.110512 0.000000 0.000000 0.000000 -7.589481 -6.677281 -8.643772 -13.847866 -22.681634 44.746171 11.711727 12.659953 -16.722060 0.000000 0.000000 0.000000 -11.000561 -5.812498 25.410616 -1.391244 2.111662 -25.684230 4.839364 16.371337 30.685485 7.577815 9.519199 -33.612056 0.000000 0.000000 0.000000 -18.917200 -18.594582 -30.859525 -45.531202 16.656650 -4.922954 -23.759899 -25.878906 2.093950 0.000000 0.000000 0.000000 25.401233 1.064875 31.938922 48.532427 48.967226 11.211302 2.753096 28.341562 -0.046766 0.000000 0.000000 0.000000 
0.062993 0.938946 0.409598 178.133142 69.230001 177.899874 1.588842 -1.398687 -11.049647 -4.884495 -3.396911 11.812838 10.076645 6.553677 12.142136 0.000000 0.000000 0.000000 -8.163047 -7.831117 -10.271660 -12.025049 -20.209217 40.599378 13.970258 15.090803 -22.246928 0.000000 0.000000 0.000000 -11.564265 -6.369238 26.550840 -0.734624 2.106243 -26.558559 5.159136 17.835721 31.643085 8.316679 9.388587 -33.700964 0.000000 0.000000 0.000000 -18.764153 -18.853504 -31.953592 -44.988356 16.847472 -4.674856 -23.872647 -26.873911 2.296346 0.000000 0.000000 0.000000 25.488174 1.178731 33.343839 48.338590 52.115074 12.726984 1.984639 30.183821 -0.268290 0.000000 0.000000 0.000000 
0.078601 0.938218 0.409488 178.595574 66.804571 178.794613 2.368133 -1.631265 -11.457241 -5.648313 -3.886315 12.875595 9.798439 5.287296 11.338241 0.000000 0.000000 0.000000 -8.753298 -9.461565 -12.326715 -8.740472 -14.169316 31.144334 14.079940 10.177220 -16.883524 0.000000 0.000000 0.000000 -11.392549 -6.543125 26.578090 -1.268004 1.964942 -26.893828 6.009001 17.035198 32.058118 7.491887 9.764044 -34.486659 0.000000 0.000000 0.000000 -17.888694 -19.068030 -32.688058 -44.936728 16.998031 -4.731462 -25.506758 -27.470974 2.630410 0.000000 0.000000 0.000000 25.210344 1.434473 34.354636 48.203452 53.973010 13.814815 0.707615 31.325701 -0.702940 0.000000 0.000000 0.000000 
0.092349 0.935187 0.413831 179.499157 64.426095 -179.576857 3.574839 -2.097454 -12.435500 -6.175718 -4.342581 13.827741 10.294585 3.942894 10.261357 0.000000 0.000000 0.000000 -8.658713 -11.410793 -15.545505 -8.547590 -6.755929 20.767483 11.100768 6.153838 0.662819 0.000000 0.000000 0.000000 -10.627752 -7.182087 27.680503 -1.321030 2.023794 -26.655797 5.782239 18.500145 30.659086 7.067513 9.375818 -34.015680 0.000000 0.000000 0.000000 -17.545430 -20.655263 -33.266379 -44.350868 16.517723 -4.085047 -24.874329 -28.221308 2.587702 0.000000 0.000000 0.000000 25.625161 1.910824 36.666900 45.697047 57.608770 14.015013 -0.078939 31.340844 -1.169477 0.000000 0.000000 0.000000 
0.105423 0.930539 0.422745 178.869164 61.409289 179.901054 4.307572 -2.674879 -14.135053 -7.199073 -5.515900 16.930977 10.667392 3.021372 9.557874 0.000000 0.000000 0.000000 -8.574481 -13.566342 -18.037456 -11.470661 -4.139041 17.423267 14.429967 9.170205 16.903378 0.000000 0.000000 0.000000 -11.257632 -8.704253 30.253299 -1.899580 1.341529 -29.361668 8.164579 20.532483 32.946594 7.645035 9.719353 -35.399634 0.000000 0.000000 0.000000 -17.630849 -23.194385 -35.772292 -42.664897 16.544024 -2.784383 -25.521317 -28.869378 3.296982 0.000000 0.000000 0.000000 25.861416 1.577416 39.062750 40.168141 60.661556 12.401021 -1.907476 32.421749 -2.088909 0.000000 0.000000 0.000000 
0.119799 0.924028 0.436101 179.201641 57.738200 -179.670701 5.386781 -3.491472 -16.007987 -7.341475 -6.634384 19.773476 11.373453 1.393544 8.306654 0.000000 0.000000 0.000000 -7.848471 -14.672117 -19.486251 -13.543955 -5.097263 19.554781 18.026842 9.979827 21.531995 0.000000 0.000000 0.000000 -11.167321 -10.317076 32.325105 -1.476813 1.434367 -28.926628 7.335349 21.656879 31.351144 7.754075 9.322469 -35.859126 0.000000 0.000000 0.000000 -17.666744 -24.562204 -36.449464 -41.510587 15.760800 -1.886167 -24.241808 -27.569258 3.061080 0.000000 0.000000 0.000000 24.861838 2.587984 40.117048 40.858313 63.671020 14.875569 -3.570810 29.769700 -2.722177 0.000000 0.000000 0.000000 
0.137002 0.918733 0.452848 178.851387 55.413700 -179.858591 6.349174 -4.057650 -16.921143 -6.976650 -7.189655 21.204538 11.711588 0.146979 7.506725 0.000000 0.000000 0.000000 -7.450520 -15.516912 -20.362758 -15.043196 -6.635216 22.531197 22.768210 11.555960 21.338545 0.000000 0.000000 0.000000 -11.535157 -11.073377 33.216366 -2.340917 1.281989 -28.444578 8.395809 22.195981 30.596883 7.522932 9.101044 -35.165477 0.000000 0.000000 0.000000 -18.014226 -25.703053 -37.756122 -40.661719 15.896207 -1.261245 -22.713572 -26.710488 2.903539 0.000000 0.000000 0.000000 24.387269 3.219861 40.932474 37.777053 64.076195 13.487759 -3.454531 30.014273 -2.831666 0.000000 0.000000 0.000000 
0.157003 0.915550 0.472255 178.645064 52.807485 -179.532062 8.275612 -5.005244 -17.927111 -7.413935 -7.502701 21.624739 11.315239 -0.991419 7.762061 0.000000 0.000000 0.000000 -7.357365 -16.090039 -20.417527 -14.222416 -8.695778 24.874502 23.500749 11.877938 17.935543 0.000000 0.000000 0.000000 -11.432012 -11.833340 33.878740 -1.477835 1.306730 -28.733309 7.583343 22.254856 29.819861 7.092819 8.995783 -36.342232 0.000000 0.000000 0.000000 -18.345987 -25.429381 -39.573459 -38.964388 16.447979 -0.867221 -21.540272 -24.584027 2.725625 0.000000 0.000000 0.000000 24.426120 3.291550 42.371858 34.658425 65.808275 12.115120 -2.910621 29.253569 -2.752520 0.000000 0.000000 0.000000 
0.178588 0.915736 0.493051 178.041360 51.129321 -179.900240 9.663592 -5.360924 -17.205809 -6.314846 -6.748480 19.940939 9.312448 -2.782116 8.396992 0.000000 0.000000 0.000000 -6.926861 -14.937298 -18.995251 -12.868989 -9.491544 24.580745 22.527000 10.820422 13.832448 0.000000 0.000000 0.000000 -10.709740 -12.196037 33.971629 -1.897587 1.242022 -28.177673 7.270275 21.844365 28.979997 7.147193 8.972146 -36.913084 0.000000 0.000000 0.000000 -18.916068 -25.063834 -40.711756 -38.271133 18.071741 -1.158382 -18.423753 -22.886983 1.999837 0.000000 0.000000 0.000000 22.940946 3.391305 41.419856 35.590630 65.131238 13.626964 -1.902072 30.464538 -2.359101 0.000000 0.000000 0.000000 
0.200288 0.919532 0.513846 178.182831 49.233398 -179.563087 11.785427 -6.201566 -16.767828 -5.690473 -6.002200 18.104401 6.222299 -3.750516 10.620282 0.000000 0.000000 0.000000 -6.134537 -13.634756 -17.803751 -11.061618 -10.641057 24.338682 20.901579 9.307335 11.640519 0.000000 0.000000 0.000000 -10.403398 -12.575083 34.102636 -0.766430 1.226158 -29.101585 6.723666 21.785875 29.286371 7.581234 8.915158 -37.839823 0.000000 0.000000 0.000000 -18.940852 -24.537856 -42.701265 -36.968343 20.174098 -1.470221 -17.231715 -20.092088 1.640867 0.000000 0.000000 0.000000 22.877180 2.848705 42.743214 31.478870 66.043238 11.428555 -0.836009 29.883897 -2.108269 0.000000 0.000000 0.000000 
0.220637 0.924545 0.532719 178.044303 47.455025 179.977700 12.716337 -6.738296 -16.816706 -4.328073 -5.859454 18.239777 2.562864 -3.964244 13.466943 0.000000 0.000000 0.000000 -5.763975 -11.776949 -15.008464 -8.096383 -10.864633 21.860146 18.417025 6.359509 9.387123 0.000000 0.000000 0.000000 -9.259276 -12.745795 33.851655 -0.999796 1.100983 -29.256135 6.715070 21.552052 29.463378 8.052093 8.839908 -38.431164 0.000000 0.000000 0.000000 -19.196821 -24.074545 -44.781520 -35.745058 22.945327 -1.932080 -16.779794 -18.560708 1.497179 0.000000 0.000000 0.000000 23.330221 1.165722 43.341483 28.765998 66.269856 9.613848 -1.013124 29.788533 -2.156911 0.000000 0.000000 0.000000 
0.238542 0.929294 0.547597 177.963053 46.454180 -179.921709 13.700440 -7.399744 -17.552425 -3.308737 -5.825189 18.593844 -1.228878 -3.210860 16.878074 0.000000 0.000000 0.000000 -5.862867 -10.648771 -12.605077 -4.122382 -10.764965 18.482747 16.408292 4.018736 8.384029 0.000000 0.000000 0.000000 -7.993390 -12.166471 32.639880 -0.669728 1.138897 -29.383805 6.412827 20.691943 29.599828 7.134161 8.596373 -39.303036 0.000000 0.000000 0.000000 -18.663370 -22.418697 -46.407111 -36.035761 25.488917 -3.097606 -17.354516 -17.849495 1.386369 0.000000 0.000000 0.000000 23.180516 0.496635 44.241060 27.134111 65.237345 8.346124 -2.727412 28.957783 -2.669973 0.000000 0.000000 0.000000 
0.252753 0.933521 0.557618 177.834116 45.859983 179.721982 14.113653 -7.665508 -17.710772 -3.137533 -6.080821 19.362993 0.495217 -1.944259 17.908048 0.000000 0.000000 0.000000 -5.459921 -9.520804 -10.804288 -2.438660 -10.501091 16.458666 14.883697 2.358637 8.387459 0.000000 0.000000 0.000000 -6.516924 -11.504078 31.458064 -1.087126 0.954496 -29.894715 6.614187 20.476087 29.862168 7.134044 8.552326 -40.721979 0.000000 0.000000 0.000000 -18.309771 -21.446521 -48.097435 -35.787796 28.972544 -4.218535 -18.795964 -18.011302 1.496763 0.000000 0.000000 0.000000 23.728346 -0.885731 45.115706 23.505086 65.128627 5.857897 -1.930782 26.618249 -2.326191 0.000000 0.000000 0.000000 
0.263826 0.937698 0.562892 176.877977 44.127107 179.639967 14.153373 -8.173912 -19.382430 -6.962621 -7.520195 21.341346 10.146433 0.591977 18.209994 0.000000 0.000000 0.000000 -5.831826 -9.836201 -10.021156 -1.249755 -10.455660 14.951853 13.772521 1.071354 8.836969 0.000000 0.000000 0.000000 -4.446241 -10.414476 29.341816 -2.380301 0.677459 -29.193598 6.268560 18.678629 28.887899 4.565709 7.495719 -41.425696 0.000000 0.000000 0.000000 -18.086498 -21.235337 -50.413651 -35.059044 32.989577 -5.049899 -21.068616 -18.670974 1.805359 0.000000 0.000000 0.000000 23.670771 -2.898034 45.148831 25.085185 64.070820 6.579015 -3.026215 26.252464 -2.525419 0.000000 0.000000 0.000000 
0.271999 0.941906 0.563485 176.394579 42.494919 179.190393 12.422477 -7.743035 -19.964062 -10.662177 -8.805215 21.937773 20.857140 2.241015 20.663886 0.000000 0.000000 0.000000 -6.331282 -9.792449 -8.234990 0.003499 -10.273733 13.132834 12.537625 -0.454389 9.665099 0.000000 0.000000 0.000000 -2.242731 -9.858102 27.809340 -3.304018 0.153614 -29.856137 6.239601 17.689971 29.176414 3.491241 6.583487 -41.491841 0.000000 0.000000 0.000000 -17.595741 -20.085418 -53.229444 -33.771930 37.451728 -5.954701 -24.739760 -19.014200 2.291617 0.000000 0.000000 0.000000 23.792057 -4.470805 46.078165 24.351125 62.917812 5.888376 -2.979221 25.652923 -2.502332 0.000000 0.000000 0.000000 
0.278518 0.944228 0.559910 176.529678 41.777296 179.008149 11.250778 -7.276841 -19.666922 -12.202819 -8.570668 18.477156 26.494553 1.440415 23.990580 0.000000 0.000000 0.000000 -6.352852 -9.232169 -6.206180 0.942626 -9.652447 11.022792 11.517076 -1.949334 10.090288 0.000000 0.000000 0.000000 -1.828725 -9.007247 26.551860 -2.946589 0.476019 -29.007364 6.005668 17.218126 29.075109 2.559134 5.688398 -41.665477 0.000000 0.000000 0.000000 -17.049460 -20.587159 -54.691562 -33.366667 40.024847 -6.335360 -27.014422 -18.407019 2.453550 0.000000 0.000000 0.000000 23.596308 -5.684765 46.372223 24.585020 61.671280 5.841436 -2.295789 24.649635 -2.265763 0.000000 0.000000 0.000000 
0.284001 0.945548 0.552456 176.110735 40.243098 178.871018 8.619292 -6.372439 -19.413507 -9.897602 -7.166525 12.390670 25.558287 -1.919082 28.130673 0.000000 0.000000 0.000000 -7.268749 -9.511180 -3.877459 2.407789 -8.928601 8.184849 10.734326 -3.632391 10.242765 0.000000 0.000000 0.000000 -1.347466 -8.176075 25.153420 -2.971261 0.526215 -28.326583 5.368362 15.880890 29.348123 2.331721 5.185863 -42.540461 0.000000 0.000000 0.000000 -16.119921 -21.077733 -55.931843 -33.992894 42.286220 -7.257740 -27.383049 -18.234393 2.219785 0.000000 0.000000 0.000000 23.965371 -6.798169 47.750078 24.971779 61.585497 5.560293 -3.032963 23.720010 -2.472109 0.000000 0.000000 0.000000 
0.288701 0.943726 0.541225 176.319829 39.481283 178.484213 6.333629 -5.204272 -17.893497 -6.911085 -5.877511 9.258872 23.809128 -4.104959 27.972114 0.000000 0.000000 0.000000 -7.345747 -9.053983 -0.407924 3.005879 -7.304374 4.480791 10.175880 -6.045583 9.365702 0.000000 0.000000 0.000000 -2.127970 -7.651796 24.679227 -3.248611 0.474350 -27.683505 6.308702 15.343618 30.179731 1.959939 4.729301 -44.294117 0.000000 0.000000 0.000000 -15.217774 -22.227769 -57.002212 -33.790119 44.518212 -7.657667 -28.898796 -17.492144 2.237649 0.000000 0.000000 0.000000 23.795051 -6.909197 49.430994 25.217188 61.517985 5.556230 -5.448740 22.465230 -3.074765 0.000000 0.000000 0.000000 
0.292782 0.940408 0.526386 177.059636 40.051731 179.205704 5.336206 -4.589120 -16.937085 -4.737708 -4.874204 7.725458 26.022706 -5.828463 29.412905 0.000000 0.000000 0.000000 -6.926019 -8.534495 0.968244 2.812169 -6.379101 2.907142 10.315999 -6.942860 8.455641 0.000000 0.000000 0.000000 -3.135887 -7.016205 24.090732 -2.835484 0.551361 -28.588729 6.279495 15.492799 31.718430 2.243895 4.791942 -44.825167 0.000000 0.000000 0.000000 -14.004693 -23.012054 -56.672528 -35.111484 44.556390 -8.653542 -28.393971 -16.334969 1.747040 0.000000 0.000000 0.000000 24.511492 -7.951343 50.692095 23.223431 61.100854 3.463313 -4.808021 22.266926 -2.960467 0.000000 0.000000 0.000000 
0.295844 0.937579 0.508682 178.046792 40.072621 -179.981962 5.420179 -4.480278 -16.491398 -4.715633 -4.913355 8.432700 28.675910 -6.352832 27.676408 0.000000 0.000000 0.000000 -6.470506 -8.188883 2.085703 2.371953 -5.913914 2.314465 10.275392 -7.699175 8.033957 0.000000 0.000000 0.000000 -3.883084 -6.046105 22.806987 -2.687406 0.745161 -27.774597 5.602063 14.606673 31.228064 2.900190 5.147561 -44.533594 0.000000 0.000000 0.000000 -14.274174 -23.054504 -56.664149 -33.907329 44.454306 -8.000969 -28.477190 -14.800283 1.656056 0.000000 0.000000 0.000000 25.353039 -7.846924 51.538353 23.226585 60.644138 2.449941 -4.178828 22.732309 -2.987629 0.000000 0.000000 0.000000 
0.297372 0.935784 0.489524 178.819686 40.057162 -179.462562 5.164779 -4.304956 -16.165685 -4.821845 -5.124499 9.680715 31.110780 -6.565363 26.128252 0.000000 0.000000 0.000000 -6.464783 -8.198288 2.752000 1.842944 -5.908714 2.896018 10.360162 -7.770833 8.232997 0.000000 0.000000 0.000000 -4.912166 -5.606446 22.164754 -2.394020 0.876269 -27.770325 4.861499 14.146694 31.069664 3.303609 5.435575 -45.130385 0.000000 0.000000 0.000000 -13.841582 -23.055010 -56.048225 -34.600195 43.956092 -8.462241 -27.570820 -13.642667 1.294444 0.000000 0.000000 0.000000 25.439399 -7.249285 52.377787 24.908646 61.262224 3.012736 -2.883418 21.962377 -2.747168 0.000000 0.000000 0.000000 
0.297156 0.935193 0.470392 178.872228 39.959833 -179.735023 4.821503 -4.038101 -15.559010 -6.261490 -5.864357 10.817040 33.023336 -6.194442 25.414548 0.000000 0.000000 0.000000 -6.711266 -8.400640 2.766949 0.222746 -5.999293 5.047231 10.416039 -7.653817 8.753985 0.000000 0.000000 0.000000 -6.683942 -5.363450 21.829920 -2.534621 0.838376 -27.855432 4.782423 14.082818 31.034074 4.947006 6.231038 -44.621519 0.000000 0.000000 0.000000 -13.403636 -24.164745 -55.462602 -34.242812 42.990583 -8.047189 -26.490483 -12.959495 1.167782 0.000000 0.000000 0.000000 25.846274 -6.620571 54.057996 25.140867 61.605340 2.306626 -2.225089 22.751572 -2.879518 0.000000 0.000000 0.000000 
0.295653 0.935536 0.452164 179.090130 40.059386 -179.987881 4.061953 -3.513054 -14.462516 -6.488868 -6.035624 11.250078 34.140321 -6.056332 24.307408 0.000000 0.000000 0.000000 -7.562447 -9.014415 1.680197 -0.791439 -8.604339 10.227270 11.761057 -5.785013 7.849296 0.000000 0.000000 0.000000 -8.375176 -5.483672 21.929221 -2.557421 0.822904 -28.206030 4.847333 14.908480 31.516874 5.626363 6.437894 -44.307428 0.000000 0.000000 0.000000 -12.890854 -24.953529 -55.031344 -33.128211 42.142967 -7.481428 -26.177363 -11.856989 1.071017 0.000000 0.000000 0.000000 26.066691 -6.264820 55.399162 24.155080 62.981908 1.488121 -1.952430 22.671221 -2.938466 0.000000 0.000000 0.000000 
0.293767 0.937077 0.435018 179.125745 39.986552 179.594672 3.070515 -2.948768 -13.318784 -6.437930 -6.105542 11.533045 34.429263 -6.004251 23.332915 0.000000 0.000000 0.000000 -7.914964 -9.455286 -0.101085 -3.581542 -12.083541 16.720066 12.098643 -3.764366 7.740800 0.000000 0.000000 0.000000 -9.398440 -5.737292 22.241073 -3.464870 0.398753 -28.581692 5.434143 16.209982 31.896599 6.324291 6.460186 -43.348770 0.000000 0.000000 0.000000 -11.867564 -26.152136 -54.721472 -33.445909 41.465813 -7.619958 -25.385355 -11.821657 0.942373 0.000000 0.000000 0.000000 26.160611 -6.619476 56.467579 23.567545 64.119049 0.986748 -2.503364 22.386506 -3.100073 0.000000 0.000000 0.000000 
0.292451 0.939844 0.418944 179.281555 39.986353 178.701090 2.441769 -2.382777 -11.312688 -6.612242 -6.118684 11.298800 34.087776 -5.794943 22.642274 0.000000 0.000000 0.000000 -7.916523 -9.836614 -2.175644 -7.948125 -16.839830 24.573326 9.756551 -1.976379 9.409711 0.000000 0.000000 0.000000 -10.284686 -6.159937 22.982887 -3.560819 0.316402 -28.935422 5.235900 17.693573 32.218124 7.119385 6.561788 -42.917411 0.000000 0.000000 0.000000 -11.074265 -26.761095 -54.213701 -32.618407 40.284925 -7.228550 -26.025848 -11.588224 0.965488 0.000000 0.000000 0.000000 26.151698 -6.090514 57.760426 22.450118 65.178293 0.143012 -3.393236 22.481134 -3.417394 0.000000 0.000000 0.000000 
0.292431 0.942952 0.403628 179.774049 39.165072 177.524988 1.791330 -1.895243 -8.892571 -5.951321 -5.869340 11.235227 32.989833 -5.966735 21.262096 0.000000 0.000000 0.000000 -7.767456 -10.088175 -3.018375 -12.049795 -20.938853 30.867372 22.181923 5.875525 3.245953 0.000000 0.000000 0.000000 -12.048329 -7.282817 24.597321 -2.221377 0.561750 -30.581078 5.401800 19.645683 34.764054 8.422370 6.921826 -43.270327 0.000000 0.000000 0.000000 -10.055709 -27.582364 -54.831732 -32.387591 39.854641 -7.081754 -25.159957 -11.609334 0.882536 0.000000 0.000000 0.000000 24.943285 -7.274845 58.305152 21.784297 67.295227 0.841550 -4.719351 22.949872 -3.674890 0.000000 0.000000 0.000000 
0.293942 0.944897 0.388745 -179.458359 38.704734 177.376156 2.061884 -1.915964 -7.161094 -6.269641 -5.872289 10.791770 32.875265 -5.826791 20.624083 0.000000 0.000000 0.000000 -6.588785 -9.462627 -4.103855 -14.266868 -22.910567 33.926295 48.772383 18.982541 5.635299 0.000000 0.000000 0.000000 -11.575181 -6.889257 23.934699 -3.260792 0.644795 -27.413502 4.914682 18.376115 31.646218 7.731475 6.609582 -42.094720 0.000000 0.000000 0.000000 -10.270616 -27.926479 -52.946955 -32.237680 39.004430 -6.939148 -24.340184 -11.921236 0.841743 0.000000 0.000000 0.000000 23.713826 -5.964896 55.552826 30.298667 65.080265 6.778538 -5.002231 24.079976 -3.691173 0.000000 0.000000 0.000000 
0.296918 0.946791 0.374109 -179.467222 36.877537 176.801681 1.046690 -1.686319 -5.496828 -5.066310 -5.523394 10.297296 32.078317 -7.180657 18.893972 0.000000 0.000000 0.000000 -5.018366 -8.534321 -4.153311 -10.093816 -22.800671 30.201954 64.613093 20.157487 10.815385 0.000000 0.000000 0.000000 -13.446415 -8.063034 25.275172 -2.393711 0.799376 -28.467585 5.629982 17.971873 32.454265 8.598979 6.773230 -41.714920 0.000000 0.000000 0.000000 -9.245983 -28.097187 -54.291634 -32.530217 41.058597 -7.666110 -24.616244 -13.905590 0.981088 0.000000 0.000000 0.000000 22.624575 -7.995374 54.610391 32.418509 65.512452 8.997363 -5.596312 24.752629 -3.662528 0.000000 0.000000 0.000000 
0.301319 0.947687 0.359465 -179.370066 35.891941 176.578754 0.544943 -1.650465 -4.204459 -4.555245 -5.371487 10.124813 31.949770 -7.746022 17.838378 0.000000 0.000000 0.000000 -3.064815 -7.123884 -4.124992 -3.708614 -19.963964 22.771897 62.705688 14.528766 8.724741 0.000000 0.000000 0.000000 -13.088605 -8.112624 25.359446 -2.871183 0.626267 -27.886301 5.601308 17.422245 32.043596 7.729850 6.173413 -41.059821 0.000000 0.000000 0.000000 -9.511161 -27.737290 -55.414619 -31.568239 41.299101 -7.191778 -24.406736 -14.025731 1.062776 0.000000 0.000000 0.000000 22.380440 -8.683883 54.196061 33.473425 64.835216 9.687238 -7.331358 24.741574 -3.954145 0.000000 0.000000 0.000000 
0.306715 0.949105 0.344684 -179.264182 34.598409 176.170525 0.006856 -1.718105 -2.445031 -3.716375 -5.030572 9.548639 31.428804 -8.562952 16.687520 0.000000 0.000000 0.000000 -1.253117 -6.084621 -4.536991 -0.547415 -17.362711 17.593470 42.503259 6.986410 3.712514 0.000000 0.000000 0.000000 -13.035481 -8.516440 26.076176 -3.023315 0.374935 -28.854514 5.890299 17.148128 32.536200 8.479236 5.994209 -40.245893 0.000000 0.000000 0.000000 -8.963653 -27.455308 -57.350170 -30.894765 43.076591 -7.276877 -24.489954 -14.648997 1.062863 0.000000 0.000000 0.000000 22.149475 -9.959121 54.487191 34.603915 64.796936 10.482181 -8.198925 24.278259 -4.033182 0.000000 0.000000 0.000000 
0.312398 0.949964 0.330036 -179.526974 33.005829 176.527878 -0.670569 -1.754737 -1.353006 -2.968102 -4.677966 8.231522 31.111613 -9.952738 15.476629 0.000000 0.000000 0.000000 0.823868 -5.140243 -6.139202 -1.461458 -14.875362 15.815134 26.136112 -0.533177 4.100975 0.000000 0.000000 0.000000 -11.075855 -7.903579 25.393966 -4.165356 -0.210382 -27.999757 4.824386 15.741546 30.740870 8.479653 4.742103 -38.014012 0.000000 0.000000 0.000000 -8.217649 -28.040677 -57.774793 -30.877539 44.886745 -7.939699 -25.274262 -15.212992 0.992060 0.000000 0.000000 0.000000 23.421806 -11.106034 55.117110 34.623467 63.553322 8.745979 -8.612150 23.499827 -4.111366 0.000000 0.000000 0.000000 
0.318362 0.949380 0.315982 179.806185 31.089183 176.164507 -1.880398 -1.640061 -0.556562 -1.958436 -4.506025 8.402224 30.859101 -11.296246 13.936458 0.000000 0.000000 0.000000 1.808270 -4.512695 -5.677064 -3.096438 -12.919685 14.828110 19.739499 -5.540583 4.095196 0.000000 0.000000 0.000000 -10.015205 -8.545836 26.501102 -4.149552 -0.749935 -30.429393 4.377437 15.685119 32.413123 9.430499 4.528634 -38.002111 0.000000 0.000000 0.000000 -7.261032 -27.850690 -60.019081 -30.978650 46.117636 -8.389422 -26.861616 -15.193548 1.019682 0.000000 0.000000 0.000000 24.156043 -12.840590 57.475184 30.345314 66.002148 6.066764 -8.946726 21.282748 -3.943873 0.000000 0.000000 0.000000 
0.325100 0.946862 0.302842 178.905757 29.219960 175.870278 -2.930251 -1.451945 -0.480353 -1.626403 -4.786586 9.511544 31.373443 -12.412306 12.349995 0.000000 0.000000 0.000000 2.065720 -4.305696 -4.999454 -4.946235 -12.103326 15.100189 20.448286 -7.957521 1.217774 0.000000 0.000000 0.000000 -8.576910 -8.305366 26.140190 -4.672399 -1.116688 -29.969701 3.872455 15.265613 31.852340 8.423540 2.582532 -36.283094 0.000000 0.000000 0.000000 -7.272012 -28.565928 -63.006793 -28.956866 47.582524 -7.164162 -28.227146 -14.417862 1.171261 0.000000 0.000000 0.000000 23.783843 -13.492140 59.320722 32.695351 67.173753 7.797501 -10.123104 19.684613 -4.042940 0.000000 0.000000 0.000000 
0.332454 0.944476 0.291512 178.809575 26.564919 175.986040 -2.740420 -1.448428 -1.489429 -2.241113 -5.933874 12.296634 32.263027 -13.559301 10.969380 0.000000 0.000000 0.000000 2.119097 -4.294958 -4.039036 -5.062076 -12.605144 15.062846 21.305141 -10.087069 -1.116016 0.000000 0.000000 0.000000 -6.412020 -8.180568 25.635825 -5.040474 -1.387440 -28.851634 3.309469 13.886425 31.624398 7.682134 1.625291 -36.334992 0.000000 0.000000 0.000000 -7.056560 -29.194064 -66.289188 -27.659339 49.434411 -6.295984 -30.292160 -14.374759 1.441352 0.000000 0.000000 0.000000 23.231898 -14.201741 61.346437 29.922601 68.735968 6.857008 -10.824286 18.340546 -3.970516 0.000000 0.000000 0.000000 
0.340418 0.942730 0.281975 179.088098 25.770154 176.229239 -1.876709 -1.341315 -4.152578 -4.733315 -8.753294 17.993996 32.843963 -12.161885 12.640314 0.000000 0.000000 0.000000 2.294599 -4.134189 -2.592606 -4.059373 -12.446166 13.776071 21.910253 -11.304580 -2.707007 0.000000 0.000000 0.000000 -5.194325 -8.330036 25.710934 -4.400301 -0.997707 -28.455723 3.279966 14.019688 31.516887 7.201439 0.788497 -36.006567 0.000000 0.000000 0.000000 -7.785405 -29.342187 -68.430849 -26.604939 50.167606 -5.115001 -31.773683 -13.344873 1.740009 0.000000 0.000000 0.000000 23.585859 -14.489842 62.828967 24.308430 69.590673 2.906806 -10.304122 16.442484 -3.606078 0.000000 0.000000 0.000000 
0.348235 0.942705 0.273430 179.502369 24.898680 177.823811 -0.053282 -1.970645 -9.073743 -11.465590 -13.305497 24.809729 34.241690 -9.326192 19.543278 0.000000 0.000000 0.000000 2.728509 -3.960927 -3.065539 -3.344680 -12.684739 13.224134 21.293338 -11.969205 -2.782107 0.000000 0.000000 0.000000 -4.329599 -8.387115 25.615588 -3.860441 -0.772339 -28.901562 3.777604 14.265117 30.780009 5.870707 0.185819 -37.194223 0.000000 0.000000 0.000000 -7.621017 -29.057858 -71.210860 -23.902808 52.105748 -3.732373 -33.823793 -11.980185 1.784866 0.000000 0.000000 0.000000 23.225967 -14.849582 64.342855 20.275763 69.214121 0.409642 -9.426940 17.078879 -3.581581 0.000000 0.000000 0.000000 
0.355806 0.943847 0.263071 178.959250 24.808358 178.260225 1.337191 -3.404998 -14.359473 -22.699655 -18.521449 32.772916 31.515490 -4.074702 33.965200 0.000000 0.000000 0.000000 1.735509 -4.498967 -1.518697 -1.449275 -11.685768 10.519881 21.438566 -12.681770 -3.042624 0.000000 0.000000 0.000000 -4.269883 -8.368455 25.558884 -3.777823 -0.707881 -28.123790 3.853841 14.798958 29.220753 6.002870 0.623767 -37.953033 0.000000 0.000000 0.000000 -8.266148 -27.910689 -72.802141 -21.461838 52.810037 -2.270572 -36.204092 -10.636979 2.024839 0.000000 0.000000 0.000000 23.282091 -14.994418 64.013182 17.456759 69.025258 -1.280343 -7.013022 18.510625 -3.372075 0.000000 0.000000 0.000000 
0.363411 0.945650 0.249308 178.318738 24.263379 178.356529 3.010323 -5.278535 -18.333384 -30.192237 -20.575083 33.392642 31.899886 -10.256272 55.893490 0.000000 0.000000 0.000000 1.474617 -4.761815 1.232571 -0.654056 -9.039808 6.426814 20.669520 -15.448455 -3.317543 0.000000 0.000000 0.000000 -4.151646 -8.583662 25.672392 -3.704782 -0.707504 -29.159887 4.458004 15.571309 29.330749 6.105952 0.651813 -38.684429 0.000000 0.000000 0.000000 -7.898022 -27.362295 -76.488810 -15.640420 55.020822 1.025742 -37.969907 -7.391824 1.509131 0.000000 0.000000 0.000000 22.352982 -16.203786 65.193694 14.602133 70.465590 -2.151810 -6.803444 18.420553 -3.288099 0.000000 0.000000 0.000000 
0.370914 0.947141 0.232407 177.701412 24.016022 178.484708 3.493325 -6.301619 -20.350594 -23.915848 -17.728292 25.624940 35.760156 -30.130794 65.550711 0.000000 0.000000 0.000000 0.581048 -5.495211 3.000501 -0.063425 -8.248924 4.623613 20.703122 -15.951707 -2.809082 0.000000 0.000000 0.000000 -3.808007 -8.357671 25.227125 -4.740761 -1.350809 -29.043451 5.121619 15.905123 28.829032 5.456556 0.113571 -39.018886 0.000000 0.000000 0.000000 -7.283248 -26.660781 -79.079831 -12.286504 56.376946 2.872378 -37.740698 -5.683810 0.897407 0.000000 0.000000 0.000000 22.032759 -16.570722 66.518571 8.850660 71.499977 -5.701413 -7.416353 18.866904 -3.466871 0.000000 0.000000 0.000000 
0.378522 0.947720 0.212156 177.406320 24.115959 178.601172 3.734956 -6.848902 -21.352766 -15.034881 -12.633852 15.336825 40.967072 -39.604228 59.612667 0.000000 0.000000 0.000000 0.502432 -5.942192 5.453660 -0.378984 -6.414900 2.057083 20.244617 -17.337994 -2.319041 0.000000 0.000000 0.000000 -4.124808 -7.594398 24.262722 -4.601004 -1.188106 -28.829565 4.999708 16.113966 29.004700 5.524456 0.000864 -39.273588 0.000000 0.000000 0.000000 -6.195440 -25.434037 -82.206153 -7.694243 58.065018 5.397556 -37.553750 -3.962444 0.142608 0.000000 0.000000 0.000000 21.375410 -17.130024 68.110211 0.666708 72.529587 -10.943773 -8.460903 19.322391 -3.747844 0.000000 0.000000 0.000000 
0.386308 0.947092 0.188685 177.183372 22.733359 178.975982 2.186491 -6.414861 -21.041332 -7.153529 -8.140704 5.782276 40.415672 -32.859254 44.251211 0.000000 0.000000 0.000000 0.241142 -6.791839 7.744812 -0.366581 -5.482044 -0.002836 20.119720 -19.015225 -2.070564 0.000000 0.000000 0.000000 -4.082459 -7.291193 23.576018 -5.325915 -1.674589 -28.723481 5.344837 15.920986 29.484726 5.223483 -0.234828 -40.381436 0.000000 0.000000 0.000000 -3.600093 -24.759288 -88.135037 0.244911 60.609606 10.366388 -36.018690 -2.152121 -0.919959 0.000000 0.000000 0.000000 19.464238 -18.445315 71.795938 -12.786902 75.156903 -20.041394 -10.674825 18.243480 -4.026380 0.000000 0.000000 0.000000 
0.393697 0.943261 0.162714 176.917090 23.475981 178.739423 0.726968 -5.319977 -19.562185 -3.905871 -6.532752 2.024253 39.914798 -28.223516 34.718644 0.000000 0.000000 0.000000 -0.815210 -8.171391 10.405882 -0.502279 -4.941999 -0.703314 24.169989 -17.411882 -4.508534 0.000000 0.000000 0.000000 -5.570016 -6.995743 23.379153 -5.502693 -1.764683 -28.849377 6.270254 17.429941 30.040097 5.587460 0.027264 -40.882493 0.000000 0.000000 0.000000 -1.538245 -24.447053 -90.657540 3.149368 61.619293 11.802675 -35.009615 -0.349632 -1.756755 0.000000 0.000000 0.000000 18.526032 -17.934118 75.598050 -26.301966 74.806952 -30.486748 -13.693689 17.540453 -4.666797 0.000000 0.000000 0.000000 
0.400090 0.938106 0.134218 177.568489 22.649663 179.659644 0.279591 -5.215147 -19.403088 -2.755884 -5.892211 2.459245 39.693326 -29.081283 34.246548 0.000000 0.000000 0.000000 -0.100784 -7.694372 9.855494 -1.215708 -6.372726 2.706954 25.612420 -17.838836 -6.642071 0.000000 0.000000 0.000000 -6.280506 -7.056053 23.358584 -5.013024 -1.609758 -30.023313 5.847269 17.328601 31.240712 6.053608 0.348025 -41.435371 0.000000 0.000000 0.000000 0.552835 -24.328332 -93.619063 5.458043 63.076979 13.158968 -32.670130 0.163228 -2.248042 0.000000 0.000000 0.000000 18.562078 -18.891939 78.718622 -40.958430 73.549568 -42.264045 -14.359944 16.046647 -4.580272 0.000000 0.000000 0.000000 
0.405165 0.932279 0.102783 177.454413 21.212858 179.832656 -0.490783 -5.070082 -19.229765 -3.869061 -6.691030 5.013263 48.905446 -34.558448 32.067982 0.000000 0.000000 0.000000 -0.349332 -7.713002 9.095554 -2.765120 -9.202648 7.901302 27.902193 -16.979486 -7.996021 0.000000 0.000000 0.000000 -7.223424 -7.112908 23.355959 -5.195874 -1.818505 -29.721701 5.953565 17.506560 31.113902 7.209742 0.184234 -40.848503 0.000000 0.000000 0.000000 1.715157 -24.458236 -98.806709 14.598107 62.304614 19.788494 -32.752288 2.336497 -2.600167 0.000000 0.000000 0.000000 16.971242 -18.928113 83.862167 -55.178677 71.185659 -51.946891 -17.068053 13.943278 -4.740236 0.000000 0.000000 0.000000 
0.408808 0.929364 0.068770 177.337000 20.297671 178.912790 -1.160552 -4.234086 -17.719957 -5.773774 -8.056757 7.798029 56.710007 -36.339889 28.336973 0.000000 0.000000 0.000000 -1.538754 -8.224016 8.164096 -6.541074 -15.112520 16.425988 30.863904 -12.342114 -4.458479 0.000000 0.000000 0.000000 -8.749646 -7.779773 24.107079 -4.986514 -1.766674 -29.686040 6.761195 18.808950 32.183943 6.907017 -0.102708 -41.518367 0.000000 0.000000 0.000000 2.308223 -24.244948 -104.644851 22.002685 61.250019 25.700285 -31.319924 3.123597 -2.487509 0.000000 0.000000 0.000000 14.839338 -18.969850 89.615191 -68.038583 66.762125 -58.295455 -19.001311 10.871315 -4.503005 0.000000 0.000000 0.000000 
0.411469 0.929429 0.033367 177.011165 18.339148 177.651370 -2.363662 -3.116787 -15.423375 -7.405798 -9.498520 10.021726 62.539785 -37.268081 24.494469 0.000000 0.000000 0.000000 -2.678909 -8.478806 4.330258 -19.409272 -25.942259 32.708802 30.785813 -4.757749 9.420355 0.000000 0.000000 0.000000 -9.820007 -8.228822 24.567978 -5.381527 -2.180238 -28.285648 6.918600 18.538637 31.967410 7.108677 -1.392298 -40.492836 0.000000 0.000000 0.000000 3.093791 -25.524054 -108.132006 25.737214 60.583378 29.091983 -30.636839 1.700598 -2.081259 0.000000 0.000000 0.000000 11.994742 -17.146737 97.039922 -78.340922 61.219455 -61.530021 -20.693130 6.947356 -4.183181 0.000000 0.000000 0.000000 
0.413955 0.931903 -0.001090 176.843061 16.280793 176.301429 -3.877419 -1.637439 -11.311145 -6.711587 -9.345431 9.419243 66.394870 -37.282468 19.107064 0.000000 0.000000 0.000000 -4.409216 -10.165266 -0.476042 -47.224334 -33.131237 57.476269 48.444187 1.916367 27.333768 0.000000 0.000000 0.000000 -11.037371 -9.240834 25.631042 -4.121087 -1.442817 -27.636790 5.652260 18.002335 30.976267 7.527568 -2.286624 -39.691454 0.000000 0.000000 0.000000 3.154486 -25.875668 -108.598000 26.104401 60.193885 29.370060 -31.770421 1.967494 -1.964386 0.000000 0.000000 0.000000 11.008989 -17.193340 97.582357 -81.076459 60.788059 -63.225120 -21.012738 7.013379 -4.222248 0.000000 0.000000 0.000000 
0.417374 0.935723 -0.033375 177.561932 14.849182 175.359425 -3.683744 -1.208291 -7.011320 -6.308168 -8.908808 7.879499 67.510434 -36.166677 16.131493 0.000000 0.000000 0.000000 -4.299798 -11.934491 -6.559419 -73.640175 -29.818302 75.500999 54.665852 0.661547 44.629170 0.000000 0.000000 0.000000 -11.650515 -10.635613 27.471877 -3.499086 -1.147819 -28.960874 6.171058 17.843938 32.034514 7.583836 -3.147093 -39.306356 0.000000 0.000000 0.000000 2.898020 -26.517462 -109.620562 25.762472 59.544904 29.536626 -32.850878 1.636926 -1.500797 0.000000 0.000000 0.000000 9.394443 -17.486303 99.701496 -84.330488 59.972085 -64.303845 -22.679972 6.190674 -4.287192 0.000000 0.000000 0.000000 
0.422216 0.940203 -0.064072 178.617461 12.948340 174.850715 -3.347512 -1.652611 -3.037216 -4.940441 -7.897224 6.019467 67.727431 -35.374616 13.268059 0.000000 0.000000 0.000000 -3.479395 -13.853588 -11.104101 -78.775367 -28.254497 78.714785 56.797953 3.279412 44.785847 0.000000 0.000000 0.000000 -10.871647 -11.609056 28.739422 -3.548537 -1.369836 -28.758395 6.038980 16.787500 31.301232 7.114379 -4.570144 -38.717551 0.000000 0.000000 0.000000 3.388369 -26.013425 -110.587744 24.975285 59.525898 28.861364 -34.045844 2.432702 -1.584824 0.000000 0.000000 0.000000 8.522906 -17.039492 100.814305 -87.668487 59.413647 -66.206117 -23.826342 4.599269 -4.133827 0.000000 0.000000 0.000000 
0.428191 0.943169 -0.093903 179.619840 12.359401 174.412231 -2.406096 -2.816823 0.354555 -4.904960 -7.502035 4.862765 67.219051 -34.065067 13.302825 0.000000 0.000000 0.000000 -1.792146 -14.641751 -14.715919 -67.093856 -30.373880 71.118663 67.019221 4.680315 34.106965 0.000000 0.000000 0.000000 -10.286346 -12.217678 29.535174 -3.391991 -1.355455 -28.591099 6.580793 16.731982 31.216454 6.968692 -5.761563 -37.859257 0.000000 0.000000 0.000000 3.122651 -26.003795 -111.664284 24.860650 59.114867 29.122566 -34.872781 0.951094 -1.056313 0.000000 0.000000 0.000000 7.357536 -16.543476 102.600525 -90.297935 58.092578 -66.387679 -25.372585 2.563396 -3.890245 0.000000 0.000000 0.000000 
0.434965 0.943780 -0.123451 -179.886450 11.466653 174.106419 -2.356268 -4.210352 3.678428 -4.214918 -6.845572 3.341022 67.781698 -33.260743 12.628288 0.000000 0.000000 0.000000 0.111834 -15.296914 -17.851035 -47.192874 -30.930624 56.261875 68.745109 4.962537 20.959030 0.000000 0.000000 0.000000 -9.948722 -12.951632 30.308254 -3.028812 -1.187407 -28.790168 6.689016 16.492813 31.755030 5.976274 -6.917724 -37.781390 0.000000 0.000000 0.000000 3.142035 -26.827828 -111.455560 22.133428 58.378699 27.171265 -35.655018 -0.306193 -0.490721 0.000000 0.000000 0.000000 6.894956 -16.624506 103.809508 -91.682440 57.356732 -66.820996 -26.493376 1.422203 -3.795888 0.000000 0.000000 0.000000 
0.442654 0.942836 -0.152845 -179.813628 11.053803 174.287091 -2.669958 -5.635723 6.632659 -3.695424 -6.400488 1.394494 68.449557 -32.639884 12.685461 0.000000 0.000000 0.000000 1.522907 -16.270060 -20.356404 -20.740457 -23.672034 33.442999 36.819876 0.277108 7.889757 0.000000 0.000000 0.000000 -9.519847 -13.326384 30.764163 -2.979932 -1.246693 -29.595719 7.159462 15.939816 32.165131 6.383982 -6.268588 -37.975060 0.000000 0.000000 0.000000 3.297716 -25.955397 -113.308895 24.123819 58.505867 28.937361 -35.258124 -1.088724 -0.362340 0.000000 0.000000 0.000000 6.274134 -16.822055 104.499397 -93.470109 57.268589 -67.628938 -27.542833 0.872388 -3.807340 0.000000 0.000000 0.000000 
0.451917 0.940261 -0.183019 179.772012 10.374427 174.660610 -3.638779 -6.743815 8.924139 -2.797090 -5.859468 0.259652 69.937800 -32.421358 11.993620 0.000000 0.000000 0.000000 2.445308 -16.415429 -21.423925 -6.545750 -12.690907 15.803313 17.980625 -8.116388 12.793679 0.000000 0.000000 0.000000 -8.676104 -12.905509 30.141889 -3.203719 -1.415412 -29.324150 6.783058 15.028635 32.109388 6.364786 -6.116328 -38.306469 0.000000 0.000000 0.000000 3.343855 -27.341706 -113.529136 25.592044 57.391007 29.716289 -36.240172 -2.332763 0.099566 0.000000 0.000000 0.000000 6.479871 -16.981596 106.409583 -94.175138 56.345240 -68.397059 -28.097938 0.534590 -3.868301 0.000000 0.000000 0.000000 
0.463295 0.937401 -0.214940 179.477618 10.350224 175.264032 -4.414733 -7.822137 10.944396 -2.048328 -5.320739 -0.475203 70.742461 -32.030132 12.247258 0.000000 0.000000 0.000000 3.163878 -16.546970 -22.291579 -2.486531 -7.431583 7.088768 19.958558 -9.070477 17.463528 0.000000 0.000000 0.000000 -6.116320 -11.691551 28.550220 -4.836685 -2.661931 -27.713611 6.250151 13.371285 30.185129 6.713851 -7.325018 -36.502655 0.000000 0.000000 0.000000 4.210551 -27.397576 -112.206949 26.110691 58.246990 29.693650 -35.560889 -2.308452 -0.578714 0.000000 0.000000 0.000000 8.266710 -17.777545 101.830736 -91.731212 60.617692 -70.658238 -27.124840 3.504785 -4.429783 0.000000 0.000000 0.000000 
0.477191 0.932857 -0.249322 178.722290 10.020598 175.505173 -5.431730 -9.095574 13.107951 -1.854300 -5.000803 -0.612061 71.043859 -31.412558 12.886089 0.000000 0.000000 0.000000 3.093986 -16.680031 -22.374947 -2.364515 -6.726980 6.016507 27.737524 -9.931031 16.634399 0.000000 0.000000 0.000000 -4.750409 -11.515989 28.132996 -4.922833 -2.732148 -29.158695 4.706106 12.563715 30.944540 9.112752 -5.306130 -36.468208 0.000000 0.000000 0.000000 5.154192 -28.007999 -110.234205 25.616146 59.259706 28.891496 -34.484654 -2.621435 -1.102056 0.000000 0.000000 0.000000 10.708552 -18.367232 99.816041 -89.773630 62.149066 -72.752070 -25.371554 4.972940 -4.593742 0.000000 0.000000 0.000000 
0.493481 0.928710 -0.285618 178.019206 10.974399 175.640071 -6.011770 -9.668469 14.224160 -2.627213 -4.939744 1.423155 68.989247 -29.907745 15.234523 0.000000 0.000000 0.000000 3.790240 -15.645869 -22.414367 -5.075382 -7.060300 8.801073 35.184071 -10.539738 14.462332 0.000000 0.000000 0.000000 -3.536534 -10.255406 26.679331 -5.501859 -3.194678 -28.025313 4.229104 11.826189 29.737201 8.668587 -6.460809 -35.095411 0.000000 0.000000 0.000000 4.037236 -28.514055 -106.119859 21.547180 60.063962 25.973685 -33.160509 -2.527576 -1.243054 0.000000 0.000000 0.000000 14.075687 -17.703420 96.082291 -81.681341 65.803168 -71.806888 -24.208396 7.251762 -4.938552 0.000000 0.000000 0.000000 
0.511923 0.925515 -0.322785 177.526945 11.227762 175.777412 -6.050371 -10.195469 14.944026 -3.627538 -5.192186 4.138438 64.938339 -28.342162 17.950081 0.000000 0.000000 0.000000 3.835164 -15.070244 -21.885017 -7.061556 -8.801956 12.141768 41.226369 -10.180515 10.889170 0.000000 0.000000 0.000000 -2.385486 -9.436062 25.601241 -5.857254 -3.426956 -27.703920 3.921864 10.981192 29.935253 9.036963 -7.025269 -34.076185 0.000000 0.000000 0.000000 3.180650 -29.286166 -104.801384 23.143007 60.453986 27.464347 -32.518403 -2.142549 -1.334418 0.000000 0.000000 0.000000 14.754295 -16.799363 96.709573 -77.869257 65.760891 -69.370699 -23.773658 6.053601 -4.517912 0.000000 0.000000 0.000000 
0.531767 0.926415 -0.359011 177.528157 11.212017 176.766769 -4.221170 -9.172039 12.690236 -5.673571 -6.738309 9.958513 55.975321 -25.609279 21.372025 0.000000 0.000000 0.000000 4.122017 -14.488020 -21.690694 -8.349261 -10.861151 15.065518 47.590967 -9.078922 6.901325 0.000000 0.000000 0.000000 -0.916125 -8.811663 24.596978 -4.686547 -2.716062 -26.440713 2.306157 9.079953 28.954570 9.088059 -6.545497 -33.659354 0.000000 0.000000 0.000000 0.892428 -28.169580 -100.265278 18.443303 61.824591 24.342694 -32.651196 -2.596648 -1.227001 0.000000 0.000000 0.000000 18.299376 -16.559167 90.303241 -63.286201 68.746311 -61.067412 -21.072011 7.874407 -4.298915 0.000000 0.000000 0.000000 
0.551543 0.930232 -0.392921 177.898610 12.282667 176.687582 -1.812702 -6.435505 7.373870 -11.589972 -12.576263 22.396860 40.661569 -18.961782 32.717916 0.000000 0.000000 0.000000 4.151491 -11.971692 -19.368348 -8.588999 -12.417229 16.530483 51.323454 -8.699860 3.957123 0.000000 0.000000 0.000000 -0.867003 -8.576252 24.395269 -3.419060 -2.197456 -24.746434 1.696855 8.531682 27.851176 9.100447 -5.633565 -33.380871 0.000000 0.000000 0.000000 -2.012613 -28.192941 -93.292488 5.614281 62.379620 15.833353 -31.108508 -4.961622 -0.479519 0.000000 0.000000 0.000000 19.642182 -15.569133 83.596642 -45.393460 71.842036 -48.181647 -19.039503 10.138810 -4.338499 0.000000 0.000000 0.000000 
0.569405 0.935833 -0.425562 179.071961 13.576799 176.796654 1.595535 -5.268475 1.958522 -24.993191 -19.775095 35.181070 33.641946 -11.419218 46.315396 0.000000 0.000000 0.000000 4.902742 -8.910718 -16.591114 -8.066304 -13.573469 16.875840 52.423785 -8.844803 2.174003 0.000000 0.000000 0.000000 -0.757590 -9.303961 25.181559 -2.161407 -1.066862 -25.280658 2.381943 9.505253 27.604230 8.035668 -5.760720 -33.266329 0.000000 0.000000 0.000000 -4.237571 -29.073705 -89.556375 0.830833 61.982343 13.106665 -31.032430 -5.529204 0.059355 0.000000 0.000000 0.000000 19.218698 -15.908107 79.424223 -30.059838 72.905282 -35.060963 -16.528065 10.802156 -3.783203 0.000000 0.000000 0.000000 
0.584373 0.939316 -0.457511 178.984391 13.428224 176.382473 4.040494 -4.956443 -3.780433 -42.905014 -24.639184 47.117773 31.413050 -8.866536 61.352054 0.000000 0.000000 0.000000 3.884072 -7.317751 -12.825482 -6.185490 -14.107660 15.556777 55.217808 -9.527391 -1.302977 0.000000 0.000000 0.000000 -1.159681 -9.951301 25.920819 -1.506201 -0.709725 -25.336261 2.285235 9.251451 26.665548 6.685862 -6.895516 -32.542842 0.000000 0.000000 0.000000 -6.243796 -26.948522 -89.444211 0.717654 61.823324 13.378060 -33.231245 -5.065396 0.523353 0.000000 0.000000 0.000000 18.737497 -15.760347 76.805890 -17.958643 73.047545 -25.135429 -13.675920 12.747141 -3.627669 0.000000 0.000000 0.000000 
0.596560 0.943866 -0.488941 178.443071 13.655988 175.739998 5.370779 -5.192517 -8.340623 -50.193195 -25.960872 48.506429 31.679024 -19.843275 76.003849 0.000000 0.000000 0.000000 3.034722 -6.064619 -8.810123 -4.805882 -13.184098 13.353180 57.235014 -10.579217 -4.499361 0.000000 0.000000 0.000000 -2.332770 -10.427807 26.691573 -1.119146 -0.221554 -26.358314 3.159449 10.426990 27.060171 7.263480 -6.352139 -33.336805 0.000000 0.000000 0.000000 -6.717339 -27.107767 -91.610950 5.344811 61.986141 17.157197 -33.833783 -3.901045 0.624093 0.000000 0.000000 0.000000 18.150587 -16.498225 78.316198 -20.555549 72.470757 -26.708271 -12.877586 11.567823 -3.237210 0.000000 0.000000 0.000000 
0.606480 0.947928 -0.520228 178.138294 13.982450 175.306892 6.175715 -5.671838 -11.306704 -44.973997 -25.601733 41.734868 40.647526 -43.071190 81.186973 0.000000 0.000000 0.000000 2.675842 -5.364522 -5.661317 -4.416624 -12.528498 12.229516 59.047453 -11.169880 -6.439433 0.000000 0.000000 0.000000 -2.993223 -10.624695 27.044592 -0.659796 0.093368 -26.347818 3.250418 11.459556 26.485193 7.140763 -7.207096 -32.645487 0.000000 0.000000 0.000000 -6.155388 -26.155976 -92.453554 5.329581 63.004323 17.101821 -33.864186 -2.987421 0.260642 0.000000 0.000000 0.000000 18.175858 -17.185454 77.208685 -16.786236 72.175336 -23.611125 -11.309874 11.791271 -2.961405 0.000000 0.000000 0.000000 
0.614730 0.949455 -0.551767 177.542425 15.217112 174.771230 5.677130 -5.523397 -13.328018 -33.139756 -22.421540 32.036626 59.773859 -54.667531 64.561754 0.000000 0.000000 0.000000 1.713620 -5.474699 -2.257727 -3.614747 -11.465753 10.536731 61.329184 -10.780239 -7.664194 0.000000 0.000000 0.000000 -3.087488 -9.837328 26.345293 -1.067827 -0.062697 -26.169970 3.395196 11.826104 26.663482 6.376589 -7.512295 -32.225197 0.000000 0.000000 0.000000 -6.755766 -26.273311 -91.435507 4.103210 62.848594 16.377529 -33.111860 -3.482233 0.338061 0.000000 0.000000 0.000000 18.429672 -17.376521 75.823280 -13.220391 71.880546 -20.629239 -10.455351 12.034139 -2.813266 0.000000 0.000000 0.000000 
0.621835 0.949329 -0.583668 177.590917 15.334044 174.496727 5.324654 -5.635296 -14.803145 -20.974002 -17.041350 22.031516 68.641160 -55.394786 47.424481 0.000000 0.000000 0.000000 0.833509 -6.065477 0.850226 -2.535704 -11.548031 9.476234 64.212290 -10.332461 -8.509768 0.000000 0.000000 0.000000 -2.894759 -9.393601 25.818641 -1.247109 -0.140881 -26.199284 3.666090 11.449566 26.671948 5.108709 -8.419352 -31.966094 0.000000 0.000000 0.000000 -6.402430 -24.986971 -92.935256 5.567933 63.197192 17.274233 -31.982821 -3.019706 -0.014618 0.000000 0.000000 0.000000 18.399708 -17.938531 75.498488 -12.789448 71.521376 -19.781474 -9.165588 11.608598 -2.517412 0.000000 0.000000 0.000000 
0.628542 0.947057 -0.615581 177.517486 16.638053 174.369026 5.045118 -5.605173 -15.603170 -11.581866 -11.207003 11.437172 57.235480 -44.435225 41.032172 0.000000 0.000000 0.000000 0.255505 -6.732419 4.272784 -1.916109 -9.880218 7.116880 66.568770 -9.680259 -9.619720 0.000000 0.000000 0.000000 -2.839070 -8.086293 24.274247 -1.048689 -0.107899 -25.086858 3.349240 11.475578 26.787933 3.153430 -10.518600 -30.296972 0.000000 0.000000 0.000000 -6.564404 -24.418480 -92.203238 4.026981 63.151502 15.973210 -31.956425 -3.222941 -0.088910 0.000000 0.000000 0.000000 18.575081 -18.359791 73.593317 -7.972418 71.614514 -15.884669 -9.540994 12.724163 -2.704897 0.000000 0.000000 0.000000 
0.635071 0.944509 -0.647379 177.743684 18.342002 174.897849 5.103225 -5.586712 -15.919444 -5.579612 -7.904531 1.170396 36.537807 -29.807139 41.281892 0.000000 0.000000 0.000000 0.236435 -6.956021 6.029555 -2.336819 -8.931195 6.543827 68.092634 -8.727496 -9.631992 0.000000 0.000000 0.000000 -3.518918 -7.456745 23.645793 -0.963297 0.198352 -25.637116 3.986257 11.509371 27.262485 3.413344 -9.353515 -30.682204 0.000000 0.000000 0.000000 -6.959610 -23.898095 -91.023776 1.351367 62.577789 13.908734 -30.434769 -4.163040 -0.050671 0.000000 0.000000 0.000000 18.135984 -17.754828 72.590536 -5.081736 71.990306 -13.221367 -9.061153 12.643925 -2.600121 0.000000 0.000000 0.000000 
0.640813 0.939408 -0.679657 177.719667 19.240258 174.561658 4.825413 -5.353901 -15.838825 -3.062470 -7.276719 -3.553995 25.639233 -21.130018 35.938998 0.000000 0.000000 0.000000 -0.158805 -7.988713 9.111330 -3.024741 -7.274334 5.225134 71.132451 -7.832224 -11.024735 0.000000 0.000000 0.000000 -4.117784 -7.082524 23.203960 -0.881119 -0.084286 -23.951817 3.309587 12.399568 26.946551 4.465796 -8.347786 -30.306237 0.000000 0.000000 0.000000 -6.332760 -24.133759 -88.418819 -6.169534 61.786147 8.106216 -29.221212 -5.411471 -0.122597 0.000000 0.000000 0.000000 18.210289 -17.600040 70.152420 -0.252952 73.702983 -9.518097 -9.084476 13.094644 -2.676282 0.000000 0.000000 0.000000 
0.645363 0.934203 -0.713169 178.241620 20.849686 174.866321 4.720111 -5.108684 -15.571509 -1.392936 -6.150598 -4.148168 19.747451 -17.351792 33.047945 0.000000 0.000000 0.000000 -0.276391 -8.542998 10.890697 -3.937709 -6.542076 5.347605 72.944598 -6.685602 -10.649569 0.000000 0.000000 0.000000 -5.630878 -7.896865 24.519643 -1.615205 0.238141 -26.572280 5.148498 13.706491 29.157885 5.544782 -6.758444 -31.567416 0.000000 0.000000 0.000000 -6.045638 -25.440906 -87.254615 -9.034968 60.939497 6.314537 -27.329217 -7.334625 0.107858 0.000000 0.000000 0.000000 18.138540 -17.570852 71.140906 -6.177055 74.461640 -14.077565 -10.299029 13.222560 -2.972961 0.000000 0.000000 0.000000 
0.648076 0.928152 -0.748517 178.612479 23.173272 175.847579 4.963720 -5.413249 -16.708508 -0.951107 -4.812756 -0.530512 20.135751 -16.405268 32.318905 0.000000 0.000000 0.000000 -1.356051 -9.178563 11.838101 -4.297592 -6.155264 5.586579 74.167330 -5.169857 -8.692303 0.000000 0.000000 0.000000 -6.824006 -7.001050 23.459926 -1.479643 0.349150 -25.967250 4.290857 14.256511 29.336693 6.701093 -4.728687 -32.071094 0.000000 0.000000 0.000000 -5.780479 -25.400096 -82.190043 -19.034697 57.285230 -0.925062 -25.327388 -8.283276 -0.003119 0.000000 0.000000 0.000000 20.229161 -16.400052 69.325410 -4.935648 74.100570 -14.992441 -9.972038 13.619250 -3.076568 0.000000 0.000000 0.000000 
0.648690 0.923773 -0.785291 178.747900 24.522464 176.549124 4.852947 -5.557809 -17.518148 -2.123214 -4.984360 3.614185 27.694156 -18.352222 30.131170 0.000000 0.000000 0.000000 -2.066140 -9.599502 12.405314 -5.932167 -6.364194 7.485110 74.313616 -3.687741 -7.834182 0.000000 0.000000 0.000000 -7.801655 -6.963622 23.426614 -1.900452 0.369384 -27.131239 4.246069 15.369321 30.606796 7.915333 -3.118903 -33.007832 0.000000 0.000000 0.000000 -5.528125 -26.632625 -80.521548 -21.601486 56.190945 -2.312282 -23.732124 -9.364079 0.004443 0.000000 0.000000 0.000000 20.625669 -16.700756 68.817695 -7.162160 75.224185 -17.087588 -10.112321 13.645869 -3.108748 0.000000 0.000000 0.000000 
0.647289 0.922823 -0.822743 178.317651 26.325532 177.157350 4.734070 -5.651510 -18.220746 -4.908247 -6.309657 7.362787 34.987167 -18.573938 28.767907 0.000000 0.000000 0.000000 -3.070527 -9.374044 11.138891 -8.620407 -8.032622 11.826515 69.949913 -2.584415 -5.166534 0.000000 0.000000 0.000000 -8.343046 -6.591609 22.956557 -3.138238 -0.147883 -27.536082 4.228150 16.561523 30.658531 8.811497 -2.478221 -32.753928 0.000000 0.000000 0.000000 -5.518173 -27.531372 -77.544754 -24.923193 53.831732 -4.298783 -23.298761 -10.463916 0.060371 0.000000 0.000000 0.000000 21.385113 -16.256493 67.680803 -3.615167 76.361617 -15.086568 -11.144860 13.555499 -3.297386 0.000000 0.000000 0.000000 
0.644440 0.925480 -0.859659 177.927249 27.622508 176.977661 3.477146 -4.724753 -16.999307 -6.388360 -7.146378 9.214320 39.178960 -18.211892 27.404307 0.000000 0.000000 0.000000 -4.416025 -9.433063 9.351220 -12.991058 -12.557541 19.315970 64.866664 -0.990167 0.492600 0.000000 0.000000 0.000000 -9.158684 -6.644421 23.105353 -3.676601 -0.403815 -26.985251 3.543775 17.620810 30.170796 9.550065 -2.434716 -31.858823 0.000000 0.000000 0.000000 -5.925977 -28.319820 -73.275135 -29.496649 51.288059 -6.744336 -21.841631 -11.959452 0.040082 0.000000 0.000000 0.000000 22.303933 -15.156517 65.767657 0.150741 76.019676 -12.750710 -11.315539 14.999648 -3.612815 0.000000 0.000000 0.000000 
0.640883 0.930156 -0.895452 177.855325 27.389773 176.430467 2.281471 -3.722998 -15.054830 -7.893870 -8.101508 10.333679 41.212164 -17.780674 25.976269 0.000000 0.000000 0.000000 -5.997472 -10.056902 7.195481 -20.778089 -19.116194 29.489144 63.901402 -0.287620 10.581488 0.000000 0.000000 0.000000 -9.918090 -7.331237 24.089239 -4.006109 -0.617157 -28.197579 3.896528 18.462872 32.447482 10.242682 -1.050755 -33.441809 0.000000 0.000000 0.000000 -5.644481 -30.656180 -73.139217 -31.042518 49.474602 -6.365979 -19.767336 -12.529779 0.016355 0.000000 0.000000 0.000000 21.869219 -14.839460 67.928183 -13.004830 77.266465 -23.329409 -12.690712 15.634785 -4.129077 0.000000 0.000000 0.000000 
0.637624 0.933934 -0.928923 177.960882 27.923834 176.302066 1.407985 -2.918524 -13.104099 -8.816387 -8.574446 10.680999 42.853697 -17.056931 25.005111 0.000000 0.000000 0.000000 -6.485707 -10.080960 3.275255 -33.960727 -24.391556 41.722661 61.094927 0.639222 23.297791 0.000000 0.000000 0.000000 -10.030167 -6.905211 23.475809 -4.435379 -1.017333 -25.079839 2.929330 18.253593 29.533892 10.082946 -0.702801 -32.973441 0.000000 0.000000 0.000000 -6.565737 -31.355126 -68.810945 -32.933961 46.497052 -6.771440 -20.524207 -13.540830 0.291113 0.000000 0.000000 0.000000 22.431162 -13.148507 64.386767 1.429868 76.081360 -11.840839 -12.364860 18.648298 -4.531754 0.000000 0.000000 0.000000 
0.635649 0.938336 -0.959644 178.070360 28.100207 175.725607 0.085059 -2.011943 -10.531623 -8.313956 -8.309218 10.598426 42.994971 -16.466789 23.370421 0.000000 0.000000 0.000000 -6.581819 -10.561326 -0.827124 -46.970610 -26.890691 52.752854 58.929132 3.809935 32.131676 0.000000 0.000000 0.000000 -11.467600 -7.942931 24.886101 -3.607631 -0.318138 -26.576066 3.053234 18.118530 31.117458 10.316993 0.805842 -34.547186 0.000000 0.000000 0.000000 -6.731287 -33.846118 -66.223280 -34.330449 43.661607 -6.145392 -20.281410 -15.071140 0.621028 0.000000 0.000000 0.000000 21.733642 -13.557303 62.343760 8.801791 76.170163 -5.305089 -11.917738 21.607531 -4.802016 0.000000 0.000000 0.000000 
0.635529 0.941545 -0.987679 178.586134 27.328047 175.649039 -0.961651 -1.485916 -8.063909 -6.957983 -7.616765 9.826934 43.342197 -16.895023 20.917523 0.000000 0.000000 0.000000 -5.471788 -10.468980 -4.118198 -52.248812 -27.794233 57.959724 63.203576 7.187232 32.061041 0.000000 0.000000 0.000000 -11.560727 -8.828776 26.337969 -3.343589 -0.246903 -26.735148 2.271176 17.142585 30.210781 10.473434 1.136837 -34.431353 0.000000 0.000000 0.000000 -6.922586 -34.059548 -62.877522 -35.634029 38.988658 -5.796411 -20.879122 -15.484401 0.924562 0.000000 0.000000 0.000000 21.978642 -12.613681 60.153215 16.712969 75.174102 0.573219 -12.150080 22.937130 -4.998334 0.000000 0.000000 0.000000 
0.637073 0.944676 -1.013514 178.653370 27.304520 175.266758 -1.903696 -1.179278 -5.248009 -6.056777 -6.930396 8.483983 42.997860 -16.652745 19.613226 0.000000 0.000000 0.000000 -3.847187 -10.234056 -7.670484 -51.155109 -27.601192 57.511293 84.314698 8.596119 31.467489 0.000000 0.000000 0.000000 -12.338741 -9.811449 27.884751 -3.528412 -0.380844 -27.653203 2.735393 17.368646 30.799873 11.586719 2.064452 -35.078440 0.000000 0.000000 0.000000 -6.375456 -35.357953 -60.626215 -37.560173 35.448961 -5.496143 -19.737591 -18.126291 0.956498 0.000000 0.000000 0.000000 22.311060 -12.387302 59.503383 17.949750 75.530529 1.216950 -12.382683 23.841111 -5.196064 0.000000 0.000000 0.000000 
0.639990 0.947339 -1.038260 179.251418 27.086621 175.517498 -2.352468 -1.235756 -3.241792 -5.027380 -6.297707 7.744014 42.996286 -16.613410 18.502344 0.000000 0.000000 0.000000 -1.793589 -9.718686 -10.658798 -44.503606 -27.570795 53.517669 94.845603 9.114944 31.163798 0.000000 0.000000 0.000000 -12.268402 -9.923150 28.081449 -2.740092 0.059339 -27.724941 1.988914 16.504301 30.954995 11.511942 2.519080 -35.557456 0.000000 0.000000 0.000000 -6.126570 -35.559288 -58.819571 -38.366165 32.189569 -5.021198 -20.159319 -20.754173 1.202650 0.000000 0.000000 0.000000 22.695554 -12.134852 59.048987 21.591298 74.933329 3.284585 -12.471325 24.485126 -5.291883 0.000000 0.000000 0.000000 
0.644041 0.949030 -1.062594 179.393658 26.774952 175.506069 -3.355563 -1.281056 -1.225050 -3.652840 -5.551435 7.106387 42.896734 -16.677756 17.348318 0.000000 0.000000 0.000000 0.416155 -9.552295 -13.782377 -36.449243 -26.153006 47.105439 89.405205 9.547001 24.929357 0.000000 0.000000 0.000000 -12.200668 -10.296191 28.736921 -2.522372 0.130442 -27.987697 1.969512 15.857119 30.736672 11.226312 2.885392 -36.003133 0.000000 0.000000 0.000000 -5.549839 -36.281926 -57.277758 -40.039947 29.762383 -4.879578 -19.703797 -23.437006 1.133923 0.000000 0.000000 0.000000 23.141248 -12.258496 58.203388 25.726376 73.805512 5.636970 -11.601328 24.581491 -5.067052 0.000000 0.000000 0.000000 
0.649035 0.948923 -1.087408 179.225641 25.671899 175.150821 -4.216999 -1.736861 1.304170 -3.104023 -5.197662 6.028166 43.161123 -16.822509 16.176969 0.000000 0.000000 0.000000 2.683187 -9.728214 -16.847553 -29.812999 -23.619485 40.578126 68.819773 8.308573 16.296717 0.000000 0.000000 0.000000 -12.251867 -10.727204 29.238386 -1.612049 0.522765 -28.545003 1.048538 14.959602 31.356280 10.940826 2.389687 -35.694021 0.000000 0.000000 0.000000 -5.395180 -36.741126 -57.212770 -40.015955 27.299094 -3.821156 -20.181907 -26.058139 1.569054 0.000000 0.000000 0.000000 23.248446 -12.999619 58.299718 28.537614 73.264407 7.007054 -10.702641 24.138772 -4.777612 0.000000 0.000000 0.000000 
0.654825 0.948561 -1.112807 179.293786 25.144294 175.065803 -4.937376 -2.461045 3.972312 -2.410281 -4.677787 4.535298 43.192761 -16.441945 15.566352 0.000000 0.000000 0.000000 4.809891 -9.913478 -19.250749 -18.911026 -18.596267 30.123401 10.054292 0.444868 21.191340 0.000000 0.000000 0.000000 -11.834663 -10.717551 29.248883 -1.038628 0.803764 -28.214609 0.674334 13.482978 31.196190 10.207353 2.661640 -36.032707 0.000000 0.000000 0.000000 -4.782783 -36.492352 -55.484499 -42.237743 24.900037 -4.114788 -18.504020 -28.774574 0.919929 0.000000 0.000000 0.000000 23.726730 -13.559936 56.668480 33.526507 70.866031 9.623292 -9.900416 22.755510 -4.270589 0.000000 0.000000 0.000000 
0.661565 0.946806 -1.139506 179.411007 24.353721 175.233384 -5.994985 -3.361174 6.472535 -1.056782 -3.959406 3.166954 43.888264 -16.456897 14.644008 0.000000 0.000000 0.000000 5.835492 -9.909255 -20.155802 -8.894444 -13.482850 19.772781 -7.476465 -5.381908 29.481913 0.000000 0.000000 0.000000 -10.554490 -10.457467 28.799878 -0.285286 1.106291 -28.350031 -0.544214 11.583611 31.255360 10.566605 2.578455 -35.592997 0.000000 0.000000 0.000000 -5.011036 -36.826515 -54.734187 -42.717465 24.013904 -3.877484 -18.547137 -31.856401 0.949931 0.000000 0.000000 0.000000 23.608754 -14.298856 55.418039 39.354238 68.394053 12.744319 -8.475310 21.272904 -3.676464 0.000000 0.000000 0.000000 
0.669278 0.944039 -1.168299 179.089429 23.458256 175.370857 -6.794802 -4.191529 8.358292 -1.084753 -3.918596 2.782168 44.406427 -16.103341 14.189599 0.000000 0.000000 0.000000 6.062254 -10.165739 -20.576044 -5.088223 -10.837410 14.548596 11.039728 -3.233461 20.498921 0.000000 0.000000 0.000000 -8.582577 -9.916414 28.030317 -1.619187 0.354892 -27.142290 -0.342760 10.110183 29.304913 10.316508 1.905701 -34.602944 0.000000 0.000000 0.000000 -3.921661 -36.789188 -54.428862 -45.080282 24.626511 -5.489770 -18.640672 -33.043756 0.263725 0.000000 0.000000 0.000000 24.221651 -15.427136 53.839452 42.777147 65.623273 13.757128 -6.976303 18.683637 -2.990422 0.000000 0.000000 0.000000 
0.678259 0.939505 -1.199838 178.334336 22.130274 175.056778 -8.003560 -5.124075 10.315463 -1.250798 -3.928796 3.222960 44.847014 -15.667666 13.557500 0.000000 0.000000 0.000000 5.561235 -9.248315 -18.802015 -4.798872 -9.126295 12.011223 28.946855 -5.166285 13.798203 0.000000 0.000000 0.000000 -7.037256 -10.217490 28.191401 -1.339419 0.431350 -29.177328 -1.854240 9.740361 31.009139 11.935757 1.996524 -34.896261 0.000000 0.000000 0.000000 -3.005504 -36.859059 -55.034904 -46.410268 25.530123 -6.832150 -19.067089 -34.060308 -0.082873 0.000000 0.000000 0.000000 25.061544 -17.358345 55.165407 40.921037 66.488479 12.021456 -7.482032 15.952552 -2.662479 0.000000 0.000000 0.000000 
0.688105 0.934470 -1.232278 178.153252 20.555987 175.322841 -8.063819 -5.265077 10.323514 -2.001583 -4.522918 6.470491 45.465939 -15.562848 12.539228 0.000000 0.000000 0.000000 4.921013 -9.457971 -18.274281 -5.811679 -10.391954 13.860185 36.220894 -5.540614 9.786542 0.000000 0.000000 0.000000 -4.075330 -10.053975 27.464513 -2.892505 -0.581257 -28.925104 -1.268031 9.723608 30.813267 11.204829 1.189557 -34.704606 0.000000 0.000000 0.000000 -2.431402 -37.388187 -58.862389 -46.593982 28.951845 -7.947684 -22.603049 -33.042203 0.854414 0.000000 0.000000 0.000000 25.306682 -18.179330 57.806307 36.897787 67.802079 9.576171 -7.918054 12.603406 -2.204316 0.000000 0.000000 0.000000 
0.698786 0.932361 -1.263062 178.273330 19.238155 175.683686 -7.108783 -4.876813 9.128138 -4.452068 -6.484407 11.492220 45.957008 -15.422057 14.386755 0.000000 0.000000 0.000000 4.645781 -9.325686 -17.636396 -7.372230 -12.170409 16.406064 41.434847 -5.062661 5.710267 0.000000 0.000000 0.000000 -2.568859 -10.033164 27.011473 -2.345974 -0.327378 -28.617529 -1.538347 9.500468 31.078686 10.170260 0.884776 -35.510054 0.000000 0.000000 0.000000 -2.228883 -35.953994 -62.426525 -48.075093 32.901081 -10.161517 -24.304788 -31.476488 1.086933 0.000000 0.000000 0.000000 25.618980 -18.800053 59.906458 30.930026 68.653508 5.394025 -7.871821 11.064302 -1.982856 0.000000 0.000000 0.000000 
0.709283 0.933481 -1.290108 179.521804 18.844339 177.092881 -2.768744 -3.910373 4.585144 -13.178913 -12.235464 20.254349 42.583810 -12.621279 21.822527 0.000000 0.000000 0.000000 5.586468 -8.616381 -17.665289 -8.333750 -13.955753 18.453256 43.681601 -4.177578 4.481695 0.000000 0.000000 0.000000 -0.933944 -10.416048 26.818515 -2.521047 -0.416510 -29.058917 0.433129 10.566942 30.670198 8.235006 0.078847 -36.187590 0.000000 0.000000 0.000000 -2.626626 -34.951570 -68.044554 -45.674021 39.875292 -11.125572 -28.937970 -29.873660 2.496617 0.000000 0.000000 0.000000 24.163693 -19.512545 61.586336 26.285888 69.345714 4.123359 -7.700771 9.597245 -1.709995 0.000000 0.000000 0.000000 
0.718699 0.935320 -1.315233 179.444310 18.382485 177.558561 0.858059 -3.427248 -1.263263 -30.022087 -20.493769 31.686403 36.978097 -7.031443 39.097752 0.000000 0.000000 0.000000 4.420763 -8.574665 -16.259737 -7.304153 -15.334652 18.738549 46.164916 -3.764956 3.095127 0.000000 0.000000 0.000000 -0.306000 -10.365588 26.431881 -2.239090 -0.269619 -28.140796 0.549519 11.504949 29.263659 7.838357 0.281612 -37.256861 0.000000 0.000000 0.000000 -3.413469 -32.808937 -73.392326 -42.557661 45.846885 -10.902188 -31.872088 -26.118796 3.093105 0.000000 0.000000 0.000000 23.086722 -19.538379 62.634082 24.394460 69.823556 4.073013 -6.914524 10.739620 -1.894515 0.000000 0.000000 0.000000 
0.726365 0.936708 -1.339701 179.056716 16.452372 177.320931 3.359524 -3.980729 -6.026194 -43.228109 -25.066802 38.885667 40.983473 -11.435831 54.633954 0.000000 0.000000 0.000000 3.428580 -8.129547 -14.125585 -7.236887 -15.934742 18.619307 49.056933 -4.864498 -0.263087 0.000000 0.000000 0.000000 0.102819 -10.963753 26.628637 -2.744342 -0.651929 -28.665203 1.563150 12.742609 29.926968 8.798511 -0.563959 -36.945460 0.000000 0.000000 0.000000 -2.603482 -32.199189 -82.253159 -35.284887 53.282558 -8.147692 -35.332771 -21.207404 3.271836 0.000000 0.000000 0.000000 21.524754 -21.239665 67.707576 11.278536 73.128393 -3.778757 -7.987056 10.606354 -2.086450 0.000000 0.000000 0.000000 
0.732268 0.938271 -1.363621 178.797465 16.184615 177.365058 5.081837 -4.780106 -9.157280 -39.542015 -24.228848 35.041579 59.396703 -27.770788 53.178014 0.000000 0.000000 0.000000 2.604184 -7.629712 -12.070977 -6.443966 -15.829895 17.771119 50.831493 -5.273630 -2.388469 0.000000 0.000000 0.000000 0.045213 -10.176542 25.914172 -3.644251 -1.271846 -27.960082 2.564688 13.748250 29.754089 9.047017 -1.190014 -36.984427 0.000000 0.000000 0.000000 -1.575960 -31.709147 -88.005458 -27.639697 57.969823 -4.305780 -36.094070 -16.881409 2.484415 0.000000 0.000000 0.000000 20.921206 -22.134113 71.490557 -3.959328 74.423701 -14.931518 -8.842574 11.537998 -2.426797 0.000000 0.000000 0.000000 
0.736605 0.939663 -1.387707 178.312533 15.882310 177.000088 5.561681 -5.197450 -11.576828 -21.605370 -16.969554 21.342477 74.494879 -39.046683 34.311629 0.000000 0.000000 0.000000 1.596695 -7.478243 -10.024969 -6.322558 -15.974345 17.602086 53.253737 -5.387468 -4.037063 0.000000 0.000000 0.000000 -0.654307 -9.593931 25.549518 -3.560410 -1.270569 -27.764612 2.490857 13.691734 29.551649 9.214773 -1.588191 -36.829453 0.000000 0.000000 0.000000 -2.552128 -30.325965 -91.783951 -16.696281 59.650150 3.004142 -36.470566 -12.236188 2.116605 0.000000 0.000000 0.000000 19.715171 -21.391657 74.799137 -18.259818 74.491795 -25.371582 -10.339406 12.527420 -2.924435 0.000000 0.000000 0.000000 
0.739186 0.940509 -1.411309 177.862691 15.718806 177.176869 6.017741 -5.706799 -13.558323 -12.338807 -11.463205 10.522932 66.531774 -38.079858 27.541019 0.000000 0.000000 0.000000 -0.015770 -7.861948 -7.588564 -4.195957 -15.422033 15.492163 54.832329 -5.552570 -5.633819 0.000000 0.000000 0.000000 -1.214536 -8.979246 24.987448 -4.257483 -1.688512 -27.917682 3.412401 13.979849 29.324028 8.127104 -2.855517 -36.869663 0.000000 0.000000 0.000000 -1.470152 -28.446082 -97.669862 -4.093627 62.368226 11.062311 -36.322059 -7.973974 0.890350 0.000000 0.000000 0.000000 18.545413 -21.785224 78.636838 -34.815037 73.603680 -37.246623 -11.642228 12.177369 -3.091849 0.000000 0.000000 0.000000 
0.739847 0.940175 -1.434825 177.763291 16.675363 177.289434 6.118559 -5.805067 -14.185063 -8.575593 -9.285973 4.657168 51.054479 -34.114561 32.047890 0.000000 0.000000 0.000000 -0.708127 -7.665805 -5.478546 -3.333453 -14.240566 13.854532 55.997586 -5.422582 -6.966133 0.000000 0.000000 0.000000 -1.978691 -8.231458 24.365424 -4.250335 -1.578710 -27.814367 3.731223 14.698967 28.967252 7.495431 -4.112352 -35.964956 0.000000 0.000000 0.000000 -1.365372 -26.975759 -99.642855 3.562693 62.163262 15.742338 -34.965583 -3.522601 -0.223410 0.000000 0.000000 0.000000 17.985483 -21.428095 79.968321 -38.627328 72.337371 -39.112557 -12.876060 13.748651 -3.618521 0.000000 0.000000 0.000000 
0.738704 0.939808 -1.459183 177.717881 16.362600 176.643082 4.721745 -5.132519 -14.123859 -6.632080 -8.185857 4.203596 42.258059 -34.232349 39.325631 0.000000 0.000000 0.000000 -1.821855 -7.976997 -2.226349 -2.277142 -13.471227 12.042183 58.159540 -5.846816 -8.718451 0.000000 0.000000 0.000000 -2.810522 -8.213464 24.366189 -4.174190 -1.481019 -27.925619 3.611467 14.994965 29.307622 8.869684 -3.478002 -36.033486 0.000000 0.000000 0.000000 -0.000363 -26.570002 -102.163854 10.239750 63.199079 20.087330 -31.680560 -1.484005 -1.166760 0.000000 0.000000 0.000000 15.988700 -21.207649 82.824292 -48.494133 71.622490 -45.139413 -14.877364 13.941531 -4.041346 0.000000 0.000000 0.000000 
0.735914 0.937511 -1.485372 177.688050 18.380659 175.770886 3.299922 -4.016160 -12.530814 -5.649160 -7.374396 6.499682 47.984796 -35.842448 36.339725 0.000000 0.000000 0.000000 -2.800036 -8.316307 0.970128 -1.994378 -11.690116 10.329223 59.895507 -4.994962 -9.241985 0.000000 0.000000 0.000000 -3.902092 -7.479606 23.813178 -4.550088 -1.544872 -28.530870 4.630614 16.147382 30.685351 9.149320 -3.100200 -36.128058 0.000000 0.000000 0.000000 0.458246 -26.186295 -101.529287 12.805321 63.367373 21.162312 -28.923461 1.071383 -1.770700 0.000000 0.000000 0.000000 15.810514 -20.394420 84.136497 -51.091759 70.025974 -46.077483 -17.827191 15.564390 -4.982799 0.000000 0.000000 0.000000 
0.731703 0.934840 -1.512656 178.187575 19.731227 175.908458 2.326571 -3.418175 -11.881693 -4.699688 -6.947127 8.678268 54.555890 -37.930404 33.435605 0.000000 0.000000 0.000000 -2.963699 -8.302088 1.968612 -3.137017 -11.405953 11.135442 61.526729 -3.960130 -9.111059 0.000000 0.000000 0.000000 -4.295546 -6.215761 22.227846 -4.019992 -1.067683 -28.622161 3.421638 16.060889 30.920302 10.401413 -3.077784 -35.232014 0.000000 0.000000 0.000000 0.663178 -26.724461 -98.179989 13.147951 63.644149 20.268851 -27.154850 2.013179 -2.163446 0.000000 0.000000 0.000000 17.285497 -19.939938 83.313868 -49.179163 68.575295 -44.796525 -18.222079 17.671762 -5.567506 0.000000 0.000000 0.000000 
0.726157 0.933271 -1.538916 178.521360 20.469897 176.348871 2.284455 -3.272957 -11.341012 -6.161083 -7.741654 9.879587 59.619247 -39.358253 32.745911 0.000000 0.000000 0.000000 -3.497404 -8.650522 2.358863 -4.244729 -11.551621 12.267106 62.430590 -3.306955 -8.208496 0.000000 0.000000 0.000000 -4.484472 -5.071789 20.527713 -4.527481 -1.322045 -28.290172 3.216367 15.809329 30.727438 10.618971 -3.565969 -34.479084 0.000000 0.000000 0.000000 0.628917 -25.461638 -99.382072 20.891095 63.106933 25.236641 -27.262718 3.361249 -2.566689 0.000000 0.000000 0.000000 17.529856 -19.534760 84.029481 -50.945787 68.096203 -46.139213 -19.959211 18.865886 -6.267455 0.000000 0.000000 0.000000 
0.719717 0.933402 -1.562082 178.707744 20.424038 176.870818 1.730489 -2.986785 -10.738743 -6.851232 -8.192346 10.232706 63.388009 -40.649524 31.425339 0.000000 0.000000 0.000000 -3.857455 -8.952847 2.171925 -5.858660 -11.987171 13.859212 62.524575 -3.498578 -7.151165 0.000000 0.000000 0.000000 -4.334854 -4.326592 19.271540 -4.899892 -1.561687 -28.186867 2.891753 15.722161 30.620109 10.152455 -4.114267 -34.290873 0.000000 0.000000 0.000000 1.304347 -24.320208 -102.584809 30.351321 62.261930 31.603707 -26.906347 4.753644 -3.018564 0.000000 0.000000 0.000000 16.945259 -19.230560 86.692136 -56.631099 66.918324 -49.736955 -21.423532 18.639849 -6.640305 0.000000 0.000000 0.000000 
0.712459 0.935143 -1.581617 178.845017 20.265224 177.266343 1.172732 -2.710375 -10.030018 -7.428668 -8.544407 10.143386 65.172015 -41.193568 30.693741 0.000000 0.000000 0.000000 -4.352847 -9.374672 1.358446 -6.821009 -13.817216 16.287848 55.580075 -3.832524 -5.591390 0.000000 0.000000 0.000000 -4.868919 -4.079369 18.714999 -5.299248 -1.822064 -28.268378 3.422110 16.397230 30.716150 10.536689 -4.418378 -34.361408 0.000000 0.000000 0.000000 2.971687 -23.566503 -107.301074 39.804897 60.432504 37.557673 -28.221419 6.642072 -3.750716 0.000000 0.000000 0.000000 15.419810 -18.916357 91.585624 -65.359550 64.443793 -54.493718 -23.366737 17.349053 -6.969009 0.000000 0.000000 0.000000 
0.704837 0.937030 -1.597850 178.866935 19.410409 177.840273 -0.005175 -2.294944 -9.591850 -6.746408 -8.344906 9.714711 67.399441 -42.237240 28.231229 0.000000 0.000000 0.000000 -5.253943 -10.307239 0.486776 -7.008539 -15.889213 18.228362 48.203219 -4.452008 -3.799635 0.000000 0.000000 0.000000 -5.522040 -3.942052 18.304357 -5.136517 -1.784802 -28.366874 3.487050 16.696474 30.669393 9.979127 -5.207906 -34.646454 0.000000 0.000000 0.000000 5.453281 -21.529131 -114.694108 51.846299 56.619744 44.211171 -30.338698 9.547830 -5.111851 0.000000 0.000000 0.000000 13.213287 -18.719183 97.756873 -74.307502 60.827136 -58.260933 -25.289865 14.062758 -6.730368 0.000000 0.000000 0.000000 
0.697035 0.938718 -1.611582 178.933553 18.655320 177.917310 -1.071893 -1.896634 -8.589359 -6.008198 -8.048789 9.037952 68.990053 -42.671068 26.001095 0.000000 0.000000 0.000000 -5.887803 -11.169368 -0.836262 -8.390394 -19.015404 21.746517 39.226879 -4.682282 -1.138269 0.000000 0.000000 0.000000 -6.030356 -4.060563 18.346965 -5.080013 -1.759348 -28.756723 4.130206 17.524448 31.266413 10.380527 -5.132219 -35.333842 0.000000 0.000000 0.000000 7.854324 -19.456007 -123.861294 61.986884 51.289959 48.971359 -31.950556 13.115178 -6.628876 0.000000 0.000000 0.000000 9.268747 -18.364754 106.152158 -83.255455 54.910398 -58.287759 -27.652973 9.268964 -6.073024 0.000000 0.000000 0.000000 
0.689514 0.939763 -1.623252 179.190058 17.419678 178.238590 -1.811404 -1.687882 -7.778065 -5.321449 -7.774273 8.100768 71.244408 -43.403911 23.182802 0.000000 0.000000 0.000000 -6.436617 -12.306263 -2.771776 -10.921315 -22.578515 26.240546 32.527689 -4.180969 2.917794 0.000000 0.000000 0.000000 -5.784509 -4.166471 18.568606 -5.280756 -2.038984 -28.471015 4.403268 17.860963 30.913201 9.986483 -6.178213 -35.377757 0.000000 0.000000 0.000000 9.972899 -17.834318 -131.760844 68.270293 45.607184 50.220144 -33.897077 16.661678 -8.383251 0.000000 0.000000 0.000000 6.211793 -17.249916 114.692302 -88.757141 48.027292 -55.354040 -28.770503 3.031849 -4.856793 0.000000 0.000000 0.000000 
0.682529 0.939948 -1.633304 179.201397 15.959353 178.243147 -2.589111 -1.504741 -7.289004 -5.120407 -7.880917 8.061298 73.531840 -44.112312 20.624669 0.000000 0.000000 0.000000 -6.629343 -13.266331 -4.477462 -14.913038 -24.909717 30.574091 28.104491 -3.613607 6.971345 0.000000 0.000000 0.000000 -5.906165 -4.462597 19.005847 -5.563472 -2.389355 -28.248934 5.197683 18.596411 30.834385 10.033795 -8.231374 -34.648366 0.000000 0.000000 0.000000 12.301570 -16.597607 -141.836814 73.643281 38.322070 49.848543 -34.377418 21.490311 -10.325461 0.000000 0.000000 0.000000 1.199451 -15.160165 128.041592 -94.554643 36.293130 -46.108206 -28.394784 -6.357793 -3.007774 0.000000 0.000000 0.000000 
0.676489 0.938871 -1.642155 179.339621 14.297632 177.869865 -2.723225 -1.530317 -6.382353 -5.799691 -8.423599 8.001516 76.116488 -44.569805 18.459582 0.000000 0.000000 0.000000 -6.793297 -14.463001 -6.142995 -21.049673 -26.798834 35.739126 27.531391 -1.897644 13.648016 0.000000 0.000000 0.000000 -5.624460 -5.005525 19.957359 -6.088476 -3.006961 -28.076932 5.871823 19.064780 30.577876 8.380374 -11.535810 -33.661730 0.000000 0.000000 0.000000 14.093457 -14.832253 -151.045448 76.776519 31.579292 47.714450 -33.795781 26.938769 -12.104067 0.000000 0.000000 0.000000 -2.450987 -12.918844 139.448028 -97.213936 25.835921 -35.765582 -27.047975 -13.892239 -1.909931 0.000000 0.000000 0.000000 
0.671572 0.937882 -1.650020 179.401528 12.435394 177.697356 -3.049779 -1.538265 -5.751161 -6.000088 -8.760550 7.970912 79.174927 -45.206704 15.554667 0.000000 0.000000 0.000000 -6.129190 -14.628931 -7.347528 -25.471747 -27.485580 38.495930 22.847980 -1.860217 18.794125 0.000000 0.000000 0.000000 -5.703787 -5.509853 20.683042 -5.900717 -3.109372 -27.851802 6.140942 19.213680 30.430970 7.512717 -14.055389 -33.112956 0.000000 0.000000 0.000000 14.320153 -12.710692 -161.738205 78.767910 23.325814 44.643568 -30.874800 31.541528 -12.442088 0.000000 0.000000 0.000000 -6.529070 -9.387091 153.005681 -98.953617 12.903804 -21.180582 -22.174126 -22.546789 -1.568909 0.000000 0.000000 0.000000 
0.668099 0.936521 -1.656684 179.433235 10.854799 177.308418 -3.124308 -1.612949 -5.137662 -6.623097 -9.321857 8.315794 81.674661 -45.537779 13.550320 0.000000 0.000000 0.000000 -5.280442 -14.654846 -8.649523 -31.314309 -28.741177 42.632452 18.928046 -0.789296 22.724449 0.000000 0.000000 0.000000 -5.756342 -6.049770 21.489266 -5.771799 -3.316393 -27.306610 6.199365 19.354358 30.157072 7.012393 -16.023396 -32.573546 0.000000 0.000000 0.000000 14.520703 -12.114309 -167.807767 79.254915 19.409617 43.099261 -29.047896 33.821015 -12.323625 0.000000 0.000000 0.000000 -9.400756 -4.424148 165.264874 -99.506657 0.410580 -7.167899 -15.820633 -29.944971 -2.926434 0.000000 0.000000 0.000000 
0.666239 0.936843 -1.662138 179.461469 8.733132 176.598646 -3.466672 -1.624859 -4.626416 -6.554207 -9.644814 9.394415 82.850762 -45.534347 11.348713 0.000000 0.000000 0.000000 -4.981615 -14.998082 -9.106722 -31.277477 -28.561181 41.859949 86.551287 -7.258963 10.499806 0.000000 0.000000 0.000000 -6.641145 -7.138364 22.940090 -4.830596 -2.712756 -28.187629 6.194727 19.384849 31.792559 7.399130 -15.479969 -33.747017 0.000000 0.000000 0.000000 14.652513 -11.325852 -176.467522 80.170216 13.626287 40.751540 -26.014343 35.764370 -11.784189 0.000000 0.000000 0.000000 -12.449649 2.277936 -177.605386 -99.413768 -18.437061 13.917454 -0.769222 -35.518770 -8.195310 0.000000 0.000000 0.000000 
0.665792 0.936928 -1.666259 179.932075 7.599898 177.231346 -2.811037 -1.866697 -5.134249 -7.067920 -10.086589 9.631215 84.242086 -45.879601 10.213449 0.000000 0.000000 0.000000 -3.387116 -14.555853 -11.138636 -26.245369 -25.890455 36.312030 97.763871 -13.242620 6.030921 0.000000 0.000000 0.000000 -5.363657 -6.395707 21.952557 -6.644179 -5.907173 -22.994722 7.099341 20.941530 26.866156 4.000246 -22.695278 -30.291770 0.000000 0.000000 0.000000 16.418248 -14.259323 -176.510432 82.113524 14.751026 42.456868 -27.663388 33.866097 -12.833890 0.000000 0.000000 0.000000 -14.806610 7.038893 -169.604981 -100.571631 -27.272695 26.630875 10.275563 -35.778595 -12.572108 0.000000 0.000000 0.000000 
0.666535 0.935888 -1.668450 179.810603 4.923404 177.042669 -2.903489 -1.933800 -5.426798 -7.419845 -10.795711 10.719798 87.441744 -46.444232 6.839423 0.000000 0.000000 0.000000 -3.172639 -14.005836 -10.064840 -19.942612 -22.865175 29.625150 77.481479 -11.296155 2.398861 0.000000 0.000000 0.000000 -6.420956 -8.676788 24.735868 -5.940730 -4.392687 -26.556698 7.376613 20.673933 29.819269 6.186766 -21.669459 -31.668695 0.000000 0.000000 0.000000 14.382344 -8.316612 163.829647 83.695228 -1.308288 31.659310 -14.796560 38.919114 -9.421050 0.000000 0.000000 0.000000 -15.189548 14.102645 -148.997121 -97.780207 -52.513204 50.738314 26.014328 -28.278463 -16.772290 0.000000 0.000000 0.000000 
0.668548 0.934456 -1.668509 179.617670 4.582257 177.896763 -2.941823 -1.891102 -6.825167 -7.736191 -11.210073 11.544592 90.298187 -47.340059 5.391994 0.000000 0.000000 0.000000 -2.063904 -12.837992 -10.508080 -17.517392 -19.670565 25.627015 66.851864 -11.715947 0.267772 0.000000 0.000000 0.000000 -7.206925 -9.852580 26.248532 -6.618053 -5.486327 -26.265944 8.471400 24.131774 28.572904 7.507056 -22.418921 -31.238182 0.000000 0.000000 0.000000 13.477736 -7.522022 155.662361 84.310118 -7.253229 27.028973 -9.713572 38.564711 -7.896100 0.000000 0.000000 0.000000 -14.711633 17.981549 -138.651308 -94.764212 -67.042657 62.679046 31.093461 -19.796422 -15.590360 0.000000 0.000000 0.000000 
0.671582 0.932412 -1.666825 179.926243 3.105676 178.587112 -2.675255 -2.128323 -8.323473 -7.516473 -11.528815 12.751862 95.454534 -48.131634 1.786970 0.000000 0.000000 0.000000 -1.530142 -12.519704 -10.769130 -16.330489 -19.246462 24.391968 64.879830 -12.543019 -1.116334 0.000000 0.000000 0.000000 -7.070772 -10.437444 26.819924 -7.315138 -6.694329 -25.512747 9.365271 25.793266 27.921765 7.992147 -21.998764 -31.560517 0.000000 0.000000 0.000000 9.922069 -5.763166 141.974351 83.387109 -19.163074 16.719887 -0.034406 37.504532 -4.766895 0.000000 0.000000 0.000000 -12.861738 22.718107 -124.876560 -60.821470 -81.863875 45.925159 33.775293 -10.011759 -12.528140 0.000000 0.000000 0.000000 
0.675838 0.931531 -1.664897 -179.858346 2.436581 179.417394 -2.350864 -2.471981 -9.971914 -7.437352 -11.844983 13.885908 98.099736 -48.847987 0.295149 0.000000 0.000000 0.000000 -1.187114 -12.228145 -10.829367 -14.472758 -18.691314 22.874408 64.987420 -12.644627 -3.415963 0.000000 0.000000 0.000000 -7.150498 -10.862533 27.289088 -7.737766 -7.241600 -25.780039 10.665554 26.676379 28.674446 9.250849 -18.584229 -32.551907 0.000000 0.000000 0.000000 6.780279 -4.700398 132.386483 81.641907 -27.183562 8.358793 7.934279 35.425992 -2.363703 0.000000 0.000000 0.000000 -11.810654 24.769982 -118.176181 16.115270 -82.142921 -20.640518 33.112294 -4.460776 -10.065942 0.000000 0.000000 0.000000 
0.681157 0.931621 -1.663258 -179.822732 1.281465 -179.605107 -1.984717 -3.028928 -11.783768 -7.695378 -12.408973 14.960087 99.392022 -49.657185 -0.613395 0.000000 0.000000 0.000000 -1.110078 -12.134744 -10.648538 -11.966700 -17.902051 20.705038 64.638047 -13.098506 -6.056297 0.000000 0.000000 0.000000 -7.224926 -10.744842 27.120190 -7.255854 -7.099987 -25.309310 10.437444 26.482252 28.424029 14.818819 27.612890 -28.231751 0.000000 0.000000 0.000000 14.413779 -11.882418 161.708867 86.505063 2.793599 4.014211 1.597647 36.386121 -6.823355 0.000000 0.000000 0.000000 -15.783030 23.791418 -129.194576 -49.966564 -81.767709 49.182131 32.948544 -2.984561 -6.975851 0.000000 0.000000 0.000000 
0.686319 0.932192 -1.662818 -179.424785 0.506477 -178.803902 -1.466338 -3.474542 -12.598814 -6.813647 -11.928318 14.756646 101.010860 -49.696024 -2.520785 0.000000 0.000000 0.000000 -0.906824 -11.852361 -10.515035 -9.775911 -17.845445 19.222250 63.894080 -13.567912 -7.281542 0.000000 0.000000 0.000000 -6.861325 -10.635452 26.899328 -7.026567 -6.969892 -25.117025 10.350177 26.044670 28.463001 14.867624 29.089675 -28.416580 0.000000 0.000000 0.000000 12.363179 -8.897400 154.489706 86.574780 -4.127142 -3.751945 8.479533 33.845776 -4.177019 0.000000 0.000000 0.000000 -15.832217 23.780496 -128.313816 -41.942021 -81.314567 43.079355 33.100021 -2.491602 -6.273349 0.000000 0.000000 0.000000 
0.690380 0.932530 -1.663509 -179.378595 -0.395854 -177.946629 -4.159513 7.300016 -13.991782 9.067394 14.983609 16.218183 -97.083013 18.194457 -18.471090 0.000000 0.000000 0.000000 -3.094509 6.348869 -7.497636 8.243887 10.812690 10.611146 -129.902586 66.367793 -6.942102 0.000000 0.000000 0.000000 3.950730 10.919759 27.298179 -5.425909 2.001997 -22.996021 -5.192034 -3.789494 26.267076 15.913115 33.727191 -26.420105 0.000000 0.000000 0.000000 12.666044 -8.511591 158.067636 87.120328 -2.058536 -7.795562 10.379033 33.090564 -4.376923 0.000000 0.000000 0.000000 -18.108482 20.057528 -140.305606 -81.715837 -70.179434 80.796662 34.121213 -4.896747 -6.569492 0.000000 0.000000 0.000000 
0.692599 0.932980 -1.665131 -179.341716 -1.180924 -177.649762 -4.129976 6.997432 -13.603771 8.425965 13.586169 14.811649 -96.045227 17.966057 -18.985088 0.000000 0.000000 0.000000 -2.943149 6.195997 -7.130478 8.151711 10.614144 9.675088 -129.486725 66.595113 -6.410515 0.000000 0.000000 0.000000 3.431911 10.550717 26.764232 -4.715338 2.093973 -22.916010 -5.237623 -3.806041 25.814836 16.016103 32.958299 -25.500023 0.000000 0.000000 0.000000 9.125332 -3.789161 147.937012 86.917921 -12.771234 -17.282755 16.720474 27.384501 -2.154281 0.000000 0.000000 0.000000 -17.178145 19.917970 -137.760315 -78.545664 -69.553714 75.959939 34.708957 -6.108692 -7.066136 0.000000 0.000000 0.000000 
0.693129 0.933080 -1.667422 -179.286894 -2.280105 -177.029225 -4.114459 6.882091 -13.559821 7.701591 12.324189 13.468610 -94.818315 17.753674 -18.792516 0.000000 0.000000 0.000000 -3.048720 6.161433 -7.241484 8.538229 10.742657 9.047958 -127.954079 67.462745 -4.515304 0.000000 0.000000 0.000000 2.956106 9.958234 26.020477 -4.474717 1.593084 -23.714135 -4.884362 -3.626454 26.297740 15.428206 31.589287 -24.008770 0.000000 0.000000 0.000000 5.870944 0.489692 138.471567 85.855452 -22.548763 -25.673264 20.684645 21.382539 -1.310158 0.000000 0.000000 0.000000 -16.394472 20.260077 -134.465732 -76.414281 -68.754450 71.994890 36.486134 -6.666331 -7.813763 0.000000 0.000000 0.000000 
0.692154 0.933320 -1.670311 -179.131474 -3.332067 -176.822449 -3.648694 6.842217 -12.969081 6.534039 11.597781 12.195518 -93.808808 17.590376 -18.290365 0.000000 0.000000 0.000000 -3.281324 6.211829 -7.193535 9.483051 11.219780 8.957695 -122.957072 68.404907 0.408446 0.000000 0.000000 0.000000 2.755557 9.762301 25.807792 -3.886938 1.313260 -24.431604 -4.928398 -3.959467 26.449673 14.295257 30.289238 -23.486145 0.000000 0.000000 0.000000 2.848258 4.691708 129.418814 84.167237 -31.795436 -33.257566 23.122688 15.736654 -1.236437 0.000000 0.000000 0.000000 -15.232926 19.064970 -134.160278 -76.599148 -64.847620 69.062086 37.916722 -9.280467 -8.740856 0.000000 0.000000 0.000000 
0.689711 0.932668 -1.674147 -179.300705 -4.733398 -176.424769 -3.293081 6.833012 -12.622421 5.030641 11.501199 11.251673 -92.967125 17.427894 -16.910893 0.000000 0.000000 0.000000 -3.482815 6.131812 -8.152373 10.348182 11.678567 11.719486 -122.407689 67.373221 2.268567 0.000000 0.000000 0.000000 2.531543 9.135156 25.176099 -3.855820 0.966108 -25.020348 -4.758318 -4.108917 26.941530 13.257723 28.269521 -23.711537 0.000000 0.000000 0.000000 0.259943 6.629628 122.295937 81.089130 -39.151243 -38.383523 24.678490 11.098306 -1.619034 0.000000 0.000000 0.000000 -13.713756 18.121780 -132.158615 -77.049230 -63.299460 68.058325 37.736100 -9.395173 -8.740535 0.000000 0.000000 0.000000 
0.685698 0.931285 -1.679849 -179.624668 -5.860573 -177.048406 -2.835021 6.233839 -10.938685 3.375475 11.959336 10.410793 -94.213956 17.158784 -16.859030 0.000000 0.000000 0.000000 -4.499257 6.592150 -9.168059 14.011539 13.849659 16.554293 -112.612979 68.008235 13.502671 0.000000 0.000000 0.000000 2.509265 9.204742 25.315573 -3.277490 0.868576 -25.548357 -5.497441 -4.864986 27.845672 12.275112 27.120332 -23.868888 0.000000 0.000000 0.000000 -0.923003 8.198341 118.904668 79.485498 -42.559015 -40.339437 25.464897 9.068359 -1.807212 0.000000 0.000000 0.000000 -13.018752 17.278637 -132.806232 -80.399427 -59.733178 68.621255 37.382689 -10.258447 -8.998996 0.000000 0.000000 0.000000 
0.680767 0.928121 -1.687953 -179.602391 -7.827128 -178.533414 -2.247285 5.745068 -8.848128 2.700518 12.807545 10.736717 -98.179136 16.467407 -16.486127 0.000000 0.000000 0.000000 -5.626705 7.024135 -9.887485 21.645608 17.849156 23.555109 -89.751842 65.444139 37.619346 0.000000 0.000000 0.000000 2.625144 9.563272 25.884739 -2.439508 0.702925 -26.621951 -5.825817 -6.240474 29.811193 11.189399 25.115274 -24.567717 0.000000 0.000000 0.000000 -3.144884 9.128953 112.866548 76.056014 -47.640803 -42.959826 26.372784 5.092286 -2.490233 0.000000 0.000000 0.000000 -12.476892 16.254446 -129.431455 -81.369962 -60.260977 68.393849 37.068831 -9.447930 -9.026832 0.000000 0.000000 0.000000 
0.675959 0.925615 -1.699000 -179.417884 -8.740638 -179.612804 -1.490933 5.741223 -6.960761 2.056187 13.808156 11.038500 -102.188953 16.027590 -16.347562 0.000000 0.000000 0.000000 -7.271404 7.948083 -11.967249 34.148125 22.967424 32.153932 -64.549277 56.908735 63.194924 0.000000 0.000000 0.000000 1.920792 8.702288 24.849742 -0.676816 1.666724 -25.396962 -6.690533 -6.718869 29.081319 11.317098 25.227753 -23.598537 0.000000 0.000000 0.000000 -3.838495 9.883045 112.258404 74.564658 -48.517707 -42.888556 27.171067 3.219690 -2.960003 0.000000 0.000000 0.000000 -13.401919 15.731908 -129.961169 -87.574229 -56.019628 68.967783 36.938121 -11.147770 -10.185564 0.000000 0.000000 0.000000 
0.671933 0.923873 -1.712769 -179.232983 -9.538920 179.163337 -1.032369 5.747580 -5.421130 2.679248 15.146709 12.582679 -106.636482 16.094187 -15.910361 0.000000 0.000000 0.000000 -8.275351 8.590746 -13.762980 44.942773 26.102497 38.265063 -43.742651 56.127486 87.913559 0.000000 0.000000 0.000000 2.079646 8.311336 24.522309 -0.141134 1.732313 -25.554355 -6.482070 -7.818238 29.414711 9.944737 25.140457 -22.515204 0.000000 0.000000 0.000000 -3.697562 10.586622 112.614148 76.112647 -48.866271 -44.334374 29.176706 2.041191 -3.464607 0.000000 0.000000 0.000000 -15.097467 12.840685 -132.742852 -92.775985 -49.735399 65.886808 35.178166 -15.470734 -11.757996 0.000000 0.000000 0.000000 
0.669703 0.923939 -1.728544 -179.259199 -9.914263 178.333223 -0.877775 5.422902 -3.044694 2.396507 14.652211 11.801540 -109.373338 15.900394 -17.441627 0.000000 0.000000 0.000000 -8.204763 8.590812 -14.504034 41.666055 25.400457 35.253038 -10.191984 67.636006 124.457909 0.000000 0.000000 0.000000 2.390418 7.576106 23.789571 0.363556 2.126171 -24.643337 -6.948830 -8.688646 28.555803 10.184627 26.470139 -20.859177 0.000000 0.000000 0.000000 -3.182713 10.761315 115.914515 78.076771 -46.553114 -43.858691 31.035314 3.276359 -3.500342 0.000000 0.000000 0.000000 -16.769202 10.048117 -137.904779 -96.777879 -40.856975 59.852701 31.902919 -20.647090 -12.888171 0.000000 0.000000 0.000000 
0.669601 0.925252 -1.745616 -178.919776 -10.306742 177.356646 0.367696 6.217316 -0.246208 1.419908 14.230680 10.583473 -110.137606 16.461256 -17.166044 0.000000 0.000000 0.000000 -7.505878 8.312154 -15.760774 32.881071 22.836170 27.797556 23.940917 71.378983 157.341690 0.000000 0.000000 0.000000 3.137613 7.734133 24.386643 1.086177 2.274514 -25.536138 -7.480434 -10.445472 28.601306 9.684310 27.220757 -20.580983 0.000000 0.000000 0.000000 -1.928158 11.526886 120.196936 81.874669 -42.658306 -42.692364 32.879042 4.937042 -3.371672 0.000000 0.000000 0.000000 -17.785248 4.512124 -148.281794 -98.551950 -26.718772 47.838659 25.535043 -26.978378 -12.809382 0.000000 0.000000 0.000000 
0.671966 0.925625 -1.764177 -178.929137 -9.815940 177.706951 0.986980 6.785074 1.417814 0.647455 13.450787 9.045530 -110.764103 16.353468 -18.108886 0.000000 0.000000 0.000000 -6.957600 8.331930 -16.900203 24.630245 19.503502 20.178013 41.515100 87.653105 177.853985 0.000000 0.000000 0.000000 3.096891 7.129409 23.605271 0.903382 2.102368 -25.955173 -6.949242 -11.646663 28.839893 8.145870 27.104515 -21.192848 0.000000 0.000000 0.000000 1.448183 10.850621 131.529257 87.052951 -33.224292 -36.520636 35.615708 13.132458 -1.654798 0.000000 0.000000 0.000000 -19.135733 0.072469 -159.628782 -100.116990 -12.581696 33.558276 16.754239 -30.898346 -10.937723 0.000000 0.000000 0.000000 
0.676775 0.925045 -1.784726 -179.037290 -8.764238 178.431553 1.047957 6.922451 2.023961 1.119736 13.042107 8.949072 -112.766781 15.763606 -20.037563 0.000000 0.000000 0.000000 -5.536042 7.932650 -17.634403 19.695104 17.283059 16.880813 -130.467312 75.779334 3.619650 0.000000 0.000000 0.000000 3.473124 6.636575 23.121128 1.229974 2.515068 -25.347153 -7.416913 -12.350940 26.948626 8.114001 29.068097 -20.237604 0.000000 0.000000 0.000000 7.083355 7.476571 148.280705 91.712231 -18.997621 -23.057126 32.416269 25.854397 0.534544 0.000000 0.000000 0.000000 -17.971466 -6.926534 -177.310366 -100.408112 6.783728 13.691158 3.192784 -31.306495 -6.251125 0.000000 0.000000 0.000000 
0.684139 0.922659 -1.809020 -179.507395 -9.075452 178.795638 0.693991 6.583085 1.968139 3.108624 13.494882 11.139806 -115.734620 15.592873 -20.523030 0.000000 0.000000 0.000000 -3.571801 6.670397 -16.711042 15.984597 15.344695 16.879934 -127.043467 67.079566 4.238886 0.000000 0.000000 0.000000 4.516821 6.669452 23.522941 0.435699 1.694682 -27.526369 -8.093508 -13.654253 28.897445 6.252319 27.855963 -22.441876 0.000000 0.000000 0.000000 10.611812 3.182915 163.416646 92.934411 -4.306844 -8.099240 24.371329 38.159144 0.111597 0.000000 0.000000 0.000000 -14.698190 -13.139299 166.569984 -99.296102 23.106219 -3.303372 -5.570450 -28.901287 -3.301667 0.000000 0.000000 0.000000 
0.693737 0.920084 -1.837181 179.809995 -7.816210 179.447781 0.560902 6.497450 1.366217 5.367319 16.080564 14.795345 -117.397818 16.768389 -19.967110 0.000000 0.000000 0.000000 -2.809893 6.244137 -16.128608 15.969864 15.669887 18.122331 -141.091066 67.855832 -6.665787 0.000000 0.000000 0.000000 3.480872 5.899010 22.216926 2.131280 3.211135 -25.479616 -8.892062 -13.344331 26.737970 7.543578 30.404134 -20.227349 0.000000 0.000000 0.000000 12.155425 -0.456023 175.698542 92.260577 7.852885 4.225244 11.419787 42.418175 -4.466687 0.000000 0.000000 0.000000 -11.413516 -14.592089 155.104463 -97.158678 33.830289 -13.401467 -9.001180 -25.795701 -2.282924 0.000000 0.000000 0.000000 
0.705153 0.916869 -1.867949 179.980846 -6.214294 179.490703 1.767016 7.772849 -2.003369 14.952415 24.878498 27.153019 -114.745381 23.572086 -10.347238 0.000000 0.000000 0.000000 -1.280810 5.541824 -15.636358 17.826581 17.453702 20.930259 -158.746326 68.174184 -19.178902 0.000000 0.000000 0.000000 3.648904 5.345787 21.529107 1.894913 3.347071 -25.184394 -7.515776 -11.929206 26.022973 6.402227 30.970986 -19.608792 0.000000 0.000000 0.000000 11.037678 -0.044965 177.518351 91.251498 8.518953 3.098463 11.575054 41.087350 -4.338925 0.000000 0.000000 0.000000 -10.760373 -14.654391 152.326922 -95.342053 36.227956 -15.058594 -10.559983 -23.894499 -1.672063 0.000000 0.000000 0.000000 
0.717221 0.915001 -1.899870 -179.864557 -5.087907 179.005370 2.684518 10.830409 -8.310749 43.508896 34.099334 52.788977 -94.958601 23.224543 13.144059 0.000000 0.000000 0.000000 -0.029858 4.554485 -13.583213 19.346825 18.750337 22.174681 -168.275928 67.242731 -25.281104 0.000000 0.000000 0.000000 3.841374 5.444752 21.641182 2.466411 3.556309 -25.882727 -7.204782 -10.703984 25.931809 6.980851 32.031572 -18.904291 0.000000 0.000000 0.000000 10.346989 -1.158579 -178.120001 90.879846 11.529194 4.125109 8.748357 39.664978 -5.432785 0.000000 0.000000 0.000000 -11.678028 -14.681206 151.786938 -94.991066 36.550458 -16.493048 -13.065933 -23.095699 -1.080410 0.000000 0.000000 0.000000 
0.728358 0.914966 -1.932304 179.795857 -4.085855 178.362039 1.298468 13.759004 -14.728642 65.437326 32.910491 68.306268 -84.483685 14.988911 26.229619 0.000000 0.000000 0.000000 1.257650 3.537347 -10.412796 17.605396 18.096915 21.819671 -173.453325 63.502773 -28.281770 0.000000 0.000000 0.000000 3.462644 5.914935 22.003347 2.517827 3.568186 -26.019485 -6.831719 -9.804605 25.659963 7.469470 31.536463 -20.096384 0.000000 0.000000 0.000000 8.837158 0.626315 179.260921 90.970814 8.011705 -1.001799 11.906626 35.705776 -4.244757 0.000000 0.000000 0.000000 -12.932509 -12.067984 155.427992 -95.459231 31.645983 -10.540425 -11.704066 -24.546539 -1.227685 0.000000 0.000000 0.000000 
0.737865 0.919483 -1.964964 178.911991 -3.196676 178.121409 -2.538801 14.429105 -20.124686 49.993950 34.001488 58.870119 -69.402657 -1.411691 12.980711 0.000000 0.000000 0.000000 2.093048 3.085389 -7.549306 14.383590 16.458053 21.035184 -169.763554 59.948484 -26.029951 0.000000 0.000000 0.000000 2.259113 5.554393 21.102607 2.549778 4.106858 -24.631835 -7.112918 -8.241703 24.890802 11.083400 33.751026 -18.380262 0.000000 0.000000 0.000000 9.589294 -2.228984 -177.005203 89.864469 10.340090 1.803490 7.882172 35.120959 -5.345912 0.000000 0.000000 0.000000 -11.894109 -11.411108 155.032645 -94.706371 30.173840 -6.906461 -11.085547 -26.505906 -1.285495 0.000000 0.000000 0.000000 
0.746190 0.925453 -1.997679 178.478152 -1.930805 177.769587 -5.787567 14.744150 -23.465400 22.967472 29.917046 37.195769 -58.142123 4.446551 5.535073 0.000000 0.000000 0.000000 2.826608 3.127488 -4.273660 11.818499 14.922969 19.421639 -161.455104 57.111044 -21.882149 0.000000 0.000000 0.000000 1.740051 6.209830 21.625566 1.720767 3.241388 -26.046076 -5.839648 -6.078483 25.369243 11.387586 35.034183 -16.996354 0.000000 0.000000 0.000000 9.082987 1.258292 174.840052 90.346307 1.837057 -6.269696 14.581788 30.103182 -3.023575 0.000000 0.000000 0.000000 -14.315877 -10.780947 160.884406 -96.278152 22.891117 -0.526257 -9.774635 -28.606728 -1.579556 0.000000 0.000000 0.000000 
0.753768 0.928935 -2.031162 177.888070 -3.292694 177.558243 -7.907534 11.853036 -22.714376 9.336660 22.269158 22.693944 -45.670088 11.117667 7.669798 0.000000 0.000000 0.000000 3.321268 3.393556 -1.648296 11.093777 14.118657 19.256546 -148.088948 57.371027 -12.552027 0.000000 0.000000 0.000000 0.466718 6.065853 20.872549 1.813686 3.213012 -25.440636 -6.151363 -5.310478 26.081102 11.990958 32.309421 -19.060567 0.000000 0.000000 0.000000 7.297403 6.169816 157.950784 90.519557 -14.173537 -19.980652 20.521151 22.901216 -1.565060 0.000000 0.000000 0.000000 -17.117432 -7.202691 175.220454 -97.641884 8.484961 13.421417 -1.461665 -34.506943 -4.743860 0.000000 0.000000 0.000000 
0.761171 0.929076 -2.066541 177.815197 -3.206487 176.820091 -8.238347 8.344251 -19.223203 7.243414 17.872301 17.484949 -46.395602 16.050321 3.653896 0.000000 0.000000 0.000000 3.807625 3.739614 0.089736 13.690054 15.858756 22.509876 -132.365782 57.352036 -0.257737 0.000000 0.000000 0.000000 -0.600149 6.407559 20.577497 0.963505 2.647418 -25.374919 -5.167696 -4.440089 26.648098 11.326353 30.692771 -19.880138 0.000000 0.000000 0.000000 6.698485 7.690391 149.906643 90.125692 -21.028096 -25.240664 20.838116 18.457840 -1.571494 0.000000 0.000000 0.000000 -18.075681 -2.324374 -174.130628 -98.172078 -2.174522 25.193793 9.046878 -36.873301 -9.086967 0.000000 0.000000 0.000000 
0.768548 0.928386 -2.103960 178.075685 -2.990045 176.364625 -8.003047 7.287904 -17.598431 10.760937 18.714157 20.047322 -53.902265 16.261399 -1.514395 0.000000 0.000000 0.000000 2.120906 3.736250 -2.768639 29.423348 23.702010 33.974034 -87.738397 53.814733 36.898878 0.000000 0.000000 0.000000 -2.192316 7.372913 20.551926 2.066513 3.016390 -25.842615 -5.991419 -5.163356 27.833637 11.665415 31.472796 -19.903065 0.000000 0.000000 0.000000 10.054610 3.533054 160.069935 90.224581 -12.078323 -14.990046 17.338943 25.319378 -1.579207 0.000000 0.000000 0.000000 -17.716416 -3.257788 -177.746228 -98.961712 1.402576 21.846994 6.264544 -38.097398 -8.221327 0.000000 0.000000 0.000000 
0.775036 0.926043 -2.140239 178.246183 -3.224238 174.538524 -6.460108 5.777897 -13.668495 11.796453 20.678621 21.764981 -62.499829 15.760951 -6.818561 0.000000 0.000000 0.000000 -1.420085 4.934304 -6.967545 61.972527 30.783016 51.433621 -47.867061 30.291049 73.215011 0.000000 0.000000 0.000000 -2.614502 10.704541 23.681150 2.682637 3.437795 -26.949959 -7.029577 -10.738911 27.850094 13.667778 34.166930 -18.569276 0.000000 0.000000 0.000000 9.173408 4.781572 162.319334 88.529570 -9.108938 -13.190093 17.061733 24.942711 -1.591236 0.000000 0.000000 0.000000 -18.735790 -2.895527 179.452669 -100.635486 3.507162 18.465827 4.594595 -37.009550 -7.744550 0.000000 0.000000 0.000000 
0.780741 0.922773 -2.173508 178.982170 -1.491991 174.365807 -3.795200 6.590205 -11.078905 10.991295 22.653049 22.285661 -71.434373 14.197117 -11.554520 0.000000 0.000000 0.000000 -4.330584 7.050172 -13.284667 73.512189 32.002529 56.454278 -12.715880 -3.364754 73.336237 0.000000 0.000000 0.000000 -1.740414 9.105869 22.778850 2.527191 3.823050 -25.541441 -8.024541 -10.426225 26.096634 19.969518 41.911175 -11.420876 0.000000 0.000000 0.000000 13.536674 -2.858838 -171.296075 88.521798 14.031622 9.561109 -0.654724 35.241040 -7.065394 0.000000 0.000000 0.000000 -8.005837 -13.040248 143.507378 -95.480624 39.172505 -14.902507 -18.214633 -28.336193 0.413476 0.000000 0.000000 0.000000 
