HIERARCHY
ROOT Hips
{
	OFFSET -0.001795 -0.223333 0.028219
	CHANNELS 6 Xposition Yposition Zposition Zrotation Yrotation Xrotation 
	JOINT LeftUpLeg
	{
		OFFSET 0.069520 -0.091406 -0.006815
		CHANNELS 3 Zrotation Yrotation Xrotation
		JOINT LeftLeg
		{
			OFFSET 0.034277 -0.375199 -0.004496
			CHANNELS 3 Zrotation Yrotation Xrotation
			JOINT LeftFoot
			{
				OFFSET -0.013596 -0.397961 -0.043693
				CHANNELS 3 Zrotation Yrotation Xrotation
				JOINT LeftToe
				{
					OFFSET 0.026358 -0.055791 0.119288
					CHANNELS 3 Zrotation Yrotation Xrotation
					End Site
					{
						OFFSET 0.000000 0.000000 0.000000
					}
				}
			}
		}
	}
	JOINT RightUpLeg
	{
		OFFSET -0.067670 -0.090522 -0.004320
		CHANNELS 3 Zrotation Yrotation Xrotation
		JOINT RightLeg
		{
			OFFSET -0.038290 -0.382569 -0.008850
			CHANNELS 3 Zrotation Yrotation Xrotation
			JOINT RightFoot
			{
				OFFSET 0.015774 -0.398415 -0.042312
				CHANNELS 3 Zrotation Yrotation Xrotation
				JOINT RightToe
				{
					OFFSET -0.025372 -0.048144 0.123348
					CHANNELS 3 Zrotation Yrotation Xrotation
					End Site
					{
						OFFSET 0.000000 0.000000 0.000000
					}
				}
			}
		}
	}
	JOINT Spine
	{
		OFFSET -0.002533 0.108963 -0.026696
		CHANNELS 3 Zrotation Yrotation Xrotation
		JOINT Spine1
		{
			OFFSET 0.005487 0.135180 0.001092
			CHANNELS 3 Zrotation Yrotation Xrotation
			JOINT Spine2
			{
				OFFSET 0.001457 0.052922 0.025425
				CHANNELS 3 Zrotation Yrotation Xrotation
				JOINT Neck
				{
					OFFSET -0.002778 0.213870 -0.042857
					CHANNELS 3 Zrotation Yrotation Xrotation
					JOINT Head
					{
						OFFSET 0.005152 0.064970 0.051349
						CHANNELS 3 Zrotation Yrotation Xrotation
						End Site
						{
							OFFSET 0.000000 0.000000 0.000000
						}
					}
				}
				JOINT LeftShoulder
				{
					OFFSET 0.078845 0.121749 -0.034090
					CHANNELS 3 Zrotation Yrotation Xrotation
					JOINT LeftArm
					{
						OFFSET 0.090977 0.030469 -0.008868
						CHANNELS 3 Zrotation Yrotation Xrotation
						JOINT LeftForeArm
						{
							OFFSET 0.259612 -0.012772 -0.027456
							CHANNELS 3 Zrotation Yrotation Xrotation
							JOINT LeftHand
							{
								OFFSET 0.249234 0.008986 -0.001171
								CHANNELS 3 Zrotation Yrotation Xrotation
								End Site
								{
									OFFSET 0.000000 0.000000 0.000000
								}
							}
						}
					}
				}
				JOINT RightShoulder
				{
					OFFSET -0.081759 0.118833 -0.038615
					CHANNELS 3 Zrotation Yrotation Xrotation
					JOINT RightArm
					{
						OFFSET -0.096012 0.032551 -0.009143
						CHANNELS 3 Zrotation Yrotation Xrotation
						JOINT RightForeArm
						{
							OFFSET -0.253742 -0.013329 -0.021401
							CHANNELS 3 Zrotation Yrotation Xrotation
							JOINT RightHand
							{
								OFFSET -0.255298 0.007772 -0.005559
								CHANNELS 3 Zrotation Yrotation Xrotation
								End Site
								{
									OFFSET 0.000000 0.000000 0.000000
								}
							}
						}
					}
				}
			}
		}
	}
}
MOTION
Frames: 196
Frame Time: 0.050000
0.000000 0.939541 0.000000 3.795544 19.913917 10.775812 7.400255 -0.917926 -10.184711 -4.463711 0.217499 3.966731 8.504545 19.611616 14.821007 0.000000 0.000000 0.000000 -9.735124 -1.021531 -26.002770 2.940845 -0.928976 16.078067 0.649076 -0.163333 7.638501 0.000000 0.000000 0.000000 12.695298 -6.324568 26.316483 -1.407853 1.249245 -16.374471 4.061348 1.024290 24.075245 17.316313 -9.758604 -16.177447 0.000000 0.000000 0.000000 3.897820 -21.235873 6.861634 -37.481108 -13.428005 -2.323082 -59.553473 -62.961196 38.141780 0.000000 0.000000 0.000000 16.855464 17.842556 11.564612 44.383635 51.158702 13.495520 8.789851 42.896740 6.628820 0.000000 0.000000 0.000000 
0.000351 0.939416 0.000119 3.867049 20.431777 11.355126 7.381073 -0.994857 -11.302836 -3.719841 0.173794 2.786525 10.020206 21.979742 18.296833 0.000000 0.000000 0.000000 -9.871911 -1.173082 -26.835306 4.010633 -1.323054 16.847159 0.456927 -0.740796 8.617885 0.000000 0.000000 0.000000 12.519319 -6.345063 26.382776 0.258469 0.765440 -16.044466 3.464027 1.961418 23.691318 16.451670 -9.385854 -14.794650 0.000000 0.000000 0.000000 4.569802 -19.875260 6.457836 -36.824780 -12.667258 -2.519486 -65.964745 -64.412111 43.274700 0.000000 0.000000 0.000000 18.716262 17.017049 11.934828 45.777539 51.508926 14.216700 10.077764 48.451016 8.633079 0.000000 0.000000 0.000000 
0.000488 0.938097 -0.000006 3.105682 18.864612 10.879032 8.055780 -0.927886 -10.666915 -4.691219 0.263106 3.241750 10.059849 21.685739 15.940299 0.000000 0.000000 0.000000 -9.136253 -0.850232 -27.358467 3.596598 -1.212044 18.244030 0.698390 -0.029563 6.971021 0.000000 0.000000 0.000000 12.309376 -6.578365 28.051926 -0.791380 1.060674 -17.579830 5.743044 1.907227 23.809834 15.863290 -8.823109 -15.588370 0.000000 0.000000 0.000000 5.568225 -18.106522 5.946056 -38.973188 -13.766162 -2.413506 -67.034717 -62.929473 43.489616 0.000000 0.000000 0.000000 16.597861 15.842806 10.344612 49.265657 50.288264 15.468572 13.978339 49.944307 10.824574 0.000000 0.000000 0.000000 
0.000512 0.939796 -0.000209 2.997883 19.753865 10.543183 8.235119 -0.936243 -10.628527 -3.982981 0.194076 3.457230 11.127269 23.089804 17.041404 0.000000 0.000000 0.000000 -9.087241 -0.881802 -26.914738 3.192914 -1.139809 18.386960 2.209049 2.934392 7.798344 0.000000 0.000000 0.000000 12.698049 -7.119948 29.222302 -0.328676 0.936167 -17.362288 5.697213 1.698589 22.853813 14.882792 -8.491782 -14.097778 0.000000 0.000000 0.000000 7.112623 -17.287402 5.720880 -39.611880 -11.948233 -2.950902 -69.083310 -62.908351 44.879226 0.000000 0.000000 0.000000 16.896943 16.481845 10.710862 50.751258 50.829368 16.584694 14.326661 48.482372 10.492887 0.000000 0.000000 0.000000 
0.000549 0.938473 -0.000798 3.497312 20.020717 10.879807 7.742087 -0.949739 -10.756863 -4.164096 0.196925 3.907444 10.943754 22.861600 16.675139 0.000000 0.000000 0.000000 -9.330457 -0.968308 -26.912643 2.822225 -0.989583 17.706650 1.514180 1.388864 8.410510 0.000000 0.000000 0.000000 12.424818 -7.212904 29.751805 0.026447 0.856780 -18.240905 5.652099 1.776753 23.702529 15.085404 -8.487918 -14.600448 0.000000 0.000000 0.000000 7.050075 -17.376955 5.751581 -38.612731 -12.239436 -2.852421 -72.404567 -62.685033 47.040236 0.000000 0.000000 0.000000 16.461448 17.426085 11.195968 49.674758 51.736811 16.587719 14.411612 48.046722 10.372860 0.000000 0.000000 0.000000 
0.000527 0.939007 -0.001570 3.566311 20.956157 10.948429 8.004325 -0.982226 -11.014354 -4.257914 0.188820 4.167007 10.484869 22.369135 16.829850 0.000000 0.000000 0.000000 -9.393037 -1.096285 -27.040044 2.523647 -0.962789 17.995989 1.650542 1.838567 8.014086 0.000000 0.000000 0.000000 12.770515 -7.565271 30.153253 -0.340311 0.972363 -18.435464 6.088479 1.738034 23.969090 14.900621 -8.229282 -14.926838 0.000000 0.000000 0.000000 6.880520 -17.544772 5.811326 -37.982397 -12.970331 -2.656251 -73.825078 -63.413352 48.595577 0.000000 0.000000 0.000000 15.631214 17.299883 10.954578 49.759585 52.373096 17.111004 14.804652 48.557338 10.697574 0.000000 0.000000 0.000000 
0.000628 0.938323 -0.002494 3.908641 21.218790 11.363236 7.723196 -1.033466 -11.749847 -4.435976 0.188966 4.714336 10.348374 22.257480 16.781718 0.000000 0.000000 0.000000 -9.778220 -1.291555 -27.619782 2.490654 -0.974807 18.171207 1.361853 1.201074 8.294901 0.000000 0.000000 0.000000 12.806904 -7.690954 30.370653 -0.487753 1.017706 -18.727195 6.135760 1.689168 24.472308 14.893538 -8.128390 -15.251499 0.000000 0.000000 0.000000 7.154127 -17.146430 5.714533 -37.887639 -13.518028 -2.566167 -75.088629 -63.725058 49.811561 0.000000 0.000000 0.000000 15.526958 17.792806 11.244521 49.850941 53.457938 17.748663 14.210632 47.784012 10.221754 0.000000 0.000000 0.000000 
0.000741 0.938350 -0.003335 3.993001 21.686734 11.798982 7.390350 -1.098513 -12.533496 -4.315553 0.161934 5.125245 10.013622 21.831986 15.970431 0.000000 0.000000 0.000000 -9.853582 -1.439404 -28.327666 2.270323 -0.971020 18.806872 1.361281 1.357786 7.770490 0.000000 0.000000 0.000000 13.114280 -7.916671 30.474270 -0.904342 1.136552 -19.292154 6.527481 2.100452 24.863521 15.362295 -8.342776 -15.475328 0.000000 0.000000 0.000000 6.741823 -17.525297 5.841416 -37.361526 -13.709891 -2.525397 -74.166879 -64.450890 49.408792 0.000000 0.000000 0.000000 15.765648 17.535570 11.345711 49.652156 53.986341 17.926804 14.947044 47.543053 10.570456 0.000000 0.000000 0.000000 
0.000907 0.938253 -0.003849 4.187407 22.237880 12.097134 7.103486 -1.151091 -13.055937 -4.290541 0.143948 5.420732 9.793810 21.583545 15.678970 0.000000 0.000000 0.000000 -10.110457 -1.628494 -28.737315 2.157488 -0.984479 19.107125 1.495667 1.702110 7.628058 0.000000 0.000000 0.000000 13.381612 -8.037623 30.281340 -0.928484 1.151196 -18.858297 6.419579 2.474767 24.496544 15.588892 -8.488841 -15.221694 0.000000 0.000000 0.000000 6.165370 -17.513957 5.861373 -36.577152 -14.218347 -2.318636 -71.299017 -65.361875 47.621412 0.000000 0.000000 0.000000 16.033067 17.774978 11.715372 49.259882 54.608860 18.104877 13.590654 46.677867 9.751476 0.000000 0.000000 0.000000 
0.001066 0.938308 -0.003966 4.382837 22.786285 12.221232 6.746792 -1.183427 -13.285187 -4.190984 0.123126 5.543600 9.679340 21.433538 15.326617 0.000000 0.000000 0.000000 -10.354801 -1.784950 -28.837729 2.151358 -1.029911 19.335556 1.509749 1.725385 7.786316 0.000000 0.000000 0.000000 13.616306 -8.193030 30.271167 -1.147170 1.219048 -19.061350 6.624333 2.775751 24.660726 16.065927 -8.561403 -15.903681 0.000000 0.000000 0.000000 5.792816 -17.747526 5.934400 -35.858775 -14.422838 -2.238850 -69.070806 -65.964794 46.087848 0.000000 0.000000 0.000000 15.539639 17.876751 11.753842 49.629459 55.005150 18.631064 12.392448 46.208110 9.123441 0.000000 0.000000 0.000000 
0.001310 0.938087 -0.003901 4.475562 23.056913 12.176193 6.412159 -1.190646 -13.272769 -3.934199 0.092503 5.638162 9.673302 21.381963 14.925131 0.000000 0.000000 0.000000 -10.421241 -1.854837 -28.925612 2.210541 -1.071223 19.428561 1.601109 1.943132 7.704580 0.000000 0.000000 0.000000 13.612567 -8.232194 30.316413 -1.220263 1.244118 -19.016897 6.819848 3.009083 24.461180 16.300017 -8.639927 -16.006236 0.000000 0.000000 0.000000 5.960420 -17.850121 5.972964 -35.678885 -14.736068 -2.150731 -67.841083 -66.562071 45.429303 0.000000 0.000000 0.000000 14.983328 18.085223 11.759985 50.329306 55.154290 19.239392 11.914228 45.843323 8.823319 0.000000 0.000000 0.000000 
0.001624 0.937863 -0.003849 4.292744 23.149453 11.799115 6.323610 -1.177626 -13.129703 -3.662462 0.060332 5.816371 9.846049 21.576647 14.830707 0.000000 0.000000 0.000000 -10.317741 -1.812964 -28.664768 2.310953 -1.124197 19.567334 1.846168 2.420665 7.772013 0.000000 0.000000 0.000000 13.707707 -8.333414 30.532574 -1.252375 1.257005 -18.973485 6.930037 3.287128 24.273443 16.350445 -8.570368 -16.166261 0.000000 0.000000 0.000000 6.529575 -17.254261 5.830339 -35.500605 -15.123049 -2.070060 -67.252265 -66.330689 44.583929 0.000000 0.000000 0.000000 14.251082 18.270797 11.673128 51.699507 55.187592 20.174836 11.017183 45.402670 8.329604 0.000000 0.000000 0.000000 
0.002080 0.937805 -0.003934 4.156985 23.002715 11.623281 6.155735 -1.184397 -13.246842 -3.513792 0.036862 6.147908 10.000214 21.695244 14.279560 0.000000 0.000000 0.000000 -10.165155 -1.757668 -28.751197 2.183918 -1.105114 19.974691 2.085039 2.950513 7.522326 0.000000 0.000000 0.000000 13.655304 -8.304572 30.578407 -1.294537 1.264020 -18.964731 7.152231 3.612566 24.135068 16.345404 -8.290423 -16.852149 0.000000 0.000000 0.000000 7.434317 -17.208571 5.848469 -35.539946 -15.004407 -2.125956 -67.394583 -66.468253 44.608077 0.000000 0.000000 0.000000 13.734617 18.555161 11.694774 52.771326 55.207530 20.921520 10.458075 45.129933 8.016844 0.000000 0.000000 0.000000 
0.002646 0.937594 -0.004228 3.992999 22.728475 11.353571 6.161143 -1.186061 -13.369488 -3.440841 0.018405 6.570020 10.323400 22.078540 14.142407 0.000000 0.000000 0.000000 -10.101517 -1.721137 -28.886243 2.248700 -1.140673 20.380380 2.382795 3.542326 7.450747 0.000000 0.000000 0.000000 13.619930 -8.376072 30.974176 -1.359799 1.275947 -19.202924 7.348499 3.978267 23.903492 16.060083 -8.007876 -16.947332 0.000000 0.000000 0.000000 8.332183 -16.903439 5.803987 -35.532405 -14.850602 -2.183076 -68.210688 -66.146804 44.809328 0.000000 0.000000 0.000000 13.505620 18.776836 11.760946 53.224395 55.060573 21.165235 10.273980 44.903651 7.876617 0.000000 0.000000 0.000000 
0.003317 0.937874 -0.004642 3.749488 22.487743 11.080013 6.269816 -1.169152 -13.276099 -3.456749 0.014190 6.825683 10.419874 22.169287 14.003478 0.000000 0.000000 0.000000 -9.924220 -1.646557 -28.943942 2.239481 -1.150269 20.723820 2.518466 3.732113 7.662195 0.000000 0.000000 0.000000 13.691638 -8.458227 31.249659 -1.440360 1.291726 -19.141730 7.546202 4.190450 23.763528 15.867757 -7.835941 -16.978985 0.000000 0.000000 0.000000 9.250739 -16.569228 5.754143 -35.491903 -14.825099 -2.212084 -67.982604 -65.993680 44.405895 0.000000 0.000000 0.000000 13.221040 19.093417 11.827389 53.357148 55.315743 21.481766 10.538502 44.525578 7.864722 0.000000 0.000000 0.000000 
0.004014 0.938162 -0.005099 3.697237 22.307058 10.972894 6.400228 -1.155797 -13.198343 -3.703036 0.045949 6.763991 10.561042 22.350997 14.141319 0.000000 0.000000 0.000000 -9.873246 -1.595401 -28.858422 2.058614 -1.079853 20.761783 2.666965 3.952549 7.894391 0.000000 0.000000 0.000000 13.621309 -8.373963 31.157132 -1.293928 1.249815 -19.024386 7.609248 4.253108 23.630453 15.571418 -7.745967 -16.579529 0.000000 0.000000 0.000000 9.885583 -16.449852 5.740285 -35.338242 -14.462653 -2.305155 -68.230398 -65.850024 44.434873 0.000000 0.000000 0.000000 13.542242 19.262065 12.000813 52.998200 55.186976 21.165369 10.939872 44.352149 7.958686 0.000000 0.000000 0.000000 
0.004688 0.938397 -0.005605 3.541631 22.198741 10.694057 6.536943 -1.128020 -12.935045 -3.676872 0.040288 6.901289 10.616083 22.420219 14.319445 0.000000 0.000000 0.000000 -9.620291 -1.493948 -28.715263 1.819613 -1.003492 20.894249 2.850907 4.267808 8.045346 0.000000 0.000000 0.000000 13.618581 -8.416445 31.377042 -1.238396 1.235621 -19.088545 7.806328 4.255894 23.760479 15.590685 -7.851798 -16.370794 0.000000 0.000000 0.000000 10.261709 -16.112716 5.663392 -35.169391 -14.448144 -2.327849 -67.526575 -65.920764 43.955194 0.000000 0.000000 0.000000 13.647053 19.302201 12.021523 51.900119 55.459240 20.693526 12.313004 44.316718 8.486870 0.000000 0.000000 0.000000 
0.005343 0.938496 -0.006231 3.475494 22.133580 10.464915 6.641784 -1.108544 -12.755659 -3.723238 0.045583 6.941028 10.556864 22.341817 14.400048 0.000000 0.000000 0.000000 -9.511961 -1.414256 -28.354844 1.582509 -0.880913 20.364190 3.172741 4.869735 8.202695 0.000000 0.000000 0.000000 13.615290 -8.424329 31.467476 -1.128597 1.206839 -18.930793 7.956349 4.346452 23.802544 15.556184 -7.912583 -16.112656 0.000000 0.000000 0.000000 10.709710 -15.798263 5.603414 -34.884153 -14.515847 -2.323538 -67.086254 -66.350911 43.905533 0.000000 0.000000 0.000000 13.917195 19.078396 11.977920 50.867471 55.705977 20.240334 13.112198 44.198376 8.761071 0.000000 0.000000 0.000000 
0.005962 0.938302 -0.007024 3.509840 22.018141 10.370175 6.791797 -1.083006 -12.479152 -3.757816 0.055552 6.835978 10.293317 21.994646 14.391637 0.000000 0.000000 0.000000 -9.526509 -1.373109 -28.057948 1.367370 -0.775431 19.966999 3.199801 5.019842 7.912107 0.000000 0.000000 0.000000 13.542446 -8.380420 31.495064 -1.123002 1.204819 -19.082835 8.036192 4.332320 24.019758 15.635664 -8.226281 -15.416462 0.000000 0.000000 0.000000 10.735677 -15.723345 5.576313 -34.662629 -14.291027 -2.376464 -65.469914 -66.453095 42.760463 0.000000 0.000000 0.000000 14.455266 18.813599 11.998948 49.603938 55.639251 19.392417 13.992787 44.387791 9.173155 0.000000 0.000000 0.000000 
0.006594 0.938277 -0.007998 3.699505 21.832310 10.409549 6.840271 -1.081226 -12.503366 -3.821060 0.059953 6.993032 9.906216 21.518951 14.464869 0.000000 0.000000 0.000000 -9.651249 -1.379529 -27.991217 1.157101 -0.676073 19.679428 3.269455 5.130458 7.988904 0.000000 0.000000 0.000000 13.461935 -8.335054 31.528064 -1.238838 1.231506 -19.171446 7.978016 4.265397 24.091189 15.497326 -8.328422 -14.854921 0.000000 0.000000 0.000000 11.031113 -15.522134 5.529069 -34.532200 -14.093099 -2.420421 -65.565428 -66.696206 43.055514 0.000000 0.000000 0.000000 14.875829 18.666768 12.033390 48.802649 55.727626 18.923629 14.770952 44.547821 9.542984 0.000000 0.000000 0.000000 
0.007207 0.938287 -0.009066 3.734828 21.591054 10.358505 7.007844 -1.052905 -12.182670 -3.883652 0.077119 6.806095 9.684721 21.246471 14.675607 0.000000 0.000000 0.000000 -9.617992 -1.336687 -27.899417 0.974597 -0.595327 19.530720 3.282713 5.177977 7.896152 0.000000 0.000000 0.000000 13.538335 -8.359303 31.610695 -1.432094 1.277359 -19.306449 8.022167 4.388763 24.325796 15.525619 -8.441405 -14.597258 0.000000 0.000000 0.000000 11.481546 -15.222890 5.475596 -34.483576 -13.994666 -2.474488 -65.052748 -66.740395 42.646875 0.000000 0.000000 0.000000 15.135805 18.500206 12.035752 47.959992 55.837928 18.473132 15.408103 44.693303 9.858569 0.000000 0.000000 0.000000 
0.007755 0.938521 -0.010109 3.833733 21.413382 10.483084 7.021634 -1.046618 -12.108678 -3.919416 0.083233 6.817495 9.372334 20.851028 14.709581 0.000000 0.000000 0.000000 -9.520533 -1.288833 -27.910852 0.655158 -0.471020 19.316606 3.240780 5.095461 7.888997 0.000000 0.000000 0.000000 13.575420 -8.283562 31.379502 -1.507003 1.291679 -19.395249 7.980887 4.349004 24.505943 15.180560 -8.198917 -14.566277 0.000000 0.000000 0.000000 11.789627 -14.755445 5.379129 -34.436446 -14.018767 -2.488518 -66.238299 -66.694441 43.516550 0.000000 0.000000 0.000000 15.239635 18.494821 12.053817 47.419570 55.973808 18.228612 15.851151 44.745217 10.051733 0.000000 0.000000 0.000000 
0.008189 0.938670 -0.010976 3.949752 21.288396 10.521536 6.904036 -1.037770 -11.985003 -3.776070 0.073857 6.680896 9.225159 20.661165 14.728959 0.000000 0.000000 0.000000 -9.652737 -1.310757 -27.857678 0.607376 -0.442631 19.187014 3.150332 4.914134 7.872587 0.000000 0.000000 0.000000 13.537523 -8.232095 31.314660 -1.453304 1.275826 -19.396853 7.885402 4.426299 24.425569 15.125555 -8.039235 -14.882377 0.000000 0.000000 0.000000 12.098971 -14.422379 5.325725 -34.555950 -14.300261 -2.443811 -67.858491 -66.670572 44.714371 0.000000 0.000000 0.000000 15.052558 18.404179 11.957745 47.620033 55.974386 18.375414 16.227112 44.866146 10.266668 0.000000 0.000000 0.000000 
0.008546 0.939028 -0.011608 3.914307 21.073367 10.434533 6.996506 -1.017311 -11.755028 -3.579974 0.059190 6.589271 9.030782 20.413250 14.838983 0.000000 0.000000 0.000000 -9.562661 -1.247952 -27.710617 0.419498 -0.361825 18.977688 3.203954 4.993578 7.940384 0.000000 0.000000 0.000000 13.624561 -8.287685 31.475400 -1.675640 1.326648 -19.751131 7.964140 4.316974 24.642531 14.995713 -7.836685 -15.297131 0.000000 0.000000 0.000000 12.487579 -13.896689 5.211021 -34.843503 -14.672903 -2.402412 -68.875779 -66.646674 45.593401 0.000000 0.000000 0.000000 14.709647 18.398622 11.795606 47.962205 56.230909 18.738271 16.218933 44.782742 10.223281 0.000000 0.000000 0.000000 
0.008863 0.939575 -0.011985 3.916117 20.889878 10.491040 7.113583 -1.011270 -11.702819 -3.681322 0.079885 6.377423 8.868237 20.209304 14.908934 0.000000 0.000000 0.000000 -9.593631 -1.232359 -27.664008 0.391158 -0.332536 18.749244 3.150285 4.838333 8.066778 0.000000 0.000000 0.000000 13.514069 -8.203006 31.412037 -1.575556 1.297781 -19.854248 7.865643 4.511720 24.507357 14.898376 -7.758792 -15.225720 0.000000 0.000000 0.000000 12.913376 -13.891516 5.241925 -35.075070 -15.009000 -2.353393 -69.388850 -67.302153 46.476637 0.000000 0.000000 0.000000 14.899011 18.219435 11.797273 48.229718 56.088550 18.793755 15.857934 44.790156 10.095325 0.000000 0.000000 0.000000 
0.009169 0.940039 -0.012102 3.982086 20.831753 10.551104 7.250955 -0.998406 -11.504561 -3.761423 0.096674 6.142394 8.887752 20.248695 15.095982 0.000000 0.000000 0.000000 -9.671099 -1.241904 -27.588627 0.308561 -0.299300 18.636752 3.126678 4.722221 8.279988 0.000000 0.000000 0.000000 13.482173 -8.228770 31.551989 -1.700218 1.326424 -20.076594 7.906115 4.452045 24.338820 15.006993 -7.777230 -15.424904 0.000000 0.000000 0.000000 12.918110 -13.796351 5.218084 -35.066316 -15.358303 -2.252275 -69.254872 -67.725287 46.787834 0.000000 0.000000 0.000000 14.717725 18.397420 11.813552 48.602551 55.992569 18.980376 15.002070 44.634819 9.669326 0.000000 0.000000 0.000000 
0.009418 0.940121 -0.011837 3.930474 20.841083 10.363286 7.373685 -0.980750 -11.263636 -3.733001 0.097661 6.032953 8.825787 20.162763 15.128748 0.000000 0.000000 0.000000 -9.627252 -1.203038 -27.290852 0.207432 -0.256178 18.361461 3.046078 4.503372 8.475376 0.000000 0.000000 0.000000 13.464369 -8.243141 31.652054 -1.635216 1.311928 -20.091041 7.745378 4.477943 24.198625 15.149510 -7.823170 -15.601561 0.000000 0.000000 0.000000 13.146946 -13.910120 5.250742 -35.168522 -15.512113 -2.222220 -68.894842 -68.639226 47.261739 0.000000 0.000000 0.000000 14.603077 18.543647 11.851547 49.096984 56.062714 19.322274 13.640433 44.294626 8.983767 0.000000 0.000000 0.000000 
0.009571 0.940048 -0.011173 3.893641 20.844851 10.176913 7.471049 -0.958024 -10.920803 -3.578880 0.086671 5.888209 8.797128 20.123593 15.216357 0.000000 0.000000 0.000000 -9.644970 -1.187997 -27.037972 0.196306 -0.250471 18.285858 3.101840 4.549115 8.683351 0.000000 0.000000 0.000000 13.405646 -8.249144 31.782939 -1.698463 1.330538 -20.022346 7.667925 4.365425 24.066871 15.245963 -7.859082 -15.754863 0.000000 0.000000 0.000000 13.046209 -13.929817 5.239547 -35.101909 -15.651128 -2.162267 -67.972301 -69.180430 47.036484 0.000000 0.000000 0.000000 14.511501 18.985500 12.023383 49.488484 56.277009 19.681703 11.967399 43.709944 8.100323 0.000000 0.000000 0.000000 
0.009676 0.939512 -0.010043 3.768043 20.834123 9.905399 7.577324 -0.933635 -10.555941 -3.352168 0.065767 5.834980 8.720654 19.985827 15.068579 0.000000 0.000000 0.000000 -9.546465 -1.134999 -26.756817 0.283343 -0.280591 18.339554 3.092153 4.537368 8.648546 0.000000 0.000000 0.000000 13.388837 -8.283078 31.961434 -1.758253 1.347759 -20.032265 7.669228 4.244227 23.933689 15.162739 -7.845431 -15.664992 0.000000 0.000000 0.000000 12.889697 -14.166303 5.264794 -35.108232 -15.649863 -2.133563 -66.667455 -69.592809 46.424922 0.000000 0.000000 0.000000 14.331102 19.256973 12.057851 50.000743 56.454271 20.101373 10.647415 43.236946 7.414181 0.000000 0.000000 0.000000 
0.009787 0.939015 -0.008569 3.665216 20.710525 9.529024 7.613601 -0.900490 -10.076823 -3.123712 0.047751 5.728037 8.648115 19.848801 14.946924 0.000000 0.000000 0.000000 -9.459779 -1.068816 -26.375704 0.401000 -0.320510 18.501162 3.077851 4.484854 8.681585 0.000000 0.000000 0.000000 13.350883 -8.334410 32.283998 -1.865524 1.376133 -20.033256 7.585163 4.214903 23.817494 15.221051 -7.924626 -15.610882 0.000000 0.000000 0.000000 12.606677 -14.429756 5.292630 -34.947891 -15.624551 -2.098257 -65.438306 -69.999405 45.839731 0.000000 0.000000 0.000000 14.445752 19.406106 12.129396 50.300054 56.552516 20.312866 9.854448 43.033817 7.024040 0.000000 0.000000 0.000000 
0.009925 0.938461 -0.006894 3.510195 20.540103 9.334137 7.700908 -0.881338 -9.794577 -2.850889 0.024084 5.658395 8.715415 19.904024 14.888220 0.000000 0.000000 0.000000 -9.324141 -0.993363 -26.133856 0.469558 -0.339931 18.610391 3.090636 4.595678 8.377802 0.000000 0.000000 0.000000 13.320657 -8.345542 32.451710 -1.959838 1.397500 -20.154225 7.621760 4.235624 23.936442 15.179699 -7.892885 -15.673737 0.000000 0.000000 0.000000 12.324123 -14.616622 5.310237 -35.065508 -15.437870 -2.137885 -64.012976 -70.023873 44.781047 0.000000 0.000000 0.000000 14.555615 19.511724 12.197274 50.326621 56.652146 20.354983 9.358129 42.984938 6.804706 0.000000 0.000000 0.000000 
0.010068 0.938483 -0.005235 3.346811 20.594990 9.032456 7.919349 -0.860792 -9.393130 -2.843307 0.027817 5.539955 8.856779 20.077587 14.988536 0.000000 0.000000 0.000000 -9.177188 -0.943749 -25.925405 0.565011 -0.385733 18.860448 3.127790 4.617321 8.531696 0.000000 0.000000 0.000000 13.444106 -8.547978 32.954561 -2.180200 1.453416 -20.332781 7.571200 4.205173 23.949662 15.458622 -8.072907 -15.811991 0.000000 0.000000 0.000000 11.853952 -15.010058 5.366574 -34.915155 -15.331646 -2.128362 -62.007924 -70.201097 43.390616 0.000000 0.000000 0.000000 14.554965 19.447324 12.130505 50.535271 56.858620 20.596010 9.042442 43.280018 6.731291 0.000000 0.000000 0.000000 
0.010150 0.938519 -0.003934 3.227779 20.566296 8.973431 8.050592 -0.855399 -9.253725 -2.699341 0.013702 5.530526 8.887162 20.122995 15.098590 0.000000 0.000000 0.000000 -9.041515 -0.913835 -26.047593 0.606337 -0.409888 19.115206 3.198471 4.744097 8.552975 0.000000 0.000000 0.000000 13.491494 -8.647707 33.217123 -2.170924 1.448958 -20.362124 7.491613 4.289793 24.069845 15.611834 -8.050315 -16.226332 0.000000 0.000000 0.000000 11.560508 -15.029637 5.364700 -35.286357 -15.539848 -2.101428 -59.561835 -70.006545 41.359980 0.000000 0.000000 0.000000 14.602559 19.490400 12.174780 50.198826 57.132589 20.563083 8.473985 43.906314 6.638859 0.000000 0.000000 0.000000 
0.010215 0.938886 -0.003130 2.957081 20.677495 8.941509 8.380816 -0.867389 -9.361587 -2.570917 -0.000125 5.520429 9.022630 20.365626 15.567396 0.000000 0.000000 0.000000 -8.829623 -0.862624 -26.027154 0.880545 -0.498984 19.048180 3.142820 4.507137 8.969473 0.000000 0.000000 0.000000 13.584527 -8.744926 33.340687 -2.018345 1.412976 -20.262052 7.432750 4.410798 23.953557 15.847220 -8.163963 -16.340192 0.000000 0.000000 0.000000 10.917569 -15.421301 5.443801 -35.235148 -15.491365 -2.076642 -56.663030 -69.744434 38.902916 0.000000 0.000000 0.000000 15.058432 19.435188 12.321283 49.769143 57.299182 20.376849 8.189597 44.183157 6.590671 0.000000 0.000000 0.000000 
0.010305 0.939506 -0.002736 2.933016 20.994326 8.941226 8.436345 -0.868523 -9.229645 -2.484813 -0.001823 5.259509 9.094634 20.466484 15.621734 0.000000 0.000000 0.000000 -8.954522 -0.918584 -25.954769 1.126148 -0.575985 18.764182 3.235915 4.579384 9.393344 0.000000 0.000000 0.000000 13.687587 -8.943390 33.682303 -2.238793 1.467543 -20.545985 7.526457 3.981483 24.143388 15.931701 -8.179868 -16.647882 0.000000 0.000000 0.000000 10.523990 -15.600648 5.450165 -35.478976 -15.749882 -2.013860 -52.702996 -69.187974 35.735349 0.000000 0.000000 0.000000 15.008926 19.468143 12.252092 50.056975 57.406755 20.571456 7.250947 44.742178 6.318035 0.000000 0.000000 0.000000 
0.010466 0.940127 -0.002713 2.972532 21.517185 9.167463 8.408451 -0.901654 -9.704771 -2.304825 -0.029460 5.360178 9.233600 20.775958 16.334932 0.000000 0.000000 0.000000 -8.994338 -0.982159 -26.030963 1.261464 -0.628755 18.488929 3.050940 4.128318 9.830046 0.000000 0.000000 0.000000 13.844288 -9.168407 33.897236 -2.073003 1.427737 -20.891602 7.358563 3.934579 24.322026 16.439263 -8.340281 -17.245558 0.000000 0.000000 0.000000 10.064175 -15.954841 5.537032 -35.466367 -16.224773 -1.903612 -49.265748 -68.964010 33.007417 0.000000 0.000000 0.000000 15.162409 19.552983 12.396204 49.813539 57.419290 20.421581 6.975413 44.905526 6.252746 0.000000 0.000000 0.000000 
0.010801 0.940700 -0.002846 2.972996 21.780585 9.449149 8.499500 -0.923535 -9.951140 -2.253287 -0.025636 5.079227 9.318372 20.986442 16.988856 0.000000 0.000000 0.000000 -9.080118 -1.034871 -26.134764 1.395324 -0.629204 17.621030 2.741890 3.416170 10.349984 0.000000 0.000000 0.000000 13.872645 -9.329217 34.178434 -2.145617 1.440409 -21.217505 7.403373 3.933425 24.432574 16.664705 -8.285829 -17.876111 0.000000 0.000000 0.000000 9.950122 -15.897107 5.531446 -35.443578 -16.959606 -1.742001 -45.511699 -68.637653 30.078653 0.000000 0.000000 0.000000 15.181272 19.747814 12.544422 50.155044 57.717517 20.791067 6.085467 44.705718 5.871595 0.000000 0.000000 0.000000 
0.011315 0.941280 -0.003009 2.909616 22.147139 9.563980 8.556019 -0.946351 -10.246870 -2.210902 -0.025904 4.906741 9.522012 21.329434 17.582278 0.000000 0.000000 0.000000 -9.164000 -1.084990 -26.094831 1.428084 -0.634184 17.264016 2.819997 3.502766 10.704551 0.000000 0.000000 0.000000 14.031873 -9.492192 34.282320 -1.854260 1.377465 -21.137325 7.247448 4.054453 24.167438 17.075374 -8.518898 -17.939512 0.000000 0.000000 0.000000 9.697616 -16.305368 5.639328 -35.524795 -17.234491 -1.662513 -42.472038 -68.196317 27.613994 0.000000 0.000000 0.000000 15.528366 19.818889 12.739542 49.500576 57.806925 20.465610 6.278160 45.077999 6.019731 0.000000 0.000000 0.000000 
0.012015 0.942101 -0.003215 2.917649 22.268205 9.696163 8.648506 -0.953953 -10.281996 -2.285402 -0.009091 4.637770 9.609542 21.467697 17.854968 0.000000 0.000000 0.000000 -9.398416 -1.151861 -26.049630 1.498697 -0.637958 16.896261 2.838044 3.457497 11.046776 0.000000 0.000000 0.000000 14.068859 -9.583144 34.427811 -1.842326 1.373720 -21.244924 7.329403 4.337154 24.092650 17.264674 -8.591971 -17.962880 0.000000 0.000000 0.000000 9.853776 -16.303580 5.666257 -35.540929 -17.769509 -1.552674 -41.268626 -68.173874 26.637315 0.000000 0.000000 0.000000 15.231047 19.641992 12.610158 49.619850 58.025704 20.754541 6.779767 45.193611 6.265866 0.000000 0.000000 0.000000 
0.012865 0.942548 -0.003338 2.877788 22.535531 9.738058 8.630483 -0.964729 -10.397733 -2.310568 -0.005148 4.535861 9.898234 21.846753 18.121491 0.000000 0.000000 0.000000 -9.420318 -1.175291 -25.976272 1.418491 -0.611085 16.647943 2.768291 3.314224 11.203491 0.000000 0.000000 0.000000 14.319013 -9.654177 34.189254 -1.880692 1.387269 -21.101234 7.231272 4.236886 24.083946 17.389468 -8.754528 -17.736607 0.000000 0.000000 0.000000 9.721640 -16.570449 5.726459 -35.474953 -17.686072 -1.567003 -39.948756 -68.223679 25.729652 0.000000 0.000000 0.000000 15.177120 19.734610 12.641419 49.231764 58.309521 20.714655 6.679380 45.305417 6.231002 0.000000 0.000000 0.000000 
0.013803 0.942713 -0.003365 3.011355 22.832987 9.857442 8.482605 -0.968411 -10.371814 -2.357448 -0.000088 4.445044 9.910617 21.863181 18.055746 0.000000 0.000000 0.000000 -9.617729 -1.247911 -25.876204 1.273904 -0.567698 16.421780 2.702639 3.150202 11.484703 0.000000 0.000000 0.000000 14.574574 -9.766940 34.051039 -1.744454 1.359423 -20.967241 6.973434 4.408189 24.037007 17.635931 -8.711891 -18.267294 0.000000 0.000000 0.000000 9.591388 -16.796197 5.795596 -35.297602 -17.852690 -1.528868 -39.308792 -68.510166 25.298409 0.000000 0.000000 0.000000 15.324322 19.564499 12.661194 48.471774 58.472429 20.384061 6.856840 45.851578 6.423584 0.000000 0.000000 0.000000 
0.014745 0.942689 -0.003237 3.072624 22.962588 10.010983 8.412897 -0.973135 -10.398156 -2.421045 0.011240 4.260481 10.150785 22.152644 18.157918 0.000000 0.000000 0.000000 -9.833140 -1.332875 -26.026425 1.141560 -0.534658 16.464427 2.852759 3.537063 11.135631 0.000000 0.000000 0.000000 14.816537 -9.828061 33.846918 -1.895586 1.394979 -20.981681 7.005853 4.528462 24.126288 17.865781 -8.744380 -18.597071 0.000000 0.000000 0.000000 9.596141 -16.926868 5.835972 -35.277307 -17.491444 -1.628033 -40.829224 -68.840707 26.454148 0.000000 0.000000 0.000000 15.238429 19.337754 12.539752 47.911750 58.762711 20.264793 6.775942 46.003197 6.411375 0.000000 0.000000 0.000000 
0.015585 0.942646 -0.003019 3.196282 22.957154 10.175811 8.373028 -0.966233 -10.215346 -2.531043 0.028417 4.042884 10.247002 22.253302 18.181283 0.000000 0.000000 0.000000 -10.038994 -1.392805 -26.065545 1.020196 -0.496075 16.426956 2.994547 3.827045 11.059414 0.000000 0.000000 0.000000 14.909946 -9.766420 33.538692 -1.797748 1.371957 -20.792733 6.889267 4.638374 23.998338 18.098525 -8.919378 -18.499089 0.000000 0.000000 0.000000 9.564456 -16.854529 5.827682 -35.584848 -16.722580 -1.814861 -43.283958 -68.683534 28.067179 0.000000 0.000000 0.000000 15.249659 19.109940 12.445113 47.916118 58.920368 20.386483 6.597853 46.210173 6.384327 0.000000 0.000000 0.000000 
0.016251 0.942493 -0.002817 3.244434 22.874135 10.319242 8.348288 -0.963972 -10.162500 -2.636254 0.039681 3.994477 10.476308 22.495261 18.073348 0.000000 0.000000 0.000000 -10.100309 -1.398051 -26.074155 0.821826 -0.420626 16.185204 3.158123 4.223797 10.757771 0.000000 0.000000 0.000000 14.997993 -9.688019 33.216367 -1.842764 1.380356 -20.581394 6.869613 4.837359 24.011865 18.170651 -8.839739 -18.789820 0.000000 0.000000 0.000000 9.605578 -16.706060 5.808355 -35.778735 -16.182949 -1.957975 -45.501488 -68.474710 29.440202 0.000000 0.000000 0.000000 15.174086 18.828059 12.326311 48.359803 59.279496 20.887798 5.892670 46.356353 6.154140 0.000000 0.000000 0.000000 
0.016730 0.942303 -0.002717 3.354192 22.782997 10.538075 8.293730 -0.963827 -10.142304 -2.696912 0.048304 3.907029 10.621839 22.667016 18.193051 0.000000 0.000000 0.000000 -10.183978 -1.433130 -26.291450 0.736320 -0.387641 16.123506 3.173320 4.285298 10.625452 0.000000 0.000000 0.000000 15.152313 -9.629913 32.867782 -1.937543 1.399998 -20.584476 6.861448 4.888492 24.246583 18.512087 -8.970069 -19.128665 0.000000 0.000000 0.000000 9.633705 -16.652269 5.798618 -36.136864 -15.646147 -2.128130 -45.519735 -67.925729 29.138832 0.000000 0.000000 0.000000 15.022423 18.602224 12.174230 48.600305 59.684943 21.285879 5.095770 46.664618 5.896001 0.000000 0.000000 0.000000 
0.017103 0.941993 -0.002750 3.490313 22.873783 10.770646 8.356668 -0.973592 -10.214451 -2.908399 0.066268 3.873820 10.602606 22.646741 18.160281 0.000000 0.000000 0.000000 -10.347515 -1.496420 -26.419026 0.634539 -0.356674 16.050222 3.198322 4.401392 10.427929 0.000000 0.000000 0.000000 15.247079 -9.592039 32.572948 -1.858244 1.381024 -20.362153 6.713390 4.920314 24.130352 18.694929 -9.037179 -19.242093 0.000000 0.000000 0.000000 9.468631 -16.666474 5.807006 -36.266956 -15.178899 -2.230092 -45.972008 -67.362681 29.111108 0.000000 0.000000 0.000000 15.083996 18.437137 12.134759 48.665245 60.191884 21.645471 4.458761 46.957869 5.699262 0.000000 0.000000 0.000000 
0.017404 0.941367 -0.002875 3.513363 22.832463 10.833773 8.417299 -0.967338 -10.041421 -2.939761 0.076885 3.607863 10.614581 22.656028 18.239060 0.000000 0.000000 0.000000 -10.428400 -1.532734 -26.575559 0.708639 -0.386530 16.256691 3.263807 4.565193 10.263460 0.000000 0.000000 0.000000 15.222251 -9.602278 32.639694 -1.825182 1.372433 -20.386198 6.729519 4.924831 24.245754 18.728993 -9.032342 -19.358660 0.000000 0.000000 0.000000 9.375156 -16.479506 5.757703 -36.494502 -14.709872 -2.365771 -45.932968 -66.842126 28.815330 0.000000 0.000000 0.000000 15.071651 18.442229 12.131431 48.469876 60.742988 21.849495 3.912425 47.174295 5.508029 0.000000 0.000000 0.000000 
0.017706 0.940945 -0.003061 3.581651 22.980661 10.956503 8.452087 -0.975410 -10.094633 -2.848597 0.071308 3.497781 10.648594 22.729326 18.534322 0.000000 0.000000 0.000000 -10.446403 -1.567385 -26.709465 0.556541 -0.354270 16.384139 3.365429 4.719135 10.435763 0.000000 0.000000 0.000000 15.287432 -9.623784 32.544154 -1.756764 1.359026 -20.247720 6.603956 4.830238 24.240049 18.784426 -9.008533 -19.559088 0.000000 0.000000 0.000000 8.951901 -16.474532 5.742598 -36.587429 -14.380831 -2.432201 -45.916173 -66.567802 28.682402 0.000000 0.000000 0.000000 15.348694 18.360100 12.181701 48.100380 61.154220 21.819936 3.354088 47.501390 5.339128 0.000000 0.000000 0.000000 
0.017997 0.940465 -0.003302 3.657106 23.122832 11.065485 8.417570 -0.975764 -10.028068 -2.902720 0.085083 3.104005 10.904425 23.030076 18.697312 0.000000 0.000000 0.000000 -10.491372 -1.606032 -26.826091 0.562631 -0.373314 16.613610 3.328836 4.748364 10.130298 0.000000 0.000000 0.000000 15.376959 -9.681698 32.526168 -1.649396 1.335530 -20.167979 6.430636 4.901129 24.195112 19.004153 -9.107336 -19.685525 0.000000 0.000000 0.000000 8.364493 -16.566657 5.749331 -36.485849 -14.073174 -2.473464 -44.976259 -66.173940 27.798323 0.000000 0.000000 0.000000 15.500690 18.070428 12.107846 47.773752 61.320259 21.700996 2.555020 48.003297 5.105245 0.000000 0.000000 0.000000 
0.018302 0.940344 -0.003610 3.567407 23.178273 11.061860 8.409311 -0.982045 -10.141664 -2.767074 0.073214 3.142249 11.186564 23.370721 18.956601 0.000000 0.000000 0.000000 -10.388644 -1.588108 -26.906020 0.621149 -0.395771 16.678402 3.358297 4.776774 10.231874 0.000000 0.000000 0.000000 15.416834 -9.749917 32.638865 -1.461862 1.289919 -20.174200 6.248427 5.052136 24.318162 19.273250 -9.109208 -20.200974 0.000000 0.000000 0.000000 7.816259 -16.695552 5.764717 -36.538850 -13.759937 -2.539151 -43.661741 -66.076976 26.812195 0.000000 0.000000 0.000000 15.797036 17.934383 12.169364 47.178668 61.586078 21.446831 1.772482 48.422048 4.847278 0.000000 0.000000 0.000000 
0.018576 0.940464 -0.003984 3.642391 23.342726 11.146684 8.402847 -0.987787 -10.180888 -2.920323 0.089783 2.898898 11.397486 23.622126 19.133804 0.000000 0.000000 0.000000 -10.423163 -1.614032 -26.902835 0.560777 -0.383533 16.654922 3.290884 4.659060 10.248824 0.000000 0.000000 0.000000 15.479924 -9.815718 32.672395 -1.522974 1.307789 -20.148570 6.045652 4.815511 24.322628 19.294831 -9.065442 -20.442737 0.000000 0.000000 0.000000 7.379382 -16.712001 5.747148 -36.649361 -13.437441 -2.598373 -42.435180 -66.069125 26.062551 0.000000 0.000000 0.000000 16.029278 17.759054 12.119054 47.233771 61.449373 21.340552 1.033613 49.079968 4.642609 0.000000 0.000000 0.000000 
0.018834 0.940960 -0.004390 3.698518 23.478114 11.341624 8.519816 -1.002026 -10.304568 -3.061986 0.104796 2.647759 11.542975 23.826027 19.640463 0.000000 0.000000 0.000000 -10.298815 -1.588419 -26.909679 0.413166 -0.329667 16.343961 3.309709 4.660453 10.446793 0.000000 0.000000 0.000000 15.435132 -9.770992 32.518941 -1.269617 1.246686 -20.057400 5.842227 4.723970 24.332622 19.553120 -9.262932 -20.404670 0.000000 0.000000 0.000000 6.774988 -16.785407 5.742911 -36.701910 -13.139626 -2.646808 -42.208348 -66.347935 26.077898 0.000000 0.000000 0.000000 16.572782 17.635896 12.235732 46.604100 61.337200 20.791807 1.023872 49.287315 4.684505 0.000000 0.000000 0.000000 
0.019074 0.941803 -0.004888 3.758626 23.544644 11.353639 8.501856 -0.997928 -10.203249 -3.167263 0.117251 2.387636 11.645346 23.937529 19.732488 0.000000 0.000000 0.000000 -10.199594 -1.533915 -26.636220 0.197221 -0.242123 15.763772 3.389623 4.724923 10.822580 0.000000 0.000000 0.000000 15.352093 -9.767741 32.585639 -1.175067 1.221639 -19.942304 5.784174 4.467790 24.315621 19.558817 -9.225263 -20.609058 0.000000 0.000000 0.000000 6.399543 -16.671394 5.691532 -36.842837 -12.742819 -2.729138 -42.679762 -66.601311 26.628469 0.000000 0.000000 0.000000 16.554592 17.617578 12.162936 46.745619 61.123543 20.740645 0.943233 49.734126 4.708514 0.000000 0.000000 0.000000 
0.019345 0.942509 -0.005486 3.791093 23.599708 11.430746 8.547471 -1.003092 -10.242747 -3.214689 0.124776 2.148886 11.964107 24.316371 20.289929 0.000000 0.000000 0.000000 -10.140129 -1.524533 -26.657362 0.091361 -0.203474 15.535891 3.423639 4.744731 11.013007 0.000000 0.000000 0.000000 15.404613 -9.815045 32.619285 -1.250690 1.241126 -20.047326 5.726218 4.259277 24.579565 19.678723 -9.255487 -20.857650 0.000000 0.000000 0.000000 6.346079 -16.448590 5.627539 -37.007788 -12.613683 -2.788867 -43.557766 -67.025018 27.522345 0.000000 0.000000 0.000000 16.446936 17.315281 11.930830 47.300596 61.033440 21.007416 1.044311 50.087056 4.831281 0.000000 0.000000 0.000000 
0.019627 0.943172 -0.006185 3.741347 23.367176 11.490843 8.607434 -1.004561 -10.311295 -3.142224 0.120125 2.259436 11.939899 24.294105 20.382722 0.000000 0.000000 0.000000 -10.062638 -1.481974 -26.710134 0.153496 -0.198851 15.238970 3.452345 4.746349 11.142766 0.000000 0.000000 0.000000 15.283888 -9.783756 32.757948 -1.225606 1.229029 -20.197085 5.787208 4.381819 24.686312 19.782647 -9.406815 -20.633884 0.000000 0.000000 0.000000 6.528563 -16.253306 5.582606 -36.888358 -12.473328 -2.828981 -44.718412 -67.294417 28.439504 0.000000 0.000000 0.000000 16.857846 17.154054 11.983571 47.303493 60.649950 20.708880 1.415037 50.125861 5.025092 0.000000 0.000000 0.000000 
0.019919 0.943448 -0.006911 3.608418 23.291536 11.425413 8.633425 -1.005599 -10.370306 -3.202733 0.123103 2.343123 12.041123 24.391791 20.174476 0.000000 0.000000 0.000000 -10.100183 -1.499195 -26.832479 0.343734 -0.254422 15.361425 3.597329 4.962919 11.273115 0.000000 0.000000 0.000000 15.304614 -9.843584 32.929676 -1.334469 1.252855 -20.361284 5.960353 4.393196 24.630077 19.553883 -9.447876 -20.042645 0.000000 0.000000 0.000000 7.019035 -16.014418 5.541955 -36.843362 -12.429710 -2.851413 -46.857595 -67.470653 30.018389 0.000000 0.000000 0.000000 16.694117 17.025689 11.841262 47.757569 60.274963 20.797566 1.484301 50.288926 5.081042 0.000000 0.000000 0.000000 
0.020171 0.943686 -0.007557 3.499646 23.087502 11.320052 8.737519 -0.997530 -10.261148 -3.132061 0.119066 2.407850 11.981840 24.320725 20.247700 0.000000 0.000000 0.000000 -10.009649 -1.467261 -26.954962 0.427612 -0.280068 15.576696 3.847940 5.371911 11.375204 0.000000 0.000000 0.000000 15.236594 -9.842104 33.107555 -1.355840 1.255906 -20.496298 6.155888 4.470184 24.587403 19.319858 -9.451102 -19.569898 0.000000 0.000000 0.000000 7.504048 -15.783693 5.501748 -36.614375 -12.384508 -2.861372 -48.734192 -67.550015 31.365476 0.000000 0.000000 0.000000 16.893478 16.901064 11.819552 47.987880 59.888079 20.675410 2.018302 50.281317 5.327580 0.000000 0.000000 0.000000 
0.020380 0.943796 -0.007992 3.454216 23.097415 11.193531 8.916877 -0.988364 -10.004310 -3.243607 0.128879 2.326317 11.848672 24.149210 20.012074 0.000000 0.000000 0.000000 -9.999082 -1.466265 -26.959427 0.561539 -0.324986 15.720753 3.941084 5.478923 11.561334 0.000000 0.000000 0.000000 15.372329 -9.909221 33.141205 -1.493833 1.288789 -20.548187 6.275566 4.289379 24.462479 18.944558 -9.450977 -18.845823 0.000000 0.000000 0.000000 8.154556 -15.436773 5.437456 -36.350724 -12.575405 -2.807845 -51.067636 -67.348882 32.947551 0.000000 0.000000 0.000000 16.840611 16.941279 11.768907 48.386352 59.595128 20.744360 2.292450 50.013879 5.389568 0.000000 0.000000 0.000000 
0.020574 0.943959 -0.008221 3.328281 23.100499 10.950014 8.981048 -0.979725 -9.856291 -3.175155 0.121943 2.444666 11.811050 24.100912 20.029835 0.000000 0.000000 0.000000 -9.824290 -1.415690 -26.912943 0.435515 -0.302192 15.991577 4.067719 5.713063 11.542127 0.000000 0.000000 0.000000 15.529478 -9.954777 33.109114 -1.610312 1.317093 -20.596617 6.399872 4.175835 24.486591 18.825028 -9.370337 -18.870531 0.000000 0.000000 0.000000 8.989536 -15.218277 5.414290 -36.331932 -12.775772 -2.793618 -53.572264 -67.546455 34.879338 0.000000 0.000000 0.000000 16.525793 16.991507 11.666852 49.031715 59.610176 21.177637 2.461913 49.518067 5.372579 0.000000 0.000000 0.000000 
0.020854 0.944205 -0.008297 3.187191 23.146856 10.575889 9.046312 -0.963667 -9.555949 -3.091536 0.111515 2.656733 11.713063 23.964690 19.798950 0.000000 0.000000 0.000000 -9.703658 -1.373155 -26.738069 0.464075 -0.331569 16.365024 4.170563 5.891176 11.558009 0.000000 0.000000 0.000000 15.619091 -10.035238 33.260535 -1.765632 1.355199 -20.862424 6.590949 4.038581 24.462325 18.313791 -9.058371 -18.752953 0.000000 0.000000 0.000000 10.239630 -14.595081 5.312161 -36.378596 -13.192291 -2.754218 -55.885943 -67.504205 36.542073 0.000000 0.000000 0.000000 15.997162 16.883735 11.403491 50.517556 59.532036 22.097005 2.825259 49.165518 5.480513 0.000000 0.000000 0.000000 
0.021224 0.944504 -0.008292 3.047994 23.332109 10.331320 9.180239 -0.964168 -9.475213 -3.114464 0.108421 2.794984 11.599105 23.843501 19.827890 0.000000 0.000000 0.000000 -9.596757 -1.351470 -26.588698 0.590581 -0.400088 16.778410 4.118354 5.838659 11.439240 0.000000 0.000000 0.000000 15.807920 -10.106042 33.179505 -1.795047 1.365426 -20.893801 6.593446 4.045089 24.279912 18.141452 -8.887976 -18.808235 0.000000 0.000000 0.000000 11.395333 -14.244471 5.296968 -36.496581 -13.579932 -2.714019 -58.457311 -68.026000 38.704556 0.000000 0.000000 0.000000 15.604490 16.918361 11.319068 51.238891 59.657040 22.708193 2.518172 48.350446 5.199416 0.000000 0.000000 0.000000 
0.021696 0.944860 -0.008232 3.021109 23.466687 10.043510 9.180078 -0.952014 -9.213561 -3.004211 0.095898 2.937377 11.444168 23.656310 19.684209 0.000000 0.000000 0.000000 -9.574250 -1.342983 -26.346720 0.644704 -0.444020 17.126950 4.203884 5.950119 11.592337 0.000000 0.000000 0.000000 15.813744 -10.100770 33.157780 -1.823289 1.377055 -21.078344 6.757968 4.008577 24.258876 17.841787 -8.734352 -18.617369 0.000000 0.000000 0.000000 12.094306 -13.935253 5.264314 -36.522095 -13.875075 -2.686496 -59.659918 -68.399595 39.821315 0.000000 0.000000 0.000000 15.172381 16.962687 11.209405 52.041660 59.552215 23.203566 2.271126 47.725867 4.980766 0.000000 0.000000 0.000000 
0.022249 0.944850 -0.008118 2.997170 23.653947 9.866817 9.130822 -0.949904 -9.194900 -2.901337 0.079091 3.229095 11.268812 23.446988 19.364955 0.000000 0.000000 0.000000 -9.547774 -1.333366 -26.124011 0.685839 -0.481468 17.383946 4.116723 5.870396 11.373040 0.000000 0.000000 0.000000 15.891375 -10.062506 32.915672 -1.703291 1.355239 -20.911329 6.700985 4.228132 23.991171 17.901962 -8.675074 -18.763250 0.000000 0.000000 0.000000 12.376292 -13.959892 5.314136 -36.341370 -14.099671 -2.630444 -60.031986 -68.675411 40.119181 0.000000 0.000000 0.000000 14.919097 16.992296 11.202469 52.415040 59.623585 23.581125 1.542286 46.895876 4.526982 0.000000 0.000000 0.000000 
0.022829 0.944889 -0.007944 3.004731 23.771646 9.735213 9.176888 -0.944921 -9.021546 -2.941031 0.077883 3.351030 11.098592 23.241390 19.189951 0.000000 0.000000 0.000000 -9.588228 -1.342670 -25.942037 0.717387 -0.510665 17.588623 4.143784 5.968579 11.241392 0.000000 0.000000 0.000000 15.904303 -9.987044 32.680601 -1.787791 1.382965 -20.845879 6.791949 4.185619 23.896107 17.742288 -8.475341 -19.013751 0.000000 0.000000 0.000000 12.282245 -13.920380 5.304962 -36.120441 -14.081898 -2.612136 -59.090219 -68.770698 39.431194 0.000000 0.000000 0.000000 14.874935 17.077130 11.234745 52.884904 59.431802 23.757623 0.712309 45.910039 4.023812 0.000000 0.000000 0.000000 
0.023534 0.945004 -0.007802 2.996471 23.914395 9.680832 9.125781 -0.949110 -9.141524 -2.861829 0.060351 3.697693 10.809912 22.901198 18.786552 0.000000 0.000000 0.000000 -9.633944 -1.353819 -25.771472 0.707902 -0.516245 17.597855 4.099204 5.954539 11.066519 0.000000 0.000000 0.000000 15.866036 -9.893687 32.431820 -1.690292 1.364580 -20.751053 6.777303 4.286418 23.843759 17.667268 -8.376725 -19.074062 0.000000 0.000000 0.000000 12.008656 -14.075441 5.342225 -35.940880 -14.054012 -2.599137 -57.977127 -68.928288 38.592400 0.000000 0.000000 0.000000 15.164339 17.167397 11.415372 53.008817 59.325384 23.736904 -0.399047 44.756487 3.416964 0.000000 0.000000 0.000000 
0.024323 0.945027 -0.007664 3.072884 23.986792 9.703344 9.027873 -0.949511 -9.194540 -2.874004 0.051945 3.973001 10.521886 22.553338 18.426551 0.000000 0.000000 0.000000 -9.757254 -1.394677 -25.735907 0.790883 -0.553352 17.715829 3.968100 5.732014 11.005169 0.000000 0.000000 0.000000 15.845704 -9.796913 32.169348 -1.895050 1.418307 -20.704869 6.945780 4.248068 23.772944 17.534437 -8.216953 -19.274947 0.000000 0.000000 0.000000 11.625581 -14.224030 5.356086 -35.629326 -13.780129 -2.618283 -56.796315 -68.959216 37.696857 0.000000 0.000000 0.000000 15.393844 17.094578 11.455222 53.288299 58.994990 23.650401 -1.147617 43.948906 3.031664 0.000000 0.000000 0.000000 
0.025204 0.945185 -0.007478 3.098488 24.077733 9.834593 8.914790 -0.952168 -9.247824 -2.710344 0.039175 3.918268 10.323942 22.335473 18.375957 0.000000 0.000000 0.000000 -9.802403 -1.399004 -25.585559 0.856133 -0.566751 17.522014 3.899412 5.644041 10.931017 0.000000 0.000000 0.000000 15.846383 -9.651122 31.711753 -1.778842 1.394300 -20.462060 6.828978 4.339926 23.650128 17.621734 -8.248291 -19.271197 0.000000 0.000000 0.000000 11.108686 -14.326246 5.369728 -35.309911 -13.576861 -2.613265 -55.836426 -68.753776 36.736451 0.000000 0.000000 0.000000 15.812069 17.030019 11.597025 53.439081 58.683809 23.493806 -1.599202 43.238343 2.787622 0.000000 0.000000 0.000000 
0.026099 0.945285 -0.007332 3.080697 24.283519 9.866499 8.934942 -0.956334 -9.220968 -2.606730 0.030153 3.881886 10.061458 22.048542 18.383733 0.000000 0.000000 0.000000 -9.929232 -1.442433 -25.459761 1.038612 -0.627398 17.422628 3.617130 5.105426 11.031813 0.000000 0.000000 0.000000 15.898820 -9.634376 31.519341 -1.775648 1.396444 -20.514437 6.844124 4.356141 23.744779 17.777925 -8.182295 -19.765643 0.000000 0.000000 0.000000 10.509665 -14.521880 5.392270 -35.069301 -13.299855 -2.638099 -55.321281 -68.665355 36.224425 0.000000 0.000000 0.000000 16.157361 16.886783 11.663662 53.536634 58.538842 23.403655 -1.667713 42.731018 2.718964 0.000000 0.000000 0.000000 
0.026953 0.945114 -0.007366 3.090048 24.436963 10.027899 8.899784 -0.965283 -9.330126 -2.544134 0.025955 3.811349 10.061870 22.066107 18.429480 0.000000 0.000000 0.000000 -10.065304 -1.502335 -25.528003 1.117872 -0.652408 17.326984 3.552636 4.989778 11.063570 0.000000 0.000000 0.000000 15.905466 -9.585061 31.294139 -1.824234 1.410066 -20.502084 6.803849 4.261834 23.744233 17.823718 -8.140632 -19.978229 0.000000 0.000000 0.000000 10.202337 -14.588640 5.393952 -35.048341 -13.191720 -2.645422 -53.887954 -68.656978 35.157735 0.000000 0.000000 0.000000 16.370217 16.816913 11.701416 54.224138 58.349808 23.658837 -1.666295 42.746456 2.744779 0.000000 0.000000 0.000000 
0.027723 0.944729 -0.007607 3.020286 24.496943 10.157943 8.939561 -0.980736 -9.582237 -2.600380 0.026501 3.903607 10.125817 22.148722 18.393338 0.000000 0.000000 0.000000 -10.058545 -1.517035 -25.652898 1.174660 -0.673651 17.347232 3.353957 4.704191 10.786434 0.000000 0.000000 0.000000 15.846926 -9.524103 31.147458 -1.701202 1.381600 -20.371609 6.706889 4.350093 23.651415 17.959022 -8.133677 -20.212512 0.000000 0.000000 0.000000 9.736532 -14.691020 5.401912 -34.812980 -13.176962 -2.600793 -52.353506 -68.496047 33.873961 0.000000 0.000000 0.000000 17.010157 16.803122 11.933420 54.213687 58.223983 23.479660 -1.314688 42.545178 2.869602 0.000000 0.000000 0.000000 
0.028415 0.944373 -0.008044 3.009399 24.547181 10.288088 9.022087 -0.991047 -9.687137 -2.662360 0.032621 3.857722 10.172017 22.216347 18.483017 0.000000 0.000000 0.000000 -10.102284 -1.548930 -25.799921 1.239378 -0.690963 17.288513 3.284354 4.565387 10.830183 0.000000 0.000000 0.000000 15.764379 -9.508521 31.162081 -1.780805 1.400122 -20.460489 6.811396 4.299051 23.803255 17.989754 -8.088076 -20.447088 0.000000 0.000000 0.000000 9.419307 -14.854985 5.420571 -34.836956 -13.338677 -2.560570 -50.407738 -68.025703 32.209227 0.000000 0.000000 0.000000 17.262368 16.801485 12.013854 54.577440 58.136965 23.581489 -1.177589 42.814075 2.973291 0.000000 0.000000 0.000000 
0.029060 0.944091 -0.008606 3.044538 24.692472 10.391417 8.982154 -0.999162 -9.800855 -2.679810 0.034853 3.787957 10.234288 22.307563 18.578103 0.000000 0.000000 0.000000 -10.162973 -1.591634 -25.897325 1.292738 -0.710559 17.243722 3.073049 4.192160 10.789484 0.000000 0.000000 0.000000 15.743187 -9.544753 31.217187 -1.769533 1.397822 -20.488444 6.746425 4.295883 23.924297 18.181251 -8.095828 -20.818401 0.000000 0.000000 0.000000 9.208032 -15.190649 5.490880 -34.738579 -13.665749 -2.478651 -48.520242 -67.661137 30.641942 0.000000 0.000000 0.000000 17.303142 16.876124 12.089802 54.667685 58.309005 23.741296 -1.269839 43.146528 2.987970 0.000000 0.000000 0.000000 
0.029659 0.943870 -0.009287 2.989984 24.622550 10.433974 9.049909 -1.002223 -9.831722 -2.652593 0.034530 3.752093 10.206300 22.278829 18.610597 0.000000 0.000000 0.000000 -10.068148 -1.572218 -26.051330 1.277366 -0.694986 17.153083 2.962440 3.976823 10.799344 0.000000 0.000000 0.000000 15.658661 -9.583179 31.436839 -1.730722 1.385335 -20.585118 6.739179 4.335781 24.080097 18.303974 -8.087603 -21.127261 0.000000 0.000000 0.000000 9.158876 -15.130259 5.471755 -34.787301 -14.147038 -2.384915 -46.974782 -66.985476 29.208928 0.000000 0.000000 0.000000 17.308894 16.963236 12.142810 54.910932 58.457245 23.972395 -0.999873 43.503682 3.145249 0.000000 0.000000 0.000000 
0.030225 0.943864 -0.010055 2.922477 24.476351 10.504365 9.055887 -1.000237 -9.814946 -2.628997 0.040836 3.538708 10.210684 22.284588 18.661289 0.000000 0.000000 0.000000 -9.925705 -1.518712 -26.115698 1.211420 -0.659147 17.028410 2.951188 3.985728 10.666397 0.000000 0.000000 0.000000 15.512948 -9.563517 31.591255 -1.543944 1.335686 -20.618040 6.736490 4.548620 24.128170 18.593526 -8.125117 -21.570022 0.000000 0.000000 0.000000 9.268191 -15.319458 5.528294 -34.894342 -14.497168 -2.324814 -44.983438 -66.598492 27.587176 0.000000 0.000000 0.000000 17.396027 17.065365 12.262364 54.718552 58.642938 23.976725 -0.659161 43.725479 3.305561 0.000000 0.000000 0.000000 
0.030755 0.943938 -0.010906 2.862300 24.239611 10.588563 9.060307 -0.998896 -9.845213 -2.625440 0.044928 3.457747 10.296472 22.382964 18.743347 0.000000 0.000000 0.000000 -9.728108 -1.457511 -26.310761 1.051750 -0.593285 16.941345 3.112711 4.269297 10.687968 0.000000 0.000000 0.000000 15.403705 -9.562513 31.790064 -1.475977 1.313419 -20.829066 6.776749 4.705378 24.343974 18.834145 -8.223774 -21.778855 0.000000 0.000000 0.000000 9.636131 -15.349674 5.554455 -34.900957 -14.971362 -2.253865 -42.790049 -66.489191 26.013934 0.000000 0.000000 0.000000 17.482501 17.204392 12.391265 54.333127 58.869051 23.863056 -0.415284 43.747109 3.401177 0.000000 0.000000 0.000000 
0.031338 0.944142 -0.011760 2.802039 23.965194 10.571071 9.068104 -0.988870 -9.726336 -2.596679 0.048185 3.355989 10.432271 22.531215 18.886095 0.000000 0.000000 0.000000 -9.501376 -1.358125 -26.286071 0.931697 -0.528337 16.675912 3.287065 4.598076 10.641581 0.000000 0.000000 0.000000 15.409141 -9.631176 32.069763 -1.465565 1.304232 -20.875213 6.753735 4.936322 24.323458 18.993526 -8.258876 -21.955898 0.000000 0.000000 0.000000 10.136869 -15.410822 5.597193 -34.908638 -15.635400 -2.127636 -40.696592 -66.624551 24.634277 0.000000 0.000000 0.000000 17.175632 17.288260 12.352335 54.183279 59.049648 23.957630 -0.254876 43.939141 3.481978 0.000000 0.000000 0.000000 
0.032018 0.944335 -0.012516 2.668091 23.767939 10.395698 9.066941 -0.969217 -9.394968 -2.557433 0.052468 3.175381 10.498005 22.589274 18.991904 0.000000 0.000000 0.000000 -9.292217 -1.268000 -26.169438 0.911457 -0.506908 16.546484 3.464631 4.858053 10.855809 0.000000 0.000000 0.000000 15.490406 -9.764400 32.429261 -1.503086 1.306697 -21.190148 6.669637 4.970507 24.502683 18.927935 -8.122741 -22.291116 0.000000 0.000000 0.000000 10.806992 -15.417235 5.622674 -34.780357 -16.158041 -2.041033 -39.235248 -67.156995 23.891743 0.000000 0.000000 0.000000 17.081966 17.504643 12.431818 53.502053 59.282917 23.687838 -0.100052 43.951472 3.527600 0.000000 0.000000 0.000000 
0.032848 0.944548 -0.013156 2.639012 23.550654 10.311393 8.932082 -0.950620 -9.173134 -2.349211 0.042543 3.037088 10.572797 22.661310 19.074473 0.000000 0.000000 0.000000 -9.165845 -1.196971 -26.040676 0.693796 -0.418974 16.283222 3.724297 5.351810 10.806566 0.000000 0.000000 0.000000 15.616173 -9.870319 32.665641 -1.658503 1.340989 -21.139157 6.587633 4.771716 24.235870 18.729447 -8.128336 -21.971284 0.000000 0.000000 0.000000 11.165159 -15.570893 5.645361 -34.725452 -16.577251 -1.922551 -37.044334 -67.499817 22.703511 0.000000 0.000000 0.000000 16.519767 17.792053 12.308218 53.636011 59.422049 23.950154 -0.038156 43.894617 3.503253 0.000000 0.000000 0.000000 
0.033741 0.944541 -0.013795 2.651150 23.401283 10.145627 8.865931 -0.930644 -8.863894 -2.376706 0.048044 2.972664 10.736722 22.820436 19.081254 0.000000 0.000000 0.000000 -9.115271 -1.157439 -25.920412 0.617319 -0.395102 16.369200 3.795889 5.504169 10.703499 0.000000 0.000000 0.000000 15.718528 -9.989150 32.952150 -1.743465 1.356024 -21.324261 6.540214 4.558166 24.238719 18.533057 -8.101857 -21.773694 0.000000 0.000000 0.000000 11.344393 -15.583302 5.628207 -34.516008 -17.030489 -1.801516 -35.421154 -68.181545 22.001734 0.000000 0.000000 0.000000 16.218148 17.966326 12.228959 53.322264 59.498438 23.829260 -0.132194 43.636822 3.399293 0.000000 0.000000 0.000000 
0.034613 0.944599 -0.014582 2.649568 23.079231 10.109849 8.705036 -0.913748 -8.739864 -2.219795 0.036169 3.040044 10.917306 22.994139 18.969652 0.000000 0.000000 0.000000 -8.971747 -1.076574 -25.834468 0.317113 -0.285323 16.200983 4.016265 6.009390 10.374369 0.000000 0.000000 0.000000 15.746108 -9.965169 32.987973 -1.701088 1.342863 -21.122503 6.330293 4.421296 24.005424 18.429305 -8.162661 -21.449377 0.000000 0.000000 0.000000 11.657578 -15.769532 5.654297 -34.570053 -17.302769 -1.719249 -34.934209 -68.791383 22.049417 0.000000 0.000000 0.000000 16.215208 18.275238 12.323757 53.074277 59.563296 23.714545 -0.390765 43.189129 3.206012 0.000000 0.000000 0.000000 
0.035405 0.944343 -0.015584 2.748872 22.874541 10.175273 8.590524 -0.903855 -8.658701 -2.326529 0.050127 2.907520 11.286567 23.404095 19.151930 0.000000 0.000000 0.000000 -8.997450 -1.066596 -25.893749 0.237374 -0.249684 16.133159 4.009810 5.919301 10.568314 0.000000 0.000000 0.000000 15.817173 -9.992326 33.053379 -1.914345 1.389565 -21.126873 6.342045 4.161351 23.943706 18.269053 -8.141907 -21.324483 0.000000 0.000000 0.000000 11.683477 -16.027536 5.677806 -34.725859 -17.595161 -1.635245 -33.884649 -69.002584 21.598207 0.000000 0.000000 0.000000 15.940233 18.458966 12.247717 53.202954 59.699075 23.894033 -1.021800 42.756558 2.890748 0.000000 0.000000 0.000000 
0.036076 0.944323 -0.016671 2.874536 22.658943 10.279894 8.445790 -0.900209 -8.744282 -2.390959 0.052674 3.035744 11.400389 23.520337 19.045054 0.000000 0.000000 0.000000 -9.062963 -1.055900 -25.834311 0.079563 -0.179706 15.778108 4.010073 5.871497 10.695006 0.000000 0.000000 0.000000 15.861629 -10.029436 33.177489 -1.926327 1.389333 -21.040232 6.081447 4.109123 23.749532 18.152110 -8.123867 -21.167338 0.000000 0.000000 0.000000 11.551221 -16.282580 5.715696 -34.715647 -17.703675 -1.575164 -33.204796 -69.208121 21.303487 0.000000 0.000000 0.000000 16.188874 18.588664 12.358529 52.603286 59.861578 23.594863 -1.345496 42.682217 2.742109 0.000000 0.000000 0.000000 
0.036621 0.944097 -0.017568 2.954475 22.429990 10.350425 8.365875 -0.894433 -8.733775 -2.438444 0.061812 2.910133 11.512513 23.641059 19.099099 0.000000 0.000000 0.000000 -9.118281 -1.046248 -25.840341 0.059415 -0.152442 15.488836 3.950353 5.720510 10.771532 0.000000 0.000000 0.000000 15.866582 -10.014418 33.212668 -2.017251 1.407829 -20.956108 6.030281 3.966868 23.617837 17.985208 -8.121142 -20.918546 0.000000 0.000000 0.000000 11.104134 -16.540381 5.741693 -34.811620 -17.452100 -1.587844 -32.768864 -69.028572 21.073112 0.000000 0.000000 0.000000 16.377071 18.728797 12.433508 52.401819 59.866557 23.422137 -1.174939 42.607765 2.788854 0.000000 0.000000 0.000000 
0.037086 0.944041 -0.018202 2.994350 22.264539 10.450998 8.260542 -0.889960 -8.730565 -2.581275 0.076072 2.838597 11.627163 23.753002 18.970252 0.000000 0.000000 0.000000 -9.056818 -1.004110 -25.797530 -0.109837 -0.084992 15.141674 3.858215 5.506977 10.886940 0.000000 0.000000 0.000000 15.864204 -9.956853 33.102956 -2.063411 1.416026 -20.750712 5.918893 3.827967 23.531635 18.035655 -8.204348 -20.861829 0.000000 0.000000 0.000000 10.408600 -16.765566 5.763071 -34.669921 -16.980634 -1.639292 -32.655324 -69.023317 21.099400 0.000000 0.000000 0.000000 16.750466 18.761057 12.513563 51.547811 59.813413 22.796485 -0.653978 43.018202 3.012763 0.000000 0.000000 0.000000 
0.037487 0.944085 -0.018656 3.070137 22.159980 10.564769 8.198635 -0.885328 -8.663288 -2.713309 0.091775 2.655028 11.853931 23.998454 19.029209 0.000000 0.000000 0.000000 -9.100658 -0.990453 -25.685493 -0.342815 -0.000446 14.668132 3.820459 5.449345 10.861298 0.000000 0.000000 0.000000 15.841926 -9.869821 32.909466 -2.023969 1.403998 -20.632041 5.817436 3.801355 23.580661 18.119463 -8.215715 -21.038188 0.000000 0.000000 0.000000 9.772256 -16.934329 5.786996 -34.651594 -16.518021 -1.714676 -33.145739 -69.038502 21.492555 0.000000 0.000000 0.000000 16.607257 18.532911 12.324751 51.326991 59.650798 22.575246 -0.147122 43.689636 3.284813 0.000000 0.000000 0.000000 
0.037856 0.944120 -0.019091 3.024893 22.013899 10.659911 8.178544 -0.885093 -8.686283 -2.754626 0.100295 2.479651 12.191174 24.369518 19.124652 0.000000 0.000000 0.000000 -8.994406 -0.933823 -25.590470 -0.424316 0.042222 14.165748 3.683104 5.181796 10.891055 0.000000 0.000000 0.000000 15.805654 -9.773666 32.718895 -1.899956 1.370779 -20.506152 5.672813 3.925228 23.712843 18.281245 -8.194165 -21.433053 0.000000 0.000000 0.000000 9.254281 -17.010132 5.799933 -34.689703 -15.909283 -1.840141 -34.170696 -69.361041 22.316393 0.000000 0.000000 0.000000 16.662688 18.337876 12.259456 50.684715 59.500705 22.081153 0.594148 44.600123 3.704381 0.000000 0.000000 0.000000 
0.038142 0.944546 -0.019544 3.024361 22.074079 10.757100 8.164543 -0.887733 -8.697205 -2.812913 0.109777 2.232659 12.356154 24.558008 19.268911 0.000000 0.000000 0.000000 -9.076873 -0.954441 -25.539151 -0.427047 0.048949 13.894190 3.514771 4.817924 11.081259 0.000000 0.000000 0.000000 15.799226 -9.741582 32.591146 -1.984662 1.391179 -20.488896 5.606881 3.732935 23.836846 18.285342 -8.146125 -21.681526 0.000000 0.000000 0.000000 8.725315 -16.989154 5.778658 -34.617326 -15.188211 -1.980894 -34.992507 -69.413357 22.974270 0.000000 0.000000 0.000000 16.492802 18.105717 12.046570 50.403373 59.217874 21.741643 1.536938 46.029308 4.293348 0.000000 0.000000 0.000000 
0.038403 0.944708 -0.020074 3.003822 22.023276 10.939536 8.178796 -0.897549 -8.859029 -2.873934 0.117710 2.071152 12.467006 24.691159 19.371886 0.000000 0.000000 0.000000 -8.963269 -0.928440 -25.685056 -0.551695 0.090203 13.652065 3.329674 4.470276 11.087113 0.000000 0.000000 0.000000 15.729702 -9.650765 32.399902 -1.864880 1.359166 -20.439894 5.429847 3.804670 23.943608 18.508575 -8.383689 -21.369731 0.000000 0.000000 0.000000 7.984615 -17.062602 5.788237 -34.341055 -14.607261 -2.070163 -35.598884 -69.329453 23.332066 0.000000 0.000000 0.000000 16.685691 17.876450 12.010441 49.542298 58.848865 20.977429 3.139621 47.485551 5.221216 0.000000 0.000000 0.000000 
0.038665 0.945099 -0.020681 2.972900 22.079958 11.077182 8.117330 -0.904612 -8.983137 -2.773553 0.113484 1.908883 12.363107 24.586886 19.368935 0.000000 0.000000 0.000000 -8.935141 -0.929710 -25.759470 -0.574486 0.104074 13.293989 3.310117 4.437943 11.117483 0.000000 0.000000 0.000000 15.693414 -9.574574 32.175285 -1.890944 1.367174 -20.238746 5.398050 3.627235 23.847335 18.624411 -8.656008 -20.830314 0.000000 0.000000 0.000000 6.965946 -17.537674 5.887528 -33.790005 -13.806533 -2.159594 -36.189415 -69.101304 23.717856 0.000000 0.000000 0.000000 17.069496 17.804316 12.052256 48.562886 58.315671 20.028010 4.884435 48.868458 6.229754 0.000000 0.000000 0.000000 
0.038965 0.945337 -0.021325 2.857314 22.154594 10.971319 8.197837 -0.904949 -8.943000 -2.768251 0.112176 1.927296 12.569310 24.815175 19.528213 0.000000 0.000000 0.000000 -8.878014 -0.921173 -25.737468 -0.542361 0.098367 13.117871 3.231828 4.243525 11.302308 0.000000 0.000000 0.000000 15.698963 -9.621390 32.283350 -1.919570 1.374604 -20.275966 5.313473 3.535301 23.995571 18.820331 -8.879115 -20.606935 0.000000 0.000000 0.000000 6.510241 -17.685008 5.915975 -33.617595 -13.329067 -2.237509 -36.301445 -68.822381 23.693060 0.000000 0.000000 0.000000 17.071893 17.698011 11.983759 47.781286 57.777987 19.251078 6.092251 50.390644 7.091673 0.000000 0.000000 0.000000 
0.039300 0.945785 -0.022023 2.674424 22.198964 10.755437 8.292808 -0.897350 -8.757230 -2.647309 0.103695 1.937700 12.455208 24.676245 19.417025 0.000000 0.000000 0.000000 -8.690215 -0.862820 -25.580762 -0.601586 0.121771 12.732571 3.342977 4.386945 11.557809 0.000000 0.000000 0.000000 15.641377 -9.620786 32.363471 -2.013571 1.398968 -20.314226 5.307749 3.252368 24.094251 18.700957 -8.898363 -20.442627 0.000000 0.000000 0.000000 6.404003 -17.758584 5.924279 -33.425407 -12.919229 -2.310031 -37.513633 -68.627409 24.548246 0.000000 0.000000 0.000000 17.334345 17.579073 11.926571 47.350936 57.097414 18.557463 7.891523 51.570838 8.194078 0.000000 0.000000 0.000000 
0.039641 0.945868 -0.022788 2.592918 22.163875 10.669452 8.346723 -0.896016 -8.729322 -2.687452 0.107762 1.892568 12.466849 24.684955 19.374458 0.000000 0.000000 0.000000 -8.568772 -0.826607 -25.541936 -0.590858 0.125510 12.485862 3.419216 4.505246 11.637322 0.000000 0.000000 0.000000 15.514931 -9.576958 32.422048 -1.947773 1.383486 -20.335142 5.255394 3.256195 24.045860 18.743909 -9.065165 -20.029316 0.000000 0.000000 0.000000 6.320880 -17.699556 5.905535 -33.303672 -12.447143 -2.394307 -38.659838 -68.438594 25.248660 0.000000 0.000000 0.000000 17.659460 17.325114 11.883035 47.038553 56.356706 17.923889 9.307322 52.608454 9.161713 0.000000 0.000000 0.000000 
0.040045 0.946115 -0.023652 2.473200 22.165365 10.507293 8.451310 -0.896268 -8.715565 -2.543796 0.093642 2.075240 12.268167 24.462004 19.231487 0.000000 0.000000 0.000000 -8.415785 -0.794266 -25.588698 -0.477728 0.097019 12.495048 3.427527 4.501381 11.688555 0.000000 0.000000 0.000000 15.434753 -9.565195 32.509428 -1.988388 1.393642 -20.492774 5.338711 3.048928 24.139437 18.788768 -9.290642 -19.567260 0.000000 0.000000 0.000000 6.283788 -17.522898 5.850698 -33.141397 -11.892504 -2.506398 -40.075652 -68.274304 26.218228 0.000000 0.000000 0.000000 17.986475 17.249440 11.883685 46.595399 55.715938 17.264951 10.531960 53.056087 9.871481 0.000000 0.000000 0.000000 
0.040518 0.946348 -0.024599 2.456607 22.266050 10.424641 8.455720 -0.892464 -8.605863 -2.580218 0.096307 2.043506 12.174489 24.344538 19.010454 0.000000 0.000000 0.000000 -8.431423 -0.815259 -25.637246 -0.384394 0.069554 12.553395 3.479460 4.601222 11.692831 0.000000 0.000000 0.000000 15.360358 -9.527450 32.465925 -1.967822 1.391486 -20.490035 5.373665 3.015546 24.162913 18.830681 -9.471563 -19.112027 0.000000 0.000000 0.000000 6.462685 -17.395757 5.819244 -33.186177 -11.531244 -2.595733 -41.153969 -68.029123 26.814532 0.000000 0.000000 0.000000 17.987197 16.968762 11.733716 46.585267 55.427512 17.102426 10.585196 53.287280 9.971969 0.000000 0.000000 0.000000 
0.041080 0.946642 -0.025574 2.364526 22.295733 10.316885 8.418318 -0.889530 -8.591829 -2.506127 0.087426 2.182844 12.037797 24.179761 18.756937 0.000000 0.000000 0.000000 -8.279481 -0.779223 -25.642384 -0.461704 0.087087 12.606557 3.609686 4.866003 11.625888 0.000000 0.000000 0.000000 15.317543 -9.483359 32.393975 -1.907624 1.378650 -20.463077 5.441762 3.027183 24.066647 18.787426 -9.554399 -18.760750 0.000000 0.000000 0.000000 6.583933 -17.149641 5.756387 -33.059669 -11.092880 -2.679861 -42.518526 -68.076192 27.751716 0.000000 0.000000 0.000000 18.039291 16.819007 11.669665 46.465959 55.277824 16.958869 10.509614 53.327202 9.945805 0.000000 0.000000 0.000000 
0.041722 0.946951 -0.026409 2.253986 22.226144 10.151718 8.358402 -0.881146 -8.522299 -2.458700 0.078801 2.401929 11.968123 24.079398 18.452601 0.000000 0.000000 0.000000 -8.128032 -0.735738 -25.644313 -0.484655 0.094304 12.623991 3.772702 5.099340 11.825080 0.000000 0.000000 0.000000 15.332732 -9.444007 32.311324 -2.044660 1.413600 -20.424670 5.714576 3.067286 24.069847 18.617322 -9.541897 -18.434821 0.000000 0.000000 0.000000 6.973356 -16.721139 5.651417 -33.400004 -10.939542 -2.761499 -44.555017 -67.956380 29.104299 0.000000 0.000000 0.000000 17.776171 16.528924 11.428492 47.087031 55.063289 17.202741 9.732392 53.344303 9.579155 0.000000 0.000000 0.000000 
0.042344 0.947327 -0.027054 2.274514 22.332703 10.062013 8.286145 -0.876381 -8.459974 -2.485080 0.080942 2.367351 11.870770 23.972745 18.473016 0.000000 0.000000 0.000000 -8.076236 -0.720314 -25.456457 -0.447785 0.081301 12.620028 3.841578 5.229430 11.856678 0.000000 0.000000 0.000000 15.313627 -9.378949 32.125261 -1.885475 1.379056 -20.327107 5.660086 3.186144 23.940067 18.576543 -9.589306 -18.112658 0.000000 0.000000 0.000000 7.371746 -16.527737 5.617320 -33.567138 -10.896788 -2.796444 -45.666807 -68.161365 29.897987 0.000000 0.000000 0.000000 17.884556 16.204583 11.329988 47.371454 54.905225 17.269143 8.393453 53.404982 8.959741 0.000000 0.000000 0.000000 
0.042927 0.947595 -0.027509 2.292695 22.555827 9.976190 8.288006 -0.878107 -8.450556 -2.609435 0.085881 2.463079 11.691378 23.763237 18.266712 0.000000 0.000000 0.000000 -8.004941 -0.715929 -25.358949 -0.425792 0.065904 12.755532 3.890431 5.351885 11.814702 0.000000 0.000000 0.000000 15.406441 -9.332391 31.814276 -1.945501 1.402916 -20.175288 5.727258 3.091536 23.835103 18.501815 -9.732055 -17.525248 0.000000 0.000000 0.000000 7.380601 -16.319800 5.568380 -33.604356 -10.883046 -2.803372 -47.200526 -68.153315 30.973211 0.000000 0.000000 0.000000 17.958495 15.905273 11.177046 47.495293 54.586917 17.160592 7.597113 53.602853 8.609785 0.000000 0.000000 0.000000 
0.043470 0.947675 -0.027810 2.314945 22.661243 9.836196 8.204659 -0.873755 -8.431728 -2.740294 0.093237 2.514356 11.669637 23.729022 18.110535 0.000000 0.000000 0.000000 -7.947718 -0.694758 -25.117266 -0.446483 0.063825 12.885054 3.905687 5.406751 11.760468 0.000000 0.000000 0.000000 15.452707 -9.265649 31.558346 -1.884943 1.394092 -20.020869 5.672099 3.100883 23.763964 18.487205 -9.775786 -17.348236 0.000000 0.000000 0.000000 7.314304 -16.178619 5.531678 -33.750264 -10.788899 -2.839043 -48.381420 -67.963660 31.684203 0.000000 0.000000 0.000000 18.043251 15.607498 11.047139 47.981845 54.140731 17.160502 6.601312 53.686424 8.153863 0.000000 0.000000 0.000000 
0.043964 0.947746 -0.028047 2.329431 22.825208 9.876724 8.217502 -0.884624 -8.607986 -2.830585 0.097306 2.556541 11.527148 23.577602 18.030578 0.000000 0.000000 0.000000 -8.027577 -0.730265 -25.116826 -0.416643 0.047044 13.038330 3.952723 5.479470 11.851069 0.000000 0.000000 0.000000 15.560719 -9.199445 31.167801 -1.922087 1.407080 -19.928059 5.654600 3.040311 23.814486 18.590024 -9.851100 -17.323839 0.000000 0.000000 0.000000 7.152812 -16.172933 5.530497 -34.100641 -10.832814 -2.860980 -48.152237 -67.605995 31.306114 0.000000 0.000000 0.000000 18.049055 15.205310 10.846892 48.864272 53.983132 17.521262 6.388891 53.225342 8.002192 0.000000 0.000000 0.000000 
0.044335 0.947843 -0.028304 2.429295 22.878920 9.938864 8.194720 -0.892576 -8.775718 -2.956453 0.102894 2.676402 11.443914 23.483844 17.885162 0.000000 0.000000 0.000000 -8.017842 -0.729451 -25.070817 -0.454549 0.052336 13.125520 3.925477 5.441761 11.830123 0.000000 0.000000 0.000000 15.590317 -9.109555 30.854956 -1.978300 1.423556 -19.932609 5.554093 2.814425 23.974095 18.692865 -10.070909 -17.022882 0.000000 0.000000 0.000000 6.454395 -16.327963 5.544235 -34.047581 -10.605301 -2.894346 -47.041414 -67.120232 30.341883 0.000000 0.000000 0.000000 18.462328 14.971321 10.793652 49.025894 53.562229 17.276707 6.939710 52.946461 8.220029 0.000000 0.000000 0.000000 
0.044596 0.947812 -0.028601 2.550072 22.868774 10.192031 8.218231 -0.911321 -9.105264 -3.139917 0.111282 2.877909 11.427995 23.488802 17.944999 0.000000 0.000000 0.000000 -8.142626 -0.779987 -25.322637 -0.272518 0.001030 13.280675 3.840039 5.265171 11.872862 0.000000 0.000000 0.000000 15.527076 -8.951376 30.434296 -1.922081 1.407947 -19.804741 5.398971 2.642762 24.083834 18.698520 -10.064279 -17.106650 0.000000 0.000000 0.000000 5.918650 -16.358188 5.535471 -34.135815 -10.357275 -2.944473 -46.603847 -66.803501 29.926895 0.000000 0.000000 0.000000 18.950758 14.687595 10.762229 49.358755 53.514988 17.320467 7.606292 52.324675 8.449853 0.000000 0.000000 0.000000 
0.044734 0.947588 -0.028898 2.635248 22.825714 10.322095 8.230434 -0.914387 -9.138407 -3.249108 0.120144 2.855188 11.290141 23.328266 17.857931 0.000000 0.000000 0.000000 -8.176445 -0.791976 -25.425630 -0.265364 -0.004186 13.432088 3.818071 5.296689 11.618145 0.000000 0.000000 0.000000 15.510220 -8.890274 30.273872 -1.981815 1.421767 -19.815386 5.295627 2.455268 24.241303 18.762116 -10.152854 -17.087448 0.000000 0.000000 0.000000 5.464581 -16.434776 5.540264 -34.289123 -9.837828 -3.071785 -46.598616 -66.603532 29.912297 0.000000 0.000000 0.000000 19.306742 14.547467 10.740679 49.595063 53.189930 17.176078 8.717201 52.069405 8.943657 0.000000 0.000000 0.000000 
0.044839 0.947402 -0.029184 2.721501 22.808929 10.606301 8.264579 -0.928348 -9.334165 -3.360991 0.125165 2.992134 11.339472 23.402396 17.977511 0.000000 0.000000 0.000000 -8.286710 -0.845744 -25.788149 -0.092012 -0.053987 13.618617 3.802975 5.260584 11.614665 0.000000 0.000000 0.000000 15.653477 -8.826728 29.878604 -2.150423 1.461289 -19.757255 5.197997 2.119938 24.385129 18.771145 -10.176174 -17.172440 0.000000 0.000000 0.000000 4.972290 -16.405335 5.518499 -34.307761 -9.387197 -3.169500 -46.572557 -66.617624 30.051356 0.000000 0.000000 0.000000 19.803334 14.409470 10.724118 49.496241 53.238058 17.049496 9.584016 51.935833 9.335726 0.000000 0.000000 0.000000 
0.044990 0.947100 -0.029366 2.763632 22.632587 10.881211 8.184926 -0.939234 -9.584799 -3.282938 0.118786 3.081264 11.518192 23.619068 18.051124 0.000000 0.000000 0.000000 -8.381587 -0.875768 -26.084243 -0.048029 -0.063761 13.747184 3.786358 5.262657 11.450676 0.000000 0.000000 0.000000 15.672408 -8.707313 29.516591 -2.135656 1.453033 -19.659111 4.977162 1.969701 24.495197 18.775702 -10.190816 -17.207975 0.000000 0.000000 0.000000 4.748975 -16.255889 5.471295 -34.416921 -9.120186 -3.240165 -47.096088 -67.048310 30.751958 0.000000 0.000000 0.000000 20.283409 14.272609 10.733616 49.878703 53.251953 17.165668 10.716131 52.169937 9.984988 0.000000 0.000000 0.000000 
0.045290 0.947139 -0.029429 2.778648 22.332846 11.049811 8.000250 -0.933229 -9.594630 -3.192245 0.112800 3.150431 11.578477 23.669680 17.888706 0.000000 0.000000 0.000000 -8.257705 -0.817612 -26.179776 -0.207920 -0.009146 13.658592 3.777381 5.346258 11.065058 0.000000 0.000000 0.000000 15.811690 -8.613792 29.145827 -2.336064 1.495265 -19.650902 4.868443 1.643348 24.575409 18.683905 -10.188583 -17.174311 0.000000 0.000000 0.000000 4.597094 -16.185775 5.445915 -34.687203 -8.755702 -3.348376 -47.962916 -67.286982 31.706246 0.000000 0.000000 0.000000 20.691792 14.148428 10.653452 50.540154 53.000803 17.276237 12.347244 52.387135 10.874069 0.000000 0.000000 0.000000 
0.045689 0.947285 -0.029355 2.855129 22.136120 11.256989 7.933818 -0.936734 -9.696439 -3.301133 0.121866 3.188453 11.925676 24.081363 18.191357 0.000000 0.000000 0.000000 -8.323719 -0.820879 -26.266116 -0.229229 0.005665 13.551377 3.798722 5.346599 11.151138 0.000000 0.000000 0.000000 15.790402 -8.504054 28.876756 -2.349903 1.493108 -19.693951 4.774451 1.437630 24.537716 18.471212 -10.031368 -17.252262 0.000000 0.000000 0.000000 4.699588 -16.059849 5.412017 -34.766294 -8.624303 -3.383324 -48.396170 -67.588130 32.299001 0.000000 0.000000 0.000000 21.128902 13.941247 10.572523 50.750874 52.576480 17.075212 13.682245 53.028416 11.759450 0.000000 0.000000 0.000000 
0.046183 0.947689 -0.029241 2.975265 21.894815 11.302820 7.726766 -0.921456 -9.540484 -3.213449 0.118142 3.147870 12.159851 24.343844 18.426063 0.000000 0.000000 0.000000 -8.406675 -0.828384 -26.339535 -0.237899 0.013662 13.598712 3.997584 5.685521 11.183592 0.000000 0.000000 0.000000 15.713770 -8.428193 28.821894 -2.318414 1.479450 -19.822644 4.675394 1.279445 24.561204 18.122570 -9.798026 -17.280556 0.000000 0.000000 0.000000 5.173166 -16.035757 5.407994 -35.048611 -8.771296 -3.392352 -48.212062 -67.637558 32.300820 0.000000 0.000000 0.000000 21.369032 13.905281 10.545661 50.898780 52.371395 16.990658 14.565875 53.456619 12.347754 0.000000 0.000000 0.000000 
0.046631 0.948108 -0.029091 3.017451 21.880128 11.263365 7.651051 -0.912847 -9.417012 -3.255903 0.120517 3.190053 12.325726 24.523786 18.506381 0.000000 0.000000 0.000000 -8.426678 -0.845758 -26.476386 -0.279427 0.016558 13.903793 4.125185 5.830072 11.438041 0.000000 0.000000 0.000000 15.760499 -8.434803 28.799785 -2.300092 1.474320 -19.883472 4.672496 1.072119 24.455750 17.821166 -9.614230 -17.236466 0.000000 0.000000 0.000000 5.575526 -16.062531 5.417707 -35.213528 -8.846698 -3.393801 -47.776156 -67.814473 32.173353 0.000000 0.000000 0.000000 21.532502 13.961880 10.559328 50.496034 52.249596 16.699326 14.556860 53.860405 12.448287 0.000000 0.000000 0.000000 
0.047007 0.948323 -0.028935 3.075832 21.939450 11.199381 7.573640 -0.904262 -9.283047 -3.161013 0.112255 3.204509 12.413246 24.628871 18.784023 0.000000 0.000000 0.000000 -8.540842 -0.900386 -26.628303 -0.271924 0.003211 14.226688 4.419421 6.289715 11.678622 0.000000 0.000000 0.000000 15.863048 -8.498831 28.865197 -2.316014 1.478604 -19.993162 4.680784 1.034479 24.279295 17.690929 -9.613195 -16.936280 0.000000 0.000000 0.000000 5.972935 -16.078153 5.426366 -35.243434 -9.234636 -3.306316 -47.157167 -67.621966 31.619352 0.000000 0.000000 0.000000 21.654782 13.954882 10.578978 50.626476 52.348535 16.816708 13.917713 53.783736 12.099252 0.000000 0.000000 0.000000 
0.047325 0.948322 -0.028855 3.118501 22.152656 11.018623 7.638049 -0.892696 -9.007033 -3.268603 0.118634 3.212136 12.461234 24.666029 18.746329 0.000000 0.000000 0.000000 -8.528350 -0.919222 -26.597737 -0.299179 -0.010848 14.671679 4.516449 6.527299 11.526355 0.000000 0.000000 0.000000 15.988620 -8.589566 28.951106 -2.270781 1.471761 -20.068664 4.725220 1.046418 24.256157 17.889407 -9.753388 -16.928536 0.000000 0.000000 0.000000 6.381886 -16.195204 5.463115 -35.247086 -9.557573 -3.245554 -46.186530 -67.736164 30.936363 0.000000 0.000000 0.000000 21.625949 13.978212 10.615666 50.266586 52.759476 16.876234 12.661992 53.544382 11.368310 0.000000 0.000000 0.000000 
0.047656 0.948346 -0.028924 3.139924 22.388160 10.831420 7.704047 -0.890262 -8.908880 -3.313343 0.117336 3.324300 12.645944 24.874520 18.955391 0.000000 0.000000 0.000000 -8.631857 -0.965876 -26.484038 -0.345718 -0.013412 14.873191 4.857829 7.083964 11.773713 0.000000 0.000000 0.000000 16.135181 -8.703677 29.072253 -2.229275 1.467425 -20.048062 4.740952 1.199132 24.014276 17.889254 -9.716175 -16.922913 0.000000 0.000000 0.000000 6.897955 -16.254299 5.491138 -35.312197 -9.858688 -3.188168 -46.416755 -67.938220 31.105024 0.000000 0.000000 0.000000 21.547366 14.136250 10.754675 50.466005 53.017633 17.161443 11.031220 52.609419 10.278347 0.000000 0.000000 0.000000 
0.048070 0.948100 -0.029100 3.206270 22.636303 10.685740 7.658838 -0.884078 -8.781753 -3.246593 0.107796 3.410672 12.602266 24.818120 18.860863 0.000000 0.000000 0.000000 -8.741389 -1.014817 -26.390340 -0.326275 -0.038177 15.172740 4.918499 7.271102 11.589213 0.000000 0.000000 0.000000 16.234085 -8.791442 29.161486 -2.186593 1.461324 -20.119821 4.927048 1.531759 23.973356 18.273013 -9.857010 -17.190765 0.000000 0.000000 0.000000 7.339710 -16.144455 5.482634 -35.429614 -10.328011 -3.116692 -46.227767 -67.970735 30.800689 0.000000 0.000000 0.000000 21.357877 14.236465 10.890254 50.366421 53.739639 17.568736 9.107650 51.263194 8.984537 0.000000 0.000000 0.000000 
0.048589 0.948002 -0.029347 3.222955 22.779123 10.586419 7.592053 -0.878344 -8.692000 -3.223160 0.104843 3.400353 12.679751 24.899850 18.888137 0.000000 0.000000 0.000000 -8.876082 -1.059345 -26.291531 -0.319542 -0.048757 15.261159 5.106396 7.544716 11.810579 0.000000 0.000000 0.000000 16.346346 -8.803099 29.035553 -2.119047 1.449084 -20.108066 5.145208 1.979342 23.854200 18.455007 -9.915754 -17.236779 0.000000 0.000000 0.000000 7.548009 -16.171967 5.512389 -35.443589 -10.722830 -3.045055 -46.731543 -67.926457 30.925986 0.000000 0.000000 0.000000 21.116775 14.248375 10.977822 50.522766 54.106715 17.918510 7.751095 50.175861 8.098243 0.000000 0.000000 0.000000 
0.049225 0.947877 -0.029626 3.294225 22.983039 10.628571 7.523545 -0.886709 -8.836167 -3.143598 0.093131 3.530422 12.658502 24.885324 18.832285 0.000000 0.000000 0.000000 -9.058553 -1.127267 -26.254962 -0.162129 -0.096105 15.162682 5.033469 7.388900 11.917312 0.000000 0.000000 0.000000 16.556733 -8.851467 28.853972 -2.043586 1.434906 -19.913742 5.290838 2.403391 23.669492 18.711816 -10.002347 -17.288520 0.000000 0.000000 0.000000 7.670271 -16.196041 5.546254 -35.698498 -11.174417 -2.967054 -47.275211 -67.771737 31.029454 0.000000 0.000000 0.000000 20.597773 14.385857 11.056607 51.010479 54.797052 18.704024 6.226262 48.554255 7.045715 0.000000 0.000000 0.000000 
0.049934 0.947817 -0.029938 3.218952 23.120332 10.470315 7.505743 -0.881202 -8.742028 -3.042719 0.084776 3.504803 12.587021 24.795821 18.671379 0.000000 0.000000 0.000000 -9.185320 -1.146359 -25.924776 0.081397 -0.162217 14.969931 4.894642 7.113578 12.020611 0.000000 0.000000 0.000000 16.667821 -8.858643 28.723352 -1.886661 1.400814 -19.846092 5.534987 2.748157 23.616737 18.940309 -10.082728 -17.406691 0.000000 0.000000 0.000000 7.806058 -16.294787 5.590302 -35.933440 -11.424795 -2.949678 -47.623347 -67.546772 30.995374 0.000000 0.000000 0.000000 20.352689 14.410299 11.106382 51.369855 55.177212 19.185278 5.648321 47.285410 6.531282 0.000000 0.000000 0.000000 
0.050649 0.947853 -0.030315 3.195150 23.363465 10.391783 7.517291 -0.880755 -8.680148 -3.109554 0.088850 3.464074 12.680640 24.893922 18.645846 0.000000 0.000000 0.000000 -9.319053 -1.177883 -25.618404 0.155323 -0.177359 14.617728 4.798330 6.906351 12.196884 0.000000 0.000000 0.000000 16.834094 -8.914014 28.620124 -1.787480 1.381344 -19.741616 5.672299 2.967468 23.464819 18.940989 -9.990650 -17.512089 0.000000 0.000000 0.000000 7.991604 -16.258676 5.604104 -36.218845 -11.750180 -2.906457 -48.583491 -67.462231 31.506907 0.000000 0.000000 0.000000 19.887447 14.524960 11.124227 51.900952 55.389721 19.707613 5.122082 46.564026 6.171102 0.000000 0.000000 0.000000 
0.051322 0.947944 -0.030809 3.266529 23.577088 10.380841 7.419650 -0.883890 -8.754293 -3.036037 0.080492 3.488859 12.505351 24.705867 18.549047 0.000000 0.000000 0.000000 -9.390197 -1.201554 -25.453011 0.295553 -0.217082 14.463165 4.611240 6.631098 12.064500 0.000000 0.000000 0.000000 16.801276 -8.849463 28.412971 -1.541355 1.326040 -19.512214 5.857364 3.159710 23.309215 19.090034 -10.003718 -17.665011 0.000000 0.000000 0.000000 8.294110 -16.163128 5.605449 -36.525741 -12.076278 -2.876183 -49.523497 -67.256724 31.942838 0.000000 0.000000 0.000000 19.666316 14.499976 11.115477 52.002166 55.412284 19.841650 5.014116 46.017096 6.019467 0.000000 0.000000 0.000000 
0.052002 0.948085 -0.031411 3.317918 23.736821 10.431674 7.317808 -0.889148 -8.861055 -2.975440 0.075258 3.448434 12.458484 24.666363 18.591134 0.000000 0.000000 0.000000 -9.441559 -1.218636 -25.340784 0.433116 -0.256415 14.359667 4.386221 6.242144 12.054028 0.000000 0.000000 0.000000 16.800374 -8.806244 28.229909 -1.472837 1.311113 -19.437554 6.039392 3.238899 23.286832 19.089807 -9.994769 -17.631199 0.000000 0.000000 0.000000 8.335574 -16.157241 5.614956 -36.523267 -12.405071 -2.807678 -50.585271 -67.112644 32.551169 0.000000 0.000000 0.000000 19.621079 14.512793 11.151261 51.844533 55.346539 19.732485 5.045455 45.614396 5.951869 0.000000 0.000000 0.000000 
0.052722 0.948009 -0.032116 3.424434 24.097650 10.449578 7.170160 -0.894476 -8.951252 -2.919659 0.068194 3.422351 12.326070 24.521953 18.417656 0.000000 0.000000 0.000000 -9.579523 -1.276818 -25.186324 0.574104 -0.306070 14.308885 4.140405 5.857589 11.950910 0.000000 0.000000 0.000000 16.792197 -8.758675 27.990426 -1.271943 1.268152 -19.301284 6.183434 3.210997 23.236693 19.084875 -9.883716 -17.874853 0.000000 0.000000 0.000000 8.480448 -16.112385 5.620241 -36.557416 -12.814725 -2.728271 -50.769355 -66.814138 32.433444 0.000000 0.000000 0.000000 19.352132 14.546736 11.131133 51.411186 55.236291 19.485621 4.947713 45.406069 5.852931 0.000000 0.000000 0.000000 
0.053526 0.947825 -0.032848 3.440235 24.292550 10.384410 7.117645 -0.891837 -8.903219 -2.867291 0.063903 3.375941 12.326539 24.527425 18.505684 0.000000 0.000000 0.000000 -9.626061 -1.309612 -25.180776 0.656852 -0.341116 14.423218 4.067960 5.740911 11.934730 0.000000 0.000000 0.000000 16.876171 -8.799186 27.962539 -1.265209 1.271267 -19.260272 6.356748 3.142991 23.117926 18.840700 -9.749382 -17.737049 0.000000 0.000000 0.000000 8.439882 -15.954927 5.582474 -36.378187 -13.106002 -2.639599 -51.678721 -66.368639 32.806741 0.000000 0.000000 0.000000 19.189574 14.616425 11.118073 51.111540 55.142940 19.299112 5.311851 44.833902 5.869131 0.000000 0.000000 0.000000 
0.054350 0.947634 -0.033550 3.482312 24.456569 10.280522 6.928754 -0.879605 -8.769346 -2.750226 0.055882 3.300410 12.263662 24.449549 18.449085 0.000000 0.000000 0.000000 -9.720041 -1.335059 -24.996141 0.667373 -0.348309 14.378940 4.032815 5.663240 12.029495 0.000000 0.000000 0.000000 16.844173 -8.770653 27.886881 -1.071183 1.225870 -19.125621 6.425469 3.126181 23.094955 18.679228 -9.608113 -17.787896 0.000000 0.000000 0.000000 8.666440 -15.971791 5.597671 -36.432607 -13.330969 -2.607978 -51.670054 -66.063038 32.585836 0.000000 0.000000 0.000000 19.106726 14.725949 11.170231 50.570296 55.021226 18.949118 5.276927 44.404595 5.747734 0.000000 0.000000 0.000000 
0.055136 0.947483 -0.034213 3.560658 24.766707 10.250387 6.843612 -0.872064 -8.622401 -2.751829 0.054911 3.245344 12.324262 24.507641 18.449968 0.000000 0.000000 0.000000 -9.803777 -1.381487 -24.911148 0.554723 -0.326380 14.348742 4.105006 5.766979 12.210628 0.000000 0.000000 0.000000 16.922904 -8.808989 27.821508 -1.074180 1.233460 -19.159646 6.493127 2.967417 23.103074 18.618138 -9.608380 -17.667586 0.000000 0.000000 0.000000 8.598949 -16.008416 5.605691 -36.259188 -13.686173 -2.508782 -51.158203 -65.698913 32.010459 0.000000 0.000000 0.000000 18.893547 14.671719 11.071181 50.415930 54.912322 18.833469 5.483939 44.208838 5.782106 0.000000 0.000000 0.000000 
0.055814 0.947450 -0.034861 3.644734 24.978966 10.199337 6.777963 -0.861627 -8.440253 -2.750908 0.057859 3.080692 12.366356 24.563353 18.762635 0.000000 0.000000 0.000000 -9.813514 -1.388423 -24.737648 0.509163 -0.314044 14.192730 4.189266 5.929182 12.256946 0.000000 0.000000 0.000000 16.816129 -8.745155 27.713192 -0.891947 1.192392 -19.058807 6.535402 2.753841 23.073563 18.449868 -9.483072 -17.727725 0.000000 0.000000 0.000000 8.492164 -16.033686 5.602548 -36.234392 -13.807843 -2.474411 -50.748667 -65.488628 31.649855 0.000000 0.000000 0.000000 18.938478 14.699433 11.070067 49.875807 54.891247 18.517075 5.526259 43.987761 5.732493 0.000000 0.000000 0.000000 
0.056376 0.947543 -0.035497 3.616955 25.244276 10.046315 6.906602 -0.852195 -8.163317 -2.895681 0.070747 2.910338 12.562971 24.763387 18.907138 0.000000 0.000000 0.000000 -9.878095 -1.405166 -24.475449 0.513050 -0.315500 14.009746 4.216805 5.958120 12.413270 0.000000 0.000000 0.000000 16.815591 -8.800093 27.812828 -0.796203 1.173314 -19.054268 6.597526 2.538783 23.007599 18.170183 -9.235831 -17.885933 0.000000 0.000000 0.000000 8.345659 -16.046083 5.595995 -36.313171 -13.819284 -2.464218 -50.014220 -65.425371 31.160128 0.000000 0.000000 0.000000 18.702590 14.779551 11.010528 49.563201 54.847679 18.365321 5.301934 43.877718 5.593533 0.000000 0.000000 0.000000 
0.056859 0.947421 -0.036154 3.576646 25.424949 9.923553 7.019477 -0.845366 -7.939446 -2.966554 0.077895 2.771308 12.804614 25.014749 19.115040 0.000000 0.000000 0.000000 -9.899072 -1.398584 -24.196521 0.446481 -0.289533 13.720357 4.318656 6.154315 12.448750 0.000000 0.000000 0.000000 16.788184 -8.793693 27.792767 -0.816712 1.183002 -18.994456 6.774314 2.325651 22.993688 17.937136 -9.130086 -17.767433 0.000000 0.000000 0.000000 8.209674 -15.907233 5.550461 -36.421640 -13.831872 -2.464753 -49.598620 -65.297914 30.867753 0.000000 0.000000 0.000000 18.483224 14.925244 10.988411 49.335848 54.881605 18.289502 5.108990 43.597567 5.435532 0.000000 0.000000 0.000000 
0.057290 0.947294 -0.036839 3.564232 25.597590 9.864519 7.016845 -0.838723 -7.785849 -3.097373 0.086455 2.710764 12.896700 25.093825 18.994029 0.000000 0.000000 0.000000 -9.920557 -1.411530 -24.096875 0.382014 -0.279891 13.762658 4.452774 6.476781 12.230646 0.000000 0.000000 0.000000 16.742677 -8.819682 27.877265 -0.787817 1.179486 -19.071636 6.851270 2.353280 22.971026 17.874697 -9.109020 -17.662174 0.000000 0.000000 0.000000 8.080337 -15.924721 5.554263 -36.525494 -13.747751 -2.493339 -48.808282 -65.300955 30.294389 0.000000 0.000000 0.000000 18.403298 14.899249 10.976273 49.042383 55.042877 18.246605 4.649423 43.263272 5.186100 0.000000 0.000000 0.000000 
0.057708 0.947128 -0.037482 3.575195 25.813409 9.861805 6.946490 -0.834480 -7.709829 -3.195255 0.087966 2.818128 13.145959 25.347915 19.002908 0.000000 0.000000 0.000000 -9.949691 -1.428018 -23.971343 0.297172 -0.259705 13.665058 4.618619 6.795272 12.238700 0.000000 0.000000 0.000000 16.713790 -8.786875 27.758327 -0.889301 1.211128 -19.048741 7.017745 2.199488 22.997536 17.666727 -9.071503 -17.356492 0.000000 0.000000 0.000000 8.056075 -15.792945 5.521305 -36.637867 -13.821519 -2.491577 -47.941755 -65.209041 29.663744 0.000000 0.000000 0.000000 18.355612 14.937398 10.982664 48.837136 55.017052 18.118780 4.436257 42.998963 5.049357 0.000000 0.000000 0.000000 
0.058122 0.947081 -0.038029 3.614584 26.091573 9.718506 6.888537 -0.821114 -7.476235 -3.341971 0.096730 2.739195 13.231186 25.418030 18.969282 0.000000 0.000000 0.000000 -9.951510 -1.427668 -23.696909 0.195663 -0.240110 13.629886 4.783676 7.134583 12.182796 0.000000 0.000000 0.000000 16.711063 -8.797754 27.741793 -0.936760 1.230408 -18.988886 7.113875 2.125248 22.998364 17.587179 -9.131924 -17.011248 0.000000 0.000000 0.000000 8.001022 -15.842997 5.532647 -36.664208 -13.648419 -2.542811 -47.429522 -65.057842 29.205755 0.000000 0.000000 0.000000 18.303126 14.770820 10.881736 48.814339 54.902342 18.049586 4.524441 43.047770 5.091411 0.000000 0.000000 0.000000 
0.058509 0.946947 -0.038489 3.587388 26.323866 9.579778 6.825586 -0.810222 -7.300036 -3.366317 0.096655 2.716311 13.269636 25.441452 18.918978 0.000000 0.000000 0.000000 -9.968602 -1.428332 -23.449029 0.161177 -0.238085 13.615397 4.942559 7.457585 12.128119 0.000000 0.000000 0.000000 16.653169 -8.791403 27.745457 -0.985152 1.248632 -19.060986 7.264008 2.017894 23.103083 17.440531 -9.137364 -16.710921 0.000000 0.000000 0.000000 8.083966 -15.775846 5.519575 -36.754476 -13.368260 -2.637103 -47.446945 -64.837325 29.072122 0.000000 0.000000 0.000000 18.310787 14.698299 10.849417 48.498488 54.644727 17.720487 4.972695 43.280688 5.305783 0.000000 0.000000 0.000000 
0.058830 0.946839 -0.038869 3.503959 26.640666 9.442619 6.805211 -0.807972 -7.237697 -3.422981 0.097314 2.698959 13.398903 25.569374 18.961339 0.000000 0.000000 0.000000 -9.816925 -1.396215 -23.248382 0.030336 -0.223568 13.810767 4.962606 7.610641 11.844439 0.000000 0.000000 0.000000 16.673403 -8.793240 27.656956 -0.902161 1.236066 -18.844173 7.203638 1.990598 22.935953 17.434567 -9.255190 -16.300119 0.000000 0.000000 0.000000 8.164004 -15.798267 5.536074 -36.794763 -12.904469 -2.755638 -47.821955 -64.534646 29.090572 0.000000 0.000000 0.000000 18.449998 14.595604 10.849240 48.478149 54.282846 17.507839 5.642208 43.546970 5.618312 0.000000 0.000000 0.000000 
0.059057 0.946727 -0.039243 3.456017 26.896186 9.561234 6.812784 -0.818181 -7.353046 -3.484022 0.097826 2.720176 13.334027 25.502593 18.864792 0.000000 0.000000 0.000000 -9.750476 -1.407484 -23.343193 0.100850 -0.255329 13.895342 4.890297 7.557976 11.659622 0.000000 0.000000 0.000000 16.649232 -8.729626 27.411599 -0.974840 1.257020 -18.828981 7.309900 1.945324 23.040918 17.576661 -9.497649 -15.893415 0.000000 0.000000 0.000000 8.287974 -15.701455 5.525128 -36.992465 -12.484692 -2.900048 -48.557189 -64.163938 29.308496 0.000000 0.000000 0.000000 18.612701 14.304527 10.770934 48.313625 54.088418 17.278967 6.312858 44.092548 6.018710 0.000000 0.000000 0.000000 
0.059232 0.946717 -0.039659 3.439529 27.288589 9.650526 6.682335 -0.821624 -7.433326 -3.399700 0.087350 2.766681 13.270838 25.430301 18.726806 0.000000 0.000000 0.000000 -9.641788 -1.419607 -23.410442 -0.053560 -0.235752 14.086174 4.883136 7.612681 11.542671 0.000000 0.000000 0.000000 16.624725 -8.718040 27.280085 -0.911669 1.249810 -18.761694 7.266908 1.830164 23.062203 17.692073 -9.658549 -15.660232 0.000000 0.000000 0.000000 8.412611 -15.716179 5.542957 -37.142725 -12.096335 -3.028923 -49.451666 -63.909630 29.710442 0.000000 0.000000 0.000000 18.832597 14.137606 10.767596 47.984145 53.734448 16.876695 7.150359 44.999282 6.564664 0.000000 0.000000 0.000000 
0.059419 0.946702 -0.040153 3.306312 27.588419 9.801302 6.792245 -0.846212 -7.702791 -3.554269 0.092946 2.755864 13.283204 25.454660 18.686588 0.000000 0.000000 0.000000 -9.458170 -1.405173 -23.531899 -0.080048 -0.241142 14.129641 4.707474 7.430348 11.193815 0.000000 0.000000 0.000000 16.600805 -8.703736 27.143869 -0.813106 1.227409 -18.757688 7.209134 1.907035 23.194917 18.025133 -9.885635 -15.657899 0.000000 0.000000 0.000000 8.581771 -15.659513 5.554130 -37.265924 -11.753075 -3.155918 -50.599384 -63.543637 30.132075 0.000000 0.000000 0.000000 19.090968 13.953568 10.814945 47.457187 53.780167 16.592201 7.404635 45.591337 6.825378 0.000000 0.000000 0.000000 
0.059648 0.946762 -0.040756 3.172552 27.755747 9.994065 6.802668 -0.865925 -7.972292 -3.637070 0.094475 2.782862 13.394937 25.584341 18.678189 0.000000 0.000000 0.000000 -9.229634 -1.388654 -23.842791 -0.211862 -0.216156 14.244053 4.615021 7.245707 11.302383 0.000000 0.000000 0.000000 16.573729 -8.745329 27.195412 -0.845323 1.237359 -18.856584 7.206123 1.985634 23.390250 18.130563 -9.958030 -15.633660 0.000000 0.000000 0.000000 8.734467 -15.509193 5.537974 -37.498562 -11.318974 -3.320739 -51.916388 -62.987074 30.586011 0.000000 0.000000 0.000000 19.237969 13.706133 10.778133 47.146760 53.949716 16.491773 7.566886 46.521005 7.137531 0.000000 0.000000 0.000000 
0.059990 0.946707 -0.041447 3.069047 27.892331 10.272555 6.872748 -0.898531 -8.412376 -3.783451 0.096692 2.968022 13.434641 25.639201 18.442577 0.000000 0.000000 0.000000 -9.174149 -1.430680 -24.309299 -0.229729 -0.218402 14.335958 4.605895 7.239548 11.290988 0.000000 0.000000 0.000000 16.474944 -8.693139 27.066038 -0.729476 1.205070 -18.804362 7.160973 1.984671 23.567412 18.318352 -10.116930 -15.581717 0.000000 0.000000 0.000000 9.015011 -15.511815 5.559294 -37.828452 -10.824906 -3.518138 -54.030666 -62.762976 31.804809 0.000000 0.000000 0.000000 19.301735 13.713165 10.839347 46.656573 54.167838 16.337783 7.260155 47.475415 7.231888 0.000000 0.000000 0.000000 
0.060406 0.946641 -0.042129 2.988579 28.098246 10.446233 6.813517 -0.914201 -8.645385 -3.843651 0.098564 2.887734 13.751097 25.983385 18.571014 0.000000 0.000000 0.000000 -9.025553 -1.432248 -24.555693 -0.446702 -0.164141 14.336163 4.621992 7.247511 11.427377 0.000000 0.000000 0.000000 16.392580 -8.680022 27.026647 -0.786854 1.221510 -18.817873 7.244122 1.863801 23.634958 18.343734 -10.255926 -15.272702 0.000000 0.000000 0.000000 9.058112 -15.218350 5.495499 -37.987870 -10.490783 -3.636814 -56.846125 -61.935446 33.139180 0.000000 0.000000 0.000000 19.494451 13.430028 10.743947 46.371021 54.288048 16.212009 7.556650 48.223332 7.562169 0.000000 0.000000 0.000000 
0.060875 0.946537 -0.042743 2.932717 28.306833 10.642076 6.688534 -0.926413 -8.846772 -3.856920 0.097280 2.816244 13.815051 26.055158 18.490551 0.000000 0.000000 0.000000 -8.967952 -1.465627 -24.819527 -0.488256 -0.162572 14.399214 4.625035 7.254100 11.468994 0.000000 0.000000 0.000000 16.283672 -8.577233 26.772452 -0.709939 1.203652 -18.687244 7.198282 1.775850 23.909122 18.444794 -10.363438 -15.215248 0.000000 0.000000 0.000000 9.041700 -15.348806 5.529821 -38.121700 -10.277000 -3.736204 -58.183341 -62.033542 34.061491 0.000000 0.000000 0.000000 19.337485 13.375860 10.700915 46.465475 54.495069 16.371842 7.017395 48.940321 7.507185 0.000000 0.000000 0.000000 
0.061385 0.946358 -0.043329 2.858840 28.742065 10.606591 6.685751 -0.945589 -9.086646 -3.953790 0.092413 3.044157 14.071307 26.312525 18.279269 0.000000 0.000000 0.000000 -9.022204 -1.527016 -24.840921 -0.498416 -0.175388 14.411888 4.571688 7.190933 11.454889 0.000000 0.000000 0.000000 16.247285 -8.635975 26.847065 -0.565221 1.173297 -18.602059 7.118476 1.668692 23.833050 18.184348 -10.164818 -15.146831 0.000000 0.000000 0.000000 8.971629 -15.253015 5.514522 -38.176313 -10.227538 -3.751717 -60.340159 -61.937821 35.395626 0.000000 0.000000 0.000000 19.016666 13.340307 10.613858 46.579221 54.653984 16.581103 6.780398 49.076181 7.442562 0.000000 0.000000 0.000000 
0.061885 0.946166 -0.043955 2.728120 28.967066 10.669907 6.693996 -0.963747 -9.309650 -3.989224 0.088089 3.187776 14.127426 26.382849 18.322604 0.000000 0.000000 0.000000 -9.024503 -1.580444 -25.093482 -0.461399 -0.205800 14.644426 4.570932 7.215917 11.385838 0.000000 0.000000 0.000000 16.016778 -8.496565 26.644356 -0.458817 1.149179 -18.241034 7.185266 1.806307 23.787216 18.195387 -10.022446 -15.479649 0.000000 0.000000 0.000000 8.888494 -15.397076 5.558620 -38.370160 -10.353496 -3.754867 -62.001176 -62.428159 36.780450 0.000000 0.000000 0.000000 18.785571 13.281378 10.584028 46.691703 54.870061 16.802671 6.264861 49.144926 7.246791 0.000000 0.000000 0.000000 
0.062336 0.945900 -0.044616 2.673124 29.413011 10.724414 6.703917 -0.988403 -9.592714 -4.011000 0.078066 3.436538 14.080821 26.330067 18.022081 0.000000 0.000000 0.000000 -9.080114 -1.647666 -25.140368 -0.419248 -0.239994 14.745696 4.498331 7.204002 11.064458 0.000000 0.000000 0.000000 15.796756 -8.425132 26.556669 -0.346006 1.129724 -18.232451 7.257576 1.965214 23.798287 18.117322 -9.988453 -15.271974 0.000000 0.000000 0.000000 8.731934 -15.490205 5.598225 -38.390013 -10.920131 -3.621921 -63.251202 -63.225596 38.049351 0.000000 0.000000 0.000000 18.555477 13.270164 10.628177 46.700023 55.023235 16.941652 5.544403 48.977245 6.918466 0.000000 0.000000 0.000000 
0.062676 0.945674 -0.045351 2.540391 29.717313 10.930983 6.672581 -1.017629 -9.944604 -4.038304 0.069961 3.652386 14.235268 26.509486 18.067254 0.000000 0.000000 0.000000 -9.021930 -1.702504 -25.465824 -0.355832 -0.274529 14.847908 4.493879 7.285070 10.802303 0.000000 0.000000 0.000000 15.672768 -8.254946 26.107931 -0.320804 1.126308 -17.906484 7.276081 2.007180 23.859828 18.136427 -9.902268 -15.470163 0.000000 0.000000 0.000000 8.625904 -15.684076 5.654186 -38.790019 -11.547044 -3.524343 -64.505814 -64.269449 39.656744 0.000000 0.000000 0.000000 18.182922 13.376384 10.655733 47.154369 55.456010 17.490315 4.522960 48.688530 6.422588 0.000000 0.000000 0.000000 
0.062912 0.945443 -0.046082 2.364700 30.128411 10.933192 6.709197 -1.040704 -10.184554 -4.033667 0.062047 3.741143 14.467761 26.744270 17.935695 0.000000 0.000000 0.000000 -8.888147 -1.703537 -25.468750 -0.323564 -0.301162 14.872639 4.478272 7.317769 10.690585 0.000000 0.000000 0.000000 15.479530 -8.194325 26.034503 -0.320935 1.135596 -17.935443 7.272186 2.095189 23.768532 17.878384 -9.634328 -15.518309 0.000000 0.000000 0.000000 8.651981 -15.832217 5.712414 -39.092905 -12.325649 -3.361650 -65.094662 -65.275961 40.727418 0.000000 0.000000 0.000000 17.895623 13.443820 10.701644 47.735382 55.749295 18.041560 3.559577 48.526705 6.004394 0.000000 0.000000 0.000000 
0.063088 0.945276 -0.046786 2.047293 30.286845 10.878609 6.800730 -1.054931 -10.313175 -4.038638 0.055908 3.905099 14.647055 26.925926 17.866397 0.000000 0.000000 0.000000 -8.563921 -1.648103 -25.661653 -0.180786 -0.354434 14.971210 4.431205 7.251143 10.648629 0.000000 0.000000 0.000000 15.265592 -8.084232 25.921838 -0.237250 1.119495 -17.969909 7.387123 2.132766 23.940762 17.857332 -9.498652 -15.810744 0.000000 0.000000 0.000000 8.894253 -15.835102 5.736095 -39.720090 -13.172319 -3.249874 -65.430633 -66.164062 41.643773 0.000000 0.000000 0.000000 17.636251 13.594272 10.762435 48.058969 56.146448 18.483301 2.580528 48.428963 5.573920 0.000000 0.000000 0.000000 
0.063312 0.945231 -0.047431 1.914036 30.705012 10.892936 6.721203 -1.077546 -10.587423 -4.004695 0.045827 3.992026 14.687582 26.974262 17.838618 0.000000 0.000000 0.000000 -8.471794 -1.676195 -25.776276 -0.087108 -0.403405 15.064963 4.343265 7.097703 10.707287 0.000000 0.000000 0.000000 15.038431 -8.023015 25.886329 -0.151645 1.109843 -18.097435 7.329058 2.103165 23.848282 17.608191 -9.236435 -15.916717 0.000000 0.000000 0.000000 9.154882 -16.177036 5.847207 -40.029922 -13.827281 -3.124662 -65.262901 -66.699192 41.860846 0.000000 0.000000 0.000000 17.728594 13.619434 10.874718 48.586104 56.342039 18.883372 1.593668 48.215964 5.146586 0.000000 0.000000 0.000000 
0.063674 0.945120 -0.048006 1.610429 30.778633 10.824639 6.765912 -1.090762 -10.738481 -3.889676 0.037981 3.998294 14.811039 27.102555 17.740291 0.000000 0.000000 0.000000 -8.113543 -1.604408 -26.007993 -0.023464 -0.449231 15.414360 4.300481 7.075694 10.494948 0.000000 0.000000 0.000000 14.802144 -7.897698 25.778790 -0.022202 1.077803 -17.873799 7.347679 2.161132 23.632531 17.431937 -9.200414 -15.591112 0.000000 0.000000 0.000000 9.417517 -16.377996 5.914405 -40.513161 -14.008368 -3.132601 -64.784242 -66.911682 41.655625 0.000000 0.000000 0.000000 17.799717 13.772917 11.016357 48.696661 56.441671 19.001951 0.774308 48.113743 4.787487 0.000000 0.000000 0.000000 
0.064263 0.944999 -0.048531 1.411915 30.801762 10.572146 6.712463 -1.090672 -10.796018 -3.892856 0.029829 4.286177 14.929374 27.212862 17.496589 0.000000 0.000000 0.000000 -7.858027 -1.533269 -26.034311 -0.075570 -0.456431 15.711383 4.347229 7.104951 10.677892 0.000000 0.000000 0.000000 14.691047 -7.931080 26.016520 -0.092308 1.100891 -18.019141 7.387519 2.166015 23.733546 17.203587 -9.042463 -15.552885 0.000000 0.000000 0.000000 9.581079 -16.678346 5.988858 -40.882339 -14.019789 -3.180478 -64.301051 -66.537672 41.034526 0.000000 0.000000 0.000000 17.947092 13.646244 10.998822 49.129892 56.475196 19.225725 0.400666 47.945851 4.620655 0.000000 0.000000 0.000000 
0.065084 0.944938 -0.049023 1.192841 30.771321 10.399579 6.795707 -1.087353 -10.750043 -4.008182 0.038473 4.245258 14.909570 27.177260 17.214139 0.000000 0.000000 0.000000 -7.777290 -1.522363 -26.163663 0.037095 -0.523122 16.174859 4.334228 7.123817 10.459585 0.000000 0.000000 0.000000 14.611735 -7.897344 26.033478 0.097591 1.048685 -17.871023 7.297456 2.290540 23.686200 17.220049 -9.086237 -15.429797 0.000000 0.000000 0.000000 9.846349 -17.097074 6.097261 -41.225182 -13.663339 -3.332739 -63.299663 -65.935992 39.819899 0.000000 0.000000 0.000000 18.042510 13.792079 11.130467 48.976953 56.268634 19.014794 -0.146890 47.637377 4.317320 0.000000 0.000000 0.000000 
0.066036 0.944899 -0.049459 1.103890 30.843631 10.154710 6.747651 -1.070230 -10.564030 -4.015695 0.037040 4.286863 14.965032 27.209652 17.140248 0.000000 0.000000 0.000000 -7.622905 -1.482221 -26.124318 -0.084763 -0.515851 16.507546 4.353865 7.092140 10.686590 0.000000 0.000000 0.000000 14.531166 -7.960022 26.320906 0.265495 1.008170 -17.895723 7.234432 2.246848 23.806884 17.143173 -9.019185 -15.492293 0.000000 0.000000 0.000000 9.699805 -17.359254 6.140755 -41.853474 -13.094706 -3.560746 -61.874170 -65.051603 38.207208 0.000000 0.000000 0.000000 18.066553 13.729404 11.080613 49.007595 56.070317 18.909879 -0.064107 47.211091 4.254603 0.000000 0.000000 0.000000 
0.067017 0.944867 -0.049807 0.991343 30.648403 10.074751 6.702449 -1.060529 -10.497166 -4.030415 0.042233 4.222772 14.807129 27.037542 16.877841 0.000000 0.000000 0.000000 -7.505567 -1.428972 -26.151638 -0.027749 -0.539435 16.699483 4.164132 6.785830 10.489883 0.000000 0.000000 0.000000 14.341991 -7.819377 26.194624 0.468380 0.942370 -17.490957 7.200779 2.342535 23.792127 17.251860 -9.114753 -15.470919 0.000000 0.000000 0.000000 9.903281 -17.628741 6.203376 -42.369263 -12.597767 -3.778787 -60.937961 -63.919909 36.773104 0.000000 0.000000 0.000000 18.169622 13.835451 11.165363 48.535033 55.814970 18.486391 0.143104 46.689777 4.220263 0.000000 0.000000 0.000000 
0.067922 0.945036 -0.050054 1.033435 30.847141 10.016136 6.604281 -1.046964 -10.329896 -4.008809 0.038064 4.232158 14.655053 26.857996 16.857115 0.000000 0.000000 0.000000 -7.442309 -1.411033 -25.985638 -0.149876 -0.507303 16.633405 4.083279 6.573268 10.809692 0.000000 0.000000 0.000000 14.264924 -7.838196 26.298726 0.634980 0.901375 -17.506088 7.185114 2.217744 24.108368 17.265796 -9.095515 -15.615964 0.000000 0.000000 0.000000 9.638827 -17.818718 6.228112 -42.855158 -11.725768 -4.110699 -59.794036 -62.637602 35.131657 0.000000 0.000000 0.000000 18.143553 13.623192 11.020222 48.248815 55.429242 18.099052 0.884842 46.794287 4.517198 0.000000 0.000000 0.000000 
0.068717 0.945044 -0.050274 1.044471 30.712907 10.023551 6.560235 -1.031940 -10.164803 -4.033488 0.046796 4.026059 14.409455 26.596307 16.826528 0.000000 0.000000 0.000000 -7.377046 -1.339784 -25.701801 -0.194637 -0.460557 16.260228 3.698295 5.978937 10.427399 0.000000 0.000000 0.000000 14.016158 -7.695711 26.205694 0.897288 0.814699 -17.086122 7.124008 2.173525 24.163735 16.863089 -8.842254 -15.503235 0.000000 0.000000 0.000000 9.623379 -17.803135 6.212452 -43.255961 -10.924857 -4.405968 -59.791374 -61.756421 34.591579 0.000000 0.000000 0.000000 18.144706 13.693046 11.022339 48.033922 55.068629 17.770772 1.846480 46.635586 4.860470 0.000000 0.000000 0.000000 
0.069414 0.945052 -0.050391 1.017380 30.573235 10.060724 6.618317 -1.030042 -10.130402 -4.047496 0.048067 4.086271 14.343051 26.535354 16.886977 0.000000 0.000000 0.000000 -7.275982 -1.285009 -25.631809 -0.328540 -0.395015 15.998304 3.526143 5.635264 10.553466 0.000000 0.000000 0.000000 13.683904 -7.653596 26.482484 0.888892 0.818129 -17.289559 7.342052 2.141397 24.464957 16.425729 -8.566497 -15.396917 0.000000 0.000000 0.000000 9.572318 -17.681091 6.171298 -43.588861 -9.997938 -4.758716 -59.624330 -60.647126 33.773098 0.000000 0.000000 0.000000 18.094729 13.709560 10.982854 47.984129 54.521644 17.426665 3.236592 46.927557 5.471337 0.000000 0.000000 0.000000 
0.070014 0.945233 -0.050485 0.999120 30.501509 10.170605 6.545180 -1.019976 -10.014312 -4.022737 0.050423 3.964079 13.931159 26.089487 16.685093 0.000000 0.000000 0.000000 -7.177854 -1.212689 -25.343403 -0.504212 -0.298326 15.375026 3.140952 5.004497 10.315270 0.000000 0.000000 0.000000 13.461218 -7.452293 26.158041 1.010951 0.774659 -17.022687 7.347719 2.005744 24.806210 15.905666 -8.196943 -15.394166 0.000000 0.000000 0.000000 9.472546 -17.603256 6.139762 -44.004093 -9.524846 -4.988183 -59.099931 -60.376503 33.311045 0.000000 0.000000 0.000000 18.107235 13.893217 11.065693 47.648564 53.912230 16.873707 4.179943 47.289381 5.914852 0.000000 0.000000 0.000000 
0.070547 0.945583 -0.050546 1.073852 30.640498 10.392491 6.360247 -1.026680 -10.133875 -3.840891 0.040897 3.847776 13.753462 25.935958 16.997666 0.000000 0.000000 0.000000 -7.163589 -1.199546 -25.159623 -0.604096 -0.229388 14.657073 3.069754 4.850696 10.575186 0.000000 0.000000 0.000000 13.254561 -7.355680 26.045436 1.164177 0.737902 -17.177439 7.326156 1.988195 25.243729 15.541942 -7.793439 -15.735831 0.000000 0.000000 0.000000 9.567440 -17.285309 6.079857 -44.257397 -9.575928 -5.074068 -59.179491 -60.176419 33.172408 0.000000 0.000000 0.000000 17.992236 13.806786 11.027007 48.022936 53.317729 16.732452 4.854980 47.754371 6.326314 0.000000 0.000000 0.000000 
0.070920 0.945951 -0.050589 1.111829 30.697521 10.704441 6.118269 -1.031078 -10.236882 -3.613979 0.034165 3.579299 13.112870 25.249405 16.646527 0.000000 0.000000 0.000000 -7.103749 -1.164014 -24.991766 -0.487334 -0.225852 14.012663 2.668645 4.191227 10.329658 0.000000 0.000000 0.000000 12.888025 -6.993678 25.326454 1.326437 0.681181 -16.715627 7.491394 1.737678 25.390407 14.807584 -7.330438 -15.519252 0.000000 0.000000 0.000000 9.328234 -17.231908 6.047974 -44.412933 -9.642075 -5.080775 -58.503615 -60.655646 33.128305 0.000000 0.000000 0.000000 18.122144 14.049680 11.185971 47.833485 52.715937 16.248435 5.256592 47.702721 6.469610 0.000000 0.000000 0.000000 
0.071153 0.946247 -0.050646 1.157331 31.058035 10.729017 6.082930 -1.043850 -10.358605 -3.670479 0.031712 3.601628 12.686510 24.794891 16.531758 0.000000 0.000000 0.000000 -7.147937 -1.177587 -24.669788 -0.361889 -0.249824 13.587818 2.421410 3.736485 10.528124 0.000000 0.000000 0.000000 12.620370 -6.865505 25.159011 1.361354 0.678111 -16.596945 7.509232 1.581503 25.410673 13.997219 -6.840683 -15.075174 0.000000 0.000000 0.000000 9.172056 -17.129160 6.021731 -44.427515 -10.077049 -4.950642 -58.447754 -61.318032 33.501880 0.000000 0.000000 0.000000 18.101922 14.123903 11.250539 48.629662 52.150987 16.333468 4.841877 47.339080 6.233812 0.000000 0.000000 0.000000 
0.071229 0.946505 -0.050659 1.128602 31.308564 10.683839 6.023228 -1.042696 -10.335772 -3.614621 0.023183 3.691149 12.348349 24.389168 16.150335 0.000000 0.000000 0.000000 -7.103398 -1.163999 -24.439489 -0.267642 -0.271068 13.345982 2.133742 3.245780 10.455406 0.000000 0.000000 0.000000 12.562872 -6.774151 24.894563 1.012350 0.789280 -16.772097 7.536740 1.220025 25.983641 13.357297 -6.508587 -14.692086 0.000000 0.000000 0.000000 9.063017 -17.019139 5.978306 -44.359624 -10.736020 -4.781877 -57.791432 -62.515776 33.941030 0.000000 0.000000 0.000000 17.885492 14.474427 11.373620 49.468615 51.876865 16.558260 3.449093 46.712044 5.529256 0.000000 0.000000 0.000000 
0.071195 0.946353 -0.050712 1.234553 31.957847 10.658562 5.933651 -1.070084 -10.630505 -3.657938 0.010269 3.929190 12.046908 24.089715 16.196741 0.000000 0.000000 0.000000 -7.090469 -1.202981 -24.256020 -0.180383 -0.319533 13.355278 1.841532 2.803517 10.169707 0.000000 0.000000 0.000000 12.343613 -6.683020 24.723429 1.096276 0.777230 -16.614527 7.286551 1.378039 26.103340 13.032927 -6.189937 -14.658849 0.000000 0.000000 0.000000 8.865769 -17.316788 6.065818 -43.959246 -11.828881 -4.412234 -57.000848 -64.064450 34.166104 0.000000 0.000000 0.000000 17.730332 14.670209 11.586236 50.251636 51.821292 16.961394 1.684749 45.601620 4.631355 0.000000 0.000000 0.000000 
0.071038 0.946244 -0.050590 1.106140 31.966495 10.391673 6.005801 -1.057949 -10.491826 -3.764986 0.016203 3.948086 11.611331 23.523910 15.515789 0.000000 0.000000 0.000000 -7.125680 -1.147146 -23.676865 0.154945 -0.399933 13.111641 1.577625 2.399982 9.588434 0.000000 0.000000 0.000000 12.242034 -6.549156 24.463731 0.724869 0.878951 -16.338854 7.270072 1.443196 26.062913 12.376745 -5.936080 -13.802850 0.000000 0.000000 0.000000 8.086530 -17.501869 6.063895 -43.403078 -12.359922 -4.109417 -55.258632 -64.760142 33.381431 0.000000 0.000000 0.000000 17.729332 15.004083 11.791569 50.234273 51.415742 16.717586 0.550252 45.106053 4.069015 0.000000 0.000000 0.000000 
0.070807 0.945920 -0.050168 1.227492 32.199340 10.215333 6.015049 -1.061989 -10.537332 -3.972345 0.016462 4.223974 11.412515 23.244917 15.061982 0.000000 0.000000 0.000000 -7.332401 -1.190985 -23.319543 0.259473 -0.459640 13.400089 1.493791 2.297750 9.252202 0.000000 0.000000 0.000000 11.941889 -6.419595 24.387961 0.343884 1.000792 -16.493089 7.162021 1.289219 26.189619 11.813615 -5.744455 -13.004925 0.000000 0.000000 0.000000 7.147583 -17.889774 6.096102 -42.962642 -12.406333 -3.971588 -53.614847 -65.040251 32.423493 0.000000 0.000000 0.000000 17.523748 15.098971 11.776141 50.996930 50.842788 16.795975 -0.199837 44.666259 3.694347 0.000000 0.000000 0.000000 
0.070530 0.945712 -0.049339 1.285984 32.566517 10.025214 6.043026 -1.037328 -10.199345 -4.096393 0.018805 4.227822 10.711336 22.291490 14.182294 0.000000 0.000000 0.000000 -7.503599 -1.174965 -22.476424 0.556883 -0.529212 12.962953 0.996966 1.407978 9.022650 0.000000 0.000000 0.000000 11.795778 -6.295263 24.112198 0.010123 1.109239 -16.734355 6.810219 1.135232 26.343760 11.429004 -5.654405 -12.257937 0.000000 0.000000 0.000000 6.224454 -18.101907 6.092874 -42.193209 -12.689188 -3.722582 -51.244007 -64.947622 30.658951 0.000000 0.000000 0.000000 16.912654 15.148172 11.635078 52.289601 50.409210 17.291430 -2.088998 43.998745 2.886741 0.000000 0.000000 0.000000 
0.070157 0.945366 -0.048041 1.382780 32.753171 9.789654 6.027159 -1.036427 -10.203269 -4.227976 0.016472 4.457772 10.296058 21.736888 13.717285 0.000000 0.000000 0.000000 -7.714780 -1.178560 -21.766973 0.899244 -0.620900 12.741223 0.843518 1.176185 8.541139 0.000000 0.000000 0.000000 11.393382 -6.101614 23.955677 -0.291212 1.207463 -16.928967 6.524468 1.235335 26.548320 11.166072 -5.563565 -11.792191 0.000000 0.000000 0.000000 5.132513 -18.747025 6.183374 -41.896513 -12.116680 -3.782456 -48.559309 -64.600546 28.558409 0.000000 0.000000 0.000000 17.156268 15.033036 11.733465 51.954099 50.145945 16.909970 -3.807082 43.472637 2.178045 0.000000 0.000000 0.000000 
0.069720 0.945416 -0.046427 1.285780 32.292165 9.457443 6.325173 -1.018350 -9.951050 -4.689278 0.042315 4.720951 9.617224 20.798335 13.009562 0.000000 0.000000 0.000000 -7.721207 -1.059532 -20.996540 1.191842 -0.663812 12.383552 0.623752 0.734104 8.320274 0.000000 0.000000 0.000000 10.968716 -5.837575 23.717958 -0.642736 1.305126 -17.138579 6.135415 1.563618 26.474601 10.735519 -5.433332 -11.036736 0.000000 0.000000 0.000000 3.556553 -18.339528 5.954047 -41.041358 -11.578291 -3.679642 -46.890797 -63.330298 26.703677 0.000000 0.000000 0.000000 17.303116 14.699276 11.638581 52.552075 49.415948 16.748119 -5.095375 43.234235 1.712765 0.000000 0.000000 0.000000 
0.069274 0.945503 -0.044365 1.325041 32.416090 9.261812 6.608862 -1.029056 -9.976491 -4.981439 0.048444 5.062522 9.327852 20.348802 12.516597 0.000000 0.000000 0.000000 -7.921791 -1.048542 -20.255951 1.638013 -0.772276 12.055796 0.371776 0.270595 7.986845 0.000000 0.000000 0.000000 10.719355 -5.486062 22.831892 -1.032758 1.418682 -17.345254 5.596363 1.423372 26.666907 10.187797 -5.379842 -9.788971 0.000000 0.000000 0.000000 1.659281 -18.863632 5.945138 -40.593554 -10.051953 -3.907043 -45.226013 -62.051520 25.016339 0.000000 0.000000 0.000000 17.850742 14.168633 11.567908 51.919114 48.706403 15.896277 -6.328985 42.897491 1.246111 0.000000 0.000000 0.000000 
0.068799 0.945881 -0.041821 1.348041 32.562443 9.030737 6.853607 -1.000115 -9.420635 -5.142303 0.052026 5.221140 8.479299 19.188987 12.118068 0.000000 0.000000 0.000000 -8.041733 -1.000781 -19.296252 2.108650 -0.851744 11.254492 -0.069848 -0.610657 8.140726 0.000000 0.000000 0.000000 10.483871 -5.191937 22.094144 -1.277997 1.495910 -17.660749 4.740541 1.603299 26.439652 9.664182 -5.061586 -9.243482 0.000000 0.000000 0.000000 -0.020506 -18.679237 5.713776 -40.532757 -8.922230 -4.035494 -43.030452 -59.920137 22.558331 0.000000 0.000000 0.000000 18.045531 13.483122 11.366311 51.995227 47.455173 15.192563 -7.443779 42.456457 0.871625 0.000000 0.000000 0.000000 
0.068325 0.946634 -0.038458 1.392288 33.277167 8.826784 6.963926 -1.003224 -9.296497 -5.067300 0.036787 5.185529 7.958252 18.535495 12.094215 0.000000 0.000000 0.000000 -8.064746 -0.965319 -18.258463 2.368410 -0.880616 10.341708 -0.683493 -1.786381 8.228628 0.000000 0.000000 0.000000 10.314953 -4.745461 20.618784 -1.739139 1.639173 -17.464094 4.146384 1.617606 26.193489 9.240580 -4.802181 -8.736517 0.000000 0.000000 0.000000 -2.133887 -18.696144 5.449363 -40.711265 -7.501917 -4.273352 -40.432985 -57.842187 20.085038 0.000000 0.000000 0.000000 18.820445 11.883389 10.869909 51.358734 45.377138 13.599603 -7.502589 42.879898 0.983821 0.000000 0.000000 0.000000 
0.067895 0.947986 -0.034216 1.356937 33.900817 8.714730 7.151326 -0.985255 -8.721620 -4.898834 0.026623 4.845806 6.843498 17.084748 11.957028 0.000000 0.000000 0.000000 -7.945889 -0.866354 -16.967049 2.812778 -0.935998 9.163343 -1.678624 -3.740064 8.748874 0.000000 0.000000 0.000000 10.135789 -4.200340 18.728306 -1.958177 1.716306 -17.930622 3.154597 1.502761 26.368632 8.812859 -4.396169 -8.693785 0.000000 0.000000 0.000000 -4.273510 -17.995869 4.874387 -41.564480 -6.323722 -4.554517 -36.890904 -55.399924 17.158265 0.000000 0.000000 0.000000 19.589603 10.288528 10.397299 51.682978 42.495107 11.935691 -6.733284 43.399775 1.491515 0.000000 0.000000 0.000000 
0.067668 0.949377 -0.029141 1.209375 35.121470 8.466543 7.371544 -0.983653 -8.215320 -4.568507 0.015013 3.943040 6.119968 16.274228 12.294624 0.000000 0.000000 0.000000 -7.693692 -0.778025 -15.620952 3.242437 -1.009805 8.086667 -2.771998 -5.834386 9.106841 0.000000 0.000000 0.000000 9.945329 -3.542749 16.228705 -2.498598 1.883020 -17.825476 2.662758 1.406189 26.229670 8.401234 -4.199014 -7.923831 0.000000 0.000000 0.000000 -6.320314 -17.954388 4.426585 -42.672896 -4.670755 -5.032123 -34.271333 -52.956797 14.910419 0.000000 0.000000 0.000000 19.848222 8.361867 9.584995 52.396260 39.087795 10.314530 -5.415641 43.806715 2.192879 0.000000 0.000000 0.000000 
0.067661 0.950874 -0.023399 1.030138 35.878533 8.026144 7.623658 -0.958390 -7.203223 -4.076020 0.007553 3.029823 5.181708 15.196796 12.662707 0.000000 0.000000 0.000000 -7.267224 -0.620104 -13.984528 3.888512 -1.105626 6.715162 -3.913024 -8.095803 9.377886 0.000000 0.000000 0.000000 9.588743 -2.939460 14.027239 -3.023185 2.020941 -18.469401 1.961160 1.684734 26.632281 8.451842 -3.875440 -8.677997 0.000000 0.000000 0.000000 -7.656928 -16.745448 3.535825 -44.347020 -3.246775 -5.675364 -31.699907 -50.696915 12.829628 0.000000 0.000000 0.000000 20.721622 6.330877 8.979672 52.696326 35.761454 8.411250 -3.624994 43.726365 3.073804 0.000000 0.000000 0.000000 
0.068110 0.951702 -0.017385 0.601165 37.424885 7.514096 7.974648 -0.983044 -6.659420 -3.682028 -0.008359 2.305424 4.749551 14.656837 12.662131 0.000000 0.000000 0.000000 -6.641696 -0.482855 -12.485602 4.177588 -1.142485 5.564837 -4.891475 -9.909688 9.895829 0.000000 0.000000 0.000000 9.255919 -2.332487 11.469669 -3.683301 2.194731 -18.824935 1.682020 1.556658 26.910805 8.013541 -3.280070 -8.990634 0.000000 0.000000 0.000000 -8.920557 -15.715352 2.659263 -45.947113 -1.283906 -6.571075 -30.809220 -48.509161 11.693946 0.000000 0.000000 0.000000 20.953834 4.350255 8.143339 54.009934 31.965916 6.770769 -1.284729 43.333484 4.078933 0.000000 0.000000 0.000000 
0.069072 0.952044 -0.011597 0.114240 38.331407 6.838187 8.469903 -1.010109 -5.746216 -3.363130 -0.015221 1.777082 4.129695 13.744869 12.382603 0.000000 0.000000 0.000000 -5.986937 -0.334273 -10.921267 4.492786 -1.156228 4.203055 -5.647909 -11.392701 10.115849 0.000000 0.000000 0.000000 9.034130 -1.827085 9.114268 -4.487020 2.351725 -19.642538 1.663309 2.458282 27.383640 8.623334 -3.145117 -10.228695 0.000000 0.000000 0.000000 -9.329598 -14.340796 1.642441 -48.163199 0.497483 -7.698863 -30.395390 -46.248788 10.594791 0.000000 0.000000 0.000000 21.126031 1.863958 7.138452 55.499870 28.421340 5.303390 0.439729 42.501496 4.858453 0.000000 0.000000 0.000000 
0.070617 0.951666 -0.006527 -0.356625 39.759243 6.055561 8.777764 -1.049945 -5.246642 -2.985409 -0.035192 1.637339 3.908486 13.318791 12.035075 0.000000 0.000000 0.000000 -5.589896 -0.288382 -9.623947 4.709753 -1.212031 3.608473 -6.218596 -12.420297 10.394456 0.000000 0.000000 0.000000 8.822376 -1.342077 6.527929 -5.191782 2.454761 -20.686658 1.585041 2.813780 28.312854 8.834620 -2.806090 -11.082120 0.000000 0.000000 0.000000 -9.892216 -12.904518 0.538721 -49.880424 2.176859 -8.771323 -29.807081 -44.265483 9.563246 0.000000 0.000000 0.000000 21.332836 -0.602618 6.093588 56.984165 25.049044 3.870519 2.588760 40.966463 5.564563 0.000000 0.000000 0.000000 
0.072396 0.951247 -0.002451 -0.577161 40.750106 5.573586 8.893709 -1.069247 -4.699989 -2.904553 -0.043364 1.454983 3.398256 12.410491 11.455465 0.000000 0.000000 0.000000 -5.266203 -0.247869 -8.257535 4.702652 -1.189762 2.858345 -6.570283 -13.179155 10.244958 0.000000 0.000000 0.000000 8.233118 -0.913720 4.204130 -5.445404 2.499034 -20.875880 1.519894 3.604597 28.254171 9.526253 -2.856857 -11.882220 0.000000 0.000000 0.000000 -9.843586 -11.011978 -0.608355 -52.347694 3.514176 -10.021916 -29.307359 -42.301547 8.590132 0.000000 0.000000 0.000000 21.349193 -3.061954 4.931024 58.751283 22.147559 2.912118 3.102051 39.073711 5.567216 0.000000 0.000000 0.000000 
0.074205 0.950513 0.000379 -0.952175 41.909946 5.109175 9.156401 -1.116744 -4.115438 -2.908530 -0.046366 0.835833 3.237165 12.056265 11.190641 0.000000 0.000000 0.000000 -4.923492 -0.225143 -7.404565 4.592951 -1.143452 2.079393 -6.996102 -13.883480 10.633950 0.000000 0.000000 0.000000 8.063139 -0.665647 2.388377 -5.818849 2.544341 -21.328008 1.476126 3.886500 28.609081 9.757705 -2.523662 -12.878970 0.000000 0.000000 0.000000 -9.880852 -9.687530 -1.430687 -53.993400 4.524093 -11.036485 -28.100441 -40.302524 7.563175 0.000000 0.000000 0.000000 21.315697 -4.744131 4.110088 59.601732 20.006242 2.092312 3.020448 37.427349 5.277410 0.000000 0.000000 0.000000 
0.075655 0.950166 0.002087 -1.053992 42.638884 4.710811 9.123503 -1.123892 -3.651783 -2.785482 -0.051697 0.517618 3.096147 11.761688 10.984733 0.000000 0.000000 0.000000 -4.763570 -0.227601 -6.560958 4.599308 -1.129048 1.457521 -7.366562 -14.585417 10.826602 0.000000 0.000000 0.000000 7.721083 -0.485752 1.063007 -5.637971 2.547177 -21.028963 1.243597 4.193564 28.326339 10.162853 -2.417148 -13.777872 0.000000 0.000000 0.000000 -10.024194 -8.804809 -2.044395 -55.178028 5.241598 -11.712016 -25.986822 -38.784978 6.481916 0.000000 0.000000 0.000000 21.622573 -6.009535 3.548225 60.207375 18.522178 1.502519 1.855737 35.826611 4.650253 0.000000 0.000000 0.000000 
0.076853 0.949674 0.002822 -1.239375 43.157040 4.458322 9.015085 -1.119445 -3.466278 -2.576002 -0.055575 0.257105 2.904662 11.493707 10.936115 0.000000 0.000000 0.000000 -4.667202 -0.233150 -6.157589 4.691347 -1.143682 1.069811 -7.739237 -15.186467 11.265141 0.000000 0.000000 0.000000 7.541951 -0.382777 0.120711 -5.611486 2.538730 -21.180509 1.070384 4.335115 28.389039 10.285640 -2.319384 -14.101747 0.000000 0.000000 0.000000 -10.186399 -8.454168 -2.390217 -56.207318 5.500483 -12.171140 -23.746270 -36.842727 5.449824 0.000000 0.000000 0.000000 21.913590 -6.833448 3.225497 60.670989 17.679022 1.152726 0.447807 34.347331 3.995758 0.000000 0.000000 0.000000 
0.077813 0.949161 0.002982 -1.430688 43.244218 4.077891 8.878645 -1.101755 -3.073790 -2.374173 -0.054399 0.060778 2.977649 11.423987 10.646722 0.000000 0.000000 0.000000 -4.627598 -0.240934 -5.608742 4.780458 -1.156510 0.799648 -7.872697 -15.372659 11.589080 0.000000 0.000000 0.000000 7.246831 -0.280164 -0.799948 -5.338308 2.517482 -20.894421 0.922645 4.508120 28.082956 10.453779 -2.322006 -14.348586 0.000000 0.000000 0.000000 -10.094963 -7.912283 -2.645147 -57.077097 5.784935 -12.612901 -21.946487 -35.360038 4.705862 0.000000 0.000000 0.000000 21.792243 -7.355254 2.879307 61.199434 16.281636 0.653291 -0.273520 33.773521 3.724137 0.000000 0.000000 0.000000 
0.078567 0.948918 0.002821 -1.583388 43.280458 3.617909 8.899149 -1.104081 -2.602357 -2.409580 -0.052021 -0.203274 3.132506 11.657476 10.771103 0.000000 0.000000 0.000000 -4.579942 -0.248118 -5.199821 4.629921 -1.122893 0.799876 -7.832143 -15.254223 11.734344 0.000000 0.000000 0.000000 7.090286 -0.255666 -0.854605 -5.152413 2.473391 -21.173279 0.935232 4.541871 28.355199 10.470296 -2.175737 -14.748445 0.000000 0.000000 0.000000 -10.283735 -7.505591 -2.933525 -57.295917 5.660626 -12.622323 -20.520684 -33.868006 4.145219 0.000000 0.000000 0.000000 21.618996 -7.857259 2.533107 61.502756 15.465007 0.337850 -0.237600 33.307306 3.685588 0.000000 0.000000 0.000000 
0.079114 0.948899 0.002497 -1.636065 42.968321 3.373593 8.719875 -1.073480 -2.185916 -2.466100 -0.047292 -0.374932 3.382082 11.976312 10.822528 0.000000 0.000000 0.000000 -4.581027 -0.251805 -4.891870 4.564693 -1.096197 0.652037 -7.832497 -15.248681 11.867801 0.000000 0.000000 0.000000 6.883885 -0.225406 -0.992095 -4.740895 2.407849 -21.086070 0.508987 4.715651 28.060731 10.547548 -2.154454 -14.991626 0.000000 0.000000 0.000000 -10.230682 -7.273120 -3.017230 -57.529627 5.683769 -12.675929 -19.055898 -32.836438 3.652146 0.000000 0.000000 0.000000 21.679224 -8.254448 2.279813 61.952588 14.395716 -0.093580 -0.705886 33.200089 3.586787 0.000000 0.000000 0.000000 
0.079376 0.949122 0.002122 -1.761195 42.466057 3.068964 8.668552 -1.054948 -2.014485 -2.597127 -0.042484 -0.367401 3.842280 12.609016 10.989011 0.000000 0.000000 0.000000 -4.457735 -0.229183 -4.708327 4.395169 -1.049551 0.695358 -7.930018 -15.467974 11.997550 0.000000 0.000000 0.000000 6.810110 -0.220794 -0.872338 -4.674423 2.394172 -21.143698 0.549182 4.707921 28.011586 10.418490 -1.862535 -15.725220 0.000000 0.000000 0.000000 -10.223294 -7.089710 -3.020548 -57.533969 6.019556 -12.837840 -18.411990 -32.260334 3.482532 0.000000 0.000000 0.000000 21.470565 -8.526748 1.953696 62.228880 12.997788 -0.719440 -0.442914 33.139145 3.655482 0.000000 0.000000 0.000000 
0.079480 0.949691 0.001729 -1.770256 41.906722 3.060389 8.605594 -1.035877 -1.866760 -2.806490 -0.036718 -0.603028 4.168217 13.052233 11.097506 0.000000 0.000000 0.000000 -4.429288 -0.216376 -4.557746 4.266838 -0.994024 0.330442 -7.871815 -15.324636 12.224686 0.000000 0.000000 0.000000 6.581055 -0.202909 -0.877381 -4.379830 2.327297 -21.248581 0.268316 5.117964 27.766454 10.264147 -1.423413 -16.753304 0.000000 0.000000 0.000000 -9.822573 -6.812346 -2.965579 -57.798824 5.969104 -12.979491 -17.948380 -31.579653 3.298108 0.000000 0.000000 0.000000 21.508515 -8.720726 1.843556 62.723301 12.012823 -1.106916 -0.717848 33.160037 3.613696 0.000000 0.000000 0.000000 
0.079607 0.950387 0.001372 -1.843283 41.459900 3.223161 8.518083 -1.017650 -1.896651 -2.755616 -0.032062 -0.904183 4.285897 13.404332 11.567261 0.000000 0.000000 0.000000 -4.244726 -0.174959 -4.602307 4.137387 -0.947496 0.094342 -7.884528 -15.360576 12.302797 0.000000 0.000000 0.000000 6.677059 -0.198361 -1.066459 -4.463705 2.330484 -21.301230 0.258437 5.501389 27.624694 10.309627 -1.261809 -17.341039 0.000000 0.000000 0.000000 -9.631275 -6.803864 -2.901484 -57.833778 6.149523 -13.104404 -17.952465 -31.487785 3.275601 0.000000 0.000000 0.000000 21.579551 -8.962286 1.711580 63.033497 11.179642 -1.462412 -0.482723 33.181959 3.700511 0.000000 0.000000 0.000000 
0.079887 0.950996 0.000954 -1.816009 40.939309 3.537247 8.272120 -0.976803 -2.001844 -2.614256 -0.026770 -1.165302 4.513085 13.693805 11.584450 0.000000 0.000000 0.000000 -4.238452 -0.154585 -4.723980 4.032905 -0.902538 -0.266556 -7.842512 -15.248536 12.481464 0.000000 0.000000 0.000000 6.756092 -0.192908 -1.282984 -4.523053 2.315625 -21.523577 0.194921 5.948862 27.556613 9.971536 -0.760356 -18.174592 0.000000 0.000000 0.000000 -9.453824 -6.892091 -2.804598 -57.749433 6.074120 -13.074585 -17.844916 -31.355080 3.231662 0.000000 0.000000 0.000000 21.332657 -9.124348 1.550254 63.478478 10.301962 -1.727473 -0.357799 33.369488 3.787884 0.000000 0.000000 0.000000 
0.080231 0.951423 0.000392 -1.796749 40.792395 3.821319 8.076515 -0.951049 -2.144705 -2.405890 -0.025524 -1.547291 4.340679 13.628935 11.887805 0.000000 0.000000 0.000000 -4.330687 -0.155905 -4.880489 4.065151 -0.894884 -0.656156 -7.999366 -15.380383 13.035339 0.000000 0.000000 0.000000 6.849055 -0.197548 -1.384911 -4.670098 2.313086 -21.827269 0.113128 6.177425 27.499924 9.683519 -0.275571 -19.119470 0.000000 0.000000 0.000000 -9.374254 -7.153334 -2.697285 -57.859494 5.644395 -12.912144 -17.730032 -31.201618 3.177966 0.000000 0.000000 0.000000 21.230163 -9.031475 1.621873 63.696683 10.176918 -1.699787 0.131721 33.158842 3.862972 0.000000 0.000000 0.000000 
0.080597 0.951892 -0.000417 -1.685766 40.427968 4.135275 7.805288 -0.911736 -2.413120 -2.269878 -0.022279 -1.735574 4.358265 13.667052 11.880306 0.000000 0.000000 0.000000 -4.363407 -0.145328 -5.004764 3.895523 -0.842610 -1.011514 -8.165722 -15.671243 13.246947 0.000000 0.000000 0.000000 6.991664 -0.200547 -1.535548 -4.860301 2.328884 -21.972049 0.067997 6.630608 27.474795 9.383673 0.146510 -19.840062 0.000000 0.000000 0.000000 -9.380443 -7.327467 -2.669630 -57.967839 5.164818 -12.717374 -17.700157 -30.981997 3.139097 0.000000 0.000000 0.000000 21.178061 -9.044608 1.644483 64.048567 9.865373 -1.748875 0.689599 33.305327 4.044332 0.000000 0.000000 0.000000 
0.081051 0.951829 -0.001347 -1.609068 40.574693 4.434189 7.682234 -0.901739 -2.485637 -2.176500 -0.026045 -2.222405 4.107969 13.427532 12.001242 0.000000 0.000000 0.000000 -4.499527 -0.161692 -5.112520 3.872372 -0.830994 -1.383998 -8.450403 -16.081942 13.649194 0.000000 0.000000 0.000000 7.048759 -0.198993 -1.716532 -5.004825 2.346183 -21.995461 0.009811 6.826381 27.338063 9.044384 0.498142 -20.179623 0.000000 0.000000 0.000000 -9.344189 -7.806402 -2.523191 -58.395875 4.363564 -12.474260 -17.258428 -31.078680 3.017270 0.000000 0.000000 0.000000 21.038411 -8.888052 1.767461 64.451763 9.959862 -1.531388 0.656420 33.073535 3.970318 0.000000 0.000000 0.000000 
0.081701 0.951661 -0.002238 -1.491619 40.701168 4.732307 7.436228 -0.876390 -2.647659 -2.199654 -0.030627 -2.412196 3.986133 13.299009 12.017586 0.000000 0.000000 0.000000 -4.512535 -0.162053 -5.195834 3.645849 -0.779882 -1.695708 -8.737107 -16.572617 13.824764 0.000000 0.000000 0.000000 7.138704 -0.194599 -1.971427 -5.190629 2.359449 -22.184360 0.023342 7.177669 27.529438 8.539313 1.068635 -20.890674 0.000000 0.000000 0.000000 -9.609754 -8.039712 -2.650247 -58.450801 3.898210 -12.206813 -17.111399 -30.790834 2.914508 0.000000 0.000000 0.000000 21.289839 -8.756247 2.036840 64.251987 10.408465 -1.377301 0.668731 32.890849 3.916860 0.000000 0.000000 0.000000 
0.082612 0.951346 -0.002970 -1.342682 40.821381 4.863334 7.286867 -0.860272 -2.620221 -2.341887 -0.036782 -2.574691 4.063406 13.488820 12.246062 0.000000 0.000000 0.000000 -4.734355 -0.199381 -5.097852 3.667017 -0.783949 -1.863865 -8.844508 -16.709769 14.020905 0.000000 0.000000 0.000000 7.158988 -0.196632 -1.999931 -5.337112 2.392657 -22.066840 -0.016828 7.469192 27.451839 8.461413 1.228581 -21.149834 0.000000 0.000000 0.000000 -9.963758 -8.256278 -2.804808 -58.466599 3.286835 -11.804268 -16.438983 -30.717880 2.711444 0.000000 0.000000 0.000000 21.185635 -8.576907 2.197707 64.576458 10.214907 -1.349278 0.609663 32.799114 3.862340 0.000000 0.000000 0.000000 
0.083662 0.951005 -0.003652 -1.279848 41.042422 5.167937 7.122330 -0.847456 -2.766209 -2.429148 -0.045568 -2.817927 3.865026 13.302385 12.332743 0.000000 0.000000 0.000000 -4.851896 -0.218755 -5.093104 3.486174 -0.746197 -2.166279 -8.943005 -16.857625 14.065471 0.000000 0.000000 0.000000 7.242127 -0.169046 -2.674977 -5.424390 2.422847 -21.824451 -0.088243 7.507593 27.727361 7.964110 1.642485 -21.473456 0.000000 0.000000 0.000000 -9.812421 -8.260361 -2.776590 -59.054882 2.736991 -11.819441 -16.357870 -30.822529 2.683911 0.000000 0.000000 0.000000 21.046840 -8.665225 2.133297 64.806215 10.068242 -1.313259 0.606623 32.239520 3.742334 0.000000 0.000000 0.000000 
0.084677 0.950815 -0.004335 -1.339133 40.835839 5.319229 7.105831 -0.844350 -2.893372 -2.436722 -0.043175 -2.848380 3.933682 13.358296 12.256548 0.000000 0.000000 0.000000 -5.167101 -0.252335 -5.416637 3.598270 -0.769004 -1.838809 -8.834555 -16.661359 14.012822 0.000000 0.000000 0.000000 7.438983 -0.166148 -2.952395 -5.546569 2.436346 -21.860246 0.046732 7.832922 28.003864 7.868503 1.815701 -21.867390 0.000000 0.000000 0.000000 -9.922177 -8.134227 -2.909911 -59.523720 2.500366 -11.891541 -15.818375 -30.723059 2.547888 0.000000 0.000000 0.000000 20.843601 -8.702603 2.074377 64.908546 9.585370 -1.484066 0.611068 32.323228 3.757924 0.000000 0.000000 0.000000 
0.085577 0.950612 -0.005047 -1.158742 41.030110 5.214761 6.862770 -0.815658 -2.782670 -2.707770 -0.060822 -3.224998 3.942273 13.419520 12.376743 0.000000 0.000000 0.000000 -5.293097 -0.288935 -4.926607 3.454736 -0.742221 -2.003376 -8.444722 -15.930552 13.843246 0.000000 0.000000 0.000000 7.341527 -0.167641 -2.791880 -5.333604 2.401508 -21.850307 -0.245589 7.774494 28.076611 7.603850 2.044761 -22.061683 0.000000 0.000000 0.000000 -9.516132 -7.877308 -2.870916 -60.071718 1.978108 -11.934555 -15.632745 -31.120102 2.484071 0.000000 0.000000 0.000000 20.790623 -9.121258 1.816695 64.663118 9.109696 -1.730631 1.404625 31.895108 3.889003 0.000000 0.000000 0.000000 
0.086241 0.950902 -0.005829 -1.228276 40.713767 5.138767 6.547102 -0.768923 -2.628809 -2.475638 -0.052045 -3.340523 3.982601 13.395489 12.207533 0.000000 0.000000 0.000000 -5.699117 -0.339529 -5.147086 3.743943 -0.803286 -1.462075 -8.077681 -15.194830 13.915092 0.000000 0.000000 0.000000 7.598446 -0.164209 -2.995805 -5.654738 2.467759 -21.655360 -0.153759 7.788263 28.140887 7.515902 2.185642 -22.660356 0.000000 0.000000 0.000000 -9.186241 -7.378594 -2.854215 -60.510841 2.221835 -12.340719 -16.152564 -31.174768 2.642700 0.000000 0.000000 0.000000 20.591659 -9.458695 1.447877 64.622148 7.980323 -2.272871 1.117814 31.958976 3.844410 0.000000 0.000000 0.000000 
0.086716 0.951572 -0.006547 -0.881111 41.309576 4.852845 6.059756 -0.706954 -1.857649 -2.601851 -0.072083 -3.734394 3.779676 13.239835 12.478067 0.000000 0.000000 0.000000 -5.984146 -0.417928 -4.322722 3.659780 -0.794367 -1.517316 -7.556841 -14.111635 13.954912 0.000000 0.000000 0.000000 7.153818 -0.187880 -2.126062 -5.473660 2.435522 -21.795906 -0.406911 6.878554 28.054595 7.547100 2.164407 -22.936068 0.000000 0.000000 0.000000 -10.153700 -7.301452 -3.255916 -60.163812 2.247851 -11.946248 -14.025210 -31.167196 2.163648 0.000000 0.000000 0.000000 20.609988 -9.281132 1.469728 63.592116 7.914781 -2.557484 1.908638 31.320070 3.850424 0.000000 0.000000 0.000000 
0.086932 0.952489 -0.007233 -1.361975 40.908609 4.925293 6.341457 -0.741744 -2.089680 -2.653309 -0.072422 -3.886643 4.122706 13.842861 12.952937 0.000000 0.000000 0.000000 -5.855223 -0.367382 -5.219262 4.396169 -0.964547 -0.731244 -7.713340 -14.823863 12.822255 0.000000 0.000000 0.000000 6.960231 -0.149708 -2.640509 -4.316900 2.232207 -21.688471 -0.789220 7.172401 28.096325 8.232867 1.742999 -22.832064 0.000000 0.000000 0.000000 -9.439201 -5.913167 -3.459744 -61.017324 1.582838 -12.154306 -15.383611 -29.864721 2.413142 0.000000 0.000000 0.000000 20.843815 -9.525095 1.391325 63.695828 7.801921 -2.663515 -0.177042 30.786696 3.275116 0.000000 0.000000 0.000000 
0.087101 0.953517 -0.007796 -1.214657 40.178012 4.094818 6.040385 -0.681091 -0.628139 -2.200793 -0.073741 -4.917554 4.437689 14.693380 14.392183 0.000000 0.000000 0.000000 -5.957454 -0.399266 -3.955085 3.893295 -0.844767 -0.782127 -6.749929 -12.895194 13.122485 0.000000 0.000000 0.000000 6.683692 -0.191910 -1.336282 -3.850915 2.114081 -22.335732 -1.067782 7.609736 28.171679 9.151175 0.901257 -21.476186 0.000000 0.000000 0.000000 -9.953419 -5.565061 -3.908312 -61.515770 2.066124 -12.398469 -13.971137 -30.370817 2.046722 0.000000 0.000000 0.000000 20.573640 -8.734676 1.922710 63.195598 8.005361 -2.699925 0.295912 29.458808 3.081020 0.000000 0.000000 0.000000 
