HIERARCHY
ROOT Hips
{
	OFFSET -0.001795 -0.223333 0.028219
	CHANNELS 6 Xposition Yposition Zposition Zrotation Yrotation Xrotation 
	JOINT LeftUpLeg
	{
		OFFSET 0.069520 -0.091406 -0.006815
		CHANNELS 3 Zrotation Yrotation Xrotation
		JOINT LeftLeg
		{
			OFFSET 0.034277 -0.375199 -0.004496
			CHANNELS 3 Zrotation Yrotation Xrotation
			JOINT LeftFoot
			{
				OFFSET -0.013596 -0.397961 -0.043693
				CHANNELS 3 Zrotation Yrotation Xrotation
				JOINT LeftToe
				{
					OFFSET 0.026358 -0.055791 0.119288
					CHANNELS 3 Zrotation Yrotation Xrotation
					End Site
					{
						OFFSET 0.000000 0.000000 0.000000
					}
				}
			}
		}
	}
	JOINT RightUpLeg
	{
		OFFSET -0.067670 -0.090522 -0.004320
		CHANNELS 3 Zrotation Yrotation Xrotation
		JOINT RightLeg
		{
			OFFSET -0.038290 -0.382569 -0.008850
			CHANNELS 3 Zrotation Yrotation Xrotation
			JOINT RightFoot
			{
				OFFSET 0.015774 -0.398415 -0.042312
				CHANNELS 3 Zrotation Yrotation Xrotation
				JOINT RightToe
				{
					OFFSET -0.025372 -0.048144 0.123348
					CHANNELS 3 Zrotation Yrotation Xrotation
					End Site
					{
						OFFSET 0.000000 0.000000 0.000000
					}
				}
			}
		}
	}
	JOINT Spine
	{
		OFFSET -0.002533 0.108963 -0.026696
		CHANNELS 3 Zrotation Yrotation Xrotation
		JOINT Spine1
		{
			OFFSET 0.005487 0.135180 0.001092
			CHANNELS 3 Zrotation Yrotation Xrotation
			JOINT Spine2
			{
				OFFSET 0.001457 0.052922 0.025425
				CHANNELS 3 Zrotation Yrotation Xrotation
				JOINT Neck
				{
					OFFSET -0.002778 0.213870 -0.042857
					CHANNELS 3 Zrotation Yrotation Xrotation
					JOINT Head
					{
						OFFSET 0.005152 0.064970 0.051349
						CHANNELS 3 Zrotation Yrotation Xrotation
						End Site
						{
							OFFSET 0.000000 0.000000 0.000000
						}
					}
				}
				JOINT LeftShoulder
				{
					OFFSET 0.078845 0.121749 -0.034090
					CHANNELS 3 Zrotation Yrotation Xrotation
					JOINT LeftArm
					{
						OFFSET 0.090977 0.030469 -0.008868
						CHANNELS 3 Zrotation Yrotation Xrotation
						JOINT LeftForeArm
						{
							OFFSET 0.259612 -0.012772 -0.027456
							CHANNELS 3 Zrotation Yrotation Xrotation
							JOINT LeftHand
							{
								OFFSET 0.249234 0.008986 -0.001171
								CHANNELS 3 Zrotation Yrotation Xrotation
								End Site
								{
									OFFSET 0.000000 0.000000 0.000000
								}
							}
						}
					}
				}
				JOINT RightShoulder
				{
					OFFSET -0.081759 0.118833 -0.038615
					CHANNELS 3 Zrotation Yrotation Xrotation
					JOINT RightArm
					{
						OFFSET -0.096012 0.032551 -0.009143
						CHANNELS 3 Zrotation Yrotation Xrotation
						JOINT RightForeArm
						{
							OFFSET -0.253742 -0.013329 -0.021401
							CHANNELS 3 Zrotation Yrotation Xrotation
							JOINT RightHand
							{
								OFFSET -0.255298 0.007772 -0.005559
								CHANNELS 3 Zrotation Yrotation Xrotation
								End Site
								{
									OFFSET 0.000000 0.000000 0.000000
								}
							}
						}
					}
				}
			}
		}
	}
}
MOTION
Frames: 196
Frame Time: 0.050000
0.000000 0.967634 0.000000 -0.519144 2.081500 -0.399973 4.752473 0.106932 3.887490 -0.698538 0.095361 -0.757972 0.013471 4.447370 10.601567 0.000000 0.000000 0.000000 -2.093231 -0.056599 1.124142 1.417406 -0.078078 3.079151 -4.959939 -14.476010 16.004267 0.000000 0.000000 0.000000 -2.443636 -0.016327 1.624560 5.756647 -1.020319 -20.548534 -0.063189 -1.678427 27.755629 -0.046988 1.507048 -25.661161 0.000000 0.000000 0.000000 9.798663 -23.162215 5.920326 5.651216 -43.859832 -4.716000 112.895218 -10.615691 -14.744290 0.000000 0.000000 0.000000 -22.839405 30.462107 4.332455 -4.714545 39.100256 -3.836086 -110.273734 11.514153 -13.187054 0.000000 0.000000 0.000000 
0.001194 0.965608 0.003297 -1.362842 1.487635 0.518694 6.042472 0.023571 3.507306 -1.071939 0.161304 -1.911760 -0.262920 4.190059 11.396679 0.000000 0.000000 0.000000 -1.090985 0.015151 0.091690 0.999503 0.010815 4.044082 -4.417385 -13.391154 14.105392 0.000000 0.000000 0.000000 -2.569112 0.024323 -0.037657 6.070558 -0.974230 -22.350398 1.250128 -2.038779 30.271433 -0.593411 1.768762 -27.238280 0.000000 0.000000 0.000000 12.526125 -22.901133 5.194997 5.933774 -45.129373 -4.890401 115.308356 -7.240939 -9.997337 0.000000 0.000000 0.000000 -28.669586 29.347407 2.694866 -4.538638 38.468310 -3.762525 -112.969031 6.052085 -6.448195 0.000000 0.000000 0.000000 
0.002596 0.964156 0.006212 -0.835385 1.561830 0.463766 5.746803 0.051056 3.819430 -1.387339 0.180461 -1.496935 -0.695686 3.018301 10.143843 0.000000 0.000000 0.000000 -2.043253 0.029405 0.162125 0.925740 0.007225 3.575378 -4.063666 -12.949539 15.514405 0.000000 0.000000 0.000000 -2.237765 0.014722 0.255465 5.874823 -0.846368 -23.342569 0.398692 -2.702769 31.509019 -0.636875 1.647943 -26.817836 0.000000 0.000000 0.000000 13.326219 -22.695710 4.864190 7.824593 -42.798395 -4.954525 116.913562 -5.905477 -8.392562 0.000000 0.000000 0.000000 -32.060536 28.155880 1.806785 -5.588383 39.095497 -4.205015 -113.375717 3.032769 -2.678135 0.000000 0.000000 0.000000 
0.003977 0.964398 0.008637 -1.019530 2.187254 0.872938 6.164164 0.012589 3.872507 -1.652814 0.215675 -2.176007 -1.188382 2.199904 10.040757 0.000000 0.000000 0.000000 -1.746851 0.075150 -0.445893 0.740803 0.044563 4.030235 -4.464333 -13.637052 16.285144 0.000000 0.000000 0.000000 -2.539956 0.040804 -0.874208 6.499548 -1.015823 -23.047770 -0.035291 -4.239105 31.981264 -0.312399 1.256751 -27.032347 0.000000 0.000000 0.000000 14.659058 -22.902694 4.488436 7.925692 -41.783570 -4.601697 119.756944 -2.950294 -3.579967 0.000000 0.000000 0.000000 -34.290122 28.988900 1.494490 -8.637470 38.164721 -5.015744 -114.427395 0.179448 0.476640 0.000000 0.000000 0.000000 
0.005469 0.964653 0.010674 -0.932747 2.318093 1.110279 6.154245 -0.007404 3.419620 -1.771102 0.213510 -1.538388 -1.441136 1.676089 9.792260 0.000000 0.000000 0.000000 -1.890574 0.095385 -0.648445 0.563333 0.079622 4.333505 -4.283251 -13.293772 16.146991 0.000000 0.000000 0.000000 -2.553489 0.039472 -0.705666 6.570799 -1.051251 -22.772262 -0.083229 -4.736939 31.304053 -0.676624 1.380329 -26.534223 0.000000 0.000000 0.000000 15.068608 -22.881873 4.389818 9.238243 -41.686735 -4.846217 121.184176 -3.274043 -4.081062 0.000000 0.000000 0.000000 -34.576879 29.044241 1.588045 -10.928067 38.583482 -5.780288 -114.482391 0.352147 -0.128866 0.000000 0.000000 0.000000 
0.007254 0.965115 0.012627 -1.211837 2.969869 1.527180 6.479179 -0.059381 2.906415 -1.770992 0.213119 -1.662353 -1.845288 1.214546 10.188146 0.000000 0.000000 0.000000 -2.246453 0.127620 -0.978229 1.071383 0.000369 4.354651 -3.687363 -12.282068 16.931395 0.000000 0.000000 0.000000 -2.654379 0.044996 -0.861893 6.769221 -1.074199 -22.949900 0.152050 -5.331639 30.889406 -0.730897 1.447639 -27.893460 0.000000 0.000000 0.000000 16.234838 -23.125415 4.174980 8.570767 -42.735609 -4.773806 123.352433 -3.552957 -4.321736 0.000000 0.000000 0.000000 -35.603093 28.936862 1.435989 -11.264826 38.479421 -5.875340 -114.542533 0.064093 0.206217 0.000000 0.000000 0.000000 
0.009286 0.965641 0.014764 -1.224245 3.705560 1.881785 6.691391 -0.102793 2.440102 -1.694540 0.200826 -1.520375 -2.854660 -0.379331 10.328983 0.000000 0.000000 0.000000 -2.175152 0.146122 -1.218916 0.617860 0.055437 4.033007 -3.767100 -12.491336 18.495532 0.000000 0.000000 0.000000 -2.414220 0.045875 -0.868886 6.721631 -1.022802 -23.273545 0.094137 -5.941996 30.381840 -0.688147 1.394637 -27.782507 0.000000 0.000000 0.000000 16.437578 -23.144531 4.143945 8.693786 -43.417484 -4.879697 124.699137 -3.740188 -4.587125 0.000000 0.000000 0.000000 -35.885883 29.368783 1.441578 -12.021079 38.784747 -6.166246 -115.170613 -0.318174 0.781396 0.000000 0.000000 0.000000 
0.011561 0.965892 0.017153 -1.333763 4.376192 2.101713 6.925412 -0.141207 2.045784 -1.782969 0.207873 -1.633622 -3.507159 -1.037159 11.137113 0.000000 0.000000 0.000000 -2.467354 0.148278 -1.233540 1.028269 -0.016116 3.780508 -3.817429 -12.585422 19.552625 0.000000 0.000000 0.000000 -2.286367 0.049990 -1.083244 6.693770 -0.967111 -23.755462 0.140653 -6.099715 30.347586 -1.035749 1.649925 -28.067042 0.000000 0.000000 0.000000 16.821038 -23.424556 4.138535 8.940728 -44.032202 -5.080342 124.990752 -3.205433 -3.781942 0.000000 0.000000 0.000000 -36.059459 29.594102 1.337661 -11.861182 38.510972 -5.993753 -115.312371 0.036432 0.475775 0.000000 0.000000 0.000000 
0.013958 0.965953 0.019624 -1.266689 4.765169 2.249959 6.878296 -0.154406 1.798274 -1.871282 0.213678 -1.631398 -3.916915 -1.400586 11.721139 0.000000 0.000000 0.000000 -2.515524 0.127897 -0.987705 0.829166 0.002506 3.444118 -4.009765 -12.857830 19.808341 0.000000 0.000000 0.000000 -2.131229 0.057845 -1.502260 6.361411 -0.864116 -23.899298 0.368407 -6.252644 30.214886 -1.243547 1.793517 -28.349976 0.000000 0.000000 0.000000 16.877852 -23.444354 4.145255 9.702407 -44.606650 -5.415747 123.820518 -2.255161 -2.153310 0.000000 0.000000 0.000000 -36.233868 30.439157 1.259607 -11.873483 38.730644 -6.011574 -113.845439 0.271539 0.208533 0.000000 0.000000 0.000000 
0.016471 0.965911 0.021898 -1.117766 5.097397 2.539510 6.511410 -0.156874 1.419847 -1.727706 0.196823 -1.443350 -4.022983 -1.495602 11.805884 0.000000 0.000000 0.000000 -2.615775 0.117332 -0.842007 0.586552 0.028646 3.166723 -4.181643 -13.057595 19.614373 0.000000 0.000000 0.000000 -2.193071 0.069184 -2.072412 6.271472 -0.813813 -24.201543 0.469716 -6.326036 30.141752 -1.610907 2.038740 -28.717671 0.000000 0.000000 0.000000 17.386560 -23.304444 4.033915 9.743145 -44.496134 -5.415513 122.335120 -1.431706 -0.795514 0.000000 0.000000 0.000000 -37.077348 30.879986 1.022055 -10.907260 38.320500 -5.619073 -111.771497 0.313373 0.238427 0.000000 0.000000 0.000000 
0.019150 0.965724 0.023942 -1.141566 5.203238 2.567073 6.346259 -0.152781 1.378504 -1.484121 0.171402 -1.229328 -4.275210 -1.965901 11.687601 0.000000 0.000000 0.000000 -2.754261 0.114402 -0.793196 0.643837 0.022492 3.257267 -4.288854 -13.230545 19.804594 0.000000 0.000000 0.000000 -2.277238 0.070111 -2.154570 6.051535 -0.713131 -24.862964 0.764881 -6.129458 30.347544 -1.606493 2.084515 -28.780635 0.000000 0.000000 0.000000 17.543271 -23.245881 4.008729 10.370054 -44.323930 -5.619341 121.330949 -1.328885 -0.868795 0.000000 0.000000 0.000000 -37.185678 31.356012 0.891976 -9.975587 37.632533 -5.172698 -109.773296 1.617856 -1.386085 0.000000 0.000000 0.000000 
0.022105 0.965412 0.025749 -1.078896 5.400422 2.475771 6.153578 -0.142248 1.491394 -1.323469 0.155714 -1.169445 -4.677161 -2.590851 11.744754 0.000000 0.000000 0.000000 -2.978083 0.084991 -0.410866 0.473950 0.037618 2.959105 -4.147436 -13.007179 20.171420 0.000000 0.000000 0.000000 -2.454092 0.072939 -2.497227 5.933124 -0.673422 -25.033133 0.874578 -5.924394 30.586632 -1.566914 2.124874 -28.894089 0.000000 0.000000 0.000000 18.115993 -22.906869 3.854389 10.265959 -44.141879 -5.601444 121.023115 -1.370294 -1.138828 0.000000 0.000000 0.000000 -37.701120 31.363780 0.656120 -8.191278 36.541473 -4.455575 -109.060069 2.546752 -2.352678 0.000000 0.000000 0.000000 
0.025176 0.965085 0.027442 -1.137342 5.787141 2.442657 5.966701 -0.134412 1.640998 -1.072402 0.138457 -1.384359 -4.923262 -2.936023 11.781759 0.000000 0.000000 0.000000 -2.862393 0.058024 -0.115529 0.184418 0.070437 2.726158 -4.430699 -13.426905 20.550972 0.000000 0.000000 0.000000 -2.566392 0.073035 -2.682421 5.830371 -0.622540 -25.380847 0.937793 -5.968348 30.693066 -1.469197 2.110527 -29.060060 0.000000 0.000000 0.000000 18.332849 -22.703079 3.794133 9.854498 -43.910749 -5.475413 120.931394 -1.838726 -2.019436 0.000000 0.000000 0.000000 -37.286938 31.321009 0.712017 -6.818325 35.638308 -3.954826 -108.453348 4.276500 -4.442227 0.000000 0.000000 0.000000 
0.028199 0.964611 0.028926 -1.137554 5.983354 2.454987 5.888402 -0.136747 1.546521 -1.076354 0.136991 -1.328338 -5.236258 -3.307487 12.031724 0.000000 0.000000 0.000000 -2.866125 0.050640 -0.034546 0.044558 0.088112 2.677320 -4.815491 -14.030496 20.910126 0.000000 0.000000 0.000000 -2.650380 0.074596 -2.938543 5.857121 -0.607242 -25.682183 0.781594 -6.320986 30.980989 -1.734726 2.220558 -29.206017 0.000000 0.000000 0.000000 17.859784 -22.453989 3.806392 9.141515 -43.469930 -5.173413 120.643444 -2.676066 -3.274941 0.000000 0.000000 0.000000 -37.060726 31.397438 0.780010 -5.962953 34.972549 -3.704426 -108.414934 5.133269 -5.700514 0.000000 0.000000 0.000000 
0.030829 0.963633 0.030353 -1.121683 6.171430 2.365888 5.878816 -0.133679 1.676529 -1.319181 0.154635 -1.225335 -5.255442 -3.520763 11.655506 0.000000 0.000000 0.000000 -2.823220 0.030788 0.184526 -0.136532 0.107642 2.514646 -5.316244 -14.808226 21.270008 0.000000 0.000000 0.000000 -3.059774 0.068107 -3.077560 6.153264 -0.662350 -25.845392 0.531244 -6.589257 31.304098 -1.841446 2.262171 -29.541300 0.000000 0.000000 0.000000 16.919695 -22.214483 3.930430 8.769276 -42.931930 -4.982988 120.613167 -3.300701 -4.285095 0.000000 0.000000 0.000000 -36.386990 30.885840 0.978958 -5.205760 34.237865 -3.476329 -109.209277 4.421189 -4.970387 0.000000 0.000000 0.000000 
0.032860 0.962502 0.031976 -1.178559 6.255035 2.155290 5.930574 -0.127627 1.909329 -1.361744 0.152886 -0.990941 -5.370740 -3.992087 11.144023 0.000000 0.000000 0.000000 -2.757425 0.007160 0.439439 -0.220883 0.124095 2.647981 -5.618106 -15.264531 21.175276 0.000000 0.000000 0.000000 -3.192789 0.064008 -3.139792 6.016686 -0.641191 -25.692430 0.585798 -6.882905 31.337807 -2.022404 2.315398 -29.445050 0.000000 0.000000 0.000000 16.104560 -22.103492 4.048897 7.787346 -41.979362 -4.551381 120.244333 -4.144140 -5.511318 0.000000 0.000000 0.000000 -35.543473 30.523428 1.247145 -4.582922 33.561760 -3.306554 -110.077815 4.109140 -4.817812 0.000000 0.000000 0.000000 
0.034203 0.961693 0.033902 -1.296306 6.330586 1.844987 6.108502 -0.125781 2.218812 -1.657488 0.178344 -0.999734 -5.266331 -3.703297 11.315066 0.000000 0.000000 0.000000 -2.622181 -0.047787 1.044716 -0.227215 0.115239 2.373901 -5.879778 -15.666177 21.137855 0.000000 0.000000 0.000000 -3.467725 0.056520 -3.322566 6.294001 -0.727470 -25.396973 0.413348 -7.327133 31.562609 -2.141491 2.298868 -29.106780 0.000000 0.000000 0.000000 15.824074 -22.054089 4.043621 6.694068 -39.644061 -3.885871 120.271661 -4.308156 -5.679507 0.000000 0.000000 0.000000 -35.443477 29.952447 1.343092 -3.907800 32.647326 -3.118017 -110.885931 3.023142 -3.723517 0.000000 0.000000 0.000000 
0.035063 0.960637 0.035808 -1.494181 6.315477 1.502430 6.190185 -0.112833 2.690577 -1.690970 0.175352 -0.692483 -4.759263 -3.411262 10.256153 0.000000 0.000000 0.000000 -2.484622 -0.096128 1.554040 -0.365575 0.134140 2.360521 -5.570897 -15.181097 20.886834 0.000000 0.000000 0.000000 -3.599265 0.050794 -3.433163 6.441530 -0.771021 -25.314411 0.281643 -7.565573 32.023914 -2.368321 2.375653 -28.954590 0.000000 0.000000 0.000000 16.013060 -21.675351 3.876521 5.881490 -38.547382 -3.524871 119.586636 -4.430154 -5.700911 0.000000 0.000000 0.000000 -34.862524 29.633436 1.497490 -3.426237 31.852337 -2.970415 -110.854774 2.675752 -3.505024 0.000000 0.000000 0.000000 
0.035685 0.959818 0.036906 -1.630998 5.836581 1.125647 6.239447 -0.090828 3.104752 -1.891259 0.192358 -0.532569 -4.172415 -2.544362 10.061888 0.000000 0.000000 0.000000 -2.462864 -0.125052 1.893801 -0.234265 0.121093 2.480672 -5.505341 -15.143100 20.513612 0.000000 0.000000 0.000000 -3.696563 0.047080 -3.422635 6.310679 -0.777531 -24.903556 0.443278 -7.658338 32.240600 -2.674996 2.468160 -28.498522 0.000000 0.000000 0.000000 16.791756 -21.446266 3.613906 5.106144 -37.310351 -3.145350 118.200039 -3.866988 -4.451499 0.000000 0.000000 0.000000 -35.064869 28.688021 1.532369 -2.656323 31.923870 -2.905595 -109.925799 1.763782 -2.551219 0.000000 0.000000 0.000000 
0.036352 0.958520 0.036694 -1.658285 5.327955 0.926212 6.083480 -0.080141 2.746217 -1.975622 0.175146 0.937292 -3.359828 -1.861632 8.744289 0.000000 0.000000 0.000000 -2.598445 -0.091043 1.561234 -0.027141 0.119566 3.242503 -5.585397 -15.333431 20.124319 0.000000 0.000000 0.000000 -3.914128 0.042279 -3.175478 6.502789 -0.869689 -24.403452 0.480991 -7.782002 32.222542 -2.991771 2.553002 -27.690849 0.000000 0.000000 0.000000 16.724253 -21.511968 3.585270 4.311158 -36.569003 -2.853622 116.994325 -3.634235 -3.708539 0.000000 0.000000 0.000000 -34.750372 28.720582 1.702767 -2.156356 31.909761 -2.881788 -109.251396 0.500112 -1.193062 0.000000 0.000000 0.000000 
0.037438 0.957186 0.034835 -1.604601 4.678842 0.624276 5.822743 -0.068097 2.228661 -2.118437 0.159465 2.751667 -2.531028 -1.096156 7.445241 0.000000 0.000000 0.000000 -2.837094 -0.040130 1.037994 0.374444 0.104470 4.582473 -5.878374 -15.844017 18.995458 0.000000 0.000000 0.000000 -3.973847 0.037834 -2.082944 6.584081 -0.928241 -24.017125 0.665893 -7.387401 31.768076 -3.190273 2.655375 -27.024831 0.000000 0.000000 0.000000 16.682312 -22.275514 3.756405 3.238874 -36.627925 -2.638542 115.491366 -3.140038 -2.665980 0.000000 0.000000 0.000000 -34.532558 28.936123 1.809748 -0.866375 32.467933 -2.714291 -109.830631 0.254271 -0.749667 0.000000 0.000000 0.000000 
0.039091 0.956016 0.031603 -1.680097 4.188352 0.211695 5.560921 -0.079345 1.249900 -2.396177 0.150105 5.329603 -1.291109 0.493976 6.106149 0.000000 0.000000 0.000000 -2.824428 0.034955 0.092379 0.473424 0.148443 6.542556 -6.230654 -16.461002 18.563248 0.000000 0.000000 0.000000 -3.954959 0.031560 -1.184286 6.806164 -1.066056 -23.107950 0.744008 -7.309739 31.790197 -3.831953 2.989986 -26.700649 0.000000 0.000000 0.000000 15.735463 -22.626353 3.999654 2.153029 -36.887738 -2.445626 114.431477 -3.713305 -3.217490 0.000000 0.000000 0.000000 -33.383265 29.736561 2.102680 -0.512912 33.305659 -2.776731 -109.686525 -0.273501 -0.122268 0.000000 0.000000 0.000000 
0.041038 0.954257 0.027589 -1.646470 3.209273 0.011715 5.377010 -0.098095 0.231767 -2.873284 0.201864 7.320611 -0.366436 1.889602 5.525748 0.000000 0.000000 0.000000 -3.082764 0.138699 -1.171271 1.001662 0.128235 9.076862 -6.446736 -16.859712 16.367137 0.000000 0.000000 0.000000 -3.703794 0.023998 0.031570 6.935665 -1.145651 -22.732454 0.872282 -6.708515 31.784225 -3.830836 2.989198 -26.750309 0.000000 0.000000 0.000000 14.734829 -23.567319 4.416587 0.248727 -36.576929 -2.069115 113.654520 -5.045357 -4.807371 0.000000 0.000000 0.000000 -32.735835 30.429007 2.261241 1.091248 34.566692 -2.589736 -110.492710 -0.503195 0.426022 0.000000 0.000000 0.000000 
0.042724 0.952108 0.023925 -1.818969 2.485326 -0.578875 5.589704 -0.126666 -0.776728 -3.364203 0.259635 10.651293 0.263113 2.235472 3.635528 0.000000 0.000000 0.000000 -2.955604 0.231510 -2.414384 1.161954 0.176240 12.014817 -6.714831 -17.353155 15.308195 0.000000 0.000000 0.000000 -3.487860 0.004776 1.280691 6.959190 -1.275906 -21.461457 1.089039 -5.943138 31.908477 -4.671101 3.554843 -25.740238 0.000000 0.000000 0.000000 13.156121 -23.634018 4.821071 -1.086887 -37.421157 -1.938416 113.278359 -6.943887 -7.477261 0.000000 0.000000 0.000000 -30.943091 30.661000 2.601832 2.213263 35.225039 -2.379961 -111.161388 -1.494014 2.128930 0.000000 0.000000 0.000000 
0.043486 0.949369 0.021423 -1.846281 1.986428 -1.401069 5.621776 -0.129024 -1.244402 -3.519243 0.276174 13.312718 0.588477 2.262143 2.243584 0.000000 0.000000 0.000000 -2.972574 0.276317 -3.064319 1.459320 0.184143 14.934062 -6.863636 -17.597866 13.369764 0.000000 0.000000 0.000000 -3.488819 -0.016495 2.459480 7.286074 -1.469129 -20.487234 0.997193 -5.664564 32.132785 -4.837406 3.654352 -25.683025 0.000000 0.000000 0.000000 11.760284 -23.745099 5.164674 -3.928382 -37.157062 -1.394039 114.662657 -8.715701 -9.953274 0.000000 0.000000 0.000000 -28.896351 31.117333 3.109350 4.483153 35.779985 -1.962733 -113.086197 -0.966130 1.704033 0.000000 0.000000 0.000000 
0.043177 0.944951 0.020954 -2.074556 1.599452 -2.499586 6.278446 -0.125273 -1.637925 -4.737973 0.564178 16.383500 1.590039 3.696662 0.821372 0.000000 0.000000 0.000000 -2.512981 0.300866 -3.373448 1.668144 0.196442 17.520320 -7.690852 -19.069527 12.310249 0.000000 0.000000 0.000000 -3.393811 -0.041803 3.452057 7.351614 -1.674246 -18.650017 1.200737 -4.876278 32.062228 -5.415150 4.135919 -24.246898 0.000000 0.000000 0.000000 9.182556 -23.570996 5.774789 -6.604952 -37.068412 -0.996280 116.764181 -11.098582 -14.025440 0.000000 0.000000 0.000000 -24.737343 31.217291 4.060141 7.099649 34.897905 -1.332573 -117.485999 0.941807 -0.394130 0.000000 0.000000 0.000000 
0.042136 0.939669 0.021792 -2.147309 1.894624 -3.291827 6.716589 -0.135544 -2.210550 -5.066416 0.635825 19.786721 1.692825 2.827892 -1.732494 0.000000 0.000000 0.000000 -2.279990 0.324121 -3.687110 1.676931 0.225750 20.045060 -8.025168 -19.650478 10.958921 0.000000 0.000000 0.000000 -3.815392 -0.045345 4.093212 7.908923 -1.997057 -17.126418 0.824030 -4.792674 31.872231 -5.721775 4.376700 -23.993503 0.000000 0.000000 0.000000 6.988588 -23.361665 6.252686 -11.203469 -36.790399 -0.183194 121.412510 -13.470365 -18.817713 0.000000 0.000000 0.000000 -21.025739 31.140670 4.973857 11.913464 34.379851 -0.385305 -122.132495 4.018172 -4.808651 0.000000 0.000000 0.000000 
0.040898 0.932151 0.023260 -2.340449 1.751790 -4.709100 7.367830 -0.100425 -2.010472 -5.882050 0.894162 22.958690 2.394623 3.298011 -4.203045 0.000000 0.000000 0.000000 -2.122424 0.319255 -3.672869 2.326443 0.078068 23.150382 -8.697383 -20.936693 9.152539 0.000000 0.000000 0.000000 -4.045348 -0.064766 5.400547 8.041531 -2.233899 -15.412151 0.875686 -4.316906 31.864854 -5.702428 4.497441 -21.492537 0.000000 0.000000 0.000000 3.083358 -23.144064 7.103607 -14.941798 -35.912010 0.318700 125.903177 -16.186930 -25.271204 0.000000 0.000000 0.000000 -16.292390 30.601556 6.019677 16.832624 33.533397 0.487069 -128.064200 8.558217 -13.067741 0.000000 0.000000 0.000000 
0.040030 0.923263 0.024195 -2.386852 1.896867 -5.359690 7.631748 -0.110593 -2.852481 -6.419690 1.081584 26.279116 3.171912 3.992546 -6.717819 0.000000 0.000000 0.000000 -2.145381 0.381415 -4.496371 2.561786 0.016104 26.429776 -8.845019 -21.291206 7.024550 0.000000 0.000000 0.000000 -4.493002 -0.060014 6.296101 8.281937 -2.483167 -13.868534 0.571566 -3.808922 31.501330 -5.620694 4.573310 -20.127370 0.000000 0.000000 0.000000 -0.403020 -22.634262 7.731858 -19.398275 -35.555099 0.959033 131.632937 -17.801389 -31.336178 0.000000 0.000000 0.000000 -12.228640 29.893094 6.849807 23.386696 32.676533 1.578292 -134.303133 12.801001 -22.653939 0.000000 0.000000 0.000000 
0.039529 0.913250 0.023989 -2.402681 1.977435 -6.414327 7.625093 -0.118242 -3.762023 -6.241710 1.027965 30.207897 3.562368 3.969395 -8.860491 0.000000 0.000000 0.000000 -2.060074 0.463427 -5.539833 2.990916 -0.136976 30.355223 -9.802877 -23.238290 5.920982 0.000000 0.000000 0.000000 -4.807829 -0.064195 7.948669 8.239215 -2.662784 -12.196197 0.522091 -3.406048 30.697802 -5.516933 4.604685 -18.761594 0.000000 0.000000 0.000000 -4.076044 -21.872484 8.233016 -21.822052 -34.965297 1.235053 136.050838 -19.465658 -38.098803 0.000000 0.000000 0.000000 -8.720532 29.718863 7.647011 28.255786 31.092889 2.165478 -137.953184 16.840469 -32.952738 0.000000 0.000000 0.000000 
0.039418 0.905141 0.022770 -2.492066 2.309793 -6.723119 7.537896 -0.154661 -4.997793 -5.606665 0.728941 32.610662 3.597491 3.386343 -10.157554 0.000000 0.000000 0.000000 -1.862850 0.574971 -6.816317 2.895282 -0.142784 33.093786 -10.269543 -24.204720 5.411109 0.000000 0.000000 0.000000 -5.016444 -0.060699 9.106454 8.092029 -2.679678 -11.507257 0.299539 -2.717690 30.293083 -4.902910 4.333126 -17.717583 0.000000 0.000000 0.000000 -6.346171 -22.225609 8.754245 -23.656309 -34.581819 1.439805 139.280764 -20.618150 -43.730326 0.000000 0.000000 0.000000 -6.466782 29.652038 8.158084 32.230644 29.202234 2.433319 -141.445206 19.490195 -40.948955 0.000000 0.000000 0.000000 
0.039268 0.899829 0.020772 -2.454452 3.073064 -7.031447 7.052229 -0.218411 -6.156097 -4.546900 0.160176 34.053211 3.392883 2.803193 -10.021239 0.000000 0.000000 0.000000 -1.927879 0.626618 -7.573499 3.078591 -0.345903 35.085110 -10.681558 -25.070557 5.050456 0.000000 0.000000 0.000000 -5.240649 -0.059440 10.425729 7.897776 -2.643248 -11.077356 0.210145 -2.566087 29.637258 -5.245754 4.679548 -16.289582 0.000000 0.000000 0.000000 -7.831838 -22.101606 8.916113 -24.449996 -34.627709 1.599686 140.648365 -21.577865 -47.541944 0.000000 0.000000 0.000000 -6.345212 29.229190 8.085389 34.506065 27.863794 2.493725 -140.945122 20.936373 -43.221770 0.000000 0.000000 0.000000 
0.039155 0.897349 0.018604 -2.562075 3.581085 -7.076687 7.210501 -0.239786 -6.775862 -4.022961 -0.124605 33.654992 2.770495 1.637329 -9.015420 0.000000 0.000000 0.000000 -1.831203 0.676346 -8.145681 3.221777 -0.511113 36.195254 -10.852901 -25.454556 4.810848 0.000000 0.000000 0.000000 -5.345206 -0.060211 11.313992 7.824768 -2.636495 -10.780634 0.027043 -1.885005 29.144649 -5.114069 4.742720 -14.782373 0.000000 0.000000 0.000000 -8.849705 -22.648942 9.197996 -24.246810 -35.026985 1.645707 140.219220 -22.557952 -49.751433 0.000000 0.000000 0.000000 -5.942195 29.071020 8.141931 35.517023 26.607922 2.381742 -140.282070 21.589237 -43.256634 0.000000 0.000000 0.000000 
0.038870 0.896183 0.016729 -2.603026 3.776321 -7.280695 7.239246 -0.255264 -7.290876 -3.665383 -0.301789 33.606278 2.267598 1.220449 -7.413204 0.000000 0.000000 0.000000 -1.745095 0.689111 -8.253426 3.364889 -0.622741 36.838924 -10.962846 -25.753569 4.338343 0.000000 0.000000 0.000000 -5.219308 -0.079672 12.171870 7.473117 -2.511086 -10.656125 -0.140886 -1.519022 29.079100 -5.064941 4.787670 -13.656865 0.000000 0.000000 0.000000 -9.762332 -22.699122 9.312601 -25.756064 -35.854481 2.074099 140.702430 -23.684166 -52.670638 0.000000 0.000000 0.000000 -5.537488 28.674218 8.129461 37.257248 26.354264 2.555601 -140.602483 22.879648 -45.798813 0.000000 0.000000 0.000000 
0.038565 0.895721 0.015303 -2.687444 4.308848 -7.355995 7.735964 -0.241286 -7.386866 -3.813916 -0.277509 32.572580 1.518782 0.040101 -6.138109 0.000000 0.000000 0.000000 -1.749247 0.702328 -8.467755 3.526483 -0.794187 36.877860 -11.390592 -26.423488 5.467615 0.000000 0.000000 0.000000 -5.302238 -0.084916 12.491894 7.233400 -2.463867 -10.121255 -0.299252 -1.598172 28.718298 -5.168806 4.887531 -13.515214 0.000000 0.000000 0.000000 -10.787372 -22.741063 9.463795 -27.732669 -36.502172 2.621212 141.022406 -26.037271 -57.769946 0.000000 0.000000 0.000000 -4.112991 28.993380 8.596715 38.303145 25.964971 2.584874 -139.053760 24.606623 -47.520994 0.000000 0.000000 0.000000 
0.038220 0.895872 0.014219 -2.520523 4.487165 -7.387221 7.966057 -0.231760 -7.355065 -4.409530 -0.053078 32.375517 1.367683 -0.259616 -5.999949 0.000000 0.000000 0.000000 -1.810693 0.703459 -8.565386 3.487168 -0.788138 36.283884 -12.288926 -27.827380 7.173026 0.000000 0.000000 0.000000 -5.328047 -0.084924 12.462012 6.940145 -2.324714 -10.303423 -0.546470 -1.716248 29.040912 -4.767587 4.589375 -14.034803 0.000000 0.000000 0.000000 -11.868872 -22.940675 9.747058 -29.981613 -37.184447 3.215128 140.871621 -28.112783 -61.303817 0.000000 0.000000 0.000000 -2.393701 29.565516 9.206464 40.267694 25.927846 2.770911 -138.542983 27.093930 -51.675264 0.000000 0.000000 0.000000 
0.037921 0.896387 0.013239 -2.338999 4.581602 -7.293300 8.035491 -0.226536 -7.163867 -4.785570 0.106902 31.735727 1.302039 -0.453937 -6.046322 0.000000 0.000000 0.000000 -2.087416 0.671730 -8.447024 3.327803 -0.684631 34.615638 -13.165922 -28.898874 9.648918 0.000000 0.000000 0.000000 -5.350844 -0.079687 12.014416 6.836869 -2.336887 -9.743364 -0.678497 -1.422429 28.896848 -4.955637 4.774119 -14.778340 0.000000 0.000000 0.000000 -13.167023 -23.030128 9.956438 -31.326381 -38.099009 3.741064 140.326132 -29.577023 -63.415046 0.000000 0.000000 0.000000 -0.716483 30.289839 9.906403 41.789318 26.438934 3.167400 -138.013901 28.977271 -54.300978 0.000000 0.000000 0.000000 
0.037764 0.899486 0.012284 -2.128883 3.708339 -7.189609 8.064736 -0.178707 -6.013028 -5.226640 0.431831 29.716863 1.389319 0.016892 -5.713354 0.000000 0.000000 0.000000 -2.129841 0.651788 -8.142577 2.786939 -0.279078 32.353518 -13.907027 -29.579050 12.401945 0.000000 0.000000 0.000000 -5.214233 -0.073602 11.426860 6.329684 -2.128856 -9.965751 -0.488137 -1.421282 29.164109 -4.752031 4.554131 -15.284919 0.000000 0.000000 0.000000 -13.046458 -23.030909 10.047218 -30.993643 -39.562729 4.031695 138.579829 -29.713484 -61.101774 0.000000 0.000000 0.000000 -0.423638 31.353959 10.302200 41.949325 28.381808 3.848289 -137.287991 29.532035 -54.728485 0.000000 0.000000 0.000000 
0.037658 0.904500 0.012187 -1.673896 3.456117 -6.993272 7.968379 -0.157887 -5.129149 -5.863957 0.722772 27.764606 1.018652 -0.035161 -4.277094 0.000000 0.000000 0.000000 -2.547027 0.587182 -7.658340 2.268027 -0.013543 29.744018 -14.765919 -30.097705 16.326613 0.000000 0.000000 0.000000 -5.095103 -0.072166 10.449324 6.184839 -1.982551 -10.990325 -0.543875 -1.395883 29.704371 -4.529139 4.375035 -15.838465 0.000000 0.000000 0.000000 -11.706753 -23.451120 10.021573 -27.337211 -41.707450 3.620420 134.294909 -28.525677 -54.308809 0.000000 0.000000 0.000000 -1.868700 31.890198 10.049324 39.059742 29.918804 3.906419 -134.674992 28.351684 -50.054717 0.000000 0.000000 0.000000 
0.037612 0.911639 0.013495 -1.441600 3.175185 -6.457744 7.613550 -0.131048 -3.506510 -5.686797 0.714246 24.060334 0.731011 -0.006842 -3.040165 0.000000 0.000000 0.000000 -2.910449 0.515243 -6.923023 1.943653 0.130980 26.352601 -15.046604 -29.740470 20.153423 0.000000 0.000000 0.000000 -5.027770 -0.061395 8.937866 6.165429 -1.898953 -11.840731 -0.413838 -1.199634 29.722651 -4.047425 4.029700 -16.920660 0.000000 0.000000 0.000000 -8.990490 -23.675422 9.603342 -22.218220 -44.133750 2.724326 128.961122 -24.973139 -43.538667 0.000000 0.000000 0.000000 -4.880567 32.195967 9.295375 33.827833 30.806730 3.359182 -131.424398 24.667911 -40.795383 0.000000 0.000000 0.000000 
0.037267 0.919387 0.016620 -1.071689 3.108643 -6.000429 7.235276 -0.103274 -2.052761 -5.652748 0.721613 20.867297 0.165680 -0.137547 -0.941918 0.000000 0.000000 0.000000 -3.208200 0.406923 -5.581381 1.753502 0.180505 23.326324 -14.660793 -29.038045 21.125847 0.000000 0.000000 0.000000 -5.160676 -0.044418 7.613588 6.311947 -1.772807 -13.818015 -0.329741 -1.686500 30.478593 -3.662647 3.675436 -17.187215 0.000000 0.000000 0.000000 -5.357033 -23.788994 8.994545 -15.083618 -43.961387 0.740216 121.731194 -19.281853 -29.757447 0.000000 0.000000 0.000000 -8.777914 32.564093 8.253597 25.545751 31.533780 2.106756 -125.587415 21.027356 -31.422208 0.000000 0.000000 0.000000 
0.036580 0.927087 0.020851 -0.897049 3.067501 -4.958246 7.020841 -0.082262 -0.751837 -5.511977 0.689605 16.935440 -0.360716 -0.226031 1.034732 0.000000 0.000000 0.000000 -3.382462 0.334503 -4.525504 1.779977 0.135590 19.774858 -14.309194 -28.391494 22.143480 0.000000 0.000000 0.000000 -5.114146 -0.031412 6.206174 6.458853 -1.673570 -15.426068 -0.295971 -1.964394 30.028008 -3.170222 3.271489 -17.353021 0.000000 0.000000 0.000000 -1.098326 -23.531092 8.077583 -9.036528 -44.811409 -0.834330 115.665739 -14.082213 -19.598817 0.000000 0.000000 0.000000 -13.098570 32.204602 7.002457 18.824928 31.739440 1.046146 -120.059048 15.219573 -20.025765 0.000000 0.000000 0.000000 
0.035341 0.934612 0.025277 -1.074967 3.126831 -4.411687 6.910088 -0.055310 0.523043 -4.792388 0.518154 13.948008 -0.921807 -0.292472 3.145302 0.000000 0.000000 0.000000 -3.119893 0.240750 -3.037670 1.805388 0.082466 16.414131 -13.961313 -27.691798 23.593210 0.000000 0.000000 0.000000 -4.769963 -0.037076 5.200444 6.569801 -1.514409 -17.606373 -0.043759 -2.791388 30.703886 -3.165040 3.143115 -17.251332 0.000000 0.000000 0.000000 2.671180 -23.313801 7.249954 -2.899407 -44.812900 -2.481665 109.691394 -8.823635 -11.028839 0.000000 0.000000 0.000000 -17.463569 32.332208 5.839438 12.480986 32.313552 -0.026130 -114.618739 10.417787 -12.181028 0.000000 0.000000 0.000000 
0.033661 0.942107 0.029232 -1.248975 3.548570 -3.266810 7.156095 -0.077157 0.888212 -4.595331 0.473414 11.209594 -1.686379 -0.570981 5.519084 0.000000 0.000000 0.000000 -2.938550 0.176668 -2.041317 2.082852 -0.044444 12.781936 -13.799949 -27.181380 25.354255 0.000000 0.000000 0.000000 -4.744931 -0.021444 4.297286 6.879887 -1.431954 -19.428281 -0.081248 -3.580305 30.277264 -3.152113 3.041787 -17.422718 0.000000 0.000000 0.000000 6.078931 -23.593379 6.622022 0.800813 -43.945539 -3.325496 104.544305 -4.323102 -4.782645 0.000000 0.000000 0.000000 -21.097040 32.955293 5.021297 8.822649 32.100734 -0.656781 -110.282016 6.145918 -6.121407 0.000000 0.000000 0.000000 
0.031837 0.948505 0.032852 -1.563693 3.472394 -2.183805 7.023205 -0.075511 1.478774 -3.593794 0.307882 8.355624 -2.051184 -0.333028 7.408678 0.000000 0.000000 0.000000 -2.395581 0.122385 -1.197772 1.949944 -0.057352 9.397129 -13.376204 -26.438846 26.772731 0.000000 0.000000 0.000000 -4.782948 -0.002935 3.127407 7.071113 -1.357227 -20.836512 0.371575 -4.348698 30.272503 -3.060812 2.862084 -18.613112 0.000000 0.000000 0.000000 8.175181 -23.207221 6.058802 3.047425 -43.539766 -3.776769 101.981532 -2.452535 -2.268836 0.000000 0.000000 0.000000 -23.685266 32.638106 4.392627 6.520871 33.248833 -1.147272 -107.205725 3.406827 -2.883568 0.000000 0.000000 0.000000 
0.029944 0.952849 0.036358 -1.636502 3.203429 -1.066589 6.938581 -0.078783 1.724312 -3.172248 0.266615 6.154277 -2.238947 0.004791 8.911478 0.000000 0.000000 0.000000 -2.086540 0.070030 -0.484662 1.728790 -0.065686 6.208112 -12.923507 -25.786715 27.562770 0.000000 0.000000 0.000000 -4.969744 0.018479 2.196530 7.402935 -1.297097 -22.512409 0.555073 -4.505037 30.233026 -3.285402 2.978311 -19.958842 0.000000 0.000000 0.000000 9.528872 -23.413641 5.817852 3.372396 -43.080746 -3.745426 100.147072 -1.857798 -1.392707 0.000000 0.000000 0.000000 -25.454406 32.297120 3.957097 5.557293 34.288249 -1.388778 -105.470904 1.987703 -1.238242 0.000000 0.000000 0.000000 
0.027988 0.955206 0.039737 -1.932809 2.968509 -0.326074 6.827082 -0.070698 2.169570 -2.259876 0.160558 4.341564 -2.237591 0.324543 9.667935 0.000000 0.000000 0.000000 -1.238473 0.035188 -0.156980 1.015231 0.010790 4.441616 -12.635900 -25.381653 28.100101 0.000000 0.000000 0.000000 -4.639870 0.024304 1.216671 7.356022 -1.257438 -22.788598 0.752681 -4.717168 30.043580 -3.302295 2.937362 -20.378151 0.000000 0.000000 0.000000 9.631422 -22.945097 5.682479 3.460555 -43.175457 -3.741656 100.052527 -2.526401 -1.965325 0.000000 0.000000 0.000000 -26.127728 31.966480 3.831908 4.529824 35.055536 -1.671714 -104.665091 1.281781 -0.594923 0.000000 0.000000 0.000000 
0.025756 0.956625 0.042813 -2.061943 3.009970 0.329463 6.962960 -0.083783 2.315101 -1.986765 0.146423 3.110401 -2.363795 0.377062 10.276761 0.000000 0.000000 0.000000 -0.827259 0.014265 0.013740 0.820857 0.003644 3.171286 -12.555715 -25.233044 28.482132 0.000000 0.000000 0.000000 -4.483835 0.032406 0.669239 7.371141 -1.166958 -23.805161 0.612956 -4.644447 30.178171 -3.391487 3.024441 -21.453813 0.000000 0.000000 0.000000 9.259786 -23.110639 5.816753 3.206783 -43.263440 -3.716761 100.436125 -4.325841 -4.010341 0.000000 0.000000 0.000000 -26.159559 31.752095 3.790586 4.346903 35.392746 -1.717823 -104.268571 1.786384 -1.124645 0.000000 0.000000 0.000000 
0.023184 0.957195 0.045460 -2.165471 3.035064 0.720027 7.094598 -0.098516 2.235516 -1.717096 0.118995 2.751638 -2.400038 0.439554 10.558477 0.000000 0.000000 0.000000 -0.471751 0.019128 -0.094861 0.364492 0.061435 2.979256 -11.778336 -24.247656 28.415493 0.000000 0.000000 0.000000 -4.393293 0.037928 0.178456 7.435342 -1.162360 -24.003280 0.480911 -4.659650 29.917749 -3.061077 2.819088 -22.066155 0.000000 0.000000 0.000000 8.971484 -23.234428 5.927305 3.081501 -42.924504 -3.650161 100.895210 -5.321266 -5.169502 0.000000 0.000000 0.000000 -26.043442 31.541641 3.835138 3.901770 35.171068 -1.801061 -103.352230 1.851816 -1.239791 0.000000 0.000000 0.000000 
0.020350 0.957877 0.047938 -2.153468 3.209477 1.175225 7.318208 -0.121616 2.142181 -1.757823 0.134331 2.223114 -2.559500 0.366752 10.974156 0.000000 0.000000 0.000000 -0.346458 0.030847 -0.229761 0.089319 0.089653 2.713325 -10.976739 -23.194183 28.461565 0.000000 0.000000 0.000000 -4.393797 0.045244 -0.492881 7.311506 -1.075969 -24.601864 0.287560 -5.300925 30.171304 -3.498849 3.014872 -22.800875 0.000000 0.000000 0.000000 8.845807 -23.209831 5.921738 2.317758 -42.511130 -3.347410 101.285744 -5.855669 -5.548079 0.000000 0.000000 0.000000 -26.972914 31.661700 3.676652 4.199862 34.749339 -1.780069 -102.493649 1.834491 -1.497706 0.000000 0.000000 0.000000 
0.017505 0.958869 0.050391 -2.129690 3.313185 1.275944 7.420202 -0.129937 2.144867 -1.620278 0.117236 2.217193 -2.692295 0.343137 11.402606 0.000000 0.000000 0.000000 -0.199996 0.011228 -0.061443 -0.317577 0.132888 2.407687 -10.180859 -22.121302 29.086186 0.000000 0.000000 0.000000 -4.475384 0.046685 -0.570816 7.202946 -1.025287 -24.872200 0.225305 -5.649430 30.290319 -3.581727 3.018738 -22.961619 0.000000 0.000000 0.000000 9.004294 -22.899391 5.793449 1.748579 -42.443797 -3.154395 101.842307 -6.092509 -5.694708 0.000000 0.000000 0.000000 -27.724153 31.260041 3.508082 4.365723 34.646907 -1.779286 -101.670970 1.910396 -1.737690 0.000000 0.000000 0.000000 
0.014974 0.959559 0.052963 -2.046352 3.517690 1.555635 7.549834 -0.151171 1.826181 -1.655647 0.115968 2.416105 -2.847540 0.256356 11.746671 0.000000 0.000000 0.000000 -0.078387 0.028137 -0.247497 -0.756259 0.192481 2.436087 -9.541628 -21.247974 29.656978 0.000000 0.000000 0.000000 -4.555482 0.050263 -0.780449 7.012513 -0.960549 -25.053929 0.210167 -5.763083 30.475979 -3.689968 3.086250 -22.606956 0.000000 0.000000 0.000000 9.126314 -22.968948 5.780049 1.593211 -42.355978 -3.107365 102.020912 -5.863679 -5.441666 0.000000 0.000000 0.000000 -28.308087 30.868150 3.331416 4.647774 33.701691 -1.672641 -100.828248 1.531997 -1.332642 0.000000 0.000000 0.000000 
0.012726 0.960193 0.055156 -1.873785 3.684143 1.590141 7.490738 -0.158021 1.552673 -1.573023 0.091664 2.983932 -2.976222 0.185527 12.025846 0.000000 0.000000 0.000000 -0.114709 0.023572 -0.196178 -0.918841 0.232019 2.838456 -8.921087 -20.447283 29.008907 0.000000 0.000000 0.000000 -4.673253 0.050267 -0.798818 6.707845 -0.879156 -25.139145 0.249193 -5.883325 30.564493 -3.971447 3.260829 -22.793417 0.000000 0.000000 0.000000 9.542448 -23.133399 5.721489 1.186506 -41.992796 -2.955319 101.617718 -5.363919 -4.804776 0.000000 0.000000 0.000000 -28.955819 30.939444 3.165251 5.263065 33.183849 -1.525979 -99.782828 1.092469 -0.819423 0.000000 0.000000 0.000000 
0.010659 0.960419 0.056549 -1.615067 4.248484 1.715385 7.357808 -0.182426 0.761879 -1.448012 0.044983 4.058405 -3.243492 -0.132445 12.150669 0.000000 0.000000 0.000000 0.023057 0.034886 -0.327684 -1.149839 0.281966 3.244438 -9.405349 -20.993441 28.793095 0.000000 0.000000 0.000000 -5.029547 0.052325 -0.355193 6.475838 -0.793401 -25.437983 0.091725 -6.106205 30.772675 -3.638576 3.069155 -22.883631 0.000000 0.000000 0.000000 10.085006 -23.173079 5.604406 1.196751 -42.058322 -2.963744 101.742116 -5.251591 -4.731140 0.000000 0.000000 0.000000 -29.166070 30.577676 3.063883 5.499516 32.549474 -1.443781 -99.581688 0.156348 0.271734 0.000000 0.000000 0.000000 
0.008514 0.959831 0.056668 -1.300006 4.666701 1.707140 7.271990 -0.209931 -0.252737 -1.612763 0.023085 5.630372 -3.306854 -0.155990 12.219695 0.000000 0.000000 0.000000 -0.251261 0.079238 -0.722273 -0.620312 0.264633 4.733869 -9.659951 -21.363870 26.685873 0.000000 0.000000 0.000000 -5.186096 0.055099 0.326036 6.162341 -0.722238 -25.339111 -0.059718 -5.994921 30.876720 -3.551123 3.073631 -22.954681 0.000000 0.000000 0.000000 10.652905 -23.488964 5.564503 1.541204 -42.052226 -3.080390 102.057810 -5.132922 -4.798622 0.000000 0.000000 0.000000 -29.842891 30.988875 2.832943 6.014784 31.602120 -1.262359 -99.893029 -1.215657 2.032274 0.000000 0.000000 0.000000 
0.006291 0.958773 0.055451 -1.101947 5.149059 1.825329 7.295852 -0.263762 -2.031197 -1.800896 -0.025430 8.218786 -3.216439 -0.097468 11.901279 0.000000 0.000000 0.000000 -0.308430 0.214225 -2.068060 -0.077624 0.241743 6.750985 -11.058522 -23.160941 26.834024 0.000000 0.000000 0.000000 -5.483538 0.063965 1.119018 5.780940 -0.664720 -24.746417 0.153160 -6.000466 30.701541 -3.238716 2.925295 -23.060436 0.000000 0.000000 0.000000 11.454417 -22.919490 5.281066 0.873603 -42.584451 -2.970201 103.535059 -5.013997 -4.795261 0.000000 0.000000 0.000000 -30.493624 31.067110 2.628538 6.756983 31.145872 -1.077801 -100.915197 -3.236875 4.614871 0.000000 0.000000 0.000000 
0.003924 0.956581 0.052652 -0.857797 5.074286 1.757117 7.216210 -0.321071 -4.279844 -2.170751 -0.071137 12.114024 -2.606105 0.607808 11.243710 0.000000 0.000000 0.000000 -0.760382 0.393286 -3.987294 0.964145 0.122315 9.941647 -12.181886 -24.708376 26.374256 0.000000 0.000000 0.000000 -5.406791 0.070110 2.620592 5.472956 -0.581636 -24.920420 0.034255 -4.927700 31.189535 -3.225112 3.092403 -23.015173 0.000000 0.000000 0.000000 12.486430 -23.455573 5.236521 0.754886 -43.219622 -3.114191 104.525341 -4.659438 -4.843649 0.000000 0.000000 0.000000 -31.300784 31.550321 2.211331 7.455418 30.336777 -0.820358 -102.711335 -4.510054 6.920096 0.000000 0.000000 0.000000 
0.001567 0.950207 0.048667 -0.803058 5.150909 0.855557 7.328785 -0.372026 -6.500860 -2.815349 -0.084693 17.248562 -1.357783 2.187721 10.000287 0.000000 0.000000 0.000000 -1.266160 0.558371 -6.039233 2.140501 -0.099622 14.455328 -13.510124 -26.385829 26.817737 0.000000 0.000000 0.000000 -5.471637 0.065306 4.680152 5.546815 -0.728286 -22.967426 0.498143 -3.529253 30.445525 -2.582413 2.937971 -23.174232 0.000000 0.000000 0.000000 11.742626 -23.220557 5.462427 0.697994 -44.626201 -3.441784 106.428434 -5.775835 -6.982341 0.000000 0.000000 0.000000 -31.174822 32.120172 2.034930 7.526024 29.783484 -0.635117 -104.805907 -4.681022 8.280439 0.000000 0.000000 0.000000 
-0.001201 0.935197 0.044009 -0.709390 5.298416 -0.279615 7.980803 -0.413319 -9.269397 -3.824408 0.011073 23.146594 -0.710618 2.770400 8.727407 0.000000 0.000000 0.000000 -1.897364 0.722389 -8.533767 3.383727 -0.483665 20.029655 -15.649831 -29.159898 26.592176 0.000000 0.000000 0.000000 -5.257276 0.036632 7.489683 5.326670 -0.697634 -22.562457 0.750449 -1.949732 30.317128 -1.690892 2.662582 -23.068642 0.000000 0.000000 0.000000 9.680599 -25.002680 6.361474 0.425003 -44.482230 -3.591409 108.960854 -8.526729 -11.609688 0.000000 0.000000 0.000000 -30.495189 33.520459 1.975747 7.384579 28.995936 -0.481270 -107.043172 -3.166392 7.678960 0.000000 0.000000 0.000000 
-0.004431 0.910834 0.039317 -0.578714 6.115536 -2.241078 8.404777 -0.471231 -12.550566 -4.319025 -0.170093 31.080444 -0.143514 3.029696 6.862464 0.000000 0.000000 0.000000 -2.678968 0.821486 -11.088152 4.662338 -1.195789 27.612486 -18.429701 -32.763461 25.791446 0.000000 0.000000 0.000000 -5.264000 -0.015064 10.774498 5.346602 -0.802139 -21.015890 0.966758 -1.096038 29.653770 -0.288550 2.004134 -23.042816 0.000000 0.000000 0.000000 6.604398 -26.902281 7.464382 0.163580 -43.645920 -3.555495 111.189386 -10.729956 -15.715499 0.000000 0.000000 0.000000 -29.376153 35.888679 2.214800 6.530950 27.659549 -0.480197 -109.333763 -1.391908 6.304363 0.000000 0.000000 0.000000 
-0.008511 0.882199 0.035966 -0.856899 6.701840 -4.465333 9.271873 -0.458774 -15.499728 -4.824998 -0.416063 39.330475 0.601665 3.331866 4.349323 0.000000 0.000000 0.000000 -3.807902 0.814021 -13.539655 7.332130 -2.944667 36.355381 -19.825698 -35.506862 22.078336 0.000000 0.000000 0.000000 -5.374841 -0.075484 13.783227 5.435779 -0.964691 -19.027229 1.503651 0.193444 28.854404 0.278146 1.897096 -22.764047 0.000000 0.000000 0.000000 2.802257 -29.132233 8.818432 0.741200 -41.706903 -3.565409 113.871548 -11.418874 -18.325363 0.000000 0.000000 0.000000 -27.607861 38.118240 2.754403 5.804151 25.944611 -0.461174 -109.142384 2.131275 2.270795 0.000000 0.000000 0.000000 
-0.012884 0.859825 0.035132 -0.755639 7.696674 -5.793757 9.500548 -0.505957 -17.234510 -4.916144 -0.840889 44.100937 1.161455 3.253200 1.681702 0.000000 0.000000 0.000000 -3.881167 0.823500 -14.694272 7.669285 -3.803005 41.681214 -21.184615 -38.542000 18.281137 0.000000 0.000000 0.000000 -5.714202 -0.097313 15.226915 5.070058 -0.864048 -18.679259 1.961963 -0.256588 29.265249 0.936488 1.490967 -22.741387 0.000000 0.000000 0.000000 1.603762 -30.370262 9.381462 0.058533 -39.970724 -3.160659 115.857857 -11.590050 -19.358577 0.000000 0.000000 0.000000 -27.114348 40.170791 3.002063 5.649291 24.421192 -0.469160 -110.103270 5.077913 -1.717525 0.000000 0.000000 0.000000 
-0.016751 0.851991 0.037357 -0.628345 8.538295 -6.344305 9.692945 -0.490587 -16.657759 -4.900971 -1.064340 44.424524 1.679291 2.623245 -1.872660 0.000000 0.000000 0.000000 -4.012697 0.759782 -14.304858 8.103975 -4.357319 42.774742 -21.802799 -40.208371 16.186140 0.000000 0.000000 0.000000 -6.242261 -0.065285 15.000196 4.948978 -0.848188 -18.042210 2.280609 -0.594378 29.308643 0.710008 1.591650 -21.895609 0.000000 0.000000 0.000000 0.665642 -30.181229 9.498167 -0.421074 -39.324995 -2.978909 117.565016 -12.336928 -21.155972 0.000000 0.000000 0.000000 -24.831043 40.062547 3.807914 5.756273 23.363232 -0.495778 -111.448283 6.968911 -4.468014 0.000000 0.000000 0.000000 
-0.019056 0.863226 0.041361 -0.411316 8.727057 -6.274018 9.493372 -0.440002 -14.190021 -4.328581 -1.095953 40.302090 1.145556 1.908565 -0.972201 0.000000 0.000000 0.000000 -4.114350 0.653026 -12.322184 8.345735 -4.135199 39.398858 -21.560710 -39.452259 17.434293 0.000000 0.000000 0.000000 -6.578486 -0.023342 13.536125 5.437692 -0.939711 -18.945585 1.849851 -0.831900 30.389265 1.266757 1.216271 -21.946586 0.000000 0.000000 0.000000 2.646701 -28.717605 8.634835 -1.529595 -39.589991 -2.789791 117.836293 -12.232300 -21.070141 0.000000 0.000000 0.000000 -26.033971 37.939849 3.111284 7.568242 23.699868 -0.329292 -110.683455 7.275919 -4.624584 0.000000 0.000000 0.000000 
-0.019683 0.885300 0.045594 -0.165524 9.502476 -4.769595 9.240308 -0.445817 -11.940713 -3.841615 -0.912244 33.283131 -0.448249 0.721336 2.954825 0.000000 0.000000 0.000000 -3.645821 0.623319 -10.610400 7.584697 -3.288222 33.551198 -21.534795 -37.754727 22.042173 0.000000 0.000000 0.000000 -6.440042 -0.009454 10.961491 5.762517 -0.878587 -20.859742 1.260392 -1.824897 30.823267 1.539826 0.951583 -21.864427 0.000000 0.000000 0.000000 5.165515 -26.308689 7.502993 -2.599502 -41.303140 -2.720353 117.690548 -12.297095 -20.769675 0.000000 0.000000 0.000000 -27.404417 35.353237 2.508691 8.243199 24.341619 -0.282029 -108.178048 5.616415 -2.267302 0.000000 0.000000 0.000000 
-0.019273 0.907929 0.048219 0.187688 9.557638 -2.893555 8.660416 -0.442937 -9.544585 -3.287336 -0.591012 25.447923 -1.973994 0.377875 7.682555 0.000000 0.000000 0.000000 -3.398854 0.596494 -9.366776 6.686418 -2.360327 27.527441 -20.754089 -35.288487 26.572043 0.000000 0.000000 0.000000 -6.226999 0.015817 8.146367 5.606895 -0.767568 -21.621525 0.858822 -2.368927 30.828052 1.268845 1.105659 -22.513866 0.000000 0.000000 0.000000 8.527724 -24.570936 6.488963 -2.095740 -42.043802 -2.910855 115.935746 -10.695575 -17.625675 0.000000 0.000000 0.000000 -28.705853 32.570545 2.021125 7.774275 25.400124 -0.340716 -104.796933 3.454091 0.430260 0.000000 0.000000 0.000000 
-0.018577 0.927165 0.049229 0.295193 9.599131 -1.317499 7.968014 -0.429352 -7.332077 -2.646409 -0.447457 19.735155 -2.349877 0.301123 8.747402 0.000000 0.000000 0.000000 -2.991322 0.571445 -8.151325 5.798237 -1.642187 21.996704 -19.800562 -33.032322 30.474067 0.000000 0.000000 0.000000 -5.792905 0.021466 6.139649 5.605566 -0.665924 -23.115869 0.543746 -3.327270 31.300598 1.310429 1.016429 -23.606309 0.000000 0.000000 0.000000 12.099329 -22.399070 5.368580 -0.988685 -44.374936 -3.365052 111.698449 -8.738732 -13.315403 0.000000 0.000000 0.000000 -31.103990 30.877643 1.367940 7.092165 26.948167 -0.437326 -101.294283 1.114972 2.752738 0.000000 0.000000 0.000000 
-0.018128 0.939701 0.049506 0.413453 9.380369 0.210719 7.589415 -0.426648 -6.360056 -3.113012 -0.098895 15.038795 -1.645167 2.945421 11.771138 0.000000 0.000000 0.000000 -2.460355 0.574090 -7.413936 3.958222 -0.867982 18.631919 -15.566890 -28.230321 28.728797 0.000000 0.000000 0.000000 -5.899437 0.048773 4.498088 5.984633 -0.713497 -23.916028 0.508205 -3.632034 31.120747 0.459031 1.518549 -24.108331 0.000000 0.000000 0.000000 14.867285 -21.761412 4.787854 0.293624 -44.809408 -3.712082 109.041468 -6.201377 -9.308839 0.000000 0.000000 0.000000 -32.136398 29.829380 1.165296 5.928616 28.480948 -0.603426 -99.156969 -0.884757 4.669984 0.000000 0.000000 0.000000 
-0.018186 0.945892 0.051021 0.116423 8.718331 0.645734 7.578260 -0.380889 -4.923164 -3.306412 0.090941 11.216508 -0.459845 5.943666 14.782736 0.000000 0.000000 0.000000 -1.789328 0.535015 -6.248311 2.483863 -0.341697 16.116036 -12.420294 -24.370833 27.802330 0.000000 0.000000 0.000000 -5.798636 0.051211 3.524433 6.289563 -0.816803 -23.634126 0.783734 -4.468122 30.459041 0.122978 1.561870 -24.944750 0.000000 0.000000 0.000000 14.978960 -21.410189 4.600787 1.370820 -44.876236 -3.823918 107.134479 -5.665710 -7.773609 0.000000 0.000000 0.000000 -32.594100 29.593410 1.323986 4.704874 30.519216 -0.930253 -99.168119 -1.960391 5.109755 0.000000 0.000000 0.000000 
-0.018525 0.949369 0.054319 0.120649 8.197704 0.969094 7.436659 -0.339984 -3.563142 -3.068873 0.127052 8.727099 -0.490499 6.166517 15.745239 0.000000 0.000000 0.000000 -1.567039 0.424566 -4.705746 1.289469 0.008669 13.123769 -10.165935 -21.458701 27.563715 0.000000 0.000000 0.000000 -6.007597 0.059612 2.837217 6.918595 -0.918414 -24.571425 0.604524 -4.575739 30.647057 -0.338757 1.803838 -25.692867 0.000000 0.000000 0.000000 14.985718 -21.512177 4.566359 2.130815 -45.209880 -4.026616 104.961974 -5.516973 -7.146133 0.000000 0.000000 0.000000 -32.592804 29.261529 1.374161 4.237287 32.099162 -1.100778 -99.003112 -1.995109 4.892199 0.000000 0.000000 0.000000 
-0.019027 0.951570 0.058767 -0.178924 8.158676 0.841022 7.636303 -0.307565 -2.156747 -2.720375 0.118107 6.923174 -0.657632 6.094546 16.266403 0.000000 0.000000 0.000000 -1.071150 0.310450 -3.227154 0.725823 0.124866 10.688697 -9.674077 -20.704485 29.478402 0.000000 0.000000 0.000000 -5.940712 0.044070 1.635333 6.967080 -0.943498 -24.432605 0.670036 -5.480692 30.611772 -0.932772 1.982484 -25.384826 0.000000 0.000000 0.000000 14.910260 -21.478771 4.470407 2.394048 -45.448740 -3.975267 102.978500 -4.339948 -5.124068 0.000000 0.000000 0.000000 -32.822046 29.425995 1.503418 3.921630 33.290858 -1.310018 -98.954109 -1.717381 4.056013 0.000000 0.000000 0.000000 
-0.019437 0.953055 0.062807 -0.332092 7.820788 0.501037 7.775356 -0.268306 -0.540844 -2.618744 0.147062 5.266589 -0.669934 6.183543 16.723998 0.000000 0.000000 0.000000 -0.652806 0.151771 -1.480607 0.279419 0.192480 8.583942 -9.321949 -20.316575 29.464744 0.000000 0.000000 0.000000 -5.795543 0.029403 0.837851 6.875237 -0.912805 -24.622310 0.585787 -5.629274 30.664467 -0.877622 1.910349 -25.905543 0.000000 0.000000 0.000000 14.531050 -22.025278 4.601222 2.732559 -45.332522 -4.004472 101.035080 -4.538101 -5.069234 0.000000 0.000000 0.000000 -32.645223 29.621949 1.616671 3.758539 33.894480 -1.416444 -97.747888 -0.603252 2.549723 0.000000 0.000000 0.000000 
-0.019780 0.954405 0.064992 -0.349823 7.463760 0.607710 7.783532 -0.250821 0.192544 -2.608371 0.173362 4.125894 -0.629652 6.357776 17.239194 0.000000 0.000000 0.000000 -0.555383 0.080208 -0.743507 0.102110 0.201278 7.215353 -8.993009 -19.946412 29.554232 0.000000 0.000000 0.000000 -5.805051 0.025952 0.228966 7.032066 -0.937568 -24.882268 0.502033 -5.702414 30.732664 -1.123665 2.020628 -26.274625 0.000000 0.000000 0.000000 14.520500 -22.083027 4.585334 3.455273 -45.590490 -4.206964 99.522857 -3.888204 -4.140438 0.000000 0.000000 0.000000 -33.047066 29.906510 1.574682 3.461513 33.696694 -1.501431 -96.715912 -0.038127 1.714583 0.000000 0.000000 0.000000 
-0.020029 0.956002 0.065232 -0.352648 6.956945 0.494585 7.722431 -0.227775 0.703592 -2.582493 0.184186 3.625891 -0.518175 6.628571 17.814531 0.000000 0.000000 0.000000 -0.394553 0.018965 -0.140954 -0.286496 0.250128 6.262266 -8.582897 -19.493730 29.718044 0.000000 0.000000 0.000000 -5.656476 0.020881 -0.236776 7.026227 -0.948362 -24.813947 0.371778 -5.770528 30.659584 -1.276404 2.076802 -27.060906 0.000000 0.000000 0.000000 14.914506 -22.124965 4.484628 3.680960 -45.463312 -4.177836 97.899026 -3.142521 -3.072707 0.000000 0.000000 0.000000 -33.890902 30.189095 1.460519 3.217476 34.388026 -1.622633 -95.000651 0.012038 1.398810 0.000000 0.000000 0.000000 
-0.020216 0.956902 0.064442 -0.359396 6.241689 0.698453 7.432633 -0.204279 0.722297 -2.232545 0.151314 3.355015 -0.196916 7.097084 18.185789 0.000000 0.000000 0.000000 -0.422771 0.046677 -0.404745 -0.385848 0.266560 6.081245 -8.145101 -19.035515 29.660417 0.000000 0.000000 0.000000 -5.486153 0.028170 -0.217798 6.921353 -0.935728 -24.739869 0.389636 -5.477632 30.598311 -1.441198 2.150973 -27.134218 0.000000 0.000000 0.000000 15.255193 -22.430815 4.466322 4.492888 -44.919537 -4.314657 97.144292 -2.693979 -2.551349 0.000000 0.000000 0.000000 -34.527701 30.185124 1.336129 2.615259 34.812256 -1.782723 -94.464122 -0.202000 1.503453 0.000000 0.000000 0.000000 
-0.020404 0.957641 0.063939 -0.309933 5.803321 0.897603 7.178763 -0.186098 0.846337 -1.982233 0.134099 2.855559 -0.023270 7.371769 18.503791 0.000000 0.000000 0.000000 -0.529669 0.053475 -0.455784 -0.388553 0.254847 5.635791 -7.854387 -18.726908 29.634494 0.000000 0.000000 0.000000 -5.510474 0.034726 -0.101344 6.936813 -0.929689 -24.909512 0.367119 -5.515517 30.598601 -1.853574 2.342133 -27.352438 0.000000 0.000000 0.000000 15.085268 -22.416283 4.467259 5.303552 -44.203229 -4.411368 96.410202 -2.207582 -1.976481 0.000000 0.000000 0.000000 -34.798998 30.474786 1.321360 1.971159 35.075630 -1.976695 -94.241763 -0.477120 1.586652 0.000000 0.000000 0.000000 
-0.020579 0.957944 0.064373 -0.346528 5.424321 0.886252 7.048816 -0.163861 1.259582 -1.751654 0.120581 2.330810 0.137708 7.589524 18.667171 0.000000 0.000000 0.000000 -0.439489 0.006134 0.011313 -0.557795 0.254439 4.794022 -7.597136 -18.455796 29.496098 0.000000 0.000000 0.000000 -5.443580 0.035775 -0.123626 6.689167 -0.864125 -25.042515 0.392908 -5.581410 30.737351 -1.894435 2.316029 -27.390521 0.000000 0.000000 0.000000 15.188485 -22.550018 4.434828 6.028776 -43.407829 -4.453356 95.732455 -2.314957 -2.026911 0.000000 0.000000 0.000000 -34.674072 30.594043 1.404176 1.546806 35.401643 -2.139031 -94.139075 -0.598014 1.522603 0.000000 0.000000 0.000000 
-0.020733 0.958310 0.065793 -0.332548 5.116170 0.776658 6.863316 -0.128229 2.071575 -1.493186 0.114797 1.393065 0.228147 7.730324 18.882779 0.000000 0.000000 0.000000 -0.453519 -0.065950 0.732994 -0.625613 0.229164 3.825833 -7.349812 -18.189661 29.418128 0.000000 0.000000 0.000000 -5.534207 0.035298 -0.128032 6.604000 -0.854081 -24.956256 0.355854 -5.789511 30.492089 -1.818894 2.211739 -27.621671 0.000000 0.000000 0.000000 15.376928 -22.864214 4.422020 6.073203 -42.331374 -4.234527 94.956506 -2.294333 -1.841768 0.000000 0.000000 0.000000 -34.711833 30.847640 1.495826 1.554753 35.815964 -2.228082 -94.308650 -0.439020 1.179856 0.000000 0.000000 0.000000 
-0.020894 0.958538 0.067931 -0.368033 5.193587 0.693102 6.709282 -0.108470 2.554734 -1.098369 0.084144 0.913474 0.164323 7.679030 18.969934 0.000000 0.000000 0.000000 -0.318642 -0.129456 1.323084 -0.752479 0.222246 3.188211 -7.331320 -18.158395 29.528051 0.000000 0.000000 0.000000 -5.686330 0.032041 -0.283950 6.718765 -0.868451 -25.136180 0.153601 -5.977080 30.633991 -1.511658 2.013700 -27.634262 0.000000 0.000000 0.000000 15.946762 -22.735291 4.258256 6.244766 -41.722914 -4.156686 93.710904 -1.885304 -1.376784 0.000000 0.000000 0.000000 -34.673243 30.766620 1.532018 1.869878 35.903752 -2.190172 -94.410455 -0.423896 1.117942 0.000000 0.000000 0.000000 
-0.021035 0.958974 0.070435 -0.436701 5.391980 0.779736 6.600785 -0.093299 3.127122 -0.692336 0.069782 -0.055872 0.016165 7.553028 19.151312 0.000000 0.000000 0.000000 -0.406788 -0.181357 1.850244 -0.395786 0.140146 2.382699 -7.320611 -18.119984 29.778232 0.000000 0.000000 0.000000 -5.911793 0.032387 -0.308434 6.656789 -0.824967 -25.501811 0.165670 -6.671668 30.491426 -1.481919 1.926234 -28.336302 0.000000 0.000000 0.000000 16.473745 -22.956421 4.128782 6.242976 -41.002819 -3.951679 92.646127 -1.332238 -0.586599 0.000000 0.000000 0.000000 -34.713071 30.776378 1.656192 2.064021 36.184406 -2.257259 -94.653569 0.170688 0.256188 0.000000 0.000000 0.000000 
-0.021245 0.959511 0.073181 -0.603682 5.283944 0.968558 6.444506 -0.072154 3.626383 -0.086098 0.041841 -0.974854 0.040694 7.644857 19.412465 0.000000 0.000000 0.000000 -0.143654 -0.238762 2.319879 -0.528540 0.120130 1.426455 -7.155272 -17.925673 29.987129 0.000000 0.000000 0.000000 -6.049568 0.032899 -0.562190 7.026669 -0.889517 -25.815446 -0.033362 -6.870180 30.543920 -1.254091 1.785079 -29.015699 0.000000 0.000000 0.000000 16.688711 -22.468598 3.969499 6.442474 -40.826136 -3.938735 91.774111 -0.695617 0.115572 0.000000 0.000000 0.000000 -34.553975 30.675017 1.753039 1.814729 36.690852 -2.400856 -93.676438 0.015479 0.275982 0.000000 0.000000 0.000000 
-0.021503 0.959869 0.076235 -0.688143 5.060188 1.215429 6.289755 -0.050083 4.050672 0.338744 0.033060 -1.783170 0.121983 7.796889 19.687195 0.000000 0.000000 0.000000 -0.070930 -0.275925 2.650108 -0.615300 0.111762 0.961690 -6.409986 -16.963596 29.098638 0.000000 0.000000 0.000000 -6.126706 0.038093 -0.609471 7.032910 -0.837506 -26.540087 0.089202 -7.160408 30.610734 -1.298101 1.780969 -30.000212 0.000000 0.000000 0.000000 16.947149 -22.320562 3.841560 6.026590 -40.455865 -3.720971 91.561331 -0.213991 0.787100 0.000000 0.000000 0.000000 -34.318978 30.715691 1.904598 1.658761 36.941643 -2.533061 -93.360378 0.401839 -0.328052 0.000000 0.000000 0.000000 
-0.021856 0.960403 0.079569 -0.863951 4.779517 1.414197 6.336534 -0.039997 4.448314 0.582074 0.036565 -2.417627 0.223431 7.976117 20.002477 0.000000 0.000000 0.000000 0.195652 -0.323013 2.987748 -0.894462 0.129483 0.595617 -5.598699 -15.888722 28.268325 0.000000 0.000000 0.000000 -6.039406 0.038647 -0.953333 7.181625 -0.872290 -26.541341 0.134624 -7.351397 30.434263 -1.473760 1.837033 -30.430734 0.000000 0.000000 0.000000 16.510947 -22.084215 3.869069 6.383385 -40.157592 -3.733835 91.344440 -0.055865 1.034882 0.000000 0.000000 0.000000 -33.780874 30.841724 2.130424 1.102817 37.460687 -2.776865 -93.139927 0.898289 -1.002584 0.000000 0.000000 0.000000 
-0.022134 0.960884 0.082882 -0.944195 4.395285 1.538156 6.299993 -0.023823 4.726934 0.748860 0.031981 -2.650385 0.386644 8.211030 20.286442 0.000000 0.000000 0.000000 0.263128 -0.371941 3.414429 -1.074820 0.140168 0.379143 -4.615510 -14.518047 26.922353 0.000000 0.000000 0.000000 -6.015066 0.040534 -1.155870 7.203754 -0.847688 -26.952954 0.264661 -7.474872 30.445420 -1.614766 1.887960 -31.284848 0.000000 0.000000 0.000000 15.892781 -21.685878 3.894724 6.595263 -40.348389 -3.783284 91.538420 -0.790919 0.454293 0.000000 0.000000 0.000000 -33.269599 31.171644 2.333229 0.761646 37.735434 -2.951787 -92.874167 1.887543 -2.160888 0.000000 0.000000 0.000000 
-0.022174 0.961250 0.085830 -1.030155 3.984737 1.881914 6.354662 -0.022523 4.780708 0.719974 0.044916 -2.935828 0.573150 8.464681 20.556511 0.000000 0.000000 0.000000 0.262912 -0.405505 3.730107 -1.243560 0.138705 -0.032050 -3.481809 -12.842271 25.440647 0.000000 0.000000 0.000000 -5.894117 0.044774 -1.523878 7.151954 -0.818146 -27.178554 0.342409 -7.413342 30.273982 -1.636194 1.885634 -31.650278 0.000000 0.000000 0.000000 15.431413 -21.535696 3.962488 6.939912 -40.567660 -3.887059 91.714925 -1.799911 -0.448072 0.000000 0.000000 0.000000 -32.773340 31.346727 2.520882 0.466055 37.987944 -3.087342 -92.355939 2.757584 -3.089019 0.000000 0.000000 0.000000 
-0.021807 0.961988 0.088333 -1.116005 3.391349 2.364539 6.054239 0.005437 4.812854 1.191835 0.029197 -3.430731 0.853467 8.853654 20.988335 0.000000 0.000000 0.000000 0.198989 -0.398620 3.713940 -1.296682 0.129739 -0.298311 -2.585570 -11.498276 24.309126 0.000000 0.000000 0.000000 -5.675044 0.053453 -1.922419 7.210679 -0.801120 -27.553916 0.349423 -7.058543 30.042649 -1.992373 2.089066 -32.055953 0.000000 0.000000 0.000000 14.886128 -21.621984 4.123100 7.537864 -40.683251 -4.068558 92.099862 -2.827179 -1.479912 0.000000 0.000000 0.000000 -32.413417 31.772932 2.644379 0.312503 38.231032 -3.149727 -91.895160 3.367736 -3.636085 0.000000 0.000000 0.000000 
-0.021010 0.962815 0.090708 -1.082768 2.992646 2.747552 5.766098 0.021979 4.622277 1.418588 0.011760 -3.427224 1.033491 9.110620 21.333298 0.000000 0.000000 0.000000 -0.002409 -0.379813 3.656275 -1.393954 0.122295 -0.625571 -1.884946 -10.530569 24.280838 0.000000 0.000000 0.000000 -5.498468 0.062455 -2.034649 7.017568 -0.726711 -27.976916 0.430571 -7.067156 29.881972 -2.195929 2.159211 -32.219773 0.000000 0.000000 0.000000 14.956643 -21.632138 4.098492 7.583171 -41.324844 -4.131396 92.692653 -3.682335 -2.171228 0.000000 0.000000 0.000000 -32.782087 31.914793 2.624537 0.326842 38.639811 -3.232440 -91.510773 3.525377 -3.850763 0.000000 0.000000 0.000000 
-0.019697 0.963566 0.093212 -1.011621 2.376930 3.061499 5.429466 0.043933 4.408394 1.412020 -0.008306 -3.001841 1.513110 9.625217 21.211725 0.000000 0.000000 0.000000 -0.148058 -0.352215 3.493566 -1.649642 0.145824 -0.645376 -1.389019 -9.874697 24.076854 0.000000 0.000000 0.000000 -5.242053 0.070776 -2.250692 7.152932 -0.745331 -28.084339 0.285949 -6.650874 29.542497 -2.573577 2.366030 -32.369079 0.000000 0.000000 0.000000 15.031276 -21.546315 4.091603 7.713287 -42.097729 -4.273545 93.248750 -4.446880 -2.894714 0.000000 0.000000 0.000000 -33.301830 32.049731 2.526268 0.200245 39.085838 -3.304110 -90.956697 3.035044 -3.302677 0.000000 0.000000 0.000000 
-0.017947 0.964096 0.095946 -1.003469 1.912356 3.316808 5.259010 0.057668 4.350076 1.246618 -0.003826 -2.831212 1.901775 10.062938 21.171556 0.000000 0.000000 0.000000 -0.378386 -0.324756 3.370735 -1.652956 0.146139 -0.616312 -0.961516 -9.315553 24.007478 0.000000 0.000000 0.000000 -5.162148 0.077227 -2.357372 7.253246 -0.736340 -28.417792 0.281075 -6.502565 29.622347 -2.771429 2.442300 -32.419630 0.000000 0.000000 0.000000 15.066747 -21.481751 4.058824 8.245794 -43.099110 -4.540483 93.595774 -4.906670 -3.300548 0.000000 0.000000 0.000000 -33.903482 31.933565 2.403013 -0.053546 39.416220 -3.436786 -90.955154 2.084465 -2.456339 0.000000 0.000000 0.000000 
-0.016023 0.964179 0.098677 -1.028596 1.500279 3.622762 5.046475 0.072113 4.304054 1.136959 -0.001363 -2.702589 2.397320 10.579670 20.762718 0.000000 0.000000 0.000000 -0.495325 -0.298125 3.188412 -1.841640 0.169894 -0.507847 -0.497648 -8.635529 23.689267 0.000000 0.000000 0.000000 -4.976880 0.084328 -2.704131 7.330201 -0.766515 -28.237273 0.286036 -6.507453 29.308029 -3.085901 2.560718 -32.368581 0.000000 0.000000 0.000000 15.054339 -21.220460 3.997553 9.105387 -43.999184 -4.878822 93.408933 -5.125056 -3.422993 0.000000 0.000000 0.000000 -34.172810 31.841249 2.410573 -0.640005 39.838378 -3.693866 -90.687393 1.731763 -2.228052 0.000000 0.000000 0.000000 
-0.014180 0.963861 0.101313 -1.080197 1.381828 3.534669 5.048108 0.079518 4.412237 0.851139 0.010452 -2.424994 2.780739 11.062602 20.684926 0.000000 0.000000 0.000000 -0.650842 -0.297057 3.271450 -1.598328 0.162198 -0.176702 -0.649222 -8.856146 23.547544 0.000000 0.000000 0.000000 -5.040987 0.083496 -2.691171 7.595015 -0.821307 -28.240311 0.221580 -6.566053 29.347103 -3.390582 2.692591 -32.330353 0.000000 0.000000 0.000000 15.096619 -21.176057 3.963773 10.457765 -44.956376 -5.412676 93.029041 -5.048568 -3.369293 0.000000 0.000000 0.000000 -34.174000 31.681411 2.428659 -1.097851 39.878718 -3.851778 -90.472119 1.320555 -1.923609 0.000000 0.000000 0.000000 
-0.012466 0.963579 0.103658 -1.111225 1.060495 3.504942 4.843611 0.102543 4.511681 0.631410 0.014878 -2.075000 3.567199 12.009497 20.302207 0.000000 0.000000 0.000000 -0.804977 -0.288421 3.287505 -1.514537 0.159462 -0.045129 -0.621879 -8.918441 23.731446 0.000000 0.000000 0.000000 -5.008599 0.083196 -3.175872 7.654268 -0.868844 -27.836933 0.210327 -6.634338 29.381516 -3.851648 2.879728 -32.153787 0.000000 0.000000 0.000000 15.615131 -21.126312 3.810516 11.048841 -45.268816 -5.580070 92.747079 -4.774878 -3.003900 0.000000 0.000000 0.000000 -34.020105 31.323655 2.524200 -1.076862 40.398826 -3.980402 -90.845487 1.284766 -2.017257 0.000000 0.000000 0.000000 
-0.010808 0.963141 0.105675 -1.100454 0.937198 3.389835 4.659425 0.122628 4.624286 0.646644 0.010071 -1.991919 3.889072 12.484568 20.680717 0.000000 0.000000 0.000000 -0.948908 -0.277277 3.262201 -1.385989 0.169203 0.413858 -0.830760 -9.236228 23.635134 0.000000 0.000000 0.000000 -5.191771 0.079318 -3.426933 7.792832 -0.936616 -27.438546 0.211294 -6.841972 29.338093 -4.264580 3.043078 -31.924239 0.000000 0.000000 0.000000 15.795203 -20.825162 3.679158 12.194560 -45.796243 -5.972056 91.664127 -4.591934 -2.752809 0.000000 0.000000 0.000000 -33.697695 30.941784 2.661442 -0.929178 40.775732 -4.057455 -91.054927 1.804595 -2.646694 0.000000 0.000000 0.000000 
-0.009171 0.962660 0.107275 -1.147329 0.792805 3.366015 4.566588 0.123874 4.484488 0.410254 0.015907 -1.589075 4.561405 13.365136 20.726617 0.000000 0.000000 0.000000 -1.134347 -0.260555 3.204540 -1.324652 0.181033 0.785384 -0.525262 -8.754972 23.401430 0.000000 0.000000 0.000000 -5.360950 0.074349 -3.978470 8.017143 -1.040506 -26.846271 0.143643 -6.786997 29.394253 -4.587536 3.204916 -31.908760 0.000000 0.000000 0.000000 16.177707 -20.485586 3.518743 12.852639 -46.417236 -6.279795 90.646959 -4.428530 -2.567995 0.000000 0.000000 0.000000 -33.378578 30.475257 2.739757 -0.689169 41.215479 -4.068130 -91.568588 2.439584 -3.279368 0.000000 0.000000 0.000000 
-0.007565 0.961916 0.108463 -1.277418 0.561105 3.277394 4.564677 0.130376 4.527080 0.410256 0.015208 -1.576699 4.917556 13.878656 21.287731 0.000000 0.000000 0.000000 -1.188888 -0.248990 3.121414 -1.246896 0.183350 1.012590 -0.483461 -8.804839 23.706750 0.000000 0.000000 0.000000 -5.345461 0.073805 -4.173414 8.112743 -1.075952 -26.694218 0.183889 -6.631595 29.483122 -4.579349 3.199578 -31.689993 0.000000 0.000000 0.000000 16.226335 -20.466539 3.496594 12.702801 -46.412228 -6.233227 90.066261 -4.453099 -2.559085 0.000000 0.000000 0.000000 -32.921416 30.170553 2.834022 -0.245692 41.345622 -3.968412 -92.090449 3.259479 -4.092891 0.000000 0.000000 0.000000 
-0.006040 0.961039 0.109323 -1.384158 0.567328 3.059360 4.595025 0.143367 4.787090 0.478659 0.018091 -1.820958 5.023376 14.085471 21.835327 0.000000 0.000000 0.000000 -1.188994 -0.246762 3.089545 -1.127234 0.186059 1.343801 -0.785836 -9.353034 24.176732 0.000000 0.000000 0.000000 -5.302212 0.070051 -4.341912 8.140578 -1.103679 -26.493904 -0.010719 -6.523787 29.875464 -4.577787 3.209819 -30.868743 0.000000 0.000000 0.000000 16.339767 -20.322839 3.433661 12.638614 -46.189053 -6.196124 89.053653 -4.492733 -2.625486 0.000000 0.000000 0.000000 -32.380639 29.736774 2.896505 -0.399113 41.101621 -3.971986 -92.416056 3.642553 -4.494330 0.000000 0.000000 0.000000 
-0.004482 0.960172 0.110009 -1.544373 0.701959 2.862203 4.585847 0.145328 4.829956 0.795584 0.012171 -2.382298 5.392332 14.811630 23.974483 0.000000 0.000000 0.000000 -1.178738 -0.245326 3.053434 -1.021882 0.191645 1.712819 -0.854824 -9.509168 24.583413 0.000000 0.000000 0.000000 -5.169957 0.068065 -4.553256 7.965550 -1.088351 -26.281395 -0.069839 -6.523817 30.111390 -4.305573 3.075027 -30.416094 0.000000 0.000000 0.000000 16.516293 -20.518372 3.428895 12.098958 -45.682568 -5.937915 88.787406 -4.116302 -2.289753 0.000000 0.000000 0.000000 -32.077442 29.357886 2.929202 -0.182229 40.897119 -3.876258 -93.023634 4.103619 -4.980892 0.000000 0.000000 0.000000 
-0.002684 0.959746 0.110634 -1.765428 0.341525 2.595888 4.597285 0.167108 5.116226 1.039242 0.014634 -2.949766 5.879860 15.565966 26.131676 0.000000 0.000000 0.000000 -1.234027 -0.241842 3.058615 -0.953792 0.201791 2.100649 -0.461859 -9.055809 24.828839 0.000000 0.000000 0.000000 -4.926962 0.072246 -4.681398 7.830633 -1.068169 -26.223129 -0.128817 -6.169309 30.534335 -4.046878 2.946582 -29.577983 0.000000 0.000000 0.000000 16.593939 -20.445752 3.386756 11.724329 -45.329737 -5.780296 88.369947 -4.016757 -2.219395 0.000000 0.000000 0.000000 -32.235612 28.861352 2.830214 -0.298103 41.025145 -3.915652 -93.716261 3.680547 -4.583924 0.000000 0.000000 0.000000 
-0.000616 0.959721 0.111368 -1.815741 0.647099 2.304450 4.735550 0.169810 5.404687 0.891249 0.052257 -3.554304 5.939962 15.832282 27.890376 0.000000 0.000000 0.000000 -1.222633 -0.262709 3.253873 -1.112029 0.223604 2.135347 -0.507373 -9.293739 25.954105 0.000000 0.000000 0.000000 -5.032695 0.062805 -4.589451 7.641922 -1.031349 -26.180045 -0.248076 -6.412808 30.703701 -3.657457 2.717233 -29.229037 0.000000 0.000000 0.000000 16.586942 -20.238261 3.327262 11.788714 -45.018111 -5.730023 88.898213 -3.687018 -1.950785 0.000000 0.000000 0.000000 -32.323967 28.119659 2.801572 -1.031252 41.113997 -4.158549 -94.447513 3.094816 -4.128680 0.000000 0.000000 0.000000 
0.001751 0.959590 0.112283 -1.852146 0.548544 2.290317 4.745149 0.181560 5.621249 0.665579 0.098160 -4.284639 6.391185 16.452150 29.456180 0.000000 0.000000 0.000000 -1.311608 -0.239781 3.060106 -1.117724 0.240614 2.465931 -0.636741 -9.572198 26.319018 0.000000 0.000000 0.000000 -4.930726 0.065610 -4.641066 7.468931 -0.971558 -26.409045 -0.305822 -6.244317 30.949532 -3.539800 2.657991 -28.579271 0.000000 0.000000 0.000000 17.091853 -20.048661 3.180702 11.443252 -44.891230 -5.602023 89.801999 -3.112750 -1.432966 0.000000 0.000000 0.000000 -32.870630 27.408541 2.646054 -1.297656 41.066050 -4.217788 -95.356772 2.406146 -3.473269 0.000000 0.000000 0.000000 
0.004201 0.959269 0.113269 -1.764047 0.626272 2.075791 4.663347 0.201373 5.890380 0.397292 0.115533 -4.246881 6.358793 16.412610 29.258167 0.000000 0.000000 0.000000 -1.501803 -0.241277 3.181347 -1.144315 0.251451 2.615306 -0.896610 -10.026246 26.852283 0.000000 0.000000 0.000000 -4.950254 0.061090 -4.556847 7.246842 -0.921049 -26.453351 -0.341765 -6.201166 31.152457 -3.505790 2.644890 -28.039487 0.000000 0.000000 0.000000 17.046747 -19.545736 3.090041 11.550924 -45.221143 -5.716039 91.099493 -2.888006 -1.298289 0.000000 0.000000 0.000000 -33.006029 26.680209 2.571601 -1.951706 41.330652 -4.436521 -96.293523 1.452598 -2.512012 0.000000 0.000000 0.000000 
0.006486 0.958873 0.113976 -1.670306 0.459591 1.933242 4.541698 0.230515 6.202093 0.132218 0.138761 -4.375108 6.445675 16.482864 29.162744 0.000000 0.000000 0.000000 -1.815271 -0.231132 3.269216 -1.189656 0.261800 2.703313 -0.651326 -9.757333 27.055426 0.000000 0.000000 0.000000 -4.898674 0.061229 -4.470633 7.026546 -0.845222 -26.788911 -0.350593 -5.896033 31.404535 -3.707348 2.789349 -27.700074 0.000000 0.000000 0.000000 17.364048 -19.245909 2.976485 11.027315 -45.449031 -5.623880 91.923694 -2.894732 -1.325438 0.000000 0.000000 0.000000 -33.219026 26.246943 2.467081 -1.686303 41.129857 -4.300536 -96.480351 1.531404 -2.530925 0.000000 0.000000 0.000000 
0.008392 0.958432 0.114135 -1.596678 0.154336 1.841982 4.444531 0.252268 6.355176 -0.141209 0.156976 -4.344948 6.626153 16.638601 29.087276 0.000000 0.000000 0.000000 -2.028775 -0.201738 3.081688 -1.163836 0.277799 3.094768 -0.796515 -10.021943 27.059238 0.000000 0.000000 0.000000 -4.840598 0.063707 -4.124232 6.915235 -0.799039 -27.076245 -0.341317 -5.629823 31.339537 -3.736713 2.821311 -27.931399 0.000000 0.000000 0.000000 17.207314 -18.551256 2.889253 10.524449 -45.907187 -5.573191 92.228871 -3.102820 -1.490193 0.000000 0.000000 0.000000 -33.155298 25.757148 2.470691 -1.287770 41.282191 -4.206297 -96.265332 1.766269 -2.726233 0.000000 0.000000 0.000000 
0.009781 0.958355 0.113694 -1.579368 -0.055230 1.807761 4.301035 0.268586 6.385543 -0.143937 0.156464 -4.316756 6.752804 16.753819 29.082804 0.000000 0.000000 0.000000 -2.225614 -0.177225 2.928280 -1.113303 0.272670 3.124102 -0.692728 -10.033198 27.642221 0.000000 0.000000 0.000000 -4.781947 0.066126 -3.674540 6.829154 -0.768358 -27.206140 -0.220232 -5.352407 30.980840 -4.085543 3.047366 -27.761135 0.000000 0.000000 0.000000 16.759740 -18.197694 2.946182 10.204317 -46.541723 -5.627923 92.335742 -4.303985 -2.663933 0.000000 0.000000 0.000000 -33.101881 25.422520 2.472958 -0.414506 41.827057 -4.002733 -96.213079 2.701195 -3.545918 0.000000 0.000000 0.000000 
0.010597 0.958637 0.112942 -1.511612 -0.270453 1.698960 4.215455 0.295687 6.672733 -0.275841 0.176122 -4.636802 6.805760 16.795125 29.231871 0.000000 0.000000 0.000000 -2.330836 -0.149203 2.662946 -1.172108 0.301675 3.544591 -0.725506 -10.184328 27.974011 0.000000 0.000000 0.000000 -4.714720 0.066589 -3.119468 6.833583 -0.725072 -27.735720 -0.289915 -5.220187 31.024266 -4.264133 3.147881 -27.537667 0.000000 0.000000 0.000000 16.228646 -17.699483 2.948007 9.081945 -46.991348 -5.372066 92.139508 -6.022058 -4.226349 0.000000 0.000000 0.000000 -32.952743 25.013203 2.494095 0.561981 42.758139 -3.852135 -95.341007 4.186270 -4.936910 0.000000 0.000000 0.000000 
0.010945 0.958736 0.112180 -1.435732 -0.171275 1.747529 4.259589 0.273656 6.363967 -0.511482 0.182534 -4.309363 6.760043 16.753206 29.178764 0.000000 0.000000 0.000000 -2.314911 -0.109956 2.160038 -1.164598 0.315275 3.835752 -1.398478 -11.303261 29.276703 0.000000 0.000000 0.000000 -4.764385 0.066142 -2.987474 6.804172 -0.719290 -27.735470 -0.338551 -5.211134 31.015033 -4.741419 3.437190 -27.268985 0.000000 0.000000 0.000000 15.728360 -17.257391 2.965627 8.219322 -47.669629 -5.241506 91.474281 -7.424017 -5.478804 0.000000 0.000000 0.000000 -32.571830 24.603470 2.546095 1.576321 43.582976 -3.641164 -95.334006 5.075480 -5.703646 0.000000 0.000000 0.000000 
0.010813 0.958618 0.111458 -1.304392 -0.125683 1.711280 4.261638 0.276944 6.428578 -0.734429 0.202195 -4.447231 6.705888 16.696631 29.152205 0.000000 0.000000 0.000000 -2.453097 -0.090200 1.985828 -1.022040 0.316129 4.256523 -1.666303 -11.581375 28.831752 0.000000 0.000000 0.000000 -4.829582 0.064460 -2.805710 6.815152 -0.727859 -27.657917 -0.292754 -5.254666 30.992239 -5.068127 3.627773 -26.945320 0.000000 0.000000 0.000000 14.942449 -16.972761 3.052575 7.239069 -47.992270 -5.006290 91.420790 -8.796262 -6.732145 0.000000 0.000000 0.000000 -32.026940 24.207464 2.637920 2.650009 44.201492 -3.395937 -95.492020 6.231164 -6.825179 0.000000 0.000000 0.000000 
0.010361 0.958177 0.110687 -1.306305 0.063716 1.400905 4.469594 0.259511 6.388236 -0.974318 0.205329 -3.913230 6.645223 16.640982 28.888299 0.000000 0.000000 0.000000 -2.500768 -0.107515 2.194967 -0.800784 0.286803 4.315870 -1.936019 -11.953791 29.153640 0.000000 0.000000 0.000000 -4.757257 0.059480 -2.410812 6.663308 -0.721332 -27.372990 -0.336156 -5.083983 31.012611 -5.058079 3.677134 -26.434795 0.000000 0.000000 0.000000 14.362009 -16.561654 3.102417 6.465696 -48.871149 -4.962697 91.600103 -10.251546 -8.207566 0.000000 0.000000 0.000000 -31.186402 23.616143 2.702003 3.730265 44.764716 -3.064945 -96.145043 6.688939 -7.137066 0.000000 0.000000 0.000000 
0.009657 0.957456 0.109577 -1.142398 0.276489 1.119630 4.563240 0.254891 6.441516 -1.296366 0.222842 -3.640566 6.552125 16.546998 28.603056 0.000000 0.000000 0.000000 -2.695951 -0.117913 2.402807 -0.766564 0.285659 4.402378 -1.834826 -11.772472 29.088425 0.000000 0.000000 0.000000 -4.803207 0.054076 -1.883002 6.712142 -0.733374 -27.369255 -0.440027 -5.095358 31.118921 -4.879063 3.593337 -26.219876 0.000000 0.000000 0.000000 13.603287 -16.241753 3.171293 5.293346 -49.436651 -4.699641 93.117894 -11.306702 -9.433373 0.000000 0.000000 0.000000 -30.819439 23.277952 2.710808 4.557396 45.398507 -2.842879 -97.304776 6.773066 -7.204271 0.000000 0.000000 0.000000 
0.008938 0.956638 0.107960 -1.149230 0.551737 1.032887 4.912387 0.219068 6.313714 -1.729663 0.252331 -3.494695 6.455990 16.448184 28.236840 0.000000 0.000000 0.000000 -2.754612 -0.112433 2.331946 -0.557914 0.250130 4.300970 -2.045628 -12.111900 29.845707 0.000000 0.000000 0.000000 -4.983589 0.051718 -1.463686 6.838836 -0.776043 -27.172469 -0.442703 -4.964663 31.223868 -4.731048 3.560306 -25.832543 0.000000 0.000000 0.000000 13.079843 -15.922142 3.218615 5.068909 -50.490009 -4.847561 94.239196 -12.095951 -10.499537 0.000000 0.000000 0.000000 -30.572511 22.951840 2.657350 5.072224 45.959838 -2.654520 -98.530933 5.915961 -6.162967 0.000000 0.000000 0.000000 
0.008186 0.955763 0.105933 -1.042430 0.654857 0.973514 4.994626 0.196211 5.966729 -1.965651 0.262367 -3.016988 6.479743 16.466015 27.915741 0.000000 0.000000 0.000000 -2.926483 -0.090951 2.135266 -0.408695 0.235334 4.470593 -2.109845 -12.185043 29.907646 0.000000 0.000000 0.000000 -5.148241 0.051977 -0.942124 6.892727 -0.788437 -27.151275 -0.464888 -4.901779 31.353039 -4.683592 3.553698 -25.801679 0.000000 0.000000 0.000000 12.553929 -15.715832 3.267461 4.737826 -50.932673 -4.839386 95.666202 -12.524155 -11.227177 0.000000 0.000000 0.000000 -30.147528 22.839306 2.682292 4.824459 46.690524 -2.768943 -99.738682 5.548695 -5.757713 0.000000 0.000000 0.000000 
0.007464 0.954884 0.103948 -0.970279 0.744261 1.015368 5.128043 0.171626 5.669515 -2.236612 0.280900 -2.810771 6.502094 16.479034 27.613871 0.000000 0.000000 0.000000 -3.112015 -0.052023 1.711225 -0.046905 0.191568 4.717877 -2.546285 -12.799605 30.360330 0.000000 0.000000 0.000000 -5.147405 0.053641 -0.609906 6.858860 -0.798769 -26.908452 -0.307910 -4.730944 31.402756 -4.679984 3.594642 -25.258372 0.000000 0.000000 0.000000 12.245751 -15.497748 3.289090 4.673339 -51.326763 -4.935332 96.704033 -12.349628 -11.330726 0.000000 0.000000 0.000000 -29.834447 22.868482 2.672798 4.816091 46.929482 -2.735882 -101.321425 5.774717 -6.004992 0.000000 0.000000 0.000000 
0.006998 0.954347 0.102506 -0.851444 0.792457 0.920155 5.048218 0.174971 5.612534 -2.258543 0.281027 -2.694678 6.511274 16.484094 27.440245 0.000000 0.000000 0.000000 -3.355532 -0.053586 1.848338 0.099915 0.154624 4.327449 -2.478685 -12.765649 30.819842 0.000000 0.000000 0.000000 -5.227403 0.054733 -0.088953 6.841008 -0.799246 -26.850552 -0.212856 -4.464857 31.378352 -4.656199 3.630848 -25.245869 0.000000 0.000000 0.000000 12.290483 -15.532828 3.316920 4.257350 -51.259562 -4.827460 97.742099 -12.673714 -11.955360 0.000000 0.000000 0.000000 -29.657033 22.808327 2.637977 5.100163 47.421827 -2.599316 -102.900643 6.032525 -6.226278 0.000000 0.000000 0.000000 
0.006796 0.953895 0.101656 -0.827914 0.976179 0.806169 4.839435 0.186361 5.603807 -1.865786 0.246070 -2.601146 6.480106 16.458239 27.215688 0.000000 0.000000 0.000000 -3.382660 -0.077745 2.163277 0.093376 0.145788 4.084935 -2.334275 -12.474884 30.292597 0.000000 0.000000 0.000000 -5.127476 0.053593 0.495925 6.677665 -0.766354 -26.813115 -0.163737 -4.367776 31.319382 -4.763856 3.738924 -24.530952 0.000000 0.000000 0.000000 11.895070 -15.414464 3.370842 4.235421 -51.266800 -4.881832 99.127593 -13.408490 -13.136464 0.000000 0.000000 0.000000 -29.020777 22.823553 2.699516 5.198716 47.290314 -2.509919 -104.288421 6.841255 -7.213969 0.000000 0.000000 0.000000 
0.006962 0.953601 0.101161 -0.723534 0.971050 0.869608 4.622606 0.193180 5.458899 -1.713183 0.231554 -2.516717 6.522170 16.497984 27.131713 0.000000 0.000000 0.000000 -3.489058 -0.082659 2.303498 -0.019542 0.147460 3.709309 -2.156898 -12.210009 30.046487 0.000000 0.000000 0.000000 -5.052102 0.054121 0.656776 6.516185 -0.717958 -26.967569 -0.089687 -4.274805 31.333422 -4.861478 3.813687 -24.435119 0.000000 0.000000 0.000000 11.813140 -15.525912 3.419252 3.571103 -51.056848 -4.626185 100.000371 -13.913038 -13.859597 0.000000 0.000000 0.000000 -29.155793 23.097518 2.677970 5.733070 47.251197 -2.294218 -104.779452 7.719628 -8.244634 0.000000 0.000000 0.000000 
0.007215 0.953408 0.100783 -0.720310 0.863261 1.222971 4.332897 0.187540 5.020065 -1.290390 0.193947 -2.438221 6.658395 16.637888 27.108734 0.000000 0.000000 0.000000 -3.493634 -0.056772 1.995687 -0.186255 0.163233 3.514610 -1.840971 -11.798684 29.952941 0.000000 0.000000 0.000000 -4.942559 0.058431 0.670923 6.501571 -0.719818 -26.885609 -0.070729 -4.129402 31.215199 -5.051848 3.954379 -23.740970 0.000000 0.000000 0.000000 11.130258 -15.852478 3.618780 3.384264 -50.639692 -4.549655 101.425586 -14.743192 -15.164800 0.000000 0.000000 0.000000 -28.950375 23.453244 2.721316 5.804101 47.236005 -2.241713 -105.760599 8.433990 -9.179297 0.000000 0.000000 0.000000 
0.007288 0.952913 0.100400 -0.554744 0.817214 1.432407 4.240370 0.173025 4.652934 -1.475817 0.205343 -2.219091 6.721928 16.696676 27.010627 0.000000 0.000000 0.000000 -3.624766 -0.034166 1.783016 -0.217485 0.166108 3.479580 -2.053143 -12.031701 29.594198 0.000000 0.000000 0.000000 -4.871205 0.060597 0.630669 6.242969 -0.685865 -26.585523 -0.095845 -3.919178 31.185266 -5.155029 4.052387 -23.480818 0.000000 0.000000 0.000000 11.214228 -16.072745 3.677798 3.266523 -50.631847 -4.532252 102.126240 -15.156223 -15.868900 0.000000 0.000000 0.000000 -28.761797 23.800467 2.744914 6.235432 46.942146 -2.029229 -106.133815 9.100803 -9.930167 0.000000 0.000000 0.000000 
0.006980 0.952449 0.099949 -0.523483 1.035746 1.321922 4.381165 0.161759 4.631257 -1.682687 0.220150 -2.071241 6.628412 16.602538 26.789110 0.000000 0.000000 0.000000 -3.384677 -0.055257 1.903510 -0.347869 0.181101 3.415065 -2.901322 -13.117935 29.656681 0.000000 0.000000 0.000000 -4.815218 0.057800 1.130727 6.167705 -0.674707 -26.481819 -0.181667 -4.001617 31.448916 -5.231872 4.118217 -23.094828 0.000000 0.000000 0.000000 10.577179 -16.085008 3.774763 3.652220 -50.900045 -4.753247 103.011590 -15.806991 -16.930982 0.000000 0.000000 0.000000 -27.884036 24.383828 2.899224 5.979977 46.661676 -2.101074 -107.473864 9.783911 -11.007085 0.000000 0.000000 0.000000 
0.006357 0.951678 0.099462 -0.450748 1.060344 1.398224 4.609899 0.119271 4.058538 -2.148094 0.249022 -1.264125 6.689643 16.659691 26.553314 0.000000 0.000000 0.000000 -3.378008 -0.038555 1.673997 -0.176174 0.168781 3.699993 -3.546670 -13.896885 29.095883 0.000000 0.000000 0.000000 -4.840977 0.059912 1.437182 6.147055 -0.707921 -25.979078 -0.280876 -3.774457 31.484939 -5.349096 4.236591 -23.055615 0.000000 0.000000 0.000000 10.457683 -16.375824 3.882572 3.974419 -50.917926 -4.927131 104.056417 -16.755204 -18.491745 0.000000 0.000000 0.000000 -27.447102 24.852142 2.958967 6.741844 46.316160 -1.773332 -108.529464 10.560028 -12.020581 0.000000 0.000000 0.000000 
0.005580 0.950757 0.098968 -0.622009 1.089995 1.220581 4.992260 0.075621 3.526561 -2.388820 0.255788 -0.041760 6.805363 16.776761 26.192966 0.000000 0.000000 0.000000 -3.229985 -0.022456 1.353013 0.030278 0.160282 4.237902 -3.974536 -14.540704 29.949504 0.000000 0.000000 0.000000 -4.912315 0.060058 2.208136 6.042567 -0.716505 -25.568713 -0.217374 -3.541033 31.532076 -5.432550 4.365518 -21.670302 0.000000 0.000000 0.000000 9.721194 -16.336771 4.006989 5.000973 -51.762901 -5.515042 104.995417 -18.246561 -20.756066 0.000000 0.000000 0.000000 -25.834296 25.138085 3.234497 7.274820 45.905189 -1.553397 -110.487885 12.100660 -14.314919 0.000000 0.000000 0.000000 
0.004816 0.949915 0.098074 -0.593941 1.417339 1.073923 5.246393 0.022258 2.658583 -2.712255 0.270570 1.577500 6.745638 16.723379 25.824342 0.000000 0.000000 0.000000 -3.383647 0.004033 1.007283 0.295139 0.150447 5.090783 -3.931911 -14.431548 30.010554 0.000000 0.000000 0.000000 -5.143306 0.066443 2.996022 6.201724 -0.774542 -25.252084 -0.337039 -3.048872 31.802400 -5.407827 4.474347 -21.551260 0.000000 0.000000 0.000000 9.684104 -16.291490 4.040636 5.332164 -53.123120 -6.007189 106.037878 -19.597323 -23.009187 0.000000 0.000000 0.000000 -24.722891 24.678275 3.270419 8.985756 46.111312 -0.879744 -112.407988 14.013767 -16.865982 0.000000 0.000000 0.000000 
0.004051 0.948888 0.096434 -0.708041 1.246351 0.765490 5.322447 -0.002848 2.001309 -2.588766 0.237073 3.199252 6.990357 16.980009 25.567944 0.000000 0.000000 0.000000 -3.411514 0.067935 0.108881 0.989236 0.096478 6.872675 -5.010598 -15.875617 30.265195 0.000000 0.000000 0.000000 -5.171890 0.065899 3.801699 6.335089 -0.908701 -24.007129 -0.169382 -2.291928 31.518231 -5.097055 4.404500 -20.185850 0.000000 0.000000 0.000000 8.987125 -15.966190 4.118951 6.157161 -54.783732 -6.788073 107.316214 -21.089286 -25.606857 0.000000 0.000000 0.000000 -22.986495 24.754433 3.529974 9.739279 46.215689 -0.516789 -114.636012 16.068339 -20.052865 0.000000 0.000000 0.000000 
0.003137 0.948018 0.093120 -0.806718 1.315901 0.498429 5.658005 -0.034963 1.438379 -2.867021 0.262449 4.312170 7.044780 17.036428 25.264498 0.000000 0.000000 0.000000 -3.530224 0.138720 -0.900666 1.545854 0.038430 8.455409 -5.516591 -16.583143 31.475292 0.000000 0.000000 0.000000 -5.570460 0.086413 5.128129 6.457297 -1.019393 -23.042629 -0.128211 -1.775465 31.193307 -4.816439 4.308249 -20.056311 0.000000 0.000000 0.000000 9.029470 -15.617672 4.070777 5.521885 -56.807158 -6.987300 108.959326 -22.799541 -28.514588 0.000000 0.000000 0.000000 -21.601621 24.041920 3.668562 12.092458 46.765769 0.362806 -117.424724 17.636777 -22.877417 0.000000 0.000000 0.000000 
0.001902 0.944917 0.087289 -1.053371 1.341010 0.398929 6.107001 -0.098887 0.035763 -3.055974 0.270440 6.346183 7.369611 17.370164 24.293196 0.000000 0.000000 0.000000 -3.645081 0.281483 -2.968955 2.916779 -0.184365 11.381194 -7.421424 -18.941788 31.908571 0.000000 0.000000 0.000000 -6.017293 0.127800 7.145303 6.610006 -1.110168 -22.427454 0.283895 -1.376464 30.865089 -4.977637 4.517326 -17.429973 0.000000 0.000000 0.000000 8.327835 -14.926047 4.029342 5.185543 -58.406363 -7.246404 110.661786 -24.457596 -31.556589 0.000000 0.000000 0.000000 -20.149253 23.251883 3.813446 14.333492 47.122606 1.185631 -121.112783 18.656451 -25.641659 0.000000 0.000000 0.000000 
0.000559 0.942405 0.077964 -1.369925 1.257598 0.684178 6.389510 -0.188918 -2.353570 -2.868537 0.210482 8.981696 7.764279 17.810075 23.682407 0.000000 0.000000 0.000000 -3.775597 0.439193 -5.277015 3.982444 -0.406868 14.087822 -7.469304 -18.989880 30.623243 0.000000 0.000000 0.000000 -6.447220 0.188094 8.987629 6.893972 -1.266171 -21.440350 0.398980 -0.307224 30.039264 -5.125779 4.799032 -15.022342 0.000000 0.000000 0.000000 8.427849 -15.027336 4.131853 2.924026 -59.994040 -6.648723 112.256077 -25.989474 -34.510204 0.000000 0.000000 0.000000 -18.479333 22.804530 3.991657 17.161238 48.182836 2.473191 -124.487574 19.895507 -28.429526 0.000000 0.000000 0.000000 
-0.000805 0.937147 0.064987 -1.591471 2.055509 1.064640 6.967233 -0.333722 -6.550320 -3.951224 0.366992 14.331917 9.078158 19.430016 21.084996 0.000000 0.000000 0.000000 -4.519048 0.633810 -8.935350 6.141950 -1.054625 18.327064 -8.730315 -20.420608 31.200564 0.000000 0.000000 0.000000 -6.934196 0.271904 11.829453 6.650576 -1.246919 -20.642199 0.762240 -0.547389 29.404310 -5.630883 5.244961 -11.401812 0.000000 0.000000 0.000000 7.221950 -14.818209 4.246248 2.114700 -61.368895 -6.533014 114.298461 -28.388821 -38.916867 0.000000 0.000000 0.000000 -17.289622 22.148815 4.124330 19.744982 49.322208 3.582640 -127.099002 21.518565 -32.333680 0.000000 0.000000 0.000000 
-0.002250 0.931274 0.048340 -1.926366 2.204282 1.827200 7.895183 -0.439705 -11.598670 -5.682672 0.812896 20.359955 10.515908 21.274415 18.781764 0.000000 0.000000 0.000000 -4.706129 0.852613 -12.923380 7.346500 -1.571229 22.738675 -8.559017 -20.225121 28.085229 0.000000 0.000000 0.000000 -7.573912 0.409594 14.606910 7.022084 -1.371862 -20.269182 0.778234 0.140518 28.668371 -5.346829 5.105542 -10.337690 0.000000 0.000000 0.000000 7.169796 -14.763453 4.302052 -0.595619 -62.406568 -5.465425 115.772721 -29.968142 -42.044845 0.000000 0.000000 0.000000 -16.065749 21.098768 4.134537 23.000436 50.734672 5.220630 -128.382331 22.343092 -33.760196 0.000000 0.000000 0.000000 
-0.003885 0.916245 0.028709 -2.086706 2.576224 2.668683 9.197966 -0.477423 -18.281539 -8.545684 1.889520 28.995219 12.076140 23.529904 14.731589 0.000000 0.000000 0.000000 -6.399925 0.912222 -18.594364 10.326564 -3.102975 29.950065 -7.725817 -19.073212 23.221907 0.000000 0.000000 0.000000 -8.270194 0.606861 18.551953 6.895023 -1.401604 -19.227390 1.392649 1.056659 27.015819 -5.533297 5.347791 -7.307617 0.000000 0.000000 0.000000 5.442608 -14.847752 4.571718 -3.031076 -62.575401 -4.461992 119.612334 -33.381042 -50.004208 0.000000 0.000000 0.000000 -13.783929 20.064747 4.325304 25.613065 50.558490 6.408834 -131.067109 24.801899 -39.260177 0.000000 0.000000 0.000000 
-0.006577 0.892783 0.006723 -2.580540 2.564314 3.931921 11.718336 -0.148348 -26.981409 -11.945370 3.891831 39.527822 12.810642 24.763049 12.581009 0.000000 0.000000 0.000000 -7.243002 1.013970 -26.017656 12.898864 -5.105113 39.042369 -8.211881 -19.875489 17.503631 0.000000 0.000000 0.000000 -8.841857 0.842021 22.653453 7.482486 -1.523800 -19.522408 1.168802 2.359037 26.471328 -5.790797 5.662558 -5.825212 0.000000 0.000000 0.000000 3.286953 -15.670567 5.041431 -4.164720 -61.552407 -4.113499 120.587568 -37.755021 -57.309932 0.000000 0.000000 0.000000 -12.157590 20.189072 4.603268 26.564056 49.761215 6.774117 -131.562399 26.393711 -41.479871 0.000000 0.000000 0.000000 
-0.010465 0.850169 -0.016728 -3.182736 3.150358 3.594019 14.242479 0.493188 -36.281746 -14.755793 6.576505 53.300288 13.418677 25.952809 9.749422 0.000000 0.000000 0.000000 -9.995923 0.337940 -34.265148 17.387268 -9.607327 51.334160 -7.886926 -19.353036 14.117864 0.000000 0.000000 0.000000 -9.497332 1.107530 29.245714 7.500772 -1.565645 -19.003337 1.612485 4.149965 25.137558 -5.009084 5.127327 -5.810679 0.000000 0.000000 0.000000 3.063942 -16.140320 5.214353 -5.739872 -60.248872 -3.575574 121.253414 -41.320548 -63.767631 0.000000 0.000000 0.000000 -10.416450 20.751798 5.035182 26.223387 46.827772 6.263984 -130.536946 29.006761 -44.259950 0.000000 0.000000 0.000000 
-0.014787 0.794659 -0.039438 -4.167678 4.054177 3.364485 18.623983 2.108739 -46.054488 -18.657387 11.101117 66.031748 13.339367 26.026454 8.019103 0.000000 0.000000 0.000000 -12.151201 -0.718496 -42.125153 21.128014 -15.028057 62.411383 -8.537038 -20.558349 8.978786 0.000000 0.000000 0.000000 -9.654329 1.170262 35.516792 7.867303 -1.568146 -19.897416 1.611520 5.757075 24.994585 -4.544904 4.867836 -4.790309 0.000000 0.000000 0.000000 -0.859107 -18.934991 6.289355 -3.816042 -55.551251 -4.273900 119.228237 -47.119284 -70.535959 0.000000 0.000000 0.000000 -7.462152 22.677124 6.194791 24.947549 42.649586 4.899465 -128.205092 34.270272 -50.028872 0.000000 0.000000 0.000000 
-0.018539 0.727495 -0.058570 -4.697544 4.925051 1.281923 21.227248 3.383090 -53.216596 -20.604077 15.269077 78.154339 13.920525 27.486943 3.260391 0.000000 0.000000 0.000000 -15.432782 -2.671956 -47.576163 25.235865 -22.018185 72.871972 -9.568401 -22.850254 2.824670 0.000000 0.000000 0.000000 -10.180841 1.286419 44.358170 8.037739 -1.497232 -21.291142 1.825283 8.010487 25.055618 -4.179974 4.798504 -4.248522 0.000000 0.000000 0.000000 -2.648967 -21.631040 7.133216 -2.090092 -50.241304 -4.506307 115.779825 -49.106405 -71.162765 0.000000 0.000000 0.000000 -5.335628 25.870725 7.655428 23.381409 39.510360 3.883939 -123.835673 38.843998 -52.464681 0.000000 0.000000 0.000000 
-0.020600 0.658026 -0.072478 -5.154516 4.380682 -0.473328 25.030677 5.956286 -58.866028 -22.638907 20.904108 87.904510 14.105859 28.512585 -1.786239 0.000000 0.000000 0.000000 -18.404021 -4.583356 -53.320919 28.583765 -28.511379 82.060434 -10.351334 -24.984521 -0.944612 0.000000 0.000000 0.000000 -11.180478 1.916425 51.319358 6.755552 -1.133271 -22.007571 2.954786 9.743247 26.559263 -4.095559 5.068752 -5.779481 0.000000 0.000000 0.000000 -4.242334 -23.761305 7.853803 -1.474171 -45.023472 -4.064006 113.042615 -52.141155 -73.152865 0.000000 0.000000 0.000000 -4.504944 28.065053 8.477691 22.745706 37.608781 3.397837 -116.561334 42.244098 -50.961982 0.000000 0.000000 0.000000 
-0.020555 0.592882 -0.081520 -5.042094 4.783765 -3.041696 26.685465 7.400076 -64.548096 -22.702996 25.081159 97.981258 14.528659 29.480429 -3.115885 0.000000 0.000000 0.000000 -21.397530 -7.038116 -57.528501 31.097789 -34.895575 89.874131 -12.716060 -30.547254 -1.014753 0.000000 0.000000 0.000000 -12.303804 2.541869 59.091306 6.283757 -0.999451 -22.531981 3.945939 11.309020 26.964726 -3.402813 4.785565 -6.726800 0.000000 0.000000 0.000000 -5.862548 -25.810554 8.512797 -2.291895 -40.339336 -3.149556 107.616289 -53.887620 -70.807014 0.000000 0.000000 0.000000 -6.056768 31.083506 8.690339 24.357176 35.750407 3.688319 -111.608774 44.297573 -49.369516 0.000000 0.000000 0.000000 
-0.018958 0.536436 -0.085809 -5.150088 5.202163 -5.822852 28.502984 8.815192 -68.504100 -22.990034 29.716553 106.242344 15.336925 31.486419 -5.089314 0.000000 0.000000 0.000000 -23.451642 -8.951157 -59.759387 31.403305 -39.718757 97.961826 -13.019523 -32.776938 -5.109838 0.000000 0.000000 0.000000 -13.443170 3.217234 65.326812 5.852024 -0.955050 -22.120576 5.299973 13.426725 27.375329 -2.488344 4.320587 -6.722291 0.000000 0.000000 0.000000 -6.916344 -28.114421 9.164549 -3.633067 -36.316975 -2.328020 103.787298 -56.480805 -71.009636 0.000000 0.000000 0.000000 -6.280593 33.513478 9.145520 23.195821 33.998433 3.302723 -104.597987 46.092756 -46.345125 0.000000 0.000000 0.000000 
-0.017275 0.489710 -0.087384 -5.145093 5.300008 -8.009509 30.239837 10.280580 -71.093935 -21.892977 32.784575 113.987274 13.826419 29.647923 -10.361960 0.000000 0.000000 0.000000 -25.425607 -10.378745 -60.184846 31.884501 -44.178709 104.139196 -12.407268 -34.442580 -13.132123 0.000000 0.000000 0.000000 -14.895881 4.282589 69.434964 5.002994 -0.805775 -21.460809 7.122390 14.799553 28.576800 -3.035725 4.909026 -5.989132 0.000000 0.000000 0.000000 -8.142154 -29.374946 9.541129 -3.937600 -34.022615 -1.958938 98.971800 -57.308462 -67.925721 0.000000 0.000000 0.000000 -8.826368 36.031782 8.588595 23.934821 33.542960 3.694109 -100.306517 45.652982 -42.673872 0.000000 0.000000 0.000000 
-0.016489 0.457233 -0.087743 -5.108221 6.197145 -9.798654 30.952288 10.498433 -72.859568 -21.357782 35.188014 118.822241 13.759219 30.485823 -13.999455 0.000000 0.000000 0.000000 -27.203552 -11.921113 -59.858142 31.608582 -47.527559 109.203212 -11.862958 -35.253903 -17.755663 0.000000 0.000000 0.000000 -16.031177 4.847462 72.770852 4.746677 -0.744086 -21.456628 8.381107 16.287388 28.974200 -3.377524 5.000116 -2.628840 0.000000 0.000000 0.000000 -9.931236 -31.113968 10.131598 -4.291479 -31.950077 -1.604822 93.183424 -60.396680 -66.140664 0.000000 0.000000 0.000000 -8.635863 38.577524 9.243918 22.690127 32.251358 3.304639 -93.748033 46.533629 -39.603828 0.000000 0.000000 0.000000 
-0.017138 0.433132 -0.088276 -5.113503 7.041132 -12.018308 31.435307 10.390899 -73.575376 -21.085098 37.400712 122.498151 14.106015 32.188825 -16.155247 0.000000 0.000000 0.000000 -28.356651 -13.019157 -59.277191 31.397375 -50.780124 113.673439 -11.991261 -37.204342 -19.291393 0.000000 0.000000 0.000000 -16.910030 5.197201 75.263530 3.923364 -0.574385 -20.762993 9.671213 17.346463 30.308691 -3.190396 4.588914 0.319975 0.000000 0.000000 0.000000 -11.201490 -32.610983 10.660639 -3.811434 -31.100961 -1.519694 85.826666 -61.759927 -61.189106 0.000000 0.000000 0.000000 -8.951924 39.574386 9.110533 22.394092 31.801992 3.271075 -89.305642 45.991044 -36.469872 0.000000 0.000000 0.000000 
-0.018939 0.422053 -0.089136 -5.224273 7.631813 -12.474461 32.004455 10.564357 -74.562613 -20.201267 37.117480 124.352299 13.220416 30.308201 -18.004393 0.000000 0.000000 0.000000 -29.251414 -13.770821 -58.767077 32.358087 -53.290542 114.735100 -11.770077 -37.890023 -21.437117 0.000000 0.000000 0.000000 -18.042373 5.771951 75.987108 3.619651 -0.471154 -21.098136 10.474618 17.867917 31.609747 -3.505482 4.635513 2.648969 0.000000 0.000000 0.000000 -11.365350 -33.079266 10.792113 -3.350382 -30.838779 -1.587528 79.393939 -61.667762 -55.790451 0.000000 0.000000 0.000000 -9.519420 40.090057 8.844500 21.767972 32.330297 3.336231 -85.904397 46.041946 -34.622051 0.000000 0.000000 0.000000 
-0.021680 0.409957 -0.090242 -4.970740 8.326517 -13.138145 32.388939 10.564205 -75.388381 -20.024771 38.045319 125.760483 13.127255 30.430927 -19.336348 0.000000 0.000000 0.000000 -29.652715 -14.279756 -58.404866 31.694557 -54.876065 117.571661 -11.324580 -38.221899 -24.200002 0.000000 0.000000 0.000000 -18.879907 6.094053 76.440693 2.511962 -0.193602 -20.230912 11.211656 18.135056 32.271158 -2.928354 3.947279 3.425873 0.000000 0.000000 0.000000 -11.437388 -34.088254 11.158664 -2.291019 -30.612576 -1.714177 73.544689 -60.222222 -49.854311 0.000000 0.000000 0.000000 -9.996930 40.555520 8.656506 21.609096 32.232260 3.355336 -80.924504 45.685848 -31.727859 0.000000 0.000000 0.000000 
-0.024857 0.401221 -0.091351 -4.739169 8.990567 -13.568836 32.554233 10.389709 -76.042120 -18.831196 36.766041 127.481141 11.892289 27.247305 -21.612809 0.000000 0.000000 0.000000 -29.622925 -14.426380 -57.807473 29.967037 -55.208975 120.800607 -10.569538 -37.091144 -27.589391 0.000000 0.000000 0.000000 -20.099199 6.691873 76.651407 2.704998 -0.259114 -20.138984 11.552101 18.861443 33.365669 -3.183164 4.081088 4.650048 0.000000 0.000000 0.000000 -11.026556 -34.704096 11.247928 -1.223942 -30.784879 -1.937719 68.916589 -58.441175 -45.109276 0.000000 0.000000 0.000000 -10.498326 41.220811 8.461711 21.516610 32.288224 3.446035 -76.295692 44.634099 -28.526821 0.000000 0.000000 0.000000 
-0.028062 0.392113 -0.092142 -4.605804 9.445291 -13.738295 32.779982 10.474739 -77.221457 -18.200837 36.994675 129.137657 11.762584 26.937105 -22.513788 0.000000 0.000000 0.000000 -29.851452 -14.737685 -57.599174 29.677719 -56.419786 122.439119 -10.187329 -37.065044 -29.900958 0.000000 0.000000 0.000000 -20.640316 6.829969 76.391723 2.026454 -0.081504 -19.463167 11.940302 18.850057 33.710639 -3.356728 3.987229 5.925801 0.000000 0.000000 0.000000 -11.827983 -35.402302 11.621876 0.069499 -30.516747 -2.090370 63.631153 -56.883211 -39.945667 0.000000 0.000000 0.000000 -10.634207 41.946377 8.567648 21.122662 32.877492 3.526948 -71.679585 43.511779 -25.756165 0.000000 0.000000 0.000000 
-0.031272 0.386812 -0.092546 -4.334470 9.690948 -13.690858 33.220436 10.769919 -77.783740 -16.719542 35.052214 131.047611 10.229401 21.847390 -24.451772 0.000000 0.000000 0.000000 -29.459061 -14.626474 -57.728613 29.854341 -57.171941 122.769017 -10.054147 -38.366298 -31.598339 0.000000 0.000000 0.000000 -21.245534 7.187773 76.392397 2.004105 -0.072853 -19.511005 12.071115 19.061256 34.233347 -3.194749 3.831842 5.976112 0.000000 0.000000 0.000000 -11.232022 -35.935072 11.740846 0.648470 -30.456983 -2.210259 60.888962 -55.365422 -37.062181 0.000000 0.000000 0.000000 -10.749684 42.421668 8.586897 20.684020 33.611364 3.620228 -68.761307 41.475469 -23.146003 0.000000 0.000000 0.000000 
-0.034294 0.380833 -0.092725 -4.204595 10.206234 -13.977114 33.601722 10.857920 -78.503855 -15.841492 34.269911 132.641004 9.568413 19.323612 -25.291166 0.000000 0.000000 0.000000 -29.304138 -14.743680 -57.584424 29.377590 -57.644396 123.960009 -9.871755 -38.751295 -32.741787 0.000000 0.000000 0.000000 -21.512015 7.139247 76.467310 1.576634 0.033077 -18.747650 12.484616 19.180308 33.864242 -3.137871 3.527789 6.921507 0.000000 0.000000 0.000000 -12.108586 -36.541683 12.068293 1.338618 -30.024213 -2.213229 56.719017 -54.341010 -33.473750 0.000000 0.000000 0.000000 -10.202779 42.947519 9.027355 20.660968 34.291234 3.730934 -65.478125 40.005661 -20.992429 0.000000 0.000000 0.000000 
-0.036976 0.375944 -0.093055 -4.065005 10.441349 -14.157512 33.945766 11.025792 -78.762863 -15.035081 33.167491 133.888971 8.911558 16.636630 -26.645691 0.000000 0.000000 0.000000 -29.102624 -14.781600 -57.771691 29.706252 -58.465381 124.148202 -9.830700 -39.923397 -33.347207 0.000000 0.000000 0.000000 -21.805936 7.259058 76.562297 1.611117 0.030353 -19.007248 12.738361 19.530455 34.184378 -2.864031 3.288248 6.844594 0.000000 0.000000 0.000000 -11.973884 -37.064719 12.207063 1.434237 -29.437654 -2.153884 53.738357 -52.993539 -30.791955 0.000000 0.000000 0.000000 -9.629302 43.235266 9.351876 20.477914 35.517769 3.935820 -63.856168 38.424877 -19.473510 0.000000 0.000000 0.000000 
-0.039130 0.371300 -0.093756 -3.969442 11.023164 -14.231026 34.555823 11.201678 -79.283667 -14.904498 33.401456 134.334398 8.681702 15.466802 -27.416956 0.000000 0.000000 0.000000 -29.294088 -15.161427 -57.669373 28.249838 -58.201529 126.339443 -9.500942 -38.309943 -34.411307 0.000000 0.000000 0.000000 -22.182936 7.248626 76.533653 1.608784 0.023534 -18.557105 13.097291 19.745766 33.466837 -3.055784 3.485901 6.652439 0.000000 0.000000 0.000000 -12.471937 -37.350206 12.335638 1.396049 -28.886772 -2.039438 50.302551 -52.543135 -28.313341 0.000000 0.000000 0.000000 -8.995992 43.542113 9.870509 20.734124 36.309936 4.150481 -61.600831 37.968808 -18.451125 0.000000 0.000000 0.000000 
-0.040546 0.367713 -0.094705 -3.730827 11.243151 -14.330314 34.806528 11.303877 -79.502133 -14.898790 34.166331 134.979123 8.741239 15.619548 -28.011330 0.000000 0.000000 0.000000 -29.154388 -15.256573 -57.943586 28.846484 -59.204241 126.209434 -9.512736 -40.071350 -34.886543 0.000000 0.000000 0.000000 -22.507293 7.334098 76.155698 1.943861 -0.082874 -18.574415 13.387418 20.222258 33.536758 -3.051497 3.280514 7.625793 0.000000 0.000000 0.000000 -13.026802 -37.705271 12.459383 0.615182 -28.178876 -1.816271 48.138285 -52.555114 -27.022801 0.000000 0.000000 0.000000 -7.084212 44.226359 11.084020 20.564856 36.533611 4.054268 -59.438433 38.064110 -17.873978 0.000000 0.000000 0.000000 
-0.041346 0.364779 -0.095716 -3.646075 11.664067 -14.431651 34.912708 11.224167 -80.098338 -14.827332 34.521055 135.377856 8.744623 15.524175 -28.084404 0.000000 0.000000 0.000000 -29.328064 -15.543717 -57.817678 28.383131 -59.623940 127.332819 -9.378103 -39.865486 -35.539784 0.000000 0.000000 0.000000 -22.745283 7.307500 76.194832 2.662910 -0.291002 -18.886253 13.597010 20.758635 33.610805 -3.271705 3.152852 9.151308 0.000000 0.000000 0.000000 -14.203878 -37.976132 12.623597 -0.072681 -27.500368 -1.607040 46.040019 -52.597741 -25.737598 0.000000 0.000000 0.000000 -5.678321 45.101985 12.131870 20.638157 36.313882 3.972289 -56.589344 38.495628 -17.228796 0.000000 0.000000 0.000000 
-0.041599 0.362262 -0.096783 -3.439639 12.253653 -14.775010 35.036718 10.978245 -80.320919 -15.147648 35.788564 135.575968 8.910713 16.228347 -28.146765 0.000000 0.000000 0.000000 -29.657742 -15.930731 -57.420844 27.564180 -59.616356 128.714472 -9.265698 -39.650858 -35.998151 0.000000 0.000000 0.000000 -23.102416 7.337903 76.632766 3.043483 -0.422705 -18.642000 13.610746 21.282277 33.216656 -3.026379 2.892689 8.938921 0.000000 0.000000 0.000000 -14.489612 -38.133975 12.608888 -0.926090 -26.874624 -1.388884 45.278239 -53.126619 -25.595521 0.000000 0.000000 0.000000 -5.739673 45.222325 12.192137 22.132644 36.496597 4.440908 -54.043640 39.099947 -16.624290 0.000000 0.000000 0.000000 
-0.041331 0.360241 -0.097961 -3.107115 12.344243 -14.905989 34.885182 10.870675 -80.520189 -14.952159 35.740257 136.063263 8.716989 15.356467 -28.309715 0.000000 0.000000 0.000000 -29.768210 -16.034025 -57.427131 26.548939 -59.536982 130.399066 -9.109115 -39.280997 -36.761912 0.000000 0.000000 0.000000 -23.024531 7.288780 76.798711 3.373621 -0.517583 -18.818272 13.208555 21.325307 33.359730 -3.076423 2.826456 9.576930 0.000000 0.000000 0.000000 -14.769931 -38.079511 12.616090 -1.883770 -26.411833 -1.214612 44.312834 -53.369873 -25.147631 0.000000 0.000000 0.000000 -4.702731 46.072427 12.979613 22.134415 35.994850 4.255292 -51.335409 39.274651 -15.877831 0.000000 0.000000 0.000000 
-0.040577 0.359625 -0.099259 -2.945252 12.452216 -14.923831 34.792496 10.752800 -80.643759 -15.208243 36.507701 135.973348 8.861306 15.973220 -28.313436 0.000000 0.000000 0.000000 -30.120009 -16.266053 -57.270838 25.443088 -58.988372 131.884443 -8.960251 -37.879376 -37.355631 0.000000 0.000000 0.000000 -22.885770 7.142313 76.807702 3.507060 -0.576037 -18.473011 13.165633 21.502653 33.045619 -2.966483 2.320072 10.736084 0.000000 0.000000 0.000000 -15.996029 -38.287045 12.816801 -2.100986 -25.541021 -1.071945 43.295265 -54.800289 -25.139492 0.000000 0.000000 0.000000 -4.296311 46.723659 13.476464 22.243443 35.342268 4.134665 -49.044911 39.067444 -15.046418 0.000000 0.000000 0.000000 
-0.039609 0.358902 -0.100810 -2.737254 12.687436 -14.761561 34.662142 10.564702 -80.918364 -15.482406 37.377444 135.865774 9.001653 16.491831 -28.590868 0.000000 0.000000 0.000000 -30.723341 -16.706685 -57.091691 24.143756 -58.295103 133.660630 -8.791483 -35.904543 -38.138342 0.000000 0.000000 0.000000 -22.868259 7.040853 76.817312 3.935148 -0.724927 -18.141248 12.703041 21.466574 32.774179 -3.083676 2.333395 11.028047 0.000000 0.000000 0.000000 -16.444255 -38.554528 13.019032 -2.335271 -24.251126 -0.954934 43.106384 -56.004117 -25.540618 0.000000 0.000000 0.000000 -4.168106 47.471358 13.839570 22.137322 34.744238 3.986694 -47.835101 38.672190 -14.509764 0.000000 0.000000 0.000000 
-0.038875 0.358608 -0.102371 -2.468116 12.430727 -14.631939 34.394843 10.563073 -80.893224 -15.413968 37.569371 136.197233 8.991200 16.442189 -28.969677 0.000000 0.000000 0.000000 -30.894316 -16.673496 -57.141702 22.685912 -57.183084 135.476888 -8.612449 -33.792658 -39.171778 0.000000 0.000000 0.000000 -22.515089 6.978969 77.032119 3.675533 -0.622889 -18.428647 12.686384 20.969072 33.056878 -3.206275 2.223147 12.087480 0.000000 0.000000 0.000000 -16.701472 -38.583473 13.204388 -2.313566 -23.454338 -0.919542 43.678886 -57.472523 -26.575870 0.000000 0.000000 0.000000 -3.442138 48.189218 14.396921 20.843766 33.943367 3.440557 -46.790784 38.528951 -14.203120 0.000000 0.000000 0.000000 
-0.038525 0.358648 -0.103896 -2.518644 12.437211 -14.358360 34.208216 10.470485 -81.220077 -15.458137 38.114006 136.425116 9.216271 17.357909 -29.366122 0.000000 0.000000 0.000000 -31.484969 -16.886297 -56.635211 21.781446 -56.544733 136.683064 -8.492463 -31.083371 -40.333834 0.000000 0.000000 0.000000 -22.275243 6.815758 77.090718 3.675700 -0.636320 -18.063922 12.448714 21.154999 32.288644 -3.443223 1.818920 14.096721 0.000000 0.000000 0.000000 -17.920807 -38.936134 13.526811 -1.835759 -22.167433 -0.861034 42.872333 -58.811016 -26.555624 0.000000 0.000000 0.000000 -1.931925 48.518820 15.495024 20.044857 33.093244 3.018173 -45.925345 38.844921 -14.115981 0.000000 0.000000 0.000000 
-0.038571 0.359641 -0.105461 -2.269853 11.757405 -14.339628 34.270585 10.903950 -80.641697 -15.414841 38.150400 136.623120 9.092954 16.918292 -29.610325 0.000000 0.000000 0.000000 -31.568732 -16.433099 -56.270129 21.112406 -55.782808 137.428747 -8.376906 -29.187091 -41.734264 0.000000 0.000000 0.000000 -22.332907 7.239079 77.104038 3.579456 -0.638077 -17.838260 11.967539 21.172633 32.093304 -3.676740 1.968198 14.520936 0.000000 0.000000 0.000000 -17.786567 -39.020624 13.573562 -1.475619 -21.368696 -0.850229 42.895657 -58.946308 -26.637462 0.000000 0.000000 0.000000 -1.179849 48.809624 16.032691 19.253587 32.464932 2.700385 -47.010390 38.787923 -14.506807 0.000000 0.000000 0.000000 
-0.038819 0.359776 -0.107211 -2.232165 11.660895 -14.430451 34.161886 10.893322 -80.670547 -15.316159 38.160758 136.894173 9.081614 16.882357 -29.712605 0.000000 0.000000 0.000000 -32.161960 -16.430019 -55.299407 20.110156 -54.694602 138.617913 -8.353007 -26.127892 -43.087825 0.000000 0.000000 0.000000 -22.177441 7.205188 77.312896 3.351875 -0.572126 -17.733474 11.577839 20.797223 31.913960 -4.182902 2.329920 15.545940 0.000000 0.000000 0.000000 -18.842038 -39.265279 13.953854 -0.561640 -20.532732 -0.848004 42.024216 -58.358320 -25.584070 0.000000 0.000000 0.000000 -0.497044 48.964333 16.430999 18.724243 32.294967 2.508787 -47.701988 38.909505 -14.861881 0.000000 0.000000 0.000000 
-0.039107 0.359492 -0.109267 -2.137155 11.182732 -14.518420 34.427823 11.412065 -80.612240 -15.315770 38.605034 137.181022 9.080413 16.921429 -29.417758 0.000000 0.000000 0.000000 -32.740249 -16.380733 -54.832050 19.634285 -54.023436 139.183300 -8.345776 -23.652896 -44.036178 0.000000 0.000000 0.000000 -22.263775 7.467874 76.958767 3.100488 -0.527614 -17.290301 11.196074 20.329003 31.952415 -5.119615 3.306172 16.491432 0.000000 0.000000 0.000000 -19.056020 -39.329558 14.144277 -0.214605 -20.476959 -0.877397 42.059153 -56.653148 -24.678907 0.000000 0.000000 0.000000 -0.027430 49.594077 16.860118 17.994187 32.072725 2.296273 -49.983366 39.621115 -16.065653 0.000000 0.000000 0.000000 
-0.039345 0.359454 -0.111585 -2.049806 10.630398 -14.533736 34.620846 12.017215 -80.983802 -15.664645 39.537319 136.865712 9.349385 18.152409 -28.033474 0.000000 0.000000 0.000000 -33.083876 -16.167253 -54.425417 19.321499 -53.569793 139.552736 -8.368012 -21.673011 -45.193051 0.000000 0.000000 0.000000 -22.414537 7.875912 77.015286 3.070455 -0.504879 -17.815284 10.999201 19.949498 32.663807 -5.667034 4.117732 16.592585 0.000000 0.000000 0.000000 -19.432292 -39.510404 14.421955 0.287732 -19.923717 -0.880409 43.448831 -55.321041 -24.806608 0.000000 0.000000 0.000000 -0.707277 49.823809 16.404507 17.877850 32.418194 2.350099 -52.334212 40.569408 -17.382172 0.000000 0.000000 0.000000 
-0.039519 0.359373 -0.113845 -2.055614 10.128327 -14.624877 34.907300 12.648379 -81.340301 -16.033111 40.661637 136.681033 9.685525 19.544207 -26.657308 0.000000 0.000000 0.000000 -33.464681 -16.100818 -54.276431 19.030230 -52.991170 139.826376 -8.407041 -19.622940 -45.712233 0.000000 0.000000 0.000000 -22.457190 8.125760 76.842019 2.571290 -0.341691 -18.022404 10.861640 19.430705 33.092410 -6.375750 5.031653 17.150682 0.000000 0.000000 0.000000 -18.988796 -39.536603 14.508726 0.581430 -20.209490 -0.941197 44.187437 -53.572789 -24.390335 0.000000 0.000000 0.000000 -0.831449 50.243999 16.358115 17.596195 32.276573 2.257778 -54.640767 41.534565 -18.797831 0.000000 0.000000 0.000000 
-0.039529 0.359441 -0.115582 -2.218385 9.906816 -14.807538 35.434154 13.241633 -81.570389 -16.426690 41.440231 136.225655 9.845159 20.116262 -25.481237 0.000000 0.000000 0.000000 -33.726721 -16.051502 -53.934025 18.733073 -52.375498 140.062998 -8.470984 -17.834511 -46.063619 0.000000 0.000000 0.000000 -22.628479 8.304488 76.611111 2.240409 -0.260961 -17.632099 10.805706 19.290076 32.947675 -6.924824 5.547084 18.083118 0.000000 0.000000 0.000000 -18.984212 -39.597120 14.570686 0.679797 -20.216496 -0.943786 44.059936 -52.984113 -24.009402 0.000000 0.000000 0.000000 -0.652985 50.332051 16.459956 16.936297 32.343344 2.123398 -54.869435 42.452894 -19.420589 0.000000 0.000000 0.000000 
-0.039257 0.359929 -0.116535 -2.359989 9.937452 -14.999969 36.047905 13.694527 -81.669571 -16.933415 42.420125 135.687532 9.974956 20.530716 -24.435421 0.000000 0.000000 0.000000 -34.162212 -16.222050 -53.558552 18.225732 -51.384248 140.494228 -8.544234 -15.780894 -46.014557 0.000000 0.000000 0.000000 -22.675354 8.284957 76.535981 1.880567 -0.128091 -17.964863 10.726468 18.898226 33.364276 -7.513852 6.183803 19.394334 0.000000 0.000000 0.000000 -19.370656 -39.486907 14.686736 1.312913 -20.171782 -0.983614 44.072227 -52.811433 -23.901094 0.000000 0.000000 0.000000 -0.655520 50.259522 16.283422 17.039058 32.421637 2.118557 -55.087024 43.175792 -19.921152 0.000000 0.000000 0.000000 
-0.038684 0.360439 -0.116577 -2.418071 10.058449 -15.154968 36.539409 13.955537 -81.572114 -17.886985 44.077098 134.705433 10.441487 22.133563 -23.403698 0.000000 0.000000 0.000000 -34.775786 -16.466419 -52.990166 18.450774 -51.303293 140.039970 -8.563981 -15.023030 -45.882598 0.000000 0.000000 0.000000 -22.552790 8.072014 76.251874 1.458263 0.020048 -18.075671 10.546923 18.516857 33.769801 -7.916809 6.820168 19.506148 0.000000 0.000000 0.000000 -19.010269 -39.546985 14.740099 1.193532 -20.040607 -0.973557 44.083874 -52.591573 -23.821854 0.000000 0.000000 0.000000 -1.717163 49.997900 15.455196 17.221641 32.897250 2.255611 -55.265618 42.908387 -19.828418 0.000000 0.000000 0.000000 
-0.037925 0.360041 -0.116049 -2.647001 10.425951 -15.184013 36.880362 14.004563 -81.891549 -17.562197 43.598032 134.995481 10.055292 20.655436 -23.422347 0.000000 0.000000 0.000000 -35.148610 -16.758212 -52.579730 18.544217 -51.130627 139.720359 -8.605818 -14.501610 -45.745876 0.000000 0.000000 0.000000 -22.334723 7.673536 76.077182 1.133195 0.141812 -18.064422 10.560690 18.320795 33.383125 -8.363554 7.108122 21.333611 0.000000 0.000000 0.000000 -20.216095 -39.417143 14.938506 1.661124 -19.919334 -0.978040 41.680543 -53.514207 -22.735308 0.000000 0.000000 0.000000 -0.567926 49.794021 16.051353 16.562582 32.780331 2.022271 -53.741306 42.513876 -19.095936 0.000000 0.000000 0.000000 
-0.037287 0.359517 -0.115247 -2.484579 10.290476 -15.073963 37.217568 14.347248 -81.712926 -17.476458 43.516339 135.107055 9.740560 19.531560 -23.506051 0.000000 0.000000 0.000000 -35.338128 -16.850102 -52.775378 18.337255 -50.581533 139.830417 -8.601985 -13.918290 -45.760393 0.000000 0.000000 0.000000 -22.162947 7.630927 76.003746 0.712013 0.288746 -18.284606 10.437143 18.020738 33.015393 -8.547975 7.393589 21.266126 0.000000 0.000000 0.000000 -19.911264 -39.356664 14.932075 0.928783 -19.718393 -0.919529 40.578234 -53.925275 -22.255678 0.000000 0.000000 0.000000 -1.060723 49.464160 15.664823 16.921586 33.886372 2.260925 -51.397360 41.542871 -17.678476 0.000000 0.000000 0.000000 
-0.036918 0.358760 -0.114626 -2.515265 10.112479 -14.742833 37.605290 14.745735 -81.530817 -16.949570 42.808647 135.748248 9.234242 17.611702 -24.627044 0.000000 0.000000 0.000000 -35.028522 -16.784562 -53.435627 18.689023 -51.320979 139.575124 -8.536282 -15.156278 -45.610300 0.000000 0.000000 0.000000 -22.244176 7.721231 75.483249 1.088509 0.171372 -18.512410 10.439687 18.293492 33.180928 -8.519292 7.212384 21.687349 0.000000 0.000000 0.000000 -20.314877 -39.135230 14.821513 0.571443 -19.909639 -0.914495 36.683869 -53.704004 -19.899215 0.000000 0.000000 0.000000 -0.848834 49.300716 15.778327 16.327228 34.672349 2.252055 -48.974090 40.084329 -16.106005 0.000000 0.000000 0.000000 
-0.036907 0.358744 -0.114142 -2.479449 10.080994 -14.363829 37.788533 14.906753 -81.410858 -16.576406 42.315240 136.213853 8.909944 16.230695 -25.656370 0.000000 0.000000 0.000000 -34.798317 -16.817005 -54.057329 18.536875 -50.989797 139.630709 -8.530322 -15.042106 -45.530653 0.000000 0.000000 0.000000 -22.065828 7.634094 75.450045 0.942143 0.234960 -18.808545 10.323314 18.042168 32.486651 -9.068942 7.903747 21.886865 0.000000 0.000000 0.000000 -20.547255 -38.874640 14.800107 -0.119013 -19.838177 -0.865836 32.900173 -53.287515 -17.518582 0.000000 0.000000 0.000000 -0.703902 48.827656 15.770980 16.727060 36.032561 2.501989 -46.180427 38.768075 -14.533174 0.000000 0.000000 0.000000 
-0.037158 0.359168 -0.113713 -2.353234 9.619434 -13.920194 37.905422 15.254941 -81.001157 -16.330518 41.887419 136.501705 8.723131 15.390010 -26.585808 0.000000 0.000000 0.000000 -34.342485 -16.524543 -54.814758 19.073287 -51.958965 139.157831 -8.456951 -16.529461 -45.579782 0.000000 0.000000 0.000000 -22.292342 8.002689 75.060623 1.334181 0.106449 -19.092595 10.446021 18.255333 32.501854 -9.089617 7.897241 21.743439 0.000000 0.000000 0.000000 -20.924903 -38.696971 14.732334 -0.487061 -19.789681 -0.844824 29.024347 -52.042489 -14.934955 0.000000 0.000000 0.000000 0.484327 49.275574 16.679734 15.897924 36.745132 2.363120 -43.874102 37.452644 -13.295238 0.000000 0.000000 0.000000 
-0.037405 0.360075 -0.113011 -2.358359 9.348414 -13.710033 38.052050 15.417029 -80.427943 -16.159501 41.116729 136.405299 8.471734 14.241296 -27.390721 0.000000 0.000000 0.000000 -34.173566 -16.319808 -54.970133 18.963908 -51.685270 139.176218 -8.472326 -16.012089 -45.705109 0.000000 0.000000 0.000000 -22.339302 8.172316 74.994228 1.269658 0.142549 -19.636393 10.782308 18.348524 32.450334 -9.138306 8.005613 21.380040 0.000000 0.000000 0.000000 -20.692903 -38.718856 14.698732 -1.482119 -19.750964 -0.789274 25.472446 -50.775537 -12.672942 0.000000 0.000000 0.000000 1.368416 49.079064 17.170128 16.527874 38.002604 2.633126 -41.496857 36.690614 -12.255647 0.000000 0.000000 0.000000 
-0.037409 0.360834 -0.111949 -2.332378 8.758931 -13.466987 38.174203 15.704088 -79.578774 -16.082248 40.847673 136.506633 8.450300 14.050187 -28.384840 0.000000 0.000000 0.000000 -33.915765 -15.845315 -54.949939 18.823433 -51.402652 139.249084 -8.516745 -15.349028 -46.388865 0.000000 0.000000 0.000000 -22.340066 8.393770 74.495492 1.256008 0.144950 -19.886755 10.870149 18.141899 32.474598 -9.090346 8.006590 21.205400 0.000000 0.000000 0.000000 -20.816457 -38.455726 14.647552 -1.888428 -19.684776 -0.774015 22.010779 -49.664028 -10.592335 0.000000 0.000000 0.000000 3.373321 49.517887 18.521923 16.914826 38.770219 2.711277 -39.165464 36.469601 -11.518555 0.000000 0.000000 0.000000 
-0.037023 0.361611 -0.110743 -2.258176 8.037696 -13.216901 38.351831 16.125969 -78.724705 -15.821489 40.165268 136.747753 8.245907 13.009906 -29.221133 0.000000 0.000000 0.000000 -34.061136 -15.500283 -54.812067 18.245279 -50.350657 139.785927 -8.615114 -13.121890 -47.116937 0.000000 0.000000 0.000000 -22.474731 8.799770 74.117180 1.561363 0.055626 -20.457557 10.887231 18.195763 32.634044 -9.287540 8.284262 21.298151 0.000000 0.000000 0.000000 -20.389256 -38.408492 14.568184 -3.021440 -19.752933 -0.736601 19.826351 -48.294013 -9.215238 0.000000 0.000000 0.000000 5.619473 49.661395 19.923180 17.647542 39.417591 2.844256 -37.018335 36.280517 -10.833055 0.000000 0.000000 0.000000 
-0.036299 0.361757 -0.109469 -2.194182 7.763451 -13.274508 38.406456 16.187441 -78.080586 -15.771413 40.166515 136.983870 8.231528 12.910426 -29.707072 0.000000 0.000000 0.000000 -33.975127 -15.199717 -54.465993 17.719752 -49.423798 140.291452 -8.695794 -12.133832 -47.723909 0.000000 0.000000 0.000000 -22.452708 8.893049 73.930273 1.831299 -0.033003 -20.415166 10.487136 18.023266 32.315155 -9.476405 8.555416 21.494763 0.000000 0.000000 0.000000 -20.392569 -38.284254 14.551285 -3.467622 -19.439945 -0.698320 19.161147 -47.889940 -8.789263 0.000000 0.000000 0.000000 7.811215 49.725797 21.253587 18.566293 39.618004 2.964179 -35.421854 36.810260 -10.526002 0.000000 0.000000 0.000000 
-0.035427 0.362137 -0.108359 -2.102436 7.101938 -13.296793 38.479773 16.506157 -77.336811 -15.922268 40.580152 137.047650 8.366189 13.680168 -29.796433 0.000000 0.000000 0.000000 -34.249232 -14.910362 -54.115101 16.583234 -47.068384 141.325629 -8.912414 -8.459695 -48.578374 0.000000 0.000000 0.000000 -22.423696 9.214409 73.996936 1.813102 -0.009889 -21.305292 10.675312 17.825242 32.749191 -9.457305 8.638509 21.792751 0.000000 0.000000 0.000000 -20.376081 -38.512647 14.751208 -3.834389 -19.667337 -0.697940 17.983286 -47.817067 -8.215307 0.000000 0.000000 0.000000 9.702406 49.378171 22.159427 19.418472 39.563266 3.012288 -34.214174 37.507429 -10.358099 0.000000 0.000000 0.000000 
-0.034635 0.363106 -0.107538 -2.137186 6.798353 -13.261341 38.771601 16.648811 -76.363176 -16.177705 40.924517 136.784732 8.412505 13.803837 -30.638429 0.000000 0.000000 0.000000 -34.497985 -14.682382 -53.394627 16.459065 -46.456822 141.226810 -9.076849 -7.033376 -49.398898 0.000000 0.000000 0.000000 -22.467016 9.395295 74.014448 2.079629 -0.122432 -20.704325 10.211174 17.933902 31.613341 -9.617185 8.731481 21.583517 0.000000 0.000000 0.000000 -20.130846 -38.798422 14.832801 -4.156607 -19.618213 -0.661326 18.957908 -48.021150 -8.689030 0.000000 0.000000 0.000000 11.238383 49.089278 23.081635 20.790699 39.356558 3.240753 -34.198892 38.389711 -10.582527 0.000000 0.000000 0.000000 
-0.034074 0.363995 -0.107159 -2.300646 6.421553 -13.200725 39.142434 16.929379 -75.558463 -15.877973 40.081462 136.983210 8.152785 12.201521 -31.648247 0.000000 0.000000 0.000000 -34.327732 -14.400494 -53.362900 16.090143 -45.361473 141.361949 -9.205923 -5.380107 -49.772255 0.000000 0.000000 0.000000 -22.137646 9.443952 74.631953 1.726816 0.009504 -21.551764 10.401517 17.293245 31.595511 -9.413957 8.630926 21.466185 0.000000 0.000000 0.000000 -19.594089 -38.899795 14.961384 -4.908705 -20.363932 -0.654133 20.400404 -48.040309 -9.351002 0.000000 0.000000 0.000000 12.478911 48.525622 23.475081 21.735630 39.435952 3.365692 -33.121619 38.894288 -10.340386 0.000000 0.000000 0.000000 
-0.033695 0.364989 -0.107244 -2.542042 6.119378 -12.693965 39.426946 17.137426 -74.936314 -15.870040 39.719911 136.732073 8.146679 11.532926 -33.234846 0.000000 0.000000 0.000000 -34.354905 -14.378150 -53.748473 16.378055 -45.685308 140.879303 -9.221446 -4.882474 -49.747869 0.000000 0.000000 0.000000 -21.823791 9.323345 74.398780 1.845119 -0.039386 -21.113950 9.856214 16.880163 30.738160 -9.789292 9.085882 21.578282 0.000000 0.000000 0.000000 -19.582401 -39.075639 15.172480 -4.738113 -21.188541 -0.696477 22.598060 -46.761810 -10.004181 0.000000 0.000000 0.000000 13.393847 48.392865 24.007578 21.877824 39.424952 3.322387 -32.245059 39.020245 -10.057612 0.000000 0.000000 0.000000 
-0.033199 0.367335 -0.107877 -2.861776 5.682476 -12.061999 39.409265 17.372192 -74.846337 -15.380738 38.720531 137.152025 8.062062 10.431071 -34.282431 0.000000 0.000000 0.000000 -34.526070 -14.313447 -53.938061 16.434236 -45.295354 140.452922 -9.382179 -2.851974 -50.060866 0.000000 0.000000 0.000000 -21.288738 9.192095 74.617310 1.763231 0.008545 -21.589746 9.633220 15.960899 30.526256 -9.994184 9.600555 21.152964 0.000000 0.000000 0.000000 -19.421308 -39.200830 15.471583 -4.364394 -22.466442 -0.800760 23.962744 -43.833051 -9.797522 0.000000 0.000000 0.000000 13.367295 48.252394 23.840763 22.237428 39.542916 3.384674 -30.701056 38.690224 -9.408971 0.000000 0.000000 0.000000 
-0.032380 0.369282 -0.109030 -3.378246 5.384117 -11.597109 38.945659 17.415280 -75.570676 -15.409034 38.734036 136.989118 8.346567 12.178582 -34.046495 0.000000 0.000000 0.000000 -35.035827 -14.501583 -54.058744 17.421142 -46.458498 138.996274 -9.323576 -2.204075 -49.537027 0.000000 0.000000 0.000000 -20.616218 8.910099 75.143568 1.785554 -0.008024 -21.186491 9.253857 15.787870 29.402836 -9.823368 9.399275 19.548887 0.000000 0.000000 0.000000 -18.702733 -39.548705 15.563155 -4.467521 -23.962881 -0.847945 24.034017 -40.972298 -9.062390 0.000000 0.000000 0.000000 13.246769 48.387860 23.960277 22.170024 38.825292 3.264495 -30.352373 37.377350 -8.932128 0.000000 0.000000 0.000000 
-0.030951 0.372676 -0.110748 -3.640126 5.342141 -11.086181 37.848224 16.787460 -76.129669 -15.450601 38.115775 136.315983 8.568606 13.314007 -34.374161 0.000000 0.000000 0.000000 -35.772487 -14.814105 -53.811119 18.555581 -47.563293 137.237005 -9.308661 -1.876067 -49.267321 0.000000 0.000000 0.000000 -20.201031 8.675843 75.468859 1.726707 0.013980 -21.031863 9.145510 15.507903 28.902724 -9.546820 9.081700 18.639232 0.000000 0.000000 0.000000 -19.359367 -40.187973 16.128619 -3.646800 -25.222003 -0.960781 24.225127 -37.588762 -8.227086 0.000000 0.000000 0.000000 12.633209 48.570592 23.759805 21.589153 38.226860 3.048135 -29.945230 36.152768 -8.466810 0.000000 0.000000 0.000000 
-0.029296 0.375690 -0.112698 -3.767741 5.380318 -10.431286 36.412583 16.019993 -77.234609 -15.847300 38.461516 135.422585 9.074065 16.342774 -33.980021 0.000000 0.000000 0.000000 -36.418981 -15.228075 -54.006789 18.224132 -46.361568 137.034774 -9.490874 0.956845 -49.364393 0.000000 0.000000 0.000000 -19.306271 8.172399 76.489617 1.618124 0.050177 -20.731816 8.364540 15.281101 27.909715 -8.894396 8.365393 16.466737 0.000000 0.000000 0.000000 -19.496600 -40.869547 16.618994 -3.402192 -26.543586 -1.043200 24.084556 -34.800922 -7.445109 0.000000 0.000000 0.000000 11.252310 48.562882 23.057768 21.661885 37.910082 3.104895 -29.977632 34.661144 -8.064639 0.000000 0.000000 0.000000 
-0.028125 0.384066 -0.114366 -3.998346 5.682348 -9.100563 34.759686 14.892877 -78.427693 -16.159034 38.670546 134.560985 9.611060 19.252246 -33.845769 0.000000 0.000000 0.000000 -36.642201 -15.486434 -54.105939 20.258465 -47.938075 133.533164 -9.445984 -0.003768 -49.006255 0.000000 0.000000 0.000000 -18.482145 7.442699 76.549273 0.577739 0.379053 -20.590769 8.795991 14.825890 27.504107 -7.800089 7.359649 13.187081 0.000000 0.000000 0.000000 -18.807041 -41.404123 16.896546 -2.889941 -28.194260 -1.234179 24.187290 -32.103753 -6.802464 0.000000 0.000000 0.000000 8.733805 47.764206 21.413387 21.685836 38.331515 3.295242 -30.535803 32.685874 -7.650750 0.000000 0.000000 0.000000 
-0.027967 0.396176 -0.115719 -4.265759 6.390169 -7.810485 33.302095 13.464534 -79.067454 -16.685783 38.558404 132.975598 10.034649 21.496357 -33.878259 0.000000 0.000000 0.000000 -36.240357 -15.417617 -53.649398 22.314974 -49.380330 129.995458 -8.043895 -10.351454 -39.035811 0.000000 0.000000 0.000000 -18.067647 6.846033 76.819330 0.879087 0.334644 -20.829266 8.720775 14.943314 27.236457 -7.545030 7.311970 10.506684 0.000000 0.000000 0.000000 -20.107025 -41.318137 17.196526 -1.439682 -29.302908 -1.526561 23.531317 -30.581430 -6.203599 0.000000 0.000000 0.000000 8.022514 48.070817 21.333244 19.852344 37.725368 2.787207 -30.740843 31.242151 -7.361230 0.000000 0.000000 0.000000 
-0.029277 0.417550 -0.116597 -4.361491 6.578951 -6.095654 32.391200 12.423622 -77.918750 -18.292054 38.614542 128.909315 10.413231 23.687637 -34.113993 0.000000 0.000000 0.000000 -34.870520 -14.626436 -53.576170 24.314483 -49.119345 125.120364 -8.250730 -19.215209 -30.454909 0.000000 0.000000 0.000000 -18.070453 6.736622 76.059007 0.294640 0.505047 -20.214553 9.395659 15.080128 26.757692 -6.777330 6.869473 5.791401 0.000000 0.000000 0.000000 -18.934317 -41.887463 17.246945 -0.772834 -30.318719 -1.778647 23.373837 -29.054983 -5.802617 0.000000 0.000000 0.000000 5.110293 48.058566 19.997382 18.650301 38.115684 2.732425 -30.605833 28.283834 -6.531243 0.000000 0.000000 0.000000 
-0.032082 0.448108 -0.117634 -4.549617 7.541831 -3.294467 31.772794 11.206974 -76.999666 -20.017197 37.457168 123.235412 10.391079 23.595413 -34.673500 0.000000 0.000000 0.000000 -32.700158 -13.737837 -53.651114 28.724261 -50.186341 116.496610 -9.778864 -27.855776 -25.756209 0.000000 0.000000 0.000000 -17.664717 5.891341 74.369236 -0.207217 0.696562 -20.399912 9.871841 14.760769 26.724261 -6.674211 6.977175 2.562592 0.000000 0.000000 0.000000 -18.426611 -42.104215 17.408716 0.239592 -30.984819 -2.134751 23.913738 -27.904935 -5.655285 0.000000 0.000000 0.000000 2.913231 48.513497 19.268706 16.429817 38.872004 2.386365 -29.401070 24.409313 -5.316376 0.000000 0.000000 0.000000 
-0.035713 0.489913 -0.118911 -4.628727 7.479988 -1.057698 30.971064 10.258295 -74.661029 -23.440323 36.868208 114.157964 11.196398 27.293478 -31.948781 0.000000 0.000000 0.000000 -28.960340 -11.742884 -54.573545 31.324483 -47.898680 107.974501 -11.171861 -32.751354 -22.601424 0.000000 0.000000 0.000000 -17.866862 5.919443 71.888122 -0.481506 0.785110 -20.350155 10.242414 14.596512 27.233857 -6.322907 7.051811 -2.888566 0.000000 0.000000 0.000000 -16.204179 -41.433816 16.560272 0.386519 -31.746769 -2.397447 25.428149 -27.119507 -5.923282 0.000000 0.000000 0.000000 0.021703 48.366238 17.865239 14.203296 39.840636 2.071316 -29.110374 20.626335 -4.333683 0.000000 0.000000 0.000000 
-0.038857 0.540182 -0.120393 -4.748613 8.760151 1.636664 29.041670 7.931795 -72.905756 -25.612484 33.827895 105.143538 11.815032 29.584530 -29.388757 0.000000 0.000000 0.000000 -26.242611 -10.405447 -53.677889 33.471454 -44.784357 98.035025 -12.214971 -34.950564 -19.852443 0.000000 0.000000 0.000000 -17.134059 4.734619 69.484950 -0.859276 0.943151 -21.426623 10.816102 13.966094 28.155955 -5.966918 6.970716 -6.205356 0.000000 0.000000 0.000000 -14.790502 -41.270471 16.288662 1.107781 -32.030361 -2.745131 27.297356 -27.509640 -6.528326 0.000000 0.000000 0.000000 -2.952321 47.449221 16.077675 13.779348 40.100947 2.090008 -28.652880 18.557333 -3.726182 0.000000 0.000000 0.000000 
-0.040614 0.593614 -0.120917 -4.696844 8.538277 3.970963 28.165952 7.078462 -69.606695 -26.935696 29.906690 95.517511 11.876394 28.683573 -25.536511 0.000000 0.000000 0.000000 -23.676555 -8.723020 -53.453792 34.415010 -40.590424 89.078271 -13.540313 -36.449751 -14.076449 0.000000 0.000000 0.000000 -17.023397 4.644295 66.103382 0.273941 0.650871 -21.249443 9.746370 14.297803 27.777336 -5.216427 6.657108 -10.958477 0.000000 0.000000 0.000000 -12.723728 -40.087717 15.181880 0.976331 -32.884025 -2.997456 29.239684 -27.084372 -7.001369 0.000000 0.000000 0.000000 -3.777877 47.129166 15.908147 12.266549 39.965678 1.732957 -29.470720 16.113257 -3.203175 0.000000 0.000000 0.000000 
-0.040362 0.645556 -0.119262 -4.445702 8.725030 5.678420 25.567247 5.040142 -66.046600 -26.976439 25.097392 86.574214 12.670267 30.433936 -21.498763 0.000000 0.000000 0.000000 -21.970259 -7.430151 -51.646839 33.400290 -35.602981 81.468172 -13.807258 -34.862804 -8.684228 0.000000 0.000000 0.000000 -15.616365 3.595831 62.987346 0.258689 0.689287 -22.072093 8.899056 12.774259 27.289508 -5.013738 6.405950 -12.438342 0.000000 0.000000 0.000000 -14.310057 -39.009405 15.306487 -0.393041 -33.053628 -2.748734 31.323006 -27.964447 -7.691044 0.000000 0.000000 0.000000 -3.990713 46.189086 15.547508 13.906112 40.005860 2.068757 -30.345555 15.869682 -3.179032 0.000000 0.000000 0.000000 
-0.038335 0.692953 -0.113953 -4.311865 8.031022 6.624857 24.050552 4.123285 -61.264202 -26.124717 20.672316 78.162553 12.717669 29.394664 -17.436868 0.000000 0.000000 0.000000 -20.183664 -5.880513 -49.699737 31.464637 -30.740722 75.848697 -13.416915 -32.051715 -2.663514 0.000000 0.000000 0.000000 -15.241520 3.476569 58.109267 2.188349 0.175280 -21.412328 7.086116 12.251939 27.322366 -4.944901 6.498853 -16.892396 0.000000 0.000000 0.000000 -14.115158 -36.611315 14.129901 -2.740865 -35.011464 -2.511155 33.604608 -27.552431 -8.202242 0.000000 0.000000 0.000000 -2.364694 45.229561 16.120311 14.430147 40.851424 2.150034 -32.711837 16.050955 -3.435017 0.000000 0.000000 0.000000 
-0.035341 0.735192 -0.103997 -4.226834 7.049731 7.143575 20.931157 2.613661 -55.726593 -23.592396 15.766558 70.362588 13.885729 31.752970 -14.700388 0.000000 0.000000 0.000000 -18.053883 -4.031227 -46.057354 28.985736 -25.770908 70.399173 -12.038600 -28.747237 -1.326056 0.000000 0.000000 0.000000 -14.236065 3.083359 53.194997 2.090913 0.172497 -21.072569 5.887216 10.409856 25.905052 -4.958733 6.213962 -17.359756 0.000000 0.000000 0.000000 -16.354291 -33.987509 13.617664 -5.345310 -35.376983 -1.890274 35.005107 -29.925338 -9.149091 0.000000 0.000000 0.000000 0.362799 43.468910 16.764554 17.431133 41.112864 2.686857 -34.893180 19.761390 -4.636963 0.000000 0.000000 0.000000 
-0.032089 0.773167 -0.089376 -3.752173 6.992079 7.177640 18.696040 1.431904 -49.934592 -21.045358 11.646180 62.809716 13.398272 29.679903 -12.106854 0.000000 0.000000 0.000000 -16.614053 -2.888013 -41.543173 26.501732 -21.632222 65.020985 -10.981469 -26.041060 1.150970 0.000000 0.000000 0.000000 -13.504448 2.576744 47.629133 3.057004 -0.107470 -20.308764 4.206494 9.149937 25.157591 -4.245505 5.654888 -19.104551 0.000000 0.000000 0.000000 -16.573422 -31.434674 12.501789 -8.561837 -36.871146 -1.209710 37.108990 -33.332018 -10.865070 0.000000 0.000000 0.000000 4.160004 40.634454 17.373179 20.708726 40.886450 3.220650 -36.536954 23.662813 -5.898822 0.000000 0.000000 0.000000 
-0.029450 0.809369 -0.071518 -3.551766 5.940893 5.949200 16.788604 0.853042 -43.368803 -19.433835 9.329165 55.841022 14.908829 31.403146 -6.130572 0.000000 0.000000 0.000000 -15.146362 -1.717173 -36.551445 24.716810 -18.080127 59.974202 -10.401767 -24.225456 6.632906 0.000000 0.000000 0.000000 -13.331981 2.494420 41.927368 3.903495 -0.491412 -18.112390 3.105399 8.709454 23.543351 -3.475131 5.054242 -18.440355 0.000000 0.000000 0.000000 -17.304736 -28.854247 11.317394 -11.547365 -37.477876 -0.412424 36.297221 -37.123406 -11.822476 0.000000 0.000000 0.000000 9.542455 37.914617 18.542121 23.297955 38.907016 3.175031 -38.615647 27.556293 -7.382533 0.000000 0.000000 0.000000 
-0.028087 0.844775 -0.052786 -3.282318 5.613077 5.031221 14.786675 0.222070 -36.485451 -16.513708 6.435759 48.153206 14.546976 29.600845 -2.070748 0.000000 0.000000 0.000000 -14.146847 -1.012477 -31.057445 22.310854 -14.677458 54.767302 -7.509599 -18.578176 10.078572 0.000000 0.000000 0.000000 -12.724317 2.092989 36.655048 4.800286 -0.737256 -18.644871 1.885793 7.183591 24.508091 -2.664996 4.493356 -21.155374 0.000000 0.000000 0.000000 -15.338231 -25.863420 9.893901 -17.533455 -38.380921 0.868283 37.402443 -40.539038 -13.364089 0.000000 0.000000 0.000000 13.330647 33.954754 17.968543 27.064463 37.046528 3.289334 -40.705654 32.224248 -9.216005 0.000000 0.000000 0.000000 
-0.028801 0.876388 -0.035184 -3.394648 4.821045 4.101582 13.830208 0.068186 -29.268142 -15.075624 4.951269 39.674737 15.076891 29.703089 1.598389 0.000000 0.000000 0.000000 -12.533913 -0.343747 -27.090389 20.607169 -12.059042 50.118205 -8.094865 -19.621496 14.537737 0.000000 0.000000 0.000000 -12.142562 1.769364 31.327363 4.480308 -0.674307 -18.713611 2.023177 5.142084 25.439173 -3.012714 4.447622 -22.800125 0.000000 0.000000 0.000000 -15.065797 -22.193906 8.568629 -20.617597 -39.970912 1.663913 36.385019 -43.125659 -13.546613 0.000000 0.000000 0.000000 12.978964 30.108085 15.401909 32.366366 35.328379 3.960647 -40.291927 37.547446 -10.759017 0.000000 0.000000 0.000000 
-0.031908 0.903224 -0.019830 -3.777027 3.418761 3.508088 13.061013 0.015674 -23.138728 -13.551051 3.890594 32.287822 16.221881 30.707609 5.716822 0.000000 0.000000 0.000000 -9.964906 0.373408 -24.018881 17.871299 -9.028708 45.800638 -8.712797 -20.670963 16.282534 0.000000 0.000000 0.000000 -10.861193 1.371197 27.168792 4.336079 -0.592163 -20.043222 1.771793 3.419938 26.595643 -2.332557 3.699973 -23.057657 0.000000 0.000000 0.000000 -15.504433 -18.864680 7.522604 -23.527722 -39.162232 2.130709 38.581573 -46.752025 -15.427852 0.000000 0.000000 0.000000 12.293189 26.513401 12.966537 37.110970 33.580120 4.341560 -40.108401 44.226246 -12.923284 0.000000 0.000000 0.000000 
-0.037238 0.923940 -0.006566 -4.308044 -0.215083 3.339738 13.817038 0.286322 -17.634441 -12.775320 3.494443 25.108739 17.132018 30.783441 12.001692 0.000000 0.000000 0.000000 -7.927150 0.956801 -22.132804 15.144035 -5.944225 41.829306 -8.916559 -21.397070 12.530671 0.000000 0.000000 0.000000 -10.952616 1.422336 22.462742 4.025191 -0.623309 -19.553268 2.195367 3.405825 26.454481 -2.494793 3.514209 -23.263345 0.000000 0.000000 0.000000 -16.337315 -16.460206 6.856818 -25.308420 -38.744634 2.427583 37.178483 -48.171426 -14.893933 0.000000 0.000000 0.000000 13.411662 24.183226 11.708090 38.333681 30.365181 3.517050 -36.677411 48.138593 -13.056038 0.000000 0.000000 0.000000 
-0.044801 0.938013 0.004768 -3.869833 -1.795423 2.657665 13.033376 0.189272 -13.880791 -10.411107 2.499457 20.271380 17.255469 29.487615 19.553372 0.000000 0.000000 0.000000 -6.322262 1.092660 -18.372905 10.936442 -3.065687 35.744380 -8.926332 -21.615162 7.760209 0.000000 0.000000 0.000000 -9.575073 1.073300 19.977857 3.350525 -0.487107 -19.364316 1.112605 2.946776 25.478683 -2.672140 3.397035 -22.932547 0.000000 0.000000 0.000000 -16.952742 -13.603518 5.732962 -27.311011 -39.161797 3.012084 33.883350 -48.639441 -13.209879 0.000000 0.000000 0.000000 15.609162 22.814830 11.230038 38.036789 27.983715 2.701664 -36.941376 50.746001 -14.217829 0.000000 0.000000 0.000000 
