v -0.45988893508911133 -0.4585641324520111 1.10506272315979
v -0.3622682988643646 -0.6588121652603149 1.7321127653121948
v -0.1635233759880066 -0.5840202569961548 1.5574467182159424
v 0.03997199609875679 -0.354859322309494 0.9284749627113342
v 0.3263055086135864 -0.6942721009254456 1.7962958812713623
v 0.6022676229476929 -0.7297096252441406 1.9317940473556519
v -0.4852297604084015 -0.6795947551727295 1.8544032573699951
v -0.23342673480510712 -0.5967487692832947 1.5831387042999268
v -0.018093708902597427 -0.5023775100708008 1.350271224975586
v 0.24466118216514587 -0.6991342902183533 1.8882590532302856
v 0.49962061643600464 -0.7177610397338867 1.9929662942886353
v -0.6012570261955261 -0.6643868684768677 1.8698328733444214
v -0.34242767095565796 -0.6239147186279297 1.7245080471038818
v -0.10913465917110443 -0.5610862970352173 1.5256295204162598
v 0.10609454661607742 -0.6009795069694519 1.665278673171997
v 0.17514854669570923 -0.348733514547348 0.9103044867515564
v 0.5405114889144897 -0.5841748714447021 1.5850493907928467
v -0.44747456908226013 -0.672390341758728 1.8373719453811646
v -0.18611784279346466 -0.5570423603057861 1.5252219438552856
v 0.0105136688798666 -0.3456958532333374 0.9518089294433594
v 0.30170491337776184 -0.7065946459770203 1.966498851776123
v 0.5084863901138306 -0.6630425453186035 1.8437458276748657
v -0.5387914180755615 -0.6469695568084717 1.8646156787872314
v -0.25152766704559326 -0.5240603685379028 1.481186866760254
v -0.06671951711177826 -0.5634433031082153 1.5498172044754028
v 0.18976162374019623 -0.679306149482727 1.9510902166366577
v 0.44506844878196716 -0.7006915211677551 1.9622929096221924
v -0.6052045822143555 -0.5865035057067871 1.6548199653625488
v -0.37541311979293823 -0.6228833198547363 1.7632291316986084
v -0.16078341007232666 -0.5743994116783142 1.5950480699539185
v 0.04295025020837784 -0.33170539140701294 0.9437727928161621
v 0.33779633045196533 -0.6584416627883911 1.8534985780715942
v 0.5975769758224487 -0.6885133981704712 1.9439685344696045
v -0.5029062628746033 -0.6679584980010986 1.8884339332580566
v -0.23439185321331024 -0.5821964740753174 1.6249244213104248
v -0.014353323727846146 -0.5280761122703552 1.466945767402649
v 0.24850308895111084 -0.6674984693527222 1.9040367603302002
v 0.528563916683197 -0.7127881050109863 2.0797226428985596
v -0.5902065634727478 -0.6336531639099121 1.8707228899002075
v -0.3418145477771759 -0.6228179931640625 1.7543896436691284
v -0.0671156793832779 -0.33403483033180237 0.941108763217926
v 0.1218516007065773 -0.5954538583755493 1.8547537326812744
v 0.17904482781887054 -0.31758221983909607 0.9072828888893127
v 0.553288996219635 -0.5805076360702515 1.643275499343872
v -0.4157954752445221 -0.6089198589324951 1.7574481964111328
v -0.18604661524295807 -0.5671665668487549 1.6146214008331299
v 0.01394219882786274 -0.32317063212394714 0.9392439723014832
v 0.3030637502670288 -0.7007657289505005 1.9995437860488892
v 0.5250452756881714 -0.6590405702590942 1.8979302644729614
v -0.5332247614860535 -0.6266546249389648 1.868451714515686
v -0.23604023456573486 -0.4847123622894287 1.424744725227356
v -0.0625646635890007 -0.5944238901138306 1.6917541027069092
v 0.19603469967842102 -0.6575947999954224 1.9603452682495117
v 0.4741668701171875 -0.7266379594802856 2.092366933822632
v -0.6159929633140564 -0.6055829524993896 1.7441694736480713
v -0.3689126968383789 -0.605096697807312 1.7534477710723877
v -0.13411474227905273 -0.5293095111846924 1.513258457183838
v 0.04582570120692253 -0.32308655977249146 0.9532443881034851
v 0.33970290422439575 -0.6360014081001282 1.8299258947372437
v 0.62098228931427 -0.6960281729698181 2.0146989822387695
v -0.4898070991039276 -0.6510340571403503 1.8750314712524414
v -0.23698961734771729 -0.5901654958724976 1.6969459056854248
v -0.0017556985840201378 -0.52814120054245 1.4940874576568604
v 0.26099893450737 -0.6758606433868408 1.9836400747299194
v 0.546333372592926 -0.7341305613517761 2.1496543884277344
v -0.5872432589530945 -0.624697208404541 1.8814257383346558
v -0.3356982469558716 -0.6260095238685608 1.7969039678573608
v -0.058371707797050476 -0.3181014060974121 0.9345563650131226
v 0.13582363724708557 -0.6124187707901001 1.929909586906433
v 0.4263452887535095 -0.7278878092765808 2.108746290206909
v 0.653739333152771 -0.6597002744674683 1.9007699489593506
v -0.40889623761177063 -0.5847406983375549 1.748457908630371
v -0.19720646739006042 -0.6008255481719971 1.75690758228302
v 0.014922545291483402 -0.30995434522628784 0.9375455975532532
v 0.31861793994903564 -0.7210266590118408 2.0882632732391357
v 0.5943448543548584 -0.717644214630127 2.126081943511963
v -0.5293045043945312 -0.6161035895347595 1.8748241662979126
v -0.23144668340682983 -0.46618518233299255 1.4213311672210693
v -0.05504080280661583 -0.6135541200637817 1.771632432937622
v 0.20503085851669312 -0.6493716835975647 1.9798517227172852
v 0.51523756980896 -0.7570743560791016 2.2288997173309326
v -0.5917588472366333 -0.5887590050697327 1.7360777854919434
v -0.3628787100315094 -0.5998845100402832 1.7662652730941772
v -0.12342926859855652 -0.5033760666847229 1.4997148513793945
v 0.08115310221910477 -0.4947867691516876 1.6906880140304565
v 0.32567450404167175 -0.6197141408920288 1.8019654750823975
v 0.6649560928344727 -0.7161766290664673 2.1557300090789795
v -0.47154051065444946 -0.6241583824157715 1.8498727083206177
v -0.245347261428833 -0.6023985147476196 1.7831584215164185
v -0.00967579148709774 -0.3618927299976349 1.141114592552185
v 0.2671641707420349 -0.6962125301361084 2.0878701210021973
v 0.561477541923523 -0.7422742247581482 2.228303909301758
v -0.5832520723342896 -0.6153641939163208 1.8914119005203247
v -0.34320068359375 -0.6428019404411316 1.8886746168136597
v -0.051611512899398804 -0.306985467672348 0.939457356929779
v 0.15234947204589844 -0.6562382578849792 1.9874852895736694
v 0.47086775302886963 -0.7691100835800171 2.2884104251861572
v 0.7172166109085083 -0.7120994925498962 2.1048882007598877
v -0.40642768144607544 -0.5768092274665833 1.7576987743377686
v -0.19680683314800262 -0.6099439859390259 1.825272560119629
v 0.04928281158208847 -0.6033459901809692 1.767388105392456
v 0.3518758714199066 -0.7506994009017944 2.2280468940734863
v 0.6341300010681152 -0.7406104803085327 2.238234758377075
v -0.521929144859314 -0.6021775007247925 1.8758102655410767
v -0.28309592604637146 -0.6146078705787659 1.869781255722046
v -0.04875340685248375 -0.6171321868896484 1.8197300434112549
v 0.21842660009860992 -0.6497994661331177 2.020942211151123
v 0.5428508520126343 -0.7589086294174194 2.30279803276062
v -0.5835793018341064 -0.5785527229309082 1.75868558883667
v -0.3660086691379547 -0.5992222428321838 1.8230557441711426
v -0.12066172808408737 -0.5118860006332397 1.5529288053512573
v 0.1293874979019165 -0.6485120058059692 1.9844212532043457
v 0.1552382856607437 -0.30507007241249084 0.9476302862167358
v 0.6996034383773804 -0.7309969663619995 2.2436869144439697
v -0.4621829688549042 -0.5969604253768921 1.844346284866333
v -0.24688518047332764 -0.6077760457992554 1.8604934215545654
v 0.006394578143954277 -0.5663626194000244 1.6919511556625366
v 0.28611618280410767 -0.7188927531242371 2.1996817588806152
v 0.5756142139434814 -0.7276600003242493 2.2579598426818848
v -0.5748142600059509 -0.6024883389472961 1.8920806646347046
v -0.3331100046634674 -0.6191123127937317 1.896310806274414
v -0.047461383044719696 -0.29942864179611206 0.9568044543266296
v 0.16777096688747406 -0.6729239225387573 2.083958148956299
v 0.48204025626182556 -0.754003643989563 2.3001785278320312
v 0.7483408451080322 -0.7217082381248474 2.168752908706665
v -0.4039285182952881 -0.5735020041465759 1.7868080139160156
v -0.18821221590042114 -0.6029576063156128 1.8628708124160767
v 0.07528290897607803 -0.6846712827682495 2.0890207290649414
v 0.3760795593261719 -0.7621582746505737 2.3129615783691406
v 0.6506370306015015 -0.729077935218811 2.273977756500244
v -0.5136691331863403 -0.5866409540176392 1.8715511560440063
v -0.28487247228622437 -0.6046686172485352 1.8919527530670166
v -0.03833495080471039 -0.627044677734375 1.9036110639572144
v 0.23940813541412354 -0.6718237400054932 2.1135528087615967
v 0.5498644709587097 -0.7303558588027954 2.299372673034668
v -0.5931485295295715 -0.5887848734855652 1.8357714414596558
v -0.3668736219406128 -0.5857174396514893 1.8509210348129272
v -0.13132992386817932 -0.3538579046726227 1.2258695363998413
v 0.148657888174057 -0.6888015270233154 2.1559581756591797
v 0.4213484525680542 -0.7296669483184814 2.26086163520813
v 0.7061557769775391 -0.7219024300575256 2.2625222206115723
v -0.45200303196907043 -0.5757046937942505 1.8381824493408203
v -0.23592741787433624 -0.5919753313064575 1.8704254627227783
v 0.018815049901604652 -0.6432861685752869 2.0075321197509766
v 0.30315259099006653 -0.7202273607254028 2.2722017765045166
v 0.5830106735229492 -0.706512451171875 2.257368803024292
v -0.5664644241333008 -0.5877894759178162 1.890447974205017
v -0.32102876901626587 -0.5882124900817871 1.8767175674438477
v -0.09825378656387329 -0.6313374042510986 1.930221438407898
v 0.185066357254982 -0.6907930374145508 2.1669631004333496
v 0.4851464033126831 -0.7233483791351318 2.291429042816162
v 0.7549481391906738 -0.7052363157272339 2.184779644012451
v -0.4010252058506012 -0.5661405324935913 1.8125485181808472
v -0.183219313621521 -0.5864788293838501 1.870896339416504
v 0.0870697870850563 -0.7007970809936523 2.1706368923187256
v 0.3786761462688446 -0.7376439571380615 2.3307528495788574
v 0.6529361009597778 -0.7118468284606934 2.272063970565796
v -0.5054498910903931 -0.5715687274932861 1.866999864578247
v -0.27701976895332336 -0.5798549652099609 1.8808332681655884
v -0.03245987743139267 -0.6347433924674988 2.004162073135376
v 0.25740304589271545 -0.6803829073905945 2.2117531299591064
v 0.5397036075592041 -0.6985157132148743 2.266904830932617
v -0.5995103716850281 -0.5877890586853027 1.8786702156066895
v -0.36188551783561707 -0.5708094835281372 1.859885811805725
v -0.13140061497688293 -0.5934021472930908 1.8906763792037964
v 0.15204083919525146 -0.7118468284606934 2.2512712478637695
v 0.42944273352622986 -0.7082070708274841 2.2922842502593994
v 0.6997227072715759 -0.6998448371887207 2.2403435707092285
v -0.4441564381122589 -0.5587030053138733 1.8270504474639893
v -0.22799785435199738 -0.5731725692749023 1.8667829036712646
v 0.027885541319847107 -0.6714842319488525 2.1458325386047363
v 0.30594027042388916 -0.7049290537834167 2.2963016033172607
v 0.5891475677490234 -0.6882898807525635 2.2489542961120605
v -0.5578764081001282 -0.57069993019104 1.8850157260894775
v -0.3108317255973816 -0.5643799304962158 1.8523919582366943
v -0.09158474951982498 -0.6241307258605957 1.9712824821472168
v 0.1983499825000763 -0.6909706592559814 2.238433837890625
v 0.4817345440387726 -0.6954640746116638 2.2677197456359863
v 0.7575762271881104 -0.6813652515411377 2.1809563636779785
v -0.3973292410373688 -0.5510331988334656 1.8207873106002808
v -0.17664079368114471 -0.5676093101501465 1.8688689470291138
v 0.08527236431837082 -0.6720616817474365 2.1702890396118164
v 0.37580054998397827 -0.7037051916122437 2.3161497116088867
v 0.648501455783844 -0.6907416582107544 2.255438804626465
v -0.49781179428100586 -0.556699275970459 1.8610049486160278
v -0.2682412564754486 -0.5590368509292603 1.8645371198654175
v -0.027809666469693184 -0.6428540945053101 2.0755162239074707
v 0.2594977021217346 -0.6792879104614258 2.2668254375457764
v 0.5333268642425537 -0.6718082427978516 2.241629123687744
v -0.5909720659255981 -0.5697513818740845 1.8668696880340576
v -0.3527495563030243 -0.5552443265914917 1.855775237083435
v -0.1277211755514145 -0.5767754912376404 1.9107089042663574
v 0.15161821246147156 -0.6920599341392517 2.255638599395752
v 0.4238170087337494 -0.6791682243347168 2.2717742919921875
v 0.6898926496505737 -0.6734838485717773 2.2146942615509033
v -0.4396096169948578 -0.5426800847053528 1.817138910293579
v -0.22132311761379242 -0.5566794872283936 1.8609343767166138
v 0.028359893709421158 -0.6530904769897461 2.1544060707092285
v 0.3114725947380066 -0.6869412660598755 2.295135498046875
v 0.5912257432937622 -0.6704318523406982 2.244537830352783
v -0.5481332540512085 -0.553299069404602 1.8775825500488281
v -0.3015785813331604 -0.5410853624343872 1.821736454963684
v -0.08605024963617325 -0.6028890609741211 1.9784609079360962
v 0.20369894802570343 -0.6788430213928223 2.2662014961242676
v 0.47873246669769287 -0.6681889891624451 2.2459769248962402
v 0.7518113255500793 -0.6596814393997192 2.1685056686401367
v -0.3921201825141907 -0.5385220050811768 1.822235345840454
v -0.17123277485370636 -0.5527783036231995 1.8673994541168213
v 0.08414966613054276 -0.6453776359558105 2.165663242340088
v 0.3747183382511139 -0.678148627281189 2.300048589706421
v 0.6424674987792969 -0.6655125617980957 2.232626438140869
v -0.48932117223739624 -0.541719913482666 1.8511799573898315
v -0.2612939476966858 -0.5423010587692261 1.8504149913787842
v -0.02205066569149494 -0.6377551555633545 2.104112148284912
v 0.2560991644859314 -0.6701916456222534 2.277726650238037
v 0.533989667892456 -0.6522715091705322 2.2307910919189453
v -0.5826021432876587 -0.5511665940284729 1.843295931816101
v -0.34266501665115356 -0.5367510318756104 1.8330471515655518
v -0.12460272759199142 -0.5559139251708984 1.8984118700027466
v 0.14938904345035553 -0.6611291170120239 2.2445335388183594
v 0.4263806641101837 -0.655745804309845 2.2544608116149902
v 0.6830716133117676 -0.6453160047531128 2.190861225128174
v -0.4362114369869232 -0.5312705636024475 1.813232183456421
v -0.21592479944229126 -0.5422568917274475 1.8549898862838745
v 0.026558052748441696 -0.6284011602401733 2.138666868209839
v 0.31807219982147217 -0.6692736148834229 2.2967772483825684
v 0.5915452241897583 -0.6516897678375244 2.241086006164551
v -0.5375316143035889 -0.5369459390640259 1.8632872104644775
v -0.2972836196422577 -0.5232367515563965 1.8118581771850586
v -0.08084090799093246 -0.5848380327224731 1.992497444152832
v 0.2019740492105484 -0.6607669591903687 2.2646636962890625
v 0.479851096868515 -0.6457671523094177 2.2368369102478027
v 0.7425508499145508 -0.6237022876739502 2.1291756629943848
v -0.3864198625087738 -0.5249717831611633 1.8221720457077026
v -0.16656458377838135 -0.5382964015007019 1.8645671606063843
v 0.08638451993465424 -0.6253272891044617 2.1725454330444336
v 0.3755547106266022 -0.6551584005355835 2.2809925079345703
v 0.6380046606063843 -0.6390491724014282 2.2087953090667725
v -0.4794562757015228 -0.5261366367340088 1.8281726837158203
v -0.25566205382347107 -0.5250152349472046 1.8361859321594238
v -0.019475338980555534 -0.6111738085746765 2.103208065032959
v 0.2625008821487427 -0.6538534164428711 2.278783082962036
v 0.5365203619003296 -0.6345221996307373 2.2276501655578613
v -0.5721609592437744 -0.5306377410888672 1.8127127885818481
v -0.3372151553630829 -0.5183728337287903 1.8180856704711914
v -0.12045851349830627 -0.5379347801208496 1.8920302391052246
v 0.14879311621189117 -0.638079047203064 2.237314462661743
v 0.42808276414871216 -0.6349965333938599 2.2437565326690674
v 0.6779888272285461 -0.6188367605209351 2.1653623580932617
v -0.42889833450317383 -0.5141732692718506 1.8064078092575073
v -0.21009832620620728 -0.5253029465675354 1.844756841659546
v 0.031056178733706474 -0.6044707298278809 2.1277413368225098
v 0.3227447271347046 -0.6508728265762329 2.3007819652557373
v 0.59147047996521 -0.6321840286254883 2.230635643005371
v -0.5252097845077515 -0.519472599029541 1.8446097373962402
v -0.29309433698654175 -0.5100933313369751 1.810499906539917
v -0.07429446280002594 -0.5651381611824036 1.990112543106079
v 0.20608946681022644 -0.6384643316268921 2.2569801807403564
v 0.48302245140075684 -0.6255345344543457 2.230234146118164
v -0.6539990305900574 -0.5091758966445923 1.8303377628326416
v -0.38112688064575195 -0.5111137628555298 1.8193451166152954
v -0.16103717684745789 -0.5236145257949829 1.8588032722473145
v 0.09172285348176956 -0.6044714450836182 2.179656505584717
v 0.3772324323654175 -0.633607804775238 2.2687125205993652
v 0.6359392404556274 -0.6140080690383911 2.1890530586242676
v -0.46647682785987854 -0.5017938613891602 1.7853648662567139
v -0.24956664443016052 -0.5093098878860474 1.8256745338439941
v -0.0192260704934597 -0.5789939165115356 2.078679084777832
v 0.2686708867549896 -0.6373498439788818 2.28739333152771
v 0.540163516998291 -0.6160405278205872 2.224212646484375
v -0.5622303485870361 -0.5080102682113647 1.7919235229492188
v -0.33200451731681824 -0.5029628276824951 1.811877965927124
v -0.11569324880838394 -0.5248175859451294 1.8925395011901855
v 0.15377821028232574 -0.6186238527297974 2.2365455627441406
v 0.4302472174167633 -0.6158969402313232 2.2384841442108154
v 0.6766794323921204 -0.5947856903076172 2.1406800746917725
v -0.42158105969429016 -0.49585777521133423 1.798081874847412
v -0.20379967987537384 -0.5083397626876831 1.8369488716125488
v 0.03670012578368187 -0.5815677642822266 2.123565912246704
v 0.3279065489768982 -0.6317904591560364 2.302825927734375
v 0.5891480445861816 -0.6081360578536987 2.2082579135894775
v -0.5089923143386841 -0.4941234886646271 1.7857760190963745
v -0.28924843668937683 -0.4982895255088806 1.8107750415802002
v -0.06796738505363464 -0.5428138375282288 1.9729108810424805
v 0.21130521595478058 -0.6173024773597717 2.2596168518066406
v 0.48702535033226013 -0.6069574356079102 2.2242283821105957
v -0.6134636402130127 -0.5005931854248047 1.7939188480377197
v -0.3755018413066864 -0.4960614740848541 1.8144967555999756
v -0.15576007962226868 -0.5098252296447754 1.855677843093872
v 0.10122153908014297 -0.5814898014068604 2.1863796710968018
v 0.38103100657463074 -0.6138995885848999 2.264317274093628
v 0.6362878084182739 -0.5933126211166382 2.176574945449829
v -0.45810094475746155 -0.4852214753627777 1.7731215953826904
v -0.24411368370056152 -0.4942032992839813 1.8186750411987305
v -0.013849346898496151 -0.5540436506271362 2.0666213035583496
v 0.2744796872138977 -0.6202895641326904 2.2959039211273193
v 0.5422744750976562 -0.5982891321182251 2.216780662536621
v -0.5530502796173096 -0.48917844891548157 1.7803559303283691
v -0.3282533288002014 -0.489395409822464 1.8086967468261719
v -0.11123959720134735 -0.5146248936653137 1.8932547569274902
v 0.15984545648097992 -0.5971255302429199 2.2433152198791504
v 0.43334317207336426 -0.5988895893096924 2.2349557876586914
v 0.67914879322052 -0.5764018297195435 2.128392457962036
v -0.4155805706977844 -0.4817696213722229 1.792994737625122
v -0.19817803800106049 -0.4940367639064789 1.8320682048797607
v 0.04504260793328285 -0.5593748092651367 2.1268041133880615
v 0.332916259765625 -0.6147340536117554 2.3039979934692383
v 0.5912230014801025 -0.5902564525604248 2.1973876953125
v -0.4984181821346283 -0.47613653540611267 1.7662181854248047
v -0.28553876280784607 -0.4860207140445709 1.8111985921859741
v -0.06146740913391113 -0.5208325386047363 1.9524582624435425
v 0.21720752120018005 -0.5985907912254333 2.2694828510284424
v 0.49129700660705566 -0.5898536443710327 2.2212352752685547
v -0.5987192392349243 -0.47977614402770996 1.772857904434204
v -0.3699738085269928 -0.4825330972671509 1.8087526559829712
v -0.15118931233882904 -0.4976535141468048 1.8560298681259155
v 0.1052621379494667 -0.5592480301856995 2.177105188369751
v 0.38614940643310547 -0.5975430011749268 2.264885902404785
v 0.6380524635314941 -0.5764888525009155 2.168220281600952
v -0.4529894292354584 -0.4707280099391937 1.7680716514587402
v -0.2395671159029007 -0.48094797134399414 1.8153564929962158
v -0.007872305810451508 -0.537617564201355 2.0653927326202393
v 0.27921852469444275 -0.6030166149139404 2.300855875015259
v 0.5455293655395508 -0.5823913216590881 2.212733030319214
v -0.544887900352478 -0.47352445125579834 1.7700066566467285
v -0.3244052231311798 -0.47698017954826355 1.8071496486663818
v -0.10627210885286331 -0.5024695992469788 1.8926202058792114
v 0.15813657641410828 -0.5732138156890869 2.2378530502319336
v 0.4374888837337494 -0.5839581489562988 2.234752655029297
v 0.6848984956741333 -0.5622454881668091 2.126059055328369
v -0.4099341630935669 -0.46864259243011475 1.7880630493164062
v -0.19339975714683533 -0.4812855124473572 1.8279368877410889
v 0.04544849693775177 -0.5245758295059204 2.0850186347961426
v 0.33946919441223145 -0.5995287299156189 2.3106987476348877
v 0.5961611866950989 -0.5761651992797852 2.196155071258545
v -0.49179261922836304 -0.4614807665348053 1.7565586566925049
v -0.28075534105300903 -0.47284892201423645 1.8092083930969238
v -0.05539129674434662 -0.5032210946083069 1.9389430284500122
v 0.22370845079421997 -0.5808560848236084 2.2783050537109375
v 0.496414452791214 -0.574674129486084 2.223081111907959
v -0.5886069536209106 -0.4643435776233673 1.764704704284668
v -0.3639172911643982 -0.4694150984287262 1.8016645908355713
v -0.14662356674671173 -0.4860321581363678 1.8567180633544922
v 0.08547205477952957 -0.4691894054412842 1.7895910739898682
v 0.3921702802181244 -0.5838106870651245 2.266947031021118
v 0.6423012018203735 -0.5613731145858765 2.1647791862487793
v -0.4481903314590454 -0.4580506682395935 1.7659275531768799
v -0.23491795361042023 -0.4692976772785187 1.8156884908676147
v -0.0031741575803607702 -0.480712890625 1.8465741872787476
v 0.28488218784332275 -0.5862919688224792 2.305621385574341
v 0.5503997802734375 -0.5687761306762695 2.2141129970550537
v -0.5368190407752991 -0.4585418999195099 1.7600953578948975
v -0.3197258710861206 -0.4653303027153015 1.8070478439331055
v -0.10072561353445053 -0.490495502948761 1.8944666385650635
v 0.13209009170532227 -0.4604097902774811 1.771134614944458
v 0.4444723129272461 -0.5705758929252625 2.238180637359619
v 0.6913950443267822 -0.5476734638214111 2.1269984245300293
v -0.40398621559143066 -0.45482659339904785 1.7805004119873047
v -0.1884584128856659 -0.46936050057411194 1.8256030082702637
v 0.042681459337472916 -0.4569362699985504 1.775580883026123
v 0.34612584114074707 -0.5846551656723022 2.3143463134765625
v 0.603764533996582 -0.5634902715682983 2.2026851177215576
v -0.4873644709587097 -0.4491308629512787 1.7539743185043335
v -0.2752833068370819 -0.4605974853038788 1.8089263439178467
v -0.049504365772008896 -0.4845910370349884 1.922633409500122
v 0.23111549019813538 -0.5631469488143921 2.2836008071899414
v 0.5033252835273743 -0.5614256858825684 2.226991891860962
v -0.5814265012741089 -0.4496486485004425 1.758678674697876
v -0.3581613600254059 -0.4536963403224945 1.789738655090332
v -0.14249657094478607 -0.473041832447052 1.8531274795532227
v 0.08969498425722122 -0.44687673449516296 1.7690931558609009
v 0.3997025787830353 -0.5715389251708984 2.2694993019104004
v 0.6466802358627319 -0.5473620891571045 2.1647353172302246
v -0.44360119104385376 -0.44692787528038025 1.766171932220459
v -0.23019973933696747 -0.4590466320514679 1.818684458732605
v 0.0012216741451993585 -0.448611319065094 1.7773278951644897
v 0.2920582890510559 -0.569157600402832 2.3115577697753906
v 0.5572057962417603 -0.5574085712432861 2.222973585128784
v -0.527556300163269 -0.4431186020374298 1.7500742673873901
v -0.3145970404148102 -0.4526911973953247 1.8063037395477295
v -0.09482504427433014 -0.4778066575527191 1.895928978919983
v 0.13567735254764557 -0.44364747405052185 1.770042061805725
v 0.45296797156333923 -0.5591045618057251 2.2466158866882324
v 0.7007341980934143 -0.5331973433494568 2.133768320083618
v -0.39764392375946045 -0.44114696979522705 1.7701189517974854
v -0.18303269147872925 -0.45559531450271606 1.8223406076431274
v 0.04666066914796829 -0.43863722681999207 1.7630805969238281
v 0.35202956199645996 -0.5678833723068237 2.307891845703125
v 0.6118487119674683 -0.5508491396903992 2.2123167514801025
v -0.48321205377578735 -0.4377498924732208 1.7544862031936646
v -0.2694985568523407 -0.4496130347251892 1.8121860027313232
v -0.044123101979494095 -0.4449593126773834 1.784806251525879
v 0.2386363446712494 -0.5433787107467651 2.2859888076782227
v 0.5103971362113953 -0.5487263202667236 2.232727289199829
v -0.5724081993103027 -0.4335192143917084 1.7505112886428833
v -0.35172799229621887 -0.4363219439983368 1.777183175086975
v -0.13720445334911346 -0.4568294882774353 1.841734528541565
v 0.09316148608922958 -0.43214890360832214 1.7579312324523926
v 0.4073125422000885 -0.5587869882583618 2.274251937866211
v 0.6523470878601074 -0.5326930284500122 2.1661558151245117
v -0.43788594007492065 -0.43412280082702637 1.7657139301300049
v -0.22465097904205322 -0.44711264967918396 1.8191213607788086
v 0.0045378017239272594 -0.4302266836166382 1.7580206394195557
v 0.3006764054298401 -0.5469732284545898 2.3192009925842285
v 0.5649305582046509 -0.5463613271713257 2.2317192554473877
v -0.5209087133407593 -0.4290572702884674 1.7444592714309692
v -0.3090147376060486 -0.43986043334007263 1.806143879890442
v -0.08902397006750107 -0.46433550119400024 1.8965152502059937
v 0.1393757462501526 -0.43072226643562317 1.7683360576629639
v 0.462241530418396 -0.5475877523422241 2.2551913261413574
v 0.7127119898796082 -0.5186434984207153 2.139402151107788
v -0.3901892602443695 -0.42623060941696167 1.7597910165786743
v -0.17670784890651703 -0.44130319356918335 1.8183716535568237
v 0.05028378590941429 -0.4222746193408966 1.7492583990097046
v 0.3574712574481964 -0.5492721796035767 2.2976136207580566
v 0.6181798577308655 -0.5366261005401611 2.2161242961883545
v -0.47703880071640015 -0.42549070715904236 1.755868911743164
v -0.26337796449661255 -0.43592554330825806 1.813145399093628
v -0.03914010524749756 -0.4248259961605072 1.7632031440734863
v 0.23952893912792206 -0.5140780210494995 2.2938411235809326
v 0.5173408389091492 -0.537519097328186 2.2397284507751465
v -0.5610103011131287 -0.4162931740283966 1.7370156049728394
v -0.34617146849632263 -0.42438602447509766 1.7769312858581543
v -0.1310812532901764 -0.4380287826061249 1.824099063873291
v 0.09696303308010101 -0.4176419973373413 1.7479225397109985
v 0.41477227210998535 -0.5447993278503418 2.274935007095337
v 0.6594803929328918 -0.5174906849861145 2.1695148944854736
v -0.4303005039691925 -0.4196391701698303 1.7609589099884033
v -0.21826916933059692 -0.43267399072647095 1.8148894309997559
v 0.008137127384543419 -0.4155401289463043 1.7487714290618896
v 0.29275691509246826 -0.5147483348846436 2.206820249557495
v 0.5722126960754395 -0.5341192483901978 2.235888957977295
v -0.5148544907569885 -0.4146164655685425 1.7426731586456299
v -0.29981568455696106 -0.42439642548561096 1.7980108261108398
v -0.08309535682201385 -0.45114484429359436 1.8969213962554932
v 0.1425253301858902 -0.41722437739372253 1.7662434577941895
v 0.4705433249473572 -0.5357652902603149 2.2593588829040527
v 0.7248142957687378 -0.5036434531211853 2.142284870147705
v -0.38295087218284607 -0.41222673654556274 1.7522218227386475
v -0.17111507058143616 -0.4302682876586914 1.8211569786071777
v 0.05408504605293274 -0.4075888693332672 1.741335391998291
v 0.3641017973423004 -0.5327876806259155 2.2934746742248535
v 0.6228752136230469 -0.5204507112503052 2.213411808013916
v -0.4655192196369171 -0.40844985842704773 1.7382776737213135
v -0.2577410638332367 -0.42237624526023865 1.8124275207519531
v -0.033993709832429886 -0.4087601900100708 1.7517503499984741
v 0.1940097212791443 -0.42618846893310547 1.8083080053329468
v 0.5233879089355469 -0.5259295701980591 2.24499249458313
v -0.4642794132232666 -0.34274426102638245 1.4336308240890503
v -0.34135472774505615 -0.4119515120983124 1.7753996849060059
v -0.12517361342906952 -0.4239209294319153 1.8182637691497803
v 0.10050322860479355 -0.4029383361339569 1.740265965461731
v 0.42137381434440613 -0.5308824181556702 2.2712204456329346
v 0.6657880544662476 -0.5023576021194458 2.169790267944336
v -0.4211849272251129 -0.4011146128177643 1.7480175495147705
v -0.21179822087287903 -0.4193379282951355 1.8108351230621338
v 0.012090523727238178 -0.4013604521751404 1.7408428192138672
v 0.24377915263175964 -0.42417335510253906 1.8080451488494873
v 0.578754723072052 -0.520395040512085 2.238067865371704
v -0.47802555561065674 -0.37756848335266113 1.641794204711914
v -0.2783591151237488 -0.37601760029792786 1.6297327280044556
v -0.07615435868501663 -0.41239166259765625 1.791006326675415
v 0.14668135344982147 -0.40505799651145935 1.7654504776000977
v 0.47675350308418274 -0.5223683714866638 2.2629072666168213
v 0.7361635565757751 -0.48887455463409424 2.1465556621551514
v -0.34919753670692444 -0.3658769428730011 1.5920944213867188
v -0.16522462666034698 -0.41875407099723816 1.8228309154510498
v 0.058148227632045746 -0.39386558532714844 1.7348239421844482
v 0.3698512613773346 -0.5173683166503906 2.2908077239990234
v 0.6274822950363159 -0.5033200979232788 2.2096033096313477
v -0.41874071955680847 -0.35389021039009094 1.553514838218689
v -0.2515113055706024 -0.4088437259197235 1.8096485137939453
v -0.029274074360728264 -0.3958398103713989 1.746732473373413
v 0.19772294163703918 -0.4075317084789276 1.7912732362747192
v 0.5282796025276184 -0.512706995010376 2.2492687702178955
v -0.4607104957103729 -0.3289966285228729 1.4358311891555786
v -0.31451407074928284 -0.36834290623664856 1.624468445777893
v -0.11987096816301346 -0.41102489829063416 1.8149561882019043
v 0.1043274849653244 -0.3904530704021454 1.7359230518341064
v 0.42661115527153015 -0.5145140886306763 2.263608455657959
v 0.6716949939727783 -0.48764607310295105 2.169847011566162
v -0.380599707365036 -0.35225969552993774 1.5662530660629272
v -0.20570239424705505 -0.406440794467926 1.81044602394104
v 0.015886904671788216 -0.3875148594379425 1.732682228088379
v 0.24774722754955292 -0.4085082709789276 1.8057347536087036
v 0.5837056636810303 -0.503984808921814 2.238177537918091
v -0.4544616937637329 -0.350247859954834 1.5501766204833984
v -0.27197569608688354 -0.3623109757900238 1.6225414276123047
v -0.06981351971626282 -0.39237967133522034 1.7625908851623535
v 0.1514595001935959 -0.3925076723098755 1.761488914489746
v 0.4794217050075531 -0.5055115818977356 2.2597997188568115
v 0.7484373450279236 -0.474943071603775 2.1377906799316406
v -0.34085142612457275 -0.34875792264938354 1.5716526508331299
v -0.15327540040016174 -0.37073376774787903 1.661600112915039
v 0.06268032640218735 -0.38062307238578796 1.7281018495559692
v 0.3735407292842865 -0.500392496585846 2.2748804092407227
v 0.6331120729446411 -0.48620280623435974 2.2051801681518555
v -0.41155165433883667 -0.3398694097995758 1.5432957410812378
v -0.23026026785373688 -0.3581914007663727 1.6254141330718994
v -0.024524101987481117 -0.38481763005256653 1.7429596185684204
v 0.20156216621398926 -0.3926508128643036 1.7808637619018555
v 0.5309370756149292 -0.4932563006877899 2.239525318145752
v -0.46043217182159424 -0.31850841641426086 1.4437445402145386
v -0.30577871203422546 -0.3546866178512573 1.6147122383117676
v -0.11344566941261292 -0.39352482557296753 1.7988498210906982
v 0.10877310484647751 -0.37835192680358887 1.7324092388153076
v 0.42863228917121887 -0.4949165880680084 2.243364095687866
v 0.6778508424758911 -0.4726101756095886 2.1638522148132324
v -0.3722154200077057 -0.33606019616127014 1.5499229431152344
v -0.18842631578445435 -0.3562204837799072 1.6364142894744873
v 0.020474182441830635 -0.3756566345691681 1.727668046951294
v 0.2519591152667999 -0.39433759450912476 1.8033252954483032
v 0.5773172974586487 -0.4796726107597351 2.1952240467071533
v -0.44496047496795654 -0.33451616764068604 1.5395774841308594
v -0.2658160924911499 -0.34894537925720215 1.6141257286071777
v -0.06425704807043076 -0.38024652004241943 1.7552237510681152
v 0.15612901747226715 -0.37902015447616577 1.7561523914337158
v 0.47293853759765625 -0.4809330105781555 2.213148355484009
v -0.48921000957489014 -0.30033668875694275 1.4073072671890259
v -0.33332404494285583 -0.33396756649017334 1.5572335720062256
v -0.14675147831439972 -0.35532817244529724 1.653262972831726
v 0.06695142388343811 -0.36750322580337524 1.7209876775741577
v 0.304006427526474 -0.40017974376678467 1.8212904930114746
v 0.6264725923538208 -0.4652964174747467 2.1568264961242676
v -0.40542951226234436 -0.3283100128173828 1.5373629331588745
v -0.22359001636505127 -0.34322622418403625 1.6136507987976074
v -0.01944597065448761 -0.373136967420578 1.736865520477295
v 0.20608313381671906 -0.3794634938240051 1.7758500576019287
v 0.5238041281700134 -0.4693419337272644 2.183379888534546
v -0.4509585499763489 -0.3048085570335388 1.433416724205017
v -0.30062171816825867 -0.34394630789756775 1.6106841564178467
v -0.105087511241436 -0.35489851236343384 1.6769112348556519
v 0.11233334243297577 -0.36431369185447693 1.725921869277954
v 0.4284902513027191 -0.4744689464569092 2.22025465965271
v 0.6754052042961121 -0.45402854681015015 2.1278271675109863
v -0.36558470129966736 -0.32241177558898926 1.5361340045928955
v -0.18208159506320953 -0.3400910198688507 1.6212513446807861
v 0.025425130501389503 -0.36436912417411804 1.7247314453125
v 0.25639021396636963 -0.3813265860080719 1.798459768295288
v 0.5748090744018555 -0.4582120180130005 2.1560885906219482
v -0.4376055896282196 -0.3230903446674347 1.5346115827560425
v -0.26058268547058105 -0.33611491322517395 1.6071577072143555
v -0.059388305991888046 -0.3685466945171356 1.7480130195617676
v 0.159920334815979 -0.3653164505958557 1.7491073608398438
v 0.47630712389945984 -0.4609069228172302 2.1940197944641113
v -0.4795917868614197 -0.2920016050338745 1.4086518287658691
v -0.3271215260028839 -0.3213961720466614 1.5486559867858887
v -0.14052671194076538 -0.34038016200065613 1.6421868801116943
v 0.07167191058397293 -0.3563137948513031 1.7188937664031982
v 0.3094249963760376 -0.3857318162918091 1.820823311805725
v 0.624969482421875 -0.44640040397644043 2.128507137298584
v -0.3989524841308594 -0.3163556158542633 1.5294227600097656
v -0.21752020716667175 -0.3307581841945648 1.607018232345581
v -0.014791175723075867 -0.3583446145057678 1.725684642791748
v 0.21148112416267395 -0.3674386739730835 1.7745938301086426
v 0.5286521315574646 -0.45128461718559265 2.172672748565674
v -0.4431406855583191 -0.2925533056259155 1.4220750331878662
v -0.2939160466194153 -0.32823091745376587 1.5912967920303345
v -0.09887482970952988 -0.3395701050758362 1.6584389209747314
v 0.11624136567115784 -0.3525092601776123 1.7241451740264893
v 0.42957115173339844 -0.4544079899787903 2.2049083709716797
v 0.6733740568161011 -0.43536898493766785 2.096865653991699
v -0.360519140958786 -0.3111122250556946 1.529636025428772
v -0.17660322785377502 -0.3274877369403839 1.6148276329040527
v 0.030368473380804062 -0.3532176613807678 1.7233905792236328
v 0.26064348220825195 -0.3680135905742645 1.7934725284576416
v 0.5797297954559326 -0.44133511185646057 2.1515085697174072
v -0.43233945965766907 -0.31285086274147034 1.5312182903289795
v -0.2553137242794037 -0.3262860178947449 1.60349440574646
v -0.05424989014863968 -0.35114261507987976 1.7284023761749268
v 0.16329391300678253 -0.3523097038269043 1.7424665689468384
v 0.48136773705482483 -0.4424198865890503 2.187715768814087
v -0.4716483950614929 -0.2811554968357086 1.4015976190567017
v -0.32184410095214844 -0.3108551800251007 1.54475998878479
v -0.13483408093452454 -0.3283408284187317 1.6365511417388916
v 0.07730888575315475 -0.34735000133514404 1.7232754230499268
v 0.31461894512176514 -0.37285512685775757 1.8244391679763794
v 0.6297665238380432 -0.4303209185600281 2.1212258338928223
v -0.3934372067451477 -0.3055143356323242 1.5245628356933594
v -0.21236711740493774 -0.32090088725090027 1.6048049926757812
v -0.010314950719475746 -0.34607774019241333 1.7217636108398438
v 0.21701420843601227 -0.35672879219055176 1.7751442193984985
v 0.5339360237121582 -0.43496736884117126 2.17000412940979
v -0.43772342801094055 -0.2824245095252991 1.4181041717529297
v -0.2877402603626251 -0.3159417510032654 1.5832594633102417
v -0.09383103251457214 -0.3275456726551056 1.6526141166687012
v 0.12137946486473083 -0.3429088592529297 1.7289963960647583
v 0.43116065859794617 -0.4350031316280365 2.1865286827087402
v 0.6784660816192627 -0.42069295048713684 2.0899925231933594
v -0.3557835519313812 -0.3012305200099945 1.528085470199585
v -0.17190121114253998 -0.31659114360809326 1.6115165948867798
v 0.03576231375336647 -0.34290817379951477 1.7247257232666016
v 0.2655107080936432 -0.35653024911880493 1.7942655086517334
v 0.5842422246932983 -0.42499780654907227 2.148756504058838
v -0.42723411321640015 -0.30264076590538025 1.5274964570999146
v -0.2503575384616852 -0.3165270984172821 1.6023790836334229
v -0.048677992075681686 -0.33705934882164 1.7165358066558838
v 0.16725319623947144 -0.3408926725387573 1.7405227422714233
v 0.48487919569015503 -0.42498189210891724 2.1801209449768066
v -0.46505215764045715 -0.2713533043861389 1.3980488777160645
v -0.31715551018714905 -0.30122122168540955 1.5437968969345093
v -0.1295548379421234 -0.3179830014705658 1.636988878250122
v 0.08149721473455429 -0.33708053827285767 1.7252168655395508
v 0.3200804889202118 -0.35953575372695923 1.8260598182678223
v 0.6354544162750244 -0.4150606393814087 2.1184966564178467
v -0.38805240392684937 -0.294200599193573 1.5202643871307373
v -0.20715010166168213 -0.3096752166748047 1.6006579399108887
v -0.006063810549676418 -0.3346155881881714 1.7186256647109985
v 0.2215929627418518 -0.34583818912506104 1.776369571685791
v 0.537757396697998 -0.4183235466480255 2.167576789855957
v -0.4330860674381256 -0.2726123631000519 1.4165759086608887
v -0.2831474542617798 -0.30494484305381775 1.5763013362884521
v -0.08942095935344696 -0.3157229423522949 1.6483880281448364
v 0.12685991823673248 -0.3331545889377594 1.735137939453125
v 0.4333164095878601 -0.4140497148036957 2.1627769470214844
v 0.684572160243988 -0.40664011240005493 2.0865797996520996
v -0.35008057951927185 -0.28982093930244446 1.5225648880004883
v -0.16694121062755585 -0.30467650294303894 1.6076436042785645
v 0.04059821739792824 -0.33191627264022827 1.7255439758300781
v 0.27084988355636597 -0.3455256521701813 1.7981868982315063
v 0.5879950523376465 -0.4083033502101898 2.1462883949279785
v -0.42043614387512207 -0.29058265686035156 1.5206108093261719
v -0.24482810497283936 -0.3050137758255005 1.5952785015106201
v -0.043194469064474106 -0.3258492946624756 1.715944766998291
v 0.1724083423614502 -0.3311682939529419 1.7462158203125
v 0.48781880736351013 -0.40864336490631104 2.1722254753112793
v -0.4606667160987854 -0.26274415850639343 1.399044394493103
v -0.3124401867389679 -0.29023149609565735 1.5397517681121826
v -0.12447517365217209 -0.307151734828949 1.6351821422576904
v 0.08655162155628204 -0.32674774527549744 1.7307002544403076
v 0.3247497081756592 -0.3459779918193817 1.8273049592971802
v 0.6408983469009399 -0.39992788434028625 2.115875005722046
v -0.3823363184928894 -0.282825767993927 1.5143711566925049
v -0.20183832943439484 -0.29811063408851624 1.596724033355713
v -0.001909523387439549 -0.32232314348220825 1.7144086360931396
v 0.22584174573421478 -0.3336871266365051 1.7765307426452637
v 0.5411864519119263 -0.4023321568965912 2.1653692722320557
v -0.429375559091568 -0.26367419958114624 1.4171572923660278
v -0.27581754326820374 -0.28688889741897583 1.5474586486816406
v -0.08516526222229004 -0.3048110008239746 1.6469242572784424
v 0.13209176063537598 -0.3229217529296875 1.7407115697860718
v 0.3908918499946594 -0.3625931441783905 1.9244604110717773
v 0.6902709007263184 -0.39199912548065186 2.083573818206787
v -0.34431543946266174 -0.27834489941596985 1.5171089172363281
v -0.16176588833332062 -0.2940255403518677 1.6062040328979492
v 0.04468575865030289 -0.31915318965911865 1.7233753204345703
v 0.2754967510700226 -0.3333676755428314 1.8000982999801636
v 0.5924588441848755 -0.39271730184555054 2.1414473056793213
v -0.41290438175201416 -0.277784526348114 1.5129847526550293
v -0.23740516602993011 -0.2848198115825653 1.563269853591919
v -0.03885416314005852 -0.31512755155563354 1.7189712524414062
v 0.17769090831279755 -0.32108274102211 1.7534559965133667
v 0.43778982758522034 -0.357669472694397 1.9195165634155273
v -0.4570130407810211 -0.25466978549957275 1.4005491733551025
v -0.30692553520202637 -0.2762712240219116 1.5288636684417725
v -0.12008217722177505 -0.2957310378551483 1.632071614265442
v 0.09233927726745605 -0.31687474250793457 1.736190915107727
v 0.3296879827976227 -0.33356764912605286 1.830331802368164
v 0.6456873416900635 -0.38489121198654175 2.1133108139038086
v -0.3770121932029724 -0.27180975675582886 1.5102038383483887
v -0.19674330949783325 -0.2881666421890259 1.5988534688949585
v 0.002522003836929798 -0.31067466735839844 1.7145047187805176
v 0.22930867969989777 -0.32158926129341125 1.7763903141021729
v 0.5480095148086548 -0.38361939787864685 2.1584274768829346
v -0.4256420433521271 -0.2549099922180176 1.4187889099121094
v -0.2694793939590454 -0.2734115421772003 1.5354340076446533
v -0.08100085705518723 -0.2951031029224396 1.6492353677749634
v 0.13779175281524658 -0.31327033042907715 1.7488188743591309
v 0.393405020236969 -0.34391510486602783 1.9125173091888428
v 0.6944148540496826 -0.376251220703125 2.0814945697784424
v -0.3404066264629364 -0.2686106562614441 1.5177979469299316
v -0.15725818276405334 -0.2848125994205475 1.6098637580871582
v 0.04918690398335457 -0.3063816428184509 1.7235124111175537
v 0.27997535467147827 -0.3213629126548767 1.801727056503296
v 0.5978774428367615 -0.3773610591888428 2.1322124004364014
v -0.4094696640968323 -0.26699298620224 1.5137970447540283
v -0.23310068249702454 -0.2741394639015198 1.5627408027648926
v -0.03542911633849144 -0.3042391836643219 1.7229640483856201
v 0.18327391147613525 -0.31098267436027527 1.7590476274490356
v 0.4379516541957855 -0.3365395963191986 1.8965567350387573
v -0.45392686128616333 -0.24637004733085632 1.4033488035202026
v -0.3014654815196991 -0.26437312364578247 1.5229675769805908
v -0.11620237678289413 -0.2848815619945526 1.6308929920196533
v 0.09699635952711105 -0.3057858645915985 1.7378602027893066
v 0.33529525995254517 -0.3216252624988556 1.8347734212875366
v 0.6492587327957153 -0.36974653601646423 2.1111910343170166
v -0.37348178029060364 -0.2619118392467499 1.5111541748046875
v -0.191555455327034 -0.2785695195198059 1.602936029434204
v 0.0067316400818526745 -0.29726600646972656 1.719038963317871
v 0.23387645184993744 -0.3101891577243805 1.7798936367034912
v 0.4883957803249359 -0.33280596137046814 1.8905930519104004
v -0.4226360619068146 -0.24613337218761444 1.422055721282959
v -0.2649151682853699 -0.262485533952713 1.5314416885375977
v -0.07648172974586487 -0.2859812378883362 1.653362512588501
v 0.14328362047672272 -0.3034813404083252 1.7560174465179443
v 0.395088791847229 -0.32900768518447876 1.9026565551757812
v 0.6994409561157227 -0.3597031831741333 2.082658290863037
v -0.33615976572036743 -0.25870832800865173 1.5174193382263184
v -0.15312792360782623 -0.275544673204422 1.6139886379241943
v 0.05269736796617508 -0.29331955313682556 1.726701259613037
v 0.28506678342819214 -0.30991291999816895 1.8042668104171753
v 0.5517526865005493 -0.3379717767238617 1.9195454120635986
v -0.4070162773132324 -0.2566390931606293 1.5139442682266235
v -0.22876200079917908 -0.26464855670928955 1.5666210651397705
v -0.031308047473430634 -0.2930116653442383 1.7272958755493164
v 0.18933826684951782 -0.30051353573799133 1.7644102573394775
v 0.4353397488594055 -0.31501975655555725 1.8634674549102783
v -0.45112183690071106 -0.23762592673301697 1.4058418273925781
v -0.2969453036785126 -0.25418519973754883 1.5209102630615234
v -0.11265718191862106 -0.27478668093681335 1.6299951076507568
v 0.1018543392419815 -0.29447075724601746 1.739989995956421
v 0.35152485966682434 -0.31670689582824707 1.8830673694610596
v 0.6533946990966797 -0.3545876443386078 2.1120405197143555
v -0.3706476092338562 -0.2533063292503357 1.514772653579712
v -0.18659193813800812 -0.2688126266002655 1.608216404914856
v 0.003789817448705435 -0.15926779806613922 0.8887374997138977
v 0.23941504955291748 -0.29990941286087036 1.7866687774658203
v 0.49103596806526184 -0.31548643112182617 1.8810771703720093
v -0.42075714468955994 -0.23798896372318268 1.428568720817566
v -0.26100048422813416 -0.2521168291568756 1.52996826171875
v -0.07167878746986389 -0.2771914601325989 1.6580078601837158
v 0.14810779690742493 -0.29290521144866943 1.7572777271270752
v 0.385368287563324 -0.3011399805545807 1.8320685625076294
v 0.7075469493865967 -0.3441685736179352 2.086958169937134
v -0.3315690755844116 -0.24896298348903656 1.5165303945541382
v -0.1494617909193039 -0.2660151720046997 1.6164476871490479
v 0.057397715747356415 -0.2798915505409241 1.7276602983474731
v 0.2901579439640045 -0.29946422576904297 1.8072874546051025
v 0.5589226484298706 -0.32437220215797424 1.9327113628387451
v -0.4042196273803711 -0.24717463552951813 1.514167070388794
v -0.22427959740161896 -0.2549261152744293 1.5683091878890991
v -0.026475999504327774 -0.28174838423728943 1.7339050769805908
v 0.19627298414707184 -0.2901264429092407 1.7721529006958008
v 0.43498730659484863 -0.2978273630142212 1.8397135734558105
v -0.4485374689102173 -0.2287464439868927 1.4078834056854248
v -0.2929135262966156 -0.2448355257511139 1.521000862121582
v -0.1088222861289978 -0.26522424817085266 1.6319587230682373
v 0.10714679211378098 -0.2839213013648987 1.745350956916809
v 0.3397256135940552 -0.2921021580696106 1.8136423826217651
v 0.6565186381340027 -0.33837735652923584 2.113393783569336
v -0.3665923476219177 -0.24373409152030945 1.5148638486862183
v -0.18282365798950195 -0.2592109143733978 1.614091396331787
v 0.007130148820579052 -0.14783231914043427 0.8891064524650574
v 0.24406559765338898 -0.28968337178230286 1.7899963855743408
v 0.4952015280723572 -0.30192211270332336 1.8815944194793701
v -0.43619945645332336 -0.23973697423934937 1.5143959522247314
v -0.2575666904449463 -0.24323002994060516 1.5335527658462524
v -0.06657086312770844 -0.26786068081855774 1.6669352054595947
v 0.15294350683689117 -0.2815952003002167 1.7546379566192627
v 0.38430091738700867 -0.28444400429725647 1.8059508800506592
v 0.7155807614326477 -0.32628005743026733 2.0725860595703125
v -0.32776570320129395 -0.23969869315624237 1.5173015594482422
v -0.14595100283622742 -0.2568115293979645 1.621518850326538
v 0.06009942293167114 -0.26767227053642273 1.7199196815490723
v 0.2931770384311676 -0.28735625743865967 1.804572343826294
v 0.5666754841804504 -0.3080878257751465 1.951948642730713
v -0.4021126925945282 -0.2383037954568863 1.518770694732666
v -0.2203843593597412 -0.2448471486568451 1.5669779777526855
v -0.016703104600310326 -0.2703937292098999 1.7380154132843018
v 0.20189166069030762 -0.2806023955345154 1.7780113220214844
v 0.43901005387306213 -0.2854052186012268 1.8400622606277466
v -0.4461580812931061 -0.22002580761909485 1.4104479551315308
v -0.28949546813964844 -0.23608295619487762 1.5226306915283203
v -0.10406150668859482 -0.25720569491386414 1.6498475074768066
v 0.11302309483289719 -0.27542972564697266 1.7564380168914795
v 0.3385571837425232 -0.27431410551071167 1.7824547290802002
v 0.6587308049201965 -0.3193357586860657 2.1124205589294434
v -0.36217328906059265 -0.23356212675571442 1.5135886669158936
v -0.17973501980304718 -0.2496807873249054 1.6184628009796143
v 0.009406195022165775 -0.13955238461494446 0.8895288705825806
v 0.246212437748909 -0.2763902246952057 1.7832834720611572
v 0.5006470680236816 -0.29031094908714294 1.8884862661361694
v -0.4347776770591736 -0.23253017663955688 1.5185142755508423
v -0.25396955013275146 -0.2342674434185028 1.5372272729873657
v -0.06133287772536278 -0.2570555806159973 1.6760423183441162
v 0.15669859945774078 -0.270780086517334 1.7510405778884888
v 0.3879948854446411 -0.2715766727924347 1.8035063743591309
v -0.477810263633728 -0.2108333706855774 1.386215090751648
v -0.32388755679130554 -0.2297877073287964 1.516791582107544
v -0.14200812578201294 -0.24765756726264954 1.6289777755737305
v 0.015816573053598404 -0.16312894225120544 1.0194021463394165
v 0.2908812165260315 -0.26435747742652893 1.7572635412216187
v 0.57280433177948 -0.29237455129623413 1.9733326435089111
v -0.40032708644866943 -0.22843195497989655 1.5221785306930542
v -0.21705450117588043 -0.2351580411195755 1.565290927886963
v -0.014392480254173279 -0.13778536021709442 0.8848181366920471
v 0.20329375565052032 -0.26594579219818115 1.7619845867156982
v 0.44510573148727417 -0.27470576763153076 1.8468133211135864
v -0.4438628852367401 -0.210994690656662 1.4130200147628784
v -0.28612759709358215 -0.22698912024497986 1.5237692594528198
v -0.09988071769475937 -0.2480696439743042 1.6597868204116821
v 0.117441825568676 -0.26554399728775024 1.7596087455749512
v 0.34110507369041443 -0.2618820071220398 1.7770726680755615
v 0.6640692949295044 -0.2946825325489044 2.114809989929199
v -0.3584103584289551 -0.22363856434822083 1.5139129161834717
v -0.1765742003917694 -0.24019895493984222 1.6207849979400635
v 0.011799432337284088 -0.13271169364452362 0.8894278407096863
v 0.2440408319234848 -0.2533074617385864 1.7318682670593262
v 0.50599604845047 -0.2783051133155823 1.8967921733856201
v -0.4321814775466919 -0.2239517718553543 1.5216145515441895
v -0.24997985363006592 -0.2254359871149063 1.5419154167175293
v -0.0549919418990612 -0.2470313161611557 1.6859691143035889
v 0.1587405651807785 -0.2552542984485626 1.7368508577346802
v 0.3938037157058716 -0.26140445470809937 1.8097925186157227
v -0.47081953287124634 -0.20213529467582703 1.3884228467941284
v -0.31921568512916565 -0.21979071199893951 1.5142831802368164
v -0.1377042531967163 -0.23858986794948578 1.63831627368927
v 0.007388688158243895 -0.22693189978599548 1.405311107635498
v 0.29381322860717773 -0.2522508502006531 1.7533096075057983
v 0.5751725435256958 -0.2680610120296478 1.970881462097168
v -0.3961714506149292 -0.2179848998785019 1.5220345258712769
v -0.21346229314804077 -0.2268965095281601 1.5718904733657837
v -0.010070783086121082 -0.1295706182718277 0.884501576423645
v 0.19947119057178497 -0.24128171801567078 1.702648639678955
v 0.4510239362716675 -0.26417362689971924 1.8541772365570068
v -0.44053322076797485 -0.20111556351184845 1.413307547569275
v -0.2821217179298401 -0.21704773604869843 1.5232865810394287
v -0.09585869312286377 -0.23882484436035156 1.665210247039795
v 0.11668022722005844 -0.24255536496639252 1.6996049880981445
v 0.345991313457489 -0.25132617354393005 1.7832483053207397
v 0.6481108665466309 -0.254355251789093 2.0326859951019287
v -0.3562502861022949 -0.2140013724565506 1.5199806690216064
v -0.17354319989681244 -0.23075233399868011 1.6234127283096313
v 0.014342465437948704 -0.12625128030776978 0.8888245224952698
v 0.2467365562915802 -0.24179686605930328 1.726237416267395
v 0.5101685523986816 -0.26435402035713196 1.9019590616226196
v -0.4284375011920929 -0.21428652107715607 1.523473858833313
v -0.24565622210502625 -0.21653589606285095 1.5453088283538818
v -0.048628997057676315 -0.23716242611408234 1.6861352920532227
v 0.15682561695575714 -0.22909559309482574 1.6655149459838867
v 0.3999876379966736 -0.2513619065284729 1.8175314664840698
v -0.4686538875102997 -0.19360056519508362 1.3939943313598633
v -0.31558772921562195 -0.2101392149925232 1.515089988708496
v -0.13296835124492645 -0.22955739498138428 1.6479923725128174
v 0.06646182388067245 -0.22380119562149048 1.6282739639282227
v 0.2985968589782715 -0.24232932925224304 1.759080410003662
v 0.3937136232852936 -0.19582025706768036 1.3338876962661743
v -0.39113858342170715 -0.20763219892978668 1.5223388671875
v -0.2076374888420105 -0.21993908286094666 1.6103997230529785
v -0.006826391909271479 -0.12261258065700531 0.8844984173774719
v 0.20263603329658508 -0.22930559515953064 1.694615364074707
v 0.45637795329093933 -0.2532320022583008 1.861230492591858
v -0.43505173921585083 -0.19114179909229279 1.41117525100708
v -0.2780363857746124 -0.20749616622924805 1.5235686302185059
v -0.09106126427650452 -0.22906078398227692 1.6680352687835693
v 0.11740904301404953 -0.2214043140411377 1.640048861503601
v 0.3517110049724579 -0.24104736745357513 1.7911444902420044
v 0.42578887939453125 -0.18774473667144775 1.311716914176941
v -0.35536545515060425 -0.20357853174209595 1.5320310592651367
v -0.16970384120941162 -0.2207937240600586 1.6268694400787354
v 0.016679776832461357 -0.1199931800365448 0.887854278087616
v 0.25154605507850647 -0.23292727768421173 1.7322447299957275
v 0.35561680793762207 -0.1858316957950592 1.3308745622634888
v -0.4035341739654541 -0.18960650265216827 1.4316279888153076
v -0.24129055440425873 -0.20656414330005646 1.5462653636932373
v -0.04084256663918495 -0.22336922585964203 1.6708428859710693
v 0.16080541908740997 -0.21812167763710022 1.6615865230560303
v 0.4061199724674225 -0.24114994704723358 1.825642466545105
v -0.46754589676856995 -0.18468648195266724 1.4024173021316528
v -0.31410500407218933 -0.2005523443222046 1.5273773670196533
v -0.1285950094461441 -0.21973977982997894 1.652782917022705
v 0.06854761391878128 -0.2109259068965912 1.6068336963653564
v 0.30484387278556824 -0.2327170968055725 1.7668664455413818
v 0.3934106230735779 -0.18041013181209564 1.3225477933883667
v -0.38952532410621643 -0.19783546030521393 1.5347630977630615
v -0.2038320153951645 -0.21180075407028198 1.613773226737976
v -0.0041693756356835365 -0.11632584035396576 0.884702205657959
v 0.2075284868478775 -0.22058743238449097 1.700618028640747
v 0.4615496098995209 -0.24213001132011414 1.8669551610946655
v -0.4310525953769684 -0.18208782374858856 1.411311149597168
v -0.27446308732032776 -0.19823357462882996 1.5292938947677612
v -0.0853232890367508 -0.21629492938518524 1.6552257537841797
v 0.12124229967594147 -0.20919527113437653 1.633248209953308
v 0.358002632856369 -0.23090729117393494 1.7996273040771484
v 0.4255828857421875 -0.17340625822544098 1.3043596744537354
v -0.35272178053855896 -0.19431377947330475 1.5374820232391357
v -0.16464874148368835 -0.21064966917037964 1.6301498413085938
v 0.019013067707419395 -0.11378909647464752 0.8865666389465332
v 0.2577808201313019 -0.22399495542049408 1.7398037910461426
v 0.35758668184280396 -0.1715516597032547 1.3162312507629395
v -0.39813098311424255 -0.18123824894428253 1.4353432655334473
v -0.2371276170015335 -0.1970916986465454 1.5502331256866455
v -0.02750813588500023 -0.19918936491012573 1.5726664066314697
v 0.1654820293188095 -0.2092365175485611 1.6672968864440918
v 0.41214215755462646 -0.23089423775672913 1.8335554599761963
v -0.4664345383644104 -0.17593181133270264 1.4092580080032349
v -0.31140828132629395 -0.19120484590530396 1.5336530208587646
v -0.12405109405517578 -0.20824195444583893 1.6435260772705078
v 0.07438760995864868 -0.19827133417129517 1.600835919380188
v 0.3117721676826477 -0.22337722778320312 1.7752881050109863
v 0.3935079276561737 -0.16702605783939362 1.3142595291137695
v -0.38670870661735535 -0.18891845643520355 1.5405939817428589
v -0.200480654835701 -0.20182792842388153 1.6139352321624756
v -0.0016546400729566813 -0.11020733416080475 0.8850582242012024
v 0.21293997764587402 -0.21156129240989685 1.7081241607666016
v 0.4676625430583954 -0.2301751673221588 1.871098279953003
v -0.4280050992965698 -0.17338506877422333 1.4140392541885376
v -0.27128589153289795 -0.18922221660614014 1.5382200479507446
v -0.07748731970787048 -0.19150656461715698 1.5595059394836426
v 0.12575781345367432 -0.1991874724626541 1.6370112895965576
v 0.36446353793144226 -0.2209489941596985 1.8079856634140015
v 0.426332950592041 -0.16145028173923492 1.3002430200576782
v -0.34877750277519226 -0.18610282242298126 1.5402204990386963
v -0.15862886607646942 -0.19626326858997345 1.6179027557373047
v 0.021210195496678352 -0.1077483743429184 0.8850064277648926
v 0.264758825302124 -0.21422500908374786 1.748233437538147
v 0.35974401235580444 -0.16028691828250885 1.3067705631256104
v -0.41678452491760254 -0.18183492124080658 1.529515027999878
v -0.23318547010421753 -0.18804596364498138 1.5564136505126953
v -0.025959281250834465 -0.10881956666707993 0.8794328570365906
v 0.17036879062652588 -0.20033080875873566 1.6742966175079346
v 0.4181710481643677 -0.22056923806667328 1.841483473777771
v -0.4653683602809906 -0.16706782579421997 1.4174176454544067
v -0.30775389075279236 -0.1824323982000351 1.537768840789795
v -0.11149434745311737 -0.1796230524778366 1.5200531482696533
v 0.07966476678848267 -0.18739472329616547 1.604809284210205
v 0.318948358297348 -0.21376635134220123 1.783597707748413
v 0.39449772238731384 -0.15603823959827423 1.3082480430603027
v -0.382411390542984 -0.18073272705078125 1.5402755737304688
v -0.1956542283296585 -0.18664367496967316 1.5951237678527832
v 0.0007504356908611953 -0.10431555658578873 0.8855363726615906
v 0.21821258962154388 -0.20168562233448029 1.715307593345642
v 0.3157268762588501 -0.15374989807605743 1.3138676881790161
v -0.4255470335483551 -0.1646200269460678 1.4183919429779053
v -0.2681085765361786 -0.18046221137046814 1.5430982112884521
v -0.07158100605010986 -0.1742154210805893 1.5152645111083984
v 0.12995992600917816 -0.18980993330478668 1.6422619819641113
v 0.37109673023223877 -0.21111400425434113 1.8162205219268799
v 0.4253605306148529 -0.15122923254966736 1.2926989793777466
v -0.34396451711654663 -0.17799517512321472 1.5411131381988525
v -0.14637310802936554 -0.17230980098247528 1.5133280754089355
v 0.02339180000126362 -0.10163372755050659 0.8832151889801025
v 0.27139201760292053 -0.2038126140832901 1.756213665008545
v 0.36144310235977173 -0.14990797638893127 1.2989767789840698
v -0.4137645363807678 -0.1728525310754776 1.5292545557022095
v -0.22907303273677826 -0.1773831695318222 1.5590733289718628
v -0.021728508174419403 -0.10144657641649246 0.8806641697883606
v 0.17530469596385956 -0.1912955790758133 1.6815521717071533
v 0.42447924613952637 -0.21012039482593536 1.8483796119689941
v -0.4630710780620575 -0.15804608166217804 1.4243985414505005
v -0.30340901017189026 -0.1738203912973404 1.5394742488861084
v -0.10626243054866791 -0.16631177067756653 1.4963912963867188
v 0.08495604991912842 -0.17695769667625427 1.6082730293273926
v 0.326045960187912 -0.2031925618648529 1.7910144329071045
v 0.395997017621994 -0.14586393535137177 1.3040125370025635
v -0.376853883266449 -0.17084172368049622 1.5332224369049072
v -0.18425804376602173 -0.16859927773475647 1.5154221057891846
v 0.003184098284691572 -0.0984349176287651 0.8862802982330322
v 0.22370386123657227 -0.19018104672431946 1.7213071584701538
v 0.32042431831359863 -0.14376923441886902 1.2990171909332275
v -0.42341166734695435 -0.15608081221580505 1.4249272346496582
v -0.2657875120639801 -0.17132899165153503 1.5433963537216187
v -0.06655434519052505 -0.16176006197929382 1.5148122310638428
v 0.13409355282783508 -0.18052737414836884 1.6483700275421143
v 0.3779667913913727 -0.20101134479045868 1.8242998123168945
v 0.41139405965805054 -0.13318948447704315 1.227731704711914
v -0.3390422761440277 -0.16940230131149292 1.5399366617202759
v -0.13890570402145386 -0.1579044759273529 1.47895085811615
v 0.025677112862467766 -0.09567796438932419 0.8819376826286316
v 0.2766457796096802 -0.19158552587032318 1.7637388706207275
v 0.3632071912288666 -0.14028222858905792 1.2924997806549072
v -0.40802711248397827 -0.1633685827255249 1.5224239826202393
v -0.21229228377342224 -0.15846891701221466 1.4784131050109863
v -0.018307723104953766 -0.09524467587471008 0.8820310235023499
v 0.18033549189567566 -0.18167828023433685 1.688058853149414
v 0.43113943934440613 -0.19882827997207642 1.8540456295013428
v -0.45958706736564636 -0.14934438467025757 1.4282324314117432
v -0.29796913266181946 -0.16396386921405792 1.5349993705749512
v -0.10251413285732269 -0.15540094673633575 1.4963841438293457
v 0.08773763477802277 -0.16639716923236847 1.6096128225326538
v 0.33222925662994385 -0.19203978776931763 1.7975071668624878
v 0.39725443720817566 -0.13613705337047577 1.3004283905029297
v -0.3715658187866211 -0.16077199578285217 1.5249227285385132
v -0.10473121702671051 -0.10297146439552307 0.8484960794448853
v 0.005568286869674921 -0.09262743592262268 0.8870253562927246
v 0.2292729616165161 -0.17756184935569763 1.7268462181091309
v 0.3253169357776642 -0.13434287905693054 1.2889316082000732
v -0.43107637763023376 -0.14950105547904968 1.4875102043151855
v -0.2443358302116394 -0.1474391371011734 1.4487330913543701
v -0.06107361242175102 -0.1513834446668625 1.5198620557785034
v 0.138320192694664 -0.17064960300922394 1.654531717300415
v 0.3844785690307617 -0.19007335603237152 1.831634759902954
v 0.4179103374481201 -0.12579794228076935 1.238257646560669
v -0.3297082781791687 -0.15623144805431366 1.5184071063995361
v -0.13528995215892792 -0.14566394686698914 1.4750852584838867
v 0.028065940365195274 -0.0898720994591713 0.8814184069633484
v 0.2828574478626251 -0.17692507803440094 1.774292230606079
v 0.3653131127357483 -0.1312023550271988 1.2872782945632935
v -0.4019708037376404 -0.15325504541397095 1.512049913406372
v -0.2054709941148758 -0.14560696482658386 1.4559358358383179
v -0.01567039266228676 -0.08950590342283249 0.8834009766578674
v 0.18512028455734253 -0.17054685950279236 1.6933122873306274
v 0.43716955184936523 -0.1863785833120346 1.8579360246658325
v -0.45560184121131897 -0.14114214479923248 1.4319589138031006
v -0.2741929292678833 -0.13882946968078613 1.4294767379760742
v -0.0994081124663353 -0.14487972855567932 1.5013577938079834
v 0.09048278629779816 -0.15518513321876526 1.6108767986297607
v 0.33778485655784607 -0.18012186884880066 1.803521752357483
v 0.3987872302532196 -0.12671007215976715 1.2963807582855225
v -0.36140012741088867 -0.1470201164484024 1.4919272661209106
v -0.10152935981750488 -0.09076361358165741 0.8524221777915955
v 0.007914122194051743 -0.08691006898880005 0.8876670598983765
v 0.23630574345588684 -0.1644318848848343 1.7327290773391724
v 0.3284076154232025 -0.12480118125677109 1.2828912734985352
v -0.4261230528354645 -0.1410994529724121 1.4786322116851807
v -0.23823843896389008 -0.13608288764953613 1.4376933574676514
v -0.05428255349397659 -0.13973252475261688 1.5217711925506592
v 0.14267176389694214 -0.15979298949241638 1.6598377227783203
v 0.39042600989341736 -0.1781758964061737 1.8375204801559448
v 0.4237757623195648 -0.11888884007930756 1.2454619407653809
v -0.3046548366546631 -0.13156652450561523 1.4145057201385498
v -0.13293598592281342 -0.13422951102256775 1.4770715236663818
v 0.03058452345430851 -0.08424508571624756 0.8815222382545471
v 0.1323828548192978 -0.09023179858922958 0.7831993103027344
v 0.3677506744861603 -0.12231522053480148 1.2833499908447266
v -0.38784855604171753 -0.13797853887081146 1.4666965007781982
v -0.20128215849399567 -0.13569022715091705 1.4597245454788208
v -0.013144652359187603 -0.08378227800130844 0.8848082423210144
v 0.18983960151672363 -0.1580056995153427 1.6980249881744385
v 0.44213438034057617 -0.17389152944087982 1.8611150979995728
v -0.4505654573440552 -0.13288342952728271 1.4313116073608398
v -0.2683767080307007 -0.1277356594800949 1.420993447303772
v -0.09629985690116882 -0.13386417925357819 1.5073695182800293
v 0.061651501804590225 -0.08506788313388824 0.8801422119140625
v 0.3424651622772217 -0.166777566075325 1.8085973262786865
v 0.4019116163253784 -0.11773434281349182 1.2927976846694946
v -0.33238568902015686 -0.12496920675039291 1.3979465961456299
v -0.09900768846273422 -0.08280658721923828 0.8535500764846802
v 0.010216993279755116 -0.08122178167104721 0.8881244659423828
v 0.1059073805809021 -0.08138766139745712 0.7851443886756897
v 0.330814927816391 -0.11443307250738144 1.2797362804412842
v -0.41710004210472107 -0.12893716990947723 1.4480324983596802
v -0.2351781129837036 -0.12694668769836426 1.4410102367401123
v -0.040547583252191544 -0.08210919052362442 0.8833852410316467
v 0.14715540409088135 -0.1473211646080017 1.6648738384246826
v 0.3959602117538452 -0.16529007256031036 1.8423532247543335
v -0.4859132170677185 -0.12549357116222382 1.4077880382537842
v -0.29905763268470764 -0.12118265777826309 1.407224178314209
v -0.07233736664056778 -0.08170866221189499 0.8517093658447266
v 0.03312419354915619 -0.07862532138824463 0.8816284537315369
v 0.1344572752714157 -0.07744376361370087 0.7862155437469482
v 0.37057599425315857 -0.11368635296821594 1.2809463739395142
v -0.3597831130027771 -0.11790384352207184 1.3788617849349976
v -0.19545146822929382 -0.12641474604606628 1.4659066200256348
v -0.0106856320053339 -0.07805844396352768 0.8860718607902527
v 0.19567057490348816 -0.14555250108242035 1.703256607055664
v 0.44738632440567017 -0.16130748391151428 1.8629565238952637
v -0.4450129270553589 -0.12326620519161224 1.4226770401000977
v -0.26530131697654724 -0.11890755593776703 1.4248839616775513
v -0.09232844412326813 -0.12272784113883972 1.5131734609603882
v 0.06510108709335327 -0.07872238755226135 0.879888653755188
v 0.34515663981437683 -0.15374980866909027 1.813185214996338
v 0.4058127999305725 -0.10945112258195877 1.2905526161193848
v -0.3269137740135193 -0.1147528737783432 1.3904846906661987
v -0.09665123373270035 -0.07558894157409668 0.8534732460975647
v 0.012535524554550648 -0.07553477585315704 0.8885225653648376
v 0.11053214967250824 -0.07196399569511414 0.7856292128562927
v 0.4042609632015228 -0.13106156885623932 1.5024070739746094
v -0.38794824481010437 -0.11107797175645828 1.3641235828399658
v -0.23232677578926086 -0.11766110360622406 1.4466307163238525
v -0.03553295135498047 -0.07562609016895294 0.8853749632835388
v 0.15104123950004578 -0.13272149860858917 1.6713066101074219
v 0.39980989694595337 -0.15238897502422333 1.847172498703003
v -0.4704825282096863 -0.11272011697292328 1.3882708549499512
v -0.296109676361084 -0.11247695237398148 1.4110771417617798
v -0.0711146891117096 -0.0748385339975357 0.8508173227310181
v 0.035637807101011276 -0.0729001834988594 0.8818707466125488
v 0.1358775943517685 -0.06867938488721848 0.7865200042724609
v 0.3740250766277313 -0.10544468462467194 1.2811248302459717
v -0.3546695113182068 -0.10813386738300323 1.3740293979644775
v -0.18427540361881256 -0.1155242919921875 1.470423936843872
v -0.008182251825928688 -0.0721815973520279 0.8871991634368896
v 0.20652037858963013 -0.12941235303878784 1.7159955501556396
v 0.45249128341674805 -0.14481288194656372 1.8620661497116089
v -0.4171358644962311 -0.10492587089538574 1.348713994026184
v -0.26243436336517334 -0.11023169755935669 1.4307076930999756
v -0.08879025280475616 -0.11053905636072159 1.5193649530410767
v 0.06798102706670761 -0.07216815650463104 0.8804494142532349
v 0.34691664576530457 -0.14103439450263977 1.8176621198654175
v 0.409908264875412 -0.10130369663238525 1.2897655963897705
v -0.32445648312568665 -0.10603494197130203 1.3948618173599243
v -0.09447979927062988 -0.06888975203037262 0.8534424304962158
v 0.014853897504508495 -0.06975376605987549 0.8889483213424683
v 0.11374995857477188 -0.06385216861963272 0.7881792187690735
v 0.4031486213207245 -0.11914968490600586 1.492828130722046
v -0.3827253580093384 -0.101402148604393 1.357673168182373
v -0.22920314967632294 -0.1084623709321022 1.4534059762954712
v -0.031311292201280594 -0.06941120326519012 0.8872379660606384
v 0.15743225812911987 -0.11555556952953339 1.6813801527023315
v 0.4045308232307434 -0.13840380311012268 1.8501081466674805
v -0.4459904432296753 -0.09987868368625641 1.3325581550598145
v -0.29342320561408997 -0.10390311479568481 1.4163403511047363
v -0.07038752734661102 -0.06761704385280609 0.8506523370742798
v 0.038086481392383575 -0.06706040352582932 0.8822633624076843
v 0.1381683647632599 -0.06190229207277298 0.7866819500923157
v 0.3777111768722534 -0.09706875681877136 1.2818975448608398
v -0.3522607386112213 -0.0995219349861145 1.3783774375915527
v -0.11969389021396637 -0.06608594208955765 0.8457043766975403
v -0.005748146213591099 -0.06628361344337463 0.8881701827049255
v 0.09334271401166916 -0.06312845647335052 0.7895827293395996
v 0.36415204405784607 -0.11465843766927719 1.4846690893173218
v -0.4110216498374939 -0.09541503340005875 1.3427027463912964
v -0.25979718565940857 -0.10192693769931793 1.4367039203643799
v -0.0839843824505806 -0.09489929676055908 1.5283515453338623
v 0.08777609467506409 -0.09717383980751038 1.5368173122406006
v 0.3488255441188812 -0.12685289978981018 1.81728196144104
v 0.4137324392795563 -0.09328754246234894 1.2887921333312988
v -0.32206568121910095 -0.09743249416351318 1.4000157117843628
v -0.09223373234272003 -0.06254003942012787 0.8535354733467102
v 0.017201438546180725 -0.06381545215845108 0.8890836834907532
v 0.11610645055770874 -0.057795703411102295 0.7915431261062622
v 0.4025798439979553 -0.10819317400455475 1.4808902740478516
v -0.38063809275627136 -0.09315714985132217 1.3618416786193848
v -0.22557559609413147 -0.09925389289855957 1.4599735736846924
v -0.027953963726758957 -0.06344443559646606 0.8885655999183655
v 0.0941261425614357 -0.0843958705663681 1.1019220352172852
v 0.328106552362442 -0.10829909145832062 1.4741982221603394
v -0.4389989674091339 -0.0902700200676918 1.3262996673583984
v -0.2909289002418518 -0.09549858421087265 1.4217427968978882
v -0.06908836960792542 -0.06103488430380821 0.8517069220542908
v 0.040472161024808884 -0.06109264865517616 0.8828153014183044
v 0.14179912209510803 -0.05581541731953621 0.7859159708023071
v 0.3814009130001068 -0.08861435949802399 1.2831497192382812
v -0.3501152992248535 -0.09096626192331314 1.3833253383636475
v -0.11511487513780594 -0.06005226448178291 0.8428671360015869
v -0.003316286252811551 -0.06042198836803436 0.8890893459320068
v 0.09457135200500488 -0.055240727961063385 0.7817606925964355
v 0.3643573224544525 -0.1017335057258606 1.4677343368530273
v -0.40858194231987 -0.08711745589971542 1.3465604782104492
v -0.2572060227394104 -0.09372691065073013 1.4428499937057495
v -0.07600796967744827 -0.07528968900442123 1.5474958419799805
v 0.08168787509202957 -0.06910879909992218 1.3551743030548096
v 0.29314446449279785 -0.1029379740357399 1.4917950630187988
v 0.41755589842796326 -0.08530756831169128 1.2873677015304565
v -0.3199385404586792 -0.08892715722322464 1.4051064252853394
v -0.08984009176492691 -0.05661851540207863 0.8535922765731812
v 0.019538702443242073 -0.057850539684295654 0.8889490365982056
v 0.11836661398410797 -0.05215121805667877 0.7945057153701782
v 0.40569883584976196 -0.09759017825126648 1.4788917303085327
v -0.3787396252155304 -0.08493440598249435 1.3669886589050293
v -0.22194567322731018 -0.09016911685466766 1.4662995338439941
v -0.02500649355351925 -0.05748004838824272 0.8898392915725708
v 0.09716758877038956 -0.06457286328077316 0.9781239032745361
v 0.3278570771217346 -0.09578835964202881 1.4580209255218506
v -0.43575525283813477 -0.08165542036294937 1.3296078443527222
v -0.288339227437973 -0.0870368555188179 1.427079439163208
v -0.06723051518201828 -0.05490776151418686 0.8535176515579224
v 0.04285268113017082 -0.054993391036987305 0.8833855986595154
v 0.14564266800880432 -0.049600884318351746 0.7852292060852051
v 0.3851388096809387 -0.08040821552276611 1.2838830947875977
v -0.3480026423931122 -0.08245716989040375 1.388349175453186
v -0.11094945669174194 -0.05375704914331436 0.8412681818008423
v -0.0008826181292533875 -0.054629843682050705 0.8901528716087341
v 0.09775154292583466 -0.048838723450899124 0.7845162153244019
v 0.3657996356487274 -0.09086812287569046 1.4615511894226074
v -0.40635982155799866 -0.07891695201396942 1.3514889478683472
v -0.25468939542770386 -0.08528472483158112 1.4487184286117554
v -0.05843241140246391 -0.05562775582075119 1.4867165088653564
v 0.07094983011484146 -0.05785592272877693 0.9884049892425537
v 0.29208603501319885 -0.08871278911828995 1.4534108638763428
v 0.4208703637123108 -0.07738092541694641 1.285517930984497
v -0.3178159296512604 -0.08040878921747208 1.410252571105957
v -0.0874505341053009 -0.05079655349254608 0.8540005087852478
v 0.021846989169716835 -0.05204829201102257 0.8885676264762878
v 0.12057463824748993 -0.04692821204662323 0.7959714531898499
v 0.4111446142196655 -0.08735908567905426 1.4838781356811523
v -0.3766059875488281 -0.07668871432542801 1.3724184036254883
v -0.21737554669380188 -0.080718494951725 1.472609281539917
v -0.022451309487223625 -0.05165950953960419 0.8908685445785522
v 0.09752561897039413 -0.05457635968923569 0.9577588438987732
v 0.328748881816864 -0.08462011814117432 1.4444735050201416
v -0.4330938458442688 -0.07336302101612091 1.3340694904327393
v -0.2857523560523987 -0.07844127714633942 1.4323927164077759
v -0.0651358887553215 -0.04893966764211655 0.8553647994995117
v 0.04532106593251228 -0.04917670041322708 0.8839759230613708
v 0.24263744056224823 -0.08234746754169464 1.4393141269683838
v 0.389245867729187 -0.0721505805850029 1.2848107814788818
v -0.34576719999313354 -0.0739130973815918 1.3934341669082642
v -0.10759124904870987 -0.04776407405734062 0.8411609530448914
v 0.0015554088167846203 -0.048952650278806686 0.8914242386817932
v 0.10018817335367203 -0.04341977462172508 0.7873359322547913
v 0.3708855211734772 -0.08028566092252731 1.4683836698532104
v -0.40435388684272766 -0.07075699418783188 1.356679916381836
v -0.2518337368965149 -0.07632754743099213 1.4548323154449463
v -0.04687937721610069 -0.046932417899370193 0.8929754495620728
v 0.07493434101343155 -0.04852882772684097 0.9616320729255676
v 0.29240575432777405 -0.07820893824100494 1.4323761463165283
v 0.42359450459480286 -0.06948773562908173 1.2832882404327393
v -0.31558850407600403 -0.07180484384298325 1.4153673648834229
v -0.08515721559524536 -0.045037735253572464 0.8549402952194214
v 0.02414560131728649 -0.04647251218557358 0.888291597366333
v 0.12249989062547684 -0.041735559701919556 0.7950907945632935
v 0.41618049144744873 -0.07803115993738174 1.487292766571045
v -0.37439578771591187 -0.06825053691864014 1.3773701190948486
v -0.21182511746883392 -0.07120902836322784 1.4784302711486816
v -0.01991671323776245 -0.04583476111292839 0.8920295238494873
v 0.07962041348218918 -0.0410333015024662 0.7795367240905762
v 0.3331278860569 -0.07496890425682068 1.4492061138153076
v -0.4308251142501831 -0.06503178924322128 1.3390109539031982
v -0.28320616483688354 -0.06965495645999908 1.437806248664856
v -0.06291583180427551 -0.04305494949221611 0.8567942380905151
v 0.04779019579291344 -0.04353485256433487 0.884850800037384
v 0.24747781455516815 -0.07028591632843018 1.4183183908462524
v 0.39335593581199646 -0.06395195424556732 1.286030650138855
v -0.3435284495353699 -0.0652768537402153 1.3985159397125244
v -0.10495369136333466 -0.04183080792427063 0.841871976852417
v 0.003945463802665472 -0.0434148795902729 0.8928097486495972
v 0.102567158639431 -0.03822234272956848 0.7903006672859192
v 0.37468189001083374 -0.0704856738448143 1.4712004661560059
v -0.4023360013961792 -0.06246509030461311 1.3616251945495605
v -0.2484389990568161 -0.06710710376501083 1.4614531993865967
v -0.04176031053066254 -0.04058419540524483 0.8946664333343506
v 0.06912775337696075 -0.04259118810296059 0.8438222408294678
v 0.29546013474464417 -0.06826989352703094 1.4303218126296997
v 0.42612341046333313 -0.06175952032208443 1.2809758186340332
v -0.31324663758277893 -0.06308279931545258 1.420600175857544
v -0.08296338468790054 -0.03931429982185364 0.8561042547225952
v 0.026468995958566666 -0.0408499613404274 0.8884130716323853
v 0.12423571944236755 -0.03633023798465729 0.7916609048843384
v 0.4159444272518158 -0.06797179579734802 1.4804368019104004
v -0.3719756305217743 -0.05949725955724716 1.3820264339447021
v -0.20666421949863434 -0.05841606855392456 1.4875288009643555
v -0.017528947442770004 -0.04001755267381668 0.8933329582214355
v 0.08265189081430435 -0.03520159050822258 0.782784104347229
v 0.33834585547447205 -0.06472999602556229 1.4583770036697388
v -0.4289882779121399 -0.05658910423517227 1.343885898590088
v -0.28081420063972473 -0.06076253578066826 1.4435784816741943
v -0.06077093258500099 -0.03716845065355301 0.8582736849784851
v 0.050058092921972275 -0.03805443271994591 0.8857616782188416
v 0.2526366114616394 -0.05959434434771538 1.4100854396820068
v 0.39713791012763977 -0.055653464049100876 1.2865639925003052
v -0.34123772382736206 -0.056572332978248596 1.4037505388259888
v -0.10265909135341644 -0.036079734563827515 0.8432894349098206
v 0.006158244796097279 -0.03781633451581001 0.894020676612854
v 0.1051139160990715 -0.03308432549238205 0.7933314442634583
v 0.37675514817237854 -0.061862219125032425 1.470278263092041
v -0.4002322852611542 -0.053811218589544296 1.3662163019180298
v -0.2445022016763687 -0.057339154183864594 1.4677436351776123
v -0.03912435099482536 -0.03569294512271881 0.8951352834701538
v 0.06858906894922256 -0.034566257148981094 0.8182083368301392
v 0.3007203936576843 -0.05829755589365959 1.4385732412338257
v 0.4287656247615814 -0.05395593121647835 1.2785365581512451
v -0.31079721450805664 -0.0543399453163147 1.426045298576355
v -0.08077353984117508 -0.033607032150030136 0.857506275177002
v 0.028604773804545403 -0.03529682010412216 0.8888601064682007
v 0.12577028572559357 -0.031088314950466156 0.7877915501594543
v 0.38023489713668823 -0.0529608391225338 1.3416205644607544
v -0.36951881647109985 -0.050496604293584824 1.386713981628418
v -0.13393481075763702 -0.041272345930337906 0.9083476066589355
v -0.015572876669466496 -0.03387387841939926 0.8946603536605835
v 0.08515743166208267 -0.02984238788485527 0.7859017252922058
v 0.3425959646701813 -0.0548330582678318 1.4636017084121704
v -0.4272209703922272 -0.047742635011672974 1.3489056825637817
v -0.2785787582397461 -0.05183328688144684 1.44971764087677
v -0.05868736281991005 -0.031377919018268585 0.8598896265029907
v 0.052062131464481354 -0.032413300126791 0.886184573173523
v 0.25910669565200806 -0.04989567771553993 1.4176744222640991
v 0.39999648928642273 -0.04729505255818367 1.286072015762329
v -0.3388974964618683 -0.047868575900793076 1.4091659784317017
v -0.10067466646432877 -0.030280493199825287 0.8450635671615601
v 0.008207603357732296 -0.03182423859834671 0.8947935700416565
v 0.10775770246982574 -0.02785162441432476 0.7966036796569824
v 0.3736996352672577 -0.052660319954156876 1.4548245668411255
v -0.3981087803840637 -0.04477296024560928 1.370589256286621
v -0.24039241671562195 -0.04770072177052498 1.4731838703155518
v -0.03628092631697655 -0.030092351138591766 0.8956497311592102
v 0.06544408947229385 -0.028264407068490982 0.7693196535110474
v 0.3072495758533478 -0.048284366726875305 1.4468836784362793
v 0.43162864446640015 -0.04505186900496483 1.2727603912353516
v -0.30838465690612793 -0.04557414725422859 1.4316426515579224
v -0.07858648151159286 -0.027882706373929977 0.8589681386947632
v 0.031125079840421677 -0.029885897412896156 0.8875738978385925
v 0.12774989008903503 -0.025974387302994728 0.7848490476608276
v 0.37961632013320923 -0.04287996515631676 1.328486680984497
v -0.36721912026405334 -0.04145144298672676 1.3916499614715576
v -0.12951357662677765 -0.03008265793323517 0.8975397348403931
v -0.011663124896585941 -0.027102956548333168 0.8209288120269775
v 0.08753778785467148 -0.024659961462020874 0.788611888885498
v 0.34331580996513367 -0.04659473896026611 1.4556281566619873
v -0.42550164461135864 -0.038733579218387604 1.3538789749145508
v -0.2765600085258484 -0.04286821931600571 1.4560441970825195
v -0.05664363130927086 -0.025725318118929863 0.8614155054092407
v 0.05378451943397522 -0.0263677928596735 0.8850104808807373
v 0.2644619643688202 -0.04072285443544388 1.4239639043807983
v 0.40197688341140747 -0.038765352219343185 1.283288836479187
v -0.33669427037239075 -0.03910520300269127 1.4146664142608643
v -0.09858439862728119 -0.02428271248936653 0.8475551605224609
v 0.009175936691462994 -0.02412952296435833 0.8196847438812256
v 0.11050435155630112 -0.022808784618973732 0.7997334003448486
v 0.34858807921409607 -0.03757435083389282 1.3273499011993408
v -0.3960341513156891 -0.03557300940155983 1.3749297857284546
v -0.2364480048418045 -0.03823517635464668 1.4797325134277344
v -0.03490452840924263 -0.02402009442448616 0.8899089694023132
v 0.06580572575330734 -0.022289514541625977 0.7576520442962646
v 0.30977994203567505 -0.040077269077301025 1.4413554668426514
v -0.45753204822540283 -0.03451855853199959 1.3338947296142578
v -0.30617204308509827 -0.03671562299132347 1.4374053478240967
v -0.07644431293010712 -0.02221602573990822 0.8605623245239258
v 0.029868174344301224 -0.02210712619125843 0.8153204917907715
v 0.13017021119594574 -0.020707206800580025 0.7833451628684998
v 0.3793337047100067 -0.034363266080617905 1.3184775114059448
v -0.3651805818080902 -0.03259997069835663 1.3967382907867432
v -0.12409079074859619 -0.02141556143760681 0.8807401657104492
v -0.009850754402577877 -0.020404085516929626 0.8056007623672485
v 0.09016190469264984 -0.019526608288288116 0.791432797908783
v 0.3409953713417053 -0.03718498721718788 1.4366929531097412
v -0.4238249659538269 -0.029781531542539597 1.358845591545105
v -0.27445629239082336 -0.03377510607242584 1.4622725248336792
v -0.05476128309965134 -0.020065363496541977 0.862704873085022
v 0.05520017445087433 -0.020004911348223686 0.8819063901901245
v 0.26745787262916565 -0.032020412385463715 1.4222004413604736
v 0.40129342675209045 -0.029995780438184738 1.2687976360321045
v -0.33467334508895874 -0.030435653403401375 1.4202098846435547
v -0.09636539965867996 -0.018545430153608322 0.850405216217041
v 0.011007275432348251 -0.018331753090023994 0.8071545362472534
v 0.11263500154018402 -0.017647212371230125 0.8001624345779419
v 0.3465396463871002 -0.027830224484205246 1.3055641651153564
v -0.3941166400909424 -0.026657436043024063 1.379549264907837
v -0.23157113790512085 -0.02800353802740574 1.4870131015777588
v -0.028995471075177193 -0.017397595569491386 0.8106838464736938
v 0.06765686720609665 -0.015581658110022545 0.7630629539489746
v 0.3096636235713959 -0.03124983049929142 1.4288959503173828
v -0.45184701681137085 -0.025034910067915916 1.342517614364624
v -0.3039930760860443 -0.027871333062648773 1.443351149559021
v -0.07437112182378769 -0.016591165214776993 0.8621923327445984
v 0.031734053045511246 -0.016041960567235947 0.8070202469825745
v 0.13304518163204193 -0.015473741106688976 0.7832081317901611
v 0.3785151243209839 -0.02459242008626461 1.3018985986709595
v -0.36335673928260803 -0.023988017812371254 1.4022669792175293
v -0.11767511069774628 -0.014456124044954777 0.8670256733894348
v -0.0076930648647248745 -0.014636092819273472 0.7986600399017334
v 0.09271977841854095 -0.014329532161355019 0.7946438789367676
v 0.3162996172904968 -0.024370914325118065 1.3082743883132935
v -0.4222290515899658 -0.021078042685985565 1.3638293743133545
v -0.27191808819770813 -0.024511858820915222 1.468022346496582
v -0.04896263778209686 -0.014031833037734032 0.8179211616516113
v 0.05659853667020798 -0.012264950200915337 0.8754831552505493
v 0.26975125074386597 -0.02329757809638977 1.4162191152572632
v 0.4039483070373535 -0.022579794749617577 1.2685272693634033
v -0.3326599597930908 -0.02186736837029457 1.425959587097168
v -0.0939084142446518 -0.012840152718126774 0.8528963327407837
v 0.01282914262264967 -0.012689083814620972 0.7991277575492859
v 0.11419728398323059 -0.012359313666820526 0.7974562644958496
v 0.34868305921554565 -0.019733808934688568 1.300704002380371
v -0.39239341020584106 -0.01802315190434456 1.384580373764038
v -0.22611603140830994 -0.017596784979104996 1.493665099143982
v -0.026704324409365654 -0.011453150771558285 0.8012158870697021
v 0.07011356204748154 -0.009906459599733353 0.7698403596878052
v 0.3084558844566345 -0.022234611213207245 1.4142040014266968
v -0.4496367275714874 -0.01616237871348858 1.3484089374542236
v -0.3018832802772522 -0.01901630312204361 1.4494264125823975
v -0.07237450778484344 -0.011032747104763985 0.8636970520019531
v 0.03361480310559273 -0.010293551720678806 0.8016529083251953
v 0.13712427020072937 -0.01045132800936699 0.7840884327888489
v 0.3795652985572815 -0.015298664569854736 1.292875051498413
v -0.3615027368068695 -0.015532044693827629 1.4081544876098633
v -0.11533524841070175 -0.008122552186250687 0.8448675870895386
v -0.005573831032961607 -0.009157613851130009 0.7940009236335754
v 0.09519055485725403 -0.009166639298200607 0.7981383800506592
v 0.31981924176216125 -0.015627698972821236 1.3138175010681152
v -0.42065703868865967 -0.0125563470646739 1.36875319480896
v -0.26821017265319824 -0.01482241041958332 1.4736976623535156
v -0.04657699540257454 -0.008044996298849583 0.8091572523117065
v 0.05142693966627121 -0.008151328191161156 0.7525637149810791
v 0.2707827687263489 -0.014688510447740555 1.403313398361206
v 0.41274797916412354 -0.010774502530694008 1.287643313407898
v -0.33054235577583313 -0.013265959918498993 1.4319554567337036
v -0.09164737910032272 -0.007204744499176741 0.8547101020812988
v 0.014786427840590477 -0.007478977553546429 0.7937219738960266
v 0.1156245693564415 -0.007137878332287073 0.7946691513061523
v 0.3542220890522003 -0.010463560000061989 1.312991738319397
v -0.39077115058898926 -0.009573286399245262 1.3900272846221924
v -0.2196095585823059 -0.005435065366327763 1.50056791305542
v -0.023900046944618225 -0.006009547505527735 0.7926117777824402
v 0.07546255737543106 -0.005982191767543554 0.7861768007278442
v 0.30549073219299316 -0.01179584115743637 1.395310401916504
v -0.44788092374801636 -0.007302901707589626 1.3535915613174438
v -0.29977914690971375 -0.010047322139143944 1.455263376235962
v -0.07055938988924026 -0.00549974013119936 0.8652117252349854
v 0.03558328375220299 -0.005098163615912199 0.7955438494682312
v 0.14181724190711975 -0.0052561271004378796 0.7859034538269043
v 0.3849746286869049 -0.00662958575412631 1.2984237670898438
v -0.35952228307724 -0.007017139811068773 1.4143126010894775
v -0.1122240200638771 -0.0020152353681623936 0.8442980647087097
v -0.003442860208451748 -0.003864944912493229 0.7904495000839233
v 0.09775015711784363 -0.004105790983885527 0.8019014000892639
v 0.3251244127750397 -0.00612977659329772 1.3224306106567383
v -0.4191459119319916 -0.004179989453405142 1.3736767768859863
v -0.2634079158306122 -0.004832458682358265 1.480067491531372
v -0.044185277074575424 -0.002787505043670535 0.8045269250869751
v 0.05390804633498192 -0.0025302304420620203 0.7557408213615417
v 0.27051860094070435 -0.005430958233773708 1.3850064277648926
v 0.4159136116504669 -0.0030735062900930643 1.2864011526107788
v -0.3285491168498993 -0.0043505653738975525 1.437866449356079
v -0.08952488750219345 -0.0015042402083054185 0.8563348054885864
v 0.016903838142752647 -0.0020326722878962755 0.7891565561294556
v 0.11736692488193512 -0.0020523176062852144 0.7931517362594604
v 0.35657259821891785 -0.003027478000149131 1.3091845512390137
v -0.3890109658241272 -0.001027673133648932 1.3958624601364136
v -0.12619702517986298 -0.009546693414449692 0.7537920475006104
v -0.02171543799340725 -0.0006142971105873585 0.7883005142211914
v 0.07846207171678543 -0.0007232210482470691 0.7932151556015015
v 0.297377347946167 -0.0011937370290979743 1.3433852195739746
v -0.4465499222278595 0.001220248406752944 1.3580403327941895
v -0.2968938648700714 -0.00037629902362823486 1.4610037803649902
v -0.06897815316915512 -1.1229019037273247e-05 0.8659624457359314
v 0.03718681260943413 0.0003805195156019181 0.7864922881126404
v 0.21104149520397186 -0.0016929861158132553 1.3325539827346802
v 0.38845306634902954 0.0007661226554773748 1.2970768213272095
v -0.35750624537467957 0.0017272605327889323 1.4201589822769165
v -0.09841786324977875 -0.0016423366032540798 0.7587499022483826
v -0.0014245533384382725 0.0013590918388217688 0.7864700555801392
v 0.10012175142765045 0.0009983188938349485 0.8045232892036438
v 0.3280923664569855 0.0029740233439952135 1.3263872861862183
v -0.41742292046546936 0.004210795741528273 1.3787139654159546
v -0.2579200863838196 0.00489156786352396 1.4854153394699097
v -0.04176656901836395 0.002332463162019849 0.7989184260368347
v 0.056022901087999344 0.002312273718416691 0.7583653926849365
v 0.269893616437912 0.004577978048473597 1.3647409677505493
v 0.41872069239616394 0.0038085568230599165 1.2812937498092651
v -0.32617607712745667 0.005142768379300833 1.4437100887298584
v -0.08713460713624954 0.004360543098300695 0.8570041060447693
v 0.018877489492297173 0.003566296771168709 0.7831882834434509
v 0.11927542090415955 0.002887054579332471 0.7919893860816956
v 0.3579540252685547 0.004489234182983637 1.3007912635803223
v -0.38684356212615967 0.007665649522095919 1.4018442630767822
v -0.12196190655231476 0.0008718454046174884 0.7570015788078308
v -0.01995229162275791 0.004174474161118269 0.7865651249885559
v 0.0814916342496872 0.004246612545102835 0.7981333136558533
v 0.2968181371688843 0.01046219002455473 1.3218361139297485
v -0.4452163279056549 0.009602024219930172 1.3627665042877197
v -0.29247915744781494 0.009603391401469707 1.4676896333694458
v -0.06621214747428894 0.005986036732792854 0.8586952686309814
v 0.038468874990940094 0.005398775450885296 0.7834081053733826
v 0.20409762859344482 0.009142567403614521 1.2221801280975342
v 0.39100226759910583 0.007853207178413868 1.293403148651123
v -0.3554064631462097 0.011164284311234951 1.425781011581421
v -0.09700660407543182 0.005965687800198793 0.7639155983924866
v 0.0010130616137757897 0.006616841536015272 0.7801147103309631
v 0.10220087319612503 0.006079989485442638 0.8042089939117432
v 0.33108803629875183 0.01600220799446106 1.3214046955108643
v -0.41555869579315186 0.012738415040075779 1.384152889251709
v -0.25192973017692566 0.016918396577239037 1.4935932159423828
v -0.038894619792699814 0.007876656949520111 0.7905956506729126
v 0.05817412585020065 0.00720487255603075 0.7609608769416809
v 0.2634114623069763 0.017308227717876434 1.3037775754928589
v 0.4210658371448517 0.011043420061469078 1.2767364978790283
v -0.3231947720050812 0.015368037857115269 1.4496986865997314
v -0.08364272117614746 0.00969739630818367 0.8538965582847595
v 0.020769720897078514 0.00846152938902378 0.7807347774505615
v 0.12134325504302979 0.00781827699393034 0.7911807298660278
v 0.3590727746486664 0.012621460482478142 1.2958214282989502
v -0.38460633158683777 0.01693221740424633 1.4076199531555176
v -0.11994896829128265 0.008311755023896694 0.7675236463546753
v -0.017003051936626434 0.009570841677486897 0.7772645950317383
v 0.08383648842573166 0.009332648478448391 0.8020315766334534
v 0.18743987381458282 0.004381138831377029 0.8184537887573242
v -0.4438522458076477 0.018083084374666214 1.3679059743881226
v -0.28858572244644165 0.02088855765759945 1.4732011556625366
v -0.05780497193336487 0.011303066276013851 0.7991171479225159
v 0.039693109691143036 0.009879649616777897 0.7810990810394287
v 0.1849364936351776 0.014907867647707462 1.0730277299880981
v 0.39206936955451965 0.015495373867452145 1.2847517728805542
v -0.3525727391242981 0.021100975573062897 1.4314393997192383
v -0.09548692405223846 0.011312808841466904 0.7687578201293945
v 0.002957353601232171 0.011596948839724064 0.7783795595169067
v 0.10384632647037506 0.01127430610358715 0.8021095991134644
v 0.2177167683839798 0.003787684952840209 0.8395510911941528
v -0.41339313983917236 0.021892515942454338 1.390275001525879
v -0.19305366277694702 0.01024919655174017 1.1243537664413452
v -0.03659622743725777 0.012810192070901394 0.7870011329650879
v 0.060349587351083755 0.012036354281008244 0.7634586095809937
v 0.16828350722789764 0.006957888603210449 0.8123465180397034
v 0.42335259914398193 0.01851622946560383 1.2717809677124023
v -0.3205603361129761 0.026084227487444878 1.455228567123413
v -0.07433559745550156 0.012605373747646809 0.7707462310791016
v 0.022622644901275635 0.01331615261733532 0.7788693904876709
v 0.12347132712602615 0.012762024998664856 0.7910166382789612
v 0.359163761138916 0.02190864086151123 1.2872847318649292
v -0.38159725069999695 0.027001898735761642 1.413090467453003
v -0.11786650121212006 0.01395199541002512 0.7774684429168701
v -0.015051410533487797 0.014534467831254005 0.7744414210319519
v 0.08590458333492279 0.0148027827963233 0.8056228756904602
v 0.1861191987991333 0.011518402956426144 0.7969702482223511
v -0.4421772360801697 0.027016393840312958 1.373295783996582
v -0.2175454944372177 0.015587425790727139 1.111127495765686
v -0.05531443655490875 0.016271380707621574 0.7921081781387329
v 0.04272669926285744 0.015116514638066292 0.7625734806060791
v 0.15141671895980835 0.011092385277152061 0.834832489490509
v 0.3924064040184021 0.023348867893218994 1.2732281684875488
v -0.34943026304244995 0.03151601925492287 1.4368064403533936
v -0.09395492821931839 0.016336988657712936 0.7737540006637573
v 0.0048353224992752075 0.016610873863101006 0.7780236005783081
v 0.10562364757061005 0.016465339809656143 0.8003844022750854
v 0.21339106559753418 0.014607971534132957 0.8140829801559448
v -0.41049110889434814 0.03176131844520569 1.3957730531692505
v -0.18465512990951538 0.021365562453866005 1.0991162061691284
v -0.03436341881752014 0.01778184436261654 0.7851079702377319
v 0.06240777298808098 0.016766628250479698 0.7661497592926025
v 0.16864916682243347 0.016150854527950287 0.8058934211730957
v 0.4280359148979187 0.027438033372163773 1.2729041576385498
v -0.3175562918186188 0.03859889879822731 1.4582377672195435
v -0.07284891605377197 0.018377656117081642 0.773598313331604
v 0.024421459063887596 0.01830403320491314 0.7743147015571594
v 0.12591232359409332 0.017935356125235558 0.7910028696060181
v 0.3589418828487396 0.03177005797624588 1.2751199007034302
v -0.3777489960193634 0.03731314465403557 1.4190864562988281
v -0.1158355176448822 0.01940271258354187 0.7879242897033691
v -0.013154000975191593 0.019555341452360153 0.7743992805480957
v 0.0881521999835968 0.020123599097132683 0.808545708656311
v 0.18880008161067963 0.018548177555203438 0.8003073334693909
v -0.44005364179611206 0.036642398685216904 1.3788115978240967
v -0.21121959388256073 0.024793945252895355 1.09584379196167
v -0.05303990840911865 0.02123323827981949 0.7888809442520142
v 0.04464370012283325 0.020193304866552353 0.7640458941459656
v 0.15305104851722717 0.019145512953400612 0.8317181468009949
v 0.3931659162044525 0.031786758452653885 1.2693079710006714
v -0.3464656174182892 0.04363864287734032 1.4409244060516357
v -0.09212999790906906 0.0214601531624794 0.778586208820343
v 0.006824398413300514 0.021555567160248756 0.7745047807693481
v 0.10748903453350067 0.02160562574863434 0.7994318008422852
v 0.21245035529136658 0.0203211959451437 0.7991005182266235
v -0.4071873426437378 0.04235200956463814 1.4006813764572144
v -0.18079085648059845 0.029639482498168945 1.0881338119506836
v -0.031929176300764084 0.022658858448266983 0.7837042808532715
v 0.06446857750415802 0.021545210853219032 0.7692407369613647
v 0.17080147564411163 0.022568317130208015 0.8077548742294312
v 0.4333968758583069 0.035378776490688324 1.268615484237671
v -0.23392866551876068 0.029393883422017097 1.0836762189865112
v -0.07107102125883102 0.02391519956290722 0.7767213582992554
v 0.026156175881624222 0.023344336077570915 0.7694921493530273
v 0.12890084087848663 0.023283816874027252 0.7918910384178162
v 0.24810926616191864 0.022496920078992844 0.8246335387229919
v -0.37554478645324707 0.04897446930408478 1.4237687587738037
v -0.14536923170089722 0.032856956124305725 1.1067982912063599
v -0.011258676648139954 0.02465553767979145 0.7750352621078491
v 0.09014714509248734 0.025291750207543373 0.8085793256759644
v 0.19215644896030426 0.02471940405666828 0.8054018020629883
v -0.4371826946735382 0.04695475101470947 1.3844252824783325
v -0.20500245690345764 0.033132441341876984 1.079790472984314
v -0.05083151161670685 0.025985926389694214 0.7867999076843262
v 0.04593948647379875 0.02508312463760376 0.7651432752609253
v 0.1542547345161438 0.025597434490919113 0.8275788426399231
v 0.39307889342308044 0.040432460606098175 1.2624108791351318
v -0.2573104202747345 0.03290645778179169 1.0761933326721191
v -0.09021248668432236 0.026663605123758316 0.7829029560089111
v 0.008729265071451664 0.026645323261618614 0.7686805725097656
v 0.10928861051797867 0.026756370440125465 0.7983449697494507
v 0.21668557822704315 0.026689650490880013 0.8071866631507874
v -0.4044128656387329 0.05377018451690674 1.4047282934188843
v -0.17741359770298004 0.03806675598025322 1.0894975662231445
v -0.0296458899974823 0.027490034699440002 0.780133068561554
v 0.062422946095466614 0.025217730551958084 0.7183212637901306
v 0.1733541339635849 0.028299270197749138 0.8105000257492065
v -0.47494998574256897 0.047640178352594376 1.3518612384796143
v -0.22764573991298676 0.037175800651311874 1.0682123899459839
v -0.06923403590917587 0.029201269149780273 0.7798612117767334
v 0.028014322742819786 0.02817164547741413 0.7675826549530029
v 0.1375405341386795 0.03061499074101448 0.8439265489578247
v 0.24996304512023926 0.028545180335640907 0.8136131167411804
v -0.28013667464256287 0.036617349833250046 1.0691596269607544
v -0.1425902247428894 0.042725540697574615 1.1182633638381958
v -0.009272954426705837 0.02980782464146614 0.7755361795425415
v 0.09200981259346008 0.030573397874832153 0.807373046875
v 0.19598406553268433 0.03101767972111702 0.8125605583190918
v -0.43460434675216675 0.05825620889663696 1.3885889053344727
v -0.20131510496139526 0.0410941056907177 1.0782113075256348
v -0.04887520894408226 0.031053703278303146 0.7868427634239197
v 0.047136422246694565 0.029959537088871002 0.7658469080924988
v 0.15404605865478516 0.03112860396504402 0.8102118372917175
v 0.3367217183113098 0.03822549805045128 1.0561827421188354
v -0.2505226135253906 0.041456401348114014 1.0610910654067993
v -0.08822908252477646 0.03202132135629654 0.7869746088981628
v 0.01038335356861353 0.031450673937797546 0.7659423351287842
v 0.111135333776474 0.031978994607925415 0.7970641255378723
v 0.22305001318454742 0.03365025669336319 0.8195679187774658
v -0.30531156063079834 0.04066357761621475 1.064131498336792
v -0.17397207021713257 0.04742848873138428 1.0942214727401733
v -0.02726852521300316 0.03236224129796028 0.7736243605613708
v 0.06415621936321259 0.02996048517525196 0.7171720862388611
v 0.17615444958209991 0.03419928997755051 0.8142447471618652
v -0.4669986665248871 0.06397943943738937 1.363877296447754
v -0.22411340475082397 0.044711530208587646 1.0654488801956177
v -0.06734177470207214 0.034442830830812454 0.782787561416626
v 0.030093520879745483 0.03301560506224632 0.7675855755805969
v 0.13491909205913544 0.03381042927503586 0.8103252649307251
v 0.30604323744773865 0.04263349249958992 1.048899531364441
v -0.27356570959091187 0.045064542442560196 1.0544981956481934
v -0.13571974635124207 0.055520012974739075 1.1343441009521484
v -0.007235108409076929 0.034747153520584106 0.7741128206253052
v 0.09382697194814682 0.035939060151576996 0.8058256506919861
v 0.20059898495674133 0.03816113993525505 0.8230721354484558
v -0.3288906216621399 0.0421968437731266 1.053740382194519
v -0.1985098272562027 0.05058909207582474 1.0828169584274292
v -0.046703822910785675 0.03613581508398056 0.7849116921424866
v 0.04805046319961548 0.033586371690034866 0.7216286063194275
v 0.15611325204372406 0.0367567203938961 0.8117421269416809
v 0.33233344554901123 0.0451534278690815 1.0371888875961304
v -0.24592618644237518 0.0487186536192894 1.0544520616531372
v -0.08637147396802902 0.03750406578183174 0.7910115718841553
v 0.01214735396206379 0.03637932613492012 0.7650991082191467
v 0.11294607073068619 0.037364937365055084 0.7954123020172119
v 0.2823234796524048 0.047710977494716644 1.054075837135315
v -0.2975635528564453 0.04905116558074951 1.0472270250320435
v -0.131778284907341 0.0324525386095047 0.8231775164604187
v -0.024717558175325394 0.03708113357424736 0.770880401134491
v 0.06611007452011108 0.034754350781440735 0.7166569232940674
v 0.17934279143810272 0.040346186608076096 0.8198578357696533
v -0.46232306957244873 0.08034222573041916 1.3614071607589722
v -0.22177723050117493 0.05280907824635506 1.069237470626831
v -0.06556124985218048 0.03964206203818321 0.7857921719551086
v 0.02974984608590603 0.03388461843132973 0.7113222479820251
v 0.13666974008083344 0.03995771333575249 0.8094756007194519
v 0.3065873682498932 0.05078514665365219 1.039649486541748
v -0.268368124961853 0.05245409533381462 1.0451021194458008
v -0.10750219225883484 0.038420941680669785 0.8202299475669861
v -0.005236076191067696 0.03970015048980713 0.7722134590148926
v 0.09550493955612183 0.041292764246463776 0.80422043800354
v 0.2618229389190674 0.05084449052810669 1.0730119943618774
v -0.31973153352737427 0.051683418452739716 1.0377715826034546
v -0.15366686880588531 0.03592284768819809 0.8202918171882629
v -0.04429927095770836 0.04107588529586792 0.7799168229103088
v 0.049423351883888245 0.03844885528087616 0.7194128036499023
v 0.15899142622947693 0.04219285771250725 0.8141193389892578
v 0.3305869400501251 0.052445657551288605 1.0241234302520752
v -0.2437899112701416 0.056091997772455215 1.057414174079895
v -0.08425956964492798 0.04289770871400833 0.7948036193847656
v 0.014007093384861946 0.04157743230462074 0.7653689980506897
v 0.11853283643722534 0.045269157737493515 0.8221717476844788
v 0.28518494963645935 0.05640200898051262 1.0553852319717407
v -0.2906724512577057 0.05606188625097275 1.0344879627227783
v -0.1298125833272934 0.04255301505327225 0.8240339159965515
v -0.022219741716980934 0.04209362342953682 0.7691099047660828
v 0.0688784122467041 0.039190638810396194 0.7171411514282227
v 0.18304765224456787 0.048131197690963745 0.8295895457267761
v -0.34499847888946533 0.056778330355882645 1.0293866395950317
v -0.21904335916042328 0.06087753176689148 1.073499083518982
v -0.06364677846431732 0.04481017217040062 0.7892603278160095
v 0.03192618489265442 0.041162390261888504 0.7158994078636169
v 0.13823018968105316 0.04518800228834152 0.8115051984786987
v 0.3090062737464905 0.05829865112900734 1.0377614498138428
v -0.2660118043422699 0.05970340967178345 1.0462448596954346
v -0.10558110475540161 0.04650583118200302 0.8191734552383423
v -0.0032955913338810205 0.04481010511517525 0.7713214159011841
v 0.09698756039142609 0.04648576304316521 0.8022826313972473
v 0.2634371519088745 0.06054769456386566 1.0723609924316406
v -0.31213274598121643 0.05905775725841522 1.0237128734588623
v -0.15124496817588806 0.045802388340234756 0.8227168321609497
v -0.042538274079561234 0.045901767909526825 0.7776240110397339
v 0.05169687792658806 0.043629806488752365 0.722637951374054
v 0.15157979726791382 0.04465404897928238 0.7663516402244568
v 0.33167824149131775 0.05914932116866112 1.0176259279251099
v -0.24187566339969635 0.06343520432710648 1.0610560178756714
v -0.08231152594089508 0.04833725467324257 0.7982999682426453
v 0.015371611341834068 0.046738505363464355 0.7660768628120422
v 0.11961119621992111 0.048760589212179184 0.8142514824867249
v 0.288494735956192 0.06400327384471893 1.0553169250488281
v -0.28755587339401245 0.06323946267366409 1.034198522567749
v -0.12804687023162842 0.049444906413555145 0.825667142868042
v -0.01988183706998825 0.046890001744031906 0.765275239944458
v 0.07154284417629242 0.044089820235967636 0.7189198732376099
v 0.22201035916805267 0.06796679645776749 1.0897873640060425
v -0.33421996235847473 0.06331299990415573 1.0142024755477905
v -0.21617618203163147 0.06846056133508682 1.0745848417282104
v -0.06193268299102783 0.050244949758052826 0.792742133140564
v 0.034228742122650146 0.04627493768930435 0.7213500738143921
v 0.13548903167247772 0.04909496754407883 0.7791923880577087
v 0.3116054832935333 0.06538638472557068 1.037935733795166
v -0.2638920247554779 0.06683345139026642 1.0490303039550781
v -0.10203510522842407 0.052010197192430496 0.8095399737358093
v -0.0011905416613444686 0.049768801778554916 0.7696971893310547
v 0.09855865687131882 0.05173986032605171 0.799909770488739
v 0.26668262481689453 0.06847725808620453 1.071183204650879
v -0.3079777657985687 0.0663655698299408 1.020081639289856
v -0.1486988216638565 0.0524817518889904 0.8242641091346741
v -0.041031282395124435 0.050811491906642914 0.773857057094574
v 0.05394642800092697 0.04847726598381996 0.7291440963745117
v 0.1527644544839859 0.05004195496439934 0.7618757486343384
v 0.33447447419166565 0.06635012477636337 1.016930103302002
v -0.23976150155067444 0.07041769474744797 1.0627549886703491
v -0.0807105079293251 0.053934868425130844 0.8015997409820557
v 0.01748710870742798 0.048713549971580505 0.7233810424804688
v 0.11810007691383362 0.05308673158288002 0.7843982577323914
v 0.2912752330303192 0.07099872827529907 1.0551354885101318
v -0.28562742471694946 0.07047675549983978 1.0373516082763672
v -0.1263493150472641 0.055210553109645844 0.8268375992774963
v -0.01846497878432274 0.05158347263932228 0.7447611093521118
v 0.07424874603748322 0.04947365075349808 0.7231723666191101
v 0.23291684687137604 0.07724902778863907 1.081390619277954
v -0.32857850193977356 0.06994295865297318 1.007232427597046
v -0.1756848841905594 0.05539873614907265 0.820544421672821
v -0.060260213911533356 0.055587038397789 0.7956010103225708
v 0.036549944430589676 0.05143691226840019 0.7267240285873413
v 0.1362275630235672 0.05410989746451378 0.7723197937011719
v 0.314263254404068 0.07219363003969193 1.0380425453186035
v -0.2606365382671356 0.07361720502376556 1.0454503297805786
v -0.09960715472698212 0.05609608069062233 0.8004773855209351
v 0.0009157470776699483 0.05490421503782272 0.7696694731712341
v 0.10179056227207184 0.05899045243859291 0.8122551441192627
v 0.268998920917511 0.07498680055141449 1.0681427717208862
v -0.3060707449913025 0.07362926006317139 1.0230753421783447
v -0.14606469869613647 0.05838896334171295 0.8241605758666992
v -0.03650207817554474 0.05489954724907875 0.7564311027526855
v 0.0562174916267395 0.053463585674762726 0.7337218523025513
v 0.15440192818641663 0.05498869717121124 0.7587352395057678
v 0.3370685279369354 0.07340146601200104 1.0163931846618652
v -0.2359950691461563 0.07689418643712997 1.0559580326080322
v -0.07982030510902405 0.06006238982081413 0.8071134090423584
v 0.019778002053499222 0.05426160991191864 0.7287363409996033
v 0.11945980042219162 0.05795770138502121 0.7819307446479797
v 0.2935132086277008 0.07727154344320297 1.0535238981246948
v -0.2832059860229492 0.0773247554898262 1.0383743047714233
v -0.1249251589179039 0.06074347719550133 0.8275974988937378
v -0.016715195029973984 0.056387998163700104 0.7493804097175598
v 0.08339139074087143 0.06339895725250244 0.8224666118621826
v 0.17440606653690338 0.05354970693588257 0.7491689920425415
v -0.32596153020858765 0.07683482021093369 1.009639859199524
v -0.17097093164920807 0.06220443919301033 0.8178613185882568
v -0.05861558020114899 0.061272069811820984 0.7981760501861572
v 0.038816168904304504 0.05666280910372734 0.7326402068138123
v 0.1372973471879959 0.058842677623033524 0.7653830051422119
v 0.31687432527542114 0.07895255088806152 1.0376769304275513
v -0.2565508186817169 0.07963480800390244 1.0404679775238037
v -0.0971420630812645 0.06072084978222847 0.796510636806488
v 0.002976121148094535 0.05981159955263138 0.7706989645957947
v 0.10265658050775528 0.062456224113702774 0.7893484234809875
v 0.2691541910171509 0.08157172054052353 1.0568584203720093
v -0.30414560437202454 0.08048126846551895 1.0259170532226562
v -0.14325515925884247 0.06401806324720383 0.8233292102813721
v -0.03488326072692871 0.06017705798149109 0.7608256936073303
v 0.058214664459228516 0.0584862194955349 0.7370942234992981
v 0.1562356948852539 0.05981764569878578 0.756236732006073
v 0.33956971764564514 0.08029390126466751 1.0157437324523926
v -0.2310761958360672 0.08315147459506989 1.0445594787597656
v -0.07784876972436905 0.06504269689321518 0.8087522387504578
v 0.02183774672448635 0.05930783599615097 0.7343169450759888
v 0.12077346444129944 0.0629725381731987 0.7787478566169739
v 0.2946782112121582 0.08284079283475876 1.047287940979004
v -0.2801113724708557 0.0835932046175003 1.035559058189392
v -0.11164479702711105 0.06043905019760132 0.7580983638763428
v -0.014910087920725346 0.06155123561620712 0.7543162703514099
v 0.08495326340198517 0.06722816824913025 0.8148099780082703
v 0.17517398297786713 0.05973924696445465 0.7459286451339722
v -0.32365933060646057 0.08335315436124802 1.0121692419052124
v -0.19601105153560638 0.08637504279613495 1.045234203338623
v -0.05666470527648926 0.0668070986866951 0.800085723400116
v 0.041118111461400986 0.0620034895837307 0.7395709753036499
v 0.13838589191436768 0.0635070651769638 0.7613371014595032
v 0.3192937672138214 0.08520966023206711 1.0359556674957275
v -0.2527320683002472 0.085573211312294 1.0362567901611328
v -0.09494104981422424 0.06568829715251923 0.7927016615867615
v 0.004636683035641909 0.06509894877672195 0.7722232341766357
v 0.10331346839666367 0.06663180142641068 0.7841039896011353
v 0.26788389682769775 0.08695328235626221 1.0411179065704346
v -0.30197763442993164 0.08679983019828796 1.027016520500183
v -0.14016371965408325 0.06959336996078491 0.820094108581543
v -0.03347824886441231 0.06612339615821838 0.7669585943222046
v 0.060364462435245514 0.06385467946529388 0.7417875528335571
v 0.15788955986499786 0.0646175667643547 0.75385582447052
v 0.34214189648628235 0.0868447870016098 1.014603614807129
v -0.2255738228559494 0.08924674987792969 1.0320521593093872
v -0.06636130809783936 0.05976348742842674 0.7044808864593506
v 0.024019356817007065 0.06456174701452255 0.740623950958252
v 0.12199508398771286 0.06780537217855453 0.7742727994918823
v 0.29426565766334534 0.08847886323928833 1.035058617591858
v -0.2761211097240448 0.08954283595085144 1.0284970998764038
v -0.10819049924612045 0.06471061706542969 0.744030237197876
v -0.012994390912353992 0.06691527366638184 0.7595568299293518
v 0.08630010485649109 0.0714692771434784 0.8077679872512817
v 0.17647340893745422 0.06497862190008163 0.7437319159507751
v -0.3215023875236511 0.08956586569547653 1.0138801336288452
v -0.19051600992679596 0.0926520973443985 1.0314561128616333
v -0.04864075407385826 0.06229361891746521 0.7149698734283447
v 0.043529171496629715 0.06754263490438461 0.7476631999015808
v 0.13990244269371033 0.06839301437139511 0.7592122554779053
v 0.32019975781440735 0.09083008021116257 1.0294796228408813
v -0.2472185492515564 0.0922052189707756 1.0214595794677734
v -0.08298464864492416 0.06364203244447708 0.7010395526885986
v 0.006224479991942644 0.0704885870218277 0.7752419114112854
v 0.10479079931974411 0.07139825820922852 0.78147292137146
v 0.2673211991786957 0.09186402708292007 1.0292586088180542
v -0.2980956733226776 0.09270784258842468 1.0217550992965698
v -0.13730363547801971 0.07571620494127274 0.8173409700393677
v -0.0318053662776947 0.07141788303852081 0.7725937962532043
v 0.06270614266395569 0.06942577660083771 0.747467041015625
v 0.15960904955863953 0.06925826519727707 0.7513400316238403
v 0.34531962871551514 0.09296837449073792 1.0128328800201416
v -0.2199314534664154 0.0949016585946083 1.019937515258789
v -0.06507465243339539 0.06611569970846176 0.7125557065010071
v 0.026279684156179428 0.07002892345190048 0.7477536201477051
v 0.12329497933387756 0.07242564111948013 0.768488883972168
v 0.29341164231300354 0.09396832436323166 1.023007869720459
v -0.2709089517593384 0.09536605328321457 1.0171728134155273
v -0.10170035809278488 0.06871344894170761 0.7148579359054565
v -0.011073081754148006 0.07251079380512238 0.765183687210083
v 0.08777230978012085 0.0751192644238472 0.7876647114753723
v 0.1780199259519577 0.0697731152176857 0.742121696472168
v -0.31822407245635986 0.09554512798786163 1.0115563869476318
v -0.1597999483346939 0.07763709127902985 0.8364694118499756
v -0.0472053661942482 0.06921536475419998 0.7226160764694214
v 0.04589240998029709 0.07317260652780533 0.7554469108581543
v 0.14161773025989532 0.07315084338188171 0.757051408290863
v 0.31960800290107727 0.09648855775594711 1.0184326171875
v -0.24185027182102203 0.098226398229599 1.0100486278533936
v -0.08205504715442657 0.06928011775016785 0.7099023461341858
v 0.007832322269678116 0.07496614009141922 0.7731461524963379
v 0.10631586611270905 0.07616512477397919 0.7784789204597473
v 0.2671251595020294 0.09673694521188736 1.0170444250106812
v -0.292449951171875 0.09856655448675156 1.0097026824951172
v -0.13567344844341278 0.08322419226169586 0.8289663791656494
v -0.027942420914769173 0.07341581583023071 0.7359521389007568
v 0.0657070204615593 0.07507992535829544 0.7553324103355408
v 0.16131089627742767 0.07390905171632767 0.748779296875
v -0.34096482396125793 0.09843442589044571 0.9945877194404602
v -0.21557672321796417 0.09922463446855545 1.0057674646377563
v -0.06415899842977524 0.071801096200943 0.7214134335517883
v 0.028560776263475418 0.07552731037139893 0.7555766105651855
v 0.12472104281187057 0.07698168605566025 0.7635775208473206
v 0.2926502227783203 0.09916499257087708 1.0113890171051025
v -0.2643297016620636 0.1010315790772438 1.0026427507400513
v -0.09870118647813797 0.07212328165769577 0.7082180976867676
v -0.008970994502305984 0.07803723216056824 0.7704088687896729
v 0.08924093842506409 0.0797673836350441 0.7843800783157349
v 0.17942489683628082 0.07453212141990662 0.7392013072967529
v -0.31222784519195557 0.10166506469249725 0.9998401403427124
v -0.15702927112579346 0.08419938385486603 0.8292799592018127
v -0.04572874307632446 0.07507777214050293 0.731867790222168
v 0.04827229678630829 0.07903386652469635 0.7626742720603943
v 0.14334207773208618 0.07779169082641602 0.7546113729476929
v 0.31815314292907715 0.10176295787096024 1.005455493927002
v -0.23655852675437927 0.10339692234992981 0.9957619905471802
v -0.08126847445964813 0.0750960111618042 0.7201864123344421
v 0.01125936210155487 0.0789479911327362 0.7570508718490601
v 0.10797971487045288 0.08095530420541763 0.7746751308441162
v 0.26588377356529236 0.1017996147274971 1.0019866228103638
v -0.28667381405830383 0.10384833067655563 0.9972577095031738
v -0.13419875502586365 0.08819088339805603 0.8272294998168945
v -0.02659030631184578 0.07865624129772186 0.7422759532928467
v 0.07008697092533112 0.08159317821264267 0.7786102294921875
v 0.16281917691230774 0.07857830822467804 0.7459523677825928
v -0.332910418510437 0.10389337688684464 0.9875892996788025
v -0.17586807906627655 0.0868559256196022 0.8289046883583069
v -0.06294699758291245 0.07778952270746231 0.7313361167907715
v 0.0309143103659153 0.08144138753414154 0.7650438547134399
v 0.12633727490901947 0.08162020146846771 0.7606369853019714
v 0.29093968868255615 0.10445627570152283 0.9959739446640015
v -0.2581952214241028 0.1064455509185791 0.9898717403411865
v -0.09788782894611359 0.07779669016599655 0.7177993059158325
v -0.0067668999545276165 0.0832516998052597 0.7746666073799133
v 0.09104376286268234 0.08464474976062775 0.7829780578613281
v 0.1807951182126999 0.07953210920095444 0.7345778942108154
v -0.30589810013771057 0.10715079307556152 0.9870022535324097
v -0.15415944159030914 0.08998246490955353 0.8261827826499939
v -0.04428934305906296 0.08090250194072723 0.7410414218902588
v 0.05136944353580475 0.08549848198890686 0.7754688262939453
v 0.14509879052639008 0.08241444081068039 0.7519239187240601
v 0.3160482347011566 0.10697352141141891 0.9905392527580261
v -0.1938343644142151 0.08855198323726654 0.8244349360466003
v -0.08025291562080383 0.08100101351737976 0.7303763031959534
v 0.013444068841636181 0.08454781025648117 0.7661988735198975
v 0.10977862775325775 0.0857250839471817 0.7710453867912292
v 0.26446017622947693 0.10700322687625885 0.9857630729675293
v -0.2807231545448303 0.109136201441288 0.9841057658195496
v -0.11824893951416016 0.07956191897392273 0.717860758304596
v -0.025167787447571754 0.08392580598592758 0.7500268220901489
v 0.08714879304170609 0.09990311414003372 0.9154238700866699
v 0.16376332938671112 0.08302266895771027 0.7410542368888855
v -0.32607904076576233 0.10941874980926514 0.9757745265960693
v -0.17287203669548035 0.09237826615571976 0.8241142630577087
v -0.06170778349041939 0.08390196412801743 0.741548478603363
v 0.03322705253958702 0.08763699978590012 0.7755402326583862
v 0.1280422806739807 0.08633249998092651 0.7583925724029541
v 0.28914299607276917 0.10956313461065292 0.9799114465713501
v -0.25266706943511963 0.11013060808181763 0.9707071185112
v -0.09714926779270172 0.08372530341148376 0.7272878885269165
v -0.004671549424529076 0.08863946050405502 0.7781931161880493
v 0.0928003340959549 0.08958834409713745 0.7815148830413818
v 0.18460199236869812 0.08483067899942398 0.7294514179229736
v -0.2999827265739441 0.11216987669467926 0.9748085737228394
v -0.15144313871860504 0.0952082946896553 0.8230277895927429
v -0.04282993823289871 0.0866582915186882 0.7503935098648071
v 0.05457828938961029 0.09231720119714737 0.7924472689628601
v 0.14650292694568634 0.08683834969997406 0.7479621767997742
v 0.3138360381126404 0.11219125241041183 0.9749658703804016
v -0.1906980276107788 0.09465429931879044 0.8192837238311768
v -0.0791880413889885 0.08706222474575043 0.740643322467804
v 0.015592265874147415 0.09103604406118393 0.7779109477996826
v 0.11152301728725433 0.09042796492576599 0.7677435874938965
v 0.2631310820579529 0.11196375638246536 0.9707764983177185
v -0.2745131552219391 0.11420328170061111 0.9704320430755615
v -0.11651817709207535 0.08586245030164719 0.724500298500061
v -0.023410169407725334 0.08955715596675873 0.7593255043029785
v 0.07625025510787964 0.09418457001447678 0.7928998470306396
v 0.16412359476089478 0.08731671422719955 0.7341148853302002
v -0.31953102350234985 0.11466652154922485 0.9635738134384155
v -0.16988183557987213 0.09761073440313339 0.8200951218605042
v -0.06052473932504654 0.0901317223906517 0.7520897388458252
v 0.03539116680622101 0.09392065554857254 0.7835924625396729
v 0.12951837480068207 0.0909319818019867 0.7554395794868469
v 0.28769704699516296 0.11441636830568314 0.9659994840621948
v -0.20861361920833588 0.0971631407737732 0.8142496347427368
v -0.09641855955123901 0.09000496566295624 0.7373161315917969
v -0.0023233420215547085 0.09487530589103699 0.7867428660392761
v 0.0944884642958641 0.09457270801067352 0.7792384028434753
v 0.23668110370635986 0.11471293866634369 0.9565233588218689
v -0.29397326707839966 0.11700514703989029 0.9624288082122803
v -0.14885808527469635 0.10051329433917999 0.8203408718109131
v -0.04135310277342796 0.09293413907289505 0.7613416314125061
v 0.06569375097751617 0.10962080210447311 0.906972348690033
v 0.14715485274791718 0.0911538377404213 0.7407153248786926
v 0.3121207654476166 0.11694461852312088 0.9614788889884949
v -0.18767914175987244 0.10012098401784897 0.8150548934936523
v -0.07819671183824539 0.09340226650238037 0.7514161467552185
v 0.01791892945766449 0.09792392700910568 0.7913129925727844
v 0.11318271607160568 0.09509880840778351 0.7647294402122498
v 0.2619515657424927 0.11670680344104767 0.9567564725875854
v -0.268547922372818 0.11875782907009125 0.9547111392021179
v -0.11497996002435684 0.09221476316452026 0.7328572273254395
v -0.02163822203874588 0.09609692543745041 0.7721905708312988
v 0.07788912206888199 0.0994124785065651 0.7906867861747742
v 0.16500359773635864 0.09218882024288177 0.7265304327011108
v -0.31329047679901123 0.11968336254358292 0.9513781666755676
v -0.16698139905929565 0.10288066416978836 0.8162736892700195
v -0.05932837352156639 0.09646428376436234 0.7629190683364868
v 0.03792523592710495 0.1003003790974617 0.7949525117874146
v 0.13034386932849884 0.09496071934700012 0.7487214803695679
v 0.2864218056201935 0.1190018430352211 0.9540443420410156
v -0.20566804707050323 0.10270736366510391 0.8096435070037842
v -0.09548262506723404 0.09646924585103989 0.7479323148727417
v 0.00014073459897190332 0.10329847037792206 0.8033674955368042
v 0.0961596816778183 0.09952259063720703 0.7767266631126404
v 0.23627999424934387 0.11913429945707321 0.945009171962738
v -0.28750211000442505 0.12168353796005249 0.9483950138092041
v -0.14632001519203186 0.10585779696702957 0.8178423643112183
v -0.039870813488960266 0.09972310066223145 0.7741284966468811
v 0.06773140281438828 0.11395572125911713 0.8974573016166687
v 0.1469358652830124 0.09506922960281372 0.7309789657592773
v 0.31093379855155945 0.12153809517621994 0.949476957321167
v -0.18480464816093445 0.10541220754384995 0.8111029863357544
v -0.0770975723862648 0.10013462603092194 0.7626864910125732
v 0.019822556525468826 0.10418017953634262 0.8002045154571533
v 0.114649198949337 0.09947965294122696 0.7603442668914795
v 0.2611272931098938 0.12138208001852036 0.9442463517189026
v -0.2243807166814804 0.10451910644769669 0.8063016533851624
v -0.11359257996082306 0.09849069267511368 0.7395594716072083
v -0.019641796126961708 0.10321653634309769 0.7868270874023438
v 0.07946241647005081 0.10429500788450241 0.790111243724823
v 0.20890823006629944 0.1208488792181015 0.9342865347862244
v -0.3069150447845459 0.12454219162464142 0.9388788938522339
v -0.16427826881408691 0.10812556743621826 0.813032865524292
v -0.057957328855991364 0.10301288217306137 0.7739535570144653
v 0.0433683916926384 0.1174345389008522 0.8871940970420837
v 0.13056568801403046 0.09871797263622284 0.7389162182807922
v 0.28495916724205017 0.12368452548980713 0.9417548179626465
v -0.20274685323238373 0.10785561054944992 0.8057214617729187
v -0.0942271426320076 0.10308296978473663 0.7597125172615051
v 0.00205510132946074 0.11059059202671051 0.815036416053772
v 0.09772306680679321 0.1041998341679573 0.7734619975090027
v 0.2359728068113327 0.12349247187376022 0.932745099067688
v -0.28075262904167175 0.12627927958965302 0.9329720735549927
v -0.1437707394361496 0.1110711395740509 0.8157955408096313
v -0.03831568732857704 0.10700584948062897 0.7878742218017578
v 0.06168585643172264 0.10840398818254471 0.8021211624145508
v 0.16142788529396057 0.10843326896429062 0.8127895593643188
v 0.31011149287223816 0.12608198821544647 0.9379587173461914
v -0.18204638361930847 0.11060525476932526 0.8078472018241882
v -0.0760924220085144 0.10723141580820084 0.7758413553237915
v 0.021788017824292183 0.11021770536899567 0.8060992956161499
v 0.11546692252159119 0.10359103232622147 0.7521889209747314
v 0.26047518849372864 0.126140296459198 0.9322991967201233
v -0.22073878347873688 0.11015583574771881 0.8011369705200195
v -0.12108734995126724 0.11481619626283646 0.8162999749183655
v -0.017633236944675446 0.11136123538017273 0.8029008507728577
v 0.08102156966924667 0.10904281586408615 0.7878609895706177
v 0.20986704528331757 0.1253596991300583 0.9218182563781738
v -0.3005087077617645 0.12922577559947968 0.9254505634307861
v -0.1617710292339325 0.1132981926202774 0.8103994727134705
v -0.05671102926135063 0.1097751185297966 0.7844438552856445
v 0.04332280158996582 0.1185731366276741 0.85694819688797
v 0.13131023943424225 0.10259494185447693 0.7323788404464722
v 0.28283870220184326 0.1284022033214569 0.926966667175293
v -0.19983460009098053 0.11278688907623291 0.8019604682922363
v -0.09909738600254059 0.1166345626115799 0.8168030381202698
v 0.003914269153028727 0.11644203960895538 0.8203837871551514
v 0.09891089797019958 0.10853183269500732 0.7651970386505127
v 0.23550154268741608 0.12821678817272186 0.9204204678535461
v -0.27505648136138916 0.1301870495080948 0.9184324145317078
v -0.1410662680864334 0.11616570502519608 0.8140245079994202
v -0.036574091762304306 0.11449092626571655 0.8018817901611328
v 0.06352610886096954 0.11346804350614548 0.8018386960029602
v 0.1644415408372879 0.1139102578163147 0.7997604608535767
v 0.30943402647972107 0.13072337210178375 0.9249865412712097
v -0.17950519919395447 0.11563161015510559 0.805170476436615
v -0.07803626358509064 0.11931879073381424 0.8145003318786621
v 0.02291468344628811 0.11995241045951843 0.8249053359031677
v 0.11631760001182556 0.10763835906982422 0.7450864911079407
v 0.2594423294067383 0.13071653246879578 0.9198899865150452
v -0.2176731675863266 0.11531561613082886 0.7978271245956421
v -0.11881382018327713 0.11942824721336365 0.8149598836898804
v -0.015479490160942078 0.11882185935974121 0.8156909942626953
v 0.0824553593993187 0.11315581202507019 0.7793776392936707
v 0.20964916050434113 0.12873928248882294 0.9026159048080444
v -0.2947295606136322 0.1336996853351593 0.9145967960357666
v -0.1593257635831833 0.11842192709445953 0.8083534240722656
v -0.05833161249756813 0.12173943221569061 0.8180846571922302
v 0.04584633558988571 0.12001179158687592 0.8212106823921204
v 0.13269607722759247 0.10720612853765488 0.7292725443840027
v 0.28150293231010437 0.13283205032348633 0.9146456122398376
v -0.19724147021770477 0.11776409298181534 0.7995836734771729
v -0.09724395722150803 0.12108311802148819 0.8152778744697571
v 0.005891990847885609 0.12202136963605881 0.8237717151641846
v 0.09989531338214874 0.11244620382785797 0.75734543800354
v 0.2348460704088211 0.1325375884771347 0.9088489413261414
v -0.23685242235660553 0.11813437938690186 0.7967334985733032
v -0.13841387629508972 0.12126610428094864 0.8121007084846497
v -0.03455827012658119 0.12073935568332672 0.8099952936172485
v 0.06497885286808014 0.11698442697525024 0.792239785194397
v 0.16651080548763275 0.11908165365457535 0.7959696054458618
v 0.307586133480072 0.13520684838294983 0.9108148813247681
v -0.1770859956741333 0.12064865976572037 0.8029119372367859
v -0.07636049389839172 0.12469879537820816 0.8172683119773865
v 0.027080589905381203 0.12612593173980713 0.8362308144569397
v 0.11741097271442413 0.11173166334629059 0.7392468452453613
v 0.25831255316734314 0.13516519963741302 0.9072603583335876
v -0.214974045753479 0.12015587836503983 0.7950367331504822
v -0.11671486496925354 0.12372080981731415 0.8124443292617798
v -0.013153506442904472 0.12450265884399414 0.8197520971298218
v 0.08340457826852798 0.11675213277339935 0.7677353024482727
v 0.18840931355953217 0.1202433779835701 0.7975362539291382
v -0.2897186875343323 0.13805389404296875 0.9051468372344971
v -0.1568756103515625 0.12349770963191986 0.8067073822021484
v -0.05543465539813042 0.12702475488185883 0.8193186521530151
v 0.047206584364175797 0.12405979633331299 0.8159986138343811
v 0.13422062993049622 0.11197534203529358 0.7265486121177673
v 0.28041619062423706 0.13699659705162048 0.9014713168144226
v -0.19493912160396576 0.12283213436603546 0.7982516288757324
v -0.09234973043203354 0.12348560988903046 0.7949740290641785
v 0.008065957576036453 0.12752968072891235 0.8261187672615051
v 0.10101079940795898 0.11631190031766891 0.7508853077888489
v 0.2345379739999771 0.13673102855682373 0.8976109027862549
v -0.23286160826683044 0.1227073073387146 0.7920477390289307
v -0.13563601672649384 0.12611694633960724 0.8090786337852478
v -0.032859399914741516 0.12829725444316864 0.8201078176498413
v 0.06576043367385864 0.12051443755626678 0.7768096923828125
v 0.1682220846414566 0.12374705076217651 0.7931637763977051
v 0.3062070608139038 0.13959433138370514 0.8975200653076172
v -0.17471818625926971 0.1256674826145172 0.801608681678772
v -0.07372981309890747 0.12784042954444885 0.8108848333358765
v 0.029371287673711777 0.12996530532836914 0.8277970552444458
v 0.1185893565416336 0.11592563986778259 0.7345499992370605
v 0.25685834884643555 0.13940241932868958 0.8936728835105896
v -0.21235287189483643 0.1250283420085907 0.7930138111114502
v -0.11405272781848907 0.12748472392559052 0.8055648803710938
v -0.011352138593792915 0.13094595074653625 0.8285321593284607
v 0.08426214754581451 0.12046905606985092 0.7590646147727966
v 0.18936803936958313 0.125799298286438 0.7941538095474243
v -0.28408244252204895 0.14236478507518768 0.8946931958198547
v -0.15411913394927979 0.1283332258462906 0.8045406341552734
v -0.05230209231376648 0.13108184933662415 0.8155815005302429
v 0.052060890942811966 0.134553000330925 0.8394858837127686
v 0.13623540103435516 0.1160472109913826 0.7240301966667175
v 0.2790538966655731 0.1412259340286255 0.8881441950798035
v -0.19278697669506073 0.12791438400745392 0.7975209951400757
v -0.09118463099002838 0.12875477969646454 0.7979251742362976
v 0.010601368732750416 0.1341639757156372 0.8325640559196472
v 0.10231687873601913 0.12027634680271149 0.7453576922416687
v 0.23487085103988647 0.140783429145813 0.8864446878433228
v -0.22972024977207184 0.1274464726448059 0.7892435789108276
v -0.1321125328540802 0.1302206814289093 0.8014541268348694
v -0.030835483223199844 0.1361340880393982 0.8332386612892151
v 0.06627482175827026 0.12320629507303238 0.7626397013664246
v 0.16946133971214294 0.1286061406135559 0.7898717522621155
v -0.3074701428413391 0.14493463933467865 0.8859877586364746
v -0.172014519572258 0.1306229680776596 0.8002057075500488
v -0.07085394859313965 0.13153503835201263 0.8041502237319946
v 0.03223266825079918 0.13802167773246765 0.839216947555542
v 0.11977613717317581 0.12015825510025024 0.7307084202766418
v 0.25585976243019104 0.14344392716884613 0.8817575573921204
v -0.20999301970005035 0.13004007935523987 0.7920427322387695
v -0.10875214636325836 0.13061699271202087 0.7863577008247375
v -0.009027982130646706 0.14018267393112183 0.8434166312217712
v 0.0853668600320816 0.12427815049886703 0.7524517178535461
v 0.19072537124156952 0.13058872520923615 0.7907214760780334
v -0.27837106585502625 0.14634421467781067 0.8827784657478333
v -0.15036176145076752 0.1324576586484909 0.7978688478469849
v -0.04972263053059578 0.13816983997821808 0.8253653049468994
v 0.053473200649023056 0.13870510458946228 0.8348265886306763
v 0.1496226042509079 0.1316089779138565 0.7840621471405029
v 0.27895912528038025 0.1452503651380539 0.8797066807746887
v -0.19045934081077576 0.13298580050468445 0.7969095706939697
v -0.08903689682483673 0.13381879031658173 0.7971868515014648
v 0.012721521779894829 0.1398046910762787 0.8352424502372742
v 0.10370872169733047 0.1244228184223175 0.740770697593689
v 0.21171064674854279 0.13323941826820374 0.7930853962898254
v -0.22734251618385315 0.132491335272789 0.7882252931594849
v -0.1278393715620041 0.1337449699640274 0.7883061766624451
v -0.028771284967660904 0.14083309471607208 0.8315229415893555
v 0.06693849712610245 0.12687617540359497 0.7534863948822021
v 0.1705980896949768 0.133187934756279 0.7857841849327087
v -0.29812830686569214 0.14926834404468536 0.8747040629386902
v -0.16874180734157562 0.1350240260362625 0.7954777479171753
v -0.06842692196369171 0.1361881047487259 0.8014805316925049
v 0.034223977476358414 0.1429237425327301 0.8379111886024475
v 0.1208946704864502 0.12433081865310669 0.7273991703987122
v 0.2557988166809082 0.14753392338752747 0.8730054497718811
v -0.20782588422298431 0.13524511456489563 0.7919595837593079
v -0.10620302706956863 0.13471156358718872 0.7812646627426147
v -0.007003865670412779 0.14404261112213135 0.8386732339859009
v 0.08667205274105072 0.12806738913059235 0.746404230594635
v 0.1917569935321808 0.13506415486335754 0.7867953777313232
v -0.2730308771133423 0.15024656057357788 0.8703638315200806
v -0.14575064182281494 0.13596628606319427 0.786564826965332
v -0.04770475625991821 0.1461944580078125 0.8355641961097717
v 0.05539889261126518 0.14299751818180084 0.8280072212219238
v 0.15107853710651398 0.1356636881828308 0.7808530330657959
v 0.27798303961753845 0.14913220703601837 0.868332028388977
v -0.1875641942024231 0.13761688768863678 0.7931534647941589
v -0.0868060365319252 0.13952498137950897 0.7959257364273071
v 0.014698069542646408 0.1462215781211853 0.8393533229827881
v 0.10504823178052902 0.12855744361877441 0.7369647026062012
v 0.21299387514591217 0.13723723590373993 0.7883121371269226
v -0.22500334680080414 0.13762126863002777 0.7879598140716553
v -0.12458302080631256 0.13754279911518097 0.7779049873352051
v -0.027238832786679268 0.1497688591480255 0.8454751372337341
v 0.06819570809602737 0.1317805051803589 0.7543399333953857
v 0.17167635262012482 0.13762758672237396 0.7812583446502686
v -0.29100844264030457 0.15237310528755188 0.8626158237457275
v -0.16517232358455658 0.13907654583454132 0.7882598042488098
v -0.06587491929531097 0.141685351729393 0.7994520664215088
v 0.036115214228630066 0.14730794727802277 0.8338489532470703
v 0.12199803441762924 0.12874630093574524 0.7243129014968872
v 0.2557374835014343 0.15135961771011353 0.8634796738624573
v -0.20546995103359222 0.14013639092445374 0.7900016903877258
v -0.11124149709939957 0.1505926102399826 0.8454773426055908
v -0.0052527557127177715 0.14884336292743683 0.8370736837387085
v 0.08781006187200546 0.13204655051231384 0.7404358386993408
v 0.19289858639240265 0.13943277299404144 0.7825706601142883
v -0.24462451040744781 0.1411036103963852 0.789483904838562
v -0.14121122658252716 0.13907106220722198 0.7732647657394409
v -0.047050535678863525 0.15413232147693634 0.8474024534225464
v 0.059283263981342316 0.1520824283361435 0.8405413627624512
v 0.1504075676202774 0.1389770358800888 0.7698978781700134
v 0.27742230892181396 0.15293799340724945 0.8581416606903076
v -0.18432825803756714 0.14204972982406616 0.7881977558135986
v -0.08998531848192215 0.15331700444221497 0.843232274055481
v 0.0164655651897192 0.15072527527809143 0.836417019367218
v 0.10628274083137512 0.13249188661575317 0.7333404421806335
v 0.21421118080615997 0.14181645214557648 0.7839594483375549
v -0.22253043949604034 0.14262725412845612 0.7865474224090576
v -0.12364009767770767 0.14460903406143188 0.7891714572906494
v -0.02476329170167446 0.15430422127246857 0.8440028429031372
v 0.0836169645190239 0.15319104492664337 0.8427523374557495
v 0.17273466289043427 0.14195553958415985 0.7767960429191589
v -0.2662634253501892 0.14491058886051178 0.7907846570014954
v -0.16149044036865234 0.1429031491279602 0.7803106904029846
v -0.06782275438308716 0.15642884373664856 0.8452103734016418
v 0.03840570151805878 0.15266098082065582 0.8362346887588501
v 0.12350836396217346 0.13352322578430176 0.7217057943344116
v 0.2555220127105713 0.15501773357391357 0.8539258241653442
v -0.20283243060112 0.14492541551589966 0.7875825762748718
v -0.10906955599784851 0.15551364421844482 0.8394249677658081
v -0.0033511256333440542 0.1555163711309433 0.8428757190704346
v 0.08926711231470108 0.1360488384962082 0.7351945638656616
v 0.19394558668136597 0.14380550384521484 0.7780535817146301
v -0.24134089052677155 0.14627574384212494 0.7869387865066528
v -0.14059914648532867 0.1460823267698288 0.7817623615264893
v -0.04501582682132721 0.15835778415203094 0.8451165556907654
v 0.061575885862112045 0.1567228138446808 0.8421937227249146
v 0.15042869746685028 0.1430027335882187 0.7594135999679565
v 0.27700382471084595 0.1567995250225067 0.8483887910842896
v -0.1809697449207306 0.14633257687091827 0.782910168170929
v -0.08679979294538498 0.15794360637664795 0.8392307162284851
v 0.018170494586229324 0.15378610789775848 0.8247053027153015
v 0.10756567120552063 0.13682037591934204 0.7291430830955505
v 0.21536767482757568 0.14596237242221832 0.779529869556427
v -0.2199515551328659 0.14758257567882538 0.7846642732620239
v -0.12778033316135406 0.15846675634384155 0.8365739583969116
v -0.02261454239487648 0.15909937024116516 0.8437378406524658
v 0.07463271170854568 0.14300012588500977 0.7600170969963074
v 0.17374378442764282 0.14626404643058777 0.7722761631011963
v -0.2594166100025177 0.14849548041820526 0.7808274030685425
v -0.1575174182653427 0.14656241238117218 0.7710169553756714
v -0.06484441459178925 0.1603461652994156 0.8404682874679565
v 0.038649868220090866 0.15124081075191498 0.7936073541641235
v 0.1379147619009018 0.15156739950180054 0.7969899773597717
v 0.25565096735954285 0.15873348712921143 0.8432782888412476
v -0.19981998205184937 0.14959651231765747 0.7838611006736755
v -0.10622323304414749 0.15965290367603302 0.8333311080932617
v -0.0010425086366012692 0.1608555018901825 0.8437820076942444
v 0.09174112975597382 0.14359478652477264 0.7435424327850342
v 0.19496086239814758 0.14810073375701904 0.7735536098480225
v -0.2376726269721985 0.15139569342136383 0.7848160862922668
v -0.14625339210033417 0.16140688955783844 0.8344931602478027
v -0.04273790121078491 0.16187745332717896 0.8399959802627563
v 0.06215635687112808 0.15994440019130707 0.8369801640510559
v 0.15318436920642853 0.14873716235160828 0.7646896839141846
v 0.2763430178165436 0.1606758087873459 0.8383243083953857
v -0.17768029868602753 0.15052983164787292 0.7773358821868896
v -0.0841483622789383 0.1621370017528534 0.8345561623573303
v 0.020438838750123978 0.1561412811279297 0.8065612316131592
v 0.10871262848377228 0.14211253821849823 0.7249491214752197
v 0.21618980169296265 0.15018703043460846 0.7750875353813171
v -0.21748234331607819 0.15245811641216278 0.7827637195587158
v -0.12480749189853668 0.1625915914773941 0.8310680985450745
v -0.02030010335147381 0.16348719596862793 0.8407267332077026
v 0.07542172819375992 0.14784817397594452 0.7544830441474915
v 0.17454271018505096 0.1503238081932068 0.7672550678253174
v -0.25383368134498596 0.15223756432533264 0.772419273853302
v -0.1558835357427597 0.15200191736221313 0.7730926871299744
v -0.0622023269534111 0.1641542613506317 0.8352525234222412
v 0.040246929973363876 0.15521471202373505 0.7861640453338623
v 0.14369653165340424 0.16120009124279022 0.8193526864051819
v 0.2544448673725128 0.16139042377471924 0.8287148475646973
v -0.19672344624996185 0.1541614681482315 0.7799992561340332
v -0.10346009582281113 0.16412122547626495 0.8293337225914001
v 0.0011988701298832893 0.1649620532989502 0.8410053253173828
v 0.09264513850212097 0.14701195061206818 0.7389400005340576
v 0.19591574370861053 0.1524059772491455 0.7692173719406128
v -0.23305192589759827 0.154339998960495 0.772712230682373
v -0.14378722012043 0.16526633501052856 0.8289361000061035
v -0.040232304483652115 0.16579872369766235 0.8332573175430298
v 0.05894967541098595 0.15359440445899963 0.7683974504470825
v 0.15618884563446045 0.15476566553115845 0.7705209255218506
v 0.2758009135723114 0.16463832557201385 0.8287006616592407
v -0.17396099865436554 0.15462234616279602 0.7707054615020752
v -0.0815712958574295 0.1663089096546173 0.8299878239631653
v 0.022393563762307167 0.1586151123046875 0.7892972230911255
v 0.12526114284992218 0.1631339192390442 0.8213300704956055
v 0.2170998901128769 0.15447041392326355 0.7706407308578491
v -0.21484866738319397 0.15702451765537262 0.7804496884346008
v -0.1219366267323494 0.16679151356220245 0.8260838389396667
v -0.018108326941728592 0.16750475764274597 0.8336983323097229
v 0.07688348740339279 0.1517421156167984 0.7496389150619507
v 0.1749929040670395 0.15404437482357025 0.7612111568450928
v -0.24872130155563354 0.1560104489326477 0.7649019956588745
v -0.1620895266532898 0.1679084151983261 0.8254067301750183
v -0.059654563665390015 0.1681050807237625 0.8288972973823547
v 0.04150425270199776 0.15913450717926025 0.7796814441680908
v 0.14500074088573456 0.1664198935031891 0.8146528005599976
v 0.23711267113685608 0.15654195845127106 0.7690712809562683
v -0.19345898926258087 0.15851303935050964 0.7756038308143616
v -0.10077407956123352 0.1686050146818161 0.8251926898956299
v 0.0030549918301403522 0.16899195313453674 0.8323151469230652
v 0.09451915323734283 0.1506994217634201 0.7338805198669434
v 0.19688129425048828 0.15671983361244202 0.765125036239624
v -0.2280196249485016 0.15758199989795685 0.7632938623428345
v -0.14028796553611755 0.16888868808746338 0.8218774199485779
v -0.03771455958485603 0.16972887516021729 0.8259180784225464
v 0.06023174524307251 0.15707272291183472 0.7611240148544312
v 0.15936999022960663 0.1605783849954605 0.7761474847793579
v 0.2756910026073456 0.16877113282680511 0.8196651935577393
v -0.17038707435131073 0.15842771530151367 0.7643264532089233
v -0.07893386483192444 0.17048117518424988 0.824533998966217
v 0.023687303066253662 0.16123782098293304 0.7753999829292297
v 0.12637950479984283 0.16814400255680084 0.8151642680168152
v 0.2178526371717453 0.15880727767944336 0.7663419246673584
v -0.21163532137870789 0.16128858923912048 0.7775236368179321
v -0.11918818950653076 0.1709871143102646 0.8205928802490234
v -0.01602679304778576 0.17133572697639465 0.8238515853881836
v 0.0780751034617424 0.15530109405517578 0.7443403601646423
v 0.175873264670372 0.15754732489585876 0.7561261057853699
v -0.24397990107536316 0.15958914160728455 0.7577148079872131
v -0.15925262868404388 0.17122256755828857 0.8187519907951355
v -0.05708969756960869 0.17210489511489868 0.822283148765564
v 0.043145377188920975 0.16248317062854767 0.7715655565261841
v 0.1461821049451828 0.17023879289627075 0.8098713159561157
v 0.2381981462240219 0.16066837310791016 0.7648032903671265
v -0.18998833000659943 0.16244596242904663 0.7696098685264587
v -0.09795069694519043 0.17288435995578766 0.8195346593856812
v 0.004525426775217056 0.17255796492099762 0.8204330801963806
v 0.09559477865695953 0.1541227102279663 0.7286458611488342
v 0.1979176104068756 0.16099025309085846 0.7612810134887695
v -0.22349654138088226 0.16094431281089783 0.7553502917289734
v -0.13716869056224823 0.17340564727783203 0.8140856027603149
v -0.03525375574827194 0.17360833287239075 0.818924605846405
v 0.06161322817206383 0.16049140691757202 0.754204273223877
v 0.1654737889766693 0.17258955538272858 0.8030396699905396
v 0.27419137954711914 0.17125868797302246 0.8054293394088745
v -0.17636701464653015 0.1741052269935608 0.8115965723991394
v -0.0762462168931961 0.17447687685489655 0.8181697130203247
v 0.0252482071518898 0.16455508768558502 0.7665502429008484
v 0.12777742743492126 0.1722801774740219 0.8095718026161194
v 0.21859116852283478 0.16305091977119446 0.7621622681617737
v -0.2072504758834839 0.16489313542842865 0.7722466588020325
v -0.11599747836589813 0.1751830279827118 0.813601553440094
v -0.013927074149250984 0.17491106688976288 0.8157385587692261
v 0.07934756577014923 0.15902003645896912 0.7384034395217896
v 0.17696638405323029 0.16176559031009674 0.7525250315666199
v -0.23944103717803955 0.16308367252349854 0.7506077289581299
v -0.1553027182817459 0.1754729151725769 0.8093172311782837
v -0.054682407528162 0.1759905219078064 0.8153252601623535
v 0.04466487094759941 0.16577062010765076 0.7627732753753662
v 0.14764326810836792 0.17432428896427155 0.8048300743103027
v 0.2398042380809784 0.1654134839773178 0.7624855637550354
v -0.18650229275226593 0.1660693734884262 0.7630661129951477
v -0.09493459761142731 0.17693278193473816 0.8132486343383789
v 0.006333600729703903 0.17610320448875427 0.812469482421875
v 0.09659633040428162 0.15741175413131714 0.7225412130355835
v 0.19921734929084778 0.1653481125831604 0.7583653926849365
v -0.21937645971775055 0.16435599327087402 0.7481406927108765
v -0.13471387326717377 0.1777380108833313 0.8103644847869873
v -0.03285001963376999 0.1774827539920807 0.8118764758110046
v 0.06296030431985855 0.16390642523765564 0.7471350431442261
v 0.1673094481229782 0.1766316294670105 0.7998908758163452
v 0.26001426577568054 0.16347026824951172 0.7459591627120972
v -0.17407292127609253 0.17793963849544525 0.8082072734832764
v -0.0734490156173706 0.17826303839683533 0.8113619089126587
v 0.026880254969000816 0.1678815633058548 0.7589051723480225
v 0.12913848459720612 0.17630535364151 0.8040081262588501
v 0.21932949125766754 0.16732321679592133 0.7588723301887512
v -0.19953377544879913 0.16611920297145844 0.7452266216278076
v -0.11316938698291779 0.17933039367198944 0.80913245677948
v -0.011885172687470913 0.17871326208114624 0.8076831102371216
v 0.08066044747829437 0.1626701056957245 0.732781171798706
v 0.17842091619968414 0.16587620973587036 0.7495474815368652
v -0.2350063920021057 0.1664332002401352 0.7434860467910767
v -0.15265963971614838 0.1794033944606781 0.8059521913528442
v -0.05202339217066765 0.17967887222766876 0.8088844418525696
v 0.04616894945502281 0.16902950406074524 0.7550479769706726
v 0.14893700182437897 0.1783992052078247 0.7992426156997681
v 0.23790639638900757 0.16919834911823273 0.7564133405685425
v -0.18257281184196472 0.16992969810962677 0.7554202079772949
v -0.0919867530465126 0.18076352775096893 0.8065539598464966
v 0.007905187085270882 0.17988725006580353 0.8047881126403809
v 0.09776046127080917 0.16106484830379486 0.7173274755477905
v 0.20048868656158447 0.16964717209339142 0.7556878924369812
v -0.2153552770614624 0.16770091652870178 0.740851640701294
v -0.13171973824501038 0.18176616728305817 0.8045707941055298
v -0.030371734872460365 0.1813788264989853 0.804375171661377
v 0.0643836185336113 0.16736969351768494 0.7405874729156494
v 0.1686318814754486 0.18026329576969147 0.7952699661254883
v -0.25327613949775696 0.16851820051670074 0.738983154296875
v -0.17081700265407562 0.18157586455345154 0.8020547032356262
v -0.07060877233743668 0.18194246292114258 0.8050647974014282
v 0.02851654216647148 0.17117105424404144 0.7512103915214539
v 0.13049358129501343 0.18025784194469452 0.7978029251098633
v 0.22013553977012634 0.17146265506744385 0.7559545040130615
v -0.19521750509738922 0.16920922696590424 0.7375272512435913
v -0.11024800688028336 0.183257594704628 0.8029544949531555
v -0.009881881065666676 0.18264411389827728 0.801430344581604
v 0.08195810765028 0.16617567837238312 0.7270804643630981
v 0.17988938093185425 0.1702677607536316 0.7465841174125671
v -0.23059868812561035 0.16953890025615692 0.7363260388374329
v -0.14945802092552185 0.18356004357337952 0.7977386116981506
v -0.04902957007288933 0.1831953525543213 0.801455557346344
v 0.0476355254650116 0.17226679623126984 0.7475271224975586
v 0.15030759572982788 0.18232479691505432 0.7933233380317688
v 0.23452506959438324 0.16925477981567383 0.7356967926025391
v -0.1865326315164566 0.17911498248577118 0.7715707421302795
v -0.08904243260622025 0.18447451293468475 0.7995997667312622
v 0.010122083127498627 0.1724347025156021 0.746695876121521
v 0.09914855659008026 0.16493916511535645 0.713526725769043
v 0.20164695382118225 0.17404837906360626 0.7530571222305298
v -0.21101710200309753 0.17098399996757507 0.7335203886032104
v -0.1285618245601654 0.18558579683303833 0.7980202436447144
v -0.028011027723550797 0.18515723943710327 0.7970711588859558
v 0.06574840098619461 0.17084111273288727 0.734268069267273
v 0.16958294808864594 0.18385878205299377 0.7893482446670532
v -0.2468366175889969 0.17180275917053223 0.7323781251907349
v -0.1674538552761078 0.1852966547012329 0.794646680355072
v -0.06834365427494049 0.18570727109909058 0.7979388236999512
v 0.030110424384474754 0.17456786334514618 0.7443368434906006
v 0.1314534842967987 0.18384654819965363 0.7906728982925415
v 0.21998576819896698 0.17494139075279236 0.751929759979248
v -0.190938338637352 0.1721811294555664 0.7303726673126221
v -0.10720882564783096 0.1870911717414856 0.795525312423706
v -0.008016151376068592 0.18659207224845886 0.7952271699905396
v 0.08320684731006622 0.1696012318134308 0.7213356494903564
v 0.1816226989030838 0.17491920292377472 0.745094895362854
v -0.22627611458301544 0.17266297340393066 0.7291840314865112
v -0.14642363786697388 0.187623530626297 0.7921263575553894
v -0.0457727424800396 0.18711814284324646 0.792426347732544
v 0.049135904759168625 0.17546983063220978 0.7402133345603943
v 0.1515362411737442 0.18597640097141266 0.7866973876953125
v 0.2341231107711792 0.17244616150856018 0.7282477021217346
v -0.17159403860569 0.17321309447288513 0.7283457517623901
v -0.08612534403800964 0.1883191615343094 0.7926201224327087
v 0.012069329619407654 0.1757631003856659 0.7393767833709717
v 0.1005539521574974 0.16879212856292725 0.7099965214729309
v 0.20249247550964355 0.178325816988945 0.7503494024276733
v -0.20660904049873352 0.17392800748348236 0.7264185547828674
v -0.12532152235507965 0.18943428993225098 0.7904371619224548
v -0.025741280987858772 0.18889735639095306 0.7902140021324158
v 0.06713130325078964 0.17432349920272827 0.7288457751274109
v 0.17038992047309875 0.18738974630832672 0.7831032872200012
v -0.24321158230304718 0.17537981271743774 0.7272017002105713
v -0.16372087597846985 0.1888997107744217 0.7875237464904785
v -0.06181646138429642 0.18341633677482605 0.7582483291625977
v 0.031713102012872696 0.17792898416519165 0.7379947900772095
v 0.13256366550922394 0.18680770695209503 0.7823083400726318
v 0.21541984379291534 0.17390389740467072 0.723099946975708
v -0.1868964433670044 0.17522794008255005 0.7231910228729248
v -0.10428198426961899 0.1909429281949997 0.7884379625320435
v -0.00620179483667016 0.19035308063030243 0.7881617546081543
v 0.08446421474218369 0.17321637272834778 0.7167294025421143
v 0.18781542778015137 0.1890663504600525 0.773131787776947
v -0.2221365123987198 0.1758553385734558 0.722256064414978
v -0.14358079433441162 0.19150319695472717 0.7880353927612305
v -0.04305517300963402 0.19097337126731873 0.7842369079589844
v 0.050628188997507095 0.1786588579416275 0.733466386795044
v 0.15240639448165894 0.18938115239143372 0.779364824295044
v 0.23388531804084778 0.17540915310382843 0.7214053273200989
v -0.1673385500907898 0.17625008523464203 0.7198524475097656
v -0.07822339236736298 0.18300989270210266 0.7475301623344421
v 0.01407321635633707 0.17948061227798462 0.7336719036102295
v 0.1019376888871193 0.1726129949092865 0.7060612440109253
v 0.20238322019577026 0.18208515644073486 0.7475584149360657
v -0.20251499116420746 0.17696835100650787 0.719407320022583
v -0.12239806354045868 0.19335485994815826 0.7843756079673767
v -0.023507876321673393 0.19256633520126343 0.7828662395477295
v 0.06851126253604889 0.17783036828041077 0.7237521409988403
v 0.17073793709278107 0.19082963466644287 0.7756784558296204
v -0.24069227278232574 0.17985232174396515 0.7254748940467834
v -0.16023318469524384 0.19280406832695007 0.781448483467102
v -0.05973975360393524 0.187815323472023 0.752704381942749
v 0.03326309472322464 0.18121416866779327 0.7316601276397705
v 0.13280954957008362 0.18926875293254852 0.7683142423629761
v 0.21507881581783295 0.17712357640266418 0.7162806391716003
v -0.18285663425922394 0.1780748814344406 0.7160453796386719
v -0.10135918110609055 0.19486106932163239 0.7813441157341003
v -0.004281965550035238 0.19389720261096954 0.7808856964111328
v 0.08576063066720963 0.17688068747520447 0.7123986482620239
v 0.18917150795459747 0.19225947558879852 0.7688620090484619
v -0.21812210977077484 0.17896056175231934 0.7153705358505249
v -0.1402987241744995 0.1954675316810608 0.7809945344924927
v -0.04065528139472008 0.1946418285369873 0.7771420478820801
v 0.05209750309586525 0.18186435103416443 0.726959228515625
v 0.15294472873210907 0.19263438880443573 0.7717379331588745
v 0.23349237442016602 0.17822664976119995 0.7147387862205505
v -0.16362503170967102 0.1793946474790573 0.7122122645378113
v -0.07523927092552185 0.18667694926261902 0.742225170135498
v 0.016035646200180054 0.18304260075092316 0.7281825542449951
v 0.10326926410198212 0.17642946541309357 0.70209801197052
v 0.19597060978412628 0.17836175858974457 0.7114576101303101
v -0.19854839146137238 0.1800287365913391 0.7125009298324585
v -0.11942636966705322 0.19716784358024597 0.7781341075897217
v -0.021337859332561493 0.19599168002605438 0.7756131291389465
v 0.0699242502450943 0.1813584417104721 0.718690037727356
v 0.17121827602386475 0.19389182329177856 0.7682029604911804
v -0.23892027139663696 0.1848040074110031 0.7251061201095581
v -0.15601712465286255 0.19620037078857422 0.7733059525489807
v -0.057424675673246384 0.19104625284671783 0.7463892698287964
v 0.03482571989297867 0.1844618022441864 0.7253681421279907
v 0.13272815942764282 0.1924821138381958 0.757594108581543
v 0.21455737948417664 0.18019022047519684 0.7098667621612549
v -0.1789596974849701 0.18095599114894867 0.7089843153953552
v -0.09844225645065308 0.19856809079647064 0.7744623422622681
v -0.0021504622418433428 0.19714221358299255 0.7729815244674683
v 0.08708342909812927 0.18045857548713684 0.7073993682861328
v 0.18906237185001373 0.19458572566509247 0.7629374861717224
v -0.21426141262054443 0.1821165829896927 0.7091070413589478
v -0.13696928322315216 0.19901926815509796 0.7745041251182556
v -0.03846749663352966 0.1981271356344223 0.7713013887405396
v 0.053573403507471085 0.18511247634887695 0.7207963466644287
v 0.1532895714044571 0.1959390789270401 0.7644338011741638
v 0.2329929769039154 0.18103227019309998 0.7079130411148071
v -0.15985694527626038 0.1821793019771576 0.7049786448478699
v -0.07274236530065536 0.19163937866687775 0.7407472133636475
v 0.017972521483898163 0.18658354878425598 0.7231997847557068
v 0.10457704961299896 0.1801915466785431 0.6982801556587219
v 0.19597095251083374 0.18143871426582336 0.7046129703521729
v -0.19463859498500824 0.18298529088497162 0.7055628895759583
v -0.11637520790100098 0.20072580873966217 0.7711670994758606
v -0.019074615091085434 0.1992887407541275 0.769160807132721
v 0.07134087383747101 0.18492300808429718 0.7136997580528259
v 0.17178869247436523 0.19718295335769653 0.7620940208435059
v -0.23715552687644958 0.18969474732875824 0.7252605557441711
v -0.14000411331653595 0.18364527821540833 0.7015993595123291
v -0.055161070078611374 0.19469866156578064 0.7422112226486206
v 0.03644296154379845 0.18771886825561523 0.7194712162017822
v 0.13467878103256226 0.1973738670349121 0.7556562423706055
v 0.21399246156215668 0.18318791687488556 0.7033090591430664
v -0.1752900630235672 0.18387632071971893 0.7021362781524658
v -0.09576617926359177 0.20206916332244873 0.7679053544998169
v -0.0002046474110102281 0.20040388405323029 0.7648192048072815
v 0.08840245008468628 0.1841190606355667 0.7028900384902954
v 0.1775536686182022 0.1826450526714325 0.7000763416290283
v -0.21102401614189148 0.185501828789711 0.7044838070869446
v -0.1336558759212494 0.2025173157453537 0.7681639790534973
v -0.03621959313750267 0.2015736848115921 0.7654772996902466
v 0.05507838353514671 0.1883714497089386 0.7149620056152344
v 0.15347720682621002 0.19935579597949982 0.7583134174346924
v 0.23224428296089172 0.18391761183738708 0.7009989023208618
v -0.1561623215675354 0.185144305229187 0.6979907751083374
v -0.07085331529378891 0.19718031585216522 0.7403497695922852
v 0.01996823586523533 0.18986952304840088 0.7179237604141235
v 0.1057584285736084 0.18390825390815735 0.6944684982299805
v 0.1959359496831894 0.18446438014507294 0.6983226537704468
v -0.19081461429595947 0.18590612709522247 0.6986095905303955
v -0.11334186047315598 0.204075887799263 0.764521598815918
v -0.016866443678736687 0.2025126814842224 0.7625316977500916
v 0.07278462499380112 0.18857628107070923 0.7089720964431763
v 0.17157669365406036 0.2003999501466751 0.7562050819396973
v -0.23535841703414917 0.19455575942993164 0.7254678010940552
v -0.13695824146270752 0.1867159605026245 0.6945141553878784
v -0.05189564451575279 0.20397770404815674 0.7578579187393188
v 0.03804560378193855 0.19093744456768036 0.7136424779891968
v 0.13594554364681244 0.20178668200969696 0.7544193863868713
v 0.21353504061698914 0.18618935346603394 0.6966537237167358
v -0.17168371379375458 0.18685829639434814 0.6954436302185059
v -0.09330369532108307 0.2054244875907898 0.7616947293281555
v 0.0018805305007845163 0.20363159477710724 0.7574633955955505
v 0.08972461521625519 0.18783687055110931 0.6989592909812927
v 0.17783348262310028 0.18578320741653442 0.6939405202865601
v -0.20877134799957275 0.18962834775447845 0.7025476694107056
v -0.13004669547080994 0.2055680900812149 0.7613921165466309
v -0.03405522555112839 0.2046949416399002 0.7585713863372803
v 0.05663979426026344 0.19165971875190735 0.7092967629432678
v 0.15430010855197906 0.20287226140499115 0.7529144883155823
v 0.23159587383270264 0.18712051212787628 0.6940871477127075
v -0.1526934951543808 0.18805861473083496 0.6913043856620789
v -0.0694233700633049 0.20207089185714722 0.7397887706756592
v 0.02173413708806038 0.19313836097717285 0.7123109102249146
v 0.1069248765707016 0.18761998414993286 0.6910122632980347
v 0.19591213762760162 0.18744729459285736 0.692315936088562
v -0.18709072470664978 0.18888641893863678 0.6920872926712036
v -0.11038428544998169 0.20726504921913147 0.757980227470398
v -0.0145146818831563 0.20556072890758514 0.7562255263328552
v 0.07424977421760559 0.19222503900527954 0.7045251727104187
v 0.15960021317005157 0.18708699941635132 0.690549373626709
v -0.23354347050189972 0.19935640692710876 0.725594699382782
v -0.13403938710689545 0.1894364207983017 0.6875072717666626
v -0.05016352981328964 0.20666104555130005 0.7519547939300537
v 0.03968137875199318 0.1941431313753128 0.7080285549163818
v 0.13705621659755707 0.2053106129169464 0.7498819231987
v 0.21320579946041107 0.18914633989334106 0.6901290416717529
v -0.1681191474199295 0.18983684480190277 0.6888535022735596
v -0.09103532880544662 0.20862345397472382 0.7546102404594421
v 0.003919319715350866 0.20688678324222565 0.7503854632377625
v 0.09105117619037628 0.19154900312423706 0.6948461532592773
v 0.1779492199420929 0.18894414603710175 0.6882510185241699
v -0.20705623924732208 0.19420644640922546 0.7021839618682861
v -0.11565833538770676 0.19063197076320648 0.6858755350112915
v -0.03188640624284744 0.2075648307800293 0.7498119473457336
v 0.058180052787065506 0.195035919547081 0.7039284706115723
v 0.1544288694858551 0.20624341070652008 0.7470917701721191
v 0.2319503128528595 0.1906754970550537 0.6886910200119019
v -0.14941783249378204 0.1908784955739975 0.6848150491714478
v -0.06733831763267517 0.20560161769390106 0.7356133460998535
v 0.02340114116668701 0.19642546772956848 0.7066802978515625
v 0.10809268802404404 0.19138266146183014 0.6878159642219543
v 0.19586952030658722 0.19040773808956146 0.6863579750061035
v -0.18353712558746338 0.19196942448616028 0.6863840818405151
v -0.10735982656478882 0.21034567058086395 0.7513860464096069
v -0.012007431127130985 0.20861861109733582 0.7490012645721436
v 0.07565222680568695 0.19583144783973694 0.700016438961029
v 0.16016817092895508 0.19038613140583038 0.6839327812194824
v -0.2315855324268341 0.20399153232574463 0.7253471612930298
v -0.13108453154563904 0.19196827709674835 0.6808881759643555
v -0.048398297280073166 0.20978286862373352 0.74437415599823
v 0.04136150702834129 0.19739902019500732 0.7027108669281006
v 0.1378040313720703 0.20849469304084778 0.7437747716903687
v 0.21288546919822693 0.19204393029212952 0.6838668584823608
v -0.16466884315013885 0.19278432428836823 0.6823546886444092
v -0.08433270454406738 0.20789757370948792 0.732553243637085
v 0.005834183655679226 0.2102596014738083 0.7437796592712402
v 0.092387855052948 0.1952424943447113 0.6907919645309448
v 0.17810937762260437 0.1919504851102829 0.6824829578399658
v -0.20543450117111206 0.1989211142063141 0.7021467089653015
v -0.11247364431619644 0.19324436783790588 0.6787359118461609
v -0.028614189475774765 0.2085893750190735 0.731320858001709
v 0.05966576188802719 0.19839540123939514 0.6987950801849365
v 0.14351487159729004 0.19208185374736786 0.6809408068656921
v 0.2356376349925995 0.19595764577388763 0.6900992393493652
v -0.1463840901851654 0.1935558170080185 0.6784641742706299
v -0.06624975800514221 0.21093222498893738 0.7347355484962463
v 0.02506501041352749 0.19967062771320343 0.7013256549835205
v 0.109320729970932 0.19523055851459503 0.6846281886100769
v 0.19581098854541779 0.1933196485042572 0.6803807020187378
v -0.18045870959758759 0.19527259469032288 0.6819932460784912
v -0.10431522130966187 0.21342791616916656 0.7441067695617676
v -0.009914533235132694 0.2117937058210373 0.7412586808204651
v 0.07693130522966385 0.19928263127803802 0.695164144039154
v 0.16064243018627167 0.19345812499523163 0.6782972812652588
v -0.22947144508361816 0.20863887667655945 0.7250914573669434
v -0.12809181213378906 0.19452181458473206 0.6743168830871582
v -0.046624064445495605 0.213007390499115 0.7390660047531128
v 0.04300866276025772 0.20071589946746826 0.6974534392356873
v 0.13754567503929138 0.2112819105386734 0.7362743616104126
v 0.2128864824771881 0.19507215917110443 0.6780496835708618
v -0.1614590883255005 0.1955546736717224 0.675948977470398
v -0.08379203081130981 0.21441230177879333 0.7375397682189941
v 0.007841944694519043 0.21344947814941406 0.7372094392776489
v 0.09377393126487732 0.19896669685840607 0.6870269179344177
v 0.178268700838089 0.1948985457420349 0.6767566800117493
v -0.2036462128162384 0.20370610058307648 0.7022460699081421
v -0.10980537533760071 0.19595779478549957 0.6718974113464355
v -0.02691410668194294 0.21207521855831146 0.7269362211227417
v 0.060995958745479584 0.20176436007022858 0.6938766837120056
v 0.14404001832008362 0.19515353441238403 0.6739881634712219
v -0.25894030928611755 0.21883036196231842 0.7516180276870728
v -0.14335677027702332 0.19607681035995483 0.6720914840698242
v -0.06374883651733398 0.21442466974258423 0.731577455997467
v 0.02671835757791996 0.20303599536418915 0.6961960792541504
v 0.11066606640815735 0.19897732138633728 0.6814497709274292
v 0.19584199786186218 0.1961468905210495 0.6745581030845642
v -0.1782515048980713 0.1993185430765152 0.6800501346588135
v -0.10111791640520096 0.21610340476036072 0.7369754314422607
v -0.008181305602192879 0.2151128649711609 0.7345366477966309
v 0.07813313603401184 0.2026161402463913 0.6902052164077759
v 0.16116632521152496 0.19640687108039856 0.6726177930831909
v -0.22727547585964203 0.2133057713508606 0.7249146699905396
v -0.12501980364322662 0.19697372615337372 0.6681588888168335
v -0.044611960649490356 0.21638038754463196 0.7319044470787048
v 0.04460472986102104 0.20408152043819427 0.6924030780792236
v 0.12743203341960907 0.1971043348312378 0.6709657907485962
v 0.21433168649673462 0.19892281293869019 0.676079273223877
v -0.15838707983493805 0.19823400676250458 0.6698583960533142
v -0.0809161514043808 0.2169799506664276 0.7324916124343872
v 0.009744592942297459 0.21657414734363556 0.7308237552642822
v 0.09514244645833969 0.20261074602603912 0.6833913326263428
v 0.17835640907287598 0.19773906469345093 0.6710808873176575
v -0.20163603127002716 0.2084280550479889 0.7019803524017334
v -0.10729178041219711 0.1985313594341278 0.6657472848892212
v -0.025245709344744682 0.21575449407100677 0.7241026163101196
v 0.06224656105041504 0.20504774153232574 0.6892353296279907
v 0.1446947157382965 0.19803744554519653 0.668165922164917
v -0.253849595785141 0.22346913814544678 0.7489738464355469
v -0.14031046628952026 0.19860444962978363 0.6658146381378174
v -0.06088969483971596 0.21736997365951538 0.727121114730835
v 0.02845095656812191 0.20627066493034363 0.6913203001022339
v 0.11172688007354736 0.2024013102054596 0.6782763004302979
v 0.1957596391439438 0.19894833862781525 0.6687870025634766
v -0.17652307450771332 0.20373788475990295 0.6795326471328735
v -0.08919642120599747 0.19954922795295715 0.6647723317146301
v -0.006338147912174463 0.21838559210300446 0.728917121887207
v 0.07931060343980789 0.2059188336133957 0.6854260563850403
v 0.16155275702476501 0.1992804855108261 0.6668736934661865
v -0.22502294182777405 0.21807081997394562 0.7244064807891846
v -0.12205403298139572 0.1995311677455902 0.6623589992523193
v -0.04199101775884628 0.21939286589622498 0.724506139755249
v 0.04616842046380043 0.20735511183738708 0.6877721548080444
v 0.1282382607460022 0.1999596357345581 0.6643519401550293
v 0.21792104840278625 0.20480424165725708 0.6808525323867798
v -0.1554078310728073 0.20086905360221863 0.6640329360961914
v -0.0782063901424408 0.21948781609535217 0.7272835969924927
v 0.011625618673861027 0.2196357250213623 0.7248948216438293
v 0.09656451642513275 0.20617184042930603 0.6798949241638184
v 0.17837224900722504 0.200495183467865 0.6654080152511597
v -0.19953778386116028 0.21303021907806396 0.7014508247375488
v -0.10471300780773163 0.20107950270175934 0.6597532033920288
v -0.023261580616235733 0.22034533321857452 0.7241285443305969
v 0.06355830281972885 0.2082800716161728 0.684777021408081
v 0.14528325200080872 0.20082853734493256 0.6623077392578125
v -0.25075435638427734 0.22820498049259186 0.7477728128433228
v -0.1372806578874588 0.20118555426597595 0.6596797108650208
v -0.05858967825770378 0.22046028077602386 0.7236570119857788
v 0.03013567067682743 0.20965434610843658 0.6874083280563354
v 0.11147021502256393 0.20204196870326996 0.6609634757041931
v 0.19631721079349518 0.20228490233421326 0.6650772094726562
v -0.1749386191368103 0.20823371410369873 0.6794102191925049
v -0.08708947151899338 0.20227020978927612 0.6583836078643799
v -0.004457217175513506 0.221461683511734 0.7232717871665955
v 0.08067785203456879 0.2091190367937088 0.6808221340179443
v 0.16187447309494019 0.20209969580173492 0.6611294746398926
v -0.22281691431999207 0.22285039722919464 0.723629355430603
v -0.11920290440320969 0.20225659012794495 0.6566673517227173
v -0.039857156574726105 0.2224338799715042 0.7211283445358276
v 0.04764134809374809 0.21055974066257477 0.6837257146835327
v 0.12896041572093964 0.20254263281822205 0.6585854887962341
v 0.2218507081270218 0.2109469771385193 0.6865991353988647
v -0.15286527574062347 0.20377349853515625 0.6596943736076355
v -0.0758892223238945 0.22224633395671844 0.7220231294631958
v 0.013493542559444904 0.22242644429206848 0.7187595367431641
v 0.09806203097105026 0.20931026339530945 0.6765478849411011
v 0.1783526986837387 0.20315434038639069 0.6595019102096558
v -0.19745981693267822 0.21760785579681396 0.7006931304931641
v -0.10203614830970764 0.20357666909694672 0.653722882270813
v -0.021296368911862373 0.22375686466693878 0.7201484441757202
v 0.06495877355337143 0.21145518124103546 0.6805415749549866
v 0.14580155909061432 0.20348238945007324 0.6566834449768066
v -0.24791721999645233 0.23323041200637817 0.746793270111084
v -0.13432812690734863 0.20393775403499603 0.6535466909408569
v -0.05656955763697624 0.22371017932891846 0.7199646234512329
v 0.03170941025018692 0.21300652623176575 0.6838993430137634
v 0.1124829575419426 0.2043587565422058 0.6550126075744629
v 0.1995287388563156 0.20788177847862244 0.6686444282531738
v -0.1733800172805786 0.2128111869096756 0.6792175769805908
v -0.08492817729711533 0.2047964632511139 0.6519895792007446
v -0.002569375792518258 0.2242656648159027 0.7169883847236633
v 0.08224799484014511 0.21214768290519714 0.6765468120574951
v 0.1621512919664383 0.20482151210308075 0.6556475162506104
v -0.2206731140613556 0.22752730548381805 0.722723126411438
v -0.11644770205020905 0.20506809651851654 0.6508851051330566
v -0.037848472595214844 0.22544151544570923 0.7172778844833374
v 0.04907712712883949 0.2137073278427124 0.6799763441085815
v 0.129632368683815 0.20491045713424683 0.6527875661849976
v 0.22566865384578705 0.21707752346992493 0.6918179988861084
v -0.15080705285072327 0.20770566165447235 0.6580060720443726
v -0.06662201881408691 0.20471474528312683 0.649929404258728
v 0.015234616585075855 0.2250765562057495 0.7122718691825867
v 0.09691422432661057 0.20614086091518402 0.6521135568618774
v 0.1785619556903839 0.20604297518730164 0.6543165445327759
v -0.19531755149364471 0.22207361459732056 0.699762225151062
v -0.09944559633731842 0.20616605877876282 0.6482473611831665
v -0.019152868539094925 0.22656980156898499 0.7143115997314453
v 0.06639053672552109 0.21451984345912933 0.6765379309654236
v 0.14620573818683624 0.2061031460762024 0.651185154914856
v -0.24534207582473755 0.23802641034126282 0.7456846833229065
v -0.13151270151138306 0.20678676664829254 0.6479572057723999
v -0.05455765500664711 0.2268470972776413 0.715367317199707
v 0.03322511166334152 0.21651603281497955 0.6805053949356079
v 0.11342096328735352 0.2066042125225067 0.6493368744850159
v 0.20296427607536316 0.21411477029323578 0.673759400844574
v -0.17175191640853882 0.21731680631637573 0.6789421439170837
v -0.08249303698539734 0.20708753168582916 0.6460899114608765
v -0.0007518896600231528 0.22691962122917175 0.7103188037872314
v 0.08360318839550018 0.21510474383831024 0.6721684336662292
v 0.1623920053243637 0.20764562487602234 0.650287389755249
v -0.21867279708385468 0.23216946423053741 0.7218219637870789
v -0.11386794596910477 0.20781584084033966 0.6450192928314209
v -0.03572720289230347 0.22829009592533112 0.7123187780380249
v 0.05047548562288284 0.2168930470943451 0.676153838634491
v 0.13027745485305786 0.20728015899658203 0.6469948291778564
v 0.22924110293388367 0.22326260805130005 0.6968428492546082
v -0.1490844488143921 0.21208526194095612 0.6572979688644409
v -0.0643412321805954 0.20723634958267212 0.6429635286331177
v 0.016767069697380066 0.2276984304189682 0.7053587436676025
v 0.0977599173784256 0.20837929844856262 0.6458101272583008
v 0.18085619807243347 0.21107159554958344 0.655998945236206
v -0.19322162866592407 0.2264758199453354 0.6988604068756104
v -0.09692755341529846 0.20873217284679413 0.6428765654563904
v -0.017026806250214577 0.2290779948234558 0.7080456018447876
v 0.06786330044269562 0.21753950417041779 0.6723912954330444
v 0.14659936726093292 0.2087654322385788 0.6457346677780151
v -0.24300675094127655 0.2427019476890564 0.7447389364242554
v -0.12891602516174316 0.20963098108768463 0.6428636312484741
v -0.052293986082077026 0.22965002059936523 0.7091064453125
v 0.034588996320962906 0.22070157527923584 0.6770676374435425
v 0.11415514349937439 0.20900395512580872 0.6436030864715576
v 0.20606806874275208 0.22060871124267578 0.6785305142402649
v -0.17009080946445465 0.22183305025100708 0.6785829067230225
v -0.08003938943147659 0.2094472199678421 0.6401744484901428
v 0.0010480631608515978 0.2293260097503662 0.7038744688034058
v 0.0826420933008194 0.2107081264257431 0.6428897380828857
v 0.16293153166770935 0.2107902318239212 0.6454836130142212
v -0.2166639268398285 0.23683390021324158 0.7212000489234924
v -0.11135296523571014 0.2103511542081833 0.6393014192581177
v -0.03360876441001892 0.2310432642698288 0.7062479257583618
v 0.05168965458869934 0.22029432654380798 0.6720168590545654
v 0.13076163828372955 0.20987774431705475 0.6415517330169678
v 0.23283134400844574 0.2298399657011032 0.70206618309021
v -0.14755432307720184 0.21661600470542908 0.6569369435310364
v -0.06242132931947708 0.2098952978849411 0.6368151903152466
v 0.01821657083928585 0.23022469878196716 0.6992706060409546
v 0.09859415143728256 0.21095527708530426 0.6400508880615234
v 0.1844712644815445 0.21761398017406464 0.6611936688423157
v -0.19123537838459015 0.23099234700202942 0.6984323859214783
v -0.0944344624876976 0.211101233959198 0.6373937129974365
v -0.015069711953401566 0.23124702274799347 0.7017231583595276
v 0.06909660995006561 0.22071394324302673 0.6678420305252075
v 0.14699313044548035 0.21149887144565582 0.6405289769172668
v -0.24076703190803528 0.24753372371196747 0.7440471649169922
v -0.12667188048362732 0.21266350150108337 0.6390587687492371
v -0.04944637045264244 0.23158355057239532 0.7013468146324158
v 0.03627743944525719 0.22468508780002594 0.6738719940185547
v 0.1148524060845375 0.21154291927814484 0.6380168199539185
v 0.20904923975467682 0.22729116678237915 0.6829739809036255
v -0.1682262420654297 0.22641529142856598 0.6781619787216187
v -0.0775545984506607 0.2117414027452469 0.6344902515411377
v 0.0028554340824484825 0.2316375970840454 0.6969507932662964
v 0.08368507027626038 0.213242307305336 0.6359390020370483
v 0.16438765823841095 0.2150983214378357 0.6445131897926331
v -0.21422280371189117 0.241643026471138 0.7208630442619324
v -0.10892367362976074 0.21273986995220184 0.6340212225914001
v -0.031230278313159943 0.23327721655368805 0.6989924311637878
v 0.0526723675429821 0.2235274463891983 0.6677558422088623
v 0.13096638023853302 0.21238967776298523 0.6364948749542236
v 0.2364068180322647 0.23654629290103912 0.707669734954834
v -0.14574941992759705 0.22145631909370422 0.6567075252532959
v -0.06046383082866669 0.21226535737514496 0.6306197643280029
v 0.019548367708921432 0.2324231117963791 0.6926478147506714
v 0.09902961552143097 0.21339109539985657 0.6347368955612183
v 0.1875506490468979 0.22433531284332275 0.6656163930892944
v -0.18920615315437317 0.23594462871551514 0.6981977224349976
v -0.09217379987239838 0.21330232918262482 0.6318300366401672
v -0.012767266482114792 0.23338964581489563 0.6922423839569092
v 0.06879302859306335 0.22329840064048767 0.6609933376312256
v 0.1472468227148056 0.21439503133296967 0.6357568502426147
v -0.23861147463321686 0.25320374965667725 0.7440212965011597
v -0.12463553994894028 0.21687397360801697 0.6375534534454346
v -0.04194258153438568 0.2153007984161377 0.6268628835678101
v 0.0375659242272377 0.22697153687477112 0.6681125164031982
v 0.11496102064847946 0.2140856832265854 0.632402777671814
v 0.21181996166706085 0.23440881073474884 0.6873341798782349
v -0.16595737636089325 0.232646182179451 0.6781092882156372
v -0.07555817067623138 0.21445243060588837 0.6283485889434814
v 0.004964558873325586 0.2341383844614029 0.6878190040588379
v 0.08423671126365662 0.2160370945930481 0.6287389993667603
v 0.16666102409362793 0.22200584411621094 0.6480469703674316
v -0.2117357850074768 0.24917198717594147 0.721321702003479
v -0.1065414547920227 0.21600234508514404 0.6276248693466187
v -0.02560836635529995 0.22177639603614807 0.6324548125267029
v 0.05347852036356926 0.22790592908859253 0.6622089147567749
v 0.13037078082561493 0.21617570519447327 0.6303757429122925
v 0.24202755093574524 0.2513991594314575 0.717285692691803
