HIERARCHY
ROOT Hips
{
	OFFSET -0.001795 -0.223333 0.028219
	CHANNELS 6 Xposition Yposition Zposition Zrotation Yrotation Xrotation 
	JOINT LeftUpLeg
	{
		OFFSET 0.069520 -0.091406 -0.006815
		CHANNELS 3 Zrotation Yrotation Xrotation
		JOINT LeftLeg
		{
			OFFSET 0.034277 -0.375199 -0.004496
			CHANNELS 3 Zrotation Yrotation Xrotation
			JOINT LeftFoot
			{
				OFFSET -0.013596 -0.397961 -0.043693
				CHANNELS 3 Zrotation Yrotation Xrotation
				JOINT LeftToe
				{
					OFFSET 0.026358 -0.055791 0.119288
					CHANNELS 3 Zrotation Yrotation Xrotation
					End Site
					{
						OFFSET 0.000000 0.000000 0.000000
					}
				}
			}
		}
	}
	JOINT RightUpLeg
	{
		OFFSET -0.067670 -0.090522 -0.004320
		CHANNELS 3 Zrotation Yrotation Xrotation
		JOINT RightLeg
		{
			OFFSET -0.038290 -0.382569 -0.008850
			CHANNELS 3 Zrotation Yrotation Xrotation
			JOINT RightFoot
			{
				OFFSET 0.015774 -0.398415 -0.042312
				CHANNELS 3 Zrotation Yrotation Xrotation
				JOINT RightToe
				{
					OFFSET -0.025372 -0.048144 0.123348
					CHANNELS 3 Zrotation Yrotation Xrotation
					End Site
					{
						OFFSET 0.000000 0.000000 0.000000
					}
				}
			}
		}
	}
	JOINT Spine
	{
		OFFSET -0.002533 0.108963 -0.026696
		CHANNELS 3 Zrotation Yrotation Xrotation
		JOINT Spine1
		{
			OFFSET 0.005487 0.135180 0.001092
			CHANNELS 3 Zrotation Yrotation Xrotation
			JOINT Spine2
			{
				OFFSET 0.001457 0.052922 0.025425
				CHANNELS 3 Zrotation Yrotation Xrotation
				JOINT Neck
				{
					OFFSET -0.002778 0.213870 -0.042857
					CHANNELS 3 Zrotation Yrotation Xrotation
					JOINT Head
					{
						OFFSET 0.005152 0.064970 0.051349
						CHANNELS 3 Zrotation Yrotation Xrotation
						End Site
						{
							OFFSET 0.000000 0.000000 0.000000
						}
					}
				}
				JOINT LeftShoulder
				{
					OFFSET 0.078845 0.121749 -0.034090
					CHANNELS 3 Zrotation Yrotation Xrotation
					JOINT LeftArm
					{
						OFFSET 0.090977 0.030469 -0.008868
						CHANNELS 3 Zrotation Yrotation Xrotation
						JOINT LeftForeArm
						{
							OFFSET 0.259612 -0.012772 -0.027456
							CHANNELS 3 Zrotation Yrotation Xrotation
							JOINT LeftHand
							{
								OFFSET 0.249234 0.008986 -0.001171
								CHANNELS 3 Zrotation Yrotation Xrotation
								End Site
								{
									OFFSET 0.000000 0.000000 0.000000
								}
							}
						}
					}
				}
				JOINT RightShoulder
				{
					OFFSET -0.081759 0.118833 -0.038615
					CHANNELS 3 Zrotation Yrotation Xrotation
					JOINT RightArm
					{
						OFFSET -0.096012 0.032551 -0.009143
						CHANNELS 3 Zrotation Yrotation Xrotation
						JOINT RightForeArm
						{
							OFFSET -0.253742 -0.013329 -0.021401
							CHANNELS 3 Zrotation Yrotation Xrotation
							JOINT RightHand
							{
								OFFSET -0.255298 0.007772 -0.005559
								CHANNELS 3 Zrotation Yrotation Xrotation
								End Site
								{
									OFFSET 0.000000 0.000000 0.000000
								}
							}
						}
					}
				}
			}
		}
	}
}
MOTION
Frames: 196
Frame Time: 0.050000
0.000000 0.952952 0.000000 -1.119760 -0.038320 0.347045 6.001594 0.163606 6.281398 -3.135989 0.385902 -6.728374 -0.911307 4.321647 15.562345 0.000000 0.000000 0.000000 -1.942387 -0.429463 5.696808 2.364711 -0.358973 -5.791553 -7.466333 -18.994872 20.275431 0.000000 0.000000 0.000000 -1.931720 -0.012427 1.257364 3.453368 -0.312212 -22.566357 -1.198566 0.041730 29.414016 1.067239 0.992090 -26.774227 0.000000 0.000000 0.000000 -26.459529 3.361680 -3.702420 -53.502309 -6.160476 -6.256114 -6.005061 -18.839663 1.973324 0.000000 0.000000 0.000000 17.293054 1.418706 -0.087164 61.455645 3.830545 -6.836756 3.767122 21.477153 1.658812 0.000000 0.000000 0.000000 
0.000079 0.951768 0.000533 -1.175965 -0.555825 0.754648 6.552136 0.133192 6.299599 -4.127353 0.440648 -7.307707 -0.682383 4.585162 15.520454 0.000000 0.000000 0.000000 -1.946465 -0.344618 4.766938 2.382168 -0.341073 -4.961515 -7.349571 -18.857325 19.606683 0.000000 0.000000 0.000000 -1.843191 0.011185 0.355514 3.476263 -0.375952 -21.661406 -1.485122 0.387660 28.830742 0.842279 1.139286 -26.803062 0.000000 0.000000 0.000000 -27.176774 4.466123 -4.555076 -53.117434 -5.882030 -6.274823 -6.369333 -19.029449 2.056545 0.000000 0.000000 0.000000 17.034624 1.077360 -0.275936 62.808795 2.481162 -7.591389 3.101341 23.449789 1.731786 0.000000 0.000000 0.000000 
0.000245 0.951510 0.000813 -0.752392 -0.500765 0.935802 6.166413 0.125024 5.475316 -4.276212 0.450256 -6.206103 -0.638092 4.582844 15.284760 0.000000 0.000000 0.000000 -2.238041 -0.326491 4.802967 2.075737 -0.330130 -5.337726 -7.424139 -18.961676 19.521128 0.000000 0.000000 0.000000 -1.795466 0.014836 0.228955 2.765451 -0.159083 -22.198368 -1.466347 -0.208930 29.045317 0.671138 1.114922 -26.454670 0.000000 0.000000 0.000000 -26.783161 4.102663 -4.049945 -53.504382 -5.816650 -6.404642 -4.618329 -18.604546 1.742855 0.000000 0.000000 0.000000 17.192172 1.867351 -0.008006 62.746662 2.075019 -7.809613 2.640474 22.339236 1.514301 0.000000 0.000000 0.000000 
0.000334 0.951811 0.001093 -0.670660 -0.733080 0.906700 6.268309 0.134957 5.747994 -4.670328 0.473417 -6.532819 -0.618901 4.664519 15.558658 0.000000 0.000000 0.000000 -2.380041 -0.321215 4.893405 2.106562 -0.332813 -5.461895 -7.283858 -18.772349 19.545304 0.000000 0.000000 0.000000 -2.034804 0.023390 0.002739 3.135811 -0.256836 -22.244146 -1.747092 -0.174462 29.106547 0.766666 1.008188 -25.917505 0.000000 0.000000 0.000000 -27.454989 5.084834 -4.745342 -53.374633 -5.383841 -6.579846 -5.085286 -18.222957 1.785719 0.000000 0.000000 0.000000 17.260098 1.965378 0.015169 62.704225 1.808138 -7.959818 3.293987 22.152833 1.609059 0.000000 0.000000 0.000000 
0.000351 0.952509 0.001206 -0.642613 -0.476474 0.764803 6.085897 0.137024 5.600347 -4.344553 0.454659 -6.072362 -0.734906 4.532351 15.589442 0.000000 0.000000 0.000000 -2.252501 -0.343042 5.010879 1.870915 -0.318474 -5.335959 -7.393605 -18.921558 19.807257 0.000000 0.000000 0.000000 -2.008604 0.014367 0.324143 3.301645 -0.318349 -21.833647 -1.978630 -0.235401 28.430220 0.645741 1.062907 -25.234397 0.000000 0.000000 0.000000 -27.203108 5.132492 -4.815037 -53.565066 -5.194394 -6.591172 -5.087035 -18.266157 1.780410 0.000000 0.000000 0.000000 17.063075 1.884541 -0.009834 62.862397 1.657066 -7.975679 3.409469 21.354134 1.552763 0.000000 0.000000 0.000000 
0.000414 0.953077 0.001261 -0.553609 -0.409431 0.771432 6.059254 0.133144 5.488610 -4.459783 0.461555 -5.912433 -0.811560 4.478224 15.765139 0.000000 0.000000 0.000000 -2.469036 -0.340202 5.162761 2.088007 -0.336745 -5.603792 -7.374102 -18.888837 20.040339 0.000000 0.000000 0.000000 -2.232281 0.020057 0.204258 3.421697 -0.329987 -22.170908 -2.040579 -0.404090 28.837979 0.643299 1.025325 -25.051464 0.000000 0.000000 0.000000 -27.248898 5.493226 -4.993454 -53.693706 -5.134648 -6.684483 -5.436370 -18.435072 1.866135 0.000000 0.000000 0.000000 16.963511 1.760296 -0.088948 62.731530 1.522343 -8.084619 3.821300 21.113876 1.598128 0.000000 0.000000 0.000000 
0.000472 0.953345 0.001183 -0.594109 -0.362110 0.721432 6.061156 0.132684 5.490714 -4.379954 0.456639 -5.844842 -0.838646 4.454869 15.799590 0.000000 0.000000 0.000000 -2.363742 -0.338612 5.036550 1.981683 -0.324257 -5.284581 -7.410374 -18.939959 20.081665 0.000000 0.000000 0.000000 -2.243152 0.017401 0.314962 3.584870 -0.384777 -21.949333 -2.184963 -0.515434 28.578949 0.776367 0.923996 -24.875678 0.000000 0.000000 0.000000 -27.376328 5.559060 -5.038528 -53.462597 -4.840645 -6.769572 -5.690859 -18.812893 1.949524 0.000000 0.000000 0.000000 17.032465 1.943736 -0.021982 62.580029 1.468918 -8.069787 3.833274 21.203786 1.601065 0.000000 0.000000 0.000000 
0.000550 0.953312 0.001010 -0.690709 -0.399353 0.729207 6.074096 0.123372 5.261714 -4.234037 0.449448 -5.466155 -0.763890 4.518073 15.648156 0.000000 0.000000 0.000000 -2.336215 -0.329909 4.906032 2.116148 -0.324361 -4.914699 -7.279019 -18.731432 19.592712 0.000000 0.000000 0.000000 -2.197010 0.016210 0.345433 3.544884 -0.375246 -21.945809 -2.117139 -0.513813 28.713746 0.822632 0.879003 -24.692178 0.000000 0.000000 0.000000 -27.536548 5.309674 -4.885168 -52.976889 -4.942662 -6.698522 -6.097668 -19.158013 2.053588 0.000000 0.000000 0.000000 17.227243 1.911449 -0.049466 62.288335 1.635515 -7.971534 3.894642 21.254862 1.616256 0.000000 0.000000 0.000000 
0.000620 0.953201 0.000778 -0.666722 -0.358848 0.714047 6.087986 0.120637 5.226891 -4.303392 0.453551 -5.412992 -0.780083 4.487174 15.610350 0.000000 0.000000 0.000000 -2.384984 -0.322231 4.845335 2.175499 -0.322842 -4.644809 -7.234575 -18.646161 19.164613 0.000000 0.000000 0.000000 -2.233845 0.015370 0.401598 3.683935 -0.411161 -21.942493 -2.154883 -0.451883 28.682847 0.935695 0.808529 -24.428166 0.000000 0.000000 0.000000 -27.636854 5.190794 -4.851998 -52.745505 -5.126835 -6.592863 -6.476523 -19.380703 2.139233 0.000000 0.000000 0.000000 17.356472 1.908966 -0.038250 61.933647 1.676715 -7.910531 4.097684 21.483514 1.672457 0.000000 0.000000 0.000000 
0.000652 0.953256 0.000505 -0.702943 -0.392804 0.668520 6.079345 0.121072 5.191842 -4.228124 0.449611 -5.285424 -0.749465 4.519672 15.575548 0.000000 0.000000 0.000000 -2.457884 -0.313448 4.797402 2.368554 -0.329115 -4.320451 -7.084907 -18.402607 18.685841 0.000000 0.000000 0.000000 -2.207477 0.015810 0.349646 3.666743 -0.421695 -21.701617 -2.126594 -0.350435 28.656618 0.997198 0.775937 -24.275723 0.000000 0.000000 0.000000 -27.705190 4.948004 -4.735622 -52.512077 -5.209104 -6.525098 -6.766180 -19.639613 2.213119 0.000000 0.000000 0.000000 17.587209 2.046863 0.041431 61.765890 1.866077 -7.793050 3.873087 21.633276 1.649928 0.000000 0.000000 0.000000 
0.000628 0.953331 0.000188 -0.687029 -0.254861 0.698941 6.211931 0.109784 5.190794 -4.460098 0.461883 -5.418304 -0.848244 4.410352 15.655476 0.000000 0.000000 0.000000 -2.552751 -0.307074 4.780880 2.566723 -0.341074 -4.192188 -7.066384 -18.346304 18.343855 0.000000 0.000000 0.000000 -2.259622 0.016226 0.369182 3.746221 -0.437120 -21.750714 -2.168657 -0.398481 28.672625 1.064674 0.743100 -24.322126 0.000000 0.000000 0.000000 -27.688213 4.807816 -4.656089 -52.303125 -5.472212 -6.394013 -7.065011 -20.013103 2.308169 0.000000 0.000000 0.000000 17.689658 1.988497 0.016622 61.656979 1.976271 -7.728668 3.955623 21.621315 1.664840 0.000000 0.000000 0.000000 
0.000545 0.953470 -0.000120 -0.718204 -0.045067 0.683994 6.379799 0.096934 5.229745 -4.639592 0.469795 -5.554599 -0.983604 4.257839 15.736374 0.000000 0.000000 0.000000 -2.530701 -0.318160 4.870706 2.678853 -0.349783 -4.159110 -7.091734 -18.356814 18.092803 0.000000 0.000000 0.000000 -2.345030 0.017185 0.362322 3.845267 -0.458114 -21.766711 -2.124329 -0.559197 28.722459 1.187036 0.657420 -24.266963 0.000000 0.000000 0.000000 -27.701952 4.824842 -4.657566 -52.079078 -5.722117 -6.277076 -7.620027 -20.252586 2.436140 0.000000 0.000000 0.000000 17.685668 1.993613 0.014088 61.632224 2.068731 -7.683010 3.924719 21.677548 1.663518 0.000000 0.000000 0.000000 
0.000462 0.953696 -0.000408 -0.791919 0.097519 0.694909 6.542283 0.086587 5.318554 -4.744095 0.472282 -5.807182 -1.088608 4.154782 15.854992 0.000000 0.000000 0.000000 -2.466710 -0.331121 4.959221 2.735458 -0.357996 -4.381739 -7.133156 -18.414073 18.352632 0.000000 0.000000 0.000000 -2.399862 0.019101 0.301882 3.892289 -0.465189 -21.814927 -2.003749 -0.625607 28.860161 1.177369 0.666554 -24.312088 0.000000 0.000000 0.000000 -27.833652 4.818056 -4.678332 -51.719917 -5.837609 -6.208705 -8.106563 -20.683900 2.579803 0.000000 0.000000 0.000000 17.795149 1.857638 -0.051482 61.567899 2.075120 -7.693749 4.115319 21.855035 1.717585 0.000000 0.000000 0.000000 
0.000413 0.953756 -0.000651 -0.874465 0.102867 0.664569 6.650468 0.080128 5.324967 -4.767675 0.473409 -5.788667 -1.087275 4.154172 15.843849 0.000000 0.000000 0.000000 -2.385706 -0.340202 4.998637 2.794487 -0.362833 -4.429616 -7.180857 -18.490088 18.408065 0.000000 0.000000 0.000000 -2.438952 0.019094 0.315781 4.021549 -0.497895 -21.840604 -1.932565 -0.670372 28.920983 1.298922 0.576862 -24.207422 0.000000 0.000000 0.000000 -27.997125 4.890797 -4.732100 -51.343621 -5.977546 -6.129805 -8.533873 -20.826562 2.677773 0.000000 0.000000 0.000000 17.791379 1.874571 -0.049514 61.376574 2.017725 -7.714492 4.324043 22.147678 1.780552 0.000000 0.000000 0.000000 
0.000397 0.953883 -0.000837 -0.933442 0.166173 0.640850 6.706908 0.077099 5.373910 -4.737738 0.470449 -5.870465 -1.127346 4.114515 15.879762 0.000000 0.000000 0.000000 -2.347370 -0.354521 5.130911 2.712373 -0.362290 -4.700961 -7.013807 -18.235723 18.739694 0.000000 0.000000 0.000000 -2.453324 0.019535 0.290343 3.994005 -0.489692 -21.846338 -1.858943 -0.667555 28.963996 1.344804 0.557499 -24.245502 0.000000 0.000000 0.000000 -28.086137 5.032761 -4.853993 -51.191673 -5.894150 -6.151524 -8.816632 -20.963690 2.749210 0.000000 0.000000 0.000000 17.789661 1.733613 -0.112010 61.326311 1.883595 -7.783998 4.740920 22.486071 1.891956 0.000000 0.000000 0.000000 
0.000407 0.953836 -0.000969 -0.929291 0.199167 0.583579 6.828875 0.072537 5.462386 -4.951281 0.481672 -5.938268 -1.168356 4.066368 15.908945 0.000000 0.000000 0.000000 -2.326802 -0.370083 5.298631 2.518714 -0.357117 -5.120992 -6.939920 -18.139270 19.371198 0.000000 0.000000 0.000000 -2.534365 0.018956 0.348447 4.045374 -0.499425 -21.906422 -1.850138 -0.681992 29.002053 1.361755 0.542161 -24.175575 0.000000 0.000000 0.000000 -28.109040 5.244041 -4.996078 -51.125386 -5.806257 -6.187562 -9.003975 -20.820534 2.765019 0.000000 0.000000 0.000000 17.703825 1.709473 -0.116739 61.275893 1.570748 -7.944839 5.184290 23.186495 2.048598 0.000000 0.000000 0.000000 
0.000379 0.954011 -0.001069 -0.937724 0.196241 0.508090 6.891787 0.073056 5.564017 -5.039495 0.486367 -5.982728 -1.194701 4.050326 15.982156 0.000000 0.000000 0.000000 -2.238735 -0.389123 5.451047 2.250765 -0.348763 -5.526273 -6.909062 -18.122411 20.155202 0.000000 0.000000 0.000000 -2.592998 0.018397 0.384579 4.103336 -0.510828 -21.977333 -1.850035 -0.624734 29.085330 1.393994 0.531169 -24.186954 0.000000 0.000000 0.000000 -28.107852 5.360297 -5.088913 -51.076418 -5.527125 -6.300723 -9.225386 -20.682599 2.784746 0.000000 0.000000 0.000000 17.728483 1.510913 -0.208204 61.008544 1.412631 -8.007992 5.867705 23.681030 2.236456 0.000000 0.000000 0.000000 
0.000319 0.954099 -0.001134 -0.976960 0.184451 0.501453 7.060495 0.066271 5.687381 -5.254480 0.496022 -6.189478 -1.227168 4.032640 16.085856 0.000000 0.000000 0.000000 -2.222864 -0.403611 5.614559 2.175274 -0.355150 -6.052652 -6.834038 -18.038985 20.894873 0.000000 0.000000 0.000000 -2.565637 0.017141 0.430969 4.089519 -0.501559 -22.074004 -1.864012 -0.644855 29.071012 1.306271 0.580272 -24.177992 0.000000 0.000000 0.000000 -27.994953 5.664255 -5.263065 -51.171042 -5.412733 -6.357806 -9.447614 -20.330956 2.776453 0.000000 0.000000 0.000000 17.605426 1.446125 -0.242797 60.956602 1.088741 -8.163942 6.519145 24.482128 2.458300 0.000000 0.000000 0.000000 
0.000221 0.954256 -0.001191 -0.957800 -0.004440 0.460847 7.089421 0.070635 5.708067 -5.366442 0.506253 -6.099149 -1.155447 4.136536 16.149412 0.000000 0.000000 0.000000 -2.141252 -0.415687 5.713891 1.876853 -0.346972 -6.436293 -6.758164 -17.976627 21.547698 0.000000 0.000000 0.000000 -2.547562 0.015698 0.485066 4.036018 -0.482806 -22.197768 -1.851055 -0.578525 29.163451 1.267635 0.591048 -24.133793 0.000000 0.000000 0.000000 -27.998510 5.720710 -5.275230 -51.182010 -5.178873 -6.469681 -9.638100 -19.979105 2.759734 0.000000 0.000000 0.000000 17.553517 1.411606 -0.271238 60.857529 0.991455 -8.213483 7.043831 24.979904 2.623829 0.000000 0.000000 0.000000 
0.000132 0.954209 -0.001228 -0.940877 -0.063698 0.426508 7.145274 0.069688 5.722091 -5.496713 0.515262 -6.043332 -1.134946 4.160437 16.152127 0.000000 0.000000 0.000000 -2.183661 -0.416563 5.770134 1.915936 -0.349715 -6.484550 -6.722982 -17.931595 21.515145 0.000000 0.000000 0.000000 -2.551526 0.013675 0.583241 4.003374 -0.480784 -22.109970 -1.883850 -0.601273 28.960285 1.276204 0.587286 -24.250535 0.000000 0.000000 0.000000 -27.957126 5.912166 -5.384313 -51.277219 -4.950783 -6.552059 -9.488721 -19.677363 2.688966 0.000000 0.000000 0.000000 17.603598 1.282546 -0.364878 60.744346 0.732576 -8.305586 7.596566 25.336241 2.779016 0.000000 0.000000 0.000000 
0.000049 0.954141 -0.001251 -0.932969 -0.194940 0.355618 7.129776 0.077316 5.795606 -5.499567 0.517974 -5.997288 -1.070015 4.233962 16.127659 0.000000 0.000000 0.000000 -2.175952 -0.420963 5.832470 1.866833 -0.346606 -6.486004 -6.657867 -17.849288 21.442752 0.000000 0.000000 0.000000 -2.612103 0.012039 0.694318 4.007815 -0.477960 -22.219754 -1.820891 -0.538274 28.992445 1.312147 0.566805 -24.311885 0.000000 0.000000 0.000000 -27.888887 5.971271 -5.401298 -51.399718 -4.804826 -6.630141 -9.441970 -19.341188 2.632794 0.000000 0.000000 0.000000 17.636585 1.135191 -0.451802 60.644415 0.512620 -8.406797 7.936448 25.712014 2.900722 0.000000 0.000000 0.000000 
-0.000014 0.954103 -0.001270 -0.909390 -0.270925 0.297034 7.110563 0.083707 5.866740 -5.517273 0.520414 -5.988141 -1.039202 4.271279 16.128294 0.000000 0.000000 0.000000 -2.220152 -0.425060 5.934585 1.889393 -0.348900 -6.569473 -6.613054 -17.789543 21.410989 0.000000 0.000000 0.000000 -2.653168 0.010560 0.787404 3.938649 -0.461639 -22.224235 -1.781382 -0.586983 28.979118 1.199898 0.632347 -24.508003 0.000000 0.000000 0.000000 -27.881254 6.123914 -5.463118 -51.522360 -4.722270 -6.685543 -9.149540 -19.032958 2.543011 0.000000 0.000000 0.000000 17.600225 1.086607 -0.500559 60.561146 0.377076 -8.462722 8.382840 25.880715 3.013718 0.000000 0.000000 0.000000 
-0.000048 0.954174 -0.001308 -0.893366 -0.408295 0.275601 7.113803 0.086379 5.823218 -5.575599 0.528476 -5.836170 -0.976544 4.352615 16.140707 0.000000 0.000000 0.000000 -2.285744 -0.417795 5.927837 1.950022 -0.350413 -6.548989 -6.538156 -17.694244 21.379170 0.000000 0.000000 0.000000 -2.661381 0.009646 0.847271 3.931954 -0.459550 -22.271565 -1.756609 -0.479200 29.008030 1.293125 0.584921 -24.569629 0.000000 0.000000 0.000000 -27.978992 6.179853 -5.520208 -51.526606 -4.686600 -6.704133 -8.879939 -18.828735 2.469477 0.000000 0.000000 0.000000 17.738574 0.943023 -0.581590 60.455656 0.296978 -8.494799 8.549376 25.870357 3.050729 0.000000 0.000000 0.000000 
-0.000077 0.954440 -0.001372 -0.903624 -0.516573 0.328270 7.034571 0.092521 5.809074 -5.439334 0.520836 -5.891498 -0.926862 4.436753 16.221866 0.000000 0.000000 0.000000 -2.356379 -0.407430 5.885302 2.078092 -0.357158 -6.609321 -6.457264 -17.592923 21.451924 0.000000 0.000000 0.000000 -2.659821 0.008776 0.927903 3.908263 -0.456039 -22.255376 -1.681546 -0.434034 28.885797 1.260803 0.617639 -24.774212 0.000000 0.000000 0.000000 -28.085685 6.216100 -5.559038 -51.656787 -4.722234 -6.691163 -8.471851 -18.507805 2.357315 0.000000 0.000000 0.000000 17.810150 0.778177 -0.685470 60.490145 0.124798 -8.568668 8.630789 25.846560 3.062853 0.000000 0.000000 0.000000 
-0.000101 0.954624 -0.001426 -0.922213 -0.556374 0.323736 7.001587 0.092278 5.701185 -5.350479 0.518680 -5.691269 -0.894286 4.478635 16.214616 0.000000 0.000000 0.000000 -2.312923 -0.402598 5.788079 2.031793 -0.351271 -6.444895 -6.442231 -17.576316 21.461894 0.000000 0.000000 0.000000 -2.671918 0.006405 1.072360 3.924130 -0.456418 -22.335764 -1.670932 -0.434570 28.928206 1.246012 0.640549 -25.044812 0.000000 0.000000 0.000000 -28.155535 6.230689 -5.568293 -51.716817 -4.773141 -6.682263 -8.334622 -18.372672 2.317527 0.000000 0.000000 0.000000 17.929118 0.762301 -0.708757 60.543382 0.028066 -8.626014 8.504566 25.911989 3.044914 0.000000 0.000000 0.000000 
-0.000122 0.954934 -0.001480 -0.899924 -0.565445 0.313027 6.955549 0.093272 5.626698 -5.310684 0.518185 -5.549052 -0.898254 4.490651 16.277753 0.000000 0.000000 0.000000 -2.271767 -0.404015 5.768103 1.915436 -0.344635 -6.401324 -6.432360 -17.567132 21.535946 0.000000 0.000000 0.000000 -2.760770 0.006068 1.185039 3.999544 -0.475727 -22.345231 -1.611267 -0.471842 28.847214 1.270137 0.640254 -25.338625 0.000000 0.000000 0.000000 -28.243570 6.196106 -5.546374 -51.801323 -4.745289 -6.698348 -8.173696 -18.231685 2.272685 0.000000 0.000000 0.000000 17.904898 0.799493 -0.701446 60.651288 -0.138893 -8.712467 8.423083 25.909646 3.023180 0.000000 0.000000 0.000000 
-0.000141 0.955187 -0.001538 -0.920126 -0.533340 0.365797 6.969862 0.086356 5.489568 -5.289187 0.517712 -5.430320 -0.912675 4.485284 16.319428 0.000000 0.000000 0.000000 -2.258309 -0.401836 5.725725 1.941211 -0.346745 -6.431838 -6.432460 -17.568235 21.639212 0.000000 0.000000 0.000000 -2.840342 0.007706 1.214153 4.081750 -0.488890 -22.449907 -1.591919 -0.491752 28.930754 1.314985 0.624220 -25.522064 0.000000 0.000000 0.000000 -28.223154 6.228848 -5.561999 -51.862972 -4.800374 -6.691453 -8.278391 -18.331109 2.305501 0.000000 0.000000 0.000000 17.948660 0.792543 -0.705817 60.706275 -0.212072 -8.765577 8.206110 25.936764 2.981973 0.000000 0.000000 0.000000 
-0.000175 0.955339 -0.001614 -0.938715 -0.577553 0.446690 6.897729 0.086374 5.367757 -5.136224 0.509108 -5.371187 -0.874663 4.540018 16.333966 0.000000 0.000000 0.000000 -2.314150 -0.390805 5.651595 2.074369 -0.353752 -6.477094 -6.394209 -17.519503 21.693410 0.000000 0.000000 0.000000 -2.852361 0.009045 1.194387 4.145349 -0.506269 -22.429034 -1.552842 -0.454490 28.860668 1.437264 0.564013 -25.649019 0.000000 0.000000 0.000000 -28.087110 6.100110 -5.461500 -52.013830 -4.899429 -6.655896 -8.308941 -18.437502 2.323398 0.000000 0.000000 0.000000 17.777994 0.926223 -0.622151 60.830660 -0.285804 -8.808310 8.004337 26.050381 2.951846 0.000000 0.000000 0.000000 
-0.000222 0.955443 -0.001716 -0.949588 -0.571038 0.557018 6.906987 0.081010 5.282423 -5.129108 0.507505 -5.449330 -0.880273 4.547430 16.388391 0.000000 0.000000 0.000000 -2.296018 -0.390653 5.638428 2.074029 -0.357918 -6.681202 -6.380001 -17.501549 21.783510 0.000000 0.000000 0.000000 -2.882765 0.010575 1.205738 4.188240 -0.512122 -22.497771 -1.487030 -0.409102 28.814144 1.432718 0.589668 -25.842150 0.000000 0.000000 0.000000 -28.081269 5.981049 -5.404103 -51.930287 -5.007936 -6.592259 -8.529592 -18.692660 2.391518 0.000000 0.000000 0.000000 17.554498 1.026336 -0.543144 60.971728 -0.398644 -8.875214 7.935080 26.222885 2.960816 0.000000 0.000000 0.000000 
-0.000295 0.955435 -0.001840 -0.937663 -0.464654 0.614769 6.878866 0.077831 5.241661 -5.075405 0.501709 -5.535427 -0.929647 4.490068 16.399774 0.000000 0.000000 0.000000 -2.219411 -0.395336 5.613912 1.947881 -0.353957 -6.743286 -6.443034 -17.580451 21.821299 0.000000 0.000000 0.000000 -2.890021 0.011099 1.215426 4.208898 -0.515546 -22.493818 -1.446086 -0.371318 28.766442 1.518914 0.581511 -26.192612 0.000000 0.000000 0.000000 -28.050203 5.798249 -5.322600 -51.823329 -5.258571 -6.465037 -8.851308 -18.788940 2.451526 0.000000 0.000000 0.000000 17.600976 1.206872 -0.424004 60.728695 -0.431466 -8.857114 8.203121 26.736414 3.092988 0.000000 0.000000 0.000000 
-0.000374 0.955499 -0.002032 -0.907304 -0.413698 0.623823 6.905118 0.078008 5.331641 -5.160474 0.504216 -5.748809 -0.986741 4.440820 16.495739 0.000000 0.000000 0.000000 -2.192720 -0.408230 5.742630 1.861426 -0.356196 -7.002669 -6.451107 -17.590169 21.906830 0.000000 0.000000 0.000000 -2.944514 0.010808 1.312696 4.262933 -0.527009 -22.518163 -1.319489 -0.333866 28.751040 1.308266 0.730546 -26.404225 0.000000 0.000000 0.000000 -28.089638 5.685628 -5.282962 -51.461959 -5.505486 -6.318539 -9.349950 -19.046773 2.565435 0.000000 0.000000 0.000000 17.288416 1.377535 -0.297792 60.539657 -0.146714 -8.687527 8.552052 27.568588 3.290391 0.000000 0.000000 0.000000 
-0.000438 0.955345 -0.002324 -0.857583 -0.352443 0.658889 7.041974 0.072185 5.471965 -5.477060 0.517290 -6.110340 -1.064912 4.363166 16.601339 0.000000 0.000000 0.000000 -2.298098 -0.417448 5.950838 1.973354 -0.371584 -7.459506 -6.449953 -17.585911 21.980677 0.000000 0.000000 0.000000 -3.076414 0.013558 1.345503 4.314636 -0.537813 -22.535882 -1.193304 -0.348371 28.747590 1.089893 0.883225 -26.738014 0.000000 0.000000 0.000000 -28.049736 5.456365 -5.136371 -51.201661 -5.736971 -6.194842 -9.775051 -19.319753 2.672197 0.000000 0.000000 0.000000 16.895140 1.787561 -0.053691 59.931947 -0.411567 -8.736155 10.552857 30.083992 4.160274 0.000000 0.000000 0.000000 
-0.000468 0.955530 -0.002800 -0.807406 -0.496040 0.545558 6.920585 0.097277 5.861863 -5.386343 0.508098 -6.587483 -1.049609 4.422994 16.784007 0.000000 0.000000 0.000000 -2.301198 -0.450079 6.381146 1.852093 -0.379919 -8.090483 -6.313418 -17.413445 22.133744 0.000000 0.000000 0.000000 -3.160370 0.011134 1.589545 4.313737 -0.529329 -22.697354 -0.999585 -0.115044 28.965466 0.803945 1.074124 -26.816859 0.000000 0.000000 0.000000 -28.083963 5.048216 -4.914220 -50.642981 -5.784501 -6.131109 -10.688232 -19.486417 2.842688 0.000000 0.000000 0.000000 16.339451 1.989250 0.116118 59.393662 -0.228891 -8.598650 12.862538 33.648944 5.449944 0.000000 0.000000 0.000000 
-0.000438 0.955490 -0.003449 -0.805929 -0.650006 0.595666 6.868982 0.106493 5.949710 -5.337777 0.504634 -6.866688 -0.987936 4.516606 16.858022 0.000000 0.000000 0.000000 -2.465878 -0.437556 6.426001 2.112577 -0.392673 -8.372520 -6.204585 -17.272668 22.156291 0.000000 0.000000 0.000000 -3.215129 0.014854 1.462550 4.423818 -0.591810 -22.218733 -0.944928 0.195487 28.485314 0.550429 1.263554 -26.762324 0.000000 0.000000 0.000000 -27.708358 4.837984 -4.833715 -50.432151 -5.948291 -5.958331 -11.355041 -19.097325 2.871214 0.000000 0.000000 0.000000 16.249324 2.667485 0.507681 58.584717 0.036915 -8.311204 16.162755 38.596404 7.579911 0.000000 0.000000 0.000000 
-0.000371 0.955825 -0.004204 -0.749951 -1.112401 0.639650 6.633176 0.141763 6.222122 -5.139651 0.496147 -7.385879 -0.813444 4.792604 17.128675 0.000000 0.000000 0.000000 -2.641178 -0.454543 6.938414 2.221001 -0.413281 -9.557900 -5.841618 -16.823521 22.458381 0.000000 0.000000 0.000000 -3.241113 0.016795 1.455551 4.507209 -0.600812 -22.517711 -0.848557 0.396697 28.844439 0.375940 1.340205 -26.632877 0.000000 0.000000 0.000000 -27.499076 4.565192 -4.570258 -50.150838 -5.650677 -6.097087 -12.473385 -19.158973 3.074810 0.000000 0.000000 0.000000 15.514447 2.823873 0.603642 57.770168 1.257270 -7.673004 22.766079 45.614258 12.120599 0.000000 0.000000 0.000000 
-0.000266 0.955894 -0.004982 -0.743779 -1.471652 0.682877 6.628751 0.155794 6.379816 -5.232306 0.502189 -7.729717 -0.675579 4.992785 17.289348 0.000000 0.000000 0.000000 -2.636129 -0.449428 6.945282 2.124421 -0.411827 -9.825424 -5.642153 -16.579147 22.464295 0.000000 0.000000 0.000000 -3.459612 0.025363 1.259986 4.626925 -0.682000 -21.866247 -0.772349 0.478936 28.304485 0.518085 1.205896 -25.979869 0.000000 0.000000 0.000000 -27.280573 4.740711 -4.635200 -50.281245 -5.780701 -6.004143 -13.150637 -18.481194 3.065966 0.000000 0.000000 0.000000 15.179050 3.814306 1.069134 56.562694 3.920859 -6.249455 31.481298 54.403447 19.674863 0.000000 0.000000 0.000000 
-0.000146 0.956490 -0.005840 -0.716306 -2.314400 0.681580 6.305559 0.216789 6.854100 -4.908725 0.495895 -8.424660 -0.343212 5.484782 17.710505 0.000000 0.000000 0.000000 -2.925448 -0.437248 7.342001 2.417644 -0.419630 -10.813709 -5.079526 -15.898454 22.736050 0.000000 0.000000 0.000000 -3.654989 0.032730 1.116166 4.999123 -0.779708 -22.051631 -0.709118 0.881264 28.823818 0.822130 0.998066 -25.873148 0.000000 0.000000 0.000000 -26.988351 4.646801 -4.450099 -50.617940 -5.214800 -6.342948 -14.276591 -18.986895 3.367938 0.000000 0.000000 0.000000 14.327778 4.666452 1.497460 54.868980 8.202669 -4.246897 49.120821 64.233730 36.345585 0.000000 0.000000 0.000000 
-0.000048 0.956599 -0.006722 -0.784910 -3.246577 0.694219 6.335453 0.246083 7.051314 -5.033306 0.514270 -8.624041 0.081493 6.026911 17.891410 0.000000 0.000000 0.000000 -2.907923 -0.414631 7.221965 2.342752 -0.407468 -10.934088 -4.591735 -15.309441 22.605356 0.000000 0.000000 0.000000 -3.540697 0.034426 0.864783 5.023901 -0.846985 -21.447780 -0.542349 1.169868 28.295318 0.984218 0.834282 -25.326448 0.000000 0.000000 0.000000 -26.765754 4.821193 -4.451527 -51.024983 -5.038158 -6.416960 -14.810033 -18.776852 3.426667 0.000000 0.000000 0.000000 13.337054 6.247101 2.201639 52.587108 13.466522 -1.804799 76.950284 72.486293 65.857052 0.000000 0.000000 0.000000 
-0.000029 0.957011 -0.007627 -0.888830 -4.037178 0.747432 6.320245 0.279360 7.349145 -4.975503 0.522242 -9.118227 0.409782 6.480989 18.219777 0.000000 0.000000 0.000000 -2.940034 -0.408205 7.382305 2.468008 -0.401765 -11.590898 -4.099907 -14.728298 22.799011 0.000000 0.000000 0.000000 -3.582179 0.039392 0.668330 5.298718 -0.910235 -21.723752 -0.509585 1.704165 28.532324 1.391748 0.600017 -25.270400 0.000000 0.000000 0.000000 -26.046484 4.493754 -4.132140 -51.861873 -4.897246 -6.596781 -14.828926 -18.632951 3.411693 0.000000 0.000000 0.000000 11.868956 7.765012 2.917592 49.834055 20.898802 1.227074 108.450396 75.845609 100.845495 0.000000 0.000000 0.000000 
-0.000084 0.957289 -0.008525 -0.996129 -4.494079 0.894928 6.416380 0.285369 7.415927 -5.030871 0.530389 -9.476826 0.597851 6.745477 18.454312 0.000000 0.000000 0.000000 -2.757458 -0.395499 7.045236 2.290308 -0.393958 -11.476745 -3.872541 -14.464207 22.771436 0.000000 0.000000 0.000000 -3.439046 0.043420 0.302859 5.141170 -0.882424 -21.646630 -0.379219 1.888843 28.571336 1.943879 0.245311 -25.116672 0.000000 0.000000 0.000000 -25.389991 4.439982 -3.967083 -52.550783 -5.274917 -6.529432 -14.719651 -18.755300 3.430218 0.000000 0.000000 0.000000 9.664643 9.506916 3.633690 46.726730 29.250927 4.278237 144.926438 77.294074 144.009485 0.000000 0.000000 0.000000 
-0.000211 0.957708 -0.009253 -1.017695 -4.577349 0.798514 6.395038 0.293664 7.486988 -4.945329 0.528466 -9.475246 0.615888 6.789524 18.573148 0.000000 0.000000 0.000000 -2.632495 -0.398625 6.921259 2.114010 -0.390174 -11.172331 -3.837793 -14.427878 22.762074 0.000000 0.000000 0.000000 -3.694525 0.045538 0.439764 5.290651 -0.905621 -21.866571 -0.140323 2.230250 28.624385 2.677582 -0.143905 -25.117507 0.000000 0.000000 0.000000 -24.554145 4.000116 -3.672920 -53.134654 -5.600593 -6.443104 -14.661527 -19.113403 3.483830 0.000000 0.000000 0.000000 6.800899 11.141309 4.223411 43.137208 37.969260 6.993959 -179.946160 77.272757 -172.276093 0.000000 0.000000 0.000000 
-0.000367 0.958056 -0.009818 -1.176007 -4.681645 0.788647 6.739176 0.280705 7.652325 -5.244120 0.540022 -9.749500 0.608096 6.809557 18.762905 0.000000 0.000000 0.000000 -2.473882 -0.410344 6.884108 2.143561 -0.388515 -11.151228 -3.749225 -14.331154 22.869087 0.000000 0.000000 0.000000 -3.523097 0.041941 0.462548 5.197890 -0.862951 -22.137157 0.014788 2.483848 28.647850 3.778398 -0.754476 -25.316415 0.000000 0.000000 0.000000 -24.239795 3.879357 -3.613701 -53.764799 -5.871999 -6.384534 -14.027364 -19.595083 3.464843 0.000000 0.000000 0.000000 4.178750 12.727034 4.678671 37.932896 45.524396 8.260599 -148.388440 75.134963 -132.016805 0.000000 0.000000 0.000000 
-0.000572 0.958408 -0.010207 -1.296093 -4.645482 0.798459 6.869389 0.262554 7.461902 -5.205958 0.539078 -9.474671 0.611579 6.816952 18.751295 0.000000 0.000000 0.000000 -2.282087 -0.409203 6.594685 2.068159 -0.383675 -10.678903 -3.783851 -14.375034 22.844935 0.000000 0.000000 0.000000 -3.294338 0.035474 0.620963 4.928930 -0.761796 -22.557455 0.121247 2.852597 28.547065 4.791980 -1.316137 -25.106004 0.000000 0.000000 0.000000 -23.503858 3.551247 -3.447583 -54.127945 -6.081150 -6.296707 -13.661647 -20.065132 3.472206 0.000000 0.000000 0.000000 1.659502 13.576572 4.789608 33.035942 51.952910 8.635612 -123.813842 72.150236 -100.366108 0.000000 0.000000 0.000000 
-0.000768 0.958792 -0.010323 -1.446538 -4.456392 0.881358 7.087402 0.231995 7.222896 -5.236841 0.538218 -9.265511 0.533474 6.731207 18.756740 0.000000 0.000000 0.000000 -2.152862 -0.411268 6.417755 2.187281 -0.384328 -10.478732 -3.859033 -14.473940 22.973834 0.000000 0.000000 0.000000 -2.944524 0.028764 0.628011 4.540565 -0.635427 -22.909562 0.157261 3.234707 28.510099 6.021264 -1.930073 -25.444983 0.000000 0.000000 0.000000 -22.575791 3.033449 -3.175659 -54.742328 -6.280093 -6.230464 -12.391361 -20.630605 3.320891 0.000000 0.000000 0.000000 -0.801083 14.330860 4.811029 27.197465 57.001028 7.625512 -104.749121 67.748666 -75.530582 0.000000 0.000000 0.000000 
-0.001008 0.958808 -0.010059 -1.401063 -4.083775 0.780297 6.997433 0.223241 7.075373 -5.057118 0.526446 -8.903969 0.388560 6.538631 18.604433 0.000000 0.000000 0.000000 -2.098066 -0.411041 6.272172 2.087423 -0.381860 -9.924441 -4.101278 -14.756840 22.860215 0.000000 0.000000 0.000000 -2.760038 0.021191 0.770568 4.068106 -0.486181 -23.299263 0.351416 3.190045 28.495739 6.552569 -2.270837 -25.062586 0.000000 0.000000 0.000000 -21.666240 3.030431 -3.120026 -55.040620 -6.414018 -6.190185 -12.368117 -20.972261 3.368537 0.000000 0.000000 0.000000 -3.497472 14.736460 4.634949 20.921605 60.680323 5.433026 -90.190219 62.694458 -57.155822 0.000000 0.000000 0.000000 
-0.001242 0.958854 -0.009514 -1.479478 -3.663512 0.748045 7.100997 0.203336 7.025472 -4.975201 0.516546 -8.808949 0.201557 6.305365 18.513306 0.000000 0.000000 0.000000 -2.060048 -0.436444 6.485949 1.774541 -0.380729 -9.738116 -3.273417 -13.418722 22.332504 0.000000 0.000000 0.000000 -2.558120 0.015468 0.819308 3.747127 -0.385325 -23.552666 0.383639 3.436248 28.364770 7.528012 -2.720431 -25.448132 0.000000 0.000000 0.000000 -20.868868 2.839455 -3.062850 -55.462281 -6.692105 -6.068705 -11.366757 -21.046633 3.170430 0.000000 0.000000 0.000000 -5.801588 14.903301 4.393354 14.077792 62.324196 2.280114 -80.778502 57.348189 -44.886491 0.000000 0.000000 0.000000 
-0.001474 0.958877 -0.008818 -1.438449 -3.274079 0.698104 7.014545 0.194915 6.918514 -4.796537 0.503624 -8.571593 0.041039 6.096833 18.397436 0.000000 0.000000 0.000000 -2.018724 -0.444512 6.472514 1.543422 -0.377684 -9.518853 -3.239453 -13.339851 22.515458 0.000000 0.000000 0.000000 -2.323322 0.004212 1.091853 3.319891 -0.242962 -24.086728 0.486269 3.440971 28.381116 7.897366 -2.895900 -25.508684 0.000000 0.000000 0.000000 -20.197631 3.096592 -3.195228 -55.789957 -6.659307 -6.102967 -10.994711 -21.217154 3.119216 0.000000 0.000000 0.000000 -7.872555 14.880031 4.113160 7.810103 63.371566 -0.917749 -73.800732 51.948591 -35.847394 0.000000 0.000000 0.000000 
-0.001700 0.959073 -0.008042 -1.396354 -2.759866 0.589199 7.156141 0.171056 6.845417 -4.988879 0.505654 -8.307538 -0.227873 5.770242 18.357088 0.000000 0.000000 0.000000 -1.955546 -0.482957 6.802662 1.500402 -0.383519 -9.585348 -3.483857 -13.602362 22.404851 0.000000 0.000000 0.000000 -2.114013 -0.009633 1.445033 2.976025 -0.133604 -24.429794 0.496392 3.673968 28.036649 8.485967 -3.076762 -25.975391 0.000000 0.000000 0.000000 -19.627864 3.045458 -3.251987 -55.848173 -6.759168 -6.007456 -10.643738 -20.844390 2.963210 0.000000 0.000000 0.000000 -9.694363 14.808163 3.828840 2.672250 63.017380 -3.456076 -69.207566 47.049915 -29.581802 0.000000 0.000000 0.000000 
-0.001952 0.959441 -0.007316 -1.404004 -2.216690 0.616143 7.263057 0.145211 6.746074 -5.022881 0.499134 -8.272649 -0.513591 5.447131 18.412319 0.000000 0.000000 0.000000 -1.897408 -0.509013 6.967846 1.583509 -0.388388 -9.472936 -3.661829 -13.727814 21.997317 0.000000 0.000000 0.000000 -2.075203 -0.015974 1.676375 2.732658 -0.043167 -24.900909 0.542263 3.649877 28.083627 8.920231 -3.257411 -26.179695 0.000000 0.000000 0.000000 -19.159942 3.191505 -3.352393 -55.910347 -6.818015 -5.988137 -10.336152 -20.485265 2.838174 0.000000 0.000000 0.000000 -11.126108 14.672253 3.577435 -1.953428 62.790668 -5.798259 -65.441178 42.090013 -24.368616 0.000000 0.000000 0.000000 
-0.002229 0.959792 -0.006711 -1.483088 -1.901259 0.679575 7.281374 0.130178 6.646590 -4.811718 0.484878 -8.247928 -0.655027 5.291842 18.436244 0.000000 0.000000 0.000000 -1.660817 -0.534941 6.968255 1.510333 -0.387283 -9.339982 -3.909420 -14.026612 21.833270 0.000000 0.000000 0.000000 -1.907190 -0.022673 1.777496 2.540864 0.023760 -25.247336 0.586390 3.860685 28.000776 9.408480 -3.420565 -26.524167 0.000000 0.000000 0.000000 -18.526446 3.076915 -3.307254 -56.007422 -7.129357 -5.838905 -10.302383 -19.965864 2.733622 0.000000 0.000000 0.000000 -12.401267 14.755929 3.387808 -5.322567 62.228575 -7.347919 -61.743622 37.626425 -19.999068 0.000000 0.000000 0.000000 
-0.002493 0.960125 -0.006297 -1.496668 -1.558910 0.703564 7.385976 0.114012 6.680807 -4.870466 0.480864 -8.414662 -0.858854 5.080027 18.560586 0.000000 0.000000 0.000000 -1.647596 -0.542995 6.995698 1.552415 -0.390225 -9.296037 -3.953528 -14.056217 21.956545 0.000000 0.000000 0.000000 -1.949410 -0.025482 1.943096 2.412727 0.070008 -25.502273 0.510242 3.926135 27.890156 9.638376 -3.515476 -26.476357 0.000000 0.000000 0.000000 -18.300825 3.215107 -3.423190 -56.012775 -7.242983 -5.773694 -10.001560 -19.457488 2.594978 0.000000 0.000000 0.000000 -13.174261 14.506382 3.200755 -7.735331 62.313164 -8.534017 -58.433122 33.683603 -16.497089 0.000000 0.000000 0.000000 
-0.002738 0.960213 -0.006077 -1.532284 -1.272879 0.749442 7.457862 0.099305 6.655668 -4.844130 0.474806 -8.523042 -1.005527 4.918250 18.591632 0.000000 0.000000 0.000000 -1.435314 -0.569992 7.042605 1.266078 -0.391592 -9.464602 -4.020932 -14.157377 22.287702 0.000000 0.000000 0.000000 -1.952545 -0.030882 2.177227 2.431064 0.083546 -25.788128 0.577623 4.097307 27.806098 9.823026 -3.562366 -26.497485 0.000000 0.000000 0.000000 -18.483606 3.263521 -3.567556 -55.819277 -7.254986 -5.730657 -10.406365 -19.355291 2.634364 0.000000 0.000000 0.000000 -13.355361 14.347452 3.104330 -8.754715 62.295396 -8.951977 -56.619356 31.214984 -14.534793 0.000000 0.000000 0.000000 
-0.002949 0.960318 -0.005937 -1.525969 -1.117534 0.813201 7.562968 0.085848 6.641480 -4.987080 0.476218 -8.653084 -1.104772 4.818977 18.674078 0.000000 0.000000 0.000000 -1.436558 -0.580800 7.147178 1.213284 -0.401145 -9.805064 -3.942818 -14.064317 22.658727 0.000000 0.000000 0.000000 -2.100617 -0.025139 2.138179 2.410127 0.092164 -25.827467 0.698260 4.177728 27.733369 10.085026 -3.666678 -26.606844 0.000000 0.000000 0.000000 -18.677476 3.206343 -3.615167 -55.583429 -7.225069 -5.701952 -11.032566 -19.198290 2.707096 0.000000 0.000000 0.000000 -13.071733 14.093904 3.073456 -7.527777 62.460529 -8.272819 -56.261566 30.299662 -13.874321 0.000000 0.000000 0.000000 
-0.003064 0.960283 -0.005807 -1.608009 -1.066889 0.761632 7.629904 0.084052 6.779913 -4.922909 0.471916 -8.792586 -1.130823 4.788616 18.668876 0.000000 0.000000 0.000000 -1.279805 -0.602277 7.218374 1.042453 -0.402240 -9.927952 -3.905656 -14.046134 23.011356 0.000000 0.000000 0.000000 -2.425745 -0.017479 2.226090 2.719543 0.023591 -25.842971 0.702441 4.091635 27.906127 9.739876 -3.488123 -26.564019 0.000000 0.000000 0.000000 -19.036926 3.442645 -3.783059 -55.076201 -7.393452 -5.600543 -12.192509 -19.264232 2.916872 0.000000 0.000000 0.000000 -12.004739 13.898215 3.176511 -4.995890 61.933890 -6.913331 -58.735817 31.777529 -15.385228 0.000000 0.000000 0.000000 
-0.003032 0.960247 -0.005691 -1.705863 -1.023458 0.864282 7.700788 0.073634 6.714269 -4.858489 0.468073 -8.871700 -1.132763 4.784682 18.647344 0.000000 0.000000 0.000000 -1.174442 -0.619328 7.294963 1.053337 -0.411795 -10.238439 -3.891729 -14.033295 23.138809 0.000000 0.000000 0.000000 -2.586101 -0.010568 2.166915 3.063484 -0.066516 -25.587108 0.719379 4.129725 27.871522 9.667764 -3.419646 -26.636623 0.000000 0.000000 0.000000 -19.511809 3.440859 -3.878363 -54.594136 -7.307900 -5.580607 -12.819681 -19.552509 3.067934 0.000000 0.000000 0.000000 -10.512259 13.349680 3.245844 -0.116163 60.734305 -4.283053 -63.675641 35.521059 -19.140059 0.000000 0.000000 0.000000 
-0.002894 0.959929 -0.005542 -1.695685 -1.273364 0.919335 7.516742 0.095486 6.805673 -4.626802 0.463518 -9.038379 -0.986902 4.945651 18.599808 0.000000 0.000000 0.000000 -1.446241 -0.579365 7.162956 1.451382 -0.412012 -10.134942 -3.779417 -13.884745 22.969214 0.000000 0.000000 0.000000 -2.886214 -0.002084 2.269948 3.542120 -0.182806 -25.493390 0.632623 3.978290 27.885383 9.078913 -3.155912 -26.415772 0.000000 0.000000 0.000000 -20.261037 3.666887 -4.045452 -53.923983 -6.908223 -5.696447 -14.081350 -20.319475 3.437637 0.000000 0.000000 0.000000 -8.486354 12.779681 3.389446 4.168291 58.675902 -2.228201 -70.378632 39.869561 -24.732077 0.000000 0.000000 0.000000 
-0.002650 0.959789 -0.005482 -1.701270 -1.396649 1.082746 7.434625 0.099565 6.729937 -4.532834 0.461592 -9.172795 -0.908218 5.038428 18.598610 0.000000 0.000000 0.000000 -1.521050 -0.552949 6.959261 1.548621 -0.411040 -10.107654 -3.732497 -13.824610 22.912522 0.000000 0.000000 0.000000 -3.105547 0.007933 2.191139 4.029782 -0.299423 -25.417454 0.455163 3.798304 27.948224 9.028195 -3.164992 -26.422350 0.000000 0.000000 0.000000 -21.038209 3.646677 -4.088731 -53.319812 -6.559561 -5.794615 -14.860877 -20.681369 3.657850 0.000000 0.000000 0.000000 -6.779864 11.812386 3.349566 7.844900 55.595958 -0.655001 -78.847097 44.223476 -32.278990 0.000000 0.000000 0.000000 
-0.002342 0.959653 -0.005445 -1.658646 -1.422534 1.276662 7.368011 0.098740 6.633309 -4.546660 0.461534 -9.365275 -0.892714 5.063358 18.634332 0.000000 0.000000 0.000000 -1.671967 -0.515597 6.688804 1.700618 -0.410514 -10.007627 -3.743695 -13.836327 22.853401 0.000000 0.000000 0.000000 -3.422816 0.019147 2.312528 4.508310 -0.407043 -25.421261 0.127907 3.184128 27.931806 8.475032 -3.008878 -25.981753 0.000000 0.000000 0.000000 -22.006626 3.903700 -4.214730 -52.522648 -6.240951 -5.871652 -15.665218 -21.334666 3.963528 0.000000 0.000000 0.000000 -5.442120 11.189661 3.349473 10.378715 52.708898 0.149776 -87.246174 46.440210 -39.341056 0.000000 0.000000 0.000000 
-0.001902 0.959509 -0.005512 -1.627564 -1.612050 1.384663 7.211246 0.110600 6.563050 -4.426297 0.460328 -9.399406 -0.776429 5.192268 18.603014 0.000000 0.000000 0.000000 -1.829644 -0.493716 6.627992 1.835929 -0.413277 -10.154868 -3.643799 -13.715126 22.834470 0.000000 0.000000 0.000000 -3.553497 0.026284 2.221869 4.778915 -0.480519 -25.263405 -0.093254 2.750964 28.061646 8.335575 -2.976666 -26.266760 0.000000 0.000000 0.000000 -22.349555 4.218416 -4.283982 -52.154877 -6.123950 -5.932225 -16.198820 -21.795009 4.193005 0.000000 0.000000 0.000000 -4.658229 10.255279 3.168635 12.383312 50.366693 0.672425 -94.662612 47.786547 -45.804464 0.000000 0.000000 0.000000 
-0.001313 0.959265 -0.005558 -1.480846 -1.715249 1.532823 6.815636 0.133794 6.434952 -4.111131 0.452209 -9.445444 -0.691749 5.281444 18.550361 0.000000 0.000000 0.000000 -2.084238 -0.452883 6.427185 1.920619 -0.412500 -10.121170 -3.625801 -13.691765 22.731341 0.000000 0.000000 0.000000 -3.825063 0.037691 2.230407 5.038070 -0.536573 -25.299439 -0.363348 2.181105 28.167403 7.897066 -2.892056 -25.798486 0.000000 0.000000 0.000000 -22.876506 4.408375 -4.284512 -51.595468 -6.066101 -5.944782 -16.521187 -22.071258 4.345223 0.000000 0.000000 0.000000 -4.321453 9.566403 3.012199 14.143231 48.412498 1.054339 -99.693838 47.981438 -49.904126 0.000000 0.000000 0.000000 
-0.000535 0.959051 -0.005618 -1.527153 -2.123694 1.459023 6.594963 0.166276 6.595650 -3.808602 0.449156 -9.464660 -0.458849 5.537308 18.459411 0.000000 0.000000 0.000000 -2.165340 -0.433238 6.330621 1.980190 -0.404183 -9.896126 -3.441141 -13.458491 22.550960 0.000000 0.000000 0.000000 -3.750632 0.034660 2.239777 5.268149 -0.603764 -25.176490 -0.633126 1.967827 28.275791 7.602950 -2.817383 -25.651153 0.000000 0.000000 0.000000 -23.326021 4.453188 -4.222659 -51.493133 -6.118812 -5.959482 -16.462901 -22.110326 4.370273 0.000000 0.000000 0.000000 -3.592062 9.109513 2.935255 14.907262 46.727671 1.083553 -102.723269 48.354582 -52.899472 0.000000 0.000000 0.000000 
0.000362 0.958626 -0.005629 -1.403208 -2.138027 1.459136 6.206235 0.199557 6.750566 -3.474784 0.440938 -9.744620 -0.435154 5.550540 18.392565 0.000000 0.000000 0.000000 -2.294836 -0.413442 6.226634 1.864152 -0.398917 -9.726974 -3.489267 -13.507876 22.373229 0.000000 0.000000 0.000000 -3.847147 0.038434 2.197492 5.389847 -0.627554 -25.224504 -0.858610 1.583025 28.525954 7.136991 -2.657148 -25.317818 0.000000 0.000000 0.000000 -23.437754 4.613850 -4.199991 -51.502736 -6.142181 -6.003777 -16.634155 -22.252790 4.464184 0.000000 0.000000 0.000000 -3.127449 8.716157 2.849862 16.031623 45.527926 1.262155 -104.838974 48.621605 -55.049607 0.000000 0.000000 0.000000 
0.001410 0.958232 -0.005626 -1.425639 -2.313401 1.500219 6.006303 0.217628 6.770950 -3.241315 0.436994 -9.806732 -0.304229 5.677695 18.253251 0.000000 0.000000 0.000000 -2.427451 -0.396672 6.190767 1.988802 -0.399481 -9.779059 -3.410049 -13.403226 22.290863 0.000000 0.000000 0.000000 -3.805921 0.040137 1.906483 5.507821 -0.682768 -24.884793 -0.972686 1.493722 28.571290 7.053437 -2.646691 -25.275025 0.000000 0.000000 0.000000 -23.695125 4.616219 -4.170623 -51.682408 -6.336883 -5.961160 -16.669049 -21.903827 4.410406 0.000000 0.000000 0.000000 -2.710210 8.426803 2.785053 16.678965 44.606373 1.337969 -106.220516 48.779635 -56.471899 0.000000 0.000000 0.000000 
0.002523 0.957853 -0.005590 -1.413326 -2.338147 1.535342 5.852013 0.228255 6.771104 -3.130076 0.434709 -9.866390 -0.260033 5.702703 18.120755 0.000000 0.000000 0.000000 -2.584773 -0.391763 6.316636 2.112077 -0.405934 -10.072918 -3.382995 -13.369349 22.318486 0.000000 0.000000 0.000000 -3.836165 0.044880 1.484966 5.494135 -0.709898 -24.498510 -0.929634 1.331812 28.724188 6.904270 -2.592017 -25.262285 0.000000 0.000000 0.000000 -23.665858 4.565212 -4.073010 -52.060647 -6.605277 -5.912173 -16.467362 -21.795129 4.361157 0.000000 0.000000 0.000000 -2.507795 8.435645 2.800041 17.633684 44.032811 1.535414 -107.707739 48.780296 -57.770216 0.000000 0.000000 0.000000 
0.003670 0.957853 -0.005619 -1.440762 -2.453421 1.586521 5.746422 0.239118 6.811674 -3.051151 0.435445 -10.007979 -0.200249 5.774777 18.127437 0.000000 0.000000 0.000000 -2.672293 -0.389642 6.419096 2.167347 -0.410168 -10.385251 -3.287373 -13.264042 22.455585 0.000000 0.000000 0.000000 -3.838181 0.047483 1.288777 5.561850 -0.745218 -24.264338 -0.858732 1.476995 28.794771 6.807915 -2.505756 -25.397369 0.000000 0.000000 0.000000 -23.638029 4.506981 -4.051404 -52.433108 -6.708933 -5.907701 -16.407087 -21.573436 4.305094 0.000000 0.000000 0.000000 -1.960493 8.477394 2.837983 18.369000 43.869365 1.729821 -109.025391 49.102517 -59.201110 0.000000 0.000000 0.000000 
0.004731 0.957845 -0.005721 -1.409219 -2.641925 1.553799 5.618630 0.254076 6.841170 -3.048539 0.437054 -9.960202 -0.102570 5.882257 18.098711 0.000000 0.000000 0.000000 -2.776475 -0.385510 6.529827 2.131469 -0.410395 -10.578986 -3.174129 -13.134017 22.511068 0.000000 0.000000 0.000000 -3.810715 0.048579 1.055427 5.493571 -0.758329 -23.925284 -0.692726 1.730849 28.844832 6.527998 -2.299221 -25.504379 0.000000 0.000000 0.000000 -23.498668 4.303473 -3.946796 -52.851644 -6.497566 -6.029987 -16.288309 -21.643805 4.294391 0.000000 0.000000 0.000000 -1.517967 8.714681 2.934633 19.015144 43.687919 1.910412 -109.675412 49.269910 -59.870095 0.000000 0.000000 0.000000 
0.005657 0.957904 -0.005908 -1.448327 -2.709313 1.579665 5.613366 0.259712 6.929728 -3.086138 0.441244 -10.166753 -0.086178 5.910700 18.152771 0.000000 0.000000 0.000000 -2.763374 -0.394118 6.649158 2.066578 -0.413956 -10.879722 -3.103691 -13.062922 22.662785 0.000000 0.000000 0.000000 -3.859848 0.051236 0.932872 5.560033 -0.793338 -23.695159 -0.544645 1.912956 28.821040 6.466980 -2.194793 -25.845367 0.000000 0.000000 0.000000 -23.408544 4.122750 -3.868119 -53.103021 -6.489850 -6.046304 -16.388662 -21.473803 4.273176 0.000000 0.000000 0.000000 -1.276833 9.045213 3.054792 19.777507 44.236581 2.223831 -110.544435 49.665011 -60.964136 0.000000 0.000000 0.000000 
0.006362 0.958073 -0.006191 -1.482716 -2.885435 1.500025 5.732593 0.263517 7.076001 -3.343589 0.451273 -10.248446 -0.037428 5.979839 18.232709 0.000000 0.000000 0.000000 -2.764010 -0.396744 6.715846 2.017603 -0.412321 -10.918110 -2.992645 -12.938127 22.723682 0.000000 0.000000 0.000000 -3.862582 0.051390 0.833371 5.590733 -0.822372 -23.462773 -0.418829 2.136913 28.979311 6.333963 -2.058530 -26.186148 0.000000 0.000000 0.000000 -23.354924 3.982922 -3.800314 -53.413593 -6.487971 -6.094058 -16.036459 -21.415122 4.191264 0.000000 0.000000 0.000000 -1.177553 9.653703 3.257883 19.804558 44.877630 2.324741 -110.671819 49.748091 -61.114767 0.000000 0.000000 0.000000 
0.006954 0.958179 -0.006495 -1.510522 -2.879086 1.423482 5.806908 0.264717 7.194987 -3.483495 0.455649 -10.344728 -0.066878 5.951037 18.275467 0.000000 0.000000 0.000000 -2.725087 -0.406898 6.800662 1.935481 -0.412548 -10.954851 -2.981846 -12.930480 22.790534 0.000000 0.000000 0.000000 -3.853635 0.050163 0.829918 5.558284 -0.835143 -23.210083 -0.380581 2.291175 28.905672 6.266144 -1.944524 -26.536465 0.000000 0.000000 0.000000 -23.247741 3.855211 -3.759075 -53.581826 -6.638295 -6.029226 -15.746476 -21.260611 4.093996 0.000000 0.000000 0.000000 -1.317687 10.123595 3.401739 20.010221 45.730825 2.537538 -111.607562 49.877391 -62.001612 0.000000 0.000000 0.000000 
0.007475 0.958430 -0.006791 -1.543411 -3.157140 1.317497 5.806754 0.274121 7.220485 -3.531886 0.459314 -10.139546 0.066685 6.111293 18.287001 0.000000 0.000000 0.000000 -2.837262 -0.397616 6.869245 2.082865 -0.409619 -10.966733 -2.809778 -12.730999 22.843935 0.000000 0.000000 0.000000 -3.731302 0.046127 0.870441 5.440126 -0.829020 -22.981723 -0.257014 2.692282 28.871741 6.381240 -1.956292 -26.661034 0.000000 0.000000 0.000000 -23.336521 3.386902 -3.555867 -53.495522 -6.740169 -5.968336 -15.253651 -21.238162 3.977231 0.000000 0.000000 0.000000 -1.213028 10.477678 3.522904 19.733929 46.351321 2.564614 -112.910637 50.032257 -63.311104 0.000000 0.000000 0.000000 
0.007925 0.958667 -0.007062 -1.574393 -3.035410 1.239608 5.910739 0.266179 7.247182 -3.675792 0.461345 -10.102061 -0.014260 6.020258 18.317025 0.000000 0.000000 0.000000 -2.803736 -0.402732 6.860991 2.053955 -0.408882 -10.806578 -2.863873 -12.801941 22.904833 0.000000 0.000000 0.000000 -3.818285 0.045250 1.064922 5.401084 -0.815020 -23.021447 -0.243985 2.804786 28.792904 6.408817 -1.936095 -26.682466 0.000000 0.000000 0.000000 -23.272445 3.210277 -3.501833 -53.430808 -6.793470 -5.923035 -15.009394 -21.343790 3.939305 0.000000 0.000000 0.000000 -1.299892 10.645445 3.571088 19.608671 46.762260 2.615140 -113.848311 49.733754 -63.734214 0.000000 0.000000 0.000000 
0.008309 0.958922 -0.007349 -1.588825 -3.146518 1.186588 5.816345 0.272497 7.168255 -3.545372 0.457446 -9.867564 0.056759 6.104085 18.300348 0.000000 0.000000 0.000000 -2.742517 -0.407698 6.870134 1.908473 -0.406416 -10.782295 -2.797262 -12.731582 22.959130 0.000000 0.000000 0.000000 -3.815005 0.045511 0.963854 5.377975 -0.828343 -22.804195 -0.308100 2.939962 28.896107 6.566700 -2.023443 -26.661962 0.000000 0.000000 0.000000 -23.136939 3.043404 -3.398208 -53.317166 -6.886811 -5.884661 -14.995270 -21.517256 3.966586 0.000000 0.000000 0.000000 -1.174711 10.736539 3.609529 19.253247 47.147950 2.547607 -114.315479 49.499624 -63.880879 0.000000 0.000000 0.000000 
0.008576 0.958944 -0.007701 -1.642796 -3.054543 1.179442 5.891335 0.261277 7.087890 -3.582287 0.456548 -9.775715 0.023869 6.056738 18.249123 0.000000 0.000000 0.000000 -2.717997 -0.410667 6.855837 1.958601 -0.407619 -10.759129 -2.834575 -12.778737 23.004661 0.000000 0.000000 0.000000 -3.830721 0.047156 0.776300 5.195419 -0.792324 -22.664124 -0.163599 3.031233 28.994175 6.682493 -2.043583 -26.848664 0.000000 0.000000 0.000000 -22.739771 2.861352 -3.280948 -53.403625 -6.899292 -5.889228 -15.045418 -21.703706 4.006707 0.000000 0.000000 0.000000 -1.272198 10.614509 3.561271 19.217426 47.125386 2.551579 -114.266179 48.751551 -62.816345 0.000000 0.000000 0.000000 
0.008781 0.959164 -0.008162 -1.704207 -2.695064 1.115493 5.976770 0.240579 6.932015 -3.556805 0.449442 -9.536218 -0.136742 5.856507 18.175513 0.000000 0.000000 0.000000 -2.507352 -0.432751 6.808010 1.750108 -0.406699 -10.523426 -3.023392 -13.009793 23.076120 0.000000 0.000000 0.000000 -3.995135 0.049270 0.752084 5.240066 -0.807635 -22.547116 -0.110284 3.032087 29.115455 7.066653 -2.196312 -27.152030 0.000000 0.000000 0.000000 -22.915405 2.833132 -3.356935 -53.005098 -7.152844 -5.742721 -15.236103 -21.851083 4.058801 0.000000 0.000000 0.000000 -1.022144 10.625659 3.586078 18.593093 46.862695 2.320929 -114.120054 48.046856 -61.725946 0.000000 0.000000 0.000000 
0.008951 0.959123 -0.008729 -1.697302 -2.370609 1.060798 6.009523 0.219601 6.661499 -3.574892 0.443206 -9.120588 -0.255967 5.682654 18.001222 0.000000 0.000000 0.000000 -2.364994 -0.447579 6.763942 1.528454 -0.404922 -10.337454 -3.212494 -13.236292 23.071632 0.000000 0.000000 0.000000 -4.021700 0.048411 0.748313 5.222282 -0.793447 -22.615815 0.024374 3.283082 29.237470 7.186074 -2.163231 -27.373691 0.000000 0.000000 0.000000 -22.946553 2.748048 -3.448497 -52.760364 -7.029583 -5.755795 -15.537154 -21.962007 4.117848 0.000000 0.000000 0.000000 -0.949573 10.519698 3.558564 17.734925 46.136833 1.998152 -113.749860 47.161415 -60.129855 0.000000 0.000000 0.000000 
0.009181 0.959132 -0.009323 -1.776027 -2.305150 1.131311 5.902546 0.213874 6.433834 -3.249968 0.429366 -8.943260 -0.231284 5.697235 17.892376 0.000000 0.000000 0.000000 -2.141125 -0.456000 6.600976 1.275946 -0.400805 -10.240137 -3.259606 -13.298404 23.088990 0.000000 0.000000 0.000000 -3.973435 0.050428 0.436052 5.017767 -0.755812 -22.406736 0.124342 3.708301 29.194524 7.709416 -2.350207 -27.596365 0.000000 0.000000 0.000000 -22.553909 2.566749 -3.437624 -52.531546 -6.944926 -5.729507 -15.812050 -22.067924 4.163999 0.000000 0.000000 0.000000 -1.108831 10.516964 3.544828 16.785334 45.557587 1.698273 -111.996521 45.871069 -56.779933 0.000000 0.000000 0.000000 
0.009458 0.958977 -0.009896 -1.697044 -2.134990 1.013871 5.709837 0.223573 6.413694 -3.056276 0.419226 -8.806210 -0.291009 5.604337 17.779250 0.000000 0.000000 0.000000 -2.199837 -0.458596 6.665533 1.226673 -0.400347 -10.160951 -3.363153 -13.419828 23.045795 0.000000 0.000000 0.000000 -4.008147 0.049034 0.422341 4.776609 -0.689783 -22.441763 0.333752 4.037936 29.323287 8.094315 -2.513437 -27.531184 0.000000 0.000000 0.000000 -22.324177 2.350949 -3.406084 -52.433945 -6.607140 -5.847442 -16.115544 -22.450170 4.278643 0.000000 0.000000 0.000000 -1.306376 10.647017 3.567424 14.638566 45.313033 1.051324 -106.988430 44.487079 -50.905954 0.000000 0.000000 0.000000 
0.009755 0.959060 -0.010548 -1.651930 -2.251226 0.917523 5.610201 0.238364 6.503930 -3.020722 0.419548 -8.824995 -0.247720 5.663478 17.819481 0.000000 0.000000 0.000000 -2.328525 -0.458116 6.829587 1.313346 -0.404748 -10.367072 -3.278596 -13.321514 23.106062 0.000000 0.000000 0.000000 -3.931539 0.048681 0.162836 4.631044 -0.679790 -22.092813 0.408507 4.606747 29.186204 8.608595 -2.711703 -27.571044 0.000000 0.000000 0.000000 -22.265722 1.995739 -3.348447 -52.128730 -6.117743 -5.968686 -16.356403 -22.840825 4.373209 0.000000 0.000000 0.000000 -1.882531 11.103235 3.653515 12.339338 45.264896 0.424954 -100.089948 42.242087 -43.184658 0.000000 0.000000 0.000000 
0.009911 0.958997 -0.011272 -1.589945 -2.230953 0.755140 5.570992 0.249695 6.646569 -3.077512 0.421966 -8.855036 -0.276643 5.626265 17.819335 0.000000 0.000000 0.000000 -2.447022 -0.455720 6.926487 1.388003 -0.404526 -10.305000 -3.291921 -13.334140 23.061769 0.000000 0.000000 0.000000 -3.927147 0.046243 0.158856 4.514416 -0.649775 -22.097870 0.470275 5.116552 29.024876 9.274079 -3.005059 -27.559467 0.000000 0.000000 0.000000 -21.928721 1.752880 -3.317443 -52.266767 -5.807198 -6.066720 -16.467983 -23.150983 4.428544 0.000000 0.000000 0.000000 -2.645588 11.641632 3.733602 8.910445 46.024234 -0.521000 -90.085986 38.616168 -33.309884 0.000000 0.000000 0.000000 
0.009899 0.959290 -0.012148 -1.590550 -2.399767 0.505707 5.541432 0.278493 7.056535 -3.045104 0.425946 -9.144944 -0.254484 5.687322 17.996887 0.000000 0.000000 0.000000 -2.504504 -0.469365 7.201450 1.459168 -0.406247 -10.444299 -3.165458 -13.186255 23.140418 0.000000 0.000000 0.000000 -3.704280 0.038750 0.314519 4.180893 -0.579732 -21.924594 0.615773 5.885115 28.727347 10.176623 -3.351997 -27.885791 0.000000 0.000000 0.000000 -21.834146 1.407045 -3.310055 -52.056527 -5.604906 -6.056104 -16.406950 -23.075590 4.356657 0.000000 0.000000 0.000000 -4.426582 12.417133 3.733353 4.752824 46.983440 -1.691588 -79.294720 33.354512 -23.527888 0.000000 0.000000 0.000000 
0.009692 0.959408 -0.013108 -1.562973 -2.339743 0.267424 5.541167 0.285325 7.154283 -3.049289 0.424017 -8.986870 -0.295753 5.635723 17.984130 0.000000 0.000000 0.000000 -2.579840 -0.474084 7.331752 1.572089 -0.405117 -10.308023 -3.190100 -13.211616 23.120507 0.000000 0.000000 0.000000 -3.730252 0.034121 0.495034 4.137753 -0.564649 -21.980801 0.513156 6.567648 28.430047 10.919176 -3.647111 -27.892977 0.000000 0.000000 0.000000 -21.272116 1.550554 -3.525351 -52.273239 -5.477411 -6.065514 -16.209978 -23.081942 4.271512 0.000000 0.000000 0.000000 -6.540496 12.970240 3.575625 -0.048236 48.871296 -3.210268 -68.411325 26.282070 -14.656697 0.000000 0.000000 0.000000 
0.009360 0.959629 -0.014118 -1.508718 -2.284751 0.136705 5.422634 0.299959 7.272458 -2.889432 0.418884 -9.080001 -0.347348 5.596520 18.082660 0.000000 0.000000 0.000000 -2.504322 -0.504107 7.621051 1.383460 -0.412489 -10.674781 -3.178633 -13.211796 23.279127 0.000000 0.000000 0.000000 -3.440611 0.023712 0.863293 3.526300 -0.382953 -22.355361 0.692819 7.266538 28.436466 11.995446 -4.071791 -28.342718 0.000000 0.000000 0.000000 -20.566427 0.928614 -3.263758 -52.398781 -5.494592 -6.052020 -15.844798 -22.434193 4.029231 0.000000 0.000000 0.000000 -9.159100 13.448758 3.264060 -5.753958 49.734752 -5.107954 -58.930742 19.510481 -8.564211 0.000000 0.000000 0.000000 
0.008984 0.959970 -0.014991 -1.419895 -1.883517 0.168898 5.413678 0.280942 7.065017 -2.924488 0.414516 -9.002892 -0.563208 5.358720 18.164988 0.000000 0.000000 0.000000 -2.500100 -0.506515 7.562187 1.326640 -0.416052 -10.649772 -3.379450 -13.462066 23.420223 0.000000 0.000000 0.000000 -3.405420 0.019127 1.196645 3.045385 -0.231765 -22.728035 0.565644 7.611120 28.232508 12.321241 -4.169378 -28.289626 0.000000 0.000000 0.000000 -20.261494 1.034159 -3.445230 -52.065719 -5.602073 -5.927177 -15.723560 -22.441678 3.967055 0.000000 0.000000 0.000000 -11.682098 13.415042 2.814557 -10.500813 50.666764 -6.790959 -50.938912 13.803739 -4.681460 0.000000 0.000000 0.000000 
0.008655 0.960108 -0.015742 -1.461422 -1.494574 0.021569 5.596437 0.259197 7.019073 -3.046644 0.413133 -8.834726 -0.763747 5.115160 18.127214 0.000000 0.000000 0.000000 -2.197746 -0.557574 7.759920 0.976534 -0.418794 -10.713601 -3.567182 -13.691701 23.549675 0.000000 0.000000 0.000000 -3.100428 0.001999 1.806994 2.630887 -0.099403 -23.148208 0.690823 8.087643 28.047196 12.849824 -4.430755 -27.936932 0.000000 0.000000 0.000000 -20.060102 0.884285 -3.531868 -51.998017 -5.650438 -5.849095 -15.144324 -21.729059 3.682027 0.000000 0.000000 0.000000 -13.220546 13.187662 2.446156 -13.763908 50.613205 -7.787451 -45.902455 11.636838 -3.298887 0.000000 0.000000 0.000000 
0.008429 0.960108 -0.016283 -1.413857 -1.267894 0.093009 5.517734 0.246905 6.762772 -2.934803 0.404875 -8.655702 -0.849015 5.005990 18.073262 0.000000 0.000000 0.000000 -2.118343 -0.554665 7.586259 0.815247 -0.415406 -10.561526 -3.711715 -13.866894 23.539916 0.000000 0.000000 0.000000 -3.103219 -0.001792 2.121663 2.415678 -0.023132 -23.529707 0.664729 8.544449 28.089792 13.148952 -4.525048 -27.886215 0.000000 0.000000 0.000000 -19.908959 1.079624 -3.777581 -51.700932 -5.588668 -5.817465 -15.037450 -21.194720 3.534804 0.000000 0.000000 0.000000 -13.895318 12.950661 2.216606 -14.455068 50.018425 -7.753905 -43.846004 11.304280 -2.961453 0.000000 0.000000 0.000000 
0.008304 0.960109 -0.016597 -1.556163 -0.970500 0.123878 5.625870 0.226696 6.653130 -2.783773 0.395579 -8.640877 -0.964229 4.856708 17.993156 0.000000 0.000000 0.000000 -2.020022 -0.564988 7.539549 0.987243 -0.418658 -10.502116 -3.849478 -14.028413 23.623304 0.000000 0.000000 0.000000 -3.125608 -0.002116 2.185472 2.492427 -0.044166 -23.384461 0.630684 8.713342 27.730752 13.173466 -4.563465 -27.445946 0.000000 0.000000 0.000000 -19.967830 1.276117 -4.007608 -51.732552 -5.670477 -5.731842 -14.234778 -20.626946 3.272342 0.000000 0.000000 0.000000 -13.534302 12.919477 2.248135 -12.650292 49.240830 -6.867740 -45.321680 13.501279 -3.833182 0.000000 0.000000 0.000000 
0.008288 0.959978 -0.016729 -1.662481 -0.604271 0.204087 5.754939 0.204157 6.567093 -2.741183 0.391298 -8.765149 -1.126769 4.653092 17.932121 0.000000 0.000000 0.000000 -1.894694 -0.578213 7.490156 1.041808 -0.423684 -10.504338 -4.029630 -14.243606 23.708178 0.000000 0.000000 0.000000 -3.097890 -0.001001 2.073847 2.689731 -0.085583 -23.413156 0.675423 8.589831 27.835371 12.914552 -4.463771 -27.131273 0.000000 0.000000 0.000000 -20.306501 1.826137 -4.412231 -51.527110 -5.445730 -5.788359 -14.065297 -19.918596 3.122201 0.000000 0.000000 0.000000 -12.605691 12.638563 2.328574 -9.581148 48.751133 -5.716606 -49.150592 17.402866 -5.766576 0.000000 0.000000 0.000000 
0.008265 0.959779 -0.016747 -1.690290 -0.143347 0.328871 5.909150 0.170775 6.313695 -2.877667 0.390120 -8.701313 -1.330926 4.388647 17.833887 0.000000 0.000000 0.000000 -2.012257 -0.563383 7.361199 1.396226 -0.430708 -10.416874 -4.271542 -14.525146 23.751235 0.000000 0.000000 0.000000 -3.352008 0.008608 1.912012 3.135992 -0.202033 -23.158940 0.716121 8.184371 27.578872 12.362366 -4.201634 -26.844728 0.000000 0.000000 0.000000 -20.750646 2.194195 -4.691781 -51.364517 -5.028038 -5.894363 -13.604181 -19.739516 3.014853 0.000000 0.000000 0.000000 -10.573103 12.303549 2.602799 -5.413822 48.561133 -4.345716 -54.991168 23.130167 -9.268281 0.000000 0.000000 0.000000 
0.008153 0.959398 -0.016676 -1.775579 -0.048188 0.454827 6.034078 0.147365 6.037187 -2.905457 0.388187 -8.477204 -1.320865 4.356442 17.637856 0.000000 0.000000 0.000000 -1.964972 -0.571737 7.396465 1.543602 -0.425139 -10.073344 -4.037403 -13.990737 22.205545 0.000000 0.000000 0.000000 -3.279146 0.010349 1.725864 3.412701 -0.270302 -23.142905 0.808972 7.749300 27.635593 11.990521 -4.101294 -26.556519 0.000000 0.000000 0.000000 -21.685921 2.416574 -4.913134 -50.553565 -4.270741 -6.082653 -13.702591 -19.456476 3.000210 0.000000 0.000000 0.000000 -8.391138 12.035025 2.909173 -0.607292 48.224935 -2.823501 -60.673041 30.383859 -14.424147 0.000000 0.000000 0.000000 
0.007960 0.958957 -0.016618 -1.861645 0.047893 0.611011 6.350472 0.111038 5.750169 -3.259257 0.397930 -8.291820 -1.327310 4.306084 17.470835 0.000000 0.000000 0.000000 -2.115133 -0.551881 7.307139 1.898053 -0.421690 -9.603244 -3.609616 -13.144795 20.794233 0.000000 0.000000 0.000000 -3.538256 0.022051 1.394014 3.726446 -0.373074 -22.690459 1.012115 7.255637 27.417059 11.110564 -3.699074 -26.204703 0.000000 0.000000 0.000000 -21.889593 3.168014 -5.268110 -50.763023 -4.042396 -6.196781 -13.537199 -19.111768 2.935682 0.000000 0.000000 0.000000 -6.848003 11.636496 3.069118 5.345923 47.905243 -0.902180 -67.070211 36.885680 -20.374187 0.000000 0.000000 0.000000 
0.007707 0.958449 -0.016555 -1.918644 -0.044621 0.672740 6.328980 0.114165 5.769793 -3.101460 0.394114 -8.405249 -1.242274 4.378597 17.340248 0.000000 0.000000 0.000000 -2.216438 -0.546604 7.371170 2.125433 -0.422572 -9.453934 -3.277980 -12.502641 19.831025 0.000000 0.000000 0.000000 -3.478484 0.026024 0.992608 4.022236 -0.463846 -22.458294 1.123167 6.857362 27.615375 10.703028 -3.497874 -26.412188 0.000000 0.000000 0.000000 -22.280335 3.392017 -5.339484 -50.738086 -3.447209 -6.470944 -13.519151 -18.874822 2.917730 0.000000 0.000000 0.000000 -4.970692 11.503210 3.326517 10.249611 47.233330 0.568377 -73.557429 43.998123 -28.152394 0.000000 0.000000 0.000000 
0.007459 0.957984 -0.016527 -1.874272 -0.014326 0.840554 6.245536 0.117002 5.790878 -3.014298 0.392959 -8.768735 -1.245030 4.372293 17.331661 0.000000 0.000000 0.000000 -2.428152 -0.514697 7.217313 2.450711 -0.429477 -9.410116 -3.269734 -12.438422 19.530524 0.000000 0.000000 0.000000 -3.714253 0.035536 0.678705 4.382295 -0.558351 -22.403302 1.251028 6.479545 27.842960 10.035918 -3.170405 -26.382024 0.000000 0.000000 0.000000 -22.761153 3.883133 -5.615113 -50.802360 -3.300654 -6.569077 -13.782519 -18.495437 2.918903 0.000000 0.000000 0.000000 -3.364307 11.457088 3.555417 14.813342 46.532539 1.887723 -80.677756 49.975700 -36.785395 0.000000 0.000000 0.000000 
0.007233 0.957731 -0.016600 -1.872197 -0.074715 0.934728 6.252061 0.115707 5.765717 -3.017498 0.394897 -8.893832 -1.208155 4.413169 17.316634 0.000000 0.000000 0.000000 -2.469453 -0.513281 7.263392 2.537285 -0.435752 -9.691389 -3.226921 -12.379939 19.536645 0.000000 0.000000 0.000000 -3.733475 0.039367 0.434383 4.663037 -0.639507 -22.272409 1.316797 6.265440 28.044448 9.750763 -2.987476 -26.739828 0.000000 0.000000 0.000000 -23.290694 3.939308 -5.678965 -50.979885 -3.251432 -6.635219 -13.727583 -18.230963 2.883072 0.000000 0.000000 0.000000 -1.635674 11.500618 3.821522 18.179588 45.694265 2.748162 -88.600477 55.448025 -47.011258 0.000000 0.000000 0.000000 
0.007038 0.957472 -0.016766 -1.815991 -0.194066 1.091854 6.184904 0.116867 5.668989 -3.012861 0.396643 -9.008180 -1.136347 4.500027 17.320678 0.000000 0.000000 0.000000 -2.629584 -0.476454 7.014017 2.716941 -0.436350 -9.595315 -3.198151 -12.329559 19.402814 0.000000 0.000000 0.000000 -3.785487 0.044321 0.228855 4.880453 -0.701034 -22.210291 1.376515 6.088479 28.246565 9.396860 -2.799881 -26.898111 0.000000 0.000000 0.000000 -23.502228 4.056106 -5.706227 -50.991575 -3.094589 -6.739267 -14.581315 -18.331470 3.051940 0.000000 0.000000 0.000000 -0.436100 11.244223 3.903873 20.963444 45.145281 3.447850 -96.468210 59.393066 -57.082885 0.000000 0.000000 0.000000 
0.006854 0.957398 -0.017035 -1.827633 -0.359553 1.147335 6.064540 0.129156 5.717516 -2.790144 0.393337 -9.179632 -1.047919 4.615887 17.350468 0.000000 0.000000 0.000000 -2.730438 -0.462176 6.981943 2.907860 -0.439700 -9.708350 -3.105360 -12.204218 19.397138 0.000000 0.000000 0.000000 -3.800492 0.047562 -0.007664 5.073337 -0.768881 -21.985280 1.409657 6.067906 28.423240 9.214707 -2.657171 -27.258427 0.000000 0.000000 0.000000 -23.681707 3.987927 -5.658416 -51.337160 -3.091964 -6.809087 -15.046756 -18.695462 3.203764 0.000000 0.000000 0.000000 0.480949 11.140728 3.993282 23.319648 44.700915 4.045840 -103.712496 62.001908 -66.151699 0.000000 0.000000 0.000000 
0.006664 0.957719 -0.017379 -1.783320 -0.526916 1.375687 5.951059 0.134514 5.656027 -2.691856 0.396053 -9.504401 -1.001722 4.730866 17.595744 0.000000 0.000000 0.000000 -2.771442 -0.425819 6.608668 2.892032 -0.434744 -9.571234 -3.044646 -12.130357 19.406664 0.000000 0.000000 0.000000 -3.951928 0.055654 -0.398328 5.338342 -0.845486 -21.900161 1.375963 6.030540 28.779107 8.994118 -2.586571 -27.073650 0.000000 0.000000 0.000000 -23.764343 3.894638 -5.566593 -51.534844 -3.392597 -6.753328 -16.108438 -18.930864 3.435722 0.000000 0.000000 0.000000 1.140398 11.212066 4.107318 24.769333 44.364198 4.363504 -109.078305 62.709092 -71.935519 0.000000 0.000000 0.000000 
0.006485 0.957824 -0.017800 -1.769568 -0.682370 1.378997 5.941464 0.138516 5.659671 -2.709332 0.398245 -9.517777 -0.935012 4.823999 17.657055 0.000000 0.000000 0.000000 -2.922409 -0.405452 6.540841 3.122080 -0.437237 -9.537205 -2.957472 -12.015178 19.403349 0.000000 0.000000 0.000000 -4.005458 0.057755 -0.553615 5.474750 -0.907841 -21.587595 1.365969 6.033971 28.862420 8.873777 -2.483405 -27.391377 0.000000 0.000000 0.000000 -23.758701 3.908094 -5.538781 -51.879974 -3.425672 -6.806875 -17.076986 -19.754133 3.775559 0.000000 0.000000 0.000000 1.960804 11.296408 4.249535 25.595994 44.172894 4.518280 -113.518999 62.214320 -75.690981 0.000000 0.000000 0.000000 
0.006353 0.958179 -0.018228 -1.769461 -0.604351 1.395322 5.845154 0.136598 5.508135 -2.510622 0.390014 -9.361551 -0.967203 4.799993 17.698833 0.000000 0.000000 0.000000 -2.841863 -0.408757 6.478886 3.012635 -0.435522 -9.497006 -2.989305 -12.070105 19.497543 0.000000 0.000000 0.000000 -3.947969 0.056452 -0.459049 5.522244 -0.917028 -21.602476 1.321372 5.980936 29.011127 8.681715 -2.407130 -27.192458 0.000000 0.000000 0.000000 -23.928993 3.640265 -5.405867 -51.949632 -3.665339 -6.728608 -18.180776 -20.713123 4.177467 0.000000 0.000000 0.000000 2.488138 11.379692 4.355438 25.753787 44.275844 4.546936 -115.336509 60.669198 -75.644588 0.000000 0.000000 0.000000 
0.006246 0.958281 -0.018675 -1.822097 -0.543226 1.502041 6.069873 0.108456 5.222994 -2.781281 0.394488 -9.135666 -0.987417 4.771987 17.680107 0.000000 0.000000 0.000000 -2.937249 -0.392589 6.367688 3.313528 -0.442771 -9.542845 -2.997743 -12.085835 19.585502 0.000000 0.000000 0.000000 -3.882128 0.058776 -0.666370 5.738964 -0.995839 -21.306522 1.208226 6.086914 28.981865 8.825750 -2.427970 -27.440402 0.000000 0.000000 0.000000 -23.860357 3.615868 -5.426593 -52.166147 -3.823759 -6.680189 -18.740580 -21.746436 4.501502 0.000000 0.000000 0.000000 2.655686 11.406970 4.397662 25.006347 44.000201 4.253260 -115.173890 58.199201 -72.464867 0.000000 0.000000 0.000000 
0.006158 0.958839 -0.019075 -1.757635 -0.392563 1.468233 6.065184 0.096708 4.971009 -2.857296 0.391361 -8.728183 -1.073359 4.685018 17.738710 0.000000 0.000000 0.000000 -2.995754 -0.387534 6.332640 3.332768 -0.444521 -9.435596 -3.055674 -12.179414 19.720352 0.000000 0.000000 0.000000 -4.088663 0.058924 -0.569074 6.017098 -1.062687 -21.367999 1.090117 6.112327 29.199685 8.879181 -2.440940 -27.490738 0.000000 0.000000 0.000000 -23.892779 3.308454 -5.277769 -52.124405 -4.536654 -6.396136 -19.204406 -22.619828 4.784211 0.000000 0.000000 0.000000 2.758482 11.465400 4.440722 23.720081 43.716344 3.782250 -114.746880 55.316546 -68.549404 0.000000 0.000000 0.000000 
0.006050 0.959131 -0.019476 -1.694221 -0.107923 1.369910 6.148374 0.085772 4.921346 -3.059774 0.394084 -8.588559 -1.246020 4.492097 17.798512 0.000000 0.000000 0.000000 -3.054961 -0.402851 6.540865 3.383900 -0.451059 -9.598886 -3.162865 -12.331938 19.882137 0.000000 0.000000 0.000000 -4.285738 0.058164 -0.490667 6.169314 -1.118571 -21.137298 1.119718 6.075387 29.099117 8.894391 -2.415303 -27.572970 0.000000 0.000000 0.000000 -24.109744 3.070058 -5.226855 -51.974694 -5.295360 -6.038075 -19.203572 -23.535782 4.978111 0.000000 0.000000 0.000000 2.724635 11.542699 4.471706 22.355740 43.489350 3.340725 -112.879614 53.085129 -64.072598 0.000000 0.000000 0.000000 
0.005901 0.959640 -0.019901 -1.604407 0.315618 1.345170 6.118117 0.071565 4.706113 -3.088317 0.388736 -8.348838 -1.476712 4.241232 17.882642 0.000000 0.000000 0.000000 -3.037500 -0.413809 6.579229 3.362886 -0.454143 -9.355184 -3.384828 -12.567364 19.510748 0.000000 0.000000 0.000000 -4.449784 0.057544 -0.380846 6.508038 -1.217090 -20.987870 0.933834 6.321477 28.931804 9.292570 -2.567967 -27.533645 0.000000 0.000000 0.000000 -24.267667 2.606735 -5.157209 -51.978108 -5.746466 -5.786759 -19.138562 -24.129193 5.058578 0.000000 0.000000 0.000000 2.871226 11.774215 4.606572 20.439574 43.279140 2.779170 -110.256213 50.543262 -58.535027 0.000000 0.000000 0.000000 
0.005674 0.960054 -0.020448 -1.450856 0.846318 1.240374 6.192605 0.049828 4.458572 -3.394735 0.392421 -7.941090 -1.773090 3.902886 17.935956 0.000000 0.000000 0.000000 -3.084557 -0.449802 6.991455 3.359857 -0.463195 -9.552869 -3.589706 -12.768685 19.160497 0.000000 0.000000 0.000000 -4.660830 0.056027 -0.153401 6.454467 -1.189833 -21.043009 1.122153 6.506730 28.904395 9.264960 -2.457384 -27.613973 0.000000 0.000000 0.000000 -24.448644 2.271589 -5.168989 -51.984024 -6.187907 -5.548882 -18.964927 -24.850671 5.144134 0.000000 0.000000 0.000000 2.535891 12.070224 4.689812 18.742133 43.423806 2.366221 -106.518964 48.236181 -52.523361 0.000000 0.000000 0.000000 
0.005395 0.960734 -0.021250 -1.412070 1.244678 1.177063 6.295512 0.026968 4.166669 -3.550247 0.392853 -7.526621 -1.994636 3.669669 18.033744 0.000000 0.000000 0.000000 -3.163717 -0.469508 7.244402 3.529066 -0.473031 -9.522463 -3.548678 -12.584934 18.698800 0.000000 0.000000 0.000000 -4.769242 0.054855 0.121728 6.274153 -1.140290 -20.963332 1.266302 7.058831 28.559350 9.572682 -2.450186 -27.872643 0.000000 0.000000 0.000000 -24.226164 1.833103 -5.146405 -52.124961 -6.636292 -5.272237 -17.962264 -24.826633 4.851779 0.000000 0.000000 0.000000 2.009174 12.778532 4.898513 16.435665 43.917261 1.884713 -100.718744 44.778553 -44.063470 0.000000 0.000000 0.000000 
0.005019 0.961365 -0.022360 -1.262016 1.962970 0.979004 6.172144 0.018939 4.037038 -3.464027 0.381689 -7.265068 -2.392717 3.238259 18.153563 0.000000 0.000000 0.000000 -3.267060 -0.501536 7.599765 3.706137 -0.488843 -9.633400 -3.931168 -13.116427 18.762692 0.000000 0.000000 0.000000 -5.063824 0.053902 0.586967 6.119360 -1.076436 -21.105163 1.509324 7.584231 28.416257 9.735744 -2.348823 -28.077780 0.000000 0.000000 0.000000 -24.259553 1.507096 -5.294839 -52.111997 -6.996947 -5.014604 -17.324330 -24.801656 4.636064 0.000000 0.000000 0.000000 0.968783 13.607300 5.043332 13.075380 44.873635 1.145938 -93.252186 40.845884 -35.099197 0.000000 0.000000 0.000000 
0.004558 0.962327 -0.023749 -1.058760 2.121683 0.875069 5.922420 0.036373 4.160138 -3.346515 0.375829 -7.483229 -2.569896 3.139805 18.547995 0.000000 0.000000 0.000000 -3.722168 -0.492452 7.969454 4.179972 -0.506945 -10.064052 -3.815869 -12.933513 18.912148 0.000000 0.000000 0.000000 -5.189834 0.054357 0.834765 6.178200 -1.078526 -21.256846 1.760052 8.943298 28.290414 10.252870 -2.379043 -28.212672 0.000000 0.000000 0.000000 -24.550236 0.579937 -5.318660 -52.026174 -6.946126 -4.860191 -16.333778 -24.150473 4.204998 0.000000 0.000000 0.000000 -0.324249 15.108250 5.346538 8.265317 45.752073 -0.028351 -84.733029 36.020432 -26.241158 0.000000 0.000000 0.000000 
0.003942 0.962881 -0.025192 -0.882029 2.650373 0.602413 5.781139 0.038371 4.136949 -3.290756 0.368018 -7.233873 -2.880696 2.818289 18.678072 0.000000 0.000000 0.000000 -3.742521 -0.513983 8.112544 4.124163 -0.512631 -9.835746 -4.185527 -13.473637 18.990628 0.000000 0.000000 0.000000 -5.357896 0.054437 1.590640 5.594683 -0.915875 -21.212802 2.098445 10.208326 27.527004 10.780431 -2.411895 -28.165195 0.000000 0.000000 0.000000 -24.327842 0.215776 -5.617301 -51.714029 -7.106425 -4.548514 -15.546406 -23.186442 3.765000 0.000000 0.000000 0.000000 -1.923234 16.399249 5.461613 2.650942 47.414568 -1.488805 -74.644282 29.883146 -17.527369 0.000000 0.000000 0.000000 
0.003034 0.963691 -0.026680 -0.736689 2.348257 0.513262 5.422529 0.075675 4.379854 -2.892909 0.357507 -7.569029 -2.808681 3.007660 19.050582 0.000000 0.000000 0.000000 -3.957068 -0.511921 8.433169 4.192611 -0.511885 -10.202847 -3.765142 -12.807753 18.744718 0.000000 0.000000 0.000000 -5.026839 0.047736 1.917873 5.360176 -0.835877 -21.525264 2.170282 12.410297 27.499913 12.055713 -2.778239 -28.336730 0.000000 0.000000 0.000000 -24.178984 -0.749787 -5.723078 -51.305045 -6.823520 -4.423611 -14.634685 -21.772046 3.251726 0.000000 0.000000 0.000000 -4.223652 18.178895 5.471906 -3.897148 48.270096 -3.305393 -63.033757 22.987517 -10.153263 0.000000 0.000000 0.000000 
0.001792 0.964154 -0.028149 -0.568035 2.998075 0.390917 5.301724 0.070470 4.300479 -2.778254 0.347086 -7.546051 -3.182677 2.638169 19.233879 0.000000 0.000000 0.000000 -3.674591 -0.560674 8.541285 3.966145 -0.515152 -10.030794 -4.476452 -13.844008 18.437002 0.000000 0.000000 0.000000 -5.198008 0.049282 2.408045 4.631887 -0.631897 -21.471694 2.455483 13.480445 26.782227 12.546160 -2.716924 -28.768086 0.000000 0.000000 0.000000 -23.388567 -0.908350 -5.939128 -51.798560 -6.949807 -4.275821 -13.139378 -20.266341 2.690448 0.000000 0.000000 0.000000 -7.344119 19.760716 5.107182 -9.312605 49.791041 -4.882182 -52.320898 14.791825 -4.466472 0.000000 0.000000 0.000000 
0.000271 0.965042 -0.029637 -0.383381 2.999142 0.299869 5.209078 0.087367 4.533565 -2.806805 0.350809 -7.944832 -3.305529 2.634477 19.712096 0.000000 0.000000 0.000000 -3.537515 -0.582584 8.659208 3.770172 -0.513885 -10.373700 -4.844377 -14.483882 18.865197 0.000000 0.000000 0.000000 -4.994442 0.043576 3.096370 4.267697 -0.503762 -21.970018 2.328307 15.677906 26.773123 13.777100 -2.957506 -29.268054 0.000000 0.000000 0.000000 -23.041167 -1.797588 -6.103208 -51.108111 -7.125019 -3.927470 -11.637933 -18.186937 2.102647 0.000000 0.000000 0.000000 -9.566570 20.853737 4.709999 -15.136410 50.455316 -6.549816 -42.702912 7.860978 -1.196950 0.000000 0.000000 0.000000 
-0.001270 0.965400 -0.030956 -0.239216 3.548133 0.566455 5.134520 0.063685 4.140831 -2.720037 0.342919 -8.074364 -3.613540 2.367034 19.946665 0.000000 0.000000 0.000000 -3.427095 -0.582027 8.408819 3.657985 -0.515025 -10.031730 -4.998561 -14.588630 18.037310 0.000000 0.000000 0.000000 -4.940667 0.044608 3.405817 3.432558 -0.261365 -22.159700 2.389382 16.655969 26.334687 14.165339 -2.864477 -29.675542 0.000000 0.000000 0.000000 -22.514907 -2.239933 -6.168820 -51.278876 -7.305282 -3.740850 -10.654563 -17.091286 1.788819 0.000000 0.000000 0.000000 -12.113585 21.569844 4.093862 -18.659315 50.734769 -7.413950 -34.788479 2.972761 0.313287 0.000000 0.000000 0.000000 
-0.002643 0.965627 -0.032067 -0.205216 3.793185 0.711746 5.160105 0.051976 4.033954 -2.654880 0.339832 -8.369439 -3.772507 2.257811 20.159077 0.000000 0.000000 0.000000 -2.864497 -0.643107 8.488737 3.368660 -0.516047 -10.371770 -5.750443 -15.769756 17.707899 0.000000 0.000000 0.000000 -4.696586 0.037077 3.546101 3.138869 -0.180021 -22.153501 2.217464 18.471378 26.073140 14.966780 -2.968142 -29.757004 0.000000 0.000000 0.000000 -21.996354 -2.567369 -6.505926 -50.852627 -7.507081 -3.443782 -10.815584 -16.231333 1.650471 0.000000 0.000000 0.000000 -14.177811 21.806412 3.417908 -20.607025 49.941456 -7.352862 -27.367314 -0.264176 0.880050 0.000000 0.000000 0.000000 
-0.003753 0.965433 -0.032945 -0.005884 4.353280 1.096750 4.856806 0.042297 3.677212 -2.325969 0.327546 -8.726141 -4.057313 1.992117 20.290451 0.000000 0.000000 0.000000 -2.887471 -0.630115 8.272704 3.418975 -0.521597 -10.148639 -5.920744 -15.929097 16.622787 0.000000 0.000000 0.000000 -4.646136 0.039692 3.425933 2.391245 0.037280 -22.383795 2.459409 19.257684 26.053265 15.289842 -2.865835 -30.200850 0.000000 0.000000 0.000000 -21.629138 -2.841339 -6.639019 -50.849349 -7.390580 -3.402399 -10.055437 -15.852676 1.474510 0.000000 0.000000 0.000000 -15.920458 21.963468 2.831701 -21.240538 49.317448 -7.024520 -21.453867 -1.862920 0.889626 0.000000 0.000000 0.000000 
-0.004598 0.965251 -0.033750 0.141425 4.719512 1.242301 4.860834 0.021041 3.333816 -2.481934 0.326294 -8.585382 -4.238392 1.799581 20.303259 0.000000 0.000000 0.000000 -2.642627 -0.658455 8.287625 3.143747 -0.517379 -10.087721 -6.241531 -16.399649 15.855094 0.000000 0.000000 0.000000 -4.715830 0.043477 3.305598 2.107195 0.107033 -22.064410 2.582329 20.683917 25.870805 15.380916 -2.616029 -30.286533 0.000000 0.000000 0.000000 -21.437570 -2.742818 -7.185202 -50.583276 -7.608771 -3.140062 -10.357470 -16.014506 1.463561 0.000000 0.000000 0.000000 -16.927657 22.076582 2.445169 -20.951919 48.064435 -6.245243 -16.520737 -2.608227 0.735762 0.000000 0.000000 0.000000 
-0.005185 0.965108 -0.034556 0.353766 5.627480 1.564096 4.661801 -0.008701 2.736717 -2.376002 0.313447 -8.474180 -4.682732 1.330747 20.328924 0.000000 0.000000 0.000000 -2.594674 -0.661130 8.120091 3.052623 -0.522879 -9.943242 -6.643948 -16.982557 15.311172 0.000000 0.000000 0.000000 -4.740451 0.046550 3.226510 1.788565 0.216009 -22.271059 2.902965 21.464039 26.061014 15.269187 -2.284018 -30.480568 0.000000 0.000000 0.000000 -21.273368 -2.516427 -7.721881 -50.528578 -7.354691 -3.138108 -10.849510 -16.590663 1.513028 0.000000 0.000000 0.000000 -17.451948 22.274547 2.237536 -19.832318 46.856381 -5.364636 -12.357043 -2.936755 0.542519 0.000000 0.000000 0.000000 
-0.005666 0.964834 -0.035425 0.544029 6.173957 1.522443 4.550632 -0.022217 2.418510 -2.435029 0.307488 -8.055396 -4.939468 1.019372 20.225930 0.000000 0.000000 0.000000 -2.632809 -0.676744 8.219961 3.103509 -0.526309 -9.707983 -6.960322 -17.480992 14.708790 0.000000 0.000000 0.000000 -4.491916 0.035535 3.146915 1.240999 0.360656 -21.978092 3.455405 22.602056 26.193930 14.927883 -1.916227 -30.089177 0.000000 0.000000 0.000000 -21.430218 -2.635298 -8.244286 -50.068726 -6.932312 -3.083919 -12.004038 -17.530746 1.679434 0.000000 0.000000 0.000000 -17.509015 22.488770 2.192747 -18.293519 45.546644 -4.440676 -9.044369 -3.278724 0.384668 0.000000 0.000000 0.000000 
-0.005957 0.964486 -0.036207 0.657742 6.558795 1.503188 4.352304 -0.029261 2.116343 -2.238129 0.296888 -7.662906 -5.090015 0.803447 20.055886 0.000000 0.000000 0.000000 -2.730531 -0.686600 8.339996 3.146421 -0.532136 -9.679255 -7.001630 -17.523175 14.367677 0.000000 0.000000 0.000000 -4.298942 0.027866 3.083273 0.927524 0.449044 -21.917881 3.921782 23.642048 26.436110 14.973502 -1.702485 -30.176270 0.000000 0.000000 0.000000 -21.060001 -2.440126 -8.654445 -50.127585 -6.295635 -3.278301 -13.178804 -18.447962 1.842860 0.000000 0.000000 0.000000 -17.468993 22.898412 2.255858 -16.586829 44.434615 -3.631599 -6.767615 -3.801499 0.284405 0.000000 0.000000 0.000000 
-0.006153 0.964195 -0.036901 0.765496 6.444999 1.425570 4.019986 -0.009951 2.119894 -1.863187 0.286882 -7.548114 -5.007506 0.861575 19.946050 0.000000 0.000000 0.000000 -2.926361 -0.684521 8.519690 3.127507 -0.524693 -9.442484 -6.548892 -16.718968 13.410396 0.000000 0.000000 0.000000 -4.080773 0.021059 2.926554 0.522551 0.551359 -21.837132 4.679477 24.532817 26.757773 14.763957 -1.435649 -30.172836 0.000000 0.000000 0.000000 -21.313922 -2.647458 -8.974471 -49.811657 -5.943684 -3.242411 -13.890561 -18.858360 1.938131 0.000000 0.000000 0.000000 -17.713905 23.817051 2.382966 -15.253556 43.514859 -3.067652 -5.385533 -3.985719 0.212309 0.000000 0.000000 0.000000 
-0.006183 0.963868 -0.037404 0.819423 6.045977 1.231161 3.875429 0.016619 2.384836 -1.759616 0.287788 -7.577707 -4.798288 1.060999 19.863464 0.000000 0.000000 0.000000 -3.320024 -0.655797 8.656260 3.518514 -0.538174 -9.627959 -6.345058 -16.393434 13.621810 0.000000 0.000000 0.000000 -3.770042 0.010209 2.878707 0.274488 0.603464 -21.554535 4.773406 25.081335 26.727187 14.841876 -1.539132 -29.616196 0.000000 0.000000 0.000000 -21.264719 -2.561902 -9.103770 -49.636578 -5.651411 -3.300335 -14.180330 -18.882781 1.961282 0.000000 0.000000 0.000000 -17.530384 24.627602 2.676488 -14.961488 43.227621 -2.971700 -5.056585 -3.749584 0.185916 0.000000 0.000000 0.000000 
-0.006255 0.963429 -0.037761 0.932270 6.278061 0.899475 3.644640 0.032843 2.456125 -1.538047 0.274325 -7.142273 -4.872561 0.894818 19.616955 0.000000 0.000000 0.000000 -3.456191 -0.694225 9.153849 3.203796 -0.530663 -9.676918 -5.945927 -15.651614 13.407629 0.000000 0.000000 0.000000 -3.976086 0.010440 3.043392 0.359892 0.582482 -21.365320 5.028139 24.376919 26.553299 14.508152 -1.518676 -29.248752 0.000000 0.000000 0.000000 -21.614491 -2.910492 -8.893189 -49.760964 -5.153334 -3.469332 -13.396709 -18.608086 1.853341 0.000000 0.000000 0.000000 -16.998570 25.161797 3.058701 -13.858860 43.477253 -2.853808 -7.032659 -1.941215 0.234811 0.000000 0.000000 0.000000 
-0.006320 0.963126 -0.038056 0.827847 5.700011 0.748949 3.820483 0.038224 2.598926 -1.703195 0.282154 -7.004833 -4.550995 1.203582 19.478616 0.000000 0.000000 0.000000 -3.507152 -0.680075 9.177944 3.343433 -0.527407 -9.628677 -5.689086 -15.229370 13.236979 0.000000 0.000000 0.000000 -4.038125 0.014507 2.662899 0.806487 0.438908 -20.864720 4.630957 23.796064 26.220376 14.141502 -1.596512 -28.584003 0.000000 0.000000 0.000000 -21.523262 -2.819657 -8.526146 -49.724838 -5.349886 -3.502062 -13.576557 -17.610531 1.840944 0.000000 0.000000 0.000000 -15.529881 25.694599 3.832814 -12.599713 44.019862 -2.864124 -10.928212 1.870023 0.160400 0.000000 0.000000 0.000000 
-0.006387 0.962662 -0.038225 0.769139 5.540552 0.374912 3.914706 0.052463 2.873793 -1.761203 0.282568 -6.751898 -4.435940 1.252062 19.250928 0.000000 0.000000 0.000000 -3.552728 -0.693981 9.396558 3.281692 -0.519112 -9.397330 -5.423070 -14.758594 13.128184 0.000000 0.000000 0.000000 -4.094312 0.012940 2.347160 0.872466 0.405330 -20.423078 4.627257 22.074582 25.990303 13.277413 -1.585508 -27.687635 0.000000 0.000000 0.000000 -21.481537 -3.103664 -7.705897 -50.285828 -5.058672 -3.860477 -12.452519 -17.386844 1.752682 0.000000 0.000000 0.000000 -13.539801 25.551467 4.606823 -8.724961 45.618113 -2.279766 -17.451098 7.359228 -0.350552 0.000000 0.000000 0.000000 
-0.006386 0.962405 -0.038233 0.451604 4.795478 -0.150577 4.034660 0.096303 3.626297 -1.438075 0.277493 -6.910336 -4.035727 1.644854 19.071574 0.000000 0.000000 0.000000 -3.441140 -0.723669 9.769487 3.248985 -0.514824 -9.686154 -4.956619 -14.041916 13.826180 0.000000 0.000000 0.000000 -4.217609 0.011389 2.116197 1.974209 0.070288 -20.117801 4.191175 21.201065 26.322309 12.661043 -1.559165 -27.162154 0.000000 0.000000 0.000000 -22.410243 -2.966274 -7.628255 -49.668473 -5.242689 -3.784883 -11.977445 -16.122233 1.658094 0.000000 0.000000 0.000000 -9.392446 25.288636 6.123867 -4.117864 46.420685 -1.488485 -27.163216 14.377794 -1.908593 0.000000 0.000000 0.000000 
-0.006266 0.961594 -0.037888 0.272862 4.902179 0.270131 4.339343 0.066689 3.486379 -1.632281 0.291816 -7.487041 -4.054455 1.595510 18.987688 0.000000 0.000000 0.000000 -3.468461 -0.663590 9.084966 3.416380 -0.518870 -9.514321 -4.857427 -13.873695 14.161590 0.000000 0.000000 0.000000 -4.729036 0.027609 1.043645 2.583057 -0.129285 -19.398024 3.855345 19.228085 26.145203 11.816379 -1.464930 -26.785476 0.000000 0.000000 0.000000 -22.182138 -3.003217 -6.831809 -50.151978 -5.604626 -3.932787 -11.320117 -15.915119 1.629765 0.000000 0.000000 0.000000 -5.139817 23.986857 7.330186 2.712598 46.257292 0.040740 -38.169714 27.130199 -6.442723 0.000000 0.000000 0.000000 
-0.006233 0.960817 -0.037141 0.126272 4.660460 0.116928 4.341508 0.107492 4.282093 -1.376651 0.299843 -8.450051 -3.944778 1.705533 18.960114 0.000000 0.000000 0.000000 -3.441348 -0.688238 9.395532 3.276372 -0.519581 -9.979669 -4.445758 -13.205946 14.574321 0.000000 0.000000 0.000000 -5.150687 0.028505 0.556101 3.287770 -0.358270 -19.031226 3.863231 17.804059 26.523996 10.898541 -1.356265 -25.917923 0.000000 0.000000 0.000000 -23.307211 -3.016231 -6.634209 -48.824166 -5.569989 -3.856454 -11.416050 -16.056353 1.728869 0.000000 0.000000 0.000000 -0.922326 22.474738 8.297035 10.634298 44.561815 1.820476 -48.599862 43.092479 -14.997612 0.000000 0.000000 0.000000 
-0.006309 0.959758 -0.036256 -0.081458 4.732121 0.325092 4.774320 0.075749 4.266762 -1.711513 0.311101 -8.769568 -3.924479 1.653866 18.732719 0.000000 0.000000 0.000000 -3.495492 -0.657869 9.082056 3.575609 -0.530376 -10.012702 -4.317396 -13.003022 14.927426 0.000000 0.000000 0.000000 -5.660855 0.029917 -0.063912 3.949031 -0.561636 -18.835072 3.656517 15.658770 27.159053 9.985846 -1.126357 -26.163479 0.000000 0.000000 0.000000 -23.484996 -1.914297 -6.560115 -49.323334 -5.681105 -4.144075 -10.711658 -17.023656 1.803513 0.000000 0.000000 0.000000 2.059234 20.180821 8.354181 20.485264 43.154793 4.100638 -61.822680 58.744758 -29.180981 0.000000 0.000000 0.000000 
-0.006484 0.958855 -0.035383 -0.171951 4.378542 0.324965 4.844760 0.094035 4.687475 -1.673971 0.320135 -9.313956 -3.726429 1.839059 18.614071 0.000000 0.000000 0.000000 -3.536838 -0.638245 8.982681 3.435132 -0.517609 -9.799768 -3.781396 -12.049958 14.618639 0.000000 0.000000 0.000000 -5.971451 0.024511 -0.659419 4.233298 -0.667206 -18.623868 3.760897 14.019314 27.555801 9.055495 -0.876143 -26.254573 0.000000 0.000000 0.000000 -23.886072 -1.323146 -6.344491 -49.161101 -5.841499 -4.268211 -10.055532 -16.931299 1.775211 0.000000 0.000000 0.000000 5.080935 18.559594 8.559900 28.374203 39.607491 5.043095 -81.037837 73.182121 -54.084500 0.000000 0.000000 0.000000 
-0.006787 0.958292 -0.034924 -0.350542 4.224240 0.338690 5.111499 0.093693 5.081778 -1.778836 0.330543 -9.956816 -3.658292 1.918817 18.629529 0.000000 0.000000 0.000000 -3.399048 -0.637577 8.855598 3.208592 -0.507267 -9.725763 -3.366552 -11.339922 14.743950 0.000000 0.000000 0.000000 -6.190129 0.022193 -0.850405 4.764824 -0.815390 -18.828473 3.564414 12.513614 28.010629 8.443114 -0.784798 -26.300098 0.000000 0.000000 0.000000 -23.974363 -0.292815 -6.380965 -49.508813 -6.040483 -4.451251 -9.726207 -16.655816 1.758566 0.000000 0.000000 0.000000 7.048723 16.959916 8.339370 34.598440 36.823649 5.508701 -129.204880 81.259542 -109.304117 0.000000 0.000000 0.000000 
-0.007085 0.958124 -0.034798 -0.683538 3.618321 0.275834 5.463904 0.101314 5.653934 -1.795427 0.345746 -10.682129 -3.385606 2.268922 18.755163 0.000000 0.000000 0.000000 -3.217805 -0.631967 8.723776 3.112885 -0.495760 -9.682294 -2.732766 -10.321460 15.010755 0.000000 0.000000 0.000000 -5.952979 0.024351 -0.934012 4.879204 -0.861123 -18.851726 3.382037 11.367262 28.508293 8.044830 -0.745050 -26.718068 0.000000 0.000000 0.000000 -23.840721 0.235521 -6.107188 -49.927226 -6.807102 -4.411062 -9.570808 -16.202328 1.743043 0.000000 0.000000 0.000000 8.078235 15.952470 8.034317 39.446969 34.601596 5.698881 176.190230 79.035076 -170.452295 0.000000 0.000000 0.000000 
-0.007315 0.957789 -0.034878 -0.966384 3.095026 0.474328 5.745529 0.094514 5.847361 -1.789418 0.358982 -11.278034 -3.120357 2.596299 18.829387 0.000000 0.000000 0.000000 -3.125297 -0.597804 8.341467 3.025948 -0.484639 -9.576020 -2.008501 -9.101799 15.062869 0.000000 0.000000 0.000000 -5.817463 0.029632 -1.146672 5.123643 -0.934077 -18.980328 3.239340 10.350167 28.841673 7.632986 -0.722167 -26.812154 0.000000 0.000000 0.000000 -23.577625 0.668813 -5.810918 -50.379780 -7.117857 -4.534062 -9.795682 -16.274385 1.827394 0.000000 0.000000 0.000000 8.783044 14.961934 7.630992 42.681738 32.971548 5.656901 156.697672 74.209086 164.346806 0.000000 0.000000 0.000000 
-0.007514 0.957622 -0.035011 -1.168034 2.642249 0.663598 5.704936 0.112505 6.101302 -1.370797 0.373836 -11.977471 -2.900072 2.896701 18.980444 0.000000 0.000000 0.000000 -3.097096 -0.575556 8.152272 3.134919 -0.488578 -9.952725 -1.604914 -8.555371 15.590362 0.000000 0.000000 0.000000 -5.745960 0.034159 -1.364891 5.263981 -0.982786 -18.995923 3.102046 9.642661 28.983042 7.550940 -0.765925 -27.371501 0.000000 0.000000 0.000000 -23.580536 0.952675 -5.636133 -50.766201 -7.433383 -4.562642 -10.182977 -16.238085 1.910860 0.000000 0.000000 0.000000 9.178108 14.181708 7.260854 44.602748 31.285781 5.297480 149.833180 69.845079 153.041709 0.000000 0.000000 0.000000 
-0.007725 0.957280 -0.035131 -1.436355 2.399749 0.921468 5.926262 0.098367 6.159225 -1.255077 0.386616 -12.530729 -2.764735 3.075032 19.048988 0.000000 0.000000 0.000000 -3.034007 -0.551097 7.849097 3.410031 -0.494976 -10.161305 -1.352101 -8.223146 15.966028 0.000000 0.000000 0.000000 -5.665648 0.037723 -1.734364 5.518839 -1.055023 -19.073572 2.831590 8.968353 29.245702 7.390325 -0.816765 -27.356960 0.000000 0.000000 0.000000 -23.517677 1.416126 -5.612011 -51.290566 -7.796380 -4.575475 -10.764401 -16.407794 2.041281 0.000000 0.000000 0.000000 9.480555 13.497405 6.928272 45.847759 29.583233 4.743539 145.799211 66.046166 144.852046 0.000000 0.000000 0.000000 
-0.008017 0.957269 -0.035233 -1.612137 2.234869 0.977826 6.044031 0.098188 6.355159 -1.113244 0.397483 -12.952738 -2.697627 3.188710 19.172802 0.000000 0.000000 0.000000 -2.939067 -0.555398 7.832465 3.605576 -0.496936 -10.138817 -1.243624 -7.993276 15.698776 0.000000 0.000000 0.000000 -5.662399 0.039040 -1.820764 5.649835 -1.093782 -19.107999 2.735774 8.456076 29.297774 7.119279 -0.778551 -27.240481 0.000000 0.000000 0.000000 -23.386036 1.768536 -5.581347 -51.931175 -7.892001 -4.667673 -11.621027 -17.004098 2.264411 0.000000 0.000000 0.000000 9.888148 12.689415 6.578379 46.364840 27.884586 4.035643 142.073397 62.562703 136.552034 0.000000 0.000000 0.000000 
-0.008287 0.957224 -0.035296 -1.800701 2.229771 1.140663 6.093947 0.093124 6.414955 -0.809995 0.409323 -13.391861 -2.694427 3.230164 19.286087 0.000000 0.000000 0.000000 -2.748159 -0.552659 7.601006 3.625625 -0.494715 -9.910251 -1.155608 -7.761900 15.388813 0.000000 0.000000 0.000000 -5.611544 0.042183 -1.899147 5.715962 -1.102391 -19.237385 2.623758 7.887408 29.502502 6.595653 -0.579981 -27.171613 0.000000 0.000000 0.000000 -23.035604 2.159941 -5.536867 -52.843348 -8.348420 -4.652405 -12.556430 -17.490304 2.497342 0.000000 0.000000 0.000000 10.160539 12.122805 6.312039 46.923447 26.618697 3.517474 139.371881 59.948676 130.050317 0.000000 0.000000 0.000000 
-0.008583 0.957368 -0.035356 -1.883539 2.261550 1.181024 6.310593 0.075154 6.438438 -0.994682 0.409094 -13.533778 -2.730543 3.216514 19.386374 0.000000 0.000000 0.000000 -2.598691 -0.550379 7.412192 3.603609 -0.491524 -9.639915 -1.236429 -7.875243 15.284746 0.000000 0.000000 0.000000 -5.659671 0.042811 -1.872540 5.949718 -1.179553 -19.106903 2.331941 7.494659 29.323821 6.377065 -0.540053 -26.976305 0.000000 0.000000 0.000000 -22.968665 2.339778 -5.507951 -53.177284 -8.424300 -4.667350 -13.347457 -17.912365 2.695978 0.000000 0.000000 0.000000 10.423846 11.883685 6.205542 46.739527 25.737845 3.084357 138.047024 58.370685 126.264316 0.000000 0.000000 0.000000 
-0.008796 0.957567 -0.035390 -1.932741 2.406590 1.277035 6.405029 0.062936 6.458484 -1.026149 0.411365 -13.812054 -2.832594 3.148211 19.551467 0.000000 0.000000 0.000000 -2.684679 -0.527583 7.205681 3.830300 -0.497718 -9.428538 -1.187786 -7.774175 15.316408 0.000000 0.000000 0.000000 -5.738202 0.042762 -1.945092 6.030342 -1.200600 -19.093911 2.176918 6.994160 29.293736 6.081706 -0.458468 -26.821170 0.000000 0.000000 0.000000 -22.860576 2.335077 -5.348170 -53.481874 -8.568954 -4.668191 -13.798293 -18.278808 2.842567 0.000000 0.000000 0.000000 10.586974 11.771158 6.134810 46.351561 25.329183 2.813445 137.794265 57.585426 124.810242 0.000000 0.000000 0.000000 
-0.009001 0.957717 -0.035456 -1.842721 2.607166 1.309295 6.390937 0.061703 6.549654 -1.129599 0.411519 -14.104971 -2.984676 3.029480 19.746435 0.000000 0.000000 0.000000 -2.763832 -0.519234 7.151974 3.808691 -0.499998 -9.438676 -1.225587 -7.858420 15.511774 0.000000 0.000000 0.000000 -5.897120 0.039270 -2.066770 6.176027 -1.243500 -19.035241 1.925145 6.522771 29.282347 5.717855 -0.355207 -26.419806 0.000000 0.000000 0.000000 -22.882208 2.487288 -5.330193 -53.773643 -8.746039 -4.637364 -13.881574 -18.414913 2.893375 0.000000 0.000000 0.000000 10.565785 11.901296 6.144744 45.945115 25.185601 2.680895 138.323620 57.395235 125.137157 0.000000 0.000000 0.000000 
-0.009232 0.957903 -0.035551 -1.817763 2.809844 1.311793 6.453698 0.054176 6.646082 -1.238661 0.409518 -14.357937 -3.128851 2.914629 19.916601 0.000000 0.000000 0.000000 -2.908500 -0.509881 7.147150 4.047958 -0.510402 -9.500357 -1.264323 -7.963366 15.799567 0.000000 0.000000 0.000000 -5.877145 0.036508 -2.227118 6.138471 -1.252482 -18.736571 1.724281 6.223299 29.038687 5.704320 -0.436862 -25.933205 0.000000 0.000000 0.000000 -22.829643 2.482500 -5.263928 -54.069577 -8.791920 -4.634201 -13.960806 -18.454252 2.919216 0.000000 0.000000 0.000000 10.618282 11.957822 6.153122 45.555589 25.415342 2.725369 138.603918 57.504611 125.454902 0.000000 0.000000 0.000000 
-0.009573 0.958110 -0.035656 -1.785163 2.940773 1.220977 6.471662 0.055500 6.814442 -1.278625 0.408654 -14.534136 -3.235885 2.833689 20.058341 0.000000 0.000000 0.000000 -2.984151 -0.524022 7.362199 4.092559 -0.513766 -9.494895 -1.131755 -7.652131 15.541264 0.000000 0.000000 0.000000 -5.929721 0.033200 -2.238793 6.075296 -1.238687 -18.651125 1.742205 6.125017 28.878491 5.689964 -0.472882 -25.612264 0.000000 0.000000 0.000000 -23.020362 2.207505 -5.140138 -53.990374 -8.711930 -4.641145 -13.595348 -18.351854 2.843346 0.000000 0.000000 0.000000 10.601515 12.197364 6.251620 45.275909 25.863929 2.880238 138.968332 58.480881 126.863077 0.000000 0.000000 0.000000 
-0.009943 0.958211 -0.035751 -1.744843 2.877290 1.327973 6.432638 0.059030 6.819869 -1.257665 0.413662 -14.735353 -3.229772 2.879918 20.201534 0.000000 0.000000 0.000000 -3.161077 -0.494995 7.211754 4.131159 -0.512846 -9.381427 -0.782961 -7.020396 15.462765 0.000000 0.000000 0.000000 -5.927562 0.031945 -2.546126 6.057434 -1.246194 -18.496674 1.646016 6.204233 28.872202 5.874363 -0.587697 -25.520740 0.000000 0.000000 0.000000 -23.049666 1.974227 -5.022948 -53.974795 -8.771761 -4.607128 -13.183338 -18.252449 2.760343 0.000000 0.000000 0.000000 10.648186 12.510658 6.408091 44.982642 26.456096 3.074905 139.129505 59.486256 128.034162 0.000000 0.000000 0.000000 
-0.010265 0.958191 -0.035811 -1.669911 2.910545 1.395609 6.349099 0.069848 7.005074 -1.219544 0.421294 -15.200930 -3.296465 2.865017 20.419999 0.000000 0.000000 0.000000 -3.263947 -0.489077 7.247696 4.054258 -0.512112 -9.546764 -0.569153 -6.645176 15.507130 0.000000 0.000000 0.000000 -5.883939 0.029889 -2.846292 5.892980 -1.207455 -18.349871 1.701172 6.371356 28.771784 5.832253 -0.551377 -25.349075 0.000000 0.000000 0.000000 -23.368976 1.677062 -4.983189 -53.532737 -8.610539 -4.594670 -12.961489 -17.995643 2.674608 0.000000 0.000000 0.000000 10.650786 12.626886 6.482444 44.882960 26.888133 3.256798 138.655689 60.256553 128.088366 0.000000 0.000000 0.000000 
-0.010491 0.958092 -0.035905 -1.549055 2.986998 1.444327 6.285637 0.077622 7.159025 -1.310486 0.422608 -15.588272 -3.383097 2.816590 20.602338 0.000000 0.000000 0.000000 -3.367231 -0.475261 7.174039 3.947905 -0.507876 -9.343962 -0.477842 -6.375145 15.139630 0.000000 0.000000 0.000000 -5.856392 0.026480 -3.176893 5.829413 -1.192823 -18.268386 1.633240 6.624531 28.804090 5.787584 -0.534361 -24.872383 0.000000 0.000000 0.000000 -23.593749 1.336673 -4.929946 -53.118699 -8.402564 -4.615118 -12.871353 -17.957424 2.641701 0.000000 0.000000 0.000000 10.598620 12.758480 6.577504 44.428050 27.203892 3.310668 138.528858 61.305054 129.008016 0.000000 0.000000 0.000000 
-0.010622 0.957960 -0.036067 -1.462408 3.133860 1.441429 6.166032 0.087114 7.234206 -1.236293 0.424499 -15.775592 -3.475073 2.733352 20.665737 0.000000 0.000000 0.000000 -3.452916 -0.469773 7.163785 3.833316 -0.504793 -9.211119 -0.359561 -6.085678 14.933406 0.000000 0.000000 0.000000 -5.727729 0.026464 -3.272169 5.640213 -1.123775 -18.391557 1.689258 6.709335 28.974007 5.635700 -0.403345 -24.939357 0.000000 0.000000 0.000000 -23.706475 1.352344 -5.024291 -52.942724 -8.514395 -4.538332 -12.477378 -17.970345 2.576036 0.000000 0.000000 0.000000 10.284040 12.715353 6.525840 44.261981 27.403132 3.374533 138.424103 62.173696 129.774633 0.000000 0.000000 0.000000 
-0.010658 0.958112 -0.036331 -1.368226 3.093352 1.439726 6.097525 0.091506 7.127375 -1.300177 0.420933 -15.593179 -3.459439 2.748401 20.664787 0.000000 0.000000 0.000000 -3.675097 -0.442158 7.052996 3.873437 -0.502159 -8.894858 -0.119255 -5.577013 14.647608 0.000000 0.000000 0.000000 -5.538994 0.027492 -3.534870 5.472053 -1.087737 -18.210908 1.652740 7.143461 28.946836 5.973580 -0.575332 -24.647316 0.000000 0.000000 0.000000 -23.638096 1.150085 -5.027091 -52.700817 -8.676579 -4.412532 -12.380201 -17.962787 2.542395 0.000000 0.000000 0.000000 9.961619 12.450070 6.393034 43.786831 27.789188 3.485304 139.097147 64.129916 132.627897 0.000000 0.000000 0.000000 
-0.010654 0.958168 -0.036664 -1.412917 3.582246 1.500662 6.176985 0.064831 6.915659 -1.295400 0.409139 -15.549704 -3.689493 2.499506 20.652142 0.000000 0.000000 0.000000 -3.583183 -0.456497 7.037156 3.740118 -0.502027 -8.746454 -0.093981 -5.393133 14.413555 0.000000 0.000000 0.000000 -5.376498 0.027375 -3.749827 5.431098 -1.070439 -18.148547 1.633287 7.113661 28.967798 5.949437 -0.514171 -24.674201 0.000000 0.000000 0.000000 -23.451553 1.183185 -5.096741 -52.915095 -9.048736 -4.263817 -11.789309 -18.034441 2.452267 0.000000 0.000000 0.000000 9.249418 12.217362 6.180637 42.884213 28.033813 3.492420 141.058023 67.089221 137.791290 0.000000 0.000000 0.000000 
-0.010649 0.958291 -0.037086 -1.323861 3.966530 1.445512 6.114755 0.058044 6.785737 -1.314207 0.397448 -15.385131 -3.882103 2.285367 20.634538 0.000000 0.000000 0.000000 -3.661677 -0.463262 7.113565 3.692321 -0.502759 -8.564208 -0.121535 -5.314649 14.143147 0.000000 0.000000 0.000000 -5.452955 0.020775 -3.840186 5.369160 -1.036303 -18.262927 1.761756 7.417462 29.185564 6.300371 -0.617737 -24.839136 0.000000 0.000000 0.000000 -23.625176 1.021133 -5.224039 -52.890426 -9.283422 -4.121354 -11.302649 -18.298039 2.394431 0.000000 0.000000 0.000000 8.555789 11.995583 6.007311 41.164935 28.425227 3.398845 146.445015 70.961397 147.918199 0.000000 0.000000 0.000000 
-0.010712 0.958149 -0.037561 -1.278192 4.388493 1.446332 6.081258 0.039432 6.382176 -1.286293 0.383374 -14.875993 -4.036347 2.053232 20.404014 0.000000 0.000000 0.000000 -3.477576 -0.495971 7.247106 3.534463 -0.502395 -8.611663 -0.496732 -5.867989 13.827963 0.000000 0.000000 0.000000 -5.449908 0.019657 -3.681006 5.281211 -0.990271 -18.413203 1.968554 7.688796 29.161736 6.325431 -0.552577 -24.771029 0.000000 0.000000 0.000000 -23.497965 0.993369 -5.360054 -53.177967 -9.663086 -3.939909 -10.909890 -18.686673 2.363734 0.000000 0.000000 0.000000 7.254385 11.915538 5.763019 38.791797 29.479282 3.480580 157.546937 75.753464 164.698062 0.000000 0.000000 0.000000 
-0.010806 0.958215 -0.038124 -1.055632 4.489372 1.483806 5.781258 0.058511 6.237828 -1.172219 0.383734 -14.764376 -4.101040 1.993115 20.439724 0.000000 0.000000 0.000000 -3.630520 -0.476163 7.138428 3.557446 -0.505013 -8.648623 -0.782012 -6.429956 14.008621 0.000000 0.000000 0.000000 -5.444913 0.021506 -3.479984 5.100590 -0.918244 -18.637847 2.027570 8.534644 29.084054 6.921615 -0.675264 -25.337598 0.000000 0.000000 0.000000 -23.395601 0.622155 -5.437286 -53.173283 -9.829135 -3.774297 -10.828362 -19.271093 2.385359 0.000000 0.000000 0.000000 5.699730 12.602934 5.803855 35.733994 31.362801 3.713352 -170.989912 81.582460 -157.089120 0.000000 0.000000 0.000000 
-0.010935 0.958204 -0.038686 -0.932018 4.644643 1.173463 5.576147 0.073053 6.112208 -1.015298 0.376155 -14.050884 -4.135025 1.870033 20.158603 0.000000 0.000000 0.000000 -3.669517 -0.514029 7.585285 3.503381 -0.504851 -8.647268 -0.909628 -6.552878 13.603308 0.000000 0.000000 0.000000 -5.537023 0.018478 -2.944466 4.977691 -0.865963 -18.847832 2.288421 9.168293 28.861437 7.506905 -0.907192 -25.333045 0.000000 0.000000 0.000000 -23.320679 0.006996 -5.307169 -53.421708 -9.808498 -3.722352 -10.299214 -19.961341 2.349542 0.000000 0.000000 0.000000 3.655269 13.686174 5.820136 31.667169 34.222849 3.986504 -96.380550 80.993072 -76.598747 0.000000 0.000000 0.000000 
-0.011067 0.958529 -0.039307 -0.714048 4.322160 1.081492 5.188433 0.118284 6.243777 -0.782613 0.387750 -14.042289 -4.017565 2.037008 20.293969 0.000000 0.000000 0.000000 -4.057088 -0.494778 7.825486 3.728814 -0.513702 -8.924383 -0.746203 -6.290466 13.579829 0.000000 0.000000 0.000000 -5.152589 0.028629 -2.583023 4.689901 -0.784041 -18.903596 2.101160 10.517299 28.342325 8.503407 -1.201059 -26.001829 0.000000 0.000000 0.000000 -23.159524 -0.580478 -5.323238 -53.308880 -9.770850 -3.587314 -10.325986 -20.225868 2.328195 0.000000 0.000000 0.000000 1.387948 15.444659 5.995552 26.919924 37.277379 4.047459 -60.444535 69.764390 -35.740713 0.000000 0.000000 0.000000 
-0.011276 0.959026 -0.040029 -0.500232 4.121423 0.892754 4.875778 0.146930 6.137204 -0.647115 0.385122 -13.488172 -3.926170 2.128657 20.270466 0.000000 0.000000 0.000000 -4.530499 -0.456868 7.885470 4.068970 -0.521705 -8.672823 -0.564397 -5.947250 13.440783 0.000000 0.000000 0.000000 -4.905020 0.032345 -2.083184 4.389983 -0.695598 -18.973392 2.236361 11.726204 28.030584 9.307482 -1.449335 -26.255171 0.000000 0.000000 0.000000 -22.929097 -1.620981 -5.047857 -53.899176 -9.710405 -3.534267 -9.544223 -20.772284 2.198707 0.000000 0.000000 0.000000 -1.098998 17.235886 6.022979 21.923142 40.982395 3.937922 -47.103976 55.453229 -19.688976 0.000000 0.000000 0.000000 
-0.011624 0.959904 -0.040999 -0.502826 3.780301 0.463621 4.560946 0.209671 6.753486 -0.092703 0.405512 -13.752926 -3.841122 2.313178 20.577033 0.000000 0.000000 0.000000 -4.460917 -0.500751 8.461205 3.912989 -0.516136 -9.160547 -0.369355 -5.771070 13.947462 0.000000 0.000000 0.000000 -4.246621 0.033569 -1.061948 3.812080 -0.519083 -19.259414 2.235839 13.144033 27.561109 10.258994 -1.705624 -26.801974 0.000000 0.000000 0.000000 -22.715544 -2.012865 -5.194647 -53.942486 -9.836120 -3.336403 -9.831871 -20.713101 2.178070 0.000000 0.000000 0.000000 -3.019941 19.608503 6.324249 14.949146 44.460411 2.842661 -36.474791 38.764988 -9.592995 0.000000 0.000000 0.000000 
-0.012164 0.960788 -0.042020 -0.345533 3.572882 0.240239 4.349933 0.226619 6.584872 0.009357 0.393589 -13.069416 -3.752689 2.422481 20.617084 0.000000 0.000000 0.000000 -4.686654 -0.476485 8.439770 4.269682 -0.523299 -8.798655 -0.586257 -6.177940 13.840997 0.000000 0.000000 0.000000 -4.136356 0.028758 -0.271632 3.567142 -0.430832 -19.669984 2.543388 14.420687 27.421857 11.438182 -2.113799 -27.345347 0.000000 0.000000 0.000000 -22.610155 -3.023221 -4.988524 -54.455081 -9.696218 -3.333671 -9.284691 -20.356118 1.999667 0.000000 0.000000 0.000000 -5.131940 21.655271 6.359566 8.816823 48.427085 1.639708 -28.448843 22.161111 -3.810643 0.000000 0.000000 0.000000 
-0.012824 0.961588 -0.042914 -0.395326 3.220000 0.134048 4.236373 0.251708 6.765651 0.333268 0.405247 -13.187838 -3.629755 2.637844 20.888501 0.000000 0.000000 0.000000 -4.307251 -0.491221 8.272336 4.044679 -0.510162 -8.821036 -0.945302 -7.027579 14.400346 0.000000 0.000000 0.000000 -3.764948 0.020609 0.649004 3.572182 -0.418828 -20.051260 2.534152 16.126447 26.944135 11.907565 -2.046822 -27.731754 0.000000 0.000000 0.000000 -22.284828 -3.531565 -5.144741 -54.284580 -9.762520 -3.122731 -10.026567 -19.554738 1.972133 0.000000 0.000000 0.000000 -6.887217 23.469254 6.388550 2.526305 49.934975 -0.161565 -21.121848 10.895494 -1.099456 0.000000 0.000000 0.000000 
-0.013463 0.962168 -0.043421 -0.475076 3.698020 0.306793 4.237561 0.236217 6.683287 0.597709 0.413903 -13.595893 -3.921331 2.421351 21.192648 0.000000 0.000000 0.000000 -4.070717 -0.498599 7.968112 3.896379 -0.507440 -8.451901 -1.061488 -7.136613 14.269543 0.000000 0.000000 0.000000 -3.405393 0.014880 0.925456 2.955527 -0.237836 -19.957271 2.706344 16.646256 26.820533 12.925051 -2.466734 -27.930285 0.000000 0.000000 0.000000 -21.445050 -3.939251 -4.967942 -54.995395 -9.668687 -3.232996 -9.459157 -19.298539 1.812144 0.000000 0.000000 0.000000 -8.961771 24.266161 5.927544 -2.304321 51.259429 -1.624798 -16.659368 3.994350 -0.075943 0.000000 0.000000 0.000000 
-0.014020 0.962192 -0.043556 -0.607063 4.310909 0.217283 4.229255 0.231839 6.836946 0.993961 0.421080 -13.924697 -4.241863 2.112097 21.272143 0.000000 0.000000 0.000000 -3.304183 -0.564841 7.825979 3.198662 -0.476322 -7.876339 -1.669501 -8.089197 13.929209 0.000000 0.000000 0.000000 -3.085550 0.001281 1.465017 2.485091 -0.084581 -20.109899 2.872677 17.218410 26.812231 13.079546 -2.420722 -27.800287 0.000000 0.000000 0.000000 -21.104499 -4.415233 -4.936516 -54.627474 -9.357149 -3.281625 -10.029671 -19.064107 1.835402 0.000000 0.000000 0.000000 -10.525193 24.414159 5.410013 -5.718254 51.189523 -2.610256 -13.659138 0.893296 0.218091 0.000000 0.000000 0.000000 
-0.014413 0.962143 -0.043464 -0.680240 4.736229 0.185953 4.265069 0.226446 6.979073 1.160614 0.428107 -14.253288 -4.474753 1.895707 21.362857 0.000000 0.000000 0.000000 -3.002623 -0.579647 7.614619 2.972190 -0.458996 -7.304234 -1.937592 -8.471365 13.668692 0.000000 0.000000 0.000000 -2.978680 -0.007904 1.886418 2.032000 0.049852 -20.029564 3.055023 17.324632 26.699866 13.566495 -2.630599 -27.903898 0.000000 0.000000 0.000000 -21.139097 -4.881551 -4.830150 -54.082243 -8.929289 -3.345100 -9.549062 -18.485816 1.695514 0.000000 0.000000 0.000000 -11.399046 24.550419 5.133575 -8.103335 51.571855 -3.381680 -12.271742 -1.199941 0.356082 0.000000 0.000000 0.000000 
-0.014677 0.961784 -0.043373 -0.758224 4.953337 0.322465 4.343674 0.208251 6.856674 1.224944 0.429988 -14.376643 -4.559526 1.794052 21.310802 0.000000 0.000000 0.000000 -2.739353 -0.585810 7.414958 2.769869 -0.445816 -7.107468 -2.094441 -8.680531 13.418118 0.000000 0.000000 0.000000 -2.696169 -0.016431 2.073975 1.641514 0.167293 -20.093430 3.079926 17.867409 26.758741 13.649970 -2.504374 -28.182647 0.000000 0.000000 0.000000 -21.093317 -5.199562 -4.889559 -53.742305 -8.590750 -3.386355 -9.195964 -18.112857 1.582528 0.000000 0.000000 0.000000 -12.354656 24.391697 4.725770 -9.167720 51.663491 -3.559704 -12.020680 -1.670899 0.384038 0.000000 0.000000 0.000000 
-0.014810 0.961456 -0.043307 -0.730433 5.270489 0.387714 4.370066 0.193882 6.732066 1.173381 0.423969 -14.377521 -4.703615 1.621421 21.242522 0.000000 0.000000 0.000000 -2.513882 -0.589654 7.214926 2.498174 -0.420284 -6.560612 -2.358086 -9.000495 12.738334 0.000000 0.000000 0.000000 -2.664109 -0.021089 2.298349 1.343605 0.256882 -20.038599 2.994649 18.042879 26.481580 13.972465 -2.690638 -27.904650 0.000000 0.000000 0.000000 -21.107052 -5.579208 -4.827120 -53.276966 -8.340786 -3.364875 -8.802815 -17.298852 1.449360 0.000000 0.000000 0.000000 -12.925970 24.460514 4.544735 -9.925892 51.899410 -3.732682 -11.705493 -2.069410 0.399429 0.000000 0.000000 0.000000 
-0.014904 0.961016 -0.043230 -0.630787 5.525007 0.595635 4.415601 0.170084 6.409893 0.937084 0.411291 -14.270202 -4.802924 1.481500 21.136485 0.000000 0.000000 0.000000 -2.475519 -0.577606 7.026017 2.418505 -0.411666 -6.336564 -2.585944 -9.299113 12.181265 0.000000 0.000000 0.000000 -2.468845 -0.019226 2.029698 1.002127 0.353209 -19.842109 2.705867 18.163350 26.412250 14.037801 -2.641707 -28.071271 0.000000 0.000000 0.000000 -20.812462 -5.635180 -4.812148 -53.231921 -8.105911 -3.454983 -8.569416 -17.344876 1.402480 0.000000 0.000000 0.000000 -13.635574 24.196738 4.212919 -9.990008 52.291130 -3.636051 -11.294447 -1.720233 0.351359 0.000000 0.000000 0.000000 
-0.014943 0.960519 -0.043221 -0.628145 5.733630 0.870983 4.478921 0.140237 5.971641 0.845581 0.401350 -14.099824 -4.852700 1.378731 20.967063 0.000000 0.000000 0.000000 -2.473152 -0.558676 6.802560 2.428813 -0.410996 -6.226075 -2.599920 -9.219863 11.738940 0.000000 0.000000 0.000000 -2.304528 -0.019256 1.933738 0.656981 0.455918 -19.870227 2.574290 18.511486 26.284320 14.247190 -2.755084 -27.732727 0.000000 0.000000 0.000000 -20.574440 -5.891705 -4.776833 -53.278497 -7.921057 -3.502328 -8.443156 -17.001280 1.339349 0.000000 0.000000 0.000000 -14.025306 23.780572 3.955184 -9.421648 52.568257 -3.275155 -11.114028 -1.557739 0.332782 0.000000 0.000000 0.000000 
-0.015037 0.960260 -0.043251 -0.545556 6.223758 1.084940 4.479726 0.116084 5.639683 0.741439 0.390538 -14.077269 -5.084770 1.123287 20.938048 0.000000 0.000000 0.000000 -2.451225 -0.563944 6.782611 2.419540 -0.417231 -6.382225 -2.847280 -9.616226 11.584556 0.000000 0.000000 0.000000 -2.120810 -0.020668 1.847890 0.302067 0.564916 -19.751848 2.213526 18.187967 26.081931 14.133799 -2.759396 -27.395507 0.000000 0.000000 0.000000 -20.386077 -5.971310 -4.678287 -53.280840 -7.778343 -3.567009 -8.438586 -17.163638 1.346167 0.000000 0.000000 0.000000 -14.551656 23.618653 3.742080 -9.177721 52.465585 -3.100270 -10.363198 -1.318519 0.287686 0.000000 0.000000 0.000000 
-0.015152 0.959841 -0.043342 -0.498996 6.290449 1.400291 4.482445 0.099075 5.325715 0.312838 0.351220 -12.746330 -4.266582 0.854001 17.416667 0.000000 0.000000 0.000000 -2.471793 -0.532706 6.473559 2.249029 -0.402091 -6.212982 -2.680632 -9.199922 11.116988 0.000000 0.000000 0.000000 -2.034285 -0.013599 1.544378 0.134794 0.613091 -19.754347 1.987022 18.210792 25.864499 14.174631 -2.756876 -27.445947 0.000000 0.000000 0.000000 -20.314950 -6.234166 -4.549999 -53.593624 -7.607482 -3.657964 -8.457486 -17.247199 1.350930 0.000000 0.000000 0.000000 -14.624999 23.525874 3.706878 -8.920632 52.433446 -2.966256 -10.280976 -1.214303 0.277071 0.000000 0.000000 0.000000 
-0.015237 0.959725 -0.043449 -0.356464 6.288153 1.436967 4.413650 0.091345 4.992839 -0.126464 0.307857 -10.787807 -3.515393 0.509978 13.979740 0.000000 0.000000 0.000000 -2.747094 -0.517674 6.524421 2.423630 -0.415215 -6.286337 -2.603788 -9.028534 10.985416 0.000000 0.000000 0.000000 -2.083516 -0.013584 1.604487 0.199499 0.594675 -19.702312 1.678310 18.326746 25.579323 14.299479 -2.907273 -27.028013 0.000000 0.000000 0.000000 -20.586563 -6.281514 -4.652150 -53.447800 -7.320697 -3.689807 -8.358039 -17.087907 1.322089 0.000000 0.000000 0.000000 -14.394693 23.559239 3.809681 -8.627884 52.138894 -2.842715 -10.130241 -0.844441 0.247961 0.000000 0.000000 0.000000 
-0.015302 0.959529 -0.043653 -0.371488 6.259684 1.627807 4.515617 0.070349 4.705704 -0.776829 0.283415 -9.141061 -2.502508 0.649485 10.650414 0.000000 0.000000 0.000000 -2.858992 -0.483639 6.248617 2.685041 -0.429577 -6.170976 -2.627187 -9.054210 10.864140 0.000000 0.000000 0.000000 -1.997656 -0.005863 1.244384 0.154777 0.603983 -19.597205 1.504934 18.140758 25.433228 14.128555 -2.835970 -27.003201 0.000000 0.000000 0.000000 -20.386357 -6.103932 -4.615075 -53.634638 -7.201579 -3.806243 -8.582582 -16.796833 1.340055 0.000000 0.000000 0.000000 -14.077930 23.547443 3.938876 -7.824872 51.883347 -2.589419 -10.332920 -0.134421 0.209767 0.000000 0.000000 0.000000 
-0.015328 0.959167 -0.043819 -0.386476 6.414393 1.618009 4.570786 0.063589 4.698030 -1.333499 0.273000 -7.758036 -1.657238 0.774884 7.762696 0.000000 0.000000 0.000000 -2.912557 -0.482770 6.252766 2.679845 -0.427932 -6.054086 -2.492014 -8.734257 10.659097 0.000000 0.000000 0.000000 -1.973323 -0.001049 1.008371 -0.009545 0.651788 -19.454501 1.432128 17.584039 25.259644 14.105526 -3.047998 -26.351597 0.000000 0.000000 0.000000 -20.420507 -6.383861 -4.330707 -53.509625 -6.917106 -3.923404 -8.335989 -16.710807 1.318116 0.000000 0.000000 0.000000 -13.238616 23.444191 4.232168 -6.087034 51.013276 -2.079136 -11.387647 1.497919 0.127775 0.000000 0.000000 0.000000 
-0.015302 0.959230 -0.043991 -0.424210 6.240982 1.433203 4.566168 0.075242 4.860061 -1.605583 0.275161 -7.192330 -1.123106 1.269779 6.805825 0.000000 0.000000 0.000000 -2.910739 -0.504996 6.514417 2.768437 -0.440851 -6.437038 -2.515255 -8.881911 11.099473 0.000000 0.000000 0.000000 -2.165002 0.003797 0.891771 0.319260 0.556201 -19.510914 1.296330 17.235407 25.438790 13.860139 -3.072136 -25.944875 0.000000 0.000000 0.000000 -20.733231 -6.049988 -4.434010 -53.116530 -6.713998 -3.997920 -8.729351 -16.443813 1.374352 0.000000 0.000000 0.000000 -11.889373 23.068382 4.596972 -4.074673 50.274136 -1.548657 -12.720308 4.108671 -0.060041 0.000000 0.000000 0.000000 
-0.015218 0.958820 -0.044177 -0.386769 7.149427 1.319732 4.693561 0.038646 4.509026 -2.016730 0.278768 -6.974268 -1.179698 1.366208 7.074947 0.000000 0.000000 0.000000 -2.658168 -0.551788 6.681170 2.492291 -0.429970 -6.435580 -2.995098 -9.755310 11.255002 0.000000 0.000000 0.000000 -2.627657 0.012897 0.687453 0.404409 0.546199 -19.208334 1.355654 15.866548 25.201202 13.299949 -2.964773 -25.518422 0.000000 0.000000 0.000000 -20.810795 -6.033638 -4.204967 -53.274355 -6.516967 -4.143299 -8.102913 -16.242601 1.303593 0.000000 0.000000 0.000000 -9.834328 22.544318 5.184196 -0.428772 49.003352 -0.582201 -15.759023 8.522543 -0.511966 0.000000 0.000000 0.000000 
-0.015100 0.958836 -0.044394 -0.390104 7.302653 1.099471 4.691501 0.043731 4.641722 -2.269981 0.285175 -6.920244 -0.921456 1.850005 7.087208 0.000000 0.000000 0.000000 -2.624079 -0.566564 6.773618 2.442349 -0.429491 -6.500403 -3.147414 -10.124423 11.847530 0.000000 0.000000 0.000000 -2.897439 0.012935 0.762188 0.840203 0.427673 -19.325198 1.174595 14.830255 25.469551 12.571473 -2.865896 -24.670678 0.000000 0.000000 0.000000 -21.418239 -5.122554 -4.541236 -52.332438 -5.980664 -4.314538 -9.581514 -16.265411 1.535423 0.000000 0.000000 0.000000 -7.114407 21.753162 5.855347 3.590623 47.454869 0.333329 -20.726365 14.330005 -1.486880 0.000000 0.000000 0.000000 
-0.014885 0.958422 -0.044597 -0.398048 8.071838 1.035930 4.967650 0.004704 4.467477 -2.712695 0.291022 -6.594004 -1.113378 1.359408 6.668773 0.000000 0.000000 0.000000 -2.540446 -0.578193 6.714236 2.368458 -0.426249 -6.362114 -3.465946 -10.705410 12.236202 0.000000 0.000000 0.000000 -3.281379 0.018110 0.523815 1.206700 0.344458 -19.477099 1.122838 13.292752 25.938683 11.875411 -2.624006 -24.664648 0.000000 0.000000 0.000000 -21.426972 -4.742070 -4.383903 -52.613284 -5.724583 -4.612601 -9.290457 -16.407743 1.547905 0.000000 0.000000 0.000000 -4.786631 20.450152 6.179529 8.948252 45.742181 1.590692 -28.317883 20.379375 -3.229100 0.000000 0.000000 0.000000 
-0.014630 0.958194 -0.044784 -0.395385 8.173500 1.073422 4.955875 0.004049 4.487683 -2.836221 0.293882 -6.743314 -1.010380 1.535950 6.632765 0.000000 0.000000 0.000000 -2.576840 -0.598722 6.941271 2.267887 -0.429556 -6.719556 -3.268153 -10.305929 12.170218 0.000000 0.000000 0.000000 -3.416692 0.021384 0.331196 1.668630 0.215740 -19.510036 0.981677 12.371219 26.248903 11.176432 -2.396484 -24.373681 0.000000 0.000000 0.000000 -22.221690 -4.146488 -4.638490 -51.417692 -5.457212 -4.600405 -9.868832 -16.366018 1.654615 0.000000 0.000000 0.000000 -2.636208 18.837827 6.289686 13.640656 43.533951 2.457613 -37.875426 29.769536 -7.038112 0.000000 0.000000 0.000000 
-0.014353 0.957789 -0.044763 -0.195899 8.718777 1.617058 4.951138 -0.026763 3.980328 -3.363999 0.301509 -6.963182 -1.009399 1.571634 6.630169 0.000000 0.000000 0.000000 -2.879597 -0.548340 6.582501 2.262106 -0.438342 -6.935592 -3.184874 -10.087868 12.255803 0.000000 0.000000 0.000000 -3.995929 0.033218 -0.434617 2.096695 0.113490 -19.732071 0.776287 10.872939 27.006982 10.310592 -2.045009 -24.468653 0.000000 0.000000 0.000000 -22.016008 -3.377804 -4.599917 -51.601297 -5.312897 -4.899344 -9.942040 -17.029457 1.770484 0.000000 0.000000 0.000000 -1.065951 16.506648 5.889441 18.496899 41.275814 3.185561 -49.866120 40.689335 -14.055846 0.000000 0.000000 0.000000 
-0.014114 0.957668 -0.044650 -0.173509 9.017117 1.942133 4.876139 -0.033605 3.863952 -3.252372 0.292153 -7.441595 -1.168267 1.377172 6.774677 0.000000 0.000000 0.000000 -2.815027 -0.542919 6.462754 1.920363 -0.427892 -7.255658 -3.024851 -9.760271 12.437864 0.000000 0.000000 0.000000 -4.243401 0.037085 -0.900657 2.543188 -0.006425 -19.756365 0.520827 9.621506 27.328597 9.394301 -1.760486 -23.912333 0.000000 0.000000 0.000000 -22.406891 -2.545285 -4.813746 -50.923188 -5.042989 -5.017758 -10.467186 -17.632770 1.945005 0.000000 0.000000 0.000000 0.037006 14.561305 5.450378 22.527992 38.436988 3.462545 -64.579036 51.962031 -26.141772 0.000000 0.000000 0.000000 
-0.014010 0.957266 -0.044510 -0.143326 9.212820 2.225507 4.891969 -0.048219 3.649260 -3.315303 0.289214 -7.634565 -1.244649 1.250420 6.770980 0.000000 0.000000 0.000000 -2.943039 -0.506576 6.155079 1.861744 -0.428342 -7.349062 -2.849688 -9.435722 12.752958 0.000000 0.000000 0.000000 -4.492827 0.037968 -1.396110 2.813796 -0.078938 -19.744889 0.422359 8.182841 27.786232 8.623671 -1.590715 -23.438477 0.000000 0.000000 0.000000 -22.642298 -1.663442 -4.923844 -50.926362 -4.665164 -5.320392 -10.955158 -19.142235 2.238047 0.000000 0.000000 0.000000 0.980313 12.903343 5.026695 25.850394 35.985078 3.464754 -82.824079 60.401084 -43.798110 0.000000 0.000000 0.000000 
-0.014024 0.957022 -0.044530 -0.148438 8.773993 2.228397 4.855901 -0.033717 3.809008 -3.322433 0.293616 -7.804552 -1.049188 1.570230 6.770551 0.000000 0.000000 0.000000 -3.073775 -0.471559 5.926560 1.837442 -0.420261 -7.231375 -2.543746 -8.928267 12.930852 0.000000 0.000000 0.000000 -4.656972 0.037940 -1.559655 3.009099 -0.147943 -19.680070 0.312714 7.272024 27.829440 8.080570 -1.447243 -23.444009 0.000000 0.000000 0.000000 -23.023538 -0.925678 -5.035998 -50.723128 -4.271459 -5.541081 -11.494336 -19.867767 2.463506 0.000000 0.000000 0.000000 1.580138 11.658008 4.647055 28.979171 33.781136 3.462469 -104.441951 66.468236 -67.881520 0.000000 0.000000 0.000000 
-0.014074 0.956826 -0.044715 -0.302565 8.374393 2.128491 4.975728 -0.026518 4.082845 -3.310715 0.296979 -8.046171 -0.868447 1.866127 6.767893 0.000000 0.000000 0.000000 -3.101442 -0.458269 5.847138 1.719616 -0.406360 -7.100876 -1.931709 -7.819478 12.992081 0.000000 0.000000 0.000000 -4.669445 0.037581 -1.661804 3.410852 -0.281729 -19.465633 0.116087 6.556824 27.906181 7.678822 -1.490498 -22.631066 0.000000 0.000000 0.000000 -23.304778 -0.187115 -5.198275 -50.625307 -3.884582 -5.764819 -11.905852 -21.123867 2.738217 0.000000 0.000000 0.000000 2.499553 10.282281 4.270836 31.488973 32.109885 3.366621 -125.639262 69.062446 -92.601148 0.000000 0.000000 0.000000 
-0.014059 0.956592 -0.045064 -0.482553 7.779509 1.983159 5.038206 -0.011882 4.340175 -3.194476 0.302026 -8.138573 -0.576913 2.313421 6.690888 0.000000 0.000000 0.000000 -3.189898 -0.433570 5.703734 1.778507 -0.398929 -6.857598 -1.325264 -6.746378 13.018792 0.000000 0.000000 0.000000 -4.461014 0.039094 -1.920065 3.491536 -0.324817 -19.362007 -0.001912 5.945481 28.440774 7.039939 -1.233966 -22.735480 0.000000 0.000000 0.000000 -23.626863 0.239518 -5.171702 -50.617594 -3.871373 -5.894370 -12.342829 -21.400959 2.912251 0.000000 0.000000 0.000000 3.171694 9.472468 4.033705 33.491467 30.057015 3.002225 -144.653267 69.427271 -115.790621 0.000000 0.000000 0.000000 
-0.013916 0.956193 -0.045468 -0.675221 7.210893 1.909490 5.166119 -0.008153 4.448480 -3.179717 0.308816 -8.115329 -0.276077 2.749880 6.542645 0.000000 0.000000 0.000000 -3.277504 -0.405531 5.518509 1.955362 -0.398617 -6.580501 -0.837343 -5.846691 12.828578 0.000000 0.000000 0.000000 -4.310251 0.041754 -2.068050 3.582513 -0.376447 -19.103823 -0.052710 5.489646 28.630860 6.556292 -1.200509 -21.820719 0.000000 0.000000 0.000000 -23.900373 0.480460 -5.089357 -50.328913 -3.442874 -6.107823 -12.884613 -22.514303 3.217393 0.000000 0.000000 0.000000 4.480483 8.558554 3.852557 34.995435 27.779124 2.414184 -159.644054 69.280574 -135.737646 0.000000 0.000000 0.000000 
-0.013687 0.955934 -0.046000 -0.849721 6.826741 1.789309 5.305238 -0.008184 4.537487 -3.194765 0.314154 -8.025381 -0.065963 3.044045 6.406666 0.000000 0.000000 0.000000 -3.254273 -0.388906 5.353552 2.094810 -0.398226 -6.319686 -0.654984 -5.551806 12.839199 0.000000 0.000000 0.000000 -4.197899 0.042829 -2.185181 3.725074 -0.451998 -18.627281 -0.269038 4.964188 28.730808 6.182103 -1.100471 -21.733492 0.000000 0.000000 0.000000 -24.305095 0.940608 -5.180378 -50.133274 -3.452359 -6.138828 -13.144502 -22.832050 3.360412 0.000000 0.000000 0.000000 5.987567 8.060108 3.833689 35.796473 24.786424 1.487704 -171.131628 68.947223 -152.211505 0.000000 0.000000 0.000000 
-0.013450 0.955443 -0.046561 -1.064553 6.581935 1.632264 5.608480 -0.026065 4.516218 -3.394034 0.322763 -7.716336 0.112560 3.231898 6.131724 0.000000 0.000000 0.000000 -3.256143 -0.390672 5.395934 2.337276 -0.407715 -6.118873 -0.421824 -5.050556 12.492190 0.000000 0.000000 0.000000 -3.940092 0.045211 -2.225331 3.734186 -0.469559 -18.463178 -0.278793 4.546193 29.027463 5.727688 -0.890405 -21.832012 0.000000 0.000000 0.000000 -24.366089 1.134241 -5.099749 -50.021387 -3.140638 -6.329018 -13.465345 -23.541860 3.570891 0.000000 0.000000 0.000000 7.370979 7.236263 3.640067 37.487831 21.283945 0.476432 176.972449 68.534761 -169.705511 0.000000 0.000000 0.000000 
-0.013261 0.954991 -0.047085 -1.063237 6.692275 1.569564 5.765709 -0.040114 4.482314 -3.680047 0.328855 -7.619632 0.084677 3.129216 5.998079 0.000000 0.000000 0.000000 -3.285199 -0.381737 5.283507 2.286162 -0.393197 -5.636352 -0.376752 -4.803174 11.934487 0.000000 0.000000 0.000000 -3.912050 0.044062 -2.141966 3.802876 -0.507865 -18.095161 -0.440634 3.935115 28.953656 4.942920 -0.476675 -21.843182 0.000000 0.000000 0.000000 -24.506015 1.603653 -5.221986 -49.914434 -3.177447 -6.339081 -13.332318 -24.299607 3.693421 0.000000 0.000000 0.000000 8.525022 6.482153 3.408714 39.485204 17.054512 -0.772416 166.354861 67.857793 174.216878 0.000000 0.000000 0.000000 
-0.013108 0.954654 -0.047502 -1.250247 6.709573 1.303904 5.928163 -0.043405 4.714515 -3.623894 0.327434 -7.600611 0.111172 3.108207 5.835239 0.000000 0.000000 0.000000 -3.232748 -0.402591 5.460010 2.463219 -0.403349 -5.499876 -0.289070 -4.611664 11.858079 0.000000 0.000000 0.000000 -3.549884 0.044405 -1.963984 3.722394 -0.479513 -18.176915 -0.520294 3.680712 29.447160 4.472187 -0.164519 -22.276861 0.000000 0.000000 0.000000 -24.520358 1.805806 -5.248988 -49.936479 -3.258668 -6.380028 -13.344337 -24.743746 3.788950 0.000000 0.000000 0.000000 9.765645 5.207579 2.958453 41.545592 13.445868 -1.969509 155.655900 67.491333 158.203213 0.000000 0.000000 0.000000 
-0.012978 0.954374 -0.047786 -1.143115 6.822276 1.324578 5.862884 -0.047436 4.461999 -3.712120 0.330743 -7.235566 0.100810 3.022588 5.667598 0.000000 0.000000 0.000000 -3.228360 -0.385804 5.245157 2.359153 -0.384556 -5.004605 -0.519521 -4.913858 11.347442 0.000000 0.000000 0.000000 -3.483434 0.044140 -1.865868 3.623786 -0.445766 -18.196694 -0.592998 3.161305 29.608859 3.830331 0.166195 -22.264842 0.000000 0.000000 0.000000 -24.720312 2.234522 -5.395954 -49.624783 -3.650853 -6.223555 -12.911482 -25.371700 3.820749 0.000000 0.000000 0.000000 10.270781 4.446040 2.613250 43.946332 9.536194 -3.331169 145.473226 67.446545 143.431273 0.000000 0.000000 0.000000 
-0.012763 0.954298 -0.047977 -1.069637 7.176783 1.284227 5.791248 -0.052161 4.316435 -3.688611 0.327232 -7.006779 -0.034431 2.750923 5.569163 0.000000 0.000000 0.000000 -3.284867 -0.378651 5.138859 2.450562 -0.386686 -4.685935 -0.801471 -5.411989 11.282561 0.000000 0.000000 0.000000 -3.424434 0.041358 -1.589776 3.644097 -0.436498 -18.325848 -0.710157 2.808158 29.599889 3.508761 0.394005 -22.709399 0.000000 0.000000 0.000000 -24.591114 2.324138 -5.378667 -49.566800 -3.911855 -6.126644 -12.452590 -25.665276 3.769569 0.000000 0.000000 0.000000 10.908280 3.509079 2.220079 46.123079 6.520563 -4.489086 133.978978 67.640121 127.903889 0.000000 0.000000 0.000000 
-0.012391 0.954477 -0.048048 -0.943201 7.509375 1.494406 5.835536 -0.071669 4.041116 -3.994486 0.331237 -7.000422 -0.208995 2.494588 5.670118 0.000000 0.000000 0.000000 -3.469549 -0.329786 4.641403 2.493949 -0.381092 -4.183840 -0.899550 -5.580034 11.367891 0.000000 0.000000 0.000000 -3.428941 0.042055 -1.518708 3.724192 -0.428973 -18.749212 -0.914767 2.355770 29.626342 3.237366 0.552955 -23.006537 0.000000 0.000000 0.000000 -24.901003 2.751976 -5.630804 -49.366075 -4.501743 -5.874195 -11.531940 -25.939433 3.616183 0.000000 0.000000 0.000000 11.354695 2.723540 1.857324 48.193612 3.653576 -5.678005 119.722573 68.062435 110.206351 0.000000 0.000000 0.000000 
-0.011844 0.954634 -0.047980 -0.911983 7.598990 1.705638 5.621498 -0.068786 3.748914 -3.727029 0.323254 -6.900076 -0.225655 2.464284 5.657961 0.000000 0.000000 0.000000 -3.607697 -0.305032 4.431878 2.559742 -0.388141 -4.232984 -0.833288 -5.486487 11.581543 0.000000 0.000000 0.000000 -3.301653 0.046087 -1.673185 3.759734 -0.441840 -18.647869 -1.173742 2.044590 29.273717 2.892424 0.733968 -23.095420 0.000000 0.000000 0.000000 -24.763464 2.909673 -5.617708 -49.393784 -4.519924 -5.864236 -10.962403 -26.163887 3.528574 0.000000 0.000000 0.000000 12.021257 2.202388 1.603077 49.650060 1.502588 -6.587032 102.331011 68.974147 91.079780 0.000000 0.000000 0.000000 
-0.011153 0.954675 -0.047691 -0.976391 7.577159 1.854228 5.709526 -0.079251 3.664535 -3.839506 0.325409 -7.005416 -0.216342 2.491100 5.682940 0.000000 0.000000 0.000000 -3.661180 -0.272398 4.078385 2.411815 -0.374856 -4.223575 -0.514638 -5.040223 12.324681 0.000000 0.000000 0.000000 -3.203382 0.048786 -1.724551 3.869456 -0.459743 -18.915599 -1.218503 1.835870 29.170986 2.851977 0.727624 -23.121312 0.000000 0.000000 0.000000 -24.859980 3.067180 -5.669754 -49.606190 -5.088353 -5.664975 -10.557918 -25.698401 3.385611 0.000000 0.000000 0.000000 12.534928 1.796955 1.402618 51.066861 0.358870 -7.176740 78.155478 69.297063 67.223275 0.000000 0.000000 0.000000 
-0.010393 0.954341 -0.047183 -1.073641 7.331582 1.808967 5.454233 -0.051124 3.845120 -3.330657 0.313954 -7.115005 -0.059791 2.697502 5.534096 0.000000 0.000000 0.000000 -3.668757 -0.270488 4.090660 2.155251 -0.356111 -4.413306 -0.020593 -4.245924 12.820469 0.000000 0.000000 0.000000 -3.059301 0.048022 -1.492463 4.109376 -0.517440 -19.253282 -1.463147 1.831706 28.995881 2.626057 0.886130 -23.574121 0.000000 0.000000 0.000000 -25.082153 2.857508 -5.537412 -49.616132 -5.259897 -5.591370 -9.966140 -24.791628 3.140620 0.000000 0.000000 0.000000 13.294191 1.815732 1.422674 52.706829 -0.033533 -7.526186 50.871175 65.647152 41.016603 0.000000 0.000000 0.000000 
-0.009628 0.954005 -0.046533 -1.123552 6.951309 1.860712 5.510416 -0.048021 3.884594 -3.483425 0.322755 -7.097911 0.135946 2.981505 5.415416 0.000000 0.000000 0.000000 -3.721292 -0.254460 3.984412 2.115722 -0.355135 -4.582623 0.200545 -3.986863 13.226599 0.000000 0.000000 0.000000 -2.999364 0.050048 -1.515203 4.046157 -0.504404 -19.314518 -1.292724 1.922112 28.654959 2.409204 1.002144 -23.621921 0.000000 0.000000 0.000000 -25.023255 2.879452 -5.492519 -49.943852 -5.270097 -5.611056 -9.871822 -23.454748 2.950676 0.000000 0.000000 0.000000 14.028731 1.982282 1.506911 53.910023 0.000852 -7.636616 31.238377 57.999130 22.799706 0.000000 0.000000 0.000000 
-0.008877 0.953832 -0.045855 -1.082588 6.520362 1.868651 5.414098 -0.027001 4.093108 -3.551116 0.329168 -7.258438 0.315717 3.287765 5.414554 0.000000 0.000000 0.000000 -3.789716 -0.260445 4.172218 1.780897 -0.335277 -4.915865 0.672753 -3.153674 13.239812 0.000000 0.000000 0.000000 -2.840465 0.050670 -1.420604 4.050061 -0.500173 -19.578804 -1.289791 1.952805 28.499018 2.084303 1.237445 -24.505741 0.000000 0.000000 0.000000 -25.344964 2.851219 -5.459858 -50.003659 -5.160276 -5.663312 -9.408241 -21.905456 2.669564 0.000000 0.000000 0.000000 14.482488 1.991437 1.478164 55.292041 0.607853 -7.514099 20.640971 49.098760 13.294115 0.000000 0.000000 0.000000 
-0.008155 0.953859 -0.045332 -1.130627 6.003678 1.811373 5.434974 -0.014587 4.214205 -3.668868 0.339840 -7.156144 0.549182 3.668201 5.363689 0.000000 0.000000 0.000000 -3.878773 -0.240812 4.051472 1.909791 -0.340392 -4.826713 0.795136 -3.076486 13.499739 0.000000 0.000000 0.000000 -2.676086 0.051943 -1.430177 4.001533 -0.490369 -19.735844 -1.175128 2.309158 28.581842 2.259885 1.163174 -24.765329 0.000000 0.000000 0.000000 -25.352833 2.468670 -5.231481 -50.563775 -5.199387 -5.720279 -9.106781 -20.183816 2.400584 0.000000 0.000000 0.000000 15.025537 2.516538 1.781468 56.209404 1.522734 -7.228549 14.481790 40.703618 8.141727 0.000000 0.000000 0.000000 
-0.007524 0.953954 -0.044891 -1.120599 5.545197 1.608269 5.308233 0.010307 4.368165 -3.616598 0.345419 -6.846931 0.768560 4.004322 5.252439 0.000000 0.000000 0.000000 -3.692696 -0.252142 4.130522 1.787027 -0.329435 -4.838455 0.415990 -3.932069 13.735576 0.000000 0.000000 0.000000 -2.433672 0.043785 -0.959277 3.901631 -0.470272 -19.771318 -1.097663 2.472794 28.290347 2.342096 1.124824 -25.056926 0.000000 0.000000 0.000000 -25.414693 2.489332 -5.226170 -51.084723 -5.017651 -5.825161 -9.040028 -19.284393 2.281498 0.000000 0.000000 0.000000 15.566534 3.027079 2.043444 57.650499 2.472302 -6.902111 10.062767 33.872053 5.100688 0.000000 0.000000 0.000000 
-0.007017 0.954074 -0.044600 -1.009818 5.731081 1.597140 5.373286 0.013749 4.682747 -3.961784 0.351163 -7.369121 0.599680 3.796571 5.482699 0.000000 0.000000 0.000000 -3.767990 -0.255693 4.193227 1.989207 -0.343878 -4.769616 -0.074371 -4.784253 13.575220 0.000000 0.000000 0.000000 -2.664643 0.044832 -1.049751 4.077090 -0.517461 -19.754111 -1.103796 1.999289 28.403391 2.418351 1.057960 -25.598736 0.000000 0.000000 0.000000 -25.819341 2.062245 -4.904071 -50.888605 -4.941162 -5.877735 -9.306691 -18.492676 2.239126 0.000000 0.000000 0.000000 16.433737 4.097126 2.583418 58.098348 3.340088 -6.597299 5.803081 29.175085 3.110591 0.000000 0.000000 0.000000 
-0.006642 0.954599 -0.044383 -0.892114 5.985192 1.411104 5.129293 0.039232 4.944957 -3.744769 0.341130 -7.491673 0.436743 3.574364 5.628707 0.000000 0.000000 0.000000 -3.873397 -0.238544 3.964433 2.145380 -0.344141 -4.216883 -0.518326 -5.721075 14.130855 0.000000 0.000000 0.000000 -2.375012 0.026803 -0.155055 3.583689 -0.335624 -20.437807 -0.877631 1.888174 28.445061 2.019089 1.321865 -25.850394 0.000000 0.000000 0.000000 -25.768567 1.802370 -4.761419 -51.019487 -4.991458 -5.863237 -9.413272 -17.996046 2.189748 0.000000 0.000000 0.000000 17.243042 3.910456 2.544241 58.248532 4.154205 -6.246608 4.027245 25.755667 2.263843 0.000000 0.000000 0.000000 
-0.006447 0.954487 -0.044198 -0.854265 6.092486 1.548072 5.073351 0.039481 4.920627 -3.721884 0.337577 -7.710672 0.378413 3.495478 5.681800 0.000000 0.000000 0.000000 -3.765992 -0.228836 3.772330 2.642391 -0.382014 -3.989102 -1.610722 -7.636832 13.666158 0.000000 0.000000 0.000000 -2.471111 0.038059 -0.732420 3.580249 -0.373272 -19.608844 -0.728276 1.978536 27.791115 2.501131 1.069741 -25.855235 0.000000 0.000000 0.000000 -25.178527 1.555145 -4.576907 -51.488218 -4.363960 -6.108450 -11.098200 -18.632811 2.530451 0.000000 0.000000 0.000000 16.635978 3.612349 2.377283 59.480839 4.537287 -6.031399 3.566990 24.217559 2.014931 0.000000 0.000000 0.000000 
-0.006478 0.956048 -0.044013 -0.914837 6.528217 1.033303 5.260929 0.023186 4.927112 -3.826428 0.341136 -6.851542 0.156733 3.137532 5.725008 0.000000 0.000000 0.000000 -3.743308 -0.287375 4.370376 2.995681 -0.416832 -4.035845 -1.966385 -8.366058 14.307775 0.000000 0.000000 0.000000 -2.261471 0.017745 0.083198 3.578026 -0.342714 -20.019437 -0.503078 2.287085 28.005361 2.181828 1.334946 -25.569609 0.000000 0.000000 0.000000 -25.048384 0.830913 -4.321848 -51.440886 -4.693070 -5.932822 -9.504635 -17.276360 2.079861 0.000000 0.000000 0.000000 18.042192 3.920681 2.799020 58.010568 5.358268 -5.699544 3.652141 22.604887 1.859018 0.000000 0.000000 0.000000 
