HIERARCHY
ROOT Hips
{
	OFFSET -0.001795 -0.223333 0.028219
	CHANNELS 6 Xposition Yposition Zposition Zrotation Yrotation Xrotation 
	JOINT LeftUpLeg
	{
		OFFSET 0.069520 -0.091406 -0.006815
		CHANNELS 3 Zrotation Yrotation Xrotation
		JOINT LeftLeg
		{
			OFFSET 0.034277 -0.375199 -0.004496
			CHANNELS 3 Zrotation Yrotation Xrotation
			JOINT LeftFoot
			{
				OFFSET -0.013596 -0.397961 -0.043693
				CHANNELS 3 Zrotation Yrotation Xrotation
				JOINT LeftToe
				{
					OFFSET 0.026358 -0.055791 0.119288
					CHANNELS 3 Zrotation Yrotation Xrotation
					End Site
					{
						OFFSET 0.000000 0.000000 0.000000
					}
				}
			}
		}
	}
	JOINT RightUpLeg
	{
		OFFSET -0.067670 -0.090522 -0.004320
		CHANNELS 3 Zrotation Yrotation Xrotation
		JOINT RightLeg
		{
			OFFSET -0.038290 -0.382569 -0.008850
			CHANNELS 3 Zrotation Yrotation Xrotation
			JOINT RightFoot
			{
				OFFSET 0.015774 -0.398415 -0.042312
				CHANNELS 3 Zrotation Yrotation Xrotation
				JOINT RightToe
				{
					OFFSET -0.025372 -0.048144 0.123348
					CHANNELS 3 Zrotation Yrotation Xrotation
					End Site
					{
						OFFSET 0.000000 0.000000 0.000000
					}
				}
			}
		}
	}
	JOINT Spine
	{
		OFFSET -0.002533 0.108963 -0.026696
		CHANNELS 3 Zrotation Yrotation Xrotation
		JOINT Spine1
		{
			OFFSET 0.005487 0.135180 0.001092
			CHANNELS 3 Zrotation Yrotation Xrotation
			JOINT Spine2
			{
				OFFSET 0.001457 0.052922 0.025425
				CHANNELS 3 Zrotation Yrotation Xrotation
				JOINT Neck
				{
					OFFSET -0.002778 0.213870 -0.042857
					CHANNELS 3 Zrotation Yrotation Xrotation
					JOINT Head
					{
						OFFSET 0.005152 0.064970 0.051349
						CHANNELS 3 Zrotation Yrotation Xrotation
						End Site
						{
							OFFSET 0.000000 0.000000 0.000000
						}
					}
				}
				JOINT LeftShoulder
				{
					OFFSET 0.078845 0.121749 -0.034090
					CHANNELS 3 Zrotation Yrotation Xrotation
					JOINT LeftArm
					{
						OFFSET 0.090977 0.030469 -0.008868
						CHANNELS 3 Zrotation Yrotation Xrotation
						JOINT LeftForeArm
						{
							OFFSET 0.259612 -0.012772 -0.027456
							CHANNELS 3 Zrotation Yrotation Xrotation
							JOINT LeftHand
							{
								OFFSET 0.249234 0.008986 -0.001171
								CHANNELS 3 Zrotation Yrotation Xrotation
								End Site
								{
									OFFSET 0.000000 0.000000 0.000000
								}
							}
						}
					}
				}
				JOINT RightShoulder
				{
					OFFSET -0.081759 0.118833 -0.038615
					CHANNELS 3 Zrotation Yrotation Xrotation
					JOINT RightArm
					{
						OFFSET -0.096012 0.032551 -0.009143
						CHANNELS 3 Zrotation Yrotation Xrotation
						JOINT RightForeArm
						{
							OFFSET -0.253742 -0.013329 -0.021401
							CHANNELS 3 Zrotation Yrotation Xrotation
							JOINT RightHand
							{
								OFFSET -0.255298 0.007772 -0.005559
								CHANNELS 3 Zrotation Yrotation Xrotation
								End Site
								{
									OFFSET 0.000000 0.000000 0.000000
								}
							}
						}
					}
				}
			}
		}
	}
}
MOTION
Frames: 196
Frame Time: 0.050000
0.000000 0.964642 0.000000 -3.381389 -1.014790 1.074175 -2.102268 1.197398 10.544218 1.602821 -0.839019 13.984179 -2.198991 -0.613224 8.317435 0.000000 0.000000 0.000000 4.942714 4.278303 -29.543454 1.578242 0.394507 19.675568 -1.110547 -7.857038 14.231143 0.000000 0.000000 0.000000 6.104438 -0.999047 9.765398 -1.027519 0.905741 -28.690504 -5.695888 -4.461926 30.445241 7.986998 -3.855860 -27.313937 0.000000 0.000000 0.000000 -15.652174 -1.416636 1.109289 -59.632802 -13.025213 -3.320493 -6.510963 -31.560341 4.151599 0.000000 0.000000 0.000000 22.809155 -7.309389 -7.286385 61.511395 -1.004712 -9.211131 6.122187 28.852585 2.680399 0.000000 0.000000 0.000000 
-0.002344 0.981008 0.051447 -4.265582 -2.049555 2.294612 0.032016 0.711744 7.662035 -0.884999 -0.348882 20.805449 -3.762927 -0.387633 15.560533 0.000000 0.000000 0.000000 5.793892 4.189901 -27.470638 2.226830 0.306710 21.059635 -0.999510 -7.184975 12.034006 0.000000 0.000000 0.000000 7.827823 -1.019991 8.220168 -1.185585 0.961154 -30.817474 -5.133652 -2.971691 32.531023 6.762727 -2.941518 -28.568648 0.000000 0.000000 0.000000 -15.552599 -0.857373 0.776007 -58.871328 -11.939154 -4.178460 -9.191209 -30.078245 4.658094 0.000000 0.000000 0.000000 22.205312 -9.596688 -8.271973 62.227121 -1.501716 -9.841203 7.124899 28.357905 2.966483 0.000000 0.000000 0.000000 
-0.004323 1.000856 0.098267 -4.198885 -2.887487 1.821923 1.705407 0.154657 2.238363 -2.921451 0.414057 32.130540 -5.234937 0.548389 23.957892 0.000000 0.000000 0.000000 6.965519 3.607967 -22.550740 1.430287 0.525467 19.506141 -1.257902 -7.188602 10.089805 0.000000 0.000000 0.000000 8.743322 -1.126662 8.668689 -2.061769 1.115839 -30.548017 -4.537245 -0.683028 31.853509 6.054126 -2.229926 -28.402959 0.000000 0.000000 0.000000 -15.901783 -0.380698 0.142619 -58.590961 -9.937898 -5.185161 -10.109843 -30.340942 4.841895 0.000000 0.000000 0.000000 21.793073 -10.168289 -7.967588 61.614205 -2.989071 -10.510212 8.805599 28.139248 3.454841 0.000000 0.000000 0.000000 
-0.005358 1.015855 0.138385 -4.343522 -3.524136 0.516550 3.257401 -0.286400 -4.308141 -6.511749 2.721264 44.975457 -2.207308 5.051175 25.478351 0.000000 0.000000 0.000000 7.329368 2.815309 -17.609213 1.354745 0.480896 17.292957 -0.520933 -5.638778 9.676452 0.000000 0.000000 0.000000 9.079780 -1.278637 10.108479 -2.102248 1.138532 -31.575267 -4.239023 2.529872 32.691773 7.638353 -2.649927 -28.608018 0.000000 0.000000 0.000000 -15.129050 -0.333868 -0.412417 -58.997568 -9.176302 -5.731011 -10.161122 -30.245298 4.672485 0.000000 0.000000 0.000000 23.585448 -11.169553 -8.091336 60.088971 -1.692557 -9.768752 9.149202 27.615268 3.685154 0.000000 0.000000 0.000000 
-0.005142 1.029786 0.174177 -3.856952 -4.031794 -1.131151 4.248681 -0.564830 -11.049170 -10.111638 5.902550 54.449617 3.150945 11.164851 20.963697 0.000000 0.000000 0.000000 6.807134 1.794773 -11.941730 0.907246 0.460397 14.016820 0.278707 -4.382027 10.410784 0.000000 0.000000 0.000000 7.478527 -1.333515 12.638070 -2.051330 1.152662 -32.487179 -1.927601 4.699805 32.983011 7.361059 -2.210751 -28.368268 0.000000 0.000000 0.000000 -16.420515 -0.825202 -0.636452 -57.797746 -7.959448 -6.363656 -9.991282 -31.189351 4.645699 0.000000 0.000000 0.000000 23.646977 -11.138025 -7.431944 59.103446 -0.543991 -9.238658 8.791324 27.810377 3.780575 0.000000 0.000000 0.000000 
-0.003877 1.039042 0.207828 -2.510032 -4.424464 -1.984602 5.292162 -0.734423 -19.492091 -13.198891 9.134836 60.649050 5.521894 13.548038 13.867882 0.000000 0.000000 0.000000 5.212427 1.005631 -7.651863 0.688047 0.389463 11.263439 1.370228 -2.682169 11.324232 0.000000 0.000000 0.000000 5.873041 -1.193763 13.471565 -2.535509 1.238118 -32.406784 -0.876771 6.573537 32.932531 6.691603 -1.640034 -27.368950 0.000000 0.000000 0.000000 -17.136740 0.235405 -1.648832 -56.741142 -7.169594 -6.623314 -10.810824 -31.725243 4.817322 0.000000 0.000000 0.000000 23.285102 -11.155135 -6.884290 59.601597 0.844731 -8.686554 7.602543 28.324074 3.712970 0.000000 0.000000 0.000000 
-0.001298 1.043247 0.239810 -1.357870 -4.754694 -2.818892 6.696849 -0.569097 -27.274079 -15.961760 11.295888 60.584246 8.144422 17.357290 12.754002 0.000000 0.000000 0.000000 3.746140 0.387698 -3.583250 0.309921 0.368202 9.201832 2.358626 -0.506522 10.699872 0.000000 0.000000 0.000000 4.363250 -1.053760 14.370583 -3.036304 1.327500 -31.944649 0.724265 8.034552 32.631684 5.491091 -0.691633 -27.143115 0.000000 0.000000 0.000000 -17.790440 1.113645 -2.522999 -56.727379 -6.130661 -7.014720 -9.805561 -31.723140 4.411115 0.000000 0.000000 0.000000 21.952861 -10.734717 -6.090118 59.945041 2.469444 -7.866185 8.007525 28.760690 3.956118 0.000000 0.000000 0.000000 
0.002482 1.039853 0.270655 -0.415835 -5.011508 -3.841487 9.014718 0.134633 -32.922077 -18.157427 11.920231 56.062613 9.925543 19.918115 12.985442 0.000000 0.000000 0.000000 2.171525 -0.114802 0.609819 0.788223 0.206411 7.399410 2.397848 0.282745 9.211688 0.000000 0.000000 0.000000 3.199070 -0.946895 15.440500 -2.383615 1.224337 -32.155498 0.959716 9.565844 33.477962 4.825898 -0.184280 -25.772850 0.000000 0.000000 0.000000 -18.722674 1.247229 -3.042248 -56.336060 -5.364465 -7.361757 -8.825846 -31.214918 3.968994 0.000000 0.000000 0.000000 21.457508 -9.706761 -5.013377 59.935055 4.814467 -6.828081 6.642455 28.769698 3.716509 0.000000 0.000000 0.000000 
0.007465 1.031006 0.301215 0.169967 -5.123487 -4.907563 10.850437 0.820861 -35.215057 -18.158773 9.753753 46.070932 10.418924 20.463128 14.802231 0.000000 0.000000 0.000000 1.239542 -0.390815 3.531171 0.855242 0.215511 7.855696 1.861237 1.252493 5.341949 0.000000 0.000000 0.000000 2.105672 -0.855669 16.949857 -2.216760 1.184875 -31.454780 1.514942 10.598551 32.919811 4.853970 0.078489 -26.550616 0.000000 0.000000 0.000000 -18.994851 1.432277 -3.464265 -56.745840 -5.538642 -7.203521 -5.830731 -29.684962 2.878812 0.000000 0.000000 0.000000 21.077511 -9.359915 -4.539580 59.649488 7.313853 -5.495601 4.940574 29.515835 3.465287 0.000000 0.000000 0.000000 
0.013785 1.020183 0.332330 0.447800 -5.493034 -5.963014 12.239486 1.350066 -34.893199 -16.966856 7.066146 34.609615 9.345510 18.817324 16.946069 0.000000 0.000000 0.000000 0.603536 -0.627798 6.423013 0.756376 0.256688 8.346156 1.457499 2.120999 2.340117 0.000000 0.000000 0.000000 1.422641 -0.791660 18.364543 -2.282991 1.207208 -31.921429 2.105851 11.231161 33.583497 5.363149 -0.348388 -24.865634 0.000000 0.000000 0.000000 -19.392586 0.102348 -2.884763 -56.770205 -5.209475 -7.428385 -2.680837 -28.072732 1.923539 0.000000 0.000000 0.000000 22.116595 -8.038326 -3.675996 58.545450 9.336189 -4.659912 3.438806 30.970679 3.306010 0.000000 0.000000 0.000000 
0.021861 1.009715 0.364740 0.537787 -5.735242 -6.101347 12.561926 1.473938 -34.467057 -15.985443 5.545011 27.412168 9.071678 18.394603 19.314202 0.000000 0.000000 0.000000 0.158097 -0.725040 7.947097 0.129007 0.479381 10.505264 0.509661 2.001240 -1.086253 0.000000 0.000000 0.000000 0.643329 -0.664485 18.219243 -1.964283 1.112266 -30.652051 2.247322 12.025601 32.437627 5.544620 -0.424241 -24.075682 0.000000 0.000000 0.000000 -19.713528 -0.904467 -2.604601 -56.936084 -5.164907 -7.285989 -0.235920 -25.404267 1.122917 0.000000 0.000000 0.000000 23.769417 -7.700585 -3.437959 57.771804 10.543560 -4.055054 1.353512 32.094139 2.921373 0.000000 0.000000 0.000000 
0.032085 1.002897 0.398694 0.499935 -5.588364 -6.118039 11.805836 1.138395 -33.174918 -15.804114 5.299188 26.243784 9.310694 18.715522 19.179107 0.000000 0.000000 0.000000 -0.857914 -0.738771 9.257172 0.215594 0.558798 12.316678 -0.021108 2.274072 -3.531259 0.000000 0.000000 0.000000 0.770770 -0.690977 18.280937 -1.197606 0.985100 -31.272492 1.431192 12.951202 32.880146 6.149666 -0.820042 -22.679852 0.000000 0.000000 0.000000 -18.504386 -1.136888 -2.517402 -58.099885 -5.081250 -7.585230 0.413484 -23.734749 0.873842 0.000000 0.000000 0.000000 24.797936 -7.950452 -3.332297 57.674685 10.921399 -4.029433 1.486002 31.823671 3.007502 0.000000 0.000000 0.000000 
0.044450 1.000173 0.432716 0.387897 -5.094996 -4.962587 10.410731 0.609104 -33.267522 -15.186342 5.183014 27.435173 10.923774 20.946929 17.683751 0.000000 0.000000 0.000000 -1.713998 -0.700965 9.848107 -0.453650 0.782511 13.851414 0.294364 3.372860 -3.868726 0.000000 0.000000 0.000000 1.179186 -0.705593 16.344574 -1.291741 0.981648 -30.334025 0.882544 13.017299 32.184935 6.279625 -0.750765 -23.349874 0.000000 0.000000 0.000000 -17.829116 -0.379435 -2.920764 -58.752627 -4.209664 -8.043186 0.198913 -23.628385 0.883517 0.000000 0.000000 0.000000 25.769466 -8.185510 -3.455577 57.886812 10.571144 -4.166081 1.121493 32.248912 2.991865 0.000000 0.000000 0.000000 
0.058310 1.003811 0.466061 0.628199 -4.550909 -3.320524 8.578333 -0.053084 -33.696340 -15.276179 5.171659 27.458194 12.855095 23.801048 15.300840 0.000000 0.000000 0.000000 -3.277956 -0.525258 9.757431 -0.866028 0.929042 14.893085 1.332048 3.416211 -0.047543 0.000000 0.000000 0.000000 1.014203 -0.647666 14.894920 -1.300102 1.011781 -31.368364 0.706780 13.704973 32.325522 7.032044 -0.950955 -24.129636 0.000000 0.000000 0.000000 -16.161064 -0.421850 -2.830259 -59.556853 -2.993680 -8.869114 -1.388876 -24.755253 1.205240 0.000000 0.000000 0.000000 26.208492 -9.305046 -3.935498 58.419327 8.742370 -5.052825 2.688666 33.006563 3.619673 0.000000 0.000000 0.000000 
0.072756 1.011522 0.499204 0.866348 -2.908042 -2.070430 6.746629 -0.831634 -33.587208 -15.622271 5.191071 28.129689 12.928014 24.280291 13.295379 0.000000 0.000000 0.000000 -4.555171 -0.421648 9.881680 -0.886139 0.962503 16.062916 3.037419 3.980957 5.544100 0.000000 0.000000 0.000000 0.869056 -0.625601 13.993737 -1.789713 1.104596 -31.432885 0.692892 13.846904 31.707644 7.359890 -0.958519 -24.130803 0.000000 0.000000 0.000000 -15.126135 -0.096107 -3.081612 -59.873015 -2.747489 -9.032850 -2.608232 -25.805276 1.428088 0.000000 0.000000 0.000000 26.223250 -10.106041 -4.143902 59.136465 7.428090 -5.589181 3.051264 32.759936 3.771543 0.000000 0.000000 0.000000 
0.087596 1.022180 0.532568 1.284289 -0.208787 -1.343567 4.517676 -1.750388 -32.508874 -16.005764 4.991413 28.276629 13.251595 25.133817 11.819020 0.000000 0.000000 0.000000 -5.711294 -0.359003 9.692668 -0.554368 0.880563 17.730157 4.377849 3.040918 12.850405 0.000000 0.000000 0.000000 0.886391 -0.621213 12.935084 -2.866448 1.292562 -31.181267 0.854744 13.320438 31.803916 6.811202 -0.340746 -24.628958 0.000000 0.000000 0.000000 -15.044072 -0.614453 -3.116002 -59.572311 -2.864713 -8.874701 -2.651234 -26.737117 1.375842 0.000000 0.000000 0.000000 25.931930 -10.730578 -4.165503 59.959264 6.520203 -5.975859 4.280515 32.278431 4.135313 0.000000 0.000000 0.000000 
0.102072 1.033352 0.564598 1.306767 3.085621 -1.325729 2.066098 -2.558747 -30.396195 -14.743222 4.060391 28.218472 12.020203 23.624443 10.791777 0.000000 0.000000 0.000000 -6.308577 -0.372458 9.008569 0.079846 0.710130 22.085463 5.338506 1.985990 20.033047 0.000000 0.000000 0.000000 0.608452 -0.614664 12.585108 -2.413892 1.213023 -30.914728 0.476718 12.981765 32.298034 6.936677 -0.093099 -24.902708 0.000000 0.000000 0.000000 -15.051381 -1.190422 -3.243721 -58.723549 -2.127135 -9.093870 -4.515506 -28.950408 1.789258 0.000000 0.000000 0.000000 25.172424 -11.784774 -4.314287 60.068809 6.177966 -6.090832 7.016415 30.913513 4.737051 0.000000 0.000000 0.000000 
0.115269 1.044674 0.592833 1.307505 5.249860 -1.464215 -0.082714 -2.926213 -27.569290 -14.104996 3.499320 27.774818 11.504503 22.999331 8.603093 0.000000 0.000000 0.000000 -6.665452 -0.206629 5.052507 -0.611667 0.987722 31.691962 5.617371 0.701713 25.156966 0.000000 0.000000 0.000000 0.157858 -0.641645 13.485902 -2.851619 1.262815 -32.104521 1.557996 12.957801 33.467613 6.450150 0.461384 -24.929398 0.000000 0.000000 0.000000 -15.452467 -1.163694 -3.714250 -58.084708 -2.069162 -8.991204 -5.952207 -30.785468 2.137788 0.000000 0.000000 0.000000 24.463410 -12.441300 -4.316371 60.758696 6.108556 -6.071229 7.708211 30.672973 4.989322 0.000000 0.000000 0.000000 
0.126244 1.055977 0.616016 1.186240 9.250617 -2.078763 -2.755596 -3.134076 -23.629984 -11.639414 2.100815 25.736191 9.456357 19.836134 7.552373 0.000000 0.000000 0.000000 -5.626712 -0.081610 0.762055 -1.759765 0.876092 42.770790 3.888456 -0.969525 23.732587 0.000000 0.000000 0.000000 0.762781 -0.846077 14.483873 -3.367128 1.326903 -32.090036 0.799870 11.304005 33.523239 6.250239 0.782354 -25.519640 0.000000 0.000000 0.000000 -15.139696 -1.479039 -3.677568 -57.554515 -1.518799 -9.175498 -7.478742 -33.249737 2.614942 0.000000 0.000000 0.000000 24.301083 -12.638566 -4.218448 61.289149 5.673218 -6.210511 7.929142 31.915734 5.393126 0.000000 0.000000 0.000000 
0.134934 1.067904 0.634952 0.969518 11.891238 -2.084233 -4.221243 -2.824734 -19.769683 -9.803009 1.257196 22.411613 8.248179 17.954782 7.673073 0.000000 0.000000 0.000000 -3.789003 0.209263 -3.717609 -4.268897 1.424600 51.431472 2.576078 -0.666647 16.714903 0.000000 0.000000 0.000000 1.111798 -0.954780 14.688652 -3.675406 1.366871 -31.971482 0.181988 10.070052 33.369029 6.480154 0.422965 -23.623483 0.000000 0.000000 0.000000 -16.003690 -1.915038 -3.848427 -56.609590 -0.911927 -9.091850 -6.508504 -34.626350 2.328268 0.000000 0.000000 0.000000 24.705721 -12.323841 -3.877926 61.240234 6.465674 -5.832453 7.191125 33.072720 5.466449 0.000000 0.000000 0.000000 
0.141708 1.082051 0.650624 0.757526 15.501434 -2.193710 -5.534264 -2.393520 -16.014697 -7.771594 0.534924 18.751856 5.792374 14.569687 9.421564 0.000000 0.000000 0.000000 -2.230858 0.495857 -7.113341 -5.610102 0.925061 54.562393 1.549824 0.133734 9.347158 0.000000 0.000000 0.000000 1.508774 -1.054256 14.520652 -3.308842 1.301357 -31.750923 -0.803473 9.030425 33.494941 6.608240 0.438129 -22.957862 0.000000 0.000000 0.000000 -16.327272 -2.153104 -4.191512 -56.383591 -0.769176 -9.002511 -6.134288 -36.021057 2.095203 0.000000 0.000000 0.000000 24.551824 -12.841466 -3.861951 61.907999 6.934364 -5.476950 7.366116 34.999906 6.126702 0.000000 0.000000 0.000000 
0.146540 1.094631 0.663660 -0.108423 18.962219 -2.338902 -5.660576 -1.863844 -12.988240 -5.931113 0.099677 15.325894 3.922532 12.538615 11.471234 0.000000 0.000000 0.000000 -0.444582 0.850865 -10.472604 -5.863997 -0.138684 54.141516 0.320624 -0.650117 4.250814 0.000000 0.000000 0.000000 2.003467 -1.185996 14.557731 -2.824006 1.161738 -32.349581 -1.447813 7.921238 33.680541 7.471031 -0.226158 -21.471519 0.000000 0.000000 0.000000 -16.873706 -2.204204 -4.671512 -55.627685 -0.235488 -8.953898 -5.627866 -37.706562 1.812651 0.000000 0.000000 0.000000 24.484959 -13.098017 -3.720957 61.982643 7.475230 -5.137093 7.539490 36.643694 6.708244 0.000000 0.000000 0.000000 
0.149633 1.104427 0.674454 -0.734005 22.419525 -2.218514 -5.732337 -1.454704 -10.725167 -4.170092 -0.177621 12.593894 1.761434 10.220031 12.997686 0.000000 0.000000 0.000000 0.544992 1.032434 -12.277383 -4.958529 -1.205182 48.406868 0.645165 1.017569 1.820116 0.000000 0.000000 0.000000 2.445873 -1.326471 14.702628 -2.838838 1.153112 -32.169175 -2.159124 6.460005 33.102935 7.033609 0.108097 -21.169070 0.000000 0.000000 0.000000 -16.513436 -1.760207 -5.001754 -56.177238 -0.079511 -9.117844 -5.100123 -38.718262 1.508991 0.000000 0.000000 0.000000 24.851865 -13.206730 -3.553689 61.745006 7.995217 -4.881045 6.989429 38.085623 6.994853 0.000000 0.000000 0.000000 
0.152037 1.110137 0.683563 -1.533181 25.425656 -2.060369 -5.303255 -1.092469 -8.915374 -3.174146 -0.212181 9.743336 -0.156483 8.363087 14.340981 0.000000 0.000000 0.000000 1.321476 1.136868 -13.203933 -4.192008 -1.231523 39.773384 1.910490 4.489503 0.618111 0.000000 0.000000 0.000000 3.462312 -1.505626 14.553726 -3.010576 1.066951 -33.155860 -2.440961 6.722819 33.572032 7.915538 -0.313726 -20.228638 0.000000 0.000000 0.000000 -15.494863 -2.705688 -4.771248 -56.786621 -0.396238 -9.255254 -4.311869 -39.037008 0.927124 0.000000 0.000000 0.000000 27.007093 -13.595380 -2.983415 60.597944 10.035647 -4.357691 4.611514 38.920767 6.639549 0.000000 0.000000 0.000000 
0.154217 1.113531 0.691055 -1.477723 29.574697 -1.856151 -5.420078 -0.874877 -7.698090 -2.270884 -0.313057 8.639903 -1.940414 6.830101 15.368635 0.000000 0.000000 0.000000 1.141145 1.009740 -12.738189 -3.390936 -1.181285 31.677309 3.243397 7.366718 1.428295 0.000000 0.000000 0.000000 3.753711 -1.522825 13.971052 -3.845011 1.110713 -33.346533 -2.576805 5.394850 33.815402 8.058578 -0.349415 -19.570961 0.000000 0.000000 0.000000 -15.202591 -2.802791 -5.009807 -56.929400 0.024783 -9.532626 -5.224915 -38.879210 1.032254 0.000000 0.000000 0.000000 27.904487 -13.806225 -2.536431 59.824481 10.892069 -4.227714 2.659426 40.091825 6.431671 0.000000 0.000000 0.000000 
0.156534 1.114863 0.696855 -1.288683 33.863306 -1.746926 -5.302787 -0.676717 -6.662955 -2.253413 -0.299526 7.653638 -4.175152 4.641264 16.123585 0.000000 0.000000 0.000000 1.543974 0.932788 -11.197646 -3.596262 -0.819047 25.969040 3.170848 7.004414 2.114753 0.000000 0.000000 0.000000 4.055041 -1.492626 13.143109 -4.145188 1.286634 -32.016066 -2.963791 5.153186 33.031858 8.766145 -0.848151 -17.962220 0.000000 0.000000 0.000000 -15.042582 -4.234832 -4.977541 -56.662110 -0.091280 -9.250529 -5.087680 -37.384170 0.608244 0.000000 0.000000 0.000000 29.140149 -13.992675 -1.695325 59.599025 11.468344 -4.164717 -0.980182 40.449368 5.503577 0.000000 0.000000 0.000000 
0.158608 1.115283 0.701312 -0.895923 38.205125 -1.827798 -5.465506 -0.478420 -5.478052 -2.262357 -0.305222 7.017951 -5.354702 3.640071 16.272029 0.000000 0.000000 0.000000 1.304249 0.756520 -9.352619 -3.591163 -0.733373 22.375977 2.946555 6.290269 3.411357 0.000000 0.000000 0.000000 4.265970 -1.469297 12.553098 -4.570459 1.323808 -31.819273 -2.859385 4.647209 33.395522 8.799378 -0.750000 -16.984430 0.000000 0.000000 0.000000 -14.836748 -4.714744 -5.357405 -56.891980 0.319121 -9.496831 -5.735716 -37.170800 0.494333 0.000000 0.000000 0.000000 29.230987 -14.648955 -1.337803 59.613640 11.673289 -4.095440 -2.698405 39.129256 4.873821 0.000000 0.000000 0.000000 
0.159880 1.114549 0.705075 -0.689755 42.170101 -1.753497 -5.293053 -0.322000 -4.586732 -2.666977 -0.276885 6.280783 -5.753725 3.551311 16.227101 0.000000 0.000000 0.000000 1.186520 0.611325 -7.645487 -3.995009 -0.460834 19.240721 3.010720 6.375452 4.136524 0.000000 0.000000 0.000000 4.863918 -1.368790 11.252987 -5.054637 1.509519 -30.642599 -2.573784 4.536540 33.252658 8.385822 -0.097011 -16.698665 0.000000 0.000000 0.000000 -14.082061 -4.478819 -5.877537 -57.932114 0.344760 -9.905110 -6.878603 -36.429912 0.484100 0.000000 0.000000 0.000000 28.311692 -15.274110 -1.151570 60.373543 11.239760 -3.868890 -3.944962 37.295377 4.305617 0.000000 0.000000 0.000000 
0.159821 1.112871 0.708534 -0.780804 45.822816 -1.519134 -4.954395 -0.255024 -4.327331 -2.892909 -0.283337 5.745527 -5.897027 3.504625 15.797614 0.000000 0.000000 0.000000 1.442315 0.540505 -6.428993 -3.595531 -0.521230 17.007522 1.912778 4.045419 3.822737 0.000000 0.000000 0.000000 5.344887 -1.310660 10.330227 -5.061478 1.560837 -30.060475 -2.239550 4.870802 32.809293 8.709310 -0.186846 -15.720315 0.000000 0.000000 0.000000 -13.672551 -4.544768 -6.473710 -58.445101 1.289764 -10.501535 -7.796760 -35.734440 0.370786 0.000000 0.000000 0.000000 27.843997 -15.870967 -0.884808 60.577369 11.340199 -3.445170 -4.618433 35.125481 3.789174 0.000000 0.000000 0.000000 
0.158245 1.111882 0.711819 -0.768045 49.117984 -1.409083 -4.559774 -0.197090 -4.055763 -3.387173 -0.302402 5.431511 -5.496928 4.102879 15.396343 0.000000 0.000000 0.000000 1.637549 0.432737 -4.783650 -3.097168 -0.517180 14.583364 1.371584 2.920920 4.374455 0.000000 0.000000 0.000000 5.929597 -1.343678 9.898276 -5.461383 1.589675 -29.910366 -1.766295 5.191076 32.908451 9.201707 0.053622 -16.366198 0.000000 0.000000 0.000000 -13.334674 -4.258897 -7.149515 -59.059879 1.815713 -11.052508 -7.878165 -35.078938 0.069659 0.000000 0.000000 0.000000 27.105621 -16.734505 -1.067354 61.111523 10.918587 -3.100674 -4.376058 33.524115 3.621197 0.000000 0.000000 0.000000 
0.155522 1.110297 0.714778 -0.651025 52.043372 -0.889723 -4.360947 -0.211097 -4.373508 -3.368732 -0.352755 5.417724 -4.980021 4.355660 14.401172 0.000000 0.000000 0.000000 1.699126 0.358439 -3.986653 -2.310899 -0.568805 12.282057 0.515639 1.050042 4.349862 0.000000 0.000000 0.000000 6.028264 -1.312689 9.486323 -5.583739 1.580961 -29.751939 -1.437897 5.689341 32.711064 8.996768 0.362549 -15.740675 0.000000 0.000000 0.000000 -12.982200 -3.814311 -7.848872 -58.818248 2.469931 -11.367666 -8.583032 -34.310290 -0.015421 0.000000 0.000000 0.000000 26.959967 -16.890158 -0.543626 61.165363 11.216953 -2.710555 -4.846324 32.484302 3.316171 0.000000 0.000000 0.000000 
0.152133 1.108534 0.717245 -0.620752 55.276705 -0.625086 -4.111816 -0.196497 -4.420453 -3.701923 -0.414155 5.451982 -4.204514 5.002504 13.592935 0.000000 0.000000 0.000000 1.571319 0.247603 -3.130447 -1.550952 -0.626843 10.089792 -0.330794 -0.478888 5.706827 0.000000 0.000000 0.000000 6.337360 -1.380382 9.464318 -5.908813 1.583040 -29.617104 -1.197886 5.853522 32.721256 9.549669 0.354958 -15.925465 0.000000 0.000000 0.000000 -13.208188 -3.687029 -8.744073 -58.629194 2.855692 -11.406331 -7.806848 -33.907116 -0.503423 0.000000 0.000000 0.000000 26.812111 -17.434076 -0.438724 61.203809 11.312788 -2.342981 -5.225394 31.548695 3.066280 0.000000 0.000000 0.000000 
0.148772 1.106513 0.719127 -0.276223 57.989963 -0.207720 -4.175899 -0.238248 -4.929003 -3.665434 -0.509279 6.111410 -2.805657 6.523771 13.062974 0.000000 0.000000 0.000000 1.470540 0.170625 -2.678827 -0.718551 -0.778312 8.619669 -1.212494 -2.241125 6.157173 0.000000 0.000000 0.000000 6.141347 -1.400010 9.630699 -6.007334 1.593831 -29.402676 -0.933113 5.956286 32.498813 9.339936 0.696355 -15.735370 0.000000 0.000000 0.000000 -13.607785 -3.697245 -9.608078 -58.379227 3.247452 -11.313301 -6.843224 -32.781855 -0.912119 0.000000 0.000000 0.000000 26.314091 -17.034241 0.256939 61.480429 11.757873 -1.799757 -5.982823 30.647451 2.682810 0.000000 0.000000 0.000000 
0.145783 1.104684 0.720624 -0.029396 61.386236 0.192985 -4.153455 -0.239483 -5.115911 -3.524834 -0.575704 6.056744 -1.792586 7.212078 12.210806 0.000000 0.000000 0.000000 1.609003 0.102661 -2.107107 -0.449835 -0.814703 7.354088 -1.812665 -3.276695 6.894705 0.000000 0.000000 0.000000 6.371311 -1.482458 9.720369 -6.473422 1.638592 -29.003008 -0.888655 5.735366 32.259815 9.497352 1.087815 -16.370171 0.000000 0.000000 0.000000 -14.011611 -3.867335 -10.553063 -58.423563 3.634888 -11.266614 -5.825758 -32.071987 -1.396101 0.000000 0.000000 0.000000 26.669604 -17.632322 0.452668 61.406936 12.550644 -1.290876 -6.361028 29.406447 2.422450 0.000000 0.000000 0.000000 
0.143401 1.102770 0.722039 0.252368 64.026935 0.521318 -4.136430 -0.244324 -5.284822 -3.503091 -0.685497 6.770356 -0.174230 8.556066 11.534540 0.000000 0.000000 0.000000 1.443015 0.046495 -2.120788 -0.159626 -0.914768 6.765940 -2.491054 -4.497871 7.422967 0.000000 0.000000 0.000000 6.369068 -1.499292 9.724925 -6.727150 1.648105 -28.779550 -0.637734 5.716262 32.126904 9.474407 1.376883 -16.490836 0.000000 0.000000 0.000000 -14.514639 -3.760162 -11.575449 -58.487072 4.593879 -11.556029 -5.085144 -31.356868 -1.687533 0.000000 0.000000 0.000000 26.418511 -17.715906 0.762751 61.651562 12.681383 -0.907923 -6.447622 28.633649 2.237898 0.000000 0.000000 0.000000 
0.141792 1.100478 0.723701 0.519792 67.206816 0.679981 -3.883154 -0.179468 -4.823970 -3.740203 -0.761590 6.715572 0.736710 9.008781 10.992070 0.000000 0.000000 0.000000 1.587931 0.009637 -2.017288 -0.177095 -1.036750 6.765207 -2.676701 -4.524287 8.254153 0.000000 0.000000 0.000000 6.435455 -1.599204 10.060967 -7.079828 1.547486 -29.016434 -0.413961 5.737486 32.456280 10.210591 1.454773 -17.252693 0.000000 0.000000 0.000000 -14.904097 -4.171762 -12.544479 -58.644252 5.243280 -11.716452 -4.007470 -30.536506 -2.105276 0.000000 0.000000 0.000000 26.594150 -18.227267 0.994480 61.905298 13.278463 -0.358164 -7.624718 28.191863 1.991915 0.000000 0.000000 0.000000 
0.141044 1.097609 0.725727 0.989021 69.981267 1.170101 -3.951095 -0.130955 -4.471994 -3.619747 -0.804550 6.487210 1.299364 9.478371 11.114553 0.000000 0.000000 0.000000 1.655032 -0.023555 -2.039518 -0.358068 -1.087616 6.749075 -3.223252 -5.351912 8.869779 0.000000 0.000000 0.000000 6.428729 -1.575009 9.875772 -7.224228 1.545886 -28.768700 -0.426092 5.882548 32.284557 10.565994 1.609535 -17.663831 0.000000 0.000000 0.000000 -14.967411 -4.225753 -13.345821 -59.306747 6.336059 -12.424492 -3.352048 -29.612820 -2.343917 0.000000 0.000000 0.000000 26.638072 -18.693168 1.149313 62.090015 13.670116 0.151757 -8.150591 27.477766 1.807162 0.000000 0.000000 0.000000 
0.141162 1.094080 0.727931 1.314850 72.630340 1.363015 -3.638895 -0.078232 -3.889222 -3.692372 -0.853247 6.192996 1.596832 9.185837 10.647984 0.000000 0.000000 0.000000 1.594090 -0.087826 -1.998686 -0.429106 -1.287087 7.296775 -2.899916 -4.656153 9.052410 0.000000 0.000000 0.000000 6.279438 -1.537459 9.772648 -7.308417 1.523882 -28.622152 -0.306229 6.139416 32.624496 11.031150 1.676993 -17.872662 0.000000 0.000000 0.000000 -15.406690 -4.367024 -14.580648 -59.360243 7.871794 -12.937500 -2.165401 -29.157575 -2.774796 0.000000 0.000000 0.000000 27.365524 -19.108221 1.755321 62.114669 14.727905 0.592142 -9.607622 27.088542 1.577943 0.000000 0.000000 0.000000 
0.141830 1.090176 0.730159 2.131660 75.090527 1.790557 -3.526028 -0.023307 -3.104254 -3.596220 -0.896042 6.071293 1.249475 8.278093 10.210068 0.000000 0.000000 0.000000 1.541606 -0.146245 -2.049173 -0.606447 -1.619422 8.575847 -2.633305 -4.516674 8.478437 0.000000 0.000000 0.000000 6.202538 -1.539395 9.798316 -7.509876 1.572238 -28.141316 -0.344643 6.309725 32.327355 11.350491 1.706089 -17.970352 0.000000 0.000000 0.000000 -15.222362 -4.249744 -15.192240 -59.596081 8.836695 -13.540223 -1.756539 -28.895624 -2.985684 0.000000 0.000000 0.000000 27.405115 -19.181311 2.202047 62.232314 15.449568 1.176657 -10.322965 26.677475 1.399249 0.000000 0.000000 0.000000 
0.142670 1.085867 0.732307 2.995840 77.193584 2.373131 -3.521952 0.030960 -1.966617 -3.262726 -0.886784 5.582025 0.817040 7.261261 9.769196 0.000000 0.000000 0.000000 1.413986 -0.220452 -2.054949 -0.906134 -1.895379 9.635362 -1.712870 -3.445819 7.350834 0.000000 0.000000 0.000000 6.232853 -1.543032 9.751225 -7.531550 1.520114 -28.119207 -0.260927 6.957278 32.852644 11.254558 2.388421 -18.831470 0.000000 0.000000 0.000000 -15.078819 -4.028422 -16.143887 -59.458459 9.760987 -13.971557 -1.979819 -29.081973 -3.123584 0.000000 0.000000 0.000000 27.744904 -19.638373 2.646972 62.440831 16.659097 1.947254 -11.302135 26.277005 1.259318 0.000000 0.000000 0.000000 
0.143192 1.082286 0.734624 5.070394 78.930650 4.114190 -3.594184 0.058609 -0.957391 -2.996870 -0.856634 4.862157 -0.443973 5.914180 9.867649 0.000000 0.000000 0.000000 1.110355 -0.312234 -2.365356 -1.352855 -2.256889 11.143470 -0.857063 -2.423379 6.419958 0.000000 0.000000 0.000000 6.069652 -1.508249 9.711878 -7.757367 1.610862 -27.448825 -0.275417 7.464521 32.465120 11.698779 2.410290 -19.263514 0.000000 0.000000 0.000000 -14.457350 -4.181197 -16.139887 -59.138108 10.148919 -14.263229 -2.306506 -29.839241 -3.285213 0.000000 0.000000 0.000000 28.257759 -19.563172 3.466848 62.230059 17.691542 2.276330 -11.995057 25.779743 1.085211 0.000000 0.000000 0.000000 
0.143223 1.078897 0.737410 6.918140 80.529002 5.644526 -3.627350 0.057410 -0.095681 -2.802620 -0.828354 4.020593 -1.698614 5.631693 11.240021 0.000000 0.000000 0.000000 0.891535 -0.412336 -2.222748 -1.801900 -2.398612 11.783091 -0.258866 -1.403829 6.558025 0.000000 0.000000 0.000000 6.299296 -1.596940 9.893209 -7.918696 1.508687 -27.661429 -0.203674 7.920274 33.073122 11.559985 3.023974 -20.122838 0.000000 0.000000 0.000000 -14.117182 -4.284844 -16.504208 -58.947850 10.210852 -14.362301 -2.767327 -30.263501 -3.353939 0.000000 0.000000 0.000000 28.478670 -19.739690 3.936766 62.283727 18.677757 2.852664 -12.332970 24.894145 0.950298 0.000000 0.000000 0.000000 
0.142846 1.076551 0.740725 8.787574 81.919476 7.773295 -3.597699 0.044330 0.387213 -2.557286 -0.795044 2.963022 -2.732190 5.438276 12.403034 0.000000 0.000000 0.000000 0.728676 -0.486848 -2.280367 -2.002351 -2.292127 11.341217 0.028316 -0.808894 7.040752 0.000000 0.000000 0.000000 6.341258 -1.540394 9.572798 -8.080305 1.494104 -27.453626 -0.171045 7.857871 32.851779 11.625601 3.100284 -20.190069 0.000000 0.000000 0.000000 -13.364970 -4.431047 -16.162229 -58.956368 10.102302 -14.642639 -3.562121 -30.732672 -3.320800 0.000000 0.000000 0.000000 28.690504 -19.463717 4.623141 62.097956 19.252171 3.024154 -12.608329 24.514274 0.822309 0.000000 0.000000 0.000000 
0.142228 1.072781 0.744619 9.419885 82.944088 8.617575 -3.358854 0.000614 1.088107 -2.431242 -0.776304 1.921616 -3.341713 5.806401 13.728693 0.000000 0.000000 0.000000 0.895966 -0.507714 -1.613142 -2.286504 -1.778716 9.692495 -0.156576 -0.651681 8.358626 0.000000 0.000000 0.000000 6.426193 -1.525813 9.404788 -7.713605 1.479145 -27.459248 -0.547404 8.103887 33.049643 11.876253 3.307405 -20.938275 0.000000 0.000000 0.000000 -12.199155 -4.385394 -15.471341 -59.066441 8.867746 -14.640344 -4.909736 -31.107060 -3.152424 0.000000 0.000000 0.000000 28.826650 -19.592403 4.894969 62.624789 19.337712 3.328936 -12.829922 24.543229 0.789197 0.000000 0.000000 0.000000 
0.141851 1.068779 0.748996 9.725575 83.830851 9.171428 -3.169757 -0.041991 1.533435 -2.342559 -0.776373 1.439181 -3.094194 6.364889 14.302643 0.000000 0.000000 0.000000 0.911178 -0.550727 -1.186655 -2.172189 -1.504984 8.309461 -0.352789 -0.551202 9.498082 0.000000 0.000000 0.000000 6.579071 -1.544348 9.332810 -8.004423 1.314080 -27.954713 -0.216195 7.772845 33.235666 12.108676 3.317834 -21.102027 0.000000 0.000000 0.000000 -11.414093 -4.699751 -14.829961 -59.094102 7.896680 -14.522641 -5.595687 -31.389207 -3.120505 0.000000 0.000000 0.000000 28.665803 -19.563237 4.925820 62.703199 18.926768 3.267739 -12.656444 24.391706 0.757183 0.000000 0.000000 0.000000 
0.141932 1.063302 0.753674 10.348935 84.475680 9.940357 -3.241115 -0.074120 2.170744 -1.947358 -0.735313 0.928223 -3.410498 6.569180 15.032658 0.000000 0.000000 0.000000 1.027034 -0.597573 -0.423884 -2.563372 -1.067176 6.847187 -0.106927 0.216237 10.564908 0.000000 0.000000 0.000000 6.682691 -1.487124 8.984575 -8.016710 1.309145 -27.855181 -0.452705 7.655818 33.349474 12.387099 3.612244 -22.207398 0.000000 0.000000 0.000000 -10.764355 -5.082830 -14.305137 -59.444290 6.906487 -14.438375 -6.305697 -31.800936 -3.115828 0.000000 0.000000 0.000000 28.902003 -20.169603 4.582934 63.463930 18.571504 3.474920 -12.552204 24.599494 0.837787 0.000000 0.000000 0.000000 
0.142580 1.057757 0.758678 9.523101 84.877272 9.349994 -3.091929 -0.111769 2.465594 -1.772303 -0.716068 0.860491 -3.441378 6.729989 15.357295 0.000000 0.000000 0.000000 0.750707 -0.683828 -0.191255 -2.202485 -1.095672 6.355437 0.316182 0.967902 10.905950 0.000000 0.000000 0.000000 6.582713 -1.452635 8.906427 -7.855097 1.216449 -28.265087 -0.563216 7.443514 33.467036 12.810172 3.389059 -22.211250 0.000000 0.000000 0.000000 -10.572293 -5.335931 -14.131255 -59.382230 5.938155 -13.955171 -6.638745 -31.700853 -3.070011 0.000000 0.000000 0.000000 28.998689 -20.504004 4.356502 63.591086 17.847809 3.178093 -12.318001 25.082295 0.911875 0.000000 0.000000 0.000000 
0.143384 1.050756 0.764246 9.953526 84.680384 9.994733 -3.402177 -0.086137 2.654288 -1.266668 -0.651389 1.213111 -3.244299 7.043614 15.559787 0.000000 0.000000 0.000000 0.775751 -0.715548 0.352458 -2.525763 -0.827203 5.598845 1.177720 2.131030 10.547877 0.000000 0.000000 0.000000 6.514578 -1.284605 8.151306 -8.073650 1.243814 -28.041421 -0.716662 7.276955 33.558866 12.278102 3.907044 -22.887283 0.000000 0.000000 0.000000 -10.318441 -5.642953 -13.787851 -59.989832 4.686831 -13.653931 -5.927605 -31.732585 -3.336090 0.000000 0.000000 0.000000 28.714820 -20.729828 3.931945 64.616733 16.748627 3.218662 -12.124030 25.862693 1.030216 0.000000 0.000000 0.000000 
0.143866 1.042712 0.770605 7.564565 85.035979 7.712470 -3.047397 -0.148592 2.919140 -0.924510 -0.618908 1.386004 -3.179382 7.098483 15.662905 0.000000 0.000000 0.000000 0.975660 -0.705110 0.600137 -2.546266 -0.811785 5.474081 1.845365 3.015088 10.354544 0.000000 0.000000 0.000000 6.353074 -1.223958 7.988782 -7.728663 1.304013 -27.868098 -1.278823 7.084075 33.390228 12.812653 3.651125 -23.112024 0.000000 0.000000 0.000000 -10.370215 -5.803466 -13.750634 -59.828142 3.637466 -13.004613 -5.899270 -31.491522 -3.338854 0.000000 0.000000 0.000000 28.502729 -20.598111 3.954327 65.110780 16.085676 3.180471 -12.196610 26.273828 1.036960 0.000000 0.000000 0.000000 
0.143638 1.034840 0.777801 7.875513 85.343405 8.082488 -2.977875 -0.160657 2.926533 -0.301256 -0.583577 2.076707 -3.220796 6.685351 15.186901 0.000000 0.000000 0.000000 0.868441 -0.762194 0.878297 -2.261810 -0.916191 5.475839 2.300984 3.486329 9.927132 0.000000 0.000000 0.000000 6.038189 -1.121466 7.744832 -7.873413 1.286436 -27.852090 -1.325419 7.110091 33.645709 12.614874 3.995952 -23.726246 0.000000 0.000000 0.000000 -10.315804 -6.367521 -13.617586 -60.026962 2.350882 -12.434143 -5.557893 -32.027165 -3.547023 0.000000 0.000000 0.000000 28.263156 -20.586029 4.005407 65.574923 15.491394 3.115449 -11.333722 27.153135 1.170411 0.000000 0.000000 0.000000 
0.142387 1.027104 0.785740 6.953963 86.398427 7.043974 -2.363100 -0.248501 2.832683 0.045009 -0.592446 2.532958 -3.168278 6.145998 14.584681 0.000000 0.000000 0.000000 1.366500 -0.742072 1.356480 -2.496102 -0.873756 5.376039 3.343268 4.541417 9.166559 0.000000 0.000000 0.000000 5.663559 -1.078187 7.850167 -7.733886 1.302959 -27.715104 -1.642620 7.078498 33.530655 12.683314 4.029599 -23.797552 0.000000 0.000000 0.000000 -10.471011 -7.259086 -13.671689 -59.800940 1.045168 -11.518235 -5.099986 -31.463145 -3.634853 0.000000 0.000000 0.000000 28.388264 -20.210280 4.738153 65.474965 15.891233 3.130452 -11.309545 26.737349 1.038084 0.000000 0.000000 0.000000 
0.140279 1.020474 0.793756 9.914957 86.933178 9.868147 -2.035186 -0.258004 2.289997 0.157387 -0.650716 3.488072 -2.331302 6.108228 13.735333 0.000000 0.000000 0.000000 1.527148 -0.803821 2.023554 -2.186742 -0.848948 4.627513 3.293876 4.282596 8.849418 0.000000 0.000000 0.000000 5.227050 -1.007590 7.846876 -7.838234 1.400879 -27.188892 -1.862287 7.524709 33.401290 12.580416 4.388433 -24.610513 0.000000 0.000000 0.000000 -10.525341 -7.659116 -13.822990 -59.729826 -0.225651 -10.760090 -5.079922 -32.634450 -3.898720 0.000000 0.000000 0.000000 28.178737 -19.940490 5.241467 65.960930 16.263712 3.539080 -11.473482 26.777124 0.975572 0.000000 0.000000 0.000000 
0.137406 1.014917 0.801206 16.112551 87.548662 15.903431 -1.934971 -0.238545 1.689086 0.052876 -0.764687 4.696721 -1.906951 5.764802 12.928815 0.000000 0.000000 0.000000 1.928897 -0.835146 2.679792 -2.150368 -0.733105 3.775524 3.235647 4.288334 9.329756 0.000000 0.000000 0.000000 4.876719 -1.040370 8.332511 -8.151751 1.269473 -27.518581 -1.728864 8.158640 33.545498 12.419852 4.936651 -25.779973 0.000000 0.000000 0.000000 -10.385322 -8.494296 -13.830674 -59.479160 -1.183542 -10.145282 -5.781962 -33.772261 -4.011825 0.000000 0.000000 0.000000 27.950503 -19.677008 5.775488 65.559783 15.925557 3.238000 -10.681803 27.395083 0.972054 0.000000 0.000000 0.000000 
0.134252 1.010289 0.807401 33.312299 88.087997 33.305819 -1.794902 -0.201721 0.701780 -0.604206 -0.922922 5.682881 -0.419935 6.430172 12.356256 0.000000 0.000000 0.000000 1.748273 -0.957251 3.186839 -1.758155 -0.682662 2.562707 2.518131 3.323928 9.797982 0.000000 0.000000 0.000000 4.625756 -0.974004 8.161348 -8.499769 1.217598 -27.389300 -1.754163 8.596462 33.666604 12.172392 5.334232 -26.506479 0.000000 0.000000 0.000000 -9.995875 -8.947784 -13.672241 -59.836396 -2.624683 -9.765302 -6.772313 -35.569454 -4.157273 0.000000 0.000000 0.000000 27.464322 -19.412507 6.144153 65.845801 16.472350 3.895138 -10.776626 27.315505 0.859435 0.000000 0.000000 0.000000 
0.130948 1.006617 0.811859 51.300898 88.228903 51.165623 -1.882406 -0.166269 0.079884 -1.265303 -1.087741 6.619445 0.270000 6.720459 12.080837 0.000000 0.000000 0.000000 1.627385 -1.073059 3.707061 -1.661567 -0.642247 1.973681 2.273656 3.054485 10.243262 0.000000 0.000000 0.000000 4.707744 -1.002392 8.246950 -8.982984 1.083038 -27.556046 -1.477033 9.320187 33.960824 11.732285 5.772648 -26.956881 0.000000 0.000000 0.000000 -10.249501 -10.024374 -14.036299 -59.848899 -2.744423 -9.424551 -7.609512 -38.029606 -4.418975 0.000000 0.000000 0.000000 26.500862 -19.164056 6.119610 66.118479 15.833758 4.258031 -10.405186 27.839032 0.816222 0.000000 0.000000 0.000000 
0.127604 1.002165 0.814467 68.871276 88.008322 68.701174 -2.297585 -0.092544 -0.888633 -1.931577 -1.309280 7.856249 1.405686 7.255685 11.580400 0.000000 0.000000 0.000000 1.060858 -1.217615 3.891255 -1.067038 -0.776518 1.472226 1.820169 2.375883 10.430313 0.000000 0.000000 0.000000 4.723987 -0.985915 8.128128 -9.191752 1.071153 -27.384706 -1.546658 9.908054 33.947706 11.495609 6.086640 -27.625322 0.000000 0.000000 0.000000 -10.389318 -10.840485 -14.195550 -59.650622 -2.910871 -9.087286 -8.885713 -40.507653 -4.443469 0.000000 0.000000 0.000000 26.406255 -19.178270 6.318510 65.614095 16.198317 4.377429 -10.152757 28.124739 0.825220 0.000000 0.000000 0.000000 
0.123868 0.998268 0.815569 78.728819 87.891273 78.380987 -2.688234 -0.053923 -1.161206 -2.522776 -1.423884 8.250142 2.584733 8.438210 12.072592 0.000000 0.000000 0.000000 0.840990 -1.312994 4.163854 -0.846506 -0.792215 1.002825 1.443185 1.680673 10.290495 0.000000 0.000000 0.000000 5.156852 -1.067221 8.173035 -9.358258 1.009759 -27.433121 -1.591454 10.298189 34.028814 11.432441 6.317352 -28.307643 0.000000 0.000000 0.000000 -10.984337 -11.793079 -14.695067 -59.375711 -2.960368 -8.491386 -9.425142 -42.710519 -4.653011 0.000000 0.000000 0.000000 25.955109 -18.955188 6.374448 65.455370 16.055415 4.551384 -9.981447 28.200372 0.775791 0.000000 0.000000 0.000000 
0.119796 0.994541 0.815721 86.500529 87.718162 86.159142 -2.897597 -0.033256 -1.645081 -3.205829 -1.616565 9.118320 3.700694 9.053564 11.762408 0.000000 0.000000 0.000000 0.656661 -1.335794 4.035997 -0.642292 -0.870211 1.011880 1.358222 1.215812 9.680883 0.000000 0.000000 0.000000 5.236554 -1.062070 8.067517 -9.369722 1.073875 -27.121675 -1.841644 10.154409 33.783942 11.844928 6.279137 -28.919610 0.000000 0.000000 0.000000 -11.671051 -12.414368 -15.175355 -58.921658 -2.774061 -7.884432 -9.808562 -43.684543 -4.603123 0.000000 0.000000 0.000000 26.366553 -18.886228 6.732911 64.377490 16.656480 4.153039 -9.312144 28.447926 0.875779 0.000000 0.000000 0.000000 
0.115623 0.991398 0.815317 88.523720 87.894899 88.048572 -2.969385 -0.030818 -1.675816 -3.455240 -1.620687 8.930738 4.297685 9.686312 12.157412 0.000000 0.000000 0.000000 0.569074 -1.353083 4.002697 -0.291041 -0.956154 0.774898 0.930156 0.540750 9.692421 0.000000 0.000000 0.000000 5.625350 -1.145406 8.166842 -9.137054 1.076608 -27.279365 -1.966458 10.378160 33.839416 11.979865 6.359162 -29.420620 0.000000 0.000000 0.000000 -12.102652 -13.136358 -15.463692 -58.995948 -2.833224 -7.547267 -9.587189 -43.496248 -4.685764 0.000000 0.000000 0.000000 26.647001 -19.043274 6.828779 63.864407 16.921768 4.019212 -9.187134 28.705783 0.922279 0.000000 0.000000 0.000000 
0.111655 0.988316 0.814673 100.648951 87.911515 100.247717 -3.279276 -0.010686 -1.710423 -3.683161 -1.636341 8.694556 4.598303 9.857236 12.205214 0.000000 0.000000 0.000000 0.752418 -1.276408 3.659766 -0.405396 -0.931097 0.751004 0.564846 -0.184098 9.546923 0.000000 0.000000 0.000000 5.656641 -1.124740 8.019886 -8.820468 1.093502 -27.313382 -2.191182 9.749524 33.777397 12.096694 6.358582 -29.661641 0.000000 0.000000 0.000000 -12.099722 -13.199434 -15.486249 -58.980628 -2.844401 -7.463568 -9.934178 -42.219964 -4.420586 0.000000 0.000000 0.000000 26.621078 -19.211270 6.604954 63.695633 16.996815 4.073763 -8.939910 28.345391 0.937020 0.000000 0.000000 0.000000 
0.108065 0.985640 0.813471 104.306007 88.031681 103.878686 -3.451220 -0.000637 -1.506657 -3.783619 -1.582680 8.076131 5.147255 10.193021 12.256930 0.000000 0.000000 0.000000 0.873651 -1.207430 3.333070 -0.430013 -0.905362 0.607889 0.281423 -0.664767 9.507119 0.000000 0.000000 0.000000 5.902971 -1.153233 7.955869 -8.686556 1.093238 -27.394746 -2.266144 9.774624 33.829037 12.460894 6.256377 -29.802923 0.000000 0.000000 0.000000 -11.840767 -13.274049 -15.303712 -59.323389 -2.834744 -7.730313 -9.704064 -40.247908 -4.288900 0.000000 0.000000 0.000000 27.007378 -19.308077 6.825837 63.698414 17.466032 4.157247 -9.357197 27.799017 0.842683 0.000000 0.000000 0.000000 
0.105124 0.983756 0.811688 103.163311 88.054596 102.903791 -3.820720 0.025988 -1.130299 -3.371338 -1.417573 6.984760 4.794687 10.096506 12.520196 0.000000 0.000000 0.000000 0.841794 -1.142971 2.852571 -0.281240 -0.956345 0.656491 -0.037790 -1.207568 9.361363 0.000000 0.000000 0.000000 5.927945 -1.169249 8.020620 -8.528289 1.024927 -27.762850 -2.279697 9.576562 33.692723 12.434985 6.296810 -30.030982 0.000000 0.000000 0.000000 -11.503895 -13.188335 -14.982570 -59.634604 -2.577893 -8.139477 -9.620502 -37.402636 -3.917653 0.000000 0.000000 0.000000 26.787513 -19.477917 6.447049 64.010259 17.107251 4.286850 -9.538286 27.416613 0.820345 0.000000 0.000000 0.000000 
0.103201 0.982314 0.809056 107.628379 87.950113 107.441599 -4.339226 0.050040 -0.317888 -2.737669 -1.210580 5.417611 4.161627 9.784152 12.818518 0.000000 0.000000 0.000000 0.859408 -1.080280 2.359120 -0.471138 -0.921392 0.833810 -0.233167 -1.678064 9.103140 0.000000 0.000000 0.000000 6.031504 -1.184463 8.001573 -8.680367 0.942158 -27.961191 -2.304029 9.604413 33.812251 12.728172 6.192484 -30.008307 0.000000 0.000000 0.000000 -11.451640 -12.912741 -15.161671 -59.939841 -1.678585 -8.752760 -8.217988 -35.254761 -4.035461 0.000000 0.000000 0.000000 27.282122 -19.844241 6.465179 64.057741 17.523902 4.380879 -9.913480 26.971466 0.776294 0.000000 0.000000 0.000000 
0.102303 0.981398 0.805742 124.063977 87.505680 123.837473 -5.008126 0.063986 0.452684 -2.142011 -1.071874 4.124551 3.114989 9.350968 13.445199 0.000000 0.000000 0.000000 0.667507 -1.095748 1.931310 -0.640653 -1.034094 1.802712 -0.387599 -2.174608 8.861959 0.000000 0.000000 0.000000 5.877517 -1.193141 8.179924 -8.620072 0.914595 -27.968135 -2.601321 8.997851 33.728849 13.077281 5.963698 -29.709244 0.000000 0.000000 0.000000 -11.302546 -12.010753 -15.359643 -59.713183 0.011042 -9.653375 -8.263676 -34.174651 -3.823202 0.000000 0.000000 0.000000 27.701291 -19.799948 6.844629 63.617782 18.066102 4.195973 -9.861328 26.947698 0.754387 0.000000 0.000000 0.000000 
0.102500 0.980843 0.801704 128.301141 87.189784 128.138086 -5.707112 0.077184 1.076127 -1.685162 -0.975422 3.261102 3.196560 9.249447 13.237292 0.000000 0.000000 0.000000 0.277760 -1.147788 1.444856 -0.725672 -1.175364 2.720401 0.004886 -1.913585 8.266279 0.000000 0.000000 0.000000 5.879557 -1.213802 8.281885 -8.947136 0.776487 -28.238824 -2.210631 9.199853 33.831454 12.667955 6.145623 -29.484445 0.000000 0.000000 0.000000 -11.160361 -11.571137 -15.567959 -59.553663 1.728913 -10.580243 -8.255847 -32.287612 -3.475391 0.000000 0.000000 0.000000 28.045284 -20.186272 6.816383 63.609279 18.426539 4.297169 -9.610140 26.627029 0.770697 0.000000 0.000000 0.000000 
0.103635 0.979895 0.797156 129.494350 86.854778 128.980924 -6.715026 0.061312 2.194431 -1.010242 -0.852271 2.277959 2.377971 9.125252 13.891757 0.000000 0.000000 0.000000 -0.008511 -1.158489 0.565042 -0.840068 -1.667111 5.159601 -0.120046 -2.262295 7.953861 0.000000 0.000000 0.000000 5.681335 -1.268477 8.752501 -9.148611 0.706842 -28.364483 -2.094612 9.463991 33.702086 12.972123 5.895848 -28.884339 0.000000 0.000000 0.000000 -11.211382 -10.586690 -16.167960 -59.370334 4.135660 -11.704607 -7.723003 -31.731931 -3.527316 0.000000 0.000000 0.000000 28.254325 -20.280971 7.022137 63.885222 18.739716 4.442827 -10.491646 26.755471 0.716942 0.000000 0.000000 0.000000 
0.106033 0.979466 0.792144 129.153926 86.859090 128.167878 -7.281496 -0.003521 3.416099 -0.966735 -0.818952 1.488882 3.051468 9.609345 13.958258 0.000000 0.000000 0.000000 -0.545930 -1.232873 -0.903697 -0.904705 -2.935004 9.553139 0.189442 -2.227406 6.858999 0.000000 0.000000 0.000000 5.883650 -1.398129 9.202065 -9.269472 0.815653 -27.920272 -1.934756 10.163409 33.355566 12.691940 5.838823 -28.127933 0.000000 0.000000 0.000000 -11.057676 -9.762269 -16.453120 -59.640083 6.057559 -12.966196 -6.889813 -30.526669 -3.582719 0.000000 0.000000 0.000000 28.390787 -20.089570 7.400407 64.159525 19.485144 4.913380 -11.337973 26.885332 0.594940 0.000000 0.000000 0.000000 
0.109599 0.978266 0.786980 146.569192 85.558470 144.340360 -7.229899 -0.267158 5.547369 -1.375110 -0.887052 0.618712 2.672376 8.937461 13.553463 0.000000 0.000000 0.000000 -0.570936 -1.303139 -3.028011 -2.511372 -5.304632 16.470282 0.439215 -1.573504 6.991577 0.000000 0.000000 0.000000 5.119101 -1.519460 10.340196 -8.579245 0.638374 -28.806813 -1.675805 9.622523 35.322617 12.186393 6.454721 -28.855131 0.000000 0.000000 0.000000 -11.269836 -9.209946 -17.880759 -60.430128 7.943630 -14.000319 -5.393074 -30.742007 -4.095760 0.000000 0.000000 0.000000 28.360405 -20.392186 7.782590 64.147716 20.750168 5.467343 -11.388768 27.963237 0.675607 0.000000 0.000000 0.000000 
0.113983 0.977161 0.782515 156.051178 84.602285 153.107315 -7.065667 -0.560156 7.158855 -1.665505 -0.974669 -0.368381 4.264487 9.856597 13.976289 0.000000 0.000000 0.000000 -1.519256 -1.953678 -6.842579 -5.364132 -9.557051 26.077849 2.585849 2.317945 6.658749 0.000000 0.000000 0.000000 4.532188 -1.439306 10.459823 -7.754136 0.972712 -27.971333 -2.346124 8.649016 34.856225 11.957425 6.111388 -27.420433 0.000000 0.000000 0.000000 -11.147351 -8.781465 -18.122022 -60.465069 9.030311 -14.440004 -4.477400 -30.151561 -4.299111 0.000000 0.000000 0.000000 27.657377 -19.566400 8.295627 64.341470 21.589898 6.146555 -10.665378 28.189245 0.689187 0.000000 0.000000 0.000000 
0.119185 0.976531 0.779489 166.698288 83.586573 162.523212 -6.762280 -1.074607 9.279109 -1.963059 -1.071595 -1.316090 4.661225 9.631033 13.509711 0.000000 0.000000 0.000000 -0.672754 -2.208710 -10.167513 -12.144998 -12.678322 35.639552 5.905301 7.585007 6.136652 0.000000 0.000000 0.000000 4.782152 -1.937560 12.179310 -7.768693 0.781518 -28.736814 -2.273773 8.002259 35.521024 11.577321 6.509657 -27.823747 0.000000 0.000000 0.000000 -11.836373 -8.524089 -19.194539 -59.644685 11.201122 -14.732733 -4.165426 -30.572840 -4.373721 0.000000 0.000000 0.000000 26.986509 -19.264239 8.285733 64.937116 21.781315 6.745279 -9.051460 29.050128 0.935738 0.000000 0.000000 0.000000 
0.125451 0.975551 0.778709 171.471433 82.108334 167.054815 -6.400544 -1.417336 10.253618 -1.952200 -1.113833 -1.787211 4.269641 9.289345 13.817295 0.000000 0.000000 0.000000 -0.135894 -2.840179 -13.498128 -17.109747 -13.209629 40.063986 8.069196 10.432696 4.489740 0.000000 0.000000 0.000000 4.739617 -2.082708 12.669471 -8.105061 0.955179 -27.612607 -2.771304 6.047916 33.826596 10.787924 6.527540 -26.946648 0.000000 0.000000 0.000000 -12.572081 -8.423688 -19.391567 -59.186951 11.168675 -14.049328 -1.816972 -30.037004 -4.785876 0.000000 0.000000 0.000000 26.315671 -17.912018 8.793993 65.324741 21.845642 6.879903 -9.416218 28.432656 0.709389 0.000000 0.000000 0.000000 
0.132518 0.975403 0.779617 176.945005 80.633401 171.815120 -5.775468 -1.907621 11.400281 -1.366803 -0.989974 -1.230741 4.118577 8.150495 12.537728 0.000000 0.000000 0.000000 0.817687 -3.016470 -15.003538 -19.193309 -12.971357 40.685660 9.113363 11.646520 4.328225 0.000000 0.000000 0.000000 4.553386 -2.488374 14.039901 -8.082411 0.967551 -27.470257 -2.751302 5.092363 33.427421 11.131292 6.794789 -28.234543 0.000000 0.000000 0.000000 -13.637384 -8.917588 -20.302681 -57.688287 12.024719 -13.126652 -1.595400 -29.880485 -4.669163 0.000000 0.000000 0.000000 26.965239 -17.525392 9.796069 64.314943 23.143688 6.423992 -8.690106 28.927685 0.835520 0.000000 0.000000 0.000000 
0.140586 0.975939 0.781490 -178.583526 79.724635 176.261663 -4.888206 -2.179403 11.610902 -1.195490 -0.945122 -0.591113 3.653955 6.992630 11.390678 0.000000 0.000000 0.000000 1.578637 -3.030141 -15.829559 -16.287377 -11.577741 36.335769 7.565168 8.945337 4.181421 0.000000 0.000000 0.000000 4.045385 -2.523967 14.400901 -6.873834 0.966393 -28.313930 -2.790297 4.236851 34.517085 10.512540 7.257910 -28.932546 0.000000 0.000000 0.000000 -14.505400 -9.156326 -21.439017 -56.682003 12.454211 -12.360359 -2.827982 -30.257467 -4.279324 0.000000 0.000000 0.000000 26.343241 -16.621195 10.416167 64.540162 22.971090 6.489979 -8.614472 30.007299 0.818482 0.000000 0.000000 0.000000 
0.150296 0.976362 0.784052 -175.500312 79.044229 179.659620 -3.686641 -2.527821 11.892039 -1.560350 -1.017224 -0.689668 4.331043 6.565029 10.383899 0.000000 0.000000 0.000000 1.127538 -3.949834 -17.694355 -11.493885 -10.176853 31.229563 6.221247 6.770188 4.973655 0.000000 0.000000 0.000000 3.749435 -2.434606 14.307996 -6.037873 1.196458 -27.839871 -2.917530 3.410921 34.523168 10.396204 7.251196 -28.778572 0.000000 0.000000 0.000000 -14.141213 -8.672449 -21.291610 -57.131233 11.717969 -12.358743 -4.417201 -30.412416 -3.858244 0.000000 0.000000 0.000000 25.169383 -15.995138 10.058771 65.249906 21.508024 6.559621 -8.426038 30.888811 0.886323 0.000000 0.000000 0.000000 
0.162324 0.976018 0.787001 -173.977356 79.346469 -178.069174 -3.374747 -2.512443 11.724337 -1.340893 -0.959717 -0.435115 3.697770 6.041499 10.160872 0.000000 0.000000 0.000000 1.724621 -4.006997 -18.661655 -7.637135 -7.151854 23.966193 4.028528 3.918072 6.889769 0.000000 0.000000 0.000000 3.464964 -2.349434 14.215959 -5.981813 1.116045 -28.186407 -2.908152 3.514902 34.920958 10.146318 7.708696 -30.562557 0.000000 0.000000 0.000000 -13.939735 -8.874792 -21.061546 -56.697430 10.660882 -11.700556 -5.362401 -31.024577 -3.668168 0.000000 0.000000 0.000000 24.802334 -15.962461 9.867700 65.934217 21.508845 7.107132 -8.542474 30.708330 0.827643 0.000000 0.000000 0.000000 
0.177310 0.975207 0.790166 -174.324702 80.630114 -177.388990 -3.829618 -2.155838 11.109200 -0.908267 -0.878370 -0.369922 3.775681 6.648696 10.912013 0.000000 0.000000 0.000000 2.686835 -3.617153 -19.063134 -5.623533 -3.781371 16.263832 2.570793 2.728881 9.788538 0.000000 0.000000 0.000000 3.547838 -2.373853 14.296750 -6.084309 1.015444 -28.622834 -2.734150 4.399514 34.174347 10.956959 7.015797 -28.976023 0.000000 0.000000 0.000000 -13.472820 -9.151502 -20.253529 -57.166717 9.645655 -11.640062 -6.115030 -31.020680 -3.518630 0.000000 0.000000 0.000000 25.376891 -15.925148 10.185837 64.860530 21.821594 6.520947 -8.548753 30.303509 0.710560 0.000000 0.000000 0.000000 
0.195768 0.974066 0.793293 -178.338557 81.411085 179.192136 -4.237647 -2.046239 11.229890 -0.373129 -0.754366 0.395798 2.233022 5.849852 10.877898 0.000000 0.000000 0.000000 3.176728 -3.226337 -18.763743 -4.574999 -2.035028 11.029058 1.545425 1.997632 11.481611 0.000000 0.000000 0.000000 3.421482 -2.391064 14.464525 -6.599696 0.768520 -29.320943 -2.813442 5.034190 34.428354 11.322601 7.131165 -30.087597 0.000000 0.000000 0.000000 -13.454462 -9.463374 -19.960731 -57.147243 9.012630 -11.392884 -5.928035 -32.231421 -3.721348 0.000000 0.000000 0.000000 26.788640 -16.441545 10.783699 63.774362 23.453008 6.191590 -9.721305 29.347420 0.490447 0.000000 0.000000 0.000000 
0.217620 0.972117 0.796417 178.329259 82.168364 176.109803 -4.966644 -1.788074 10.899969 0.304345 -0.703400 2.627131 2.007430 5.662580 10.597318 0.000000 0.000000 0.000000 3.624108 -2.734826 -18.130390 -5.011080 -1.273668 9.144138 1.733160 2.964984 13.648193 0.000000 0.000000 0.000000 3.490796 -2.465946 14.666274 -6.909068 0.684069 -29.574429 -2.992729 5.480294 34.400633 11.829455 6.676371 -29.361062 0.000000 0.000000 0.000000 -13.624395 -10.093400 -19.540735 -56.864434 8.090843 -10.749767 -5.159025 -32.433528 -3.975718 0.000000 0.000000 0.000000 27.764456 -16.080661 11.708321 63.109497 24.519913 5.812475 -10.796365 28.304666 0.202500 0.000000 0.000000 0.000000 
0.242305 0.970724 0.799431 177.081149 81.959150 174.880840 -5.091969 -1.867120 11.247360 0.673206 -0.851273 5.222169 1.330812 4.757841 9.854826 0.000000 0.000000 0.000000 3.676688 -2.346250 -16.918527 -4.594898 -1.469833 9.187824 1.092506 2.494542 14.437022 0.000000 0.000000 0.000000 3.634731 -2.482410 14.631653 -6.599523 0.669536 -29.779961 -3.065577 5.405667 34.493913 11.640022 6.803497 -29.547958 0.000000 0.000000 0.000000 -13.737409 -9.976406 -19.656766 -56.418585 8.088623 -10.602650 -6.535536 -32.864503 -3.591130 0.000000 0.000000 0.000000 28.187605 -16.800561 11.251999 62.177425 24.114890 5.170683 -11.043959 28.154797 0.223453 0.000000 0.000000 0.000000 
0.268995 0.970874 0.802608 178.392187 83.283101 176.793974 -4.489412 -1.371616 9.263701 -0.006328 -1.644636 10.401615 2.268616 5.305521 9.330036 0.000000 0.000000 0.000000 4.049139 -1.857813 -16.054817 -3.466417 -1.824794 9.249548 0.176270 1.682130 14.522294 0.000000 0.000000 0.000000 4.630881 -2.389505 13.801745 -6.414504 0.631623 -30.276788 -2.598703 5.809055 34.745101 12.037617 6.769101 -29.935537 0.000000 0.000000 0.000000 -13.789603 -9.586249 -19.590769 -57.153486 7.878452 -10.956651 -7.900323 -33.368830 -3.305680 0.000000 0.000000 0.000000 28.519411 -17.273160 10.683401 61.308040 24.097469 4.837080 -11.474721 27.110276 0.228234 0.000000 0.000000 0.000000 
0.296343 0.972517 0.805954 179.892771 84.552842 178.201828 -3.535374 -0.783931 5.984736 -1.763348 -3.645523 18.168852 1.314871 7.724479 13.180013 0.000000 0.000000 0.000000 4.180785 -1.307423 -14.530377 -2.790401 -2.266204 9.977878 0.521004 1.926194 13.652382 0.000000 0.000000 0.000000 5.284230 -2.365764 13.273062 -4.925600 1.034343 -29.643129 -3.529617 6.124628 34.597402 12.456772 6.523892 -30.453787 0.000000 0.000000 0.000000 -13.322139 -8.303987 -18.945216 -59.040699 6.927703 -11.808711 -8.791484 -32.906196 -3.080569 0.000000 0.000000 0.000000 28.451998 -17.419565 9.971731 60.559405 23.454173 4.473843 -12.113367 27.295327 0.221221 0.000000 0.000000 0.000000 
0.323638 0.974303 0.808737 -164.047417 85.765318 -165.787472 -0.916676 -0.433166 0.426695 -7.413022 -7.493785 29.627095 3.115932 12.369532 17.789512 0.000000 0.000000 0.000000 5.464562 -0.451903 -12.751596 -2.307001 -2.462592 10.110321 -0.424960 0.440170 12.458553 0.000000 0.000000 0.000000 6.715116 -2.531925 12.740988 -3.919112 1.211015 -29.531820 -2.898305 6.599561 34.154139 11.563299 6.697791 -29.720990 0.000000 0.000000 0.000000 -13.580259 -8.009008 -18.676356 -59.321856 6.874118 -12.002955 -10.101070 -33.500974 -2.704093 0.000000 0.000000 0.000000 26.948809 -17.167662 8.479473 59.947929 21.495560 4.262981 -11.863908 26.871262 0.256443 0.000000 0.000000 0.000000 
0.349968 0.975535 0.810239 -156.591238 86.673790 -158.932528 1.285716 -0.623446 -5.300411 -19.515471 -10.610952 41.722168 7.273140 18.857494 25.554616 0.000000 0.000000 0.000000 5.835544 0.114424 -9.675149 -1.904535 -2.453757 9.529300 -0.267187 0.101729 11.276903 0.000000 0.000000 0.000000 7.480827 -2.825106 13.016112 -3.283607 1.141514 -30.009105 -2.452516 7.234333 34.498131 10.976493 6.962781 -29.868408 0.000000 0.000000 0.000000 -13.838293 -7.165793 -19.197253 -60.009351 7.208595 -12.477867 -11.130387 -34.000152 -2.488427 0.000000 0.000000 0.000000 25.482962 -17.092843 7.268488 60.891210 19.728064 4.632902 -11.732278 26.966320 0.371620 0.000000 0.000000 0.000000 
0.375062 0.976317 0.810114 -156.976397 87.042080 -160.416215 3.248436 -1.193347 -9.487026 -29.345636 -11.189545 49.120603 13.371911 23.927200 29.167067 0.000000 0.000000 0.000000 5.941523 0.358231 -5.949955 -1.778684 -2.216084 8.439302 -0.206889 -0.199736 10.879647 0.000000 0.000000 0.000000 7.807851 -3.222804 13.924030 -3.068328 1.002943 -30.701079 -1.872987 7.655214 34.869513 11.391874 6.812074 -29.794657 0.000000 0.000000 0.000000 -14.096899 -7.200283 -19.367225 -60.146079 6.965239 -12.344526 -12.307833 -34.463083 -2.200702 0.000000 0.000000 0.000000 25.165642 -16.871544 7.097822 60.157680 19.409284 4.396211 -11.452157 26.611354 0.296277 0.000000 0.000000 0.000000 
0.398756 0.979670 0.808712 -169.960893 87.821888 -174.291289 4.105149 -1.707493 -12.469504 -33.409840 -10.629950 50.175927 20.205383 28.620667 28.874832 0.000000 0.000000 0.000000 5.422907 0.233100 -3.251277 -1.939506 -1.988988 7.911371 0.382481 0.835571 11.498058 0.000000 0.000000 0.000000 7.246282 -3.336925 14.716592 -3.091682 1.092101 -30.459192 -1.088513 8.218426 34.464054 12.010550 6.363125 -28.819390 0.000000 0.000000 0.000000 -14.382834 -8.124240 -19.215243 -60.189821 5.768535 -11.423262 -11.006035 -34.869444 -2.629827 0.000000 0.000000 0.000000 25.323022 -17.470717 6.633092 59.995601 18.362668 3.638894 -12.190992 27.180546 0.414029 0.000000 0.000000 0.000000 
0.421269 0.982646 0.805801 154.856118 88.368593 149.917810 4.568424 -2.281248 -15.260557 -32.678586 -10.188777 47.878568 22.876965 30.693383 26.078914 0.000000 0.000000 0.000000 4.106389 -0.137239 -0.992705 -1.854445 -1.859518 7.488677 1.109123 1.890552 11.681262 0.000000 0.000000 0.000000 6.600577 -3.300201 15.141744 -3.010938 1.107315 -30.481341 -0.668089 8.732806 34.233793 11.108149 6.727123 -28.840508 0.000000 0.000000 0.000000 -14.590382 -8.576460 -19.123183 -60.318777 5.158567 -10.957171 -10.216649 -35.252605 -2.902485 0.000000 0.000000 0.000000 24.780489 -17.571970 6.132583 60.531249 17.578949 3.669475 -12.163371 26.373204 0.421436 0.000000 0.000000 0.000000 
0.442540 0.984831 0.801758 109.699106 88.285164 104.241684 4.328913 -2.658426 -17.010974 -26.698068 -9.763713 42.932005 21.180624 29.119421 22.132965 0.000000 0.000000 0.000000 2.795690 -0.545657 0.794876 -2.024258 -1.808533 7.693248 2.759966 4.255555 12.049772 0.000000 0.000000 0.000000 6.035018 -3.414772 15.930778 -3.320737 1.139454 -30.394106 -0.173394 9.900841 33.794859 10.782908 6.792926 -28.549725 0.000000 0.000000 0.000000 -14.187230 -8.346024 -18.887788 -60.994403 4.098892 -10.792127 -9.845115 -35.986489 -3.214470 0.000000 0.000000 0.000000 24.567368 -18.340808 5.346519 60.699166 16.063264 3.132546 -10.862301 27.026992 0.696052 0.000000 0.000000 0.000000 
0.462897 0.985347 0.797087 98.996748 87.597123 93.317749 4.236075 -3.300506 -19.351467 -20.926340 -8.807037 37.209863 19.575302 27.094265 17.887746 0.000000 0.000000 0.000000 1.616899 -0.999775 2.602775 -1.809892 -1.553765 6.496010 3.160940 4.756188 12.132635 0.000000 0.000000 0.000000 5.578827 -3.580846 16.686511 -3.656015 0.914378 -31.189919 0.609082 10.839145 34.182543 9.415139 7.451626 -28.545597 0.000000 0.000000 0.000000 -14.620273 -9.235667 -19.335127 -60.256706 4.091050 -10.082456 -9.388866 -36.859606 -3.481682 0.000000 0.000000 0.000000 24.403605 -18.696971 5.110393 60.639968 15.497728 2.952290 -10.166216 26.980016 0.780618 0.000000 0.000000 0.000000 
0.482796 0.984740 0.792197 85.861647 87.195791 80.476126 4.109556 -3.715078 -20.698544 -14.753281 -6.752924 29.160981 16.937297 23.467379 14.308511 0.000000 0.000000 0.000000 0.571491 -1.393561 3.973495 -1.505261 -1.474603 5.873347 3.986880 5.805235 11.932375 0.000000 0.000000 0.000000 5.903774 -3.757787 16.953801 -4.168869 0.795857 -31.486119 0.561414 11.950434 33.771903 9.012375 7.676779 -29.100144 0.000000 0.000000 0.000000 -14.468784 -9.350185 -19.240057 -60.579110 3.778073 -10.057377 -8.305298 -37.562469 -4.027592 0.000000 0.000000 0.000000 24.462012 -18.858801 5.042837 60.205714 14.724257 2.480440 -8.638495 26.775097 0.917774 0.000000 0.000000 0.000000 
0.502688 0.983166 0.787388 78.973870 86.810022 73.699236 3.927109 -4.019886 -21.615815 -10.242624 -4.353819 20.441937 12.584187 18.962953 12.889660 0.000000 0.000000 0.000000 0.110334 -1.769805 5.709608 -1.544273 -1.265187 5.149875 4.228479 5.801703 10.619862 0.000000 0.000000 0.000000 5.331925 -3.759329 17.381637 -4.049127 0.618493 -32.135388 1.132579 12.880862 34.041406 8.855308 7.875239 -29.500933 0.000000 0.000000 0.000000 -14.487237 -10.381496 -19.104207 -59.947637 3.362159 -9.428491 -8.312480 -37.237799 -3.976383 0.000000 0.000000 0.000000 24.857860 -19.419420 4.905253 59.829917 14.274475 2.027877 -7.533470 26.974921 1.078789 0.000000 0.000000 0.000000 
0.523033 0.981469 0.782859 89.776647 86.819959 84.207988 2.103261 -3.938496 -21.321292 -6.177041 -2.473377 12.286555 7.967369 14.948393 13.450336 0.000000 0.000000 0.000000 0.269870 -2.288122 8.110452 -2.044515 -0.911236 4.082983 4.068610 5.040957 9.457175 0.000000 0.000000 0.000000 4.928916 -3.853624 17.800359 -4.326864 0.652918 -31.722695 0.872666 12.546584 33.686784 9.494443 7.681734 -29.746068 0.000000 0.000000 0.000000 -14.360640 -10.682563 -19.083842 -60.378446 2.628516 -9.144523 -5.810137 -36.389326 -4.748543 0.000000 0.000000 0.000000 24.484302 -19.737708 4.512781 61.314513 13.591700 2.436819 -8.258441 26.829930 1.035692 0.000000 0.000000 0.000000 
0.543668 0.979030 0.778325 73.909376 86.497386 68.424763 0.146104 -3.625451 -20.331257 -3.301455 -1.336159 5.751236 4.352235 12.378851 13.849695 0.000000 0.000000 0.000000 -0.411110 -2.845335 9.998603 -2.176184 -0.672080 3.318924 4.660141 5.873214 8.762803 0.000000 0.000000 0.000000 3.945182 -3.835928 18.459854 -4.640480 0.345523 -32.747264 1.469642 13.280557 34.334961 10.130449 7.706582 -30.963775 0.000000 0.000000 0.000000 -13.305145 -11.001042 -17.849242 -61.049811 0.884447 -9.168447 -4.318458 -34.564810 -4.954025 0.000000 0.000000 0.000000 25.692846 -19.795155 5.290693 61.455706 14.792592 2.322400 -9.740176 27.584573 0.927606 0.000000 0.000000 0.000000 
0.564923 0.975751 0.773490 48.295606 86.480588 43.625090 -0.436150 -3.528495 -19.982343 -1.991777 -1.003675 3.826414 3.307188 11.880783 14.004715 0.000000 0.000000 0.000000 -0.463525 -2.801562 10.000803 -1.843252 -0.824782 3.851290 4.921678 5.892596 6.985175 0.000000 0.000000 0.000000 3.504971 -3.633735 18.298263 -3.622439 0.437922 -32.718954 0.786594 14.042496 34.167601 10.430728 7.588444 -31.368137 0.000000 0.000000 0.000000 -12.998910 -11.157225 -17.294015 -61.081778 0.482659 -9.111017 -3.337047 -33.944709 -5.131465 0.000000 0.000000 0.000000 26.627494 -19.840112 5.872139 61.116981 15.804297 2.142620 -10.677405 27.837917 0.876513 0.000000 0.000000 0.000000 
0.587298 0.971645 0.768038 30.075477 85.389919 26.580849 -0.796454 -3.236868 -19.159209 -1.605777 -0.888782 3.283630 2.476839 12.179420 15.160735 0.000000 0.000000 0.000000 -0.724968 -2.809329 10.154823 -2.222265 -0.665398 3.999108 5.694040 7.191365 6.377507 0.000000 0.000000 0.000000 2.817581 -3.335493 18.003446 -3.623494 0.299817 -33.185030 0.914498 14.634054 34.092613 10.813310 7.457515 -32.040480 0.000000 0.000000 0.000000 -12.549739 -10.697188 -16.791803 -61.024977 -0.197241 -9.038298 -2.525245 -33.118177 -5.194168 0.000000 0.000000 0.000000 27.071618 -19.478689 6.431299 61.246201 16.951927 2.359439 -10.539796 28.032363 0.884548 0.000000 0.000000 0.000000 
0.610906 0.968812 0.762125 18.493122 84.191813 15.796086 -0.633954 -3.183668 -19.075192 -1.652402 -0.929030 4.783988 1.995399 13.157390 16.955490 0.000000 0.000000 0.000000 -1.146092 -2.758315 9.967539 -2.311834 -0.826086 5.403864 6.286662 8.247624 5.597546 0.000000 0.000000 0.000000 2.330994 -2.952308 17.269983 -3.304153 0.270960 -33.337390 0.944792 15.709132 34.303291 11.740013 7.168633 -32.893824 0.000000 0.000000 0.000000 -12.324191 -10.295788 -16.806780 -61.097389 0.631457 -9.573599 -2.247745 -33.317540 -5.301065 0.000000 0.000000 0.000000 26.915507 -19.074202 6.815438 62.138884 18.011974 3.259521 -11.215292 28.570509 0.820214 0.000000 0.000000 0.000000 
0.636300 0.968589 0.755650 16.835676 83.067450 14.846833 -1.545736 -3.110214 -18.713114 -1.355295 -0.978749 6.083988 0.445180 12.786730 17.848162 0.000000 0.000000 0.000000 -1.943134 -2.702660 9.475928 -2.615264 -1.185154 7.805370 6.093266 8.382340 6.140437 0.000000 0.000000 0.000000 1.535131 -2.571531 16.626321 -3.678645 0.196391 -33.536359 0.865346 16.422939 33.997021 12.642513 6.631575 -32.237056 0.000000 0.000000 0.000000 -11.916737 -9.804752 -16.455427 -60.514093 1.234819 -9.931028 -3.262584 -33.427044 -4.986443 0.000000 0.000000 0.000000 27.406799 -18.857734 7.423691 62.284843 19.240133 3.600459 -11.253818 29.385502 0.833243 0.000000 0.000000 0.000000 
0.663529 0.969980 0.748731 14.368721 82.513485 12.768241 -2.364886 -2.771481 -17.579037 -0.853310 -1.081479 7.396643 -0.731160 11.690973 17.457371 0.000000 0.000000 0.000000 -2.727493 -2.656929 8.802830 -2.564388 -2.030139 11.039427 6.417421 9.235891 6.887328 0.000000 0.000000 0.000000 1.162339 -2.278197 15.878847 -4.115844 0.039394 -33.942377 1.206635 17.063759 34.580985 12.673660 6.671039 -32.243675 0.000000 0.000000 0.000000 -11.549452 -9.211380 -16.486951 -60.377018 1.998636 -10.579058 -3.854972 -33.022649 -4.705269 0.000000 0.000000 0.000000 26.801579 -18.380845 7.678590 63.362275 20.895935 5.223933 -11.231387 30.062022 0.802806 0.000000 0.000000 0.000000 
0.691952 0.973593 0.741380 12.398683 81.875362 11.068143 -3.201378 -2.455299 -16.414073 -0.254550 -1.109728 7.904730 -2.287086 10.583459 17.635546 0.000000 0.000000 0.000000 -3.142557 -2.298204 6.744565 -3.442195 -3.876102 17.360990 6.061058 9.445016 8.782902 0.000000 0.000000 0.000000 0.610242 -2.093713 15.530604 -4.386321 -0.162713 -34.484641 1.641752 17.871450 34.751365 13.522627 6.258443 -31.740666 0.000000 0.000000 0.000000 -11.450144 -8.432791 -16.773482 -60.244222 3.853747 -11.644289 -5.653428 -34.174320 -4.354749 0.000000 0.000000 0.000000 26.157867 -18.238909 7.510333 64.991197 21.548892 6.701782 -11.762324 30.788136 0.770788 0.000000 0.000000 0.000000 
0.721597 0.976483 0.733835 14.416781 82.189899 12.654543 -4.263293 -1.769410 -13.848663 -0.568057 -1.109682 7.754153 -2.422083 10.211333 17.483894 0.000000 0.000000 0.000000 -4.023172 -2.157228 4.302351 -5.587561 -6.505472 24.864723 6.080846 10.066692 12.351579 0.000000 0.000000 0.000000 0.434455 -2.140412 15.756948 -4.958779 -0.288657 -34.709722 1.293450 17.973669 34.841422 14.176562 5.864244 -31.209153 0.000000 0.000000 0.000000 -10.936494 -8.303636 -16.354941 -59.665236 3.844156 -11.707264 -6.564477 -33.058450 -3.896078 0.000000 0.000000 0.000000 26.307898 -17.657748 8.318350 65.404704 23.518467 7.808256 -11.646471 30.932189 0.689156 0.000000 0.000000 0.000000 
0.751163 0.979053 0.726530 16.705754 83.469989 13.991160 -5.153884 -1.106813 -11.014858 -0.362888 -1.110933 7.651828 -3.658104 8.670741 17.068386 0.000000 0.000000 0.000000 -3.009694 -1.761106 2.294195 -11.646880 -8.816389 33.498459 8.871663 13.759744 15.963074 0.000000 0.000000 0.000000 -0.406521 -2.077841 15.783054 -4.651185 -0.157641 -34.172435 0.997270 17.284337 35.519496 13.924924 6.182124 -31.730630 0.000000 0.000000 0.000000 -11.448277 -8.723520 -17.165010 -58.285063 4.862283 -11.087526 -6.563167 -32.598554 -3.779532 0.000000 0.000000 0.000000 25.607304 -17.107368 8.724643 66.671540 24.532485 9.207539 -11.595893 30.923603 0.592554 0.000000 0.000000 0.000000 
0.779583 0.980306 0.719792 17.878039 84.844322 13.651200 -5.736840 -0.483614 -7.617766 -0.008468 -1.089154 7.472909 -3.943887 8.361617 17.348961 0.000000 0.000000 0.000000 -1.875120 -1.315047 -1.629624 -19.989607 -11.719703 44.549721 11.605254 17.044935 16.555512 0.000000 0.000000 0.000000 -1.074597 -2.363946 16.947767 -3.709445 -0.180062 -34.504197 0.050757 16.400725 35.983151 14.232252 5.960155 -31.453929 0.000000 0.000000 0.000000 -11.478545 -8.634017 -17.308102 -57.586076 4.884295 -10.570729 -6.799522 -32.584778 -3.717462 0.000000 0.000000 0.000000 25.224123 -17.087795 8.515461 66.905879 24.875383 9.663278 -10.376913 31.034110 0.785172 0.000000 0.000000 0.000000 
0.806327 0.981144 0.714100 18.897232 86.113302 13.401649 -6.267107 -0.089631 -4.265410 0.393878 -0.970050 6.600119 -3.400073 8.311678 17.038718 0.000000 0.000000 0.000000 -0.795702 -1.157178 -6.103376 -27.004426 -12.994178 52.617330 12.530886 18.830107 13.811452 0.000000 0.000000 0.000000 -1.096825 -2.542905 17.478338 -3.916779 -0.012175 -33.930358 -0.156258 15.127409 36.693978 13.647642 6.386005 -31.899542 0.000000 0.000000 0.000000 -12.052596 -9.802017 -17.726408 -56.842876 5.081420 -9.706934 -5.479164 -32.458659 -4.045619 0.000000 0.000000 0.000000 23.959866 -16.190290 8.554700 67.857612 24.504461 10.316804 -10.526017 31.334509 0.707470 0.000000 0.000000 0.000000 
0.832236 0.981825 0.709471 16.367056 87.474484 10.152888 -6.379132 0.052051 -1.777596 0.956891 -0.963596 6.676352 -2.864823 7.840706 16.058528 0.000000 0.000000 0.000000 0.487136 -1.138718 -9.521865 -29.343429 -13.509246 55.535252 11.996626 18.989545 10.264230 0.000000 0.000000 0.000000 -0.736741 -2.884427 18.338092 -3.735238 0.025476 -33.983907 -1.031349 14.104967 36.174582 13.875183 5.996908 -30.944072 0.000000 0.000000 0.000000 -12.617933 -11.153322 -17.467210 -56.468155 5.198364 -9.195004 -3.892339 -33.164238 -4.610140 0.000000 0.000000 0.000000 23.729716 -15.607837 8.733633 67.956311 23.835604 9.902932 -10.205617 31.273293 0.684963 0.000000 0.000000 0.000000 
0.858284 0.982656 0.705401 12.128329 88.590803 5.297640 -6.833236 0.051201 1.283046 1.543202 -0.847770 5.936335 -1.973804 7.198293 14.421705 0.000000 0.000000 0.000000 1.566494 -1.305144 -12.438331 -24.506015 -13.293244 50.370618 9.232601 14.963257 7.139570 0.000000 0.000000 0.000000 -0.221698 -3.111744 18.779831 -3.954044 0.198845 -33.581296 -1.519609 12.671564 36.251146 13.775737 5.998310 -30.925585 0.000000 0.000000 0.000000 -13.014258 -11.280759 -17.532071 -56.182348 4.279038 -8.431086 -3.811219 -32.781838 -4.489416 0.000000 0.000000 0.000000 24.231476 -15.081112 9.395197 67.070777 24.282060 9.156229 -9.351165 31.335673 0.798260 0.000000 0.000000 0.000000 
0.885127 0.981773 0.701965 -42.027984 89.661218 -48.890397 -6.712838 -0.136054 4.121925 1.818465 -0.713979 4.877457 -1.845170 6.531707 13.637742 0.000000 0.000000 0.000000 2.821396 -1.404185 -14.603490 -16.726373 -11.387530 40.476128 5.811223 9.105808 6.455159 0.000000 0.000000 0.000000 0.196287 -3.243519 18.927177 -3.929685 -0.000119 -34.174743 -1.672242 11.386191 37.094277 13.094011 6.462511 -31.574153 0.000000 0.000000 0.000000 -12.895139 -11.055234 -17.517953 -56.430417 3.794443 -8.410482 -4.456227 -33.310823 -4.387674 0.000000 0.000000 0.000000 24.822705 -15.250317 9.614075 66.010907 24.167026 8.167609 -8.156189 30.801624 0.934684 0.000000 0.000000 0.000000 
0.912833 0.979575 0.698959 -98.942611 89.648712 -106.123076 -6.781688 -0.405145 6.514080 1.802175 -0.625504 4.085960 -1.180660 5.979339 12.224910 0.000000 0.000000 0.000000 3.535392 -1.305447 -15.017912 -9.754801 -7.158342 27.995023 4.314997 5.989797 7.120656 0.000000 0.000000 0.000000 0.604662 -3.310547 18.944142 -4.038418 0.116850 -33.839517 -2.128813 10.747205 37.030419 12.811426 6.460639 -31.341378 0.000000 0.000000 0.000000 -11.931358 -10.083225 -16.797420 -57.361747 2.534738 -8.696135 -5.680202 -33.529504 -4.137457 0.000000 0.000000 0.000000 24.847872 -15.669762 9.153693 65.676520 22.450948 6.994839 -7.039136 31.785786 1.378206 0.000000 0.000000 0.000000 
0.941640 0.974966 0.696532 -108.257152 89.674422 -114.825199 -6.990447 -0.659946 8.377416 1.893386 -0.546293 3.334184 -1.222813 4.829741 10.713741 0.000000 0.000000 0.000000 4.310971 -1.086607 -15.129858 -5.440110 -2.829650 15.496279 3.373736 4.900741 10.492767 0.000000 0.000000 0.000000 1.189085 -3.176096 18.358522 -3.913594 0.159685 -33.764227 -2.265195 10.750877 36.725240 12.975103 6.193540 -30.367985 0.000000 0.000000 0.000000 -11.198259 -11.441972 -15.529109 -58.078228 2.236329 -9.215880 -6.738726 -34.879091 -4.188496 0.000000 0.000000 0.000000 25.665152 -15.860770 9.554498 64.911892 21.728593 5.870748 -7.772489 30.318804 0.987078 0.000000 0.000000 0.000000 
0.971931 0.969747 0.694760 168.704057 88.676479 162.376640 -7.716189 -0.856666 9.550252 2.336681 -0.638009 4.499770 -1.196700 4.049188 9.810411 0.000000 0.000000 0.000000 4.169622 -1.075818 -14.514939 -4.350797 -0.873372 7.830936 5.055412 7.209740 14.375277 0.000000 0.000000 0.000000 1.247117 -3.164291 18.250932 -4.714239 -0.147890 -34.353317 -2.005548 10.149965 37.110920 13.631139 5.816547 -29.577766 0.000000 0.000000 0.000000 -10.987382 -11.575317 -15.588155 -58.871397 1.831310 -9.459894 -6.558846 -34.607515 -4.239430 0.000000 0.000000 0.000000 27.420183 -16.173487 10.814661 63.999311 21.949517 4.466721 -8.497244 29.669229 0.805600 0.000000 0.000000 0.000000 
1.004317 0.964618 0.694193 162.365795 86.885536 156.242747 -8.236322 -1.017768 10.257276 2.281436 -0.975511 7.085595 -1.137982 2.688772 8.187297 0.000000 0.000000 0.000000 4.053973 -1.020558 -13.595034 -4.875194 -0.694237 7.315616 6.020129 8.041144 15.180218 0.000000 0.000000 0.000000 1.384570 -3.012729 17.688505 -4.615367 -0.035850 -33.925767 -2.692970 9.762422 36.491869 13.165653 5.688670 -28.145366 0.000000 0.000000 0.000000 -11.037357 -12.004668 -15.800728 -58.840981 2.565671 -9.801478 -8.989008 -34.039482 -3.491317 0.000000 0.000000 0.000000 28.251289 -17.187511 10.770613 63.965012 21.134998 3.862124 -9.468875 28.600705 0.579851 0.000000 0.000000 0.000000 
1.038634 0.962259 0.694820 173.390377 85.237778 167.530427 -7.328831 -1.085111 9.794090 2.260418 -1.826128 11.383017 0.175621 2.371741 6.728876 0.000000 0.000000 0.000000 4.145852 -0.953928 -12.869186 -4.699967 -1.095585 8.243150 5.747322 7.910021 17.250492 0.000000 0.000000 0.000000 2.529639 -2.865400 16.641234 -5.100591 0.069928 -33.387193 -2.510365 8.464361 36.679912 12.572201 6.079864 -28.111348 0.000000 0.000000 0.000000 -11.857652 -11.622058 -17.143123 -58.972258 4.013532 -10.212439 -10.687284 -33.767037 -2.949991 0.000000 0.000000 0.000000 28.663773 -17.376885 11.041969 63.620918 21.034015 3.525690 -10.147793 27.731853 0.454988 0.000000 0.000000 0.000000 
1.073612 0.963236 0.696576 174.932153 84.850596 169.697722 -6.717285 -0.796554 8.004037 2.090076 -3.510868 17.128039 0.060430 3.450359 8.033225 0.000000 0.000000 0.000000 4.189262 -0.824841 -12.224260 -3.716468 -2.006221 10.080021 5.017104 7.199721 16.186179 0.000000 0.000000 0.000000 3.194578 -2.497470 15.200233 -4.372183 0.390600 -32.718099 -3.279243 7.857516 36.268436 12.065148 6.076917 -27.530953 0.000000 0.000000 0.000000 -12.520612 -10.263628 -18.187105 -58.967306 5.928371 -11.051073 -12.744415 -32.821358 -2.237849 0.000000 0.000000 0.000000 28.587143 -17.369395 10.843301 63.442535 21.227775 3.858350 -10.120577 26.569020 0.329734 0.000000 0.000000 0.000000 
1.107051 0.965802 0.698716 -169.450073 85.016232 -174.256581 -4.173524 -0.285675 2.896637 -1.322534 -7.870875 28.376722 0.781509 5.812150 9.522105 0.000000 0.000000 0.000000 5.584535 -0.221201 -11.082408 -3.320942 -2.604435 11.309378 4.607285 6.808439 15.005527 0.000000 0.000000 0.000000 4.896367 -2.541009 14.264783 -4.065919 0.630059 -32.141730 -2.636981 7.469929 35.357119 10.135511 6.718694 -26.695454 0.000000 0.000000 0.000000 -13.482992 -9.105110 -19.179155 -58.836697 8.470717 -12.089854 -13.848848 -33.624606 -1.834445 0.000000 0.000000 0.000000 27.495570 -17.340937 9.516572 62.716429 19.448821 3.543261 -10.135483 27.236089 0.447651 0.000000 0.000000 0.000000 
1.138100 0.967363 0.700404 -162.765828 84.925709 -168.014647 -1.961483 -0.215135 -3.668640 -12.866495 -13.267166 44.054394 3.876607 13.230418 15.276621 0.000000 0.000000 0.000000 6.190659 0.241030 -8.113942 -2.563810 -3.019017 11.324018 4.082159 5.598363 12.176614 0.000000 0.000000 0.000000 5.873236 -2.852043 14.436442 -3.514883 0.621945 -32.292788 -2.330906 8.196060 35.189962 8.485880 7.425903 -27.007085 0.000000 0.000000 0.000000 -14.105763 -7.726781 -20.606972 -58.319040 10.698521 -12.848546 -16.353216 -32.956046 -1.086836 0.000000 0.000000 0.000000 24.680460 -16.529769 8.206994 64.714463 18.534129 5.781886 -10.277149 27.902974 0.347713 0.000000 0.000000 0.000000 
1.166232 0.967569 0.700690 -159.089649 84.872903 -165.562067 -0.148893 -0.799063 -9.308155 -25.329090 -14.894834 55.992458 10.504966 21.772871 23.026360 0.000000 0.000000 0.000000 6.844789 0.443434 -4.299049 -2.183758 -3.192050 11.035664 3.964284 4.802726 10.245616 0.000000 0.000000 0.000000 6.150531 -3.373710 15.655780 -3.198112 0.705727 -32.196631 -1.876721 9.040905 34.997242 9.769131 6.785148 -26.161491 0.000000 0.000000 0.000000 -13.892599 -7.279765 -20.600684 -59.087005 11.429523 -13.796458 -17.227124 -32.938522 -0.917276 0.000000 0.000000 0.000000 24.617538 -16.162612 8.522184 63.413769 20.243562 6.226761 -10.372744 27.951943 0.231866 0.000000 0.000000 0.000000 
1.191782 0.968655 0.699808 -160.359199 85.765819 -167.391621 0.258563 -1.626058 -13.683085 -30.948244 -14.221621 59.653402 16.838158 27.426624 26.307305 0.000000 0.000000 0.000000 6.828121 0.295810 -1.578124 -2.611076 -2.701498 10.233439 3.851451 4.402537 9.525775 0.000000 0.000000 0.000000 5.640668 -3.462868 16.278503 -3.128666 0.877288 -31.649229 -1.079541 9.678629 34.542979 9.919157 6.748988 -26.095053 0.000000 0.000000 0.000000 -14.632599 -7.795173 -21.171564 -58.978328 12.140549 -13.572310 -16.515860 -33.466702 -1.051296 0.000000 0.000000 0.000000 24.100762 -15.837062 8.452056 62.784489 20.991970 6.502540 -11.058582 29.509230 0.278220 0.000000 0.000000 0.000000 
1.214975 0.970334 0.697806 -162.660924 87.336981 -169.838754 0.818924 -2.468140 -16.847095 -30.242917 -13.313195 56.877312 18.607991 29.136177 26.249492 0.000000 0.000000 0.000000 6.058107 -0.029550 0.552067 -2.139629 -2.518752 9.478736 3.921261 4.490963 8.924666 0.000000 0.000000 0.000000 5.415204 -3.506328 16.587811 -3.064084 1.098182 -30.955900 -1.109562 10.416828 33.803038 10.576555 6.063371 -25.112848 0.000000 0.000000 0.000000 -15.252280 -7.956088 -21.154382 -58.598551 13.073756 -13.599182 -15.602748 -34.532086 -1.235323 0.000000 0.000000 0.000000 23.424193 -14.760819 8.618857 62.873551 22.600575 7.707497 -12.171398 29.269084 -0.021587 0.000000 0.000000 0.000000 
1.236329 0.971954 0.694904 173.837764 88.684579 166.717513 0.052354 -3.020724 -18.607992 -21.938584 -12.636803 48.513792 15.913490 26.724818 22.881853 0.000000 0.000000 0.000000 4.337810 -0.522991 2.324389 -1.407604 -2.709462 9.419477 4.745629 5.616086 8.527692 0.000000 0.000000 0.000000 5.020660 -3.530849 16.989836 -3.882455 1.120168 -30.782368 -0.393368 10.936683 33.620739 10.927895 5.943390 -25.239563 0.000000 0.000000 0.000000 -15.627756 -8.516598 -21.023226 -58.889944 12.915331 -13.380818 -13.550594 -35.569098 -1.828509 0.000000 0.000000 0.000000 23.426397 -14.486231 8.677999 62.354573 23.792246 8.040216 -13.187971 29.738107 -0.141745 0.000000 0.000000 0.000000 
1.256751 0.972799 0.690967 89.600275 89.118719 83.108907 -0.244109 -3.080676 -18.805586 -12.595794 -9.429652 35.965333 11.639568 21.721434 18.708151 0.000000 0.000000 0.000000 2.877696 -0.947685 3.671031 -0.772470 -2.720753 8.970358 5.999174 7.499505 8.576744 0.000000 0.000000 0.000000 4.562522 -3.514473 17.286496 -3.678008 1.141367 -30.746132 -0.164433 11.889652 33.102130 10.059634 6.104231 -24.660833 0.000000 0.000000 0.000000 -15.948561 -9.571595 -20.795852 -58.759941 12.742896 -12.936799 -12.396749 -36.172416 -2.247849 0.000000 0.000000 0.000000 23.355840 -14.226963 8.805504 62.376476 24.813138 8.692806 -14.623754 29.882434 -0.373975 0.000000 0.000000 0.000000 
1.277188 0.972271 0.685887 39.218518 88.638669 33.313646 -0.280674 -3.041595 -18.711276 -5.158973 -5.224229 23.325284 4.783087 15.281765 16.910233 0.000000 0.000000 0.000000 2.076550 -1.199231 4.473458 -0.340074 -2.997315 9.510191 7.067933 9.012745 7.905732 0.000000 0.000000 0.000000 4.386705 -3.454604 17.267682 -2.700802 1.358794 -29.954970 -1.102850 11.914208 32.563634 10.544153 6.019007 -25.634292 0.000000 0.000000 0.000000 -15.681223 -9.338053 -19.960269 -60.034816 10.782937 -12.648094 -9.816752 -36.413120 -3.125186 0.000000 0.000000 0.000000 23.642424 -13.765816 9.055949 62.271643 25.286986 8.677209 -16.155837 30.816347 -0.544223 0.000000 0.000000 0.000000 
1.298931 0.970238 0.679998 34.754958 88.113427 28.691831 -0.727469 -2.528413 -17.020826 -2.235204 -2.303474 13.133346 -1.080642 10.967927 17.819030 0.000000 0.000000 0.000000 0.845539 -1.827578 6.609592 -0.161478 -2.834047 8.919271 8.178753 10.435631 7.488128 0.000000 0.000000 0.000000 4.605909 -3.584895 17.513832 -3.154008 1.433363 -29.491604 -0.781548 12.040237 33.484396 10.829547 5.809937 -25.237339 0.000000 0.000000 0.000000 -15.795370 -11.038191 -19.481304 -60.736953 9.316092 -11.970476 -7.135701 -36.549402 -4.123648 0.000000 0.000000 0.000000 23.865646 -13.254212 9.618344 62.726188 26.207715 9.203145 -17.243455 30.913784 -0.784261 0.000000 0.000000 0.000000 
1.322463 0.968060 0.672928 18.464584 86.598430 12.732747 -1.219009 -2.190169 -15.808976 -1.631768 -1.470799 9.151386 -2.994212 10.612083 19.443292 0.000000 0.000000 0.000000 0.263131 -2.014566 7.267590 -0.990889 -2.644641 9.863384 9.790329 12.917495 7.780490 0.000000 0.000000 0.000000 3.948261 -3.374205 17.499405 -2.647799 1.320730 -30.072616 -0.420029 13.183228 34.119518 11.400254 5.438626 -24.877714 0.000000 0.000000 0.000000 -15.652213 -11.504225 -19.098360 -61.313717 8.271040 -11.761362 -4.810624 -35.171561 -4.637883 0.000000 0.000000 0.000000 25.656347 -13.512862 10.701789 61.110988 26.789634 7.682083 -17.916864 32.692401 -0.861349 0.000000 0.000000 0.000000 
1.348147 0.965528 0.664904 15.278326 85.284569 9.872090 -2.118073 -2.001598 -14.992151 -1.236205 -1.386530 8.952268 -3.178054 11.299187 20.632165 0.000000 0.000000 0.000000 -0.824738 -2.200314 7.493615 -1.000229 -3.205184 11.890051 10.200187 13.717029 6.485305 0.000000 0.000000 0.000000 3.854286 -2.859896 16.246244 -2.406831 1.598653 -28.858222 -1.043684 13.780909 34.037806 12.123046 4.925754 -24.654427 0.000000 0.000000 0.000000 -14.844252 -11.686900 -17.988486 -61.722095 6.078130 -11.296252 -3.742840 -34.193504 -4.844413 0.000000 0.000000 0.000000 27.444961 -13.768588 11.732522 60.499096 27.386716 6.727387 -18.903653 32.962323 -0.947996 0.000000 0.000000 0.000000 
1.374593 0.964634 0.655580 17.276831 84.596456 12.523799 -3.040005 -1.575466 -13.286944 -1.228828 -1.337390 8.752659 -0.681769 12.130825 19.029391 0.000000 0.000000 0.000000 -2.289030 -2.232067 6.413468 -1.932928 -4.190264 15.714969 10.021352 13.731103 6.813182 0.000000 0.000000 0.000000 3.403922 -2.456670 15.320033 -2.502704 1.548650 -29.066993 -1.175244 13.572755 34.219847 11.910263 4.644952 -23.715869 0.000000 0.000000 0.000000 -14.787693 -11.479611 -17.848524 -61.717040 6.000223 -11.302267 -3.562608 -33.668567 -4.733552 0.000000 0.000000 0.000000 28.237983 -14.008722 11.913963 60.901160 26.478635 5.890918 -17.393507 33.273182 -0.646147 0.000000 0.000000 0.000000 
1.400181 0.965454 0.645466 23.677880 84.868657 19.092289 -4.137376 -1.344932 -12.197224 -1.572655 -1.533942 9.818761 -0.729389 11.464719 17.926599 0.000000 0.000000 0.000000 -2.897877 -2.070782 4.467657 -3.793218 -6.125560 21.533124 9.966165 13.990874 9.212497 0.000000 0.000000 0.000000 2.363171 -2.334393 15.459260 -1.538200 1.471766 -29.264610 -1.834661 13.984062 33.840655 11.913011 4.597803 -23.806840 0.000000 0.000000 0.000000 -14.623291 -11.444907 -17.943161 -60.920916 5.817196 -10.825663 -4.227927 -33.168398 -4.435740 0.000000 0.000000 0.000000 29.237129 -14.739188 12.222419 61.138981 25.599373 4.935110 -17.787338 33.629907 -0.552200 0.000000 0.000000 0.000000 
1.423441 0.967769 0.635368 30.951673 85.517475 26.354876 -5.077436 -1.005326 -10.570250 -1.717232 -1.608405 10.115540 -0.616697 11.024938 17.287729 0.000000 0.000000 0.000000 -3.239781 -1.907164 1.586815 -7.599888 -8.480851 28.763224 10.909022 15.259387 13.447591 0.000000 0.000000 0.000000 1.596594 -2.238417 15.497873 -0.897894 1.402586 -29.445468 -2.308824 13.983905 33.979419 11.884517 4.591959 -23.757308 0.000000 0.000000 0.000000 -15.127131 -11.484643 -18.950262 -59.674063 6.364676 -9.995273 -3.820192 -32.504585 -4.442019 0.000000 0.000000 0.000000 29.527949 -14.935846 12.616547 61.200685 25.750873 4.793929 -15.673560 33.480912 -0.225075 0.000000 0.000000 0.000000 
1.444421 0.970143 0.626331 39.865965 86.864577 34.734722 -5.392749 -0.667911 -8.845301 -1.788171 -1.619584 9.994708 -1.369188 9.897816 16.735300 0.000000 0.000000 0.000000 -2.723720 -1.711193 -1.515877 -13.964424 -11.228429 37.813549 13.015684 17.684227 15.065564 0.000000 0.000000 0.000000 1.415532 -2.357605 15.902888 -0.923599 1.641700 -28.195306 -2.578067 12.920552 33.143328 11.261884 5.146281 -24.688974 0.000000 0.000000 0.000000 -14.549825 -12.655190 -17.975169 -59.390621 5.908423 -9.609947 -3.686225 -32.204152 -4.486685 0.000000 0.000000 0.000000 28.733401 -14.826695 12.052258 61.923657 24.631291 4.890610 -13.019415 33.614946 0.227877 0.000000 0.000000 0.000000 
1.463287 0.972432 0.618943 99.075733 88.482803 93.885638 -5.889815 -0.370421 -7.008091 -1.019234 -1.579014 9.601570 -2.485432 7.954944 15.704533 0.000000 0.000000 0.000000 -1.952668 -1.676254 -4.900641 -19.840148 -13.132931 44.473404 13.742600 19.291677 10.258332 0.000000 0.000000 0.000000 1.804407 -2.477055 15.962094 -0.698329 1.592025 -28.442972 -3.099647 10.693976 33.675505 9.761088 5.983933 -25.057231 0.000000 0.000000 0.000000 -14.333230 -12.132376 -18.132674 -59.477046 5.853132 -9.762360 -4.607884 -32.967292 -4.357759 0.000000 0.000000 0.000000 27.557750 -14.311191 11.850480 62.124068 23.806680 4.960028 -10.903314 34.315808 0.648328 0.000000 0.000000 0.000000 
1.480625 0.973976 0.612687 154.496019 86.453757 149.184459 -6.811253 -0.125432 -4.834305 -0.560972 -1.450994 8.519355 -2.710341 6.871750 15.080357 0.000000 0.000000 0.000000 -0.809043 -1.679119 -7.577415 -24.446679 -13.372261 47.022684 14.817614 20.893123 6.358915 0.000000 0.000000 0.000000 1.724573 -2.557248 16.157954 -0.963289 1.616039 -28.533260 -3.098211 9.437091 33.946351 10.334185 5.933783 -25.270088 0.000000 0.000000 0.000000 -13.607626 -12.552790 -18.092133 -59.380697 4.997331 -9.467209 -4.266771 -32.290980 -4.488828 0.000000 0.000000 0.000000 28.436177 -15.197146 12.237270 62.004039 24.119856 4.673875 -10.091353 35.571075 1.003948 0.000000 0.000000 0.000000 
1.496841 0.975015 0.607872 168.091934 84.180082 162.799464 -6.929193 -0.012201 -3.355666 -0.161213 -1.451862 8.340214 -3.398056 5.366975 14.297803 0.000000 0.000000 0.000000 -0.049887 -1.800115 -9.312413 -24.936667 -13.122638 45.780632 14.644259 20.116133 4.020556 0.000000 0.000000 0.000000 2.465849 -2.675236 16.030264 -1.312166 1.848459 -27.194577 -3.325499 8.686982 33.057890 9.429334 6.292959 -25.152280 0.000000 0.000000 0.000000 -12.870120 -13.159245 -17.512465 -59.598877 3.969745 -9.410105 -3.528083 -32.316260 -4.863194 0.000000 0.000000 0.000000 28.515272 -15.599175 12.261600 62.713287 23.903476 4.951208 -11.053654 36.501352 0.973965 0.000000 0.000000 0.000000 
1.512272 0.975350 0.604224 173.114679 81.064365 167.477961 -7.126210 0.019941 -2.506281 0.673593 -1.638202 9.257722 -4.878775 2.471403 12.815063 0.000000 0.000000 0.000000 0.358187 -2.203012 -11.030005 -22.431087 -12.255812 41.241637 16.271467 19.920311 3.790719 0.000000 0.000000 0.000000 3.258550 -3.176298 16.876251 -2.136822 1.722481 -27.889271 -3.226337 8.011361 33.957207 10.000617 6.449045 -25.938624 0.000000 0.000000 0.000000 -12.823617 -13.102584 -18.565102 -59.495584 3.829596 -9.244008 -2.775823 -31.778991 -5.095824 0.000000 0.000000 0.000000 28.403573 -15.886149 12.645090 63.098327 24.595920 5.685049 -11.105444 36.989167 0.913399 0.000000 0.000000 0.000000 
1.526860 0.974285 0.602252 174.107024 79.939552 169.522767 -7.047989 0.008796 -2.989718 1.183534 -1.861085 10.269717 -5.821819 -0.696040 10.716810 0.000000 0.000000 0.000000 1.648124 -2.370179 -13.599652 -20.752841 -8.875271 34.305508 22.635872 22.733017 8.500679 0.000000 0.000000 0.000000 3.934044 -3.014320 16.044045 -2.597581 1.879496 -26.867542 -3.450858 8.234290 33.179676 9.638095 6.682350 -26.328556 0.000000 0.000000 0.000000 -11.307772 -13.167612 -17.273728 -60.204086 2.964279 -10.118497 -2.231383 -32.452872 -5.605916 0.000000 0.000000 0.000000 29.421853 -15.747497 13.979045 62.398830 26.238369 5.762531 -12.582199 36.422754 0.395392 0.000000 0.000000 0.000000 
1.541049 0.972175 0.602099 173.896539 75.908736 169.540953 -7.842527 0.000989 -2.713908 2.913491 -2.164725 11.224468 -8.003425 -4.148902 10.228793 0.000000 0.000000 0.000000 2.192875 -2.324157 -13.019091 -20.128310 -6.841054 28.496534 27.997552 22.533085 11.230677 0.000000 0.000000 0.000000 4.554463 -3.412802 16.501693 -3.646431 1.317417 -28.893451 -3.366243 8.176640 34.899845 10.738541 6.495135 -26.530240 0.000000 0.000000 0.000000 -10.684634 -12.858925 -18.630034 -60.789848 3.216197 -10.941839 -2.176398 -31.830856 -5.727056 0.000000 0.000000 0.000000 29.023760 -16.390902 14.608224 63.484859 27.901490 7.815868 -13.404216 34.625174 -0.213106 0.000000 0.000000 0.000000 
1.555110 0.970854 0.604191 172.680570 72.919576 168.609844 -8.810629 -0.055171 -3.136250 4.413940 -2.781952 12.893649 -10.331842 -8.189127 9.644447 0.000000 0.000000 0.000000 2.681176 -2.249597 -12.661386 -21.405089 -6.406468 26.907183 33.000743 22.490132 14.414016 0.000000 0.000000 0.000000 4.999626 -3.441490 16.145439 -4.479825 1.323725 -27.947594 -3.046539 8.696071 34.044589 9.918775 6.435478 -25.686858 0.000000 0.000000 0.000000 -10.331283 -12.961215 -19.715999 -60.864498 3.650319 -11.384324 -3.925225 -30.763667 -5.144770 0.000000 0.000000 0.000000 28.541438 -17.270319 14.447953 65.265783 27.369872 9.205090 -15.305626 34.849545 -0.630129 0.000000 0.000000 0.000000 
1.568896 0.970336 0.608498 172.831690 69.854900 169.537708 -8.951474 -0.141015 -4.689586 5.725979 -3.425625 14.218828 -12.959510 -11.312953 10.540817 0.000000 0.000000 0.000000 3.165386 -2.111086 -11.967031 -21.500160 -5.995229 24.876312 35.486574 20.753005 15.887947 0.000000 0.000000 0.000000 5.092806 -3.419036 15.918307 -5.023067 1.056967 -28.316661 -2.810555 9.269223 34.297905 9.896978 6.625846 -26.496426 0.000000 0.000000 0.000000 -10.094601 -12.931038 -21.533798 -61.342199 5.880302 -12.799807 -4.104615 -31.946406 -5.568783 0.000000 0.000000 0.000000 28.367607 -18.393820 14.749870 66.432202 28.247198 10.919508 -16.020436 33.485290 -0.884140 0.000000 0.000000 0.000000 
1.581680 0.970567 0.614919 173.611764 67.244386 171.098523 -8.145146 -0.200090 -6.060489 5.898290 -4.369365 16.227928 -12.852008 -14.889112 8.911866 0.000000 0.000000 0.000000 3.261845 -2.045050 -10.978145 -19.764837 -5.826998 23.103842 36.068691 19.405355 14.370696 0.000000 0.000000 0.000000 5.583199 -3.329327 15.358242 -6.298039 0.867203 -27.472424 -1.896781 9.370830 33.256507 8.526011 6.488022 -25.404005 0.000000 0.000000 0.000000 -10.841259 -12.843840 -24.027857 -60.080446 9.170430 -13.241253 -6.897498 -32.242192 -4.776125 0.000000 0.000000 0.000000 28.920593 -19.331282 15.158834 65.151838 28.795151 10.629605 -16.207129 33.131883 -1.034899 0.000000 0.000000 0.000000 
1.593248 0.972493 0.622473 172.847281 64.462883 171.809114 -8.068464 -0.514054 -8.506487 5.721284 -5.306618 17.958792 -14.007867 -14.690275 10.601788 0.000000 0.000000 0.000000 2.595713 -2.309344 -10.133384 -17.382210 -5.688759 21.291111 34.679936 17.151504 12.530063 0.000000 0.000000 0.000000 4.703285 -2.891115 14.866688 -5.561155 0.867179 -27.921918 -2.405995 9.469091 33.538877 7.709799 6.340045 -25.530682 0.000000 0.000000 0.000000 -10.802065 -12.217275 -26.126457 -60.375350 12.106590 -14.880358 -8.022891 -32.682771 -4.614177 0.000000 0.000000 0.000000 29.757636 -20.297158 16.507049 63.495561 30.881759 10.606626 -15.662430 32.279941 -1.184477 0.000000 0.000000 0.000000 
1.603733 0.972080 0.629741 173.938241 60.954488 173.135693 -6.319239 -1.222875 -12.285337 2.055275 -7.808259 23.030229 -10.882360 -9.121942 11.748633 0.000000 0.000000 0.000000 2.622810 -2.176298 -8.289417 -14.333569 -5.857709 19.412899 31.250066 14.165960 8.934787 0.000000 0.000000 0.000000 4.850648 -2.928360 14.860755 -6.309173 0.407259 -28.429082 -1.122127 9.522380 34.338781 5.919080 6.731152 -26.939350 0.000000 0.000000 0.000000 -10.610524 -11.554188 -29.356985 -59.388971 15.750856 -16.153662 -13.353996 -32.459684 -3.111300 0.000000 0.000000 0.000000 27.315166 -20.205044 16.473538 64.592754 31.898381 13.960886 -15.745803 28.867651 -1.510242 0.000000 0.000000 0.000000 
1.612905 0.972792 0.634948 173.810887 56.835183 173.501333 -4.897883 -2.081653 -15.245447 -6.053982 -10.360705 27.791172 1.496663 3.497579 14.573260 0.000000 0.000000 0.000000 2.008556 -2.448628 -6.475628 -11.629872 -6.259487 17.695162 29.831809 11.261025 5.063516 0.000000 0.000000 0.000000 3.748530 -2.687112 14.900886 -6.178533 0.012541 -29.507735 0.151641 10.012970 34.428437 4.652290 5.556935 -26.114393 0.000000 0.000000 0.000000 -11.754541 -14.614460 -34.277486 -56.440841 22.209523 -16.090461 -16.002447 -30.888940 -1.985976 0.000000 0.000000 0.000000 26.505271 -21.627156 17.079470 63.224351 32.692704 14.921658 -14.184276 27.661170 -1.585281 0.000000 0.000000 0.000000 
1.620367 0.971214 0.638233 174.529600 51.588926 172.604575 -3.766346 -2.227860 -15.652792 -13.877082 -13.346316 32.357007 16.698871 10.622800 21.077039 0.000000 0.000000 0.000000 2.238114 -2.361137 -3.052975 -9.954647 -7.130571 16.576112 27.898667 6.960604 1.828735 0.000000 0.000000 0.000000 3.631081 -3.463090 16.656956 -6.515044 -0.428276 -29.814500 0.519971 8.382753 34.146514 4.996343 4.898680 -25.929165 0.000000 0.000000 0.000000 -12.909547 -13.104863 -39.731493 -54.679720 27.208075 -16.688398 -19.246983 -30.107062 -0.849962 0.000000 0.000000 0.000000 25.472707 -21.620942 18.228782 62.815220 33.597374 15.950944 -14.065622 24.940282 -1.667433 0.000000 0.000000 0.000000 
1.625870 0.969587 0.640223 174.405785 46.909923 171.370474 -3.713989 -1.564086 -13.531025 -19.972040 -15.053693 33.625958 30.409093 11.442246 28.434513 0.000000 0.000000 0.000000 1.474065 -2.978571 0.101605 -7.393634 -7.896330 14.904939 26.268380 2.828762 -2.427217 0.000000 0.000000 0.000000 3.530735 -3.856119 17.343712 -7.272043 -1.043641 -29.667622 1.197428 8.440164 34.712118 6.040974 3.362598 -25.215956 0.000000 0.000000 0.000000 -12.611453 -15.470584 -43.716580 -53.590245 31.955986 -17.493764 -19.118554 -30.235027 -0.945420 0.000000 0.000000 0.000000 26.174972 -22.858646 20.919301 61.765350 37.481239 17.552435 -15.640153 22.377063 -1.911962 0.000000 0.000000 0.000000 
1.629334 0.967631 0.641784 175.183633 43.515920 171.201907 -3.087457 -0.953700 -10.502319 -19.032023 -14.454821 30.727905 34.729779 6.949027 31.305232 0.000000 0.000000 0.000000 2.085821 -3.086735 2.151385 -6.435946 -7.478790 12.877601 24.730632 -1.205573 -3.711593 0.000000 0.000000 0.000000 3.315867 -4.412781 18.364632 -7.198738 -1.320641 -29.967715 1.701348 9.144397 35.039782 6.734382 2.128992 -25.287570 0.000000 0.000000 0.000000 -11.399569 -14.928720 -47.210221 -54.535485 35.880937 -20.333756 -19.738119 -29.643784 -0.973066 0.000000 0.000000 0.000000 25.975814 -23.229151 23.711875 61.886730 40.136351 19.391918 -17.557952 20.674968 -2.053717 0.000000 0.000000 0.000000 
1.630195 0.965277 0.643349 175.132800 40.520771 171.535738 -3.577140 -0.685100 -8.837862 -16.902372 -13.744261 28.208966 36.087327 3.235731 30.280614 0.000000 0.000000 0.000000 1.814755 -3.438205 2.294994 -5.637194 -7.818241 12.202990 24.921091 -3.241129 -4.529354 0.000000 0.000000 0.000000 3.215865 -4.252133 18.153038 -7.860230 -1.881219 -29.847889 2.724261 9.208870 35.065344 5.931087 0.391544 -24.773451 0.000000 0.000000 0.000000 -10.177844 -16.115821 -50.664398 -54.544218 39.992371 -22.396511 -19.930967 -28.204975 -1.111992 0.000000 0.000000 0.000000 26.989247 -24.623314 26.579978 59.602790 43.761069 19.675260 -18.224786 19.799494 -2.165494 0.000000 0.000000 0.000000 
1.628779 0.962863 0.644818 175.209575 38.172409 172.145033 -3.525764 -0.638345 -7.883069 -16.905769 -13.304416 25.411112 39.855906 -0.585479 31.538444 0.000000 0.000000 0.000000 1.958301 -3.568455 2.499033 -5.498118 -7.438643 11.147187 24.797161 -5.388572 -5.201091 0.000000 0.000000 0.000000 2.790044 -4.174150 18.125887 -7.745520 -1.981212 -29.729958 3.070682 9.130056 34.794002 5.644346 -0.821044 -24.843663 0.000000 0.000000 0.000000 -8.861870 -16.106264 -53.781182 -54.533683 43.626047 -24.554234 -21.422936 -27.186419 -1.016895 0.000000 0.000000 0.000000 26.580815 -25.044500 28.779830 59.001072 46.242939 21.151383 -18.558593 19.239438 -2.300464 0.000000 0.000000 0.000000 
1.626405 0.960720 0.645668 175.372141 37.043385 172.938818 -3.595067 -0.612936 -7.304507 -16.023728 -12.557968 22.702927 42.289682 -3.393062 31.388626 0.000000 0.000000 0.000000 1.697531 -3.707519 1.767066 -5.171464 -7.819681 11.233382 25.693709 -5.297794 -5.301035 0.000000 0.000000 0.000000 2.727974 -4.100863 17.968162 -7.284126 -1.748234 -29.580364 2.816543 9.101401 34.009606 6.248233 -1.476359 -24.577688 0.000000 0.000000 0.000000 -7.810897 -15.511221 -54.938892 -54.563986 45.964223 -26.570095 -22.028248 -25.815375 -1.114029 0.000000 0.000000 0.000000 25.752487 -24.929810 29.402952 59.219966 47.219883 22.747777 -18.880616 19.102459 -2.410746 0.000000 0.000000 0.000000 
1.624025 0.959486 0.645446 175.124182 36.699775 173.386393 -4.265276 -0.487122 -6.772988 -14.692451 -11.717428 20.610612 42.466458 -4.799738 30.733532 0.000000 0.000000 0.000000 1.508603 -3.772913 1.135657 -4.953059 -7.434515 10.600856 25.015452 -5.883624 -4.481142 0.000000 0.000000 0.000000 2.849085 -3.660140 17.096530 -7.540118 -1.801944 -28.930142 2.551703 9.142015 33.548157 6.526934 -1.970081 -24.235130 0.000000 0.000000 0.000000 -7.170464 -15.264611 -55.342018 -54.151137 47.104916 -27.470175 -22.237111 -24.347155 -1.270092 0.000000 0.000000 0.000000 25.259561 -24.350256 30.417326 58.997785 48.718504 23.960218 -19.149280 20.347732 -2.820872 0.000000 0.000000 0.000000 
1.622053 0.957739 0.644353 175.102565 35.719649 173.890577 -4.992335 -0.376095 -5.640783 -11.972840 -10.160335 17.503559 42.308924 -6.716088 27.899464 0.000000 0.000000 0.000000 1.448627 -3.839696 0.068847 -5.224397 -8.242582 11.715274 25.612637 -5.660843 -4.848646 0.000000 0.000000 0.000000 2.810224 -3.251074 16.237512 -7.234043 -1.593203 -28.406733 1.852799 8.564112 33.277898 7.110944 -2.904070 -23.412803 0.000000 0.000000 0.000000 -6.297538 -14.878443 -56.241615 -53.231759 48.872077 -28.330681 -22.887776 -23.020393 -1.313752 0.000000 0.000000 0.000000 24.841942 -24.229721 31.288396 59.784907 50.532497 26.151569 -20.476654 20.655231 -3.071763 0.000000 0.000000 0.000000 
1.620361 0.956804 0.642753 174.941933 35.481788 174.051545 -5.851293 -0.298024 -4.437945 -9.418976 -8.605103 14.711082 39.734146 -7.093818 24.692639 0.000000 0.000000 0.000000 1.209157 -3.987948 -0.733935 -5.937696 -8.509531 12.603480 26.342710 -5.067458 -4.280378 0.000000 0.000000 0.000000 2.536533 -3.043607 15.911422 -7.005909 -1.521093 -28.797539 1.633024 8.393220 33.636413 7.550773 -3.038482 -23.473639 0.000000 0.000000 0.000000 -5.700857 -14.579186 -56.803463 -52.924246 50.016459 -29.134162 -22.581143 -22.047014 -1.516085 0.000000 0.000000 0.000000 24.952396 -24.069741 32.656334 60.857894 52.380791 27.799953 -21.786147 20.319631 -3.211743 0.000000 0.000000 0.000000 
1.618965 0.956457 0.641288 174.865072 35.043685 174.154865 -6.529564 -0.276250 -3.571960 -7.341136 -7.379540 12.518239 37.651666 -7.628131 22.173144 0.000000 0.000000 0.000000 1.364573 -3.990856 -1.892585 -7.297756 -9.410559 14.569054 27.933104 -3.799226 -4.815681 0.000000 0.000000 0.000000 2.248612 -2.788342 15.453094 -6.744577 -1.324454 -28.276127 1.073201 8.015911 33.384496 8.409072 -3.275023 -23.147402 0.000000 0.000000 0.000000 -5.288573 -14.289058 -56.603316 -52.342107 50.097481 -29.165938 -22.619088 -21.352906 -1.536375 0.000000 0.000000 0.000000 25.404095 -24.051851 33.352402 60.932058 53.331247 27.934621 -22.734321 20.185867 -3.264514 0.000000 0.000000 0.000000 
1.617817 0.956426 0.639978 174.842035 34.718741 174.569970 -7.062528 -0.264674 -3.226796 -5.369353 -6.417327 11.350356 35.022193 -7.787379 18.939969 0.000000 0.000000 0.000000 1.336516 -4.196281 -3.557437 -8.825533 -10.686979 17.000066 30.907014 -1.425279 -4.492191 0.000000 0.000000 0.000000 2.005950 -2.744780 15.431066 -6.259763 -1.133962 -28.858263 0.720748 7.826103 33.660802 8.711762 -3.438361 -23.152421 0.000000 0.000000 0.000000 -4.861015 -14.419856 -56.770484 -52.391302 50.673131 -29.723098 -22.505592 -20.821567 -1.625900 0.000000 0.000000 0.000000 25.339907 -24.036905 33.993979 61.962515 54.360076 29.338752 -23.167596 19.100813 -3.114472 0.000000 0.000000 0.000000 
1.616937 0.956688 0.639126 174.952579 33.944136 174.781305 -7.629847 -0.285411 -2.730123 -3.799495 -5.684252 10.253355 32.894316 -8.527372 16.855890 0.000000 0.000000 0.000000 1.406736 -4.421263 -4.861176 -10.440453 -12.119964 19.391689 33.943596 0.496363 -3.937618 0.000000 0.000000 0.000000 2.001989 -2.550389 14.931301 -6.079520 -0.998392 -28.223455 0.398208 6.806042 33.242966 8.990554 -3.272084 -23.295843 0.000000 0.000000 0.000000 -4.554446 -14.096049 -57.008739 -52.199205 51.231034 -30.104765 -22.307924 -20.744467 -1.687666 0.000000 0.000000 0.000000 25.048284 -23.715635 34.130719 63.115940 54.351089 30.465866 -23.828869 18.255646 -2.987190 0.000000 0.000000 0.000000 
1.616576 0.957367 0.638780 175.119051 33.528411 175.170508 -7.779592 -0.300272 -2.619922 -2.503728 -5.148388 9.717367 30.590333 -9.071175 14.736089 0.000000 0.000000 0.000000 1.257360 -4.967464 -6.728152 -12.433196 -14.180638 22.649129 37.525303 3.236217 -2.099003 0.000000 0.000000 0.000000 2.025486 -2.578970 14.969808 -5.549699 -0.756573 -28.401849 0.066494 6.435229 33.518971 9.176942 -3.206772 -23.528839 0.000000 0.000000 0.000000 -4.177082 -14.254096 -56.971497 -52.248055 51.021349 -30.219500 -22.818163 -20.282620 -1.697128 0.000000 0.000000 0.000000 25.133950 -23.919353 34.315879 63.394815 54.792541 30.926692 -23.590615 17.516679 -2.791434 0.000000 0.000000 0.000000 
1.616807 0.957665 0.639525 175.285493 32.975890 175.358890 -7.619376 -0.342286 -2.413778 -1.636987 -4.787701 9.255189 28.761501 -9.670378 13.296919 0.000000 0.000000 0.000000 1.351785 -5.186787 -7.571299 -13.784064 -14.703293 23.863745 41.218165 4.565587 -1.266741 0.000000 0.000000 0.000000 1.924249 -2.714684 15.247219 -5.164091 -0.567327 -28.220320 -0.047071 6.040248 33.276160 9.195355 -3.115567 -23.652310 0.000000 0.000000 0.000000 -3.887061 -13.788904 -57.247479 -52.148374 50.884674 -30.252076 -23.564068 -20.043017 -1.635874 0.000000 0.000000 0.000000 24.623749 -23.635324 34.263689 63.729331 54.422039 31.299146 -23.980490 16.971155 -2.673482 0.000000 0.000000 0.000000 
1.617504 0.958319 0.641605 175.502195 32.312905 175.829738 -7.575582 -0.347249 -2.580647 -0.631347 -4.467038 9.019358 27.414017 -10.608627 12.038364 0.000000 0.000000 0.000000 1.575178 -5.305120 -8.255517 -14.278262 -14.641682 23.971666 43.169373 4.631324 -0.850209 0.000000 0.000000 0.000000 1.844332 -2.819891 15.484387 -4.623178 -0.346337 -28.342548 -0.105729 5.721127 33.145398 9.137140 -3.093894 -23.971319 0.000000 0.000000 0.000000 -3.582867 -13.847573 -57.870749 -51.886598 51.263897 -30.309685 -23.956720 -20.081054 -1.631799 0.000000 0.000000 0.000000 24.574402 -23.782390 34.633394 63.118304 54.784957 31.105329 -23.873822 16.232651 -2.494633 0.000000 0.000000 0.000000 
1.618767 0.958736 0.645229 175.735170 31.830973 176.294485 -7.286234 -0.335769 -3.067371 -0.197493 -4.392994 9.109482 27.089884 -11.257849 11.211069 0.000000 0.000000 0.000000 1.823535 -5.220172 -8.458918 -14.328025 -13.754330 23.041274 44.813871 3.999545 -0.743865 0.000000 0.000000 0.000000 1.588110 -2.872053 15.626524 -4.057478 -0.092214 -28.271724 -0.045447 5.396978 33.142947 9.318087 -3.308254 -23.828942 0.000000 0.000000 0.000000 -3.377930 -13.810246 -58.421865 -52.163220 51.495747 -30.628404 -24.562522 -20.548663 -1.585622 0.000000 0.000000 0.000000 23.877083 -23.288392 35.170354 62.709491 54.967271 31.331014 -23.865692 15.812605 -2.474545 0.000000 0.000000 0.000000 
1.620661 0.959261 0.650022 175.863711 31.277256 176.917240 -6.974852 -0.337266 -3.589570 0.108945 -4.302116 8.839690 28.308829 -12.106032 10.404021 0.000000 0.000000 0.000000 1.842158 -5.208553 -8.316171 -12.842190 -12.212713 20.610400 44.983741 2.370330 -1.364298 0.000000 0.000000 0.000000 1.483894 -2.947001 15.829225 -3.946899 -0.082529 -28.413019 0.136671 5.282960 32.840898 9.522890 -3.275540 -24.122494 0.000000 0.000000 0.000000 -3.002905 -13.926162 -59.237243 -52.096522 52.047295 -30.898239 -24.912521 -20.905619 -1.587525 0.000000 0.000000 0.000000 23.449622 -22.977629 36.001585 61.712233 55.951348 31.530873 -23.844227 15.158756 -2.424490 0.000000 0.000000 0.000000 
1.623430 0.959199 0.655463 175.618094 30.637911 176.935542 -6.929613 -0.323272 -4.051536 -0.059955 -4.453758 8.960961 29.435195 -12.603692 10.775401 0.000000 0.000000 0.000000 1.658362 -5.183818 -7.694404 -12.164395 -11.012446 18.864852 46.357141 0.829819 -1.146221 0.000000 0.000000 0.000000 1.400076 -3.038610 16.024838 -3.773179 -0.048863 -28.642104 0.212332 5.049115 33.213948 9.420897 -3.627874 -24.052993 0.000000 0.000000 0.000000 -2.986744 -14.648367 -60.073164 -51.749303 52.444486 -30.472684 -25.506916 -21.223207 -1.519575 0.000000 0.000000 0.000000 22.954504 -22.850846 36.698687 60.824961 56.699520 31.751916 -23.747108 15.340746 -2.546816 0.000000 0.000000 0.000000 
1.627023 0.959331 0.660815 175.677497 29.662921 177.179130 -6.416960 -0.384209 -4.299623 -0.205178 -4.586696 8.973853 30.739640 -13.439003 11.159415 0.000000 0.000000 0.000000 1.469764 -5.333348 -7.435650 -11.322689 -10.548066 17.743419 47.075315 -0.307820 -1.371238 0.000000 0.000000 0.000000 1.547876 -3.222823 16.321336 -3.794619 -0.101890 -28.577914 0.298977 4.779345 33.000338 9.060226 -3.830351 -24.254252 0.000000 0.000000 0.000000 -2.858388 -15.254402 -61.238717 -51.134367 52.831719 -29.862507 -26.100626 -21.560227 -1.397807 0.000000 0.000000 0.000000 22.368987 -22.654804 37.560390 60.613794 57.761633 32.797828 -24.270750 14.742628 -2.511340 0.000000 0.000000 0.000000 
1.631232 0.959456 0.666240 175.558023 28.898580 177.236324 -6.025913 -0.432752 -4.652166 -0.740633 -4.912657 9.323313 32.988152 -14.023568 12.043857 0.000000 0.000000 0.000000 1.522416 -5.257767 -7.097229 -10.984440 -9.777546 16.570160 48.550342 -1.523633 -1.349783 0.000000 0.000000 0.000000 1.648382 -3.316530 16.438424 -3.920765 -0.185681 -28.421430 0.467363 4.587666 33.019233 9.281481 -4.261167 -24.050292 0.000000 0.000000 0.000000 -2.714991 -16.337948 -62.044079 -50.908424 53.064739 -29.417133 -27.074180 -22.346156 -1.256286 0.000000 0.000000 0.000000 21.919046 -22.424585 38.678980 60.033537 59.003141 33.476295 -24.207978 14.325044 -2.521146 0.000000 0.000000 0.000000 
1.635616 0.959391 0.671626 175.527355 28.138944 177.400031 -5.683888 -0.476551 -5.250924 -0.968152 -5.174362 9.782974 35.161420 -14.883745 12.990345 0.000000 0.000000 0.000000 1.313191 -5.490432 -7.110347 -10.443020 -9.716198 16.091365 49.927062 -1.915092 -1.579576 0.000000 0.000000 0.000000 2.032226 -3.494221 16.613287 -3.812914 -0.174248 -28.542506 0.153451 4.719762 33.014066 9.194272 -4.656115 -24.087705 0.000000 0.000000 0.000000 -2.693183 -17.074745 -62.896842 -49.753126 53.080745 -28.267692 -27.986055 -22.872340 -1.071918 0.000000 0.000000 0.000000 21.781534 -22.514833 39.533282 59.848499 59.832581 34.016847 -24.881236 13.629304 -2.402932 0.000000 0.000000 0.000000 
1.639848 0.959345 0.677022 175.478581 27.493936 177.519335 -5.241463 -0.554314 -6.378687 -1.780803 -5.940870 11.397544 38.246876 -15.522692 14.301584 0.000000 0.000000 0.000000 1.319653 -5.493599 -6.916712 -10.261362 -9.428307 15.550553 51.923645 -2.354862 -2.068768 0.000000 0.000000 0.000000 2.481948 -3.685167 16.773704 -3.958706 -0.265085 -28.359844 0.177041 4.761867 32.814098 9.427677 -5.126279 -23.789003 0.000000 0.000000 0.000000 -2.249334 -17.556323 -63.410701 -50.419297 53.171394 -28.884878 -29.466199 -23.364586 -0.969297 0.000000 0.000000 0.000000 21.317274 -22.579608 39.730476 60.062015 60.381466 35.241894 -24.377658 13.154372 -2.351034 0.000000 0.000000 0.000000 
1.643998 0.959178 0.681871 175.426642 26.854227 177.590933 -4.655509 -0.695713 -7.239167 -3.026618 -6.722062 12.392662 41.218595 -16.477295 16.497521 0.000000 0.000000 0.000000 1.191665 -5.589873 -6.703879 -9.796882 -9.403490 15.140736 53.353210 -2.645897 -2.575335 0.000000 0.000000 0.000000 2.799102 -3.996249 17.154978 -3.922479 -0.296119 -28.621249 0.208938 5.111279 32.946909 9.791290 -5.460326 -23.868537 0.000000 0.000000 0.000000 -1.951020 -18.531139 -64.224456 -50.622448 53.658521 -29.090602 -29.811436 -23.562507 -0.990213 0.000000 0.000000 0.000000 21.211924 -22.872702 40.615394 59.366976 61.113312 35.288645 -24.568351 12.607057 -2.247925 0.000000 0.000000 0.000000 
1.648151 0.958545 0.686080 175.292474 26.674576 177.681098 -3.902435 -0.977215 -8.979080 -4.584711 -8.039037 14.923316 43.885269 -16.766389 19.003481 0.000000 0.000000 0.000000 1.262391 -5.566937 -6.770673 -9.526349 -9.564828 15.145535 53.341973 -2.643770 -2.622779 0.000000 0.000000 0.000000 3.153070 -4.258831 17.434285 -3.854723 -0.284144 -28.822271 0.160403 5.260390 33.124668 9.492211 -5.360966 -24.008485 0.000000 0.000000 0.000000 -1.858835 -18.614549 -64.000210 -51.395923 53.466001 -29.698644 -30.479324 -23.884176 -0.932921 0.000000 0.000000 0.000000 21.103500 -22.815598 40.536500 58.899076 61.285375 35.271174 -24.433789 12.820059 -2.325268 0.000000 0.000000 0.000000 
1.652653 0.957544 0.689588 175.299448 26.212157 177.681385 -3.565700 -1.178941 -9.914915 -5.094449 -8.629553 16.045119 45.164835 -17.290818 19.797814 0.000000 0.000000 0.000000 1.403290 -5.427954 -6.474397 -8.864484 -9.439741 14.499346 53.181817 -2.877827 -3.686083 0.000000 0.000000 0.000000 3.261188 -4.596423 17.907265 -3.537229 -0.162970 -28.889957 0.146176 5.497912 33.192951 10.043603 -5.621653 -23.903728 0.000000 0.000000 0.000000 -2.179619 -19.013046 -64.816942 -50.593541 54.107391 -28.892661 -30.423251 -24.178269 -0.774511 0.000000 0.000000 0.000000 21.241195 -22.848582 41.208062 56.690077 61.925091 33.745798 -24.069528 12.708574 -2.330472 0.000000 0.000000 0.000000 
1.657655 0.956249 0.692457 175.177689 26.905524 177.870242 -2.494401 -1.665901 -11.530132 -7.236179 -10.112362 18.773545 45.589078 -16.090290 22.675338 0.000000 0.000000 0.000000 0.968437 -5.800796 -6.937191 -8.170961 -9.655961 14.516286 51.629158 -2.257248 -2.950734 0.000000 0.000000 0.000000 3.276922 -4.617589 17.980367 -3.492654 -0.123402 -28.959416 0.354566 6.051835 33.355382 10.164485 -5.184534 -24.202014 0.000000 0.000000 0.000000 -2.328964 -18.721803 -64.331077 -51.113394 53.893254 -29.303398 -30.022153 -24.127376 -0.842367 0.000000 0.000000 0.000000 21.379145 -22.483580 41.414983 56.128757 61.943919 33.028625 -24.262976 12.560796 -2.300558 0.000000 0.000000 0.000000 
1.663351 0.954688 0.694568 175.662795 27.133484 177.942903 -0.946429 -2.419949 -13.302924 -10.085247 -12.001192 22.180656 46.126369 -14.375911 25.193275 0.000000 0.000000 0.000000 0.868083 -5.833394 -6.840452 -7.040441 -10.530659 14.744261 50.363571 -1.571223 -2.971050 0.000000 0.000000 0.000000 3.250429 -5.056563 18.676180 -2.369648 0.364560 -29.253688 0.029656 7.154815 33.687845 10.553141 -4.978425 -24.558030 0.000000 0.000000 0.000000 -2.421563 -18.238087 -64.354623 -51.286689 54.538289 -29.867061 -29.706469 -23.884895 -0.841337 0.000000 0.000000 0.000000 21.287938 -22.326645 41.537167 55.248282 62.031931 32.453305 -24.426079 13.101395 -2.488972 0.000000 0.000000 0.000000 
1.669421 0.953449 0.695539 176.210866 28.389160 178.740785 0.781441 -3.750253 -16.394656 -14.956046 -14.596179 26.937301 45.514587 -11.372885 31.240765 0.000000 0.000000 0.000000 1.152720 -5.737752 -7.606281 -6.514793 -11.124612 15.256644 47.016062 -0.289665 -2.782884 0.000000 0.000000 0.000000 3.333626 -4.919031 18.447411 -1.345853 0.808472 -29.238952 0.090962 7.646796 33.385899 9.089418 -5.579731 -23.502914 0.000000 0.000000 0.000000 -3.619904 -16.768319 -64.345368 -49.543710 56.136135 -29.062782 -30.322436 -22.693086 -0.637771 0.000000 0.000000 0.000000 19.890178 -20.902483 40.438981 56.690818 60.423988 33.728742 -24.755275 13.268796 -2.543243 0.000000 0.000000 0.000000 
1.675399 0.952902 0.695157 176.301617 29.168532 178.984328 2.647837 -5.350333 -19.328570 -22.598758 -17.561330 32.079948 47.415140 -9.672505 40.255679 0.000000 0.000000 0.000000 1.037384 -5.801104 -7.691760 -6.444922 -11.405528 15.622763 47.336186 0.808100 -2.781723 0.000000 0.000000 0.000000 3.279919 -4.650494 18.147177 -1.099428 0.920899 -29.360274 0.623913 8.925901 33.619603 7.645603 -6.226780 -23.333181 0.000000 0.000000 0.000000 -3.753107 -16.795866 -66.161486 -46.543411 59.434651 -28.053167 -30.549348 -21.509606 -0.666281 0.000000 0.000000 0.000000 19.609124 -21.096651 40.874923 55.480097 60.949748 33.675294 -24.873189 13.586816 -2.660337 0.000000 0.000000 0.000000 
1.680735 0.952419 0.693338 176.047420 29.828247 178.264995 4.402471 -6.584910 -21.171716 -33.154503 -20.415340 35.636944 50.626264 -10.128321 51.746966 0.000000 0.000000 0.000000 1.197212 -5.445494 -6.784138 -7.257883 -12.059565 16.735520 48.729965 2.100098 -3.310105 0.000000 0.000000 0.000000 2.471901 -4.427606 18.219764 -0.352852 1.235108 -28.533819 0.717676 9.482068 33.151291 7.208167 -6.691910 -22.769765 0.000000 0.000000 0.000000 -4.333438 -15.966366 -66.665612 -44.271000 60.799547 -26.562643 -30.833590 -20.649831 -0.493304 0.000000 0.000000 0.000000 18.370577 -20.170037 40.497195 56.456665 60.153306 34.805901 -25.237702 15.323229 -3.197082 0.000000 0.000000 0.000000 
1.685513 0.952072 0.690515 176.042075 29.735244 177.737886 5.767426 -7.793248 -22.909935 -41.328164 -22.518141 38.157598 49.379773 -12.127428 62.431442 0.000000 0.000000 0.000000 1.039971 -5.288941 -5.496396 -6.850411 -11.711211 15.907592 48.771400 1.573513 -4.093992 0.000000 0.000000 0.000000 1.867234 -4.998285 19.429612 0.184921 1.350160 -29.378833 0.410242 10.798056 33.415373 7.052510 -7.538746 -22.451649 0.000000 0.000000 0.000000 -4.792276 -15.373040 -68.396322 -41.506194 62.428996 -24.611881 -29.668276 -19.036036 -0.704411 0.000000 0.000000 0.000000 19.221121 -20.403165 42.135052 53.623483 62.853363 33.222213 -25.168488 14.897721 -3.222721 0.000000 0.000000 0.000000 
1.689564 0.951259 0.686858 176.218887 29.031904 177.241590 5.964967 -8.584173 -24.302544 -42.811192 -22.975834 39.038780 48.016980 -8.679650 61.003789 0.000000 0.000000 0.000000 0.827265 -5.163527 -3.847673 -5.524915 -11.279627 14.265531 47.266610 0.424710 -6.035280 0.000000 0.000000 0.000000 1.728206 -5.380333 19.919362 -0.052118 1.281028 -28.854334 0.428283 11.666173 32.973404 6.130945 -9.111696 -21.604202 0.000000 0.000000 0.000000 -3.726945 -15.524741 -69.244486 -41.285219 64.670325 -26.060374 -28.781983 -17.404278 -1.215028 0.000000 0.000000 0.000000 18.894054 -20.492440 43.341485 54.395661 64.424982 35.135473 -28.146186 14.198225 -3.263427 0.000000 0.000000 0.000000 
1.693370 0.951057 0.682092 176.708328 28.685970 177.906630 6.483692 -9.045588 -24.922569 -38.684417 -22.019284 35.348063 49.346667 -14.147543 60.723878 0.000000 0.000000 0.000000 0.970311 -4.970791 -3.159597 -4.657187 -10.819331 13.003332 47.907769 -0.356433 -5.911606 0.000000 0.000000 0.000000 1.853313 -4.885975 19.024726 0.287048 1.407761 -27.921437 0.640778 11.257783 32.393228 5.349460 -9.517461 -21.339134 0.000000 0.000000 0.000000 -2.830649 -14.146528 -71.269788 -39.906600 68.018557 -27.137283 -29.451821 -14.826836 -1.772358 0.000000 0.000000 0.000000 17.186642 -19.756487 43.379008 55.406017 63.946998 37.602863 -29.733144 14.410740 -3.491603 0.000000 0.000000 0.000000 
1.696998 0.950925 0.675837 177.282687 28.992084 178.195774 5.431527 -8.262851 -23.972578 -30.130252 -19.329595 28.550681 50.769095 -26.042193 60.572269 0.000000 0.000000 0.000000 0.865237 -4.833961 -1.548321 -3.071292 -10.312979 11.073984 47.508244 -1.128749 -5.869584 0.000000 0.000000 0.000000 1.959649 -5.081358 19.158535 -0.483056 1.181227 -27.507824 1.781592 12.760292 32.073946 5.037958 -9.656627 -21.870339 0.000000 0.000000 0.000000 -0.619566 -14.227572 -72.825885 -41.976093 71.446557 -31.975316 -29.546016 -13.494086 -2.549627 0.000000 0.000000 0.000000 16.258548 -21.091429 42.220776 59.406365 63.791689 42.968074 -31.951271 15.597348 -3.930122 0.000000 0.000000 0.000000 
1.700657 0.950150 0.667618 177.337828 29.766340 178.297012 4.142655 -7.199851 -22.596762 -23.742080 -16.554942 23.343563 52.881345 -30.229974 56.120836 0.000000 0.000000 0.000000 0.890861 -4.719230 -1.081219 -2.642000 -10.668314 11.179412 43.622310 -1.386232 -5.906374 0.000000 0.000000 0.000000 1.803306 -4.881324 18.945706 -0.920479 1.065720 -27.328267 1.184151 13.531933 31.808493 6.254230 -9.383800 -21.715107 0.000000 0.000000 0.000000 -0.143760 -13.657640 -71.373994 -47.310388 70.824572 -37.257776 -27.102747 -13.686515 -2.746095 0.000000 0.000000 0.000000 16.413840 -20.705608 42.131408 61.042064 63.387204 43.757654 -32.698596 18.338083 -4.921141 0.000000 0.000000 0.000000 
1.704633 0.948447 0.657026 178.205105 29.574498 179.187903 2.326552 -6.144110 -21.222193 -17.526900 -13.791622 20.455417 57.050028 -33.680169 49.603508 0.000000 0.000000 0.000000 1.219065 -4.531405 -0.867854 -2.059939 -10.897033 10.788005 43.278738 -1.692900 -5.942026 0.000000 0.000000 0.000000 2.015515 -4.648417 18.560187 -1.256146 0.949784 -27.727326 1.328715 14.141351 31.785735 4.734800 -10.685329 -21.470732 0.000000 0.000000 0.000000 0.996145 -14.291754 -72.524692 -45.850293 72.168223 -37.408921 -25.787997 -11.465230 -3.074511 0.000000 0.000000 0.000000 18.048049 -22.158890 43.629550 58.544377 64.581666 41.044787 -32.567494 20.143320 -5.441693 0.000000 0.000000 0.000000 
1.708070 0.946491 0.644230 178.728715 29.592752 179.997306 0.696617 -4.719965 -18.967079 -12.863615 -11.297792 16.520447 60.590129 -38.866382 45.671139 0.000000 0.000000 0.000000 1.500607 -4.316978 -0.512848 -2.122624 -10.595000 10.486745 40.419878 -2.704377 -7.055876 0.000000 0.000000 0.000000 1.848456 -3.931897 17.391913 -1.093717 1.011556 -27.882366 0.607854 13.829782 31.335721 4.912521 -11.556686 -20.522826 0.000000 0.000000 0.000000 1.317536 -14.252062 -72.746363 -43.943968 73.280200 -36.706351 -25.790570 -10.702599 -3.256807 0.000000 0.000000 0.000000 17.995395 -22.132744 43.904656 60.447956 63.896773 42.217317 -32.392682 22.317896 -6.174107 0.000000 0.000000 0.000000 
1.710476 0.944758 0.629798 178.902694 28.266810 -179.758635 -0.725703 -3.706787 -17.126996 -10.903412 -10.497923 15.451334 64.101694 -39.677199 40.615495 0.000000 0.000000 0.000000 1.203675 -4.614397 -0.192004 -3.056284 -11.541388 12.015143 43.139447 -2.327566 -7.800048 0.000000 0.000000 0.000000 1.533253 -3.471980 16.602078 -1.008616 1.008204 -27.964291 -0.060649 13.396141 30.768464 5.181836 -12.988355 -19.800563 0.000000 0.000000 0.000000 2.682218 -13.635737 -76.319778 -32.968651 76.791792 -29.286508 -27.314252 -8.345219 -3.737494 0.000000 0.000000 0.000000 17.826116 -22.769061 45.798946 61.321949 64.868356 43.755640 -33.345225 22.469038 -6.508504 0.000000 0.000000 0.000000 
1.711049 0.943528 0.614560 178.591679 27.318819 -179.594724 -2.212491 -3.001764 -15.908798 -10.451635 -10.475226 15.195108 66.906738 -40.705333 37.968588 0.000000 0.000000 0.000000 0.292259 -5.261916 -0.809649 -4.578645 -13.339806 14.990599 45.555958 -1.178119 -6.896073 0.000000 0.000000 0.000000 1.010102 -2.892832 15.639479 -1.713967 0.730631 -27.796500 -0.111100 13.083023 29.847618 4.504992 -14.041436 -19.640902 0.000000 0.000000 0.000000 4.294508 -12.893209 -80.213440 -16.017195 80.402559 -16.274827 -29.075985 -6.999655 -4.375076 0.000000 0.000000 0.000000 17.481757 -23.338331 47.671167 63.320004 65.150114 45.833117 -33.247861 22.581514 -6.664215 0.000000 0.000000 0.000000 
1.709761 0.943613 0.599584 178.433747 24.365249 -179.469713 -4.490172 -2.043563 -13.877032 -7.484641 -9.340838 13.627229 73.574477 -43.533413 29.960131 0.000000 0.000000 0.000000 -0.215745 -5.938967 -2.093461 -7.587704 -16.783502 19.785150 52.549456 0.189619 -5.353855 0.000000 0.000000 0.000000 0.880893 -2.663899 15.061742 -1.844678 0.592215 -27.982110 -1.121857 12.329473 29.149528 3.105822 -16.989533 -18.745704 0.000000 0.000000 0.000000 6.704427 -13.323587 -86.781566 30.450183 81.792185 24.789731 -31.368753 -4.887069 -5.355028 0.000000 0.000000 0.000000 16.457827 -24.248140 52.491314 64.062091 67.766166 48.964432 -34.995017 20.892680 -6.742049 0.000000 0.000000 0.000000 
1.706794 0.944338 0.585051 178.288247 21.862730 -179.589509 -6.076940 -1.466128 -12.318378 -6.281496 -8.997023 12.678875 79.520672 -46.844153 24.713121 0.000000 0.000000 0.000000 -0.457580 -7.076486 -5.895262 -17.175884 -23.242239 30.852355 60.369278 2.940263 1.916669 0.000000 0.000000 0.000000 1.223046 -2.538104 14.682789 -2.743259 0.082584 -27.401832 -0.946483 12.495905 29.112704 1.887123 -19.292861 -18.793308 0.000000 0.000000 0.000000 10.312972 -12.394811 -96.745856 72.783532 75.812040 59.083544 -35.300344 0.527783 -7.795418 0.000000 0.000000 0.000000 15.469093 -26.014213 58.451999 62.485139 72.600645 51.973449 -35.900069 16.802925 -5.767492 0.000000 0.000000 0.000000 
1.703091 0.945196 0.571353 177.923630 17.414093 179.937397 -7.130116 -0.941435 -10.152531 -5.740714 -9.096213 11.341552 91.830709 -52.218104 15.411469 0.000000 0.000000 0.000000 -0.502181 -9.125603 -9.615141 -35.299973 -29.668462 46.666883 68.140130 2.694977 14.234894 0.000000 0.000000 0.000000 0.912052 -2.717652 15.032124 -2.715394 -0.005949 -28.410379 -1.139073 11.464796 30.652636 0.747722 -21.622914 -20.315140 0.000000 0.000000 0.000000 15.059465 -10.105175 -113.991710 90.335712 59.967462 63.558413 -38.578323 8.807548 -11.626032 0.000000 0.000000 0.000000 12.799522 -28.246758 69.885053 50.734604 81.610125 49.154205 -37.030010 10.926275 -4.387958 0.000000 0.000000 0.000000 
1.700258 0.946508 0.557937 177.788136 12.917764 179.055061 -8.258601 -0.569812 -7.620096 -4.732714 -9.082899 10.985279 99.556183 -53.289600 7.085763 0.000000 0.000000 0.000000 0.518241 -11.764730 -14.455596 -63.672869 -30.278612 65.356409 82.652804 -9.268991 33.495318 0.000000 0.000000 0.000000 0.946096 -2.833619 15.226267 -3.210865 -0.576891 -27.218662 -1.136765 10.457862 30.745807 1.392277 -22.628579 -22.275071 0.000000 0.000000 0.000000 19.446153 -5.066303 -133.906855 95.492373 40.470785 52.050131 -39.063217 22.114330 -17.337186 0.000000 0.000000 0.000000 9.188722 -30.230216 82.677278 -54.416173 86.080527 -45.623176 -37.674241 3.779728 -2.260212 0.000000 0.000000 0.000000 
1.698776 0.948355 0.544087 177.806883 7.376077 179.090889 -8.975769 -0.543269 -6.060390 -3.976355 -9.368768 10.828498 112.913350 -54.776653 -4.814033 0.000000 0.000000 0.000000 3.138169 -14.641410 -19.943767 -82.311086 -27.531475 71.564680 93.201853 -27.933591 41.166160 0.000000 0.000000 0.000000 0.689270 -2.961885 15.438430 -3.089377 -0.672754 -27.872267 -0.523615 8.374040 31.913529 -2.081954 -27.618857 -22.931426 0.000000 0.000000 0.000000 20.868814 6.920962 -168.275061 98.503517 5.290274 22.425718 -22.829592 42.289462 -18.197321 0.000000 0.000000 0.000000 2.268928 -32.369210 103.411864 -100.366184 72.001857 -73.203825 -37.401675 -8.512782 1.449583 0.000000 0.000000 0.000000 
1.698503 0.950157 0.529585 177.659217 1.707202 179.029123 -9.049952 -0.673308 -4.774864 -3.689537 -9.954259 11.269478 127.770541 -54.369200 -17.077881 0.000000 0.000000 0.000000 4.914890 -16.108195 -22.342567 -86.357059 -27.970212 70.109828 112.683589 -53.795848 29.325172 0.000000 0.000000 0.000000 0.883207 -2.982793 15.397600 -3.710070 -1.409333 -27.365923 0.651205 7.181019 31.819694 -4.093085 -33.023587 -22.523083 0.000000 0.000000 0.000000 12.467398 20.392633 145.628516 94.624850 -35.768487 -19.956207 23.705182 38.653849 1.428153 0.000000 0.000000 0.000000 -8.156229 -31.520027 133.796451 -106.747297 49.870600 -48.998861 -30.974914 -26.986785 5.042680 0.000000 0.000000 0.000000 
1.698783 0.951938 0.514278 177.870157 -5.189709 179.235726 -8.500039 1.154760 -4.358659 6.299672 15.530492 13.938451 -91.463659 14.811931 -24.790561 0.000000 0.000000 0.000000 -3.145627 8.028762 -19.888534 49.039451 27.724941 53.616806 -66.485657 39.512687 64.036642 0.000000 0.000000 0.000000 2.920841 2.197055 15.675892 -4.084873 0.050073 -27.930613 -2.467243 -1.292276 33.133048 14.852932 30.913484 -18.479471 0.000000 0.000000 0.000000 1.787745 24.897432 113.192487 84.738714 -58.918288 -49.611663 39.776176 14.001629 3.138032 0.000000 0.000000 0.000000 -14.875213 -24.345835 168.990482 -106.739095 20.992055 -8.725043 -4.495765 -44.851096 -5.927374 0.000000 0.000000 0.000000 
1.699260 0.952393 0.498148 177.581213 -10.702134 179.559877 -7.837334 1.226591 -3.636187 6.190046 15.150808 14.467661 -87.273033 14.097559 -18.936380 0.000000 0.000000 0.000000 -2.603088 6.960851 -19.083220 24.643474 22.433381 40.109819 -65.713887 17.387540 32.101400 0.000000 0.000000 0.000000 3.407081 2.315096 16.245889 -3.481072 0.005964 -27.825444 -3.285373 -1.929083 31.720235 15.001890 28.305641 -16.979447 0.000000 0.000000 0.000000 -5.973572 24.113848 86.826383 44.890551 -75.313197 -33.110131 40.121584 -5.308168 -2.735537 0.000000 0.000000 0.000000 -16.492696 -15.026785 -160.145797 -105.896292 -7.292282 26.950980 29.203027 -38.775254 -19.611021 0.000000 0.000000 0.000000 
1.699630 0.950585 0.481251 177.067859 -15.476172 179.685591 -7.315726 1.325301 -4.264921 6.855410 16.866818 17.163688 -79.747990 12.562024 -11.372699 0.000000 0.000000 0.000000 -1.684417 5.295848 -16.629429 7.328617 15.440989 29.559201 -52.645234 13.266604 13.906912 0.000000 0.000000 0.000000 3.975673 2.166129 16.309845 -4.483656 -0.339557 -27.903406 -2.100773 -2.448484 32.487042 9.349697 20.048541 -21.099591 0.000000 0.000000 0.000000 -13.054449 21.292960 68.962152 -11.078104 -72.551784 5.460201 37.605095 -17.286244 -6.158339 0.000000 0.000000 0.000000 -11.059949 -3.254995 -128.941641 -101.794676 -42.905668 63.480368 46.625009 -12.617393 -15.230820 0.000000 0.000000 0.000000 
1.701155 0.947508 0.464277 176.354980 -20.456161 179.463597 -7.235823 1.197584 -4.657039 9.940785 18.268842 21.240702 -78.038509 10.135469 -5.366076 0.000000 0.000000 0.000000 -1.971948 4.326773 -13.819026 4.798111 12.990472 26.826734 -43.328350 10.665831 12.499149 0.000000 0.000000 0.000000 4.546570 2.469575 17.240513 -4.842756 -0.531934 -28.063545 -1.954668 -3.132310 32.238934 10.438741 17.498314 -20.772364 0.000000 0.000000 0.000000 -16.324006 18.474248 57.698723 -32.603576 -66.043311 16.408073 32.799163 -23.056434 -6.961197 0.000000 0.000000 0.000000 -5.798732 2.285952 -104.984071 -97.030120 -69.515866 81.224133 46.547334 6.549160 -7.083726 0.000000 0.000000 0.000000 
1.704844 0.943918 0.448359 176.117871 -23.372730 -179.892398 -6.561360 1.851106 -7.521899 16.020395 21.911839 28.535191 -75.530963 6.781874 2.312086 0.000000 0.000000 0.000000 -1.840442 3.777212 -12.034327 3.557288 11.894286 25.741504 -41.377572 8.998737 11.528801 0.000000 0.000000 0.000000 4.917437 2.091834 16.651103 -5.123504 -0.602385 -27.534522 -1.255814 -1.165504 32.117718 8.395446 13.070849 -21.984053 0.000000 0.000000 0.000000 -18.789872 16.802099 50.066022 -41.101881 -58.953644 16.970572 29.460077 -26.826665 -6.985176 0.000000 0.000000 0.000000 -0.152969 5.472882 -89.602850 -39.286140 -84.766503 39.034013 42.026211 18.982394 -2.084546 0.000000 0.000000 0.000000 
1.710253 0.942367 0.434355 176.648260 -24.580636 -179.551836 -6.273155 3.755641 -12.739811 29.091179 26.055962 40.228553 -75.687830 5.110965 14.182315 0.000000 0.000000 0.000000 -1.205888 3.381594 -11.579520 4.315647 11.447782 24.840008 -46.361905 8.602375 14.114091 0.000000 0.000000 0.000000 5.222906 2.299051 17.080634 -4.558153 -0.565904 -28.058768 -1.125915 0.054661 31.212195 7.208025 11.290537 -22.080521 0.000000 0.000000 0.000000 -20.928906 17.384734 46.278850 -43.825500 -54.828281 14.755125 27.421742 -27.807569 -6.456679 0.000000 0.000000 0.000000 2.142412 8.076747 -82.311880 34.187155 -80.494257 -26.703378 37.291826 24.742575 -0.571911 0.000000 0.000000 0.000000 
1.715846 0.940868 0.421041 176.736931 -26.915364 -179.372926 -6.680144 8.045277 -20.371473 51.826958 27.290510 57.679274 -72.663265 0.490917 33.263013 0.000000 0.000000 0.000000 -1.200650 3.058431 -9.838375 5.358955 10.591157 23.398468 -50.226624 7.164478 15.759146 0.000000 0.000000 0.000000 5.561105 2.243889 17.211469 -3.637520 -0.472012 -27.287579 -1.154639 2.321928 30.490641 5.786361 7.922611 -22.596035 0.000000 0.000000 0.000000 -21.842011 15.888399 41.687175 -46.849654 -48.653706 12.410832 22.047562 -29.829982 -5.562229 0.000000 0.000000 0.000000 4.698932 7.800377 -73.283029 47.785977 -69.434427 -33.055804 33.909856 27.046588 -0.197945 0.000000 0.000000 0.000000 
1.719925 0.940559 0.408015 177.314929 -27.880213 -179.564417 -7.858850 13.484285 -27.737425 71.862856 22.790052 68.172639 -72.326620 -3.791369 47.449642 0.000000 0.000000 0.000000 -0.142475 2.547645 -8.034731 4.896467 9.402902 20.989833 -50.513715 6.838199 14.624217 0.000000 0.000000 0.000000 5.718818 2.935744 18.476346 -3.288250 -0.368980 -28.100271 -0.787286 2.744550 29.997792 5.990204 6.962433 -22.946664 0.000000 0.000000 0.000000 -22.841885 16.614076 38.665471 -48.320259 -44.612794 10.270213 19.238919 -29.489041 -4.610892 0.000000 0.000000 0.000000 4.476558 7.922929 -67.456747 53.768949 -61.873060 -34.955637 31.031946 29.334404 -0.383051 0.000000 0.000000 0.000000 
1.721446 0.940041 0.395556 177.482549 -29.011933 -179.780452 -8.805442 15.783183 -31.041704 77.772239 20.132193 70.143043 -70.615522 -10.145745 49.882908 0.000000 0.000000 0.000000 -0.044686 2.489042 -6.850017 5.966807 9.075495 19.937248 -51.262563 5.798747 15.363180 0.000000 0.000000 0.000000 5.907449 2.974567 18.525480 -2.446385 -0.249908 -26.836963 -1.889030 4.745623 29.363757 7.429497 5.847862 -23.001173 0.000000 0.000000 0.000000 -22.434143 15.863801 35.567279 -49.858091 -40.124767 9.118784 15.340158 -28.574930 -3.580059 0.000000 0.000000 0.000000 5.966307 7.752203 -64.217894 54.170615 -56.146598 -31.284382 29.169750 30.328647 -0.316149 0.000000 0.000000 0.000000 
1.720095 0.940633 0.384197 177.150142 -30.924946 -178.816877 -9.551489 16.909563 -33.051908 73.542769 19.613856 68.152063 -67.437726 -14.676487 47.137499 0.000000 0.000000 0.000000 -0.190185 2.479239 -5.956172 5.736634 8.076948 17.966221 -50.413722 4.905319 15.649817 0.000000 0.000000 0.000000 5.646104 3.003277 18.636352 -2.913181 -0.390983 -26.562445 -1.743859 5.113907 28.393300 7.602693 4.699267 -22.210086 0.000000 0.000000 0.000000 -23.537098 15.217802 33.593516 -49.543242 -35.838223 5.999524 12.856204 -29.538264 -3.137005 0.000000 0.000000 0.000000 7.572019 7.527519 -59.508257 55.425579 -50.599326 -29.089673 27.134838 32.140149 -0.448936 0.000000 0.000000 0.000000 
1.716455 0.940370 0.374037 177.744136 -30.483739 -178.994843 -8.245269 16.630296 -31.615769 61.540813 21.926626 63.015833 -63.559545 -17.956842 36.452427 0.000000 0.000000 0.000000 -0.048162 2.469340 -5.724431 6.863742 8.415452 17.790471 -52.396564 5.714852 17.868894 0.000000 0.000000 0.000000 5.143660 2.875800 18.291212 -2.543495 -0.299507 -26.804740 -0.838262 6.672094 29.248271 9.182666 4.994192 -22.196909 0.000000 0.000000 0.000000 -24.639280 15.355926 34.136054 -49.279569 -35.540785 4.777430 10.383246 -28.496985 -2.879393 0.000000 0.000000 0.000000 8.410889 9.159242 -58.109665 54.007309 -48.324402 -26.083359 25.239348 33.369737 -0.680808 0.000000 0.000000 0.000000 
1.710782 0.939432 0.364247 178.551238 -32.725108 -179.004134 -6.622189 15.613288 -29.793814 44.200719 22.686515 53.515479 -45.731840 -20.100392 19.522552 0.000000 0.000000 0.000000 0.074498 2.332552 -4.697041 8.637401 8.538017 17.216617 -50.092333 3.061102 18.985397 0.000000 0.000000 0.000000 5.831972 2.370104 17.528762 -2.443554 -0.257865 -24.362728 -0.370224 7.546603 27.884599 7.942154 3.664099 -19.376836 0.000000 0.000000 0.000000 -23.528384 12.723925 32.061451 -53.143315 -32.482864 5.124036 12.283306 -26.485610 -2.926303 0.000000 0.000000 0.000000 9.968808 8.484507 -53.291787 56.251384 -41.249426 -23.653500 21.269630 35.250925 -1.646496 0.000000 0.000000 0.000000 
1.703646 0.937226 0.354728 178.859228 -34.062372 -178.836218 -5.205735 12.690193 -25.954420 27.759302 21.098549 41.016651 -37.472151 -14.739896 8.117050 0.000000 0.000000 0.000000 0.545880 2.287554 -3.813329 7.204340 7.728393 16.405373 -47.924714 2.164793 16.184887 0.000000 0.000000 0.000000 5.469960 1.716175 15.996637 -3.568657 -0.331021 -23.489545 0.900944 6.476842 28.216108 7.518578 3.441167 -19.926023 0.000000 0.000000 0.000000 -23.800626 9.921067 35.277065 -51.953044 -34.046121 4.603575 13.232421 -26.281385 -3.457432 0.000000 0.000000 0.000000 10.077174 9.888482 -50.915994 54.243234 -38.065825 -21.039879 23.297444 34.086194 -1.241715 0.000000 0.000000 0.000000 
