v -0.41936105489730835 -0.31203675270080566 1.1513888835906982
v -0.23188087344169617 -0.288406103849411 1.1413577795028687
v -0.0897270143032074 -0.2643060088157654 1.051145076751709
v 0.03803098574280739 -0.26850852370262146 1.0661340951919556
v 0.17372556030750275 -0.28047287464141846 1.100958228111267
v 0.3213823735713959 -0.29256927967071533 1.1404529809951782
v -0.30744677782058716 -0.3047638237476349 1.200096845626831
v -0.13712218403816223 -0.2590142786502838 1.0344222784042358
v -0.012943197973072529 -0.26628559827804565 1.069946050643921
v 0.11499437689781189 -0.2645658552646637 1.0560492277145386
v 0.261793851852417 -0.28745192289352417 1.1314606666564941
v -0.3643248975276947 -0.29702186584472656 1.1834838390350342
v -0.20277932286262512 -0.27800288796424866 1.1190729141235352
v -0.06430354714393616 -0.26176950335502625 1.0612144470214844
v 0.064293771982193 -0.26298218965530396 1.0623812675476074
v 0.19786331057548523 -0.27044886350631714 1.083003282546997
v 0.352913498878479 -0.2833804190158844 1.1332192420959473
v -0.27789053320884705 -0.29651883244514465 1.197298526763916
v -0.11256816983222961 -0.2557404339313507 1.0429095029830933
v 0.014019791036844254 -0.26262184977531433 1.0699455738067627
v 0.14866961538791656 -0.274848610162735 1.0972654819488525
v 0.29417720437049866 -0.28692567348480225 1.1404569149017334
v -0.33279240131378174 -0.295753538608551 1.1929489374160767
v -0.17356570065021515 -0.27638083696365356 1.1260265111923218
v -0.03766528144478798 -0.2606169581413269 1.0688071250915527
v 0.09113709628582001 -0.25928086042404175 1.0589547157287598
v 0.22263143956661224 -0.26487410068511963 1.073590874671936
v -0.4004634916782379 -0.29373306035995483 1.1876455545425415
v -0.228213369846344 -0.27152881026268005 1.112540602684021
v -0.08738653361797333 -0.25523969531059265 1.0537809133529663
v 0.04047321155667305 -0.2598564326763153 1.0688265562057495
v 0.17457294464111328 -0.2665480375289917 1.086305856704712
v 0.3241002559661865 -0.28130000829696655 1.139995813369751
v -0.30063900351524353 -0.2898782193660736 1.1864155530929565
v -0.13521598279476166 -0.24998068809509277 1.0349739789962769
v -0.010366270318627357 -0.25880667567253113 1.0721015930175781
v 0.11719556897878647 -0.2564958333969116 1.0559000968933105
v 0.25973737239837646 -0.27196770906448364 1.1053539514541626
v -0.3638322055339813 -0.2908921539783478 1.1977325677871704
v -0.201542466878891 -0.2709016501903534 1.1271305084228516
v -0.06143790856003761 -0.25490424036979675 1.0632966756820679
v 0.06705788522958755 -0.25613129138946533 1.064191460609436
v 0.19909563660621643 -0.25983887910842896 1.077576756477356
v 0.35749703645706177 -0.2758655548095703 1.136564016342163
v -0.2556130290031433 -0.2688838243484497 1.124538540840149
v -0.11041509360074997 -0.24872863292694092 1.044669270515442
v 0.01655310019850731 -0.2558857798576355 1.0718499422073364
v 0.15074051916599274 -0.26274752616882324 1.0862938165664673
v 0.2964658737182617 -0.2772159278392792 1.135995626449585
v -0.3253445029258728 -0.28352031111717224 1.1817386150360107
v -0.1695806086063385 -0.2649277448654175 1.1138793230056763
v -0.03495342284440994 -0.2540961802005768 1.070592999458313
v 0.09348135441541672 -0.25278809666633606 1.0600937604904175
v 0.22470493614673615 -0.2550783157348633 1.0704299211502075
v -0.39828434586524963 -0.28633466362953186 1.202032446861267
v -0.2262628972530365 -0.2646043598651886 1.1233208179473877
v -0.08476562798023224 -0.2486850768327713 1.055823564529419
v 0.042930085211992264 -0.2529314458370209 1.0704766511917114
v 0.1764480024576187 -0.25740182399749756 1.084213376045227
v 0.32681500911712646 -0.27248114347457886 1.1378681659698486
v -0.2909407317638397 -0.2740055322647095 1.1596508026123047
v -0.1329556554555893 -0.24283544719219208 1.0356141328811646
v -0.007808903697878122 -0.252089262008667 1.0737816095352173
v 0.11948133260011673 -0.24986793100833893 1.0572535991668701
v 0.2527916729450226 -0.25216758251190186 1.0664023160934448
v -0.356783926486969 -0.2795003354549408 1.1861916780471802
v -0.19935499131679535 -0.2637777030467987 1.1308079957962036
v -0.058565717190504074 -0.24834977090358734 1.0650843381881714
v 0.06979305297136307 -0.24946914613246918 1.065970540046692
v 0.20109853148460388 -0.25139597058296204 1.0760520696640015
v 0.3619789779186249 -0.26869434118270874 1.1381504535675049
v -0.2500530183315277 -0.25771141052246094 1.113080620765686
v -0.10787636041641235 -0.24215130507946014 1.0465818643569946
v 0.019137201830744743 -0.2491626739501953 1.0736926794052124
v 0.15355874598026276 -0.25496405363082886 1.0859218835830688
v 0.2976319491863251 -0.2657184302806854 1.125618815422058
v -0.31658175587654114 -0.27020275592803955 1.1625759601593018
v -0.1558442860841751 -0.23793844878673553 1.0294291973114014
v -0.03227152302861214 -0.24733462929725647 1.0723704099655151
v 0.09599938988685608 -0.24652081727981567 1.0615304708480835
v 0.22692371904850006 -0.2469111680984497 1.0704606771469116
v -0.3907623887062073 -0.27584168314933777 1.1946719884872437
v -0.22382637858390808 -0.25813016295433044 1.1278984546661377
v -0.08194409310817719 -0.24220287799835205 1.0577707290649414
v 0.04558795690536499 -0.24596984684467316 1.0719975233078003
v 0.17865993082523346 -0.24936720728874207 1.0833749771118164
v 0.33130723237991333 -0.26359689235687256 1.137959599494934
v -0.2751385271549225 -0.2545693814754486 1.1160955429077148
v -0.13050958514213562 -0.23600725829601288 1.03669011592865
v -0.00514482706785202 -0.24528484046459198 1.0753474235534668
v 0.12238822877407074 -0.24349386990070343 1.058777093887329
v 0.2544574439525604 -0.24360589683055878 1.0647032260894775
v -0.34643521904945374 -0.26708275079727173 1.1656732559204102
v -0.1970171481370926 -0.2563169598579407 1.132624626159668
v -0.05583379417657852 -0.2417973130941391 1.066711664199829
v 0.07257670164108276 -0.24306818842887878 1.0674779415130615
v 0.20344698429107666 -0.24367783963680267 1.075470209121704
v 0.36481326818466187 -0.26115018129348755 1.1373035907745361
v -0.2482810914516449 -0.25202298164367676 1.1214739084243774
v -0.10535211861133575 -0.2357470989227295 1.048643708229065
v 0.02167460136115551 -0.24252328276634216 1.0756012201309204
v 0.15636512637138367 -0.24728505313396454 1.0859224796295166
v 0.29051968455314636 -0.2497732788324356 1.0892876386642456
v -0.30525845289230347 -0.25443509221076965 1.1309316158294678
v -0.15307416021823883 -0.23080191016197205 1.0289781093597412
v -0.0294555202126503 -0.2407531887292862 1.0741773843765259
v 0.09874469041824341 -0.24042853713035583 1.0633121728897095
v 0.2294662892818451 -0.23959222435951233 1.0707688331604004
v -0.37807291746139526 -0.26262444257736206 1.1700624227523804
v -0.22178398072719574 -0.25155317783355713 1.1302140951156616
v -0.0793057233095169 -0.23579369485378265 1.0595723390579224
v 0.04827851057052612 -0.23950272798538208 1.0736650228500366
v 0.18099525570869446 -0.24196310341358185 1.0827962160110474
v 0.3354772627353668 -0.25693389773368835 1.1382569074630737
v -0.271237850189209 -0.24547813832759857 1.1091092824935913
v -0.1280057430267334 -0.22964462637901306 1.0384150743484497
v -0.002446431666612625 -0.2387618124485016 1.0769481658935547
v 0.12554843723773956 -0.2370048612356186 1.0596277713775635
v 0.25672149658203125 -0.2365664690732956 1.0652457475662231
v -0.33476272225379944 -0.25256192684173584 1.13887619972229
v -0.1940241903066635 -0.24907249212265015 1.13359534740448
v -0.05323252081871033 -0.23535417020320892 1.068063735961914
v 0.07522067427635193 -0.23677264153957367 1.068656086921692
v 0.20613634586334229 -0.2366790771484375 1.0761041641235352
v 0.36794501543045044 -0.25443530082702637 1.136368751525879
v -0.24592210352420807 -0.24570545554161072 1.1252471208572388
v -0.10290881991386414 -0.22947384417057037 1.050467610359192
v 0.024236321449279785 -0.23599079251289368 1.0773438215255737
v 0.1589502990245819 -0.239471897482872 1.0850579738616943
v 0.2853846549987793 -0.23505812883377075 1.0655453205108643
v -0.2959175705909729 -0.2412310689687729 1.1067776679992676
v -0.15045376121997833 -0.22417671978473663 1.0293500423431396
v -0.0266556516289711 -0.2342468798160553 1.0759813785552979
v 0.10186133533716202 -0.2340211421251297 1.0652953386306763
v 0.2320849448442459 -0.23260030150413513 1.0709534883499146
v -0.36366820335388184 -0.24798545241355896 1.1414144039154053
v -0.2196696251630783 -0.24496577680110931 1.1319093704223633
v -0.07679227739572525 -0.22959156334400177 1.061161994934082
v 0.050935786217451096 -0.23319382965564728 1.0752003192901611
v 0.18346644937992096 -0.23478664457798004 1.0823094844818115
v 0.3383549153804779 -0.2507205307483673 1.1371623277664185
v -0.26968082785606384 -0.2400280386209488 1.1186869144439697
v -0.1256011575460434 -0.2234998494386673 1.0401285886764526
v 0.0003321442927699536 -0.23224757611751556 1.078494906425476
v 0.12811800837516785 -0.23004084825515747 1.0591281652450562
v 0.2591342628002167 -0.22961513698101044 1.066444754600525
v -0.3246154189109802 -0.2397710084915161 1.116154670715332
v -0.19058193266391754 -0.24193650484085083 1.1344540119171143
v -0.05057959258556366 -0.2289767563343048 1.0695816278457642
v 0.077887162566185 -0.23025302588939667 1.0701395273208618
v 0.20902609825134277 -0.22979135811328888 1.0768799781799316
v 0.37075069546699524 -0.2476942241191864 1.1345890760421753
v -0.24342302978038788 -0.23896896839141846 1.1267917156219482
v -0.10048912465572357 -0.22327330708503723 1.0521767139434814
v 0.026876619085669518 -0.22959263622760773 1.0791538953781128
v 0.16144181787967682 -0.23160241544246674 1.0836856365203857
v 0.28782960772514343 -0.22757907211780548 1.0655542612075806
v -0.2934073805809021 -0.2341700941324234 1.1120740175247192
v -0.14788074791431427 -0.21768447756767273 1.0299208164215088
v -0.023977648466825485 -0.22776579856872559 1.0776386260986328
v 0.10451523214578629 -0.22713179886341095 1.0670132637023926
v 0.2347971498966217 -0.225753515958786 1.0716607570648193
v -0.3541303277015686 -0.2369409054517746 1.1251399517059326
v -0.2174072563648224 -0.2382078319787979 1.1333872079849243
v -0.07426496595144272 -0.22335655987262726 1.062908411026001
v 0.053606752306222916 -0.2270164042711258 1.076705813407898
v 0.18605926632881165 -0.22773560881614685 1.0820900201797485
v 0.3414202630519867 -0.24207499623298645 1.1335877180099487
v -0.26742327213287354 -0.23376433551311493 1.1226580142974854
v -0.12320521473884583 -0.21727526187896729 1.0418835878372192
v 0.003134780330583453 -0.22573260962963104 1.0802528858184814
v 0.1311042457818985 -0.22180895507335663 1.0570820569992065
v 0.2618072032928467 -0.22266735136508942 1.0679185390472412
v -0.3180483281612396 -0.22973087430000305 1.1025866270065308
v -0.1717439740896225 -0.21327920258045197 1.022827386856079
v -0.04795415699481964 -0.22254854440689087 1.0712201595306396
v 0.08063555508852005 -0.2233666479587555 1.0711371898651123
v 0.21178404986858368 -0.2229280173778534 1.0774641036987305
v 0.3733128607273102 -0.23988670110702515 1.1309154033660889
v -0.2408331334590912 -0.23213689029216766 1.1276459693908691
v -0.09808411449193954 -0.2170407772064209 1.0537947416305542
v 0.029597846791148186 -0.22332976758480072 1.0806838274002075
v 0.16301357746124268 -0.22386009991168976 1.083361029624939
v 0.2901512384414673 -0.2204938381910324 1.0653373003005981
v -0.29254579544067383 -0.22874408960342407 1.1214286088943481
v -0.14538899064064026 -0.21115456521511078 1.0308425426483154
v -0.021315045654773712 -0.22124145925045013 1.0792734622955322
v 0.0980411097407341 -0.20268882811069489 0.976399838924408
v 0.23769140243530273 -0.21905891597270966 1.0728777647018433
v -0.3468799591064453 -0.22730456292629242 1.112111210823059
v -0.21477898955345154 -0.2312714159488678 1.134379267692566
v -0.07173583656549454 -0.2171214371919632 1.0645005702972412
v 0.05659892037510872 -0.2206490933895111 1.078060507774353
v 0.18877585232257843 -0.22076602280139923 1.0822688341140747
v 0.34262099862098694 -0.2336433231830597 1.1274592876434326
v -0.26483669877052307 -0.22675921022891998 1.1234015226364136
v -0.12079013139009476 -0.21106234192848206 1.0435045957565308
v 0.005803230218589306 -0.21919748187065125 1.081825852394104
v 0.12081248313188553 -0.19657236337661743 0.9606074690818787
v 0.26460933685302734 -0.2157427817583084 1.0693637132644653
v -0.31640955805778503 -0.2236008495092392 1.1136189699172974
v -0.1681823581457138 -0.20623786747455597 1.021108865737915
v -0.045323532074689865 -0.21613232791423798 1.0729291439056396
v 0.07746642827987671 -0.20043109357357025 0.9888911247253418
v 0.2145582139492035 -0.21624977886676788 1.0782636404037476
v 0.37564921379089355 -0.23201026022434235 1.1275768280029297
v -0.23829646408557892 -0.22535090148448944 1.128289818763733
v -0.09562485665082932 -0.21082231402397156 1.0551214218139648
v 0.03231373801827431 -0.2171098291873932 1.0822244882583618
v 0.16497668623924255 -0.21647068858146667 1.0832617282867432
v 0.2925959527492523 -0.21351473033428192 1.0659327507019043
v -0.29013267159461975 -0.2226596623659134 1.1233582496643066
v -0.14287246763706207 -0.2046743929386139 1.0317754745483398
v -0.01861373335123062 -0.21470709145069122 1.0805867910385132
v 0.10061142593622208 -0.19492082297801971 0.9760878086090088
v 0.240583136677742 -0.21255213022232056 1.0741028785705566
v -0.3413408398628235 -0.21841956675052643 1.1018338203430176
v -0.21208885312080383 -0.22420242428779602 1.1348718404769897
v -0.06916125863790512 -0.21082141995429993 1.0659197568893433
v 0.059585776180028915 -0.21389085054397583 1.0789088010787964
v 0.191569983959198 -0.21370014548301697 1.0828202962875366
v 0.32914572954177856 -0.21517756581306458 1.0776124000549316
v -0.2623654007911682 -0.21980585157871246 1.1235132217407227
v -0.11833637952804565 -0.2048504501581192 1.0448291301727295
v 0.008484447374939919 -0.21286259591579437 1.0835654735565186
v 0.12283612787723541 -0.18899942934513092 0.958204984664917
v 0.26737770438194275 -0.20904171466827393 1.0704065561294556
v -0.3162655532360077 -0.21817618608474731 1.122533917427063
v -0.1653098165988922 -0.19966761767864227 1.0221905708312988
v -0.04271231219172478 -0.20973095297813416 1.0745618343353271
v 0.07939707487821579 -0.19333454966545105 0.9891162514686584
v 0.21738074719905853 -0.2096683531999588 1.0792903900146484
v 0.38004809617996216 -0.22343041002750397 1.1230008602142334
v -0.2358495444059372 -0.2185954600572586 1.128806471824646
v -0.09312716126441956 -0.2045133262872696 1.0561529397964478
v 0.03497494012117386 -0.21079817414283752 1.0841323137283325
v 0.16706201434135437 -0.2102331519126892 1.0837125778198242
v 0.2951405644416809 -0.2066047191619873 1.0663701295852661
v -0.28712815046310425 -0.21567334234714508 1.122485637664795
v -0.14043812453746796 -0.19842596352100372 1.0325733423233032
v -0.015959203243255615 -0.20820815861225128 1.0816984176635742
v 0.10338076204061508 -0.1884204000234604 0.976417601108551
v 0.24365362524986267 -0.20607642829418182 1.0755205154418945
v -0.3405113220214844 -0.2130834013223648 1.1171890497207642
v -0.20912039279937744 -0.2168925255537033 1.1350324153900146
v -0.0664883702993393 -0.20438846945762634 1.067372441291809
v 0.06200552359223366 -0.2072097361087799 1.0788215398788452
v 0.19452977180480957 -0.20687730610370636 1.083662509918213
v 0.33059194684028625 -0.20742633938789368 1.074682354927063
v -0.2597748935222626 -0.2128828763961792 1.123833179473877
v -0.11594054102897644 -0.1985485851764679 1.0460307598114014
v 0.011132469400763512 -0.20650288462638855 1.0851656198501587
v 0.12499111890792847 -0.18208560347557068 0.9552615880966187
v 0.2701003849506378 -0.20226605236530304 1.070912480354309
v -0.31334757804870605 -0.21192704141139984 1.1226675510406494
v -0.16278988122940063 -0.19330459833145142 1.0234646797180176
v -0.040192943066358566 -0.20320218801498413 1.0763200521469116
v 0.08189164102077484 -0.18729503452777863 0.9911317229270935
v 0.22027486562728882 -0.20313066244125366 1.0802282094955444
v -0.37332087755203247 -0.20855505764484406 1.1049554347991943
v -0.23335610330104828 -0.21178758144378662 1.1292178630828857
v -0.09052100032567978 -0.19809502363204956 1.0574630498886108
v 0.03779413551092148 -0.20417767763137817 1.0855530500411987
v 0.14811299741268158 -0.17775468528270721 0.9384956955909729
v 0.29774004220962524 -0.19971096515655518 1.0668113231658936
v -0.28424450755119324 -0.20852679014205933 1.1216834783554077
v -0.13814982771873474 -0.19239310920238495 1.03432297706604
v -0.013302787207067013 -0.20164234936237335 1.083042025566101
v 0.10591411590576172 -0.1825469583272934 0.9772393703460693
v 0.2467154860496521 -0.19954891502857208 1.0767102241516113
v -0.3407965898513794 -0.20809368789196014 1.124834656715393
v -0.20583969354629517 -0.20976302027702332 1.1351732015609741
v -0.06379090994596481 -0.19779473543167114 1.0688402652740479
v 0.06080124154686928 -0.18568797409534454 1.0001945495605469
v 0.1973896026611328 -0.20032759010791779 1.0846456289291382
v 0.33156144618988037 -0.19967445731163025 1.0723482370376587
v -0.25713104009628296 -0.20611992478370667 1.1245412826538086
v -0.11354433000087738 -0.19231218099594116 1.0472646951675415
v 0.013908382505178452 -0.19992990791797638 1.0869779586791992
v 0.12716786563396454 -0.1754087209701538 0.9531640410423279
v 0.272769033908844 -0.19548830389976501 1.0707106590270996
v -0.3100920617580414 -0.20500805974006653 1.1208986043930054
v -0.16018980741500854 -0.18711261451244354 1.0246886014938354
v -0.037677835673093796 -0.1966691017150879 1.0780770778656006
v 0.08452767878770828 -0.18132777512073517 0.9929834008216858
v 0.22325362265110016 -0.19668106734752655 1.081272840499878
v -0.37382882833480835 -0.20563700795173645 1.133849859237671
v -0.2307772934436798 -0.205000638961792 1.1297898292541504
v -0.08786913752555847 -0.19169344007968903 1.0591427087783813
v 0.0407150536775589 -0.19720953702926636 1.0864896774291992
v 0.14995089173316956 -0.17076422274112701 0.9350453019142151
v 0.3004140853881836 -0.1929250955581665 1.067152500152588
v -0.2815326154232025 -0.2016184777021408 1.1214673519134521
v -0.13588793575763702 -0.18630725145339966 1.0360605716705322
v -0.01062122080475092 -0.19501830637454987 1.084627628326416
v 0.10835650563240051 -0.17598897218704224 0.9762543439865112
v 0.24955561757087708 -0.19295722246170044 1.0772384405136108
v -0.3362198770046234 -0.20136751234531403 1.1209989786148071
v -0.2021562159061432 -0.20266315340995789 1.134655237197876
v -0.06112802028656006 -0.19127359986305237 1.0704525709152222
v 0.06353940069675446 -0.17949894070625305 1.0028753280639648
v 0.2001194953918457 -0.19387145340442657 1.0856205224990845
v 0.33605775237083435 -0.1938135325908661 1.0757807493209839
v -0.2545419931411743 -0.19942745566368103 1.1252199411392212
v -0.11112410575151443 -0.18607911467552185 1.0487219095230103
v 0.01657646708190441 -0.19343163073062897 1.0887354612350464
v 0.12945252656936646 -0.16904892027378082 0.9514655470848083
v 0.2755092978477478 -0.18876196444034576 1.0704413652420044
v -0.3070183992385864 -0.19792701303958893 1.1196632385253906
v -0.1577938199043274 -0.1808283030986786 1.0257326364517212
v -0.03511607646942139 -0.1901676058769226 1.0799490213394165
v 0.08729469031095505 -0.1753951609134674 0.9946258664131165
v 0.22624723613262177 -0.1901293247938156 1.082077980041504
v -0.3702382445335388 -0.19878244400024414 1.131888747215271
v -0.22806599736213684 -0.1981143206357956 1.1303033828735352
v -0.08525760471820831 -0.18530675768852234 1.0609946250915527
v 0.04322425276041031 -0.19001854956150055 1.0869896411895752
v 0.1511130928993225 -0.16356337070465088 0.9320924878120422
v 0.30315619707107544 -0.18620209395885468 1.067266583442688
v -0.2788220942020416 -0.194752499461174 1.121333360671997
v -0.13367529213428497 -0.18006472289562225 1.0378270149230957
v -0.007907480001449585 -0.18851225078105927 1.0862784385681152
v 0.11067891120910645 -0.1695355623960495 0.9750754833221436
v 0.25237005949020386 -0.18625882267951965 1.077429175376892
v -0.33232197165489197 -0.19345159828662872 1.1172877550125122
v -0.19795583188533783 -0.19512414932250977 1.1323003768920898
v -0.058522120118141174 -0.1847897469997406 1.0723525285720825
v 0.0660390853881836 -0.17343367636203766 1.0057880878448486
v 0.20280179381370544 -0.1874326765537262 1.0863853693008423
v 0.33520808815956116 -0.18586081266403198 1.0697616338729858
v -0.2519329786300659 -0.19274692237377167 1.1255332231521606
v -0.10866086930036545 -0.17962460219860077 1.050532341003418
v 0.01929880492389202 -0.18687956035137177 1.0902862548828125
v 0.13185499608516693 -0.16280685365200043 0.9502373933792114
v 0.27841153740882874 -0.18216989934444427 1.0705147981643677
v -0.3038143217563629 -0.19066737592220306 1.1183799505233765
v -0.1552635133266449 -0.17447197437286377 1.0266952514648438
v -0.03257684037089348 -0.18369846045970917 1.0819504261016846
v 0.09003566205501556 -0.16924408078193665 0.9959131479263306
v 0.22921967506408691 -0.18354292213916779 1.0826141834259033
v -0.36619168519973755 -0.19213111698627472 1.1281540393829346
v -0.2251557558774948 -0.19111618399620056 1.1304574012756348
v -0.08269790560007095 -0.17892113327980042 1.0630680322647095
v 0.04364586994051933 -0.17134934663772583 1.0145831108093262
v 0.15314140915870667 -0.15764376521110535 0.9272053241729736
v 0.30580034852027893 -0.17957788705825806 1.067142367362976
v -0.27613624930381775 -0.18792980909347534 1.1209319829940796
v -0.13138851523399353 -0.17377477884292603 1.0396661758422852
v -0.00518744345754385 -0.1821097433567047 1.0880788564682007
v 0.1130395233631134 -0.16325265169143677 0.974266529083252
v 0.25519341230392456 -0.17950531840324402 1.0773080587387085
v -0.3291395306587219 -0.1861824244260788 1.1156811714172363
v -0.17891578376293182 -0.16917116940021515 1.0128108263015747
v -0.05601992458105087 -0.17829705774784088 1.0743223428726196
v 0.06858967989683151 -0.16753332316875458 1.0084222555160522
v 0.2053123563528061 -0.1807151585817337 1.0866893529891968
v 0.33595162630081177 -0.17812322080135345 1.0661793947219849
v -0.24935513734817505 -0.18609534204006195 1.1256804466247559
v -0.10618959367275238 -0.17314937710762024 1.0525072813034058
v 0.021896790713071823 -0.1802556961774826 1.0921157598495483
v 0.13429690897464752 -0.1567057967185974 0.9494056105613708
v 0.281277060508728 -0.17573997378349304 1.07076895236969
v -0.3007216453552246 -0.1834610104560852 1.1173151731491089
v -0.15268166363239288 -0.16807782649993896 1.0274372100830078
v -0.0299180056899786 -0.17722773551940918 1.083940029144287
v 0.092662513256073 -0.16301436722278595 0.9968892931938171
v 0.2319650650024414 -0.17677873373031616 1.0826624631881714
v -0.356790155172348 -0.18291154503822327 1.1150176525115967
v -0.2222653329372406 -0.18412648141384125 1.1303538084030151
v -0.08017972111701965 -0.17252519726753235 1.0652719736099243
v 0.04634704813361168 -0.16513453423976898 1.0181485414505005
v 0.15500099956989288 -0.15158595144748688 0.9235422611236572
v 0.3083071708679199 -0.17299343645572662 1.0668575763702393
v -0.27345430850982666 -0.18116693198680878 1.1206625699996948
v -0.12901639938354492 -0.16757801175117493 1.0415160655975342
v -0.0025428866501897573 -0.1758166402578354 1.0900042057037354
v 0.11549296975135803 -0.15708382427692413 0.9737485647201538
v 0.2580426037311554 -0.1727822870016098 1.0771574974060059
v -0.3259204924106598 -0.17912165820598602 1.1144087314605713
v -0.17555710673332214 -0.1627134382724762 1.0119898319244385
v -0.053583286702632904 -0.1717931628227234 1.0763235092163086
v 0.0712713748216629 -0.1615438014268875 1.010884404182434
v 0.20803192257881165 -0.173824280500412 1.0865366458892822
v 0.337340772151947 -0.170586958527565 1.0633373260498047
v -0.24665707349777222 -0.17945560812950134 1.1253952980041504
v -0.10374079644680023 -0.16666656732559204 1.0546566247940063
v 0.024225983768701553 -0.17400962114334106 1.0938905477523804
v 0.13675278425216675 -0.15072716772556305 0.9489105939865112
v 0.28402629494667053 -0.16935692727565765 1.071018099784851
v -0.2978592813014984 -0.17649950087070465 1.1166967153549194
v -0.15009726583957672 -0.16162431240081787 1.0278688669204712
v -0.027225060388445854 -0.17082202434539795 1.085834264755249
v 0.09526608139276505 -0.15683513879776 0.9978084564208984
v 0.23463279008865356 -0.16992728412151337 1.08235764503479
v -0.35258668661117554 -0.17534106969833374 1.1118041276931763
v -0.21921823918819427 -0.17706778645515442 1.1298625469207764
v -0.07765572518110275 -0.16604365408420563 1.067566156387329
v 0.04908492788672447 -0.15921877324581146 1.0215727090835571
v 0.156927227973938 -0.14523465931415558 0.9214924573898315
v 0.3109581172466278 -0.16636401414871216 1.066786289215088
v -0.2707577049732208 -0.17446494102478027 1.1203527450561523
v -0.12656015157699585 -0.16124075651168823 1.0433510541915894
v 4.1839612094918266e-05 -0.16932664811611176 1.0916799306869507
v 0.11799193173646927 -0.15089641511440277 0.9735584855079651
v 0.26092106103897095 -0.16610099375247955 1.076882243156433
v -0.32275769114494324 -0.17204904556274414 1.1130318641662598
v -0.17218293249607086 -0.15617062151432037 1.0120635032653809
v -0.051140084862709045 -0.16523924469947815 1.0783467292785645
v 0.0739540234208107 -0.15549509227275848 1.0133882761001587
v 0.21079549193382263 -0.16675172746181488 1.0862632989883423
v 0.33862975239753723 -0.16325712203979492 1.0602563619613647
v -0.24376577138900757 -0.17253443598747253 1.1244760751724243
v -0.10117843002080917 -0.16013675928115845 1.0567210912704468
v 0.025786302983760834 -0.15669195353984833 1.0272345542907715
v 0.139298215508461 -0.1448564976453781 0.9488285779953003
v 0.28679051995277405 -0.16287536919116974 1.070940375328064
v -0.29525044560432434 -0.16961343586444855 1.1158124208450317
v -0.14755213260650635 -0.155173197388649 1.0283297300338745
v -0.024550708010792732 -0.16423480212688446 1.087344765663147
v 0.09787139296531677 -0.15075211226940155 0.9986202716827393
v 0.2372715026140213 -0.16314338147640228 1.0819473266601562
v -0.34834519028663635 -0.1679484248161316 1.1095305681228638
v -0.21596983075141907 -0.170043483376503 1.128964900970459
v -0.0751272439956665 -0.15953443944454193 1.0698168277740479
v 0.05166861042380333 -0.15346655249595642 1.0254493951797485
v 0.1590636670589447 -0.13888400793075562 0.9200539588928223
v 0.31352943181991577 -0.15959249436855316 1.066138744354248
v -0.2682267725467682 -0.1676872968673706 1.119912028312683
v -0.12402581423521042 -0.15486860275268555 1.0450003147125244
v 0.0028866988141089678 -0.16264387965202332 1.0933729410171509
v 0.12053553760051727 -0.1447363793849945 0.9736735224723816
v 0.26373159885406494 -0.15942241251468658 1.0766661167144775
v -0.31975963711738586 -0.16502121090888977 1.1112926006317139
v -0.16921284794807434 -0.1492857187986374 1.0120470523834229
v -0.0486297681927681 -0.15863820910453796 1.0805717706680298
v 0.07665491104125977 -0.14952781796455383 1.0158854722976685
v 0.21330668032169342 -0.15965773165225983 1.0857688188552856
v 0.3399980962276459 -0.15611223876476288 1.057217001914978
v -0.2408071905374527 -0.16556675732135773 1.1235299110412598
v -0.09861138463020325 -0.1538994461297989 1.0592955350875854
v 0.028677908703684807 -0.150685116648674 1.0301820039749146
v 0.1418163925409317 -0.1389262080192566 0.9491319060325623
v 0.2895617187023163 -0.15609042346477509 1.0710958242416382
v -0.2926011383533478 -0.16269728541374207 1.1146818399429321
v -0.14512336254119873 -0.14867043495178223 1.028967261314392
v -0.021703490987420082 -0.1577402800321579 1.0888926982879639
v 0.10047044605016708 -0.1446704864501953 0.9995383620262146
v 0.2399977445602417 -0.15624204277992249 1.0815528631210327
v -0.3444077670574188 -0.16064482927322388 1.1072063446044922
v -0.21253031492233276 -0.16298933327198029 1.1278231143951416
v -0.07259774953126907 -0.15303179621696472 1.071946620941162
v 0.0543232336640358 -0.14765220880508423 1.02885103225708
v 0.1609620302915573 -0.13250893354415894 0.9191847443580627
v 0.3157312273979187 -0.1526731699705124 1.064610481262207
v -0.2658859193325043 -0.16090822219848633 1.119676113128662
v -0.12144038081169128 -0.14840473234653473 1.0465463399887085
v 0.005874957889318466 -0.15569853782653809 1.0946333408355713
v 0.12309493124485016 -0.13863027095794678 0.9741435647010803
v 0.2663666009902954 -0.15263836085796356 1.0760245323181152
v -0.316943496465683 -0.15798752009868622 1.1093263626098633
v -0.16624076664447784 -0.14275436103343964 1.0121303796768188
v -0.04606826975941658 -0.15224529802799225 1.0829925537109375
v 0.0794173926115036 -0.1436169594526291 1.0183809995651245
v 0.21585452556610107 -0.15248247981071472 1.0849865674972534
v 0.34182143211364746 -0.14899271726608276 1.0542659759521484
v -0.23730719089508057 -0.1589624583721161 1.1218774318695068
v -0.0961461067199707 -0.14765098690986633 1.061785340309143
v 0.03146790713071823 -0.1447884738445282 1.034301519393921
v 0.14430242776870728 -0.13301941752433777 0.9496941566467285
v 0.2921074628829956 -0.14910835027694702 1.0704059600830078
v -0.2899261713027954 -0.1557604819536209 1.113655686378479
v -0.1426762491464615 -0.14217296242713928 1.0298000574111938
v -0.018859628587961197 -0.15140844881534576 1.0904786586761475
v 0.10303662717342377 -0.13858504593372345 1.0006835460662842
v 0.24273622035980225 -0.14928962290287018 1.081024408340454
v -0.3405855596065521 -0.15329381823539734 1.1041406393051147
v -0.20897190272808075 -0.15624143183231354 1.1259865760803223
v -0.07006795704364777 -0.14655287563800812 1.074415922164917
v 0.057242535054683685 -0.14188580214977264 1.0328254699707031
v 0.1632259041070938 -0.12650752067565918 0.9187385439872742
v 0.31781071424484253 -0.1455775946378708 1.0624854564666748
v -0.2631261944770813 -0.15396465361118317 1.1185790300369263
v -0.11889507621526718 -0.14201365411281586 1.0483094453811646
v 0.008357030339539051 -0.14862562716007233 1.095513939857483
v 0.12563621997833252 -0.1325553059577942 0.9749721884727478
v 0.26895806193351746 -0.14569471776485443 1.0750856399536133
v -0.31399089097976685 -0.15089507400989532 1.107446312904358
v -0.16381242871284485 -0.13617384433746338 1.0132524967193604
v -0.04365825653076172 -0.14593757688999176 1.0857129096984863
v 0.08218826353549957 -0.1376390904188156 1.0207724571228027
v 0.21846909821033478 -0.14563240110874176 1.0839548110961914
v 0.3446524441242218 -0.14166228473186493 1.05123770236969
v -0.22738580405712128 -0.1459335833787918 1.0867235660552979
v -0.09373588114976883 -0.1412508487701416 1.0639253854751587
v 0.034037746489048004 -0.13888829946517944 1.039373517036438
v 0.1468328833580017 -0.12708255648612976 0.9504354000091553
v 0.29448866844177246 -0.14207150042057037 1.069278359413147
v -0.28683242201805115 -0.1489204317331314 1.112309455871582
v -0.1402963101863861 -0.13586671650409698 1.0312373638153076
v -0.01603621430695057 -0.14452552795410156 1.0922448635101318
v 0.10562726855278015 -0.1324159801006317 1.0022692680358887
v 0.24547088146209717 -0.1422569900751114 1.080054759979248
v -0.33670446276664734 -0.14584137499332428 1.1003413200378418
v -0.20078825950622559 -0.14470164477825165 1.0937345027923584
v -0.06749650090932846 -0.1401822417974472 1.0770020484924316
v 0.0603424608707428 -0.13605348765850067 1.0373904705047607
v 0.16536283493041992 -0.1206665113568306 0.9189372062683105
v 0.32002466917037964 -0.1386333703994751 1.0609002113342285
v -0.249674454331398 -0.14079861342906952 1.0787842273712158
v -0.11636880040168762 -0.13577574491500854 1.0506539344787598
v 0.010477833449840546 -0.13923786580562592 1.0960463285446167
v 0.12826572358608246 -0.12648262083530426 0.9761240482330322
v 0.2714691460132599 -0.1386987715959549 1.0740717649459839
v -0.3102285861968994 -0.14394596219062805 1.1049714088439941
v -0.1612619012594223 -0.1299198716878891 1.0142123699188232
v -0.04132843762636185 -0.13951635360717773 1.088053584098816
v 0.0850469172000885 -0.13147038221359253 1.0231226682662964
v 0.221367746591568 -0.13863125443458557 1.083090901374817
v -0.36691632866859436 -0.140923872590065 1.0921791791915894
v -0.22447288036346436 -0.13825713098049164 1.0860867500305176
v -0.0912872925400734 -0.1349489688873291 1.0662126541137695
v 0.03684968873858452 -0.1328144520521164 1.0442854166030884
v 0.14937524497509003 -0.12117934226989746 0.9512260556221008
v 0.2966669201850891 -0.1349438577890396 1.0681400299072266
v -0.27299514412879944 -0.1359063684940338 1.072648525238037
v -0.1379999816417694 -0.12976226210594177 1.0330390930175781
v -0.013261453248560429 -0.13748778402805328 1.093825340270996
v 0.10835154354572296 -0.12611329555511475 1.0041027069091797
v 0.24804776906967163 -0.13534006476402283 1.0788477659225464
v -0.3327399492263794 -0.13861410319805145 1.0955324172973633
v -0.19769351184368134 -0.136008620262146 1.093633770942688
v -0.06484939157962799 -0.13392674922943115 1.079990029335022
v 0.06349921971559525 -0.1300913691520691 1.041938066482544
v 0.16755731403827667 -0.11515642702579498 0.9189632534980774
v 0.32199838757514954 -0.1317165046930313 1.058288335800171
v -0.24718353152275085 -0.13349704444408417 1.0789037942886353
v -0.11387605965137482 -0.12953615188598633 1.0531989336013794
v 0.011570689268410206 -0.12802180647850037 1.0697168111801147
v 0.13091450929641724 -0.12045272439718246 0.9775992035865784
v 0.27376803755760193 -0.13173413276672363 1.0729448795318604
v -0.2951422333717346 -0.13104943931102753 1.0623793601989746
v -0.15863919258117676 -0.12347106635570526 1.014867901802063
v -0.038892749696969986 -0.1326867640018463 1.0899555683135986
v 0.08781806379556656 -0.1251843124628067 1.0253454446792603
v 0.22417941689491272 -0.1315327137708664 1.0818126201629639
v -0.3590008020401001 -0.1322869062423706 1.0880770683288574
v -0.22187325358390808 -0.13113369047641754 1.0868542194366455
v -0.08888890594244003 -0.1287437379360199 1.068946123123169
v 0.04022861272096634 -0.12634514272212982 1.0471491813659668
v 0.15188506245613098 -0.11522824317216873 0.9520482420921326
v 0.2988598346710205 -0.1281335949897766 1.0663981437683105
v -0.2696787118911743 -0.1283961981534958 1.0698728561401367
v -0.1356935054063797 -0.12365471571683884 1.035140872001648
v -0.008515845984220505 -0.1135501116514206 0.9104398488998413
v 0.11113131791353226 -0.11993242055177689 1.0055968761444092
v 0.2504276633262634 -0.12843766808509827 1.077499508857727
v -0.31596827507019043 -0.12588360905647278 1.0509086847305298
v -0.19533106684684753 -0.12921206653118134 1.094942569732666
v -0.06222371757030487 -0.12774349749088287 1.0831270217895508
v 0.06655551493167877 -0.12400202453136444 1.0459988117218018
v 0.17031818628311157 -0.10944807529449463 0.9184776544570923
v 0.32388177514076233 -0.12482554465532303 1.0552624464035034
v -0.24462349712848663 -0.12644854187965393 1.079075574874878
v -0.11139123141765594 -0.12318015098571777 1.0555599927902222
v 0.014877397567033768 -0.11196514964103699 0.9361084699630737
v 0.1336703896522522 -0.11447656899690628 0.9793226718902588
v 0.2759518325328827 -0.12485668063163757 1.0713601112365723
v -0.29164931178092957 -0.12356308102607727 1.0596104860305786
v -0.15611083805561066 -0.11726583540439606 1.0155940055847168
v -0.035969946533441544 -0.12580206990242004 1.0920442342758179
v 0.0904647558927536 -0.11882906407117844 1.027023196220398
v 0.2269718199968338 -0.12442487478256226 1.0801568031311035
v -0.35341209173202515 -0.12339359521865845 1.076432704925537
v -0.21923013031482697 -0.12428904324769974 1.087827205657959
v -0.08657517284154892 -0.1226031631231308 1.0718590021133423
v 0.039940256625413895 -0.11212226748466492 0.9543231129646301
v 0.15433870255947113 -0.10932542383670807 0.9527604579925537
v 0.3008676767349243 -0.12135788798332214 1.063637137413025
v -0.2670263350009918 -0.12139022350311279 1.0694550275802612
v -0.13327431678771973 -0.11743622273206711 1.0373362302780151
v -0.006191546563059092 -0.10631123930215836 0.9181978702545166
v 0.11393872648477554 -0.11376021057367325 1.0069663524627686
v 0.25272440910339355 -0.12152956426143646 1.0759233236312866
v -0.31299838423728943 -0.11821212619543076 1.0487778186798096
v -0.19294963777065277 -0.12238350510597229 1.0962555408477783
v -0.05932527408003807 -0.12118784338235855 1.086081862449646
v 0.06367029994726181 -0.10826661437749863 0.950168251991272
v 0.1729833483695984 -0.10370595753192902 0.9177922606468201
v 0.3256918787956238 -0.11793852597475052 1.051774024963379
v -0.24194444715976715 -0.11959435790777206 1.0792841911315918
v -0.10893931984901428 -0.11679886281490326 1.0576753616333008
v 0.017090559005737305 -0.1051989197731018 0.940248966217041
v 0.13644732534885406 -0.10849389433860779 0.9810469150543213
v 0.2781177759170532 -0.11802598088979721 1.0697169303894043
v -0.28870469331741333 -0.11639436334371567 1.0583316087722778
v -0.1536751687526703 -0.11106477677822113 1.0164470672607422
v -0.03309280425310135 -0.11766111105680466 1.0935108661651611
v 0.09313248842954636 -0.112466961145401 1.0274807214736938
v 0.2294902801513672 -0.1173972338438034 1.078431487083435
v -0.3365529179573059 -0.11331553757190704 1.0404127836227417
v -0.21655046939849854 -0.11748848110437393 1.0888440608978271
v -0.0841309204697609 -0.11617613583803177 1.074605941772461
v 0.04139469936490059 -0.10397841781377792 0.9513092041015625
v 0.15680064260959625 -0.1032143086194992 0.9533385634422302
v 0.30288878083229065 -0.11455017328262329 1.0607746839523315
v -0.26427462697029114 -0.11462076008319855 1.0692086219787598
v -0.1308020055294037 -0.11118590831756592 1.0396696329116821
v -0.004297671373933554 -0.10093097388744354 0.9298424124717712
v 0.11673525720834732 -0.1076066792011261 1.0081508159637451
v 0.2548885643482208 -0.11471094936132431 1.0738452672958374
v -0.31004106998443604 -0.1109566017985344 1.0472080707550049
v -0.1904737502336502 -0.11547420918941498 1.0974527597427368
v -0.05609092116355896 -0.11399712413549423 1.0882138013839722
v 0.06524375826120377 -0.1005810797214508 0.9458528757095337
v 0.17592889070510864 -0.09787802398204803 0.9170562624931335
v 0.32738998532295227 -0.11101199686527252 1.0478651523590088
v -0.23915426433086395 -0.11275432258844376 1.079275369644165
v -0.10659339278936386 -0.11039777845144272 1.0598654747009277
v 0.019184788689017296 -0.09821898490190506 0.9331492781639099
v 0.1391662061214447 -0.1024111956357956 0.9826025366783142
v 0.28058674931526184 -0.1113981083035469 1.0685222148895264
v -0.2857256233692169 -0.10948243737220764 1.057590365409851
v -0.15140044689178467 -0.10497808456420898 1.017181158065796
v -0.024962930008769035 -0.09552907943725586 0.905911922454834
v 0.09605724364519119 -0.10605165362358093 1.0273946523666382
v 0.2318163514137268 -0.11058403551578522 1.0762840509414673
v -0.33273792266845703 -0.10608348250389099 1.039579153060913
v -0.2139536440372467 -0.1107204481959343 1.0898808240890503
v -0.08147363364696503 -0.10956574231386185 1.077419400215149
v 0.04330362752079964 -0.09609008580446243 0.9372178912162781
v 0.15936213731765747 -0.09710695594549179 0.953405499458313
v 0.30481836199760437 -0.10760001093149185 1.0574846267700195
v -0.26150575280189514 -0.10777825862169266 1.0689775943756104
v -0.12841233611106873 -0.1049300879240036 1.0424089431762695
v -0.002062666229903698 -0.09450805932283401 0.9296596050262451
v 0.11940965056419373 -0.10138973593711853 1.0091772079467773
v 0.25699013471603394 -0.1078483983874321 1.0711973905563354
v -0.30728626251220703 -0.10409776866436005 1.0469764471054077
v -0.18802684545516968 -0.10853323340415955 1.098297119140625
v -0.0463448241353035 -0.09318841248750687 0.9234802722930908
v 0.06734660267829895 -0.09450983256101608 0.9470527172088623
v 0.17899712920188904 -0.09229842573404312 0.9174116849899292
v 0.32917651534080505 -0.10396569222211838 1.0435634851455688
v -0.23635977506637573 -0.10589954257011414 1.0790629386901855
v -0.10429707169532776 -0.1040353998541832 1.0621572732925415
v 0.02122311107814312 -0.09181125462055206 0.9287070631980896
v 0.14189815521240234 -0.09629091620445251 0.9845806360244751
v 0.2826696038246155 -0.10439898073673248 1.065832257270813
v -0.2828569710254669 -0.10270187258720398 1.0572502613067627
v -0.1491399109363556 -0.09863901883363724 1.0179469585418701
v -0.023071374744176865 -0.08961854875087738 0.9187228679656982
v 0.09920288622379303 -0.09992425888776779 1.0271940231323242
v 0.23390798270702362 -0.1036996990442276 1.0740554332733154
v -0.3291394114494324 -0.09937537461519241 1.0384441614151
v -0.21151643991470337 -0.10397429764270782 1.0909396409988403
v -0.07953734695911407 -0.10341840982437134 1.077287197113037
v 0.04522726684808731 -0.08921761810779572 0.9311511516571045
v 0.161909818649292 -0.09111537784337997 0.9548627138137817
v 0.3067488968372345 -0.10049733519554138 1.0540764331817627
v -0.2587454617023468 -0.10091497749090195 1.0688166618347168
v -0.12602168321609497 -0.09855762869119644 1.0449165105819702
v 0.00018949926015920937 -0.08789315819740295 0.922315776348114
v 0.1221018061041832 -0.09515880793333054 1.010164499282837
v 0.2595566213130951 -0.1010081097483635 1.0708421468734741
v -0.3046734929084778 -0.09761824458837509 1.047601342201233
v -0.18560612201690674 -0.10159486532211304 1.0987584590911865
v -0.04272295534610748 -0.08440191298723221 0.8998656868934631
v 0.06999552249908447 -0.08888160437345505 0.9495733976364136
v 0.18218794465065002 -0.08685972541570663 0.9214560985565186
v 0.33090999722480774 -0.09679512679576874 1.0392601490020752
v -0.23370914161205292 -0.09911228716373444 1.0792449712753296
v -0.10189485549926758 -0.09759505093097687 1.0642873048782349
v 0.02332919090986252 -0.08544494956731796 0.9234045743942261
v 0.14455197751522064 -0.0900823250412941 0.9864290952682495
v 0.284501850605011 -0.09726415574550629 1.0621023178100586
v -0.2801334261894226 -0.09602178633213043 1.0570939779281616
v -0.1466798186302185 -0.09222855418920517 1.0183656215667725
v -0.02093636989593506 -0.08359957486391068 0.9151792526245117
v 0.0962592288851738 -0.08757957071065903 0.9695010185241699
v 0.2356588989496231 -0.09667500108480453 1.0711536407470703
v -0.3256354331970215 -0.09271381795406342 1.03725266456604
v -0.2090654820203781 -0.09734555333852768 1.0920265913009644
v -0.06469977647066116 -0.08290354907512665 0.9123833775520325
v 0.04712854325771332 -0.08320918679237366 0.9276334047317505
v 0.16429898142814636 -0.08503969758749008 0.9565632343292236
v 0.3085480034351349 -0.09342382848262787 1.0504498481750488
v -0.256087988615036 -0.09405621141195297 1.068665623664856
v -0.12377475947141647 -0.09225554764270782 1.047425389289856
v 0.0024652457796037197 -0.08138581365346909 0.9158836603164673
v 0.1247711256146431 -0.08882543444633484 1.0107406377792358
v 0.26166215538978577 -0.09384367614984512 1.0679218769073486
v -0.3021586537361145 -0.09123292565345764 1.047804355621338
v -0.1830810159444809 -0.0947466716170311 1.0987645387649536
v -0.04059429466724396 -0.07862517237663269 0.9039937853813171
v 0.07263655960559845 -0.08324166387319565 0.9519528746604919
v 0.20949245989322662 -0.09133799374103546 1.0710598230361938
v 0.3327946066856384 -0.0896870568394661 1.0352528095245361
v -0.23113180696964264 -0.09236571192741394 1.079796314239502
v -0.09916030615568161 -0.09092506766319275 1.0663000345230103
v 0.025506066158413887 -0.07896749675273895 0.9176434278488159
v 0.14711052179336548 -0.08391150087118149 0.9875536561012268
v 0.2861464321613312 -0.09012214094400406 1.0579047203063965
v -0.2774830460548401 -0.08933421969413757 1.0569881200790405
v -0.14431095123291016 -0.08572904020547867 1.0186604261398315
v -0.018528573215007782 -0.07742475718259811 0.9094716310501099
v 0.09943768382072449 -0.08233972638845444 0.9723957777023315
v 0.237691730260849 -0.08977410197257996 1.0693950653076172
v -0.32234227657318115 -0.08609879016876221 1.0359903573989868
v -0.20645396411418915 -0.09059242159128189 1.0923815965652466
v -0.06120232120156288 -0.0756264254450798 0.8995120525360107
v 0.0491618849337101 -0.07719821482896805 0.9245139956474304
v 0.16654090583324432 -0.07902321964502335 0.9558475613594055
v 0.3101138770580292 -0.08637157082557678 1.045907974243164
v -0.2534292936325073 -0.0872582197189331 1.0685250759124756
v -0.12151168286800385 -0.08604452759027481 1.0496888160705566
v 0.004718070384114981 -0.0748138278722763 0.9096218347549438
v 0.1273684799671173 -0.08236899971961975 1.0109868049621582
v 0.2632853090763092 -0.08666323125362396 1.0637587308883667
v -0.29951050877571106 -0.08468130975961685 1.0472785234451294
v -0.18026292324066162 -0.08774194866418839 1.0984376668930054
v -0.0385734848678112 -0.0735219195485115 0.9051340222358704
v 0.07529331743717194 -0.07767868787050247 0.9521847367286682
v 0.21260812878608704 -0.08472249656915665 1.069231629371643
v 0.334842324256897 -0.08279982209205627 1.0320053100585938
v -0.22865170240402222 -0.08569083362817764 1.080636978149414
v -0.08400758355855942 -0.07431351393461227 0.9176323413848877
v 0.027741719037294388 -0.07257552444934845 0.9123883843421936
v 0.1496342271566391 -0.0775829553604126 0.9872142672538757
v 0.2878016233444214 -0.08317189663648605 1.0537028312683105
v -0.2748086154460907 -0.08269990980625153 1.056993007659912
v -0.14200104773044586 -0.07933071255683899 1.0192633867263794
v -0.015994295477867126 -0.07106999307870865 0.9031641483306885
v 0.10228581726551056 -0.07640690356492996 0.9754632711410522
v 0.2396077662706375 -0.082891546189785 1.0663998126983643
v -0.31935757398605347 -0.07954055815935135 1.0348610877990723
v -0.20371799170970917 -0.08379726856946945 1.092349886894226
v -0.057996638119220734 -0.06888805329799652 0.888596773147583
v 0.051293641328811646 -0.07104768604040146 0.9214938879013062
v 0.16888213157653809 -0.07285642623901367 0.9537560939788818
v 0.31141990423202515 -0.07938114553689957 1.0406334400177002
v -0.2507432997226715 -0.0805850401520729 1.0685160160064697
v -0.11905290186405182 -0.0796932578086853 1.0511683225631714
v 0.007055619265884161 -0.06841427087783813 0.9037980437278748
v 0.13001540303230286 -0.07592200487852097 1.0116136074066162
v 0.26482751965522766 -0.07959751039743423 1.059217095375061
v -0.2967626452445984 -0.07811561971902847 1.0465964078903198
v -0.17750400304794312 -0.08082251995801926 1.0979963541030884
v -0.036189112812280655 -0.06778037548065186 0.9011369943618774
v 0.07721225172281265 -0.07052039355039597 0.9476823210716248
v 0.21524496376514435 -0.078023262321949 1.066362738609314
v 0.3386555016040802 -0.07637172937393188 1.0309855937957764
v -0.22621624171733856 -0.07896442711353302 1.0815564393997192
v -0.08020887523889542 -0.0674348846077919 0.9037676453590393
v 0.029987508431077003 -0.06637950241565704 0.9076157808303833
v 0.15220554172992706 -0.07132045924663544 0.9852632880210876
v 0.28929364681243896 -0.07631783932447433 1.0492416620254517
v -0.27211910486221313 -0.07609120011329651 1.0570932626724243
v -0.13965782523155212 -0.07302550971508026 1.0205163955688477
v -0.013518036343157291 -0.06484710425138474 0.8973841667175293
v 0.1050531193614006 -0.0706547349691391 0.9786943197250366
v 0.2413872927427292 -0.07597053796052933 1.0624969005584717
v -0.3165326714515686 -0.07308483123779297 1.033895492553711
v -0.2009555846452713 -0.07691137492656708 1.0919774770736694
v -0.05595368891954422 -0.06365839391946793 0.8955070376396179
v 0.05344495177268982 -0.06474357098340988 0.9178471565246582
v 0.17092493176460266 -0.06667065620422363 0.9508515000343323
v 0.3129284381866455 -0.07271954417228699 1.0369560718536377
v -0.2480103075504303 -0.07394424080848694 1.0686434507369995
v -0.11636464297771454 -0.0728134736418724 1.0507484674453735
v 0.009431418962776661 -0.06227322667837143 0.8985722064971924
v 0.13281239569187164 -0.06950824707746506 1.0117827653884888
v 0.2664487361907959 -0.07284574955701828 1.0548847913742065
v -0.2939798831939697 -0.07149233669042587 1.0460617542266846
v -0.17472079396247864 -0.07406076788902283 1.096813440322876
v -0.033729128539562225 -0.0618007592856884 0.8965435028076172
v 0.07886425405740738 -0.06404096633195877 0.9416501522064209
v 0.2173195481300354 -0.07144812494516373 1.0639114379882812
v -0.33868393301963806 -0.06803465634584427 1.0188102722167969
v -0.2237914800643921 -0.07222668826580048 1.0827736854553223
v -0.07548047602176666 -0.05969913676381111 0.8886328935623169
v 0.03215111792087555 -0.06033029407262802 0.9032736420631409
v 0.15482057631015778 -0.06511251628398895 0.9846513867378235
v 0.2907135784626007 -0.06941038370132446 1.0446107387542725
v -0.26944276690483093 -0.06955128908157349 1.0572048425674438
v -0.13694274425506592 -0.06707760691642761 1.0233914852142334
v -0.011011196300387383 -0.05876511335372925 0.8925546407699585
v 0.10812964290380478 -0.06464483588933945 0.9819849729537964
v 0.24316000938415527 -0.06924130767583847 1.0587297677993774
v -0.3137931227684021 -0.06660392135381699 1.033174991607666
v -0.19816698133945465 -0.06997262686491013 1.091578483581543
v -0.05380624532699585 -0.05819689482450485 0.8972135782241821
v 0.05552477762103081 -0.05862370505928993 0.9141014814376831
v 0.17273853719234467 -0.06050650402903557 0.9480597376823425
v 0.3154427707195282 -0.06629376113414764 1.0373764038085938
v -0.24535058438777924 -0.06728142499923706 1.0688207149505615
v -0.11406736820936203 -0.0665777176618576 1.0495315790176392
v 0.011745192110538483 -0.056264542043209076 0.8942226767539978
v 0.1355465203523636 -0.06313925236463547 1.0119447708129883
v 0.26780131459236145 -0.06600269675254822 1.0505285263061523
v -0.29093751311302185 -0.06488262116909027 1.0456128120422363
v -0.17187267541885376 -0.06719803065061569 1.0951956510543823
v -0.031247783452272415 -0.05569591745734215 0.8918869495391846
v 0.08054903149604797 -0.05769992619752884 0.934755802154541
v 0.2199096977710724 -0.06503123790025711 1.0617091655731201
v -0.33366164565086365 -0.061628300696611404 1.0192619562149048
v -0.22125943005084991 -0.06544385850429535 1.0836553573608398
v -0.07341977208852768 -0.054097194224596024 0.8843765258789062
v 0.034272339195013046 -0.05438026040792465 0.8994300961494446
v 0.15719719231128693 -0.05904604494571686 0.9860554337501526
v 0.2923568785190582 -0.06261338293552399 1.042073130607605
v -0.2667519748210907 -0.06298862397670746 1.0570183992385864
v -0.1342330276966095 -0.06069435924291611 1.025023102760315
v -0.008562377654016018 -0.05280224606394768 0.8883877396583557
v 0.11085738986730576 -0.05882108956575394 0.9839365482330322
v 0.24468354880809784 -0.06246049329638481 1.0545742511749268
v -0.31101396679878235 -0.06005480885505676 1.0326206684112549
v -0.19538620114326477 -0.06296037137508392 1.090843677520752
v -0.05149761214852333 -0.05243280157446861 0.8946404457092285
v 0.057620055973529816 -0.05268402397632599 0.9104129672050476
v 0.1746368259191513 -0.054362453520298004 0.9436410665512085
v 0.31807881593704224 -0.05982350558042526 1.0377739667892456
v -0.24266581237316132 -0.060605473816394806 1.0690243244171143
v -0.09705053269863129 -0.052625786513090134 0.9085972905158997
v 0.013997969217598438 -0.050431154668331146 0.8905952572822571
v 0.13818927109241486 -0.05685781314969063 1.011980414390564
v 0.26921340823173523 -0.05906477943062782 1.046990990638733
v -0.28794199228286743 -0.058391403406858444 1.045138955116272
v -0.1687043458223343 -0.06017262861132622 1.093847393989563
v -0.02881011553108692 -0.04969920590519905 0.8877315521240234
v 0.0822514221072197 -0.05142390727996826 0.9291408658027649
v 0.2216934710741043 -0.05831865221261978 1.0575093030929565
v -0.33073312044143677 -0.055302202701568604 1.0189111232757568
v -0.21858857572078705 -0.0586700439453125 1.0836719274520874
v -0.0716526135802269 -0.04895969480276108 0.8891543745994568
v 0.03637724742293358 -0.04852457344532013 0.8960447907447815
v 0.1593560129404068 -0.05294637009501457 0.9848405718803406
v 0.2939837574958801 -0.05582866445183754 1.0418003797531128
v -0.2638810873031616 -0.05624246224761009 1.0563180446624756
v -0.1314057856798172 -0.05441882833838463 1.0259735584259033
v -0.006176054943352938 -0.046957600861787796 0.8848365545272827
v 0.11320997029542923 -0.05273124575614929 0.9831419587135315
v 0.2465071827173233 -0.05572403967380524 1.0499228239059448
v -0.3082472085952759 -0.05350390449166298 1.0320836305618286
v -0.1925160437822342 -0.05585673823952675 1.0899442434310913
v -0.049124669283628464 -0.04658672586083412 0.8911461234092712
v 0.059834569692611694 -0.046819865703582764 0.9070930480957031
v 0.17589981853961945 -0.04805987700819969 0.936158299446106
v 0.28895679116249084 -0.05017438158392906 0.9263780117034912
v -0.2398570477962494 -0.0538966991007328 1.0690678358078003
v -0.09310648590326309 -0.045614056289196014 0.8947334885597229
v 0.016116172075271606 -0.04466666281223297 0.8875377774238586
v 0.1407291442155838 -0.05060297250747681 1.011924147605896
v 0.27023929357528687 -0.052745431661605835 1.0448925495147705
v -0.2849143445491791 -0.05187925696372986 1.0445359945297241
v -0.16572563350200653 -0.05289895460009575 1.0924817323684692
v -0.02642427384853363 -0.043825432658195496 0.8842135667800903
v 0.08425530791282654 -0.04521670565009117 0.9255411624908447
v 0.22303204238414764 -0.0515192486345768 1.0527853965759277
v -0.32802847027778625 -0.04894126206636429 1.0186280012130737
v -0.21567493677139282 -0.05172944813966751 1.082848072052002
v -0.06944498419761658 -0.043174032121896744 0.8933334350585938
v 0.03853221237659454 -0.04278070107102394 0.8932934403419495
v 0.1612851768732071 -0.04690682142972946 0.9825344681739807
v 0.2702349126338959 -0.047130320221185684 0.943846583366394
v -0.26050683856010437 -0.0491667166352272 1.055666208267212
v -0.1287156045436859 -0.04817190021276474 1.0265742540359497
v -0.003880584379658103 -0.04120687395334244 0.8819516897201538
v 0.11457135528326035 -0.045234423130750656 0.9768627285957336
v 0.24837972223758698 -0.0486363060772419 1.0461335182189941
v -0.30556589365005493 -0.04694608226418495 1.0316331386566162
v -0.18963772058486938 -0.04870133101940155 1.08888578414917
v -0.0466647632420063 -0.04075989872217178 0.8876553773880005
v 0.06199110671877861 -0.04097835347056389 0.9045202136039734
v 0.17809027433395386 -0.04247413948178291 0.9363925457000732
v 0.28628575801849365 -0.04342293739318848 0.9118728637695312
v -0.23706704378128052 -0.04704638943076134 1.0688679218292236
v -0.08928342908620834 -0.03912803903222084 0.8829191327095032
v 0.01820857636630535 -0.038994889706373215 0.8850551843643188
v 0.14328444004058838 -0.04422149807214737 1.0096906423568726
v 0.2526582181453705 -0.04348927363753319 0.9607119560241699
v -0.2816911041736603 -0.045091621577739716 1.0436385869979858
v -0.16278982162475586 -0.04549471661448479 1.091357707977295
v -0.024099720641970634 -0.03805703669786453 0.881074070930481
v 0.08617400377988815 -0.03917441517114639 0.9222172498703003
v 0.21207930147647858 -0.04316163808107376 0.9845219850540161
v -0.32546713948249817 -0.04254361242055893 1.018273949623108
v -0.21255101263523102 -0.04473822936415672 1.0812938213348389
v -0.06717423349618912 -0.03753552958369255 0.891409158706665
v 0.04072586074471474 -0.03706367313861847 0.8913853764533997
v 0.16285206377506256 -0.04098076745867729 0.9811825156211853
v 0.2710060179233551 -0.03990408778190613 0.938897967338562
v -0.22738350927829742 -0.04539800435304642 0.9261186122894287
v -0.12598802149295807 -0.04181547835469246 1.0258842706680298
v -0.0015935766277834773 -0.03554239869117737 0.8795751333236694
v 0.11596239358186722 -0.0387604720890522 0.9676747918128967
v 0.23517000675201416 -0.0394987128674984 0.9771944284439087
v -0.3028573989868164 -0.04050346091389656 1.0312334299087524
v -0.1865655481815338 -0.04170455038547516 1.087796688079834
v -0.044281236827373505 -0.03500911220908165 0.8841885328292847
v 0.06413304060697556 -0.035164475440979004 0.9026250839233398
v 0.1807265281677246 -0.03697742894291878 0.938328742980957
v 0.2842635214328766 -0.036466084420681 0.8976655602455139
v -0.2342040240764618 -0.040240056812763214 1.0682508945465088
v -0.08711495250463486 -0.033764105290174484 0.8814264535903931
v 0.020376062020659447 -0.033362552523612976 0.8831314444541931
v 0.14550185203552246 -0.03786977380514145 1.008762001991272
v 0.2540358603000641 -0.036634642630815506 0.9576470851898193
v -0.2782159149646759 -0.03819954767823219 1.0424206256866455
v -0.15971185266971588 -0.03838543966412544 1.0897377729415894
v -0.0217861607670784 -0.03239346668124199 0.8782675266265869
v 0.08828508853912354 -0.03329280763864517 0.9194096326828003
v 0.21498402953147888 -0.03638080507516861 0.9864186644554138
v -0.32278889417648315 -0.0361734963953495 1.018040418624878
v -0.20928238332271576 -0.03790885955095291 1.0793030261993408
v -0.06478306651115417 -0.03184666857123375 0.8884793519973755
v 0.04299019277095795 -0.031365666538476944 0.8900300860404968
v 0.16447117924690247 -0.034851476550102234 0.9806751608848572
v 0.27127861976623535 -0.033207543194293976 0.9324938654899597
v -0.22430363297462463 -0.03686698526144028 0.9235689043998718
v -0.1102604940533638 -0.030868468806147575 0.904323935508728
v 0.0006401556893251836 -0.029937010258436203 0.8775895237922668
v 0.11787749826908112 -0.032663099467754364 0.9621607065200806
v 0.23634599149227142 -0.03310178220272064 0.9739260077476501
v -0.30013328790664673 -0.03423718735575676 1.0308191776275635
v -0.18337291479110718 -0.03489520773291588 1.086488962173462
v -0.04191719740629196 -0.02925925701856613 0.8807289600372314
v 0.06631447374820709 -0.02944224514067173 0.9013447165489197
v 0.19261954724788666 -0.03148597851395607 0.9904341101646423
v 0.28175896406173706 -0.029747186228632927 0.88014817237854
v -0.2311600297689438 -0.03354443609714508 1.067421793937683
v -0.08474835753440857 -0.02816549502313137 0.8895134925842285
v 0.02259611152112484 -0.027769483625888824 0.881712019443512
v 0.14768125116825104 -0.03149246424436569 1.008660912513733
v 0.2553676962852478 -0.030073173344135284 0.9538344740867615
v -0.27495965361595154 -0.03142249956727028 1.039893388748169
v -0.15621386468410492 -0.03140830621123314 1.0881149768829346
v -0.019459445029497147 -0.026724087074398994 0.8755426406860352
v 0.09048665314912796 -0.027472026646137238 0.9170898795127869
v 0.2174762636423111 -0.02979918196797371 0.9872770309448242
v -0.32010674476623535 -0.02988818846642971 1.0179880857467651
v -0.20595203340053558 -0.031135734170675278 1.0772831439971924
v -0.06230781972408295 -0.02606486715376377 0.8853928446769714
v 0.04526328295469284 -0.025688158348202705 0.8889880776405334
v 0.16537217795848846 -0.028942033648490906 0.9733262658119202
v 0.27098414301872253 -0.0268994327634573 0.9243765473365784
v -0.22200767695903778 -0.02880283258855343 0.9228987693786621
v -0.10650014877319336 -0.024642808362841606 0.8910203576087952
v 0.002861334942281246 -0.02438650093972683 0.8759704828262329
v 0.12001015990972519 -0.026559198275208473 0.9594452977180481
v 0.2381688356399536 -0.026777412742376328 0.9722251892089844
v -0.2973240315914154 -0.02788972482085228 1.0300929546356201
v -0.1801811158657074 -0.02796882390975952 1.0849610567092896
v -0.03948479890823364 -0.023530473932623863 0.8776706457138062
v 0.06845640391111374 -0.02378770522773266 0.9002788066864014
v 0.19712674617767334 -0.026253093034029007 0.9992449283599854
v 0.2791883945465088 -0.02351951226592064 0.8627262115478516
v -0.22768332064151764 -0.0265334565192461 1.0668004751205444
v -0.0827891156077385 -0.02258474752306938 0.889788031578064
v 0.024801120162010193 -0.02215217426419258 0.8806614875793457
v 0.14972321689128876 -0.025052562355995178 1.0061609745025635
v 0.25643059611320496 -0.023745102807879448 0.9488759636878967
v -0.2382603883743286 -0.024726012721657753 0.8974626064300537
v -0.15303361415863037 -0.02448662929236889 1.0876710414886475
v -0.017105525359511375 -0.02105545625090599 0.8733893036842346
v 0.09280777722597122 -0.02176562510430813 0.9166020154953003
v 0.21964575350284576 -0.023585079237818718 0.9868616461753845
v -0.31749626994132996 -0.02364158071577549 1.0180186033248901
v -0.20241928100585938 -0.02403545379638672 1.0752865076065063
v -0.05981763079762459 -0.02029328979551792 0.8821521997451782
v 0.04752742126584053 -0.020057711750268936 0.8882781267166138
v 0.1642700731754303 -0.021302904933691025 0.9405159950256348
v 0.2701217532157898 -0.020583244040608406 0.9125149250030518
v -0.21951647102832794 -0.022098954766988754 0.9222279191017151
v -0.10296256840229034 -0.018836773931980133 0.8832280039787292
v 0.005077869165688753 -0.01880778931081295 0.8747369050979614
v 0.12249643355607986 -0.020489506423473358 0.9595156311988831
v 0.2396647334098816 -0.020744092762470245 0.9697246551513672
v -0.29435276985168457 -0.021425895392894745 1.0293396711349487
v -0.17709344625473022 -0.021189719438552856 1.0834002494812012
v -0.037095267325639725 -0.01773916557431221 0.8750838041305542
v 0.07069515436887741 -0.018053872510790825 0.8997882008552551
v 0.19943512976169586 -0.019970493391156197 0.9997786283493042
v 0.2772371172904968 -0.017856253311038017 0.8472955226898193
v -0.20090943574905396 -0.01985657773911953 0.9463443756103516
v -0.0805140808224678 -0.016831081360578537 0.8878839015960693
v 0.027022147551178932 -0.016536513343453407 0.8797605633735657
v 0.15141743421554565 -0.01859269104897976 1.001552700996399
v 0.25717034935951233 -0.017570655792951584 0.9424026012420654
v -0.23506450653076172 -0.01763954572379589 0.8947151899337769
v -0.1496932953596115 -0.017734266817569733 1.0876390933990479
v -0.01477829273790121 -0.015342634171247482 0.8718971014022827
v 0.09535142779350281 -0.016032269224524498 0.9174285531044006
v 0.2216154783964157 -0.017335698008537292 0.9854687452316284
v -0.31492531299591064 -0.01734541356563568 1.018085241317749
v -0.1990060657262802 -0.01672859862446785 1.0726879835128784
v -0.057346612215042114 -0.014535950496792793 0.8789482116699219
v 0.04976318031549454 -0.014414511620998383 0.8879818916320801
v 0.1661490648984909 -0.015517119318246841 0.9376127123832703
v 0.2678464651107788 -0.014403754845261574 0.8943226933479309
v -0.21680830419063568 -0.015672970563173294 0.9214592576026917
v -0.10041014105081558 -0.013274772092700005 0.8779385089874268
v 0.0072841704823076725 -0.013191526755690575 0.8738682270050049
v 0.1255490779876709 -0.014434302225708961 0.9630640745162964
v 0.2411576360464096 -0.014501211233437061 0.9661619067192078
v -0.29065045714378357 -0.01493327971547842 1.02805757522583
v -0.17385391891002655 -0.01425026822835207 1.0818015336990356
v -0.0347505584359169 -0.011953995563089848 0.8728586435317993
v 0.07296358048915863 -0.012263125739991665 0.89958655834198
v 0.20190715789794922 -0.013429173268377781 0.9999388456344604
v 0.2768777012825012 -0.012600812129676342 0.834749162197113
v -0.19795218110084534 -0.013084476813673973 0.9462596774101257
v -0.07810501009225845 -0.010970025323331356 0.8856731057167053
v 0.02926221303641796 -0.010845193639397621 0.8792552947998047
v 0.15315575897693634 -0.012219334952533245 0.9980954527854919
v 0.25734633207321167 -0.011463554576039314 0.9346380829811096
v -0.23127305507659912 -0.011354692280292511 0.8910426497459412
v -0.14656566083431244 -0.010991264134645462 1.0883822441101074
v -0.012540181167423725 -0.009614377282559872 0.8708255290985107
v 0.09796149283647537 -0.010145866312086582 0.9190666675567627
v 0.22346174716949463 -0.011046414263546467 0.9832590818405151
v -0.3122917115688324 -0.010902184061706066 1.0179059505462646
v -0.17755210399627686 -0.011119802482426167 0.967318594455719
v -0.05489898845553398 -0.008760884404182434 0.8760277628898621
v 0.05199280008673668 -0.008715535514056683 0.8880030512809753
v 0.16740290820598602 -0.009506290778517723 0.931562602519989
v 0.2651558816432953 -0.008428387343883514 0.8747560977935791
v -0.21400082111358643 -0.009544212371110916 0.9204054474830627
v -0.09822100400924683 -0.007353967987000942 0.8894192576408386
v 0.009439791552722454 -0.007472747005522251 0.8733542561531067
v 0.1285439133644104 -0.008076037280261517 0.9692085981369019
v 0.24245090782642365 -0.008244392462074757 0.961769700050354
v -0.25676313042640686 -0.007401586975902319 0.8757930397987366
v -0.17059218883514404 -0.007234256248921156 1.0810065269470215
v -0.03245840221643448 -0.006166920065879822 0.8710882663726807
v 0.07527818530797958 -0.006473170127719641 0.8995440602302551
v 0.20424437522888184 -0.007017212919890881 0.9993066787719727
v -0.334718257188797 -0.006986380089074373 1.00272536277771
v -0.19594106078147888 -0.00677473796531558 0.9482610821723938
v -0.07558654248714447 -0.005176170263439417 0.8834537267684937
v 0.03150376304984093 -0.005143462214618921 0.879076361656189
v 0.15491212904453278 -0.005825482774525881 0.9956204295158386
v 0.2570193409919739 -0.005480149760842323 0.9254370331764221
v -0.22721198201179504 -0.004911704920232296 0.8859218955039978
v -0.12297843396663666 -0.004651828669011593 0.9110614657402039
v -0.010302715003490448 -0.003958314657211304 0.8700788021087646
v 0.10064753890037537 -0.004314291290938854 0.9205548167228699
v 0.2252347469329834 -0.004819835070520639 0.9804397225379944
v -0.30951082706451416 -0.004263770766556263 1.0174981355667114
v -0.17566809058189392 -0.003935885149985552 0.967742919921875
v -0.05253763124346733 -0.0030170148238539696 0.8732804656028748
v 0.05425526201725006 -0.003002517158165574 0.8881665468215942
v 0.16887088119983673 -0.0037033455446362495 0.9240770936012268
v 0.2626867890357971 -0.002793485065922141 0.8568053245544434
v -0.21109209954738617 -0.00347142550162971 0.9184144735336304
v -0.09647689759731293 -0.0017587614711374044 0.8905046582221985
v 0.011602862738072872 -0.0018204394727945328 0.8731994032859802
v 0.13125967979431152 -0.0019092928851023316 0.9758139848709106
v 0.24341443181037903 -0.0020579535048455 0.9554228186607361
v -0.2856009900569916 -0.001978230895474553 1.0275236368179321
v -0.15363731980323792 -0.0009790558833628893 0.980877161026001
v -0.030178284272551537 -0.0005243015475571156 0.869735062122345
v 0.0776730477809906 -0.0007914678426459432 0.8997447490692139
v 0.2064688354730606 -0.00073500897269696 0.9979032874107361
v -0.32973912358283997 -0.0003601001517381519 1.0040584802627563
v -0.19369465112686157 -0.000701913028024137 0.9492871165275574
v -0.07310640811920166 0.0004883427172899246 0.8815013766288757
v 0.03377914056181908 0.0004198845708742738 0.8793134689331055
v 0.15676431357860565 0.0004901810898445547 0.9928722381591797
v 0.25621137022972107 0.0003057179565075785 0.9129277467727661
v -0.2223682403564453 0.00128885917365551 0.8742222785949707
v -0.11795520782470703 0.0005782762891612947 0.891822338104248
v -0.008145475760102272 0.0015517710708081722 0.8696291446685791
v 0.10322760790586472 0.0013549082214012742 0.9220395684242249
v 0.22682788968086243 0.001377867884002626 0.9768630862236023
v -0.3066504895687103 0.0024530452210456133 1.0168969631195068
v -0.17351922392845154 0.0024609453976154327 0.9673798084259033
v -0.05026772618293762 0.002625587861984968 0.8718880414962769
v 0.05656438320875168 0.0026544828433543444 0.888076901435852
v 0.17099636793136597 0.0020059566013514996 0.9163442850112915
v 0.26073670387268066 0.002524326788261533 0.8418075442314148
v -0.20757636427879333 0.0024551141541451216 0.9141228199005127
v -0.09429873526096344 0.0038541981484740973 0.8894827961921692
v 0.013788298703730106 0.0037209615111351013 0.8733425140380859
v 0.1346873641014099 0.004470396786928177 0.9843709468841553
v 0.24398505687713623 0.004051628988236189 0.9475557804107666
v -0.28288090229034424 0.004773115273565054 1.0267257690429688
v -0.15089811384677887 0.004739759489893913 0.9795022010803223
v -0.02796362154185772 0.004993866663426161 0.868675172328949
v 0.08008473366498947 0.004863724112510681 0.900162935256958
v 0.20854929089546204 0.005500769708305597 0.9958763718605042
v -0.3264292776584625 0.006113403011113405 1.0033111572265625
v -0.1908431500196457 0.00527195306494832 0.9472654461860657
v -0.07074249535799026 0.006031271070241928 0.8795956373214722
v 0.036037709563970566 0.006022765766829252 0.8798946738243103
v 0.15854503214359283 0.0061201718635857105 0.9876845479011536
v 0.2541362941265106 0.006003574002534151 0.8955129384994507
v -0.21649152040481567 0.006209127604961395 0.8565296530723572
v -0.1141614317893982 0.006804655771702528 0.8816453814506531
v -0.005975211039185524 0.0070561994798481464 0.8694093227386475
v 0.10575466603040695 0.007139444816857576 0.923774242401123
v 0.22824980318546295 0.007615570444613695 0.9721386432647705
v -0.30362802743911743 0.009188973344862461 1.0158896446228027
v -0.17111270129680634 0.00844386126846075 0.9669369459152222
v -0.048075396567583084 0.008265435695648193 0.8716924786567688
v 0.058858174830675125 0.008271689526736736 0.887758731842041
v 0.18659554421901703 0.00970686599612236 1.0105689764022827
v 0.25895455479621887 0.007967228069901466 0.8281221389770508
v -0.2033194899559021 0.008459324017167091 0.9080747365951538
v -0.09193846583366394 0.009465261362493038 0.8880767822265625
v 0.01591193489730358 0.009233994409441948 0.8737285733222961
v 0.14221784472465515 0.012053442187607288 1.019338607788086
v 0.24408242106437683 0.010021666996181011 0.9387852549552917
v -0.2802014946937561 0.011855070479214191 1.025585651397705
v -0.14874005317687988 0.01100604236125946 0.9795176982879639
v -0.0258833859115839 0.010458864271640778 0.8680049180984497
v 0.08259783685207367 0.010566885583102703 0.9018722176551819
v 0.21056431531906128 0.011765141040086746 0.9931744337081909
v -0.3231685757637024 0.012551660649478436 1.0021640062332153
v -0.18780499696731567 0.011348308064043522 0.9442125558853149
v -0.0684741884469986 0.01153272483497858 0.8780457377433777
v 0.03828930854797363 0.011625069193542004 0.8807583451271057
v 0.1492193192243576 0.011265082284808159 0.9056071043014526
v 0.2506811022758484 0.011820284649729729 0.8727385401725769
v -0.21511469781398773 0.011679764837026596 0.868030846118927
v -0.11157408356666565 0.012416837736964226 0.8789450526237488
v -0.0038157168310135603 0.01255961786955595 0.8693860173225403
v 0.10819675028324127 0.013012467883527279 0.9259246587753296
v 0.22951434552669525 0.013763589784502983 0.9670717716217041
v -0.3004249930381775 0.015759453177452087 1.0145500898361206
v -0.16868796944618225 0.014337108470499516 0.9664009213447571
v -0.04587941989302635 0.013800793327391148 0.871534526348114
v 0.0611686185002327 0.013976406306028366 0.8889849185943604
v 0.19126465916633606 0.016047608107328415 1.0146125555038452
v 0.25727224349975586 0.013584542088210583 0.8145450949668884
v -0.1959790587425232 0.014083611778914928 0.8901322484016418
v -0.08948849886655807 0.015076863579452038 0.8865424990653992
v 0.018072612583637238 0.014735975302755833 0.8743455410003662
v 0.14547063410282135 0.018879318609833717 1.0240916013717651
v 0.24372732639312744 0.015728110447525978 0.9276900291442871
v -0.27727943658828735 0.01875651441514492 1.024312138557434
v -0.14666813611984253 0.01740371622145176 0.9798274040222168
v -0.023791005834937096 0.015981270000338554 0.8684914112091064
v 0.08505602180957794 0.016321253031492233 0.9041082859039307
v 0.21240174770355225 0.01801341585814953 0.9899519085884094
v -0.32010364532470703 0.01891629956662655 1.0007332563400269
v -0.18489214777946472 0.017399614676833153 0.9409735202789307
v -0.06624018400907516 0.016903122887015343 0.8764169216156006
v 0.04048039764165878 0.017230184748768806 0.881853461265564
v 0.1522820144891739 0.017082834616303444 0.9076154232025146
v 0.24730169773101807 0.017024876549839973 0.8508688807487488
v -0.2501351237297058 0.020448850467801094 1.0314006805419922
v -0.10998816043138504 0.017798738554120064 0.8842355012893677
v -0.0017115500522777438 0.01795538142323494 0.8692322969436646
v 0.11067940294742584 0.01892363652586937 0.9280365109443665
v 0.23054082691669464 0.01976635679602623 0.9609274864196777
v -0.29709118604660034 0.02216942608356476 1.0129871368408203
v -0.16611897945404053 0.020303601399064064 0.96568363904953
v -0.04360031336545944 0.019179360941052437 0.871212363243103
v 0.06349441409111023 0.019718950614333153 0.8908384442329407
v 0.19412469863891602 0.022313745692372322 1.013344407081604
v 0.2574024796485901 0.019007496535778046 0.803468644618988
v -0.180922269821167 0.017817677929997444 0.8152117729187012
v -0.08705320209264755 0.02055954746901989 0.8848997950553894
v 0.020291682332754135 0.020269090309739113 0.8752512335777283
v 0.14785484969615936 0.025039641186594963 1.0235893726348877
v 0.24293018877506256 0.021075231954455376 0.9147439002990723
v -0.27411723136901855 0.025120051577687263 1.022976040840149
v -0.14413048326969147 0.023660950362682343 0.9790725708007812
v -0.021719004958868027 0.021372415125370026 0.868678867816925
v 0.0874127522110939 0.022072797641158104 0.9058388471603394
v 0.2141060084104538 0.02421468123793602 0.9863671660423279
v -0.3168998658657074 0.0251555647701025 0.9995201230049133
v -0.1814345419406891 0.02348564937710762 0.937434732913971
v -0.064051054418087 0.02223508246243 0.8747686147689819
v 0.042724572122097015 0.02281886339187622 0.8829582929611206
v 0.15477363765239716 0.022863144055008888 0.90813148021698
v 0.24459174275398254 0.021873999387025833 0.8332540988922119
v -0.248336523771286 0.027178321033716202 1.0318118333816528
v -0.10760781913995743 0.02392469346523285 0.8922416567802429
v 0.00042664044303819537 0.023418424651026726 0.8696368932723999
v 0.11348798125982285 0.024853959679603577 0.9320478439331055
v 0.2312164306640625 0.025670891627669334 0.9535505771636963
v -0.2939840257167816 0.028547760099172592 1.0116103887557983
v -0.16360576450824738 0.026667051017284393 0.965087354183197
v -0.04132223129272461 0.024453291669487953 0.8705551624298096
v 0.06578551977872849 0.025400783866643906 0.8928300738334656
v 0.19665008783340454 0.028682108968496323 1.0113447904586792
v 0.3227979838848114 0.0210171639919281 1.0169645547866821
v -0.18005917966365814 0.02372661978006363 0.8237983584403992
v -0.0846804529428482 0.025912024080753326 0.883293867111206
v 0.02251998893916607 0.02582206204533577 0.876127302646637
v 0.14981518685817719 0.03099650889635086 1.0226269960403442
v 0.24108892679214478 0.026108939200639725 0.8986084461212158
v -0.27101558446884155 0.03148020803928375 1.0216374397277832
v -0.14074811339378357 0.030550597235560417 0.9746724367141724
v -0.01953119784593582 0.026720574125647545 0.8686173558235168
v 0.0898602306842804 0.02773362025618553 0.9084993600845337
v 0.21573679149150848 0.030353737995028496 0.9822627305984497
v -0.3136616051197052 0.03142106533050537 0.9986469745635986
v -0.1534690111875534 0.023952795192599297 0.7957332134246826
v -0.061793867498636246 0.027734119445085526 0.8745041489601135
v 0.045048948377370834 0.028282281011343002 0.8840613961219788
v 0.15723931789398193 0.028531869873404503 0.9085639715194702
v 0.24269898235797882 0.026636481285095215 0.8189653754234314
v -0.246477872133255 0.03396371752023697 1.032548427581787
v -0.10591637343168259 0.029658131301403046 0.8940897583961487
v 0.0025088859256356955 0.028828518465161324 0.8704980611801147
v 0.11706013232469559 0.031103387475013733 0.940336287021637
v 0.23141422867774963 0.0314001590013504 0.9449975490570068
v -0.29093438386917114 0.03483147919178009 1.0101572275161743
v -0.16104908287525177 0.03383495286107063 0.9645521640777588
v -0.03912647068500519 0.029749680310487747 0.8693402409553528
v 0.06810399889945984 0.031014349311590195 0.8952612280845642
v 0.19870412349700928 0.03507892042398453 1.009186863899231
v 0.33086562156677246 0.03021014668047428 1.025543212890625
v -0.18020901083946228 0.029779236763715744 0.8362208604812622
v -0.08236509561538696 0.03135128691792488 0.8819495439529419
v 0.024703534319996834 0.03125321865081787 0.8773414492607117
v 0.15276527404785156 0.03727997839450836 1.0194963216781616
v 0.23733621835708618 0.03114827536046505 0.8729974031448364
v -0.2681463658809662 0.03789100423455238 1.0210672616958618
v -0.13561606407165527 0.037061017006635666 0.9440215826034546
v -0.017349740490317345 0.03200579062104225 0.8685605525970459
v 0.09246591478586197 0.03355753794312477 0.9126331210136414
v 0.21718259155750275 0.03633282333612442 0.9773334860801697
v -0.3105170726776123 0.037686146795749664 0.9975754618644714
v -0.15037579834461212 0.02961595728993416 0.7939298152923584
v -0.05948641896247864 0.03319118544459343 0.8735085725784302
v 0.04742063581943512 0.03374931588768959 0.8855101466178894
v 0.1599768102169037 0.034312617033720016 0.9091908931732178
v 0.2410745918750763 0.031317804008722305 0.8054590821266174
v -0.2436634749174118 0.04051317274570465 1.0316249132156372
v -0.10378814488649368 0.03543316572904587 0.8939536213874817
v 0.0046468256041407585 0.03432391583919525 0.8724939823150635
v 0.12105501443147659 0.037638697773218155 0.9504000544548035
v 0.23122522234916687 0.03691159933805466 0.9350412487983704
v -0.28793975710868835 0.04116879403591156 1.0088988542556763
v -0.12826500833034515 0.029185840860009193 0.7842209339141846
v -0.037004951387643814 0.0352267362177372 0.8696457743644714
v 0.07058332860469818 0.03668447956442833 0.8981545567512512
v 0.20057865977287292 0.041347768157720566 1.0065159797668457
v 0.33415818214416504 0.039407648146152496 1.0256212949752808
v -0.18037837743759155 0.03593592345714569 0.8475446701049805
v -0.08008202910423279 0.03701043501496315 0.8806566596031189
v 0.026867343112826347 0.036738742142915726 0.8787497282028198
v 0.1378614902496338 0.03790706768631935 0.908358633518219
v 0.23362919688224792 0.036147747188806534 0.848983645439148
v -0.26530158519744873 0.04446619004011154 1.0203171968460083
v -0.12219448387622833 0.040689270943403244 0.882377028465271
v -0.015125909820199013 0.03744865953922272 0.8690314292907715
v 0.09531334787607193 0.039493951946496964 0.9170904159545898
v 0.2182411104440689 0.042246412485837936 0.9713217616081238
v -0.3072219789028168 0.04412655532360077 0.9964476227760315
v -0.14922991394996643 0.03532969951629639 0.8010223507881165
v -0.0573505200445652 0.03921959921717644 0.8729555606842041
v 0.04984835162758827 0.039417851716279984 0.8877319693565369
v 0.16324368119239807 0.04033257067203522 0.9109116792678833
v 0.240016907453537 0.035989414900541306 0.7943242788314819
v -0.24088063836097717 0.04725571721792221 1.0306098461151123
v -0.10070553421974182 0.04099515825510025 0.8920568227767944
v 0.006757484283298254 0.04020730033516884 0.8743915557861328
v 0.12495853751897812 0.04428707808256149 0.9604907631874084
v 0.23054911196231842 0.042136482894420624 0.9228595495223999
v -0.28502559661865234 0.04761828854680061 1.0079561471939087
v -0.1264386922121048 0.035754986107349396 0.7865391373634338
v -0.03480857238173485 0.0411762036383152 0.8696454763412476
v 0.07322606444358826 0.04237024113535881 0.9013141393661499
v 0.20209382474422455 0.0475577712059021 1.0026036500930786
v 0.33888524770736694 0.0479549840092659 1.0268161296844482
v -0.1803632378578186 0.04229750111699104 0.85822594165802
v -0.0772605836391449 0.042823318392038345 0.8785488605499268
v 0.029317248612642288 0.042218223214149475 0.8798376321792603
v 0.1403919756412506 0.043461333960294724 0.9051125645637512
v 0.2306680530309677 0.0404900386929512 0.8300690650939941
v -0.2623530924320221 0.051112499088048935 1.018709659576416
v -0.10547424107789993 0.03749023377895355 0.7772955298423767
v -0.012960024178028107 0.04335389286279678 0.8688371181488037
v 0.09840256720781326 0.04556431248784065 0.9219834208488464
v 0.21901512145996094 0.04806198924779892 0.9636278748512268
v -0.30401375889778137 0.05058315768837929 0.9951409697532654
v -0.1485920250415802 0.04096874222159386 0.8086493015289307
v -0.047564879059791565 0.036373306065797806 0.7732312679290771
v 0.052337221801280975 0.04500158503651619 0.8902249932289124
v 0.16676154732704163 0.04622942954301834 0.9181575179100037
v 0.24181027710437775 0.04100349172949791 0.7855496406555176
v -0.23838527500629425 0.05403880029916763 1.0300756692886353
v -0.08493447303771973 0.03954855352640152 0.7737495303153992
v 0.009013538248836994 0.037433307617902756 0.778592586517334
v 0.1289161741733551 0.05128851905465126 0.9708269238471985
v 0.22858776152133942 0.04697691276669502 0.903410792350769
v -0.28185710310935974 0.054088424891233444 1.0066057443618774
v -0.1255878210067749 0.04141617938876152 0.7937352061271667
v -0.027864951640367508 0.03893592953681946 0.7718371748924255
v 0.07600530982017517 0.04790439084172249 0.9044718742370605
v 0.20354659855365753 0.05367279425263405 0.9981633424758911
v -0.3267242908477783 0.05350354313850403 0.9788989424705505
v -0.18068060278892517 0.04877461493015289 0.8700720071792603
v -0.06553052365779877 0.041026897728443146 0.7727788090705872
v 0.028791388496756554 0.04117119684815407 0.7904189229011536
v 0.14299137890338898 0.04906940087676048 0.9048033952713013
v 0.22774355113506317 0.044537778943777084 0.8117014169692993
v -0.2594495713710785 0.05765191465616226 1.0171900987625122
v -0.104063019156456 0.04323893412947655 0.7835015654563904
v -0.008861235342919827 0.04195329174399376 0.7745550870895386
v 0.10158287733793259 0.05181565135717392 0.9274914264678955
v 0.21939754486083984 0.05362230911850929 0.9543632864952087
v -0.30091747641563416 0.056982818990945816 0.9940032362937927
v -0.1481931507587433 0.04680092632770538 0.8160420060157776
v -0.045479122549295425 0.043254781514406204 0.772815465927124
v 0.05445392429828644 0.05078459903597832 0.8919242024421692
v 0.18513959646224976 0.05864441767334938 1.0214054584503174
v 0.31234535574913025 0.05719209834933281 1.0313931703567505
v -0.23593102395534515 0.06078933924436569 1.0293176174163818
v -0.08319887518882751 0.04506510868668556 0.7784876227378845
v 0.01116020418703556 0.04467814415693283 0.7807177901268005
v 0.13281401991844177 0.05837460979819298 0.9805373549461365
v 0.22483351826667786 0.05150156468153 0.8762375712394714
v -0.2789398729801178 0.06050766631960869 1.0052920579910278
v -0.1249462142586708 0.04726585000753403 0.8001963496208191
v -0.02617834135890007 0.04565702751278877 0.773952305316925
v 0.07314644008874893 0.047814056277275085 0.8313189148902893
v 0.20493969321250916 0.059612102806568146 0.9920417070388794
v -0.3210863769054413 0.060186054557561874 0.9793448448181152
v -0.18145106732845306 0.055442824959754944 0.8846130967140198
v -0.06368272751569748 0.0468154214322567 0.7764307260513306
v 0.030867386609315872 0.04700480028986931 0.7903494238853455
v 0.14521819353103638 0.05477162450551987 0.9052121639251709
v 0.22520075738430023 0.04866292327642441 0.7950376868247986
v -0.2567770183086395 0.06416969001293182 1.0165996551513672
v -0.10300201177597046 0.04865562915802002 0.7891438007354736
v -0.006822967901825905 0.04781825840473175 0.7783350944519043
v 0.10470055788755417 0.058152806013822556 0.9332014918327332
v 0.21926966309547424 0.05888136103749275 0.9438567161560059
v -0.298027902841568 0.06331348419189453 0.9930747747421265
v -0.1474633812904358 0.05249611288309097 0.8228524923324585
v -0.04402346909046173 0.04904744029045105 0.7771055102348328
v 0.05233536660671234 0.050029512494802475 0.8079564571380615
v 0.1873481273651123 0.06451170891523361 1.0196473598480225
v 0.31676310300827026 0.06421845406293869 1.0337371826171875
v -0.23351575434207916 0.06733636558055878 1.0298171043395996
v -0.0818832516670227 0.05023042857646942 0.7833757996559143
v 0.012894613668322563 0.050216518342494965 0.7856713533401489
v 0.13547727465629578 0.0648609846830368 0.9873570799827576
v 0.22087234258651733 0.055687256157398224 0.8508692979812622
v -0.2761630415916443 0.06694973260164261 1.0046908855438232
v -0.1241297647356987 0.052926987409591675 0.8066791892051697
v -0.024717489257454872 0.05101954564452171 0.7785930633544922
v 0.07624046504497528 0.054079197347164154 0.8320596814155579
v 0.20607653260231018 0.06522934138774872 0.9862154126167297
v -0.3178465664386749 0.06641802191734314 0.9788271188735962
v -0.1823003739118576 0.062224131077528 0.9000651836395264
v -0.062236737459897995 0.05206882581114769 0.7804722785949707
v 0.032907869666814804 0.05304649844765663 0.79576176404953
v 0.14777521789073944 0.06074468791484833 0.9066343307495117
v 0.22361551225185394 0.053058650344610214 0.7824735641479492
v -0.25427231192588806 0.07071342319250107 1.0163906812667847
v -0.10165990889072418 0.05414462834596634 0.7948557138442993
v -0.0049252198077738285 0.053463615477085114 0.7836740016937256
v 0.10782060027122498 0.06474551558494568 0.939436674118042
v 0.21826210618019104 0.06358759105205536 0.9288474321365356
v -0.2952219247817993 0.06955739110708237 0.9922513365745544
v -0.1469118744134903 0.058440085500478745 0.8306530714035034
v -0.04251793026924133 0.054486654698848724 0.78130704164505
v 0.05433211848139763 0.056261878460645676 0.8111062049865723
v 0.18907040357589722 0.07061943411827087 1.0162392854690552
v 0.31981924176216125 0.07102490216493607 1.0325839519500732
v -0.2309931069612503 0.074059396982193 1.0306154489517212
v -0.08034956455230713 0.055663786828517914 0.7878285050392151
v 0.014946980401873589 0.05604710802435875 0.790928840637207
v 0.1277599036693573 0.06518828868865967 0.9125747680664062
v 0.21663697063922882 0.05933184549212456 0.8250834941864014
v -0.2736256420612335 0.07327578216791153 1.0041314363479614
v -0.12319644540548325 0.058664947748184204 0.8137657642364502
v -0.02309369668364525 0.056566473096609116 0.7837780714035034
v 0.07899006456136703 0.06021646037697792 0.8366796374320984
v 0.20666632056236267 0.07060390710830688 0.9763447046279907
v -0.314516544342041 0.07242681831121445 0.9775897264480591
v -0.1825859546661377 0.06874585151672363 0.9161828756332397
v -0.060530886054039 0.057613909244537354 0.784812331199646
v 0.035247158259153366 0.05916037783026695 0.8026236295700073
v 0.15118850767612457 0.0669243335723877 0.9097466468811035
v 0.2242916226387024 0.058237120509147644 0.7712535858154297
v -0.2518203556537628 0.07721639424562454 1.017094373703003
v -0.10029630362987518 0.05967297405004501 0.8005425333976746
v -0.003115918254479766 0.058993835002183914 0.7882319688796997
v 0.11102186143398285 0.07149188965559006 0.9477432370185852
v 0.2158350944519043 0.0677776113152504 0.9071283936500549
v -0.2921079993247986 0.07569066435098648 0.9903968572616577
v -0.1465293914079666 0.06458166241645813 0.8404632210731506
v -0.04089392349123955 0.05991397053003311 0.7856556177139282
v 0.05649839714169502 0.061882805079221725 0.8147518634796143
v 0.1904308944940567 0.0764143243432045 1.0106303691864014
v 0.3221278786659241 0.07790345698595047 1.0280084609985352
v -0.2282727211713791 0.08056855946779251 1.0300238132476807
v -0.07889089733362198 0.06109781935811043 0.7922625541687012
v 0.016935978084802628 0.06165318191051483 0.795879065990448
v 0.1299806833267212 0.07118995487689972 0.9102880954742432
v 0.21260051429271698 0.06292987614870071 0.8014498353004456
v -0.2712564766407013 0.07956260442733765 1.0043480396270752
v -0.12206626683473587 0.06453593820333481 0.8206539154052734
v -0.021296817809343338 0.062010958790779114 0.788257360458374
v 0.08231743425130844 0.06631498783826828 0.8429872989654541
v 0.20663350820541382 0.07564059644937515 0.9624587297439575
v -0.3111606538295746 0.07816848158836365 0.9752084612846375
v -0.2023913711309433 0.08304143697023392 1.0377875566482544
v -0.05875619500875473 0.06309756636619568 0.7888651490211487
v 0.03757036477327347 0.06471728533506393 0.8086388111114502
v 0.1552683711051941 0.07325870543718338 0.9162130355834961
v 0.2295178920030594 0.056044355034828186 0.8079100251197815
v -0.24917973577976227 0.08365782350301743 1.0171324014663696
v -0.09885883331298828 0.06526916474103928 0.8061316609382629
v -0.0012651669094339013 0.06454002857208252 0.7926877737045288
v 0.11398788541555405 0.07803626358509064 0.9571660161018372
v 0.2121351808309555 0.0717720240354538 0.8814675211906433
v -0.28934288024902344 0.08184674382209778 0.9897668957710266
v -0.14643704891204834 0.07121092081069946 0.8522392511367798
v -0.03927896171808243 0.06533688306808472 0.7901682257652283
v 0.0587829053401947 0.06748932600021362 0.8195840120315552
v 0.19150154292583466 0.08213094621896744 1.002012014389038
v 0.3248753249645233 0.08489158749580383 1.0250855684280396
v -0.22538113594055176 0.0869627520442009 1.029176115989685
v -0.07744602113962173 0.06668741255998611 0.797433614730835
v 0.01898854225873947 0.06725708395242691 0.801164984703064
v 0.13215574622154236 0.0768122747540474 0.9114599227905273
v 0.20991899073123932 0.06698115915060043 0.7827880382537842
v -0.2687492370605469 0.08589271456003189 1.004334568977356
v -0.12082953006029129 0.07053132355213165 0.8271813988685608
v -0.019491342827677727 0.067445769906044 0.7919636964797974
v 0.08556275069713593 0.07253243774175644 0.8546353578567505
v 0.20587164163589478 0.08029522001743317 0.9474946856498718
v -0.30756625533103943 0.08395174890756607 0.9725379943847656
v -0.20049597322940826 0.08952388912439346 1.0409541130065918
v -0.05703200027346611 0.06859607994556427 0.7932924032211304
v 0.03977657109498978 0.07029452174901962 0.8145468235015869
v 0.17233027517795563 0.08858439326286316 1.022425651550293
v 0.30054357647895813 0.08809015899896622 1.0325056314468384
v -0.24639791250228882 0.09005722403526306 1.0168626308441162
v -0.0974532812833786 0.07088955491781235 0.8116049766540527
v 0.0007307198829948902 0.07008123397827148 0.7977522611618042
v 0.1160915344953537 0.08385166525840759 0.9628609418869019
v 0.20758509635925293 0.07538330554962158 0.8526268601417542
v -0.2864777147769928 0.08793581277132034 0.9882343411445618
v -0.14659231901168823 0.07806210219860077 0.8654323220252991
v -0.037737369537353516 0.07078704237937927 0.7957330942153931
v 0.06140203773975372 0.07359503209590912 0.828639030456543
v 0.19209489226341248 0.08744917809963226 0.9907593131065369
v 0.32693544030189514 0.09114596992731094 1.0226041078567505
v -0.22251713275909424 0.09333163499832153 1.027572751045227
v -0.07590422034263611 0.07224253565073013 0.8023145198822021
v 0.02110311947762966 0.07281143963336945 0.8072361946105957
v 0.134748175740242 0.08296020328998566 0.9148657917976379
v 0.27357926964759827 0.08884228020906448 1.0284532308578491
v -0.26588475704193115 0.09218277782201767 1.002910852432251
v -0.11989329010248184 0.0769110694527626 0.835469126701355
v -0.017631761729717255 0.0728507936000824 0.7958319783210754
v 0.09385675936937332 0.08629047870635986 0.9408504962921143
v 0.20435693860054016 0.08463544398546219 0.9290610551834106
v -0.30373507738113403 0.08975495398044586 0.9691954255104065
v -0.1987629383802414 0.09651664644479752 1.0405408143997192
v -0.05541859194636345 0.07398056983947754 0.7979065179824829
v 0.04223018139600754 0.07624214887619019 0.8231534957885742
v 0.17420904338359833 0.09397321194410324 1.0169283151626587
v 0.30250850319862366 0.09464327245950699 1.029248833656311
v -0.24343030154705048 0.0963260680437088 1.015695571899414
v -0.09613605588674545 0.07657206058502197 0.8172370195388794
v 0.0027744797989726067 0.07555529475212097 0.8029062151908875
v 0.11522958427667618 0.08774777501821518 0.9231852889060974
v 0.2019917219877243 0.0780368372797966 0.8151810169219971
v -0.28368079662323 0.09392769634723663 0.9865559339523315
v -0.14697550237178802 0.08522925525903702 0.8803908824920654
v -0.03605315461754799 0.07616622745990753 0.8005274534225464
v 0.06420934945344925 0.0799620971083641 0.8398834466934204
v 0.1920056939125061 0.0923667624592781 0.9762702584266663
v 0.328555703163147 0.09711185842752457 1.0199294090270996
v -0.2197379618883133 0.09971919655799866 1.0261527299880981
v -0.07430417090654373 0.0777735784649849 0.8069158792495728
v 0.023242872208356857 0.07862420380115509 0.814362645149231
v 0.13800182938575745 0.08945577591657639 0.9197418689727783
v 0.2769801914691925 0.09716154634952545 1.0281319618225098
v -0.26281318068504333 0.09825839847326279 1.0007225275039673
v -0.11925511807203293 0.08351480960845947 0.8456717133522034
v -0.015761299058794975 0.07840093225240707 0.8010688424110413
v 0.09705662727355957 0.09305261075496674 0.9498281478881836
v 0.20236080884933472 0.08857662975788116 0.9085271954536438
v -0.2991568446159363 0.09564515203237534 0.9615168571472168
v -0.19636787474155426 0.10332586616277695 1.039831519126892
v -0.05381351709365845 0.07938671112060547 0.80277419090271
v 0.04476746544241905 0.08237077295780182 0.8325603604316711
v 0.1750696301460266 0.0995611697435379 1.0082640647888184
v 0.3045908808708191 0.10092950612306595 1.0260159969329834
v -0.24023568630218506 0.1022971123456955 1.0134179592132568
v -0.09479724615812302 0.0825962945818901 0.8231799006462097
v 0.0047384146600961685 0.08107495307922363 0.8081506490707397
v 0.11770950257778168 0.09351811558008194 0.9248490929603577
v 0.19889268279075623 0.08083653450012207 0.7911744117736816
v -0.28027093410491943 0.0997585579752922 0.9833829998970032
v -0.1475321352481842 0.092713363468647 0.8976097702980042
v -0.03424042463302612 0.08159084618091583 0.8047562837600708
v 0.0673239603638649 0.08664588630199432 0.8543695211410522
v 0.19121095538139343 0.09695427119731903 0.9571192264556885
v 0.33032339811325073 0.1032077744603157 1.0166019201278687
v -0.21685941517353058 0.10600459575653076 1.0253891944885254
v -0.0726902112364769 0.08337206393480301 0.8115758299827576
v 0.025994807481765747 0.08571017533540726 0.8276784420013428
v 0.14156201481819153 0.0958910882472992 0.9259129166603088
v 0.2794739603996277 0.10398820787668228 1.0256431102752686
v -0.2595829665660858 0.10401803255081177 0.9979169368743896
v -0.1190861165523529 0.09060528129339218 0.8587413430213928
v -0.013776682317256927 0.08404923975467682 0.8069843053817749
v 0.10017518699169159 0.09937544167041779 0.9563459753990173
v 0.20024794340133667 0.09214621037244797 0.8887760043144226
v -0.29482048749923706 0.10134858638048172 0.954965353012085
v -0.19377055764198303 0.10994219034910202 1.0392221212387085
v -0.052239950746297836 0.08494807034730911 0.808080792427063
v 0.047380778938531876 0.08866062760353088 0.8419221639633179
v 0.17561481893062592 0.10465051978826523 0.9973262548446655
v 0.3061695992946625 0.10699797421693802 1.0220134258270264
v -0.23700149357318878 0.10808978229761124 1.0108081102371216
v -0.09342002123594284 0.08865787833929062 0.8292028903961182
v 0.006708746310323477 0.08683805912733078 0.8142240047454834
v 0.12020641565322876 0.09957443922758102 0.928516149520874
v 0.25223448872566223 0.10608565807342529 1.0187907218933105
v -0.27623870968818665 0.10541278123855591 0.9776589274406433
v -0.16874456405639648 0.11304177343845367 1.0509772300720215
v -0.03232736885547638 0.08704636245965958 0.8089913725852966
v 0.07294204831123352 0.09705876559019089 0.8854872584342957
v 0.19028989970684052 0.1010613739490509 0.939297616481781
v 0.33241209387779236 0.10901675373315811 1.012447476387024
v -0.21398061513900757 0.11212683469057083 1.0244518518447876
v -0.07105106115341187 0.08901507407426834 0.8162832260131836
v 0.02816946804523468 0.09158013015985489 0.8347094655036926
v 0.1562318205833435 0.11135531961917877 1.0171010494232178
v 0.2817659378051758 0.1102512925863266 1.022168755531311
v -0.25597164034843445 0.10954385995864868 0.9949061274528503
v -0.11912238597869873 0.09813937544822693 0.8755832314491272
v -0.011865179054439068 0.08972413092851639 0.8128623962402344
v 0.10209190845489502 0.10531852394342422 0.9505823254585266
v 0.19658200442790985 0.0952160581946373 0.8638840913772583
v -0.29027244448661804 0.1067156121134758 0.94793701171875
v -0.19084472954273224 0.11633935570716858 1.0382862091064453
v -0.050708189606666565 0.09066493809223175 0.8138903379440308
v 0.05007172375917435 0.09520290046930313 0.8515195250511169
v 0.1755220741033554 0.10935959964990616 0.980888843536377
v 0.3074786067008972 0.1128506287932396 1.0175215005874634
v -0.2336609959602356 0.11378349363803864 1.0082029104232788
v -0.09202851355075836 0.09474503248929977 0.8353024125099182
v 0.00870723556727171 0.09291744232177734 0.8218388557434082
v 0.12343641370534897 0.10602012276649475 0.9332635998725891
v 0.2570762038230896 0.11354690790176392 1.0217818021774292
v -0.27172762155532837 0.1105918437242508 0.9704899191856384
v -0.1668817400932312 0.12005031108856201 1.05662202835083
v -0.03040861152112484 0.0926557406783104 0.8136443495750427
v 0.07549242675304413 0.10287617146968842 0.8939771056175232
v 0.18894809484481812 0.10487209260463715 0.919816255569458
v -0.3098277449607849 0.10765944421291351 0.9246652722358704
v -0.21106931567192078 0.11817187070846558 1.0235166549682617
v -0.0695095956325531 0.09469438344240189 0.8212088346481323
v 0.03033239021897316 0.09735062718391418 0.8416802883148193
v 0.15695475041866302 0.1167307198047638 1.0103504657745361
v 0.2835303544998169 0.11656621098518372 1.0179822444915771
v -0.2517145276069641 0.11473759263753891 0.9894930720329285
v -0.11976033449172974 0.1064443290233612 0.8992502093315125
v -0.00991606805473566 0.09554921835660934 0.8191967010498047
v 0.1038217768073082 0.11085189878940582 0.9419481754302979
v 0.1906353384256363 0.09669167548418045 0.820894181728363
v -0.2851443588733673 0.11161794513463974 0.939301073551178
v -0.1879078894853592 0.1225726455450058 1.0367286205291748
v -0.04908625781536102 0.09649864584207535 0.8194371461868286
v 0.0526408925652504 0.10186474025249481 0.8609921932220459
v 0.1751529425382614 0.1135411188006401 0.9629403948783875
v 0.3089011609554291 0.11875841021537781 1.012884497642517
v -0.23026809096336365 0.11935988068580627 1.0049896240234375
v -0.09070409089326859 0.10102462768554688 0.8421183824539185
v 0.011609595268964767 0.10058978199958801 0.8359735012054443
v 0.12666523456573486 0.11255397647619247 0.9425503015518188
v 0.25958821177482605 0.1201033890247345 1.0166707038879395
v -0.26562419533729553 0.11551646143198013 0.9554294347763062
v -0.163876011967659 0.1266023814678192 1.0542798042297363
v -0.02847564034163952 0.09855971485376358 0.8189501762390137
v 0.07842406630516052 0.10925228148698807 0.902151882648468
v 0.1873372346162796 0.10837777704000473 0.9021169543266296
v -0.3032178580760956 0.11307936161756516 0.9180299043655396
v -0.20810329914093018 0.12399150431156158 1.0221203565597534
v -0.0679628774523735 0.1005118191242218 0.8268245458602905
v 0.032894715666770935 0.1035674512386322 0.8499751687049866
v 0.15745022892951965 0.12130727618932724 0.9964176416397095
v 0.2851467728614807 0.12251881510019302 1.0134364366531372
v -0.24613270163536072 0.11986890435218811 0.9764714241027832
v -0.122013621032238 0.11581413447856903 0.9414126873016357
v -0.00791252963244915 0.1015600711107254 0.8263074159622192
v 0.10664745420217514 0.11735667288303375 0.9458009004592896
v 0.1889665722846985 0.09818344563245773 0.7986882328987122
v -0.2793078124523163 0.11609590798616409 0.9281970262527466
v -0.18513858318328857 0.1293279230594635 1.0397515296936035
v -0.04743548110127449 0.10242924094200134 0.8253769874572754
v 0.05599768087267876 0.10934259742498398 0.8750706911087036
v 0.1745484173297882 0.11738963425159454 0.943864107131958
v 0.31020036339759827 0.1246042251586914 1.0079700946807861
v -0.2262749820947647 0.1246585100889206 0.9997929334640503
v -0.08955725282430649 0.10744093358516693 0.8502792119979858
v 0.013679088093340397 0.1064985990524292 0.8434357643127441
v 0.13792097568511963 0.12798313796520233 1.0162019729614258
v 0.26153039932250977 0.12609773874282837 1.0117790699005127
v -0.259414404630661 0.11996811628341675 0.9404287934303284
v -0.16119889914989471 0.1318187117576599 1.0492111444473267
v -0.026571547612547874 0.1044740229845047 0.8249390125274658
v 0.08351996541023254 0.1193566545844078 0.9298673868179321
v 0.18491517007350922 0.11115062236785889 0.8798507452011108
v -0.29889702796936035 0.11800125986337662 0.9114465117454529
v -0.204555481672287 0.12960387766361237 1.0189192295074463
v -0.06651388108730316 0.10656319558620453 0.8335703611373901
v 0.035403914749622345 0.11017876118421555 0.8584153652191162
v 0.15769875049591064 0.12532629072666168 0.9792012572288513
v 0.28618955612182617 0.12814228236675262 1.0077767372131348
v -0.23931236565113068 0.1244547888636589 0.9568940997123718
v -0.12858259677886963 0.12897713482379913 0.9980663061141968
v -0.005899135023355484 0.10785321891307831 0.8337202668190002
v 0.10955730080604553 0.12455437332391739 0.955531656742096
v 0.2335025519132614 0.12874558568000793 1.0028713941574097
v -0.2743910551071167 0.12071052938699722 0.9192433953285217
v -0.18193715810775757 0.13490384817123413 1.0368356704711914
v -0.045730262994766235 0.10847502201795578 0.8317105174064636
v 0.059343889355659485 0.11666694283485413 0.8895810842514038
v 0.1739027202129364 0.12089255452156067 0.9271403551101685
v 0.31142282485961914 0.13045784831047058 1.0029436349868774
v -0.21916808187961578 0.12907201051712036 0.9780035018920898
v -0.08863440901041031 0.1144266277551651 0.8626092672348022
v 0.01574968360364437 0.11235719919204712 0.8494157195091248
v 0.1390121579170227 0.13269348442554474 1.006112813949585
v 0.26269206404685974 0.13177932798862457 1.0058690309524536
v -0.2546016275882721 0.12453243881464005 0.9325674772262573
v -0.1475324034690857 0.13124459981918335 0.9780636429786682
v -0.024697238579392433 0.11062052845954895 0.8325414657592773
v 0.08822674304246902 0.1277451366186142 0.9527974724769592
v 0.18115441501140594 0.11307065188884735 0.8515397310256958
v -0.30410754680633545 0.12737126648426056 0.936427891254425
v -0.19830872118473053 0.1347525268793106 1.0040411949157715
v -0.06517893075942993 0.1130099967122078 0.8411260843276978
v 0.03786643594503403 0.11699787527322769 0.8673348426818848
v 0.15761366486549377 0.1290087103843689 0.9603207111358643
v 0.28717944025993347 0.13364501297473907 1.001761555671692
v -0.2332974523305893 0.1287505179643631 0.9431064128875732
v -0.12652243673801422 0.1370265781879425 1.0039304494857788
v -0.00368035607971251 0.11472230404615402 0.8430465459823608
v 0.11773305386304855 0.13799616694450378 1.0017913579940796
v 0.23720116913318634 0.13571040332317352 1.000641942024231
v -0.2706354558467865 0.12554146349430084 0.9159157872200012
v -0.16845916211605072 0.13378989696502686 0.9676358103752136
v -0.04391957446932793 0.1146342009305954 0.8378548622131348
v 0.062105417251586914 0.12413570284843445 0.9011446833610535
v 0.17305344343185425 0.12408634275197983 0.9097569584846497
v 0.31272152066230774 0.13622385263442993 0.9974502921104431
v -0.21126554906368256 0.1320253163576126 0.9498493075370789
v -0.08788710087537766 0.12240491062402725 0.881446897983551
v 0.01803167723119259 0.11871698498725891 0.8576143980026245
v 0.1396515965461731 0.13684533536434174 0.9936686158180237
v 0.2634277045726776 0.1372566968202591 0.9994145631790161
v -0.25007614493370056 0.12929369509220123 0.9235697984695435
v -0.14604100584983826 0.13870973885059357 0.9853875637054443
v -0.022805895656347275 0.11701992154121399 0.8399684429168701
v 0.09433648735284805 0.1401304006576538 0.9908095002174377
v 0.1774284988641739 0.11418590694665909 0.8201083540916443
v -0.3006972074508667 0.13358666002750397 0.9362777471542358
v -0.1891275942325592 0.136445090174675 0.9597791433334351
v -0.06375414878129959 0.11982831358909607 0.8495219945907593
v 0.040625058114528656 0.12430240958929062 0.8786659836769104
v 0.15741924941539764 0.1324656456708908 0.942581832408905
v 0.288131982088089 0.13907946646213531 0.9957513809204102
v -0.2282399833202362 0.13325010240077972 0.9329426884651184
v -0.12491320818662643 0.14517556130886078 1.013302206993103
v -0.0012951025273650885 0.12176875025033951 0.8542897701263428
v 0.11903423815965652 0.14258509874343872 0.995002806186676
v 0.23880542814731598 0.14113759994506836 0.9939983487129211
v -0.2785212993621826 0.13724830746650696 0.9460273385047913
v -0.1667657196521759 0.1408909112215042 0.9744732975959778
v -0.042106326669454575 0.12088203430175781 0.8436083793640137
v 0.06539885699748993 0.13222965598106384 0.9147846698760986
v 0.17156249284744263 0.12668578326702118 0.889719545841217
v 0.3140241503715515 0.14191387593746185 0.9924373030662537
v -0.21735765039920807 0.14426951110363007 0.9882333874702454
v -0.10096767544746399 0.15056996047496796 1.0376641750335693
v 0.020433716475963593 0.12566977739334106 0.8672352433204651
v 0.1397923082113266 0.1406937539577484 0.9734548330307007
v 0.2642211616039276 0.1425340324640274 0.9932760000228882
v -0.2474324256181717 0.13521388173103333 0.9255567789077759
v -0.14484088122844696 0.14648635685443878 0.9948120713233948
v -0.020850354805588722 0.12386415898799896 0.8480124473571777
v 0.0975973978638649 0.1496046930551529 1.0054341554641724
v 0.1757356971502304 0.1151171550154686 0.7966086864471436
v -0.2976177930831909 0.13933014869689941 0.9363490343093872
v -0.18828007578849792 0.1441769301891327 0.971369206905365
v -0.06227931007742882 0.12689709663391113 0.8585986495018005
v 0.04336071014404297 0.13187900185585022 0.8901066780090332
v 0.15708959102630615 0.1356760561466217 0.9253585338592529
v 0.2889769673347473 0.14454913139343262 0.9896010756492615
v -0.23589707911014557 0.1456983983516693 0.9754616022109985
v -0.1232542097568512 0.15328335762023926 1.0226737260818481
v 0.0008657706785015762 0.12831488251686096 0.8618234395980835
v 0.1190730482339859 0.14655935764312744 0.9761332273483276
v 0.23991338908672333 0.14624322950839996 0.987017035484314
v -0.27582848072052 0.14342406392097473 0.9463337659835815
v -0.16550494730472565 0.14841978251934052 0.983605146408081
v -0.04038954898715019 0.12744198739528656 0.8505671620368958
v 0.06915882229804993 0.14044730365276337 0.9309263825416565
v 0.16989684104919434 0.12897270917892456 0.8695935010910034
v 0.3143073618412018 0.14753751456737518 0.9855465292930603
v -0.21459701657295227 0.15096156299114227 0.9891510009765625
v -0.09948588907718658 0.1590622216463089 1.0504868030548096
v 0.022876769304275513 0.1329958140850067 0.8777310848236084
v 0.13913679122924805 0.143220454454422 0.9448055028915405
v 0.26506122946739197 0.1478656679391861 0.9868550300598145
v -0.25423115491867065 0.14765141904354095 0.9588338732719421
v -0.14350160956382751 0.15449634194374084 1.0039438009262085
v -0.01887228712439537 0.13136999309062958 0.8602520227432251
v 0.09921559691429138 0.15507151186466217 1.0022772550582886
v 0.17762921750545502 0.11868566274642944 0.7939705848693848
v -0.2944384515285492 0.14504502713680267 0.9360982775688171
v -0.19294708967208862 0.1568901538848877 1.0051605701446533
v -0.06084558367729187 0.13423451781272888 0.8689701557159424
v 0.046212151646614075 0.1398029625415802 0.9016060829162598
v 0.15618300437927246 0.13834865391254425 0.904506266117096
v 0.28967899084091187 0.15008309483528137 0.9835420846939087
v -0.23305338621139526 0.15197844803333282 0.9747189283370972
v -0.12154731154441833 0.16164863109588623 1.0329675674438477
v 0.003067896468564868 0.135219544172287 0.8706773519515991
v 0.12002245336771011 0.15101081132888794 0.966580331325531
v 0.24086298048496246 0.1516416370868683 0.9811748266220093
v -0.27281203866004944 0.14896921813488007 0.9463142156600952
v -0.1647881269454956 0.15701468288898468 0.9964451193809509
v -0.03861747682094574 0.13473515212535858 0.8611035346984863
v 0.07934100180864334 0.16086535155773163 1.0101546049118042
v 0.1671583205461502 0.13063837587833405 0.8432843685150146
v 0.31493815779685974 0.15308521687984467 0.9795778393745422
v -0.21154390275478363 0.15634165704250336 0.9877806305885315
v -0.09746677428483963 0.16770999133586884 1.0605329275131226
v 0.025610601529479027 0.14090435206890106 0.8906510472297668
v 0.1387338936328888 0.14615318179130554 0.924035906791687
v 0.26557308435440063 0.1533605307340622 0.9794589281082153
v -0.251362681388855 0.15306782722473145 0.9585781097412109
v -0.14245262742042542 0.16304540634155273 1.0149835348129272
v -0.016751805320382118 0.13836339116096497 0.8700687289237976
v 0.10073255747556686 0.1593591719865799 0.9948354959487915
v 0.2174668163061142 0.15641508996486664 0.9861180782318115
v -0.2914065718650818 0.15079066157341003 0.9357404708862305
v -0.18990418314933777 0.16257871687412262 1.0057533979415894
v -0.05941544845700264 0.1419248878955841 0.8796769976615906
v 0.049464911222457886 0.14848648011684418 0.9184263348579407
v 0.1553117334842682 0.14105568826198578 0.8850630521774292
v 0.29041656851768494 0.15561138093471527 0.9777932167053223
v -0.23011790215969086 0.15733587741851807 0.9735657572746277
v -0.12176168709993362 0.17335422337055206 1.0554877519607544
v 0.00534816225990653 0.14247465133666992 0.8810223340988159
v 0.12091918289661407 0.15546603500843048 0.9591193795204163
v 0.2426464706659317 0.1573147177696228 0.97833651304245
v -0.26986217498779297 0.15447023510932922 0.9458335041999817
v -0.16758178174495697 0.16951727867126465 1.026515007019043
v -0.036883316934108734 0.1421697586774826 0.8721751570701599
v 0.08019247651100159 0.1669151932001114 1.0127880573272705
v 0.16359783709049225 0.1311589628458023 0.808411717414856
v 0.31617626547813416 0.15838858485221863 0.9742635488510132
v -0.20839519798755646 0.16182628273963928 0.9857138395309448
v -0.09555315971374512 0.1771867275238037 1.0740445852279663
v 0.02842072956264019 0.14937923848628998 0.9051893949508667
v 0.13917787373065948 0.14974549412727356 0.9130178093910217
v 0.26612651348114014 0.1589057743549347 0.9723318219184875
v -0.24839816987514496 0.1584983915090561 0.9576926827430725
v -0.14427244663238525 0.1752060502767563 1.0439101457595825
v -0.014700500294566154 0.14547276496887207 0.8800582885742188
v 0.10226353257894516 0.1634923219680786 0.9856072068214417
v 0.22050374746322632 0.16227683424949646 0.9839457869529724
v -0.2883812487125397 0.1564805805683136 0.9351118803024292
v -0.18612916767597198 0.16780154407024384 1.0030231475830078
v -0.058060579001903534 0.1506403535604477 0.8950390219688416
v 0.05330733209848404 0.15870337188243866 0.9466551542282104
v 0.15485036373138428 0.14408054947853088 0.8712626695632935
v 0.2913067042827606 0.16119855642318726 0.9720669388771057
v -0.22711767256259918 0.16293245553970337 0.9714797735214233
v -0.11962108314037323 0.1795499473810196 1.057810664176941
v 0.007764856331050396 0.1503640115261078 0.8937420845031738
v 0.12198588997125626 0.15886400640010834 0.9459789395332336
v 0.24493223428726196 0.1633535921573639 0.9776880741119385
v -0.2670063376426697 0.16011066734790802 0.944970428943634
v -0.1641533076763153 0.17412056028842926 1.0227326154708862
v -0.035077258944511414 0.1498136669397354 0.8834142088890076
v 0.08165691047906876 0.17127293348312378 1.0073566436767578
v 0.16254876554012299 0.1322137713432312 0.7873471975326538
v 0.31830790638923645 0.16401055455207825 0.968945324420929
v -0.2052149474620819 0.16761769354343414 0.9832602739334106
v -0.09294632077217102 0.1832127720117569 1.0725579261779785
v 0.03151018172502518 0.15832267701625824 0.9222376346588135
v 0.13963620364665985 0.15299709141254425 0.9008811712265015
v 0.26777195930480957 0.16464780271053314 0.9695550203323364
v -0.2455632984638214 0.16418373584747314 0.9560479521751404
v -0.1407473236322403 0.1796746402978897 1.038707971572876
v -0.012785530649125576 0.15303851664066315 0.8906734585762024
v 0.1033601462841034 0.1673576384782791 0.9747378826141357
v 0.2229851633310318 0.16796597838401794 0.9812374114990234
v -0.2854292392730713 0.16207493841648102 0.9340317249298096
v -0.1825738251209259 0.1731310933828354 0.9984575510025024
v -0.056608155369758606 0.1597212702035904 0.9170488119125366
v 0.06080098822712898 0.17767967283725739 1.0170291662216187
v 0.15319855511188507 0.1460319459438324 0.8492527008056641
v 0.29224422574043274 0.1667545735836029 0.9663164019584656
v -0.22418494522571564 0.1686205267906189 0.9684921503067017
v -0.11616859585046768 0.18421979248523712 1.0526833534240723
v 0.010301435366272926 0.15938717126846313 0.9107918739318848
v 0.12245449423789978 0.16140760481357574 0.9290117025375366
v 0.24691008031368256 0.16924521327018738 0.9766323566436768
v -0.2640419006347656 0.16576381027698517 0.9436261653900146
v -0.16041472554206848 0.1788834184408188 1.0156452655792236
v -0.03311801329255104 0.15793351829051971 0.895384669303894
v 0.08312270790338516 0.17501720786094666 0.9994233250617981
v 0.16384845972061157 0.1355975866317749 0.7808658480644226
v -0.3067920207977295 0.1641351729631424 0.9192819595336914
v -0.20208320021629333 0.17344336211681366 0.9805284142494202
v -0.08974134922027588 0.18812711536884308 1.0661227703094482
v 0.03492564335465431 0.1689472198486328 0.9478679299354553
v 0.1394565999507904 0.15571343898773193 0.8848689794540405
v 0.2699379324913025 0.17062066495418549 0.9685637354850769
v -0.2428058534860611 0.16989488899707794 0.9540054798126221
v -0.13673076033592224 0.18434612452983856 1.030812382698059
v -0.010954231955111027 0.16124281287193298 0.903389573097229
v 0.10410095751285553 0.17065000534057617 0.9598007202148438
v 0.22505564987659454 0.17371487617492676 0.9783039689064026
v -0.28263816237449646 0.16771234571933746 0.9327555894851685
v -0.17920786142349243 0.17857655882835388 0.9933953881263733
v -0.059132371097803116 0.18043836951255798 1.0013360977172852
v 0.061888329684734344 0.18145154416561127 1.0111830234527588
v 0.15010806918144226 0.14711813628673553 0.8206626772880554
v 0.29353681206703186 0.17199455201625824 0.9622862339019775
v -0.2211570292711258 0.17424935102462769 0.9656733274459839
v -0.11277750879526138 0.18889188766479492 1.0452077388763428
v 0.013394133187830448 0.1706141084432602 0.9381893277168274
v 0.12255819141864777 0.16388538479804993 0.9112672805786133
v 0.24909132719039917 0.17521636188030243 0.9754799008369446
v -0.2610865831375122 0.17139701545238495 0.9415806531906128
v -0.1566361039876938 0.1839454174041748 1.0079010725021362
v -0.030955035239458084 0.16736610233783722 0.9125560522079468
v 0.08435915410518646 0.1782710999250412 0.9848069548606873
v 0.1689990609884262 0.1437952220439911 0.7947026491165161
v -0.30153512954711914 0.1697940081357956 0.9192327857017517
v -0.19899550080299377 0.1790650635957718 0.9774042367935181
v -0.08720912784337997 0.1924491971731186 1.053188443183899
v 0.040630511939525604 0.18680569529533386 1.0072258710861206
v 0.13885773718357086 0.15791729092597961 0.8672274351119995
v 0.27212002873420715 0.17646503448486328 0.9670180678367615
v -0.2400078922510147 0.1755826473236084 0.9522548913955688
v -0.13281908631324768 0.18913450837135315 1.0220028162002563
v -0.008704619482159615 0.17041133344173431 0.9209569096565247
v 0.10475414991378784 0.1732565015554428 0.9415306448936462
v 0.22730322182178497 0.1794549822807312 0.9752463102340698
v -0.27993640303611755 0.17338718473911285 0.9315060377120972
v -0.1758679300546646 0.18391522765159607 0.9885282516479492
v -0.05657913163304329 0.1852327436208725 0.994208037853241
v 0.06341714411973953 0.18447595834732056 0.9984438419342041
v 0.14804227650165558 0.1477717161178589 0.7924230098724365
v 0.2954111397266388 0.1775197982788086 0.9601277112960815
v -0.2181231826543808 0.17980465292930603 0.9631876349449158
v -0.10939272493124008 0.19374427199363708 1.036307454109192
v 0.017696278169751167 0.18680430948734283 0.9880683422088623
v 0.12270477414131165 0.16628488898277283 0.8939024806022644
v 0.2510402202606201 0.18101689219474792 0.9729729890823364
v -0.2580913305282593 0.17697954177856445 0.9394266605377197
v -0.1530631184577942 0.18900687992572784 1.0009441375732422
v -0.031154461205005646 0.18782192468643188 0.9962112903594971
v 0.08507350832223892 0.1807595044374466 0.961810827255249
v 0.2036183625459671 0.184585303068161 0.9785041809082031
v -0.29830318689346313 0.1753336787223816 0.918492317199707
v -0.19582833349704742 0.18454495072364807 0.9738186597824097
v -0.07764720916748047 0.18405666947364807 0.9674548506736755
v 0.041790109127759933 0.18973666429519653 1.0003451108932495
v 0.13787837326526642 0.15954625606536865 0.8476588726043701
v 0.27392885088920593 0.1820368617773056 0.964444637298584
v -0.23720696568489075 0.18108442425727844 0.9498448967933655
v -0.12921829521656036 0.19385235011577606 1.0142288208007812
v -0.005671514198184013 0.19017192721366882 0.9867700934410095
v 0.1049453392624855 0.17534169554710388 0.9220840334892273
v 0.22925011813640594 0.18526893854141235 0.9731814861297607
v -0.27732324600219727 0.1790805160999298 0.9301927089691162
v -0.1724635362625122 0.18912850320339203 0.9832730293273926
v -0.05388997495174408 0.18987219035625458 0.9872539043426514
v 0.06450550258159637 0.1870267540216446 0.97660893201828
v 0.14646010100841522 0.14894205331802368 0.7727158665657043
v 0.2977592945098877 0.18327170610427856 0.9592255353927612
v -0.21507009863853455 0.18517598509788513 0.9596961736679077
v -0.10591278225183487 0.19824233651161194 1.0247879028320312
v 0.01984553039073944 0.1923602968454361 0.9920830726623535
v 0.12263861298561096 0.16852952539920807 0.8777270913124084
v 0.2530191242694855 0.18671919405460358 0.970083475112915
v -0.2552034556865692 0.18253183364868164 0.9372925758361816
v -0.14950518310070038 0.1939486861228943 0.9941539764404297
v -0.028402598574757576 0.19273342192173004 0.9906845688819885
v 0.08552630245685577 0.1826864778995514 0.9408460259437561
v 0.20696251094341278 0.19039665162563324 0.9761443138122559
v -0.2957480251789093 0.18102717399597168 0.9186297655105591
v -0.19251912832260132 0.18989664316177368 0.970038115978241
v -0.07494933158159256 0.18923963606357574 0.9644460678100586
v 0.04305856674909592 0.19190743565559387 0.9836723804473877
v 0.1362891048192978 0.16081660985946655 0.8261884450912476
v 0.275791734457016 0.18758144974708557 0.9614184498786926
v -0.23417632281780243 0.18649888038635254 0.9474554657936096
v -0.12576356530189514 0.19839680194854736 1.0053354501724243
v -0.00388298905454576 0.19534194469451904 0.9886434674263
v 0.10507134348154068 0.1771913319826126 0.9022590517997742
v 0.2312638759613037 0.19117289781570435 0.9712633490562439
v -0.27452605962753296 0.18461883068084717 0.9281182289123535
v -0.1690809428691864 0.19421519339084625 0.9774348735809326
v -0.050856541842222214 0.19350728392601013 0.9768025279045105
v 0.06541432440280914 0.18844880163669586 0.9509820938110352
v 0.14786309003829956 0.1528465747833252 0.7641024589538574
v 0.299963116645813 0.18881233036518097 0.9569137096405029
v -0.21188728511333466 0.1905493289232254 0.956210732460022
v -0.10307027399539948 0.2024107426404953 1.01559579372406
v 0.021480392664670944 0.1942206770181656 0.9762780070304871
v 0.1221071183681488 0.17030557990074158 0.8579599857330322
v 0.25504347681999207 0.19244690239429474 0.9670379161834717
v -0.25246235728263855 0.18808981776237488 0.9354749917984009
v -0.14595943689346313 0.19875214993953705 0.9866687655448914
v -0.02533448301255703 0.19643613696098328 0.980273425579071
v 0.08606849610805511 0.18436400592327118 0.9202768802642822
v 0.20925095677375793 0.19566167891025543 0.9726927280426025
v -0.2934493124485016 0.18662810325622559 0.9183647036552429
v -0.1890847533941269 0.19517025351524353 0.9663349390029907
v -0.07205422967672348 0.1933780312538147 0.9587737321853638
v 0.04442227631807327 0.19297803938388824 0.9571318626403809
v 0.1342030167579651 0.1619649976491928 0.8030378818511963
v 0.277648001909256 0.193235844373703 0.9588293433189392
v -0.2309533953666687 0.1918213814496994 0.9447141289710999
v -0.12245509773492813 0.20276807248592377 0.9967095851898193
v -0.001531606656499207 0.19704090058803558 0.97112637758255
v 0.10538853704929352 0.17891590297222137 0.8826361894607544
v 0.2331082969903946 0.19685295224189758 0.9685702919960022
v -0.2715933918952942 0.1900930553674698 0.9256992936134338
v -0.16571862995624542 0.1992492377758026 0.972560703754425
v -0.04771162569522858 0.1965312510728836 0.9615544080734253
v 0.06618084013462067 0.18936572968959808 0.925796627998352
v 0.16664229333400726 0.17831110954284668 0.8651342391967773
v 0.30227527022361755 0.19449584186077118 0.9546447396278381
v -0.20860041677951813 0.1960693597793579 0.9530079364776611
v -0.09958940744400024 0.2062191218137741 1.0069491863250732
v 0.0232533048838377 0.19469401240348816 0.9436060786247253
v 0.1210058256983757 0.17156657576560974 0.8358403444290161
v 0.2570115625858307 0.1981917917728424 0.9639453291893005
v -0.24979136884212494 0.1937790811061859 0.9338528513908386
v -0.142557755112648 0.20354405045509338 0.9805756211280823
v -0.022411389276385307 0.19835264980793 0.9554010033607483
v 0.08649558573961258 0.18599997460842133 0.8979170918464661
v 0.21090933680534363 0.20102110505104065 0.9698249101638794
v -0.2909591794013977 0.1923290491104126 0.9176493883132935
v -0.1857146918773651 0.20047083497047424 0.9624242186546326
v -0.06919048726558685 0.1966344118118286 0.9468938708305359
v 0.04544253647327423 0.19238264858722687 0.9233088493347168
v 0.13159415125846863 0.16209951043128967 0.7708466053009033
v 0.2796728014945984 0.1991356760263443 0.9571347832679749
v -0.22760863602161407 0.19722135365009308 0.9416877031326294
v -0.11932864040136337 0.20738443732261658 0.988848090171814
v 0.0016947819385677576 0.19658207893371582 0.9336711764335632
v 0.10565449297428131 0.18050314486026764 0.8622084259986877
v 0.2348860800266266 0.2025379091501236 0.9659978747367859
v -0.268393337726593 0.19550031423568726 0.9233628511428833
v -0.162527397274971 0.20437486469745636 0.9686647653579712
v -0.04366455599665642 0.1973571628332138 0.931814968585968
v 0.06682570278644562 0.19066159427165985 0.9045780301094055
v 0.17133323848247528 0.1876843273639679 0.8809703588485718
v 0.3045561909675598 0.200415700674057 0.9526180028915405
v -0.2053571492433548 0.20164047181606293 0.949535071849823
v -0.08750046789646149 0.19512061774730682 0.9159060716629028
v 0.024656621739268303 0.19515754282474518 0.916839063167572
v 0.11979648470878601 0.17262676358222961 0.8140349984169006
v 0.25886300206184387 0.20396427810192108 0.960839569568634
v -0.24694764614105225 0.19937023520469666 0.9316762089729309
v -0.13937002420425415 0.208518385887146 0.9748359322547913
v -0.019698627293109894 0.1981300413608551 0.9235166311264038
v 0.0869939774274826 0.1876833587884903 0.8798685669898987
v 0.21282945573329926 0.20636068284511566 0.966464638710022
v -0.288028746843338 0.19790631532669067 0.9162628650665283
v -0.1824982613325119 0.20584939420223236 0.9585403800010681
v -0.06435661017894745 0.19731688499450684 0.915724515914917
v 0.04661012440919876 0.1933542788028717 0.8995023965835571
v 0.13455349206924438 0.16852496564388275 0.7770378589630127
v 0.28163862228393555 0.20505273342132568 0.9553856253623962
v -0.22436760365962982 0.2027326077222824 0.9381030201911926
v -0.11629436165094376 0.21234804391860962 0.9812130928039551
v 0.004044767003506422 0.19740481674671173 0.9108262658119202
v 0.1051015853881836 0.18186092376708984 0.8408315181732178
v 0.23685568571090698 0.20877496898174286 0.9643163084983826
v -0.2653697729110718 0.20089629292488098 0.9211496114730835
v -0.15952159464359283 0.20959071815013885 0.9647753238677979
v -0.040218185633420944 0.19715376198291779 0.9014597535133362
v 0.06755853444337845 0.19213710725307465 0.8841387629508972
v 0.17368336021900177 0.1934923380613327 0.8800337314605713
v 0.3067243993282318 0.20650199055671692 0.9506672024726868
v -0.20204845070838928 0.2071891725063324 0.945677638053894
v -0.08383174240589142 0.19762541353702545 0.899167001247406
v 0.026251351460814476 0.19600364565849304 0.8945058584213257
v 0.11842883378267288 0.17298777401447296 0.7872813940048218
v 0.26084792613983154 0.20981258153915405 0.958203136920929
v -0.24385975301265717 0.2047702670097351 0.9290906190872192
v -0.1363169550895691 0.21370640397071838 0.9698140025138855
v -0.017128845676779747 0.19809576869010925 0.8971800208091736
v 0.08726955205202103 0.18894727528095245 0.8596147894859314
v 0.21413737535476685 0.21089278161525726 0.9615399241447449
v -0.2847853899002075 0.2033003717660904 0.913855254650116
v -0.1793263852596283 0.2111848145723343 0.9550125598907471
v -0.06028024107217789 0.1976247876882553 0.8893282413482666
v 0.047939762473106384 0.19477355480194092 0.8796808123588562
v 0.14012958109378815 0.17806605994701385 0.7944892644882202
v 0.2833848297595978 0.21086890995502472 0.9529802203178406
v -0.22115540504455566 0.20837566256523132 0.9349123239517212
v -0.11359887570142746 0.21723239123821259 0.9739181995391846
v 0.0060296137817204 0.1981685310602188 0.8878224492073059
v 0.10439091175794601 0.1826641857624054 0.8189258575439453
v 0.23879650235176086 0.2140282839536667 0.9610036015510559
v -0.2623133063316345 0.20636622607707977 0.919176459312439
v -0.15653148293495178 0.21493512392044067 0.9613217711448669
v -0.037161536514759064 0.1971694380044937 0.8749265670776367
v 0.06834905594587326 0.19346022605895996 0.8655856847763062
v 0.17535634338855743 0.19770297408103943 0.8745357990264893
v 0.3089961111545563 0.21272872388362885 0.9483286738395691
v -0.1988333910703659 0.21274875104427338 0.9425521492958069
v -0.08002744615077972 0.19968438148498535 0.8820289969444275
v 0.02745838090777397 0.19689539074897766 0.8741167187690735
v 0.11883348226547241 0.1758420169353485 0.774738073348999
v 0.26346123218536377 0.21587873995304108 0.9575682878494263
v -0.24070978164672852 0.2102162390947342 0.9265565872192383
v -0.13338397443294525 0.2190653383731842 0.965114414691925
v -0.01498874370008707 0.19729378819465637 0.8678091764450073
v 0.08680461347103119 0.18919484317302704 0.8317044973373413
v 0.2145898938179016 0.21504339575767517 0.9518535137176514
v -0.2815748453140259 0.20878851413726807 0.9113720059394836
v -0.17624707520008087 0.21661467850208282 0.9514979720115662
v -0.055889662355184555 0.19798842072486877 0.8629357814788818
v 0.048970043659210205 0.1959715336561203 0.8600804209709167
v 0.15588752925395966 0.20218786597251892 0.8779255151748657
v 0.2855044901371002 0.21735621988773346 0.9513804912567139
v -0.2182094007730484 0.2142140418291092 0.9322386384010315
v -0.11061394959688187 0.22214443981647491 0.9673425555229187
v 0.007299662102013826 0.19750890135765076 0.8606246113777161
v 0.10325780510902405 0.18345671892166138 0.7968425750732422
v 0.24009054899215698 0.2190794050693512 0.9551061391830444
v -0.2593737840652466 0.21204613149166107 0.9172155857086182
v -0.1535855382680893 0.2203381359577179 0.9572069644927979
v -0.03469839692115784 0.19617468118667603 0.8446447849273682
v 0.0685192123055458 0.19360774755477905 0.8376932144165039
v 0.1765817105770111 0.20235349237918854 0.8680593371391296
v 0.312465101480484 0.21949799358844757 0.9458938241004944
v -0.19592635333538055 0.2184371054172516 0.9394627213478088
v -0.0755651444196701 0.2012835294008255 0.8615283966064453
v 0.028553294017910957 0.19522684812545776 0.8388231992721558
v 0.12327762693166733 0.18616396188735962 0.7910473346710205
v 0.26528072357177734 0.22155915200710297 0.954452395439148
v -0.2376890778541565 0.21597932279109955 0.9238999485969543
v -0.13050952553749084 0.2245495766401291 0.9596701264381409
v -0.012046112678945065 0.19194713234901428 0.8094536662101746
v 0.08651182800531387 0.18981118500232697 0.8088315725326538
v 0.21410317718982697 0.21884731948375702 0.9336702823638916
v -0.2785390317440033 0.21444351971149445 0.9087074995040894
v -0.17333149909973145 0.2221696525812149 0.9477455615997314
v -0.05240030959248543 0.2004096955060959 0.8457016944885254
v 0.04900957643985748 0.1942610889673233 0.8229279518127441
v 0.15737824141979218 0.20680607855319977 0.8711029887199402
v 0.2884618043899536 0.224821537733078 0.951291561126709
v -0.21557281911373138 0.2202732414007187 0.9295381903648376
v -0.10783641040325165 0.22777900099754333 0.9610194563865662
v 0.008768636733293533 0.1893647015094757 0.7878662347793579
v 0.10200562328100204 0.1836850792169571 0.7645292282104492
v 0.24141153693199158 0.22404955327510834 0.9492354989051819
v -0.25645628571510315 0.21804948151111603 0.9150827527046204
v -0.1505938470363617 0.225739985704422 0.952548623085022
v -0.03186774626374245 0.19892695546150208 0.8318564891815186
v 0.0684712827205658 0.19317638874053955 0.8089084625244141
v 0.17785336077213287 0.207167387008667 0.8622021079063416
v -0.3009272515773773 0.2151491940021515 0.8962401151657104
v -0.19317732751369476 0.2241578847169876 0.9368269443511963
v -0.07303358614444733 0.20598970353603363 0.8523552417755127
v 0.02896730974316597 0.19050219655036926 0.7849907875061035
v 0.1370861828327179 0.21111609041690826 0.8657093048095703
v 0.2652614712715149 0.2274613231420517 0.9465100169181824
v -0.23484955728054047 0.22184337675571442 0.9213566780090332
v -0.12772811949253082 0.2299026995897293 0.9546997547149658
v -0.010205489583313465 0.19319678843021393 0.7947328090667725
v 0.08643810451030731 0.1908668428659439 0.7901914119720459
v 0.21412819623947144 0.22235019505023956 0.9176876544952393
v -0.2753821611404419 0.2200545072555542 0.9058798551559448
v -0.17025132477283478 0.2274126261472702 0.9440351128578186
v -0.05037869140505791 0.20839019119739532 0.8515342473983765
v 0.0493544265627861 0.19313636422157288 0.7933143377304077
v 0.1585870385169983 0.21181704103946686 0.8659538626670837
v 0.29112449288368225 0.23132817447185516 0.9500122666358948
v -0.21314337849617004 0.2260662019252777 0.9269780516624451
v -0.10461918264627457 0.23335698246955872 0.9542974829673767
v 0.010076536796987057 0.19164493680000305 0.775782585144043
v 0.10406652837991714 0.1906145066022873 0.7677306532859802
v 0.24173204600811005 0.22900047898292542 0.9389668107032776
v -0.25354424118995667 0.22360825538635254 0.9121991991996765
v -0.14765962958335876 0.23095884919166565 0.9474177360534668
v -0.030097592622041702 0.2106325924396515 0.8496716022491455
v 0.068588986992836 0.19406192004680634 0.7872318625450134
v 0.17884860932826996 0.21208012104034424 0.8560134172439575
v -0.295886367559433 0.22506244480609894 0.8954223394393921
v -0.1903703808784485 0.22984425723552704 0.9329383373260498
v -0.07291049510240555 0.22779488563537598 0.9118444919586182
v 0.030077464878559113 0.1922832429409027 0.7688931226730347
v 0.13842929899692535 0.2163812220096588 0.8622650504112244
v 0.26529330015182495 0.23303110897541046 0.9390313029289246
v -0.23196466267108917 0.22840897738933563 0.9181806445121765
v -0.12471187859773636 0.2360353171825409 0.9496332406997681
v -0.006649760063737631 0.2094256430864334 0.8395951986312866
v 0.08503013849258423 0.19229064881801605 0.7645738124847412
v 0.21425412595272064 0.2264249175786972 0.9009047150611877
v -0.2721516489982605 0.2278747707605362 0.9020258188247681
v -0.16736045479774475 0.2341834306716919 0.9379738569259644
v -0.04858327656984329 0.21840785443782806 0.8567025065422058
v 0.04985828697681427 0.1944791078567505 0.7692404389381409
v 0.15940016508102417 0.21824617683887482 0.8606470227241516
v 0.29317706823349 0.23916149139404297 0.9473325610160828
