v -0.3429626524448395 -0.3447461724281311 1.150022029876709
v -0.20771445333957672 -0.3353821933269501 1.150688648223877
v -0.0850863978266716 -0.33927828073501587 1.1594252586364746
v 0.03678792715072632 -0.33540669083595276 1.1519843339920044
v 0.16255304217338562 -0.34099286794662476 1.1706830263137817
v 0.28727346658706665 -0.34482425451278687 1.1808586120605469
v -0.25566139817237854 -0.3306974172592163 1.145171880722046
v -0.1349160075187683 -0.3366011083126068 1.1582516431808472
v -0.011192187666893005 -0.3353976011276245 1.1610028743743896
v 0.11449341475963593 -0.3378184735774994 1.1682134866714478
v 0.23780186474323273 -0.34285861253738403 1.1783535480499268
v -0.30375900864601135 -0.3277253806591034 1.1442135572433472
v -0.18175020813941956 -0.33093127608299255 1.153749942779541
v -0.0596601776778698 -0.3329531252384186 1.1596417427062988
v 0.06280985474586487 -0.33131489157676697 1.1554758548736572
v 0.18751762807369232 -0.3352058529853821 1.169471263885498
v 0.31181514263153076 -0.3395021855831146 1.1803104877471924
v -0.23001353442668915 -0.3275505602359772 1.148291826248169
v -0.10949264466762543 -0.3321073651313782 1.1598379611968994
v 0.013652569614350796 -0.33067262172698975 1.160228967666626
v 0.1396608054637909 -0.3345765769481659 1.1731141805648804
v 0.2636452615261078 -0.33791643381118774 1.1805055141448975
v -0.278126060962677 -0.3243752121925354 1.1442776918411255
v -0.15702611207962036 -0.3293839693069458 1.1574385166168213
v -0.03466669097542763 -0.32989269495010376 1.1609745025634766
v 0.08859584480524063 -0.3297714591026306 1.1588600873947144
v 0.21337643265724182 -0.33483877778053284 1.1740820407867432
v -0.3310946822166443 -0.32352322340011597 1.1443114280700684
v -0.2051800787448883 -0.3250024914741516 1.151484489440918
v -0.08295128494501114 -0.3281685709953308 1.1587398052215576
v 0.03904605656862259 -0.32521823048591614 1.1524853706359863
v 0.1638934314250946 -0.33031412959098816 1.168925404548645
v 0.289291113615036 -0.3338613510131836 1.1800107955932617
v -0.25344905257225037 -0.3219851553440094 1.1459330320358276
v -0.1325376033782959 -0.3267185688018799 1.158349633216858
v -0.009165282361209393 -0.32682397961616516 1.1608011722564697
v 0.11612599343061447 -0.32949233055114746 1.1690458059310913
v 0.2400018274784088 -0.3334270119667053 1.1778802871704102
v -0.3007235825061798 -0.32034194469451904 1.1438261270523071
v -0.17976944148540497 -0.3231046199798584 1.1540414094924927
v -0.05738069862127304 -0.32532158493995667 1.1593042612075806
v 0.06486579030752182 -0.32360029220581055 1.155182957649231
v 0.1894671469926834 -0.3277975618839264 1.1695953607559204
v 0.3149320185184479 -0.3311631679534912 1.1788359880447388
v -0.2274705469608307 -0.3201383054256439 1.1486806869506836
v -0.10692089051008224 -0.32385319471359253 1.1585906744003296
v 0.016115855425596237 -0.3230900764465332 1.1592836380004883
v 0.14131677150726318 -0.3275097906589508 1.1726269721984863
v 0.2660384774208069 -0.3299573063850403 1.179558515548706
v -0.2754117548465729 -0.31762611865997314 1.1444387435913086
v -0.15480588376522064 -0.32198187708854675 1.1570556163787842
v -0.03266593813896179 -0.32303136587142944 1.1608879566192627
v 0.09174523502588272 -0.32367703318595886 1.1632708311080933
v 0.21546974778175354 -0.32746630907058716 1.173782229423523
v -0.3260480761528015 -0.3160856366157532 1.1441463232040405
v -0.2026110589504242 -0.3181786835193634 1.151799201965332
v -0.08062925934791565 -0.32075196504592896 1.1577436923980713
v 0.04170241951942444 -0.3195851743221283 1.1570442914962769
v 0.16578929126262665 -0.3229697048664093 1.1677980422973633
v 0.29173290729522705 -0.32626330852508545 1.1791496276855469
v -0.2507028579711914 -0.3152323067188263 1.1465356349945068
v -0.12967918813228607 -0.31893789768218994 1.157866358757019
v -0.006562469527125359 -0.3194156885147095 1.1599876880645752
v 0.11797787994146347 -0.3220957815647125 1.1686224937438965
v 0.24191585183143616 -0.32582804560661316 1.177392840385437
v -0.29814785718917847 -0.31373047828674316 1.1433584690093994
v -0.1776755303144455 -0.3163319528102875 1.1540615558624268
v -0.05525507405400276 -0.31836503744125366 1.158738613128662
v 0.06778665632009506 -0.31774455308914185 1.158607840538025
v 0.19172748923301697 -0.3207938075065613 1.1694167852401733
v 0.31796231865882874 -0.32323935627937317 1.1769583225250244
v -0.22484709322452545 -0.31333205103874207 1.149143934249878
v -0.10390641540288925 -0.3162690997123718 1.1576417684555054
v 0.018710309639573097 -0.315954327583313 1.1586291790008545
v 0.1435096710920334 -0.32071682810783386 1.1718555688858032
v 0.2683817446231842 -0.3224529027938843 1.1791455745697021
v -0.2726157307624817 -0.3110833466053009 1.1448163986206055
v -0.1522778421640396 -0.31474512815475464 1.156674861907959
v -0.03041520155966282 -0.316083699464798 1.1600465774536133
v 0.09474517405033112 -0.3167720139026642 1.1636680364608765
v 0.21764613687992096 -0.3204481899738312 1.173661231994629
v -0.32216158509254456 -0.3093481957912445 1.143530011177063
v -0.19990460574626923 -0.31157705187797546 1.1518691778182983
v -0.07808305323123932 -0.31354379653930664 1.1567497253417969
v 0.04429364576935768 -0.3138142228126526 1.158919334411621
v 0.16808447241783142 -0.31601378321647644 1.167484164237976
v 0.29434630274772644 -0.31884586811065674 1.1783039569854736
v -0.2479081004858017 -0.3085794746875763 1.147139072418213
v -0.1267099529504776 -0.31155169010162354 1.1573346853256226
v -0.004227101802825928 -0.31242668628692627 1.1590585708618164
v 0.12008887529373169 -0.3151490092277527 1.1680938005447388
v 0.24405625462532043 -0.3183222711086273 1.1769579648971558
v -0.29554274678230286 -0.3070618808269501 1.1430847644805908
v -0.17524006962776184 -0.30980706214904785 1.1540483236312866
v -0.05302484333515167 -0.3116278350353241 1.158225417137146
v 0.07081050425767899 -0.31133216619491577 1.1601359844207764
v 0.1940270960330963 -0.3138323426246643 1.169052243232727
v 0.32076945900917053 -0.3159666359424591 1.176026463508606
v -0.22226645052433014 -0.3068622052669525 1.1493546962738037
v -0.10097066313028336 -0.3091031610965729 1.156652569770813
v 0.02131173014640808 -0.30942079424858093 1.1582564115524292
v 0.14591677486896515 -0.3137653172016144 1.1710717678070068
v 0.2708081603050232 -0.3150041103363037 1.1786407232284546
v -0.2700023949146271 -0.3045198917388916 1.1449315547943115
v -0.14949440956115723 -0.3077022135257721 1.1560382843017578
v -0.02789192833006382 -0.3094225525856018 1.159220576286316
v 0.09722153842449188 -0.3096688985824585 1.1634042263031006
v 0.21992842853069305 -0.3134405314922333 1.1735042333602905
v -0.318769246339798 -0.30303144454956055 1.1427202224731445
v -0.1973436027765274 -0.30519017577171326 1.1517970561981201
v -0.07546360045671463 -0.3067077398300171 1.1561129093170166
v 0.04701322317123413 -0.3072512149810791 1.1589776277542114
v 0.17066292464733124 -0.30939534306526184 1.1675949096679688
v 0.2967684864997864 -0.31194591522216797 1.1777795553207397
v -0.2453286349773407 -0.3022424876689911 1.147387146949768
v -0.12382720410823822 -0.3045268654823303 1.156280517578125
v -0.00164066965226084 -0.30576586723327637 1.158119559288025
v 0.12243380397558212 -0.3083226978778839 1.1673663854599
v 0.24640658497810364 -0.3108472228050232 1.1763643026351929
v -0.29290199279785156 -0.30056294798851013 1.1428722143173218
v -0.17260727286338806 -0.3034880459308624 1.1540430784225464
v -0.05063957720994949 -0.305042564868927 1.1574788093566895
v 0.07367672026157379 -0.30473634600639343 1.160319447517395
v 0.19644100964069366 -0.3071528673171997 1.1687604188919067
v 0.32352814078330994 -0.30908507108688354 1.1752961874008179
v -0.21968527138233185 -0.3005007207393646 1.149112343788147
v -0.09813373535871506 -0.30227985978126526 1.1553620100021362
v 0.02393018640577793 -0.3030584156513214 1.157501459121704
v 0.14836961030960083 -0.30691882967948914 1.1701631546020508
v 0.2733958959579468 -0.3077382743358612 1.1777349710464478
v -0.2674521803855896 -0.2980617880821228 1.1449229717254639
v -0.14661498367786407 -0.3007613718509674 1.1551413536071777
v -0.025240153074264526 -0.30279994010925293 1.158320426940918
v 0.0997038334608078 -0.30286309123039246 1.1629241704940796
v 0.22236910462379456 -0.30653271079063416 1.1732547283172607
v -0.3156830370426178 -0.2967139482498169 1.1419726610183716
v -0.1947634518146515 -0.29904115200042725 1.1516313552856445
v -0.07284429669380188 -0.30036985874176025 1.1555707454681396
v 0.0498032346367836 -0.3007618486881256 1.1583935022354126
v 0.17349103093147278 -0.3028953969478607 1.1676757335662842
v 0.29911476373672485 -0.3050258159637451 1.1767799854278564
v -0.24277126789093018 -0.29593777656555176 1.1473677158355713
v -0.12111549824476242 -0.2979206144809723 1.154929280281067
v 0.0009406737517565489 -0.2995432913303375 1.1572597026824951
v 0.12484191358089447 -0.301517128944397 1.16632080078125
v 0.24907684326171875 -0.3033965229988098 1.1755329370498657
v -0.29017555713653564 -0.29427221417427063 1.1427407264709473
v -0.16984319686889648 -0.2971062958240509 1.1536060571670532
v -0.048106614500284195 -0.2983427345752716 1.1565548181533813
v 0.07634662091732025 -0.2983458638191223 1.159971833229065
v 0.19890572130680084 -0.3006860911846161 1.1687229871749878
v 0.32560673356056213 -0.30213460326194763 1.1734447479248047
v -0.21718847751617432 -0.2942081093788147 1.1487698554992676
v -0.0956188440322876 -0.295766144990921 1.1538902521133423
v 0.02655326947569847 -0.2969120442867279 1.1565746068954468
v 0.15083028376102448 -0.3001234829425812 1.1692917346954346
v 0.2760010063648224 -0.3005538582801819 1.1765732765197754
v -0.2649134397506714 -0.291579931974411 1.144784688949585
v -0.14386221766471863 -0.2940653860569 1.1541669368743896
v -0.022610940039157867 -0.29601171612739563 1.1569468975067139
v 0.10222478210926056 -0.29634103178977966 1.1623858213424683
v 0.22480988502502441 -0.2994077801704407 1.1726689338684082
v -0.3127041757106781 -0.2901603877544403 1.1411288976669312
v -0.1922418624162674 -0.2926100790500641 1.1511001586914062
v -0.07034127414226532 -0.2937920093536377 1.1542671918869019
v 0.05267166718840599 -0.2945583760738373 1.157476544380188
v 0.17607203125953674 -0.29638516902923584 1.167588472366333
v 0.3012584149837494 -0.2977490723133087 1.175243616104126
v -0.24025654792785645 -0.28957393765449524 1.1473134756088257
v -0.11855489015579224 -0.2915191948413849 1.1537479162216187
v 0.003340362571179867 -0.29308176040649414 1.1557154655456543
v 0.12726452946662903 -0.294817179441452 1.1652318239212036
v 0.25180453062057495 -0.2961682379245758 1.1747654676437378
v -0.28756844997406006 -0.2878762483596802 1.1426210403442383
v -0.16711737215518951 -0.290606826543808 1.153255581855774
v -0.04517074674367905 -0.291378915309906 1.1551215648651123
v 0.07900603115558624 -0.2919852137565613 1.1590054035186768
v 0.20137067139148712 -0.2940712571144104 1.1688348054885864
v 0.3279646337032318 -0.29514747858047485 1.1715412139892578
v -0.21480780839920044 -0.28774717450141907 1.148703932762146
v -0.09331570565700531 -0.28921326994895935 1.1522973775863647
v 0.02902844361960888 -0.29071247577667236 1.1550838947296143
v 0.15327928960323334 -0.2931002974510193 1.1680998802185059
v 0.27845826745033264 -0.29348844289779663 1.1755096912384033
v -0.26232898235321045 -0.28502604365348816 1.1445670127868652
v -0.14123113453388214 -0.28740260004997253 1.1527295112609863
v -0.020128073170781136 -0.2888604998588562 1.1552563905715942
v 0.1046285480260849 -0.2899213433265686 1.1616253852844238
v 0.22732046246528625 -0.2921958267688751 1.1720266342163086
v -0.3099413514137268 -0.2835129499435425 1.140467882156372
v -0.18970312178134918 -0.2860161066055298 1.15044367313385
v -0.06765718013048172 -0.2870718240737915 1.1528257131576538
v 0.055468861013650894 -0.28844332695007324 1.1562931537628174
v 0.17865565419197083 -0.2894326448440552 1.1667753458023071
v 0.30355438590049744 -0.29048603773117065 1.1737794876098633
v -0.23779243230819702 -0.28301382064819336 1.147187352180481
v -0.11606820672750473 -0.28503113985061646 1.152562141418457
v 0.005592535249888897 -0.28642386198043823 1.1539000272750854
v 0.12979190051555634 -0.2882985770702362 1.1643812656402588
v 0.25450921058654785 -0.2891404926776886 1.174073338508606
v -0.28486618399620056 -0.2812228500843048 1.1422665119171143
v -0.16445763409137726 -0.2841222286224365 1.1525691747665405
v -0.04177333787083626 -0.28387609124183655 1.1530576944351196
v 0.08160325884819031 -0.2857126295566559 1.1580196619033813
v 0.20387937128543854 -0.2874358296394348 1.1690518856048584
v 0.33062756061553955 -0.2882464528083801 1.1696839332580566
v -0.21233470737934113 -0.2811046540737152 1.1483154296875
v -0.09097915142774582 -0.282516211271286 1.1510504484176636
v 0.03134363144636154 -0.2842206656932831 1.153485894203186
v 0.1556990146636963 -0.2858505845069885 1.1667006015777588
v 0.28091222047805786 -0.28650155663490295 1.174539566040039
v -0.2597557306289673 -0.27845969796180725 1.1442465782165527
v -0.13871149718761444 -0.2809634208679199 1.15168035030365
v -0.017482450231909752 -0.2814464867115021 1.152970790863037
v 0.10696329176425934 -0.28342536091804504 1.1607850790023804
v 0.23004265129566193 -0.28521010279655457 1.1717331409454346
v -0.3073040843009949 -0.27686765789985657 1.140008568763733
v -0.18712380528450012 -0.2795950174331665 1.1498277187347412
v -0.06474816799163818 -0.2799209952354431 1.1512086391448975
v 0.05809234827756882 -0.2820259928703308 1.1548534631729126
v 0.181081622838974 -0.282425194978714 1.1659741401672363
v 0.3059326112270355 -0.2835801839828491 1.1728488206863403
v -0.23530106246471405 -0.2762575149536133 1.1463792324066162
v -0.11362434178590775 -0.27859076857566833 1.1516526937484741
v 0.007814921438694 -0.2795046269893646 1.1518299579620361
v 0.13222646713256836 -0.2814832627773285 1.1632167100906372
v 0.25716498494148254 -0.2821502983570099 1.1731098890304565
v -0.28217414021492004 -0.27454403042793274 1.1417019367218018
v -0.1618877351284027 -0.2777184247970581 1.1514073610305786
v -0.03895863518118858 -0.27560096979141235 1.1491540670394897
v 0.08411234617233276 -0.2794681787490845 1.1571123600006104
v 0.2063266783952713 -0.28055498003959656 1.1686961650848389
v 0.33359286189079285 -0.2805565297603607 1.1662817001342773
v -0.2099086046218872 -0.27430668473243713 1.1474075317382812
v -0.08848480880260468 -0.27535703778266907 1.1501469612121582
v 0.03348129615187645 -0.27771350741386414 1.151892066001892
v 0.15817400813102722 -0.27873826026916504 1.1654328107833862
v 0.2832546532154083 -0.2795388102531433 1.1736754179000854
v -0.25718188285827637 -0.27180904150009155 1.1436256170272827
v -0.13636009395122528 -0.274919718503952 1.1511954069137573
v -0.01496537309139967 -0.2738080322742462 1.1496572494506836
v 0.10923466831445694 -0.27692916989326477 1.1600375175476074
v 0.23277994990348816 -0.27825647592544556 1.1713085174560547
v -0.3047265410423279 -0.2703104317188263 1.1396063566207886
v -0.18453560769557953 -0.27314960956573486 1.1489208936691284
v -0.06181489676237106 -0.2722218632698059 1.1491786241531372
v 0.060502227395772934 -0.27534031867980957 1.1531707048416138
v 0.18347425758838654 -0.27546337246894836 1.165205478668213
v 0.3084290623664856 -0.27689698338508606 1.1722441911697388
v -0.2327437400817871 -0.2695450186729431 1.1451389789581299
v -0.11118709295988083 -0.27183011174201965 1.1504606008529663
v 0.009986111894249916 -0.2723213732242584 1.1500709056854248
v 0.13465963304042816 -0.2744223177433014 1.1619092226028442
v 0.25965458154678345 -0.27519750595092773 1.172003984451294
v -0.2796102464199066 -0.2680164575576782 1.141336441040039
v -0.1594512015581131 -0.2712782919406891 1.150210976600647
v -0.030997252091765404 -0.23412659764289856 0.9764675498008728
v 0.08656638115644455 -0.27290573716163635 1.156235933303833
v 0.2087237387895584 -0.2737636864185333 1.1682995557785034
v -0.33332377672195435 -0.2662639915943146 1.1367793083190918
v -0.20738011598587036 -0.26757004857063293 1.1461833715438843
v -0.08593878149986267 -0.2683451473712921 1.1496548652648926
v 0.035530220717191696 -0.2705821394920349 1.149997353553772
v 0.16068264842033386 -0.2716336250305176 1.1644372940063477
v 0.2856544852256775 -0.27266308665275574 1.1729555130004883
v -0.2547152638435364 -0.26522186398506165 1.142859935760498
v -0.13357259333133698 -0.26839059591293335 1.150004267692566
v -0.008671845309436321 -0.23441480100154877 0.9842504262924194
v 0.11147255450487137 -0.27026551961898804 1.159203290939331
v 0.23541368544101715 -0.27114421129226685 1.1703083515167236
v -0.3020980656147003 -0.2638293504714966 1.1391392946243286
v -0.18186858296394348 -0.2664908170700073 1.147345781326294
v -0.050404492765665054 -0.22933706641197205 0.9694270491600037
v 0.06280138343572617 -0.2685580551624298 1.151229739189148
v 0.18584348261356354 -0.268471360206604 1.1644761562347412
v 0.31101295351982117 -0.2699378430843353 1.1710944175720215
v -0.23016102612018585 -0.26318758726119995 1.144587516784668
v -0.10824786871671677 -0.26520490646362305 1.1493139266967773
v 0.01238317135721445 -0.26483240723609924 1.1479833126068115
v 0.13719435036182404 -0.26731589436531067 1.1607528924942017
v 0.2621213495731354 -0.2683802843093872 1.170929193496704
v -0.27722740173339844 -0.2615986764431 1.141513466835022
v -0.15688712894916534 -0.2645677328109741 1.1487709283828735
v -0.028818927705287933 -0.22591690719127655 0.9762300848960876
v 0.08900069445371628 -0.2663942575454712 1.155476450920105
v 0.2111993432044983 -0.2670070230960846 1.167956829071045
v -0.3261031210422516 -0.25952547788619995 1.136887788772583
v -0.2047746479511261 -0.2609885036945343 1.1449449062347412
v -0.08318658918142319 -0.26124486327171326 1.1487300395965576
v 0.03733278810977936 -0.2630518674850464 1.1433392763137817
v 0.16324129700660706 -0.26465538144111633 1.1637612581253052
v 0.28813135623931885 -0.2658558487892151 1.1722711324691772
v -0.2522886097431183 -0.2586427628993988 1.142073392868042
v -0.13020402193069458 -0.2614043951034546 1.1484872102737427
v -0.006822547409683466 -0.22667014598846436 0.9830431342124939
v 0.11380507797002792 -0.2635626792907715 1.1584545373916626
v 0.23797069489955902 -0.2641667127609253 1.1691646575927734
v -0.2995190918445587 -0.25726768374443054 1.1386009454727173
v -0.17943575978279114 -0.2602062523365021 1.1464250087738037
v -0.04792090877890587 -0.22056302428245544 0.9679780602455139
v 0.06566660851240158 -0.2614682912826538 1.1453696489334106
v 0.18835020065307617 -0.2617851197719574 1.164344310760498
v 0.3132689595222473 -0.2624654769897461 1.1686431169509888
v -0.22760064899921417 -0.25655651092529297 1.1433296203613281
v -0.1052776351571083 -0.2577483057975769 1.147587537765503
v 0.013532976619899273 -0.25529277324676514 1.1429064273834229
v 0.13982456922531128 -0.26042643189430237 1.1599376201629639
v 0.2646600306034088 -0.261773020029068 1.170149803161621
v -0.27465593814849854 -0.2548765540122986 1.1406128406524658
v -0.1539928913116455 -0.2574048936367035 1.1471043825149536
v -0.02700122632086277 -0.21945621073246002 0.97649085521698
v 0.09142519533634186 -0.2595875561237335 1.1548609733581543
v 0.2137087881565094 -0.2602808177471161 1.1675126552581787
v -0.32287317514419556 -0.2530621290206909 1.1363822221755981
v -0.2022118866443634 -0.25459885597229004 1.1436339616775513
v -0.08038727939128876 -0.25086072087287903 1.1407102346420288
v 0.03958631306886673 -0.2402554452419281 1.0690734386444092
v 0.16577982902526855 -0.25786328315734863 1.1633704900741577
v 0.29066142439842224 -0.2590625584125519 1.1716485023498535
v -0.24978873133659363 -0.2521483898162842 1.1412053108215332
v -0.1276787519454956 -0.2533029615879059 1.1456879377365112
v -0.004770634695887566 -0.219912588596344 0.982481062412262
v 0.11609108746051788 -0.25679025053977966 1.15751051902771
v 0.2406153827905655 -0.2574267089366913 1.1682724952697754
v -0.29690518975257874 -0.25079381465911865 1.1379863023757935
v -0.17678093910217285 -0.25336843729019165 1.1449517011642456
v -0.04602590575814247 -0.2142605036497116 0.9690230488777161
v 0.06413449347019196 -0.23930585384368896 1.06996750831604
v 0.19080956280231476 -0.2551589608192444 1.1641619205474854
v 0.31555548310279846 -0.2555074989795685 1.1666755676269531
v -0.2249663770198822 -0.24996808171272278 1.1420187950134277
v -0.08524148166179657 -0.21408258378505707 0.956829845905304
v 0.017382420599460602 -0.23395150899887085 1.0611274242401123
v 0.1423874795436859 -0.253745436668396 1.1592457294464111
v 0.2670924961566925 -0.25518128275871277 1.1694248914718628
v -0.27202191948890686 -0.24830369651317596 1.1395936012268066
v -0.15116950869560242 -0.24949753284454346 1.145524263381958
v -0.025005768984556198 -0.21409031748771667 0.9769315123558044
v 0.09403622895479202 -0.2524958848953247 1.1542682647705078
v 0.21642762422561646 -0.2534133493900299 1.166898250579834
v -0.32028818130493164 -0.24699199199676514 1.1361087560653687
v -0.19972112774848938 -0.24816031754016876 1.1425671577453613
v -0.06427504867315292 -0.20984849333763123 0.9617277979850769
v 0.04163360223174095 -0.23307400941848755 1.0668909549713135
v 0.16828295588493347 -0.2513570785522461 1.1629432439804077
v 0.2930949926376343 -0.2522675096988678 1.1708072423934937
v -0.24709245562553406 -0.24564547836780548 1.1401009559631348
v -0.10320785641670227 -0.20871441066265106 0.9498758912086487
v -0.0027644161600619555 -0.2139827460050583 0.9814426302909851
v 0.11845903098583221 -0.2501440942287445 1.156419038772583
v 0.24329732358455658 -0.25094348192214966 1.1675976514816284
v -0.2943141460418701 -0.244498610496521 1.1373353004455566
v -0.17368225753307343 -0.24626792967319489 1.1433745622634888
v -0.044132132083177567 -0.208909273147583 0.9704688787460327
v 0.06546097248792648 -0.23205257952213287 1.0682117938995361
v 0.19352126121520996 -0.24861633777618408 1.1640169620513916
v 0.3177587687969208 -0.2487705498933792 1.1640112400054932
v -0.22223544120788574 -0.24343344569206238 1.1407709121704102
v -0.08285932242870331 -0.20458440482616425 0.9550758600234985
v 0.020203974097967148 -0.22511368989944458 1.053492546081543
v 0.1448221355676651 -0.24726815521717072 1.1587313413619995
v 0.2695656716823578 -0.24865037202835083 1.1689821481704712
v -0.26929205656051636 -0.24179913103580475 1.13871169090271
v -0.12184175848960876 -0.20561231672763824 0.9453665018081665
v -0.023046208545565605 -0.20867323875427246 0.9775249361991882
v 0.0963161289691925 -0.24531646072864532 1.153092861175537
v 0.21933376789093018 -0.24662691354751587 1.1662417650222778
v -0.3177207112312317 -0.24085550010204315 1.1355743408203125
v -0.19727285206317902 -0.24158766865730286 1.1415947675704956
v -0.06231335178017616 -0.2036328762769699 0.9628313183784485
v 0.043554697185754776 -0.22672690451145172 1.0651578903198242
v 0.17073239386081696 -0.24482621252536774 1.1623154878616333
v 0.29542580246925354 -0.24540238082408905 1.1696432828903198
v -0.24438771605491638 -0.23913197219371796 1.138909935951233
v -0.10119803994894028 -0.20016400516033173 0.9500741958618164
v -0.0011540207779034972 -0.20797519385814667 0.9803996086120605
v 0.12067302316427231 -0.24337095022201538 1.1549965143203735
v 0.24600425362586975 -0.2444966584444046 1.1669228076934814
v -0.2916751801967621 -0.23814614117145538 1.136603593826294
v -0.17020726203918457 -0.23863324522972107 1.1411603689193726
v -0.0421016663312912 -0.2038695067167282 0.9721457362174988
v 0.06749159097671509 -0.22483251988887787 1.0657655000686646
v 0.19635185599327087 -0.2422308325767517 1.1639683246612549
v 0.3199650049209595 -0.242204487323761 1.1615467071533203
v -0.21955040097236633 -0.2369828075170517 1.1396418809890747
v -0.08109106868505478 -0.19826596975326538 0.9563978910446167
v 0.023693326860666275 -0.21738989651203156 1.036569595336914
v 0.14718256890773773 -0.24099121987819672 1.1585172414779663
v 0.27204325795173645 -0.24217553436756134 1.1686253547668457
v -0.26651591062545776 -0.23539899289608002 1.137819528579712
v -0.11953163146972656 -0.19753998517990112 0.9460937976837158
v -0.02108689583837986 -0.20321381092071533 0.9780932664871216
v 0.0981581062078476 -0.23707474768161774 1.1523934602737427
v 0.2222311645746231 -0.2399565428495407 1.1654160022735596
v -0.3149314224720001 -0.2344621866941452 1.1347860097885132
v -0.19467191398143768 -0.23485630750656128 1.1405646800994873
v -0.060440704226493835 -0.19838392734527588 0.9649069905281067
v 0.04585028439760208 -0.2199348658323288 1.0628855228424072
v 0.17309239506721497 -0.23846766352653503 1.161864161491394
v 0.29755258560180664 -0.23846226930618286 1.1678091287612915
v -0.24167400598526 -0.2326265573501587 1.1377204656600952
v -0.09963159263134003 -0.19413867592811584 0.9511250257492065
v 0.0005392004386521876 -0.19199638068675995 0.92621910572052
v 0.12262000143527985 -0.23601700365543365 1.1537091732025146
v 0.24850869178771973 -0.23807582259178162 1.166213870048523
v -0.2889394760131836 -0.23168712854385376 1.135796308517456
v -0.1669258177280426 -0.23028963804244995 1.137593150138855
v -0.04002290591597557 -0.19896414875984192 0.9737184643745422
v 0.06353279203176498 -0.20704157650470734 0.9772831797599792
v 0.19915930926799774 -0.23610146343708038 1.1639635562896729
v 0.32221847772598267 -0.23584526777267456 1.1600531339645386
v -0.2168450653553009 -0.23053963482379913 1.138676643371582
v -0.07951197773218155 -0.1930965930223465 0.9580462574958801
v 0.02259640581905842 -0.19073902070522308 0.9296104907989502
v 0.14948874711990356 -0.2347569316625595 1.1583311557769775
v 0.27439451217651367 -0.23560069501399994 1.1679338216781616
v -0.2637816369533539 -0.22888435423374176 1.1368142366409302
v -0.11766113340854645 -0.19131416082382202 0.9468873739242554
v -0.01763926073908806 -0.1873226910829544 0.9215337038040161
v 0.08776316791772842 -0.20636378228664398 0.9932746887207031
v 0.2248678356409073 -0.23350310325622559 1.164123296737671
v -0.31195181608200073 -0.22798055410385132 1.1338568925857544
v -0.1916029453277588 -0.22809270024299622 1.1394459009170532
v -0.05853362753987312 -0.19360755383968353 0.9672113060951233
v 0.04732275381684303 -0.21045760810375214 1.056748628616333
v 0.1756540983915329 -0.23225605487823486 1.1616883277893066
v 0.2994515597820282 -0.23149597644805908 1.1651408672332764
v -0.2388972043991089 -0.22609837353229523 1.1366281509399414
v -0.09800876677036285 -0.1890144646167755 0.9525183439254761
v 0.0027634354773908854 -0.18598408997058868 0.9278873205184937
v 0.12470614165067673 -0.22864510118961334 1.1526305675506592
v 0.25097620487213135 -0.23155008256435394 1.1655254364013672
v -0.28620150685310364 -0.225206196308136 1.1349468231201172
v -0.13693295419216156 -0.18898850679397583 0.9427512288093567
v -0.03782055899500847 -0.19381655752658844 0.9750449657440186
v 0.06569989770650864 -0.19622844457626343 0.9771971702575684
v 0.20203082263469696 -0.2301175743341446 1.1640591621398926
v 0.3248935341835022 -0.22979626059532166 1.1597583293914795
v -0.21415865421295166 -0.2240523099899292 1.1378206014633179
v -0.07770796120166779 -0.1882626712322235 0.9600550532341003
v 0.023936165496706963 -0.1845432072877884 0.9309923052787781
v 0.15181003510951996 -0.2284320592880249 1.158169150352478
v 0.27664560079574585 -0.2288510501384735 1.166746735572815
v -0.26104724407196045 -0.2223086953163147 1.1358013153076172
v -0.11601133644580841 -0.18574535846710205 0.9481152296066284
v -0.015296404249966145 -0.1817682832479477 0.9236035346984863
v 0.08937101066112518 -0.19823238253593445 0.9936373233795166
v 0.22743909060955048 -0.22715188562870026 1.162972092628479
v -0.3089074194431305 -0.221417635679245 1.1328988075256348
v -0.18817365169525146 -0.22105629742145538 1.1383554935455322
v -0.05666458606719971 -0.18900761008262634 0.969663143157959
v 0.04462495818734169 -0.18345589935779572 0.9333836436271667
v 0.17826072871685028 -0.22617720067501068 1.1617707014083862
v 0.30148229002952576 -0.2247396856546402 1.163017988204956
v -0.23607738316059113 -0.21962416172027588 1.1357110738754272
v -0.09628019481897354 -0.18408305943012238 0.9543065428733826
v 0.004885205067694187 -0.18071365356445312 0.9304785132408142
v 0.12698763608932495 -0.22236716747283936 1.1521344184875488
v 0.2533818781375885 -0.22502340376377106 1.1647511720657349
v -0.28346118330955505 -0.21870876848697662 1.1339342594146729
v -0.1343904733657837 -0.18246161937713623 0.9432768821716309
v -0.034000132232904434 -0.17819853127002716 0.9193649888038635
v 0.06868293881416321 -0.1920510083436966 0.9843850135803223
v 0.2049165964126587 -0.22424231469631195 1.1641414165496826
v 0.3276158571243286 -0.22351858019828796 1.1593868732452393
v -0.2114533632993698 -0.2175840139389038 1.1369097232818604
v -0.07588669657707214 -0.18371190130710602 0.9623836278915405
v 0.025676989927887917 -0.17912814021110535 0.9336638450622559
v 0.15421368181705475 -0.22210745513439178 1.1578946113586426
v 0.27870965003967285 -0.2219896912574768 1.165000557899475
v -0.2583068013191223 -0.2157587707042694 1.1345973014831543
v -0.11428092420101166 -0.18043869733810425 0.9494550228118896
v -0.013240436092019081 -0.17708976566791534 0.9268690347671509
v 0.09093688428401947 -0.19092902541160583 0.9947741627693176
v 0.2300991415977478 -0.22113332152366638 1.1627366542816162
v -0.3058933615684509 -0.21486006677150726 1.1319169998168945
v -0.18391413986682892 -0.21409578621387482 1.1374664306640625
v -0.05474086478352547 -0.1841094195842743 0.9717552661895752
v 0.04660501703619957 -0.17743098735809326 0.9339803457260132
v 0.1807442158460617 -0.22003598511219025 1.1613380908966064
v 0.30360519886016846 -0.21827539801597595 1.1615420579910278
v -0.2333051562309265 -0.21318110823631287 1.1347110271453857
v -0.0945114716887474 -0.17930163443088531 0.9564319252967834
v 0.006962867453694344 -0.17590279877185822 0.9336493015289307
v 0.1290169507265091 -0.215641587972641 1.1501634120941162
v 0.2557206153869629 -0.2184690535068512 1.1637431383132935
v -0.2808082401752472 -0.21220779418945312 1.1327327489852905
v -0.13239827752113342 -0.17690926790237427 0.9445490837097168
v -0.03176567703485489 -0.17290176451206207 0.9212673306465149
v 0.06672582775354385 -0.17539769411087036 0.9296385645866394
v 0.20760269463062286 -0.21823041141033173 1.1637592315673828
v 0.3312947154045105 -0.21698381006717682 1.1585478782653809
v -0.20868980884552002 -0.21092873811721802 1.1356837749481201
v -0.07415897399187088 -0.17914710938930511 0.9648634195327759
v 0.027607489377260208 -0.17408804595470428 0.9364618062973022
v 0.1565895527601242 -0.21572047472000122 1.1575058698654175
v 0.2807314395904541 -0.2151373326778412 1.162985920906067
v -0.25550377368927 -0.20926234126091003 1.1333917379379272
v -0.11252329498529434 -0.1752726435661316 0.9509820938110352
v -0.011177006177604198 -0.17266815900802612 0.9304148554801941
v 0.09286397695541382 -0.18518772721290588 0.9955329895019531
v 0.23267517983913422 -0.21508346498012543 1.1626009941101074
v -0.3029915988445282 -0.20834869146347046 1.1307538747787476
v -0.15294881165027618 -0.17549662292003632 0.9394155144691467
v -0.05315049737691879 -0.17875151336193085 0.9733823537826538
v 0.04851127788424492 -0.17199277877807617 0.9353756904602051
v 0.18317008018493652 -0.21399089694023132 1.1606248617172241
v 0.305702269077301 -0.21182069182395935 1.1600080728530884
v -0.2306174784898758 -0.20693346858024597 1.1339809894561768
v -0.09272419661283493 -0.17464932799339294 0.9586966633796692
v 0.009144026786088943 -0.17116865515708923 0.9371932744979858
v 0.11941909790039062 -0.18531449139118195 1.0020811557769775
v 0.2579250633716583 -0.21192945539951324 1.1624363660812378
v -0.2781720757484436 -0.20573222637176514 1.1314588785171509
v -0.13056237995624542 -0.1717369258403778 0.9460456371307373
v -0.02884805202484131 -0.16429391503334045 0.9008694887161255
v 0.06838025152683258 -0.16918261349201202 0.9287840723991394
v 0.20976386964321136 -0.21194957196712494 1.1625620126724243
v -0.3310019075870514 -0.20468980073928833 1.1283750534057617
v -0.20564420521259308 -0.20418138802051544 1.134460210800171
v -0.07241860777139664 -0.17427188158035278 0.9672864675521851
v 0.02964917942881584 -0.16923651099205017 0.9393194913864136
v 0.1591707170009613 -0.20887291431427002 1.1569746732711792
v 0.28284314274787903 -0.20832619071006775 1.1609874963760376
v -0.2527225911617279 -0.202871635556221 1.1323319673538208
v -0.11070102453231812 -0.1703077107667923 0.9527773261070251
v -0.009106212295591831 -0.1682986170053482 0.9345024824142456
v 0.09476802498102188 -0.17977400124073029 0.9968776106834412
v 0.2349517047405243 -0.20881764590740204 1.1615644693374634
v -0.30012980103492737 -0.20179487764835358 1.1294364929199219
v -0.14970724284648895 -0.16926145553588867 0.9410185217857361
v -0.04593575373291969 -0.16107219457626343 0.8958920240402222
v 0.05039266496896744 -0.16701430082321167 0.9367954134941101
v 0.18544864654541016 -0.2079058289527893 1.1600089073181152
v 0.3077540397644043 -0.20540694892406464 1.1584079265594482
v -0.2279263287782669 -0.2007850855588913 1.133381724357605
v -0.09104743599891663 -0.17006038129329681 0.9611550569534302
v 0.011401374824345112 -0.16661226749420166 0.941016674041748
v 0.12088362872600555 -0.18016771972179413 1.0039896965026855
v 0.26006457209587097 -0.20532648265361786 1.1610033512115479
v -0.27549445629119873 -0.1992635279893875 1.130218505859375
v -0.12858840823173523 -0.1665797382593155 0.9476247429847717
v -0.02696356177330017 -0.15919072926044464 0.9048793315887451
v 0.07020051032304764 -0.16372135281562805 0.9282360076904297
v 0.21179793775081635 -0.20572331547737122 1.160965919494629
v -0.32418549060821533 -0.19805334508419037 1.1277847290039062
v -0.20240792632102966 -0.19754721224308014 1.1333978176116943
v -0.07077009230852127 -0.1690322309732437 0.969544529914856
v 0.0317542627453804 -0.1643822342157364 0.9419991374015808
v 0.1611897349357605 -0.2016717791557312 1.1559919118881226
v 0.2848472595214844 -0.2014761120080948 1.158493161201477
v -0.2500026822090149 -0.19661355018615723 1.1315432786941528
v -0.1088695079088211 -0.165507510304451 0.9548603892326355
v -0.006960020400583744 -0.16413472592830658 0.9389582872390747
v 0.09720723330974579 -0.1746300607919693 0.9994022846221924
v 0.23719723522663116 -0.20242582261562347 1.1601665019989014
v -0.29733479022979736 -0.1952153891324997 1.1279408931732178
v -0.14709323644638062 -0.1636834740638733 0.9427067637443542
v -0.04418827220797539 -0.15605436265468597 0.9002209305763245
v 0.05237369239330292 -0.16191887855529785 0.9380072355270386
v 0.18754011392593384 -0.2014983594417572 1.158375859260559
v 0.3099159300327301 -0.19880764186382294 1.1565933227539062
v -0.22532884776592255 -0.1947319209575653 1.132614254951477
v -0.0892103761434555 -0.16523092985153198 0.9636188745498657
v 0.013704773969948292 -0.1620425134897232 0.9450269937515259
v 0.12254026532173157 -0.1749579906463623 1.0078399181365967
v 0.26233598589897156 -0.1988781988620758 1.1596133708953857
v -0.27265575528144836 -0.19282811880111694 1.1289631128311157
v -0.12672744691371918 -0.16156433522701263 0.949325680732727
v -0.025228174403309822 -0.1554577648639679 0.9097309112548828
v 0.07213209569454193 -0.15840236842632294 0.9278603196144104
v 0.2140108048915863 -0.19920237362384796 1.1589183807373047
v -0.32060450315475464 -0.19137609004974365 1.12654447555542
v -0.19911901652812958 -0.19095277786254883 1.1326085329055786
v -0.062280748039484024 -0.15240749716758728 0.893811821937561
v 0.03385824337601662 -0.15954963862895966 0.9446268677711487
v 0.1633220911026001 -0.1942354142665863 1.1540998220443726
v 0.28694647550582886 -0.1945330947637558 1.1558020114898682
v -0.2473522275686264 -0.19058352708816528 1.131073236465454
v -0.10722390562295914 -0.1606847196817398 0.9569681882858276
v -0.00540011515840888 -0.1544552743434906 0.9165613055229187
v 0.09995408356189728 -0.16915705800056458 1.0026843547821045
v 0.2396402657032013 -0.19612650573253632 1.158803105354309
v -0.29454776644706726 -0.18866471946239471 1.1265754699707031
v -0.14496245980262756 -0.15844909846782684 0.9445056319236755
v -0.04268459975719452 -0.15193262696266174 0.9068870544433594
v 0.05442744120955467 -0.15690094232559204 0.9387248158454895
v 0.18927304446697235 -0.19493962824344635 1.1559083461761475
v 0.31219425797462463 -0.19222073256969452 1.154842495918274
v -0.2227577120065689 -0.1886606365442276 1.132079005241394
v -0.08738361299037933 -0.15985062718391418 0.9655977487564087
v 0.01602577231824398 -0.1574423760175705 0.9488633275032043
v 0.12432815879583359 -0.16915938258171082 1.0136268138885498
v 0.26484012603759766 -0.1923147588968277 1.1581143140792847
v -0.2697099447250366 -0.1863521933555603 1.127787709236145
v -0.1249995082616806 -0.15662528574466705 0.9512803554534912
v -0.023375319316983223 -0.15143369138240814 0.9150291085243225
v 0.07421363890171051 -0.15320517122745514 0.9275872111320496
v 0.21614708006381989 -0.19265484809875488 1.1565232276916504
v -0.3175103962421417 -0.18483416736125946 1.1252546310424805
v -0.19515419006347656 -0.18479026854038239 1.1320589780807495
v -0.06069213151931763 -0.1475801020860672 0.9001494646072388
v 0.0359983816742897 -0.15477506816387177 0.9470692276954651
v 0.14772063493728638 -0.16954845190048218 1.0170364379882812
v 0.28919410705566406 -0.18768583238124847 1.1536809206008911
v -0.24471426010131836 -0.18455182015895844 1.1306393146514893
v -0.10563560575246811 -0.1556772142648697 0.9590083360671997
v -0.0031668758019804955 -0.15018071234226227 0.9211419224739075
v 0.10222494602203369 -0.16401201486587524 1.006953477859497
v 0.2421688586473465 -0.18975037336349487 1.1572883129119873
v -0.2917567193508148 -0.1821615844964981 1.125274419784546
v -0.14301855862140656 -0.15324907004833221 0.9462034106254578
v -0.041026584804058075 -0.14781036972999573 0.913332998752594
v 0.05648307874798775 -0.15181036293506622 0.93888258934021
v 0.18729040026664734 -0.18481484055519104 1.1323117017745972
v 0.3145730197429657 -0.18558979034423828 1.1530110836029053
v -0.2202710658311844 -0.18257279694080353 1.131756067276001
v -0.07807440310716629 -0.1441224068403244 0.8929589986801147
v 0.018252111971378326 -0.15282361209392548 0.9524953365325928
v 0.12634803354740143 -0.16294945776462555 1.0161515474319458
v 0.2668815553188324 -0.18544812500476837 1.1551342010498047
v -0.2667965292930603 -0.18001443147659302 1.1265944242477417
v -0.1233917698264122 -0.15174290537834167 0.9534646272659302
v -0.02150527946650982 -0.14728930592536926 0.9208666682243347
v 0.07635650038719177 -0.1479390263557434 0.9272329211235046
v 0.21847735345363617 -0.18652059137821198 1.153235912322998
v -0.3145373463630676 -0.17835219204425812 1.1239566802978516
v -0.19154222309589386 -0.17920294404029846 1.1273880004882812
v -0.05934390053153038 -0.1436571627855301 0.9080696105957031
v 0.0381515771150589 -0.14999745786190033 0.9490926265716553
v 0.14921686053276062 -0.16218960285186768 1.0149352550506592
v 0.2918442487716675 -0.18100135028362274 1.152387022972107
v -0.2422514110803604 -0.1785261034965515 1.1300890445709229
v -0.1037457138299942 -0.15038777887821198 0.9609527587890625
v -0.0009296776261180639 -0.145920991897583 0.926685631275177
v 0.10451101511716843 -0.1583728790283203 1.0112987756729126
v 0.24460940062999725 -0.1832127422094345 1.155735731124878
v -0.28891807794570923 -0.17583736777305603 1.1240900754928589
v -0.1411619335412979 -0.14808566868305206 0.9477837681770325
v -0.03937581926584244 -0.14363855123519897 0.9195733666419983
v 0.05874216929078102 -0.14672209322452545 0.9387233257293701
v 0.1866525113582611 -0.17436020076274872 1.1113718748092651
v 0.3172238767147064 -0.17876406013965607 1.1507627964019775
v -0.21747346222400665 -0.17631278932094574 1.1313331127166748
v -0.0766453817486763 -0.1398114413022995 0.9002110958099365
v 0.020415611565113068 -0.14813831448554993 0.9559069871902466
v 0.1285058557987213 -0.15750977396965027 1.0169715881347656
v 0.26909852027893066 -0.17873045802116394 1.1523716449737549
v -0.2639993727207184 -0.1738429218530655 1.1255968809127808
v -0.1219610720872879 -0.1467243880033493 0.9557708501815796
v -0.01962033472955227 -0.14303652942180634 0.9271591901779175
v 0.07845693081617355 -0.14259260892868042 0.9268282651901245
v 0.21468868851661682 -0.17400199174880981 1.119260549545288
v -0.3115672171115875 -0.17197316884994507 1.1226500272750854
v -0.16262447834014893 -0.14650343358516693 0.9431869983673096
v -0.057835787534713745 -0.13971327245235443 0.9161133766174316
v 0.04040372744202614 -0.1451757699251175 0.9507479071617126
v 0.15096083283424377 -0.15592975914478302 1.0139567852020264
v 0.2942664623260498 -0.17444062232971191 1.1503403186798096
v -0.23990948498249054 -0.1724763661623001 1.129508137702942
v -0.102393239736557 -0.1453240066766739 0.9618274569511414
v 0.0006069053779356182 -0.141422301530838 0.9324955940246582
v 0.10720290243625641 -0.1536245048046112 1.0157010555267334
v 0.2474799007177353 -0.17666293680667877 1.153602957725525
v -0.28609609603881836 -0.16963854432106018 1.1230828762054443
v -0.1393180787563324 -0.1429997831583023 0.9494698643684387
v -0.037762172520160675 -0.13942934572696686 0.9260112047195435
v 0.05976014584302902 -0.13769252598285675 0.9216159582138062
v 0.1888667643070221 -0.16771277785301208 1.108245849609375
v 0.31983157992362976 -0.1719692051410675 1.148299217224121
v -0.21453624963760376 -0.16981488466262817 1.1303764581680298
v -0.07540003210306168 -0.1359957456588745 0.9091891646385193
v 0.022592676803469658 -0.14349032938480377 0.9590602517127991
v 0.13058312237262726 -0.15191994607448578 1.017675757408142
v 0.2718430757522583 -0.17220105230808258 1.1507078409194946
v -0.2613484859466553 -0.16781169176101685 1.1247972249984741
v -0.1206289604306221 -0.14153090119361877 0.9581077694892883
v -0.01790148764848709 -0.13875384628772736 0.933286726474762
v 0.08057581633329391 -0.1372985541820526 0.9264975190162659
v 0.2166547328233719 -0.166705921292305 1.1171197891235352
v -0.30845725536346436 -0.165658637881279 1.121220588684082
v -0.15864960849285126 -0.14022934436798096 0.94412761926651
v -0.05616336688399315 -0.13567912578582764 0.9230588674545288
v 0.04305074363946915 -0.13853955268859863 0.9444941282272339
v 0.15269315242767334 -0.1499631553888321 1.0130045413970947
v 0.2965078353881836 -0.1679154932498932 1.1481958627700806
v -0.23759882152080536 -0.16626273095607758 1.1287933588027954
v -0.09212999790906906 -0.13152900338172913 0.8936444520950317
v 0.0025142114609479904 -0.1374281644821167 0.9373615384101868
v 0.10971494019031525 -0.1481092870235443 1.0206979513168335
v 0.24957002699375153 -0.16906411945819855 1.1468167304992676
v -0.28324198722839355 -0.16345097124576569 1.121769905090332
v -0.1376240998506546 -0.1380130797624588 0.9512856006622314
v -0.0361279658973217 -0.13526956737041473 0.9321955442428589
v 0.062080949544906616 -0.13282278180122375 0.9211521148681641
v 0.19099043309688568 -0.16123677790164948 1.1065138578414917
v 0.32241371273994446 -0.16522717475891113 1.1457278728485107
v -0.21043184399604797 -0.1609104871749878 1.1236628293991089
v -0.07397545129060745 -0.13180619478225708 0.9174124598503113
v 0.02464442327618599 -0.13867837190628052 0.9615739583969116
v 0.13280324637889862 -0.1464296132326126 1.018219232559204
v 0.274405300617218 -0.1655997484922409 1.149033784866333
v -0.25874611735343933 -0.16177774965763092 1.1241726875305176
v -0.11900490522384644 -0.1362672746181488 0.960143506526947
v -0.01643989607691765 -0.13466592133045197 0.938372790813446
v 0.08260790258646011 -0.1320776492357254 0.9265637993812561
v 0.21871475875377655 -0.1601325273513794 1.1155414581298828
v -0.30543527007102966 -0.15940387547016144 1.1198034286499023
v -0.15605181455612183 -0.13495813310146332 0.9451116323471069
v -0.05442856252193451 -0.1315109133720398 0.9295164346694946
v 0.04517208784818649 -0.13398364186286926 0.9467484354972839
v 0.15484459698200226 -0.1443420946598053 1.0122532844543457
v 0.29882192611694336 -0.16150780022144318 1.1461538076400757
v -0.23481746017932892 -0.15966175496578217 1.1275545358657837
v -0.0908854529261589 -0.12729711830615997 0.9016398191452026
v 0.004866064991801977 -0.12904143333435059 0.9189913272857666
v 0.11190781742334366 -0.14312033355236053 1.0235917568206787
v 0.246750146150589 -0.15901845693588257 1.1265618801116943
v -0.28050774335861206 -0.15733171999454498 1.1202995777130127
v -0.1360238492488861 -0.13301335275173187 0.9530499577522278
v -0.03445422276854515 -0.13138414919376373 0.9376789927482605
v 0.0641389712691307 -0.127924382686615 0.921070396900177
v 0.19329294562339783 -0.15469466149806976 1.1043033599853516
v 0.32514458894729614 -0.15845896303653717 1.1433489322662354
v -0.19966137409210205 -0.1490502804517746 1.0710277557373047
v -0.07257215678691864 -0.12748964130878448 0.9246713519096375
v 0.02502533048391342 -0.12712056934833527 0.9220952391624451
v 0.13512259721755981 -0.14104311168193817 1.0187015533447266
v 0.2768997550010681 -0.159028559923172 1.1469587087631226
v -0.25627759099006653 -0.15567274391651154 1.1234118938446045
v -0.11705664545297623 -0.1309727281332016 0.9621037840843201
v -0.013279221020638943 -0.12575478851795197 0.9192585945129395
v 0.08463892340660095 -0.12693467736244202 0.9270288944244385
v 0.220878466963768 -0.15368062257766724 1.1139538288116455
v -0.30248352885246277 -0.15318180620670319 1.1183096170425415
v -0.15363575518131256 -0.1296350061893463 0.946455717086792
v -0.052547723054885864 -0.12731292843818665 0.9356948733329773
v 0.04746350273489952 -0.12938177585601807 0.9486615657806396
v 0.15702323615550995 -0.13860668241977692 1.0115236043930054
v 0.3011886775493622 -0.15518854558467865 1.1442434787750244
v -0.23163597285747528 -0.15261618793010712 1.126341462135315
v -0.0896395593881607 -0.12302493304014206 0.9099612236022949
v 0.007070848718285561 -0.1249270811676979 0.9255567789077759
v 0.11439697444438934 -0.13802070915699005 1.0263490676879883
v 0.24890059232711792 -0.15228569507598877 1.1243621110916138
v -0.277774840593338 -0.151153102517128 1.1187664270401
v -0.13433504104614258 -0.1280350685119629 0.9548482894897461
v -0.030766116455197334 -0.12212901562452316 0.9146409630775452
v 0.06622864305973053 -0.12302717566490173 0.9207843542098999
v 0.19588419795036316 -0.1481938362121582 1.1026970148086548
v 0.32879969477653503 -0.1516776978969574 1.141055941581726
v -0.18203571438789368 -0.1350584179162979 0.9879364371299744
v -0.07101716846227646 -0.12310265004634857 0.9311988353729248
v 0.02740771882236004 -0.12275788187980652 0.9284842014312744
v 0.13737337291240692 -0.13552166521549225 1.018405556678772
v 0.27920931577682495 -0.15249593555927277 1.1448637247085571
v -0.2533724009990692 -0.14925608038902283 1.1221171617507935
v -0.10610013455152512 -0.11862818896770477 0.8918858766555786
v -0.011485617607831955 -0.1221088171005249 0.9273982048034668
v 0.08650554716587067 -0.12193301320075989 0.9276753664016724
v 0.22297798097133636 -0.14731769263744354 1.1122597455978394
v -0.29959598183631897 -0.1468595564365387 1.1164298057556152
v -0.15175166726112366 -0.1245066225528717 0.9479343295097351
v -0.05104750394821167 -0.12316569685935974 0.941264808177948
v 0.05000101402401924 -0.12472056597471237 0.9500357508659363
v 0.15912263095378876 -0.13282093405723572 1.0109297037124634
v 0.3034568727016449 -0.148909330368042 1.1422029733657837
v -0.2019701898097992 -0.13448984920978546 0.9844983220100403
v -0.08824637532234192 -0.11869179457426071 0.9174709916114807
v 0.009227331727743149 -0.12109921127557755 0.9325175881385803
v 0.11557909101247787 -0.13192635774612427 1.0283843278884888
v 0.2511626183986664 -0.14584100246429443 1.1226835250854492
v -0.2750677168369293 -0.14482128620147705 1.1173620223999023
v -0.132418692111969 -0.12303085625171661 0.9566596746444702
v -0.02923964336514473 -0.11847767233848572 0.9230968952178955
v 0.06804870069026947 -0.11806325614452362 0.9206929802894592
v 0.19838722050189972 -0.1420552283525467 1.1007119417190552
v -0.3271777629852295 -0.14213646948337555 1.113834261894226
v -0.17910191416740417 -0.1269344538450241 0.986644983291626
v -0.06946296244859695 -0.11877630650997162 0.937006950378418
v 0.029940715059638023 -0.11889490485191345 0.9368875622749329
v 0.13977596163749695 -0.13002462685108185 1.0169525146484375
v 0.2814152240753174 -0.1461413949728012 1.1428810358047485
v -0.2501327693462372 -0.14256857335567474 1.1205806732177734
v -0.10441837459802628 -0.11371808499097824 0.8962216973304749
v -0.009498652070760727 -0.11831308901309967 0.9356676340103149
v 0.08852788805961609 -0.11690814793109894 0.9286198019981384
v 0.22529153525829315 -0.14096829295158386 1.1106747388839722
v -0.29694414138793945 -0.14045211672782898 1.1145431995391846
v -0.14980335533618927 -0.11961914598941803 0.9493375420570374
v -0.04721647873520851 -0.1144549548625946 0.9157730340957642
v 0.05304216593503952 -0.1197693794965744 0.9506190419197083
v 0.1612747460603714 -0.12718690931797028 1.0102696418762207
v 0.3056907653808594 -0.14265139400959015 1.1400704383850098
v -0.19872283935546875 -0.12598708271980286 0.98190838098526
v -0.08675169944763184 -0.114307701587677 0.9240203499794006
v 0.011233814992010593 -0.11721115559339523 0.935876727104187
v 0.11269527673721313 -0.11983027309179306 0.9635289907455444
v 0.25317832827568054 -0.13954031467437744 1.1211159229278564
v -0.2725120186805725 -0.13841375708580017 1.1159064769744873
v -0.129133403301239 -0.11737576872110367 0.9513201713562012
v -0.027913453057408333 -0.11472214758396149 0.9330682754516602
v 0.06990398466587067 -0.11305408179759979 0.9210014343261719
v 0.19802914559841156 -0.13504251837730408 1.080618977546692
v -0.3202601969242096 -0.1358150690793991 1.1124109029769897
v -0.17711567878723145 -0.12079308182001114 0.9865995049476624
v -0.0678582563996315 -0.11443247646093369 0.9417773485183716
v 0.03219505399465561 -0.11505565792322159 0.9451000690460205
v 0.13330131769180298 -0.11792139708995819 0.9530037641525269
v 0.2837635278701782 -0.13993221521377563 1.1411466598510742
v -0.2467043399810791 -0.13560587167739868 1.1196457147598267
v -0.10307812690734863 -0.10939738154411316 0.9029321074485779
v -0.00752850528806448 -0.11433549225330353 0.9425172209739685
v 0.090678870677948 -0.11197046935558319 0.9296926259994507
v 0.22751128673553467 -0.13479682803153992 1.1090068817138672
v -0.2943781912326813 -0.1340729147195816 1.1130683422088623
v -0.1477033942937851 -0.11426917463541031 0.9466041326522827
v -0.04571760073304176 -0.1104978397488594 0.9241447448730469
v 0.052996207028627396 -0.11157429218292236 0.933634877204895
v 0.16332851350307465 -0.12144041806459427 1.009303092956543
v 0.3079243302345276 -0.13640503585338593 1.137933611869812
v -0.195673868060112 -0.1189916580915451 0.9810632467269897
v -0.08526846766471863 -0.10993055999279022 0.9296165108680725
v 0.012823532335460186 -0.10754791647195816 0.9134230017662048
v 0.11523386090993881 -0.1140015497803688 0.9625728130340576
v 0.25532466173171997 -0.13338080048561096 1.1200059652328491
v -0.2696443200111389 -0.13179700076580048 1.1141552925109863
v -0.1265164315700531 -0.10984955728054047 0.9417795538902283
v -0.026434918865561485 -0.11100535839796066 0.9413912892341614
v 0.07186611741781235 -0.10810080915689468 0.9206158518791199
v 0.19231070578098297 -0.12395022064447403 1.0441590547561646
v -0.31667208671569824 -0.1293611228466034 1.110654592514038
v -0.17455896735191345 -0.11443187296390533 0.9860047698020935
v -0.06655384600162506 -0.10999763011932373 0.9456236958503723
v 0.034268371760845184 -0.11097129434347153 0.951643168926239
v 0.1344587504863739 -0.11139659583568573 0.9493535757064819
v 0.28610265254974365 -0.1337760090827942 1.1394935846328735
v -0.2164732962846756 -0.11687222123146057 0.9771683812141418
v -0.10163776576519012 -0.10485594719648361 0.9097491502761841
v -0.005250426474958658 -0.10631488263607025 0.9208648204803467
v 0.09308827668428421 -0.10696634650230408 0.9308739900588989
v 0.2297455370426178 -0.12850020825862885 1.1069912910461426
v -0.2918616533279419 -0.1277483105659485 1.1118971109390259
v -0.14196525514125824 -0.10569387674331665 0.928259015083313
v -0.044284019619226456 -0.10648952424526215 0.9330421090126038
v 0.05551186576485634 -0.10729723423719406 0.9347919225692749
v 0.16546912491321564 -0.1159914955496788 1.0079398155212402
v 0.31013262271881104 -0.1300780475139618 1.1359444856643677
v -0.19304729998111725 -0.11268536001443863 0.9808895587921143
v -0.08372744172811508 -0.10563904047012329 0.934699535369873
v 0.015474492684006691 -0.10271316021680832 0.9124658703804016
v 0.1174139454960823 -0.10866612941026688 0.9615410566329956
v 0.25747621059417725 -0.12720710039138794 1.1187024116516113
v -0.266178697347641 -0.12508083879947662 1.1120197772979736
v -0.12467902898788452 -0.10516635328531265 0.9437839388847351
v -0.025138162076473236 -0.10664830356836319 0.9417799115180969
v 0.07373134791851044 -0.10287623107433319 0.9201646447181702
v 0.1956164687871933 -0.11796572059392929 1.0466903448104858
v -0.3138444721698761 -0.12302594631910324 1.1084814071655273
v -0.1576988250017166 -0.10211589932441711 0.9076075553894043
v -0.061928536742925644 -0.10184556245803833 0.9210588932037354
v 0.03626149520277977 -0.10689298063516617 0.9553619623184204
v 0.13596314191818237 -0.10567474365234375 0.9464316964149475
v 0.28834399580955505 -0.12750251591205597 1.137731671333313
v -0.2125404328107834 -0.10965937376022339 0.9750894904136658
v -0.10022388398647308 -0.1003667339682579 0.9154277443885803
v -0.0034268705639988184 -0.10021375864744186 0.9113602638244629
v 0.09533140063285828 -0.10195554047822952 0.9318608045578003
v 0.23200102150440216 -0.12210021913051605 1.104858636856079
v -0.2891054153442383 -0.12140653282403946 1.110166072845459
v -0.1405700445175171 -0.10084519535303116 0.9316876530647278
v -0.04272889718413353 -0.10304262489080429 0.9399520754814148
v 0.057978857308626175 -0.10212258994579315 0.9403018951416016
v 0.1553056240081787 -0.10273146629333496 0.9266799092292786
v 0.31233859062194824 -0.12351259589195251 1.1337629556655884
v -0.1905422806739807 -0.10649695247411728 0.9809568524360657
v -0.08204197883605957 -0.10122346132993698 0.9395400285720825
v 0.017546776682138443 -0.1033817008137703 0.9621924161911011
v 0.11938511580228806 -0.10328518599271774 0.9606106281280518
v 0.2596912980079651 -0.12117336690425873 1.1175178289413452
v -0.2622900903224945 -0.11815843731164932 1.1098973751068115
v -0.1165812686085701 -0.09561517834663391 0.8974094986915588
v -0.021164340898394585 -0.09704071283340454 0.9126290082931519
v 0.07529785484075546 -0.09762106835842133 0.9197137355804443
v 0.19736802577972412 -0.11114276200532913 1.0432339906692505
v -0.31104597449302673 -0.11678198724985123 1.106496810913086
v -0.1557246297597885 -0.096358522772789 0.9088331460952759
v -0.06066153943538666 -0.09784907102584839 0.9289579391479492
v 0.03648878633975983 -0.09471939504146576 0.892675518989563
v 0.13767750561237335 -0.09996447712182999 0.9432547688484192
v 0.2907290458679199 -0.12099291384220123 1.1356748342514038
v -0.209525465965271 -0.10315538197755814 0.974824845790863
v -0.098882757127285 -0.0957517996430397 0.9207162261009216
v -0.0015231112483888865 -0.0945139080286026 0.9068472981452942
v 0.09766256809234619 -0.09685149788856506 0.9325724244117737
v 0.2351854145526886 -0.11592891812324524 1.100380778312683
v -0.2860512435436249 -0.1150263100862503 1.1080799102783203
v -0.13929875195026398 -0.09606560319662094 0.9349039196968079
v -0.03935828059911728 -0.09497343748807907 0.920828104019165
v 0.060141678899526596 -0.09742633253335953 0.9453904032707214
v 0.15644174814224243 -0.09651336073875427 0.9224357604980469
v 0.31449025869369507 -0.11686740815639496 1.1315324306488037
v -0.18852227926254272 -0.09971707314252853 0.9811193346977234
v -0.08046591281890869 -0.09700442105531693 0.9439469575881958
v 0.020609166473150253 -0.09856056421995163 0.9672508239746094
v 0.12113845348358154 -0.09789323061704636 0.9590932130813599
v 0.2620388865470886 -0.11477568000555038 1.1162482500076294
v -0.25813326239585876 -0.11155002564191818 1.1065689325332642
v -0.11455253511667252 -0.0908118188381195 0.9000868201255798
v -0.01917169988155365 -0.09145078808069229 0.9066843390464783
v 0.0773162841796875 -0.09299416840076447 0.9203726053237915
v 0.19876492023468018 -0.1053600013256073 1.0419057607650757
v -0.30831941962242126 -0.11076673865318298 1.105120301246643
v -0.1544952243566513 -0.09142235666513443 0.9119901657104492
v -0.0595066212117672 -0.09360348433256149 0.9366084337234497
v 0.03824559971690178 -0.08909938484430313 0.8938135504722595
v 0.13929864764213562 -0.09422567486763 0.939993143081665
v 0.2928507626056671 -0.11421537399291992 1.1330047845840454
v -0.20699907839298248 -0.09704188257455826 0.9746712446212769
v -0.09785623848438263 -0.09100545942783356 0.9257057309150696
v 0.0003983817878179252 -0.08944350481033325 0.9042209982872009
v 0.10030657798051834 -0.09183977544307709 0.9328937530517578
v 0.2233540415763855 -0.10317857563495636 1.0395227670669556
v -0.28272566199302673 -0.10861709713935852 1.1058017015457153
v -0.1379522830247879 -0.09119503200054169 0.938252866268158
v -0.037221040576696396 -0.08883801102638245 0.9113531112670898
v 0.06236346811056137 -0.09277137368917465 0.9493463635444641
v 0.15780039131641388 -0.09039364755153656 0.9195311069488525
v 0.3166861832141876 -0.11036542057991028 1.1292531490325928
v -0.1703149527311325 -0.08776867389678955 0.8908951282501221
v -0.07923488318920135 -0.09084953367710114 0.9422950148582458
v 0.022239530459046364 -0.09043174237012863 0.9456337690353394
v 0.12296181917190552 -0.09244174510240555 0.9574055671691895
v 0.26435860991477966 -0.10830559581518173 1.1151213645935059
v -0.22949287295341492 -0.09501844644546509 0.9716076850891113
v -0.11328985542058945 -0.08621730655431747 0.9050606489181519
v -0.017259780317544937 -0.0861501470208168 0.9024220705032349
v 0.08302152156829834 -0.08982661366462708 0.9458711743354797
v 0.20043611526489258 -0.09929894655942917 1.0397639274597168
v -0.3051888048648834 -0.10454519838094711 1.103317379951477
v -0.15327095985412598 -0.08652239292860031 0.9159155488014221
v -0.058353208005428314 -0.08933871239423752 0.9390764236450195
v 0.04045448452234268 -0.08448078483343124 0.8978663086891174
v 0.14102676510810852 -0.08867163211107254 0.9369373321533203
v 0.2950989007949829 -0.10737841576337814 1.1302077770233154
v -0.20439058542251587 -0.09126909077167511 0.9749147891998291
v -0.09661123156547546 -0.08649706840515137 0.9305437207221985
v 0.0025108130648732185 -0.08450201153755188 0.9032272100448608
v 0.10301720350980759 -0.08735385537147522 0.9344725012779236
v 0.22490225732326508 -0.09718972444534302 1.0369597673416138
v -0.2793804407119751 -0.10223294049501419 1.1034557819366455
v -0.13651645183563232 -0.08627365529537201 0.9413562417030334
v -0.035007987171411514 -0.08319783210754395 0.9049551486968994
v 0.06443419307470322 -0.08811447024345398 0.9527484774589539
v 0.15919488668441772 -0.08475217968225479 0.9167933464050293
v 0.3191564679145813 -0.10406631231307983 1.1270720958709717
v -0.16811247169971466 -0.08211605995893478 0.8931131362915039
v -0.07560145854949951 -0.08444325625896454 0.9312008619308472
v 0.022007571533322334 -0.08070532232522964 0.8837904334068298
v 0.12483761459589005 -0.08693190664052963 0.9553196430206299
v 0.2667328417301178 -0.1019883081316948 1.114099383354187
v -0.2254985123872757 -0.08884797245264053 0.9703403115272522
v -0.11195014417171478 -0.08168692886829376 0.9100539684295654
v -0.015415525995194912 -0.0811077356338501 0.8997836709022522
v 0.08513922244310379 -0.08498800545930862 0.9470415711402893
v 0.2023768573999405 -0.09329580515623093 1.0374666452407837
v -0.3018885850906372 -0.09824029356241226 1.101488709449768
v -0.15189234912395477 -0.08178279548883438 0.9195723533630371
v -0.054111547768116 -0.08192858099937439 0.9207730293273926
v 0.04258997365832329 -0.07977510988712311 0.9019545316696167
v 0.14267979562282562 -0.08321128040552139 0.9340057969093323
v 0.2974469065666199 -0.10109979659318924 1.1281445026397705
v -0.20217862725257874 -0.08560220152139664 0.9755680561065674
v -0.09528734534978867 -0.08195124566555023 0.9355561137199402
v 0.004334707278758287 -0.07979176938533783 0.9032242894172668
v 0.10832671076059341 -0.08448044955730438 0.9690127372741699
v 0.22675518691539764 -0.09114562720060349 1.0349055528640747
v -0.27603670954704285 -0.09592722356319427 1.1011403799057007
v -0.13507232069969177 -0.08147723972797394 0.9441114664077759
v -0.03296584635972977 -0.07814819365739822 0.9011104702949524
v 0.06633768230676651 -0.08304626494646072 0.953952431678772
v 0.16081756353378296 -0.07920274883508682 0.9140743017196655
v 0.3215906023979187 -0.09772462397813797 1.1243864297866821
v -0.16646160185337067 -0.07715030014514923 0.8956143856048584
v -0.0739622488617897 -0.08019141107797623 0.9367303252220154
v 0.02395784668624401 -0.07567470520734787 0.8837960362434387
v 0.1266850382089615 -0.08141635358333588 0.9526462554931641
v 0.2688879072666168 -0.09591304510831833 1.1130733489990234
v -0.22217531502246857 -0.08289884775876999 0.9697733521461487
v -0.11054699122905731 -0.07713640481233597 0.9145135879516602
v -0.013553599826991558 -0.0761924460530281 0.8980644941329956
v 0.08696750551462173 -0.0796874389052391 0.9477441906929016
v 0.20436879992485046 -0.08711062371730804 1.0346534252166748
v -0.2986207902431488 -0.09210264682769775 1.099928379058838
v -0.15052813291549683 -0.07706837356090546 0.9228816628456116
v -0.051514141261577606 -0.0761336162686348 0.9130170345306396
v 0.04490062966942787 -0.07530587911605835 0.9057613611221313
v 0.14433243870735168 -0.07775389403104782 0.9310088753700256
v 0.29953885078430176 -0.09466274827718735 1.1259605884552002
v -0.19942060112953186 -0.07999534904956818 0.9758312702178955
v -0.09405104070901871 -0.0769462063908577 0.939754843711853
v 0.0057057589292526245 -0.07533954083919525 0.9030362367630005
v 0.10989580303430557 -0.07886955887079239 0.9682603478431702
v 0.22896316647529602 -0.08534231781959534 1.0337376594543457
v -0.27263015508651733 -0.08959656953811646 1.099043607711792
v -0.13347208499908447 -0.07675283402204514 0.9464952945709229
v -0.031053677201271057 -0.07330173254013062 0.8993777632713318
v 0.06789840757846832 -0.07816652208566666 0.9531923532485962
v 0.16246436536312103 -0.07376515865325928 0.9111021161079407
v 0.3251412510871887 -0.09141385555267334 1.12144935131073
v -0.16495461761951447 -0.07228179275989532 0.8983122110366821
v -0.0723683312535286 -0.07552172243595123 0.9418697357177734
v 0.026072975248098373 -0.07084853947162628 0.8867083787918091
v 0.12847274541854858 -0.07587947696447372 0.9493584632873535
v 0.2710697054862976 -0.08968085795640945 1.1119476556777954
v -0.21932865679264069 -0.07716117054224014 0.9696695804595947
v -0.10915528237819672 -0.07244733721017838 0.918106198310852
v -0.011505946516990662 -0.07147331535816193 0.8970321416854858
v 0.08874084055423737 -0.0745251476764679 0.9480592608451843
v 0.20641641318798065 -0.08085502684116364 1.0323529243469238
v -0.29542794823646545 -0.08612865954637527 1.0982699394226074
v -0.14898933470249176 -0.07229476422071457 0.9259000420570374
v -0.04965224117040634 -0.07117488980293274 0.9097493290901184
v 0.04727775976061821 -0.07069745659828186 0.9098684191703796
v 0.14602620899677277 -0.07228660583496094 0.9280315637588501
v 0.3012140393257141 -0.08842899650335312 1.1237856149673462
v -0.17979566752910614 -0.06867872178554535 0.8773618936538696
v -0.09178097546100616 -0.07170353084802628 0.942858099937439
v 0.008627315051853657 -0.06683032959699631 0.8767299056053162
v 0.1117062196135521 -0.07343126833438873 0.967277467250824
v 0.23155149817466736 -0.07954969257116318 1.0324956178665161
v -0.2694692313671112 -0.08327437937259674 1.0972492694854736
v -0.13187751173973083 -0.07187150418758392 0.9487340450286865
v -0.0291134100407362 -0.06848540157079697 0.898036003112793
v 0.06921865046024323 -0.0724848210811615 0.9489125609397888
v 0.16405679285526276 -0.06840794533491135 0.9078646898269653
v -0.32146528363227844 -0.08254849910736084 1.0961003303527832
v -0.16333314776420593 -0.06752834469079971 0.900946855545044
v -0.07076013088226318 -0.06952273100614548 0.9429103136062622
v 0.028208160772919655 -0.0661068707704544 0.8898681998252869
v 0.1300976276397705 -0.07038243114948273 0.9458581209182739
v 0.27338796854019165 -0.0835590660572052 1.1107698678970337
v -0.21655580401420593 -0.07146395742893219 0.9694461822509766
v -0.10761333256959915 -0.06784424930810928 0.9218740463256836
v -0.008618943393230438 -0.06314667314291 0.871087372303009
v 0.09106454998254776 -0.06879877299070358 0.9481159448623657
v 0.20804502069950104 -0.07478830218315125 1.030174970626831
v -0.29234734177589417 -0.08033203333616257 1.0968583822250366
v -0.1473589539527893 -0.06746134161949158 0.9288187026977539
v -0.04765768721699715 -0.06599240005016327 0.907654881477356
v 0.049619048833847046 -0.06587912887334824 0.9145199656486511
v 0.147725909948349 -0.06680626422166824 0.9249118566513062
v 0.3028419315814972 -0.08223863691091537 1.1215195655822754
v -0.1772574782371521 -0.063226617872715 0.8770558834075928
v -0.08527631312608719 -0.06453043967485428 0.9032881855964661
v 0.01035562064498663 -0.062299489974975586 0.8788352012634277
v 0.113428995013237 -0.06819073110818863 0.9656511545181274
v 0.2340589314699173 -0.07395473122596741 1.0318338871002197
v -0.2664094865322113 -0.07731165736913681 1.0956635475158691
v -0.13023562729358673 -0.06668310612440109 0.9511613845825195
v -0.0274274330586195 -0.06374378502368927 0.8967152833938599
v 0.07047379016876221 -0.06554518640041351 0.9353052973747253
v 0.16568732261657715 -0.0632311999797821 0.9042990207672119
v -0.3155578076839447 -0.07622020691633224 1.0943938493728638
v -0.16174380481243134 -0.06271164864301682 0.903389036655426
v -0.06106634810566902 -0.059595637023448944 0.8510655760765076
v 0.03032846562564373 -0.06133249029517174 0.893259584903717
v 0.1316262185573578 -0.06483834236860275 0.9423922896385193
v 0.27573710680007935 -0.07750322669744492 1.109647274017334
v -0.21411460638046265 -0.06604490429162979 0.9689016938209534
v -0.10605207830667496 -0.0630655288696289 0.925591766834259
v -0.006840577349066734 -0.05856694281101227 0.87079918384552
v 0.09287173300981522 -0.06377921998500824 0.9478294849395752
v 0.20968371629714966 -0.06901248544454575 1.0280811786651611
v -0.2893412411212921 -0.0744897648692131 1.0953601598739624
v -0.1456352025270462 -0.06252028048038483 0.9315348267555237
v -0.0455918051302433 -0.061012186110019684 0.9057717323303223
v 0.05192016065120697 -0.06107211112976074 0.9200385212898254
v 0.1494309902191162 -0.061366111040115356 0.92171311378479
v 0.3045704960823059 -0.07609938085079193 1.119309663772583
v -0.17511816322803497 -0.05828721821308136 0.8775032758712769
v -0.08284863829612732 -0.059171874076128006 0.8949505686759949
v 0.012460500001907349 -0.05732548236846924 0.8819552659988403
v 0.11504244059324265 -0.06285297870635986 0.9627328515052795
v 0.24304571747779846 -0.07109769433736801 1.0724594593048096
v -0.26245686411857605 -0.07152716815471649 1.094834566116333
v -0.1287623643875122 -0.0614507794380188 0.9527040123939514
v -0.02384171262383461 -0.05579803138971329 0.8644991517066956
v 0.071909599006176 -0.058696046471595764 0.9204615354537964
v 0.16750366985797882 -0.058232806622982025 0.9003748893737793
v -0.3120114207267761 -0.0701562687754631 1.09280526638031
v -0.1601124256849289 -0.057919181883335114 0.9056259989738464
v -0.05859685689210892 -0.054370004683732986 0.8498079776763916
v 0.03255252167582512 -0.05655337870121002 0.8967319130897522
v 0.13322040438652039 -0.059345949441194534 0.9390493631362915
v 0.2780505120754242 -0.07160142809152603 1.1085422039031982
v -0.21189264953136444 -0.06086184084415436 0.968311607837677
v -0.10441501438617706 -0.05810585990548134 0.9288798570632935
v -0.004896705038845539 -0.05402086675167084 0.8739955425262451
v 0.09818380326032639 -0.05956551805138588 0.9760240912437439
v 0.2114674150943756 -0.06333867460489273 1.026044487953186
v -0.2864302098751068 -0.06853687018156052 1.0938688516616821
v -0.14394532144069672 -0.05752929300069809 0.9337599277496338
v -0.04343859851360321 -0.0558599978685379 0.9032274484634399
v 0.05445863679051399 -0.05642709508538246 0.927302896976471
v 0.15104226768016815 -0.05600553750991821 0.9183273315429688
v 0.3063335120677948 -0.06982804089784622 1.1167346239089966
v -0.17323574423789978 -0.053437281399965286 0.8780072331428528
v -0.08090783655643463 -0.05394228920340538 0.8902943730354309
v 0.014560197480022907 -0.052664563059806824 0.8846747875213623
v 0.11671313643455505 -0.0575726181268692 0.9589275121688843
v 0.24485979974269867 -0.06395965069532394 1.0672428607940674
v -0.23204462230205536 -0.05848446860909462 0.9602972269058228
v -0.1270194798707962 -0.05636490508913994 0.9538929462432861
v -0.02220631018280983 -0.05145581439137459 0.867668867111206
v 0.07387039065361023 -0.05440223962068558 0.9252394437789917
v 0.17004086077213287 -0.053025830537080765 0.8965797424316406
v -0.30914929509162903 -0.06416359543800354 1.0910578966140747
v -0.15843117237091064 -0.05307093635201454 0.9075477719306946
v -0.056706976145505905 -0.04960347339510918 0.8518850803375244
v 0.03480420261621475 -0.05186503753066063 0.9005574584007263
v 0.1348753124475479 -0.05399247631430626 0.9354318380355835
v 0.2800399959087372 -0.06546422094106674 1.1075785160064697
v -0.20939986407756805 -0.05564911291003227 0.9680135250091553
v -0.10281917452812195 -0.05324156954884529 0.9324368834495544
v -0.0030584835913032293 -0.04956239461898804 0.8771077990531921
v 0.10026252269744873 -0.055076055228710175 0.9757711887359619
v 0.2132568359375 -0.057819753885269165 1.0242435932159424
v -0.2829298675060272 -0.06252502650022507 1.0924683809280396
v -0.14226824045181274 -0.052560921758413315 0.9356991648674011
v -0.04077357426285744 -0.048573486506938934 0.8873869180679321
v 0.05715741962194443 -0.051625095307826996 0.9376352429389954
v 0.15253502130508423 -0.05076879262924194 0.9147157073020935
v 0.3081730604171753 -0.06351310759782791 1.1139411926269531
v -0.17152981460094452 -0.0485004261136055 0.8787505626678467
v -0.07867133617401123 -0.0487985797226429 0.8874504566192627
v 0.016661616042256355 -0.04808077588677406 0.8875983953475952
v 0.11845047026872635 -0.05238889530301094 0.9545609951019287
v 0.24678654968738556 -0.05776618421077728 1.0638346672058105
v -0.22806976735591888 -0.05253472924232483 0.9568676352500916
v -0.12537430226802826 -0.05125979334115982 0.9554020762443542
v -0.02030167356133461 -0.04682639241218567 0.8719744086265564
v 0.07685381919145584 -0.04989885911345482 0.9331524968147278
v 0.18923352658748627 -0.05314969643950462 1.0195109844207764
v -0.30625519156455994 -0.05820328742265701 1.0892183780670166
v -0.15665319561958313 -0.048234131187200546 0.9090014100074768
v -0.05519266426563263 -0.04499576985836029 0.8544340133666992
v 0.03701549023389816 -0.04726475104689598 0.9049955010414124
v 0.1364239752292633 -0.048710018396377563 0.9315215945243835
v 0.2720191776752472 -0.05615333467721939 1.0639688968658447
v -0.20673303306102753 -0.05008482187986374 0.9673581123352051
v -0.10121142864227295 -0.048325955867767334 0.9358063340187073
v -0.0011244418565183878 -0.0450347401201725 0.879927933216095
v 0.10173302888870239 -0.05014968290925026 0.9734838604927063
v 0.2150505632162094 -0.05237647145986557 1.0226653814315796
v -0.27875757217407227 -0.05650870129466057 1.0910605192184448
v -0.1404636800289154 -0.04751007631421089 0.9373068809509277
v -0.03643898665904999 -0.0424315519630909 0.8461971879005432
v 0.05957598611712456 -0.04724091291427612 0.9465574622154236
v 0.15395097434520721 -0.04562168940901756 0.9108772873878479
v 0.3098289668560028 -0.05726375803351402 1.110816240310669
v -0.16963575780391693 -0.04357554018497467 0.8792521953582764
v -0.07647736370563507 -0.043784525245428085 0.8861104846000671
v 0.01873491145670414 -0.04346705228090286 0.8910117745399475
v 0.12019941955804825 -0.04713454842567444 0.9498782157897949
v 0.24848085641860962 -0.051977310329675674 1.060502290725708
v -0.22495435178279877 -0.0471121221780777 0.9549524784088135
v -0.12348777800798416 -0.045734796673059464 0.957179069519043
v -0.018216678872704506 -0.042361386120319366 0.8753095865249634
v 0.0801328718662262 -0.045316241681575775 0.9448103904724121
v 0.19245463609695435 -0.048216745257377625 1.0188158750534058
v -0.3031841218471527 -0.052280060946941376 1.0872867107391357
v -0.15485092997550964 -0.043160442262887955 0.9099812507629395
v -0.05372503399848938 -0.040399350225925446 0.8574239611625671
v 0.039239611476659775 -0.04271965101361275 0.9106526970863342
v 0.1379520148038864 -0.0434892438352108 0.9272351264953613
v 0.2729281187057495 -0.049937956035137177 1.059535026550293
v -0.20422019064426422 -0.0445704311132431 0.9669343829154968
v -0.09955315291881561 -0.04326430335640907 0.9387868642807007
v 0.0010246459860354662 -0.04027745872735977 0.8830657005310059
v 0.10280221700668335 -0.04469551146030426 0.9695635437965393
v 0.2171434909105301 -0.04687962308526039 1.0211352109909058
v -0.25203219056129456 -0.04886060208082199 0.9849555492401123
v -0.13855639100074768 -0.04237943887710571 0.9381916522979736
v -0.03461464121937752 -0.03763647377490997 0.8485854268074036
v 0.060654476284980774 -0.04240831360220909 0.9459588527679443
v 0.155239075422287 -0.040564872324466705 0.9068600535392761
v 0.3112104833126068 -0.05068102106451988 1.1073365211486816
v -0.16765454411506653 -0.03869742527604103 0.8792747855186462
v -0.07439259439706802 -0.03893031179904938 0.8859800100326538
v 0.020780237391591072 -0.0388585589826107 0.8951433897018433
v 0.12184936553239822 -0.041713617742061615 0.9448633193969727
v 0.2501072883605957 -0.04596300423145294 1.0572444200515747
v -0.22214971482753754 -0.04160015285015106 0.9537082314491272
v -0.12153381109237671 -0.04046773910522461 0.9593872427940369
v -0.016195133328437805 -0.038013167679309845 0.8778326511383057
v 0.08540121465921402 -0.040036723017692566 0.970677375793457
v 0.194810688495636 -0.04290619492530823 1.0170561075210571
v -0.29973071813583374 -0.04628889262676239 1.0849720239639282
v -0.15291184186935425 -0.03800101950764656 0.9105565547943115
v -0.05206146836280823 -0.03595437481999397 0.860372006893158
v 0.041580937802791595 -0.03810325264930725 0.9176806211471558
v 0.13943253457546234 -0.038383848965168 0.9226500391960144
v 0.2738666832447052 -0.043892208486795425 1.0555444955825806
v -0.20185762643814087 -0.03916868939995766 0.9646159410476685
v -0.09754959493875504 -0.037924718111753464 0.9415676593780518
v 0.0032407196704298258 -0.035633038729429245 0.886645495891571
v 0.09758101403713226 -0.03781922161579132 0.88332599401474
v 0.21949245035648346 -0.04142524302005768 1.01985502243042
v -0.24127794802188873 -0.039296407252550125 0.9465086460113525
v -0.13654951751232147 -0.037051424384117126 0.9387217164039612
v -0.032853350043296814 -0.033521220088005066 0.8528003692626953
v 0.062116313725709915 -0.035921357572078705 0.9243298768997192
v 0.1565038114786148 -0.035506218671798706 0.9026527404785156
v 0.31267452239990234 -0.044030968099832535 1.1038562059402466
v -0.16566656529903412 -0.033810704946517944 0.8791133165359497
v -0.07243258506059647 -0.03423330932855606 0.8867596387863159
v 0.02288949489593506 -0.0342610664665699 0.9001054167747498
v 0.12333258986473083 -0.03631152585148811 0.9395453333854675
v 0.2515670359134674 -0.04004432260990143 1.0540589094161987
v -0.2195558100938797 -0.0361398421227932 0.95259028673172
v -0.11941099166870117 -0.03532024100422859 0.960517406463623
v -0.014305549673736095 -0.03097142092883587 0.8558703660964966
v 0.08570404350757599 -0.036085162311792374 0.9683874845504761
v 0.1967395693063736 -0.03758424147963524 1.0148454904556274
v -0.2966870963573456 -0.04001230001449585 1.080876350402832
v -0.15089862048625946 -0.03286809101700783 0.9110838174819946
v -0.0504000149667263 -0.031456731259822845 0.863469660282135
v 0.0440245047211647 -0.03342428058385849 0.9264612197875977
v 0.14084762334823608 -0.03327590972185135 0.9180231690406799
v 0.27486908435821533 -0.03805971518158913 1.0520771741867065
v -0.19960056245326996 -0.03387559950351715 0.9625738263130188
v -0.0955573096871376 -0.03260786086320877 0.943895161151886
v 0.005415055900812149 -0.031007420271635056 0.8906611800193787
v 0.09901417791843414 -0.03173677995800972 0.8781353235244751
v 0.2224119007587433 -0.03601967170834541 1.0197246074676514
v -0.23710529506206512 -0.03317393362522125 0.9433243870735168
v -0.13456594944000244 -0.03172707185149193 0.9384850859642029
v -0.03125705569982529 -0.02916865609586239 0.8579908013343811
v 0.06356750428676605 -0.031370315700769424 0.9270397424697876
v 0.15772798657417297 -0.030476227402687073 0.8983086943626404
v 0.3144853115081787 -0.03756921365857124 1.1006497144699097
v -0.16361771523952484 -0.028884489089250565 0.878472089767456
v -0.07062862813472748 -0.029515760019421577 0.8887884616851807
v 0.025028973817825317 -0.02966703101992607 0.9060112237930298
v 0.12466635555028915 -0.030901653692126274 0.9338620901107788
v 0.2530156373977661 -0.034219320863485336 1.0511363744735718
v -0.21694225072860718 -0.030782857909798622 0.9512864351272583
v -0.11728637665510178 -0.030118737369775772 0.9608157277107239
v -0.012330079451203346 -0.026866337284445763 0.8598930239677429
v 0.08445614576339722 -0.029146231710910797 0.9262008666992188
v 0.19832879304885864 -0.031851768493652344 1.0123752355575562
v -0.2845291793346405 -0.0325448215007782 1.043378233909607
v -0.14886264503002167 -0.027720438316464424 0.9115303754806519
v -0.04871010407805443 -0.02685985341668129 0.8670487403869629
v 0.04663815349340439 -0.028612013906240463 0.9369677901268005
v 0.14216600358486176 -0.028206447139382362 0.9133829474449158
v 0.2760157287120819 -0.03227377310395241 1.0485074520111084
v -0.19722908735275269 -0.028380367904901505 0.9609057307243347
v -0.09356699883937836 -0.02746809460222721 0.9457751512527466
v 0.007676080334931612 -0.026543257758021355 0.8947607278823853
v 0.10081078857183456 -0.026356006041169167 0.8710708618164062
v 0.23093947768211365 -0.029396971687674522 1.0477197170257568
v -0.23382078111171722 -0.027756650000810623 0.9412140250205994
v -0.13249897956848145 -0.02637615241110325 0.9378755688667297
v -0.02956133894622326 -0.024720698595046997 0.8637375831604004
v 0.06643146276473999 -0.026598108932375908 0.9381530284881592
v 0.1592022180557251 -0.025501670315861702 0.8936116099357605
v 0.31795865297317505 -0.030261710286140442 1.0974947214126587
v -0.1613730937242508 -0.023931721225380898 0.8773941397666931
v -0.06896888464689255 -0.024613186717033386 0.8924903869628906
v 0.02732955664396286 -0.024947410449385643 0.912788987159729
v 0.12591113150119781 -0.025514613837003708 0.927509069442749
v 0.2544081509113312 -0.028463780879974365 1.0483812093734741
v -0.21436002850532532 -0.02544182725250721 0.9497909545898438
v -0.11476904153823853 -0.024976307526230812 0.9602288007736206
v -0.010415070690214634 -0.02252180688083172 0.8657145500183105
v 0.08557029068470001 -0.023874379694461823 0.9188427329063416
v 0.2001747190952301 -0.02636396698653698 1.0106685161590576
v -0.2779526114463806 -0.026230350136756897 1.035656213760376
v -0.14677585661411285 -0.022594522684812546 0.9117379784584045
v -0.047024525701999664 -0.02219211682677269 0.8713505864143372
v 0.048888206481933594 -0.024109097197651863 0.9454243779182434
v 0.14333155751228333 -0.023125451058149338 0.9083006381988525
v 0.2772699296474457 -0.02643892914056778 1.044877529144287
v -0.19460195302963257 -0.023111874237656593 0.9591033458709717
v -0.09184228628873825 -0.02230748161673546 0.9485434293746948
v 0.009955584071576595 -0.021978383883833885 0.8959178924560547
v 0.1032925546169281 -0.02158093824982643 0.8650370836257935
v 0.23388265073299408 -0.024457702413201332 1.0476304292678833
v -0.23089559376239777 -0.022470874711871147 0.939461886882782
v -0.13031543791294098 -0.021131809800863266 0.9369082450866699
v -0.027842916548252106 -0.02000892162322998 0.869650661945343
v 0.07003576308488846 -0.02091841958463192 0.951107919216156
v 0.1605900079011917 -0.020537104457616806 0.8893159627914429
v -0.3179263174533844 -0.023645367473363876 1.068816065788269
v -0.15915487706661224 -0.01890622451901436 0.8758587837219238
v -0.06737253069877625 -0.019735541194677353 0.897270679473877
v 0.029737163335084915 -0.020255612209439278 0.920245885848999
v 0.12707726657390594 -0.020339615643024445 0.9220993518829346
v 0.25587815046310425 -0.02273135632276535 1.0458625555038452
v -0.2117156833410263 -0.020066186785697937 0.9480471014976501
v -0.11222925782203674 -0.01948699541389942 0.9589841365814209
v -0.008760975673794746 -0.017974194139242172 0.8721393346786499
v 0.08650590479373932 -0.018650854006409645 0.9031093716621399
v 0.20233958959579468 -0.02096557430922985 1.0093218088150024
v -0.2736009657382965 -0.020606759935617447 1.030089020729065
v -0.14461275935173035 -0.01750880666077137 0.9114000201225281
v -0.04536592587828636 -0.01742168329656124 0.8764042854309082
v 0.050321947783231735 -0.01856212504208088 0.9428367614746094
v 0.1444488763809204 -0.017956018447875977 0.9027769565582275
v 0.2786980867385864 -0.020514214411377907 1.0414780378341675
v -0.19197982549667358 -0.017719145864248276 0.9575304985046387
v -0.09041474014520645 -0.017115691676735878 0.9522840976715088
v 0.010655379854142666 -0.01570308767259121 0.8787440657615662
v 0.1102016344666481 -0.017314160242676735 0.9311908483505249
v 0.23578312993049622 -0.0187869593501091 1.0459802150726318
v -0.2281511425971985 -0.017171714454889297 0.9378217458724976
v -0.12806372344493866 -0.015880804508924484 0.935515820980072
v -0.026120172813534737 -0.015142192132771015 0.8758357763290405
v 0.07242704182863235 -0.01554571557790041 0.9595856666564941
v 0.16206568479537964 -0.01572481170296669 0.8854145407676697
v -0.31009072065353394 -0.01732039824128151 1.0643000602722168
v -0.15671952068805695 -0.013795831240713596 0.8738846182823181
v -0.06591588258743286 -0.014919443987309933 0.9033586978912354
v 0.03258509561419487 -0.01530328020453453 0.9278867840766907
v 0.12813490629196167 -0.015136228874325752 0.9162982702255249
v 0.25742247700691223 -0.01701168157160282 1.0435854196548462
v -0.2090689241886139 -0.014682997018098831 0.9462997913360596
v -0.1097072958946228 -0.014111446216702461 0.9571276307106018
v -0.0069059706293046474 -0.013226994313299656 0.8793221712112427
v 0.08700306713581085 -0.013410267420113087 0.8829354047775269
v 0.204657644033432 -0.015571057796478271 1.0078343152999878
v -0.26974064111709595 -0.015174208208918571 1.0247938632965088
v -0.14239084720611572 -0.012416746467351913 0.9103705883026123
v -0.04368369281291962 -0.012601287104189396 0.8826417922973633
v 0.05228906124830246 -0.012908833101391792 0.9346966743469238
v 0.1455451399087906 -0.012797265313565731 0.8972249031066895
v 0.2803380489349365 -0.014622990041971207 1.038399338722229
v -0.18945519626140594 -0.012288215570151806 0.9564083814620972
v -0.08965040743350983 -0.011520471423864365 0.9618751406669617
v 0.012887125834822655 -0.011346695013344288 0.8870455026626587
v 0.11167535185813904 -0.011852688156068325 0.9254947900772095
v 0.23760826885700226 -0.013240600936114788 1.0445500612258911
v -0.22545765340328217 -0.011907034553587437 0.9361564517021179
v -0.12582631409168243 -0.010714766569435596 0.9336971044540405
v -0.024354487657546997 -0.010224674828350544 0.8827304840087891
v 0.07373576611280441 -0.010774725116789341 0.9558911323547363
v 0.16373208165168762 -0.010997114703059196 0.8817049264907837
v -0.30634835362434387 -0.011265900917351246 1.058749794960022
v -0.1544242799282074 -0.008749643340706825 0.8728688359260559
v -0.06431945413351059 -0.010039722546935081 0.9102796316146851
v 0.03324831277132034 -0.009084567427635193 0.906588613986969
v 0.1292233020067215 -0.009853404015302658 0.9099674820899963
v 0.259001761674881 -0.011248811148107052 1.0412613153457642
v -0.2065025269985199 -0.009315643459558487 0.9447274804115295
v -0.10729570686817169 -0.008897049352526665 0.9549581408500671
v -0.004990237765014172 -0.008331290446221828 0.8872267007827759
v 0.08768365532159805 -0.008498020470142365 0.870271623134613
v 0.20743589103221893 -0.009864458814263344 1.0070639848709106
v -0.2661045491695404 -0.009587463922798634 1.0190131664276123
v -0.14007823169231415 -0.007431378588080406 0.9083901643753052
v -0.04211356118321419 -0.007657601032406092 0.8902276754379272
v 0.055415160953998566 -0.007115248590707779 0.9490890502929688
v 0.14671199023723602 -0.007680296897888184 0.892051637172699
v 0.28198349475860596 -0.008449994027614594 1.0352528095245361
v -0.18700453639030457 -0.006988859735429287 0.9546660780906677
v -0.0879025012254715 -0.006406874395906925 0.9683170914649963
v 0.01498703844845295 -0.006485605146735907 0.8974002003669739
v 0.11273258179426193 -0.0064772856421768665 0.9196752905845642
v 0.23926007747650146 -0.007723980117589235 1.0431339740753174
v -0.22284667193889618 -0.006623620633035898 0.9343004822731018
v -0.1234482005238533 -0.005669170990586281 0.9313638806343079
v -0.022699663415551186 -0.0053556193597614765 0.8901042342185974
v 0.07437608391046524 -0.0051833572797477245 0.931519627571106
v 0.16581319272518158 -0.006298684980720282 0.8781159520149231
v -0.2918602228164673 -0.005377857480198145 1.0224456787109375
v -0.15224705636501312 -0.003851887071505189 0.8715601563453674
v -0.06282952427864075 -0.004980010446161032 0.918914794921875
v 0.03595910221338272 -0.004560824949294329 0.9214143753051758
v 0.1304015815258026 -0.004666533321142197 0.9039704203605652
v 0.26061534881591797 -0.00544498348608613 1.0385457277297974
v -0.20397402346134186 -0.003941159229725599 0.9428985118865967
v -0.10480815917253494 -0.003775399411097169 0.952060341835022
v -0.0030772644095122814 -0.0033985860645771027 0.8960844874382019
v 0.08942613750696182 -0.003863940015435219 0.8621768951416016
v 0.21460995078086853 -0.00316834170371294 1.0302852392196655
v -0.26204559206962585 -0.0036737117916345596 1.0137286186218262
v -0.13768333196640015 -0.002540755085647106 0.9057146906852722
v -0.04065348953008652 -0.0025700845289975405 0.8997295498847961
v 0.05847332626581192 -0.0012601547641679645 0.9630784392356873
v 0.1479315608739853 -0.002724539488554001 0.8873752355575562
v 0.28351905941963196 -0.002441671211272478 1.0319000482559204
v -0.18464860320091248 -0.0015946624334901571 0.9527251720428467
v -0.08551358431577682 -0.0018716224003583193 0.9693027138710022
v 0.017131000757217407 -0.001581675955094397 0.9093910455703735
v 0.11391500383615494 -0.001476328819990158 0.9144842624664307
v 0.24086859822273254 -0.0021323717664927244 1.0410304069519043
v -0.2202761471271515 -0.0013682415010407567 0.9325429201126099
v -0.12087125331163406 -0.0005597688141278923 0.927604079246521
v -0.021021459251642227 -0.0005182327004149556 0.8988207578659058
v 0.0738317146897316 -0.0003850530774798244 0.8965624570846558
v 0.1689889132976532 -0.0015407877508550882 0.8754353523254395
v -0.287105917930603 4.928028647555038e-05 1.0170683860778809
v -0.14997683465480804 0.0008895262726582587 0.8696823120117188
v -0.06127188727259636 0.000329154689097777 0.9310824275016785
v 0.039533063769340515 0.0008353007724508643 0.9490986466407776
v 0.13163287937641144 0.00028206754359416664 0.8982518911361694
v 0.2623003423213959 0.0003858421987388283 1.0355238914489746
v -0.20145286619663239 0.001327398349530995 0.9411604404449463
v -0.10227946192026138 0.0012614751467481256 0.947747528553009
v -0.0010903942165896297 0.001494962372817099 0.9061927795410156
v 0.09687002003192902 0.0023118527606129646 0.9222387075424194
v 0.2188236117362976 0.00220648106187582 1.0372390747070312
v -0.2589295208454132 0.002620093757286668 1.0101909637451172
v -0.13517946004867554 0.002251251367852092 0.9027990698814392
v -0.03922311216592789 0.0024929270148277283 0.9102713465690613
v 0.059191279113292694 0.002715154318138957 0.9594777822494507
v 0.14914248883724213 0.00196010060608387 0.8832044005393982
v 0.28494131565093994 0.0033802040852606297 1.0283887386322021
v -0.18237309157848358 0.0035546175204217434 0.9507302045822144
v -0.08316809684038162 0.002742764074355364 0.9675666093826294
v 0.01926666870713234 0.003388215322047472 0.923366904258728
v 0.11509992927312851 0.0033595168497413397 0.9093824028968811
v 0.2424544245004654 0.003665032796561718 1.038514256477356
v -0.21776701509952545 0.003930979873985052 0.9309784173965454
v -0.11831151694059372 0.004428938962519169 0.9231262803077698
v -0.019315727055072784 0.00450190668925643 0.909077525138855
v 0.07419071346521378 0.003917046822607517 0.8655173778533936
v 0.18209591507911682 0.003806088585406542 0.9591430425643921
v -0.28327807784080505 0.005732165649533272 1.0135083198547363
v -0.1476336270570755 0.005578984972089529 0.8670253157615662
v -0.06161053851246834 0.006662070285528898 0.9561452269554138
v 0.04163249209523201 0.006574512924998999 0.9622067809104919
v 0.13284020125865936 0.0050948127172887325 0.8928871154785156
v 0.26400282979011536 0.006120891775935888 1.0325641632080078
v -0.19894637167453766 0.006582444068044424 0.9395232796669006
v -0.09970127046108246 0.006642375141382217 0.9414270520210266
v 0.0009138771565631032 0.006667118053883314 0.9186322689056396
v 0.09816146641969681 0.006872409954667091 0.9180953502655029
v 0.2209988236427307 0.0077366032637655735 1.0361523628234863
v -0.25629922747612 0.008324582129716873 1.0073927640914917
v -0.1327342987060547 0.007108128629624844 0.899899423122406
v -0.037924155592918396 0.0077254893258214 0.9228113889694214
v 0.059655606746673584 0.007164113689213991 0.939517617225647
v 0.1505327969789505 0.006622119341045618 0.8795619010925293
v 0.28653445839881897 0.009092737920582294 1.0250372886657715
v -0.18023847043514252 0.008819226175546646 0.9485405087471008
v -0.08073242008686066 0.00780964782461524 0.9606167078018188
v 0.021456917747855186 0.008838274516165257 0.9424552321434021
v 0.11632905900478363 0.008088282309472561 0.9040910601615906
v 0.24404601752758026 0.009503218345344067 1.0357699394226074
v -0.2153230905532837 0.009494150057435036 0.9294275045394897
v -0.11584489792585373 0.00937825720757246 0.9199815392494202
v -0.017642099410295486 0.009850967675447464 0.9220590591430664
v 0.07562301307916641 0.00857328437268734 0.8575732111930847
v 0.18448175489902496 0.009596562013030052 0.957119345664978
v -0.2794930040836334 0.011326810345053673 1.0103302001953125
v -0.1452295482158661 0.010301257483661175 0.8643149137496948
v -0.05984270200133324 0.01136053167283535 0.9653508067131042
v 0.04295450448989868 0.010984175838530064 0.963897705078125
v 0.13410355150699615 0.009920796379446983 0.8878183960914612
v 0.26551392674446106 0.011829812079668045 1.029184341430664
v -0.19649256765842438 0.011829378083348274 0.9377602934837341
v -0.09733657538890839 0.011607020162045956 0.937520444393158
v 0.00293427100405097 0.011930151842534542 0.9354742765426636
v 0.09962470829486847 0.011532246135175228 0.9141845107078552
v 0.22310002148151398 0.01324421539902687 1.0341886281967163
v -0.25381484627723694 0.014181834645569324 1.004685401916504
v -0.13021674752235413 0.012024981901049614 0.8966522216796875
v -0.036604732275009155 0.013110109604895115 0.9397305846214294
v 0.058693911880254745 0.011784201487898827 0.8666626214981079
v 0.1522010713815689 0.011439824476838112 0.8765331506729126
v 0.28812721371650696 0.014486835338175297 1.0220162868499756
v -0.17768415808677673 0.013888692483305931 0.9457051157951355
v -0.07495801895856857 0.012092085555195808 0.9078820943832397
v 0.024035455659031868 0.015423583798110485 0.9656378030776978
v 0.11764080822467804 0.012880757451057434 0.8985047936439514
v 0.24559944868087769 0.015293944627046585 1.0324546098709106
v -0.21287783980369568 0.01496823225170374 0.9280485510826111
v -0.1133422777056694 0.014333782717585564 0.9171969294548035
v -0.01572459377348423 0.015325753949582577 0.93894362449646
v 0.08219587802886963 0.014549088664352894 0.9256656765937805
v 0.1864251345396042 0.014756904914975166 0.9545861482620239
v -0.2757345736026764 0.01691567339003086 1.007543921470642
v -0.14284175634384155 0.01506764255464077 0.861946165561676
v -0.056348755955696106 0.015467523597180843 0.9612200856208801
v 0.04373098164796829 0.015673581510782242 0.9563029408454895
v 0.13537739217281342 0.014773031696677208 0.8831105828285217
v 0.26705288887023926 0.017438217997550964 1.02584969997406
v -0.19409999251365662 0.017059646546840668 0.9357883334159851
v -0.0949525386095047 0.0165211483836174 0.9340140223503113
v 0.005281123332679272 0.018520349636673927 0.9629396796226501
v 0.10084723681211472 0.0163610577583313 0.9100214242935181
v 0.22499121725559235 0.018798952922225 1.0316405296325684
v -0.2510738968849182 0.019656889140605927 1.0027695894241333
v -0.1275869458913803 0.016943873837590218 0.8920611143112183
v -0.03511795774102211 0.018958399072289467 0.9584165215492249
v 0.059387560933828354 0.016191361472010612 0.8547033667564392
v 0.15511049330234528 0.016723090782761574 0.8743718862533569
v 0.2899768352508545 0.019930263981223106 1.0190200805664062
v -0.17516018450260162 0.018908115103840828 0.9430459141731262
v -0.07194864749908447 0.017581991851329803 0.8982936143875122
v 0.02551840990781784 0.019912052899599075 0.968036949634552
v 0.11894330382347107 0.01777845062315464 0.892758309841156
v 0.24720822274684906 0.020923901349306107 1.029015302658081
v -0.21063058078289032 0.020246243104338646 0.9269775748252869
v -0.11081551015377045 0.019175635650753975 0.9139168858528137
v -0.013350645080208778 0.021585049107670784 0.9599607586860657
v 0.08407975733280182 0.019584473222494125 0.9210109710693359
v 0.18815530836582184 0.0197161752730608 0.9520723223686218
v -0.27254337072372437 0.02244192361831665 1.0051695108413696
v -0.14044001698493958 0.019775565713644028 0.8603677749633789
v -0.05218961462378502 0.019996294751763344 0.9495657682418823
v 0.043475441634655 0.019037634134292603 0.8638515472412109
v 0.13670526444911957 0.019594842568039894 0.8789808750152588
v 0.26871156692504883 0.02296985313296318 1.0227489471435547
v -0.19183702766895294 0.022035712376236916 0.9339518547058105
v -0.09265631437301636 0.02142682671546936 0.9306860566139221
v 0.007260126993060112 0.023179201409220695 0.9687051177024841
v 0.10211614519357681 0.021076155826449394 0.9047528505325317
v 0.2267824113368988 0.024070529267191887 1.0288158655166626
v -0.248370960354805 0.024993043392896652 1.0007270574569702
v -0.12479609996080399 0.021761002019047737 0.8853645324707031
v -0.03255089744925499 0.02327757328748703 0.9588000178337097
v 0.06616655737161636 0.02246537059545517 0.9318479299545288
v 0.17077022790908813 0.023246711120009422 0.9617108702659607
v 0.2931787669658661 0.025221237912774086 1.0170884132385254
v -0.17265242338180542 0.023690570145845413 0.9400718808174133
v -0.06947608292102814 0.022549975663423538 0.8899118900299072
v 0.026125289499759674 0.02377360872924328 0.9592329859733582
v 0.12023821473121643 0.02275540865957737 0.887204110622406
v 0.24888008832931519 0.026394879445433617 1.025869369506836
v -0.2085692435503006 0.025416824966669083 0.9262778759002686
v -0.10826841741800308 0.023922905325889587 0.9099093079566956
v -0.011156521737575531 0.026052294299006462 0.9645265936851501
v 0.08558410406112671 0.02435901202261448 0.9148089289665222
v 0.19004501402378082 0.024753520265221596 0.9494618773460388
v -0.26956531405448914 0.028015337884426117 1.0030443668365479
v -0.13822612166404724 0.024580759927630424 0.8590298891067505
v -0.04912911728024483 0.025573868304491043 0.8955053687095642
v 0.04477417841553688 0.023373236879706383 0.8592535257339478
v 0.1381412148475647 0.024324137717485428 0.8757789731025696
v 0.2704407572746277 0.028416281566023827 1.0198110342025757
v -0.18951748311519623 0.026961473748087883 0.9325278401374817
v -0.09023631364107132 0.026272619143128395 0.9270160794258118
v 0.008978824131190777 0.02717953361570835 0.9624335765838623
v 0.10348284989595413 0.025813739746809006 0.8985327482223511
v 0.22817127406597137 0.029342465102672577 1.0255006551742554
v -0.24595382809638977 0.029593495652079582 0.9987559914588928
v -0.12186665087938309 0.026508944109082222 0.8773112297058105
v -0.02946537360548973 0.027696166187524796 0.946183443069458
v 0.06779561191797256 0.027365906164050102 0.9266186952590942
v 0.17256033420562744 0.02839306928217411 0.9591872096061707
v -0.3102797567844391 0.03347787261009216 1.0368798971176147
v -0.17015182971954346 0.028841853141784668 0.9373327493667603
v -0.0740118995308876 0.02777067944407463 0.918434202671051
v 0.027941180393099785 0.02665654383599758 0.8612860441207886
v 0.12156645953655243 0.027473805472254753 0.8823569416999817
v 0.250647634267807 0.03182953596115112 1.0230584144592285
v -0.2064846158027649 0.030572744086384773 0.9257113337516785
v -0.10549440234899521 0.02861001342535019 0.9044089913368225
v -0.008691595867276192 0.030275752767920494 0.9575567245483398
v 0.08704183250665665 0.029156215488910675 0.9082050919532776
v 0.19166967272758484 0.029948275536298752 0.9465516805648804
v -0.26687902212142944 0.033589448779821396 1.0018048286437988
v -0.1363912671804428 0.029487749561667442 0.8575491905212402
v -0.045639168471097946 0.029574625194072723 0.8766601085662842
v 0.050172314047813416 0.03075459599494934 0.933551013469696
v 0.14067146182060242 0.029432186856865883 0.8735911846160889
v 0.272160142660141 0.033893175423145294 1.0170146226882935
v -0.1871798187494278 0.03187546133995056 0.9312567114830017
v -0.08774445205926895 0.031093262135982513 0.9225068092346191
v 0.010892217978835106 0.030158795416355133 0.867769718170166
v 0.10497210919857025 0.03060697205364704 0.8923056125640869
v 0.22978952527046204 0.03475065901875496 1.0225105285644531
v -0.241551473736763 0.03423847258090973 0.9909972548484802
v -0.1188315749168396 0.031189363449811935 0.8701177835464478
v -0.025276517495512962 0.031468506902456284 0.8638740181922913
v 0.06952082365751266 0.03213363140821457 0.9193595051765442
v 0.1743466705083847 0.03372751548886299 0.9558498859405518
v -0.30154091119766235 0.03940930590033531 1.0358678102493286
v -0.16757015883922577 0.03413759544491768 0.935104250907898
v -0.06879918277263641 0.03420156240463257 0.9305981397628784
v 0.029544688761234283 0.031149258837103844 0.8567980527877808
v 0.12299694120883942 0.032235294580459595 0.8783478736877441
v 0.25243139266967773 0.03729793429374695 1.0203676223754883
v -0.20456364750862122 0.03549499064683914 0.9266955256462097
v -0.10246585309505463 0.03364279493689537 0.8945152163505554
v -0.0062021734192967415 0.03297458216547966 0.8609262704849243
v 0.08847388625144958 0.03389689698815346 0.901852011680603
v 0.19336673617362976 0.03534315899014473 0.943301796913147
v -0.2647402584552765 0.03944791853427887 1.001409649848938
v -0.13426527380943298 0.03464996814727783 0.8560636043548584
v -0.04328610375523567 0.03421109542250633 0.8659882545471191
v 0.05178379267454147 0.0356401763856411 0.9296863079071045
v 0.15627919137477875 0.03709990531206131 0.9640154242515564
v 0.27388203144073486 0.039295073598623276 1.0143214464187622
v -0.18486659228801727 0.03709041699767113 0.9300839900970459
v -0.08497056365013123 0.03595134988427162 0.9156603217124939
v 0.012511767446994781 0.03489649295806885 0.8579323291778564
v 0.10664989054203033 0.03536522760987282 0.8868933320045471
v 0.23146475851535797 0.04035406932234764 1.01991605758667
v -0.23399019241333008 0.0400635190308094 0.9703501462936401
v -0.11589890718460083 0.03584948554635048 0.8646435141563416
v -0.023334188386797905 0.036561790853738785 0.8557500243186951
v 0.07143286615610123 0.03715210407972336 0.9123191833496094
v 0.17583708465099335 0.038991909474134445 0.952335774898529
v -0.29787471890449524 0.04514201357960701 1.0348039865493774
v -0.1650267392396927 0.039283979684114456 0.9331151843070984
v -0.0658496543765068 0.038510195910930634 0.9252405762672424
v 0.03376512974500656 0.03829538822174072 0.93470299243927
v 0.12472578138113022 0.03740070015192032 0.8752398490905762
v 0.2541671395301819 0.042796723544597626 1.0176674127578735
v -0.2137269228696823 0.04314865544438362 0.9722626805305481
v -0.09926452487707138 0.03852273151278496 0.8820909261703491
v -0.004574812948703766 0.03809550404548645 0.854220986366272
v 0.08995076268911362 0.038542114198207855 0.8961907029151917
v 0.1953900009393692 0.04056226462125778 0.9398384094238281
v -0.2653908431529999 0.04694268852472305 1.0138945579528809
v -0.14835207164287567 0.0406050942838192 0.9606022238731384
v -0.04397297278046608 0.04048578813672066 0.9136145710945129
v 0.053617268800735474 0.04043761268258095 0.9251787066459656
v 0.1581857055425644 0.04256691783666611 0.9606873989105225
v 0.2755359411239624 0.04462433606386185 1.011701226234436
v -0.182633176445961 0.04245541989803314 0.9293457865715027
v -0.08182456344366074 0.040951721370220184 0.9036028981208801
v 0.014430681243538857 0.039654430001974106 0.8646936416625977
v 0.10841439664363861 0.04031061753630638 0.8826026320457458
v 0.23321709036827087 0.04590820521116257 1.0177291631698608
v -0.23096102476119995 0.04552685096859932 0.9681103825569153
v -0.11328963935375214 0.040786538273096085 0.8603993654251099
v -0.021025441586971283 0.041926804929971695 0.8535679578781128
v 0.0730651393532753 0.04175930842757225 0.9064028263092041
v 0.17734599113464355 0.04413273185491562 0.9487215876579285
v -0.2947852909564972 0.05081700161099434 1.0340654850006104
v -0.1627785712480545 0.045111946761608124 0.9321647882461548
v -0.0627715066075325 0.04297953099012375 0.9150840044021606
v 0.03576336428523064 0.04362395033240318 0.9339361786842346
v 0.1273026466369629 0.043386705219745636 0.8739402294158936
v 0.25583770871162415 0.04819581285119057 1.0151509046554565
v -0.21157942712306976 0.04873523488640785 0.9728783369064331
v -0.09639716893434525 0.04322461783885956 0.8738980293273926
v -0.0030779780354350805 0.043884411454200745 0.8563841581344604
v 0.09162569791078568 0.043195635080337524 0.8911923766136169
v 0.19841817021369934 0.04567842558026314 0.9368029236793518
v -0.2662838399410248 0.0531696118414402 1.0269017219543457
v -0.14804738759994507 0.04796726629137993 0.9673311710357666
v -0.04131123051047325 0.04539719596505165 0.9063448905944824
v 0.055303432047367096 0.04521283507347107 0.9190055727958679
v 0.15989871323108673 0.04794327914714813 0.9573371410369873
v 0.27748095989227295 0.04994086176156998 1.0087608098983765
v -0.1804240196943283 0.04797443374991417 0.9291642904281616
v -0.07854235917329788 0.046051010489463806 0.8879764080047607
v 0.017160678282380104 0.048577308654785156 0.9640733003616333
v 0.11058802157640457 0.0458567775785923 0.879815936088562
v 0.2349720150232315 0.05141117051243782 1.0158071517944336
v -0.22844675183296204 0.050816331058740616 0.9666281938552856
v -0.11090424656867981 0.046300482004880905 0.8569324016571045
v -0.02146252617239952 0.049704913049936295 0.9670471549034119
v 0.07459436357021332 0.046426739543676376 0.9007312655448914
v 0.1789262741804123 0.0491487979888916 0.9451730847358704
v -0.29202502965927124 0.056260138750076294 1.033111333847046
v -0.16565366089344025 0.0526498407125473 0.9637080430984497
v -0.058738406747579575 0.048036735504865646 0.8951888084411621
v 0.038164302706718445 0.04896584898233414 0.931994616985321
v 0.1414393037557602 0.05119503289461136 0.9638858437538147
v 0.257554829120636 0.05354655906558037 1.0128427743911743
v -0.20949774980545044 0.05398942902684212 0.9723243117332458
v -0.09398975968360901 0.04795009642839432 0.8693053722381592
v -0.0017944338032975793 0.05182340368628502 0.9707088470458984
v 0.09350977838039398 0.04846462607383728 0.8867894411087036
v 0.2139076143503189 0.05565278232097626 1.0122982263565063
v -0.24880357086658478 0.05470425635576248 0.96538907289505
v -0.14619722962379456 0.05397215113043785 0.968797504901886
v -0.03884992375969887 0.05040306970477104 0.8997111916542053
v 0.05691949650645256 0.050201285630464554 0.9132562279701233
v 0.16127710044384003 0.052907612174749374 0.9540445804595947
v 0.27965661883354187 0.05534812808036804 1.00614595413208
v -0.1846807450056076 0.05582049861550331 0.9592633247375488
v -0.07575561851263046 0.05053165182471275 0.8815550804138184
v 0.019663842394948006 0.05345257371664047 0.9593380689620972
v 0.1232185959815979 0.053842220455408096 0.9684907793998718
v 0.23682940006256104 0.056887608021497726 1.0139816999435425
v -0.22602654993534088 0.05622749403119087 0.9656756520271301
v -0.11869160830974579 0.05247121676802635 0.9240514039993286
v -0.019737297669053078 0.05580516159534454 0.967677116394043
v 0.07640225440263748 0.051502689719200134 0.8950703144073486
v 0.1803780496120453 0.053911760449409485 0.9416443705558777
v -0.2893294095993042 0.0616602897644043 1.0319898128509521
v -0.16425487399101257 0.057884491980075836 0.9637670516967773
v -0.05635575205087662 0.052614375948905945 0.8899661302566528
v 0.03954045847058296 0.055319223552942276 0.946881115436554
v 0.14329975843429565 0.05652150139212608 0.9612011313438416
v 0.2593052089214325 0.05895538628101349 1.0107226371765137
v -0.20756669342517853 0.05891820415854454 0.9714565277099609
v -0.0919542983174324 0.05326103791594505 0.8686561584472656
v 0.0007185424328781664 0.05660540238022804 0.9643420577049255
v 0.09598052501678467 0.05548809841275215 0.8831108212471008
v 0.21588845551013947 0.06076812744140625 1.011447548866272
v -0.2451562136411667 0.05955701693892479 0.9620367288589478
v -0.13807985186576843 0.056854866445064545 0.9255793690681458
v -0.03640861436724663 0.05550231784582138 0.8987539410591125
v 0.05881329998373985 0.05548722669482231 0.9113444089889526
v 0.16275297105312347 0.057726629078388214 0.9502715468406677
v 0.2829950153827667 0.06034858897328377 1.0050873756408691
v -0.18176418542861938 0.06071620434522629 0.9574747085571289
v -0.07300671190023422 0.05557875707745552 0.8790813684463501
v 0.021650811657309532 0.05820794776082039 0.9537405967712402
v 0.12466456741094589 0.059719495475292206 0.9663413763046265
v 0.23870018124580383 0.06231565400958061 1.0122865438461304
v -0.22381311655044556 0.06155155971646309 0.9650372266769409
v -0.11584529280662537 0.058110762387514114 0.9199167490005493
v -0.017807044088840485 0.060649000108242035 0.963233232498169
v 0.08347120881080627 0.05956728011369705 0.9721817970275879
v 0.1822059005498886 0.058885358273983 0.9378455281257629
v -0.28629764914512634 0.06706787645816803 1.0304532051086426
v -0.1619686335325241 0.06257595121860504 0.9630606770515442
v -0.05397658795118332 0.05777030438184738 0.8876829147338867
v 0.04183144494891167 0.06011718511581421 0.9398109316825867
v 0.1448250561952591 0.06158579885959625 0.958116888999939
v 0.26110363006591797 0.06441507488489151 1.008768081665039
v -0.20506231486797333 0.06384076923131943 0.9695970416069031
v -0.09636961668729782 0.060762420296669006 0.925513505935669
v 0.003066512057557702 0.0615127868950367 0.9570763111114502
v 0.10557340830564499 0.0629652589559555 0.9724231362342834
v 0.21803174912929535 0.06599311530590057 1.0101262331008911
v -0.2422753870487213 0.06453067064285278 0.960262656211853
v -0.13437800109386444 0.060836635529994965 0.9169355034828186
v -0.03693652153015137 0.06362586468458176 0.9493906497955322
v 0.062388695776462555 0.06113976612687111 0.9337459802627563
v 0.16428133845329285 0.06256964802742004 0.9464929699897766
v 0.2986728549003601 0.0706939622759819 1.0512526035308838
v -0.17900489270687103 0.0652921199798584 0.9557080268859863
v -0.07669498026371002 0.06328774243593216 0.9333540201187134
v 0.023429589346051216 0.06308456510305405 0.945965588092804
v 0.1264878213405609 0.06494332104921341 0.9637880921363831
v 0.24061180651187897 0.06764256954193115 1.0106277465820312
v -0.22173117101192474 0.06674442440271378 0.9645671248435974
v -0.1129632219672203 0.06278298050165176 0.9155462980270386
v -0.015898901969194412 0.06527440994977951 0.9568412899971008
v 0.0864054262638092 0.06614663451910019 0.9799880385398865
v 0.18464849889278412 0.06393503397703171 0.934485912322998
v -0.28310757875442505 0.07243005186319351 1.0279422998428345
v -0.1596999615430832 0.06729503720998764 0.9613560438156128
v -0.05565861985087395 0.06668254733085632 0.9392785429954529
v 0.04389133304357529 0.06477013230323792 0.9316658973693848
v 0.1463979035615921 0.06652038544416428 0.954784631729126
v 0.2629334628582001 0.0698511078953743 1.0067709684371948
v -0.19750447571277618 0.06788589805364609 0.9519650936126709
v -0.09333744645118713 0.06545554846525192 0.9208438992500305
v 0.005040592513978481 0.06656458228826523 0.9491562843322754
v 0.1078297570347786 0.06836383044719696 0.9692373275756836
v 0.2200954258441925 0.07125408202409744 1.0088189840316772
v -0.23979084193706512 0.06950864940881729 0.9590908885002136
v -0.13130158185958862 0.06539614498615265 0.9109722971916199
v -0.03462634235620499 0.06833502650260925 0.9462817311286926
v 0.06439203768968582 0.06588327139616013 0.9230661988258362
v 0.16584040224552155 0.06732361763715744 0.9428507089614868
v 0.3020925223827362 0.07625232636928558 1.0540235042572021
v -0.1764305830001831 0.07001706212759018 0.9537609815597534
v -0.07344014197587967 0.06818608939647675 0.9286391139030457
v 0.02528965286910534 0.0679873377084732 0.9372038841247559
v 0.1281569004058838 0.06997367739677429 0.9606847167015076
v 0.2425287514925003 0.0728837102651596 1.008890151977539
v -0.219780832529068 0.07191789895296097 0.9643062353134155
v -0.11028013378381729 0.06741050630807877 0.910521388053894
v -0.013723048381507397 0.07002799957990646 0.9494660496711731
v 0.08935856074094772 0.0711674690246582 0.9753978252410889
v 0.19932112097740173 0.07483638823032379 1.0059235095977783
v -0.2801763415336609 0.0777193009853363 1.0258709192276
v -0.15726599097251892 0.07216379046440125 0.9592292308807373
v -0.05290089547634125 0.07075309008359909 0.9351500272750854
v 0.04575294256210327 0.06943393498659134 0.9247831106185913
v 0.14792850613594055 0.07136202603578568 0.9512088298797607
v 0.2647630274295807 0.0752096176147461 1.0047701597213745
v -0.1945081502199173 0.07247637212276459 0.9480566382408142
v -0.09051623940467834 0.0700128823518753 0.9151878952980042
v 0.007036035880446434 0.07142704725265503 0.9408019185066223
v 0.109806127846241 0.07340162992477417 0.9659971594810486
v 0.22203992307186127 0.07641074061393738 1.0076353549957275
v -0.23747725784778595 0.07452812045812607 0.958317756652832
v -0.12874814867973328 0.07020710408687592 0.9060764312744141
v -0.032391224056482315 0.07295093685388565 0.9416123628616333
v 0.06614679843187332 0.07048531621694565 0.9161086678504944
v 0.16752199828624725 0.07224015891551971 0.9394832849502563
v 0.30673202872276306 0.08212868124246597 1.053612232208252
v -0.1739170253276825 0.07484747469425201 0.9516605138778687
v -0.07059391587972641 0.07266636192798615 0.9235183000564575
v 0.027198849245905876 0.07271093875169754 0.9287514686584473
v 0.1297559291124344 0.07491482049226761 0.9572330117225647
v 0.24446900188922882 0.07824007421731949 1.0069849491119385
v -0.21790453791618347 0.07718297839164734 0.9642359018325806
v -0.1075836569070816 0.07203418016433716 0.9046207070350647
v -0.011600535362958908 0.07465671747922897 0.9416607022285461
v 0.09174223989248276 0.07620798796415329 0.9710649251937866
v 0.20129820704460144 0.08026347309350967 1.0048398971557617
v -0.2765718996524811 0.08222199231386185 1.0220739841461182
v -0.15466167032718658 0.07721769064664841 0.9568984508514404
v -0.050136927515268326 0.07518205791711807 0.9303845763206482
v 0.04747193679213524 0.07395906746387482 0.9178832769393921
v 0.14944754540920258 0.07618750631809235 0.9475729465484619
v 0.26663738489151 0.08057332783937454 1.0029851198196411
v -0.19178563356399536 0.07723727077245712 0.9453072547912598
v -0.0879204198718071 0.07455369085073471 0.9086700677871704
v 0.009005261585116386 0.07608410716056824 0.9321203827857971
v 0.11170819401741028 0.07836400717496872 0.9630061388015747
v 0.22409331798553467 0.08172629773616791 1.0066357851028442
v -0.2352316677570343 0.07958805561065674 0.9577757716178894
v -0.12588843703269958 0.07498400658369064 0.9014577269554138
v -0.03022168204188347 0.07752306014299393 0.9353588223457336
v 0.0677272155880928 0.07516539841890335 0.9102806448936462
v 0.1697022169828415 0.07721216231584549 0.9371347427368164
v -0.30341362953186035 0.08674987405538559 1.0256668329238892
v -0.1714036762714386 0.07979635894298553 0.9492752552032471
v -0.0680789202451706 0.07727872580289841 0.9176715612411499
v 0.02910429611802101 0.07721477746963501 0.9205644130706787
v 0.131374791264534 0.07979563623666763 0.9538629055023193
v 0.24643990397453308 0.08368732035160065 1.005175232887268
v -0.21598735451698303 0.08251164108514786 0.9642022848129272
v -0.10484303534030914 0.07655733823776245 0.8984588384628296
v -0.009524315595626831 0.07911377400159836 0.9330892562866211
v 0.0937424898147583 0.08140268176794052 0.9661314487457275
v 0.20383067429065704 0.08559867739677429 1.0038385391235352
v -0.25569137930870056 0.08351575583219528 0.954628050327301
v -0.15201154351234436 0.08237244188785553 0.9544013738632202
v -0.04773836210370064 0.07967841625213623 0.9241094589233398
v 0.049089301377534866 0.07845210283994675 0.9109910726547241
v 0.15101633965969086 0.08099640160799026 0.9442362785339355
v 0.2686846852302551 0.08604013919830322 1.000745415687561
v -0.18918518722057343 0.08208399266004562 0.9428227543830872
v -0.08527453988790512 0.07905298471450806 0.9019951224327087
v 0.010961069725453854 0.0804198607802391 0.9230917692184448
v 0.11346007138490677 0.08319167792797089 0.9597745537757874
v 0.22605401277542114 0.0869918093085289 1.0051885843276978
v -0.23308151960372925 0.08482342213392258 0.9574411511421204
v -0.1235155463218689 0.07947039604187012 0.8982086777687073
v -0.02796545997262001 0.08188433945178986 0.9288403987884521
v 0.06942388415336609 0.07973209768533707 0.9042987823486328
v 0.1825173944234848 0.08917377889156342 1.0016732215881348
v -0.2974494993686676 0.09193833917379379 1.022750973701477
v -0.16884420812129974 0.08481941372156143 0.9466385841369629
v -0.06546148657798767 0.08176177740097046 0.9116532802581787
v 0.030985740944743156 0.08153782039880753 0.9125981330871582
v 0.13303306698799133 0.08464843779802322 0.950491189956665
v 0.2484315186738968 0.08917167782783508 1.0033994913101196
v -0.21406130492687225 0.08780819177627563 0.9639277458190918
v -0.10222344845533371 0.08105757087469101 0.8927615880966187
v -0.00742720440030098 0.08348729461431503 0.9239477515220642
v 0.09549345076084137 0.08629285544157028 0.9619616866111755
v 0.20608820021152496 0.09072917699813843 1.0030516386032104
v -0.2522939443588257 0.08832193166017532 0.9533737301826477
v -0.14930211007595062 0.08754798024892807 0.951392412185669
v -0.04537219554185867 0.08407260477542877 0.9171048402786255
v 0.05069625377655029 0.08286049962043762 0.9042636156082153
v 0.1526585817337036 0.08583962172269821 0.9414882659912109
v 0.27144914865493774 0.09172964096069336 0.9981951713562012
v -0.18667298555374146 0.08702082931995392 0.9402902126312256
v -0.0826844796538353 0.0834113210439682 0.8951644897460938
v 0.012831504456698895 0.08468978106975555 0.9127896428108215
v 0.11502202600240707 0.08806760609149933 0.9559846520423889
v 0.22804474830627441 0.09238048642873764 1.003635048866272
v -0.2309310883283615 0.09005560725927353 0.9570618867874146
v -0.12826591730117798 0.09002362936735153 0.9529646039009094
v -0.025647524744272232 0.08614548295736313 0.9226178526878357
v 0.0710427537560463 0.08413651585578918 0.8990112543106079
v 0.18551157414913177 0.09453202784061432 1.0018149614334106
v -0.2938491106033325 0.09726909548044205 1.0201904773712158
v -0.16627059876918793 0.08982842415571213 0.9438512325286865
v -0.06287417560815811 0.08604281395673752 0.9048923850059509
v 0.032808318734169006 0.08578315377235413 0.9043493866920471
v 0.13469047844409943 0.08952023833990097 0.947357714176178
v 0.25026464462280273 0.09458258002996445 1.0016855001449585
v -0.2121276557445526 0.09307094663381577 0.9634710550308228
v -0.09963183850049973 0.08536425232887268 0.8873916268348694
v -0.005240798462182283 0.08772005140781403 0.9144207239151001
v 0.09692133963108063 0.09138033539056778 0.9576500654220581
v 0.20828525722026825 0.095838263630867 1.002280592918396
v -0.24942822754383087 0.09316887706518173 0.9526259303092957
v -0.1465650051832199 0.0925939679145813 0.9481577277183533
v -0.04306454584002495 0.08833272010087967 0.9100824594497681
v 0.05236561596393585 0.08724401146173477 0.8978921175003052
v 0.15450738370418549 0.09090697765350342 0.9393467307090759
v 0.28710100054740906 0.10132955759763718 1.0453852415084839
v -0.18406043946743011 0.0920429602265358 0.9376726150512695
v -0.08017133176326752 0.0877000242471695 0.888671875
v 0.014688324183225632 0.08895610272884369 0.9024341106414795
v 0.11652744561433792 0.09298628568649292 0.9522717595100403
v 0.23003269731998444 0.09783466905355453 1.002232313156128
v -0.228750541806221 0.09532775729894638 0.9565321207046509
v -0.1257823258638382 0.09460677951574326 0.9497705101966858
v -0.023419711738824844 0.09035691618919373 0.9149132966995239
v 0.07307850569486618 0.08873841911554337 0.8941230773925781
v 0.18806225061416626 0.09968774020671844 1.0010212659835815
v -0.2906917333602905 0.10296311229467392 1.017896294593811
v -0.16364100575447083 0.09484024345874786 0.9410881400108337
v -0.060453999787569046 0.09025760740041733 0.8971810340881348
v 0.034590087831020355 0.0901288315653801 0.8965214490890503
v 0.1363414078950882 0.09449834376573563 0.9446581602096558
v 0.25241711735725403 0.10025046765804291 1.0000637769699097
v -0.21003484725952148 0.09830081462860107 0.9628526568412781
v -0.09707386791706085 0.08979152888059616 0.882605791091919
v -0.002982629928737879 0.09190303832292557 0.9040506482124329
v 0.09842214733362198 0.09645106643438339 0.9533129334449768
v 0.2103884518146515 0.101015105843544 1.0015437602996826
v -0.24687695503234863 0.09816080331802368 0.9516885280609131
v -0.14392603933811188 0.09744290262460709 0.9449679851531982
v -0.04081091284751892 0.09245574474334717 0.9024127721786499
v 0.05416305363178253 0.0916118174791336 0.8922061324119568
v 0.15652239322662354 0.09610547125339508 0.9383485317230225
v 0.2890569865703583 0.10743089020252228 1.044141411781311
v -0.1815321296453476 0.09709355980157852 0.935095489025116
v -0.0777197852730751 0.09193279594182968 0.8832052946090698
v 0.016640249639749527 0.09315289556980133 0.8939982056617737
v 0.11816512793302536 0.09797783195972443 0.9487385749816895
v 0.23213781416416168 0.1033293753862381 1.0010145902633667
v -0.22648943960666656 0.10057659447193146 0.9557968378067017
v -0.12353648990392685 0.09927309304475784 0.9458788633346558
v -0.021249134093523026 0.09451261907815933 0.9038241505622864
v 0.075771763920784 0.09399426728487015 0.8908055424690247
v 0.19033758342266083 0.10478374361991882 1.0000375509262085
v -0.28738564252853394 0.10863947123289108 1.0161070823669434
v -0.16102251410484314 0.09976684302091599 0.9382331967353821
v -0.058119285851716995 0.094579316675663 0.8882157802581787
v 0.03650626912713051 0.09442659467458725 0.8900403380393982
v 0.13813701272010803 0.09955862164497375 0.9424198269844055
v 0.25469285249710083 0.10641500353813171 0.9979265928268433
v -0.20779862999916077 0.10346455872058868 0.9617597460746765
v -0.0947442501783371 0.09440243989229202 0.8783177733421326
v -0.0008081966079771519 0.09598785638809204 0.8936169147491455
v 0.09993536025285721 0.10154397785663605 0.9498381614685059
v 0.21253229677677155 0.10647349804639816 1.0007026195526123
v -0.24434024095535278 0.10321468859910965 0.9508567452430725
v -0.14131902158260345 0.10221130400896072 0.9418515563011169
v -0.03869158774614334 0.09661656618118286 0.8925729393959045
v 0.05606361851096153 0.09597373753786087 0.8874051570892334
v 0.1594599485397339 0.1011243686079979 0.9391212463378906
v 0.29160237312316895 0.1132819876074791 1.0427632331848145
v -0.17903541028499603 0.10204817354679108 0.9325448870658875
v -0.07540982961654663 0.09619668126106262 0.8784472942352295
v 0.018693631514906883 0.09732146561145782 0.8871752023696899
v 0.11995992064476013 0.1030115932226181 0.9456803202629089
v 0.23427240550518036 0.10905449092388153 0.9998219013214111
v -0.22414077818393707 0.1057811826467514 0.9549239873886108
v -0.12119577080011368 0.10400938987731934 0.942722737789154
v -0.018886752426624298 0.09854231029748917 0.8916009068489075
v 0.08133921027183533 0.10511464625597 0.9492169618606567
v 0.19257105886936188 0.10999437421560287 0.9992839097976685
v -0.2840181291103363 0.11441635340452194 1.014400601387024
v -0.15849436819553375 0.10463391989469528 0.9353790283203125
v -0.05574032664299011 0.09881879389286041 0.8804908990859985
v 0.03842196241021156 0.09868017584085464 0.8846632838249207
v 0.14000152051448822 0.10448174178600311 0.9405192136764526
v 0.2681725323200226 0.11606244742870331 1.0404787063598633
v -0.20525385439395905 0.10875023156404495 0.9598981738090515
v -0.09247888624668121 0.0992276668548584 0.8742612600326538
v 0.0012475707335397601 0.10004466772079468 0.8847514986991882
v 0.10162509232759476 0.10659231245517731 0.9471718072891235
v 0.21468329429626465 0.11208339780569077 0.9999483823776245
v -0.24192029237747192 0.10827133804559708 0.9497705101966858
v -0.13883443176746368 0.10699290037155151 0.9387311935424805
v -0.03654670715332031 0.10087168961763382 0.8827170133590698
v 0.05820060893893242 0.10071955621242523 0.8833886384963989
v 0.16469651460647583 0.10966003686189651 0.9611979722976685
v 0.2935873866081238 0.11904550343751907 1.041108250617981
v -0.1764974147081375 0.10697740316390991 0.929850697517395
v -0.07309330999851227 0.10065829753875732 0.8736318349838257
v 0.020748009905219078 0.1015421450138092 0.8814910650253296
v 0.12187688052654266 0.10802963376045227 0.9432008862495422
v 0.23647570610046387 0.11519333720207214 0.9987538456916809
v -0.221700981259346 0.11098898202180862 0.9540367722511292
v -0.11871502548456192 0.10887008160352707 0.9403008818626404
v -0.016530515626072884 0.10262823849916458 0.8816084861755371
v 0.0829097256064415 0.11021777242422104 0.9471902847290039
v 0.19507543742656708 0.11541698127985 0.9987487196922302
v -0.2807714641094208 0.12008363008499146 1.0127599239349365
v -0.15601815283298492 0.10949528217315674 0.9327232241630554
v -0.053502004593610764 0.10303732752799988 0.8748496770858765
v 0.04043332859873772 0.10305497795343399 0.8801222443580627
v 0.14196087419986725 0.1095464676618576 0.939029335975647
v 0.27039578557014465 0.12233155965805054 1.0388004779815674
v -0.2026960402727127 0.11399450153112411 0.958026647567749
v -0.0903172716498375 0.10403995215892792 0.8705382943153381
v 0.003221453633159399 0.10412044823169708 0.8782299160957336
v 0.10341796278953552 0.11153615266084671 0.9449691772460938
v 0.21698664128780365 0.1182958111166954 0.9995508790016174
v -0.23947589099407196 0.11339510977268219 0.9486830234527588
v -0.13639885187149048 0.11175937205553055 0.9360851049423218
v -0.03438415750861168 0.10514393448829651 0.8761070370674133
v 0.06102870777249336 0.10626067966222763 0.880513072013855
v 0.16729219257831573 0.11468449234962463 0.9603649973869324
v 0.2951694428920746 0.12469133734703064 1.0388516187667847
v -0.1740662157535553 0.11189590394496918 0.9273244738578796
v -0.07078065723180771 0.10535231232643127 0.8694512248039246
v 0.022830551490187645 0.10579822212457657 0.8768822550773621
v 0.12384451925754547 0.11299166828393936 0.9411876797676086
v 0.24794960021972656 0.12523382902145386 1.0344233512878418
v -0.21924373507499695 0.11621545255184174 0.9530360698699951
v -0.11627015471458435 0.11383971571922302 0.9378501772880554
v -0.014392600394785404 0.10660330951213837 0.8752604722976685
v 0.08465781062841415 0.11521150916814804 0.9453284740447998
v 0.19734758138656616 0.12097812443971634 0.9985758662223816
v -0.2777171730995178 0.1257230043411255 1.0109565258026123
v -0.1535549908876419 0.11436193436384201 0.9303130507469177
v -0.051567886024713516 0.10751081258058548 0.8709070682525635
v 0.04238704964518547 0.10773221403360367 0.8762457370758057
v 0.14398355782032013 0.11468251049518585 0.9386655688285828
v 0.27244728803634644 0.12804673612117767 1.0370784997940063
v -0.2002011090517044 0.11939118057489395 0.9565076231956482
v -0.0960310772061348 0.11575482040643692 0.9398533701896667
v 0.005319427698850632 0.10827046632766724 0.8733152151107788
v 0.10535503178834915 0.1164817363023758 0.9432275295257568
v 0.21954193711280823 0.12476859986782074 1.0002504587173462
v -0.23711040616035461 0.11857613921165466 0.947645366191864
v -0.13398924469947815 0.11658468097448349 0.9334328770637512
v -0.03227412328124046 0.10952296853065491 0.8715584874153137
v 0.0659758672118187 0.11865164339542389 0.9532572627067566
v 0.17004118859767914 0.11967387050390244 0.959415078163147
v 0.2970893681049347 0.1303524523973465 1.0366096496582031
v -0.17158249020576477 0.11676035076379776 0.9249845743179321
v -0.06856531649827957 0.11062297970056534 0.8664349317550659
v 0.024823052808642387 0.11016388237476349 0.8730215430259705
v 0.12584395706653595 0.11807383596897125 0.9398856163024902
v 0.25022852420806885 0.13085739314556122 1.0326725244522095
v -0.21683011949062347 0.12142696976661682 0.9519151449203491
v -0.11381438374519348 0.11884701997041702 0.9354451298713684
v -0.012386630289256573 0.11096769571304321 0.8699861764907837
v 0.08666976541280746 0.12024310976266861 0.9443296790122986
v 0.20053958892822266 0.12789714336395264 1.0004451274871826
v -0.27471742033958435 0.13106852769851685 1.009531021118164
v -0.1511690765619278 0.11922714114189148 0.9280984401702881
v -0.04964292794466019 0.1125326156616211 0.8678207397460938
v 0.044459566473960876 0.11329568177461624 0.8728840351104736
v 0.1488977074623108 0.12279222905635834 0.9531348347663879
v 0.2744938135147095 0.13351532816886902 1.0352932214736938
v -0.19761836528778076 0.1246338039636612 0.9550256133079529
v -0.09366295486688614 0.12102675437927246 0.936023473739624
v 0.007362666539847851 0.11273647844791412 0.8693111538887024
v 0.10743525624275208 0.1216558888554573 0.9423707127571106
v 0.22775189578533173 0.13392877578735352 1.0284664630889893
v -0.2345922440290451 0.12376664578914642 0.9466291666030884
v -0.13147351145744324 0.12141373008489609 0.9304242730140686
v -0.033611513674259186 0.12098231911659241 0.9303232431411743
v 0.06756605952978134 0.12588271498680115 0.9567617177963257
v 0.17219696938991547 0.12479648739099503 0.9584456086158752
v 0.299978107213974 0.13605232536792755 1.0341291427612305
v -0.16913481056690216 0.12169152498245239 0.9228353500366211
v -0.07193812727928162 0.12346650660037994 0.9352718591690063
v 0.026653749868273735 0.11521534621715546 0.8694325089454651
v 0.12891222536563873 0.1260089874267578 0.9485500454902649
v 0.2521955966949463 0.13624347746372223 1.0309151411056519
v -0.21437092125415802 0.12663619220256805 0.950671374797821
v -0.1114940345287323 0.1237817332148552 0.9333465695381165
v -0.010587307624518871 0.11604754626750946 0.8655767440795898
v 0.08898001164197922 0.12534548342227936 0.9446684718132019
v 0.2063872516155243 0.13728734850883484 1.0256460905075073
v -0.2717122733592987 0.1359531283378601 1.007567048072815
v -0.14885711669921875 0.12413997948169708 0.9257810115814209
v -0.04989004507660866 0.12517955899238586 0.9316999316215515
v 0.050531528890132904 0.1289321631193161 0.9650768041610718
v 0.1507447212934494 0.12753240764141083 0.9515167474746704
v 0.27623337507247925 0.13884899020195007 1.0330166816711426
v -0.19515499472618103 0.1297554224729538 0.9533318281173706
v -0.09097731113433838 0.1261311024427414 0.9324318170547485
v 0.009405748918652534 0.11829587072134018 0.8659764528274536
v 0.11023521423339844 0.12926872074604034 0.9495492577552795
v 0.23030705749988556 0.13943979144096375 1.0272363424301147
v -0.2320614755153656 0.12912070751190186 0.9455721974372864
v -0.12889723479747772 0.12624888122081757 0.9275161027908325
v -0.030578017234802246 0.12627458572387695 0.9276381134986877
v 0.07067495584487915 0.13174444437026978 0.960311770439148
v 0.17473876476287842 0.13023097813129425 0.9580789804458618
v -0.2983713746070862 0.1400682032108307 1.0069562196731567
v -0.1668006181716919 0.12669511139392853 0.9209527969360352
v -0.06918138265609741 0.12848420441150665 0.9310402274131775
v 0.029067037627100945 0.1215064749121666 0.8659575581550598
v 0.13092049956321716 0.13093596696853638 0.948347270488739
v 0.2540621757507324 0.14159059524536133 1.029161810874939
v -0.21188059449195862 0.13177572190761566 0.9492073059082031
v -0.10903353244066238 0.12862756848335266 0.9304969310760498
v -0.010258255526423454 0.12760084867477417 0.9259477853775024
v 0.09135826677083969 0.13301196694374084 0.9537228941917419
v 0.2092035412788391 0.14229167997837067 1.024647831916809
v -0.2686334550380707 0.14101046323776245 1.0051801204681396
v -0.14655305445194244 0.1289515495300293 0.9231857657432556
v -0.048139654099941254 0.130001962184906 0.9278910160064697
v 0.05198671668767929 0.13444551825523376 0.9602959752082825
v 0.1526433229446411 0.1324480175971985 0.9498472213745117
v 0.27789077162742615 0.14416177570819855 1.0306153297424316
v -0.19265230000019073 0.13488951325416565 0.9517523050308228
v -0.08808145672082901 0.1309490203857422 0.9289734363555908
v 0.01199544221162796 0.125348761677742 0.8636913895606995
v 0.11218495666980743 0.1341770738363266 0.9487079977989197
v 0.23242732882499695 0.14479871094226837 1.0256052017211914
v -0.22963762283325195 0.13447658717632294 0.9446799755096436
v -0.12636233866214752 0.13109266757965088 0.9247202277183533
v -0.02833029255270958 0.13126321136951447 0.924852192401886
v 0.07276589423418045 0.13622233271598816 0.9574242234230042
v 0.1777218133211136 0.1357163041830063 0.9588329195976257
v -0.29192808270454407 0.1447356939315796 1.0052776336669922
v -0.1645967811346054 0.1317690759897232 0.9194146394729614
v -0.06679613143205643 0.13312295079231262 0.9272162914276123
v 0.03291310742497444 0.1364489197731018 0.9608102440834045
v 0.1327964812517166 0.13540667295455933 0.9464771747589111
v 0.25590500235557556 0.14682649075984955 1.027290940284729
v -0.20942404866218567 0.13687826693058014 0.9476704597473145
v -0.10645273327827454 0.1334862858057022 0.9269955158233643
v -0.007835214957594872 0.1326780617237091 0.9238089919090271
v 0.0935957059264183 0.13759663701057434 0.9517560005187988
v 0.2117212414741516 0.14745010435581207 1.0232281684875488
v -0.2660887539386749 0.14639663696289062 1.003000259399414
v -0.14408662915229797 0.1337546408176422 0.9207430481910706
v -0.04614271968603134 0.13443708419799805 0.9245771765708923
v 0.05388760566711426 0.13919401168823242 0.9563553333282471
v 0.15455809235572815 0.13742120563983917 0.9480242133140564
v 0.27944913506507874 0.14944881200790405 1.0281093120574951
v -0.190263569355011 0.13993597030639648 0.9504173398017883
v -0.08545147627592087 0.13565269112586975 0.9251733422279358
v 0.013972322456538677 0.13893890380859375 0.9574515223503113
v 0.1139797493815422 0.13862542808055878 0.9466087818145752
v 0.23430028557777405 0.15004238486289978 1.024169921875
v -0.22732046246528625 0.13977475464344025 0.9437658786773682
v -0.12390981614589691 0.13585764169692993 0.9219333529472351
v -0.026167990639805794 0.13577741384506226 0.9220502376556396
v 0.07463040202856064 0.14083293080329895 0.9541895985603333
v 0.1813533455133438 0.14170995354652405 0.9622753262519836
v -0.2882561981678009 0.1495477557182312 1.0038237571716309
v -0.16244371235370636 0.13681083917617798 0.9186636209487915
v -0.06446202844381332 0.13759692013263702 0.9240830540657043
v 0.03466712683439255 0.1421549916267395 0.9570139050483704
v 0.1345328688621521 0.14002443850040436 0.9444149732589722
v 0.25749191641807556 0.1520194560289383 1.0248253345489502
v -0.20709991455078125 0.14198116958141327 0.9463478326797485
v -0.10382504016160965 0.1381889432668686 0.9231548309326172
v -0.005509550683200359 0.13765090703964233 0.921654224395752
v 0.09536324441432953 0.14210253953933716 0.9490631222724915
v 0.2137763798236847 0.15280920267105103 1.0215895175933838
v -0.2632051110267639 0.15143315494060516 1.0009642839431763
v -0.14156560599803925 0.1386633813381195 0.9189916253089905
v -0.04406214505434036 0.13890092074871063 0.9216777086257935
v 0.055761076509952545 0.14393393695354462 0.9530214071273804
v 0.1565239578485489 0.14231552183628082 0.9464430809020996
v 0.2809971272945404 0.15475863218307495 1.0257359743118286
v -0.18783621490001678 0.14503878355026245 0.9491924047470093
v -0.08291944116353989 0.14015376567840576 0.9217597246170044
v 0.016043545678257942 0.1449434906244278 0.95402592420578
v 0.1157531812787056 0.14315743744373322 0.9441241025924683
v 0.23605281114578247 0.15520720183849335 1.022754430770874
v -0.22523093223571777 0.1451539248228073 0.9429442286491394
v -0.12156576663255692 0.14057490229606628 0.9193935990333557
v -0.024064626544713974 0.14040933549404144 0.9194357395172119
v 0.07645820081233978 0.1455228179693222 0.9506905674934387
v 0.18532533943653107 0.14865638315677643 0.9690260887145996
v -0.2846076190471649 0.1541815549135208 1.0014570951461792
v -0.16632352769374847 0.1479514241218567 0.9490024447441101
v -0.06229626387357712 0.14211012423038483 0.9214038252830505
v 0.03653557971119881 0.14725032448768616 0.9531702995300293
v 0.1362769454717636 0.14474253356456757 0.9422121047973633
v 0.25901901721954346 0.15726354718208313 1.0223733186721802
v -0.2048528492450714 0.14710016548633575 0.9451884031295776
v -0.10123401880264282 0.1428106129169464 0.9197608828544617
v -0.0031272447668015957 0.14346067607402802 0.9208799600601196
v 0.09715376794338226 0.14673396944999695 0.946128249168396
v 0.21554315090179443 0.15805092453956604 1.01988685131073
v -0.2593952715396881 0.15590544044971466 0.9963904023170471
v -0.13937872648239136 0.14384368062019348 0.9187371730804443
v -0.04205730929970741 0.1434166133403778 0.9190028309822083
v 0.0575881190598011 0.1485876888036728 0.9496217370033264
v 0.15844161808490753 0.14722540974617004 0.9451438784599304
v 0.28285691142082214 0.1601419746875763 1.02389657497406
v -0.18529154360294342 0.15003341436386108 0.9479672312736511
v -0.08049485087394714 0.14467619359493256 0.9188461303710938
v 0.01797298714518547 0.1500493437051773 0.9513069987297058
v 0.11745929718017578 0.14774169027805328 0.9414911866188049
v 0.23788292706012726 0.16038623452186584 1.0212095975875854
v -0.2232331782579422 0.15052610635757446 0.9423784017562866
v -0.11917833238840103 0.14536386728286743 0.917201817035675
v -0.022072741761803627 0.14515215158462524 0.9171123504638672
v 0.07828857004642487 0.15016679465770721 0.9472309947013855
v 0.19409765303134918 0.16133548319339752 1.0158358812332153
v -0.27724698185920715 0.15879151225090027 0.9842809438705444
v -0.16385899484157562 0.15297235548496246 0.9483380913734436
v -0.06019854545593262 0.14669014513492584 0.9189586043357849
v 0.03843725100159645 0.15193507075309753 0.9495149850845337
v 0.1380852460861206 0.14957088232040405 0.9401623010635376
v 0.2606923282146454 0.162558913230896 1.0204468965530396
v -0.2026561051607132 0.15225137770175934 0.9442428946495056
v -0.0987439751625061 0.14747533202171326 0.9168097972869873
v -0.0007630907348357141 0.15363837778568268 0.9512468576431274
v 0.09896905720233917 0.15137001872062683 0.9432265162467957
v 0.21710722148418427 0.1632690280675888 1.0180448293685913
v -0.25364845991134644 0.16082772612571716 0.98212069272995
v -0.14254224300384521 0.15477296710014343 0.9462873935699463
v -0.04009568318724632 0.14797216653823853 0.9165182709693909
v 0.059438254684209824 0.15313687920570374 0.9461319446563721
v 0.1605692058801651 0.15227417647838593 0.9440420866012573
v 0.2846290171146393 0.16544939577579498 1.0213518142700195
v -0.18285533785820007 0.15503743290901184 0.9470900893211365
v -0.07822678238153458 0.14934313297271729 0.9162839651107788
v 0.01974244974553585 0.15491575002670288 0.9487282037734985
v 0.119178906083107 0.15237785875797272 0.9388257265090942
v 0.2395661324262619 0.16551314294338226 1.0194072723388672
v -0.22114084661006927 0.15595336258411407 0.9426637887954712
v -0.11686783283948898 0.15036781132221222 0.9151817560195923
v -0.019905967637896538 0.15015773475170135 0.9153488874435425
v 0.08020026236772537 0.15477842092514038 0.943980872631073
v 0.19754189252853394 0.16699030995368958 1.0162849426269531
v -0.27248793840408325 0.16347075998783112 0.9769238829612732
v -0.16127724945545197 0.15751951932907104 0.9470245242118835
v -0.058098480105400085 0.15137432515621185 0.9166392087936401
v 0.040374625474214554 0.15641123056411743 0.9461797475814819
v 0.13995206356048584 0.1544887125492096 0.9383764863014221
v 0.2623739540576935 0.167846217751503 1.0190036296844482
v -0.20039449632167816 0.15745389461517334 0.9435455203056335
v -0.09637553989887238 0.15213094651699066 0.9142728447914124
v 0.0010197459487244487 0.15827925503253937 0.9485548138618469
v 0.10087984800338745 0.15596598386764526 0.9404611587524414
v 0.21880988776683807 0.16857120394706726 1.0170512199401855
v -0.24973006546497345 0.1651356965303421 0.977169930934906
v -0.14024494588375092 0.15996339917182922 0.9447304010391235
v -0.038143452256917953 0.1528274118900299 0.9142536520957947
v 0.06134800985455513 0.15760953724384308 0.9426783919334412
v 0.16286949813365936 0.15747959911823273 0.9431082606315613
v 0.2861977517604828 0.170680433511734 1.018404483795166
v -0.18041160702705383 0.1600940078496933 0.9462198615074158
v -0.07599952071905136 0.15407171845436096 0.9141536951065063
v 0.021594515070319176 0.15960241854190826 0.9460185170173645
v 0.12086892873048782 0.15704894065856934 0.9364028573036194
v 0.2409883737564087 0.17073801159858704 1.0172311067581177
v -0.2275082916021347 0.1672295182943344 0.9730417728424072
v -0.11457822471857071 0.15542061626911163 0.913379430770874
v -0.017874985933303833 0.1557599902153015 0.9159857630729675
v 0.08214274793863297 0.1593412458896637 0.9408618807792664
v 0.19976770877838135 0.1725575476884842 1.0157430171966553
v -0.2686938941478729 0.1681002676486969 0.9732227921485901
v -0.15884487330913544 0.1622864454984665 0.9454643726348877
v -0.05602332577109337 0.15601643919944763 0.9144605398178101
v 0.04237237200140953 0.16087353229522705 0.9430043697357178
v 0.14192697405815125 0.15945322811603546 0.9367424249649048
v 0.2638694643974304 0.1730845421552658 1.0163589715957642
v -0.19820541143417358 0.1628234088420868 0.9430488348007202
v -0.09406456351280212 0.15704376995563507 0.912033200263977
v 0.0027936401311308146 0.16288693249225616 0.9456386566162109
v 0.10261067748069763 0.16053365170955658 0.9376133680343628
v 0.22049665451049805 0.1738048940896988 1.0161056518554688
v -0.24663126468658447 0.1697710156440735 0.9736518859863281
v -0.13779643177986145 0.1642180234193802 0.9430170059204102
v -0.03609981760382652 0.15816394984722137 0.9128808975219727
v 0.06323150545358658 0.16217461228370667 0.9394921660423279
v 0.16604003310203552 0.1634034365415573 0.9453533887863159
v 0.28805607557296753 0.17575344443321228 1.0159447193145752
v -0.1778550148010254 0.16518260538578033 0.9453061819076538
v -0.07378663867712021 0.15885017812252045 0.9123254418373108
v 0.02352455072104931 0.1642703115940094 0.943021297454834
v 0.12260261923074722 0.16182968020439148 0.9342612624168396
v 0.24233098328113556 0.17583520710468292 1.014203667640686
v -0.2247610241174698 0.17237910628318787 0.9712819457054138
v -0.11225814372301102 0.16040639579296112 0.9123395085334778
v -0.015872236341238022 0.16614682972431183 0.9455078840255737
v 0.0840098187327385 0.16386599838733673 0.9377479553222656
v 0.20162616670131683 0.1776331067085266 1.0145282745361328
v -0.26527684926986694 0.17276835441589355 0.9701626300811768
v -0.15645165741443634 0.1671256572008133 0.9438561201095581
v -0.0540773905813694 0.16130802035331726 0.9125708937644958
v 0.04435402527451515 0.1654254049062729 0.9399060606956482
v 0.14393790066242218 0.16435860097408295 0.9352673292160034
v 0.2654976546764374 0.17815613746643066 1.0142879486083984
v -0.1960315704345703 0.16818417608737946 0.9428184032440186
v -0.09184826165437698 0.1620565801858902 0.9102863669395447
v 0.004735124763101339 0.16756923496723175 0.942979097366333
v 0.10426516085863113 0.165159210562706 0.9346932172775269
v 0.22204528748989105 0.17891305685043335 1.0141661167144775
v -0.24372179806232452 0.17454427480697632 0.9705460667610168
v -0.1353757530450821 0.16881105303764343 0.9412589073181152
v -0.03519769757986069 0.16976727545261383 0.9465499520301819
v 0.06510965526103973 0.1667795330286026 0.936592161655426
v 0.17160345613956451 0.17283663153648376 0.9641252756118774
v 0.2903389036655426 0.18074828386306763 1.0139771699905396
v -0.17535094916820526 0.1702316850423813 0.9443804621696472
v -0.0715969055891037 0.1639585793018341 0.911153256893158
v 0.025589702650904655 0.16892874240875244 0.9401687979698181
v 0.12450488656759262 0.16669714450836182 0.9323506951332092
v 0.24417050182819366 0.18072573840618134 1.0129778385162354
v -0.22195522487163544 0.17688076198101044 0.968293309211731
v -0.1146068274974823 0.17102225124835968 0.9392562508583069
v -0.013788352720439434 0.17089298367500305 0.9433010816574097
v 0.08587733656167984 0.16837111115455627 0.9348036050796509
v 0.20289246737957 0.18255433440208435 1.0134944915771484
v -0.2621544301509857 0.17750808596611023 0.9674444198608398
v -0.15393570065498352 0.17194616794586182 0.9419485330581665
v -0.052378371357917786 0.16708903014659882 0.9123399257659912
v 0.0463566929101944 0.17004643380641937 0.9368371963500977
v 0.14614345133304596 0.16947418451309204 0.934343159198761
v 0.2674361765384674 0.183091938495636 1.0130088329315186
v -0.1939810812473297 0.17347700893878937 0.9428290128707886
v -0.08937066048383713 0.1675328016281128 0.9092622399330139
v 0.006802057847380638 0.1722405105829239 0.9404875636100769
v 0.10594087094068527 0.16982802748680115 0.9319139719009399
v 0.22373537719249725 0.1836993545293808 1.0127114057540894
v -0.2409249097108841 0.17947477102279663 0.9674355387687683
v -0.13299350440502167 0.17365553975105286 0.9396408200263977
v -0.03291986510157585 0.17466598749160767 0.9441768527030945
v 0.06702093034982681 0.1713632196187973 0.9338781833648682
v 0.17344889044761658 0.17829224467277527 0.9649746417999268
v 0.2936352789402008 0.18586024641990662 1.0116703510284424
v -0.17304030060768127 0.17526429891586304 0.9432745575904846
v -0.06975828856229782 0.16992634534835815 0.9114469885826111
v 0.027701137587428093 0.17356669902801514 0.9375909566879272
v 0.12650062143802643 0.1716284304857254 0.930585503578186
v 0.24599477648735046 0.18546389043331146 1.0113738775253296
v -0.21902474761009216 0.18161621689796448 0.96527498960495
v -0.11196447908878326 0.17592155933380127 0.9385770559310913
v -0.011732012033462524 0.1757296770811081 0.9410540461540222
v 0.08761995285749435 0.17285926640033722 0.9319337010383606
v 0.2038646787405014 0.18681739270687103 1.011419653892517
v -0.25938650965690613 0.1823919266462326 0.9650070071220398
v -0.1514681875705719 0.1767766773700714 0.9398047924041748
v -0.052001625299453735 0.17952042818069458 0.9494714140892029
v 0.0483752079308033 0.17466285824775696 0.933948278427124
v 0.14865708351135254 0.17492136359214783 0.9345240592956543
v 0.26931679248809814 0.1878056824207306 1.0114673376083374
v -0.19222809374332428 0.17906451225280762 0.9441222548484802
v -0.09097909182310104 0.1789288967847824 0.9402203559875488
v 0.008951527997851372 0.17690971493721008 0.9380649924278259
v 0.10765127092599869 0.17463639378547668 0.9292213320732117
v 0.22535313665866852 0.18817052245140076 1.010973572731018
v -0.23826852440834045 0.18451693654060364 0.9644396305084229
v -0.13066236674785614 0.17859266698360443 0.9382833242416382
v -0.030834246426820755 0.17964839935302734 0.9421535730361938
v 0.06890413910150528 0.1759316772222519 0.9313281774520874
v 0.1760942041873932 0.18416672945022583 0.9671070575714111
v -0.28335651755332947 0.1857641190290451 0.9634535908699036
v -0.17074723541736603 0.18024678528308868 0.9421985745429993
v -0.07031681388616562 0.18233256042003632 0.9465932250022888
v 0.029784252867102623 0.17825844883918762 0.9351386427879333
v 0.1285780519247055 0.17673946917057037 0.9291799664497375
v 0.24775120615959167 0.18976151943206787 1.009253978729248
v -0.21632811427116394 0.18644912540912628 0.9623621106147766
v -0.10961959511041641 0.181113600730896 0.9380302429199219
v -0.009657628834247589 0.1805061399936676 0.9387977719306946
v 0.0893111601471901 0.17747747898101807 0.929154634475708
v 0.20387162268161774 0.18990656733512878 1.001131534576416
v -0.25690141320228577 0.18741725385189056 0.9628219604492188
v -0.14908839762210846 0.18167182803153992 0.9380171895027161
v -0.04996608570218086 0.184391587972641 0.9485068321228027
v 0.05041012167930603 0.1793237328529358 0.9313116073608398
v 0.15574927628040314 0.18623411655426025 0.9578114748001099
v 0.2709817588329315 0.1921992301940918 1.0088481903076172
v -0.19436879456043243 0.18830518424510956 0.958299994468689
v -0.0888843685388565 0.18415221571922302 0.9416900873184204
v 0.011172941885888577 0.181640625 0.9356628060340881
v 0.10953590273857117 0.17952488362789154 0.9268472194671631
v 0.22593726217746735 0.1920994073152542 1.0020039081573486
v -0.2356519103050232 0.1895681470632553 0.9616743922233582
v -0.12838928401470184 0.18355536460876465 0.9371839165687561
v -0.02858961559832096 0.18452152609825134 0.941301167011261
v 0.07085228711366653 0.18058526515960693 0.92879718542099
v 0.17878937721252441 0.19098901748657227 0.9711804389953613
v -0.2779577374458313 0.19122947752475739 0.9620438814163208
v -0.16840532422065735 0.18549129366874695 0.9414855241775513
v -0.06808824837207794 0.18696163594722748 0.9462372660636902
v 0.03192170336842537 0.18292108178138733 0.9326580166816711
v 0.13046875596046448 0.18224108219146729 0.9285889863967896
v 0.24792595207691193 0.19367076456546783 0.9982752203941345
v -0.21380457282066345 0.19131481647491455 0.9598503708839417
v -0.10746433585882187 0.18617959320545197 0.9382296204566956
v -0.007589292712509632 0.18524597585201263 0.9367103576660156
v 0.09109888970851898 0.18216672539710999 0.9265138506889343
v 0.20017115771770477 0.19264519214630127 0.9726756811141968
v -0.25473466515541077 0.19281227886676788 0.9620020389556885
v -0.14681629836559296 0.18657100200653076 0.936866283416748
v -0.04787961766123772 0.18913207948207855 0.9472607374191284
v 0.05249622091650963 0.18403351306915283 0.9288720488548279
v 0.15748809278011322 0.19204729795455933 0.9595677256584167
v 0.27122440934181213 0.19574545323848724 0.9983628392219543
v -0.19154207408428192 0.19275492429733276 0.9566357731819153
v -0.0869070366024971 0.1897887885570526 0.9441322088241577
v 0.013484098017215729 0.18642528355121613 0.9333140850067139
v 0.11156731098890305 0.18452371656894684 0.9247435331344604
v 0.2212934046983719 0.19487594068050385 0.9729995727539062
v -0.23329010605812073 0.19481170177459717 0.9606084227561951
v -0.12618784606456757 0.18865975737571716 0.9367102384567261
v -0.027505027130246162 0.19063341617584229 0.943946123123169
v 0.07280512899160385 0.18520765006542206 0.9263182878494263
v 0.18044178187847137 0.19518139958381653 0.9677861928939819
v -0.2766933739185333 0.19746795296669006 0.9649814367294312
v -0.1690138876438141 0.19363105297088623 0.9498089551925659
v -0.0660644993185997 0.1918269842863083 0.9447166919708252
v 0.034061629325151443 0.18759886920452118 0.9301775097846985
v 0.13773712515830994 0.19394053518772125 0.9519885778427124
v 0.24275422096252441 0.19639745354652405 0.9718905687332153
v -0.21157996356487274 0.19658352434635162 0.9591155052185059
v -0.10552823543548584 0.1916331648826599 0.9394312500953674
v -0.005510914139449596 0.18996931612491608 0.9348426461219788
v 0.09299378097057343 0.187041774392128 0.9240247011184692
v 0.20124875009059906 0.1970156580209732 0.9684008955955505
v -0.25383347272872925 0.1993018388748169 0.9668824672698975
v -0.1446516364812851 0.19174453616142273 0.9363582134246826
v -0.04584956914186478 0.19395072758197784 0.9454576373100281
v 0.05448579043149948 0.18863797187805176 0.9265547394752502
v 0.16049081087112427 0.19791020452976227 0.9636237621307373
v 0.26520010828971863 0.1978154182434082 0.9683178067207336
v -0.18931198120117188 0.1978614181280136 0.9571264982223511
v -0.08477853238582611 0.1945360153913498 0.9432421326637268
v 0.015767859295010567 0.1912020742893219 0.9312289953231812
v 0.11354280263185501 0.18976666033267975 0.9231049418449402
v 0.22235968708992004 0.19911223649978638 0.9682748913764954
v -0.23197127878665924 0.20127174258232117 0.9654481410980225
v -0.12415062636137009 0.19414468109607697 0.9373099207878113
v -0.02526284009218216 0.19527415931224823 0.9426186084747314
v 0.0747106671333313 0.18992596864700317 0.923968493938446
v 0.1815699189901352 0.19944937527179718 0.9646517634391785
v -0.27692458033561707 0.20501939952373505 0.9748667478561401
v -0.16807539761066437 0.19952340424060822 0.9539780616760254
v -0.06412796676158905 0.1966315507888794 0.9428640007972717
v 0.03616771474480629 0.192282572388649 0.9278968572616577
v 0.13957929611206055 0.19986292719841003 0.9549111723899841
v 0.24385638535022736 0.20052844285964966 0.9667764902114868
v -0.21017321944236755 0.20298151671886444 0.9636487364768982
v -0.10357409715652466 0.19752387702465057 0.9420047998428345
v -0.003385012736544013 0.19481788575649261 0.9331825971603394
v 0.09494650363922119 0.19202864170074463 0.9218104481697083
v 0.20235410332679749 0.2012805938720703 0.9649606347084045
v -0.2538289427757263 0.2070683240890503 0.9755985736846924
v -0.14310862123966217 0.19856992363929749 0.940153181552887
v -0.0436563603579998 0.19869038462638855 0.9429689049720764
v 0.05651606246829033 0.1931983083486557 0.9244166016578674
v 0.1617857962846756 0.20225940644741058 0.9612113833427429
v 0.26608771085739136 0.20182207226753235 0.9630714058876038
v -0.1879028081893921 0.20429028570652008 0.9625192284584045
v -0.08257339894771576 0.19926351308822632 0.9416956901550293
v 0.017975900322198868 0.19599363207817078 0.9293400049209595
v 0.11577066779136658 0.19539323449134827 0.922139585018158
v 0.2233356237411499 0.20319603383541107 0.9644936919212341
v -0.23128028213977814 0.20865605771541595 0.9733245968818665
v -0.12230014055967331 0.20076842606067657 0.940951406955719
v -0.022865714505314827 0.20000751316547394 0.940759003162384
v 0.0766889899969101 0.19464901089668274 0.9217705726623535
v 0.18271610140800476 0.20370274782180786 0.9614662528038025
v -0.2766936421394348 0.21228286623954773 0.9828169345855713
v -0.16270798444747925 0.20241667330265045 0.9441165924072266
v -0.06203240901231766 0.20133627951145172 0.9411413669586182
v 0.03825947269797325 0.19697988033294678 0.9257484078407288
v 0.1418648213148117 0.2053036093711853 0.9577925801277161
v 0.24470360577106476 0.20463372766971588 0.9624139666557312
v -0.20921438932418823 0.21037200093269348 0.9712477326393127
v -0.10117398947477341 0.2022840827703476 0.9405983686447144
v -0.0012265080586075783 0.19987815618515015 0.9316989183425903
v 0.0969611257314682 0.19709572196006775 0.919802188873291
v 0.20334871113300323 0.20548191666603088 0.9615090489387512
v -0.25372880697250366 0.21437305212020874 0.9829476475715637
v -0.14070206880569458 0.203624427318573 0.9397778511047363
v -0.04142068326473236 0.203372061252594 0.9406957626342773
v 0.05855146422982216 0.19775615632534027 0.9224221110343933
v 0.16323092579841614 0.2067478448152542 0.958617091178894
v 0.26693403720855713 0.20606084167957306 0.9591308236122131
v -0.1871015429496765 0.2116774171590805 0.9701367616653442
v -0.0803450420498848 0.20398832857608795 0.939885139465332
v 0.02009035274386406 0.20074516534805298 0.92745441198349
v 0.1226901188492775 0.20801851153373718 0.954596996307373
v 0.2242584377527237 0.20736892521381378 0.9607880711555481
v -0.23072579503059387 0.2160811573266983 0.9810286164283752
v -0.11984103173017502 0.20553547143936157 0.9395736455917358
v -0.020545775070786476 0.20479276776313782 0.93874192237854
v 0.07871849834918976 0.19951704144477844 0.9195954203605652
v 0.1838722974061966 0.20803679525852203 0.9583503007888794
v -0.27638766169548035 0.21945875883102417 0.9896590709686279
v -0.16073556244373322 0.20712998509407043 0.9421384930610657
v -0.0599464513361454 0.20602281391620636 0.939276933670044
v 0.04031045362353325 0.20169652998447418 0.9237636923789978
v 0.1436668336391449 0.2100595384836197 0.9563673138618469
v 0.2456994503736496 0.2089674323797226 0.9584767818450928
v -0.20839662849903107 0.21772730350494385 0.9788540005683899
v -0.09887240827083588 0.20705407857894897 0.9390429854393005
v 0.0003567657549865544 0.20594017207622528 0.9342274069786072
v 0.09888233244419098 0.20223374664783478 0.9180768132209778
v 0.20447617769241333 0.2098149210214615 0.9582172632217407
v -0.25346970558166504 0.22164595127105713 0.990003764629364
v -0.138321653008461 0.20862039923667908 0.9385929703712463
v -0.039274509996175766 0.2079947143793106 0.9383795857429504
v 0.06057344749569893 0.20252235233783722 0.9203537106513977
v 0.16465163230895996 0.21138854324817657 0.9559795260429382
v 0.2680470645427704 0.21037130057811737 0.9556770324707031
v -0.18656505644321442 0.21906672418117523 0.9777382612228394
v -0.07817982882261276 0.20865842700004578 0.9379976391792297
v 0.022139916196465492 0.20548281073570251 0.9256888628005981
v 0.12461334466934204 0.21307745575904846 0.9545637369155884
v 0.22525808215141296 0.21164436638355255 0.9573295712471008
v -0.23013809323310852 0.22339192032814026 0.9883701801300049
v -0.11748363077640533 0.21027915179729462 0.9381136298179626
v -0.01842876896262169 0.2096060812473297 0.9365942478179932
v 0.08072551339864731 0.2044864445924759 0.9175989627838135
v 0.18521255254745483 0.21262219548225403 0.9556484818458557
v -0.2760246992111206 0.22664278745651245 0.9966859817504883
v -0.1585957407951355 0.21211859583854675 0.9404781460762024
v -0.057798635214567184 0.21079805493354797 0.9373838305473328
v 0.042338985949754715 0.2064700573682785 0.9218571782112122
v 0.14538660645484924 0.21489395201206207 0.9544046521186829
v 0.2469702512025833 0.213465616106987 0.9550632834434509
v -0.20758649706840515 0.22505488991737366 0.9859516620635986
v -0.09655381739139557 0.21184459328651428 0.9373764395713806
v 0.0025477753952145576 0.21110090613365173 0.9335612654685974
v 0.10090842843055725 0.20790138840675354 0.9164867401123047
v 0.20586705207824707 0.21435879170894623 0.9553835391998291
v -0.2530447840690613 0.2288501113653183 0.9968759417533875
v -0.13593055307865143 0.21359318494796753 0.9374399185180664
v -0.03708020970225334 0.21267828345298767 0.9361042976379395
v 0.06262635439634323 0.20758181810379028 0.9184392690658569
v 0.16634631156921387 0.2161189466714859 0.953819215297699
v 0.2695588767528534 0.21483707427978516 0.9526321887969971
v -0.1859479695558548 0.22610615193843842 0.9840868711471558
v -0.07594984769821167 0.21345581114292145 0.936109721660614
v 0.024121085181832314 0.210407555103302 0.9243700504302979
v 0.12658745050430298 0.2181399017572403 0.9537957906723022
v 0.2266473025083542 0.216114804148674 0.9545173645019531
v -0.22942325472831726 0.23080016672611237 0.9951730966567993
v -0.11510375887155533 0.21508051455020905 0.9367635846138
v -0.016279207542538643 0.2144920527935028 0.9347065687179565
v 0.08284755051136017 0.20978659391403198 0.915852427482605
v 0.18694734573364258 0.21739432215690613 0.953517496585846
v -0.27575841546058655 0.23384274542331696 1.003836750984192
v -0.15613114833831787 0.21740545332431793 0.9388657212257385
v -0.05547560378909111 0.21558178961277008 0.9356122612953186
v 0.04447847232222557 0.21137355268001556 0.9200701117515564
v 0.14725910127162933 0.2198416143655777 0.9529627561569214
v 0.24853083491325378 0.2181675285100937 0.9523256421089172
v -0.20681658387184143 0.23228143155574799 0.9921240210533142
v -0.09419921785593033 0.21658119559288025 0.9355308413505554
v 0.004887331277132034 0.21608424186706543 0.9324665665626526
v 0.10321712493896484 0.21400916576385498 0.9159155488014221
v 0.2075325846672058 0.21910212934017181 0.9532132744789124
v -0.25246620178222656 0.23605915904045105 1.0032559633255005
v -0.13352887332439423 0.2185654640197754 0.9362621307373047
v -0.03488323092460632 0.2175089716911316 0.934078574180603
v 0.06478512287139893 0.21288031339645386 0.9166425466537476
v 0.16826944053173065 0.221022829413414 0.9524292349815369
v 0.2716917395591736 0.2196175903081894 0.9498704671859741
v -0.18504616618156433 0.23324252665042877 0.9898504018783569
v -0.07375811040401459 0.21833033859729767 0.9343495965003967
v 0.025789115577936172 0.21746481955051422 0.928894579410553
v 0.1285901814699173 0.22390903532505035 0.9558319449424744
v 0.22834596037864685 0.22079719603061676 0.9523872137069702
v -0.2286379039287567 0.23811274766921997 1.0011900663375854
v -0.11269659548997879 0.21985451877117157 0.9351668953895569
v -0.014176308177411556 0.21938607096672058 0.932858943939209
v 0.0849984884262085 0.21596010029315948 0.9145709872245789
v 0.18888790905475616 0.22244711220264435 0.9525602459907532
v -0.27531981468200684 0.24115169048309326 1.0105469226837158
v -0.15381652116775513 0.22251947224140167 0.9374828934669495
v -0.053166553378105164 0.220415860414505 0.9337321519851685
v 0.04667385667562485 0.21680010855197906 0.9182572364807129
v 0.14942006766796112 0.22554267942905426 0.9551632404327393
v 0.250375896692276 0.22303444147109985 0.9502643346786499
v -0.20598946511745453 0.23947373032569885 0.9978558421134949
v -0.0919506698846817 0.22124089300632477 0.9336110353469849
v 0.007138008717447519 0.2209938019514084 0.9311212301254272
v 0.11060662567615509 0.22878865897655487 0.9637433886528015
v 0.20938247442245483 0.22411185503005981 0.9518903493881226
v -0.25168168544769287 0.24344183504581451 1.0090523958206177
v -0.13115738332271576 0.22346509993076324 0.9348899722099304
v -0.03281363472342491 0.2223902940750122 0.9321283102035522
v 0.06702025979757309 0.21892763674259186 0.915016233921051
v 0.17052961885929108 0.22690048813819885 0.9548426866531372
v 0.27505502104759216 0.22488689422607422 0.9475850462913513
v -0.18387450277805328 0.24040961265563965 0.9953656196594238
v -0.07156093418598175 0.22324371337890625 0.9327055811882019
v 0.027946677058935165 0.22280684113502502 0.9284827709197998
v 0.13099437952041626 0.23044554889202118 0.9612572193145752
v 0.23027291893959045 0.2258782684803009 0.9512563943862915
v -0.22774343192577362 0.2454538196325302 1.0067486763000488
v -0.11031032353639603 0.22455869615077972 0.9332919120788574
v -0.01200251467525959 0.22428034245967865 0.9311884641647339
v 0.0875563770532608 0.22293531894683838 0.9138070344924927
v 0.19156280159950256 0.2286566197872162 0.9560371041297913
v -0.2745431959629059 0.24843978881835938 1.0166831016540527
v -0.15147148072719574 0.22766804695129395 0.9361436367034912
v -0.05088876932859421 0.22526611387729645 0.9317172169685364
v 0.049117494374513626 0.22286701202392578 0.916922926902771
v 0.1522631198167801 0.23240122199058533 0.9610656499862671
v 0.252517968416214 0.22826674580574036 0.9492934942245483
v -0.20504623651504517 0.2466454803943634 1.0035173892974854
v -0.08968453854322433 0.22600768506526947 0.931799054145813
v 0.009330684319138527 0.22589972615242004 0.92959064245224
v 0.11310470104217529 0.23599311709403992 0.9696130156517029
v 0.21216389536857605 0.23031838238239288 0.9554938673973083
v -0.25066593289375305 0.2509973645210266 1.0145237445831299
v -0.12883980572223663 0.22827261686325073 0.9333997964859009
v -0.03060128353536129 0.22724778950214386 0.930251955986023
v 0.0695149153470993 0.22603905200958252 0.9139291048049927
v 0.17393067479133606 0.23430828750133514 0.9622710347175598
v -0.30316993594169617 0.2530200481414795 1.0217708349227905
v -0.18248073756694794 0.2475016862154007 1.0009196996688843
v -0.06927435845136642 0.2281438708305359 0.9309018850326538
v 0.030305298045277596 0.22804847359657288 0.9270069599151611
v 0.13377626240253448 0.2375427484512329 0.9676837921142578
v 0.23329900205135345 0.23200593888759613 0.9541770219802856
v -0.2267802506685257 0.25283971428871155 1.0121575593948364
v -0.10797814279794693 0.2292715311050415 0.9316022992134094
v -0.009704946540296078 0.22914917767047882 0.9294160604476929
v 0.09531468152999878 0.24128605425357819 0.9793213605880737
v 0.19520039856433868 0.23630192875862122 0.963782012462616
v -0.2735133469104767 0.2557123303413391 1.0224624872207642
v -0.1490776687860489 0.232879176735878 0.9349769353866577
v -0.048637762665748596 0.23011061549186707 0.9297066926956177
v 0.0525166317820549 0.23972545564174652 0.9745154976844788
v 0.15549947321414948 0.2396872341632843 0.9677928686141968
v 0.2557036280632019 0.2343735694885254 0.9529718160629272
v -0.20397019386291504 0.2538266181945801 1.0091233253479004
v -0.08745751529932022 0.2308322638273239 0.9301401376724243
v 0.011502152308821678 0.23099657893180847 0.9278777837753296
v 0.1157531663775444 0.24319642782211304 0.9753795862197876
v 0.21582695841789246 0.23751285672187805 0.9625054001808167
v -0.2495255321264267 0.258332759141922 1.020045280456543
v -0.12657204270362854 0.23307812213897705 0.9318904876708984
v -0.02840627171099186 0.23204052448272705 0.9284239411354065
v 0.07571108639240265 0.24509070813655853 0.98200523853302
v 0.17758600413799286 0.2418542355298996 0.9697491526603699
v -0.29822638630867004 0.2604620158672333 1.028181791305542
v -0.18094968795776367 0.2546739876270294 1.0066208839416504
v -0.06696464866399765 0.23307326436042786 0.9292903542518616
v 0.03278326243162155 0.23362910747528076 0.9252110719680786
v 0.13670508563518524 0.24484506249427795 0.9742583632469177
v 0.2372284233570099 0.23910804092884064 0.9605941772460938
v -0.2258334457874298 0.2602425813674927 1.0178325176239014
v -0.1057894229888916 0.2340024709701538 0.930134117603302
v -0.007552793715149164 0.23401755094528198 0.9276066422462463
v 0.09754745662212372 0.24885143339633942 0.983249306678772
v 0.19877253472805023 0.24368317425251007 0.9704819321632385
v -0.2726167142391205 0.26303520798683167 1.028265118598938
v -0.1469271183013916 0.23809079825878143 0.9341272115707397
v -0.04645521193742752 0.23493126034736633 0.9278343915939331
v 0.05612125247716904 0.25067201256752014 0.9875596761703491
v 0.1588781774044037 0.24712812900543213 0.9746113419532776
v 0.2596886456012726 0.24151165783405304 0.959318220615387
v -0.20285138487815857 0.26105064153671265 1.0147693157196045
v -0.0852663591504097 0.23570241034030914 0.9287946820259094
v 0.013655313290655613 0.23622941970825195 0.9261454939842224
v 0.11852313578128815 0.25057452917099 0.9813122749328613
v 0.2194509208202362 0.2447652816772461 0.9687303304672241
v -0.2484016865491867 0.26565584540367126 1.0257322788238525
v -0.12438874691724777 0.23784761130809784 0.9305271506309509
v -0.026232421398162842 0.2368406057357788 0.9265769720077515
v 0.07860344648361206 0.2536522448062897 0.9871464967727661
v 0.18117161095142365 0.24929291009902954 0.9763659238815308
v -0.29682090878486633 0.26783624291419983 1.0343345403671265
v -0.17941196262836456 0.26188603043556213 1.012577772140503
v -0.06467447429895401 0.23794157803058624 0.9277163743972778
v 0.03552750498056412 0.24013596773147583 0.9240267276763916
v 0.13970446586608887 0.2522270381450653 0.9806203842163086
v 0.24124594032764435 0.2464187741279602 0.9669318199157715
v -0.2248530238866806 0.2674027383327484 1.0237488746643066
v -0.10364127904176712 0.23882120847702026 0.9286013245582581
v -0.0054233260452747345 0.2389691025018692 0.9257804751396179
v 0.10012885183095932 0.256123423576355 0.9878824949264526
v 0.20220038294792175 0.25083038210868835 0.9759942889213562
v -0.2717564105987549 0.2702956795692444 1.0340099334716797
v -0.14484985172748566 0.24347393214702606 0.9334113001823425
v -0.04419903829693794 0.23969200253486633 0.9260231256484985
v 0.0586467869579792 0.2586798071861267 0.9927409887313843
v 0.16226565837860107 0.2545306980609894 0.9809775948524475
v 0.26370617747306824 0.24857798218727112 0.9649261832237244
v -0.20171435177326202 0.268550306558609 1.0207293033599854
v -0.08303110301494598 0.2405940443277359 0.9273084998130798
v 0.015864305198192596 0.2415863573551178 0.9246380925178528
v 0.12140288203954697 0.257797509431839 0.9871500730514526
v 0.22309349477291107 0.25185877084732056 0.9741274118423462
v -0.24736037850379944 0.2728723883628845 1.031483769416809
v -0.12227682769298553 0.24264328181743622 0.9294400811195374
v -0.023955166339874268 0.24155503511428833 0.9249435067176819
v 0.08110596984624863 0.2611871361732483 0.9925791025161743
v 0.18465837836265564 0.2564736306667328 0.9820906519889832
v -0.29588693380355835 0.27535709738731384 1.0405309200286865
v -0.17784468829631805 0.26923397183418274 1.0185602903366089
v -0.06230738386511803 0.24271301925182343 0.9262548089027405
v 0.039229631423950195 0.2624998986721039 0.9989110827445984
v 0.14287960529327393 0.25957247614860535 0.9866786003112793
v 0.2451142519712448 0.2536613345146179 0.9725179076194763
v -0.2238253951072693 0.27462950348854065 1.0298371315002441
v -0.10152871906757355 0.24368925392627716 0.9272627830505371
v -0.003237505443394184 0.24393583834171295 0.9240550994873047
v 0.10281547158956528 0.2632726728916168 0.9932862520217896
v 0.20570246875286102 0.25785788893699646 0.9809044003486633
v -0.27095118165016174 0.27762746810913086 1.0398751497268677
v -0.1428338587284088 0.248699352145195 0.9332624077796936
v -0.041899193078279495 0.24434694647789001 0.9243519306182861
v 0.061136264353990555 0.26589831709861755 0.9983052015304565
v 0.1655324250459671 0.26182571053504944 0.9868116974830627
v 0.2676021456718445 0.25552332401275635 0.9696745276451111
v -0.20040683448314667 0.2759369909763336 1.0270570516586304
v -0.08075082302093506 0.24543222784996033 0.9260050058364868
v 0.018333716318011284 0.24766871333122253 0.9235852956771851
v 0.12432681769132614 0.26501429080963135 0.9929246306419373
v 0.22672516107559204 0.25899747014045715 0.9792388081550598
v -0.2463834434747696 0.28006860613822937 1.0371495485305786
v -0.12022606283426285 0.2476295381784439 0.9285962581634521
v -0.021821491420269012 0.24624237418174744 0.9235844612121582
v 0.08349625766277313 0.268785297870636 0.9988176822662354
v 0.18802012503147125 0.26362037658691406 0.9873806834220886
v -0.2951083779335022 0.2829110026359558 1.0466974973678589
v -0.17627865076065063 0.27674633264541626 1.024264931678772
v -0.059987448155879974 0.247471421957016 0.9250707626342773
v 0.04174477234482765 0.27033042907714844 1.005681037902832
v 0.14598439633846283 0.26700350642204285 0.9925186038017273
v 0.24887126684188843 0.2609345614910126 0.9775493144989014
v -0.22264598309993744 0.28193357586860657 1.035798192024231
v -0.0994192361831665 0.24870431423187256 0.9263627529144287
v -0.0011292306007817388 0.24893920123577118 0.9226328730583191
v 0.10553087294101715 0.27047741413116455 0.9992168545722961
v 0.2090727686882019 0.26494669914245605 0.9858957529067993
v -0.27021506428718567 0.2851734757423401 1.045717477798462
v -0.14133906364440918 0.25438329577445984 0.9336656928062439
v -0.03968734294176102 0.2490069419145584 0.9230452179908752
v 0.06360656768083572 0.2734777331352234 1.0044808387756348
v 0.16878728568553925 0.26921144127845764 0.9925761222839355
v 0.2714954614639282 0.26249897480010986 0.9742293357849121
v -0.1990116685628891 0.2833735942840576 1.0330013036727905
v -0.07853059470653534 0.25029629468917847 0.9250891208648682
v 0.021053921431303024 0.25469931960105896 0.9234281182289124
v 0.12714554369449615 0.2723356783390045 0.9983929991722107
v 0.2304326891899109 0.26639291644096375 0.9845821857452393
v -0.24561002850532532 0.2874175012111664 1.0429328680038452
v -0.11826200783252716 0.25302058458328247 0.9279822707176208
v -0.01966356486082077 0.25101229548454285 0.9222956299781799
v 0.08595845848321915 0.2763199806213379 1.0049539804458618
v 0.19130276143550873 0.27098867297172546 0.9928930997848511
v -0.29419514536857605 0.2906584143638611 1.052571415901184
v -0.17499326169490814 0.2844981253147125 1.030152440071106
v -0.05773713439702988 0.2522927522659302 0.9238805174827576
v 0.044440705329179764 0.27837246656417847 1.011423110961914
v 0.14919735491275787 0.27464258670806885 0.9983142614364624
v 0.25272291898727417 0.2684488594532013 0.9826785326004028
v -0.22173891961574554 0.28940558433532715 1.0414252281188965
v -0.09725575149059296 0.2539183795452118 0.9256803393363953
v 0.0009392978390678763 0.2542062997817993 0.921509325504303
v 0.10814026743173599 0.27778783440589905 1.004879355430603
v 0.21272209286689758 0.27238133549690247 0.9914432764053345
v -0.2698073387145996 0.29302191734313965 1.051761507987976
v -0.13987289369106293 0.2611941993236542 0.9348742961883545
v -0.037501800805330276 0.2537044286727905 0.9219658970832825
v 0.0660344809293747 0.28129443526268005 1.0106041431427002
v 0.17190809547901154 0.2769842743873596 0.9986597299575806
v 0.2755154073238373 0.26997217535972595 0.9790482521057129
v -0.1981079876422882 0.29119187593460083 1.0388768911361694
v -0.07641088962554932 0.2553393840789795 0.9243560433387756
v 0.02355482243001461 0.2821495831012726 1.0172996520996094
v 0.1299571990966797 0.27978038787841797 1.0040061473846436
v 0.23416224122047424 0.27415746450424194 0.9905155301094055
v -0.24525685608386993 0.2951097786426544 1.0488240718841553
v -0.11629020422697067 0.2590460479259491 0.9279304146766663
v -0.01732153631746769 0.25585511326789856 0.9212126135826111
v 0.08832017332315445 0.2837319076061249 1.0108152627944946
v 0.1945260763168335 0.2787017524242401 0.9990391731262207
v -0.2931112051010132 0.298677921295166 1.05825674533844
v -0.17420166730880737 0.2926328480243683 1.0364105701446533
v -0.055605821311473846 0.25709447264671326 0.9228602051734924
v 0.04702825844287872 0.28652888536453247 1.0169390439987183
v 0.1522730141878128 0.28231197595596313 1.0040943622589111
v 0.25653111934661865 0.2760953903198242 0.9882066249847412
v -0.2212516963481903 0.2970631420612335 1.0470954179763794
v -0.0950455516576767 0.25925618410110474 0.9252892136573792
v 0.0031799369025975466 0.2605555057525635 0.921085000038147
v 0.11049546301364899 0.2849240005016327 1.0102020502090454
v 0.2162851095199585 0.2799467444419861 0.9975751042366028
v -0.26936331391334534 0.3009113371372223 1.0577774047851562
v -0.1475887894630432 0.29438546299934387 1.0342766046524048
v -0.03541911020874977 0.2584901750087738 0.9211748242378235
v 0.06828255951404572 0.28886231780052185 1.0162780284881592
v 0.1746826171875 0.28471726179122925 1.0045098066329956
v 0.27977076172828674 0.27788272500038147 0.9842453598976135
v -0.19718550145626068 0.2989417016506195 1.0443780422210693
v -0.0745573416352272 0.26065272092819214 0.9239064455032349
v 0.02594299428164959 0.29149937629699707 1.0237029790878296
v 0.13251671195030212 0.28730547428131104 1.0097060203552246
v 0.23765665292739868 0.2820373475551605 0.9968181252479553
v -0.24449725449085236 0.30302152037620544 1.054641604423523
v -0.11441663652658463 0.26550447940826416 0.9284733533859253
v -0.015234693884849548 0.2610572576522827 0.9203444719314575
v 0.09075291454792023 0.2912757396697998 1.0165135860443115
v 0.19782871007919312 0.28665342926979065 1.0052872896194458
v -0.29185810685157776 0.30716419219970703 1.0646803379058838
v -0.17302486300468445 0.3011849820613861 1.0424011945724487
v -0.053627319633960724 0.2625851035118103 0.9220649003982544
v 0.049367643892765045 0.2950266897678375 1.0231808423995972
v 0.1555408090353012 0.2904420793056488 1.009925365447998
v 0.26033252477645874 0.28431639075279236 0.9942592978477478
v -0.22031329572200775 0.305863618850708 1.0526776313781738
v -0.09286698698997498 0.2660340368747711 0.9254676699638367
v 0.005817009601742029 0.27039167284965515 0.921637237071991
v 0.11287495493888855 0.2930070459842682 1.0163824558258057
v 0.2197999507188797 0.2885368764400482 1.0048298835754395
v -0.2689861059188843 0.31203415989875793 1.0652425289154053
v -0.1410534381866455 0.31063640117645264 1.0384082794189453
v -0.03325866907835007 0.26602357625961304 0.9203187823295593
v 0.070920929312706 0.29875704646110535 1.0239923000335693
v 0.1778954267501831 0.29543426632881165 1.0120526552200317
v 0.2884936034679413 0.29505181312561035 0.9933843612670898
