HIERARCHY
ROOT Hips
{
	OFFSET -0.001795 -0.223333 0.028219
	CHANNELS 6 Xposition Yposition Zposition Zrotation Yrotation Xrotation 
	JOINT LeftUpLeg
	{
		OFFSET 0.069520 -0.091406 -0.006815
		CHANNELS 3 Zrotation Yrotation Xrotation
		JOINT LeftLeg
		{
			OFFSET 0.034277 -0.375199 -0.004496
			CHANNELS 3 Zrotation Yrotation Xrotation
			JOINT LeftFoot
			{
				OFFSET -0.013596 -0.397961 -0.043693
				CHANNELS 3 Zrotation Yrotation Xrotation
				JOINT LeftToe
				{
					OFFSET 0.026358 -0.055791 0.119288
					CHANNELS 3 Zrotation Yrotation Xrotation
					End Site
					{
						OFFSET 0.000000 0.000000 0.000000
					}
				}
			}
		}
	}
	JOINT RightUpLeg
	{
		OFFSET -0.067670 -0.090522 -0.004320
		CHANNELS 3 Zrotation Yrotation Xrotation
		JOINT RightLeg
		{
			OFFSET -0.038290 -0.382569 -0.008850
			CHANNELS 3 Zrotation Yrotation Xrotation
			JOINT RightFoot
			{
				OFFSET 0.015774 -0.398415 -0.042312
				CHANNELS 3 Zrotation Yrotation Xrotation
				JOINT RightToe
				{
					OFFSET -0.025372 -0.048144 0.123348
					CHANNELS 3 Zrotation Yrotation Xrotation
					End Site
					{
						OFFSET 0.000000 0.000000 0.000000
					}
				}
			}
		}
	}
	JOINT Spine
	{
		OFFSET -0.002533 0.108963 -0.026696
		CHANNELS 3 Zrotation Yrotation Xrotation
		JOINT Spine1
		{
			OFFSET 0.005487 0.135180 0.001092
			CHANNELS 3 Zrotation Yrotation Xrotation
			JOINT Spine2
			{
				OFFSET 0.001457 0.052922 0.025425
				CHANNELS 3 Zrotation Yrotation Xrotation
				JOINT Neck
				{
					OFFSET -0.002778 0.213870 -0.042857
					CHANNELS 3 Zrotation Yrotation Xrotation
					JOINT Head
					{
						OFFSET 0.005152 0.064970 0.051349
						CHANNELS 3 Zrotation Yrotation Xrotation
						End Site
						{
							OFFSET 0.000000 0.000000 0.000000
						}
					}
				}
				JOINT LeftShoulder
				{
					OFFSET 0.078845 0.121749 -0.034090
					CHANNELS 3 Zrotation Yrotation Xrotation
					JOINT LeftArm
					{
						OFFSET 0.090977 0.030469 -0.008868
						CHANNELS 3 Zrotation Yrotation Xrotation
						JOINT LeftForeArm
						{
							OFFSET 0.259612 -0.012772 -0.027456
							CHANNELS 3 Zrotation Yrotation Xrotation
							JOINT LeftHand
							{
								OFFSET 0.249234 0.008986 -0.001171
								CHANNELS 3 Zrotation Yrotation Xrotation
								End Site
								{
									OFFSET 0.000000 0.000000 0.000000
								}
							}
						}
					}
				}
				JOINT RightShoulder
				{
					OFFSET -0.081759 0.118833 -0.038615
					CHANNELS 3 Zrotation Yrotation Xrotation
					JOINT RightArm
					{
						OFFSET -0.096012 0.032551 -0.009143
						CHANNELS 3 Zrotation Yrotation Xrotation
						JOINT RightForeArm
						{
							OFFSET -0.253742 -0.013329 -0.021401
							CHANNELS 3 Zrotation Yrotation Xrotation
							JOINT RightHand
							{
								OFFSET -0.255298 0.007772 -0.005559
								CHANNELS 3 Zrotation Yrotation Xrotation
								End Site
								{
									OFFSET 0.000000 0.000000 0.000000
								}
							}
						}
					}
				}
			}
		}
	}
}
MOTION
Frames: 196
Frame Time: 0.050000
0.000000 0.941648 0.000000 0.335793 17.617838 11.259505 3.041254 -0.835544 -9.474655 -1.124684 0.153904 -4.574547 -0.421254 4.298023 8.464745 0.000000 0.000000 0.000000 -2.175296 1.051471 -17.592437 -2.365780 0.499487 4.681052 1.551935 2.874327 3.700030 0.000000 0.000000 0.000000 2.727005 -0.645070 6.809821 5.414765 -2.961785 2.186795 -1.971528 -3.766046 2.253641 0.920120 -0.374515 -2.487059 0.000000 0.000000 0.000000 -4.376528 -33.334896 12.412403 -44.697478 -61.598261 19.351574 16.669536 -16.899658 -1.805843 0.000000 0.000000 0.000000 4.411649 28.305287 11.891082 37.494003 47.477351 11.581027 -13.408218 17.655663 -1.156757 0.000000 0.000000 0.000000 
-0.000365 0.943752 0.002200 -0.068409 17.151524 11.598676 2.245994 -0.781007 -8.833248 0.884812 0.144130 -6.522724 -0.826227 4.167709 9.597168 0.000000 0.000000 0.000000 -2.737023 0.976855 -16.863193 -0.345607 0.117332 2.739419 2.389826 4.269895 5.271014 0.000000 0.000000 0.000000 2.064797 -0.364446 4.024322 4.502412 -2.278422 0.681846 -0.816705 -4.273125 3.849427 0.920813 -0.522454 -1.477774 0.000000 0.000000 0.000000 -5.929931 -30.801397 11.692116 -49.900177 -60.610195 21.778316 13.787299 -19.733044 -1.630147 0.000000 0.000000 0.000000 5.759892 24.709028 10.481713 45.253900 45.626850 13.717810 -11.832255 21.081912 -1.151946 0.000000 0.000000 0.000000 
-0.000766 0.943949 0.004876 -0.415475 17.933325 10.220736 2.703773 -0.645322 -7.215111 1.371455 0.116316 -5.914872 -1.494287 2.727403 8.896734 0.000000 0.000000 0.000000 -2.235600 0.959117 -14.859327 -0.889205 0.193023 2.439714 2.314122 4.011708 5.691098 0.000000 0.000000 0.000000 1.870990 -0.267766 2.966373 4.806872 -2.286093 -0.372614 -1.857982 -4.671045 4.227691 0.498391 -0.229794 -1.176880 0.000000 0.000000 0.000000 -5.662200 -27.579972 10.156842 -56.377695 -57.336828 23.234307 11.369474 -25.754872 -1.673553 0.000000 0.000000 0.000000 7.422845 21.792169 9.537931 47.291888 40.701856 12.120191 -7.204800 27.022753 -0.479240 0.000000 0.000000 0.000000 
-0.001190 0.943433 0.007693 -0.556384 18.825457 9.922544 2.516537 -0.595429 -6.615218 1.947729 0.101293 -5.938577 -0.962594 2.997877 7.606900 0.000000 0.000000 0.000000 -2.734130 0.828154 -13.289670 -0.006481 0.019532 0.967971 2.818925 5.483026 4.825465 0.000000 0.000000 0.000000 1.699460 -0.150931 1.248959 4.523741 -2.203998 -0.039276 -1.865379 -4.985805 3.325126 0.385637 -0.131222 -1.252619 0.000000 0.000000 0.000000 -5.576485 -24.619179 8.845918 -62.838433 -53.357943 23.946531 7.670133 -30.918448 -1.090233 0.000000 0.000000 0.000000 7.122083 17.585238 7.559449 51.363727 35.970868 11.337423 -2.378996 29.394251 0.669982 0.000000 0.000000 0.000000 
-0.001669 0.942281 0.011048 -0.711093 20.007458 8.355214 2.764034 -0.471749 -4.918977 1.924794 0.088752 -5.614931 -0.788366 3.071291 7.084409 0.000000 0.000000 0.000000 -2.465662 0.746337 -11.190889 -0.450811 0.068960 0.458801 2.386543 4.609430 4.681400 0.000000 0.000000 0.000000 1.311938 -0.080239 0.469515 4.344093 -2.011787 -0.833943 -2.204548 -6.282144 4.022891 0.559125 -0.228569 -1.682383 0.000000 0.000000 0.000000 -7.992588 -22.399632 8.162611 -61.740526 -47.163550 19.385880 1.410877 -38.637043 0.739843 0.000000 0.000000 0.000000 8.459954 14.293250 6.150240 51.781861 29.034396 7.950700 4.601732 32.398292 2.667710 0.000000 0.000000 0.000000 
-0.002113 0.942163 0.014508 -0.947685 20.316787 7.351512 2.496406 -0.401769 -4.095706 2.853643 0.029571 -4.784515 -0.906241 2.283252 6.065070 0.000000 0.000000 0.000000 -2.393364 0.681572 -9.847581 -0.165194 0.013489 -0.038215 2.484429 4.956872 4.309526 0.000000 0.000000 0.000000 1.378523 -0.052397 -0.040725 4.051673 -1.847115 -1.022075 -2.457924 -5.732970 3.961375 0.161687 -0.005895 -0.854071 0.000000 0.000000 0.000000 -8.784967 -18.196639 6.221425 -64.431247 -40.572458 15.973250 -6.689600 -44.910504 3.973910 0.000000 0.000000 0.000000 8.842642 10.975445 4.780418 52.336173 22.534006 5.041811 11.175186 33.820109 4.813864 0.000000 0.000000 0.000000 
-0.002299 0.941527 0.017846 -0.917703 21.085549 6.661168 2.683234 -0.359378 -3.347370 2.541584 0.031839 -4.563766 -0.894906 2.170639 5.791640 0.000000 0.000000 0.000000 -2.629397 0.602687 -8.962039 0.036346 -0.003337 0.466438 1.873896 3.754111 3.691373 0.000000 0.000000 0.000000 1.173835 -0.004335 -0.912323 3.711655 -1.590804 -1.721679 -2.789121 -5.491176 4.014821 0.517239 -0.317694 -0.565768 0.000000 0.000000 0.000000 -10.257610 -14.213396 4.325731 -65.283537 -33.929104 11.862861 -15.842884 -48.154273 8.130619 0.000000 0.000000 0.000000 9.455650 7.009602 3.110126 53.579189 16.818048 2.571859 15.431573 33.263410 6.066602 0.000000 0.000000 0.000000 
-0.002243 0.940824 0.020540 -1.175120 21.493892 5.772107 2.885894 -0.325738 -2.661790 2.605203 0.018603 -4.299189 -1.187491 1.200019 5.072853 0.000000 0.000000 0.000000 -2.733198 0.526562 -7.824841 0.401243 -0.056634 0.598537 1.403133 2.787408 3.176587 0.000000 0.000000 0.000000 1.501004 0.009037 -1.313061 3.537440 -1.521064 -1.620836 -2.768403 -4.293736 3.084492 1.174270 -1.088361 1.087134 0.000000 0.000000 0.000000 -10.707070 -11.042089 2.664341 -65.409016 -28.377858 8.337085 -25.462864 -50.636677 12.786598 0.000000 0.000000 0.000000 9.579076 4.011518 1.889775 54.957399 12.010730 0.589655 16.884708 31.287048 6.160149 0.000000 0.000000 0.000000 
-0.002017 0.940477 0.022499 -1.097381 21.804774 5.643930 2.775755 -0.317466 -2.613088 2.697097 0.012199 -4.223517 -1.462567 1.088121 5.624150 0.000000 0.000000 0.000000 -2.702174 0.490214 -7.184661 0.444636 -0.069360 0.348437 1.290477 2.588665 2.933680 0.000000 0.000000 0.000000 1.565792 0.054226 -2.496609 3.297664 -1.394976 -1.718087 -2.798107 -3.563766 2.681239 1.006620 -1.208819 2.549639 0.000000 0.000000 0.000000 -10.699498 -8.197989 1.283897 -65.667929 -24.267279 5.739646 -31.923584 -50.849743 15.730294 0.000000 0.000000 0.000000 10.059743 1.313075 0.755400 55.851740 8.711651 -0.842600 15.413624 28.729193 5.263775 0.000000 0.000000 0.000000 
-0.001820 0.939880 0.023476 -1.265425 21.959842 5.196903 2.991815 -0.311648 -2.326136 2.556009 -0.001240 -3.757869 -1.293307 0.817040 4.753711 0.000000 0.000000 0.000000 -2.730399 0.444517 -6.488483 1.010041 -0.160545 0.133297 1.064664 2.047847 2.940502 0.000000 0.000000 0.000000 1.971330 0.086145 -3.401517 3.005133 -1.302050 -1.372729 -2.630998 -2.581413 1.920155 1.626382 -2.053925 4.125975 0.000000 0.000000 0.000000 -10.696456 -6.936031 0.591095 -65.293814 -21.463449 3.971024 -34.624720 -50.472207 16.632440 0.000000 0.000000 0.000000 10.545641 0.039218 0.275903 56.166678 6.471795 -1.805439 13.698643 26.508798 4.429247 0.000000 0.000000 0.000000 
-0.001742 0.939568 0.023478 -1.359550 21.869945 4.992301 3.167307 -0.316584 -2.268335 2.255491 0.007044 -3.655510 -1.256319 0.769583 4.594824 0.000000 0.000000 0.000000 -2.408373 0.445936 -6.116088 0.936852 -0.147412 0.225602 1.218343 2.541506 2.372977 0.000000 0.000000 0.000000 2.337377 0.116666 -4.210037 2.948164 -1.310336 -1.100671 -2.448784 -2.354252 1.583550 1.874057 -2.505198 5.265282 0.000000 0.000000 0.000000 -10.168961 -5.409545 0.021604 -65.307611 -19.858758 2.965419 -35.567483 -48.959765 16.469655 0.000000 0.000000 0.000000 10.189752 -0.991145 -0.217463 56.892277 5.258423 -2.298388 12.107133 25.338650 3.851497 0.000000 0.000000 0.000000 
-0.001739 0.939183 0.022791 -1.612291 21.533531 4.662504 3.412748 -0.324597 -2.222277 2.151141 -0.010275 -3.121686 -1.290643 0.409402 4.183450 0.000000 0.000000 0.000000 -2.364452 0.437548 -5.920623 1.534632 -0.237184 0.364838 1.284605 2.693159 2.358714 0.000000 0.000000 0.000000 2.892073 0.138231 -4.621986 3.167764 -1.429653 -0.975827 -1.917362 -1.928500 1.116337 2.913883 -3.625314 6.169973 0.000000 0.000000 0.000000 -10.343979 -5.111776 -0.147492 -64.446824 -18.487242 2.190656 -34.094307 -46.092097 14.708500 0.000000 0.000000 0.000000 10.344309 -2.247171 -0.810541 56.859069 4.126531 -2.789910 11.075856 25.178132 3.610062 0.000000 0.000000 0.000000 
-0.001715 0.939421 0.021586 -1.602220 21.015423 4.525462 3.261610 -0.313426 -2.234519 1.980589 -0.022741 -2.636450 -1.028473 0.796277 4.065813 0.000000 0.000000 0.000000 -2.358750 0.418119 -5.571271 1.326151 -0.204325 0.213348 1.727315 3.767123 2.308521 0.000000 0.000000 0.000000 3.396383 0.153538 -4.823840 3.664467 -1.646225 -1.117268 -1.505034 -1.834265 0.673391 4.058690 -5.024253 7.741306 0.000000 0.000000 0.000000 -10.380550 -5.083781 -0.132209 -63.365248 -17.630335 1.767221 -31.956277 -42.045092 12.492423 0.000000 0.000000 0.000000 10.481087 -2.887524 -1.154397 56.426585 3.442698 -3.094418 9.998748 25.525165 3.429941 0.000000 0.000000 0.000000 
-0.001433 0.939569 0.019972 -1.804122 20.502066 4.211579 3.448423 -0.307750 -2.000351 1.790423 -0.018424 -2.523238 -0.677969 1.558345 4.274811 0.000000 0.000000 0.000000 -2.443311 0.399345 -5.330914 1.327505 -0.203919 0.101984 2.159942 4.743036 2.501405 0.000000 0.000000 0.000000 4.371640 0.171209 -4.950767 3.954511 -1.792739 -1.049307 -0.532091 -2.275802 0.004971 4.876183 -6.187121 9.641645 0.000000 0.000000 0.000000 -10.631667 -5.131623 -0.018254 -63.338398 -17.403628 1.805445 -29.523693 -37.044537 10.218717 0.000000 0.000000 0.000000 9.639514 -3.428796 -1.521922 56.601017 3.083442 -3.201127 9.477127 25.348304 3.239132 0.000000 0.000000 0.000000 
-0.001139 0.940134 0.017640 -1.556981 19.987062 3.998391 3.152662 -0.273742 -1.734176 1.465160 -0.001251 -2.540068 -0.537013 2.076310 4.721160 0.000000 0.000000 0.000000 -2.895537 0.353706 -5.041516 1.138642 -0.172622 0.142547 2.644365 5.839049 2.657245 0.000000 0.000000 0.000000 5.206009 0.158147 -4.553744 4.387295 -1.977484 -1.214118 0.177760 -2.981192 -0.270473 5.540945 -6.988978 10.730368 0.000000 0.000000 0.000000 -11.402389 -5.823622 0.342427 -62.987689 -17.505980 2.026949 -26.517582 -33.724761 8.507479 0.000000 0.000000 0.000000 9.551564 -3.332258 -1.603619 55.804665 3.710195 -2.941420 7.965633 25.128924 2.829976 0.000000 0.000000 0.000000 
-0.000984 0.940642 0.014615 -1.498731 19.117578 4.225602 3.146250 -0.294780 -2.181713 1.121223 -0.004504 -1.979216 0.093213 3.152207 4.673127 0.000000 0.000000 0.000000 -3.206513 0.371458 -5.479597 1.067172 -0.158014 0.177420 3.163225 7.106709 2.519173 0.000000 0.000000 0.000000 5.893947 0.167424 -4.713127 4.811354 -2.233303 -0.844721 1.294725 -3.500978 -0.718928 6.427398 -7.971621 11.785494 0.000000 0.000000 0.000000 -12.149342 -6.666881 0.837371 -62.662782 -18.015737 2.480811 -23.876180 -31.043233 7.222138 0.000000 0.000000 0.000000 9.627490 -2.881634 -1.551633 54.911548 4.507561 -2.595781 6.442872 25.116251 2.439963 0.000000 0.000000 0.000000 
-0.001209 0.941135 0.011006 -1.354838 18.451797 4.182852 2.965239 -0.286639 -2.245243 0.771763 0.013021 -1.915479 0.340660 3.666204 4.836924 0.000000 0.000000 0.000000 -3.652217 0.354378 -5.593110 1.006164 -0.144440 0.300385 3.548518 7.855090 2.892864 0.000000 0.000000 0.000000 6.644852 0.145660 -4.383562 5.276846 -2.487140 -0.649532 2.330152 -3.975802 -0.863820 7.379157 -8.762319 11.783199 0.000000 0.000000 0.000000 -12.675774 -7.915381 1.559406 -62.771808 -19.095112 3.191026 -21.397336 -29.142608 6.244992 0.000000 0.000000 0.000000 10.017474 -2.056221 -1.328338 53.408364 5.572562 -2.152919 4.710056 24.403186 1.951950 0.000000 0.000000 0.000000 
-0.001822 0.941784 0.007482 -1.280556 17.400272 4.471928 2.765381 -0.320313 -2.984709 0.536249 0.012513 -1.507485 0.862699 4.530656 4.768350 0.000000 0.000000 0.000000 -4.079106 0.383085 -6.400967 1.247070 -0.173297 0.447636 4.038395 8.790066 3.310819 0.000000 0.000000 0.000000 7.317928 0.123704 -4.182531 5.565456 -2.611935 -0.740033 3.238231 -3.990501 -0.653482 8.650616 -9.985656 11.971055 0.000000 0.000000 0.000000 -13.069064 -8.775991 2.088450 -62.516598 -20.117290 3.785722 -20.299328 -27.810564 5.760102 0.000000 0.000000 0.000000 10.201942 -1.826256 -1.324076 52.194097 6.392091 -1.832114 4.138005 23.775119 1.748605 0.000000 0.000000 0.000000 
-0.002645 0.941501 0.004716 -1.074679 17.145012 4.802104 2.484463 -0.346862 -3.532506 0.704340 -0.006899 -1.271621 0.974143 4.635182 4.593403 0.000000 0.000000 0.000000 -4.445553 0.393113 -7.026237 1.156579 -0.154961 0.669759 4.278685 9.290957 3.411605 0.000000 0.000000 0.000000 7.761270 0.117022 -4.246006 6.005927 -2.870369 -0.441457 3.618143 -4.234667 -0.769378 9.264726 -10.335925 11.365351 0.000000 0.000000 0.000000 -13.201343 -9.400818 2.480895 -61.895460 -20.753246 4.136660 -19.510395 -27.910928 5.632641 0.000000 0.000000 0.000000 10.302324 -1.218850 -1.122492 51.348434 6.924560 -1.596580 3.511016 22.963164 1.535090 0.000000 0.000000 0.000000 
-0.003518 0.941312 0.002921 -0.945835 16.613387 4.932720 2.359675 -0.351257 -3.660662 0.676129 -0.006926 -1.227407 1.363161 5.284161 4.531041 0.000000 0.000000 0.000000 -4.680501 0.402143 -7.440409 1.233875 -0.160068 0.917071 4.498700 9.626362 3.738286 0.000000 0.000000 0.000000 7.983340 0.111763 -4.205923 5.989969 -2.866335 -0.399298 4.151905 -4.223239 -0.876635 9.854434 -10.928578 11.608385 0.000000 0.000000 0.000000 -13.296969 -9.780648 2.739352 -61.224624 -21.482106 4.511559 -19.047516 -28.517142 5.677553 0.000000 0.000000 0.000000 9.986079 -1.168026 -1.131000 50.647444 6.839783 -1.611462 3.338407 22.512691 1.448502 0.000000 0.000000 0.000000 
-0.004353 0.940729 0.001799 -0.811931 16.338907 5.126492 2.364077 -0.359437 -3.773734 0.717894 -0.009220 -1.241953 1.514304 5.504295 4.446671 0.000000 0.000000 0.000000 -4.824847 0.414798 -7.865346 1.334173 -0.169764 1.178019 4.624779 9.806205 3.939988 0.000000 0.000000 0.000000 8.201659 0.095176 -4.098066 5.893448 -2.817116 -0.394600 4.439160 -4.398591 -1.089685 10.033324 -10.854271 11.001232 0.000000 0.000000 0.000000 -13.453283 -9.562822 2.710017 -60.782616 -21.739761 4.649405 -18.625792 -30.025083 5.908624 0.000000 0.000000 0.000000 9.974504 -1.134741 -1.171073 49.899898 6.794485 -1.597505 3.725629 21.660370 1.429940 0.000000 0.000000 0.000000 
-0.005271 0.940159 0.001031 -0.799092 15.975637 5.299325 2.317802 -0.351167 -3.669641 0.635501 0.011354 -1.645469 1.743810 5.815940 4.270329 0.000000 0.000000 0.000000 -4.785407 0.440225 -8.221632 1.271465 -0.157225 1.267179 4.572174 9.801678 3.670462 0.000000 0.000000 0.000000 8.365362 0.100439 -4.202329 5.968462 -2.858998 -0.346595 4.525252 -4.254279 -1.366722 10.103067 -10.842256 10.844464 0.000000 0.000000 0.000000 -13.466118 -9.221206 2.557964 -59.512956 -22.725810 5.085797 -18.256497 -31.874837 6.188269 0.000000 0.000000 0.000000 10.208668 -1.242023 -1.254388 48.974435 6.467836 -1.686443 3.375591 20.988834 1.315015 0.000000 0.000000 0.000000 
-0.006233 0.939547 0.000674 -0.797169 15.849762 5.514189 2.415245 -0.342390 -3.488622 0.702224 0.028686 -2.236982 1.718526 5.776727 4.295500 0.000000 0.000000 0.000000 -4.812941 0.458302 -8.620934 1.466840 -0.185900 1.277734 4.417984 9.280167 3.998743 0.000000 0.000000 0.000000 8.179814 0.132492 -4.571968 5.754214 -2.780518 -0.153919 4.724589 -4.470142 -1.966388 9.638344 -10.324322 10.916745 0.000000 0.000000 0.000000 -13.195250 -8.686658 2.373029 -58.564867 -23.795364 5.611164 -17.485417 -33.256692 6.260780 0.000000 0.000000 0.000000 9.601896 -1.709898 -1.467686 49.109530 6.141874 -1.748922 3.604595 20.336673 1.285459 0.000000 0.000000 0.000000 
-0.007124 0.938913 0.000764 -0.904273 15.475159 5.345432 2.400446 -0.297309 -2.836056 0.663260 0.056562 -2.990045 2.056352 6.354705 4.278458 0.000000 0.000000 0.000000 -4.403706 0.497565 -8.636124 1.172050 -0.139396 1.302947 4.436094 9.342372 3.930932 0.000000 0.000000 0.000000 8.055826 0.127975 -4.417970 5.745851 -2.740136 -0.403015 4.641096 -4.826680 -2.155668 8.350066 -9.071802 11.158258 0.000000 0.000000 0.000000 -13.103663 -7.941771 2.112195 -57.867781 -24.437910 5.892799 -16.356683 -33.956330 6.094821 0.000000 0.000000 0.000000 9.068975 -2.090071 -1.643011 49.703296 6.178759 -1.721049 3.323490 19.401341 1.155426 0.000000 0.000000 0.000000 
-0.007822 0.938358 0.001442 -1.123110 15.021832 5.334910 2.381274 -0.256500 -2.223848 1.228498 0.050549 -3.660890 2.361421 6.867920 4.253234 0.000000 0.000000 0.000000 -4.133716 0.536805 -8.838659 1.314541 -0.156856 1.412514 4.350330 9.127413 3.930825 0.000000 0.000000 0.000000 7.965489 0.147109 -4.583465 5.453843 -2.607703 -0.314797 4.760313 -5.107074 -2.447840 7.437247 -8.113380 11.175795 0.000000 0.000000 0.000000 -13.132538 -7.288426 1.896635 -57.144839 -24.388192 5.813774 -15.788472 -34.082763 5.989032 0.000000 0.000000 0.000000 8.627284 -2.777951 -1.953347 50.591644 6.151753 -1.725330 2.971226 18.695010 1.035729 0.000000 0.000000 0.000000 
-0.008291 0.937624 0.002427 -1.083312 14.176405 5.342374 2.090173 -0.195353 -1.485369 1.449942 0.070468 -4.512461 2.894380 7.979893 4.707356 0.000000 0.000000 0.000000 -4.113765 0.551277 -8.865594 1.111872 -0.120433 1.560264 4.697290 9.949430 3.834674 0.000000 0.000000 0.000000 7.629388 0.165039 -4.656597 5.387298 -2.588632 -0.200866 4.515382 -5.342313 -2.830438 6.125791 -6.653312 10.592014 0.000000 0.000000 0.000000 -13.083722 -6.205845 1.481696 -57.019648 -23.593941 5.448111 -15.163031 -34.703089 5.952928 0.000000 0.000000 0.000000 8.251593 -3.182262 -2.141609 51.621908 6.033737 -1.769172 2.190509 18.308795 0.877893 0.000000 0.000000 0.000000 
-0.008639 0.937274 0.003298 -1.326732 13.704406 5.171255 2.050301 -0.140739 -0.677694 1.823075 0.087541 -5.414479 3.248791 8.549916 4.639850 0.000000 0.000000 0.000000 -3.898007 0.565038 -8.678123 0.953846 -0.097388 1.440952 5.024209 10.603620 4.005710 0.000000 0.000000 0.000000 7.366016 0.169082 -4.594318 4.921619 -2.310026 -0.596018 4.721469 -5.781352 -2.359603 5.386765 -5.805522 10.015776 0.000000 0.000000 0.000000 -13.670481 -5.050114 1.030990 -57.117789 -22.635721 4.930919 -15.349318 -35.321789 6.205744 0.000000 0.000000 0.000000 8.447304 -3.942176 -2.542165 51.917849 5.729913 -1.973527 2.200676 18.007258 0.845074 0.000000 0.000000 0.000000 
-0.009009 0.937301 0.003642 -1.477178 12.583079 5.094864 1.886557 -0.086518 -0.002351 1.886571 0.123739 -6.458390 4.020672 10.107812 5.319974 0.000000 0.000000 0.000000 -3.563557 0.599016 -8.590968 0.504473 -0.037053 1.117672 5.976981 12.458870 4.536115 0.000000 0.000000 0.000000 7.191487 0.162965 -4.388368 4.456610 -2.089990 -0.546765 4.460238 -6.060395 -2.269020 4.045216 -4.446670 9.790830 0.000000 0.000000 0.000000 -14.120271 -3.430316 0.362706 -57.329475 -21.206609 4.231994 -15.768846 -36.099008 6.575940 0.000000 0.000000 0.000000 8.839702 -4.151233 -2.760435 52.483965 5.527665 -2.104806 1.447962 17.879608 0.709409 0.000000 0.000000 0.000000 
-0.009318 0.936972 0.003561 -1.738550 12.272667 5.091405 1.889224 -0.077001 0.137444 1.988629 0.128089 -6.657794 4.480318 10.811904 5.102039 0.000000 0.000000 0.000000 -3.237622 0.639279 -8.823210 0.289760 0.002234 1.432811 6.217659 12.927528 4.652060 0.000000 0.000000 0.000000 6.909912 0.155915 -4.267015 3.919192 -1.831904 -0.547273 4.332054 -6.291187 -2.158838 3.442459 -3.806644 9.393835 0.000000 0.000000 0.000000 -13.936447 -2.367987 -0.078562 -58.305091 -20.513077 3.978739 -16.632530 -36.735221 7.035497 0.000000 0.000000 0.000000 8.923864 -5.367808 -3.316921 53.286291 5.260924 -2.282301 1.191800 17.292107 0.640800 0.000000 0.000000 0.000000 
-0.009616 0.937069 0.003387 -1.919677 11.376390 5.059739 1.911850 -0.038418 0.722187 1.926643 0.156659 -7.368482 5.328132 12.426981 5.767882 0.000000 0.000000 0.000000 -3.136938 0.664812 -8.963444 0.041841 0.034946 1.307537 7.061799 14.127974 5.719636 0.000000 0.000000 0.000000 6.386163 0.140267 -3.968055 3.605415 -1.640003 -0.948574 4.171947 -6.670819 -1.688476 2.197680 -2.418880 7.567772 0.000000 0.000000 0.000000 -13.743515 -0.875709 -0.648319 -59.139443 -19.469292 3.497948 -17.987437 -37.740698 7.827435 0.000000 0.000000 0.000000 8.751321 -6.132055 -3.666785 54.680224 4.983363 -2.558785 0.431511 17.432080 0.522873 0.000000 0.000000 0.000000 
-0.009858 0.936994 0.003437 -2.135064 11.014683 5.001388 2.172821 -0.038995 0.928789 1.775354 0.168631 -7.585450 5.548676 12.833744 5.938066 0.000000 0.000000 0.000000 -2.824969 0.695309 -9.050617 -0.220600 0.073642 1.375190 7.176379 14.267954 5.876014 0.000000 0.000000 0.000000 5.791430 0.146165 -3.958741 3.134836 -1.411299 -1.029467 4.026529 -7.001026 -1.131392 1.847928 -2.030772 6.909608 0.000000 0.000000 0.000000 -13.220785 0.305781 -1.095221 -60.182842 -18.646970 3.129806 -18.501030 -40.085988 8.642919 0.000000 0.000000 0.000000 8.968200 -6.813205 -4.024937 55.280130 4.304598 -2.978558 0.600437 17.431103 0.535398 0.000000 0.000000 0.000000 
-0.010235 0.937278 0.003756 -2.210265 10.802790 4.949863 2.104716 -0.006523 1.384046 2.073989 0.182919 -8.166517 5.777962 13.286784 6.253178 0.000000 0.000000 0.000000 -2.850549 0.699747 -9.121991 -0.343932 0.089641 1.343405 7.394955 14.450856 6.321962 0.000000 0.000000 0.000000 4.839722 0.152584 -3.978887 2.893463 -1.292564 -1.094156 3.929464 -7.656415 -0.701120 1.012821 -1.180596 5.845822 0.000000 0.000000 0.000000 -12.372522 1.536234 -1.494455 -60.772580 -18.026707 2.859394 -20.027126 -42.653272 10.018669 0.000000 0.000000 0.000000 8.714418 -7.353967 -4.254372 56.082304 3.392424 -3.548812 0.894858 17.929796 0.567981 0.000000 0.000000 0.000000 
-0.010751 0.937364 0.004182 -2.445916 11.094591 4.886821 2.241100 -0.002991 1.617122 2.493720 0.183773 -8.433156 5.745173 13.258567 6.354142 0.000000 0.000000 0.000000 -2.427679 0.734967 -9.254049 -0.447568 0.105724 1.403473 7.213204 13.868068 6.635928 0.000000 0.000000 0.000000 3.966416 0.162373 -4.137868 2.752767 -1.227259 -1.086205 3.792756 -8.253403 -0.500936 -0.225135 -0.067621 5.499552 0.000000 0.000000 0.000000 -11.329116 2.148369 -1.635568 -60.960526 -17.599600 2.667351 -20.975740 -44.818496 11.093619 0.000000 0.000000 0.000000 8.715595 -7.883592 -4.504146 56.762356 2.506433 -4.072990 1.616332 18.097311 0.660229 0.000000 0.000000 0.000000 
-0.011455 0.937544 0.004509 -2.636897 11.252560 4.822296 2.292380 0.001278 1.764423 2.750343 0.188730 -8.689928 5.752937 13.248395 6.266286 0.000000 0.000000 0.000000 -2.109153 0.748509 -9.138878 -0.581406 0.121506 1.333496 6.908792 13.459886 6.239766 0.000000 0.000000 0.000000 3.115073 0.168914 -4.302100 2.559379 -1.111217 -1.368230 3.477473 -8.641044 0.016499 -1.324396 0.902982 5.117116 0.000000 0.000000 0.000000 -10.231384 2.736090 -1.782876 -60.447463 -17.564418 2.597846 -22.572331 -46.276834 12.283993 0.000000 0.000000 0.000000 9.048115 -8.445250 -4.822959 56.997831 1.323962 -4.711175 2.203229 18.929951 0.772199 0.000000 0.000000 0.000000 
-0.012040 0.937994 0.005052 -2.883635 11.873181 4.662734 2.684077 -0.017984 1.955653 2.829599 0.195739 -8.958539 5.216529 12.542338 6.859345 0.000000 0.000000 0.000000 -1.892024 0.741666 -8.896117 -0.372550 0.076475 0.864716 6.877010 12.976709 6.984364 0.000000 0.000000 0.000000 2.431567 0.165703 -4.349233 2.306534 -1.000461 -1.278066 3.368954 -8.734011 -0.027987 -2.562107 1.966161 4.881076 0.000000 0.000000 0.000000 -9.232106 3.126689 -1.898294 -59.927846 -18.278828 2.945728 -23.653936 -47.612366 13.144762 0.000000 0.000000 0.000000 9.323313 -8.779848 -5.001439 57.166397 0.233161 -5.227846 3.243752 19.157249 0.945914 0.000000 0.000000 0.000000 
-0.012293 0.938390 0.006077 -2.869891 12.659838 4.630835 2.548965 0.004285 2.307158 3.094953 0.201930 -9.282630 4.739132 11.744934 6.747703 0.000000 0.000000 0.000000 -1.759189 0.736620 -8.781262 -0.750792 0.124272 0.785139 6.371208 12.094476 6.708806 0.000000 0.000000 0.000000 1.749476 0.173605 -4.764293 2.369452 -1.020805 -1.360285 2.861619 -8.436846 0.172089 -3.796212 2.993648 4.695221 0.000000 0.000000 0.000000 -8.392853 3.116670 -1.895611 -59.545808 -18.294932 2.851771 -23.748902 -49.567924 13.638875 0.000000 0.000000 0.000000 9.279317 -8.689745 -4.874887 57.356082 -1.020363 -5.805344 3.758635 19.650567 1.086045 0.000000 0.000000 0.000000 
-0.012157 0.938505 0.007947 -2.871724 13.569562 4.729090 2.592806 -0.002209 2.394741 3.398685 0.213248 -9.745464 4.137094 10.997859 7.398368 0.000000 0.000000 0.000000 -1.600595 0.711998 -8.348112 -0.894039 0.117686 0.118075 5.880604 10.974234 6.946225 0.000000 0.000000 0.000000 1.213681 0.179534 -5.302236 2.065463 -0.874997 -1.388300 3.011382 -8.444058 0.038856 -5.268912 4.233919 4.312476 0.000000 0.000000 0.000000 -8.484070 4.016046 -2.330374 -58.498580 -17.635104 2.390532 -26.252529 -51.016403 15.256048 0.000000 0.000000 0.000000 8.623887 -8.448501 -4.594677 57.541025 -1.780302 -6.166186 4.747078 19.442093 1.240597 0.000000 0.000000 0.000000 
-0.011812 0.938448 0.010239 -2.814125 14.714802 4.459562 2.412973 0.027050 2.871944 3.878510 0.214464 -10.002317 3.189043 9.337860 6.964341 0.000000 0.000000 0.000000 -1.466978 0.654838 -7.542230 -1.157157 0.135260 -0.311081 5.081209 9.463409 6.690565 0.000000 0.000000 0.000000 0.867457 0.184177 -5.892149 1.690246 -0.723653 -1.112504 2.785186 -7.699911 -0.027654 -6.325876 5.076342 4.704497 0.000000 0.000000 0.000000 -8.156822 4.426785 -2.585590 -57.749311 -17.235904 2.033118 -28.839323 -52.851922 16.896718 0.000000 0.000000 0.000000 8.277113 -8.152879 -4.289685 57.389655 -2.690109 -6.479096 5.991061 19.578042 1.495552 0.000000 0.000000 0.000000 
-0.011422 0.938457 0.012336 -2.888455 15.910805 4.315311 2.522358 0.015025 3.031027 4.114708 0.205612 -9.969284 2.710263 8.562286 6.881676 0.000000 0.000000 0.000000 -1.400288 0.598866 -6.809835 -1.278581 0.134460 -0.729751 4.683174 8.728363 6.621460 0.000000 0.000000 0.000000 0.967453 0.190820 -6.313773 1.463055 -0.623669 -1.031402 2.629679 -6.676256 -0.029830 -6.861752 5.446593 5.051797 0.000000 0.000000 0.000000 -7.775587 4.479558 -2.690813 -57.233355 -17.415384 1.966247 -31.216875 -54.227629 18.247784 0.000000 0.000000 0.000000 7.786374 -8.025539 -4.024309 57.401103 -2.955827 -6.477143 6.430303 19.912175 1.660268 0.000000 0.000000 0.000000 
-0.011314 0.938419 0.013656 -2.936704 17.088060 4.246525 2.640833 -0.009065 2.958847 4.152362 0.192991 -9.799540 2.042468 7.169963 6.120445 0.000000 0.000000 0.000000 -1.451878 0.539363 -6.127864 -1.248602 0.111411 -1.215937 4.216278 7.848895 6.525360 0.000000 0.000000 0.000000 1.247961 0.208636 -7.079816 1.077355 -0.482887 -0.614056 2.549744 -5.790699 0.065535 -7.840882 6.190895 4.474891 0.000000 0.000000 0.000000 -7.691596 4.167705 -2.669200 -56.299824 -17.825549 2.003257 -33.139303 -55.967791 19.600783 0.000000 0.000000 0.000000 7.592227 -7.154538 -3.524615 57.461545 -3.168382 -6.478512 6.431880 20.771422 1.802982 0.000000 0.000000 0.000000 
-0.011637 0.938610 0.014114 -2.822582 18.265822 4.338374 2.592479 -0.024787 2.736577 4.164000 0.185371 -9.750233 1.375975 6.174078 6.279829 0.000000 0.000000 0.000000 -1.587156 0.507697 -5.875988 -1.323344 0.118862 -1.310571 3.930133 7.225842 6.763265 0.000000 0.000000 0.000000 1.286372 0.205198 -7.379652 1.043143 -0.466380 -0.631935 2.454947 -4.678851 0.161879 -8.061147 6.278193 4.416029 0.000000 0.000000 0.000000 -7.452175 3.133189 -2.357073 -54.855126 -18.679067 2.220006 -33.987216 -57.310746 20.125219 0.000000 0.000000 0.000000 7.354930 -6.629919 -3.150050 57.208016 -2.755878 -6.124136 6.400998 21.596141 1.956162 0.000000 0.000000 0.000000 
-0.012456 0.938882 0.013985 -2.749157 19.821897 4.487826 2.651289 -0.060537 2.318959 4.199956 0.171132 -9.559478 0.688165 4.927595 5.981410 0.000000 0.000000 0.000000 -1.614849 0.486258 -5.697908 -1.440540 0.127665 -1.510707 3.428872 6.311788 6.623405 0.000000 0.000000 0.000000 1.320047 0.200302 -7.903930 0.896910 -0.440723 -0.241580 2.379914 -4.122376 0.343456 -8.899441 6.902540 4.252027 0.000000 0.000000 0.000000 -7.046913 2.680866 -2.210948 -54.074188 -20.059579 2.710622 -34.249251 -58.375506 20.323815 0.000000 0.000000 0.000000 7.400425 -5.694339 -2.658483 57.295982 -2.131644 -5.762681 5.982537 22.420424 2.028321 0.000000 0.000000 0.000000 
-0.013681 0.939157 0.013538 -2.606066 21.005407 4.733509 2.630428 -0.083274 1.955177 4.028646 0.174011 -9.853063 0.196217 4.343595 6.338178 0.000000 0.000000 0.000000 -1.668838 0.459342 -5.436195 -1.518226 0.112670 -2.076273 3.259335 5.971594 6.836099 0.000000 0.000000 0.000000 1.444193 0.193556 -8.020203 0.710127 -0.357928 -0.237350 2.447399 -3.249693 0.447541 -8.928511 6.843370 4.171681 0.000000 0.000000 0.000000 -6.723365 2.115400 -2.043595 -53.340731 -21.356114 3.150493 -34.502612 -59.119876 20.342060 0.000000 0.000000 0.000000 7.424315 -5.490823 -2.464113 57.452868 -1.750392 -5.494474 6.364402 23.161185 2.248040 0.000000 0.000000 0.000000 
-0.015160 0.939145 0.013104 -2.531783 22.398953 4.992897 2.737202 -0.127667 1.345359 3.946410 0.158961 -9.583938 -0.451577 3.321500 6.349049 0.000000 0.000000 0.000000 -1.618723 0.434858 -5.135271 -1.680241 0.110003 -2.580374 2.802919 5.161575 6.619009 0.000000 0.000000 0.000000 1.490457 0.182395 -8.362083 0.579080 -0.334198 0.047090 2.676658 -2.342729 0.496673 -9.043761 6.860991 3.716683 0.000000 0.000000 0.000000 -6.344877 1.613157 -1.889855 -53.162010 -22.594484 3.572139 -34.601526 -59.791122 20.223293 0.000000 0.000000 0.000000 7.529450 -5.276429 -2.261822 58.035529 -0.956324 -5.046719 6.181181 23.619633 2.334570 0.000000 0.000000 0.000000 
-0.016803 0.939029 0.012877 -2.525329 23.827191 5.167883 2.900427 -0.166439 0.987142 3.802331 0.151940 -9.698084 -1.124484 2.287697 6.413199 0.000000 0.000000 0.000000 -1.647183 0.396338 -4.725866 -1.540032 0.063138 -3.230219 2.592313 4.831597 6.563257 0.000000 0.000000 0.000000 1.681387 0.173059 -8.515544 0.496935 -0.294284 -0.036856 2.807285 -1.502829 0.631552 -8.804567 6.604003 3.401708 0.000000 0.000000 0.000000 -5.996788 1.297626 -1.808771 -52.930667 -23.360349 3.744973 -35.688425 -60.977815 20.904326 0.000000 0.000000 0.000000 7.767170 -5.154434 -2.090702 58.529894 -0.756637 -4.880369 6.380485 24.012898 2.493543 0.000000 0.000000 0.000000 
-0.018554 0.939074 0.013018 -2.336257 25.485983 5.480182 2.861780 -0.199875 0.334530 3.716343 0.137945 -9.575765 -2.007980 0.864964 6.420530 0.000000 0.000000 0.000000 -1.743864 0.366297 -4.500521 -1.536035 0.058680 -3.393155 2.183908 4.175464 6.058332 0.000000 0.000000 0.000000 1.614269 0.147670 -9.031358 0.370800 -0.305330 0.449826 2.940372 -0.580358 0.426233 -8.925937 6.600330 3.299878 0.000000 0.000000 0.000000 -5.702641 1.211577 -1.825763 -52.837885 -24.243696 3.996597 -37.378880 -62.192812 21.939930 0.000000 0.000000 0.000000 8.371952 -5.056528 -1.916220 59.080469 -0.897719 -4.860415 6.030988 24.445279 2.546265 0.000000 0.000000 0.000000 
-0.020465 0.938931 0.013459 -2.293045 27.426521 5.575473 2.795868 -0.223968 -0.112296 3.845979 0.122309 -9.434881 -2.749304 -0.332648 6.386313 0.000000 0.000000 0.000000 -1.707054 0.321267 -4.005387 -1.413652 0.037352 -3.622683 1.653200 3.214510 5.584049 0.000000 0.000000 0.000000 1.666366 0.122477 -9.169684 0.389788 -0.322821 0.392789 2.974781 0.155150 0.328418 -8.857564 6.450127 3.246371 0.000000 0.000000 0.000000 -5.440706 0.893061 -1.765613 -52.685512 -24.723619 4.034806 -40.691634 -64.038327 24.331036 0.000000 0.000000 0.000000 8.736798 -5.473917 -1.953531 59.670513 -1.227643 -4.904472 6.191407 24.856993 2.712057 0.000000 0.000000 0.000000 
-0.022691 0.939019 0.014047 -2.114679 29.856577 5.489200 2.980362 -0.265420 -0.402262 3.592894 0.099769 -9.365584 -4.079997 -2.290321 6.694985 0.000000 0.000000 0.000000 -1.634259 0.261393 -3.377736 -1.365166 0.044246 -3.508988 0.849368 1.581656 5.284358 0.000000 0.000000 0.000000 1.523476 0.078432 -9.445627 0.378565 -0.423583 0.999605 2.906265 0.900754 0.117667 -8.304809 5.916933 3.174162 0.000000 0.000000 0.000000 -5.093977 0.985767 -1.833093 -53.245727 -25.517893 4.221890 -45.625645 -65.677474 27.790794 0.000000 0.000000 0.000000 9.203113 -5.779153 -1.908501 59.998341 -1.626703 -4.963852 5.983175 25.307700 2.813438 0.000000 0.000000 0.000000 
-0.025463 0.938812 0.014516 -2.007481 32.001787 5.381088 3.076392 -0.296807 -0.668553 3.686386 0.081853 -9.305994 -5.292474 -4.069201 6.987394 0.000000 0.000000 0.000000 -1.599020 0.209991 -2.880815 -1.039971 0.009252 -3.475481 0.180267 0.176146 5.043851 0.000000 0.000000 0.000000 1.408870 0.046355 -9.303763 0.346187 -0.397376 0.768417 2.845897 1.905530 0.156633 -8.202617 5.636678 3.853433 0.000000 0.000000 0.000000 -4.981719 0.754206 -1.870854 -53.460587 -25.923658 4.193645 -51.778515 -67.217944 32.190300 0.000000 0.000000 0.000000 9.625632 -5.979613 -1.767472 60.100365 -2.734511 -5.354517 6.466506 26.240391 3.148818 0.000000 0.000000 0.000000 
-0.028844 0.938918 0.014869 -1.753702 34.556226 5.344697 3.190183 -0.345887 -1.335309 3.659871 0.058870 -8.664178 -6.634521 -6.224005 7.117487 0.000000 0.000000 0.000000 -1.425170 0.155809 -2.301711 -0.932834 -0.001103 -3.474292 -0.818366 -2.007231 5.150239 0.000000 0.000000 0.000000 1.173693 -0.011808 -9.600273 0.348058 -0.525945 1.368872 2.633372 3.009624 -0.087557 -7.489301 4.823389 4.522272 0.000000 0.000000 0.000000 -4.999791 0.290734 -1.890294 -54.349164 -26.152455 4.148066 -57.316370 -67.717014 35.650411 0.000000 0.000000 0.000000 10.065233 -5.879471 -1.438477 60.591218 -3.550718 -5.581430 6.297505 26.637307 3.250234 0.000000 0.000000 0.000000 
-0.032757 0.938686 0.015191 -1.537460 36.530972 5.294360 3.232163 -0.378256 -1.819930 3.594061 0.042359 -8.324234 -7.419343 -7.242892 7.416548 0.000000 0.000000 0.000000 -1.433733 0.127810 -2.149180 -0.596297 -0.034510 -3.195709 -1.487970 -3.468414 5.268998 0.000000 0.000000 0.000000 1.146595 -0.040370 -9.554517 0.216458 -0.479942 1.290712 2.239981 3.815216 -0.035010 -7.540145 4.596834 5.221770 0.000000 0.000000 0.000000 -5.173320 0.136828 -2.052598 -55.107725 -25.736362 3.842474 -58.968110 -66.685233 35.429259 0.000000 0.000000 0.000000 10.013042 -6.050092 -1.323054 61.085769 -4.310679 -5.740221 6.847115 27.516149 3.595152 0.000000 0.000000 0.000000 
-0.036997 0.938352 0.015698 -1.183471 39.029679 5.354458 3.399704 -0.428538 -2.379142 3.342930 0.020285 -7.964922 -8.601121 -8.861401 7.829031 0.000000 0.000000 0.000000 -1.429645 0.075541 -1.764901 -0.449792 -0.061898 -3.341555 -2.628072 -5.935478 5.796040 0.000000 0.000000 0.000000 0.860039 -0.100176 -9.648363 0.199181 -0.511486 1.282841 1.825343 4.381462 0.328744 -7.684730 4.370100 6.212132 0.000000 0.000000 0.000000 -5.697310 0.056704 -2.396718 -55.929830 -24.856907 3.331304 -57.279108 -64.098871 31.895305 0.000000 0.000000 0.000000 10.243191 -6.193662 -1.144431 60.874783 -4.834014 -5.845163 7.862877 27.973630 3.988418 0.000000 0.000000 0.000000 
-0.041458 0.937913 0.016226 -1.021713 40.714671 5.351230 3.523743 -0.461008 -2.672094 3.301748 0.004471 -8.009946 -9.513577 -9.847648 8.399438 0.000000 0.000000 0.000000 -1.363071 0.048410 -1.552723 -0.370342 -0.078398 -3.436285 -2.971183 -6.682352 5.754625 0.000000 0.000000 0.000000 0.697473 -0.136415 -9.681747 0.000300 -0.438384 1.227999 1.714178 4.923468 0.655726 -7.809742 4.225934 6.796174 0.000000 0.000000 0.000000 -6.142168 0.426397 -2.842050 -56.488253 -22.693583 2.259763 -54.149943 -60.296709 27.106975 0.000000 0.000000 0.000000 9.746018 -5.732600 -0.817335 61.011953 -5.092191 -5.764394 8.810169 28.671840 4.386339 0.000000 0.000000 0.000000 
-0.046076 0.937505 0.016698 -0.591921 42.760628 5.254734 3.486115 -0.480467 -3.006358 3.423351 -0.007571 -7.605451 -10.867080 -11.407623 9.163243 0.000000 0.000000 0.000000 -1.503053 -0.028312 -1.053483 -0.168113 -0.109740 -3.363334 -3.696534 -8.315433 5.853301 0.000000 0.000000 0.000000 0.433108 -0.165492 -9.342307 0.080682 -0.514126 1.237181 1.135765 5.623678 1.007758 -7.387207 3.773301 6.572196 0.000000 0.000000 0.000000 -6.613281 0.403178 -3.238646 -56.963642 -20.638938 1.211977 -49.824655 -55.967529 21.761901 0.000000 0.000000 0.000000 9.647626 -5.723014 -0.615607 60.990329 -5.211007 -5.619670 9.676308 29.108508 4.761852 0.000000 0.000000 0.000000 
-0.050760 0.937011 0.016978 -0.331211 44.486123 5.410291 3.501909 -0.518758 -3.686227 3.430558 -0.016387 -7.116727 -11.299508 -12.105476 9.178878 0.000000 0.000000 0.000000 -1.560884 -0.029756 -1.269133 -0.042693 -0.121349 -2.978536 -4.140080 -9.360452 5.681166 0.000000 0.000000 0.000000 0.161367 -0.199729 -9.213655 -0.102162 -0.390879 0.859168 0.964453 6.415146 1.509540 -7.409174 3.654181 6.484327 0.000000 0.000000 0.000000 -6.913317 0.543857 -3.643870 -56.980551 -18.103371 -0.047819 -47.451748 -51.869399 18.133844 0.000000 0.000000 0.000000 9.662325 -5.533942 -0.299395 60.370487 -5.276183 -5.521226 10.379398 29.132341 4.989173 0.000000 0.000000 0.000000 
-0.055201 0.936659 0.017040 0.148243 46.308762 5.518081 3.283248 -0.517884 -3.944326 3.629806 -0.032063 -7.351081 -12.584253 -13.168737 10.231358 0.000000 0.000000 0.000000 -1.583396 -0.077074 -0.994495 -0.187416 -0.102724 -3.021506 -4.639715 -10.580415 5.560249 0.000000 0.000000 0.000000 -0.034253 -0.223073 -8.962595 -0.213429 -0.380499 0.877099 0.463636 7.361973 1.623182 -7.274378 3.386373 6.296392 0.000000 0.000000 0.000000 -6.916383 0.751828 -3.949053 -56.720710 -16.255601 -1.024789 -45.468547 -48.328814 15.324442 0.000000 0.000000 0.000000 9.735053 -5.237881 0.103675 59.664623 -5.699534 -5.556359 11.306709 28.864117 5.181384 0.000000 0.000000 0.000000 
-0.058999 0.936360 0.016977 0.391883 47.783109 5.641217 3.194928 -0.533777 -4.313252 3.609871 -0.042510 -7.147786 -12.963154 -13.764090 10.256727 0.000000 0.000000 0.000000 -1.652057 -0.101256 -0.979867 -0.206943 -0.091928 -2.569307 -4.616801 -10.682594 5.113608 0.000000 0.000000 0.000000 -0.206991 -0.232107 -8.643760 -0.417508 -0.213959 0.348789 0.317948 8.076823 2.043884 -7.250901 3.275459 6.079523 0.000000 0.000000 0.000000 -7.029511 1.387449 -4.434396 -56.554105 -14.740883 -1.839351 -44.195175 -44.879507 13.187593 0.000000 0.000000 0.000000 9.666793 -5.389269 0.213276 59.307857 -5.871840 -5.492575 11.488026 27.861333 5.007726 0.000000 0.000000 0.000000 
-0.062032 0.936158 0.016825 0.635671 48.893537 5.627157 3.063010 -0.530404 -4.401120 3.910121 -0.050527 -7.316402 -13.914123 -14.534416 11.041679 0.000000 0.000000 0.000000 -1.587252 -0.130879 -0.747776 -0.486031 -0.053056 -2.846237 -4.704681 -10.958427 4.986052 0.000000 0.000000 0.000000 -0.302245 -0.240686 -8.457258 -0.673077 -0.133275 0.379259 0.208596 8.581138 2.024135 -7.429632 3.243862 6.225113 0.000000 0.000000 0.000000 -7.116858 1.727136 -4.722385 -56.273043 -13.169471 -2.582250 -43.030273 -42.661782 11.819896 0.000000 0.000000 0.000000 10.196396 -5.319600 0.517939 58.413142 -5.957233 -5.578997 11.585494 27.430945 4.920629 0.000000 0.000000 0.000000 
-0.064497 0.935730 0.016620 0.810539 49.634691 5.800185 2.898558 -0.529759 -4.623365 4.011261 -0.053862 -7.243650 -14.045173 -14.646629 11.103289 0.000000 0.000000 0.000000 -1.393515 -0.125475 -0.677145 -0.735583 -0.009984 -2.795149 -4.841739 -11.299602 4.979374 0.000000 0.000000 0.000000 -0.422163 -0.261858 -8.526390 -0.677134 -0.117009 0.233719 0.022569 9.162434 2.034082 -7.249426 3.017719 6.124383 0.000000 0.000000 0.000000 -6.972648 2.396822 -4.986713 -56.194525 -12.048752 -3.229066 -42.763759 -40.662585 10.916941 0.000000 0.000000 0.000000 10.405391 -5.671903 0.503616 57.934857 -6.159481 -5.603802 11.693964 26.878871 4.828540 0.000000 0.000000 0.000000 
-0.066701 0.935394 0.016239 0.976879 50.026626 5.779431 2.563675 -0.498939 -4.584637 4.391265 -0.051975 -7.264811 -14.416295 -15.114074 11.273502 0.000000 0.000000 0.000000 -1.102970 -0.109075 -0.619146 -1.104426 0.054479 -2.736333 -4.836802 -11.435895 4.699408 0.000000 0.000000 0.000000 -0.482154 -0.252705 -8.287240 -0.723405 -0.134662 0.375673 0.021663 9.527830 1.672113 -6.902847 2.823297 5.680868 0.000000 0.000000 0.000000 -7.140138 2.872918 -5.288230 -56.181440 -10.864479 -3.760497 -42.955421 -39.658599 10.571737 0.000000 0.000000 0.000000 10.799990 -6.087282 0.429966 57.690637 -5.880522 -5.478162 11.476276 26.216321 4.623325 0.000000 0.000000 0.000000 
-0.068912 0.935067 0.015666 1.086094 49.852081 5.886883 2.411339 -0.502661 -4.891988 4.646410 -0.042010 -6.887817 -14.070391 -14.881503 10.945385 0.000000 0.000000 0.000000 -1.124350 -0.080998 -0.909457 -1.081339 0.054394 -2.614035 -4.694044 -11.069473 4.670912 0.000000 0.000000 0.000000 -0.447136 -0.243914 -8.244812 -0.662751 -0.142487 0.306181 -0.030167 9.709636 1.441927 -6.678137 2.756347 5.288670 0.000000 0.000000 0.000000 -7.067546 3.565607 -5.469598 -56.247833 -10.027066 -4.216442 -43.389724 -38.712588 10.409372 0.000000 0.000000 0.000000 10.934127 -6.582585 0.186796 58.000440 -5.538410 -5.283236 10.943919 26.320333 4.545709 0.000000 0.000000 0.000000 
-0.071175 0.934907 0.014867 0.920847 49.464757 5.685471 2.550622 -0.511511 -4.861052 4.424110 -0.042431 -6.969997 -13.709274 -14.507189 10.707440 0.000000 0.000000 0.000000 -0.836055 -0.038793 -1.035988 -1.375124 0.110333 -2.441690 -4.513244 -10.683258 4.530806 0.000000 0.000000 0.000000 -0.234098 -0.208952 -8.020589 -0.802896 -0.112777 0.496277 -0.018423 9.819041 1.048080 -6.480761 2.792888 4.688134 0.000000 0.000000 0.000000 -6.936939 4.105415 -5.543723 -56.484586 -9.607862 -4.469664 -43.583228 -38.622330 10.446631 0.000000 0.000000 0.000000 10.929421 -7.351826 -0.298411 58.423813 -5.497286 -5.146540 10.998327 26.196194 4.556111 0.000000 0.000000 0.000000 
-0.073420 0.935207 0.014018 0.921238 48.657323 5.628461 2.439563 -0.501602 -4.896521 4.494097 -0.033156 -6.699924 -13.141834 -13.861282 10.378785 0.000000 0.000000 0.000000 -0.886417 -0.021061 -1.210826 -1.445399 0.117694 -2.610005 -4.270387 -9.995547 4.686894 0.000000 0.000000 0.000000 -0.004337 -0.172207 -7.763836 -1.038893 0.059243 0.212001 0.290787 9.673185 1.184186 -6.415053 3.031309 3.992128 0.000000 0.000000 0.000000 -7.254055 4.597012 -5.827347 -56.539657 -9.323346 -4.532556 -43.818772 -39.592217 10.953816 0.000000 0.000000 0.000000 10.764037 -7.769690 -0.640802 59.141131 -5.186479 -4.970355 10.705895 26.742785 4.648258 0.000000 0.000000 0.000000 
-0.075491 0.935517 0.013363 0.771515 47.695165 5.515868 2.654535 -0.515211 -4.877346 4.331731 -0.026877 -6.597966 -12.535504 -12.967014 10.201668 0.000000 0.000000 0.000000 -0.647740 0.045367 -1.606874 -1.722650 0.167151 -2.508671 -4.070605 -9.551192 4.548394 0.000000 0.000000 0.000000 0.222924 -0.142668 -7.657572 -1.079878 0.100858 0.193775 0.247570 9.460197 0.988477 -6.099911 2.970810 3.603722 0.000000 0.000000 0.000000 -7.379759 4.976897 -5.934068 -56.505701 -9.189797 -4.486577 -44.406550 -40.905174 11.685301 0.000000 0.000000 0.000000 10.809329 -8.151810 -0.943495 59.717829 -5.182470 -4.947877 10.432969 27.412163 4.749245 0.000000 0.000000 0.000000 
-0.077331 0.935779 0.013177 0.793278 46.557821 5.413061 2.616326 -0.500932 -4.754346 4.241905 -0.019314 -6.374434 -11.688403 -11.988676 9.720195 0.000000 0.000000 0.000000 -0.745998 0.053691 -1.709460 -1.777585 0.177966 -2.454799 -3.804715 -8.872189 4.631354 0.000000 0.000000 0.000000 0.452385 -0.111755 -7.490674 -1.366035 0.222490 0.303621 0.345883 9.290590 0.953190 -5.691720 2.963724 2.875187 0.000000 0.000000 0.000000 -7.600854 5.506333 -6.131733 -56.638707 -9.004426 -4.504867 -45.116383 -42.932828 12.814147 0.000000 0.000000 0.000000 10.366811 -8.532635 -1.362109 60.801534 -5.498936 -4.968460 10.388101 27.971406 4.882374 0.000000 0.000000 0.000000 
-0.078824 0.935737 0.013605 0.832908 45.351257 5.425205 2.734522 -0.486811 -4.402658 3.840784 -0.014344 -6.597274 -10.847771 -10.867115 9.372582 0.000000 0.000000 0.000000 -0.596444 0.085685 -1.808213 -2.022693 0.224092 -2.245931 -3.315411 -7.806581 4.311805 0.000000 0.000000 0.000000 0.521505 -0.094859 -7.473131 -1.384198 0.282808 0.145143 0.420096 8.897974 1.015651 -5.187161 3.007403 1.733114 0.000000 0.000000 0.000000 -7.973500 6.105513 -6.425407 -56.663316 -8.780587 -4.471401 -45.704010 -44.367101 13.750462 0.000000 0.000000 0.000000 10.196653 -9.004488 -1.769881 61.441726 -5.696538 -5.052276 10.515571 28.241609 4.985827 0.000000 0.000000 0.000000 
-0.080005 0.935699 0.014644 0.718900 44.415068 5.284397 2.953999 -0.489432 -4.169871 3.659425 -0.009763 -6.622987 -10.401109 -10.125843 9.335021 0.000000 0.000000 0.000000 -0.657892 0.087536 -1.816763 -2.120070 0.240016 -2.211367 -2.984024 -7.045029 4.210008 0.000000 0.000000 0.000000 0.659826 -0.083160 -7.566048 -1.551611 0.366502 0.172915 0.420695 8.512308 1.080929 -5.014054 3.023393 1.437980 0.000000 0.000000 0.000000 -8.288587 6.871968 -6.749066 -56.745941 -8.565162 -4.503502 -47.295092 -46.130213 15.281517 0.000000 0.000000 0.000000 9.947711 -9.207919 -2.023132 62.208067 -6.045026 -5.211244 10.724349 28.449594 5.082535 0.000000 0.000000 0.000000 
-0.080842 0.935804 0.016012 0.450830 43.358967 4.958203 3.221845 -0.478587 -3.571381 3.428456 -0.006764 -7.013773 -9.509010 -8.856133 9.029509 0.000000 0.000000 0.000000 -0.670337 0.078955 -1.659449 -2.222776 0.256138 -2.179195 -2.562190 -6.010784 4.316669 0.000000 0.000000 0.000000 0.791820 -0.064462 -7.574406 -1.784786 0.521260 -0.032889 0.497002 8.105931 1.193595 -5.043888 3.153946 1.252285 0.000000 0.000000 0.000000 -8.138566 7.004280 -6.600997 -57.036897 -8.784220 -4.442344 -49.229036 -48.167247 17.147177 0.000000 0.000000 0.000000 9.887069 -9.427223 -2.249013 62.592425 -6.274787 -5.396705 11.107625 28.274906 5.123373 0.000000 0.000000 0.000000 
-0.081415 0.936036 0.017520 0.270739 42.516449 4.589135 3.454917 -0.468084 -2.917563 3.320068 -0.002812 -7.136476 -9.043306 -8.238777 8.849478 0.000000 0.000000 0.000000 -0.570521 0.079384 -1.546872 -2.408285 0.290694 -2.005063 -2.398057 -5.633946 4.332853 0.000000 0.000000 0.000000 0.815157 -0.051291 -7.520968 -2.003533 0.634548 -0.056736 0.591283 7.752158 1.247743 -5.145471 3.335470 1.005586 0.000000 0.000000 0.000000 -8.097250 6.897755 -6.449993 -57.193980 -9.446662 -4.101559 -51.350307 -50.520957 19.346397 0.000000 0.000000 0.000000 10.164384 -9.247055 -2.172285 62.763896 -6.225963 -5.572867 11.698084 28.234478 5.252310 0.000000 0.000000 0.000000 
-0.081829 0.936332 0.019064 0.076058 41.451739 4.328109 3.641155 -0.459081 -2.352168 3.323717 0.005279 -7.144048 -8.239461 -7.200057 8.501946 0.000000 0.000000 0.000000 -0.507755 0.090052 -1.548807 -2.334194 0.278647 -1.989983 -2.155274 -5.110199 4.188146 0.000000 0.000000 0.000000 0.845398 -0.031816 -7.369140 -2.130049 0.761935 -0.410324 0.835696 7.248385 1.339353 -5.509776 3.723149 0.705472 0.000000 0.000000 0.000000 -7.903982 6.755154 -6.183405 -57.294190 -10.304468 -3.684005 -54.009402 -52.988247 22.123308 0.000000 0.000000 0.000000 10.034792 -9.131736 -2.227853 62.970281 -6.331390 -5.763622 12.240282 28.230313 5.376091 0.000000 0.000000 0.000000 
-0.082252 0.936257 0.020662 -0.225598 40.601845 3.844823 3.975170 -0.467177 -1.698119 3.297775 0.009590 -7.394179 -7.963134 -6.785384 8.474890 0.000000 0.000000 0.000000 -0.488858 0.052196 -1.121336 -2.184705 0.242555 -2.285913 -1.817253 -4.271771 4.463005 0.000000 0.000000 0.000000 0.725362 -0.024632 -7.331292 -2.272521 0.802283 -0.156502 0.943276 6.725738 1.231304 -5.809357 3.967534 0.737346 0.000000 0.000000 0.000000 -7.656165 6.307300 -5.783485 -57.197426 -11.790328 -2.908637 -55.671455 -55.655343 24.687676 0.000000 0.000000 0.000000 10.245054 -8.348164 -1.874141 62.919046 -6.013773 -5.858298 12.643910 28.033563 5.374040 0.000000 0.000000 0.000000 
-0.082727 0.936181 0.022196 -0.455231 39.735758 3.479672 4.109557 -0.456888 -0.916159 3.309895 0.013821 -7.802753 -7.480652 -6.131258 8.317318 0.000000 0.000000 0.000000 -0.438271 0.045984 -0.993028 -2.041918 0.228274 -2.091802 -1.525914 -3.588624 4.581378 0.000000 0.000000 0.000000 0.583876 -0.012420 -7.111199 -2.346037 0.832273 -0.022820 1.083060 5.992294 1.087391 -6.200901 4.386683 0.279670 0.000000 0.000000 0.000000 -7.560702 5.930908 -5.471815 -56.709153 -13.295296 -2.020768 -58.136289 -58.601133 28.123239 0.000000 0.000000 0.000000 10.340205 -7.795951 -1.687717 62.738865 -5.515657 -5.856916 12.470542 27.265196 5.093815 0.000000 0.000000 0.000000 
-0.083145 0.936212 0.023242 -0.804220 38.710820 3.067786 4.345270 -0.465013 -0.448315 3.403707 0.021985 -7.946115 -7.151224 -5.475431 8.464106 0.000000 0.000000 0.000000 -0.395052 0.058256 -1.051246 -1.737530 0.182824 -2.060457 -1.269293 -2.968133 4.900698 0.000000 0.000000 0.000000 0.614874 0.002308 -7.082071 -2.579598 0.897574 0.364404 1.258353 5.558448 0.948392 -6.949780 5.003008 -0.049662 0.000000 0.000000 0.000000 -7.234339 5.325315 -4.998473 -56.790682 -14.710646 -1.298352 -60.851955 -61.333272 31.796773 0.000000 0.000000 0.000000 10.648681 -7.162668 -1.419705 62.906278 -5.128214 -5.900871 12.213352 26.915088 4.893281 0.000000 0.000000 0.000000 
-0.083413 0.936432 0.023697 -1.146400 38.010214 2.751290 4.580366 -0.480371 -0.176518 3.465406 0.027903 -7.898395 -6.673062 -4.945945 8.185203 0.000000 0.000000 0.000000 -0.226672 0.088304 -1.222533 -1.726317 0.193885 -1.720211 -1.161613 -2.739839 4.891160 0.000000 0.000000 0.000000 0.656642 0.017669 -6.826177 -2.563132 0.930955 0.167032 1.295577 4.668928 1.144180 -7.542887 5.518185 -0.298569 0.000000 0.000000 0.000000 -7.212960 4.878228 -4.719535 -56.344155 -15.889103 -0.609222 -64.309665 -64.001994 36.333673 0.000000 0.000000 0.000000 10.664023 -6.670061 -1.284842 62.723584 -4.966445 -6.026989 12.210097 26.847928 4.834542 0.000000 0.000000 0.000000 
-0.083325 0.936614 0.023551 -1.293405 37.146431 2.680990 4.535893 -0.465950 -0.237291 3.573359 0.034972 -7.710564 -6.384225 -4.550315 8.133960 0.000000 0.000000 0.000000 -0.348371 0.122273 -1.595886 -1.561082 0.179427 -1.399899 -0.954756 -2.274305 4.989486 0.000000 0.000000 0.000000 0.665856 0.029737 -6.701359 -2.602561 0.972323 0.096589 1.392058 4.193716 1.329006 -7.989118 5.956509 -0.864900 0.000000 0.000000 0.000000 -7.574078 4.412116 -4.626286 -56.339110 -17.108728 0.098900 -67.005852 -65.986810 40.072848 0.000000 0.000000 0.000000 10.579596 -6.377983 -1.243469 62.781219 -4.779974 -6.058682 11.621889 26.235672 4.513292 0.000000 0.000000 0.000000 
-0.082951 0.937033 0.023052 -1.339559 36.463694 2.783553 4.433413 -0.450417 -0.410641 3.643028 0.039444 -7.560109 -6.222075 -4.255754 8.202563 0.000000 0.000000 0.000000 -0.271970 0.175818 -2.055286 -1.734848 0.218259 -1.039778 -0.891297 -2.144095 4.965978 0.000000 0.000000 0.000000 0.587067 0.032723 -6.645374 -2.604877 0.975851 0.143917 1.394299 3.519150 1.175811 -8.421045 6.293971 -1.029078 0.000000 0.000000 0.000000 -8.168882 4.060820 -4.644174 -56.204630 -17.498976 0.503865 -71.763007 -67.785381 45.506552 0.000000 0.000000 0.000000 10.354594 -5.974399 -1.183589 62.592363 -4.893098 -6.205135 11.102797 26.338209 4.366349 0.000000 0.000000 0.000000 
-0.082282 0.937501 0.022443 -1.292529 35.675783 2.912059 4.233785 -0.422122 -0.452867 3.598481 0.044484 -7.557250 -5.929128 -3.602312 8.428574 0.000000 0.000000 0.000000 -0.501811 0.199470 -2.423378 -1.680491 0.214738 -0.876456 -0.822447 -1.989683 5.266817 0.000000 0.000000 0.000000 0.568421 0.038095 -6.667633 -2.714673 1.011528 0.320374 1.364339 3.118117 1.041815 -8.822564 6.680380 -1.870897 0.000000 0.000000 0.000000 -8.816554 3.761924 -4.707580 -56.585236 -18.190611 1.002647 -75.490248 -68.790319 49.691012 0.000000 0.000000 0.000000 10.277159 -5.821943 -1.214629 62.338871 -4.976026 -6.317652 10.228933 26.201896 4.096884 0.000000 0.000000 0.000000 
-0.081509 0.937863 0.021907 -1.311144 35.088954 2.888984 4.073941 -0.396595 -0.301844 3.522701 0.048783 -7.695736 -5.670382 -3.116850 8.522671 0.000000 0.000000 0.000000 -0.618626 0.210861 -2.606967 -1.872313 0.245176 -0.843835 -0.547063 -1.367708 5.505424 0.000000 0.000000 0.000000 0.535368 0.045301 -6.462854 -2.691361 1.019183 0.257316 1.156095 2.517842 0.941461 -9.084860 6.891190 -2.100685 0.000000 0.000000 0.000000 -9.665273 3.243259 -4.758767 -56.448685 -18.389668 1.336854 -80.720051 -69.555956 55.051389 0.000000 0.000000 0.000000 10.374950 -5.525977 -1.149691 62.044287 -5.228370 -6.547783 9.246744 26.576768 3.906263 0.000000 0.000000 0.000000 
-0.080772 0.938152 0.021490 -1.280909 34.567920 2.942314 3.966006 -0.378065 -0.180818 3.539208 0.052626 -7.756117 -5.415899 -2.699992 8.546822 0.000000 0.000000 0.000000 -0.778659 0.208140 -2.664910 -1.868773 0.239983 -0.958975 -0.423003 -1.099612 5.841430 0.000000 0.000000 0.000000 0.458706 0.046486 -6.460835 -2.738851 1.008862 0.568082 1.087084 2.146455 0.634683 -9.299249 7.065479 -2.494401 0.000000 0.000000 0.000000 -10.098012 3.297574 -4.856476 -56.774194 -18.489075 1.511755 -87.088213 -69.223341 60.545278 0.000000 0.000000 0.000000 10.202099 -5.661930 -1.325848 61.618419 -5.376648 -6.620580 8.562401 26.663157 3.738883 0.000000 0.000000 0.000000 
-0.080247 0.938464 0.021149 -1.384369 34.106901 3.184686 3.930683 -0.374224 -0.284220 3.468048 0.056718 -7.955726 -5.139326 -2.342403 8.455965 0.000000 0.000000 0.000000 -0.836976 0.229655 -2.903206 -1.954522 0.242669 -1.206255 -0.056414 -0.288863 6.021700 0.000000 0.000000 0.000000 0.300016 0.041128 -6.594868 -2.716667 0.986195 0.708909 1.066206 1.617849 0.231276 -9.278110 7.020725 -2.302638 0.000000 0.000000 0.000000 -10.390165 3.188262 -4.819109 -56.889608 -19.048890 1.905342 -93.421406 -68.789954 66.162334 0.000000 0.000000 0.000000 10.092304 -5.785390 -1.496190 61.284207 -5.949482 -6.912300 8.244612 27.206434 3.733627 0.000000 0.000000 0.000000 
-0.080006 0.938760 0.020797 -1.460651 33.563995 3.478869 3.963156 -0.376143 -0.363336 3.413915 0.061133 -8.093256 -4.902864 -1.949638 8.500833 0.000000 0.000000 0.000000 -0.779901 0.270533 -3.273962 -1.939940 0.233504 -1.352199 0.055378 -0.064259 6.441682 0.000000 0.000000 0.000000 0.138975 0.036601 -6.687142 -2.575002 0.928745 0.715303 1.135575 1.211547 -0.013325 -9.277554 7.035498 -2.513019 0.000000 0.000000 0.000000 -10.416772 3.137237 -4.714399 -56.951232 -19.848556 2.357799 -100.080169 -68.560802 72.535776 0.000000 0.000000 0.000000 9.768007 -6.055060 -1.736998 61.127615 -6.218765 -7.032048 8.004470 27.563780 3.719687 0.000000 0.000000 0.000000 
-0.079966 0.938820 0.020376 -1.675558 32.964432 3.584268 4.217325 -0.397034 -0.317892 3.296425 0.066117 -8.479789 -4.452076 -1.293863 8.432596 0.000000 0.000000 0.000000 -0.713023 0.300342 -3.513815 -1.849016 0.211774 -1.530002 0.423704 0.710511 6.580550 0.000000 0.000000 0.000000 0.001344 0.035188 -6.766858 -2.505401 0.879722 0.931281 1.289722 0.851251 -0.422639 -9.103163 6.905832 -2.500093 0.000000 0.000000 0.000000 -9.915642 3.050069 -4.397235 -57.022645 -21.355092 3.093118 -106.377682 -68.793431 79.399898 0.000000 0.000000 0.000000 9.322566 -5.932101 -1.790276 61.111268 -6.410064 -7.117925 8.210844 27.996161 3.807424 0.000000 0.000000 0.000000 
-0.080111 0.938947 0.019825 -1.908952 32.473993 3.658870 4.411945 -0.413188 -0.308644 3.285492 0.070241 -8.666831 -4.374733 -1.096675 8.573518 0.000000 0.000000 0.000000 -0.559640 0.336322 -3.774195 -1.921878 0.218747 -1.585408 0.759024 1.410076 6.743014 0.000000 0.000000 0.000000 0.026300 0.041676 -6.710134 -2.419058 0.842911 0.971462 1.405787 0.355884 -0.626409 -9.140681 6.935812 -2.532160 0.000000 0.000000 0.000000 -9.123377 2.998560 -4.001584 -57.082695 -23.151251 3.915531 -112.489164 -69.691946 87.210825 0.000000 0.000000 0.000000 8.776605 -6.078056 -1.970372 61.187587 -6.627525 -7.217059 8.716188 28.660466 4.016690 0.000000 0.000000 0.000000 
-0.080328 0.938927 0.019113 -2.213899 31.953749 3.818284 4.680807 -0.440394 -0.440997 3.192922 0.074137 -8.904029 -3.743357 -0.176651 8.452578 0.000000 0.000000 0.000000 -0.367068 0.385613 -4.148260 -1.924846 0.213864 -1.677368 1.169941 2.270191 6.801180 0.000000 0.000000 0.000000 -0.034524 0.041491 -6.906861 -2.333866 0.803437 1.038104 1.789829 -0.145123 -0.665414 -9.164851 6.938724 -2.094360 0.000000 0.000000 0.000000 -8.458372 3.208100 -3.755260 -57.164694 -25.317658 4.939649 -115.819021 -70.807759 92.578445 0.000000 0.000000 0.000000 8.210266 -6.348312 -2.200815 61.068808 -6.735256 -7.278711 9.557112 28.860991 4.226118 0.000000 0.000000 0.000000 
-0.080623 0.939055 0.018296 -2.495899 31.709267 3.862867 4.952363 -0.468630 -0.535905 3.174745 0.075938 -8.953781 -3.570595 0.088496 8.449740 0.000000 0.000000 0.000000 -0.205387 0.412946 -4.320858 -1.849546 0.192802 -1.899843 1.430682 2.808676 6.930870 0.000000 0.000000 0.000000 -0.074056 0.042386 -6.863978 -1.999393 0.683054 0.817729 1.815812 -0.577953 -0.482106 -9.086705 6.873324 -1.597218 0.000000 0.000000 0.000000 -7.818695 3.179662 -3.481251 -57.315597 -27.190916 5.801365 -119.047191 -72.198138 98.020109 0.000000 0.000000 0.000000 7.969659 -6.843348 -2.479345 60.684775 -6.948075 -7.375096 10.463912 29.116905 4.491124 0.000000 0.000000 0.000000 
-0.080870 0.939160 0.017506 -2.640142 31.396745 4.157236 5.006952 -0.479372 -0.809511 3.089534 0.078073 -9.061403 -3.153865 0.761595 8.460933 0.000000 0.000000 0.000000 -0.136683 0.458478 -4.772523 -1.795608 0.180621 -1.980054 1.751579 3.468558 7.013543 0.000000 0.000000 0.000000 -0.204334 0.036808 -7.077244 -1.850768 0.609604 0.886993 2.181164 -1.101815 -0.557076 -9.188299 6.930565 -1.124623 0.000000 0.000000 0.000000 -7.597048 3.670774 -3.512926 -57.710536 -28.726391 6.633688 -119.515274 -73.606269 100.567152 0.000000 0.000000 0.000000 7.433120 -7.365592 -2.789989 60.447365 -7.316642 -7.539905 11.281149 29.156693 4.668718 0.000000 0.000000 0.000000 
-0.081084 0.939402 0.016789 -2.701405 31.338088 4.319208 5.043805 -0.485911 -0.881446 3.030961 0.077427 -9.354987 -3.186111 0.886243 8.714796 0.000000 0.000000 0.000000 -0.138833 0.472141 -4.932434 -1.743076 0.165809 -2.140802 1.924790 3.812587 7.204107 0.000000 0.000000 0.000000 -0.374163 0.027077 -7.178593 -1.576724 0.475879 0.954374 2.341332 -1.710908 -0.609335 -9.320446 7.026729 -0.861078 0.000000 0.000000 0.000000 -7.407515 3.866891 -3.460168 -58.309268 -29.826980 7.286439 -117.074502 -75.675259 100.516691 0.000000 0.000000 0.000000 7.161825 -7.899353 -3.079085 60.421960 -7.689797 -7.748058 11.347478 29.018376 4.620915 0.000000 0.000000 0.000000 
-0.081244 0.939265 0.016146 -2.753436 31.266789 4.372305 5.181699 -0.502919 -1.040484 2.912911 0.076138 -9.436397 -3.130230 0.967947 8.714452 0.000000 0.000000 0.000000 -0.292518 0.472533 -5.062344 -1.533079 0.132193 -2.244797 2.080998 4.113387 7.350315 0.000000 0.000000 0.000000 -0.518439 0.024204 -7.097651 -1.376516 0.402054 0.829651 2.460728 -2.444184 -0.584431 -9.468311 7.163855 -0.947397 0.000000 0.000000 0.000000 -7.430896 4.450966 -3.613705 -59.273486 -30.738478 7.950320 -109.509303 -77.813189 95.149948 0.000000 0.000000 0.000000 6.875809 -8.304891 -3.304653 60.559286 -7.909990 -7.922746 10.755682 28.245143 4.275400 0.000000 0.000000 0.000000 
-0.081485 0.939687 0.015601 -2.686221 31.219090 4.643716 5.053370 -0.493251 -1.120781 2.846564 0.073546 -9.849586 -3.195522 1.143332 9.116206 0.000000 0.000000 0.000000 -0.361637 0.484204 -5.265099 -1.519638 0.114558 -2.578668 2.054944 4.029796 7.555054 0.000000 0.000000 0.000000 -0.710659 0.013400 -7.180781 -1.241060 0.336829 0.843541 2.529909 -3.051535 -0.618654 -9.630216 7.287288 -0.738649 0.000000 0.000000 0.000000 -7.521685 4.950303 -3.769394 -60.386011 -31.274067 8.465061 -97.500348 -79.953874 85.470867 0.000000 0.000000 0.000000 7.116355 -9.002764 -3.660943 60.301404 -8.118871 -8.080189 9.709767 27.206019 3.805632 0.000000 0.000000 0.000000 
-0.081734 0.939675 0.015117 -2.765473 31.275939 4.759001 5.108709 -0.497683 -0.976114 2.539200 0.063369 -10.152253 -2.925863 1.677156 9.260593 0.000000 0.000000 0.000000 -0.507477 0.491474 -5.500521 -1.370227 0.079207 -2.903174 2.035749 3.922516 8.043172 0.000000 0.000000 0.000000 -0.805798 0.010747 -7.140999 -0.945360 0.232644 0.604628 2.463750 -3.586526 -0.465611 -9.710454 7.362648 -0.631887 0.000000 0.000000 0.000000 -7.478450 5.559381 -3.944873 -61.020134 -31.598936 8.756962 -85.591026 -80.857913 74.913864 0.000000 0.000000 0.000000 7.017896 -9.377354 -3.848956 60.222242 -8.533037 -8.310780 8.901100 26.599460 3.493971 0.000000 0.000000 0.000000 
-0.081916 0.940005 0.014897 -2.827242 31.131965 4.751755 5.097974 -0.491968 -0.819668 2.393988 0.058503 -10.379563 -2.746216 1.889987 9.169610 0.000000 0.000000 0.000000 -0.365305 0.494975 -5.389310 -1.383902 0.052567 -3.459603 1.873269 3.525508 8.435233 0.000000 0.000000 0.000000 -0.860619 0.012472 -7.018182 -0.860735 0.207519 0.516194 2.563637 -3.767024 -0.367563 -9.546410 7.266101 -0.798502 0.000000 0.000000 0.000000 -7.503518 5.981033 -4.088377 -60.957680 -31.247469 8.566415 -81.359111 -81.297409 71.387985 0.000000 0.000000 0.000000 6.836185 -9.675960 -3.984244 60.203016 -9.001705 -8.555054 8.340889 26.137505 3.285185 0.000000 0.000000 0.000000 
-0.081822 0.939825 0.015057 -2.895748 30.956634 4.731004 5.152726 -0.492342 -0.633616 2.190804 0.051649 -10.584812 -2.531174 2.217062 9.171510 0.000000 0.000000 0.000000 -0.229726 0.504768 -5.374668 -1.418883 0.042243 -3.726508 1.946833 3.648309 8.551096 0.000000 0.000000 0.000000 -0.764331 0.018509 -7.009855 -0.829950 0.227749 0.269483 2.538102 -3.975844 -0.317650 -9.338164 7.149787 -1.414980 0.000000 0.000000 0.000000 -7.409946 6.649796 -4.287665 -60.614998 -30.450508 8.077384 -85.072759 -80.747887 74.560699 0.000000 0.000000 0.000000 6.581084 -9.868809 -4.067751 59.920634 -9.410806 -8.725205 8.552975 25.898078 3.282703 0.000000 0.000000 0.000000 
-0.081355 0.939543 0.015643 -2.965235 30.650879 4.571421 5.073939 -0.475176 -0.350741 2.200356 0.056208 -10.573672 -2.138422 2.446636 8.607568 0.000000 0.000000 0.000000 -0.157607 0.485976 -5.049161 -1.539578 0.028662 -4.205567 1.884290 3.488407 8.599809 0.000000 0.000000 0.000000 -0.802565 0.019795 -7.039106 -0.840445 0.247660 0.189624 2.689448 -3.983989 -0.197010 -9.264726 7.121137 -1.713161 0.000000 0.000000 0.000000 -7.382647 7.607501 -4.619933 -59.952509 -29.294276 7.344724 -96.907512 -79.368008 84.924254 0.000000 0.000000 0.000000 6.227486 -10.087790 -4.149733 59.877476 -10.016500 -9.009058 9.022867 25.931862 3.382891 0.000000 0.000000 0.000000 
-0.080512 0.938969 0.016469 -3.115184 30.645443 4.528198 5.008880 -0.465656 -0.163917 2.070062 0.049749 -10.733392 -2.041044 2.517135 8.487363 0.000000 0.000000 0.000000 -0.100755 0.477624 -4.885548 -1.598487 0.020080 -4.460043 2.018579 3.788565 8.446123 0.000000 0.000000 0.000000 -0.694879 0.021221 -7.237127 -0.922903 0.285308 0.187459 2.866977 -4.089254 -0.351156 -9.163728 7.059446 -2.057515 0.000000 0.000000 0.000000 -7.278471 8.458910 -4.889915 -59.903486 -27.612575 6.436092 -108.277745 -77.297644 94.495027 0.000000 0.000000 0.000000 5.771996 -10.623540 -4.358815 59.626839 -10.525749 -9.179403 9.954259 26.099719 3.610431 0.000000 0.000000 0.000000 
-0.079405 0.938733 0.017351 -3.220329 30.355006 4.420007 4.818876 -0.440262 -0.057153 2.338764 0.065039 -10.514739 -1.665144 2.878788 8.140678 0.000000 0.000000 0.000000 -0.144315 0.463490 -4.733738 -1.659167 0.025976 -4.461122 2.088839 3.924629 8.340598 0.000000 0.000000 0.000000 -0.534335 0.026695 -7.478024 -1.048120 0.354002 0.120334 2.862754 -3.989572 -0.401468 -8.950074 6.907384 -2.130052 0.000000 0.000000 0.000000 -7.317660 9.243170 -5.187397 -60.132313 -26.124584 5.653867 -115.175038 -75.213956 99.742495 0.000000 0.000000 0.000000 5.594919 -10.664604 -4.366643 59.286317 -10.906987 -9.295758 11.125061 26.763476 3.989134 0.000000 0.000000 0.000000 
-0.078172 0.938336 0.018176 -3.349939 30.309214 4.205008 4.922095 -0.448075 0.029685 2.303679 0.066251 -10.360956 -1.572946 2.948470 8.027848 0.000000 0.000000 0.000000 -0.159291 0.449667 -4.581907 -1.644073 0.024884 -4.449231 2.191999 4.153573 8.202016 0.000000 0.000000 0.000000 -0.415639 0.029827 -7.644205 -1.143995 0.407085 0.056356 2.818740 -3.969736 -0.458447 -8.577509 6.660226 -2.587477 0.000000 0.000000 0.000000 -7.327127 9.580645 -5.314347 -60.835772 -24.826960 5.000946 -121.714257 -74.502363 106.280163 0.000000 0.000000 0.000000 5.570115 -11.068170 -4.537369 58.903722 -11.659892 -9.572717 13.602387 28.851401 5.010191 0.000000 0.000000 0.000000 
-0.076968 0.938333 0.018967 -3.381378 30.269528 4.191685 4.758762 -0.431437 -0.048140 2.601048 0.077612 -10.035141 -1.568988 2.920242 7.972537 0.000000 0.000000 0.000000 -0.240735 0.440150 -4.528381 -1.728852 0.046875 -4.245392 2.305151 4.432825 7.906026 0.000000 0.000000 0.000000 -0.307412 0.028848 -7.936534 -1.208941 0.469876 -0.220907 2.577900 -4.038522 -0.373864 -8.456153 6.584582 -2.780591 0.000000 0.000000 0.000000 -7.555334 10.166107 -5.606210 -61.695183 -24.310988 4.769386 -128.201424 -74.707176 114.006009 0.000000 0.000000 0.000000 5.541466 -11.398461 -4.675376 58.499157 -12.194773 -9.749093 16.847724 31.868325 6.605069 0.000000 0.000000 0.000000 
-0.075865 0.938172 0.019542 -3.416926 30.601017 4.062950 4.962353 -0.456273 -0.090965 2.529261 0.074078 -9.776233 -1.789807 2.308535 7.573214 0.000000 0.000000 0.000000 -0.401294 0.422402 -4.462483 -1.493945 0.039010 -3.928587 2.437306 4.811178 7.389505 0.000000 0.000000 0.000000 -0.433261 0.013378 -8.181555 -1.209266 0.468583 -0.219146 2.641508 -4.244515 -0.465059 -8.234836 6.420450 -2.583372 0.000000 0.000000 0.000000 -7.494834 10.560788 -5.727745 -63.480431 -24.601174 5.045948 -135.766425 -75.647901 123.880481 0.000000 0.000000 0.000000 5.592334 -11.904476 -4.896135 58.580688 -12.735185 -10.009552 19.239039 35.889353 8.430483 0.000000 0.000000 0.000000 
-0.074877 0.938397 0.019862 -3.427342 30.906248 4.212822 4.821147 -0.447494 -0.190069 2.807905 0.076737 -9.791971 -2.046569 2.087729 7.831730 0.000000 0.000000 0.000000 -0.373124 0.417152 -4.379230 -1.656632 0.051530 -4.062070 2.507921 5.011325 7.240176 0.000000 0.000000 0.000000 -0.503354 -0.003170 -8.475560 -1.242891 0.495426 -0.355248 2.704003 -4.408835 -0.574394 -7.866255 6.165931 -2.738483 0.000000 0.000000 0.000000 -7.988670 10.773541 -5.971450 -64.751701 -24.739877 5.263923 -143.852048 -76.516440 134.350102 0.000000 0.000000 0.000000 6.166165 -12.679945 -5.279937 59.054705 -12.757689 -10.121264 20.253491 40.649571 10.212513 0.000000 0.000000 0.000000 
-0.073861 0.938408 0.019895 -3.375608 31.418894 4.176385 4.767689 -0.448227 -0.240558 2.949116 0.074249 -9.610908 -2.377497 1.420315 7.604562 0.000000 0.000000 0.000000 -0.633107 0.390738 -4.314428 -1.400866 0.043753 -3.681499 2.340525 4.780260 6.624189 0.000000 0.000000 0.000000 -0.533099 -0.021964 -8.754538 -1.273520 0.504924 -0.355499 2.661197 -4.487087 -0.446278 -7.548966 5.949944 -2.720102 0.000000 0.000000 0.000000 -8.295744 10.836199 -6.116129 -66.077690 -25.149874 5.579816 -153.524254 -77.208528 146.567314 0.000000 0.000000 0.000000 6.680560 -13.081320 -5.492885 59.715865 -12.950046 -10.340652 21.027480 46.475878 12.461317 0.000000 0.000000 0.000000 
-0.072800 0.938600 0.019691 -3.318682 31.687496 4.225625 4.509689 -0.423715 -0.229609 3.310885 0.078200 -9.580365 -2.763013 1.055839 7.954028 0.000000 0.000000 0.000000 -0.845432 0.376926 -4.345689 -1.449259 0.067703 -3.357388 2.193770 4.473666 6.663397 0.000000 0.000000 0.000000 -0.465938 -0.027231 -8.902180 -1.307660 0.505138 -0.260867 2.809657 -4.633472 -0.620308 -7.455064 5.887659 -2.852206 0.000000 0.000000 0.000000 -8.947298 11.007577 -6.396866 -66.719596 -24.843907 5.523298 -162.877031 -76.991878 158.135766 0.000000 0.000000 0.000000 6.980467 -14.151086 -5.997024 60.670468 -12.816022 -10.431852 22.925332 52.606230 15.533152 0.000000 0.000000 0.000000 
-0.071712 0.938872 0.019232 -3.352783 32.074666 4.214565 4.387530 -0.420318 -0.467980 3.712461 0.080227 -9.371442 -2.937558 0.533649 7.593286 0.000000 0.000000 0.000000 -1.022156 0.358159 -4.294538 -1.246850 0.055463 -3.095329 2.024538 4.186978 6.231970 0.000000 0.000000 0.000000 -0.447703 -0.040320 -9.167169 -1.175337 0.395762 0.115226 2.857538 -4.414860 -0.964616 -7.130349 5.645567 -2.873917 0.000000 0.000000 0.000000 -9.020257 11.068519 -6.469718 -67.253207 -24.766682 5.493353 -170.675146 -77.437288 167.864666 0.000000 0.000000 0.000000 7.207338 -14.037894 -5.958348 62.179991 -11.729666 -10.086694 23.620524 59.468692 18.682428 0.000000 0.000000 0.000000 
-0.070863 0.939400 0.018466 -3.173191 32.095298 4.291604 4.027582 -0.379587 -0.291083 3.940638 0.083246 -9.448627 -3.143686 0.384249 7.846717 0.000000 0.000000 0.000000 -1.331035 0.350174 -4.509199 -1.402810 0.109584 -2.384777 1.949758 4.082530 5.721797 0.000000 0.000000 0.000000 -0.353664 -0.043763 -9.392359 -1.039221 0.277796 0.547094 2.790096 -4.430812 -1.202032 -7.158192 5.617852 -2.324316 0.000000 0.000000 0.000000 -9.113995 11.396944 -6.619970 -67.294959 -24.696178 5.494503 178.299783 -77.680421 -178.330057 0.000000 0.000000 0.000000 7.289459 -14.076452 -5.989095 63.055740 -9.560289 -9.110302 27.376968 66.942482 24.422622 0.000000 0.000000 0.000000 
-0.070334 0.939880 0.017185 -3.073130 31.769886 4.199978 3.965275 -0.366385 -0.153274 4.059966 0.085513 -9.161320 -3.071153 0.358091 7.675722 0.000000 0.000000 0.000000 -1.651422 0.331515 -4.584883 -1.143200 0.093201 -1.898350 1.855352 3.906181 5.253522 0.000000 0.000000 0.000000 -0.353828 -0.028569 -9.111797 -0.841130 0.248892 0.129074 2.746201 -4.179500 -0.690851 -6.745921 5.322115 -1.990271 0.000000 0.000000 0.000000 -8.931792 11.196993 -6.500751 -66.867324 -24.905890 5.495657 166.168143 -77.218560 -163.187283 0.000000 0.000000 0.000000 7.318425 -13.320722 -5.643658 64.003815 -6.431153 -7.616448 35.463390 75.906747 35.763634 0.000000 0.000000 0.000000 
-0.070068 0.940478 0.015574 -2.950555 31.659161 4.218217 3.675502 -0.332868 -0.045839 4.092023 0.087732 -9.294211 -2.962689 0.705978 7.904872 0.000000 0.000000 0.000000 -1.810601 0.344356 -4.974643 -1.275928 0.135992 -1.271750 1.906062 4.039100 4.988208 0.000000 0.000000 0.000000 -0.353883 -0.024063 -8.987290 -0.643792 0.125167 0.392096 2.726628 -4.108397 -0.819501 -6.381633 4.995618 -1.240373 0.000000 0.000000 0.000000 -8.883147 10.915098 -6.370394 -66.265306 -25.065280 5.577004 153.516462 -75.213095 -146.462225 0.000000 0.000000 0.000000 7.586899 -12.088070 -5.118180 63.949228 -2.744003 -5.719666 60.760248 83.303772 64.289576 0.000000 0.000000 0.000000 
-0.069899 0.940825 0.013998 -2.945965 31.481263 3.993733 3.652255 -0.325686 0.043572 4.252788 0.085535 -8.851717 -2.956276 0.661006 7.837436 0.000000 0.000000 0.000000 -1.832276 0.354057 -5.177955 -1.139471 0.137675 -0.609490 1.977156 4.235037 4.576759 0.000000 0.000000 0.000000 -0.276144 -0.005217 -8.614754 -0.442268 0.077791 0.092824 2.522358 -3.979917 -0.392226 -5.931386 4.679642 -1.222220 0.000000 0.000000 0.000000 -8.475837 10.685933 -6.161682 -66.055586 -25.387968 5.651741 147.806008 -73.009264 -137.850117 0.000000 0.000000 0.000000 7.179462 -11.376252 -4.756647 64.264411 0.616339 -3.901998 135.213576 84.790564 142.193729 0.000000 0.000000 0.000000 
-0.069707 0.941247 0.012688 -2.861701 31.595430 4.004621 3.497359 -0.310668 0.066505 4.256383 0.086710 -9.044155 -3.008594 0.752170 8.064134 0.000000 0.000000 0.000000 -1.830426 0.361998 -5.332757 -1.347018 0.180444 -0.254847 1.949881 4.190657 4.465857 0.000000 0.000000 0.000000 -0.423389 -0.008805 -8.371185 -0.287219 -0.032155 0.366676 2.619748 -4.001384 -0.578210 -5.759806 4.492126 -0.599556 0.000000 0.000000 0.000000 -8.312914 10.150504 -5.897095 -65.631621 -25.427445 5.657743 143.736496 -70.455547 -130.666068 0.000000 0.000000 0.000000 7.281784 -10.062912 -4.179344 64.195306 3.953430 -2.120497 174.466382 81.840872 -174.648267 0.000000 0.000000 0.000000 
-0.069499 0.941563 0.011608 -2.979163 31.795018 3.864913 3.530860 -0.312415 0.181269 4.216802 0.085201 -9.126286 -3.039300 0.867096 8.266389 0.000000 0.000000 0.000000 -1.877901 0.354777 -5.343581 -1.280510 0.173186 -0.143365 1.835078 3.914485 4.647178 0.000000 0.000000 0.000000 -0.511646 -0.013424 -8.261777 0.005704 -0.186276 0.493655 2.479317 -4.092287 -0.373709 -5.608709 4.381051 -0.533869 0.000000 0.000000 0.000000 -8.003614 9.906812 -5.707573 -65.357674 -25.560610 5.659416 143.015978 -68.604752 -128.167412 0.000000 0.000000 0.000000 6.787289 -9.062203 -3.703838 63.935501 6.801878 -0.544703 -169.417488 79.266891 -154.764756 0.000000 0.000000 0.000000 
-0.069320 0.942170 0.010643 -2.968232 31.764847 3.675885 3.473883 -0.297266 0.520802 4.079516 0.085682 -9.348724 -2.902484 1.137446 8.335386 0.000000 0.000000 0.000000 -1.851756 0.344134 -5.159935 -1.386149 0.194318 0.010367 1.930683 4.119295 4.700949 0.000000 0.000000 0.000000 -0.604391 -0.010874 -8.016649 -0.046960 -0.194952 0.734620 2.745385 -4.083616 -0.336903 -5.518576 4.279095 -0.095745 0.000000 0.000000 0.000000 -7.474000 9.498690 -5.369814 -65.103537 -26.131551 5.944055 141.610897 -66.460781 -124.342897 0.000000 0.000000 0.000000 6.495696 -8.018602 -3.236745 63.447138 8.853990 0.528798 -160.643783 77.666046 -143.318013 0.000000 0.000000 0.000000 
-0.069242 0.942613 0.009808 -3.030087 31.893014 3.410702 3.448201 -0.286550 0.889054 4.013653 0.083996 -9.462490 -2.849223 1.148131 8.215364 0.000000 0.000000 0.000000 -1.729542 0.335909 -4.929269 -1.397678 0.196865 0.031648 1.768500 3.761960 4.687791 0.000000 0.000000 0.000000 -0.822575 -0.021943 -7.894476 0.345840 -0.370799 0.685989 2.728021 -4.305277 0.147678 -5.237121 4.107691 -0.275612 0.000000 0.000000 0.000000 -7.074727 9.231564 -5.134711 -64.567668 -26.941003 6.300567 141.062305 -64.314830 -121.453194 0.000000 0.000000 0.000000 6.089688 -7.070948 -2.809352 62.608213 10.667803 1.401728 -155.182514 75.950314 -135.381269 0.000000 0.000000 0.000000 
-0.069269 0.942981 0.009085 -3.092219 31.856750 3.343634 3.521090 -0.291898 0.992519 4.015944 0.084289 -9.490332 -2.834512 1.168663 8.216329 0.000000 0.000000 0.000000 -1.731455 0.334057 -4.904595 -1.266256 0.175766 0.021177 1.814704 3.855611 4.752125 0.000000 0.000000 0.000000 -0.868743 -0.023494 -7.878892 0.400218 -0.411139 0.790285 2.796245 -4.230083 0.212073 -5.118166 3.990279 0.025575 0.000000 0.000000 0.000000 -6.393101 8.751570 -4.739743 -63.896923 -28.230688 6.920929 139.955755 -62.251480 -117.920534 0.000000 0.000000 0.000000 5.600692 -6.437114 -2.522786 61.966994 11.743908 1.951364 -153.178909 74.378695 -131.647852 0.000000 0.000000 0.000000 
-0.069396 0.943312 0.008456 -3.138261 31.858205 3.229400 3.515992 -0.288642 1.128069 4.063022 0.084672 -9.532062 -2.848870 1.186311 8.271596 0.000000 0.000000 0.000000 -1.626694 0.337696 -4.840944 -1.400310 0.198425 0.067095 1.861627 3.933849 4.990187 0.000000 0.000000 0.000000 -0.940691 -0.023469 -7.740153 0.585678 -0.490057 0.739191 2.842916 -4.358051 0.434257 -5.129446 4.014141 -0.013905 0.000000 0.000000 0.000000 -5.959365 8.644558 -4.556832 -63.271662 -29.443553 7.502981 139.771845 -60.315782 -115.529473 0.000000 0.000000 0.000000 5.175849 -5.850381 -2.268574 61.069621 13.237020 2.647872 -151.249105 73.039839 -128.142493 0.000000 0.000000 0.000000 
-0.069531 0.943653 0.007846 -3.182707 31.958981 3.220735 3.557631 -0.293970 1.142926 4.187130 0.085716 -9.667972 -3.019917 1.037623 8.445409 0.000000 0.000000 0.000000 -1.538109 0.336232 -4.713305 -1.471208 0.204099 -0.125131 1.895495 4.000744 5.124024 0.000000 0.000000 0.000000 -0.999948 -0.022957 -7.593471 0.692782 -0.531314 0.670919 2.837115 -4.401917 0.366213 -5.069963 3.961254 0.038075 0.000000 0.000000 0.000000 -5.701789 8.356122 -4.372021 -62.308241 -30.285398 7.846608 140.032555 -58.841367 -114.317392 0.000000 0.000000 0.000000 4.773987 -5.463026 -2.100269 60.484627 14.230783 3.145245 -150.368828 71.401403 -125.620852 0.000000 0.000000 0.000000 
-0.069628 0.943877 0.007263 -3.166921 32.155501 3.300165 3.542388 -0.297541 0.976829 4.263530 0.084679 -9.599105 -3.265032 0.825596 8.684443 0.000000 0.000000 0.000000 -1.474269 0.341554 -4.722857 -1.565788 0.219328 -0.109192 1.722774 3.608245 5.314968 0.000000 0.000000 0.000000 -1.130799 -0.029445 -7.514622 0.745927 -0.541083 0.556199 2.843219 -4.480913 0.399732 -5.018090 3.957316 -0.294786 0.000000 0.000000 0.000000 -5.476230 8.294210 -4.281008 -61.385688 -30.702537 7.920357 140.435126 -57.659670 -113.574025 0.000000 0.000000 0.000000 4.416421 -5.329085 -2.039208 59.651148 14.941037 3.439488 -148.864530 69.642130 -122.045481 0.000000 0.000000 0.000000 
-0.069603 0.944157 0.006689 -3.139366 32.223517 3.394257 3.506064 -0.296676 0.873998 4.398679 0.086195 -9.712624 -3.516297 0.593402 8.920937 0.000000 0.000000 0.000000 -1.589387 0.332904 -4.730385 -1.530192 0.211024 -0.195991 1.558191 3.228934 5.502758 0.000000 0.000000 0.000000 -1.121227 -0.027089 -7.444510 0.707890 -0.490487 0.333981 2.769890 -4.379189 0.436721 -4.904133 3.847003 -0.077700 0.000000 0.000000 0.000000 -5.319174 8.320851 -4.250532 -60.702255 -30.852631 7.859492 141.114340 -57.321541 -114.239579 0.000000 0.000000 0.000000 4.276679 -5.427289 -2.072558 59.120538 15.319083 3.600399 -148.839074 68.361436 -120.669162 0.000000 0.000000 0.000000 
-0.069498 0.944451 0.006166 -3.132024 32.527483 3.578857 3.412783 -0.296722 0.567364 4.589289 0.086033 -9.754749 -3.839527 0.295479 9.196589 0.000000 0.000000 0.000000 -1.533883 0.347277 -4.882368 -1.611059 0.218395 -0.358754 1.341690 2.738662 5.871157 0.000000 0.000000 0.000000 -1.131089 -0.029139 -7.428716 0.760042 -0.518607 0.333921 2.740367 -4.576293 0.142700 -4.623686 3.665774 -0.464204 0.000000 0.000000 0.000000 -5.114447 8.715710 -4.321978 -60.521256 -30.341539 7.562397 142.327797 -56.996113 -115.583392 0.000000 0.000000 0.000000 3.800153 -5.692176 -2.182041 58.837896 15.669570 3.813651 -148.632579 67.451989 -119.603875 0.000000 0.000000 0.000000 
-0.069396 0.944797 0.005708 -3.191102 32.822291 3.705005 3.407453 -0.301949 0.456777 4.790386 0.086525 -9.935910 -4.134505 0.116951 9.568556 0.000000 0.000000 0.000000 -1.473325 0.348682 -4.838502 -1.666451 0.214857 -0.719552 1.265426 2.566106 6.217954 0.000000 0.000000 0.000000 -1.027273 -0.019261 -7.202938 0.759494 -0.482543 0.074760 2.728880 -4.671540 -0.013451 -4.358380 3.482622 -0.657713 0.000000 0.000000 0.000000 -4.980825 9.099277 -4.419143 -60.507368 -29.489887 7.072168 144.674700 -57.079851 -119.119907 0.000000 0.000000 0.000000 3.407699 -6.219026 -2.391386 58.605448 15.795723 3.914622 -149.297647 66.613912 -119.609279 0.000000 0.000000 0.000000 
-0.069435 0.945235 0.005308 -3.231434 33.243345 3.775670 3.314784 -0.302744 0.177782 5.050196 0.085927 -10.044979 -4.507613 -0.236482 9.850335 0.000000 0.000000 0.000000 -1.416500 0.345921 -4.765677 -1.609868 0.198784 -0.944163 1.048835 2.108269 6.422025 0.000000 0.000000 0.000000 -0.867649 -0.009692 -7.020801 0.772351 -0.471490 -0.063325 2.580932 -4.798917 -0.014699 -3.962735 3.223068 -0.981465 0.000000 0.000000 0.000000 -4.866354 9.464137 -4.518169 -60.437154 -28.648612 6.564357 146.194738 -57.243473 -121.616083 0.000000 0.000000 0.000000 3.041970 -6.667941 -2.565772 58.548940 15.795927 3.968659 -150.663628 65.625741 -120.368086 0.000000 0.000000 0.000000 
-0.069634 0.945684 0.004926 -3.298157 33.684775 3.980689 3.339604 -0.316290 -0.081226 5.199757 0.084148 -10.153319 -4.648437 -0.303905 10.007646 0.000000 0.000000 0.000000 -1.246766 0.368268 -4.902529 -1.612855 0.190641 -1.188502 0.800489 1.597860 6.515078 0.000000 0.000000 0.000000 -0.765548 -0.006963 -6.964235 0.857586 -0.476251 -0.321106 2.454731 -4.797092 0.000723 -3.669436 3.041596 -1.288659 0.000000 0.000000 0.000000 -4.559760 9.991876 -4.615170 -60.589302 -27.515195 5.873845 149.082365 -57.324190 -126.181799 0.000000 0.000000 0.000000 2.775097 -7.421004 -2.861021 58.443399 15.859717 4.067357 -151.482378 64.944395 -120.576550 0.000000 0.000000 0.000000 
-0.069928 0.946080 0.004587 -3.443662 34.172392 4.332627 3.420006 -0.344188 -0.617584 5.464940 0.083889 -10.425678 -4.963030 -0.400002 10.487547 0.000000 0.000000 0.000000 -1.019019 0.410015 -5.243705 -1.554101 0.172753 -1.443658 0.405448 0.777614 6.600467 0.000000 0.000000 0.000000 -0.714506 -0.012330 -7.076021 0.888108 -0.493389 -0.344460 2.486992 -4.766380 -0.270502 -3.375986 2.859447 -1.625303 0.000000 0.000000 0.000000 -4.438315 10.511839 -4.764140 -60.693017 -26.132016 5.096774 152.550805 -57.384187 -131.759873 0.000000 0.000000 0.000000 2.491035 -7.932549 -3.058639 58.273152 15.776551 4.096106 -153.356782 63.601579 -121.777188 0.000000 0.000000 0.000000 
-0.070270 0.946616 0.004332 -3.548084 34.453947 4.549727 3.586258 -0.373177 -0.943929 5.541138 0.082748 -10.634214 -5.102553 -0.400121 10.747390 0.000000 0.000000 0.000000 -0.796498 0.445419 -5.494959 -1.689468 0.184765 -1.649909 0.162972 0.276204 6.906256 0.000000 0.000000 0.000000 -0.678614 -0.013385 -7.052589 1.039911 -0.523110 -0.625380 2.443507 -4.614591 -0.319457 -3.120816 2.686585 -1.742351 0.000000 0.000000 0.000000 -4.481397 11.206550 -5.032532 -60.837333 -24.516353 4.172450 156.820084 -57.427615 -138.765598 0.000000 0.000000 0.000000 2.445973 -8.419637 -3.251052 58.052677 15.921499 4.202183 -155.293097 62.856343 -123.606024 0.000000 0.000000 0.000000 
-0.070585 0.947145 0.004179 -3.664252 34.635874 4.842840 3.694424 -0.394738 -1.204617 5.746690 0.084629 -11.068183 -5.280493 -0.242351 11.310157 0.000000 0.000000 0.000000 -0.519730 0.495857 -5.876454 -1.740135 0.186844 -1.780935 -0.102201 -0.275319 6.882240 0.000000 0.000000 0.000000 -0.655892 -0.011446 -6.981343 1.202701 -0.558754 -0.892289 2.467419 -4.532348 -0.555874 -2.613064 2.366905 -2.168665 0.000000 0.000000 0.000000 -4.386942 11.803311 -5.211641 -60.981532 -22.481144 3.059638 160.878431 -57.124282 -145.375491 0.000000 0.000000 0.000000 2.057277 -8.874815 -3.422147 58.039628 15.909826 4.295925 -157.585098 62.195975 -126.302599 0.000000 0.000000 0.000000 
-0.070881 0.947366 0.004041 -3.766153 34.709767 5.030600 3.841011 -0.416249 -1.372897 5.786973 0.084237 -11.386547 -5.284600 -0.038124 11.583424 0.000000 0.000000 0.000000 -0.349455 0.531918 -6.194808 -1.790030 0.193598 -1.791696 -0.159059 -0.384046 6.915847 0.000000 0.000000 0.000000 -0.626708 -0.013710 -7.055057 1.204617 -0.523060 -1.140695 2.527568 -4.475147 -0.521658 -2.351422 2.220007 -2.459493 0.000000 0.000000 0.000000 -4.591974 12.235118 -5.441326 -61.305065 -20.810442 2.154125 164.954985 -57.187274 -152.436598 0.000000 0.000000 0.000000 1.949293 -8.967469 -3.456359 57.964267 16.015857 4.361557 -158.789644 62.071487 -127.874060 0.000000 0.000000 0.000000 
-0.071142 0.947358 0.003841 -3.935000 34.745699 5.248469 3.917755 -0.433265 -1.609838 6.057245 0.088555 -11.596444 -5.241850 0.239629 11.857264 0.000000 0.000000 0.000000 -0.139093 0.576067 -6.572335 -1.798431 0.195314 -1.777294 -0.263901 -0.597091 6.987814 0.000000 0.000000 0.000000 -0.693815 -0.020520 -7.188679 1.428443 -0.588058 -1.378120 2.596311 -4.450662 -0.570247 -2.158726 2.105726 -2.641711 0.000000 0.000000 0.000000 -4.466584 12.563501 -5.512851 -61.828460 -19.430251 1.379955 168.336575 -56.890669 -158.247053 0.000000 0.000000 0.000000 1.662898 -9.016059 -3.468234 58.096708 16.129720 4.484826 -160.233607 62.141097 -130.045217 0.000000 0.000000 0.000000 
-0.071365 0.947169 0.003547 -4.003997 34.669733 5.432380 3.945306 -0.441486 -1.764031 6.141839 0.091395 -11.579516 -5.151289 0.257319 11.695797 0.000000 0.000000 0.000000 -0.018421 0.608847 -6.903356 -1.812737 0.202211 -1.653735 -0.248335 -0.562268 6.920026 0.000000 0.000000 0.000000 -0.796496 -0.030943 -7.378035 1.575288 -0.632283 -1.528297 2.618160 -4.398695 -0.539745 -2.117467 2.094058 -2.766039 0.000000 0.000000 0.000000 -4.286656 12.486432 -5.422193 -62.425893 -19.046965 1.137837 169.826799 -57.052853 -161.024747 0.000000 0.000000 0.000000 1.700294 -8.699971 -3.344461 57.913302 16.909910 4.848325 -160.636765 62.548750 -130.931990 0.000000 0.000000 0.000000 
-0.071560 0.946796 0.003095 -4.088761 34.647806 5.543542 4.016213 -0.448546 -1.740244 6.293410 0.094434 -11.780699 -4.946147 0.624268 11.760076 0.000000 0.000000 0.000000 0.121494 0.632640 -7.067983 -1.853235 0.208464 -1.639372 -0.298267 -0.666217 6.928647 0.000000 0.000000 0.000000 -0.977821 -0.042085 -7.465359 1.765605 -0.685495 -1.740915 2.735772 -4.518856 -0.530814 -2.093112 2.086430 -2.840466 0.000000 0.000000 0.000000 -3.993610 12.402308 -5.283641 -63.050025 -19.108082 1.145109 170.325023 -56.799769 -161.725995 0.000000 0.000000 0.000000 1.649915 -8.277177 -3.175485 57.769302 17.540626 5.124751 -160.631372 62.784188 -131.182892 0.000000 0.000000 0.000000 
-0.071677 0.946448 0.002529 -4.101296 34.608180 5.572847 4.013793 -0.447729 -1.731817 6.297935 0.095036 -11.528219 -4.783606 0.673523 11.480444 0.000000 0.000000 0.000000 0.185366 0.642409 -7.126755 -1.881085 0.212236 -1.641950 -0.289163 -0.646908 6.962489 0.000000 0.000000 0.000000 -1.233725 -0.053521 -7.441715 1.929913 -0.756818 -1.759887 2.771665 -4.462184 -0.528862 -2.135204 2.094441 -2.690156 0.000000 0.000000 0.000000 -3.741790 12.086456 -5.085669 -63.461494 -19.963949 1.595388 169.436396 -56.872664 -160.209152 0.000000 0.000000 0.000000 1.829796 -7.870815 -3.016734 57.843696 18.570967 5.647146 -159.326915 62.664611 -129.042510 0.000000 0.000000 0.000000 
-0.071742 0.945952 0.001960 -4.150834 34.415642 5.563137 4.029235 -0.441685 -1.517696 6.414240 0.098746 -11.536389 -4.601341 0.853231 11.355412 0.000000 0.000000 0.000000 0.241871 0.636671 -6.939095 -1.981247 0.212446 -1.958644 -0.203824 -0.470187 7.079884 0.000000 0.000000 0.000000 -1.465196 -0.072727 -7.653513 2.028878 -0.809469 -1.707502 3.032156 -4.440255 -0.461436 -2.208180 2.074526 -2.176596 0.000000 0.000000 0.000000 -3.548751 12.029625 -4.994480 -63.838813 -20.553756 1.917698 168.845736 -56.248007 -158.699912 0.000000 0.000000 0.000000 1.875258 -7.214649 -2.755892 57.804574 19.505018 6.082154 -157.531406 62.400834 -126.174686 0.000000 0.000000 0.000000 
-0.071727 0.945932 0.001369 -4.249947 34.353202 5.522205 4.033916 -0.439891 -1.447795 6.556917 0.101356 -11.545067 -4.718546 0.748293 11.471307 0.000000 0.000000 0.000000 0.281151 0.625212 -6.704229 -1.834698 0.178260 -2.264824 -0.221074 -0.510030 7.252854 0.000000 0.000000 0.000000 -1.587844 -0.087063 -7.836435 2.062167 -0.840812 -1.604068 3.161326 -4.303899 -0.341577 -2.078390 1.907563 -1.666799 0.000000 0.000000 0.000000 -3.545464 11.802527 -4.920308 -63.995780 -20.935245 2.115441 169.061300 -55.366270 -158.623200 0.000000 0.000000 0.000000 2.120860 -6.971102 -2.660247 57.892454 20.147004 6.401850 -156.699748 61.671357 -124.140937 0.000000 0.000000 0.000000 
-0.071678 0.945716 0.000784 -4.309968 34.238450 5.525303 3.934331 -0.430290 -1.472890 6.577122 0.102561 -11.540659 -4.665323 0.875538 11.539111 0.000000 0.000000 0.000000 0.321602 0.618796 -6.549560 -1.851164 0.165646 -2.577867 -0.238269 -0.549654 7.498035 0.000000 0.000000 0.000000 -1.742493 -0.104966 -8.046702 2.193968 -0.922633 -1.468321 3.318172 -4.146444 -0.284753 -2.261691 1.990361 -1.295244 0.000000 0.000000 0.000000 -3.356970 11.749987 -4.836808 -64.096558 -21.039866 2.135764 168.994435 -54.797153 -158.166981 0.000000 0.000000 0.000000 2.103375 -6.504776 -2.472411 58.023283 20.704577 6.716577 -155.774038 61.155842 -122.186811 0.000000 0.000000 0.000000 
-0.071575 0.945398 0.000182 -4.290578 34.097769 5.447888 3.864885 -0.418453 -1.349402 6.563266 0.103435 -11.436098 -4.514726 0.875583 11.230808 0.000000 0.000000 0.000000 0.206968 0.592346 -6.291619 -1.714414 0.140065 -2.720419 -0.128190 -0.329744 7.427626 0.000000 0.000000 0.000000 -1.796019 -0.113510 -8.199954 2.047677 -0.881332 -1.302189 3.436195 -3.986391 -0.325783 -2.270538 1.910004 -0.728069 0.000000 0.000000 0.000000 -3.330540 11.819511 -4.849631 -64.404889 -20.661205 1.912027 170.186173 -54.228925 -160.069256 0.000000 0.000000 0.000000 2.159656 -6.356673 -2.412686 58.413161 20.851243 6.880613 -155.770141 60.747017 -121.803533 0.000000 0.000000 0.000000 
-0.071400 0.945023 -0.000430 -4.270416 33.675603 5.527854 3.803965 -0.406323 -1.229386 6.597965 0.108957 -11.425378 -4.489619 0.769255 11.087566 0.000000 0.000000 0.000000 0.056358 0.586973 -6.359539 -1.489744 0.115100 -2.583209 -0.061943 -0.219907 7.123808 0.000000 0.000000 0.000000 -1.883061 -0.131292 -8.565789 2.044011 -0.901460 -1.158147 3.605642 -3.712079 -0.120066 -2.197430 1.790323 -0.285636 0.000000 0.000000 0.000000 -3.428138 12.067685 -4.969247 -64.495364 -20.193356 1.626997 170.811945 -53.826954 -160.961998 0.000000 0.000000 0.000000 2.373140 -6.274637 -2.378496 58.682827 21.434979 7.217903 -155.297143 60.303673 -120.618702 0.000000 0.000000 0.000000 
-0.071196 0.944483 -0.000981 -4.052006 33.488517 5.648660 3.640943 -0.383913 -1.056713 6.462665 0.110567 -11.553424 -4.372480 0.870381 10.999259 0.000000 0.000000 0.000000 -0.250743 0.564666 -6.399096 -1.270776 0.092828 -2.392477 0.118457 0.154666 6.915308 0.000000 0.000000 0.000000 -2.086175 -0.160875 -8.928102 1.999685 -0.919193 -0.916507 3.657059 -3.744964 -0.166498 -2.362012 1.775947 0.603084 0.000000 0.000000 0.000000 -3.687642 12.282479 -5.127711 -65.119402 -20.372055 1.789210 170.845069 -54.341725 -161.143462 0.000000 0.000000 0.000000 2.389806 -6.038629 -2.284920 59.437642 21.642854 7.488569 -155.239183 59.810278 -120.297145 0.000000 0.000000 0.000000 
-0.070933 0.944029 -0.001470 -4.150580 33.332916 5.578273 3.805275 -0.393916 -0.851201 6.386082 0.111905 -11.690000 -4.594305 0.583131 11.119088 0.000000 0.000000 0.000000 -0.317053 0.564406 -6.470049 -1.008711 0.060121 -2.286663 0.255688 0.439942 6.828328 0.000000 0.000000 0.000000 -2.151420 -0.181366 -9.250813 2.054733 -0.985839 -0.658102 3.792271 -3.786482 -0.337086 -2.422826 1.658834 1.645424 0.000000 0.000000 0.000000 -3.962597 12.481943 -5.285491 -65.543807 -20.557306 1.975001 170.446579 -54.442687 -160.271541 0.000000 0.000000 0.000000 2.854593 -6.122640 -2.322684 59.470910 22.137117 7.717502 -154.380931 59.765421 -119.229837 0.000000 0.000000 0.000000 
-0.070608 0.943742 -0.001791 -4.006194 33.322934 5.673406 3.743703 -0.383630 -0.699580 6.346887 0.111988 -11.777914 -4.759016 0.399170 11.230558 0.000000 0.000000 0.000000 -0.331547 0.557974 -6.384182 -1.033525 0.065059 -2.248894 0.429269 0.820194 6.673801 0.000000 0.000000 0.000000 -2.303774 -0.209453 -9.532406 2.195385 -1.076151 -0.514803 3.926106 -4.125797 -0.524792 -2.594948 1.702874 2.276219 0.000000 0.000000 0.000000 -4.314970 12.666931 -5.460067 -66.054441 -21.402408 2.609268 167.637437 -55.062474 -155.117524 0.000000 0.000000 0.000000 2.873838 -6.085953 -2.315430 59.935113 22.236899 7.838338 -153.251665 59.420994 -117.597188 0.000000 0.000000 0.000000 
-0.070258 0.943402 -0.002052 -3.936175 33.443222 5.747810 3.764383 -0.387864 -0.733430 6.234373 0.108076 -11.702575 -4.994861 0.115153 11.335776 0.000000 0.000000 0.000000 -0.440646 0.543219 -6.323633 -0.748109 0.024115 -2.251784 0.249454 0.440134 6.451193 0.000000 0.000000 0.000000 -2.430015 -0.247350 -9.916183 2.165356 -1.094326 -0.329895 4.015260 -4.486914 -0.696158 -3.187584 2.097838 2.854951 0.000000 0.000000 0.000000 -4.608338 12.355219 -5.442826 -66.466867 -22.638252 3.479934 164.550369 -55.260744 -149.474127 0.000000 0.000000 0.000000 3.193252 -6.096506 -2.329489 59.784499 22.531539 7.896623 -151.825218 59.211761 -115.570090 0.000000 0.000000 0.000000 
-0.070032 0.943220 -0.002418 -3.791800 33.696059 6.026638 3.677827 -0.388847 -0.978525 6.243634 0.105596 -11.666324 -5.153262 -0.180050 11.242055 0.000000 0.000000 0.000000 -0.489003 0.546214 -6.440754 -0.668277 0.020036 -2.036990 0.197264 0.348380 6.088481 0.000000 0.000000 0.000000 -2.562841 -0.278953 -10.194712 2.274695 -1.163548 -0.241536 4.144813 -5.132307 -1.041515 -3.657216 2.384319 3.616992 0.000000 0.000000 0.000000 -4.552300 12.149470 -5.329092 -66.905146 -24.272322 4.639493 158.856007 -54.899531 -138.867164 0.000000 0.000000 0.000000 3.045032 -6.039684 -2.317343 59.797727 22.824937 8.018754 -150.460052 58.729962 -113.549964 0.000000 0.000000 0.000000 
-0.070034 0.943453 -0.003048 -3.709537 33.930426 6.026438 3.671536 -0.392573 -1.085787 6.268060 0.102136 -11.383833 -5.393847 -0.778059 10.929179 0.000000 0.000000 0.000000 -0.549594 0.536186 -6.397389 -0.493660 -0.001373 -1.895250 0.066289 0.070188 5.869195 0.000000 0.000000 0.000000 -2.605202 -0.298680 -10.363699 2.165644 -1.198134 0.248312 4.491162 -5.696552 -1.516454 -4.706602 3.211445 3.984368 0.000000 0.000000 0.000000 -4.664200 12.038585 -5.302833 -66.893627 -26.298189 6.063247 153.709315 -53.935357 -128.887661 0.000000 0.000000 0.000000 2.957860 -5.863269 -2.259064 59.123863 23.501671 8.186094 -148.206413 57.865913 -109.865752 0.000000 0.000000 0.000000 
-0.070354 0.944072 -0.004035 -3.816266 33.930485 6.008855 3.679797 -0.404880 -1.461381 6.449304 0.102059 -11.020245 -5.452108 -0.910999 10.870185 0.000000 0.000000 0.000000 -0.442580 0.549109 -6.450118 -0.493161 0.001108 -1.812779 0.123864 0.200118 5.736798 0.000000 0.000000 0.000000 -2.551313 -0.285302 -10.242631 2.293442 -1.259688 0.249605 4.493898 -5.915179 -1.766814 -5.131169 3.536134 4.197178 0.000000 0.000000 0.000000 -3.594678 11.252731 -4.670382 -67.146240 -28.919768 7.712373 148.152365 -52.029091 -117.654783 0.000000 0.000000 0.000000 2.725825 -5.619655 -2.160575 58.903896 24.642959 8.765822 -146.609957 56.407975 -105.994077 0.000000 0.000000 0.000000 
-0.070993 0.945298 -0.005485 -3.940544 33.663261 5.924529 3.854930 -0.418653 -1.435771 6.373150 0.104547 -11.006567 -5.200659 -0.603886 10.784695 0.000000 0.000000 0.000000 -0.421928 0.562810 -6.598119 -0.225292 -0.039005 -1.805266 0.017219 -0.057334 5.780537 0.000000 0.000000 0.000000 -2.347979 -0.240651 -9.931369 2.303611 -1.194340 -0.134695 4.629839 -6.143320 -1.507736 -5.695615 4.058102 3.861406 0.000000 0.000000 0.000000 -3.224275 10.537141 -4.306381 -66.768459 -31.514394 9.317104 143.981054 -50.011236 -108.471031 0.000000 0.000000 0.000000 2.625902 -4.520342 -1.729815 58.123817 26.402495 9.470455 -146.039679 54.770587 -103.363852 0.000000 0.000000 0.000000 
-0.071648 0.946068 -0.007051 -4.109224 33.317795 5.901119 4.012730 -0.434846 -1.549828 6.239953 0.105042 -10.796719 -4.811843 -0.303302 10.395136 0.000000 0.000000 0.000000 -0.276757 0.590789 -6.804577 -0.076779 -0.062938 -1.865814 -0.072784 -0.276344 5.853761 0.000000 0.000000 0.000000 -2.343241 -0.219158 -9.686603 2.361978 -1.195356 -0.278141 4.639164 -5.989175 -1.378627 -5.780541 4.162236 3.503370 0.000000 0.000000 0.000000 -2.376599 9.306793 -3.636665 -65.853183 -34.315396 10.856817 140.395360 -47.925349 -100.465602 0.000000 0.000000 0.000000 2.730083 -3.384685 -1.280272 57.037286 28.482816 10.295488 -145.666641 52.347871 -99.704295 0.000000 0.000000 0.000000 
-0.072076 0.946560 -0.008293 -4.105981 32.719956 6.026122 3.907127 -0.417007 -1.425807 6.102318 0.111852 -10.963298 -4.585533 -0.035450 10.343620 0.000000 0.000000 0.000000 -0.174293 0.610464 -6.888896 -0.067875 -0.062949 -1.846911 -0.304805 -0.828116 5.738516 0.000000 0.000000 0.000000 -2.336426 -0.211227 -9.763535 2.457503 -1.230824 -0.311389 4.817019 -5.779155 -1.287021 -6.076096 4.424459 3.310972 0.000000 0.000000 0.000000 -2.047528 8.696936 -3.336551 -64.868319 -36.743672 12.183025 137.605129 -46.612906 -94.643303 0.000000 0.000000 0.000000 2.294709 -2.287970 -0.849044 56.603331 31.220318 11.686874 -145.568955 51.023593 -98.001445 0.000000 0.000000 0.000000 
-0.072188 0.946752 -0.008933 -4.282155 32.292646 5.787224 4.246974 -0.434988 -1.004338 5.793766 0.114643 -11.305646 -4.213196 0.490740 10.312972 0.000000 0.000000 0.000000 -0.044785 0.608215 -6.644794 -0.070210 -0.074557 -2.259060 -0.273386 -0.788158 6.179819 0.000000 0.000000 0.000000 -2.404493 -0.197836 -9.560804 2.654673 -1.309919 -0.380005 4.894610 -5.434466 -1.274545 -5.786535 4.141735 3.801957 0.000000 0.000000 0.000000 -1.404316 7.684833 -2.822996 -63.249614 -38.630360 12.897239 135.827098 -45.461878 -90.770958 0.000000 0.000000 0.000000 2.233442 -1.562722 -0.561775 55.909754 33.449942 12.725439 -145.167410 49.497388 -95.332925 0.000000 0.000000 0.000000 
-0.072055 0.946654 -0.009146 -4.505436 31.846302 5.326244 4.448526 -0.434254 -0.299860 5.675433 0.118450 -11.610697 -3.840380 1.051025 10.332298 0.000000 0.000000 0.000000 0.142137 0.578532 -5.986243 -0.174280 -0.077593 -2.789433 -0.160869 -0.580482 6.523048 0.000000 0.000000 0.000000 -2.285131 -0.186607 -9.617561 2.646571 -1.395889 0.174546 5.046250 -5.185447 -1.494999 -5.826562 4.220440 3.282543 0.000000 0.000000 0.000000 -0.450834 7.340097 -2.442997 -62.276762 -40.421382 13.705552 133.510708 -44.700857 -86.647092 0.000000 0.000000 0.000000 1.914231 -0.816029 -0.278062 56.148979 35.597096 14.034683 -144.747675 48.634379 -93.760927 0.000000 0.000000 0.000000 
-0.071926 0.946839 -0.009189 -4.674356 31.629100 5.004855 4.710058 -0.449989 0.315762 5.490082 0.117698 -11.943795 -3.528312 1.595183 10.452339 0.000000 0.000000 0.000000 0.139347 0.536385 -5.421364 -0.073216 -0.112994 -3.348158 0.018342 -0.217408 6.827664 0.000000 0.000000 0.000000 -2.278695 -0.187905 -9.704104 2.662861 -1.411789 0.238572 5.275344 -4.919609 -1.498581 -5.512492 3.943125 3.553001 0.000000 0.000000 0.000000 0.386529 6.519756 -1.959691 -60.202366 -41.673897 13.780209 132.151516 -43.930875 -83.966135 0.000000 0.000000 0.000000 1.531999 -0.450501 -0.140910 56.118697 37.313594 15.042238 -143.497371 48.560374 -91.797177 0.000000 0.000000 0.000000 
-0.071871 0.947168 -0.009346 -4.786023 31.655073 4.664281 5.068951 -0.485415 0.780982 5.202969 0.110048 -12.126180 -3.239477 2.156615 10.633380 0.000000 0.000000 0.000000 0.170800 0.492467 -4.858042 -0.107293 -0.129588 -3.852426 -0.026530 -0.329820 7.114953 0.000000 0.000000 0.000000 -2.244370 -0.193630 -9.801975 2.575510 -1.458163 0.754810 5.283813 -4.729500 -1.953644 -5.202788 3.694036 3.366673 0.000000 0.000000 0.000000 1.585766 5.962282 -1.468551 -58.942273 -42.815974 13.998357 130.126734 -43.805286 -81.462372 0.000000 0.000000 0.000000 0.945546 0.269814 0.123153 55.572162 38.591396 15.649025 -141.560965 48.368079 -88.773160 0.000000 0.000000 0.000000 
-0.071920 0.947578 -0.009721 -4.797345 31.644266 4.394341 5.130372 -0.489499 1.046970 5.176630 0.108147 -12.329710 -3.203278 2.439137 10.985150 0.000000 0.000000 0.000000 0.156060 0.447310 -4.339720 0.030631 -0.162277 -4.179733 -0.148723 -0.612157 7.335103 0.000000 0.000000 0.000000 -2.227901 -0.191758 -9.779858 2.422513 -1.388187 0.791626 5.316700 -4.588371 -2.060387 -4.923689 3.500950 3.005790 0.000000 0.000000 0.000000 2.465419 5.521541 -1.107867 -56.979673 -43.343316 13.608762 128.912335 -43.774009 -80.123096 0.000000 0.000000 0.000000 0.227024 0.586253 0.225055 55.238462 39.633529 16.199896 -140.151308 49.234647 -87.982019 0.000000 0.000000 0.000000 
-0.071974 0.947927 -0.010335 -4.758966 31.863703 4.164941 5.150132 -0.492451 1.241464 5.060367 0.101606 -12.259405 -3.205321 2.445727 10.974553 0.000000 0.000000 0.000000 0.321008 0.416888 -3.894259 -0.253203 -0.134165 -4.357390 -0.191525 -0.693734 7.490906 0.000000 0.000000 0.000000 -2.185365 -0.190604 -9.730710 2.292587 -1.353247 0.948470 5.260942 -4.396060 -2.185369 -4.594113 3.214696 3.093652 0.000000 0.000000 0.000000 3.182409 5.379202 -0.871296 -55.895884 -43.560589 13.283487 127.536976 -43.723370 -78.662684 0.000000 0.000000 0.000000 -0.618797 0.619311 0.213843 54.513646 40.037011 16.260108 -139.269704 49.898655 -87.474688 0.000000 0.000000 0.000000 
-0.072052 0.948015 -0.011181 -4.823337 32.158754 3.678745 5.239621 -0.503845 1.589060 5.091856 0.097350 -12.173217 -3.398380 2.323231 11.200766 0.000000 0.000000 0.000000 0.461918 0.358741 -3.208865 -0.414697 -0.124220 -4.567475 -0.041443 -0.348129 7.386030 0.000000 0.000000 0.000000 -1.983950 -0.164585 -9.402814 2.134975 -1.292143 1.032800 5.084270 -4.259314 -2.228934 -4.311986 2.956208 3.266711 0.000000 0.000000 0.000000 3.476255 5.329223 -0.766436 -54.322442 -43.460626 12.663703 126.620239 -44.123363 -78.410236 0.000000 0.000000 0.000000 -1.467855 0.665457 0.201528 53.520198 39.920768 15.922765 -138.922448 50.696677 -87.836609 0.000000 0.000000 0.000000 
-0.072186 0.948055 -0.012238 -4.821937 32.375071 3.447376 5.230933 -0.504085 1.652678 5.127882 0.095111 -12.081199 -3.512385 2.198829 11.241460 0.000000 0.000000 0.000000 0.427350 0.316812 -2.808468 -0.468408 -0.118006 -4.578689 -0.006202 -0.261635 7.463789 0.000000 0.000000 0.000000 -1.932925 -0.152910 -9.176583 2.144860 -1.291106 0.992046 4.780115 -3.877827 -2.105288 -3.889530 2.580192 3.380422 0.000000 0.000000 0.000000 3.966672 5.370223 -0.621023 -54.176620 -43.177954 12.295116 126.552339 -44.664811 -79.450263 0.000000 0.000000 0.000000 -1.875459 0.548864 0.136776 53.053966 39.712669 15.741918 -139.445456 51.340838 -88.891915 0.000000 0.000000 0.000000 
-0.072462 0.947891 -0.013481 -4.774059 32.577888 3.300711 5.284275 -0.511649 1.676250 5.121594 0.093038 -11.884521 -3.553003 2.140528 11.218107 0.000000 0.000000 0.000000 0.427161 0.302767 -2.677017 -0.625084 -0.089250 -4.407185 -0.024077 -0.285799 7.399385 0.000000 0.000000 0.000000 -1.966073 -0.150111 -9.001551 2.097319 -1.248595 0.874228 4.616002 -3.702693 -2.081161 -3.745405 2.324241 4.286503 0.000000 0.000000 0.000000 3.752983 5.692493 -0.749506 -54.314182 -42.581740 11.982455 126.921037 -45.338068 -80.996431 0.000000 0.000000 0.000000 -2.016010 0.271350 0.026933 53.039182 39.186827 15.512813 -140.239436 51.693662 -90.183256 0.000000 0.000000 0.000000 
-0.072916 0.947816 -0.014714 -4.727415 32.944255 3.291857 5.326498 -0.521890 1.539310 5.166185 0.088810 -11.875790 -3.943600 1.642719 11.316244 0.000000 0.000000 0.000000 0.458060 0.297655 -2.617575 -0.704176 -0.075813 -4.350354 -0.016159 -0.238749 7.392529 0.000000 0.000000 0.000000 -2.045670 -0.154521 -8.852886 2.182678 -1.265027 0.706962 4.400486 -3.535141 -2.072647 -3.422889 1.962378 4.780546 0.000000 0.000000 0.000000 3.707343 6.255580 -0.893859 -54.961798 -42.098243 11.822542 127.587790 -45.983502 -82.887008 0.000000 0.000000 0.000000 -1.871495 -0.449959 -0.233428 53.528503 38.387763 15.331785 -142.320432 51.585615 -92.583299 0.000000 0.000000 0.000000 
-0.073449 0.947927 -0.015809 -4.793580 33.089590 3.257520 5.383329 -0.530718 1.368447 5.324718 0.090853 -11.773284 -4.289992 1.282854 11.547175 0.000000 0.000000 0.000000 0.525596 0.300247 -2.610239 -0.766307 -0.062212 -4.244599 0.039809 -0.100198 7.136637 0.000000 0.000000 0.000000 -2.024834 -0.156995 -8.901511 2.238612 -1.296801 0.727608 4.240447 -3.356350 -1.972373 -3.549599 1.897507 5.769223 0.000000 0.000000 0.000000 3.691672 6.974444 -1.080372 -55.616249 -41.862094 11.795195 127.753905 -45.862520 -82.997614 0.000000 0.000000 0.000000 -1.464727 -0.997315 -0.422216 54.584671 37.667424 15.350904 -143.988061 51.390169 -94.444059 0.000000 0.000000 0.000000 
-0.073948 0.947810 -0.016801 -4.862495 32.952267 3.140575 5.423823 -0.532970 1.412308 5.520604 0.096752 -11.706868 -4.338061 1.214214 11.570883 0.000000 0.000000 0.000000 0.575631 0.307440 -2.658567 -0.789983 -0.054607 -4.153254 0.056038 -0.075203 7.147475 0.000000 0.000000 0.000000 -1.912459 -0.145017 -8.852202 2.186452 -1.247129 0.598902 4.144679 -3.121212 -1.670371 -3.462819 1.674145 6.644537 0.000000 0.000000 0.000000 3.798352 7.549051 -1.196380 -55.862351 -41.256949 11.455593 127.778568 -45.478467 -82.589020 0.000000 0.000000 0.000000 -1.602671 -1.847852 -0.741603 56.048706 37.063151 15.629288 -145.158210 51.277773 -95.805400 0.000000 0.000000 0.000000 
-0.074264 0.947464 -0.017729 -4.800868 33.097427 3.182950 5.380916 -0.529833 1.373151 5.576785 0.095745 -11.740041 -4.509107 0.982790 11.593332 0.000000 0.000000 0.000000 0.709583 0.316264 -2.681240 -0.940481 -0.027466 -4.006293 -0.054668 -0.300017 6.893293 0.000000 0.000000 0.000000 -1.953198 -0.152847 -8.883413 2.213254 -1.218218 0.348070 4.084316 -3.259769 -1.307014 -3.500435 1.696905 6.760064 0.000000 0.000000 0.000000 3.404014 8.144968 -1.482015 -55.970274 -40.433796 11.062028 127.485603 -45.691499 -82.504073 0.000000 0.000000 0.000000 -1.339085 -2.224657 -0.873400 56.633070 36.317454 15.369207 -146.167271 51.236801 -97.130563 0.000000 0.000000 0.000000 
-0.074371 0.947360 -0.018660 -4.681366 33.074707 3.233165 5.096317 -0.493231 1.199684 5.836776 0.100702 -11.582047 -4.695738 0.758846 11.672600 0.000000 0.000000 0.000000 0.602259 0.338378 -2.965152 -0.903661 -0.014837 -3.661731 -0.249962 -0.731730 6.717657 0.000000 0.000000 0.000000 -1.871790 -0.148805 -8.891506 2.167548 -1.120015 -0.097705 3.892315 -3.194311 -0.880119 -3.349822 1.579808 6.664538 0.000000 0.000000 0.000000 3.315656 8.383249 -1.570124 -55.689410 -39.109495 10.256059 127.925726 -46.107094 -83.750381 0.000000 0.000000 0.000000 -1.453601 -2.867871 -1.118424 57.479503 35.443981 15.208133 -147.413788 51.531321 -99.110451 0.000000 0.000000 0.000000 
-0.074304 0.947320 -0.019555 -4.634350 33.121756 3.252825 5.101112 -0.494575 1.161859 5.674553 0.097176 -11.470445 -4.530908 0.774522 11.322964 0.000000 0.000000 0.000000 0.581985 0.344840 -3.045858 -0.977515 -0.003369 -3.628482 -0.419047 -1.100794 6.879313 0.000000 0.000000 0.000000 -1.767010 -0.148536 -9.005933 2.153108 -1.112174 -0.106476 3.867219 -3.331723 -0.742000 -3.294001 1.617085 6.238241 0.000000 0.000000 0.000000 3.299516 8.816100 -1.701835 -55.725549 -38.485133 9.959127 127.387427 -47.258713 -84.601715 0.000000 0.000000 0.000000 -1.573690 -2.992775 -1.166693 57.122374 35.105884 14.850812 -147.843870 51.804219 -100.116808 0.000000 0.000000 0.000000 
-0.074217 0.947769 -0.020370 -4.512826 33.207576 3.237003 4.904722 -0.470188 1.153799 5.685253 0.096181 -11.409058 -4.571669 0.677067 11.255679 0.000000 0.000000 0.000000 0.498336 0.333922 -2.987844 -0.905789 -0.009424 -3.560496 -0.425711 -1.111590 6.941141 0.000000 0.000000 0.000000 -1.599293 -0.144161 -9.117651 2.004220 -0.997389 -0.371853 3.804250 -3.380129 -0.462479 -2.925756 1.296205 6.303993 0.000000 0.000000 0.000000 3.295521 8.705436 -1.673506 -55.370836 -37.935396 9.573508 127.558525 -48.647016 -86.729869 0.000000 0.000000 0.000000 -1.529934 -3.393963 -1.315949 57.130423 34.356022 14.407384 -150.211608 52.194740 -104.175364 0.000000 0.000000 0.000000 
-0.074194 0.947650 -0.021219 -4.507196 33.032008 3.285040 4.782035 -0.454071 1.034401 5.569440 0.095802 -11.089132 -4.263563 0.704278 10.631883 0.000000 0.000000 0.000000 0.448914 0.343680 -3.113848 -0.742033 -0.028030 -3.487177 -0.422226 -1.120692 6.600478 0.000000 0.000000 0.000000 -1.501773 -0.141960 -9.269227 2.090325 -1.034753 -0.385426 3.831313 -3.292998 -0.343868 -2.731071 1.231781 5.742926 0.000000 0.000000 0.000000 3.508519 8.514485 -1.555811 -54.531211 -37.709421 9.266588 128.046551 -49.104736 -88.007337 0.000000 0.000000 0.000000 -1.791560 -3.255739 -1.273525 57.035080 34.511573 14.480124 -151.046136 52.083181 -105.317651 0.000000 0.000000 0.000000 
-0.074263 0.947895 -0.022194 -4.585834 33.072260 3.092993 4.792035 -0.454746 1.068213 5.531097 0.093415 -10.825112 -4.313175 0.636151 10.638169 0.000000 0.000000 0.000000 0.439993 0.348342 -3.177270 -0.640731 -0.033134 -3.298673 -0.417267 -1.105949 6.896188 0.000000 0.000000 0.000000 -1.437058 -0.144527 -9.388813 2.047152 -1.025820 -0.312520 4.202666 -3.699236 -0.443694 -2.397102 1.012855 5.557188 0.000000 0.000000 0.000000 3.734558 7.971239 -1.362611 -54.082697 -38.302616 9.535254 129.184513 -49.461451 -89.628115 0.000000 0.000000 0.000000 -2.025486 -2.268669 -0.911567 56.823478 35.232138 14.742900 -152.021369 52.586779 -108.005066 0.000000 0.000000 0.000000 
-0.074433 0.947533 -0.023401 -4.603129 33.022270 3.017917 4.805935 -0.457409 0.695441 5.224675 0.086779 -10.124967 -3.947119 0.681336 9.895786 0.000000 0.000000 0.000000 0.228620 0.364169 -3.485592 -0.263978 -0.067646 -2.850337 -0.501463 -1.305030 6.617907 0.000000 0.000000 0.000000 -1.434827 -0.138998 -9.314252 2.140926 -1.030625 -0.545455 4.192886 -3.440809 -0.360467 -1.814731 0.566064 5.218760 0.000000 0.000000 0.000000 3.917596 6.789644 -0.974386 -53.598671 -39.692221 10.014353 132.372211 -49.814267 -94.305979 0.000000 0.000000 0.000000 -2.045571 -1.902362 -0.787275 57.187234 36.466999 15.670086 -154.310334 52.996966 -112.181975 0.000000 0.000000 0.000000 
-0.074584 0.947186 -0.024889 -4.805278 33.127264 2.967858 4.748692 -0.456148 0.351218 5.265426 0.084223 -9.868909 -3.764290 0.773583 9.601309 0.000000 0.000000 0.000000 0.199936 0.355517 -3.408500 -0.065243 -0.106222 -3.124730 -0.773389 -1.904151 6.674648 0.000000 0.000000 0.000000 -1.167977 -0.109880 -9.102402 1.984711 -0.906786 -0.857375 4.276517 -3.770432 -0.477618 -1.914504 0.804798 4.439513 0.000000 0.000000 0.000000 4.023608 5.691801 -0.657960 -53.763202 -41.959024 11.177738 135.053058 -49.633512 -97.402785 0.000000 0.000000 0.000000 -2.158113 -0.141222 -0.155116 56.685855 38.634402 16.707317 -153.473865 53.091906 -111.199799 0.000000 0.000000 0.000000 
-0.074775 0.946701 -0.026304 -4.640662 33.232605 2.910187 4.648465 -0.445325 0.261006 5.090790 0.080596 -9.669262 -3.453158 1.102514 9.352047 0.000000 0.000000 0.000000 -0.208921 0.348417 -3.641983 0.298286 -0.149232 -2.843693 -0.853333 -2.083209 6.687673 0.000000 0.000000 0.000000 -1.231460 -0.108235 -8.926985 1.985869 -0.885849 -0.990843 4.191669 -3.664551 -0.531438 -1.671416 0.617209 4.298507 0.000000 0.000000 0.000000 4.664460 4.192192 -0.074006 -53.387250 -44.530692 12.212831 135.778003 -48.562037 -97.049398 0.000000 0.000000 0.000000 -2.687049 0.656424 0.099288 56.663923 41.102560 18.286339 -152.037649 52.905997 -108.693476 0.000000 0.000000 0.000000 
-0.074876 0.946431 -0.027325 -4.572098 33.326521 3.077942 4.578935 -0.442725 -0.013195 5.165566 0.081293 -9.749536 -3.493192 1.053778 9.359069 0.000000 0.000000 0.000000 -0.407141 0.337702 -3.666505 0.362004 -0.163707 -3.004174 -0.873954 -2.124670 6.649712 0.000000 0.000000 0.000000 -1.080667 -0.106092 -9.088170 1.838960 -0.841391 -0.849991 3.945087 -3.821380 -0.947256 -1.423809 0.384185 4.410601 0.000000 0.000000 0.000000 5.485765 3.199695 0.395207 -53.157087 -46.462412 13.063748 134.684242 -46.821668 -93.124972 0.000000 0.000000 0.000000 -2.947083 1.814499 0.500684 55.478208 42.771575 18.800501 -149.387718 52.052962 -103.685189 0.000000 0.000000 0.000000 
-0.075058 0.946503 -0.027954 -4.583081 33.253810 3.076932 4.624775 -0.451079 -0.321274 5.078400 0.078717 -9.433315 -3.177549 1.620615 9.446513 0.000000 0.000000 0.000000 -0.411117 0.361264 -3.954154 0.430853 -0.161884 -2.619728 -0.995337 -2.392747 6.785914 0.000000 0.000000 0.000000 -1.081142 -0.099895 -8.961094 1.790851 -0.767875 -1.172717 4.077697 -4.000691 -0.932900 -1.367611 0.304163 4.648249 0.000000 0.000000 0.000000 5.981741 2.658516 0.642362 -52.727614 -47.345194 13.343204 135.941380 -45.094778 -92.275987 0.000000 0.000000 0.000000 -3.284179 2.341910 0.668242 55.003443 44.043907 19.342927 -148.250930 51.377401 -101.273183 0.000000 0.000000 0.000000 
-0.075210 0.946391 -0.028430 -4.497492 33.219194 3.304712 4.751976 -0.468649 -0.534766 5.029261 0.079900 -9.494980 -3.432154 1.353637 9.649209 0.000000 0.000000 0.000000 -0.454486 0.384104 -4.266894 0.371201 -0.151865 -2.586653 -0.958222 -2.303851 6.831317 0.000000 0.000000 0.000000 -1.095737 -0.109762 -9.138367 1.829315 -0.727368 -1.554482 3.853688 -4.096572 -0.640505 -1.013237 0.042040 4.460161 0.000000 0.000000 0.000000 6.262518 2.057444 0.860055 -52.784077 -47.368514 13.316250 137.245398 -43.751139 -92.158414 0.000000 0.000000 0.000000 -3.548313 2.541860 0.717496 55.051347 44.521022 19.667807 -147.681971 51.035775 -99.884326 0.000000 0.000000 0.000000 
-0.075270 0.946105 -0.028882 -4.515076 33.008409 3.326875 4.835163 -0.479586 -0.794628 4.931964 0.078522 -9.218356 -3.264967 1.522297 9.532823 0.000000 0.000000 0.000000 -0.433452 0.402105 -4.465091 0.357124 -0.143901 -2.393937 -0.899930 -2.183555 6.941493 0.000000 0.000000 0.000000 -0.950303 -0.098706 -9.180152 1.646173 -0.621440 -1.702154 3.831332 -4.247037 -0.371932 -0.809164 -0.116417 4.454220 0.000000 0.000000 0.000000 6.072083 2.115568 0.784979 -53.208281 -46.716355 13.188848 138.218543 -43.048287 -92.365580 0.000000 0.000000 0.000000 -3.837601 2.729385 0.764771 54.927638 45.044943 19.894825 -147.532443 50.860444 -99.537983 0.000000 0.000000 0.000000 
-0.075141 0.946029 -0.029467 -4.398028 32.694926 3.311367 4.684776 -0.464992 -1.058652 4.980064 0.075949 -8.822969 -3.159675 1.647766 9.493643 0.000000 0.000000 0.000000 -0.560460 0.402330 -4.582051 0.331186 -0.132870 -2.158944 -0.838462 -2.077279 6.699214 0.000000 0.000000 0.000000 -0.803730 -0.086299 -9.215424 1.320087 -0.494541 -1.558119 3.839451 -4.080042 -0.269912 -0.878891 -0.008144 4.201965 0.000000 0.000000 0.000000 5.368809 1.742921 0.712377 -53.490052 -45.952424 12.979300 140.072349 -43.426636 -95.606990 0.000000 0.000000 0.000000 -3.714570 2.989555 0.862564 54.558243 45.804237 20.152032 -147.057040 51.506589 -99.691484 0.000000 0.000000 0.000000 
-0.074919 0.945987 -0.030264 -4.142213 32.592451 3.448245 4.490855 -0.447117 -1.140877 4.831619 0.074014 -8.613088 -3.019200 1.721541 9.290209 0.000000 0.000000 0.000000 -0.760557 0.413557 -4.939819 0.126128 -0.087908 -1.656184 -0.723927 -1.833925 6.326913 0.000000 0.000000 0.000000 -0.709099 -0.080713 -9.264942 1.182209 -0.455918 -1.396866 3.670327 -4.125299 -0.374324 -0.951709 0.111421 3.889487 0.000000 0.000000 0.000000 5.146494 1.202982 0.797119 -53.229975 -45.239540 12.623658 140.623369 -43.867969 -97.123562 0.000000 0.000000 0.000000 -4.167428 3.680135 1.071034 52.766988 46.692934 19.851693 -144.800886 51.717335 -96.711193 0.000000 0.000000 0.000000 
-0.074751 0.946274 -0.031275 -4.011444 32.537040 3.549543 4.237921 -0.424820 -1.230503 4.865839 0.073668 -8.554451 -2.970088 1.904508 9.436436 0.000000 0.000000 0.000000 -0.809554 0.430488 -5.235422 0.024311 -0.063855 -1.332726 -0.733556 -1.854925 6.306331 0.000000 0.000000 0.000000 -0.489185 -0.062144 -9.170299 1.063538 -0.355777 -1.724401 3.458312 -4.070968 0.001960 -1.083458 0.291951 3.507778 0.000000 0.000000 0.000000 4.653450 0.667254 0.829517 -52.808468 -45.220307 12.467786 141.281397 -44.199893 -98.669200 0.000000 0.000000 0.000000 -4.209129 4.376753 1.298249 50.030385 47.557069 19.043384 -142.920231 51.415198 -93.396362 0.000000 0.000000 0.000000 
-0.074763 0.946489 -0.032299 -3.811324 32.799879 3.658934 4.087331 -0.416056 -1.347906 4.793328 0.070938 -8.452712 -3.066840 1.795306 9.466965 0.000000 0.000000 0.000000 -0.994654 0.427772 -5.457388 0.023132 -0.058027 -1.069471 -0.978791 -2.388529 6.174791 0.000000 0.000000 0.000000 -0.492887 -0.064021 -9.108889 1.069128 -0.403820 -1.413822 3.387647 -4.020783 -0.309992 -1.305732 0.552536 3.024771 0.000000 0.000000 0.000000 4.521760 -0.220349 1.041763 -52.549450 -45.607969 12.594013 141.493132 -44.638578 -99.767299 0.000000 0.000000 0.000000 -4.426574 5.146308 1.542616 48.678769 48.545593 19.008818 -141.998800 51.430135 -92.129842 0.000000 0.000000 0.000000 
-0.074952 0.946647 -0.033132 -3.620582 32.923429 3.808947 3.962483 -0.414762 -1.642909 4.775091 0.065922 -8.157821 -3.150764 1.586453 9.337528 0.000000 0.000000 0.000000 -1.059181 0.427185 -5.556902 0.084480 -0.067069 -1.018278 -1.145547 -2.762050 5.951909 0.000000 0.000000 0.000000 -0.627822 -0.076952 -9.126803 1.214006 -0.406539 -1.849534 3.306929 -4.064351 0.312420 -1.287241 0.565113 2.903648 0.000000 0.000000 0.000000 4.150362 -1.179616 1.216599 -52.700850 -46.365314 12.946716 142.323237 -45.256312 -101.947360 0.000000 0.000000 0.000000 -4.230323 5.731999 1.751787 47.743447 49.217499 18.891742 -142.151437 51.562031 -92.358154 0.000000 0.000000 0.000000 
-0.075233 0.946793 -0.033651 -3.518806 33.225129 3.874637 3.980795 -0.427822 -1.939060 4.544365 0.060385 -7.842616 -3.141088 1.474843 9.126176 0.000000 0.000000 0.000000 -1.108786 0.427310 -5.673306 0.176977 -0.079328 -0.840658 -1.477679 -3.501413 5.842818 0.000000 0.000000 0.000000 -0.780206 -0.091063 -9.102145 1.273738 -0.424150 -1.916500 3.322983 -4.233034 0.483000 -1.704167 1.002450 2.371514 0.000000 0.000000 0.000000 3.800629 -1.957381 1.348144 -53.343736 -47.193427 13.574708 143.955376 -45.990366 -105.430021 0.000000 0.000000 0.000000 -3.751973 6.442117 2.047389 47.387185 49.579656 18.842272 -143.205217 51.857941 -94.283926 0.000000 0.000000 0.000000 
-0.075539 0.947021 -0.033966 -3.353933 33.652410 4.073723 4.150793 -0.454594 -2.183644 4.075834 0.058329 -7.720609 -3.087638 1.385198 8.853162 0.000000 0.000000 0.000000 -1.115750 0.430972 -5.788849 0.156066 -0.080188 -1.007596 -1.649808 -3.874528 5.715878 0.000000 0.000000 0.000000 -1.052401 -0.111820 -9.010059 1.375298 -0.455009 -2.026506 3.249560 -4.327236 0.535796 -1.632475 0.918109 2.499448 0.000000 0.000000 0.000000 3.623988 -2.568123 1.478864 -54.198544 -48.111331 14.294246 145.741029 -46.750213 -109.334307 0.000000 0.000000 0.000000 -3.541207 6.717500 2.166110 47.105930 49.141256 18.460820 -144.483462 52.225067 -96.489027 0.000000 0.000000 0.000000 
-0.075799 0.947297 -0.034177 -3.346915 33.821978 4.045688 4.220339 -0.467882 -2.372196 3.883983 0.055858 -7.571590 -3.134758 1.301070 8.825722 0.000000 0.000000 0.000000 -0.973961 0.436130 -5.689041 0.025018 -0.061577 -1.114286 -1.693229 -3.979093 5.571118 0.000000 0.000000 0.000000 -1.023558 -0.105427 -8.871337 1.398661 -0.445705 -2.160274 3.126569 -4.500014 0.698220 -1.612610 0.888068 2.601476 0.000000 0.000000 0.000000 3.347909 -3.024855 1.545035 -54.664056 -48.739228 14.801472 147.160900 -47.701240 -112.829539 0.000000 0.000000 0.000000 -3.245133 7.012379 2.304063 46.839999 48.470299 17.912275 -146.932980 52.728648 -100.732465 0.000000 0.000000 0.000000 
-0.075954 0.947752 -0.034411 -3.525132 33.998340 3.869452 4.360197 -0.486959 -2.553049 3.872383 0.052384 -7.362989 -3.008688 1.450037 8.732914 0.000000 0.000000 0.000000 -0.869940 0.426424 -5.422520 0.129573 -0.084512 -1.372661 -1.742983 -4.075842 5.719398 0.000000 0.000000 0.000000 -0.975681 -0.096401 -8.684711 1.456845 -0.453782 -2.277407 3.162407 -4.622616 0.956240 -1.393432 0.746566 2.432089 0.000000 0.000000 0.000000 3.444385 -3.192035 1.609528 -54.586740 -49.396128 15.065790 147.641513 -47.973521 -113.907627 0.000000 0.000000 0.000000 -3.356118 6.948162 2.264118 46.009949 47.781755 17.131273 -148.112531 53.039837 -102.764622 0.000000 0.000000 0.000000 
-0.076058 0.948030 -0.034747 -3.594703 34.076542 3.851040 4.348419 -0.491410 -2.700409 3.953720 0.053143 -7.476753 -3.110365 1.456096 8.952482 0.000000 0.000000 0.000000 -0.814593 0.420024 -5.253284 0.062036 -0.080932 -1.673157 -1.600750 -3.740226 5.817408 0.000000 0.000000 0.000000 -0.955225 -0.090014 -8.554841 1.411458 -0.447806 -2.182820 3.296189 -4.639375 0.975692 -1.512674 0.855666 2.383332 0.000000 0.000000 0.000000 3.482122 -3.165970 1.609074 -54.495072 -49.669871 15.168813 148.952536 -47.825355 -115.838506 0.000000 0.000000 0.000000 -3.549143 6.886096 2.219014 44.728891 46.896311 16.089604 -149.268383 53.105155 -104.574534 0.000000 0.000000 0.000000 
-0.076152 0.948231 -0.035158 -3.601654 34.187152 3.787323 4.384212 -0.504996 -2.987272 3.912084 0.050640 -7.309758 -3.087688 1.508943 8.957648 0.000000 0.000000 0.000000 -0.956065 0.392253 -5.040468 0.217357 -0.112386 -1.945299 -1.606612 -3.730947 6.068784 0.000000 0.000000 0.000000 -1.014138 -0.093105 -8.497263 1.521973 -0.562125 -1.748815 3.292799 -4.535490 0.915878 -1.220889 0.589935 2.518651 0.000000 0.000000 0.000000 3.500811 -3.078328 1.590920 -54.316030 -49.739478 15.124416 149.117726 -47.607707 -115.878152 0.000000 0.000000 0.000000 -3.541290 6.973740 2.250880 43.436498 45.971074 15.054524 -150.355064 53.099624 -106.137100 0.000000 0.000000 0.000000 
-0.076312 0.947913 -0.035716 -3.514559 34.099929 3.944163 4.400619 -0.517481 -3.279526 3.815120 0.049432 -7.124439 -2.982741 1.493312 8.717994 0.000000 0.000000 0.000000 -1.055712 0.393230 -5.149650 0.270483 -0.124856 -2.113793 -1.569185 -3.664180 5.924956 0.000000 0.000000 0.000000 -1.095482 -0.078335 -8.091817 1.493683 -0.503257 -2.060860 3.269852 -4.243834 1.137841 -0.873958 0.323668 2.400483 0.000000 0.000000 0.000000 3.479190 -2.755358 1.504891 -53.764695 -49.097969 14.507258 150.393857 -46.330739 -116.564304 0.000000 0.000000 0.000000 -3.679597 6.515251 2.068310 42.749749 44.949620 14.310635 -151.907728 52.511625 -107.517773 0.000000 0.000000 0.000000 
-0.076622 0.947674 -0.036362 -3.324318 34.405363 3.987316 4.427841 -0.524290 -3.356374 3.477517 0.047299 -6.973611 -2.978169 1.551610 8.760163 0.000000 0.000000 0.000000 -1.248130 0.380167 -5.266071 0.342160 -0.131778 -1.914738 -1.708104 -3.959531 5.948632 0.000000 0.000000 0.000000 -1.190770 -0.074282 -7.732466 1.402764 -0.520196 -1.685902 3.082670 -4.162343 1.011126 -0.788906 0.187889 2.700232 0.000000 0.000000 0.000000 3.417080 -2.593831 1.452796 -52.810942 -48.481410 13.851346 151.695443 -45.189295 -117.551481 0.000000 0.000000 0.000000 -3.883297 6.407447 2.006249 42.256914 44.182691 13.796713 -153.464923 51.780077 -108.972960 0.000000 0.000000 0.000000 
-0.077000 0.947507 -0.037190 -3.190047 34.481303 4.009195 4.513742 -0.545817 -3.726782 3.107375 0.042138 -6.425676 -2.700196 1.837695 8.533319 0.000000 0.000000 0.000000 -1.548281 0.358255 -5.373919 0.642546 -0.177367 -1.791660 -1.822559 -4.226387 5.894721 0.000000 0.000000 0.000000 -1.350388 -0.065511 -7.279233 1.360747 -0.458328 -1.970727 2.903075 -3.867398 1.482400 -0.533750 -0.059760 2.855344 0.000000 0.000000 0.000000 3.852603 -2.747347 1.596494 -51.197887 -47.942913 12.860567 153.036125 -43.846276 -118.541360 0.000000 0.000000 0.000000 -4.335777 6.428536 1.947360 41.971811 43.534276 13.455270 -155.206503 51.163437 -110.660695 0.000000 0.000000 0.000000 
-0.077344 0.948005 -0.038043 -3.136908 34.391145 4.026946 4.667328 -0.561104 -3.830707 2.855139 0.041805 -6.265028 -2.340952 2.350166 8.453202 0.000000 0.000000 0.000000 -1.695505 0.358764 -5.614832 0.737550 -0.185104 -1.396759 -1.795436 -4.184974 5.722492 0.000000 0.000000 0.000000 -1.447024 -0.049189 -6.678077 1.167698 -0.330893 -2.261909 2.883567 -3.853586 1.649421 -0.657297 0.095431 2.600987 0.000000 0.000000 0.000000 4.530362 -2.438942 1.659689 -50.052601 -47.723018 12.283623 155.123346 -42.697796 -120.959747 0.000000 0.000000 0.000000 -4.940513 6.364094 1.848891 41.784709 43.506336 13.412203 -156.676521 50.798540 -112.697153 0.000000 0.000000 0.000000 
-0.077395 0.948714 -0.038574 -3.221486 34.354373 3.940097 4.888560 -0.586044 -4.036493 2.404521 0.040159 -5.949831 -2.138485 2.759431 8.579968 0.000000 0.000000 0.000000 -1.652971 0.368194 -5.716454 0.919328 -0.211249 -1.115696 -2.016303 -4.687020 5.764632 0.000000 0.000000 0.000000 -1.399980 -0.040948 -6.503119 0.802292 -0.152957 -2.385801 2.849614 -3.904534 2.060353 -0.437623 -0.022648 2.314711 0.000000 0.000000 0.000000 5.490445 -2.219204 1.806674 -48.099332 -47.422453 11.375950 156.704242 -42.317311 -123.691066 0.000000 0.000000 0.000000 -5.741928 6.464777 1.779357 40.584240 42.514019 12.526812 -158.579564 50.437924 -115.511912 0.000000 0.000000 0.000000 
-0.076889 0.949905 -0.038414 -2.911490 34.742836 4.121566 4.756048 -0.584383 -4.172291 1.790192 0.039177 -6.093004 -1.912884 3.126730 8.563253 0.000000 0.000000 0.000000 -1.991218 0.338581 -5.870881 1.078372 -0.237588 -0.899767 -2.200581 -5.093626 5.700501 0.000000 0.000000 0.000000 -1.656902 -0.051069 -6.304096 0.859293 -0.145430 -2.622954 2.411507 -4.052589 2.131840 -0.443960 -0.023651 2.305395 0.000000 0.000000 0.000000 6.673851 -2.691633 2.180753 -46.278892 -47.306540 10.581232 157.771982 -43.741444 -128.060658 0.000000 0.000000 0.000000 -6.702334 6.416484 1.640290 39.857336 41.233854 11.789783 -160.911579 51.937338 -121.164633 0.000000 0.000000 0.000000 
-0.075594 0.950242 -0.037118 -3.004080 35.294809 3.923906 4.729062 -0.576783 -3.952583 1.759545 0.035159 -6.328175 -1.896539 3.110703 8.458612 0.000000 0.000000 0.000000 -1.865025 0.319975 -5.441768 0.818398 -0.195537 -0.877420 -2.207807 -5.132379 5.365139 0.000000 0.000000 0.000000 -1.803050 -0.066073 -6.344282 1.018578 -0.260667 -2.292479 2.217398 -4.611222 1.918848 -0.494605 -0.037675 2.580457 0.000000 0.000000 0.000000 7.589489 -2.656974 2.345940 -45.773621 -47.076962 10.315102 159.440243 -46.172821 -134.388058 0.000000 0.000000 0.000000 -7.515341 6.539260 1.598070 39.637704 39.545747 11.019545 -164.181965 53.312601 -128.632775 0.000000 0.000000 0.000000 
-0.073547 0.950077 -0.034730 -3.006568 35.714731 4.004586 4.605116 -0.572979 -3.995380 1.747645 0.031929 -6.196902 -1.956387 3.009251 8.417976 0.000000 0.000000 0.000000 -1.920276 0.294646 -5.158911 0.936909 -0.216555 -0.682056 -2.476562 -5.703497 5.595141 0.000000 0.000000 0.000000 -1.699107 -0.083469 -6.829393 0.782992 -0.138665 -2.432620 1.964640 -5.129452 2.363880 -0.954920 0.334723 2.678901 0.000000 0.000000 0.000000 8.393607 -2.936143 2.553961 -47.128155 -47.289985 10.733682 159.788496 -48.768674 -137.740133 0.000000 0.000000 0.000000 -8.085805 6.402173 1.484871 41.688661 38.535935 11.307272 -165.386080 54.423775 -131.725107 0.000000 0.000000 0.000000 
-0.070886 0.949368 -0.031387 -3.138319 35.825323 4.062891 4.401491 -0.554781 -3.896773 2.219832 0.033081 -6.134711 -1.801611 2.745652 7.694380 0.000000 0.000000 0.000000 -1.948890 0.290474 -5.150324 1.071078 -0.239662 -0.384644 -2.279025 -5.357999 4.796877 0.000000 0.000000 0.000000 -1.976158 -0.133657 -7.516932 1.095552 -0.307803 -2.215534 1.990089 -5.146340 2.229787 -1.258535 0.457090 3.337014 0.000000 0.000000 0.000000 8.161486 -3.196903 2.570551 -50.009254 -47.470750 11.758261 159.643323 -51.687973 -140.242726 0.000000 0.000000 0.000000 -7.723128 5.976413 1.393376 44.675693 38.349115 12.279336 -164.491908 56.019661 -131.509029 0.000000 0.000000 0.000000 
-0.067833 0.948121 -0.027380 -3.255666 35.914178 3.788788 4.520954 -0.548811 -3.531265 2.294206 0.026337 -5.309470 -1.755134 2.127690 6.773575 0.000000 0.000000 0.000000 -2.027526 0.273033 -5.021774 1.383189 -0.299873 0.543783 -2.498707 -5.967955 4.331789 0.000000 0.000000 0.000000 -2.083855 -0.150917 -7.709926 1.182901 -0.304146 -2.482468 1.876214 -5.424333 2.266478 -1.012668 0.292737 3.144457 0.000000 0.000000 0.000000 7.924503 -3.430533 2.565369 -54.773248 -47.982077 13.613971 156.807553 -53.459016 -136.447010 0.000000 0.000000 0.000000 -7.034724 5.889025 1.450424 49.385647 38.994940 14.295299 -160.043989 56.589413 -124.664420 0.000000 0.000000 0.000000 
-0.064194 0.947367 -0.022648 -3.275975 35.445762 3.613063 4.589051 -0.538241 -3.203348 2.071656 0.026050 -5.017769 -1.818369 2.033594 6.817428 0.000000 0.000000 0.000000 -2.130107 0.242065 -4.617626 1.597937 -0.341508 0.928140 -2.379332 -5.757434 4.056780 0.000000 0.000000 0.000000 -1.989778 -0.176290 -8.358040 1.165180 -0.336244 -2.203820 1.855152 -5.144524 1.865514 -0.864832 0.083717 3.549085 0.000000 0.000000 0.000000 7.335284 -3.799115 2.544756 -61.603629 -49.330822 16.843925 151.020569 -56.187607 -129.036670 0.000000 0.000000 0.000000 -6.058075 5.598977 1.471153 56.440345 40.202512 17.820938 -155.144711 57.344504 -117.799183 0.000000 0.000000 0.000000 
-0.059925 0.946460 -0.017103 -3.174501 35.296854 3.393280 4.713263 -0.524102 -2.522121 1.586942 0.024571 -4.541769 -1.817904 1.767317 6.492570 0.000000 0.000000 0.000000 -2.052450 0.221753 -4.184946 1.378047 -0.305024 1.553862 -2.325244 -5.696410 3.771079 0.000000 0.000000 0.000000 -2.095889 -0.228645 -9.140821 1.222875 -0.362871 -2.181296 1.775987 -5.502799 2.026975 -1.124337 0.290619 3.684186 0.000000 0.000000 0.000000 6.651435 -4.404895 2.532509 -66.296418 -49.237126 18.732382 148.625982 -57.401321 -125.958431 0.000000 0.000000 0.000000 -5.575136 5.867179 1.628301 62.919090 41.780159 21.668638 -150.232965 57.812453 -111.519021 0.000000 0.000000 0.000000 
-0.055086 0.946022 -0.011294 -3.007061 34.878720 3.106298 4.585613 -0.486522 -1.809649 1.419233 0.023511 -4.204990 -1.929993 1.142650 5.954417 0.000000 0.000000 0.000000 -2.219111 0.175104 -3.699945 1.345202 -0.304634 2.184891 -2.127708 -5.279072 3.579774 0.000000 0.000000 0.000000 -2.055776 -0.265548 -9.825789 1.361977 -0.557497 -1.299178 1.782689 -5.490410 1.110949 -1.331010 0.382238 4.125508 0.000000 0.000000 0.000000 5.688094 -4.783752 2.437440 -71.421894 -48.854807 20.815827 148.552760 -59.042543 -127.114910 0.000000 0.000000 0.000000 -5.615504 6.445326 1.846596 67.319496 42.222605 24.100127 -146.208509 57.858327 -106.524011 0.000000 0.000000 0.000000 
-0.050328 0.945793 -0.006110 -2.950912 34.343260 2.626746 4.718990 -0.466319 -0.577721 1.187525 0.028213 -4.217250 -2.131245 0.719954 5.892125 0.000000 0.000000 0.000000 -2.158496 0.128219 -2.959186 1.076762 -0.246824 2.258772 -2.070969 -5.194859 3.497344 0.000000 0.000000 0.000000 -1.790407 -0.235414 -9.822310 1.396124 -0.483387 -1.842969 1.644553 -5.782974 1.207517 -1.303210 0.466975 3.625995 0.000000 0.000000 0.000000 5.062123 -5.191450 2.415849 -72.999689 -47.724032 20.810919 150.125368 -59.226717 -129.407633 0.000000 0.000000 0.000000 -6.110457 6.961199 1.977038 71.317218 43.447030 27.047659 -145.491340 58.065704 -106.362542 0.000000 0.000000 0.000000 
-0.046419 0.945971 -0.002188 -2.828967 33.825779 2.616351 4.925579 -0.474150 -0.086139 0.788726 0.030496 -3.799527 -2.129902 0.245344 5.331434 0.000000 0.000000 0.000000 -2.262752 0.120823 -2.900158 0.936037 -0.216782 2.552512 -2.166273 -5.499028 3.138381 0.000000 0.000000 0.000000 -1.271111 -0.219859 -10.510434 1.087920 -0.454899 -1.095778 1.770648 -5.521497 0.817840 -0.871874 -0.018952 4.321165 0.000000 0.000000 0.000000 4.012813 -5.461578 2.307047 -74.665353 -46.582143 20.822908 154.603496 -58.085493 -135.262169 0.000000 0.000000 0.000000 -6.139534 7.164746 2.056208 72.686515 45.029576 29.050940 -144.015202 56.875774 -103.275322 0.000000 0.000000 0.000000 
-0.043879 0.946573 0.000616 -2.792224 33.902714 1.757019 4.842322 -0.450393 0.921616 0.661254 0.025497 -3.303910 -2.109745 -0.229750 4.690806 0.000000 0.000000 0.000000 -2.403412 0.034279 -2.064499 1.070361 -0.261453 3.396959 -2.102111 -5.360142 3.217304 0.000000 0.000000 0.000000 -0.875436 -0.148646 -9.732809 1.129120 -0.350950 -1.877265 1.670508 -4.777578 1.836873 0.422397 -0.915702 3.222487 0.000000 0.000000 0.000000 3.962151 -6.743322 2.668780 -74.739008 -47.693989 21.241188 153.351948 -58.667091 -134.280556 0.000000 0.000000 0.000000 -6.176154 7.581005 2.129159 71.964993 45.894567 29.613437 -142.604396 56.293736 -99.600584 0.000000 0.000000 0.000000 
-0.042547 0.947118 0.002581 -2.327563 32.705333 3.308878 4.347133 -0.403833 -0.186776 1.210675 0.017711 -3.182933 -2.382792 -0.531395 4.967355 0.000000 0.000000 0.000000 -2.621947 0.186057 -4.018736 1.031020 -0.285857 5.289990 -1.576356 -4.158728 2.006442 0.000000 0.000000 0.000000 -1.538161 -0.316649 -12.106827 1.210282 -0.564733 -0.711899 2.609168 -3.901576 1.697729 -0.765364 0.015304 3.589978 0.000000 0.000000 0.000000 3.363349 -6.843664 2.587872 -78.364574 -46.663357 22.007581 158.330224 -54.583226 -138.600672 0.000000 0.000000 0.000000 -8.925989 9.468157 2.409386 73.497634 47.700739 32.265632 -139.226206 51.326623 -89.047463 0.000000 0.000000 0.000000 
-0.042220 0.949034 0.003958 -1.607774 32.724032 3.920903 3.440988 -0.315519 -0.186768 1.899533 0.009219 -3.513633 -3.789682 -1.368270 6.935802 0.000000 0.000000 0.000000 -1.789248 0.252664 -3.985667 -1.232472 0.207033 4.750645 -0.754575 -2.013490 3.692238 0.000000 0.000000 0.000000 -1.173173 -0.303393 -12.231447 0.856215 -0.189886 -2.229634 1.203483 -3.296748 3.294594 0.839889 -0.696881 0.500238 0.000000 0.000000 0.000000 4.371333 -5.973558 2.559773 -78.371251 -44.194247 18.979901 169.022216 -52.550721 -157.075493 0.000000 0.000000 0.000000 -7.326647 9.157555 2.440745 74.688526 47.832963 33.361826 -143.730421 49.806065 -92.078221 0.000000 0.000000 0.000000 
