v -0.40656936168670654 -0.3017709255218506 0.9486418962478638
v -0.2487107217311859 -0.3040504455566406 0.9964415431022644
v -0.10385413467884064 -0.33164313435554504 1.0569801330566406
v 0.048883069306612015 -0.3260374367237091 1.05882728099823
v 0.2036561667919159 -0.316476970911026 1.0276222229003906
v 0.33100995421409607 -0.29973506927490234 0.9648855328559875
v -0.3030862510204315 -0.29703235626220703 0.9779977798461914
v -0.16359789669513702 -0.3097588121891022 1.021376609802246
v -0.014712611213326454 -0.3251352310180664 1.0625135898590088
v 0.1412123590707779 -0.31911206245422363 1.0436145067214966
v 0.2807806432247162 -0.30238690972328186 0.9939936399459839
v -0.3552578091621399 -0.28930240869522095 0.959707498550415
v -0.22067894041538239 -0.3008411228656769 1.0077184438705444
v -0.07584042102098465 -0.3222200274467468 1.0591771602630615
v 0.08102095872163773 -0.3198953866958618 1.0544137954711914
v 0.22990599274635315 -0.3074878752231598 1.015245795249939
v 0.35413751006126404 -0.28886720538139343 0.9541770219802856
v -0.27525854110717773 -0.2943296432495117 0.9886987209320068
v -0.13231559097766876 -0.3129030764102936 1.0434616804122925
v 0.01748025231063366 -0.31865453720092773 1.0621250867843628
v 0.17150962352752686 -0.30956918001174927 1.0402284860610962
v 0.30602365732192993 -0.2928146421909332 0.976635217666626
v -0.32701653242111206 -0.288088321685791 0.9703640341758728
v -0.19107042253017426 -0.300432026386261 1.0171657800674438
v -0.04507620632648468 -0.3185565769672394 1.0632317066192627
v 0.11228002607822418 -0.3144228756427765 1.0478957891464233
v 0.2567053735256195 -0.2996717393398285 1.0051296949386597
v -0.38072943687438965 -0.2799590826034546 0.9458642601966858
v -0.24667465686798096 -0.29236215353012085 0.998343825340271
v -0.10123185813426971 -0.3151566982269287 1.056848406791687
v 0.05053072050213814 -0.31433871388435364 1.0594216585159302
v 0.20257370173931122 -0.30281221866607666 1.0302329063415527
v 0.3312225639820099 -0.286673903465271 0.9635531902313232
v -0.2996368408203125 -0.28672513365745544 0.9800346493721008
v -0.1607399433851242 -0.30022236704826355 1.0239468812942505
v -0.012244148179888725 -0.3147059977054596 1.0634394884109497
v 0.1427287757396698 -0.306714802980423 1.0425362586975098
v 0.28254789113998413 -0.2911260426044464 0.9921993017196655
v -0.3500066101551056 -0.27942153811454773 0.9596602320671082
v -0.21801404654979706 -0.2922026216983795 1.0097092390060425
v -0.07243449985980988 -0.3125808835029602 1.0599349737167358
v 0.08358752727508545 -0.31064948439598083 1.0538015365600586
v 0.23079675436019897 -0.2960011065006256 1.0147593021392822
v 0.35596999526023865 -0.2781728208065033 0.9543973803520203
v -0.27185216546058655 -0.28545942902565 0.9899692535400391
v -0.12916140258312225 -0.30347391963005066 1.0460691452026367
v 0.020102668553590775 -0.31021180748939514 1.0636038780212402
v 0.17423443496227264 -0.2998000383377075 1.0397295951843262
v 0.3078966736793518 -0.28372496366500854 0.9746457934379578
v -0.3235427737236023 -0.28032732009887695 0.9715003967285156
v -0.1884603351354599 -0.2924293875694275 1.0187979936599731
v -0.04172005131840706 -0.31015580892562866 1.0638540983200073
v 0.11428125947713852 -0.30612972378730774 1.0475014448165894
v 0.2586573660373688 -0.29056406021118164 1.0046648979187012
v -0.37509721517562866 -0.2703123986721039 0.9477643966674805
v -0.24384039640426636 -0.28494200110435486 1.0003347396850586
v -0.0985816940665245 -0.30600595474243164 1.0572987794876099
v 0.053474072366952896 -0.3066557049751282 1.0601791143417358
v 0.20441429316997528 -0.29377561807632446 1.0302737951278687
v 0.33310210704803467 -0.2778860032558441 0.9631605744361877
v -0.296322226524353 -0.278869092464447 0.9814578890800476
v -0.15874408185482025 -0.29250776767730713 1.0278431177139282
v -0.00938259344547987 -0.3071475625038147 1.064831256866455
v 0.1450040191411972 -0.2976909875869751 1.0384941101074219
v 0.28468820452690125 -0.28291624784469604 0.9907086491584778
v -0.34678590297698975 -0.27192848920822144 0.9603074193000793
v -0.2152264416217804 -0.2849726676940918 1.0120958089828491
v -0.0690908432006836 -0.30468156933784485 1.0618319511413574
v 0.08613705635070801 -0.30333447456359863 1.0544410943984985
v 0.23356303572654724 -0.2877947986125946 1.0147603750228882
v 0.3602568209171295 -0.2700656056404114 0.956463098526001
v -0.2689405679702759 -0.27736696600914 0.9916605353355408
v -0.12639735639095306 -0.2939727306365967 1.0390695333480835
v 0.02320602349936962 -0.30300742387771606 1.0659724473953247
v 0.17700010538101196 -0.2919732630252838 1.0401631593704224
v 0.3098163902759552 -0.27594929933547974 0.9707642793655396
v -0.32026320695877075 -0.27297598123550415 0.9728329181671143
v -0.18577644228935242 -0.28500184416770935 1.0212726593017578
v -0.0383802093565464 -0.3029465675354004 1.0659180879592896
v 0.11666455119848251 -0.2986149787902832 1.0478800535202026
v 0.26105010509490967 -0.2822445333003998 1.0041664838790894
v -0.3707812428474426 -0.2626386284828186 0.9478324055671692
v -0.2408444732427597 -0.27739694714546204 1.002022385597229
v -0.09558176249265671 -0.29835399985313416 1.059008240699768
v 0.05647910386323929 -0.2994936406612396 1.0612179040908813
v 0.20678599178791046 -0.28607362508773804 1.0296307802200317
v 0.3363317847251892 -0.26913702487945557 0.9635762572288513
v -0.2932416796684265 -0.27110838890075684 0.9832301139831543
v -0.15611161291599274 -0.2855803966522217 1.0313984155654907
v -0.006174896378070116 -0.29994672536849976 1.0671178102493286
v 0.1485118269920349 -0.290402352809906 1.0409482717514038
v 0.28721997141838074 -0.27481043338775635 0.989383339881897
v -0.34394925832748413 -0.26455140113830566 0.961233377456665
v -0.21238532662391663 -0.2777387499809265 1.0138334035873413
v -0.06590134650468826 -0.29767173528671265 1.0647462606430054
v 0.0888359546661377 -0.29641401767730713 1.0561786890029907
v 0.2365289181470871 -0.2799760401248932 1.014931559562683
v 0.36489757895469666 -0.262313574552536 0.958051323890686
v -0.26600515842437744 -0.2697444558143616 0.9932776689529419
v -0.12395014613866806 -0.2885202169418335 1.0472325086593628
v 0.026467666029930115 -0.2960168719291687 1.0684071779251099
v 0.1799003928899765 -0.28432756662368774 1.0398513078689575
v 0.3139760494232178 -0.26735368371009827 0.9745959043502808
v -0.3172088861465454 -0.26552581787109375 0.9741573333740234
v -0.1830662190914154 -0.2778371572494507 1.023344874382019
v -0.03524672985076904 -0.29594486951828003 1.068702220916748
v 0.11953223496675491 -0.29133591055870056 1.0496695041656494
v 0.26399096846580505 -0.2741517722606659 1.0039185285568237
v -0.3677650988101959 -0.2554565370082855 0.9492428302764893
v -0.2382214516401291 -0.2699628174304962 1.0036448240280151
v -0.09296923130750656 -0.29161566495895386 1.0618070363998413
v 0.059633269906044006 -0.29265904426574707 1.0626447200775146
v 0.20949208736419678 -0.2778788208961487 1.0287827253341675
v 0.34014180302619934 -0.26081857085227966 0.9649029970169067
v -0.29028740525245667 -0.2635960280895233 0.9848290681838989
v -0.15324564278125763 -0.27910152077674866 1.0348554849624634
v -0.0026087474543601274 -0.2929287552833557 1.070068120956421
v 0.15201930701732635 -0.28307247161865234 1.0435748100280762
v 0.2902962863445282 -0.2667667269706726 0.9891711473464966
v -0.34122738242149353 -0.2576444447040558 0.9625334739685059
v -0.209711492061615 -0.2705273926258087 1.015417218208313
v -0.06303010880947113 -0.2907790243625641 1.0679802894592285
v 0.09167211502790451 -0.2896294891834259 1.0591129064559937
v 0.23958639800548553 -0.27196985483169556 1.0153969526290894
v 0.3689485490322113 -0.25435978174209595 0.9583568572998047
v -0.26313990354537964 -0.26278504729270935 0.995063066482544
v -0.1210162341594696 -0.2828318774700165 1.0525915622711182
v 0.02990886941552162 -0.2891738712787628 1.0698904991149902
v 0.18287651240825653 -0.27649232745170593 1.0395573377609253
v 0.3173508048057556 -0.25956082344055176 0.9759700298309326
v -0.314350426197052 -0.2586589455604553 0.975935161113739
v -0.1803845763206482 -0.2710280120372772 1.0257329940795898
v -0.03183293342590332 -0.2887069284915924 1.0709853172302246
v 0.12281114608049393 -0.28394201397895813 1.0525468587875366
v 0.26705583930015564 -0.26627033948898315 1.0036263465881348
v -0.36512449383735657 -0.2486366182565689 0.9509229063987732
v -0.2357611209154129 -0.2626921534538269 1.0053131580352783
v -0.09026731550693512 -0.28443798422813416 1.0648739337921143
v 0.06269339472055435 -0.2857908606529236 1.0634797811508179
v 0.21235959231853485 -0.2700231373310089 1.0281147956848145
v 0.34380272030830383 -0.25300222635269165 0.9653217196464539
v -0.2875063717365265 -0.2568456530570984 0.9867668151855469
v -0.15004953742027283 -0.27278295159339905 1.0386682748794556
v 0.0009576380834914744 -0.28543633222579956 1.0723860263824463
v 0.15544745326042175 -0.27583858370780945 1.0461537837982178
v 0.293727844953537 -0.25896045565605164 0.989157497882843
v -0.3385995328426361 -0.2511994242668152 0.9642876386642456
v -0.20710979402065277 -0.26362285017967224 1.0175901651382446
v -0.06002771481871605 -0.2832930386066437 1.0705684423446655
v 0.09467441588640213 -0.28232401609420776 1.0619789361953735
v 0.24247495830059052 -0.26379162073135376 1.0154879093170166
v 0.372469961643219 -0.2470741719007492 0.9568992853164673
v -0.2604656219482422 -0.25567683577537537 0.9967231154441833
v -0.11804547160863876 -0.27617496252059937 1.056607961654663
v 0.033427927643060684 -0.2822640538215637 1.0717333555221558
v 0.1858130246400833 -0.26909270882606506 1.0395472049713135
v 0.3206099271774292 -0.2521568536758423 0.9764391779899597
v -0.31170642375946045 -0.2515503764152527 0.9776557683944702
v -0.17766080796718597 -0.2645091116428375 1.028918981552124
v -0.028093617409467697 -0.28082433342933655 1.0739840269088745
v 0.12662339210510254 -0.27627402544021606 1.0560256242752075
v 0.2700955271720886 -0.25864914059638977 1.0031198263168335
v -0.3628824055194855 -0.24188299477100372 0.9531132578849792
v -0.23322723805904388 -0.25564104318618774 1.0075117349624634
v -0.08736145496368408 -0.2765512764453888 1.0673227310180664
v 0.06567317247390747 -0.2782660126686096 1.065543293952942
v 0.21547842025756836 -0.26216670870780945 1.0278205871582031
v 0.34669750928878784 -0.24574851989746094 0.9649996161460876
v -0.2851676642894745 -0.24987471103668213 0.9886287450790405
v -0.14743618667125702 -0.26678842306137085 1.0430954694747925
v 0.004242213908582926 -0.27746155858039856 1.0764893293380737
v 0.15899834036827087 -0.2685580849647522 1.0487401485443115
v 0.2970857620239258 -0.2515179514884949 0.9893062710762024
v -0.3361947536468506 -0.2443489283323288 0.9665007591247559
v -0.20444458723068237 -0.25706183910369873 1.0208215713500977
v -0.056450337171554565 -0.274429053068161 1.0735372304916382
v 0.09838047623634338 -0.2745133936405182 1.0655452013015747
v 0.24545173346996307 -0.25600287318229675 1.0156028270721436
v 0.37601438164711 -0.2403075248003006 0.9544388651847839
v -0.25815337896347046 -0.24853827059268951 0.9985668063163757
v -0.11577080935239792 -0.26871249079704285 1.0606236457824707
v 0.0365036204457283 -0.273338258266449 1.0741856098175049
v 0.18868380784988403 -0.261531800031662 1.0397621393203735
v 0.3235848546028137 -0.2449801117181778 0.9764614105224609
v -0.3095192015171051 -0.24451719224452972 0.9796081781387329
v -0.17506733536720276 -0.25862371921539307 1.032936692237854
v -0.02561626024544239 -0.27793240547180176 1.104982614517212
v 0.13074016571044922 -0.2689787745475769 1.0589263439178467
v 0.27305367588996887 -0.25099262595176697 1.0022368431091309
v -0.3608107566833496 -0.2353632003068924 0.955531895160675
v -0.23070716857910156 -0.24875587224960327 1.0102169513702393
v -0.08430693298578262 -0.2679576277732849 1.0706340074539185
v 0.06899109482765198 -0.2698436677455902 1.0690159797668457
v 0.2189764827489853 -0.25465184450149536 1.0271921157836914
v 0.34951052069664 -0.2384064644575119 0.9643887877464294
v -0.2831358015537262 -0.24287712574005127 0.9902836680412292
v -0.14507199823856354 -0.2608608901500702 1.0476412773132324
v 0.00835237093269825 -0.27230164408683777 1.1003375053405762
v 0.162526473402977 -0.26160502433776855 1.0508745908737183
v 0.3003077208995819 -0.2441565990447998 0.9894452691078186
v -0.3341231644153595 -0.2376672774553299 0.9687308073043823
v -0.20202955603599548 -0.2507077753543854 1.0249871015548706
v -0.054854270070791245 -0.27202486991882324 1.1072633266448975
v 0.10249845683574677 -0.26681819558143616 1.0690044164657593
v 0.248466357588768 -0.24826523661613464 1.0158668756484985
v 0.3795187473297119 -0.23352894186973572 0.9522245526313782
v -0.25599560141563416 -0.2415580451488495 1.0004260540008545
v -0.11318664252758026 -0.26161766052246094 1.0638656616210938
v 0.04330538213253021 -0.2712194323539734 1.1072572469711304
v 0.1918010413646698 -0.2543835937976837 1.0399976968765259
v 0.3263568580150604 -0.23783986270427704 0.976259171962738
v -0.3076026141643524 -0.23753678798675537 0.9816895127296448
v -0.172648087143898 -0.25277599692344666 1.0376166105270386
v -0.02193974331021309 -0.26802462339401245 1.1040360927581787
v 0.13435165584087372 -0.26156142354011536 1.0605244636535645
v 0.2759053409099579 -0.2434033304452896 1.0023891925811768
v -0.35891345143318176 -0.22900152206420898 0.9583461284637451
v -0.228409543633461 -0.24212248623371124 1.0133473873138428
v -0.08292776346206665 -0.2674504220485687 1.104996681213379
v 0.0723801925778389 -0.2607116401195526 1.0703116655349731
v 0.22249431908130646 -0.24707284569740295 1.0267287492752075
v 0.35224440693855286 -0.2312067300081253 0.9635785818099976
v -0.2811114192008972 -0.2359195351600647 0.9921457171440125
v -0.14273138344287872 -0.2544596493244171 1.0517114400863647
v 0.011868417263031006 -0.2637995779514313 1.1003680229187012
v 0.16591836512088776 -0.25463637709617615 1.0528035163879395
v 0.3031627833843231 -0.2364693582057953 0.9893094897270203
v -0.33221304416656494 -0.230936661362648 0.9711880683898926
v -0.19974294304847717 -0.2442805916070938 1.0300815105438232
v -0.05265894532203674 -0.26336532831192017 1.105705738067627
v 0.10633105784654617 -0.25900912284851074 1.0715628862380981
v 0.25149545073509216 -0.24120043218135834 1.0145312547683716
v 0.38449347019195557 -0.22687463462352753 0.9492719173431396
v -0.2537252902984619 -0.2346101999282837 1.0027334690093994
v -0.11032497137784958 -0.2538658678531647 1.0663230419158936
v 0.04614495858550072 -0.2625470459461212 1.107197642326355
v 0.1950451135635376 -0.2473420351743698 1.0406670570373535
v 0.3289533853530884 -0.230525404214859 0.9755886793136597
v -0.30576932430267334 -0.23063522577285767 0.9840893745422363
v -0.17059536278247833 -0.24677342176437378 1.0423909425735474
v -0.018959904089570045 -0.2589085102081299 1.0998215675354004
v 0.13793042302131653 -0.25377097725868225 1.0615204572677612
v 0.27896538376808167 -0.23561593890190125 1.002658724784851
v -0.35687097907066345 -0.22262053191661835 0.9612724184989929
v -0.22625623643398285 -0.2352888584136963 1.0171796083450317
v -0.08168603479862213 -0.2592202126979828 1.10625422000885
v 0.07974851131439209 -0.26048019528388977 1.1079199314117432
v 0.22594034671783447 -0.2396591752767563 1.0265551805496216
v 0.3552662134170532 -0.22363032400608063 0.9625356197357178
v -0.27900034189224243 -0.22894929349422455 0.9944512248039246
v -0.13975107669830322 -0.24688073992729187 1.0546997785568237
v 0.015036058612167835 -0.25530293583869934 1.0978270769119263
v 0.16926583647727966 -0.2476864904165268 1.0546901226043701
v 0.30592992901802063 -0.2288980782032013 0.988879382610321
v -0.33016082644462585 -0.22409574687480927 0.9741508364677429
v -0.19782346487045288 -0.2382035255432129 1.0344725847244263
v -0.04944412782788277 -0.2544388771057129 1.1013087034225464
v 0.10922058671712875 -0.25006353855133057 1.0733230113983154
v 0.25478094816207886 -0.23337529599666595 1.0155643224716187
v -0.38693052530288696 -0.21617020666599274 0.9478400945663452
v -0.2515665888786316 -0.22779127955436707 1.0056025981903076
v -0.11096563190221786 -0.2529642879962921 1.1036783456802368
v 0.04942748695611954 -0.2539539635181427 1.1041865348815918
v 0.1986912190914154 -0.2403329759836197 1.0417083501815796
v 0.3317157030105591 -0.22286354005336761 0.9744550585746765
v -0.3037947118282318 -0.22361698746681213 0.9864267110824585
v -0.16849085688591003 -0.24046406149864197 1.046783447265625
v -0.015409953892230988 -0.24946880340576172 1.0915817022323608
v 0.1414576768875122 -0.24566982686519623 1.062758207321167
v 0.28246960043907166 -0.22624105215072632 1.003365397453308
v -0.3546184003353119 -0.21558356285095215 0.9641115665435791
v -0.22414730489253998 -0.2288626730442047 1.022201418876648
v -0.07917333394289017 -0.24943643808364868 1.1015992164611816
v 0.08295592665672302 -0.25091609358787537 1.1063296794891357
v 0.22947350144386292 -0.2322300523519516 1.0268772840499878
v 0.35860350728034973 -0.2158636748790741 0.9615095257759094
v -0.2770044207572937 -0.22208045423030853 0.9972007870674133
v -0.1358572542667389 -0.2380959391593933 1.0559465885162354
v 0.018384471535682678 -0.2448088526725769 1.086135745048523
v 0.17258335649967194 -0.24045433104038239 1.0559340715408325
v 0.30866581201553345 -0.2215188592672348 0.9882690906524658
v -0.32804858684539795 -0.2172495275735855 0.9772747159004211
v -0.1959136575460434 -0.23207566142082214 1.0388606786727905
v -0.04570959135890007 -0.24343962967395782 1.0876891613006592
v 0.11237280815839767 -0.24082806706428528 1.0727344751358032
v 0.2579556107521057 -0.22550907731056213 1.0164635181427002
v -0.382286936044693 -0.20968125760555267 0.9550429582595825
v -0.2495570033788681 -0.22114628553390503 1.0092493295669556
v -0.10879407823085785 -0.24371126294136047 1.1020920276641846
v 0.05201781913638115 -0.2430274486541748 1.0921077728271484
v 0.20244847238063812 -0.23310939967632294 1.0432485342025757
v 0.33435800671577454 -0.21506737172603607 0.9733718037605286
v -0.3018428385257721 -0.21671457588672638 0.9891873598098755
v -0.16625334322452545 -0.23338700830936432 1.0507042407989502
v -0.011864851228892803 -0.23505215346813202 1.0682117938995361
v 0.1444309502840042 -0.23699937760829926 1.0635913610458374
v 0.28557780385017395 -0.21848195791244507 1.0029537677764893
v -0.35246366262435913 -0.20935331284999847 0.9670875072479248
v -0.22193482518196106 -0.22253185510635376 1.0290412902832031
v -0.07544049620628357 -0.2381294071674347 1.088117003440857
v 0.08605930209159851 -0.2414277195930481 1.1013249158859253
v 0.2329290509223938 -0.22466601431369781 1.0281901359558105
v 0.3617406487464905 -0.20866264402866364 0.9609155654907227
v -0.2750689685344696 -0.21536345779895782 1.0006450414657593
v -0.13974621891975403 -0.2410058230161667 1.1045445203781128
v 0.020990265533328056 -0.23017296195030212 1.0626381635665894
v 0.1758081614971161 -0.23273445665836334 1.056596279144287
v 0.31115517020225525 -0.2140175700187683 0.9873735904693604
v -0.32602643966674805 -0.2102971374988556 0.980694055557251
v -0.1940242350101471 -0.22569887340068817 1.0434788465499878
v -0.0414062924683094 -0.22765135765075684 1.0596437454223633
v 0.12163003534078598 -0.2394525110721588 1.1069495677947998
v 0.2609502971172333 -0.21742886304855347 1.0170836448669434
v -0.3792639970779419 -0.2027144730091095 0.9585221409797668
v -0.24779929220676422 -0.21461908519268036 1.0139824151992798
v -0.10615426301956177 -0.23457184433937073 1.096142053604126
v 0.054025012999773026 -0.22866782546043396 1.0696321725845337
v 0.2062719166278839 -0.2256346195936203 1.0447888374328613
v 0.3370812237262726 -0.20739762485027313 0.9715059995651245
v -0.2998805642127991 -0.20982035994529724 0.9922444224357605
v -0.16339920461177826 -0.2251717746257782 1.0533020496368408
v -0.008945533074438572 -0.22107470035552979 1.0460267066955566
v 0.14722567796707153 -0.22770799696445465 1.0657083988189697
v 0.2882872521877289 -0.21075178682804108 1.0024542808532715
v -0.35040009021759033 -0.20263902842998505 0.9700132608413696
v -0.2201816886663437 -0.21634778380393982 1.0338410139083862
v -0.07055436819791794 -0.22327391803264618 1.06232488155365
v 0.08881713449954987 -0.23046661913394928 1.08975088596344
v 0.2364700436592102 -0.21711015701293945 1.0295073986053467
v 0.3644116222858429 -0.20150940120220184 0.9607452750205994
v -0.2733134925365448 -0.20895527303218842 1.0047394037246704
v -0.1366337388753891 -0.2311827689409256 1.1000580787658691
v 0.023348232731223106 -0.21741613745689392 1.0442407131195068
v 0.1795416623353958 -0.22479185461997986 1.0573972463607788
v 0.3138895630836487 -0.20625704526901245 0.9865246415138245
v -0.3239601254463196 -0.20319132506847382 0.9842599034309387
v -0.1920388638973236 -0.21892878413200378 1.0474426746368408
v -0.037644870579242706 -0.21460331976413727 1.0398383140563965
v 0.12463489919900894 -0.2300359457731247 1.1051733493804932
v 0.2643589675426483 -0.2093239426612854 1.016971230506897
v -0.37662220001220703 -0.19598986208438873 0.9617288708686829
v -0.2461787760257721 -0.20832309126853943 1.0192677974700928
v -0.10148115456104279 -0.2216363400220871 1.0760393142700195
v 0.05601507052779198 -0.21585194766521454 1.0517373085021973
v 0.2100626826286316 -0.21833235025405884 1.0465507507324219
v 0.3400484621524811 -0.19977273046970367 0.9707736968994141
v -0.2979823052883148 -0.20288509130477905 0.9956168532371521
v -0.15970923006534576 -0.2153199017047882 1.0529229640960693
v -0.005956469569355249 -0.20910081267356873 1.0298879146575928
v 0.15863037109375 -0.22897617518901825 1.1102131605148315
v 0.29117679595947266 -0.2032519280910492 1.0018727779388428
v -0.3484136462211609 -0.1958252489566803 0.9729222655296326
v -0.21851113438606262 -0.21019938588142395 1.037304401397705
v -0.06610243022441864 -0.2099706381559372 1.041754961013794
v 0.09073495864868164 -0.2180437445640564 1.0726487636566162
v 0.2399514764547348 -0.20939143002033234 1.0308668613433838
v 0.36702314019203186 -0.1941840648651123 0.9604707956314087
v -0.2714831531047821 -0.2023460417985916 1.0091379880905151
v -0.13304933905601501 -0.2209852784872055 1.0926674604415894
v 0.025909902527928352 -0.205813467502594 1.02964448928833
v 0.18332944810390472 -0.21690934896469116 1.0581638813018799
v 0.31674355268478394 -0.19840136170387268 0.9850553274154663
v -0.321982741355896 -0.19601786136627197 0.9876478314399719
v -0.18979890644550323 -0.21161817014217377 1.0508558750152588
v -0.03408711403608322 -0.2030329555273056 1.0247306823730469
v 0.1274789422750473 -0.2206127643585205 1.1002498865127563
v 0.26743096113204956 -0.20163646340370178 1.0163660049438477
v -0.3746654689311981 -0.18923398852348328 0.9648542404174805
v -0.24432124197483063 -0.2020561546087265 1.0254771709442139
v -0.0960177555680275 -0.20694291591644287 1.050479531288147
v 0.05843762680888176 -0.20452526211738586 1.0382338762283325
v 0.2139182686805725 -0.21038006246089935 1.048213005065918
v 0.3427083194255829 -0.1920415163040161 0.9698385000228882
v -0.2958870828151703 -0.1957091987133026 0.9993141889572144
v -0.16252337396144867 -0.2169651836156845 1.0999219417572021
v -0.002904121996834874 -0.19817900657653809 1.017224669456482
v 0.16418644785881042 -0.2205655872821808 1.1115622520446777
v 0.2939390242099762 -0.19576069712638855 1.0012552738189697
v -0.34655722975730896 -0.18907774984836578 0.9764114618301392
v -0.21677017211914062 -0.20372441411018372 1.0410118103027344
v -0.06204400211572647 -0.19825202226638794 1.026294231414795
v 0.09250055253505707 -0.20579178631305695 1.056440830230713
v 0.24329596757888794 -0.2012854516506195 1.0319397449493408
v 0.36958152055740356 -0.18680565059185028 0.960116982460022
v -0.26949378848075867 -0.19532372057437897 1.014172911643982
v -0.12777972221374512 -0.2077077329158783 1.0727952718734741
v 0.02862195111811161 -0.1951940655708313 1.0182610750198364
v 0.18701058626174927 -0.20867159962654114 1.0589663982391357
v 0.31944555044174194 -0.19043506681919098 0.9849842190742493
v -0.31996476650238037 -0.1887725591659546 0.9909528493881226
v -0.1868339478969574 -0.2032237946987152 1.0536926984786987
v -0.030635815113782883 -0.192338764667511 1.0122488737106323
v 0.12979793548583984 -0.20992295444011688 1.0898942947387695
v 0.27048707008361816 -0.19412940740585327 1.0155456066131592
v -0.3726790249347687 -0.18254992365837097 0.9681480526924133
v -0.24236176908016205 -0.19563642144203186 1.0298672914505005
v -0.09143108129501343 -0.19492179155349731 1.033185601234436
v 0.060973308980464935 -0.19399848580360413 1.0271469354629517
v 0.21767988801002502 -0.20208114385604858 1.0492711067199707
v 0.3453625738620758 -0.18443261086940765 0.9682382941246033
v -0.29377618432044983 -0.18832214176654816 1.0033624172210693
v -0.15974736213684082 -0.20735764503479004 1.0935871601104736
v 0.00013058740296401083 -0.18805024027824402 1.0068309307098389
v 0.16692830622196198 -0.2111808806657791 1.1106020212173462
v 0.2968220114707947 -0.1881878525018692 0.9991838335990906
v -0.3447057902812958 -0.18213433027267456 0.9805366396903992
v -0.21487052738666534 -0.19693557918071747 1.0444676876068115
v -0.05824536830186844 -0.1876041293144226 1.0137301683425903
v 0.0946284756064415 -0.1947210133075714 1.043917179107666
v 0.24669235944747925 -0.19352956116199493 1.0319902896881104
v 0.3724275231361389 -0.17916584014892578 0.9596632719039917
v -0.26724550127983093 -0.18833290040493011 1.0179363489151
v -0.12175633758306503 -0.1941831111907959 1.0492570400238037
v 0.03143532574176788 -0.1854678988456726 1.0090490579605103
v 0.19072487950325012 -0.20012901723384857 1.0609526634216309
v 0.32259973883628845 -0.18281009793281555 0.9845742583274841
v -0.3177688717842102 -0.18144242465496063 0.9944055080413818
v -0.18910154700279236 -0.2026418000459671 1.0994998216629028
v -0.027389438822865486 -0.18246543407440186 1.0020668506622314
v 0.13130688667297363 -0.19855765998363495 1.0762485265731812
v 0.2736615836620331 -0.18646815419197083 1.0150041580200195
v -0.37088140845298767 -0.17513443529605865 0.9721219539642334
v -0.24033860862255096 -0.18914607167243958 1.0335667133331299
v -0.0872294083237648 -0.18416354060173035 1.020178198814392
v 0.06351585686206818 -0.18415473401546478 1.0178190469741821
v 0.22150923311710358 -0.1938708871603012 1.0498534440994263
v 0.3482635021209717 -0.1770624816417694 0.9664474129676819
v -0.2917267978191376 -0.18091411888599396 1.0074546337127686
v -0.15607254207134247 -0.19622810184955597 1.0810434818267822
v 0.0032099466770887375 -0.17856739461421967 0.9982160925865173
v 0.16979746520519257 -0.20187869668006897 1.107673168182373
v 0.2999421954154968 -0.18048939108848572 0.9990978837013245
v -0.34271207451820374 -0.174997478723526 0.9851151704788208
v -0.21263444423675537 -0.18973399698734283 1.0475291013717651
v -0.0546276718378067 -0.17775677144527435 1.0034366846084595
v 0.09699159115552902 -0.1844949871301651 1.0340683460235596
v 0.25015535950660706 -0.18606089055538177 1.032105803489685
v 0.3753996789455414 -0.17173714935779572 0.9586906433105469
v -0.26486262679100037 -0.1812717616558075 1.0218158960342407
v -0.11679242551326752 -0.18271362781524658 1.0332040786743164
v 0.034255776554346085 -0.17620961368083954 1.0013803243637085
v 0.19415631890296936 -0.19155311584472656 1.061282992362976
v 0.32573816180229187 -0.17513476312160492 0.984184205532074
v -0.3154728412628174 -0.17388708889484406 0.9980617761611938
v -0.1865585744380951 -0.19426949322223663 1.0984125137329102
v -0.024165472015738487 -0.17309026420116425 0.9936014413833618
v 0.13270673155784607 -0.18753167986869812 1.0630780458450317
v 0.2767430543899536 -0.17886732518672943 1.0148839950561523
v -0.3694593906402588 -0.16804653406143188 0.9761002659797668
v -0.2383774369955063 -0.18248090147972107 1.0374642610549927
v -0.08316617459058762 -0.1743221879005432 1.0098586082458496
v 0.06607601046562195 -0.17483112215995789 1.0100783109664917
v 0.2251134216785431 -0.18551501631736755 1.050545334815979
v 0.3508961796760559 -0.16963814198970795 0.9649539589881897
v -0.2897348999977112 -0.17348219454288483 1.0114953517913818
v -0.14991620182991028 -0.18307417631149292 1.0597683191299438
v 0.006330590229481459 -0.16950877010822296 0.991010308265686
v 0.17283745110034943 -0.1926569789648056 1.1036477088928223
v 0.30271440744400024 -0.17282846570014954 0.9994426369667053
v -0.34071069955825806 -0.16766074299812317 0.9893363118171692
v -0.2099558264017105 -0.18172110617160797 1.0506657361984253
v -0.051096394658088684 -0.16849103569984436 0.9949511885643005
v 0.09923761337995529 -0.1747618466615677 1.0255662202835083
v 0.25364169478416443 -0.17837513983249664 1.0325274467468262
v 0.3784346580505371 -0.164460226893425 0.9574018120765686
v -0.2625584006309509 -0.17407020926475525 1.0255076885223389
v -0.11235418170690536 -0.17235136032104492 1.0212798118591309
v 0.03712461516261101 -0.16731086373329163 0.9949262142181396
v 0.19732241332530975 -0.18356579542160034 1.0624892711639404
v 0.32861852645874023 -0.1675250381231308 0.9835872650146484
v -0.31332480907440186 -0.1663588583469391 1.0021798610687256
v -0.18370352685451508 -0.18495328724384308 1.0929161310195923
v -0.02097977325320244 -0.1640518754720688 0.9862788319587708
v 0.1344413459300995 -0.17717969417572021 1.052189826965332
v 0.2797919809818268 -0.17114704847335815 1.01481294631958
v -0.36766916513442993 -0.16111433506011963 0.9797830581665039
v -0.23654791712760925 -0.17559660971164703 1.0410161018371582
v -0.07931607961654663 -0.1651003509759903 1.0014843940734863
v 0.0686786025762558 -0.16591227054595947 1.003522276878357
v 0.22892168164253235 -0.17709313333034515 1.050735354423523
v 0.3552136719226837 -0.1612652838230133 0.9720300436019897
v -0.28765079379081726 -0.166007861495018 1.0150457620620728
v -0.14417819678783417 -0.1715197116136551 1.0415791273117065
v 0.009441978298127651 -0.16083775460720062 0.984795868396759
v 0.17550760507583618 -0.18323862552642822 1.099074363708496
v 0.3058057427406311 -0.16496312618255615 0.9996245503425598
v -0.3386073410511017 -0.16049104928970337 0.9930388927459717
v -0.2063140571117401 -0.17269070446491241 1.051511526107788
v -0.0477239191532135 -0.15958650410175323 0.9876460433006287
v 0.1015050932765007 -0.16555966436862946 1.0183385610580444
v 0.2569856345653534 -0.17072317004203796 1.0326365232467651
v 0.38401588797569275 -0.15708793699741364 0.9549241065979004
v -0.26054850220680237 -0.16696344316005707 1.0290226936340332
v -0.10821517556905746 -0.16280435025691986 1.0121454000473022
v 0.04002191126346588 -0.1588028371334076 0.9893426895141602
v 0.20102286338806152 -0.17520754039287567 1.066710114479065
v 0.33206191658973694 -0.15977579355239868 0.9838407635688782
v -0.3114268183708191 -0.15894749760627747 1.0063477754592896
v -0.17955009639263153 -0.17425097525119781 1.0811868906021118
v -0.017854342237114906 -0.15534397959709167 0.9798794984817505
v 0.13647927343845367 -0.1674078106880188 1.0436371564865112
v 0.2830424904823303 -0.16339586675167084 1.0148602724075317
v -0.3659663796424866 -0.15476824343204498 0.9840025305747986
v -0.23472587764263153 -0.168343648314476 1.0439834594726562
v -0.075669065117836 -0.1562618464231491 0.9945278167724609
v 0.07140514254570007 -0.15734542906284332 0.9979928135871887
v 0.23242798447608948 -0.16902320086956024 1.0508756637573242
v 0.3588372468948364 -0.15396133065223694 0.9721744060516357
v -0.2855183184146881 -0.15857160091400146 1.0185155868530273
v -0.13912314176559448 -0.1610773205757141 1.0284678936004639
v 0.012503174133598804 -0.1524217426776886 0.9793869853019714
v 0.17793163657188416 -0.17365354299545288 1.0935357809066772
v 0.30903422832489014 -0.15715689957141876 0.9997531175613403
v -0.33661139011383057 -0.15324878692626953 0.996536374092102
v -0.21018072962760925 -0.1723289042711258 1.0993915796279907
v -0.04441443830728531 -0.15096372365951538 0.9812566637992859
v 0.1038176566362381 -0.1567719727754593 1.0122686624526978
v 0.260313481092453 -0.1628751903772354 1.0327332019805908
v -0.39924710988998413 -0.14880040287971497 0.9674355387687683
v -0.25861138105392456 -0.15970854461193085 1.0324702262878418
v -0.10422253608703613 -0.15367257595062256 1.004665732383728
v 0.04290006309747696 -0.15056347846984863 0.9844130277633667
v 0.21248771250247955 -0.1713254153728485 1.1023279428482056
v 0.3368031084537506 -0.15061375498771667 0.9881443977355957
v -0.3094601631164551 -0.15161260962486267 1.0104368925094604
v -0.1728554517030716 -0.16192719340324402 1.0603629350662231
v -0.014743532985448837 -0.14691777527332306 0.9744044542312622
v 0.13865873217582703 -0.15798117220401764 1.0364570617675781
v 0.2860981225967407 -0.15556225180625916 1.0153861045837402
v -0.3638300597667694 -0.14757873117923737 0.9876284003257751
v -0.23265713453292847 -0.16056711971759796 1.0465577840805054
v -0.07222370058298111 -0.1477152705192566 0.9888071417808533
v 0.07420704513788223 -0.1490587741136551 0.9932042360305786
v 0.2357950359582901 -0.16061393916606903 1.0510225296020508
v 0.3625098168849945 -0.14699424803256989 0.9722623229026794
v -0.2832655608654022 -0.1510746330022812 1.021775722503662
v -0.1345665007829666 -0.1514149308204651 1.0189125537872314
v 0.015537390485405922 -0.14419452846050262 0.9746453166007996
v 0.18029551208019257 -0.16392970085144043 1.087337613105774
v 0.3123779892921448 -0.14928355813026428 0.9999829530715942
v -0.33451658487319946 -0.14589127898216248 0.9999815225601196
v -0.20737802982330322 -0.16352660953998566 1.0948644876480103
v -0.04114668816328049 -0.14248229563236237 0.9753855466842651
v 0.10623987764120102 -0.1482556015253067 1.0071723461151123
v 0.2635910212993622 -0.1547868847846985 1.0331240892410278
v -0.39403924345970154 -0.14201131463050842 0.9774008989334106
v -0.2565847635269165 -0.152335524559021 1.035825490951538
v -0.10044628381729126 -0.1447719782590866 0.9984604120254517
v 0.04574286937713623 -0.1424950212240219 0.9800364375114441
v 0.2168649584054947 -0.1630290299654007 1.1062859296798706
v 0.33987149596214294 -0.14322859048843384 0.9881731867790222
v -0.3075232207775116 -0.14427067339420319 1.0140537023544312
v -0.16684342920780182 -0.15098464488983154 1.0434284210205078
v -0.011656058020889759 -0.13871236145496368 0.9696227312088013
v 0.14094489812850952 -0.14898008108139038 1.0304256677627563
v 0.28932297229766846 -0.14754284918308258 1.0158119201660156
v -0.3614307641983032 -0.1403844952583313 0.9908767938613892
v -0.22954745590686798 -0.15180562436580658 1.0478590726852417
v -0.06883068382740021 -0.13929416239261627 0.9835533499717712
v 0.07695040851831436 -0.14094245433807373 0.9889616370201111
v 0.23907852172851562 -0.15211614966392517 1.050642490386963
v 0.36607491970062256 -0.14003203809261322 0.9727132320404053
v -0.2812025547027588 -0.14378409087657928 1.0248956680297852
v -0.13039079308509827 -0.14236532151699066 1.0116468667984009
v 0.018457666039466858 -0.13618843257427216 0.9705414772033691
v 0.18266350030899048 -0.15441560745239258 1.0814309120178223
v 0.31685033440589905 -0.13992691040039062 1.0037646293640137
v -0.33244776725769043 -0.13849329948425293 1.0031898021697998
v -0.20418742299079895 -0.15375390648841858 1.0876314640045166
v -0.03797557204961777 -0.1341055929660797 0.9699015617370605
v 0.10878290235996246 -0.13994210958480835 1.0028115510940552
v 0.26685383915901184 -0.146671861410141 1.0332515239715576
v -0.3904830813407898 -0.13453184068202972 0.9819769263267517
v -0.2546115219593048 -0.14478518068790436 1.0385178327560425
v -0.09692981839179993 -0.13618120551109314 0.993579089641571
v 0.04855254292488098 -0.13448946177959442 0.9761024117469788
v 0.219388946890831 -0.15392504632472992 1.1040701866149902
v 0.34290245175361633 -0.13620096445083618 0.9885355830192566
v -0.30555078387260437 -0.13719552755355835 1.0167866945266724
v -0.16164587438106537 -0.14105305075645447 1.031679391860962
v -0.008609483018517494 -0.1306583285331726 0.9654373526573181
v 0.1432793289422989 -0.1402762234210968 1.0252841711044312
v 0.29267624020576477 -0.13967011868953705 1.0160562992095947
v -0.35880252718925476 -0.13314813375473022 0.9936217665672302
v -0.22513319551944733 -0.142080157995224 1.045119285583496
v -0.06545577943325043 -0.1309814602136612 0.9784464240074158
v 0.07958672195672989 -0.13288961350917816 0.9851914644241333
v 0.2424544394016266 -0.1440170556306839 1.0499494075775146
v 0.3695865571498871 -0.13286204636096954 0.972124457359314
v -0.27911776304244995 -0.13651558756828308 1.0276535749435425
v -0.1264110654592514 -0.13367781043052673 1.0058414936065674
v 0.02123318426311016 -0.12826380133628845 0.9669086933135986
v 0.1844293475151062 -0.1449865996837616 1.0753605365753174
v 0.32021963596343994 -0.13282522559165955 1.0032098293304443
v -0.330335795879364 -0.1312406063079834 1.006052017211914
v -0.1982785016298294 -0.14242206513881683 1.0711123943328857
v -0.03495508059859276 -0.12602193653583527 0.965822696685791
v 0.11140625923871994 -0.13165144622325897 0.9989567399024963
v 0.27003970742225647 -0.13849639892578125 1.0334317684173584
v -0.38697007298469543 -0.1270979344844818 0.9848261475563049
v -0.25266703963279724 -0.13708239793777466 1.0410698652267456
v -0.09357542544603348 -0.1280786246061325 0.9901347160339355
v 0.0513521246612072 -0.12645883858203888 0.9725862145423889
v 0.22182410955429077 -0.14447854459285736 1.1009232997894287
v 0.3460555374622345 -0.1290866583585739 0.988583505153656
v -0.3035231828689575 -0.12993164360523224 1.0187630653381348
v -0.15696728229522705 -0.13183341920375824 1.0233006477355957
v -0.005621733143925667 -0.12278269231319427 0.9619813561439514
v 0.1455383151769638 -0.131688192486763 1.0208344459533691
v 0.29584187269210815 -0.13189108669757843 1.0161616802215576
v -0.35615837574005127 -0.12576539814472198 0.9961279034614563
v -0.23124830424785614 -0.14163780212402344 1.0959117412567139
v -0.0621161088347435 -0.12283488363027573 0.9737751483917236
v 0.08219170570373535 -0.12482984364032745 0.9818515777587891
v 0.24565105140209198 -0.1359311193227768 1.0491443872451782
v 0.3726785480976105 -0.1249982938170433 0.9741483926773071
v -0.2771146297454834 -0.1293138712644577 1.0301496982574463
v -0.12254314124584198 -0.12531141936779022 1.0009256601333618
v 0.02393232472240925 -0.12044157832860947 0.9637002348899841
v 0.18625889718532562 -0.13571909070014954 1.0695736408233643
v 0.32330793142318726 -0.12620404362678528 1.0015836954116821
v -0.3281641900539398 -0.12391207367181778 1.008270263671875
v -0.1911371797323227 -0.13155654072761536 1.0523446798324585
v -0.03203431889414787 -0.11823855340480804 0.9627875685691833
v 0.11403125524520874 -0.12344623357057571 0.9955441355705261
v 0.27316293120384216 -0.13031236827373505 1.033616542816162
v -0.3835257291793823 -0.11972010135650635 0.9877094030380249
v -0.2503128945827484 -0.12892751395702362 1.0440080165863037
v -0.09007684886455536 -0.12020127475261688 0.9863716959953308
v 0.054170213639736176 -0.11848113685846329 0.9694522619247437
v 0.2245279848575592 -0.13558124005794525 1.0986121892929077
v 0.34895554184913635 -0.12183801829814911 0.988670825958252
v -0.30149438977241516 -0.12249016761779785 1.0202819108963013
v -0.15269461274147034 -0.12311694025993347 1.0169090032577515
v -0.002683536382392049 -0.11511390656232834 0.9591255784034729
v 0.14789293706417084 -0.12335099279880524 1.0170639753341675
v 0.29881978034973145 -0.12416954338550568 1.0159300565719604
v -0.3534972071647644 -0.11766806244850159 0.9986705183982849
v -0.22825804352760315 -0.13221748173236847 1.091987133026123
v -0.05880654975771904 -0.11494261771440506 0.9696820378303528
v 0.084776371717453 -0.11688979715108871 0.9789009094238281
v 0.24919667840003967 -0.1277702897787094 1.048669457435608
v 0.37586334347724915 -0.11760077625513077 0.9745540022850037
v -0.2751902639865875 -0.12199081480503082 1.0319916009902954
v -0.11884474754333496 -0.11721759289503098 0.9969403147697449
v 0.026679137721657753 -0.11276194453239441 0.9608874917030334
v 0.18867719173431396 -0.12698166072368622 1.0651836395263672
v 0.3260408639907837 -0.11858490854501724 1.0007983446121216
v -0.3260286748409271 -0.1164712905883789 1.010119915008545
v -0.18531689047813416 -0.12155649811029434 1.0390053987503052
v -0.02912546694278717 -0.11073438823223114 0.9604156017303467
v 0.11664675921201706 -0.11539608985185623 0.992526113986969
v 0.27630487084388733 -0.12245498597621918 1.0332155227661133
v -0.37986311316490173 -0.11242982745170593 0.9901573657989502
v -0.24747006595134735 -0.12036075443029404 1.0461645126342773
v -0.08649193495512009 -0.11232500523328781 0.9820557236671448
v 0.05697299912571907 -0.11065234988927841 0.9666842222213745
v 0.2277771234512329 -0.1269148290157318 1.0965937376022339
v 0.35205650329589844 -0.11436037719249725 0.9887532591819763
v -0.29951661825180054 -0.11514677852392197 1.0214483737945557
v -0.1486947387456894 -0.11469366401433945 1.0117229223251343
v 0.0002592355594970286 -0.10761994868516922 0.9567155838012695
v 0.15040357410907745 -0.11521658301353455 1.0139824151992798
v 0.3017917573451996 -0.11663226038217545 1.015147089958191
v -0.3508821427822113 -0.11019004136323929 1.0007697343826294
v -0.22476132214069366 -0.12282727658748627 1.0858632326126099
v -0.05556323379278183 -0.10726702958345413 0.966310441493988
v 0.08739753812551498 -0.10902254283428192 0.9762430191040039
v 0.25255849957466125 -0.11966346204280853 1.0481833219528198
v 0.37892505526542664 -0.11000856757164001 0.9755170941352844
v -0.27326974272727966 -0.11501816660165787 1.0340498685836792
v -0.11533432453870773 -0.10926585644483566 0.9938543438911438
v 0.029522916302084923 -0.10519032180309296 0.9584126472473145
v 0.19108040630817413 -0.11819902807474136 1.061159610748291
v 0.3287609815597534 -0.1110943928360939 0.999991774559021
v -0.32393336296081543 -0.10888539254665375 1.0116013288497925
v -0.18026866018772125 -0.11219431459903717 1.0296194553375244
v -0.02619236521422863 -0.10337376594543457 0.9582003355026245
v 0.11924082785844803 -0.10753544420003891 0.9899069666862488
v 0.27936819195747375 -0.11470873653888702 1.0328645706176758
v -0.3765796422958374 -0.1049031987786293 0.9923986792564392
v -0.24455079436302185 -0.11219019442796707 1.048196792602539
v -0.0830807313323021 -0.10447458922863007 0.9783929586410522
v 0.05970483273267746 -0.102995365858078 0.9642473459243774
v 0.2313983142375946 -0.11817426234483719 1.095393180847168
v 0.3552035093307495 -0.10664152354001999 0.9889267683029175
v -0.29756852984428406 -0.1079092025756836 1.02278733253479
v -0.1449158787727356 -0.10639502108097076 1.0074323415756226
v 0.003211271483451128 -0.1002425104379654 0.9544549584388733
v 0.1530127078294754 -0.10720885545015335 1.0115160942077637
v 0.30451470613479614 -0.10920801013708115 1.0143126249313354
v -0.34840211272239685 -0.10255547612905502 1.0025262832641602
v -0.21927893161773682 -0.11256910115480423 1.073717474937439
v -0.05245819315314293 -0.0997861847281456 0.9637438654899597
v 0.09009412676095963 -0.10121563076972961 0.9739055037498474
v 0.2558155059814453 -0.11136269569396973 1.0478620529174805
v 0.3829735517501831 -0.10251028090715408 0.9770786166191101
v -0.27137190103530884 -0.10794584453105927 1.036314845085144
v -0.1119527593255043 -0.10139244794845581 0.9916828274726868
v 0.032455217093229294 -0.09767694026231766 0.9562450051307678
v 0.19367682933807373 -0.10952017456293106 1.0579442977905273
v 0.33175423741340637 -0.10370045155286789 0.9993448257446289
v -0.32181259989738464 -0.10135805606842041 1.0131416320800781
v -0.17566338181495667 -0.10336264222860336 1.0225590467453003
v -0.02324315719306469 -0.09605026245117188 0.95589280128479
v 0.12187042832374573 -0.09980058670043945 0.9876300692558289
v 0.2822912037372589 -0.10681208968162537 1.032325267791748
v -0.37378260493278503 -0.09727080911397934 0.9943005442619324
v -0.24869100749492645 -0.10900416225194931 1.0905438661575317
v -0.0798804834485054 -0.09672482311725616 0.9755640625953674
v 0.06243215873837471 -0.09545942395925522 0.9621773362159729
v 0.23484966158866882 -0.10932779312133789 1.0949485301971436
v 0.3585502803325653 -0.09884892404079437 0.9891053438186646
v -0.2957541346549988 -0.10080417990684509 1.0244402885437012
v -0.1413077861070633 -0.09825550019741058 1.0040948390960693
v 0.006147695705294609 -0.0929158478975296 0.9523594379425049
v 0.1557888686656952 -0.09931690245866776 1.0096492767333984
v 0.3077860176563263 -0.10164912045001984 1.0134800672531128
v -0.3462296724319458 -0.09493810683488846 1.0040676593780518
v -0.21204882860183716 -0.10247629880905151 1.0573821067810059
v -0.049433305859565735 -0.09232822060585022 0.9616551995277405
v 0.09286442399024963 -0.09348626434803009 0.9718493819236755
v 0.2592836618423462 -0.10306017845869064 1.047907829284668
v 0.38752683997154236 -0.09525573253631592 0.9778798818588257
v -0.269168496131897 -0.10059334337711334 1.0388109683990479
v -0.10870988667011261 -0.09367813915014267 0.9905818104743958
v 0.03543873503804207 -0.09029705822467804 0.9543898105621338
v 0.1966792494058609 -0.10115286707878113 1.0558393001556396
v 0.33520960807800293 -0.09612294286489487 0.9990200996398926
v -0.3197791576385498 -0.09396744519472122 1.0146009922027588
v -0.17142550647258759 -0.09490019083023071 1.0170607566833496
v -0.020259343087673187 -0.08862294256687164 0.9533698558807373
v 0.12456395477056503 -0.0921408161520958 0.9857544302940369
v 0.28533437848091125 -0.0989769771695137 1.0315883159637451
v -0.37148186564445496 -0.08973745256662369 0.9958598613739014
v -0.2459513396024704 -0.10070659220218658 1.0913029909133911
v -0.07672297209501266 -0.08904363960027695 0.973237931728363
v 0.06520052254199982 -0.0879901573061943 0.9604107141494751
v 0.23795682191848755 -0.10088066756725311 1.0947208404541016
v 0.36207059025764465 -0.09139753133058548 0.9890063405036926
v -0.2938799262046814 -0.09364798665046692 1.0263035297393799
v -0.13791486620903015 -0.09036985039710999 1.0019371509552002
v 0.009080193005502224 -0.08558373898267746 0.9505045413970947
v 0.15860946476459503 -0.09148801118135452 1.0082911252975464
v 0.3111497759819031 -0.09391801059246063 1.0131640434265137
v -0.3440855145454407 -0.08769935369491577 1.0053156614303589
v -0.20576085150241852 -0.09313305467367172 1.0444380044937134
v -0.046378541737794876 -0.08486349135637283 0.9593451023101807
v 0.09562121331691742 -0.08590126037597656 0.9700744152069092
v 0.2624160349369049 -0.09495943039655685 1.047697901725769
v 0.39244139194488525 -0.08772384375333786 0.976072371006012
v -0.2667754292488098 -0.09294960647821426 1.041700005531311
v -0.10553327947854996 -0.08611150830984116 0.9898565411567688
v 0.03840959817171097 -0.08297394216060638 0.9527978301048279
v 0.1997261643409729 -0.09287813305854797 1.0545241832733154
v 0.3387327492237091 -0.08864784240722656 0.9989243149757385
v -0.31775158643722534 -0.08668056130409241 1.0163850784301758
v -0.16752515733242035 -0.08675121515989304 1.0127978324890137
v -0.017235377803444862 -0.08119037002325058 0.950886607170105
v 0.12728779017925262 -0.08453009277582169 0.9842599034309387
v 0.28845274448394775 -0.09088721126317978 1.0317445993423462
v -0.36930280923843384 -0.08253632485866547 0.9972325563430786
v -0.2438032329082489 -0.09267014265060425 1.089257836341858
v -0.07342502474784851 -0.08146023005247116 0.970197856426239
v 0.06803040951490402 -0.08051925152540207 0.9589518904685974
v 0.241909459233284 -0.09239304810762405 1.0944428443908691
v 0.3651859164237976 -0.08461488038301468 0.9816122651100159
v -0.2919723391532898 -0.08627994358539581 1.0285238027572632
v -0.13476727902889252 -0.08270015567541122 1.001589298248291
v 0.012043233960866928 -0.07820755243301392 0.9489161372184753
v 0.1614965945482254 -0.08373420685529709 1.0074080228805542
v 0.3142189085483551 -0.08595699071884155 1.0131394863128662
v -0.3419625163078308 -0.08067964017391205 1.0069035291671753
v -0.20045974850654602 -0.08429733663797379 1.0349631309509277
v -0.04316281899809837 -0.0772995874285698 0.9558122158050537
v 0.09837675839662552 -0.07842962443828583 0.968596339225769
v 0.26553046703338623 -0.08672802895307541 1.0474765300750732
v -0.4042862057685852 -0.07850151509046555 0.9886065125465393
v -0.26413434743881226 -0.08478935062885284 1.0449323654174805
v -0.10250893980264664 -0.07858830690383911 0.9894210696220398
v 0.04128167778253555 -0.07564547657966614 0.9515088200569153
v 0.2030266970396042 -0.0847533717751503 1.0544933080673218
v 0.342391699552536 -0.08103073388338089 0.9991284012794495
v -0.31581780314445496 -0.07935914397239685 1.018412709236145
v -0.16400574147701263 -0.07887990772724152 1.0103771686553955
v -0.014212755486369133 -0.07381240278482437 0.948865532875061
v 0.13008186221122742 -0.07701019197702408 0.983115017414093
v 0.29160311818122864 -0.08271006494760513 1.0315591096878052
v -0.3671567440032959 -0.07543496042490005 0.9988990426063538
v -0.24129876494407654 -0.08408442884683609 1.0864667892456055
v -0.07015089690685272 -0.07395907491445541 0.9671617150306702
v 0.07090193778276443 -0.0731334239244461 0.9578055143356323
v 0.24439501762390137 -0.08369042724370956 1.0930060148239136
v 0.3692810833454132 -0.07736749947071075 0.9837163686752319
v -0.28991299867630005 -0.0787353366613388 1.0307307243347168
v -0.1317918300628662 -0.07509341835975647 1.0028424263000488
v 0.015042489394545555 -0.0708712637424469 0.9476282000541687
v 0.164567232131958 -0.07610617578029633 1.0070691108703613
v 0.31750014424324036 -0.07801579684019089 1.0125348567962646
v -0.3399103581905365 -0.07343430072069168 1.0082554817199707
v -0.19549302756786346 -0.07585186511278152 1.0274009704589844
v -0.04005897417664528 -0.06982006132602692 0.9528816342353821
v 0.10120834410190582 -0.07108061760663986 0.9675633311271667
v 0.2688085734844208 -0.07861203700304031 1.0470589399337769
v -0.39834171533584595 -0.07071928679943085 0.9942888617515564
v -0.2604253888130188 -0.07597634941339493 1.0464839935302734
v -0.09957469999790192 -0.07099267095327377 0.9893931150436401
v 0.044101763516664505 -0.06826706230640411 0.9504932761192322
v 0.20665720105171204 -0.07686357945203781 1.0561347007751465
v 0.3460681140422821 -0.07335534691810608 0.9995245337486267
v -0.31382304430007935 -0.07191767543554306 1.0206167697906494
v -0.1608058363199234 -0.07124587893486023 1.0098795890808105
v -0.011176501400768757 -0.0665467232465744 0.9475024938583374
v 0.13296431303024292 -0.06958366930484772 0.9824090003967285
v 0.2948509752750397 -0.07471951842308044 1.0306940078735352
v -0.36516547203063965 -0.06823355704545975 1.0004463195800781
v -0.23689162731170654 -0.07532095164060593 1.0800487995147705
v -0.06688796728849411 -0.06638146191835403 0.9638655781745911
v 0.07376720011234283 -0.06581836193799973 0.9569931626319885
v 0.24153852462768555 -0.07406893372535706 1.0600049495697021
v 0.373403400182724 -0.06988983601331711 0.9872344732284546
v -0.2876133322715759 -0.07089665532112122 1.0328776836395264
v -0.12857268750667572 -0.06741301715373993 1.003699779510498
v 0.018039392307400703 -0.06358053535223007 0.9465836882591248
v 0.1677241325378418 -0.06847335398197174 1.007260799407959
v 0.32086125016212463 -0.06998671591281891 1.0125343799591064
v -0.3378010094165802 -0.06608712673187256 1.0100417137145996
v -0.19075527787208557 -0.06764762848615646 1.0210634469985962
v -0.03708966076374054 -0.06253603100776672 0.9512189626693726
v 0.10409732162952423 -0.06380777806043625 0.9668596982955933
v 0.27174848318099976 -0.07053477317094803 1.0463505983352661
v -0.39483338594436646 -0.0638851746916771 0.9960142970085144
v -0.25634247064590454 -0.06806769967079163 1.0488872528076172
v -0.09653080254793167 -0.0633198469877243 0.9888668060302734
v 0.0469072200357914 -0.06095724180340767 0.949724018573761
v 0.21048833429813385 -0.06901465356349945 1.0587455034255981
v 0.3493521213531494 -0.06538648158311844 0.9998692274093628
v -0.3114248514175415 -0.06429837644100189 1.0232257843017578
v -0.1577436774969101 -0.06368355453014374 1.0102214813232422
v -0.00813057366758585 -0.05933227017521858 0.9464359879493713
v 0.13591524958610535 -0.06209196150302887 0.9822121262550354
v 0.29802072048187256 -0.06647200137376785 1.0303294658660889
v -0.36294427514076233 -0.060995928943157196 1.0023093223571777
v -0.2307090312242508 -0.06607752293348312 1.0678616762161255
v -0.06372776627540588 -0.0588485486805439 0.9609349966049194
v 0.07662452012300491 -0.05855696275830269 0.9564615488052368
v 0.24481257796287537 -0.066909059882164 1.058955430984497
v 0.37768346071243286 -0.06235817074775696 0.9907830357551575
v -0.28547611832618713 -0.06275665014982224 1.0353566408157349
v -0.12446528673171997 -0.05945976823568344 0.9987102150917053
v 0.020985694602131844 -0.0563664436340332 0.9458059072494507
v 0.1709425151348114 -0.0608663409948349 1.0079597234725952
v 0.3238915205001831 -0.06136579066514969 1.012256383895874
v -0.3356565833091736 -0.0585591122508049 1.012184977531433
v -0.18671219050884247 -0.05974533036351204 1.0172860622406006
v -0.034172993153333664 -0.05531260743737221 0.9500430226325989
v 0.10704594105482101 -0.05645731836557388 0.9665948748588562
v 0.2748464345932007 -0.06211205944418907 1.0452848672866821
v -0.39128196239471436 -0.056432630866765976 0.997058629989624
v -0.2666533887386322 -0.06307193636894226 1.0975887775421143
v -0.09359166026115417 -0.055640071630477905 0.9878767132759094
v 0.049779850989580154 -0.05376845970749855 0.9492337703704834
v 0.21455197036266327 -0.061260249465703964 1.0622022151947021
v 0.35252028703689575 -0.05744493752717972 1.0001076459884644
v -0.3092968463897705 -0.05647456645965576 1.0260134935379028
v -0.15467369556427002 -0.05603872612118721 1.0107464790344238
v -0.005154188256710768 -0.05214415118098259 0.945662796497345
v 0.13897928595542908 -0.05467018112540245 0.982479989528656
v 0.3008105754852295 -0.05813612416386604 1.0287761688232422
v -0.3607040345668793 -0.053428586572408676 1.0044976472854614
v -0.2246055006980896 -0.05718109384179115 1.0565963983535767
v -0.06069629639387131 -0.05137702822685242 0.9590504765510559
v 0.07957816869020462 -0.051285166293382645 0.9562329053878784
v 0.24836957454681396 -0.05829876288771629 1.0578882694244385
v 0.3819427192211151 -0.054813917726278305 0.9926069974899292
v -0.28322160243988037 -0.054502472281455994 1.0371488332748413
v -0.12069946527481079 -0.05155196413397789 0.9945510029792786
v 0.023822231218218803 -0.04922560229897499 0.945338785648346
v 0.17426081001758575 -0.05330987647175789 1.009203553199768
v 0.32691046595573425 -0.05329909920692444 1.0111843347549438
v -0.33357882499694824 -0.050910867750644684 1.0143516063690186
v -0.1832505166530609 -0.05189676582813263 1.0152218341827393
v -0.03131132945418358 -0.04802758991718292 0.9490618109703064
v 0.1100369393825531 -0.049111511558294296 0.9666723608970642
v 0.2780883312225342 -0.053708698600530624 1.043238878250122
v -0.3883405327796936 -0.04876091703772545 0.9988827109336853
v -0.26267382502555847 -0.05389227718114853 1.095705509185791
v -0.09075383841991425 -0.047871291637420654 0.9867361187934875
v 0.05272288993000984 -0.04658645763993263 0.9490183591842651
v 0.21911805868148804 -0.053587906062603 1.06709623336792
v 0.35587427020072937 -0.04958474263548851 1.0005249977111816
v -0.3071887791156769 -0.04853279888629913 1.0289218425750732
v -0.15161289274692535 -0.04825698211789131 1.0112972259521484
v -0.002231127116829157 -0.044950857758522034 0.9451443552970886
v 0.14211046695709229 -0.047262441366910934 0.9832326173782349
v 0.3034323751926422 -0.05005292966961861 1.0267783403396606
v -0.35830700397491455 -0.04568129777908325 1.006924033164978
v -0.2191867232322693 -0.04859226197004318 1.0476539134979248
v -0.05770798400044441 -0.043999265879392624 0.9575929045677185
v 0.08255724608898163 -0.044017061591148376 0.9562541246414185
v 0.2521592378616333 -0.050193578004837036 1.0580557584762573
v 0.38611796498298645 -0.04672648757696152 0.9933246970176697
v -0.28039029240608215 -0.046241845935583115 1.039846658706665
v -0.11743465811014175 -0.044130511581897736 0.9929566979408264
v 0.026630014181137085 -0.04210656136274338 0.9451683759689331
v 0.17766930162906647 -0.04573332518339157 1.011031985282898
v 0.3300204277038574 -0.04531174525618553 1.0104612112045288
v -0.33112505078315735 -0.04297645390033722 1.017179250717163
v -0.17981283366680145 -0.04402565211057663 1.0135389566421509
v -0.028480084612965584 -0.04073294997215271 0.9482142925262451
v 0.1130329817533493 -0.04174760729074478 0.9670265316963196
v 0.28084999322891235 -0.04536399245262146 1.0402247905731201
v -0.38510310649871826 -0.04135340079665184 1.0012441873550415
v -0.25920844078063965 -0.04543207585811615 1.0928782224655151
v -0.08763781189918518 -0.040548380464315414 0.9842279553413391
v 0.05569709092378616 -0.03939288854598999 0.9490813612937927
v 0.22402460873126984 -0.045682258903980255 1.0729154348373413
v 0.3591879904270172 -0.041618119925260544 1.0013173818588257
v -0.30509820580482483 -0.04057702422142029 1.0324419736862183
v -0.14858734607696533 -0.040439456701278687 1.0116328001022339
v 0.0006224456592462957 -0.0377969816327095 0.9448250532150269
v 0.1452888548374176 -0.039814434945583344 0.9844507575035095
v 0.30595362186431885 -0.04178436100482941 1.025518774986267
v -0.35580751299858093 -0.03772144392132759 1.0094101428985596
v -0.21428731083869934 -0.04022352024912834 1.040852665901184
v -0.0546436533331871 -0.03663809970021248 0.9561092853546143
v 0.08556099981069565 -0.03676436096429825 0.9567074179649353
v 0.25615984201431274 -0.042044833302497864 1.0583016872406006
v 0.38995349407196045 -0.03916149586439133 0.9940065741539001
v -0.27832159399986267 -0.03842456266283989 1.0441925525665283
v -0.11440252512693405 -0.03663136065006256 0.9925959706306458
v 0.02947944588959217 -0.03497368097305298 0.9453085064888
v 0.18126551806926727 -0.03811878710985184 1.0135126113891602
v 0.33296623826026917 -0.0372917465865612 1.010021448135376
v -0.328717976808548 -0.034995533525943756 1.0201716423034668
v -0.17641834914684296 -0.03619029000401497 1.0119820833206177
v -0.025609157979488373 -0.033484604209661484 0.9476271867752075
v 0.11607927829027176 -0.03434788063168526 0.9677956700325012
v 0.2833995521068573 -0.03703621029853821 1.0374300479888916
v -0.38179078698158264 -0.0324733667075634 1.003458023071289
v -0.2557162344455719 -0.03698519989848137 1.0904179811477661
v -0.08359447866678238 -0.03333047777414322 0.9788220524787903
v 0.05868604779243469 -0.032149046659469604 0.9494537115097046
v 0.2293163686990738 -0.037888508290052414 1.0794878005981445
v 0.3625255525112152 -0.033756956458091736 1.0018478631973267
v -0.3033134639263153 -0.03279547020792961 1.0355032682418823
v -0.14554066956043243 -0.03267331421375275 1.011286735534668
v 0.0035091093741357327 -0.030625242739915848 0.9447612166404724
v 0.14855892956256866 -0.03233378753066063 0.9861109852790833
v 0.3081938326358795 -0.03372557461261749 1.0241433382034302
v -0.3533722758293152 -0.02983131632208824 1.0116255283355713
v -0.21002084016799927 -0.03212345018982887 1.0360162258148193
v -0.05162420496344566 -0.029320895671844482 0.9547718167304993
v 0.08856434375047684 -0.029484638944268227 0.9574850797653198
v 0.25976163148880005 -0.03349621221423149 1.0582871437072754
v 0.39378300309181213 -0.03149626776576042 0.9942153096199036
v -0.27595993876457214 -0.030565738677978516 1.0472285747528076
v -0.11190860718488693 -0.02918827533721924 0.9944646954536438
v 0.03240921348333359 -0.027755416929721832 0.94571453332901
v 0.18515224754810333 -0.030490143224596977 1.0168386697769165
v 0.3359982371330261 -0.029414646327495575 1.009379267692566
v -0.3263586759567261 -0.027131523936986923 1.0232899188995361
v -0.17299982905387878 -0.028347767889499664 1.0108017921447754
v -0.022707324475049973 -0.026312828063964844 0.9474028944969177
v 0.1191965714097023 -0.026959458366036415 0.9689047336578369
v 0.2858065664768219 -0.028947224840521812 1.0350165367126465
v -0.3785521686077118 -0.02477184310555458 1.005617380142212
v -0.25213825702667236 -0.028514957055449486 1.0889168977737427
v -0.07862401008605957 -0.025088423863053322 0.9686244130134583
v 0.06167254224419594 -0.024941865354776382 0.9501452445983887
v 0.23456460237503052 -0.029848860576748848 1.08571457862854
v 0.36586204171180725 -0.026032859459519386 1.0022859573364258
v -0.30119407176971436 -0.02527989074587822 1.0383343696594238
v -0.14223484694957733 -0.024859223514795303 1.0100901126861572
v 0.006438717246055603 -0.023433756083250046 0.9449124932289124
v 0.15190371870994568 -0.024803267791867256 0.9881246089935303
v 0.3106922209262848 -0.025812970474362373 1.0224601030349731
v -0.35095080733299255 -0.022078504785895348 1.0139514207839966
v -0.2059928923845291 -0.024108493700623512 1.0323712825775146
v -0.048706527799367905 -0.02212962508201599 0.9535225033760071
v 0.09154496341943741 -0.022177062928676605 0.958451509475708
v 0.2625706195831299 -0.025544656440615654 1.056890845298767
v 0.3972984254360199 -0.0235302597284317 0.9940640926361084
v -0.27291548252105713 -0.022631969302892685 1.049929141998291
v -0.10919823497533798 -0.02160278521478176 0.9950050711631775
v 0.035374753177165985 -0.02052983269095421 0.9462877511978149
v 0.18919560313224792 -0.02279224805533886 1.0210096836090088
v 0.3388769030570984 -0.02140766754746437 1.008859395980835
v -0.3240109980106354 -0.019255662336945534 1.0269877910614014
v -0.1697264015674591 -0.020637206733226776 1.0100270509719849
v -0.019803486764431 -0.019170384854078293 0.9471561312675476
v 0.12235180288553238 -0.019560184329748154 0.9703170657157898
v 0.28806954622268677 -0.020878147333860397 1.0332574844360352
v -0.3755270838737488 -0.01758194901049137 1.0078129768371582
v -0.24852003157138824 -0.020223243162035942 1.087072491645813
v -0.07552892714738846 -0.017751220613718033 0.9634348750114441
v 0.06464692950248718 -0.017741236835718155 0.9510446190834045
v 0.23916369676589966 -0.0211111418902874 1.0905795097351074
v 0.36897575855255127 -0.018087424337863922 1.002709150314331
v -0.29873576760292053 -0.017635403200984 1.041438102722168
v -0.1386665254831314 -0.017205126583576202 1.0078903436660767
v 0.009344937279820442 -0.016228843480348587 0.9451196789741516
v 0.15536221861839294 -0.017276208847761154 0.9906023740768433
v 0.3133145570755005 -0.017557622864842415 1.0213857889175415
v -0.34851565957069397 -0.014197328127920628 1.0162361860275269
v -0.20211069285869598 -0.01616911217570305 1.0295475721359253
v -0.045825373381376266 -0.014956914819777012 0.9525564312934875
v 0.09455029666423798 -0.014835687354207039 0.9595916271209717
v 0.2647310197353363 -0.017426468431949615 1.053731918334961
v 0.4015832841396332 -0.015436972491443157 0.9922779202461243
v -0.2700391113758087 -0.014560503885149956 1.052534580230713
v -0.10531013458967209 -0.013670661486685276 0.9885829091072083
v 0.038301460444927216 -0.013304688967764378 0.9469632506370544
v 0.19352088868618011 -0.014933556318283081 1.026135802268982
v 0.3417128026485443 -0.013377056457102299 1.0083224773406982
v -0.3216478228569031 -0.011341691017150879 1.0301991701126099
v -0.1664995700120926 -0.012875334359705448 1.0093213319778442
v -0.01689719595015049 -0.01197587326169014 0.9469035863876343
v 0.12557727098464966 -0.012208649888634682 0.9721306562423706
v 0.29071757197380066 -0.012689931318163872 1.0321136713027954
v -0.3731772303581238 -0.009532480500638485 1.0094364881515503
v -0.24477778375148773 -0.011813553981482983 1.0843067169189453
v -0.07248130440711975 -0.010575983673334122 0.9604613184928894
v 0.06762559711933136 -0.01046266220510006 0.952166736125946
v 0.2430804818868637 -0.0121949827298522 1.0938611030578613
v 0.3721357583999634 -0.009730348363518715 1.0025911331176758
v -0.2964959442615509 -0.009662488475441933 1.0440037250518799
v -0.13532276451587677 -0.009543358348309994 1.006130337715149
v 0.012222645804286003 -0.008970937691628933 0.9454883933067322
v 0.158997043967247 -0.00973175186663866 0.9936912655830383
v 0.3162715435028076 -0.009229674935340881 1.0201826095581055
v -0.34625908732414246 -0.006100539583712816 1.0183141231536865
v -0.19839739799499512 -0.008208055980503559 1.0274708271026611
v -0.0429309718310833 -0.007712024729698896 0.9520002007484436
v 0.09762692451477051 -0.007519736420363188 0.9609743356704712
v 0.2665732204914093 -0.008649260737001896 1.0495154857635498
v -0.40653103590011597 -0.004621450323611498 1.0004113912582397
v -0.26702001690864563 -0.006168346852064133 1.0540380477905273
v -0.10074520111083984 -0.006070053670555353 0.9797870516777039
v 0.041196126490831375 -0.006140817888081074 0.9478231072425842
v 0.19810347259044647 -0.006930659990757704 1.0322805643081665
v 0.3446735739707947 -0.005637025460600853 1.0078576803207397
v -0.31926900148391724 -0.0035132665652781725 1.0325813293457031
v -0.1633370965719223 -0.005090913735330105 1.0085307359695435
v -0.013980171643197536 -0.004784301854670048 0.9468770027160645
v 0.1288878470659256 -0.004913503769785166 0.9743475914001465
v 0.2935405969619751 -0.004673333838582039 1.0311819314956665
v -0.3710649013519287 -0.001500279875472188 1.0111472606658936
v -0.24071139097213745 -0.003405290190130472 1.0811136960983276
v -0.06956352293491364 -0.0033779931254684925 0.9592126607894897
v 0.07064937800168991 -0.003214002586901188 0.9534621834754944
v 0.24629372358322144 -0.003171414602547884 1.0961285829544067
v 0.37521639466285706 -0.002074981341138482 1.0026971101760864
v -0.29425859451293945 -0.001595931127667427 1.0466809272766113
v -0.13174325227737427 -0.0017326612723991275 1.002185583114624
v 0.015133625827729702 -0.001793952425941825 0.9461506009101868
v 0.1627933531999588 -0.0021836136002093554 0.9974694848060608
v 0.3194577395915985 -0.001228862558491528 1.0193054676055908
v -0.3438825309276581 0.0018801310798153281 1.0206378698349
v -0.19478057324886322 -0.0004059853672515601 1.0260032415390015
v -0.04002960026264191 -0.000487862853333354 0.9517225027084351
v 0.10077421367168427 -0.0003447866183705628 0.9626544713973999
v 0.2689717411994934 -0.0006429812638089061 1.0456124544143677
v -0.4011031985282898 0.0035744374617934227 1.004254698753357
v -0.2639619708061218 0.0018066019983962178 1.0566482543945312
v -0.0970081090927124 0.0012829097686335444 0.9736995100975037
v 0.04410630837082863 0.0009479207219555974 0.948901891708374
v 0.20295166969299316 0.0011470129247754812 1.0397844314575195
v 0.3479789197444916 0.001965833827853203 1.0077641010284424
v -0.31661930680274963 0.004441198892891407 1.0352303981781006
v -0.16027162969112396 0.002619384089484811 1.008032202720642
v -0.011086374521255493 0.002355922246351838 0.9471787810325623
v 0.13229210674762726 0.002335701370611787 0.9769973754882812
v 0.2961714565753937 0.0032365890219807625 1.0303775072097778
v -0.3689115047454834 0.006244706455618143 1.0128610134124756
v -0.23634791374206543 0.004688338376581669 1.0775278806686401
v -0.06669826805591583 0.0038963009137660265 0.958889901638031
v 0.07374255359172821 0.0039841230027377605 0.9549598097801208
v 0.2492002695798874 0.006038603838533163 1.097259759902954
v 0.3781469166278839 0.005391230341047049 1.0028371810913086
v -0.2919899523258209 0.006486653815954924 1.0493806600570679
v -0.12829554080963135 0.0057795243337750435 0.9989110827445984
v 0.018054647371172905 0.005291859153658152 0.9470964670181274
v 0.16672013700008392 0.005411026533693075 1.0017677545547485
v 0.3225342035293579 0.006610068958252668 1.0188478231430054
v -0.3414745032787323 0.00993482768535614 1.0234261751174927
v -0.19130873680114746 0.007334941066801548 1.0249983072280884
v -0.03718025982379913 0.006706176325678825 0.951799750328064
v 0.10397890955209732 0.006801604758948088 0.9646823406219482
v 0.2711172103881836 0.007770877331495285 1.0422539710998535
v -0.39822861552238464 0.011152546852827072 1.0054316520690918
v -0.2621697187423706 0.010288282297551632 1.0620061159133911
v -0.09388265013694763 0.008572141639888287 0.9709843397140503
v 0.04701805114746094 0.008090808056294918 0.9502136707305908
v 0.20835013687610626 0.009353254921734333 1.049175500869751
v 0.3508223295211792 0.009532362222671509 1.008306622505188
v -0.314162939786911 0.01219910103827715 1.0375648736953735
v -0.1572362780570984 0.010318450629711151 1.0079885721206665
v -0.00813888106495142 0.009520081803202629 0.9478548169136047
v 0.13582798838615417 0.009691940620541573 0.9801284670829773
v 0.2986384332180023 0.011233652010560036 1.0296990871429443
v -0.3668519854545593 0.014032836072146893 1.0148149728775024
v -0.23198767006397247 0.012712663970887661 1.0746304988861084
v -0.0638386532664299 0.011136477813124657 0.9591033458709717
v 0.07686007022857666 0.011194141581654549 0.9567330479621887
v 0.24723027646541595 0.013118484057486057 1.0639992952346802
v 0.38127461075782776 0.012685581110417843 1.0026588439941406
v -0.28961437940597534 0.014516311697661877 1.0515390634536743
v -0.12516215443611145 0.013341869227588177 0.9967445731163025
v 0.020968856289982796 0.012406582944095135 0.9482925534248352
v 0.17082305252552032 0.01312357559800148 1.0065828561782837
v 0.3249099552631378 0.014607207849621773 1.0181870460510254
v -0.33908703923225403 0.017705686390399933 1.0261354446411133
v -0.18808673322200775 0.015024127438664436 1.024484634399414
v -0.03438466042280197 0.013909288682043552 0.952323317527771
v 0.10723809897899628 0.01402809377759695 0.9671084880828857
v 0.2742050886154175 0.016235195100307465 1.0413789749145508
v -0.39564839005470276 0.0187761839479208 1.0065655708312988
v -0.2599138915538788 0.018206587061285973 1.0673985481262207
v -0.09095411747694016 0.015825709328055382 0.9701395034790039
v 0.04998467117547989 0.015343474224209785 0.9517463445663452
v 0.21450971066951752 0.017722614109516144 1.0604033470153809
v 0.35386767983436584 0.017146263271570206 1.0090419054031372
v -0.31170886754989624 0.01993286982178688 1.040023684501648
v -0.15417195856571198 0.017974182963371277 1.0080443620681763
v -0.005194427445530891 0.016711194068193436 0.9488554000854492
v 0.13944979012012482 0.017155814915895462 0.9837127327919006
v 0.3011101484298706 0.018950344994664192 1.0292503833770752
v -0.3646172881126404 0.02155202254652977 1.0169278383255005
v -0.22796539962291718 0.020755339413881302 1.0723516941070557
v -0.06094976142048836 0.018375342711806297 0.9596692323684692
v 0.0799795389175415 0.01840386725962162 0.9587644338607788
v 0.2501210868358612 0.02055356279015541 1.0623739957809448
v 0.3843146562576294 0.01987488381564617 1.0021775960922241
v -0.2868524193763733 0.0224818903952837 1.0544629096984863
v -0.12185927480459213 0.020879292860627174 0.9943908452987671
v 0.02386537753045559 0.019568130373954773 0.9496638178825378
v 0.17502716183662415 0.02090098150074482 1.0120246410369873
v 0.3276630640029907 0.02234700880944729 1.0176713466644287
v -0.33646705746650696 0.025161299854516983 1.0289427042007446
v -0.18498669564723969 0.022732442244887352 1.024356722831726
v -0.03157348930835724 0.02109142392873764 0.9531741738319397
v 0.11053299158811569 0.021341778337955475 0.9699492454528809
v 0.27752822637557983 0.02411980926990509 1.0425537824630737
v -0.39321771264076233 0.025444652885198593 1.007729411125183
v -0.2576233446598053 0.02616012841463089 1.072211503982544
v -0.08814261108636856 0.023071687668561935 0.9702758193016052
v 0.052944615483284 0.02260207198560238 0.9534947872161865
v 0.22151532769203186 0.026157621294260025 1.0736936330795288
v 0.35729295015335083 0.02445131540298462 1.0090978145599365
v -0.30905795097351074 0.027738813310861588 1.042662262916565
v -0.15100744366645813 0.02554556168615818 1.0077905654907227
v -0.002288579707965255 0.02384357713162899 0.9500786066055298
v 0.1430812031030655 0.024721313267946243 0.9877646565437317
v 0.3038199543952942 0.026427464559674263 1.0288664102554321
v -0.36228418350219727 0.029001940041780472 1.0196237564086914
v -0.2241620421409607 0.02894630841910839 1.070701241493225
v -0.0580705888569355 0.025601698085665703 0.9604442715644836
v 0.08315036445856094 0.025667846202850342 0.961081862449646
v 0.25369393825531006 0.029162369668483734 1.0628364086151123
v 0.3875541687011719 0.027620282024145126 1.0013117790222168
v -0.28427064418792725 0.030526578426361084 1.0576672554016113
v -0.11832669377326965 0.028336098417639732 0.9920781850814819
v 0.026815662160515785 0.02670084871351719 0.9512484073638916
v 0.17940473556518555 0.028792595490813255 1.018195629119873
v 0.3306877911090851 0.029595591127872467 1.0167853832244873
v -0.3336995542049408 0.03278578445315361 1.031968355178833
v -0.18200209736824036 0.03048398718237877 1.0247186422348022
v -0.028742672875523567 0.028245188295841217 0.9542959332466125
v 0.11393994837999344 0.028775766491889954 0.9732553362846375
v 0.28053778409957886 0.032083120197057724 1.0431445837020874
v -0.3904103934764862 0.03313203528523445 1.010571837425232
v -0.2553809881210327 0.03452315554022789 1.0755560398101807
v -0.0853474885225296 0.03036542609333992 0.9706212282180786
v 0.056021321564912796 0.02983405441045761 0.955480694770813
v 0.22829215228557587 0.034600879997015 1.0851234197616577
v 0.36034300923347473 0.03185888007283211 1.008316993713379
v -0.30686473846435547 0.0355839878320694 1.044752597808838
v -0.1476481407880783 0.03312530368566513 1.0068137645721436
v 0.0005971597274765372 0.030977804213762283 0.9515820741653442
v 0.14686262607574463 0.03239426761865616 0.9923801422119141
v 0.30613401532173157 0.03379250317811966 1.0270590782165527
v -0.3599059283733368 0.03656645119190216 1.0223006010055542
v -0.22048673033714294 0.03702346235513687 1.0694597959518433
v -0.05525301396846771 0.032844044268131256 0.9613569378852844
v 0.08640508353710175 0.032961755990982056 0.9637501835823059
v 0.2574671506881714 0.03789197653532028 1.0653637647628784
v 0.39042142033576965 0.035658884793519974 0.9992803335189819
v -0.2819611430168152 0.038750793784856796 1.0606647729873657
v -0.11489850282669067 0.03572530299425125 0.9902794361114502
v 0.029818417504429817 0.03384486585855484 0.9531137347221375
v 0.18411412835121155 0.036859869956970215 1.025637149810791
v 0.3333820402622223 0.03673727437853813 1.0157312154769897
v -0.33113420009613037 0.04068319872021675 1.0347110033035278
v -0.17904485762119293 0.03825962543487549 1.0254079103469849
v -0.025867082178592682 0.03546984866261482 0.9556713104248047
v 0.1174502894282341 0.03628583997488022 0.9769864678382874
v 0.28256672620773315 0.039840929210186005 1.0412697792053223
v -0.38737761974334717 0.04072512686252594 1.0129612684249878
v -0.252470999956131 0.04294566437602043 1.0776938199996948
v -0.08252712339162827 0.03772978484630585 0.971203088760376
v 0.05922409147024155 0.03708341717720032 0.9577386379241943
v 0.2326076328754425 0.0435250885784626 1.090511441230774
v 0.3629925847053528 0.03936144709587097 1.0074862241744995
v -0.3044077455997467 0.04348050057888031 1.0470954179763794
v -0.14429886639118195 0.040699537843465805 1.005885124206543
v 0.003583574667572975 0.03827396780252457 0.9533759355545044
v 0.15074484050273895 0.04015525430440903 0.9976667761802673
v 0.3084518611431122 0.04117970913648605 1.0246833562850952
v -0.3572372496128082 0.0443461611866951 1.025176763534546
v -0.21683131158351898 0.04512052610516548 1.068322777748108
v -0.05243441089987755 0.04019675776362419 0.9624086618423462
v 0.08968748897314072 0.040365807712078094 0.9667694568634033
v 0.26068559288978577 0.046220291405916214 1.067481517791748
v 0.3943421244621277 0.04399319738149643 0.997300922870636
v -0.2793333828449249 0.04727918654680252 1.064621925354004
v -0.1116272360086441 0.04317721724510193 0.9893315434455872
v 0.03280063718557358 0.04113158583641052 0.9552348256111145
v 0.18919408321380615 0.045142147690057755 1.0350276231765747
v 0.33668214082717896 0.04382985457777977 1.015498161315918
v -0.3285614848136902 0.04880032315850258 1.0374037027359009
v -0.1759597808122635 0.046061187982559204 1.026026964187622
v -0.022935424000024796 0.042870715260505676 0.9571933150291443
v 0.12097664177417755 0.04392615705728531 0.9810007810592651
v 0.2851245403289795 0.047224950045347214 1.0416234731674194
v -0.38437411189079285 0.048474498093128204 1.0161538124084473
v -0.24965952336788177 0.051346827298402786 1.081100344657898
v -0.07966791093349457 0.04520717263221741 0.9720272421836853
v 0.06247822195291519 0.04451354965567589 0.9603373408317566
v 0.23629242181777954 0.05267396569252014 1.0938245058059692
v 0.3661242127418518 0.04707077518105507 1.0073987245559692
v -0.30171000957489014 0.05164612829685211 1.049532175064087
v -0.14105428755283356 0.04834046959877014 1.0054210424423218
v 0.006623551249504089 0.04574527591466904 0.9554446935653687
v 0.15473471581935883 0.04806661978363991 1.0034985542297363
v 0.3113343417644501 0.04864758998155594 1.0226291418075562
v -0.35441648960113525 0.05241815373301506 1.028417706489563
v -0.21328575909137726 0.053213946521282196 1.0677517652511597
v -0.04959454387426376 0.04765631631016731 0.9635987281799316
v 0.09302706271409988 0.047870274633169174 0.9701712131500244
v 0.26476168632507324 0.05456291139125824 1.0702457427978516
v 0.3993190824985504 0.05180170387029648 0.9952088594436646
v -0.27712559700012207 0.05572947859764099 1.0680407285690308
v -0.10847459733486176 0.050715215504169464 0.9890099167823792
v 0.03582090511918068 0.04858066141605377 0.9576194286346436
v 0.19493156671524048 0.053743381053209305 1.0468640327453613
v 0.3404768705368042 0.05137517303228378 1.016409158706665
v -0.326199471950531 0.05702079460024834 1.0397496223449707
v -0.17287960648536682 0.05393165722489357 1.0265262126922607
v -0.019990473985671997 0.05034208297729492 0.9588274359703064
v 0.1245586946606636 0.05159953236579895 0.9853273034095764
v 0.28942450881004333 0.055350203067064285 1.0459082126617432
v -0.3812142312526703 0.05640096217393875 1.018944263458252
v -0.2469685822725296 0.0598495714366436 1.0838066339492798
v -0.07680241763591766 0.05273060128092766 0.97314453125
v 0.06575273722410202 0.0520036406815052 0.9633251428604126
v 0.24094943702220917 0.06153711676597595 1.097761631011963
v 0.3697825074195862 0.05486239492893219 1.0071792602539062
v -0.2992415428161621 0.05959446728229523 1.0516643524169922
v -0.13796161115169525 0.05610721558332443 1.0054590702056885
v 0.009631223045289516 0.053208768367767334 0.9577347040176392
v 0.15894815325737 0.05607571080327034 1.0099854469299316
v 0.31476840376853943 0.05655919015407562 1.0219584703445435
v -0.35172414779663086 0.06065268814563751 1.0314390659332275
v -0.2099628895521164 0.061330802738666534 1.0678287744522095
v -0.04672728106379509 0.05513614043593407 0.9650127291679382
v 0.09645590931177139 0.05546759068965912 0.9739622473716736
v 0.2690556049346924 0.06289511919021606 1.072677493095398
v 0.4062982499599457 0.061017103493213654 1.0012428760528564
v -0.2749157249927521 0.06395716965198517 1.0709640979766846
v -0.10538037866353989 0.05831434205174446 0.9891167283058167
v 0.038902077823877335 0.05612621828913689 0.9602306485176086
v 0.20172899961471558 0.06287034600973129 1.0622012615203857
v 0.34492337703704834 0.05931089073419571 1.0178000926971436
v -0.32384151220321655 0.0650501549243927 1.0415180921554565
v -0.16977210342884064 0.061863936483860016 1.027159333229065
v -0.017091119661927223 0.05778798088431358 0.9606629014015198
v 0.12828455865383148 0.0593995600938797 0.9902271032333374
v 0.29106050729751587 0.0635540708899498 1.0460290908813477
v -0.3784613609313965 0.06433656811714172 1.0220270156860352
v -0.24409782886505127 0.06824637204408646 1.0861272811889648
v -0.07390053570270538 0.06016714498400688 0.9744776487350464
v 0.06904342770576477 0.05954359471797943 0.966661810874939
v 0.2421092540025711 0.06909237056970596 1.0867971181869507
v 0.3740328848361969 0.06295119225978851 1.0084011554718018
v -0.2972709536552429 0.06777800619602203 1.056301236152649
v -0.13496269285678864 0.06391607224941254 1.0059152841567993
v 0.012622546404600143 0.060682639479637146 0.960179328918457
v 0.16333821415901184 0.0641908049583435 1.0171509981155396
v 0.31818291544914246 0.06412570923566818 1.0232186317443848
v -0.34940412640571594 0.06922820955514908 1.034432053565979
v -0.20678938925266266 0.06952155381441116 1.0689085721969604
v -0.04386697709560394 0.06256533414125443 0.9666665196418762
v 0.09994657337665558 0.0631786584854126 0.9781726002693176
v 0.272899329662323 0.07081807404756546 1.0745503902435303
v -0.41552892327308655 0.06918113678693771 1.0091543197631836
v -0.27238819003105164 0.07229746133089066 1.07413911819458
v -0.10229340195655823 0.0658271387219429 0.9896128177642822
v 0.042024530470371246 0.06380710005760193 0.9631334543228149
v 0.20918215811252594 0.07244796305894852 1.0792227983474731
v 0.3491818904876709 0.06770610809326172 1.0197937488555908
v -0.321421355009079 0.07308745384216309 1.0433006286621094
v -0.16670644283294678 0.06981783360242844 1.0280569791793823
v -0.014227362349629402 0.0652606412768364 0.9627380967140198
v 0.13217045366764069 0.06738286465406418 0.9957401752471924
v 0.29248639941215515 0.07139524072408676 1.0467476844787598
v -0.3757671117782593 0.07240395992994308 1.0248501300811768
v -0.2410060167312622 0.0767783522605896 1.0886250734329224
v -0.07097584754228592 0.06759551167488098 0.975938081741333
v 0.07233354449272156 0.06719819456338882 0.9703502655029297
v 0.24694080650806427 0.0777025893330574 1.0893396139144897
v 0.3783685564994812 0.07148288190364838 1.0106191635131836
v -0.29530590772628784 0.07652130722999573 1.0598126649856567
v -0.13198216259479523 0.0716383084654808 1.0065654516220093
v 0.015613124705851078 0.06824544072151184 0.9627947211265564
v 0.1680012047290802 0.07262063026428223 1.025402545928955
v 0.3221816122531891 0.07243218272924423 1.0249419212341309
v -0.34742650389671326 0.07816491276025772 1.0377429723739624
v -0.20387692749500275 0.07785031199455261 1.0706793069839478
v -0.0410325862467289 0.07007353752851486 0.968475878238678
v 0.1034771203994751 0.07100219279527664 0.9826545119285583
v 0.2769429087638855 0.07920975238084793 1.0766222476959229
v -0.40601256489753723 0.07761769741773605 1.0164425373077393
v -0.2699713706970215 0.08068201690912247 1.0762332677841187
v -0.09926231950521469 0.07336826622486115 0.9903937578201294
v 0.04515870660543442 0.07154854387044907 0.9663565754890442
v 0.2146163284778595 0.0814332440495491 1.089717149734497
v 0.35295116901397705 0.07636050879955292 1.0205665826797485
v -0.3188905417919159 0.0807611495256424 1.0438833236694336
v -0.16371694207191467 0.07780463993549347 1.0291504859924316
v -0.011307746171951294 0.07283112406730652 0.96501624584198
v 0.1361870914697647 0.07553339004516602 1.0018566846847534
v 0.29619669914245605 0.07945359498262405 1.0467760562896729
v -0.37317970395088196 0.08080390840768814 1.0268062353134155
v -0.23822925984859467 0.08529090881347656 1.0904295444488525
v -0.06809350848197937 0.07519275695085526 0.977598249912262
v 0.07566425204277039 0.07500365376472473 0.9744439721107483
v 0.2509133219718933 0.0860646441578865 1.090453028678894
v 0.38177841901779175 0.07992087304592133 1.0110743045806885
v -0.293869286775589 0.08516471087932587 1.0627012252807617
v -0.12898753583431244 0.07943646609783173 1.007457971572876
v 0.018623540177941322 0.07589945942163467 0.9656633138656616
v 0.17317117750644684 0.08155171573162079 1.0361254215240479
v 0.3263047933578491 0.0812382698059082 1.0254994630813599
v -0.34494704008102417 0.08646953850984573 1.038788080215454
v -0.20114663243293762 0.08633606880903244 1.0730443000793457
v -0.03817657753825188 0.07769132405519485 0.9704545736312866
v 0.10703025013208389 0.0789264515042305 0.9875173568725586
v 0.2800063490867615 0.08699433505535126 1.0765551328659058
v -0.4020928740501404 0.08644804358482361 1.0212692022323608
v -0.2671261131763458 0.0891270861029625 1.0780043601989746
v -0.0963311642408371 0.08108368515968323 0.9915295839309692
v 0.04827370122075081 0.07927871495485306 0.9699205756187439
v 0.21800270676612854 0.09040988236665726 1.0925195217132568
v 0.35652104020118713 0.08485118299722672 1.020635962486267
v -0.31553569436073303 0.08787520974874496 1.0431263446807861
v -0.1607389599084854 0.0859280377626419 1.0306230783462524
v -0.008335175924003124 0.0805203914642334 0.9675707221031189
v 0.1403145045042038 0.08377336710691452 1.0087405443191528
v 0.297444611787796 0.08608165383338928 1.0409317016601562
v -0.37095654010772705 0.08898581564426422 1.0286844968795776
v -0.2353762835264206 0.09371110796928406 1.0921242237091064
v -0.06523358821868896 0.08295031636953354 0.9794259071350098
v 0.0789964571595192 0.08290790021419525 0.9789214730262756
v 0.25398674607276917 0.0937524139881134 1.0904369354248047
v 0.38410499691963196 0.08785470575094223 1.0104938745498657
v -0.2908354699611664 0.09312770515680313 1.0630780458450317
v -0.1260600984096527 0.08741120249032974 1.008697748184204
v 0.021594077348709106 0.08358044922351837 0.9688591957092285
v 0.17955923080444336 0.09127768129110336 1.0518510341644287
v 0.330043226480484 0.08981253951787949 1.0271193981170654
v -0.34223246574401855 0.09394770860671997 1.0391849279403687
v -0.19858038425445557 0.09497183561325073 1.0764782428741455
v -0.035279758274555206 0.08545520901679993 0.9726837277412415
v 0.1106041669845581 0.08698032796382904 0.9929608106613159
v 0.280938982963562 0.09394200891256332 1.075339913368225
v -0.3995744287967682 0.09473425149917603 1.023210883140564
v -0.26391035318374634 0.0973929762840271 1.080419659614563
v -0.09346198290586472 0.08897790312767029 0.9929649829864502
v 0.051353588700294495 0.08701668679714203 0.9738770127296448
v 0.22209645807743073 0.09857971221208572 1.0941613912582397
v 0.35959717631340027 0.0933714285492897 1.0199778079986572
v -0.31188297271728516 0.09501481801271439 1.0425832271575928
v -0.15781089663505554 0.09419720619916916 1.0324784517288208
v -0.0053434488363564014 0.08829294890165329 0.9704895615577698
v 0.14459340274333954 0.09223318845033646 1.0166025161743164
v 0.29903724789619446 0.09322834014892578 1.038515567779541
v -0.3687472343444824 0.09678676724433899 1.0302236080169678
v -0.23247778415679932 0.10192742198705673 1.0944744348526
v -0.06238245591521263 0.09081928431987762 0.9814450144767761
v 0.0823315978050232 0.09091329574584961 0.983765721321106
v 0.2569238543510437 0.10188156366348267 1.0900758504867554
v 0.38672778010368347 0.0958634540438652 1.0098000764846802
v -0.287686824798584 0.10080128163099289 1.0625144243240356
v -0.12315214425325394 0.0954633429646492 1.0102388858795166
v 0.024554651230573654 0.0913003534078598 0.9723860025405884
v 0.18698884546756744 0.10161557793617249 1.071398138999939
v 0.33287540078163147 0.09851980954408646 1.0270116329193115
v -0.3393649160861969 0.10067983716726303 1.037943720817566
v -0.19622543454170227 0.10383361577987671 1.0806394815444946
v -0.03237278014421463 0.0932377427816391 0.9752870202064514
v 0.11428242921829224 0.09525807946920395 0.9991068243980408
v 0.28308260440826416 0.10236264020204544 1.0717631578445435
v -0.3979831337928772 0.10270563513040543 1.024060606956482
v -0.2606344521045685 0.10576773434877396 1.0813963413238525
v -0.09067239612340927 0.09692297130823135 0.9947651028633118
v 0.05451064929366112 0.09481538087129593 0.9783576130867004
v 0.22978700697422028 0.10899032652378082 1.107872724533081
v 0.36237841844558716 0.10186528414487839 1.0175400972366333
v -0.3091854155063629 0.10254759341478348 1.0407531261444092
v -0.1550145000219345 0.1026160717010498 1.0349411964416504
v -0.0023219212889671326 0.09612064808607101 0.9738577604293823
v 0.14915908873081207 0.10118095576763153 1.0264188051223755
v 0.30304816365242004 0.10147391259670258 1.0358116626739502
v -0.3663507103919983 0.10441261529922485 1.0302393436431885
v -0.22976000607013702 0.11024542897939682 1.097564458847046
v -0.05950331315398216 0.09867250174283981 0.9838534593582153
v 0.08576662838459015 0.09900548309087753 0.989090621471405
v 0.259104460477829 0.10977169871330261 1.088483452796936
v 0.38840919733047485 0.1037127897143364 1.0067973136901855
v -0.2846051752567291 0.1085987389087677 1.0601259469985962
v -0.12031076103448868 0.10353124886751175 1.0122430324554443
v 0.027584167197346687 0.09907688945531845 0.9763194918632507
v 0.19299520552158356 0.111115001142025 1.0851144790649414
v 0.3347983956336975 0.1069028377532959 1.0244265794754028
v -0.3356603980064392 0.10752394795417786 1.0353773832321167
v -0.19405597448349 0.11301901936531067 1.0850423574447632
v -0.029449015855789185 0.10106700658798218 0.9782772064208984
v 0.1181432381272316 0.10371412336826324 1.0061229467391968
v 0.284269243478775 0.1101536750793457 1.0647963285446167
v -0.3959658145904541 0.11047367751598358 1.025990605354309
v -0.25681576132774353 0.11412828415632248 1.082683801651001
v -0.08790934830904007 0.10488488525152206 0.996981143951416
v 0.057776518166065216 0.10277460515499115 0.9832697510719299
v 0.2310919314622879 0.11651898175477982 1.0970065593719482
v 0.36385664343833923 0.10977917164564133 1.0128694772720337
v -0.3065088093280792 0.11028999090194702 1.0410150289535522
v -0.1523171365261078 0.11102417856454849 1.038265347480774
v 0.0006963388877920806 0.10395915806293488 0.9775629639625549
v 0.1547214388847351 0.11092697829008102 1.040187120437622
v 0.3047557473182678 0.10954821854829788 1.0312749147415161
v -0.3634510636329651 0.11173660308122635 1.0304309129714966
v -0.22966669499874115 0.12232247740030289 1.1126512289047241
v -0.056633953005075455 0.10662620514631271 0.9867225289344788
v 0.0893339067697525 0.10723277926445007 0.9950396418571472
v 0.2607312798500061 0.11692862957715988 1.0866001844406128
v 0.386961430311203 0.11004500836133957 0.9905324578285217
v -0.28128403425216675 0.11628524959087372 1.058539628982544
v -0.11753919720649719 0.11154107749462128 1.0148744583129883
v 0.03068891167640686 0.10702197253704071 0.9806798696517944
v 0.1963725984096527 0.12042823433876038 1.089489459991455
v 0.3354247808456421 0.11510640382766724 1.0197694301605225
v -0.33183613419532776 0.11450304836034775 1.0337445735931396
v -0.19191418588161469 0.12245360016822815 1.0907825231552124
v -0.02651383727788925 0.10896532982587814 0.981660783290863
v 0.12220548093318939 0.1123938113451004 1.0143442153930664
v 0.2845965325832367 0.11744086444377899 1.0614066123962402
v -0.3915143311023712 0.11658311635255814 1.0241767168045044
v -0.25414061546325684 0.12336260080337524 1.0888854265213013
v -0.08511833101511002 0.11291740089654922 0.9996905326843262
v 0.061120469123125076 0.11094263195991516 0.9886109828948975
v 0.23499101400375366 0.12483245879411697 1.0986571311950684
v 0.3634434938430786 0.11749045550823212 1.0059199333190918
v -0.3039127290248871 0.11817889660596848 1.0423471927642822
v -0.14978165924549103 0.11946827918291092 1.0426157712936401
v 0.003690380370244384 0.11186382174491882 0.9816097617149353
v 0.16165201365947723 0.12137999385595322 1.0599589347839355
v 0.3060690462589264 0.11909816414117813 1.029846429824829
v -0.36007159948349 0.11911063641309738 1.0308815240859985
v -0.22663024067878723 0.13069424033164978 1.1145755052566528
v -0.05377370864152908 0.11466793715953827 0.9900354146957397
v 0.09303880482912064 0.11564627289772034 1.0017774105072021
v 0.26224201917648315 0.12516073882579803 1.0808736085891724
v 0.404306560754776 0.12107284367084503 1.0320430994033813
v -0.2787959575653076 0.12539547681808472 1.0603135824203491
v -0.11489856988191605 0.11965881288051605 1.0180211067199707
v 0.03389046713709831 0.11511867493391037 0.9855268597602844
v 0.2003135085105896 0.12833943963050842 1.091171383857727
v 0.3360165059566498 0.1240156888961792 1.012812852859497
v -0.3293592929840088 0.1225636750459671 1.0336580276489258
v -0.19097085297107697 0.13256771862506866 1.1014659404754639
v -0.0235397107899189 0.11697713285684586 0.9854965806007385
v 0.12665362656116486 0.12153586000204086 1.0248658657073975
v 0.2873479723930359 0.1268814355134964 1.055469036102295
v -0.389018714427948 0.12426119297742844 1.025399923324585
v -0.25197532773017883 0.13298183679580688 1.096265196800232
v -0.0822579562664032 0.12105903029441833 1.002903699874878
v 0.06458544731140137 0.11931024491786957 0.9945342540740967
v 0.23791061341762543 0.13300834596157074 1.0998210906982422
v 0.36337465047836304 0.12508146464824677 0.9995618462562561
v -0.3019438683986664 0.12685255706310272 1.040604591369629
v -0.14750303328037262 0.12820744514465332 1.0482627153396606
v 0.006669721566140652 0.11988986283540726 0.9860591292381287
v 0.16893360018730164 0.13152791559696198 1.07914137840271
v 0.31184816360473633 0.12898874282836914 1.0342940092086792
v -0.35699042677879333 0.12731346487998962 1.0314106941223145
v -0.22347639501094818 0.13967134058475494 1.116774082183838
v -0.050935905426740646 0.12281744182109833 0.9939380288124084
v 0.09692499041557312 0.12428020685911179 1.0095759630203247
v 0.26312923431396484 0.13383539021015167 1.072662115097046
v 0.4081798195838928 0.12890681624412537 1.0323388576507568
v -0.2829446792602539 0.13957612216472626 1.1028053760528564
v -0.11230885982513428 0.12788468599319458 1.0217303037643433
v 0.037128616124391556 0.12338564544916153 0.9909327030181885
v 0.21174725890159607 0.14120325446128845 1.1223037242889404
v 0.34237685799598694 0.1322913020849228 1.0248100757598877
v -0.3274134397506714 0.1313757449388504 1.0377801656723022
v -0.19003525376319885 0.14304392039775848 1.1139023303985596
v -0.020561134442687035 0.1250753253698349 0.9899171590805054
v 0.13176146149635315 0.13132646679878235 1.0384353399276733
v 0.2876359224319458 0.13503998517990112 1.0484691858291626
v -0.38578274846076965 0.13198351860046387 1.0275992155075073
v -0.24973493814468384 0.142276331782341 1.103817343711853
v -0.07937899976968765 0.12930378317832947 1.0067418813705444
v 0.06817828863859177 0.1278235763311386 1.001163363456726
v 0.24085570871829987 0.1411854475736618 1.1017762422561646
v 0.36436834931373596 0.1324126124382019 0.9992907047271729
v -0.29934048652648926 0.1352667659521103 1.0395232439041138
v -0.14535768330097198 0.13719721138477325 1.0553665161132812
v 0.009648219682276249 0.12807390093803406 0.9910485148429871
v 0.17896388471126556 0.14522574841976166 1.1096667051315308
v 0.31913071870803833 0.13774853944778442 1.0468264818191528
v -0.35423824191093445 0.13549190759658813 1.0353652238845825
v -0.22023387253284454 0.14821982383728027 1.117906093597412
v -0.04816330224275589 0.1310696303844452 0.9984617233276367
v 0.10100698471069336 0.13317571580410004 1.0187830924987793
v 0.275765061378479 0.1464710682630539 1.110835313796997
v 0.41648510098457336 0.13707537949085236 1.0350598096847534
v -0.2796221673488617 0.14940856397151947 1.1098638772964478
v -0.1096629649400711 0.1362971067428589 1.0264649391174316
v 0.04039658233523369 0.1318509876728058 0.9969643950462341
v 0.21438121795654297 0.14944379031658173 1.1226516962051392
v 0.34989890456199646 0.1412891000509262 1.0426876544952393
v -0.3304484486579895 0.14266742765903473 1.061893105506897
v -0.1873176544904709 0.15172231197357178 1.1179763078689575
v -0.017619410529732704 0.1333352029323578 0.9951009154319763
v 0.13789047300815582 0.14194664359092712 1.0573890209197998
v 0.30484962463378906 0.14823341369628906 1.0915122032165527
v -0.38286370038986206 0.14029087126255035 1.030208945274353
v -0.24805213510990143 0.15384681522846222 1.1156998872756958
v -0.07657253742218018 0.13764454424381256 1.011240005493164
v 0.07186184823513031 0.13648246228694916 1.0086437463760376
v 0.24789945781230927 0.1521216183900833 1.1172112226486206
v 0.36644336581230164 0.14015278220176697 1.0003185272216797
v -0.3070914149284363 0.15257537364959717 1.1005470752716064
v -0.1435653567314148 0.14665377140045166 1.064300537109375
v 0.012660011649131775 0.1365436613559723 0.9967262148857117
v 0.18517445027828217 0.15528951585292816 1.1226186752319336
v 0.3270213305950165 0.1477518528699875 1.0575779676437378
v -0.3584182858467102 0.14788754284381866 1.0572655200958252
v -0.2163778841495514 0.1553625613451004 1.1159414052963257
v -0.04539251700043678 0.13949422538280487 1.0035908222198486
v 0.10542818158864975 0.1427144706249237 1.030303955078125
v 0.27828720211982727 0.15484052896499634 1.1091996431350708
v -0.4188423156738281 0.14677710831165314 1.0115758180618286
v -0.2764946222305298 0.1576845794916153 1.1083765029907227
v -0.10713905096054077 0.14521579444408417 1.0327106714248657
v 0.04378890618681908 0.1405637562274933 1.0037281513214111
v 0.21713946759700775 0.15770567953586578 1.1214975118637085
v 0.35732001066207886 0.15099471807479858 1.0536632537841797
v -0.3232044279575348 0.1496080607175827 1.0453743934631348
v -0.18374866247177124 0.1606006920337677 1.124456524848938
v -0.014664922840893269 0.14191430807113647 1.0010684728622437
v 0.14766283333301544 0.1555519849061966 1.088983178138733
v 0.2976539731025696 0.15325671434402466 1.057126522064209
v -0.3812836706638336 0.14932815730571747 1.0344423055648804
v -0.24377427995204926 0.1615159809589386 1.1140624284744263
v -0.07382547110319138 0.14613762497901917 1.0167251825332642
v 0.07565691322088242 0.1455855667591095 1.0174696445465088
v 0.25069013237953186 0.1610080748796463 1.1159312725067139
v 0.36892589926719666 0.14669887721538544 0.9982443451881409
v -0.30360788106918335 0.16100621223449707 1.0981181859970093
v -0.14176739752292633 0.1561419665813446 1.0744349956512451
v 0.01575232483446598 0.14532451331615448 1.003262996673584
v 0.1870361566543579 0.1626242697238922 1.1207995414733887
v 0.332021027803421 0.15634097158908844 1.060975432395935
v -0.35023367404937744 0.15394414961338043 1.0434476137161255
v -0.21204540133476257 0.162291020154953 1.113097906112671
v -0.0426090843975544 0.1481059193611145 1.009560465812683
v 0.11049261689186096 0.15301039814949036 1.0457032918930054
v 0.28098899126052856 0.16381171345710754 1.107067584991455
v -0.4135051369667053 0.15346714854240417 1.0303040742874146
v -0.27228474617004395 0.1655184030532837 1.105514645576477
v -0.1049310639500618 0.15462014079093933 1.0417461395263672
v 0.04717540740966797 0.1495828479528427 1.0115817785263062
v 0.2201719433069229 0.16566012799739838 1.1185104846954346
v 0.3594786822795868 0.15814277529716492 1.0513542890548706
v -0.3285475969314575 0.1634088009595871 1.0827771425247192
v -0.17993827164173126 0.16890865564346313 1.1239084005355835
v -0.011715409345924854 0.15069608390331268 1.0077345371246338
v 0.15532934665679932 0.1676579862833023 1.1131081581115723
v 0.30186018347740173 0.160940021276474 1.0616507530212402
v -0.3781556785106659 0.1573563516139984 1.037243127822876
v -0.23913969099521637 0.16904893517494202 1.11070716381073
v -0.07117481529712677 0.1549869030714035 1.0237443447113037
v 0.07971165329217911 0.1554267555475235 1.0290440320968628
v 0.2533620595932007 0.16869790852069855 1.112166166305542
v 0.38833850622177124 0.15821044147014618 1.040366530418396
v -0.29918962717056274 0.16863217949867249 1.093644618988037
v -0.14416469633579254 0.16977296769618988 1.1014751195907593
v 0.018875082954764366 0.15437152981758118 1.0108160972595215
v 0.1887214034795761 0.1694822460412979 1.115939736366272
v 0.3362739086151123 0.1645197719335556 1.065595269203186
v -0.35191112756729126 0.1647057980298996 1.0632946491241455
v -0.20771227777004242 0.1724950671195984 1.1136828660964966
v -0.03981269523501396 0.15696541965007782 1.0166844129562378
v 0.11631391942501068 0.1643049567937851 1.0676230192184448
v 0.2821885049343109 0.17038656771183014 1.0996770858764648
v -0.4075303077697754 0.16159944236278534 1.032488465309143
v -0.2672481834888458 0.17211535573005676 1.0994374752044678
v -0.10285814106464386 0.1644003540277481 1.0535082817077637
v 0.05064123868942261 0.1591954231262207 1.0212788581848145
v 0.2219468206167221 0.1726967841386795 1.1109871864318848
v 0.3621411919593811 0.16572734713554382 1.0487035512924194
v -0.32443925738334656 0.1706027388572693 1.0807229280471802
v -0.17561982572078705 0.17582429945468903 1.1184494495391846
v -0.008843262679874897 0.15979120135307312 1.0155744552612305
v 0.15738911926746368 0.17474330961704254 1.1114037036895752
v 0.30962610244750977 0.17029935121536255 1.07534921169281
v -0.3732004761695862 0.16533002257347107 1.0362119674682617
v -0.23443955183029175 0.175657719373703 1.1039944887161255
v -0.06873622536659241 0.16451147198677063 1.0333701372146606
v 0.08461563289165497 0.16623277962207794 1.0459887981414795
v 0.25416842103004456 0.17459040880203247 1.1033939123153687
v 0.3884499967098236 0.1646231710910797 1.0334060192108154
v -0.2941502630710602 0.17497169971466064 1.0871520042419434
v -0.14160771667957306 0.17933833599090576 1.1102490425109863
v 0.022158246487379074 0.16398151218891144 1.0203580856323242
v 0.1903412640094757 0.1766689568758011 1.1079397201538086
v 0.3366772532463074 0.1710529625415802 1.058022141456604
v -0.34292322397232056 0.17051084339618683 1.045017957687378
v -0.20293255150318146 0.17932544648647308 1.108473300933838
v -0.0369858518242836 0.16642169654369354 1.025814175605774
v 0.12656953930854797 0.17961983382701874 1.1041746139526367
v 0.28212958574295044 0.1762693077325821 1.0832645893096924
v -0.4017612338066101 0.16963158547878265 1.0300369262695312
v -0.2623317539691925 0.17861564457416534 1.0911134481430054
v -0.10153908282518387 0.1763710230588913 1.0722990036010742
v 0.05465157330036163 0.1695801168680191 1.034830927848816
v 0.2229643315076828 0.17965543270111084 1.1009230613708496
v 0.36064204573631287 0.17066079378128052 1.0367792844772339
v -0.31580716371536255 0.17500942945480347 1.0593591928482056
v -0.17084148526191711 0.18234840035438538 1.1110647916793823
v -0.005870899651199579 0.16965055465698242 1.0259846448898315
v 0.15901558101177216 0.18117748200893402 1.10601806640625
v 0.3084908425807953 0.17567399144172668 1.0571925640106201
v -0.3691871166229248 0.17308078706264496 1.0334707498550415
v -0.22973082959651947 0.1825508177280426 1.09818434715271
v -0.06647147238254547 0.17500926554203033 1.047317385673523
v 0.09187372773885727 0.18066780269145966 1.0782976150512695
v 0.2545168995857239 0.181510329246521 1.0919713973999023
v 0.38945525884628296 0.1715240329504013 1.0262058973312378
v -0.2886911928653717 0.18109863996505737 1.0763137340545654
v -0.13703429698944092 0.18619073927402496 1.1067676544189453
v 0.02580161765217781 0.17468908429145813 1.0344706773757935
v 0.19187813997268677 0.18370471894741058 1.0997265577316284
v 0.33532726764678955 0.17652404308319092 1.044700264930725
v -0.33844879269599915 0.17704376578330994 1.0412253141403198
v -0.19786931574344635 0.1859409213066101 1.1022309064865112
v -0.03397490456700325 0.17662866413593292 1.0384397506713867
v 0.1285402774810791 0.18587757647037506 1.1008597612380981
v 0.28278395533561707 0.1818181425333023 1.0762457847595215
v -0.39637699723243713 0.17695337533950806 1.026909589767456
v -0.25595882534980774 0.1855093389749527 1.0860005617141724
v -0.10026050359010696 0.18798565864562988 1.0911169052124023
v 0.059276893734931946 0.18218667805194855 1.0571342706680298
v 0.2238730490207672 0.18608181178569794 1.0907360315322876
v 0.3615240752696991 0.17731308937072754 1.0290555953979492
v -0.31215158104896545 0.18409043550491333 1.0635603666305542
v -0.16574396193027496 0.1884966790676117 1.1018868684768677
v -0.00282976683229208 0.18115580081939697 1.042561650276184
v 0.16100269556045532 0.18743400275707245 1.098692774772644
v 0.30881452560424805 0.18147221207618713 1.0485769510269165
v -0.36398252844810486 0.17984429001808167 1.0279386043548584
v -0.22451572120189667 0.18855686485767365 1.0897762775421143
v -0.06470641493797302 0.18712985515594482 1.0667167901992798
v 0.09681303799152374 0.18972912430763245 1.0899746417999268
v 0.25429752469062805 0.18727605044841766 1.079785943031311
v 0.39004456996917725 0.17835567891597748 1.0173473358154297
v -0.2821492850780487 0.1877901256084442 1.0705456733703613
v -0.13196547329425812 0.19171550869941711 1.0989590883255005
v 0.029733629897236824 0.18719635903835297 1.0564122200012207
v 0.19315050542354584 0.18967945873737335 1.0896426439285278
v 0.3362521231174469 0.18326357007026672 1.0362659692764282
v -0.3353590667247772 0.1859026402235031 1.0472301244735718
v -0.19230449199676514 0.1916763037443161 1.0913656949996948
v -0.03154410794377327 0.18970349431037903 1.0606342554092407
v 0.13002152740955353 0.1912752240896225 1.09236741065979
v 0.2820095717906952 0.18774870038032532 1.0646650791168213
v -0.390808641910553 0.18396103382110596 1.023038625717163
v -0.24991168081760406 0.1911400407552719 1.0758222341537476
v -0.09665875881910324 0.19476626813411713 1.0904661417007446
v 0.06453975290060043 0.1935568004846573 1.078032374382019
v 0.22427092492580414 0.1913314163684845 1.0762901306152344
v 0.3624255955219269 0.184524267911911 1.0205775499343872
v -0.3059682250022888 0.1894439160823822 1.0545693635940552
v -0.16005074977874756 0.19413608312606812 1.0901871919631958
v 0.0005400595255196095 0.19295775890350342 1.0624908208847046
v 0.16288819909095764 0.19329893589019775 1.087225079536438
v 0.3093665838241577 0.1874675303697586 1.0400409698486328
v -0.35788851976394653 0.18688230216503143 1.01957106590271
v -0.21811603009700775 0.1937824785709381 1.0787053108215332
v -0.06182732433080673 0.19674235582351685 1.076796054840088
v 0.0987292155623436 0.19513118267059326 1.083840012550354
v 0.2538861036300659 0.19197887182235718 1.0665719509124756
v 0.3905380964279175 0.18467167019844055 1.0070284605026245
v -0.2739213705062866 0.1923532783985138 1.0440740585327148
v -0.1265183538198471 0.1971021443605423 1.0886441469192505
v 0.03382228687405586 0.19717130064964294 1.0704786777496338
v 0.19451604783535004 0.19502043724060059 1.0771018266677856
v 0.3311765789985657 0.1866929680109024 1.011892557144165
v -0.3258129954338074 0.1898948699235916 1.0202723741531372
v -0.18634533882141113 0.19681823253631592 1.080115795135498
v -0.028087014332413673 0.19850479066371918 1.0704513788223267
v 0.13155986368656158 0.19690819084644318 1.0800913572311401
v 0.2798366844654083 0.1922924816608429 1.037613868713379
v -0.3838583528995514 0.1896757185459137 1.0103528499603271
v -0.24321788549423218 0.1964014321565628 1.0513561964035034
v -0.09170188009738922 0.1997465193271637 1.0787855386734009
v 0.06727996468544006 0.1992247998714447 1.074446201324463
v 0.22190973162651062 0.19603951275348663 1.0506705045700073
v 0.35783249139785767 0.1874449998140335 0.9976270198822021
v -0.29717299342155457 0.19393803179264069 1.0285769701004028
v -0.15382152795791626 0.2002527266740799 1.069624423980713
v 0.003859522519633174 0.20008352398872375 1.066779375076294
v 0.16324551403522491 0.19985438883304596 1.0680019855499268
v 0.3060346841812134 0.19217686355113983 1.0189404487609863
v -0.35255658626556396 0.19364643096923828 1.0130535364151
v -0.21177558600902557 0.1994645744562149 1.057030200958252
v -0.05792549252510071 0.20206497609615326 1.0706079006195068
v 0.10004425048828125 0.20063088834285736 1.069533348083496
v 0.25157231092453003 0.1967543661594391 1.0415719747543335
v 0.3911071717739105 0.18978460133075714 0.994577169418335
v -0.267677903175354 0.19768893718719482 1.0357648134231567
v -0.12105103582143784 0.20290666818618774 1.0696799755096436
v 0.03682651370763779 0.202437162399292 1.0643479824066162
v 0.19372816383838654 0.20022958517074585 1.0555750131607056
v 0.3323126435279846 0.19326645135879517 1.0045664310455322
v -0.3206694424152374 0.1963200718164444 1.0138916969299316
v -0.17919111251831055 0.20247642695903778 1.05547297000885
v -0.02452356368303299 0.20362065732479095 1.063103437423706
v 0.13158662617206573 0.20330223441123962 1.058733582496643
v 0.2796408534049988 0.1973835676908493 1.0281660556793213
v -0.3784807622432709 0.19582217931747437 1.0045077800750732
v -0.23590020835399628 0.2016349732875824 1.0380314588546753
v -0.08654478937387466 0.20457206666469574 1.0605088472366333
v 0.06935086846351624 0.20404529571533203 1.0595810413360596
v 0.22139544785022736 0.2015940248966217 1.0373907089233398
v 0.35822948813438416 0.19440673291683197 0.9884751439094543
v -0.29069986939430237 0.20013925433158875 1.019487738609314
v -0.14745797216892242 0.205142542719841 1.0520583391189575
v 0.0071052140556275845 0.2050829529762268 1.0552947521209717
v 0.16320696473121643 0.2045053243637085 1.0506254434585571
v 0.3052619993686676 0.19750572741031647 1.0081549882888794
v -0.3463204801082611 0.1985849291086197 1.0034598112106323
v -0.2050563544034958 0.20399513840675354 1.0415184497833252
v -0.053654517978429794 0.2065006047487259 1.0517224073410034
v 0.10155713558197021 0.20526018738746643 1.052315592765808
v 0.250542551279068 0.2019856870174408 1.027435302734375
v 0.3906075060367584 0.19543880224227905 0.9831667542457581
v -0.2606675624847412 0.20288074016571045 1.0221141576766968
v -0.11484713852405548 0.2071162313222885 1.047993779182434
v 0.039521533995866776 0.20691795647144318 1.0472638607025146
v 0.1928453892469406 0.2047192007303238 1.0376719236373901
v 0.33148902654647827 0.19882313907146454 0.9923626780509949
v -0.31491947174072266 0.20268605649471283 1.007710576057434
v -0.17277085781097412 0.20690536499023438 1.0375001430511475
v -0.021183380857110023 0.2080335170030594 1.043654441833496
v 0.1328245997428894 0.20723095536231995 1.0397329330444336
v 0.27945828437805176 0.20212966203689575 1.0150766372680664
v -0.37256139516830444 0.2035531848669052 0.9995539784431458
v -0.22909405827522278 0.20565100014209747 1.0252268314361572
v -0.08163942396640778 0.20857664942741394 1.0403625965118408
v 0.07124712318181992 0.20840829610824585 1.0400195121765137
v 0.22110162675380707 0.20549413561820984 1.0228108167648315
v 0.3600510060787201 0.2007751166820526 0.9827229380607605
v -0.28358927369117737 0.20473827421665192 1.0092381238937378
v -0.14026351273059845 0.20925132930278778 1.0347703695297241
v 0.009947133250534534 0.20962519943714142 1.035061001777649
v 0.16359993815422058 0.2081502079963684 1.0327012538909912
v 0.30200543999671936 0.20233985781669617 0.9882714152336121
v -0.3388656675815582 0.20416265726089478 0.9880088567733765
v -0.19735699892044067 0.20828816294670105 1.025475025177002
v -0.049462299793958664 0.210536926984787 1.0293875932693481
v 0.10333175212144852 0.20956386625766754 1.0334129333496094
v 0.2499803602695465 0.20592962205410004 1.0129833221435547
v 0.3909391462802887 0.20215383172035217 0.9709177017211914
v -0.251667857170105 0.20652467012405396 0.9936898350715637
v -0.10877281427383423 0.2104988694190979 1.0304757356643677
v 0.041805773973464966 0.2111680805683136 1.027596354484558
v 0.19326438009738922 0.20836646854877472 1.0238693952560425
v 0.32953792810440063 0.20351846516132355 0.9781571626663208
v -0.30674007534980774 0.20740573108196259 0.9885039925575256
v -0.16401751339435577 0.2090013474225998 1.0012518167495728
v -0.018165932968258858 0.21210935711860657 1.0159262418746948
v 0.1312728226184845 0.20996838808059692 1.0074130296707153
v 0.2757940888404846 0.20624975860118866 0.9872072339057922
v -0.3646523058414459 0.20835520327091217 0.9812659621238708
v -0.22089898586273193 0.20879897475242615 0.9940292835235596
v -0.0764765664935112 0.2119852900505066 1.008314609527588
v 0.07219213247299194 0.211820587515831 1.0085617303848267
v 0.21800962090492249 0.20777998864650726 0.9899125099182129
v 0.3564915955066681 0.20501483976840973 0.9645275473594666
v -0.27571436762809753 0.20948906242847443 0.987411379814148
v -0.13289226591587067 0.2107028067111969 1.0006864070892334
v 0.012656216509640217 0.21378357708454132 1.0119221210479736
v 0.1613774448633194 0.20985983312129974 0.9989503026008606
v 0.30214476585388184 0.20731598138809204 0.9793943762779236
v -0.3330821096897125 0.21070021390914917 0.9817516207695007
v -0.1897481083869934 0.21101446449756622 0.9941880702972412
v -0.04565433785319328 0.21411927044391632 1.007095456123352
v 0.10333465784788132 0.21275733411312103 1.0047235488891602
v 0.2465113401412964 0.20943404734134674 0.9840445518493652
v -0.398510217666626 0.21276168525218964 0.9650229215621948
v -0.24569979310035706 0.21144913136959076 0.9874082803726196
v -0.10292991250753403 0.2131665050983429 0.9995627999305725
v 0.04417703300714493 0.21453848481178284 1.0053434371948242
v 0.19033657014369965 0.2104891538619995 0.989599883556366
v 0.330534964799881 0.2091098576784134 0.97089022397995
v -0.3013990819454193 0.21285739541053772 0.9808038473129272
v -0.1580296903848648 0.21337325870990753 0.986562192440033
v -0.015215205028653145 0.21604616940021515 0.9975167512893677
v 0.13189023733139038 0.21386821568012238 0.9894455075263977
v 0.2757437527179718 0.21152818202972412 0.9774758815765381
v -0.358888179063797 0.21386054158210754 0.9736921191215515
v -0.21502983570098877 0.21368926763534546 0.9820237159729004
v -0.0722082108259201 0.21596555411815643 0.9922870397567749
v 0.07379104197025299 0.21533019840717316 0.990045964717865
v 0.2173362821340561 0.2126695066690445 0.9771062731742859
v 0.3575657308101654 0.21076492965221405 0.9584747552871704
v -0.2701101303100586 0.21468931436538696 0.9777440428733826
v -0.12775929272174835 0.21477769315242767 0.9842703938484192
v 0.015318641439080238 0.21724994480609894 0.9935717582702637
v 0.16159693896770477 0.2138245403766632 0.9816441535949707
v 0.3017089068889618 0.21238218247890472 0.9696140289306641
v -0.3276870846748352 0.21639752388000488 0.9738336205482483
v -0.18394587934017181 0.21554571390151978 0.9788943529129028
v -0.04219038411974907 0.21788685023784637 0.9885107278823853
v 0.1040288433432579 0.21635454893112183 0.9851311445236206
v 0.2470395267009735 0.21396252512931824 0.9715242385864258
v -0.38797420263290405 0.21746452152729034 0.9647306203842163
v -0.23899734020233154 0.21640439331531525 0.973030686378479
v -0.09703565388917923 0.21703079342842102 0.9782768487930298
v 0.046144694089889526 0.21790218353271484 0.9815816879272461
v 0.19013933837413788 0.21488311886787415 0.9706564545631409
v 0.3313904404640198 0.21453857421875 0.9634703397750854
v -0.29609471559524536 0.21843765676021576 0.9745410680770874
v -0.1524096429347992 0.21714064478874207 0.9720961451530457
v -0.011692088097333908 0.21913644671440125 0.9800800085067749
v 0.13287301361560822 0.21697302162647247 0.9729541540145874
v 0.27639833092689514 0.21539148688316345 0.9702149629592896
v -0.3525720238685608 0.21959030628204346 0.9673981070518494
v -0.2080872505903244 0.21817712485790253 0.9702969789505005
v -0.06684528291225433 0.2197374850511551 0.9768627285957336
v 0.07594083249568939 0.21849802136421204 0.9738914966583252
v 0.2178676277399063 0.21614572405815125 0.9642853140830994
v 0.35871559381484985 0.21676930785179138 0.9537239670753479
v -0.2605513632297516 0.21747109293937683 0.9503386616706848
v -0.12194717675447464 0.21861544251441956 0.9698729515075684
v 0.01869368739426136 0.22047999501228333 0.974277675151825
v 0.16201268136501312 0.21732623875141144 0.96734219789505
v 0.30038899183273315 0.21769176423549652 0.9579542279243469
v -0.3219760060310364 0.2226525843143463 0.9697269797325134
v -0.17532627284526825 0.2189178466796875 0.9474638104438782
v -0.037580396980047226 0.22039161622524261 0.9499630928039551
v 0.10521941632032394 0.21946193277835846 0.9711237549781799
v 0.24360361695289612 0.21780788898468018 0.9461066722869873
v -0.37936869263648987 0.221573144197464 0.9533519744873047
v -0.2296266108751297 0.21912366151809692 0.945064127445221
v -0.09156156331300735 0.22034522891044617 0.9493913054466248
v 0.04756456986069679 0.22150951623916626 0.9515138268470764
v 0.18781934678554535 0.21872523427009583 0.9448645114898682
v 0.3331487774848938 0.22037050127983093 0.9573621153831482
v -0.28622400760650635 0.22301296889781952 0.9527252912521362
v -0.14579759538173676 0.220590740442276 0.946907639503479
v -0.00891499500721693 0.22228260338306427 0.9495288133621216
v 0.13253487646579742 0.22058652341365814 0.9466254711151123
v 0.27187028527259827 0.22023238241672516 0.9475536942481995
v -0.3467179238796234 0.224908247590065 0.9562299847602844
v -0.2006639838218689 0.22147464752197266 0.943925142288208
v -0.06268434226512909 0.22224150598049164 0.947713315486908
v 0.07702896744012833 0.22219964861869812 0.950015127658844
v 0.21619202196598053 0.22012856602668762 0.9421260952949524
v 0.359474778175354 0.22214271128177643 0.9472280740737915
v -0.2541408836841583 0.22288812696933746 0.9441112279891968
v -0.11711198836565018 0.22239351272583008 0.9468979239463806
v 0.021158387884497643 0.22403065860271454 0.9489210247993469
v 0.16116413474082947 0.22185245156288147 0.9455378651618958
v 0.30045926570892334 0.22246068716049194 0.9480538368225098
v -0.316782683134079 0.22787195444107056 0.9629502296447754
v -0.1710280179977417 0.2234492301940918 0.9432914853096008
v -0.03471806272864342 0.22466494143009186 0.9463332295417786
v 0.10538920015096664 0.22346113622188568 0.9457882642745972
v 0.2456037700176239 0.22270192205905914 0.9418383836746216
v -0.37319397926330566 0.22644053399562836 0.9465838074684143
v -0.2249322384595871 0.2243461161851883 0.9403162598609924
v -0.0873168483376503 0.22517099976539612 0.941308319568634
v 0.04996239393949509 0.22589200735092163 0.9419444799423218
v 0.1886056810617447 0.22415614128112793 0.9375063180923462
v 0.3342406153678894 0.22576487064361572 0.9500917196273804
v -0.2805802822113037 0.22732704877853394 0.9431371688842773
v -0.14167027175426483 0.22561119496822357 0.9391379952430725
v -0.006193986628204584 0.22703678905963898 0.9412843585014343
v 0.13397520780563354 0.22582729160785675 0.9381137490272522
v 0.27279335260391235 0.22514541447162628 0.9404305219650269
v -0.3407091796398163 0.23085220158100128 0.9501557946205139
v -0.1960282176733017 0.2268071323633194 0.93621426820755
v -0.05921261012554169 0.22697599232196808 0.9388616681098938
v 0.07884393632411957 0.22636723518371582 0.9402835369110107
v 0.21731515228748322 0.2253251075744629 0.9344695210456848
v 0.36006107926368713 0.22758544981479645 0.9402113556861877
v -0.24922768771648407 0.22836853563785553 0.9351938962936401
v -0.11295859515666962 0.22713573276996613 0.9370045065879822
v 0.023641174659132957 0.228321835398674 0.9383255243301392
v 0.16239091753959656 0.22690945863723755 0.935920000076294
v 0.3070625066757202 0.2290317267179489 0.9507694244384766
v -0.3114897310733795 0.23248420655727386 0.9541819095611572
v -0.16612769663333893 0.2283397763967514 0.9322628378868103
v -0.03090723603963852 0.22927260398864746 0.9353438019752502
v 0.10741027444601059 0.2282503992319107 0.9337618947029114
v 0.24709294736385345 0.2277335375547409 0.9330481290817261
v -0.3668893277645111 0.2325199991464615 0.9421732425689697
v -0.21989725530147552 0.22971957921981812 0.9319477677345276
v -0.08323612809181213 0.2293052077293396 0.932702362537384
v 0.052990950644016266 0.22941407561302185 0.9333711862564087
v 0.19007378816604614 0.2280823290348053 0.929891049861908
v 0.33210819959640503 0.2303546965122223 0.936434805393219
v -0.27348241209983826 0.23182722926139832 0.926914632320404
v -0.13678105175495148 0.2295297533273697 0.9305573105812073
v -0.0022973932791501284 0.23130998015403748 0.9337742328643799
v 0.1362638920545578 0.22994138300418854 0.9311107397079468
v 0.26999911665916443 0.22931060194969177 0.9212141036987305
v -0.3349391222000122 0.23561927676200867 0.9438202977180481
v -0.19068655371665955 0.230726420879364 0.9292043447494507
v -0.05516305938363075 0.23029305040836334 0.9134128093719482
v 0.07939685136079788 0.22963453829288483 0.9119700789451599
v 0.21552754938602448 0.2298390418291092 0.9153116345405579
v 0.3604370355606079 0.23306642472743988 0.9333267211914062
v -0.24226436018943787 0.2328636795282364 0.9191684722900391
v -0.10666558891534805 0.2298874855041504 0.9087779521942139
v 0.02615063078701496 0.23203177750110626 0.9124587178230286
v 0.1609899401664734 0.23139353096485138 0.9115554094314575
v 0.30797079205513 0.23523902893066406 0.9434124231338501
v -0.3009640574455261 0.236033633351326 0.9295225143432617
v -0.15962016582489014 0.2320985198020935 0.9105554223060608
v -0.027273014187812805 0.23241040110588074 0.9100968837738037
v 0.10726724565029144 0.2318754941225052 0.9101369976997375
v 0.24418963491916656 0.23195338249206543 0.9140992164611816
v -0.3585392236709595 0.23668968677520752 0.9296201467514038
v -0.21329806745052338 0.2340480089187622 0.9138529896736145
v -0.07827292382717133 0.23257936537265778 0.9099730253219604
v 0.05474161356687546 0.23329472541809082 0.9109762907028198
v 0.18905067443847656 0.23265618085861206 0.9116402268409729
v 0.33506855368614197 0.2381059229373932 0.9329714775085449
v -0.2670688033103943 0.23664234578609467 0.918645441532135
v -0.1312059909105301 0.2330055832862854 0.9077771306037903
v 0.0005487442249432206 0.23494167625904083 0.9102208614349365
v 0.1357978880405426 0.23411567509174347 0.9102428555488586
v 0.2709611654281616 0.2348162680864334 0.9150906801223755
v -0.3285050392150879 0.23950788378715515 0.9293431043624878
v -0.18442164361476898 0.2352154701948166 0.9093570113182068
v -0.05152878537774086 0.23507271707057953 0.9081559181213379
v 0.08206211030483246 0.23425833880901337 0.9085009098052979
v 0.21776948869228363 0.2346084713935852 0.9108816981315613
v 0.36104071140289307 0.23831331729888916 0.9265350699424744
v -0.2374277114868164 0.2374141961336136 0.9137946963310242
v -0.10306576639413834 0.23458229005336761 0.9058705568313599
v 0.028908707201480865 0.23671025037765503 0.9106801152229309
v 0.16268621385097504 0.23572446405887604 0.9089244604110718
v 0.3082239627838135 0.24144361913204193 0.9320540428161621
v -0.2933204472064972 0.23968453705310822 0.916559636592865
v -0.15579502284526825 0.23621557652950287 0.9067190885543823
v -0.02438657358288765 0.23733729124069214 0.9060275554656982
v 0.10909190773963928 0.23608162999153137 0.9068523049354553
v 0.24601303040981293 0.23737573623657227 0.9095099568367004
v -0.3519866168498993 0.2417943924665451 0.9219851493835449
v -0.2092650979757309 0.2381507009267807 0.908216118812561
v -0.07499182224273682 0.23719021677970886 0.9049633741378784
v 0.05724800005555153 0.23839060962200165 0.9065132737159729
v 0.19018492102622986 0.23702527582645416 0.9070680141448975
v 0.3353296220302582 0.24342387914657593 0.9252299070358276
v -0.26223689317703247 0.24118860065937042 0.911007821559906
v -0.12790067493915558 0.23754815757274628 0.9016318917274475
v 0.00294824643060565 0.23948915302753448 0.9058609008789062
v 0.13748498260974884 0.23842984437942505 0.9041897058486938
v 0.2710321843624115 0.23944097757339478 0.904985249042511
v -0.32214534282684326 0.24573363363742828 0.9223083257675171
v -0.18029865622520447 0.23984599113464355 0.9019343256950378
v -0.04854723811149597 0.23994876444339752 0.902984619140625
v 0.08429878950119019 0.23893196880817413 0.9022139310836792
v 0.21944864094257355 0.23982656002044678 0.9047026634216309
v 0.36138662695884705 0.24288375675678253 0.9194768071174622
v -0.233162060379982 0.2422194480895996 0.9068052768707275
v -0.09955624490976334 0.2389877587556839 0.9000120759010315
v 0.03197058290243149 0.24175408482551575 0.9040024280548096
v 0.16436879336833954 0.24016113579273224 0.9011040329933167
v 0.3016050159931183 0.24126644432544708 0.8997761011123657
v -0.2852674424648285 0.24417097866535187 0.9015326499938965
v -0.1519269347190857 0.24071462452411652 0.8986923098564148
v -0.0215977244079113 0.24243253469467163 0.9014552235603333
v 0.11112676560878754 0.2404187023639679 0.8998973369598389
v 0.2452480047941208 0.24289943277835846 0.8985556960105896
v -0.3456372320652008 0.24778427183628082 0.9153258204460144
v -0.20493920147418976 0.24217520654201508 0.9008965492248535
v -0.07194102555513382 0.24267183244228363 0.8958390355110168
v 0.05917500704526901 0.24285021424293518 0.89219069480896
v 0.1915493905544281 0.2417001575231552 0.9001628160476685
v 0.33494630455970764 0.2478606104850769 0.9163469076156616
v -0.2563087046146393 0.24613690376281738 0.8983321189880371
v -0.12398955225944519 0.24095883965492249 0.895944356918335
v 0.006166852544993162 0.2452886998653412 0.8968814015388489
v 0.13962671160697937 0.2417735457420349 0.8985570669174194
v 0.2715052664279938 0.24494028091430664 0.895368218421936
v -0.3126937747001648 0.24895022809505463 0.902499794960022
v -0.17466740310192108 0.24481558799743652 0.8903853297233582
v -0.04555092006921768 0.24543581902980804 0.8968336582183838
v 0.08549755811691284 0.24438932538032532 0.889573335647583
v 0.21798159182071686 0.24539858102798462 0.8927844762802124
v 0.3609568476676941 0.24783657491207123 0.9112371206283569
v -0.2280242145061493 0.2470107227563858 0.896538257598877
v -0.09579268842935562 0.24445867538452148 0.8901017308235168
v 0.03445446118712425 0.24632377922534943 0.8891805410385132
v 0.164432093501091 0.24510766565799713 0.8893014788627625
v 0.3013376295566559 0.24733754992485046 0.892865002155304
v -0.2796923816204071 0.25005030632019043 0.8935115933418274
v -0.1468961089849472 0.24580149352550507 0.8860580325126648
v -0.0186068806797266 0.24781322479248047 0.8959858417510986
v 0.11179859191179276 0.24542175233364105 0.8891279697418213
v 0.2462509572505951 0.24815961718559265 0.8906087875366211
v -0.3395966589450836 0.2527344822883606 0.9073798656463623
v -0.19962115585803986 0.24723225831985474 0.8906975984573364
v -0.06861500442028046 0.24783004820346832 0.8899919986724854
v 0.06194531172513962 0.2475365549325943 0.887394368648529
v 0.1914839744567871 0.24727800488471985 0.8904466032981873
v 0.3332187235355377 0.25195249915122986 0.903770923614502
v -0.2515234649181366 0.2512202262878418 0.8909075260162354
v -0.12002306431531906 0.24667945504188538 0.8848310112953186
v 0.009062589146196842 0.2500554323196411 0.8917798399925232
v 0.13977275788784027 0.24718058109283447 0.8863686323165894
v 0.2733752131462097 0.2513349950313568 0.8889980316162109
v -0.3060690462589264 0.2543434798717499 0.8927646279335022
v -0.17052504420280457 0.24900934100151062 0.8848730325698853
v -0.042691007256507874 0.2508101761341095 0.8911651968955994
v 0.08772610872983932 0.24863392114639282 0.8856824636459351
v 0.22038057446479797 0.2508021593093872 0.888037383556366
v 0.36334478855133057 0.25426363945007324 0.9007083773612976
v -0.22383567690849304 0.2513371407985687 0.8890711665153503
v -0.09189937263727188 0.24994894862174988 0.883223831653595
v 0.03696954995393753 0.2512197196483612 0.8859294056892395
v 0.16632641851902008 0.24956665933132172 0.8848965167999268
v 0.30267661809921265 0.2544545829296112 0.8871440291404724
v -0.2751562297344208 0.25532716512680054 0.886702835559845
v -0.14360764622688293 0.2501142621040344 0.8810349106788635
v -0.015446885488927364 0.25345274806022644 0.8906736969947815
v 0.11421502381563187 0.2504369914531708 0.8816543817520142
v 0.2478613406419754 0.25391173362731934 0.885030210018158
v -0.33287927508354187 0.25793734192848206 0.8973262310028076
v -0.19534656405448914 0.252128928899765 0.8837342858314514
v -0.06531370431184769 0.25367945432662964 0.8842356204986572
v 0.06393362581729889 0.2529994547367096 0.8824868202209473
v 0.19353605806827545 0.25258272886276245 0.882608950138092
v 0.33173325657844543 0.2563317120075226 0.8934998512268066
v -0.24677589535713196 0.25599002838134766 0.883066713809967
v -0.11649364978075027 0.2515392005443573 0.8779228329658508
v 0.011693568900227547 0.2558029890060425 0.8863688707351685
v 0.14180077612400055 0.25213301181793213 0.8782598972320557
v 0.275339275598526 0.2572406530380249 0.88332599401474
v -0.29900848865509033 0.2592262327671051 0.8836911916732788
v -0.16666878759860992 0.2545469403266907 0.8783952593803406
v -0.039280395954847336 0.25673621892929077 0.8859497308731079
v 0.0900571271777153 0.25415658950805664 0.87941575050354
v 0.22248436510562897 0.2566424012184143 0.8811681270599365
v -0.36697182059288025 0.25933727622032166 0.8881756067276001
v -0.2195480614900589 0.2565377652645111 0.8835481405258179
v -0.0882742628455162 0.2551049292087555 0.8777060508728027
v 0.039508216083049774 0.2571382224559784 0.8807358145713806
v 0.16784478724002838 0.2546023428440094 0.8768471479415894
v 0.30422067642211914 0.2606622874736786 0.8849207162857056
v -0.26987341046333313 0.26054152846336365 0.8797464370727539
v -0.13976946473121643 0.25519293546676636 0.874047577381134
v -0.012093746103346348 0.25908106565475464 0.8857474327087402
v 0.11646575480699539 0.25526633858680725 0.8753768801689148
v 0.24954324960708618 0.25979945063591003 0.8792427778244019
v -0.3259797692298889 0.26318883895874023 0.8877291679382324
v -0.19082704186439514 0.2571293115615845 0.8772566318511963
v -0.06168181449174881 0.2594972848892212 0.8795426487922668
v 0.06635734438896179 0.25805580615997314 0.8775171041488647
v 0.19563806056976318 0.25759032368659973 0.8763015270233154
v 0.33067652583122253 0.2611241042613983 0.8854827284812927
v -0.24026967585086823 0.2612612247467041 0.8686140179634094
v -0.11264481395483017 0.25704723596572876 0.8725464344024658
v 0.014727187342941761 0.26103511452674866 0.8811821341514587
v 0.14333029091358185 0.257465660572052 0.8713310956954956
v 0.27710747718811035 0.2630264461040497 0.8769543170928955
v -0.2934943735599518 0.2653578519821167 0.8810849189758301
v -0.1624823808670044 0.2596447467803955 0.8717972636222839
v -0.036201465874910355 0.26254597306251526 0.8806991577148438
v 0.09202127158641815 0.25932997465133667 0.8739598989486694
v 0.22382453083992004 0.262253075838089 0.8749732375144958
v -0.35363495349884033 0.26950502395629883 0.8781315088272095
v -0.21615390479564667 0.262185662984848 0.8767684698104858
v -0.08477386832237244 0.26178136467933655 0.8721345663070679
v 0.04201178997755051 0.26321595907211304 0.8746695518493652
v 0.16843155026435852 0.26130151748657227 0.8676856756210327
v 0.3027941882610321 0.26659831404685974 0.8769598007202148
v -0.2652905285358429 0.26750320196151733 0.8773707747459412
v -0.1354958862066269 0.26190853118896484 0.8641666173934937
v -0.009253377094864845 0.26585569977760315 0.8793030381202698
v 0.11712116003036499 0.26269567012786865 0.8671553134918213
v 0.2496512532234192 0.26613330841064453 0.8709140419960022
v -0.31673452258110046 0.2727150022983551 0.8727612495422363
v -0.18683511018753052 0.2660421133041382 0.8695366978645325
v -0.05811323970556259 0.26800525188446045 0.8734694719314575
v 0.06796640157699585 0.26691922545433044 0.8694900274276733
v 0.1958121955394745 0.267438679933548 0.8647798895835876
v 0.32829728722572327 0.2710539996623993 0.873105525970459
